name,coupling,mesh_factor,steps_per_period,dt,periods,variant,start,tolerances,openfoam_build,mean_coupling_iterations,execution_time_s,window,attenuation,attenuation_alt,attenuation_ux,axialMid_amp,axialMid_phase,axialQuarter_amp,axialQuarter_phase,axialThreeQuarter_amp,axialThreeQuarter_phase,flow_amp,flow_phase,k_alt_imag,k_alt_real,k_imag,k_real,pressure,profile,speed,speed_alt,speed_ux,wallMid_amp,wallMid_phase,wallQuarter_amp,wallQuarter_phase,wallThreeQuarter_amp,wallThreeQuarter_phase
iqnils_m1_n100_p12,iqnils,1,100,0.5,12,base,exact initial fields,tutorial,_87ed40d2-20251219 OPENFOAM=2512 version=2512,14.608333333333333,584.38,10-11,-0.015335535406899692,-0.010531739561841613,0.06236684284150229,0.011131699657947358,-0.0008482810229186967,0.007232964866226821,-0.004026386305913698,0.007534402469603352,0.0032604827120906086,0.004929399125011447,0.006049325434298061,-0.020508302606969883,0.14418647447702443,-0.020408736301721315,0.1441221726927887,0.009227943985260306,0.01778054273516324,-0.0009977782990503448,-0.0014432959909407295,0.009244570061714086,-0.00733917186812405,-0.00578040084691267,-0.006330113667765369,-0.0013752738216102694,-0.0023735440530121554,-0.006572395050623659
iqnils_m1_n100_p12,iqnils,1,100,0.5,12,base,exact initial fields,tutorial,_87ed40d2-20251219 OPENFOAM=2512 version=2512,14.608333333333333,584.38,11-12,-0.015334742438602111,-0.010530864039130616,0.062367491393299,0.011131467187320165,-0.0008479947172779466,0.007233188324117457,-0.004025943879342462,0.007533981613216056,0.003260334161450083,0.0049290731327062964,0.00604936271601243,-0.020508320753569845,0.1441864966537599,-0.020408752737249826,0.14412219638717463,0.009227979998674796,0.017780687774522887,-0.0009979425398458641,-0.0014434495748643084,0.009244632886462378,-0.007339294791933293,-0.00578029256767093,-0.0063300837354623996,-0.0013750296166493638,-0.0023737583647412963,-0.006572521432453058
iqnils_m1_n100_p12,iqnils,1,100,0.5,12,base,exact initial fields,tutorial,_87ed40d2-20251219 OPENFOAM=2512 version=2512,14.608333333333333,584.38,2-3,-0.015983661724589315,-0.011211777489031238,0.06357631477351644,0.011122059097321557,-0.0008665121177909175,0.007250710165030538,-0.004034552952440307,0.007516752647784619,0.003219087744048455,0.00488145345334301,0.006052264073541323,-0.020494207739905783,0.14418705563473544,-0.02039530285349243,0.14411946874904225,0.009314510128287013,0.017760054016987974,-0.000979035197694822,-0.0014473207553404865,0.009045806082996766,-0.00724166325349096,-0.005965329082179152,-0.006332206246229877,-0.0015150730651852242,-0.0022450446565875914,-0.006658235835173387
iqnils_m1_n100_p12,iqnils,1,100,0.5,12,base,exact initial fields,tutorial,_87ed40d2-20251219 OPENFOAM=2512 version=2512,14.608333333333333,584.38,3-4,-0.0151576062279416,-0.010350185361881037,0.062049995227937194,0.011129991254096305,-0.0008516443542297285,0.007221136956810703,-0.004027674168841845,0.007541799693068008,0.003266731474682495,0.0049201329541463945,0.006051118886204961,-0.020512065606371914,0.14418501112486296,-0.02041242416680055,0.14412165676448316,0.009198532496178942,0.01777882822678604,-0.0009942020598157075,-0.0014331615109434148,0.009268578885301748,-0.007357881406508726,-0.005725277075426951,-0.006321769162704216,-0.0013407626788500741,-0.0024073815711592728,-0.006541041397949964
iqnils_m1_n100_p12,iqnils,1,100,0.5,12,base,exact initial fields,tutorial,_87ed40d2-20251219 OPENFOAM=2512 version=2512,14.608333333333333,584.38,4-5,-0.015393511324271358,-0.010590301013745362,0.06245522758716571,0.01113222942189096,-0.0008499479251252237,0.007233222063705913,-0.004029581304413992,0.00753442731457743,0.00325937012142607,0.004928604555774596,0.0060498395157643535,-0.020507088827786898,0.14418661894690302,-0.020407534658672302,0.14412202660380385,0.00923820469698435,0.017779117987176997,-0.0009967656625792243,-0.0014442965093443005,0.009233956520072084,-0.007335219174133711,-0.0057978885177327934,-0.006334648529343512,-0.0013875096411959608,-0.002364033313741909,-0.006580828869693035
iqnils_m1_n100_p12,iqnils,1,100,0.5,12,base,exact initial fields,tutorial,_87ed40d2-20251219 OPENFOAM=2512 version=2512,14.608333333333333,584.38,5-6,-0.01532481687091225,-0.010521787212609879,0.06233805220865252,0.01113268162754455,-0.0008496308718404096,0.0072312407604255835,-0.004028183888766565,0.0075370108075834,0.003261540637392423,0.004930457219596507,0.006049393764910519,-0.020508508885228476,0.1441862178619544,-0.02040895846041839,0.14412198854462327,0.009224412395107975,0.017779895833897396,-0.0009965018496462807,-0.0014415188120791012,0.009245046345350616,-0.007338818184476015,-0.005775907180853645,-0.0063288398407289614,-0.0013737300535867486,-0.0023745625046409646,-0.006568409949796469
iqnils_m1_n100_p12,iqnils,1,100,0.5,12,base,exact initial fields,tutorial,_87ed40d2-20251219 OPENFOAM=2512 version=2512,14.608333333333333,584.38,6-7,-0.015342760507908282,-0.010539126761621165,0.062371052009686734,0.011132589588479957,-0.0008494053357429754,0.007232179167771857,-0.004028245029095898,0.007535872922804332,0.003261000178302571,0.004930576640208795,0.006049250318320068,-0.020508149495511382,0.1441864259434669,-0.02040858655001752,0.14412209641369358,0.009228812487769536,0.01777995037874738,-0.000997249559964608,-0.0014429598739386096,0.009243908512109433,-0.007338756847366401,-0.005782225123575925,-0.0063307765647331316,-0.0013770019337511325,-0.002372206724278514,-0.006572781898000486
iqnils_m1_n100_p12,iqnils,1,100,0.5,12,base,exact initial fields,tutorial,_87ed40d2-20251219 OPENFOAM=2512 version=2512,14.608333333333333,584.38,7-8,-0.015336684150835556,-0.010533221763353695,0.06236290398125077,0.011132390056918684,-0.0008491346498747691,0.007232258564148664,-0.0040276662281006365,0.007535722374083953,0.0032609363032031617,0.0049303531548268165,0.0060492337242224175,-0.02050827188598736,0.14418639264507782,-0.020408712492177142,0.14412209295913042,0.009227485759063828,0.017780117325147213,-0.0009972256141694835,-0.0014427292672896108,0.009244344586664122,-0.0073387180530468665,-0.005780276253636127,-0.006330013405540513,-0.0013757907295130277,-0.0023730141248640146,-0.006571684514792639
iqnils_m1_n100_p12,iqnils,1,100,0.5,12,base,exact initial fields,tutorial,_87ed40d2-20251219 OPENFOAM=2512 version=2512,14.608333333333333,584.38,8-9,-0.015337346022642362,-0.010533697537380204,0.062365945988340776,0.01113216311307541,-0.0008488531505858917,0.0072325229175829175,-0.004027278861613979,0.007535231349827809,0.0032607776170468774,0.004930046018408296,0.006049255133608704,-0.020508262024814348,0.1441864332304929,-0.0204086987738318,0.1441221271418092,0.00922794063576094,0.01778025239037109,-0.00099746255621036,-0.0014430103399287741,0.009244435271843932,-0.007338944965448735,-0.005780702002014523,-0.006330213523614958,-0.0013758024567849124,-0.0023730951584617355,-0.006572203302390334
iqnils_m1_n100_p12,iqnils,1,100,0.5,12,base,exact initial fields,tutorial,_87ed40d2-20251219 OPENFOAM=2512 version=2512,14.608333333333333,584.38,9-10,-0.015336196258421864,-0.010532498022370995,0.062365989042437286,0.011131931890336233,-0.0008485671566353081,0.007232738940681438,-0.00402682233564412,0.0075348309373188815,0.0032606300348291067,0.004929724475512209,0.006049288918876366,-0.020508286886669724,0.1441864501862943,-0.020408722604522995,0.1441221475943196,0.009227863129001205,0.017780398433965325,-0.0009976043256061384,-0.0014431277665939435,0.009244493500869533,-0.007339028479302234,-0.005780458065130629,-0.006330115564001315,-0.0013754970834591678,-0.0023733357086938023,-0.006572227537850452
iqnils_m1_n100_p12_of2412,iqnils,1,100,0.5,12,of2412,exact initial fields,tutorial,_f00230df-20250528 OPENFOAM=2412 patch=250528 version=v2412,14.428333333333333,551.07,10-11,-0.015245978667417504,-0.01041504362415524,0.06176641509390102,0.01113299922579003,-0.0008329332715235973,0.007225803300001443,-0.0040217736561859166,0.007537912106378997,0.0032795232200106225,0.004907058056822233,0.006109518520896724,-0.02051072131578427,0.14418686524152288,-0.02041059250751106,0.1441233876689535,0.009234840325879325,0.01778456661634605,-0.0010061999987311943,-0.0014460022049149757,0.009333961273559677,-0.0073841341280317385,-0.005718400828620323,-0.00635948259441832,-0.0013167445940542187,-0.002410106775822096,-0.006531618122198598
iqnils_m1_n100_p12_of2412,iqnils,1,100,0.5,12,of2412,exact initial fields,tutorial,_f00230df-20250528 OPENFOAM=2412 patch=250528 version=v2412,14.428333333333333,551.07,11-12,-0.01524577134570071,-0.010414836098395885,0.061767198753649444,0.011132962449673656,-0.0008328525812740849,0.007225871266230088,-0.004021672907790834,0.007537803316537861,0.0032794726165860156,0.004906814668062864,0.0061095504347927305,-0.020510725617085526,0.1441868689437644,-0.02041059680458321,0.1441233912375585,0.009234852537938156,0.01778468092431169,-0.0010062247345790087,-0.0014460278444763386,0.009333987043044223,-0.007384146268223812,-0.005718399038281007,-0.006359501322272809,-0.0013167153612208932,-0.0024101438994637014,-0.006531658026207009
iqnils_m1_n100_p12_of2412,iqnils,1,100,0.5,12,of2412,exact initial fields,tutorial,_f00230df-20250528 OPENFOAM=2412 patch=250528 version=v2412,14.428333333333333,551.07,2-3,-0.01589639627292483,-0.011094263953059014,0.06299013085795568,0.011122392241009305,-0.0008499466684440611,0.007244781972048253,-0.00402849810948257,0.00751751231643194,0.0032376433352669437,0.004859903729296455,0.0061139055300802134,-0.02049664339474434,0.14418805485760552,-0.020397111568699805,0.14412124950892158,0.009324558090372534,0.017765364054803234,-0.0009913790849341853,-0.0014542407229832799,0.009139136104665768,-0.007291665719420859,-0.005907033447687641,-0.006364592345320941,-0.0014551193344458052,-0.0022835603824293838,-0.006624148026060231
iqnils_m1_n100_p12_of2412,iqnils,1,100,0.5,12,of2412,exact initial fields,tutorial,_f00230df-20250528 OPENFOAM=2412 patch=250528 version=v2412,14.428333333333333,551.07,3-4,-0.015060707212425695,-0.010226365044173291,0.06144532117958801,0.0111300839006645,-0.0008351151267969261,0.007215102291009634,-0.0040205372963082265,0.007543551518031544,0.0032848158895512464,0.004897458936233612,0.006111422416771819,-0.02051463197928752,0.1441854837847924,-0.02041443255293275,0.14412298334559884,0.009204378780772777,0.017783054770586046,-0.001003397416414864,-0.001436434950953025,0.009357073394749227,-0.007402258072919721,-0.005661054978221061,-0.0063493403657375325,-0.0012802228892852257,-0.0024447982039056404,-0.006499813515302099
iqnils_m1_n100_p12_of2412,iqnils,1,100,0.5,12,of2412,exact initial fields,tutorial,_f00230df-20250528 OPENFOAM=2412 patch=250528 version=v2412,14.428333333333333,551.07,4-5,-0.015301021666955572,-0.01046993266764129,0.061855010277799716,0.011132380933027264,-0.000833430287145613,0.0072269692354980375,-0.0040230287239802365,0.007536026624111125,0.0032778613882694886,0.004905795678735725,0.006110053567297175,-0.020509583653103586,0.1441871492398002,-0.020409451653846465,0.1441233873257684,0.009245531243644653,0.017783316121615714,-0.0010061976199376987,-0.0014479690072041196,0.009323973741429237,-0.007381263387055137,-0.005735611502269018,-0.00636401472106618,-0.0013277167069778901,-0.0024017847083255273,-0.006541043382216571
iqnils_m1_n100_p12_of2412,iqnils,1,100,0.5,12,of2412,exact initial fields,tutorial,_f00230df-20250528 OPENFOAM=2412 patch=250528 version=v2412,14.428333333333333,551.07,5-6,-0.015232105608187996,-0.010401603920199287,0.06173676934966599,0.011133009180847031,-0.0008332788204211965,0.007224860818796808,-0.004021850965808225,0.007538992418702151,0.003280058565243014,0.004907709967571394,0.006109600868641037,-0.020510999875013196,0.14418669388228889,-0.020410880048716915,0.14412329807518628,0.00923132424638749,0.017784066168259158,-0.0010055789775698099,-0.001444815469554328,0.009334503724219845,-0.007384196679119159,-0.0057132674520784165,-0.006357835325752514,-0.001314106270760934,-0.002411966853737124,-0.006527964049178762
iqnils_m1_n100_p12_of2412,iqnils,1,100,0.5,12,of2412,exact initial fields,tutorial,_f00230df-20250528 OPENFOAM=2412 patch=250528 version=v2412,14.428333333333333,551.07,6-7,-0.0152508935785306,-0.010419771196515049,0.06177010187298726,0.011133107060121716,-0.0008332392789006702,0.007225636114448042,-0.0040222733959180265,0.007538131353250543,0.0032796527012809887,0.004907905928546841,0.006109461362712041,-0.02051062332933192,0.14418689217016353,-0.020410490638165246,0.14412339328909501,0.00923582400260517,0.01778409774899028,-0.0010062389548396444,-0.0014461886969142634,0.009333489533912553,-0.007384198930574959,-0.005719819649271514,-0.0063599752537017995,-0.0013176116119299097,-0.00240949346097874,-0.006532381480009999
iqnils_m1_n100_p12_of2412,iqnils,1,100,0.5,12,of2412,exact initial fields,tutorial,_f00230df-20250528 OPENFOAM=2412 patch=250528 version=v2412,14.428333333333333,551.07,7-8,-0.015245356548517996,-0.010414516275703889,0.061762054242173736,0.011133103071481854,-0.0008331721203071928,0.007225563945060909,-0.0040220270798901805,0.007538298956975886,0.0032796795273630345,0.0049077654339255705,0.0061094416957699375,-0.020510732245919223,0.14418683796529655,-0.020410605401914205,0.1441233675347273,0.00923444146337557,0.017784234254917312,-0.001006060437968137,-0.0014458133056698408,0.009333835046241745,-0.007383998897484534,-0.005717946089224509,-0.006359223964491401,-0.0013166147952396036,-0.002410103102284511,-0.006531155390492328
iqnils_m1_n100_p12_of2412,iqnils,1,100,0.5,12,of2412,exact initial fields,tutorial,_f00230df-20250528 OPENFOAM=2412 patch=250528 version=v2412,14.428333333333333,551.07,8-9,-0.01524662053811865,-0.010415666727079054,0.06176525132032351,0.011133071263905947,-0.0008330946826301911,0.007225671711429182,-0.0040219831787889505,0.007538116863131661,0.0032796224425735263,0.00490753996615112,0.006109458940074457,-0.020510708400985657,0.144186860985802,-0.020410579203720428,0.1441233824184778,0.009234885118318274,0.017784338481480592,-0.0010061636049651934,-0.001445972732277423,0.009333904129883663,-0.007384132664707721,-0.005718488668915303,-0.006359487245535589,-0.0013168416589098525,-0.0024100145798875428,-0.0065316007516259674
iqnils_m1_n100_p12_of2412,iqnils,1,100,0.5,12,of2412,exact initial fields,tutorial,_f00230df-20250528 OPENFOAM=2412 patch=250528 version=v2412,14.428333333333333,551.07,9-10,-0.015246054596959047,-0.010415135448064827,0.06176543599303885,0.01113303579591407,-0.000833014013474337,0.007225732856330103,-0.004021867800221988,0.007538028785687878,0.0032795722453735684,0.004907300896997535,0.006109487440005533,-0.020510719412587773,0.1441868593466089,-0.02041059093375061,0.1441233826206205,0.009234782265668045,0.017784453249634378,-0.0010061650061208294,-0.0014459613801828253,0.009333920522760053,-0.007384100820411077,-0.005718350586942077,-0.0063594350925624266,-0.0013167524722414157,-0.0024100755205468394,-0.00653153626370609
iqnils_m1_n100_p6_fluidOnly,iqnils,1,100,0.5,6,fluidOnly,exact initial fields,tutorial,_87ed40d2-20251219 OPENFOAM=2512 version=2512,nan,6.21,2-3,-0.01285983324714901,-0.010596632899614433,0.040929522703627264,,,,,,,0.004701087456945974,0.006086542451332056,-0.02050695758938677,0.14396794504341795,-0.02046004916448501,0.14392113156045439,0.005498428052826569,0.017275104527827333,0.0003977119648022054,7.241662748436184e-05,0.005007493892152048,,,,,,
iqnils_m1_n100_p6_fluidOnly,iqnils,1,100,0.5,6,fluidOnly,exact initial fields,tutorial,_87ed40d2-20251219 OPENFOAM=2512 version=2512,nan,6.21,3-4,-0.01285911984415633,-0.010595631037599196,0.040898770577069365,,,,,,,0.0047302992370841235,0.006071452580614467,-0.020506978354569647,0.14396798344040304,-0.020460063950896095,0.14392116977041153,0.005498742916708032,0.017276557735698677,0.00039744636694916124,7.21499031421935e-05,0.005044117955033567,,,,,,
iqnils_m1_n100_p6_fluidOnly,iqnils,1,100,0.5,6,fluidOnly,exact initial fields,tutorial,_87ed40d2-20251219 OPENFOAM=2512 version=2512,nan,6.21,4-5,-0.012858890684083968,-0.010595357137656358,0.040891941625767814,,,,,,,0.004737112116607989,0.006067879007842449,-0.02050698403158137,0.14396798519918685,-0.02046006870060288,0.1439211716744456,0.005498824876393253,0.01727685314792924,0.0003974331319900326,7.213768576841417e-05,0.005052720161978774,,,,,,
iqnils_m1_n100_p6_fluidOnly,iqnils,1,100,0.5,6,fluidOnly,exact initial fields,tutorial,_87ed40d2-20251219 OPENFOAM=2512 version=2512,nan,6.21,5-6,-0.01285885279237664,-0.010595304771820246,0.04089064262844433,,,,,,,0.004738679867429374,0.006067030108864228,-0.020506985116946565,0.14396798407476546,-0.02046006948596875,0.14392117045985958,0.0054988794123984166,0.017276907235610258,0.0003974415745890969,7.214549654999125e-05,0.005054773874798801,,,,,,
iqnils_m1_n100_p6_fluidOnly_pimple10,iqnils,1,100,0.5,6,fluidOnly_pimple10,exact initial fields,tutorial,_87ed40d2-20251219 OPENFOAM=2512 version=2512,nan,21.91,2-3,-0.01232826268230025,-0.010075012104435288,0.0408479769748884,,,,,,,0.004707302264781221,0.0060889800842797315,-0.02051776900956197,0.14396466001830632,-0.02047106680945328,0.1439186279113763,0.005441869567856523,0.017277955511138057,0.0004151151658029484,9.523655427501332e-05,0.005013147675712926,,,,,,
iqnils_m1_n100_p6_fluidOnly_pimple10,iqnils,1,100,0.5,6,fluidOnly_pimple10,exact initial fields,tutorial,_87ed40d2-20251219 OPENFOAM=2512 version=2512,nan,21.91,3-4,-0.01232751855871106,-0.01007398102860535,0.04081735492813365,,,,,,,0.004736417129022064,0.006073943228273539,-0.0205177903802476,0.1439646988969949,-0.02047108223259756,0.1439186666631032,0.005441866130030143,0.017279411687608996,0.0004148457927311,9.496647145934567e-05,0.005049654268073578,,,,,,
iqnils_m1_n100_p6_fluidOnly_pimple10,iqnils,1,100,0.5,6,fluidOnly_pimple10,exact initial fields,tutorial,_87ed40d2-20251219 OPENFOAM=2512 version=2512,nan,21.91,4-5,-0.012327292262075962,-0.010073710409245429,0.04081054890501434,,,,,,,0.004743207715002029,0.00607038479430056,-0.020517795989264023,0.14396470118200858,-0.020471086922955056,0.14391866910025147,0.005441868312965735,0.017279709541274467,0.00041482885150090354,9.495059791087002e-05,0.0050582275459765125,,,,,,
iqnils_m1_n100_p6_fluidOnly_pimple10,iqnils,1,100,0.5,6,fluidOnly_pimple10,exact initial fields,tutorial,_87ed40d2-20251219 OPENFOAM=2512 version=2512,nan,21.91,5-6,-0.012327253349020961,-0.010073656864522995,0.04080925729745455,,,,,,,0.004744770392487219,0.006069537905372102,-0.02051779709906351,0.14396470002487016,-0.020471087729489978,0.14391866785236837,0.005441871576178973,0.017279763045659088,0.0004148375258499204,9.495863632769108e-05,0.00506027396655595,,,,,,
iqnils_m1_n100_p6_fluidOnly_transpiration,iqnils,1,100,0.5,6,fluidOnly_transpiration,exact initial fields,tutorial,_87ed40d2-20251219 OPENFOAM=2512 version=2512,nan,5.08,2-3,-0.012366332639824784,-0.010906016860440682,0.032275097794216334,,,,,,,0.005154939607280751,0.006419407769440084,-0.020500545114986068,0.1436544660779724,-0.020470277749065627,0.14361281907448792,0.005664422699410249,0.017381302980727133,0.002545397021879614,0.002254748128162287,0.0060793498478344254,,,,,,
iqnils_m1_n100_p6_fluidOnly_transpiration,iqnils,1,100,0.5,6,fluidOnly_transpiration,exact initial fields,tutorial,_87ed40d2-20251219 OPENFOAM=2512 version=2512,nan,5.08,3-4,-0.012366286275031113,-0.010905802611303694,0.032258485480773924,,,,,,,0.005170568885908722,0.006411399414475051,-0.020500549555640013,0.14365448556071114,-0.02047027871004968,0.14361283744878955,0.005664419706949898,0.017382120416694333,0.002545268752904173,0.0022546122001587676,0.006098976344192764,,,,,,
iqnils_m1_n100_p6_fluidOnly_transpiration,iqnils,1,100,0.5,6,fluidOnly_transpiration,exact initial fields,tutorial,_87ed40d2-20251219 OPENFOAM=2512 version=2512,nan,5.08,4-5,-0.012366224038336315,-0.010905731191231505,0.03225465889748125,,,,,,,0.00517423058983324,0.0064095096033259516,-0.020500551035934542,0.14365448671067105,-0.020470280000004115,0.14361283869916966,0.005664419344488962,0.01738229591626114,0.002545260024139573,0.002254604177070574,0.0061035573204597515,,,,,,
iqnils_m1_n100_p6_fluidOnly_transpiration,iqnils,1,100,0.5,6,fluidOnly_transpiration,exact initial fields,tutorial,_87ed40d2-20251219 OPENFOAM=2512 version=2512,nan,5.08,5-6,-0.012366209358865232,-0.010905714385611165,0.03225375742856906,,,,,,,0.0051750934379544145,0.006409064274019931,-0.02050055138425774,0.1436544869725712,-0.02047028030425949,0.14361283898523355,0.0056644192753771035,0.01738233725003877,0.002545258027159214,0.0022546023498346557,0.006104636758866633,,,,,,
iqnils_m1_n100_p6_fluidOnly_transpiration_ddtCoeff1,iqnils,1,100,0.5,6,fluidOnly_transpiration_ddtCoeff1,exact initial fields,tutorial,_87ed40d2-20251219 OPENFOAM=2512 version=2512,nan,5.22,2-3,-0.012673935915837209,-0.011135585467496822,0.03252086649138164,,,,,,,0.005201132135588704,0.0064675363012751735,-0.02049578694067082,0.14367226256831872,-0.02046390218218836,0.14363037774432866,0.005672730591884853,0.017396770201301762,0.002422836851091903,0.0021306001776060235,0.006114526218035321,,,,,,
iqnils_m1_n100_p6_fluidOnly_transpiration_ddtCoeff1,iqnils,1,100,0.5,6,fluidOnly_transpiration_ddtCoeff1,exact initial fields,tutorial,_87ed40d2-20251219 OPENFOAM=2512 version=2512,nan,5.22,3-4,-0.012674159039228305,-0.011135654232081627,0.03250423948861636,,,,,,,0.005216843914670921,0.006459484680713123,-0.02049578551541549,0.1436722787110925,-0.02046389755760139,0.14363039237339492,0.005672728941018652,0.017397591944726006,0.0024227347521568188,0.0021304875799099676,0.006134249326962715,,,,,,
iqnils_m1_n100_p6_fluidOnly_transpiration_ddtCoeff1,iqnils,1,100,0.5,6,fluidOnly_transpiration_ddtCoeff1,exact initial fields,tutorial,_87ed40d2-20251219 OPENFOAM=2512 version=2512,nan,5.22,4-5,-0.012674156448907126,-0.011135645919159831,0.03250041387464475,,,,,,,0.005220519099679244,0.006457587435639862,-0.02049578568771401,0.1436722790451186,-0.020463897611289916,0.14363039272573083,0.00567272888177684,0.017397768224013677,0.002422732293140051,0.002130485250040115,0.006138844744753458,,,,,,
iqnils_m1_n100_p6_fluidOnly_transpiration_ddtCoeff1,iqnils,1,100,0.5,6,fluidOnly_transpiration_ddtCoeff1,exact initial fields,tutorial,_87ed40d2-20251219 OPENFOAM=2512 version=2512,nan,5.22,5-6,-0.012674155740127091,-0.011135643909156445,0.03249951414551688,,,,,,,0.00522138357861035,0.006457141158295556,-0.020495785729374525,0.1436722791183421,-0.02046389762598051,0.1436303928038542,0.005672728868287669,0.01739780967168966,0.002422731747902862,0.0021304847392977777,0.00613992564285093,,,,,,
iqnils_m1_n100_p6_fluidOnly_transpiration_endsDirichletU,iqnils,1,100,0.5,6,fluidOnly_transpiration_endsDirichletU,exact initial fields,tutorial,_87ed40d2-20251219 OPENFOAM=2512 version=2512,nan,5.21,2-3,-10.206930413003006,-5.971234994998365,-0.004435139081094386,,,,,,,0.0028520699380052417,-0.0006902446320412351,0.10303674780092337,0.06571969429471743,0.19082826861729435,0.06447085718671812,1.0125051408644292,0.016108315741615288,1.2332318352690583,1.1907948943097395,0.00028659995081525835,,,,,,
iqnils_m1_n100_p6_fluidOnly_transpiration_endsDirichletU,iqnils,1,100,0.5,6,fluidOnly_transpiration_endsDirichletU,exact initial fields,tutorial,_87ed40d2-20251219 OPENFOAM=2512 version=2512,nan,5.21,3-4,-10.32542581396909,-5.999377222679825,-0.0048873686014128115,,,,,,,0.0029258474101692133,-0.0006078582602065707,0.10362004020594709,0.06723721966316772,0.19328427416867056,0.0694908975213859,1.0077405617333008,0.016104308702965017,1.0719025923093648,1.1413492621756136,0.0004652482186331408,,,,,,
iqnils_m1_n100_p6_fluidOnly_transpiration_endsDirichletU,iqnils,1,100,0.5,6,fluidOnly_transpiration_endsDirichletU,exact initial fields,tutorial,_87ed40d2-20251219 OPENFOAM=2512 version=2512,nan,5.21,4-5,-10.565679803386777,-6.051858402499327,-0.0030474175963606243,,,,,,,0.0027793075043371918,-0.0004283492379373435,0.10470779608447578,0.0664943162526128,0.19826392001939022,0.07258514123816631,1.0080174644432767,0.016310830125314042,0.9835791218486734,1.1652733471156855,0.00031589443363055913,,,,,,
iqnils_m1_n100_p6_fluidOnly_transpiration_endsDirichletU,iqnils,1,100,0.5,6,fluidOnly_transpiration_endsDirichletU,exact initial fields,tutorial,_87ed40d2-20251219 OPENFOAM=2512 version=2512,nan,5.21,5-6,-10.563792281038886,-6.046653038441168,-0.0022742545137888204,,,,,,,0.0027683681156953632,-0.00032757195688225423,0.1045999066396573,0.06622783355118211,0.19822479811822802,0.06919507894387066,1.0089280007915211,0.01634865729970457,1.0807602637935503,1.1739858152719833,0.0002539707898889798,,,,,,
iqnils_m1_n100_p6_fluidOnly_transpiration_endsFixedGradient,iqnils,1,100,0.5,6,fluidOnly_transpiration_endsFixedGradient,exact initial fields,tutorial,_87ed40d2-20251219 OPENFOAM=2512 version=2512,nan,4.03,2-3,-0.006975582840382577,-0.003080610268370698,0.06819335520557401,,,,,,,0.007190478401685629,0.00821275266491177,-0.020662739106273552,0.14417344128595708,-0.020582009608070856,0.14415257974049175,0.0068026865289725885,0.017887489210987245,-0.0012085043801610684,-0.0013530270745657491,-0.0032871732587853586,,,,,,
iqnils_m1_n100_p6_fluidOnly_transpiration_endsFixedGradient,iqnils,1,100,0.5,6,fluidOnly_transpiration_endsFixedGradient,exact initial fields,tutorial,_87ed40d2-20251219 OPENFOAM=2512 version=2512,nan,4.03,3-4,-0.006975076325885898,-0.0030802293721076124,0.06812096263836875,,,,,,,0.007256377273488157,0.008178811877055965,-0.020662747000954097,0.1441734024516889,-0.02058202010638898,0.14415253565169028,0.006802829247434974,0.01789069192813281,-0.001208198901525126,-0.0013527580809531425,-0.003206010706037321,,,,,,
iqnils_m1_n100_p6_fluidOnly_transpiration_endsFixedGradient,iqnils,1,100,0.5,6,fluidOnly_transpiration_endsFixedGradient,exact initial fields,tutorial,_87ed40d2-20251219 OPENFOAM=2512 version=2512,nan,4.03,4-5,-0.006974735760123418,-0.0030798323377906334,0.06810383890993066,,,,,,,0.0072718717347253214,0.008170799234142184,-0.02066275523012146,0.14417340661494402,-0.020582027165155788,0.1441525415185126,0.00680286530372119,0.017891416819998892,-0.0012082395510617516,-0.0013527869186101826,-0.003187004661158288,,,,,,
iqnils_m1_n100_p6_fluidOnly_transpiration_endsFixedGradient,iqnils,1,100,0.5,6,fluidOnly_transpiration_endsFixedGradient,exact initial fields,tutorial,_87ed40d2-20251219 OPENFOAM=2512 version=2512,nan,4.03,5-6,-0.006974659750092926,-0.0030797434855803774,0.06809981314996727,,,,,,,0.00727551493531764,0.008168916438775592,-0.020662757071724762,0.1441734073351136,-0.0205820287405845,0.1441525426225186,0.006802873775725526,0.017891586823533787,-0.0012082472004036893,-0.001352791907015205,-0.003182535841354084,,,,,,
iqnils_m1_n100_p6_fluidOnly_transpiration_endsFixedGradient_noDdtCorr,iqnils,1,100,0.5,6,fluidOnly_transpiration_endsFixedGradient_noDdtCorr,exact initial fields,tutorial,_87ed40d2-20251219 OPENFOAM=2512 version=2512,nan,3.85,2-3,-0.006086553044374221,-0.002712444576645323,0.051884269552838536,,,,,,,0.0057593213506301755,0.008076017534878578,-0.020670369925489585,0.14410519390900722,-0.020600436163840392,0.14407748263565945,0.006421456104895879,0.017636335884365847,-0.0006879070718234237,-0.0008800737093727085,0.0020640143705661362,,,,,,
iqnils_m1_n100_p6_fluidOnly_transpiration_endsFixedGradient_noDdtCorr,iqnils,1,100,0.5,6,fluidOnly_transpiration_endsFixedGradient_noDdtCorr,exact initial fields,tutorial,_87ed40d2-20251219 OPENFOAM=2512 version=2512,nan,3.85,3-4,-0.006086650485019218,-0.0027123304337607346,0.05182469411387469,,,,,,,0.005813382237128906,0.008048078847528773,-0.020670372291282317,0.1441052130420183,-0.02060043414422813,0.14407750067098118,0.00642145502475317,0.017638950140059388,-0.0006880321636318909,-0.0008802063636479396,0.00213122376770003,,,,,,
iqnils_m1_n100_p6_fluidOnly_transpiration_endsFixedGradient_noDdtCorr,iqnils,1,100,0.5,6,fluidOnly_transpiration_endsFixedGradient_noDdtCorr,exact initial fields,tutorial,_87ed40d2-20251219 OPENFOAM=2512 version=2512,nan,3.85,4-5,-0.006086638802440536,-0.0027122985666396815,0.05181072584573876,,,,,,,0.005826079373527193,0.0080415041485757,-0.020670372951779058,0.14410521430083267,-0.020600434386368143,0.14407750200862585,0.006421454693664459,0.017639542680693645,-0.0006880414414462965,-0.0008802150913430618,0.0021469889029153144,,,,,,
iqnils_m1_n100_p6_fluidOnly_transpiration_endsFixedGradient_noDdtCorr,iqnils,1,100,0.5,6,fluidOnly_transpiration_endsFixedGradient_noDdtCorr,exact initial fields,tutorial,_87ed40d2-20251219 OPENFOAM=2512 version=2512,nan,3.85,5-6,-0.006086636038176607,-0.0027122911086805424,0.051807440351671286,,,,,,,0.005829066042640552,0.008039957643280112,-0.020670373106357116,0.14410521459207173,-0.020600434443661907,0.1440775023188776,0.006421454621670032,0.017639682056518252,-0.0006880435933316331,-0.0008802171105809498,0.002150697214743369,,,,,,
iqnils_m1_n100_p6_fluidOnly_transpiration_endsZeroGrad,iqnils,1,100,0.5,6,fluidOnly_transpiration_endsZeroGrad,exact initial fields,tutorial,_87ed40d2-20251219 OPENFOAM=2512 version=2512,nan,4.02,2-3,-0.00470503176219883,-0.0014251005211469714,0.03687698718528121,,,,,,,0.006325170176114003,0.006251679256702172,-0.020697052177467787,0.144109545899045,-0.020629070388550417,0.1440864752899864,0.006272094728292348,0.017534445755047867,-0.0007502756473497518,-0.000910246311323859,0.006353428959667173,,,,,,
iqnils_m1_n100_p6_fluidOnly_transpiration_endsZeroGrad,iqnils,1,100,0.5,6,fluidOnly_transpiration_endsZeroGrad,exact initial fields,tutorial,_87ed40d2-20251219 OPENFOAM=2512 version=2512,nan,4.02,3-4,-0.004705101263840605,-0.0014247246711530659,0.03684733437506016,,,,,,,0.006352335805281051,0.006237742659164198,-0.020697059967556383,0.1441096252837191,-0.020629068948018407,0.14408655222523942,0.006272075146034541,0.01753584027587265,-0.0007508091983938758,-0.000910796672996872,0.006387464918294672,,,,,,
iqnils_m1_n100_p6_fluidOnly_transpiration_endsZeroGrad,iqnils,1,100,0.5,6,fluidOnly_transpiration_endsZeroGrad,exact initial fields,tutorial,_87ed40d2-20251219 OPENFOAM=2512 version=2512,nan,4.02,4-5,-0.004705047077274593,-0.0014245792871945273,0.036840381002281264,,,,,,,0.00635870809081629,0.006234458074535193,-0.020697062980870033,0.1441096437318955,-0.020629070071121126,0.14408657034641356,0.006272070377325389,0.01753614750756724,-0.0007509348698464535,-0.0009109245712650704,0.0063954367439984505,,,,,,
iqnils_m1_n100_p6_fluidOnly_transpiration_endsZeroGrad,iqnils,1,100,0.5,6,fluidOnly_transpiration_endsZeroGrad,exact initial fields,tutorial,_87ed40d2-20251219 OPENFOAM=2512 version=2512,nan,4.02,5-6,-0.0047050355605956495,-0.0014245464092627058,0.036838745184488264,,,,,,,0.006360207482798863,0.006233685249012643,-0.020697063662317435,0.14410964800742534,-0.020629070309822604,0.1440865745384303,0.006272069258311183,0.017536219757305235,-0.0007509639417347946,-0.0009109542128277193,0.006397312373938258,,,,,,
iqnils_m1_n100_p6_fluidOnly_transpiration_fluxConsistent,iqnils,1,100,0.5,6,fluidOnly_transpiration_fluxConsistent,exact initial fields,tutorial,_87ed40d2-20251219 OPENFOAM=2512 version=2512,nan,4.89,2-3,-0.004268279731785007,-0.0012544896438956288,0.035826599487306154,,,,,,,0.005781169925128227,0.006094204741360088,-0.020700588359110605,0.14408588255229865,-0.020638122768664124,0.14405822729786844,0.005844571636339122,0.01741914541393173,-0.0005543354440941117,-0.0007461649533622161,0.006595621659952311,,,,,,
iqnils_m1_n100_p6_fluidOnly_transpiration_fluxConsistent,iqnils,1,100,0.5,6,fluidOnly_transpiration_fluxConsistent,exact initial fields,tutorial,_87ed40d2-20251219 OPENFOAM=2512 version=2512,nan,4.89,3-4,-0.004268437645136958,-0.001254481400917551,0.03580100133089825,,,,,,,0.005804741010442482,0.006082116981403703,-0.02070058852995943,0.1440858998884859,-0.02063811949565888,0.14405824319711744,0.005844571860471891,0.017420374769164096,-0.0005544457497256294,-0.0007462851820010385,0.006625112397771193,,,,,,
iqnils_m1_n100_p6_fluidOnly_transpiration_fluxConsistent,iqnils,1,100,0.5,6,fluidOnly_transpiration_fluxConsistent,exact initial fields,tutorial,_87ed40d2-20251219 OPENFOAM=2512 version=2512,nan,4.89,4-5,-0.0042684289033193545,-0.001254462961477576,0.035795042617072115,,,,,,,0.005810265526317471,0.006079270357282348,-0.020700588912146135,0.14408590072746263,-0.020638119676846943,0.14405824405508338,0.005844572197784984,0.017420645202306986,-0.0005544517021114359,-0.0007462910004093493,0.006632006110679267,,,,,,
iqnils_m1_n100_p6_fluidOnly_transpiration_fluxConsistent,iqnils,1,100,0.5,6,fluidOnly_transpiration_fluxConsistent,exact initial fields,tutorial,_87ed40d2-20251219 OPENFOAM=2512 version=2512,nan,4.89,5-6,-0.004268426889533994,-0.0012544586527132306,0.03579364062920187,,,,,,,0.005811565216810921,0.006078600665819365,-0.020700589001452125,0.1440859009183177,-0.020638119718585847,0.14405824425045718,0.0058445722905284955,0.017420708716645875,-0.0005544530575735118,-0.0007462923240130204,0.0066336279209984195,,,,,,
iqnils_m1_n100_p6_fluidOnly_transpiration_fluxConsistent2,iqnils,1,100,0.5,6,fluidOnly_transpiration_fluxConsistent2,exact initial fields,tutorial,_87ed40d2-20251219 OPENFOAM=2512 version=2512,nan,5.17,2-3,-0.004272724409059014,-0.0014037590396499544,0.036151396422301696,,,,,,,0.005807269572069007,0.006090330739780552,-0.020697494513597325,0.14403734542638222,-0.020638030645662133,0.14400976658927395,0.005887339064026629,0.01743038247134297,-0.0002180121081623021,-0.0004094404110530636,0.006658869455019145,,,,,,
iqnils_m1_n100_p6_fluidOnly_transpiration_fluxConsistent2,iqnils,1,100,0.5,6,fluidOnly_transpiration_fluxConsistent2,exact initial fields,tutorial,_87ed40d2-20251219 OPENFOAM=2512 version=2512,nan,5.17,3-4,-0.004272813710000656,-0.0014036683976887954,0.03612488768372213,,,,,,,0.005831712051857396,0.006077794450736524,-0.02069749639229606,0.1440373655492922,-0.02063802879475816,0.14400978554781182,0.00588733964493766,0.01743165857348781,-0.00021814372702844143,-0.0004095800600306676,0.006689448142406462,,,,,,
iqnils_m1_n100_p6_fluidOnly_transpiration_fluxConsistent2,iqnils,1,100,0.5,6,fluidOnly_transpiration_fluxConsistent2,exact initial fields,tutorial,_87ed40d2-20251219 OPENFOAM=2512 version=2512,nan,5.17,4-5,-0.004272806935254891,-0.0014036522897569181,0.036118709700362794,,,,,,,0.005837440027510077,0.006074843534387875,-0.020697496726158553,0.1440373662134016,-0.020638028935175537,0.14400978622532196,0.005887339728782436,0.017431939322546983,-0.0002181484306139625,-0.0004095846688166871,0.006696595976584341,,,,,,
iqnils_m1_n100_p6_fluidOnly_transpiration_fluxConsistent2,iqnils,1,100,0.5,6,fluidOnly_transpiration_fluxConsistent2,exact initial fields,tutorial,_87ed40d2-20251219 OPENFOAM=2512 version=2512,nan,5.17,5-6,-0.004272805869176999,-0.0014036491641424842,0.036117256416042354,,,,,,,0.005838787218817032,0.006074149503842881,-0.02069749679094188,0.14403736632850506,-0.020638028957271695,0.1440097863412471,0.005887339747613722,0.01743200523964458,-0.00021814923541929598,-0.0004095854676116062,0.006698277173016631,,,,,,
iqnils_m1_n100_p6_fluidOnly_transpiration_lsS4f,iqnils,1,100,0.5,6,fluidOnly_transpiration_lsS4f,exact initial fields,tutorial,_87ed40d2-20251219 OPENFOAM=2512 version=2512,nan,4.74,2-3,-0.012103323359503038,-0.010679512946416336,0.03083186549258854,,,,,,,0.005161451983521914,0.006182487771001017,-0.020505239768666438,0.14365409350135194,-0.02047572903449331,0.1436142351610372,0.005664454834121185,0.01738650206740137,0.002535511573893423,0.0022573475437290824,0.0059149038215198235,,,,,,
iqnils_m1_n100_p6_fluidOnly_transpiration_lsS4f,iqnils,1,100,0.5,6,fluidOnly_transpiration_lsS4f,exact initial fields,tutorial,_87ed40d2-20251219 OPENFOAM=2512 version=2512,nan,4.74,3-4,-0.012103287959923659,-0.01067933116421882,0.03081954656083563,,,,,,,0.005173077136624515,0.006176554042546115,-0.02050524353639145,0.14365411062044922,-0.020475729768205865,0.14361425106313355,0.005664452629236615,0.01738713741017271,0.002535400565297996,0.0022572281058588217,0.005929518529876443,,,,,,
iqnils_m1_n100_p6_fluidOnly_transpiration_lsS4f,iqnils,1,100,0.5,6,fluidOnly_transpiration_lsS4f,exact initial fields,tutorial,_87ed40d2-20251219 OPENFOAM=2512 version=2512,nan,4.74,4-5,-0.012103239921599451,-0.010679277517904429,0.030816716639807895,,,,,,,0.005175795715268272,0.006175152587266403,-0.020505244648296596,0.1436541113103583,-0.020475730763876498,0.14361425181638168,0.005664452445206385,0.017387268449151085,0.002535395307059929,0.0022572232924473745,0.005932918898372552,,,,,,
iqnils_m1_n100_p6_fluidOnly_transpiration_lsS4f,iqnils,1,100,0.5,6,fluidOnly_transpiration_lsS4f,exact initial fields,tutorial,_87ed40d2-20251219 OPENFOAM=2512 version=2512,nan,4.74,5-6,-0.012103228597644677,-0.010679264916830356,0.030816049789696542,,,,,,,0.00517643638974441,0.006174822286748477,-0.020505244909473887,0.14365411146245544,-0.020475730998583463,0.14361425198440114,0.005664452400248693,0.01738729930272897,0.002535394134157709,0.002257222231283995,0.005933720199842618,,,,,,
iqnils_m1_n100_p6_fluidOnly_transpiration_noDdtCorr,iqnils,1,100,0.5,6,fluidOnly_transpiration_noDdtCorr,exact initial fields,tutorial,_87ed40d2-20251219 OPENFOAM=2512 version=2512,nan,4.66,2-3,-0.010874371409536066,-0.010068966779031463,0.030969784906515585,,,,,,,0.004560914578307429,0.00592702735559338,-0.020517894308540924,0.14348766174837002,-0.020501201017261293,0.14344682231118736,0.00542931998195207,0.01722518628621628,0.0037055432578587677,0.003419868733761655,0.0054120925146612375,,,,,,
iqnils_m1_n100_p6_fluidOnly_transpiration_noDdtCorr,iqnils,1,100,0.5,6,fluidOnly_transpiration_noDdtCorr,exact initial fields,tutorial,_87ed40d2-20251219 OPENFOAM=2512 version=2512,nan,4.66,3-4,-0.01087460055518874,-0.010069053917816873,0.030961599924340444,,,,,,,0.004568501138115355,0.005923179163458892,-0.020517892502451077,0.14348767718908115,-0.02050119626785338,0.14344683619165147,0.00542931809946398,0.017225605100100096,0.0037054461354744106,0.003419760755734469,0.005421635180851148,,,,,,
iqnils_m1_n100_p6_fluidOnly_transpiration_noDdtCorr,iqnils,1,100,0.5,6,fluidOnly_transpiration_noDdtCorr,exact initial fields,tutorial,_87ed40d2-20251219 OPENFOAM=2512 version=2512,nan,4.66,4-5,-0.010874599516037753,-0.010069050026970228,0.030959767363559987,,,,,,,0.004570262968357719,0.005922270275602326,-0.020517892583095058,0.1434876773613188,-0.020501196289391437,0.14344683637130418,0.005429318088413336,0.017225689810399618,0.003705444878434383,0.0034197595512641676,0.005423836555232597,,,,,,
iqnils_m1_n100_p6_fluidOnly_transpiration_noDdtCorr,iqnils,1,100,0.5,6,fluidOnly_transpiration_noDdtCorr,exact initial fields,tutorial,_87ed40d2-20251219 OPENFOAM=2512 version=2512,nan,4.66,5-6,-0.01087459916338851,-0.010069049051880663,0.03095933652251981,,,,,,,0.004570677379630794,0.00592205648132451,-0.02051789260330534,0.14348767739605894,-0.020501196296700653,0.14344683640841493,0.005429318088413192,0.017225709739254292,0.0037054446187685386,0.003419759308323611,0.00542435432371513,,,,,,
iqnils_m1_n100_p6_fluidOnly_transpiration_rigid,iqnils,1,100,0.5,6,fluidOnly_transpiration_rigid,exact initial fields,tutorial,_87ed40d2-20251219 OPENFOAM=2512 version=2512,nan,4.39,2-3,0.5841820308700749,1.2121579149863915,-1.0044024701079686,,,,,,,-0.2039601657836636,0.07290794346100275,-0.04585048934753571,0.15847911909593804,-0.03283469088661905,0.1669515732949277,0.46313118145015225,0.20054768217189903,-0.1376039897382736,-0.09149942567951752,-8722.798416857386,,,,,,
iqnils_m1_n100_p6_fluidOnly_transpiration_rigid,iqnils,1,100,0.5,6,fluidOnly_transpiration_rigid,exact initial fields,tutorial,_87ed40d2-20251219 OPENFOAM=2512 version=2512,nan,4.39,3-4,0.5841664669721549,1.2121596842066182,-1.0044596630262819,,,,,,,-0.20395273454337726,0.07290212321337707,-0.04585052601743736,0.15847988585185016,-0.03283436830009349,0.16695240052581178,0.46313717836513413,0.20053380370869558,-0.13760826281617922,-0.09150382117856004,-8418.869094479445,,,,,,
iqnils_m1_n100_p6_fluidOnly_transpiration_rigid,iqnils,1,100,0.5,6,fluidOnly_transpiration_rigid,exact initial fields,tutorial,_87ed40d2-20251219 OPENFOAM=2512 version=2512,nan,4.39,4-5,0.5841664500419708,1.212159701681002,-1.004459734263042,,,,,,,-0.2039509468466859,0.0729007575658724,-0.04585052637962174,0.1584798874565542,-0.03283436794918851,0.16695240231697067,0.46313718859767306,0.20053123427032124,-0.13760827206840087,-0.09150383037762944,-8418.356733418175,,,,,,
iqnils_m1_n100_p6_fluidOnly_transpiration_rigid,iqnils,1,100,0.5,6,fluidOnly_transpiration_rigid,exact initial fields,tutorial,_87ed40d2-20251219 OPENFOAM=2512 version=2512,nan,4.39,5-6,0.5841664517020033,1.212159705276029,-1.0044597305500687,,,,,,,-0.20395052587907603,0.07290043599323666,-0.045850526454134385,0.1584798875604093,-0.03283436798359532,0.16695240244338114,0.46313718884273464,0.20053063022811962,-0.13760827272137344,-0.09150383097298542,-8418.341123690898,,,,,,
iqnils_m1_n12800_p6_fluidOnly_transpiration_fluxConsistent,iqnils,1,12800,0.00390625,6,fluidOnly_transpiration_fluxConsistent,exact initial fields,tutorial,_87ed40d2-20251219 OPENFOAM=2512 version=2512,nan,533.83,2-3,-0.003966935243992498,-0.0005803709569691673,0.03588853943016712,,,,,,,0.006726181013523069,0.006306715419428547,-0.020714560540510723,0.14410971434891431,-0.020644368612206244,0.14408292950870055,0.0061762676021664175,0.017538925260439108,-0.0007256848024482787,-0.0009114141475047299,0.0074770210221042355,,,,,,
iqnils_m1_n12800_p6_fluidOnly_transpiration_fluxConsistent,iqnils,1,12800,0.00390625,6,fluidOnly_transpiration_fluxConsistent,exact initial fields,tutorial,_87ed40d2-20251219 OPENFOAM=2512 version=2512,nan,533.83,3-4,-0.003971435949520652,-0.0005852041315076439,0.035876230362709594,,,,,,,0.006737466970548889,0.006301416125034337,-0.02071446036528535,0.14411014650846887,-0.02064427532792962,0.14408328457691028,0.006178103939516432,0.017539534361086927,-0.0007281473403003558,-0.0009144102285488787,0.007490857222020031,,,,,,
iqnils_m1_n12800_p6_fluidOnly_transpiration_fluxConsistent,iqnils,1,12800,0.00390625,6,fluidOnly_transpiration_fluxConsistent,exact initial fields,tutorial,_87ed40d2-20251219 OPENFOAM=2512 version=2512,nan,533.83,4-5,-0.003971387653846414,-0.0005851435452141063,0.0358734178921396,,,,,,,0.006740105384840378,0.006300164718886177,-0.020714461621032597,0.1441101500699697,-0.020644276328934244,0.14408328818708904,0.006178127150899922,0.01753965892099988,-0.0007281723782494032,-0.0009144349196905655,0.007494076976081843,,,,,,
iqnils_m1_n12800_p6_fluidOnly_transpiration_fluxConsistent,iqnils,1,12800,0.00390625,6,fluidOnly_transpiration_fluxConsistent,exact initial fields,tutorial,_87ed40d2-20251219 OPENFOAM=2512 version=2512,nan,533.83,5-6,-0.003971384231091446,-0.0005851389282296449,0.03587275371657306,,,,,,,0.006740724255993147,0.006299868057574439,-0.020714461716726938,0.14411015032918467,-0.02064427639987628,0.14408328831986347,0.006178134333298784,0.01753968873927551,-0.0007281732990900291,-0.0009144367167739365,0.007494836415293138,,,,,,
iqnils_m1_n12800_p6_fluidOnly_transpiration_fluxConsistent2,iqnils,1,12800,0.00390625,6,fluidOnly_transpiration_fluxConsistent2,exact initial fields,tutorial,_87ed40d2-20251219 OPENFOAM=2512 version=2512,nan,544.05,2-3,-0.003966736765453005,-0.0005802394611456041,0.035894193918572626,,,,,,,0.006726344545259,0.006306543958138897,-0.0207145632659707,0.14410971186073623,-0.02064437272598949,0.1440829277780952,0.006176176561147096,0.017538935192112904,-0.00072567279998903,-0.0009113968973812892,0.007477604509018576,,,,,,
iqnils_m1_n12800_p6_fluidOnly_transpiration_fluxConsistent2,iqnils,1,12800,0.00390625,6,fluidOnly_transpiration_fluxConsistent2,exact initial fields,tutorial,_87ed40d2-20251219 OPENFOAM=2512 version=2512,nan,544.05,3-4,-0.003971225045278137,-0.0005850606084898402,0.03588188445851537,,,,,,,0.006737631614429862,0.00630124380940194,-0.020714463340028046,0.14411014323873766,-0.02064427969925531,0.14408328218678895,0.00617800952967786,0.017539544481828855,-0.00072813076390843,-0.0009143875601838047,0.007491442227998579,,,,,,
iqnils_m1_n12800_p6_fluidOnly_transpiration_fluxConsistent2,iqnils,1,12800,0.00390625,6,fluidOnly_transpiration_fluxConsistent2,exact initial fields,tutorial,_87ed40d2-20251219 OPENFOAM=2512 version=2512,nan,544.05,4-5,-0.003971176363841478,-0.0005849993893078942,0.0358790718525015,,,,,,,0.006740270210685129,0.006299991845123766,-0.02071446460889291,0.14411014686597984,-0.020644280708255473,0.14408328586366415,0.006178033111602199,0.017539669032549297,-0.0007281562644231299,-0.0009144127070978003,0.007494662414827324,,,,,,
iqnils_m1_n12800_p6_fluidOnly_transpiration_fluxConsistent2,iqnils,1,12800,0.00390625,6,fluidOnly_transpiration_fluxConsistent2,exact initial fields,tutorial,_87ed40d2-20251219 OPENFOAM=2512 version=2512,nan,544.05,5-6,-0.003971173571283515,-0.0005849950692613515,0.03587840742109716,,,,,,,0.00674088924182259,0.006299694991914854,-0.02071446469843274,0.1441101471872337,-0.020644280766135677,0.1440832860559895,0.006178040714915583,0.017539698837401266,-0.000728157598271828,-0.0009144149342837915,0.007495422006829511,,,,,,
iqnils_m1_n12800_p6_fluidOnly_transpiration_fluxConsistent2_ddtCoeff1,iqnils,1,12800,0.00390625,6,fluidOnly_transpiration_fluxConsistent2_ddtCoeff1,exact initial fields,tutorial,_87ed40d2-20251219 OPENFOAM=2512 version=2512,nan,531.59,2-3,-0.003942292359546573,-0.0005574164925349345,0.03607867285852029,,,,,,,0.0067190484853638655,0.006302577539846091,-0.020715036308275713,0.14410685012426655,-0.020644879375159977,0.14408034420578364,0.006175928512246591,0.017521982390052475,-0.0007077543427723709,-0.0008915565616200993,0.007504922122860025,,,,,,
iqnils_m1_n12800_p6_fluidOnly_transpiration_fluxConsistent2_ddtCoeff1,iqnils,1,12800,0.00390625,6,fluidOnly_transpiration_fluxConsistent2_ddtCoeff1,exact initial fields,tutorial,_87ed40d2-20251219 OPENFOAM=2512 version=2512,nan,531.59,3-4,-0.003942485737948864,-0.0005574517271840218,0.0360664560994568,,,,,,,0.006730319561771614,0.006297260032348179,-0.0207150355779816,0.14410686634820183,-0.020644875367085185,0.14408035885407605,0.006176180686102204,0.017522587669826905,-0.0007078559383343341,-0.0008916690439128017,0.0075187720234173305,,,,,,
iqnils_m1_n12800_p6_fluidOnly_transpiration_fluxConsistent2_ddtCoeff1,iqnils,1,12800,0.00390625,6,fluidOnly_transpiration_fluxConsistent2_ddtCoeff1,exact initial fields,tutorial,_87ed40d2-20251219 OPENFOAM=2512 version=2512,nan,531.59,4-5,-0.003942484104070276,-0.0005574459302364332,0.03606366939980843,,,,,,,0.006732952513379464,0.00629600540832516,-0.020715035698132555,0.14410686658974176,-0.020644875400949916,0.14408035910836112,0.006176186344190675,0.017522713584911483,-0.0007078577019686838,-0.0008916707185350203,0.007521986305637274,,,,,,
iqnils_m1_n12800_p6_fluidOnly_transpiration_fluxConsistent2_ddtCoeff1,iqnils,1,12800,0.00390625,6,fluidOnly_transpiration_fluxConsistent2_ddtCoeff1,exact initial fields,tutorial,_87ed40d2-20251219 OPENFOAM=2512 version=2512,nan,531.59,5-6,-0.003942483638284311,-0.0005574445370538639,0.036063014085282674,,,,,,,0.006733571900426227,0.0062957102591677154,-0.020715035727008477,0.1441068666415941,-0.02064487541060407,0.14408035916384163,0.0061761875868805854,0.01752274318156267,-0.0007078580867625472,-0.0008916710780328962,0.007522742410056793,,,,,,
iqnils_m1_n12800_p6_fluidOnly_transpiration_fluxConsistent2_pimple10,iqnils,1,12800,0.00390625,6,fluidOnly_transpiration_fluxConsistent2_pimple10,exact initial fields,tutorial,_87ed40d2-20251219 OPENFOAM=2512 version=2512,nan,2078.79,2-3,-0.003966737280778232,-0.0005802401146154379,0.03589419711831221,,,,,,,0.006726344843514198,0.00630654407802331,-0.020714563252426498,0.14410971190383573,-0.020644372715308553,0.1440829278201334,0.006176176825556077,0.01753893579220746,-0.0007256730915412568,-0.0009113971961828282,0.007477604886015232,,,,,,
iqnils_m1_n12800_p6_fluidOnly_transpiration_fluxConsistent2_pimple10,iqnils,1,12800,0.00390625,6,fluidOnly_transpiration_fluxConsistent2_pimple10,exact initial fields,tutorial,_87ed40d2-20251219 OPENFOAM=2512 version=2512,nan,2078.79,3-4,-0.003971225556197666,-0.0005850612592483984,0.03588188761075073,,,,,,,0.006737631914400799,0.006301243928326368,-0.02071446332654004,0.14411014328144023,-0.020644279688665692,0.1440832822284999,0.006178009803072516,0.01753954507216966,-0.0007281310531894736,-0.0009143878562317687,0.007491442607553411,,,,,,
iqnils_m1_n12800_p6_fluidOnly_transpiration_fluxConsistent2_pimple10,iqnils,1,12800,0.00390625,6,fluidOnly_transpiration_fluxConsistent2_pimple10,exact initial fields,tutorial,_87ed40d2-20251219 OPENFOAM=2512 version=2512,nan,2078.79,4-5,-0.003971176881601868,-0.0005850000544672662,0.035879075081318046,,,,,,,0.00674027051092807,0.006299991963578925,-0.020714464595106424,0.14411014690902044,-0.020644280697524067,0.1440832859056592,0.006178033390257932,0.017539669622889505,-0.0007281565556745973,-0.000914413005489334,0.00749466278808697,,,,,,
iqnils_m1_n12800_p6_fluidOnly_transpiration_fluxConsistent2_pimple10,iqnils,1,12800,0.00390625,6,fluidOnly_transpiration_fluxConsistent2_pimple10,exact initial fields,tutorial,_87ed40d2-20251219 OPENFOAM=2512 version=2512,nan,2078.79,5-6,-0.003971174102909036,-0.000584995746928274,0.0358784105862735,,,,,,,0.006740889542234951,0.006299695110220039,-0.020714464684387018,0.14411014723023113,-0.020644280755116894,0.14408328609803767,0.0061780409909089635,0.017539699441871885,-0.0007281578898916674,-0.0009144152323760091,0.007495422376528227,,,,,,
iqnils_m1_n12800_p6_fluidOnly_transpiration_fluxConsistent_ddtCoeff1,iqnils,1,12800,0.00390625,6,fluidOnly_transpiration_fluxConsistent_ddtCoeff1,exact initial fields,tutorial,_87ed40d2-20251219 OPENFOAM=2512 version=2512,nan,551.1,2-3,-0.003942452331792801,-0.0005575187888345878,0.03607290168632438,,,,,,,0.006718920524662719,0.006302751205764845,-0.02071503418802229,0.1441068526059684,-0.020644876059480875,0.14408034578509796,0.006175993174639262,0.01752197760867796,-0.0007077652963590753,-0.000891573767528242,0.007504371095903739,,,,,,
iqnils_m1_n12800_p6_fluidOnly_transpiration_fluxConsistent_ddtCoeff1,iqnils,1,12800,0.00390625,6,fluidOnly_transpiration_fluxConsistent_ddtCoeff1,exact initial fields,tutorial,_87ed40d2-20251219 OPENFOAM=2512 version=2512,nan,551.1,3-4,-0.0039426457298966655,-0.0005575540537909873,0.03606068660618145,,,,,,,0.006730190094409005,0.006297434413248701,-0.020715033457100008,0.14410686883072882,-0.020644872050997735,0.14408036043417607,0.006176245337739279,0.017522582802450542,-0.0007078668973681257,-0.0008916862555379268,0.007518219143234139,,,,,,
iqnils_m1_n12800_p6_fluidOnly_transpiration_fluxConsistent_ddtCoeff1,iqnils,1,12800,0.00390625,6,fluidOnly_transpiration_fluxConsistent_ddtCoeff1,exact initial fields,tutorial,_87ed40d2-20251219 OPENFOAM=2512 version=2512,nan,551.1,4-5,-0.003942644113594906,-0.0005575482763343631,0.03605790036933931,,,,,,,0.006732822691580154,0.0062961799573787855,-0.02071503357684698,0.1441068690725908,-0.02064487208449816,0.14408036068881158,0.006176251003547128,0.017522708698764104,-0.0007078686634329756,-0.000891687932392804,0.00752143299415553,,,,,,
iqnils_m1_n12800_p6_fluidOnly_transpiration_fluxConsistent_ddtCoeff1,iqnils,1,12800,0.00390625,6,fluidOnly_transpiration_fluxConsistent_ddtCoeff1,exact initial fields,tutorial,_87ed40d2-20251219 OPENFOAM=2512 version=2512,nan,551.1,5-6,-0.003942643656546618,-0.0005575468886330759,0.036057244987190984,,,,,,,0.0067334419952194136,0.006295884847809178,-0.020715033605609296,0.14410686912386023,-0.02064487209397121,0.14408036074367556,0.006176252263642651,0.01752273831286982,-0.000707869043950704,-0.000891688287849246,0.007522188997744372,,,,,,
iqnils_m1_n12800_p6_fluidOnly_transpiration_fluxConsistent_pimple10,iqnils,1,12800,0.00390625,6,fluidOnly_transpiration_fluxConsistent_pimple10,exact initial fields,tutorial,_87ed40d2-20251219 OPENFOAM=2512 version=2512,nan,2099.42,2-3,-0.003966945960882096,-0.0005803882905769386,0.03588851612155897,,,,,,,0.00672617850850088,0.0063067144224653055,-0.020714560181244148,0.14410971293639582,-0.02064436839008167,0.1440829280342497,0.006176273010751407,0.017538924337258243,-0.0007256745765258366,-0.0009114043547497896,0.00747701880799756,,,,,,
iqnils_m1_n12800_p6_fluidOnly_transpiration_fluxConsistent_pimple10,iqnils,1,12800,0.00390625,6,fluidOnly_transpiration_fluxConsistent_pimple10,exact initial fields,tutorial,_87ed40d2-20251219 OPENFOAM=2512 version=2512,nan,2099.42,3-4,-0.003971446714679305,-0.0005852215109921621,0.03587620707066108,,,,,,,0.00673746441638623,0.006301415149651897,-0.02071446000506791,0.144110145101658,-0.020644275104804596,0.14408328310711518,0.006178109386222134,0.01753953343425933,-0.0007281371467177111,-0.0009144004754224611,0.0074908549543912795,,,,,,
iqnils_m1_n12800_p6_fluidOnly_transpiration_fluxConsistent_pimple10,iqnils,1,12800,0.00390625,6,fluidOnly_transpiration_fluxConsistent_pimple10,exact initial fields,tutorial,_87ed40d2-20251219 OPENFOAM=2512 version=2512,nan,2099.42,4-5,-0.0039713984024419835,-0.0005851609079046138,0.03587339451096061,,,,,,,0.006740102819765559,0.00630016374768516,-0.020714461261163233,0.1441101486623914,-0.020644276106152513,0.14408328671655793,0.006178132580198778,0.01753965799349063,-0.0007281621795626192,-0.0009144251612444032,0.007494074687664831,,,,,,
iqnils_m1_n12800_p6_fluidOnly_transpiration_fluxConsistent_pimple10,iqnils,1,12800,0.00390625,6,fluidOnly_transpiration_fluxConsistent_pimple10,exact initial fields,tutorial,_87ed40d2-20251219 OPENFOAM=2512 version=2512,nan,2099.42,5-6,-0.003971394924992211,-0.0005851562332145344,0.03587273027339788,,,,,,,0.006740721688543561,0.006299867087317858,-0.020714461358053618,0.14411014892082505,-0.02064427617822819,0.14408328684872843,0.006178139733703452,0.017539687818800078,-0.0007281630962148178,-0.000914426952910774,0.00749483412683194,,,,,,
iqnils_m1_n1600_p6_fluidOnly,iqnils,1,1600,0.03125,6,fluidOnly,exact initial fields,tutorial,_87ed40d2-20251219 OPENFOAM=2512 version=2512,nan,87.4,2-3,-0.004736968016009868,-0.0012645079239607115,0.03879450095088188,,,,,,,0.0059623278825993165,0.006175083293903696,-0.020700380714330686,0.14410720403732483,-0.02062840845892268,0.14407629013216122,0.006400028849877,0.017385569882831953,-0.0006796358762954924,-0.000894010273265744,0.007350130995999349,,,,,,
iqnils_m1_n1600_p6_fluidOnly,iqnils,1,1600,0.03125,6,fluidOnly,exact initial fields,tutorial,_87ed40d2-20251219 OPENFOAM=2512 version=2512,nan,87.4,3-4,-0.004736985326573295,-0.0012641430009383559,0.038768870947882395,,,,,,,0.005986401816618914,0.00616365055146082,-0.020700388277940424,0.14410716457031816,-0.020628408100133735,0.1440762589557946,0.006400349555384926,0.017386891739876287,-0.000679419635408296,-0.0008937366454910833,0.007379637835239761,,,,,,
iqnils_m1_n1600_p6_fluidOnly,iqnils,1,1600,0.03125,6,fluidOnly,exact initial fields,tutorial,_87ed40d2-20251219 OPENFOAM=2512 version=2512,nan,87.4,4-5,-0.004736015147026595,-0.001262601952524145,0.03876320161445612,,,,,,,0.005992014641751364,0.006160965927194272,-0.020700420218618537,0.14410717248119537,-0.020628428208647086,0.14407628626662133,0.006400763597647298,0.01738717616006245,-0.0006796090647164243,-0.0008937914922195755,0.007386545507336306,,,,,,
iqnils_m1_n1600_p6_fluidOnly,iqnils,1,1600,0.03125,6,fluidOnly,exact initial fields,tutorial,_87ed40d2-20251219 OPENFOAM=2512 version=2512,nan,87.4,5-6,-0.004735739970138209,-0.0012621349225453438,0.03876206375409064,,,,,,,0.005993301547141616,0.006160332162395892,-0.020700429898557263,0.14410717620324032,-0.020628433912125533,0.14407629595608654,0.00640092958973566,0.01738723092341252,-0.0006796762713314752,-0.0008938172974453096,0.007388188095508452,,,,,,
iqnils_m1_n1600_p6_fluidOnly_pimple10,iqnils,1,1600,0.03125,6,fluidOnly_pimple10,exact initial fields,tutorial,_87ed40d2-20251219 OPENFOAM=2512 version=2512,nan,314.22,2-3,-0.004731426845373976,-0.0012591469674133604,0.03879422240333086,,,,,,,0.0059624120751125,0.006175099561790197,-0.02070049182867718,0.14410714490328919,-0.020628523308492637,0.14407623828446364,0.0063994256558888175,0.017385592386248518,-0.0006792762579389544,-0.0008936002924195829,0.007350242603038071,,,,,,
iqnils_m1_n1600_p6_fluidOnly_pimple10,iqnils,1,1600,0.03125,6,fluidOnly_pimple10,exact initial fields,tutorial,_87ed40d2-20251219 OPENFOAM=2512 version=2512,nan,314.22,3-4,-0.004731409130662834,-0.0012587385342460733,0.03876860069411636,,,,,,,0.005986478410642926,0.006163670480779219,-0.02070050029410384,0.14410710864566345,-0.020628523675658185,0.14407621038794746,0.006399762186130574,0.017386913887389523,-0.0006790827661288246,-0.000893348915327552,0.007379740331650675,,,,,,
iqnils_m1_n1600_p6_fluidOnly_pimple10,iqnils,1,1600,0.03125,6,fluidOnly_pimple10,exact initial fields,tutorial,_87ed40d2-20251219 OPENFOAM=2512 version=2512,nan,314.22,4-5,-0.004730427206544818,-0.0012571865824175799,0.038762933056469606,,,,,,,0.005992089452408811,0.006160986712034898,-0.020700532460772546,0.1441071169313905,-0.020628544027596448,0.14407623804598338,0.006400177878405711,0.01738719822351151,-0.0006792746038266628,-0.0008934063609636889,0.007386645864994712,,,,,,
iqnils_m1_n1600_p6_fluidOnly_pimple10,iqnils,1,1600,0.03125,6,fluidOnly_pimple10,exact initial fields,tutorial,_87ed40d2-20251219 OPENFOAM=2512 version=2512,nan,314.22,5-6,-0.004730147300749943,-0.0012567144772679395,0.03876179538613056,,,,,,,0.0059933759350279114,0.0061603531336499855,-0.020700542245902256,0.14410712074687945,-0.020628549829089,0.14407624784202758,0.006400344713775414,0.01738725298168907,-0.0006793425497243488,-0.0008934328140643988,0.007388287956533457,,,,,,
iqnils_m1_n1600_p6_fluidOnly_transpiration,iqnils,1,1600,0.03125,6,fluidOnly_transpiration,exact initial fields,tutorial,_87ed40d2-20251219 OPENFOAM=2512 version=2512,nan,73.9,2-3,-0.004456207729684136,-0.001233241059203971,0.03515837218289075,,,,,,,0.006662085534123285,0.006332790996364338,-0.020701028769806177,0.14405897208431614,-0.0206342276621677,0.1440312829979062,0.005839389062307133,0.01752594147170052,-0.0003673665910698398,-0.0005595025890169358,0.0074468859882246274,,,,,,
iqnils_m1_n1600_p6_fluidOnly_transpiration,iqnils,1,1600,0.03125,6,fluidOnly_transpiration,exact initial fields,tutorial,_87ed40d2-20251219 OPENFOAM=2512 version=2512,nan,73.9,3-4,-0.004456371567855721,-0.001233166550705933,0.03514699546879729,,,,,,,0.006672504715582228,0.006327830673683955,-0.02070103031411324,0.1440589882078504,-0.020634224266361148,0.1440312992686007,0.00583938780525481,0.0175264697618656,-0.00036747951594973127,-0.0005596144495353395,0.007459709554947569,,,,,,
iqnils_m1_n1600_p6_fluidOnly_transpiration,iqnils,1,1600,0.03125,6,fluidOnly_transpiration,exact initial fields,tutorial,_87ed40d2-20251219 OPENFOAM=2512 version=2512,nan,73.9,4-5,-0.004456376596882583,-0.001233143034427675,0.035144419591464304,,,,,,,0.006674939043910477,0.00632666601763008,-0.02070103080152549,0.14405899037166678,-0.020634224162126572,0.14403130177608284,0.005839387946166744,0.017526583796512615,-0.00036749691883830593,-0.0005596294614791386,0.007462677548324637,,,,,,
iqnils_m1_n1600_p6_fluidOnly_transpiration,iqnils,1,1600,0.03125,6,fluidOnly_transpiration,exact initial fields,tutorial,_87ed40d2-20251219 OPENFOAM=2512 version=2512,nan,73.9,5-6,-0.004456376632487435,-0.0012331368737855675,0.035143816836582076,,,,,,,0.006675511421578628,0.006326392305386089,-0.020701030929214593,0.14405899095689673,-0.020634224161388607,0.14403130244492746,0.005839387996965365,0.017526611349520972,-0.00036750156087661523,-0.0005596335216383475,0.007463374975015702,,,,,,
iqnils_m1_n1600_p6_fluidOnly_transpiration_ddtCoeff1,iqnils,1,1600,0.03125,6,fluidOnly_transpiration_ddtCoeff1,exact initial fields,tutorial,_87ed40d2-20251219 OPENFOAM=2512 version=2512,nan,71.44,2-3,-0.004507534184729711,-0.0012752306350565235,0.03525458727970676,,,,,,,0.006661881427213467,0.006338679251068414,-0.020700158469097854,0.14406033192694642,-0.020633163839795722,0.14403272622516558,0.005839060242326077,0.017520461811629796,-0.0003773830443003501,-0.00056893670440894,0.007464201853826236,,,,,,
iqnils_m1_n1600_p6_fluidOnly_transpiration_ddtCoeff1,iqnils,1,1600,0.03125,6,fluidOnly_transpiration_ddtCoeff1,exact initial fields,tutorial,_87ed40d2-20251219 OPENFOAM=2512 version=2512,nan,71.44,3-4,-0.004507731325988362,-0.0012752707351640913,0.03524323645574712,,,,,,,0.00667234593634114,0.006333723282085934,-0.02070015763795938,0.1440603481456125,-0.02063315975372975,0.14403274085816928,0.005839059428335989,0.01752102803157201,-0.00037748460094200187,-0.0005690492228005439,0.007477084289271074,,,,,,
iqnils_m1_n1600_p6_fluidOnly_transpiration_ddtCoeff1,iqnils,1,1600,0.03125,6,fluidOnly_transpiration_ddtCoeff1,exact initial fields,tutorial,_87ed40d2-20251219 OPENFOAM=2512 version=2512,nan,71.44,4-5,-0.0045077298464495374,-0.0012752653768595135,0.03524065478691463,,,,,,,0.006674789156021488,0.0063325537549343384,-0.02070015774901876,0.14406034837195922,-0.020633159784395543,0.14403274109605924,0.005839059373010781,0.017521144837270346,-0.00037748625195654917,-0.000569050793100212,0.007480070983100662,,,,,,
iqnils_m1_n1600_p6_fluidOnly_transpiration_ddtCoeff1,iqnils,1,1600,0.03125,6,fluidOnly_transpiration_ddtCoeff1,exact initial fields,tutorial,_87ed40d2-20251219 OPENFOAM=2512 version=2512,nan,71.44,5-6,-0.004507729402841831,-0.0012752640749399413,0.03524004785395096,,,,,,,0.006675363908408283,0.006332278624814804,-0.020700157776003113,0.1440603484200012,-0.020633159793590018,0.14403274114740325,0.005839059355175187,0.01752117230472913,-0.00037748660829661773,-0.0005690511263956033,0.007480773551155284,,,,,,
iqnils_m1_n1600_p6_fluidOnly_transpiration_endsDirichletU,iqnils,1,1600,0.03125,6,fluidOnly_transpiration_endsDirichletU,exact initial fields,tutorial,_87ed40d2-20251219 OPENFOAM=2512 version=2512,nan,75.29,2-3,-13.141000090437323,-8.910165996410399,-0.00510869332496644,,,,,,,0.00271788276260998,-0.00013591162321496383,0.16395076468032588,0.08140505172924713,0.2516415268294493,0.10275867219343074,1.0086938184276006,0.01619865020150401,0.4011310933002523,0.7686662886148066,0.0017160419927519932,,,,,,
iqnils_m1_n1600_p6_fluidOnly_transpiration_endsDirichletU,iqnils,1,1600,0.03125,6,fluidOnly_transpiration_endsDirichletU,exact initial fields,tutorial,_87ed40d2-20251219 OPENFOAM=2512 version=2512,nan,75.29,3-4,-12.711452093311879,-11.131071802195597,-0.004917416575303091,,,,,,,0.002695179640052059,-0.0007015442023912798,0.2099825679707618,0.0062072833534795435,0.24273846175754338,0.09808455730287785,1.2674065144456392,0.01567552888525307,0.4679005000947225,22.195069810331052,0.001949960760716296,,,,,,
iqnils_m1_n1600_p6_fluidOnly_transpiration_endsDirichletU,iqnils,1,1600,0.03125,6,fluidOnly_transpiration_endsDirichletU,exact initial fields,tutorial,_87ed40d2-20251219 OPENFOAM=2512 version=2512,nan,75.29,4-5,-12.207530647663003,-7.838378074903603,-0.005649125588949255,,,,,,,0.0022096789567738195,0.00018317211497210608,0.14173625623816202,-0.11377761511600591,0.2322938887371491,-0.2545675516961427,1.650303733044089,0.015297160542904805,-1.565580215377644,-2.265436707999774,0.0017946776336943415,,,,,,
iqnils_m1_n1600_p6_fluidOnly_transpiration_endsDirichletU,iqnils,1,1600,0.03125,6,fluidOnly_transpiration_endsDirichletU,exact initial fields,tutorial,_87ed40d2-20251219 OPENFOAM=2512 version=2512,nan,75.29,5-6,-10.069927501132872,-10.6960096773483,-0.006160797633165682,,,,,,,0.002146613304093492,0.00021202610785737126,0.20096521383628088,0.08663589952759662,0.18798866548194512,0.14629702459934288,1.1344061231485285,0.015461033417673756,-0.015848947640794586,0.6618788689393318,0.0005735313578947299,,,,,,
iqnils_m1_n1600_p6_fluidOnly_transpiration_endsFixedGradient,iqnils,1,1600,0.03125,6,fluidOnly_transpiration_endsFixedGradient,exact initial fields,tutorial,_87ed40d2-20251219 OPENFOAM=2512 version=2512,nan,61.53,2-3,-0.008007639047653003,-0.0031765393055940283,0.1009571612869784,,,,,,,0.007012530717453114,0.012680509980227609,-0.02066075082448339,0.1441923337463633,-0.020560618602565806,0.14417480083352388,0.010651090384347868,0.018288856223101082,-0.0013624441714112923,-0.0014838724385709545,-0.009975795993889092,,,,,,
iqnils_m1_n1600_p6_fluidOnly_transpiration_endsFixedGradient,iqnils,1,1600,0.03125,6,fluidOnly_transpiration_endsFixedGradient,exact initial fields,tutorial,_87ed40d2-20251219 OPENFOAM=2512 version=2512,nan,61.53,3-4,-0.007934911645688048,-0.0031190392300113334,0.10082928970014637,,,,,,,0.007127907902842123,0.012624759038500829,-0.020661942604954905,0.14418929333500619,-0.02056212599358273,0.144171724564422,0.010601775249065854,0.018293784063554423,-0.001341135708422203,-0.0014628174787727488,-0.00983785172125795,,,,,,
iqnils_m1_n1600_p6_fluidOnly_transpiration_endsFixedGradient,iqnils,1,1600,0.03125,6,fluidOnly_transpiration_endsFixedGradient,exact initial fields,tutorial,_87ed40d2-20251219 OPENFOAM=2512 version=2512,nan,61.53,4-5,-0.00790595713852571,-0.0030919493942793697,0.10079908872357568,,,,,,,0.00715501705945254,0.012611473991088687,-0.02066250408486384,0.14418900197377488,-0.020562726121771235,0.14417146745663667,0.010589955913465314,0.018294813052064568,-0.001339354752915245,-0.001460799744971708,-0.00980548739481113,,,,,,
iqnils_m1_n1600_p6_fluidOnly_transpiration_endsFixedGradient,iqnils,1,1600,0.03125,6,fluidOnly_transpiration_endsFixedGradient,exact initial fields,tutorial,_87ed40d2-20251219 OPENFOAM=2512 version=2512,nan,61.53,5-6,-0.007898724119252853,-0.0030851493749112224,0.10079212221994682,,,,,,,0.007161400422301734,0.01260837606520832,-0.020662645026074903,0.14418896684005297,-0.020562876037593644,0.14417144290562195,0.01058718972665559,0.018295061060566487,-0.001339184690580364,-0.0014605564364902346,-0.00979787293949086,,,,,,
iqnils_m1_n1600_p6_fluidOnly_transpiration_endsFixedGradient_noDdtCorr,iqnils,1,1600,0.03125,6,fluidOnly_transpiration_endsFixedGradient_noDdtCorr,exact initial fields,tutorial,_87ed40d2-20251219 OPENFOAM=2512 version=2512,nan,56.78,2-3,-0.014771838529501369,-0.010456762005034426,0.09285610180002846,,,,,,,0.004316448619655633,0.014080620006704412,-0.020509856636022873,0.1441939589287257,-0.0204204198155868,0.14414761888954977,0.012187134734874712,0.0190964331884899,-0.0011741308971298103,-0.0014951265216901488,0.0008895993197444163,,,,,,
iqnils_m1_n1600_p6_fluidOnly_transpiration_endsFixedGradient_noDdtCorr,iqnils,1,1600,0.03125,6,fluidOnly_transpiration_endsFixedGradient_noDdtCorr,exact initial fields,tutorial,_87ed40d2-20251219 OPENFOAM=2512 version=2512,nan,56.78,3-4,-0.0147719108086668,-0.010456487259456138,0.09270170583492221,,,,,,,0.004449910555952785,0.014015380408844072,-0.020509862330561734,0.14419398753411486,-0.0204204183174862,0.144147646767245,0.012187259878331521,0.019101447545807785,-0.0011743240668679045,-0.0014953246063743597,0.001052417761808755,,,,,,
iqnils_m1_n1600_p6_fluidOnly_transpiration_endsFixedGradient_noDdtCorr,iqnils,1,1600,0.03125,6,fluidOnly_transpiration_endsFixedGradient_noDdtCorr,exact initial fields,tutorial,_87ed40d2-20251219 OPENFOAM=2512 version=2512,nan,56.78,4-5,-0.014771881883709925,-0.010456409573462722,0.09266545386469316,,,,,,,0.004481288204384537,0.014000031693131524,-0.02050986394072744,0.14419399061432675,-0.02042041891700191,0.14414765004631339,0.01218728193973364,0.019102613227522786,-0.001174346788137992,-0.001495345936014858,0.0010906780746338107,,,,,,
iqnils_m1_n1600_p6_fluidOnly_transpiration_endsFixedGradient_noDdtCorr,iqnils,1,1600,0.03125,6,fluidOnly_transpiration_endsFixedGradient_noDdtCorr,exact initial fields,tutorial,_87ed40d2-20251219 OPENFOAM=2512 version=2512,nan,56.78,5-6,-0.014771875006717838,-0.010456391275831534,0.0926569259310317,,,,,,,0.004488669760007946,0.013996421073991112,-0.020509864319974935,0.1441939913337424,-0.020420419059538505,0.1441476508131733,0.012187287116219038,0.0191028875498905,-0.0011743521018516834,-0.0014953509177748625,0.0010996787908907901,,,,,,
iqnils_m1_n1600_p6_fluidOnly_transpiration_endsZeroGrad,iqnils,1,1600,0.03125,6,fluidOnly_transpiration_endsZeroGrad,exact initial fields,tutorial,_87ed40d2-20251219 OPENFOAM=2512 version=2512,nan,58.27,2-3,-0.004136986642920615,-0.0005256015083672239,0.03952263178783877,,,,,,,0.0070205082578149725,0.006806823559735677,-0.020715695724397316,0.1441185152452424,-0.020640844026641052,0.14409584547052506,0.006379612660060811,0.01763692828119212,-0.0008152542752194458,-0.0009724255661396342,0.007089813953474078,,,,,,
iqnils_m1_n1600_p6_fluidOnly_transpiration_endsZeroGrad,iqnils,1,1600,0.03125,6,fluidOnly_transpiration_endsZeroGrad,exact initial fields,tutorial,_87ed40d2-20251219 OPENFOAM=2512 version=2512,nan,58.27,3-4,-0.00413415190501909,-0.0005204655974387906,0.039502902396995276,,,,,,,0.007038874783068749,0.006798063167331688,-0.020715802174315616,0.14411868255793414,-0.020640902781090306,0.1440960651004188,0.006379611954550232,0.017637830643900964,-0.0008167772233955706,-0.0009735853740814315,0.007112454124322376,,,,,,
iqnils_m1_n1600_p6_fluidOnly_transpiration_endsZeroGrad,iqnils,1,1600,0.03125,6,fluidOnly_transpiration_endsZeroGrad,exact initial fields,tutorial,_87ed40d2-20251219 OPENFOAM=2512 version=2512,nan,58.27,4-5,-0.004133699371068111,-0.0005196370330560196,0.03949831927876679,,,,,,,0.007043173691499982,0.006796005021855874,-0.020715819347629578,0.14411871205720284,-0.02064091216057581,0.14409610207862747,0.006379610586704615,0.017638026875156552,-0.0008170336356452257,-0.000973789862091401,0.007117728917948707,,,,,,
iqnils_m1_n1600_p6_fluidOnly_transpiration_endsZeroGrad,iqnils,1,1600,0.03125,6,fluidOnly_transpiration_endsZeroGrad,exact initial fields,tutorial,_87ed40d2-20251219 OPENFOAM=2512 version=2512,nan,58.27,5-6,-0.004133608456723059,-0.0005194628955734748,0.039497234244310064,,,,,,,0.00704418311453936,0.006795521171142233,-0.02071582295690572,0.14411871834947662,-0.020640914044920133,0.14409610983216511,0.0063796102296337165,0.01763807287020115,-0.0008170873997805916,-0.0009738334799261894,0.007118967791060804,,,,,,
iqnils_m1_n1600_p6_fluidOnly_transpiration_fluxConsistent,iqnils,1,1600,0.03125,6,fluidOnly_transpiration_fluxConsistent,exact initial fields,tutorial,_87ed40d2-20251219 OPENFOAM=2512 version=2512,nan,71.03,2-3,-0.00392807899489056,-0.0005467038918671729,0.03599342885229739,,,,,,,0.0067193727371601675,0.006302643261552577,-0.020715258343953852,0.14410690032943738,-0.020645173969736766,0.14408029221894048,0.006168826029791176,0.01752844077055861,-0.000707393779586063,-0.000891904639401031,0.007487181364985718,,,,,,
iqnils_m1_n1600_p6_fluidOnly_transpiration_fluxConsistent,iqnils,1,1600,0.03125,6,fluidOnly_transpiration_fluxConsistent,exact initial fields,tutorial,_87ed40d2-20251219 OPENFOAM=2512 version=2512,nan,71.03,3-4,-0.003928074669273474,-0.000546503682102184,0.03598114863779145,,,,,,,0.006730670407359973,0.00629725455363628,-0.020715262493619494,0.14410691159140024,-0.020645174059392056,0.1440803041282679,0.006169097404661118,0.017529013678966063,-0.0007074763786817373,-0.0008919827197522157,0.007501096394014528,,,,,,
iqnils_m1_n1600_p6_fluidOnly_transpiration_fluxConsistent,iqnils,1,1600,0.03125,6,fluidOnly_transpiration_fluxConsistent,exact initial fields,tutorial,_87ed40d2-20251219 OPENFOAM=2512 version=2512,nan,71.03,4-5,-0.003928067250237199,-0.0005464777634777152,0.035978318874013704,,,,,,,0.006733313033953525,0.006295985906042642,-0.020715263030824188,0.14410691093872263,-0.020645174213163375,0.14408030366929225,0.006169123241529865,0.017529129742138015,-0.0007074731953811142,-0.0008919781946712391,0.007504327090274598,,,,,,
iqnils_m1_n1600_p6_fluidOnly_transpiration_fluxConsistent,iqnils,1,1600,0.03125,6,fluidOnly_transpiration_fluxConsistent,exact initial fields,tutorial,_87ed40d2-20251219 OPENFOAM=2512 version=2512,nan,71.03,5-6,-0.003928065845381412,-0.0005464715935978859,0.035977652534563864,,,,,,,0.006733935686138004,0.006295688244318863,-0.020715263158704755,0.14410691083436025,-0.020645174242281246,0.1440803035891478,0.00616913026544316,0.017529157783238165,-0.0007074726395261965,-0.0008919774711161343,0.007505087334385818,,,,,,
iqnils_m1_n1600_p6_fluidOnly_transpiration_fluxConsistent2,iqnils,1,1600,0.03125,6,fluidOnly_transpiration_fluxConsistent2,exact initial fields,tutorial,_87ed40d2-20251219 OPENFOAM=2512 version=2512,nan,73.9,2-3,-0.003927133218566747,-0.0005465123854455634,0.03603879719237568,,,,,,,0.006720478397968632,0.006301269791415075,-0.020715262313228868,0.14410677703629543,-0.02064519357245453,0.14408017583010918,0.006167421553759423,0.017528502688840982,-0.0007065865450176512,-0.0008910498345211515,0.007491574900370335,,,,,,
iqnils_m1_n1600_p6_fluidOnly_transpiration_fluxConsistent2,iqnils,1,1600,0.03125,6,fluidOnly_transpiration_fluxConsistent2,exact initial fields,tutorial,_87ed40d2-20251219 OPENFOAM=2512 version=2512,nan,73.9,3-4,-0.00392712223953795,-0.0005463110518789671,0.03602652147897056,,,,,,,0.006731786262057948,0.006295876980586655,-0.020715266486187087,0.1441067877218721,-0.020645193800012354,0.1440801871792019,0.006167684428517298,0.017529077009852546,-0.0007066652586410482,-0.0008911239188544862,0.007505503482937437,,,,,,
iqnils_m1_n1600_p6_fluidOnly_transpiration_fluxConsistent2,iqnils,1,1600,0.03125,6,fluidOnly_transpiration_fluxConsistent2,exact initial fields,tutorial,_87ed40d2-20251219 OPENFOAM=2512 version=2512,nan,73.9,4-5,-0.003927114635154938,-0.0005462851483635234,0.03602368851455573,,,,,,,0.006734431598640622,0.00629460678512185,-0.02071526702307862,0.14410678704950455,-0.02064519395762528,0.14408018669499761,0.006167710136604455,0.017529193033341394,-0.0007066619003575081,-0.000891119257253159,0.007508737765423268,,,,,,
iqnils_m1_n1600_p6_fluidOnly_transpiration_fluxConsistent2,iqnils,1,1600,0.03125,6,fluidOnly_transpiration_fluxConsistent2,exact initial fields,tutorial,_87ed40d2-20251219 OPENFOAM=2512 version=2512,nan,73.9,5-6,-0.003927112975910418,-0.0005462788483993064,0.03602302175649186,,,,,,,0.006735054951121366,0.006294308805782914,-0.020715267153655393,0.14410678694454934,-0.02064519399201576,0.14408018661640412,0.006167716981039406,0.017529220864568942,-0.0007066613552586531,-0.0008911185295866764,0.007509498847574347,,,,,,
iqnils_m1_n1600_p6_fluidOnly_transpiration_fluxConsistent2_ddtCoeff1,iqnils,1,1600,0.03125,6,fluidOnly_transpiration_fluxConsistent2_ddtCoeff1,exact initial fields,tutorial,_87ed40d2-20251219 OPENFOAM=2512 version=2512,nan,69.36,2-3,-0.003941804327094567,-0.0005587004583603727,0.03611339970929395,,,,,,,0.006716480574357808,0.006300517862010147,-0.020715009696042924,0.1441067438416574,-0.020644889490408345,0.14408024180442497,0.0061732742030175545,0.017521709338862962,-0.000707044121284861,-0.000890819692203948,0.007505216415429006,,,,,,
iqnils_m1_n1600_p6_fluidOnly_transpiration_fluxConsistent2_ddtCoeff1,iqnils,1,1600,0.03125,6,fluidOnly_transpiration_fluxConsistent2_ddtCoeff1,exact initial fields,tutorial,_87ed40d2-20251219 OPENFOAM=2512 version=2512,nan,69.36,3-4,-0.003941997492910576,-0.0005587354369711584,0.03610111839665797,,,,,,,0.006727799229354847,0.006295153946812832,-0.02071500897105561,0.14410676006716025,-0.020644885486739744,0.14408025645534953,0.006173526424000992,0.017522317612013373,-0.0007071457352468835,-0.0008909321855308239,0.007519141344243696,,,,,,
iqnils_m1_n1600_p6_fluidOnly_transpiration_fluxConsistent2_ddtCoeff1,iqnils,1,1600,0.03125,6,fluidOnly_transpiration_fluxConsistent2_ddtCoeff1,exact initial fields,tutorial,_87ed40d2-20251219 OPENFOAM=2512 version=2512,nan,69.36,4-5,-0.003941995870421433,-0.0005587296442439715,0.0360983164452362,,,,,,,0.006730443395304819,0.006293888443136812,-0.02071500909111909,0.14410676031006564,-0.02064488552036841,0.1440802567111569,0.006173532098902322,0.01752244421232408,-0.0007071475094418966,-0.0008909338696223568,0.007522373274388761,,,,,,
iqnils_m1_n1600_p6_fluidOnly_transpiration_fluxConsistent2_ddtCoeff1,iqnils,1,1600,0.03125,6,fluidOnly_transpiration_fluxConsistent2_ddtCoeff1,exact initial fields,tutorial,_87ed40d2-20251219 OPENFOAM=2512 version=2512,nan,69.36,5-6,-0.003941995403771159,-0.0005587282441015251,0.03609765744936788,,,,,,,0.00673106542031543,0.006293590734757032,-0.02071500912013927,0.1441067603616506,-0.02064488553004048,0.14408025676628614,0.006173533356849017,0.01752247398292424,-0.0007071478918000418,-0.0008909342272669374,0.007523133528135828,,,,,,
iqnils_m1_n1600_p6_fluidOnly_transpiration_fluxConsistent2_pimple10,iqnils,1,1600,0.03125,6,fluidOnly_transpiration_fluxConsistent2_pimple10,exact initial fields,tutorial,_87ed40d2-20251219 OPENFOAM=2512 version=2512,nan,266.13,2-3,-0.0039271626601598,-0.0005464997415119965,0.03603905970023402,,,,,,,0.00672049141450759,0.006301272170355567,-0.02071526257529449,0.1441067968823919,-0.02064519296223071,0.1440801956331454,0.0061676036356009475,0.017528534409644456,-0.0007067238924410857,-0.0008911874297841127,0.0074915949527705195,,,,,,
iqnils_m1_n1600_p6_fluidOnly_transpiration_fluxConsistent2_pimple10,iqnils,1,1600,0.03125,6,fluidOnly_transpiration_fluxConsistent2_pimple10,exact initial fields,tutorial,_87ed40d2-20251219 OPENFOAM=2512 version=2512,nan,266.13,3-4,-0.003927151348669278,-0.0005462981276015411,0.036026784018698965,,,,,,,0.006731799329034782,0.006295879337944756,-0.02071526675406328,0.1441068075509865,-0.020645193196679335,0.1440802069660095,0.006167866440037879,0.01752910873370836,-0.0007068024934867578,-0.0008912613963585336,0.007505523603609454,,,,,,
iqnils_m1_n1600_p6_fluidOnly_transpiration_fluxConsistent2_pimple10,iqnils,1,1600,0.03125,6,fluidOnly_transpiration_fluxConsistent2_pimple10,exact initial fields,tutorial,_87ed40d2-20251219 OPENFOAM=2512 version=2512,nan,266.13,4-5,-0.003927143733710947,-0.0005462722074675019,0.03602395108036349,,,,,,,0.006734444680883689,0.006294609133026803,-0.02071526729129926,0.14410680687995578,-0.02064519335451145,0.14408020648306039,0.006167892130308142,0.01752922474161835,-0.0007067991439094756,-0.0008912567440267916,0.007508757905536845,,,,,,
iqnils_m1_n1600_p6_fluidOnly_transpiration_fluxConsistent2_pimple10,iqnils,1,1600,0.03125,6,fluidOnly_transpiration_fluxConsistent2_pimple10,exact initial fields,tutorial,_87ed40d2-20251219 OPENFOAM=2512 version=2512,nan,266.13,5-6,-0.003927142080769608,-0.0005462659060070374,0.03602328433367541,,,,,,,0.006735068037505121,0.00629431115123805,-0.020715267421907047,0.1441068067748308,-0.02064519338877129,0.14408020640440627,0.006167898984469271,0.01752925256981244,-0.0007067985983902902,-0.0008912560151833615,0.007509518997922182,,,,,,
iqnils_m1_n1600_p6_fluidOnly_transpiration_fluxConsistent_ddtCoeff1,iqnils,1,1600,0.03125,6,fluidOnly_transpiration_fluxConsistent_ddtCoeff1,exact initial fields,tutorial,_87ed40d2-20251219 OPENFOAM=2512 version=2512,nan,72.38,2-3,-0.00394296813188888,-0.0005591878966058061,0.03606804498086347,,,,,,,0.006715445018261157,0.006301860567293644,-0.02071499959311043,0.14410684150562528,-0.02064486536870394,0.14408033242610396,0.006174543280148912,0.017521652347547798,-0.0007076726429153801,-0.0008914968076405572,0.007500886179082178,,,,,,
iqnils_m1_n1600_p6_fluidOnly_transpiration_fluxConsistent_ddtCoeff1,iqnils,1,1600,0.03125,6,fluidOnly_transpiration_fluxConsistent_ddtCoeff1,exact initial fields,tutorial,_87ed40d2-20251219 OPENFOAM=2512 version=2512,nan,72.38,3-4,-0.003943161354626357,-0.0005592229546239613,0.03605577618006506,,,,,,,0.006726752073225928,0.006296502180077795,-0.020714998866477274,0.14410685773012552,-0.02064486136385555,0.1440803470758274,0.006174795465220473,0.017522260026634286,-0.0007077742484189464,-0.000891609293863671,0.0075147968199444914,,,,,,
iqnils_m1_n1600_p6_fluidOnly_transpiration_fluxConsistent_ddtCoeff1,iqnils,1,1600,0.03125,6,fluidOnly_transpiration_fluxConsistent_ddtCoeff1,exact initial fields,tutorial,_87ed40d2-20251219 OPENFOAM=2512 version=2512,nan,72.38,4-5,-0.003943159727764933,-0.0005592171526032086,0.03605297713945976,,,,,,,0.006729393510200188,0.0062952379771300864,-0.020714998986733377,0.14410685797338255,-0.020644861397574838,0.14408034733180253,0.0061748011438331795,0.01752238650542768,-0.0007077760237753639,-0.0008916109803908112,0.007518025392134309,,,,,,
iqnils_m1_n1600_p6_fluidOnly_transpiration_fluxConsistent_ddtCoeff1,iqnils,1,1600,0.03125,6,fluidOnly_transpiration_fluxConsistent_ddtCoeff1,exact initial fields,tutorial,_87ed40d2-20251219 OPENFOAM=2512 version=2512,nan,72.38,5-6,-0.003943159298398502,-0.0005592157922568175,0.03605231888972327,,,,,,,0.006730014893030933,0.006294940574629166,-0.02071499901492872,0.14410685802502732,-0.02064486140647414,0.14408034738698702,0.006174802386461956,0.01752241624815683,-0.0007077764065162029,-0.000891611338449616,0.007518784862028616,,,,,,
iqnils_m1_n1600_p6_fluidOnly_transpiration_fluxConsistent_pimple10,iqnils,1,1600,0.03125,6,fluidOnly_transpiration_fluxConsistent_pimple10,exact initial fields,tutorial,_87ed40d2-20251219 OPENFOAM=2512 version=2512,nan,272.93,2-3,-0.0039282824616717615,-0.000547146920975905,0.035993872746908906,,,,,,,0.006719400139558296,0.006302653583427421,-0.02071524916147131,0.14410682949384448,-0.020645169752564283,0.14408022082567454,0.0061682771055407695,0.01752848047378743,-0.0007068986195816196,-0.0008914135286427483,0.00748720358319388,,,,,,
iqnils_m1_n1600_p6_fluidOnly_transpiration_fluxConsistent_pimple10,iqnils,1,1600,0.03125,6,fluidOnly_transpiration_fluxConsistent_pimple10,exact initial fields,tutorial,_87ed40d2-20251219 OPENFOAM=2512 version=2512,nan,272.93,3-4,-0.003928278853260969,-0.0005469470538516097,0.035981591468791985,,,,,,,0.006730697493277038,0.006297264930809028,-0.020715253304035182,0.14410684081877226,-0.020645169827354332,0.144080232797843,0.00616854902488432,0.017529053374136117,-0.000706981654603922,-0.0008914920456133402,0.007501118043537147,,,,,,
iqnils_m1_n1600_p6_fluidOnly_transpiration_fluxConsistent_pimple10,iqnils,1,1600,0.03125,6,fluidOnly_transpiration_fluxConsistent_pimple10,exact initial fields,tutorial,_87ed40d2-20251219 OPENFOAM=2512 version=2512,nan,272.93,4-5,-0.0039282715168780236,-0.0005469212324542561,0.03597876179540971,,,,,,,0.0067333400011273525,0.006295996335015723,-0.02071525383922469,0.14410684016717518,-0.02064516997941253,0.14408023233948725,0.006168574874611588,0.017529169441043605,-0.000706978475599529,-0.0008914875280193746,0.007504348599296495,,,,,,
iqnils_m1_n1600_p6_fluidOnly_transpiration_fluxConsistent_pimple10,iqnils,1,1600,0.03125,6,fluidOnly_transpiration_fluxConsistent_pimple10,exact initial fields,tutorial,_87ed40d2-20251219 OPENFOAM=2512 version=2512,nan,272.93,5-6,-0.003928270087778851,-0.0005469150373892395,0.03597809550528375,,,,,,,0.006733962625340872,0.006295698685030044,-0.02071525396762726,0.14410684006316235,-0.020645170009032883,0.14408023225960573,0.006168581910777447,0.017529197470378635,-0.0007069779215675975,-0.0008914868068871096,0.007505108802084104,,,,,,
iqnils_m1_n1600_p6_fluidOnly_transpiration_lsS4f,iqnils,1,1600,0.03125,6,fluidOnly_transpiration_lsS4f,exact initial fields,tutorial,_87ed40d2-20251219 OPENFOAM=2512 version=2512,nan,71.32,2-3,-0.004253169068733742,-0.0010734599020565394,0.0335971969697344,,,,,,,0.006662268090963819,0.006096824151232172,-0.020704340488284362,0.14405623102128562,-0.020638435961176545,0.1440302180185374,0.005840350554287224,0.017519516194806906,-0.00035997516900854176,-0.0005404855053459112,0.0072888702987794485,,,,,,
iqnils_m1_n1600_p6_fluidOnly_transpiration_lsS4f,iqnils,1,1600,0.03125,6,fluidOnly_transpiration_lsS4f,exact initial fields,tutorial,_87ed40d2-20251219 OPENFOAM=2512 version=2512,nan,71.32,3-4,-0.004253491270800658,-0.0010736048793628106,0.03359051663241286,,,,,,,0.006668343957249245,0.006093977390176262,-0.020704337483399227,0.1440562456799594,-0.02063842928302652,0.14403023053965466,0.005840350224478364,0.017519878524929543,-0.00036006207166716653,-0.00054058720694794,0.007296375674546107,,,,,,
iqnils_m1_n1600_p6_fluidOnly_transpiration_lsS4f,iqnils,1,1600,0.03125,6,fluidOnly_transpiration_lsS4f,exact initial fields,tutorial,_87ed40d2-20251219 OPENFOAM=2512 version=2512,nan,71.32,4-5,-0.004253545327900232,-0.0010736620804623342,0.033589024613471796,,,,,,,0.006669752022871123,0.006093305227019333,-0.02070433629781551,0.1440562417075317,-0.0206384281626072,0.14403022642895297,0.0058403502577645304,0.017519945691785107,-0.0003600335413947997,-0.0005405596463216034,0.007298090136917734,,,,,,
iqnils_m1_n1600_p6_fluidOnly_transpiration_lsS4f,iqnils,1,1600,0.03125,6,fluidOnly_transpiration_lsS4f,exact initial fields,tutorial,_87ed40d2-20251219 OPENFOAM=2512 version=2512,nan,71.32,5-6,-0.00425355223488133,-0.0010736715148776943,0.033588679943400646,,,,,,,0.006670082764042906,0.006093147859428016,-0.020704336102272253,0.14405624083794435,-0.020638428019449036,0.1440302256126328,0.0058403502589201494,0.017519961701321647,-0.0003600278757348585,-0.0005405536131413147,0.007298492021863945,,,,,,
iqnils_m1_n1600_p6_fluidOnly_transpiration_noDdtCorr,iqnils,1,1600,0.03125,6,fluidOnly_transpiration_noDdtCorr,exact initial fields,tutorial,_87ed40d2-20251219 OPENFOAM=2512 version=2512,nan,68.8,2-3,-0.003690226383101014,-0.0008691919923460301,0.03331592326871857,,,,,,,0.0063130570701261934,0.006096724954258298,-0.020708574265427836,0.14396490925002647,-0.02065010384321879,0.14393789481600117,0.005703115287937153,0.01740214847129956,0.0002812039214163953,9.35051916992613e-05,0.0069630921773895516,,,,,,
iqnils_m1_n1600_p6_fluidOnly_transpiration_noDdtCorr,iqnils,1,1600,0.03125,6,fluidOnly_transpiration_noDdtCorr,exact initial fields,tutorial,_87ed40d2-20251219 OPENFOAM=2512 version=2512,nan,68.8,3-4,-0.0036904305136127302,-0.0008692495853267479,0.03331108139359107,,,,,,,0.006317369978210197,0.006094713808926575,-0.020708573071721758,0.1439649247443093,-0.020650099612289436,0.1439379086881154,0.005703114595056891,0.017402423140452566,0.00028110751863241745,9.339755623405388e-05,0.006968450574230456,,,,,,
iqnils_m1_n1600_p6_fluidOnly_transpiration_noDdtCorr,iqnils,1,1600,0.03125,6,fluidOnly_transpiration_noDdtCorr,exact initial fields,tutorial,_87ed40d2-20251219 OPENFOAM=2512 version=2512,nan,68.8,4-5,-0.003690430107838316,-0.0008692474682744367,0.03331003176948055,,,,,,,0.006318366239575823,0.006094237054597893,-0.020708573115601033,0.14396492485150295,-0.020650099620699757,0.1439379087984362,0.00570311457182333,0.017402471560112567,0.00028110675196968415,9.339681158304636e-05,0.006969667891599363,,,,,,
iqnils_m1_n1600_p6_fluidOnly_transpiration_noDdtCorr,iqnils,1,1600,0.03125,6,fluidOnly_transpiration_noDdtCorr,exact initial fields,tutorial,_87ed40d2-20251219 OPENFOAM=2512 version=2512,nan,68.8,5-6,-0.003690429922107441,-0.0008692469314630635,0.03330978515599892,,,,,,,0.006318600597835733,0.00609412489720201,-0.020708573126727303,0.14396492487137777,-0.020650099624549324,0.14393790881961877,0.00570311456195077,0.01740248292684967,0.00028110660476388105,9.339667351682124e-05,0.006969954209611551,,,,,,
iqnils_m1_n1600_p6_fluidOnly_transpiration_rigid,iqnils,1,1600,0.03125,6,fluidOnly_transpiration_rigid,exact initial fields,tutorial,_87ed40d2-20251219 OPENFOAM=2512 version=2512,nan,65.17,2-3,0.5861986396900492,1.2147766030739424,-1.0035037330889571,,,,,,,-0.2020625973576481,0.071834855816669,-0.04590476582095082,0.15852703427272632,-0.03287648831011761,0.16701109139791173,0.462724363611839,0.19828925317016707,-0.13791132366515313,-0.0917740221597364,-4761.927155008428,,,,,,
iqnils_m1_n1600_p6_fluidOnly_transpiration_rigid,iqnils,1,1600,0.03125,6,fluidOnly_transpiration_rigid,exact initial fields,tutorial,_87ed40d2-20251219 OPENFOAM=2512 version=2512,nan,65.17,3-4,0.586178167957258,1.2147715790769302,-1.0035601346025276,,,,,,,-0.2020667299632427,0.0718376294528818,-0.04590466169062634,0.15852782590237605,-0.03287606400091259,0.16701190669132693,0.4627300215455814,0.19829180534724908,-0.13791553207900253,-0.09177855750618802,-4672.621389661748,,,,,,
iqnils_m1_n1600_p6_fluidOnly_transpiration_rigid,iqnils,1,1600,0.03125,6,fluidOnly_transpiration_rigid,exact initial fields,tutorial,_87ed40d2-20251219 OPENFOAM=2512 version=2512,nan,65.17,4-5,0.5861779981617432,1.2147713631926367,-1.0035602311930354,,,,,,,-0.20206765776309943,0.071838288234735,-0.045904657216081175,0.15852782930071166,-0.03287606048163064,0.1670119096606791,0.46273002432027693,0.1982930975057527,-0.13791554740624712,-0.09177857697558522,-4672.500860754746,,,,,,
iqnils_m1_n1600_p6_fluidOnly_transpiration_rigid,iqnils,1,1600,0.03125,6,fluidOnly_transpiration_rigid,exact initial fields,tutorial,_87ed40d2-20251219 OPENFOAM=2512 version=2512,nan,65.17,5-6,0.5861779654777097,1.2147713137860272,-1.0035602335127205,,,,,,,-0.2020678755760329,0.07183844289266789,-0.045904656192050655,0.15852782981650151,-0.032876059804202086,0.1670119100712009,0.46273002295228305,0.19829340190467232,-0.1379155495252843,-0.09177857993059568,-4672.505340898586,,,,,,
iqnils_m1_n200_p12,iqnils,1,200,0.25,12,base,exact initial fields,tutorial,_87ed40d2-20251219 OPENFOAM=2512 version=2512,15.694583333333334,1199.45,10-11,-0.009098789193526469,-0.003190012953697363,0.05447478410997331,0.011057463293337122,-0.000609963337221595,0.0069630575055175115,-0.003927624249890048,0.007532456155946443,0.0037368350239843804,0.005585954272842475,0.006211036692957911,-0.020660471561708048,0.14426288265803852,-0.02053800278124446,0.14422075587298888,0.010108667749850487,0.017822335926712722,-0.0016806537662199528,-0.0019721770169328634,0.012048861035422798,-0.009228676633771804,-0.004017307978514951,-0.006836818991786675,0.00037750540825431294,-0.004479966229706256,-0.006056850801177907
iqnils_m1_n200_p12,iqnils,1,200,0.25,12,base,exact initial fields,tutorial,_87ed40d2-20251219 OPENFOAM=2512 version=2512,15.694583333333334,1199.45,11-12,-0.009098585516243984,-0.0031897767190938175,0.05447516736361724,0.011057431265606876,-0.0006099763040503274,0.006963037279477335,-0.003927619150548629,0.007532443405412703,0.0037368126921262955,0.005585951055180338,0.006211036957153093,-0.020660476458045737,0.14426288249001298,-0.020538007002779916,0.14422075596183964,0.010108714438558247,0.017822385047988634,-0.0016806543812591945,-0.001972175854512148,0.01204899159955386,-0.009228737279505461,-0.004017274309912811,-0.006836863537613702,0.0003775350932694067,-0.0044800382742025135,-0.006056830393934303
iqnils_m1_n200_p12,iqnils,1,200,0.25,12,base,exact initial fields,tutorial,_87ed40d2-20251219 OPENFOAM=2512 version=2512,15.694583333333334,1199.45,2-3,-0.010004179999845153,-0.004043774234026909,0.05599108530792618,0.011051591500241154,-0.0006151085692474312,0.006983437013855065,-0.00395537328344181,0.00748517576052099,0.003722503921378832,0.0055568485413277635,0.006224907256037788,-0.02064277600199059,0.14427349771317796,-0.02051923711752794,0.14422654479387836,0.010292267155879595,0.017812610117564454,-0.0017207240024309511,-0.0020456078309047943,0.011984375404268555,-0.009272606105460768,-0.00433892287027635,-0.006966278118032521,0.00021648077207290066,-0.0043856858014501565,-0.006284825959022478
iqnils_m1_n200_p12,iqnils,1,200,0.25,12,base,exact initial fields,tutorial,_87ed40d2-20251219 OPENFOAM=2512 version=2512,15.694583333333334,1199.45,3-4,-0.008855910785937393,-0.0029655101690226893,0.05408517117250167,0.011056254901258944,-0.0006116256616309872,0.006955646883874733,-0.003919287166946848,0.007544753575007279,0.0037365767014540816,0.005578956718684358,0.006213990510864974,-0.020665124738801548,0.14425972242488805,-0.02054303682233369,0.14421891407423884,0.01005364750929772,0.017822521964114824,-0.001667904375227569,-0.00195031366825682,0.012038101016463854,-0.009208447785340135,-0.0039283826227922624,-0.00679469467890681,0.00041970919235980223,-0.0045007948983765145,-0.005991793308145117
iqnils_m1_n200_p12,iqnils,1,200,0.25,12,base,exact initial fields,tutorial,_87ed40d2-20251219 OPENFOAM=2512 version=2512,15.694583333333334,1199.45,4-5,-0.009163992704334767,-0.003249387867817366,0.05457829291800764,0.011057293946312274,-0.0006101676623794632,0.006964290973344722,-0.003930338942000974,0.007528840544301474,0.0037366717147089483,0.005584365392763413,0.006211821920082333,-0.02065924092222751,0.14426381906871624,-0.02053665133483212,0.14422133747087798,0.010124648841452723,0.017821666111032728,-0.0016846796644303108,-0.0019786551756016957,0.01204877337849064,-0.009235689822974735,-0.004041880342353174,-0.006848789126641108,0.00036647789212818137,-0.004475100390394227,-0.006075801447899818
iqnils_m1_n200_p12,iqnils,1,200,0.25,12,base,exact initial fields,tutorial,_87ed40d2-20251219 OPENFOAM=2512 version=2512,15.694583333333334,1199.45,5-6,-0.009082436534195382,-0.003175755421363391,0.05444589591393201,0.011057547458886319,-0.0006099815962648547,0.006962767420927163,-0.0039268563691774476,0.007533514275013031,0.0037367330275273262,0.005585606761920214,0.00621120516582943,-0.020660767071730174,0.14426260519075026,-0.020538341716104122,0.1442205723867309,0.010103595275135113,0.017822129059832652,-0.001679383643115484,-0.001970257461457736,0.01204634486354994,-0.009225757144567415,-0.004010716913280026,-0.0068328518133766725,0.00038017971053304366,-0.004480489015517564,-0.006051589574724573
iqnils_m1_n200_p12,iqnils,1,200,0.25,12,base,exact initial fields,tutorial,_87ed40d2-20251219 OPENFOAM=2512 version=2512,15.694583333333334,1199.45,6-7,-0.00910384584257673,-0.0031946140634057096,0.05448010128034575,0.011057574477903565,-0.000609923672797435,0.0069631899154856125,-0.00392787138475817,0.0075322304918836736,0.003736967892939015,0.005585884440028943,0.0062110842707122195,-0.020660376196395182,0.14426295919603904,-0.020537897974154586,0.1442208073589331,0.010109809924002395,0.017822120434405474,-0.0016810101601073546,-0.001972706515665279,0.012048744849197268,-0.009229241364094087,-0.004019178344807992,-0.0068376650440119535,0.00037671575298234793,-0.004479542978954476,-0.006058369562090588
iqnils_m1_n200_p12,iqnils,1,200,0.25,12,base,exact initial fields,tutorial,_87ed40d2-20251219 OPENFOAM=2512 version=2512,15.694583333333334,1199.45,7-8,-0.009098089438236867,-0.0031896029431257578,0.054471705241835755,0.01105755767318728,-0.000609928426047157,0.006963103141421234,-0.0039275659488343375,0.007532579972432174,0.003736869051813875,0.005585949295063175,0.006211048632225437,-0.020660480059828918,0.14426285804834932,-0.020538017284785205,0.14422073752708295,0.010108094287171916,0.017822193338192866,-0.0016805267728823292,-0.0019720067641396666,0.012048229011465406,-0.009228196936050814,-0.004016877068269387,-0.0068363421955602854,0.000377609535825978,-0.0044797591355638655,-0.006056455174492668
iqnils_m1_n200_p12,iqnils,1,200,0.25,12,base,exact initial fields,tutorial,_87ed40d2-20251219 OPENFOAM=2512 version=2512,15.694583333333334,1199.45,8-9,-0.009099392606681467,-0.0031906392373312054,0.05447434289279118,0.01105752787544323,-0.0006099379278532443,0.006963099950515694,-0.003927648950769152,0.00753246690278031,0.0037368851478406396,0.0055859592238134415,0.006211040610648131,-0.020660458580984163,0.14426288753176275,-0.020537990274547606,0.14422075899051975,0.01010865419884825,0.017822237983679875,-0.0016806753462712543,-0.001972210733937052,0.01204863939424694,-0.009228612774652478,-0.0040174676664450956,-0.006836792000281089,0.0003774167889877005,-0.004479823812212014,-0.006056973733687987
iqnils_m1_n200_p12,iqnils,1,200,0.25,12,base,exact initial fields,tutorial,_87ed40d2-20251219 OPENFOAM=2512 version=2512,15.694583333333334,1199.45,9-10,-0.009098864937226447,-0.0031901457270284705,0.0544742189734404,0.011057495725405042,-0.0006099506106519443,0.006963077931492423,-0.003927620688628215,0.007532478582613411,0.00373685219906995,0.005585957856801604,0.0062110375006843846,-0.020660468809769697,0.14426287989616055,-0.020538001211335873,0.14422075352751607,0.0101085703638114,0.017822287467166954,-0.0016806375304783128,-0.001972157909931327,0.012048695989006264,-0.009228575269368933,-0.004017287027400377,-0.006836733658348582,0.00037749236933667187,-0.00447988843283087,-0.006056820446972523
iqnils_m1_n200_p12_of2412,iqnils,1,200,0.25,12,of2412,exact initial fields,tutorial,_f00230df-20250528 OPENFOAM=2412 patch=250528 version=v2412,15.629166666666666,1103.17,10-11,-0.008989353480707729,-0.0031062112468138725,0.05389971843242458,0.011061037342419588,-0.0006095675268100672,0.006961317397980116,-0.003921156971590524,0.007545691146158218,0.0037358807498794155,0.005596431631178289,0.006224566893420663,-0.02066220848529869,0.14426069197671565,-0.020540271010357238,0.14421925965950247,0.01005065432127882,0.01782174317849941,-0.0016702966275610187,-0.0019570213921985546,0.012001660307658923,-0.009178998978467301,-0.003965773909095923,-0.00679364705588259,0.00039245190421560293,-0.004455979377865571,-0.006005083524735805
iqnils_m1_n200_p12_of2412,iqnils,1,200,0.25,12,of2412,exact initial fields,tutorial,_f00230df-20250528 OPENFOAM=2412 patch=250528 version=v2412,15.629166666666666,1103.17,11-12,-0.0089894077608893,-0.003106202577191075,0.05390048502589995,0.01106098972063485,-0.000609859030635305,0.006961092141302139,-0.003921431737118202,0.007545840885964328,0.0037358467364824364,0.005596675529576434,0.006224497878622119,-0.020662208664990404,0.14426068507290246,-0.02054026988531419,0.1442192521838237,0.01005078181140661,0.017821734536803944,-0.0016702448786297674,-0.001956973629342884,0.012001900833507273,-0.009179147451678249,-0.003965816821637985,-0.006793790466297134,0.00039237562095667495,-0.004456091253117855,-0.006005044636761963
iqnils_m1_n200_p12_of2412,iqnils,1,200,0.25,12,of2412,exact initial fields,tutorial,_f00230df-20250528 OPENFOAM=2412 patch=250528 version=v2412,15.629166666666666,1103.17,2-3,-0.009896167818264079,-0.003964069091921818,0.055433623912966024,0.011055657443624245,-0.0006140020237792492,0.006983784258335124,-0.003946858634493609,0.007498125635503117,0.003719804230266498,0.005565273138845361,0.006238357402601251,-0.02064442801776409,0.14427125305057548,-0.0205214758416929,0.14422497100843595,0.010230516102677225,0.017811464471534616,-0.0017098307612603003,-0.0020300810308270245,0.011930802367018378,-0.009217187443916086,-0.004287154999674397,-0.006918964988515297,0.00023066415961848203,-0.004358224726513038,-0.006233395144424266
iqnils_m1_n200_p12_of2412,iqnils,1,200,0.25,12,of2412,exact initial fields,tutorial,_f00230df-20250528 OPENFOAM=2412 patch=250528 version=v2412,15.629166666666666,1103.17,3-4,-0.00874240077232391,-0.0028772793887992254,0.05350480254048651,0.011059990558091037,-0.0006095527071029742,0.006955108965101875,-0.003911109013473756,0.0075569354468758565,0.003735834641637239,0.005587694590941217,0.006227864003180846,-0.020666953461977843,0.1442576158928136,-0.020545389497807157,0.1442175196816529,0.009995815656872851,0.017822222160150294,-0.0016582518248610123,-0.0019357395768777597,0.011991577091983618,-0.009159312056180147,-0.0038759416639216515,-0.006751085222233888,0.0004360642409222205,-0.004477449377467857,-0.0059406233981496165
iqnils_m1_n200_p12_of2412,iqnils,1,200,0.25,12,of2412,exact initial fields,tutorial,_f00230df-20250528 OPENFOAM=2412 patch=250528 version=v2412,15.629166666666666,1103.17,4-5,-0.009053686577614184,-0.0031650243590731764,0.05400261901854453,0.0110609587906072,-0.0006081553684757914,0.0069638180728286425,-0.003922194857138229,0.007541105906072376,0.0037356947547586964,0.0055933298320092195,0.0062257131359185645,-0.020660989490054783,0.144261661458228,-0.02053893760465667,0.1442198752374336,0.010066007761678212,0.0178213704655944,-0.0016745578275680906,-0.0019637285395203152,0.012000574460464097,-0.009185211751996047,-0.003990069704563974,-0.006804893531391132,0.00038186888422085604,-0.004450652969994917,-0.006024195088138913
iqnils_m1_n200_p12_of2412,iqnils,1,200,0.25,12,of2412,exact initial fields,tutorial,_f00230df-20250528 OPENFOAM=2412 patch=250528 version=v2412,15.629166666666666,1103.17,5-6,-0.008971453297083376,-0.003090537647716496,0.05386849579665487,0.011061199413087142,-0.0006082019339593714,0.0069620366754477025,-0.0039189955436987264,0.0075459451723125515,0.00373584713292683,0.00559484518391673,0.006225071360793127,-0.02066253334555554,0.1442604473959411,-0.0205406420201179,0.14421911448574967,0.010045197463836445,0.017821821428162424,-0.0016692916895534315,-0.001955329298980013,0.01199867425927792,-0.009175692237941346,-0.003958731507582153,-0.006789185736556291,0.000395710929025444,-0.0044563651622582245,-0.005999896113679112
iqnils_m1_n200_p12_of2412,iqnils,1,200,0.25,12,of2412,exact initial fields,tutorial,_f00230df-20250528 OPENFOAM=2412 patch=250528 version=v2412,15.629166666666666,1103.17,6-7,-0.008993438592982184,-0.0031099676785303343,0.053903632053781125,0.011061210399799126,-0.0006084153209287306,0.006962272968975558,-0.00392028515259616,0.007544813958463292,0.0037360553132449307,0.005595371686966111,0.006224888226551681,-0.02066213062727995,0.14426079526947527,-0.020540186339911448,0.14421934084275184,0.01005146970723525,0.017821757301071328,-0.0016708586024584138,-0.001957736005016808,0.012001085886240048,-0.00917919791888977,-0.003967357298117599,-0.006794095924503862,0.00039206999586888176,-0.0044553812501955115,-0.0060066832920530906
iqnils_m1_n200_p12_of2412,iqnils,1,200,0.25,12,of2412,exact initial fields,tutorial,_f00230df-20250528 OPENFOAM=2412 patch=250528 version=v2412,15.629166666666666,1103.17,7-8,-0.008987851010393566,-0.0031050905301194254,0.05389544634317334,0.011061178747194589,-0.0006086975083660955,0.006961977276723763,-0.00392025894517138,0.00754532882318415,0.0037359500635836904,0.005595685674944395,0.006224785907377904,-0.02066223171393373,0.14426068737135636,-0.020540302151442903,0.14421926393885945,0.010049835540279823,0.017821774159965244,-0.0016703262505743943,-0.001956989530805253,0.012000700896603655,-0.009178255059495655,-0.003965104639287481,-0.006792870260872275,0.0003928786878074184,-0.004455655421266691,-0.00600473731165242
iqnils_m1_n200_p12_of2412,iqnils,1,200,0.25,12,of2412,exact initial fields,tutorial,_f00230df-20250528 OPENFOAM=2412 patch=250528 version=v2412,15.629166666666666,1103.17,8-9,-0.008989442981026885,-0.0031063850635337786,0.053898516323954926,0.011061133148198676,-0.0006089851361519322,0.006961770103527831,-0.003920621990841505,0.007545376856926689,0.003735953885322265,0.005595942356216632,0.006224709030944242,-0.020662204882670863,0.14426071036104374,-0.02054026915532085,0.14421927792868797,0.0100504786118464,0.017821760922446535,-0.001670423092419271,-0.0019571485810188083,0.012001217279053567,-0.009178757988250186,-0.003965781329150569,-0.006793421868451888,0.00039257433061854467,-0.004455755862302957,-0.006005243358478194
iqnils_m1_n200_p12_of2412,iqnils,1,200,0.25,12,of2412,exact initial fields,tutorial,_f00230df-20250528 OPENFOAM=2412 patch=250528 version=v2412,15.629166666666666,1103.17,9-10,-0.008989168823264504,-0.003106114560926243,0.05389876684643746,0.011061085336181664,-0.0006092762543784387,0.006961542770761664,-0.003920873380910704,0.007545551209451329,0.003735909562024522,0.005596188051122164,0.006224636820272024,-0.020662210489267408,0.1442606959309452,-0.02054027483767629,0.1442192648758383,0.01005047535435516,0.01782175255424888,-0.0016703327366274223,-0.0019570487488601573,0.012001384965407036,-0.009178809175726887,-0.003965675313949419,-0.006793462172327347,0.00039254520379214175,-0.004455861675374484,-0.006005070718612267
iqnils_m1_n200_p6_fluidOnly,iqnils,1,200,0.25,6,fluidOnly,exact initial fields,tutorial,_87ed40d2-20251219 OPENFOAM=2512 version=2512,nan,12.34,2-3,-0.00906593116032739,-0.005953311421399987,0.03994652434259449,,,,,,,0.005462303164165627,0.0061961733792870975,-0.02060319780828424,0.1440603565627926,-0.020538683816215323,0.14402219420760598,0.006184100999484039,0.017323271639519577,-0.0003042829015571513,-0.0005691076177019028,0.00661767542449887,,,,,,
iqnils_m1_n200_p6_fluidOnly,iqnils,1,200,0.25,6,fluidOnly,exact initial fields,tutorial,_87ed40d2-20251219 OPENFOAM=2512 version=2512,nan,12.34,3-4,-0.009066673986891316,-0.005953937554876165,0.03992269795415382,,,,,,,0.005484890946215515,0.006185119327048673,-0.02060318483067261,0.1440603462805414,-0.02053866841995395,0.14402218033487613,0.006184346971047497,0.017324582970856147,-0.000304186607301804,-0.0005690362837106333,0.006645691404594256,,,,,,
iqnils_m1_n200_p6_fluidOnly,iqnils,1,200,0.25,6,fluidOnly,exact initial fields,tutorial,_87ed40d2-20251219 OPENFOAM=2512 version=2512,nan,12.34,4-5,-0.009066794332999839,-0.00595406603485682,0.03991749847528925,,,,,,,0.005490141450684938,0.006182526085721323,-0.020603182167720772,0.14406034173044746,-0.020538665925589544,0.14402217535988818,0.006184359814563008,0.01732486265774604,-0.0003041520746014381,-0.0005690047170441304,0.0066522433282378834,,,,,,
iqnils_m1_n200_p6_fluidOnly,iqnils,1,200,0.25,6,fluidOnly,exact initial fields,tutorial,_87ed40d2-20251219 OPENFOAM=2512 version=2512,nan,12.34,5-6,-0.009066837325167776,-0.005954114594709292,0.039916565133526705,,,,,,,0.005491341384820769,0.006181914251935394,-0.020603181161240637,0.14406034083739355,-0.02053866503450852,0.14402217438429335,0.006184370921602795,0.017324916082061315,-0.0003041453027408103,-0.0005689985214057947,0.006653805044505301,,,,,,
iqnils_m1_n200_p6_fluidOnly_pimple10,iqnils,1,200,0.25,6,fluidOnly_pimple10,exact initial fields,tutorial,_87ed40d2-20251219 OPENFOAM=2512 version=2512,nan,42.13,2-3,-0.008834921884388947,-0.00572508902079738,0.03992287692288321,,,,,,,0.005465022433454925,0.006196931336606351,-0.020607928080330736,0.14405950788933253,-0.020543471850683316,0.1440216860728294,0.0061650318668799295,0.017324214155064185,-0.0003007557927326987,-0.0005632198392000465,0.006621150096824957,,,,,,
iqnils_m1_n200_p6_fluidOnly_pimple10,iqnils,1,200,0.25,6,fluidOnly_pimple10,exact initial fields,tutorial,_87ed40d2-20251219 OPENFOAM=2512 version=2512,nan,42.13,3-4,-0.008835669004740199,-0.005725730461710543,0.03989919831680244,,,,,,,0.005487474870947473,0.006185944515135031,-0.020607914785448142,0.14405949447359098,-0.020543456365426375,0.14402166900016516,0.006165257846397259,0.017325519539461334,-0.0003006372860548945,-0.0005631267652546068,0.006649001126899812,,,,,,
iqnils_m1_n200_p6_fluidOnly_pimple10,iqnils,1,200,0.25,6,fluidOnly_pimple10,exact initial fields,tutorial,_87ed40d2-20251219 OPENFOAM=2512 version=2512,nan,42.13,4-5,-0.008835791378047131,-0.005725863524796204,0.03989403219126153,,,,,,,0.005492693947216187,0.006183367750792615,-0.020607912027504168,0.1440594891829731,-0.020543453829045058,0.14402166327325996,0.006165266122930393,0.01732579855577676,-0.0003005975338166156,-0.000563090060705429,0.0066555138253907575,,,,,,
iqnils_m1_n200_p6_fluidOnly_pimple10,iqnils,1,200,0.25,6,fluidOnly_pimple10,exact initial fields,tutorial,_87ed40d2-20251219 OPENFOAM=2512 version=2512,nan,42.13,5-6,-0.008835835709297024,-0.0057259139039184115,0.03989310665033852,,,,,,,0.005493886525762326,0.006182759550423113,-0.020607910983316775,0.14405948810604402,-0.020543452910209432,0.1440216621057815,0.006165276542195244,0.017325851629682615,-0.0003005894299833445,-0.0005630825893290226,0.006657066169064807,,,,,,
iqnils_m1_n200_p6_fluidOnly_transpiration,iqnils,1,200,0.25,6,fluidOnly_transpiration,exact initial fields,tutorial,_87ed40d2-20251219 OPENFOAM=2512 version=2512,nan,9.62,2-3,-0.008442199097224656,-0.00606883125141966,0.03255686516306722,,,,,,,0.006111041729314204,0.006444868983791552,-0.020600803476170847,0.1438321838268229,-0.020551611654739538,0.1437975610731328,0.0057651423407544,0.01747347379047349,0.001257390194810748,0.0010163712025466065,0.006976701059677737,,,,,,
iqnils_m1_n200_p6_fluidOnly_transpiration,iqnils,1,200,0.25,6,fluidOnly_transpiration,exact initial fields,tutorial,_87ed40d2-20251219 OPENFOAM=2512 version=2512,nan,9.62,3-4,-0.008442396215227355,-0.00606886862381617,0.03254714121622637,,,,,,,0.006120000196877751,0.006440479481549655,-0.02060080270156852,0.14383220137127548,-0.020551607569155583,0.1437975771186371,0.0057651419207284576,0.01747396650622617,0.0012572784705375817,0.0010162490999570117,0.006987856917506141,,,,,,
iqnils_m1_n200_p6_fluidOnly_transpiration,iqnils,1,200,0.25,6,fluidOnly_transpiration,exact initial fields,tutorial,_87ed40d2-20251219 OPENFOAM=2512 version=2512,nan,9.62,4-5,-0.008442395281462955,-0.0060688617409596635,0.03254494835875188,,,,,,,0.006122084804635275,0.0064394452536001385,-0.020600802844226662,0.1438322018884994,-0.020551607588509335,0.14379757762026033,0.0057651421062512075,0.01747406595301643,0.0012572749777535197,0.0010162455002793447,0.006990432668016799,,,,,,
iqnils_m1_n200_p6_fluidOnly_transpiration,iqnils,1,200,0.25,6,fluidOnly_transpiration,exact initial fields,tutorial,_87ed40d2-20251219 OPENFOAM=2512 version=2512,nan,9.62,5-6,-0.00844239526630064,-0.0060688603121559215,0.032544433429312125,,,,,,,0.006122574302403594,0.006439202383566884,-0.02060080287384089,0.14383220199910063,-0.020551607588823597,0.14379757772399804,0.005765142141052072,0.017474089284180764,0.0012572742554317617,0.001016244730537741,0.0069910374816004595,,,,,,
iqnils_m1_n200_p6_fluidOnly_transpiration_ddtCoeff1,iqnils,1,200,0.25,6,fluidOnly_transpiration_ddtCoeff1,exact initial fields,tutorial,_87ed40d2-20251219 OPENFOAM=2512 version=2512,nan,9.29,2-3,-0.008518071254859816,-0.006168500369468144,0.032709528438854996,,,,,,,0.006135615134053474,0.00647587701141014,-0.02059873767526016,0.14382625452875825,-0.020550039083662285,0.1437915164076294,0.005768900137327501,0.0174842722444164,0.00129948075868902,0.0010576385250662401,0.0070008561757282095,,,,,,
iqnils_m1_n200_p6_fluidOnly_transpiration_ddtCoeff1,iqnils,1,200,0.25,6,fluidOnly_transpiration_ddtCoeff1,exact initial fields,tutorial,_87ed40d2-20251219 OPENFOAM=2512 version=2512,nan,9.29,3-4,-0.00851828673232935,-0.006168563255204318,0.03269974995537961,,,,,,,0.006144654207153266,0.006471447518673226,-0.02059873637185331,0.14382627066669298,-0.020550034617549194,0.14379153094422767,0.0057688988959794865,0.01748476998245997,0.001299379532363698,0.0010575262020340315,0.007012110254017712,,,,,,
iqnils_m1_n200_p6_fluidOnly_transpiration_ddtCoeff1,iqnils,1,200,0.25,6,fluidOnly_transpiration_ddtCoeff1,exact initial fields,tutorial,_87ed40d2-20251219 OPENFOAM=2512 version=2512,nan,9.29,4-5,-0.008518285492293831,-0.006168558639330857,0.03269754216737453,,,,,,,0.006146761608512907,0.006470402113736273,-0.020598736467524626,0.14382627086720845,-0.020550034643250902,0.14379153115412735,0.0057688988454872685,0.01748487079368135,0.0012993780707171165,0.0010575248064093046,0.007014713923835902,,,,,,
iqnils_m1_n200_p6_fluidOnly_transpiration_ddtCoeff1,iqnils,1,200,0.25,6,fluidOnly_transpiration_ddtCoeff1,exact initial fields,tutorial,_87ed40d2-20251219 OPENFOAM=2512 version=2512,nan,9.29,5-6,-0.008518285139718751,-0.006168557543041464,0.03269702297935306,,,,,,,0.006147257346584611,0.00647015618920521,-0.020598736490246967,0.14382627090895525,-0.02055003465055858,0.14379153119862578,0.005768898831939633,0.017484894494659904,0.0012993777608500956,0.001057524515843733,0.007015326366292651,,,,,,
iqnils_m1_n200_p6_fluidOnly_transpiration_endsDirichletU,iqnils,1,200,0.25,6,fluidOnly_transpiration_endsDirichletU,exact initial fields,tutorial,_87ed40d2-20251219 OPENFOAM=2512 version=2512,nan,10.1,2-3,-10.242653294960201,-5.880311286434769,-0.00438608439919852,,,,,,,0.002232949732803302,0.000540051992328946,0.1011522094039621,0.07060866600778325,0.19156868213277872,0.08012240695050415,1.0089681328786997,0.015229393901300398,0.796980098281457,1.0391033970333474,4.849089418201835e-05,,,,,,
iqnils_m1_n200_p6_fluidOnly_transpiration_endsDirichletU,iqnils,1,200,0.25,6,fluidOnly_transpiration_endsDirichletU,exact initial fields,tutorial,_87ed40d2-20251219 OPENFOAM=2512 version=2512,nan,10.1,3-4,-10.219111071054856,-5.820040076935631,-0.00442050414446582,,,,,,,0.0020720959054236765,0.0006469295739352109,0.0999029927768931,0.07071020244617386,0.1910807321184164,0.0802511393838905,1.0097536750470253,0.015211660627914946,0.7940975271108222,1.036175342957946,2.442767457822015e-05,,,,,,
iqnils_m1_n200_p6_fluidOnly_transpiration_endsDirichletU,iqnils,1,200,0.25,6,fluidOnly_transpiration_endsDirichletU,exact initial fields,tutorial,_87ed40d2-20251219 OPENFOAM=2512 version=2512,nan,10.1,4-5,-10.19796798689946,-5.801818242048721,-0.0039393791265034395,,,,,,,0.002820808681514464,-0.00025935916619349307,0.09952531628250054,0.07011172225164126,0.19064250808916713,0.07976289096240348,1.0106206009092118,0.015260260675309304,0.8050796426665199,1.0535563254273566,0.00012663873811868953,,,,,,
iqnils_m1_n200_p6_fluidOnly_transpiration_endsDirichletU,iqnils,1,200,0.25,6,fluidOnly_transpiration_endsDirichletU,exact initial fields,tutorial,_87ed40d2-20251219 OPENFOAM=2512 version=2512,nan,10.1,5-6,-10.229230424540834,-5.878740785445801,-0.00400550671884381,,,,,,,0.0028200190593830055,-0.00019278139948889647,0.101119658274417,0.07024435093010414,0.1912904718056555,0.07997511431795529,1.0093034835863233,0.015179288066709066,0.8002896519041192,1.04967899638973,0.0001490393459542272,,,,,,
iqnils_m1_n200_p6_fluidOnly_transpiration_endsFixedGradient,iqnils,1,200,0.25,6,fluidOnly_transpiration_endsFixedGradient,exact initial fields,tutorial,_87ed40d2-20251219 OPENFOAM=2512 version=2512,nan,7.92,2-3,-0.0053992026444739105,-0.001319029788280135,0.07735315735250081,,,,,,,0.008060320643276775,0.00915722566519912,-0.02069925066202192,0.1441646127890427,-0.020614682593525703,0.14414629401886173,0.007149718915541266,0.018083158955365657,-0.0011649505354324186,-0.0012918709312621512,-0.005267114037165732,,,,,,
iqnils_m1_n200_p6_fluidOnly_transpiration_endsFixedGradient,iqnils,1,200,0.25,6,fluidOnly_transpiration_endsFixedGradient,exact initial fields,tutorial,_87ed40d2-20251219 OPENFOAM=2512 version=2512,nan,7.92,3-4,-0.005400902305903177,-0.00132137697549628,0.07727698971498964,,,,,,,0.008130237019748687,0.00912254561660204,-0.020699202012835656,0.14416436163503285,-0.020614647365340712,0.14414603899295472,0.007149821852508604,0.018086445158555953,-0.0011631833775124223,-0.001290131045284637,-0.005182294986851854,,,,,,
iqnils_m1_n200_p6_fluidOnly_transpiration_endsFixedGradient,iqnils,1,200,0.25,6,fluidOnly_transpiration_endsFixedGradient,exact initial fields,tutorial,_87ed40d2-20251219 OPENFOAM=2512 version=2512,nan,7.92,4-5,-0.005401387639459965,-0.0013220641244032771,0.07725909952868837,,,,,,,0.00814667064685004,0.009114388719347673,-0.02069918777058223,0.1441642949363453,-0.020614637306031237,0.1441459707487237,0.0071498448603515225,0.018087191526402733,-0.0011627104898548346,-0.0012896689847062826,-0.005162385750670517,,,,,,
iqnils_m1_n200_p6_fluidOnly_transpiration_endsFixedGradient,iqnils,1,200,0.25,6,fluidOnly_transpiration_endsFixedGradient,exact initial fields,tutorial,_87ed40d2-20251219 OPENFOAM=2512 version=2512,nan,7.92,5-6,-0.005401511357471245,-0.0013222367716295702,0.07725488909789613,,,,,,,0.008150534471784932,0.009112470039370591,-0.020699184192194017,0.14416427877385768,-0.020614634741778784,0.1441459541857713,0.007149850235949274,0.01808736352306132,-0.0011625957194155712,-0.0012895570176953974,-0.005157703745173103,,,,,,
iqnils_m1_n200_p6_fluidOnly_transpiration_endsFixedGradient_noDdtCorr,iqnils,1,200,0.25,6,fluidOnly_transpiration_endsFixedGradient_noDdtCorr,exact initial fields,tutorial,_87ed40d2-20251219 OPENFOAM=2512 version=2512,nan,7.48,2-3,-0.006848455231210693,-0.0031625238837982295,0.05719598026549866,,,,,,,0.006038218187171873,0.00892869557103525,-0.02066104131637974,0.1441214966574667,-0.020584644529859496,0.1440923159212714,0.006582773747994857,0.017735506677811493,-0.0007907791895703786,-0.0009930922473211368,0.002411686613191133,,,,,,
iqnils_m1_n200_p6_fluidOnly_transpiration_endsFixedGradient_noDdtCorr,iqnils,1,200,0.25,6,fluidOnly_transpiration_endsFixedGradient_noDdtCorr,exact initial fields,tutorial,_87ed40d2-20251219 OPENFOAM=2512 version=2512,nan,7.48,3-4,-0.006848587646834936,-0.0031624339970133253,0.057135964922604865,,,,,,,0.006092636534618556,0.008901589581332817,-0.020661043179426245,0.1441215171116145,-0.02058464178533519,0.1440923351571504,0.006582772804134955,0.017738064499036477,-0.0007909125808964745,-0.0009932340293072883,0.002478608881234079,,,,,,
iqnils_m1_n200_p6_fluidOnly_transpiration_endsFixedGradient_noDdtCorr,iqnils,1,200,0.25,6,fluidOnly_transpiration_endsFixedGradient_noDdtCorr,exact initial fields,tutorial,_87ed40d2-20251219 OPENFOAM=2512 version=2512,nan,7.48,4-5,-0.006848576153984931,-0.0031624023506456878,0.057121912523012464,,,,,,,0.006105419898629227,0.00889521020771729,-0.02066104383534752,0.1441215183752015,-0.020584642023542776,0.14409233649950362,0.0065827724859154725,0.017738644802318904,-0.0007909218894521786,-0.0009932427881101935,0.0024943088560289706,,,,,,
iqnils_m1_n200_p6_fluidOnly_transpiration_endsFixedGradient_noDdtCorr,iqnils,1,200,0.25,6,fluidOnly_transpiration_endsFixedGradient_noDdtCorr,exact initial fields,tutorial,_87ed40d2-20251219 OPENFOAM=2512 version=2512,nan,7.48,5-6,-0.00684857338167133,-0.0031623948910545208,0.05711860687904324,,,,,,,0.006108427081608747,0.008893709530847269,-0.020661043989959407,0.14412151866704945,-0.02058464208100338,0.14409233681046635,0.006582772428002818,0.01773878131254866,-0.0007909240458248146,-0.0009932448111117376,0.0024980021278493414,,,,,,
iqnils_m1_n200_p6_fluidOnly_transpiration_endsZeroGrad,iqnils,1,200,0.25,6,fluidOnly_transpiration_endsZeroGrad,exact initial fields,tutorial,_87ed40d2-20251219 OPENFOAM=2512 version=2512,nan,7.74,2-3,-0.0038049693194190937,-0.0004032901817081491,0.037602153486377965,,,,,,,0.007001382994462402,0.006434945721836883,-0.02071823082107467,0.14409361227818607,-0.020647725613462353,0.14407153196203118,0.006289552282340261,0.017605976950131125,-0.0006466318800016913,-0.0007997687052201385,0.0070066172049119135,,,,,,
iqnils_m1_n200_p6_fluidOnly_transpiration_endsZeroGrad,iqnils,1,200,0.25,6,fluidOnly_transpiration_endsZeroGrad,exact initial fields,tutorial,_87ed40d2-20251219 OPENFOAM=2512 version=2512,nan,7.74,3-4,-0.0038054234878722726,-0.00040367990685352684,0.037583188437176895,,,,,,,0.007018845380343475,0.006426330328735806,-0.020718222743401505,0.14409360835578808,-0.02064771620009919,0.14407152614648952,0.0062895468641158475,0.01760688712491762,-0.0006465915404474387,-0.0007997415058111912,0.00702825917169192,,,,,,
iqnils_m1_n200_p6_fluidOnly_transpiration_endsZeroGrad,iqnils,1,200,0.25,6,fluidOnly_transpiration_endsZeroGrad,exact initial fields,tutorial,_87ed40d2-20251219 OPENFOAM=2512 version=2512,nan,7.74,4-5,-0.003805484932641212,-0.0004037588026523098,0.03757879082617799,,,,,,,0.007022940791854726,0.006424295987473266,-0.02071822110816066,0.14409360382776104,-0.020647714926558678,0.14407152154363953,0.0062895456184135865,0.01760708464718112,-0.0006465596127369633,-0.0007997101067367396,0.007033314195225238,,,,,,
iqnils_m1_n200_p6_fluidOnly_transpiration_endsZeroGrad,iqnils,1,200,0.25,6,fluidOnly_transpiration_endsZeroGrad,exact initial fields,tutorial,_87ed40d2-20251219 OPENFOAM=2512 version=2512,nan,7.74,5-6,-0.003805499465657891,-0.0004037767781318591,0.03757775356797044,,,,,,,0.007023905828859256,0.0064238165111285064,-0.02071822073559027,0.14409360281718814,-0.020647714625338806,0.14407152050361438,0.006289545288638599,0.017607131161442604,-0.0006465523985927923,-0.0007997030990367637,0.007034505384943879,,,,,,
iqnils_m1_n200_p6_fluidOnly_transpiration_fluxConsistent,iqnils,1,200,0.25,6,fluidOnly_transpiration_fluxConsistent,exact initial fields,tutorial,_87ed40d2-20251219 OPENFOAM=2512 version=2512,nan,9.46,2-3,-0.0039905543281439915,-0.0006930608378817871,0.03586957469682339,,,,,,,0.006486667429568049,0.006246211782124277,-0.020712224863591207,0.14410363501060283,-0.0206438790691411,0.1440768945476985,0.0060641502132900435,0.017493842894722795,-0.0006838281151461123,-0.0008692653320629962,0.007273972835011744,,,,,,
iqnils_m1_n200_p6_fluidOnly_transpiration_fluxConsistent,iqnils,1,200,0.25,6,fluidOnly_transpiration_fluxConsistent,exact initial fields,tutorial,_87ed40d2-20251219 OPENFOAM=2512 version=2512,nan,9.46,3-4,-0.003990728792125586,-0.0006930920578743782,0.03585397495264675,,,,,,,0.006501062295037663,0.006239143186143177,-0.02071222421650723,0.1441036495196127,-0.020643875453097746,0.14407690795760278,0.006064374245741089,0.01749460460454861,-0.000683921126124698,-0.0008693659290827105,0.007291813717272166,,,,,,
iqnils_m1_n200_p6_fluidOnly_transpiration_fluxConsistent,iqnils,1,200,0.25,6,fluidOnly_transpiration_fluxConsistent,exact initial fields,tutorial,_87ed40d2-20251219 OPENFOAM=2512 version=2512,nan,9.46,4-5,-0.003990734240190585,-0.0006930975076537838,0.03585039341140428,,,,,,,0.0065044296382268385,0.00623747915653123,-0.02071222410355189,0.1441036489749301,-0.020643875340177937,0.14407690747388696,0.0060643749977939585,0.01749476666216154,-0.0006839177710763478,-0.0008693621525714956,0.007295968695787192,,,,,,
iqnils_m1_n200_p6_fluidOnly_transpiration_fluxConsistent,iqnils,1,200,0.25,6,fluidOnly_transpiration_fluxConsistent,exact initial fields,tutorial,_87ed40d2-20251219 OPENFOAM=2512 version=2512,nan,9.46,5-6,-0.003990735887645092,-0.0006930989168746349,0.03584955011916846,,,,,,,0.006505221486188484,0.006237087710871401,-0.020712224074343547,0.14410364884065055,-0.020643875306031824,0.14407690734361206,0.006064375676761258,0.017494804784393556,-0.000683916867490808,-0.0008693612215553426,0.007296945931366539,,,,,,
iqnils_m1_n200_p6_fluidOnly_transpiration_fluxConsistent2,iqnils,1,200,0.25,6,fluidOnly_transpiration_fluxConsistent2,exact initial fields,tutorial,_87ed40d2-20251219 OPENFOAM=2512 version=2512,nan,9.79,2-3,-0.003983839695316793,-0.0007165993057470788,0.03614300285090022,,,,,,,0.0064968711975621485,0.006239442215253521,-0.020711736991426744,0.1440939337742217,-0.020644018240580368,0.14406724254670494,0.005969188916784635,0.017496375209886124,-0.0006168774293869861,-0.0008019980767470791,0.0073060529943120844,,,,,,
iqnils_m1_n200_p6_fluidOnly_transpiration_fluxConsistent2,iqnils,1,200,0.25,6,fluidOnly_transpiration_fluxConsistent2,exact initial fields,tutorial,_87ed40d2-20251219 OPENFOAM=2512 version=2512,nan,9.79,3-4,-0.0039840332953171576,-0.0007166532822195926,0.036127217436065395,,,,,,,0.006511452824869313,0.006232284933672161,-0.02071173587267855,0.14409394720130803,-0.020644014227912604,0.14406725476756813,0.005969409671686386,0.0174971466973189,-0.0006169622045458789,-0.0008020911848760637,0.00732413007596544,,,,,,
iqnils_m1_n200_p6_fluidOnly_transpiration_fluxConsistent2,iqnils,1,200,0.25,6,fluidOnly_transpiration_fluxConsistent2,exact initial fields,tutorial,_87ed40d2-20251219 OPENFOAM=2512 version=2512,nan,9.79,4-5,-0.003984043149810823,-0.0007166650799553809,0.03612358885762568,,,,,,,0.006514865117183133,0.0062305987909273795,-0.02071173562815172,0.14409394622868793,-0.020644014023662557,0.1440672538615547,0.005969407015266461,0.017497310733316465,-0.0006169559196030905,-0.0008020844403875405,0.007328337899430215,,,,,,
iqnils_m1_n200_p6_fluidOnly_transpiration_fluxConsistent2,iqnils,1,200,0.25,6,fluidOnly_transpiration_fluxConsistent2,exact initial fields,tutorial,_87ed40d2-20251219 OPENFOAM=2512 version=2512,nan,9.79,5-6,-0.003984046625970961,-0.0007166693436032601,0.03612273567561908,,,,,,,0.0065156680881581774,0.006230202164992618,-0.02071173553978084,0.1440939459148556,-0.020644013951613614,0.14406725356162736,0.005969405949454188,0.017497349239233496,-0.0006169538390310425,-0.0008020822641643388,0.00732932742962622,,,,,,
iqnils_m1_n200_p6_fluidOnly_transpiration_fluxConsistent2_ddtCoeff1,iqnils,1,200,0.25,6,fluidOnly_transpiration_fluxConsistent2_ddtCoeff1,exact initial fields,tutorial,_87ed40d2-20251219 OPENFOAM=2512 version=2512,nan,9.42,2-3,-0.003993452031447964,-0.0007237680367268018,0.03616498258265999,,,,,,,0.006495229331471952,0.006239269046577144,-0.02071158840808141,0.1440938352753912,-0.020643819009633788,0.1440671485462647,0.005973917683941519,0.01749940167641906,-0.0006162253553060326,-0.0008013150507562017,0.00731092413980261,,,,,,
iqnils_m1_n200_p6_fluidOnly_transpiration_fluxConsistent2_ddtCoeff1,iqnils,1,200,0.25,6,fluidOnly_transpiration_fluxConsistent2_ddtCoeff1,exact initial fields,tutorial,_87ed40d2-20251219 OPENFOAM=2512 version=2512,nan,9.42,3-4,-0.003993634084690556,-0.0007237898635792384,0.0361491447674005,,,,,,,0.006509800099864904,0.006232103082216342,-0.020711587955685194,0.14409385151558887,-0.020643815236290934,0.14406716326859134,0.005974172256397374,0.0175001746058393,-0.000616327483050072,-0.0008014276661383324,0.007328997720325692,,,,,,
iqnils_m1_n200_p6_fluidOnly_transpiration_fluxConsistent2_ddtCoeff1,iqnils,1,200,0.25,6,fluidOnly_transpiration_fluxConsistent2_ddtCoeff1,exact initial fields,tutorial,_87ed40d2-20251219 OPENFOAM=2512 version=2512,nan,9.42,4-5,-0.003993631803479114,-0.0007237822122393434,0.03614549964131908,,,,,,,0.0065132088948651745,0.006230413897493133,-0.020711588114271377,0.14409385182419798,-0.020643815283572668,0.14406716359479937,0.005974179492841798,0.01750033939941845,-0.0006163297459319539,-0.0008014298061448377,0.007333205180201086,,,,,,
iqnils_m1_n200_p6_fluidOnly_transpiration_fluxConsistent2_ddtCoeff1,iqnils,1,200,0.25,6,fluidOnly_transpiration_fluxConsistent2_ddtCoeff1,exact initial fields,tutorial,_87ed40d2-20251219 OPENFOAM=2512 version=2512,nan,9.42,5-6,-0.003993631211317239,-0.0007237804049139429,0.036144642380273595,,,,,,,0.006514010777718626,0.006230016529728105,-0.020711588151731068,0.14409385189177687,-0.020643815295846163,0.14406716366703395,0.00597418111761737,0.017500378139332546,-0.0006163302470181264,-0.0008014302747610946,0.007334194909661473,,,,,,
iqnils_m1_n200_p6_fluidOnly_transpiration_fluxConsistent_ddtCoeff1,iqnils,1,200,0.25,6,fluidOnly_transpiration_fluxConsistent_ddtCoeff1,exact initial fields,tutorial,_87ed40d2-20251219 OPENFOAM=2512 version=2512,nan,9.34,2-3,-0.004001349430172163,-0.0007016075299335345,0.035892672503159195,,,,,,,0.006485089531770516,0.006246079880434239,-0.020712047719812176,0.1441034789098877,-0.02064365532349112,0.144076740463418,0.006068716153166697,0.0174968811442449,-0.0006827593866833848,-0.0008681830193848494,0.007278988902165162,,,,,,
iqnils_m1_n200_p6_fluidOnly_transpiration_fluxConsistent_ddtCoeff1,iqnils,1,200,0.25,6,fluidOnly_transpiration_fluxConsistent_ddtCoeff1,exact initial fields,tutorial,_87ed40d2-20251219 OPENFOAM=2512 version=2512,nan,9.34,3-4,-0.004001534488078717,-0.0007016326330110401,0.03587703683881882,,,,,,,0.006499471647499311,0.006239007260639217,-0.02071204719951099,0.1441034951212799,-0.02064365148787183,0.14407675515101462,0.0060689703683013355,0.017497644427962596,-0.0006828612599418804,-0.0008682954199739079,0.007296828329593552,,,,,,
iqnils_m1_n200_p6_fluidOnly_transpiration_fluxConsistent_ddtCoeff1,iqnils,1,200,0.25,6,fluidOnly_transpiration_fluxConsistent_ddtCoeff1,exact initial fields,tutorial,_87ed40d2-20251219 OPENFOAM=2512 version=2512,nan,9.34,4-5,-0.004001532267944752,-0.000701625105175796,0.03587343988622815,,,,,,,0.006502836047814098,0.00623734003452652,-0.02071204735553734,0.14410349542670192,-0.020643651533887634,0.14407675547369217,0.006068977534983405,0.017497807019883835,-0.0006828634980351467,-0.0008682975375965407,0.00730098083113595,,,,,,
iqnils_m1_n200_p6_fluidOnly_transpiration_fluxConsistent_ddtCoeff1,iqnils,1,200,0.25,6,fluidOnly_transpiration_fluxConsistent_ddtCoeff1,exact initial fields,tutorial,_87ed40d2-20251219 OPENFOAM=2512 version=2512,nan,9.34,5-6,-0.00400153166890449,-0.00070162330764445,0.03587259394525821,,,,,,,0.006503627486843744,0.006236947832441982,-0.020712047392794034,0.14410349549324616,-0.020643651546303696,0.14407675554482804,0.006068979142371396,0.01749784525596638,-0.000682863991433913,-0.000868297998976586,0.007301957629411326,,,,,,
iqnils_m1_n200_p6_fluidOnly_transpiration_lsS4f,iqnils,1,200,0.25,6,fluidOnly_transpiration_lsS4f,exact initial fields,tutorial,_87ed40d2-20251219 OPENFOAM=2512 version=2512,nan,9.12,2-3,-0.008223020725762531,-0.0058843180280164775,0.031079498934859284,,,,,,,0.006115488802048041,0.006208126768155741,-0.02060462780603754,0.14383186150465668,-0.020556154474905247,0.14379894889918451,0.005764829904607935,0.017478101981059962,0.0012477269037975969,0.0010186144451898027,0.006810912275156955,,,,,,
iqnils_m1_n200_p6_fluidOnly_transpiration_lsS4f,iqnils,1,200,0.25,6,fluidOnly_transpiration_lsS4f,exact initial fields,tutorial,_87ed40d2-20251219 OPENFOAM=2512 version=2512,nan,9.12,3-4,-0.008223075671757729,-0.005884198260964646,0.031074184249447745,,,,,,,0.006120276349013132,0.006205803415988072,-0.020604630288400077,0.14383188569303326,-0.02055615333606215,0.14379897179748355,0.005764829436697116,0.017478398254331645,0.0012475674668450676,0.0010184461027176184,0.00681692814534407,,,,,,
iqnils_m1_n200_p6_fluidOnly_transpiration_lsS4f,iqnils,1,200,0.25,6,fluidOnly_transpiration_lsS4f,exact initial fields,tutorial,_87ed40d2-20251219 OPENFOAM=2512 version=2512,nan,9.12,4-5,-0.008223050379294716,-0.005884163458785285,0.031073017739728703,,,,,,,0.006121380922339492,0.006205254864469365,-0.02060463100973057,0.14383188784138198,-0.020556153860288653,0.1437989739975964,0.005764829559907109,0.017478450769999727,0.0012475521478370055,0.0010184311509795485,0.006818295973482824,,,,,,
iqnils_m1_n200_p6_fluidOnly_transpiration_lsS4f,iqnils,1,200,0.25,6,fluidOnly_transpiration_lsS4f,exact initial fields,tutorial,_87ed40d2-20251219 OPENFOAM=2512 version=2512,nan,9.12,5-6,-0.008223044368332877,-0.005884155262412705,0.031072744171003253,,,,,,,0.006121640088793123,0.0062051261505757,-0.02060463117961342,0.14383188834035357,-0.020556153984875394,0.14379897450914086,0.005764829583610064,0.01747846308354594,0.0012475485860408142,0.0010184276783160584,0.006818616872938277,,,,,,
iqnils_m1_n200_p6_fluidOnly_transpiration_noDdtCorr,iqnils,1,200,0.25,6,fluidOnly_transpiration_noDdtCorr,exact initial fields,tutorial,_87ed40d2-20251219 OPENFOAM=2512 version=2512,nan,8.9,2-3,-0.006924363872639394,-0.005275736861317437,0.030896848708439784,,,,,,,0.005502660932579451,0.005934707637252219,-0.020617241618149148,0.14365364847588155,-0.020583071202597624,0.14361972868835884,0.00552763409851779,0.017287051509703055,0.0024971640830990793,0.002260452442576222,0.0062501582188556615,,,,,,
iqnils_m1_n200_p6_fluidOnly_transpiration_noDdtCorr,iqnils,1,200,0.25,6,fluidOnly_transpiration_noDdtCorr,exact initial fields,tutorial,_87ed40d2-20251219 OPENFOAM=2512 version=2512,nan,8.9,3-4,-0.006924583261680328,-0.005275817323359022,0.030895755936214853,,,,,,,0.005503396399244576,0.005934400434918743,-0.02061723995044543,0.14365366365103294,-0.020583066655411,0.14361974221667295,0.005527632723319958,0.017287142748658273,0.002497069652512396,0.002260346566723914,0.0062511471785298145,,,,,,
iqnils_m1_n200_p6_fluidOnly_transpiration_noDdtCorr,iqnils,1,200,0.25,6,fluidOnly_transpiration_noDdtCorr,exact initial fields,tutorial,_87ed40d2-20251219 OPENFOAM=2512 version=2512,nan,8.9,4-5,-0.00692458352083003,-0.005275817142477157,0.03089559512750162,,,,,,,0.005503549567097643,0.0059343245367618255,-0.020617239954194493,0.14365366368665936,-0.02058306665003971,0.14361974225058316,0.005527632718698824,0.01728715012659421,0.002497069415811737,0.0022603463181611883,0.006251336411234654,,,,,,
iqnils_m1_n200_p6_fluidOnly_transpiration_noDdtCorr,iqnils,1,200,0.25,6,fluidOnly_transpiration_noDdtCorr,exact initial fields,tutorial,_87ed40d2-20251219 OPENFOAM=2512 version=2512,nan,8.9,5-6,-0.006924583483064128,-0.0052758170521327585,0.030895557492082837,,,,,,,0.00550358558690589,0.005934306680307604,-0.020617239956067027,0.14365366369014887,-0.02058306665082247,0.1436197422542945,0.005527632718698685,0.017287151853821375,0.0024970693899057927,0.0022603462938151075,0.006251380871630241,,,,,,
iqnils_m1_n200_p6_fluidOnly_transpiration_rigid,iqnils,1,200,0.25,6,fluidOnly_transpiration_rigid,exact initial fields,tutorial,_87ed40d2-20251219 OPENFOAM=2512 version=2512,nan,8.59,2-3,0.5844135645396835,1.212558834295732,-1.0038864874433997,,,,,,,-0.20292149418732297,0.0725813241626514,-0.04585879903754365,0.15849121778694314,-0.032839489789979456,0.16696288915171714,0.46298892025775223,0.19938797860280277,-0.13766243835399572,-0.09156877758355442,-4550.401638382377,,,,,,
iqnils_m1_n200_p6_fluidOnly_transpiration_rigid,iqnils,1,200,0.25,6,fluidOnly_transpiration_rigid,exact initial fields,tutorial,_87ed40d2-20251219 OPENFOAM=2512 version=2512,nan,8.59,3-4,0.5843983671170352,1.2125610768281034,-1.0039433059847036,,,,,,,-0.20292093285210333,0.07258075916986922,-0.04585884551759189,0.1584919824022759,-0.03283917479923647,0.16696371694276016,0.4629949404170614,0.19938396121468185,-0.1376667137458154,-0.09157316014241268,-4467.869273164767,,,,,,
iqnils_m1_n200_p6_fluidOnly_transpiration_rigid,iqnils,1,200,0.25,6,fluidOnly_transpiration_rigid,exact initial fields,tutorial,_87ed40d2-20251219 OPENFOAM=2512 version=2512,nan,8.59,4-5,0.5843983498201537,1.2125610881728592,-1.003943392259629,,,,,,,-0.20292076105172274,0.07258063267054389,-0.04585884575272999,0.15849198357050415,-0.0328391744407311,0.1669637182580763,0.46299495008394864,0.1993837138207457,-0.13766672053915285,-0.09157316683833416,-4467.745655666741,,,,,,
iqnils_m1_n200_p6_fluidOnly_transpiration_rigid,iqnils,1,200,0.25,6,fluidOnly_transpiration_rigid,exact initial fields,tutorial,_87ed40d2-20251219 OPENFOAM=2512 version=2512,nan,8.59,5-6,0.5843983512104765,1.212561090017243,-1.0039433921827337,,,,,,,-0.20292072060142108,0.07258060290171475,-0.045858845790957774,0.15849198357108082,-0.032839174469547754,0.1669637182706169,0.4629949501931419,0.1993836565914172,-0.1376667206039225,-0.09157316684163952,-4467.745598077582,,,,,,
iqnils_m1_n3200_p6_fluidOnly_transpiration_fluxConsistent,iqnils,1,3200,0.015625,6,fluidOnly_transpiration_fluxConsistent,exact initial fields,tutorial,_87ed40d2-20251219 OPENFOAM=2512 version=2512,nan,139.96,2-3,-0.003937761853955668,-0.0005512981289509389,0.03596397265984286,,,,,,,0.006723435984573811,0.006304096221527953,-0.020715163121087055,0.14410722957871538,-0.02064497327709027,0.1440807377051996,0.006171358754751008,0.017531588766544367,-0.000710483513383986,-0.0008941873535993627,0.007485697777417366,,,,,,
iqnils_m1_n3200_p6_fluidOnly_transpiration_fluxConsistent,iqnils,1,3200,0.015625,6,fluidOnly_transpiration_fluxConsistent,exact initial fields,tutorial,_87ed40d2-20251219 OPENFOAM=2512 version=2512,nan,139.96,3-4,-0.003937472939632758,-0.0005508782146539382,0.03595169262190123,,,,,,,0.006734704765663846,0.006298735005836468,-0.02071517182447838,0.1441072346344992,-0.020644979265298888,0.1440807422697658,0.006171555080377706,0.017532178973216263,-0.0007105151714882352,-0.0008942224057119086,0.0074995381278590845,,,,,,
iqnils_m1_n3200_p6_fluidOnly_transpiration_fluxConsistent,iqnils,1,3200,0.015625,6,fluidOnly_transpiration_fluxConsistent,exact initial fields,tutorial,_87ed40d2-20251219 OPENFOAM=2512 version=2512,nan,139.96,4-5,-0.003937440759570032,-0.0005508535136161674,0.035948886866715934,,,,,,,0.006737340233289757,0.006297471278782711,-0.020715172336446652,0.14410723199756995,-0.020644979932281843,0.14408073906427482,0.006171560114914716,0.017532297650522968,-0.0007104929394157189,-0.0008942041236921217,0.007502760095331906,,,,,,
iqnils_m1_n3200_p6_fluidOnly_transpiration_fluxConsistent,iqnils,1,3200,0.015625,6,fluidOnly_transpiration_fluxConsistent,exact initial fields,tutorial,_87ed40d2-20251219 OPENFOAM=2512 version=2512,nan,139.96,5-6,-0.003937432898028059,-0.0005508498048547583,0.03594822825104438,,,,,,,0.006737959197183896,0.006297173395753509,-0.020715172413316628,0.14410723087054242,-0.020644980095224797,0.14408073783612554,0.0061715579916782875,0.01753232574929266,-0.0007104844214368411,-0.0008941963099292627,0.00750351827069573,,,,,,
iqnils_m1_n3200_p6_fluidOnly_transpiration_fluxConsistent2,iqnils,1,3200,0.015625,6,fluidOnly_transpiration_fluxConsistent2,exact initial fields,tutorial,_87ed40d2-20251219 OPENFOAM=2512 version=2512,nan,138.12,2-3,-0.003937234515022814,-0.0005510331944724722,0.03598683766143829,,,,,,,0.006724008244898716,0.00630339338766953,-0.020715168612275275,0.14410720883605643,-0.02064498420702794,0.14408072035594566,0.006170951954998564,0.017531614625888467,-0.0007103631855043258,-0.0008940435432286398,0.0074879444136588535,,,,,,
iqnils_m1_n3200_p6_fluidOnly_transpiration_fluxConsistent2,iqnils,1,3200,0.015625,6,fluidOnly_transpiration_fluxConsistent2,exact initial fields,tutorial,_87ed40d2-20251219 OPENFOAM=2512 version=2512,nan,138.12,3-4,-0.0039369457963652765,-0.0005506128337628979,0.03597455276178607,,,,,,,0.006735282346997495,0.006298030899817168,-0.020715177324919207,0.14410721418852496,-0.02064499019118108,0.14408072522427112,0.006171149306357432,0.017532205359805465,-0.0007103969503758911,-0.0008940806522881317,0.007501791500811761,,,,,,
iqnils_m1_n3200_p6_fluidOnly_transpiration_fluxConsistent2,iqnils,1,3200,0.015625,6,fluidOnly_transpiration_fluxConsistent2,exact initial fields,tutorial,_87ed40d2-20251219 OPENFOAM=2512 version=2512,nan,138.12,4-5,-0.003936909584359105,-0.000550584860153025,0.035971745121213594,,,,,,,0.006737919210310972,0.006296766808291041,-0.02071517790471674,0.14410721135168164,-0.02064499094173247,0.14408072181991305,0.006171153535507105,0.01753232422851796,-0.0007103733390309008,-0.0008940609842442715,0.0075050150099749136,,,,,,
iqnils_m1_n3200_p6_fluidOnly_transpiration_fluxConsistent2,iqnils,1,3200,0.015625,6,fluidOnly_transpiration_fluxConsistent2,exact initial fields,tutorial,_87ed40d2-20251219 OPENFOAM=2512 version=2512,nan,138.12,5-6,-0.003936900471587346,-0.000550579874816326,0.03597108605652455,,,,,,,0.006738538506873004,0.0062964687611091995,-0.02071517800804577,0.1441072102083607,-0.020644991130609153,0.14408072058262614,0.00617115124780978,0.017532352353543588,-0.0007103647576747196,-0.0008940530575157757,0.007505773393936099,,,,,,
iqnils_m1_n3200_p6_fluidOnly_transpiration_fluxConsistent2_ddtCoeff1,iqnils,1,3200,0.015625,6,fluidOnly_transpiration_fluxConsistent2_ddtCoeff1,exact initial fields,tutorial,_87ed40d2-20251219 OPENFOAM=2512 version=2512,nan,137.78,2-3,-0.003941941174809616,-0.0005575496378840139,0.036094572947603654,,,,,,,0.006718634220413522,0.0063018637294365645,-0.0207150335486267,0.14410682576060843,-0.02064488665402191,0.1440803221078688,0.006175207315423681,0.017521938652283214,-0.000707601079130149,-0.0008913876457036229,0.00750572084401635,,,,,,
iqnils_m1_n3200_p6_fluidOnly_transpiration_fluxConsistent2_ddtCoeff1,iqnils,1,3200,0.015625,6,fluidOnly_transpiration_fluxConsistent2_ddtCoeff1,exact initial fields,tutorial,_87ed40d2-20251219 OPENFOAM=2512 version=2512,nan,137.78,3-4,-0.00394213448282188,-0.000557584786113341,0.036082338493489186,,,,,,,0.006729916143313641,0.006296530915413181,-0.020715032820123772,0.14410684198508708,-0.020644882647406066,0.14408033675696982,0.006175459480038277,0.01752254477215676,-0.0007077026803314901,-0.0008915001318016147,0.007519591217157062,,,,,,
iqnils_m1_n3200_p6_fluidOnly_transpiration_fluxConsistent2_ddtCoeff1,iqnils,1,3200,0.015625,6,fluidOnly_transpiration_fluxConsistent2_ddtCoeff1,exact initial fields,tutorial,_87ed40d2-20251219 OPENFOAM=2512 version=2512,nan,137.78,4-5,-0.003942132858838265,-0.0005575789966235645,0.03607954766589416,,,,,,,0.00673255165781117,0.00629527270693915,-0.020715032940120153,0.14410684222728337,-0.020644882681065707,0.14408033701183282,0.006175465136719062,0.01752267087150882,-0.0007077044479746331,-0.0008915018109750816,0.007522810323423945,,,,,,
iqnils_m1_n3200_p6_fluidOnly_transpiration_fluxConsistent2_ddtCoeff1,iqnils,1,3200,0.015625,6,fluidOnly_transpiration_fluxConsistent2_ddtCoeff1,exact initial fields,tutorial,_87ed40d2-20251219 OPENFOAM=2512 version=2512,nan,137.78,5-6,-0.0039421324204238495,-0.000557577627867567,0.036078891319911266,,,,,,,0.0067331716477594394,0.006294976714679652,-0.020715032968489797,0.1441068422793268,-0.020644882690152543,0.1440803370675184,0.006175466415304974,0.01752270050797515,-0.0007077048341910253,-0.0008915021717977867,0.007523567563677558,,,,,,
iqnils_m1_n3200_p6_fluidOnly_transpiration_fluxConsistent2_pimple10,iqnils,1,3200,0.015625,6,fluidOnly_transpiration_fluxConsistent2_pimple10,exact initial fields,tutorial,_87ed40d2-20251219 OPENFOAM=2512 version=2512,nan,539.32,2-3,-0.0039372422561188,-0.0005510376827547736,0.03598689609689809,,,,,,,0.0067240123426155485,0.006303394651412329,-0.02071516851924849,0.1441072113849499,-0.02064498404658142,0.14408072289206564,0.006170974176881845,0.017531623322264274,-0.0007103807750774571,-0.0008940612148955474,0.00748794989649193,,,,,,
iqnils_m1_n3200_p6_fluidOnly_transpiration_fluxConsistent2_pimple10,iqnils,1,3200,0.015625,6,fluidOnly_transpiration_fluxConsistent2_pimple10,exact initial fields,tutorial,_87ed40d2-20251219 OPENFOAM=2512 version=2512,nan,539.32,3-4,-0.00393695347557832,-0.0005506172588853886,0.035974611119886646,,,,,,,0.006735286471382551,0.006298032156789161,-0.02071517723320151,0.14410721673532942,-0.020644990032017183,0.14408072775844313,0.006171171508154599,0.01753221406930091,-0.0007104145264374973,-0.0008940983094705146,0.007501797011416844,,,,,,
iqnils_m1_n3200_p6_fluidOnly_transpiration_fluxConsistent2_pimple10,iqnils,1,3200,0.015625,6,fluidOnly_transpiration_fluxConsistent2_pimple10,exact initial fields,tutorial,_87ed40d2-20251219 OPENFOAM=2512 version=2512,nan,539.32,4-5,-0.003936917297795772,-0.000550589328307205,0.0359718034367118,,,,,,,0.006737923340790264,0.006296768063866558,-0.020715177812107143,0.1441072138979695,-0.020644990781859236,0.14408072435345246,0.006171175746592353,0.017532332962283726,-0.0007103909107057937,-0.000894078637845741,0.007505020528992379,,,,,,
iqnils_m1_n3200_p6_fluidOnly_transpiration_fluxConsistent2_pimple10,iqnils,1,3200,0.015625,6,fluidOnly_transpiration_fluxConsistent2_pimple10,exact initial fields,tutorial,_87ed40d2-20251219 OPENFOAM=2512 version=2512,nan,539.32,5-6,-0.003936908245035342,-0.000550584409083732,0.035971144376297115,,,,,,,0.006738542639104006,0.0062964700157530345,-0.02071517791406587,0.14410721275498295,-0.020644990969492086,0.1440807231164762,0.0061711734623389105,0.01753236108132065,-0.0007103823315046665,-0.000894070713435835,0.007505778913693195,,,,,,
iqnils_m1_n3200_p6_fluidOnly_transpiration_fluxConsistent_ddtCoeff1,iqnils,1,3200,0.015625,6,fluidOnly_transpiration_fluxConsistent_ddtCoeff1,exact initial fields,tutorial,_87ed40d2-20251219 OPENFOAM=2512 version=2512,nan,136.63,2-3,-0.003942553130004134,-0.0005578878327899828,0.03607164558575238,,,,,,,0.0067181201932913215,0.006302548782929782,-0.020715026538999662,0.14410685123286787,-0.02064487397027771,0.14408034401171882,0.006175616454053158,0.01752191585832478,-0.0007077529968048113,-0.0008915642476734487,0.007503534142609736,,,,,,
iqnils_m1_n3200_p6_fluidOnly_transpiration_fluxConsistent_ddtCoeff1,iqnils,1,3200,0.015625,6,fluidOnly_transpiration_fluxConsistent_ddtCoeff1,exact initial fields,tutorial,_87ed40d2-20251219 OPENFOAM=2512 version=2512,nan,136.63,3-4,-0.003942746474718151,-0.000557923031402896,0.0360594175573028,,,,,,,0.006729396230206852,0.00629721876712228,-0.020715025809452454,0.14410686745687631,-0.02064486996290116,0.14408035866023694,0.00617586861464689,0.017522521653347414,-0.000707854593932411,-0.0008916767304716355,0.007517397285248029,,,,,,
iqnils_m1_n3200_p6_fluidOnly_transpiration_fluxConsistent_ddtCoeff1,iqnils,1,3200,0.015625,6,fluidOnly_transpiration_fluxConsistent_ddtCoeff1,exact initial fields,tutorial,_87ed40d2-20251219 OPENFOAM=2512 version=2512,nan,136.63,4-5,-0.003942744828300704,-0.0005579172194565274,0.03605662819387323,,,,,,,0.0067320303597997455,0.006295961216933775,-0.020715025929914282,0.14410686769919503,-0.02064486999702578,0.14408035891532078,0.006175874276731445,0.01752264767472915,-0.0007078563631068846,-0.0008916784104932018,0.007520614689896066,,,,,,
iqnils_m1_n3200_p6_fluidOnly_transpiration_fluxConsistent_ddtCoeff1,iqnils,1,3200,0.015625,6,fluidOnly_transpiration_fluxConsistent_ddtCoeff1,exact initial fields,tutorial,_87ed40d2-20251219 OPENFOAM=2512 version=2512,nan,136.63,5-6,-0.003942744370274753,-0.0005579158380324412,0.03605597218641088,,,,,,,0.006732650023962394,0.006295665379623697,-0.020715025958546494,0.14410686775061657,-0.020644870006519097,0.14408035897042915,0.006175875536809623,0.017522677321946102,-0.0007078567453195905,-0.0008916787670042448,0.007521371527237086,,,,,,
iqnils_m1_n3200_p6_fluidOnly_transpiration_fluxConsistent_pimple10,iqnils,1,3200,0.015625,6,fluidOnly_transpiration_fluxConsistent_pimple10,exact initial fields,tutorial,_87ed40d2-20251219 OPENFOAM=2512 version=2512,nan,556.9,2-3,-0.00393783233370093,-0.0005514371398586126,0.03596403291925032,,,,,,,0.006723436317285891,0.0063040962037182865,-0.020715160239865017,0.14410721060065193,-0.020644971816285513,0.1440807184658513,0.006171247179635282,0.017531595412158367,-0.0007103500765212045,-0.0008940557772998403,0.0074856974390180575,,,,,,
iqnils_m1_n3200_p6_fluidOnly_transpiration_fluxConsistent_pimple10,iqnils,1,3200,0.015625,6,fluidOnly_transpiration_fluxConsistent_pimple10,exact initial fields,tutorial,_87ed40d2-20251219 OPENFOAM=2512 version=2512,nan,556.9,3-4,-0.003937543300045365,-0.0005510171344899062,0.035951753114938034,,,,,,,0.006734704872703778,0.006298735105427243,-0.020715168945143945,0.1441072156504139,-0.020644977806967488,0.14408072302451508,0.006171443458808658,0.017532185613644113,-0.0007103816936968599,-0.0008940907876716642,0.007499537519706889,,,,,,
iqnils_m1_n3200_p6_fluidOnly_transpiration_fluxConsistent_pimple10,iqnils,1,3200,0.015625,6,fluidOnly_transpiration_fluxConsistent_pimple10,exact initial fields,tutorial,_87ed40d2-20251219 OPENFOAM=2512 version=2512,nan,556.9,4-5,-0.003937511194200494,-0.0005509925045036335,0.03594894725422093,,,,,,,0.006737340287452209,0.006297471401864597,-0.020715169455639563,0.1441072130162405,-0.02064497847241216,0.14408071982143456,0.006171448499305753,0.01753230429433248,-0.0007103594783365308,-0.0008940725247535974,0.007502759431223138,,,,,,
iqnils_m1_n3200_p6_fluidOnly_transpiration_fluxConsistent_pimple10,iqnils,1,3200,0.015625,6,fluidOnly_transpiration_fluxConsistent_pimple10,exact initial fields,tutorial,_87ed40d2-20251219 OPENFOAM=2512 version=2512,nan,556.9,5-6,-0.003937503316437163,-0.0005509887717622952,0.0359482886005289,,,,,,,0.006737959239839331,0.006297173523819129,-0.02071516953300656,0.14410721189201253,-0.020644978635691327,0.14408071859600516,0.006171446388978822,0.01753233238665234,-0.000710350979219343,-0.0008940647303982141,0.0075035175843305435,,,,,,
iqnils_m1_n400_p12,iqnils,1,400,0.125,12,base,exact initial fields,tutorial,_87ed40d2-20251219 OPENFOAM=2512 version=2512,16.660833333333333,1887.79,10-11,-0.004892010468840802,0.0015000217380352066,0.049219673564930844,0.011097894884857906,-0.0006049209970724625,0.006845383659112914,-0.003933587216017455,0.007643213429667339,0.003900754476730597,0.005893299487897297,0.006176763305646426,-0.020757679986213393,0.14430188454599924,-0.02062519495762434,0.1442731520155063,0.01049986852665233,0.01785284877199027,-0.0020432165993764517,-0.002241923801294843,0.013189421874889362,-0.009989805158522325,-0.0029490481375980147,-0.006848520405611236,0.0013655910024308509,-0.005514205504500991,-0.005703279882342866
iqnils_m1_n400_p12,iqnils,1,400,0.125,12,base,exact initial fields,tutorial,_87ed40d2-20251219 OPENFOAM=2512 version=2512,16.660833333333333,1887.79,11-12,-0.004892009549604892,0.0015000258358832674,0.04921971222448307,0.011097902873536514,-0.0006049125129215888,0.006845365872843789,-0.003933595055087381,0.007643234766504303,0.0039007816713222377,0.00589329416976625,0.006176776108977449,-0.02075768007114781,0.14430188204772953,-0.020625194976676964,0.14427314983848982,0.010499892687855518,0.01785284733453844,-0.002043201540660622,-0.0022419065273082683,0.013189499652448422,-0.009989838359286018,-0.0029490140714409033,-0.006848562409623171,0.0013655993804726936,-0.005514243828641963,-0.005703234474791526
iqnils_m1_n400_p12,iqnils,1,400,0.125,12,base,exact initial fields,tutorial,_87ed40d2-20251219 OPENFOAM=2512 version=2512,16.660833333333333,1887.79,2-3,-0.005838648329731466,0.0006382055105089712,0.050784655484310326,0.011096147816997304,-0.00061037003781198,0.0068637260719903725,-0.003972415413571992,0.007589827403788663,0.0038965995921699764,0.005873679162698542,0.006199177611574074,-0.02073981747491073,0.14431675545971462,-0.020605574383133388,0.14428285634883192,0.010696912375282731,0.01784766373581255,-0.002110338262446887,-0.0023447363556148293,0.013179151630173802,-0.010091027959898136,-0.003307891214518668,-0.007020061029780034,0.0012091833536542836,-0.005439110207141162,-0.005981961043661249
iqnils_m1_n400_p12,iqnils,1,400,0.125,12,base,exact initial fields,tutorial,_87ed40d2-20251219 OPENFOAM=2512 version=2512,16.660833333333333,1887.79,3-4,-0.0046375757515084715,0.0017279900994962016,0.04882718534697128,0.011097567592455837,-0.0006074923213267884,0.006839440765431304,-0.003923120164306659,0.007658163197226342,0.003897424303507608,0.005888448124343748,0.006181083139445506,-0.020762404992894848,0.14429827596935352,-0.020630468521603502,0.1442709422082384,0.010442189608521946,0.017854014897565343,-0.0020279308313677635,-0.0022169721068434622,0.01316305360321568,-0.009954197457081926,-0.00285124676688705,-0.006794165413196884,0.0014087051599407869,-0.0055277674363182205,-0.005628655599828474
iqnils_m1_n400_p12,iqnils,1,400,0.125,12,base,exact initial fields,tutorial,_87ed40d2-20251219 OPENFOAM=2512 version=2512,16.660833333333333,1887.79,4-5,-0.004957453865005235,0.0014429090505001518,0.04932696498512068,0.01109770550343514,-0.0006055685084003087,0.0068462519474341565,-0.003937124839709056,0.007639080682819488,0.0039009450185330374,0.005892039100790614,0.006177646030088992,-0.020756496234974976,0.1443030922569784,-0.02062383853920666,0.1442739913050466,0.010516721131132023,0.017852542641861046,-0.002049022044158244,-0.002250274304145039,0.013193939329119164,-0.010001215144765485,-0.0029756956653804617,-0.006863135579077473,0.0013552770135322652,-0.005511364810358965,-0.005725760565027272
iqnils_m1_n400_p12,iqnils,1,400,0.125,12,base,exact initial fields,tutorial,_87ed40d2-20251219 OPENFOAM=2512 version=2512,16.660833333333333,1887.79,5-6,-0.004874478995264164,0.0015149539195142836,0.04919342922798675,0.011097819400787579,-0.0006051434282561601,0.006845181444929516,-0.003932626537497122,0.0076442740791011765,0.0039001544469702133,0.005893008458324189,0.006176862127001351,-0.020757989479411508,0.14430157531810803,-0.020625558325283143,0.1442729383790943,0.010494707555762275,0.01785287697779004,-0.0020417388454128105,-0.0022397856775414615,0.01318594045321464,-0.00998585525526563,-0.0029420403877858567,-0.006843702974912214,0.0013682518873976606,-0.005514298882080881,-0.005697547306793301
iqnils_m1_n400_p12,iqnils,1,400,0.125,12,base,exact initial fields,tutorial,_87ed40d2-20251219 OPENFOAM=2512 version=2512,16.660833333333333,1887.79,6-7,-0.004896302626745563,0.0014964488250672758,0.04922633344616156,0.011097849894355472,-0.0006049896900626504,0.006845472686905163,-0.003933837845527143,0.007642828493588549,0.003900733143664657,0.005893237800239648,0.0061767506074120555,-0.02075760593191245,0.14430198514922912,-0.02062510599582873,0.14427322700402637,0.010501147961531385,0.017852828672102503,-0.002043735304778971,-0.0022426194097787677,0.013189830368814937,-0.009990771322821779,-0.002951027010783894,-0.006849551016054556,0.0013649319395131706,-0.005514065992332284,-0.005705106320951603
iqnils_m1_n400_p12,iqnils,1,400,0.125,12,base,exact initial fields,tutorial,_87ed40d2-20251219 OPENFOAM=2512 version=2512,16.660833333333333,1887.79,7-8,-0.004890801217400154,0.0015009707506488112,0.04921782713485867,0.01109786761508147,-0.0006049559506126624,0.006845430252143014,-0.003933478834751303,0.007643242299455011,0.003900618554733166,0.005893295903438567,0.006176730391003584,-0.02075769965600841,0.14430186344737608,-0.020625220021282736,0.14427313677114736,0.010499346096199689,0.017852852514045735,-0.0020431111520856637,-0.0022417779173738994,0.01318884221495975,-0.009989313388487742,-0.002948610807377048,-0.006847993502213101,0.0013657289467754548,-0.005514043535312374,-0.005702922903030573
iqnils_m1_n400_p12,iqnils,1,400,0.125,12,base,exact initial fields,tutorial,_87ed40d2-20251219 OPENFOAM=2512 version=2512,16.660833333333333,1887.79,8-9,-0.004892233576035521,0.0014998384928410768,0.049219936901085726,0.011097878023902163,-0.0006049393522356573,0.006845418657336788,-0.003933588172414841,0.007643153538080094,0.0039007076289153866,0.005893305742502353,0.006176739176490105,-0.02075767618816545,0.1443018948089658,-0.020625190333373067,0.14427316036658047,0.010499903057243708,0.01785285036075889,-0.0020432743648756135,-0.002241994763341415,0.01318932093063574,-0.009989811056675846,-0.00294921624589891,-0.006848508721832736,0.0013655442794474528,-0.0055141379843727245,-0.005703464010559623
iqnils_m1_n400_p12,iqnils,1,400,0.125,12,base,exact initial fields,tutorial,_87ed40d2-20251219 OPENFOAM=2512 version=2512,16.660833333333333,1887.79,9-10,-0.0048919046700554025,0.0015000933083415546,0.049219490505547414,0.011097886751661123,-0.0006049298217866362,0.006845402660175193,-0.003933569306980128,0.007643201867774563,0.003900719890150776,0.005893304113062214,0.006176750553984719,-0.020757681469621765,0.14430188378728545,-0.02062519715047235,0.1442731515475239,0.01049979198190167,0.01785285018296734,-0.002043213362279306,-0.002241918555259348,0.01318929745973918,-0.009989721252194328,-0.0029490294308396306,-0.006848432921837455,0.0013655942031884649,-0.005514154536216287,-0.005703271938568424
iqnils_m1_n400_p6_fluidOnly,iqnils,1,400,0.125,6,fluidOnly,exact initial fields,tutorial,_87ed40d2-20251219 OPENFOAM=2512 version=2512,nan,24.29,2-3,-0.0071064951652232144,-0.003715320326103777,0.039387157368371284,,,,,,,0.005761163617015841,0.0061973643745783825,-0.02064958373135944,0.14409323291464501,-0.020579296242033602,0.14405867678040815,0.006392846968488532,0.017356092973688,-0.0005574538496331272,-0.0007971380463730471,0.007110168409186768,,,,,,
iqnils_m1_n400_p6_fluidOnly,iqnils,1,400,0.125,6,fluidOnly,exact initial fields,tutorial,_87ed40d2-20251219 OPENFOAM=2512 version=2512,nan,24.29,3-4,-0.007108869100660775,-0.0037190241456533935,0.03936347519321948,,,,,,,0.00578373439155877,0.006186505049464847,-0.020649506963811494,0.14409282140036783,-0.020579247038447927,0.14405826318738382,0.0063907240612523075,0.0173573599012655,-0.0005545844379371001,-0.0007942844257727844,0.007138036439021889,,,,,,
iqnils_m1_n400_p6_fluidOnly,iqnils,1,400,0.125,6,fluidOnly,exact initial fields,tutorial,_87ed40d2-20251219 OPENFOAM=2512 version=2512,nan,24.29,4-5,-0.007109527088234313,-0.0037200470410623243,0.03935821584481669,,,,,,,0.005788994109346746,0.006183984994759835,-0.020649485762678096,0.1440927096052749,-0.020579233400609496,0.14405815093859112,0.006390162261107245,0.01735766150060606,-0.0005538056792168122,-0.0007935091867191657,0.0071445573443209565,,,,,,
iqnils_m1_n400_p6_fluidOnly,iqnils,1,400,0.125,6,fluidOnly,exact initial fields,tutorial,_87ed40d2-20251219 OPENFOAM=2512 version=2512,nan,24.29,5-6,-0.007109735211600077,-0.0037203415902610226,0.03935722105692441,,,,,,,0.005790199019718445,0.0061833990124528365,-0.020649479657677723,0.14409268182133902,-0.020579229086921898,0.14405812290382955,0.006390047333514888,0.01735772968854135,-0.0005536111796967669,-0.0007933165198278358,0.007146109609791784,,,,,,
iqnils_m1_n400_p6_fluidOnly_pimple10,iqnils,1,400,0.125,6,fluidOnly_pimple10,exact initial fields,tutorial,_87ed40d2-20251219 OPENFOAM=2512 version=2512,nan,82.1,2-3,-0.007028436683771622,-0.003638922280684076,0.03938116732538721,,,,,,,0.005762142631378531,0.006197585916242265,-0.020651167202297007,0.14409271238871352,-0.020580914128147443,0.14405826869491842,0.006385625566738673,0.017356402042341162,-0.0005546226480325211,-0.0007935284883888727,0.007111465768156577,,,,,,
iqnils_m1_n400_p6_fluidOnly_pimple10,iqnils,1,400,0.125,6,fluidOnly_pimple10,exact initial fields,tutorial,_87ed40d2-20251219 OPENFOAM=2512 version=2512,nan,82.1,3-4,-0.007030797001751576,-0.003642615736304866,0.03935755299338317,,,,,,,0.005784651110037453,0.00618675658357474,-0.02065109064955796,0.1440922997176367,-0.020580865206805226,0.14405785389636191,0.006383494416168222,0.017357666201750766,-0.0005517448563078231,-0.0007906668253342408,0.007139256946012917,,,,,,
iqnils_m1_n400_p6_fluidOnly_pimple10,iqnils,1,400,0.125,6,fluidOnly_pimple10,exact initial fields,tutorial,_87ed40d2-20251219 OPENFOAM=2512 version=2512,nan,82.1,4-5,-0.00703145160764207,-0.003643636157514618,0.0393523087632035,,,,,,,0.005789896082184276,0.0061842434505569215,-0.020651069499706274,0.14409218761953604,-0.02058085163905755,0.14405774132838764,0.006382930738025965,0.01735796684553278,-0.0005509638787328797,-0.0007898894794540201,0.007145759877349667,,,,,,
iqnils_m1_n400_p6_fluidOnly_pimple10,iqnils,1,400,0.125,6,fluidOnly_pimple10,exact initial fields,tutorial,_87ed40d2-20251219 OPENFOAM=2512 version=2512,nan,82.1,5-6,-0.0070316590488198605,-0.0036439302798875195,0.0393513177362963,,,,,,,0.00579109755019358,0.006183659062709504,-0.020651063403552543,0.1440921597572681,-0.020580847339509382,0.14405771321094565,0.006382815323017335,0.017358034796281882,-0.0005507688044833481,-0.0007896962679714292,0.007147307870684072,,,,,,
iqnils_m1_n400_p6_fluidOnly_transpiration,iqnils,1,400,0.125,6,fluidOnly_transpiration,exact initial fields,tutorial,_87ed40d2-20251219 OPENFOAM=2512 version=2512,nan,18.85,2-3,-0.006507617614036176,-0.0036258380551656977,0.033544108803682526,,,,,,,0.006454056866954216,0.0064009439047831174,-0.02065143839367023,0.1439551645309604,-0.02059170893128836,0.14392393855086918,0.005811382113593626,0.01750737606676419,0.0003782009173924905,0.00016120425813870298,0.007282119316467162,,,,,,
iqnils_m1_n400_p6_fluidOnly_transpiration,iqnils,1,400,0.125,6,fluidOnly_transpiration,exact initial fields,tutorial,_87ed40d2-20251219 OPENFOAM=2512 version=2512,nan,18.85,3-4,-0.006507592727967082,-0.0036257909439603164,0.03353437007993176,,,,,,,0.006462958069807234,0.006396671544400654,-0.02065143937012485,0.1439551447040066,-0.0205917094470917,0.14392391733167045,0.005811380412640916,0.01750785902542107,0.0003783484065953413,0.000161342010422727,0.007293159246347658,,,,,,
iqnils_m1_n400_p6_fluidOnly_transpiration,iqnils,1,400,0.125,6,fluidOnly_transpiration,exact initial fields,tutorial,_87ed40d2-20251219 OPENFOAM=2512 version=2512,nan,18.85,4-5,-0.006507510000998029,-0.0036257434030789737,0.03353218836078686,,,,,,,0.006465030796735327,0.006395664577746777,-0.02065144035548519,0.14395513506069935,-0.02059171116173964,0.1439239079467922,0.005811380226881392,0.017507956892767868,0.00037841363848878373,0.00016140900951344683,0.007295708381951593,,,,,,
iqnils_m1_n400_p6_fluidOnly_transpiration,iqnils,1,400,0.125,6,fluidOnly_transpiration,exact initial fields,tutorial,_87ed40d2-20251219 OPENFOAM=2512 version=2512,nan,18.85,5-6,-0.006507491336184668,-0.003625732984613772,0.0335316758211639,,,,,,,0.006465517702146206,0.006395428017630061,-0.020651440571424443,0.14395513278646546,-0.02059171154859757,0.14392390572996486,0.005811380164791618,0.017507979876182703,0.0003784290470909557,0.00016142481027658917,0.0072963071825349335,,,,,,
iqnils_m1_n400_p6_fluidOnly_transpiration_ddtCoeff1,iqnils,1,400,0.125,6,fluidOnly_transpiration_ddtCoeff1,exact initial fields,tutorial,_87ed40d2-20251219 OPENFOAM=2512 version=2512,nan,18.25,2-3,-0.006240785192023979,-0.0034198534064785457,0.03364934090856564,,,,,,,0.006465579829805668,0.00641934008952942,-0.02065570775295801,0.14394325516649029,-0.020597239457405037,0.14391247107876765,0.005812636187470411,0.017510102132056397,0.0004579147116454685,0.00024395411881550366,0.007302826106641236,,,,,,
iqnils_m1_n400_p6_fluidOnly_transpiration_ddtCoeff1,iqnils,1,400,0.125,6,fluidOnly_transpiration_ddtCoeff1,exact initial fields,tutorial,_87ed40d2-20251219 OPENFOAM=2512 version=2512,nan,18.25,3-4,-0.006240992594073513,-0.003419906354059199,0.03363958885709173,,,,,,,0.006474555238528801,0.00641503045377477,-0.020655706655535233,0.14394327135314805,-0.020597235158667862,0.1439124856603839,0.005812635195268599,0.017510596441774346,0.0004578133424464337,0.00024384163973656392,0.007313937291165917,,,,,,
iqnils_m1_n400_p6_fluidOnly_transpiration_ddtCoeff1,iqnils,1,400,0.125,6,fluidOnly_transpiration_ddtCoeff1,exact initial fields,tutorial,_87ed40d2-20251219 OPENFOAM=2512 version=2512,nan,18.25,4-5,-0.006240991397310824,-0.0034199018060846464,0.03363738640208602,,,,,,,0.006476648063399981,0.006414013107754313,-0.020655706749799236,0.14394327155171296,-0.020597235183472673,0.14391248586842587,0.00581263515104593,0.01751069648050825,0.0004578118961702238,0.0002438402599338474,0.007316507360242364,,,,,,
iqnils_m1_n400_p6_fluidOnly_transpiration_ddtCoeff1,iqnils,1,400,0.125,6,fluidOnly_transpiration_ddtCoeff1,exact initial fields,tutorial,_87ed40d2-20251219 OPENFOAM=2512 version=2512,nan,18.25,5-6,-0.0062409910455129,-0.0034199007177582175,0.03363686846603575,,,,,,,0.0064771403829257945,0.006413773778902255,-0.020655706772356532,0.14394327159257375,-0.020597235190764243,0.1439124859120893,0.005812635134735716,0.017510719994391938,0.0004578115926285875,0.00024383997599719542,0.007317111919801,,,,,,
iqnils_m1_n400_p6_fluidOnly_transpiration_endsDirichletU,iqnils,1,400,0.125,6,fluidOnly_transpiration_endsDirichletU,exact initial fields,tutorial,_87ed40d2-20251219 OPENFOAM=2512 version=2512,nan,19.93,2-3,-10.156820336830847,-6.2731448876702975,-0.004155024479272851,,,,,,,0.003125393285325906,-0.0011929855208976917,0.1092943102579667,0.0763516656753404,0.18978965763108457,0.0882755797322528,1.0077617070446254,0.016202778954767745,0.6310101973066873,0.8857266497457059,0.0018520138868682867,,,,,,
iqnils_m1_n400_p6_fluidOnly_transpiration_endsDirichletU,iqnils,1,400,0.125,6,fluidOnly_transpiration_endsDirichletU,exact initial fields,tutorial,_87ed40d2-20251219 OPENFOAM=2512 version=2512,nan,19.93,3-4,-10.403531346136203,-6.027637297795345,-0.0052984837721175015,,,,,,,0.003116836119603228,-0.001132762174696638,0.10420577518637804,0.07070787847765769,0.19490313548338548,0.07923409458290614,1.0083094259106522,0.016105408795771606,0.8171264715571767,1.0362422662979234,0.0008480954190430712,,,,,,
iqnils_m1_n400_p6_fluidOnly_transpiration_endsDirichletU,iqnils,1,400,0.125,6,fluidOnly_transpiration_endsDirichletU,exact initial fields,tutorial,_87ed40d2-20251219 OPENFOAM=2512 version=2512,nan,19.93,4-5,-10.307291536520388,-5.888019461432756,-0.0049547478565293845,,,,,,,0.002886740945015731,-0.0005338195307415635,0.10131197358410489,0.07127102911902325,0.19290841244137066,0.07906118245226473,1.007868532972241,0.015863711411036287,0.8211006495304389,1.0201528236111015,5.553885585452001e-05,,,,,,
iqnils_m1_n400_p6_fluidOnly_transpiration_endsDirichletU,iqnils,1,400,0.125,6,fluidOnly_transpiration_endsDirichletU,exact initial fields,tutorial,_87ed40d2-20251219 OPENFOAM=2512 version=2512,nan,19.93,5-6,-9.943644401647127,-5.7839048535621345,-0.004381909789269556,,,,,,,0.002318513733659877,0.0003809270781010083,0.09915403283007686,0.07771428664940254,0.18537124749902478,0.08435713986117703,1.0078135322694723,0.01567775513300489,0.7067716017091494,0.8526628361912751,9.656644917899193e-05,,,,,,
iqnils_m1_n400_p6_fluidOnly_transpiration_endsFixedGradient,iqnils,1,400,0.125,6,fluidOnly_transpiration_endsFixedGradient,exact initial fields,tutorial,_87ed40d2-20251219 OPENFOAM=2512 version=2512,nan,15.74,2-3,-0.0054395146596580846,-0.001225002635221406,0.08544339603049633,,,,,,,0.008129358669609621,0.010173821615406203,-0.020701199524239437,0.1441260297590814,-0.02061384706292897,0.1441112982508901,0.007368889423264202,0.01819579569339313,-0.0009223949547303434,-0.0010245133572635012,-0.0073334403082450095,,,,,,
iqnils_m1_n400_p6_fluidOnly_transpiration_endsFixedGradient,iqnils,1,400,0.125,6,fluidOnly_transpiration_endsFixedGradient,exact initial fields,tutorial,_87ed40d2-20251219 OPENFOAM=2512 version=2512,nan,15.74,3-4,-0.005452439208995519,-0.0012379375525949365,0.08535351230561172,,,,,,,0.008211874795838403,0.010133515588698419,-0.020700931427514863,0.1441259471564417,-0.020613579181098424,0.14411117129899612,0.0073690528115852826,0.01819956677432978,-0.0009215148370192994,-0.001023940816275437,-0.00723434880506113,,,,,,
iqnils_m1_n400_p6_fluidOnly_transpiration_endsFixedGradient,iqnils,1,400,0.125,6,fluidOnly_transpiration_endsFixedGradient,exact initial fields,tutorial,_87ed40d2-20251219 OPENFOAM=2512 version=2512,nan,15.74,4-5,-0.005455602680449645,-0.0012409943317359673,0.08533228196599119,,,,,,,0.008231256944737364,0.010124026026114607,-0.020700868070907954,0.14412594593165035,-0.020613513613123722,0.14411115796528395,0.007369094205560743,0.01820044629454508,-0.0009214223984800318,-0.001023932326914112,-0.007211066873664018,,,,,,
iqnils_m1_n400_p6_fluidOnly_transpiration_endsFixedGradient,iqnils,1,400,0.125,6,fluidOnly_transpiration_endsFixedGradient,exact initial fields,tutorial,_87ed40d2-20251219 OPENFOAM=2512 version=2512,nan,15.74,5-6,-0.0054563959048975486,-0.001241767394923432,0.08532729781013981,,,,,,,0.008235816491841907,0.010121797006305628,-0.02070085204794449,0.14412594595390904,-0.02061349717228609,0.1441111546525775,0.007369104089744557,0.018200652780184293,-0.000921399432498915,-0.0010239324811951445,-0.007205586742553227,,,,,,
iqnils_m1_n400_p6_fluidOnly_transpiration_endsFixedGradient_noDdtCorr,iqnils,1,400,0.125,6,fluidOnly_transpiration_endsFixedGradient_noDdtCorr,exact initial fields,tutorial,_87ed40d2-20251219 OPENFOAM=2512 version=2512,nan,14.57,2-3,-0.008194923456150027,-0.004368752125092579,0.064751617594071,,,,,,,0.005661275472350624,0.00998522444711876,-0.020636040318596765,0.1441283002227314,-0.020556736835482824,0.14409585018523663,0.007286633772087544,0.017901389122048996,-0.0008152869678186292,-0.001040250291135414,0.0021205912374822056,,,,,,
iqnils_m1_n400_p6_fluidOnly_transpiration_endsFixedGradient_noDdtCorr,iqnils,1,400,0.125,6,fluidOnly_transpiration_endsFixedGradient_noDdtCorr,exact initial fields,tutorial,_87ed40d2-20251219 OPENFOAM=2512 version=2512,nan,14.57,3-4,-0.00819507087189253,-0.0043686511669075445,0.06467618790366791,,,,,,,0.005729186253074836,0.009951944485378564,-0.02063604241111564,0.14412832312071364,-0.02055673378005722,0.14409587190243686,0.007286936603459582,0.01790446238236977,-0.000815437558492782,-0.0010404089980579068,0.0022036557872766593,,,,,,
iqnils_m1_n400_p6_fluidOnly_transpiration_endsFixedGradient_noDdtCorr,iqnils,1,400,0.125,6,fluidOnly_transpiration_endsFixedGradient_noDdtCorr,exact initial fields,tutorial,_87ed40d2-20251219 OPENFOAM=2512 version=2512,nan,14.57,4-5,-0.008195056540805878,-0.004368611825832258,0.06465851462525718,,,,,,,0.005745143883295167,0.00994411267757382,-0.020636043226521964,0.14412832469291803,-0.020556734077091774,0.14409587357330983,0.00728697014766739,0.017905165499540857,-0.0008154491446016321,-0.001040419895073863,0.002223153968017977,,,,,,
iqnils_m1_n400_p6_fluidOnly_transpiration_endsFixedGradient_noDdtCorr,iqnils,1,400,0.125,6,fluidOnly_transpiration_endsFixedGradient_noDdtCorr,exact initial fields,tutorial,_87ed40d2-20251219 OPENFOAM=2512 version=2512,nan,14.57,5-6,-0.008195053101616612,-0.004368602549287948,0.06465435722378232,,,,,,,0.005748897862726476,0.009942270304889035,-0.02063604341879309,0.14412832505714468,-0.020556734148374438,0.14409587396128,0.0072869779638001266,0.017905330905518862,-0.0008154518348507667,-0.0010404224195442735,0.0022277408271385024,,,,,,
iqnils_m1_n400_p6_fluidOnly_transpiration_endsZeroGrad,iqnils,1,400,0.125,6,fluidOnly_transpiration_endsZeroGrad,exact initial fields,tutorial,_87ed40d2-20251219 OPENFOAM=2512 version=2512,nan,15.12,2-3,-0.003748551972183156,-0.0003986509605186095,0.038070503745736284,,,,,,,0.0071333966891031775,0.006536682863525323,-0.020718326976308567,0.14407795042419194,-0.02064889495266772,0.14405501355687783,0.006314497597837939,0.01762883311239696,-0.0005320386880094397,-0.0006911516122689587,0.0071462604141800945,,,,,,
iqnils_m1_n400_p6_fluidOnly_transpiration_endsZeroGrad,iqnils,1,400,0.125,6,fluidOnly_transpiration_endsZeroGrad,exact initial fields,tutorial,_87ed40d2-20251219 OPENFOAM=2512 version=2512,nan,15.12,3-4,-0.0037489506216842328,-0.0003993017954714295,0.03805354234998193,,,,,,,0.007149176141457936,0.006529097345631303,-0.02071831348671957,0.144077825725877,-0.020648886690023096,0.1440548890150229,0.006314488417745514,0.01762966283199028,-0.0005311746035294718,-0.0006902867176963312,0.0071656970974594,,,,,,
iqnils_m1_n400_p6_fluidOnly_transpiration_endsZeroGrad,iqnils,1,400,0.125,6,fluidOnly_transpiration_endsZeroGrad,exact initial fields,tutorial,_87ed40d2-20251219 OPENFOAM=2512 version=2512,nan,15.12,4-5,-0.003748988489968852,-0.0003994553220798558,0.03804965013113559,,,,,,,0.007152866316938233,0.006527313321242356,-0.020718310304636556,0.1440777875569465,-0.0206488859051427,0.14405485133344473,0.006314486513516856,0.01762983928911494,-0.0005309131644851695,-0.0006900219816559083,0.007170219915414222,,,,,,
iqnils_m1_n400_p6_fluidOnly_transpiration_endsZeroGrad,iqnils,1,400,0.125,6,fluidOnly_transpiration_endsZeroGrad,exact initial fields,tutorial,_87ed40d2-20251219 OPENFOAM=2512 version=2512,nan,15.12,5-6,-0.003749001055047718,-0.0003994954621966418,0.03804873506402773,,,,,,,0.007153732982420724,0.006526891981239574,-0.02071830947266883,0.1440777784634259,-0.020648885644711467,0.14405484234076366,0.006314486046912546,0.017629880771294057,-0.0005308507722281419,-0.0006899589098486869,0.0071712829761512165,,,,,,
iqnils_m1_n400_p6_fluidOnly_transpiration_fluxConsistent,iqnils,1,400,0.125,6,fluidOnly_transpiration_fluxConsistent,exact initial fields,tutorial,_87ed40d2-20251219 OPENFOAM=2512 version=2512,nan,18.57,2-3,-0.003934274685581607,-0.0005699424501860451,0.03597841506996868,,,,,,,0.00666312422142834,0.006288758734833502,-0.02071477668789149,0.14410633226057076,-0.020645045554198205,0.14407979077916283,0.006147266309395312,0.01751656699977116,-0.0007039159492840952,-0.0008879661434691988,0.00744093682139213,,,,,,
iqnils_m1_n400_p6_fluidOnly_transpiration_fluxConsistent,iqnils,1,400,0.125,6,fluidOnly_transpiration_fluxConsistent,exact initial fields,tutorial,_87ed40d2-20251219 OPENFOAM=2512 version=2512,nan,18.57,3-4,-0.0039345831061591285,-0.000570089183197009,0.035965317814632414,,,,,,,0.0066751460206357915,0.006282961242953871,-0.020714773646616585,0.1441063460596285,-0.020645039161691456,0.14407980219451955,0.0061475399658673545,0.017517212511434344,-0.0007039951229163011,-0.0008880618145136188,0.007455797666252151,,,,,,
iqnils_m1_n400_p6_fluidOnly_transpiration_fluxConsistent,iqnils,1,400,0.125,6,fluidOnly_transpiration_fluxConsistent,exact initial fields,tutorial,_87ed40d2-20251219 OPENFOAM=2512 version=2512,nan,18.57,4-5,-0.003934605741726771,-0.000570106624179556,0.03596231809381445,,,,,,,0.00667795802112825,0.006281597669022401,-0.020714773285124496,0.14410634567125924,-0.020645038692533334,0.14407980165037093,0.00614755088468495,0.01751734655234648,-0.000703991348858235,-0.0008880591218884959,0.007459248828032505,,,,,,
iqnils_m1_n400_p6_fluidOnly_transpiration_fluxConsistent,iqnils,1,400,0.125,6,fluidOnly_transpiration_fluxConsistent,exact initial fields,tutorial,_87ed40d2-20251219 OPENFOAM=2512 version=2512,nan,18.57,5-6,-0.003934607414172953,-0.0005701087809180105,0.0359616160034848,,,,,,,0.006678620224509713,0.006281277255613357,-0.020714773240422663,0.1441063453877951,-0.02064503865786923,0.14407980139468377,0.006147550032325666,0.01751737788319571,-0.0007039895754856751,-0.0008880571565871298,0.007460059928253271,,,,,,
iqnils_m1_n400_p6_fluidOnly_transpiration_fluxConsistent2,iqnils,1,400,0.125,6,fluidOnly_transpiration_fluxConsistent2,exact initial fields,tutorial,_87ed40d2-20251219 OPENFOAM=2512 version=2512,nan,19.59,2-3,-0.003930840700389848,-0.0005732958286098766,0.03614301353173466,,,,,,,0.0066676669840961544,0.006284112988044903,-0.020714707183792955,0.14410440759202617,-0.020645116729000143,0.14407789541860244,0.006127651826768177,0.017517172354457624,-0.000690770099392668,-0.0008746219332800287,0.007457536736768633,,,,,,
iqnils_m1_n400_p6_fluidOnly_transpiration_fluxConsistent2,iqnils,1,400,0.125,6,fluidOnly_transpiration_fluxConsistent2,exact initial fields,tutorial,_87ed40d2-20251219 OPENFOAM=2512 version=2512,nan,19.59,3-4,-0.0039311336177279,-0.000573427993481479,0.03612985658348156,,,,,,,0.0066797429236133965,0.006278286034862932,-0.020714704444465895,0.1441044213915014,-0.020645110657822676,0.1440779068496162,0.006127923544341346,0.017517821137694605,-0.0006908493837034513,-0.0008747176097747555,0.0074724678416766555,,,,,,
iqnils_m1_n400_p6_fluidOnly_transpiration_fluxConsistent2,iqnils,1,400,0.125,6,fluidOnly_transpiration_fluxConsistent2,exact initial fields,tutorial,_87ed40d2-20251219 OPENFOAM=2512 version=2512,nan,19.59,4-5,-0.003931152525249337,-0.0005734414848590497,0.036126840686919515,,,,,,,0.006682567988564259,0.006276915895816979,-0.02071470416483565,0.14410442094433049,-0.020645110265934238,0.1440779062415097,0.006127934792869398,0.01751795592545291,-0.0006908451659409787,-0.000874714509385699,0.007475935508142628,,,,,,
iqnils_m1_n400_p6_fluidOnly_transpiration_fluxConsistent2,iqnils,1,400,0.125,6,fluidOnly_transpiration_fluxConsistent2,exact initial fields,tutorial,_87ed40d2-20251219 OPENFOAM=2512 version=2512,nan,19.59,5-6,-0.003931153316817038,-0.0005734429501601523,0.03612613567518097,,,,,,,0.006683233332711591,0.006276593934842242,-0.020714704134464954,0.14410442064293486,-0.02064511024952774,0.14407790597241238,0.006127933568849478,0.017517987415978046,-0.000690843299510302,-0.0008747124197066025,0.007476750454987302,,,,,,
iqnils_m1_n400_p6_fluidOnly_transpiration_fluxConsistent2_ddtCoeff1,iqnils,1,400,0.125,6,fluidOnly_transpiration_fluxConsistent2_ddtCoeff1,exact initial fields,tutorial,_87ed40d2-20251219 OPENFOAM=2512 version=2512,nan,18.31,2-3,-0.003949877746097785,-0.0005919284417770232,0.036175142832083784,,,,,,,0.006665270764029119,0.006283503923210859,-0.02071432099326571,0.14410440701966948,-0.020644722155965585,0.14407787751401452,0.006132038716446065,0.017516402609040155,-0.0006906459150259892,-0.0008746179649343766,0.007464675270119514,,,,,,
iqnils_m1_n400_p6_fluidOnly_transpiration_fluxConsistent2_ddtCoeff1,iqnils,1,400,0.125,6,fluidOnly_transpiration_fluxConsistent2_ddtCoeff1,exact initial fields,tutorial,_87ed40d2-20251219 OPENFOAM=2512 version=2512,nan,18.31,3-4,-0.0039500682666394615,-0.0005919602628564613,0.0361620078829048,,,,,,,0.006677352741776055,0.006277687670338504,-0.020714320333723255,0.14410442325136877,-0.020644718207124498,0.14407789218465453,0.006132291518397716,0.017517050397024586,-0.0006907476690672931,-0.0008747305048716347,0.007479594983681892,,,,,,
iqnils_m1_n400_p6_fluidOnly_transpiration_fluxConsistent2_ddtCoeff1,iqnils,1,400,0.125,6,fluidOnly_transpiration_fluxConsistent2_ddtCoeff1,exact initial fields,tutorial,_87ed40d2-20251219 OPENFOAM=2512 version=2512,nan,18.31,4-5,-0.003950066464749713,-0.0005919539939079899,0.03615900354517265,,,,,,,0.00668017643030816,0.006276315870382367,-0.020714320463657176,0.14410442350975172,-0.020644718244471526,0.14407789245701752,0.0061322975748125935,0.017517186164956032,-0.0006907495581486289,-0.0008747322963290616,0.007483060827857768,,,,,,
iqnils_m1_n400_p6_fluidOnly_transpiration_fluxConsistent2_ddtCoeff1,iqnils,1,400,0.125,6,fluidOnly_transpiration_fluxConsistent2_ddtCoeff1,exact initial fields,tutorial,_87ed40d2-20251219 OPENFOAM=2512 version=2512,nan,18.31,5-6,-0.00395006597067149,-0.000591952500873405,0.03615829704292528,,,,,,,0.006680840683554123,0.006275993157981268,-0.020714320494602693,0.14410442356482353,-0.020644718254712084,0.14407789251591813,0.006132298913715614,0.017517218103461893,-0.0006907499666770622,-0.00087473267816085,0.007483876109789955,,,,,,
iqnils_m1_n400_p6_fluidOnly_transpiration_fluxConsistent_ddtCoeff1,iqnils,1,400,0.125,6,fluidOnly_transpiration_fluxConsistent_ddtCoeff1,exact initial fields,tutorial,_87ed40d2-20251219 OPENFOAM=2512 version=2512,nan,18.25,2-3,-0.00395400229353704,-0.0005890910509518399,0.0360107926839941,,,,,,,0.006660820436389603,0.006288096840089967,-0.020714379802701025,0.14410634448043394,-0.020644636668163314,0.1440797881345202,0.006151942459220448,0.017515803559461533,-0.0007038976068013403,-0.0008880508657095332,0.007448135355124563,,,,,,
iqnils_m1_n400_p6_fluidOnly_transpiration_fluxConsistent_ddtCoeff1,iqnils,1,400,0.125,6,fluidOnly_transpiration_fluxConsistent_ddtCoeff1,exact initial fields,tutorial,_87ed40d2-20251219 OPENFOAM=2512 version=2512,nan,18.25,3-4,-0.003954193162799435,-0.0005891233204244894,0.03599771840172927,,,,,,,0.006672846289853318,0.00628230776590492,-0.020714379133864907,0.14410636070270025,-0.020644632712094435,0.1440798027948626,0.006152195091464723,0.01751644852049954,-0.0007039992867228229,-0.0008881633372204156,0.0074629857385846154,,,,,,
iqnils_m1_n400_p6_fluidOnly_transpiration_fluxConsistent_ddtCoeff1,iqnils,1,400,0.125,6,fluidOnly_transpiration_fluxConsistent_ddtCoeff1,exact initial fields,tutorial,_87ed40d2-20251219 OPENFOAM=2512 version=2512,nan,18.25,4-5,-0.003954191419024755,-0.0005891171288567865,0.03599472845206586,,,,,,,0.006675656773448724,0.006280942360597434,-0.02071437926219499,0.14410636096065602,-0.020644632748236937,0.1440798030667165,0.006152201118489678,0.017516583636674354,-0.0007040011722231343,-0.0008881651256679168,0.007466435310468089,,,,,,
iqnils_m1_n400_p6_fluidOnly_transpiration_fluxConsistent_ddtCoeff1,iqnils,1,400,0.125,6,fluidOnly_transpiration_fluxConsistent_ddtCoeff1,exact initial fields,tutorial,_87ed40d2-20251219 OPENFOAM=2512 version=2512,nan,18.25,5-6,-0.003954190930082646,-0.0005891156429018718,0.03599402512497085,,,,,,,0.006676317920692787,0.006280621152823052,-0.020714379292993766,0.14410636101529253,-0.02064463275837104,0.14407980312514648,0.006152202464410508,0.017516615423349112,-0.0007040015774766317,-0.0008881655044713499,0.007467246762198565,,,,,,
iqnils_m1_n400_p6_fluidOnly_transpiration_lsS4f,iqnils,1,400,0.125,6,fluidOnly_transpiration_lsS4f,exact initial fields,tutorial,_87ed40d2-20251219 OPENFOAM=2512 version=2512,nan,17.95,2-3,-0.006293832737440552,-0.003454569832202048,0.03202879329122199,,,,,,,0.00645652089538995,0.006164226601408975,-0.020654988199847884,0.14395324069700693,-0.020596139962699184,0.14392372968018985,0.0058116619339395196,0.017507559455239977,0.00037965272575557485,0.00017457071015036796,0.00711727224766312,,,,,,
iqnils_m1_n400_p6_fluidOnly_transpiration_lsS4f,iqnils,1,400,0.125,6,fluidOnly_transpiration_lsS4f,exact initial fields,tutorial,_87ed40d2-20251219 OPENFOAM=2512 version=2512,nan,17.95,3-4,-0.006293802613242527,-0.0034544031104711825,0.03202360125880199,,,,,,,0.006461159364699709,0.006162025136410188,-0.020654991655420785,0.14395325321874775,-0.020596140587071075,0.14392374073212183,0.005811661757306564,0.017507845848408945,0.0003795759064080251,0.00017448371019401776,0.007123070441588775,,,,,,
iqnils_m1_n400_p6_fluidOnly_transpiration_lsS4f,iqnils,1,400,0.125,6,fluidOnly_transpiration_lsS4f,exact initial fields,tutorial,_87ed40d2-20251219 OPENFOAM=2512 version=2512,nan,17.95,4-5,-0.006293734681742991,-0.003454340690774549,0.032022462719397016,,,,,,,0.006462231859655665,0.006161503598737823,-0.020654992949168224,0.14395325099841877,-0.02059614199505939,0.14392373862216098,0.00581166188811504,0.01750789635257671,0.00037959057224257187,0.00017449913684375318,0.007124390414710913,,,,,,
iqnils_m1_n400_p6_fluidOnly_transpiration_lsS4f,iqnils,1,400,0.125,6,fluidOnly_transpiration_lsS4f,exact initial fields,tutorial,_87ed40d2-20251219 OPENFOAM=2512 version=2512,nan,17.95,5-6,-0.006293718890377886,-0.003454326263108931,0.03202219509510429,,,,,,,0.006462484137790048,0.006161380906566424,-0.02065499324820453,0.14395325046489407,-0.020596142322360535,0.1439237381144106,0.005811661923847768,0.017507908217041655,0.0003795941014945736,0.00017450284372633185,0.007124700871906198,,,,,,
iqnils_m1_n400_p6_fluidOnly_transpiration_noDdtCorr,iqnils,1,400,0.125,6,fluidOnly_transpiration_noDdtCorr,exact initial fields,tutorial,_87ed40d2-20251219 OPENFOAM=2512 version=2512,nan,17.65,2-3,-0.004963263944744445,-0.0027562191778603973,0.03158203958994066,,,,,,,0.0059165929214017865,0.005961647570021299,-0.020669462627293057,0.14379508660409634,-0.020623718116068064,0.14376492967953258,0.005597502764580519,0.017307263961678865,0.0014846530193910468,0.0012746201326900852,0.006598429802441075,,,,,,
iqnils_m1_n400_p6_fluidOnly_transpiration_noDdtCorr,iqnils,1,400,0.125,6,fluidOnly_transpiration_noDdtCorr,exact initial fields,tutorial,_87ed40d2-20251219 OPENFOAM=2512 version=2512,nan,17.65,3-4,-0.004963473873387025,-0.002756288533280582,0.031580593660443634,,,,,,,0.005917672407341312,0.005961177530612637,-0.020669461189791724,0.1437951016647862,-0.020623713764963233,0.14376494309258026,0.005597501712684917,0.017307376952819028,0.0014845595824162228,0.0012745152620350364,0.006599841896432368,,,,,,
iqnils_m1_n400_p6_fluidOnly_transpiration_noDdtCorr,iqnils,1,400,0.125,6,fluidOnly_transpiration_noDdtCorr,exact initial fields,tutorial,_87ed40d2-20251219 OPENFOAM=2512 version=2512,nan,17.65,4-5,-0.004963474066074114,-0.002756288155208231,0.03158034654494024,,,,,,,0.0059179075126867264,0.00596106333748267,-0.020669461197627872,0.14379510170752222,-0.020623713760969487,0.1437649431340628,0.005597501703763142,0.017307388325154688,0.0014845592934435992,0.0012745149644555198,0.006600130533369386,,,,,,
iqnils_m1_n400_p6_fluidOnly_transpiration_noDdtCorr,iqnils,1,400,0.125,6,fluidOnly_transpiration_noDdtCorr,exact initial fields,tutorial,_87ed40d2-20251219 OPENFOAM=2512 version=2512,nan,17.65,5-6,-0.004963474042770422,-0.002756288050551392,0.03158028860515438,,,,,,,0.00591796281006185,0.005961036471448602,-0.020669461199797054,0.1437951017124138,-0.020623713761452493,0.14376494313929428,0.005597501694840277,0.01730739098659101,0.0014845592570005284,0.0012745149303943215,0.006600198394023371,,,,,,
iqnils_m1_n400_p6_fluidOnly_transpiration_rigid,iqnils,1,400,0.125,6,fluidOnly_transpiration_rigid,exact initial fields,tutorial,_87ed40d2-20251219 OPENFOAM=2512 version=2512,nan,17.41,2-3,0.587008741649435,1.2160273368796366,-1.00359002908523,,,,,,,-0.2024908298229402,0.07229416984530627,-0.0459306892673043,0.15850949316989327,-0.03289327896100541,0.1670016997122224,0.46300130492976144,0.19886402286654145,-0.13786284232694868,-0.09167351533863466,-3669.077265424134,,,,,,
iqnils_m1_n400_p6_fluidOnly_transpiration_rigid,iqnils,1,400,0.125,6,fluidOnly_transpiration_rigid,exact initial fields,tutorial,_87ed40d2-20251219 OPENFOAM=2512 version=2512,nan,17.41,3-4,0.5869936695033753,1.2160297328900103,-1.0036462074142947,,,,,,,-0.20249164159279587,0.07229460311609834,-0.04593073892842812,0.15851025158932636,-0.03289296656681887,0.1670025202245218,0.463007282032406,0.1988619514762037,-0.13786707815608878,-0.09167786138219114,-3616.27875203732,,,,,,
iqnils_m1_n400_p6_fluidOnly_transpiration_rigid,iqnils,1,400,0.125,6,fluidOnly_transpiration_rigid,exact initial fields,tutorial,_87ed40d2-20251219 OPENFOAM=2512 version=2512,nan,17.41,4-5,0.5869936421063637,1.2160297310488284,-1.003646295038339,,,,,,,-0.2024917911134413,0.07229471093225645,-0.0459307388902667,0.15851025273349229,-0.032892965998972255,0.16700252142897273,0.46300729099947885,0.19886215719023612,-0.1378670843739398,-0.09167786793868338,-3616.198056546456,,,,,,
iqnils_m1_n400_p6_fluidOnly_transpiration_rigid,iqnils,1,400,0.125,6,fluidOnly_transpiration_rigid,exact initial fields,tutorial,_87ed40d2-20251219 OPENFOAM=2512 version=2512,nan,17.41,5-6,0.5869936410902157,1.216029729721599,-1.0036462954406047,,,,,,,-0.20249182630527496,0.07229473632292499,-0.04593073886275775,0.15851025272954763,-0.03289296597791097,0.16700252141698038,0.46300729095313664,0.1988622066220764,-0.13786708431203054,-0.09167786791607913,-3616.1978120587155,,,,,,
iqnils_m1_n50_p12,iqnils,1,50,1.0,12,base,exact initial fields,tutorial,_87ed40d2-20251219 OPENFOAM=2512 version=2512,12.738333333333333,295.36,10-11,-0.030539083809272727,-0.029084980805845317,0.08655081386819696,0.011653322830819546,-0.002019317561841724,0.008153309860076785,-0.004678046044902675,0.00786825544976355,0.0015324999719377155,0.0027823277722893724,0.0053820605247401855,-0.020123757189006046,0.14400769401119445,-0.020093618592743456,0.143881366340382,0.009679123636437244,0.017643137837683898,0.0006741969342463072,-0.0002036231114729281,0.0002862718544098808,-0.0014867349336893376,-0.010861668478876735,-0.004422590029990459,-0.006134121370929205,0.003742863793548823,-0.00822996235825522
iqnils_m1_n50_p12,iqnils,1,50,1.0,12,base,exact initial fields,tutorial,_87ed40d2-20251219 OPENFOAM=2512 version=2512,12.738333333333333,295.36,11-12,-0.030538879485029202,-0.029084770159405915,0.08655100612240307,0.011653319442685772,-0.0020193252911581317,0.008153290716626849,-0.004678054631443734,0.007868267237088,0.001532505345452337,0.0027823052643281,0.005382068602687098,-0.020123761554988358,0.1440076918761866,-0.020093622827688208,0.14388136483206782,0.009679086217242663,0.017643168576943515,0.0006742074243544227,-0.00020360828884014026,0.00028638487000698376,-0.0014867760974476285,-0.01086161209366101,-0.0044226155749540474,-0.006134092823723281,0.003742804881732953,-0.008229912622271697
iqnils_m1_n50_p12,iqnils,1,50,1.0,12,base,exact initial fields,tutorial,_87ed40d2-20251219 OPENFOAM=2512 version=2512,12.738333333333333,295.36,2-3,-0.030462081799780494,-0.02934639709970388,0.08649012314103732,0.01159981389136866,-0.001989751410805353,0.008185893406821743,-0.004556140898109855,0.0078988850722983,0.0014199222547085903,0.0026417239915819124,0.005406730622900412,-0.020118338920755107,0.14397169675598284,-0.020095214581796517,0.14384691432090888,0.009461480412907352,0.0176307824867473,0.0009138631591478763,4.635605908243079e-05,-0.0004398721596631239,-0.0008703637987715895,-0.010589019989360324,-0.004040406780091432,-0.006235167661692205,0.004026246942040679,-0.007764853741405944
iqnils_m1_n50_p12,iqnils,1,50,1.0,12,base,exact initial fields,tutorial,_87ed40d2-20251219 OPENFOAM=2512 version=2512,12.738333333333333,295.36,3-4,-0.03051809186530019,-0.028977348255659896,0.08633675092568605,0.01164598082834356,-0.002006859329529915,0.008134659516491283,-0.004693950206062078,0.007846067331493511,0.0015665207458975647,0.0027615775529821196,0.005401238174769634,-0.02012598804470685,0.14401435182677583,-0.020094053684152156,0.14388811857500047,0.0097099807787877,0.017650478151586366,0.0006272383179179997,-0.0002498439208007408,0.0004306502503497178,-0.001653633927448217,-0.010901394114299417,-0.004539401503195539,-0.006102912218900502,0.003652923085285309,-0.00830340206788167
iqnils_m1_n50_p12,iqnils,1,50,1.0,12,base,exact initial fields,tutorial,_87ed40d2-20251219 OPENFOAM=2512 version=2512,12.738333333333333,295.36,4-5,-0.030580822000800034,-0.0291480589008013,0.08664188325229527,0.011652936787672763,-0.0020188249488874922,0.008158633231643453,-0.004672347042274307,0.007870202617645816,0.001523629720655657,0.0027797586767073224,0.005387106774210762,-0.020122449795215915,0.14400650747381016,-0.020092753502374886,0.14388001091909597,0.009681302645130799,0.017643626528844745,0.0006836237830367686,-0.00019538531862128838,0.00023121766944078637,-0.001442973068220943,-0.01086095280887565,-0.004399022981249501,-0.006147809473046604,0.0037721603102565116,-0.00821324906157314
iqnils_m1_n50_p12,iqnils,1,50,1.0,12,base,exact initial fields,tutorial,_87ed40d2-20251219 OPENFOAM=2512 version=2512,12.738333333333333,295.36,5-6,-0.030520660402342803,-0.02906155713017511,0.08651477151835452,0.011653312434756646,-0.002019817146033704,0.008151527048277707,-0.004679339957333619,0.007868087182261396,0.001534445822738067,0.002781701557644567,0.005382793732950032,-0.020124242681919785,0.14400804242790777,-0.02009400044713887,0.14388180114201707,0.009675124172994128,0.017643121073785045,0.0006711729605850536,-0.00020604204420571204,0.00029657821909068183,-0.0014972629242167024,-0.010859240823113517,-0.004426943750480472,-0.0061288256647268075,0.003735231925778848,-0.008233019203295232
iqnils_m1_n50_p12,iqnils,1,50,1.0,12,base,exact initial fields,tutorial,_87ed40d2-20251219 OPENFOAM=2512 version=2512,12.738333333333333,295.36,6-7,-0.030546193855892856,-0.029093206254023896,0.08656296378857409,0.011653278993297489,-0.002019433306526139,0.008153765099963461,-0.004677849338689903,0.007868175361686491,0.0015317921373672152,0.0027821368716629546,0.005382107216696416,-0.020123586703516952,0.14400765664122772,-0.02009347122572476,0.1438812948522703,0.009681003671291152,0.017642882716059967,0.0006746941240223236,-0.0002033636644531711,0.00028249085318554634,-0.0014840830616190681,-0.010863220429853795,-0.004421499271498153,-0.0061357990992075085,0.003745178645704117,-0.008230213722716762
iqnils_m1_n50_p12,iqnils,1,50,1.0,12,base,exact initial fields,tutorial,_87ed40d2-20251219 OPENFOAM=2512 version=2512,12.738333333333333,295.36,7-8,-0.030537157590105002,-0.029082893098923424,0.08654561251284965,0.011653310380190351,-0.0020193052941214202,0.008153215759907573,-0.00467803136007042,0.00786827162933168,0.00153261500161236,0.0027823155934576516,0.005382053059158146,-0.020123800460050727,0.1440076953263838,-0.020093658516697723,0.1438813787128572,0.009678418955297821,0.01764304927312555,0.0006741108854693145,-0.00020363224238462152,0.00028656870069587725,-0.0014871299258247817,-0.01086114948832387,-0.004422559417222471,-0.006133659981700847,0.0037424338716238736,-0.008229852465402763
iqnils_m1_n50_p12,iqnils,1,50,1.0,12,base,exact initial fields,tutorial,_87ed40d2-20251219 OPENFOAM=2512 version=2512,12.738333333333333,295.36,8-9,-0.03054000935101342,-0.029085953170581824,0.08655128821973745,0.011653323709946317,-0.002019298552648291,0.008153372042885909,-0.0046780230406142116,0.007868215133596257,0.001532460640603592,0.002782355795304614,0.005382052387239091,-0.02012373703520116,0.14400769849461145,-0.020093599409419592,0.1438813670011807,0.009679362012604479,0.01764307214996705,0.0006741923384865345,-0.0002036542383093698,0.0002858905026561498,-0.0014865555222934868,-0.01086191575146382,-0.004422537843303598,-0.006134288627244474,0.003743094951202508,-0.008230107783989788
iqnils_m1_n50_p12,iqnils,1,50,1.0,12,base,exact initial fields,tutorial,_87ed40d2-20251219 OPENFOAM=2512 version=2512,12.738333333333333,295.36,9-10,-0.030538945343536072,-0.029084857406321052,0.08655001685662689,0.011653325460128539,-0.0020193088852518627,0.00815331652533402,-0.004678029290372096,0.007868257475982965,0.0015325031444275358,0.002782347971813204,0.005382054516661055,-0.02012375974665735,0.1440076930517649,-0.02009362146266596,0.1438813665706552,0.00967903140372317,0.017643109250128883,0.0006741953327293881,-0.00020361645048017074,0.0002861865539836028,-0.001486700561845522,-0.010861610489191046,-0.004422530155690607,-0.006134084905824413,0.0037428751796424464,-0.008229938912993678
iqnils_m1_n50_p6_fluidOnly,iqnils,1,50,1.0,6,fluidOnly,exact initial fields,tutorial,_87ed40d2-20251219 OPENFOAM=2512 version=2512,nan,3.32,2-3,-0.02008155110423937,-0.020191550088558885,0.044374032287379794,,,,,,,0.0023780698072399797,0.005534162975115682,-0.020308087678074453,0.14380132428475262,-0.02031036758188449,0.1437327629316207,0.005283345003252486,0.01720318386052695,0.0017087807945359579,0.0012311877695969642,-0.0007416927666556994,,,,,,
iqnils_m1_n50_p6_fluidOnly,iqnils,1,50,1.0,6,fluidOnly,exact initial fields,tutorial,_87ed40d2-20251219 OPENFOAM=2512 version=2512,nan,3.32,3-4,-0.020084367236697598,-0.020194668356563805,0.04430564445431062,,,,,,,0.0024451194161276835,0.005496901684418181,-0.020308023047013093,0.14380124627670776,-0.020310309213062625,0.14373268558375188,0.005283357194686597,0.017206602365483832,0.0017093198510427232,0.001231730908752171,-0.0006564684235829121,,,,,,
iqnils_m1_n50_p6_fluidOnly,iqnils,1,50,1.0,6,fluidOnly,exact initial fields,tutorial,_87ed40d2-20251219 OPENFOAM=2512 version=2512,nan,3.32,4-5,-0.020084843834366706,-0.020195184245947795,0.04428983451792812,,,,,,,0.0024608042314535616,0.005488139735768307,-0.020308012354385525,0.14380123720311438,-0.02031029933481831,0.1437326767117485,0.0052833900219802065,0.017207385632382215,0.0017093816822746355,0.0012317940846313657,-0.0006364242915963825,,,,,,
iqnils_m1_n50_p6_fluidOnly,iqnils,1,50,1.0,6,fluidOnly,exact initial fields,tutorial,_87ed40d2-20251219 OPENFOAM=2512 version=2512,nan,3.32,5-6,-0.02008495165624702,-0.0201953050208028,0.04428644571514839,,,,,,,0.0024644588509172838,0.005486085132417822,-0.020308009851134665,0.14380123397356784,-0.02031029710003844,0.1437326734745902,0.0052834065162269675,0.017207564916006772,0.0017094042428500433,0.0012318165707019268,-0.0006316741436048767,,,,,,
iqnils_m1_n50_p6_fluidOnly_pimple10,iqnils,1,50,1.0,6,fluidOnly_pimple10,exact initial fields,tutorial,_87ed40d2-20251219 OPENFOAM=2512 version=2512,nan,11.35,2-3,-0.019166698945710103,-0.019299478306766815,0.04415710890664437,,,,,,,0.002390275604659875,0.005540183869724938,-0.020326577283835055,0.1437940555644471,-0.020329329347165824,0.1437268587788689,0.005244326165895871,0.017211096929593078,0.0017499299694703208,0.0012817995242797586,-0.0007450878537873518,,,,,,
iqnils_m1_n50_p6_fluidOnly_pimple10,iqnils,1,50,1.0,6,fluidOnly_pimple10,exact initial fields,tutorial,_87ed40d2-20251219 OPENFOAM=2512 version=2512,nan,11.35,3-4,-0.01916927599485796,-0.019302362052434185,0.04408799829375365,,,,,,,0.0024581872029645346,0.005502436584595802,-0.02032651751362195,0.14379397752114415,-0.020329275933725625,0.143726781779153,0.005244311311873262,0.017214579180870295,0.00175046664370071,0.0012823429638602057,-0.0006587428478735946,,,,,,
iqnils_m1_n50_p6_fluidOnly_pimple10,iqnils,1,50,1.0,6,fluidOnly_pimple10,exact initial fields,tutorial,_87ed40d2-20251219 OPENFOAM=2512 version=2512,nan,11.35,4-5,-0.019169738743238574,-0.019302866089180082,0.044071979098863956,,,,,,,0.002474077064466451,0.005493559986858127,-0.020326507066659148,0.14379396779420206,-0.02032926634252983,0.14372677226738848,0.005244310917873855,0.0172153732749385,0.0017505329390359314,0.0012824106955982018,-0.000638441158407943,,,,,,
iqnils_m1_n50_p6_fluidOnly_pimple10,iqnils,1,50,1.0,6,fluidOnly_pimple10,exact initial fields,tutorial,_87ed40d2-20251219 OPENFOAM=2512 version=2512,nan,11.35,5-6,-0.01916984131190591,-0.01930298142854936,0.04406853971916824,,,,,,,0.0024777810196567884,0.005491477984181001,-0.02032650467606737,0.1437939645791203,-0.02032926421663115,0.14372676905250828,0.005244314100821813,0.017215555228929966,0.0017505553461907297,0.001282433083219514,-0.0006336326064461106,,,,,,
iqnils_m1_n50_p6_fluidOnly_transpiration,iqnils,1,50,1.0,6,fluidOnly_transpiration,exact initial fields,tutorial,_87ed40d2-20251219 OPENFOAM=2512 version=2512,nan,2.67,2-3,-0.01916205775246438,-0.019337960128337994,0.03363132528752488,,,,,,,0.0020355089482992916,0.006161869625092276,-0.02032577968691032,0.14346281120183846,-0.02032942554327372,0.14340758405278595,0.0054870106695318385,0.017074270717645293,0.003980170696326724,0.0035936805525165205,0.0031508486549078896,,,,,,
iqnils_m1_n50_p6_fluidOnly_transpiration,iqnils,1,50,1.0,6,fluidOnly_transpiration,exact initial fields,tutorial,_87ed40d2-20251219 OPENFOAM=2512 version=2512,nan,2.67,3-4,-0.019163107018062786,-0.0193389459397475,0.03357582914866497,,,,,,,0.0020891268828182596,0.006132026783084165,-0.020325759254401762,0.1434628046809804,-0.020329403795576226,0.14340757485598837,0.005486989460459787,0.017076937850991573,0.003980235082063688,0.0035937261691620925,0.00321948456727994,,,,,,
iqnils_m1_n50_p6_fluidOnly_transpiration,iqnils,1,50,1.0,6,fluidOnly_transpiration,exact initial fields,tutorial,_87ed40d2-20251219 OPENFOAM=2512 version=2512,nan,2.67,4-5,-0.019163284532444425,-0.019339135354866865,0.03356281343913747,,,,,,,0.0021017132950076345,0.00612500195604458,-0.02032575532847231,0.1434627992796273,-0.02032940011630848,0.14340756919240444,0.005486984557727683,0.017077544320445,0.0039802747321766585,0.0035937639543170974,0.003235585935309926,,,,,,
iqnils_m1_n50_p6_fluidOnly_transpiration,iqnils,1,50,1.0,6,fluidOnly_transpiration,exact initial fields,tutorial,_87ed40d2-20251219 OPENFOAM=2512 version=2512,nan,2.67,5-6,-0.019163326147395354,-0.019339180013525414,0.03355975179646653,,,,,,,0.0021046743961159464,0.006123349215690916,-0.02032575440285062,0.14346279794977607,-0.02032939925377247,0.14340756780437522,0.0054869833832977884,0.017077687010067084,0.003980284449613514,0.0035937732572892678,0.003239373829335257,,,,,,
iqnils_m1_n50_p6_fluidOnly_transpiration_ddtCoeff1,iqnils,1,50,1.0,6,fluidOnly_transpiration_ddtCoeff1,exact initial fields,tutorial,_87ed40d2-20251219 OPENFOAM=2512 version=2512,nan,2.72,2-3,-0.019550215824837847,-0.019590535247093643,0.033880820337258255,,,,,,,0.002087670392120655,0.006207628145460839,-0.020320544666067773,0.1434981140149708,-0.02032138035018784,0.1434427868242581,0.0055065378726760796,0.017092563223502253,0.0037337805829298354,0.003346780581680253,0.003190503012699075,,,,,,
iqnils_m1_n50_p6_fluidOnly_transpiration_ddtCoeff1,iqnils,1,50,1.0,6,fluidOnly_transpiration_ddtCoeff1,exact initial fields,tutorial,_87ed40d2-20251219 OPENFOAM=2512 version=2512,nan,2.72,3-4,-0.01955045940960487,-0.01959059877494973,0.033824870862088074,,,,,,,0.0021416445958186703,0.0061775833277488675,-0.020320543349351967,0.14349813067508846,-0.02032137530150633,0.14344280239445217,0.0055065351798628,0.017095245083391653,0.0037336716312814655,0.0033466640932262592,0.003259665613945417,,,,,,
iqnils_m1_n50_p6_fluidOnly_transpiration_ddtCoeff1,iqnils,1,50,1.0,6,fluidOnly_transpiration_ddtCoeff1,exact initial fields,tutorial,_87ed40d2-20251219 OPENFOAM=2512 version=2512,nan,2.72,4-5,-0.019550448412178234,-0.019590568476160142,0.033811760968029736,,,,,,,0.0021543091520077606,0.006170515065148219,-0.020320543977342547,0.14349813177723753,-0.02032137552944548,0.1434428035657136,0.005506535056061344,0.01709585586021986,0.0037336634354396825,0.0033466563869406496,0.0032758848668377194,,,,,,
iqnils_m1_n50_p6_fluidOnly_transpiration_ddtCoeff1,iqnils,1,50,1.0,6,fluidOnly_transpiration_ddtCoeff1,exact initial fields,tutorial,_87ed40d2-20251219 OPENFOAM=2512 version=2512,nan,2.72,5-6,-0.01955044569469999,-0.019590561252660676,0.03380867835005441,,,,,,,0.002157287221063786,0.006168852981834138,-0.020320544127061056,0.14349813203236816,-0.020321375585769536,0.14344280383755792,0.005506535022604048,0.01709599949586989,0.003733661533222854,0.0033466546030533895,0.003279698817042709,,,,,,
iqnils_m1_n50_p6_fluidOnly_transpiration_endsDirichletU,iqnils,1,50,1.0,6,fluidOnly_transpiration_endsDirichletU,exact initial fields,tutorial,_87ed40d2-20251219 OPENFOAM=2512 version=2512,nan,2.7,2-3,-10.310422749934009,-6.033533402266193,-0.002207573965231968,,,,,,,0.0030148054461485163,-0.0005952877932227117,0.1043279813242858,0.06574254886887809,0.19297331181690505,0.06559366197705617,1.0239955278420385,0.01680867079189115,1.1950043095143195,1.1900332918887155,0.0005583986202435387,,,,,,
iqnils_m1_n50_p6_fluidOnly_transpiration_endsDirichletU,iqnils,1,50,1.0,6,fluidOnly_transpiration_endsDirichletU,exact initial fields,tutorial,_87ed40d2-20251219 OPENFOAM=2512 version=2512,nan,2.7,3-4,-10.314931986773692,-6.031905590174896,-0.0022963471511520117,,,,,,,0.002816066808674078,-0.0004355517289500442,0.10429424233104025,0.06564544972911687,0.19306677291852112,0.06543134775193717,1.023931658182722,0.016962542026889946,1.2004494124485037,1.1932726687163302,0.00037532008097040936,,,,,,
iqnils_m1_n50_p6_fluidOnly_transpiration_endsDirichletU,iqnils,1,50,1.0,6,fluidOnly_transpiration_endsDirichletU,exact initial fields,tutorial,_87ed40d2-20251219 OPENFOAM=2512 version=2512,nan,2.7,4-5,-10.309107799015338,-6.029365384711666,-0.002199723061597214,,,,,,,0.002631189638756082,-0.0004173428293301918,0.10424159253477422,0.06555194647201248,0.19294605736880233,0.06521462821078725,1.020370953773496,0.016979217893855078,1.2077618881931795,1.196401151534618,0.00031812201326286704,,,,,,
iqnils_m1_n50_p6_fluidOnly_transpiration_endsDirichletU,iqnils,1,50,1.0,6,fluidOnly_transpiration_endsDirichletU,exact initial fields,tutorial,_87ed40d2-20251219 OPENFOAM=2512 version=2512,nan,2.7,5-6,-10.293050166355446,-6.028473687012862,-0.0029749174422258884,,,,,,,0.0028280803295650525,-0.000712494470882753,0.10422311068247819,0.06576421156626207,0.1926132374058913,0.06534448269518338,1.0141036701753743,0.016722313735034307,1.2033745586155917,1.1893118960514797,0.0007291699121048101,,,,,,
iqnils_m1_n50_p6_fluidOnly_transpiration_endsFixedGradient,iqnils,1,50,1.0,6,fluidOnly_transpiration_endsFixedGradient,exact initial fields,tutorial,_87ed40d2-20251219 OPENFOAM=2512 version=2512,nan,2.11,2-3,-0.00678154007977505,-0.004444034534145991,0.05879859841711399,,,,,,,0.004106901127299611,0.007170042503743884,-0.020634479970996364,0.14400631918078105,-0.02058603145274475,0.1439795828960807,0.006667302873680568,0.01749109835023389,-8.419107712875906e-06,-0.00019407804099280668,-0.003555373175386123,,,,,,
iqnils_m1_n50_p6_fluidOnly_transpiration_endsFixedGradient,iqnils,1,50,1.0,6,fluidOnly_transpiration_endsFixedGradient,exact initial fields,tutorial,_87ed40d2-20251219 OPENFOAM=2512 version=2512,nan,2.11,3-4,-0.006782206782939726,-0.004444527066782333,0.05869164939263993,,,,,,,0.00420338936817255,0.007116349253891709,-0.02063446976247452,0.1440062995974582,-0.020586017634261836,0.14397955947200095,0.006667197324526736,0.017495903013879734,-8.256418768448626e-06,-0.00019394207803691277,-0.003433151078883756,,,,,,
iqnils_m1_n50_p6_fluidOnly_transpiration_endsFixedGradient,iqnils,1,50,1.0,6,fluidOnly_transpiration_endsFixedGradient,exact initial fields,tutorial,_87ed40d2-20251219 OPENFOAM=2512 version=2512,nan,2.11,4-5,-0.006782375391056639,-0.004444707194588227,0.05866646547757415,,,,,,,0.004226028585607722,0.007103730250689759,-0.020634466029039403,0.14400628888473174,-0.020586014139590585,0.1439795479492023,0.00666717809503534,0.017497004926497847,-8.17638862760095e-06,-0.0001938677017795376,-0.0034044900620923135,,,,,,
iqnils_m1_n50_p6_fluidOnly_transpiration_endsFixedGradient,iqnils,1,50,1.0,6,fluidOnly_transpiration_endsFixedGradient,exact initial fields,tutorial,_87ed40d2-20251219 OPENFOAM=2512 version=2512,nan,2.11,5-6,-0.006782413771564411,-0.004444748627179695,0.058660549737139966,,,,,,,0.004231346340550113,0.007100766298709977,-0.02063446517028308,0.14400628640487698,-0.02058601334409355,0.14397954529255155,0.006667173647032006,0.01749726377699443,-8.157937193886688e-06,-0.00019385048465614396,-0.003397757268897905,,,,,,
iqnils_m1_n50_p6_fluidOnly_transpiration_endsFixedGradient_noDdtCorr,iqnils,1,50,1.0,6,fluidOnly_transpiration_endsFixedGradient_noDdtCorr,exact initial fields,tutorial,_87ed40d2-20251219 OPENFOAM=2512 version=2512,nan,2.03,2-3,-0.006356418064412006,-0.00403546042296643,0.04773715263494749,,,,,,,0.0032116321486446164,0.007170862953984227,-0.02064294831894088,0.14404788908834962,-0.020594842782308862,0.14401718878969602,0.00632928329171072,0.01734312384573849,-0.00026953777919425104,-0.0004826059744834632,-0.0003887141232170599,,,,,,
iqnils_m1_n50_p6_fluidOnly_transpiration_endsFixedGradient_noDdtCorr,iqnils,1,50,1.0,6,fluidOnly_transpiration_endsFixedGradient_noDdtCorr,exact initial fields,tutorial,_87ed40d2-20251219 OPENFOAM=2512 version=2512,nan,2.03,3-4,-0.006356377099075994,-0.004035187851838651,0.047637440257739305,,,,,,,0.0033015589521543376,0.007120710357582096,-0.020642953968410795,0.14404790822203006,-0.02059484363138057,0.1440172075262762,0.00632928140620795,0.017347546968338366,-0.00026966784372106645,-0.00048273873896886865,-0.00027446188272972627,,,,,,
iqnils_m1_n50_p6_fluidOnly_transpiration_endsFixedGradient_noDdtCorr,iqnils,1,50,1.0,6,fluidOnly_transpiration_endsFixedGradient_noDdtCorr,exact initial fields,tutorial,_87ed40d2-20251219 OPENFOAM=2512 version=2512,nan,2.03,4-5,-0.006356356724140144,-0.004035133485343789,0.04761395661851586,,,,,,,0.0033226796060956687,0.007108914546719026,-0.020642955095242825,0.14404791032687717,-0.020594844053683507,0.1440172097653962,0.006329280872993288,0.017348559868112404,-0.0002696833871147497,-0.0004827533440472376,-0.0002476426614800298,,,,,,
iqnils_m1_n50_p6_fluidOnly_transpiration_endsFixedGradient_noDdtCorr,iqnils,1,50,1.0,6,fluidOnly_transpiration_endsFixedGradient_noDdtCorr,exact initial fields,tutorial,_87ed40d2-20251219 OPENFOAM=2512 version=2512,nan,2.03,5-6,-0.006356351931900761,-0.004035120728467678,0.04760843450837693,,,,,,,0.0033276461568674254,0.007106140820694153,-0.02064295535964936,0.14404791081850699,-0.020594844153010286,0.14401721028897557,0.00632928074225818,0.01734879807092282,-0.0002696870216676306,-0.0004827567553600254,-0.00024133608927168204,,,,,,
iqnils_m1_n50_p6_fluidOnly_transpiration_endsZeroGrad,iqnils,1,50,1.0,6,fluidOnly_transpiration_endsZeroGrad,exact initial fields,tutorial,_87ed40d2-20251219 OPENFOAM=2512 version=2512,nan,2.11,2-3,-0.00499153501881433,-0.002843468075498068,0.03535042675786659,,,,,,,0.003530043995579435,0.005783179253970361,-0.020667654255194203,0.1440259996919435,-0.02062313215311682,0.1439987648619851,0.006289857872739398,0.01724789849182633,-0.00014162722535004946,-0.00033069706567923074,0.003672083668706305,,,,,,
iqnils_m1_n50_p6_fluidOnly_transpiration_endsZeroGrad,iqnils,1,50,1.0,6,fluidOnly_transpiration_endsZeroGrad,exact initial fields,tutorial,_87ed40d2-20251219 OPENFOAM=2512 version=2512,nan,2.11,3-4,-0.004991849687207783,-0.002843736806969255,0.035274980168500836,,,,,,,0.0035992581030261928,0.005744828494499312,-0.020667648685307273,0.14402597040493922,-0.020623125631114153,0.1439987321956343,0.006289834154469985,0.017251387321584905,-0.00014140040582288904,-0.00033049378762417536,0.0037602399704672607,,,,,,
iqnils_m1_n50_p6_fluidOnly_transpiration_endsZeroGrad,iqnils,1,50,1.0,6,fluidOnly_transpiration_endsZeroGrad,exact initial fields,tutorial,_87ed40d2-20251219 OPENFOAM=2512 version=2512,nan,2.11,4-5,-0.004991884949819392,-0.0028437733858437397,0.03525722504074036,,,,,,,0.0036154949662701164,0.005735818023178722,-0.020667647927151953,0.14402596209895033,-0.020623124900240472,0.14399872348639473,0.006289827059191489,0.017252178315810343,-0.00014133993300846637,-0.00033043613660277416,0.0037809054614470483,,,,,,
iqnils_m1_n50_p6_fluidOnly_transpiration_endsZeroGrad,iqnils,1,50,1.0,6,fluidOnly_transpiration_endsZeroGrad,exact initial fields,tutorial,_87ed40d2-20251219 OPENFOAM=2512 version=2512,nan,2.11,5-6,-0.004991890145800815,-0.002843778307203282,0.03525305127354583,,,,,,,0.003619311461399821,0.005733702894585183,-0.020667647825148953,0.14402596002804727,-0.020623124792545498,0.1439987213317842,0.006289825323820168,0.017252363294850012,-0.00014132497241736708,-0.0003304217626749484,0.0037857620025667504,,,,,,
iqnils_m1_n50_p6_fluidOnly_transpiration_fluxConsistent,iqnils,1,50,1.0,6,fluidOnly_transpiration_fluxConsistent,exact initial fields,tutorial,_87ed40d2-20251219 OPENFOAM=2512 version=2512,nan,2.51,2-3,-0.006034169450725102,-0.004275289594117937,0.03845939703248602,,,,,,,0.002951740436715422,0.005616178396878445,-0.02063797747812404,0.1439911833164768,-0.020601521897090413,0.14395832125551417,0.005840909166182093,0.017116258225371682,0.0001392726781948017,-8.89818370670703e-05,0.003868906153317919,,,,,,
iqnils_m1_n50_p6_fluidOnly_transpiration_fluxConsistent,iqnils,1,50,1.0,6,fluidOnly_transpiration_fluxConsistent,exact initial fields,tutorial,_87ed40d2-20251219 OPENFOAM=2512 version=2512,nan,2.51,3-4,-0.006034589073586338,-0.004275590791023354,0.03839980343388372,,,,,,,0.0030060590377976038,0.005586091453847791,-0.020637971235339374,0.1439911731385668,-0.02060151319973956,0.14395830977333163,0.005840907448741326,0.01711896351668962,0.0001393524497739218,-8.891115909326341e-05,0.003938266889126574,,,,,,
iqnils_m1_n50_p6_fluidOnly_transpiration_fluxConsistent,iqnils,1,50,1.0,6,fluidOnly_transpiration_fluxConsistent,exact initial fields,tutorial,_87ed40d2-20251219 OPENFOAM=2512 version=2512,nan,2.51,4-5,-0.0060346231590122645,-0.00427561930720044,0.03838585937288208,,,,,,,0.0030187976870315048,0.005579008179159816,-0.020637970644296275,0.14399116875880852,-0.020601512493264924,0.14395830527933712,0.0058409075573590315,0.017119586763570616,0.0001393836714582708,-8.88807449441753e-05,0.0039545342761562186,,,,,,
iqnils_m1_n50_p6_fluidOnly_transpiration_fluxConsistent,iqnils,1,50,1.0,6,fluidOnly_transpiration_fluxConsistent,exact initial fields,tutorial,_87ed40d2-20251219 OPENFOAM=2512 version=2512,nan,2.51,5-6,-0.006034629179375139,-0.004275623788706495,0.03838258241248238,,,,,,,0.003021791984983979,0.005577343089020678,-0.020637970551409937,0.14399116773940823,-0.020601512368483333,0.1439583042425524,0.005840907590992251,0.017119733111136962,0.00013939087444136966,-8.88736659705458e-05,0.003958357889434216,,,,,,
iqnils_m1_n50_p6_fluidOnly_transpiration_fluxConsistent2,iqnils,1,50,1.0,6,fluidOnly_transpiration_fluxConsistent2,exact initial fields,tutorial,_87ed40d2-20251219 OPENFOAM=2512 version=2512,nan,2.55,2-3,-0.006295498136992483,-0.005217528919377767,0.038191692508499075,,,,,,,0.003026039408479342,0.005641423953928654,-0.02061844807027617,0.1437625875269327,-0.020596105444646066,0.14372969498490656,0.006031151037371525,0.017164102779665652,0.0017301625219716676,0.0015009690159530908,0.004007316493874535,,,,,,
iqnils_m1_n50_p6_fluidOnly_transpiration_fluxConsistent2,iqnils,1,50,1.0,6,fluidOnly_transpiration_fluxConsistent2,exact initial fields,tutorial,_87ed40d2-20251219 OPENFOAM=2512 version=2512,nan,2.55,3-4,-0.006295366831711391,-0.00521723884501768,0.03812700162376226,,,,,,,0.0030853983939824747,0.0056085388354318744,-0.020618454082528402,0.14376259076818274,-0.020596108166156746,0.14372969643012737,0.006031149248525068,0.017167102346913064,0.001730152449444411,0.0015009464362607527,0.004083106771114231,,,,,,
iqnils_m1_n50_p6_fluidOnly_transpiration_fluxConsistent2,iqnils,1,50,1.0,6,fluidOnly_transpiration_fluxConsistent2,exact initial fields,tutorial,_87ed40d2-20251219 OPENFOAM=2512 version=2512,nan,2.55,4-5,-0.006295189122685785,-0.005216962949932014,0.038111873529095064,,,,,,,0.0030993241855756803,0.005600804572713175,-0.02061845980089263,0.14376260754632833,-0.0205961118494588,0.1437297127681251,0.0060311486796727825,0.01716778947363078,0.001730038581096327,0.0015008295537906058,0.00410085415726269,,,,,,
iqnils_m1_n50_p6_fluidOnly_transpiration_fluxConsistent2,iqnils,1,50,1.0,6,fluidOnly_transpiration_fluxConsistent2,exact initial fields,tutorial,_87ed40d2-20251219 OPENFOAM=2512 version=2512,nan,2.55,5-6,-0.0062951253845550115,-0.005216866822692512,0.038108330983730454,,,,,,,0.003102597043745714,0.005598987559704552,-0.020618461793282476,0.1437626135097645,-0.02059611317053288,0.14372971861859526,0.006031148498881842,0.0171679512638733,0.0017299978060099086,0.0015007880104009885,0.00410502208722785,,,,,,
iqnils_m1_n50_p6_fluidOnly_transpiration_lsS4f,iqnils,1,50,1.0,6,fluidOnly_transpiration_lsS4f,exact initial fields,tutorial,_87ed40d2-20251219 OPENFOAM=2512 version=2512,nan,2.47,2-3,-0.01888900405109506,-0.019080385850697046,0.03227772601626033,,,,,,,0.002040864178850299,0.005926100710854462,-0.020331118323267682,0.14346665503074643,-0.020335085015294737,0.1434133016677114,0.005488154084197817,0.017080812417298658,0.003940143920971195,0.0035667917789521386,0.00298921445313316,,,,,,
iqnils_m1_n50_p6_fluidOnly_transpiration_lsS4f,iqnils,1,50,1.0,6,fluidOnly_transpiration_lsS4f,exact initial fields,tutorial,_87ed40d2-20251219 OPENFOAM=2512 version=2512,nan,2.47,3-4,-0.018889991247087456,-0.019081389808043414,0.03222655278417452,,,,,,,0.0020905667688491114,0.005898439992748621,-0.020331097514655738,0.1434666416860312,-0.020335064554088497,0.14341328401251555,0.005488138280124549,0.017083296910080297,0.003940267513147466,0.0035668851268753077,0.0030527811342913047,,,,,,
iqnils_m1_n50_p6_fluidOnly_transpiration_lsS4f,iqnils,1,50,1.0,6,fluidOnly_transpiration_lsS4f,exact initial fields,tutorial,_87ed40d2-20251219 OPENFOAM=2512 version=2512,nan,2.47,4-5,-0.01889001862337958,-0.019081355808339695,0.03221459211613609,,,,,,,0.002102224836221467,0.005891944688964501,-0.020331098219353645,0.1434666489424638,-0.020335063986671325,0.14341329249065268,0.005488135777446717,0.017083862021148505,0.0039402081633961306,0.003566834367235261,0.0030677110346526426,,,,,,
iqnils_m1_n50_p6_fluidOnly_transpiration_lsS4f,iqnils,1,50,1.0,6,fluidOnly_transpiration_lsS4f,exact initial fields,tutorial,_87ed40d2-20251219 OPENFOAM=2512 version=2512,nan,2.47,5-6,-0.018890009089140847,-0.019081323388900784,0.03221178233833988,,,,,,,0.0021049662492043097,0.005890418021754409,-0.02033109889129805,0.14346665194551422,-0.020335064184283578,0.14341329597907337,0.005488135277995683,0.017083995103748074,0.003940183743304626,0.0035668133605291086,0.003071224498314651,,,,,,
iqnils_m1_n50_p6_fluidOnly_transpiration_noDdtCorr,iqnils,1,50,1.0,6,fluidOnly_transpiration_noDdtCorr,exact initial fields,tutorial,_87ed40d2-20251219 OPENFOAM=2512 version=2512,nan,2.43,2-3,-0.017909361082362962,-0.01862478477210816,0.03244954383456733,,,,,,,0.0015352463733839805,0.005759306382613076,-0.02034056137986823,0.1433239009712575,-0.020355389673112314,0.14326959364494968,0.0061866835960840885,0.016953361918252304,0.004947156291031707,0.004566368489632433,0.002621960627245734,,,,,,
iqnils_m1_n50_p6_fluidOnly_transpiration_noDdtCorr,iqnils,1,50,1.0,6,fluidOnly_transpiration_noDdtCorr,exact initial fields,tutorial,_87ed40d2-20251219 OPENFOAM=2512 version=2512,nan,2.43,3-4,-0.017909614239260963,-0.0186248683011635,0.032400979295081234,,,,,,,0.001581986330783769,0.005733321026772555,-0.020340559648595775,0.1433239171211617,-0.02035538442603317,0.14326960865853544,0.006186632122165129,0.01695568575433218,0.004947050980069756,0.004566255293936061,0.002681795499689832,,,,,,
iqnils_m1_n50_p6_fluidOnly_transpiration_noDdtCorr,iqnils,1,50,1.0,6,fluidOnly_transpiration_noDdtCorr,exact initial fields,tutorial,_87ed40d2-20251219 OPENFOAM=2512 version=2512,nan,2.43,4-5,-0.017909604766981446,-0.018624842105243622,0.032389615581967846,,,,,,,0.0015929465635247109,0.005727206941532704,-0.020340560191547858,0.14332391808120107,-0.020355384622361222,0.143269609678117,0.006186628069393729,0.016956215510966505,0.004947043828340325,0.004566248564960462,0.002695822070574394,,,,,,
iqnils_m1_n50_p6_fluidOnly_transpiration_noDdtCorr,iqnils,1,50,1.0,6,fluidOnly_transpiration_noDdtCorr,exact initial fields,tutorial,_87ed40d2-20251219 OPENFOAM=2512 version=2512,nan,2.43,5-6,-0.01790960244334394,-0.018624835886091762,0.03238694353736915,,,,,,,0.001595523855854486,0.005725769227079714,-0.020340560320449667,0.1433239183024797,-0.0203553846705223,0.14326960991387816,0.006186627137606368,0.016956340094889933,0.004947042174622718,0.004566247014004654,0.002699120404101807,,,,,,
iqnils_m1_n50_p6_fluidOnly_transpiration_rigid,iqnils,1,50,1.0,6,fluidOnly_transpiration_rigid,exact initial fields,tutorial,_87ed40d2-20251219 OPENFOAM=2512 version=2512,nan,2.28,2-3,0.5817850796944972,1.2089015362896092,-1.0051439686541617,,,,,,,-0.2071392735471297,0.07320222720554843,-0.045782995722538654,0.15845835729629607,-0.03278501026318893,0.1669139983642944,0.46319819488462194,0.20394370083244387,-0.13740985101664693,-0.09138039057641223,70985.35044708128,,,,,,
iqnils_m1_n50_p6_fluidOnly_transpiration_rigid,iqnils,1,50,1.0,6,fluidOnly_transpiration_rigid,exact initial fields,tutorial,_87ed40d2-20251219 OPENFOAM=2512 version=2512,nan,2.28,3-4,0.5817702314599031,1.2089038231363118,-1.0052009177493795,,,,,,,-0.20709589032846465,0.07316641622624843,-0.045783043121071856,0.15845911423938747,-0.032784702509923457,0.1669148193352449,0.46320414858115005,0.20387622032653918,-0.13741409366842183,-0.0913847309599829,102206.11551842799,,,,,,
iqnils_m1_n50_p6_fluidOnly_transpiration_rigid,iqnils,1,50,1.0,6,fluidOnly_transpiration_rigid,exact initial fields,tutorial,_87ed40d2-20251219 OPENFOAM=2512 version=2512,nan,2.28,4-5,0.5817705268511977,1.20890422083574,-1.005200869771509,,,,,,,-0.20708563555937287,0.07315797408364924,-0.045783051364024704,0.15845911214848565,-0.032784708632377604,0.1669148193809641,0.46320416851577656,0.20386100908626845,-0.1374140939046905,-0.0913847189706104,102456.47604581581,,,,,,
iqnils_m1_n50_p6_fluidOnly_transpiration_rigid,iqnils,1,50,1.0,6,fluidOnly_transpiration_rigid,exact initial fields,tutorial,_87ed40d2-20251219 OPENFOAM=2512 version=2512,nan,2.28,5-6,0.5817706023565403,1.2089043147086094,-1.0052008386520832,,,,,,,-0.2070832173885564,0.07315598337343646,-0.04578305330968915,0.1584591113802368,-0.03278471019734586,0.1669148190989102,0.46320417119150525,0.20385742314508398,-0.13741409244708636,-0.09138471456541941,102501.02344528954,,,,,,
iqnils_m1_n6400_p6_fluidOnly_transpiration_fluxConsistent,iqnils,1,6400,0.0078125,6,fluidOnly_transpiration_fluxConsistent,exact initial fields,tutorial,_87ed40d2-20251219 OPENFOAM=2512 version=2512,nan,277.01,2-3,-0.003947228890142429,-0.0005575869390933574,0.03592925178767947,,,,,,,0.006725098150228259,0.006305491476000164,-0.02071503277549984,0.1441075795225606,-0.020644777057716016,0.14408111436707818,0.00617129438892489,0.01753526346708825,-0.0007130958909199459,-0.000896613533617141,0.007481760447475949,,,,,,
iqnils_m1_n6400_p6_fluidOnly_transpiration_fluxConsistent,iqnils,1,6400,0.0078125,6,fluidOnly_transpiration_fluxConsistent,exact initial fields,tutorial,_87ed40d2-20251219 OPENFOAM=2512 version=2512,nan,277.01,3-4,-0.003946932422677407,-0.0005571775200586826,0.03591699932957493,,,,,,,0.006736390184072016,0.006300166313207387,-0.020715041261360166,0.14410757733821986,-0.02064478320247551,0.14408111312788524,0.006171430735701501,0.01753589299372261,-0.0007130872963910795,-0.0008965983894986262,0.007495614535124373,,,,,,
iqnils_m1_n6400_p6_fluidOnly_transpiration_fluxConsistent,iqnils,1,6400,0.0078125,6,fluidOnly_transpiration_fluxConsistent,exact initial fields,tutorial,_87ed40d2-20251219 OPENFOAM=2512 version=2512,nan,277.01,4-5,-0.003946913649646722,-0.0005571551177966372,0.03591417245395623,,,,,,,0.006739030950832836,0.006298912205353159,-0.02071504172568266,0.14410757401454752,-0.020644783591576413,0.14408110947620412,0.00617144911534882,0.01753602395795531,-0.0007130619698429985,-0.0008965753463493487,0.007498842010794204,,,,,,
iqnils_m1_n6400_p6_fluidOnly_transpiration_fluxConsistent,iqnils,1,6400,0.0078125,6,fluidOnly_transpiration_fluxConsistent,exact initial fields,tutorial,_87ed40d2-20251219 OPENFOAM=2512 version=2512,nan,277.01,5-6,-0.003946916136033152,-0.0005571560220632987,0.03591350603824339,,,,,,,0.006739653429748138,0.006298618567198384,-0.020715041706940295,0.1441075732078463,-0.0206447835400421,0.14408110853155173,0.006171456304889216,0.01753605480030159,-0.0007130554181249416,-0.0008965697534584205,0.007499601882577922,,,,,,
iqnils_m1_n6400_p6_fluidOnly_transpiration_fluxConsistent2,iqnils,1,6400,0.0078125,6,fluidOnly_transpiration_fluxConsistent2,exact initial fields,tutorial,_87ed40d2-20251219 OPENFOAM=2512 version=2512,nan,269.07,2-3,-0.003946891075969017,-0.0005573760774415515,0.03594065849168593,,,,,,,0.006725400154975247,0.0063051399429605685,-0.02071503714594277,0.14410757228798787,-0.020644784059451766,0.1440811089037666,0.006171114209063262,0.017535278093382907,-0.000713057999653266,-0.0008965633760439351,0.0074829037408765675,,,,,,
iqnils_m1_n6400_p6_fluidOnly_transpiration_fluxConsistent2,iqnils,1,6400,0.0078125,6,fluidOnly_transpiration_fluxConsistent2,exact initial fields,tutorial,_87ed40d2-20251219 OPENFOAM=2512 version=2512,nan,269.07,3-4,-0.003946591700521251,-0.0005569658854045478,0.035928405566005406,,,,,,,0.006736695037621088,0.006299814126021757,-0.0207150456478248,0.14410756979346764,-0.020644790264483823,0.14408110735743912,0.00617124772679371,0.017535908885169434,-0.0007130472749656835,-0.0008965460814372994,0.007496761068541913,,,,,,
iqnils_m1_n6400_p6_fluidOnly_transpiration_fluxConsistent2,iqnils,1,6400,0.0078125,6,fluidOnly_transpiration_fluxConsistent2,exact initial fields,tutorial,_87ed40d2-20251219 OPENFOAM=2512 version=2512,nan,269.07,4-5,-0.003946571669306009,-0.0005569430338289161,0.03592557819956199,,,,,,,0.006739336459751888,0.006298559784821832,-0.02071504612146003,0.14410756625229365,-0.020644790679662604,0.14408110349012396,0.00617126490179912,0.017536039871129484,-0.0007130204528670303,-0.0008965215303380347,0.007499989315427724,,,,,,
iqnils_m1_n6400_p6_fluidOnly_transpiration_fluxConsistent2,iqnils,1,6400,0.0078125,6,fluidOnly_transpiration_fluxConsistent2,exact initial fields,tutorial,_87ed40d2-20251219 OPENFOAM=2512 version=2512,nan,269.07,5-6,-0.003946573318317381,-0.0005569430746645843,0.03592491143594967,,,,,,,0.006739959112456839,0.006298266051438459,-0.020715046120613645,0.1441075654318374,-0.02064479064548422,0.14408110253729695,0.006171271984993444,0.01753607073151586,-0.000713013844452659,-0.0008965158420821684,0.007500749318069433,,,,,,
iqnils_m1_n6400_p6_fluidOnly_transpiration_fluxConsistent2_ddtCoeff1,iqnils,1,6400,0.0078125,6,fluidOnly_transpiration_fluxConsistent2_ddtCoeff1,exact initial fields,tutorial,_87ed40d2-20251219 OPENFOAM=2512 version=2512,nan,267.74,2-3,-0.003942151840581221,-0.0005573928738256129,0.03608414445380026,,,,,,,0.006719024888793834,0.006302368084405163,-0.02071503679781101,0.14410684509618205,-0.02064488228763891,0.14408034003163692,0.006175753296008911,0.017521980165891553,-0.0007077253923101212,-0.0008915217013629739,0.00750530058485821,,,,,,
iqnils_m1_n6400_p6_fluidOnly_transpiration_fluxConsistent2_ddtCoeff1,iqnils,1,6400,0.0078125,6,fluidOnly_transpiration_fluxConsistent2_ddtCoeff1,exact initial fields,tutorial,_87ed40d2-20251219 OPENFOAM=2512 version=2512,nan,267.74,3-4,-0.003942345210233067,-0.0005574280991822445,0.03607192337704501,,,,,,,0.006730297995771517,0.006297046232929468,-0.020715036067709497,0.14410686132074377,-0.020644878279745486,0.14408035468067096,0.006176005457365834,0.017522585641901487,-0.0007078269930216319,-0.0008916341880066403,0.007519155364389629,,,,,,
iqnils_m1_n6400_p6_fluidOnly_transpiration_fluxConsistent2_ddtCoeff1,iqnils,1,6400,0.0078125,6,fluidOnly_transpiration_fluxConsistent2_ddtCoeff1,exact initial fields,tutorial,_87ed40d2-20251219 OPENFOAM=2512 version=2512,nan,267.74,4-5,-0.003942343584833141,-0.0005574223106902254,0.03606913561562286,,,,,,,0.006732931429298317,0.006295790592440343,-0.020715036187685196,0.14410686156285435,-0.02064487831343448,0.1440803549355248,0.006176011129339813,0.017522711581843143,-0.000707828760600826,-0.0008916358665853608,0.007522370799948774,,,,,,
iqnils_m1_n6400_p6_fluidOnly_transpiration_fluxConsistent2_ddtCoeff1,iqnils,1,6400,0.0078125,6,fluidOnly_transpiration_fluxConsistent2_ddtCoeff1,exact initial fields,tutorial,_87ed40d2-20251219 OPENFOAM=2512 version=2512,nan,267.74,5-6,-0.003942343124096359,-0.0005574209280493347,0.036068480047567686,,,,,,,0.006733550929736154,0.006295495204213296,-0.020715036216342627,0.1441068616144673,-0.020644878322983985,0.14408035499063665,0.006176012376765928,0.01752274119343241,-0.0007078291428378458,-0.0008916362244235643,0.00752312718658521,,,,,,
iqnils_m1_n6400_p6_fluidOnly_transpiration_fluxConsistent2_pimple10,iqnils,1,6400,0.0078125,6,fluidOnly_transpiration_fluxConsistent2_pimple10,exact initial fields,tutorial,_87ed40d2-20251219 OPENFOAM=2512 version=2512,nan,1024.49,2-3,-0.003946893359351944,-0.000557378470835701,0.03594067170836923,,,,,,,0.006725401290869515,0.006305140358818471,-0.020715037096335872,0.14410757261476784,-0.020644784012125026,0.14408110922749282,0.006171116822970424,0.017535280432525096,-0.0007130602448842671,-0.0008965656416222156,0.007482905169165166,,,,,,
iqnils_m1_n6400_p6_fluidOnly_transpiration_fluxConsistent2_pimple10,iqnils,1,6400,0.0078125,6,fluidOnly_transpiration_fluxConsistent2_pimple10,exact initial fields,tutorial,_87ed40d2-20251219 OPENFOAM=2512 version=2512,nan,1024.49,3-4,-0.003946594018018779,-0.0005569683166333217,0.03592841861362506,,,,,,,0.006736696179997725,0.006299814539600212,-0.02071504559743372,0.14410757011998854,-0.020644790216450003,0.14408110768079813,0.006171250335195791,0.017535911226676422,-0.0007130495176500551,-0.0008965483452195722,0.00749676250277842,,,,,,
iqnils_m1_n6400_p6_fluidOnly_transpiration_fluxConsistent2_pimple10,iqnils,1,6400,0.0078125,6,fluidOnly_transpiration_fluxConsistent2_pimple10,exact initial fields,tutorial,_87ed40d2-20251219 OPENFOAM=2512 version=2512,nan,1024.49,4-5,-0.003946573975828316,-0.0005569454572866839,0.03592559134357365,,,,,,,0.006739337603688833,0.006298560197203921,-0.020715046071230016,0.1441075665786594,-0.02064479063185626,0.1440811038133437,0.00617126749586747,0.017536042220038735,-0.0007130226945856188,-0.0008965237930446124,0.0074999907540100885,,,,,,
iqnils_m1_n6400_p6_fluidOnly_transpiration_fluxConsistent2_pimple10,iqnils,1,6400,0.0078125,6,fluidOnly_transpiration_fluxConsistent2_pimple10,exact initial fields,tutorial,_87ed40d2-20251219 OPENFOAM=2512 version=2512,nan,1024.49,5-6,-0.003946575638299921,-0.000556945513050966,0.035924924578933704,,,,,,,0.006739960256868516,0.006298266463493504,-0.02071504607007421,0.14410756575856035,-0.020644790597398894,0.14408110286093403,0.006171274578636123,0.017536073072061512,-0.00071301608906571,-0.0008965181072654316,0.007500750756869401,,,,,,
iqnils_m1_n6400_p6_fluidOnly_transpiration_fluxConsistent_ddtCoeff1,iqnils,1,6400,0.0078125,6,fluidOnly_transpiration_fluxConsistent_ddtCoeff1,exact initial fields,tutorial,_87ed40d2-20251219 OPENFOAM=2512 version=2512,nan,267.93,2-3,-0.003942466894200636,-0.0005575856601299778,0.03607262661456723,,,,,,,0.006718768634644601,0.006302713848568671,-0.020715032802008388,0.14410685255389308,-0.020644875757651823,0.1440803456917546,0.006175906823625477,0.01752197000687099,-0.0007077646489612732,-0.0008915734064843805,0.00750420150078579,,,,,,
iqnils_m1_n6400_p6_fluidOnly_transpiration_fluxConsistent_ddtCoeff1,iqnils,1,6400,0.0078125,6,fluidOnly_transpiration_fluxConsistent_ddtCoeff1,exact initial fields,tutorial,_87ed40d2-20251219 OPENFOAM=2512 version=2512,nan,267.93,3-4,-0.003942660215016214,-0.0005576208287146889,0.03606040879788597,,,,,,,0.006730038755607515,0.006297393414785092,-0.020715032073083565,0.1441068687781113,-0.020644871750770608,0.14408036034034793,0.006176158967232083,0.01752257533879982,-0.0007078662466082353,-0.0008916858907349612,0.007518052604718051,,,,,,
iqnils_m1_n6400_p6_fluidOnly_transpiration_fluxConsistent_ddtCoeff1,iqnils,1,6400,0.0078125,6,fluidOnly_transpiration_fluxConsistent_ddtCoeff1,exact initial fields,tutorial,_87ed40d2-20251219 OPENFOAM=2512 version=2512,nan,267.93,4-5,-0.003942658576235547,-0.0005576150291247695,0.03605762188538186,,,,,,,0.006732671486496367,0.006296138107886145,-0.020715032193289285,0.14410686902032382,-0.02064487178473694,0.14408036059522183,0.006176164614250709,0.01752270127542477,-0.0007078680143264293,-0.0008916875700203386,0.0075212671816100585,,,,,,
iqnils_m1_n6400_p6_fluidOnly_transpiration_fluxConsistent_ddtCoeff1,iqnils,1,6400,0.0078125,6,fluidOnly_transpiration_fluxConsistent_ddtCoeff1,exact initial fields,tutorial,_87ed40d2-20251219 OPENFOAM=2512 version=2512,nan,267.93,5-6,-0.003942658113865294,-0.0005576136400954335,0.036056966486462505,,,,,,,0.006733290821647309,0.006295842798191164,-0.020715032222079127,0.1441068690717099,-0.0206448717943203,0.14408036065016658,0.006176165873241503,0.017522730888907812,-0.0007078683954043763,-0.0008916879262853561,0.007522023363930819,,,,,,
iqnils_m1_n6400_p6_fluidOnly_transpiration_fluxConsistent_pimple10,iqnils,1,6400,0.0078125,6,fluidOnly_transpiration_fluxConsistent_pimple10,exact initial fields,tutorial,_87ed40d2-20251219 OPENFOAM=2512 version=2512,nan,1093.23,2-3,-0.003947255336302247,-0.0005576337944274146,0.0359292324340621,,,,,,,0.006725094854753477,0.006305490154253502,-0.02071503180434856,0.14410757443017624,-0.020644776509577314,0.14408110914580805,0.0061712824665312365,0.017535263408331978,-0.0007130596783525567,-0.0008965782279195533,0.0074817574796068875,,,,,,
iqnils_m1_n6400_p6_fluidOnly_transpiration_fluxConsistent_pimple10,iqnils,1,6400,0.0078125,6,fluidOnly_transpiration_fluxConsistent_pimple10,exact initial fields,tutorial,_87ed40d2-20251219 OPENFOAM=2512 version=2512,nan,1093.23,3-4,-0.003946958911237308,-0.000557224413271995,0.03591698023453871,,,,,,,0.00673638678302968,0.006300165045826752,-0.020715040289423777,0.14410757224919593,-0.020644782653457996,0.1440811079099098,0.006171418828909309,0.017535892909117716,-0.0007130511066737455,-0.0008965631070979585,0.00749561145157851,,,,,,
iqnils_m1_n6400_p6_fluidOnly_transpiration_fluxConsistent_pimple10,iqnils,1,6400,0.0078125,6,fluidOnly_transpiration_fluxConsistent_pimple10,exact initial fields,tutorial,_87ed40d2-20251219 OPENFOAM=2512 version=2512,nan,1093.23,4-5,-0.003946940115818864,-0.0005572019855056842,0.03591415341900661,,,,,,,0.006739027525068497,0.006298910948614438,-0.020715040754274886,0.14410756892630072,-0.020644783043022922,0.14408110425910334,0.0061714372259830345,0.017536023875413236,-0.0007130257861900358,-0.0008965400693349279,0.007498838901117244,,,,,,
iqnils_m1_n6400_p6_fluidOnly_transpiration_fluxConsistent_pimple10,iqnils,1,6400,0.0078125,6,fluidOnly_transpiration_fluxConsistent_pimple10,exact initial fields,tutorial,_87ed40d2-20251219 OPENFOAM=2512 version=2512,nan,1093.23,5-6,-0.003946942608868187,-0.0005572028883472635,0.03591348687549223,,,,,,,0.006739649998268371,0.006298617312854657,-0.02071504073556206,0.14410756812017025,-0.020644782991350513,0.14408110331493318,0.006171444426288165,0.01753605472723123,-0.0007130192378161926,-0.0008965344804005015,0.007499598760110082,,,,,,
iqnils_m1_n800_p6_fluidOnly,iqnils,1,800,0.0625,6,fluidOnly,exact initial fields,tutorial,_87ed40d2-20251219 OPENFOAM=2512 version=2512,nan,46.63,2-3,-0.005478449277046105,-0.0020320897626268097,0.03903133289577454,,,,,,,0.005896279680873473,0.0061839647586543756,-0.020684471360536954,0.14409949586741683,-0.02061304008109114,0.14406773790029162,0.006390518999500423,0.017374534783915613,-0.0006203136464155712,-0.0008405660979162732,0.007283466920689818,,,,,,
iqnils_m1_n800_p6_fluidOnly,iqnils,1,800,0.0625,6,fluidOnly,exact initial fields,tutorial,_87ed40d2-20251219 OPENFOAM=2512 version=2512,nan,46.63,3-4,-0.005480718669809481,-0.0020340638557401203,0.03900656077880216,,,,,,,0.005919717113652689,0.006172850558170119,-0.02068443044431906,0.14409953799008585,-0.020612993044318576,0.14406776410389113,0.006391313243868882,0.017375844711602053,-0.0006204954174399147,-0.0008408581686800698,0.007312300876449296,,,,,,
iqnils_m1_n800_p6_fluidOnly,iqnils,1,800,0.0625,6,fluidOnly,exact initial fields,tutorial,_87ed40d2-20251219 OPENFOAM=2512 version=2512,nan,46.63,4-5,-0.005481132820590817,-0.002034447478906576,0.039000994863594096,,,,,,,0.005925175165507612,0.006170251141429187,-0.02068442249311911,0.1440995395572423,-0.02061298446038528,0.14406776293351967,0.006391448759827417,0.017376137141089504,-0.0006204872987238819,-0.0008408690350486525,0.007319049637485087,,,,,,
iqnils_m1_n800_p6_fluidOnly,iqnils,1,800,0.0625,6,fluidOnly,exact initial fields,tutorial,_87ed40d2-20251219 OPENFOAM=2512 version=2512,nan,46.63,5-6,-0.005481245610501895,-0.0020345607469073324,0.038999936357202225,,,,,,,0.00592642542978461,0.006169634633205998,-0.020684420145459737,0.14409953958308216,-0.020612982122635074,0.14406776247621608,0.006391483972455268,0.017376191973224937,-0.0006204841264678684,-0.0008408692142173324,0.007320650806872608,,,,,,
iqnils_m1_n800_p6_fluidOnly_pimple10,iqnils,1,800,0.0625,6,fluidOnly_pimple10,exact initial fields,tutorial,_87ed40d2-20251219 OPENFOAM=2512 version=2512,nan,166.73,2-3,-0.005455014447882323,-0.00200858928961134,0.03903002961004409,,,,,,,0.005896580915338401,0.006184026855120768,-0.020684958445197753,0.14409951231778542,-0.020613525805178765,0.14406779075822101,0.006389606138393498,0.01737462355661346,-0.0006206803150554663,-0.0008406801617372173,0.007283867749247941,,,,,,
iqnils_m1_n800_p6_fluidOnly_pimple10,iqnils,1,800,0.0625,6,fluidOnly_pimple10,exact initial fields,tutorial,_87ed40d2-20251219 OPENFOAM=2512 version=2512,nan,166.73,3-4,-0.005457247082940264,-0.0020105061812356606,0.039005284554675335,,,,,,,0.005919995052733995,0.006172923880055732,-0.020684918714571652,0.14409956077739933,-0.020613479530268077,0.14406782351009664,0.006390436252824782,0.017375932565911117,-0.0006209075104581796,-0.0008410161716084774,0.007312673188875962,,,,,,
iqnils_m1_n800_p6_fluidOnly_pimple10,iqnils,1,800,0.0625,6,fluidOnly_pimple10,exact initial fields,tutorial,_87ed40d2-20251219 OPENFOAM=2512 version=2512,nan,166.73,4-5,-0.005457652417873438,-0.0020108754246411786,0.038999725010967046,,,,,,,0.005925447620852342,0.00617032710544358,-0.020684911061415102,0.14409956406084143,-0.020613471129057245,0.14406782410919225,0.006390581499036469,0.017376224781299934,-0.0006209116663037362,-0.0008410389383718408,0.0073194151850763944,,,,,,
iqnils_m1_n800_p6_fluidOnly_pimple10,iqnils,1,800,0.0625,6,fluidOnly_pimple10,exact initial fields,tutorial,_87ed40d2-20251219 OPENFOAM=2512 version=2512,nan,166.73,5-6,-0.005457763301867091,-0.0020109853376321096,0.038998667710395285,,,,,,,0.0059266965867399435,0.00616971119653761,-0.020684908783293644,0.14409956452207429,-0.02061346883081021,0.14406782409747018,0.00639061933628987,0.017376279535919033,-0.0006209115849893365,-0.0008410421364727361,0.0073210147813136395,,,,,,
iqnils_m1_n800_p6_fluidOnly_transpiration,iqnils,1,800,0.0625,6,fluidOnly_transpiration,exact initial fields,tutorial,_87ed40d2-20251219 OPENFOAM=2512 version=2512,nan,37.47,2-3,-0.005090102645337047,-0.0019974847248639405,0.034505081608461774,,,,,,,0.006596415194116245,0.006358904051532332,-0.020685188604954528,0.14401771539905078,-0.020621089182368994,0.14398900926886588,0.005830895495846224,0.017519912911393504,-7.38844753224166e-05,-0.0002731933531782138,0.007399471379701428,,,,,,
iqnils_m1_n800_p6_fluidOnly_transpiration,iqnils,1,800,0.0625,6,fluidOnly_transpiration,exact initial fields,tutorial,_87ed40d2-20251219 OPENFOAM=2512 version=2512,nan,37.47,3-4,-0.005090199754476887,-0.0019973744414069072,0.03449449268327842,,,,,,,0.00660619804965612,0.006354240723133885,-0.020685190890754487,0.1440177381194973,-0.0206210871696277,0.1439890325690438,0.005830894373528035,0.017520426720031693,-7.404628248219858e-05,-0.0002733510715241527,0.007411536469583924,,,,,,
iqnils_m1_n800_p6_fluidOnly_transpiration,iqnils,1,800,0.0625,6,fluidOnly_transpiration,exact initial fields,tutorial,_87ed40d2-20251219 OPENFOAM=2512 version=2512,nan,37.47,4-5,-0.005090153541984499,-0.001997313670405454,0.03449209364064321,,,,,,,0.006608477617700226,0.006353136118421917,-0.020685192150330097,0.14401773951877925,-0.020621088127455067,0.14398903454741732,0.0058308942591955085,0.0175205358203715,-7.406002121612687e-05,-0.00027336078490702853,0.007414330327079943,,,,,,
iqnils_m1_n800_p6_fluidOnly_transpiration,iqnils,1,800,0.0625,6,fluidOnly_transpiration,exact initial fields,tutorial,_87ed40d2-20251219 OPENFOAM=2512 version=2512,nan,37.47,5-6,-0.005090142325963387,-0.0019972993632756397,0.034491530306422824,,,,,,,0.006609014022998183,0.006352876971220017,-0.020685192446868107,0.14401773981163282,-0.020621088359924933,0.14398903497802473,0.0058308942376451775,0.017520561776456483,-7.40630115515506e-05,-0.00027336281780609983,0.007414987176484367,,,,,,
iqnils_m1_n800_p6_fluidOnly_transpiration_ddtCoeff1,iqnils,1,800,0.0625,6,fluidOnly_transpiration_ddtCoeff1,exact initial fields,tutorial,_87ed40d2-20251219 OPENFOAM=2512 version=2512,nan,35.83,2-3,-0.005082028248386883,-0.0019939454323210093,0.034596392915772434,,,,,,,0.006600832438129256,0.006369824890108182,-0.02068526196241872,0.1440178457871406,-0.02062125653708126,0.1439891602534755,0.005831102575147605,0.017517943482746698,-7.4932981015019e-05,-0.0002740984664851842,0.00741697487971571,,,,,,
iqnils_m1_n800_p6_fluidOnly_transpiration_ddtCoeff1,iqnils,1,800,0.0625,6,fluidOnly_transpiration_ddtCoeff1,exact initial fields,tutorial,_87ed40d2-20251219 OPENFOAM=2512 version=2512,nan,35.83,3-4,-0.005082229107162051,-0.0019939902273293786,0.03458573709354007,,,,,,,0.006610648095614735,0.006365155240303276,-0.020685261033970965,0.14401786199707606,-0.02062125237396385,0.14398917486927515,0.005831101707150121,0.017518478339967995,-7.503447964818388e-05,-0.0002742109906687107,0.0074290821755813585,,,,,,
iqnils_m1_n800_p6_fluidOnly_transpiration_ddtCoeff1,iqnils,1,800,0.0625,6,fluidOnly_transpiration_ddtCoeff1,exact initial fields,tutorial,_87ed40d2-20251219 OPENFOAM=2512 version=2512,nan,35.83,4-5,-0.0050822277391441295,-0.0019939852108258327,0.034583320105417314,,,,,,,0.006612938666235468,0.006364053116745068,-0.020685261137945974,0.14401786221100116,-0.020621252402318196,0.14398917509387674,0.00583110169374185,0.01751858784006851,-7.503603938174841e-05,-0.0002742124756680564,0.007431886543065813,,,,,,
iqnils_m1_n800_p6_fluidOnly_transpiration_ddtCoeff1,iqnils,1,800,0.0625,6,fluidOnly_transpiration_ddtCoeff1,exact initial fields,tutorial,_87ed40d2-20251219 OPENFOAM=2512 version=2512,nan,35.83,5-6,-0.005082227359573532,-0.0019939840239238116,0.034582751637497466,,,,,,,0.006613477507278143,0.00636379384328729,-0.020685261162546407,0.14401786225588895,-0.0206212524101854,0.14398917514192563,0.005831101693741715,0.017518613592528175,-7.503637305461552e-05,-0.0002742127872646938,0.007432546215173419,,,,,,
iqnils_m1_n800_p6_fluidOnly_transpiration_endsDirichletU,iqnils,1,800,0.0625,6,fluidOnly_transpiration_endsDirichletU,exact initial fields,tutorial,_87ed40d2-20251219 OPENFOAM=2512 version=2512,nan,37.64,2-3,-10.92001416297647,-6.101705724658817,-0.004730842791544898,,,,,,,0.0026450359939771406,-0.00028176973009594303,0.10574096107608577,0.05303894904758562,0.20560806288991987,0.06154225020729376,1.2299315507014896,0.017280550165031123,1.339504490516664,1.7145781223396597,0.0011031203052513927,,,,,,
iqnils_m1_n800_p6_fluidOnly_transpiration_endsDirichletU,iqnils,1,800,0.0625,6,fluidOnly_transpiration_endsDirichletU,exact initial fields,tutorial,_87ed40d2-20251219 OPENFOAM=2512 version=2512,nan,37.64,3-4,-10.383263614992833,-6.763309968366078,-0.005486333511959263,,,,,,,0.002906595675962853,-0.0009377434867377415,0.1194537607468863,0.07912361067307942,0.19448305453681636,0.08365150766852812,1.0402852520863604,0.016504309151903984,0.7211688674755623,0.8196638082070016,0.0012521201317654551,,,,,,
iqnils_m1_n800_p6_fluidOnly_transpiration_endsDirichletU,iqnils,1,800,0.0625,6,fluidOnly_transpiration_endsDirichletU,exact initial fields,tutorial,_87ed40d2-20251219 OPENFOAM=2512 version=2512,nan,37.64,4-5,-9.445143912215347,-5.380439399108217,-0.0055278574371638856,,,,,,,0.0027392494006077683,-0.0005157875405729993,0.09079156991718314,0.08884340179643324,0.17503903241365926,0.09637867714550087,1.0055613161944936,0.015853864102258027,0.49388199735406957,0.620585972679899,-2.3848495481870735e-05,,,,,,
iqnils_m1_n800_p6_fluidOnly_transpiration_endsDirichletU,iqnils,1,800,0.0625,6,fluidOnly_transpiration_endsDirichletU,exact initial fields,tutorial,_87ed40d2-20251219 OPENFOAM=2512 version=2512,nan,37.64,5-6,-8.720376342688398,-4.6956524152149175,-0.004683623060285469,,,,,,,0.002583357002412301,-0.00011057498352541167,0.07659827110355663,0.09725295664030033,0.1600170724075902,0.09672283324160161,1.0264297430264397,0.015322930862752866,0.4885665141427753,0.4804523758489121,-0.00011424534212478576,,,,,,
iqnils_m1_n800_p6_fluidOnly_transpiration_endsFixedGradient,iqnils,1,800,0.0625,6,fluidOnly_transpiration_endsFixedGradient,exact initial fields,tutorial,_87ed40d2-20251219 OPENFOAM=2512 version=2512,nan,31.75,2-3,-0.006657606539945071,-0.0023407152820856814,0.0928313887727259,,,,,,,0.007733444891798502,0.01132465163877554,-0.020678074606039248,0.14413745153815094,-0.020588600172368823,0.14411992715159005,0.00846540981604434,0.018255461087660785,-0.0009822127857260776,-0.0011036744440079405,-0.008874206043914423,,,,,,
iqnils_m1_n800_p6_fluidOnly_transpiration_endsFixedGradient,iqnils,1,800,0.0625,6,fluidOnly_transpiration_endsFixedGradient,exact initial fields,tutorial,_87ed40d2-20251219 OPENFOAM=2512 version=2512,nan,31.75,3-4,-0.006677338317247594,-0.0023609236587218696,0.09272478781756321,,,,,,,0.007831081259243033,0.011277175645270357,-0.020677655755309193,0.14413678509400824,-0.020588191199917585,0.14411926321208093,0.008473154772603275,0.018259800294172377,-0.000977610435114018,-0.0010990558547636642,-0.008756925080432021,,,,,,
iqnils_m1_n800_p6_fluidOnly_transpiration_endsFixedGradient,iqnils,1,800,0.0625,6,fluidOnly_transpiration_endsFixedGradient,exact initial fields,tutorial,_87ed40d2-20251219 OPENFOAM=2512 version=2512,nan,31.75,4-5,-0.006681229927056664,-0.0023645741082198857,0.09269977359509407,,,,,,,0.007854047806946873,0.011266038545806292,-0.020677580093940405,0.1441367546760218,-0.020588110540117992,0.14411923635656124,0.00847532687373709,0.018260787376931712,-0.0009774242749168716,-0.0010988450511040249,-0.008729419727780963,,,,,,
iqnils_m1_n800_p6_fluidOnly_transpiration_endsFixedGradient,iqnils,1,800,0.0625,6,fluidOnly_transpiration_endsFixedGradient,exact initial fields,tutorial,_87ed40d2-20251219 OPENFOAM=2512 version=2512,nan,31.75,5-6,-0.006680480141977085,-0.002363173792312212,0.09269389046839183,,,,,,,0.007859451731738964,0.01126342078323567,-0.020677609117713606,0.144136907732735,-0.020588126080605663,0.14411939504704635,0.008475947221619816,0.01826101986648932,-0.0009785243029674096,-0.0010999057685149305,-0.008722960396602142,,,,,,
iqnils_m1_n800_p6_fluidOnly_transpiration_endsFixedGradient_noDdtCorr,iqnils,1,800,0.0625,6,fluidOnly_transpiration_endsFixedGradient_noDdtCorr,exact initial fields,tutorial,_87ed40d2-20251219 OPENFOAM=2512 version=2512,nan,28.3,2-3,-0.010252665057121302,-0.006272076475695942,0.07578112884575772,,,,,,,0.005052630211548559,0.011534906378662883,-0.02059659089580871,0.14414206565131,-0.020514086869711328,0.14410468767269427,0.008851212029899089,0.018324916395553878,-0.0008765638250249896,-0.0011356499860500913,0.0015511024986418764,,,,,,
iqnils_m1_n800_p6_fluidOnly_transpiration_endsFixedGradient_noDdtCorr,iqnils,1,800,0.0625,6,fluidOnly_transpiration_endsFixedGradient_noDdtCorr,exact initial fields,tutorial,_87ed40d2-20251219 OPENFOAM=2512 version=2512,nan,28.3,3-4,-0.010252805217871752,-0.00627192942163346,0.07567735370420348,,,,,,,0.005144690955822151,0.011490017466470432,-0.020596593943737918,0.14414209129081418,-0.020514083964656968,0.14410471226850147,0.008851316559271058,0.018328831012121117,-0.0008767343555164953,-0.0011358276606380224,0.001663443373737472,,,,,,
iqnils_m1_n800_p6_fluidOnly_transpiration_endsFixedGradient_noDdtCorr,iqnils,1,800,0.0625,6,fluidOnly_transpiration_endsFixedGradient_noDdtCorr,exact initial fields,tutorial,_87ed40d2-20251219 OPENFOAM=2512 version=2512,nan,28.3,4-5,-0.010252785641859385,-0.006271876081426764,0.07565301220315201,,,,,,,0.005166329570274408,0.011479455054989545,-0.020596595049298495,0.14414209341582082,-0.020514084370400944,0.144104714528653,0.008851331757637759,0.01832973534477914,-0.000876750025857298,-0.0011358423863364608,0.0016898288987037269,,,,,,
iqnils_m1_n800_p6_fluidOnly_transpiration_endsFixedGradient_noDdtCorr,iqnils,1,800,0.0625,6,fluidOnly_transpiration_endsFixedGradient_noDdtCorr,exact initial fields,tutorial,_87ed40d2-20251219 OPENFOAM=2512 version=2512,nan,28.3,5-6,-0.010252781011639622,-0.006271863564926261,0.07564728620051353,,,,,,,0.005171420012725303,0.011476970334548127,-0.020596595308722866,0.1441420939108791,-0.020514084466369608,0.14410471505608438,0.008851335328601322,0.0183299481203601,-0.0008767536827046785,-0.001135845816951031,0.0016960360336986113,,,,,,
iqnils_m1_n800_p6_fluidOnly_transpiration_endsZeroGrad,iqnils,1,800,0.0625,6,fluidOnly_transpiration_endsZeroGrad,exact initial fields,tutorial,_87ed40d2-20251219 OPENFOAM=2512 version=2512,nan,29.7,2-3,-0.003096717079173139,0.00021775517975619607,0.03863349389241977,,,,,,,0.007109412667479553,0.006647599583206928,-0.02073110297343651,0.1440586192142318,-0.02066240526701546,0.14403812606421254,0.006343783185866718,0.017634697313710663,-0.0004148578531356639,-0.0005570544699488034,0.007146626729286343,,,,,,
iqnils_m1_n800_p6_fluidOnly_transpiration_endsZeroGrad,iqnils,1,800,0.0625,6,fluidOnly_transpiration_endsZeroGrad,exact initial fields,tutorial,_87ed40d2-20251219 OPENFOAM=2512 version=2512,nan,29.7,3-4,-0.0030909484990697678,0.00022303232388987126,0.038615541235273554,,,,,,,0.007125931592804724,0.006639693577263827,-0.0207312123506375,0.1440584707863713,-0.020662524830008133,0.1440380128245806,0.006343770314597707,0.017635563659018246,-0.0004140720004890408,-0.000556024713230685,0.007166901369548562,,,,,,
iqnils_m1_n800_p6_fluidOnly_transpiration_endsZeroGrad,iqnils,1,800,0.0625,6,fluidOnly_transpiration_endsZeroGrad,exact initial fields,tutorial,_87ed40d2-20251219 OPENFOAM=2512 version=2512,nan,29.7,4-5,-0.003090015329640705,0.0002238727032584098,0.03861139976404382,,,,,,,0.007129801413936043,0.006637829952181843,-0.02073122976883582,0.14405844654042832,-0.020662544171427964,0.14403799380565968,0.006343767755317516,0.017635745678425588,-0.000413940014162284,-0.0005558565005210347,0.007171626599751901,,,,,,
iqnils_m1_n800_p6_fluidOnly_transpiration_endsZeroGrad,iqnils,1,800,0.0625,6,fluidOnly_transpiration_endsZeroGrad,exact initial fields,tutorial,_87ed40d2-20251219 OPENFOAM=2512 version=2512,nan,29.7,5-6,-0.00308981103057715,0.0002240583016832609,0.03861042297142414,,,,,,,0.007130711836291326,0.006637391412669633,-0.020731233615658217,0.14405844143709354,-0.02066254840585082,0.14403798980048083,0.006343767174142115,0.017635787820320513,-0.00041391221926623256,-0.000555821094764819,0.007172738233313103,,,,,,
iqnils_m1_n800_p6_fluidOnly_transpiration_fluxConsistent,iqnils,1,800,0.0625,6,fluidOnly_transpiration_fluxConsistent,exact initial fields,tutorial,_87ed40d2-20251219 OPENFOAM=2512 version=2512,nan,36.6,2-3,-0.003930833631273445,-0.0005512470883423104,0.03600476453317314,,,,,,,0.00670762733645569,0.006299475418661241,-0.020715164178984807,0.14410645604374078,-0.02064511687551882,0.14407999447737982,0.006162765587180021,0.017524583262465174,-0.0007053287396669994,-0.0008888243510620786,0.007479949893243187,,,,,,
iqnils_m1_n800_p6_fluidOnly_transpiration_fluxConsistent,iqnils,1,800,0.0625,6,fluidOnly_transpiration_fluxConsistent,exact initial fields,tutorial,_87ed40d2-20251219 OPENFOAM=2512 version=2512,nan,36.6,3-4,-0.0039307583965939585,-0.0005510732180351585,0.03599233512610156,,,,,,,0.006719075666815177,0.006294002459921041,-0.020715167782723316,0.14410645709517506,-0.02064511843487715,0.14407999625191473,0.006162893840570471,0.017525176956538532,-0.0007053410472970256,-0.000888831640809884,0.007494063250096383,,,,,,
iqnils_m1_n800_p6_fluidOnly_transpiration_fluxConsistent,iqnils,1,800,0.0625,6,fluidOnly_transpiration_fluxConsistent,exact initial fields,tutorial,_87ed40d2-20251219 OPENFOAM=2512 version=2512,nan,36.6,4-5,-0.0039306678587928134,-0.0005509941975855304,0.03598948812626568,,,,,,,0.006721754231324484,0.006292713513885127,-0.020715169420547748,0.14410645261761706,-0.020645120311417,0.1440799925346481,0.006162864905195876,0.01752529768486333,-0.000705315265475237,-0.0008888005972437218,0.007497337996893894,,,,,,
iqnils_m1_n800_p6_fluidOnly_transpiration_fluxConsistent,iqnils,1,800,0.0625,6,fluidOnly_transpiration_fluxConsistent,exact initial fields,tutorial,_87ed40d2-20251219 OPENFOAM=2512 version=2512,nan,36.6,5-6,-0.003930644185575205,-0.0005509733831000618,0.035988818929146404,,,,,,,0.006722385195473191,0.006292410850278692,-0.02071516985196105,0.1441064515771005,-0.020645120802082067,0.14407999168251032,0.006162857323649831,0.017525327005727735,-0.0007053093553086587,-0.000888793383189479,0.007498108406077009,,,,,,
iqnils_m1_n800_p6_fluidOnly_transpiration_fluxConsistent2,iqnils,1,800,0.0625,6,fluidOnly_transpiration_fluxConsistent2,exact initial fields,tutorial,_87ed40d2-20251219 OPENFOAM=2512 version=2512,nan,37.22,2-3,-0.003929252844107167,-0.0005515660832839941,0.03609308273262002,,,,,,,0.006709826652589124,0.0062968551512007295,-0.02071515756730755,0.14410603298109667,-0.02064514963984574,0.14407958760015444,0.00615815688437365,0.017524758448951207,-0.0007025067559984777,-0.0008858911871479913,0.007488505821575009,,,,,,
iqnils_m1_n800_p6_fluidOnly_transpiration_fluxConsistent2,iqnils,1,800,0.0625,6,fluidOnly_transpiration_fluxConsistent2,exact initial fields,tutorial,_87ed40d2-20251219 OPENFOAM=2512 version=2512,nan,37.22,3-4,-0.003929163950497805,-0.0005513832772973126,0.036080632280174774,,,,,,,0.006721296853277936,0.006291369581242342,-0.02071516135625222,0.1441060328523723,-0.020645151482307104,0.14407958830609688,0.006158275786090104,0.01752535298869049,-0.0007025116522264563,-0.0008858902946778935,0.007502647739422885,,,,,,
iqnils_m1_n800_p6_fluidOnly_transpiration_fluxConsistent2,iqnils,1,800,0.0625,6,fluidOnly_transpiration_fluxConsistent2,exact initial fields,tutorial,_87ed40d2-20251219 OPENFOAM=2512 version=2512,nan,37.22,4-5,-0.00392907038994339,-0.0005513022159416847,0.036077778654152626,,,,,,,0.006723980498833049,0.006290077634921419,-0.020715163036377677,0.14410602803222028,-0.020645153421498322,0.1440795842699941,0.00615824511537741,0.017525473430434913,-0.0007024836588962469,-0.0008858568756602292,0.007505929322919602,,,,,,
iqnils_m1_n800_p6_fluidOnly_transpiration_fluxConsistent2,iqnils,1,800,0.0625,6,fluidOnly_transpiration_fluxConsistent2,exact initial fields,tutorial,_87ed40d2-20251219 OPENFOAM=2512 version=2512,nan,37.22,5-6,-0.003929045756197791,-0.0005512807095303662,0.0360771081730491,,,,,,,0.006724612717910805,0.006289774265493382,-0.02071516348213224,0.14410602691397553,-0.02064515393207186,0.14407958334703233,0.006158236994253253,0.017525502764271162,-0.0007024772574799609,-0.0008858491226594323,0.007506701372937519,,,,,,
iqnils_m1_n800_p6_fluidOnly_transpiration_fluxConsistent2_ddtCoeff1,iqnils,1,800,0.0625,6,fluidOnly_transpiration_fluxConsistent2_ddtCoeff1,exact initial fields,tutorial,_87ed40d2-20251219 OPENFOAM=2512 version=2512,nan,35.47,2-3,-0.003942711864667103,-0.0005645325806142854,0.036143235111030014,,,,,,,0.006706694848399364,0.00629651259269493,-0.020714888816038172,0.14410636146131475,-0.020644870680249488,0.14407985761793915,0.006165606214040759,0.017520677695752673,-0.0007043795236417738,-0.0008881685968128439,0.007498839343967001,,,,,,
iqnils_m1_n800_p6_fluidOnly_transpiration_fluxConsistent2_ddtCoeff1,iqnils,1,800,0.0625,6,fluidOnly_transpiration_fluxConsistent2_ddtCoeff1,exact initial fields,tutorial,_87ed40d2-20251219 OPENFOAM=2512 version=2512,nan,35.47,3-4,-0.003942904511971657,-0.0005645669241594042,0.03613077896131234,,,,,,,0.006718163964013035,0.00629104916001903,-0.020714888104213604,0.144106377688989,-0.02064486668732786,0.14407987227375124,0.006165858564253974,0.017521294070010303,-0.0007044811720441357,-0.0008882811057913109,0.007512967756514222,,,,,,
iqnils_m1_n800_p6_fluidOnly_transpiration_fluxConsistent2_ddtCoeff1,iqnils,1,800,0.0625,6,fluidOnly_transpiration_fluxConsistent2_ddtCoeff1,exact initial fields,tutorial,_87ed40d2-20251219 OPENFOAM=2512 version=2512,nan,35.47,4-5,-0.003942902849567775,-0.0005645610237413612,0.03612793547779236,,,,,,,0.006720843530855225,0.006289760285911838,-0.02071488822650915,0.14410637793514527,-0.02064486672178382,0.14407987253293,0.006165864340770957,0.01752142255164598,-0.000704482969631659,-0.0008882828124305853,0.007516247537746823,,,,,,
iqnils_m1_n800_p6_fluidOnly_transpiration_fluxConsistent2_ddtCoeff1,iqnils,1,800,0.0625,6,fluidOnly_transpiration_fluxConsistent2_ddtCoeff1,exact initial fields,tutorial,_87ed40d2-20251219 OPENFOAM=2512 version=2512,nan,35.47,5-6,-0.003942902358429867,-0.0005645595891399235,0.0361272668004089,,,,,,,0.0067214738831775644,0.006289457079941816,-0.020714888256243544,0.14410637798759698,-0.020644866731963436,0.14407987258900926,0.00616586560826426,0.017521452757659838,-0.0007044833585808652,-0.0008882831760863574,0.0075170190468834,,,,,,
iqnils_m1_n800_p6_fluidOnly_transpiration_fluxConsistent_ddtCoeff1,iqnils,1,800,0.0625,6,fluidOnly_transpiration_fluxConsistent_ddtCoeff1,exact initial fields,tutorial,_87ed40d2-20251219 OPENFOAM=2512 version=2512,nan,37.46,2-3,-0.0039448829602695135,-0.0005647463252639318,0.036054972197683055,,,,,,,0.006704583432260103,0.006299078147788616,-0.02071488438584053,0.1441067768241006,-0.020644825680841843,0.14408025919031217,0.006170259619017101,0.01752051042581994,-0.0007071647040399753,-0.0008910483633499666,0.007490331410864748,,,,,,
iqnils_m1_n800_p6_fluidOnly_transpiration_fluxConsistent_ddtCoeff1,iqnils,1,800,0.0625,6,fluidOnly_transpiration_fluxConsistent_ddtCoeff1,exact initial fields,tutorial,_87ed40d2-20251219 OPENFOAM=2512 version=2512,nan,37.46,3-4,-0.003945075666345055,-0.0005647807736420818,0.03604254167018395,,,,,,,0.0067160288867413875,0.006293626050125316,-0.02071488367184313,0.14410679304789323,-0.02064482168670209,0.14408027384196814,0.006170511893928972,0.01752112558825188,-0.0007072663230502929,-0.0008911608447680353,0.007504430652411687,,,,,,
iqnils_m1_n800_p6_fluidOnly_transpiration_fluxConsistent_ddtCoeff1,iqnils,1,800,0.0625,6,fluidOnly_transpiration_fluxConsistent_ddtCoeff1,exact initial fields,tutorial,_87ed40d2-20251219 OPENFOAM=2512 version=2512,nan,37.46,4-5,-0.00394507399955768,-0.0005647748754969983,0.03603970426137293,,,,,,,0.006718702887111849,0.00629233984282993,-0.020714883794091563,0.14410679329402634,-0.02064482172124891,0.14408027410110946,0.006170517639537062,0.017521253798298917,-0.000707268120368032,-0.0008911625512370014,0.007507703578850888,,,,,,
iqnils_m1_n800_p6_fluidOnly_transpiration_fluxConsistent_ddtCoeff1,iqnils,1,800,0.0625,6,fluidOnly_transpiration_fluxConsistent_ddtCoeff1,exact initial fields,tutorial,_87ed40d2-20251219 OPENFOAM=2512 version=2512,nan,37.46,5-6,-0.003945073548970002,-0.0005647734772645796,0.036039037053246625,,,,,,,0.006719331929593508,0.0062920372644488035,-0.020714883823072152,0.14410679334671486,-0.020644821730588056,0.14408027415742938,0.006170518917253157,0.017521283947668394,-0.000707268510984238,-0.000891162916532573,0.007508473483863298,,,,,,
iqnils_m1_n800_p6_fluidOnly_transpiration_lsS4f,iqnils,1,800,0.0625,6,fluidOnly_transpiration_lsS4f,exact initial fields,tutorial,_87ed40d2-20251219 OPENFOAM=2512 version=2512,nan,37.67,2-3,-0.0048838230148549044,-0.0018374578955578924,0.03295688453002721,,,,,,,0.006597518814684955,0.006122367367617432,-0.020688505415378734,0.14401459898095653,-0.020625364655623393,0.14398757042097335,0.00583167265825475,0.017516450105785727,-6.38923518370138e-05,-0.00025155966651313477,0.007237714777206916,,,,,,
iqnils_m1_n800_p6_fluidOnly_transpiration_lsS4f,iqnils,1,800,0.0625,6,fluidOnly_transpiration_lsS4f,exact initial fields,tutorial,_87ed40d2-20251219 OPENFOAM=2512 version=2512,nan,37.67,3-4,-0.0048839765650379174,-0.001837395685123755,0.03295084562186923,,,,,,,0.0066029865101442375,0.006119796628485164,-0.020688506704788875,0.14401462023595898,-0.02062536147305176,0.14398759030914884,0.00583167174603873,0.017516773313950414,-6.403046724512418e-05,-0.0002517072185846958,0.007244487108954534,,,,,,
iqnils_m1_n800_p6_fluidOnly_transpiration_lsS4f,iqnils,1,800,0.0625,6,fluidOnly_transpiration_lsS4f,exact initial fields,tutorial,_87ed40d2-20251219 OPENFOAM=2512 version=2512,nan,37.67,4-5,-0.00488396907833355,-0.0018373739419393909,0.03294951169039195,,,,,,,0.006604252241082076,0.006119187664349594,-0.020688507155450935,0.14401462109200622,-0.02062536162822561,0.1439875912984568,0.005831671386185025,0.017516831770605562,-6.403733759141605e-05,-0.0002517131612574941,0.007246035731079514,,,,,,
iqnils_m1_n800_p6_fluidOnly_transpiration_lsS4f,iqnils,1,800,0.0625,6,fluidOnly_transpiration_lsS4f,exact initial fields,tutorial,_87ed40d2-20251219 OPENFOAM=2512 version=2512,nan,37.67,5-6,-0.0048839643772952135,-0.001837367470084339,0.032949203140050676,,,,,,,0.006604549818582273,0.006119044716634734,-0.02068850728959042,0.14401462126612874,-0.0206253617256621,0.1439875915537021,0.005831671212399132,0.01751684573926227,-6.403911016750197e-05,-0.0002517143700144775,0.007246399643026535,,,,,,
iqnils_m1_n800_p6_fluidOnly_transpiration_noDdtCorr,iqnils,1,800,0.0625,6,fluidOnly_transpiration_noDdtCorr,exact initial fields,tutorial,_87ed40d2-20251219 OPENFOAM=2512 version=2512,nan,34.58,2-3,-0.004089154083210644,-0.0015107210540886706,0.032489141168876134,,,,,,,0.0061580688997529,0.0060267334475930376,-0.02069527755581579,0.1438971460756797,-0.020641835432478127,0.14386900652204834,0.0056542084539106625,0.017344413543186412,0.000760165076963526,0.0005644631808157108,0.00681259556087066,,,,,,
iqnils_m1_n800_p6_fluidOnly_transpiration_noDdtCorr,iqnils,1,800,0.0625,6,fluidOnly_transpiration_noDdtCorr,exact initial fields,tutorial,_87ed40d2-20251219 OPENFOAM=2512 version=2512,nan,34.58,3-4,-0.004089358800038245,-0.0015107820932709348,0.03248593299697822,,,,,,,0.006160831152238533,0.006025458231855185,-0.020695276290681706,0.14389716132284486,-0.020641831189396446,0.14386902013656158,0.005654207599437077,0.017344611790975833,0.000760070373722499,0.0005643571622431232,0.0068160640850940535,,,,,,
iqnils_m1_n800_p6_fluidOnly_transpiration_noDdtCorr,iqnils,1,800,0.0625,6,fluidOnly_transpiration_noDdtCorr,exact initial fields,tutorial,_87ed40d2-20251219 OPENFOAM=2512 version=2512,nan,34.58,4-5,-0.0040893586819807926,-0.0015107808127856615,0.032485268920563914,,,,,,,0.006161462479114199,0.0060251546114204,-0.0206952763172218,0.14389716139917233,-0.020641831191843374,0.14386902021393913,0.005654207589572229,0.017344642400623556,0.0007600698354803814,0.0005643566315129966,0.006816836647914659,,,,,,
iqnils_m1_n800_p6_fluidOnly_transpiration_noDdtCorr,iqnils,1,800,0.0625,6,fluidOnly_transpiration_noDdtCorr,exact initial fields,tutorial,_87ed40d2-20251219 OPENFOAM=2512 version=2512,nan,34.58,5-6,-0.004089358549595912,-0.0015107804549147064,0.032485112922938875,,,,,,,0.006161610987339472,0.006025083183471057,-0.020695276324639245,0.1438971614121787,-0.020641831194587262,0.14386902022771575,0.005654207589572177,0.017344649585122832,0.0007600697396494827,0.0005643565410753393,0.006817018348398207,,,,,,
iqnils_m1_n800_p6_fluidOnly_transpiration_rigid,iqnils,1,800,0.0625,6,fluidOnly_transpiration_rigid,exact initial fields,tutorial,_87ed40d2-20251219 OPENFOAM=2512 version=2512,nan,32.39,2-3,0.5870768934336237,1.2160487317676951,-1.0034702747712043,,,,,,,-0.2022453410100089,0.07206121288515498,-0.04593113271036972,0.1585177106613896,-0.03289469151507029,0.16700983591749033,0.4629001344222205,0.19854553568701586,-0.13790484299622308,-0.09172060260183346,-3857.637296847848,,,,,,
iqnils_m1_n800_p6_fluidOnly_transpiration_rigid,iqnils,1,800,0.0625,6,fluidOnly_transpiration_rigid,exact initial fields,tutorial,_87ed40d2-20251219 OPENFOAM=2512 version=2512,nan,32.39,3-4,0.5870607865615487,1.2160498005997185,-1.003526813384655,,,,,,,-0.20224740038104272,0.07206253448562383,-0.045931154863612475,0.15851847892494098,-0.03289435767454223,0.16701066000514925,0.4629061000835341,0.19854520492702318,-0.13790909686827935,-0.09172500459938115,-3798.6007755126548,,,,,,
iqnils_m1_n800_p6_fluidOnly_transpiration_rigid,iqnils,1,800,0.0625,6,fluidOnly_transpiration_rigid,exact initial fields,tutorial,_87ed40d2-20251219 OPENFOAM=2512 version=2512,nan,32.39,4-5,0.5870607541718824,1.2160497814280173,-1.003526904405177,,,,,,,-0.20224784483102842,0.07206285154793264,-0.04593115446624849,0.15851848003136282,-0.03289435700321491,0.16701066121274127,0.46290610891814327,0.1985458220972128,-0.13790910310173832,-0.09172501093892782,-3798.5147747774004,,,,,,
iqnils_m1_n800_p6_fluidOnly_transpiration_rigid,iqnils,1,800,0.0625,6,fluidOnly_transpiration_rigid,exact initial fields,tutorial,_87ed40d2-20251219 OPENFOAM=2512 version=2512,nan,32.39,5-6,0.5870607521111593,1.2160497763705687,-1.0035269056370126,,,,,,,-0.2022479494047389,0.07206292616699574,-0.04593115436142483,0.15851848001977437,-0.03289435696050314,0.16701066120133426,0.46290610883484395,0.19854596833327176,-0.13790910304285653,-0.0917250108725286,-3798.5150212769086,,,,,,
iqnils_m2_n100_p12,iqnils,2,100,0.5,12,base,exact initial fields,tutorial,_87ed40d2-20251219 OPENFOAM=2512 version=2512,14.630833333333333,1589.74,10-11,-0.009582588846524742,-0.010030179886323487,0.02564420960219227,0.002244388517026019,-0.0010592961684528393,0.0016674207859592727,-0.0013109212403384619,0.001554717514542503,-0.00039449263127676115,-0.00013326197384744276,0.0010709260548375696,-0.020518698228549927,0.14383992187245018,-0.020527975264363382,0.14379563609860255,0.003308184431154055,0.004905913664453994,0.0012707939045939476,0.0009625202948626566,-0.0014683639062842424,0.0011466436168705574,-0.003672190737235085,-0.0003229636534899383,-0.002845910218185077,0.0022844193691522463,-0.0019558869210200415
iqnils_m2_n100_p12,iqnils,2,100,0.5,12,base,exact initial fields,tutorial,_87ed40d2-20251219 OPENFOAM=2512 version=2512,14.630833333333333,1589.74,11-12,-0.009582640098881656,-0.01003018112310361,0.025645156069298736,0.0022443425036238196,-0.0010594904360539505,0.0016672933186450134,-0.0013110672140253178,0.001554893746059438,-0.0003944643414880867,-0.00013304065085584238,0.0010708787383664764,-0.020518698202915693,0.14383991604747848,-0.02052797420207681,0.14379563002292375,0.003308209631003813,0.0049059192366242245,0.0012708362104674187,0.00096256083005275,-0.0014681465769073032,0.0011464787113810715,-0.0036722332923523546,-0.0003231011050109922,-0.002845956696903072,0.0022843492385733466,-0.001955849967148763
iqnils_m2_n100_p12,iqnils,2,100,0.5,12,base,exact initial fields,tutorial,_87ed40d2-20251219 OPENFOAM=2512 version=2512,14.630833333333333,1589.74,2-3,-0.009399987112923891,-0.009983896669637726,0.025497484700241158,0.0022312187757405066,-0.0010648186351836454,0.0016763235716978908,-0.0012703990806874365,0.0015784748620797373,-0.00044205294245478665,-0.0001822010836132204,0.0010679329871447723,-0.02051965752178991,0.14382544878210027,-0.02053175997556532,0.1437824343881924,0.0032662728083394355,0.004896864377029899,0.001362727854102408,0.0010632467039630722,-0.001736709910356904,0.001389253334425522,-0.0035310459052467435,-0.00013906107347405605,-0.0028560973648352854,0.002380716382224035,-0.0017616153939511144
iqnils_m2_n100_p12,iqnils,2,100,0.5,12,base,exact initial fields,tutorial,_87ed40d2-20251219 OPENFOAM=2512 version=2512,14.630833333333333,1589.74,3-4,-0.009610015088957424,-0.010019573356119915,0.025635796114283238,0.0022408946657292983,-0.0010561804505007212,0.0016608007303335892,-0.0013190191561684168,0.0015428018337571014,-0.00038309453071479053,-0.00014519838974891286,0.0010728159894873488,-0.02051891806574908,0.14384272214293994,-0.020527406811890806,0.14379821644562865,0.0033150579766338412,0.0049056615489541195,0.001252826879833524,0.0009430339714311398,-0.0014069057253732753,0.0010767168575811503,-0.003703487547568628,-0.0003740712044852934,-0.0028414508093404373,0.002249346562084087,-0.001999185807477149
iqnils_m2_n100_p12,iqnils,2,100,0.5,12,base,exact initial fields,tutorial,_87ed40d2-20251219 OPENFOAM=2512 version=2512,14.630833333333333,1589.74,4-5,-0.009585460089063469,-0.01004415650698165,0.025650298650574443,0.002243797555712579,-0.0010572657959530495,0.001669955041100124,-0.0013065231662437078,0.0015548386992365604,-0.00039823850065916585,-0.00013682002132231474,0.0010720179456799367,-0.020518408540868834,0.1438389950372247,-0.02052791575329749,0.14379472094178086,0.003310091090353152,0.004905949342579106,0.0012771663207118422,0.000968970057132923,-0.0014925990613694484,0.001167938886124542,-0.0036657823034754724,-0.00031015063871497883,-0.0028497734884843466,0.002295590711719697,-0.0019432243515867522
iqnils_m2_n100_p12,iqnils,2,100,0.5,12,base,exact initial fields,tutorial,_87ed40d2-20251219 OPENFOAM=2512 version=2512,14.630833333333333,1589.74,5-6,-0.00957976235968172,-0.010024668396642733,0.025629850610656035,0.0022444683101170426,-0.0010580595784117528,0.001667390650656131,-0.0013107848947815804,0.0015532601610637187,-0.0003934804958503676,-0.0001347564011985325,0.0010715101345713312,-0.020518812462934907,0.14384016227921012,-0.02052803384779633,0.14379588963381218,0.0033065198603496665,0.004906004693020191,0.0012690285036407456,0.0009608473396007788,-0.0014638870671245252,0.0011417635571673301,-0.0036727375652218673,-0.0003258955792165841,-0.002844266878374051,0.002281418227953802,-0.0019583710156601355
iqnils_m2_n100_p12,iqnils,2,100,0.5,12,base,exact initial fields,tutorial,_87ed40d2-20251219 OPENFOAM=2512 version=2512,14.630833333333333,1589.74,6-7,-0.00958382415435255,-0.0100323686256929,0.025643494504462128,0.002244550765966302,-0.0010584662255334423,0.001668120159696418,-0.0013101282739330928,0.001554066257079434,-0.00039488654806447146,-0.00013420983831136102,0.0010712185503638989,-0.020518652863447163,0.14383989596071942,-0.02052794966064494,0.1437956050183903,0.0033086877689535873,0.004905915414837344,0.0012710103208659618,0.0009627006111172509,-0.0014710105575760357,0.001148805985025314,-0.003672014270158134,-0.0003216416918339071,-0.002846229568912931,0.002285695140637145,-0.0019554071506083424
iqnils_m2_n100_p12,iqnils,2,100,0.5,12,base,exact initial fields,tutorial,_87ed40d2-20251219 OPENFOAM=2512 version=2512,14.630833333333333,1589.74,7-8,-0.009581671774051337,-0.010029205504861971,0.025639792539646766,0.0022445265549160265,-0.001058707238727023,0.0016677368430417783,-0.001310523956746516,0.001554178831349562,-0.0003944828784296588,-0.00013393265471262072,0.0010710950146564783,-0.020518718424154644,0.1438399525508512,-0.020527994272148218,0.14379567132461885,0.0033077917356391685,0.004905906416614211,0.0012705486205670802,0.0009623068080735209,-0.0014685387820333462,0.0011467037963104332,-0.0036719391794466584,-0.00032275168276652,-0.002845551876366514,0.002284307886098569,-0.00195607798227672
iqnils_m2_n100_p12,iqnils,2,100,0.5,12,base,exact initial fields,tutorial,_87ed40d2-20251219 OPENFOAM=2512 version=2512,14.630833333333333,1589.74,8-9,-0.009582621420271553,-0.010030352533174525,0.02564260842021504,0.0022444809612236494,-0.0010589080638356793,0.0016676881267720933,-0.0013106210088534211,0.0015543672354936255,-0.0003945672982573754,-0.00013370563770520594,0.0010710260320856394,-0.02051869465016949,0.14383993167552095,-0.020527974589220697,0.1437956457353039,0.003308189587645047,0.004905903194448151,0.0012707268027871699,0.0009624520766264855,-0.0014689011646129568,0.0011470572056480055,-0.0036721261444395987,-0.00032264961919192814,-0.0028458551258297433,0.002284623266215924,-0.0019559441858861422
iqnils_m2_n100_p12,iqnils,2,100,0.5,12,base,exact initial fields,tutorial,_87ed40d2-20251219 OPENFOAM=2512 version=2512,14.630833333333333,1589.74,9-10,-0.009582394436762787,-0.010030019507682786,0.025643002151853667,0.002244434752514346,-0.0010591022309300328,0.0016675398495886729,-0.0013107774965884738,0.0015545439992006305,-0.0003945113120670148,-0.00013348330407958464,0.0010709741538681872,-0.020518701552652202,0.1438399281138028,-0.02052797929381474,0.1437956433275374,0.0033081039792401882,0.004905908510709682,0.0012707435684282675,0.0009624768621374624,-0.001468531110137672,0.001146769636596101,-0.0036721120673327235,-0.0003228347805236398,-0.0028458303140420586,0.0022844507344979004,-0.0019559154606127427
iqnils_m2_n100_p12_fluxConsistent,iqnils,2,100,0.5,12,fluxConsistent,exact initial fields,tutorial,_87ed40d2-20251219 OPENFOAM=2512 version=2512,15.149166666666666,1616.36,10-11,-0.004451502096477711,-0.003979483785626847,0.022135830305409776,0.002572425380986676,-0.0011347822674092295,0.0016881593239828074,-0.0014611977290411747,0.0018657725909683176,-0.00015716860368719993,0.0005709101972177777,0.0010171528309484018,-0.02064410852373307,0.14401337196591524,-0.02063432519389622,0.14398419465484416,0.002966207176616542,0.004983015531295184,-4.0448456125830035e-05,-0.00024304166323985132,-0.00012129119369652663,-0.0004260341831308079,-0.0024949050086319124,-0.0007284262187854385,-0.0011400272928101455,0.0005900850736109131,-0.0021964570851131624
iqnils_m2_n100_p12_fluxConsistent,iqnils,2,100,0.5,12,fluxConsistent,exact initial fields,tutorial,_87ed40d2-20251219 OPENFOAM=2512 version=2512,15.149166666666666,1616.36,11-12,-0.004450300866955081,-0.0039782866895039515,0.022135121307492067,0.0025724814631788995,-0.0011341187235299614,0.0016886105843907373,-0.001460597807286837,0.0018654124029811037,-0.00015706776944529033,0.0005706694904548115,0.0010172110864828862,-0.02064413333545318,0.14401338639190872,-0.020634350091287612,0.1439842141753914,0.0029662171990479645,0.004983122128569036,-4.05840248599576e-05,-0.00024314181009243985,-0.0001212222675655017,-0.0004259992665305301,-0.0024945381439533563,-0.0007282924218509068,-0.0011396826184101086,0.0005899266803373049,-0.002196422188162522
iqnils_m2_n100_p12_fluxConsistent,iqnils,2,100,0.5,12,fluxConsistent,exact initial fields,tutorial,_87ed40d2-20251219 OPENFOAM=2512 version=2512,15.149166666666666,1616.36,2-3,-0.004309470560154294,-0.003937235411094808,0.022023841465169003,0.0025535299059862293,-0.0011475492162615535,0.0016844465073799775,-0.0014355878047135413,0.0018837702367411335,-0.0001966700655275839,0.0005092234849677357,0.0010156783771046215,-0.020644984188455423,0.14400125122289167,-0.02063726902326712,0.14397304587808393,0.0029664705337255183,0.004971778350861624,3.698496720305755e-05,-0.00015889102513699793,-0.00033742257954016974,-0.0002504683993896917,-0.00238773890777606,-0.0005953804187821543,-0.0011510102983191578,0.0006538259057695672,-0.002043243202348107
iqnils_m2_n100_p12_fluxConsistent,iqnils,2,100,0.5,12,fluxConsistent,exact initial fields,tutorial,_87ed40d2-20251219 OPENFOAM=2512 version=2512,15.149166666666666,1616.36,3-4,-0.0044920963462243835,-0.0039912168735167786,0.02215264420647256,0.002566920641648096,-0.00113696010651617,0.0016787942374558718,-0.0014712622248264388,0.001858344111202559,-0.00014975312490473434,0.0005585510683676631,0.001019390247270463,-0.020643865336835033,0.14401511174614479,-0.02063348381353952,0.1439856803617935,0.0029660504238882587,0.004982007868895936,-5.0766474216534796e-05,-0.00025511926655097383,-8.067777373610419e-05,-0.000479182756287555,-0.0025238840859189956,-0.0007709386918065553,-0.0011424451081037165,0.0005652752075078205,-0.0022282968480857148
iqnils_m2_n100_p12_fluxConsistent,iqnils,2,100,0.5,12,fluxConsistent,exact initial fields,tutorial,_87ed40d2-20251219 OPENFOAM=2512 version=2512,15.149166666666666,1616.36,4-5,-0.004459443098105753,-0.003995688229417982,0.022143078418999762,0.0025709559824285133,-0.001137642954230793,0.0016865550862681378,-0.0014617435115281939,0.0018685350472122941,-0.00016036923974705868,0.0005693722297890336,0.0010180011042511677,-0.020643772660876084,0.14401249314522818,-0.020634160604014056,0.14398330715819865,0.0029661836765062,0.004982528903835205,-3.428481976297526e-05,-0.0002369407543685309,-0.00014014463542721955,-0.00041096374132565394,-0.0024914952688594697,-0.0007204580597465204,-0.0011450043920699046,0.000598725638775166,-0.002185582163967644
iqnils_m2_n100_p12_fluxConsistent,iqnils,2,100,0.5,12,fluxConsistent,exact initial fields,tutorial,_87ed40d2-20251219 OPENFOAM=2512 version=2512,15.149166666666666,1616.36,5-6,-0.00445676619884261,-0.003982435518860461,0.022133196815600886,0.0025719386764384566,-0.001137761712371515,0.0016854068476681583,-0.001464598488689547,0.0018669947079774651,-0.00015677887886173412,0.0005715692870309486,0.001017329459546787,-0.020644047344369577,0.14401346676806345,-0.02063421608700662,0.14398426782381227,0.0029661446850777575,0.004982623557383159,-4.0956608923559124e-05,-0.000243699789937879,-0.00011776069823388191,-0.00043057739978458187,-0.002497663932060357,-0.0007321166589492334,-0.0011409046769075054,0.0005884730071645805,-0.0021984341645653097
iqnils_m2_n100_p12_fluxConsistent,iqnils,2,100,0.5,12,fluxConsistent,exact initial fields,tutorial,_87ed40d2-20251219 OPENFOAM=2512 version=2512,15.149166666666666,1616.36,6-7,-0.004457149365620694,-0.003985710898424366,0.02214046185067109,0.002572171448508742,-0.0011373676766352234,0.0016864902685262972,-0.0014634122578952933,0.0018672523933356278,-0.00015777665382857672,0.0005717852723219341,0.0010170592567866166,-0.020643979456921403,0.1440132750610861,-0.020634208145266043,0.14398407416523365,0.0029661701209567196,0.0049826246754188196,-3.9611664018113224e-05,-0.00024236893860962727,-0.0001230018416769063,-0.0004250095812132759,-0.002496262939573041,-0.0007283566458938795,-0.0011417423024608598,0.0005914603290442244,-0.0021960123950457047
iqnils_m2_n100_p12_fluxConsistent,iqnils,2,100,0.5,12,fluxConsistent,exact initial fields,tutorial,_87ed40d2-20251219 OPENFOAM=2512 version=2512,15.149166666666666,1616.36,7-8,-0.004454629527253728,-0.003982427477683181,0.022136903389087248,0.0025722559963732294,-0.0011367643913281567,0.0016867563791136408,-0.0014630316874003483,0.0018668375340666898,-0.00015739704005819714,0.0005716206389774214,0.0010170139534954744,-0.020644047511035758,0.14401334115280148,-0.02063426037292186,0.1439841509277508,0.0029661756562646387,0.004982706736150941,-4.014477461367072e-05,-0.0002428277551072,-0.00012114104048221996,-0.0004264867370016301,-0.002495951232469637,-0.0007290067542083944,-0.0011409095637159108,0.0005903236918582966,-0.0021966530201834315
iqnils_m2_n100_p12_fluxConsistent,iqnils,2,100,0.5,12,fluxConsistent,exact initial fields,tutorial,_87ed40d2-20251219 OPENFOAM=2512 version=2512,15.149166666666666,1616.36,8-9,-0.004453985393859106,-0.003981991815236285,0.022137444550923924,0.0025723137073336844,-0.0011361096735446044,0.0016872657932358592,-0.0014623904126377706,0.0018664957655498693,-0.0001573842355072432,0.0005713900984865017,0.0010170437178339208,-0.020644056540832522,0.14401334166430835,-0.020634273723610413,0.1439841537586681,0.0029661873040584346,0.004982803633733274,-4.0164435135991994e-05,-0.0002428313060467424,-0.00012151224931755689,-0.0004260374757316665,-0.0024956468092028707,-0.0007286600048489467,-0.0011407414105271284,0.0005904499914850536,-0.0021965086324398043
iqnils_m2_n100_p12_fluxConsistent,iqnils,2,100,0.5,12,fluxConsistent,exact initial fields,tutorial,_87ed40d2-20251219 OPENFOAM=2512 version=2512,15.149166666666666,1616.36,9-10,-0.0044526058734403184,-0.003980568666543394,0.022136359420696916,0.002572369523471396,-0.0011354462074693275,0.0016877016072398554,-0.0014618003423873085,0.0018661339755843276,-0.00015726168525411464,0.0005711507547954131,0.0010170956516400314,-0.020644086037851492,0.1440133581797283,-0.02063430231636405,0.14398417627040572,0.002966196959413164,0.004982909323037544,-4.03207775482306e-05,-0.00024294595797691443,-0.00012131896507394657,-0.0004261028059894256,-0.0024952498591893153,-0.0007285705354839189,-0.001140348013404012,0.0005902135236075523,-0.0021964909684217097
iqnils_m2_n100_p12_fluxConsistent2,iqnils,2,100,0.5,12,fluxConsistent2,exact initial fields,tutorial,_87ed40d2-20251219 OPENFOAM=2512 version=2512,15.156666666666666,2787.31,10-11,-0.004369136923639716,-0.0039041568248449066,0.02166507126777928,0.002572566183980163,-0.0011316053961462715,0.0016831421152201376,-0.0014572506429837658,0.0018758551492055187,-0.00015317338358153152,0.0005623559443168613,0.001049509111746456,-0.020645669794738867,0.1440123789352326,-0.020636032343035182,0.14398402032183588,0.0029660594745171812,0.004985534789390224,-3.92377248489284e-05,-0.00023614788548176335,-7.928203352158825e-05,-0.000414023642374195,-0.0024432660046467543,-0.0007181180174160584,-0.0011057810335630555,0.0005809583133140617,-0.0021494001391581595
iqnils_m2_n100_p12_fluxConsistent2,iqnils,2,100,0.5,12,fluxConsistent2,exact initial fields,tutorial,_87ed40d2-20251219 OPENFOAM=2512 version=2512,15.156666666666666,2787.31,11-12,-0.00432717787966419,-0.003853249734345199,0.021625594611655696,0.0025727160662247783,-0.001132366883556573,0.0016800391474447451,-0.0014584113741179842,0.0018767160282839868,-0.00014988660933627765,0.0005630010866588542,0.001051508365111376,-0.02064672492511399,0.14401274128108607,-0.020636902010921818,0.14398458574560624,0.0029658718362130746,0.0049879255534501545,-4.31645450810203e-05,-0.00023866335934219496,-5.574388824347576e-05,-0.00043236598000029325,-0.0024293510983168553,-0.000723729452613231,-0.0010917981148673812,0.0005641465653523081,-0.0021499046027846943
iqnils_m2_n100_p12_fluxConsistent2,iqnils,2,100,0.5,12,fluxConsistent2,exact initial fields,tutorial,_87ed40d2-20251219 OPENFOAM=2512 version=2512,15.156666666666666,2787.31,2-3,-0.004284446889578741,-0.0039015904739728713,0.021745624690968857,0.0025531656332977715,-0.0011360133918471961,0.0016841525037949445,-0.0014302126698062976,0.0018841073477136039,-0.00018871749320413614,0.0004962974602429338,0.001051789276651718,-0.020645722986440292,0.14400230020073604,-0.020637787678618708,0.14397454791438896,0.0029662411964011893,0.004974204786232602,2.6551929700469046e-05,-0.00016617431970755714,-0.0002778709118594902,-0.0002608596125898144,-0.002364269610867996,-0.0006109905857496489,-0.0011255197366963287,0.0006404653809501948,-0.0020222557989088463
iqnils_m2_n100_p12_fluxConsistent2,iqnils,2,100,0.5,12,fluxConsistent2,exact initial fields,tutorial,_87ed40d2-20251219 OPENFOAM=2512 version=2512,15.156666666666666,2787.31,3-4,-0.0044333941607261895,-0.003923747157902446,0.021808130367053646,0.0025673181275625012,-0.0011287703360439861,0.0016768327023524154,-0.0014660359937193374,0.0018625775559344415,-0.00014312249061682712,0.0005456427877903458,0.0010555883803018897,-0.020645263753944453,0.14401560940623429,-0.02063470050964997,0.14398684966413908,0.002965773651512634,0.004983668705660803,-5.8886958739678974e-05,-0.00025857398322282066,-2.4139175711201943e-05,-0.0004832633709012102,-0.0024845222249303307,-0.0007742231620477824,-0.0011085203684892408,0.000550428995410801,-0.0021963314428625875
iqnils_m2_n100_p12_fluxConsistent2,iqnils,2,100,0.5,12,fluxConsistent2,exact initial fields,tutorial,_87ed40d2-20251219 OPENFOAM=2512 version=2512,15.156666666666666,2787.31,4-5,-0.00439815242683117,-0.00392866079183074,0.02174340841672695,0.002572655293316295,-0.001131371771485145,0.0016845277076564802,-0.0014567657535602574,0.001875326588423265,-0.0001548124094316789,0.000560600453805904,0.0010550960853488252,-0.020645161911070326,0.14401264002682676,-0.02063543095060701,0.14398415648789875,0.0029659730847451746,0.0049853423332016054,-4.0183389450776374e-05,-0.0002379604342821473,-8.987236607493898e-05,-0.0004085258040721351,-0.0024475593879866877,-0.0007169596328352457,-0.0011093586394352697,0.0005874335947735343,-0.0021505219476199693
iqnils_m2_n100_p12_fluxConsistent2,iqnils,2,100,0.5,12,fluxConsistent2,exact initial fields,tutorial,_87ed40d2-20251219 OPENFOAM=2512 version=2512,15.156666666666666,2787.31,5-6,-0.004399086900750193,-0.0039152538098284895,0.02173201573157879,0.0025724908977635685,-0.0011289462801250601,0.0016825336259636003,-0.001459765048063534,0.0018719267428817243,-0.00014868118201026903,0.0005617881455979301,0.0010543626705015598,-0.020645439792084747,0.14401383643091184,-0.02063541158214955,0.14398533727560298,0.002965865362702223,0.004987587833926559,-4.838380956662114e-05,-0.0002462660208694123,-5.9241541499610584e-05,-0.00043657135621588683,-0.0024558767788146222,-0.0007372674892326403,-0.0011050958841961492,0.0005727064346248145,-0.002163502179873027
iqnils_m2_n100_p12_fluxConsistent2,iqnils,2,100,0.5,12,fluxConsistent2,exact initial fields,tutorial,_87ed40d2-20251219 OPENFOAM=2512 version=2512,15.156666666666666,2787.31,6-7,-0.004407982133747157,-0.003924144208621416,0.021794793216269426,0.002572470709161445,-0.0011296565718000623,0.0016832298092399611,-0.0014601179173150372,0.001871536784999961,-0.00014978121902704323,0.000560870191895102,0.001052089092823589,-0.02064525552443713,0.14401381944508623,-0.02063522721430537,0.14398527442784578,0.0029659228427438102,0.004987152784784178,-4.794734329160999e-05,-0.00024614810411227594,-6.261994308753849e-05,-0.00043483095262586424,-0.002460633796461568,-0.0007370138922772052,-0.0011078459582705043,0.0005749637937277896,-0.002166820541496679
iqnils_m2_n100_p12_fluxConsistent2,iqnils,2,100,0.5,12,fluxConsistent2,exact initial fields,tutorial,_87ed40d2-20251219 OPENFOAM=2512 version=2512,15.156666666666666,2787.31,7-8,-0.004406451450991056,-0.003923665837096579,0.021792487005594552,0.002573863308244384,-0.0011320468415367505,0.0016835721959769234,-0.001461137110289694,0.0018729318145747076,-0.00015102114228510326,0.0005634619080212566,0.0010556634179457423,-0.020645265439447426,0.14401402283406217,-0.02063525894013874,0.14398548526397467,0.0029659356716199817,0.004988348164177458,-4.941156046234241e-05,-0.000247560042395345,-6.527576392922896e-05,-0.00043245158862137423,-0.0024615605017696035,-0.0007335563162148562,-0.0011070945031715592,0.0005779337183968725,-0.0021702332253971655
iqnils_m2_n100_p12_fluxConsistent2,iqnils,2,100,0.5,12,fluxConsistent2,exact initial fields,tutorial,_87ed40d2-20251219 OPENFOAM=2512 version=2512,15.156666666666666,2787.31,8-9,-0.0044124291021518935,-0.003930863431804044,0.021789209602352422,0.002572285876865976,-0.0011296549679892648,0.001683583916285425,-0.001459573750866492,0.0018716831723113447,-0.00015062592992386425,0.0005612331392161884,0.001057394685516323,-0.02064511625785545,0.14401381887191025,-0.020635135043816054,0.14398529673154487,0.002965901496800483,0.004986698459778557,-4.810223848006334e-05,-0.00024614412508516814,-6.5759924110953e-05,-0.00043071371835334826,-0.002459845895796199,-0.000735494946887294,-0.0011094120620839933,0.0005780180655274858,-0.0021653340567312222
iqnils_m2_n100_p12_fluxConsistent2,iqnils,2,100,0.5,12,fluxConsistent2,exact initial fields,tutorial,_87ed40d2-20251219 OPENFOAM=2512 version=2512,15.156666666666666,2787.31,9-10,-0.004405538837884304,-0.003931617831357981,0.021744995470412087,0.002571851146165871,-0.0011289765539498056,0.0016840818304335592,-0.0014577823455428232,0.0018724695950764758,-0.00015159024481455017,0.0005616952466398484,0.0010519884495277512,-0.020645100621725462,0.14401315501773695,-0.020635277855496115,0.14398464288411172,0.002966042654878812,0.004984558178443763,-4.3561365450028866e-05,-0.0002415355824182397,-7.521498438922691e-05,-0.0004213264275756412,-0.002456280551203481,-0.0007290743654575493,-0.0011116410748379488,0.0005813192017440905,-0.002157909505410532
iqnils_m2_n100_p12_of2412,iqnils,2,100,0.5,12,of2412,exact initial fields,tutorial,_f00230df-20250528 OPENFOAM=2412 patch=250528 version=v2412,14.796666666666667,1444.75,10-11,-0.009468529688686611,-0.00991442550780186,0.025471715439667086,0.002243042010362295,-0.001063790476194873,0.001659338739945948,-0.00131299925026857,0.0015607913127657635,-0.0003911474855577276,-0.00013816006329592234,0.0010620707109056363,-0.020521097422053873,0.14383898350491928,-0.02053033932172385,0.14379516762026454,0.0032572156182937564,0.004908279977772913,0.001274056000846402,0.0009690503099237802,-0.001433936553233539,0.0011296450248265977,-0.0036382673503277847,-0.00032030565462692895,-0.0028267385924964925,0.002255302862404829,-0.0019390584256080718
iqnils_m2_n100_p12_of2412,iqnils,2,100,0.5,12,of2412,exact initial fields,tutorial,_f00230df-20250528 OPENFOAM=2412 patch=250528 version=v2412,14.796666666666667,1444.75,11-12,-0.009469201182695008,-0.009915088350244461,0.025472453796132832,0.002243129788080944,-0.001064222799438745,0.0016590503775109067,-0.0013134521312006136,0.0015612668000042351,-0.00039103200580934046,-0.00013762824622631786,0.00106198189487902,-0.02052108368359056,0.14383896768325594,-0.020530325403943086,0.14379515155434486,0.003257342869061329,0.004908266565053531,0.001274167871019971,0.000969160412183312,-0.0014336034936923703,0.001129485606644387,-0.0036383396879917955,-0.0003204974143233841,-0.0028269024363366535,0.0022552767038022115,-0.0019389072801514005
iqnils_m2_n100_p12_of2412,iqnils,2,100,0.5,12,of2412,exact initial fields,tutorial,_f00230df-20250528 OPENFOAM=2412 patch=250528 version=v2412,14.796666666666667,1444.75,2-3,-0.009303888431999252,-0.009881318797277272,0.02540194642258209,0.0022291305400023997,-0.0010667020890043546,0.0016705181693330573,-0.00127135819419598,0.00158013474615748,-0.0004388914739693675,-0.00018768920689049562,0.0010602449633157775,-0.020521783611257616,0.14382543993721955,-0.020533751773490865,0.14378272948472479,0.0032265790869870177,0.0049001553598936156,0.0013606726791193235,0.0010633082666811067,-0.0017014130139700878,0.0013665622403260524,-0.0035095313875806882,-0.00014381205499924832,-0.0028407178808161062,0.0023527852515776715,-0.001756513592169971
iqnils_m2_n100_p12_of2412,iqnils,2,100,0.5,12,of2412,exact initial fields,tutorial,_f00230df-20250528 OPENFOAM=2412 patch=250528 version=v2412,14.796666666666667,1444.75,3-4,-0.009499500983496834,-0.009908541263971782,0.02547403641896362,0.0022383933654572807,-0.0010589156868301773,0.0016542216410997401,-0.0013185397401268189,0.0015467082801063903,-0.00038100198524853457,-0.00015272030164348305,0.0010639052768939244,-0.020521219382361146,0.1438417654143567,-0.020529697392405354,0.14379770660442356,0.003265924851734541,0.004908039090051738,0.0012563768665467823,0.000949691501029859,-0.0013763655883770598,0.0010623973425210043,-0.0036702458182729463,-0.00037013661524676333,-0.0028232745969046812,0.002221926235471461,-0.0019825811648845905
iqnils_m2_n100_p12_of2412,iqnils,2,100,0.5,12,of2412,exact initial fields,tutorial,_f00230df-20250528 OPENFOAM=2412 patch=250528 version=v2412,14.796666666666667,1444.75,4-5,-0.009466966950561595,-0.009923684715128278,0.025472977974227096,0.0022415872633925193,-0.0010602402388480519,0.0016627054778022288,-0.00130671254405374,0.0015591125636746916,-0.0003952459252809323,-0.00014367151568550618,0.0010633760943005853,-0.020520905510263122,0.14383812753904057,-0.0205303717119557,0.1437943396440898,0.0032579151263847743,0.004908433122919498,0.0012798213951228377,0.0009750069736218503,-0.0014581717343506995,0.0011504508455304485,-0.003631028355030162,-0.0003072190675702524,-0.0028294264855473743,0.002265646524608922,-0.0019266023540734556
iqnils_m2_n100_p12_of2412,iqnils,2,100,0.5,12,of2412,exact initial fields,tutorial,_f00230df-20250528 OPENFOAM=2412 patch=250528 version=v2412,14.796666666666667,1444.75,5-6,-0.00946420293096506,-0.009907426701462718,0.02545807117112786,0.002242436915416368,-0.0010613370943029891,0.0016601420256381338,-0.001311280573455105,0.001557832966609718,-0.0003906088083569807,-0.0001412318261097001,0.001062862253367526,-0.02052124248344091,0.14383928673968302,-0.020530429000655666,0.14379548584326593,0.003255358822363508,0.004908465694540636,0.001271840156354287,0.0009669401172194281,-0.00143026325578266,0.0011249710733367557,-0.003638699933670456,-0.0003228429815131939,-0.002824604442513748,0.00225224029300386,-0.0019419610073150055
iqnils_m2_n100_p12_of2412,iqnils,2,100,0.5,12,of2412,exact initial fields,tutorial,_f00230df-20250528 OPENFOAM=2412 patch=250528 version=v2412,14.796666666666667,1444.75,6-7,-0.009467882481368983,-0.009914703524838364,0.025470495713256103,0.0022426645964346292,-0.001062003763102466,0.0016606750930292513,-0.0013109491518885185,0.0015589655836563132,-0.00039189719502151347,-0.00014035666218104037,0.0010625298871064972,-0.02052109165970884,0.1438390071596599,-0.020530352736124344,0.14379519039730548,0.0032573097721192265,0.004908357381283584,0.0012738973998520642,0.0009688856976695082,-0.0014370835534963655,0.0011318805677575927,-0.0036378268386959844,-0.0003186474250026494,-0.00282653385668258,0.002256407851416231,-0.0019388661105209418
iqnils_m2_n100_p12_of2412,iqnils,2,100,0.5,12,of2412,exact initial fields,tutorial,_f00230df-20250528 OPENFOAM=2412 patch=250528 version=v2412,14.796666666666667,1444.75,7-8,-0.009466467183184113,-0.009912279845383676,0.025467333151239613,0.002242775731287061,-0.0010624903608643002,0.001660133667761965,-0.0013116695997987943,0.0015593656467058903,-0.00039140655236318396,-0.000139772471494104,0.0010623601283150346,-0.020521141894318345,0.14383905459047858,-0.020530382070429055,0.14379524616664668,0.0032565853019249458,0.004908325467809869,0.0012735090672255645,0.0009685556289418251,-0.001434474412129183,0.0011297362055278093,-0.0036378777301111455,-0.00031986567301811597,-0.002826008707312961,0.0022550675185002422,-0.0019395090915313468
iqnils_m2_n100_p12_of2412,iqnils,2,100,0.5,12,of2412,exact initial fields,tutorial,_f00230df-20250528 OPENFOAM=2412 patch=250528 version=v2412,14.796666666666667,1444.75,8-9,-0.009467740844104178,-0.009913767598584089,0.02547014188479646,0.0022428652766792734,-0.0010629278938843732,0.0016599291652912296,-0.0013120741523302874,0.0015598513574583972,-0.0003914067486021597,-0.0001392293330975125,0.001062251675624851,-0.020521111058268256,0.1438390184650984,-0.02053035567178181,0.14379520394051612,0.0032570646680361763,0.0049083053819114755,0.0012738030958494573,0.000968807023660867,-0.0014347484968515456,0.001130109793133327,-0.003638108378110267,-0.0003198247877954641,-0.0028264465108809506,0.0022554443615707687,-0.0019392810203244233
iqnils_m2_n100_p12_of2412,iqnils,2,100,0.5,12,of2412,exact initial fields,tutorial,_f00230df-20250528 OPENFOAM=2412 patch=250528 version=v2412,14.796666666666667,1444.75,9-10,-0.009468027786789901,-0.00991395603214229,0.02547047737623398,0.00224295329742219,-0.0010633606464299057,0.001659615677036097,-0.001312545111215166,0.001560323805706032,-0.00039125541513248044,-0.00013869735061544652,0.0010621577176040567,-0.02052110715268322,0.14383900418691192,-0.02053034972443851,0.14379519065058413,0.0032570595532266182,0.004908291532212998,0.0012738956362237097,0.000968906384883228,-0.001434219153055083,0.0011297796084799305,-0.003638137468705763,-0.0003200967212804162,-0.002826530000891649,0.002255288583870474,-0.0019391663872622737
iqnils_m2_n100_p6_fluidOnly_transpiration,iqnils,2,100,0.5,6,fluidOnly_transpiration,exact initial fields,tutorial,_87ed40d2-20251219 OPENFOAM=2512 version=2512,nan,17.99,2-3,-0.005218853790282196,-0.005830619891721844,0.008404572259620435,,,,,,,0.0001833829087103389,0.0013873577320128417,-0.020605740785273552,0.14363872446419093,-0.020618420610220595,0.14362350307164906,0.0027986345349459577,0.0048990838486380655,0.002470818753374626,0.0023645869422739274,0.0005823919801188904,,,,,,
iqnils_m2_n100_p6_fluidOnly_transpiration,iqnils,2,100,0.5,6,fluidOnly_transpiration,exact initial fields,tutorial,_87ed40d2-20251219 OPENFOAM=2512 version=2512,nan,17.99,3-4,-0.005218948007537527,-0.005830678573122694,0.00839767103851674,,,,,,,0.00018998388052016146,0.0013839929209952088,-0.020605739569008238,0.1436387282829295,-0.020618418657418206,0.14362350653121947,0.002798616487579592,0.004899189049167258,0.002470794606085347,0.002364560293692808,0.0005905171519040575,,,,,,
iqnils_m2_n100_p6_fluidOnly_transpiration,iqnils,2,100,0.5,6,fluidOnly_transpiration,exact initial fields,tutorial,_87ed40d2-20251219 OPENFOAM=2512 version=2512,nan,17.99,4-5,-0.005218945906597439,-0.005830674021423565,0.008396055576086914,,,,,,,0.0001915313668596763,0.0013831996683180351,-0.020605739663349436,0.14363872843514797,-0.02061841870096353,0.14362350669441554,0.0027986150385135525,0.004899211911687272,0.0024707934670009646,0.0023645592314556207,0.0005924200338818242,,,,,,
iqnils_m2_n100_p6_fluidOnly_transpiration,iqnils,2,100,0.5,6,fluidOnly_transpiration,exact initial fields,tutorial,_87ed40d2-20251219 OPENFOAM=2512 version=2512,nan,17.99,5-6,-0.005218945385584539,-0.0058306729338994945,0.008395675331180685,,,,,,,0.0001918956464797006,0.001383012933819431,-0.020605739685890103,0.14363872847093043,-0.02061841871176235,0.14362350673263866,0.002798614692227796,0.004899217290479252,0.0024707932002092647,0.0023645589817524737,0.0005928679706694862,,,,,,
iqnils_m2_n100_p6_fluidOnly_transpiration_endsDirichletU,iqnils,2,100,0.5,6,fluidOnly_transpiration_endsDirichletU,exact initial fields,tutorial,_87ed40d2-20251219 OPENFOAM=2512 version=2512,nan,18.34,2-3,-10.368638616251202,-5.997109846101255,-0.0015115903099227612,,,,,,,0.0008292390563964247,-0.00025605483995781595,0.10357304522201838,0.06688618945465753,0.19417992818924953,0.07523823621778188,1.0038833885243998,0.004786894966280378,0.9136329870853068,1.1525874308337967,0.00015355179848208778,,,,,,
iqnils_m2_n100_p6_fluidOnly_transpiration_endsDirichletU,iqnils,2,100,0.5,6,fluidOnly_transpiration_endsDirichletU,exact initial fields,tutorial,_87ed40d2-20251219 OPENFOAM=2512 version=2512,nan,18.34,3-4,-10.408625839316992,-6.011035165309993,-0.0014635509851038675,,,,,,,0.0008258714769482367,-0.0002678628233808111,0.1038616695990196,0.06683659504846463,0.1950087269530244,0.07579406255685077,1.0059075138097735,0.004797078012841287,0.89959959737572,1.154184703934455,0.00010345506318665265,,,,,,
iqnils_m2_n100_p6_fluidOnly_transpiration_endsDirichletU,iqnils,2,100,0.5,6,fluidOnly_transpiration_endsDirichletU,exact initial fields,tutorial,_87ed40d2-20251219 OPENFOAM=2512 version=2512,nan,18.34,4-5,-10.412920927829642,-6.014017048716341,-0.0014478769798169644,,,,,,,0.0008329094740229248,-0.00028554934473227757,0.10392347387277065,0.06679828105330288,0.1950977494901416,0.0758101259734913,1.0071602460767621,0.0047914545931908034,0.8991970909903133,1.1554202959440492,0.00011502831347032227,,,,,,
iqnils_m2_n100_p6_fluidOnly_transpiration_endsDirichletU,iqnils,2,100,0.5,6,fluidOnly_transpiration_endsDirichletU,exact initial fields,tutorial,_87ed40d2-20251219 OPENFOAM=2512 version=2512,nan,18.34,5-6,-10.406381747671452,-6.008009427443362,-0.0015537493590314089,,,,,,,0.000841396551549245,-0.0002775303763672809,0.10379895637186591,0.0668810229324052,0.19496221458634763,0.07572977556395101,1.005215296917772,0.004775505958290079,0.901212167133381,1.1527537170294,0.00012926728226902995,,,,,,
iqnils_m2_n100_p6_fluidOnly_transpiration_endsFixedGradient,iqnils,2,100,0.5,6,fluidOnly_transpiration_endsFixedGradient,exact initial fields,tutorial,_87ed40d2-20251219 OPENFOAM=2512 version=2512,nan,16.39,2-3,-0.0025522686316458154,-0.0017897369867818647,0.019224119155917485,,,,,,,0.0008476132131658431,0.002683268222062407,-0.020689494507072716,0.14400248687942813,-0.020673689826573582,0.14399215849589883,0.0033947726521827205,0.005018682849306284,-9.575368255465566e-05,-0.00016747046170439983,-0.0012612202610146062,,,,,,
iqnils_m2_n100_p6_fluidOnly_transpiration_endsFixedGradient,iqnils,2,100,0.5,6,fluidOnly_transpiration_endsFixedGradient,exact initial fields,tutorial,_87ed40d2-20251219 OPENFOAM=2512 version=2512,nan,16.39,3-4,-0.002552170416120325,-0.001789591530193535,0.01918390668456671,,,,,,,0.0008851901534292494,0.0026639922109300707,-0.020689497521891736,0.14400248477382124,-0.020673691862246477,0.1439921566641384,0.0033947835517279673,0.005019223197936128,-9.574096252129571e-05,-0.0001674558421354,-0.001215136792091398,,,,,,
iqnils_m2_n100_p6_fluidOnly_transpiration_endsFixedGradient,iqnils,2,100,0.5,6,fluidOnly_transpiration_endsFixedGradient,exact initial fields,tutorial,_87ed40d2-20251219 OPENFOAM=2512 version=2512,nan,16.39,4-5,-0.0025521306318605497,-0.0017895390887371354,0.0191744375914642,,,,,,,0.0008940250500975022,0.002659456147641027,-0.020689498608824283,0.14400248638823873,-0.020673692686838503,0.14399215853593425,0.003394786094716961,0.005019347641831663,-9.575396056693553e-05,-0.0001674670512969989,-0.001204311621268217,,,,,,
iqnils_m2_n100_p6_fluidOnly_transpiration_endsFixedGradient,iqnils,2,100,0.5,6,fluidOnly_transpiration_endsFixedGradient,exact initial fields,tutorial,_87ed40d2-20251219 OPENFOAM=2512 version=2512,nan,16.39,5-6,-0.0025521213865700165,-0.001789526801386776,0.019172210230164577,,,,,,,0.0008961040881032556,0.002658388952843289,-0.02068949886349915,0.1440024867742721,-0.020673692878461845,0.14399215898054915,0.003394786684705944,0.0050193769389908285,-9.57570480428771e-05,-0.00016746973158909828,-0.001201764357887214,,,,,,
iqnils_m2_n100_p6_fluidOnly_transpiration_fluxConsistent,iqnils,2,100,0.5,6,fluidOnly_transpiration_fluxConsistent,exact initial fields,tutorial,_87ed40d2-20251219 OPENFOAM=2512 version=2512,nan,18.13,2-3,-0.0025388302327753465,-0.00278100580853069,0.013052430895698741,,,,,,,0.0007601331183559878,0.001347384803147447,-0.02066894888497032,0.14377636198324084,-0.02067396835875254,0.14376753785963534,0.002801344205751304,0.0049031806363524465,0.0014664844370804175,0.0014050204806723698,0.0009476794005347511,,,,,,
iqnils_m2_n100_p6_fluidOnly_transpiration_fluxConsistent,iqnils,2,100,0.5,6,fluidOnly_transpiration_fluxConsistent,exact initial fields,tutorial,_87ed40d2-20251219 OPENFOAM=2512 version=2512,nan,18.13,3-4,-0.002539246784741156,-0.002781432701867037,0.013077626308592327,,,,,,,0.0007360582939959226,0.0013597331355134255,-0.020668940036927312,0.14377636197342553,-0.020673959725050876,0.14376753677309362,0.002801344589010468,0.004902812050608713,0.001466492005792519,0.001405020549036129,0.0009180656681000432,,,,,,
iqnils_m2_n100_p6_fluidOnly_transpiration_fluxConsistent,iqnils,2,100,0.5,6,fluidOnly_transpiration_fluxConsistent,exact initial fields,tutorial,_87ed40d2-20251219 OPENFOAM=2512 version=2512,nan,18.13,4-5,-0.0025392642475338123,-0.0027814584728412806,0.013083619807187752,,,,,,,0.00073038171014006,0.0013626404652484394,-0.020668939502782903,0.14377636147549563,-0.020673959363106738,0.14376753621020294,0.0028013446958945467,0.004902726330973096,0.0014664959268180233,0.0014050240171270545,0.000911090162924566,,,,,,
iqnils_m2_n100_p6_fluidOnly_transpiration_fluxConsistent,iqnils,2,100,0.5,6,fluidOnly_transpiration_fluxConsistent,exact initial fields,tutorial,_87ed40d2-20251219 OPENFOAM=2512 version=2512,nan,18.13,5-6,-0.0025392682285088064,-0.0027814644289883006,0.013085031402848779,,,,,,,0.0007290447648249376,0.0013633251984403395,-0.02066893937933229,0.14377636135720465,-0.020673959280594702,0.14376753607646334,0.0028013447283719763,0.004902706150365793,0.0014664968584310323,0.0014050248410260036,0.0009094472941633125,,,,,,
iqnils_m2_n100_p6_fluidOnly_transpiration_fluxConsistent2,iqnils,2,100,0.5,6,fluidOnly_transpiration_fluxConsistent2,exact initial fields,tutorial,_87ed40d2-20251219 OPENFOAM=2512 version=2512,nan,18.37,2-3,-0.003774706505693115,-0.005268946168813571,0.011357996997256592,,,,,,,0.0008378259147829858,0.0013978822145359697,-0.020617382366046124,0.14321674259471678,-0.02064835285838414,0.14320660589660614,0.008778815064502751,0.004936476515860389,0.005389170527614562,0.005318010366304637,0.0010438893386006676,,,,,,
iqnils_m2_n100_p6_fluidOnly_transpiration_fluxConsistent2,iqnils,2,100,0.5,6,fluidOnly_transpiration_fluxConsistent2,exact initial fields,tutorial,_87ed40d2-20251219 OPENFOAM=2512 version=2512,nan,18.37,3-4,-0.003774651256930106,-0.005268892063211572,0.011372422715190789,,,,,,,0.0008242709224575151,0.0014048398602293486,-0.020617383487470733,0.14321674440368248,-0.02064835400350258,0.14320660753947845,0.008778825935854691,0.004936284192060304,0.005389158993747145,0.005317997668167873,0.0010272495439089813,,,,,,
iqnils_m2_n100_p6_fluidOnly_transpiration_fluxConsistent2,iqnils,2,100,0.5,6,fluidOnly_transpiration_fluxConsistent2,exact initial fields,tutorial,_87ed40d2-20251219 OPENFOAM=2512 version=2512,nan,18.37,4-5,-0.0037746523050414815,-0.005268898244662035,0.011375800080667187,,,,,,,0.0008210747897157145,0.0014064768856777098,-0.020617383359350348,0.14321674430451845,-0.020648353981778805,0.14320660744626157,0.008778826651549219,0.004936235817825676,0.005389159648180986,0.005317998364255283,0.001023322195297105,,,,,,
iqnils_m2_n100_p6_fluidOnly_transpiration_fluxConsistent2,iqnils,2,100,0.5,6,fluidOnly_transpiration_fluxConsistent2,exact initial fields,tutorial,_87ed40d2-20251219 OPENFOAM=2512 version=2512,nan,18.37,5-6,-0.003774653220955493,-0.005268900068761795,0.011376595401086265,,,,,,,0.0008203223786129588,0.0014068622690028537,-0.02061738332154298,0.14321674427272907,-0.020648353962795032,0.14320660740577856,0.008778826779167423,0.004936224444049233,0.005389159932393861,0.0053179985874027835,0.0010223976419987402,,,,,,
iqnils_m2_n1600_p6_fluidOnly_transpiration,iqnils,2,1600,0.03125,6,fluidOnly_transpiration,exact initial fields,tutorial,_87ed40d2-20251219 OPENFOAM=2512 version=2512,nan,254.54,2-3,-0.0015934762186708973,-0.0010083239211150508,0.008506788522145259,,,,,,,0.001552290085369723,0.001636608942949833,-0.020705690535032864,0.14391295758389813,-0.02069356232347798,0.14390473682885435,0.002964795889192216,0.004982599482485057,0.0005116849468067564,0.0004545326123783777,0.0018281438917846504,,,,,,
iqnils_m2_n1600_p6_fluidOnly_transpiration,iqnils,2,1600,0.03125,6,fluidOnly_transpiration,exact initial fields,tutorial,_87ed40d2-20251219 OPENFOAM=2512 version=2512,nan,254.54,3-4,-0.0015935334665945211,-0.0010083589925283798,0.008504556961796306,,,,,,,0.0015544042062995977,0.0016356152647825236,-0.020705689808122072,0.14391295827333694,-0.020693561136923756,0.14390473713387675,0.0029647958775504022,0.004982639024937199,0.0005116828261089168,0.0004545278195355884,0.0018307057075055422,,,,,,
iqnils_m2_n1600_p6_fluidOnly_transpiration,iqnils,2,1600,0.03125,6,fluidOnly_transpiration,exact initial fields,tutorial,_87ed40d2-20251219 OPENFOAM=2512 version=2512,nan,254.54,4-5,-0.0015935354151251913,-0.0010083634068805969,0.008504045499617696,,,,,,,0.0015548974141363914,0.0016353806277424087,-0.020705689716627604,0.14391295755336883,-0.02069356109653736,0.1439047364155897,0.002964795886591693,0.004982646453812922,0.0005116878200692732,0.0004545328246121638,0.0018312992510181036,,,,,,
iqnils_m2_n1600_p6_fluidOnly_transpiration,iqnils,2,1600,0.03125,6,fluidOnly_transpiration,exact initial fields,tutorial,_87ed40d2-20251219 OPENFOAM=2512 version=2512,nan,254.54,5-6,-0.0015935358940779576,-0.001008364481075441,0.008503925257268508,,,,,,,0.0015550134965054419,0.0016353254060488885,-0.02070568969436321,0.1439129573800509,-0.020693561086610305,0.14390473624270958,0.0029647958914103202,0.004982648196472602,0.0005116890220353554,0.00045453402948436583,0.0018314389436269174,,,,,,
iqnils_m2_n1600_p6_fluidOnly_transpiration_endsDirichletU,iqnils,2,1600,0.03125,6,fluidOnly_transpiration_endsDirichletU,exact initial fields,tutorial,_87ed40d2-20251219 OPENFOAM=2512 version=2512,nan,243.06,2-3,-10.32171401493349,-5.755100066440348,-0.0014382311527540992,,,,,,,0.0008120028694671433,-0.00028536161464531927,0.09855700782741396,0.06546860925342828,0.19320734123319203,0.07549519026922193,1.0155685042206921,0.004797020245053839,0.9071197807837215,1.199197025235791,0.00033590957241735886,,,,,,
iqnils_m2_n1600_p6_fluidOnly_transpiration_endsDirichletU,iqnils,2,1600,0.03125,6,fluidOnly_transpiration_endsDirichletU,exact initial fields,tutorial,_87ed40d2-20251219 OPENFOAM=2512 version=2512,nan,243.06,3-4,-10.327084170904552,-5.945263732493968,-0.0015874033273487465,,,,,,,0.0007960922968446305,-0.00029464789595871335,0.10249845210027163,0.06587497487908565,0.19331864625236708,0.07677484143037534,1.0125611470573221,0.004799058499420572,0.8753327005830842,1.1856307494725877,0.0003794876105727152,,,,,,
iqnils_m2_n1600_p6_fluidOnly_transpiration_endsDirichletU,iqnils,2,1600,0.03125,6,fluidOnly_transpiration_endsDirichletU,exact initial fields,tutorial,_87ed40d2-20251219 OPENFOAM=2512 version=2512,nan,243.06,4-5,-10.407460101783418,-6.470812039582089,-0.0015781076753743628,,,,,,,0.0008126662086440639,-0.00032277135106637586,0.11339127620316011,0.07063803752889039,0.19498456518952503,0.08275486351497797,1.000723504675184,0.004811445315541784,0.739817632475521,1.0382555313428385,0.00017500330609143688,,,,,,
iqnils_m2_n1600_p6_fluidOnly_transpiration_endsDirichletU,iqnils,2,1600,0.03125,6,fluidOnly_transpiration_endsDirichletU,exact initial fields,tutorial,_87ed40d2-20251219 OPENFOAM=2512 version=2512,nan,243.06,5-6,-10.24475531298553,-5.705798186934681,-0.0018401723499897882,,,,,,,0.000841532557685376,-0.0003437833699831038,0.09753514800186801,0.06373604440092026,0.1916122497978291,0.06721082874429557,1.0407312915091913,0.004831188633187961,1.142190081664241,1.2589787626416458,2.9388689801734813e-06,,,,,,
iqnils_m2_n1600_p6_fluidOnly_transpiration_endsFixedGradient,iqnils,2,1600,0.03125,6,fluidOnly_transpiration_endsFixedGradient,exact initial fields,tutorial,_87ed40d2-20251219 OPENFOAM=2512 version=2512,nan,230.26,2-3,-0.004496080017016291,-0.003060209512691814,0.047755948817609584,,,,,,,0.0018971373474807596,0.005913561100649228,-0.020663161944365082,0.14405978594167856,-0.020633401245629714,0.14404455621106751,0.006536407970863478,0.0053716957438334195,-0.0004594793190704216,-0.0005651488698426022,-0.004666115462058862,,,,,,
iqnils_m2_n1600_p6_fluidOnly_transpiration_endsFixedGradient,iqnils,2,1600,0.03125,6,fluidOnly_transpiration_endsFixedGradient,exact initial fields,tutorial,_87ed40d2-20251219 OPENFOAM=2512 version=2512,nan,230.26,3-4,-0.0044718221670415614,-0.003031831710063937,0.04766474624993222,,,,,,,0.001981686817073003,0.005873028759802499,-0.020663750119435352,0.14406137486229498,-0.02063390402813196,0.14404619226606358,0.0065359530737368055,0.005364447240598667,-0.00047083195003483347,-0.0005761721065793424,-0.004565155570653068,,,,,,
iqnils_m2_n1600_p6_fluidOnly_transpiration_endsFixedGradient,iqnils,2,1600,0.03125,6,fluidOnly_transpiration_endsFixedGradient,exact initial fields,tutorial,_87ed40d2-20251219 OPENFOAM=2512 version=2512,nan,230.26,4-5,-0.00446643221175147,-0.0030259973189286082,0.04764320899727292,,,,,,,0.002001592618271042,0.005863486329153678,-0.02066387104646628,0.1440616307472283,-0.020634015743523495,0.1440464634101943,0.006535726499451654,0.005363502581272805,-0.0004727134017622481,-0.0005779473016693792,-0.004541393752971357,,,,,,
iqnils_m2_n1600_p6_fluidOnly_transpiration_endsFixedGradient,iqnils,2,1600,0.03125,6,fluidOnly_transpiration_endsFixedGradient,exact initial fields,tutorial,_87ed40d2-20251219 OPENFOAM=2512 version=2512,nan,230.26,5-6,-0.004465222893087706,-0.0030247253813078245,0.0476381364178482,,,,,,,0.0020062793622781516,0.005861238772404022,-0.020663897409395407,0.14406168264491342,-0.020634040808575196,0.14404651858423922,0.006535667711297005,0.005363318144089774,-0.0004730962500528735,-0.0005783073397450655,-0.004535798314285966,,,,,,
iqnils_m2_n1600_p6_fluidOnly_transpiration_fluxConsistent,iqnils,2,1600,0.03125,6,fluidOnly_transpiration_fluxConsistent,exact initial fields,tutorial,_87ed40d2-20251219 OPENFOAM=2512 version=2512,nan,255.34,2-3,-0.001136669454842587,-0.0003143104658441809,0.009041531935702452,,,,,,,0.0016359420213174491,0.0016420069290157852,-0.02072007506713266,0.1439994117999638,-0.020703030369821733,0.14399219238469813,0.002959254493528866,0.004987382130481107,-9.598901166352203e-05,-0.00014611923227292323,0.0019016826295545908,,,,,,
iqnils_m2_n1600_p6_fluidOnly_transpiration_fluxConsistent,iqnils,2,1600,0.03125,6,fluidOnly_transpiration_fluxConsistent,exact initial fields,tutorial,_87ed40d2-20251219 OPENFOAM=2512 version=2512,nan,255.34,3-4,-0.0011367189665694166,-0.0003143218038137441,0.009037788958795367,,,,,,,0.0016395071126940053,0.0016403235013743283,-0.02072007483213522,0.14399941549923487,-0.020703029343612487,0.14399219572401648,0.0029592544032221294,0.00498744397247306,-9.60122004051156e-05,-0.0001461449180057972,0.0019059916159289703,,,,,,
iqnils_m2_n1600_p6_fluidOnly_transpiration_fluxConsistent,iqnils,2,1600,0.03125,6,fluidOnly_transpiration_fluxConsistent,exact initial fields,tutorial,_87ed40d2-20251219 OPENFOAM=2512 version=2512,nan,255.34,4-5,-0.0011367199059812982,-0.0003143211376211985,0.00903692016377211,,,,,,,0.0016403421627571024,0.0016399257901014352,-0.02072007484594312,0.14399941551282075,-0.020703029324141684,0.14399219573134556,0.002959254384445035,0.004987456712966259,-9.601225129929336e-05,-0.00014614501233878308,0.0019069969108915785,,,,,,
iqnils_m2_n1600_p6_fluidOnly_transpiration_fluxConsistent,iqnils,2,1600,0.03125,6,fluidOnly_transpiration_fluxConsistent,exact initial fields,tutorial,_87ed40d2-20251219 OPENFOAM=2512 version=2512,nan,255.34,5-6,-0.0011367203191008368,-0.0003143211217940811,0.00903671561781283,,,,,,,0.001640538814807302,0.0016398321714035586,-0.020720074846271162,0.14399941551514,-0.020703029315579123,0.1439921957287061,0.0029592543844448975,0.004987459702936594,-9.601223297062145e-05,-0.00014614502844245703,0.0019072336621797081,,,,,,
iqnils_m2_n1600_p6_fluidOnly_transpiration_fluxConsistent2,iqnils,2,1600,0.03125,6,fluidOnly_transpiration_fluxConsistent2,exact initial fields,tutorial,_87ed40d2-20251219 OPENFOAM=2512 version=2512,nan,250.66,2-3,-0.0011376223608271507,-0.0003175110391050451,0.009052714790240612,,,,,,,0.001637359461307497,0.001641582855874179,-0.020720008730164035,0.14399843692750083,-0.020703010619330414,0.14399121853634392,0.0029601223008039676,0.0049875158692333854,-8.922641262887332e-05,-0.00013935020035726886,0.0019039312943784914,,,,,,
iqnils_m2_n1600_p6_fluidOnly_transpiration_fluxConsistent2,iqnils,2,1600,0.03125,6,fluidOnly_transpiration_fluxConsistent2,exact initial fields,tutorial,_87ed40d2-20251219 OPENFOAM=2512 version=2512,nan,250.66,3-4,-0.0011376757624962375,-0.0003175278219262889,0.009048956887122817,,,,,,,0.0016409390361700193,0.0016398925055871824,-0.020720008382313387,0.14399844012311205,-0.020703009512495932,0.14399122135147785,0.002960122214070718,0.004987577949013352,-8.92459616175234e-05,-0.00013937238924977002,0.0019082576939661866,,,,,,
iqnils_m2_n1600_p6_fluidOnly_transpiration_fluxConsistent2,iqnils,2,1600,0.03125,6,fluidOnly_transpiration_fluxConsistent2,exact initial fields,tutorial,_87ed40d2-20251219 OPENFOAM=2512 version=2512,nan,250.66,4-5,-0.0011376779436752527,-0.00031752888411373803,0.009048084787341093,,,,,,,0.0016417774730359547,0.0016394932784189414,-0.020720008360297863,0.14399843998774797,-0.02070300946728753,0.14399122120169006,0.0029601222042157393,0.004987590738627355,-8.92449214539015e-05,-0.00013937144934228485,0.0019092670721592153,,,,,,
iqnils_m2_n1600_p6_fluidOnly_transpiration_fluxConsistent2,iqnils,2,1600,0.03125,6,fluidOnly_transpiration_fluxConsistent2,exact initial fields,tutorial,_87ed40d2-20251219 OPENFOAM=2512 version=2512,nan,250.66,5-6,-0.0011376786391102955,-0.00031752924682548755,0.009047879398357939,,,,,,,0.0016419749098732783,0.0016393992956737578,-0.020720008352780084,0.1439984399606335,-0.02070300945287353,0.14399122116754076,0.0029601222042156287,0.004987593751244614,-8.924468431281696e-05,-0.0001393712610714415,0.0019095047777253349,,,,,,
iqnils_m2_n200_p12,iqnils,2,200,0.25,12,base,exact initial fields,tutorial,_87ed40d2-20251219 OPENFOAM=2512 version=2512,15.81,3029.82,10-11,-0.005798795343611385,-0.00520899481089987,0.01897696492392953,0.002140807137783085,-0.00073148387064406,0.0014377936828660065,-0.001146880517614016,0.0014933297699941672,0.00010086108256983562,0.00035927554177783705,0.0014102774416361401,-0.02061862495324063,0.14391783860198,-0.02060640039962307,0.14389062038834394,0.002732575221269651,0.004912658416858191,0.0006098405016470299,0.0004206018869645778,0.0011063385963352435,-0.0006598565098682174,-0.0022761484172071464,-0.0010390846480429206,-0.0014171293460454332,0.000479977440394741,-0.0016117941697308797
iqnils_m2_n200_p12,iqnils,2,200,0.25,12,base,exact initial fields,tutorial,_87ed40d2-20251219 OPENFOAM=2512 version=2512,15.81,3029.82,11-12,-0.0057998911371002215,-0.005210265757179089,0.01897827092229276,0.0021411180079391468,-0.0007318463748541566,0.0014376361167920404,-0.0011473890884575201,0.0014939378721878782,0.00010103294351364847,0.00035921360458757157,0.0014102024429796306,-0.020618598610858633,0.14391780091406575,-0.020606377687561087,0.1438905794872736,0.0027325837540440718,0.004912733164491164,0.0006101249261980524,0.00042086386821793553,0.0011062638672845182,-0.0006593891747318503,-0.002276394909787312,-0.001039161535941413,-0.00141749449760391,0.00048024275079794343,-0.0016116753984263335
iqnils_m2_n200_p12,iqnils,2,200,0.25,12,base,exact initial fields,tutorial,_87ed40d2-20251219 OPENFOAM=2512 version=2512,15.81,3029.82,2-3,-0.005867885689829433,-0.005330413166583559,0.019192366889222656,0.0021352311217748277,-0.0007326158045923246,0.00144877593200321,-0.0011300053357397636,0.001493346177610988,7.578541658008703e-05,0.0003425098127078918,0.0014204125695893657,-0.020616108364806256,0.14391458708723326,-0.020604968392368153,0.14388706287979589,0.002732806684290596,0.004910346734845718,0.0006345798909264122,0.00044320475444181717,0.0009666261846288382,-0.000558030137343235,-0.002269825062408806,-0.0009758601225616781,-0.0014454639286853412,0.0005450570022400569,-0.001570310497714805
iqnils_m2_n200_p12,iqnils,2,200,0.25,12,base,exact initial fields,tutorial,_87ed40d2-20251219 OPENFOAM=2512 version=2512,15.81,3029.82,3-4,-0.005754329141182457,-0.0051489127141131075,0.01889725884075788,0.0021379173838931287,-0.0007301959680862311,0.0014341399127932863,-0.0011469697043811962,0.0014878511018172613,0.00010430428893612649,0.00035557820612286406,0.0014129749745130434,-0.020619870250206115,0.14391907608620214,-0.020607322032354162,0.14389204379466058,0.0027324165444524507,0.004912145379197082,0.0005999422867775106,0.0004119997979017409,0.0011341639484638844,-0.0006917134523628521,-0.002271368580580478,-0.001052632341317472,-0.0014029497638439368,0.00045836303263691036,-0.0016222542070295004
iqnils_m2_n200_p12,iqnils,2,200,0.25,12,base,exact initial fields,tutorial,_87ed40d2-20251219 OPENFOAM=2512 version=2512,15.81,3029.82,4-5,-0.005805088152608273,-0.00521790587672577,0.018997618756244616,0.0021387355825059906,-0.000729590645762762,0.0014396748664273762,-0.0011431255085115168,0.0014897857048417062,9.795971636387978e-05,0.0003586529437649144,0.0014111962722062627,-0.020618440257235904,0.14391786660279202,-0.02060626997115324,0.14389060418624766,0.0027325519385631193,0.0049121274579462726,0.0006099531704140126,0.00042040724407632624,0.0010966348044330054,-0.0006550990538650714,-0.002276753321988922,-0.0010350721557697007,-0.0014186036016870468,0.00048406251337640427,-0.0016112132957027024
iqnils_m2_n200_p12,iqnils,2,200,0.25,12,base,exact initial fields,tutorial,_87ed40d2-20251219 OPENFOAM=2512 version=2512,15.81,3029.82,5-6,-0.005788559302165819,-0.005196982935051331,0.018961651002306956,0.0021392057421800725,-0.0007297426742943164,0.0014381887852610298,-0.0011445204388926913,0.0014902978204249795,0.00010038247427686167,0.0003593441779854434,0.0014107496763036236,-0.020618873918462285,0.14391806756662187,-0.020606612557853766,0.14389088924912322,0.0027325238511789855,0.004912279959600958,0.0006079708576209875,0.00041901028037405474,0.0011088347494121464,-0.0006641445133361845,-0.0022739171290595346,-0.0010393830081401045,-0.0014140834788148782,0.0004769935883790488,-0.0016125040650958392
iqnils_m2_n200_p12,iqnils,2,200,0.25,12,base,exact initial fields,tutorial,_87ed40d2-20251219 OPENFOAM=2512 version=2512,15.81,3029.82,6-7,-0.0057958424679767084,-0.005205553996403434,0.018974582717453448,0.0021395496344205345,-0.000730049156760385,0.0014385045124793994,-0.0011448157296615209,0.0014908758234559727,0.00010004406043272894,0.0003594628154997004,0.0014105975110496121,-0.020618696269590765,0.14391798186699212,-0.020606461602664643,0.14389076905702788,0.0027325430885478644,0.0049123509048046325,0.0006088066664042824,0.00041960600536739,0.001105955008950943,-0.0006612455617839297,-0.002275507949787598,-0.0010386275811723467,-0.0014160221356457464,0.0004793550532802282,-0.0016123218978840285
iqnils_m2_n200_p12,iqnils,2,200,0.25,12,base,exact initial fields,tutorial,_87ed40d2-20251219 OPENFOAM=2512 version=2512,15.81,3029.82,7-8,-0.0057949480454669855,-0.005204575823205104,0.01897203792336466,0.0021398712729350233,-0.000730399429371084,0.0014382336116847139,-0.0011453582713223426,0.0014915176776535422,0.00010037475354853341,0.0003594473727572822,0.0014105068674614871,-0.020618716543785255,0.14391795138347063,-0.020606480140992978,0.14389074576258343,0.002732548675581141,0.004912434371180845,0.0006089686547667839,0.00041981790605283287,0.0011067172637315714,-0.00066137797684096,-0.00227525296572644,-0.001038865055991045,-0.0014159081545692604,0.0004790437097099698,-0.0016120944479713793
iqnils_m2_n200_p12,iqnils,2,200,0.25,12,base,exact initial fields,tutorial,_87ed40d2-20251219 OPENFOAM=2512 version=2512,15.81,3029.82,8-9,-0.005796707529461376,-0.005206565960250931,0.01897454559802414,0.002140184510040166,-0.0007307593150150705,0.0014381137895929097,-0.0011458625414695327,0.0014921108167056385,0.00010051049600265035,0.0003593962156207553,0.0014104283871094565,-0.020618675295031356,0.14391791390969663,-0.020606443672890228,0.14389070157606068,0.0027325581628489326,0.004912508502100921,0.000609275925705477,0.0004200783983372425,0.0011064520356984797,-0.0006607679289410973,-0.0022756837872700375,-0.001038927818585167,-0.001416422731120846,0.0004794724680940998,-0.0016120413811155398
iqnils_m2_n200_p12,iqnils,2,200,0.25,12,base,exact initial fields,tutorial,_87ed40d2-20251219 OPENFOAM=2512 version=2512,15.81,3029.82,9-10,-0.005797620013546334,-0.005207643094816805,0.018975518938569857,0.002140496139147574,-0.0007311214341580529,0.0014379478570953896,-0.0011463709126200853,0.0014927244691884667,0.00010069194589797442,0.00035933697987555746,0.0014103525983004072,-0.02061865296970521,0.14391787583012827,-0.020606424760207034,0.14389066125878286,0.002732566568114194,0.004912583797991558,0.0006095562902672658,0.0004203431018325876,0.00110642660323923,-0.0006603308880585024,-0.0022758765558722758,-0.0010390030218998536,-0.0014167478951460108,0.00047969786997170694,-0.001611899025750742
iqnils_m2_n200_p12_fluxConsistent,iqnils,2,200,0.25,12,fluxConsistent,exact initial fields,tutorial,_87ed40d2-20251219 OPENFOAM=2512 version=2512,15.75125,2805.44,10-11,-0.0017988753671298596,-0.0006131404930709294,0.014341111604020629,0.00239020081226915,-0.0007886741038652333,0.001443786635654698,-0.0012297778210558026,0.0017672305587628223,0.0002727549395431548,0.0009175277054458419,0.0014059355151788894,-0.020713881339782882,0.14403572924106478,-0.020689305099613167,0.14402210851686745,0.0029593366003559892,0.004959072410210734,-0.00030368809937586505,-0.00039822428020575007,0.001999903213679932,-0.0016759643227545196,-0.001200627493232036,-0.0011907268444124597,-8.387338905638131e-05,-0.0007324011607738878,-0.0016118423429957603
iqnils_m2_n200_p12_fluxConsistent,iqnils,2,200,0.25,12,fluxConsistent,exact initial fields,tutorial,_87ed40d2-20251219 OPENFOAM=2512 version=2512,15.75125,2805.44,11-12,-0.00179963017690965,-0.0006139662215911557,0.014342891802961555,0.0023902989682995646,-0.0007890572422173796,0.0014436438988840727,-0.001230139792240257,0.0017676667178228023,0.000272843414494767,0.0009175765020887905,0.001405819817010272,-0.02071386422524668,0.14403570511946456,-0.020689289454980598,0.1440220818961414,0.002959345998430707,0.004959106275594544,-0.00030350331770012673,-0.000398056877307984,0.0019999272888477915,-0.0016757600921437632,-0.001200857552912407,-0.001190773947050583,-8.411880487778417e-05,-0.0007323261690602711,-0.0016117878741494195
iqnils_m2_n200_p12_fluxConsistent,iqnils,2,200,0.25,12,fluxConsistent,exact initial fields,tutorial,_87ed40d2-20251219 OPENFOAM=2512 version=2512,15.75125,2805.44,2-3,-0.0018993649191582085,-0.000740306230117227,0.014576265748298622,0.002381683868299511,-0.0007901995661554067,0.0014484650259276588,-0.0012203286780281335,0.001760486674232009,0.0002543280929727286,0.0008854785475633786,0.0014149794245926959,-0.020711245627733434,0.14403391261061146,-0.020687222293904045,0.1440197663198188,0.0029595296075762027,0.004954640286445566,-0.0002874300133428598,-0.00038561678385951037,0.0018980124261580578,-0.0016198879295247215,-0.0012181311622313097,-0.0011647860158009449,-0.00011388067642039408,-0.0006906565890418825,-0.0016017000168429133
iqnils_m2_n200_p12_fluxConsistent,iqnils,2,200,0.25,12,fluxConsistent,exact initial fields,tutorial,_87ed40d2-20251219 OPENFOAM=2512 version=2512,15.75125,2805.44,3-4,-0.0017575784016907736,-0.0005645170794168486,0.014262398744939286,0.002387494449049621,-0.0007866599490389221,0.0014407468642583243,-0.001228308736987136,0.0017634731622204747,0.00027419381157718685,0.0009096089209017499,0.0014090015797644578,-0.02071488913732513,0.14403604447020316,-0.020690161044869662,0.14402262906626548,0.0029592053772952167,0.004958568289462723,-0.00030730136013046305,-0.0004004119521016092,0.002010699017959583,-0.001692330950113563,-0.0011909313149847916,-0.0011962369210440915,-7.3405746062355e-05,-0.0007461849913569241,-0.0016118142236630328
iqnils_m2_n200_p12_fluxConsistent,iqnils,2,200,0.25,12,fluxConsistent,exact initial fields,tutorial,_87ed40d2-20251219 OPENFOAM=2512 version=2512,15.75125,2805.44,4-5,-0.0018068224320064719,-0.0006223457430875046,0.014354300084946203,0.0023891015868351406,-0.0007863598012439471,0.0014451087181488464,-0.001227225144394686,0.0017641278771964863,0.0002710906202968489,0.0009155049310576313,0.0014072731295541457,-0.02071369054634315,0.14403578964650476,-0.02068914038406054,0.14402211997170591,0.002959300681105654,0.004958818966515228,-0.000303767610493777,-0.0003986434911894543,0.001993027322884089,-0.0016734333004732038,-0.0012022468013851287,-0.0011896051236389704,-8.550864318742842e-05,-0.0007293656187032926,-0.0016123881133951754
iqnils_m2_n200_p12_fluxConsistent,iqnils,2,200,0.25,12,fluxConsistent,exact initial fields,tutorial,_87ed40d2-20251219 OPENFOAM=2512 version=2512,15.75125,2805.44,5-6,-0.0017912671545392556,-0.0006048185492640856,0.014325002911768525,0.002389597017370848,-0.0007867363817781736,0.0014442229804338957,-0.001227958846863965,0.00176506419224709,0.0002725120894914487,0.0009168921975895028,0.0014066853585725056,-0.020714053825297268,0.14403584456618107,-0.020689462791913513,0.14402225716224087,0.002959283504899477,0.004958913750659288,-0.0003047198859519318,-0.0003990246309195644,0.00200061157716358,-0.0016778874805226662,-0.0011983944731321573,-0.0011906796970035938,-8.179048688807066e-05,-0.0007337831558834607,-0.001611659815275961
iqnils_m2_n200_p12_fluxConsistent,iqnils,2,200,0.25,12,fluxConsistent,exact initial fields,tutorial,_87ed40d2-20251219 OPENFOAM=2512 version=2512,15.75125,2805.44,6-7,-0.0017970445454886796,-0.000611101865623187,0.014336096467080672,0.0023897822430383187,-0.0007871323421067378,0.0014444024923301324,-0.001228318519684103,0.0017654366157779933,0.00027233345738901955,0.0009172449332328636,0.0014064450141416558,-0.020713923593577443,0.14403582677625612,-0.020689343046302048,0.14402220984392677,0.0029593002241331003,0.004958938532377425,-0.0003043914373375145,-0.0003989011697868028,0.0019993922838656975,-0.001676573514606261,-0.0012000414578604106,-0.0011905563179703815,-8.315468965153518e-05,-0.0007324388907223867,-0.0016121767355365964
iqnils_m2_n200_p12_fluxConsistent,iqnils,2,200,0.25,12,fluxConsistent,exact initial fields,tutorial,_87ed40d2-20251219 OPENFOAM=2512 version=2512,15.75125,2805.44,7-8,-0.0017962030330638257,-0.0006102459117985903,0.014335033752369997,0.0023899011993107067,-0.0007875223471388121,0.0014441945126768552,-0.0012286851268536675,0.0017659327120163049,0.00027250392276487325,0.0009173630152714551,0.0014062946493139813,-0.020713941334581126,0.1440357994329517,-0.020689360487984764,0.14402218845545026,0.002959307737482919,0.0049589729939699,-0.00030424297433828684,-0.00039871140864933263,0.0019998848738955743,-0.0016766192204047403,-0.001199806621114114,-0.0011905683522026589,-8.305244022320587e-05,-0.0007327024901103707,-0.0016119316120057267
iqnils_m2_n200_p12_fluxConsistent,iqnils,2,200,0.25,12,fluxConsistent,exact initial fields,tutorial,_87ed40d2-20251219 OPENFOAM=2512 version=2512,15.75125,2805.44,8-9,-0.0017974453393958534,-0.0006115706298407408,0.014337688305752438,0.0023900034713908447,-0.0007879073196987116,0.0014440749195163693,-0.0012290541696917843,0.0017663548194788437,0.00027257469448634564,0.0009174264078395389,0.001406169746954809,-0.020713913877693862,0.144035777901991,-0.0206893347392112,0.14402216175504867,0.00295931780231401,0.004959004908697365,-0.00030405763981866674,-0.0003985619848300148,0.00199983477338761,-0.0016763645126133264,-0.0012001916642651463,-0.0011906372304073543,-8.339886571182001e-05,-0.0007325362453498574,-0.0016119631008998222
iqnils_m2_n200_p12_fluxConsistent,iqnils,2,200,0.25,12,fluxConsistent,exact initial fields,tutorial,_87ed40d2-20251219 OPENFOAM=2512 version=2512,15.75125,2805.44,9-10,-0.0017980662447024676,-0.0006122620265612833,0.014339237992250009,0.002390102530772209,-0.0007882909103619814,0.001443927469875872,-0.0012294144480639482,0.0017667967006445018,0.0002726675441227227,0.0009174783787648799,0.0014060516843352959,-0.02071389954739775,0.1440357528663567,-0.020689321869961697,0.1440221349415727,0.002959327127739416,0.004959038688600047,-0.00030387152035071807,-0.000398388238690206,0.001999883064494945,-0.0016761688551502063,-0.0012003786165940313,-0.0011906736675076912,-8.361752165795366e-05,-0.0007324834591470042,-0.0016118845748477242
iqnils_m2_n200_p6_fluidOnly_transpiration,iqnils,2,200,0.25,6,fluidOnly_transpiration,exact initial fields,tutorial,_87ed40d2-20251219 OPENFOAM=2512 version=2512,nan,34.73,2-3,-0.003727655061642965,-0.003941380031934227,0.00818656973267129,,,,,,,0.0010177511407445383,0.001548380471432198,-0.020644898284600026,0.14368672375400302,-0.020649328074357463,0.14367439247756508,0.002850852357843806,0.004947400039063814,0.0021157440352235213,0.0020297418915344867,0.0013366924957127768,,,,,,
iqnils_m2_n200_p6_fluidOnly_transpiration,iqnils,2,200,0.25,6,fluidOnly_transpiration,exact initial fields,tutorial,_87ed40d2-20251219 OPENFOAM=2512 version=2512,nan,34.73,3-4,-0.003727726006012899,-0.0039414199181868614,0.008186421675629552,,,,,,,0.0010178491495724806,0.001548345766141341,-0.020644897457894034,0.14368672732041896,-0.02064932660392262,0.14367439563286086,0.0028508522339000635,0.004947408690045452,0.0021157220273246846,0.0020297170203795734,0.0013368266958022623,,,,,,
iqnils_m2_n200_p6_fluidOnly_transpiration,iqnils,2,200,0.25,6,fluidOnly_transpiration,exact initial fields,tutorial,_87ed40d2-20251219 OPENFOAM=2512 version=2512,nan,34.73,4-5,-0.0037277261840433784,-0.003941420005333707,0.008186402389315894,,,,,,,0.0010178675842389406,0.0015483366906030014,-0.020644897456087778,0.143686727332106,-0.020649326600232654,0.14367439564407866,0.0028508522289152592,0.004947408959851341,0.002115721949081495,0.002029716938877657,0.001336849138288354,,,,,,
iqnils_m2_n200_p6_fluidOnly_transpiration,iqnils,2,200,0.25,6,fluidOnly_transpiration,exact initial fields,tutorial,_87ed40d2-20251219 OPENFOAM=2512 version=2512,nan,34.73,5-6,-0.003727726207587434,-0.003941420018199526,0.008186398009700113,,,,,,,0.0010178719208047138,0.0015483345544735829,-0.020644897455821112,0.1436867273339942,-0.020649326599744666,0.14367439564598283,0.002850852228915138,0.0049474090232386565,0.002115721935800119,0.002029716925709746,0.001336854414231592,,,,,,
iqnils_m2_n200_p6_fluidOnly_transpiration_endsDirichletU,iqnils,2,200,0.25,6,fluidOnly_transpiration_endsDirichletU,exact initial fields,tutorial,_87ed40d2-20251219 OPENFOAM=2512 version=2512,nan,35.05,2-3,-10.340219229760494,-6.0242365822561075,-0.0013279110184689635,,,,,,,0.00081937974888735,-0.0002611808129779508,0.10413528995087587,0.0676406105074371,0.1935908912273183,0.07585468730447337,1.002236883454426,0.004785046311856362,0.8980813952676203,1.1285788173161655,0.00037448945893525654,,,,,,
iqnils_m2_n200_p6_fluidOnly_transpiration_endsDirichletU,iqnils,2,200,0.25,6,fluidOnly_transpiration_endsDirichletU,exact initial fields,tutorial,_87ed40d2-20251219 OPENFOAM=2512 version=2512,nan,35.05,3-4,-10.36085230155451,-6.043684229666837,-0.0013440701339126893,,,,,,,0.0008267040636740219,-0.0002112674927415132,0.10453837335843892,0.06778288954623232,0.19401854443963626,0.0762106116905447,1.0011785614215034,0.004758630426353865,0.8892168363782726,1.1241108439064296,0.00045946173106292676,,,,,,
iqnils_m2_n200_p6_fluidOnly_transpiration_endsDirichletU,iqnils,2,200,0.25,6,fluidOnly_transpiration_endsDirichletU,exact initial fields,tutorial,_87ed40d2-20251219 OPENFOAM=2512 version=2512,nan,35.05,4-5,-10.33299311375413,-6.053361896311574,-0.0013773631354423443,,,,,,,0.0007505511748302496,-8.151730482038788e-05,0.10473895838376532,0.06863864230991006,0.19344111848608256,0.07699407611564814,1.0010389952233527,0.0046797300174458364,0.869992835555331,1.0976284767753373,0.0004789805507452449,,,,,,
iqnils_m2_n200_p6_fluidOnly_transpiration_endsDirichletU,iqnils,2,200,0.25,6,fluidOnly_transpiration_endsDirichletU,exact initial fields,tutorial,_87ed40d2-20251219 OPENFOAM=2512 version=2512,nan,35.05,5-6,-10.294723215543716,-6.0136825257618485,-0.0014536900941624076,,,,,,,0.0007110079093193278,-0.00011166884865107718,0.10391654035276399,0.06816033284843921,0.19264791400988282,0.07662430872725427,1.001748120465411,0.0046926107071013,0.8790168956558901,1.112348409985219,0.0003024878676727294,,,,,,
iqnils_m2_n200_p6_fluidOnly_transpiration_endsFixedGradient,iqnils,2,200,0.25,6,fluidOnly_transpiration_endsFixedGradient,exact initial fields,tutorial,_87ed40d2-20251219 OPENFOAM=2512 version=2512,nan,31.87,2-3,-0.0023954771844565403,-0.0014127989260520613,0.024083214498288097,,,,,,,0.0015868278527155777,0.0032519363889825206,-0.020697307147581376,0.14401039333443946,-0.02067693957856029,0.14400081995819722,0.0035432891474891258,0.005096061430772323,-0.0001558966243377924,-0.00022236324222268955,-0.001310620259997508,,,,,,
iqnils_m2_n200_p6_fluidOnly_transpiration_endsFixedGradient,iqnils,2,200,0.25,6,fluidOnly_transpiration_endsFixedGradient,exact initial fields,tutorial,_87ed40d2-20251219 OPENFOAM=2512 version=2512,nan,31.87,3-4,-0.002394993516123489,-0.0014121415832109019,0.024043274671131876,,,,,,,0.0016242736551206338,0.0032334491666770786,-0.020697320772056705,0.14401043098606162,-0.020676949603355355,0.14400085874028506,0.0035432888876807474,0.005096585918849561,-0.00015616590080036463,-0.00022262463474509442,-0.001265233488532247,,,,,,
iqnils_m2_n200_p6_fluidOnly_transpiration_endsFixedGradient,iqnils,2,200,0.25,6,fluidOnly_transpiration_endsFixedGradient,exact initial fields,tutorial,_87ed40d2-20251219 OPENFOAM=2512 version=2512,nan,31.87,4-5,-0.0023949026117379146,-0.0014120231592833488,0.02403387475758656,,,,,,,0.0016330793633341223,0.0032290989224668123,-0.020697323226580855,0.1440104373719793,-0.020676951487493253,0.1440008654188776,0.0035432887975879947,0.005096706756160159,-0.0001562122723937076,-0.00022266896830969163,-0.0012545641815029374,,,,,,
iqnils_m2_n200_p6_fluidOnly_transpiration_endsFixedGradient,iqnils,2,200,0.25,6,fluidOnly_transpiration_endsFixedGradient,exact initial fields,tutorial,_87ed40d2-20251219 OPENFOAM=2512 version=2512,nan,31.87,5-6,-0.0023948841144088018,-0.0014119991097755191,0.02403166381593569,,,,,,,0.0016351511369305793,0.003228075484563225,-0.020697323725045135,0.14401043858502557,-0.0206769518708798,0.14400086668801323,0.0035432887678821475,0.005096735173091297,-0.0001562210844058276,-0.00022267738975589868,-0.0012520540541444136,,,,,,
iqnils_m2_n200_p6_fluidOnly_transpiration_fluxConsistent,iqnils,2,200,0.25,6,fluidOnly_transpiration_fluxConsistent,exact initial fields,tutorial,_87ed40d2-20251219 OPENFOAM=2512 version=2512,nan,34.47,2-3,-0.0013287302264403111,-0.0006940248052585973,0.009504388477426629,,,,,,,0.0014148251154120217,0.0015769080467943565,-0.02071220488383495,0.14396364629798714,-0.020699049605020736,0.1439561166064213,0.002942130553848722,0.004971093284327761,0.0001545895413628262,0.00010227872699353213,0.0016781256440761005,,,,,,
iqnils_m2_n200_p6_fluidOnly_transpiration_fluxConsistent,iqnils,2,200,0.25,6,fluidOnly_transpiration_fluxConsistent,exact initial fields,tutorial,_87ed40d2-20251219 OPENFOAM=2512 version=2512,nan,34.47,3-4,-0.0013288076268244131,-0.0006940676635476262,0.009501147890967676,,,,,,,0.001417878577048004,0.0015754190010363069,-0.02071220399552878,0.14396364980743007,-0.020699048000774736,0.1439561197070656,0.002942130390211618,0.004971146501679846,0.0001545679992176474,0.00010225434721533588,0.0016818488759742234,,,,,,
iqnils_m2_n200_p6_fluidOnly_transpiration_fluxConsistent,iqnils,2,200,0.25,6,fluidOnly_transpiration_fluxConsistent,exact initial fields,tutorial,_87ed40d2-20251219 OPENFOAM=2512 version=2512,nan,34.47,4-5,-0.0013288076524582415,-0.0006940664943361208,0.009500398665821086,,,,,,,0.001418592480455061,0.001575067452131913,-0.020712204019762547,0.14396364989106653,-0.020699048000243435,0.14395611979357958,0.00294213039021251,0.004971157292761851,0.0001545673981500073,0.00010225376620054405,0.0016827165973416491,,,,,,
iqnils_m2_n200_p6_fluidOnly_transpiration_fluxConsistent,iqnils,2,200,0.25,6,fluidOnly_transpiration_fluxConsistent,exact initial fields,tutorial,_87ed40d2-20251219 OPENFOAM=2512 version=2512,nan,34.47,5-6,-0.0013288076237185642,-0.0006940661919497826,0.00950022239371795,,,,,,,0.0014187605710715978,0.0015749846759456243,-0.020712204026029985,0.14396364990957813,-0.02069904800083911,0.14395611981293277,0.0029421303902123657,0.004971159835035262,0.00015456726369111884,0.00010225363760207884,0.0016829209001354428,,,,,,
iqnils_m2_n200_p6_fluidOnly_transpiration_fluxConsistent2,iqnils,2,200,0.25,6,fluidOnly_transpiration_fluxConsistent2,exact initial fields,tutorial,_87ed40d2-20251219 OPENFOAM=2512 version=2512,nan,35.18,2-3,-0.0015269815593812464,-0.001179756570371282,0.009377819800744591,,,,,,,0.0014395705000689318,0.001584898278596077,-0.020702137320858915,0.14383782686216393,-0.02069494053099507,0.14382999714983194,0.003039939922607731,0.004979027071133779,0.0010315898600579132,0.0009770993998303723,0.0017082818887985685,,,,,,
iqnils_m2_n200_p6_fluidOnly_transpiration_fluxConsistent2,iqnils,2,200,0.25,6,fluidOnly_transpiration_fluxConsistent2,exact initial fields,tutorial,_87ed40d2-20251219 OPENFOAM=2512 version=2512,nan,35.18,3-4,-0.0015270185472019415,-0.0011797578144744358,0.009373058114840349,,,,,,,0.0014441011680119686,0.001582681310843787,-0.0207021372950729,0.14383783043350773,-0.02069493976436369,0.14383000038895896,0.0030399397780728277,0.004979104410128711,0.001031567316301496,0.0009770745466095576,0.0017138051876317562,,,,,,
iqnils_m2_n200_p6_fluidOnly_transpiration_fluxConsistent2,iqnils,2,200,0.25,6,fluidOnly_transpiration_fluxConsistent2,exact initial fields,tutorial,_87ed40d2-20251219 OPENFOAM=2512 version=2512,nan,35.18,4-5,-0.00152701869719285,-0.0011797563685490564,0.009371943743209155,,,,,,,0.0014451630986400676,0.00158215839241346,-0.020702137325042003,0.14383783051523605,-0.020694939761254888,0.1438300004743071,0.0030399397682865734,0.004979120473637129,0.001031566722293542,0.000977073977856735,0.0017150959381269093,,,,,,
iqnils_m2_n200_p6_fluidOnly_transpiration_fluxConsistent2,iqnils,2,200,0.25,6,fluidOnly_transpiration_fluxConsistent2,exact initial fields,tutorial,_87ed40d2-20251219 OPENFOAM=2512 version=2512,nan,35.18,5-6,-0.0015270187151922299,-0.001179756021752798,0.009371681475089044,,,,,,,0.0014454131339922682,0.001582035269549314,-0.020702137332229906,0.14383783053323318,-0.020694939760881822,0.14383000049320918,0.0030399397584992905,0.0049791242500588405,0.001031566590738331,0.0009770738526135858,0.0017153998496288736,,,,,,
iqnils_m2_n400_p12,iqnils,2,400,0.125,12,base,exact initial fields,tutorial,_87ed40d2-20251219 OPENFOAM=2512 version=2512,16.198958333333334,5064.18,10-11,-0.003785372914889562,-0.0025172560983536263,0.0182414991147124,0.002195497481500608,-0.0006882482142179754,0.0013617953320819165,-0.0011930627014019124,0.0015191831730416716,0.000312381492992556,0.0007314638715374411,0.001424952566227769,-0.020674415516983777,0.14399260109682024,-0.020648131780097674,0.14397241475812386,0.0028093909050429106,0.004915079540381315,4.1368746575454196e-05,-9.882716367359823e-05,0.0023523981859931986,-0.0018032979405315785,-0.0017572100255631446,-0.001485042453717833,-0.0006122700175498885,-0.0005356395008792036,-0.0018060129603403427
iqnils_m2_n400_p12,iqnils,2,400,0.125,12,base,exact initial fields,tutorial,_87ed40d2-20251219 OPENFOAM=2512 version=2512,16.198958333333334,5064.18,11-12,-0.003785576885460884,-0.002517493140742011,0.018242801584188006,0.002195522220010293,-0.0006883488775260568,0.001361725728294516,-0.0011931777493548673,0.0015192885915751297,0.00031240011944715215,0.0007314603508832285,0.0014248971708167627,-0.020674410603903463,0.14399259213643686,-0.020648127552483343,0.14397240516792417,0.0028093981819260973,0.0049150740440083345,4.1435360704777935e-05,-9.876494173766126e-05,0.002352414716406237,-0.0018032665469808196,-0.0017572835126366789,-0.0014850987901185997,-0.0006123844931808473,-0.0005356486986112241,-0.0018060026987620841
iqnils_m2_n400_p12,iqnils,2,400,0.125,12,base,exact initial fields,tutorial,_87ed40d2-20251219 OPENFOAM=2512 version=2512,16.198958333333334,5064.18,2-3,-0.003983121186007965,-0.002731022508894232,0.01863332365765702,0.002195016677998929,-0.000693315044242569,0.0013707827332265499,-0.0011929965455447526,0.00151388935022978,0.0002970092627516712,0.0007196238744242578,0.001438645203863946,-0.020669984868311297,0.14399377687405215,-0.020644033132827973,0.14397253396695706,0.00280955718071886,0.004915057112146258,4.054071527370695e-05,-0.00010699182924944761,0.0022660371185427852,-0.0017605458121132678,-0.0018148271850925185,-0.0014755602228162523,-0.0006530676742988356,-0.00048311571811421317,-0.0018339193203709794
iqnils_m2_n400_p12,iqnils,2,400,0.125,12,base,exact initial fields,tutorial,_87ed40d2-20251219 OPENFOAM=2512 version=2512,16.198958333333334,5064.18,3-4,-0.003717552017882819,-0.0024456479475426507,0.01812917080671972,0.0021953347795622413,-0.0006898070777813155,0.001358469730018852,-0.0011930983907668506,0.001520915429951586,0.0003138207576062614,0.0007284284611668301,0.0014278743299933555,-0.020675899709741315,0.14399271792652496,-0.020649537475999707,0.14397287436564568,0.0028092545699392366,0.004915035857534429,3.817629426650093e-05,-9.96384419136298e-05,0.002362442566985923,-0.0018133034625478217,-0.0017379683576620177,-0.0014820405202301545,-0.0005966836727373476,-0.0005487910422691256,-0.0017997656147433008
iqnils_m2_n400_p12,iqnils,2,400,0.125,12,base,exact initial fields,tutorial,_87ed40d2-20251219 OPENFOAM=2512 version=2512,16.198958333333334,5064.18,4-5,-0.0038022739576636377,-0.002534467323586753,0.018269975109049152,0.0021953107585290788,-0.0006882590244664576,0.001362795573330633,-0.0011928124965368298,0.001518049751414896,0.0003111506808220403,0.0007306908540838375,0.0014257573470757752,-0.020674058786980976,0.1439927863567672,-0.020647781479119418,0.14397250334622735,0.0028093675515678883,0.0049150009119265335,4.0753408464322405e-05,-0.00010011362838435733,0.002347400800126964,-0.0018014447482561646,-0.001762678340272367,-0.0014851428218375373,-0.0006152844651973,-0.0005320017334874416,-0.0018097848691177188
iqnils_m2_n400_p12,iqnils,2,400,0.125,12,base,exact initial fields,tutorial,_87ed40d2-20251219 OPENFOAM=2512 version=2512,16.198958333333334,5064.18,5-6,-0.0037784228050711244,-0.0025101438997671144,0.018225808972405888,0.0021953586353582466,-0.000687908760857909,0.0013618632122192054,-0.0011924542945228457,0.00151891278543137,0.0003123595523249548,0.0007312704885251708,0.001425298367204001,-0.020674562928605398,0.14399261112715095,-0.020648275832171912,0.14397245913689966,0.0028093487456627504,0.00491507831462805,4.106048892715819e-05,-9.889681543806539e-05,0.002352860196232154,-0.0018037768775651664,-0.0017549569259406692,-0.0014841745798307437,-0.0006105011328778066,-0.000536536638248819,-0.0018051008842676012
iqnils_m2_n400_p12,iqnils,2,400,0.125,12,base,exact initial fields,tutorial,_87ed40d2-20251219 OPENFOAM=2512 version=2512,16.198958333333334,5064.18,6-7,-0.003786105812568885,-0.002517826390112332,0.018239214583344987,0.002195390331087621,-0.0006878839607024343,0.0013621130697976103,-0.001192652099102085,0.001518699612261365,0.0003122447016401093,0.0007314187450651044,0.0014251820156604162,-0.020674403696780513,0.14399265072910447,-0.02064811658962822,0.1439724582210262,0.0028093631521386797,0.004915086450291489,4.1066850637427876e-05,-9.917181584140344e-05,0.002352103241044068,-0.0018033885256687476,-0.0017574589867584295,-0.0014849559968724835,-0.0006121162077673744,-0.0005353810271003789,-0.0018064268780465357
iqnils_m2_n400_p12,iqnils,2,400,0.125,12,base,exact initial fields,tutorial,_87ed40d2-20251219 OPENFOAM=2512 version=2512,16.198958333333334,5064.18,7-8,-0.003784223417631405,-0.002516035842530684,0.018236744953493922,0.0021954205980792008,-0.0006879544936269849,0.0013619849340913426,-0.0011927036296833409,0.0015188933175216413,0.0003123265196664109,0.0007314594493008642,0.001425118992223983,-0.020674440808725488,0.14399262176623231,-0.02064815560525565,0.14397244023736797,0.0028093686084001415,0.004915093479286148,4.119176618888609e-05,-9.897069442621476e-05,0.0023523571291022005,-0.001803370589146036,-0.001756798639306745,-0.001484791816474651,-0.0006118284304298219,-0.0005356731768104694,-0.0018059168327829542
iqnils_m2_n400_p12,iqnils,2,400,0.125,12,base,exact initial fields,tutorial,_87ed40d2-20251219 OPENFOAM=2512 version=2512,16.198958333333334,5064.18,8-9,-0.00378506284273461,-0.002516875047180789,0.018239068116287616,0.0021954471542040555,-0.0006880482986889796,0.0013619365965329422,-0.0011928359681716082,0.0015189674951741061,0.0003123418249869269,0.000731467262893748,0.00142506330604237,-0.020674423414875073,0.14399261999769514,-0.020648138206835993,0.1439724343710665,0.002809376372028261,0.004915089633767156,4.123251387189164e-05,-9.895841350415768e-05,0.0023523578059645445,-0.0018033641920970345,-0.0017570985837880057,-0.0014849429335180853,-0.000612059634957602,-0.0005356104380003224,-0.0018060587110394935
iqnils_m2_n400_p12,iqnils,2,400,0.125,12,base,exact initial fields,tutorial,_87ed40d2-20251219 OPENFOAM=2512 version=2512,16.198958333333334,5064.18,9-10,-0.003785106339570077,-0.0025169628763834773,0.01824009648482594,0.0021954725908852613,-0.0006881477424762801,0.0013618635549483837,-0.001192944883233147,0.0015190813031313866,0.00031236244150592275,0.0007314667985818257,0.0014250079295541156,-0.020674421594475228,0.14399260907970848,-0.020648137305294932,0.14397242371995095,0.0028093835795981806,0.004915084989538507,4.130649716982404e-05,-9.88825977640273e-05,0.0023523778377025906,-0.0018033210923417142,-0.0017571122327895144,-0.0014849733270098087,-0.0006121450212324166,-0.0005356343340574554,-0.0018060043341527592
iqnils_m2_n400_p12_fluxConsistent,iqnils,2,400,0.125,12,fluxConsistent,exact initial fields,tutorial,_87ed40d2-20251219 OPENFOAM=2512 version=2512,15.647708333333334,4547.93,10-11,-0.0019179306353708236,-0.0001857766513330139,0.01810518922919857,0.002330171357288524,-0.0007181591288058659,0.0013794364645223212,-0.0012770100687010864,0.0016275154304445927,0.0004173488796612549,0.001000615301469887,0.0013998076356583386,-0.020722739134762337,0.1440760850975227,-0.020686837489922526,0.14406073236353795,0.0029572818019528513,0.004951676558845959,-0.0005717147603154782,-0.0006782137437501001,0.00303367321513881,-0.0025889683692159604,-0.0014001321393441945,-0.0017954880774497806,7.37095132800483e-05,-0.0012999783327809489,-0.002037965105863448
iqnils_m2_n400_p12_fluxConsistent,iqnils,2,400,0.125,12,fluxConsistent,exact initial fields,tutorial,_87ed40d2-20251219 OPENFOAM=2512 version=2512,15.647708333333334,4547.93,11-12,-0.0019182757133224815,-0.00018611732872153564,0.018105965261968615,0.0023303032774240062,-0.0007184057389405837,0.0013792321312748879,-0.0012773569987233953,0.001627819849964851,0.00041742797821328154,0.0010009620781934458,0.001399723974073107,-0.0207227320736819,0.1440760679395367,-0.020686830337633424,0.14406071480545019,0.0029572898171933695,0.004951657735277587,-0.0005715929502191353,-0.0006780947347470034,0.0030338798931870414,-0.0025890285620743247,-0.001400163781381206,-0.001795637361508562,7.35639549656062e-05,-0.0012999824994893716,-0.002037875018397624
iqnils_m2_n400_p12_fluxConsistent,iqnils,2,400,0.125,12,fluxConsistent,exact initial fields,tutorial,_87ed40d2-20251219 OPENFOAM=2512 version=2512,15.647708333333334,4547.93,2-3,-0.002173794666776585,-0.0004499237550676938,0.018591250042842455,0.002325122785708844,-0.0007210284547395502,0.001388628450126994,-0.001276596897359171,0.0016145863898113788,0.0004018169240320891,0.0009757444639297841,0.0014130480628525507,-0.02071726426613568,0.14407771950225565,-0.020681534301137082,0.14406097747372226,0.0029575157372928517,0.0049501967011850515,-0.000573415221158502,-0.000689549960500524,0.002947959222055818,-0.0025576543714651567,-0.0014808430610419821,-0.0018027229976314008,2.1411333894415885e-05,-0.0012485629668366194,-0.0020829671874427786
iqnils_m2_n400_p12_fluxConsistent,iqnils,2,400,0.125,12,fluxConsistent,exact initial fields,tutorial,_87ed40d2-20251219 OPENFOAM=2512 version=2512,15.647708333333334,4547.93,3-4,-0.0018362462225672838,-0.00010345348375573327,0.017972062116461407,0.0023283455224303307,-0.0007180249069415391,0.0013766862135538016,-0.0012739143356584974,0.001628231269286573,0.0004178999431459315,0.000992866764567557,0.0014030972133530404,-0.020724445413275495,0.14407578568938345,-0.020688530529227603,0.14406086056970696,0.002957139887253093,0.004951682264346893,-0.0005726041960105732,-0.0006761370236745279,0.0030375788884589028,-0.002594029212690585,-0.0013746236849038022,-0.0017881093640622625,9.090205896211369e-05,-0.001313133931046151,-0.0020249773089792084
iqnils_m2_n400_p12_fluxConsistent,iqnils,2,400,0.125,12,fluxConsistent,exact initial fields,tutorial,_87ed40d2-20251219 OPENFOAM=2512 version=2512,15.647708333333334,4547.93,4-5,-0.0019383119136031635,-0.00020583608877544624,0.018141869180598125,0.0023291322949565707,-0.0007170411724387432,0.0013812009919296209,-0.0012755059581641356,0.001624690055284983,0.0004159756126291374,0.0009972654066039421,0.0014009337727136557,-0.020722323371033833,0.14407638842111797,-0.020686415055532037,0.14406091377613342,0.0029572549768755838,0.004951707208316889,-0.0005729733173692741,-0.0006803176129569488,0.003028246478530505,-0.002587946120414797,-0.0014076395456562784,-0.0017966648294892584,7.019911412329864e-05,-0.001296615055992545,-0.0020435208648878493
iqnils_m2_n400_p12_fluxConsistent,iqnils,2,400,0.125,12,fluxConsistent,exact initial fields,tutorial,_87ed40d2-20251219 OPENFOAM=2512 version=2512,15.647708333333334,4547.93,5-6,-0.0019094523072444858,-0.0001775914571424675,0.018090514076544162,0.0023294534283149204,-0.0007170184125326502,0.0013801847571763837,-0.0012751120519290645,0.001626290382834128,0.00041698438477160213,0.0009985782120363051,0.0014003541757915898,-0.02072290878592354,0.14407610390508221,-0.020687013216750528,0.1440607900504739,0.0029572355901117,0.004951762940357917,-0.0005721149660581348,-0.0006783441942790347,0.0030327111670200857,-0.0025885541346657437,-0.0013976152729785734,-0.0017938334700294822,7.570946750646216e-05,-0.001300794251526849,-0.002036890006002389
iqnils_m2_n400_p12_fluxConsistent,iqnils,2,400,0.125,12,fluxConsistent,exact initial fields,tutorial,_87ed40d2-20251219 OPENFOAM=2512 version=2512,15.647708333333334,4547.93,6-7,-0.0019183554023547433,-0.00018611527295442354,0.0181052534856061,0.002329627876136886,-0.0007171933782834402,0.0013802891587866295,-0.001275686199607859,0.0016262043166950235,0.00041699357420936137,0.0009991528379564851,0.0014001701305019088,-0.020722732116290943,0.14407617474093007,-0.020686828685951553,0.14406081352010647,0.0029572509314815,0.0049517442518367885,-0.0005722777876101537,-0.0006788355162959947,0.00303270089540697,-0.0025888149080217637,-0.001400665962433545,-0.0017951522256131058,7.39597240810967e-05,-0.001299770530198141,-0.0020387997525480703
iqnils_m2_n400_p12_fluxConsistent,iqnils,2,400,0.125,12,fluxConsistent,exact initial fields,tutorial,_87ed40d2-20251219 OPENFOAM=2512 version=2512,15.647708333333334,4547.93,7-8,-0.0019163104877787385,-0.00018422235850379387,0.01810193687881778,0.0023297717952739383,-0.0007174239042351449,0.0013800328412743035,-0.0012759460621048293,0.001626633247027609,0.00041710720208568256,0.0009995574893617576,0.0014000641598441877,-0.020722771349952006,0.14407612816571796,-0.02068687107005684,0.1440607798872555,0.0029572572682943785,0.0049517323899845155,-0.0005720444582913986,-0.0006785124676703669,0.0030330163223390993,-0.0025887242713821257,-0.001399814839739,-0.0017949286492217054,7.424680838170723e-05,-0.0013000106283769242,-0.0020380685967720533
iqnils_m2_n400_p12_fluxConsistent,iqnils,2,400,0.125,12,fluxConsistent,exact initial fields,tutorial,_87ed40d2-20251219 OPENFOAM=2512 version=2512,15.647708333333334,4547.93,8-9,-0.0019173492529618308,-0.00018519463245070256,0.018103820551254035,0.0023299065793780382,-0.0007176666745639696,0.001379846837815668,-0.0012763206702803953,0.001626900304333212,0.000417189704823209,0.0009999178048403223,0.0013999761753663408,-0.02072275119802888,0.14407612088686036,-0.020686849539997148,0.1440607683440231,0.0029572657556568216,0.004951713868685232,-0.0005719643766057825,-0.0006784619810333847,0.00303325848945879,-0.002588859157662049,-0.0014001102583565265,-0.0017952093731495866,7.398153167578999e-05,-0.001299961711049069,-0.0020381766849198804
iqnils_m2_n400_p12_fluxConsistent,iqnils,2,400,0.125,12,fluxConsistent,exact initial fields,tutorial,_87ed40d2-20251219 OPENFOAM=2512 version=2512,15.647708333333334,4547.93,9-10,-0.001917520728236588,-0.00018538039869842038,0.018104311902626513,0.002330039284238916,-0.0007179126380830391,0.0013796398360130802,-0.0012766595415759589,0.0016272151293166282,0.00041726850547842105,0.0010002679036789086,0.00139989146274972,-0.020722747347728093,0.1440761010487276,-0.020686845985899493,0.1440607490822941,0.0029572737247325746,0.004951695430914238,-0.0005718307474799067,-0.0006783243824086682,0.00303345737309213,-0.002588894832351807,-0.0014000737911611613,-0.0017953224942671708,7.386520524636947e-05,-0.0012999757544824853,-0.002038032784263151
iqnils_m2_n400_p6_fluidOnly_transpiration,iqnils,2,400,0.125,6,fluidOnly_transpiration,exact initial fields,tutorial,_87ed40d2-20251219 OPENFOAM=2512 version=2512,nan,67.35,2-3,-0.0027406679551310598,-0.002609126753137292,0.008108526843318753,,,,,,,0.0013264600558633433,0.0016062345985368594,-0.02067251135162109,0.14376851989010125,-0.020669784951105143,0.14375809970129605,0.002926453945877495,0.004967412745206603,0.0015322337706569211,0.0014596437837923748,0.001621166327595347,,,,,,
iqnils_m2_n400_p6_fluidOnly_transpiration,iqnils,2,400,0.125,6,fluidOnly_transpiration,exact initial fields,tutorial,_87ed40d2-20251219 OPENFOAM=2512 version=2512,nan,67.35,3-4,-0.0027407256760307863,-0.0026091528215490545,0.008108546361085711,,,,,,,0.001326396001623431,0.0016062782178633765,-0.020672510811311818,0.14376852336983986,-0.02066978375474774,0.14375810277798284,0.002926453822518224,0.004967419079615166,0.0015322123360321793,0.001459619544704971,0.001621105742051876,,,,,,
iqnils_m2_n400_p6_fluidOnly_transpiration,iqnils,2,400,0.125,6,fluidOnly_transpiration,exact initial fields,tutorial,_87ed40d2-20251219 OPENFOAM=2512 version=2512,nan,67.35,4-5,-0.0027407249755836416,-0.0026091521388428296,0.00810856632026602,,,,,,,0.0013263765831623697,0.0016062875994423667,-0.02067251082546199,0.14376852336131637,-0.02066978376926562,0.14375810277051376,0.002926453822519102,0.004967418784298229,0.0015322123880676664,0.0014596196040776999,0.0016210822911393308,,,,,,
iqnils_m2_n400_p6_fluidOnly_transpiration,iqnils,2,400,0.125,6,fluidOnly_transpiration,exact initial fields,tutorial,_87ed40d2-20251219 OPENFOAM=2512 version=2512,nan,67.35,5-6,-0.0027407247885896657,-0.0026091519676036956,0.008108571032202416,,,,,,,0.001326372009783583,0.0016062898073266089,-0.02067251082901119,0.14376852335828622,-0.020669783773141367,0.14375810276793355,0.002926453822519001,0.004967418718041251,0.0015322124060435094,0.001459619625185038,0.001621076762829965,,,,,,
iqnils_m2_n400_p6_fluidOnly_transpiration_endsDirichletU,iqnils,2,400,0.125,6,fluidOnly_transpiration_endsDirichletU,exact initial fields,tutorial,_87ed40d2-20251219 OPENFOAM=2512 version=2512,nan,67.31,2-3,-10.325088915115293,-5.994220736620175,-0.0014269575480782004,,,,,,,0.0008318025948508279,-0.0002502366584083806,0.1035131638353467,0.0676732586726909,0.19327729140437397,0.07363155526362129,1.0013562145081047,0.0047594737739931085,0.9553895093072737,1.1275519095782123,0.0001857279169639181,,,,,,
iqnils_m2_n400_p6_fluidOnly_transpiration_endsDirichletU,iqnils,2,400,0.125,6,fluidOnly_transpiration_endsDirichletU,exact initial fields,tutorial,_87ed40d2-20251219 OPENFOAM=2512 version=2512,nan,67.31,3-4,-10.310854610649239,-5.9515311234118045,-0.0014083748698971998,,,,,,,0.0007958884186505255,-0.00021676319380581897,0.10262835374000916,0.06724238524088474,0.19298226281673608,0.07271268375423455,1.0091831604105277,0.004735688425489756,0.9800998021624945,1.1411847631621796,0.0001095771847503535,,,,,,
iqnils_m2_n400_p6_fluidOnly_transpiration_endsDirichletU,iqnils,2,400,0.125,6,fluidOnly_transpiration_endsDirichletU,exact initial fields,tutorial,_87ed40d2-20251219 OPENFOAM=2512 version=2512,nan,67.31,4-5,-10.262306406126157,-5.97839383111651,-0.0012698675863730413,,,,,,,0.0007912219171162249,-0.0002554719974736452,0.10318512605952422,0.06667820791753219,0.19197602410328454,0.07881947379907896,1.0155094480850868,0.00477337868842872,0.826685256532965,1.1593017450999392,0.00029190713600657503,,,,,,
iqnils_m2_n400_p6_fluidOnly_transpiration_endsDirichletU,iqnils,2,400,0.125,6,fluidOnly_transpiration_endsDirichletU,exact initial fields,tutorial,_87ed40d2-20251219 OPENFOAM=2512 version=2512,nan,67.31,5-6,-10.208947837618524,-6.114224210223726,-0.0013567948176766986,,,,,,,0.000788184608613296,-0.0002621088262180894,0.10600042658944385,0.06780160983692618,0.19087008294945237,0.08554693540941435,1.010394529708663,0.004789903776254513,0.6830336472885408,1.1235243685622671,0.0005828431532182154,,,,,,
iqnils_m2_n400_p6_fluidOnly_transpiration_endsFixedGradient,iqnils,2,400,0.125,6,fluidOnly_transpiration_endsFixedGradient,exact initial fields,tutorial,_87ed40d2-20251219 OPENFOAM=2512 version=2512,nan,60.99,2-3,-0.003699188965279765,-0.002416203727715671,0.030493990784660863,,,,,,,0.001816830975397199,0.003961443643254872,-0.02067650998800327,0.14405497357128885,-0.020649918079455754,0.1440434192744074,0.003958092873028018,0.005155500738277542,-0.00045158993219684973,-0.0005317612639530456,-0.002229397640607922,,,,,,
iqnils_m2_n400_p6_fluidOnly_transpiration_endsFixedGradient,iqnils,2,400,0.125,6,fluidOnly_transpiration_endsFixedGradient,exact initial fields,tutorial,_87ed40d2-20251219 OPENFOAM=2512 version=2512,nan,60.99,3-4,-0.0036986000487598814,-0.002416059906486967,0.03044268774569492,,,,,,,0.00186476480293285,0.003938196216681094,-0.02067651296892686,0.14405481940186624,-0.0206499302856868,0.14404326234184317,0.003957116365998999,0.005156140850701595,-0.0004505009420385786,-0.0005306916194807165,-0.002171750274400197,,,,,,
iqnils_m2_n400_p6_fluidOnly_transpiration_endsFixedGradient,iqnils,2,400,0.125,6,fluidOnly_transpiration_endsFixedGradient,exact initial fields,tutorial,_87ed40d2-20251219 OPENFOAM=2512 version=2512,nan,60.99,4-5,-0.00369845069153818,-0.00241600397272812,0.030430590844880312,,,,,,,0.0018760496816327965,0.0039327207503215625,-0.020676514128242927,0.14405478688313528,-0.020649933381352646,0.14404322943596018,0.003956896005806799,0.005156289195182685,-0.0004502726004568247,-0.0005304660006433259,-0.002158178762817209,,,,,,
iqnils_m2_n400_p6_fluidOnly_transpiration_endsFixedGradient,iqnils,2,400,0.125,6,fluidOnly_transpiration_endsFixedGradient,exact initial fields,tutorial,_87ed40d2-20251219 OPENFOAM=2512 version=2512,nan,60.99,5-6,-0.0036984116044408433,-0.0024159868531188344,0.030427741662920615,,,,,,,0.0018787076978568074,0.0039314311532243915,-0.020676514483074043,0.1440547793604826,-0.020649934191494874,0.1440432218829658,0.003956844601415798,0.005156324160041166,-0.0004502201884559742,-0.0005304138075665765,-0.0021549821104263067,,,,,,
iqnils_m2_n400_p6_fluidOnly_transpiration_fluxConsistent,iqnils,2,400,0.125,6,fluidOnly_transpiration_fluxConsistent,exact initial fields,tutorial,_87ed40d2-20251219 OPENFOAM=2512 version=2512,nan,66.49,2-3,-0.0011649036794376677,-0.00037140120707512825,0.009073855493335836,,,,,,,0.0015813308904395473,0.00162693029477332,-0.020718891770766287,0.1439961230175462,-0.02070244517063443,0.14398884628870354,0.0029561621868156025,0.004983642946015898,-7.27526645964982e-05,-0.00012328318784093906,0.001848526247898885,,,,,,
iqnils_m2_n400_p6_fluidOnly_transpiration_fluxConsistent,iqnils,2,400,0.125,6,fluidOnly_transpiration_fluxConsistent,exact initial fields,tutorial,_87ed40d2-20251219 OPENFOAM=2512 version=2512,nan,66.49,3-4,-0.0011649518459869723,-0.0003714124348876968,0.00906961100196213,,,,,,,0.0015853641593335244,0.0016249957342555326,-0.020718891538052023,0.14399612675789383,-0.020702444172306128,0.1439888496806416,0.002956162097971009,0.004983711693805728,-7.277621983226013e-05,-0.00012330915997371683,0.0018534185444281093,,,,,,
iqnils_m2_n400_p6_fluidOnly_transpiration_fluxConsistent,iqnils,2,400,0.125,6,fluidOnly_transpiration_fluxConsistent,exact initial fields,tutorial,_87ed40d2-20251219 OPENFOAM=2512 version=2512,nan,66.49,4-5,-0.0011649513742354456,-0.00037141058342948785,0.009068623393915454,,,,,,,0.00158630930894188,0.0016245393537477795,-0.020718891576426438,0.14399612681919385,-0.020702444182083928,0.14398884974713694,0.002956162103273837,0.004983725943530278,-7.27766816075448e-05,-0.00012330958562722927,0.0018545610867641837,,,,,,
iqnils_m2_n400_p6_fluidOnly_transpiration_fluxConsistent,iqnils,2,400,0.125,6,fluidOnly_transpiration_fluxConsistent,exact initial fields,tutorial,_87ed40d2-20251219 OPENFOAM=2512 version=2512,nan,66.49,5-6,-0.0011649512217343228,-0.00037141011358821086,0.009068390926946668,,,,,,,0.0015865318871055578,0.0016244318921685237,-0.020718891586164644,0.14399612683410237,-0.020702444185244757,0.143988849762866,0.0029561621032737633,0.004983729297536224,-7.277679083761424e-05,-0.00012330968914864293,0.0018548301295411296,,,,,,
iqnils_m2_n400_p6_fluidOnly_transpiration_fluxConsistent2,iqnils,2,400,0.125,6,fluidOnly_transpiration_fluxConsistent2,exact initial fields,tutorial,_87ed40d2-20251219 OPENFOAM=2512 version=2512,nan,69.36,2-3,-0.0011949668929108759,-0.0004587840898768736,0.009076441538122815,,,,,,,0.0015902940923382403,0.0016277435543624594,-0.020717080621611917,0.1439705885573475,-0.020701822062745175,0.14396326203720333,0.0029766462690871804,0.004985581608784522,0.00010494815862549522,5.4053811923138184e-05,0.0018603782486068532,,,,,,
iqnils_m2_n400_p6_fluidOnly_transpiration_fluxConsistent2,iqnils,2,400,0.125,6,fluidOnly_transpiration_fluxConsistent2,exact initial fields,tutorial,_87ed40d2-20251219 OPENFOAM=2512 version=2512,nan,69.36,3-4,-0.001195010119794393,-0.00045878938177135176,0.009071942869509853,,,,,,,0.001594575049847391,0.001625689450397512,-0.02071708051192899,0.14397059248479166,-0.0207018211667993,0.1439632656201695,0.0029766461751519107,0.004985654390448805,0.00010492326795508156,5.402653095987198e-05,0.0018655701014782533,,,,,,
iqnils_m2_n400_p6_fluidOnly_transpiration_fluxConsistent2,iqnils,2,400,0.125,6,fluidOnly_transpiration_fluxConsistent2,exact initial fields,tutorial,_87ed40d2-20251219 OPENFOAM=2512 version=2512,nan,69.36,4-5,-0.0011950089830790045,-0.00045878653677455805,0.009070894662276618,,,,,,,0.00159557852728609,0.0016252049624299028,-0.020717080570896072,0.1439705926054627,-0.020701821190359532,0.14396326574892548,0.002976646180336912,0.0049856695536850855,0.00010492237349435385,5.4025692750148124e-05,0.0018667830354166526,,,,,,
iqnils_m2_n400_p6_fluidOnly_transpiration_fluxConsistent2,iqnils,2,400,0.125,6,fluidOnly_transpiration_fluxConsistent2,exact initial fields,tutorial,_87ed40d2-20251219 OPENFOAM=2512 version=2512,nan,69.36,5-6,-0.001195008667265185,-0.00045878581875713476,0.009070647907658103,,,,,,,0.0015958148163899288,0.0016250908806112214,-0.020717080585778126,0.14397059263436415,-0.020701821196905276,0.14396326578000526,0.0029766461803367988,0.004985673122827876,0.00010492215758484136,5.402549199384765e-05,0.0018670686379844703,,,,,,
iqnils_m2_n50_p12,iqnils,2,50,1.0,12,base,exact initial fields,tutorial,_87ed40d2-20251219 OPENFOAM=2512 version=2512,12.938333333333333,722.14,10-11,-0.019998261467720102,-0.023967149921556352,0.04536608300468892,0.0028071130776259334,-0.00238233438967834,0.002534989076208749,-0.0020027381812122804,0.002036001272354593,-0.0022102255943622228,-0.0020262496369434224,9.210312840132304e-05,-0.020229832369648846,0.14364553710772068,-0.020312093892002822,0.14354894798546483,0.009269788862126807,0.007025994550195828,0.0029914725048525437,0.002317048029787161,-0.010410940489630538,0.0073538445029686095,-0.007944279073903677,0.0023086734752804094,-0.007120624745598316,0.008140883341117178,-0.0030518657740199774
iqnils_m2_n50_p12,iqnils,2,50,1.0,12,base,exact initial fields,tutorial,_87ed40d2-20251219 OPENFOAM=2512 version=2512,12.938333333333333,722.14,11-12,-0.01999801849012417,-0.02396690021499881,0.04536716204523761,0.002807086082996957,-0.0023823715638140413,0.0025349419179996335,-0.002002762318117692,0.0020360059807575936,-0.002210243411041179,-0.002026267952946359,9.205226270762054e-05,-0.020229837545214197,0.1436455343777478,-0.020312098928099747,0.14354894613157482,0.009269722698253078,0.007026131032075384,0.0029914854581756245,0.0023170670787495684,-0.010410849767919839,0.007353779807685701,-0.007944248494060559,0.002308637213597642,-0.007120630540314115,0.008140792369438987,-0.0030518548556859445
iqnils_m2_n50_p12,iqnils,2,50,1.0,12,base,exact initial fields,tutorial,_87ed40d2-20251219 OPENFOAM=2512 version=2512,12.938333333333333,722.14,2-3,-0.01899762616389289,-0.023436654125065903,0.04362559578835645,0.002746418997567668,-0.0023275058892321034,0.0025563505359207372,-0.001819779832862569,0.002113467779461198,-0.002322721690918816,-0.0021723887667213226,0.00011587636382896774,-0.02024082773833438,0.14359047304126016,-0.020332833649335733,0.14350093323466026,0.00935440850081753,0.007192199001152445,0.0033270688283459915,0.002701416514536037,-0.011219290269535387,0.008153743263210833,-0.007287933438982736,0.0029039741482090875,-0.0070778773583925775,0.008398848624849409,-0.0022349513742860668
iqnils_m2_n50_p12,iqnils,2,50,1.0,12,base,exact initial fields,tutorial,_87ed40d2-20251219 OPENFOAM=2512 version=2512,12.938333333333333,722.14,3-4,-0.02022380309531646,-0.024053851350621325,0.045469268205291735,0.0028004115847399813,-0.002362185972199334,0.0025184081571569816,-0.002032721349870927,0.001994240236237621,-0.002162347719594165,-0.002042958147360774,0.00011758211153253218,-0.020228035344706446,0.14365838601386305,-0.020307419183238373,0.14356055798776834,0.009207689180991192,0.007054541067897664,0.0029103587681171827,0.002227400094624077,-0.01020652873876271,0.007102880699233705,-0.008088597992065004,0.0021043149935979777,-0.007120134521369231,0.008039710457115268,-0.003218093662567794
iqnils_m2_n50_p12,iqnils,2,50,1.0,12,base,exact initial fields,tutorial,_87ed40d2-20251219 OPENFOAM=2512 version=2512,12.938333333333333,722.14,4-5,-0.019991707675997672,-0.023999532436405846,0.045385874676257876,0.0028078118379357697,-0.0023815983006151525,0.0025422479779819707,-0.0019918125373419855,0.0020433155171899475,-0.0022230104185405756,-0.00202657660404304,9.913457006663482e-05,-0.020229161190551688,0.14364283115979287,-0.02031222972975451,0.14354636087617842,0.00930198290501963,0.007033062610414414,0.0030095492330737272,0.0023359297081642083,-0.010491356105369887,0.007428731358894325,-0.007917775560891797,0.002358430683914614,-0.00712909114868193,0.00818168983642198,-0.0030073589271282773
iqnils_m2_n50_p12,iqnils,2,50,1.0,12,base,exact initial fields,tutorial,_87ed40d2-20251219 OPENFOAM=2512 version=2512,12.938333333333333,722.14,5-6,-0.01998437790500407,-0.02394276069275636,0.045332092930213674,0.0028074905470110156,-0.0023833017643847265,0.0025325192884537717,-0.0020058246366887584,0.0020350258801018484,-0.0022067248893462435,-0.0020264899465628483,9.306982236349397e-05,-0.02023033787518609,0.14364643123536666,-0.020312381650910132,0.14354989016301883,0.009257072196316926,0.007027139390727537,0.002984889455216022,0.0023108091042882695,-0.010391011807278416,0.007333190524660749,-0.007946749775660237,0.002297652375143011,-0.007114224504701177,0.008128660550378752,-0.0030625802288300366
iqnils_m2_n50_p12,iqnils,2,50,1.0,12,base,exact initial fields,tutorial,_87ed40d2-20251219 OPENFOAM=2512 version=2512,12.938333333333333,722.14,6-7,-0.020005638367967427,-0.023977211254129882,0.04537763168859543,0.0028071562748557266,-0.0023824879820683836,0.002535810722266385,-0.002002137209288076,0.0020362506180224837,-0.0022114516250384335,-0.002026516213095242,9.222215633141775e-05,-0.02022962383253725,0.14364536556168103,-0.020311940994018497,0.1435487420465483,0.009274364231570402,0.0070261524923443475,0.0029929114236071364,0.0023182450299088497,-0.01041747093236689,0.007359627681308156,-0.007944900633021739,0.0023118838207603076,-0.007122717743240364,0.00814492006698253,-0.0030504184721234146
iqnils_m2_n50_p12,iqnils,2,50,1.0,12,base,exact initial fields,tutorial,_87ed40d2-20251219 OPENFOAM=2512 version=2512,12.938333333333333,722.14,7-8,-0.019995143996117237,-0.02396347810501187,0.0453555822219478,0.002807155021549379,-0.002382231151444583,0.0025348488279892667,-0.002002757651721495,0.002036008293980318,-0.0022098674395933417,-0.002026309383249103,9.223346320762602e-05,-0.02022990847388364,0.14364555905133072,-0.020312158506557484,0.14354898660644508,0.009268326829014576,0.007025674238319194,0.002991202656107861,0.0023168949136409545,-0.010409627292363277,0.007352656025914728,-0.007943509691907729,0.0023083153767053943,-0.0071196964903634165,0.00813990275616927,-0.003051823410491185
iqnils_m2_n50_p12,iqnils,2,50,1.0,12,base,exact initial fields,tutorial,_87ed40d2-20251219 OPENFOAM=2512 version=2512,12.938333333333333,722.14,8-9,-0.01999951623414853,-0.023968542527220027,0.04536529333589545,0.0028071569388785633,-0.0023822460075385516,0.0025351341574340047,-0.0020026587743751287,0.002035976504112691,-0.0022102523618061564,-0.0020262350586270905,9.221098387417728e-05,-0.02022980350568271,0.14364553589074422,-0.02031206788497395,0.14354894130087492,0.00927024951708397,0.007025751784255081,0.002991519210781668,0.002317056521497385,-0.010411475225415745,0.007354262131185507,-0.00794449719417174,0.002308834578797825,-0.007120805671569771,0.008141311603348855,-0.0030518631294055103
iqnils_m2_n50_p12,iqnils,2,50,1.0,12,base,exact initial fields,tutorial,_87ed40d2-20251219 OPENFOAM=2512 version=2512,12.938333333333333,722.14,9-10,-0.019997806960471376,-0.023966693944208473,0.04536376474134074,0.0028071394312674247,-0.002382294306232177,0.00253500729624756,-0.002002704347214117,0.0020360200772751025,-0.0022101809978013615,-0.002026232688191465,9.215685900460938e-05,-0.020229841820504225,0.14364553585775391,-0.020312103312388058,0.14354894955415642,0.009269638498554776,0.0070258548938761265,0.002991461544240792,0.0023170567516941354,-0.010410919949555342,0.007353844130465026,-0.007944093921156543,0.0023087452802403874,-0.007120478342106422,0.00814085066392245,-0.0030517564701687877
iqnils_m2_n50_p12_fluxConsistent2,iqnils,2,50,1.0,12,fluxConsistent2,exact initial fields,tutorial,_87ed40d2-20251219 OPENFOAM=2512 version=2512,14.316666666666666,1923.38,10-11,-0.013227781519547621,-0.016144033606390384,0.03832310465218414,0.0032038560692211338,-0.0024561254808076523,0.002534157806137305,-0.0021484577320207126,0.002462215927411693,-0.0019026433973575222,-0.0012057500647185693,0.00012835518452122426,-0.020391978891306752,0.14384723507386868,-0.020452422851630143,0.14377211353166613,0.0070091042275139065,0.006160518328446278,0.0014346118988666223,0.000911631304750804,-0.008720941768489476,0.005499687772876571,-0.006193194373993222,0.0019099848821986232,-0.004871269599447826,0.006013423466753931,-0.0030652827855533614
iqnils_m2_n50_p12_fluxConsistent2,iqnils,2,50,1.0,12,fluxConsistent2,exact initial fields,tutorial,_87ed40d2-20251219 OPENFOAM=2512 version=2512,14.316666666666666,1923.38,11-12,-0.013229681584717712,-0.01614553004640651,0.03834146605922206,0.003203944345394616,-0.002456033667301802,0.0025343594111935097,-0.0021486941302802758,0.0024618609246327416,-0.00190256467523814,-0.0012051803754610235,0.00012834449903707752,-0.0203919478752086,0.14384731058120342,-0.020452383469759052,0.14377217227659284,0.007009684236283938,0.006159971992756123,0.0014342027153511072,0.000911105913144139,-0.008721152052726278,0.005498741408964003,-0.006195229398632984,0.0019089347469170015,-0.004871847517559843,0.0060136521066322945,-0.0030669346422793698
iqnils_m2_n50_p12_fluxConsistent2,iqnils,2,50,1.0,12,fluxConsistent2,exact initial fields,tutorial,_87ed40d2-20251219 OPENFOAM=2512 version=2512,14.316666666666666,1923.38,2-3,-0.012235989305638184,-0.015577384716774834,0.036557305552705976,0.003136527853747184,-0.0023985217697956437,0.0025437841344111423,-0.0019760440777107334,0.0025260501786161793,-0.0020000245761120036,-0.0013704587287536318,0.00015735407678294167,-0.020403723590318112,0.14379535584333034,-0.02047297932186708,0.14372718294112455,0.007033474419888352,0.006352549348185987,0.0017476706229064831,0.0012727453683061274,-0.009459833584648303,0.006206793553009904,-0.0055685910093968925,0.0024393926156518475,-0.0048189214019952725,0.006220328460997848,-0.0022946179396168124
iqnils_m2_n50_p12_fluxConsistent2,iqnils,2,50,1.0,12,fluxConsistent2,exact initial fields,tutorial,_87ed40d2-20251219 OPENFOAM=2512 version=2512,14.316666666666666,1923.38,3-4,-0.013489584926290266,-0.016278726598105364,0.03849334944385374,0.003195722689684599,-0.0024337837278667687,0.0025209741747183045,-0.0021744419478422917,0.0024199045403159314,-0.0018596359916851501,-0.00122554959845933,0.00015671961733587718,-0.020389187164938587,0.14385919434854152,-0.020446996559849308,0.14378267090461533,0.006975306667185725,0.006194415210327533,0.0013610806546942023,0.0008284237129370098,-0.008549832825568426,0.0052755758488718385,-0.0063409673591824905,0.0017170989258539215,-0.0048822271379706916,0.005931802641795159,-0.003220757934655907
iqnils_m2_n50_p12_fluxConsistent2,iqnils,2,50,1.0,12,fluxConsistent2,exact initial fields,tutorial,_87ed40d2-20251219 OPENFOAM=2512 version=2512,14.316666666666666,1923.38,4-5,-0.01321243884905643,-0.01616486623391178,0.038332598947877106,0.0032046096486282316,-0.002455036361728354,0.0025406231004354574,-0.0021381192801621703,0.00246919768494247,-0.0019140588495759248,-0.0012054372514479494,0.00013648251062005034,-0.02039154710198476,0.14384483327150763,-0.020452740852865567,0.143769864388441,0.00703473134381468,0.006167970036787718,0.0014502783939442931,0.0009283437014673268,-0.008797250187916439,0.005568678951660466,-0.006166259773996449,0.0019562378549067283,-0.004877342907963165,0.006050559691371582,-0.0030224862549938095
iqnils_m2_n50_p12_fluxConsistent2,iqnils,2,50,1.0,12,fluxConsistent2,exact initial fields,tutorial,_87ed40d2-20251219 OPENFOAM=2512 version=2512,14.316666666666666,1923.38,5-6,-0.013228369334017054,-0.01613468942423646,0.038328631224577636,0.0032043180193384035,-0.0024573637545333466,0.0025323683644769,-0.002151927505056937,0.0024607675263759177,-0.001899888993992343,-0.0012055800912630366,0.0001292798574106617,-0.020392172564335884,0.14384821807633794,-0.020452410668240845,0.1437730627678364,0.007001933223849525,0.006161764494803482,0.0014280001042961121,0.0009047914660773593,-0.008704709426635038,0.005480869897361851,-0.006200865012571985,0.0018983481299383875,-0.004868274839500613,0.006004450257629301,-0.003078969193003274
iqnils_m2_n50_p12_fluxConsistent2,iqnils,2,50,1.0,12,fluxConsistent2,exact initial fields,tutorial,_87ed40d2-20251219 OPENFOAM=2512 version=2512,14.316666666666666,1923.38,6-7,-0.013240372126755329,-0.016159825968875996,0.038358420961847495,0.0032040123909358176,-0.00245630535824474,0.0025353915578696373,-0.002148040366124386,0.0024622570976515767,-0.0019042140311168031,-0.0012052859565566676,0.00012836190969994578,-0.02039165156948989,0.14384709923285383,-0.02045216189128109,0.14377190472143425,0.007016148441223469,0.006160099571443277,0.0014360663540602392,0.0009125765087381055,-0.008729878643621292,0.005506524714615768,-0.006196305028529463,0.0019128572672446609,-0.0048750695449445575,0.006019199883793291,-0.0030650185065039886
iqnils_m2_n50_p12_fluxConsistent2,iqnils,2,50,1.0,12,fluxConsistent2,exact initial fields,tutorial,_87ed40d2-20251219 OPENFOAM=2512 version=2512,14.316666666666666,1923.38,7-8,-0.013229065629148828,-0.01614517413809824,0.03833051640616514,0.003204070360451672,-0.002456148515033731,0.002534426124393807,-0.002148652114819784,0.002462082385892961,-0.0019026643419699776,-0.0012047616855918042,0.0001282175398905136,-0.02039195525197406,0.1438472991850769,-0.020452396236417373,0.14377215641057284,0.007010223212541154,0.006159407539874074,0.0014343132289267313,0.0009111852091037154,-0.008722374618533424,0.005499870106201454,-0.006194956965242817,0.0019097985101359516,-0.00487199688929199,0.006014402294233445,-0.003066584010543366
iqnils_m2_n50_p12_fluxConsistent2,iqnils,2,50,1.0,12,fluxConsistent2,exact initial fields,tutorial,_87ed40d2-20251219 OPENFOAM=2512 version=2512,14.316666666666666,1923.38,8-9,-0.013232248417242243,-0.01614984907587569,0.038330590993061575,0.003204008563540972,-0.0024562910408095482,0.0025346434447819366,-0.0021483565682057612,0.0024622989609368595,-0.0019032351230832193,-0.0012050656060054177,0.0001282206609154366,-0.020391858356457102,0.14384719203422902,-0.020452330268074612,0.14377203945799502,0.007012196755115866,0.0061597334416034375,0.0014351278541131496,0.0009119307814060562,-0.008724984487932796,0.005502730064874228,-0.00619465730958216,0.001911522500536167,-0.004872806715881567,0.0060160542786904525,-0.003065431647151909
iqnils_m2_n50_p12_fluxConsistent2,iqnils,2,50,1.0,12,fluxConsistent2,exact initial fields,tutorial,_87ed40d2-20251219 OPENFOAM=2512 version=2512,14.316666666666666,1923.38,9-10,-0.013227997582254236,-0.01614575393548634,0.03831645275575224,0.0032039301387589703,-0.002456184017940633,0.0025344021546056528,-0.002148095817066375,0.0024626172702710836,-0.0019031305523931417,-0.0012055363132037478,0.00012841965453135195,-0.020391943234751516,0.14384714037467794,-0.020452418373387085,0.14377201874777312,0.007010576061195402,0.006160130455105878,0.0014352721098862542,0.0009122902370120034,-0.008723989484939021,0.0055028382559207945,-0.006192030293043501,0.0019119881957068152,-0.004871708227481664,0.0060151234018706035,-0.0030635010984230737
iqnils_m2_n50_p6_fluidOnly_transpiration,iqnils,2,50,1.0,6,fluidOnly_transpiration,exact initial fields,tutorial,_87ed40d2-20251219 OPENFOAM=2512 version=2512,nan,9.39,2-3,-0.007514186865156591,-0.008879329835834615,0.008075012930138348,,,,,,,-0.0026999386640718104,0.0009620671797565004,-0.02054255142529645,0.1435856132924269,-0.02057084618346489,0.14356453797394866,0.0034297414435980446,0.00768509841202728,0.0028825554580218515,0.0027353535986720523,-0.0020302201794968333,,,,,,
iqnils_m2_n50_p6_fluidOnly_transpiration,iqnils,2,50,1.0,6,fluidOnly_transpiration,exact initial fields,tutorial,_87ed40d2-20251219 OPENFOAM=2512 version=2512,nan,9.39,3-4,-0.00751435889216967,-0.008879452990187553,0.00804183058058694,,,,,,,-0.0026683586408263738,0.0009446076909263148,-0.020542548872726715,0.14358561730859795,-0.02057084261793158,0.14356454195111246,0.003429668459625323,0.007623704655767545,0.0028825276751993645,0.0027353255515960573,-0.0019905066473515642,,,,,,
iqnils_m2_n50_p6_fluidOnly_transpiration,iqnils,2,50,1.0,6,fluidOnly_transpiration,exact initial fields,tutorial,_87ed40d2-20251219 OPENFOAM=2512 version=2512,nan,9.39,4-5,-0.007514353138567076,-0.00887943620005116,0.008034000839627353,,,,,,,-0.002660939388647976,0.0009404966697875151,-0.02054254922072898,0.14358561796581568,-0.02057084273718414,0.1435645426635169,0.003429657531780907,0.007609259517694171,0.002882522698636425,0.002735320961892551,-0.001981171214622157,,,,,,
iqnils_m2_n50_p6_fluidOnly_transpiration,iqnils,2,50,1.0,6,fluidOnly_transpiration,exact initial fields,tutorial,_87ed40d2-20251219 OPENFOAM=2512 version=2512,nan,9.39,5-6,-0.007514351706431555,-0.008879432186051583,0.008032158091645147,,,,,,,-0.002659193198580323,0.0009395291062594241,-0.020542549303925503,0.14358561811739934,-0.020570842766867426,0.14356454282839762,0.0034296549712206285,0.0076058599818834526,0.0028825215468479826,0.0027353199033024467,-0.0019789740287142754,,,,,,
iqnils_m2_n50_p6_fluidOnly_transpiration_endsDirichletU,iqnils,2,50,1.0,6,fluidOnly_transpiration_endsDirichletU,exact initial fields,tutorial,_87ed40d2-20251219 OPENFOAM=2512 version=2512,nan,9.56,2-3,-10.41962451007999,-6.032482117678602,-0.0016897797382530166,,,,,,,0.000749653112029236,-0.00020352667527776314,0.10430619178003218,0.06692961645295967,0.19523669188863751,0.07446297797456936,1.005626075323626,0.004547449810971193,0.9335564415062132,1.1511907335918559,0.00010103938819616687,,,,,,
iqnils_m2_n50_p6_fluidOnly_transpiration_endsDirichletU,iqnils,2,50,1.0,6,fluidOnly_transpiration_endsDirichletU,exact initial fields,tutorial,_87ed40d2-20251219 OPENFOAM=2512 version=2512,nan,9.56,3-4,-10.41871387942187,-6.032301254753423,-0.0015541164896651916,,,,,,,0.000824835918798339,-0.00024135185649025394,0.1043024431083989,0.06691199103750523,0.1952178176206629,0.07453099800843438,1.0057963230558584,0.004545966133932047,0.9317917988991693,1.151757382854767,0.0002922591042109346,,,,,,
iqnils_m2_n50_p6_fluidOnly_transpiration_endsDirichletU,iqnils,2,50,1.0,6,fluidOnly_transpiration_endsDirichletU,exact initial fields,tutorial,_87ed40d2-20251219 OPENFOAM=2512 version=2512,nan,9.56,4-5,-10.421719752676116,-6.0326684377948085,-0.0015328015230566816,,,,,,,0.00072313754462483,-0.00019868641993915336,0.10431005356062456,0.06691697432874757,0.1952801191221471,0.07443503721047659,1.005539568247717,0.004543941218090827,0.934282242774229,1.1515971419916795,0.0002733180665888124,,,,,,
iqnils_m2_n50_p6_fluidOnly_transpiration_endsDirichletU,iqnils,2,50,1.0,6,fluidOnly_transpiration_endsDirichletU,exact initial fields,tutorial,_87ed40d2-20251219 OPENFOAM=2512 version=2512,nan,9.56,5-6,-10.422264338920295,-6.032647475938097,-0.0015476622549599472,,,,,,,0.0007310936430604542,-0.00020318668955897177,0.10430961909282219,0.06692722877191952,0.19529140653775987,0.07440508261380702,1.0057090030921747,0.004553261619702869,0.9350609616787986,1.1512674789976134,6.76718427778944e-05,,,,,,
iqnils_m2_n50_p6_fluidOnly_transpiration_endsFixedGradient,iqnils,2,50,1.0,6,fluidOnly_transpiration_endsFixedGradient,exact initial fields,tutorial,_87ed40d2-20251219 OPENFOAM=2512 version=2512,nan,8.59,2-3,-0.0029287019161402528,-0.0028023697555772387,0.012844416882645593,,,,,,,-0.001969152303382904,0.002010966510480571,-0.020668506083206556,0.14396427400491862,-0.02066588764835482,0.14395128939158047,0.0033229502222372337,0.006908038207967583,0.0001881283939715317,9.79181233862203e-05,-0.0035910839802408834,,,,,,
iqnils_m2_n50_p6_fluidOnly_transpiration_endsFixedGradient,iqnils,2,50,1.0,6,fluidOnly_transpiration_endsFixedGradient,exact initial fields,tutorial,_87ed40d2-20251219 OPENFOAM=2512 version=2512,nan,8.59,3-4,-0.0029285547856913174,-0.0028021271606167852,0.012784698611269407,,,,,,,-0.0019138675746421807,0.0019803339833592967,-0.020668511111372752,0.14396428518078008,-0.02066589069786726,0.14395130122496433,0.0033229439172683724,0.006808480788068629,0.00018804617442969018,9.784048638228349e-05,-0.0035217744381862426,,,,,,
iqnils_m2_n50_p6_fluidOnly_transpiration_endsFixedGradient,iqnils,2,50,1.0,6,fluidOnly_transpiration_endsFixedGradient,exact initial fields,tutorial,_87ed40d2-20251219 OPENFOAM=2512 version=2512,nan,8.59,4-5,-0.0029285227389592716,-0.002802066953412341,0.012770576985510429,,,,,,,-0.0019008715308233004,0.0019731243571692023,-0.020668512359262772,0.14396428859996904,-0.020665891362086724,0.14395130480005594,0.0033229426469605678,0.006785030442762323,0.0001880213343359305,9.781673380082623e-05,-0.003505478052168054,,,,,,
iqnils_m2_n50_p6_fluidOnly_transpiration_endsFixedGradient,iqnils,2,50,1.0,6,fluidOnly_transpiration_endsFixedGradient,exact initial fields,tutorial,_87ed40d2-20251219 OPENFOAM=2512 version=2512,nan,8.59,5-6,-0.002928515252348829,-0.0028020527294948527,0.01276725383256938,,,,,,,-0.0018978133384492946,0.0019714278049731393,-0.020668512654076075,0.1439642894696251,-0.020665891517258627,0.14395130570739814,0.0033229423387124532,0.006779514831419877,0.00018801503003196274,9.781069243364193e-05,-0.0035016432981128665,,,,,,
iqnils_m2_n50_p6_fluidOnly_transpiration_fluxConsistent,iqnils,2,50,1.0,6,fluidOnly_transpiration_fluxConsistent,exact initial fields,tutorial,_87ed40d2-20251219 OPENFOAM=2512 version=2512,nan,9.73,2-3,-0.021018956780609943,-0.028353785185867397,0.06945646878712552,,,,,,,-0.002778989193908621,-0.0001893581523479642,-0.02013891238057607,0.1426445408108186,-0.02029093835909367,0.14261961383783908,0.022559807176200732,0.005810118688976489,0.009527138954181336,0.009350725222735612,-0.0029403129579510523,,,,,,
iqnils_m2_n50_p6_fluidOnly_transpiration_fluxConsistent,iqnils,2,50,1.0,6,fluidOnly_transpiration_fluxConsistent,exact initial fields,tutorial,_87ed40d2-20251219 OPENFOAM=2512 version=2512,nan,9.73,3-4,-0.021026086762475527,-0.028361935160525653,0.07001197608807885,,,,,,,-0.003324523789713263,0.0001121160643540785,-0.02013874345939566,0.142644419748817,-0.02029079057888532,0.1426194796865373,0.022560114615696313,0.0067837052787750865,0.009528088539610957,0.009351581856449798,-0.003627737188098057,,,,,,
iqnils_m2_n50_p6_fluidOnly_transpiration_fluxConsistent,iqnils,2,50,1.0,6,fluidOnly_transpiration_fluxConsistent,exact initial fields,tutorial,_87ed40d2-20251219 OPENFOAM=2512 version=2512,nan,9.73,4-5,-0.021026373854158287,-0.02836250579336108,0.07014391749359383,,,,,,,-0.0034530029850957655,0.00018315018984556,-0.020138731632123038,0.14264438624751616,-0.02029078462845382,0.14261944595492368,0.02256045623435102,0.007022349469238061,0.009528327307972262,0.00935181891163217,-0.0037894930856989806,,,,,,
iqnils_m2_n50_p6_fluidOnly_transpiration_fluxConsistent,iqnils,2,50,1.0,6,fluidOnly_transpiration_fluxConsistent,exact initial fields,tutorial,_87ed40d2-20251219 OPENFOAM=2512 version=2512,nan,9.73,5-6,-0.02102641115543369,-0.028362603381075546,0.07017498512985054,,,,,,,-0.0034832559413100483,0.00019987939418778327,-0.020138729609462527,0.14264438015827935,-0.02029078385532559,0.1426194397581086,0.022560536186658552,0.007078545096148152,0.009528371171981131,0.00935186199907978,-0.0038275780474475996,,,,,,
iqnils_m2_n50_p6_fluidOnly_transpiration_fluxConsistent2,iqnils,2,50,1.0,6,fluidOnly_transpiration_fluxConsistent2,exact initial fields,tutorial,_87ed40d2-20251219 OPENFOAM=2512 version=2512,nan,9.61,2-3,-0.01892381883409522,-0.02789621082090965,0.020140188916724533,,,,,,,-0.0016085347184929821,0.0005844130759230974,-0.02014839633667345,0.14069967089854604,-0.020334363423573698,0.14068414306003837,0.04002192020189602,0.0054341936297886105,0.02341577085215385,0.023302825066890076,-0.0019333765099788236,,,,,,
iqnils_m2_n50_p6_fluidOnly_transpiration_fluxConsistent2,iqnils,2,50,1.0,6,fluidOnly_transpiration_fluxConsistent2,exact initial fields,tutorial,_87ed40d2-20251219 OPENFOAM=2512 version=2512,nan,9.61,3-4,-0.01892285716177866,-0.02789544145557743,0.02034952152467806,,,,,,,-0.0018054402934006841,0.0006932276286403144,-0.02014841228299298,0.14069969662710982,-0.020334383355761182,0.140684170187098,0.040021963033481,0.005785892353909952,0.02341557351466661,0.023302637944155435,-0.0021805133046335357,,,,,,
iqnils_m2_n50_p6_fluidOnly_transpiration_fluxConsistent2,iqnils,2,50,1.0,6,fluidOnly_transpiration_fluxConsistent2,exact initial fields,tutorial,_87ed40d2-20251219 OPENFOAM=2512 version=2512,nan,9.61,4-5,-0.018922923146263648,-0.027895564390270522,0.020398612052035192,,,,,,,-0.0018517605006754811,0.0007188359928755461,-0.020148409734976044,0.14069969677673133,-0.02033438198812784,0.1406841701655578,0.040021971090769035,0.005869223129212442,0.023415573671362155,0.023302636855964787,-0.0022386589130460877,,,,,,
iqnils_m2_n50_p6_fluidOnly_transpiration_fluxConsistent2,iqnils,2,50,1.0,6,fluidOnly_transpiration_fluxConsistent2,exact initial fields,tutorial,_87ed40d2-20251219 OPENFOAM=2512 version=2512,nan,9.61,5-6,-0.01892293787926158,-0.02789559166330169,0.020410158133035594,,,,,,,-0.0018626579952650824,0.0007248606169470466,-0.02014840916969912,0.1406996969708312,-0.020334381682763036,0.14068417032384087,0.04002197242061031,0.0058888675456913765,0.023415572519922323,0.023302635444284903,-0.0022523385145186703,,,,,,
iqnils_m2_n800_p6_fluidOnly_transpiration,iqnils,2,800,0.0625,6,fluidOnly_transpiration,exact initial fields,tutorial,_87ed40d2-20251219 OPENFOAM=2512 version=2512,nan,130.38,2-3,-0.0019831309762983196,-0.0015906127326824615,0.008256058666900268,,,,,,,0.0014737306976044806,0.0016280883034949687,-0.020693621673777033,0.14384876219654977,-0.020685486109211004,0.1438397173668305,0.00295796355122021,0.004977488986791767,0.0009639434237747047,0.0009010054583369342,0.0017570268613555928,,,,,,
iqnils_m2_n800_p6_fluidOnly_transpiration,iqnils,2,800,0.0625,6,fluidOnly_transpiration,exact initial fields,tutorial,_87ed40d2-20251219 OPENFOAM=2512 version=2512,nan,130.38,3-4,-0.0019831679492470222,-0.001590620482485483,0.008254871454535184,,,,,,,0.0014748319403916632,0.0016275743391680616,-0.020693621513150046,0.14384876507481403,-0.020685485342887867,0.14383971985869803,0.0029579634387602253,0.004977512972028226,0.0009639260831570962,0.0009009854313482002,0.0017583718048579389,,,,,,
iqnils_m2_n800_p6_fluidOnly_transpiration,iqnils,2,800,0.0625,6,fluidOnly_transpiration,exact initial fields,tutorial,_87ed40d2-20251219 OPENFOAM=2512 version=2512,nan,130.38,4-5,-0.0019831630154257818,-0.0015906161984295952,0.00825460645902476,,,,,,,0.0014750869411508383,0.0016274524053590828,-0.020693621601943914,0.14384876490467177,-0.020685485445149157,0.1438397196922043,0.0029579634296608066,0.004977516795893519,0.000963927241767859,0.0009009866151994395,0.0017586792243251548,,,,,,
iqnils_m2_n800_p6_fluidOnly_transpiration,iqnils,2,800,0.0625,6,fluidOnly_transpiration,exact initial fields,tutorial,_87ed40d2-20251219 OPENFOAM=2512 version=2512,nan,130.38,5-6,-0.0019831618382989413,-0.0015906151824849335,0.008254544055182222,,,,,,,0.0014751469889298097,0.0016274236912043277,-0.020693621623000983,0.14384876486342552,-0.02068548546954698,0.14383971965189774,0.0029579634205603063,0.004977517692203439,0.0009639275222563803,0.0009009869021912031,0.0017587516090500355,,,,,,
iqnils_m2_n800_p6_fluidOnly_transpiration_endsDirichletU,iqnils,2,800,0.0625,6,fluidOnly_transpiration_endsDirichletU,exact initial fields,tutorial,_87ed40d2-20251219 OPENFOAM=2512 version=2512,nan,133.03,2-3,-10.300379657649525,-6.129684832067953,-0.0017493747657597591,,,,,,,0.0008190508925858264,-0.00029497390464139724,0.10632087255416126,0.07122301611522035,0.1927651527642956,0.08081975221812583,1.0009729590449892,0.004801879594314817,0.7814750325870603,1.021514653122022,0.0005291584544109273,,,,,,
iqnils_m2_n800_p6_fluidOnly_transpiration_endsDirichletU,iqnils,2,800,0.0625,6,fluidOnly_transpiration_endsDirichletU,exact initial fields,tutorial,_87ed40d2-20251219 OPENFOAM=2512 version=2512,nan,133.03,3-4,-10.213929187512973,-6.096909935829208,-0.0017290029675067764,,,,,,,0.0007890463513264834,-0.0002030811059414614,0.10564156072896073,0.07234001621027533,0.19097332934462358,0.0803466023943525,1.0008766746753186,0.004758334348670341,0.7919658881130733,0.990300503914082,0.0003662624296387751,,,,,,
iqnils_m2_n800_p6_fluidOnly_transpiration_endsDirichletU,iqnils,2,800,0.0625,6,fluidOnly_transpiration_endsDirichletU,exact initial fields,tutorial,_87ed40d2-20251219 OPENFOAM=2512 version=2512,nan,133.03,4-5,-10.241915596867766,-5.848809963790409,-0.0018107499771019553,,,,,,,0.0007107522601661476,-0.000104148342182814,0.10049929441604301,0.06703620279483452,0.19155339216713035,0.07224531914974143,1.004692835319859,0.004757852053048667,0.992909331856404,1.1477703794934833,9.584384489191855e-05,,,,,,
iqnils_m2_n800_p6_fluidOnly_transpiration_endsDirichletU,iqnils,2,800,0.0625,6,fluidOnly_transpiration_endsDirichletU,exact initial fields,tutorial,_87ed40d2-20251219 OPENFOAM=2512 version=2512,nan,133.03,5-6,-10.592994536945264,-5.952873951315245,-0.0015850563515695804,,,,,,,0.0006304549776625645,-5.2008377007573456e-05,0.10265618598293591,0.06495650465404208,0.1988300612932883,0.07667514869036023,1.0410771976852082,0.004816758351596396,0.8777710011088005,1.2165350719422436,0.00012148641469122978,,,,,,
iqnils_m2_n800_p6_fluidOnly_transpiration_endsFixedGradient,iqnils,2,800,0.0625,6,fluidOnly_transpiration_endsFixedGradient,exact initial fields,tutorial,_87ed40d2-20251219 OPENFOAM=2512 version=2512,nan,115.69,2-3,-0.004179417038939426,-0.002846930281436455,0.03879504187434324,,,,,,,0.001906413259145534,0.004873037281237868,-0.02066758249547243,0.14404377425619058,-0.020639964589234033,0.14403076487225253,0.0051094614996395095,0.005222834027265096,-0.0003637705863406282,-0.00045405322142144655,-0.0034856705287765744,,,,,,
iqnils_m2_n800_p6_fluidOnly_transpiration_endsFixedGradient,iqnils,2,800,0.0625,6,fluidOnly_transpiration_endsFixedGradient,exact initial fields,tutorial,_87ed40d2-20251219 OPENFOAM=2512 version=2512,nan,115.69,3-4,-0.004189402072805715,-0.002853682653073286,0.03872548849596802,,,,,,,0.001971186104785305,0.004841891084887768,-0.02066744254183634,0.14404455555880286,-0.020639757633534435,0.14403154122409995,0.005113372315181697,0.005223649218978686,-0.0003691587771970095,-0.0004594747929363985,-0.003408120408574744,,,,,,
iqnils_m2_n800_p6_fluidOnly_transpiration_endsFixedGradient,iqnils,2,800,0.0625,6,fluidOnly_transpiration_endsFixedGradient,exact initial fields,tutorial,_87ed40d2-20251219 OPENFOAM=2512 version=2512,nan,115.69,4-5,-0.004191321171572615,-0.0028550159397006114,0.03870908342509516,,,,,,,0.001986434810430815,0.0048345533344833986,-0.02066741490735153,0.14404470421430354,-0.02063971785716179,0.14403168899865573,0.0051142989140127,0.005223837890768718,-0.00037018438485691973,-0.00046050632823679827,-0.0033898636571777496,,,,,,
iqnils_m2_n800_p6_fluidOnly_transpiration_endsFixedGradient,iqnils,2,800,0.0625,6,fluidOnly_transpiration_endsFixedGradient,exact initial fields,tutorial,_87ed40d2-20251219 OPENFOAM=2512 version=2512,nan,115.69,5-6,-0.004191601567164249,-0.002855120880260409,0.03870522085078987,,,,,,,0.001990026013878099,0.004832825039482023,-0.02066741273229161,0.1440447491128786,-0.020639712045517424,0.1440317340034823,0.0051145179020779296,0.005223882624281731,-0.0003704967338458154,-0.0004608178834948351,-0.003385564244891004,,,,,,
iqnils_m2_n800_p6_fluidOnly_transpiration_fluxConsistent,iqnils,2,800,0.0625,6,fluidOnly_transpiration_fluxConsistent,exact initial fields,tutorial,_87ed40d2-20251219 OPENFOAM=2512 version=2512,nan,126.49,2-3,-0.0011399718229303524,-0.00032136762911483263,0.009039591781536238,,,,,,,0.0016247648582294882,0.001638980474327504,-0.02071992879620545,0.14399955877450812,-0.0207029619229935,0.14399233074202947,0.0029585573637463778,0.0049865604749678065,-9.694978540641941e-05,-0.00014713974281999054,0.0018910792160675705,,,,,,
iqnils_m2_n800_p6_fluidOnly_transpiration_fluxConsistent,iqnils,2,800,0.0625,6,fluidOnly_transpiration_fluxConsistent,exact initial fields,tutorial,_87ed40d2-20251219 OPENFOAM=2512 version=2512,nan,126.49,3-4,-0.0011400151985782037,-0.00032137119639030765,0.009035713909333332,,,,,,,0.001628454960036274,0.0016372281529690848,-0.020719928722267994,0.14399956304405165,-0.020702961023964246,0.1439923346900333,0.0029585573022528236,0.004986624221404319,-9.697720090107165e-05,-0.0001471693881550662,0.0018955446074664373,,,,,,
iqnils_m2_n800_p6_fluidOnly_transpiration_fluxConsistent,iqnils,2,800,0.0625,6,fluidOnly_transpiration_fluxConsistent,exact initial fields,tutorial,_87ed40d2-20251219 OPENFOAM=2512 version=2512,nan,126.49,4-5,-0.001140012337168983,-0.00032136559379347673,0.009034813179567891,,,,,,,0.0016293194087808605,0.0016368146376525355,-0.02071992883839072,0.14399956334219075,-0.0207029610832715,0.14399233502025408,0.0029585573084750147,0.0049866373246232765,-9.697949400055972e-05,-0.00014717145826703693,0.0018965864946451916,,,,,,
iqnils_m2_n800_p6_fluidOnly_transpiration_fluxConsistent,iqnils,2,800,0.0625,6,fluidOnly_transpiration_fluxConsistent,exact initial fields,tutorial,_87ed40d2-20251219 OPENFOAM=2512 version=2512,nan,126.49,5-6,-0.0011400120236321198,-0.0003213647997121205,0.009034601137638765,,,,,,,0.0016295229456870786,0.0016367172875665825,-0.02071992885484932,0.14399956338459266,-0.02070296108977005,0.14399233506576145,0.002958557304839037,0.004986640398216136,-9.697981001011158e-05,-0.0001471717526824179,0.0018968318219196867,,,,,,
iqnils_m2_n800_p6_fluidOnly_transpiration_fluxConsistent2,iqnils,2,800,0.0625,6,fluidOnly_transpiration_fluxConsistent2,exact initial fields,tutorial,_87ed40d2-20251219 OPENFOAM=2512 version=2512,nan,132.12,2-3,-0.0011443355509003217,-0.00033671421391257006,0.009055228022410766,,,,,,,0.0016281238144695287,0.0016385389554202756,-0.0207196107138398,0.14399461903196936,-0.020702871477794517,0.14398738625370353,0.0029626815366891163,0.004987036169704783,-6.261338214574863e-05,-0.00011283974092046734,0.0018959946817052042,,,,,,
iqnils_m2_n800_p6_fluidOnly_transpiration_fluxConsistent2,iqnils,2,800,0.0625,6,fluidOnly_transpiration_fluxConsistent2,exact initial fields,tutorial,_87ed40d2-20251219 OPENFOAM=2512 version=2512,nan,132.12,3-4,-0.0011443783103342042,-0.00033671726426587334,0.009051296851455115,,,,,,,0.0016318651393969485,0.0016367621094449955,-0.02071961065061638,0.14399462326488532,-0.020702870591537276,0.1439873901648846,0.002962681436228729,0.004987100727164073,-6.264054380333839e-05,-0.00011286913395069931,0.0019005218068854912,,,,,,
iqnils_m2_n800_p6_fluidOnly_transpiration_fluxConsistent2,iqnils,2,800,0.0625,6,fluidOnly_transpiration_fluxConsistent2,exact initial fields,tutorial,_87ed40d2-20251219 OPENFOAM=2512 version=2512,nan,132.12,4-5,-0.0011443762054751394,-0.0003367128227228511,0.009050383679212848,,,,,,,0.0016327416821368956,0.0016363428749728236,-0.020719610742674418,0.1439946234844661,-0.020702870635163826,0.14398739040738442,0.002962681436229618,0.0049871140026553394,-6.264222787177864e-05,-0.0001128706587020245,0.0019015783216156379,,,,,,
iqnils_m2_n800_p6_fluidOnly_transpiration_fluxConsistent2,iqnils,2,800,0.0625,6,fluidOnly_transpiration_fluxConsistent2,exact initial fields,tutorial,_87ed40d2-20251219 OPENFOAM=2512 version=2512,nan,132.12,5-6,-0.0011443761304003042,-0.00033671238639498835,0.009050168751451704,,,,,,,0.0016329480619505787,0.0016362441857362266,-0.020719610751718007,0.14399462350315426,-0.020702870636719873,0.14398739042634126,0.002962681436229506,0.004987117125216254,-6.264235951980446e-05,-0.00011287078847110887,0.0019018271002688714,,,,,,
iqnils_m4_n100_p6_fluidOnly_transpiration,iqnils,4,100,0.5,6,fluidOnly_transpiration,exact initial fields,tutorial,_87ed40d2-20251219 OPENFOAM=2512 version=2512,nan,80.96,2-3,-0.0022337063616388875,-0.0021226770693664188,0.00022181860768633044,,,,,,,-0.0007724485488799226,0.00010503500192013599,-0.020682593794602556,0.14382936887271522,-0.020680292536022365,0.14382340972706645,0.001338606112201114,0.0019140131990726963,0.0010774392686940804,0.0010359625778550985,-0.0005252411431853066,,,,,,
iqnils_m4_n100_p6_fluidOnly_transpiration,iqnils,4,100,0.5,6,fluidOnly_transpiration,exact initial fields,tutorial,_87ed40d2-20251219 OPENFOAM=2512 version=2512,nan,80.96,3-4,-0.0022339071485418804,-0.0021229317614518406,0.00025156530339298655,,,,,,,-0.0008008528878953314,0.00011957061996521601,-0.020682588515704214,0.14382936262844925,-0.020680288374394618,0.143823402872744,0.0013386058484301966,0.0019671456251633265,0.0010774869779501817,0.001036006037234083,-0.0005600360500221946,,,,,,
iqnils_m4_n100_p6_fluidOnly_transpiration,iqnils,4,100,0.5,6,fluidOnly_transpiration,exact initial fields,tutorial,_87ed40d2-20251219 OPENFOAM=2512 version=2512,nan,80.96,4-5,-0.0022339333224350444,-0.0021229725983481496,0.00025858588008564887,,,,,,,-0.0008075446432370681,0.0001229937098200602,-0.020682587669294622,0.14382936053756884,-0.020680287831899076,0.14382340065958046,0.0013386057513289523,0.001979693378356277,0.0010775023825935204,0.0010360205895241226,-0.0005682306226413303,,,,,,
iqnils_m4_n100_p6_fluidOnly_transpiration,iqnils,4,100,0.5,6,fluidOnly_transpiration,exact initial fields,tutorial,_87ed40d2-20251219 OPENFOAM=2512 version=2512,nan,80.96,5-6,-0.0022339394911343735,-0.0021229823637113343,0.0002602393339821152,,,,,,,-0.0008091206378640914,0.00012379990342980401,-0.020682587466891948,0.14382936000614896,-0.020680287704042975,0.14382340009863992,0.0013386057184521594,0.0019826494584503384,0.0010775062869996521,0.0010360242881461978,-0.0005701605534315091,,,,,,
iqnils_m4_n1600_p6_fluidOnly_transpiration,iqnils,4,1600,0.03125,6,fluidOnly_transpiration,exact initial fields,tutorial,_87ed40d2-20251219 OPENFOAM=2512 version=2512,nan,1165.37,2-3,-0.0009064514296687198,-0.0010185716274740964,0.0016866038997771504,,,,,,,0.00028879948313176307,0.00037634084972089306,-0.020705478135028293,0.14385755802547517,-0.020707802004359815,0.143854757943121,0.0015211930092715788,0.0013229216599022632,0.0008592887375455938,0.0008398077420950223,0.0004393961763640153,,,,,,
iqnils_m4_n1600_p6_fluidOnly_transpiration,iqnils,4,1600,0.03125,6,fluidOnly_transpiration,exact initial fields,tutorial,_87ed40d2-20251219 OPENFOAM=2512 version=2512,nan,1165.37,3-4,-0.0009064448612630116,-0.0010185467593183395,0.00168711937577104,,,,,,,0.00028828810940728644,0.0003765872613308191,-0.020705478650460355,0.14385756229383373,-0.020707802140500466,0.14385476220348176,0.0015211929958837194,0.001322919958858785,0.0008592590963880653,0.0008397780464497462,0.00043878657547824496,,,,,,
iqnils_m4_n1600_p6_fluidOnly_transpiration,iqnils,4,1600,0.03125,6,fluidOnly_transpiration,exact initial fields,tutorial,_87ed40d2-20251219 OPENFOAM=2512 version=2512,nan,1165.37,4-5,-0.0009064380224643731,-0.0010185374978318729,0.001687245325879827,,,,,,,0.0002881663948426372,0.0003766450270756032,-0.020705478842419384,0.1438575631099059,-0.02070780228224544,0.1438547630477677,0.0015211929958846208,0.0013229193102975141,0.0008592532223288263,0.0008397723689066439,0.00043864060044196407,,,,,,
iqnils_m4_n1600_p6_fluidOnly_transpiration,iqnils,4,1600,0.03125,6,fluidOnly_transpiration,exact initial fields,tutorial,_87ed40d2-20251219 OPENFOAM=2512 version=2512,nan,1165.37,5-6,-0.0009064363923311225,-0.001018535297000911,0.0016872749637113493,,,,,,,0.0002881377288401765,0.0003766586313712255,-0.020705478888035103,0.14385756330347685,-0.02070780231603254,0.14385476324808158,0.0015211929958844825,0.0013229191578159525,0.0008592518286594242,0.0008397710222030064,0.00043860622560920604,,,,,,
iqnils_m4_n200_p6_fluidOnly_transpiration,iqnils,4,200,0.25,6,fluidOnly_transpiration,exact initial fields,tutorial,_87ed40d2-20251219 OPENFOAM=2512 version=2512,nan,154.57,2-3,-0.0018170182898296083,-0.002121692724091351,0.0016039603906390365,,,,,,,-0.00011265346977717972,0.0002703878203381115,-0.020682614196723147,0.14380205726238568,-0.020688929058699297,0.1437972669933802,0.0013718089890148793,0.0013016546039869676,0.0012594378660339967,0.0012260843650968578,8.300808816796845e-05,,,,,,
iqnils_m4_n200_p6_fluidOnly_transpiration,iqnils,4,200,0.25,6,fluidOnly_transpiration,exact initial fields,tutorial,_87ed40d2-20251219 OPENFOAM=2512 version=2512,nan,154.57,3-4,-0.0018170614185597511,-0.0021217374896964625,0.001609168646889092,,,,,,,-0.00011767500868764547,0.0002728607413844893,-0.02068261326888482,0.14380205736515878,-0.020688928164787804,0.1437972669241089,0.0013718090174110523,0.0013016289643666213,0.0012594383483695015,0.001226083649536136,7.692986412322078e-05,,,,,,
iqnils_m4_n200_p6_fluidOnly_transpiration,iqnils,4,200,0.25,6,fluidOnly_transpiration,exact initial fields,tutorial,_87ed40d2-20251219 OPENFOAM=2512 version=2512,nan,154.57,4-5,-0.0018170640980023078,-0.002121742486594802,0.001610400992714478,,,,,,,-0.00011885897617280872,0.0002734428578795676,-0.02068261316531616,0.14380205710674057,-0.0206889281092521,0.1437972666537038,0.0013718090166560159,0.0013016227415618032,0.0012594402311985053,0.0012260854487804451,7.549626349034888e-05,,,,,,
iqnils_m4_n200_p6_fluidOnly_transpiration,iqnils,4,200,0.25,6,fluidOnly_transpiration,exact initial fields,tutorial,_87ed40d2-20251219 OPENFOAM=2512 version=2512,nan,154.57,5-6,-0.0018170646786734856,-0.00212174359682904,0.0016106911490687548,,,,,,,-0.00011913780263983487,0.000273579947403138,-0.02068261314230479,0.14380205704894403,-0.020688928097216765,0.14379726659306638,0.001371809025704931,0.0013016212844674238,0.0012594406534165437,0.0012260858511907724,7.515864948937079e-05,,,,,,
iqnils_m4_n400_p6_fluidOnly_transpiration,iqnils,4,400,0.125,6,fluidOnly_transpiration,exact initial fields,tutorial,_87ed40d2-20251219 OPENFOAM=2512 version=2512,nan,293.13,2-3,-0.0015132981426400072,-0.001838783857042725,0.0016774465740432287,,,,,,,0.00010285675592069943,0.00032695031659552823,-0.020688477932719145,0.14379854691773844,-0.02069522414155889,0.14379448898445005,0.0014261525609032197,0.001314545203849223,0.0012787814979036138,0.001250525840349903,0.0002702474635114527,,,,,,
iqnils_m4_n400_p6_fluidOnly_transpiration,iqnils,4,400,0.125,6,fluidOnly_transpiration,exact initial fields,tutorial,_87ed40d2-20251219 OPENFOAM=2512 version=2512,nan,293.13,3-4,-0.001513366019964324,-0.0018388502723151179,0.001679863910015511,,,,,,,0.00010050947730166904,0.00032808511794045557,-0.02068847655615705,0.14379854649647994,-0.020695222734693444,0.1437944882996874,0.0014261525897790476,0.0013145337003364114,0.0012787862660854632,0.001250528773518056,0.00026742395037726574,,,,,,
iqnils_m4_n400_p6_fluidOnly_transpiration,iqnils,4,400,0.125,6,fluidOnly_transpiration,exact initial fields,tutorial,_87ed40d2-20251219 OPENFOAM=2512 version=2512,nan,293.13,4-5,-0.0015133757143093174,-0.0018388618232124676,0.0016804386441549024,,,,,,,9.995542730356632e-05,0.0003283521350063599,-0.02068847631674634,0.14379854609340686,-0.020695222533762735,0.1437944878636078,0.0014261525948020427,0.0013145307732714264,0.001278789302622485,0.0012505315800632744,0.000266756688134695,,,,,,
iqnils_m4_n400_p6_fluidOnly_transpiration,iqnils,4,400,0.125,6,fluidOnly_transpiration,exact initial fields,tutorial,_87ed40d2-20251219 OPENFOAM=2512 version=2512,nan,293.13,5-6,-0.0015133779595023489,-0.0018388645180285046,0.0016805739483178872,,,,,,,9.982494018845323e-05,0.0003284150208866485,-0.020688476260891993,0.1437985459954645,-0.02069522248722754,0.14379448775797982,0.001426152594801897,0.0013145300806401195,0.0012787900381379114,0.0012505322620233184,0.00026659953703345174,,,,,,
iqnils_m4_n50_p6_fluidOnly_transpiration,iqnils,4,50,1.0,6,fluidOnly_transpiration,exact initial fields,tutorial,_87ed40d2-20251219 OPENFOAM=2512 version=2512,nan,40.84,2-3,-0.0030841076887362373,-0.0007665799867015988,-0.008549332231467255,,,,,,,-0.0032484939891288533,-0.00043276470377775784,-0.020710701062362114,0.14394668531270258,-0.020662666616676796,0.14393720998748175,0.0034605654533551014,0.005164577818671072,0.00028596308755535205,0.0002201190231816419,-0.002933881201320543,,,,,,
iqnils_m4_n50_p6_fluidOnly_transpiration,iqnils,4,50,1.0,6,fluidOnly_transpiration,exact initial fields,tutorial,_87ed40d2-20251219 OPENFOAM=2512 version=2512,nan,40.84,3-4,-0.0030852526492973764,-0.0007680385420090197,-0.008347909107872975,,,,,,,-0.0034388791241336536,-0.00032751105693647496,-0.020710670831484774,0.1439466678178509,-0.02066264288554908,0.14393718998276017,0.0034602090929180223,0.005524620324168551,0.00028610210959811866,0.00022024058697267535,-0.003172366141876104,,,,,,
iqnils_m4_n50_p6_fluidOnly_transpiration,iqnils,4,50,1.0,6,fluidOnly_transpiration,exact initial fields,tutorial,_87ed40d2-20251219 OPENFOAM=2512 version=2512,nan,40.84,4-5,-0.003085317679860644,-0.0007681744509939747,-0.008300337306692884,,,,,,,-0.003483703772781621,-0.00030272670784684805,-0.02071066801455501,0.1439466639108486,-0.02066264153768728,0.14393718578036638,0.0034601104819415346,0.005609976202329917,0.00028613131397703384,0.00022026773496386376,-0.00322848548998389,,,,,,
iqnils_m4_n50_p6_fluidOnly_transpiration,iqnils,4,50,1.0,6,fluidOnly_transpiration,exact initial fields,tutorial,_87ed40d2-20251219 OPENFOAM=2512 version=2512,nan,40.84,5-6,-0.0030853328370352706,-0.0007682063204471623,-0.008289136733204416,,,,,,,-0.003494256141106322,-0.00029689166712076214,-0.020710667354009935,0.14394666298011777,-0.02066264122353074,0.1439371847817466,0.00346008717490674,0.0056300895050234835,0.000286138253847934,0.00022027420219150606,-0.003241696652126591,,,,,,
iqnils_m4_n800_p6_fluidOnly_transpiration,iqnils,4,800,0.0625,6,fluidOnly_transpiration,exact initial fields,tutorial,_87ed40d2-20251219 OPENFOAM=2512 version=2512,nan,586.84,2-3,-0.0011745603740839217,-0.001418970238972861,0.001657905414612193,,,,,,,0.00021308231285921408,0.00035621392330906725,-0.020697179237310858,0.1438169049486615,-0.02070224502028711,0.14381355499078033,0.0014840305888545082,0.001319531376498553,0.0011460374906531179,0.0011227175821924007,0.00036864985388906923,,,,,,
iqnils_m4_n800_p6_fluidOnly_transpiration,iqnils,4,800,0.0625,6,fluidOnly_transpiration,exact initial fields,tutorial,_87ed40d2-20251219 OPENFOAM=2512 version=2512,nan,586.84,3-4,-0.0011745623047408893,-0.0014189702700170281,0.0016594194738042134,,,,,,,0.00021160403134468098,0.0003569226533393175,-0.020697179236667418,0.14381690481919396,-0.020702244980271175,0.14381355476216626,0.0014840306318719214,0.0013195244582562581,0.0011460390821307342,0.0011227184834279313,0.0003668781355914419,,,,,,
iqnils_m4_n800_p6_fluidOnly_transpiration,iqnils,4,800,0.0625,6,fluidOnly_transpiration,exact initial fields,tutorial,_87ed40d2-20251219 OPENFOAM=2512 version=2512,nan,586.84,4-5,-0.001174557553409561,-0.001418967129825921,0.001659780860753246,,,,,,,0.00021125471755212288,0.00035708928294334236,-0.02069717930175287,0.1438169045458525,-0.02070224507875007,0.14381355449435274,0.0014840306410847737,0.0013195225983931983,0.0011460409464922883,0.001122720386182996,0.0003664586304996664,,,,,,
iqnils_m4_n800_p6_fluidOnly_transpiration,iqnils,4,800,0.0625,6,fluidOnly_transpiration,exact initial fields,tutorial,_87ed40d2-20251219 OPENFOAM=2512 version=2512,nan,586.84,5-6,-0.0011745564391903995,-0.0014189663986931,0.001659865822538631,,,,,,,0.0002111724654401126,0.0003571285181835353,-0.02069717931690676,0.14381690448074225,-0.020702245101844034,0.14381355443048524,0.0014840306410846141,0.0013195221518988384,0.0011460413911004164,0.0011227208394213317,0.00036635985116362235,,,,,,
robin_m1_n100_p12,robin,1,100,0.5,12,base,exact initial fields,tutorial,_87ed40d2-20251219 OPENFOAM=2512 version=2512,10.909166666666666,314.9,10-11,-0.015087840694113064,-0.010070791619347763,0.060779453017611784,0.011119941856736482,-0.0007394582369031263,0.007211267591616499,-0.0039784081018049006,0.007504864973348235,0.003387366955039245,0.004868299132236187,0.006122498234021537,-0.02051785648582451,0.14419591168057613,-0.02041387016839201,0.1441339522990904,0.00937371949610302,0.01774490850147295,-0.0010794235511123462,-0.0015086486265586396,0.00965706005551703,-0.007879767406626215,-0.00551769310104997,-0.006721350123528258,-0.0010843516133907396,-0.002869067524211566,-0.006439032777782874
robin_m1_n100_p12,robin,1,100,0.5,12,base,exact initial fields,tutorial,_87ed40d2-20251219 OPENFOAM=2512 version=2512,10.909166666666666,314.9,11-12,-0.015087408065041719,-0.010070275820650343,0.0607791324466207,0.01111991294860637,-0.0007394271589541285,0.007211237158645467,-0.003978391277372389,0.007504838445465012,0.003387401781324178,0.004868241255264527,0.0061225353032704115,-0.020517867176572453,0.1441959177495747,-0.020413879135317243,0.1441339581044881,0.009373820766780354,0.01774491452677377,-0.0010794637854283362,-0.0015086906516219578,0.009657207593665396,-0.00787989109360998,-0.005517600980251254,-0.006721439932759754,-0.0010842753957743525,-0.0028691850804707375,-0.0064389717761477675
robin_m1_n100_p12,robin,1,100,0.5,12,base,exact initial fields,tutorial,_87ed40d2-20251219 OPENFOAM=2512 version=2512,10.909166666666666,314.9,2-3,-0.01589820720576307,-0.011036167549479448,0.061534058908038425,0.011125896414364567,-0.0006339453169370861,0.007284531388627835,-0.00390627939179654,0.007491047222412561,0.0033644138918389075,0.004920643088077936,0.006282218414677264,-0.020497847535061543,0.14419813494574585,-0.02039707403423798,0.14413390264678383,0.009242817999354832,0.01784455713725348,-0.0010790794356073663,-0.0015240434931054203,0.009186277346839855,-0.007557745500579638,-0.005588398822664853,-0.006667099240145635,-0.0012377363525897568,-0.002568253728296388,-0.00631711529140946
robin_m1_n100_p12,robin,1,100,0.5,12,base,exact initial fields,tutorial,_87ed40d2-20251219 OPENFOAM=2512 version=2512,10.909166666666666,314.9,3-4,-0.014900898085736691,-0.009844590037249912,0.0603748746919095,0.011128619965103503,-0.0007328606839808322,0.007202181160180121,-0.003986246157536963,0.0075065099207831665,0.0034118208906324275,0.004885391999468469,0.006153429456727694,-0.0205225448731951,0.14420090891041487,-0.02041774485112415,0.14413995569128818,0.009381103215408693,0.01776203259761549,-0.001121028337003227,-0.0015432509797096428,0.009736149955438478,-0.00795941926884891,-0.005482835909806434,-0.006750860061995101,-0.001025071960787944,-0.002920858062855358,-0.006444364050041641
robin_m1_n100_p12,robin,1,100,0.5,12,base,exact initial fields,tutorial,_87ed40d2-20251219 OPENFOAM=2512 version=2512,10.909166666666666,314.9,4-5,-0.015138636830511087,-0.01012957634467293,0.060895984531833536,0.011122606057038853,-0.0007416701851007897,0.007215575333727298,-0.003978690518654355,0.0075063277933296035,0.0033820345299894593,0.0048723049011627495,0.006127816390081611,-0.020516638078944938,0.14419645569235057,-0.020412817337717024,0.1441342075028543,0.009371851555750262,0.01774656917314549,-0.001081192238056028,-0.0015124156473860229,0.00962804906466408,-0.007860096216807388,-0.005531213584722305,-0.006712788524182223,-0.0010949690542150527,-0.002849097467463757,-0.006445275199260837
robin_m1_n100_p12,robin,1,100,0.5,12,base,exact initial fields,tutorial,_87ed40d2-20251219 OPENFOAM=2512 version=2512,10.909166666666666,314.9,5-6,-0.015067526816397114,-0.010048526701706861,0.06074834127825879,0.011120637128531952,-0.0007406665998710941,0.007210198815548852,-0.003979357512001853,0.00750595256874953,0.0033881166514020907,0.004869072177952516,0.00612305651243586,-0.02051831796163607,0.14419609375224987,-0.020414291205799653,0.14413423063550915,0.009372305100893152,0.017745065044575313,-0.0010813525583622807,-0.0015099093888083504,0.009662406904445753,-0.007884094269605124,-0.005512968294525799,-0.00672093400633611,-0.001079453217092373,-0.002873353427833125,-0.006439331173754071
robin_m1_n100_p12,robin,1,100,0.5,12,base,exact initial fields,tutorial,_87ed40d2-20251219 OPENFOAM=2512 version=2512,10.909166666666666,314.9,6-7,-0.015092134291921688,-0.010075484705847404,0.06078854244497944,0.011120125030029238,-0.0007398214784471769,0.007211528171633619,-0.003978615547864222,0.007504953244664048,0.0033869482212863255,0.004868485799703004,0.006122473203422452,-0.020517759214146433,0.14419593552876608,-0.020413781176752105,0.144133949808154,0.009373999086357129,0.017744829479022825,-0.0010794062876735566,-0.0015088137644408972,0.009655222344060244,-0.007878625420194574,-0.005519125180056326,-0.006720828526533329,-0.0010853341861839134,-0.0028677346935261916,-0.006439956513421085
robin_m1_n100_p12,robin,1,100,0.5,12,base,exact initial fields,tutorial,_87ed40d2-20251219 OPENFOAM=2512 version=2512,10.909166666666666,314.9,7-8,-0.015086086756552208,-0.01006901156330331,0.060775890133511146,0.01112002595327799,-0.0007395711549175567,0.007211219484359432,-0.003978480745753307,0.007505004892087053,0.003387396101866372,0.0048684148853817,0.00612243581353886,-0.020517893380315698,0.14419590491968515,-0.02041390652153611,0.1441339539826385,0.009373389954245043,0.01774490283532314,-0.0010794352189449352,-0.0015086018104498722,0.009657162721829593,-0.007879831539471693,-0.005517244399091004,-0.006721092370735593,-0.0010840285952235062,-0.0028692574761381984,-0.006438906622914306
robin_m1_n100_p12,robin,1,100,0.5,12,base,exact initial fields,tutorial,_87ed40d2-20251219 OPENFOAM=2512 version=2512,10.909166666666666,314.9,8-9,-0.015087815587601194,-0.010070727297397997,0.06077897255972253,0.011119988520366109,-0.0007394770628843163,0.0072112963098367455,-0.003978448277197557,0.007504890387562524,0.003387372875484388,0.00486837350631264,0.006122492468293491,-0.020517857818999168,0.1441959187612441,-0.02041387068876438,0.1441339566152185,0.009373789376279447,0.01774492458033517,-0.0010794534640438114,-0.00150869765697359,0.009656886225297034,-0.00787970133902094,-0.005517775624422593,-0.006721306610898092,-0.0010843984941371902,-0.002868962665065977,-0.006439091341974494
robin_m1_n100_p12,robin,1,100,0.5,12,base,exact initial fields,tutorial,_87ed40d2-20251219 OPENFOAM=2512 version=2512,10.909166666666666,314.9,9-10,-0.015087200744383189,-0.010070152675619504,0.06077821121209026,0.011119963190880933,-0.0007394445269259474,0.0072112630627516605,-0.003978412923937251,0.007504888926003872,0.0033874018252636846,0.0048683438814487445,0.006122514562760932,-0.020517869728948975,0.14419590783295513,-0.02041388343236746,0.14413395045316935,0.009373623820212808,0.01774493919429479,-0.0010794107579534806,-0.0015086219835259707,0.009657066071098841,-0.007879780715823514,-0.005517549569869366,-0.006721306557140649,-0.0010842577543314308,-0.00286910405434182,-0.006438926711102121
robin_m1_n100_p12_endsFixedGradient,robin,1,100,0.5,12,endsFixedGradient,exact initial fields,tutorial,_87ed40d2-20251219 OPENFOAM=2512 version=2512,11.565833333333334,329.5,10-11,-0.004269437661893916,0.001210057481432214,0.07061232450040311,0.012602170971548032,-0.00016989694199256858,0.008001774274712492,-0.003826023206938084,0.008687013003153998,0.004344619634663187,0.007633640878893511,0.008221072011919772,-0.020751670016053273,0.14427263645502736,-0.020638098768721913,0.14425883368033587,0.007359287260040394,0.018525683426223443,-0.0019441649202120992,-0.002039650385506242,-0.0006686522770041892,-0.006877399078835111,-0.0009254138798027245,-0.004275992272950724,0.0034396382968082486,-0.0027200789044653506,-0.003350763100077471
robin_m1_n100_p12_endsFixedGradient,robin,1,100,0.5,12,endsFixedGradient,exact initial fields,tutorial,_87ed40d2-20251219 OPENFOAM=2512 version=2512,11.565833333333334,329.5,11-12,-0.004269248412825832,0.00121027112003258,0.07061243169534248,0.012602147883795212,-0.00016988773596826408,0.008001750326144252,-0.003826011936719874,0.008686990946882966,0.0043446332894539474,0.007633600856107536,0.008221078790453279,-0.02075167444405288,0.1442726367531604,-0.02063810269120969,0.14425883421955313,0.007359351097444093,0.01852567280581426,-0.001944168650790723,-0.0020396524477473976,-0.0006685451970640521,-0.006877490470510672,-0.0009253749547670292,-0.004276047373693137,0.0034396842072569344,-0.0027201690701882386,-0.003350763615337599
robin_m1_n100_p12_endsFixedGradient,robin,1,100,0.5,12,endsFixedGradient,exact initial fields,tutorial,_87ed40d2-20251219 OPENFOAM=2512 version=2512,11.565833333333334,329.5,2-3,-0.004547475557427849,0.0007759693922231303,0.07044513827631116,0.01258130237696542,-6.369184846056359e-05,0.0080375286741452,-0.0037425992756480093,0.008673868173094679,0.004331576355157425,0.007601873676575721,0.008403496133391837,-0.020742672850355772,0.14426766934881127,-0.020632335991353702,0.14425433051532044,0.007137365603058742,0.018615921428114423,-0.0019130087663280504,-0.002005290815698668,-0.0011258597795998915,-0.006595908975889686,-0.0008309841731065301,-0.004186463725359579,0.0033834639233154026,-0.0025151204280082773,-0.003101141005135706
robin_m1_n100_p12_endsFixedGradient,robin,1,100,0.5,12,endsFixedGradient,exact initial fields,tutorial,_87ed40d2-20251219 OPENFOAM=2512 version=2512,11.565833333333334,329.5,3-4,-0.004239293290455359,0.0012833505026812464,0.07046426512536641,0.012604949436990864,-0.00015903623477654352,0.00799605515806312,-0.0038336638174365518,0.008677101286685973,0.004365126355295701,0.007633160311580234,0.00826128298594765,-0.020753189130428996,0.14427858992646908,-0.02063872355873901,0.14426493096076926,0.00741739420214894,0.018542175746855814,-0.0019863472182530817,-0.002080829942670115,-0.0006258459200545463,-0.0069548300830536425,-0.0009427584117024526,-0.004327545611903849,0.0034671108081074328,-0.0027510939969821457,-0.00338189138251843
robin_m1_n100_p12_endsFixedGradient,robin,1,100,0.5,12,endsFixedGradient,exact initial fields,tutorial,_87ed40d2-20251219 OPENFOAM=2512 version=2512,11.565833333333334,329.5,4-5,-0.004278265132107606,0.0011911019898867004,0.0706516188893509,0.012603834120428425,-0.0001710944010009384,0.008004416211448317,-0.003824274133033392,0.008689653173258538,0.004339939063466199,0.007634347312266643,0.008229248627857753,-0.02075127713335837,0.14427272191016974,-0.020637915805369136,0.14425886214696018,0.007343889961511741,0.01852806417764164,-0.001944361866729416,-0.0020402414940862146,-0.0006992940772535539,-0.006856363527457554,-0.0009234937321521726,-0.004262915151107327,0.003436653211289414,-0.0027047825448108798,-0.003345305734581284
robin_m1_n100_p12_endsFixedGradient,robin,1,100,0.5,12,endsFixedGradient,exact initial fields,tutorial,_87ed40d2-20251219 OPENFOAM=2512 version=2512,11.565833333333334,329.5,5-6,-0.0042619493967256394,0.0012203074138896763,0.0706015888535636,0.012602752462250733,-0.0001710035414136515,0.008000965861434839,-0.0038273424249356154,0.00868736119582092,0.004345249099907767,0.007633860370588108,0.00822242029899707,-0.020751882462197273,0.14427300394599218,-0.020638253974921254,0.14425923299561558,0.007362852569569521,0.01852599982963162,-0.001946927578356572,-0.002042192381594976,-0.0006645998578286294,-0.006882597264672219,-0.0009252199951655029,-0.00427765538540581,0.003442416490593777,-0.0027230503913748816,-0.003354215488351836
robin_m1_n100_p12_endsFixedGradient,robin,1,100,0.5,12,endsFixedGradient,exact initial fields,tutorial,_87ed40d2-20251219 OPENFOAM=2512 version=2512,11.565833333333334,329.5,6-7,-0.0042701010161259045,0.0012086510469784262,0.07061503500598643,0.012602358722773044,-0.00017033081293131184,0.008001935842943952,-0.003826090603424348,0.008687344100612782,0.004344141626331843,0.007633720569388158,0.008221190642759205,-0.020751640865463477,0.14427262305660296,-0.02063808501965095,0.14425881390893028,0.00735809119740056,0.018525645082397717,-0.001944028131573794,-0.002039557706132955,-0.0006708055277491187,-0.006875752073099872,-0.000925405847861957,-0.0042746619748277315,0.0034393192834426657,-0.0027189527899259547,-0.0033506292000392277
robin_m1_n100_p12_endsFixedGradient,robin,1,100,0.5,12,endsFixedGradient,exact initial fields,tutorial,_87ed40d2-20251219 OPENFOAM=2512 version=2512,11.565833333333334,329.5,7-8,-0.0042685928858530175,0.0012110318252323005,0.07061015191296716,0.012602259180442,-0.00017003264052657758,0.008001735688424771,-0.003826154488070085,0.008687109082951006,0.004344647830906725,0.007633733325127512,0.008221052162433197,-0.0207516902108774,0.14427264830790498,-0.02063811627804826,0.144258849002106,0.0073593882750238706,0.018525685126744254,-0.0019442709239837486,-0.0020397323740330986,-0.0006684794140650041,-0.006877612611466355,-0.0009253184107073184,-0.004275920831666169,0.003439830985139198,-0.0027202227843885485,-0.003350941802717046
robin_m1_n100_p12_endsFixedGradient,robin,1,100,0.5,12,endsFixedGradient,exact initial fields,tutorial,_87ed40d2-20251219 OPENFOAM=2512 version=2512,11.565833333333334,329.5,8-9,-0.0042694452805635,0.0012099821662228116,0.07061174738709441,0.012602225963106006,-0.0001699455189805506,0.008001806609625461,-0.003826061283645253,0.008687064937912936,0.0043445985351289775,0.007633726800175378,0.008221048803157594,-0.020751668455025834,0.1442726335008134,-0.020638098610812873,0.14425882963517395,0.007359149650765898,0.018525688773971434,-0.001944136933727858,-0.0020396299506648674,-0.0006688681577341482,-0.006877239946023961,-0.0009254438773169365,-0.004275843040735583,0.003439601297589578,-0.0027199439438100326,-0.0033507893160886868
robin_m1_n100_p12_endsFixedGradient,robin,1,100,0.5,12,endsFixedGradient,exact initial fields,tutorial,_87ed40d2-20251219 OPENFOAM=2512 version=2512,11.565833333333334,329.5,9-10,-0.004268617248117557,0.001210876068804767,0.07061026057892139,0.012602198068705439,-0.00016992110413032672,0.008001759580804846,-0.0038260166251684533,0.008687084653983268,0.004344627530785953,0.007633681073117016,0.008221049210053137,-0.02075168698257784,0.14427263434323898,-0.0206381157731016,0.1442588353088127,0.00735923774491381,0.018525709743145918,-0.0019441761868412843,-0.0020396357778775798,-0.0006686254870337249,-0.006877342468413983,-0.0009251229261742104,-0.004275835952219809,0.003439786588280755,-0.00272014667968834,-0.0033505768838583095
robin_m1_n100_p12_fluxConsistent,robin,1,100,0.5,12,fluxConsistent,exact initial fields,tutorial,_87ed40d2-20251219 OPENFOAM=2512 version=2512,12.341666666666667,367.76,10-11,-0.004179087691758343,0.0014277740988661858,0.04936945891669353,0.01142171546846038,-0.0009845724662725713,0.0071002132491087,-0.004138038446188329,0.007974972735741215,0.0034955040498324784,0.005659325460639852,0.0057998608383778615,-0.020756182539043072,0.14429330638831772,-0.02063997141547791,0.14426061017022393,0.009330656865683407,0.017880431054688617,-0.0019564554276253476,-0.0021826076325835997,0.01080949965054212,-0.008822334366933693,-0.003216727685623455,-0.0061584434046092484,0.0010837680938466357,-0.004760203877839375,-0.005651600827521008
robin_m1_n100_p12_fluxConsistent,robin,1,100,0.5,12,fluxConsistent,exact initial fields,tutorial,_87ed40d2-20251219 OPENFOAM=2512 version=2512,12.341666666666667,367.76,11-12,-0.004178851790888949,0.0014280112143167933,0.049369699569910885,0.011421689106026811,-0.0009845608876487323,0.007100196682045867,-0.004138021917185146,0.007974952378367872,0.0034955050785727667,0.00565927781779707,0.00579986939148978,-0.020756187453637717,0.14429330451611777,-0.020639976304898427,0.14426060905238042,0.009330668397365731,0.017880424975889642,-0.0019564476940069353,-0.002182594685942174,0.010809564116185388,-0.00882238043232797,-0.003216702673613126,-0.006158485186805396,0.0010837837507232987,-0.004760256912258121,-0.005651579240643697
robin_m1_n100_p12_fluxConsistent,robin,1,100,0.5,12,fluxConsistent,exact initial fields,tutorial,_87ed40d2-20251219 OPENFOAM=2512 version=2512,12.341666666666667,367.76,2-3,-0.0049347761889209085,0.0005578713187668338,0.04981232532670532,0.011416069486898328,-0.0008547094037647171,0.007161930094423452,-0.004065775121216444,0.007945577254544922,0.0034963710334823535,0.0056914828165415265,0.005974643547717321,-0.02073815242108353,0.1442968561840224,-0.020624308570093102,0.14426225398844986,0.009204494765267532,0.017990726726221023,-0.0019678277868078187,-0.0022071545838281414,0.01041545437632263,-0.00858341444126387,-0.0032805280368766055,-0.0061721177085899415,0.0009514975522547321,-0.004513662262316753,-0.0055219781401182584
robin_m1_n100_p12_fluxConsistent,robin,1,100,0.5,12,fluxConsistent,exact initial fields,tutorial,_87ed40d2-20251219 OPENFOAM=2512 version=2512,12.341666666666667,367.76,3-4,-0.0040383762727677075,0.001598817062844038,0.04900737258002974,0.011429102934816582,-0.0009701311716916542,0.007095659760081308,-0.0041400315544164994,0.007973450942561966,0.003519404665954197,0.005675690666640865,0.005838460908206817,-0.02075972767637016,0.1442979711065788,-0.020642887883318563,0.144266105229094,0.009354115480824184,0.01790090790831938,-0.0019944706497290188,-0.0022148640598618208,0.0108595169026513,-0.008882815876337213,-0.0031884039205187665,-0.006185719872078832,0.0011322383929225825,-0.004794768499325253,-0.0056461044343355535
robin_m1_n100_p12_fluxConsistent,robin,1,100,0.5,12,fluxConsistent,exact initial fields,tutorial,_87ed40d2-20251219 OPENFOAM=2512 version=2512,12.341666666666667,367.76,4-5,-0.004218588900580245,0.0013825471535975353,0.049458128574566995,0.011424636617626271,-0.000985638815352821,0.007104066841118417,-0.004138279538919254,0.00797630310993025,0.0034918316987419323,0.005664048396690102,0.005807405420676703,-0.02075524513870731,0.14429411279098606,-0.02063915269013193,0.14426118304877936,0.009325749495521035,0.017883328464581936,-0.0019604187789024063,-0.0021881840389397222,0.010785119142719513,-0.008807334563363911,-0.003227711124830144,-0.006152516044433565,0.0010765391656812665,-0.004743464047729851,-0.005657381580985625
robin_m1_n100_p12_fluxConsistent,robin,1,100,0.5,12,fluxConsistent,exact initial fields,tutorial,_87ed40d2-20251219 OPENFOAM=2512 version=2512,12.341666666666667,367.76,5-6,-0.004162766984027733,0.0014455716780894523,0.049345834063762695,0.011422589450658771,-0.0009857772584042053,0.007099457629213601,-0.004138964897211146,0.007976089749715642,0.0034960045014374675,0.005660427965698878,0.005800942635334385,-0.020756551422164416,0.144293536099493,-0.02064030968808986,0.14426092041403657,0.009330919915220556,0.017880805041758877,-0.0019586017943167278,-0.0021841961292835554,0.010813091975351297,-0.008825533619036707,-0.003213006712206784,-0.006157686994916034,0.0010879507354165895,-0.004763158073643026,-0.005652347697960806
robin_m1_n100_p12_fluxConsistent,robin,1,100,0.5,12,fluxConsistent,exact initial fields,tutorial,_87ed40d2-20251219 OPENFOAM=2512 version=2512,12.341666666666667,367.76,6-7,-0.004182364917593828,0.0014241786732283046,0.04937737032311129,0.011421965334312167,-0.0009850311910681775,0.007100434729258032,-0.004138303817695982,0.00797514625407425,0.003495100773523399,0.005659599546314897,0.0057999079046415335,-0.020756108018131252,0.14429334833212773,-0.02063990348976282,0.14426063097108136,0.009330460074419537,0.017880357108349794,-0.001956599334950071,-0.0021828976824272983,0.01080790294859768,-0.008821355866264424,-0.003217925675569999,-0.006157830026347844,0.0010830580200913173,-0.004759039070786009,-0.005652586499303625
robin_m1_n100_p12_fluxConsistent,robin,1,100,0.5,12,fluxConsistent,exact initial fields,tutorial,_87ed40d2-20251219 OPENFOAM=2512 version=2512,12.341666666666667,367.76,7-8,-0.004177633719307683,0.0014292503773010168,0.049366628184628114,0.011421815016555481,-0.0009847140107186439,0.0071001785243580695,-0.004138130205127876,0.007975118967356476,0.003495511262631724,0.005659454708657696,0.005799815808069561,-0.0207562131372604,0.14429330541057767,-0.020640001551368258,0.14426061597465437,0.00933049418588495,0.017880421644320604,-0.0019564955846306242,-0.0021826008713133893,0.010809565339809257,-0.008822367670280218,-0.0032163741475371367,-0.006158175943596578,0.001084050350244012,-0.004760331395223361,-0.005651565053062749
robin_m1_n100_p12_fluxConsistent,robin,1,100,0.5,12,fluxConsistent,exact initial fields,tutorial,_87ed40d2-20251219 OPENFOAM=2512 version=2512,12.341666666666667,367.76,8-9,-0.004179164888632014,0.0014276586737864694,0.04936941457112165,0.011421768626429296,-0.0009846153190085972,0.007100252121228667,-0.0041380802184358585,0.007975012125674308,0.003495481097864011,0.005659410783299235,0.005799835575989584,-0.020756180146674807,0.14429330627708636,-0.020639969815449986,0.14426060874654537,0.00933058206446521,0.017880433266384263,-0.0019564455781369006,-0.0021826068633962192,0.01080929585071888,-0.008822206077567785,-0.003216837467773179,-0.006158344664966453,0.0010836952418909727,-0.004760057082653479,-0.005651685337514366
robin_m1_n100_p12_fluxConsistent,robin,1,100,0.5,12,fluxConsistent,exact initial fields,tutorial,_87ed40d2-20251219 OPENFOAM=2512 version=2512,12.341666666666667,367.76,9-10,-0.004178761742453352,0.0014280896307365953,0.04936890189065579,0.011421741879554137,-0.0009845859444497303,0.00710022257938947,-0.004138052283513975,0.007975000854979708,0.0034955069326498035,0.005659372273667085,0.005799852451104257,-0.02075618907894267,0.14429330528735895,-0.0206399781712954,0.14426061022778858,0.009330596460968585,0.01788043646264465,-0.0019564558258770015,-0.0021826000192309847,0.010809447300654584,-0.008822291968851648,-0.003216686302100637,-0.006158380533691332,0.0010837898819429377,-0.004760178615834221,-0.005651581495057945
robin_m1_n100_p12_pimple4,robin,1,100,0.5,12,pimple4,exact initial fields,tutorial,_87ed40d2-20251219 OPENFOAM=2512 version=2512,10.9325,418.67,10-11,-0.015087909939395794,-0.010070876994934586,0.06077894793525562,0.011119918348253766,-0.0007394794678231889,0.007211243205305973,-0.003978405660056367,0.007504869815929238,0.003387352842201062,0.0048682813023790406,0.006122503790357135,-0.020517854716279756,0.1441959064624323,-0.02041386873317345,0.14413394742832808,0.009373691612125225,0.01774490643259522,-0.001079389794285568,-0.0015086124932757183,0.00965711869035868,-0.007879781084021764,-0.005517612367094331,-0.006721332173181049,-0.0010843018315313418,-0.0028691094104846826,-0.006438977360246466
robin_m1_n100_p12_pimple4,robin,1,100,0.5,12,pimple4,exact initial fields,tutorial,_87ed40d2-20251219 OPENFOAM=2512 version=2512,10.9325,418.67,11-12,-0.015086494434942699,-0.010069385552354593,0.060778865915776636,0.011119892810281806,-0.0007394567118762953,0.00721121455622642,-0.003978400550572154,0.007504841187643496,0.0033873845864044795,0.004868241215658431,0.006122524452858679,-0.0205178856287981,0.14419591386158304,-0.020413898071753398,0.14413395449664881,0.009373763287178575,0.017744926461189425,-0.0010794387812941286,-0.0015086637290430138,0.009657264818978328,-0.007879918975105427,-0.005517577662760237,-0.006721435640328011,-0.0010842519516730054,-0.0028692190934792583,-0.006438971823972557
robin_m1_n100_p12_pimple4,robin,1,100,0.5,12,pimple4,exact initial fields,tutorial,_87ed40d2-20251219 OPENFOAM=2512 version=2512,10.9325,418.67,2-3,-0.015897173745836546,-0.011035120162196432,0.06153380798288377,0.011125884705608602,-0.0006339476966469821,0.007284521448432724,-0.003906277275415361,0.007491046354478614,0.0033644088732610196,0.004920633511286576,0.00628224546481947,-0.020497869243827963,0.1441981348179548,-0.0203970954543378,0.1441339025679084,0.009242809806669777,0.017844571610489007,-0.0010790788889606384,-0.0015240426082374636,0.00918634296551235,-0.007557772519494188,-0.0055883612811089296,-0.006667114597612489,-0.0012376998939501534,-0.0025682740669830117,-0.006317085872353212
robin_m1_n100_p12_pimple4,robin,1,100,0.5,12,pimple4,exact initial fields,tutorial,_87ed40d2-20251219 OPENFOAM=2512 version=2512,10.9325,418.67,3-4,-0.01490052543234155,-0.009844153685917179,0.06037439943652112,0.011128605118196244,-0.0007328716417668545,0.007202158047008078,-0.003986252902585177,0.007506507520692374,0.003411825098526775,0.004885365123927343,0.006153440192069306,-0.020522553917270116,0.14420091168296967,-0.02041775257495815,0.14413995880466213,0.009381164743030097,0.01776202886189125,-0.0011210499124483242,-0.0015432701770643487,0.009736289101744955,-0.007959503085854358,-0.005482784954841393,-0.006750899122432208,-0.0010250151417551673,-0.002920929447819076,-0.006444349138443219
robin_m1_n100_p12_pimple4,robin,1,100,0.5,12,pimple4,exact initial fields,tutorial,_87ed40d2-20251219 OPENFOAM=2512 version=2512,10.9325,418.67,4-5,-0.015138730731783845,-0.010129659791928591,0.06089558889053426,0.01112259497347834,-0.0007416882442919421,0.0072155541731415695,-0.003978698226595812,0.007506330550686169,0.003382033080385044,0.004872287690789623,0.006127819885314122,-0.02051663634936791,0.14419645294872913,-0.020412815391463876,0.14413420487801626,0.00937186597371478,0.017746563110650683,-0.00108117404667607,-0.0015123966491936702,0.009628153509730897,-0.0078601575285836,-0.005531162528993805,-0.006712801457869344,-0.001094916743392621,-0.00284915889384596,-0.006445268156192894
robin_m1_n100_p12_pimple4,robin,1,100,0.5,12,pimple4,exact initial fields,tutorial,_87ed40d2-20251219 OPENFOAM=2512 version=2512,10.9325,418.67,5-6,-0.015066660489381989,-0.01004769146867357,0.060748219177443996,0.011120628628883855,-0.0007406852478265006,0.007210187812649149,-0.003979364101634951,0.007505956520441837,0.0033881040967893667,0.004869075249065435,0.006123047944389803,-0.020518335273168414,0.14419608973914047,-0.0204143091618042,0.1441342266561923,0.009372246267185509,0.017745077014493522,-0.0010813249798066193,-0.0015098815999136095,0.009662438317039834,-0.007884104294691663,-0.0055129578990947845,-0.006720925318449589,-0.0010794419039002376,-0.0028733688233004706,-0.006439336445059081
robin_m1_n100_p12_pimple4,robin,1,100,0.5,12,pimple4,exact initial fields,tutorial,_87ed40d2-20251219 OPENFOAM=2512 version=2512,10.9325,418.67,6-7,-0.015092216141371462,-0.010075575274189896,0.060788200292024364,0.011120108081003055,-0.0007398308143561184,0.007211508898810504,-0.003978616896993078,0.0075049505976061415,0.0033869472411423426,0.00486847664590595,0.006122471359758055,-0.020517757336973565,0.14419593086907526,-0.020413779480292146,0.14413394494805687,0.009374002754701457,0.017744827923723692,-0.0010793726047606533,-0.0015087814982028824,0.009655299624201863,-0.007878669090011226,-0.005519083388772313,-0.006720842644323821,-0.001085299433932662,-0.0028677820539793064,-0.006439933612894273
robin_m1_n100_p12_pimple4,robin,1,100,0.5,12,pimple4,exact initial fields,tutorial,_87ed40d2-20251219 OPENFOAM=2512 version=2512,10.9325,418.67,7-8,-0.015086144780593336,-0.010069086095645718,0.06077534524659112,0.011120008252044844,-0.0007395871292379032,0.007211198433038524,-0.003978477511723067,0.007505011484990609,0.0033873868818086153,0.004868397771716992,0.006122442333449479,-0.02051789183551442,0.14419589959700335,-0.020413905318895618,0.1441339490860684,0.009373359144202674,0.017744901302760345,-0.001079401283258119,-0.0015085649532853296,0.009657225307535544,-0.00787984537002262,-0.005517158504170563,-0.0067210736823715145,-0.0010839759112099036,-0.002869300586876289,-0.006438848984863476
robin_m1_n100_p12_pimple4,robin,1,100,0.5,12,pimple4,exact initial fields,tutorial,_87ed40d2-20251219 OPENFOAM=2512 version=2512,10.9325,418.67,8-9,-0.015086896886202017,-0.010069834220014284,0.06077867676424642,0.011119974150752165,-0.0007395009271588172,0.007211277721286269,-0.003978456131709611,0.007504894855165478,0.0033873599684891087,0.004868374264053177,0.006122482893831833,-0.020517876329447626,0.1441959146627423,-0.02041388973031129,0.14413395284736627,0.009373727580707137,0.017744937235865104,-0.0010794273509391328,-0.0015086692767077858,0.00965694269536499,-0.007879725494120304,-0.00551774782794265,-0.0067213000706353165,-0.001084373908268411,-0.0028689949991825836,-0.006439087771010762
robin_m1_n100_p12_pimple4,robin,1,100,0.5,12,pimple4,exact initial fields,tutorial,_87ed40d2-20251219 OPENFOAM=2512 version=2512,10.9325,418.67,9-10,-0.0150872810124697,-0.010070233786061089,0.06077786444432176,0.011119939889809416,-0.0007394571515952768,0.007211238704010858,-0.003978416092408799,0.007504882807198632,0.0033873999185799536,0.004868333572097372,0.006122512438769926,-0.020517868047806136,0.14419590369033283,-0.020413881768683768,0.14413394610320346,0.009373637512226383,0.017744938082215146,-0.0010793806105066084,-0.001508593297741223,0.009657156178351611,-0.007879839324610782,-0.005517512670225759,-0.006721330935393177,-0.0010842211975267396,-0.002869159796781373,-0.0064389088964232795
robin_m1_n100_p12_tight,robin,1,100,0.5,12,tight,exact initial fields,tight (x0.01),_87ed40d2-20251219 OPENFOAM=2512 version=2512,16.135,572.77,10-11,-0.015087986046413149,-0.010071006282231343,0.060774012868585636,0.011119899095982655,-0.0007395060095730839,0.007211179898135134,-0.003978412370349355,0.007504925037796539,0.003387353536466086,0.004868097602392707,0.006122503811368729,-0.020517852036595008,0.14419588782972986,-0.02041386715573453,0.14413393615968725,0.009373533409315652,0.017744916059115465,-0.0010793116969417538,-0.001508483470228028,0.009657646935211428,-0.007879795249262633,-0.00551730979820837,-0.006721333045323852,-0.0010841971276277895,-0.0028692163640231527,-0.0064387118528487315
robin_m1_n100_p12_tight,robin,1,100,0.5,12,tight,exact initial fields,tight (x0.01),_87ed40d2-20251219 OPENFOAM=2512 version=2512,16.135,572.77,11-12,-0.015087949660619215,-0.010070959364865684,0.060774275532767597,0.011119873265990288,-0.0007394932103219286,0.00721116392513621,-0.003978395188327953,0.0075049047489845755,0.0033873561650671694,0.004868049108071926,0.006122515261938552,-0.020517853009031993,0.1441958877203305,-0.020413867909887952,0.14413393632357563,0.009373558595160822,0.017744909152341736,-0.0010793128327706292,-0.0015084827126868872,0.009657730575372003,-0.007879845521776119,-0.005517283949324188,-0.006721378054121763,-0.001084177998712388,-0.0028692715569909044,-0.0064386917656728505
robin_m1_n100_p12_tight,robin,1,100,0.5,12,tight,exact initial fields,tight (x0.01),_87ed40d2-20251219 OPENFOAM=2512 version=2512,16.135,572.77,2-3,-0.01589849099838292,-0.011036562663690352,0.06152920260296946,0.011125851464063308,-0.0006339933980257379,0.007284457847322123,-0.0039062775238306886,0.007491107199810054,0.0033643784558262378,0.004920457956463231,0.006282227093058251,-0.020497839345691427,0.14419810811292647,-0.020397068152184804,0.144133884801626,0.009242556099915533,0.01784456516624956,-0.0010789557596132537,-0.0015238576936843495,0.009186816190176916,-0.00755772076017569,-0.005588077723029096,-0.006667072996354051,-0.0012376299592070088,-0.002568339750741111,-0.006316814692445484
robin_m1_n100_p12_tight,robin,1,100,0.5,12,tight,exact initial fields,tight (x0.01),_87ed40d2-20251219 OPENFOAM=2512 version=2512,16.135,572.77,3-4,-0.014901272369591156,-0.009845013407759562,0.060370128115722954,0.01112857896748154,-0.0007329364922709125,0.007202102881965322,-0.003986263093723788,0.007506572608017237,0.003411776597800778,0.004885187556912696,0.006153423774638373,-0.020522536098168277,0.14420089047967635,-0.020417737093496285,0.14413994431104038,0.009380965133712635,0.01776201761302284,-0.0011209494727419944,-0.0015431233640257336,0.009736704701728494,-0.007959418109849015,-0.005482561721550435,-0.0067508494610817316,-0.0010249825788067723,-0.0029209522256389286,-0.0064441355523379516
robin_m1_n100_p12_tight,robin,1,100,0.5,12,tight,exact initial fields,tight (x0.01),_87ed40d2-20251219 OPENFOAM=2512 version=2512,16.135,572.77,4-5,-0.015138862116552354,-0.010129842935528655,0.06089080049076401,0.011122564379723254,-0.0007417316066915774,0.007215482119574457,-0.003978711811452498,0.007506384836849067,0.003382021808867614,0.004872104712554615,0.006127814198041064,-0.020516632553425666,0.14419643448530758,-0.02041281266830569,0.14413419343830355,0.009371720951400977,0.017746568838206304,-0.0010810947640013113,-0.0015122687993089912,0.00962867482139762,-0.007860171714485276,-0.005530880865399693,-0.0067128059055812095,-0.0010948244726334132,-0.0028492605618306577,-0.006445015204518895
robin_m1_n100_p12_tight,robin,1,100,0.5,12,tight,exact initial fields,tight (x0.01),_87ed40d2-20251219 OPENFOAM=2512 version=2512,16.135,572.77,5-6,-0.01506811861872781,-0.010049263652721185,0.06074367846230455,0.011120598065427423,-0.0007407372439433692,0.0072101263051160824,-0.003979365160172391,0.007506020244182343,0.0033880671708732654,0.004868885476160489,0.006123034633447292,-0.020518302687154804,0.14419606379319327,-0.02041427893975559,0.14413420861717788,0.009372049262656928,0.017745057058664648,-0.0010811999608498768,-0.001509701936397101,0.009662908746162158,-0.007884039351382932,-0.0055126704782287265,-0.006720871483320234,-0.0010793694575542056,-0.0028734264223061468,-0.0064390617641317234
robin_m1_n100_p12_tight,robin,1,100,0.5,12,tight,exact initial fields,tight (x0.01),_87ed40d2-20251219 OPENFOAM=2512 version=2512,16.135,572.77,6-7,-0.015092742431965456,-0.010076181613757784,0.060783763565001925,0.01112008697154554,-0.0007399013597907636,0.007211452631646242,-0.0039786296493208705,0.007505021641365239,0.003386898487992341,0.004868288155823075,0.006122447596702776,-0.02051774476962215,0.14419591317259284,-0.020413768572082967,0.14413393398099061,0.009373833254541324,0.01774481102495893,-0.0010792965974777413,-0.0015086589580981524,0.009655731081023244,-0.007878584785515175,-0.005518841420532481,-0.0067207809111070604,-0.0010852563657990652,-0.0028678164806942297,-0.006439717480530293
robin_m1_n100_p12_tight,robin,1,100,0.5,12,tight,exact initial fields,tight (x0.01),_87ed40d2-20251219 OPENFOAM=2512 version=2512,16.135,572.77,7-8,-0.01508622757934075,-0.010069220034459647,0.06077044073340576,0.011119983374439313,-0.0007396209519733183,0.007211129982876763,-0.003978487222106108,0.007505066457496712,0.0033873832905931068,0.004868215185934055,0.006122440571887865,-0.02051788905941959,0.14419588107285392,-0.020413903602759957,0.14413393787067785,0.009373205325998864,0.017744909815497405,-0.0010793235549672042,-0.0015084366819060335,0.009657754533666907,-0.007879863093498862,-0.005516860452066952,-0.006721076879388499,-0.0010838730324847581,-0.00286940903370958,-0.006438586264007538
robin_m1_n100_p12_tight,robin,1,100,0.5,12,tight,exact initial fields,tight (x0.01),_87ed40d2-20251219 OPENFOAM=2512 version=2512,16.135,572.77,8-9,-0.01508836013897652,-0.010071414014529712,0.060774119178124586,0.011119948992891926,-0.0007395446971573044,0.007211222009698703,-0.00397845378389018,0.007504958115581495,0.003387327216461916,0.004868183305223761,0.006122471966204662,-0.020517843585694973,0.14419588864463712,-0.02041385940207148,0.1441339347352109,0.009373527501295506,0.01774491884369853,-0.0010793018246039177,-0.0015084891130934253,0.009657409247940452,-0.007879655518282735,-0.005517459047887301,-0.006721244936995219,-0.0010843020201637336,-0.0028690487544318355,-0.006438810752068174
robin_m1_n100_p12_tight,robin,1,100,0.5,12,tight,exact initial fields,tight (x0.01),_87ed40d2-20251219 OPENFOAM=2512 version=2512,16.135,572.77,9-10,-0.015087796758604943,-0.010070831508127154,0.06077338858180115,0.011119924378780954,-0.0007395202524165741,0.007211187433852295,-0.003978425710094785,0.007504954185614476,0.0033873556630934823,0.004868144001601626,0.006122490620995865,-0.020517855659066147,0.1441958858711716,-0.02041387107902526,0.1441339350908964,0.009373463024551882,0.01774492245214657,-0.0010793042896832805,-0.0015084699080949449,0.009657587329444883,-0.007879751896348486,-0.00551726488291221,-0.006721266841059115,-0.0010841754484580974,-0.002869193443600926,-0.006438689193845883
robin_m1_n200_p12,robin,1,200,0.25,12,base,exact initial fields,tutorial,_87ed40d2-20251219 OPENFOAM=2512 version=2512,12.221666666666666,604.03,10-11,-0.008490651542734984,-0.002409894729213158,0.05260113449758208,0.01105572156504131,-0.0005172990419672171,0.006941902698673674,-0.0038754526242664724,0.007520452685707113,0.0038509179505865805,0.005609660313279585,0.0062375632686082535,-0.02067664075202634,0.1442749278426238,-0.02055060740078385,0.1442359363221815,0.010216968374083214,0.017816080152825743,-0.0017857242257736106,-0.0020555000830320136,0.01234454001863039,-0.009706608400732897,-0.0037128819886813914,-0.007142920573125933,0.0006776269830482289,-0.004955994705499567,-0.005920162209666163
robin_m1_n200_p12,robin,1,200,0.25,12,base,exact initial fields,tutorial,_87ed40d2-20251219 OPENFOAM=2512 version=2512,12.221666666666666,604.03,11-12,-0.008488967970651906,-0.002408213066202647,0.05260142724330419,0.011055695533285448,-0.0005172821296250503,0.006941888017878206,-0.0038754365318452583,0.007520428706219162,0.003850923849301929,0.005609611607934495,0.006237578071427747,-0.02067667560716549,0.14427492524112998,-0.020550642295491563,0.1442359344529368,0.010216973426029832,0.017816084495623486,-0.0017857112892833982,-0.0020554820885921865,0.012344613258245207,-0.009706663432158757,-0.0037128744969317055,-0.007142977682118801,0.0006776360842487932,-0.0049560406477068275,-0.005920145938360331
robin_m1_n200_p12,robin,1,200,0.25,12,base,exact initial fields,tutorial,_87ed40d2-20251219 OPENFOAM=2512 version=2512,12.221666666666666,604.03,2-3,-0.009618277774163131,-0.0037548895692233186,0.05273927495772823,0.0110602723050639,-0.0002662173751957002,0.007061144599653568,-0.0037433810710029323,0.007485348213033927,0.003875383162731493,0.005695620642380161,0.006507446779166098,-0.020648763595894494,0.14427686900105668,-0.02052723555460513,0.14423605856179048,0.009905778982879058,0.018060250006980666,-0.0017865702092533242,-0.002068926825620543,0.011686071023452538,-0.009284580652356489,-0.0037823224862049776,-0.007115356722151134,0.00048825302361919554,-0.004518668686402161,-0.005557295079527776
robin_m1_n200_p12,robin,1,200,0.25,12,base,exact initial fields,tutorial,_87ed40d2-20251219 OPENFOAM=2512 version=2512,12.221666666666666,604.03,3-4,-0.008292504872414286,-0.002151739001970965,0.05200461594402106,0.011066818212426277,-0.0004755726790502265,0.006939733853161156,-0.003874097379792103,0.007510046652281499,0.0038990522315031687,0.0056500498160936274,0.006306391244533725,-0.020681991439850993,0.14428345408323665,-0.020554714305510334,0.14424537674166063,0.01027825791365546,0.017861846063012533,-0.0018510543022461912,-0.00211447229837447,0.012455528171232189,-0.009821418005559357,-0.003687350680276681,-0.00721987959067838,0.0007479541043638165,-0.0050142936749233424,-0.0059187923304516036
robin_m1_n200_p12,robin,1,200,0.25,12,base,exact initial fields,tutorial,_87ed40d2-20251219 OPENFOAM=2512 version=2512,12.221666666666666,604.03,4-5,-0.00855401525175803,-0.002485941723031626,0.05270331481842394,0.011060357400106247,-0.0005137845827405365,0.00694964474482318,-0.0038722278237812505,0.00752227417315221,0.0038471476385031106,0.00562031478973446,0.006251359093730796,-0.02067506455719126,0.1442759008945569,-0.02054929408718815,0.1442366312074015,0.010202906531230927,0.017823378841427328,-0.0017905332977881105,-0.002062230602950854,0.012302376871633491,-0.009677158633234373,-0.0037241268075276905,-0.007132882303180765,0.000666053523215995,-0.004926416495054098,-0.005919450535001498
robin_m1_n200_p12,robin,1,200,0.25,12,base,exact initial fields,tutorial,_87ed40d2-20251219 OPENFOAM=2512 version=2512,12.221666666666666,604.03,5-6,-0.008467658969206981,-0.0023833953145389053,0.05256245980010843,0.011057155465247215,-0.0005178112548221562,0.006941035683208918,-0.003876743270222327,0.007521482966557302,0.0038527449201243456,0.005612302455652918,0.006240065969290001,-0.02067718999452029,0.14427544636984657,-0.02055108395842039,0.14423656208763092,0.010219168096737645,0.017817593370358594,-0.001790054944669217,-0.002059086704338964,0.012352460281186639,-0.009713591470869698,-0.003708719770813904,-0.007144217642791273,0.0006839914908813203,-0.004960833168774048,-0.00592166400500032
robin_m1_n200_p12,robin,1,200,0.25,12,base,exact initial fields,tutorial,_87ed40d2-20251219 OPENFOAM=2512 version=2512,12.221666666666666,604.03,6-7,-0.008493675211031726,-0.002413672374805942,0.05261184479862169,0.011056138475016075,-0.0005176999672041622,0.006942359197472214,-0.003875638791195716,0.00752072904181178,0.0038503807685373688,0.005610336712938979,0.006237906756262598,-0.020676562454316292,0.14427499139602282,-0.02055054473045182,0.14423596813083212,0.010216360974757963,0.01781619468596559,-0.0017859443639924866,-0.0020559396794193052,0.012341757346167936,-0.009704686882545444,-0.0037143432345474662,-0.007141900637549936,0.0006766065402468749,-0.004953961464247203,-0.0059210858710275335
robin_m1_n200_p12,robin,1,200,0.25,12,base,exact initial fields,tutorial,_87ed40d2-20251219 OPENFOAM=2512 version=2512,12.221666666666666,604.03,7-8,-0.008488576819276616,-0.0024076718226130334,0.05259725500043788,0.011055868943258274,-0.0005174584641967722,0.006941843123943858,-0.003875589590214648,0.007520629815310986,0.0038509825921989255,0.005609893339530547,0.006237573130553389,-0.020676686825299273,0.14427494524960296,-0.02055065040272561,0.14423596341512454,0.010216885000592741,0.01781611318296763,-0.00178591172798781,-0.0020556204864677907,0.012344894275687412,-0.009706877407767323,-0.0037124233909670594,-0.007142713763132136,0.0006780954477870016,-0.00495627968110357,-0.005920201817263809
robin_m1_n200_p12,robin,1,200,0.25,12,base,exact initial fields,tutorial,_87ed40d2-20251219 OPENFOAM=2512 version=2512,12.221666666666666,604.03,8-9,-0.00848932548528436,-0.0024086373556980734,0.052601431173270985,0.011055788007116929,-0.0005173530325053085,0.006941955034331482,-0.003875500580753451,0.007520501025302773,0.0038508798665556486,0.005609773219511283,0.006237545186006057,-0.020676666813091226,0.1442749287709903,-0.020550634885432482,0.1442359353428693,0.010216850786881788,0.017816094360984806,-0.0017857174482431848,-0.0020555065045096965,0.012344250240242216,-0.0097064239823077,-0.0037130367560574405,-0.007142792418084354,0.0006775233587506736,-0.004955785316061778,-0.005920267715662284
robin_m1_n200_p12,robin,1,200,0.25,12,base,exact initial fields,tutorial,_87ed40d2-20251219 OPENFOAM=2512 version=2512,12.221666666666666,604.03,9-10,-0.008488684132043067,-0.0024079275382138388,0.052600519132168566,0.011055750410146503,-0.0005173204705388911,0.006941907747893827,-0.0038754762834908793,0.00752048390753135,0.003850922182535678,0.00560970874874922,0.006237545871108191,-0.02067668152518695,0.14427492718927015,-0.020550648178497936,0.14423593347577454,0.010216979757641229,0.017816078436070266,-0.0017857045266320704,-0.0020554955638082406,0.01234451662479108,-0.009706591324208702,-0.0037128545240121638,-0.007142867208364212,0.000677650303828337,-0.004955980828800888,-0.0059201576371555355
robin_m1_n200_p12_endsFixedGradient,robin,1,200,0.25,12,endsFixedGradient,exact initial fields,tutorial,_87ed40d2-20251219 OPENFOAM=2512 version=2512,12.76125,608.25,10-11,-0.001999769696487741,0.004364753720499159,0.07134076622106367,0.012655776114440576,0.0005411684809807591,0.008000153416579447,-0.003448012754523057,0.008605497856875033,0.005102436386038842,0.008355739027181563,0.009427686068262556,-0.02081705611047454,0.1443065425996136,-0.020685141245285317,0.14431163344040718,0.00857036071638343,0.018817841615408334,-0.002309326808922485,-0.002274130314799838,-0.0013217761777454262,-0.00807197162705442,0.000855778146114606,-0.004688159428814287,0.0052680311672491514,-0.0037444986307038075,-0.002257662136751025
robin_m1_n200_p12_endsFixedGradient,robin,1,200,0.25,12,endsFixedGradient,exact initial fields,tutorial,_87ed40d2-20251219 OPENFOAM=2512 version=2512,12.76125,608.25,11-12,-0.001999291959127736,0.004365147076472287,0.0713414206132037,0.012655750297396962,0.0005411854695712567,0.008000125817816173,-0.0034480217332919947,0.008605450777253054,0.005102469945023609,0.008355698648718102,0.009427689259092873,-0.02081706426340238,0.14430651743782,-0.02068515114715154,0.14431160893512104,0.008570287401013552,0.018817857891592626,-0.0023091573929232556,-0.0022739563477965907,-0.0013215760529025067,-0.008072209349382242,0.0008556840839273413,-0.0046883358183011925,0.0052680469602186435,-0.0037446311402729027,-0.002257816892872669
robin_m1_n200_p12_endsFixedGradient,robin,1,200,0.25,12,endsFixedGradient,exact initial fields,tutorial,_87ed40d2-20251219 OPENFOAM=2512 version=2512,12.76125,608.25,2-3,-0.002448065053216708,0.0036790054321540477,0.07045140182984366,0.012629102589375663,0.0007842211053715477,0.008077834093061176,-0.003300871510873093,0.008578518158613768,0.005125332703365922,0.008334968387960773,0.009713501407261883,-0.020802842887098008,0.14429827494148167,-0.020675849611383867,0.14430492997252747,0.008225852988584342,0.019058957626735068,-0.0022629805934266667,-0.002216964999391391,-0.002000013814091539,-0.007658875712887814,0.000985307258642328,-0.004583083307695746,0.00518992983873917,-0.003400808209313544,-0.0017268429293587962
robin_m1_n200_p12_endsFixedGradient,robin,1,200,0.25,12,endsFixedGradient,exact initial fields,tutorial,_87ed40d2-20251219 OPENFOAM=2512 version=2512,12.76125,608.25,3-4,-0.001982171464216531,0.004449372277777419,0.07103767938933392,0.012658845073958869,0.0005868068984514214,0.00800012865131916,-0.0034470900873837533,0.00858162859294187,0.005145780970260443,0.008373551683931613,0.009505044026296679,-0.02081880996458812,0.14431613588278566,-0.02068550599662419,0.1443211908614228,0.008664482735655845,0.018862039472907675,-0.0023753971465502177,-0.0023404532296800173,-0.0012464311128073113,-0.008190735916387526,0.0008209380487499987,-0.004795630219861624,0.005301545403322656,-0.003784166374683706,-0.00229127856403229
robin_m1_n200_p12_endsFixedGradient,robin,1,200,0.25,12,endsFixedGradient,exact initial fields,tutorial,_87ed40d2-20251219 OPENFOAM=2512 version=2512,12.76125,608.25,4-5,-0.0020186221482598743,0.0043295660458109175,0.07135620692674594,0.012658773518532618,0.000546124856266686,0.00800605692141354,-0.003441953751858277,0.008608296597976572,0.005099123440735233,0.008361752303490011,0.009444426818204595,-0.020816326789980497,0.1443068474061372,-0.020684750498253517,0.14431193604703224,0.008545366585034252,0.018825578462276938,-0.0023114188590726004,-0.0022762377224475605,-0.0013676488679578158,-0.008038724803937747,0.0008624454057143914,-0.004671674623778155,0.00526414556383503,-0.0037191547099225675,-0.002241658309898827
robin_m1_n200_p12_endsFixedGradient,robin,1,200,0.25,12,endsFixedGradient,exact initial fields,tutorial,_87ed40d2-20251219 OPENFOAM=2512 version=2512,12.76125,608.25,5-6,-0.001991956341713008,0.004377184886330099,0.0713229613282298,0.012656918062093236,0.0005410583125828544,0.007999505041974109,-0.0034496442268469683,0.008605457083764367,0.005104352898837193,0.008357483402694044,0.009431076980553616,-0.020817313766147604,0.1443072387078098,-0.02068530318948353,0.1443123636243216,0.008576573541574465,0.018819532638593536,-0.002314374870383218,-0.002278943137508316,-0.001314764661871859,-0.008080648349711783,0.000854716852724494,-0.0046925218111446565,0.0052720204801979045,-0.0037483398638391563,-0.0022626992872852255
robin_m1_n200_p12_endsFixedGradient,robin,1,200,0.25,12,endsFixedGradient,exact initial fields,tutorial,_87ed40d2-20251219 OPENFOAM=2512 version=2512,12.76125,608.25,6-7,-0.002001342881519763,0.004362229821903485,0.07134522770971974,0.012656157898029319,0.0005408324042711611,0.008000530031665454,-0.00344799426342168,0.008605937473527003,0.005101889719832327,0.008356263436229971,0.009428285068057063,-0.020817003798664024,0.14430659375922056,-0.020685108638524713,0.14431167398241249,0.008568620108149553,0.01881803589361637,-0.0023096070938047886,-0.002274484028805701,-0.0013249623113230635,-0.008069540759507499,0.0008557390226569709,-0.0046864501534421565,0.00526762851648693,-0.00374262858749419,-0.0022574398182451678
robin_m1_n200_p12_endsFixedGradient,robin,1,200,0.25,12,endsFixedGradient,exact initial fields,tutorial,_87ed40d2-20251219 OPENFOAM=2512 version=2512,12.76125,608.25,7-8,-0.00199873815946916,0.004366053435985284,0.07133829455561247,0.01265592296784912,0.0005410178544463358,0.008000109115117837,-0.0034482000550085583,0.008605607426843243,0.005102517927785038,0.008355937532744884,0.009427760807624055,-0.02081708304914408,0.144306581212031,-0.020685162625529812,0.1443116762883986,0.008570659120110385,0.0188178828069516,-0.0023096230361059344,-0.002274397278422824,-0.0013213442669560704,-0.008072433427398162,0.0008558365372681203,-0.004688195905992565,0.005268354169374696,-0.003744739869505853,-0.0022580276147725186
robin_m1_n200_p12_endsFixedGradient,robin,1,200,0.25,12,endsFixedGradient,exact initial fields,tutorial,_87ed40d2-20251219 OPENFOAM=2512 version=2512,12.76125,608.25,8-9,-0.0019994618599114,0.004364844695947667,0.07134091893358052,0.012655845205744809,0.0005411157369567445,0.00800019643717409,-0.003448068725429158,0.00860554061050478,0.005102417134012488,0.008355847073785894,0.009427674509160865,-0.02081705799608533,0.14430651616059206,-0.020685147625687714,0.14431160619029318,0.00856998372358133,0.018817863295541415,-0.0023091384166974427,-0.002273947517124064,-0.0013219683422726058,-0.008071886248214755,0.0008556273656270191,-0.00468806838977498,0.005267965795844125,-0.0037443565976978954,-0.002257837190610928
robin_m1_n200_p12_endsFixedGradient,robin,1,200,0.25,12,endsFixedGradient,exact initial fields,tutorial,_87ed40d2-20251219 OPENFOAM=2512 version=2512,12.76125,608.25,9-10,-0.0019998283703271946,0.004364952012890555,0.07134012888753483,0.01265580707199998,0.0005411480050738452,0.008000147174575867,-0.003448052141278589,0.008605519664754313,0.005102462700059038,0.008355798998242125,0.009427673231055261,-0.02081706022039957,0.14430657883756934,-0.020685140029176725,0.14431166853587038,0.008570639111365562,0.01881785407746317,-0.0023095694394502653,-0.002274380861560843,-0.0013216858861930803,-0.00807207416183553,0.0008557890401577031,-0.00468816850292153,0.005268091504979276,-0.0037445532651392277,-0.002257732558067391
robin_m1_n200_p12_fluxConsistent,robin,1,200,0.25,12,fluxConsistent,exact initial fields,tutorial,_87ed40d2-20251219 OPENFOAM=2512 version=2512,13.865416666666667,714.19,10-11,-0.0020843495370290732,0.00438815636876555,0.04595117275436422,0.01124043037714384,-0.0006594737422480169,0.006878543108239876,-0.003974387937696593,0.0077984989025885465,0.003923114973344019,0.006089133456139484,0.006056995488728478,-0.020817541167561907,0.1443360736531675,-0.020683388193637655,0.14431443819077913,0.01045277328355488,0.017896187316455772,-0.002328716922079588,-0.0024782642872992477,0.013071635114398905,-0.010310101957883622,-0.002362962022145927,-0.006847332226444847,0.0019762470444119906,-0.006096024083706686,-0.005492091913271654
robin_m1_n200_p12_fluxConsistent,robin,1,200,0.25,12,fluxConsistent,exact initial fields,tutorial,_87ed40d2-20251219 OPENFOAM=2512 version=2512,13.865416666666667,714.19,11-12,-0.002084935911211838,0.004387468815330919,0.045951350183886186,0.011240402110333614,-0.0006594551121778029,0.006878524731721569,-0.003974371190552373,0.0077984742355743375,0.003923123887932665,0.006089080580205186,0.006057004520584376,-0.020817526916924005,0.14433605231070892,-0.020683376040100586,0.14431441864874722,0.010452642198621773,0.017896175303717708,-0.0023285818245319945,-0.002478116787308915,0.013071728854955778,-0.010310168408443232,-0.002362940621847925,-0.00684739177948579,0.0019762625583003815,-0.006096087882965895,-0.005492066171362753
robin_m1_n200_p12_fluxConsistent,robin,1,200,0.25,12,fluxConsistent,exact initial fields,tutorial,_87ed40d2-20251219 OPENFOAM=2512 version=2512,13.865416666666667,714.19,2-3,-0.0031571690664271568,0.0031210788771554032,0.04583105150766875,0.011232757769351842,-0.000388632483434804,0.006990088232003311,-0.0038384822903958075,0.0077494206886141725,0.003965234253655251,0.00614569587291669,0.006320878147676514,-0.020791278972337054,0.14433699032258213,-0.020661152303482047,0.14431383908094944,0.010149415212725357,0.018141585103765123,-0.002324575152473196,-0.0024845994454837372,0.012458935540967442,-0.009942981461631972,-0.002429391348708858,-0.006864058739981749,0.00179729573526373,-0.005696480985445618,-0.005103738965948615
robin_m1_n200_p12_fluxConsistent,robin,1,200,0.25,12,fluxConsistent,exact initial fields,tutorial,_87ed40d2-20251219 OPENFOAM=2512 version=2512,13.865416666666667,714.19,3-4,-0.0019214504315452352,0.004604905642000556,0.045364825345537874,0.011248453972737993,-0.0006079908292327439,0.0068794444683761835,-0.00396694105968839,0.0077839876534000485,0.00397206326704309,0.0061273373920049945,0.00613127236440141,-0.02082203364080544,0.1443439167567052,-0.020686764536551563,0.1443230447540462,0.010518266953199969,0.017945188698203902,-0.002388212070842388,-0.002532465852769339,0.013164824032348976,-0.010413261136481555,-0.0023420822265462354,-0.006928389981223582,0.002036943452644377,-0.006144099714044504,-0.005478778852552057
robin_m1_n200_p12_fluxConsistent,robin,1,200,0.25,12,fluxConsistent,exact initial fields,tutorial,_87ed40d2-20251219 OPENFOAM=2512 version=2512,13.865416666666667,714.19,4-5,-0.002143944338329984,0.004316788404266081,0.04602702830044447,0.011244722590432188,-0.0006533887823289145,0.006886279162182429,-0.003970054631312103,0.00779950786331729,0.003921134323124183,0.00610002991681724,0.006072920666878797,-0.020816061953047485,0.14433710834063335,-0.020682152996645747,0.14431523713464378,0.01043658519938103,0.017904876146947395,-0.002334240132007892,-0.0024854150695805544,0.013031426258018897,-0.010282962358641012,-0.002372032272904318,-0.006839941864348775,0.001966185587163524,-0.00606796155460021,-0.005488498847213206
robin_m1_n200_p12_fluxConsistent,robin,1,200,0.25,12,fluxConsistent,exact initial fields,tutorial,_87ed40d2-20251219 OPENFOAM=2512 version=2512,13.865416666666667,714.19,5-6,-0.0020665123855412304,0.004409289499962776,0.04591422197097872,0.011241903933937758,-0.0006594543317830988,0.006877944658955304,-0.003975475207830185,0.007799315685890207,0.003925100505423727,0.00609205076297159,0.006060176202312061,-0.020817979185300275,0.1443366171826134,-0.02068375789695709,0.144315077906849,0.01045579123909734,0.017898084064313986,-0.0023331393730215977,-0.0024820206621324337,0.013078642360902615,-0.01031669264325874,-0.002359517583176517,-0.006849014334756487,0.001982156576261392,-0.006100077449841201,-0.0054934546482270875
robin_m1_n200_p12_fluxConsistent,robin,1,200,0.25,12,fluxConsistent,exact initial fields,tutorial,_87ed40d2-20251219 OPENFOAM=2512 version=2512,13.865416666666667,714.19,6-7,-0.0020885936766509294,0.004383027088469493,0.04596014776190205,0.011240887544546885,-0.0006597866950684317,0.006879005976923924,-0.003974535447062697,0.0077988011491922915,0.00392265901256886,0.006089927646435456,0.006057534190976998,-0.020817434855074004,0.1443361264661228,-0.02068330022709729,0.14431446455913294,0.010451605933838683,0.017896407809495942,-0.0023288992111485385,-0.0024786292830361045,0.013068936988852586,-0.010308251135570434,-0.0023641587417653842,-0.006846324707172946,0.0019754436359190435,-0.006094058775126254,-0.005492852065579487
robin_m1_n200_p12_fluxConsistent,robin,1,200,0.25,12,fluxConsistent,exact initial fields,tutorial,_87ed40d2-20251219 OPENFOAM=2512 version=2512,13.865416666666667,714.19,7-8,-0.0020824877468466063,0.00439018040791983,0.0459476114817019,0.011240593486506967,-0.0006596276168465563,0.006878497504804626,-0.003974532931563635,0.007798672993022615,0.003923184895876454,0.006089402357061013,0.006057053726530468,-0.020817583118990898,0.14433609868712102,-0.020683426782198783,0.14431447195421165,0.010452799880213477,0.017896241672973476,-0.002328950334616775,-0.002478437299546332,0.013071982245476788,-0.010310380428211419,-0.0023625728376137165,-0.006847153454021537,0.001976702254153708,-0.006096267662367039,-0.005492191036764724
robin_m1_n200_p12_fluxConsistent,robin,1,200,0.25,12,fluxConsistent,exact initial fields,tutorial,_87ed40d2-20251219 OPENFOAM=2512 version=2512,13.865416666666667,714.19,8-9,-0.00208523624412027,0.004387100050676995,0.04595128530193948,0.011240498993025705,-0.0006595283539431881,0.006878591295278014,-0.0039744353093041675,0.00779855297489318,0.0039230815966457755,0.006089252202998718,0.006056986100743964,-0.020817519273690344,0.14433605675612765,-0.020683369815223635,0.14431442076542156,0.01045248231095719,0.01789618812154078,-0.002328596457480403,-0.0024781475100719152,0.013071383158328453,-0.010309928629490872,-0.002363077313727503,-0.006847195973565312,0.0019761724867518402,-0.006095836286920231,-0.005492176502500969
robin_m1_n200_p12_fluxConsistent,robin,1,200,0.25,12,fluxConsistent,exact initial fields,tutorial,_87ed40d2-20251219 OPENFOAM=2512 version=2512,13.865416666666667,714.19,9-10,-0.002084282907255819,0.004388076763230053,0.045950518407827934,0.01124045996620815,-0.0006594903473142241,0.006878546797417284,-0.003974410394598745,0.007798529095352613,0.0039231261962750985,0.006089188197489159,0.006056985433433231,-0.020817539517610638,0.1443360499382154,-0.020683389574645623,0.14431441362321892,0.010452558181772216,0.01789618455317655,-0.002328547082153687,-0.002478100390752247,0.013071641386865451,-0.01031010544083677,-0.0023629200396734127,-0.0068472881904869665,0.001976287155407673,-0.0060960273382953956,-0.005492088999985716
robin_m1_n200_p12_pimple4,robin,1,200,0.25,12,pimple4,exact initial fields,tutorial,_87ed40d2-20251219 OPENFOAM=2512 version=2512,12.222083333333334,823.19,10-11,-0.008490642870696896,-0.0024098756540863464,0.052601105609374255,0.011055723980955667,-0.0005172962928906166,0.006941904021856349,-0.0038754516386370064,0.00752045426655612,0.003850920198518547,0.005609661623512174,0.00623756455828205,-0.020676641147388666,0.1442749293032625,-0.020550607580525623,0.1442359380589765,0.010216976530423583,0.017816080769206585,-0.0017857362456180637,-0.002055510186217302,0.012344543514353656,-0.009706606263609752,-0.0037128788470226744,-0.007142920006612763,0.0006776275719547422,-0.004955993946613946,-0.005920158270978246
robin_m1_n200_p12_pimple4,robin,1,200,0.25,12,pimple4,exact initial fields,tutorial,_87ed40d2-20251219 OPENFOAM=2512 version=2512,12.222083333333334,823.19,11-12,-0.008488955359041928,-0.0024081903435949625,0.05260139190193969,0.011055698113048074,-0.0005172794076134889,0.006941889296442794,-0.0038754354907145467,0.0075204306064939885,0.0038509261802622233,0.005609613119154533,0.00623757941879393,-0.020676676078127655,0.14427492666120437,-0.020550642556887228,0.1442359361699976,0.010216980600391019,0.01781608515889125,-0.001785723172553766,-0.002055491911196028,0.012344616765708638,-0.009706660897316421,-0.003712869902810447,-0.007142976325327455,0.0006776374162650269,-0.004956040142654605,-0.005920140948053228
robin_m1_n200_p12_pimple4,robin,1,200,0.25,12,pimple4,exact initial fields,tutorial,_87ed40d2-20251219 OPENFOAM=2512 version=2512,12.222083333333334,823.19,2-3,-0.00961825619882517,-0.0037548684586610204,0.0527392067172161,0.011060275048144996,-0.00026621407662157743,0.007061145434611227,-0.0037433795064840732,0.007485350445851635,0.003875386344307544,0.0056956234167406805,0.0065074504749787,-0.020648764033444456,0.1442768689761044,-0.020527236001788306,0.14423605868290343,0.009905775880094662,0.018060251626263013,-0.0017865710474389562,-0.0020689266530311556,0.01168607730467186,-0.009284580756090843,-0.0037823123461573436,-0.007115355478662044,0.0004882594049439624,-0.004518670950321324,-0.005557287786098833
robin_m1_n200_p12_pimple4,robin,1,200,0.25,12,pimple4,exact initial fields,tutorial,_87ed40d2-20251219 OPENFOAM=2512 version=2512,12.222083333333334,823.19,3-4,-0.008292503748995594,-0.0021517386858045384,0.05200458823359555,0.011066820454947779,-0.00047557027575856537,0.0069397350112954115,-0.0038740964751297173,0.007510048087189691,0.003899054216746706,0.005650051227030328,0.0063063932310134675,-0.020681991446404042,0.1442834540119346,-0.020554714328794972,0.14424537670478113,0.010278257005994523,0.017861846537205867,-0.0018510540470475512,-0.0021144718052390488,0.012455531897597627,-0.009821416924745363,-0.0036873472828129433,-0.007219879236177729,0.0007479559258057974,-0.0050142933533131595,-0.005918789058128127
robin_m1_n200_p12_pimple4,robin,1,200,0.25,12,pimple4,exact initial fields,tutorial,_87ed40d2-20251219 OPENFOAM=2512 version=2512,12.222083333333334,823.19,4-5,-0.00855400495916303,-0.0024859210249512653,0.05270328575664429,0.011060359408824771,-0.0005137820681333636,0.006949645863933762,-0.0038722267177192173,0.007522275547245272,0.0038471495517119194,0.005620315728094294,0.006251360405413515,-0.020675064986191878,0.14427590236552415,-0.020549294300518543,0.14423663296004696,0.010202914497556895,0.017823379490138028,-0.0017905454272122423,-0.0020622407774411045,0.012302380204707752,-0.009677156512321483,-0.00372412336589053,-0.0071328815221590736,0.0006660543869886559,-0.004926415937242967,-0.0059194465146551085
robin_m1_n200_p12_pimple4,robin,1,200,0.25,12,pimple4,exact initial fields,tutorial,_87ed40d2-20251219 OPENFOAM=2512 version=2512,12.222083333333334,823.19,5-6,-0.00846764725544824,-0.0023833733753018116,0.05256242824021462,0.01105715761428172,-0.0005178087725412501,0.006941036819656965,-0.0038767421701470343,0.007521484540672807,0.0038527468848379835,0.005612303530165619,0.006240067276341495,-0.020677190449245854,0.14427544781894994,-0.02055108420120666,0.14423656382633795,0.010219175590892611,0.01781759401057856,-0.0017900669776421685,-0.0020590967276628014,0.012352463549974546,-0.009713589073426121,-0.003708715725870585,-0.007144216436888007,0.0006839926375857878,-0.0049608326269823255,-0.005921659503526135
robin_m1_n200_p12_pimple4,robin,1,200,0.25,12,pimple4,exact initial fields,tutorial,_87ed40d2-20251219 OPENFOAM=2512 version=2512,12.222083333333334,823.19,6-7,-0.008493666495170693,-0.002413664774283286,0.05261180468788296,0.01105614082510975,-0.0005176976166157278,0.00694236013013394,-0.0038756377935044066,0.007520730928020747,0.003850382955757767,0.005610338017889349,0.006237908382095715,-0.020676562611849206,0.1442749912016118,-0.020550544911101896,0.14423596800968874,0.01021635890285335,0.01781619496190218,-0.001785943525595357,-0.0020559383346864246,0.01234176179837565,-0.00970468570339278,-0.0037143372567683907,-0.007141899304291099,0.0006766096238411533,-0.00495396220319011,-0.005921080806401165
robin_m1_n200_p12_pimple4,robin,1,200,0.25,12,pimple4,exact initial fields,tutorial,_87ed40d2-20251219 OPENFOAM=2512 version=2512,12.222083333333334,823.19,7-8,-0.008488568284575004,-0.0024076528340175596,0.05259722763849162,0.011055871133696549,-0.0005174558380817774,0.006941844370973227,-0.003875588564981296,0.007520631239589015,0.003850984654672997,0.005609894422604622,0.006237574394882582,-0.0206766872188681,0.14427494672203592,-0.02055065057962087,0.14423596516104545,0.010216893270795323,0.017816113810296668,-0.0017859238109855236,-0.0020556306712311567,0.012344897667395882,-0.009706875331348508,-0.0037124204530513353,-0.007142713243221466,0.0006780959775369837,-0.004956278929804991,-0.005920198068613758
robin_m1_n200_p12_pimple4,robin,1,200,0.25,12,pimple4,exact initial fields,tutorial,_87ed40d2-20251219 OPENFOAM=2512 version=2512,12.222083333333334,823.19,8-9,-0.008489313031532997,-0.002408614750099458,0.05260139721296686,0.011055790363305729,-0.0005173504228660039,0.006941956232808355,-0.0038754994912149035,0.0075205027742528685,0.0038508820171711234,0.005609774502709719,0.006237546507035473,-0.020676667281628192,0.14427493020132443,-0.020550635143556276,0.1442359370678074,0.01021685809154006,0.01781609501590751,-0.001785729386029944,-0.0020555163980793267,0.012344253625982127,-0.00970642150601142,-0.0037130323389002523,-0.007142791091517053,0.00067752463442601,-0.004955784802451624,-0.00592026289090185
robin_m1_n200_p12_pimple4,robin,1,200,0.25,12,pimple4,exact initial fields,tutorial,_87ed40d2-20251219 OPENFOAM=2512 version=2512,12.222083333333334,823.19,9-10,-0.008488675400801227,-0.002407919949100612,0.052600477760081255,0.011055752976065758,-0.0005173179940704641,0.0069419087551236824,-0.003875475324041805,0.007520485938072419,0.0038509245540342255,0.00560971027724988,0.006237547521512177,-0.020676681682483385,0.14427492698607078,-0.0205506483594668,0.14423593334725796,0.010216977657744734,0.01781607869818582,-0.0017857036372066482,-0.0020554941582854314,0.012344521186922641,-0.00970659010914432,-0.0037128484109103252,-0.007142865855283009,0.0006776534119599491,-0.004955981540642362,-0.005920152438755493
robin_m1_n200_p12_tight,robin,1,200,0.25,12,tight,exact initial fields,tight (x0.01),_87ed40d2-20251219 OPENFOAM=2512 version=2512,19.35875,1194.25,10-11,-0.00848643515431291,-0.002405492903833073,0.052593827452233066,0.011055714076696477,-0.0005174200735314935,0.006941764811752682,-0.0038754655579895524,0.00752058478950679,0.003850910616517005,0.0056097533194621185,0.006237295947355162,-0.02067673198685471,0.14427494550535486,-0.020550694792136483,0.14423594774448,0.010217296096442608,0.01781607676251141,-0.0017858032761185472,-0.0020556222554940495,0.012345344675428471,-0.009706817037291149,-0.0037119369515852345,-0.0071425242032903125,0.0006781617964819416,-0.004956628522022166,-0.005919768611403122
robin_m1_n200_p12_tight,robin,1,200,0.25,12,tight,exact initial fields,tight (x0.01),_87ed40d2-20251219 OPENFOAM=2512 version=2512,19.35875,1194.25,11-12,-0.008486418164839082,-0.002405464674312796,0.05259408469746374,0.011055686953806099,-0.0005174064040750989,0.006941747906048956,-0.003875448558982048,0.007520562828656541,0.0038509140110615505,0.005609702894300739,0.006237306893783654,-0.02067673257195639,0.1442749450384885,-0.020550695144270336,0.1442359475284715,0.010217333411527111,0.01781607072556192,-0.0017858017811877014,-0.0020556190261969975,0.012345426639458257,-0.009706870494309627,-0.003711915765376474,-0.007142573711139799,0.000678177418889241,-0.004956683843084009,-0.005919751326277598
robin_m1_n200_p12_tight,robin,1,200,0.25,12,tight,exact initial fields,tight (x0.01),_87ed40d2-20251219 OPENFOAM=2512 version=2512,19.35875,1194.25,2-3,-0.009615661129752207,-0.00375206799273875,0.052731897628744084,0.011060272639666247,-0.00026638879953485125,0.007060988616155894,-0.0037434156835715843,0.007485503978003516,0.0038753609868011343,0.005695694555114539,0.006507146617070654,-0.020648822077552458,0.14427688685129345,-0.020527289788720097,0.1442360700825415,0.009906150113407517,0.01806020469773309,-0.0017866499408238923,-0.0020690502917302123,0.011686962656283884,-0.009284830230033903,-0.003781314096400551,-0.007114927631867052,0.0004888580093232686,-0.004519358182365263,-0.005556932665071734
robin_m1_n200_p12_tight,robin,1,200,0.25,12,tight,exact initial fields,tight (x0.01),_87ed40d2-20251219 OPENFOAM=2512 version=2512,19.35875,1194.25,3-4,-0.008290085107449663,-0.0021491393353482158,0.05199746107952152,0.01106680777039859,-0.0004757049582626371,0.0069395944754711,-0.00387411140396319,0.007510178857247807,0.0038990354309325504,0.00565013137826198,0.006306107400481651,-0.02068204532207431,0.14428347067944736,-0.020554764458985807,0.14424538989825852,0.010278529256135845,0.017861834422633543,-0.001851145343244598,-0.0021145870801884126,0.01245632276332942,-0.009821616589616111,-0.003686406964472231,-0.007219470441298448,0.000748483194967802,-0.005014930446141541,-0.00591841434211948
robin_m1_n200_p12_tight,robin,1,200,0.25,12,tight,exact initial fields,tight (x0.01),_87ed40d2-20251219 OPENFOAM=2512 version=2512,19.35875,1194.25,4-5,-0.008549774287139211,-0.002481516892943958,0.05269598088883165,0.011060349458350549,-0.0005139068430392853,0.006949505852040794,-0.003872240445266615,0.007522407161408173,0.0038471397802133456,0.005620403722160772,0.0062510872126224255,-0.02067515626882876,0.14427591788828625,-0.02054938198792153,0.1442366420577238,0.01020323120339306,0.017823371999962756,-0.001790608388931969,-0.002062348146367632,0.012303184473815065,-0.009677366948390165,-0.003723174467091414,-0.00713248192449456,0.0006665911578639903,-0.004927055144055115,-0.0059190526510604895
robin_m1_n200_p12_tight,robin,1,200,0.25,12,tight,exact initial fields,tight (x0.01),_87ed40d2-20251219 OPENFOAM=2512 version=2512,19.35875,1194.25,5-6,-0.00846511291700891,-0.002380650498723935,0.05255512108160709,0.011057147289079916,-0.0005179345173586199,0.006940896284872489,-0.003876754853358715,0.007521616712056423,0.003852735496173655,0.0056123925462612245,0.006239794025123802,-0.020677246885191354,0.1442754661191906,-0.020551136729399528,0.1442365750995521,0.0102195277533872,0.017817578720213258,-0.0017901449955396442,-0.0020592233088423395,0.012353273753860305,-0.009713798287032782,-0.0037077619060449994,-0.00714381403668829,0.0006845319043840323,-0.004961476353190997,-0.005921269790053226
robin_m1_n200_p12_tight,robin,1,200,0.25,12,tight,exact initial fields,tight (x0.01),_87ed40d2-20251219 OPENFOAM=2512 version=2512,19.35875,1194.25,6-7,-0.008491188730988086,-0.0024110043839377093,0.05260448778849147,0.011056131154057791,-0.0005178177913671431,0.0069422219192223356,-0.003875645960223227,0.0075208617730040395,0.003850374214138525,0.005610432126124998,0.006237644548139269,-0.02067661775266821,0.14427500913029825,-0.02055059626670336,0.14423598286669037,0.010216623704572029,0.017816199025361017,-0.0017860463464558496,-0.0020560623466431283,0.012342555305918435,-0.009704888490965624,-0.003713373786619684,-0.007141494860261055,0.000677154291882841,-0.004954600985293323,-0.005920683563823322
robin_m1_n200_p12_tight,robin,1,200,0.25,12,tight,exact initial fields,tight (x0.01),_87ed40d2-20251219 OPENFOAM=2512 version=2512,19.35875,1194.25,7-8,-0.008484360218445786,-0.0024032699202466423,0.05258994600286071,0.011055861846167137,-0.0005175788857352688,0.006941705636950957,-0.003875602246436313,0.007520761882569893,0.003850975593772858,0.005609986209840656,0.0062373059075839015,-0.020676778061723307,0.14427496289968478,-0.020550737798480753,0.1442359748270298,0.010217212463599822,0.01781610983861489,-0.0017859907063745295,-0.0020557425714061717,0.012345698849030695,-0.009707085783124403,-0.003711478090273699,-0.007142317277450627,0.0006786303437847481,-0.0049569133762707995,-0.005919808028426463
robin_m1_n200_p12_tight,robin,1,200,0.25,12,tight,exact initial fields,tight (x0.01),_87ed40d2-20251219 OPENFOAM=2512 version=2512,19.35875,1194.25,8-9,-0.008486774961689036,-0.0024058883820597954,0.05259408606589533,0.01105577984257633,-0.0005174767143782331,0.0069418153143112615,-0.0038755123342659762,0.007520635159924183,0.0038508703677979992,0.005609864414496402,0.006237274134692495,-0.020676723789939788,0.14427494855761908,-0.02055068774908844,0.1442359484125385,0.010217210486177264,0.017816080655316112,-0.0017858078995531823,-0.0020556433678905472,0.012345063561040703,-0.009706630788568704,-0.0037120775962710714,-0.007142388261144217,0.0006780648938895115,-0.004956428443376626,-0.005919872833560803
robin_m1_n200_p12_tight,robin,1,200,0.25,12,tight,exact initial fields,tight (x0.01),_87ed40d2-20251219 OPENFOAM=2512 version=2512,19.35875,1194.25,9-10,-0.008486199149837836,-0.002405260875229076,0.05259316689932758,0.011055742807445146,-0.0005174389243056967,0.00694177016892672,-0.003875483786574269,0.007520616687893167,0.0038509152490353764,0.005609804518281303,0.0062372837644693955,-0.020676736796016372,0.1442749449767801,-0.020550699683704394,0.14423594825408087,0.01021724285789008,0.017816082931231998,-0.0017858068029148466,-0.002055618599362208,0.012345314418457987,-0.009706793092773669,-0.003711885842738771,-0.007142461656337695,0.0006781977561642628,-0.004956620099854647,-0.005919756002447847
robin_m1_n200_p6_fluxConsistent,robin,1,200,0.25,6,fluxConsistent,exact initial fields,tutorial,_87ed40d2-20251219 OPENFOAM=2512 version=2512,13.874166666666667,333.23,2-3,-0.0031571690664271568,0.0031210788771554032,0.04583105150766875,0.011232757769351842,-0.000388632483434804,0.006990088232003311,-0.0038384822903958075,0.0077494206886141725,0.003965234253655251,0.00614569587291669,0.006320878147676514,-0.020791278972337054,0.14433699032258213,-0.020661152303482047,0.14431383908094944,0.010149415212725357,0.018141585103765123,-0.002324575152473196,-0.0024845994454837372,0.012458935540967442,-0.009942981461631972,-0.002429391348708858,-0.006864058739981749,0.00179729573526373,-0.005696480985445618,-0.005103738965948615
robin_m1_n200_p6_fluxConsistent,robin,1,200,0.25,6,fluxConsistent,exact initial fields,tutorial,_87ed40d2-20251219 OPENFOAM=2512 version=2512,13.874166666666667,333.23,3-4,-0.0019214504315452352,0.004604905642000556,0.045364825345537874,0.011248453972737993,-0.0006079908292327439,0.0068794444683761835,-0.00396694105968839,0.0077839876534000485,0.00397206326704309,0.0061273373920049945,0.00613127236440141,-0.02082203364080544,0.1443439167567052,-0.020686764536551563,0.1443230447540462,0.010518266953199969,0.017945188698203902,-0.002388212070842388,-0.002532465852769339,0.013164824032348976,-0.010413261136481555,-0.0023420822265462354,-0.006928389981223582,0.002036943452644377,-0.006144099714044504,-0.005478778852552057
robin_m1_n200_p6_fluxConsistent,robin,1,200,0.25,6,fluxConsistent,exact initial fields,tutorial,_87ed40d2-20251219 OPENFOAM=2512 version=2512,13.874166666666667,333.23,4-5,-0.002143944338329984,0.004316788404266081,0.04602702830044447,0.011244722590432188,-0.0006533887823289145,0.006886279162182429,-0.003970054631312103,0.00779950786331729,0.003921134323124183,0.00610002991681724,0.006072920666878797,-0.020816061953047485,0.14433710834063335,-0.020682152996645747,0.14431523713464378,0.01043658519938103,0.017904876146947395,-0.002334240132007892,-0.0024854150695805544,0.013031426258018897,-0.010282962358641012,-0.002372032272904318,-0.006839941864348775,0.001966185587163524,-0.00606796155460021,-0.005488498847213206
robin_m1_n200_p6_fluxConsistent,robin,1,200,0.25,6,fluxConsistent,exact initial fields,tutorial,_87ed40d2-20251219 OPENFOAM=2512 version=2512,13.874166666666667,333.23,5-6,-0.0020665123855412304,0.004409289499962776,0.04591422197097872,0.011241903933937758,-0.0006594543317830988,0.006877944658955304,-0.003975475207830185,0.007799315685890207,0.003925100505423727,0.00609205076297159,0.006060176202312061,-0.020817979185300275,0.1443366171826134,-0.02068375789695709,0.144315077906849,0.01045579123909734,0.017898084064313986,-0.0023331393730215977,-0.0024820206621324337,0.013078642360902615,-0.01031669264325874,-0.002359517583176517,-0.006849014334756487,0.001982156576261392,-0.006100077449841201,-0.0054934546482270875
robin_m1_n200_p6_fluxConsistent2,robin,1,200,0.25,6,fluxConsistent2,exact initial fields,tutorial,_87ed40d2-20251219 OPENFOAM=2512 version=2512,12.754166666666666,340.75,2-3,-0.0031659298775849054,0.0031072625057069203,0.04621440167033608,0.011235722567389805,-0.0003960274865572409,0.0069904044091608775,-0.0038434426197072728,0.007753300209637937,0.00395975299044057,0.006156967532547242,0.006311770338530815,-0.020790992606075576,0.14433731100568653,-0.02066097072174417,0.1443141195132747,0.010141743417323185,0.01814559468723627,-0.0023265138431582955,-0.0024868156869607416,0.012481030572951246,-0.00993315209382939,-0.0024414602159117476,-0.006853308908121414,0.0017859324526136534,-0.0056865761058571,-0.0051192786174737576
robin_m1_n200_p6_fluxConsistent2,robin,1,200,0.25,6,fluxConsistent2,exact initial fields,tutorial,_87ed40d2-20251219 OPENFOAM=2512 version=2512,12.754166666666666,340.75,3-4,-0.0019313701575449649,0.00459155039346637,0.04573999583153898,0.011250414278060727,-0.0006147531695534019,0.006879394393196847,-0.003971468490483486,0.007786674720117848,0.003967496565912404,0.006135515267626568,0.00611942655680281,-0.020821756832049385,0.14434403242266133,-0.020686558934461315,0.14432311051276564,0.010513308656629786,0.01794498984852866,-0.0023886666180971128,-0.002533265144808783,0.01318976128930216,-0.010406215301839827,-0.0023550471583700418,-0.006920520658210361,0.0020248739633114536,-0.006136558239128398,-0.005492704694122888
robin_m1_n200_p6_fluxConsistent2,robin,1,200,0.25,6,fluxConsistent2,exact initial fields,tutorial,_87ed40d2-20251219 OPENFOAM=2512 version=2512,12.754166666666666,340.75,4-5,-0.002155393941661088,0.004301202672902793,0.046402031261191024,0.011246381441173847,-0.0006597308299207679,0.006886284925533559,-0.0039742413999350554,0.0078020286847262366,0.003916507445815755,0.006107750663165712,0.006060907674179332,-0.020815738913989107,0.14433708582141733,-0.020681915685415834,0.14431516133613734,0.010430860462753084,0.017904610462387293,-0.0023337161290284403,-0.0024852594391250316,0.013055586736361757,-0.010275219142056091,-0.002384869167982711,-0.006832204489546356,0.001953543135555717,-0.006060140231293087,-0.005501476442823452
robin_m1_n200_p6_fluxConsistent2,robin,1,200,0.25,6,fluxConsistent2,exact initial fields,tutorial,_87ed40d2-20251219 OPENFOAM=2512 version=2512,12.754166666666666,340.75,5-6,-0.0020764789657115035,0.004395368790937493,0.04628859568575927,0.011243498434965638,-0.0006656648348922013,0.0068779383114090376,-0.00397961489302613,0.007801742579660598,0.003920556770102849,0.006099700136194652,0.00604816801881757,-0.020817690656476654,0.14433660836682022,-0.020683551323739675,0.1443150133821229,0.010450341580124598,0.017897857607798835,-0.0023326933059117927,-0.0024819597357167433,0.013102974614157992,-0.010309124007374826,-0.0023724075406286907,-0.006841488884301805,0.001969480183787415,-0.006092354850665838,-0.005506355478254726
robin_m1_n400_p12,robin,1,400,0.125,12,base,exact initial fields,tutorial,_87ed40d2-20251219 OPENFOAM=2512 version=2512,8.229375,734.38,10-11,-0.00512304659267937,0.0013484889676163014,0.04881064149081671,0.011088948785723307,-0.0005029941655535046,0.006856379398707313,-0.003878943638339455,0.007598903756399267,0.00398467973097999,0.00592481857824767,0.00621779698158059,-0.020754539228662217,0.14430924798625894,-0.02062040636669094,0.1442804464286412,0.010566231590875901,0.017844563677862104,-0.002093670484494603,-0.0022928348280671917,0.013223280293171547,-0.010330822210397606,-0.0028977301443022237,-0.007169228734995703,0.001470438700533849,-0.005790818164501332,-0.005679026844152979
robin_m1_n400_p12,robin,1,400,0.125,12,base,exact initial fields,tutorial,_87ed40d2-20251219 OPENFOAM=2512 version=2512,8.229375,734.38,11-12,-0.005123411927689614,0.0013481648556643577,0.048811032353195616,0.011088920354521248,-0.0005029778565752276,0.0068563646145516355,-0.0038789272980691097,0.007598876608780669,0.003984683443452949,0.005924766212757726,0.006217810153939663,-0.020754532510926786,0.14430925563555017,-0.020620398794542097,0.14428045392922367,0.010566293495611381,0.01784455459550035,-0.002093722361782957,-0.0022928877127739167,0.013223346319421347,-0.010330873723840006,-0.002897732613486337,-0.007169287576600181,0.0014704396679704201,-0.005790862187063928,-0.005679020217040837
robin_m1_n400_p12,robin,1,400,0.125,12,base,exact initial fields,tutorial,_87ed40d2-20251219 OPENFOAM=2512 version=2512,8.229375,734.38,2-3,-0.006420547786294972,-0.00046577769158107074,0.04670034596743333,0.011045925804360479,9.347791751885198e-05,0.007070327974197044,-0.0035210657298744806,0.0075198494884873845,0.004095898487534999,0.006017679702088996,0.006693861277023963,-0.02071693566809921,0.14428063399935398,-0.02059351359187895,0.14425359001683147,0.00979571208842816,0.018230679861595166,-0.0019078852757529186,-0.0020949678034508645,0.011950994453915564,-0.009430173807576936,-0.002645130337486236,-0.007024800546616805,0.0012326984978084806,-0.005059416603761302,-0.004429336926126292
robin_m1_n400_p12,robin,1,400,0.125,12,base,exact initial fields,tutorial,_87ed40d2-20251219 OPENFOAM=2512 version=2512,8.229375,734.38,3-4,-0.005130198665151076,0.0014895797409488765,0.048007018494027554,0.011096627327318975,-0.0003841325172503007,0.006863453435582034,-0.003869412608820175,0.00754651198122569,0.004090670377656559,0.0059932664193140806,0.0063570652792919805,-0.020757463559224646,0.14432781459744443,-0.020620258128619662,0.14429896596095595,0.010769212558879544,0.017947052473897166,-0.0022217431868419846,-0.0024211818210871927,0.013456898380512783,-0.010587800341311238,-0.0029637669694487596,-0.007419086701322741,0.0015341514871596194,-0.00588317540187111,-0.005728479091986886
robin_m1_n400_p12,robin,1,400,0.125,12,base,exact initial fields,tutorial,_87ed40d2-20251219 OPENFOAM=2512 version=2512,8.229375,734.38,4-5,-0.005186496711443556,0.0012499026380736744,0.04882660989726029,0.011095209181413601,-0.00048500782842534235,0.006871469857811174,-0.003863216675360198,0.0076026974405030145,0.003981817035100862,0.005945364199323899,0.00624901214759476,-0.020752495870264568,0.14430930574346287,-0.020619091262115995,0.14428043924379763,0.010514265965194346,0.017863735792336233,-0.002093620790988515,-0.0022932341424143354,0.013133352837915169,-0.010260822425990357,-0.0028860726766134627,-0.0071400134900714285,0.0014584471060062256,-0.005736081537683901,-0.005638174240267218
robin_m1_n400_p12,robin,1,400,0.125,12,base,exact initial fields,tutorial,_87ed40d2-20251219 OPENFOAM=2512 version=2512,8.229375,734.38,5-6,-0.005109267286128372,0.0013725035816547493,0.04876190509882661,0.011091320102150748,-0.0005012798808633127,0.006855569444939702,-0.0038813970475701756,0.007598386104733956,0.003989840120223564,0.005930322294106505,0.006224322152165089,-0.02075503696971302,0.144310672098252,-0.0206206919647235,0.14428194187506413,0.01057866654196923,0.017848719248606506,-0.002104013535270677,-0.002302680577649152,0.013241771314658202,-0.010349091040813052,-0.0028990373068001484,-0.007179779625487326,0.0014787657407256264,-0.0057991795616725295,-0.00568725443963425
robin_m1_n400_p12,robin,1,400,0.125,12,base,exact initial fields,tutorial,_87ed40d2-20251219 OPENFOAM=2512 version=2512,8.229375,734.38,6-7,-0.005127469992317724,0.0013416280706484152,0.04882095967123479,0.01108968284090417,-0.0005031657660600311,0.0068573103563380755,-0.0038786326574914718,0.007599627323890523,0.003983780868104523,0.005926252732541659,0.006219007821639133,-0.020754397025666123,0.14430926308217906,-0.02062031468470177,0.14428043931810106,0.010562811466614863,0.017845162143228555,-0.002093621304903426,-0.0022929391963339985,0.013216936472611573,-0.010325793140256168,-0.002897946370402495,-0.007166210263773731,0.001469369655734588,-0.005786846614426522,-0.005678137832875568
robin_m1_n400_p12,robin,1,400,0.125,12,base,exact initial fields,tutorial,_87ed40d2-20251219 OPENFOAM=2512 version=2512,8.229375,734.38,7-8,-0.0051207949911126205,0.001351364852913317,0.048806278629331734,0.011089186412406304,-0.0005031608227707027,0.006856273848886207,-0.0038792399814658474,0.007599038572140282,0.003984923653799291,0.005925226901158043,0.0062179835806326356,-0.02075459883595665,0.14430932581293104,-0.02062045303471267,0.14428053400324092,0.010566841418714277,0.017844686695058273,-0.00209427618815361,-0.0022933728960539135,0.013224515096596612,-0.0103319514558885,-0.00289756640176329,-0.007169541050622508,0.0014711476461024304,-0.00579146198577396,-0.005679668224550908
robin_m1_n400_p12,robin,1,400,0.125,12,base,exact initial fields,tutorial,_87ed40d2-20251219 OPENFOAM=2512 version=2512,8.229375,734.38,8-9,-0.005123998767133653,0.0013473742202059213,0.048811452866218685,0.011089036225578663,-0.000503059298053919,0.006856463769814747,-0.003878970760782273,0.007598981244656189,0.0039845988080931425,0.005924968384354523,0.006217813556002129,-0.020754516123750073,0.14430925416493426,-0.02062038663136175,0.14428044832545991,0.010565959821799784,0.017844572410576975,-0.0020936836037177553,-0.002292877545415295,0.013222726961843234,-0.01033041376017263,-0.002897855867360483,-0.00716895164338649,0.0014703008339557106,-0.005790461189783547,-0.005679065535905478
robin_m1_n400_p12,robin,1,400,0.125,12,base,exact initial fields,tutorial,_87ed40d2-20251219 OPENFOAM=2512 version=2512,8.229375,734.38,9-10,-0.005123105037736608,0.001348381231142115,0.048809855199143826,0.011088982372423617,-0.0005030143169244905,0.006856377605779285,-0.0038789707182739297,0.007598935495627845,0.003984698858196061,0.005924878788385213,0.006217792367416938,-0.020754536995652523,0.1443092346280848,-0.02062040515532422,0.14428043265370383,0.010566200572847217,0.017844572707712284,-0.0020935752110264882,-0.0022927424739909164,0.013223326639951738,-0.010330862979438082,-0.002897668840421311,-0.007169194189533767,0.001470508227807232,-0.005790851545226738,-0.005679037978492041
robin_m1_n400_p12_endsFixedGradient,robin,1,400,0.125,12,endsFixedGradient,exact initial fields,tutorial,_87ed40d2-20251219 OPENFOAM=2512 version=2512,8.559583333333334,693.14,10-11,-0.0015651311009389213,0.005091695314780376,0.07251184913325681,0.012717618421310473,0.0011583611112147574,0.008112246864014905,-0.003059770742717689,0.00853109744764291,0.005613741692715059,0.008438045457682675,0.010683962048709842,-0.02083212313059958,0.14430879710292618,-0.020694149821101824,0.14432203746461278,0.009248134799264965,0.019007457456696318,-0.0023812492824125675,-0.002289717557735993,-0.0030480680647126945,-0.008419678782117135,0.0022710422411464774,-0.00485497331014817,0.006674938863641672,-0.004061663450686481,-0.0009948212533579684
robin_m1_n400_p12_endsFixedGradient,robin,1,400,0.125,12,endsFixedGradient,exact initial fields,tutorial,_87ed40d2-20251219 OPENFOAM=2512 version=2512,8.559583333333334,693.14,11-12,-0.0015653968306375,0.005091412150857844,0.07251234534726736,0.012717586345299292,0.001158386118873751,0.008112232831748889,-0.0030597486294834243,0.008531065405780192,0.005613747691651932,0.008437987493711718,0.010683986223253844,-0.020832117261577156,0.14430879189030327,-0.020694144313431403,0.14432203156210152,0.009248190308566799,0.019007463476544778,-0.0023812084816017265,-0.002289681519131448,-0.003048042916728777,-0.00841972720252282,0.0022710361118901483,-0.004855040696769786,0.006674937242723529,-0.004061700126819945,-0.0009948080981749712
robin_m1_n400_p12_endsFixedGradient,robin,1,400,0.125,12,endsFixedGradient,exact initial fields,tutorial,_87ed40d2-20251219 OPENFOAM=2512 version=2512,8.559583333333334,693.14,2-3,-0.002031963905085865,0.004072343335950412,0.06919320972684484,0.012638347802941041,0.001743423813039731,0.008276544844757927,-0.002682618153839195,0.00846358695353211,0.005722671719423991,0.008400388884850285,0.011180958626014197,-0.020810995440424255,0.14426710600021247,-0.02068447396913456,0.14428623532038307,0.008697782268172855,0.019390420671854824,-0.0021337073715701482,-0.002001393746320801,-0.004338649204807421,-0.007515338299026064,0.0027764273242441226,-0.004606707451908609,0.006578442938703209,-0.0034370749658062527,0.00046710175696342856
robin_m1_n400_p12_endsFixedGradient,robin,1,400,0.125,12,endsFixedGradient,exact initial fields,tutorial,_87ed40d2-20251219 OPENFOAM=2512 version=2512,8.559583333333334,693.14,3-4,-0.0017947739698234155,0.005017851441480481,0.07209498775634415,0.012715252101507923,0.0012806635322906044,0.00812143955464073,-0.0030517345137575777,0.008462594155215664,0.005712934041166304,0.008477407683471716,0.010832227391329314,-0.02083059259893944,0.1443287250836585,-0.020689390107592135,0.14434074404133984,0.009445622596822181,0.019109030453230546,-0.002510540785158999,-0.0024274749672427154,-0.0028651848008557357,-0.00868254830040427,0.0021305146335416727,-0.005144479987706951,0.006692490271662004,-0.00413139093774606,-0.0010912452960845653
robin_m1_n400_p12_endsFixedGradient,robin,1,400,0.125,12,endsFixedGradient,exact initial fields,tutorial,_87ed40d2-20251219 OPENFOAM=2512 version=2512,8.559583333333334,693.14,4-5,-0.0015677425946342138,0.005048619294672374,0.07242590056310272,0.012721800482307088,0.0011778261771970046,0.008124949939354087,-0.003040740647689259,0.008536131682657544,0.0056112477663166835,0.008452838187159584,0.010718212990673416,-0.020831230311606996,0.1443079545272454,-0.020694095693743624,0.14432146762833242,0.00919952649061159,0.01902763925958077,-0.002377310302526414,-0.002283892193339354,-0.003140892447260124,-0.008344728598006834,0.0023045609808913445,-0.004817238887140696,0.006672368322860522,-0.004011997027702385,-0.0009353290349018275
robin_m1_n400_p12_endsFixedGradient,robin,1,400,0.125,12,endsFixedGradient,exact initial fields,tutorial,_87ed40d2-20251219 OPENFOAM=2512 version=2512,8.559583333333334,693.14,5-6,-0.0015666291190208348,0.005101681950250736,0.07248866338782012,0.012719527905749484,0.0011605450474336475,0.008111670120587222,-0.0030625532680725303,0.008529271748649814,0.005618922023078423,0.008442258470379604,0.010691345257824012,-0.02083233011949497,0.14431043505184576,-0.02069411877229575,0.14432366074519284,0.009262661714959194,0.01901175518720612,-0.0023924700007340594,-0.002301041745613297,-0.0030314426077605594,-0.008439683154897182,0.0022636468921891193,-0.004869075150895186,0.006680256236255296,-0.004068789222260283,-0.0010070280122877191
robin_m1_n400_p12_endsFixedGradient,robin,1,400,0.125,12,endsFixedGradient,exact initial fields,tutorial,_87ed40d2-20251219 OPENFOAM=2512 version=2512,8.559583333333334,693.14,6-7,-0.001563654412413018,0.005090148741403233,0.07251379128680946,0.012718265672128526,0.0011583262997956192,0.00811306710913584,-0.0030591637874974025,0.00853199699772178,0.005612853497884257,0.008439222797403723,0.010685449702226173,-0.020832091075407826,0.14430873030193256,-0.020694180427818943,0.14432197841254274,0.009244052422597113,0.01900817570400052,-0.0023808410878118913,-0.002289255714311267,-0.003054667585551174,-0.008414009098685726,0.0022726579940641214,-0.004851134890963671,0.006674618915230619,-0.004057936444245458,-0.0009923389752411408
robin_m1_n400_p12_endsFixedGradient,robin,1,400,0.125,12,endsFixedGradient,exact initial fields,tutorial,_87ed40d2-20251219 OPENFOAM=2512 version=2512,8.559583333333334,693.14,7-8,-0.0015632281049646757,0.0050942913886944385,0.07250888672453693,0.012717835514816977,0.0011582301463436639,0.008112151275703638,-0.003060105977508983,0.008531143829991539,0.005614014011683003,0.008438385678795957,0.01068422235999508,-0.0208321769383583,0.14430887828521252,-0.02069418926371849,0.1443221232719254,0.009249064059533253,0.019007596835005282,-0.002381842420748348,-0.002290278828828929,-0.0030467514108509786,-0.008421042638162124,0.0022707890141258624,-0.004855592570728207,0.006675484096380429,-0.004062285008758382,-0.0009957820084349298
robin_m1_n400_p12_endsFixedGradient,robin,1,400,0.125,12,endsFixedGradient,exact initial fields,tutorial,_87ed40d2-20251219 OPENFOAM=2512 version=2512,8.559583333333334,693.14,8-9,-0.0015646420323178756,0.005091832888437953,0.07251175667258591,0.0127177067319022,0.0011583092664583059,0.008112328278673253,-0.0030597643571002686,0.008531204568911654,0.005613661378666927,0.008438179472162632,0.01068401551150512,-0.02083212598203233,0.1443087659298359,-0.020694159957826443,0.14432200672114157,0.009247737618346448,0.01900747228726389,-0.002381036769684597,-0.002289502035743962,-0.003048622839441184,-0.0084191850688764,0.0022711338289386853,-0.004854590041452722,0.00667489850944434,-0.004061322217059571,-0.0009946733720509904
robin_m1_n400_p12_endsFixedGradient,robin,1,400,0.125,12,endsFixedGradient,exact initial fields,tutorial,_87ed40d2-20251219 OPENFOAM=2512 version=2512,8.559583333333334,693.14,9-10,-0.001564343675199975,0.005092473801223241,0.0725108406495707,0.01271766036545574,0.00115834440180318,0.008112243503817895,-0.0030597987613476514,0.008531137913514453,0.005613773852861365,0.0084381155224873,0.010683972942308695,-0.020832139265968632,0.1443087898933361,-0.020694166141751996,0.14432203406736765,0.009248190994441427,0.019007467199668025,-0.0023812257991276953,-0.002289667712663035,-0.0030479433615985263,-0.008419760699237111,0.0022711516797158065,-0.004854949670643038,0.006675058066255635,-0.004061734091179825,-0.0009948205595806776
robin_m1_n400_p12_fluxConsistent,robin,1,400,0.125,12,fluxConsistent,exact initial fields,tutorial,_87ed40d2-20251219 OPENFOAM=2512 version=2512,8.974166666666667,731.61,10-11,-0.0016110796373127734,0.005086605526118726,0.045194311179625135,0.011194207246839616,-0.0005790068968883294,0.006823194248001041,-0.003934716632816308,0.007752492105551623,0.004029011600964183,0.006195180235916364,0.006125164754536076,-0.02083201763663858,0.1443470367315092,-0.02069319746464333,0.14432804641278385,0.010750201106064537,0.01789139116050957,-0.0024227841019888174,-0.002554025516513181,0.013636613215259885,-0.010683679893760623,-0.0021570384090708722,-0.007022711599495857,0.0021958651070929317,-0.006428342962791822,-0.0054581066711002725
robin_m1_n400_p12_fluxConsistent,robin,1,400,0.125,12,fluxConsistent,exact initial fields,tutorial,_87ed40d2-20251219 OPENFOAM=2512 version=2512,8.974166666666667,731.61,11-12,-0.0016110621851298523,0.005086646787625382,0.04519451072243119,0.011194179077753219,-0.0005789922651546433,0.006823174569505763,-0.003934702373846856,0.007752467539252406,0.004029019356555281,0.006195128137452821,0.0061251733491501075,-0.0208320184918489,0.14434703689740686,-0.020693197826367565,0.1443280468775965,0.01075026153204553,0.017891385909705692,-0.0024227873147151247,-0.002554026662875186,0.013636712485719737,-0.01068375450565362,-0.0021570229118201213,-0.007022775665420533,0.002195882426539644,-0.0064284104361823635,-0.005458099162545073
robin_m1_n400_p12_fluxConsistent,robin,1,400,0.125,12,fluxConsistent,exact initial fields,tutorial,_87ed40d2-20251219 OPENFOAM=2512 version=2512,8.974166666666667,731.61,2-3,-0.0028690014009180587,0.0033203980976024283,0.04285046187937058,0.011136355832128242,3.763566767919957e-05,0.007031266573682471,-0.0035664386142670226,0.007657498924749762,0.004156718143517239,0.0062553250966777,0.006587361015330111,-0.020795410180028857,0.14431409979573645,-0.020667125036435793,0.14429701047115312,0.009998815123774017,0.018260764850610265,-0.0022082214569023595,-0.002326377531701951,0.012393697108413093,-0.009815410468616448,-0.0018932318179644757,-0.00690700433984015,0.001963741956730132,-0.00572900867034265,-0.004151946399959488
robin_m1_n400_p12_fluxConsistent,robin,1,400,0.125,12,fluxConsistent,exact initial fields,tutorial,_87ed40d2-20251219 OPENFOAM=2512 version=2512,8.974166666666667,731.61,3-4,-0.0016567074281853555,0.005188615148079112,0.04440009517581278,0.011197481211517424,-0.00045011194387422796,0.006832324189523398,-0.003919675547030349,0.007695084986789835,0.004136417122442393,0.006258268822058488,0.006266940542145964,-0.020834131948213427,0.1443650068917696,-0.020692251756145225,0.14434582709937605,0.010954413404416047,0.017997782826664296,-0.002545666821800241,-0.0026781848567748456,0.013861225219450324,-0.010935358605584478,-0.0022295967708409236,-0.007283257231355478,0.002248832397322665,-0.006515155915938653,-0.005499237713661729
robin_m1_n400_p12_fluxConsistent,robin,1,400,0.125,12,fluxConsistent,exact initial fields,tutorial,_87ed40d2-20251219 OPENFOAM=2512 version=2512,8.974166666666667,731.61,4-5,-0.001670935616344571,0.004991677120375959,0.045182312292561866,0.011199584535562801,-0.0005579108899915005,0.006838269506944883,-0.003917430296842221,0.0077551441555197,0.004027866442952406,0.006215243647269331,0.006157877895704954,-0.020830050094526507,0.1443469595174217,-0.02069195685432777,0.1443279576879436,0.010697276608468028,0.017911719329867834,-0.0024221708467294656,-0.0025534919626303276,0.013547266025055071,-0.010614597522534241,-0.0021426530711119054,-0.006995502707181633,0.002184684507814322,-0.006374766986617653,-0.005412241091174804
robin_m1_n400_p12_fluxConsistent,robin,1,400,0.125,12,fluxConsistent,exact initial fields,tutorial,_87ed40d2-20251219 OPENFOAM=2512 version=2512,8.974166666666667,731.61,5-6,-0.0016003520194376453,0.0051077168245539095,0.045145849854485,0.011196446175092412,-0.0005764971524881528,0.0068226108787776685,-0.003936857770603212,0.007751558209192266,0.004034485296385564,0.0062007449536543024,0.006132250049169402,-0.02083245520185825,0.14434849216218343,-0.020693419811576963,0.14432956136605227,0.010763306649165598,0.017895931577609468,-0.0024332551576021766,-0.002564082521234301,0.013654648771035172,-0.01070194709001926,-0.002159171608104104,-0.007034191725673877,0.0022035865283396455,-0.00643621261696925,-0.005466085213360351
robin_m1_n400_p12_fluxConsistent,robin,1,400,0.125,12,fluxConsistent,exact initial fields,tutorial,_87ed40d2-20251219 OPENFOAM=2512 version=2512,8.974166666666667,731.61,6-7,-0.0016149847095928704,0.005080280942007187,0.04520236146907397,0.011194932909743605,-0.0005789917901709086,0.006824143437565322,-0.003934298173143931,0.007753200378117775,0.004028213102714194,0.006196670383398217,0.006126559795102863,-0.020831886549578984,0.1443470621981144,-0.020693116525812624,0.1443280555587143,0.010746563136676804,0.01789214456648637,-0.0024228473175001985,-0.0025542014921269285,0.013630233535507186,-0.010678615522201507,-0.0021569394334268518,-0.007019715260983217,0.002194945885150017,-0.006424399040272588,-0.005456838141182471
robin_m1_n400_p12_fluxConsistent,robin,1,400,0.125,12,fluxConsistent,exact initial fields,tutorial,_87ed40d2-20251219 OPENFOAM=2512 version=2512,8.974166666666667,731.61,7-8,-0.001609186487661174,0.005089169450892772,0.045189926585331275,0.011194450870483541,-0.0005791390154963865,0.006823100476088584,-0.003935008548652559,0.0077526131667085,0.004029277052079696,0.006195619980555511,0.006125401361333364,-0.020832070778055267,0.1443471249105768,-0.020693236703179307,0.14432814321892845,0.010750926801503581,0.017891558932817582,-0.0024234532133766695,-0.002554634838355052,0.013637883708165877,-0.010684849779040828,-0.00215692459770399,-0.007023090907147478,0.002196566837311107,-0.006428974033590773,-0.005458776481329713
robin_m1_n400_p12_fluxConsistent,robin,1,400,0.125,12,fluxConsistent,exact initial fields,tutorial,_87ed40d2-20251219 OPENFOAM=2512 version=2512,8.974166666666667,731.61,8-9,-0.0016113655404960125,0.005086146885827425,0.045194741078380174,0.011194297659592678,-0.0005790725659356821,0.006823274141987801,-0.003934739581637274,0.007752581330785047,0.004028932832915093,0.006195338404862971,0.006125188014727093,-0.020832008130589465,0.14434703714813646,-0.02069319153884537,0.14432804481495368,0.010749905315257187,0.017891413844705578,-0.0024227730579884366,-0.0025540283954305076,0.013636094945578714,-0.01068327268445024,-0.0021570977426228926,-0.007022413802255878,0.0021957682092933993,-0.00642801006423388,-0.005458107015440226
robin_m1_n400_p12_fluxConsistent,robin,1,400,0.125,12,fluxConsistent,exact initial fields,tutorial,_87ed40d2-20251219 OPENFOAM=2512 version=2512,8.974166666666667,731.61,9-10,-0.0016108125581796306,0.005086916496505944,0.045193579844343246,0.01119424099561983,-0.0005790292943163299,0.006823191673911655,-0.003934749410828033,0.007752520387266371,0.004029032011043483,0.006195240093227694,0.0061251607073177314,-0.02083202408199419,0.14434704127302192,-0.020693203000282927,0.14432805208954144,0.01075022138995162,0.017891400338058285,-0.002422823339018332,-0.00255405689861532,0.013636684177213532,-0.010683742220938264,-0.0021570029096368766,-0.007022696736297629,0.0021959289534450306,-0.0064283806396381316,-0.005458145140487713
robin_m1_n400_p12_pimple4,robin,1,400,0.125,12,pimple4,exact initial fields,tutorial,_87ed40d2-20251219 OPENFOAM=2512 version=2512,8.230416666666667,926.94,10-11,-0.005123043912100611,0.001348494160494651,0.04881062179885198,0.011088947408717242,-0.000502995086281504,0.006856378237867888,-0.003878942736712099,0.007598904031492104,0.003984677525907112,0.005924818530995246,0.0062177958298206305,-0.02075453933629287,0.1443092490452083,-0.020620406422250194,0.1442804474413736,0.010566229323054305,0.017844564496725522,-0.0020936774889923626,-0.0022928421492983686,0.0132232753199224,-0.010330815925960968,-0.0028977290254502425,-0.007169224809891683,0.001470436258369648,-0.005790815037860719,-0.005679023323656308
robin_m1_n400_p12_pimple4,robin,1,400,0.125,12,pimple4,exact initial fields,tutorial,_87ed40d2-20251219 OPENFOAM=2512 version=2512,8.230416666666667,926.94,11-12,-0.005123386542673303,0.0013481910332664437,0.04881102283756111,0.011088919455026103,-0.0005029783506673336,0.00685636350490304,-0.003878926893603348,0.007598876671442989,0.0039846822819213715,0.0059247668676345455,0.0062178103795246555,-0.020754533053499204,0.14430925604276404,-0.020620399320686912,0.1442804543239664,0.010566289795259472,0.01784455461710359,-0.0020937250919952355,-0.0022928905281178746,0.013223346362869481,-0.010330871909947859,-0.0028977320527345074,-0.007169286632317862,0.00147043923486389,-0.0057908611473822535,-0.00567901874927921
robin_m1_n400_p12_pimple4,robin,1,400,0.125,12,pimple4,exact initial fields,tutorial,_87ed40d2-20251219 OPENFOAM=2512 version=2512,8.230416666666667,926.94,2-3,-0.006420523824114732,-0.0004657566838215388,0.04670034456612626,0.011045924845325628,9.347753901827472e-05,0.007070327266152976,-0.003521064998539555,0.007519849342720875,0.0040958969695420655,0.006017679772678086,0.006693861581423392,-0.02071693610351842,0.1442806336893716,-0.020593514088533226,0.14425358971576588,0.009795706159247592,0.018230681198342192,-0.0019078831926769846,-0.0020949656594835275,0.011950992811954553,-0.009430170583085817,-0.002645130143408469,-0.007024798859792791,0.0012326977839388575,-0.005059414550629637,-0.004429335313180654
robin_m1_n400_p12_pimple4,robin,1,400,0.125,12,pimple4,exact initial fields,tutorial,_87ed40d2-20251219 OPENFOAM=2512 version=2512,8.230416666666667,926.94,3-4,-0.005130176272063025,0.001489601735157553,0.04800702018265879,0.011096626293716216,-0.0003841327238893538,0.006863452809541037,-0.0038694115200667966,0.0075465118526714114,0.004090668673056435,0.005993266209538772,0.006357066583921662,-0.020757464015089586,0.14432781495663827,-0.02062025859275201,0.1442989663012074,0.010769207445002054,0.01794705445004425,-0.00222174553956489,-0.0024211843037975633,0.013456895110399936,-0.01058779627871631,-0.0029637659203529676,-0.0074190846719459635,0.0015341509305872828,-0.00588317292594831,-0.00572847710747453
robin_m1_n400_p12_pimple4,robin,1,400,0.125,12,pimple4,exact initial fields,tutorial,_87ed40d2-20251219 OPENFOAM=2512 version=2512,8.230416666666667,926.94,4-5,-0.005186476718626598,0.0012499243500994073,0.048826609139943855,0.011095207769061144,-0.0004850082112066054,0.0068714686900359645,-0.0038632162674259564,0.007602696598768333,0.003981815800113756,0.005945363276247173,0.006249012406752276,-0.020752496320280818,0.14430930623383065,-0.020619091676498908,0.1442804396919629,0.010514263963745584,0.017863735636212297,-0.0020936238906946736,-0.002293237532654757,0.013133353215767807,-0.010260822076036846,-0.0028860745205256705,-0.007140014176161835,0.0014584457089745785,-0.005736080711929659,-0.005638174840459337
robin_m1_n400_p12_pimple4,robin,1,400,0.125,12,pimple4,exact initial fields,tutorial,_87ed40d2-20251219 OPENFOAM=2512 version=2512,8.230416666666667,926.94,5-6,-0.00510924468383811,0.0013725249487559488,0.048761905446570664,0.011091319198365701,-0.0005012802245857975,0.006855568529653411,-0.003881396738186737,0.007598385668895258,0.003989839136300586,0.005930322228203,0.00622432295366994,-0.02075503741258016,0.14431067193094962,-0.020620692433191895,0.14428194170882322,0.010578663008028602,0.017848719121125255,-0.0021040123855000648,-0.002302679420997822,0.013241772715548716,-0.010349090875920952,-0.002899037998026265,-0.007179780007060876,0.0014787657555983694,-0.005799179013615818,-0.005687254577190141
robin_m1_n400_p12_pimple4,robin,1,400,0.125,12,pimple4,exact initial fields,tutorial,_87ed40d2-20251219 OPENFOAM=2512 version=2512,8.230416666666667,926.94,6-7,-0.0051275421264048715,0.0013415545156945097,0.048821085716452606,0.011089681353969594,-0.0005031662611530847,0.006857311552339818,-0.0038786343969273982,0.007599622976837805,0.003983778247611177,0.00592625186448803,0.00621900806821065,-0.020754395501122777,0.144309263447919,-0.020620313189608146,0.14428043930959109,0.010562814399148192,0.0178451613729089,-0.00209362124604473,-0.0022929417249403228,0.013216924351219905,-0.010325790324913986,-0.002897975902081828,-0.007166218508347311,0.0014693522257075457,-0.00578683346944564,-0.005678155087114534
robin_m1_n400_p12_pimple4,robin,1,400,0.125,12,pimple4,exact initial fields,tutorial,_87ed40d2-20251219 OPENFOAM=2512 version=2512,8.230416666666667,926.94,7-8,-0.005120841189641179,0.0013513103732212262,0.04880636334959565,0.011089184736876367,-0.0005031614912002232,0.00685627549121004,-0.003879238716718687,0.007599037042303358,0.003984918454946779,0.005925226354609459,0.0062179830942420385,-0.020754597706778427,0.1443093258952103,-0.020620452077174726,0.1442805338377539,0.01056682969234602,0.017844686229293895,-0.0020942750435747337,-0.002293373464905324,0.013224487015063069,-0.010331931970508301,-0.002897582188051569,-0.007169535746018307,0.0014711313166842043,-0.005791443453208256,-0.005679670402437716
robin_m1_n400_p12_pimple4,robin,1,400,0.125,12,pimple4,exact initial fields,tutorial,_87ed40d2-20251219 OPENFOAM=2512 version=2512,8.230416666666667,926.94,8-9,-0.0051239792445471055,0.0013473909993466648,0.04881140828682451,0.011089034798351882,-0.0005030601116300333,0.006856462863105817,-0.003878968029995807,0.007598983145491678,0.003984595362172705,0.005924968484771309,0.006217812540211286,-0.02075451647152444,0.1443092546987275,-0.02062038703599839,0.14428044891775113,0.010565948648070178,0.017844573412817755,-0.002093687700261304,-0.002292881235887556,0.013222714126759572,-0.010330398811232211,-0.0028978457498171194,-0.007168940312312189,0.001470300215694906,-0.005790455773335701,-0.005679053046478545
robin_m1_n400_p12_pimple4,robin,1,400,0.125,12,pimple4,exact initial fields,tutorial,_87ed40d2-20251219 OPENFOAM=2512 version=2512,8.230416666666667,926.94,9-10,-0.005123110342637904,0.0013483816269916904,0.04880984541840738,0.011088980941400983,-0.0005030153950066191,0.0068563761376976284,-0.003878970917229081,0.0075989348158935766,0.003984697388878245,0.005924878640621856,0.006217791043496887,-0.020754537003857133,0.1443092359993201,-0.020620405045371708,0.14428043392776785,0.010566203495821314,0.017844573548659464,-0.0020935840230090763,-0.002292751954267258,0.013223326556291326,-0.01033086201559641,-0.0028976726445159077,-0.007169194639508603,0.0014705049240999481,-0.00579085009482061,-0.005679039649753575
robin_m1_n400_p12_tight,robin,1,400,0.125,12,tight,exact initial fields,tight (x0.01),_87ed40d2-20251219 OPENFOAM=2512 version=2512,16.909791666666667,1610.56,10-11,-0.00512454472191648,0.0013466812021947216,0.048810072381654246,0.011088889966395898,-0.0005034861487733186,0.0068563165887642885,-0.0038792365703315982,0.007598926556478425,0.003984212368248073,0.0059250772451067135,0.006216767903682923,-0.020754501759850136,0.144309242548651,-0.020620375315580995,0.14428042888913373,0.010566036786143458,0.017844491039189402,-0.0020935491736164824,-0.0022927972342144942,0.013223223749072588,-0.010330318107244163,-0.002899243037536636,-0.007169027583173393,0.0014690404716945955,-0.005790268930577658,-0.005680283861283757
robin_m1_n400_p12_tight,robin,1,400,0.125,12,tight,exact initial fields,tight (x0.01),_87ed40d2-20251219 OPENFOAM=2512 version=2512,16.909791666666667,1610.56,11-12,-0.005124525134381108,0.0013467231117276768,0.048810267541500085,0.011088862024054125,-0.0005034712944585329,0.006856297066399897,-0.003879221670558855,0.007598902566128496,0.003984220174237662,0.005925025691303709,0.006216778071516528,-0.02075450262849183,0.14430924270181955,-0.020620375721563805,0.14428042940783264,0.010566092665492903,0.017844487815985945,-0.00209355276116463,-0.0022927982931721935,0.013223324307553241,-0.010330390912841603,-0.0028992235569561386,-0.007169089466865786,0.0014690602515599525,-0.005790336189934631,-0.00568027312392796
robin_m1_n400_p12_tight,robin,1,400,0.125,12,tight,exact initial fields,tight (x0.01),_87ed40d2-20251219 OPENFOAM=2512 version=2512,16.909791666666667,1610.56,2-3,-0.00642176444310083,-0.0004672736702997504,0.046700190271530495,0.011045874196525585,9.298982957503368e-05,0.0070702827278859015,-0.0035213549271902213,0.007519874375309987,0.004095418728453424,0.006017960627144436,0.006692844554687771,-0.02071690466156218,0.14428064301870822,-0.02059348837473259,0.14425358795003773,0.009795477857097657,0.018230593700800973,-0.0019078709755849799,-0.0020950301850620745,0.011950856633363038,-0.009429613293757133,-0.0026466917819133163,-0.00702458966726438,0.0012312613885121974,-0.00505880717197027,-0.0044306121570702114
robin_m1_n400_p12_tight,robin,1,400,0.125,12,tight,exact initial fields,tight (x0.01),_87ed40d2-20251219 OPENFOAM=2512 version=2512,16.909791666666667,1610.56,3-4,-0.005131620089085742,0.0014878461790706066,0.048006371573057205,0.01109657020985133,-0.0003846216173288023,0.006863389371409179,-0.0038697042695191343,0.007546537142548937,0.004090207932229353,0.0059935327954359074,0.006356040780296376,-0.02075742762839896,0.1443278090452818,-0.02062022866734905,0.14429894865074994,0.010769008511833742,0.017946976847904174,-0.0022216234926422107,-0.002421143445116125,0.013456857061059369,-0.010587306389334916,-0.0029652599202066527,-0.007418886169877181,0.0015327702431831276,-0.0058826387217987275,-0.005729724709474515
robin_m1_n400_p12_tight,robin,1,400,0.125,12,tight,exact initial fields,tight (x0.01),_87ed40d2-20251219 OPENFOAM=2512 version=2512,16.909791666666667,1610.56,4-5,-0.00518763252754284,0.0012484402459265187,0.04882587181783071,0.011095149196900245,-0.0004855011008434846,0.006871401285041268,-0.003863512299186363,0.007602721357136355,0.003981354404198267,0.005945622493133351,0.006247978320479344,-0.020752465559862626,0.14430929268097248,-0.020619067720521786,0.14428041450011955,0.010514073547557881,0.01786366829758689,-0.002093449652901036,-0.0022931438326719844,0.013133337652985855,-0.010260344717533898,-0.0028875716466803133,-0.007139821852438555,0.001457063056610144,-0.005735556836767852,-0.005639429831906714
robin_m1_n400_p12_tight,robin,1,400,0.125,12,tight,exact initial fields,tight (x0.01),_87ed40d2-20251219 OPENFOAM=2512 version=2512,16.909791666666667,1610.56,5-6,-0.0051104476585037695,0.0013710736750840447,0.04876119814401192,0.011091260865636832,-0.0005017756524836316,0.00685550148175329,-0.0038816946046302675,0.007598410239669784,0.0039893758054773834,0.005930579850734308,0.006223288428265946,-0.02075500733262629,0.14431067587162086,-0.02062066749962964,0.14428193500883443,0.01057850583598824,0.01784865259959959,-0.0021039660464214904,-0.0023027066649775607,0.0132417516100507,-0.010348612048940886,-0.002900543045463954,-0.00717958712794331,0.0014773801448337554,-0.005798651498210239,-0.005688517982833308
robin_m1_n400_p12_tight,robin,1,400,0.125,12,tight,exact initial fields,tight (x0.01),_87ed40d2-20251219 OPENFOAM=2512 version=2512,16.909791666666667,1610.56,6-7,-0.005128997145116165,0.001339851048122398,0.04882035970246967,0.01108962462211327,-0.0005036597052504782,0.0068572458226301425,-0.0038789284193015963,0.0075996512187439524,0.003983314853804156,0.0059265154965479905,0.006217977534600343,-0.020754360194049425,0.14430926958161147,-0.020620283032032383,0.14428043477985542,0.01056265889486437,0.01784509737570021,-0.0020935899164183924,-0.0022929841312825383,0.013216896677837875,-0.010325301600133452,-0.0028994583673706232,-0.007166014667946641,0.001467977513932581,-0.005786306180861733,-0.005679401700449206
robin_m1_n400_p12_tight,robin,1,400,0.125,12,tight,exact initial fields,tight (x0.01),_87ed40d2-20251219 OPENFOAM=2512 version=2512,16.909791666666667,1610.56,7-8,-0.005122333014969005,0.001349534051178214,0.04880545382404455,0.011089127823978417,-0.000503656906380877,0.006856205586259101,-0.003879531291960013,0.007599070631634008,0.003984455626007963,0.005925489508932902,0.006216949019974114,-0.020754560889680352,0.14430932310287062,-0.020620421156723325,0.14428051937650488,0.010566660592869195,0.01784462110730198,-0.002094175023397038,-0.0022933541595981932,0.013224488799193246,-0.010331451762525479,-0.002899031944592375,-0.007169325847380836,0.0014697759536956303,-0.005790935804341646,-0.005680901868426373
robin_m1_n400_p12_tight,robin,1,400,0.125,12,tight,exact initial fields,tight (x0.01),_87ed40d2-20251219 OPENFOAM=2512 version=2512,16.909791666666667,1610.56,8-9,-0.005124885567666881,0.0013461756863497598,0.048810627179470156,0.011088977409234202,-0.0005035581406507125,0.006856394708887992,-0.003879264973782457,0.007599011856064042,0.003984130257211701,0.005925226959000218,0.0062167763192906515,-0.020754491282230655,0.14430924279125032,-0.020620368251010993,0.14428042672288094,0.01056577129210099,0.017844501409564974,-0.0020935341908659977,-0.0022927989114673863,0.013222711051357194,-0.010329921753678306,-0.002899331095198384,-0.007168741627954112,0.001468926864129206,-0.0057899382036086244,-0.005680309314844055
robin_m1_n400_p12_tight,robin,1,400,0.125,12,tight,exact initial fields,tight (x0.01),_87ed40d2-20251219 OPENFOAM=2512 version=2512,16.909791666666667,1610.56,9-10,-0.005124244054987348,0.0013470209493129381,0.04880929962152858,0.011088922878712992,-0.0005035093230961063,0.006856313302477712,-0.0038792677915049792,0.007598956505601606,0.003984231226664839,0.005925135045802277,0.006216760376146652,-0.020754508801649238,0.1443092461776704,-0.020620381547381057,0.14428043378368086,0.010566042729215455,0.017844497171889476,-0.002093583026440582,-0.0022928223240746837,0.013223286302984638,-0.010330372636974894,-0.002899196980352066,-0.007169004342253871,0.0014691060478137967,-0.005790307014622353,-0.0056803120117833806
robin_m1_n50_p12,robin,1,50,1.0,12,base,exact initial fields,tutorial,_87ed40d2-20251219 OPENFOAM=2512 version=2512,9.086666666666666,151.65,10-11,-0.030238426965363496,-0.028686357080905167,0.08456418377737807,0.01165438049591816,-0.0019164899327746459,0.008149743211715021,-0.0046169375534844265,0.00785787395749904,0.001638606547248497,0.0027546121422137304,0.005438314356680653,-0.020132019299378107,0.14401085306661768,-0.020099850183772982,0.1438866750053658,0.00956252565478617,0.017627269631439374,0.000637277295445271,-0.00022555487633146853,0.00048803204549341395,-0.0018733462176836468,-0.010579213981176588,-0.004703797837766643,-0.0058776994993273105,0.0033515505365306897,-0.008040015382105206
robin_m1_n50_p12,robin,1,50,1.0,12,base,exact initial fields,tutorial,_87ed40d2-20251219 OPENFOAM=2512 version=2512,9.086666666666666,151.65,11-12,-0.030238317330401943,-0.028686239266595526,0.08456434589125017,0.011654356324362292,-0.0019164776921070268,0.00814972701979566,-0.004616919292284416,0.007857857892526354,0.0016386096643105966,0.002754566958017346,0.005438325183794111,-0.020132021741266957,0.14401085235198963,-0.020099852456131842,0.14388667487474063,0.009562492858905708,0.01762726286868429,0.0006372782038577274,-0.00022554991512990785,0.00048811982833685263,-0.001873392499061044,-0.010579164257117636,-0.004703831179074802,-0.005877666191918416,0.0033514881367435745,-0.00803997828603478
robin_m1_n50_p12,robin,1,50,1.0,12,base,exact initial fields,tutorial,_87ed40d2-20251219 OPENFOAM=2512 version=2512,9.086666666666666,151.65,2-3,-0.030113590205695595,-0.02894006351162215,0.08448962113834857,0.011631856719538813,-0.0018742516186060452,0.008209241421774705,-0.004481080018615323,0.007911278719499926,0.0015234604643303822,0.0026826962086379247,0.005527533572836418,-0.02012676083029677,0.14398022881628303,-0.020102437624064003,0.1438578144532795,0.009278349438195945,0.017646816487748213,0.0008380237364409293,-1.2905242854910348e-05,-0.0003527692467770738,-0.0011586539331580603,-0.010268965501863488,-0.004263001831658397,-0.005961789839810296,0.003715591302801746,-0.007537579427653351
robin_m1_n50_p12,robin,1,50,1.0,12,base,exact initial fields,tutorial,_87ed40d2-20251219 OPENFOAM=2512 version=2512,9.086666666666666,151.65,3-4,-0.03017674527074976,-0.028524341579759915,0.08437241880968571,0.011653930000497859,-0.0019184806024844883,0.008127380382157101,-0.004644182285028902,0.0078418440765613,0.0016719317918342151,0.0027438497319509647,0.00545859081848329,-0.020135377328187473,0.14401991708117076,-0.02010112863494623,0.14389590107690858,0.00959521565260781,0.017632998869522715,0.0005731201440630773,-0.00028847652150421066,0.0006606123898260652,-0.002065146270125884,-0.01062272202264808,-0.004822240645108611,-0.005832089915864302,0.0032477362119895936,-0.008144758233239863
robin_m1_n50_p12,robin,1,50,1.0,12,base,exact initial fields,tutorial,_87ed40d2-20251219 OPENFOAM=2512 version=2512,9.086666666666666,151.65,4-5,-0.03028220942664328,-0.028754877079038788,0.08468438729847017,0.011654197559204826,-0.001919376702543522,0.008155102280885007,-0.004611987605580221,0.00786132906463477,0.0016267988879362584,0.0027512812919612273,0.005440875759071033,-0.02013059911349389,0.14400933862266654,-0.020098942722664118,0.1438849601535454,0.009564817558397517,0.017625936533879474,0.0006492031051665847,-0.00021504095844671056,0.00042679986722760077,-0.0018229713170773154,-0.01057855947147246,-0.004674059435645583,-0.005893457277978254,0.0033840236185256334,-0.008023812279649984
robin_m1_n50_p12,robin,1,50,1.0,12,base,exact initial fields,tutorial,_87ed40d2-20251219 OPENFOAM=2512 version=2512,9.086666666666666,151.65,5-6,-0.030216706105765656,-0.028658963639790702,0.08452244022224153,0.011654218653061044,-0.0019171268970067455,0.008147572290487792,-0.004618470275488609,0.007857696443100748,0.0016408310951390153,0.0027535270328236106,0.0054385143554048585,-0.02013258707199122,0.14401115560310826,-0.020100300383116738,0.1438870776826591,0.009558244493656767,0.017627182923093582,0.0006344769473052292,-0.0002276551875936006,0.0005004945545290518,-0.0018854475579775931,-0.01057626565239138,-0.004708871964132166,-0.005871894662663015,0.0033424560814214743,-0.008043074417348247
robin_m1_n50_p12,robin,1,50,1.0,12,base,exact initial fields,tutorial,_87ed40d2-20251219 OPENFOAM=2512 version=2512,9.086666666666666,151.65,6-7,-0.03024633775211949,-0.028695563965278614,0.08457794675866337,0.011654369158750066,-0.001916564046838248,0.008150267663426414,-0.0046167510557702735,0.007857837494983144,0.0016378653585026259,0.002754443863205447,0.0054383481313431325,-0.020131828472063733,0.1440107925616521,-0.020099686220142073,0.143886575530944,0.00956462535094803,0.01762718135526619,0.0006379690751630029,-0.00022513482921338035,0.00048388524670084365,-0.0018702862128633368,-0.010580942073707732,-0.0047026490367266804,-0.005879705137313058,0.0033542037315887896,-0.008040047705417365
robin_m1_n50_p12,robin,1,50,1.0,12,base,exact initial fields,tutorial,_87ed40d2-20251219 OPENFOAM=2512 version=2512,9.086666666666666,151.65,7-8,-0.030235837137431276,-0.028683583076162256,0.08455832507452854,0.011654431784955399,-0.0019165134312606686,0.008149626489477813,-0.004616996496281277,0.007857976898222319,0.0016387631689830844,0.0027546795762845022,0.005438317327235559,-0.0201320767950361,0.14401085070885675,-0.0200999038620738,0.14388668591028522,0.009561689636123673,0.017627313569676686,0.0006372014589022257,-0.00022553850791806607,0.0004885113987342926,-0.0018738018003002788,-0.010578569707445378,-0.004703767310513918,-0.005877169598158599,0.003351051803544003,-0.008039805677564635
robin_m1_n50_p12,robin,1,50,1.0,12,base,exact initial fields,tutorial,_87ed40d2-20251219 OPENFOAM=2512 version=2512,9.086666666666666,151.65,8-9,-0.030239227718060757,-0.0286872153242006,0.08456489870168138,0.01165442567344499,-0.001916511756165846,0.008149804893688772,-0.004616968918669358,0.007857889562129738,0.0016385670138208887,0.0027546915325900034,0.0054383034311096,-0.0201320015109215,0.14401085527000662,-0.020099833586900415,0.14388667311461797,0.009562773323470095,0.017627281073132633,0.0006372904443543437,-0.00022557017303914684,0.0004876780391507296,-0.0018731366218812662,-0.010579467589245191,-0.0047037238949478866,-0.0058778913073691385,0.0033518110776420418,-0.008040143284484581
robin_m1_n50_p12,robin,1,50,1.0,12,base,exact initial fields,tutorial,_87ed40d2-20251219 OPENFOAM=2512 version=2512,9.086666666666666,151.65,9-10,-0.03023813579444945,-0.028686084156358427,0.08456333954447048,0.011654404534837903,-0.00191650241351136,0.008149745026488242,-0.0046169473665699165,0.007857906701266515,0.0016386128884553622,0.0027546561116440493,0.005438305136720456,-0.02013202495617319,0.14401085030140684,-0.020099856218753036,0.14388667376192996,0.00956240901687363,0.017627278928290854,0.0006372859427248301,-0.00022553567925620577,0.00048797795962784996,-0.0018733075287203915,-0.0105791320623413,-0.004703723388034042,-0.005877657384069415,0.003351558469455229,-0.008039969585161635
robin_m1_n50_p12_endsFixedGradient,robin,1,50,1.0,12,endsFixedGradient,exact initial fields,tutorial,_87ed40d2-20251219 OPENFOAM=2512 version=2512,9.428333333333333,143.38,10-11,-0.013054092661661798,-0.010949188207944327,0.08279920323865886,0.013009037155313319,-0.0017791979551797937,0.008656726630097644,-0.004662783040091017,0.009164230272715956,0.0023380296543903,0.005494360665550868,0.006564860490568915,-0.02049965032018167,0.14410720697684395,-0.020456022829314524,0.1440405293330302,0.00667456516124569,0.018334956804879014,-0.00043153560219577614,-0.0008940306531706188,-0.006674733809603262,-0.00142170717252188,-0.005404325216640914,-0.002056162021718655,-0.0010326630770429042,0.002266082712019113,-0.004999279945589512
robin_m1_n50_p12_endsFixedGradient,robin,1,50,1.0,12,endsFixedGradient,exact initial fields,tutorial,_87ed40d2-20251219 OPENFOAM=2512 version=2512,9.428333333333333,143.38,11-12,-0.013053980923547592,-0.010949061363773605,0.08279943288141856,0.013009009563134333,-0.0017791860248800987,0.008656706947867798,-0.004662766109785999,0.009164210935804107,0.0023380325463923123,0.005494314192856731,0.006564865796135778,-0.020499652949228748,0.14410720635766078,-0.020456025145264567,0.14404052922727514,0.006674573219140321,0.018334950431987844,-0.000431534868309269,-0.0008940263603276488,-0.006674655875639868,-0.0014217639561691087,-0.005404286973194644,-0.002056205500723274,-0.0010326354914168073,0.002266015195192095,-0.004999251902122288
robin_m1_n50_p12_endsFixedGradient,robin,1,50,1.0,12,endsFixedGradient,exact initial fields,tutorial,_87ed40d2-20251219 OPENFOAM=2512 version=2512,9.428333333333333,143.38,2-3,-0.012415881441936394,-0.010674180820396284,0.08169477473058562,0.012960967911784582,-0.0017226582733844685,0.008678710062435258,-0.004511550853241437,0.009215758270760377,0.0022470445578868774,0.005349503146197421,0.006678154737377193,-0.020505350285454423,0.14407194169010987,-0.020469250771376554,0.1440100515621212,0.006676943918207421,0.018356818620284307,-0.00021999051672927372,-0.0006494739541116346,-0.00744357520195027,-0.0007884168386711465,-0.004930193999367768,-0.0016226862240701356,-0.0010136231007275961,0.002510600204016944,-0.004388181245784645
robin_m1_n50_p12_endsFixedGradient,robin,1,50,1.0,12,endsFixedGradient,exact initial fields,tutorial,_87ed40d2-20251219 OPENFOAM=2512 version=2512,9.428333333333333,143.38,3-4,-0.013190316968440863,-0.010981357830694538,0.0829103681969594,0.01300521153319023,-0.001775946152092549,0.008640448504680931,-0.00469036284985592,0.009137086978243225,0.0023673009660482073,0.005473004884495092,0.006597247041066632,-0.020498983553611693,0.1441179568160247,-0.0204531993640074,0.14405048773105808,0.006673456171889597,0.018342970549070543,-0.0005006370733632304,-0.0009685545274489282,-0.006545280130300091,-0.001606422092388704,-0.005506902894105159,-0.0021959228408454656,-0.0010230953043448192,0.0021921279278598327,-0.005134077226750162
robin_m1_n50_p12_endsFixedGradient,robin,1,50,1.0,12,endsFixedGradient,exact initial fields,tutorial,_87ed40d2-20251219 OPENFOAM=2512 version=2512,9.428333333333333,143.38,4-5,-0.013041183241581433,-0.010964451890446814,0.08282772699574892,0.013008689099508919,-0.0017823310144321593,0.00866015297111189,-0.004656223438595463,0.009170273534579776,0.0023266158640875066,0.0054892702985418484,0.006570134031274071,-0.020499333956097876,0.1441052292110925,-0.020456290397567165,0.1440386505455045,0.006674805255468862,0.01833444816411946,-0.0004184975963905657,-0.0008803184681300813,-0.006736868532109641,-0.0013688963310251046,-0.005384301965563008,-0.002018211001274084,-0.0010378907445680854,0.002293194666781684,-0.004969590008037223
robin_m1_n50_p12_endsFixedGradient,robin,1,50,1.0,12,endsFixedGradient,exact initial fields,tutorial,_87ed40d2-20251219 OPENFOAM=2512 version=2512,9.428333333333333,143.38,5-6,-0.013047843560830996,-0.010935537261077877,0.08278550987865363,0.013008865326634256,-0.0017802466693327328,0.008654742370657331,-0.004665182175282549,0.009163248919832334,0.0023400494508968757,0.005492824281738917,0.006565499437602112,-0.02049993325775572,0.1441077820739052,-0.020456152351863134,0.14404112094786053,0.006674438974710457,0.018334708931005292,-0.0004356410932083721,-0.0008980178278990003,-0.00666236092343353,-0.0014358788790144184,-0.005407364957687364,-0.0020640903152024936,-0.0010292902832366494,0.0022579577647254823,-0.0050074829190670765
robin_m1_n50_p12_endsFixedGradient,robin,1,50,1.0,12,endsFixedGradient,exact initial fields,tutorial,_87ed40d2-20251219 OPENFOAM=2512 version=2512,9.428333333333333,143.38,6-7,-0.013057531780947373,-0.010954611402848702,0.08280641230313357,0.013008987971598218,-0.0017793760349984083,0.008657153719161759,-0.004662390132831961,0.009164480820290422,0.00233713352935061,0.005493994995742657,0.00656491518726364,-0.02049953791584629,0.1441070596138937,-0.020455951548100332,0.1440403656119603,0.006674561078784695,0.018334827344060826,-0.0004303994594365701,-0.0008930089738464764,-0.006679560215406943,-0.0014176803088763457,-0.005404305646035784,-0.002053817132859459,-0.001034014656386044,0.002268660807697609,-0.004997843425876678
robin_m1_n50_p12_endsFixedGradient,robin,1,50,1.0,12,endsFixedGradient,exact initial fields,tutorial,_87ed40d2-20251219 OPENFOAM=2512 version=2512,9.428333333333333,143.38,7-8,-0.013052529938115232,-0.010947213533871514,0.08279475548558257,0.013009073486400569,-0.0017792203011857324,0.008656603641398641,-0.00466291820210784,0.009164243227697266,0.002338226320570314,0.005494373799118213,0.006564879999550106,-0.020499691248440872,0.1441072272511527,-0.020456055219244214,0.14404055712351407,0.00667453234489939,0.01833499853778505,-0.0004317284540693578,-0.000894171216439088,-0.006673957531017627,-0.0014225317323618425,-0.005404144632923821,-0.002056505537208042,-0.0010322695418867114,0.0022655179752646415,-0.004999490613989056
robin_m1_n50_p12_endsFixedGradient,robin,1,50,1.0,12,endsFixedGradient,exact initial fields,tutorial,_87ed40d2-20251219 OPENFOAM=2512 version=2512,9.428333333333333,143.38,8-9,-0.01305459764801975,-0.010949831840884272,0.08279937037682239,0.01300907927275552,-0.0017792153724379687,0.008656793310683586,-0.004662788835523909,0.009164266443090652,0.0023379733495309404,0.005494429235248566,0.006564858467828772,-0.02049963697986584,0.1441072003676273,-0.020456012362669505,0.14404051989462235,0.0066745500770886345,0.018334978995226035,-0.00043147010441202394,-0.0008939848309785781,-0.006675167624470846,-0.0014213705609854577,-0.00540445104435736,-0.0020559856335311544,-0.0010328252300883317,0.0022663796396020786,-0.004999258414753246
robin_m1_n50_p12_endsFixedGradient,robin,1,50,1.0,12,endsFixedGradient,exact initial fields,tutorial,_87ed40d2-20251219 OPENFOAM=2512 version=2512,9.428333333333333,143.38,9-10,-0.013053804712016892,-0.010948898611070401,0.08279830875303595,0.01300905925109741,-0.0017791960058290575,0.008656729630911464,-0.004662794064585085,0.009164252777285276,0.002338049924897467,0.005494398198832684,0.006564854829047875,-0.02049965632253724,0.14410720434927915,-0.020456028797528655,0.14404052801423745,0.006674555519570419,0.018334986484089655,-0.00043152645044075566,-0.0008940124360683477,-0.006674730417770336,-0.001421709909870894,-0.005404261264016432,-0.002056130976536119,-0.0010326287551916673,0.0022660725258805137,-0.004999249426868528
robin_m1_n50_p12_fluxConsistent,robin,1,50,1.0,12,fluxConsistent,exact initial fields,tutorial,_87ed40d2-20251219 OPENFOAM=2512 version=2512,9.585,151.86,10-11,-0.01299459492205679,-0.01075952458161955,0.06637660248468613,0.012079467497613239,-0.0023199517896576633,0.00796145972046447,-0.004841105824981129,0.008583176354105326,0.0017463245760270508,0.003900467654942563,0.004869172239708967,-0.02050358140033626,0.14413307333323153,-0.02045725601454849,0.14405284461484855,0.007009107254012843,0.01782125220965741,-0.0005169901266706134,-0.0010733318397367908,0.0019788478624136463,-0.0030271302413366064,-0.00697389936782219,-0.0035930710036226055,-0.0026512137613075755,0.0005818394295666884,-0.006593894458865607
robin_m1_n50_p12_fluxConsistent,robin,1,50,1.0,12,fluxConsistent,exact initial fields,tutorial,_87ed40d2-20251219 OPENFOAM=2512 version=2512,9.585,151.86,11-12,-0.012994553933089348,-0.01075946541567352,0.06637683096358993,0.012079436772245877,-0.0023199021679854697,0.007961451803852881,-0.004841073401922155,0.008583138420704683,0.0017463518600662653,0.0039004090243557332,0.004869178465877274,-0.020503582626644545,0.14413307157634092,-0.02045725686411,0.1440528432043463,0.007009119047066028,0.01782126838615353,-0.0005169803401714468,-0.0010733196634551412,0.0019789412814490426,-0.003027198040690404,-0.0069738944385333386,-0.0035931471254116998,-0.0026512145915192392,0.0005817688489260231,-0.0065938692755252845
robin_m1_n50_p12_fluxConsistent,robin,1,50,1.0,12,fluxConsistent,exact initial fields,tutorial,_87ed40d2-20251219 OPENFOAM=2512 version=2512,9.585,151.86,2-3,-0.012670884965157114,-0.010759687990498201,0.06575476280584702,0.01204724296024473,-0.0022514581555339937,0.008002458398723933,-0.004704128628837809,0.008619643844170577,0.0016700670291177574,0.003810772389999384,0.004979753356186912,-0.020503578013427486,0.14410514003330038,-0.020463965417991153,0.14402777128274236,0.0065705874123269115,0.017852586966861077,-0.0003429933396770224,-0.0008797001745199928,0.0012598643087209371,-0.0024428706346116824,-0.006629507957067649,-0.0032327549225874552,-0.002677877899891814,0.000851551766392955,-0.006084510619378015
robin_m1_n50_p12_fluxConsistent,robin,1,50,1.0,12,fluxConsistent,exact initial fields,tutorial,_87ed40d2-20251219 OPENFOAM=2512 version=2512,9.585,151.86,3-4,-0.013033570439384357,-0.0107073284942234,0.06634844111280458,0.012079525484400833,-0.00231883758498332,0.007945668099405001,-0.004865672426301739,0.008564679597492297,0.0017744150031263081,0.0038904310650815788,0.004897333201038828,-0.020504663247221118,0.14414248707714097,-0.0204564481849944,0.14406195798735183,0.007102816522079591,0.017829735565727818,-0.0005802175123519326,-0.0011385703410909942,0.002110689647018882,-0.003192368981214,-0.00704078988464538,-0.0037070979151631045,-0.0026262948019154845,0.0005072227421407671,-0.0067027882952487
robin_m1_n50_p12_fluxConsistent,robin,1,50,1.0,12,fluxConsistent,exact initial fields,tutorial,_87ed40d2-20251219 OPENFOAM=2512 version=2512,9.585,151.86,4-5,-0.013002957737494603,-0.010791785974257007,0.06644323485534476,0.012079771379990056,-0.0023237151019721773,0.007965233994105425,-0.004836465881843113,0.008588163843949337,0.0017356079376808654,0.003897464490425051,0.004872942960444183,-0.02050291273168949,0.144131591829678,-0.020457082681904583,0.14405133179164623,0.006990666620000156,0.01782031341917341,-0.0005064935830506601,-0.001063064046327944,0.0019230314851867991,-0.0029809395804448746,-0.006963499788638094,-0.0035613640223262077,-0.0026592811566892856,0.0006081749748712006,-0.0065740444704565516
robin_m1_n50_p12_fluxConsistent,robin,1,50,1.0,12,fluxConsistent,exact initial fields,tutorial,_87ed40d2-20251219 OPENFOAM=2512 version=2512,9.585,151.86,5-6,-0.012982921363490996,-0.010741776366970157,0.06635440269787285,0.012079344740405062,-0.0023209875062593682,0.007959554248600842,-0.004843055800430389,0.008582678306529479,0.0017481227422237323,0.003899214571254195,0.004869351777195075,-0.02050394926029834,0.1441334831204879,-0.020457497967606653,0.14405330225218863,0.007011415565555288,0.01782094917765776,-0.0005201653454190991,-0.0010761718975068613,0.0019903971432280176,-0.0030391589371245864,-0.006974418044833482,-0.0035989522436230548,-0.002647243576016689,0.0005740535467204655,-0.006599665458820762
robin_m1_n50_p12_fluxConsistent,robin,1,50,1.0,12,fluxConsistent,exact initial fields,tutorial,_87ed40d2-20251219 OPENFOAM=2512 version=2512,9.585,151.86,6-7,-0.012999586541271646,-0.010766087675431413,0.06638590213144568,0.01207943017283819,-0.0023200356631033624,0.007961904305644918,-0.004840802728570058,0.008583278851943765,0.0017455884902901212,0.003900177302472496,0.004869176135867088,-0.02050344536978398,0.1441329640878557,-0.02045715255530533,0.14405271086938712,0.0070091832501494155,0.017821149205899528,-0.0005160621585987846,-0.0010725747046845813,0.001974640174701392,-0.003023801259560477,-0.006974571714961678,-0.0035914004280467315,-0.0026527450098146957,0.0005842181984312411,-0.0065931175515592435
robin_m1_n50_p12_fluxConsistent,robin,1,50,1.0,12,fluxConsistent,exact initial fields,tutorial,_87ed40d2-20251219 OPENFOAM=2512 version=2512,9.585,151.86,7-8,-0.012992861923295407,-0.010757482465822754,0.06637190813560667,0.012079509267390431,-0.002319956859568032,0.007961355216039134,-0.004841196843892589,0.008583217396173737,0.0017465039288479581,0.0039005060105905542,0.004869190378169776,-0.0205036237264324,0.1441330847718957,-0.020457291933702684,0.1440528651735587,0.007008803471061191,0.01782129170644506,-0.0005171327693141992,-0.0010734111163769322,0.001979486923409546,-0.0030277675604379883,-0.006973564411163365,-0.0035932663620692473,-0.0026507970136843105,0.0005813408394388375,-0.006593935065837953
robin_m1_n50_p12_fluxConsistent,robin,1,50,1.0,12,fluxConsistent,exact initial fields,tutorial,_87ed40d2-20251219 OPENFOAM=2512 version=2512,9.585,151.86,8-9,-0.01299529842343694,-0.010760312686733164,0.06637701876091207,0.012079507371444143,-0.0023199218579150515,0.007961535431573186,-0.004841101585821385,0.008583181280372942,0.001746311707428213,0.0039005302442001177,0.0048691791451362515,-0.020503565065604967,0.14413307094459382,-0.020457241433364064,0.1440528388431072,0.007009215575967913,0.017821291422852843,-0.0005169500805497496,-0.0010733152850773697,0.0019784921245520337,-0.0030268880871738846,-0.006974097446288468,-0.0035929887580096187,-0.0026513951543702557,0.000582095240542202,-0.006593937279193647
robin_m1_n50_p12_fluxConsistent,robin,1,50,1.0,12,fluxConsistent,exact initial fields,tutorial,_87ed40d2-20251219 OPENFOAM=2512 version=2512,9.585,151.86,9-10,-0.012994459660942037,-0.010759399627976562,0.06637591060041981,0.012079496002275869,-0.002319922372774698,0.007961480710308111,-0.004841103118839144,0.008583190262631213,0.0017463605186885847,0.0039005041591135825,0.004869174707071371,-0.020503583990199144,0.1441330711874862,-0.020457258818050113,0.14405284333776042,0.007009041301174241,0.017821289551988306,-0.0005169812658396555,-0.001073316968463911,0.00197881910196962,-0.003027109325165589,-0.006973880463533073,-0.0035930470805496384,-0.0026512113017543616,0.0005818503543142395,-0.006593869637259454
robin_m1_n50_p12_pimple4,robin,1,50,1.0,12,pimple4,exact initial fields,tutorial,_87ed40d2-20251219 OPENFOAM=2512 version=2512,9.33,192.47,10-11,-0.03023802307633583,-0.028685946107288918,0.08456366073295118,0.011654480518023425,-0.0019164948898789916,0.008149794974737556,-0.004616964319448418,0.007857952224548548,0.0016386460035418288,0.0027546674977352303,0.005438309782570382,-0.020132027817459607,0.14401084913772083,-0.020099858555015122,0.1438866726757792,0.009562440219192805,0.01762755098919783,0.0006372934961897947,-0.00022552760053462517,0.000488116653889481,-0.0018733461335970203,-0.010579129708789213,-0.0047037477086682156,-0.005877685836214417,0.00335149411691793,-0.008039960220409882
robin_m1_n50_p12_pimple4,robin,1,50,1.0,12,pimple4,exact initial fields,tutorial,_87ed40d2-20251219 OPENFOAM=2512 version=2512,9.33,192.47,11-12,-0.03023791184823843,-0.02868582696699984,0.08456381590867212,0.011654457252091799,-0.0019164812571485109,0.008149779786615907,-0.004616945185109812,0.007857936342281713,0.0016386499551189692,0.0027546223964802774,0.005438321347864559,-0.02013203028683149,0.14401084840809733,-0.020099860860394256,0.14388667254177276,0.009562406509552835,0.01762754452949084,0.0006372944281165527,-0.00022552253522900578,0.00048820450033892904,-0.0018733918792542825,-0.010579078635142337,-0.004703780556431281,-0.005877651645617586,0.003351431842806285,-0.00803992224834026
robin_m1_n50_p12_pimple4,robin,1,50,1.0,12,pimple4,exact initial fields,tutorial,_87ed40d2-20251219 OPENFOAM=2512 version=2512,9.33,192.47,2-3,-0.030113378932806745,-0.028939840571294395,0.08448926759221198,0.01163192339808794,-0.001874235467832489,0.008209284780636317,-0.004481093148188026,0.007911327796671364,0.0015234997730049075,0.00268272465937347,0.005527500940950996,-0.02012676545108946,0.14398022246504624,-0.020102442003030473,0.1438578093691379,0.009278292549524628,0.017647100523817228,0.0008380591074941268,-1.28611315546312e-05,-0.0003526856091746744,-0.00115865522017089,-0.010268915539084265,-0.004262984599088693,-0.005961817829924626,0.003715541800185518,-0.007537520545440474
robin_m1_n50_p12_pimple4,robin,1,50,1.0,12,pimple4,exact initial fields,tutorial,_87ed40d2-20251219 OPENFOAM=2512 version=2512,9.33,192.47,3-4,-0.030176373653282185,-0.028523959516697395,0.0843718540949503,0.011654020577797075,-0.0019184849475337936,0.008127425100343366,-0.004644210294853943,0.007841916849532504,0.0016719698888593146,0.002743905640752331,0.005458586713170187,-0.02013538524705179,0.14401991333908185,-0.02010113633730899,0.1438958989519533,0.009595130605983727,0.017633284834633823,0.0005731349198361269,-0.00028845054586434937,0.0006606960948218887,-0.002065152591033126,-0.010622642280916026,-0.004822204897655835,-0.005832081176472145,0.0032476800905585357,-0.008144693307859876
robin_m1_n50_p12_pimple4,robin,1,50,1.0,12,pimple4,exact initial fields,tutorial,_87ed40d2-20251219 OPENFOAM=2512 version=2512,9.33,192.47,4-5,-0.030281820708797147,-0.028754479492989815,0.08468391339602888,0.011654293016524875,-0.0019193894934734195,0.008155148663285594,-0.0046120197712499825,0.007861406314716879,0.0016268335341580813,0.0027513381308634788,0.005440868383128837,-0.020130607354096778,0.14400933505996508,-0.020098950779459404,0.14388495809696866,0.009564738632202856,0.017626217187347686,0.0006492174076475621,-0.00021501622438802048,0.00042688320382655576,-0.0018229741509246944,-0.01057848497713115,-0.0046740125262962895,-0.0058934491210028426,0.0033839681147198597,-0.008023763464865151
robin_m1_n50_p12_pimple4,robin,1,50,1.0,12,pimple4,exact initial fields,tutorial,_87ed40d2-20251219 OPENFOAM=2512 version=2512,9.33,192.47,5-6,-0.030216307929759045,-0.028658557039562993,0.08452195066083634,0.01165431438114739,-0.0019171391003898045,0.008147618943246338,-0.004618501584173273,0.007857774063316558,0.0016408662136710031,0.0027535822706594715,0.005438506106242106,-0.02013259549942729,0.14401115177361093,-0.020100308635947434,0.14388707540485318,0.00955816287804267,0.0176274627970535,0.000634492787860097,-0.00022762860197522716,0.0005005791085335165,-0.0018854502346100643,-0.010576187514263051,-0.0047088237036613245,-0.005871884844236167,0.0033423987781415754,-0.008043023695701432
robin_m1_n50_p12_pimple4,robin,1,50,1.0,12,pimple4,exact initial fields,tutorial,_87ed40d2-20251219 OPENFOAM=2512 version=2512,9.33,192.47,6-7,-0.03024594133050651,-0.028695159319913732,0.08457745387955784,0.011654465610558606,-0.0019165745722191016,0.008150315426944665,-0.004616781377443475,0.007857915009071847,0.001637901376129829,0.002754498932719285,0.005438340596402172,-0.020131836858982163,0.14401078870597675,-0.020099694436610173,0.14388657322464074,0.00956454386669174,0.017627461509868485,0.0006379851140092541,-0.0002251080617236001,0.00048396955981488965,-0.0018702883591479313,-0.010580863482536637,-0.00470260092789565,-0.00587969513529452,0.0033541468861135737,-0.008039996369528147
robin_m1_n50_p12_pimple4,robin,1,50,1.0,12,pimple4,exact initial fields,tutorial,_87ed40d2-20251219 OPENFOAM=2512 version=2512,9.33,192.47,7-8,-0.03023543790820682,-0.028683176045524283,0.08455782330711892,0.011654529121112311,-0.0019165225994851871,0.0081496752565684,-0.004617025890982602,0.007858054661722846,0.0016388000173801895,0.0027547346906557912,0.005438310517770847,-0.02013208523139311,0.14401084681852516,-0.02009991213673411,0.14388668358496445,0.009561606839994245,0.017627594024924215,0.0006372176299780374,-0.00022551149985416963,0.0004885956406652792,-0.0018738031666218902,-0.01057848939444134,-0.004703718420617231,-0.005877158554100162,0.0033509950785242104,-0.008039753041522752
robin_m1_n50_p12_pimple4,robin,1,50,1.0,12,pimple4,exact initial fields,tutorial,_87ed40d2-20251219 OPENFOAM=2512 version=2512,9.33,192.47,8-9,-0.0302388270282673,-0.02868680699655668,0.08456438972262448,0.011654523905348046,-0.0019165194952698822,0.00814985464325102,-0.004616997446631719,0.007857967474606653,0.0016386047620844224,0.0027547467152244653,0.005438297372848789,-0.02013200997416102,0.1440108513717715,-0.02009984189183334,0.14388667079256073,0.009562689711361325,0.017627561830435526,0.0006373065927371968,-0.00022554311010769545,0.0004877625396060292,-0.0018731376460479066,-0.010579386024458994,-0.004703674717586259,-0.005877879391623696,0.0033517543930361438,-0.008040089878455576
robin_m1_n50_p12_pimple4,robin,1,50,1.0,12,pimple4,exact initial fields,tutorial,_87ed40d2-20251219 OPENFOAM=2512 version=2512,9.33,192.47,9-10,-0.030237733516840004,-0.02868567453522064,0.0845628235400806,0.011654503660829318,-0.0019165087472333422,0.008149795778850777,-0.004616975010508128,0.00785798478813593,0.0016386514805220424,0.002754711382442654,0.00543829982401174,-0.020132033446222428,0.14401084638644965,-0.020099864556595973,0.14388667143462,0.00956232449217907,0.017627559986601628,0.0006373021276366853,-0.00022550850023228541,0.00048806248330746094,-0.0018733079647256234,-0.010579049136204492,-0.004703673729982927,-0.005877644599641013,0.003351501925233258,-0.008039915282122964
robin_m1_n50_p12_tight,robin,1,50,1.0,12,tight,exact initial fields,tight (x0.01),_87ed40d2-20251219 OPENFOAM=2512 version=2512,13.025,247.99,10-11,-0.030238324091934388,-0.028686275330459643,0.08456328260961454,0.011654428573099285,-0.0019166113687215148,0.00814973041364131,-0.004617017404967432,0.007857963984338578,0.0016385406098176347,0.0027546952349053466,0.005438229447995686,-0.020132020993786044,0.14401084947913442,-0.020099852315988334,0.1438866718852818,0.009562495904753976,0.017627467469724534,0.0006372989935798934,-0.0002255299707489833,0.00048802766091027294,-0.001873289638652298,-0.010579191278497338,-0.004703745407257265,-0.005877726583810746,0.003351579604746302,-0.008039973871484477
robin_m1_n50_p12_tight,robin,1,50,1.0,12,tight,exact initial fields,tight (x0.01),_87ed40d2-20251219 OPENFOAM=2512 version=2512,13.025,247.99,11-12,-0.03023821422876094,-0.02868615743712033,0.08456344397587356,0.011654404725429446,-0.0019165987552610458,0.008149714491815452,-0.0046169989473398634,0.007857948030620454,0.001638543986176884,0.0027546501345054875,0.005438240444006494,-0.02013202343731291,0.14401084875158837,-0.020099854593077247,0.14388667174442135,0.009562462828845118,0.017627460668134514,0.0006372999731718565,-0.00022552491986582712,0.00048811531411852016,-0.0018733355814367636,-0.010579141222969215,-0.0047037784927388415,-0.005877693141912681,0.003351517421559924,-0.008039936488106681
robin_m1_n50_p12_tight,robin,1,50,1.0,12,tight,exact initial fields,tight (x0.01),_87ed40d2-20251219 OPENFOAM=2512 version=2512,13.025,247.99,2-3,-0.030113926312581696,-0.028940343563382043,0.08448939626100627,0.011631903588229742,-0.0018743714961805351,0.008209230311118088,-0.004481187672206597,0.007911339105004522,0.0015234060663512528,0.0026827872869623626,0.00552745456850925,-0.02012675502577886,0.14398023521314735,-0.020102430657714495,0.14385781916956752,0.009278495693604937,0.01764702386270411,0.0008379909245963546,-1.2949671048478884e-05,-0.0003526862591225477,-0.0011587149715897027,-0.010269115755227716,-0.004263075252992188,-0.005961869656078942,0.003715616947484568,-0.007537684463927663
robin_m1_n50_p12_tight,robin,1,50,1.0,12,tight,exact initial fields,tight (x0.01),_87ed40d2-20251219 OPENFOAM=2512 version=2512,13.025,247.99,3-4,-0.03017657432976817,-0.028524200976437708,0.0843714579489403,0.011653975955622009,-0.0019186086315292619,0.008127363742625127,-0.004644260605489779,0.007841940468938269,0.0016718588398713778,0.00274393406832929,0.005458504944608975,-0.020135380242414836,0.14401991236632955,-0.02010113217796981,0.14389589727033164,0.009595149573218558,0.017633197077721492,0.0005731466129106355,-0.0002884437935223305,0.0006605976681721693,-0.0020650743343623157,-0.010622663523030767,-0.004822167368576213,-0.005832101311091931,0.003247762562843981,-0.008144687208481653
robin_m1_n50_p12_tight,robin,1,50,1.0,12,tight,exact initial fields,tight (x0.01),_87ed40d2-20251219 OPENFOAM=2512 version=2512,13.025,247.99,4-5,-0.0302821250387747,-0.028754798687057215,0.08468352646691968,0.011654243642491346,-0.0019195002276415428,0.008155086223175845,-0.004612072178888206,0.007861415522978588,0.001626735053304989,0.002751362925496048,0.0054407902366534035,-0.020130600738292325,0.144009336325992,-0.02009894447173684,0.14388495820707423,0.009564802480164128,0.017626134386228363,0.0006492166419174161,-0.00021502501378134475,0.0004268220020524627,-0.0018229413942371098,-0.01057854974333729,-0.0046740258504532894,-0.005893482849020908,0.0033840395800295298,-0.008023788494411101
robin_m1_n50_p12_tight,robin,1,50,1.0,12,tight,exact initial fields,tight (x0.01),_87ed40d2-20251219 OPENFOAM=2512 version=2512,13.025,247.99,5-6,-0.030216611183538022,-0.02865889263539334,0.08452155867508937,0.011654265078802073,-0.0019172503417881422,0.008147558995139637,-0.004618550270129599,0.007857786277911671,0.0016407622964207233,0.0027536094451663384,0.005438428161107822,-0.020132588543670227,0.1440111518023431,-0.0201003023505308,0.1438870743070878,0.009558216443513217,0.017627380659037406,0.0006345004220547068,-0.00022762880144344688,0.0005004833069366388,-0.0018853856234233302,-0.010576244443756874,-0.004708816893335133,-0.005871924865601967,0.0033424884247177378,-0.008043031573765824
robin_m1_n50_p12_tight,robin,1,50,1.0,12,tight,exact initial fields,tight (x0.01),_87ed40d2-20251219 OPENFOAM=2512 version=2512,13.025,247.99,6-7,-0.030246233986415683,-0.028695479837920645,0.08457704372763164,0.011654415983584965,-0.0019166868512178604,0.008150253576693078,-0.0046168318267637756,0.007857926929728976,0.001637798781768263,0.00275452663514808,0.005438262578552751,-0.02013183021573696,0.14401078908157686,-0.020099688370851236,0.14388657251930834,0.009564596296225478,0.017627379429172176,0.000637990019139556,-0.00022511066927521917,0.0004838833727873748,-0.0018702328782350675,-0.010580920529336447,-0.004702598754687148,-0.00587973206182933,0.0033542307180651765,-0.008040007823843238
robin_m1_n50_p12_tight,robin,1,50,1.0,12,tight,exact initial fields,tight (x0.01),_87ed40d2-20251219 OPENFOAM=2512 version=2512,13.025,247.99,7-8,-0.030235736260795676,-0.028683503124273257,0.08455742904326735,0.011654478951566016,-0.0019166360251042184,0.00814961299581718,-0.00461707687762478,0.00785806659374999,0.0016386962840040065,0.002754762445844605,0.005438231917244978,-0.020132078452166097,0.1440108471552293,-0.020099905952902432,0.14388668280957845,0.009561660964711383,0.01762751153908544,0.0006372230222775332,-0.00022551383737390296,0.0004885066980417907,-0.0018737456967873323,-0.010578548272984793,-0.004703715425425803,-0.00587719737119688,0.003351080690174868,-0.008039765009580159
robin_m1_n50_p12_tight,robin,1,50,1.0,12,tight,exact initial fields,tight (x0.01),_87ed40d2-20251219 OPENFOAM=2512 version=2512,13.025,247.99,8-9,-0.030239125052888838,-0.028687133435753576,0.08456399853570273,0.011654473143414057,-0.001916633957460458,0.008149791530903894,-0.004617049166346681,0.007857979368214307,0.0016385005586391306,0.00275477445516481,0.005438218181104778,-0.02013200320818974,0.14401085171276365,-0.020099835714799303,0.14388667002088548,0.009562744003079396,0.017627479000472228,0.0006373119592320009,-0.00022554547739628283,0.00048767403604021986,-0.0018730808647681174,-0.010579445488582667,-0.0047036720336238735,-0.005877918570108445,0.003351839592175221,-0.008040102363578114
robin_m1_n50_p12_tight,robin,1,50,1.0,12,tight,exact initial fields,tight (x0.01),_87ed40d2-20251219 OPENFOAM=2512 version=2512,13.025,247.99,9-10,-0.030238033416497778,-0.028686002764189644,0.08456243943523267,0.011654452311387287,-0.0019166242215631639,0.008149731954202766,-0.00461702742072759,0.007857996609172968,0.0016385466591439949,0.0027547391201958593,0.005438220058719972,-0.020132026643155276,0.14401084672824085,-0.02009985834069883,0.14388667065226246,0.009562379594776894,0.017627476803977377,0.0006373075684196206,-0.00022551087306832418,0.00048797364604635796,-0.0018732512759148667,-0.01057910976041655,-0.004703671224552619,-0.005877684633555466,0.0033515873396499085,-0.008039928380948046
robin_m2_n100_p12,robin,2,100,0.5,12,base,exact initial fields,tutorial,_87ed40d2-20251219 OPENFOAM=2512 version=2512,8.708333333333334,698.4,10-11,-0.009633817672337175,-0.009974846573942098,0.02663168654566861,0.0022071951989828253,-0.0010123270147248463,0.001649418429976901,-0.0012957227288848564,0.001494579649431893,-0.000349753615900228,-0.00017090757614779406,0.0010519444740882211,-0.020519845099409698,0.14384933665137092,-0.020526913465512456,0.14380414829974403,0.003331659119077984,0.00490178418341245,0.0012115256672338148,0.0008970084123895994,-0.0012930117707836697,0.0008498856216709871,-0.0037359422745221987,-0.0005647075696930681,-0.0028261505631416834,0.0020614293340628365,-0.0020497423869532735
robin_m2_n100_p12,robin,2,100,0.5,12,base,exact initial fields,tutorial,_87ed40d2-20251219 OPENFOAM=2512 version=2512,8.708333333333334,698.4,11-12,-0.00963347655739899,-0.009974688291001232,0.026632836944090243,0.002207135880451405,-0.0010123008380552747,0.0016494159524482743,-0.0012956332002052743,0.001494593869011407,-0.0003498477485857017,-0.00017094560684260962,0.0010520549563166086,-0.02051984838007526,0.14384932636372808,-0.020526920535661804,0.14380413939188352,0.003331589500939618,0.004901866383645185,0.0012115876866765074,0.0008970799933361029,-0.0012933338838185815,0.0008502518820086014,-0.0037355881000374278,-0.0005645002590463077,-0.0028260770286834057,0.002061591637255944,-0.002049310671598698
robin_m2_n100_p12,robin,2,100,0.5,12,base,exact initial fields,tutorial,_87ed40d2-20251219 OPENFOAM=2512 version=2512,8.708333333333334,698.4,2-3,-0.009529077990774515,-0.010061384731528622,0.026105722436868373,0.002187193099024265,-0.0009497813361368455,0.0016756463715152936,-0.0012166723439652222,0.0015125944660350221,-0.0003820723508404656,-0.00019995497498825898,0.0011084881970225742,-0.02051805145852823,0.14383185427003847,-0.0205290843619124,0.1437886029299701,0.003233177741113693,0.004930998799957662,0.0013197693184778814,0.0010186647955625627,-0.0016700513204268574,0.0011829874886259972,-0.0035336429744379813,-0.000372228616752901,-0.002849042653766858,0.002221297069456618,-0.0017120464412464554
robin_m2_n100_p12,robin,2,100,0.5,12,base,exact initial fields,tutorial,_87ed40d2-20251219 OPENFOAM=2512 version=2512,8.708333333333334,698.4,3-4,-0.009682146005913439,-0.009968481144629227,0.026573918165556876,0.0022068396059842232,-0.0009989794855839009,0.0016443754442256875,-0.0013051923813218193,0.0014782679801403908,-0.00032612675108331424,-0.00016957935029471294,0.0010704290405986647,-0.02051997703305102,0.14385482801610244,-0.020525911783973894,0.1438093263577553,0.003342597085080616,0.004908969531558665,0.001175475631448375,0.0008588012099779441,-0.0012093330198034158,0.0007517608454918889,-0.0037819870959118263,-0.000642207316282728,-0.0028161744210102014,0.0020212740638854143,-0.0021031734965194287
robin_m2_n100_p12,robin,2,100,0.5,12,base,exact initial fields,tutorial,_87ed40d2-20251219 OPENFOAM=2512 version=2512,8.708333333333334,698.4,4-5,-0.009634530331089963,-0.009990215080134313,0.02663709927567348,0.0022081328481027285,-0.001011053577336091,0.0016528835322189295,-0.0012913128991232752,0.001497480084074132,-0.0003541553271450669,-0.0001691290521966815,0.0010567071451245977,-0.0205195265626883,0.14384855435510377,-0.020526898694526924,0.14380338805319143,0.0033314068682767533,0.004903354244847593,0.0012168187804288966,0.0009024516231119772,-0.001325259024800629,0.0008784779983364022,-0.0037268603722169437,-0.0005471581943410353,-0.0028294592520176254,0.002078292250178526,-0.002033563368929712
robin_m2_n100_p12,robin,2,100,0.5,12,base,exact initial fields,tutorial,_87ed40d2-20251219 OPENFOAM=2512 version=2512,8.708333333333334,698.4,5-6,-0.009629109002113112,-0.009966197873079508,0.026614132849927863,0.002207669008083224,-0.0010124783757329344,0.0016487379299003901,-0.0012968453731144044,0.0014943706285981406,-0.000348310282814131,-0.0001701204049625593,0.00105319210741046,-0.020520024357483492,0.1438497600243313,-0.02052701106018799,0.14380459143721167,0.0033291953320372003,0.004902164123482285,0.0012084404087200351,0.0008940626116498152,-0.001285851265436344,0.0008426757715309652,-0.0037364966023147902,-0.0005685422154988462,-0.0028233053169346945,0.002057591154267735,-0.002053457494793162
robin_m2_n100_p12,robin,2,100,0.5,12,base,exact initial fields,tutorial,_87ed40d2-20251219 OPENFOAM=2512 version=2512,8.708333333333334,698.4,6-7,-0.009636697264448713,-0.009979062481081713,0.026634375595829818,0.0022074192870797926,-0.0010124670117385303,0.0016498760993264305,-0.0012954857827196984,0.0014948918332420291,-0.00035032995205636774,-0.00017052336456424566,0.001052304765553955,-0.020519757718032407,0.14384929041922084,-0.020526853781388396,0.14380408828250596,0.003332653709263627,0.004901794637926448,0.0012119435270541157,0.0008973300936474526,-0.001296365366173835,0.0008528530846436677,-0.0037358541387511835,-0.0005628428430437538,-0.002826754245166426,0.0020635523393632837,-0.0020489201860222233
robin_m2_n100_p12,robin,2,100,0.5,12,base,exact initial fields,tutorial,_87ed40d2-20251219 OPENFOAM=2512 version=2512,8.708333333333334,698.4,7-8,-0.009632746663464364,-0.009973500013867098,0.02662589761407297,0.0022073038002032863,-0.0010123453166508872,0.0016493986634096292,-0.0012957989435188107,0.0014946428715707505,-0.00034960527279198953,-0.00017073178404225509,0.0010520663862663344,-0.020519873009007813,0.14384936013485258,-0.020526935663873876,0.14380417689143982,0.003331174834756286,0.004901800407105456,0.0012113266025335356,0.0008968450154407392,-0.0012924863923090557,0.0008494430964323119,-0.003735688834183854,-0.0005647743355340351,-0.002825712726676632,0.0020611454075023516,-0.0020498511789515178
robin_m2_n100_p12,robin,2,100,0.5,12,base,exact initial fields,tutorial,_87ed40d2-20251219 OPENFOAM=2512 version=2512,8.708333333333334,698.4,8-9,-0.009633723693239005,-0.00997500401831275,0.026629370612107683,0.0022072283697815998,-0.0010122694984242705,0.0016495122630173498,-0.0012956117385040742,0.0014946488697662463,-0.00034983053783608305,-0.00017077732879478003,0.0010521724011957443,-0.020519841836124833,0.1438493267358146,-0.020526915413378657,0.14380413877601572,0.003331594298437554,0.004901887705436364,0.0012115919745503412,0.0008970774043750573,-0.0012936280105272369,0.0008505266989613514,-0.0037355269354057094,-0.0005642851571632246,-0.002826011275257155,0.0020618466626745047,-0.0020492143152226823
robin_m2_n100_p12,robin,2,100,0.5,12,base,exact initial fields,tutorial,_87ed40d2-20251219 OPENFOAM=2512 version=2512,8.708333333333334,698.4,9-10,-0.00963493163822271,-0.009976227282143979,0.026632765170192307,0.0022072391282557113,-0.0010123224382400733,0.0016495385820833874,-0.0012956478403631426,0.0014946334971452924,-0.00034988288151512303,-0.00017077770282303284,0.0010520701377542084,-0.020519816482037368,0.14384933388908683,-0.02052689037679866,0.14380414065926994,0.003331981423924166,0.004901779320323662,0.0012115788627167223,0.0008970276322344262,-0.0012937430918865678,0.000850564426190914,-0.00373591269631037,-0.0005643370096924949,-0.0028262789953660914,0.002061948159996607,-0.0020495436321839606
robin_m2_n100_p12_endsFixedGradient,robin,2,100,0.5,12,endsFixedGradient,exact initial fields,tutorial,_87ed40d2-20251219 OPENFOAM=2512 version=2512,9.251666666666667,675.72,10-11,-0.004353406683976324,-0.0038389679925212583,0.024934798412761472,0.002834769428002204,-0.000398743420137664,0.0019995102324952274,-0.0010223335424043222,0.0018933277174053575,0.0004477115128270075,0.0008154297229829854,0.0025761744209253736,-0.02064702093691628,0.14400756210433277,-0.0206363583772578,0.14398609344392832,0.003396922311043013,0.005136891018298818,-5.363523156820538e-05,-0.00020270732621507914,-0.0024124784323300563,-0.00029863458096390794,-0.0009176544865498412,-0.0005983276756742484,0.0004198654423470376,0.0007512000977210054,-0.0006344322522102113
robin_m2_n100_p12_endsFixedGradient,robin,2,100,0.5,12,endsFixedGradient,exact initial fields,tutorial,_87ed40d2-20251219 OPENFOAM=2512 version=2512,9.251666666666667,675.72,11-12,-0.004353101839796758,-0.0038387583625678623,0.024934890465424076,0.002834719616989556,-0.0003987534255503839,0.001999470908289558,-0.0010222847894663877,0.0018933517124615218,0.00044766909797589366,0.0008153487378177449,0.002576133602004112,-0.0206470252818303,0.14400754667366705,-0.020636364695638017,0.14398608082739756,0.0033969294095279657,0.005136887927391838,-5.354761300113697e-05,-0.00020260019615025993,-0.0024125330282711577,-0.00029849925161851143,-0.0009173603843011915,-0.0005981909710750521,0.0004199297829222206,0.0007511457552189515,-0.0006341419381814202
robin_m2_n100_p12_endsFixedGradient,robin,2,100,0.5,12,endsFixedGradient,exact initial fields,tutorial,_87ed40d2-20251219 OPENFOAM=2512 version=2512,9.251666666666667,675.72,2-3,-0.004087618531707582,-0.0037233642492818797,0.02418026753636071,0.002804424953155804,-0.0003473799817631491,0.002003245735189285,-0.0009545782107463024,0.001905856216494639,0.00042332260825457226,0.0007414236231684246,0.002645949524072858,-0.02064941700826454,0.1439918545902492,-0.02064186725922402,0.14397300599884819,0.003396926997764571,0.005162492468129511,3.726196850895036e-05,-9.364330936445509e-05,-0.0027352848947747033,-5.27511954730997e-05,-0.000694975143182078,-0.0004399710023762493,0.00043770285051222916,0.0008422606604925331,-0.00031693612238045243
robin_m2_n100_p12_endsFixedGradient,robin,2,100,0.5,12,endsFixedGradient,exact initial fields,tutorial,_87ed40d2-20251219 OPENFOAM=2512 version=2512,9.251666666666667,675.72,3-4,-0.004455279464481321,-0.003895923134656587,0.024991206978707714,0.002831294750822888,-0.00038638590591012035,0.001996288503551158,-0.001029490936858088,0.0018751843870328244,0.0004644055645569657,0.0008055077033146674,0.0025979615301836897,-0.020645840451056715,0.1440123671560266,-0.020634246901939646,0.14399030376471722,0.003396762542440333,0.005143323662329035,-8.287397096451432e-05,-0.0002360661117799534,-0.0023666303082209295,-0.0003750277971986682,-0.0009749576824525743,-0.0006685477972934173,0.0004152070723578426,0.0007284503064726167,-0.0006867606096023015
robin_m2_n100_p12_endsFixedGradient,robin,2,100,0.5,12,endsFixedGradient,exact initial fields,tutorial,_87ed40d2-20251219 OPENFOAM=2512 version=2512,9.251666666666667,675.72,4-5,-0.004335903058600099,-0.0038340237719158843,0.024905268649773493,0.0028349556176821,-0.00039738602126342825,0.0020014161622228244,-0.0010179584153945248,0.0018961040406162422,0.00044435051423474017,0.0008145961230039411,0.00258189211674934,-0.02064712341374791,0.14400677391819913,-0.02063672116771838,0.14398542789556212,0.0033968938247883117,0.005138463962413684,-4.9013148076260116e-05,-0.00019723517833547533,-0.0024402419889606453,-0.00027537775522912256,-0.0009036354625582925,-0.0005824251396675528,0.00042070414362742684,0.0007625636513692857,-0.0006165594741575862
robin_m2_n100_p12_endsFixedGradient,robin,2,100,0.5,12,endsFixedGradient,exact initial fields,tutorial,_87ed40d2-20251219 OPENFOAM=2512 version=2512,9.251666666666667,675.72,5-6,-0.00435531553258961,-0.0038372739751055818,0.024927170735590698,0.0028350940879298125,-0.0003988028528973825,0.0019990595403514,-0.0010233850207853523,0.0018928260122492713,0.00044886111002159687,0.0008155894440673439,0.0025775969475542015,-0.020647056048120116,0.14400797807695379,-0.020636318813335885,0.14398649743176817,0.003396861457843088,0.00513720631798533,-5.6440815279668044e-05,-0.0002055952794095539,-0.002407392275456166,-0.00030488201561373884,-0.0009200389107254195,-0.0006023133290157245,0.00042126781805712493,0.0007486111114056726,-0.0006387792288422939
robin_m2_n100_p12_endsFixedGradient,robin,2,100,0.5,12,endsFixedGradient,exact initial fields,tutorial,_87ed40d2-20251219 OPENFOAM=2512 version=2512,9.251666666666667,675.72,6-7,-0.004352980387562599,-0.0038395932833853452,0.024930966791786746,0.002834963705544258,-0.00039877273524085234,0.0019998120692772403,-0.001022045656223932,0.0018936584293052228,0.0004473801462961224,0.000815676196192161,0.002576577634313627,-0.020647007976769126,0.14400751579734233,-0.020636367212928636,0.1439860497891575,0.0033968916195547295,0.0051369664476385215,-5.3332060327315745e-05,-0.00020238583185816506,-0.0024149395226272796,-0.00029639482279109064,-0.0009167238350196025,-0.0005965854734633069,0.0004199480599439885,0.0007524949937502967,-0.0006332701886030891
robin_m2_n100_p12_endsFixedGradient,robin,2,100,0.5,12,endsFixedGradient,exact initial fields,tutorial,_87ed40d2-20251219 OPENFOAM=2512 version=2512,9.251666666666667,675.72,7-8,-0.00435295347019149,-0.003838234830427889,0.024929899278973933,0.0028348840204230896,-0.0003987406697735815,0.0019995235462535454,-0.001022409799180293,0.001893363237913448,0.00044785284520255095,0.0008155807704985918,0.002576332632982343,-0.020647036132866135,0.1440075909994062,-0.02063636777083394,0.1439861242113693,0.0033968950323561113,0.005136912894508872,-5.384890348225646e-05,-0.00020290793519661676,-0.0024120332388307686,-0.000299044744638266,-0.0009175891553839081,-0.0005984517164374648,0.00042019424946495676,0.0007510165964632609,-0.0006346457443999049
robin_m2_n100_p12_endsFixedGradient,robin,2,100,0.5,12,endsFixedGradient,exact initial fields,tutorial,_87ed40d2-20251219 OPENFOAM=2512 version=2512,9.251666666666667,675.72,8-9,-0.004353107457860883,-0.0038388426217152993,0.02493087143814532,0.0028348229339441033,-0.00039870559805230176,0.0019995718656502515,-0.0010222494856475316,0.0018934176585401197,0.0004477017400637993,0.0008155107438758691,0.0025762682512554284,-0.020647023535425527,0.14400754532649493,-0.020636364579194707,0.1439860797773842,0.0033969043529680633,0.005136912921429437,-5.354032092730332e-05,-0.00020259084317375553,-0.0024127787916347065,-0.0002982217130049758,-0.0009172075096032719,-0.0005979485186259348,0.00042005134918095635,0.0007513712103848214,-0.0006339832045543253
robin_m2_n100_p12_endsFixedGradient,robin,2,100,0.5,12,endsFixedGradient,exact initial fields,tutorial,_87ed40d2-20251219 OPENFOAM=2512 version=2512,9.251666666666667,675.72,9-10,-0.004353328416651925,-0.0038389178903692756,0.02493333143217602,0.002834804645321043,-0.0003986709447237267,0.0019995671795169923,-0.001022256048539722,0.0018933547261339445,0.00044773536387359775,0.0008155342901019491,0.0025762409263751524,-0.020647021975363024,0.14400756853129215,-0.020636359999472515,0.14398610011320523,0.003396913771234709,0.005136929637248103,-5.3681547977912913e-05,-0.0002027519464850025,-0.0024126124622346756,-0.00029845518514426406,-0.0009174518410282416,-0.0005981420319588482,0.0004199807694570955,0.0007512856717184491,-0.000634285730216977
robin_m2_n100_p12_exactOldBoundary,robin,2,100,0.5,12,exactOldBoundary,"exact initial fields, exact old-time boundary values",tutorial,_87ed40d2-20251219 OPENFOAM=2512 version=2512,8.7175,699.22,10-11,-0.009633798942344063,-0.009974833449542087,0.02663154926706146,0.002207218627502394,-0.0010123149530509967,0.0016494260077282163,-0.0012957275095114784,0.0014945969254389624,-0.0003497331839927193,-0.00017089471036291215,0.0010519507080228334,-0.02051984537143375,0.14384933569624575,-0.020526913853721337,0.1438041475653097,0.0033316456571012894,0.004901786088860876,0.001211530780605763,0.000897015058106243,-0.001293004345347848,0.0008498925740716423,-0.0037359248490886282,-0.0005647039557166167,-0.0028261464831555528,0.0020614332729131934,-0.002049725075251335
robin_m2_n100_p12_exactOldBoundary,robin,2,100,0.5,12,exactOldBoundary,"exact initial fields, exact old-time boundary values",tutorial,_87ed40d2-20251219 OPENFOAM=2512 version=2512,8.7175,699.22,11-12,-0.0096334714712758,-0.009974690335898484,0.02663272583343579,0.0022071590204224556,-0.0010122888989886037,0.0016494241496507467,-0.001295637765810065,0.0014946107715123613,-0.0003498283634349767,-0.00017093342038565495,0.001052060500245699,-0.020519848337691514,0.14384932529023517,-0.02052692064107979,0.1438041384674209,0.0033315815016126417,0.004901867978948351,0.0012115941230885774,0.0008970874626510472,-0.001293331015679966,0.0008502624284649762,-0.0037355741680866446,-0.0005644958639553499,-0.002826076404643605,0.002061598898951189,-0.0020492941072878033
robin_m2_n100_p12_exactOldBoundary,robin,2,100,0.5,12,exactOldBoundary,"exact initial fields, exact old-time boundary values",tutorial,_87ed40d2-20251219 OPENFOAM=2512 version=2512,8.7175,699.22,2-3,-0.009473989923298398,-0.009945969017714495,0.02653091314340772,0.0021952151784014884,-0.0010208565514365396,0.0016579630188717775,-0.0012588981473122683,0.0015190501305955006,-0.000396664840072247,-0.00021530899414989868,0.0010501746653109256,-0.020520443632667754,0.14383571852375418,-0.020530226149681655,0.14379163721117197,0.0032915088493673792,0.004893012359569811,0.0012986395378311588,0.0009917716835134982,-0.0015551192649815304,0.0010844922721782169,-0.0036065893191355295,-0.0003877397112967973,-0.0028387655573959922,0.0021580476132285753,-0.0018681806216940162
robin_m2_n100_p12_exactOldBoundary,robin,2,100,0.5,12,exactOldBoundary,"exact initial fields, exact old-time boundary values",tutorial,_87ed40d2-20251219 OPENFOAM=2512 version=2512,8.7175,699.22,3-4,-0.009654661477142001,-0.009959251821649917,0.02661530578127458,0.0022038905798571484,-0.0010112174743994809,0.0016421285261463137,-0.0013045601511747172,0.0014850426601504818,-0.00033883908406947893,-0.0001805385629396472,0.0010537407625936391,-0.02052016832544117,0.14385196127022842,-0.020526481444523497,0.14380659045356003,0.0033389751619476685,0.004901492873367939,0.0011945228821712561,0.0008787467693815998,-0.0012330792237509325,0.0007825306244517716,-0.003763875428639208,-0.0006128718749721651,-0.002820650137453366,0.002027171567893671,-0.0020901494632513708
robin_m2_n100_p12_exactOldBoundary,robin,2,100,0.5,12,exactOldBoundary,"exact initial fields, exact old-time boundary values",tutorial,_87ed40d2-20251219 OPENFOAM=2512 version=2512,8.7175,699.22,4-5,-0.009638704148345556,-0.009990042504987806,0.026638750922775012,0.002206564871979566,-0.0010115516414958483,0.001651295243302986,-0.001292437532491851,0.001495772491585834,-0.00035316867454630277,-0.00017278735359660402,0.0010528861113358245,-0.020519530139582545,0.14384843641366077,-0.02052681218552939,0.14380324787973126,0.0033335409254297366,0.0049018345717854106,0.0012177947251863497,0.0009032722637973833,-0.001315452689685026,0.0008696163820807179,-0.0037304984184439597,-0.0005530312674804083,-0.002830204189227086,0.0020722472406615733,-0.002037775132844799
robin_m2_n100_p12_exactOldBoundary,robin,2,100,0.5,12,exactOldBoundary,"exact initial fields, exact old-time boundary values",tutorial,_87ed40d2-20251219 OPENFOAM=2512 version=2512,8.7175,699.22,5-6,-0.009630510030437578,-0.009968975605251118,0.026614672328531208,0.0022071861992942754,-0.0010119661518911492,0.0016489189853077235,-0.001296163003563146,0.001494184171490831,-0.00034863204415208534,-0.00017099862472191862,0.001052611673200605,-0.02051996678456861,0.1438495243530123,-0.02052698202164882,0.14380435221960922,0.0033299469143103114,0.0049020217836657125,0.0012101059124336455,0.0008957023947842035,-0.0012882918873788896,0.0008451361896344434,-0.003735900927359731,-0.0005675606387627319,-0.002824381131192684,0.0020586443514691855,-0.0020511805480679375
robin_m2_n100_p12_exactOldBoundary,robin,2,100,0.5,12,exactOldBoundary,"exact initial fields, exact old-time boundary values",tutorial,_87ed40d2-20251219 OPENFOAM=2512 version=2512,8.7175,699.22,6-7,-0.009636676089445073,-0.00997871276040374,0.026632138976403263,0.0022073287687864873,-0.0010122102768472144,0.001649820781853606,-0.0012954379474160009,0.0014947353915133466,-0.0003500915222258633,-0.00017066030406942545,0.0010522961020704934,-0.020519764966549392,0.14384929038636435,-0.020526854220274008,0.14380408979701845,0.003332536482066936,0.004901830031367869,0.0012119329825139857,0.0008973303222616913,-0.0012956442729313844,0.0008521897705580095,-0.003735894148200166,-0.0005634701448177237,-0.0028267050693025074,0.002063124250022641,-0.0020488871788640864
robin_m2_n100_p12_exactOldBoundary,robin,2,100,0.5,12,exactOldBoundary,"exact initial fields, exact old-time boundary values",tutorial,_87ed40d2-20251219 OPENFOAM=2512 version=2512,8.7175,699.22,7-8,-0.009633070024405055,-0.009973920915710699,0.026625956235048376,0.0022073090167959997,-0.0010122606773042434,0.0016494423685997628,-0.001295747176849193,0.0014946372226569693,-0.0003495909927110282,-0.00017072912237614535,0.0010521009685841391,-0.020519864285148015,0.14384935094190268,-0.020526928961704348,0.14380416682646915,0.003331255294722216,0.004901823097369621,0.0012113966781290841,0.0008969089795425322,-0.0012927000207140216,0.0008496351589142304,-0.0037356890533855286,-0.0005647391303489346,-0.002825805359781655,0.0020612868528169237,-0.002049695121159774
robin_m2_n100_p12_exactOldBoundary,robin,2,100,0.5,12,exactOldBoundary,"exact initial fields, exact old-time boundary values",tutorial,_87ed40d2-20251219 OPENFOAM=2512 version=2512,8.7175,699.22,8-9,-0.009633650865782162,-0.00997491462279787,0.026629012649975303,0.00220725101153163,-0.0010122416813044591,0.0016495168176382524,-0.0012956143516349608,0.001494660010468607,-0.00034979292499875085,-0.00017075990691839404,0.0010521911001740954,-0.020519843688988987,0.14384932744421872,-0.02052691692284347,0.14380414006512518,0.003331550261405408,0.004901896869860161,0.001211582999347316,0.0008970724753314396,-0.001293572959178535,0.0008504886328626338,-0.0037354987328163326,-0.0005643149845131479,-0.0028259877109314668,0.0020618224466590895,-0.002049192240630771
robin_m2_n100_p12_exactOldBoundary,robin,2,100,0.5,12,exactOldBoundary,"exact initial fields, exact old-time boundary values",tutorial,_87ed40d2-20251219 OPENFOAM=2512 version=2512,8.7175,699.22,9-10,-0.00963495546452331,-0.00997626317024436,0.02663269553191161,0.0022072630210776545,-0.001012308128684257,0.0016495496986990155,-0.001295650651835653,0.0014946500060959433,-0.0003498647096346387,-0.0001707629267259092,0.0010520793614341066,-0.02051981573819944,0.14384933291047977,-0.020526889882960704,0.14380413969744094,0.003331982550210898,0.0049017825785300775,0.0012115855592855773,0.0008970344413372633,-0.0012937551610923137,0.0008505864339252156,-0.003735904284194766,-0.0005643299513440336,-0.002826284558474024,0.0020619665875321047,-0.0020495251318128
robin_m2_n100_p12_fluxConsistent,robin,2,100,0.5,12,fluxConsistent,exact initial fields,tutorial,_87ed40d2-20251219 OPENFOAM=2512 version=2512,9.514166666666666,719.65,10-11,-0.0042338075891205085,-0.00368521154099688,0.020974108261274438,0.0025307435826420477,-0.0010715416796237608,0.001651161745691132,-0.001416825545339257,0.0018367620710224575,-9.765937983292607e-05,0.0005052300405405941,0.0010774822989007378,-0.020650207783793246,0.14401518158072477,-0.02063883725861953,0.14398779993161415,0.0029649424799848565,0.004978332902198817,-6.548620893420676e-05,-0.00025560405407865083,0.00010617010685765038,-0.0006684753097372376,-0.002335363150277224,-0.0009062418846305098,-0.0010079204391038586,0.00033856965989231824,-0.0020979083806474787
robin_m2_n100_p12_fluxConsistent,robin,2,100,0.5,12,fluxConsistent,exact initial fields,tutorial,_87ed40d2-20251219 OPENFOAM=2512 version=2512,9.514166666666666,719.65,11-12,-0.004233436341910868,-0.003684863414867401,0.020974551119002705,0.002530718379873731,-0.0010716034342800023,0.0016511066036810629,-0.0014168551789738725,0.0018367747020973102,-9.767895938331148e-05,0.000505155724403128,0.0010774086519315855,-0.020650214999260678,0.14401517278039203,-0.020638844953308103,0.14398779349711416,0.002964942330662686,0.004978330258176204,-6.544152404486248e-05,-0.00025554296271468324,0.00010627506661964325,-0.0006685293335321196,-0.002335274440505007,-0.00090622774822402,-0.0010078960339516766,0.0003384543377695781,-0.0020978861850968603
robin_m2_n100_p12_fluxConsistent,robin,2,100,0.5,12,fluxConsistent,exact initial fields,tutorial,_87ed40d2-20251219 OPENFOAM=2512 version=2512,9.514166666666666,719.65,2-3,-0.004155485316731267,-0.0037607139626996133,0.02045577026039269,0.002505100182131237,-0.0010088227961706415,0.0016687517169597932,-0.0013469178719144597,0.0018443633387297265,-0.00012068333939863612,0.00045815543508376244,0.0011346152973916532,-0.020648642876080942,0.14400009097814725,-0.02064046061221989,0.14397442251387432,0.0029650357567285604,0.0050059780009042145,2.7422944441024555e-05,-0.00015083505528268315,-0.00021587699156466744,-0.0004039072803440069,-0.0021633087802006264,-0.0007650434099313319,-0.0010283931659400155,0.0004622298866725494,-0.0017998705034121068
robin_m2_n100_p12_fluxConsistent,robin,2,100,0.5,12,fluxConsistent,exact initial fields,tutorial,_87ed40d2-20251219 OPENFOAM=2512 version=2512,9.514166666666666,719.65,3-4,-0.004288114323318548,-0.003694840720972592,0.020925643710310693,0.002528723503891772,-0.0010564436767354656,0.0016476308471475853,-0.0014223992442802722,0.001820667805328302,-7.717703805186275e-05,0.000502637546465845,0.0010971146512642244,-0.020650008203731213,0.14401964424105512,-0.02063771166522451,0.1439919480991543,0.002964663852896634,0.0049857667644668,-9.429265226068573e-05,-0.0002865826034272878,0.0001673260112384778,-0.0007476966177546451,-0.0023762994501152004,-0.0009737547081772879,-0.0010028336410368164,0.0003085079159046433,-0.0021384816789270966
robin_m2_n100_p12_fluxConsistent,robin,2,100,0.5,12,fluxConsistent,exact initial fields,tutorial,_87ed40d2-20251219 OPENFOAM=2512 version=2512,9.514166666666666,719.65,4-5,-0.004231532805356819,-0.00369497368643823,0.020967052520748375,0.0025313621197988745,-0.0010696599327084883,0.001653962241520368,-0.0014127294004034306,0.0018389931664875014,-0.0001008478941008987,0.0005062755379989792,0.0010828286521363149,-0.02065000544781057,0.14401457147195398,-0.020638884407129143,0.1439872301018004,0.002964921844803744,0.004980116353828224,-6.152896566091748e-05,-0.0002513686991539865,7.881814197463477e-05,-0.0006452138410881769,-0.0023264955946729125,-0.000892314925200588,-0.0010098184865136742,0.00035212035888321225,-0.0020830997130938753
robin_m2_n100_p12_fluxConsistent,robin,2,100,0.5,12,fluxConsistent,exact initial fields,tutorial,_87ed40d2-20251219 OPENFOAM=2512 version=2512,9.514166666666666,719.65,5-6,-0.0042314477632869885,-0.0036794011366890755,0.020959408751031416,0.002531204134811782,-0.00107160916867841,0.001650644661667089,-0.0014178378803210716,0.0018365122873615913,-9.635971512185979e-05,0.0005058743726618076,0.0010787794801084697,-0.02065032821365904,0.1440155691229348,-0.020638886169761228,0.14398819843494626,0.002964868044929579,0.004978700739658372,-6.825363876505897e-05,-0.00025829434065705037,0.00011203811755700066,-0.0006747290479302004,-0.002336454569600587,-0.0009097575368707256,-0.0010057561738780506,0.0003355196790741921,-0.0021015104003483435
robin_m2_n100_p12_fluxConsistent,robin,2,100,0.5,12,fluxConsistent,exact initial fields,tutorial,_87ed40d2-20251219 OPENFOAM=2512 version=2512,9.514166666666666,719.65,6-7,-0.004234225509910705,-0.003686578062392254,0.020971620220239684,0.002530958603130129,-0.0010716732333927498,0.0016514528625364289,-0.0014166736754605504,0.001837071719679395,-9.800810964454134e-05,0.0005055218884171264,0.0010778089870813908,-0.020650179460465035,0.14401514580167576,-0.020638828596546803,0.14398776172301458,0.002964904473216627,0.00497843842959654,-6.522086626215007e-05,-0.0002553556780934274,0.00010389512464903383,-0.0006664038191110944,-0.0023349027222523285,-0.0009047286317410697,-0.0010080533314781462,0.00033992588685416436,-0.00209709931553582
robin_m2_n100_p12_fluxConsistent,robin,2,100,0.5,12,fluxConsistent,exact initial fields,tutorial,_87ed40d2-20251219 OPENFOAM=2512 version=2512,9.514166666666666,719.65,7-8,-0.004233065124008117,-0.003684222440852869,0.020968831887272055,0.0025308551136993263,-0.0010715553073579675,0.0016511609017939577,-0.0014168967378555216,0.0018368202077752027,-9.752631379336204e-05,0.00050540413262401,0.001077628454261005,-0.020650228284466055,0.14401520591476374,-0.020638852647389242,0.14398782782454642,0.002964914241106649,0.004978353482500932,-6.567991354156089e-05,-0.0002557729794289143,0.00010661732582950556,-0.0006688435671471371,-0.002335185690687622,-0.0009062997986221122,-0.0010075444269069577,0.0003383708690984921,-0.0020980384110635174
robin_m2_n100_p12_fluxConsistent,robin,2,100,0.5,12,fluxConsistent,exact initial fields,tutorial,_87ed40d2-20251219 OPENFOAM=2512 version=2512,9.514166666666666,719.65,8-9,-0.004233601428163869,-0.0036850892901091337,0.02097086395768888,0.002530811951249712,-0.001071569614436518,0.001651198028129519,-0.0014168330072938562,0.0018368328596525263,-9.765252251868627e-05,0.0005053202319904582,0.0010775374862562945,-0.02065021031763723,0.14401517339538517,-0.02063884153163308,0.14398779362500433,0.002964916484974245,0.004978353025180581,-6.544241218819913e-05,-0.0002555472319591967,0.00010604383472401224,-0.0006682796308516981,-0.002335181503529474,-0.0009060201236718024,-0.0010078024752851382,0.0003386836555074879,-0.0020977760786507413
robin_m2_n100_p12_fluxConsistent,robin,2,100,0.5,12,fluxConsistent,exact initial fields,tutorial,_87ed40d2-20251219 OPENFOAM=2512 version=2512,9.514166666666666,719.65,9-10,-0.004233277022622661,-0.003684719032426065,0.02097181762750311,0.0025307764949398237,-0.0010715600171592342,0.001651170796041157,-0.0014168196697571349,0.0018368175592704539,-9.765733559080667e-05,0.000505271111304495,0.0010775004714929418,-0.020650217991816294,0.14401517755028415,-0.02063884825545361,0.14398779812755547,0.0029649262535290347,0.004978397897323735,-6.547368050768831e-05,-0.0002555760750108105,0.0001061119371541519,-0.000668333147310185,-0.0023351460209810933,-0.0009060608171217455,-0.0010078098966728782,0.00033860528071771867,-0.0020977313948012306
robin_m2_n100_p12_fluxConsistent2,robin,2,100,0.5,12,fluxConsistent2,exact initial fields,tutorial,_87ed40d2-20251219 OPENFOAM=2512 version=2512,9.245,898.96,10-11,-0.004236760564737763,-0.0036904266555125576,0.021085597656030908,0.0025345392297309033,-0.0010747311873002163,0.0016531601020812747,-0.0014197701025694847,0.0018401261138383251,-9.910382019189699e-05,0.0005144368682712397,0.0010726012028109075,-0.020650099692254696,0.1440151520653495,-0.02063877605350566,0.1439877481681297,0.002965436045478371,0.004978807535604032,-6.512673324743368e-05,-0.00025539916014505337,0.0001118968413644783,-0.0006592111090328867,-0.0023411045310724726,-0.0008972574282336554,-0.0010133436459002542,0.00034809112827893784,-0.002103540032309204
robin_m2_n100_p12_fluxConsistent2,robin,2,100,0.5,12,fluxConsistent2,exact initial fields,tutorial,_87ed40d2-20251219 OPENFOAM=2512 version=2512,9.245,898.96,11-12,-0.004236434483874563,-0.003690166365459935,0.021085944179402683,0.0025344919417373823,-0.001074738586409511,0.0016531256431124852,-0.0014197214773257244,0.0018401447433049611,-9.914547478659985e-05,0.0005143682105652747,0.0010725669297883093,-0.020650105087179807,0.14401514402332716,-0.020638782812049904,0.14398774260798158,0.0029654446801672513,0.0049788083948758425,-6.508812033567679e-05,-0.0002553433329022248,0.00011188091770031328,-0.0006591001203283264,-0.0023408295998145648,-0.0008971176037232409,-0.0010132620281890516,0.0003480330704015433,-0.0021033023942187783
robin_m2_n100_p12_fluxConsistent2,robin,2,100,0.5,12,fluxConsistent2,exact initial fields,tutorial,_87ed40d2-20251219 OPENFOAM=2512 version=2512,9.245,898.96,2-3,-0.004158480379346963,-0.0037663781978346522,0.020566742453747677,0.0025088465678761995,-0.0010117762648430388,0.0016708249454571167,-0.0013496141466848466,0.0018477279653599243,-0.0001221682932754006,0.00046726614673597844,0.0011300641118010771,-0.020648525475803613,0.14400004280874804,-0.020640398534786074,0.14397435535855133,0.0029655422497580942,0.005006515736193388,2.788939670916868e-05,-0.0001505005961210948,-0.0002111384713719966,-0.0003939693828014512,-0.002168532075959745,-0.0007556995965660729,-0.0010337811668007612,0.00047207288549477866,-0.0018048748002198174
robin_m2_n100_p12_fluxConsistent2,robin,2,100,0.5,12,fluxConsistent2,exact initial fields,tutorial,_87ed40d2-20251219 OPENFOAM=2512 version=2512,9.245,898.96,3-4,-0.004291825946159622,-0.0037007021962985887,0.021037734998466062,0.0025325435215279857,-0.0010595580509311674,0.0016496625808051224,-0.0014253164757111073,0.0018240005580367757,-7.856355825272803e-05,0.0005118392883012302,0.0010922787450274925,-0.02064988671533738,0.14401963221782327,-0.020637634735940942,0.14399191148302964,0.002965165441964793,0.00498620177608383,-9.403838331145664e-05,-0.0002864991440680864,0.00017312142807734965,-0.0007385794437146931,-0.002382121836310515,-0.0009648483017431486,-0.0010082231753103408,0.00031796889467838874,-0.002144271666012927
robin_m2_n100_p12_fluxConsistent2,robin,2,100,0.5,12,fluxConsistent2,exact initial fields,tutorial,_87ed40d2-20251219 OPENFOAM=2512 version=2512,9.245,898.96,4-5,-0.004234438194492429,-0.003700167931771192,0.021078333066029575,0.0025351801180153455,-0.0010728228592188354,0.0016559816072603262,-0.0014156598580999866,0.0018423666962972263,-0.00010227928167322305,0.0005154767339707877,0.0010779661451198073,-0.020649897788819004,0.1440145402331767,-0.02063882418832075,0.14398717688002075,0.0029654157172348903,0.0049805937483147055,-6.115935979655873e-05,-0.0002511518396286494,8.449138108534981e-05,-0.0006359060603080557,-0.0023322069882064046,-0.0008833033157236159,-0.0010152355012098004,0.00036166218457345245,-0.0020886970368413933
robin_m2_n100_p12_fluxConsistent2,robin,2,100,0.5,12,fluxConsistent2,exact initial fields,tutorial,_87ed40d2-20251219 OPENFOAM=2512 version=2512,9.245,898.96,5-6,-0.004234382418757732,-0.0036846442922293665,0.021070527268251205,0.0025350020157903774,-0.001074719208881473,0.001652680603681178,-0.0014206968361005936,0.0018398904163532404,-9.780405234515734e-05,0.0005150885692619678,0.001073946795470801,-0.02065021954092568,0.14401554006583925,-0.020638825344361518,0.1439881476492762,0.0029653706905026986,0.004979179333493383,-6.790095554365383e-05,-0.0002580926291593233,0.00011765275182717971,-0.0006653007165494662,-0.002341984858782686,-0.000900644843193632,-0.0010111051719849124,0.00034509106570590475,-0.0021069144027126537
robin_m2_n100_p12_fluxConsistent2,robin,2,100,0.5,12,fluxConsistent2,exact initial fields,tutorial,_87ed40d2-20251219 OPENFOAM=2512 version=2512,9.245,898.96,6-7,-0.004237923339767358,-0.0036924979473048625,0.021083932434499353,0.0025347781780360457,-0.0010748084339518124,0.001653493886744739,-0.0014195804910240334,0.001840425071671481,-9.942886941776201e-05,0.0005147756888053134,0.0010729277401799863,-0.020650056761439668,0.14401512720336143,-0.020638751953144765,0.14398771847628794,0.0029654060902440556,0.00497886656847809,-6.492053574436163e-05,-0.00025522656967602586,0.00010963187837842447,-0.0006571551341750803,-0.0023406856606969814,-0.0008957325973931729,-0.0010134703790083018,0.0003494474605099107,-0.002102843907586471
robin_m2_n100_p12_fluxConsistent2,robin,2,100,0.5,12,fluxConsistent2,exact initial fields,tutorial,_87ed40d2-20251219 OPENFOAM=2512 version=2512,9.245,898.96,7-8,-0.00423600837867788,-0.0036894329034447004,0.0210802244294237,0.002534662832359258,-0.0010747316123802593,0.0016531689635503888,-0.0014198372014761454,0.0018401875576568028,-9.896046277972385e-05,0.0005146128746202905,0.0010727509185779218,-0.02065012028934602,0.14401517591390123,-0.020638791643757464,0.14398777571078872,0.002965407976228644,0.004978826873368317,-6.531800549347544e-05,-0.0002555647153420493,0.00011234331626619465,-0.0006595754420599675,-0.0023409205858126664,-0.0008973137649916918,-0.0010129639387266678,0.00034789375449717497,-0.002103665549399449
robin_m2_n100_p12_fluxConsistent2,robin,2,100,0.5,12,fluxConsistent2,exact initial fields,tutorial,_87ed40d2-20251219 OPENFOAM=2512 version=2512,9.245,898.96,8-9,-0.00423658181139841,-0.003690380507269886,0.02108214825563759,0.002534597728706567,-0.0010746916194180442,0.0016532267386206723,-0.0014196948938168716,0.001840206662217625,-9.910880063382901e-05,0.0005145348468298394,0.0010726993553832108,-0.020650100648750384,0.14401514404186652,-0.020638779758452772,0.1439877423164595,0.002965418993757673,0.004978829923650264,-6.508609583621983e-05,-0.0002553434616013872,0.00011164830259535741,-0.0006588452425340119,-0.002340727348410114,-0.0008969066264551406,-0.0010131634901680497,0.00034826355748629467,-0.0021031856959252866
robin_m2_n100_p12_fluxConsistent2,robin,2,100,0.5,12,fluxConsistent2,exact initial fields,tutorial,_87ed40d2-20251219 OPENFOAM=2512 version=2512,9.245,898.96,9-10,-0.0042370104494035,-0.003690670479916225,0.021084273813068988,0.0025345838349661864,-0.0010747076100370593,0.0016532027880569178,-0.001419731029425139,0.0018401659087636801,-9.908802213577848e-05,0.0005145237230230748,0.0010726157411910932,-0.020650094638606335,0.1440151592145852,-0.020638770874248733,0.14398775496749996,0.002965427715279711,0.00497882455783624,-6.517395203664567e-05,-0.00025544878971051066,0.00011184909885297856,-0.0006590906571098953,-0.00234094472513404,-0.0008970710231670509,-0.001013234783991013,0.0003481278486903161,-0.0021034873269367505
robin_m2_n100_p12_of2412,robin,2,100,0.5,12,of2412,exact initial fields,tutorial,_f00230df-20250528 OPENFOAM=2412 patch=250528 version=v2412,8.724166666666667,654.63,10-11,-0.009634735424438379,-0.00997609253574061,0.02663347789519288,0.00220724589316168,-0.0010123474596370333,0.0016495133044782673,-0.001295724995875891,0.001494599581932432,-0.000349841788400739,-0.00017075657547016565,0.0010518935726341017,-0.020519819274870777,0.14384932030740719,-0.020526894443641253,0.14380412715538624,0.0033320445560046227,0.004901792047242704,0.0012116728811917277,0.000897122132943684,-0.0012938510917098744,0.0008511490162950164,-0.003736351763046886,-0.0005637773461116824,-0.0028265639308607212,0.0020626573845017315,-0.002049860631312121
robin_m2_n100_p12_of2412,robin,2,100,0.5,12,of2412,exact initial fields,tutorial,_f00230df-20250528 OPENFOAM=2412 patch=250528 version=v2412,8.724166666666667,654.63,11-12,-0.009634367141199363,-0.009975904817116188,0.026634579840513428,0.0022071871685116484,-0.0010123213655936288,0.0016495096452355806,-0.0012956358183379227,0.0014946147716470293,-0.00034993427255401195,-0.00017079333955039022,0.001052005145368274,-0.020519823165637677,0.14384931018879424,-0.020526902076896822,0.14380411855873484,0.003331964303268877,0.004901874724340808,0.0012117327339122852,0.0008971925378038481,-0.0012941655446188083,0.0008515096117240883,-0.003735990323654055,-0.0005635703930226832,-0.002826483822019249,0.002062813776046335,-0.0020494269640411963
robin_m2_n100_p12_of2412,robin,2,100,0.5,12,of2412,exact initial fields,tutorial,_f00230df-20250528 OPENFOAM=2412 patch=250528 version=v2412,8.724166666666667,654.63,2-3,-0.009655867535322216,-0.010304844545467429,0.025473477493645147,0.002183014412628026,-0.0008292691448922895,0.0017128014795189106,-0.0011417582033676544,0.0015057116192822573,-0.00035833273102431774,-0.0001477352686871658,0.001227428257330621,-0.02051300536686817,0.14382749146552537,-0.0205264564470505,0.1437855491841024,0.003147948339530166,0.005001900717158779,0.0013410355453353784,0.0010490292878024832,-0.0018902992855355238,0.0013724685924738633,-0.003411041585494978,-0.0003324545616161245,-0.0028650491738206624,0.002351801533148956,-0.0014678384452582475
robin_m2_n100_p12_of2412,robin,2,100,0.5,12,of2412,exact initial fields,tutorial,_f00230df-20250528 OPENFOAM=2412 patch=250528 version=v2412,8.724166666666667,654.63,3-4,-0.009711127908745398,-0.009964218717276596,0.026500888138474288,0.002214890621270227,-0.0009838971873963919,0.0016471342114845466,-0.0013102035994558051,0.0014702907727066616,-0.0003055497012384829,-0.0001472669591986442,0.001099324483297564,-0.020520065378633674,0.1438604058596972,-0.020525311087966586,0.14381476825322226,0.0033434976903499052,0.004921147443315672,0.001137591536868765,0.0008199953007341776,-0.0011643658463106332,0.0006960435344369742,-0.0038106773134088793,-0.000686832232949186,-0.0028024222856891908,0.002009610617605073,-0.0021315939331342706
robin_m2_n100_p12_of2412,robin,2,100,0.5,12,of2412,exact initial fields,tutorial,_f00230df-20250528 OPENFOAM=2412 patch=250528 version=v2412,8.724166666666667,654.63,4-5,-0.009629182386825197,-0.00999296984543685,0.026650027661918152,0.002211353221270862,-0.0010117953287198274,0.001655706824082115,-0.0012901919587408979,0.0015009922174575863,-0.0003567790105246137,-0.00016230706563480357,0.0010627001219122233,-0.020519469465798287,0.14384880677324216,-0.020527009539173177,0.14380365214166074,0.0033296076346484875,0.004905531975168096,0.0012149800940450817,0.0009006952933987566,-0.001343796782141915,0.0008957453542939309,-0.003722270731068465,-0.00053456851727407,-0.0028288570191146046,0.002090664652397267,-0.0020286593034307353
robin_m2_n100_p12_of2412,robin,2,100,0.5,12,of2412,exact initial fields,tutorial,_f00230df-20250528 OPENFOAM=2412 patch=250528 version=v2412,8.724166666666667,654.63,5-6,-0.009625741421127376,-0.009960772534658435,0.026614065165462275,0.0022086161823855477,-0.001013738859921874,0.0016483924270511707,-0.001298178020797351,0.0014949175852831953,-0.00034794770778137917,-0.00016853715775333455,0.0010538554085568303,-0.020520136806246665,0.14385013272746947,-0.0205270808586572,0.1438049727007013,0.003327829164160185,0.004902254680950799,0.0012057859509728708,0.0008914693824950692,-0.0012821123825418335,0.000839580684698582,-0.0037374800703841044,-0.0005689541096407513,-0.002821548143010116,0.002056637969711339,-0.002057625109073833
robin_m2_n100_p12_of2412,robin,2,100,0.5,12,of2412,exact initial fields,tutorial,_f00230df-20250528 OPENFOAM=2412 patch=250528 version=v2412,8.724166666666667,654.63,6-7,-0.009637980713261385,-0.009981255590054139,0.026640728826700766,0.00220764862674927,-0.0010129656020638244,0.001650071807761222,-0.001295604111978987,0.0014952029259411859,-0.0003508378406623069,-0.00017017497020521688,0.001052192226943341,-0.020519712262362676,0.14384926752204488,-0.020526827179871518,0.14380405616194838,0.0033333897226489185,0.004901703520891841,0.001212167161120714,0.0008974894112629972,-0.0012984607087555,0.0008552922370375082,-0.0037362914326773303,-0.0005608174667312005,-0.0028273404326015677,0.002065549154046442,-0.0020491723515594293
robin_m2_n100_p12_of2412,robin,2,100,0.5,12,of2412,exact initial fields,tutorial,_f00230df-20250528 OPENFOAM=2412 patch=250528 version=v2412,8.724166666666667,654.63,7-8,-0.009632961777743199,-0.00997389090372236,0.026627164811473758,0.0022073772780364376,-0.0010124924350735033,0.001649423337581446,-0.0012958940408750485,0.001494703262725272,-0.000349683576141723,-0.00017058260750579812,0.001051947388139873,-0.020519864907194183,0.14384935411521083,-0.02052693120528849,0.14380416855518854,0.0033313642101534344,0.0049017652684755116,0.0012113846422223684,0.0008968868998167068,-0.0012929309677475187,0.0008503875350105439,-0.003736027820266407,-0.000563885839098277,-0.0028259465615728865,0.002062112062970245,-0.0020501740536822965
robin_m2_n100_p12_of2412,robin,2,100,0.5,12,of2412,exact initial fields,tutorial,_f00230df-20250528 OPENFOAM=2412 patch=250528 version=v2412,8.724166666666667,654.63,8-9,-0.009634771235508266,-0.009976416567327395,0.02663158582602354,0.0022072778882507027,-0.0010123145102358397,0.001649612812347101,-0.0012956168857747067,0.0014946757557736667,-0.0003499481299795672,-0.00017063865755984065,0.0010520971560296626,-0.020519812558801045,0.14384930722729983,-0.0205268937013999,0.143804113664639,0.0033320463491616006,0.004901882369308022,0.0012117668082238797,0.0008972131437525732,-0.0012945498329913763,0.0008518663058336706,-0.0037359660462111615,-0.0005633048822272224,-0.002826466905181273,0.002063124968581409,-0.0020493439738124585
robin_m2_n100_p12_of2412,robin,2,100,0.5,12,of2412,exact initial fields,tutorial,_f00230df-20250528 OPENFOAM=2412 patch=250528 version=v2412,8.724166666666667,654.63,9-10,-0.009635765851264466,-0.009977379773077777,0.02663441720135684,0.002207288563480958,-0.0010123458273828508,0.0016496271332930856,-0.0012956524824130618,0.0014946548533392168,-0.0003499668619867635,-0.0001706306492705867,0.0010520139186429248,-0.020519792594830707,0.14384931730811906,-0.02052687308640726,0.14380411969396542,0.0033323377316094574,0.004901784963349296,0.0012117248300622663,0.000897143001856282,-0.0012945493117741957,0.0008518032951105869,-0.0037363021237154267,-0.000563411373881828,-0.0028266743281687543,0.0020631502713261973,-0.002049659210181865
robin_m2_n200_p12,robin,2,200,0.25,12,base,exact initial fields,tutorial,_87ed40d2-20251219 OPENFOAM=2512 version=2512,10.307083333333333,1316.16,10-11,-0.006044280484218456,-0.005272058568462801,0.02169341602448749,0.002116785178826852,-0.000707905638143225,0.0014270857866340858,-0.0011676484994207863,0.0014162132341697387,0.0001443266232950468,0.0004353432578119154,0.0013092743212738368,-0.020617317856615764,0.1439370628478728,-0.020601312329848246,0.1439074993217679,0.0027326089887748117,0.00490306180412623,0.000492478814724473,0.0002869856295089068,0.0013020831274612732,-0.0010762518778145713,-0.0024932841530247558,-0.0013540860982004244,-0.0014331236896408205,0.00022952437975631845,-0.0018949415117944452
robin_m2_n200_p12,robin,2,200,0.25,12,base,exact initial fields,tutorial,_87ed40d2-20251219 OPENFOAM=2512 version=2512,10.307083333333333,1316.16,11-12,-0.006045760330364858,-0.005273527556271862,0.02169559810879229,0.002116753682114947,-0.0007079006793331969,0.001427071278678138,-0.001167661951530109,0.001416166693150478,0.00014432176702821903,0.0004352926093360576,0.0013092502506012237,-0.02061728740950824,0.14393706019878225,-0.020601281657684423,0.14390749624629234,0.002732615407473399,0.004903052128136328,0.0004925001964470876,0.00028700403929726725,0.0013021361001530618,-0.00107636604568917,-0.002493468078823351,-0.0013542394114386402,-0.0014332299832262565,0.00022949706886521426,-0.0018950893276742313
robin_m2_n200_p12,robin,2,200,0.25,12,base,exact initial fields,tutorial,_87ed40d2-20251219 OPENFOAM=2512 version=2512,10.307083333333333,1316.16,2-3,-0.006207568749754588,-0.005586929858800493,0.021056570945221953,0.002097882505752935,-0.0005852637179203232,0.0014726369674114004,-0.0010780129815542495,0.001413529620001075,0.000142507824011136,0.0004178336096218871,0.0014029124143840296,-0.020610791648587996,0.1439240026802392,-0.020597927920973626,0.1438957675796687,0.0027328656515514787,0.004961926071930555,0.0005740484114615807,0.0003777551708692428,0.0009213149253772812,-0.0007768499125168082,-0.0023679090292101426,-0.00123221974901766,-0.0014834870340441734,0.00042422165882838314,-0.0015294789058764074
robin_m2_n200_p12,robin,2,200,0.25,12,base,exact initial fields,tutorial,_87ed40d2-20251219 OPENFOAM=2512 version=2512,10.307083333333333,1316.16,3-4,-0.006052379508832084,-0.005231856763815879,0.021496654608510468,0.0021166446682301387,-0.0006770364598427633,0.0014263354434667086,-0.00116772325285059,0.0013983909248134196,0.00017456432992755903,0.000447871317052595,0.0013447263620101834,-0.020618151102923917,0.14394252015736334,-0.020601144464688505,0.14391280297235978,0.002732221539162064,0.004922620659924378,0.0004556074424919565,0.00024906163280546956,0.0013790728926861284,-0.0011652997373983176,-0.002522760663356922,-0.0014343234724077947,-0.0014166598234182156,0.0001946406908992504,-0.001923200160467699
robin_m2_n200_p12,robin,2,200,0.25,12,base,exact initial fields,tutorial,_87ed40d2-20251219 OPENFOAM=2512 version=2512,10.307083333333333,1316.16,4-5,-0.0060599470143059,-0.005300364600043017,0.02169485969134266,0.002118568676825028,-0.0007033966655515388,0.001431740017589167,-0.001162547642374082,0.0014179736922139696,0.00014232071374561657,0.0004404743017860646,0.0013180670212514585,-0.020616731169114548,0.14393684604838874,-0.020600987616107867,0.14390727532181058,0.002732596245884,0.00490661273419271,0.0004940361388559023,0.00028849227432115043,0.0012713003081514795,-0.0010507586234446142,-0.002487689479059129,-0.0013418392028597959,-0.001437078374110254,0.00024786737977988693,-0.0018807232337256122
robin_m2_n200_p12,robin,2,200,0.25,12,base,exact initial fields,tutorial,_87ed40d2-20251219 OPENFOAM=2512 version=2512,10.307083333333333,1316.16,5-6,-0.006039643480848067,-0.005263702401267056,0.021671548961357034,0.002117645238202348,-0.0007075849115491036,0.00142670762363184,-0.001168663112550433,0.00141612119752077,0.00014610113694759976,0.00043713204719431076,0.0013114350714485657,-0.020617491051464286,0.14393755452825333,-0.020601408439114316,0.14390801893615898,0.002732542784949905,0.004903858387203468,0.0004888662968536295,0.0002835687207851656,0.0013087155951001517,-0.001083050605595659,-0.002493609008783269,-0.0013576461014753738,-0.0014298735730159302,0.00022627502202188232,-0.001898026969905491
robin_m2_n200_p12,robin,2,200,0.25,12,base,exact initial fields,tutorial,_87ed40d2-20251219 OPENFOAM=2512 version=2512,10.307083333333333,1316.16,6-7,-0.006045728400670525,-0.005274449076442145,0.021693105351877184,0.0021171180999313144,-0.0007079791827175964,0.001427493032278404,-0.0011675225286408872,0.0014165270569508337,0.0001439981115720065,0.0004359497673986912,0.0013098245013428175,-0.020617268309537817,0.1439370636289314,-0.020601282319478095,0.14390749418625812,0.0027325868705168495,0.004903206380435815,0.0004925145184864199,0.000286980201561704,0.0012996324258687242,-0.0010741592127452293,-0.002493235794156635,-0.001352740652831308,-0.001433382069672749,0.00023116945562007274,-0.001894506183297231
robin_m2_n200_p12,robin,2,200,0.25,12,base,exact initial fields,tutorial,_87ed40d2-20251219 OPENFOAM=2512 version=2512,10.307083333333333,1316.16,7-8,-0.0060431084219571,-0.005270639244522979,0.021687618274267795,0.0021169381897108153,-0.0007079455376849047,0.001427084104543619,-0.0011677385999200318,0.0014163175137071882,0.00014446627222605918,0.00043561239951572794,0.0013094496384829946,-0.020617347274360646,0.14393709432269647,-0.020601336622701784,0.14390753641165094,0.002732585517269757,0.004903099188346768,0.0004922209536704081,0.00028676689606399464,0.0013025477943739983,-0.0010766203355097037,-0.0024929862003711077,-0.001354066552426314,-0.001432639879886214,0.00022930262068077134,-0.0018950415313154986
robin_m2_n200_p12,robin,2,200,0.25,12,base,exact initial fields,tutorial,_87ed40d2-20251219 OPENFOAM=2512 version=2512,10.307083333333333,1316.16,8-9,-0.006045851020042403,-0.005273672977558319,0.02169201502700502,0.0021168627537730966,-0.0007078875307181606,0.0014271641228802423,-0.0011676574042977271,0.0014162400100463657,0.00014434154645946587,0.0004354956600778337,0.0013093739018255222,-0.02061728439542091,0.14393706439042733,-0.02060127977799669,0.1439074998720882,0.0027325946798858382,0.004903075912468604,0.000492474988716074,0.0002869749095650853,0.0013018821356391985,-0.0010761156656032833,-0.0024933830782080104,-0.0013540126940496666,-0.0014331257986991521,0.00022973045938590175,-0.0018950067048157772
robin_m2_n200_p12,robin,2,200,0.25,12,base,exact initial fields,tutorial,_87ed40d2-20251219 OPENFOAM=2512 version=2512,10.307083333333333,1316.16,9-10,-0.006043992668023579,-0.0052718199993646575,0.021691844823728212,0.002116811133267671,-0.0007078788330357747,0.001427110861742742,-0.0011676306596560622,0.0014162348099100441,0.00014434585677811863,0.0004353900624629592,0.0013093308820203706,-0.020617322801339565,0.14393705613768215,-0.020601318295296413,0.14390749620905877,0.0027326040606709323,0.004903074958675578,0.0004925004553073542,0.0002870322618115928,0.001302019075705152,-0.0010761714620008966,-0.0024931779567575903,-0.0013540113875596393,-0.0014330528218355718,0.00022957796294065247,-0.001894829608686536
robin_m2_n200_p12_endsFixedGradient,robin,2,200,0.25,12,endsFixedGradient,exact initial fields,tutorial,_87ed40d2-20251219 OPENFOAM=2512 version=2512,10.962916666666667,1329.68,10-11,-0.0023220832201945596,-0.0009296116529332599,0.02295402362075505,0.002757647378948125,0.0001534728185913533,0.001893279853719676,-0.0007271161423160342,0.0017368622472242468,0.0010627225716444738,0.0013399858724902902,0.0033408032241194936,-0.020707321971915982,0.14405074388719402,-0.02067846078514042,0.14404246420835973,0.003537970837916344,0.005171185783584014,-0.000444962478586608,-0.0005024144185388213,-0.000995778796802016,-0.0017171256079824282,0.0004206725726908584,-0.001216804553414108,0.0018109929281340858,-0.0004908412071090718,1.1896450961339561e-05
robin_m2_n200_p12_endsFixedGradient,robin,2,200,0.25,12,endsFixedGradient,exact initial fields,tutorial,_87ed40d2-20251219 OPENFOAM=2512 version=2512,10.962916666666667,1329.68,11-12,-0.0023216955198003264,-0.0009292365825392945,0.022955453422725647,0.0027576090290719613,0.00015346268321695506,0.001893248083272292,-0.0007271239210692825,0.0017368335425360648,0.001062711764201471,0.001339915484579235,0.003340763402529912,-0.020707329745846128,0.1440507390676824,-0.0206784688208474,0.14404245617509354,0.0035379848776347957,0.005171178370087817,-0.0004449067332743528,-0.0005023809783061273,-0.0009957003899178085,-0.0017172195064668605,0.00042060447991401693,-0.0012168972930125532,0.001810941113269218,-0.0004909093994192038,1.18363910456042e-05
robin_m2_n200_p12_endsFixedGradient,robin,2,200,0.25,12,endsFixedGradient,exact initial fields,tutorial,_87ed40d2-20251219 OPENFOAM=2512 version=2512,10.962916666666667,1329.68,2-3,-0.0022633725010189343,-0.0009906011662260683,0.022009174689962885,0.0027281029715804372,0.0002612635825960277,0.001914499218219623,-0.0006463435642021306,0.0017333637998095952,0.00106501990624212,0.001271344529020002,0.003450063471775617,-0.020706057867300936,0.1440384723182565,-0.0206796776581249,0.1440325128771546,0.0035378941876850725,0.005226394790326766,-0.000375902354331048,-0.0004172607555837926,-0.0013385579998939079,-0.0014912700305284021,0.0005905796533688894,-0.0011093450348982348,0.0018133187600041104,-0.00036531404981554605,0.00037597863707167087
robin_m2_n200_p12_endsFixedGradient,robin,2,200,0.25,12,endsFixedGradient,exact initial fields,tutorial,_87ed40d2-20251219 OPENFOAM=2512 version=2512,10.962916666666667,1329.68,3-4,-0.002397456742674331,-0.0009639947904523938,0.022900112994137967,0.0027542742511521556,0.00018195787142750685,0.0018938987223566794,-0.0007263481965258818,0.0017167443648675729,0.0010854880247179815,0.0013395626048391396,0.0033797005378283862,-0.020706609326733703,0.14405587066947032,-0.020676898549069418,0.14404707717116194,0.003537599282249239,0.005189775231066798,-0.00047697222357689917,-0.0005379853847420346,-0.0009558666546729544,-0.0017886392230948012,0.00037376759580919696,-0.0012934663233096222,0.0018109972258462963,-0.0005087307420369447,-2.2125742246976927e-05
robin_m2_n200_p12_endsFixedGradient,robin,2,200,0.25,12,endsFixedGradient,exact initial fields,tutorial,_87ed40d2-20251219 OPENFOAM=2512 version=2512,10.962916666666667,1329.68,4-5,-0.0023166660197853073,-0.0009354753784247549,0.02291839747208191,0.0027585703740025114,0.0001577847254194794,0.0018962695038979849,-0.0007219218890891654,0.0017386967285382138,0.0010614193987562334,0.0013420176810423623,0.0033504931354935677,-0.020707200436883892,0.14405041514931344,-0.02067857306523036,0.1440422415982157,0.0035379276089252294,0.005174598603514575,-0.0004434177158252339,-0.0005001334621278497,-0.0010234244252217417,-0.0016957453483755769,0.0004324108810327557,-0.0012047639235142071,0.0018115316124932496,-0.0004777440389804877,2.9076754105143115e-05
robin_m2_n200_p12_endsFixedGradient,robin,2,200,0.25,12,endsFixedGradient,exact initial fields,tutorial,_87ed40d2-20251219 OPENFOAM=2512 version=2512,10.962916666666667,1329.68,5-6,-0.0023224067342355603,-0.0009264840049906242,0.022943323062330157,0.002758290898210891,0.00015383697901726398,0.0018930903339000604,-0.0007280868581144314,0.0017364257933043525,0.0010641385533462111,0.0013410126767536834,0.003343218360952332,-0.020707386797391463,0.14405124126839394,-0.020678454079797647,0.14404294998416248,0.003537904420500877,0.005171955334912736,-0.0004483334151773599,-0.0005058654912547533,-0.0009912788427047792,-0.0017230558178019661,0.00041841114805360815,-0.0012206627222762778,0.0018127941630199005,-0.0004928397232030202,8.053679684134906e-06
robin_m2_n200_p12_endsFixedGradient,robin,2,200,0.25,12,endsFixedGradient,exact initial fields,tutorial,_87ed40d2-20251219 OPENFOAM=2512 version=2512,10.962916666666667,1329.68,6-7,-0.00232150013729715,-0.0009297358062314576,0.022949858161900982,0.002757944498769982,0.00015342917603531074,0.0018935835307125615,-0.0007269493617062697,0.0017372095453567216,0.001062478719487228,0.001340440366590867,0.003341429131900806,-0.020707319398641517,0.14405076127878366,-0.020678472870460367,0.1440424849072105,0.003537939711359172,0.005171337076166055,-0.000445106114268623,-0.0005025350902500003,-0.0009979067423756538,-0.001715299334496434,0.0004213480067645712,-0.0012154248977856996,0.0018111503626368332,-0.0004896146749040486,1.2670731370219868e-05
robin_m2_n200_p12_endsFixedGradient,robin,2,200,0.25,12,endsFixedGradient,exact initial fields,tutorial,_87ed40d2-20251219 OPENFOAM=2512 version=2512,10.962916666666667,1329.68,7-8,-0.0023215316768718797,-0.0009288012272610224,0.022949118302952876,0.002757796461748452,0.00015345228141491502,0.0018933042393916022,-0.0007272085916883447,0.001736930866535813,0.0010628545531217843,0.0013402170793266333,0.0033410092515847125,-0.020707338769276332,0.14405078053490436,-0.020678472216752543,0.14404250316072711,0.0035379414402704457,0.005171224577272704,-0.00044523278099173336,-0.0005026686989937357,-0.0009953943666662912,-0.0017174803052172338,0.000420768693241135,-0.001216857473977262,0.001811360977521464,-0.0004909733439796282,1.1685899175669834e-05
robin_m2_n200_p12_endsFixedGradient,robin,2,200,0.25,12,endsFixedGradient,exact initial fields,tutorial,_87ed40d2-20251219 OPENFOAM=2512 version=2512,10.962916666666667,1329.68,8-9,-0.002321565257128233,-0.0009291735906507004,0.022951378210023243,0.0027577229410256088,0.00015348829014703286,0.0018933430709735521,-0.0007271061778910915,0.0017369149151180707,0.0010627408902194873,0.001340107630874332,0.003340900561196111,-0.020707331051453153,0.14405074112772964,-0.02067847152074835,0.14404245880938388,0.003537957696224245,0.00517120249044631,-0.00044492501342840995,-0.0005023952719661606,-0.0009959246769981611,-0.0017169589239925953,0.0004207715209662684,-0.0012166417740682167,0.0018110903741364922,-0.000490698531202094,1.1980061403404407e-05
robin_m2_n200_p12_endsFixedGradient,robin,2,200,0.25,12,endsFixedGradient,exact initial fields,tutorial,_87ed40d2-20251219 OPENFOAM=2512 version=2512,10.962916666666667,1329.68,9-10,-0.0023218375246100154,-0.0009291793190028264,0.022952492647938527,0.002757680261155304,0.0001534940230175924,0.0018932982524353381,-0.0007271220080545783,0.0017368712140757303,0.0010627630839459207,0.0013400415847184544,0.0033408497516313586,-0.02070733093272395,0.14405077118487597,-0.02067846587757198,0.14404249285142637,0.0035379644239595305,0.005171197926639449,-0.00044516124161120274,-0.0005026038237532227,-0.0009957053429918705,-0.0017171773396840173,0.0004206977824703629,-0.001216816104950058,0.0018110666007135048,-0.0004908480019619743,1.1887967213388745e-05
robin_m2_n200_p12_exactOldBoundary,robin,2,200,0.25,12,exactOldBoundary,"exact initial fields, exact old-time boundary values",tutorial,_87ed40d2-20251219 OPENFOAM=2512 version=2512,10.301666666666666,1321.4,10-11,-0.00604426949941661,-0.005272043179270769,0.021693381244774823,0.0021167832104722617,-0.0007079065957961124,0.001427082908961319,-0.001167649820829448,0.001416213107380937,0.00014432798644601857,0.000435345873958326,0.0013092747823114808,-0.020617318175581233,0.14393706300963846,-0.020601312557525727,0.1439074995517512,0.002732608919990172,0.004903062267958385,0.0004924772158045876,0.0002869845053226072,0.001302093054944331,-0.001076260894626091,-0.0024932818853249474,-0.0013540918176877526,-0.0014331202716519158,0.0002295179521047963,-0.0018949406043269567
robin_m2_n200_p12_exactOldBoundary,robin,2,200,0.25,12,exactOldBoundary,"exact initial fields, exact old-time boundary values",tutorial,_87ed40d2-20251219 OPENFOAM=2512 version=2512,10.301666666666666,1321.4,11-12,-0.006045769209634733,-0.0052735362282598786,0.021695613483353027,0.0021167520228762005,-0.0007079032245611802,0.0014270697317113612,-0.0011676632902445983,0.0014161670813144234,0.00014432036734766466,0.0004352952424544476,0.0013092498907333388,-0.020617287229767505,0.14393706020577085,-0.02060128147364744,0.1439074962093006,0.0027326153868328625,0.00490305199807271,0.0004925004536260325,0.00028700399073011695,0.001302135079513711,-0.0010763659912759183,-0.002493470630248545,-0.0013542404283702902,-0.0014332318190849777,0.00022949807631333918,-0.0018950897751924733
robin_m2_n200_p12_exactOldBoundary,robin,2,200,0.25,12,exactOldBoundary,"exact initial fields, exact old-time boundary values",tutorial,_87ed40d2-20251219 OPENFOAM=2512 version=2512,10.301666666666666,1321.4,2-3,-0.006172298864025705,-0.005449434282956855,0.022012940679578374,0.0021146300709120602,-0.0007156687180210901,0.0014374982980611684,-0.0011587760681848456,0.0014197465324217173,0.00011902318271783357,0.0004186516470370272,0.001317050458339065,-0.02061364146296736,0.1439342935557229,-0.020598658945422173,0.14390410819275767,0.00273289851569143,0.0049000481871464005,0.0005160556195289434,0.00030623112568983757,0.0011634720235069729,-0.0009758679458858888,-0.0025089004296124603,-0.001297438916605942,-0.0014722479125708374,0.0003004574398146609,-0.001871446182332284
robin_m2_n200_p12_exactOldBoundary,robin,2,200,0.25,12,exactOldBoundary,"exact initial fields, exact old-time boundary values",tutorial,_87ed40d2-20251219 OPENFOAM=2512 version=2512,10.301666666666666,1321.4,3-4,-0.005991548553137882,-0.005206662630373393,0.02159371938444976,0.002116307298732245,-0.0007099012158001122,0.0014220486776519436,-0.00117092049860868,0.0014162385807952038,0.0001485634149665754,0.0004312889734046088,0.0013109490926631775,-0.020618673291389396,0.14393776919672935,-0.02060240528294527,0.14390845417804543,0.002732459873435923,0.004902700997772423,0.0004858403824692381,0.0002820769000457801,0.0013281978919736925,-0.0011022086893299754,-0.0024841934062573585,-0.0013639665243515564,-0.0014187072275006673,0.0002090902184908039,-0.0019003912916710816
robin_m2_n200_p12_exactOldBoundary,robin,2,200,0.25,12,exactOldBoundary,"exact initial fields, exact old-time boundary values",tutorial,_87ed40d2-20251219 OPENFOAM=2512 version=2512,10.301666666666666,1321.4,4-5,-0.006060639724672079,-0.005291529771252579,0.02172018382085894,0.002116734395538833,-0.0007082487480069393,0.0014281614897635464,-0.0011671982697277236,0.0014162089798746003,0.000142562723678914,0.00043459228909181746,0.0013097799733599081,-0.020616914284985525,0.14393692948378403,-0.02060097325858436,0.1439072818961663,0.002732597000351048,0.004902937605466079,0.0004939904316227928,0.00028791244073667066,0.0012923362485934842,-0.0010692768896580773,-0.002496689137380083,-0.0013511347302040955,-0.0014371051710599847,0.0002354392423231655,-0.0018948769811817153
robin_m2_n200_p12_exactOldBoundary,robin,2,200,0.25,12,exactOldBoundary,"exact initial fields, exact old-time boundary values",tutorial,_87ed40d2-20251219 OPENFOAM=2512 version=2512,10.301666666666666,1321.4,5-6,-0.006039813012366668,-0.005266862642556713,0.02167703316120151,0.002116881564317774,-0.000707905273790365,0.001426811868509681,-0.0011677635463259886,0.0014163572675516267,0.00014477370959223808,0.0004353913094048423,0.001309541534850949,-0.020617425550439876,0.14393708197980154,-0.020601404925304097,0.14390754866360447,0.0027325646561799644,0.004903082808792413,0.0004921357740930166,0.000286852672670701,0.001303849619771258,-0.0010777781749955473,-0.0024917768538320413,-0.001354319120138503,-0.0014315783630226035,0.00022810637526515798,-0.0018946058039450205
robin_m2_n200_p12_exactOldBoundary,robin,2,200,0.25,12,exactOldBoundary,"exact initial fields, exact old-time boundary values",tutorial,_87ed40d2-20251219 OPENFOAM=2512 version=2512,10.301666666666666,1321.4,6-7,-0.006045717359468905,-0.005273711160429628,0.02169107337607956,0.0021168844123982122,-0.0007078454838381065,0.0014272704348805565,-0.001167605154671664,0.0014162422346764014,0.00014427909991614448,0.0004355091570757974,0.0013094645186688693,-0.020617283604020206,0.14393705736086812,-0.02060128254832455,0.14390748845285303,0.002732585309729151,0.004903092766434494,0.0004925543790172959,0.00028702376131084506,0.0013012674925529932,-0.0010756261432909309,-0.0024935419488131562,-0.001353808616532004,-0.0014333231489750094,0.0002301634006429687,-0.0018948841144985603
robin_m2_n200_p12_exactOldBoundary,robin,2,200,0.25,12,exactOldBoundary,"exact initial fields, exact old-time boundary values",tutorial,_87ed40d2-20251219 OPENFOAM=2512 version=2512,10.301666666666666,1321.4,7-8,-0.006043547727973775,-0.005271291103654097,0.02168809384171011,0.002116875357433212,-0.0007078663795153615,0.0014271261536871194,-0.0011676377754410215,0.0014162875266863217,0.00014441124647823192,0.0004355193547709302,0.0013093993764994468,-0.020617333763543924,0.14393706493520686,-0.020601327517386244,0.14390750541599662,0.0027325870240002396,0.00490309015147011,0.0004924364456349029,0.0002869711236337391,0.0013021176818368563,-0.0010762228953277164,-0.002492963703311299,-0.0013539294834329363,-0.0014328348235850988,0.00022952130407860594,-0.0018947478187606886
robin_m2_n200_p12_exactOldBoundary,robin,2,200,0.25,12,exactOldBoundary,"exact initial fields, exact old-time boundary values",tutorial,_87ed40d2-20251219 OPENFOAM=2512 version=2512,10.301666666666666,1321.4,8-9,-0.00604578094350372,-0.005273549604933203,0.021691629109267252,0.0021168476414585857,-0.0007078614092237395,0.0014271494611741709,-0.0011676552180946722,0.0014162204400891554,0.00014437291394382688,0.0004354814882443492,0.0013093724308024413,-0.020617286952514687,0.14393706506015602,-0.020601281230444354,0.14390750107633335,0.0027325943578450154,0.004903079760745114,0.0004924666164058955,0.0002869702553027764,0.001302003601786339,-0.0010762246626315752,-0.0024933741162100715,-0.0013540968843088752,-0.0014331017651169526,0.00022965428318166836,-0.0018950038802924584
robin_m2_n200_p12_exactOldBoundary,robin,2,200,0.25,12,exactOldBoundary,"exact initial fields, exact old-time boundary values",tutorial,_87ed40d2-20251219 OPENFOAM=2512 version=2512,10.301666666666666,1321.4,9-10,-0.006044055762669975,-0.005271895938038784,0.02169191690701311,0.0021168069360941733,-0.0007078735494182139,0.0014271141882287175,-0.0011676252559650463,0.0014162322251856096,0.00014434210205417302,0.00043539061379593846,0.001309332660663934,-0.020617321227389827,0.14393705497870668,-0.020601316987559567,0.14390749478867992,0.002732604134644035,0.004903076592949779,0.0004925103302506617,0.00028704031608328684,0.0013019859585550186,-0.0010761450247773752,-0.002493186826354137,-0.0013540071053494973,-0.0014330702393640607,0.00022959900075569806,-0.0018948149493431112
robin_m2_n200_p12_fluxConsistent,robin,2,200,0.25,12,fluxConsistent,exact initial fields,tutorial,_87ed40d2-20251219 OPENFOAM=2512 version=2512,11.833333333333334,1523.95,10-11,-0.0021760710781629777,-0.0007404899279489507,0.017629648553174393,0.0023547391806748585,-0.0007486109323917939,0.0014300960399173945,-0.0012567319325082799,0.001664610046463233,0.0003316929276188771,0.0009318149070509651,0.0013334596162142655,-0.020711241820303854,0.1440596429549638,-0.020681487118892398,0.1440431070350894,0.002958043401021907,0.004958549306779403,-0.00044942323140662044,-0.0005641568785876849,0.0023383486041255175,-0.002196208662021304,-0.001481902630088082,-0.0016172389918950314,-0.00010679991011658167,-0.0010273872810376838,-0.0019471226992239926
robin_m2_n200_p12_fluxConsistent,robin,2,200,0.25,12,fluxConsistent,exact initial fields,tutorial,_87ed40d2-20251219 OPENFOAM=2512 version=2512,11.833333333333334,1523.95,11-12,-0.002176601144110335,-0.0007411595260801151,0.017630952048073967,0.0023547015063407617,-0.0007486194716459402,0.001430065427616034,-0.001256736273761187,0.001664584865169072,0.0003316809246531835,0.0009317534429389429,0.001333416358935986,-0.02071122794181816,0.14405961663038427,-0.02068147613243302,0.14404307947192152,0.002958062509683394,0.004958541261479849,-0.00044923196376311925,-0.000563974247751009,0.002338405145431377,-0.0021962789526043247,-0.0014819501575758808,-0.0016173148118292513,-0.00010684979228632602,-0.001027446802543186,-0.001947153982022787
robin_m2_n200_p12_fluxConsistent,robin,2,200,0.25,12,fluxConsistent,exact initial fields,tutorial,_87ed40d2-20251219 OPENFOAM=2512 version=2512,11.833333333333334,1523.95,2-3,-0.0023669071143991305,-0.0010569973667503563,0.016994704591623444,0.0023314004568721902,-0.000625748054228479,0.0014697290262515317,-0.0011729212335993549,0.0016537069376514335,0.00033689993719839575,0.0008992032243608783,0.0014244907034937986,-0.020704681700498273,0.14404810340206442,-0.020677531738678673,0.14403272176434437,0.002958293418501184,0.0050149834862044254,-0.00037735208510081275,-0.00048409304915264517,0.00199676658572856,-0.001945806256021032,-0.0013793075362947657,-0.0015316118530226408,-0.00015592498962414155,-0.0008586141292051819,-0.0016093284501893243
robin_m2_n200_p12_fluxConsistent,robin,2,200,0.25,12,fluxConsistent,exact initial fields,tutorial,_87ed40d2-20251219 OPENFOAM=2512 version=2512,11.833333333333334,1523.95,3-4,-0.0021881117461042265,-0.0007121253918094261,0.017438319744349284,0.002353052357098262,-0.0007162811147782755,0.0014303082658047028,-0.0012538516500335752,0.0016469743697704597,0.0003594635389737419,0.0009407863379577996,0.0013691582355795566,-0.020711829720405067,0.14406420084909513,-0.020681237556908854,0.14404750963178717,0.002957704844733664,0.0049783985568693356,-0.00047997299988067343,-0.000595776966973105,0.0023991684022632853,-0.00227158129480165,-0.0015073002573078955,-0.0016905562517125494,-9.406541190352961e-05,-0.0010553243786115551,-0.001965273221108768
robin_m2_n200_p12_fluxConsistent,robin,2,200,0.25,12,fluxConsistent,exact initial fields,tutorial,_87ed40d2-20251219 OPENFOAM=2512 version=2512,11.833333333333334,1523.95,4-5,-0.0021908006411709424,-0.0007660719299937835,0.017622614420572225,0.0023561390665032267,-0.0007433759067826483,0.0014343219468617718,-0.001251687276744409,0.001665656459739706,0.0003306508395725853,0.0009362066349329901,0.0013426035831723328,-0.020710711592645016,0.14405950965287423,-0.02068118182528419,0.1440429741836847,0.002958020523522128,0.004962268785721577,-0.00044850134195684177,-0.0005632320740636132,0.002310987515760088,-0.0021744699375659815,-0.0014767289233423634,-0.001607807610480072,-0.00011006381430817755,-0.0010113213488299744,-0.0019336104383222284
robin_m2_n200_p12_fluxConsistent,robin,2,200,0.25,12,fluxConsistent,exact initial fields,tutorial,_87ed40d2-20251219 OPENFOAM=2512 version=2512,11.833333333333334,1523.95,5-6,-0.0021718964768866478,-0.0007332333387892742,0.017608437360806972,0.002355526686347087,-0.0007480582222244155,0.0014298729089676776,-0.0012574932344652432,0.0016644683276496597,0.00033335789451791406,0.000933442824752273,0.0013357704302797387,-0.020711392224649634,0.1440600714950601,-0.02068157364414001,0.1440435573783487,0.0029579860839353874,0.004959414570195456,-0.00045254826436713635,-0.0005671299323146695,0.0023437644134340907,-0.002201972823690279,-0.001482170228382562,-0.0016204133142068144,-0.00010393415603923383,-0.0010299588492330702,-0.0019495195990867013
robin_m2_n200_p12_fluxConsistent,robin,2,200,0.25,12,fluxConsistent,exact initial fields,tutorial,_87ed40d2-20251219 OPENFOAM=2512 version=2512,11.833333333333334,1523.95,6-7,-0.0021771067023813595,-0.0007426204624148003,0.017628137730355764,0.002355077646348347,-0.0007486183645258787,0.00143048348006114,-0.001256603074784918,0.001664895675446365,0.0003314579216942176,0.0009324155362988584,0.0013340727778985517,-0.020711197661590245,0.1440596108883929,-0.02068146565393419,0.14404306462412145,0.0029580347682935863,0.004958714435662545,-0.000449128931173548,-0.0005639344117899237,0.0023362208898607406,-0.0021944126135815534,-0.0014817882969699356,-0.00161607781724038,-0.00010692182810152194,-0.0010259420054494761,-0.0019467252466898507
robin_m2_n200_p12_fluxConsistent,robin,2,200,0.25,12,fluxConsistent,exact initial fields,tutorial,_87ed40d2-20251219 OPENFOAM=2512 version=2512,11.833333333333334,1523.95,7-8,-0.002175089174781708,-0.0007392883118103599,0.01762407008863809,0.0023548988521608916,-0.0007486221950046806,0.0014301193678105673,-0.001256802511179865,0.001664705448734427,0.00033183351996586715,0.0009320755446120543,0.0013336634514560797,-0.02071126672570848,0.14405967440924586,-0.02068150747040086,0.14404314332654672,0.0029580171944227226,0.0049585959186818004,-0.00044967506669879587,-0.0005643750974407835,0.0023387502480980427,-0.0021965140603474875,-0.0014816385518894798,-0.001617209635924155,-0.00010635125247921726,-0.0010275456121311421,-0.0019472108937133188
robin_m2_n200_p12_fluxConsistent,robin,2,200,0.25,12,fluxConsistent,exact initial fields,tutorial,_87ed40d2-20251219 OPENFOAM=2512 version=2512,11.833333333333334,1523.95,8-9,-0.0021766291136502414,-0.0007412386627179135,0.017627192311240325,0.0023548179173147332,-0.0007485880869813027,0.0014301662895921385,-0.0012567211019042992,0.0016646564710200984,0.0003317145636308326,0.0009319466856327896,0.001333555233419863,-0.02071122630158554,0.1440596212251436,-0.020681475552719843,0.1440430838954295,0.002958038852645128,0.004958569109044474,-0.0004492626595846705,-0.000564006124608385,0.0023381919072968937,-0.0021960394600956112,-0.0014818397807332593,-0.0016170911785862163,-0.00010672322123626535,-0.001027225646795915,-0.0019470579223479318
robin_m2_n200_p12_fluxConsistent,robin,2,200,0.25,12,fluxConsistent,exact initial fields,tutorial,_87ed40d2-20251219 OPENFOAM=2512 version=2512,11.833333333333334,1523.95,9-10,-0.002175777950404023,-0.0007405122100018202,0.0176281581148805,0.00235477522195926,-0.0007485918871992366,0.001430122293640812,-0.001256725852858204,0.0016646308386458752,0.0003317182054612201,0.0009318769645592084,0.0013335101735477153,-0.02071124135847289,0.14405959599708074,-0.020681493194431175,0.14404305674998175,0.0029580556931821716,0.0049585536386946225,-0.0004490742905447487,-0.0005638311009737995,0.002338331774184299,-0.0021961771596923363,-0.0014818336359882656,-0.0016171905886843696,-0.00010672484257107541,-0.001027353224993921,-0.00194707631454548
robin_m2_n200_p12_fluxConsistent2,robin,2,200,0.25,12,fluxConsistent2,exact initial fields,tutorial,_87ed40d2-20251219 OPENFOAM=2512 version=2512,10.958333333333334,1798.64,10-11,-0.0021821074342018854,-0.000747221931672537,0.01770887749790062,0.0023576222232051247,-0.0007509171262544805,0.0014315052797113648,-0.0012588862679846916,0.0016671676669084423,0.000330803515386064,0.0009389472980565472,0.0013298629295050042,-0.020711102288825146,0.14405975537801924,-0.020681362005817792,0.14404320794105055,0.002958470180452298,0.004958977805601388,-0.00045012344221906364,-0.0005649368301495761,0.0023431161708595827,-0.0021901847300669353,-0.0014852713624608548,-0.0016106521676944041,-0.00010993652744247208,-0.0010212492688868036,-0.0019511781535968694
robin_m2_n200_p12_fluxConsistent2,robin,2,200,0.25,12,fluxConsistent2,exact initial fields,tutorial,_87ed40d2-20251219 OPENFOAM=2512 version=2512,10.958333333333334,1798.64,11-12,-0.0021817547935827353,-0.000746901031657532,0.017710422618619548,0.0023575872811936183,-0.000750941429296669,0.001431475982250463,-0.0012589005799652807,0.0016671428054029214,0.00033078245369836973,0.0009388829098289087,0.0013298048504656486,-0.020711108939988076,0.14405974954380016,-0.0206813693148552,0.1440431984285431,0.002958485663942005,0.0049589655889536784,-0.0004500574326763429,-0.0005648963544224728,0.002343160317772597,-0.0021902508819949817,-0.0014853681495165646,-0.001610723934253322,-0.00011001446531611127,-0.0010212969058097654,-0.0019512627913170443
robin_m2_n200_p12_fluxConsistent2,robin,2,200,0.25,12,fluxConsistent2,exact initial fields,tutorial,_87ed40d2-20251219 OPENFOAM=2512 version=2512,10.958333333333334,1798.64,2-3,-0.0023719297786500837,-0.0010626299260141359,0.017073830827528447,0.002334248415436946,-0.0006280009431158202,0.0014711292994964431,-0.0011750546603009236,0.0016563224184917846,0.0003358881992927644,0.0009062372131556362,0.0014213402059862347,-0.020704564956753727,0.14404824735623145,-0.02067742763597779,0.14403285443235758,0.0029587155076751023,0.005015590069444696,-0.00037827283301750114,-0.0004850919122589836,0.002000740734191764,-0.0019393993122734932,-0.0013824753207652112,-0.0015249464697655313,-0.00015913945663363876,-0.0008521956195730596,-0.0016132569184962773
robin_m2_n200_p12_fluxConsistent2,robin,2,200,0.25,12,fluxConsistent2,exact initial fields,tutorial,_87ed40d2-20251219 OPENFOAM=2512 version=2512,10.958333333333334,1798.64,3-4,-0.0021939999708895375,-0.000718166691739297,0.01751716235089873,0.0023559318628463277,-0.0007185806359188801,0.0014316924691659683,-0.0012560307096775674,0.0016495033961927419,0.0003586128395475818,0.000947917285082589,0.0013656497499834126,-0.02071170450486046,0.14406439599192716,-0.020681115514089955,0.14404769835216027,0.002958108511877269,0.004978865262985283,-0.00048128249523937683,-0.0005971307127691228,0.00240400591969947,-0.002265724688761628,-0.0015107175893969698,-0.0016840559884614414,-9.714922858194764e-05,-0.001049259895223531,-0.00196941961045126
robin_m2_n200_p12_fluxConsistent2,robin,2,200,0.25,12,fluxConsistent2,exact initial fields,tutorial,_87ed40d2-20251219 OPENFOAM=2512 version=2512,10.958333333333334,1798.64,4-5,-0.002196811554310951,-0.0007727878811975009,0.017701776910547418,0.0023590194703779765,-0.0007456912640800947,0.0014357268523237376,-0.001253843582268411,0.001668219428547335,0.0003297506365057699,0.0009433418186715059,0.0013390279172127437,-0.0207105723938803,0.14405962327681462,-0.02068105723955411,0.1440430762723644,0.0029584465029477086,0.004962701415716673,-0.0004492097612397439,-0.0005640203583945347,0.0023157082678622043,-0.0021684260600807193,-0.0014800860782198757,-0.0016012102548352836,-0.0001131959174434583,-0.0010051705438587355,-0.0019376578434781577
robin_m2_n200_p12_fluxConsistent2,robin,2,200,0.25,12,fluxConsistent2,exact initial fields,tutorial,_87ed40d2-20251219 OPENFOAM=2512 version=2512,10.958333333333334,1798.64,5-6,-0.002177039807547465,-0.0007389540831199692,0.01768782210339004,0.0023584071947204688,-0.0007503912808198591,0.0014312738898283328,-0.0012596657769758561,0.0016670265237863635,0.0003324553856366702,0.0009405759568281713,0.001332160572312158,-0.020711273653129393,0.14406020574564507,-0.020681467040435962,0.1440436776891912,0.0029584084985507346,0.0049598386377781665,-0.00045338312500098343,-0.0005680613099061649,0.0023485318670166677,-0.0021959655170024073,-0.0014855909564819116,-0.0016138334968681667,-0.00010709310069885148,-0.0010238229214509786,-0.0019536387796682785
robin_m2_n200_p12_fluxConsistent2,robin,2,200,0.25,12,fluxConsistent2,exact initial fields,tutorial,_87ed40d2-20251219 OPENFOAM=2512 version=2512,10.958333333333334,1798.64,6-7,-0.0021830566061744605,-0.0007487772453912411,0.017707195956726318,0.002357956692596197,-0.000750937215562002,0.0014318778465856052,-0.0012587726825445489,0.0016674500775699652,0.0003305757548066701,0.000939548418036118,0.001330460912150953,-0.02071107005247592,0.14405979592927537,-0.02068134233271981,0.14404324316808248,0.0029584391732392734,0.004959148506516462,-0.000450367890862613,-0.0005652181601831785,0.002341067132873631,-0.002188459015044719,-0.001485173551134602,-0.0016095244007042764,-0.00011004879632170739,-0.0010198528821334651,-0.0019508250847706775
robin_m2_n200_p12_fluxConsistent2,robin,2,200,0.25,12,fluxConsistent2,exact initial fields,tutorial,_87ed40d2-20251219 OPENFOAM=2512 version=2512,10.958333333333334,1798.64,7-8,-0.002181121523652352,-0.0007460130618262006,0.0177032569978135,0.0023577786508408582,-0.000750933301032768,0.0014315242261333516,-0.0012589599225910244,0.001667263028407362,0.0003309416519748459,0.0009392094268385609,0.0013300650398605192,-0.020711127344574393,0.14405978707449804,-0.020681382440381185,0.14404324447369538,0.002958443611481037,0.004959023674444796,-0.00045037695081473483,-0.0005651567289356452,0.002343522758667893,-0.0021904968962112026,-0.001485007757311332,-0.0016106269920560523,-0.00010948694776502311,-0.0010214134487139814,-0.001951268299083847
robin_m2_n200_p12_fluxConsistent2,robin,2,200,0.25,12,fluxConsistent2,exact initial fields,tutorial,_87ed40d2-20251219 OPENFOAM=2512 version=2512,10.958333333333334,1798.64,8-9,-0.0021817800577087487,-0.0007469748690216438,0.017706622611079137,0.0023577003596897406,-0.0007509148662937134,0.0014315726188018907,-0.0012588883247676534,0.0016672143462885813,0.0003308134671537334,0.0009390777077500356,0.0013299416953545123,-0.02071110740959133,0.14405975430885568,-0.020681368791216025,0.1440432030136407,0.0029584616340239,0.004958992724866655,-0.0004500892497559805,-0.0005649294126750526,0.0023429508657377696,-0.002190017002814959,-0.0014852585081487164,-0.0016105039716292069,-0.0001098876266666433,-0.001021080868991886,-0.0019511682301986341
robin_m2_n200_p12_fluxConsistent2,robin,2,200,0.25,12,fluxConsistent2,exact initial fields,tutorial,_87ed40d2-20251219 OPENFOAM=2512 version=2512,10.958333333333334,1798.64,9-10,-0.00218173037159064,-0.0007466733061732844,0.017707248720935986,0.0023576572259802475,-0.0007509052483830248,0.0014315207410704467,-0.0012588923555033463,0.0016671848696379055,0.0003308393196433893,0.0009390083465128374,0.0013298992693519661,-0.020711113659960742,0.14405978079462867,-0.020681369821039807,0.14404323506552597,0.0029584604095118728,0.004958988321970913,-0.00045031166533160416,-0.000565113161465014,0.002343177392651219,-0.002190219679217398,-0.001485218133789911,-0.0016106351634613825,-0.00010985216960663685,-0.0010212604496631084,-0.0019511743424978347
robin_m2_n200_p12_tight,robin,2,200,0.25,12,tight,exact initial fields,tight (x0.01),_87ed40d2-20251219 OPENFOAM=2512 version=2512,15.484583333333333,2405.84,10-11,-0.006040581513669374,-0.0052675272403713835,0.021685865258744164,0.002116799648796297,-0.0007079845528543237,0.001426825053804981,-0.0011677291863297697,0.0014163523202843642,0.00014454284656964777,0.0004354899447323035,0.0013091719473281554,-0.02061741177559369,0.14393712283986823,-0.02060138899689295,0.1439075691836136,0.0027325784965478495,0.004903066653081911,0.0004919931123283927,0.0002865687168245312,0.0013040072422874083,-0.0010776077691933006,-0.0024919514043950063,-0.0013543079680267134,-0.001431913058838033,0.0002280849343134772,-0.0018946867813972568
robin_m2_n200_p12_tight,robin,2,200,0.25,12,tight,exact initial fields,tight (x0.01),_87ed40d2-20251219 OPENFOAM=2512 version=2512,15.484583333333333,2405.84,11-12,-0.006040608120954638,-0.005267548870590666,0.02168723349392354,0.0021167660287251255,-0.0007079993942764762,0.0014267969519026202,-0.0011677339143226968,0.0014163327377498813,0.0001445251564658176,0.0004354298422466485,0.0013091320939058004,-0.02061741132727301,0.14393712169792164,-0.020601388445414665,0.14390756791566292,0.002732585483969909,0.004903057879372957,0.0004920019275318488,0.0002865766527468949,0.0013040531840082803,-0.0010776613346856756,-0.0024919930521079205,-0.00135436374489728,-0.0014319600770560886,0.00022803260171544437,-0.0018947221321542695
robin_m2_n200_p12_tight,robin,2,200,0.25,12,tight,exact initial fields,tight (x0.01),_87ed40d2-20251219 OPENFOAM=2512 version=2512,15.484583333333333,2405.84,2-3,-0.006205286776319818,-0.005583613795720144,0.021048181800884302,0.002097920300784928,-0.0005853743580945522,0.0014723608727937876,-0.0010781110224612168,0.0014136958564541224,0.00014273775842134505,0.00041796542993965957,0.0014027923642939589,-0.02061086037926672,0.1439240930368927,-0.020597975218500604,0.14389586672894566,0.0027328334722324754,0.00496192648826859,0.0005733589810026363,0.00037712712601400966,0.0009234008871330524,-0.0007782920390627668,-0.002366467151256587,-0.0012324061287117827,-0.0014821675698008811,0.0004226759934584656,-0.001529237752562807
robin_m2_n200_p12_tight,robin,2,200,0.25,12,tight,exact initial fields,tight (x0.01),_87ed40d2-20251219 OPENFOAM=2512 version=2512,15.484583333333333,2405.84,3-4,-0.006048761217772869,-0.005227368257915033,0.021489095949351666,0.002116679306585212,-0.0006771254181258847,0.0014260830569374772,-0.001167811076674359,0.0013985380698240402,0.00017478450516058904,0.0004480233523422861,0.0013446058450569314,-0.02061824413434387,0.14394258730657727,-0.020601219459522528,0.1439128773846655,0.0027321887855493105,0.004922619022728792,0.00045509014195666,0.00024859501663931916,0.0013810260242421712,-0.0011666777180463495,-0.002521439828080958,-0.0014345319660248324,-0.0014154377112103312,0.00019318253898825688,-0.001923004352321602
robin_m2_n200_p12_tight,robin,2,200,0.25,12,tight,exact initial fields,tight (x0.01),_87ed40d2-20251219 OPENFOAM=2512 version=2512,15.484583333333333,2405.84,4-5,-0.006056215857245806,-0.0052958003042116175,0.02168724186054094,0.0021185918881867494,-0.0007034615507246393,0.0014314893516265137,-0.0011626203762237376,0.0014181112242426241,0.00014254653882836944,0.00044060955471336705,0.0013179670169241263,-0.020616825771401292,0.14393690620007277,-0.020601064950269175,0.1439073454956564,0.002732565783275113,0.004906618548875148,0.000493548265815269,0.0002880742506266021,0.0012732325880635553,-0.0010521177061382225,-0.0024863491240133687,-0.0013420597102771215,-0.0014358597652995896,0.00024642351031722853,-0.0018804694114787882
robin_m2_n200_p12_tight,robin,2,200,0.25,12,tight,exact initial fields,tight (x0.01),_87ed40d2-20251219 OPENFOAM=2512 version=2512,15.484583333333333,2405.84,5-6,-0.006034478130478083,-0.005257717358476355,0.021663147109139302,0.0021176663221826875,-0.0007076679685351899,0.0014264457923673923,-0.0011687246811999054,0.0014162859484567747,0.0001463118829769558,0.0004372585235730142,0.001311320853927326,-0.020617615100990253,0.14393761574537298,-0.02060151549921184,0.14390809040221783,0.0027325129892043294,0.004903865686916225,0.0004883694450366072,0.0002831432970444858,0.0013106231970949622,-0.0010843338855051066,-0.0024921272686646186,-0.0013577622979132897,-0.0014286013723004835,0.000224816981774012,-0.0018976540669557746
robin_m2_n200_p12_tight,robin,2,200,0.25,12,tight,exact initial fields,tight (x0.01),_87ed40d2-20251219 OPENFOAM=2512 version=2512,15.484583333333333,2405.84,6-7,-0.006042106792384705,-0.0052699311070005805,0.02168545720688031,0.0021171470482352905,-0.0007080667640578426,0.0014272311612284483,-0.001167616835861237,0.0014166685216290276,0.00014422714330933006,0.00043610820492379077,0.001309707958082996,-0.02061736195163649,0.14393713255730073,-0.020601357383066912,0.14390757043759475,0.0027325540971140125,0.004903207450179837,0.0004919843942456925,0.0002865011858335098,0.0013016348860690474,-0.0010755869944771845,-0.0024919230480665113,-0.001352986751595342,-0.0014321512964450868,0.00022968375550469489,-0.0018943242583086275
robin_m2_n200_p12_tight,robin,2,200,0.25,12,tight,exact initial fields,tight (x0.01),_87ed40d2-20251219 OPENFOAM=2512 version=2512,15.484583333333333,2405.84,7-8,-0.006039402430239038,-0.005266103479900308,0.021680045390740643,0.0021169571145258637,-0.0007080165257166991,0.0014268294997266118,-0.0011678142427822436,0.001416455866574573,0.00014468653176416,0.00043575395882200496,0.001309349468611409,-0.020617441285292734,0.14393715425407952,-0.020601413435271373,0.14390760625881585,0.0027325550582992485,0.004903104856919292,0.0004917353535902613,0.0002863504047856402,0.001304468645399126,-0.0010779716632101088,-0.002491650091205883,-0.0013542851926784394,-0.0014314275539894369,0.00022786555444764822,-0.0018947844785246143
robin_m2_n200_p12_tight,robin,2,200,0.25,12,tight,exact initial fields,tight (x0.01),_87ed40d2-20251219 OPENFOAM=2512 version=2512,15.484583333333333,2405.84,8-9,-0.006040690641828661,-0.005267688592404451,0.021683626446318716,0.0021168795565860155,-0.0007079783357274821,0.0014268958574565893,-0.0011677243349347158,0.0014164053461489523,0.0001445490201368199,0.0004356277476647019,0.0013092579561806905,-0.02061740843131631,0.14393712583092205,-0.020601386735038373,0.14390757153444075,0.00273256481004937,0.0049030824912774116,0.0004919767686175636,0.00028654793058913164,0.0013037963172775058,-0.0010774066743485244,-0.0024919044175662117,-0.0013541338447179418,-0.001431853949090341,0.00022826808605080906,-0.0018946371210064883
robin_m2_n200_p12_tight,robin,2,200,0.25,12,tight,exact initial fields,tight (x0.01),_87ed40d2-20251219 OPENFOAM=2512 version=2512,15.484583333333333,2405.84,9-10,-0.006040380527154943,-0.005267309415128429,0.021684225153421943,0.002116835636481129,-0.0007079743715086079,0.0014268430691517509,-0.0011677299170456974,0.0014163769628439127,0.00014457056529430538,0.0004355536254980752,0.0013092121580294618,-0.020617416290368114,0.1439371251110339,-0.02060139316265796,0.14390757244629068,0.002732571275722424,0.004903075280531316,0.0004919704291419524,0.0002865529334292738,0.0013040233021048842,-0.0010776026404134553,-0.002491869298979893,-0.0013542602779265112,-0.001431824519006559,0.00022809092634323846,-0.001894650134552297
robin_m2_n400_p12,robin,2,400,0.125,12,base,exact initial fields,tutorial,_87ed40d2-20251219 OPENFOAM=2512 version=2512,9.2275,2113.46,10-11,-0.004171226472705847,-0.0029442660327274606,0.019496580455241608,0.0021532244355979557,-0.0006439751249413975,0.0013710048489410376,-0.0011601241984925494,0.0014580175354568237,0.0003144737891051016,0.0007134113595534952,0.0013816629620737304,-0.020665565057297032,0.1439908501502939,-0.020640134351739368,0.14396853314939465,0.0028100015905822995,0.004917645380318933,6.833136973760645e-05,-8.666824188485744e-05,0.00222305597174155,-0.0018493384748073938,-0.0019288663946002184,-0.0016214276150414708,-0.0007469579274512352,-0.000553121363762954,-0.001875416589138369
robin_m2_n400_p12,robin,2,400,0.125,12,base,exact initial fields,tutorial,_87ed40d2-20251219 OPENFOAM=2512 version=2512,9.2275,2113.46,11-12,-0.004168318201149157,-0.002941439634080445,0.019498315733368132,0.002153184355696336,-0.0006440020249623089,0.001370978561048286,-0.0011601324670169582,0.0014579951055262441,0.0003144370367188145,0.0007133413423634494,0.001381619731771246,-0.02066562363890198,0.14399084259449463,-0.02064019463029052,0.14396852345421793,0.002810011680283299,0.004917631746698809,6.839871667541075e-05,-8.66157722675398e-05,0.00222304124883399,-0.001849356286972137,-0.0019289484478072201,-0.001621473929249273,-0.0007470384520849455,-0.0005531364783065706,-0.0018754622636404322
robin_m2_n400_p12,robin,2,400,0.125,12,base,exact initial fields,tutorial,_87ed40d2-20251219 OPENFOAM=2512 version=2512,9.2275,2113.46,2-3,-0.004379139714167923,-0.003436099848797891,0.017822338243631775,0.002109455085155254,-0.00037154914688057643,0.0014549071714771156,-0.000976657207876969,0.0014304788086461073,0.00035430382595260686,0.0006730549105256056,0.0015423732322970849,-0.020655371019614767,0.1439650510128621,-0.020635825019300537,0.14394567754569998,0.002810393793837261,0.005054881894277024,0.00022712158726334586,9.252039649920718e-05,0.0016158251577560456,-0.0013770957708068021,-0.0016901613611186995,-0.0014658950697639117,-0.0008160445799996715,-0.0002456479382854093,-0.001143090943840549
robin_m2_n400_p12,robin,2,400,0.125,12,base,exact initial fields,tutorial,_87ed40d2-20251219 OPENFOAM=2512 version=2512,9.2275,2113.46,3-4,-0.004252327908341513,-0.002945435125027207,0.019188778145523555,0.002150109613247242,-0.0005754038479789005,0.0013749623529724087,-0.001153246323701498,0.0014220387153562886,0.0003694242110357141,0.0007369675771680129,0.0014495540817458907,-0.02066554082600067,0.14399994467598556,-0.020638453395562827,0.14397702791243389,0.002809443212531863,0.004952902889599705,9.326515829854998e-06,-0.00014981922090495647,0.0023453627631269125,-0.001994813980209398,-0.0019940107689401065,-0.001778148586146333,-0.000735101969588986,-0.0006005392088819228,-0.0019125505991740097
robin_m2_n400_p12,robin,2,400,0.125,12,base,exact initial fields,tutorial,_87ed40d2-20251219 OPENFOAM=2512 version=2512,9.2275,2113.46,4-5,-0.004191694642703858,-0.0029864099500190866,0.019457732889243795,0.0021557278991342077,-0.0006316558667057366,0.0013792187886081386,-0.0011491330279643636,0.0014598649128776398,0.000313849510099047,0.0007238076110822611,0.001399839121396677,-0.020664691557617035,0.14399039002057754,-0.02063971011637891,0.1439681506526183,0.0028099883408048486,0.004925715911706679,7.098836651864282e-05,-8.347296032717999e-05,0.002172612196035484,-0.0018074076132467143,-0.0019148631745112823,-0.0016027644532224938,-0.0007514604410818386,-0.0005233513210743945,-0.001843757625176962
robin_m2_n400_p12,robin,2,400,0.125,12,base,exact initial fields,tutorial,_87ed40d2-20251219 OPENFOAM=2512 version=2512,9.2275,2113.46,5-6,-0.004163327029424679,-0.0029298861904939466,0.01946618959802926,0.002154652814535085,-0.0006424396100514761,0.0013707742678690238,-0.0011614936374482118,0.001457351508686644,0.0003178507661252872,0.000716793590897824,0.0013860932661465845,-0.020665863102386255,0.14399176585710977,-0.020640298080258728,0.14396946629264418,0.002809914560530411,0.004919474264411674,6.184939104780796e-05,-9.302712947634184e-05,0.0022338916453363833,-0.001860820793526563,-0.0019310112357382473,-0.0016287768279547032,-0.0007424374107470802,-0.0005577818368533993,-0.0018807797555393606
robin_m2_n400_p12,robin,2,400,0.125,12,base,exact initial fields,tutorial,_87ed40d2-20251219 OPENFOAM=2512 version=2512,9.2275,2113.46,6-7,-0.004168579418951102,-0.0029431563125488225,0.019496221607289366,0.002153788611915175,-0.0006439413274901011,0.001371678274608934,-0.0011598078582057592,0.0014585625387952827,0.0003140084319813053,0.0007144776784338003,0.0013827088049201718,-0.020665588058011802,0.14399088529445217,-0.020640189216136327,0.14396855908826595,0.002809987071446519,0.00491799373736238,6.815118703729084e-05,-8.691229283519508e-05,0.0022190325720681248,-0.001845859554123308,-0.0019283980864562861,-0.001619206417516561,-0.0007472431832143386,-0.0005505072713397619,-0.001874364402485553
robin_m2_n400_p12,robin,2,400,0.125,12,base,exact initial fields,tutorial,_87ed40d2-20251219 OPENFOAM=2512 version=2512,9.2275,2113.46,7-8,-0.0041696908574198055,-0.0029422678788029177,0.019490059092005074,0.002153459510329858,-0.000644007215951437,0.0013710007891043485,-0.0011602802905803702,0.0014581340574923995,0.00031471438335507485,0.0007137994139496673,0.0013819561947165666,-0.020665606472213487,0.14399091419636248,-0.020640166179807264,0.14396860400409528,0.002809975737156652,0.004917727412594843,6.783918227259988e-05,-8.711299576524834e-05,0.002223921696805631,-0.0018500839242066025,-0.0019286068312663607,-0.0016215859380906972,-0.000746287572315599,-0.0005535157417007053,-0.0018757508615020904
robin_m2_n400_p12,robin,2,400,0.125,12,base,exact initial fields,tutorial,_87ed40d2-20251219 OPENFOAM=2512 version=2512,9.2275,2113.46,8-9,-0.004168333078838127,-0.0029415616460581884,0.01949482846575834,0.0021533312084067724,-0.0006439803180331223,0.0013711070625299637,-0.0011601134859085913,0.0014580953976932598,0.0003144508795988714,0.0007135712765542479,0.0013817695107448335,-0.020665621110009785,0.14399084717192928,-0.020640194321926764,0.14396852749012212,0.0028099904259123285,0.004917662585101542,6.837068151854808e-05,-8.664755927523249e-05,0.002222674356047838,-0.001848988704759691,-0.001928832062781371,-0.0016211574661502137,-0.0007469312605981075,-0.0005528266386291003,-0.0018753490765652757
robin_m2_n400_p12,robin,2,400,0.125,12,base,exact initial fields,tutorial,_87ed40d2-20251219 OPENFOAM=2512 version=2512,9.2275,2113.46,9-10,-0.004166741815299302,-0.002939721414078722,0.019494863945012098,0.0021532673920339196,-0.0006439847381908973,0.0013710261246517863,-0.0011601275152625541,0.0014580579388063786,0.0003144848456838442,0.0007134623474855939,0.0013816833249206983,-0.020665659251742886,0.14399087199204827,-0.02064022730339316,0.14396855324076052,0.002810003959523436,0.004917641566293966,6.819180635164734e-05,-8.681991720349558e-05,0.0022230219025587417,-0.001849270222039845,-0.0019287667654110492,-0.0016213185337569103,-0.0007468783772492199,-0.0005530895061732766,-0.0018753615294224014
robin_m2_n400_p12_endsFixedGradient,robin,2,400,0.125,12,endsFixedGradient,exact initial fields,tutorial,_87ed40d2-20251219 OPENFOAM=2512 version=2512,9.464166666666667,1980.96,10-11,-0.0019340201145330305,-0.0003431568434288934,0.02439595724598309,0.002863424738811071,0.0005981661314561242,0.0020168466769980853,-0.00047161720894286195,0.0017121921666749529,0.0014621966740137793,0.0015890349463996145,0.00421472839510788,-0.02071947718010154,0.1440609293149312,-0.02068650400989023,0.14405787825933988,0.003831419319847175,0.005254730955491632,-0.0005519138823695258,-0.0005730811182458329,-0.001645638448757536,-0.0019322177282781183,0.0013926554709447665,-0.0012582374119816109,0.002805238736261245,-0.0006394998203099744,0.0008312206746106652
robin_m2_n400_p12_endsFixedGradient,robin,2,400,0.125,12,endsFixedGradient,exact initial fields,tutorial,_87ed40d2-20251219 OPENFOAM=2512 version=2512,9.464166666666667,1980.96,11-12,-0.0019391255394499707,-0.00034782915431175176,0.024397430656304175,0.0028633946769491825,0.0005981378646707422,0.0020168161347560165,-0.00047163116486046835,0.0017121759333904585,0.001462173701143808,0.0015889876740764475,0.004214678710437455,-0.02071938033903115,0.14406100175653463,-0.02068639819184298,0.1440579469639481,0.003831887078892324,0.005254723254213627,-0.0005523905425652842,-0.0005735836837399422,-0.001645589663114122,-0.0019322758176141264,0.0013925916589930152,-0.0012582880564701027,0.0028051833177464057,-0.0006395504301680566,0.000831146941194954
robin_m2_n400_p12_endsFixedGradient,robin,2,400,0.125,12,endsFixedGradient,exact initial fields,tutorial,_87ed40d2-20251219 OPENFOAM=2512 version=2512,9.464166666666667,1980.96,2-3,-0.0018005526129707405,-0.00047236441496589787,0.022272479369551235,0.002806581039730416,0.0008509072406064072,0.002071022410234935,-0.0002942049541236071,0.0016890658389583368,0.0015024971728229205,0.0014835372423198656,0.004396098411509141,-0.020716799147786468,0.14403441197675362,-0.02068927033602688,0.14403600439321687,0.003814673524448187,0.005386290768361321,-0.0004001338206777172,-0.0003890824388467218,-0.0022304920303277687,-0.001521192452336062,0.0017151828920508156,-0.0010940160929667764,0.0028085992315290556,-0.00040862677525888014,0.001590868711121068
robin_m2_n400_p12_endsFixedGradient,robin,2,400,0.125,12,endsFixedGradient,exact initial fields,tutorial,_87ed40d2-20251219 OPENFOAM=2512 version=2512,9.464166666666667,1980.96,3-4,-0.002119173257710938,-0.00045218040036065776,0.024284251713722727,0.002856284696090894,0.0006631461292255815,0.0020218852591245007,-0.0004655037061801869,0.001672204505362096,0.0015087407978858333,0.0015960597171749136,0.004286807903446986,-0.020717217493574705,0.14406995907952694,-0.020682666416668955,0.1440658281156847,0.0038350699707362075,0.00528806523341848,-0.0006070655363922262,-0.0006357214484424834,-0.0015638386009915184,-0.002063958156386936,0.001298955144833507,-0.0014172670256153985,0.0027954743568171167,-0.0006683204979552881,0.0007788924775859214
robin_m2_n400_p12_endsFixedGradient,robin,2,400,0.125,12,endsFixedGradient,exact initial fields,tutorial,_87ed40d2-20251219 OPENFOAM=2512 version=2512,9.464166666666667,1980.96,4-5,-0.0019250685461440487,-0.0003555611402414893,0.024308433460529466,0.0028647905837027032,0.000610094760250006,0.002023049537540178,-0.0004601565256186587,0.0017144949742622373,0.0014619431221901053,0.0015954792727015388,0.004234011436395408,-0.020719220081331594,0.14406020674976958,-0.02068668954537496,0.1440574018005299,0.0038301790980755507,0.005262635832168277,-0.0005486082844633478,-0.0005680682761192157,-0.0016943628738788075,-0.0018928045894816004,0.0014160172032965665,-0.0012377213704556356,0.0028064311989823695,-0.0006152576216210681,0.0008686565956571543
robin_m2_n400_p12_endsFixedGradient,robin,2,400,0.125,12,endsFixedGradient,exact initial fields,tutorial,_87ed40d2-20251219 OPENFOAM=2512 version=2512,9.464166666666667,1980.96,5-6,-0.0019430628958173601,-0.00034510358967543286,0.024380868002078504,0.0028645456031159977,0.0005997051146255691,0.0020167653066414104,-0.00047308429777363574,0.0017109794312051285,0.001465206606947532,0.001591494028197804,0.004219442500474028,-0.020719436830690934,0.14406196316333628,-0.020686316583873245,0.1440588808935856,0.003832794671006221,0.005256515504779132,-0.0005588699330603131,-0.0005802534203817045,-0.0016368832711451953,-0.001943388774477195,0.0013875242882586028,-0.0012665754679613839,0.0028078674983190856,-0.0006428961693115687,0.0008241941755897046
robin_m2_n400_p12_endsFixedGradient,robin,2,400,0.125,12,endsFixedGradient,exact initial fields,tutorial,_87ed40d2-20251219 OPENFOAM=2512 version=2512,9.464166666666667,1980.96,6-7,-0.001940791145491061,-0.00035131231264118323,0.024390876157775354,0.00286391073308101,0.0005982249958890314,0.002017385186660281,-0.00047121374458897376,0.0017127973046611178,0.0014617759543827894,0.0015899278537581107,0.004215881643929458,-0.020719308145037765,0.14406096819896982,-0.020686363669510047,0.14405791383643674,0.0038318110517223014,0.00525509396359988,-0.0005521607099155945,-0.0005733508773305696,-0.001649510360162032,-0.0019288171940514687,0.0013940411245000621,-0.001255806998395781,0.002805449037818755,-0.000637287901678496,0.0008329048686721319
robin_m2_n400_p12_endsFixedGradient,robin,2,400,0.125,12,endsFixedGradient,exact initial fields,tutorial,_87ed40d2-20251219 OPENFOAM=2512 version=2512,9.464166666666667,1980.96,7-8,-0.0019333037149538157,-0.00034192772355368106,0.024390669410399912,0.0028636324093991306,0.0005981312067525852,0.0020168485924492163,-0.00047179811276879555,0.0017122531215467696,0.0014624168045852665,0.0015893796240331604,0.004215046274642494,-0.020719502655564825,0.14406100160452887,-0.020686518858410333,0.14405795307721572,0.00383158446284721,0.005254811453354152,-0.0005524329552927254,-0.0005735826291964896,-0.0016448386250625946,-0.001933009519501483,0.0013926192473652712,-0.0012585326655271123,0.0028057534917425523,-0.0006398123970494662,0.0008307008371601982
robin_m2_n400_p12_endsFixedGradient,robin,2,400,0.125,12,endsFixedGradient,exact initial fields,tutorial,_87ed40d2-20251219 OPENFOAM=2512 version=2512,9.464166666666667,1980.96,8-9,-0.001938929831681424,-0.0003477573679728785,0.024393504763085883,0.002863526214276879,0.0005981473686421407,0.002016927969398674,-0.00047160796376233754,0.001712282691244793,0.0014621757678120301,0.001589209626789545,0.0042148334311840445,-0.020719381826917137,0.14406100308298286,-0.02068640224819759,0.14405794905516747,0.003831965369934647,0.005254751021473916,-0.0005524050510613554,-0.0005735928860041151,-0.0016459495109754085,-0.0019318887102306448,0.0013927884124937107,-0.0012579354908399676,0.0028053252799086405,-0.0006392602431287697,0.0008313273225581359
robin_m2_n400_p12_endsFixedGradient,robin,2,400,0.125,12,endsFixedGradient,exact initial fields,tutorial,_87ed40d2-20251219 OPENFOAM=2512 version=2512,9.464166666666667,1980.96,9-10,-0.0019415630291507169,-0.00035037831016415666,0.024394235507231965,0.0028634685984672004,0.0005981643433468808,0.0020168598774286117,-0.00047163264685178474,0.0017122201243418012,0.0014622300695207432,0.00158911643829307,0.004214765586926113,-0.02071932750372384,0.1440609845465584,-0.020686347670994174,0.14405792228138806,0.0038318470994330245,0.005254738045896255,-0.0005522192994621422,-0.000573464289131409,-0.00164555765859975,-0.0019322603610394395,0.001392723315603038,-0.0012582047825746567,0.0028053412734084853,-0.0006395210302296839,0.0008312082058967198
robin_m2_n400_p12_exactOldBoundary,robin,2,400,0.125,12,exactOldBoundary,"exact initial fields, exact old-time boundary values",tutorial,_87ed40d2-20251219 OPENFOAM=2512 version=2512,9.226041666666667,2047.14,10-11,-0.004171205678620615,-0.002944235753395197,0.01949651936519259,0.0021532201665834805,-0.0006439745602304767,0.0013709994057764519,-0.0011601260033717931,0.0014580141147986225,0.0003144755886368395,0.0007134121544469796,0.0013816625399976788,-0.020665565684884327,0.14399085044956797,-0.02064013478272984,0.14396853357176453,0.002810001470737951,0.004917646079002829,6.832843577186942e-05,-8.667032012898979e-05,0.002223076519795253,-0.0018493574459550466,-0.0019288627422605128,-0.0016214401617798968,-0.000746952012702689,-0.0005531357219132893,-0.001875416787262727
robin_m2_n400_p12_exactOldBoundary,robin,2,400,0.125,12,exactOldBoundary,"exact initial fields, exact old-time boundary values",tutorial,_87ed40d2-20251219 OPENFOAM=2512 version=2512,9.226041666666667,2047.14,11-12,-0.0041683336282020145,-0.002941455452717401,0.01949835020342716,0.002153181180485131,-0.0006440045169687062,0.0013709761538098775,-0.0011601339217453804,0.001457993292467874,0.0003144330695796001,0.0007133431606525242,0.0013816186909542606,-0.020665623311035584,0.1439908425826937,-0.020640194310540323,0.1439685233607463,0.0028100116356724607,0.004917631673469646,6.839936597025087e-05,-8.661569031853666e-05,0.002223036997263117,-0.001849354497893474,-0.0019289527135098053,-0.001621475029159547,-0.0007470424564612221,-0.0005531344591930276,-0.0018754633941014825
robin_m2_n400_p12_exactOldBoundary,robin,2,400,0.125,12,exactOldBoundary,"exact initial fields, exact old-time boundary values",tutorial,_87ed40d2-20251219 OPENFOAM=2512 version=2512,9.226041666666667,2047.14,2-3,-0.004379193733723308,-0.003175234246634684,0.019928616956619294,0.0021524388936482453,-0.0006511080727771418,0.0013806057537981697,-0.0011598552548586875,0.0014542412021156803,0.00029600764182668944,0.0007000864548245556,0.0013926307872728773,-0.020660777873904912,0.14399125064254642,-0.02063582389965938,0.14396781060167016,0.002810243841633186,0.0049161903179681535,7.335052710444323e-05,-8.944936602117703e-05,0.0021232429773736516,-0.001793401905818226,-0.0019875049839322995,-0.0016044991360755212,-0.0007938039765726995,-0.0004931601980331379,-0.0018995224495621781
robin_m2_n400_p12_exactOldBoundary,robin,2,400,0.125,12,exactOldBoundary,"exact initial fields, exact old-time boundary values",tutorial,_87ed40d2-20251219 OPENFOAM=2512 version=2512,9.226041666666667,2047.14,3-4,-0.00409456000459818,-0.002862543249770866,0.019372459131512754,0.002153248902500904,-0.0006462059709051475,0.0013668000269069225,-0.0011611757933572362,0.0014604764363264078,0.00031676163630764984,0.0007101735016306066,0.0013838000037629165,-0.020667258891884525,0.1439909295790621,-0.02064172338616384,0.14396897686066862,0.002809868207487759,0.004917402855656162,6.524916686956317e-05,-8.721981749093555e-05,0.002236839557798076,-0.0018618259433909046,-0.0019087606234982125,-0.001619752948357922,-0.0007305003102769486,-0.0005686879036637116,-0.0018691600873379183
robin_m2_n400_p12_exactOldBoundary,robin,2,400,0.125,12,exactOldBoundary,"exact initial fields, exact old-time boundary values",tutorial,_87ed40d2-20251219 OPENFOAM=2512 version=2512,9.226041666666667,2047.14,4-5,-0.004190951866915649,-0.0029648439021955353,0.01952779435740193,0.002153337307739367,-0.0006444165942601608,0.0013718828004491979,-0.0011604265533520335,0.0014575772152365385,0.0003133349202499385,0.0007128410337657876,0.001382261092328544,-0.02066513854824067,0.14399095399142298,-0.020639725511587874,0.1439685284964844,0.002809982012879778,0.004917544530306966,6.836369088603078e-05,-8.738934363805573e-05,0.002217080462829868,-0.0018462936921562756,-0.0019348778505770276,-0.0016213576990673495,-0.0007508921852017851,-0.0005487048499055458,-0.0018787637747549393
robin_m2_n400_p12_exactOldBoundary,robin,2,400,0.125,12,exactOldBoundary,"exact initial fields, exact old-time boundary values",tutorial,_87ed40d2-20251219 OPENFOAM=2512 version=2512,9.226041666666667,2047.14,5-6,-0.004161350604068748,-0.0029343800062630043,0.0194791695246177,0.00215338084282779,-0.0006440112565717905,0.0013708419414306672,-0.0011600569437378873,0.0014583696316794459,0.00031471334135096295,0.0007134754767372797,0.001381924314937771,-0.02066576996091084,0.14399081429060392,-0.020640339044816058,0.14396853139872356,0.002809961229200387,0.004917660065156683,6.834353066387244e-05,-8.641922195784524e-05,0.0022236692356354393,-0.0018496099727991488,-0.00192659141688108,-0.0016206524677813139,-0.0007453694818147329,-0.0005540193598551069,-0.0018741917191379893
robin_m2_n400_p12_exactOldBoundary,robin,2,400,0.125,12,exactOldBoundary,"exact initial fields, exact old-time boundary values",tutorial,_87ed40d2-20251219 OPENFOAM=2512 version=2512,9.226041666666667,2047.14,6-7,-0.004168439948890046,-0.0029414263469330626,0.019493987538594215,0.0021533625912650844,-0.0006439371340020679,0.0013711778650977724,-0.0011601403756365393,0.0014580409126674354,0.0003144806987937915,0.0007135797272943556,0.0013818159634571884,-0.02066562391429923,0.14399088686325773,-0.020640192106875052,0.14396855859160798,0.0028099839427374955,0.004917658077451025,6.81546370391306e-05,-8.69231870608278e-05,0.0022225747637985016,-0.0018490068359882095,-0.0019292371676889971,-0.0016212978993387361,-0.0007471037751949027,-0.0005526469716519156,-0.0018756046247164668
robin_m2_n400_p12_exactOldBoundary,robin,2,400,0.125,12,exactOldBoundary,"exact initial fields, exact old-time boundary values",tutorial,_87ed40d2-20251219 OPENFOAM=2512 version=2512,9.226041666666667,2047.14,7-8,-0.004170373827537044,-0.002943421128320356,0.01949117799594724,0.00215333436529086,-0.0006439146756506705,0.0013710707247100995,-0.0011600912971289955,0.001458105345662819,0.00031455854510297355,0.000713584421065061,0.0013817908529903228,-0.020665582569283972,0.1439908485625277,-0.0206401520241659,0.1439685359396744,0.002809979044965044,0.004917673960766053,6.831198723578069e-05,-8.665721598566378e-05,0.002223017982367681,-0.0018492184135469047,-0.0019284937665210544,-0.001621203322996534,-0.0007466657485839449,-0.0005530849719588282,-0.0018751609385549814
robin_m2_n400_p12_exactOldBoundary,robin,2,400,0.125,12,exactOldBoundary,"exact initial fields, exact old-time boundary values",tutorial,_87ed40d2-20251219 OPENFOAM=2512 version=2512,9.226041666666667,2047.14,8-9,-0.0041682102312641245,-0.0029413207741560976,0.019494175320550422,0.0021532979204426095,-0.0006439396438449374,0.0013710723588087337,-0.0011601174565616453,0.0014580521365703536,0.00031450806232469474,0.0007135275174134925,0.0013817465113620691,-0.020665626102462857,0.1439908481734675,-0.02064019686813802,0.14396852933883633,0.0028099898065585705,0.004917660822191142,6.835783954106667e-05,-8.665451424116899e-05,0.002222942430648134,-0.0018492270014829337,-0.001928832259667417,-0.001621331448151242,-0.000746888708620619,-0.00055299462676206,-0.0018753714028794165
robin_m2_n400_p12_exactOldBoundary,robin,2,400,0.125,12,exactOldBoundary,"exact initial fields, exact old-time boundary values",tutorial,_87ed40d2-20251219 OPENFOAM=2512 version=2512,9.226041666666667,2047.14,9-10,-0.004166854951493049,-0.0029398650004510696,0.01949501407026677,0.0021532575256941744,-0.000643973690419393,0.0013710325825466718,-0.0011601147762150996,0.0014580509617541093,0.0003144737199841905,0.0007134559494499371,0.0013816814146343087,-0.020665656275687068,0.14399086873581488,-0.020640224958465698,0.14396854950873073,0.002810004165177163,0.004917642755009493,6.821773065457393e-05,-8.679730500094074e-05,0.0022229492755969638,-0.0018492097098096183,-0.0019287789541083485,-0.0016213032777472325,-0.0007469147015840798,-0.0005530479012830769,-0.0018753276938526684
robin_m2_n400_p12_fluxConsistent,robin,2,400,0.125,12,fluxConsistent,exact initial fields,tutorial,_87ed40d2-20251219 OPENFOAM=2512 version=2512,10.3875,2327.81,10-11,-0.0016922945669266554,-3.0253910718092136e-05,0.01690262380225427,0.0023087973930253636,-0.0006689167347095343,0.001374199836879697,-0.001218149445565592,0.0016186409972072102,0.00043776405627077606,0.001037007902971121,0.001400267431860534,-0.020725962590788488,0.1440712235044716,-0.020691514156123674,0.14405727821834807,0.002956412924964796,0.004953902527621385,-0.000547750886731424,-0.0006444922570180145,0.0029001167065607625,-0.002582529589775673,-0.0012798497250304688,-0.001800622360081272,0.000112688695498712,-0.001368532468696504,-0.0019191112993926138
robin_m2_n400_p12_fluxConsistent,robin,2,400,0.125,12,fluxConsistent,exact initial fields,tutorial,_87ed40d2-20251219 OPENFOAM=2512 version=2512,10.3875,2327.81,11-12,-0.0016898418967101758,-2.7974427356025622e-05,0.016903670915810576,0.0023087686037543964,-0.0006689158531057362,0.0013741770330779612,-0.001218142490505729,0.001618625207411073,0.00043775721370345363,0.0010369297191525906,0.0014002296923955012,-0.02072600983670475,0.14407118917432374,-0.0206915649916128,0.1440572505696132,0.002956416837094302,0.004953897288678617,-0.00054755906306303,-0.0006442541245882394,0.0029001594693967014,-0.002582568818051967,-0.001279851723718296,-0.0018006685767321118,0.00011265369602359974,-0.001368588338324983,-0.0019191052374787948
robin_m2_n400_p12_fluxConsistent,robin,2,400,0.125,12,fluxConsistent,exact initial fields,tutorial,_87ed40d2-20251219 OPENFOAM=2512 version=2512,10.3875,2327.81,2-3,-0.001910192539751665,-0.0005180385996130799,0.015224799071463124,0.002260868799734528,-0.0003955805762033535,0.001453954980761063,-0.00103724931489721,0.0015841695522282873,0.00048320482291645036,0.0009841011817997014,0.0015555037616854425,-0.020715852477703633,0.14404571429096177,-0.020686997874255104,0.14403459702597404,0.0029569448040360404,0.005090840004950336,-0.00039036669433001325,-0.0004675152942203997,0.0023199912544782375,-0.002143363823014721,-0.0010560385979431685,-0.0016702289947597704,4.378092830393474e-05,-0.00108011402065733,-0.0012001718973228509
robin_m2_n400_p12_fluxConsistent,robin,2,400,0.125,12,fluxConsistent,exact initial fields,tutorial,_87ed40d2-20251219 OPENFOAM=2512 version=2512,10.3875,2327.81,3-4,-0.0017865823324146879,-4.9871987082728e-05,0.016601766113951255,0.0023040586332394586,-0.0005990427440055909,0.0013786748055149012,-0.0012091172645385102,0.0015824464988112297,0.0004909335046651479,0.0010573936905746706,0.0014676461016976537,-0.020725555974969934,0.14407946556668572,-0.020689559892299276,0.14406491400265914,0.0029558592662065554,0.004988469256579375,-0.0006007242415296821,-0.0007016603637738372,0.0030120390380599105,-0.0027190206682713436,-0.001343018538148574,-0.00195425242145586,0.00012080735458304553,-0.0014114562150486787,-0.0019490166693443888
robin_m2_n400_p12_fluxConsistent,robin,2,400,0.125,12,fluxConsistent,exact initial fields,tutorial,_87ed40d2-20251219 OPENFOAM=2512 version=2512,10.3875,2327.81,4-5,-0.001712334978493435,-7.08145270192917e-05,0.01685614695176274,0.0023107629723384537,-0.0006558796444489299,0.001382012480235728,-0.00120705464709761,0.0016198257084996115,0.00043782855761642094,0.001046777248549402,0.0014186382675734632,-0.020725121907538415,0.14407076445458397,-0.020691098786736688,0.14405690390165682,0.0029563956354845974,0.004962171235251768,-0.0005451539153346063,-0.0006413080299108032,0.002851996460149442,-0.0025431429740201406,-0.0012659347830127274,-0.001784036386066834,0.00010856068704330123,-0.0013404498300245704,-0.0018872469674847327
robin_m2_n400_p12_fluxConsistent,robin,2,400,0.125,12,fluxConsistent,exact initial fields,tutorial,_87ed40d2-20251219 OPENFOAM=2512 version=2512,10.3875,2327.81,5-6,-0.0016863384361760492,-1.816015705791152e-05,0.01687311417320525,0.002310045857435661,-0.000667181412431083,0.00137401357232525,-0.001219338131350543,0.00161782807689681,0.000441062215058591,0.0010402719615472122,0.001404807222829884,-0.020726213253057946,0.1440720837641068,-0.02069163760640165,0.14405815830808466,0.0029563173860763185,0.004955803011230947,-0.0005538568072637196,-0.0006504594449843193,0.0029102157812108675,-0.0025934576057239367,-0.0012821558907714556,-0.001807983638768329,0.00011681386066647804,-0.0013727623321666549,-0.0019240436784889294
robin_m2_n400_p12_fluxConsistent,robin,2,400,0.125,12,fluxConsistent,exact initial fields,tutorial,_87ed40d2-20251219 OPENFOAM=2512 version=2512,10.3875,2327.81,6-7,-0.001695482100830814,-3.555704408964022e-05,0.016901543647366513,0.0023092870758329997,-0.0006688527629425607,0.001374798744429917,-0.0012178444407677748,0.0016191235950544502,0.00043734355237049107,0.0010380941164223056,0.0014013824439294764,-0.02072585267491923,0.1440711214680347,-0.020691448089416444,0.1440571785567836,0.0029563778844824817,0.004954285147439326,-0.000547059446181497,-0.0006437844769009438,0.0028963885770327824,-0.002579356111181874,-0.0012793585279426425,-0.0017986420504985112,0.0001124934533842403,-0.0013661053836320214,-0.0019180661837430034
robin_m2_n400_p12_fluxConsistent,robin,2,400,0.125,12,fluxConsistent,exact initial fields,tutorial,_87ed40d2-20251219 OPENFOAM=2512 version=2512,10.3875,2327.81,7-8,-0.0016909954999945187,-2.8485386697307824e-05,0.01689656839785414,0.0023089852233744157,-0.0006689812236525993,0.001374166487770223,-0.0012183199243545968,0.0016187320797647065,0.00043796451908711617,0.0010374027812400932,0.0014005697271586783,-0.020725999246260157,0.14407128941603908,-0.020691541081350906,0.14405734971863104,0.002956385118259422,0.004953988895657906,-0.0005482469469377804,-0.0006449494548973478,0.0029009491750684457,-0.002583270430317808,-0.0012796661159325266,-0.0018008134747915516,0.00011330991557878619,-0.0013688948542769364,-0.0019194689086946641
robin_m2_n400_p12_fluxConsistent,robin,2,400,0.125,12,fluxConsistent,exact initial fields,tutorial,_87ed40d2-20251219 OPENFOAM=2512 version=2512,10.3875,2327.81,8-9,-0.0016898717944674457,-2.808994314507096e-05,0.016900360956622285,0.0023088701991367255,-0.0006689418862582126,0.0013742628440656102,-0.0012181453045810582,0.0016187109887240148,0.0004377349751802022,0.0010371647845894838,0.001400374802953015,-0.020726007442456392,0.14407119533664503,-0.020691564371934253,0.14405725597572244,0.002956393611059401,0.004953925434644533,-0.0005475965700185714,-0.0006442968697821794,0.0028998243055764483,-0.0025822377757396264,-0.0012797539400433724,-0.001800377063247982,0.00011275860054717889,-0.001368300247691967,-0.0019190093019213527
robin_m2_n400_p12_fluxConsistent,robin,2,400,0.125,12,fluxConsistent,exact initial fields,tutorial,_87ed40d2-20251219 OPENFOAM=2512 version=2512,10.3875,2327.81,9-10,-0.0016939038323315891,-3.2472176024089805e-05,0.016901041925224902,0.0023088284634320555,-0.0006689224211628975,0.001374204998702666,-0.0012181673220024254,0.001618660797749305,0.00043779121485935794,0.001037084764229368,0.0014003121036460751,-0.020725916613713754,0.14407110370307505,-0.020691480801539985,0.14405716659629536,0.002956397238169292,0.004953908835620092,-0.000546976465616078,-0.0006436612493947447,0.0029002013105168256,-0.002582583682431583,-0.0012797968351014647,-0.0018006118506274094,0.00011278533794977774,-0.0013685523218909257,-0.0019191240455872867
robin_m2_n400_p12_fluxConsistent2,robin,2,400,0.125,12,fluxConsistent2,exact initial fields,tutorial,_87ed40d2-20251219 OPENFOAM=2512 version=2512,9.452708333333334,2523.9,10-11,-0.0016973620027862513,-3.465093345211834e-05,0.016946959538061357,0.0023105835268075747,-0.0006703710116042297,0.0013747838147930569,-0.0012196108727944722,0.00162031708342103,0.00043752613213151286,0.0010412934633337034,0.0013984266247680534,-0.020725871455502594,0.14407135414988811,-0.02069140912546003,0.14405739941159432,0.002956710847600087,0.004954164882065659,-0.0005485917103408289,-0.000645398483084425,0.002905985664235722,-0.0025806891837396595,-0.0012805205307453828,-0.0017972974638342798,0.00011239640167106146,-0.0013662477700973064,-0.0019212767773908264
robin_m2_n400_p12_fluxConsistent2,robin,2,400,0.125,12,fluxConsistent2,exact initial fields,tutorial,_87ed40d2-20251219 OPENFOAM=2512 version=2512,9.452708333333334,2523.9,11-12,-0.0016930449070711173,-3.0360412539010007e-05,0.016948412187116624,0.0023105525674846916,-0.0006703876757421014,0.0013747571835229788,-0.0012196184614611286,0.0016202980069093265,0.0004375080763119533,0.0010412388935723271,0.0013983840015051095,-0.02072596038336895,0.1440713517491784,-0.0206914986041314,0.14405740089033445,0.0029567279073755308,0.004954157723757819,-0.0005486019696464561,-0.0006453818305003356,0.002906010611444465,-0.002580742127682112,-0.00128057787998838,-0.0017973539121761695,0.00011234038437609611,-0.0013662941560893538,-0.0019213282775012008
robin_m2_n400_p12_fluxConsistent2,robin,2,400,0.125,12,fluxConsistent2,exact initial fields,tutorial,_87ed40d2-20251219 OPENFOAM=2512 version=2512,9.452708333333334,2523.9,2-3,-0.0019142250980209718,-0.0005213556195752256,0.015269009098935582,0.002262902897224084,-0.00039703985339992036,0.0014546467886056291,-0.001038813491522688,0.001586141966143595,0.0004828226942682842,0.0009887788795155394,0.001554442954116872,-0.020715783727192013,0.1440459377708322,-0.020686914293074614,0.14403481145244396,0.0029572439999377515,0.0050913168036381285,-0.00039185482600323507,-0.00046906601750773547,0.0023250182379750406,-0.0021410773054890697,-0.001056517266111766,-0.0016662997839097526,4.374673614836432e-05,-0.0010773126527331423,-0.001202571446853264
robin_m2_n400_p12_fluxConsistent2,robin,2,400,0.125,12,fluxConsistent2,exact initial fields,tutorial,_87ed40d2-20251219 OPENFOAM=2512 version=2512,9.452708333333334,2523.9,3-4,-0.0017872626329695773,-4.946177692910503e-05,0.016645345281751656,0.002305957156613525,-0.000600450307317562,0.0013793150962679857,-0.0012105722701718073,0.0015841571455326164,0.000490778311341606,0.0010617504090431051,0.0014659455291630063,-0.020725564477227457,0.14407970588851696,-0.020689545791988836,0.14406513390367495,0.0029561856574855643,0.0049888207132033876,-0.0006022497245524727,-0.000703327171777457,0.003017923240286269,-0.0027172577159703115,-0.0013436251471450375,-0.001950854923939871,0.00012068999256197527,-0.0014091941806809727,-0.0019512594428149057
robin_m2_n400_p12_fluxConsistent2,robin,2,400,0.125,12,fluxConsistent2,exact initial fields,tutorial,_87ed40d2-20251219 OPENFOAM=2512 version=2512,9.452708333333334,2523.9,4-5,-0.0017173692213330316,-7.520845360198258e-05,0.01690026577162196,0.0023126156771997586,-0.0006572906452596729,0.0013826520375077589,-0.0012084904950237705,0.0016215308560167951,0.0004376248534104926,0.0010510599215227678,0.001416834040797474,-0.020725030836425178,0.14407089764438943,-0.020690994444051147,0.14405702817764154,0.002956693508328545,0.004962437919075467,-0.0005460161310608669,-0.0006422319110828134,0.0028578116613853233,-0.002541242701062707,-0.0012665623553746366,-0.001780656480302345,0.00010829640828191883,-0.0013381260882963097,-0.001889409488865905
robin_m2_n400_p12_fluxConsistent2,robin,2,400,0.125,12,fluxConsistent2,exact initial fields,tutorial,_87ed40d2-20251219 OPENFOAM=2512 version=2512,9.452708333333334,2523.9,5-6,-0.0016895032798392995,-2.0530172203492292e-05,0.016917469351201975,0.0023118848349825694,-0.0006685937017721885,0.0013746429777130587,-0.0012207854525128456,0.0016195168523724934,0.00044086098515257,0.0010445666017926403,0.0014029830297813833,-0.020726164130726556,0.1440722450939363,-0.020691572009985733,0.14405830802230815,0.002956628315850772,0.004956069145226368,-0.0005548954929549543,-0.0006515785008502917,0.002916069442653102,-0.002591611012160988,-0.0012828378874928526,-0.0018046441685825032,0.0001165310828030546,-0.0013704627822050952,-0.0019262454145350025
robin_m2_n400_p12_fluxConsistent2,robin,2,400,0.125,12,fluxConsistent2,exact initial fields,tutorial,_87ed40d2-20251219 OPENFOAM=2512 version=2512,9.452708333333334,2523.9,6-7,-0.0016966420660879944,-3.565898154889169e-05,0.016945499739864367,0.002311111108868058,-0.0006702693681450034,0.0013754146620905683,-0.0012192815388229544,0.00162081802574221,0.0004371350765667882,0.0010423759562321333,0.0013995484772081652,-0.020725850562103344,0.14407134186195472,-0.02069142404729255,0.14405737763448576,0.00295670445409568,0.004954553972000357,-0.0005484406235851669,-0.0006453132475155998,0.0029022233276143616,-0.0025774805862263106,-0.001279959183628367,-0.0017952697622629632,0.00011223613188980739,-0.0013638219544517272,-0.0019201904392757577
robin_m2_n400_p12_fluxConsistent2,robin,2,400,0.125,12,fluxConsistent2,exact initial fields,tutorial,_87ed40d2-20251219 OPENFOAM=2512 version=2512,9.452708333333334,2523.9,7-8,-0.0016960291409515715,-3.285891269411145e-05,0.01694070457677066,0.002310797244187812,-0.0006704022078688832,0.001374775908434156,-0.0012197645082122341,0.0016204145516820478,0.00043775112064758963,0.0010416797049006554,0.0013987382248288832,-0.020725908597981492,0.14407141948001567,-0.020691436751140338,0.1440574706317808,0.0029566829461003512,0.004954254392704185,-0.000549085826441531,-0.0006458516469654008,0.002906816481335728,-0.0025814160858917967,-0.0012803147428196158,-0.001797477665971936,0.00011302904775304362,-0.001366605572373225,-0.0019216182299179544
robin_m2_n400_p12_fluxConsistent2,robin,2,400,0.125,12,fluxConsistent2,exact initial fields,tutorial,_87ed40d2-20251219 OPENFOAM=2512 version=2512,9.452708333333334,2523.9,8-9,-0.0016930448736390824,-3.0456517520538462e-05,0.01694490602307197,0.002310679916581737,-0.0006703798632582187,0.0013748686665679966,-0.001219604145202424,0.0016203898668882832,0.00043751047471137183,0.0010414653214523284,0.0013985386650574132,-0.020725958391440435,0.14407135731280798,-0.020691498604824332,0.14405740598286454,0.0029567045894748943,0.004954189042954006,-0.0005486373009526702,-0.0006454204227578364,0.0029056730929855057,-0.00258039664899401,-0.0012804586613640704,-0.001797051977582842,0.0001124559783771087,-0.0013660008387602618,-0.0019212159068491932
robin_m2_n400_p12_fluxConsistent2,robin,2,400,0.125,12,fluxConsistent2,exact initial fields,tutorial,_87ed40d2-20251219 OPENFOAM=2512 version=2512,9.452708333333334,2523.9,9-10,-0.0016950511447644256,-3.254374189232134e-05,0.01694517500038395,0.002310625954480283,-0.000670370455994866,0.0013747951362359512,-0.0012196205843453252,0.0016203480070173804,0.0004375597239202258,0.0010413747882001,0.0013984687497850285,-0.02072591513039737,0.14407132576031842,-0.02069145702166599,0.14405736708747924,0.0029567239113705507,0.004954174673033771,-0.0005483674498050206,-0.0006452015580755699,0.002906042099248607,-0.0025807251525957753,-0.0012804178510212197,-0.0017972531878048814,0.00011251766462930138,-0.00136627612492346,-0.0019212620617515713
robin_m2_n50_p12,robin,2,50,1.0,12,base,exact initial fields,tutorial,_87ed40d2-20251219 OPENFOAM=2512 version=2512,10.315,446.67,10-11,-0.01989925823502592,-0.02382450875019071,0.04486238903671258,0.002772013785134586,-0.002322146601552433,0.002514801427265567,-0.0019607092930930513,0.0020000316564732223,-0.002163196343335748,-0.0020606074234092997,0.00012367552474416661,-0.020232788834675105,0.14364714009455617,-0.020314145891381013,0.1435512500187014,0.009184714815984136,0.007049231734650783,0.002975388216450936,0.0023058629756891325,-0.010295837555865384,0.007157305535157477,-0.007869835365454252,0.0021487072103025806,-0.007051022553431324,0.007950900602879285,-0.003006844112679084
robin_m2_n50_p12,robin,2,50,1.0,12,base,exact initial fields,tutorial,_87ed40d2-20251219 OPENFOAM=2512 version=2512,10.315,446.67,11-12,-0.019899337176246812,-0.023824879622498574,0.04486389949199432,0.00277197825707054,-0.002322148394110991,0.0025148193317885426,-0.0019606578542367284,0.002000038866812659,-0.0021632824624824277,-0.0020606524106114854,0.00012362547333007957,-0.020232781147756968,0.14364711093815766,-0.020314144255198723,0.14355122121213013,0.009184952943031344,0.0070493072359329514,0.0029755894845542308,0.002306066416113417,-0.010296279387929985,0.007157704727438263,-0.007869818837784587,0.0021489031094730215,-0.007051202094742419,0.007951122653864218,-0.0030066515254985925
robin_m2_n50_p12,robin,2,50,1.0,12,base,exact initial fields,tutorial,_87ed40d2-20251219 OPENFOAM=2512 version=2512,10.315,446.67,2-3,-0.018893662615838136,-0.023309507003999697,0.04296311661473906,0.0027168870837186443,-0.0022392966958066605,0.0025488401676430072,-0.0017581459750665384,0.0020779494114435693,-0.002266409752739492,-0.0021842890086991584,0.0001811840338569764,-0.020243463064538048,0.14359272392378944,-0.020334988459134944,0.1435041966887716,0.009278321019734614,0.007205913859817161,0.003304251991463669,0.002685698704894657,-0.011152757143883973,0.007999631908814475,-0.007183131305776301,0.002753481938864377,-0.00700381234127724,0.008240772188709,-0.0021418890732737518
robin_m2_n50_p12,robin,2,50,1.0,12,base,exact initial fields,tutorial,_87ed40d2-20251219 OPENFOAM=2512 version=2512,10.315,446.67,3-4,-0.020120060891669178,-0.023899013556221815,0.044976296630519386,0.002769053855938175,-0.0023053721561628704,0.0024977096195895054,-0.0019949286452518927,0.0019600604133123145,-0.0021138101693713228,-0.0020699816563476414,0.00015395438304419698,-0.020231244604133457,0.14366158437753757,-0.02030956940532288,0.1435644519528795,0.009117678922049571,0.007077107500835282,0.002883156366035644,0.0022050873258767645,-0.010079751180725682,0.006893833643041081,-0.008018439836418902,0.0019396365453427933,-0.007044586658182185,0.007845701788292248,-0.0031875864311549503
robin_m2_n50_p12,robin,2,50,1.0,12,base,exact initial fields,tutorial,_87ed40d2-20251219 OPENFOAM=2512 version=2512,10.315,446.67,4-5,-0.01988898754620405,-0.023854660704082264,0.04489208026538516,0.002773144208900735,-0.002323587631774318,0.0025218703900600214,-0.001950408082784144,0.002008594795848806,-0.002177471380501275,-0.0020605391976502574,0.00013000267657292132,-0.020232163887499613,0.14364436620832985,-0.02031435876773366,0.14354860547215997,0.009217770590712972,0.007057440047999094,0.0029938656867498636,0.0023252182939745847,-0.010378594280580855,0.007235158813081677,-0.007841787478203778,0.0022023460817688356,-0.007059043260276731,0.007992747648319032,-0.00296244807003898
robin_m2_n50_p12,robin,2,50,1.0,12,base,exact initial fields,tutorial,_87ed40d2-20251219 OPENFOAM=2512 version=2512,10.315,446.67,5-6,-0.019883051239896976,-0.023797019876739323,0.044825630767986624,0.002772246904181319,-0.0023234333372504565,0.002511919669270668,-0.001964065517519213,0.001999095462978051,-0.0021596022489993967,-0.0020611294487272724,0.00012431808894510784,-0.020233358585275106,0.14364804052132996,-0.02031448180711853,0.14355221003620416,0.009170553397632484,0.007051040407110075,0.0029686807340145727,0.002299580237468346,-0.01027394875992449,0.007135178148273358,-0.00787172308148547,0.0021371440699697875,-0.007043944067662006,0.007937334563273613,-0.0030177618141456427
robin_m2_n50_p12,robin,2,50,1.0,12,base,exact initial fields,tutorial,_87ed40d2-20251219 OPENFOAM=2512 version=2512,10.315,446.67,6-7,-0.019905854369946407,-0.02383358405041547,0.0448725219586803,0.0027719619645636406,-0.002322284429375257,0.0025154852669480032,-0.001960097054588576,0.0020003046476644304,-0.002164393539261602,-0.002060962570960112,0.00012383720355265153,-0.020232600734651385,0.14364696334827878,-0.020314009175999233,0.14355104531027604,0.009188708984812933,0.007049821249192436,0.002976818491737143,0.002307096234130279,-0.010301838628835158,0.007162833742817121,-0.00786988907216998,0.002151797906633668,-0.007052809863044745,0.007954561131034543,-0.003004933479164222
robin_m2_n50_p12,robin,2,50,1.0,12,base,exact initial fields,tutorial,_87ed40d2-20251219 OPENFOAM=2512 version=2512,10.315,446.67,7-8,-0.019894750770867775,-0.02381910021910638,0.04484947915418913,0.002771999541336445,-0.0023220426094971713,0.0025145000152992925,-0.001960753241035249,0.0020000765382883756,-0.002162747569536476,-0.0020607075083081128,0.0001239087864985421,-0.020232900935079505,0.14364717671702934,-0.020314239315740987,0.1435513124855907,0.00918240150310511,0.007049243997763084,0.002974951767968248,0.002305607440422852,-0.010293686173523664,0.007155568773828946,-0.00786842112371219,0.0021481402771095226,-0.007049591252491605,0.007949351342409594,-0.0030064721096481092
robin_m2_n50_p12,robin,2,50,1.0,12,base,exact initial fields,tutorial,_87ed40d2-20251219 OPENFOAM=2512 version=2512,10.315,446.67,8-9,-0.019899323830829263,-0.023824406084197003,0.04485967178832628,0.002772003505594922,-0.002322064155881337,0.002514810072970164,-0.001960640081217817,0.0020000405885007844,-0.0021631597905093503,-0.002060662981926309,0.00012388297613850078,-0.020232790962591028,0.14364715359769986,-0.020314144531803715,0.1435512661325296,0.009184427491348884,0.007049255185560325,0.0029752756310761352,0.0023057687567662466,-0.01029564822006035,0.007157264293510046,-0.007869459748161797,0.002148716121399774,-0.007050744149690079,0.007950833682839553,-0.0030065437310815126
robin_m2_n50_p12,robin,2,50,1.0,12,base,exact initial fields,tutorial,_87ed40d2-20251219 OPENFOAM=2512 version=2512,10.315,446.67,9-10,-0.019897576170084808,-0.02382256495060009,0.044858101544103635,0.0027720181586625703,-0.002322121471822827,0.0025147141663073302,-0.001960692580421196,0.002000086947682611,-0.002163083922984596,-0.0020606241025378225,0.00012378703192326136,-0.020232829123011584,0.14364715432733385,-0.020314180754850815,0.1435512739781857,0.009183933591306138,0.007049215080375394,0.0029752208144322445,0.0023057636657057845,-0.010295209317099707,0.007156889946936751,-0.007869174096867111,0.002148675784679366,-0.007050472630474953,0.00795043033395526,-0.0030065572630267896
robin_m2_n50_p12_endsFixedGradient,robin,2,50,1.0,12,endsFixedGradient,exact initial fields,tutorial,_87ed40d2-20251219 OPENFOAM=2512 version=2512,10.233333333333333,406.21,10-11,-0.013176033104468576,-0.01607182640499738,0.04087334410465027,0.003415829749831678,-0.0018516434155282846,0.0027952957789718624,-0.001785412152242246,0.0024743181824500304,-0.0014126537151572269,-0.0009834204082785902,0.0013651959831550175,-0.020393475500339885,0.1438426079237656,-0.020453495419794587,0.14377319686638212,0.006338151155566121,0.00579041787359751,0.0014270660634501109,0.0009438287768683828,-0.010640716148837326,0.005599316924205677,-0.004956552861161732,0.0020038936681063824,-0.0036344695037491114,0.006148398330107385,-0.0018295945024943267
robin_m2_n50_p12_endsFixedGradient,robin,2,50,1.0,12,endsFixedGradient,exact initial fields,tutorial,_87ed40d2-20251219 OPENFOAM=2512 version=2512,10.233333333333333,406.21,11-12,-0.013176472340048373,-0.01607214375904986,0.040876228760959865,0.003415795879955663,-0.0018517304705973354,0.0027952512555855513,-0.0017854922571641293,0.00247426767624237,-0.0014126909697330934,-0.0009834595041994243,0.001365116062867409,-0.020393468922672665,0.14384262111434137,-0.020453486315938962,0.14377320631675086,0.006338202663831189,0.005790463612267345,0.0014270002385632363,0.0009437369888760649,-0.010640532696204685,0.005599060314559257,-0.00495687936232732,0.00200368853620847,-0.0036345716012064102,0.006148313667431404,-0.0018299582597168613
robin_m2_n50_p12_endsFixedGradient,robin,2,50,1.0,12,endsFixedGradient,exact initial fields,tutorial,_87ed40d2-20251219 OPENFOAM=2512 version=2512,10.233333333333333,406.21,2-3,-0.012030585450499842,-0.01537089795382196,0.038727355682963704,0.0033482205170967116,-0.0017746130826458656,0.002805148763770582,-0.001593775587705626,0.002542876838302899,-0.0015023755594055072,-0.0011517474246885984,0.001435760852527663,-0.020408003356722236,0.14379020628834413,-0.020477236643285303,0.1437288760576718,0.006449153166559246,0.006032234793957703,0.001735870102344217,0.0013086039235690183,-0.01142513042820481,0.006335116428425769,-0.004255460898838227,0.0025561046987323532,-0.0035478874435885713,0.006358506119799934,-0.0009902516878415326
robin_m2_n50_p12_endsFixedGradient,robin,2,50,1.0,12,endsFixedGradient,exact initial fields,tutorial,_87ed40d2-20251219 OPENFOAM=2512 version=2512,10.233333333333333,406.21,3-4,-0.01347585948319907,-0.01623602526150758,0.041123911112085576,0.0034096017053040217,-0.0018333433769311962,0.00278172529760079,-0.001816372173424665,0.0024310542821319725,-0.0013700373359700326,-0.0010030036109196505,0.0014002559937457426,-0.020390072218019806,0.1438563721852321,-0.02044728104147604,0.1437853391835029,0.00628149150296041,0.005843987237998986,0.001342498018623628,0.0008480578884242362,-0.010467710693448207,0.005362189117691818,-0.0051220411059964355,0.0018015131785442673,-0.0036474016857992344,0.006066981727379073,-0.0020080284832893524
robin_m2_n50_p12_endsFixedGradient,robin,2,50,1.0,12,endsFixedGradient,exact initial fields,tutorial,_87ed40d2-20251219 OPENFOAM=2512 version=2512,10.233333333333333,406.21,4-5,-0.013139686668478978,-0.016074518154208683,0.04085489990858271,0.0034165565617791938,-0.0018527992757369927,0.002800793196553464,-0.0017749745600256453,0.0024831708933339414,-0.0014255313024821206,-0.000984913427374834,0.001373057957962674,-0.02039341970955854,0.14383983319297955,-0.020454248757458625,0.1437706851480894,0.006367709577313502,0.005801236307128487,0.0014445613037215033,0.0009631374036596085,-0.01071913483397291,0.005671979463310217,-0.004921599888393167,0.0020566914841226858,-0.003636934267501089,0.006184311971314971,-0.0017820839460441344
robin_m2_n50_p12_endsFixedGradient,robin,2,50,1.0,12,endsFixedGradient,exact initial fields,tutorial,_87ed40d2-20251219 OPENFOAM=2512 version=2512,10.233333333333333,406.21,5-6,-0.013170404426892435,-0.016055483804051973,0.0408546221748749,0.0034160414492132585,-0.0018530812431512985,0.002792859060690489,-0.0017888894490408823,0.0024730548494811266,-0.0014096597557985656,-0.0009841479883923032,0.0013660522519321104,-0.020393814226723515,0.14384354202367466,-0.020453612083084986,0.14377413363299038,0.006326754671401096,0.005792955659979929,0.001420541221933691,0.0009373287871832225,-0.010622016160406922,0.005578955869192992,-0.004961801284779859,0.001992324672470902,-0.0036297520499471146,0.006137304382808351,-0.0018422401797891894
robin_m2_n50_p12_endsFixedGradient,robin,2,50,1.0,12,endsFixedGradient,exact initial fields,tutorial,_87ed40d2-20251219 OPENFOAM=2512 version=2512,10.233333333333333,406.21,6-7,-0.013179466604510637,-0.016078258073248808,0.04087820701794165,0.0034157663318807874,-0.0018518275611004982,0.002795910268705404,-0.0017846768216479526,0.002474778492912,-0.001413917773122443,-0.000983844922000876,0.001365391419165358,-0.020393342193791266,0.1438423689075929,-0.020453424255048147,0.14377294611448743,0.006341959147979095,0.005791194458982786,0.0014288126349781827,0.0009454919986637833,-0.010647176376050393,0.0056054262891935824,-0.004955496731651443,0.0020076807280040576,-0.003635837550450554,0.006152011274490166,-0.0018267334657432561
robin_m2_n50_p12_endsFixedGradient,robin,2,50,1.0,12,endsFixedGradient,exact initial fields,tutorial,_87ed40d2-20251219 OPENFOAM=2512 version=2512,10.233333333333333,406.21,7-8,-0.013174839348517486,-0.01606976494139778,0.04086626018789796,0.0034158539178998915,-0.0018516920304362382,0.0027950969820058624,-0.0017856422940090112,0.002474243503776785,-0.0014123373947928332,-0.0009834096902653355,0.0013652740763884896,-0.020393518227449996,0.14384266345333455,-0.020453520162284328,0.14377325763948234,0.006336974580218378,0.0057904585930840325,0.001426642759224661,0.0009434423687053606,-0.010639049408103007,0.005597670699074797,-0.0049565998229584825,0.0020030339677905573,-0.003633833339589115,0.006147431092277333,-0.0018302871916538535
robin_m2_n50_p12_endsFixedGradient,robin,2,50,1.0,12,endsFixedGradient,exact initial fields,tutorial,_87ed40d2-20251219 OPENFOAM=2512 version=2512,10.233333333333333,406.21,8-9,-0.01317680818629563,-0.016072935809457678,0.04087206444500269,0.0034158555112937528,-0.0018516116868251917,0.002795412225240268,-0.0017853150811676564,0.0024743644510423213,-0.0014127612728837872,-0.0009833513183745701,0.0013652676732594758,-0.02039345250616888,0.14384258248116108,-0.02045347935499161,0.14377316876843765,0.006338657973769082,0.00579039008618946,0.0014272617748078975,0.0009440058219238878,-0.010641485270197149,0.005600059775060506,-0.004956473194416601,0.0020043184942268866,-0.003634601592723506,0.006148924972297243,-0.0018292508514389945
robin_m2_n50_p12_endsFixedGradient,robin,2,50,1.0,12,endsFixedGradient,exact initial fields,tutorial,_87ed40d2-20251219 OPENFOAM=2512 version=2512,10.233333333333333,406.21,9-10,-0.013175061125172527,-0.016071157900523714,0.04086966877687037,0.003415838575995256,-0.0018516025353888192,0.0027953236649840285,-0.0017852895357277014,0.0024744240660004024,-0.001412694335354179,-0.0009834095281621158,0.0013652242596413437,-0.02039348935615779,0.14384257240140944,-0.020453515565610605,0.1437731683664608,0.0063381226930123435,0.005790427268655452,0.0014272645747084312,0.0009440759629593121,-0.010641113172521144,0.005599869697381132,-0.004955920633083471,0.002004372072668792,-0.0036342990300330244,0.006148549014302285,-0.001828928620935368
robin_m2_n50_p12_exactOldBoundary,robin,2,50,1.0,12,exactOldBoundary,"exact initial fields, exact old-time boundary values",tutorial,_87ed40d2-20251219 OPENFOAM=2512 version=2512,10.28,423.09,10-11,-0.019897505251633585,-0.023822299901455568,0.04485794215748529,0.00277191859582282,-0.002322024643135261,0.0025146465362617665,-0.001960630287594062,0.00200003364662682,-0.0021630214930276354,-0.0020610805219526407,0.00012393015498313599,-0.02023283461657644,0.1436471528498518,-0.020314182224748453,0.14355127494399839,0.009183557366723763,0.007049659478304424,0.002975214066416987,0.002305773974916603,-0.010294467446911093,0.007156538583638294,-0.007868875469499582,0.0021484011443093642,-0.007050317503016162,0.007950046799488408,-0.0030062881547477764
robin_m2_n50_p12_exactOldBoundary,robin,2,50,1.0,12,exactOldBoundary,"exact initial fields, exact old-time boundary values",tutorial,_87ed40d2-20251219 OPENFOAM=2512 version=2512,10.28,423.09,11-12,-0.019897293643181824,-0.02382209111265421,0.04485899472407562,0.002771890398888255,-0.0023220420178671716,0.002514615820019106,-0.0019606329102581158,0.002000027161465967,-0.002163036617636007,-0.0020611336977626182,0.00012388534968464348,-0.02023283894405625,0.1436471504655036,-0.02031418661067,0.14355127339145896,0.009183504381524535,0.0070497221765359625,0.0029752249138204068,0.0023057906118353344,-0.010294405633055947,0.007156490089455847,-0.007868848716730756,0.0021483760193539148,-0.007050323846271235,0.007949967976661032,-0.0030062794521420037
robin_m2_n50_p12_exactOldBoundary,robin,2,50,1.0,12,exactOldBoundary,"exact initial fields, exact old-time boundary values",tutorial,_87ed40d2-20251219 OPENFOAM=2512 version=2512,10.28,423.09,2-3,-0.01890334833687679,-0.0232946356396333,0.043138790918162195,0.002711643996290203,-0.0022692311060414543,0.0025352070710042973,-0.0017801035229038135,0.0020773030678202797,-0.00227538615159448,-0.0022066842826943267,0.0001467647380949681,-0.020243771297204824,0.14359247699162558,-0.0203347877071695,0.14350359387288827,0.009266080294940837,0.007218216507004819,0.003308466573987756,0.00268742299682434,-0.011097089939700044,0.007949688414092382,-0.007218101616397628,0.0027400775442889547,-0.0070077714785502605,0.008205479298439622,-0.002196977708083479
robin_m2_n50_p12_exactOldBoundary,robin,2,50,1.0,12,exactOldBoundary,"exact initial fields, exact old-time boundary values",tutorial,_87ed40d2-20251219 OPENFOAM=2512 version=2512,10.28,423.09,3-4,-0.020123821853990087,-0.023911054747979055,0.04496524903117649,0.0027650535407373056,-0.002302116026048096,0.0024981234687313503,-0.0019904641638424864,0.0019584562090482205,-0.0021157096375072357,-0.002077879250561021,0.00014888063100961289,-0.020230995031292994,0.14365983755022155,-0.02030949145340016,0.14356271815864152,0.009123111167159768,0.007078960366044386,0.002895268097132364,0.0022172736073917676,-0.010092358624201436,0.006907991591679652,-0.008012834298098796,0.001945596545019912,-0.0070506197225138085,0.007850101314251345,-0.0031711862543726925
robin_m2_n50_p12_exactOldBoundary,robin,2,50,1.0,12,exactOldBoundary,"exact initial fields, exact old-time boundary values",tutorial,_87ed40d2-20251219 OPENFOAM=2512 version=2512,10.28,423.09,4-5,-0.019890736040998003,-0.023854200550416982,0.04487715870128617,0.002772598849805963,-0.0023212518548134907,0.0025217823545196083,-0.001949834871530236,0.002007305203284737,-0.0021756529178448493,-0.002061134673773335,0.00013092886630100732,-0.02023217342491581,0.14364445653439484,-0.020314322527399557,0.14354869837753992,0.009215338381857683,0.007057008120163759,0.0029932165444919168,0.0023245880149163067,-0.010374398212848357,0.007230833475800891,-0.007842511831317428,0.002197672505435122,-0.0070587425936350125,0.007990548019845445,-0.0029618970637372154
robin_m2_n50_p12_exactOldBoundary,robin,2,50,1.0,12,exactOldBoundary,"exact initial fields, exact old-time boundary values",tutorial,_87ed40d2-20251219 OPENFOAM=2512 version=2512,10.28,423.09,5-6,-0.019883542175610724,-0.023797858474265632,0.044824002218959436,0.0027723061279383288,-0.0023230474631521047,0.0025121238362815212,-0.001963786499228889,0.0019991166798873916,-0.0021595401746874123,-0.0020611224430392427,0.0001249114698748166,-0.020233341204008295,0.14364804179804685,-0.020314471631695447,0.1435522121917033,0.009170869809008239,0.007051151620588642,0.0029686656740020023,0.0022995713292173203,-0.010274557876800317,0.007135964037246589,-0.007871289207741201,0.002137390822083418,-0.007043943634020341,0.007937873587762878,-0.0030168732157463385
robin_m2_n50_p12_exactOldBoundary,robin,2,50,1.0,12,exactOldBoundary,"exact initial fields, exact old-time boundary values",tutorial,_87ed40d2-20251219 OPENFOAM=2512 version=2512,10.28,423.09,6-7,-0.019904692499765564,-0.02383211144024222,0.044869503197660476,0.002771973297864605,-0.0023222623033456557,0.002515397822233867,-0.001960124180958362,0.002000331243194653,-0.0021642501682968343,-0.0020611947256558016,0.00012403376129441267,-0.020232631256838163,0.14364698311323537,-0.0203140332576057,0.14355107123577718,0.009188044197756236,0.007050106768371107,0.0029766373528823387,0.002306958322732422,-0.010300839571331655,0.007162212203580598,-0.007869477806784009,0.0021515498874828953,-0.0070523835966210405,0.007954008689441627,-0.0030048561588945535
robin_m2_n50_p12_exactOldBoundary,robin,2,50,1.0,12,exactOldBoundary,"exact initial fields, exact old-time boundary values",tutorial,_87ed40d2-20251219 OPENFOAM=2512 version=2512,10.28,423.09,7-8,-0.019894327681740265,-0.02381854200635314,0.04484760427001033,0.002771965256854303,-0.0023219853775326067,0.002514458304815559,-0.0019607164001619473,0.0020000752517004283,-0.002162675701365067,-0.0020610348282651403,0.0001240407383311906,-0.02023291250492618,0.1436471739245885,-0.020314248084935718,0.1435513126374649,0.009182069712870344,0.007049562535892131,0.002974950706842172,0.0023056269248236116,-0.01029307757179554,0.007155310419677097,-0.007868105450910785,0.002148014850879898,-0.007049394896978242,0.00794903905148625,-0.0030062483130363885
robin_m2_n50_p12_exactOldBoundary,robin,2,50,1.0,12,exactOldBoundary,"exact initial fields, exact old-time boundary values",tutorial,_87ed40d2-20251219 OPENFOAM=2512 version=2512,10.28,423.09,8-9,-0.01989868974003195,-0.023823602279569256,0.04485719191655946,0.002771964673857541,-0.0023219767267486126,0.002514757885661467,-0.0019605943231405056,0.0020000316491601833,-0.002163053581634466,-0.002060996935792647,0.00012402474235426137,-0.020232807622719708,0.1436471508738252,-0.020314157674343473,0.14355126762832648,0.00918398861365063,0.007049564928818248,0.0029752651801251417,0.0023057877627492562,-0.010294941519905065,0.007156921648687753,-0.007869083896056044,0.0021485401769132384,-0.0070504956184366365,0.007950448025071166,-0.003006281187353801
robin_m2_n50_p12_exactOldBoundary,robin,2,50,1.0,12,exactOldBoundary,"exact initial fields, exact old-time boundary values",tutorial,_87ed40d2-20251219 OPENFOAM=2512 version=2512,10.28,423.09,9-10,-0.01989702766002366,-0.0238218106847079,0.044855661993929985,0.002771946039979545,-0.002322004321890433,0.0025146484625853116,-0.0019606182036661793,0.002000063196266222,-0.0021629796519598773,-0.002061028961920175,0.00012397763554126002,-0.02023284475637122,0.14364715132009903,-0.020314192123593772,0.14355127623645308,0.009183395367890368,0.007049593770180216,0.002975205036193973,0.0023057846488494516,-0.010294417990822535,0.0071565215442339625,-0.007868689306759725,0.0021484605147379376,-0.007050172066545123,0.007950002645798149,-0.0030061785340191527
robin_m2_n50_p12_fluxConsistent,robin,2,50,1.0,12,fluxConsistent,exact initial fields,tutorial,_87ed40d2-20251219 OPENFOAM=2512 version=2512,10.613333333333333,452.29,10-11,-0.013080436622236569,-0.01594828071299803,0.03772975450208582,0.0031652598285552003,-0.002397522210498999,0.0025098773254694784,-0.0021051872935125286,0.002424953224243742,-0.0018555840376641008,-0.0012401293447763528,0.00014819914842386712,-0.020396036181201126,0.143849289379667,-0.020455476808853904,0.14377499683683984,0.0069084416682135864,0.006185735261946776,0.00141452884088622,0.000897337326819514,-0.00861695967265863,0.005292099375323378,-0.006106923685713264,0.0017484680223172067,-0.004793228586694483,0.0058060251350464664,-0.0030172062193528216
robin_m2_n50_p12_fluxConsistent,robin,2,50,1.0,12,fluxConsistent,exact initial fields,tutorial,_87ed40d2-20251219 OPENFOAM=2512 version=2512,10.613333333333333,452.29,11-12,-0.013080220771876538,-0.01594806390028758,0.03773084607009847,0.003165230653007889,-0.0023975429573642954,0.0025098450763494373,-0.0021051927729210684,0.0024249459449678934,-0.0018556008293687787,-0.0012401799210219888,0.0001481501112939671,-0.020396040674989208,0.1438492873778525,-0.020455481282695743,0.14377499563177668,0.006908390563124123,0.006185794987386511,0.0014145372343328244,0.0008973512553613894,-0.008616906687316295,0.005292046477262113,-0.00610690404595917,0.0017484415080695204,-0.0047932373224222925,0.005805945386309075,-0.003017205792409166
robin_m2_n50_p12_fluxConsistent,robin,2,50,1.0,12,fluxConsistent,exact initial fields,tutorial,_87ed40d2-20251219 OPENFOAM=2512 version=2512,10.613333333333333,452.29,2-3,-0.012082372003527353,-0.01539598967709832,0.03578108994753504,0.0031028555534502456,-0.0023106012917053667,0.0025319472402454135,-0.0019123098055184055,0.0024887400884296973,-0.001942887603601647,-0.001383628328188835,0.0002105002687929119,-0.020407483290870245,0.14379788928248002,-0.020476163284651253,0.14373089021737862,0.006938541210183308,0.006365009168010107,0.001721832368191345,0.0012551048898172823,-0.009401726164636748,0.006040369455403205,-0.005449914556311947,0.0022862588257219763,-0.004735829073746238,0.006042976623482854,-0.0021960595210272927
robin_m2_n50_p12_fluxConsistent,robin,2,50,1.0,12,fluxConsistent,exact initial fields,tutorial,_87ed40d2-20251219 OPENFOAM=2512 version=2512,10.613333333333333,452.29,3-4,-0.013335091139705324,-0.016068641681933893,0.037896412928879686,0.0031609106028851475,-0.002378294715038893,0.002496146543413902,-0.002135169690777961,0.0023844947483335766,-0.0018107308168193888,-0.0012529706156546583,0.00018140984162336608,-0.020393541508787975,0.14386279477586672,-0.02045019868916751,0.14378712039163866,0.00686933558749421,0.006218966627059015,0.001330093573779667,0.0008033761666954575,-0.00843272703138942,0.005054936475301863,-0.006257612433384081,0.0015510064731414364,-0.004797356994090895,0.005719535845633228,-0.0031864216414635507
robin_m2_n50_p12_fluxConsistent,robin,2,50,1.0,12,fluxConsistent,exact initial fields,tutorial,_87ed40d2-20251219 OPENFOAM=2512 version=2512,10.613333333333333,452.29,4-5,-0.013056091560151972,-0.015962066871990088,0.037731615867707013,0.003166439034383517,-0.0023986830446931216,0.002515960451696664,-0.00209529245823645,0.002433472401453196,-0.001868372872311721,-0.0012401505979601213,0.0001555209232275276,-0.020395750441140833,0.14384670401892116,-0.020455981398965765,0.14377260828328325,0.00693344434304169,0.006194883770802573,0.0014311657529031407,0.0009153264820400686,-0.008694307375308408,0.005363895835472032,-0.00607629730374279,0.0017994486058554582,-0.004797651558873553,0.0058431161808865095,-0.0029731540621890694
robin_m2_n50_p12_fluxConsistent,robin,2,50,1.0,12,fluxConsistent,exact initial fields,tutorial,_87ed40d2-20251219 OPENFOAM=2512 version=2512,10.613333333333333,452.29,5-6,-0.013071757256002847,-0.01592896170157565,0.03770690024173784,0.0031655909225931644,-0.002398942175352015,0.002507418835837605,-0.00210861508772301,0.002423881865929678,-0.001852462559409168,-0.001240537582984369,0.00014894933150839588,-0.020396436598423346,0.14385020074392002,-0.020455656702516263,0.1437759276217363,0.006897714548906334,0.006187827395102097,0.0014080458257252904,0.0008909961326504234,-0.008597569298357088,0.005271702837563952,-0.006111182472070671,0.001737247621475202,-0.004787929238244255,0.0057945419777603036,-0.0030292835571857414
robin_m2_n50_p12_fluxConsistent,robin,2,50,1.0,12,fluxConsistent,exact initial fields,tutorial,_87ed40d2-20251219 OPENFOAM=2512 version=2512,10.613333333333333,452.29,6-7,-0.01308585166471632,-0.015956471580625853,0.037738253746502304,0.003165269766506329,-0.0023977479820941577,0.0025105602670070226,-0.00210459767240898,0.0024253166759671263,-0.0018568011258494643,-0.0012403814139461122,0.00014826748262857043,-0.020395866412448917,0.1438490862767716,-0.020455364573490484,0.1437747690480965,0.006912394645415308,0.006186301756530065,0.0014161154263392373,0.0008987505102640014,-0.008623307933360858,0.005297870075361644,-0.006106854482722597,0.0017518659190818298,-0.004795001065828841,0.0058097515034223335,-0.0030152413866105796
robin_m2_n50_p12_fluxConsistent,robin,2,50,1.0,12,fluxConsistent,exact initial fields,tutorial,_87ed40d2-20251219 OPENFOAM=2512 version=2512,10.613333333333333,452.29,7-8,-0.01307791206810005,-0.015945091136932432,0.03772014084268083,0.00316529807462973,-0.0023974495708982183,0.0025097013943242708,-0.0021052862536357635,0.0024249451463629335,-0.0018552133310328145,-0.0012401143605390574,0.0001483291180324564,-0.0203961022902354,0.1438493184430369,-0.020455529134251544,0.14377503947090037,0.006907051379080194,0.006185665253247692,0.0014142318883150207,0.0008971351051487719,-0.008615462666038631,0.005290753516047575,-0.006106377242682627,0.001747909108954282,-0.0047924041721317655,0.005805030762829011,-0.0030173240807292376
robin_m2_n50_p12_fluxConsistent,robin,2,50,1.0,12,fluxConsistent,exact initial fields,tutorial,_87ed40d2-20251219 OPENFOAM=2512 version=2512,10.613333333333333,452.29,8-9,-0.013081497829874333,-0.01594948362010784,0.037728699989364456,0.0031653073748603155,-0.0023974607198814263,0.0025099911530925834,-0.0021051362804878656,0.0024249583130615537,-0.0018556107109133516,-0.0012400518473592026,0.00014830789366581063,-0.020396011249039073,0.14384928469247518,-0.02045545481363866,0.14377498752536694,0.0069088429035242165,0.006185647496053158,0.0014145936967029371,0.0008973699401053636,-0.008617434160738235,0.005292512609393674,-0.006107067000823087,0.0017486331066169924,-0.004793382306165805,0.00580642425135669,-0.003017134708321451
robin_m2_n50_p12_fluxConsistent,robin,2,50,1.0,12,fluxConsistent,exact initial fields,tutorial,_87ed40d2-20251219 OPENFOAM=2512 version=2512,10.613333333333333,452.29,9-10,-0.01308001550769855,-0.015947831052503636,0.03772750642021805,0.0031652885804105413,-0.002397497445917453,0.002509879739185372,-0.0021051783523902486,0.002424977750427937,-0.0018555348239123835,-0.0012400800781645627,0.00014825220191807338,-0.020396045501129677,0.14384928953064013,-0.02045548553712213,0.143774999542684,0.006908273253734566,0.006185672794641256,0.0014145099942739492,0.0008973362763549098,-0.008616871621121347,0.005292052488039767,-0.006106760164852646,0.0017484992291150192,-0.004793086153199506,0.0058059716186178445,-0.0030171203659679633
robin_m2_n50_p12_fluxConsistent2,robin,2,50,1.0,12,fluxConsistent2,exact initial fields,tutorial,_87ed40d2-20251219 OPENFOAM=2512 version=2512,10.261666666666667,748.65,10-11,-0.013083316411315327,-0.015953960276572254,0.037865924588930566,0.0031702202586503248,-0.0024015770446146,0.0025125905526592884,-0.0021090063994280905,0.0024292695025571742,-0.0018574302238692874,-0.0012284315095205667,0.00014211529404603291,-0.020395918463217526,0.1438492923968617,-0.020455417120647388,0.14377496446641586,0.00692001702431626,0.006175961809567504,0.001414754305820054,0.0008973163333054757,-0.00860897019062501,0.005303771258236223,-0.006114175582195777,0.001759561576659907,-0.0047999532356264515,0.005818067242836733,-0.0030242616281536275
robin_m2_n50_p12_fluxConsistent2,robin,2,50,1.0,12,fluxConsistent2,exact initial fields,tutorial,_87ed40d2-20251219 OPENFOAM=2512 version=2512,10.261666666666667,748.65,11-12,-0.013083231357092218,-0.01595385182384257,0.037867196574751905,0.003170195961309741,-0.002401591508952763,0.0025125627180666577,-0.002109017925968315,0.002429254930695901,-0.0018574381039899162,-0.0012284801751419883,0.00014207025060382271,-0.02039592071107275,0.1438492930268739,-0.02045541888353137,0.14377496522671007,0.006919984000876462,0.006176021788441098,0.0014147490102538463,0.0008973119497071025,-0.008608889783422002,0.005303684393913599,-0.006114206647343813,0.0017594965285550046,-0.004799978736710882,0.0058179873062982335,-0.003024306498906281
robin_m2_n50_p12_fluxConsistent2,robin,2,50,1.0,12,fluxConsistent2,exact initial fields,tutorial,_87ed40d2-20251219 OPENFOAM=2512 version=2512,10.261666666666667,748.65,2-3,-0.012085641911484757,-0.015401858982835748,0.03591907296893959,0.003107704195844052,-0.0023145616079288285,0.002534637324809408,-0.0019160682903684742,0.0024929445222383606,-0.0019447256857082391,-0.0013723832710809125,0.00020477261887084423,-0.02040736164017869,0.1437979038693682,-0.020476095510610824,0.14373086789605105,0.00695038547727628,0.006355737625165807,0.0017219879350607314,0.0012550033222988866,-0.009393588158980837,0.006051794302468494,-0.005457126217873276,0.00229703351633459,-0.004742470659433036,0.006054865361386996,-0.0022029959802267176
robin_m2_n50_p12_fluxConsistent2,robin,2,50,1.0,12,fluxConsistent2,exact initial fields,tutorial,_87ed40d2-20251219 OPENFOAM=2512 version=2512,10.261666666666667,748.65,3-4,-0.013338182259894693,-0.016074261626011332,0.038033399170158466,0.0031658080083381,-0.0023824032356742995,0.002498784257231712,-0.0021390413304682317,0.0023887636594610573,-0.0018125735876806338,-0.001241517407881143,0.0001754049380527291,-0.02039342502651322,0.1438628147155259,-0.020450134620787784,0.14378710363616726,0.0068805992094375015,0.006209425722112375,0.0013302102584984432,0.0008032374534479025,-0.008424190500844864,0.005066162027721921,-0.00626487114729552,0.0015618385513276323,-0.004803936154887907,0.005731267759671255,-0.0031936311137302363
robin_m2_n50_p12_fluxConsistent2,robin,2,50,1.0,12,fluxConsistent2,exact initial fields,tutorial,_87ed40d2-20251219 OPENFOAM=2512 version=2512,10.261666666666667,748.65,4-5,-0.013058652069920629,-0.015967297368228994,0.037866538196978716,0.0031713243365112387,-0.002402777857250759,0.0025185882075371424,-0.0020991260911884914,0.002437769718542704,-0.0018702261920038109,-0.0012286407492094753,0.00014943785030276362,-0.020395642030791618,0.14384670724205154,-0.020455928328330493,0.1437725776816486,0.006944818217791852,0.006185294353635256,0.0014313789050295345,0.0009153040548279812,-0.008685923230252857,0.005375321501244645,-0.006083392126010989,0.0018104243915422202,-0.004804229900920356,0.005854911419912234,-0.00298014687871123
robin_m2_n50_p12_fluxConsistent2,robin,2,50,1.0,12,fluxConsistent2,exact initial fields,tutorial,_87ed40d2-20251219 OPENFOAM=2512 version=2512,10.261666666666667,748.65,5-6,-0.013074387511842978,-0.015933982008076608,0.037842355803529015,0.0031704684070779088,-0.002402920661909432,0.0025100323791729107,-0.002112461884210086,0.0024281028647834546,-0.0018541823341637603,-0.001229084828551108,0.00014304048922430404,-0.020396332544590577,0.14385022684000323,-0.020455602186282788,0.14377592065676603,0.006908758951796837,0.006178248149441139,0.001408094337167487,0.0008908145595289962,-0.008588620613514175,0.005282608855938564,-0.006118364927449235,0.0017477713075115808,-0.004794404160293808,0.005806086394928522,-0.0030364116774733124
robin_m2_n50_p12_fluxConsistent2,robin,2,50,1.0,12,fluxConsistent2,exact initial fields,tutorial,_87ed40d2-20251219 OPENFOAM=2512 version=2512,10.261666666666667,748.65,6-7,-0.013090186216895172,-0.015963181529375037,0.03787757056581498,0.003170189779987842,-0.0024018231185408126,0.0025132371417317945,-0.0021085384860406813,0.0024295031327394856,-0.001858594790462648,-0.0012288851205797258,0.00014231099135412275,-0.020395727338094614,0.1438491280439009,-0.02045527473300615,0.14377476782384294,0.006924008281429245,0.006176715060598025,0.0014161239534769,0.000898459895589454,-0.008614574453546964,0.005308827193005072,-0.006114683012998834,0.00176231717012576,-0.004801808061299176,0.005821554019196373,-0.0030228896674832006
robin_m2_n50_p12_fluxConsistent2,robin,2,50,1.0,12,fluxConsistent2,exact initial fields,tutorial,_87ed40d2-20251219 OPENFOAM=2512 version=2512,10.261666666666667,748.65,7-8,-0.0130811526705924,-0.01595115757794785,0.03785693246052779,0.0031702104255630914,-0.0024015643884988517,0.0025123922204379756,-0.002109114998086455,0.0024292522409887773,-0.0018571261382837405,-0.0012285874277946363,0.0001422402133974965,-0.02039597655360183,0.143849313641845,-0.020455461967613463,0.1437749976002445,0.006918730687505469,0.0061760702059524735,0.0014145235236575626,0.0008971685116285766,-0.00860743218647253,0.005302479505193913,-0.006113655163039264,0.0017590360007821992,-0.004799176033541566,0.005817086175984532,-0.0030243552422282564
robin_m2_n50_p12_fluxConsistent2,robin,2,50,1.0,12,fluxConsistent2,exact initial fields,tutorial,_87ed40d2-20251219 OPENFOAM=2512 version=2512,10.261666666666667,748.65,8-9,-0.013083659751408017,-0.015954521936933364,0.03786321774007528,0.0031702243551081644,-0.002401506766012188,0.0025126677639080164,-0.002108901270250831,0.0024293037800304784,-0.00185747220644913,-0.001228459861352782,0.0001422298949091028,-0.0203959068219137,0.14384927092269212,-0.020455410004378175,0.14377494296920618,0.006920215037169159,0.006175965821825774,0.0014149040372164468,0.000897465749695181,-0.0086094125814421,0.005304289777335214,-0.006113950245880868,0.0017598761768800042,-0.004799967889118368,0.005818382652353238,-0.0030238500778547164
robin_m2_n50_p12_fluxConsistent2,robin,2,50,1.0,12,fluxConsistent2,exact initial fields,tutorial,_87ed40d2-20251219 OPENFOAM=2512 version=2512,10.261666666666667,748.65,9-10,-0.013083344141015196,-0.015953891900981065,0.0378644416774665,0.0031702467626208986,-0.002401565342596827,0.002512594344615149,-0.002109028371511181,0.002429266584067058,-0.0018573808427707946,-0.001228379940299562,0.00014216388789337083,-0.020395919880410347,0.14384930169743324,-0.020455416545905276,0.14377497375627155,0.006919934257146547,0.006175901724425206,0.001414689600549801,0.0008972516203249459,-0.008608820609655732,0.00530362728897904,-0.006114200610299496,0.0017594867374355339,-0.004799877857960694,0.005818020877584873,-0.0030243422972020856
robin_m4_n100_p8,robin,4,100,0.5,8,base,exact initial fields,tutorial,_87ed40d2-20251219 OPENFOAM=2512 version=2512,9.19125,1790.84,2-3,-0.006523981386241884,-0.008094362387897513,0.015351462289300066,6.875682568296959e-05,-0.0011374942573412646,0.00025612995731827404,-0.0006420616622426037,0.00016605186322915522,-0.001290528050873702,-0.0012450585354977228,-0.00023451443943966322,-0.020558821123479377,0.14379168975863085,-0.020591369766096705,0.1437594702406027,0.003303282820369345,0.0020413299351721035,0.001522685604606,0.0012982736216979873,-0.003831708758350927,0.002846225059705665,-0.0025873165648393668,0.0010651852720198196,-0.002661249065201442,0.0028659628960339134,-0.0006197659530224916
robin_m4_n100_p8,robin,4,100,0.5,8,base,exact initial fields,tutorial,_87ed40d2-20251219 OPENFOAM=2512 version=2512,9.19125,1790.84,3-4,-0.006981257883044267,-0.00832402109312369,0.0160867281738577,8.599371447681747e-05,-0.0011544709890597654,0.00024127536787488246,-0.0007183604344231158,0.00011861494008225115,-0.0012329495240247699,-0.001202505157465228,-0.00024305101346683695,-0.020554061081736335,0.14381612868211469,-0.020581891983790353,0.1437806114623683,0.0032624489606649194,0.002001389045911335,0.0013754236547207643,0.0011281212742679791,-0.0034404938468466373,0.002456305084599153,-0.0028904698838483215,0.0007657949373787165,-0.00268271907062407,0.0027280282440442782,-0.0010093511081365706
robin_m4_n100_p8,robin,4,100,0.5,8,base,exact initial fields,tutorial,_87ed40d2-20251219 OPENFOAM=2512 version=2512,9.19125,1790.84,4-5,-0.006870947640099323,-0.008281299250083474,0.01601293167816853,8.931752162477657e-05,-0.0011623476522610234,0.00024900230953117664,-0.0007027658372134623,0.00013934772569834664,-0.0012553083582007324,-0.0011961603443689794,-0.0002495620411145278,-0.02055494655984617,0.14381023941613472,-0.020584178338930195,0.14377543161298093,0.0032855534640240038,0.0019942665240943384,0.0014115005686730075,0.0011691191184421967,-0.003546663318569121,0.0025765995730751,-0.0028158731106472366,0.0008632088278710537,-0.002680157987080111,0.0027769567095718983,-0.0009254196334527389
robin_m4_n100_p8,robin,4,100,0.5,8,base,exact initial fields,tutorial,_87ed40d2-20251219 OPENFOAM=2512 version=2512,9.19125,1790.84,5-6,-0.006883986523519847,-0.008275025078501308,0.016026130908538994,8.970806132957421e-05,-0.0011639306514010415,0.00024588913718948113,-0.0007090769924496538,0.00013587471831377762,-0.0012497668526822558,-0.0011953936063472392,-0.0002517675444732098,-0.020555076602025955,0.14381186037607752,-0.02058390808734403,0.14377693670962965,0.003273914585471163,0.0019926621327878776,0.0014010175167455952,0.001157834548213943,-0.003509730853330728,0.0025410181897915773,-0.002832673536539549,0.0008400464040838607,-0.002677144322301091,0.0027596475234172857,-0.0009510115371874297
robin_m4_n100_p8,robin,4,100,0.5,8,base,exact initial fields,tutorial,_87ed40d2-20251219 OPENFOAM=2512 version=2512,9.19125,1790.84,6-7,-0.0068836836781054345,-0.008280067200586272,0.016034304775313757,8.959860409740728e-05,-0.0011641712954163436,0.00024674928186940726,-0.0007076787822334818,0.00013689406831929318,-0.0012517338592968655,-0.0011954827536511115,-0.00025242213978537406,-0.02055497209603053,0.14381138157187867,-0.02058391436429666,0.14377646777485345,0.0032783091904214517,0.0019924727932013526,0.0014042836406760184,0.0011611677932579223,-0.003519428641451605,0.0025510888802493525,-0.002829223021969597,0.0008467970187082674,-0.0026787526282706225,0.0027646471484661372,-0.0009450533337843971
robin_m4_n100_p8,robin,4,100,0.5,8,base,exact initial fields,tutorial,_87ed40d2-20251219 OPENFOAM=2512 version=2512,9.19125,1790.84,7-8,-0.006882959982926429,-0.008277832077179359,0.016033207707486508,8.956583174213328e-05,-0.0011643158548210906,0.00024638855961733874,-0.0007081390103462897,0.0001367008558161853,-0.0012513036205413588,-0.0011955468331736885,-0.00025265421122291193,-0.020555018422516204,0.14381147920394463,-0.02058392936402967,0.14377656765158284,0.003276765009956681,0.0019924690503973145,0.0014035879989153788,0.0011604881157125657,-0.0035162054298589762,0.0025481440423160695,-0.002829811534287898,0.0008449725940100627,-0.002678192125721011,0.0027628898167690874,-0.0009465405768808446
robin_m4_n200_p6_fluxConsistent2,robin,4,200,0.25,6,fluxConsistent2,exact initial fields,tutorial,_87ed40d2-20251219 OPENFOAM=2512 version=2512,8.380833333333333,1421.81,2-3,-0.0019035492323657976,-0.0018108339854965294,0.00924957860698461,0.00012640016561871192,-0.0007999094377995729,5.562716403528789e-05,-0.0005781854722794972,0.00018376001763065197,-0.000625164524818304,-0.0003507928210823019,0.00011454325743471294,-0.020689057238237486,0.1439786506090155,-0.02068713556736122,0.14396633620206062,0.0015320556565641356,0.0012139455381779956,8.359255865442172e-05,-1.943986490005045e-06,-0.00047933299897173764,2.6904375818315174e-06,-0.001041074434810268,-0.000181428878828771,-0.0005621419656911424,0.0002847025775771783,-0.0007590529864030614
robin_m4_n200_p6_fluxConsistent2,robin,4,200,0.25,6,fluxConsistent2,exact initial fields,tutorial,_87ed40d2-20251219 OPENFOAM=2512 version=2512,8.380833333333333,1421.81,3-4,-0.002001457175961341,-0.0017846504951517517,0.009651235006739478,0.00014150849486349593,-0.0008361980323011741,3.807811748801626e-05,-0.0006307095075984249,0.00016951958625499586,-0.0006004250187882734,-0.0003109349285137508,9.793982531971407e-05,-0.0206895999326975,0.14399270018029764,-0.020685106269590723,0.14397885539625319,0.0015317575288380696,0.0012090046343464576,-3.3663261733707373e-06,-9.951521025608479e-05,-0.00021216417770453244,-0.00022848672944231208,-0.0011749421539525467,-0.00033168200806221737,-0.0005483418073544883,0.00017611881616641512,-0.0010125469003766847
robin_m4_n200_p6_fluxConsistent2,robin,4,200,0.25,6,fluxConsistent2,exact initial fields,tutorial,_87ed40d2-20251219 OPENFOAM=2512 version=2512,8.380833333333333,1421.81,4-5,-0.0019660463092294744,-0.0017879367037225702,0.009692490153256017,0.0001447218341175116,-0.0008488392140178411,4.2084776411766e-05,-0.000625796090356121,0.00018262057826246014,-0.000616592725784135,-0.00030801879670394605,8.661366874449857e-05,-0.02068953182080094,0.14398940745196273,-0.020685840216094667,0.1439758550648927,0.0015318481143964681,0.001203772564275771,1.7472732285694903e-05,-7.66496348181267e-05,-0.00027408633524117487,-0.0001582529656616316,-0.0011413033345960384,-0.0002710419073785886,-0.0005516179363052444,0.00020651760704604172,-0.0009763068910407823
robin_m4_n200_p6_fluxConsistent2,robin,4,200,0.25,6,fluxConsistent2,exact initial fields,tutorial,_87ed40d2-20251219 OPENFOAM=2512 version=2512,8.380833333333333,1421.81,5-6,-0.0019613781658605056,-0.0017722271519303723,0.009694684752260763,0.00014490750654982953,-0.000851502058325723,3.9604783963254064e-05,-0.0006300824276757772,0.00018149015243462685,-0.0006142112525394915,-0.00030834784950639627,8.330956233987878e-05,-0.020689857426234543,0.14399016323678301,-0.02068593697078671,0.1439765797114236,0.001531839229898972,0.0012027244827357468,1.2439558182641974e-05,-8.189809674541415e-05,-0.00025083520220026134,-0.00017867981850128167,-0.0011484180189542227,-0.0002822598491056816,-0.0005483809026343446,0.00019470416491484954,-0.0009904922268110963
robin_m4_n200_p8,robin,4,200,0.25,8,base,exact initial fields,tutorial,_87ed40d2-20251219 OPENFOAM=2512 version=2512,7.859375,2704.67,2-3,-0.004372296329832492,-0.0049130174274534255,0.01182433559974827,-7.380590351413474e-05,-0.0007902015015407307,4.5874882518059934e-05,-0.0005010012164016293,5.573727330787648e-07,-0.0008112081544822963,-0.000749050482998781,4.5118476008938474e-05,-0.020624759555013358,0.14385923939335854,-0.020635966859319482,0.1438378713872739,0.001828001215530833,0.0011871649579368012,0.0009767895466950005,0.0008281103362404174,-0.00142430138449956,0.0010820870734646881,-0.001741872745173787,0.000207917877099284,-0.0016356486327028196,0.0013481387288500901,-0.0005555783280674807
robin_m4_n200_p8,robin,4,200,0.25,8,base,exact initial fields,tutorial,_87ed40d2-20251219 OPENFOAM=2512 version=2512,7.859375,2704.67,3-4,-0.004515305597663888,-0.004904192632872784,0.012280392531878181,-6.0721304936173226e-05,-0.0008278225764476215,2.359485826741725e-05,-0.0005614591834629004,-2.1345190494681532e-05,-0.0007797393054633379,-0.0007167792599753753,2.8279837764167712e-05,-0.020624942462909385,0.14387560182326894,-0.020633002764908825,0.14385240109280942,0.0018059426167440205,0.0011811141752148756,0.0008756866253012419,0.0007142899274967807,-0.0011153060550722627,0.0008006957432056261,-0.0019065429295186329,1.9137378148625928e-05,-0.0016233951347185377,0.001217240796930641,-0.0008484818678604637
robin_m4_n200_p8,robin,4,200,0.25,8,base,exact initial fields,tutorial,_87ed40d2-20251219 OPENFOAM=2512 version=2512,7.859375,2704.67,4-5,-0.004473272219676083,-0.004909055966061948,0.01232036769378797,-5.8173083216983557e-05,-0.0008405648331749389,2.8440184150824166e-05,-0.0005541531426134273,-6.839829203242331e-06,-0.0007987721423527035,-0.0007159050176867021,1.6845848992039027e-05,-0.020624841662598037,0.1438714936650515,-0.020633873973486032,0.14384863884566731,0.001811326191187765,0.0011758185702528954,0.0009018637356432713,0.0007428646821530105,-0.0011932269475803947,0.0008858423454509712,-0.0018659911067826413,9.000085641908129e-05,-0.0016283372684178382,0.001254412548193251,-0.0008015992905392708
robin_m4_n200_p8,robin,4,200,0.25,8,base,exact initial fields,tutorial,_87ed40d2-20251219 OPENFOAM=2512 version=2512,7.859375,2704.67,5-6,-0.004470363181081849,-0.004892802056386536,0.012320922859891725,-5.817989959255865e-05,-0.0008430944085336266,2.5494499747980015e-05,-0.0005589764756212091,-8.557101824124835e-06,-0.0007956316776868758,-0.0007166640037070682,1.3599190712680912e-05,-0.020625178550714107,0.14387242099496905,-0.020633934267935253,0.1438495237173815,0.001807683093227532,0.001174685592664703,0.0008957068174622052,0.0007364143924324384,-0.0011660292943220796,0.0008610907112014399,-0.0018747016170914327,7.572601546246283e-05,-0.0016246678416702018,0.0012403345911204955,-0.0008181511981090846
robin_m4_n200_p8,robin,4,200,0.25,8,base,exact initial fields,tutorial,_87ed40d2-20251219 OPENFOAM=2512 version=2512,7.859375,2704.67,6-7,-0.004473143812056546,-0.004899394967290971,0.012333039949677715,-5.8352285037810425e-05,-0.0008434729946242827,2.6079577994275738e-05,-0.0005581157384658557,-7.944553450545122e-06,-0.0007971771672728996,-0.0007170654287997902,1.2698533583055562e-05,-0.020625041902155184,0.1438720587674018,-0.02063387663493807,0.14384915265698095,0.0018105168272797593,0.0011743731681073614,0.0008982886384534261,0.0007389339526580052,-0.0011729895435756976,0.0008681087694568657,-0.0018732658098131669,8.017357922862622e-05,-0.0016265440381064587,0.001243973441270363,-0.0008148685572382301
robin_m4_n200_p8,robin,4,200,0.25,8,base,exact initial fields,tutorial,_87ed40d2-20251219 OPENFOAM=2512 version=2512,7.859375,2704.67,7-8,-0.004470795134111749,-0.004896111789432611,0.012331817987875748,-5.8436936520189775e-05,-0.0008435180210172507,2.5794819426216975e-05,-0.0005583753671891878,-8.109492948715769e-06,-0.000796845717454415,-0.0007172296527740984,1.2439179334360386e-05,-0.020625109951235406,0.14387209590075117,-0.020633925315022054,0.14384919864613108,0.001809644229834018,0.0011743837463665716,0.0008979686473649107,0.000738675662207644,-0.0011707840438611727,0.0008661330392945032,-0.0018734882470770131,7.903685639276681e-05,-0.0016261257256167103,0.001242664631130097,-0.0008156755930788689
robin_m4_n400_p8,robin,4,400,0.125,8,base,exact initial fields,tutorial,_87ed40d2-20251219 OPENFOAM=2512 version=2512,7.8025,4600.64,2-3,-0.003503442745937946,-0.003754663968978389,0.010164478678632793,-9.288902155313306e-05,-0.000647448777195391,8.19375986393922e-06,-0.00043769741960287124,-2.4636577354630873e-05,-0.0006489943455479418,-0.0005802818433321422,0.00014893098600140232,-0.020648768271818194,0.14388872534706604,-0.020653975231019823,0.14387204761637892,0.0013907989289699556,0.0011912609298460669,0.0007390115164582767,0.0006230187193720926,-0.0007690861759725998,0.0005503167135381126,-0.0013704128170200526,-5.295672568927934e-05,-0.0012260127087982337,0.0008458523005350216,-0.0004111133025012955
robin_m4_n400_p8,robin,4,400,0.125,8,base,exact initial fields,tutorial,_87ed40d2-20251219 OPENFOAM=2512 version=2512,7.8025,4600.64,3-4,-0.0035480012385170623,-0.0035863096767082547,0.010966212346842807,-7.031215253361367e-05,-0.0007333873621245231,-2.84537621055847e-05,-0.0005318967400329444,-3.7824939935982016e-05,-0.0006293831693075929,-0.0005321185414998153,0.00012140001637836847,-0.020652257682150094,0.14391054789166363,-0.02065305168542866,0.14389160451935304,0.0014110583193285683,0.001184914032199581,0.000602996939263134,0.00047128459861944805,-0.0003655159943898312,0.00019498674150209006,-0.0015723954077582639,-0.0002626263470620893,-0.0011988419607367364,0.000668847012500029,-0.0008469278392341082
robin_m4_n400_p8,robin,4,400,0.125,8,base,exact initial fields,tutorial,_87ed40d2-20251219 OPENFOAM=2512 version=2512,7.8025,4600.64,4-5,-0.0034854175752287997,-0.003582881514411662,0.011052049223361893,-6.600545546253667e-05,-0.0007592101156127833,-2.443260240547751e-05,-0.000526601284482929,-1.6792431053014312e-05,-0.000657330574250862,-0.0005332544322768085,0.00010068819520685697,-0.020652328736263274,0.14390525563726642,-0.020654348831336503,0.14388681524812852,0.0013897709320636294,0.0011750688309555971,0.0006363020001343145,0.0005080778938451047,-0.0004653845911967158,0.00030417065919885466,-0.0015194949408358575,-0.00016073544063111012,-0.0012022690980738318,0.000714215237038518,-0.0007960440233583108
robin_m4_n400_p8,robin,4,400,0.125,8,base,exact initial fields,tutorial,_87ed40d2-20251219 OPENFOAM=2512 version=2512,7.8025,4600.64,5-6,-0.0034792087462079957,-0.003559211118020822,0.01106376830871425,-6.601479532841736e-05,-0.0007647606454977779,-2.8739071936789706e-05,-0.0005337916553632113,-1.8378710375133167e-05,-0.0006544912454725255,-0.0005356579532852512,9.430529275722684e-05,-0.020652819342856146,0.14390641038745067,-0.020654477519187833,0.1438879026677744,0.0013930116149708203,0.0011726388513489188,0.0006287397829289887,0.0005000495031419749,-0.00042988140952515685,0.0002723836057609841,-0.0015309283638655024,-0.00017767893363895837,-0.0011975658558761875,0.0006952857933992806,-0.0008196483633661545
robin_m4_n400_p8,robin,4,400,0.125,8,base,exact initial fields,tutorial,_87ed40d2-20251219 OPENFOAM=2512 version=2512,7.8025,4600.64,6-7,-0.0034780575059114582,-0.0035632302494148504,0.011080150476252992,-6.63306435967348e-05,-0.0007656522253845378,-2.8156695110359564e-05,-0.000532821630670628,-1.7486911302877495e-05,-0.0006567044321767034,-0.000536596499454034,9.26168249898588e-05,-0.020652736039968988,0.14390586133430192,-0.020654501380473048,0.14388735785325268,0.0013942221642362113,0.0011720980432278244,0.0006325285596251451,0.0005038667743595404,-0.0004387469527241672,0.0002814089195120051,-0.0015288909620208612,-0.00017163374488293748,-0.0011999868813588027,0.0006997011054084012,-0.0008155923977302891
robin_m4_n400_p8,robin,4,400,0.125,8,base,exact initial fields,tutorial,_87ed40d2-20251219 OPENFOAM=2512 version=2512,7.8025,4600.64,7-8,-0.003479720729096303,-0.0035636883574694522,0.01107874809920828,-6.647338323684249e-05,-0.0007657669140856077,-2.8533576617140177e-05,-0.0005331614972386919,-1.7707836943992028e-05,-0.0006563325026308892,-0.0005369158195613899,9.21613853116948e-05,-0.020652726544951323,0.14390590805761758,-0.020654466907528597,0.1438873998676844,0.0013945961175108553,0.0011719801875987358,0.0006322363797186537,0.0005035419311434364,-0.00043599226570778526,0.0002789629796231541,-0.0015292288927184561,-0.00017300942207665315,-0.001199526765073839,0.0006980396751077311,-0.0008166360952923961
