/*--------------------------------*- C++ -*----------------------------------*\
| =========                 |                                                 |
| \\      /  F ield         | foam-extend: Open Source CFD                    |
|  \\    /   O peration     | Version:     4.1                                |
|   \\  /    A nd           | Web:         http://www.foam-extend.org         |
|    \\/     M anipulation  |                                                 |
\*---------------------------------------------------------------------------*/
FoamFile
{
    version     2.0;
    format      ascii;
    class       surfaceSymmTensorField;
    location    "0.193";
    object      sigmaf;
}
// * * * * * * * * * * * * * * * * * * * * * * * * * * * * * * * * * * * * * //

dimensions      [1 -1 -2 0 0 0 0];

internalField   nonuniform List<symmTensor> 
14016
(
(1003.32 36.6985 31.1468 54.9521 3.49565 35.3098)
(1085.24 141.552 89.3906 114.896 13.2628 53.2851)
(899.551 77.911 90.0292 65.0606 10.4885 73.6444)
(942.689 11.5217 34.5672 6.41053 0.762594 -7.86911)
(963.946 49.9488 48.0975 23.041 3.86127 -1.93857)
(796.742 21.4794 45.2995 11.279 2.99888 -7.58406)
(916.785 4.95366 50.5198 3.5713 -0.394219 -6.22182)
(942.752 17.5188 49.6056 7.44239 -0.388963 -6.65331)
(781.703 6.18122 44.9483 4.02271 -0.674778 -16.1466)
(897.898 0.971378 64.6278 2.41789 -0.855343 -3.2917)
(919.131 5.52276 60.8684 5.82067 -1.7442 -3.85883)
(763.932 1.66825 56.6931 3.78533 -1.74112 -12.081)
(879.216 -1.11145 77.2645 1.53553 -1.03992 -0.409439)
(896.368 0.135188 72.6468 4.13198 -2.15535 -1.42039)
(746.739 -0.441878 69.3937 3.16467 -1.98818 -8.80574)
(858.968 -2.06287 88.4566 1.07936 -1.10831 2.69054)
(873.794 -2.2746 83.5842 2.97466 -2.25915 1.20169)
(729.539 -1.43334 80.9172 2.69371 -1.99789 -5.62298)
(837.013 -2.45587 98.2026 0.844044 -1.12344 5.84009)
(850.411 -3.27741 93.3739 2.30222 -2.23188 4.03006)
(711.312 -1.84089 90.8642 2.44308 -1.9197 -2.40953)
(813.701 -2.57561 106.609 0.717623 -1.1166 8.94925)
(826.204 -3.63158 101.976 1.89858 -2.15808 6.91398)
(692.013 -1.96717 99.2894 2.29218 -1.8205 0.746713)
(789.465 -2.56747 113.801 0.650284 -1.10287 11.9792)
(801.411 -3.69186 109.454 1.6526 -2.07662 9.78799)
(671.895 -1.95955 106.365 2.19211 -1.72786 3.81535)
(764.697 -2.50509 119.898 0.613959 -1.08872 14.9053)
(776.287 -3.62899 115.89 1.49949 -2.00227 12.6142)
(651.241 -1.89338 112.266 2.12056 -1.64967 6.77831)
(739.711 -2.42303 125.013 0.592815 -1.07628 17.7102)
(751.057 -3.52309 121.367 1.39916 -1.93925 15.3634)
(630.315 -1.80649 117.144 2.06398 -1.58618 9.62069)
(714.747 -2.33634 129.243 0.578659 -1.06569 20.3818)
(725.907 -3.40861 125.966 1.32856 -1.88711 18.0134)
(609.328 -1.71608 121.129 2.01495 -1.53486 12.3319)
(689.979 -2.25095 132.674 0.567409 -1.05637 22.911)
(700.977 -3.29839 129.762 1.27477 -1.8437 20.5472)
(588.442 -1.62896 124.331 1.96971 -1.49259 14.9045)
(665.53 -2.16876 135.382 0.557126 -1.04755 25.2903)
(676.374 -3.19584 132.823 1.23057 -1.80658 22.9513)
(567.776 -1.5472 126.838 1.92637 -1.45652 17.3328)
(641.485 -2.09009 137.432 0.546968 -1.0386 27.5136)
(652.173 -3.10072 135.21 1.19193 -1.7736 25.215)
(547.412 -1.47093 128.726 1.88405 -1.42443 19.6126)
(617.901 -2.01469 138.882 0.536626 -1.02904 29.5763)
(628.426 -3.01172 136.979 1.1566 -1.74311 27.3298)
(527.408 -1.39961 130.057 1.84235 -1.39469 21.7404)
(594.816 -1.94226 139.782 0.526027 -1.01858 31.4743)
(605.171 -2.9275 138.181 1.12334 -1.71395 29.2893)
(507.802 -1.33261 130.885 1.80113 -1.36619 23.7139)
(572.255 -1.87251 140.18 0.51519 -1.00705 33.2048)
(582.431 -2.84702 138.861 1.09144 -1.68532 31.0885)
(488.619 -1.26941 131.255 1.76035 -1.33824 25.531)
(550.23 -1.80524 140.117 0.504165 -0.994414 34.766)
(560.222 -2.76952 139.062 1.06049 -1.65674 32.7238)
(469.877 -1.20958 131.209 1.71999 -1.31042 27.1908)
(528.752 -1.74031 139.633 0.493003 -0.980675 36.157)
(538.553 -2.69451 138.823 1.03026 -1.62792 34.1932)
(451.584 -1.15283 130.784 1.68006 -1.28249 28.6927)
(507.823 -1.6776 138.764 0.481745 -0.965889 37.378)
(517.427 -2.62166 138.183 1.00061 -1.59873 35.4958)
(433.747 -1.09893 130.012 1.64054 -1.25435 30.037)
(487.444 -1.61702 137.543 0.470423 -0.95013 38.43)
(496.848 -2.55073 137.174 0.971442 -1.56908 36.6317)
(416.368 -1.0477 128.924 1.60142 -1.22596 31.2248)
(467.613 -1.55849 136.002 0.459062 -0.933483 39.3153)
(476.813 -2.48155 135.829 0.94272 -1.53898 37.6024)
(399.446 -0.99897 127.548 1.56267 -1.19733 32.2578)
(448.326 -1.50193 134.172 0.447682 -0.916035 40.0368)
(457.32 -2.41401 134.179 0.914411 -1.50842 38.4102)
(382.98 -0.952616 125.911 1.52429 -1.1685 33.1386)
(429.577 -1.44725 132.08 0.436301 -0.897872 40.5984)
(438.363 -2.34798 132.253 0.886501 -1.47746 39.0583)
(366.967 -0.908513 124.038 1.48624 -1.1395 33.8705)
(411.362 -1.3944 129.752 0.424931 -0.879079 41.0045)
(419.938 -2.28339 130.077 0.858983 -1.44611 39.5507)
(351.402 -0.866546 121.952 1.4485 -1.11039 34.4574)
(393.671 -1.3433 127.214 0.413585 -0.859736 41.2605)
(402.037 -2.22017 127.679 0.831855 -1.41444 39.8923)
(336.282 -0.82661 119.676 1.41106 -1.08121 34.9037)
(376.499 -1.2939 124.49 0.402275 -0.839919 41.3721)
(384.655 -2.15824 125.081 0.805118 -1.38248 40.0884)
(321.599 -0.788607 117.229 1.3739 -1.05202 35.2144)
(359.835 -1.24613 121.602 0.391012 -0.819702 41.3456)
(367.781 -2.09757 122.306 0.778772 -1.35028 40.1448)
(307.348 -0.752444 114.633 1.337 -1.02284 35.3949)
(343.672 -1.19994 118.57 0.379803 -0.799153 41.1876)
(351.409 -2.0381 119.377 0.75282 -1.31788 40.068)
(293.522 -0.718036 111.904 1.30035 -0.993739 35.4512)
(328 -1.15528 115.414 0.368659 -0.778338 40.9051)
(335.53 -1.97981 116.313 0.727262 -1.28533 39.8647)
(280.113 -0.685303 109.061 1.26394 -0.964741 35.3891)
(312.811 -1.1121 112.152 0.357586 -0.757319 40.5052)
(320.134 -1.92265 113.133 0.702101 -1.25268 39.5417)
(267.115 -0.654167 106.12 1.22777 -0.935887 35.2151)
(298.093 -1.07035 108.803 0.346591 -0.736152 39.9953)
(305.211 -1.86661 109.856 0.677336 -1.21997 39.1062)
(254.52 -0.624557 103.096 1.19182 -0.907212 34.9356)
(283.838 -1.03 105.381 0.335682 -0.714892 39.3829)
(290.754 -1.81165 106.496 0.652967 -1.18723 38.5656)
(242.319 -0.596404 100.004 1.15611 -0.878748 34.5572)
(270.036 -0.990991 101.901 0.324866 -0.693589 38.6755)
(276.751 -1.75775 103.072 0.628993 -1.15452 37.9272)
(230.505 -0.569639 96.8559 1.12062 -0.850523 34.0866)
(256.677 -0.953283 98.379 0.314154 -0.672289 37.8805)
(263.195 -1.70489 99.5953 0.605419 -1.12186 37.1985)
(219.07 -0.544201 93.6652 1.08538 -0.822566 33.5305)
(243.752 -0.916835 94.8264 0.303548 -0.651037 37.0055)
(250.074 -1.65305 96.0813 0.582243 -1.08929 36.3869)
(208.006 -0.520025 90.4434 1.05038 -0.794902 32.8955)
(231.25 -0.881603 91.2558 0.293052 -0.629871 36.0579)
(237.379 -1.6022 92.5421 0.559465 -1.05685 35.4997)
(197.305 -0.497052 87.2013 1.01563 -0.767552 32.1882)
(219.163 -0.847545 87.6785 0.282671 -0.608828 35.0449)
(225.102 -1.55232 88.9896 0.537083 -1.02456 34.5441)
(186.959 -0.475223 83.9489 0.981141 -0.740537 31.415)
(207.481 -0.814619 84.1048 0.27241 -0.587939 33.9736)
(213.232 -1.50338 85.4345 0.515098 -0.992466 33.5273)
(176.961 -0.454481 80.6957 0.946921 -0.713874 30.5825)
(196.196 -0.782782 80.5446 0.262275 -0.567236 32.851)
(201.762 -1.45537 81.887 0.493511 -0.960583 32.4562)
(167.302 -0.434769 77.4504 0.912983 -0.687582 29.6968)
(185.297 -0.751993 77.0068 0.252272 -0.546745 31.6839)
(190.682 -1.40825 78.3564 0.472323 -0.928941 31.3377)
(157.976 -0.416034 74.2209 0.879343 -0.661674 28.7639)
(174.778 -0.722212 73.4996 0.242406 -0.52649 30.4787)
(179.983 -1.362 74.8515 0.451536 -0.897562 30.1782)
(148.975 -0.398221 71.0148 0.846018 -0.636163 27.7899)
(164.628 -0.693397 70.0307 0.232683 -0.506493 29.2419)
(169.657 -1.31659 71.3801 0.43115 -0.866469 28.9842)
(140.293 -0.381279 67.8388 0.813026 -0.611063 26.7803)
(154.842 -0.665508 66.6071 0.223106 -0.486773 27.9796)
(159.697 -1.272 67.9496 0.411166 -0.835682 27.7618)
(131.921 -0.365158 64.6994 0.780384 -0.586382 25.7407)
(145.409 -0.638507 63.2353 0.213682 -0.467346 26.6974)
(150.094 -1.2282 64.567 0.391587 -0.805218 26.5169)
(123.855 -0.349807 61.6024 0.748113 -0.56213 24.6764)
(136.324 -0.612353 59.9211 0.204414 -0.448227 25.4011)
(140.84 -1.18516 61.2382 0.372414 -0.775094 25.2552)
(116.087 -0.335179 58.5531 0.716233 -0.538315 23.5924)
(127.579 -0.587008 56.6701 0.195308 -0.429429 24.096)
(131.929 -1.14286 57.9692 0.353649 -0.745324 23.982)
(108.611 -0.321228 55.5565 0.684765 -0.514944 22.4935)
(119.167 -0.562435 53.487 0.186369 -0.410961 22.787)
(123.354 -1.10127 54.765 0.335294 -0.715923 22.7025)
(101.421 -0.307908 52.617 0.653729 -0.492021 21.3844)
(111.082 -0.538597 50.3766 0.177601 -0.392832 21.479)
(115.108 -1.06035 51.6305 0.317352 -0.686901 21.4215)
(94.5129 -0.295176 49.7387 0.623149 -0.469553 20.2693)
(103.317 -0.515457 47.3428 0.169007 -0.375049 20.1765)
(107.184 -1.02009 48.5701 0.299822 -0.65827 20.1437)
(87.8799 -0.282988 46.9254 0.593044 -0.447541 19.1524)
(95.8671 -0.492979 44.3894 0.160593 -0.357617 18.8837)
(99.5775 -0.980452 45.5876 0.282708 -0.630037 18.8733)
(81.5173 -0.271303 44.1804 0.563436 -0.42599 18.0375)
(88.7256 -0.471128 41.5198 0.152362 -0.34054 17.6046)
(92.2815 -0.941414 42.6866 0.266013 -0.602211 17.6145)
(75.4203 -0.260082 41.5069 0.534348 -0.404901 16.9284)
(81.8876 -0.449871 38.7368 0.144317 -0.32382 16.3429)
(85.2911 -0.902947 39.8705 0.249738 -0.574798 16.371)
(69.5843 -0.249285 38.9076 0.505799 -0.384276 15.8284)
(75.3481 -0.429173 36.0434 0.136463 -0.307458 15.1021)
(78.6011 -0.865025 37.1419 0.233885 -0.547803 15.1465)
(64.0048 -0.238876 36.385 0.477811 -0.364116 14.7407)
(69.1024 -0.409003 33.4417 0.128803 -0.291454 13.8855)
(72.2066 -0.827622 34.5037 0.218455 -0.52123 13.9442)
(58.6779 -0.228817 33.9413 0.450403 -0.344419 13.6683)
(63.1461 -0.389328 30.9341 0.12134 -0.275806 12.6959)
(66.1032 -0.790712 31.958 0.20345 -0.495083 12.7671)
(53.5997 -0.219075 31.5784 0.423597 -0.325187 12.6139)
(57.4748 -0.370116 28.5224 0.114076 -0.260513 11.5361)
(60.2865 -0.754269 29.5069 0.188871 -0.469363 11.6181)
(48.7665 -0.209615 29.2982 0.397409 -0.306417 11.5801)
(52.0848 -0.351337 26.2082 0.107015 -0.245571 10.4086)
(54.7526 -0.718269 27.1523 0.174721 -0.444072 10.4998)
(44.1749 -0.200405 27.1022 0.371858 -0.288108 10.5691)
(46.9724 -0.332962 23.993 0.10016 -0.230976 9.31563)
(49.4977 -0.682685 24.8957 0.160999 -0.419209 9.41459)
(39.8218 -0.191413 24.9917 0.346964 -0.270258 9.58321)
(42.1342 -0.314962 21.878 0.0935104 -0.216722 8.25932)
(44.5183 -0.647494 22.7384 0.147707 -0.394773 8.36451)
(35.7041 -0.18261 22.9679 0.322741 -0.252862 8.62424)
(37.567 -0.297305 19.8642 0.0870664 -0.202804 7.24147)
(39.8112 -0.612669 20.6816 0.134841 -0.370761 7.35154)
(31.8192 -0.173966 21.0317 0.299202 -0.235919 7.69398)
(33.268 -0.27996 17.9525 0.0808286 -0.189212 6.26377)
(35.3734 -0.578181 18.7264 0.122401 -0.347169 6.37742)
(28.1645 -0.16545 19.184 0.27636 -0.219421 6.794)
(29.2343 -0.262893 16.1437 0.0748008 -0.175938 5.32767)
(31.202 -0.543997 16.8735 0.110384 -0.32399 5.4437)
(24.7376 -0.157032 17.4256 0.254232 -0.203365 5.92571)
(25.4635 -0.246075 14.4383 0.0689784 -0.162974 4.43446)
(27.2945 -0.510083 15.1236 0.0987943 -0.301217 4.55175)
(21.5362 -0.148679 15.7568 0.232831 -0.187743 5.09035)
(21.9532 -0.229459 12.8366 0.0633532 -0.150301 3.58526)
(23.6485 -0.476392 13.4772 0.0876119 -0.278833 3.70274)
(18.5585 -0.140356 14.1782 0.212151 -0.172545 4.28902)
(18.7013 -0.21299 11.339 0.05792 -0.137901 2.78101)
(20.2617 -0.442853 11.9347 0.0768259 -0.256816 2.8977)
(15.8023 -0.132017 12.6901 0.192209 -0.157758 3.52266)
(15.7057 -0.196592 9.94566 0.0526629 -0.125743 2.0225)
(17.1321 -0.409366 10.4963 0.0664167 -0.23513 2.1375)
(13.266 -0.123606 11.2926 0.173005 -0.143363 2.79206)
(12.9645 -0.180161 8.65653 0.0475601 -0.113786 1.31034)
(14.2579 -0.375784 9.16212 0.0563511 -0.213721 1.42283)
(10.9479 -0.115045 9.98563 0.154534 -0.129334 2.09786)
(10.4759 -0.163548 7.47146 0.0425874 -0.101972 0.645002)
(11.6372 -0.34189 7.93221 0.0465849 -0.192512 0.754269)
(8.8463 -0.106229 8.76915 0.136782 -0.115632 1.44057)
(8.23803 -0.146544 6.39014 0.0377192 -0.0902192 0.0267766)
(9.26856 -0.307374 6.80644 0.037064 -0.17139 0.132227)
(6.95956 -0.0970116 7.64273 0.119731 -0.10221 0.820487)
(6.24936 -0.12887 5.41206 0.0329384 -0.0784149 -0.54426)
(7.15058 -0.271811 5.78455 0.0277187 -0.150201 -0.443046)
(5.28603 -0.0872034 6.60567 0.103355 -0.0890006 0.237731)
(4.50868 -0.110174 4.53655 0.0282602 -0.0664181 -1.06826)
(5.28243 -0.23466 4.86626 0.0184846 -0.128748 -0.971457)
(3.82409 -0.0765729 5.65681 0.0876121 -0.0759234 -0.307881)
(3.01566 -0.0900556 3.76281 0.0237797 -0.0540695 -1.54565)
(3.66411 -0.195326 4.05124 0.00932735 -0.106818 -1.45309)
(2.57222 -0.0648843 4.79435 0.0724556 -0.062898 -0.816903)
(1.77193 -0.0681842 3.0901 0.019757 -0.0412395 -1.97714)
(2.29719 -0.15339 3.33941 0.00034261 -0.0842838 -1.88813)
(1.52935 -0.0520024 4.01567 0.0578131 -0.0498918 -1.29036)
(0.782638 -0.0446158 2.51834 0.0169455 -0.0279736 -2.36405)
(1.18578 -0.109206 2.73125 -0.00802067 -0.0613341 -2.27682)
(0.695167 -0.0381556 3.31741 0.0435807 -0.0370269 -1.72975)
(0.0591679 -0.0212858 2.04826 0.0183711 -0.0153268 -2.7068)
(0.337169 -0.0653527 2.22854 -0.0135711 -0.0390713 -2.61957)
(0.0702666 -0.0246192 2.69617 0.0301746 -0.0249131 -2.13639)
(-0.384412 -0.00518828 1.68931 0.0227687 -0.00738103 -3.01928)
(-0.234988 -0.0284202 1.83729 -0.00965388 -0.0207539 -2.91315)
(-0.340018 -0.0143862 2.15508 0.0202662 -0.0156992 -2.50835)
(-0.564768 0.00163645 1.46377 0.0377996 -0.00586291 -3.27583)
(-0.540122 -0.00393643 1.57341 0.00157531 -0.0111529 -3.178)
(-0.546851 -0.00817182 1.7208 0.00943968 -0.0132959 -2.85866)
(-0.578121 0.0119232 1.46812 0.0124775 -0.0103397 -3.37814)
(-0.576163 -0.00017935 1.46938 -0.000562491 -0.0151168 -3.22073)
(1008.28 70.952 39.415 100.437 5.26752 36.1634)
(1060.2 88.3349 108.407 173.089 8.5107 76.1182)
(859.417 86.6879 128.219 157.221 11.2874 120.395)
(972.715 31.1742 42.3044 24.3569 1.75717 -9.71263)
(969.127 44.5484 56.526 58.1394 3.51007 -1.9688)
(820.84 34.7308 65.617 36.4758 4.18454 -2.57079)
(943.577 12.4614 57.8555 13.4379 -0.240893 -6.51599)
(958.132 20.1013 55.0497 26.4703 0.551696 -8.34624)
(807.507 13.3311 58.7672 11.5816 -0.582139 -16.9133)
(917.002 3.36619 69.4845 9.31479 -1.21361 -3.16738)
(934.484 7.66095 65.1516 17.4472 -1.04593 -4.4502)
(782.598 4.12529 66.265 8.68808 -2.62396 -11.9589)
(891.326 -0.857401 80.0181 6.15788 -1.60444 -0.77553)
(907.847 1.42855 75.6564 11.5364 -1.73268 -1.80363)
(758.048 -0.21175 75.1624 5.86514 -3.28442 -9.17942)
(865.76 -2.68404 89.7078 4.34391 -1.71075 1.87122)
(881.282 -1.50716 85.4014 7.98305 -1.94187 0.695683)
(735.458 -2.05794 83.8094 3.95346 -3.34179 -6.64094)
(840.087 -3.39521 98.3714 3.31701 -1.69176 4.65785)
(854.659 -2.78345 94.2192 5.9592 -1.93688 3.35062)
(713.491 -2.72128 91.7185 2.93581 -3.15648 -3.8647)
(814.321 -3.5993 106.023 2.70951 -1.62815 7.46869)
(828.085 -3.26619 102.082 4.7611 -1.85148 6.05442)
(691.709 -2.86948 98.7335 2.35723 -2.90617 -1.04181)
(788.549 -3.58524 112.709 2.34415 -1.55694 10.2633)
(801.689 -3.38468 109.027 4.03122 -1.74749 8.76498)
(670.036 -2.80538 104.861 2.01422 -2.66579 1.77059)
(762.877 -3.48935 118.483 2.11781 -1.49308 13.0094)
(775.544 -3.34852 115.096 3.5728 -1.65074 11.4548)
(648.478 -2.66888 110.146 1.80691 -2.46017 4.54545)
(737.405 -3.37212 123.403 1.96956 -1.44091 15.6799)
(749.709 -3.25671 120.334 3.26994 -1.5699 14.0954)
(627.08 -2.52214 114.639 1.67502 -2.29299 7.25498)
(712.223 -3.25743 127.526 1.86505 -1.40004 18.2531)
(724.234 -3.15261 124.787 3.05606 -1.50577 16.6616)
(605.901 -2.38868 118.399 1.58449 -2.15961 9.87659)
(687.401 -3.15259 130.911 1.78509 -1.36828 20.7116)
(699.162 -3.0528 128.502 2.89351 -1.45591 19.1324)
(584.999 -2.27431 121.48 1.51679 -2.05298 12.3926)
(662.998 -3.05813 133.612 1.71901 -1.34314 23.0413)
(674.531 -2.96189 131.526 2.76105 -1.417 21.4903)
(564.42 -2.17768 123.938 1.46181 -1.96625 14.7891)
(639.054 -2.97229 135.681 1.66093 -1.32237 25.2313)
(650.37 -2.8797 133.906 2.6467 -1.38587 23.7211)
(544.203 -2.09525 125.822 1.41409 -1.89371 17.0553)
(615.602 -2.89298 137.166 1.60764 -1.30424 27.2727)
(626.704 -2.80456 135.688 2.54373 -1.35994 25.8133)
(524.377 -2.02344 127.178 1.37069 -1.83101 19.1829)
(592.661 -2.81847 138.112 1.55736 -1.2875 29.159)
(603.55 -2.73472 136.915 2.4483 -1.33726 27.7582)
(504.964 -1.9593 128.05 1.33003 -1.775 21.1658)
(570.248 -2.74746 138.562 1.50911 -1.2713 30.8852)
(580.921 -2.66875 137.628 2.35821 -1.31647 29.5491)
(485.978 -1.90069 128.477 1.29122 -1.72351 22.9994)
(548.371 -2.67911 138.556 1.46235 -1.25509 32.4481)
(558.824 -2.60563 137.868 2.27216 -1.29665 31.1813)
(467.429 -1.84613 128.494 1.25378 -1.67509 24.6809)
(527.035 -2.61286 138.13 1.41676 -1.23855 33.8459)
(537.266 -2.54468 137.671 2.18937 -1.2772 32.6517)
(449.325 -1.79462 128.136 1.21741 -1.6288 26.2085)
(506.242 -2.54833 137.319 1.37216 -1.2215 35.0781)
(516.248 -2.48545 137.074 2.10933 -1.25776 33.9587)
(431.668 -1.7455 127.434 1.18192 -1.58405 27.5816)
(485.991 -2.48528 136.157 1.32844 -1.20386 36.1453)
(495.771 -2.42764 136.108 2.03173 -1.23812 35.1023)
(414.46 -1.69832 126.417 1.14719 -1.54047 28.8007)
(466.28 -2.42355 134.674 1.28555 -1.18559 37.0492)
(475.832 -2.37106 134.807 1.95636 -1.21817 36.0833)
(397.7 -1.65279 125.112 1.11313 -1.49784 29.8671)
(447.106 -2.363 132.901 1.24344 -1.16669 37.7925)
(456.429 -2.31554 133.201 1.88309 -1.19784 36.9039)
(381.386 -1.60867 123.547 1.07969 -1.45602 30.7832)
(428.462 -2.30356 130.865 1.20211 -1.14718 38.3789)
(437.557 -2.26099 131.317 1.81182 -1.17712 37.5671)
(365.517 -1.56581 121.745 1.04684 -1.41492 31.5519)
(410.344 -2.24513 128.592 1.16153 -1.1271 38.8126)
(419.21 -2.20732 129.184 1.74248 -1.156 38.0766)
(350.086 -1.52407 119.729 1.01454 -1.37451 32.177)
(392.744 -2.18766 126.108 1.12172 -1.10648 39.0988)
(401.382 -2.15445 126.826 1.67501 -1.1345 38.4372)
(335.091 -1.48336 117.522 0.982781 -1.33474 32.6628)
(375.654 -2.13111 123.435 1.08267 -1.08537 39.2429)
(384.066 -2.10233 124.267 1.60936 -1.11265 38.6541)
(320.525 -1.44358 115.143 0.951544 -1.29559 33.0141)
(359.068 -2.07543 120.596 1.04437 -1.0638 39.2511)
(367.254 -2.05093 121.531 1.5455 -1.09046 38.7329)
(306.382 -1.40467 112.613 0.920818 -1.25705 33.2363)
(342.976 -2.0206 117.612 1.00684 -1.04183 39.1299)
(350.939 -2.00019 118.639 1.48339 -1.06796 38.68)
(292.657 -1.36658 109.95 0.890592 -1.21912 33.3349)
(327.369 -1.96659 114.502 0.970051 -1.01949 38.8859)
(335.111 -1.95011 115.61 1.42298 -1.04519 38.5018)
(279.342 -1.32925 107.171 0.860858 -1.18178 33.3161)
(312.239 -1.91338 111.285 0.934017 -0.996823 38.5263)
(319.762 -1.90065 112.464 1.36424 -1.02217 38.2053)
(266.43 -1.29266 104.292 0.831606 -1.14502 33.186)
(297.575 -1.86097 107.977 0.898726 -0.973881 38.0582)
(304.883 -1.8518 109.219 1.30712 -0.998931 37.7973)
(253.914 -1.25676 101.329 0.802828 -1.10885 32.951)
(283.37 -1.80933 104.595 0.864172 -0.950698 37.489)
(290.465 -1.80355 105.891 1.25158 -0.975505 37.2853)
(241.786 -1.22153 98.2957 0.774514 -1.07326 32.6176)
(269.613 -1.75846 101.154 0.830348 -0.927316 36.826)
(276.498 -1.75589 102.496 1.19759 -0.951921 36.6763)
(230.04 -1.18695 95.2054 0.746657 -1.03825 32.1924)
(256.295 -1.70834 97.6679 0.797251 -0.903771 36.0765)
(262.973 -1.7088 99.0474 1.1451 -0.928209 35.9778)
(218.667 -1.15299 92.0708 0.719253 -1.00381 31.6821)
(243.407 -1.65897 94.1497 0.764871 -0.880101 35.248)
(249.881 -1.66229 95.5599 1.09408 -0.904395 35.197)
(207.659 -1.11964 88.9034 0.692296 -0.969947 31.093)
(230.939 -1.61032 90.6116 0.733198 -0.856339 34.3476)
(237.212 -1.61633 92.046 1.04449 -0.880508 34.3412)
(197.01 -1.08687 85.7141 0.665777 -0.936653 30.4319)
(218.882 -1.5624 87.065 0.702225 -0.832518 33.3825)
(224.958 -1.57093 88.5172 0.996282 -0.856572 33.4176)
(186.711 -1.05466 82.5131 0.639693 -0.903927 29.7051)
(207.228 -1.51518 83.5203 0.671943 -0.808667 32.3598)
(213.109 -1.52607 84.9845 0.949428 -0.832612 32.4331)
(176.755 -1.02301 79.3097 0.614042 -0.871766 28.9189)
(195.966 -1.46865 79.9874 0.642346 -0.784815 31.2862)
(201.656 -1.48174 81.4582 0.903892 -0.80865 31.3947)
(167.135 -0.991886 76.1127 0.588819 -0.840165 28.0796)
(185.089 -1.42279 76.4752 0.613427 -0.760989 30.1684)
(190.592 -1.43793 77.9475 0.859642 -0.784709 30.309)
(157.843 -0.961276 72.9302 0.564024 -0.809123 27.1932)
(174.589 -1.3776 72.9921 0.585178 -0.737213 29.0129)
(179.907 -1.39463 74.4612 0.816647 -0.760809 29.1826)
(148.873 -0.931163 69.7695 0.539657 -0.778635 26.2654)
(164.456 -1.33305 69.5458 0.557594 -0.713511 27.8258)
(169.593 -1.35183 71.0074 0.774876 -0.736969 28.0217)
(140.218 -0.901529 66.6378 0.515716 -0.748698 25.302)
(154.684 -1.28913 66.1434 0.530667 -0.689903 26.6132)
(159.643 -1.30951 67.5934 0.734302 -0.713207 26.8325)
(131.871 -0.872357 63.5412 0.492204 -0.719307 24.3085)
(145.265 -1.24582 62.7915 0.504392 -0.666409 25.3807)
(150.048 -1.26767 64.2261 0.694898 -0.68954 25.6208)
(123.826 -0.843631 60.4858 0.469121 -0.69046 23.29)
(136.19 -1.20311 59.4959 0.478763 -0.643046 24.134)
(140.801 -1.22628 60.9118 0.656638 -0.665984 24.3922)
(116.077 -0.815332 57.4769 0.44647 -0.66215 22.2515)
(127.455 -1.16097 56.2623 0.453775 -0.619832 22.8782)
(131.896 -1.18534 57.6562 0.619498 -0.642553 23.152)
(108.617 -0.787444 54.5195 0.424252 -0.634374 21.198)
(119.05 -1.11938 53.0956 0.429423 -0.596781 21.6183)
(123.325 -1.14482 54.4647 0.583456 -0.619261 21.9052)
(101.441 -0.75995 51.6181 0.402473 -0.607127 20.1339)
(110.971 -1.07834 50.0005 0.4057 -0.573907 20.359)
(115.081 -1.10473 51.3421 0.54849 -0.596119 20.6568)
(94.5434 -0.732834 48.777 0.381134 -0.580404 19.0635)
(103.211 -1.03781 46.981 0.382602 -0.551221 19.1048)
(107.16 -1.06503 48.2927 0.514576 -0.57314 19.4112)
(87.9194 -0.706078 45.9998 0.360238 -0.554198 17.9909)
(95.7643 -0.997787 44.041 0.360127 -0.528734 17.8598)
(99.5536 -1.02573 45.3206 0.481698 -0.550332 18.1727)
(81.5637 -0.679666 43.29 0.339792 -0.528506 16.9201)
(88.6252 -0.958243 41.184 0.338269 -0.506455 16.6279)
(92.2576 -0.98679 42.4294 0.449837 -0.527707 16.9455)
(75.4717 -0.653581 40.6508 0.319799 -0.503321 15.8546)
(81.7885 -0.919161 38.4129 0.317024 -0.484394 15.4129)
(85.2663 -0.948212 39.6223 0.418975 -0.505272 15.7332)
(69.6389 -0.627807 38.0849 0.300264 -0.478638 14.7978)
(75.2495 -0.880523 35.7306 0.29639 -0.462558 14.218)
(78.5746 -0.909978 36.9024 0.389096 -0.483036 14.5393)
(64.061 -0.602328 35.5949 0.281192 -0.45445 13.7529)
(69.0033 -0.842311 33.1396 0.27636 -0.440953 13.0466)
(72.1778 -0.872072 34.2723 0.360184 -0.461004 13.3673)
(58.7341 -0.577128 33.1831 0.262587 -0.430752 12.7229)
(63.0456 -0.804506 30.642 0.256932 -0.419584 11.9014)
(66.0714 -0.83448 31.7343 0.332223 -0.439184 12.22)
(53.6544 -0.552191 30.8515 0.244454 -0.407538 11.7104)
(57.3723 -0.767089 28.2398 0.238102 -0.398455 10.7853)
(60.2512 -0.797188 29.2905 0.305197 -0.41758 11.1002)
(48.8183 -0.527502 28.6018 0.226796 -0.384801 10.7181)
(51.9796 -0.730041 25.9347 0.219866 -0.377571 9.70061)
(54.7133 -0.760181 26.9429 0.279094 -0.396197 10.0107)
(44.2226 -0.503046 26.4358 0.20962 -0.362535 9.74812)
(46.8638 -0.693346 23.7282 0.20222 -0.356932 8.64961)
(49.4538 -0.723445 24.6929 0.253899 -0.375038 8.95355)
(39.8642 -0.478806 24.3547 0.192929 -0.340732 8.80271)
(42.0217 -0.656982 21.6215 0.185157 -0.33654 7.63432)
(44.4695 -0.686965 22.542 0.229597 -0.354106 7.93104)
(35.7401 -0.454767 22.3598 0.176725 -0.319386 7.88377)
(37.45 -0.620927 19.6159 0.16867 -0.316395 6.65657)
(39.7571 -0.650723 20.4914 0.206169 -0.333403 6.94503)
(31.8477 -0.430912 20.452 0.161009 -0.298487 6.99304)
(33.146 -0.585156 17.7121 0.152749 -0.296493 5.718)
(35.3135 -0.614699 18.5422 0.183597 -0.312927 5.99726)
(28.1845 -0.407221 18.6324 0.145782 -0.278028 6.1321)
(29.1069 -0.549636 15.911 0.137394 -0.276829 4.82006)
(31.1362 -0.578869 16.6951 0.161864 -0.292677 5.08927)
(24.7482 -0.383668 16.9015 0.131045 -0.257999 5.30233)
(25.3304 -0.514331 14.2131 0.122584 -0.257394 3.96403)
(27.2225 -0.543199 14.951 0.140954 -0.272645 4.22242)
(21.5366 -0.360224 15.26 0.116801 -0.238386 4.505)
(21.814 -0.479177 12.6189 0.108287 -0.238169 3.15098)
(23.5701 -0.50764 13.3102 0.120817 -0.25282 3.39787)
(18.5478 -0.336846 13.7083 0.103027 -0.219173 3.74119)
(18.5557 -0.444085 11.1288 0.094472 -0.219127 2.38188)
(20.1768 -0.472121 11.7733 0.101405 -0.233181 2.61665)
(15.7799 -0.313467 12.2468 0.0897051 -0.200338 3.01184)
(15.5537 -0.40892 9.74292 0.0810911 -0.200221 1.65752)
(17.0408 -0.43653 10.3406 0.0826536 -0.213692 1.87963)
(13.2313 -0.289993 10.8757 0.0768088 -0.181849 2.31777)
(12.8061 -0.373487 8.46143 0.0680781 -0.181384 0.978549)
(14.1603 -0.400705 9.01232 0.0644711 -0.1943 1.18756)
(10.9004 -0.266279 9.59501 0.0642935 -0.163662 1.65963)
(10.3116 -0.337502 7.28433 0.0553553 -0.162517 0.345506)
(11.5339 -0.364409 7.78852 0.0467409 -0.174928 0.541037)
(8.78584 -0.242124 8.40481 0.0520999 -0.14572 1.03798)
(8.06897 -0.300579 6.21157 0.0428368 -0.143484 -0.241223)
(9.16041 -0.327318 6.66931 0.0293305 -0.155464 -0.0594489)
(6.8865 -0.217245 7.30488 0.0401558 -0.127942 0.453186)
(6.07758 -0.262234 5.24306 0.0304622 -0.124109 -0.78137)
(7.03932 -0.289019 5.65476 0.0121043 -0.135765 -0.613528)
(5.20141 -0.191286 6.29485 0.0283792 -0.11023 -0.0945218)
(4.33766 -0.221946 4.37876 0.0182661 -0.104199 -1.27479)
(5.17069 -0.249054 4.745 -0.00499254 -0.115663 -1.12092)
(3.73004 -0.163849 5.37411 0.0167217 -0.0924712 -0.60513)
(2.85091 -0.179348 3.6188 0.00653303 -0.0836126 -1.72148)
(3.55578 -0.207061 3.9403 -0.021795 -0.0950174 -1.58145)
(2.47252 -0.134621 4.54173 0.00522937 -0.0745787 -1.0789)
(1.62138 -0.134664 2.96375 -0.00395354 -0.0624177 -2.12163)
(2.19753 -0.163088 3.24126 -0.0375878 -0.073819 -1.99505)
(1.43 -0.103644 3.79639 -0.00583521 -0.0565697 -1.51645)
(0.656265 -0.0895181 2.41501 -0.0109871 -0.0412109 -2.47585)
(1.10108 -0.118177 2.64901 -0.050529 -0.0524171 -2.36173)
(0.604583 -0.0718372 3.1364 -0.015783 -0.0387203 -1.91892)
(-0.0331374 -0.0482444 1.97364 -0.00739507 -0.0217604 -2.78398)
(0.273742 -0.0752264 2.16526 -0.0557162 -0.0319411 -2.6818)
(-0.00125699 -0.0419088 2.5593 -0.0216141 -0.0219176 -2.28717)
(-0.437431 -0.018168 1.64524 0.00728507 -0.00736688 -3.06327)
(-0.271896 -0.0393815 1.79482 -0.0431502 -0.0146678 -2.95231)
(-0.382016 -0.0190598 2.06585 -0.0150555 -0.00835461 -2.61912)
(-0.585208 -0.00281554 1.44965 0.0308708 0.000641183 -3.3032)
(-0.550925 -0.0153852 1.5517 -0.0185197 -0.00263359 -3.19605)
(-0.55978 -0.00695318 1.6779 -0.0109783 -0.000381839 -2.93437)
(-0.584237 -0.00456766 1.46263 0.0042806 0.0052233 -3.38804)
(-0.586782 -0.0024012 1.46898 -0.0438385 0.00480944 -3.27396)
(1002.4 46.4894 43.9271 139.56 3.41854 47.8622)
(1067.26 40.9123 119.343 197.617 3.70162 88.1203)
(866.046 50.0551 149.546 202.422 6.40955 142.686)
(975.529 23.9326 43.3478 48.306 1.35231 -9.64047)
(966.456 23.9353 60.0851 77.9775 1.24188 0.0776309)
(822.901 25.2504 74.0804 67.7207 2.77024 3.33134)
(952.395 10.8539 60.0954 27.9576 -0.0150673 -7.11427)
(961.133 12.279 56.8976 39.8091 0.0843496 -8.30162)
(815.481 11.3448 63.659 27.5395 -0.265791 -16.3857)
(926.391 3.70278 71.9478 18.7374 -0.799645 -3.21746)
(940.18 5.32685 66.9134 26.4836 -0.573731 -4.43927)
(791.717 4.24542 70.5747 17.5584 -1.8573 -11.6893)
(898.9 0.0561379 81.9435 12.5479 -1.15359 -0.616089)
(913.462 1.46835 77.2321 17.6134 -0.922924 -1.66195)
(765.338 0.568065 78.6549 11.1928 -2.45888 -8.79079)
(871.025 -1.65651 90.9537 8.91667 -1.26576 2.01308)
(885.711 -0.492231 86.5853 12.15 -1.05755 0.851165)
(740.393 -1.1768 86.1958 7.28274 -2.55391 -6.34076)
(843.316 -2.38209 99 6.7948 -1.26127 4.69738)
(857.693 -1.40207 94.9626 8.95443 -1.0688 3.45742)
(716.364 -1.89129 93.0445 5.13555 -2.42409 -3.70611)
(815.996 -2.63166 106.156 5.51074 -1.21054 7.37915)
(829.896 -1.77616 102.427 7.04049 -1.02422 6.08268)
(692.997 -2.10958 99.1853 3.90692 -2.22123 -1.0335)
(789.136 -2.66602 112.474 4.71579 -1.14888 10.0483)
(802.566 -1.89319 109.052 5.86734 -0.962651 8.70689)
(670.208 -2.10843 104.651 3.18031 -2.01663 1.63854)
(762.75 -2.61353 117.99 4.20703 -1.09183 12.6853)
(775.769 -1.89591 114.883 5.12807 -0.902727 11.3159)
(647.918 -2.0239 109.462 2.74161 -1.83773 4.29353)
(736.841 -2.53362 122.738 3.86395 -1.04471 15.2659)
(749.509 -1.85406 119.954 4.6404 -0.851705 13.8867)
(626.076 -1.91911 113.633 2.465 -1.69119 6.90554)
(711.414 -2.4512 126.754 3.61696 -1.00795 17.7674)
(723.777 -1.79936 124.296 4.29844 -0.811085 16.3952)
(604.655 -1.81988 117.182 2.27873 -1.57473 9.45002)
(686.476 -2.37497 130.079 3.42619 -0.979966 20.1699)
(698.567 -1.74476 127.942 4.0415 -0.779801 18.8196)
(583.645 -1.73418 120.134 2.14304 -1.48287 11.9062)
(662.037 -2.30656 132.751 3.26888 -0.958629 22.4564)
(673.875 -1.69446 130.928 3.83496 -0.755916 21.1408)
(563.047 -1.66236 122.52 2.03601 -1.40977 14.2569)
(638.108 -2.24503 134.813 3.13204 -0.941922 24.6131)
(649.703 -1.64901 133.291 3.65907 -0.737444 23.3428)
(542.865 -1.6021 124.369 1.94562 -1.3503 16.4883)
(614.698 -2.1888 136.305 3.00827 -0.928207 26.6292)
(626.055 -1.60767 135.07 3.50258 -0.72269 25.4126)
(523.105 -1.55057 125.718 1.86536 -1.30043 18.5896)
(591.817 -2.13643 137.268 2.8933 -0.916263 28.4961)
(602.936 -1.56945 136.304 3.35903 -0.710346 27.34)
(503.775 -1.50536 126.599 1.79164 -1.25718 20.5526)
(569.47 -2.08682 137.74 2.78466 -0.905238 30.2078)
(580.351 -1.53351 137.03 3.22464 -0.699465 29.1173)
(484.881 -1.46464 127.045 1.72247 -1.21844 22.3714)
(547.662 -2.03921 137.76 2.68085 -0.894567 31.76)
(558.304 -1.49921 137.286 3.09714 -0.689396 30.739)
(466.426 -1.42709 127.089 1.6567 -1.18278 24.0418)
(526.394 -1.99311 137.362 2.58097 -0.883892 33.1502)
(536.795 -1.46613 137.109 2.97517 -0.679712 32.2015)
(448.415 -1.39187 126.762 1.59367 -1.14924 25.5614)
(505.667 -1.94818 136.58 2.48446 -0.872998 34.3774)
(515.826 -1.43396 136.531 2.85785 -0.670141 33.5027)
(430.848 -1.35837 126.094 1.53292 -1.11722 26.9291)
(485.479 -1.90422 135.448 2.39095 -0.861764 35.4418)
(495.396 -1.40254 135.587 2.74462 -0.660519 34.6422)
(413.726 -1.32623 125.112 1.4742 -1.08632 28.1447)
(465.828 -1.86107 133.995 2.30021 -0.850128 36.345)
(475.501 -1.37172 134.307 2.63511 -0.650751 35.6208)
(397.048 -1.29516 123.844 1.4173 -1.0563 29.2096)
(446.708 -1.81863 132.251 2.21207 -0.838064 37.0895)
(456.14 -1.34143 132.722 2.52907 -0.640785 36.4404)
(380.811 -1.26499 122.315 1.36211 -1.02701 30.1256)
(428.116 -1.77682 130.244 2.12643 -0.825568 37.6786)
(437.306 -1.3116 130.859 2.42632 -0.630596 37.1037)
(365.013 -1.23558 120.55 1.30853 -0.998354 30.8956)
(410.045 -1.73559 127.999 2.0432 -0.812648 38.1166)
(418.995 -1.28217 128.746 2.32672 -0.620174 37.6147)
(349.65 -1.20682 118.571 1.25649 -0.97026 31.5233)
(392.489 -1.69489 125.542 1.9623 -0.799319 38.4083)
(401.2 -1.25311 126.408 2.23018 -0.609522 37.9777)
(334.717 -1.17863 116.4 1.20594 -0.942688 32.0128)
(375.439 -1.65468 122.896 1.8837 -0.785602 38.5593)
(383.914 -1.22438 123.869 2.13659 -0.598646 38.198)
(320.208 -1.15094 114.057 1.15684 -0.915609 32.3689)
(358.889 -1.61493 120.083 1.80732 -0.77152 38.5755)
(367.13 -1.19597 121.152 2.04588 -0.587555 38.2811)
(306.119 -1.12371 111.563 1.10915 -0.889 32.5968)
(342.829 -1.57563 117.124 1.73312 -0.757097 38.4632)
(350.84 -1.16785 118.278 1.95798 -0.576263 38.2332)
(292.442 -1.09689 108.934 1.06283 -0.862843 32.7021)
(327.252 -1.53675 114.038 1.66104 -0.742359 38.2292)
(335.035 -1.14001 115.267 1.87281 -0.564783 38.0609)
(279.171 -1.07045 106.189 1.01785 -0.837124 32.6907)
(312.149 -1.4983 110.843 1.59104 -0.727332 37.8804)
(319.706 -1.11244 112.138 1.7903 -0.553131 37.7708)
(266.3 -1.04435 103.343 0.974171 -0.811831 32.5687)
(297.51 -1.46025 107.557 1.52306 -0.712042 37.4239)
(304.846 -1.08513 108.909 1.71037 -0.541321 37.3699)
(253.821 -1.01859 100.412 0.931759 -0.786954 32.3424)
(283.326 -1.4226 104.196 1.45704 -0.696515 36.867)
(290.444 -1.05808 105.596 1.63294 -0.52937 36.8654)
(241.727 -0.993143 97.4105 0.890573 -0.762485 32.0184)
(269.588 -1.38535 100.774 1.39294 -0.680777 36.2168)
(276.491 -1.03128 102.215 1.55794 -0.517292 36.2646)
(230.011 -0.967993 94.3509 0.850579 -0.738416 31.6031)
(256.287 -1.3485 97.3066 1.33071 -0.664852 35.4808)
(262.979 -1.00473 98.7807 1.48531 -0.505103 35.5745)
(218.665 -0.943129 91.246 0.811746 -0.714741 31.103)
(243.413 -1.31203 93.806 1.27029 -0.648766 34.6662)
(249.898 -0.978424 95.3064 1.41497 -0.492818 34.8027)
(207.681 -0.918543 88.1076 0.774038 -0.691452 30.5247)
(230.958 -1.27596 90.2846 1.21163 -0.63254 33.7801)
(237.239 -0.952366 91.8048 1.34685 -0.480452 33.9561)
(197.053 -0.894225 84.9465 0.737418 -0.668545 29.8746)
(218.911 -1.24027 86.7537 1.15468 -0.616197 32.8297)
(224.993 -0.926552 88.2878 1.28088 -0.468019 33.0419)
(186.773 -0.870167 81.7727 0.701855 -0.646013 29.1592)
(207.266 -1.20495 83.2238 1.09941 -0.599757 31.8219)
(213.151 -0.900977 84.7662 1.21699 -0.455531 32.0672)
(176.834 -0.846361 78.5958 0.667316 -0.623851 28.3847)
(196.012 -1.17001 79.7048 1.04575 -0.583242 30.7635)
(201.704 -0.875639 81.2503 1.15512 -0.443003 31.0387)
(167.228 -0.822798 75.4244 0.633773 -0.602054 27.5573)
(185.141 -1.13544 76.2058 0.993674 -0.566668 29.6611)
(190.644 -0.850534 77.7494 1.09521 -0.430445 29.9631)
(157.948 -0.799471 72.2667 0.601197 -0.580617 26.683)
(174.645 -1.10122 72.735 0.943138 -0.550056 28.521)
(179.962 -0.825658 74.2724 1.03721 -0.417871 28.847)
(148.988 -0.776374 69.1301 0.569564 -0.559536 25.7676)
(164.516 -1.06736 69.3002 0.894102 -0.533421 27.3496)
(169.651 -0.801008 70.8272 0.981043 -0.405289 27.6965)
(140.341 -0.753498 66.0216 0.538846 -0.538805 24.8167)
(154.746 -1.03384 65.9086 0.846529 -0.516779 26.1527)
(159.702 -0.776578 67.4213 0.926674 -0.392712 26.5177)
(132 -0.730835 62.9477 0.509022 -0.518421 23.8357)
(145.327 -1.00066 62.5667 0.800385 -0.500145 24.936)
(150.108 -0.752364 64.0616 0.874046 -0.380148 25.3164)
(123.96 -0.70838 59.9141 0.480068 -0.498378 22.8299)
(136.253 -0.967812 59.2806 0.755635 -0.483533 23.705)
(140.862 -0.728361 60.7543 0.823112 -0.367607 24.0983)
(116.214 -0.686123 56.9264 0.451963 -0.478672 21.8042)
(127.517 -0.93528 56.0558 0.712248 -0.466955 22.4649)
(131.956 -0.704562 57.5054 0.773825 -0.355097 22.8685)
(108.756 -0.664059 53.9896 0.424689 -0.459299 20.7635)
(119.111 -0.90306 52.8974 0.670195 -0.450424 21.2206)
(123.383 -0.680964 54.3201 0.726142 -0.342626 21.6323)
(101.581 -0.642179 51.1082 0.398227 -0.440255 19.7122)
(111.03 -0.871141 49.8099 0.629443 -0.43395 19.9769)
(115.138 -0.657559 51.2032 0.680022 -0.330201 20.3942)
(94.6828 -0.620475 48.2864 0.37256 -0.421535 18.6548)
(103.267 -0.839513 46.7977 0.589965 -0.417544 18.7381)
(107.214 -0.634342 48.1593 0.63542 -0.31783 19.159)
(88.0571 -0.598942 45.528 0.347667 -0.403134 17.5952)
(95.8167 -0.808167 43.8645 0.551738 -0.401215 17.5084)
(99.6057 -0.611307 45.1922 0.592302 -0.305519 17.9309)
(81.6989 -0.57757 42.8365 0.323539 -0.385049 16.5373)
(88.6736 -0.777093 41.0138 0.514736 -0.384972 16.2917)
(92.3066 -0.588447 42.3058 0.550634 -0.293273 16.7138)
(75.6033 -0.556353 40.215 0.300159 -0.367276 15.4848)
(81.8325 -0.746282 38.2487 0.478937 -0.368822 15.0916)
(85.3117 -0.565757 39.5032 0.510379 -0.281099 15.5116)
(69.7661 -0.535284 37.6664 0.277514 -0.34981 14.441)
(75.2885 -0.715722 35.572 0.444316 -0.352773 13.9116)
(78.6162 -0.543229 36.7875 0.471506 -0.269 14.3278)
(64.1831 -0.514355 35.1933 0.255592 -0.332648 13.4091)
(69.0371 -0.685406 32.9863 0.410854 -0.336832 12.7548)
(72.2153 -0.520858 34.1613 0.433983 -0.256981 13.1656)
(58.8503 -0.493559 32.7979 0.234379 -0.315785 12.392)
(63.0738 -0.655322 30.4937 0.378527 -0.321004 11.6241)
(66.1045 -0.498638 31.6271 0.39778 -0.245048 12.0281)
(53.764 -0.472889 30.4824 0.213865 -0.299216 11.3924)
(57.3946 -0.625461 28.0963 0.347317 -0.305293 10.5221)
(60.2797 -0.476562 29.1868 0.362868 -0.233202 10.918)
(48.9209 -0.452338 28.2484 0.194038 -0.282939 10.413)
(51.9957 -0.595812 25.7957 0.317206 -0.289706 9.45134)
(54.7369 -0.454624 26.8425 0.329221 -0.221448 9.83783)
(44.3175 -0.431898 26.0977 0.174887 -0.266947 9.4559)
(46.8735 -0.566364 23.5936 0.288171 -0.274244 8.41404)
(49.4726 -0.432817 24.5958 0.29681 -0.209787 8.79003)
(39.951 -0.411562 24.0316 0.156403 -0.251238 8.52335)
(42.0248 -0.537108 21.4912 0.260192 -0.258912 7.4122)
(44.4831 -0.411133 22.448 0.265608 -0.198223 7.77666)
(35.8184 -0.391323 22.0514 0.138573 -0.235807 7.61723)
(37.4465 -0.508028 19.4896 0.233244 -0.243709 6.44765)
(39.7655 -0.389566 20.4004 0.235584 -0.186755 6.79964)
(31.917 -0.37117 20.1582 0.121381 -0.220647 6.73929)
(33.1357 -0.479108 17.5898 0.2073 -0.228636 5.52202)
(35.3167 -0.368104 18.4541 0.206704 -0.175386 5.86068)
(28.2446 -0.351093 18.3527 0.104814 -0.205754 5.8911)
(29.0897 -0.450324 15.7926 0.182342 -0.21369 4.63675)
(31.1341 -0.346733 16.6098 0.178934 -0.164113 4.96133)
(24.7987 -0.331073 16.6359 0.0888524 -0.191121 5.07406)
(25.3062 -0.421643 14.0986 0.158324 -0.198863 3.79312)
(27.215 -0.325432 14.8684 0.152243 -0.152933 4.10294)
(21.5773 -0.311088 15.0082 0.0734813 -0.176737 4.28942)
(21.783 -0.393015 12.5082 0.135183 -0.184142 2.99221)
(23.5573 -0.304171 13.2305 0.126557 -0.141837 3.28668)
(18.5785 -0.291103 13.4701 0.0586492 -0.162591 3.53827)
(18.5181 -0.364364 11.022 0.112853 -0.169505 2.23499)
(20.1588 -0.282906 11.6964 0.1018 -0.130813 2.51359)
(15.8005 -0.271062 12.0221 0.044308 -0.148666 2.82156)
(15.5096 -0.335579 9.64012 0.0912354 -0.154915 1.52228)
(17.0178 -0.261568 10.2665 0.0778707 -0.11984 1.78456)
(13.2419 -0.250886 10.6644 0.0303883 -0.134938 2.14011)
(12.7563 -0.306493 8.36284 0.070207 -0.140318 0.854756)
(14.1327 -0.240055 8.9412 0.0546333 -0.108887 1.10032)
(10.9013 -0.230453 9.39715 0.0167924 -0.121375 1.49459)
(10.2569 -0.276879 7.19032 0.0496288 -0.125637 0.232989)
(11.5023 -0.218226 7.72061 0.0319236 -0.0979053 0.461514)
(8.77749 -0.209594 8.22045 0.00340065 -0.107932 0.885555)
(8.0108 -0.246438 6.12271 0.0293652 -0.110772 -0.342556)
(9.12579 -0.195892 6.605 0.00956621 -0.0868332 -0.131317)
(6.86984 -0.188085 7.13426 -0.00991611 -0.0945526 0.313442)
(6.01815 -0.214828 5.16022 0.00935719 -0.0955989 -0.871506)
(7.00306 -0.172829 5.5946 -0.0125883 -0.0755921 -0.677747)
(5.17793 -0.165661 6.13844 -0.0232698 -0.081168 -0.221477)
(4.27998 -0.181744 4.30318 -0.0102244 -0.0800056 -1.35358)
(5.13474 -0.148814 4.68979 -0.0345239 -0.0641013 -1.1774)
(3.70195 -0.142062 5.2327 -0.0366511 -0.0677086 -0.719084)
(2.79875 -0.147102 3.55213 -0.02868 -0.0639466 -1.7886)
(3.52258 -0.123734 3.89108 -0.0558355 -0.0523119 -1.63001)
(2.44282 -0.117155 4.41649 -0.0497568 -0.0541305 -1.17948)
(1.57882 -0.111386 2.90793 -0.0442929 -0.0475638 -2.1766)
(2.16985 -0.097768 3.19924 -0.0752747 -0.040273 -2.0354)
(1.40232 -0.0911655 3.68894 -0.0616987 -0.0404671 -1.60311)
(0.626659 -0.0761641 2.3719 -0.0531129 -0.0313887 -2.51793)
(1.08137 -0.0716799 2.61532 -0.0900295 -0.0282455 -2.39354)
(0.582748 -0.0650403 3.04856 -0.0705282 -0.0269226 -1.99088)
(-0.0481894 -0.0445919 1.94409 -0.0459258 -0.0165927 -2.8125)
(0.263529 -0.047161 2.14053 -0.0938041 -0.0168489 -2.70469)
(-0.0138043 -0.0409139 2.49248 -0.0713461 -0.0140595 -2.34343)
(-0.438516 -0.0208036 1.62849 -0.0227596 -0.0047258 -3.07816)
(-0.272509 -0.0267823 1.77895 -0.0758458 -0.00703576 -2.96612)
(-0.382974 -0.0219496 2.02049 -0.0557157 -0.00289608 -2.65856)
(-0.578146 -0.00721498 1.44397 0.00915152 0.00376341 -3.30697)
(-0.544027 -0.0128803 1.54387 -0.0443056 0.00056826 -3.20011)
(-0.551421 -0.0103666 1.65347 -0.0440674 0.0061143 -2.9547)
(-0.579134 -0.00635728 1.45901 -0.0172138 0.00627986 -3.38345)
(-0.581234 -0.00695896 1.46003 -0.0740009 0.0144436 -3.26929)
(1000.82 15.3488 46.4095 154.249 1.05903 52.6255)
(1070.52 3.6432e-08 122.735 204.369 -1.28549e-08 91.4169)
(870.506 15.7084 158.707 218.443 1.88428 150.703)
(974.337 8.70931 44.0794 58.3748 0.428333 -9.75509)
(964.913 7.13416e-08 61.2322 83.9581 -4.70542e-09 0.202651)
(821.896 8.86051 77.8903 79.3098 0.774933 4.37856)
(953.788 4.30271 60.9888 35.2669 0.00516271 -7.42881)
(960.995 5.35031e-08 57.4759 44.3965 5.52338e-09 -8.55198)
(816.744 4.46953 65.858 34.9412 -0.135814 -16.7719)
(929.112 1.65107 72.9577 23.9196 -0.265077 -3.30507)
(941.153 4.35512e-08 67.4342 29.8242 5.33145e-09 -4.56414)
(794.243 1.87636 72.4672 22.4328 -0.654751 -11.7678)
(901.711 0.212837 82.837 16.153 -0.40084 -0.570326)
(914.794 4.62744e-08 77.7157 19.9316 7.62019e-09 -1.68527)
(767.916 0.418283 80.2792 14.298 -0.876403 -8.65549)
(873.294 -0.495533 91.6192 11.4725 -0.449856 2.09599)
(886.93 4.75734e-08 86.9765 13.7528 1.11551e-08 0.864731)
(742.449 -0.313245 87.4316 9.21759 -0.92295 -6.17045)
(844.87 -0.81076 99.4102 8.68472 -0.452781 4.76168)
(858.604 4.83823e-08 95.2327 10.0995 1.14225e-08 3.4737)
(717.728 -0.632589 93.8523 6.36379 -0.882338 -3.56481)
(816.898 -0.929205 106.334 6.97907 -0.435804 7.39624)
(830.472 4.84113e-08 102.577 7.9 1.0695e-08 6.08317)
(693.715 -0.743991 99.5979 4.71804 -0.809603 -0.947644)
(789.529 -0.955707 112.467 5.91419 -0.41315 10.0099)
(802.859 4.66214e-08 109.097 6.54851 7.61958e-09 8.68376)
(670.412 -0.759408 104.738 3.74438 -0.733194 1.66147)
(762.784 -0.94338 117.844 5.22873 -0.391485 12.5941)
(775.851 5.46643e-08 114.847 5.69607 4.28047e-09 11.2682)
(647.757 -0.735946 109.302 3.15825 -0.665085 4.25749)
(736.641 -0.91749 122.495 4.76582 -0.373314 15.1292)
(749.447 3.9017e-08 119.859 5.13427 3.05336e-09 13.8167)
(625.675 -0.700926 113.294 2.79185 -0.608789 6.81897)
(711.073 -0.889035 126.448 4.43366 -0.359059 17.5934)
(723.625 -8.27322e-10 124.161 4.74144 2.03436e-09 16.3064)
(604.113 -0.666043 116.722 2.54883 -0.563931 9.32222)
(686.061 -0.862132 129.733 4.17906 -0.348234 19.9664)
(698.364 -1.00881e-08 127.781 4.44758 4.23231e-09 18.7157)
(583.032 -0.635344 119.596 2.37531 -0.52865 11.7458)
(661.591 -0.837828 132.384 3.97121 -0.340064 22.2301)
(673.648 1.65395e-08 130.751 4.21255 7.33434e-09 21.025)
(562.409 -0.609478 121.933 2.24136 -0.500773 14.0712)
(637.66 -0.815966 134.436 3.79231 -0.333784 24.3694)
(649.469 4.66349e-08 133.106 4.0134 1.64714e-08 23.2178)
(542.232 -0.587806 123.757 2.13046 -0.478339 16.2832)
(614.265 -0.796037 135.928 3.63205 -0.328753 26.3721)
(625.825 5.40769e-08 134.883 3.83699 2.37601e-08 25.2806)
(522.497 -0.569373 125.094 2.03355 -0.459766 18.3698)
(591.409 -0.777528 136.896 3.48441 -0.324487 28.229)
(602.718 4.69933e-08 136.117 3.67572 2.42669e-08 27.2027)
(503.203 -0.553299 125.974 1.9456 -0.443871 20.3216)
(569.092 -0.760033 137.376 3.3458 -0.32064 29.9331)
(580.147 3.68692e-08 136.847 3.52516 2.33107e-08 28.9761)
(484.349 -0.538898 126.425 1.86382 -0.429806 22.1319)
(547.315 -0.743265 137.406 3.21407 -0.31698 31.4797)
(558.115 2.41275e-08 137.107 3.38264 2.38393e-08 30.5949)
(465.937 -0.52568 126.479 1.78657 -0.416992 23.796)
(526.079 -0.727032 137.02 3.08788 -0.313359 32.8659)
(536.623 1.53542e-08 136.935 3.24654 2.57989e-08 32.0552)
(447.97 -0.513309 126.164 1.71289 -0.405038 25.3108)
(505.383 -0.711208 136.251 2.9664 -0.309684 34.0903)
(515.67 1.28835e-08 136.364 3.11582 2.88098e-08 33.3551)
(430.445 -0.501562 125.51 1.64219 -0.393693 26.6749)
(485.226 -0.695713 135.131 2.84906 -0.305901 35.1531)
(495.255 1.25336e-08 135.426 2.98983 3.12115e-08 34.4938)
(413.364 -0.49029 124.544 1.57406 -0.382794 27.8882)
(465.602 -0.680489 133.691 2.73553 -0.301983 36.0556)
(475.376 1.45545e-08 134.153 2.86811 3.37108e-08 35.4721)
(396.725 -0.479391 123.291 1.50826 -0.372239 28.9514)
(446.51 -0.665499 131.961 2.62555 -0.297915 36.8001)
(456.029 1.90178e-08 132.574 2.75038 3.59419e-08 36.2917)
(380.525 -0.468795 121.779 1.44461 -0.361964 29.8667)
(427.942 -0.650713 129.966 2.51896 -0.293692 37.3901)
(437.208 2.56172e-08 130.718 2.63641 3.73848e-08 36.9555)
(364.762 -0.458449 120.03 1.38299 -0.351926 30.6366)
(409.894 -0.636109 127.735 2.41561 -0.289315 37.8296)
(418.909 3.51458e-08 128.611 2.52605 4.03173e-08 37.4673)
(349.431 -0.448313 118.067 1.32332 -0.342099 31.2647)
(392.359 -0.621671 125.29 2.31542 -0.284788 38.1234)
(401.126 4.46523e-08 126.279 2.41917 4.55439e-08 37.8315)
(334.528 -0.438359 115.912 1.26552 -0.332464 31.7553)
(375.329 -0.607385 122.656 2.21829 -0.280117 38.2771)
(383.85 5.12918e-08 123.746 2.31567 5.10119e-08 38.0531)
(320.047 -0.42856 113.585 1.20954 -0.323008 32.1128)
(358.796 -0.59324 119.854 2.12415 -0.275309 38.2964)
(367.076 5.42917e-08 121.035 2.21546 5.46312e-08 38.1379)
(305.983 -0.418899 111.106 1.15534 -0.313721 32.3427)
(342.753 -0.579231 116.906 2.03291 -0.270372 38.1878)
(350.794 5.36932e-08 118.167 2.11844 5.63679e-08 38.0919)
(292.33 -0.40936 108.493 1.10286 -0.304595 32.4503)
(327.191 -0.565351 113.831 1.94449 -0.265315 37.9579)
(334.997 5.58775e-08 115.161 2.02453 5.69303e-08 37.9216)
(279.081 -0.399932 105.763 1.05207 -0.295625 32.4416)
(312.101 -0.551596 110.646 1.85883 -0.260145 37.6135)
(319.676 6.29674e-08 112.037 1.93363 5.86592e-08 37.6338)
(266.23 -0.390604 102.932 1.00292 -0.286805 32.3226)
(297.474 -0.537965 107.37 1.77585 -0.254873 37.1618)
(304.822 6.37706e-08 108.813 1.84567 6.09102e-08 37.2354)
(253.769 -0.38137 100.015 0.955364 -0.278131 32.0997)
(283.301 -0.524456 104.018 1.69546 -0.249507 36.6099)
(290.426 5.50069e-08 105.505 1.76055 6.17162e-08 36.7335)
(241.691 -0.372225 97.0274 0.909352 -0.269598 31.7792)
(269.572 -0.511067 100.606 1.61759 -0.244055 35.9651)
(276.478 4.64655e-08 102.129 1.67818 6.29823e-08 36.1354)
(229.99 -0.363162 93.9814 0.864838 -0.261205 31.3677)
(256.279 -0.497798 97.1468 1.54218 -0.238527 35.2346)
(262.971 4.83511e-08 98.6988 1.5985 6.75339e-08 35.4483)
(218.657 -0.35418 90.8898 0.82178 -0.252947 30.8717)
(243.413 -0.484649 93.6542 1.46914 -0.232931 34.4258)
(249.894 5.8546e-08 95.2286 1.52141 7.53061e-08 34.6794)
(207.685 -0.345274 87.7642 0.780131 -0.244822 30.2976)
(230.964 -0.471619 90.1404 1.3984 -0.227275 33.5456)
(237.238 6.10569e-08 91.731 1.44682 8.00137e-08 33.8358)
(197.067 -0.336443 84.6155 0.739844 -0.236828 29.6519)
(218.923 -0.458707 86.6167 1.32989 -0.221566 32.6013)
(224.995 5.33464e-08 88.2176 1.37466 7.89266e-08 32.9248)
(186.797 -0.327684 81.4538 0.700874 -0.228962 28.9411)
(207.282 -0.445911 83.0936 1.26355 -0.215813 31.5997)
(213.156 4.53244e-08 84.6996 1.30485 7.59819e-08 31.9533)
(176.865 -0.318994 78.2886 0.663178 -0.221222 28.1712)
(196.032 -0.433232 79.581 1.19931 -0.210022 30.5476)
(201.712 3.83116e-08 81.1869 1.23732 7.33819e-08 30.928)
(167.266 -0.310373 75.1285 0.626716 -0.213605 27.3486)
(185.165 -0.420666 76.0879 1.1371 -0.204199 29.4516)
(190.654 3.35786e-08 77.6891 1.17199 7.18737e-08 29.8557)
(157.993 -0.301818 71.9817 0.591448 -0.206111 26.4791)
(174.671 -0.408213 72.6227 1.07687 -0.198353 28.3181)
(179.974 3.38191e-08 74.2149 1.1088 7.21611e-08 28.7429)
(149.038 -0.293326 68.8557 0.557339 -0.198736 25.5686)
(164.544 -0.39587 69.1932 1.01856 -0.192488 27.1531)
(169.664 3.96549e-08 70.7724 1.04768 7.59878e-08 27.5957)
(140.395 -0.284897 65.7575 0.52435 -0.191479 24.6227)
(154.775 -0.383636 65.8065 0.962118 -0.18661 25.9628)
(159.716 5.05553e-08 67.3691 0.988565 8.26574e-08 26.4203)
(132.058 -0.276528 62.6934 0.492449 -0.184338 23.6468)
(145.358 -0.371508 62.4692 0.907489 -0.180725 24.7526)
(150.122 6.38839e-08 64.0117 0.931401 9.1131e-08 25.2224)
(124.02 -0.268217 59.6695 0.461602 -0.177312 22.6461)
(136.284 -0.359484 59.1874 0.854624 -0.174838 23.5282)
(140.876 6.72697e-08 60.7067 0.876129 9.57111e-08 24.0076)
(116.276 -0.259963 56.6911 0.431778 -0.170398 21.6256)
(127.548 -0.347562 55.9666 0.803476 -0.168954 22.2946)
(131.97 4.89693e-08 57.4599 0.822694 8.67979e-08 22.7812)
(108.819 -0.251763 53.7632 0.402948 -0.163596 20.59)
(119.142 -0.335738 52.812 0.754 -0.163076 21.0569)
(123.398 2.62422e-08 54.2765 0.771045 7.10404e-08 21.5483)
(101.644 -0.243616 50.8905 0.375083 -0.156902 19.5439)
(111.06 -0.32401 49.7281 0.70615 -0.15721 19.8196)
(115.153 2.00799e-08 51.1615 0.721133 6.26632e-08 20.3136)
(94.7463 -0.235519 48.0771 0.348158 -0.150317 18.4917)
(103.296 -0.312376 46.7191 0.659886 -0.151358 18.5872)
(107.229 5.67294e-09 48.1192 0.672906 5.22202e-08 19.0816)
(88.1202 -0.227471 45.3269 0.322143 -0.143838 17.4373)
(95.844 -0.300831 43.789 0.615172 -0.145525 17.3639)
(99.6193 -4.47204e-08 45.1538 0.626323 2.10892e-08 17.8567)
(81.7609 -0.21947 42.6433 0.297018 -0.137464 16.3846)
(88.6993 -0.289374 40.9412 0.571969 -0.139714 16.1535)
(92.3195 -7.92513e-08 42.2688 0.581343 -7.9087e-09 16.6429)
(75.6639 -0.211513 40.0295 0.27276 -0.131192 15.3373)
(81.8563 -0.278001 38.1788 0.530242 -0.133928 14.9596)
(85.3238 -6.31954e-08 39.4676 0.537925 -1.05873e-08 15.4439)
(69.8249 -0.203598 37.4884 0.249346 -0.125023 14.2987)
(75.3103 -0.266709 35.5046 0.489958 -0.128169 13.7858)
(78.6274 -4.36421e-08 36.7532 0.496029 -7.39177e-09 14.2633)
(64.2397 -0.195725 35.0225 0.226755 -0.118953 13.272)
(69.0565 -0.255495 32.9213 0.451083 -0.122441 12.635)
(72.2255 -4.27072e-08 34.1282 0.455618 -1.41536e-08 13.1042)
(58.9044 -0.18789 32.6342 0.204968 -0.112983 12.2601)
(63.0908 -0.244356 30.431 0.413586 -0.116746 11.5102)
(66.1136 -4.93837e-08 31.5951 0.416658 -2.49618e-08 11.9697)
(53.8153 -0.180091 30.3256 0.183964 -0.10711 11.2657)
(57.409 -0.23329 28.0357 0.377438 -0.111084 10.4141)
(60.2876 -4.75102e-08 29.156 0.379113 -3.19261e-08 10.8626)
(48.969 -0.172328 28.0983 0.163726 -0.101332 10.2915)
(52.0074 -0.222292 25.7372 0.342609 -0.10546 9.34917)
(54.7435 -2.46435e-08 26.8127 0.342951 -2.71286e-08 9.78542)
(44.3623 -0.164597 25.9542 0.144237 -0.0956494 9.33957)
(46.8825 -0.211359 23.537 0.309071 -0.099873 8.31754)
(49.4778 8.70326e-09 24.567 0.308141 -1.15323e-08 8.74052)
(39.9922 -0.156897 23.8946 0.125478 -0.0900592 8.41217)
(42.0309 -0.200488 21.4365 0.276793 -0.0943253 7.32127)
(44.487 3.33231e-08 22.4201 0.27465 4.60692e-09 7.73)
(35.8558 -0.149225 21.9207 0.10743 -0.0845603 7.51121)
(37.4496 -0.189674 19.4367 0.245739 -0.0888175 6.36218)
(39.768 3.93145e-08 20.3735 0.24244 1.31878e-08 6.75577)
(31.9505 -0.141579 20.0336 0.090072 -0.0791509 6.63841)
(33.1357 -0.178911 17.5386 0.215872 -0.0833495 5.44189)
(35.3177 4.04083e-08 18.428 0.211474 1.46238e-08 5.81956)
(28.2739 -0.133953 18.2342 0.0733791 -0.0738288 5.79535)
(29.0867 -0.168191 15.7431 0.18716 -0.0779201 4.56186)
(31.1336 3.02624e-08 16.5847 0.181711 8.92682e-09 4.92288)
(24.8238 -0.126343 16.5233 0.0573242 -0.0685915 4.98343)
(25.3002 -0.157499 14.0508 0.159545 -0.0725262 3.72334)
(27.2131 8.76522e-09 14.8441 0.153111 2.33008e-09 4.06711)
(21.5981 -0.118738 14.9015 0.0418784 -0.0634353 4.2039)
(21.774 -0.146817 12.4622 0.13295 -0.0671632 2.92746)
(23.5539 3.06462e-09 13.207 0.125595 -3.6437e-09 3.25342)
(18.5949 -0.111127 13.3692 0.0269816 -0.058356 3.45786)
(18.5061 -0.136117 10.9777 0.107284 -0.0618226 2.17516)
(20.154 -1.19347e-08 11.6738 0.0990739 -1.34478e-08 2.48284)
(15.8126 -0.103487 11.927 0.0125662 -0.0533473 2.74625)
(15.4951 -0.125354 9.5976 0.0824231 -0.0564906 1.46727)
(17.0116 -4.49496e-08 10.2448 0.0734344 -2.07313e-08 1.75626)
(13.2496 -0.0957874 10.575 -0.00146037 -0.0484005 2.0699)
(12.7394 -0.114467 8.32226 0.0582169 -0.0511472 0.804499)
(14.1253 -7.35561e-08 8.92042 0.0485246 -1.13771e-08 1.07444)
(10.9049 -0.0879825 9.31356 -0.0152217 -0.0435036 1.42949)
(10.2384 -0.103372 7.15188 0.0344993 -0.0457645 0.187432)
(11.4939 -1.04189e-07 7.70086 0.0241654 9.81557e-09 0.438026)
(8.77743 -0.0800089 8.1427 -0.0288646 -0.0386408 0.825592)
(7.99147 -0.0919617 6.08675 0.01112 -0.0403066 -0.383434)
(9.11678 -1.23614e-07 6.5864 0.000169491 3.72147e-08 -0.152438)
(6.86665 -0.0717853 7.06249 -0.0425402 -0.0337921 0.258648)
(5.99917 -0.0801217 5.12719 -0.0119541 -0.0347331 -0.907683)
(6.99392 -9.52276e-08 5.57736 -0.0236095 5.68919e-08 -0.696501)
(5.17247 -0.0632191 6.07291 -0.0563585 -0.0289346 -0.271036)
(4.2628 -0.0677643 4.27367 -0.0344431 -0.0290112 -1.38498)
(5.12613 1.78789e-08 4.67417 -0.0471162 3.70127e-08 -1.19377)
(3.69537 -0.0542296 5.17377 -0.0702458 -0.0240472 -0.763306)
(2.78497 -0.0549026 3.52683 -0.0553986 -0.0231391 -1.81513)
(3.51527 1.56727e-07 3.87739 -0.069843 -9.5863e-09 -1.64393)
(2.43649 -0.0447966 4.36468 -0.0837315 -0.0191208 -1.21822)
(1.5698 -0.0417682 2.88754 -0.072646 -0.0171862 -2.19811)
(2.16457 2.10353e-07 3.18782 -0.0903424 -6.99092e-08 -2.04683)
(1.39763 -0.0350429 3.64485 -0.0956027 -0.0141754 -1.63617)
(0.622989 -0.0289683 2.35684 -0.0815383 -0.0113518 -2.53424)
(1.07863 1.99419e-07 2.60643 -0.105487 -7.54689e-08 -2.40245)
(0.580783 -0.0253505 3.01276 -0.103394 -0.0092869 -2.01803)
(-0.0470546 -0.017589 1.93423 -0.0722943 -0.00601401 -2.82347)
(0.263385 1.6026e-07 2.13422 -0.108605 4.11848e-08 -2.71105)
(-0.0125496 -0.0164793 2.46527 -0.10161 -0.00462908 -2.36433)
(-0.434283 -0.00892988 1.62313 -0.0456445 -0.00160463 -3.08356)
(-0.270561 -7.9398e-08 1.77502 -0.0888962 1.30357e-07 -2.96991)
(-0.378881 -0.00946183 2.00182 -0.0820966 -0.000457579 -2.67269)
(-0.573924 -0.00376132 1.442 -0.0114875 0.0017549 -3.30688)
(-0.541066 -4.89511e-07 1.54193 -0.055389 -3.88455e-08 -3.20114)
(-0.546298 -0.00506899 1.64295 -0.0676658 0.00319442 -2.96078)
(-0.577448 -2.89472e-07 1.45802 -0.0276906 -1.4581e-07 -3.38184)
(-0.577851 -0.00355854 1.45601 -0.0986701 0.00674245 -3.26497)
(1000.82 -15.3488 46.4095 154.249 -1.05903 52.6255)
(1067.26 -40.9123 119.343 197.617 -3.70162 88.1203)
(870.506 -15.7084 158.707 218.443 -1.88428 150.703)
(974.337 -8.70931 44.0794 58.3748 -0.428333 -9.75509)
(966.456 -23.9353 60.0851 77.9775 -1.24188 0.0776308)
(821.896 -8.86051 77.8903 79.3098 -0.774933 4.37856)
(953.788 -4.30271 60.9888 35.2669 -0.0051627 -7.42881)
(961.133 -12.279 56.8976 39.8091 -0.0843496 -8.30162)
(816.744 -4.46953 65.858 34.9412 0.135814 -16.7719)
(929.112 -1.65107 72.9577 23.9196 0.265077 -3.30507)
(940.18 -5.32685 66.9134 26.4836 0.573731 -4.43927)
(794.243 -1.87636 72.4672 22.4328 0.654751 -11.7678)
(901.711 -0.212837 82.837 16.153 0.40084 -0.570326)
(913.462 -1.46835 77.2321 17.6134 0.922924 -1.66195)
(767.916 -0.418282 80.2792 14.298 0.876403 -8.65549)
(873.294 0.495533 91.6192 11.4725 0.449856 2.09599)
(885.711 0.492231 86.5853 12.15 1.05755 0.851165)
(742.449 0.313245 87.4316 9.21759 0.92295 -6.17045)
(844.87 0.81076 99.4102 8.68472 0.452781 4.76168)
(857.693 1.40207 94.9626 8.95443 1.0688 3.45742)
(717.728 0.632589 93.8523 6.36379 0.882338 -3.56481)
(816.898 0.929205 106.334 6.97907 0.435804 7.39624)
(829.896 1.77616 102.427 7.04049 1.02422 6.08268)
(693.715 0.743991 99.5979 4.71804 0.809603 -0.947644)
(789.529 0.955707 112.467 5.91419 0.41315 10.0099)
(802.566 1.89319 109.052 5.86734 0.962651 8.70689)
(670.412 0.759408 104.738 3.74438 0.733194 1.66147)
(762.784 0.94338 117.844 5.22873 0.391485 12.5941)
(775.769 1.89591 114.883 5.12807 0.902727 11.3159)
(647.757 0.735946 109.302 3.15825 0.665085 4.25749)
(736.641 0.91749 122.495 4.76582 0.373314 15.1292)
(749.509 1.85406 119.954 4.6404 0.851705 13.8867)
(625.675 0.700926 113.294 2.79185 0.608789 6.81897)
(711.073 0.889035 126.448 4.43366 0.359059 17.5934)
(723.777 1.79936 124.296 4.29844 0.811085 16.3952)
(604.113 0.666043 116.722 2.54883 0.563931 9.32222)
(686.061 0.862132 129.733 4.17906 0.348234 19.9664)
(698.567 1.74476 127.942 4.0415 0.779801 18.8196)
(583.032 0.635344 119.596 2.37531 0.52865 11.7458)
(661.591 0.837828 132.384 3.97121 0.340064 22.2301)
(673.875 1.69446 130.928 3.83496 0.755916 21.1408)
(562.409 0.609478 121.933 2.24136 0.500773 14.0712)
(637.66 0.815966 134.436 3.79231 0.333784 24.3694)
(649.703 1.64901 133.291 3.65907 0.737444 23.3428)
(542.232 0.587806 123.757 2.13046 0.478339 16.2832)
(614.265 0.796037 135.928 3.63205 0.328753 26.3721)
(626.055 1.60767 135.07 3.50258 0.72269 25.4126)
(522.497 0.569373 125.094 2.03355 0.459766 18.3698)
(591.409 0.777528 136.896 3.48441 0.324487 28.229)
(602.936 1.56945 136.304 3.35903 0.710346 27.34)
(503.203 0.553299 125.974 1.9456 0.443871 20.3216)
(569.092 0.760033 137.376 3.3458 0.32064 29.9331)
(580.351 1.53351 137.03 3.22464 0.699465 29.1173)
(484.349 0.538898 126.425 1.86382 0.429806 22.1319)
(547.315 0.743265 137.406 3.21407 0.31698 31.4797)
(558.304 1.49921 137.286 3.09714 0.689396 30.739)
(465.937 0.52568 126.479 1.78657 0.416992 23.796)
(526.079 0.727032 137.02 3.08788 0.313359 32.8659)
(536.795 1.46613 137.109 2.97517 0.679712 32.2015)
(447.97 0.513309 126.164 1.71289 0.405038 25.3108)
(505.383 0.711208 136.251 2.9664 0.309684 34.0903)
(515.826 1.43396 136.531 2.85785 0.670141 33.5027)
(430.445 0.501562 125.51 1.64219 0.393693 26.6749)
(485.226 0.695713 135.131 2.84906 0.305901 35.1531)
(495.396 1.40254 135.587 2.74462 0.660519 34.6422)
(413.364 0.49029 124.544 1.57406 0.382794 27.8882)
(465.602 0.680489 133.691 2.73553 0.301983 36.0556)
(475.501 1.37172 134.307 2.63511 0.650751 35.6208)
(396.725 0.479391 123.291 1.50826 0.372239 28.9514)
(446.51 0.665499 131.961 2.62555 0.297915 36.8001)
(456.14 1.34143 132.722 2.52907 0.640785 36.4404)
(380.525 0.468795 121.779 1.44461 0.361964 29.8667)
(427.942 0.650713 129.966 2.51896 0.293692 37.3901)
(437.306 1.3116 130.859 2.42632 0.630596 37.1037)
(364.762 0.458449 120.03 1.38299 0.351926 30.6366)
(409.894 0.63611 127.735 2.41561 0.289315 37.8296)
(418.995 1.28217 128.746 2.32672 0.620174 37.6147)
(349.431 0.448313 118.067 1.32332 0.342099 31.2647)
(392.359 0.621671 125.29 2.31542 0.284788 38.1234)
(401.2 1.25311 126.408 2.23018 0.609522 37.9777)
(334.528 0.438359 115.912 1.26552 0.332464 31.7553)
(375.329 0.607385 122.656 2.21829 0.280117 38.2771)
(383.914 1.22439 123.869 2.13659 0.598646 38.198)
(320.047 0.42856 113.585 1.20954 0.323008 32.1128)
(358.796 0.593241 119.854 2.12415 0.275309 38.2964)
(367.13 1.19597 121.152 2.04588 0.587555 38.2811)
(305.983 0.418899 111.106 1.15534 0.313721 32.3427)
(342.753 0.579231 116.906 2.03291 0.270372 38.1878)
(350.84 1.16785 118.278 1.95798 0.576263 38.2332)
(292.33 0.40936 108.493 1.10286 0.304595 32.4503)
(327.191 0.565351 113.831 1.94449 0.265315 37.9579)
(335.035 1.14001 115.267 1.87281 0.564783 38.0609)
(279.081 0.399932 105.763 1.05207 0.295625 32.4416)
(312.101 0.551597 110.646 1.85883 0.260145 37.6135)
(319.706 1.11244 112.138 1.7903 0.553131 37.7708)
(266.23 0.390604 102.932 1.00292 0.286805 32.3226)
(297.474 0.537966 107.37 1.77585 0.254873 37.1618)
(304.846 1.08513 108.909 1.71037 0.541321 37.3699)
(253.769 0.381371 100.015 0.955365 0.278131 32.0997)
(283.301 0.524456 104.018 1.69546 0.249507 36.6099)
(290.444 1.05808 105.596 1.63294 0.52937 36.8654)
(241.691 0.372225 97.0274 0.909352 0.269598 31.7792)
(269.572 0.511067 100.606 1.61759 0.244055 35.9651)
(276.491 1.03128 102.215 1.55794 0.517292 36.2646)
(229.99 0.363162 93.9814 0.864838 0.261205 31.3677)
(256.279 0.497799 97.1468 1.54218 0.238527 35.2346)
(262.979 1.00473 98.7807 1.48531 0.505103 35.5746)
(218.657 0.35418 90.8898 0.82178 0.252947 30.8717)
(243.413 0.48465 93.6542 1.46914 0.232931 34.4258)
(249.898 0.978424 95.3064 1.41497 0.492818 34.8027)
(207.685 0.345274 87.7642 0.780132 0.244822 30.2976)
(230.964 0.471619 90.1404 1.3984 0.227275 33.5456)
(237.239 0.952367 91.8048 1.34685 0.480452 33.9561)
(197.067 0.336443 84.6155 0.739845 0.236828 29.6519)
(218.923 0.458707 86.6167 1.32989 0.221566 32.6013)
(224.993 0.926552 88.2878 1.28088 0.468019 33.0419)
(186.797 0.327684 81.4538 0.700874 0.228962 28.9411)
(207.282 0.445912 83.0936 1.26355 0.215813 31.5997)
(213.151 0.900977 84.7662 1.21699 0.455531 32.0672)
(176.865 0.318994 78.2886 0.663178 0.221222 28.1712)
(196.032 0.433232 79.581 1.19931 0.210021 30.5476)
(201.704 0.875639 81.2503 1.15512 0.443003 31.0387)
(167.266 0.310373 75.1285 0.626716 0.213605 27.3486)
(185.165 0.420666 76.0879 1.1371 0.204199 29.4516)
(190.644 0.850534 77.7494 1.09521 0.430445 29.9631)
(157.993 0.301818 71.9817 0.591449 0.20611 26.4791)
(174.671 0.408213 72.6227 1.07687 0.198353 28.3181)
(179.962 0.825658 74.2724 1.03721 0.417871 28.847)
(149.038 0.293326 68.8557 0.557339 0.198736 25.5686)
(164.544 0.39587 69.1932 1.01856 0.192488 27.1531)
(169.651 0.801008 70.8272 0.981043 0.405289 27.6965)
(140.395 0.284897 65.7575 0.524351 0.191479 24.6227)
(154.775 0.383636 65.8065 0.962119 0.18661 25.9628)
(159.702 0.776578 67.4213 0.926674 0.392712 26.5177)
(132.058 0.276528 62.6934 0.492449 0.184338 23.6468)
(145.358 0.371508 62.4692 0.90749 0.180725 24.7526)
(150.108 0.752364 64.0616 0.874046 0.380148 25.3164)
(124.02 0.268218 59.6695 0.461602 0.177312 22.6461)
(136.284 0.359484 59.1874 0.854625 0.174838 23.5282)
(140.862 0.728361 60.7543 0.823112 0.367607 24.0983)
(116.276 0.259963 56.6911 0.431778 0.170398 21.6256)
(127.548 0.347562 55.9666 0.803476 0.168953 22.2946)
(131.956 0.704563 57.5054 0.773825 0.355097 22.8685)
(108.819 0.251764 53.7632 0.402948 0.163595 20.59)
(119.142 0.335738 52.812 0.754001 0.163076 21.0569)
(123.383 0.680964 54.3201 0.726143 0.342626 21.6323)
(101.644 0.243616 50.8905 0.375084 0.156902 19.5439)
(111.06 0.32401 49.7281 0.706151 0.15721 19.8196)
(115.138 0.657559 51.2032 0.680022 0.330201 20.3942)
(94.7463 0.23552 48.0771 0.348159 0.150317 18.4917)
(103.296 0.312376 46.7191 0.659887 0.151358 18.5872)
(107.214 0.634342 48.1593 0.63542 0.31783 19.159)
(88.1202 0.227471 45.3269 0.322144 0.143838 17.4373)
(95.844 0.300831 43.789 0.615172 0.145525 17.3639)
(99.6057 0.611307 45.1922 0.592303 0.305519 17.9309)
(81.7609 0.21947 42.6433 0.297019 0.137463 16.3846)
(88.6993 0.289374 40.9412 0.571969 0.139714 16.1535)
(92.3066 0.588447 42.3058 0.550634 0.293273 16.7138)
(75.6639 0.211513 40.0295 0.272761 0.131192 15.3373)
(81.8563 0.278001 38.1788 0.530243 0.133928 14.9596)
(85.3117 0.565757 39.5032 0.510379 0.281098 15.5116)
(69.8249 0.203598 37.4884 0.249346 0.125022 14.2987)
(75.3103 0.266709 35.5046 0.489958 0.128169 13.7858)
(78.6162 0.543229 36.7875 0.471506 0.269 14.3278)
(64.2397 0.195725 35.0225 0.226755 0.118953 13.272)
(69.0565 0.255495 32.9213 0.451083 0.122441 12.635)
(72.2153 0.520858 34.1613 0.433984 0.256981 13.1656)
(58.9044 0.18789 32.6342 0.204968 0.112983 12.2601)
(63.0908 0.244356 30.431 0.413586 0.116745 11.5102)
(66.1045 0.498638 31.627 0.397781 0.245048 12.0281)
(53.8153 0.180092 30.3256 0.183965 0.107109 11.2657)
(57.409 0.23329 28.0357 0.377438 0.111084 10.4141)
(60.2797 0.476562 29.1868 0.362869 0.233202 10.918)
(48.969 0.172328 28.0983 0.163727 0.101332 10.2915)
(52.0074 0.222292 25.7372 0.342609 0.10546 9.34917)
(54.7369 0.454624 26.8425 0.329221 0.221448 9.83784)
(44.3623 0.164597 25.9542 0.144237 0.0956492 9.33957)
(46.8825 0.211359 23.537 0.309072 0.099873 8.31754)
(49.4726 0.432817 24.5958 0.29681 0.209787 8.79003)
(39.9922 0.156897 23.8946 0.125478 0.0900591 8.41217)
(42.0309 0.200488 21.4365 0.276793 0.0943253 7.32127)
(44.4831 0.411133 22.448 0.265609 0.198223 7.77666)
(35.8558 0.149225 21.9207 0.10743 0.0845602 7.51121)
(37.4496 0.189674 19.4367 0.245739 0.0888175 6.36218)
(39.7655 0.389566 20.4004 0.235584 0.186755 6.79964)
(31.9505 0.141579 20.0336 0.0900722 0.0791508 6.63841)
(33.1357 0.178912 17.5386 0.215873 0.0833495 5.44189)
(35.3167 0.368104 18.4541 0.206704 0.175386 5.86068)
(28.2739 0.133953 18.2342 0.0733793 0.0738287 5.79535)
(29.0867 0.168191 15.7431 0.18716 0.0779201 4.56186)
(31.1341 0.346733 16.6098 0.178935 0.164113 4.96133)
(24.8238 0.126343 16.5233 0.0573245 0.0685914 4.98343)
(25.3002 0.157499 14.0508 0.159545 0.0725262 3.72334)
(27.215 0.325432 14.8684 0.152244 0.152932 4.10294)
(21.5981 0.118739 14.9015 0.0418786 0.0634352 4.2039)
(21.774 0.146817 12.4622 0.13295 0.0671631 2.92746)
(23.5573 0.304171 13.2305 0.126557 0.141837 3.28668)
(18.5949 0.111127 13.3692 0.0269818 0.0583559 3.45786)
(18.5061 0.136117 10.9777 0.107284 0.0618225 2.17516)
(20.1588 0.282906 11.6964 0.1018 0.130813 2.51359)
(15.8126 0.103487 11.927 0.0125664 0.0533472 2.74625)
(15.4951 0.125354 9.5976 0.0824232 0.0564905 1.46727)
(17.0178 0.261568 10.2665 0.0778708 0.11984 1.78456)
(13.2496 0.0957874 10.575 -0.0014602 0.0484004 2.0699)
(12.7394 0.114467 8.32226 0.0582171 0.0511471 0.8045)
(14.1327 0.240055 8.9412 0.0546334 0.108887 1.10032)
(10.9049 0.0879825 9.31356 -0.0152215 0.0435035 1.42949)
(10.2384 0.103372 7.15188 0.0344997 0.0457644 0.187433)
(11.5023 0.218226 7.72061 0.0319237 0.0979052 0.461514)
(8.77743 0.0800088 8.1427 -0.0288643 0.0386407 0.825592)
(7.99147 0.0919616 6.08675 0.0111204 0.0403066 -0.383433)
(9.12579 0.195892 6.605 0.0095661 0.0868331 -0.131317)
(6.86665 0.0717852 7.06249 -0.0425399 0.0337921 0.258648)
(5.99917 0.0801217 5.12719 -0.0119539 0.0347332 -0.907683)
(7.00306 0.172829 5.5946 -0.0125886 0.075592 -0.677748)
(5.17247 0.063219 6.07291 -0.0563581 0.0289346 -0.271036)
(4.2628 0.0677647 4.27367 -0.0344434 0.0290114 -1.38498)
(5.13474 0.148814 4.68979 -0.0345243 0.0641014 -1.1774)
(3.69537 0.0542296 5.17377 -0.0702457 0.0240473 -0.763306)
(2.78497 0.054903 3.52683 -0.0553992 0.0231392 -1.81513)
(3.52258 0.123735 3.89108 -0.0558356 0.0523122 -1.63001)
(2.43648 0.0447967 4.36468 -0.0837319 0.0191209 -1.21822)
(1.5698 0.0417685 2.88754 -0.0726467 0.0171862 -2.19812)
(2.16985 0.0977683 3.19924 -0.0752744 0.0402733 -2.0354)
(1.39763 0.0350431 3.64485 -0.0956033 0.0141754 -1.63617)
(0.622989 0.0289684 2.35684 -0.0815387 0.0113518 -2.53424)
(1.08137 0.0716799 2.61532 -0.0900292 0.0282456 -2.39354)
(0.580783 0.0253506 3.01276 -0.103395 0.00928681 -2.01804)
(-0.0470539 0.017589 1.93423 -0.0722935 0.00601394 -2.82347)
(0.26353 0.0471607 2.14053 -0.0938038 0.0168487 -2.70469)
(-0.0125495 0.0164795 2.46527 -0.10161 0.00462897 -2.36433)
(-0.434282 0.00892948 1.62313 -0.0456429 0.00160443 -3.08356)
(-0.272508 0.0267822 1.77895 -0.0758453 0.00703534 -2.96611)
(-0.37888 0.00946192 2.00182 -0.0820953 0.00045748 -2.67268)
(-0.573923 0.00376042 1.442 -0.0114876 -0.00175521 -3.30688)
(-0.544026 0.0128801 1.54387 -0.0443051 -0.000568657 -3.20011)
(-0.546297 0.00506862 1.64295 -0.0676645 -0.00319454 -2.96078)
(-0.579137 0.00635738 1.45901 -0.017215 -0.00627982 -3.38346)
(-0.577851 0.00355817 1.45601 -0.0986709 -0.00674234 -3.26497)
(1002.4 -46.4894 43.9271 139.56 -3.41854 47.8622)
(1060.2 -88.3349 108.407 173.089 -8.5107 76.1182)
(866.046 -50.0551 149.546 202.422 -6.40955 142.686)
(975.529 -23.9326 43.3478 48.306 -1.35231 -9.64047)
(969.127 -44.5484 56.526 58.1394 -3.51007 -1.9688)
(822.901 -25.2504 74.0804 67.7207 -2.77024 3.33134)
(952.395 -10.8539 60.0954 27.9576 0.0150673 -7.11427)
(958.132 -20.1013 55.0497 26.4703 -0.551696 -8.34624)
(815.481 -11.3448 63.659 27.5395 0.265791 -16.3857)
(926.391 -3.70278 71.9478 18.7374 0.799645 -3.21746)
(934.484 -7.66095 65.1516 17.4472 1.04593 -4.4502)
(791.717 -4.24542 70.5747 17.5584 1.8573 -11.6893)
(898.9 -0.0561378 81.9435 12.5479 1.15359 -0.616089)
(907.847 -1.42855 75.6564 11.5364 1.73268 -1.80363)
(765.338 -0.568065 78.6549 11.1928 2.45888 -8.79079)
(871.025 1.65651 90.9537 8.91667 1.26576 2.01308)
(881.282 1.50716 85.4014 7.98305 1.94187 0.695683)
(740.393 1.1768 86.1958 7.28274 2.55391 -6.34076)
(843.316 2.38209 99 6.7948 1.26127 4.69738)
(854.659 2.78345 94.2192 5.9592 1.93688 3.35062)
(716.364 1.89129 93.0445 5.13555 2.42409 -3.70611)
(815.996 2.63166 106.156 5.51074 1.21054 7.37915)
(828.085 3.26619 102.082 4.7611 1.85148 6.05442)
(692.997 2.10958 99.1853 3.90692 2.22123 -1.0335)
(789.136 2.66602 112.474 4.71579 1.14888 10.0483)
(801.689 3.38468 109.027 4.03122 1.74749 8.76498)
(670.208 2.10843 104.651 3.18031 2.01663 1.63854)
(762.75 2.61353 117.99 4.20703 1.09183 12.6853)
(775.544 3.34852 115.096 3.5728 1.65074 11.4548)
(647.918 2.0239 109.462 2.74161 1.83773 4.29353)
(736.841 2.53362 122.738 3.86395 1.04471 15.2659)
(749.709 3.25671 120.334 3.26994 1.5699 14.0954)
(626.076 1.91911 113.633 2.465 1.69119 6.90554)
(711.414 2.4512 126.754 3.61696 1.00795 17.7674)
(724.234 3.15261 124.787 3.05606 1.50577 16.6616)
(604.655 1.81988 117.182 2.27873 1.57473 9.45002)
(686.476 2.37497 130.079 3.42619 0.979966 20.1699)
(699.162 3.0528 128.502 2.89351 1.45591 19.1324)
(583.645 1.73418 120.134 2.14304 1.48287 11.9062)
(662.037 2.30656 132.751 3.26888 0.958629 22.4564)
(674.531 2.96189 131.526 2.76105 1.417 21.4903)
(563.047 1.66236 122.52 2.03601 1.40977 14.2569)
(638.108 2.24503 134.813 3.13204 0.941922 24.6131)
(650.37 2.8797 133.906 2.6467 1.38587 23.7211)
(542.865 1.6021 124.369 1.94562 1.3503 16.4883)
(614.698 2.1888 136.305 3.00827 0.928207 26.6292)
(626.704 2.80456 135.688 2.54373 1.35994 25.8133)
(523.105 1.55057 125.718 1.86536 1.30043 18.5896)
(591.817 2.13643 137.268 2.8933 0.916263 28.4961)
(603.55 2.73472 136.915 2.4483 1.33726 27.7582)
(503.775 1.50536 126.599 1.79164 1.25718 20.5526)
(569.47 2.08682 137.74 2.78466 0.905238 30.2078)
(580.921 2.66875 137.628 2.35821 1.31647 29.5491)
(484.881 1.46464 127.045 1.72247 1.21844 22.3714)
(547.662 2.03921 137.76 2.68085 0.894567 31.76)
(558.824 2.60563 137.868 2.27216 1.29665 31.1813)
(466.426 1.42709 127.089 1.6567 1.18278 24.0418)
(526.394 1.99311 137.362 2.58097 0.883892 33.1502)
(537.266 2.54468 137.671 2.18937 1.2772 32.6517)
(448.415 1.39187 126.762 1.59367 1.14924 25.5614)
(505.667 1.94818 136.58 2.48446 0.872998 34.3774)
(516.248 2.48545 137.074 2.10933 1.25776 33.9587)
(430.848 1.35837 126.094 1.53292 1.11722 26.9291)
(485.479 1.90422 135.448 2.39095 0.861764 35.4418)
(495.771 2.42764 136.108 2.03173 1.23812 35.1023)
(413.726 1.32623 125.112 1.4742 1.08632 28.1447)
(465.828 1.86107 133.995 2.30021 0.850128 36.345)
(475.832 2.37106 134.807 1.95636 1.21817 36.0833)
(397.048 1.29516 123.844 1.4173 1.0563 29.2096)
(446.708 1.81863 132.251 2.21207 0.838064 37.0895)
(456.429 2.31554 133.201 1.88309 1.19784 36.9039)
(380.811 1.26499 122.315 1.36211 1.02701 30.1256)
(428.116 1.77682 130.244 2.12643 0.825568 37.6786)
(437.557 2.26099 131.317 1.81182 1.17712 37.5671)
(365.013 1.23558 120.55 1.30853 0.998354 30.8956)
(410.045 1.73559 127.999 2.0432 0.812648 38.1166)
(419.21 2.20732 129.184 1.74248 1.156 38.0766)
(349.65 1.20682 118.571 1.25649 0.97026 31.5233)
(392.489 1.69489 125.542 1.9623 0.799319 38.4083)
(401.382 2.15445 126.826 1.67501 1.1345 38.4372)
(334.717 1.17863 116.4 1.20594 0.942688 32.0128)
(375.439 1.65468 122.896 1.8837 0.785602 38.5593)
(384.066 2.10233 124.267 1.60936 1.11265 38.6541)
(320.208 1.15094 114.057 1.15684 0.915609 32.3689)
(358.889 1.61493 120.083 1.80732 0.77152 38.5755)
(367.254 2.05093 121.531 1.5455 1.09046 38.7329)
(306.119 1.12371 111.563 1.10915 0.889 32.5968)
(342.829 1.57563 117.124 1.73312 0.757097 38.4632)
(350.939 2.00019 118.639 1.48339 1.06796 38.68)
(292.442 1.09689 108.934 1.06283 0.862843 32.7021)
(327.252 1.53675 114.038 1.66104 0.742359 38.2292)
(335.111 1.95011 115.61 1.42298 1.04519 38.5018)
(279.171 1.07045 106.189 1.01785 0.837124 32.6907)
(312.149 1.4983 110.843 1.59104 0.727332 37.8804)
(319.762 1.90065 112.464 1.36424 1.02217 38.2053)
(266.3 1.04435 103.343 0.974171 0.811831 32.5687)
(297.51 1.46025 107.557 1.52306 0.712042 37.4239)
(304.883 1.8518 109.219 1.30712 0.998931 37.7974)
(253.821 1.01859 100.412 0.931759 0.786954 32.3424)
(283.326 1.4226 104.196 1.45704 0.696515 36.867)
(290.465 1.80355 105.891 1.25158 0.975505 37.2853)
(241.727 0.993143 97.4105 0.890573 0.762485 32.0184)
(269.588 1.38535 100.774 1.39294 0.680777 36.2168)
(276.498 1.75589 102.496 1.19759 0.951921 36.6763)
(230.011 0.967993 94.3509 0.850579 0.738416 31.6031)
(256.287 1.3485 97.3066 1.33071 0.664852 35.4808)
(262.973 1.7088 99.0474 1.1451 0.928209 35.9778)
(218.665 0.943129 91.246 0.811746 0.714741 31.103)
(243.413 1.31203 93.806 1.27029 0.648766 34.6662)
(249.881 1.66229 95.5599 1.09408 0.904395 35.197)
(207.681 0.918543 88.1076 0.774038 0.691452 30.5247)
(230.958 1.27596 90.2846 1.21163 0.63254 33.7801)
(237.212 1.61633 92.046 1.04449 0.880508 34.3412)
(197.053 0.894225 84.9465 0.737419 0.668545 29.8746)
(218.911 1.24027 86.7537 1.15468 0.616197 32.8297)
(224.958 1.57093 88.5172 0.996282 0.856572 33.4176)
(186.773 0.870167 81.7727 0.701855 0.646013 29.1592)
(207.266 1.20495 83.2238 1.09941 0.599757 31.8219)
(213.109 1.52607 84.9845 0.949428 0.832612 32.4331)
(176.834 0.846361 78.5958 0.667316 0.623851 28.3847)
(196.012 1.17001 79.7048 1.04575 0.583242 30.7635)
(201.656 1.48174 81.4582 0.903892 0.80865 31.3947)
(167.228 0.822798 75.4244 0.633773 0.602054 27.5573)
(185.141 1.13544 76.2058 0.993674 0.566669 29.6611)
(190.592 1.43793 77.9475 0.859642 0.784709 30.309)
(157.948 0.799471 72.2667 0.601198 0.580617 26.683)
(174.645 1.10122 72.735 0.943138 0.550056 28.521)
(179.907 1.39463 74.4612 0.816647 0.760809 29.1826)
(148.988 0.776374 69.1301 0.569564 0.559536 25.7676)
(164.516 1.06736 69.3002 0.894102 0.533421 27.3496)
(169.593 1.35183 71.0074 0.774877 0.736969 28.0217)
(140.341 0.753498 66.0216 0.538847 0.538805 24.8167)
(154.746 1.03384 65.9086 0.84653 0.516779 26.1527)
(159.643 1.30951 67.5934 0.734303 0.713207 26.8325)
(132 0.730835 62.9477 0.509022 0.518421 23.8357)
(145.327 1.00066 62.5667 0.800385 0.500145 24.936)
(150.048 1.26767 64.2261 0.694898 0.68954 25.6208)
(123.96 0.70838 59.9141 0.480068 0.498378 22.8299)
(136.253 0.967812 59.2806 0.755636 0.483533 23.705)
(140.801 1.22628 60.9118 0.656639 0.665984 24.3922)
(116.214 0.686123 56.9264 0.451964 0.478672 21.8042)
(127.517 0.93528 56.0558 0.712249 0.466955 22.4649)
(131.896 1.18534 57.6562 0.619499 0.642553 23.152)
(108.756 0.664059 53.9896 0.424689 0.459299 20.7635)
(119.111 0.90306 52.8974 0.670195 0.450424 21.2207)
(123.325 1.14482 54.4647 0.583457 0.619261 21.9052)
(101.581 0.642179 51.1082 0.398227 0.440255 19.7122)
(111.03 0.871141 49.8099 0.629443 0.43395 19.9769)
(115.081 1.10473 51.3421 0.548491 0.596119 20.6568)
(94.6828 0.620475 48.2864 0.37256 0.421535 18.6548)
(103.267 0.839513 46.7977 0.589965 0.417544 18.7381)
(107.16 1.06503 48.2927 0.514577 0.57314 19.4112)
(88.0571 0.598942 45.528 0.347668 0.403134 17.5952)
(95.8167 0.808167 43.8645 0.551738 0.401215 17.5084)
(99.5536 1.02573 45.3206 0.481698 0.550332 18.1727)
(81.6989 0.57757 42.8365 0.323539 0.385049 16.5373)
(88.6736 0.777093 41.0138 0.514736 0.384972 16.2917)
(92.2576 0.98679 42.4294 0.449837 0.527707 16.9455)
(75.6033 0.556354 40.215 0.300159 0.367276 15.4848)
(81.8325 0.746282 38.2487 0.478937 0.368822 15.0916)
(85.2663 0.948213 39.6223 0.418976 0.505272 15.7332)
(69.7661 0.535284 37.6664 0.277515 0.34981 14.441)
(75.2885 0.715723 35.572 0.444317 0.352773 13.9116)
(78.5746 0.909978 36.9024 0.389097 0.483036 14.5393)
(64.1831 0.514355 35.1933 0.255592 0.332648 13.4091)
(69.0371 0.685406 32.9863 0.410854 0.336832 12.7548)
(72.1778 0.872072 34.2723 0.360185 0.461004 13.3673)
(58.8503 0.493559 32.7979 0.23438 0.315784 12.392)
(63.0738 0.655322 30.4937 0.378527 0.321004 11.6241)
(66.0714 0.83448 31.7343 0.332223 0.439184 12.22)
(53.764 0.472889 30.4824 0.213865 0.299216 11.3924)
(57.3946 0.625461 28.0963 0.347318 0.305293 10.5221)
(60.2512 0.797188 29.2905 0.305197 0.41758 11.1002)
(48.9209 0.452338 28.2484 0.194038 0.282939 10.413)
(51.9957 0.595812 25.7957 0.317206 0.289706 9.45134)
(54.7133 0.760181 26.9429 0.279094 0.396197 10.0107)
(44.3175 0.431898 26.0977 0.174888 0.266947 9.4559)
(46.8735 0.566364 23.5936 0.288172 0.274244 8.41404)
(49.4538 0.723445 24.6929 0.253899 0.375038 8.95355)
(39.951 0.411562 24.0316 0.156403 0.251238 8.52335)
(42.0248 0.537108 21.4912 0.260193 0.258912 7.4122)
(44.4695 0.686965 22.542 0.229597 0.354106 7.93104)
(35.8184 0.391323 22.0514 0.138573 0.235807 7.61723)
(37.4465 0.508028 19.4896 0.233244 0.243709 6.44765)
(39.7571 0.650723 20.4914 0.206169 0.333403 6.94503)
(31.917 0.371171 20.1582 0.121382 0.220647 6.73929)
(33.1357 0.479108 17.5898 0.207301 0.228636 5.52202)
(35.3135 0.614699 18.5422 0.183597 0.312927 5.99726)
(28.2446 0.351093 18.3527 0.104814 0.205754 5.8911)
(29.0897 0.450324 15.7926 0.182342 0.21369 4.63675)
(31.1362 0.578869 16.6951 0.161864 0.292677 5.08927)
(24.7987 0.331073 16.6359 0.0888526 0.19112 5.07406)
(25.3062 0.421643 14.0986 0.158324 0.198863 3.79312)
(27.2225 0.543199 14.951 0.140955 0.272645 4.22242)
(21.5773 0.311088 15.0082 0.0734815 0.176737 4.28942)
(21.783 0.393015 12.5082 0.135184 0.184142 2.99221)
(23.5701 0.50764 13.3102 0.120817 0.25282 3.39787)
(18.5785 0.291103 13.4701 0.0586495 0.162591 3.53827)
(18.5181 0.364364 11.022 0.112853 0.169505 2.235)
(20.1768 0.472121 11.7733 0.101405 0.233181 2.61665)
(15.8005 0.271062 12.0221 0.0443083 0.148665 2.82156)
(15.5096 0.335579 9.64012 0.0912357 0.154915 1.52228)
(17.0408 0.43653 10.3406 0.0826539 0.213692 1.87964)
(13.2419 0.250886 10.6644 0.0303886 0.134938 2.14011)
(12.7563 0.306493 8.36284 0.0702071 0.140318 0.854756)
(14.1603 0.400705 9.01232 0.0644713 0.1943 1.18756)
(10.9013 0.230452 9.39715 0.0167925 0.121375 1.49459)
(10.2569 0.276879 7.19032 0.0496286 0.125637 0.232988)
(11.5339 0.364409 7.78852 0.0467409 0.174928 0.541037)
(8.77749 0.209593 8.22045 0.00340066 0.107932 0.885555)
(8.0108 0.246438 6.12271 0.0293645 0.110772 -0.342558)
(9.16041 0.327318 6.66931 0.0293301 0.155464 -0.0594501)
(6.86984 0.188085 7.13426 -0.00991647 0.0945527 0.313441)
(6.01815 0.214829 5.16022 0.00935613 0.095599 -0.871508)
(7.03932 0.289019 5.65476 0.0121038 0.135765 -0.61353)
(5.17793 0.165662 6.13844 -0.0232707 0.0811681 -0.221477)
(4.27998 0.181744 4.30318 -0.0102249 0.0800057 -1.35358)
(5.17069 0.249053 4.745 -0.00499302 0.115663 -1.12092)
(3.70195 0.142062 5.2327 -0.0366518 0.0677087 -0.719084)
(2.79875 0.147102 3.55213 -0.0286795 0.0639467 -1.7886)
(3.55578 0.207061 3.9403 -0.021795 0.0950174 -1.58145)
(2.44282 0.117155 4.41649 -0.0497567 0.0541306 -1.17948)
(1.57882 0.111386 2.90793 -0.0442918 0.0475637 -2.1766)
(2.19753 0.163088 3.24126 -0.0375873 0.073819 -1.99505)
(1.40232 0.0911656 3.68894 -0.0616979 0.0404671 -1.60311)
(0.62666 0.0761639 2.3719 -0.0531119 0.0313886 -2.51793)
(1.10108 0.118177 2.649 -0.0505282 0.052417 -2.36173)
(0.582749 0.0650403 3.04856 -0.0705273 0.0269225 -1.99088)
(-0.0481888 0.0445916 1.94409 -0.0459254 0.0165926 -2.8125)
(0.273742 0.0752265 2.16526 -0.0557157 0.031941 -2.6818)
(-0.0138036 0.0409138 2.49248 -0.0713457 0.0140594 -2.34343)
(-0.438516 0.0208036 1.62849 -0.0227595 0.00472577 -3.07816)
(-0.271896 0.0393816 1.79482 -0.0431499 0.0146678 -2.95231)
(-0.382974 0.0219496 2.02049 -0.0557159 0.00289605 -2.65856)
(-0.578146 0.00721496 1.44397 0.00914969 -0.00376343 -3.30697)
(-0.550925 0.0153854 1.5517 -0.0185192 0.00263366 -3.19605)
(-0.551421 0.0103666 1.65347 -0.0440675 -0.0061143 -2.9547)
(-0.584241 0.00456786 1.46263 0.00427943 -0.00522337 -3.38805)
(-0.581235 0.00695898 1.46003 -0.0740028 -0.0144437 -3.26929)
(1008.28 -70.952 39.415 100.437 -5.26752 36.1634)
(1085.24 -141.552 89.3906 114.896 -13.2628 53.2851)
(859.417 -86.6879 128.219 157.221 -11.2874 120.395)
(972.715 -31.1742 42.3044 24.3569 -1.75717 -9.71263)
(963.946 -49.9488 48.0975 23.041 -3.86127 -1.93857)
(820.84 -34.7308 65.617 36.4758 -4.18454 -2.57079)
(943.577 -12.4614 57.8555 13.4378 0.240893 -6.51599)
(942.752 -17.5188 49.6056 7.44239 0.388963 -6.65331)
(807.507 -13.3311 58.7672 11.5816 0.582139 -16.9133)
(917.002 -3.36619 69.4845 9.31479 1.21361 -3.16738)
(919.131 -5.52276 60.8684 5.82067 1.7442 -3.85883)
(782.598 -4.12529 66.265 8.68808 2.62396 -11.9589)
(891.326 0.857401 80.0181 6.15788 1.60444 -0.77553)
(896.368 -0.135188 72.6468 4.13198 2.15535 -1.42039)
(758.048 0.21175 75.1624 5.86514 3.28442 -9.17942)
(865.76 2.68404 89.7078 4.34391 1.71075 1.87122)
(873.794 2.2746 83.5842 2.97466 2.25915 1.20169)
(735.458 2.05794 83.8094 3.95346 3.34179 -6.64094)
(840.087 3.39521 98.3714 3.31701 1.69176 4.65785)
(850.411 3.27741 93.3739 2.30222 2.23188 4.03006)
(713.491 2.72128 91.7185 2.93581 3.15648 -3.8647)
(814.321 3.5993 106.023 2.70951 1.62815 7.46869)
(826.204 3.63158 101.976 1.89858 2.15808 6.91398)
(691.709 2.86948 98.7335 2.35723 2.90617 -1.04181)
(788.549 3.58524 112.709 2.34415 1.55694 10.2633)
(801.411 3.69186 109.454 1.6526 2.07662 9.78799)
(670.036 2.80538 104.861 2.01422 2.66579 1.77059)
(762.877 3.48935 118.483 2.11781 1.49308 13.0094)
(776.287 3.62899 115.89 1.49949 2.00227 12.6142)
(648.478 2.66888 110.146 1.80691 2.46017 4.54545)
(737.405 3.37212 123.403 1.96956 1.44091 15.6799)
(751.057 3.52309 121.367 1.39916 1.93925 15.3634)
(627.08 2.52214 114.639 1.67502 2.29299 7.25498)
(712.223 3.25743 127.526 1.86505 1.40004 18.2531)
(725.907 3.40861 125.966 1.32856 1.88711 18.0134)
(605.901 2.38868 118.399 1.58449 2.15961 9.87659)
(687.401 3.15259 130.911 1.78509 1.36828 20.7116)
(700.977 3.29839 129.762 1.27477 1.8437 20.5472)
(584.999 2.27431 121.48 1.51679 2.05298 12.3926)
(662.998 3.05813 133.612 1.71901 1.34314 23.0413)
(676.374 3.19584 132.823 1.23057 1.80658 22.9513)
(564.42 2.17768 123.938 1.46181 1.96625 14.7891)
(639.054 2.97229 135.681 1.66093 1.32237 25.2313)
(652.173 3.10072 135.21 1.19193 1.7736 25.215)
(544.203 2.09525 125.822 1.41409 1.89371 17.0553)
(615.602 2.89298 137.166 1.60764 1.30424 27.2727)
(628.426 3.01172 136.979 1.1566 1.74311 27.3298)
(524.377 2.02344 127.178 1.37069 1.83101 19.1829)
(592.661 2.81847 138.112 1.55736 1.2875 29.159)
(605.171 2.9275 138.181 1.12334 1.71395 29.2893)
(504.964 1.9593 128.05 1.33003 1.775 21.1658)
(570.248 2.74746 138.562 1.50911 1.2713 30.8852)
(582.431 2.84702 138.861 1.09144 1.68532 31.0885)
(485.978 1.90069 128.477 1.29122 1.72351 22.9994)
(548.371 2.67911 138.556 1.46235 1.25509 32.4481)
(560.222 2.76952 139.062 1.06049 1.65674 32.7238)
(467.429 1.84613 128.494 1.25378 1.67509 24.6809)
(527.035 2.61286 138.13 1.41676 1.23855 33.8459)
(538.553 2.69451 138.823 1.03026 1.62792 34.1932)
(449.325 1.79462 128.136 1.21741 1.6288 26.2085)
(506.242 2.54833 137.319 1.37216 1.2215 35.0781)
(517.427 2.62166 138.183 1.00061 1.59873 35.4958)
(431.668 1.7455 127.434 1.18192 1.58405 27.5816)
(485.991 2.48528 136.157 1.32844 1.20386 36.1453)
(496.848 2.55073 137.174 0.971442 1.56908 36.6317)
(414.46 1.69832 126.417 1.14719 1.54047 28.8007)
(466.28 2.42355 134.674 1.28555 1.18559 37.0492)
(476.813 2.48155 135.829 0.94272 1.53898 37.6024)
(397.7 1.65279 125.112 1.11313 1.49784 29.8671)
(447.106 2.363 132.901 1.24344 1.16669 37.7925)
(457.32 2.41401 134.179 0.914411 1.50842 38.4102)
(381.386 1.60867 123.547 1.07969 1.45602 30.7832)
(428.462 2.30356 130.865 1.20211 1.14718 38.3789)
(438.363 2.34798 132.253 0.886501 1.47746 39.0583)
(365.517 1.56581 121.745 1.04684 1.41492 31.5519)
(410.344 2.24513 128.592 1.16153 1.1271 38.8126)
(419.938 2.28339 130.077 0.858983 1.44611 39.5507)
(350.086 1.52407 119.729 1.01454 1.37451 32.177)
(392.744 2.18766 126.108 1.12172 1.10648 39.0988)
(402.037 2.22017 127.679 0.831855 1.41444 39.8923)
(335.091 1.48336 117.522 0.982781 1.33474 32.6628)
(375.654 2.13111 123.435 1.08267 1.08537 39.2429)
(384.655 2.15824 125.081 0.805118 1.38248 40.0884)
(320.525 1.44358 115.143 0.951544 1.29559 33.0141)
(359.068 2.07543 120.596 1.04437 1.0638 39.2511)
(367.781 2.09757 122.306 0.778772 1.35028 40.1448)
(306.382 1.40467 112.613 0.920818 1.25705 33.2363)
(342.976 2.0206 117.612 1.00684 1.04183 39.1299)
(351.409 2.0381 119.377 0.75282 1.31788 40.068)
(292.657 1.36658 109.95 0.890592 1.21912 33.3349)
(327.369 1.96659 114.502 0.970051 1.01949 38.8859)
(335.53 1.97981 116.313 0.727262 1.28533 39.8647)
(279.342 1.32925 107.171 0.860858 1.18178 33.3161)
(312.239 1.91338 111.285 0.934017 0.996823 38.5263)
(320.134 1.92265 113.133 0.702101 1.25268 39.5417)
(266.43 1.29266 104.292 0.831606 1.14502 33.186)
(297.575 1.86097 107.977 0.898726 0.973881 38.0582)
(305.211 1.86661 109.856 0.677336 1.21997 39.1062)
(253.914 1.25676 101.329 0.802828 1.10885 32.951)
(283.37 1.80933 104.595 0.864172 0.950698 37.489)
(290.754 1.81165 106.496 0.652967 1.18723 38.5656)
(241.786 1.22153 98.2957 0.774514 1.07326 32.6176)
(269.613 1.75846 101.154 0.830348 0.927316 36.826)
(276.751 1.75775 103.072 0.628993 1.15452 37.9272)
(230.04 1.18695 95.2054 0.746657 1.03825 32.1924)
(256.295 1.70834 97.6679 0.797251 0.903771 36.0765)
(263.195 1.70489 99.5953 0.605419 1.12186 37.1985)
(218.667 1.15299 92.0708 0.719253 1.00381 31.6821)
(243.407 1.65897 94.1497 0.764871 0.880101 35.248)
(250.074 1.65305 96.0813 0.582243 1.08929 36.3869)
(207.659 1.11964 88.9034 0.692296 0.969947 31.093)
(230.939 1.61032 90.6116 0.733198 0.856339 34.3476)
(237.379 1.6022 92.5421 0.559465 1.05685 35.4997)
(197.01 1.08687 85.7141 0.665777 0.936653 30.4319)
(218.882 1.5624 87.065 0.702224 0.832518 33.3825)
(225.102 1.55232 88.9896 0.537083 1.02456 34.5441)
(186.711 1.05466 82.5131 0.639694 0.903927 29.7051)
(207.228 1.51518 83.5203 0.671943 0.808667 32.3598)
(213.232 1.50338 85.4345 0.515098 0.992466 33.5273)
(176.755 1.02301 79.3097 0.614042 0.871766 28.9189)
(195.966 1.46865 79.9874 0.642346 0.784815 31.2862)
(201.762 1.45537 81.887 0.493511 0.960583 32.4562)
(167.135 0.991886 76.1127 0.588819 0.840165 28.0796)
(185.089 1.42279 76.4752 0.613427 0.760989 30.1684)
(190.682 1.40825 78.3564 0.472324 0.928941 31.3377)
(157.843 0.961276 72.9302 0.564024 0.809123 27.1932)
(174.589 1.3776 72.9921 0.585178 0.737213 29.0129)
(179.983 1.362 74.8515 0.451536 0.897562 30.1782)
(148.873 0.931163 69.7695 0.539657 0.778635 26.2654)
(164.456 1.33305 69.5458 0.557594 0.713511 27.8258)
(169.657 1.31659 71.3801 0.43115 0.866469 28.9842)
(140.218 0.901529 66.6378 0.515717 0.748698 25.302)
(154.684 1.28913 66.1434 0.530667 0.689903 26.6132)
(159.697 1.272 67.9496 0.411166 0.835682 27.7618)
(131.871 0.872357 63.5412 0.492204 0.719307 24.3085)
(145.265 1.24582 62.7915 0.504392 0.666409 25.3807)
(150.094 1.2282 64.567 0.391587 0.805218 26.5169)
(123.826 0.843631 60.4858 0.469121 0.69046 23.29)
(136.19 1.20311 59.4959 0.478763 0.643046 24.134)
(140.84 1.18516 61.2382 0.372414 0.775094 25.2552)
(116.077 0.815332 57.4769 0.44647 0.66215 22.2515)
(127.455 1.16097 56.2623 0.453775 0.619832 22.8782)
(131.929 1.14286 57.9692 0.353649 0.745324 23.982)
(108.617 0.787444 54.5195 0.424253 0.634375 21.198)
(119.05 1.11938 53.0956 0.429423 0.596781 21.6183)
(123.354 1.10127 54.765 0.335294 0.715923 22.7025)
(101.441 0.75995 51.6181 0.402473 0.607127 20.1339)
(110.971 1.07834 50.0005 0.4057 0.573907 20.359)
(115.108 1.06035 51.6305 0.317352 0.686902 21.4215)
(94.5434 0.732834 48.777 0.381135 0.580404 19.0635)
(103.211 1.03781 46.981 0.382602 0.551221 19.1048)
(107.184 1.02009 48.5701 0.299822 0.65827 20.1437)
(87.9194 0.706078 45.9998 0.360239 0.554199 17.9909)
(95.7643 0.997787 44.041 0.360127 0.528734 17.8598)
(99.5775 0.980452 45.5876 0.282709 0.630037 18.8733)
(81.5637 0.679666 43.29 0.339792 0.528506 16.9201)
(88.6252 0.958243 41.184 0.338269 0.506455 16.6279)
(92.2815 0.941414 42.6866 0.266013 0.602211 17.6145)
(75.4717 0.653581 40.6508 0.3198 0.503321 15.8546)
(81.7885 0.919161 38.4129 0.317025 0.484395 15.4129)
(85.2911 0.902947 39.8705 0.249738 0.574798 16.371)
(69.6389 0.627807 38.0849 0.300265 0.478638 14.7978)
(75.2495 0.880523 35.7306 0.29639 0.462558 14.218)
(78.6011 0.865025 37.1419 0.233885 0.547803 15.1465)
(64.061 0.602328 35.5949 0.281192 0.45445 13.7529)
(69.0033 0.842311 33.1396 0.27636 0.440953 13.0466)
(72.2066 0.827622 34.5037 0.218455 0.521231 13.9442)
(58.7341 0.577128 33.1831 0.262587 0.430753 12.7229)
(63.0456 0.804506 30.642 0.256932 0.419584 11.9015)
(66.1032 0.790712 31.958 0.20345 0.495083 12.7671)
(53.6544 0.552191 30.8515 0.244454 0.407538 11.7104)
(57.3723 0.767089 28.2398 0.238102 0.398456 10.7853)
(60.2865 0.754269 29.5069 0.188871 0.469364 11.6181)
(48.8183 0.527502 28.6018 0.226797 0.384801 10.7181)
(51.9796 0.730041 25.9347 0.219866 0.377571 9.70061)
(54.7526 0.718269 27.1523 0.174721 0.444072 10.4998)
(44.2226 0.503045 26.4358 0.20962 0.362535 9.74812)
(46.8638 0.693346 23.7282 0.20222 0.356932 8.64961)
(49.4977 0.682685 24.8957 0.160999 0.419209 9.41459)
(39.8642 0.478806 24.3547 0.192929 0.340732 8.80271)
(42.0217 0.656982 21.6215 0.185158 0.33654 7.63432)
(44.5183 0.647494 22.7384 0.147707 0.394773 8.36451)
(35.7401 0.454767 22.3598 0.176725 0.319386 7.88377)
(37.45 0.620927 19.6159 0.16867 0.316395 6.65657)
(39.8112 0.612669 20.6816 0.134841 0.370761 7.35155)
(31.8477 0.430912 20.452 0.161009 0.298487 6.99304)
(33.146 0.585156 17.7121 0.15275 0.296493 5.718)
(35.3734 0.578181 18.7264 0.122401 0.347169 6.37742)
(28.1845 0.40722 18.6324 0.145782 0.278029 6.1321)
(29.1069 0.549636 15.911 0.137394 0.276829 4.82006)
(31.202 0.543997 16.8735 0.110384 0.323991 5.4437)
(24.7482 0.383668 16.9015 0.131045 0.257999 5.30233)
(25.3304 0.51433 14.2131 0.122584 0.257394 3.96403)
(27.2945 0.510083 15.1236 0.0987944 0.301217 4.55175)
(21.5366 0.360224 15.26 0.116801 0.238386 4.505)
(21.814 0.479177 12.6189 0.108287 0.238169 3.15098)
(23.6485 0.476392 13.4772 0.0876119 0.278833 3.70274)
(18.5478 0.336846 13.7083 0.103027 0.219173 3.74119)
(18.5557 0.444085 11.1288 0.0944722 0.219127 2.38188)
(20.2617 0.442853 11.9347 0.0768261 0.256816 2.8977)
(15.7799 0.313467 12.2468 0.0897054 0.200338 3.01184)
(15.5537 0.40892 9.74292 0.0810913 0.200221 1.65752)
(17.1321 0.409366 10.4963 0.0664169 0.23513 2.1375)
(13.2313 0.289993 10.8757 0.0768091 0.181849 2.31777)
(12.8061 0.373487 8.46143 0.0680782 0.181384 0.978549)
(14.2579 0.375784 9.16211 0.0563512 0.213721 1.42283)
(10.9004 0.266279 9.59501 0.0642937 0.163662 1.65963)
(10.3116 0.337502 7.28433 0.055355 0.162518 0.345505)
(11.6372 0.34189 7.93221 0.0465849 0.192512 0.754269)
(8.78584 0.242124 8.40481 0.0520998 0.14572 1.03798)
(8.06897 0.300579 6.21157 0.0428365 0.143484 -0.241224)
(9.26856 0.307374 6.80644 0.0370638 0.17139 0.132226)
(6.8865 0.217245 7.30488 0.0401555 0.127942 0.453186)
(6.07758 0.262234 5.24306 0.0304622 0.124109 -0.78137)
(7.15058 0.271811 5.78455 0.0277185 0.150201 -0.443046)
(5.20141 0.191286 6.29485 0.0283793 0.11023 -0.0945216)
(4.33766 0.221946 4.37876 0.0182662 0.104199 -1.27479)
(5.28243 0.234659 4.86626 0.0184843 0.128747 -0.971458)
(3.73004 0.163849 5.37411 0.016722 0.0924711 -0.60513)
(2.85091 0.179348 3.6188 0.00653336 0.0836126 -1.72148)
(3.66411 0.195326 4.05124 0.0093272 0.106818 -1.45309)
(2.47252 0.134621 4.54173 0.00522976 0.0745786 -1.0789)
(1.62138 0.134664 2.96375 -0.00395309 0.0624179 -2.12163)
(2.29719 0.15339 3.33941 0.000342816 0.0842839 -1.88813)
(1.43 0.103644 3.79639 -0.00583473 0.0565698 -1.51645)
(0.656266 0.0895183 2.41501 -0.0109869 0.0412111 -2.47584)
(1.18578 0.109206 2.73125 -0.00802019 0.0613345 -2.27682)
(0.604584 0.0718372 3.1364 -0.0157826 0.0387205 -1.91892)
(-0.0331371 0.0482446 1.97364 -0.00739511 0.0217606 -2.78398)
(0.337169 0.0653528 2.22854 -0.0135708 0.0390717 -2.61957)
(-0.0012568 0.0419087 2.5593 -0.0216143 0.0219178 -2.28717)
(-0.437431 0.0181682 1.64524 0.00728542 0.00736697 -3.06327)
(-0.234989 0.0284203 1.83729 -0.00965371 0.0207542 -2.91315)
(-0.382016 0.0190598 2.06585 -0.0150559 0.00835473 -2.61912)
(-0.585208 0.0028158 1.44965 0.0308699 -0.000641243 -3.3032)
(-0.540122 0.00393673 1.57341 0.00157582 0.0111532 -3.178)
(-0.55978 0.00695334 1.6779 -0.010978 0.000381823 -2.93437)
(-0.578122 -0.0119228 1.46812 0.0124771 0.0103395 -3.37814)
(-0.586783 0.00240151 1.46898 -0.0438397 -0.00480993 -3.27396)
(1003.32 -36.6985 31.1468 54.9521 -3.49565 35.3098)
(899.551 -77.911 90.0292 65.0606 -10.4885 73.6444)
(942.689 -11.5217 34.5672 6.41053 -0.762594 -7.86911)
(796.742 -21.4794 45.2995 11.279 -2.99888 -7.58406)
(916.785 -4.95366 50.5198 3.5713 0.394219 -6.22182)
(781.703 -6.18122 44.9483 4.02271 0.674778 -16.1466)
(897.898 -0.971378 64.6278 2.41789 0.855343 -3.2917)
(763.932 -1.66825 56.6931 3.78533 1.74112 -12.081)
(879.216 1.11145 77.2645 1.53553 1.03992 -0.409439)
(746.739 0.441878 69.3937 3.16467 1.98818 -8.80574)
(858.968 2.06287 88.4566 1.07936 1.10831 2.69054)
(729.539 1.43334 80.9172 2.69371 1.99789 -5.62298)
(837.013 2.45587 98.2026 0.844044 1.12344 5.84009)
(711.312 1.84089 90.8642 2.44308 1.9197 -2.40953)
(813.701 2.57561 106.609 0.717623 1.1166 8.94925)
(692.013 1.96717 99.2894 2.29218 1.8205 0.746713)
(789.465 2.56747 113.801 0.650284 1.10287 11.9792)
(671.895 1.95955 106.365 2.1921 1.72786 3.81535)
(764.697 2.50509 119.898 0.613959 1.08872 14.9053)
(651.241 1.89338 112.266 2.12056 1.64967 6.77831)
(739.711 2.42303 125.013 0.592816 1.07628 17.7102)
(630.315 1.80649 117.144 2.06398 1.58618 9.62069)
(714.747 2.33634 129.243 0.578659 1.06569 20.3818)
(609.328 1.71608 121.129 2.01495 1.53486 12.3319)
(689.979 2.25095 132.674 0.567409 1.05637 22.911)
(588.442 1.62896 124.331 1.96971 1.49259 14.9045)
(665.53 2.16876 135.382 0.557126 1.04755 25.2903)
(567.776 1.5472 126.838 1.92637 1.45652 17.3328)
(641.485 2.09009 137.432 0.546968 1.0386 27.5136)
(547.412 1.47093 128.726 1.88404 1.42443 19.6126)
(617.901 2.01469 138.882 0.536626 1.02904 29.5763)
(527.408 1.39961 130.057 1.84235 1.39469 21.7404)
(594.816 1.94226 139.782 0.526027 1.01858 31.4743)
(507.802 1.33261 130.885 1.80113 1.36619 23.7139)
(572.255 1.87251 140.18 0.51519 1.00705 33.2048)
(488.619 1.26941 131.255 1.76035 1.33824 25.531)
(550.23 1.80524 140.117 0.504165 0.994414 34.766)
(469.877 1.20958 131.209 1.71999 1.31042 27.1908)
(528.752 1.74031 139.633 0.493003 0.980675 36.157)
(451.584 1.15283 130.784 1.68006 1.28249 28.6927)
(507.823 1.6776 138.764 0.481745 0.965889 37.378)
(433.747 1.09893 130.012 1.64054 1.25435 30.037)
(487.444 1.61702 137.543 0.470423 0.95013 38.43)
(416.368 1.0477 128.924 1.60142 1.22596 31.2248)
(467.613 1.55849 136.002 0.459062 0.933483 39.3153)
(399.446 0.99897 127.548 1.56267 1.19733 32.2578)
(448.326 1.50193 134.172 0.447682 0.916035 40.0368)
(382.98 0.952616 125.911 1.52429 1.1685 33.1386)
(429.577 1.44725 132.08 0.436301 0.897872 40.5984)
(366.967 0.908513 124.038 1.48624 1.1395 33.8705)
(411.362 1.3944 129.752 0.424931 0.879079 41.0045)
(351.402 0.866546 121.952 1.4485 1.11039 34.4574)
(393.671 1.3433 127.214 0.413585 0.859736 41.2605)
(336.282 0.82661 119.676 1.41106 1.08121 34.9037)
(376.499 1.2939 124.49 0.402276 0.839919 41.3721)
(321.599 0.788607 117.229 1.3739 1.05202 35.2144)
(359.835 1.24613 121.602 0.391012 0.819702 41.3456)
(307.348 0.752444 114.633 1.337 1.02284 35.3949)
(343.672 1.19994 118.57 0.379803 0.799153 41.1876)
(293.522 0.718036 111.904 1.30035 0.993739 35.4512)
(328 1.15528 115.414 0.368659 0.778338 40.9051)
(280.113 0.685303 109.061 1.26394 0.964741 35.3891)
(312.811 1.1121 112.152 0.357586 0.757319 40.5052)
(267.115 0.654167 106.12 1.22777 0.935887 35.2151)
(298.093 1.07035 108.803 0.346592 0.736152 39.9953)
(254.52 0.624557 103.096 1.19182 0.907212 34.9356)
(283.838 1.03 105.381 0.335682 0.714892 39.3829)
(242.319 0.596403 100.004 1.15611 0.878748 34.5572)
(270.036 0.990991 101.901 0.324867 0.693589 38.6755)
(230.505 0.569639 96.8559 1.12062 0.850523 34.0866)
(256.677 0.953283 98.379 0.314155 0.672289 37.8805)
(219.07 0.544201 93.6652 1.08538 0.822566 33.5305)
(243.752 0.916835 94.8264 0.303549 0.651037 37.0055)
(208.006 0.520025 90.4434 1.05038 0.794902 32.8955)
(231.25 0.881603 91.2558 0.293053 0.629871 36.0579)
(197.305 0.497052 87.2013 1.01563 0.767552 32.1882)
(219.163 0.847545 87.6785 0.282672 0.608828 35.0449)
(186.959 0.475223 83.9489 0.981142 0.740537 31.415)
(207.481 0.814619 84.1048 0.272411 0.587939 33.9736)
(176.961 0.454481 80.6957 0.946921 0.713875 30.5825)
(196.196 0.782782 80.5446 0.262276 0.567236 32.851)
(167.302 0.434769 77.4504 0.912983 0.687582 29.6968)
(185.297 0.751993 77.0068 0.252273 0.546745 31.6839)
(157.976 0.416034 74.2209 0.879343 0.661674 28.7639)
(174.778 0.722212 73.4996 0.242407 0.52649 30.4787)
(148.975 0.398221 71.0148 0.846019 0.636164 27.7899)
(164.628 0.693397 70.0307 0.232683 0.506493 29.2419)
(140.293 0.381279 67.8388 0.813026 0.611063 26.7803)
(154.842 0.665508 66.6071 0.223107 0.486773 27.9796)
(131.921 0.365158 64.6994 0.780384 0.586382 25.7407)
(145.409 0.638507 63.2353 0.213682 0.467346 26.6974)
(123.855 0.349807 61.6024 0.748114 0.56213 24.6764)
(136.324 0.612352 59.9211 0.204415 0.448227 25.4011)
(116.087 0.335179 58.5531 0.716234 0.538315 23.5924)
(127.579 0.587008 56.6701 0.195309 0.429429 24.096)
(108.611 0.321228 55.5565 0.684766 0.514944 22.4935)
(119.167 0.562435 53.487 0.18637 0.410961 22.787)
(101.421 0.307908 52.617 0.65373 0.492021 21.3844)
(111.082 0.538597 50.3766 0.177602 0.392832 21.479)
(94.5129 0.295176 49.7387 0.62315 0.469553 20.2693)
(103.317 0.515457 47.3428 0.169008 0.375049 20.1765)
(87.8799 0.282988 46.9254 0.593045 0.447541 19.1524)
(95.8671 0.492979 44.3894 0.160593 0.357617 18.8837)
(81.5173 0.271303 44.1804 0.563437 0.42599 18.0375)
(88.7256 0.471128 41.5198 0.152362 0.34054 17.6046)
(75.4203 0.260082 41.5069 0.534348 0.404901 16.9284)
(81.8876 0.449871 38.7368 0.144318 0.32382 16.3429)
(69.5843 0.249285 38.9076 0.505799 0.384276 15.8284)
(75.3481 0.429173 36.0434 0.136464 0.307458 15.1021)
(64.0048 0.238875 36.385 0.477811 0.364116 14.7407)
(69.1024 0.409003 33.4417 0.128803 0.291454 13.8855)
(58.6779 0.228817 33.9413 0.450404 0.34442 13.6683)
(63.1461 0.389328 30.9341 0.12134 0.275807 12.6959)
(53.5997 0.219074 31.5784 0.423597 0.325187 12.6139)
(57.4748 0.370116 28.5224 0.114076 0.260513 11.5361)
(48.7665 0.209614 29.2982 0.39741 0.306417 11.5801)
(52.0848 0.351337 26.2082 0.107015 0.245571 10.4086)
(44.1749 0.200404 27.1022 0.371859 0.288108 10.5691)
(46.9724 0.332962 23.993 0.10016 0.230976 9.31563)
(39.8218 0.191413 24.9917 0.346965 0.270258 9.58321)
(42.1342 0.314962 21.878 0.0935104 0.216722 8.25932)
(35.7041 0.18261 22.9679 0.322742 0.252862 8.62424)
(37.567 0.297305 19.8642 0.0870666 0.202804 7.24148)
(31.8193 0.173966 21.0317 0.299203 0.235919 7.69398)
(33.268 0.27996 17.9525 0.0808289 0.189212 6.26377)
(28.1645 0.16545 19.184 0.276362 0.219421 6.794)
(29.2343 0.262893 16.1437 0.0748011 0.175938 5.32767)
(24.7376 0.157032 17.4256 0.254234 0.203365 5.92571)
(25.4635 0.246075 14.4382 0.0689784 0.162974 4.43446)
(21.5362 0.148679 15.7568 0.232832 0.187743 5.09035)
(21.9532 0.229459 12.8366 0.0633531 0.150301 3.58526)
(18.5585 0.140356 14.1782 0.212152 0.172545 4.28902)
(18.7013 0.212989 11.339 0.0579199 0.137901 2.78101)
(15.8023 0.132017 12.6901 0.192209 0.157758 3.52266)
(15.7057 0.196592 9.94566 0.0526627 0.125743 2.0225)
(13.266 0.123606 11.2926 0.173006 0.143363 2.79206)
(12.9645 0.180161 8.65653 0.0475596 0.113786 1.31034)
(10.9479 0.115045 9.98563 0.154534 0.129334 2.09786)
(10.4759 0.163548 7.47146 0.0425864 0.101972 0.645004)
(8.8463 0.106229 8.76915 0.136782 0.115632 1.44057)
(8.23803 0.146544 6.39014 0.0377178 0.0902192 0.0267777)
(6.95956 0.0970117 7.64273 0.11973 0.10221 0.820487)
(6.24936 0.12887 5.41206 0.0329371 0.0784148 -0.54426)
(5.28603 0.0872034 6.60567 0.103353 0.0890005 0.237731)
(4.50868 0.110174 4.53655 0.0282598 0.066418 -1.06827)
(3.82409 0.076573 5.65681 0.0876105 0.0759232 -0.307881)
(3.01566 0.0900554 3.76281 0.0237806 0.0540694 -1.54565)
(2.57222 0.0648844 4.79435 0.0724549 0.0628979 -0.816904)
(1.77193 0.0681841 3.09009 0.0197584 0.0412396 -1.97714)
(1.52935 0.0520024 4.01567 0.057814 0.0498919 -1.29036)
(0.782638 0.0446159 2.51834 0.0169463 0.0279738 -2.36405)
(0.695168 0.0381555 3.31741 0.0435824 0.0370271 -1.72975)
(0.059168 0.0212858 2.04826 0.0183714 0.015327 -2.70679)
(0.0702671 0.024619 2.69617 0.0301762 0.0249134 -2.13639)
(-0.384413 0.00518823 1.68931 0.0227695 0.00738113 -3.01928)
(-0.340018 0.014386 2.15508 0.0202676 0.0156995 -2.50835)
(-0.564769 -0.00163614 1.46377 0.0378 0.00586308 -3.27583)
(-0.546851 0.00817192 1.7208 0.00944114 0.0132961 -2.85866)
(-0.576162 0.000179521 1.46938 -0.000564879 0.0151168 -3.22073)
(667.801 4.41084 45.4129 37.3046 -0.225988 40.0034)
(687.776 93.8332 63.7805 121.739 2.61596 112.354)
(534.327 44.7044 27.4421 53.1815 -2.49043 72.5664)
(646.965 -3.442 45.1296 -0.440714 -1.65583 -17.7386)
(658.795 17.4568 56.8871 12.8787 -2.03794 -1.53977)
(493.769 6.07743 41.6866 5.89561 -2.26666 -3.92918)
(629.94 -0.732668 52.5579 0.11849 -1.95041 -18.9786)
(649.524 0.921996 57.095 -1.46501 -4.24845 -19.8455)
(495.534 -1.39843 48.3359 0.491396 -2.08638 -18.1944)
(614.466 -1.29619 62.8247 0.757069 -1.94934 -15.5127)
(630.029 -1.65126 63.1501 0.688928 -4.62449 -16.8485)
(486.853 -1.78858 56.8366 1.51935 -2.04334 -16.8098)
(599.534 -1.79772 73.1242 0.300416 -1.77957 -12.4685)
(610.832 -2.6467 71.1671 0.269402 -4.30559 -14.3493)
(475.066 -1.77753 65.9656 1.32914 -1.83511 -14.2023)
(584.346 -1.87012 82.3491 0.000249818 -1.55026 -9.1299)
(593.416 -2.90971 79.2435 -0.39652 -3.78018 -11.6098)
(462.88 -1.70333 74.3407 0.97015 -1.53273 -10.9556)
(568.578 -1.78972 90.2317 -0.149691 -1.33241 -5.72769)
(576.417 -2.78976 86.5914 -0.725492 -3.24417 -8.52767)
(450.206 -1.5781 81.5394 0.746164 -1.23604 -7.46866)
(552.233 -1.6569 96.8251 -0.234872 -1.15039 -2.41209)
(559.368 -2.54899 92.9948 -0.903763 -2.77956 -5.40374)
(437.094 -1.44462 87.5307 0.591694 -0.985362 -4.03256)
(535.454 -1.51395 102.269 -0.281879 -1.0076 0.77543)
(542.206 -2.29172 98.4549 -1.00224 -2.40586 -2.33283)
(423.677 -1.31743 92.416 0.477913 -0.787821 -0.73844)
(518.416 -1.38216 106.712 -0.306914 -0.89968 3.81524)
(524.971 -2.06074 103.038 -1.05099 -2.11647 0.649882)
(410.085 -1.20343 96.3348 0.391277 -0.638329 2.38385)
(501.284 -1.26795 110.294 -0.320605 -0.819659 6.69707)
(507.742 -1.87042 106.827 -1.07176 -1.89653 3.51982)
(396.438 -1.10528 99.4267 0.321523 -0.527976 5.32306)
(484.195 -1.17082 113.13 -0.328519 -0.760492 9.417)
(490.604 -1.71982 109.906 -1.07707 -1.73008 6.26124)
(382.838 -1.02202 101.816 0.26253 -0.447507 8.07776)
(467.253 -1.08798 115.318 -0.333428 -0.716175 11.9743)
(473.634 -1.60206 112.352 -1.07358 -1.603 8.86438)
(369.364 -0.951101 103.608 0.210926 -0.388833 10.6513)
(450.533 -1.01631 116.939 -0.33669 -0.682016 14.3696)
(456.891 -1.50921 114.231 -1.06496 -1.50396 11.323)
(356.072 -0.889834 104.887 0.164777 -0.345494 13.0492)
(434.088 -0.95317 118.058 -0.338944 -0.65456 16.6042)
(440.421 -1.43433 115.603 -1.05323 -1.42441 13.6333)
(343.003 -0.835932 105.723 0.12294 -0.312628 15.2771)
(417.954 -0.896553 118.729 -0.340475 -0.631381 18.6794)
(424.255 -1.37204 116.517 -1.03953 -1.35817 15.793)
(330.183 -0.787667 106.17 0.0847094 -0.286741 17.3406)
(402.156 -0.845039 118.997 -0.34142 -0.610842 20.5967)
(408.417 -1.31847 117.016 -1.02455 -1.30092 17.8006)
(317.629 -0.743823 106.273 0.0496215 -0.265412 19.2447)
(386.709 -0.797657 118.901 -0.341844 -0.59188 22.3573)
(392.921 -1.27099 117.139 -1.00869 -1.24975 19.6558)
(305.354 -0.70357 106.069 0.0173475 -0.247023 20.9936)
(371.623 -0.753752 118.476 -0.341787 -0.573835 23.9628)
(377.78 -1.22782 116.92 -0.992226 -1.20272 21.3585)
(293.365 -0.666354 105.589 -0.0123568 -0.23053 22.591)
(356.906 -0.712873 117.75 -0.341276 -0.556313 25.4147)
(362.998 -1.18782 116.388 -0.975332 -1.15861 22.9094)
(281.667 -0.631791 104.86 -0.0396824 -0.215277 24.0401)
(342.561 -0.674694 116.751 -0.340335 -0.539095 26.7151)
(348.581 -1.15023 115.57 -0.958131 -1.11661 24.3097)
(270.262 -0.599607 103.905 -0.0647847 -0.200871 25.3441)
(328.588 -0.638972 115.504 -0.338983 -0.52207 27.8663)
(334.53 -1.11457 114.494 -0.940703 -1.07625 25.561)
(259.152 -0.569589 102.746 -0.0877932 -0.187086 26.5061)
(314.987 -0.605508 114.033 -0.337234 -0.505192 28.8711)
(320.845 -1.08048 113.181 -0.9231 -1.03722 26.6657)
(248.338 -0.54156 101.402 -0.108819 -0.1738 27.5293)
(301.758 -0.574135 112.358 -0.335103 -0.488453 29.7328)
(307.526 -1.04774 111.653 -0.905353 -0.999346 27.6268)
(237.817 -0.515367 99.8918 -0.12796 -0.160957 28.4174)
(288.896 -0.544705 110.5 -0.332599 -0.471864 30.4554)
(294.571 -1.01615 109.932 -0.887481 -0.962517 28.4474)
(227.589 -0.490872 98.2313 -0.145303 -0.148532 29.1739)
(276.4 -0.517087 108.477 -0.32973 -0.455448 31.0429)
(281.976 -0.985607 108.037 -0.869493 -0.926663 29.1317)
(217.652 -0.467948 96.4365 -0.160931 -0.136526 29.8031)
(264.264 -0.491161 106.309 -0.326507 -0.43923 31.5002)
(269.738 -0.955987 105.986 -0.851394 -0.891743 29.684)
(208.001 -0.446477 94.5223 -0.174918 -0.124945 30.3093)
(252.485 -0.466818 104.011 -0.322936 -0.423236 31.8321)
(257.854 -0.927212 103.797 -0.833185 -0.857726 30.1089)
(198.635 -0.426353 92.5024 -0.187337 -0.113802 30.697)
(241.056 -0.443955 101.599 -0.319028 -0.407493 32.044)
(246.317 -0.899215 101.485 -0.814868 -0.824592 30.4117)
(189.548 -0.407476 90.39 -0.19826 -0.103111 30.9713)
(229.973 -0.422482 99.0877 -0.314791 -0.392023 32.1416)
(235.124 -0.871941 99.0655 -0.796445 -0.792325 30.5977)
(180.737 -0.389754 88.1971 -0.207755 -0.092884 31.1371)
(219.23 -0.40231 96.4918 -0.310236 -0.376847 32.1305)
(224.269 -0.845347 96.5535 -0.777918 -0.760912 30.6725)
(172.198 -0.373101 85.9354 -0.215888 -0.0831306 31.1998)
(208.821 -0.38336 93.8241 -0.305372 -0.361983 32.0168)
(213.746 -0.819394 93.9621 -0.75929 -0.730339 30.642)
(163.926 -0.357441 83.6156 -0.222725 -0.0738593 31.1646)
(198.739 -0.365557 91.0968 -0.300214 -0.347448 31.8064)
(203.549 -0.794053 91.3039 -0.740568 -0.700596 30.512)
(155.915 -0.3427 81.2476 -0.228332 -0.0650754 31.037)
(188.978 -0.348831 88.3212 -0.294773 -0.333253 31.5054)
(193.672 -0.769296 88.5909 -0.721759 -0.671671 30.2886)
(148.162 -0.328812 78.8409 -0.232773 -0.0567818 30.8226)
(179.531 -0.333112 85.5082 -0.289059 -0.31941 31.1199)
(184.109 -0.7451 85.834 -0.702872 -0.643551 29.9777)
(140.66 -0.315713 76.4043 -0.236111 -0.0489788 30.5267)
(170.393 -0.318339 82.6676 -0.283086 -0.305925 30.656)
(174.854 -0.721445 83.0436 -0.683917 -0.616227 29.5856)
(133.406 -0.303346 73.9459 -0.238405 -0.0416643 30.1549)
(161.557 -0.304452 79.8088 -0.276867 -0.292806 30.1198)
(165.901 -0.698312 80.2293 -0.664906 -0.589684 29.1181)
(126.393 -0.291655 71.4732 -0.239714 -0.0348338 29.7126)
(153.017 -0.291394 76.9403 -0.270421 -0.280056 29.517)
(157.243 -0.675685 77.4 -0.645852 -0.563911 28.5811)
(119.617 -0.280591 68.9935 -0.240098 -0.0284809 29.2052)
(144.765 -0.279109 74.0702 -0.263763 -0.267677 28.8537)
(148.874 -0.653547 74.5642 -0.626767 -0.538893 27.9807)
(113.073 -0.270104 66.513 -0.239615 -0.0225971 28.6379)
(136.796 -0.267547 71.2059 -0.25691 -0.255668 28.1354)
(140.789 -0.631884 71.7294 -0.607667 -0.514618 27.3224)
(106.755 -0.260151 64.038 -0.238322 -0.0171722 28.0158)
(129.105 -0.256656 68.3543 -0.249879 -0.244028 27.3678)
(132.98 -0.610681 68.903 -0.588566 -0.491071 26.6119)
(100.66 -0.25069 61.5741 -0.236275 -0.0121945 27.3441)
(121.684 -0.246391 65.5217 -0.242684 -0.232755 26.5562)
(125.443 -0.589925 66.0915 -0.569483 -0.468237 25.8547)
(94.7816 -0.241682 59.1262 -0.233528 -0.00765062 26.6275)
(114.528 -0.236706 62.714 -0.235343 -0.221844 25.7059)
(118.171 -0.569602 63.3011 -0.550432 -0.446102 25.056)
(89.1157 -0.23309 56.6993 -0.230133 -0.00352617 25.8709)
(107.631 -0.227558 59.9366 -0.227873 -0.211289 24.822)
(111.16 -0.5497 60.5373 -0.531434 -0.42465 24.221)
(83.6579 -0.22488 54.2977 -0.226141 0.000194535 25.0787)
(100.988 -0.218905 57.1944 -0.220291 -0.201085 23.9092)
(104.402 -0.530204 57.8056 -0.512504 -0.403865 23.3545)
(78.4037 -0.217021 51.9253 -0.221602 0.00352801 24.2555)
(94.5943 -0.210709 54.492 -0.212612 -0.191224 22.9722)
(97.8944 -0.511104 55.1105 -0.493663 -0.383732 22.4614)
(73.3488 -0.209483 49.5858 -0.216565 0.00649164 23.4055)
(88.4437 -0.202933 51.8336 -0.204854 -0.181698 22.0155)
(91.6306 -0.492387 52.4566 -0.474929 -0.364234 21.5461)
(68.4892 -0.202238 47.2827 -0.211076 0.00910356 22.5326)
(82.5317 -0.195541 49.2229 -0.197034 -0.172498 21.0433)
(85.6061 -0.47404 49.8478 -0.456321 -0.345355 20.613)
(63.821 -0.195261 45.0189 -0.205182 0.0113824 21.6408)
(76.8535 -0.188499 46.6635 -0.189168 -0.163615 20.0596)
(79.8162 -0.456053 47.2878 -0.437859 -0.327079 19.6662)
(59.3404 -0.188528 42.7971 -0.198927 0.0133472 20.7338)
(71.4047 -0.181775 44.1585 -0.181272 -0.15504 19.0683)
(74.2564 -0.438412 44.7801 -0.419562 -0.309387 18.7096)
(55.0437 -0.182017 40.62 -0.192352 0.0150174 19.8151)
(66.1811 -0.17534 41.7108 -0.173363 -0.146762 18.073)
(68.9225 -0.421108 42.3275 -0.401449 -0.292264 17.7469)
(50.9276 -0.175708 38.4898 -0.185496 0.0164128 18.8879)
(61.1784 -0.169163 39.323 -0.165458 -0.13877 17.077)
(63.8102 -0.404128 39.9329 -0.38354 -0.275693 16.7817)
(46.9887 -0.169582 36.4085 -0.178401 0.0175534 17.9556)
(56.3929 -0.163218 36.9973 -0.157573 -0.131055 16.0836)
(58.9158 -0.38746 37.5987 -0.365854 -0.259657 15.8171)
(43.2239 -0.163622 34.378 -0.171106 0.018459 17.021)
(51.8209 -0.157478 34.7359 -0.149724 -0.123605 15.0958)
(54.2356 -0.371095 35.3273 -0.348411 -0.244138 14.8564)
(39.6303 -0.157811 32.3999 -0.163647 0.0191494 16.0869)
(47.4589 -0.151919 32.5406 -0.141926 -0.116409 14.1163)
(49.766 -0.355019 33.1206 -0.331229 -0.22912 13.9022)
(36.205 -0.152135 30.4756 -0.15606 0.0196444 15.1559)
(43.3036 -0.146517 30.4132 -0.134193 -0.109457 13.1477)
(45.5038 -0.339223 30.9804 -0.314327 -0.214586 12.9575)
(32.9454 -0.14658 28.6065 -0.148378 0.0199636 14.2304)
(39.3519 -0.14125 28.355 -0.126541 -0.102737 12.1925)
(41.4458 -0.323696 28.9083 -0.297722 -0.20052 12.0246)
(29.8491 -0.141133 26.7936 -0.140634 0.0201263 13.3128)
(35.601 -0.136097 26.3673 -0.118985 -0.0962387 11.2528)
(37.5892 -0.308425 26.9057 -0.281432 -0.186903 11.1058)
(26.9137 -0.135782 25.038 -0.132859 0.0201516 12.4051)
(32.0482 -0.131038 24.4512 -0.111537 -0.0899504 10.3308)
(33.9312 -0.2934 24.9738 -0.265474 -0.17372 10.2034)
(24.1369 -0.130517 23.3404 -0.125082 0.0200582 11.5094)
(28.6909 -0.126055 22.6078 -0.10421 -0.0838616 9.42818)
(30.4692 -0.278611 23.1138 -0.249864 -0.160954 9.31912)
(21.5169 -0.125328 21.7016 -0.117331 0.0198645 10.6273)
(25.5268 -0.121128 20.8378 -0.0970188 -0.0779614 8.54678)
(27.2009 -0.264044 21.3264 -0.234618 -0.148589 8.4549)
(19.0515 -0.120204 20.1223 -0.109631 0.0195884 9.76052)
(22.5536 -0.116241 19.1418 -0.089977 -0.0722386 7.68811)
(24.124 -0.249688 19.6125 -0.219753 -0.136607 7.61232)
(16.7392 -0.115136 18.6028 -0.10201 0.0192475 8.91059)
(19.7694 -0.111373 17.5206 -0.0830942 -0.0666819 6.85355)
(21.2365 -0.235528 17.9727 -0.205282 -0.124992 6.79284)
(14.5782 -0.110115 17.1436 -0.0944922 0.0188593 8.07887)
(17.1723 -0.106506 15.9744 -0.0763829 -0.0612801 6.04434)
(18.5365 -0.221545 16.4076 -0.191222 -0.113725 5.99778)
(12.567 -0.10513 15.7451 -0.0870963 0.0184412 7.26659)
(14.7604 -0.101618 14.5036 -0.069864 -0.0560211 5.26159)
(16.0221 -0.207716 14.9176 -0.177587 -0.102789 5.2283)
(10.7042 -0.100168 14.4073 -0.079847 0.0180104 6.47487)
(12.5323 -0.0966805 13.1086 -0.0635517 -0.0508898 4.50627)
(13.6918 -0.194008 13.5029 -0.164397 -0.0921605 4.48544)
(8.98848 -0.0952137 13.1306 -0.0727733 0.0175844 5.70469)
(10.4863 -0.0916549 11.7893 -0.0574538 -0.0458697 3.77922)
(11.5439 -0.180372 12.1638 -0.15167 -0.0818142 3.77012)
(7.41857 -0.0902433 11.9149 -0.0658928 0.0171806 4.95693)
(8.62096 -0.0864902 10.5458 -0.0515889 -0.0409406 3.08116)
(9.57716 -0.166735 10.9004 -0.139425 -0.0717199 3.08312)
(5.99327 -0.0852247 10.7602 -0.0592195 0.0168184 4.23238)
(6.93484 -0.0811105 9.37795 -0.0459874 -0.036076 2.41268)
(7.79009 -0.152989 9.71265 -0.127692 -0.0618391 2.42511)
(4.71137 -0.0801101 9.66645 -0.0527877 0.0165188 3.53171)
(5.4264 -0.0754067 8.28543 -0.0406872 -0.0312399 1.77424)
(6.18135 -0.138974 8.60037 -0.116505 -0.0521226 1.79663)
(3.57159 -0.074831 8.63329 -0.046632 0.0163069 2.85552)
(4.09393 -0.0692283 7.26761 -0.035731 -0.0263846 1.16617)
(4.74956 -0.124469 7.56321 -0.105908 -0.0425069 1.19811)
(2.57245 -0.0692923 7.6603 -0.0407809 0.0162132 2.20435)
(2.93545 -0.0623769 6.32345 -0.0311717 -0.021447 0.58862)
(3.49325 -0.109182 6.6005 -0.095946 -0.0329122 0.629833)
(1.71211 -0.0633708 6.7467 -0.0352822 0.0162733 1.57867)
(1.94847 -0.0546119 5.45131 -0.0270623 -0.0163484 0.0415105)
(2.41073 -0.0927724 5.71118 -0.0866591 -0.0232478 0.0919244)
(0.988119 -0.0569261 5.89129 -0.0302046 0.0165264 0.97889)
(1.12976 -0.0456958 4.6486 -0.0234293 -0.0110085 -0.475553)
(1.50003 -0.0749345 4.89355 -0.0780474 -0.0134377 -0.415701)
(0.397092 -0.049845 5.09219 -0.0256156 0.017005 0.405394)
(0.474995 -0.0354728 3.91172 -0.0202608 -0.0053702 -0.96348)
(0.758615 -0.0556145 4.14515 -0.0700475 -0.00349446 -0.893451)
(-0.0656913 -0.0421481 4.34671 -0.021586 0.0177004 -0.14157)
(-0.0218066 -0.0240134 3.23628 -0.0169937 0.000542791 -1.42368)
(0.18268 -0.0354888 3.4627 -0.0624586 0.0063155 -1.34228)
(-0.406821 -0.0342301 3.65149 -0.0181383 0.0184645 -0.662213)
(-0.367764 -0.0134581 2.61866 -0.00988482 0.00575745 -1.85714)
(-0.233749 -0.0173529 2.84234 -0.0530558 0.0149108 -1.76321)
(-0.63437 -0.0275387 3.00336 -0.0141461 0.0186721 -1.1575)
(-0.570957 -0.0133729 2.06799 0.00349961 0.00596794 -2.27579)
(-0.49497 -0.00796537 2.2847 -0.0344741 0.0194056 -2.15706)
(-0.750242 -0.0251419 2.40533 -0.00610519 0.0169845 -1.63049)
(-0.64698 -0.0266582 1.63588 -0.00249516 0.00295912 -2.74125)
(-0.611684 -0.00990758 1.8145 -0.0197323 0.0194164 -2.55324)
(-0.750422 -0.0270492 1.88289 -0.00158864 0.0146789 -2.11572)
(-0.644201 -0.00582222 1.48996 -0.0720353 0.0311779 -3.04201)
(-0.698802 -0.0269209 1.44702 -0.0242762 0.0263363 -2.71992)
(698.167 35.1532 75.1114 86.6884 0.929759 62.0387)
(682.473 57.7512 88.0276 197.26 2.52823 159.049)
(524.186 53.3128 61.3083 139.117 -2.11483 128.3)
(677.861 9.40906 65.8758 8.6656 -2.10717 -16.964)
(673.531 20.178 75.4058 45.1867 -1.03471 4.68258)
(518.594 12.8144 70.998 23.2748 -4.01606 6.75819)
(648.619 1.82825 66.5443 2.30202 -3.72736 -19.9172)
(664.361 5.85956 70.2134 9.56611 -3.49521 -21.373)
(513.249 1.14073 67.7714 2.12497 -4.9447 -17.8212)
(625.174 -1.34184 71.5809 1.95067 -4.17823 -16.2131)
(641.238 0.67416 72.2141 5.78025 -4.43926 -17.5856)
(496.601 -1.69651 69.0424 2.3759 -5.08099 -16.9389)
(604.748 -2.54515 78.0008 0.104524 -3.99036 -14.0572)
(617.513 -1.56916 76.9898 2.55163 -4.45853 -15.1705)
(478.92 -2.51615 73.1031 1.13233 -4.65348 -15.397)
(585.766 -2.77693 84.4424 -0.98878 -3.55512 -11.4199)
(596.632 -2.38186 82.5373 0.352707 -4.06496 -12.8405)
(463.173 -2.54993 77.8599 0.0252155 -3.99621 -13.1611)
(567.52 -2.64118 90.3852 -1.50979 -3.08187 -8.48562)
(577.196 -2.51086 87.9904 -0.729203 -3.55087 -10.0803)
(448.357 -2.3066 82.5275 -0.501678 -3.33038 -10.3358)
(549.64 -2.39186 95.6677 -1.7792 -2.65873 -5.51535)
(558.501 -2.3708 93.0293 -1.28803 -3.0584 -7.21907)
(433.978 -2.01567 86.8018 -0.774371 -2.75123 -7.36693)
(531.976 -2.13356 100.252 -1.90795 -2.31167 -2.57414)
(540.3 -2.14908 97.5433 -1.58022 -2.64025 -4.35697)
(419.877 -1.74902 90.5567 -0.920687 -2.28372 -4.40314)
(514.49 -1.90851 104.154 -1.95624 -2.03946 0.301458)
(522.461 -1.9275 101.493 -1.7211 -2.30588 -1.52836)
(405.985 -1.52842 93.756 -0.993075 -1.9221 -1.50046)
(497.196 -1.72745 107.409 -1.96154 -1.83061 3.08294)
(504.927 -1.7376 104.875 -1.78018 -2.04688 1.23486)
(392.281 -1.35639 96.4099 -1.0255 -1.64921 1.30437)
(480.123 -1.58705 110.065 -1.94418 -1.67132 5.75088)
(487.683 -1.58607 107.705 -1.79635 -1.84908 3.90789)
(378.773 -1.22639 98.5503 -1.03698 -1.44559 3.98836)
(463.304 -1.47934 112.169 -1.91494 -1.54887 8.29193)
(470.732 -1.46895 110.01 -1.7901 -1.69799 6.47253)
(365.478 -1.12917 100.217 -1.03727 -1.29357 6.53783)
(446.767 -1.39595 113.767 -1.87959 -1.45288 10.6968)
(454.085 -1.37906 111.821 -1.77222 -1.58112 8.91528)
(352.412 -1.05594 101.453 -1.03148 -1.17867 8.94484)
(430.538 -1.32987 114.903 -1.84115 -1.37541 12.9592)
(437.755 -1.30927 113.172 -1.74828 -1.48859 11.2263)
(339.591 -0.999555 102.295 -1.02225 -1.08981 11.2052)
(414.635 -1.27576 115.616 -1.80126 -1.31068 15.0749)
(421.752 -1.25369 114.096 -1.72115 -1.41301 13.3987)
(327.026 -0.954723 102.782 -1.01094 -1.01888 13.3172)
(399.07 -1.22986 115.941 -1.76078 -1.25464 17.0414)
(406.087 -1.20794 114.626 -1.6923 -1.3491 15.4277)
(314.727 -0.917729 102.944 -0.998268 -0.960158 15.2804)
(383.853 -1.18961 115.913 -1.7202 -1.20455 18.8571)
(390.767 -1.16893 114.792 -1.6625 -1.29319 17.3102)
(302.701 -0.886075 102.812 -0.984648 -0.909718 17.0956)
(368.992 -1.15331 115.56 -1.6798 -1.15858 20.5217)
(375.799 -1.13457 114.623 -1.6322 -1.24279 19.0446)
(290.951 -0.858127 102.411 -0.970328 -0.864945 18.7638)
(354.489 -1.11985 114.911 -1.63975 -1.11555 22.0356)
(361.185 -1.10349 114.146 -1.60164 -1.19629 20.6302)
(279.482 -0.832826 101.764 -0.955472 -0.824131 20.2867)
(340.347 -1.08852 113.99 -1.60014 -1.07471 23.3997)
(346.929 -1.07478 113.387 -1.57097 -1.15262 22.0674)
(268.295 -0.809482 100.894 -0.940193 -0.78618 21.6664)
(326.568 -1.05884 112.821 -1.56103 -1.03558 24.6159)
(333.031 -1.04783 112.369 -1.54028 -1.11111 23.3573)
(257.391 -0.787639 99.8212 -0.924569 -0.750398 22.9053)
(313.15 -1.03046 111.428 -1.52243 -0.99787 25.6867)
(319.491 -1.02224 111.117 -1.50964 -1.07133 24.5019)
(246.77 -0.766984 98.5634 -0.908654 -0.716351 24.0061)
(300.092 -1.00318 109.831 -1.48436 -0.961392 26.6152)
(306.308 -0.99774 109.65 -1.47906 -1.03301 25.5037)
(236.431 -0.747292 97.1382 -0.892481 -0.683766 24.9721)
(287.392 -0.9768 108.05 -1.44678 -0.926026 27.4048)
(293.48 -0.974115 107.989 -1.44854 -0.995966 26.3659)
(226.373 -0.728395 95.5623 -0.876074 -0.65247 25.8068)
(275.046 -0.951207 106.104 -1.40968 -0.891694 28.0598)
(281.005 -0.951216 106.153 -1.41808 -0.960083 27.0923)
(216.594 -0.710164 93.8509 -0.859445 -0.622351 26.5141)
(263.051 -0.926297 104.01 -1.37303 -0.85834 28.5847)
(268.878 -0.928929 104.161 -1.38767 -0.925279 27.6872)
(207.092 -0.692494 92.0187 -0.842603 -0.593333 27.0982)
(251.402 -0.901991 101.785 -1.33681 -0.825924 28.9843)
(257.097 -0.907161 102.029 -1.3573 -0.891493 28.1552)
(197.862 -0.675305 90.0793 -0.825554 -0.565361 27.5638)
(240.095 -0.878226 99.4453 -1.30099 -0.794414 29.264)
(245.657 -0.885842 99.7736 -1.32693 -0.858677 28.5013)
(188.902 -0.65853 88.0456 -0.808303 -0.538393 27.9156)
(229.125 -0.854953 97.0047 -1.26554 -0.763784 29.4292)
(234.553 -0.864913 97.4099 -1.29657 -0.826793 28.7309)
(180.209 -0.642115 85.9298 -0.790856 -0.512395 28.1586)
(218.486 -0.832131 94.4775 -1.23044 -0.734011 29.4856)
(223.78 -0.844331 94.9521 -1.26619 -0.795806 28.8494)
(171.778 -0.626018 83.7432 -0.77322 -0.487338 28.298)
(208.173 -0.809727 91.8766 -1.19568 -0.705072 29.4392)
(213.332 -0.824059 92.4136 -1.2358 -0.765687 28.8627)
(163.605 -0.610204 81.4966 -0.755403 -0.463195 28.3391)
(198.179 -0.787717 89.2144 -1.16125 -0.676949 29.2958)
(203.205 -0.804069 89.8071 -1.20539 -0.736407 28.7765)
(155.685 -0.594646 79.1999 -0.737416 -0.439942 28.2872)
(188.5 -0.766079 86.5022 -1.12712 -0.649621 29.0615)
(193.391 -0.784337 87.1443 -1.17495 -0.707941 28.5968)
(148.014 -0.579321 76.8626 -0.71927 -0.417553 28.1479)
(179.128 -0.744795 83.7508 -1.09329 -0.623073 28.7423)
(183.887 -0.764846 84.4363 -1.1445 -0.680265 28.3297)
(140.588 -0.564212 74.4933 -0.700979 -0.396007 27.9264)
(170.059 -0.723849 80.97 -1.05977 -0.597284 28.3442)
(174.685 -0.745578 81.6935 -1.11404 -0.653356 27.981)
(133.402 -0.549303 72.1003 -0.68256 -0.375281 27.6284)
(161.285 -0.703227 78.1693 -1.02654 -0.572239 27.8733)
(165.78 -0.726521 78.9254 -1.08358 -0.627192 27.5568)
(126.451 -0.534582 69.6912 -0.664029 -0.355352 27.2592)
(152.801 -0.682919 75.3572 -0.993601 -0.547918 27.3354)
(157.165 -0.707665 76.141 -1.05313 -0.601751 27.0631)
(119.73 -0.520039 67.273 -0.645401 -0.336198 26.824)
(144.601 -0.662914 72.5418 -0.960962 -0.524306 26.7363)
(148.835 -0.689 73.3487 -1.02271 -0.577013 26.5055)
(113.235 -0.505666 64.8523 -0.626695 -0.317798 26.3282)
(136.679 -0.643201 69.7306 -0.928624 -0.501383 26.0818)
(140.785 -0.670517 70.5562 -0.992323 -0.552957 25.8898)
(106.961 -0.491455 62.4352 -0.607928 -0.300128 25.7769)
(129.028 -0.623772 66.9304 -0.896592 -0.479134 25.3773)
(133.007 -0.652209 67.7708 -0.961996 -0.529564 25.2216)
(100.904 -0.4774 60.0273 -0.589121 -0.283168 25.175)
(121.645 -0.604619 64.1477 -0.864875 -0.457541 24.6282)
(125.498 -0.63407 64.999 -0.931747 -0.506815 24.5063)
(95.0592 -0.463495 57.6338 -0.570293 -0.266895 24.5275)
(114.521 -0.585732 61.3884 -0.833482 -0.436587 23.8397)
(118.25 -0.616091 62.2471 -0.901597 -0.484692 23.7492)
(89.4222 -0.449735 55.2596 -0.551464 -0.251287 23.839)
(107.654 -0.567105 58.6579 -0.802426 -0.416255 23.0169)
(111.259 -0.598267 59.5208 -0.871568 -0.463175 22.9554)
(83.9887 -0.436117 52.9091 -0.532655 -0.236321 23.1142)
(101.036 -0.548728 55.9613 -0.771717 -0.396527 22.1646)
(104.52 -0.580593 56.8253 -0.841683 -0.442247 22.1297)
(78.7548 -0.422637 50.5863 -0.513888 -0.221977 22.3574)
(94.664 -0.530596 53.3031 -0.74137 -0.377387 21.2874)
(98.0267 -0.563063 54.1655 -0.811968 -0.421891 21.277)
(73.7164 -0.409291 48.2949 -0.495184 -0.208231 21.5729)
(88.5319 -0.512699 50.6876 -0.711399 -0.358817 20.3898)
(91.7752 -0.545671 51.5458 -0.782447 -0.40209 20.4018)
(68.8697 -0.396076 46.0384 -0.476563 -0.195062 20.7647)
(82.6353 -0.495033 48.1187 -0.68182 -0.340801 19.476)
(85.7606 -0.528412 48.9702 -0.753146 -0.382828 19.5083)
(64.211 -0.382991 43.82 -0.458048 -0.182448 19.9367)
(76.9697 -0.477589 45.6 -0.652648 -0.323322 18.55)
(79.9783 -0.511282 46.4425 -0.724091 -0.364087 18.6006)
(59.7367 -0.370031 41.6423 -0.43966 -0.170368 19.0927)
(71.5309 -0.460361 43.1345 -0.623902 -0.306364 17.6156)
(74.424 -0.494276 43.9661 -0.69531 -0.345852 17.6828)
(55.4434 -0.357197 39.5081 -0.42142 -0.158799 18.236)
(66.3147 -0.443341 40.7252 -0.595598 -0.289909 16.6765)
(69.0935 -0.477389 41.5441 -0.666829 -0.328107 16.7584)
(51.328 -0.344485 37.4197 -0.40335 -0.14772 17.3701)
(61.3172 -0.426523 38.3749 -0.567754 -0.273942 15.7361)
(63.9829 -0.460617 39.1793 -0.638677 -0.310837 15.831)
(47.3872 -0.331894 35.3791 -0.385471 -0.13711 16.498)
(56.5346 -0.409901 36.0858 -0.540388 -0.258447 14.7974)
(59.0884 -0.443954 36.8742 -0.61088 -0.294028 14.9039)
(43.6182 -0.319422 33.3883 -0.367803 -0.126948 15.6229)
(51.9635 -0.393467 33.8602 -0.513519 -0.243408 13.8636)
(54.4065 -0.427397 34.6311 -0.583466 -0.277665 13.9801)
(40.0181 -0.307067 31.4489 -0.350368 -0.117214 14.7474)
(47.6005 -0.377216 31.6999 -0.487163 -0.228809 12.9374)
(49.9337 -0.410942 32.452 -0.556463 -0.261733 13.0625)
(36.5844 -0.294828 29.5626 -0.333185 -0.107886 13.8741)
(43.4424 -0.361139 29.6066 -0.46134 -0.214634 12.0215)
(45.6669 -0.394583 30.3389 -0.529896 -0.246219 12.1538)
(33.3144 -0.282704 27.7306 -0.316273 -0.0989452 13.0056)
(39.4864 -0.345232 27.582 -0.436067 -0.200868 11.1181)
(41.6031 -0.378317 28.2933 -0.503793 -0.231108 11.2566)
(30.206 -0.270692 25.9541 -0.299652 -0.0903705 12.1441)
(35.7296 -0.329487 25.6272 -0.411362 -0.187496 10.2296)
(37.7395 -0.36214 26.3167 -0.47818 -0.216388 10.3731)
(27.2569 -0.258792 24.2342 -0.28334 -0.0821426 11.2918)
(32.1694 -0.313897 23.7435 -0.387241 -0.174504 9.35798)
(34.0733 -0.346047 24.4103 -0.453082 -0.202046 9.5054)
(24.4649 -0.247001 22.5718 -0.267356 -0.0742423 10.4505)
(28.8034 -0.298454 21.9319 -0.363722 -0.161875 8.50512)
(30.6023 -0.330033 22.5753 -0.428524 -0.188068 8.65553)
(21.8283 -0.235317 20.9676 -0.251716 -0.0666503 9.62211)
(25.6293 -0.283151 20.1932 -0.340821 -0.149596 7.67272)
(27.3239 -0.314093 20.8126 -0.40453 -0.174442 7.82525)
(19.3452 -0.223737 19.4223 -0.236438 -0.0593479 8.80827)
(22.6451 -0.267978 18.5281 -0.318556 -0.137651 6.86234)
(24.2362 -0.29822 19.123 -0.381126 -0.161154 7.01619)
(17.0139 -0.212258 17.9365 -0.221537 -0.0523165 8.01051)
(19.8488 -0.252921 16.9373 -0.296945 -0.126025 6.07537)
(21.337 -0.282405 17.5072 -0.358338 -0.148191 6.22981)
(14.8329 -0.200873 16.5106 -0.207032 -0.0455373 7.23019)
(17.2386 -0.23796 15.4213 -0.276007 -0.1147 5.31305)
(18.6246 -0.266632 15.9657 -0.336194 -0.135538 5.46743)
(12.8007 -0.189572 15.1449 -0.19294 -0.0389916 6.46856)
(14.8127 -0.223067 13.9804 -0.255763 -0.103659 4.5765)
(16.0972 -0.250881 14.499 -0.314723 -0.123181 4.73024)
(10.916 -0.178339 13.8398 -0.17928 -0.03266 5.72676)
(12.5697 -0.2082 12.6149 -0.236241 -0.0928795 3.86671)
(13.7533 -0.235116 13.1075 -0.293964 -0.111101 4.01927)
(9.17765 -0.167147 12.5954 -0.166071 -0.0265224 5.00579)
(10.5081 -0.193293 11.325 -0.217473 -0.0823357 3.18452)
(11.5915 -0.219285 11.7914 -0.273961 -0.0992748 3.33544)
(7.58438 -0.155955 11.4119 -0.15334 -0.0205571 4.30655)
(8.62666 -0.178244 10.1107 -0.199501 -0.0719946 2.53068)
(9.61035 -0.203303 10.5508 -0.254769 -0.0876769 2.67956)
(6.13516 -0.144698 10.2892 -0.141117 -0.0147406 3.62983)
(6.92402 -0.162905 8.97197 -0.182379 -0.0618141 1.90581)
(7.80875 -0.187047 9.38583 -0.236461 -0.076272 2.05231)
(4.82894 -0.133277 9.22731 -0.129442 -0.0090462 2.97634)
(5.39905 -0.147067 7.90866 -0.166173 -0.0517407 1.31041)
(6.1856 -0.170342 8.29636 -0.219125 -0.0650161 1.45425)
(3.66471 -0.12155 8.22608 -0.118367 -0.00344488 2.3467)
(4.05061 -0.130454 6.92037 -0.150955 -0.041707 0.744868)
(4.73993 -0.152952 7.28218 -0.202858 -0.053855 0.885834)
(2.6414 -0.109326 7.28518 -0.107951 0.00209556 1.74144)
(2.87761 -0.112742 6.00641 -0.136782 -0.0316329 0.209402)
(3.47089 -0.134597 6.34289 -0.187741 -0.0427251 0.347399)
(1.75786 -0.0963688 6.40406 -0.0982542 0.00761122 1.16106)
(1.87895 -0.0936259 5.16572 -0.123641 -0.0214415 -0.295949)
(2.37773 -0.114998 5.47777 -0.173782 -0.0315628 -0.160877)
(1.01272 -0.0824383 5.58188 -0.0893115 0.0131346 0.605968)
(1.05345 -0.072998 4.39665 -0.111365 -0.0111011 -0.771473)
(1.45969 -0.0940149 4.68566 -0.160779 -0.0203321 -0.639005)
(0.404237 -0.0674085 4.81733 -0.0810715 0.018676 0.0764959)
(0.399511 -0.0512886 3.69693 -0.0996003 -0.000709786 -1.21811)
(0.715837 -0.0719011 3.96484 -0.148162 -0.00908164 -1.08734)
(-0.0699598 -0.0515024 4.10855 -0.0733659 0.0241868 -0.427273)
(-0.0856476 -0.0300556 3.06366 -0.086693 0.0093346 -1.63726)
(0.143986 -0.0497419 3.31285 -0.134706 0.00194815 -1.50689)
(-0.413788 -0.0357123 3.45314 -0.0657716 0.0295038 -0.905973)
(-0.407439 -0.0131762 2.49283 -0.0651263 0.0178683 -2.02916)
(-0.260508 -0.0301526 2.72599 -0.116107 0.0120891 -1.89824)
(-0.633199 -0.0226184 2.84799 -0.0551061 0.0341859 -1.36052)
(-0.582439 -0.00697261 1.98965 -0.0364436 0.023349 -2.40902)
(-0.501756 -0.017392 2.20396 -0.0838679 0.020231 -2.26046)
(-0.73174 -0.0166998 2.29459 -0.034063 0.0377202 -1.79336)
(-0.648142 -0.0115591 1.60439 -0.0586031 0.0299458 -2.84543)
(-0.601139 -0.0137296 1.77051 -0.0635346 0.0273489 -2.62516)
(-0.725822 -0.0193894 1.81873 -0.0298714 0.0436736 -2.24634)
(-0.636268 -0.0172407 1.48571 -0.136296 0.0399174 -3.08854)
(-0.682139 -0.0275774 1.44938 -0.11061 0.0649896 -2.82239)
(704.172 25.3433 88.508 129.084 0.643108 82.0329)
(688.514 26.3718 99.1292 230.25 1.15608 179.044)
(533.118 30.4997 74.6486 184.528 -0.942811 155.266)
(689.245 9.53613 75.3987 29.8387 -1.48868 -12.6921)
(678.169 11.9298 83.5701 65.4932 -0.59898 11.3635)
(526.635 10.675 85.0271 50.9207 -2.87154 17.3829)
(659.229 3.01612 74.0307 11.4668 -2.81413 -19.7136)
(670.56 4.71601 76.4035 18.9986 -1.91213 -20.6516)
(521.78 2.45341 79.1079 12.8872 -3.90236 -15.7834)
(632.935 -0.0484876 77.278 6.56875 -3.29429 -16.0896)
(647.1 1.32399 77.0885 10.6827 -2.49917 -17.5139)
(503.501 -0.332406 77.405 6.77365 -4.16002 -16.4763)
(609.733 -1.43316 81.9214 2.49759 -3.23913 -13.9871)
(621.819 -0.38101 80.6028 5.11021 -2.58568 -15.0443)
(483.127 -1.39503 78.8455 3.0948 -3.91315 -15.1805)
(588.504 -1.89814 86.7902 0.20447 -2.93881 -11.5345)
(599.359 -1.12188 84.9518 1.54329 -2.41025 -12.7828)
(465.163 -1.70282 81.4144 0.813863 -3.4338 -13.2064)
(568.596 -1.9368 91.4665 -0.946614 -2.57145 -8.79336)
(578.625 -1.34663 89.3723 -0.276857 -2.13407 -10.133)
(448.798 -1.66233 84.3595 -0.287932 -2.90792 -10.6544)
(549.566 -1.80774 95.7959 -1.55114 -2.22439 -6.00416)
(558.952 -1.33855 93.5887 -1.22229 -1.84936 -7.39365)
(433.39 -1.49871 87.3487 -0.843095 -2.42947 -7.94236)
(531.156 -1.63295 99.6989 -1.85797 -1.93053 -3.21795)
(540.067 -1.24244 97.4862 -1.71337 -1.59757 -4.64869)
(418.649 -1.31275 90.1855 -1.12636 -2.0322 -5.20079)
(513.222 -1.46636 103.133 -1.999 -1.69556 -0.465881)
(521.785 -1.12665 100.996 -1.95154 -1.39124 -1.92075)
(404.394 -1.14533 92.7532 -1.25907 -1.71905 -2.47586)
(495.689 -1.32696 106.08 -2.05187 -1.5133 2.22147)
(503.99 -1.02032 104.076 -2.0543 -1.22908 0.76135)
(390.519 -1.00957 94.9886 -1.31243 -1.47972 0.194151)
(478.518 -1.2172 108.543 -2.05883 -1.37371 4.8202)
(486.612 -0.932722 106.709 -2.08696 -1.10431 3.37162)
(376.964 -0.905358 96.8635 -1.32581 -1.29968 2.77995)
(461.693 -1.13297 110.534 -2.04224 -1.26661 7.31211)
(469.614 -0.864087 108.891 -2.08398 -1.00888 5.88923)
(363.702 -0.827434 98.3719 -1.31951 -1.16469 5.26066)
(445.207 -1.0685 112.074 -2.01378 -1.18327 9.68344)
(452.976 -0.811293 110.631 -2.06328 -0.935339 8.2977)
(350.718 -0.76948 99.5214 -1.30381 -1.06263 7.62167)
(429.061 -1.01837 113.188 -1.97948 -1.11678 11.9241)
(436.69 -0.77054 111.947 -2.03395 -0.87759 10.5844)
(338.005 -0.72588 100.327 -1.28377 -0.983927 9.85315)
(413.259 -0.978299 113.904 -1.94237 -1.06203 14.0268)
(420.751 -0.738456 112.86 -2.00051 -0.830957 12.7401)
(325.564 -0.692252 100.809 -1.26178 -0.921474 11.9488)
(397.804 -0.945132 114.248 -1.90399 -1.01536 15.9868)
(405.161 -0.712418 113.395 -1.96515 -0.792027 14.7581)
(313.393 -0.665426 100.987 -1.23892 -0.870165 13.905)
(382.7 -0.916683 114.248 -1.86513 -0.974237 17.8009)
(389.921 -0.690534 113.575 -1.92896 -0.758401 16.634)
(301.496 -0.643222 100.884 -1.21572 -0.826464 15.7197)
(367.95 -0.891486 113.929 -1.82621 -0.936965 19.4675)
(375.032 -0.6715 113.428 -1.89245 -0.728438 18.3649)
(289.873 -0.624189 100.52 -1.1924 -0.78798 17.3925)
(353.556 -0.868575 113.318 -1.78745 -0.90243 20.986)
(360.498 -0.654447 112.977 -1.85592 -0.701046 19.9496)
(278.525 -0.607378 99.9165 -1.1691 -0.753138 18.9235)
(339.518 -0.847314 112.437 -1.74899 -0.86991 22.357)
(346.317 -0.6388 112.246 -1.81949 -0.675509 21.3878)
(267.454 -0.592167 99.0926 -1.14588 -0.720914 20.3142)
(325.837 -0.827282 111.311 -1.7109 -0.838942 23.5819)
(332.492 -0.624178 111.258 -1.78327 -0.651365 22.6803)
(256.66 -0.578144 98.0671 -1.12278 -0.690653 21.5661)
(312.511 -0.808194 109.961 -1.67318 -0.809234 24.6628)
(319.021 -0.610326 110.036 -1.74727 -0.628318 23.8287)
(246.143 -0.565028 96.8579 -1.09984 -0.661937 22.6818)
(299.54 -0.78985 108.406 -1.63585 -0.780596 25.6026)
(305.903 -0.597066 108.599 -1.71152 -0.606179 24.8355)
(235.902 -0.552621 95.4818 -1.07704 -0.634502 23.6641)
(286.92 -0.772102 106.668 -1.59889 -0.752904 26.4047)
(293.135 -0.584273 106.97 -1.676 -0.584823 25.7037)
(225.935 -0.540775 93.9547 -1.05439 -0.608175 24.5164)
(274.65 -0.754842 104.764 -1.56227 -0.726074 27.0731)
(280.716 -0.571853 105.165 -1.64068 -0.564168 26.4369)
(216.241 -0.529376 92.292 -1.03187 -0.582842 25.2424)
(262.724 -0.737986 102.712 -1.52596 -0.700046 27.6122)
(268.642 -0.559735 103.203 -1.60554 -0.544156 27.0394)
(206.816 -0.518337 90.5079 -1.00945 -0.558425 25.8462)
(251.14 -0.721469 100.528 -1.48992 -0.674776 28.0269)
(256.909 -0.547863 101.101 -1.57055 -0.524743 27.5156)
(197.659 -0.507587 88.616 -0.987131 -0.534865 26.3323)
(239.892 -0.705238 98.2287 -1.45413 -0.650226 28.3222)
(245.514 -0.536194 98.8755 -1.53566 -0.505897 27.8706)
(188.766 -0.49707 86.6289 -0.964879 -0.512118 26.7053)
(228.976 -0.689254 95.8278 -1.41855 -0.626368 28.5037)
(234.45 -0.524693 96.5409 -1.50087 -0.487591 28.1095)
(180.134 -0.486742 84.5589 -0.942678 -0.490147 26.9702)
(218.387 -0.673484 93.3394 -1.38317 -0.603174 28.5769)
(223.714 -0.513335 94.1117 -1.46614 -0.469801 28.2379)
(171.759 -0.476565 82.4171 -0.920517 -0.46892 27.1321)
(208.119 -0.657905 90.7764 -1.34796 -0.580622 28.5477)
(213.301 -0.502097 91.6011 -1.43145 -0.452508 28.2615)
(163.636 -0.466513 80.2143 -0.898384 -0.44841 27.1962)
(198.166 -0.642496 88.1512 -1.31291 -0.558689 28.4219)
(203.204 -0.490964 89.0219 -1.3968 -0.435692 28.186)
(155.763 -0.456562 77.9604 -0.876272 -0.428592 27.1678)
(188.523 -0.627241 85.4751 -1.27801 -0.537357 28.2056)
(193.419 -0.479923 86.3858 -1.36217 -0.419337 28.0173)
(148.134 -0.446695 75.6648 -0.854177 -0.40944 27.0523)
(179.185 -0.612129 82.7587 -1.24325 -0.516607 27.9047)
(183.939 -0.468963 83.7037 -1.32757 -0.403426 27.7615)
(140.745 -0.436897 73.3361 -0.832101 -0.390934 26.8551)
(170.145 -0.597148 80.012 -1.20864 -0.49642 27.5251)
(174.759 -0.458076 80.9861 -1.29299 -0.387946 27.4244)
(133.592 -0.427158 70.9827 -0.810045 -0.373051 26.5815)
(161.397 -0.582292 77.2444 -1.17417 -0.47678 27.0729)
(165.874 -0.447256 78.2425 -1.25845 -0.372881 27.0121)
(126.67 -0.417468 68.612 -0.788015 -0.355771 26.2369)
(152.936 -0.567554 74.4645 -1.13985 -0.45767 26.5539)
(157.276 -0.436498 75.4819 -1.22394 -0.358219 26.5303)
(119.975 -0.407821 66.2311 -0.766016 -0.339076 25.8266)
(144.756 -0.552927 71.6804 -1.10569 -0.439074 25.9738)
(148.962 -0.425798 72.7127 -1.18949 -0.343945 25.9848)
(113.502 -0.398211 63.8466 -0.744056 -0.322944 25.3557)
(136.851 -0.538407 68.8994 -1.07169 -0.420978 25.3383)
(140.924 -0.415151 69.9426 -1.1551 -0.330049 25.3814)
(107.248 -0.388633 61.4647 -0.722146 -0.307359 24.8294)
(129.215 -0.523989 66.1287 -1.03787 -0.403366 24.653)
(133.158 -0.404555 67.1789 -1.12078 -0.316518 24.7256)
(101.207 -0.379083 59.091 -0.700296 -0.292302 24.2526)
(121.843 -0.509668 63.3745 -1.00425 -0.386224 23.923)
(125.657 -0.394007 64.4283 -1.08657 -0.30334 24.0227)
(95.375 -0.369558 56.7307 -0.678519 -0.277755 23.6302)
(114.73 -0.495442 60.6428 -0.970828 -0.369539 23.1538)
(118.417 -0.383505 61.6968 -1.05248 -0.290505 23.2781)
(89.7486 -0.360055 54.3887 -0.656829 -0.263702 22.9669)
(107.87 -0.481306 57.9392 -0.937637 -0.353295 22.3502)
(111.432 -0.373046 58.9904 -1.01853 -0.278002 22.4969)
(84.3234 -0.350572 52.0694 -0.635241 -0.250125 22.2671)
(101.258 -0.467258 55.2686 -0.904691 -0.337481 21.517)
(104.696 -0.362629 56.3141 -0.984745 -0.26582 21.6839)
(79.0954 -0.341107 49.7768 -0.613769 -0.237008 21.5354)
(94.8893 -0.453294 52.6357 -0.872011 -0.322083 20.659)
(98.2063 -0.352251 53.6729 -0.951154 -0.25395 20.8438)
(74.0607 -0.331659 47.5149 -0.59243 -0.224334 20.7758)
(88.7593 -0.439412 50.0447 -0.83962 -0.307088 19.7804)
(91.9564 -0.341911 51.0713 -0.91778 -0.242381 19.9811)
(69.2158 -0.322226 45.287 -0.571241 -0.21209 19.9925)
(82.8631 -0.425608 47.4996 -0.807539 -0.292485 18.8856)
(85.9421 -0.331607 48.5133 -0.884652 -0.231105 19.1002)
(64.5569 -0.312808 43.0963 -0.550219 -0.200258 19.1893)
(77.1965 -0.411879 45.004 -0.775791 -0.278261 17.9786)
(80.159 -0.321337 46.0027 -0.851797 -0.220111 18.2052)
(60.0808 -0.303404 40.9457 -0.529381 -0.188824 18.3698)
(71.7553 -0.398224 42.561 -0.744403 -0.264404 17.0631)
(74.6029 -0.311101 43.5429 -0.819244 -0.209392 17.2999)
(55.7841 -0.294013 38.8378 -0.508746 -0.177773 17.5377)
(66.5354 -0.384639 40.1736 -0.713397 -0.250903 16.1428)
(69.2696 -0.300896 41.137 -0.787024 -0.198939 16.3881)
(51.6637 -0.284635 36.7749 -0.488331 -0.167091 16.6961)
(61.533 -0.371122 37.8446 -0.682799 -0.237747 15.221)
(64.1553 -0.290722 38.7879 -0.755165 -0.188743 15.4733)
(47.7166 -0.27527 34.7593 -0.468156 -0.156763 15.8483)
(56.7445 -0.35767 35.5763 -0.652636 -0.224925 14.301)
(59.2563 -0.280577 36.4981 -0.723698 -0.178796 14.5586)
(43.94 -0.265917 32.7928 -0.448239 -0.146776 14.9972)
(52.1664 -0.344281 33.371 -0.622933 -0.212427 13.3857)
(54.5692 -0.27046 34.2699 -0.692654 -0.169091 13.6473)
(40.3312 -0.256576 30.8772 -0.428598 -0.137117 14.1456)
(47.7956 -0.330953 31.2305 -0.593716 -0.200241 12.4779)
(50.0905 -0.26037 32.1054 -0.662061 -0.15962 12.7421)
(36.8876 -0.247248 29.0141 -0.409253 -0.127771 13.2962)
(43.629 -0.317683 29.1566 -0.565009 -0.188358 11.5803)
(45.8172 -0.250305 30.0065 -0.631952 -0.150375 11.8458)
(33.6069 -0.237933 27.2048 -0.390221 -0.118727 12.4513)
(39.6635 -0.304468 27.1509 -0.536839 -0.176767 10.6952)
(41.7464 -0.240264 27.9748 -0.602354 -0.141349 10.9609)
(30.4868 -0.22863 25.4506 -0.371521 -0.109971 11.6132)
(35.8967 -0.291307 25.2147 -0.50923 -0.16546 9.82477)
(37.8752 -0.230246 26.0118 -0.573297 -0.132536 10.0897)
(27.5252 -0.219339 23.7526 -0.353171 -0.101492 10.7841)
(32.3259 -0.278196 23.3493 -0.482208 -0.154426 8.97118)
(34.201 -0.220249 24.1188 -0.544811 -0.123928 9.23423)
(24.72 -0.210062 22.1116 -0.335189 -0.0932758 9.96596)
(28.9487 -0.265132 21.5555 -0.455797 -0.143656 8.13625)
(30.7215 -0.210273 22.2969 -0.516924 -0.115518 8.39656)
(22.0695 -0.200797 20.5285 -0.317592 -0.0853122 9.16052)
(25.7629 -0.252111 19.8345 -0.430021 -0.133141 7.3217)
(27.4344 -0.200314 20.547 -0.489665 -0.1073 7.57844)
(19.5719 -0.191542 19.0039 -0.300398 -0.0775888 8.36947)
(22.7666 -0.239127 18.1868 -0.40491 -0.122869 6.52907)
(24.3375 -0.19037 18.8701 -0.463064 -0.0992674 6.7815)
(17.2256 -0.182298 17.5386 -0.283625 -0.0700939 7.59433)
(19.9578 -0.22617 16.6131 -0.380491 -0.112833 5.75975)
(21.429 -0.180435 17.2667 -0.437153 -0.0914121 6.00719)
(15.0291 -0.173058 16.1328 -0.267294 -0.0628157 6.83648)
(17.3347 -0.213227 15.114 -0.356797 -0.103018 5.01501)
(18.7069 -0.170501 15.7376 -0.41197 -0.0837267 5.25685)
(12.981 -0.163815 14.7871 -0.251429 -0.0557425 6.09717)
(14.8958 -0.200273 13.6898 -0.333867 -0.0934146 4.29595)
(16.1697 -0.160554 14.2831 -0.387553 -0.0762026 4.53165)
(11.0801 -0.154556 13.5018 -0.236055 -0.0488616 5.37753)
(12.6396 -0.187272 12.3408 -0.31175 -0.0840058 3.60356)
(13.8159 -0.150573 12.9036 -0.363956 -0.06883 3.83264)
(9.32518 -0.145259 12.2769 -0.221206 -0.0421602 4.67857)
(10.5647 -0.174166 11.0673 -0.290509 -0.0747733 2.9387)
(11.6441 -0.140522 11.5994 -0.341244 -0.0615966 3.16074)
(7.71521 -0.135885 11.1128 -0.206925 -0.0356243 4.00118)
(8.67001 -0.160868 9.86935 -0.270223 -0.0656934 2.3021)
(9.65297 -0.130349 10.3707 -0.3195 -0.0544873 2.51676)
(6.24922 -0.126379 10.0094 -0.193267 -0.0292389 3.34616)
(6.95444 -0.147253 8.74701 -0.250993 -0.0567357 1.69441)
(7.84161 -0.119976 9.2176 -0.298828 -0.0474828 1.90137)
(4.92634 -0.116656 8.96679 -0.180306 -0.022987 2.71421)
(5.41715 -0.133151 7.70018 -0.232931 -0.0478627 1.11611)
(6.20909 -0.109297 8.14004 -0.279354 -0.0405596 1.31514)
(3.74578 -0.106597 7.98482 -0.168127 -0.0168507 2.10593)
(4.05747 -0.118352 6.7286 -0.216142 -0.0390292 0.567612)
(4.75474 -0.098176 7.13791 -0.261204 -0.0336895 0.758539)
(2.70685 -0.0960507 7.06329 -0.156821 -0.010811 1.52184)
(2.8749 -0.102634 5.83184 -0.200661 -0.0301861 0.0491497)
(3.4781 -0.0864611 6.21094 -0.244463 -0.0268421 0.231894)
(1.80886 -0.0848426 6.20177 -0.146452 -0.00484871 0.962397)
(1.86915 -0.085837 5.00911 -0.186333 -0.0212923 -0.439201)
(2.37888 -0.0740271 5.35859 -0.229065 -0.0199916 -0.264595)
(1.0511 -0.0728237 5.39962 -0.136982 0.00105232 0.427984)
(1.03989 -0.0680241 4.25914 -0.172609 -0.0123405 -0.897655)
(1.45688 -0.0608621 4.57992 -0.214598 -0.0131309 -0.730911)
(0.432631 -0.0599699 4.65576 -0.128129 0.006899 -0.0810806)
(0.386278 -0.0497306 3.57999 -0.158366 -0.00339951 -1.32699)
(0.711622 -0.0472139 3.87342 -0.200071 -0.00629555 -1.16735)
(-0.048133 -0.0465615 3.9686 -0.119217 0.0126841 -0.564665)
(-0.0940905 -0.0323342 2.96879 -0.140628 0.00529889 -1.72815)
(0.141163 -0.0337985 3.23672 -0.18355 0.000403146 -1.57472)
(-0.394563 -0.0334719 3.33583 -0.108894 0.0183791 -1.02312)
(-0.40722 -0.0184268 2.42088 -0.111365 0.013262 -2.10063)
(-0.259153 -0.0220473 2.66595 -0.159855 0.00672375 -1.9531)
(-0.612496 -0.0225521 2.75423 -0.0929749 0.023915 -1.45654)
(-0.572272 -0.0108876 1.94169 -0.0769469 0.0204985 -2.45879)
(-0.494275 -0.0139029 2.16071 -0.121355 0.0124354 -2.30081)
(-0.707106 -0.0161814 2.22596 -0.0667474 0.0296235 -1.86644)
(-0.632835 -0.0102531 1.58127 -0.0997376 0.0295444 -2.86618)
(-0.589446 -0.0105173 1.74488 -0.0990742 0.0182736 -2.64797)
(-0.701979 -0.0151504 1.77758 -0.0658489 0.0381885 -2.29236)
(-0.623405 -0.0123703 1.47618 -0.176604 0.026266 -3.0862)
(-0.662434 -0.0213051 1.43428 -0.151743 0.0543506 -2.8279)
(704.771 8.56771 94.2595 144.323 0.157917 88.4505)
(690.024 3.0981e-08 102.434 239.078 2.15733e-08 183.892)
(536.116 9.42548 80.1265 200.584 -0.267534 164.323)
(691.459 3.91135 79.5239 38.183 -0.538674 -12.1009)
(678.275 2.40332e-08 86.0058 71.5252 9.91599e-09 12.2941)
(527.709 3.96387 90.8486 60.9652 -0.951715 20.0382)
(662.134 1.54242 77.3554 16.0792 -0.998193 -20.0186)
(671.531 1.90723e-08 78.279 22.3376 4.18513e-09 -20.8817)
(523.888 1.32723 84.0865 17.8207 -1.36649 -15.5521)
(635.627 0.254559 79.9601 9.25219 -1.18838 -16.1401)
(648.405 2.13024e-08 78.6135 12.6406 7.45203e-09 -17.6442)
(505.766 0.175298 81.347 9.34864 -1.50531 -16.373)
(611.783 -0.38011 83.9289 3.92026 -1.18959 -13.9425)
(622.939 2.25474e-08 81.7889 6.20332 9.86891e-09 -15.0653)
(484.786 -0.354326 81.7695 4.33413 -1.44876 -15.013)
(589.802 -0.626889 88.1366 0.868423 -1.09328 -11.5091)
(600.14 1.927e-08 85.7955 2.09297 1.01701e-08 -12.7883)
(466.095 -0.550316 83.399 1.26654 -1.29171 -13.0883)
(569.218 -0.681553 92.2288 -0.698071 -0.963779 -8.82386)
(579.064 1.49863e-08 89.9001 -0.0321623 9.6753e-09 -10.1542)
(449.105 -0.578232 85.5396 -0.249009 -1.1053 -10.6289)
(549.661 -0.653938 96.0853 -1.52497 -0.83628 -6.10605)
(559.1 1.0496e-08 93.8504 -1.14085 8.06776e-09 -7.44433)
(433.222 -0.53814 87.8864 -1.01092 -0.929112 -8.02498)
(530.877 -0.598651 99.6299 -1.94796 -0.72579 -3.39091)
(539.996 6.7794e-09 97.5397 -1.71706 9.24578e-09 -4.73322)
(418.154 -0.478301 90.2386 -1.39283 -0.779496 -5.3894)
(512.7 -0.54102 102.805 -2.14686 -0.636195 -0.700797)
(521.565 8.15903e-09 100.895 -1.9976 9.30146e-09 -2.03687)
(403.696 -0.419844 92.4571 -1.56698 -0.659884 -2.75662)
(495.025 -0.490948 105.575 -2.22648 -0.566136 1.93624)
(503.676 1.11267e-08 103.868 -2.12003 -2.49521e-09 0.618574)
(389.709 -0.370671 94.4509 -1.63234 -0.567632 -0.161159)
(477.785 -0.450797 107.921 -2.24408 -0.512278 4.49598)
(486.248 1.5027e-08 106.427 -2.16078 -3.99026e-09 3.20766)
(376.111 -0.332229 96.1656 -1.64333 -0.497861 2.36709)
(460.939 -0.419744 109.84 -2.23 -0.470954 6.95876)
(469.229 1.99081e-08 108.561 -2.16022 4.71126e-09 5.70916)
(362.848 -0.303251 97.5728 -1.62807 -0.445426 4.80495)
(444.466 -0.395949 111.338 -2.2001 -0.438895 9.309)
(452.591 1.88094e-08 110.273 -2.1393 8.32285e-09 8.10581)
(349.892 -0.28168 98.6626 -1.60075 -0.405792 7.13505)
(428.353 -0.377527 112.432 -2.16253 -0.413468 11.5348)
(436.316 1.61902e-08 111.574 -2.10863 4.77011e-10 10.3842)
(337.225 -0.265529 99.4373 -1.56832 -0.375318 9.34491)
(412.595 -0.362907 113.142 -2.12138 -0.392686 13.6276)
(420.397 1.38501e-08 112.481 -2.07344 -6.92409e-09 12.5341)
(324.839 -0.253185 99.907 -1.53401 -0.351251 11.426)
(397.19 -0.350912 113.489 -2.07868 -0.375113 15.5812)
(404.831 1.44668e-08 113.014 -2.03625 -9.92381e-09 14.5485)
(312.728 -0.243453 100.086 -1.49926 -0.331598 13.3728)
(382.138 -0.340712 113.498 -2.03547 -0.35975 17.3916)
(389.617 1.91098e-08 113.199 -1.99824 -1.20606e-08 16.4221)
(300.891 -0.235498 99.9921 -1.46469 -0.314966 15.1821)
(367.44 -0.331745 113.193 -1.99226 -0.34592 19.0564)
(374.755 2.25619e-08 113.057 -1.96001 -1.2596e-08 18.1521)
(289.328 -0.228759 99.643 -1.43057 -0.300407 16.8522)
(353.097 -0.323635 112.598 -1.94935 -0.333174 20.5747)
(360.247 2.34984e-08 112.613 -1.92183 -1.12025e-08 19.7365)
(278.039 -0.222865 99.0573 -1.397 -0.287292 18.3828)
(339.109 -0.316137 111.735 -1.90686 -0.321221 21.9468)
(346.092 2.3105e-08 111.89 -1.88386 -9.82234e-09 21.1752)
(267.025 -0.217573 98.2534 -1.36403 -0.27521 19.7746)
(325.475 -0.309087 110.627 -1.86488 -0.309873 23.1736)
(332.292 2.19179e-08 110.912 -1.84616 -8.46757e-09 22.4687)
(256.284 -0.212723 97.2492 -1.33168 -0.263895 21.0291)
(312.194 -0.302375 109.296 -1.82342 -0.299009 24.2573)
(318.844 2.01373e-08 109.698 -1.80876 -6.55632e-09 23.6185)
(245.818 -0.208206 96.062 -1.29994 -0.25318 22.1483)
(299.265 -0.295925 107.761 -1.78249 -0.288554 25.2005)
(305.747 1.80028e-08 108.272 -1.77168 -5.6637e-09 24.6271)
(235.624 -0.203943 94.7083 -1.26878 -0.242955 23.1349)
(286.685 -0.289679 106.042 -1.74205 -0.278455 26.0065)
(293.001 1.59526e-08 106.652 -1.73488 -5.2144e-09 25.4973)
(225.701 -0.199878 93.2039 -1.23819 -0.233151 23.9923)
(274.451 -0.283596 104.157 -1.70208 -0.268677 26.6794)
(280.601 1.51648e-08 104.856 -1.69834 -6.19337e-09 26.2329)
(216.048 -0.195968 91.5637 -1.20812 -0.223721 24.7241)
(262.559 -0.277645 102.124 -1.66251 -0.259197 27.2234)
(268.545 1.56384e-08 102.904 -1.66203 -9.40698e-09 26.8379)
(206.663 -0.192179 89.802 -1.17853 -0.214633 25.3343)
(251.006 -0.271801 99.9589 -1.62332 -0.249995 27.6434)
(256.829 1.70409e-08 100.812 -1.62591 -1.44563e-08 27.3169)
(197.541 -0.188485 87.9321 -1.14937 -0.205862 25.8272)
(239.787 -0.266044 97.6777 -1.58446 -0.241058 27.9444)
(245.448 1.88054e-08 98.5955 -1.58993 -2.01011e-08 27.6748)
(188.681 -0.184864 85.9669 -1.12062 -0.197392 26.2076)
(228.898 -0.26036 95.2949 -1.5459 -0.232372 28.1319)
(234.399 2.05582e-08 96.27 -1.55407 -2.60245e-08 27.9169)
(180.079 -0.181299 83.9183 -1.09222 -0.189206 26.4803)
(218.333 -0.254736 92.8242 -1.50759 -0.223928 28.2114)
(223.676 2.23293e-08 93.8498 -1.51831 -3.01319e-08 28.0486)
(171.732 -0.177777 81.7975 -1.06415 -0.181292 26.6503)
(208.087 -0.249164 90.2787 -1.46952 -0.215715 28.1887)
(213.274 2.56763e-08 91.348 -1.48261 -3.45981e-08 28.0755)
(163.634 -0.174287 79.6153 -1.03637 -0.17364 26.7229)
(198.154 -0.243636 87.6704 -1.43166 -0.207726 28.0696)
(203.188 3.06467e-08 88.7774 -1.44697 -4.12144e-08 28.0035)
(155.784 -0.170821 77.3815 -1.00888 -0.166239 26.7032)
(188.53 -0.238148 85.0108 -1.394 -0.199952 27.8602)
(193.413 3.45964e-08 86.1496 -1.41136 -4.72162e-08 27.8385)
(148.175 -0.167372 75.1055 -0.981635 -0.159079 26.5968)
(179.208 -0.232693 82.3105 -1.35653 -0.192387 27.5664)
(183.942 3.55464e-08 83.4757 -1.3758 -5.14897e-08 27.5863)
(140.805 -0.163935 72.796 -0.954638 -0.152152 26.4088)
(170.182 -0.22727 79.5795 -1.31924 -0.185022 27.194)
(174.77 3.51534e-08 80.7659 -1.34027 -5.52817e-08 27.253)
(133.669 -0.160507 70.4611 -0.927876 -0.14545 26.1447)
(161.447 -0.221876 76.8271 -1.28214 -0.177853 26.7491)
(165.891 3.69272e-08 78.03 -1.30479 -6.13962e-08 26.8444)
(126.762 -0.157084 68.1085 -0.901341 -0.138965 25.8097)
(152.997 -0.216508 74.0619 -1.24522 -0.170871 26.2375)
(157.3 4.06009e-08 75.277 -1.26935 -7.08788e-08 26.3665)
(120.08 -0.153663 65.7452 -0.875026 -0.132689 25.4091)
(144.827 -0.211165 71.2921 -1.20848 -0.164073 25.665)
(148.991 4.36307e-08 72.515 -1.23397 -7.88565e-08 25.8249)
(113.618 -0.150243 63.3779 -0.848931 -0.126616 24.9482)
(136.93 -0.205845 68.525 -1.17194 -0.157451 25.037)
(140.958 4.61099e-08 69.752 -1.19866 -8.46429e-08 25.2254)
(107.374 -0.146823 61.0126 -0.823054 -0.120738 24.4319)
(129.302 -0.200547 65.7677 -1.13561 -0.151 24.3593)
(133.196 4.74946e-08 66.9951 -1.16344 -8.90977e-08 24.5736)
(101.341 -0.1434 58.655 -0.797399 -0.115049 23.8652)
(121.936 -0.195271 63.0266 -1.0995 -0.144714 23.637)
(125.699 4.77089e-08 64.2511 -1.12832 -9.21576e-08 23.8747)
(95.5164 -0.139975 56.3103 -0.77197 -0.109542 23.2529)
(114.828 -0.190014 60.3076 -1.06362 -0.13859 22.8754)
(118.461 4.74408e-08 61.5261 -1.09333 -9.45639e-08 23.1341)
(89.8957 -0.136546 53.9834 -0.746771 -0.104211 22.5997)
(107.972 -0.184777 57.6162 -1.02799 -0.132621 22.0794)
(111.479 4.62498e-08 58.8259 -1.05848 -9.7367e-08 22.3568)
(84.475 -0.133113 51.6788 -0.72181 -0.0990493 21.9102)
(101.363 -0.179558 54.9575 -0.992626 -0.126802 21.254)
(104.745 4.453e-08 56.1557 -1.02381 -1.02242e-07 21.5478)
(79.2503 -0.129675 49.4006 -0.697096 -0.0940519 21.1887)
(94.9963 -0.174356 52.3361 -0.957556 -0.12113 20.4036)
(98.2566 4.49453e-08 53.5203 -0.989325 -1.09643e-07 20.7117)
(74.218 -0.126232 47.1526 -0.672637 -0.0892128 20.4394)
(88.8674 -0.169172 49.7563 -0.922799 -0.115599 19.5327)
(92.0077 4.95098e-08 50.9244 -0.955067 -1.21524e-07 19.853)
(69.3744 -0.122784 44.9381 -0.648445 -0.0845262 19.6663)
(82.9717 -0.164004 47.2221 -0.888376 -0.110206 18.6456)
(85.994 5.46878e-08 48.3719 -0.921059 -1.35061e-07 18.9761)
(64.716 -0.119331 42.7605 -0.624531 -0.0799868 18.8733)
(77.3048 -0.158852 44.7369 -0.854313 -0.104945 17.7462)
(80.2111 5.91417e-08 45.8666 -0.887328 -1.42845e-07 18.085)
(60.2394 -0.115872 40.6226 -0.600907 -0.0755893 18.064)
(71.8626 -0.153715 42.3042 -0.820633 -0.0998127 16.8383)
(74.6548 6.80058e-08 43.412 -0.853904 -1.45735e-07 17.1837)
(55.9415 -0.112408 38.527 -0.577585 -0.0713286 17.242)
(66.6411 -0.148592 39.9268 -0.787362 -0.0948051 15.9256)
(69.321 8.09473e-08 41.0111 -0.820818 -1.51441e-07 16.2758)
(51.8192 -0.108939 36.4762 -0.55458 -0.0671996 16.4106)
(61.6366 -0.143484 37.6075 -0.754527 -0.0899183 15.0114)
(64.2059 8.52609e-08 38.6669 -0.788098 -1.53529e-07 15.3649)
(47.8695 -0.105465 34.4723 -0.531906 -0.0631975 15.5729)
(56.8455 -0.138389 35.3486 -0.722155 -0.0851483 14.0989)
(59.3059 7.87587e-08 36.3819 -0.755776 -1.38321e-07 14.4541)
(44.0897 -0.101985 32.5172 -0.509577 -0.0593175 14.7319)
(52.2643 -0.133307 33.1524 -0.690273 -0.0804916 13.1911)
(54.6174 7.57481e-08 34.1583 -0.723884 -1.23112e-07 13.5466)
(40.4771 -0.0985011 30.6128 -0.487609 -0.055555 13.8904)
(47.8899 -0.128238 31.0209 -0.658906 -0.0759446 12.2908)
(50.1372 7.62324e-08 31.9984 -0.692451 -1.16998e-07 12.6453)
(37.0292 -0.0950122 28.7605 -0.466016 -0.0519056 13.0509)
(43.7193 -0.123181 28.9558 -0.628083 -0.0715036 11.4006)
(45.8622 7.54816e-08 29.9039 -0.661508 -1.09255e-07 11.7529)
(33.7437 -0.0915189 26.9619 -0.444815 -0.0483647 12.2159)
(39.7496 -0.118135 26.9586 -0.597831 -0.0671654 10.5228)
(41.7893 7.27036e-08 27.8765 -0.631086 -9.76988e-08 10.8718)
(30.6184 -0.0880214 25.2181 -0.42402 -0.0449281 11.3877)
(35.9781 -0.1131 25.0308 -0.568175 -0.0629265 9.65982)
(37.916 6.49693e-08 25.9178 -0.601215 -8.19502e-08 10.0043)
(27.6511 -0.08452 23.5302 -0.403646 -0.0415916 10.5685)
(32.4023 -0.108076 23.1735 -0.539143 -0.0587838 8.81357)
(34.2396 5.43418e-08 24.0289 -0.571925 -6.63999e-08 9.1527)
(24.84 -0.0810149 21.8993 -0.38371 -0.0383512 9.76007)
(29.02 -0.103061 21.3879 -0.510762 -0.0547338 7.98595)
(30.7576 4.5179e-08 22.211 -0.543246 -5.72584e-08 8.31879)
(22.1831 -0.0775061 20.326 -0.364227 -0.0352028 8.96435)
(25.8288 -0.0980537 19.6747 -0.48306 -0.0507735 7.17868)
(27.468 3.86111e-08 20.4652 -0.515207 -5.50445e-08 7.50441)
(19.6789 -0.0739934 18.8111 -0.345214 -0.0321424 8.18298)
(22.8269 -0.0930527 18.0348 -0.456065 -0.0468993 6.39331)
(24.3684 3.29447e-08 18.7922 -0.487841 -5.76535e-08 6.71119)
(17.3258 -0.070476 17.3553 -0.326688 -0.029166 7.41747)
(20.0123 -0.0880543 16.4688 -0.429813 -0.0431077 5.63122)
(21.4571 3.01196e-08 17.1927 -0.461181 -5.80562e-08 5.94059)
(15.1222 -0.0669524 15.959 -0.30867 -0.0262699 6.66919)
(17.3833 -0.0830532 14.9773 -0.404342 -0.0393945 4.89369)
(18.7322 3.1062e-08 15.6673 -0.435268 -5.95782e-08 5.19394)
(13.0668 -0.0634198 14.6225 -0.291185 -0.0234498 5.93941)
(14.9384 -0.07804 13.5605 -0.379698 -0.0357554 4.18181)
(16.1922 3.00663e-08 14.2166 -0.410145 -5.56922e-08 4.47242)
(11.1585 -0.0598727 13.3463 -0.274261 -0.0207015 5.22924)
(12.6761 -0.0730002 12.219 -0.355942 -0.032185 3.49658)
(13.8354 3.1519e-08 12.8409 -0.38587 -4.70033e-08 3.77708)
(9.39606 -0.0563021 12.1306 -0.257938 -0.0180207 4.5397)
(10.5952 -0.0679114 10.9529 -0.333151 -0.0286767 2.83887)
(11.6606 3.77234e-08 11.5404 -0.362517 -4.18411e-08 3.10883)
(7.7785 -0.0526935 10.9755 -0.242269 -0.0154027 3.87169)
(8.69451 -0.06274 9.76229 -0.311424 -0.0252217 2.20941)
(9.66656 4.57183e-08 10.3154 -0.340176 -3.10256e-08 2.46849)
(6.30493 -0.0490248 9.88105 -0.227319 -0.0128424 3.22599)
(6.97323 -0.0574387 8.64732 -0.290882 -0.0218097 1.60882)
(7.85235 5.49443e-08 9.16592 -0.318965 -1.70147e-08 1.85673)
(4.97458 -0.0452635 8.84736 -0.213178 -0.0103343 2.60329)
(5.43065 -0.0519447 7.60791 -0.271657 -0.0184277 1.03763)
(6.21714 5.58985e-08 8.09206 -0.299022 -5.8341e-09 1.27412)
(3.78681 -0.0413652 7.87434 -0.199945 -0.0078728 2.0042)
(4.06633 -0.0461838 6.6439 -0.253857 -0.0150607 0.496208)
(4.76036 3.66696e-08 7.09368 -0.280479 5.69885e-09 0.721127)
(2.7411 -0.0372746 6.96178 -0.187721 -0.00545223 1.42922)
(2.88004 -0.0400835 5.75493 -0.23749 -0.011694 -0.015184)
(3.48168 -3.94578e-09 6.17056 -0.263415 1.3378e-08 0.198084)
(1.837 -0.0329325 6.10936 -0.176558 -0.00306736 0.878783)
(1.87176 -0.0336056 4.94032 -0.222301 -0.0083171 -0.496472)
(2.38093 -4.6047e-08 5.32219 -0.247729 2.78056e-08 -0.294811)
(1.07405 -0.0282954 5.31647 -0.16636 -0.000714452 0.353257)
(1.04135 -0.026805 4.19892 -0.207543 -0.00493223 -0.947856)
(1.45804 -5.08266e-08 4.54769 -0.232924 2.75862e-08 -0.757539)
(0.451553 -0.0233745 4.58213 -0.156715 0.00160822 -0.147045)
(0.388005 -0.019914 3.52886 -0.191776 -0.00156378 -1.37006)
(0.712577 -2.0374e-08 3.8456 -0.217857 1.03316e-08 -1.19039)
(-0.031961 -0.0182981 3.90482 -0.146732 0.00390273 -0.621965)
(-0.0909638 -0.013446 2.92718 -0.171606 0.00172658 -1.76378)
(0.142531 3.83063e-08 3.21355 -0.20038 1.38277e-09 -1.59414)
(-0.379957 -0.0133989 3.28226 -0.134764 0.00617916 -1.07169)
(-0.402152 -0.00826294 2.38899 -0.139063 0.00483881 -2.12812)
(-0.256913 1.41866e-07 2.64759 -0.175116 -1.11382e-08 -1.96869)
(-0.598559 -0.00930565 2.71122 -0.116448 0.00846902 -1.49582)
(-0.565695 -0.00523979 1.91989 -0.102534 0.00787861 -2.47669)
(-0.491049 2.35363e-07 2.14733 -0.134813 -5.16962e-08 -2.31209)
(-0.69381 -0.00677054 2.19413 -0.0882736 0.0109763 -1.89523)
(-0.626548 -0.00468256 1.5695 -0.126487 0.0115415 -2.87091)
(-0.586046 7.35046e-08 1.73663 -0.111898 -3.83866e-08 -2.65394)
(-0.691365 -0.00618444 1.75751 -0.0888581 0.0145288 -2.30809)
(-0.620239 -1.27674e-07 1.47282 -0.190715 1.63656e-07 -3.08505)
(-0.653847 -0.00816309 1.42564 -0.179537 0.0203038 -2.82563)
(704.771 -8.56771 94.2595 144.323 -0.157917 88.4505)
(688.514 -26.3718 99.1292 230.25 -1.15608 179.044)
(536.116 -9.42548 80.1265 200.584 0.267534 164.323)
(691.459 -3.91135 79.5239 38.183 0.538674 -12.1009)
(678.169 -11.9298 83.5701 65.4932 0.59898 11.3635)
(527.709 -3.96387 90.8486 60.9652 0.951715 20.0382)
(662.134 -1.54242 77.3554 16.0792 0.998193 -20.0186)
(670.56 -4.71601 76.4035 18.9986 1.91213 -20.6516)
(523.888 -1.32723 84.0865 17.8207 1.36649 -15.5521)
(635.627 -0.254559 79.9601 9.25219 1.18838 -16.1401)
(647.1 -1.32399 77.0885 10.6827 2.49917 -17.5139)
(505.766 -0.175298 81.347 9.34864 1.50531 -16.373)
(611.783 0.38011 83.9289 3.92026 1.18959 -13.9425)
(621.819 0.38101 80.6028 5.11021 2.58568 -15.0443)
(484.786 0.354326 81.7695 4.33413 1.44876 -15.013)
(589.802 0.626889 88.1366 0.868423 1.09328 -11.5091)
(599.359 1.12188 84.9518 1.54329 2.41025 -12.7828)
(466.095 0.550316 83.399 1.26654 1.29171 -13.0883)
(569.218 0.681553 92.2288 -0.698071 0.963779 -8.82386)
(578.625 1.34663 89.3723 -0.276857 2.13407 -10.133)
(449.105 0.578232 85.5396 -0.249009 1.1053 -10.6289)
(549.661 0.653938 96.0853 -1.52497 0.83628 -6.10605)
(558.952 1.33855 93.5887 -1.22229 1.84936 -7.39365)
(433.222 0.53814 87.8864 -1.01092 0.929112 -8.02498)
(530.877 0.598651 99.6299 -1.94796 0.72579 -3.39091)
(540.067 1.24244 97.4862 -1.71337 1.59757 -4.64869)
(418.154 0.478301 90.2386 -1.39283 0.779496 -5.3894)
(512.7 0.54102 102.805 -2.14686 0.636195 -0.700797)
(521.785 1.12665 100.996 -1.95154 1.39124 -1.92075)
(403.696 0.419844 92.4571 -1.56698 0.659884 -2.75662)
(495.025 0.490948 105.575 -2.22648 0.566136 1.93624)
(503.99 1.02032 104.076 -2.0543 1.22908 0.76135)
(389.709 0.370671 94.4509 -1.63234 0.567632 -0.161159)
(477.785 0.450797 107.921 -2.24408 0.512278 4.49598)
(486.612 0.932722 106.709 -2.08696 1.10431 3.37162)
(376.111 0.332229 96.1656 -1.64333 0.497861 2.36709)
(460.939 0.419744 109.84 -2.23 0.470954 6.95876)
(469.614 0.864087 108.891 -2.08398 1.00888 5.88923)
(362.848 0.303251 97.5728 -1.62807 0.445426 4.80495)
(444.466 0.395949 111.338 -2.2001 0.438895 9.309)
(452.976 0.811293 110.631 -2.06328 0.935339 8.2977)
(349.892 0.28168 98.6626 -1.60075 0.405792 7.13505)
(428.353 0.377527 112.432 -2.16253 0.413468 11.5348)
(436.69 0.77054 111.947 -2.03395 0.87759 10.5844)
(337.225 0.265529 99.4373 -1.56832 0.375318 9.34491)
(412.595 0.362907 113.142 -2.12138 0.392686 13.6276)
(420.751 0.738456 112.86 -2.00051 0.830957 12.7401)
(324.839 0.253185 99.907 -1.53401 0.351251 11.426)
(397.19 0.350912 113.489 -2.07868 0.375113 15.5812)
(405.161 0.712418 113.395 -1.96516 0.792027 14.7581)
(312.728 0.243453 100.086 -1.49926 0.331598 13.3728)
(382.138 0.340712 113.498 -2.03547 0.35975 17.3916)
(389.921 0.690534 113.575 -1.92896 0.758401 16.634)
(300.891 0.235498 99.9921 -1.46469 0.314966 15.1821)
(367.44 0.331745 113.193 -1.99226 0.34592 19.0564)
(375.032 0.6715 113.428 -1.89245 0.728438 18.3649)
(289.328 0.228759 99.643 -1.43057 0.300407 16.8522)
(353.097 0.323635 112.598 -1.94935 0.333174 20.5747)
(360.498 0.654447 112.977 -1.85592 0.701046 19.9496)
(278.039 0.222865 99.0573 -1.397 0.287292 18.3828)
(339.109 0.316137 111.735 -1.90686 0.321221 21.9468)
(346.317 0.6388 112.246 -1.81949 0.675509 21.3878)
(267.025 0.217573 98.2534 -1.36403 0.27521 19.7746)
(325.475 0.309087 110.627 -1.86488 0.309873 23.1736)
(332.492 0.624178 111.258 -1.78327 0.651365 22.6803)
(256.284 0.212723 97.2492 -1.33168 0.263895 21.0291)
(312.194 0.302375 109.296 -1.82342 0.299009 24.2573)
(319.021 0.610326 110.036 -1.74727 0.628318 23.8287)
(245.818 0.208206 96.062 -1.29994 0.25318 22.1483)
(299.265 0.295925 107.761 -1.78249 0.288554 25.2005)
(305.903 0.597066 108.599 -1.71152 0.606179 24.8355)
(235.624 0.203943 94.7083 -1.26878 0.242955 23.1349)
(286.685 0.289679 106.042 -1.74205 0.278455 26.0065)
(293.135 0.584273 106.97 -1.676 0.584823 25.7037)
(225.701 0.199878 93.2039 -1.23819 0.233151 23.9923)
(274.451 0.283596 104.157 -1.70208 0.268677 26.6794)
(280.716 0.571853 105.165 -1.64068 0.564168 26.4369)
(216.048 0.195968 91.5637 -1.20812 0.223721 24.7241)
(262.559 0.277645 102.124 -1.66251 0.259197 27.2234)
(268.642 0.559735 103.203 -1.60554 0.544156 27.0394)
(206.663 0.192179 89.802 -1.17853 0.214633 25.3343)
(251.006 0.271801 99.9589 -1.62332 0.249995 27.6434)
(256.909 0.547863 101.101 -1.57055 0.524743 27.5156)
(197.541 0.188485 87.9321 -1.14937 0.205862 25.8272)
(239.787 0.266044 97.6777 -1.58446 0.241058 27.9444)
(245.514 0.536194 98.8755 -1.53566 0.505897 27.8706)
(188.681 0.184864 85.9669 -1.12062 0.197392 26.2076)
(228.898 0.26036 95.2949 -1.5459 0.232372 28.1319)
(234.45 0.524693 96.5409 -1.50087 0.487591 28.1095)
(180.079 0.181299 83.9183 -1.09222 0.189206 26.4803)
(218.333 0.254736 92.8242 -1.50759 0.223928 28.2114)
(223.714 0.513335 94.1117 -1.46614 0.469801 28.2379)
(171.732 0.177777 81.7975 -1.06415 0.181292 26.6503)
(208.087 0.249164 90.2787 -1.46952 0.215715 28.1887)
(213.301 0.502097 91.6011 -1.43145 0.452508 28.2615)
(163.634 0.174287 79.6153 -1.03637 0.17364 26.7229)
(198.154 0.243637 87.6704 -1.43166 0.207726 28.0696)
(203.204 0.490964 89.0219 -1.3968 0.435692 28.186)
(155.784 0.170821 77.3815 -1.00888 0.166239 26.7032)
(188.53 0.238148 85.0108 -1.394 0.199952 27.8602)
(193.419 0.479923 86.3858 -1.36217 0.419337 28.0173)
(148.175 0.167372 75.1055 -0.981635 0.159079 26.5968)
(179.208 0.232693 82.3105 -1.35653 0.192386 27.5664)
(183.939 0.468963 83.7037 -1.32757 0.403426 27.7615)
(140.805 0.163935 72.796 -0.954638 0.152152 26.4088)
(170.182 0.22727 79.5795 -1.31924 0.185022 27.194)
(174.759 0.458076 80.9861 -1.29299 0.387946 27.4244)
(133.669 0.160507 70.4611 -0.927876 0.14545 26.1447)
(161.447 0.221876 76.8271 -1.28214 0.177853 26.7491)
(165.874 0.447256 78.2425 -1.25845 0.372881 27.0121)
(126.762 0.157084 68.1085 -0.901341 0.138965 25.8097)
(152.997 0.216508 74.0619 -1.24522 0.170871 26.2375)
(157.276 0.436498 75.4819 -1.22394 0.358219 26.5303)
(120.08 0.153663 65.7452 -0.875026 0.132689 25.4091)
(144.827 0.211165 71.2921 -1.20848 0.164073 25.665)
(148.962 0.425798 72.7127 -1.18949 0.343945 25.9848)
(113.618 0.150243 63.3779 -0.848931 0.126616 24.9482)
(136.93 0.205845 68.525 -1.17194 0.15745 25.037)
(140.924 0.415151 69.9426 -1.1551 0.330049 25.3814)
(107.374 0.146823 61.0126 -0.823055 0.120738 24.4319)
(129.302 0.200548 65.7677 -1.13561 0.150999 24.3593)
(133.158 0.404555 67.1789 -1.12078 0.316518 24.7256)
(101.341 0.1434 58.655 -0.797399 0.115049 23.8652)
(121.936 0.195271 63.0266 -1.0995 0.144714 23.637)
(125.657 0.394008 64.4283 -1.08657 0.30334 24.0227)
(95.5164 0.139975 56.3103 -0.77197 0.109542 23.2529)
(114.828 0.190014 60.3076 -1.06362 0.138589 22.8754)
(118.417 0.383505 61.6968 -1.05248 0.290505 23.2781)
(89.8957 0.136546 53.9834 -0.746771 0.104211 22.5997)
(107.972 0.184777 57.6162 -1.02799 0.13262 22.0794)
(111.432 0.373046 58.9904 -1.01853 0.278002 22.4969)
(84.475 0.133113 51.6788 -0.72181 0.0990493 21.9102)
(101.363 0.179558 54.9575 -0.992626 0.126802 21.254)
(104.696 0.362629 56.3141 -0.984746 0.26582 21.6839)
(79.2503 0.129675 49.4006 -0.697096 0.094052 21.1887)
(94.9963 0.174356 52.3361 -0.957556 0.12113 20.4036)
(98.2063 0.352251 53.6729 -0.951154 0.25395 20.8438)
(74.218 0.126232 47.1526 -0.672637 0.0892128 20.4394)
(88.8674 0.169172 49.7563 -0.922799 0.115599 19.5327)
(91.9564 0.341911 51.0713 -0.91778 0.242381 19.9811)
(69.3744 0.122784 44.9381 -0.648445 0.0845263 19.6663)
(82.9717 0.164004 47.2221 -0.888376 0.110205 18.6456)
(85.9421 0.331607 48.5133 -0.884652 0.231105 19.1002)
(64.716 0.119331 42.7605 -0.624531 0.0799869 18.8733)
(77.3048 0.158852 44.7369 -0.854313 0.104945 17.7462)
(80.159 0.321337 46.0027 -0.851797 0.220111 18.2052)
(60.2394 0.115872 40.6226 -0.600907 0.0755894 18.064)
(71.8626 0.153715 42.3042 -0.820633 0.0998124 16.8383)
(74.6029 0.311101 43.5429 -0.819245 0.209392 17.2999)
(55.9415 0.112408 38.527 -0.577585 0.0713287 17.242)
(66.6411 0.148592 39.9268 -0.787362 0.0948049 15.9256)
(69.2696 0.300896 41.137 -0.787024 0.198939 16.3881)
(51.8192 0.108939 36.4762 -0.55458 0.0671997 16.4106)
(61.6366 0.143484 37.6075 -0.754527 0.089918 15.0114)
(64.1553 0.290722 38.7879 -0.755165 0.188743 15.4733)
(47.8695 0.105465 34.4723 -0.531906 0.0631976 15.5729)
(56.8455 0.138389 35.3486 -0.722155 0.0851481 14.0989)
(59.2563 0.280577 36.4981 -0.723698 0.178796 14.5586)
(44.0897 0.101985 32.5172 -0.509577 0.0593176 14.7319)
(52.2643 0.133307 33.1524 -0.690273 0.0804914 13.1911)
(54.5692 0.27046 34.2699 -0.692654 0.169091 13.6473)
(40.4771 0.0985011 30.6128 -0.487609 0.0555551 13.8904)
(47.8899 0.128238 31.0209 -0.658906 0.0759444 12.2908)
(50.0905 0.26037 32.1054 -0.662062 0.15962 12.7421)
(37.0292 0.0950122 28.7605 -0.466017 0.0519056 13.0509)
(43.7193 0.123181 28.9558 -0.628084 0.0715034 11.4006)
(45.8172 0.250305 30.0065 -0.631952 0.150375 11.8458)
(33.7437 0.0915189 26.9619 -0.444815 0.0483647 12.2159)
(39.7496 0.118135 26.9586 -0.597831 0.0671652 10.5228)
(41.7464 0.240264 27.9748 -0.602354 0.141349 10.9609)
(30.6184 0.0880215 25.2181 -0.42402 0.0449281 11.3877)
(35.9781 0.1131 25.0308 -0.568175 0.0629264 9.65982)
(37.8752 0.230246 26.0118 -0.573297 0.132536 10.0897)
(27.6511 0.0845201 23.5302 -0.403646 0.0415916 10.5685)
(32.4023 0.108076 23.1735 -0.539144 0.0587837 8.81357)
(34.201 0.22025 24.1188 -0.544811 0.123928 9.23423)
(24.84 0.081015 21.8993 -0.38371 0.0383512 9.76007)
(29.02 0.103061 21.3879 -0.510762 0.0547338 7.98595)
(30.7215 0.210273 22.2969 -0.516924 0.115518 8.39656)
(22.1831 0.0775061 20.326 -0.364228 0.0352028 8.96435)
(25.8288 0.0980538 19.6747 -0.48306 0.0507734 7.17868)
(27.4344 0.200314 20.547 -0.489665 0.1073 7.57844)
(19.6789 0.0739934 18.8111 -0.345214 0.0321424 8.18298)
(22.8269 0.0930527 18.0348 -0.456065 0.0468992 6.39331)
(24.3375 0.19037 18.8701 -0.463064 0.0992674 6.7815)
(17.3258 0.070476 17.3553 -0.326688 0.029166 7.41747)
(20.0123 0.0880544 16.4688 -0.429814 0.0431076 5.63122)
(21.429 0.180435 17.2667 -0.437153 0.0914121 6.00719)
(15.1222 0.0669524 15.959 -0.30867 0.0262699 6.66919)
(17.3833 0.0830533 14.9773 -0.404342 0.0393944 4.89369)
(18.7069 0.170501 15.7376 -0.41197 0.0837267 5.25685)
(13.0668 0.0634198 14.6225 -0.291185 0.0234498 5.93941)
(14.9384 0.0780401 13.5605 -0.379698 0.0357553 4.18181)
(16.1697 0.160554 14.2831 -0.387553 0.0762025 4.53165)
(11.1585 0.0598727 13.3463 -0.274261 0.0207015 5.22924)
(12.6761 0.0730003 12.219 -0.355942 0.032185 3.49658)
(13.8159 0.150573 12.9036 -0.363957 0.0688299 3.83264)
(9.39606 0.0563021 12.1306 -0.257938 0.0180208 4.5397)
(10.5952 0.0679115 10.9529 -0.333152 0.0286766 2.83887)
(11.6441 0.140522 11.5994 -0.341245 0.0615966 3.16074)
(7.7785 0.0526935 10.9755 -0.242269 0.0154028 3.87169)
(8.69451 0.0627401 9.76229 -0.311425 0.0252217 2.20941)
(9.65297 0.130349 10.3707 -0.3195 0.0544873 2.51676)
(6.30493 0.0490249 9.88105 -0.227319 0.0128424 3.22599)
(6.97323 0.0574388 8.64732 -0.290882 0.0218097 1.60882)
(7.84161 0.119976 9.2176 -0.298828 0.0474828 1.90137)
(4.97458 0.0452636 8.84736 -0.213178 0.0103343 2.60329)
(5.43065 0.0519448 7.60791 -0.271657 0.0184277 1.03763)
(6.20909 0.109297 8.14004 -0.279354 0.0405596 1.31514)
(3.78681 0.0413652 7.87434 -0.199945 0.00787282 2.0042)
(4.06633 0.0461838 6.6439 -0.253857 0.0150608 0.496208)
(4.75474 0.098176 7.13791 -0.261204 0.0336896 0.758539)
(2.7411 0.0372746 6.96178 -0.187721 0.00545223 1.42922)
(2.88004 0.0400834 5.75493 -0.23749 0.011694 -0.0151837)
(3.4781 0.0864611 6.21094 -0.244463 0.0268422 0.231895)
(1.837 0.0329325 6.10936 -0.176558 0.00306735 0.878783)
(1.87176 0.0336055 4.94032 -0.222301 0.00831715 -0.496472)
(2.37888 0.0740271 5.35859 -0.229064 0.0199917 -0.264595)
(1.07405 0.0282954 5.31647 -0.16636 0.000714456 0.353258)
(1.04135 0.026805 4.19892 -0.207543 0.00493221 -0.947856)
(1.45688 0.0608621 4.57992 -0.214598 0.0131309 -0.730911)
(0.451553 0.0233744 4.58213 -0.156715 -0.0016082 -0.147045)
(0.388005 0.0199141 3.52886 -0.191776 0.0015637 -1.37006)
(0.711622 0.0472139 3.87342 -0.200071 0.0062954 -1.16735)
(-0.031961 0.0182981 3.90482 -0.146732 -0.00390271 -0.621965)
(-0.0909637 0.0134461 2.92718 -0.171607 -0.00172665 -1.76378)
(0.141163 0.0337986 3.23672 -0.183551 -0.000403326 -1.57472)
(-0.379957 0.0133989 3.28226 -0.134764 -0.00617912 -1.07169)
(-0.402152 0.00826325 2.38899 -0.139063 -0.00483883 -2.12812)
(-0.259152 0.0220474 2.66595 -0.159856 -0.00672382 -1.9531)
(-0.598559 0.00930579 2.71122 -0.116448 -0.00846897 -1.49582)
(-0.565694 0.00524011 1.91989 -0.102534 -0.00787855 -2.47669)
(-0.494275 0.0139031 2.16071 -0.121355 -0.0124352 -2.30081)
(-0.693809 0.0067708 2.19413 -0.0882736 -0.0109762 -1.89523)
(-0.626548 0.00468223 1.5695 -0.126487 -0.0115414 -2.87091)
(-0.589445 0.0105173 1.74488 -0.0990735 -0.0182735 -2.64796)
(-0.691365 0.00618456 1.75751 -0.0888577 -0.0145288 -2.30809)
(-0.623403 0.0123702 1.47618 -0.176604 -0.0262657 -3.0862)
(-0.653846 0.00816294 1.42564 -0.179536 -0.0203036 -2.82563)
(704.172 -25.3433 88.508 129.084 -0.643108 82.0329)
(682.473 -57.7512 88.0276 197.26 -2.52823 159.049)
(533.118 -30.4997 74.6486 184.528 0.942811 155.266)
(689.245 -9.53613 75.3987 29.8387 1.48868 -12.6921)
(673.531 -20.178 75.4058 45.1867 1.03471 4.68258)
(526.635 -10.675 85.0271 50.9207 2.87154 17.3829)
(659.229 -3.01612 74.0307 11.4668 2.81413 -19.7136)
(664.361 -5.85956 70.2134 9.56611 3.49522 -21.373)
(521.78 -2.45341 79.1079 12.8872 3.90236 -15.7834)
(632.935 0.0484876 77.278 6.56875 3.29429 -16.0896)
(641.238 -0.67416 72.2141 5.78025 4.43926 -17.5856)
(503.501 0.332406 77.405 6.77365 4.16002 -16.4763)
(609.733 1.43316 81.9214 2.49759 3.23913 -13.9871)
(617.513 1.56916 76.9898 2.55163 4.45853 -15.1705)
(483.127 1.39503 78.8455 3.0948 3.91315 -15.1805)
(588.504 1.89814 86.7902 0.204471 2.93881 -11.5345)
(596.632 2.38186 82.5373 0.352707 4.06496 -12.8405)
(465.163 1.70282 81.4144 0.813863 3.4338 -13.2064)
(568.596 1.9368 91.4665 -0.946614 2.57145 -8.79336)
(577.196 2.51086 87.9904 -0.729203 3.55087 -10.0803)
(448.798 1.66233 84.3595 -0.287932 2.90792 -10.6544)
(549.566 1.80774 95.7959 -1.55114 2.22439 -6.00416)
(558.501 2.3708 93.0293 -1.28803 3.0584 -7.21907)
(433.39 1.49871 87.3487 -0.843095 2.42947 -7.94236)
(531.156 1.63295 99.6989 -1.85797 1.93053 -3.21795)
(540.3 2.14908 97.5433 -1.58022 2.64025 -4.35697)
(418.649 1.31275 90.1855 -1.12636 2.0322 -5.20079)
(513.222 1.46636 103.133 -1.999 1.69556 -0.465882)
(522.461 1.9275 101.493 -1.7211 2.30588 -1.52836)
(404.394 1.14533 92.7532 -1.25907 1.71905 -2.47586)
(495.689 1.32696 106.08 -2.05187 1.5133 2.22147)
(504.927 1.7376 104.875 -1.78018 2.04688 1.23486)
(390.519 1.00957 94.9886 -1.31243 1.47972 0.194151)
(478.518 1.2172 108.543 -2.05883 1.37371 4.8202)
(487.683 1.58607 107.705 -1.79635 1.84908 3.90789)
(376.964 0.905358 96.8635 -1.32581 1.29968 2.77995)
(461.693 1.13297 110.534 -2.04224 1.26661 7.31211)
(470.732 1.46895 110.01 -1.7901 1.69799 6.47253)
(363.702 0.827434 98.3719 -1.31951 1.16469 5.26066)
(445.207 1.0685 112.074 -2.01378 1.18327 9.68344)
(454.085 1.37906 111.821 -1.77222 1.58112 8.91528)
(350.718 0.76948 99.5214 -1.30381 1.06263 7.62167)
(429.061 1.01837 113.188 -1.97948 1.11678 11.9241)
(437.755 1.30927 113.172 -1.74828 1.48859 11.2263)
(338.005 0.72588 100.327 -1.28377 0.983927 9.85315)
(413.259 0.978299 113.904 -1.94237 1.06203 14.0268)
(421.752 1.25369 114.096 -1.72115 1.41301 13.3987)
(325.564 0.692252 100.809 -1.26178 0.921474 11.9488)
(397.804 0.945132 114.248 -1.90399 1.01536 15.9868)
(406.087 1.20794 114.626 -1.6923 1.3491 15.4277)
(313.393 0.665426 100.987 -1.23892 0.870165 13.905)
(382.7 0.916683 114.248 -1.86513 0.974237 17.8009)
(390.767 1.16893 114.792 -1.6625 1.29319 17.3102)
(301.496 0.643222 100.884 -1.21572 0.826464 15.7197)
(367.95 0.891486 113.929 -1.82621 0.936965 19.4675)
(375.799 1.13457 114.623 -1.6322 1.24279 19.0446)
(289.873 0.624189 100.52 -1.1924 0.78798 17.3925)
(353.556 0.868575 113.318 -1.78745 0.90243 20.986)
(361.185 1.10349 114.146 -1.60164 1.19629 20.6302)
(278.525 0.607378 99.9165 -1.1691 0.753138 18.9235)
(339.518 0.847314 112.437 -1.74899 0.86991 22.357)
(346.929 1.07478 113.387 -1.57097 1.15262 22.0674)
(267.454 0.592167 99.0926 -1.14588 0.720914 20.3142)
(325.837 0.827282 111.311 -1.7109 0.838942 23.5819)
(333.031 1.04783 112.369 -1.54028 1.11111 23.3573)
(256.66 0.578144 98.0671 -1.12278 0.690653 21.5661)
(312.511 0.808194 109.961 -1.67318 0.809234 24.6628)
(319.491 1.02224 111.117 -1.50964 1.07133 24.5019)
(246.143 0.565028 96.8579 -1.09984 0.661937 22.6818)
(299.54 0.78985 108.406 -1.63585 0.780596 25.6026)
(306.308 0.99774 109.65 -1.47906 1.03301 25.5037)
(235.902 0.552621 95.4818 -1.07704 0.634502 23.6641)
(286.92 0.772102 106.668 -1.59889 0.752904 26.4047)
(293.48 0.974115 107.989 -1.44854 0.995966 26.3659)
(225.935 0.540775 93.9547 -1.05439 0.608175 24.5164)
(274.65 0.754842 104.764 -1.56227 0.726074 27.0731)
(281.005 0.951216 106.153 -1.41808 0.960083 27.0923)
(216.241 0.529376 92.292 -1.03187 0.582842 25.2424)
(262.724 0.737986 102.712 -1.52596 0.700046 27.6122)
(268.878 0.928929 104.161 -1.38767 0.925279 27.6872)
(206.816 0.518337 90.5079 -1.00945 0.558425 25.8462)
(251.14 0.721469 100.528 -1.48992 0.674776 28.0269)
(257.097 0.907161 102.029 -1.3573 0.891493 28.1552)
(197.659 0.507587 88.616 -0.987131 0.534865 26.3323)
(239.892 0.705238 98.2287 -1.45413 0.650226 28.3222)
(245.657 0.885842 99.7736 -1.32693 0.858677 28.5013)
(188.766 0.49707 86.6289 -0.964879 0.512118 26.7053)
(228.976 0.689254 95.8278 -1.41855 0.626368 28.5037)
(234.553 0.864913 97.4099 -1.29657 0.826793 28.7309)
(180.134 0.486742 84.5589 -0.942678 0.490147 26.9702)
(218.387 0.673484 93.3394 -1.38317 0.603174 28.5769)
(223.78 0.844331 94.9521 -1.26619 0.795806 28.8494)
(171.759 0.476565 82.4171 -0.920517 0.46892 27.1321)
(208.119 0.657905 90.7764 -1.34796 0.580622 28.5477)
(213.332 0.82406 92.4136 -1.2358 0.765687 28.8627)
(163.636 0.466513 80.2143 -0.898384 0.44841 27.1962)
(198.166 0.642496 88.1512 -1.31291 0.558689 28.4219)
(203.205 0.804069 89.8071 -1.20539 0.736407 28.7765)
(155.763 0.456562 77.9604 -0.876272 0.428592 27.1678)
(188.523 0.627241 85.4751 -1.27801 0.537357 28.2056)
(193.391 0.784337 87.1443 -1.17495 0.707941 28.5968)
(148.134 0.446695 75.6648 -0.854177 0.40944 27.0523)
(179.185 0.612129 82.7587 -1.24325 0.516607 27.9047)
(183.887 0.764846 84.4363 -1.1445 0.680265 28.3297)
(140.745 0.436897 73.3361 -0.832101 0.390934 26.8551)
(170.145 0.597149 80.012 -1.20864 0.49642 27.5251)
(174.685 0.745578 81.6935 -1.11404 0.653356 27.981)
(133.592 0.427158 70.9827 -0.810045 0.373051 26.5815)
(161.397 0.582292 77.2444 -1.17417 0.47678 27.0729)
(165.78 0.726521 78.9254 -1.08358 0.627192 27.5568)
(126.67 0.417468 68.612 -0.788015 0.355771 26.2369)
(152.936 0.567554 74.4645 -1.13985 0.45767 26.5539)
(157.165 0.707665 76.141 -1.05313 0.601751 27.0631)
(119.975 0.407821 66.2311 -0.766016 0.339076 25.8266)
(144.756 0.552927 71.6804 -1.10569 0.439074 25.9738)
(148.835 0.689 73.3487 -1.02271 0.577013 26.5055)
(113.502 0.398211 63.8466 -0.744057 0.322944 25.3557)
(136.851 0.538407 68.8994 -1.07169 0.420978 25.3383)
(140.785 0.670517 70.5562 -0.992323 0.552957 25.8898)
(107.248 0.388633 61.4647 -0.722146 0.307359 24.8294)
(129.215 0.523989 66.1287 -1.03787 0.403366 24.653)
(133.007 0.652209 67.7708 -0.961996 0.529565 25.2216)
(101.207 0.379083 59.091 -0.700296 0.292302 24.2526)
(121.843 0.509668 63.3745 -1.00425 0.386224 23.923)
(125.498 0.63407 64.999 -0.931747 0.506815 24.5063)
(95.375 0.369558 56.7307 -0.678519 0.277755 23.6302)
(114.73 0.495442 60.6428 -0.970828 0.369539 23.1538)
(118.25 0.616091 62.2471 -0.901597 0.484692 23.7492)
(89.7486 0.360055 54.3887 -0.656829 0.263702 22.9669)
(107.87 0.481307 57.9392 -0.937637 0.353295 22.3502)
(111.259 0.598267 59.5208 -0.871568 0.463175 22.9554)
(84.3234 0.350572 52.0694 -0.635241 0.250125 22.2671)
(101.258 0.467258 55.2686 -0.904691 0.337481 21.517)
(104.52 0.580593 56.8253 -0.841684 0.442247 22.1297)
(79.0954 0.341107 49.7768 -0.613769 0.237008 21.5354)
(94.8893 0.453294 52.6357 -0.872012 0.322083 20.659)
(98.0267 0.563063 54.1655 -0.811968 0.421891 21.277)
(74.0607 0.331659 47.5149 -0.59243 0.224335 20.7758)
(88.7593 0.439412 50.0447 -0.83962 0.307089 19.7804)
(91.7752 0.545671 51.5458 -0.782447 0.40209 20.4018)
(69.2158 0.322226 45.287 -0.571241 0.21209 19.9925)
(82.8631 0.425608 47.4996 -0.807539 0.292485 18.8856)
(85.7606 0.528412 48.9702 -0.753146 0.382828 19.5083)
(64.5569 0.312808 43.0963 -0.550219 0.200258 19.1893)
(77.1965 0.411879 45.004 -0.775792 0.278261 17.9786)
(79.9783 0.511282 46.4425 -0.724092 0.364087 18.6006)
(60.0808 0.303404 40.9457 -0.529382 0.188824 18.3698)
(71.7553 0.398224 42.561 -0.744403 0.264404 17.0631)
(74.424 0.494276 43.9661 -0.69531 0.345852 17.6828)
(55.7841 0.294013 38.8378 -0.508746 0.177773 17.5377)
(66.5354 0.384639 40.1736 -0.713397 0.250903 16.1428)
(69.0935 0.477389 41.5441 -0.66683 0.328107 16.7584)
(51.6637 0.284635 36.7749 -0.488332 0.167091 16.6961)
(61.533 0.371122 37.8446 -0.6828 0.237747 15.221)
(63.9829 0.460617 39.1793 -0.638677 0.310837 15.831)
(47.7166 0.27527 34.7593 -0.468156 0.156763 15.8483)
(56.7445 0.35767 35.5763 -0.652637 0.224925 14.301)
(59.0884 0.443954 36.8742 -0.61088 0.294028 14.9039)
(43.94 0.265917 32.7928 -0.448239 0.146776 14.9972)
(52.1664 0.344281 33.371 -0.622934 0.212427 13.3857)
(54.4065 0.427397 34.6311 -0.583466 0.277665 13.9801)
(40.3312 0.256576 30.8772 -0.428598 0.137117 14.1456)
(47.7956 0.330953 31.2305 -0.593716 0.200241 12.4779)
(49.9337 0.410942 32.452 -0.556463 0.261733 13.0625)
(36.8876 0.247248 29.0141 -0.409253 0.127771 13.2962)
(43.629 0.317683 29.1566 -0.565009 0.188358 11.5803)
(45.6669 0.394583 30.3389 -0.529897 0.246219 12.1538)
(33.6069 0.237933 27.2048 -0.390221 0.118727 12.4513)
(39.6635 0.304468 27.1509 -0.536839 0.176767 10.6952)
(41.6031 0.378317 28.2933 -0.503794 0.231108 11.2566)
(30.4868 0.22863 25.4506 -0.371522 0.109971 11.6132)
(35.8967 0.291307 25.2147 -0.50923 0.16546 9.82477)
(37.7395 0.36214 26.3167 -0.47818 0.216388 10.3731)
(27.5252 0.219339 23.7526 -0.353171 0.101492 10.7841)
(32.3259 0.278196 23.3493 -0.482208 0.154426 8.97118)
(34.0733 0.346047 24.4103 -0.453082 0.202046 9.5054)
(24.72 0.210062 22.1116 -0.335189 0.0932759 9.96596)
(28.9487 0.265132 21.5555 -0.455797 0.143656 8.13625)
(30.6023 0.330033 22.5753 -0.428524 0.188068 8.65553)
(22.0695 0.200797 20.5285 -0.317592 0.0853122 9.16052)
(25.7629 0.252111 19.8345 -0.430022 0.133141 7.3217)
(27.3239 0.314093 20.8126 -0.404531 0.174442 7.82525)
(19.5719 0.191543 19.0039 -0.300398 0.0775888 8.36947)
(22.7666 0.239127 18.1868 -0.40491 0.122869 6.52907)
(24.2362 0.29822 19.123 -0.381126 0.161154 7.01619)
(17.2256 0.182298 17.5386 -0.283625 0.0700939 7.59433)
(19.9578 0.22617 16.6131 -0.380491 0.112833 5.75975)
(21.337 0.282405 17.5072 -0.358338 0.148191 6.22981)
(15.0291 0.173058 16.1328 -0.267294 0.0628158 6.83648)
(17.3347 0.213227 15.114 -0.356797 0.103018 5.01501)
(18.6246 0.266632 15.9657 -0.336195 0.135538 5.46743)
(12.981 0.163815 14.7871 -0.25143 0.0557425 6.09717)
(14.8958 0.200273 13.6898 -0.333867 0.0934146 4.29595)
(16.0972 0.250881 14.499 -0.314724 0.123181 4.73024)
(11.0801 0.154556 13.5018 -0.236055 0.0488616 5.37753)
(12.6396 0.187272 12.3408 -0.31175 0.0840058 3.60356)
(13.7533 0.235116 13.1075 -0.293965 0.111101 4.01927)
(9.32518 0.145259 12.2769 -0.221206 0.0421602 4.67857)
(10.5647 0.174166 11.0673 -0.290509 0.0747733 2.93869)
(11.5915 0.219285 11.7914 -0.273961 0.0992749 3.33544)
(7.71521 0.135885 11.1128 -0.206925 0.0356244 4.00118)
(8.67001 0.160868 9.86935 -0.270224 0.0656934 2.3021)
(9.61035 0.203303 10.5508 -0.254769 0.087677 2.67956)
(6.24922 0.126379 10.0094 -0.193267 0.0292389 3.34616)
(6.95444 0.147253 8.74701 -0.250993 0.0567358 1.69441)
(7.80875 0.187047 9.38583 -0.236461 0.076272 2.05231)
(4.92634 0.116656 8.96679 -0.180306 0.022987 2.71421)
(5.41715 0.133151 7.70018 -0.232931 0.0478628 1.11611)
(6.1856 0.170342 8.29636 -0.219125 0.0650161 1.45425)
(3.74578 0.106597 7.98482 -0.168127 0.0168507 2.10593)
(4.05747 0.118352 6.7286 -0.216142 0.0390293 0.567612)
(4.73993 0.152952 7.28218 -0.202857 0.0538551 0.885834)
(2.70685 0.0960507 7.06329 -0.156821 0.0108111 1.52184)
(2.8749 0.102634 5.83184 -0.200661 0.0301861 0.04915)
(3.4709 0.134597 6.34289 -0.187741 0.0427251 0.347399)
(1.80886 0.0848426 6.20177 -0.146452 0.0048487 0.962397)
(1.86915 0.085837 5.00911 -0.186333 0.0212923 -0.439201)
(2.37773 0.114998 5.47777 -0.173782 0.0315627 -0.160876)
(1.0511 0.0728237 5.39962 -0.136982 -0.00105234 0.427984)
(1.03989 0.0680241 4.25914 -0.17261 0.0123404 -0.897655)
(1.45969 0.0940148 4.68566 -0.160779 0.0203321 -0.639005)
(0.432631 0.0599699 4.65576 -0.128129 -0.00689904 -0.0810806)
(0.386278 0.0497305 3.57999 -0.158366 0.00339937 -1.32699)
(0.715837 0.071901 3.96484 -0.148163 0.00908162 -1.08734)
(-0.0481331 0.0465614 3.9686 -0.119217 -0.0126841 -0.564665)
(-0.0940905 0.0323342 2.96879 -0.140629 -0.00529899 -1.72815)
(0.143986 0.0497418 3.31285 -0.134706 -0.00194817 -1.50689)
(-0.394563 0.0334718 3.33583 -0.108894 -0.0183791 -1.02312)
(-0.40722 0.0184269 2.42088 -0.111365 -0.0132619 -2.10063)
(-0.260508 0.0301526 2.72599 -0.116108 -0.0120891 -1.89824)
(-0.612496 0.0225521 2.75423 -0.0929752 -0.023915 -1.45654)
(-0.572272 0.0108878 1.94169 -0.0769466 -0.0204983 -2.45879)
(-0.501756 0.017392 2.20396 -0.0838682 -0.0202309 -2.26046)
(-0.707106 0.0161815 2.22596 -0.0667475 -0.0296234 -1.86644)
(-0.632835 0.0102531 1.58127 -0.0997366 -0.0295444 -2.86618)
(-0.601138 0.0137298 1.77051 -0.0635337 -0.027349 -2.62515)
(-0.701978 0.0151505 1.77758 -0.0658482 -0.0381885 -2.29236)
(-0.636265 0.0172409 1.48571 -0.136297 -0.0399176 -3.08854)
(-0.662432 0.0213051 1.43428 -0.151743 -0.0543505 -2.8279)
(698.167 -35.1532 75.1114 86.6884 -0.929759 62.0387)
(687.776 -93.8332 63.7805 121.739 -2.61596 112.354)
(524.186 -53.3128 61.3083 139.117 2.11483 128.3)
(677.861 -9.40906 65.8758 8.6656 2.10717 -16.964)
(658.795 -17.4568 56.8871 12.8787 2.03794 -1.53977)
(518.594 -12.8144 70.998 23.2748 4.01606 6.75819)
(648.619 -1.82825 66.5443 2.30202 3.72736 -19.9172)
(649.524 -0.921996 57.095 -1.46501 4.24845 -19.8455)
(513.249 -1.14073 67.7714 2.12497 4.9447 -17.8212)
(625.174 1.34184 71.5809 1.95067 4.17823 -16.2131)
(630.029 1.65126 63.1501 0.688928 4.62449 -16.8485)
(496.601 1.69651 69.0424 2.3759 5.08099 -16.9389)
(604.748 2.54515 78.0008 0.104524 3.99036 -14.0572)
(610.832 2.6467 71.1671 0.269402 4.30559 -14.3493)
(478.92 2.51615 73.1031 1.13233 4.65348 -15.397)
(585.766 2.77693 84.4424 -0.98878 3.55512 -11.4199)
(593.416 2.90971 79.2435 -0.39652 3.78018 -11.6098)
(463.173 2.54993 77.8599 0.0252156 3.99621 -13.1611)
(567.52 2.64118 90.3852 -1.50979 3.08187 -8.48562)
(576.417 2.78976 86.5914 -0.725492 3.24417 -8.52767)
(448.357 2.3066 82.5275 -0.501678 3.33038 -10.3358)
(549.64 2.39186 95.6677 -1.7792 2.65873 -5.51535)
(559.368 2.54899 92.9948 -0.903763 2.77956 -5.40374)
(433.978 2.01567 86.8018 -0.774371 2.75123 -7.36693)
(531.976 2.13356 100.252 -1.90795 2.31167 -2.57414)
(542.206 2.29172 98.4549 -1.00224 2.40586 -2.33283)
(419.877 1.74902 90.5567 -0.920687 2.28372 -4.40314)
(514.49 1.90851 104.154 -1.95624 2.03946 0.301458)
(524.971 2.06074 103.038 -1.05099 2.11647 0.649882)
(405.985 1.52842 93.756 -0.993075 1.9221 -1.50046)
(497.196 1.72745 107.409 -1.96154 1.83061 3.08294)
(507.742 1.87042 106.827 -1.07176 1.89653 3.51982)
(392.281 1.35639 96.4099 -1.0255 1.64921 1.30437)
(480.123 1.58705 110.065 -1.94418 1.67132 5.75088)
(490.604 1.71982 109.906 -1.07707 1.73008 6.26124)
(378.773 1.22639 98.5503 -1.03698 1.44559 3.98836)
(463.304 1.47934 112.169 -1.91494 1.54887 8.29193)
(473.634 1.60206 112.352 -1.07358 1.603 8.86438)
(365.478 1.12917 100.217 -1.03727 1.29357 6.53783)
(446.767 1.39595 113.767 -1.87959 1.45288 10.6968)
(456.891 1.50921 114.231 -1.06496 1.50396 11.323)
(352.412 1.05594 101.453 -1.03148 1.17867 8.94484)
(430.538 1.32987 114.903 -1.84115 1.37541 12.9592)
(440.421 1.43433 115.603 -1.05323 1.42441 13.6333)
(339.591 0.999555 102.295 -1.02225 1.08981 11.2052)
(414.635 1.27576 115.616 -1.80126 1.31068 15.0749)
(424.255 1.37204 116.517 -1.03953 1.35817 15.793)
(327.026 0.954723 102.782 -1.01094 1.01888 13.3172)
(399.07 1.22986 115.941 -1.76078 1.25464 17.0414)
(408.417 1.31847 117.016 -1.02455 1.30092 17.8006)
(314.727 0.917729 102.944 -0.998268 0.960158 15.2804)
(383.853 1.18961 115.913 -1.7202 1.20455 18.8571)
(392.921 1.27099 117.139 -1.00869 1.24975 19.6558)
(302.701 0.886075 102.812 -0.984648 0.909718 17.0956)
(368.992 1.15331 115.56 -1.6798 1.15858 20.5217)
(377.78 1.22782 116.92 -0.992226 1.20272 21.3585)
(290.951 0.858127 102.411 -0.970328 0.864946 18.7638)
(354.489 1.11985 114.911 -1.63975 1.11555 22.0356)
(362.998 1.18782 116.388 -0.975332 1.15861 22.9094)
(279.482 0.832826 101.764 -0.955472 0.824131 20.2867)
(340.347 1.08852 113.99 -1.60014 1.07471 23.3997)
(348.581 1.15023 115.57 -0.958131 1.11661 24.3097)
(268.295 0.809482 100.894 -0.940193 0.78618 21.6664)
(326.568 1.05884 112.821 -1.56103 1.03558 24.6159)
(334.53 1.11457 114.494 -0.940703 1.07625 25.561)
(257.391 0.787639 99.8212 -0.924569 0.750398 22.9053)
(313.15 1.03046 111.428 -1.52243 0.99787 25.6867)
(320.845 1.08048 113.181 -0.9231 1.03722 26.6657)
(246.77 0.766984 98.5634 -0.908654 0.716351 24.0061)
(300.092 1.00318 109.831 -1.48436 0.961392 26.6152)
(307.526 1.04774 111.653 -0.905353 0.999346 27.6268)
(236.431 0.747292 97.1382 -0.892481 0.683766 24.9721)
(287.392 0.9768 108.05 -1.44678 0.926026 27.4048)
(294.571 1.01615 109.932 -0.887481 0.962517 28.4474)
(226.373 0.728395 95.5623 -0.876074 0.65247 25.8068)
(275.046 0.951207 106.104 -1.40968 0.891694 28.0598)
(281.976 0.985607 108.037 -0.869493 0.926663 29.1317)
(216.594 0.710164 93.8509 -0.859445 0.622351 26.5141)
(263.051 0.926297 104.01 -1.37303 0.85834 28.5847)
(269.738 0.955987 105.986 -0.851394 0.891742 29.684)
(207.092 0.692494 92.0187 -0.842603 0.593333 27.0982)
(251.402 0.901991 101.785 -1.33681 0.825924 28.9843)
(257.854 0.927212 103.797 -0.833185 0.857726 30.1089)
(197.862 0.675305 90.0793 -0.825554 0.565361 27.5638)
(240.095 0.878226 99.4453 -1.30099 0.794414 29.264)
(246.317 0.899215 101.485 -0.814868 0.824592 30.4117)
(188.902 0.65853 88.0456 -0.808303 0.538393 27.9156)
(229.125 0.854953 97.0047 -1.26554 0.763784 29.4292)
(235.124 0.871941 99.0655 -0.796445 0.792325 30.5977)
(180.209 0.642115 85.9298 -0.790856 0.512395 28.1586)
(218.486 0.832131 94.4775 -1.23044 0.734011 29.4856)
(224.269 0.845347 96.5535 -0.777918 0.760912 30.6725)
(171.778 0.626018 83.7432 -0.77322 0.487338 28.298)
(208.173 0.809727 91.8766 -1.19568 0.705072 29.4392)
(213.746 0.819394 93.9621 -0.75929 0.730339 30.642)
(163.605 0.610204 81.4966 -0.755403 0.463195 28.3391)
(198.179 0.787717 89.2144 -1.16125 0.676949 29.2958)
(203.549 0.794053 91.3039 -0.740568 0.700596 30.512)
(155.685 0.594646 79.1999 -0.737416 0.439942 28.2872)
(188.5 0.766079 86.5022 -1.12712 0.649621 29.0615)
(193.672 0.769296 88.5909 -0.721759 0.671671 30.2886)
(148.014 0.579321 76.8626 -0.71927 0.417553 28.1479)
(179.128 0.744795 83.7508 -1.09329 0.623073 28.7423)
(184.109 0.7451 85.834 -0.702872 0.643551 29.9777)
(140.588 0.564212 74.4933 -0.700979 0.396007 27.9264)
(170.059 0.723849 80.97 -1.05977 0.597284 28.3442)
(174.854 0.721445 83.0436 -0.683917 0.616227 29.5856)
(133.402 0.549303 72.1003 -0.68256 0.375281 27.6284)
(161.285 0.703227 78.1693 -1.02654 0.572239 27.8733)
(165.901 0.698312 80.2293 -0.664906 0.589684 29.1181)
(126.451 0.534582 69.6912 -0.664028 0.355352 27.2592)
(152.801 0.682919 75.3572 -0.993601 0.547918 27.3354)
(157.243 0.675685 77.4 -0.645852 0.563911 28.5811)
(119.73 0.520039 67.273 -0.645401 0.336198 26.824)
(144.601 0.662914 72.5418 -0.960962 0.524306 26.7363)
(148.874 0.653547 74.5642 -0.626767 0.538893 27.9807)
(113.235 0.505666 64.8523 -0.626695 0.317797 26.3282)
(136.679 0.643201 69.7306 -0.928624 0.501383 26.0818)
(140.789 0.631884 71.7294 -0.607667 0.514618 27.3224)
(106.961 0.491455 62.4352 -0.607928 0.300128 25.7769)
(129.028 0.623773 66.9304 -0.896592 0.479134 25.3773)
(132.98 0.610681 68.903 -0.588566 0.491071 26.6119)
(100.904 0.4774 60.0273 -0.589121 0.283168 25.175)
(121.645 0.604619 64.1477 -0.864875 0.457541 24.6282)
(125.443 0.589925 66.0915 -0.569483 0.468237 25.8547)
(95.0592 0.463495 57.6338 -0.570293 0.266895 24.5275)
(114.521 0.585732 61.3884 -0.833482 0.436587 23.8397)
(118.171 0.569602 63.3011 -0.550432 0.446102 25.056)
(89.4222 0.449735 55.2596 -0.551464 0.251287 23.839)
(107.654 0.567105 58.6579 -0.802426 0.416255 23.0169)
(111.16 0.5497 60.5373 -0.531434 0.42465 24.221)
(83.9887 0.436117 52.9091 -0.532655 0.236321 23.1142)
(101.036 0.548728 55.9613 -0.771717 0.396527 22.1646)
(104.402 0.530205 57.8056 -0.512505 0.403865 23.3545)
(78.7548 0.422637 50.5863 -0.513888 0.221977 22.3574)
(94.664 0.530596 53.3031 -0.74137 0.377387 21.2874)
(97.8944 0.511104 55.1105 -0.493663 0.383732 22.4614)
(73.7164 0.409291 48.2949 -0.495184 0.208231 21.5729)
(88.5319 0.5127 50.6876 -0.711399 0.358817 20.3898)
(91.6306 0.492387 52.4566 -0.474929 0.364234 21.5461)
(68.8697 0.396076 46.0384 -0.476563 0.195062 20.7647)
(82.6353 0.495033 48.1187 -0.68182 0.340801 19.476)
(85.6061 0.47404 49.8478 -0.456321 0.345355 20.613)
(64.211 0.382991 43.82 -0.458048 0.182448 19.9367)
(76.9697 0.477589 45.6 -0.652649 0.323322 18.55)
(79.8162 0.456053 47.2878 -0.437859 0.327079 19.6662)
(59.7367 0.370032 41.6423 -0.43966 0.170367 19.0927)
(71.5309 0.460361 43.1345 -0.623902 0.306364 17.6156)
(74.2564 0.438412 44.7801 -0.419562 0.309387 18.7096)
(55.4434 0.357197 39.5081 -0.42142 0.158798 18.236)
(66.3147 0.443341 40.7252 -0.595598 0.289909 16.6765)
(68.9225 0.421108 42.3275 -0.401449 0.292264 17.7469)
(51.328 0.344485 37.4197 -0.40335 0.14772 17.3701)
(61.3172 0.426523 38.3749 -0.567754 0.273942 15.7361)
(63.8102 0.404128 39.9329 -0.38354 0.275693 16.7817)
(47.3872 0.331894 35.3791 -0.385471 0.13711 16.498)
(56.5346 0.409901 36.0858 -0.540389 0.258447 14.7974)
(58.9158 0.38746 37.5987 -0.365855 0.259657 15.8171)
(43.6182 0.319422 33.3883 -0.367804 0.126948 15.6229)
(51.9635 0.393467 33.8602 -0.513519 0.243408 13.8636)
(54.2356 0.371095 35.3273 -0.348411 0.244138 14.8564)
(40.0181 0.307067 31.4489 -0.350368 0.117214 14.7474)
(47.6005 0.377216 31.6999 -0.487164 0.228809 12.9374)
(49.766 0.355019 33.1206 -0.33123 0.22912 13.9022)
(36.5844 0.294828 29.5626 -0.333185 0.107886 13.8741)
(43.4424 0.361139 29.6066 -0.461341 0.214634 12.0215)
(45.5038 0.339223 30.9804 -0.314327 0.214586 12.9575)
(33.3144 0.282704 27.7306 -0.316273 0.0989452 13.0056)
(39.4864 0.345232 27.582 -0.436067 0.200868 11.1181)
(41.4458 0.323695 28.9083 -0.297722 0.20052 12.0246)
(30.206 0.270692 25.9541 -0.299653 0.0903705 12.1441)
(35.7296 0.329487 25.6272 -0.411362 0.187496 10.2296)
(37.5892 0.308425 26.9057 -0.281432 0.186903 11.1058)
(27.2569 0.258792 24.2342 -0.283341 0.0821426 11.2918)
(32.1694 0.313897 23.7435 -0.387241 0.174504 9.35798)
(33.9312 0.2934 24.9738 -0.265474 0.17372 10.2034)
(24.4649 0.247001 22.5718 -0.267356 0.0742422 10.4505)
(28.8034 0.298454 21.9319 -0.363722 0.161875 8.50512)
(30.4692 0.278611 23.1138 -0.249864 0.160955 9.31912)
(21.8283 0.235317 20.9676 -0.251717 0.0666502 9.62211)
(25.6293 0.283151 20.1932 -0.340822 0.149596 7.67272)
(27.2009 0.264044 21.3264 -0.234618 0.148589 8.4549)
(19.3452 0.223737 19.4223 -0.236438 0.0593478 8.80827)
(22.6451 0.267978 18.5281 -0.318556 0.137651 6.86234)
(24.124 0.249688 19.6125 -0.219752 0.136607 7.61232)
(17.0139 0.212258 17.9365 -0.221537 0.0523164 8.01051)
(19.8488 0.252921 16.9373 -0.296945 0.126025 6.07537)
(21.2365 0.235528 17.9727 -0.205282 0.124992 6.79284)
(14.8329 0.200873 16.5106 -0.207032 0.0455372 7.23019)
(17.2386 0.23796 15.4213 -0.276008 0.1147 5.31305)
(18.5365 0.221545 16.4076 -0.191222 0.113725 5.99778)
(12.8007 0.189572 15.1449 -0.192941 0.0389915 6.46856)
(14.8127 0.223067 13.9804 -0.255764 0.103659 4.5765)
(16.0221 0.207716 14.9176 -0.177587 0.102789 5.2283)
(10.916 0.178339 13.8398 -0.17928 0.0326599 5.72676)
(12.5697 0.2082 12.6149 -0.236241 0.0928795 3.86671)
(13.6918 0.194008 13.5029 -0.164397 0.0921606 4.48544)
(9.17765 0.167147 12.5954 -0.166071 0.0265223 5.00579)
(10.5081 0.193293 11.325 -0.217473 0.0823357 3.18452)
(11.5439 0.180372 12.1638 -0.15167 0.0818142 3.77012)
(7.58438 0.155955 11.4119 -0.15334 0.0205571 4.30655)
(8.62666 0.178244 10.1107 -0.199501 0.0719946 2.53068)
(9.57716 0.166735 10.9004 -0.139426 0.0717199 3.08312)
(6.13516 0.144698 10.2892 -0.141117 0.0147406 3.62983)
(6.92402 0.162905 8.97197 -0.182379 0.061814 1.90581)
(7.79009 0.152989 9.71265 -0.127692 0.0618391 2.42511)
(4.82894 0.133277 9.22731 -0.129442 0.00904614 2.97634)
(5.39905 0.147067 7.90866 -0.166173 0.0517406 1.31042)
(6.18135 0.138974 8.60037 -0.116505 0.0521224 1.79663)
(3.66471 0.12155 8.22608 -0.118367 0.00344483 2.3467)
(4.05061 0.130455 6.92037 -0.150955 0.0417068 0.744869)
(4.74956 0.124469 7.56321 -0.105908 0.0425067 1.19811)
(2.6414 0.109326 7.28518 -0.107951 -0.0020956 1.74144)
(2.87761 0.112743 6.00641 -0.136782 0.0316328 0.209403)
(3.49325 0.109183 6.6005 -0.0959458 0.032912 0.629833)
(1.75786 0.0963688 6.40406 -0.0982537 -0.00761127 1.16106)
(1.87895 0.093626 5.16572 -0.123641 0.0214415 -0.295948)
(2.41073 0.0927725 5.71118 -0.0866591 0.0232478 0.0919243)
(1.01272 0.0824383 5.58188 -0.0893111 -0.0131346 0.605969)
(1.05345 0.072998 4.39665 -0.111365 0.0111012 -0.771473)
(1.50003 0.0749345 4.89355 -0.0780474 0.0134378 -0.415701)
(0.404237 0.0674085 4.81733 -0.0810714 -0.018676 0.076496)
(0.399511 0.0512885 3.69693 -0.0996008 0.000709848 -1.21811)
(0.758615 0.0556143 4.14515 -0.0700475 0.00349462 -0.893451)
(-0.0699601 0.0515024 4.10855 -0.0733662 -0.0241868 -0.427273)
(-0.0856481 0.0300554 3.06366 -0.0866938 -0.00933458 -1.63726)
(0.18268 0.0354886 3.4627 -0.0624588 -0.00631539 -1.34228)
(-0.413789 0.0357122 3.45314 -0.0657722 -0.0295038 -0.905973)
(-0.407439 0.0131761 2.49283 -0.0651271 -0.0178683 -2.02916)
(-0.23375 0.0173526 2.84234 -0.0530562 -0.0149108 -1.76321)
(-0.6332 0.0226184 2.84799 -0.0551068 -0.0341858 -1.36052)
(-0.582439 0.00697258 1.98965 -0.0364435 -0.023349 -2.40902)
(-0.49497 0.00796513 2.2847 -0.0344745 -0.0194056 -2.15706)
(-0.73174 0.0166998 2.29459 -0.0340636 -0.0377201 -1.79336)
(-0.648142 0.0115594 1.60439 -0.0586021 -0.029946 -2.84543)
(-0.611683 0.00990768 1.8145 -0.0197317 -0.0194164 -2.55324)
(-0.725821 0.0193893 1.81873 -0.0298711 -0.0436735 -2.24633)
(-0.644201 0.00582307 1.48996 -0.072036 -0.0311782 -3.04201)
(-0.682137 0.0275775 1.44938 -0.11061 -0.0649897 -2.82239)
(667.801 -4.41084 45.4129 37.3046 0.225988 40.0034)
(534.327 -44.7044 27.4421 53.1815 2.49043 72.5664)
(646.965 3.442 45.1296 -0.440714 1.65583 -17.7386)
(493.769 -6.07743 41.6866 5.89561 2.26666 -3.92918)
(629.94 0.732668 52.5579 0.118491 1.95041 -18.9786)
(495.534 1.39843 48.3359 0.491397 2.08638 -18.1944)
(614.466 1.29619 62.8247 0.757069 1.94934 -15.5127)
(486.853 1.78858 56.8366 1.51935 2.04334 -16.8098)
(599.534 1.79772 73.1242 0.300416 1.77957 -12.4685)
(475.066 1.77753 65.9656 1.32914 1.83511 -14.2023)
(584.346 1.87012 82.3491 0.000250208 1.55026 -9.12989)
(462.88 1.70333 74.3407 0.97015 1.53273 -10.9556)
(568.578 1.78972 90.2317 -0.149692 1.33241 -5.72769)
(450.206 1.5781 81.5394 0.746163 1.23604 -7.46866)
(552.233 1.6569 96.8251 -0.234873 1.15039 -2.41209)
(437.094 1.44462 87.5307 0.591693 0.985362 -4.03256)
(535.454 1.51395 102.269 -0.28188 1.0076 0.775429)
(423.677 1.31743 92.416 0.477913 0.787821 -0.73844)
(518.416 1.38216 106.712 -0.306915 0.89968 3.81524)
(410.085 1.20343 96.3348 0.391277 0.638329 2.38385)
(501.284 1.26795 110.294 -0.320605 0.819659 6.69707)
(396.438 1.10528 99.4267 0.321523 0.527976 5.32306)
(484.195 1.17082 113.13 -0.32852 0.760492 9.417)
(382.838 1.02202 101.816 0.26253 0.447507 8.07776)
(467.253 1.08798 115.318 -0.333428 0.716175 11.9743)
(369.364 0.951101 103.608 0.210926 0.388833 10.6513)
(450.533 1.01631 116.939 -0.336691 0.682016 14.3696)
(356.072 0.889834 104.887 0.164778 0.345494 13.0492)
(434.088 0.95317 118.058 -0.338944 0.65456 16.6042)
(343.003 0.835932 105.723 0.12294 0.312628 15.2771)
(417.954 0.896553 118.729 -0.340476 0.631381 18.6794)
(330.183 0.787667 106.17 0.0847096 0.286741 17.3406)
(402.156 0.845039 118.997 -0.34142 0.610842 20.5967)
(317.629 0.743823 106.273 0.0496217 0.265412 19.2447)
(386.709 0.797657 118.901 -0.341844 0.59188 22.3573)
(305.354 0.70357 106.069 0.0173477 0.247023 20.9936)
(371.623 0.753752 118.476 -0.341787 0.573835 23.9628)
(293.365 0.666354 105.589 -0.0123566 0.23053 22.591)
(356.906 0.712873 117.75 -0.341276 0.556313 25.4147)
(281.667 0.631791 104.86 -0.039682 0.215277 24.0401)
(342.561 0.674694 116.751 -0.340335 0.539095 26.7151)
(270.262 0.599607 103.905 -0.0647843 0.200871 25.3441)
(328.588 0.638972 115.504 -0.338983 0.52207 27.8663)
(259.152 0.569589 102.746 -0.0877929 0.187086 26.5061)
(314.987 0.605508 114.033 -0.337234 0.505192 28.8711)
(248.338 0.54156 101.402 -0.108819 0.1738 27.5293)
(301.758 0.574135 112.358 -0.335103 0.488453 29.7328)
(237.817 0.515367 99.8918 -0.12796 0.160957 28.4174)
(288.896 0.544705 110.5 -0.332599 0.471864 30.4554)
(227.589 0.490872 98.2313 -0.145304 0.148532 29.1739)
(276.4 0.517087 108.477 -0.329731 0.455448 31.0429)
(217.652 0.467948 96.4365 -0.160931 0.136526 29.8031)
(264.264 0.491161 106.309 -0.326507 0.43923 31.5002)
(208.001 0.446477 94.5223 -0.174918 0.124945 30.3093)
(252.485 0.466818 104.011 -0.322937 0.423236 31.8321)
(198.635 0.426353 92.5024 -0.187338 0.113802 30.697)
(241.056 0.443956 101.599 -0.319028 0.407493 32.044)
(189.548 0.407476 90.39 -0.19826 0.103111 30.9713)
(229.973 0.422482 99.0877 -0.314792 0.392023 32.1416)
(180.737 0.389754 88.1971 -0.207755 0.092884 31.1371)
(219.23 0.40231 96.4918 -0.310236 0.376847 32.1305)
(172.198 0.373101 85.9354 -0.215888 0.0831306 31.1998)
(208.821 0.38336 93.8241 -0.305372 0.361983 32.0168)
(163.926 0.357441 83.6156 -0.222725 0.0738593 31.1646)
(198.739 0.365557 91.0968 -0.300214 0.347448 31.8064)
(155.915 0.3427 81.2476 -0.228332 0.0650754 31.037)
(188.978 0.348831 88.3212 -0.294773 0.333253 31.5054)
(148.162 0.328812 78.8409 -0.232774 0.0567818 30.8226)
(179.531 0.333112 85.5082 -0.289059 0.31941 31.1199)
(140.66 0.315713 76.4043 -0.236112 0.0489789 30.5267)
(170.393 0.31834 82.6676 -0.283086 0.305925 30.656)
(133.406 0.303346 73.9459 -0.238406 0.0416643 30.1549)
(161.557 0.304452 79.8088 -0.276867 0.292806 30.1198)
(126.393 0.291655 71.4732 -0.239715 0.0348339 29.7126)
(153.017 0.291394 76.9403 -0.270421 0.280056 29.517)
(119.617 0.280591 68.9935 -0.240099 0.0284809 29.2052)
(144.765 0.279109 74.0702 -0.263763 0.267677 28.8537)
(113.073 0.270104 66.513 -0.239616 0.0225971 28.6379)
(136.796 0.267547 71.2059 -0.25691 0.255668 28.1354)
(106.755 0.260151 64.038 -0.238323 0.0171723 28.0158)
(129.105 0.256657 68.3543 -0.249879 0.244028 27.3678)
(100.66 0.25069 61.5741 -0.236276 0.0121945 27.3441)
(121.684 0.246391 65.5217 -0.242684 0.232755 26.5562)
(94.7816 0.241682 59.1262 -0.233529 0.00765067 26.6275)
(114.528 0.236706 62.714 -0.235343 0.221844 25.7059)
(89.1157 0.23309 56.6993 -0.230134 0.00352622 25.8709)
(107.631 0.227558 59.9366 -0.227873 0.211289 24.822)
(83.6579 0.22488 54.2977 -0.226142 -0.000194486 25.0787)
(100.988 0.218905 57.1944 -0.220291 0.201085 23.9092)
(78.4037 0.217021 51.9253 -0.221603 -0.00352796 24.2555)
(94.5943 0.210709 54.492 -0.212612 0.191224 22.9722)
(73.3488 0.209483 49.5858 -0.216566 -0.00649159 23.4055)
(88.4437 0.202933 51.8336 -0.204854 0.181698 22.0155)
(68.4892 0.202238 47.2827 -0.211077 -0.0091035 22.5326)
(82.5317 0.195541 49.2229 -0.197034 0.172498 21.0433)
(63.821 0.195261 45.0189 -0.205183 -0.0113823 21.6408)
(76.8535 0.188499 46.6635 -0.189168 0.163615 20.0596)
(59.3404 0.188528 42.7971 -0.198928 -0.0133472 20.7338)
(71.4047 0.181775 44.1585 -0.181272 0.15504 19.0683)
(55.0437 0.182017 40.62 -0.192353 -0.0150174 19.8151)
(66.1811 0.17534 41.7108 -0.173363 0.146762 18.073)
(50.9276 0.175708 38.4898 -0.185497 -0.0164128 18.888)
(61.1784 0.169163 39.323 -0.165458 0.13877 17.077)
(46.9887 0.169582 36.4085 -0.178402 -0.0175535 17.9556)
(56.3929 0.163218 36.9973 -0.157573 0.131055 16.0836)
(43.2239 0.163622 34.378 -0.171106 -0.018459 17.021)
(51.8209 0.157478 34.7359 -0.149724 0.123605 15.0958)
(39.6303 0.157811 32.3999 -0.163647 -0.0191495 16.0869)
(47.4589 0.151918 32.5406 -0.141926 0.116409 14.1163)
(36.205 0.152135 30.4756 -0.15606 -0.0196445 15.1559)
(43.3036 0.146516 30.4132 -0.134193 0.109457 13.1477)
(32.9454 0.14658 28.6065 -0.148378 -0.0199636 14.2304)
(39.3519 0.14125 28.355 -0.12654 0.102737 12.1925)
(29.8491 0.141133 26.7936 -0.140633 -0.0201263 13.3128)
(35.601 0.136097 26.3673 -0.118984 0.0962387 11.2528)
(26.9137 0.135782 25.038 -0.132858 -0.0201515 12.4051)
(32.0482 0.131038 24.4512 -0.111536 0.0899505 10.3308)
(24.1369 0.130517 23.3404 -0.125082 -0.0200582 11.5094)
(28.6909 0.126055 22.6078 -0.104208 0.0838616 9.42818)
(21.5169 0.125328 21.7016 -0.11733 -0.0198644 10.6273)
(25.5268 0.121128 20.8378 -0.0970171 0.0779614 8.54678)
(19.0515 0.120204 20.1223 -0.10963 -0.0195883 9.76052)
(22.5536 0.116241 19.1418 -0.0899752 0.0722386 7.68811)
(16.7392 0.115136 18.6028 -0.102009 -0.0192474 8.91059)
(19.7694 0.111373 17.5206 -0.0830924 0.066682 6.85355)
(14.5782 0.110115 17.1436 -0.0944916 -0.0188592 8.07887)
(17.1723 0.106506 15.9744 -0.0763815 0.0612801 6.04434)
(12.567 0.10513 15.7451 -0.0870958 -0.0184411 7.26659)
(14.7604 0.101618 14.5036 -0.0698632 0.0560211 5.26159)
(10.7042 0.100168 14.4073 -0.0798467 -0.0180104 6.47487)
(12.5323 0.0966805 13.1086 -0.0635514 0.0508898 4.50627)
(8.98848 0.0952137 13.1306 -0.0727733 -0.0175844 5.70469)
(10.4863 0.0916549 11.7893 -0.0574538 0.0458697 3.77922)
(7.41857 0.0902433 11.9149 -0.065893 -0.0171807 4.95693)
(8.62096 0.0864901 10.5458 -0.051589 0.0409406 3.08116)
(5.99327 0.0852247 10.7602 -0.0592197 -0.0168185 4.23238)
(6.93484 0.0811106 9.37795 -0.0459879 0.0360759 2.41268)
(4.71137 0.0801101 9.66645 -0.052788 -0.0165189 3.53171)
(5.4264 0.0754068 8.28543 -0.0406882 0.0312398 1.77424)
(3.57159 0.074831 8.63329 -0.0466328 -0.0163069 2.85552)
(4.09393 0.0692284 7.26761 -0.0357324 0.0263845 1.16617)
(2.57245 0.0692923 7.6603 -0.0407821 -0.0162132 2.20435)
(2.93545 0.062377 6.32345 -0.0311731 0.0214469 0.58862)
(1.71211 0.0633708 6.7467 -0.0352837 -0.0162733 1.57867)
(1.94847 0.0546119 5.45131 -0.0270633 0.0163484 0.0415107)
(0.988118 0.0569262 5.89129 -0.030206 -0.0165264 0.978889)
(1.12976 0.0456958 4.6486 -0.0234292 0.0110086 -0.475553)
(0.397092 0.0498451 5.09219 -0.025616 -0.017005 0.405394)
(0.474995 0.0354728 3.91172 -0.02026 0.00537028 -0.963481)
(-0.0656914 0.0421481 4.34671 -0.0215858 -0.0177004 -0.141569)
(-0.0218069 0.0240134 3.23628 -0.0169929 -0.00054275 -1.42368)
(-0.406822 0.0342301 3.65149 -0.0181381 -0.0184644 -0.662213)
(-0.367765 0.0134579 2.61866 -0.00988403 -0.00575749 -1.85714)
(-0.634371 0.0275386 3.00336 -0.0141459 -0.0186721 -1.1575)
(-0.570957 0.0133726 2.06799 0.0035008 -0.00596808 -2.27579)
(-0.750243 0.0251418 2.40533 -0.00610411 -0.0169845 -1.63049)
(-0.646981 0.0266586 1.63588 -0.00249639 -0.00295917 -2.74125)
(-0.750422 0.0270492 1.88289 -0.001587 -0.0146789 -2.11572)
(-0.698803 0.0269212 1.44702 -0.0242777 -0.0263366 -2.71993)
(359.021 -4.83364 26.7257 24.4236 -5.45537 27.2566)
(374.315 52.632 17.6904 76.4227 -10.8069 79.0717)
(229.409 16.8254 -10.4307 25.4898 -8.44888 33.4619)
(360.323 -8.05586 42.326 -0.489412 -4.75592 -15.0521)
(363.301 2.21541 50.2627 8.71568 -10.5124 2.21239)
(219.045 -0.688307 30.2626 3.96953 -7.69775 -8.16339)
(358.081 -3.52983 51.0291 -0.425992 -3.44254 -19.341)
(365.696 -6.29645 56.3072 -1.25711 -8.26151 -17.2685)
(227.24 -3.29848 43.9524 0.903171 -5.17157 -18.0614)
(351.206 -2.28088 59.1794 0.36087 -2.57913 -17.5212)
(357.66 -4.92558 60.8874 0.257358 -6.46928 -18.186)
(226.668 -2.4837 52.0758 1.38031 -3.45625 -18.1198)
(342.297 -1.84796 66.423 0.267009 -1.93966 -14.8436)
(346.756 -3.56226 66.0638 0.176746 -5.01106 -16.8366)
(221.765 -1.80939 58.6248 1.29544 -2.36523 -16.3816)
(332.588 -1.52942 72.5922 0.156504 -1.44265 -11.583)
(336.061 -2.67267 70.9568 -0.134642 -3.82778 -14.405)
(215.438 -1.39959 63.9009 1.10457 -1.63386 -13.7317)
(322.509 -1.29961 77.7104 0.0981245 -1.06877 -8.17013)
(325.503 -2.06984 75.3229 -0.252891 -2.90774 -11.4104)
(208.455 -1.14329 68.1362 0.975788 -1.1307 -10.6712)
(312.25 -1.12877 81.8474 0.0615824 -0.794346 -4.82797)
(315.014 -1.66126 79.0812 -0.296961 -2.21252 -8.28819)
(201.203 -0.980028 71.4676 0.880035 -0.77921 -7.53299)
(301.924 -0.996986 85.1102 0.0412796 -0.597655 -1.63595)
(304.611 -1.37687 82.2074 -0.308206 -1.69881 -5.20421)
(193.904 -0.869397 74.0012 0.804821 -0.534138 -4.47201)
(291.614 -0.894366 87.6215 0.0317047 -0.460222 1.37262)
(294.308 -1.17577 84.7291 -0.300076 -1.32685 -2.22705)
(186.674 -0.788798 75.8528 0.744598 -0.366174 -1.5618)
(281.386 -0.813064 89.4993 0.027943 -0.366354 4.18597)
(284.128 -1.03326 86.7022 -0.282636 -1.06189 0.607113)
(179.575 -0.725989 77.1385 0.694483 -0.253867 1.16458)
(271.289 -0.746754 90.8465 0.0272348 -0.303384 6.8047)
(274.094 -0.931641 88.1901 -0.261336 -0.875081 3.28132)
(172.637 -0.673781 77.9624 0.651281 -0.180887 3.69771)
(261.355 -0.690849 91.7487 0.0281309 -0.261616 9.23542)
(264.228 -0.857831 89.2545 -0.238739 -0.743715 5.78992)
(165.872 -0.627924 78.4117 0.613055 -0.134943 6.04096)
(251.607 -0.642212 92.2741 0.0298519 -0.233932 11.487)
(254.545 -0.802517 89.9497 -0.216115 -0.650695 8.13336)
(159.283 -0.586031 78.5552 0.578555 -0.107023 8.20362)
(242.057 -0.598796 92.4767 0.0319766 -0.2153 13.5686)
(245.054 -0.759314 90.3218 -0.194095 -0.583603 10.3151)
(152.867 -0.546858 78.4462 0.546944 -0.0907143 10.1969)
(232.715 -0.559323 92.399 0.0342711 -0.20228 15.4885)
(235.765 -0.724002 90.4092 -0.172982 -0.533706 12.3399)
(146.619 -0.509833 78.1251 0.51765 -0.0815934 12.0319)
(223.587 -0.52302 92.0748 0.0365953 -0.192596 17.254)
(226.68 -0.693885 90.2436 -0.152916 -0.495031 14.2126)
(140.535 -0.474741 77.6227 0.49027 -0.0767032 13.7184)
(214.674 -0.489418 91.5316 0.0388579 -0.184791 18.8712)
(217.804 -0.667285 89.8519 -0.133963 -0.4636 15.938)
(134.612 -0.441535 76.9631 0.464514 -0.0741285 15.2647)
(205.98 -0.458224 90.7927 0.0409973 -0.177963 20.3453)
(209.138 -0.643171 89.2566 -0.116146 -0.436821 17.5203)
(128.847 -0.410225 76.1653 0.44017 -0.0726702 16.6778)
(197.505 -0.429236 89.8776 0.0429719 -0.171577 21.6807)
(200.684 -0.620907 88.4777 -0.0994686 -0.413047 18.9634)
(123.238 -0.380823 75.2452 0.417081 -0.0716067 17.9634)
(189.25 -0.402299 88.8039 0.0447562 -0.165332 22.8816)
(192.443 -0.600094 87.5327 -0.0839172 -0.391252 20.2711)
(117.784 -0.353321 74.216 0.395134 -0.0705256 19.1266)
(181.216 -0.377277 87.5874 0.0463357 -0.159071 23.9518)
(184.415 -0.580464 86.4375 -0.0694678 -0.370808 21.4468)
(112.484 -0.327681 73.0896 0.37424 -0.0692095 20.1718)
(173.401 -0.354045 86.2423 0.0477053 -0.152726 24.895)
(176.6 -0.561832 85.2067 -0.0560881 -0.351341 22.4942)
(107.336 -0.303843 71.8766 0.354332 -0.0675596 21.103)
(165.805 -0.332483 84.782 0.0488663 -0.146279 25.7152)
(168.997 -0.544056 83.8539 -0.04374 -0.332634 23.4169)
(102.341 -0.28173 70.5866 0.335357 -0.0655473 21.9243)
(158.426 -0.312478 83.219 0.0498246 -0.139741 26.4164)
(161.605 -0.527025 82.3917 -0.0323812 -0.31456 24.2188)
(97.4958 -0.261254 69.2286 0.317271 -0.063184 22.6393)
(151.263 -0.293922 81.5647 0.0505891 -0.133136 27.0027)
(154.423 -0.51065 80.8319 -0.0219675 -0.297052 24.9038)
(92.7998 -0.242323 67.8108 0.300036 -0.060502 23.2521)
(144.312 -0.276712 79.83 0.0511701 -0.126495 27.4785)
(147.448 -0.494855 79.1857 -0.0124537 -0.280072 25.476)
(88.2511 -0.224843 66.341 0.283619 -0.0575438 23.7665)
(137.572 -0.260754 78.0252 0.0515788 -0.119853 27.8481)
(140.679 -0.479578 77.4633 -0.00379473 -0.263603 25.9399)
(83.8477 -0.208723 64.8264 0.267988 -0.0543555 24.1865)
(131.039 -0.245958 76.1597 0.0518264 -0.11324 28.1162)
(134.113 -0.464769 75.6747 0.00405356 -0.247637 26.2999)
(79.5874 -0.193876 63.2736 0.253112 -0.0509834 24.5161)
(124.709 -0.232243 74.2425 0.051924 -0.10669 28.2876)
(127.747 -0.450385 73.8289 0.0111341 -0.232171 26.5606)
(75.4679 -0.180219 61.689 0.238964 -0.047472 24.7595)
(118.581 -0.219533 72.282 0.0518822 -0.100229 28.3669)
(121.577 -0.436394 71.9346 0.0174883 -0.217205 26.7267)
(71.4866 -0.167674 60.0784 0.225514 -0.0438628 24.9207)
(112.649 -0.207755 70.2859 0.0517109 -0.0938828 28.3592)
(115.602 -0.422767 69.9999 0.0231561 -0.202741 26.8031)
(67.641 -0.156165 58.4472 0.212736 -0.040194 25.0039)
(106.911 -0.196845 68.2615 0.0514186 -0.0876746 28.2691)
(109.816 -0.409481 68.0321 0.0281758 -0.188779 26.7945)
(63.9284 -0.145624 56.8005 0.200601 -0.0365003 25.0132)
(101.362 -0.18674 66.2156 0.0510133 -0.0816239 28.1017)
(104.218 -0.396517 66.0384 0.0325838 -0.175321 26.7059)
(60.346 -0.135983 55.1429 0.189083 -0.0328128 24.9527)
(95.999 -0.177382 64.1545 0.0505033 -0.0757472 27.8617)
(98.8025 -0.38386 64.0252 0.0364151 -0.162366 26.542)
(56.8912 -0.127181 53.4787 0.178154 -0.0291591 24.8266)
(90.8182 -0.168716 62.084 0.0498982 -0.0700588 27.554)
(93.5672 -0.371496 61.9986 0.039704 -0.149914 26.3076)
(53.5611 -0.119158 51.8119 0.16779 -0.0255635 24.6389)
(85.8156 -0.160691 60.0095 0.0492058 -0.0645703 27.1833)
(88.508 -0.359414 59.9643 0.0424833 -0.137961 26.0075)
(50.353 -0.111858 50.1462 0.157966 -0.0220473 24.3935)
(80.9874 -0.153259 57.9361 0.0484335 -0.0592909 26.7543)
(83.6215 -0.347602 57.9274 0.0447842 -0.126505 25.6464)
(47.2643 -0.105226 48.4849 0.148659 -0.0186286 24.0944)
(76.33 -0.146373 55.8684 0.0475884 -0.0542277 26.2715)
(78.9041 -0.336052 55.8929 0.0466373 -0.115542 25.2289)
(44.2921 -0.0992128 46.8311 0.139843 -0.015323 23.7454)
(71.8397 -0.139991 53.8106 0.0466762 -0.0493857 25.7393)
(74.3524 -0.324755 53.8651 0.0480722 -0.105067 24.7594)
(41.4339 -0.0937694 45.1878 0.131498 -0.0121432 23.3501)
(67.5129 -0.134072 51.7666 0.0457022 -0.0447681 25.162)
(69.9629 -0.313704 51.8482 0.0491166 -0.0950714 24.2423)
(38.687 -0.0888502 43.5574 0.1236 -0.00909944 22.9122)
(63.3461 -0.128578 49.7401 0.0446726 -0.0403761 24.544)
(65.7321 -0.30289 49.8459 0.0497979 -0.085549 23.6818)
(36.0491 -0.0844119 41.9423 0.116127 -0.0061999 22.4353)
(59.3359 -0.123472 47.7343 0.0435932 -0.0362096 23.8891)
(61.657 -0.292309 47.8619 0.0501425 -0.0764909 23.0821)
(33.5175 -0.0804133 40.3446 0.10906 -0.00345063 21.9225)
(55.4789 -0.118722 45.7522 0.0424691 -0.032267 23.2014)
(57.7342 -0.281952 45.8991 0.0501757 -0.0678873 22.4472)
(31.0901 -0.0768159 38.7664 0.102378 -0.000855754 21.3774)
(51.7721 -0.114295 43.7967 0.0413048 -0.0285456 22.4846)
(53.9607 -0.271816 43.9606 0.0499216 -0.0597279 21.7809)
(28.7644 -0.0735832 37.2093 0.0960614 0.00158226 20.8029)
(48.2122 -0.110162 41.8702 0.0401055 -0.0250413 21.7422)
(50.3335 -0.261893 42.049 0.0494039 -0.0520011 21.0868)
(26.5382 -0.0706808 35.675 0.0900918 0.00386241 20.2022)
(44.7964 -0.106296 39.975 0.0388755 -0.0217491 20.9778)
(46.8496 -0.252179 40.1667 0.0486451 -0.044695 20.3685)
(24.4095 -0.0680764 34.1648 0.0844508 0.0059851 19.578)
(41.5217 -0.10267 38.1131 0.0376184 -0.0186634 20.1947)
(43.5064 -0.242668 38.316 0.0476668 -0.0377968 19.6294)
(22.3763 -0.0657398 32.6801 0.0791212 0.00795207 18.9333)
(38.3854 -0.0992596 36.2864 0.0363385 -0.0157773 19.396)
(40.3012 -0.233357 36.4988 0.0464896 -0.0312931 18.8727)
(20.4365 -0.0636427 31.2218 0.0740865 0.00976611 18.2706)
(35.385 -0.0960433 34.4966 0.0350433 -0.0130835 18.5846)
(37.2314 -0.224241 34.717 0.0451333 -0.0251701 18.1014)
(18.5883 -0.0617587 29.7911 0.0693316 0.0114308 17.5925)
(32.518 -0.0930001 32.7451 0.0337388 -0.0105743 17.7635)
(34.2946 -0.215315 32.9721 0.0436181 -0.0194134 17.3185)
(16.83 -0.0600629 28.3888 0.0648426 0.0129507 16.9013)
(29.782 -0.0901109 31.0332 0.0324265 -0.00824142 16.9353)
(31.4885 -0.206576 31.2655 0.0419617 -0.0140081 16.5268)
(15.1599 -0.0585326 27.0157 0.0606063 0.0143312 16.1993)
(27.1747 -0.0873575 29.3622 0.0311089 -0.00607593 16.1025)
(28.8109 -0.198019 29.5987 0.0401811 -0.00893906 15.7288)
(13.5764 -0.0571464 25.6724 0.0566064 0.0155784 15.4888)
(24.694 -0.0847232 27.7331 0.0297905 -0.00406882 15.2675)
(26.2597 -0.18964 27.9726 0.0382933 -0.00419089 14.927)
(12.0779 -0.0558846 24.3596 0.0528304 0.0166987 14.7716)
(22.338 -0.082193 26.1468 0.0284749 -0.0022108 14.4326)
(23.833 -0.181436 26.3884 0.0363142 0.000252099 14.1237)
(10.6632 -0.0547288 23.0776 0.0492661 0.0176992 14.0498)
(20.1048 -0.0797525 24.604 0.0271655 -0.00049234 13.5997)
(21.5289 -0.173404 24.8469 0.0342587 0.00440577 13.3211)
(9.33072 -0.053662 21.8268 0.0459014 0.0185872 13.3251)
(17.9925 -0.0773888 23.1054 0.0258656 0.00109622 12.771)
(19.3457 -0.165538 23.3489 0.0321411 0.00828612 12.5212)
(8.07936 -0.0526687 20.6077 0.0427251 0.0193704 12.5992)
(15.9996 -0.0750899 21.6517 0.0245776 0.00256459 11.9481)
(17.2818 -0.157836 21.8949 0.0299751 0.0119093 11.7259)
(6.90792 -0.0517345 19.4205 0.0397269 0.0200568 11.8738)
(14.1244 -0.0728446 20.2433 0.0233046 0.00392262 11.1328)
(15.3355 -0.150294 20.4857 0.0277731 0.0152915 10.9369)
(5.81527 -0.0508462 18.2653 0.0368957 0.0206545 11.1502)
(12.3656 -0.0706427 18.8805 0.0220507 0.00518003 10.3267)
(13.5055 -0.142907 19.1217 0.0255475 0.0184488 10.156)
(4.80041 -0.0499916 17.1423 0.0342209 0.0211715 10.4299)
(10.7218 -0.0684747 17.5637 0.0208168 0.00634651 9.53104)
(11.7905 -0.135673 17.8031 0.0233094 0.0213974 9.38443)
(3.86237 -0.0491594 16.0517 0.0316947 0.0216162 9.71402)
(9.19175 -0.0663309 16.2932 0.0196038 0.00743191 8.74728)
(10.1893 -0.128584 16.5305 0.0210688 0.0241533 8.62374)
(3.00027 -0.048339 14.9934 0.0293078 0.0219969 9.00388)
(7.77426 -0.0642013 15.0691 0.0184148 0.00844613 7.97658)
(8.70058 -0.121636 15.3039 0.0188348 0.0267329 7.87514)
(2.21329 -0.04752 13.9675 0.0270516 0.0223218 8.3005)
(6.46828 -0.0620754 13.8915 0.0172529 0.00939896 7.22001)
(7.32342 -0.114819 14.1236 0.0166161 0.0291526 7.1398)
(1.50065 -0.0466919 12.974 0.0249193 0.0225992 7.60489)
(5.2728 -0.0599412 12.7605 0.016115 0.0103 6.47858)
(6.0568 -0.108119 12.9896 0.0144207 0.0314285 6.41875)
(0.861659 -0.0458433 12.0127 0.0229043 0.0228368 6.91794)
(4.18687 -0.0577817 11.6761 0.0149941 0.0111595 5.75314)
(4.89979 -0.101516 11.9021 0.0122517 0.0335775 5.71293)
(0.295633 -0.0449615 11.0837 0.0209958 0.0230424 6.24048)
(3.20957 -0.0555731 10.6383 0.0138906 0.0119878 5.04452)
(3.85151 -0.0949805 10.8611 0.0101116 0.0356161 5.0232)
(-0.198073 -0.0440299 10.1868 0.0191817 0.0232222 5.57329)
(2.33996 -0.0532831 9.64685 0.0127938 0.0127947 4.35344)
(2.91111 -0.0884638 9.86638 0.00800386 0.0375609 4.35033)
(-0.620117 -0.0430255 9.32188 0.0174494 0.0233798 4.91706)
(1.57701 -0.0508594 8.70167 0.0116794 0.0135916 3.68056)
(2.0777 -0.0818925 8.91796 0.00592071 0.0394275 3.69501)
(-0.971215 -0.0419164 8.4888 0.0157754 0.0235179 4.27247)
(0.9195 -0.048225 7.80242 0.0105362 0.0143917 3.02652)
(1.35028 -0.0751585 8.01559 0.00385293 0.0412303 3.05791)
(-1.25221 -0.0406579 7.68737 0.0141507 0.0236367 3.64021)
(0.365821 -0.0452765 6.94865 0.00934297 0.0152089 2.39198)
(0.727672 -0.0681095 7.15896 0.00179517 0.0429813 2.43968)
(-1.46423 -0.0391889 6.9174 0.0125728 0.0237315 3.02102)
(-0.0862916 -0.0418738 6.13964 0.00805037 0.0160621 1.77764)
(0.208311 -0.0605467 6.34753 -0.000263828 0.0446885 1.84098)
(-1.60886 -0.0374309 6.17863 0.0110098 0.023793 2.41577)
(-0.440162 -0.0378506 5.37431 0.00661189 0.0169778 1.18431)
(-0.210024 -0.0522475 5.58053 -0.00232562 0.0463511 1.26253)
(-1.68848 -0.0353005 5.47076 0.00941507 0.0238086 1.82559)
(-0.70068 -0.0330674 4.65103 0.00501727 0.0179893 0.612904)
(-0.530538 -0.0430554 4.85674 -0.0043549 0.0479462 0.705145)
(-1.70664 -0.0327507 4.79339 0.00775237 0.0237689 1.25198)
(-0.874782 -0.0275064 3.96767 0.00331243 0.019156 0.0641959)
(-0.757862 -0.0331048 4.17448 -0.00630137 0.0494057 0.169601)
(-1.66842 -0.0298736 4.14607 0.00598643 0.0236912 0.696791)
(-0.971184 -0.0215827 3.32179 0.00220172 0.0205657 -0.461728)
(-0.898643 -0.0233684 3.53153 -0.00804673 0.0505708 -0.343954)
(-1.58067 -0.0271549 3.52827 0.00412066 0.0236814 0.161782)
(-0.997068 -0.0186761 2.7115 0.00542248 0.0215925 -0.966419)
(-0.96082 -0.0171812 2.92516 -0.0074789 0.0509473 -0.83653)
(-1.45021 -0.0262132 2.93921 0.00321281 0.0240165 -0.352321)
(-0.951929 -0.029578 2.14377 0.012168 0.019835 -1.47156)
(-0.94579 -0.0209654 2.35672 0.000527476 0.0503535 -1.31424)
(-1.27304 -0.0300696 2.37996 0.00587125 0.0259764 -0.849511)
(-0.824443 -0.0485142 1.64991 -0.0257952 0.02548 -2.06977)
(-0.851689 -0.0324157 1.84546 -0.00811412 0.0575622 -1.8253)
(-1.03099 -0.0378367 1.85845 0.000598813 0.035475 -1.37563)
(-0.736201 -0.0349049 1.3666 -0.0803468 0.100002 -2.48334)
(-0.804137 -0.0463728 1.29088 -0.0246642 0.0675893 -2.0528)
(385.778 14.2164 62.9404 58.0022 -7.85961 49.5572)
(378.535 32.2514 38.2852 131.31 -6.33461 115.889)
(232.83 21.182 21.8822 69.3538 -10.6243 66.5887)
(381.146 -2.0563 67.7176 5.37967 -8.29012 -9.90741)
(376.248 5.57344 73.7768 32.258 -8.7546 11.6585)
(231.997 0.311525 62.3667 11.9487 -12.0332 0.858536)
(366.91 -4.04908 66.7101 0.177434 -7.17888 -18.5007)
(374.778 -2.35168 73.3986 5.24857 -8.2231 -16.1438)
(232.355 -3.95601 64.4507 0.409334 -9.75655 -16.8579)
(353.443 -3.63156 68.5706 0.330732 -5.94128 -17.9926)
(362.442 -3.29433 72.0395 2.10577 -7.02122 -18.1447)
(226.082 -3.5409 64.2244 0.602803 -7.49866 -18.521)
(341.055 -2.93296 71.4642 -0.48951 -4.75051 -16.6696)
(347.916 -2.93359 72.8831 0.414723 -5.73247 -17.528)
(217.974 -2.67734 65.4132 0.212214 -5.6473 -18.1023)
(329.484 -2.29124 74.5723 -0.936887 -3.71697 -14.3478)
(335.014 -2.38827 74.6201 -0.572225 -4.5517 -15.7786)
(210.297 -1.9494 67.0168 -0.181496 -4.1949 -16.5085)
(318.462 -1.80008 77.6034 -1.08612 -2.8841 -11.5448)
(323.217 -1.89094 76.7334 -0.937317 -3.56433 -13.2898)
(202.891 -1.42781 68.7431 -0.334947 -3.09379 -14.1621)
(307.792 -1.4405 80.3591 -1.12754 -2.24097 -8.62059)
(312.066 -1.49929 78.9339 -1.06656 -2.78286 -10.5529)
(195.649 -1.0839 70.4101 -0.397557 -2.27463 -11.5149)
(297.369 -1.18019 82.7355 -1.11365 -1.75913 -5.70451)
(301.362 -1.20541 81.0134 -1.09533 -2.18651 -7.75481)
(188.576 -0.861705 71.8714 -0.419782 -1.67605 -8.78156)
(287.148 -0.994559 84.7005 -1.07017 -1.4065 -2.86279)
(290.986 -0.990739 82.8535 -1.07077 -1.74356 -4.97635)
(181.67 -0.718526 73.0563 -0.417791 -1.24728 -6.07191)
(277.116 -0.863674 86.2604 -1.01368 -1.15264 -0.135374)
(280.869 -0.837511 84.3995 -1.02108 -1.4209 -2.27009)
(174.93 -0.626003 73.948 -0.403154 -0.945895 -3.45098)
(267.27 -0.771471 87.4402 -0.952641 -0.971457 2.45599)
(270.979 -0.729742 85.6344 -0.961548 -1.1886 0.330824)
(168.355 -0.56514 74.5574 -0.38247 -0.737329 -0.954455)
(257.613 -0.705722 88.2721 -0.891127 -0.842121 4.90069)
(261.299 -0.654173 86.5619 -0.899482 -1.02194 2.80689)
(161.942 -0.523458 74.9074 -0.359041 -0.594543 1.40069)
(248.15 -0.657607 88.7889 -0.831067 -0.748817 7.19468)
(251.823 -0.600639 87.1967 -0.838291 -0.901633 5.14728)
(155.688 -0.493077 75.0248 -0.334592 -0.497182 3.60845)
(238.885 -0.621053 89.0214 -0.773317 -0.680013 9.33765)
(242.548 -0.561811 87.5576 -0.779442 -0.813321 7.34678)
(149.589 -0.469232 74.9352 -0.310048 -0.430451 5.66892)
(229.82 -0.592045 88.9974 -0.718211 -0.627579 11.3313)
(233.473 -0.532651 87.6652 -0.723464 -0.74669 9.4036)
(143.64 -0.44918 74.6613 -0.28592 -0.383926 7.58524)
(220.958 -0.568009 88.7413 -0.665851 -0.585945 13.1782)
(224.599 -0.509832 87.5396 -0.670479 -0.694554 11.318)
(137.838 -0.431425 74.2232 -0.262505 -0.350471 9.36182)
(212.301 -0.547333 88.275 -0.616239 -0.551392 14.8815)
(215.925 -0.491217 87.2001 -0.620457 -0.652036 13.0914)
(132.182 -0.415194 73.6379 -0.239994 -0.325324 11.0034)
(203.849 -0.529015 87.6177 -0.569336 -0.521492 16.4442)
(207.454 -0.47546 86.6645 -0.573313 -0.615904 14.7258)
(126.669 -0.400104 72.9203 -0.218507 -0.305379 12.5145)
(195.605 -0.512428 86.7872 -0.525085 -0.494692 17.8696)
(199.184 -0.461716 85.9496 -0.528954 -0.584058 16.2236)
(121.298 -0.385967 72.0838 -0.198122 -0.288658 13.8995)
(187.568 -0.497168 85.7993 -0.483414 -0.470018 19.1609)
(191.118 -0.449445 85.0712 -0.487284 -0.555156 17.5876)
(116.069 -0.372682 71.1399 -0.17888 -0.273925 15.1623)
(179.739 -0.482961 84.6689 -0.444244 -0.446866 20.3214)
(183.255 -0.43829 84.0439 -0.448205 -0.528354 18.8207)
(110.981 -0.360174 70.0996 -0.160795 -0.260426 16.3068)
(172.117 -0.469611 83.4098 -0.407487 -0.424868 21.3546)
(175.595 -0.428005 82.8815 -0.411616 -0.503126 19.9259)
(106.033 -0.348377 68.9726 -0.14386 -0.24771 17.3368)
(164.701 -0.456968 82.0348 -0.373048 -0.403801 22.2641)
(168.138 -0.418409 81.597 -0.377413 -0.479145 20.9068)
(101.225 -0.337225 67.7682 -0.128049 -0.235512 18.2558)
(157.49 -0.444915 80.556 -0.34083 -0.383531 23.0539)
(160.882 -0.409362 80.2026 -0.345489 -0.456207 21.7668)
(96.5547 -0.326651 66.495 -0.113328 -0.223683 19.0677)
(150.483 -0.433356 78.9847 -0.310734 -0.363974 23.7279)
(153.827 -0.400754 78.7099 -0.315734 -0.434183 22.5099)
(92.0218 -0.31659 65.1609 -0.0996546 -0.212141 19.7762)
(143.677 -0.422214 77.3316 -0.28266 -0.345081 24.2904)
(146.97 -0.392495 77.1298 -0.288042 -0.412989 23.1402)
(87.6248 -0.306982 63.7734 -0.0869827 -0.200844 20.3851)
(137.071 -0.411426 75.6067 -0.256511 -0.326818 24.7458)
(140.31 -0.384512 75.4725 -0.262306 -0.392568 23.6618)
(83.3621 -0.297773 62.3397 -0.0752646 -0.189774 20.8984)
(130.662 -0.400941 73.8195 -0.23219 -0.309164 25.0987)
(133.844 -0.376748 73.7476 -0.238423 -0.372877 24.0792)
(79.2319 -0.288918 60.8663 -0.0644526 -0.178925 21.32)
(124.447 -0.390719 71.9789 -0.209606 -0.292102 25.3538)
(127.571 -0.369155 71.9644 -0.216296 -0.353886 24.397)
(75.2323 -0.280378 59.3593 -0.0545004 -0.168299 21.6541)
(118.423 -0.380725 70.093 -0.18867 -0.275621 25.5158)
(121.486 -0.361696 70.1311 -0.195828 -0.335569 24.6198)
(71.3613 -0.272121 57.8246 -0.0453631 -0.157901 21.9047)
(112.587 -0.370935 68.1697 -0.169295 -0.25971 25.5895)
(115.588 -0.354342 68.256 -0.17693 -0.317904 24.7524)
(67.6167 -0.264121 56.2675 -0.0369977 -0.147738 22.0759)
(106.935 -0.361328 66.2162 -0.1514 -0.24436 25.5798)
(109.873 -0.347069 66.3464 -0.159516 -0.300871 24.7995)
(63.9963 -0.256356 54.693 -0.0293633 -0.13782 22.1719)
(101.466 -0.351888 64.2392 -0.134906 -0.229561 25.4916)
(104.339 -0.339861 64.4092 -0.143504 -0.284451 24.766)
(60.4978 -0.248809 53.1057 -0.0224205 -0.128152 22.1968)
(96.1742 -0.342601 62.2451 -0.119737 -0.215305 25.3297)
(98.9815 -0.332702 62.4511 -0.128815 -0.268629 24.6567)
(57.1188 -0.241465 51.5099 -0.0161322 -0.118745 22.1546)
(91.0574 -0.333456 60.2398 -0.105821 -0.201583 25.0988)
(93.798 -0.325584 60.4782 -0.115375 -0.253388 24.4764)
(53.8571 -0.234312 49.9097 -0.0104624 -0.109603 22.0494)
(86.112 -0.324445 58.2286 -0.0930878 -0.188385 24.8037)
(88.7851 -0.318496 58.4959 -0.103113 -0.238711 24.2297)
(50.7103 -0.227339 48.3087 -0.00537699 -0.100734 21.8852)
(81.3345 -0.315561 56.2165 -0.0814704 -0.175703 24.4491)
(83.9395 -0.311433 56.5096 -0.0919598 -0.224585 23.9214)
(47.676 -0.220536 46.7103 -0.000843016 -0.0921415 21.6659)
(76.7218 -0.306796 54.2083 -0.0709039 -0.163526 24.0395)
(79.2581 -0.304389 54.5242 -0.0818494 -0.210993 23.556)
(44.752 -0.213897 45.1177 0.00317133 -0.0838306 21.3952)
(72.2703 -0.298146 52.2083 -0.061326 -0.151844 23.5794)
(74.7376 -0.29736 52.544 -0.0727189 -0.19792 23.1379)
(41.9359 -0.207411 43.5337 0.00669689 -0.0758041 21.077)
(67.977 -0.289606 50.2204 -0.0526766 -0.140646 23.073)
(70.3749 -0.290344 50.5734 -0.0645075 -0.185352 22.6716)
(39.2255 -0.201073 41.9609 0.00976334 -0.0680639 20.7147)
(63.8385 -0.281171 48.2482 -0.0448982 -0.12992 22.5246)
(66.1668 -0.283337 48.616 -0.0571571 -0.173273 22.1612)
(36.6187 -0.194876 40.4017 0.0123994 -0.0606109 20.312)
(59.8519 -0.272839 46.2952 -0.0379354 -0.119656 21.9383)
(62.1105 -0.276338 46.6755 -0.0506115 -0.16167 21.6109)
(34.1133 -0.188814 38.8585 0.0146328 -0.0534449 19.8723)
(56.0141 -0.264604 44.3645 -0.0317351 -0.10984 21.3179)
(58.2028 -0.269344 44.755 -0.0448173 -0.150526 21.0247)
(31.7072 -0.18288 37.333 0.0164902 -0.0465651 19.3988)
(52.3222 -0.256466 42.4587 -0.0262462 -0.10046 20.6672)
(54.441 -0.262356 42.8576 -0.039723 -0.139828 20.4063)
(29.3985 -0.17707 35.8273 0.0179973 -0.0399693 18.8947)
(48.7733 -0.248421 40.5805 -0.0214196 -0.0915031 19.99)
(50.8222 -0.255372 40.9858 -0.0352793 -0.129561 19.7596)
(27.1851 -0.171377 34.3428 0.0191793 -0.0336546 18.363)
(45.3648 -0.240466 38.7323 -0.0172083 -0.0829563 19.2896)
(47.3438 -0.248392 39.1423 -0.0314388 -0.119711 19.0879)
(25.0654 -0.165798 32.8812 0.0200601 -0.0276175 17.8067)
(42.0941 -0.2326 36.9161 -0.0135672 -0.074806 18.5693)
(44.0033 -0.241416 37.3293 -0.0281564 -0.110262 18.3947)
(23.0374 -0.160327 31.4437 0.0206629 -0.0218536 17.2286)
(38.9586 -0.224821 35.1339 -0.0104535 -0.0670384 17.8324)
(40.7981 -0.234443 35.5488 -0.0253888 -0.101201 17.6833)
(21.0995 -0.15496 30.0315 0.02101 -0.0163578 16.6313)
(35.9559 -0.217127 33.3874 -0.00782634 -0.0596398 17.0819)
(37.726 -0.227474 33.8026 -0.0230947 -0.0925127 16.9566)
(19.25 -0.149693 28.6456 0.0211225 -0.0111243 16.0174)
(33.0839 -0.209517 31.6781 -0.00564691 -0.0525959 16.3206)
(34.7845 -0.220509 32.0925 -0.021235 -0.0841833 16.2177)
(17.4875 -0.144523 27.2871 0.0210205 -0.00614648 15.3894)
(30.3402 -0.201989 30.0076 -0.00387756 -0.0458923 15.5511)
(31.9717 -0.21355 30.4199 -0.0197724 -0.0761986 15.4693)
(15.8104 -0.139445 25.9567 0.020724 -0.00141748 14.7494)
(27.723 -0.194542 28.3769 -0.00248243 -0.039515 14.7761)
(29.2854 -0.206596 28.7862 -0.0186711 -0.0685446 14.714)
(14.2173 -0.134456 24.6552 0.0202517 0.00307005 14.0998)
(25.2302 -0.187175 26.7872 -0.00142755 -0.0334495 13.998)
(26.7238 -0.199648 27.1925 -0.0178971 -0.0612073 13.9543)
(12.707 -0.129552 23.3833 0.0196217 0.00732396 13.4425)
(22.86 -0.179886 25.2395 -0.000680816 -0.0276814 13.219)
(24.285 -0.192708 25.64 -0.0174183 -0.054173 13.1925)
(11.2781 -0.124731 22.1413 0.0188513 0.0113525 12.7795)
(20.6107 -0.172675 23.7346 -0.000211789 -0.0221962 12.4412)
(21.9673 -0.185776 24.1296 -0.0172043 -0.047428 12.4308)
(9.92957 -0.11999 20.9299 0.0179565 0.0151644 12.1127)
(18.4807 -0.16554 22.2732 8.43911e-06 -0.0169795 11.6667)
(19.7691 -0.178853 22.662 -0.0172264 -0.0409588 11.6712)
(8.66026 -0.115326 19.7494 0.0169529 0.0187685 11.4437)
(16.4684 -0.15848 20.8561 7.18886e-06 -0.012017 10.8972)
(17.6888 -0.17194 21.238 -0.0174575 -0.0347522 10.9157)
(7.46915 -0.110736 18.6001 0.0158553 0.0221741 10.7742)
(14.5725 -0.151494 19.4836 -0.000189844 -0.00729427 10.1344)
(15.7251 -0.165037 19.8583 -0.0178722 -0.0287948 10.166)
(6.35529 -0.106218 17.4824 0.0146776 0.0253908 10.1057)
(12.7916 -0.144581 18.1564 -0.000558739 -0.00279707 9.37991)
(13.8767 -0.158146 18.5232 -0.0184466 -0.0230736 9.42366)
(5.31778 -0.101768 16.3962 0.0134326 0.0284281 9.43949)
(11.1245 -0.137738 16.8746 -0.00107735 0.00148872 8.63523)
(12.1422 -0.151267 17.2332 -0.0191591 -0.0175756 8.69032)
(4.35579 -0.097385 15.342 0.0121324 0.0312959 8.77697)
(9.57007 -0.130962 15.6387 -0.00172549 0.00557721 7.90165)
(10.5206 -0.144398 15.9888 -0.0199899 -0.012288 7.96732)
(3.46855 -0.0930645 14.3197 0.0107884 0.0340039 8.11932)
(8.12724 -0.124246 14.4489 -0.00248573 0.00948254 7.18039)
(9.01082 -0.137537 14.7901 -0.0209219 -0.00719797 7.25593)
(2.65537 -0.088802 13.3293 0.00941029 0.0365619 7.46764)
(6.79504 -0.117581 13.3052 -0.00334236 0.013219 6.47257)
(7.61187 -0.130677 13.6374 -0.0219414 -0.00229255 6.55733)
(1.91556 -0.0845907 12.3711 0.00800613 0.0389795 6.82295)
(5.57255 -0.110949 12.2079 -0.00428307 0.0168004 5.7792)
(6.32284 -0.123807 12.5308 -0.023037 0.00244103 5.87256)
(1.24852 -0.08042 11.4448 0.00658326 0.041266 6.18618)
(4.45892 -0.104325 11.157 -0.00530102 0.0202408 5.10117)
(5.1429 -0.116906 11.4704 -0.0242042 0.00701532 5.2026)
(0.653684 -0.0762734 10.5505 0.00514589 0.0434288 5.5582)
(3.45335 -0.0976651 10.1524 -0.00639389 0.0235536 4.43933)
(4.07126 -0.109941 10.4563 -0.0254451 0.0114425 4.54829)
(0.130491 -0.0721259 9.68817 0.00369574 0.0454737 4.93979)
(2.55503 -0.0909031 9.1941 -0.00756708 0.0267521 3.79441)
(3.10719 -0.102859 9.48844 -0.0267687 0.0157344 3.91043)
(-0.321598 -0.0679381 8.85765 0.00223027 0.0474032 4.33168)
(1.76315 -0.0839395 8.28199 -0.00883598 0.0298466 3.16711)
(2.24996 -0.0955783 8.56676 -0.0281957 0.0199008 3.28973)
(-0.703148 -0.0636509 8.05886 0.000740227 0.0492129 3.73456)
(1.07679 -0.0766348 7.41584 -0.0102226 0.0328448 2.55808)
(1.49881 -0.0879828 7.69111 -0.0297539 0.0239485 2.68684)
(-1.0148 -0.0591799 7.29165 -0.000789349 0.0508896 3.14912)
(0.494854 -0.0688027 6.59529 -0.0117508 0.035753 1.96793)
(0.852941 -0.0799181 6.86124 -0.0314692 0.02788 2.10238)
(-1.25734 -0.05441 6.55587 -0.00237716 0.0524106 2.57604)
(0.0159158 -0.0602285 5.8198 -0.0134289 0.0385744 1.39732)
(0.311316 -0.071201 6.07673 -0.0333492 0.0316929 1.53695)
(-1.43182 -0.0492005 5.85128 -0.00404069 0.0537413 2.01612)
(-0.362037 -0.0507333 5.08853 -0.0152056 0.0413073 0.846919)
(-0.127447 -0.0616639 5.33694 -0.0353305 0.035377 0.991186)
(-1.53978 -0.0434185 5.17762 -0.00577479 0.0548377 1.47025)
(-0.641944 -0.0403346 4.40025 -0.0169336 0.0439445 0.317327)
(-0.465373 -0.0512676 4.64091 -0.0371855 0.0389139 0.465738)
(-1.5834 -0.0370269 4.53451 -0.00751212 0.0556632 0.939586)
(-0.828183 -0.0295658 3.75334 -0.0184122 0.0464931 -0.191336)
(-0.705602 -0.0403263 3.98723 -0.0384729 0.0422878 -0.0388693)
(-1.56593 -0.0302676 3.92146 -0.00914921 0.0562477 0.425308)
(-0.926892 -0.0201115 3.14561 -0.0181924 0.0490157 -0.679676)
(-0.853364 -0.0299302 3.37392 -0.0383775 0.045526 -0.522761)
(-1.49223 -0.0240189 3.33776 -0.0104302 0.0568479 -0.0718392)
(-0.946084 -0.0159827 2.57397 -0.0104802 0.0517396 -1.1497)
(-0.915819 -0.0226305 2.79818 -0.0337159 0.0487938 -0.986446)
(-1.36804 -0.0205753 2.78179 -0.00861289 0.0582384 -0.551345)
(-0.899206 -0.0220543 2.04495 -0.00642754 0.0573344 -1.62765)
(-0.89665 -0.0218611 2.26187 -0.0219939 0.0533818 -1.43473)
(-1.19347 -0.0234974 2.25459 0.000393786 0.0629815 -1.01682)
(-0.793444 -0.0344439 1.59609 -0.0733998 0.0779511 -2.19814)
(-0.810556 -0.0273599 1.78674 -0.0434401 0.0654921 -1.91839)
(-0.974258 -0.0325009 1.76937 -0.0178148 0.080122 -1.51896)
(-0.708916 -0.0393765 1.36149 -0.144806 0.0951909 -2.54239)
(-0.757188 -0.0510884 1.28083 -0.0909816 0.1235 -2.15405)
(393.966 10.9534 78.062 90.1849 -4.96351 68.4096)
(385.488 14.6175 45.0873 157.354 -2.62614 133.284)
(240.608 11.8901 30.4785 95.6254 -6.10195 83.8293)
(390.811 0.588064 83.0791 20.3747 -6.13021 -3.75596)
(381.614 3.90036 84.797 47.6392 -4.27769 19.373)
(237.516 1.14639 79.3519 27.0073 -8.4674 8.8486)
(373.875 -1.89057 78.3695 5.12379 -5.73161 -17.2995)
(379.414 -0.208438 83.2569 11.0695 -4.46067 -14.3511)
(235.862 -2.07345 79.5607 5.18798 -7.56316 -14.624)
(357.105 -2.19464 76.5523 1.9813 -4.94484 -17.6611)
(365.773 -1.22946 79.342 4.18783 -4.05888 -17.6901)
(227.537 -2.22399 74.8407 1.76911 -6.13713 -17.8263)
(342.303 -1.98974 76.5014 -0.0457742 -4.08015 -16.6873)
(349.588 -1.38227 77.842 0.998495 -3.4514 -17.3223)
(217.522 -1.81544 72.1896 0.291496 -4.81253 -17.9454)
(329.185 -1.65538 77.3674 -1.01804 -3.27357 -14.7137)
(335.399 -1.25711 77.6879 -0.694247 -2.81752 -15.7796)
(208.628 -1.3803 70.9373 -0.495231 -3.69126 -16.8045)
(317.232 -1.33528 78.7576 -1.39496 -2.59081 -12.2326)
(322.752 -1.05308 78.3531 -1.37431 -2.2495 -13.5099)
(200.59 -1.02432 70.6091 -0.789409 -2.79234 -14.8623)
(306.037 -1.07166 80.3522 -1.53373 -2.04601 -9.58826)
(311.074 -0.856773 79.4915 -1.63433 -1.78077 -10.986)
(193.081 -0.766132 70.836 -0.896558 -2.09811 -12.5595)
(295.354 -0.868419 81.9314 -1.55447 -1.62821 -6.89827)
(300.072 -0.694479 80.8188 -1.70769 -1.4132 -8.37602)
(185.955 -0.589072 71.312 -0.924838 -1.57746 -10.1039)
(285.043 -0.718482 83.3664 -1.5136 -1.3168 -4.22759)
(289.554 -0.569661 82.1428 -1.68527 -1.13486 -5.75)
(179.12 -0.471307 71.8407 -0.910958 -1.1968 -7.60501)
(275.027 -0.611186 84.587 -1.44441 -1.08913 -1.623)
(279.397 -0.478022 83.3468 -1.61779 -0.929164 -3.16)
(172.516 -0.394567 72.3097 -0.876278 -0.924361 -5.13577)
(265.261 -0.535675 85.5604 -1.3642 -0.924444 0.884618)
(269.532 -0.412687 84.3639 -1.53222 -0.779424 -0.643709)
(166.108 -0.344908 72.6583 -0.832456 -0.732483 -2.74271)
(255.722 -0.482688 86.2763 -1.28138 -0.805465 3.27585)
(259.917 -0.366769 85.1604 -1.44158 -0.671084 1.77345)
(159.874 -0.31237 72.858 -0.785165 -0.598693 -0.453512)
(246.395 -0.445098 86.7375 -1.19988 -0.718742 5.53901)
(250.528 -0.334505 85.7231 -1.35187 -0.592418 4.07492)
(153.798 -0.290274 72.8987 -0.737148 -0.50564 1.71647)
(237.273 -0.417774 86.9542 -1.12139 -0.654267 7.6677)
(241.352 -0.311521 86.0516 -1.2656 -0.534491 6.2505)
(147.873 -0.274386 72.7805 -0.68973 -0.440477 3.75975)
(228.354 -0.397211 86.94 -1.04655 -0.604872 9.65893)
(232.38 -0.294711 86.1527 -1.18363 -0.490772 8.29443)
(142.092 -0.262155 72.5093 -0.643562 -0.394017 5.67361)
(219.636 -0.381102 86.7102 -0.975508 -0.565576 11.5119)
(223.609 -0.281972 86.0375 -1.10611 -0.456646 10.2039)
(136.449 -0.252121 72.0938 -0.598991 -0.359884 7.45811)
(211.117 -0.367968 86.2804 -0.908251 -0.533009 13.2271)
(215.037 -0.271929 85.7191 -1.03293 -0.428945 11.9781)
(130.944 -0.243485 71.5436 -0.556228 -0.333769 9.11484)
(202.799 -0.356876 85.6662 -0.844694 -0.504942 14.806)
(206.664 -0.263703 85.2115 -0.963894 -0.405541 13.6175)
(125.575 -0.235828 70.8691 -0.51541 -0.312828 10.6462)
(194.682 -0.347233 84.8826 -0.784733 -0.479929 16.2506)
(198.489 -0.256736 84.5289 -0.898832 -0.385041 15.1233)
(120.34 -0.228925 70.0802 -0.476627 -0.295221 12.0549)
(186.766 -0.338656 83.944 -0.728255 -0.457047 17.5634)
(190.512 -0.250671 83.6853 -0.837569 -0.366543 16.4975)
(115.239 -0.22265 69.187 -0.439924 -0.279778 13.3441)
(179.05 -0.330889 82.8641 -0.675139 -0.435715 18.747)
(182.734 -0.245274 82.6944 -0.779945 -0.349475 17.7425)
(110.271 -0.21692 68.199 -0.40531 -0.265773 14.5168)
(171.534 -0.323749 81.6561 -0.625258 -0.415569 19.8047)
(175.154 -0.240384 81.5692 -0.725806 -0.333475 18.861)
(105.436 -0.211662 67.1251 -0.372763 -0.252755 15.5764)
(164.218 -0.317101 80.3322 -0.578479 -0.39638 20.7399)
(167.771 -0.235882 80.3222 -0.674996 -0.318314 19.8562)
(100.733 -0.206814 65.974 -0.342235 -0.24045 16.5262)
(157.1 -0.310837 78.9043 -0.534662 -0.378003 21.5561)
(160.585 -0.231681 78.9653 -0.627362 -0.303849 20.7316)
(96.162 -0.202312 64.7539 -0.313658 -0.228693 17.3696)
(150.18 -0.304876 77.3835 -0.49367 -0.360347 22.2573)
(153.595 -0.227709 77.51 -0.582748 -0.289987 21.4908)
(91.7212 -0.198101 63.4726 -0.286956 -0.217383 18.1104)
(143.454 -0.299148 75.7803 -0.455363 -0.343348 22.8477)
(146.798 -0.223911 75.9668 -0.541004 -0.276666 22.1378)
(87.4096 -0.194126 62.1374 -0.262043 -0.206459 18.7522)
(136.922 -0.293598 74.1045 -0.419604 -0.326962 23.3316)
(140.194 -0.220241 74.3459 -0.501978 -0.263843 22.6768)
(83.2258 -0.190342 60.7551 -0.238831 -0.195883 19.2989)
(130.581 -0.288183 72.3655 -0.386264 -0.311157 23.7134)
(133.78 -0.216662 72.657 -0.465529 -0.251486 23.1122)
(79.1684 -0.18671 59.3323 -0.217236 -0.185629 19.7543)
(124.428 -0.282868 70.5721 -0.355213 -0.295906 23.9978)
(127.553 -0.213145 70.9089 -0.431518 -0.23957 23.4484)
(75.2357 -0.183196 57.875 -0.197173 -0.175684 20.1226)
(118.461 -0.277625 68.7324 -0.326332 -0.281188 24.1894)
(121.512 -0.209667 69.1102 -0.399814 -0.228076 23.69)
(71.4258 -0.179774 56.3889 -0.178561 -0.166034 20.4076)
(112.676 -0.272433 66.8543 -0.299503 -0.266984 24.293)
(115.653 -0.20621 67.2688 -0.370291 -0.216985 23.8418)
(67.737 -0.176424 54.8793 -0.161323 -0.156673 20.6135)
(107.072 -0.267276 64.9448 -0.274618 -0.253277 24.3135)
(109.973 -0.20276 65.3922 -0.342832 -0.206284 23.9084)
(64.1671 -0.173128 53.3511 -0.145387 -0.147593 20.7442)
(101.645 -0.262139 63.0108 -0.25157 -0.240052 24.2555)
(104.471 -0.199306 63.4872 -0.317323 -0.195957 23.8946)
(60.7143 -0.169874 51.8091 -0.130683 -0.138791 20.804)
(96.3907 -0.257014 61.0585 -0.230259 -0.227294 24.1239)
(99.1424 -0.19584 61.5604 -0.293657 -0.185992 23.8053)
(57.3764 -0.166651 50.2574 -0.117146 -0.130261 20.7968)
(91.3075 -0.251893 59.0938 -0.210588 -0.21499 23.9235)
(93.9844 -0.192356 59.6179 -0.271732 -0.176376 23.6451)
(54.1513 -0.163453 48.7001 -0.104712 -0.121999 20.7266)
(86.3917 -0.24677 57.1221 -0.192467 -0.203125 23.6588)
(88.9941 -0.188849 57.6654 -0.25145 -0.167099 23.4186)
(51.0368 -0.160272 47.1409 -0.0933219 -0.114001 20.5973)
(81.6401 -0.241642 55.1485 -0.175806 -0.191688 23.3346)
(84.1684 -0.185316 55.7079 -0.23272 -0.158148 23.1307)
(48.031 -0.157103 45.5831 -0.0829176 -0.106264 20.4127)
(77.0498 -0.236503 53.1776 -0.160521 -0.180665 22.9554)
(79.5042 -0.181755 53.7505 -0.21545 -0.149514 22.7856)
(45.1317 -0.153943 44.0298 -0.0734441 -0.098784 20.1768)
(72.6174 -0.231353 51.2138 -0.14653 -0.170045 22.5255)
(74.9984 -0.178163 51.7975 -0.199556 -0.141187 22.388)
(42.3369 -0.150789 42.4841 -0.0648481 -0.0915565 19.8931)
(68.3401 -0.226189 49.2611 -0.133756 -0.159814 22.0492)
(70.6481 -0.17454 49.8533 -0.184957 -0.133155 21.9421)
(39.6444 -0.147637 40.9485 -0.0570786 -0.0845777 19.5652)
(64.2147 -0.221009 47.3231 -0.122124 -0.149962 21.5308)
(66.4502 -0.170885 47.9216 -0.171572 -0.12541 21.4522)
(37.0524 -0.144485 39.4255 -0.0500861 -0.0778432 19.1967)
(60.2384 -0.215813 45.4032 -0.111562 -0.140476 20.9743)
(62.402 -0.167196 46.0059 -0.159329 -0.117941 20.9223)
(34.5589 -0.141331 37.9173 -0.0438229 -0.0713484 18.7909)
(56.4084 -0.210599 43.5046 -0.102002 -0.131345 20.3835)
(58.5005 -0.163475 44.1096 -0.148153 -0.110741 20.3564)
(32.162 -0.138174 36.4259 -0.038243 -0.0650888 18.3511)
(52.7219 -0.205368 41.6301 -0.0933764 -0.122556 19.7623)
(54.7431 -0.159721 42.2356 -0.137977 -0.103799 19.7583)
(29.8598 -0.135012 34.9532 -0.0333023 -0.0590593 17.8804)
(49.1762 -0.200119 39.7823 -0.085623 -0.1141 19.1143)
(51.127 -0.155934 40.3867 -0.128734 -0.0971061 19.1317)
(27.6507 -0.131844 33.5009 -0.0289583 -0.053255 17.3819)
(45.7688 -0.194852 37.9636 -0.0786812 -0.105964 18.4429)
(47.6498 -0.152114 38.5653 -0.120362 -0.0906545 18.4801)
(25.5328 -0.128669 32.0705 -0.0251699 -0.0476705 16.8585)
(42.4971 -0.189567 36.1761 -0.0724931 -0.0981372 17.7514)
(44.3089 -0.148263 36.7738 -0.112799 -0.0844354 17.8069)
(23.5047 -0.125486 30.6634 -0.0218977 -0.0423004 16.3129)
(39.3589 -0.184266 34.4218 -0.0670031 -0.0906089 17.043)
(41.1021 -0.144381 35.0142 -0.105989 -0.0784403 17.1153)
(21.5646 -0.122294 29.2807 -0.0191037 -0.0371392 15.7479)
(36.3519 -0.178948 32.7025 -0.0621588 -0.0833679 16.3208)
(38.0269 -0.140469 33.2884 -0.0998753 -0.072661 16.4084)
(19.7112 -0.119093 27.9237 -0.0167515 -0.032181 15.166)
(33.474 -0.173614 31.0198 -0.0579102 -0.0764036 15.5874)
(35.0814 -0.136527 31.5982 -0.0944075 -0.0670895 15.6891)
(17.9431 -0.115883 26.5933 -0.0148062 -0.02742 14.5696)
(30.723 -0.168265 29.3751 -0.0542095 -0.0697054 14.8458)
(32.2633 -0.132557 29.9449 -0.0895353 -0.0617179 14.9601)
(16.2587 -0.112663 25.2903 -0.013235 -0.0228501 13.961)
(28.0971 -0.162901 27.7696 -0.0510111 -0.0632627 14.0983)
(29.5708 -0.12856 28.3301 -0.0852115 -0.0565384 14.2241)
(14.657 -0.109433 24.0155 -0.0120058 -0.0184653 13.3424)
(25.5944 -0.157525 26.2046 -0.0482718 -0.0570652 13.3475)
(27.0021 -0.124537 26.7549 -0.081391 -0.0515434 13.4836)
(13.1367 -0.106194 22.7697 -0.0110881 -0.0142593 12.7159)
(23.2132 -0.152136 24.6811 -0.0459506 -0.0511026 12.5955)
(24.5553 -0.120489 25.2204 -0.0780314 -0.0467255 12.7408)
(11.6966 -0.102945 21.5534 -0.010453 -0.0102259 12.0833)
(20.9518 -0.146736 23.1999 -0.0440091 -0.0453649 11.8444)
(22.2288 -0.116417 23.7276 -0.0750925 -0.0420774 11.998)
(10.3357 -0.0996862 20.367 -0.0100729 -0.00635851 11.4465)
(18.8088 -0.141325 21.7617 -0.0424105 -0.0398421 11.0964)
(20.0211 -0.112322 22.2774 -0.0725363 -0.0375917 11.2571)
(9.05302 -0.0964185 19.2111 -0.00992175 -0.00265085 10.8073)
(16.7827 -0.135906 20.3674 -0.0411207 -0.0345243 10.3531)
(17.9307 -0.108206 20.8703 -0.0703273 -0.0332615 10.5202)
(7.84758 -0.0931419 18.086 -0.00997471 0.000903662 10.1673)
(14.8722 -0.130478 19.0173 -0.0401073 -0.0294019 9.61633)
(15.9562 -0.10407 19.5072 -0.068432 -0.0290798 9.78885)
(6.71851 -0.0898568 16.9919 -0.0102084 0.0043116 9.52792)
(13.076 -0.125042 17.7121 -0.0393407 -0.0244652 8.88764)
(14.0965 -0.0999146 18.1886 -0.0668191 -0.0250398 9.06483)
(5.66502 -0.0865634 15.9292 -0.010601 0.00757958 8.89061)
(11.3929 -0.119598 16.4522 -0.0387938 -0.0197047 8.16849)
(12.3503 -0.0957404 16.9148 -0.0654606 -0.0211345 8.34963)
(4.68634 -0.0832618 14.8979 -0.0111325 0.0107142 8.25667)
(9.822 -0.114145 15.2377 -0.0384426 -0.015111 7.46021)
(10.7166 -0.0915473 15.6862 -0.064331 -0.0173574 7.64462)
(3.78178 -0.0799511 13.8983 -0.0117846 0.0137219 7.6273)
(8.36217 -0.108679 14.0691 -0.0382675 -0.0106747 6.76403)
(9.19429 -0.0873338 14.5033 -0.063409 -0.0137018 6.95109)
(2.9507 -0.0766296 12.9305 -0.0125412 0.0166092 7.00363)
(7.01254 -0.103192 12.9465 -0.0382524 -0.00638651 6.08106)
(7.78248 -0.0830961 13.3661 -0.0626782 -0.0101612 6.27021)
(2.1925 -0.0732933 11.9944 -0.0133896 0.0193822 6.38666)
(5.77226 -0.0976714 11.87 -0.0383878 -0.00223737 5.41232)
(6.48032 -0.0788268 12.2749 -0.0621265 -0.00672882 5.60303)
(1.50664 -0.0699352 11.0902 -0.0143195 0.0220462 5.77735)
(4.64056 -0.0920937 10.8396 -0.0386735 0.00178132 4.75872)
(5.28702 -0.0745127 11.2298 -0.0617518 -0.00339862 4.95051)
(0.892606 -0.0665424 10.2178 -0.0153268 0.0246053 5.17655)
(3.61672 -0.0864225 9.85558 -0.039119 0.00567747 4.12108)
(4.20188 -0.0701321 10.2309 -0.0615622 -0.000164711 4.31352)
(0.349929 -0.0630943 9.37714 -0.0164139 0.0270614 4.58505)
(2.70008 -0.0806007 8.9177 -0.0397465 0.00945798 3.50014)
(3.22423 -0.065651 9.27806 -0.0615776 0.00297798 3.69283)
(-0.121833 -0.059558 8.56818 -0.0175906 0.0294132 4.00357)
(1.88999 -0.0745459 8.02594 -0.0405904 0.0131275 2.89657)
(2.35348 -0.0610187 8.37137 -0.0618322 0.00603306 3.08914)
(-0.523116 -0.0558843 7.79085 -0.018876 0.0316542 3.43278)
(1.18582 -0.0681469 7.18011 -0.0416903 0.0166876 2.31099)
(1.58905 -0.0561654 7.51068 -0.062368 0.00900181 2.50309)
(-0.854372 -0.0520045 7.045 -0.0202958 0.0337707 2.87332)
(0.586845 -0.0612662 6.37992 -0.0430736 0.0201376 1.74396)
(0.930355 -0.0510032 6.69577 -0.0632204 0.0118826 1.93525)
(-1.11613 -0.0478299 6.33048 -0.021875 0.035741 2.32583)
(0.0921798 -0.0537637 5.62491 -0.0447102 0.0234747 1.19605)
(0.376706 -0.0454365 5.92627 -0.0643827 0.0146706 1.38617)
(-1.30907 -0.043261 5.64708 -0.0236188 0.0375371 1.79096)
(-0.299482 -0.0455579 4.91436 -0.0464154 0.0266992 0.667809)
(-0.072859 -0.0393951 5.20163 -0.0657252 0.0173591 0.856412)
(-1.43419 -0.0382183 4.9945 -0.0254619 0.0391311 1.26948)
(-0.590255 -0.0367516 4.24716 -0.0477443 0.0298282 0.159786)
(-0.419867 -0.0329026 4.52093 -0.0668599 0.0199453 0.34657)
(-1.49308 -0.0327125 4.37236 -0.0271822 0.0405201 0.762369)
(-0.783784 -0.0278506 3.62181 -0.0479347 0.0329373 -0.327797)
(-0.666997 -0.0261948 3.88289 -0.0670612 0.0224522 -0.142818)
(-1.48834 -0.0269719 3.78019 -0.0283702 0.0417889 0.270707)
(-0.886048 -0.0201354 3.03608 -0.0447904 0.0362305 -0.794885)
(-0.81924 -0.0199092 3.28558 -0.0650817 0.024976 -0.611558)
(-1.42448 -0.0216818 3.2173 -0.0282246 0.0432407 -0.204467)
(-0.906464 -0.0159473 2.48736 -0.0339792 0.0403088 -1.24264)
(-0.883889 -0.0153131 2.72642 -0.0575545 0.0277814 -1.05928)
(-1.30748 -0.0183296 2.68261 -0.0238094 0.0456548 -0.661497)
(-0.862017 -0.0170189 1.98523 -0.0341375 0.0476907 -1.69632)
(-0.866349 -0.0138455 2.20854 -0.0447373 0.0317951 -1.49008)
(-1.13995 -0.0185482 2.17961 -0.01508 0.0512458 -1.10301)
(-0.764409 -0.0226298 1.567 -0.108569 0.0641081 -2.23054)
(-0.786531 -0.0157865 1.75456 -0.0725418 0.0397242 -1.95294)
(-0.935031 -0.0224576 1.72288 -0.0419711 0.0653359 -1.5766)
(-0.689044 -0.0228862 1.35115 -0.181208 0.0544694 -2.54463)
(-0.727232 -0.0355894 1.26407 -0.110596 0.092277 -2.16409)
(395.468 3.75418 84.0546 101.995 -1.54103 74.7293)
(386.986 8.93484e-09 47.0085 164.524 5.52411e-09 137.541)
(242.996 3.58832 33.7225 105.188 -1.80516 89.7405)
(393.132 0.666847 89.6378 26.274 -2.04573 -2.07745)
(382.19 6.21968e-09 87.9935 52.312 2.18126e-09 20.829)
(238.597 0.564719 86.3338 32.6015 -2.72168 11.2912)
(376.032 -0.334268 83.8049 7.64225 -2.02667 -16.9705)
(380.256 8.91125e-09 86.2839 13.1895 3.4752e-09 -14.1195)
(236.759 -0.487524 86.3727 7.37944 -2.61129 -13.8542)
(358.528 -0.621151 80.6064 3.02639 -1.81496 -17.4447)
(366.576 9.8324e-09 81.7251 5.10997 5.45506e-09 -17.6045)
(228.014 -0.656531 80.1116 2.51163 -2.22753 -17.3828)
(342.941 -0.649747 79.2872 0.220483 -1.53352 -16.5425)
(350.054 9.38862e-09 79.5546 1.32861 4.69301e-09 -17.2459)
(217.37 -0.595268 75.8704 0.353988 -1.80244 -17.6531)
(329.185 -0.576234 79.0902 -1.15422 -1.24995 -14.6918)
(335.524 5.26301e-09 78.8123 -0.673609 2.49311e-09 -15.7487)
(207.97 -0.478034 73.2808 -0.769679 -1.41092 -16.6994)
(316.781 -0.479321 79.6477 -1.71716 -0.999932 -12.3468)
(322.618 3.25855e-09 79.0011 -1.50049 5.83804e-10 -13.5401)
(199.609 -0.363997 71.9096 -1.20728 -1.08248 -14.945)
(305.298 -0.390042 80.622 -1.93547 -0.79547 -9.83555)
(310.763 6.94641e-09 79.776 -1.8249 -1.14738e-09 -11.0816)
(191.926 -0.27424 71.3636 -1.36566 -0.821924 -12.8145)
(294.452 -0.317414 81.7567 -1.98331 -0.636091 -7.26274)
(299.653 5.9557e-09 80.8377 -1.92277 -9.7617e-11 -8.53311)
(184.734 -0.209834 71.2874 -1.40399 -0.623036 -10.5067)
(284.066 -0.262265 82.8841 -1.94333 -0.51591 -4.68712)
(289.078 -2.17565e-09 81.9747 -1.90519 3.45319e-09 -5.95922)
(177.901 -0.16588 71.4339 -1.38124 -0.475755 -8.1267)
(274.034 -0.222169 83.8997 -1.86263 -0.42729 -2.15546)
(278.901 -6.2399e-09 83.0515 -1.83319 7.98169e-09 -3.41042)
(171.342 -0.136868 71.6469 -1.3294 -0.369269 -5.74822)
(264.29 -0.193747 84.7421 -1.76559 -0.362774 0.298673)
(269.038 -3.30099e-09 83.9855 -1.7391 1.56793e-08 -0.925096)
(165.002 -0.11806 71.8305 -1.2653 -0.293629 -3.42148)
(254.796 -0.173802 85.3791 -1.6641 -0.315956 2.65229)
(259.441 -4.84197e-09 84.7302 -1.63857 1.47595e-08 1.46979)
(158.847 -0.105859 71.9291 -1.19698 -0.240491 -1.1787)
(245.527 -0.159746 85.7971 -1.56371 -0.281744 4.89023)
(250.078 -9.6305e-09 85.2629 -1.53878 4.96486e-09 3.75593)
(152.854 -0.0977599 71.9124 -1.12819 -0.203285 0.960387)
(236.471 -0.149661 85.9946 -1.46684 -0.256295 7.00302)
(240.933 -1.9694e-09 85.5761 -1.44274 -4.37168e-10 5.92151)
(147.012 -0.0921314 71.7665 -1.06064 -0.177081 2.98446)
(227.62 -0.142206 85.9772 -1.37436 -0.236826 8.98524)
(231.995 7.52506e-09 85.6718 -1.35149 -1.43501e-09 7.95942)
(141.311 -0.0879685 71.4871 -0.995133 -0.158312 4.88773)
(218.97 -0.136489 85.7544 -1.28651 -0.221387 10.8342)
(223.258 7.62935e-09 85.5577 -1.26521 5.02462e-10 9.8658)
(135.747 -0.0846841 71.076 -0.932028 -0.144484 6.66786)
(210.518 -0.131928 85.3384 -1.20328 -0.208646 12.549)
(214.72 7.54468e-09 85.2446 -1.18375 2.01059e-09 11.639)
(130.315 -0.0819509 70.5385 -0.871533 -0.133896 8.3247)
(202.265 -0.128155 84.7423 -1.12455 -0.197718 14.1302)
(206.38 8.76782e-09 84.745 -1.1069 9.60575e-10 13.2789)
(125.016 -0.0795928 69.8819 -0.813775 -0.125416 9.85934)
(194.209 -0.124935 83.9793 -1.05018 -0.188024 15.5789)
(198.236 8.83938e-09 84.0721 -1.03444 -1.0991e-09 14.7864)
(119.847 -0.0775155 69.1142 -0.758829 -0.118309 11.2737)
(186.351 -0.122115 83.063 -0.980031 -0.179191 16.8973)
(190.29 8.78261e-09 83.2393 -0.966177 -3.12773e-09 16.163)
(114.809 -0.0756655 68.2442 -0.706728 -0.112103 12.5702)
(178.69 -0.119594 82.0064 -0.913939 -0.170983 18.0877)
(182.54 8.92688e-09 82.2598 -0.901923 -4.69001e-09 17.4111)
(109.9 -0.0740077 67.2805 -0.657465 -0.106501 13.7515)
(171.227 -0.117301 80.8221 -0.851753 -0.163252 19.153)
(174.987 8.46819e-09 81.1463 -0.841505 -5.7201e-09 18.5332)
(105.121 -0.0725143 66.2317 -0.610999 -0.101319 14.8206)
(163.959 -0.115182 79.5222 -0.793306 -0.155904 20.0965)
(167.629 7.11027e-09 79.9112 -0.784749 -6.39758e-09 19.5325)
(100.47 -0.0711602 65.106 -0.567258 -0.0964442 15.7808)
(156.887 -0.113197 78.1184 -0.738433 -0.148877 20.9217)
(160.467 5.24587e-09 78.5664 -0.731483 -6.43669e-09 20.4122)
(95.9479 -0.0699218 63.9114 -0.52615 -0.0918057 16.6353)
(150.009 -0.111313 76.6214 -0.686963 -0.142135 21.6325)
(153.499 3.7778e-09 77.123 -0.681538 -6.52552e-09 21.1761)
(91.5524 -0.0687772 62.6555 -0.48757 -0.0873605 17.3877)
(143.323 -0.109504 75.0418 -0.638727 -0.135649 22.2329)
(146.723 3.18837e-09 75.5917 -0.634744 -6.89754e-09 21.828)
(87.283 -0.0677063 61.3455 -0.451404 -0.0830815 18.0416)
(136.827 -0.107749 73.3894 -0.593563 -0.129401 22.7272)
(140.137 3.37534e-09 73.9826 -0.590939 -7.04785e-09 22.3721)
(83.1383 -0.0666914 59.9881 -0.417536 -0.0789512 18.6008)
(130.52 -0.106031 71.6734 -0.55131 -0.123376 23.1198)
(133.741 3.84221e-09 72.3052 -0.549963 -6.50507e-09 22.8128)
(79.1169 -0.0657177 58.5898 -0.385851 -0.0749577 19.0692)
(124.398 -0.104338 69.9025 -0.511816 -0.117564 23.4153)
(127.53 4.24438e-09 70.5686 -0.511665 -5.17264e-09 23.1545)
(75.2173 -0.0647726 57.1565 -0.356239 -0.0710929 19.4506)
(118.459 -0.102658 68.0849 -0.474934 -0.111956 23.6184)
(121.503 4.91276e-09 68.781 -0.475901 -2.70825e-09 23.4018)
(71.4379 -0.0638462 55.694 -0.328591 -0.0673507 19.7492)
(112.7 -0.100984 66.2283 -0.440526 -0.106542 23.7337)
(115.658 6.02739e-09 66.9505 -0.442534 3.0944e-10 23.5593)
(67.7768 -0.0629306 54.2075 -0.302806 -0.0637264 19.9688)
(107.119 -0.0993086 64.34 -0.40846 -0.101315 23.766)
(109.991 7.05741e-09 65.0845 -0.411433 2.61844e-09 23.6318)
(64.2322 -0.0620196 52.702 -0.278786 -0.0602161 20.1136)
(101.712 -0.0976281 62.4265 -0.378609 -0.0962694 23.7201)
(104.5 7.44831e-09 63.19 -0.382475 3.67072e-09 23.6241)
(60.8022 -0.0611084 51.182 -0.256441 -0.0568164 20.1875)
(96.4776 -0.0959386 60.4943 -0.350853 -0.0913985 23.6007)
(99.1811 6.65232e-09 61.2734 -0.355544 4.02932e-09 23.5408)
(57.4848 -0.0601934 49.6518 -0.235682 -0.0535245 20.1946)
(91.4112 -0.0942375 58.5491 -0.325079 -0.0866963 23.4126)
(94.0322 5.32255e-09 59.3408 -0.330526 4.9164e-09 23.3868)
(54.2781 -0.0592721 48.1154 -0.216426 -0.0503378 20.1388)
(86.5104 -0.0925229 56.5964 -0.301176 -0.0821573 23.1604)
(89.0499 4.58771e-09 57.3978 -0.307315 6.33181e-09 23.1665)
(51.18 -0.0583422 46.5765 -0.198594 -0.0472537 20.024)
(81.7721 -0.0907932 54.6412 -0.279039 -0.0777763 22.8487)
(84.2312 3.50617e-09 55.4497 -0.285811 7.47823e-09 22.8848)
(48.1887 -0.0574022 45.0385 -0.182109 -0.0442701 19.8541)
(77.1931 -0.0890474 52.6882 -0.258569 -0.073548 22.482)
(79.5732 1.53639e-09 53.5013 -0.265916 8.73471e-09 22.5461)
(45.302 -0.0564511 43.5045 -0.166899 -0.0413845 19.6328)
(72.7706 -0.087285 50.7418 -0.239669 -0.0694676 22.0647)
(75.0727 -1.2594e-10 51.5572 -0.247535 1.04858e-08 22.1547)
(42.518 -0.0554878 41.9775 -0.152893 -0.0385947 19.3637)
(68.5016 -0.0855053 48.806 -0.222246 -0.0655301 21.6011)
(70.727 -1.849e-09 49.6215 -0.230582 1.25251e-08 21.7152)
(39.8348 -0.0545119 40.46 -0.140023 -0.0358987 19.0505)
(64.3832 -0.083708 46.8844 -0.206213 -0.0617308 21.0954)
(66.5329 -4.08898e-09 47.6981 -0.214969 1.49048e-08 21.2315)
(37.2505 -0.0535226 38.9546 -0.128225 -0.0332942 18.6967)
(60.4125 -0.0818931 44.9804 -0.191484 -0.0580653 20.5515)
(62.4878 -5.57169e-09 45.7906 -0.200616 1.77619e-08 20.708)
(34.7633 -0.0525197 37.4635 -0.117435 -0.030779 18.3055)
(56.5868 -0.0800605 43.0972 -0.177977 -0.054529 19.9733)
(58.5889 -6.45178e-09 43.9021 -0.187443 2.09099e-08 20.1484)
(32.3713 -0.051503 35.9888 -0.107594 -0.0283511 17.8803)
(52.9035 -0.0782104 41.2377 -0.165616 -0.0511175 19.3647)
(54.8333 -7.93758e-09 42.0357 -0.175376 2.45387e-08 19.5566)
(30.0729 -0.0504722 34.5322 -0.098642 -0.0260081 17.4241)
(49.3599 -0.0763428 39.4045 -0.154326 -0.0478265 18.7291)
(51.2186 -1.01994e-08 40.1942 -0.164343 2.93865e-08 18.9363)
(27.8663 -0.0494272 33.0956 -0.0905247 -0.023748 16.9401)
(45.9535 -0.0744581 37.5999 -0.144036 -0.0446519 18.0702)
(47.7422 -1.47184e-08 38.38 -0.154275 3.38431e-08 18.2909)
(25.7498 -0.0483681 31.6804 -0.0831877 -0.0215684 16.4311)
(42.682 -0.0725567 35.8262 -0.134676 -0.0415896 17.3911)
(44.4016 -2.17273e-08 36.5954 -0.145108 3.61646e-08 17.624)
(23.7221 -0.0472948 30.2881 -0.0765794 -0.0194673 15.8999)
(39.543 -0.0706388 34.0852 -0.126183 -0.0386355 16.6951)
(41.1946 -2.60946e-08 34.8426 -0.136777 3.80737e-08 16.9385)
(21.7815 -0.0462076 28.9199 -0.0706501 -0.0174424 15.3491)
(36.5344 -0.068705 32.379 -0.118495 -0.0357857 15.985)
(38.1189 -2.32341e-08 33.1234 -0.129224 3.94093e-08 16.2378)
(19.9266 -0.0451064 27.5768 -0.0653521 -0.0154914 14.7813)
(33.6541 -0.0667557 30.7089 -0.111552 -0.0330364 15.2639)
(35.1723 -1.58685e-08 31.4396 -0.122393 3.66184e-08 15.5246)
(18.1562 -0.0439915 26.2601 -0.06064 -0.0136121 14.1989)
(30.9001 -0.0647915 29.0766 -0.105299 -0.0303836 14.5343)
(32.3529 -1.15421e-08 29.7926 -0.116228 2.88029e-08 14.8017)
(16.4688 -0.0428631 24.9704 -0.0564705 -0.0118023 13.6043)
(28.2704 -0.0628128 27.4832 -0.0996824 -0.0278238 13.7989)
(29.6588 -1.04989e-08 28.1839 -0.110679 2.11393e-08 14.0717)
(14.8633 -0.0417216 23.7087 -0.0528018 -0.0100596 12.9995)
(25.7634 -0.0608204 25.93 -0.0946513 -0.0253533 13.0599)
(27.088 -6.16619e-09 26.6146 -0.105698 1.40853e-08 13.3372)
(13.3385 -0.0405673 22.4755 -0.0495941 -0.00838189 12.3866)
(23.3774 -0.0588146 24.418 -0.0901578 -0.0229684 12.3198)
(24.6389 1.98203e-09 25.086 -0.101238 6.78434e-09 12.6003)
(11.8934 -0.0394003 21.2716 -0.0468095 -0.00676682 11.7677)
(21.1107 -0.0567963 22.948 -0.0861568 -0.0206657 11.5805)
(22.3099 1.03047e-08 23.5989 -0.0972549 1.24306e-09 11.8634)
(10.527 -0.0382213 20.0974 -0.0444121 -0.00521212 11.1444)
(18.9619 -0.054766 21.5209 -0.0826055 -0.0184417 10.8441)
(20.0994 1.69394e-08 22.1542 -0.0937085 -3.73106e-09 11.1284)
(9.23816 -0.0370305 18.9534 -0.0423676 -0.00371551 10.5186)
(16.9295 -0.0527243 20.1374 -0.0794637 -0.016293 10.1124)
(18.006 2.18325e-08 20.7527 -0.09056 -7.02671e-09 10.3973)
(8.02615 -0.0358283 17.8399 -0.0406437 -0.00227472 9.89181)
(15.0124 -0.0506717 18.7981 -0.0766939 -0.0142163 9.38711)
(16.0283 2.46027e-08 19.3949 -0.087773 -7.79675e-09 9.67171)
(6.8901 -0.0346152 16.7573 -0.0392099 -0.000887458 9.26559)
(13.2092 -0.0486085 17.5033 -0.0742615 -0.0122082 8.66982)
(14.1652 2.48497e-08 18.0816 -0.085314 -6.21361e-09 8.95342)
(5.82923 -0.0333915 15.7059 -0.0380377 0.000448567 8.64132)
(11.5189 -0.0465349 16.2537 -0.0721351 -0.0102656 7.96197)
(12.4155 2.20898e-08 16.813 -0.0831526 -3.30515e-09 8.24389)
(4.84283 -0.0321574 14.6857 -0.0371008 0.00173561 8.02031)
(9.94047 -0.0444504 15.0494 -0.0702873 -0.00838514 7.26492)
(10.7781 1.65967e-08 15.5896 -0.0812614 -2.55035e-10 7.54452)
(3.93024 -0.0309129 13.6971 -0.0363753 0.00297587 7.40376)
(8.47287 -0.0423537 13.8909 -0.0686959 -0.00656378 6.57988)
(9.25192 1.27805e-08 14.4117 -0.0796178 5.66929e-09 6.85658)
(3.09085 -0.0296574 12.7401 -0.0358407 0.00417148 6.79279)
(7.11525 -0.0402418 12.7782 -0.0673435 -0.00479832 5.90797)
(7.83617 1.16964e-08 13.2795 -0.0782046 1.25833e-08 6.18125)
(2.3241 -0.0283895 11.8147 -0.0354803 0.00532442 6.18843)
(5.86682 -0.0381094 11.7115 -0.0662212 -0.00308576 5.2502)
(6.52998 9.60629e-09 12.1932 -0.0770099 1.98397e-08 5.51957)
(1.62947 -0.0271066 10.9211 -0.0352808 0.00643637 5.59161)
(4.72685 -0.0359476 10.6909 -0.065331 -0.00142332 4.60749)
(5.33258 8.02663e-09 11.153 -0.0760325 2.60788e-08 4.87252)
(1.0065 -0.0258036 10.0592 -0.0352375 0.00750842 5.00319)
(3.69467 -0.0337418 9.71655 -0.0646876 0.000191435 3.98065)
(4.24328 8.51076e-09 10.1589 -0.0752831 2.87918e-08 4.24095)
(0.454769 -0.0244725 9.22893 -0.0353525 0.00854086 4.42396)
(2.76971 -0.0314702 8.78831 -0.0643204 0.00176034 3.37042)
(3.26147 1.15132e-08 9.21096 -0.0747859 2.83669e-08 3.62564)
(-0.0261172 -0.0231007 8.43031 -0.035638 0.00953252 3.85463)
(1.95142 -0.0291017 7.90613 -0.0642721 0.00328429 2.77744)
(2.38658 1.81269e-08 8.30908 -0.0745797 2.28041e-08 3.02728)
(-0.436513 -0.0216694 7.66323 -0.0361171 0.0104802 3.29585)
(1.23931 -0.0265956 7.06986 -0.064588 0.00476297 2.20232)
(1.61811 2.24195e-08 7.45318 -0.0747115 1.04681e-08 2.4465)
(-0.776771 -0.020153 6.92758 -0.0368187 0.0113782 2.74824)
(0.632849 -0.0239041 6.27924 -0.0652911 0.00619493 1.64559)
(0.955551 1.71827e-08 6.64305 -0.075218 -6.1057e-09 1.88385)
(-1.04728 -0.0185197 6.22319 -0.0377673 0.0122177 2.21238)
(0.131379 -0.0209832 5.53383 -0.0663219 0.00757836 1.10775)
(0.398316 3.61942e-10 5.87836 -0.0760843 -1.86134e-08 1.33987)
(-1.24855 -0.0167362 5.54984 -0.0389555 0.0129885 1.6889)
(-0.266159 -0.0178175 4.83295 -0.0674222 0.00891392 0.58934)
(-0.0544383 -2.32373e-08 5.15853 -0.0771522 -1.17349e-08 0.8151)
(-1.38138 -0.0147805 4.90725 -0.040281 0.0136822 1.17849)
(-0.561674 -0.0144658 4.17556 -0.0680211 0.0102132 0.0908755)
(-0.404126 -3.63953e-08 4.48271 -0.0779741 7.98479e-09 0.310108)
(-1.44715 -0.0126683 4.29503 -0.0414487 0.0143038 0.682066)
(-0.758751 -0.0111297 3.5602 -0.067184 0.01152 -0.387306)
(-0.653363 -2.93234e-08 3.84962 -0.0777324 2.70462e-08 -0.174552)
(-1.44836 -0.0104957 3.71275 -0.0419473 0.0148987 0.200738)
(-0.863597 -0.00825327 2.98472 -0.0625647 0.0129463 -0.844719)
(-0.807187 1.7767e-09 3.25739 -0.0750664 4.12562e-08 -0.638581)
(-1.38962 -0.00850999 3.15985 -0.0408502 0.0156042 -0.264203)
(-0.886335 -0.00656809 2.44682 -0.0505672 0.0147687 -1.2819)
(-0.873025 5.84522e-08 2.70352 -0.0666168 3.87076e-08 -1.08128)
(-1.2772 -0.00719439 2.6356 -0.0352872 0.0167395 -0.71041)
(-0.845089 -0.00660411 1.95715 -0.0524648 0.0178269 -1.72315)
(-0.856782 1.16074e-07 2.19151 -0.0534733 4.19786e-09 -1.50642)
(-1.1148 -0.00706363 2.14441 -0.0267155 0.0190725 -1.13984)
(-0.752788 -0.00848149 1.55211 -0.130719 0.0235963 -2.23987)
(-0.779601 9.35757e-08 1.74404 -0.0827601 -3.98164e-08 -1.96238)
(-0.91776 -0.0083884 1.70079 -0.0566817 0.0241187 -1.59863)
(-0.684022 -3.23853e-08 1.34734 -0.193274 5.57356e-08 -2.54472)
(-0.714778 -0.0128064 1.25546 -0.126773 0.0329244 -2.16572)
(395.468 -3.75418 84.0546 101.995 1.54103 74.7293)
(385.488 -14.6175 45.0873 157.354 2.62614 133.284)
(242.996 -3.58832 33.7225 105.188 1.80516 89.7405)
(393.132 -0.666847 89.6378 26.274 2.04573 -2.07745)
(381.614 -3.90036 84.797 47.6392 4.27769 19.373)
(238.597 -0.564719 86.3338 32.6015 2.72168 11.2912)
(376.032 0.334268 83.8049 7.64225 2.02667 -16.9705)
(379.414 0.208438 83.2569 11.0695 4.46067 -14.3511)
(236.759 0.487524 86.3727 7.37944 2.61129 -13.8542)
(358.528 0.621151 80.6064 3.02639 1.81496 -17.4447)
(365.773 1.22946 79.342 4.18783 4.05888 -17.6901)
(228.014 0.656531 80.1116 2.51163 2.22753 -17.3828)
(342.941 0.649747 79.2872 0.220483 1.53352 -16.5425)
(349.588 1.38227 77.842 0.998495 3.4514 -17.3223)
(217.37 0.595268 75.8704 0.353988 1.80244 -17.6531)
(329.185 0.576234 79.0902 -1.15422 1.24995 -14.6918)
(335.399 1.25711 77.6879 -0.694247 2.81752 -15.7796)
(207.97 0.478034 73.2808 -0.769679 1.41092 -16.6994)
(316.781 0.479321 79.6477 -1.71716 0.999932 -12.3468)
(322.752 1.05308 78.3531 -1.37431 2.2495 -13.5099)
(199.609 0.363997 71.9096 -1.20728 1.08248 -14.945)
(305.298 0.390042 80.622 -1.93547 0.79547 -9.83555)
(311.074 0.856773 79.4915 -1.63433 1.78077 -10.986)
(191.926 0.27424 71.3636 -1.36566 0.821924 -12.8145)
(294.452 0.317414 81.7567 -1.98331 0.636091 -7.26274)
(300.072 0.694479 80.8188 -1.70769 1.4132 -8.37602)
(184.734 0.209834 71.2874 -1.40399 0.623036 -10.5067)
(284.066 0.262265 82.8841 -1.94333 0.51591 -4.68712)
(289.554 0.569661 82.1428 -1.68527 1.13486 -5.75)
(177.901 0.16588 71.4339 -1.38124 0.475755 -8.1267)
(274.034 0.222169 83.8997 -1.86263 0.42729 -2.15546)
(279.397 0.478022 83.3468 -1.61779 0.929164 -3.16)
(171.342 0.136868 71.6469 -1.3294 0.369269 -5.74822)
(264.29 0.193747 84.7421 -1.76559 0.362774 0.298673)
(269.532 0.412687 84.3639 -1.53222 0.779424 -0.643709)
(165.002 0.11806 71.8305 -1.2653 0.293629 -3.42148)
(254.796 0.173802 85.3791 -1.6641 0.315956 2.65229)
(259.917 0.366769 85.1604 -1.44158 0.671084 1.77345)
(158.847 0.105859 71.9291 -1.19698 0.240491 -1.1787)
(245.527 0.159746 85.7971 -1.56371 0.281744 4.89023)
(250.528 0.334505 85.7231 -1.35187 0.592418 4.07492)
(152.854 0.0977599 71.9124 -1.12819 0.203285 0.960387)
(236.471 0.149661 85.9946 -1.46684 0.256295 7.00302)
(241.352 0.311521 86.0516 -1.2656 0.534491 6.2505)
(147.012 0.0921314 71.7665 -1.06064 0.177081 2.98446)
(227.62 0.142206 85.9772 -1.37436 0.236826 8.98524)
(232.38 0.294711 86.1527 -1.18363 0.490772 8.29443)
(141.311 0.0879685 71.4871 -0.995133 0.158312 4.88773)
(218.97 0.136489 85.7544 -1.28651 0.221387 10.8342)
(223.609 0.281972 86.0375 -1.10611 0.456647 10.2039)
(135.747 0.0846841 71.076 -0.932028 0.144484 6.66786)
(210.518 0.131928 85.3384 -1.20328 0.208646 12.549)
(215.037 0.271929 85.7191 -1.03293 0.428945 11.9781)
(130.315 0.0819509 70.5385 -0.871533 0.133896 8.3247)
(202.265 0.128155 84.7423 -1.12455 0.197718 14.1302)
(206.664 0.263703 85.2115 -0.963895 0.405541 13.6175)
(125.016 0.0795928 69.8819 -0.813775 0.125416 9.85934)
(194.209 0.124935 83.9793 -1.05018 0.188024 15.5789)
(198.489 0.256736 84.5289 -0.898832 0.385041 15.1233)
(119.847 0.0775155 69.1142 -0.758829 0.118309 11.2737)
(186.351 0.122115 83.063 -0.980031 0.179191 16.8973)
(190.512 0.250671 83.6853 -0.837569 0.366543 16.4975)
(114.809 0.0756655 68.2442 -0.706728 0.112103 12.5702)
(178.69 0.119594 82.0064 -0.913939 0.170983 18.0877)
(182.734 0.245274 82.6944 -0.779945 0.349475 17.7425)
(109.9 0.0740077 67.2805 -0.657465 0.106501 13.7515)
(171.227 0.117301 80.8221 -0.851753 0.163252 19.153)
(175.154 0.240384 81.5692 -0.725806 0.333475 18.861)
(105.121 0.0725143 66.2317 -0.610999 0.101319 14.8206)
(163.959 0.115182 79.5222 -0.793306 0.155904 20.0965)
(167.771 0.235882 80.3222 -0.674996 0.318314 19.8562)
(100.47 0.0711602 65.106 -0.567258 0.0964442 15.7808)
(156.887 0.113197 78.1184 -0.738433 0.148877 20.9217)
(160.585 0.231681 78.9653 -0.627362 0.303849 20.7316)
(95.9479 0.0699218 63.9114 -0.52615 0.0918057 16.6353)
(150.009 0.111313 76.6214 -0.686963 0.142135 21.6325)
(153.595 0.227709 77.51 -0.582748 0.289987 21.4908)
(91.5524 0.0687772 62.6555 -0.48757 0.0873605 17.3877)
(143.323 0.109504 75.0418 -0.638727 0.135649 22.2329)
(146.798 0.223911 75.9668 -0.541004 0.276666 22.1378)
(87.283 0.0677063 61.3455 -0.451404 0.0830815 18.0416)
(136.827 0.107749 73.3894 -0.593563 0.129401 22.7272)
(140.194 0.220241 74.346 -0.501978 0.263843 22.6768)
(83.1383 0.0666914 59.9881 -0.417536 0.0789511 18.6008)
(130.52 0.106031 71.6734 -0.55131 0.123376 23.1198)
(133.78 0.216662 72.657 -0.465529 0.251486 23.1122)
(79.1169 0.0657177 58.5898 -0.385851 0.0749577 19.0692)
(124.398 0.104338 69.9025 -0.511816 0.117564 23.4153)
(127.553 0.213145 70.9089 -0.431518 0.23957 23.4484)
(75.2173 0.0647726 57.1565 -0.356239 0.0710929 19.4506)
(118.459 0.102658 68.0849 -0.474934 0.111956 23.6184)
(121.512 0.209667 69.1102 -0.399814 0.228076 23.69)
(71.4379 0.0638462 55.694 -0.328591 0.0673507 19.7492)
(112.7 0.100984 66.2283 -0.440526 0.106542 23.7337)
(115.653 0.20621 67.2688 -0.370291 0.216985 23.8418)
(67.7768 0.0629306 54.2075 -0.302806 0.0637264 19.9688)
(107.119 0.0993086 64.34 -0.40846 0.101315 23.766)
(109.973 0.20276 65.3922 -0.342832 0.206284 23.9084)
(64.2322 0.0620196 52.702 -0.278786 0.060216 20.1136)
(101.712 0.0976281 62.4265 -0.378609 0.0962695 23.7201)
(104.471 0.199306 63.4872 -0.317323 0.195957 23.8946)
(60.8022 0.0611084 51.182 -0.256441 0.0568164 20.1875)
(96.4776 0.0959386 60.4943 -0.350853 0.0913985 23.6007)
(99.1424 0.19584 61.5604 -0.293657 0.185992 23.8053)
(57.4848 0.0601934 49.6518 -0.235682 0.0535245 20.1946)
(91.4112 0.0942375 58.5491 -0.325079 0.0866963 23.4126)
(93.9844 0.192356 59.6179 -0.271732 0.176376 23.6451)
(54.2781 0.0592721 48.1154 -0.216426 0.0503378 20.1388)
(86.5104 0.0925229 56.5964 -0.301176 0.0821574 23.1604)
(88.9941 0.188849 57.6654 -0.25145 0.167099 23.4186)
(51.18 0.0583422 46.5765 -0.198594 0.0472537 20.024)
(81.7721 0.0907932 54.6412 -0.279039 0.0777763 22.8487)
(84.1684 0.185316 55.7079 -0.23272 0.158148 23.1307)
(48.1887 0.0574022 45.0385 -0.182109 0.04427 19.8541)
(77.1931 0.0890474 52.6882 -0.258569 0.0735481 22.482)
(79.5042 0.181755 53.7505 -0.21545 0.149514 22.7856)
(45.302 0.0564511 43.5045 -0.166899 0.0413844 19.6328)
(72.7706 0.087285 50.7418 -0.239669 0.0694676 22.0647)
(74.9984 0.178163 51.7975 -0.199556 0.141187 22.388)
(42.518 0.0554878 41.9775 -0.152893 0.0385947 19.3637)
(68.5016 0.0855053 48.806 -0.222246 0.0655301 21.6011)
(70.6481 0.17454 49.8533 -0.184956 0.133155 21.9421)
(39.8348 0.0545118 40.46 -0.140023 0.0358987 19.0505)
(64.3832 0.083708 46.8844 -0.206213 0.0617309 21.0954)
(66.4502 0.170885 47.9216 -0.171572 0.12541 21.4522)
(37.2505 0.0535226 38.9546 -0.128225 0.0332942 18.6967)
(60.4125 0.0818931 44.9804 -0.191483 0.0580653 20.5515)
(62.402 0.167196 46.0059 -0.159328 0.117941 20.9223)
(34.7633 0.0525197 37.4635 -0.117435 0.030779 18.3055)
(56.5868 0.0800605 43.0972 -0.177977 0.054529 19.9733)
(58.5005 0.163475 44.1096 -0.148153 0.110741 20.3564)
(32.3713 0.051503 35.9888 -0.107593 0.0283511 17.8803)
(52.9035 0.0782103 41.2377 -0.165616 0.0511175 19.3647)
(54.7431 0.159721 42.2356 -0.137977 0.103799 19.7583)
(30.0729 0.0504722 34.5322 -0.098642 0.0260081 17.4241)
(49.3599 0.0763428 39.4045 -0.154326 0.0478266 18.7291)
(51.127 0.155934 40.3867 -0.128734 0.0971061 19.1317)
(27.8663 0.0494272 33.0956 -0.0905246 0.023748 16.9401)
(45.9535 0.0744581 37.5999 -0.144036 0.044652 18.0702)
(47.6498 0.152114 38.5653 -0.120361 0.0906546 18.4801)
(25.7498 0.0483681 31.6804 -0.0831876 0.0215684 16.4311)
(42.682 0.0725566 35.8262 -0.134676 0.0415897 17.3911)
(44.3089 0.148263 36.7738 -0.112799 0.0844355 17.8069)
(23.7221 0.0472948 30.2881 -0.0765793 0.0194673 15.8999)
(39.543 0.0706388 34.0852 -0.126183 0.0386356 16.6951)
(41.1021 0.144381 35.0142 -0.105989 0.0784404 17.1153)
(21.7815 0.0462075 28.9199 -0.0706501 0.0174424 15.3491)
(36.5344 0.068705 32.379 -0.118495 0.0357858 15.985)
(38.0269 0.140469 33.2884 -0.0998753 0.0726611 16.4084)
(19.9266 0.0451063 27.5768 -0.0653521 0.0154914 14.7813)
(33.6541 0.0667557 30.7089 -0.111552 0.0330364 15.2639)
(35.0814 0.136527 31.5982 -0.0944074 0.0670896 15.6891)
(18.1562 0.0439915 26.2601 -0.06064 0.0136121 14.1989)
(30.9001 0.0647914 29.0766 -0.105299 0.0303837 14.5343)
(32.2633 0.132557 29.9449 -0.0895353 0.061718 14.9601)
(16.4688 0.0428631 24.9704 -0.0564705 0.0118023 13.6043)
(28.2704 0.0628128 27.4832 -0.0996824 0.0278239 13.7989)
(29.5708 0.12856 28.3301 -0.0852115 0.0565385 14.2241)
(14.8633 0.0417216 23.7087 -0.0528018 0.0100596 12.9995)
(25.7634 0.0608203 25.93 -0.0946513 0.0253533 13.0599)
(27.0021 0.124537 26.7549 -0.081391 0.0515435 13.4836)
(13.3385 0.0405672 22.4755 -0.0495941 0.0083819 12.3866)
(23.3774 0.0588147 24.418 -0.0901578 0.0229684 12.3198)
(24.5553 0.120489 25.2204 -0.0780314 0.0467256 12.7408)
(11.8934 0.0394003 21.2716 -0.0468095 0.00676681 11.7677)
(21.1107 0.0567964 22.948 -0.0861568 0.0206657 11.5805)
(22.2288 0.116417 23.7276 -0.0750925 0.0420774 11.998)
(10.527 0.0382213 20.0974 -0.0444121 0.00521211 11.1444)
(18.9619 0.054766 21.5209 -0.0826055 0.0184417 10.8441)
(20.0211 0.112322 22.2774 -0.0725363 0.0375917 11.2571)
(9.23816 0.0370305 18.9534 -0.0423676 0.0037155 10.5186)
(16.9295 0.0527243 20.1374 -0.0794637 0.016293 10.1124)
(17.9307 0.108206 20.8703 -0.0703273 0.0332615 10.5202)
(8.02615 0.0358284 17.8399 -0.0406438 0.0022747 9.89181)
(15.0124 0.0506717 18.7981 -0.0766939 0.0142163 9.38711)
(15.9562 0.10407 19.5072 -0.068432 0.0290798 9.78885)
(6.8901 0.0346153 16.7573 -0.03921 0.000887436 9.26559)
(13.2092 0.0486086 17.5033 -0.0742615 0.0122082 8.66982)
(14.0965 0.0999146 18.1886 -0.0668191 0.0250398 9.06483)
(5.82923 0.0333916 15.7059 -0.0380377 -0.000448588 8.64132)
(11.5189 0.0465349 16.2537 -0.0721351 0.0102656 7.96197)
(12.3503 0.0957404 16.9148 -0.0654606 0.0211345 8.34963)
(4.84283 0.0321575 14.6857 -0.0371008 -0.00173562 8.02031)
(9.94047 0.0444504 15.0494 -0.0702873 0.00838515 7.26492)
(10.7166 0.0915473 15.6862 -0.064331 0.0173574 7.64462)
(3.93024 0.0309129 13.6971 -0.0363753 -0.00297588 7.40376)
(8.47287 0.0423537 13.8909 -0.0686958 0.0065638 6.57988)
(9.19429 0.0873338 14.5033 -0.063409 0.0137019 6.95109)
(3.09085 0.0296574 12.7401 -0.0358407 -0.00417148 6.79279)
(7.11525 0.0402418 12.7782 -0.0673435 0.00479835 5.90797)
(7.78248 0.0830961 13.3661 -0.0626781 0.0101612 6.27021)
(2.3241 0.0283895 11.8147 -0.0354803 -0.00532441 6.18843)
(5.86682 0.0381095 11.7115 -0.0662212 0.0030858 5.2502)
(6.48032 0.0788268 12.2749 -0.0621265 0.00672886 5.60303)
(1.62947 0.0271066 10.9211 -0.0352808 -0.00643635 5.59161)
(4.72685 0.0359476 10.6909 -0.065331 0.00142337 4.60749)
(5.28702 0.0745127 11.2298 -0.0617518 0.00339867 4.95051)
(1.0065 0.0258036 10.0592 -0.0352375 -0.0075084 5.00319)
(3.69467 0.0337418 9.71655 -0.0646875 -0.000191384 3.98065)
(4.20188 0.0701321 10.2309 -0.0615621 0.000164762 4.31352)
(0.454769 0.0244726 9.22893 -0.0353524 -0.00854083 4.42396)
(2.76971 0.0314702 8.78831 -0.0643203 -0.00176029 3.37042)
(3.22423 0.065651 9.27806 -0.0615776 -0.00297793 3.69283)
(-0.0261172 0.0231007 8.43031 -0.035638 -0.00953249 3.85463)
(1.95142 0.0291018 7.90613 -0.064272 -0.00328426 2.77744)
(2.35348 0.0610187 8.37137 -0.0618322 -0.00603303 3.08914)
(-0.436513 0.0216694 7.66323 -0.0361171 -0.0104802 3.29585)
(1.23931 0.0265956 7.06986 -0.064588 -0.00476296 2.20232)
(1.58905 0.0561654 7.51068 -0.062368 -0.00900179 2.50309)
(-0.776771 0.020153 6.92758 -0.0368186 -0.0113781 2.74824)
(0.632849 0.0239041 6.27924 -0.065291 -0.00619493 1.64559)
(0.930355 0.0510032 6.69577 -0.0632203 -0.0118826 1.93525)
(-1.04728 0.0185197 6.22319 -0.0377672 -0.0122177 2.21238)
(0.131379 0.0209831 5.53383 -0.0663218 -0.00757837 1.10775)
(0.376706 0.0454365 5.92627 -0.0643827 -0.0146706 1.38617)
(-1.24855 0.0167362 5.54984 -0.0389555 -0.0129885 1.6889)
(-0.266159 0.0178174 4.83295 -0.0674222 -0.00891392 0.58934)
(-0.072859 0.0393951 5.20163 -0.0657251 -0.0173591 0.856412)
(-1.38138 0.0147805 4.90725 -0.040281 -0.0136822 1.17849)
(-0.561674 0.0144658 4.17556 -0.0680212 -0.0102132 0.0908755)
(-0.419867 0.0329026 4.52093 -0.0668599 -0.0199453 0.34657)
(-1.44715 0.0126683 4.29503 -0.0414488 -0.0143038 0.682066)
(-0.758751 0.0111297 3.5602 -0.067184 -0.01152 -0.387306)
(-0.666997 0.0261948 3.88289 -0.0670612 -0.0224522 -0.142818)
(-1.44836 0.0104957 3.71275 -0.0419474 -0.0148987 0.200738)
(-0.863597 0.00825331 2.98472 -0.0625648 -0.0129462 -0.844719)
(-0.81924 0.0199092 3.28558 -0.0650818 -0.024976 -0.611558)
(-1.38962 0.00850997 3.15985 -0.0408502 -0.0156042 -0.264203)
(-0.886335 0.00656823 2.44682 -0.0505672 -0.0147687 -1.2819)
(-0.883889 0.0153131 2.72642 -0.0575546 -0.0277814 -1.05928)
(-1.2772 0.00719445 2.6356 -0.0352872 -0.0167395 -0.71041)
(-0.845089 0.00660431 1.95715 -0.0524648 -0.0178269 -1.72315)
(-0.866349 0.0138456 2.20854 -0.0447374 -0.0317951 -1.49008)
(-1.1148 0.00706375 2.14441 -0.0267155 -0.0190725 -1.13984)
(-0.752788 0.0084815 1.55211 -0.130719 -0.0235962 -2.23987)
(-0.786531 0.0157866 1.75456 -0.0725417 -0.0397242 -1.95294)
(-0.91776 0.00838852 1.70079 -0.0566816 -0.0241187 -1.59863)
(-0.689043 0.0228862 1.35115 -0.181208 -0.0544693 -2.54463)
(-0.714778 0.0128064 1.25546 -0.126773 -0.0329243 -2.16572)
(393.966 -10.9534 78.062 90.1849 4.96351 68.4096)
(378.535 -32.2514 38.2852 131.31 6.33461 115.889)
(240.608 -11.8901 30.4785 95.6254 6.10195 83.8293)
(390.811 -0.588064 83.0791 20.3747 6.13021 -3.75596)
(376.248 -5.57344 73.7768 32.258 8.7546 11.6585)
(237.516 -1.14639 79.3519 27.0073 8.4674 8.8486)
(373.875 1.89057 78.3695 5.12379 5.73161 -17.2995)
(374.778 2.35168 73.3986 5.24857 8.2231 -16.1438)
(235.862 2.07345 79.5607 5.18798 7.56316 -14.624)
(357.105 2.19464 76.5523 1.9813 4.94484 -17.6611)
(362.442 3.29433 72.0395 2.10577 7.02122 -18.1447)
(227.537 2.22399 74.8407 1.76911 6.13713 -17.8263)
(342.303 1.98974 76.5014 -0.0457742 4.08015 -16.6873)
(347.916 2.93359 72.8831 0.414723 5.73247 -17.528)
(217.522 1.81544 72.1896 0.291496 4.81253 -17.9454)
(329.185 1.65538 77.3674 -1.01804 3.27357 -14.7137)
(335.014 2.38827 74.6201 -0.572225 4.5517 -15.7786)
(208.628 1.3803 70.9373 -0.495231 3.69126 -16.8045)
(317.232 1.33528 78.7576 -1.39496 2.59081 -12.2326)
(323.217 1.89094 76.7334 -0.937317 3.56433 -13.2898)
(200.59 1.02432 70.6091 -0.789409 2.79234 -14.8623)
(306.037 1.07166 80.3522 -1.53373 2.04601 -9.58826)
(312.066 1.49929 78.9339 -1.06656 2.78286 -10.5529)
(193.081 0.766132 70.836 -0.896558 2.09811 -12.5595)
(295.354 0.868419 81.9314 -1.55447 1.62821 -6.89827)
(301.362 1.20541 81.0134 -1.09533 2.18651 -7.75481)
(185.955 0.589072 71.312 -0.924838 1.57746 -10.1039)
(285.043 0.718482 83.3664 -1.5136 1.3168 -4.22759)
(290.986 0.990739 82.8535 -1.07077 1.74356 -4.97635)
(179.12 0.471307 71.8407 -0.910958 1.1968 -7.60501)
(275.027 0.611186 84.587 -1.44441 1.08913 -1.623)
(280.869 0.837511 84.3995 -1.02108 1.4209 -2.27009)
(172.516 0.394567 72.3097 -0.876278 0.924361 -5.13577)
(265.261 0.535675 85.5604 -1.3642 0.924444 0.884618)
(270.979 0.729742 85.6344 -0.961548 1.1886 0.330824)
(166.108 0.344908 72.6583 -0.832456 0.732483 -2.74271)
(255.722 0.482688 86.2763 -1.28138 0.805465 3.27585)
(261.299 0.654173 86.5619 -0.899481 1.02194 2.80689)
(159.874 0.31237 72.858 -0.785165 0.598693 -0.453512)
(246.395 0.445098 86.7375 -1.19988 0.718742 5.53901)
(251.823 0.600639 87.1967 -0.838291 0.901633 5.14728)
(153.798 0.290274 72.8987 -0.737148 0.50564 1.71647)
(237.273 0.417774 86.9542 -1.12139 0.654267 7.6677)
(242.548 0.561811 87.5576 -0.779442 0.813321 7.34678)
(147.873 0.274386 72.7805 -0.68973 0.440477 3.75975)
(228.354 0.397211 86.94 -1.04655 0.604872 9.65893)
(233.473 0.532651 87.6652 -0.723464 0.74669 9.4036)
(142.092 0.262155 72.5093 -0.643562 0.394017 5.67361)
(219.636 0.381102 86.7102 -0.975508 0.565576 11.5119)
(224.599 0.509832 87.5396 -0.670479 0.694554 11.318)
(136.449 0.252121 72.0938 -0.598991 0.359884 7.45811)
(211.117 0.367968 86.2804 -0.908251 0.533009 13.2271)
(215.925 0.491217 87.2001 -0.620457 0.652036 13.0914)
(130.944 0.243485 71.5436 -0.556228 0.333769 9.11484)
(202.799 0.356876 85.6662 -0.844694 0.504942 14.806)
(207.454 0.47546 86.6645 -0.573313 0.615904 14.7258)
(125.575 0.235828 70.8691 -0.51541 0.312828 10.6462)
(194.682 0.347233 84.8826 -0.784733 0.479929 16.2506)
(199.184 0.461716 85.9496 -0.528954 0.584058 16.2236)
(120.34 0.228925 70.0802 -0.476627 0.295221 12.0549)
(186.766 0.338656 83.944 -0.728255 0.457047 17.5634)
(191.118 0.449445 85.0712 -0.487284 0.555156 17.5876)
(115.239 0.22265 69.187 -0.439924 0.279778 13.3441)
(179.05 0.330889 82.8641 -0.675139 0.435715 18.747)
(183.255 0.43829 84.0439 -0.448205 0.528354 18.8207)
(110.271 0.21692 68.199 -0.40531 0.265773 14.5168)
(171.534 0.323749 81.6561 -0.625258 0.415569 19.8047)
(175.595 0.428005 82.8815 -0.411616 0.503126 19.9259)
(105.436 0.211662 67.1251 -0.372763 0.252755 15.5764)
(164.218 0.317101 80.3322 -0.578479 0.39638 20.7399)
(168.138 0.418409 81.597 -0.377413 0.479145 20.9068)
(100.733 0.206814 65.974 -0.342235 0.24045 16.5262)
(157.1 0.310837 78.9043 -0.534662 0.378003 21.5561)
(160.882 0.409362 80.2026 -0.345489 0.456207 21.7668)
(96.162 0.202312 64.7539 -0.313658 0.228693 17.3696)
(150.18 0.304876 77.3835 -0.49367 0.360347 22.2573)
(153.827 0.400754 78.7099 -0.315734 0.434183 22.5099)
(91.7212 0.198101 63.4726 -0.286956 0.217383 18.1104)
(143.454 0.299148 75.7803 -0.455363 0.343348 22.8477)
(146.97 0.392495 77.1298 -0.288042 0.412989 23.1402)
(87.4096 0.194126 62.1374 -0.262043 0.206459 18.7522)
(136.922 0.293598 74.1045 -0.419604 0.326962 23.3316)
(140.31 0.384512 75.4725 -0.262306 0.392568 23.6618)
(83.2258 0.190342 60.7551 -0.238832 0.195882 19.2989)
(130.581 0.288183 72.3655 -0.386264 0.311157 23.7134)
(133.844 0.376748 73.7476 -0.238423 0.372877 24.0792)
(79.1684 0.18671 59.3323 -0.217236 0.185629 19.7543)
(124.428 0.282868 70.5721 -0.355213 0.295906 23.9978)
(127.571 0.369155 71.9644 -0.216296 0.353886 24.397)
(75.2357 0.183196 57.875 -0.197173 0.175684 20.1226)
(118.461 0.277625 68.7324 -0.326332 0.281188 24.1894)
(121.486 0.361696 70.1311 -0.195828 0.335569 24.6198)
(71.4258 0.179774 56.3889 -0.178561 0.166034 20.4076)
(112.676 0.272433 66.8543 -0.299503 0.266984 24.293)
(115.588 0.354342 68.256 -0.17693 0.317904 24.7524)
(67.737 0.176424 54.8793 -0.161323 0.156673 20.6135)
(107.072 0.267276 64.9448 -0.274618 0.253277 24.3135)
(109.873 0.347069 66.3464 -0.159516 0.300871 24.7995)
(64.1671 0.173128 53.3511 -0.145387 0.147593 20.7442)
(101.645 0.262139 63.0108 -0.25157 0.240052 24.2555)
(104.339 0.339861 64.4092 -0.143504 0.284451 24.766)
(60.7143 0.169874 51.8091 -0.130683 0.138791 20.804)
(96.3907 0.257014 61.0585 -0.230259 0.227294 24.1239)
(98.9815 0.332702 62.4511 -0.128815 0.268629 24.6567)
(57.3764 0.166651 50.2574 -0.117146 0.130261 20.7968)
(91.3075 0.251893 59.0938 -0.210588 0.21499 23.9235)
(93.798 0.325584 60.4782 -0.115375 0.253388 24.4764)
(54.1513 0.163453 48.7001 -0.104712 0.121999 20.7266)
(86.3917 0.24677 57.1221 -0.192467 0.203125 23.6588)
(88.7851 0.318496 58.4959 -0.103113 0.238711 24.2297)
(51.0368 0.160272 47.1409 -0.0933219 0.114001 20.5973)
(81.6401 0.241642 55.1485 -0.175806 0.191688 23.3346)
(83.9395 0.311433 56.5096 -0.0919597 0.224585 23.9214)
(48.031 0.157103 45.5831 -0.0829176 0.106264 20.4127)
(77.0498 0.236503 53.1776 -0.160521 0.180665 22.9554)
(79.2581 0.304389 54.5242 -0.0818493 0.210993 23.556)
(45.1317 0.153943 44.0298 -0.0734441 0.098784 20.1768)
(72.6174 0.231353 51.2138 -0.14653 0.170045 22.5255)
(74.7376 0.29736 52.544 -0.0727188 0.19792 23.1379)
(42.3369 0.150789 42.4841 -0.0648481 0.0915565 19.8931)
(68.3401 0.226189 49.2611 -0.133756 0.159814 22.0492)
(70.3749 0.290344 50.5734 -0.0645074 0.185352 22.6716)
(39.6444 0.147637 40.9485 -0.0570786 0.0845777 19.5652)
(64.2147 0.221009 47.3231 -0.122124 0.149962 21.5308)
(66.1668 0.283337 48.616 -0.057157 0.173273 22.1612)
(37.0524 0.144485 39.4255 -0.0500861 0.0778432 19.1967)
(60.2384 0.215813 45.4032 -0.111562 0.140476 20.9743)
(62.1105 0.276338 46.6755 -0.0506114 0.16167 21.6109)
(34.5589 0.141331 37.9173 -0.0438228 0.0713484 18.7909)
(56.4084 0.210599 43.5046 -0.102002 0.131345 20.3835)
(58.2028 0.269344 44.755 -0.0448172 0.150526 21.0247)
(32.162 0.138174 36.4259 -0.038243 0.0650888 18.3511)
(52.7219 0.205368 41.6301 -0.0933764 0.122556 19.7623)
(54.441 0.262356 42.8576 -0.0397229 0.139828 20.4063)
(29.8598 0.135012 34.9532 -0.0333023 0.0590593 17.8804)
(49.1762 0.200119 39.7823 -0.085623 0.1141 19.1143)
(50.8222 0.255372 40.9858 -0.0352792 0.129561 19.7596)
(27.6507 0.131844 33.5009 -0.0289583 0.053255 17.3819)
(45.7688 0.194852 37.9636 -0.0786811 0.105964 18.4429)
(47.3438 0.248392 39.1423 -0.0314387 0.119711 19.0879)
(25.5328 0.128669 32.0705 -0.0251698 0.0476705 16.8585)
(42.4971 0.189567 36.1761 -0.072493 0.0981373 17.7514)
(44.0033 0.241416 37.3293 -0.0281563 0.110262 18.3947)
(23.5047 0.125486 30.6634 -0.0218976 0.0423004 16.3129)
(39.3589 0.184266 34.4218 -0.0670031 0.0906089 17.043)
(40.7981 0.234443 35.5488 -0.0253887 0.101201 17.6833)
(21.5646 0.122294 29.2807 -0.0191037 0.0371392 15.7479)
(36.3519 0.178948 32.7025 -0.0621588 0.083368 16.3208)
(37.726 0.227474 33.8026 -0.0230947 0.0925127 16.9566)
(19.7112 0.119093 27.9237 -0.0167514 0.032181 15.166)
(33.474 0.173614 31.0198 -0.0579102 0.0764037 15.5874)
(34.7845 0.220509 32.0925 -0.021235 0.0841833 16.2177)
(17.9431 0.115883 26.5933 -0.0148062 0.02742 14.5696)
(30.723 0.168265 29.3751 -0.0542095 0.0697054 14.8458)
(31.9717 0.21355 30.4199 -0.0197724 0.0761986 15.4693)
(16.2587 0.112663 25.2903 -0.0132349 0.0228501 13.961)
(28.0971 0.162901 27.7696 -0.0510111 0.0632627 14.0983)
(29.2854 0.206596 28.7862 -0.0186711 0.0685446 14.714)
(14.657 0.109433 24.0155 -0.0120057 0.0184653 13.3424)
(25.5944 0.157525 26.2046 -0.0482717 0.0570652 13.3475)
(26.7238 0.199648 27.1925 -0.0178971 0.0612073 13.9543)
(13.1367 0.106194 22.7697 -0.0110881 0.0142593 12.7159)
(23.2132 0.152136 24.6811 -0.0459506 0.0511027 12.5955)
(24.285 0.192708 25.64 -0.0174183 0.054173 13.1925)
(11.6966 0.102945 21.5534 -0.010453 0.0102258 12.0833)
(20.9518 0.146736 23.1999 -0.044009 0.0453649 11.8444)
(21.9673 0.185776 24.1296 -0.0172043 0.047428 12.4308)
(10.3357 0.0996862 20.367 -0.0100729 0.00635851 11.4465)
(18.8088 0.141325 21.7617 -0.0424105 0.0398421 11.0964)
(19.7691 0.178853 22.662 -0.0172264 0.0409588 11.6712)
(9.05302 0.0964185 19.2111 -0.00992175 0.00265084 10.8073)
(16.7827 0.135906 20.3674 -0.0411207 0.0345243 10.3531)
(17.6888 0.17194 21.238 -0.0174575 0.0347522 10.9157)
(7.84758 0.0931419 18.086 -0.00997471 -0.000903676 10.1673)
(14.8722 0.130478 19.0173 -0.0401073 0.0294019 9.61633)
(15.7251 0.165037 19.8583 -0.0178722 0.0287948 10.166)
(6.71851 0.0898568 16.9919 -0.0102084 -0.00431162 9.52792)
(13.076 0.125042 17.7121 -0.0393406 0.0244652 8.88764)
(13.8767 0.158147 18.5232 -0.0184466 0.0230736 9.42366)
(5.66502 0.0865635 15.9292 -0.010601 -0.0075796 8.89061)
(11.3929 0.119598 16.4522 -0.0387937 0.0197047 8.16849)
(12.1422 0.151267 17.2332 -0.019159 0.0175756 8.69032)
(4.68634 0.0832618 14.8979 -0.0111325 -0.0107142 8.25667)
(9.822 0.114145 15.2377 -0.0384426 0.015111 7.46021)
(10.5206 0.144398 15.9888 -0.0199898 0.012288 7.96732)
(3.78178 0.0799511 13.8983 -0.0117846 -0.0137219 7.6273)
(8.36217 0.108679 14.0691 -0.0382675 0.0106747 6.76403)
(9.01082 0.137537 14.7901 -0.0209218 0.00719795 7.25593)
(2.9507 0.0766296 12.9305 -0.0125413 -0.0166092 7.00363)
(7.01254 0.103192 12.9465 -0.0382524 0.00638653 6.08106)
(7.61187 0.130677 13.6374 -0.0219414 0.00229253 6.55733)
(2.1925 0.0732934 11.9944 -0.0133897 -0.0193822 6.38666)
(5.77226 0.0976714 11.87 -0.0383878 0.00223739 5.41232)
(6.32284 0.123807 12.5308 -0.0230369 -0.00244104 5.87256)
(1.50664 0.0699352 11.0902 -0.0143195 -0.0220462 5.77735)
(4.64056 0.0920937 10.8396 -0.0386734 -0.00178129 4.75872)
(5.1429 0.116906 11.4704 -0.0242041 -0.00701533 5.2026)
(0.892606 0.0665425 10.2178 -0.0153268 -0.0246053 5.17655)
(3.61672 0.0864225 9.85558 -0.039119 -0.00567744 4.12108)
(4.07126 0.109941 10.4563 -0.0254451 -0.0114425 4.54829)
(0.349929 0.0630943 9.37714 -0.0164139 -0.0270613 4.58505)
(2.70008 0.0806007 8.9177 -0.0397465 -0.00945796 3.50014)
(3.10719 0.102859 9.48844 -0.0267687 -0.0157344 3.91043)
(-0.121833 0.059558 8.56818 -0.0175906 -0.0294132 4.00357)
(1.88999 0.074546 8.02594 -0.0405905 -0.0131274 2.89657)
(2.24996 0.0955783 8.56676 -0.0281957 -0.0199008 3.28973)
(-0.523116 0.0558843 7.79085 -0.018876 -0.0316542 3.43278)
(1.18582 0.0681469 7.18011 -0.0416904 -0.0166876 2.31099)
(1.49881 0.0879828 7.69111 -0.0297539 -0.0239485 2.68684)
(-0.854372 0.0520045 7.045 -0.0202958 -0.0337706 2.87332)
(0.586845 0.0612662 6.37992 -0.0430736 -0.0201376 1.74396)
(0.852941 0.0799181 6.86124 -0.0314692 -0.02788 2.10238)
(-1.11613 0.0478299 6.33048 -0.021875 -0.035741 2.32583)
(0.0921798 0.0537637 5.62491 -0.0447102 -0.0234747 1.19605)
(0.311316 0.071201 6.07673 -0.0333491 -0.0316929 1.53695)
(-1.30907 0.043261 5.64708 -0.0236188 -0.0375371 1.79096)
(-0.299482 0.0455579 4.91436 -0.0464154 -0.0266992 0.667809)
(-0.127447 0.0616639 5.33694 -0.0353305 -0.0353771 0.991186)
(-1.43419 0.0382183 4.9945 -0.025462 -0.0391311 1.26948)
(-0.590255 0.0367515 4.24716 -0.0477443 -0.0298282 0.159786)
(-0.465373 0.0512675 4.64091 -0.0371855 -0.0389139 0.465738)
(-1.49308 0.0327125 4.37236 -0.0271822 -0.0405201 0.762369)
(-0.783784 0.0278505 3.62181 -0.0479347 -0.0329372 -0.327797)
(-0.705602 0.0403262 3.98723 -0.038473 -0.0422878 -0.0388692)
(-1.48834 0.0269718 3.78019 -0.0283702 -0.0417889 0.270707)
(-0.886047 0.0201353 3.03608 -0.0447905 -0.0362304 -0.794885)
(-0.853364 0.0299301 3.37392 -0.0383777 -0.0455259 -0.522761)
(-1.42448 0.0216817 3.2173 -0.0282246 -0.0432407 -0.204467)
(-0.906464 0.0159473 2.48736 -0.0339794 -0.0403088 -1.24264)
(-0.915819 0.0226305 2.79818 -0.0337162 -0.0487937 -0.986446)
(-1.30748 0.0183295 2.68261 -0.0238095 -0.0456547 -0.661497)
(-0.862017 0.017019 1.98523 -0.0341375 -0.0476906 -1.69632)
(-0.89665 0.0218611 2.26187 -0.0219941 -0.0533817 -1.43473)
(-1.13995 0.0185482 2.17961 -0.0150801 -0.0512457 -1.10301)
(-0.764409 0.0226298 1.567 -0.108568 -0.0641081 -2.23054)
(-0.810555 0.0273599 1.78674 -0.0434399 -0.065492 -1.91839)
(-0.935031 0.0224577 1.72288 -0.041971 -0.0653359 -1.5766)
(-0.708915 0.0393766 1.36149 -0.144806 -0.0951909 -2.54239)
(-0.727232 0.0355894 1.26407 -0.110595 -0.092277 -2.16409)
(385.778 -14.2164 62.9404 58.0022 7.85961 49.5572)
(374.315 -52.632 17.6904 76.4227 10.8069 79.0717)
(232.83 -21.182 21.8822 69.3538 10.6243 66.5887)
(381.146 2.0563 67.7176 5.37967 8.29012 -9.90741)
(363.301 -2.21541 50.2627 8.71568 10.5124 2.21239)
(231.997 -0.311525 62.3667 11.9487 12.0332 0.858536)
(366.91 4.04908 66.7101 0.177434 7.17888 -18.5007)
(365.696 6.29645 56.3072 -1.25711 8.26151 -17.2685)
(232.355 3.95601 64.4507 0.409334 9.75655 -16.8579)
(353.443 3.63156 68.5706 0.330732 5.94128 -17.9926)
(357.66 4.92558 60.8874 0.257358 6.46928 -18.186)
(226.082 3.5409 64.2244 0.602803 7.49866 -18.521)
(341.055 2.93296 71.4642 -0.48951 4.75051 -16.6696)
(346.756 3.56226 66.0638 0.176746 5.01106 -16.8366)
(217.974 2.67734 65.4132 0.212214 5.6473 -18.1023)
(329.484 2.29124 74.5723 -0.936887 3.71697 -14.3478)
(336.061 2.67267 70.9568 -0.134642 3.82778 -14.405)
(210.297 1.9494 67.0168 -0.181495 4.1949 -16.5085)
(318.462 1.80008 77.6034 -1.08612 2.8841 -11.5448)
(325.503 2.06984 75.3229 -0.252891 2.90774 -11.4104)
(202.891 1.42781 68.7431 -0.334946 3.09379 -14.1621)
(307.792 1.4405 80.3591 -1.12754 2.24097 -8.62059)
(315.014 1.66126 79.0812 -0.296961 2.21252 -8.28819)
(195.649 1.0839 70.4101 -0.397557 2.27463 -11.5149)
(297.369 1.18019 82.7355 -1.11365 1.75913 -5.70451)
(304.611 1.37687 82.2074 -0.308206 1.69881 -5.20421)
(188.576 0.861705 71.8714 -0.419782 1.67605 -8.78156)
(287.148 0.994559 84.7005 -1.07017 1.4065 -2.86279)
(294.308 1.17577 84.7291 -0.300076 1.32685 -2.22705)
(181.67 0.718526 73.0563 -0.417791 1.24728 -6.07191)
(277.116 0.863674 86.2604 -1.01368 1.15264 -0.135374)
(284.128 1.03326 86.7022 -0.282636 1.06189 0.607113)
(174.93 0.626003 73.948 -0.403154 0.945895 -3.45098)
(267.27 0.771471 87.4402 -0.952641 0.971457 2.45599)
(274.094 0.931641 88.1901 -0.261336 0.875081 3.28132)
(168.355 0.56514 74.5574 -0.382469 0.737329 -0.954455)
(257.613 0.705722 88.2721 -0.891127 0.842121 4.90069)
(264.228 0.857831 89.2545 -0.238738 0.743715 5.78993)
(161.942 0.523458 74.9074 -0.35904 0.594543 1.40069)
(248.15 0.657606 88.7889 -0.831067 0.748817 7.19468)
(254.545 0.802517 89.9497 -0.216115 0.650695 8.13336)
(155.688 0.493077 75.0248 -0.334592 0.497182 3.60845)
(238.885 0.621053 89.0214 -0.773317 0.680013 9.33765)
(245.054 0.759314 90.3218 -0.194095 0.583603 10.3151)
(149.589 0.469232 74.9352 -0.310049 0.430451 5.66892)
(229.82 0.592045 88.9974 -0.718211 0.627579 11.3313)
(235.765 0.724001 90.4092 -0.172982 0.533706 12.3399)
(143.64 0.44918 74.6613 -0.28592 0.383926 7.58524)
(220.958 0.568009 88.7413 -0.665851 0.585945 13.1782)
(226.68 0.693885 90.2436 -0.152916 0.495031 14.2126)
(137.838 0.431425 74.2232 -0.262506 0.350471 9.36182)
(212.301 0.547333 88.275 -0.616239 0.551392 14.8815)
(217.804 0.667285 89.8519 -0.133963 0.4636 15.938)
(132.182 0.415194 73.6379 -0.239994 0.325324 11.0034)
(203.849 0.529015 87.6177 -0.569336 0.521492 16.4442)
(209.138 0.643171 89.2566 -0.116146 0.436821 17.5203)
(126.669 0.400104 72.9203 -0.218507 0.305379 12.5145)
(195.605 0.512428 86.7872 -0.525085 0.494692 17.8696)
(200.684 0.620907 88.4777 -0.0994685 0.413047 18.9634)
(121.298 0.385967 72.0838 -0.198122 0.288658 13.8995)
(187.568 0.497168 85.7993 -0.483414 0.470018 19.1609)
(192.443 0.600094 87.5327 -0.0839171 0.391252 20.2711)
(116.069 0.372682 71.1399 -0.17888 0.273925 15.1623)
(179.739 0.482961 84.6689 -0.444244 0.446866 20.3214)
(184.415 0.580464 86.4375 -0.0694678 0.370808 21.4468)
(110.981 0.360174 70.0996 -0.160795 0.260426 16.3068)
(172.117 0.469611 83.4098 -0.407487 0.424868 21.3546)
(176.6 0.561832 85.2067 -0.0560881 0.351341 22.4942)
(106.033 0.348377 68.9726 -0.14386 0.24771 17.3368)
(164.701 0.456968 82.0348 -0.373048 0.403801 22.2641)
(168.997 0.544056 83.8539 -0.04374 0.332634 23.4169)
(101.225 0.337225 67.7682 -0.128049 0.235512 18.2558)
(157.49 0.444915 80.556 -0.34083 0.383531 23.0539)
(161.605 0.527025 82.3917 -0.0323812 0.31456 24.2188)
(96.5547 0.326651 66.495 -0.113328 0.223683 19.0677)
(150.483 0.433356 78.9847 -0.310734 0.363974 23.7279)
(154.423 0.51065 80.8319 -0.0219675 0.297052 24.9038)
(92.0218 0.31659 65.1609 -0.0996546 0.212141 19.7762)
(143.677 0.422214 77.3316 -0.28266 0.345081 24.2904)
(147.448 0.494855 79.1857 -0.0124537 0.280072 25.476)
(87.6248 0.306982 63.7734 -0.0869827 0.200844 20.3851)
(137.071 0.411426 75.6067 -0.256511 0.326818 24.7458)
(140.679 0.479578 77.4633 -0.00379473 0.263603 25.9399)
(83.3621 0.297773 62.3397 -0.0752645 0.189774 20.8984)
(130.662 0.400941 73.8195 -0.23219 0.309164 25.0987)
(134.113 0.464769 75.6747 0.00405356 0.247637 26.2999)
(79.2319 0.288918 60.8663 -0.0644526 0.178925 21.32)
(124.447 0.390719 71.9789 -0.209606 0.292102 25.3538)
(127.747 0.450385 73.8289 0.0111341 0.232171 26.5606)
(75.2323 0.280378 59.3593 -0.0545004 0.168299 21.6541)
(118.423 0.380725 70.093 -0.18867 0.275621 25.5158)
(121.577 0.436394 71.9346 0.0174883 0.217205 26.7267)
(71.3613 0.272121 57.8246 -0.045363 0.157901 21.9047)
(112.587 0.370935 68.1697 -0.169295 0.25971 25.5895)
(115.602 0.422767 69.9999 0.0231561 0.202741 26.8031)
(67.6167 0.264121 56.2675 -0.0369977 0.147738 22.0759)
(106.935 0.361328 66.2162 -0.1514 0.24436 25.5798)
(109.816 0.409481 68.0321 0.0281758 0.188779 26.7945)
(63.9963 0.256356 54.693 -0.0293632 0.13782 22.1719)
(101.466 0.351888 64.2392 -0.134906 0.229561 25.4916)
(104.218 0.396517 66.0384 0.0325838 0.175321 26.7059)
(60.4978 0.248809 53.1057 -0.0224204 0.128152 22.1968)
(96.1742 0.342601 62.2451 -0.119737 0.215305 25.3297)
(98.8025 0.38386 64.0252 0.0364151 0.162366 26.542)
(57.1188 0.241465 51.5099 -0.016132 0.118745 22.1546)
(91.0574 0.333456 60.2398 -0.105821 0.201583 25.0988)
(93.5672 0.371496 61.9986 0.039704 0.149914 26.3076)
(53.8571 0.234312 49.9097 -0.0104622 0.109603 22.0494)
(86.112 0.324445 58.2286 -0.0930875 0.188385 24.8037)
(88.508 0.359414 59.9643 0.0424832 0.137961 26.0075)
(50.7103 0.227339 48.3087 -0.00537679 0.100734 21.8852)
(81.3345 0.315561 56.2165 -0.0814701 0.175703 24.4491)
(83.6215 0.347602 57.9274 0.0447842 0.126505 25.6464)
(47.676 0.220536 46.7103 -0.000842802 0.0921415 21.6659)
(76.7218 0.306796 54.2083 -0.0709036 0.163526 24.0395)
(78.9041 0.336052 55.8929 0.0466373 0.115542 25.2289)
(44.752 0.213897 45.1177 0.00317154 0.0838307 21.3952)
(72.2703 0.298146 52.2083 -0.0613256 0.151844 23.5794)
(74.3524 0.324755 53.8651 0.0480721 0.105067 24.7594)
(41.9359 0.207411 43.5337 0.00669709 0.0758042 21.077)
(67.977 0.289606 50.2204 -0.0526763 0.140646 23.073)
(69.9629 0.313704 51.8482 0.0491165 0.0950714 24.2423)
(39.2255 0.201073 41.9609 0.00976353 0.0680639 20.7147)
(63.8385 0.281171 48.2482 -0.0448979 0.12992 22.5246)
(65.7321 0.30289 49.8459 0.0497978 0.085549 23.6818)
(36.6187 0.194876 40.4017 0.0123996 0.0606109 20.312)
(59.8519 0.272839 46.2952 -0.037935 0.119656 21.9383)
(61.657 0.292309 47.8619 0.0501424 0.0764909 23.0821)
(34.1133 0.188814 38.8585 0.014633 0.053445 19.8723)
(56.0141 0.264604 44.3645 -0.0317347 0.10984 21.3179)
(57.7342 0.281952 45.8991 0.0501756 0.0678873 22.4472)
(31.7072 0.18288 37.333 0.0164904 0.0465651 19.3988)
(52.3222 0.256466 42.4587 -0.0262458 0.10046 20.6672)
(53.9607 0.271816 43.9606 0.0499215 0.0597278 21.7809)
(29.3985 0.17707 35.8273 0.0179975 0.0399693 18.8947)
(48.7733 0.248421 40.5805 -0.0214192 0.0915031 19.99)
(50.3335 0.261893 42.049 0.0494038 0.0520011 21.0868)
(27.1851 0.171377 34.3428 0.0191795 0.0336547 18.363)
(45.3648 0.240466 38.7323 -0.0172078 0.0829563 19.2896)
(46.8496 0.252179 40.1667 0.048645 0.0446949 20.3685)
(25.0654 0.165798 32.8812 0.0200603 0.0276176 17.8067)
(42.0941 0.2326 36.9161 -0.0135668 0.074806 18.5693)
(43.5064 0.242668 38.316 0.0476667 0.0377967 19.6294)
(23.0374 0.160327 31.4437 0.0206631 0.0218537 17.2286)
(38.9586 0.224821 35.1339 -0.0104531 0.0670384 17.8324)
(40.3012 0.233357 36.4988 0.0464894 0.0312931 18.8727)
(21.0995 0.15496 30.0315 0.0210102 0.0163579 16.6313)
(35.9559 0.217127 33.3874 -0.00782607 0.0596398 17.0819)
(37.2314 0.224241 34.717 0.0451332 0.0251701 18.1014)
(19.25 0.149693 28.6456 0.0211226 0.0111244 16.0174)
(33.0839 0.209517 31.6781 -0.00564672 0.0525959 16.3206)
(34.2946 0.215315 32.9721 0.043618 0.0194133 17.3185)
(17.4875 0.144523 27.2871 0.0210206 0.00614657 15.3894)
(30.3402 0.201989 30.0076 -0.00387747 0.0458924 15.5511)
(31.4885 0.206576 31.2655 0.0419616 0.0140081 16.5268)
(15.8104 0.139445 25.9567 0.0207239 0.00141757 14.7494)
(27.723 0.194542 28.3769 -0.00248245 0.0395151 14.7761)
(28.8109 0.198019 29.5987 0.0401811 0.00893907 15.7288)
(14.2173 0.134456 24.6552 0.0202515 -0.00306997 14.0998)
(25.2302 0.187175 26.7872 -0.00142769 0.0334496 13.998)
(26.2597 0.18964 27.9726 0.0382933 0.00419091 14.927)
(12.707 0.129552 23.3833 0.0196215 -0.0073239 13.4425)
(22.86 0.179886 25.2395 -0.000681034 0.0276814 13.219)
(23.833 0.181436 26.3884 0.0363141 -0.000252072 14.1237)
(11.2781 0.124731 22.1413 0.0188509 -0.0113525 12.7795)
(20.6107 0.172675 23.7346 -0.000212016 0.0221962 12.4412)
(21.5289 0.173404 24.8469 0.0342587 -0.00440574 13.3211)
(9.92957 0.11999 20.9299 0.0179561 -0.0151644 12.1127)
(18.4807 0.16554 22.2732 8.25618e-06 0.0169795 11.6667)
(19.3457 0.165538 23.3489 0.0321412 -0.00828611 12.5212)
(8.66026 0.115326 19.7494 0.0169526 -0.0187685 11.4437)
(16.4684 0.15848 20.8561 7.10189e-06 0.0120169 10.8972)
(17.2818 0.157836 21.8949 0.0299751 -0.0119093 11.7259)
(7.46915 0.110736 18.6001 0.0158551 -0.0221741 10.7742)
(14.5725 0.151494 19.4836 -0.000189822 0.00729418 10.1344)
(15.3355 0.150294 20.4857 0.0277731 -0.0152915 10.9369)
(6.35529 0.106218 17.4824 0.0146775 -0.0253908 10.1057)
(12.7916 0.144581 18.1564 -0.000558622 0.00279696 9.37991)
(13.5055 0.142907 19.1217 0.0255475 -0.0184489 10.156)
(5.31778 0.101768 16.3962 0.0134326 -0.0284282 9.43949)
(11.1245 0.137738 16.8746 -0.00107716 -0.00148885 8.63523)
(11.7905 0.135673 17.8031 0.0233095 -0.0213975 9.38443)
(4.35579 0.097385 15.342 0.0121326 -0.031296 8.77697)
(9.57007 0.130962 15.6387 -0.00172525 -0.00557736 7.90165)
(10.1893 0.128584 16.5305 0.0210689 -0.0241534 8.62374)
(3.46855 0.0930645 14.3197 0.0107886 -0.034004 8.11932)
(8.12724 0.124246 14.4489 -0.00248547 -0.00948269 7.18039)
(8.70058 0.121636 15.3039 0.0188349 -0.026733 7.87514)
(2.65537 0.088802 13.3293 0.0094106 -0.0365619 7.46764)
(6.79504 0.117581 13.3052 -0.00334211 -0.0132191 6.47257)
(7.32342 0.114819 14.1236 0.0166162 -0.0291527 7.1398)
(1.91556 0.0845908 12.3711 0.00800646 -0.0389796 6.82295)
(5.57255 0.110949 12.2079 -0.00428285 -0.0168005 5.7792)
(6.0568 0.108119 12.9896 0.0144208 -0.0314286 6.41875)
(1.24852 0.08042 11.4448 0.00658356 -0.041266 6.18618)
(4.45892 0.104325 11.157 -0.00530085 -0.0202409 5.10117)
(4.89979 0.101516 11.9021 0.0122517 -0.0335775 5.71293)
(0.653684 0.0762735 10.5505 0.00514612 -0.0434288 5.5582)
(3.45335 0.0976651 10.1524 -0.00639374 -0.0235536 4.43933)
(3.85151 0.0949805 10.8611 0.0101116 -0.0356162 5.0232)
(0.130491 0.0721259 9.68817 0.00369592 -0.0454737 4.93979)
(2.55503 0.090903 9.1941 -0.00756694 -0.0267521 3.79441)
(2.91111 0.0884637 9.86638 0.00800392 -0.0375609 4.35033)
(-0.321598 0.0679381 8.85765 0.00223044 -0.0474032 4.33168)
(1.76315 0.0839395 8.28199 -0.00883583 -0.0298466 3.16711)
(2.0777 0.0818925 8.91796 0.00592071 -0.0394275 3.69501)
(-0.703148 0.0636509 8.05886 0.000740366 -0.0492129 3.73456)
(1.07679 0.0766347 7.41584 -0.0102224 -0.0328448 2.55808)
(1.35028 0.0751585 8.01559 0.00385292 -0.0412303 3.05791)
(-1.0148 0.0591799 7.29165 -0.000789208 -0.0508896 3.14912)
(0.494854 0.0688026 6.59529 -0.0117505 -0.0357529 1.96793)
(0.727672 0.0681094 7.15896 0.0017951 -0.0429813 2.43968)
(-1.25734 0.0544099 6.55587 -0.002377 -0.0524106 2.57604)
(0.0159159 0.0602285 5.8198 -0.0134287 -0.0385743 1.39733)
(0.208311 0.0605467 6.34753 -0.000263943 -0.0446885 1.84098)
(-1.43182 0.0492005 5.85128 -0.00404052 -0.0537412 2.01612)
(-0.362037 0.0507334 5.08853 -0.0152054 -0.0413073 0.846919)
(-0.210024 0.0522475 5.58053 -0.00232569 -0.046351 1.26253)
(-1.53978 0.0434185 5.17762 -0.00577464 -0.0548377 1.47025)
(-0.641944 0.0403346 4.40025 -0.0169336 -0.0439444 0.317327)
(-0.530538 0.0430554 4.85674 -0.00435491 -0.0479462 0.705145)
(-1.5834 0.0370269 4.53451 -0.00751209 -0.0556632 0.939586)
(-0.828184 0.0295658 3.75334 -0.0184124 -0.046493 -0.191336)
(-0.757862 0.0331048 4.17448 -0.00630147 -0.0494057 0.169601)
(-1.56593 0.0302676 3.92146 -0.00914933 -0.0562476 0.425308)
(-0.926892 0.0201114 3.14561 -0.0181928 -0.0490156 -0.679677)
(-0.898643 0.0233683 3.53153 -0.00804702 -0.0505708 -0.343954)
(-1.49223 0.0240189 3.33776 -0.0104304 -0.0568478 -0.0718393)
(-0.946084 0.0159826 2.57397 -0.0104807 -0.0517395 -1.1497)
(-0.96082 0.0171811 2.92516 -0.00747919 -0.0509473 -0.83653)
(-1.36804 0.0205752 2.78179 -0.00861323 -0.0582384 -0.551346)
(-0.899206 0.0220542 2.04495 -0.00642795 -0.0573343 -1.62766)
(-0.94579 0.0209652 2.35672 0.000527386 -0.0503535 -1.31424)
(-1.19347 0.0234973 2.25459 0.000393324 -0.0629815 -1.01682)
(-0.793444 0.0344439 1.59609 -0.0733997 -0.077951 -2.19814)
(-0.851689 0.0324156 1.84546 -0.00811395 -0.0575621 -1.8253)
(-0.974258 0.0325009 1.76937 -0.0178152 -0.0801219 -1.51896)
(-0.736201 0.0349051 1.3666 -0.0803467 -0.100002 -2.48334)
(-0.757188 0.0510884 1.28083 -0.0909818 -0.1235 -2.15405)
(359.021 4.83364 26.7257 24.4236 5.45537 27.2566)
(229.409 -16.8254 -10.4307 25.4898 8.44888 33.4619)
(360.323 8.05586 42.326 -0.489412 4.75592 -15.0521)
(219.045 0.688307 30.2626 3.96953 7.69775 -8.16339)
(358.081 3.52983 51.0291 -0.425992 3.44254 -19.341)
(227.24 3.29848 43.9524 0.903171 5.17157 -18.0614)
(351.206 2.28088 59.1794 0.360871 2.57913 -17.5212)
(226.668 2.4837 52.0758 1.38031 3.45625 -18.1198)
(342.297 1.84796 66.423 0.267009 1.93966 -14.8436)
(221.765 1.80939 58.6248 1.29544 2.36523 -16.3816)
(332.588 1.52942 72.5922 0.156503 1.44265 -11.583)
(215.438 1.39959 63.9009 1.10457 1.63386 -13.7317)
(322.509 1.29961 77.7104 0.0981227 1.06877 -8.17013)
(208.455 1.14329 68.1362 0.975787 1.1307 -10.6712)
(312.25 1.12877 81.8474 0.0615817 0.794346 -4.82797)
(201.203 0.980028 71.4676 0.880035 0.77921 -7.53299)
(301.924 0.996986 85.1102 0.0412795 0.597655 -1.63595)
(193.904 0.869397 74.0012 0.804822 0.534138 -4.47201)
(291.614 0.894367 87.6215 0.0317044 0.460222 1.37262)
(186.674 0.788798 75.8528 0.744598 0.366174 -1.5618)
(281.386 0.813064 89.4993 0.0279426 0.366354 4.18597)
(179.575 0.725989 77.1385 0.694482 0.253867 1.16458)
(271.289 0.746754 90.8465 0.0272355 0.303384 6.8047)
(172.637 0.673781 77.9624 0.651281 0.180887 3.69771)
(261.355 0.690849 91.7487 0.0281327 0.261616 9.23542)
(165.872 0.627924 78.4117 0.613056 0.134943 6.04096)
(251.607 0.642212 92.2741 0.029853 0.233932 11.487)
(159.283 0.586031 78.5552 0.578556 0.107023 8.20362)
(242.057 0.598796 92.4767 0.0319771 0.2153 13.5686)
(152.867 0.546858 78.4462 0.546945 0.0907144 10.1969)
(232.715 0.559323 92.399 0.0342717 0.20228 15.4885)
(146.619 0.509833 78.1251 0.517651 0.0815934 12.0319)
(223.587 0.52302 92.0748 0.0365958 0.192596 17.254)
(140.535 0.474741 77.6227 0.490271 0.0767032 13.7184)
(214.674 0.489418 91.5316 0.0388584 0.184791 18.8712)
(134.612 0.441535 76.9631 0.464514 0.0741286 15.2647)
(205.98 0.458224 90.7927 0.0409977 0.177963 20.3453)
(128.847 0.410225 76.1653 0.440169 0.0726703 16.6778)
(197.505 0.429236 89.8776 0.0429724 0.171577 21.6807)
(123.238 0.380823 75.2452 0.417081 0.0716067 17.9634)
(189.25 0.402299 88.8039 0.0447565 0.165332 22.8816)
(117.784 0.353321 74.216 0.395134 0.0705256 19.1266)
(181.216 0.377277 87.5874 0.046336 0.159071 23.9518)
(112.484 0.327681 73.0896 0.37424 0.0692095 20.1718)
(173.401 0.354045 86.2423 0.0477054 0.152726 24.895)
(107.336 0.303843 71.8766 0.354332 0.0675596 21.103)
(165.805 0.332483 84.782 0.0488662 0.146279 25.7152)
(102.341 0.28173 70.5866 0.335357 0.0655473 21.9243)
(158.426 0.312478 83.219 0.0498244 0.139741 26.4164)
(97.4958 0.261254 69.2286 0.317271 0.063184 22.6393)
(151.263 0.293922 81.5647 0.0505889 0.133136 27.0027)
(92.7998 0.242323 67.8108 0.300036 0.060502 23.2521)
(144.312 0.276712 79.83 0.0511698 0.126495 27.4785)
(88.2511 0.224843 66.341 0.283619 0.0575438 23.7665)
(137.572 0.260754 78.0252 0.0515785 0.119853 27.8481)
(83.8477 0.208723 64.8264 0.267987 0.0543555 24.1865)
(131.039 0.245958 76.1597 0.051826 0.11324 28.1162)
(79.5874 0.193876 63.2736 0.253112 0.0509834 24.5161)
(124.709 0.232243 74.2425 0.0519236 0.10669 28.2876)
(75.4679 0.180219 61.689 0.238963 0.047472 24.7595)
(118.581 0.219533 72.282 0.0518817 0.100229 28.3669)
(71.4866 0.167674 60.0784 0.225514 0.0438628 24.9207)
(112.649 0.207755 70.2859 0.0517103 0.0938828 28.3592)
(67.641 0.156165 58.4472 0.212735 0.040194 25.0039)
(106.911 0.196845 68.2615 0.0514179 0.0876746 28.2691)
(63.9284 0.145624 56.8005 0.2006 0.0365003 25.0132)
(101.362 0.18674 66.2156 0.0510125 0.0816239 28.1017)
(60.346 0.135983 55.1429 0.189082 0.0328128 24.9527)
(95.999 0.177382 64.1545 0.0505023 0.0757472 27.8617)
(56.8912 0.127181 53.4787 0.178153 0.0291591 24.8266)
(90.8182 0.168716 62.084 0.049897 0.0700588 27.554)
(53.5611 0.119158 51.8119 0.167789 0.0255635 24.6389)
(85.8156 0.160691 60.0095 0.0492045 0.0645703 27.1833)
(50.353 0.111858 50.1462 0.157965 0.0220473 24.3935)
(80.9874 0.153259 57.9361 0.0484321 0.0592909 26.7543)
(47.2643 0.105226 48.4849 0.148657 0.0186286 24.0944)
(76.33 0.146373 55.8684 0.0475869 0.0542277 26.2715)
(44.2921 0.0992128 46.8311 0.139842 0.015323 23.7454)
(71.8397 0.139991 53.8106 0.0466746 0.0493857 25.7393)
(41.4339 0.0937694 45.1878 0.131497 0.0121432 23.3501)
(67.5129 0.134072 51.7666 0.0457005 0.0447681 25.162)
(38.687 0.0888502 43.5574 0.123599 0.00909941 22.9122)
(63.3461 0.128578 49.7401 0.0446708 0.0403761 24.544)
(36.0491 0.0844118 41.9423 0.116126 0.00619985 22.4353)
(59.3359 0.123472 47.7343 0.0435914 0.0362096 23.8891)
(33.5175 0.0804133 40.3446 0.109058 0.00345058 21.9225)
(55.4789 0.118722 45.7522 0.0424672 0.032267 23.2014)
(31.0901 0.0768159 38.7664 0.102376 0.000855701 21.3774)
(51.7721 0.114295 43.7967 0.0413028 0.0285456 22.4846)
(28.7644 0.0735832 37.2093 0.0960602 -0.00158232 20.8029)
(48.2122 0.110162 41.8702 0.0401032 0.0250413 21.7422)
(26.5382 0.0706808 35.675 0.0900905 -0.00386249 20.2022)
(44.7964 0.106296 39.975 0.0388731 0.0217491 20.9778)
(24.4095 0.0680764 34.1648 0.0844494 -0.00598519 19.578)
(41.5217 0.10267 38.1131 0.037616 0.0186633 20.1947)
(22.3763 0.0657398 32.6801 0.0791197 -0.00795217 18.9333)
(38.3854 0.0992596 36.2864 0.0363364 0.0157773 19.396)
(20.4365 0.0636427 31.2218 0.0740853 -0.00976622 18.2706)
(35.385 0.0960433 34.4966 0.0350417 0.0130835 18.5846)
(18.5883 0.0617586 29.7911 0.0693308 -0.0114309 17.5925)
(32.518 0.0930001 32.7451 0.0337375 0.0105744 17.7635)
(16.83 0.0600629 28.3888 0.0648422 -0.0129508 16.9013)
(29.782 0.0901109 31.0332 0.0324256 0.00824143 16.9353)
(15.1599 0.0585326 27.0157 0.0606063 -0.0143313 16.1993)
(27.1747 0.0873574 29.3622 0.0311086 0.00607594 16.1025)
(13.5764 0.0571464 25.6724 0.0566069 -0.0155785 15.4888)
(24.694 0.0847232 27.7331 0.0297907 0.00406883 15.2675)
(12.0779 0.0558846 24.3596 0.0528313 -0.0166988 14.7716)
(22.338 0.0821929 26.1468 0.0284755 0.0022108 14.4326)
(10.6632 0.0547287 23.0776 0.049267 -0.0176993 14.0498)
(20.1048 0.0797524 24.604 0.0271664 0.000492348 13.5997)
(9.33072 0.053662 21.8268 0.0459024 -0.0185872 13.3251)
(17.9925 0.0773888 23.1054 0.0258663 -0.00109621 12.771)
(8.07936 0.0526687 20.6077 0.0427259 -0.0193704 12.5992)
(15.9996 0.0750899 21.6517 0.0245778 -0.00256459 11.9481)
(6.90792 0.0517345 19.4205 0.039727 -0.0200567 11.8738)
(14.1244 0.0728446 20.2433 0.0233046 -0.00392262 11.1328)
(5.81527 0.0508462 18.2653 0.0368952 -0.0206544 11.1502)
(12.3656 0.0706428 18.8805 0.0220504 -0.00518004 10.3267)
(4.80041 0.0499915 17.1423 0.0342197 -0.0211714 10.4299)
(10.7218 0.0684748 17.5637 0.0208164 -0.00634652 9.53104)
(3.86237 0.0491594 16.0517 0.0316931 -0.021616 9.71402)
(9.19175 0.066331 16.2932 0.0196032 -0.00743192 8.74728)
(3.00027 0.048339 14.9934 0.029306 -0.0219967 9.00388)
(7.77426 0.0642014 15.0691 0.0184141 -0.00844615 7.97658)
(2.21329 0.04752 13.9675 0.0270494 -0.0223217 8.3005)
(6.46828 0.0620755 13.8915 0.0172524 -0.00939898 7.22001)
(1.50065 0.0466918 12.974 0.0249173 -0.022599 7.60489)
(5.2728 0.0599413 12.7605 0.0161145 -0.0103 6.47858)
(0.861658 0.0458433 12.0127 0.0229028 -0.0228367 6.91794)
(4.18687 0.0577818 11.6761 0.0149936 -0.0111595 5.75314)
(0.295632 0.0449615 11.0837 0.0209947 -0.0230424 6.24048)
(3.20957 0.0555732 10.6383 0.0138902 -0.0119878 5.04452)
(-0.198074 0.0440299 10.1868 0.0191811 -0.0232222 5.57329)
(2.33996 0.0532832 9.64685 0.0127934 -0.0127947 4.35344)
(-0.620117 0.0430255 9.32188 0.017449 -0.0233798 4.91706)
(1.57701 0.0508594 8.70167 0.0116788 -0.0135916 3.68056)
(-0.971215 0.0419164 8.4888 0.0157749 -0.0235179 4.27247)
(0.919499 0.0482251 7.80242 0.0105353 -0.0143917 3.02652)
(-1.25221 0.040658 7.68737 0.0141505 -0.0236367 3.64021)
(0.36582 0.0452765 6.94865 0.00934169 -0.0152089 2.39198)
(-1.46423 0.0391889 6.9174 0.0125726 -0.0237315 3.02102)
(-0.086292 0.0418738 6.13964 0.00804908 -0.0160621 1.77764)
(-1.60886 0.037431 6.17863 0.0110093 -0.023793 2.41577)
(-0.440163 0.0378506 5.37431 0.00661113 -0.0169778 1.18431)
(-1.68848 0.0353005 5.47076 0.00941475 -0.0238087 1.82559)
(-0.70068 0.0330674 4.65103 0.00501701 -0.0179893 0.612904)
(-1.70664 0.0327508 4.79339 0.00775242 -0.023769 1.25198)
(-0.874782 0.0275065 3.96767 0.00331217 -0.019156 0.0641958)
(-1.66842 0.0298737 4.14607 0.00598699 -0.0236913 0.696791)
(-0.971185 0.0215826 3.32179 0.00220158 -0.0205657 -0.461729)
(-1.58067 0.027155 3.52827 0.00412157 -0.0236815 0.161783)
(-0.997068 0.018676 2.7115 0.00542327 -0.0215925 -0.966419)
(-1.45021 0.0262133 2.93921 0.00321379 -0.0240166 -0.352321)
(-0.951929 0.0295778 2.14377 0.0121699 -0.019835 -1.47156)
(-1.27304 0.0300696 2.37996 0.00587237 -0.0259764 -0.849511)
(-0.824443 0.0485142 1.64991 -0.0257939 -0.02548 -2.06977)
(-1.03099 0.0378367 1.85845 0.000601048 -0.035475 -1.37563)
(-0.804138 0.0463728 1.29088 -0.0246616 -0.0675894 -2.0528)
(88.8342 -5.04374 10.0855 6.10445 -8.21204 -2.42831)
(90.9224 7.47045 -7.08254 19.4928 -16.8688 16.9087)
(-47.9208 -6.52993 -25.4151 -1.8509 -9.24979 -15.7034)
(97.2218 -4.8646 33.6203 -0.294894 -6.7469 -16.7764)
(93.294 -5.12856 38.9025 1.50678 -16.2929 -9.37451)
(-29.2436 -3.40418 19.4862 1.39365 -9.19422 -15.0724)
(101.194 -2.55913 43.3969 -0.374109 -4.48476 -19.1245)
(97.9811 -5.57356 48.3506 -1.24655 -11.2541 -17.917)
(-22.9352 -1.98726 33.6434 1.26125 -5.97793 -16.4618)
(100.846 -1.57939 49.9308 -0.0224808 -2.9634 -18.2617)
(98.0316 -3.59426 52.1229 -0.535779 -7.69757 -19.1348)
(-19.5624 -1.26392 40.4955 0.9794 -3.73164 -17.1003)
(98.0881 -1.12452 54.5666 0.0235851 -1.94436 -16.3423)
(95.4855 -2.21079 55.0895 -0.403135 -5.29089 -18.416)
(-18.7335 -0.861076 44.9415 0.901785 -2.3002 -16.2341)
(94.1927 -0.867749 57.9407 0.0152441 -1.24408 -13.7981)
(91.9926 -1.40071 57.3177 -0.440563 -3.60647 -16.6549)
(-19.4867 -0.653854 47.73 0.837272 -1.36522 -14.4866)
(89.8515 -0.729634 60.3952 0.000864425 -0.764737 -10.9791)
(88.0658 -0.946156 59.0301 -0.456968 -2.4263 -14.2947)
(-20.936 -0.565102 49.4182 0.764231 -0.750074 -12.2433)
(85.4382 -0.655846 62.0993 -0.0169646 -0.439665 -8.11782)
(84.0022 -0.705881 60.3179 -0.463724 -1.60009 -11.6802)
(-22.5516 -0.539227 50.312 0.691539 -0.344284 -9.7817)
(81.1401 -0.612845 63.187 -0.0331061 -0.223776 -5.34228)
(79.9894 -0.585015 61.2058 -0.463613 -1.02803 -9.01266)
(-24.0459 -0.539794 50.603 0.624258 -0.0806736 -7.29865)
(77.0369 -0.582947 63.7827 -0.0455559 -0.0850189 -2.71896)
(76.1184 -0.526845 61.7334 -0.456378 -0.639994 -6.40587)
(-25.2935 -0.545763 50.4479 0.564679 0.084658 -4.91069)
(73.1497 -0.55697 63.9954 -0.0543017 0.000353406 -0.276272)
(72.4232 -0.499433 61.9543 -0.443843 -0.383246 -3.92207)
(-26.2671 -0.547013 49.9758 0.513029 0.182755 -2.67584)
(69.4704 -0.530652 63.9144 -0.0597788 0.0497806 1.98026)
(68.9072 -0.485155 61.923 -0.427704 -0.218032 -1.59013)
(-26.9885 -0.540005 49.2874 0.468496 0.235885 -0.614942)
(65.9782 -0.502555 63.6087 -0.0625553 0.075739 4.05711)
(65.5588 -0.474847 61.6882 -0.409185 -0.115057 0.581191)
(-27.4988 -0.524671 48.4568 0.429954 0.259798 1.27223)
(62.6501 -0.472689 63.1296 -0.0632283 0.0869064 5.96587)
(62.3608 -0.464282 61.2896 -0.389222 -0.0533175 2.59399)
(-27.8415 -0.502497 47.5358 0.396269 0.265396 2.99603)
(59.4648 -0.441676 62.5145 -0.0623475 0.0891464 7.71931)
(59.296 -0.451948 60.7585 -0.368526 -0.0181715 4.45543)
(-28.0556 -0.475444 46.5596 0.366439 0.260037 4.57035)
(56.4055 -0.410298 61.7901 -0.060379 0.0863067 9.32942)
(56.3493 -0.437694 60.1182 -0.347626 0.000317205 6.17433)
(-28.1719 -0.445387 45.5512 0.339646 0.24855 6.00923)
(53.4594 -0.379272 60.9758 -0.0576986 0.0808369 10.8066)
(53.509 -0.421948 59.3868 -0.326905 0.00871837 7.75948)
(-28.2135 -0.413886 44.5253 0.315253 0.234014 7.32522)
(50.6173 -0.349163 60.0861 -0.0545951 0.0742463 12.1596)
(50.7664 -0.405294 58.5778 -0.306639 0.0112693 9.21881)
(-28.1969 -0.382122 43.4916 0.292782 0.218331 8.52895)
(47.8732 -0.320368 59.1321 -0.0512807 0.06743 13.3956)
(48.1153 -0.388276 57.702 -0.287013 0.0106364 10.5592)
(-28.1335 -0.35093 42.4562 0.271887 0.202631 9.62918)
(45.2229 -0.293131 58.1229 -0.047905 0.060892 14.5206)
(45.5515 -0.371316 56.7683 -0.268148 0.00845536 11.7867)
(-28.0311 -0.32086 41.4234 0.252323 0.187549 10.6331)
(42.6635 -0.267581 57.0658 -0.0445687 0.0548948 15.5398)
(43.0721 -0.354705 55.784 -0.250115 0.00570145 12.9062)
(-27.8947 -0.292247 40.3961 0.233918 0.173419 11.5467)
(40.193 -0.243761 55.9675 -0.0413359 0.0495552 16.4578)
(40.6752 -0.338621 54.7556 -0.232949 0.00293608 13.9225)
(-27.7278 -0.26527 39.3768 0.216551 0.160388 12.375)
(37.8098 -0.221656 54.8339 -0.0382447 0.0449056 17.2786)
(38.3591 -0.323158 53.6891 -0.216661 0.000466892 14.8397)
(-27.533 -0.240006 38.3672 0.200139 0.148495 13.1224)
(35.5126 -0.201215 53.6701 -0.0353146 0.0409308 18.0062)
(36.1228 -0.308351 52.5897 -0.201241 -0.0015509 15.6616)
(-27.3121 -0.216462 37.3688 0.184623 0.137717 13.7929)
(33.3 -0.182366 52.4812 -0.0325532 0.0375905 18.6443)
(33.9649 -0.294199 51.4622 -0.186673 -0.00305175 16.392)
(-27.0667 -0.194605 36.383 0.169957 0.128002 14.39)
(31.1706 -0.165028 51.2714 -0.0299602 0.0348322 19.1964)
(31.8844 -0.280679 50.3113 -0.172929 -0.00402169 17.0344)
(-26.7982 -0.174378 35.4107 0.156106 0.119278 14.9172)
(29.1228 -0.149117 50.0451 -0.0275311 0.0325991 19.6664)
(29.8799 -0.267763 49.141 -0.159979 -0.00447571 17.5925)
(-26.508 -0.155712 34.453 0.143042 0.111469 15.3777)
(27.1552 -0.134548 48.8059 -0.025259 0.0308336 20.0576)
(27.9502 -0.255416 47.9553 -0.147794 -0.0044444 18.0698)
(-26.1972 -0.138532 33.5106 0.130738 0.104498 15.7745)
(25.266 -0.121239 47.5573 -0.0231358 0.02948 20.3736)
(26.0938 -0.243609 46.7576 -0.13634 -0.00396634 18.4698)
(-25.8671 -0.122762 32.584 0.119168 0.0982876 16.1106)
(23.4535 -0.109114 46.3026 -0.0211531 0.0284856 20.6181)
(24.3094 -0.232311 45.5513 -0.125586 -0.00308366 18.7961)
(-25.5189 -0.108327 31.6737 0.108308 0.0927661 16.389)
(21.7159 -0.0980973 45.0447 -0.0193027 0.0278011 20.7944)
(22.5954 -0.2215 44.3394 -0.115501 -0.00183956 19.0521)
(-25.1539 -0.0951553 30.78 0.0981328 0.0878648 16.6125)
(20.0514 -0.0881188 43.7863 -0.0175768 0.0273808 20.9061)
(20.9502 -0.211153 43.1246 -0.106055 -0.000276829 19.2413)
(-24.7732 -0.0831748 29.9032 0.0886187 0.0835193 16.7837)
(18.4582 -0.0791116 42.5298 -0.015968 0.027183 20.9566)
(19.3723 -0.201251 41.9095 -0.0972199 0.00156298 19.367)
(-24.3778 -0.0723177 29.0434 0.079741 0.0796702 16.9053)
(16.9345 -0.0710118 41.2774 -0.0144699 0.0271696 20.9491)
(17.8601 -0.191779 40.6965 -0.0889668 0.00364012 19.4327)
(-23.969 -0.0625182 28.2005 0.0714747 0.0762622 16.98)
(15.4784 -0.0637583 40.0311 -0.0130766 0.0273061 20.8872)
(16.4119 -0.18272 39.4875 -0.0812691 0.00591694 19.4417)
(-23.5477 -0.0537126 27.3745 0.0637943 0.0732446 17.0101)
(14.0882 -0.0572929 38.7929 -0.0117817 0.0275615 20.7738)
(15.0263 -0.174062 38.2846 -0.0741005 0.00835806 19.3972)
(-23.1149 -0.0458395 26.5653 0.0566747 0.0705707 16.998)
(12.762 -0.0515599 37.5642 -0.0105796 0.0279082 20.6123)
(13.7017 -0.16579 37.0894 -0.0674356 0.0109304 19.3025)
(-22.6716 -0.0388395 25.7727 0.0500916 0.068198 16.9462)
(11.4983 -0.046506 36.3466 -0.00946572 0.0283214 20.4057)
(12.4365 -0.157892 35.9036 -0.0612501 0.0136031 19.1605)
(-22.2186 -0.032655 24.9962 0.0440201 0.0660879 16.8567)
(10.2953 -0.0420799 35.1413 -0.00843444 0.0287796 20.1569)
(11.2293 -0.150355 34.7284 -0.0555202 0.0163478 18.9743)
(-21.7567 -0.0272306 24.2358 0.0384358 0.0642051 16.7319)
(9.15132 -0.0382329 33.9496 -0.0074807 0.0292637 19.8688)
(10.0786 -0.143167 33.5652 -0.0502226 0.0191384 18.7469)
(-21.2868 -0.0225128 23.4909 0.0333152 0.0625182 16.5737)
(8.06491 -0.0349185 32.7724 -0.00660046 0.0297575 19.5444)
(8.98298 -0.136315 32.415 -0.0453347 0.021951 18.481)
(-20.8095 -0.01845 22.7611 0.0286352 0.0609986 16.3841)
(7.03451 -0.0320922 31.6106 -0.00578971 0.0302468 19.1861)
(7.94117 -0.129788 31.2788 -0.0408351 0.0247641 18.1795)
(-20.3255 -0.0149929 22.0461 0.0243722 0.059621 16.1651)
(6.05867 -0.0297117 30.4651 -0.00504351 0.0307198 18.7967)
(6.9518 -0.123573 30.1576 -0.0367024 0.0275582 17.845)
(-19.8355 -0.0120938 21.3453 0.0205035 0.0583629 15.9185)
(5.136 -0.0277368 29.3364 -0.00435737 0.0311667 18.3787)
(6.01363 -0.117658 29.0521 -0.0329158 0.0303159 17.48)
(-19.3401 -0.00970735 20.6583 0.0170081 0.0572041 15.646)
(4.26514 -0.0261295 28.2252 -0.0037286 0.0315792 17.9345)
(5.12545 -0.112032 27.9628 -0.0294556 0.0330219 17.087)
(-18.8397 -0.0077901 19.9845 0.0138645 0.0561273 15.3494)
(3.44484 -0.0248538 27.1319 -0.00315448 0.0319511 17.4663)
(4.28611 -0.106682 26.8904 -0.0263028 0.0356624 16.6684)
(-18.335 -0.00630066 19.3235 0.0110505 0.055117 15.0303)
(2.67386 -0.0238755 26.0569 -0.00263159 0.0322774 16.9764)
(3.49449 -0.101598 25.8354 -0.0234387 0.0382258 16.2263)
(-17.8263 -0.00519963 18.6746 0.00854543 0.0541599 14.6903)
(1.95104 -0.0231626 25.0006 -0.00215594 0.0325545 16.467)
(2.74956 -0.0967684 24.7981 -0.0208453 0.0407019 15.7631)
(-17.3142 -0.00444964 18.0373 0.00632954 0.0532446 14.3307)
(1.27529 -0.0226849 23.9632 -0.00172365 0.0327801 15.94)
(2.05032 -0.0921818 23.779 -0.0185049 0.043082 15.2808)
(-16.7989 -0.0040153 17.4112 0.00438506 0.0523612 13.9531)
(0.64556 -0.0224144 22.945 -0.00133349 0.0329528 15.3973)
(1.39581 -0.087828 22.7781 -0.016401 0.0453591 14.7813)
(-16.281 -0.00386319 16.7955 0.0026937 0.0515015 13.5588)
(0.0608534 -0.0223241 21.946 -0.000982282 0.0330725 14.8408)
(0.785147 -0.0836965 21.7958 -0.0145183 0.0475276 14.2666)
(-15.7608 -0.00396178 16.1899 0.0012326 0.0506588 13.1491)
(-0.47976 -0.0223898 20.9663 -0.000666184 0.0331398 14.2723)
(0.217483 -0.0797774 20.8322 -0.0128402 0.0495833 13.7384)
(-15.2385 -0.00428138 15.5937 -1.36183e-05 0.0498273 12.7252)
(-0.977161 -0.0225881 20.006 -0.00038356 0.0331558 13.6934)
(-0.307978 -0.076061 19.8874 -0.0113523 0.0515229 13.1985)
(-14.7145 -0.00479414 15.0065 -0.00106193 0.0490027 12.2883)
(-1.43218 -0.0228975 19.065 -0.000131803 0.0331225 13.1056)
(-0.791987 -0.0725377 18.9614 -0.0100402 0.0533443 12.6484)
(-14.189 -0.00547393 14.4276 -0.001929 0.0481817 11.8396)
(-1.84559 -0.0232981 18.1434 9.12725e-05 0.0330425 12.5104)
(-1.23525 -0.0691984 18.0543 -0.00889041 0.0550465 12.0898)
(-13.6624 -0.00629627 13.8566 -0.00263096 0.0473616 11.3801)
(-2.21813 -0.0237713 17.2411 0.000287856 0.0329189 11.9092)
(-1.63841 -0.0660341 17.1661 -0.00788982 0.0566295 11.5239)
(-13.1347 -0.0072384 13.293 -0.00318303 0.046541 10.9108)
(-2.55048 -0.0243 16.358 0.000460379 0.0327551 11.3034)
(-2.00211 -0.0630362 16.2966 -0.00702604 0.0580942 10.9523)
(-12.6064 -0.00827907 12.7362 -0.00359948 0.045719 10.4327)
(-2.84327 -0.0248684 15.4939 0.000611175 0.0325551 10.6942)
(-2.3269 -0.0601963 15.4459 -0.00628708 0.0594424 10.3762)
(-12.0775 -0.00939861 12.1859 -0.00389465 0.0448954 9.94674)
(-3.0971 -0.0254622 14.6487 0.000740098 0.0323229 10.0826)
(-2.61333 -0.0575065 14.6139 -0.00566175 0.0606767 9.79677)
(-11.5482 -0.010579 11.6414 -0.0040812 0.0440708 9.45372)
(-3.31253 -0.026068 13.8223 0.000848228 0.0320628 9.46991)
(-2.86189 -0.0549592 13.8003 -0.0051406 0.0618001 9.21517)
(-11.0187 -0.0118039 11.1025 -0.00416833 0.0432468 8.95451)
(-3.49006 -0.0266736 13.0145 0.000939237 0.0317794 8.85699)
(-3.07304 -0.0525468 13.0052 -0.00471274 0.0628164 8.63246)
(-10.4892 -0.0130574 10.5686 -0.00417331 0.0424239 8.44987)
(-3.63016 -0.0272674 12.2251 0.00101486 0.0314772 8.24481)
(-3.2472 -0.0502616 12.2283 -0.00436831 0.0637297 8.04962)
(-9.9598 -0.0143251 10.0393 -0.00410588 0.0416033 7.94054)
(-3.73329 -0.0278383 11.4539 0.00107608 0.0311607 7.63425)
(-3.38477 -0.0480955 11.4695 -0.0040987 0.0645443 7.46756)
(-9.43063 -0.0155935 9.51432 -0.00397582 0.0407866 7.4272)
(-3.79984 -0.0283754 10.7007 0.00112475 0.0308344 7.02612)
(-3.48612 -0.0460393 10.7286 -0.003896 0.0652649 6.88714)
(-8.90183 -0.0168498 8.9932 -0.00379266 0.0399754 6.91049)
(-3.8302 -0.0288676 9.96539 0.00116286 0.0305021 6.42115)
(-3.55158 -0.0440821 10.0054 -0.00375267 0.0658954 6.30914)
(-8.37351 -0.0180824 8.47563 -0.00356495 0.0391706 6.39103)
(-3.82475 -0.0293026 9.24766 0.00118948 0.0301664 5.82005)
(-3.58148 -0.0422109 9.29984 -0.00366175 0.0664385 5.7343)
(-7.84577 -0.0192799 7.96127 -0.00330079 0.038372 5.8694)
(-3.78385 -0.0296663 8.54737 0.00119406 0.0298274 5.22346)
(-3.57613 -0.0404078 8.61165 -0.00361754 0.0668935 5.16329)
(-7.31874 -0.0204309 7.44985 -0.00301221 0.0375771 5.34613)
(-3.70794 -0.0299379 7.86435 0.00116277 0.0294821 4.63201)
(-3.53589 -0.038647 7.9407 -0.00361925 0.0672544 4.59677)
(-6.79255 -0.0215228 6.94114 -0.00271232 0.0367801 4.82177)
(-3.59751 -0.0300881 7.19846 0.00109568 0.0291233 4.04635)
(-3.46112 -0.0368903 7.28685 -0.00366579 0.0675066 4.03535)
(-6.26736 -0.0225413 6.43497 -0.00240443 0.0359686 4.29685)
(-3.45321 -0.0300777 6.54962 0.00100052 0.0287363 3.46716)
(-3.35231 -0.0350828 6.64999 -0.00375239 0.0676226 3.4797)
(-5.74341 -0.023468 5.93129 -0.0020923 0.0351203 3.77199)
(-3.27603 -0.0298539 5.91784 0.000871024 0.028297 2.8953)
(-3.21013 -0.0331486 6.03006 -0.00387584 0.0675567 2.93055)
(-5.22108 -0.0242806 5.43023 -0.00178128 0.0342017 3.24789)
(-3.06747 -0.0293472 5.30327 0.000685737 0.0277732 2.33183)
(-3.03558 -0.0309886 5.4271 -0.00403606 0.0672392 2.38876)
(-4.70097 -0.0249531 4.93216 -0.00147258 0.0331684 2.72548)
(-2.8298 -0.0284836 4.70625 0.000432257 0.0271306 1.77823)
(-2.83016 -0.0284962 4.84122 -0.004225 0.0665764 1.85543)
(-4.18404 -0.025463 4.43786 -0.00116565 0.03197 2.20606)
(-2.56639 -0.0272327 4.12738 0.00012405 0.0263549 1.23648)
(-2.59612 -0.0256149 4.27273 -0.00440755 0.0654666 1.33205)
(-3.67176 -0.025813 3.94868 -0.000851199 0.0305733 1.69146)
(-2.28184 -0.025677 3.56754 -0.000218275 0.0255409 0.708926)
(-2.33668 -0.0224765 3.72207 -0.00455698 0.0638752 0.820374)
(-3.16617 -0.0260798 3.46664 -0.000528766 0.0290407 1.18419)
(-1.98112 -0.0242771 3.02748 -9.66637e-05 0.025074 0.197841)
(-2.05608 -0.0197618 3.1896 -0.00458046 0.0620382 0.322042)
(-2.66983 -0.0265483 2.9942 -0.000192022 0.0277177 0.687179)
(-1.66571 -0.0260994 2.50606 0.00340123 0.0254252 -0.295628)
(-1.75819 -0.0198611 2.67452 -0.00250861 0.0608134 -0.161794)
(-2.1843 -0.0281956 2.53272 0.000924427 0.0275859 0.203469)
(-1.32781 -0.0395549 2.00115 0.00744379 0.027239 -0.791015)
(-1.43806 -0.0268632 2.1759 0.00552272 0.0636751 -0.634538)
(-1.70185 -0.0326611 2.08043 0.00422353 0.0315881 -0.266147)
(-0.942449 -0.0525892 1.50556 -0.0437311 0.0449814 -1.38143)
(-1.08359 -0.0358769 1.69328 -0.00618583 0.0853935 -1.14217)
(-1.20453 -0.038517 1.62486 -0.00150438 0.0474569 -0.756069)
(-0.759721 -0.0427362 1.11854 -0.0484012 0.150657 -1.7758)
(-0.791924 -0.0493033 1.0127 -0.0124051 0.0853567 -1.34571)
(97.7611 -2.51351 47.3771 14.7543 -13.3034 7.72445)
(96.9819 3.73248 12.4465 36.0813 -11.1065 30.0387)
(-36.8084 -12.4061 7.93281 -9.39132 -13.2035 -15.4349)
(98.617 -5.48287 59.2904 -0.615788 -12.6113 -13.908)
(95.7011 -3.5589 63.8037 7.19 -14.18 -4.87928)
(-35.5857 -7.49 51.2796 -1.98437 -15.1327 -13.1633)
(96.5858 -4.16239 58.5266 -1.96231 -9.54637 -19.1404)
(96.3133 -4.29807 66.4007 -0.905383 -11.515 -16.9574)
(-33.6241 -4.20096 52.9445 -1.13972 -11.5175 -16.2441)
(93.6647 -2.70034 58.5269 -1.51132 -6.92286 -19.6879)
(93.8954 -3.11796 63.4467 -1.35579 -8.56768 -19.3)
(-31.2206 -2.22516 51.3554 -1.06448 -8.1718 -18.3833)
(90.2153 -1.67749 58.8513 -1.48968 -4.91635 -18.9314)
(90.0496 -2.00503 61.6663 -1.44621 -6.21729 -19.4553)
(-29.9613 -1.08008 50.6088 -0.814673 -5.61865 -18.5843)
(86.5068 -1.03508 59.2933 -1.47187 -3.43057 -17.2336)
(86.204 -1.22631 60.6008 -1.49554 -4.43239 -18.4356)
(-29.6488 -0.453124 49.9506 -0.652703 -3.74918 -17.6547)
(82.7146 -0.667695 59.807 -1.42143 -2.35425 -14.994)
(82.4389 -0.738522 60.0573 -1.45603 -3.11108 -16.6401)
(-29.8367 -0.152966 49.36 -0.581389 -2.41727 -16.0247)
(78.9558 -0.472551 60.2618 -1.36902 -1.58624 -12.5189)
(78.7594 -0.459044 59.8385 -1.40157 -2.1503 -14.4422)
(-30.2388 -0.0458114 48.7946 -0.554547 -1.4824 -13.9914)
(75.302 -0.376035 60.5711 -1.31518 -1.04827 -9.98236)
(75.2046 -0.31058 59.7444 -1.34739 -1.46459 -12.0684)
(-30.6715 -0.0400174 48.18 -0.54655 -0.83848 -11.7847)
(71.7875 -0.332502 60.7035 -1.25917 -0.67974 -7.4873)
(71.7919 -0.238124 59.6513 -1.29178 -0.985508 -9.65483)
(-31.0338 -0.077873 47.4852 -0.543678 -0.406223 -9.55545)
(68.4222 -0.314952 60.6591 -1.20195 -0.433148 -5.09278)
(68.5225 -0.206779 59.4959 -1.23481 -0.658008 -7.28584)
(-31.2836 -0.126872 46.7109 -0.539584 -0.124855 -7.39198)
(65.2019 -0.308205 60.453 -1.14422 -0.272081 -2.82838)
(65.39 -0.195579 59.2505 -1.177 -0.438781 -5.01011)
(-31.4141 -0.171024 45.8707 -0.531973 0.0515923 -5.34051)
(62.1157 -0.304404 60.1051 -1.08648 -0.169474 -0.705663)
(62.3837 -0.192689 58.9074 -1.11872 -0.294909 -2.85264)
(-31.4354 -0.204127 44.9817 -0.520436 0.156947 -3.42043)
(59.1511 -0.299999 59.635 -1.02921 -0.10583 1.2739)
(59.4921 -0.192004 58.4682 -1.06041 -0.2022 -0.823987)
(-31.3649 -0.225241 44.0595 -0.505425 0.215399 -1.63579)
(56.296 -0.293797 59.0601 -0.972832 -0.0675089 3.11396)
(56.7041 -0.190794 57.9391 -1.00255 -0.143421 1.07355)
(-31.2204 -0.235874 43.1166 -0.487728 0.243764 0.0171904)
(53.5405 -0.285765 58.3946 -0.917725 -0.0452313 4.82027)
(54.0105 -0.188168 57.3276 -0.945591 -0.106641 2.84201)
(-31.0177 -0.238369 42.1619 -0.468186 0.253417 1.54565)
(50.8769 -0.276347 57.6506 -0.864201 -0.0328397 6.39917)
(51.4041 -0.184137 56.6414 -0.889963 -0.0838137 4.4854)
(-30.7696 -0.23507 41.2022 -0.447555 0.25186 2.9576)
(48.2995 -0.266096 56.8378 -0.812505 -0.0263458 7.85672)
(48.8793 -0.179066 55.8876 -0.836015 -0.0696374 6.00843)
(-30.4856 -0.227965 40.2419 -0.426452 0.243923 4.26077)
(45.8042 -0.255502 55.9646 -0.762814 -0.023225 9.19848)
(46.4323 -0.17339 55.0732 -0.784017 -0.0606977 7.41585)
(-30.1729 -0.218576 39.2842 -0.405344 0.23264 5.46208)
(43.3884 -0.244936 55.0383 -0.715241 -0.021915 10.4294)
(44.0604 -0.167488 54.2045 -0.734158 -0.0548404 8.71219)
(-29.8365 -0.207993 38.3317 -0.384568 0.219872 6.56762)
(41.05 -0.23464 54.0652 -0.669846 -0.0214719 11.5541)
(41.7617 -0.161633 53.2872 -0.686551 -0.0507338 9.90168)
(-29.48 -0.196944 37.3862 -0.364348 0.206727 7.58266)
(38.7875 -0.224756 53.0512 -0.626644 -0.0213407 12.5767)
(39.5347 -0.155999 52.3271 -0.641251 -0.0475709 10.9883)
(-29.106 -0.185889 36.4492 -0.344826 0.193846 8.51184)
(36.5997 -0.215349 52.0017 -0.585616 -0.0212059 13.501)
(37.3785 -0.150678 51.3291 -0.598259 -0.044873 11.9758)
(-28.7163 -0.175099 35.522 -0.326078 0.18158 9.35933)
(34.4857 -0.206431 50.9214 -0.54672 -0.020897 14.3309)
(35.292 -0.145703 50.2981 -0.557546 -0.0423628 12.8679)
(-28.3125 -0.164715 34.6058 -0.30814 0.17011 10.1289)
(32.4444 -0.197987 49.8151 -0.509897 -0.0203298 15.0699)
(33.2743 -0.141067 49.2387 -0.519053 -0.0398849 13.6681)
(-27.8958 -0.154804 33.7014 -0.291016 0.159512 10.824)
(30.4747 -0.189986 48.6869 -0.475078 -0.0194701 15.7217)
(31.3246 -0.136747 48.1551 -0.482711 -0.0373561 14.38)
(-27.4672 -0.145382 32.8098 -0.274694 0.149806 11.4481)
(28.5755 -0.182393 47.5408 -0.44219 -0.0183127 16.2897)
(29.4419 -0.132707 47.0513 -0.448438 -0.0347356 15.0069)
(-27.0278 -0.136444 31.9316 -0.25915 0.140975 12.0043)
(26.7456 -0.175172 46.3805 -0.411157 -0.0168687 16.7776)
(27.6252 -0.128911 45.931 -0.41615 -0.0320075 15.5525)
(-26.5783 -0.127972 31.0674 -0.244357 0.132986 12.4955)
(24.9838 -0.168291 45.2092 -0.381901 -0.0151581 17.1889)
(25.8734 -0.125326 44.7975 -0.385762 -0.02917 16.0201)
(-26.1197 -0.119945 30.2177 -0.230281 0.125796 12.9249)
(23.2888 -0.161722 44.0302 -0.354347 -0.0132054 17.5271)
(24.1855 -0.121922 43.6542 -0.357191 -0.0262293 16.4133)
(-25.6529 -0.112341 29.3828 -0.216893 0.119356 13.2952)
(21.6592 -0.155443 42.8462 -0.328422 -0.0110375 17.7956)
(22.5602 -0.118674 42.504 -0.330354 -0.0231962 16.7355)
(-25.1785 -0.105142 28.563 -0.204161 0.113617 13.6092)
(20.0937 -0.149433 41.66 -0.304053 -0.00868161 17.9979)
(20.9963 -0.115565 41.3495 -0.305173 -0.0200841 16.99)
(-24.6974 -0.0983304 27.7583 -0.192056 0.108527 13.8696)
(18.5907 -0.143679 40.4739 -0.281171 -0.00616508 18.1375)
(19.4926 -0.112577 40.1933 -0.281572 -0.0169073 17.1804)
(-24.2102 -0.0918927 26.969 -0.180551 0.104036 14.0791)
(17.1491 -0.138166 39.2902 -0.259709 -0.00351429 18.2176)
(18.0479 -0.109699 39.0376 -0.259478 -0.0136809 17.3099)
(-23.7177 -0.0858161 26.1949 -0.169619 0.100097 14.2402)
(15.7673 -0.132883 38.1108 -0.239601 -0.000754505 18.2417)
(16.6608 -0.106921 37.8846 -0.23882 -0.0104195 17.3819)
(-23.2204 -0.0800891 25.4359 -0.159236 0.0966614 14.3554)
(14.4439 -0.127821 36.9376 -0.220786 0.00209029 18.2128)
(15.3303 -0.104236 36.7361 -0.219532 -0.0071376 17.3995)
(-22.7191 -0.0747012 24.692 -0.149377 0.0936857 14.4271)
(13.1776 -0.12297 35.7722 -0.203201 0.00499757 18.1342)
(14.0549 -0.101637 35.5939 -0.201546 -0.00384901 17.3659)
(-22.2141 -0.0696423 23.963 -0.14002 0.0911268 14.4575)
(11.9671 -0.118323 34.6161 -0.186787 0.00794628 18.0089)
(12.8335 -0.0991192 34.4595 -0.1848 -0.000566782 17.2842)
(-21.7061 -0.064902 23.2485 -0.131145 0.0889442 14.4489)
(10.8111 -0.113871 33.4706 -0.171488 0.0109169 17.84)
(11.665 -0.0966768 33.3344 -0.169232 0.00269687 17.1575)
(-21.1955 -0.0604704 22.5482 -0.12273 0.0870998 14.4035)
(9.70817 -0.109606 32.337 -0.157248 0.0138916 17.6303)
(10.5481 -0.0943059 32.2198 -0.154783 0.00593063 16.9885)
(-20.6828 -0.0563372 21.8619 -0.114755 0.0855577 14.3233)
(8.65721 -0.105521 31.2163 -0.144011 0.0168539 17.3827)
(9.48176 -0.0920022 31.117 -0.141395 0.00912411 16.7803)
(-20.1683 -0.0524918 21.1891 -0.107203 0.0842841 14.2104)
(7.657 -0.101608 30.1094 -0.131727 0.0197891 17.0998)
(8.46483 -0.0897616 30.0268 -0.129013 0.0122679 16.5354)
(-19.6525 -0.0489235 20.5295 -0.100054 0.0832478 14.0667)
(6.70638 -0.0978605 29.0172 -0.120345 0.0226838 16.7844)
(7.49628 -0.0875805 28.9503 -0.117581 0.0153534 16.2567)
(-19.1356 -0.0456215 19.8827 -0.0932915 0.0824195 13.894)
(5.80427 -0.0942704 27.9404 -0.109815 0.0255261 16.4389)
(6.57509 -0.085455 27.8881 -0.107048 0.0183731 15.9466)
(-18.618 -0.0425749 19.2481 -0.0868977 0.081772 13.6941)
(4.94959 -0.0908307 26.8797 -0.10009 0.0283056 16.0658)
(5.70028 -0.0833815 26.8411 -0.0973626 0.0213203 15.6075)
(-18.0999 -0.0397725 18.6254 -0.0808563 0.0812804 13.4688)
(4.14135 -0.0875345 25.8355 -0.0911237 0.0310129 15.6673)
(4.87092 -0.0813565 25.8098 -0.0884757 0.0241891 15.242)
(-17.5815 -0.0372033 18.0141 -0.0751516 0.0809214 13.2196)
(3.37857 -0.0843749 24.8084 -0.082872 0.0336401 15.2459)
(4.08613 -0.0793766 24.7947 -0.0803397 0.0269745 14.8522)
(-17.0632 -0.0348563 17.4136 -0.069768 0.0806737 12.9481)
(2.66035 -0.0813455 23.7987 -0.0752921 0.0361804 14.8035)
(3.34505 -0.0774385 23.7964 -0.0729089 0.0296723 14.4404)
(-16.545 -0.0327208 16.8236 -0.0646908 0.080518 12.656)
(1.98582 -0.0784395 22.8068 -0.0683428 0.0386281 14.3424)
(2.64688 -0.075539 22.8151 -0.0661389 0.032279 14.0085)
(-16.0273 -0.0307858 16.2435 -0.0599058 0.0804363 12.3445)
(1.35416 -0.0756507 21.8329 -0.0619847 0.0409788 13.8643)
(1.99087 -0.0736752 21.8512 -0.059987 0.034792 13.5587)
(-15.51 -0.0290407 15.6728 -0.0553994 0.0804127 12.0151)
(0.76459 -0.0729735 20.8772 -0.0561793 0.043229 13.3712)
(1.37628 -0.0718443 20.905 -0.0544124 0.0372091 13.0929)
(-14.9934 -0.0274751 15.1111 -0.0511583 0.0804326 11.6691)
(0.216384 -0.0704018 19.9399 -0.0508898 0.045376 12.8649)
(0.802452 -0.0700437 19.9766 -0.0493756 0.0395289 12.6127)
(-14.4776 -0.0260792 14.5579 -0.0471691 0.0804832 11.3078)
(-0.291145 -0.06793 19.0211 -0.0460812 0.047418 12.347)
(0.26874 -0.0682707 19.0663 -0.0448388 0.0417507 12.1201)
(-13.9626 -0.0248431 14.0127 -0.0434196 0.0805525 10.9324)
(-0.758641 -0.0655527 18.1208 -0.0417197 0.0493541 11.8191)
(-0.22545 -0.0665231 18.1741 -0.0407657 0.0438743 11.6165)
(-13.4486 -0.0237572 13.4751 -0.0398982 0.0806303 10.544)
(-1.1867 -0.0632648 17.239 -0.0377729 0.051184 11.2828)
(-0.680677 -0.0647985 17.3 -0.0371217 0.0459 11.1036)
(-12.9357 -0.0228123 12.9445 -0.0365936 0.0807075 10.1438)
(-1.5759 -0.0610612 16.3759 -0.0342102 0.0529084 10.7395)
(-1.09746 -0.063095 16.4442 -0.0338735 0.0478287 10.5828)
(-12.4239 -0.0219993 12.4206 -0.0334947 0.080776 9.73274)
(-1.92675 -0.0589372 15.5312 -0.0310021 0.0545285 10.1905)
(-1.47629 -0.0614106 15.6066 -0.0309895 0.0496616 10.0556)
(-11.9132 -0.0213098 11.9029 -0.030591 0.0808293 9.31188)
(-2.23974 -0.0568881 14.705 -0.0281205 0.0560462 9.63713)
(-1.81761 -0.0597434 14.7872 -0.0284395 0.0514006 9.52311)
(-11.4038 -0.0207353 11.3909 -0.0278726 0.0808615 8.88216)
(-2.51533 -0.0549097 13.8972 -0.0255391 0.0574638 9.08051)
(-2.12184 -0.058092 13.986 -0.026195 0.0530479 8.98669)
(-10.8957 -0.0202681 10.8844 -0.0253295 0.0808678 8.44447)
(-2.75392 -0.0529979 13.1077 -0.0232329 0.058784 8.52178)
(-2.38937 -0.0564546 13.2029 -0.024229 0.0546059 8.44745)
(-10.3888 -0.0199006 10.3828 -0.0229526 0.0808443 7.99967)
(-2.95591 -0.0511486 12.3363 -0.0211778 0.06001 7.96199)
(-2.62054 -0.05483 12.4377 -0.0225161 0.0560776 7.90647)
(-9.88327 -0.0196257 9.88584 -0.0207334 0.0807879 7.54855)
(-3.12166 -0.0493568 11.583 -0.0193517 0.0611453 7.40209)
(-2.8157 -0.0532162 11.6905 -0.021032 0.057466 7.36476)
(-9.37908 -0.0194365 9.39311 -0.0186637 0.0806958 7.09188)
(-3.25148 -0.0476171 10.8475 -0.0177344 0.062193 6.84299)
(-2.97513 -0.0516106 10.961 -0.0197547 0.0587742 6.82326)
(-8.87625 -0.0193261 8.90429 -0.0167357 0.0805653 6.63037)
(-3.34569 -0.0459222 10.1297 -0.0163073 0.0631559 6.28553)
(-3.09912 -0.0500094 10.2491 -0.018664 0.0600048 6.28282)
(-8.37482 -0.0192873 8.41904 -0.0149426 0.0803936 6.1647)
(-3.40458 -0.0442621 9.42954 -0.0150533 0.0640352 5.73049)
(-3.18793 -0.0484067 9.55478 -0.0177419 0.0611591 5.74426)
(-7.87478 -0.0193124 7.93706 -0.0132768 0.0801767 5.69551)
(-3.42842 -0.0426224 8.74678 -0.0139572 0.0648294 5.17858)
(-3.24179 -0.0467926 8.8778 -0.0169729 0.0622365 5.20832)
(-7.37617 -0.0193931 7.45809 -0.0117308 0.0799079 5.2234)
(-3.41748 -0.040981 8.08127 -0.0130064 0.0655319 4.63049)
(-3.26094 -0.0451514 8.21805 -0.0163446 0.0632325 4.67571)
(-6.879 -0.0195194 6.98187 -0.0102973 0.0795749 4.74894)
(-3.37207 -0.0393056 7.43289 -0.0121928 0.0661277 4.08686)
(-3.24562 -0.0434582 7.57539 -0.0158487 0.064136 4.14707)
(-6.38333 -0.0196784 6.5082 -0.00897041 0.0791562 4.27269)
(-3.29255 -0.0375495 6.80152 -0.0115119 0.06659 3.54833)
(-3.1961 -0.0416754 6.94969 -0.0154807 0.0649258 3.62304)
(-5.88923 -0.0198518 6.03692 -0.00774358 0.0786175 3.79519)
(-3.17938 -0.0356449 6.18707 -0.0109619 0.0668774 3.01557)
(-3.11271 -0.0397486 6.34083 -0.0152372 0.0655673 3.10423)
(-5.39684 -0.0200158 5.56795 -0.00661022 0.0779085 3.31702)
(-3.03322 -0.0335022 5.58949 -0.0105418 0.0669302 2.48931)
(-2.99588 -0.0376045 5.74875 -0.0151138 0.0660093 2.5913)
(-4.90638 -0.0201387 5.10136 -0.0055634 0.0769563 2.83881)
(-2.85505 -0.0310204 5.00884 -0.010241 0.0666722 1.97044)
(-2.84627 -0.0351555 5.17337 -0.0150967 0.0661834 2.08497)
(-4.41824 -0.0201824 4.63733 -0.00459395 0.0756647 2.36134)
(-2.64635 -0.0281273 4.44522 -0.0100125 0.0660307 1.46006)
(-2.66488 -0.0323246 4.61473 -0.0151355 0.0660136 1.58614)
(-3.93305 -0.0201142 4.17634 -0.00368147 0.0739296 1.88558)
(-2.4093 -0.0248787 3.89888 -0.00977641 0.0649995 0.959521)
(-2.45323 -0.0291082 4.07288 -0.0150995 0.0654549 1.09592)
(-3.45177 -0.0199414 3.71918 -0.0027813 0.0716925 1.41285)
(-2.14699 -0.0216494 3.37016 -0.00948454 0.0638166 0.470136)
(-2.21364 -0.0257022 3.54803 -0.0148083 0.0646023 0.61562)
(-2.9758 -0.0197728 3.267 -0.00189019 0.0690897 0.944783)
(-1.86307 -0.0195776 2.85886 -0.0079412 0.0633313 -0.00673025)
(-1.9497 -0.0227693 3.0402 -0.0138777 0.0639379 0.146407)
(-2.50713 -0.0199642 2.82099 -0.000954363 0.066789 0.483177)
(-1.56093 -0.0214667 2.36269 -0.000547898 0.0657421 -0.470152)
(-1.66509 -0.0219337 2.54854 -0.0098051 0.0648311 -0.30991)
(-2.04723 -0.0215924 2.38118 0.00202784 0.0665965 0.0309249)
(-1.24485 -0.0299404 1.88299 -0.000774641 0.0774068 -0.942012)
(-1.35768 -0.0250482 2.07428 -0.0016276 0.0711297 -0.755264)
(-1.59176 -0.0261718 1.94738 0.00912682 0.0731513 -0.410464)
(-0.895963 -0.041734 1.42395 -0.0602543 0.112727 -1.49204)
(-1.03102 -0.0311715 1.62149 -0.025048 0.0919652 -1.23618)
(-1.13986 -0.0330309 1.51553 -0.00771218 0.0972278 -0.875514)
(-0.719951 -0.0489071 1.10461 -0.0670125 0.134319 -1.82106)
(-0.729637 -0.0567069 0.981033 -0.0259781 0.147237 -1.4026)
(101.478 -1.26694 63.113 24.2931 -8.77319 15.1026)
(100.539 1.46444 17.2596 44.7224 -4.80242 36.599)
(-35.0336 -7.84492 15.9155 -12.8784 -7.88873 -15.7983)
(100.166 -3.36861 77.2214 2.87568 -9.4186 -10.6727)
(97.2875 -1.64217 76.204 11.3115 -6.99491 -1.36318)
(-37.3769 -5.45324 69.2944 -5.5627 -10.8332 -12.2981)
(95.7116 -2.84502 71.8821 -1.58269 -7.66076 -17.9218)
(96.2244 -2.10993 77.9589 -0.169944 -6.2707 -15.476)
(-38.0806 -3.27749 68.7632 -3.35153 -9.00375 -14.9004)
(91.0984 -1.95254 67.1828 -1.94736 -5.81985 -19.2287)
(92.6325 -1.63712 71.7041 -1.74019 -5.00105 -18.5404)
(-36.8321 -1.7998 62.0416 -2.45069 -6.74906 -17.4564)
(86.7829 -1.2374 63.9983 -2.11215 -4.29288 -19.044)
(87.9585 -1.10573 66.9804 -2.16416 -3.80135 -19.1196)
(-35.7733 -0.861412 57.1171 -1.80117 -4.85976 -18.3159)
(82.7835 -0.747062 61.9502 -2.11899 -3.09654 -17.8503)
(83.698 -0.692325 63.7025 -2.30631 -2.79978 -18.4873)
(-35.1702 -0.305246 53.4977 -1.40385 -3.38244 -17.9819)
(79.0334 -0.444666 60.7371 -2.04537 -2.1926 -16.0287)
(79.8245 -0.412212 61.5652 -2.26312 -2.01574 -17.0336)
(-34.844 -0.0164606 50.8597 -1.18643 -2.27554 -16.8419)
(75.4848 -0.273361 60.0187 -1.96206 -1.52783 -13.8861)
(76.2143 -0.241532 60.2316 -2.1745 -1.42549 -15.1225)
(-34.6622 0.102833 48.9082 -1.0733 -1.47057 -15.1978)
(72.11 -0.183927 59.5484 -1.87872 -1.0508 -11.6017)
(72.8196 -0.146246 59.3771 -2.08047 -0.993924 -12.978)
(-34.5276 0.126871 47.3749 -1.01654 -0.900454 -13.2894)
(68.8895 -0.141908 59.1775 -1.79528 -0.716577 -9.28814)
(69.6039 -0.0977607 58.7786 -1.98599 -0.686497 -10.7386)
(-34.3805 0.105118 46.087 -0.985827 -0.507574 -11.279)
(65.8067 -0.125163 58.8206 -1.71223 -0.487583 -7.01724)
(66.538 -0.0760894 58.2979 -1.89274 -0.47259 -8.49573)
(-34.1925 0.0670812 44.9428 -0.963982 -0.244397 -9.26838)
(62.847 -0.120368 58.4311 -1.6297 -0.333855 -4.8313)
(63.6001 -0.0684067 57.852 -1.80119 -0.326834 -6.30687)
(-33.9538 0.0284266 43.8831 -0.94241 -0.0733514 -7.31742)
(59.9974 -0.120107 57.9856 -1.54779 -0.232506 -2.75309)
(60.7738 -0.067078 57.3927 -1.7112 -0.229303 -4.20573)
(-33.6651 -0.00384111 42.8739 -0.917419 0.0340508 -5.45799)
(57.2471 -0.120672 57.4739 -1.46671 -0.166706 -0.793273)
(58.0463 -0.0679407 56.8936 -1.62271 -0.165011 -2.21045)
(-33.3318 -0.0276573 41.896 -0.888026 0.0986343 -3.70464)
(54.5872 -0.120508 56.8935 -1.38684 -0.124474 1.04465)
(55.4078 -0.068982 56.3414 -1.53583 -0.12309 -0.329511)
(-32.961 -0.0434569 40.9387 -0.854634 0.135139 -2.06188)
(52.0109 -0.119209 56.2454 -1.30864 -0.0975337 2.76113)
(52.851 -0.0694181 55.7305 -1.45086 -0.0959004 1.43433)
(-32.5596 -0.0527046 39.996 -0.818229 0.153702 -0.528885)
(49.5132 -0.116902 55.5332 -1.23252 -0.0803074 4.35867)
(50.3706 -0.0691016 55.06 -1.36815 -0.0782181 3.08154)
(-32.1336 -0.0570889 39.0644 -0.779934 0.161112 0.897807)
(47.0903 -0.113902 54.7613 -1.15886 -0.0691281 5.84066)
(47.9627 -0.0681661 54.3316 -1.28806 -0.0665578 4.61427)
(-31.6878 -0.0581341 38.1425 -0.740776 0.16181 2.22268)
(44.7398 -0.110537 53.9344 -1.08798 -0.0616352 7.21082)
(45.6249 -0.0668296 53.5484 -1.21089 -0.0586455 6.0355)
(-31.2259 -0.0570568 37.2297 -0.701596 0.158634 3.45046)
(42.4598 -0.10707 53.0578 -1.02006 -0.0563397 8.47291)
(43.3552 -0.0652996 52.7147 -1.13688 -0.0530272 7.34853)
(-30.7508 -0.0547492 36.3258 -0.663022 0.153361 4.58572)
(40.249 -0.103684 52.1365 -0.955228 -0.0523201 9.63063)
(41.1524 -0.0637351 51.8347 -1.06617 -0.048791 8.55676)
(-30.2647 -0.051823 35.4312 -0.625497 0.147077 5.63274)
(38.1063 -0.100487 51.1753 -0.893538 -0.0490168 10.6876)
(39.0155 -0.06224 50.913 -0.998829 -0.0453744 9.66363)
(-29.7694 -0.0486704 34.5465 -0.589303 0.140431 6.59552)
(36.0309 -0.0975283 50.1789 -0.834977 -0.0460959 11.6473)
(36.9436 -0.0608709 49.9542 -0.934852 -0.0424362 10.6726)
(-29.2661 -0.0455256 33.6723 -0.554603 0.133804 7.47777)
(34.022 -0.0948175 49.152 -0.77949 -0.0433623 12.5134)
(34.9361 -0.0596493 48.9626 -0.874195 -0.0397728 11.5869)
(-28.7559 -0.042515 32.8093 -0.521473 0.127407 8.283)
(32.0787 -0.0923407 48.0986 -0.726998 -0.0407048 13.2891)
(32.9923 -0.0585737 47.9427 -0.816778 -0.0372642 12.4101)
(-28.2399 -0.0396969 31.958 -0.489932 0.121355 9.01451)
(30.2002 -0.0900718 47.023 -0.677399 -0.0380621 13.9781)
(31.1113 -0.0576291 46.8983 -0.762494 -0.034841 13.1455)
(-27.7188 -0.0370892 31.1191 -0.459959 0.115701 9.67548)
(28.3857 -0.0879804 45.9287 -0.630586 -0.0354023 14.5838)
(29.2925 -0.0567947 45.8332 -0.711227 -0.0324641 13.7965)
(-27.1934 -0.0346876 30.293 -0.43151 0.110467 10.269)
(26.6341 -0.0860365 44.8194 -0.586443 -0.0327109 15.1096)
(27.5349 -0.0560483 44.7512 -0.662853 -0.0301118 14.3665)
(-26.6643 -0.0324781 29.4803 -0.404531 0.105653 10.7979)
(24.9445 -0.0842136 43.6983 -0.544857 -0.0299835 15.5589)
(25.8377 -0.0553692 43.6554 -0.617246 -0.0277734 14.859)
(-26.1322 -0.0304433 28.6812 -0.37896 0.101248 11.2652)
(23.3158 -0.0824891 42.5685 -0.505714 -0.0272215 15.9353)
(24.1999 -0.0547393 42.5491 -0.574284 -0.025444 15.2773)
(-25.5977 -0.0285664 27.896 -0.354735 0.0972364 11.6737)
(21.7469 -0.080845 41.4327 -0.468906 -0.0244297 16.2421)
(22.6206 -0.054144 41.4351 -0.533847 -0.0231227 15.6248)
(-25.0614 -0.0268327 27.1248 -0.331797 0.0935963 12.026)
(20.2366 -0.0792669 40.2935 -0.434327 -0.021615 16.4828)
(21.0986 -0.0535715 40.3161 -0.495819 -0.0208104 15.905)
(-24.5236 -0.0252303 26.3679 -0.310086 0.0903062 12.3249)
(18.7839 -0.0777439 39.1534 -0.401874 -0.0187852 16.6607)
(19.6331 -0.053013 39.1945 -0.46009 -0.0185098 16.121)
(-23.985 -0.0237497 25.6251 -0.289547 0.0873429 12.5728)
(17.3876 -0.0762676 38.0144 -0.37145 -0.0159486 16.7791)
(18.2228 -0.0524616 38.0727 -0.426553 -0.016224 16.2763)
(-23.4459 -0.0223833 24.8965 -0.270128 0.0846833 12.7724)
(16.0465 -0.0748315 36.8787 -0.34296 -0.0131136 16.8413)
(16.8668 -0.0519125 36.9526 -0.395107 -0.0139567 16.3741)
(-22.9067 -0.0211254 24.1819 -0.251778 0.0823048 12.9259)
(14.7595 -0.0734305 35.7479 -0.316314 -0.0102885 16.8504)
(15.5639 -0.0513619 35.8362 -0.365652 -0.0117118 16.4176)
(-22.3678 -0.019971 23.4812 -0.234451 0.0801849 13.0358)
(13.5254 -0.0720606 34.6238 -0.291422 -0.0074814 16.8096)
(14.3131 -0.0508072 34.7252 -0.338093 -0.00949306 16.4099)
(-21.8295 -0.0189161 22.7942 -0.218101 0.0783022 13.1044)
(12.3432 -0.0707185 33.5079 -0.268199 -0.0046998 16.7219)
(13.1135 -0.0502464 33.6213 -0.312341 -0.00730428 16.354)
(-21.2921 -0.0179568 22.1206 -0.202685 0.0766361 13.1338)
(11.2118 -0.0694015 32.4015 -0.246564 -0.00195089 16.5904)
(11.9638 -0.0496779 32.5257 -0.288305 -0.00514906 16.253)
(-20.7559 -0.0170898 21.4601 -0.18816 0.0751668 13.1261)
(10.13 -0.0681071 31.3058 -0.226436 0.000758737 16.4178)
(10.8632 -0.0491006 31.4399 -0.2659 -0.00303079 16.1098)
(-20.2211 -0.0163115 20.8125 -0.174488 0.0738757 13.0835)
(9.09687 -0.066833 30.222 -0.207737 0.00342303 16.2069)
(9.81061 -0.0485135 30.3649 -0.245044 -0.000952599 15.9271)
(-19.6878 -0.0156184 20.1774 -0.161629 0.072745 13.0079)
(8.1114 -0.065577 29.1509 -0.190393 0.0060365 15.9606)
(8.80514 -0.0479157 29.3018 -0.225657 0.00108267 15.7077)
(-19.1564 -0.015007 19.5543 -0.149545 0.0717583 12.9011)
(7.17262 -0.064337 28.0935 -0.174331 0.00859424 15.6813)
(7.84586 -0.0473064 28.2516 -0.20766 0.00307245 15.4542)
(-18.6268 -0.0144735 18.943 -0.138201 0.0708998 12.7651)
(6.27962 -0.0631112 27.0505 -0.15948 0.0110919 15.3716)
(6.93188 -0.046685 27.215 -0.190979 0.00501447 15.1692)
(-18.0993 -0.0140142 18.343 -0.12756 0.0701551 12.6016)
(5.43149 -0.0618976 26.0226 -0.145773 0.0135256 15.0339)
(6.06235 -0.0460509 26.1928 -0.175541 0.00690676 14.8551)
(-17.5739 -0.0136252 17.7538 -0.11759 0.0695105 12.4123)
(4.6274 -0.0606945 25.0104 -0.133144 0.0158922 14.6706)
(5.23647 -0.0454034 25.1857 -0.161276 0.00874764 14.5142)
(-17.0508 -0.0133026 17.1751 -0.108257 0.0689534 12.1988)
(3.86654 -0.0595001 24.0144 -0.121529 0.0181888 14.2839)
(4.45346 -0.0447422 24.1941 -0.148115 0.0105357 14.149)
(-16.5299 -0.0130426 16.6064 -0.0995284 0.0684721 11.9627)
(3.14813 -0.0583129 23.035 -0.110868 0.0204133 13.8759)
(3.71258 -0.0440666 23.2186 -0.135995 0.0122699 13.7614)
(-16.0114 -0.0128413 16.0473 -0.0913742 0.0680559 11.7054)
(2.47147 -0.0571313 22.0725 -0.1011 0.0225638 13.4487)
(3.01314 -0.0433764 22.2596 -0.124851 0.0139492 13.3537)
(-15.4953 -0.0126947 15.4974 -0.0837643 0.0676948 11.4286)
(1.83585 -0.0559537 21.1273 -0.0921696 0.024639 13.0042)
(2.35448 -0.0426711 21.3174 -0.114623 0.0155732 12.9278)
(-14.9815 -0.012599 14.9561 -0.0766698 0.0673797 11.1334)
(1.24063 -0.0547792 20.1997 -0.0840214 0.026638 12.5443)
(1.73598 -0.0419505 20.3923 -0.105252 0.0171415 12.4856)
(-14.4702 -0.0125506 14.423 -0.0700626 0.0671024 10.8213)
(0.685213 -0.0536063 19.2897 -0.0766033 0.0285603 12.0708)
(1.15704 -0.0412144 19.4845 -0.0966827 0.0186539 12.0289)
(-13.9612 -0.0125458 13.8978 -0.063916 0.0668552 10.4935)
(0.169018 -0.0524339 18.3976 -0.0698651 0.0304058 11.5854)
(0.617124 -0.0404627 18.5943 -0.0888609 0.0201106 11.5594)
(-13.4547 -0.0125811 13.3799 -0.0582041 0.0666314 10.1512)
(-0.308484 -0.0512611 17.5235 -0.0637584 0.0321748 11.0896)
(0.115714 -0.0396952 17.7217 -0.0817351 0.0215119 11.0788)
(-12.9504 -0.0126531 12.869 -0.0529022 0.066425 9.79552)
(-0.747792 -0.0500868 16.6673 -0.0582371 0.033868 10.585)
(-0.347668 -0.0389118 16.8669 -0.0752558 0.0228585 10.5886)
(-12.4486 -0.0127585 12.3646 -0.0479863 0.0662305 9.42765)
(-1.14937 -0.0489104 15.8293 -0.0532572 0.0354862 10.073)
(-0.773469 -0.0381127 16.03 -0.069376 0.024151 10.0903)
(-11.949 -0.0128942 11.8663 -0.0434333 0.0660431 9.0486)
(-1.51364 -0.047731 15.0093 -0.0487765 0.0370308 9.555)
(-1.1621 -0.0372978 15.2109 -0.0640506 0.0253903 9.58533)
(-11.4517 -0.0130572 11.3738 -0.0392212 0.0658587 8.65937)
(-1.84101 -0.0465481 14.2074 -0.0447551 0.0385033 9.03221)
(-1.51395 -0.0364675 14.4097 -0.0592368 0.0265776 9.07491)
(-10.9566 -0.0132448 10.8866 -0.0353287 0.0656736 8.26091)
(-2.13184 -0.0453611 13.4234 -0.0411551 0.0399055 8.50585)
(-1.82937 -0.0356217 13.6263 -0.0548935 0.0277143 8.5603)
(-10.4636 -0.0134544 10.4044 -0.0317355 0.0654846 7.85413)
(-2.38646 -0.0441695 12.6574 -0.0379408 0.0412393 7.97705)
(-2.10868 -0.0347608 12.8608 -0.0509825 0.0288015 8.04265)
(-9.97282 -0.0136834 9.92683 -0.0284221 0.0652891 7.43988)
(-2.6052 -0.0429725 11.9092 -0.0350785 0.0425071 7.44684)
(-2.35218 -0.0338849 12.113 -0.0474675 0.029841 7.52305)
(-9.4841 -0.0139295 9.45352 -0.0253706 0.0650848 7.01897)
(-2.78833 -0.041769 11.1788 -0.0325367 0.0437108 6.9162)
(-2.56015 -0.0329938 11.3828 -0.0443147 0.0308342 7.0025)
(-8.9974 -0.0141905 8.98416 -0.0225634 0.0648698 6.59218)
(-2.93612 -0.0405569 10.466 -0.0302866 0.0448523 6.38604)
(-2.73284 -0.0320869 10.6702 -0.0414927 0.0317825 6.48194)
(-8.51269 -0.0144643 8.51844 -0.0199835 0.0646419 6.16022)
(-3.04881 -0.0393325 9.77067 -0.0283022 0.0459326 5.8572)
(-2.87047 -0.0311627 9.97513 -0.0389732 0.0326869 5.96225)
(-8.0299 -0.0147485 8.05607 -0.0176154 0.0643981 5.72378)
(-3.12661 -0.0380898 9.09275 -0.0265609 0.0469509 5.33047)
(-2.97325 -0.0302181 9.29736 -0.0367308 0.0335474 5.44423)
(-7.54901 -0.01504 7.59677 -0.0154435 0.0641339 5.2835)
(-3.16974 -0.0368184 8.43207 -0.0250443 0.047904 4.80657)
(-3.04138 -0.0292474 8.63682 -0.034745 0.0343624 4.92862)
(-7.06996 -0.0153349 7.14028 -0.0134532 0.0638421 4.83998)
(-3.17841 -0.0355012 7.78849 -0.0237388 0.0487842 4.28617)
(-3.07503 -0.028241 7.99337 -0.0329992 0.0351278 4.41614)
(-6.59273 -0.0156275 6.68638 -0.0116308 0.063511 4.3938)
(-3.1528 -0.0341124 7.1619 -0.0226356 0.0495766 3.7699)
(-3.07439 -0.0271838 7.3669 -0.0314822 0.0358353 3.90741)
(-6.1173 -0.0159093 6.23485 -0.00996325 0.0631209 3.94549)
(-3.09317 -0.032614 6.55216 -0.0217308 0.0502569 3.25837)
(-3.03963 -0.0260528 6.75727 -0.0301883 0.0364703 3.40304)
(-5.64366 -0.0161679 5.78555 -0.00843797 0.0626416 3.49558)
(-2.9998 -0.0309541 5.95916 -0.0210219 0.0507896 2.75218)
(-2.97097 -0.024816 6.16435 -0.0291138 0.0370105 2.90362)
(-5.17186 -0.0163852 5.33834 -0.00704251 0.0620294 3.04459)
(-2.8731 -0.0290682 5.38281 -0.0205005 0.0511274 2.25196)
(-2.86869 -0.0234321 5.58803 -0.0282518 0.0374249 2.40973)
(-4.70199 -0.0165381 4.8932 -0.00576303 0.0612256 2.59307)
(-2.71372 -0.0268918 4.82305 -0.0201304 0.0512191 1.75844)
(-2.73325 -0.0218562 5.02822 -0.0275761 0.0376762 1.922)
(-4.23429 -0.0165996 4.4502 -0.00458154 0.0601605 2.14165)
(-2.52268 -0.0243944 4.27988 -0.0198002 0.0510333 1.2725)
(-2.56536 -0.0200566 4.48485 -0.0270035 0.0377319 1.44119)
(-3.76914 -0.0165497 4.00961 -0.00346434 0.0587721 1.6911)
(-2.30167 -0.0216496 3.7534 -0.0193088 0.0506235 0.795296)
(-2.36623 -0.0180517 3.95791 -0.0263403 0.0375949 0.968302)
(-3.30724 -0.0163968 3.57194 -0.00235111 0.0570591 1.24249)
(-2.05339 -0.0189633 3.24387 -0.0183748 0.0502743 0.328104)
(-2.13793 -0.0159736 3.44756 -0.0253131 0.0373776 0.504553)
(-2.84976 -0.0162189 3.13816 -0.00122649 0.0552042 0.797241)
(-1.78165 -0.0171406 2.75133 -0.0155243 0.0507696 -0.127071)
(-1.884 -0.0141926 2.95395 -0.0233815 0.037443 0.0514141)
(-2.39868 -0.0162727 2.7095 3.69545e-05 0.0538114 0.357252)
(-1.49142 -0.0176692 2.27529 -0.00794074 0.0539752 -0.568385)
(-1.60845 -0.0134918 2.47705 -0.018129 0.0386548 -0.388382)
(-1.95573 -0.0171945 2.28713 0.00320313 0.0543396 -0.0737323)
(-1.18932 -0.0211463 1.82174 -0.0138551 0.0643345 -1.016)
(-1.31106 -0.0146306 2.02029 -0.0110436 0.0430339 -0.816138)
(-1.5186 -0.0194491 1.87431 0.00751598 0.060177 -0.493646)
(-0.857721 -0.0280343 1.39302 -0.068493 0.0880561 -1.5258)
(-0.99965 -0.0178565 1.58848 -0.0392319 0.0542772 -1.27577)
(-1.09113 -0.0232891 1.46821 -0.0128229 0.0772293 -0.932773)
(-0.696214 -0.0283563 1.09432 -0.0737847 0.073939 -1.82432)
(-0.693813 -0.0395819 0.962935 -0.00175708 0.10712 -1.41063)
(102.376 -0.402534 69.2308 27.9659 -2.74121 17.881)
(101.311 4.57639e-10 18.5153 47.1853 5.67075e-09 38.3018)
(-34.4982 -2.55533 18.8361 -13.764 -2.34863 -15.5303)
(100.501 -1.05288 85.0178 4.24211 -3.14478 -9.29756)
(97.4997 -7.16612e-09 79.8178 12.6182 7.15312e-09 -0.470454)
(-37.6908 -1.9256 76.797 -6.74007 -3.50199 -11.2809)
(95.3238 -0.938549 78.3272 -1.43522 -2.71628 -17.1653)
(96.1151 -5.56808e-09 81.5752 0.149839 5.56099e-09 -15.022)
(-39.5362 -1.23515 76.0518 -4.41934 -3.12483 -13.7742)
(90.083 -0.677523 71.7911 -2.24462 -2.15248 -18.7341)
(92.2517 -6.03267e-09 74.4745 -1.81358 4.92923e-09 -18.2346)
(-38.9839 -0.703313 67.5139 -3.35361 -2.46603 -16.6062)
(85.3516 -0.44362 67.0081 -2.59464 -1.63204 -18.8046)
(87.332 -8.30868e-09 68.8787 -2.3916 7.53766e-10 -18.9353)
(-38.2245 -0.343411 60.801 -2.56723 -1.83691 -17.8174)
(81.1432 -0.270841 63.7066 -2.66591 -1.20024 -17.8593)
(82.9206 -1.16939e-08 64.8842 -2.59082 -5.19686e-09 -18.4303)
(-37.6517 -0.122262 55.7405 -2.05876 -1.30998 -17.8037)
(77.3397 -0.158669 61.5663 -2.5984 -0.8631 -16.2555)
(78.9867 -1.36199e-08 62.2015 -2.55774 -6.55929e-09 -17.0927)
(-37.1969 -0.00291896 52.0205 -1.75802 -0.899652 -16.9346)
(73.8361 -0.0925975 60.188 -2.49973 -0.609961 -14.2945)
(75.3776 -1.22906e-08 60.4724 -2.46127 -6.98579e-09 -15.2811)
(-36.8079 0.0499068 49.2942 -1.5864 -0.593989 -15.5114)
(70.5596 -0.0569607 59.2617 -2.39429 -0.42557 -12.1545)
(72.0205 -7.28191e-09 59.3407 -2.35418 -1.12307e-08 -13.2179)
(-36.44 0.0640963 47.2244 -1.48934 -0.373751 -13.7772)
(67.4604 -0.0397072 58.5851 -2.2872 -0.294771 -9.95041)
(68.8608 1.5873e-09 58.5534 -2.24582 -1.04258e-08 -11.0417)
(-36.065 0.0587682 45.576 -1.43007 -0.219791 -11.8992)
(64.5041 -0.0326439 58.0302 -2.18078 -0.204134 -7.75894)
(65.8573 9.35898e-09 57.9483 -2.13926 -3.72309e-09 -8.84574)
(-35.6696 0.045674 44.1974 -1.3865 -0.115236 -9.98565)
(61.6668 -0.0306375 57.5181 -2.07571 -0.142591 -5.62805)
(62.9819 4.91686e-09 57.4234 -2.03526 7.23895e-11 -6.6902)
(-35.2494 0.03129 42.9912 -1.34673 -0.0462664 -8.10295)
(58.9316 -0.0307284 57.0015 -1.97206 -0.101514 -3.58597)
(60.2148 -1.19722e-08 56.9165 -1.93361 -9.01252e-10 -4.61161)
(-34.8046 0.0186902 41.8957 -1.30507 -0.00216557 -6.28929)
(56.2866 -0.0313726 56.4533 -1.86999 -0.0744628 -1.64806)
(57.5422 -2.16942e-08 56.3912 -1.83404 5.57876e-09 -2.63066)
(-34.3373 0.00894805 40.8716 -1.25949 0.0250241 -4.56472)
(53.7234 -0.0318769 55.8591 -1.76979 -0.0568011 0.178367)
(54.9541 -1.6653e-08 55.8268 -1.73657 1.37046e-08 -0.757955)
(-33.8506 0.00208383 39.8945 -1.20994 0.0410053 -2.93826)
(51.2361 -0.0320171 55.2122 -1.67187 -0.045292 1.89083)
(52.4436 -7.05758e-09 55.2131 -1.64138 9.36592e-09 1.00207)
(-33.3477 -0.00234926 38.9491 -1.1573 0.0497404 -1.41259)
(48.8206 -0.031798 54.5106 -1.57667 -0.0377364 3.48963)
(50.0059 -1.09296e-09 54.5457 -1.54879 3.89273e-09 2.64861)
(-32.8312 -0.00493345 38.0259 -1.10275 0.0539082 0.0131358)
(46.4743 -0.0313143 53.7553 -1.4846 -0.0326756 4.9766)
(47.6377 -1.6406e-09 53.8242 -1.45917 2.6709e-09 4.1829)
(-32.3036 -0.00621985 37.1192 -1.04748 0.0552761 1.3415)
(44.1953 -0.0306776 52.9489 -1.396 -0.0291631 6.35436)
(45.3368 -2.57585e-09 53.0504 -1.37282 1.80846e-09 5.60725)
(-31.7668 -0.0066602 36.226 -0.992454 0.054984 2.57589)
(41.9823 -0.0299824 52.0952 -1.31108 -0.0265967 7.62593)
(43.1017 -1.26229e-09 52.2275 -1.28998 1.76701e-10 6.9245)
(-31.2224 -0.00659231 35.3445 -0.938438 0.0537514 3.71995)
(39.8344 -0.0292964 51.1981 -1.23 -0.0246003 8.79448)
(40.9313 -2.67834e-10 51.3593 -1.21082 -1.79294e-09 8.13776)
(-30.6719 -0.00625118 34.4739 -0.885965 0.0520234 4.77737)
(37.7507 -0.0286603 50.262 -1.1528 -0.0229429 9.86329)
(38.8247 2.78729e-11 50.45 -1.13539 -4.02895e-09 9.25024)
(-30.1163 -0.00578972 33.6143 -0.835382 0.0500695 5.7517)
(35.7307 -0.0280937 49.2912 -1.07946 -0.0214846 10.8357)
(36.7814 -3.72251e-10 49.5039 -1.06371 -6.61642e-09 10.2652)
(-29.5567 -0.0053004 32.7657 -0.786889 0.0480495 6.6464)
(33.7735 -0.0276012 48.2899 -1.00992 -0.0201421 11.715)
(34.8006 -1.73087e-09 48.5252 -0.995726 -9.0464e-09 11.186)
(-28.9939 -0.00483416 31.9285 -0.740578 0.0460555 7.46476)
(31.8786 -0.027178 47.2622 -0.944081 -0.0188665 12.5045)
(32.8817 -4.08202e-09 47.5181 -0.931343 -1.10905e-08 12.0159)
(-28.4287 -0.00441513 31.1031 -0.696465 0.0441389 8.20997)
(30.0452 -0.0268147 46.2121 -0.881814 -0.0176295 13.2077)
(31.0241 -6.55584e-09 46.4865 -0.870447 -1.29374e-08 12.7582)
(-27.8618 -0.00405129 30.29 -0.654521 0.0423268 8.88512)
(28.2725 -0.0265 45.1431 -0.822984 -0.0164148 13.8279)
(29.2269 -7.88873e-09 45.4341 -0.812907 -1.40539e-08 13.4164)
(-27.2938 -0.00374184 29.4895 -0.614686 0.0406319 9.49318)
(26.5596 -0.0262225 44.0587 -0.76745 -0.0152139 14.3686)
(27.4894 -7.81357e-09 44.3646 -0.758584 -1.43161e-08 13.9937)
(-26.7252 -0.00348176 28.7021 -0.576883 0.0390585 10.0371)
(24.9057 -0.0259723 42.9621 -0.71507 -0.0140221 14.8331)
(25.8107 -6.83516e-09 43.2812 -0.707341 -1.41296e-08 14.4936)
(-26.1567 -0.00326466 27.9279 -0.54103 0.0376061 10.5196)
(23.3099 -0.0257408 41.8564 -0.665705 -0.0128376 15.2249)
(24.1901 -5.53087e-09 42.1871 -0.659039 -1.3714e-08 14.9195)
(-25.5886 -0.00308426 27.1672 -0.507042 0.0362714 10.9436)
(21.7711 -0.0255212 40.7441 -0.61922 -0.01166 15.5473)
(22.6264 -4.08451e-09 41.085 -0.613545 -1.2947e-08 15.2748)
(-25.0214 -0.00293512 26.4201 -0.474836 0.0350496 11.3116)
(20.2884 -0.0253083 39.628 -0.575483 -0.0104899 15.8037)
(21.1188 -2.4874e-09 39.9776 -0.57073 -1.21361e-08 15.5627)
(-24.4554 -0.00281282 25.6866 -0.444333 0.0339348 11.6263)
(18.8607 -0.025098 38.5104 -0.534369 -0.00932832 15.9975)
(19.6664 -1.26869e-09 38.8675 -0.530472 -1.18068e-08 15.7866)
(-23.8911 -0.00271399 24.9669 -0.415456 0.0329208 11.8903)
(17.487 -0.0248875 37.3935 -0.495759 -0.00817681 16.1319)
(18.268 -8.75212e-10 37.7567 -0.492652 -1.19229e-08 15.9498)
(-23.3288 -0.0026361 24.2607 -0.388133 0.0320009 12.106)
(16.1663 -0.0246745 36.2792 -0.459534 -0.00703695 16.2101)
(16.9227 -1.38054e-09 36.6475 -0.457156 -1.21792e-08 16.0556)
(-22.7686 -0.00257725 23.5681 -0.362296 0.0311689 12.2758)
(14.8975 -0.0244575 35.1693 -0.425584 -0.00591046 16.2353)
(15.6294 -2.44559e-09 35.5417 -0.423876 -1.22497e-08 16.1071)
(-22.2109 -0.00253607 22.8888 -0.337879 0.0304181 12.402)
(13.6797 -0.0242353 34.0655 -0.3938 -0.00479903 16.2106)
(14.3872 -3.00185e-09 34.441 -0.392705 -1.24549e-08 16.1074)
(-21.6559 -0.00251148 22.2225 -0.31482 0.0297422 12.4869)
(12.5117 -0.0240072 32.9694 -0.364078 -0.00370433 16.1391)
(13.1951 -2.98956e-09 33.3471 -0.363543 -1.29879e-08 16.0595)
(-21.1037 -0.00250262 21.5692 -0.293059 0.0291352 12.5327)
(11.3928 -0.0237725 31.8821 -0.336317 -0.00262795 16.0236)
(12.0521 -3.13992e-09 32.2613 -0.336291 -1.331e-08 15.9665)
(-20.5545 -0.00250876 20.9285 -0.272537 0.0285912 12.5414)
(10.3218 -0.0235308 30.8051 -0.310419 -0.00157137 15.8671)
(10.9573 -3.34253e-09 31.1849 -0.310855 -1.2857e-08 15.8313)
(-20.0085 -0.0025292 20.3 -0.253201 0.0281046 12.5151)
(9.29781 -0.0232817 29.7394 -0.286289 -0.000535942 15.6722)
(9.90966 -3.83882e-09 30.1191 -0.287143 -1.18075e-08 15.6566)
(-19.4656 -0.00256324 19.6834 -0.234995 0.02767 12.4558)
(8.32 -0.0230248 28.6859 -0.263836 0.000477087 15.4418)
(8.90836 -5.1915e-09 29.065 -0.265066 -9.93924e-09 15.4451)
(-18.9262 -0.00261017 19.0785 -0.217869 0.0272824 12.3653)
(7.38745 -0.0227599 27.6456 -0.242972 0.00146661 15.1784)
(7.95251 -7.28256e-09 28.0234 -0.244539 -7.2097e-09 15.1995)
(-18.39 -0.00266926 18.4847 -0.201771 0.0269372 12.2455)
(6.49934 -0.0224866 26.6193 -0.22361 0.00243167 14.8845)
(7.04128 -9.27087e-09 26.9953 -0.225479 -4.85552e-09 14.9224)
(-17.8573 -0.00273973 17.9018 -0.186654 0.0266297 12.0981)
(5.65485 -0.0222049 25.6075 -0.205667 0.00337143 14.5625)
(6.17386 -1.01141e-08 25.9813 -0.207804 -3.26005e-09 14.6161)
(-17.328 -0.0028208 17.3292 -0.17247 0.0263559 11.9248)
(4.85322 -0.0219144 24.611 -0.189064 0.00428518 14.2147)
(5.34947 -9.17025e-09 24.9821 -0.191438 -2.04665e-09 14.2831)
(-16.8022 -0.00291166 16.7666 -0.159173 0.0261119 11.7272)
(4.09372 -0.0216151 23.6302 -0.173723 0.00517237 13.8435)
(4.56739 -9.09712e-09 23.9982 -0.176306 -1.07005e-09 13.9256)
(-16.2797 -0.00301146 16.2136 -0.146719 0.025894 11.507)
(3.37565 -0.0213068 22.6656 -0.15957 0.00603254 13.4508)
(3.82691 -1.29744e-08 23.0302 -0.162336 1.4598e-09 13.5457)
(-15.7607 -0.00311939 15.6698 -0.135067 0.0256989 11.2655)
(2.69836 -0.0209893 21.7176 -0.146532 0.00686537 13.0388)
(3.12737 -1.8333e-08 22.0785 -0.149458 6.1728e-09 13.1456)
(-15.245 -0.00323462 15.1347 -0.124173 0.0255235 11.0042)
(2.06123 -0.0206625 20.7864 -0.134541 0.00767067 12.6094)
(2.46815 -2.08911e-08 21.1434 -0.137604 1.08909e-08 12.7272)
(-14.7326 -0.00335631 14.6078 -0.114 0.025365 10.7245)
(1.46367 -0.0203265 19.8725 -0.12353 0.00844834 12.1644)
(1.84865 -2.0111e-08 20.2253 -0.126711 1.32214e-08 12.2925)
(-14.2235 -0.00348367 14.0889 -0.104507 0.0252208 10.4277)
(0.905143 -0.0199811 18.9759 -0.113435 0.0091984 11.7057)
(1.26833 -1.83095e-08 19.3243 -0.116716 1.23779e-08 11.8432)
(-13.7176 -0.00361592 13.5774 -0.0956579 0.0250884 10.1151)
(0.385126 -0.0196264 18.0968 -0.104196 0.009921 11.235)
(0.726654 -1.66641e-08 18.4407 -0.10756 1.18275e-08 11.381)
(-13.2148 -0.00375229 13.0729 -0.0874171 0.0249657 9.7878)
(-0.096858 -0.0192624 17.2355 -0.0957533 0.0106164 10.7537)
(0.223145 -1.39945e-08 17.5745 -0.0991865 1.1561e-08 10.9077)
(-12.715 -0.00389207 12.5751 -0.0797501 0.0248508 9.44709)
(-0.541253 -0.0188891 16.3918 -0.0880509 0.0112848 10.2635)
(-0.242652 -9.1932e-09 16.7261 -0.0915407 1.10244e-08 10.4247)
(-12.2182 -0.00403455 12.0836 -0.0726238 0.0247418 9.094)
(-0.948474 -0.0185067 15.566 -0.0810354 0.0119267 9.76579)
(-0.671158 -2.76451e-09 15.8953 -0.0845705 1.00737e-08 9.93361)
(-11.7243 -0.0041791 11.5979 -0.0660064 0.0246374 8.7296)
(-1.3189 -0.0181152 14.758 -0.0746556 0.0125427 9.26188)
(-1.06276 3.53489e-09 15.0823 -0.0782262 8.86783e-09 9.43567)
(-11.2331 -0.00432512 11.1177 -0.0598674 0.024536 8.35487)
(-1.6529 -0.0177147 13.9679 -0.0688629 0.0131332 8.75307)
(-1.41783 9.37218e-09 14.287 -0.0724605 7.93203e-09 8.93225)
(-10.7447 -0.00447206 10.6426 -0.0541774 0.0244366 7.97078)
(-1.95078 -0.0173055 13.1955 -0.063611 0.013699 8.24056)
(-1.73669 1.46014e-08 13.5095 -0.0672283 6.75373e-09 8.42458)
(-10.2589 -0.0046194 10.1723 -0.0489081 0.024338 7.57823)
(-2.21285 -0.0168876 12.4409 -0.0588566 0.0142407 7.72546)
(-2.01964 1.81648e-08 12.7497 -0.0624872 6.2207e-09 7.9138)
(-9.77566 -0.00476668 9.70644 -0.0440327 0.0242393 7.17807)
(-2.43938 -0.016461 11.704 -0.0545589 0.0147591 7.20882)
(-2.26697 1.90661e-08 12.0076 -0.0581972 5.78109e-09 7.401)
(-9.29484 -0.00491347 9.24466 -0.0395262 0.0241398 6.77112)
(-2.63061 -0.0160257 10.9847 -0.0506797 0.0152548 6.69162)
(-2.47893 1.80285e-08 11.283 -0.054321 5.47979e-09 6.88719)
(-8.81639 -0.00505939 8.78668 -0.0353644 0.0240387 6.35815)
(-2.78679 -0.0155811 10.2828 -0.0471844 0.0157283 6.17477)
(-2.65576 1.81825e-08 10.5759 -0.0508242 7.0204e-09 6.3733)
(-8.34021 -0.00520404 8.3322 -0.0315239 0.0239351 5.93988)
(-2.90811 -0.0151259 9.59836 -0.0440416 0.0161797 5.65912)
(-2.79766 2.03537e-08 9.88627 -0.0476757 9.05684e-09 5.86021)
(-7.86624 -0.0053469 7.88094 -0.0279833 0.0238278 5.517)
(-2.99477 -0.014658 8.93118 -0.0412243 0.0166085 5.14544)
(-2.90483 2.18573e-08 9.2139 -0.0448475 1.03853e-08 5.34873)
(-7.39439 -0.00548712 7.43263 -0.0247214 0.0237148 5.09014)
(-3.04693 -0.0141733 8.28115 -0.0387106 0.0170131 4.63446)
(-2.97745 2.2587e-08 8.5587 -0.0423176 1.08953e-08 4.83961)
(-6.9246 -0.00562345 6.98704 -0.0217179 0.023593 4.65992)
(-3.06475 -0.0136655 7.64813 -0.0364838 0.0173899 4.12685)
(-3.01566 2.36059e-08 7.92056 -0.0400676 1.11201e-08 4.33354)
(-6.4568 -0.00575395 6.54393 -0.0189536 0.0234577 4.22688)
(-3.04838 -0.0131249 7.032 -0.034534 0.0177328 3.62321)
(-3.01964 2.4825e-08 7.29934 -0.038086 1.07185e-08 3.83115)
(-5.99092 -0.00587569 6.1031 -0.0164107 0.0233009 3.79158)
(-2.998 -0.0125371 6.43263 -0.0328562 0.0180322 3.12414)
(-2.98952 2.55862e-08 6.69492 -0.0363665 8.88261e-09 3.33304)
(-5.52694 -0.00598405 5.66437 -0.0140725 0.0231106 3.3545)
(-2.91379 -0.0118833 5.84988 -0.0314459 0.0182743 2.63019)
(-2.92547 2.22955e-08 6.10716 -0.0349053 3.17544e-09 2.83979)
(-5.06484 -0.00607247 5.2276 -0.011922 0.0228702 2.91613)
(-2.79605 -0.0111413 5.28363 -0.0302889 0.0184423 2.14193)
(-2.82775 1.14316e-08 5.53594 -0.0336938 -3.91744e-09 2.35194)
(-4.60464 -0.00613256 4.79271 -0.00994134 0.0225579 2.47698)
(-2.64527 -0.0102912 4.73379 -0.0293341 0.0185195 1.66003)
(-2.69672 -3.78408e-09 4.98114 -0.0327007 -6.78855e-09 1.87011)
(-4.1465 -0.00615527 4.35971 -0.0081089 0.0221499 2.03759)
(-2.46231 -0.00932853 4.20031 -0.0284412 0.0185011 1.1853)
(-2.53302 -1.93605e-08 4.44267 -0.0318307 -1.21447e-09 1.39501)
(-3.6907 -0.00613463 3.9288 -0.00638768 0.0216288 1.59869)
(-2.24873 -0.00828896 3.68328 -0.027372 0.0184206 0.718827)
(-2.33781 -2.96931e-08 3.92053 -0.030869 9.32106e-09 0.927605)
(-3.23784 -0.00607595 3.50044 -0.00471914 0.0210054 1.16125)
(-2.00722 -0.00728801 3.18306 -0.0257961 0.0184052 0.262016)
(-2.1131 -2.83823e-08 3.41488 -0.0295169 1.83351e-08 0.469124)
(-2.78907 -0.00600941 3.07559 -0.00310536 0.0203662 0.726672)
(-1.74183 -0.00659681 2.69996 -0.0221957 0.0187666 -0.182666)
(-1.86249 -1.09633e-08 2.92598 -0.0271995 2.2751e-08 0.0211687)
(-2.34644 -0.00602511 2.65569 -0.00141503 0.0199551 0.297072)
(-1.45826 -0.0066791 2.2344 -0.0144424 0.0201688 -0.612756)
(-1.59013 2.02187e-08 2.45406 -0.0215503 2.43077e-08 -0.41318)
(-1.91191 -0.00633225 2.24262 0.00206195 0.0203056 -0.123266)
(-1.16405 -0.0077802 1.79385 -0.022192 0.0239766 -1.04748)
(-1.29639 4.2161e-08 2.0032 -0.0147092 2.29777e-08 -0.834947)
(-1.4842 -0.00711754 1.84087 0.00575735 0.0225172 -0.531954)
(-0.842392 -0.010469 1.37886 -0.0757918 0.0317455 -1.53878)
(-0.990235 4.09375e-08 1.57813 -0.0437173 8.81246e-09 -1.28744)
(-1.06885 -0.00873956 1.44745 -0.0148718 0.0282389 -0.957774)
(-0.690244 1.44714e-08 1.09113 -0.076175 9.21041e-09 -1.82611)
(-0.679313 -0.014244 0.956077 0.00418735 0.0378585 -1.41646)
(102.376 0.402534 69.2308 27.9659 2.74121 17.881)
(100.539 -1.46444 17.2596 44.7224 4.80242 36.599)
(-34.4982 2.55533 18.8361 -13.764 2.34863 -15.5303)
(100.501 1.05288 85.0178 4.24211 3.14478 -9.29756)
(97.2875 1.64217 76.204 11.3115 6.99491 -1.36318)
(-37.6908 1.9256 76.797 -6.74007 3.50199 -11.2809)
(95.3238 0.938549 78.3272 -1.43522 2.71628 -17.1653)
(96.2244 2.10993 77.9589 -0.169944 6.2707 -15.476)
(-39.5362 1.23515 76.0518 -4.41934 3.12483 -13.7742)
(90.083 0.677523 71.7911 -2.24462 2.15248 -18.7341)
(92.6325 1.63712 71.7041 -1.74019 5.00105 -18.5404)
(-38.9839 0.703313 67.5139 -3.35361 2.46603 -16.6062)
(85.3516 0.44362 67.0081 -2.59464 1.63204 -18.8046)
(87.9585 1.10573 66.9804 -2.16416 3.80135 -19.1196)
(-38.2245 0.343411 60.801 -2.56723 1.83691 -17.8174)
(81.1432 0.270841 63.7066 -2.66591 1.20024 -17.8593)
(83.698 0.692325 63.7025 -2.30631 2.79978 -18.4873)
(-37.6517 0.122262 55.7405 -2.05876 1.30998 -17.8037)
(77.3397 0.158669 61.5663 -2.5984 0.8631 -16.2555)
(79.8245 0.412212 61.5652 -2.26312 2.01574 -17.0336)
(-37.1969 0.00291892 52.0205 -1.75802 0.899652 -16.9346)
(73.8361 0.0925974 60.188 -2.49973 0.609961 -14.2945)
(76.2143 0.241532 60.2316 -2.1745 1.42549 -15.1225)
(-36.8079 -0.0499069 49.2942 -1.5864 0.593989 -15.5114)
(70.5596 0.0569606 59.2617 -2.39429 0.42557 -12.1545)
(72.8196 0.146246 59.3771 -2.08047 0.993924 -12.978)
(-36.44 -0.0640963 47.2244 -1.48934 0.373751 -13.7772)
(67.4604 0.0397072 58.5851 -2.2872 0.294771 -9.95041)
(69.6039 0.0977606 58.7786 -1.98599 0.686497 -10.7386)
(-36.065 -0.0587683 45.576 -1.43007 0.219791 -11.8992)
(64.5041 0.032644 58.0302 -2.18078 0.204134 -7.75894)
(66.538 0.0760894 58.2979 -1.89274 0.47259 -8.49573)
(-35.6696 -0.045674 44.1974 -1.3865 0.115236 -9.98565)
(61.6668 0.0306375 57.5181 -2.07571 0.142591 -5.62805)
(63.6001 0.0684067 57.852 -1.80119 0.326834 -6.30687)
(-35.2494 -0.03129 42.9912 -1.34673 0.0462664 -8.10295)
(58.9316 0.0307284 57.0015 -1.97206 0.101514 -3.58597)
(60.7738 0.067078 57.3927 -1.7112 0.229303 -4.20573)
(-34.8046 -0.0186902 41.8957 -1.30507 0.00216555 -6.28929)
(56.2866 0.0313726 56.4533 -1.86999 0.0744628 -1.64806)
(58.0463 0.0679407 56.8936 -1.62271 0.165011 -2.21045)
(-34.3373 -0.00894807 40.8716 -1.25949 -0.0250241 -4.56472)
(53.7234 0.0318769 55.8591 -1.76979 0.0568011 0.178367)
(55.4078 0.068982 56.3414 -1.53583 0.12309 -0.329511)
(-33.8506 -0.00208386 39.8945 -1.20994 -0.0410053 -2.93826)
(51.2361 0.0320171 55.2122 -1.67187 0.045292 1.89083)
(52.851 0.0694181 55.7305 -1.45086 0.0959004 1.43433)
(-33.3477 0.00234923 38.9491 -1.1573 -0.0497403 -1.41259)
(48.8206 0.031798 54.5106 -1.57667 0.0377364 3.48963)
(50.3706 0.0691016 55.06 -1.36815 0.0782181 3.08154)
(-32.8312 0.00493343 38.0259 -1.10275 -0.0539082 0.0131358)
(46.4743 0.0313143 53.7553 -1.4846 0.0326756 4.9766)
(47.9627 0.0681661 54.3316 -1.28806 0.0665578 4.61427)
(-32.3036 0.00621984 37.1192 -1.04748 -0.0552761 1.3415)
(44.1953 0.0306776 52.9489 -1.396 0.0291631 6.35436)
(45.6249 0.0668296 53.5484 -1.21089 0.0586455 6.0355)
(-31.7668 0.00666018 36.226 -0.992454 -0.054984 2.57589)
(41.9823 0.0299824 52.0952 -1.31108 0.0265967 7.62593)
(43.3552 0.0652996 52.7147 -1.13688 0.0530272 7.34853)
(-31.2224 0.00659229 35.3445 -0.938438 -0.0537514 3.71995)
(39.8344 0.0292964 51.1981 -1.23 0.0246003 8.79448)
(41.1524 0.0637351 51.8347 -1.06617 0.048791 8.55676)
(-30.6719 0.00625117 34.4739 -0.885965 -0.0520234 4.77737)
(37.7507 0.0286603 50.262 -1.1528 0.0229429 9.86329)
(39.0155 0.06224 50.913 -0.998829 0.0453744 9.66363)
(-30.1163 0.00578971 33.6143 -0.835382 -0.0500695 5.7517)
(35.7307 0.0280937 49.2912 -1.07946 0.0214846 10.8357)
(36.9436 0.0608709 49.9542 -0.934852 0.0424362 10.6726)
(-29.5567 0.00530039 32.7657 -0.786889 -0.0480495 6.6464)
(33.7735 0.0276012 48.2899 -1.00992 0.0201421 11.715)
(34.9361 0.0596493 48.9626 -0.874195 0.0397728 11.5869)
(-28.9939 0.00483415 31.9285 -0.740578 -0.0460555 7.46476)
(31.8786 0.027178 47.2622 -0.944081 0.0188665 12.5045)
(32.9923 0.0585737 47.9427 -0.816778 0.0372642 12.4101)
(-28.4287 0.00441511 31.1031 -0.696465 -0.0441389 8.20997)
(30.0452 0.0268147 46.2121 -0.881814 0.0176294 13.2077)
(31.1113 0.0576291 46.8983 -0.762494 0.034841 13.1455)
(-27.8618 0.00405127 30.29 -0.654521 -0.0423268 8.88512)
(28.2725 0.0265 45.1431 -0.822984 0.0164148 13.8279)
(29.2925 0.0567947 45.8332 -0.711227 0.032464 13.7965)
(-27.2938 0.00374182 29.4895 -0.614686 -0.0406319 9.49318)
(26.5596 0.0262225 44.0587 -0.76745 0.0152139 14.3686)
(27.5349 0.0560483 44.7512 -0.662853 0.0301118 14.3665)
(-26.7252 0.00348174 28.7021 -0.576883 -0.0390585 10.0371)
(24.9057 0.0259722 42.9621 -0.71507 0.0140221 14.8331)
(25.8377 0.0553692 43.6554 -0.617246 0.0277734 14.859)
(-26.1567 0.00326464 27.9279 -0.54103 -0.0376061 10.5196)
(23.3099 0.0257407 41.8564 -0.665705 0.0128376 15.2249)
(24.1999 0.0547393 42.5491 -0.574284 0.025444 15.2773)
(-25.5886 0.00308424 27.1672 -0.507042 -0.0362715 10.9436)
(21.7711 0.0255212 40.7441 -0.61922 0.01166 15.5473)
(22.6206 0.054144 41.4351 -0.533847 0.0231226 15.6248)
(-25.0214 0.0029351 26.4201 -0.474836 -0.0350496 11.3116)
(20.2884 0.0253083 39.628 -0.575483 0.0104898 15.8037)
(21.0986 0.0535715 40.3161 -0.495819 0.0208104 15.905)
(-24.4554 0.00281281 25.6866 -0.444333 -0.0339348 11.6263)
(18.8607 0.025098 38.5104 -0.534369 0.0093283 15.9975)
(19.6331 0.053013 39.1945 -0.46009 0.0185098 16.121)
(-23.8911 0.00271398 24.9669 -0.415456 -0.0329208 11.8903)
(17.487 0.0248875 37.3935 -0.495759 0.00817679 16.1319)
(18.2228 0.0524616 38.0727 -0.426553 0.016224 16.2763)
(-23.3288 0.00263609 24.2607 -0.388133 -0.032001 12.106)
(16.1663 0.0246745 36.2792 -0.459534 0.00703694 16.2101)
(16.8668 0.0519125 36.9526 -0.395107 0.0139567 16.3741)
(-22.7686 0.00257724 23.5681 -0.362296 -0.0311689 12.2758)
(14.8975 0.0244574 35.1693 -0.425584 0.00591044 16.2353)
(15.5639 0.0513619 35.8362 -0.365652 0.0117118 16.4176)
(-22.2109 0.00253605 22.8888 -0.337879 -0.0304181 12.402)
(13.6797 0.0242353 34.0655 -0.3938 0.00479901 16.2106)
(14.3131 0.0508072 34.7252 -0.338093 0.00949305 16.4099)
(-21.6559 0.00251146 22.2225 -0.31482 -0.0297422 12.4869)
(12.5117 0.0240072 32.9694 -0.364078 0.00370431 16.1391)
(13.1135 0.0502464 33.6213 -0.312341 0.00730426 16.354)
(-21.1037 0.0025026 21.5692 -0.293059 -0.0291353 12.5327)
(11.3928 0.0237725 31.8821 -0.336317 0.00262793 16.0236)
(11.9638 0.0496779 32.5257 -0.288305 0.00514905 16.253)
(-20.5545 0.00250874 20.9285 -0.272537 -0.0285912 12.5414)
(10.3218 0.0235308 30.8051 -0.310419 0.00157135 15.8671)
(10.8632 0.0491006 31.4399 -0.2659 0.00303078 16.1098)
(-20.0085 0.00252918 20.3 -0.253201 -0.0281046 12.5151)
(9.29781 0.0232817 29.7394 -0.286289 0.000535925 15.6722)
(9.81061 0.0485135 30.3649 -0.245044 0.000952586 15.9271)
(-19.4656 0.00256322 19.6834 -0.234995 -0.02767 12.4558)
(8.32 0.0230248 28.6859 -0.263836 -0.000477099 15.4418)
(8.80514 0.0479157 29.3018 -0.225657 -0.00108268 15.7077)
(-18.9262 0.00261015 19.0785 -0.217869 -0.0272825 12.3653)
(7.38745 0.0227598 27.6456 -0.242972 -0.00146662 15.1784)
(7.84586 0.0473064 28.2516 -0.20766 -0.00307245 15.4542)
(-18.39 0.00266923 18.4847 -0.201771 -0.0269372 12.2455)
(6.49934 0.0224866 26.6193 -0.22361 -0.00243168 14.8845)
(6.93188 0.046685 27.215 -0.190979 -0.00501446 15.1692)
(-17.8573 0.0027397 17.9018 -0.186654 -0.0266297 12.0981)
(5.65485 0.0222049 25.6075 -0.205667 -0.00337143 14.5625)
(6.06235 0.0460509 26.1928 -0.175541 -0.00690675 14.8551)
(-17.328 0.00282077 17.3292 -0.17247 -0.0263559 11.9248)
(4.85322 0.0219144 24.611 -0.189064 -0.00428518 14.2147)
(5.23647 0.0454034 25.1857 -0.161276 -0.00874762 14.5142)
(-16.8022 0.00291162 16.7666 -0.159173 -0.0261118 11.7272)
(4.09371 0.0216151 23.6302 -0.173723 -0.00517236 13.8435)
(4.45346 0.0447421 24.1941 -0.148116 -0.0105357 14.149)
(-16.2797 0.00301143 16.2136 -0.146719 -0.025894 11.507)
(3.37565 0.0213067 22.6656 -0.15957 -0.00603252 13.4508)
(3.71258 0.0440666 23.2186 -0.135995 -0.0122698 13.7614)
(-15.7607 0.00311935 15.6698 -0.135067 -0.0256989 11.2655)
(2.69836 0.0209892 21.7176 -0.146532 -0.00686534 13.0388)
(3.01314 0.0433763 22.2596 -0.124851 -0.0139492 13.3537)
(-15.245 0.00323458 15.1347 -0.124173 -0.0255235 11.0042)
(2.06123 0.0206625 20.7864 -0.134541 -0.00767064 12.6094)
(2.35448 0.042671 21.3174 -0.114623 -0.0155732 12.9278)
(-14.7326 0.00335627 14.6078 -0.114 -0.025365 10.7245)
(1.46367 0.0203265 19.8725 -0.12353 -0.00844831 12.1644)
(1.73598 0.0419505 20.3923 -0.105252 -0.0171414 12.4856)
(-14.2235 0.00348363 14.0889 -0.104507 -0.0252207 10.4277)
(0.905143 0.0199811 18.9759 -0.113435 -0.00919838 11.7057)
(1.15704 0.0412144 19.4845 -0.0966827 -0.0186538 12.0289)
(-13.7176 0.00361588 13.5774 -0.095658 -0.0250883 10.1151)
(0.385125 0.0196264 18.0968 -0.104196 -0.00992098 11.235)
(0.617124 0.0404627 18.5943 -0.0888609 -0.0201106 11.5594)
(-13.2148 0.00375225 13.0729 -0.0874171 -0.0249656 9.7878)
(-0.0968581 0.0192624 17.2355 -0.0957534 -0.0106163 10.7537)
(0.115714 0.0396951 17.7217 -0.0817351 -0.0215119 11.0788)
(-12.715 0.00389202 12.5751 -0.0797501 -0.0248507 9.44709)
(-0.541253 0.0188891 16.3918 -0.088051 -0.0112848 10.2635)
(-0.347668 0.0389118 16.8669 -0.0752559 -0.0228585 10.5886)
(-12.2182 0.00403452 12.0836 -0.0726238 -0.0247418 9.094)
(-0.948474 0.0185067 15.566 -0.0810354 -0.0119267 9.76579)
(-0.773469 0.0381127 16.03 -0.0693761 -0.0241509 10.0903)
(-11.7243 0.00417908 11.5979 -0.0660065 -0.0246373 8.7296)
(-1.3189 0.0181152 14.758 -0.0746557 -0.0125426 9.26188)
(-1.1621 0.0372978 15.2109 -0.0640507 -0.0253903 9.58533)
(-11.2331 0.00432511 11.1177 -0.0598675 -0.024536 8.35487)
(-1.6529 0.0177148 13.9679 -0.068863 -0.0131332 8.75307)
(-1.51395 0.0364675 14.4097 -0.0592368 -0.0265776 9.07491)
(-10.7447 0.00447205 10.6426 -0.0541775 -0.0244365 7.97078)
(-1.95078 0.0173055 13.1955 -0.0636111 -0.013699 8.24056)
(-1.82937 0.0356218 13.6263 -0.0548936 -0.0277142 8.5603)
(-10.2589 0.00461941 10.1723 -0.0489082 -0.0243379 7.57823)
(-2.21285 0.0168876 12.4409 -0.0588567 -0.0142407 7.72546)
(-2.10868 0.0347609 12.8608 -0.0509825 -0.0288015 8.04265)
(-9.77566 0.0047667 9.70644 -0.0440327 -0.0242393 7.17807)
(-2.43938 0.0164611 11.704 -0.0545589 -0.0147591 7.20882)
(-2.35218 0.0338849 12.113 -0.0474676 -0.029841 7.52305)
(-9.29484 0.00491349 9.24466 -0.0395262 -0.0241398 6.77112)
(-2.63061 0.0160257 10.9847 -0.0506797 -0.0152548 6.69162)
(-2.56015 0.0329939 11.3828 -0.0443148 -0.0308342 7.0025)
(-8.81639 0.00505941 8.78668 -0.0353644 -0.0240387 6.35815)
(-2.78679 0.0155811 10.2828 -0.0471845 -0.0157283 6.17477)
(-2.73284 0.032087 10.6702 -0.0414927 -0.0317825 6.48194)
(-8.34021 0.00520407 8.3322 -0.0315239 -0.0239351 5.93988)
(-2.90811 0.0151259 9.59836 -0.0440416 -0.0161797 5.65912)
(-2.87047 0.0311628 9.97513 -0.0389733 -0.0326869 5.96225)
(-7.86624 0.00534693 7.88094 -0.0279833 -0.0238278 5.517)
(-2.99477 0.014658 8.93118 -0.0412243 -0.0166085 5.14544)
(-2.97325 0.0302181 9.29736 -0.0367309 -0.0335473 5.44423)
(-7.39439 0.00548716 7.43263 -0.0247214 -0.0237147 5.09014)
(-3.04693 0.0141733 8.28115 -0.0387106 -0.0170131 4.63446)
(-3.04138 0.0292474 8.63682 -0.034745 -0.0343624 4.92862)
(-6.9246 0.00562348 6.98704 -0.0217179 -0.023593 4.65992)
(-3.06475 0.0136656 7.64813 -0.0364838 -0.0173899 4.12685)
(-3.07503 0.028241 7.99337 -0.0329992 -0.0351278 4.41614)
(-6.4568 0.00575398 6.54393 -0.0189536 -0.0234577 4.22688)
(-3.04838 0.0131249 7.032 -0.034534 -0.0177328 3.62321)
(-3.07439 0.0271838 7.3669 -0.0314822 -0.0358353 3.90741)
(-5.99092 0.00587572 6.1031 -0.0164107 -0.0233008 3.79158)
(-2.998 0.0125371 6.43263 -0.0328562 -0.0180321 3.12414)
(-3.03963 0.0260529 6.75727 -0.0301883 -0.0364703 3.40304)
(-5.52694 0.00598409 5.66437 -0.0140725 -0.0231106 3.3545)
(-2.91379 0.0118833 5.84988 -0.0314459 -0.0182743 2.63019)
(-2.97097 0.024816 6.16435 -0.0291138 -0.0370105 2.90362)
(-5.06484 0.0060725 5.2276 -0.011922 -0.0228702 2.91613)
(-2.79605 0.0111413 5.28363 -0.0302889 -0.0184423 2.14193)
(-2.86869 0.0234321 5.58803 -0.0282518 -0.0374249 2.40973)
(-4.60464 0.00613258 4.79271 -0.00994132 -0.0225579 2.47698)
(-2.64527 0.0102912 4.73379 -0.0293341 -0.0185195 1.66003)
(-2.73325 0.0218562 5.02822 -0.027576 -0.0376762 1.922)
(-4.1465 0.00615527 4.35971 -0.00810888 -0.0221499 2.03759)
(-2.46231 0.00932849 4.20031 -0.0284412 -0.0185011 1.1853)
(-2.56536 0.0200566 4.48485 -0.0270035 -0.0377319 1.44119)
(-3.6907 0.00613461 3.9288 -0.00638766 -0.0216288 1.59869)
(-2.24873 0.0082889 3.68328 -0.027372 -0.0184206 0.718827)
(-2.36623 0.0180517 3.95791 -0.0263403 -0.0375949 0.968302)
(-3.23784 0.00607591 3.50044 -0.00471914 -0.0210054 1.16125)
(-2.00722 0.00728797 3.18306 -0.0257961 -0.0184052 0.262016)
(-2.13793 0.0159736 3.44756 -0.0253131 -0.0373776 0.504553)
(-2.78907 0.00600936 3.07559 -0.00310537 -0.0203662 0.726672)
(-1.74183 0.0065968 2.69996 -0.0221957 -0.0187666 -0.182666)
(-1.884 0.0141926 2.95395 -0.0233815 -0.037443 0.051414)
(-2.34644 0.00602509 2.65569 -0.00141507 -0.019955 0.297072)
(-1.45826 0.00667915 2.2344 -0.0144425 -0.0201688 -0.612756)
(-1.60845 0.0134918 2.47705 -0.018129 -0.0386547 -0.388382)
(-1.91191 0.00633229 2.24262 0.00206191 -0.0203056 -0.123266)
(-1.16405 0.00778028 1.79385 -0.0221921 -0.0239766 -1.04748)
(-1.31106 0.0146306 2.02029 -0.0110437 -0.0430339 -0.816138)
(-1.4842 0.00711761 1.84087 0.00575735 -0.0225171 -0.531954)
(-0.842392 0.0104691 1.37886 -0.0757919 -0.0317455 -1.53878)
(-0.99965 0.0178566 1.58848 -0.039232 -0.0542771 -1.27577)
(-1.06885 0.00873961 1.44745 -0.0148719 -0.0282388 -0.957774)
(-0.696214 0.0283563 1.09432 -0.0737846 -0.073939 -1.82432)
(-0.679313 0.014244 0.956077 0.00418742 -0.0378585 -1.41646)
(101.478 1.26694 63.113 24.2931 8.77319 15.1026)
(96.9819 -3.73248 12.4465 36.0813 11.1065 30.0387)
(-35.0336 7.84492 15.9155 -12.8784 7.88873 -15.7983)
(100.166 3.36861 77.2214 2.87568 9.4186 -10.6727)
(95.7011 3.5589 63.8037 7.19 14.18 -4.87928)
(-37.3769 5.45324 69.2944 -5.5627 10.8332 -12.2981)
(95.7116 2.84502 71.8821 -1.58269 7.66076 -17.9218)
(96.3133 4.29807 66.4007 -0.905383 11.515 -16.9574)
(-38.0806 3.27749 68.7632 -3.35153 9.00375 -14.9004)
(91.0984 1.95254 67.1828 -1.94736 5.81985 -19.2287)
(93.8954 3.11796 63.4467 -1.35579 8.56768 -19.3)
(-36.8321 1.7998 62.0416 -2.45069 6.74906 -17.4564)
(86.7829 1.2374 63.9983 -2.11215 4.29288 -19.044)
(90.0496 2.00503 61.6663 -1.44621 6.21729 -19.4553)
(-35.7733 0.861412 57.1171 -1.80117 4.85976 -18.3159)
(82.7835 0.747062 61.9502 -2.11899 3.09654 -17.8503)
(86.204 1.22631 60.6008 -1.49554 4.43239 -18.4356)
(-35.1702 0.305246 53.4977 -1.40385 3.38244 -17.9819)
(79.0334 0.444666 60.7371 -2.04537 2.1926 -16.0287)
(82.4389 0.738522 60.0573 -1.45603 3.11108 -16.6401)
(-34.844 0.0164605 50.8597 -1.18643 2.27554 -16.8419)
(75.4848 0.273361 60.0187 -1.96206 1.52783 -13.8861)
(78.7594 0.459044 59.8385 -1.40157 2.1503 -14.4422)
(-34.6622 -0.102833 48.9082 -1.0733 1.47057 -15.1978)
(72.11 0.183927 59.5484 -1.87872 1.0508 -11.6017)
(75.2046 0.31058 59.7444 -1.34739 1.46459 -12.0684)
(-34.5276 -0.126871 47.3749 -1.01654 0.900454 -13.2894)
(68.8895 0.141908 59.1775 -1.79528 0.716577 -9.28814)
(71.7919 0.238124 59.6513 -1.29178 0.985508 -9.65483)
(-34.3805 -0.105118 46.087 -0.985827 0.507574 -11.279)
(65.8067 0.125163 58.8206 -1.71223 0.487583 -7.01724)
(68.5225 0.206779 59.4959 -1.23481 0.658008 -7.28584)
(-34.1925 -0.0670812 44.9428 -0.963982 0.244397 -9.26838)
(62.847 0.120368 58.4311 -1.6297 0.333855 -4.8313)
(65.39 0.195579 59.2505 -1.177 0.438781 -5.01011)
(-33.9538 -0.0284266 43.8831 -0.94241 0.0733514 -7.31742)
(59.9974 0.120107 57.9856 -1.54779 0.232506 -2.75309)
(62.3837 0.192689 58.9074 -1.11872 0.294909 -2.85264)
(-33.6651 0.00384108 42.8739 -0.917419 -0.0340508 -5.45799)
(57.2471 0.120672 57.4739 -1.46671 0.166706 -0.793273)
(59.4921 0.192004 58.4682 -1.06041 0.2022 -0.823987)
(-33.3318 0.0276573 41.896 -0.888026 -0.0986343 -3.70464)
(54.5872 0.120508 56.8935 -1.38684 0.124474 1.04465)
(56.7041 0.190794 57.9391 -1.00255 0.143421 1.07355)
(-32.961 0.0434569 40.9387 -0.854634 -0.135139 -2.06188)
(52.0109 0.119209 56.2454 -1.30864 0.0975337 2.76113)
(54.0105 0.188168 57.3276 -0.945591 0.106641 2.84201)
(-32.5596 0.0527046 39.996 -0.818229 -0.153702 -0.528885)
(49.5132 0.116902 55.5332 -1.23252 0.0803074 4.35867)
(51.4041 0.184137 56.6414 -0.889963 0.0838137 4.4854)
(-32.1336 0.0570889 39.0644 -0.779934 -0.161112 0.897807)
(47.0903 0.113902 54.7613 -1.15886 0.0691281 5.84066)
(48.8793 0.179065 55.8876 -0.836015 0.0696374 6.00843)
(-31.6878 0.0581341 38.1425 -0.740776 -0.16181 2.22268)
(44.7398 0.110537 53.9344 -1.08798 0.0616352 7.21082)
(46.4323 0.17339 55.0732 -0.784017 0.0606977 7.41585)
(-31.2259 0.0570568 37.2297 -0.701596 -0.158634 3.45046)
(42.4598 0.10707 53.0578 -1.02006 0.0563397 8.47291)
(44.0604 0.167488 54.2045 -0.734158 0.0548404 8.71219)
(-30.7508 0.0547492 36.3258 -0.663022 -0.153361 4.58572)
(40.249 0.103684 52.1365 -0.955228 0.0523201 9.63063)
(41.7617 0.161633 53.2872 -0.686552 0.0507338 9.90168)
(-30.2647 0.051823 35.4312 -0.625497 -0.147077 5.63274)
(38.1063 0.100487 51.1753 -0.893538 0.0490168 10.6876)
(39.5347 0.155999 52.3271 -0.641251 0.0475709 10.9883)
(-29.7694 0.0486704 34.5465 -0.589303 -0.140431 6.59552)
(36.0309 0.0975283 50.1789 -0.834977 0.0460959 11.6473)
(37.3785 0.150678 51.3291 -0.598259 0.044873 11.9758)
(-29.2661 0.0455255 33.6723 -0.554603 -0.133804 7.47777)
(34.022 0.0948174 49.152 -0.77949 0.0433623 12.5134)
(35.292 0.145703 50.2981 -0.557546 0.0423628 12.8679)
(-28.7559 0.0425149 32.8093 -0.521473 -0.127407 8.283)
(32.0787 0.0923407 48.0986 -0.726998 0.0407048 13.2891)
(33.2743 0.141067 49.2387 -0.519053 0.0398849 13.6681)
(-28.2399 0.0396969 31.958 -0.489932 -0.121355 9.01451)
(30.2002 0.0900718 47.023 -0.677399 0.0380621 13.9781)
(31.3246 0.136747 48.1551 -0.482711 0.0373561 14.38)
(-27.7188 0.0370892 31.1191 -0.459959 -0.115701 9.67548)
(28.3857 0.0879804 45.9287 -0.630586 0.0354023 14.5838)
(29.4419 0.132707 47.0513 -0.448438 0.0347356 15.0069)
(-27.1934 0.0346876 30.293 -0.43151 -0.110467 10.269)
(26.6341 0.0860365 44.8194 -0.586443 0.0327109 15.1096)
(27.6252 0.128911 45.931 -0.41615 0.0320075 15.5525)
(-26.6643 0.0324781 29.4803 -0.404531 -0.105653 10.7979)
(24.9445 0.0842136 43.6983 -0.544857 0.0299834 15.5589)
(25.8734 0.125326 44.7975 -0.385762 0.02917 16.0201)
(-26.1322 0.0304433 28.6812 -0.37896 -0.101248 11.2652)
(23.3158 0.0824891 42.5685 -0.505714 0.0272214 15.9353)
(24.1855 0.121922 43.6542 -0.357191 0.0262293 16.4133)
(-25.5977 0.0285664 27.896 -0.354735 -0.0972364 11.6737)
(21.7469 0.080845 41.4327 -0.468906 0.0244297 16.2421)
(22.5602 0.118674 42.504 -0.330354 0.0231962 16.7355)
(-25.0614 0.0268327 27.1248 -0.331797 -0.0935964 12.026)
(20.2366 0.0792669 40.2935 -0.434327 0.021615 16.4828)
(20.9963 0.115565 41.3495 -0.305173 0.0200841 16.99)
(-24.5236 0.0252303 26.3679 -0.310086 -0.0903062 12.3249)
(18.7839 0.0777439 39.1534 -0.401874 0.0187852 16.6607)
(19.4926 0.112577 40.1933 -0.281572 0.0169073 17.1804)
(-23.985 0.0237497 25.6251 -0.289547 -0.0873429 12.5728)
(17.3876 0.0762676 38.0144 -0.37145 0.0159486 16.7791)
(18.0479 0.109699 39.0376 -0.259478 0.0136809 17.3099)
(-23.4459 0.0223833 24.8965 -0.270128 -0.0846834 12.7724)
(16.0465 0.0748315 36.8787 -0.34296 0.0131136 16.8413)
(16.6608 0.106921 37.8846 -0.23882 0.0104195 17.3819)
(-22.9067 0.0211254 24.1819 -0.251778 -0.0823048 12.9259)
(14.7595 0.0734305 35.7479 -0.316314 0.0102885 16.8504)
(15.3303 0.104236 36.7361 -0.219532 0.0071376 17.3995)
(-22.3678 0.019971 23.4812 -0.234451 -0.0801849 13.0358)
(13.5254 0.0720606 34.6238 -0.291422 0.00748138 16.8096)
(14.0549 0.101637 35.5939 -0.201546 0.003849 17.3659)
(-21.8295 0.018916 22.7942 -0.218101 -0.0783023 13.1044)
(12.3432 0.0707185 33.5079 -0.268199 0.00469978 16.7219)
(12.8335 0.0991192 34.4595 -0.1848 0.000566774 17.2842)
(-21.2921 0.0179568 22.1206 -0.202685 -0.0766361 13.1338)
(11.2118 0.0694015 32.4015 -0.246564 0.00195087 16.5904)
(11.665 0.0966768 33.3344 -0.169232 -0.00269687 17.1575)
(-20.7559 0.0170897 21.4601 -0.18816 -0.0751668 13.1261)
(10.13 0.0681071 31.3058 -0.226436 -0.000758759 16.4178)
(10.5481 0.0943059 32.2198 -0.154783 -0.00593064 16.9885)
(-20.2211 0.0163114 20.8125 -0.174488 -0.0738757 13.0835)
(9.09687 0.066833 30.222 -0.207737 -0.00342305 16.2069)
(9.48176 0.0920022 31.117 -0.141395 -0.00912412 16.7803)
(-19.6878 0.0156184 20.1774 -0.161629 -0.0727451 13.0079)
(8.1114 0.065577 29.1509 -0.190393 -0.00603652 15.9606)
(8.46483 0.0897616 30.0268 -0.129013 -0.0122679 16.5354)
(-19.1564 0.0150069 19.5543 -0.149545 -0.0717583 12.9011)
(7.17262 0.064337 28.0935 -0.174331 -0.00859425 15.6813)
(7.49628 0.0875805 28.9503 -0.117581 -0.0153534 16.2567)
(-18.6268 0.0144735 18.943 -0.138201 -0.0708998 12.7651)
(6.27962 0.0631112 27.0505 -0.15948 -0.0110919 15.3716)
(6.57509 0.085455 27.8881 -0.107048 -0.0183731 15.9466)
(-18.0993 0.0140141 18.343 -0.12756 -0.0701551 12.6016)
(5.43149 0.0618976 26.0226 -0.145773 -0.0135256 15.0339)
(5.70028 0.0833815 26.8411 -0.0973627 -0.0213203 15.6075)
(-17.5739 0.0136252 17.7538 -0.11759 -0.0695105 12.4123)
(4.6274 0.0606945 25.0104 -0.133144 -0.0158922 14.6706)
(4.87092 0.0813565 25.8098 -0.0884757 -0.0241891 15.242)
(-17.0508 0.0133026 17.1751 -0.108257 -0.0689534 12.1988)
(3.86654 0.0595001 24.0144 -0.121529 -0.0181888 14.2839)
(4.08613 0.0793765 24.7947 -0.0803397 -0.0269745 14.8522)
(-16.5299 0.0130426 16.6064 -0.0995284 -0.0684721 11.9627)
(3.14813 0.0583129 23.035 -0.110868 -0.0204133 13.8759)
(3.34505 0.0774385 23.7964 -0.0729089 -0.0296723 14.4404)
(-16.0114 0.0128413 16.0473 -0.0913742 -0.0680559 11.7054)
(2.47147 0.0571312 22.0725 -0.1011 -0.0225638 13.4487)
(2.64688 0.075539 22.8151 -0.0661389 -0.032279 14.0085)
(-15.4953 0.0126947 15.4974 -0.0837643 -0.0676948 11.4286)
(1.83585 0.0559537 21.1273 -0.0921696 -0.024639 13.0042)
(1.99087 0.0736751 21.8512 -0.059987 -0.0347919 13.5587)
(-14.9815 0.012599 14.9561 -0.0766697 -0.0673797 11.1334)
(1.24063 0.0547791 20.1997 -0.0840214 -0.026638 12.5443)
(1.37628 0.0718442 20.905 -0.0544125 -0.037209 13.0929)
(-14.4702 0.0125506 14.423 -0.0700626 -0.0671023 10.8213)
(0.685213 0.0536062 19.2897 -0.0766033 -0.0285603 12.0708)
(0.802451 0.0700436 19.9766 -0.0493756 -0.0395289 12.6127)
(-13.9612 0.0125458 13.8978 -0.0639159 -0.0668551 10.4935)
(0.169018 0.0524339 18.3976 -0.0698651 -0.0304058 11.5854)
(0.26874 0.0682707 19.0663 -0.0448389 -0.0417507 12.1201)
(-13.4547 0.0125811 13.3799 -0.0582041 -0.0666314 10.1512)
(-0.308485 0.051261 17.5235 -0.0637585 -0.0321748 11.0896)
(-0.22545 0.0665231 18.1741 -0.0407658 -0.0438743 11.6165)
(-12.9504 0.0126531 12.869 -0.0529022 -0.066425 9.79552)
(-0.747793 0.0500868 16.6673 -0.0582372 -0.033868 10.585)
(-0.680677 0.0647985 17.3 -0.0371218 -0.0459 11.1036)
(-12.4486 0.0127585 12.3646 -0.0479863 -0.0662305 9.42765)
(-1.14937 0.0489104 15.8293 -0.0532572 -0.0354862 10.073)
(-1.09746 0.063095 16.4442 -0.0338736 -0.0478287 10.5828)
(-11.949 0.0128942 11.8663 -0.0434333 -0.0660431 9.0486)
(-1.51364 0.047731 15.0093 -0.0487766 -0.0370308 9.555)
(-1.47629 0.0614105 15.6066 -0.0309897 -0.0496616 10.0556)
(-11.4517 0.0130572 11.3738 -0.0392212 -0.0658587 8.65937)
(-1.84101 0.0465482 14.2074 -0.0447552 -0.0385033 9.03221)
(-1.81761 0.0597434 14.7872 -0.0284397 -0.0514006 9.52311)
(-10.9566 0.0132448 10.8866 -0.0353287 -0.0656736 8.26091)
(-2.13184 0.0453612 13.4234 -0.0411552 -0.0399055 8.50585)
(-2.12184 0.058092 13.986 -0.0261951 -0.0530479 8.98669)
(-10.4636 0.0134544 10.4044 -0.0317355 -0.0654846 7.85413)
(-2.38646 0.0441696 12.6574 -0.0379408 -0.0412393 7.97705)
(-2.38937 0.0564547 13.2029 -0.0242291 -0.0546059 8.44745)
(-9.97282 0.0136834 9.92683 -0.0284221 -0.0652891 7.43988)
(-2.6052 0.0429726 11.9092 -0.0350785 -0.0425071 7.44684)
(-2.62054 0.0548301 12.4377 -0.0225162 -0.0560776 7.90647)
(-9.4841 0.0139295 9.45352 -0.0253706 -0.0650848 7.01897)
(-2.78833 0.041769 11.1788 -0.0325367 -0.0437108 6.9162)
(-2.8157 0.0532162 11.6905 -0.0210321 -0.057466 7.36476)
(-8.9974 0.0141905 8.98416 -0.0225634 -0.0648698 6.59218)
(-2.93612 0.0405569 10.466 -0.0302867 -0.0448523 6.38604)
(-2.97513 0.0516106 10.961 -0.0197547 -0.0587742 6.82326)
(-8.51269 0.0144643 8.51844 -0.0199835 -0.0646419 6.16022)
(-3.04881 0.0393326 9.77067 -0.0283023 -0.0459326 5.8572)
(-3.09912 0.0500095 10.2491 -0.018664 -0.0600048 6.28282)
(-8.0299 0.0147485 8.05607 -0.0176154 -0.0643981 5.72378)
(-3.12661 0.0380899 9.09275 -0.0265609 -0.0469509 5.33047)
(-3.18793 0.0484067 9.55478 -0.0177419 -0.0611591 5.74426)
(-7.54901 0.0150401 7.59677 -0.0154436 -0.0641339 5.2835)
(-3.16974 0.0368184 8.43207 -0.0250443 -0.047904 4.80657)
(-3.24179 0.0467926 8.8778 -0.0169729 -0.0622365 5.20832)
(-7.06996 0.0153349 7.14028 -0.0134532 -0.0638421 4.83998)
(-3.17841 0.0355012 7.78849 -0.0237388 -0.0487842 4.28617)
(-3.26094 0.0451514 8.21805 -0.0163446 -0.0632325 4.67571)
(-6.59273 0.0156275 6.68638 -0.0116308 -0.063511 4.3938)
(-3.1528 0.0341124 7.1619 -0.0226356 -0.0495766 3.7699)
(-3.24562 0.0434582 7.57539 -0.0158487 -0.064136 4.14707)
(-6.1173 0.0159094 6.23485 -0.00996327 -0.0631209 3.94549)
(-3.09317 0.0326141 6.55216 -0.0217308 -0.0502569 3.25837)
(-3.1961 0.0416754 6.94969 -0.0154807 -0.0649258 3.62304)
(-5.64366 0.0161679 5.78555 -0.00843798 -0.0626416 3.49558)
(-2.9998 0.0309541 5.95916 -0.0210219 -0.0507896 2.75218)
(-3.11271 0.0397487 6.34083 -0.0152371 -0.0655673 3.10423)
(-5.17186 0.0163853 5.33834 -0.00704251 -0.0620294 3.04459)
(-2.8731 0.0290682 5.38281 -0.0205005 -0.0511274 2.25196)
(-2.99588 0.0376045 5.74875 -0.0151137 -0.0660093 2.5913)
(-4.70199 0.0165381 4.8932 -0.00576302 -0.0612256 2.59307)
(-2.71372 0.0268918 4.82305 -0.0201303 -0.0512191 1.75844)
(-2.84627 0.0351555 5.17337 -0.0150966 -0.0661834 2.08497)
(-4.23429 0.0165997 4.4502 -0.00458153 -0.0601605 2.14165)
(-2.52268 0.0243943 4.27988 -0.0198002 -0.0510333 1.2725)
(-2.66488 0.0323246 4.61473 -0.0151354 -0.0660136 1.58614)
(-3.76914 0.0165497 4.00961 -0.00346433 -0.0587721 1.6911)
(-2.30167 0.0216496 3.7534 -0.0193088 -0.0506235 0.795296)
(-2.45323 0.0291081 4.07288 -0.0150995 -0.0654549 1.09592)
(-3.30724 0.0163968 3.57194 -0.00235108 -0.0570591 1.24249)
(-2.05339 0.0189633 3.24387 -0.0183748 -0.0502742 0.328104)
(-2.21364 0.0257022 3.54803 -0.0148082 -0.0646023 0.61562)
(-2.84976 0.0162188 3.13816 -0.00122645 -0.0552042 0.797241)
(-1.78165 0.0171405 2.75133 -0.0155243 -0.0507695 -0.127071)
(-1.9497 0.0227692 3.0402 -0.0138777 -0.0639378 0.146407)
(-2.39868 0.0162727 2.7095 3.69743e-05 -0.0538114 0.357252)
(-1.49142 0.0176692 2.27529 -0.00794078 -0.0539752 -0.568385)
(-1.66509 0.0219336 2.54854 -0.00980513 -0.0648311 -0.309911)
(-1.95573 0.0171945 2.28713 0.0032031 -0.0543396 -0.0737324)
(-1.18932 0.0211463 1.82174 -0.0138552 -0.0643344 -1.016)
(-1.35768 0.0250482 2.07428 -0.00162776 -0.0711296 -0.755264)
(-1.5186 0.019449 1.87431 0.00751593 -0.0601769 -0.493646)
(-0.857722 0.0280343 1.39302 -0.068493 -0.088056 -1.5258)
(-1.03102 0.0311715 1.62149 -0.0250482 -0.0919652 -1.23618)
(-1.09113 0.0232891 1.46821 -0.012823 -0.0772292 -0.932773)
(-0.719952 0.0489071 1.10461 -0.0670125 -0.134319 -1.82106)
(-0.693813 0.0395819 0.962935 -0.00175702 -0.10712 -1.41063)
(97.7611 2.51351 47.3771 14.7543 13.3034 7.72445)
(90.9224 -7.47045 -7.08254 19.4928 16.8688 16.9087)
(-36.8084 12.4061 7.93281 -9.39132 13.2035 -15.4349)
(98.617 5.48287 59.2904 -0.615788 12.6113 -13.908)
(93.294 5.12856 38.9025 1.50678 16.2929 -9.37451)
(-35.5857 7.49 51.2796 -1.98437 15.1327 -13.1633)
(96.5858 4.16239 58.5266 -1.96231 9.54637 -19.1404)
(97.9811 5.57356 48.3506 -1.24655 11.2541 -17.917)
(-33.6241 4.20096 52.9445 -1.13972 11.5175 -16.2441)
(93.6647 2.70034 58.5269 -1.51132 6.92286 -19.6879)
(98.0316 3.59426 52.1229 -0.535779 7.69757 -19.1348)
(-31.2206 2.22516 51.3554 -1.06448 8.1718 -18.3833)
(90.2153 1.67749 58.8513 -1.48968 4.91635 -18.9314)
(95.4855 2.21079 55.0895 -0.403135 5.29089 -18.416)
(-29.9613 1.08008 50.6088 -0.814673 5.61865 -18.5843)
(86.5068 1.03508 59.2933 -1.47187 3.43057 -17.2336)
(91.9926 1.40071 57.3177 -0.440563 3.60647 -16.6549)
(-29.6488 0.453124 49.9506 -0.652703 3.74918 -17.6547)
(82.7146 0.667696 59.807 -1.42143 2.35425 -14.994)
(88.0658 0.946156 59.0301 -0.456968 2.4263 -14.2947)
(-29.8367 0.152966 49.36 -0.581389 2.41727 -16.0247)
(78.9558 0.472551 60.2618 -1.36902 1.58624 -12.5189)
(84.0022 0.705881 60.3179 -0.463724 1.60009 -11.6802)
(-30.2388 0.0458114 48.7946 -0.554547 1.4824 -13.9914)
(75.302 0.376035 60.5711 -1.31518 1.04827 -9.98236)
(79.9894 0.585015 61.2058 -0.463613 1.02803 -9.01266)
(-30.6715 0.0400174 48.18 -0.54655 0.83848 -11.7847)
(71.7875 0.332502 60.7035 -1.25917 0.67974 -7.4873)
(76.1184 0.526845 61.7334 -0.456378 0.639994 -6.40587)
(-31.0338 0.0778729 47.4852 -0.543679 0.406223 -9.55545)
(68.4222 0.314952 60.6591 -1.20195 0.433148 -5.09278)
(72.4232 0.499433 61.9543 -0.443844 0.383246 -3.92207)
(-31.2836 0.126872 46.7109 -0.539584 0.124855 -7.39198)
(65.2019 0.308205 60.453 -1.14422 0.272081 -2.82838)
(68.9072 0.485155 61.923 -0.427704 0.218032 -1.59013)
(-31.4141 0.171024 45.8707 -0.531973 -0.0515922 -5.34051)
(62.1157 0.304404 60.1051 -1.08648 0.169474 -0.705663)
(65.5588 0.474847 61.6882 -0.409185 0.115057 0.581191)
(-31.4354 0.204127 44.9817 -0.520436 -0.156947 -3.42043)
(59.1511 0.3 59.635 -1.02921 0.10583 1.2739)
(62.3608 0.464282 61.2896 -0.389222 0.0533174 2.59399)
(-31.3649 0.225241 44.0595 -0.505425 -0.215399 -1.63579)
(56.296 0.293797 59.0601 -0.972832 0.0675089 3.11396)
(59.296 0.451948 60.7585 -0.368526 0.0181715 4.45543)
(-31.2204 0.235874 43.1166 -0.487728 -0.243764 0.0171904)
(53.5405 0.285765 58.3946 -0.917725 0.0452313 4.82028)
(56.3493 0.437694 60.1182 -0.347625 -0.000317234 6.17433)
(-31.0177 0.238369 42.1619 -0.468186 -0.253417 1.54565)
(50.8769 0.276347 57.6506 -0.864201 0.0328396 6.39917)
(53.509 0.421948 59.3868 -0.326905 -0.0087184 7.75948)
(-30.7696 0.23507 41.2022 -0.447555 -0.25186 2.9576)
(48.2995 0.266096 56.8378 -0.812505 0.0263458 7.85672)
(50.7664 0.405294 58.5778 -0.306639 -0.0112693 9.21881)
(-30.4856 0.227965 40.2419 -0.426452 -0.243923 4.26077)
(45.8042 0.255502 55.9646 -0.762814 0.023225 9.19848)
(48.1153 0.388276 57.702 -0.287013 -0.0106364 10.5592)
(-30.1729 0.218576 39.2842 -0.405344 -0.23264 5.46208)
(43.3884 0.244936 55.0383 -0.715241 0.021915 10.4294)
(45.5515 0.371316 56.7683 -0.268148 -0.00845538 11.7867)
(-29.8365 0.207993 38.3317 -0.384568 -0.219872 6.56762)
(41.05 0.23464 54.0652 -0.669846 0.0214719 11.5541)
(43.0721 0.354705 55.784 -0.250115 -0.00570148 12.9062)
(-29.48 0.196944 37.3862 -0.364348 -0.206727 7.58266)
(38.7875 0.224756 53.0512 -0.626644 0.0213406 12.5767)
(40.6752 0.338621 54.7556 -0.232949 -0.0029361 13.9225)
(-29.106 0.185889 36.4492 -0.344826 -0.193846 8.51184)
(36.5997 0.215349 52.0017 -0.585616 0.0212058 13.501)
(38.3591 0.323158 53.6891 -0.216661 -0.000466911 14.8397)
(-28.7163 0.175099 35.522 -0.326078 -0.18158 9.35933)
(34.4857 0.206431 50.9214 -0.54672 0.020897 14.3309)
(36.1228 0.308351 52.5897 -0.201241 0.00155089 15.6616)
(-28.3125 0.164715 34.6058 -0.30814 -0.17011 10.1289)
(32.4444 0.197987 49.8151 -0.509897 0.0203298 15.0699)
(33.9649 0.294199 51.4622 -0.186673 0.00305175 16.392)
(-27.8958 0.154804 33.7014 -0.291016 -0.159512 10.824)
(30.4747 0.189986 48.6869 -0.475078 0.0194701 15.7217)
(31.8844 0.280679 50.3113 -0.172929 0.0040217 17.0344)
(-27.4672 0.145382 32.8098 -0.274694 -0.149806 11.4481)
(28.5755 0.182393 47.5408 -0.44219 0.0183127 16.2897)
(29.8799 0.267763 49.141 -0.159979 0.00447572 17.5925)
(-27.0278 0.136444 31.9316 -0.25915 -0.140975 12.0043)
(26.7456 0.175172 46.3805 -0.411157 0.0168687 16.7776)
(27.9502 0.255416 47.9553 -0.147794 0.00444442 18.0698)
(-26.5783 0.127972 31.0674 -0.244357 -0.132986 12.4955)
(24.9838 0.168291 45.2092 -0.381901 0.0151581 17.1889)
(26.0938 0.243609 46.7576 -0.13634 0.00396637 18.4698)
(-26.1197 0.119945 30.2177 -0.230281 -0.125796 12.9249)
(23.2888 0.161722 44.0302 -0.354347 0.0132055 17.5271)
(24.3094 0.232311 45.5513 -0.125586 0.0030837 18.7961)
(-25.6529 0.112341 29.3828 -0.216893 -0.119356 13.2952)
(21.6592 0.155443 42.8462 -0.328422 0.0110375 17.7956)
(22.5954 0.2215 44.3394 -0.115501 0.00183961 19.0521)
(-25.1785 0.105142 28.563 -0.204161 -0.113617 13.6092)
(20.0937 0.149433 41.66 -0.304053 0.00868167 17.9979)
(20.9502 0.211153 43.1246 -0.106055 0.000276881 19.2413)
(-24.6974 0.0983304 27.7583 -0.192056 -0.108527 13.8696)
(18.5907 0.143679 40.4739 -0.281171 0.00616514 18.1375)
(19.3723 0.201251 41.9095 -0.09722 -0.00156293 19.367)
(-24.2102 0.0918927 26.969 -0.180551 -0.104036 14.0791)
(17.1491 0.138166 39.2902 -0.259709 0.00351435 18.2176)
(17.8601 0.191779 40.6965 -0.0889669 -0.00364006 19.4327)
(-23.7177 0.085816 26.1949 -0.169619 -0.100097 14.2402)
(15.7673 0.132883 38.1108 -0.239601 0.000754578 18.2417)
(16.4119 0.18272 39.4875 -0.0812691 -0.00591687 19.4417)
(-23.2204 0.0800891 25.4359 -0.159236 -0.0966613 14.3554)
(14.4439 0.127821 36.9376 -0.220786 -0.00209021 18.2128)
(15.0263 0.174062 38.2846 -0.0741006 -0.00835798 19.3972)
(-22.7191 0.0747012 24.692 -0.149377 -0.0936856 14.4271)
(13.1776 0.12297 35.7722 -0.203201 -0.00499748 18.1342)
(13.7017 0.16579 37.0894 -0.0674357 -0.0109303 19.3025)
(-22.2141 0.0696422 23.963 -0.14002 -0.0911267 14.4575)
(11.9671 0.118323 34.6161 -0.186787 -0.00794617 18.0089)
(12.4365 0.157892 35.9036 -0.0612502 -0.013603 19.1605)
(-21.7061 0.064902 23.2485 -0.131145 -0.0889441 14.4489)
(10.8111 0.113871 33.4706 -0.171488 -0.0109168 17.84)
(11.2293 0.150355 34.7284 -0.0555203 -0.0163477 18.9743)
(-21.1955 0.0604704 22.5482 -0.12273 -0.0870997 14.4035)
(9.70817 0.109606 32.337 -0.157247 -0.0138915 17.6303)
(10.0786 0.143167 33.5652 -0.0502227 -0.0191382 18.7469)
(-20.6828 0.0563372 21.8619 -0.114756 -0.0855575 14.3233)
(8.65721 0.105521 31.2163 -0.144011 -0.0168538 17.3827)
(8.98298 0.136315 32.415 -0.0453348 -0.0219509 18.481)
(-20.1683 0.0524918 21.1891 -0.107203 -0.084284 14.2104)
(7.657 0.101608 30.1094 -0.131727 -0.019789 17.0998)
(7.94117 0.129788 31.2788 -0.0408351 -0.0247639 18.1795)
(-19.6525 0.0489235 20.5295 -0.100055 -0.0832477 14.0667)
(6.70638 0.0978604 29.0172 -0.120345 -0.0226837 16.7844)
(6.9518 0.123573 30.1576 -0.0367025 -0.027558 17.845)
(-19.1356 0.0456215 19.8827 -0.0932918 -0.0824194 13.894)
(5.80427 0.0942703 27.9404 -0.109815 -0.025526 16.4389)
(6.01363 0.117658 29.0521 -0.0329159 -0.0303158 17.48)
(-18.618 0.0425749 19.2481 -0.0868979 -0.0817719 13.6941)
(4.94959 0.0908306 26.8797 -0.10009 -0.0283054 16.0658)
(5.12545 0.112032 27.9628 -0.0294557 -0.0330217 17.087)
(-18.0999 0.0397725 18.6254 -0.0808566 -0.0812803 13.4688)
(4.14135 0.0875344 25.8355 -0.0911237 -0.0310127 15.6673)
(4.28611 0.106682 26.8904 -0.0263029 -0.0356623 16.6684)
(-17.5815 0.0372033 18.0141 -0.0751518 -0.0809212 13.2196)
(3.37857 0.0843749 24.8084 -0.082872 -0.0336399 15.2459)
(3.49449 0.101598 25.8354 -0.0234387 -0.0382257 16.2263)
(-17.0632 0.0348563 17.4136 -0.0697682 -0.0806736 12.9481)
(2.66035 0.0813454 23.7987 -0.0752922 -0.0361802 14.8035)
(2.74956 0.0967683 24.7981 -0.0208453 -0.0407018 15.7631)
(-16.545 0.0327207 16.8236 -0.0646911 -0.0805179 12.656)
(1.98582 0.0784395 22.8068 -0.068343 -0.0386279 14.3424)
(2.05032 0.0921818 23.779 -0.018505 -0.0430819 15.2808)
(-16.0273 0.0307858 16.2435 -0.0599061 -0.0804362 12.3445)
(1.35416 0.0756507 21.8329 -0.0619849 -0.0409786 13.8643)
(1.39581 0.0878279 22.7781 -0.016401 -0.045359 14.7813)
(-15.51 0.0290406 15.6728 -0.0553997 -0.0804126 12.0151)
(0.76459 0.0729735 20.8772 -0.0561796 -0.0432288 13.3712)
(0.785147 0.0836965 21.7958 -0.0145183 -0.0475276 14.2666)
(-14.9934 0.0274751 15.1111 -0.0511587 -0.0804326 11.6691)
(0.216384 0.0704018 19.9399 -0.0508902 -0.0453759 12.8649)
(0.217484 0.0797774 20.8322 -0.0128402 -0.0495833 13.7384)
(-14.4776 0.0260792 14.5579 -0.0471695 -0.0804831 11.3078)
(-0.291145 0.06793 19.0211 -0.0460817 -0.0474179 12.347)
(-0.307978 0.0760609 19.8874 -0.0113522 -0.0515229 13.1985)
(-13.9626 0.0248431 14.0127 -0.0434201 -0.0805525 10.9324)
(-0.758641 0.0655527 18.1208 -0.0417202 -0.049354 11.8191)
(-0.791986 0.0725377 18.9614 -0.0100402 -0.0533443 12.6484)
(-13.4486 0.0237572 13.4751 -0.0398987 -0.0806303 10.544)
(-1.18671 0.0632647 17.239 -0.0377735 -0.051184 11.2828)
(-1.23525 0.0691983 18.0543 -0.00889049 -0.0550465 12.0898)
(-12.9357 0.0228123 12.9445 -0.0365941 -0.0807075 10.1438)
(-1.5759 0.0610611 16.3759 -0.0342107 -0.0529084 10.7395)
(-1.63841 0.066034 17.1661 -0.00788993 -0.0566295 11.5239)
(-12.4239 0.0219993 12.4206 -0.0334952 -0.080776 9.73274)
(-1.92675 0.0589371 15.5312 -0.0310025 -0.0545285 10.1905)
(-2.00211 0.0630361 16.2966 -0.00702623 -0.0580941 10.9523)
(-11.9132 0.0213097 11.9029 -0.0305916 -0.0808292 9.31188)
(-2.23974 0.056888 14.705 -0.0281208 -0.0560461 9.63713)
(-2.3269 0.0601963 15.4459 -0.00628735 -0.0594424 10.3762)
(-11.4038 0.0207352 11.3909 -0.027873 -0.0808614 8.88216)
(-2.51533 0.0549096 13.8972 -0.0255393 -0.0574637 9.08051)
(-2.61333 0.0575065 14.6139 -0.00566208 -0.0606766 9.79677)
(-10.8957 0.020268 10.8844 -0.0253299 -0.0808677 8.44447)
(-2.75392 0.0529978 13.1077 -0.0232328 -0.0587839 8.52178)
(-2.86189 0.0549591 13.8003 -0.005141 -0.0618 9.21517)
(-10.3888 0.0199005 10.3828 -0.0229529 -0.0808441 7.99967)
(-2.95591 0.0511485 12.3363 -0.0211776 -0.0600099 7.96199)
(-3.07304 0.0525467 13.0052 -0.00471316 -0.0628163 8.63246)
(-9.88327 0.0196256 9.88584 -0.0207336 -0.0807876 7.54855)
(-3.12166 0.0493568 11.583 -0.0193514 -0.0611452 7.40209)
(-3.2472 0.0502616 12.2283 -0.00436873 -0.0637296 8.04962)
(-9.37908 0.0194364 9.39311 -0.0186638 -0.0806955 7.09188)
(-3.25148 0.0476171 10.8475 -0.0177341 -0.0621929 6.84299)
(-3.38477 0.0480955 11.4695 -0.0040991 -0.0645442 7.46756)
(-8.87625 0.019326 8.90429 -0.0167357 -0.0805651 6.63037)
(-3.34569 0.0459222 10.1297 -0.0163069 -0.0631559 6.28553)
(-3.48612 0.0460392 10.7286 -0.00389636 -0.0652648 6.88714)
(-8.37482 0.0192872 8.41904 -0.0149425 -0.0803935 6.1647)
(-3.40458 0.0442621 9.42954 -0.015053 -0.0640352 5.73049)
(-3.55158 0.0440821 10.0054 -0.00375289 -0.0658954 6.30914)
(-7.87478 0.0193123 7.93706 -0.0132767 -0.0801766 5.69551)
(-3.42842 0.0426224 8.74678 -0.013957 -0.0648293 5.17858)
(-3.58148 0.0422109 9.29984 -0.00366186 -0.0664385 5.7343)
(-7.37617 0.019393 7.45809 -0.0117307 -0.0799078 5.2234)
(-3.41748 0.040981 8.08127 -0.0130062 -0.0655319 4.63049)
(-3.57613 0.0404078 8.61165 -0.00361754 -0.0668935 5.16329)
(-6.879 0.0195194 6.98187 -0.0102972 -0.0795749 4.74894)
(-3.37207 0.0393057 7.43289 -0.0121927 -0.0661278 4.08686)
(-3.53589 0.038647 7.9407 -0.00361922 -0.0672545 4.59677)
(-6.38333 0.0196783 6.5082 -0.00897028 -0.0791562 4.27269)
(-3.29255 0.0375495 6.80152 -0.0115118 -0.06659 3.54833)
(-3.46112 0.0368903 7.28685 -0.00366582 -0.0675066 4.03535)
(-5.88923 0.0198518 6.03692 -0.00774346 -0.0786176 3.79519)
(-3.17938 0.0356449 6.18707 -0.0109618 -0.0668774 3.01557)
(-3.35231 0.0350828 6.64999 -0.00375226 -0.0676226 3.4797)
(-5.39684 0.0200159 5.56795 -0.00661012 -0.0779085 3.31702)
(-3.03322 0.0335022 5.58949 -0.0105417 -0.0669301 2.48931)
(-3.21013 0.0331486 6.03007 -0.00387564 -0.0675567 2.93055)
(-4.90638 0.0201388 5.10136 -0.00556331 -0.0769563 2.83881)
(-2.85505 0.0310204 5.00884 -0.0102409 -0.0666722 1.97044)
(-3.03558 0.0309886 5.4271 -0.00403593 -0.0672392 2.38876)
(-4.41824 0.0201824 4.63733 -0.00459386 -0.0756647 2.36134)
(-2.64635 0.0281273 4.44522 -0.0100125 -0.0660306 1.46006)
(-2.83016 0.0284962 4.84122 -0.0042249 -0.0665764 1.85543)
(-3.93305 0.0201142 4.17634 -0.00368137 -0.0739296 1.88558)
(-2.4093 0.0248787 3.89888 -0.0097765 -0.0649994 0.959521)
(-2.59612 0.0256149 4.27273 -0.00440751 -0.0654666 1.33205)
(-3.45177 0.0199415 3.71918 -0.00278124 -0.0716925 1.41285)
(-2.14699 0.0216494 3.37016 -0.00948472 -0.0638166 0.470136)
(-2.33668 0.0224765 3.72207 -0.00455683 -0.0638752 0.820375)
(-2.9758 0.0197729 3.267 -0.0018902 -0.0690898 0.944783)
(-1.86307 0.0195776 2.85886 -0.00794144 -0.0633313 -0.00673033)
(-2.05608 0.0197619 3.1896 -0.00458015 -0.0620383 0.322042)
(-2.50713 0.0199643 2.82099 -0.00095442 -0.0667891 0.483177)
(-1.56093 0.0214666 2.36269 -0.000548237 -0.0657422 -0.470152)
(-1.75819 0.0198611 2.67452 -0.00250842 -0.0608134 -0.161793)
(-2.04723 0.0215924 2.38118 0.00202777 -0.0665965 0.0309249)
(-1.24485 0.0299404 1.88299 -0.000775131 -0.0774068 -0.942013)
(-1.43806 0.0268631 2.1759 0.00552251 -0.0636752 -0.634538)
(-1.59176 0.0261718 1.94738 0.00912668 -0.0731514 -0.410464)
(-0.895964 0.041734 1.42395 -0.060255 -0.112727 -1.49204)
(-1.08359 0.0358767 1.69328 -0.0061859 -0.0853936 -1.14217)
(-1.13986 0.033031 1.51553 -0.00771254 -0.0972279 -0.875514)
(-0.759721 0.0427361 1.11854 -0.0484009 -0.150657 -1.7758)
(-0.729638 0.0567069 0.981032 -0.0259785 -0.147238 -1.4026)
(88.8342 5.04374 10.0855 6.10445 8.21204 -2.42831)
(-47.9208 6.52993 -25.4151 -1.8509 9.24979 -15.7034)
(97.2218 4.8646 33.6203 -0.294894 6.7469 -16.7764)
(-29.2436 3.40418 19.4862 1.39365 9.19422 -15.0724)
(101.194 2.55913 43.3969 -0.37411 4.48476 -19.1245)
(-22.9352 1.98726 33.6434 1.26125 5.97793 -16.4618)
(100.846 1.57939 49.9308 -0.0224817 2.9634 -18.2617)
(-19.5624 1.26392 40.4955 0.979399 3.73164 -17.1003)
(98.0881 1.12452 54.5666 0.023584 1.94436 -16.3423)
(-18.7335 0.861076 44.9415 0.901784 2.3002 -16.2341)
(94.1927 0.867749 57.9407 0.015243 1.24408 -13.7981)
(-19.4867 0.653854 47.73 0.837272 1.36522 -14.4866)
(89.8515 0.729634 60.3952 0.000864398 0.764737 -10.9791)
(-20.936 0.565102 49.4182 0.764232 0.750074 -12.2433)
(85.4382 0.655846 62.0993 -0.0169631 0.439665 -8.11782)
(-22.5516 0.539227 50.312 0.69154 0.344284 -9.7817)
(81.1401 0.612845 63.187 -0.0331051 0.223776 -5.34228)
(-24.0459 0.539794 50.603 0.624259 0.0806737 -7.29865)
(77.0369 0.582947 63.7827 -0.0455565 0.085019 -2.71896)
(-25.2935 0.545763 50.4479 0.564679 -0.0846579 -4.91069)
(73.1497 0.55697 63.9954 -0.0543028 -0.000353389 -0.276272)
(-26.2671 0.547013 49.9758 0.513029 -0.182755 -2.67584)
(69.4704 0.530651 63.9144 -0.0597797 -0.0497806 1.98026)
(-26.9885 0.540005 49.2874 0.468496 -0.235885 -0.614942)
(65.9782 0.502555 63.6087 -0.0625558 -0.075739 4.05711)
(-27.4988 0.524671 48.4568 0.429953 -0.259798 1.27223)
(62.6501 0.472689 63.1296 -0.0632287 -0.0869064 5.96587)
(-27.8415 0.502497 47.5358 0.396267 -0.265396 2.99603)
(59.4648 0.441676 62.5145 -0.0623473 -0.0891464 7.71931)
(-28.0556 0.475444 46.5596 0.366439 -0.260037 4.57035)
(56.4055 0.410298 61.7901 -0.0603788 -0.0863067 9.32942)
(-28.1719 0.445387 45.5512 0.339646 -0.24855 6.00923)
(53.4594 0.379272 60.9758 -0.0576988 -0.0808369 10.8066)
(-28.2135 0.413886 44.5253 0.315253 -0.234014 7.32522)
(50.6173 0.349163 60.0861 -0.0545956 -0.0742464 12.1596)
(-28.1969 0.382122 43.4916 0.292782 -0.218331 8.52895)
(47.8732 0.320368 59.1321 -0.0512811 -0.06743 13.3956)
(-28.1335 0.35093 42.4562 0.271887 -0.202631 9.62918)
(45.2229 0.293131 58.1229 -0.0479053 -0.060892 14.5206)
(-28.0311 0.32086 41.4234 0.252323 -0.187549 10.6331)
(42.6635 0.267581 57.0658 -0.0445689 -0.0548948 15.5398)
(-27.8947 0.292247 40.3961 0.233917 -0.173419 11.5467)
(40.193 0.243762 55.9675 -0.0413362 -0.0495552 16.4578)
(-27.7278 0.26527 39.3768 0.21655 -0.160388 12.375)
(37.8098 0.221656 54.8339 -0.038245 -0.0449056 17.2786)
(-27.533 0.240006 38.3672 0.200139 -0.148495 13.1224)
(35.5126 0.201215 53.6701 -0.0353149 -0.0409308 18.0062)
(-27.3121 0.216462 37.3688 0.184622 -0.137717 13.7929)
(33.3 0.182366 52.4812 -0.0325534 -0.0375905 18.6443)
(-27.0667 0.194605 36.383 0.169956 -0.128002 14.39)
(31.1706 0.165028 51.2714 -0.0299604 -0.0348322 19.1964)
(-26.7982 0.174378 35.4107 0.156106 -0.119278 14.9172)
(29.1228 0.149117 50.0451 -0.0275313 -0.0325991 19.6664)
(-26.508 0.155712 34.453 0.143042 -0.111469 15.3777)
(27.1552 0.134548 48.8059 -0.0252591 -0.0308336 20.0576)
(-26.1972 0.138532 33.5106 0.130738 -0.104498 15.7745)
(25.266 0.121239 47.5573 -0.0231359 -0.02948 20.3736)
(-25.8671 0.122762 32.584 0.119168 -0.0982877 16.1106)
(23.4535 0.109114 46.3026 -0.0211533 -0.0284856 20.6181)
(-25.5189 0.108327 31.6737 0.108308 -0.0927662 16.389)
(21.7159 0.0980973 45.0447 -0.019303 -0.0278011 20.7944)
(-25.1539 0.0951552 30.78 0.098133 -0.0878648 16.6125)
(20.0514 0.0881188 43.7863 -0.0175772 -0.0273808 20.9061)
(-24.7732 0.0831748 29.9032 0.088619 -0.0835194 16.7837)
(18.4582 0.0791115 42.5298 -0.0159685 -0.027183 20.9566)
(-24.3778 0.0723177 29.0434 0.0797413 -0.0796703 16.9053)
(16.9345 0.0710117 41.2774 -0.0144704 -0.0271696 20.9491)
(-23.969 0.0625182 28.2005 0.0714749 -0.0762623 16.98)
(15.4784 0.0637583 40.0311 -0.0130772 -0.027306 20.8872)
(-23.5477 0.0537126 27.3745 0.0637945 -0.0732446 17.0101)
(14.0882 0.0572929 38.7929 -0.0117825 -0.0275615 20.7738)
(-23.1149 0.0458395 26.5653 0.0566749 -0.0705708 16.998)
(12.762 0.0515599 37.5642 -0.0105805 -0.0279081 20.6123)
(-22.6716 0.0388395 25.7727 0.0500918 -0.0681981 16.9462)
(11.4983 0.0465059 36.3466 -0.00946653 -0.0283213 20.4057)
(-22.2186 0.032655 24.9962 0.0440204 -0.066088 16.8567)
(10.2953 0.0420798 35.1413 -0.00843515 -0.0287795 20.1569)
(-21.7567 0.0272306 24.2358 0.0384363 -0.0642053 16.7319)
(9.15132 0.0382328 33.9496 -0.00748127 -0.0292637 19.8688)
(-21.2868 0.0225128 23.4909 0.033316 -0.0625183 16.5737)
(8.06491 0.0349184 32.7724 -0.00660085 -0.0297575 19.5444)
(-20.8095 0.01845 22.7611 0.0286362 -0.0609987 16.3841)
(7.03451 0.0320921 31.6106 -0.00579 -0.0302468 19.1861)
(-20.3255 0.0149929 22.0461 0.0243734 -0.0596212 16.1651)
(6.05867 0.0297116 30.4651 -0.00504381 -0.0307198 18.7967)
(-19.8355 0.0120938 21.3453 0.0205048 -0.058363 15.9185)
(5.13599 0.0277366 29.3364 -0.0043577 -0.0311666 18.3787)
(-19.3401 0.00970734 20.6583 0.0170094 -0.0572043 15.646)
(4.26514 0.0261294 28.2252 -0.00372891 -0.0315792 17.9345)
(-18.8397 0.00779009 19.9845 0.0138658 -0.0561275 15.3494)
(3.44484 0.0248537 27.1319 -0.0031548 -0.0319511 17.4663)
(-18.335 0.00630065 19.3235 0.0110519 -0.0551172 15.0303)
(2.67386 0.0238754 26.0569 -0.00263192 -0.0322774 16.9764)
(-17.8263 0.00519963 18.6746 0.00854684 -0.0541601 14.6903)
(1.95104 0.0231625 25.0006 -0.00215614 -0.0325545 16.467)
(-17.3141 0.00444963 18.0373 0.00633097 -0.0532448 14.3307)
(1.27529 0.0226847 23.9632 -0.00172352 -0.0327801 15.94)
(-16.7989 0.00401529 17.4112 0.00438662 -0.0523614 13.9531)
(0.64556 0.0224142 22.945 -0.00133292 -0.0329528 15.3973)
(-16.281 0.00386318 16.7955 0.00269542 -0.0515017 13.5588)
(0.0608538 0.022324 21.946 -0.000981278 -0.0330725 14.8408)
(-15.7608 0.00396177 16.1899 0.00123454 -0.0506589 13.1491)
(-0.479759 0.0223897 20.9663 -0.000664802 -0.0331398 14.2723)
(-15.2385 0.00428137 15.5937 -1.14989e-05 -0.0498274 12.7252)
(-0.97716 0.022588 20.006 -0.000381965 -0.0331558 13.6934)
(-14.7145 0.00479413 15.0065 -0.00105972 -0.0490028 12.2883)
(-1.43218 0.0228975 19.065 -0.000130257 -0.0331225 13.1056)
(-14.189 0.00547392 14.4276 -0.00192684 -0.0481818 11.8396)
(-1.84559 0.023298 18.1434 9.26404e-05 -0.0330425 12.5104)
(-13.6624 0.00629626 13.8566 -0.00262892 -0.0473618 11.3801)
(-2.21813 0.0237713 17.2411 0.000288835 -0.0329189 11.9092)
(-13.1347 0.00723838 13.293 -0.00318115 -0.0465412 10.9108)
(-2.55048 0.0242999 16.358 0.000460673 -0.0327551 11.3034)
(-12.6064 0.00827905 12.7362 -0.00359779 -0.0457192 10.4327)
(-2.84327 0.0248683 15.4939 0.000610667 -0.0325551 10.6942)
(-12.0775 0.00939859 12.1859 -0.00389311 -0.0448956 9.94674)
(-3.0971 0.0254621 14.6487 0.000738708 -0.0323229 10.0826)
(-11.5482 0.010579 11.6414 -0.00408009 -0.0440711 9.45373)
(-3.31253 0.0260679 13.8223 0.000846037 -0.0320628 9.46991)
(-11.0187 0.0118038 11.1025 -0.00416771 -0.0432471 8.95451)
(-3.49006 0.0266735 13.0145 0.000936479 -0.0317794 8.85699)
(-10.4892 0.0130574 10.5686 -0.00417322 -0.0424242 8.44987)
(-3.63016 0.0272673 12.2251 0.00101175 -0.0314772 8.24481)
(-9.9598 0.0143251 10.0393 -0.0041062 -0.0416036 7.94054)
(-3.73329 0.0278383 11.4539 0.00107286 -0.0311607 7.63425)
(-9.43063 0.0155934 9.51432 -0.00397639 -0.0407869 7.4272)
(-3.79984 0.0283754 10.7007 0.00112194 -0.0308344 7.02612)
(-8.90183 0.0168498 8.9932 -0.00379382 -0.0399756 6.91049)
(-3.8302 0.0288675 9.96539 0.00116089 -0.0305021 6.42115)
(-8.37351 0.0180823 8.47562 -0.00356608 -0.0391708 6.39103)
(-3.82475 0.0293026 9.24766 0.00118833 -0.0301664 5.82005)
(-7.84577 0.0192798 7.96127 -0.00330139 -0.0383721 5.8694)
(-3.78386 0.0296663 8.54737 0.00119342 -0.0298274 5.22346)
(-7.31874 0.0204308 7.44985 -0.00301256 -0.0375772 5.34613)
(-3.70794 0.0299379 7.86435 0.00116224 -0.0294821 4.63201)
(-6.79255 0.0215228 6.94114 -0.00271285 -0.0367801 4.82177)
(-3.59751 0.0300881 7.19846 0.00109552 -0.0291233 4.04635)
(-6.26736 0.0225412 6.43497 -0.00240499 -0.0359686 4.29685)
(-3.45321 0.0300777 6.54962 0.001001 -0.0287363 3.46716)
(-5.74341 0.023468 5.93129 -0.00209247 -0.0351203 3.77199)
(-3.27603 0.0298539 5.91784 0.000871625 -0.028297 2.8953)
(-5.22108 0.0242806 5.43023 -0.00178113 -0.0342016 3.24789)
(-3.06747 0.0293472 5.30327 0.000686213 -0.0277732 2.33183)
(-4.70097 0.0249531 4.93216 -0.00147238 -0.0331683 2.72548)
(-2.8298 0.0284836 4.70625 0.000432736 -0.0271306 1.77823)
(-4.18404 0.025463 4.43786 -0.00116535 -0.03197 2.20606)
(-2.56639 0.0272327 4.12738 0.000124917 -0.0263549 1.23648)
(-3.67176 0.025813 3.94868 -0.000850898 -0.0305733 1.69146)
(-2.28184 0.025677 3.56754 -0.00021657 -0.0255409 0.708927)
(-3.16617 0.0260799 3.46664 -0.000528177 -0.0290406 1.18419)
(-1.98112 0.0242771 3.02748 -9.46895e-05 -0.025074 0.197841)
(-2.66983 0.0265483 2.9942 -0.000190888 -0.0277176 0.687179)
(-1.66571 0.0260994 2.50606 0.0034024 -0.0254252 -0.295628)
(-2.1843 0.0281956 2.53272 0.00092533 -0.0275858 0.20347)
(-1.32781 0.0395548 2.00115 0.00744519 -0.0272391 -0.791015)
(-1.70185 0.0326611 2.08043 0.00422354 -0.0315881 -0.266147)
(-0.942449 0.052589 1.50557 -0.0437283 -0.0449815 -1.38143)
(-1.20453 0.038517 1.62486 -0.00150318 -0.0474569 -0.756068)
(-0.791925 0.0493033 1.0127 -0.0124017 -0.0853568 -1.34571)
(-157.689 -0.364839 2.46778 -10.6876 -8.05016 -32.5306)
(-173.306 -36.1544 -11.4929 -32.8247 -16.6619 -48.3032)
(-309.872 -22.2171 -21.3478 -21.6679 -7.29557 -60.0243)
(-145.954 1.08025 22.1661 0.916224 -6.60469 -16.1707)
(-156.381 -8.9186 28.6131 -2.55656 -16.6143 -20.1441)
(-262.457 -4.28313 10.5276 -0.10268 -7.74457 -18.4693)
(-139.574 -0.19726 29.5731 0.393215 -4.38157 -16.3335)
(-152.309 -1.81344 34.7421 0.576024 -11.1487 -16.2282)
(-258.034 -0.0302062 18.4247 1.94541 -5.00098 -13.0483)
(-135.545 -0.14138 34.0941 -0.0315793 -2.78231 -16.7342)
(-146.529 -0.373432 36.5225 -0.481949 -7.35918 -17.7012)
(-251.792 0.405257 22.5253 0.81704 -3.1305 -14.8562)
(-133.23 -0.0290083 36.5673 0.044686 -1.66449 -15.7858)
(-141.98 0.181676 37.5605 -0.438573 -4.76132 -17.6738)
(-246.358 0.377998 24.9712 0.785444 -1.85362 -14.9556)
(-131.876 -0.0660366 37.6395 0.0914216 -0.897961 -14.1766)
(-139.008 0.391584 37.684 -0.290232 -2.93585 -16.6909)
(-242.422 0.230054 25.7049 0.8569 -0.955473 -14.1255)
(-130.825 -0.165147 37.7701 0.0919522 -0.386129 -12.197)
(-136.776 0.384443 37.2065 -0.254182 -1.6764 -15.1413)
(-238.921 0.0357104 25.217 0.834213 -0.344435 -12.7725)
(-129.663 -0.27454 37.247 0.073616 -0.0543968 -10.0763)
(-134.768 0.268516 36.3299 -0.260063 -0.823159 -13.2571)
(-235.264 -0.15089 23.9269 0.777742 0.0548905 -11.1373)
(-128.194 -0.367657 36.2899 0.0484412 0.151788 -7.9792)
(-132.706 0.11517 35.1741 -0.276406 -0.260742 -11.254)
(-231.203 -0.304891 22.1513 0.713743 0.302443 -9.43539)
(-126.37 -0.433902 35.0684 0.0238435 0.272421 -5.99529)
(-130.463 -0.0323575 33.8426 -0.291341 0.0962 -9.27422)
(-226.681 -0.417258 20.1287 0.652734 0.444987 -7.79768)
(-124.224 -0.472736 33.7059 0.00336991 0.336449 -4.16313)
(-128.008 -0.153325 32.4201 -0.300158 0.311805 -7.39394)
(-221.747 -0.488949 18.0246 0.599256 0.517726 -6.28577)
(-121.819 -0.488164 32.2871 -0.0120634 0.364227 -2.49118)
(-125.362 -0.241957 30.9691 -0.302272 0.432945 -5.64636)
(-216.494 -0.526235 15.9457 0.553996 0.545807 -4.91916)
(-119.223 -0.485581 30.8671 -0.0227812 0.369642 -0.972363)
(-122.565 -0.300362 29.5326 -0.298675 0.492767 -4.03947)
(-211.02 -0.536993 13.9557 0.516017 0.546464 -3.69474)
(-116.498 -0.470231 29.4792 -0.0295955 0.361898 0.406824)
(-119.662 -0.33391 28.1377 -0.290734 0.514029 -2.56825)
(-205.409 -0.528703 12.0889 0.48393 0.531123 -2.59927)
(-113.691 -0.446538 28.1422 -0.0334223 0.346914 1.66127)
(-116.691 -0.348654 26.8 -0.279757 0.511923 -1.22215)
(-199.729 -0.507618 10.3609 0.456375 0.50712 -1.61658)
(-110.84 -0.41792 26.8657 -0.0350956 0.32839 2.80483)
(-113.683 -0.350068 25.5275 -0.266836 0.496317 0.0107411)
(-194.031 -0.478567 8.77626 0.432203 0.479026 -0.731083)
(-107.971 -0.386859 25.6537 -0.0352967 0.308562 3.84946)
(-110.663 -0.342575 24.323 -0.252816 0.47346 1.14172)
(-188.35 -0.44507 7.33323 0.410521 0.449588 0.0708781)
(-105.1 -0.355062 24.5069 -0.0345434 0.288731 4.8051)
(-107.647 -0.329498 23.1869 -0.238313 0.447203 2.1807)
(-182.71 -0.409574 6.02683 0.390676 0.420396 0.800671)
(-102.242 -0.323648 23.4244 -0.0332096 0.269617 5.67988)
(-104.648 -0.313191 22.1176 -0.223757 0.419858 3.13605)
(-177.13 -0.373709 4.85063 0.372208 0.392323 1.46757)
(-99.4042 -0.293306 22.4044 -0.0315536 0.251586 6.48047)
(-101.674 -0.295249 21.113 -0.209434 0.392762 4.01478)
(-171.619 -0.338512 3.79772 0.354804 0.365804 2.07911)
(-96.5917 -0.264435 21.4447 -0.0297469 0.234799 7.21242)
(-98.7312 -0.276702 20.1706 -0.195524 0.36666 4.82272)
(-166.187 -0.304609 2.86118 0.338257 0.341024 2.64142)
(-93.8086 -0.237237 20.543 -0.0278983 0.219295 7.88043)
(-95.8227 -0.258188 19.2876 -0.182137 0.34194 5.56482)
(-160.838 -0.272356 2.03424 0.322433 0.318023 3.15956)
(-91.0576 -0.211793 19.6967 -0.026074 0.20505 8.48853)
(-92.9517 -0.24008 18.4614 -0.16933 0.318778 6.24533)
(-155.576 -0.241928 1.31037 0.307245 0.296763 3.63775)
(-88.3408 -0.188108 18.9035 -0.0243114 0.192006 9.04031)
(-90.1203 -0.222582 17.6894 -0.157128 0.29723 6.86796)
(-150.404 -0.213392 0.683296 0.292639 0.277164 4.07955)
(-85.6597 -0.166145 18.1609 -0.0226293 0.180088 9.53896)
(-87.3302 -0.205796 16.969 -0.145535 0.277285 7.43602)
(-145.323 -0.186751 0.146959 0.278578 0.25913 4.48801)
(-83.0156 -0.145843 17.4666 -0.0210351 0.169216 9.9874)
(-84.5826 -0.189762 16.2975 -0.134544 0.258894 7.95251)
(-140.335 -0.161968 -0.304508 0.26504 0.242556 4.86576)
(-80.4097 -0.12713 16.8181 -0.0195296 0.159307 10.3883)
(-81.8784 -0.174489 15.6726 -0.12414 0.241988 8.42017)
(-135.442 -0.138987 -0.67679 0.252006 0.227338 5.21507)
(-77.8428 -0.109931 16.213 -0.0181106 0.150282 10.7442)
(-79.2185 -0.159969 15.0916 -0.114304 0.226491 8.84152)
(-130.644 -0.117741 -0.975405 0.239463 0.213372 5.53792)
(-75.3159 -0.0941709 15.649 -0.0167738 0.142065 11.0573)
(-76.6037 -0.146187 14.552 -0.105015 0.21232 9.21891)
(-125.941 -0.0981596 -1.20571 0.227399 0.200562 5.83602)
(-72.8296 -0.0797743 15.1236 -0.0155146 0.134583 11.3298)
(-74.0344 -0.133126 14.0515 -0.0962534 0.199393 9.55453)
(-121.335 -0.080171 -1.3729 0.215802 0.188813 6.11085)
(-70.3847 -0.0666691 14.6345 -0.0143284 0.127769 11.5638)
(-71.5112 -0.120767 13.5876 -0.0879984 0.187629 9.85043)
(-116.825 -0.0637032 -1.482 0.20466 0.178039 6.36371)
(-67.9815 -0.0547855 14.1795 -0.0132105 0.121558 11.7611)
(-69.0343 -0.109096 13.1579 -0.0802301 0.176947 10.1085)
(-112.412 -0.0486853 -1.53789 0.193962 0.168155 6.5957)
(-65.6206 -0.0440559 13.7561 -0.0121568 0.115893 11.9235)
(-66.6041 -0.0980942 12.7601 -0.0729291 0.167269 10.3306)
(-108.095 -0.0350479 -1.54527 0.183696 0.159086 6.80776)
(-63.3022 -0.034415 13.3621 -0.0111644 0.110717 12.0527)
(-64.2207 -0.0877478 12.3918 -0.0660766 0.158521 10.5183)
(-103.874 -0.0227223 -1.50866 0.173851 0.150759 7.00069)
(-61.0267 -0.0257992 12.9954 -0.0102304 0.105981 12.1503)
(-61.8842 -0.0780409 12.051 -0.0596546 0.150632 10.6734)
(-99.7492 -0.0116415 -1.43243 0.164413 0.143106 7.17517)
(-58.7941 -0.018147 12.6538 -0.00935206 0.10164 12.2176)
(-59.5945 -0.0689579 11.7353 -0.0536454 0.143533 10.7971)
(-95.7195 -0.00173958 -1.32077 0.155369 0.136067 7.33176)
(-56.6046 -0.0113988 12.3352 -0.00852692 0.0976493 12.2562)
(-57.3517 -0.0604826 11.4426 -0.0480318 0.137159 10.891)
(-91.7845 0.00704823 -1.1777 0.146708 0.129584 7.47092)
(-54.4582 -0.00549669 12.0375 -0.00775272 0.0939718 12.2672)
(-55.1555 -0.0525984 11.171 -0.042797 0.131449 10.9564)
(-87.9434 0.0147853 -1.00707 0.138418 0.123604 7.59304)
(-52.3549 -0.000384678 11.7589 -0.00702733 0.0905722 12.252)
(-53.0058 -0.0452881 10.9183 -0.0379247 0.126345 10.9945)
(-84.1956 0.0215339 -0.812553 0.130488 0.118078 7.69842)
(-50.2946 0.00399152 11.4972 -0.00634836 0.0874188 12.2117)
(-50.9023 -0.0385338 10.6827 -0.033399 0.121792 11.0065)
(-80.5402 0.0273544 -0.597675 0.122906 0.112963 7.78731)
(-48.2771 0.00768416 11.2508 -0.00571361 0.084483 12.1473)
(-48.8448 -0.032317 10.4622 -0.0292038 0.117738 10.9935)
(-76.9763 0.032306 -0.365789 0.115661 0.108218 7.85991)
(-46.3023 0.0107437 11.0177 -0.00512147 0.0817391 12.06)
(-46.8329 -0.026619 10.2552 -0.0253239 0.114136 10.9565)
(-73.503 0.0364462 -0.120093 0.108742 0.103805 7.91635)
(-44.37 0.0132186 10.7964 -0.00456993 0.0791643 11.9507)
(-44.8664 -0.0214205 10.0598 -0.0217442 0.11094 10.8966)
(-70.1195 0.0398307 0.13637 0.102137 0.099691 7.95676)
(-42.48 0.0151554 10.585 -0.0040564 0.0767381 11.8203)
(-42.9447 -0.016702 9.87438 -0.0184498 0.108108 10.8147)
(-66.8246 0.0425134 0.400708 0.0958368 0.0958456 7.98123)
(-40.632 0.0165987 10.3821 -0.00357918 0.0744422 11.6697)
(-41.0676 -0.0124438 9.69735 -0.0154261 0.105601 10.7117)
(-63.6176 0.0445466 0.670177 0.0898309 0.0922411 7.98981)
(-38.8257 0.0175909 10.186 -0.0031371 0.0722606 11.4998)
(-39.2346 -0.00862626 9.52717 -0.0126591 0.103382 10.5885)
(-60.4974 0.0459802 0.942173 0.0841089 0.0888526 7.98257)
(-37.061 0.0181728 9.99535 -0.00272858 0.0701793 11.3114)
(-37.4454 -0.00522962 9.36237 -0.0101349 0.101418 10.4458)
(-57.4631 0.0468626 1.21423 0.0786604 0.0856576 7.95954)
(-35.3373 0.018383 9.80869 -0.00235086 0.0681859 11.1053)
(-35.6995 -0.00223435 9.20155 -0.00784008 0.0996779 10.2846)
(-54.5136 0.0472401 1.48402 0.0734756 0.0826359 7.92076)
(-33.6546 0.018258 9.62468 -0.00200076 0.0662697 10.8821)
(-33.9964 0.0003789 9.04336 -0.00576123 0.0981321 10.1054)
(-51.6482 0.0471569 1.74935 0.0685454 0.0797694 7.86627)
(-32.0125 0.0178321 9.44204 -0.00167931 0.0644214 10.6426)
(-32.3359 0.00262924 8.88652 -0.0038853 0.0967544 9.90914)
(-48.8658 0.0466551 2.00813 0.0638615 0.077042 7.79612)
(-30.4106 0.0171386 9.25955 -0.0013878 0.0626332 10.3876)
(-30.7174 0.00453555 8.72984 -0.00220107 0.0955205 9.69643)
(-46.1656 0.0457751 2.25841 0.0594126 0.0744398 7.71034)
(-28.8488 0.0162084 9.07605 -0.00112359 0.0608984 10.1175)
(-29.1406 0.0061162 8.57214 -0.000695931 0.0944082 9.46795)
(-43.5468 0.044555 2.49836 0.0551881 0.0719499 7.60899)
(-27.3266 0.0150703 8.89044 -0.000884806 0.0592114 9.83319)
(-27.605 0.00738911 8.41233 0.000642119 0.0933972 9.22435)
(-41.0084 0.0430311 2.72626 0.0511797 0.069561 7.49214)
(-25.8439 0.0137518 8.70168 -0.000670889 0.0575676 9.53515)
(-26.1104 0.00837184 8.24939 0.00182396 0.092469 8.96627)
(-38.5498 0.0412379 2.94048 0.0473789 0.0672632 7.35987)
(-24.4004 0.0122785 8.50878 -0.000480809 0.0559632 9.224)
(-24.6562 0.00908156 8.08233 0.00286037 0.0916071 8.69432)
(-36.1701 0.0392077 3.13953 0.0437777 0.065048 7.21226)
(-22.9958 0.0106743 8.3108 -0.000313171 0.0543953 8.90032)
(-23.2422 0.00953495 7.91023 0.00376188 0.0907964 8.40909)
(-33.8687 0.0369712 3.32199 0.0403679 0.0629081 7.04944)
(-21.6298 0.0089615 8.10689 -0.000167373 0.0528618 8.56466)
(-21.8681 0.00974816 7.73223 0.00453874 0.0900238 8.11114)
(-31.6448 0.0345572 3.48656 0.0371413 0.0608369 6.87151)
(-20.3022 0.00716088 7.89622 -4.263e-05 0.0513611 8.21756)
(-20.5334 0.0097369 7.5475 0.00520029 0.0892774 7.80104)
(-29.4979 0.0319925 3.63202 0.0340893 0.0588289 6.67861)
(-19.0128 0.00529199 7.67802 6.83456e-05 0.0498924 7.85955)
(-19.2379 0.00951605 7.35529 0.00575613 0.088547 7.47932)
(-27.4273 0.0293022 3.75724 0.0312032 0.0568793 6.4709)
(-17.7614 0.00337109 7.45157 0.000165297 0.0484546 7.49112)
(-17.9813 0.00909966 7.15489 0.00621814 0.0878236 7.1465)
(-25.4324 0.0265095 3.86119 0.0284773 0.0549838 6.24853)
(-16.5477 0.00141579 7.21621 0.000243548 0.0470477 7.11275)
(-16.7633 0.0085013 6.94564 0.00659101 0.0870989 6.80309)
(-23.5128 0.0236363 3.94293 0.0259016 0.0531392 6.01168)
(-15.3717 -0.000558749 6.97133 0.000306949 0.0456717 6.72493)
(-15.5837 0.00773397 6.72693 0.0068834 0.0863658 6.44957)
(-21.6679 0.0207029 4.00156 0.0234729 0.051343 5.76055)
(-14.2331 -0.00253897 6.71635 0.00035842 0.0443265 6.3281)
(-14.4422 0.00680992 6.49818 0.00710381 0.0856174 6.08642)
(-19.8973 0.017728 4.0363 0.0211877 0.049592 5.49534)
(-13.1317 -0.00451214 6.45075 0.000399904 0.0430117 5.92271)
(-13.3387 0.00574084 6.25889 0.00725944 0.0848472 5.71408)
(-18.2005 0.0147282 4.04643 0.0190407 0.0478834 5.21625)
(-12.0674 -0.00646755 6.17406 0.000433344 0.0417259 5.50916)
(-12.2727 0.00453715 6.00858 0.00735802 0.084048 5.33299)
(-16.5773 0.0117178 4.03129 0.0170271 0.0462137 4.92351)
(-11.0401 -0.0083967 5.88589 0.000458515 0.0404651 5.08788)
(-11.2443 0.0032069 5.74685 0.00740775 0.0832097 4.9436)
(-15.0271 0.00870804 3.99034 0.01514 0.0445777 4.61735)
(-10.0497 -0.0102911 5.58589 0.000479104 0.0392221 4.65928)
(-10.2532 0.00175581 5.47333 0.00741488 0.0823167 4.5463)
(-13.5497 0.00570675 3.92309 0.0133712 0.0429665 4.29799)
(-9.09592 -0.0121449 5.27381 0.000509575 0.0379833 4.22378)
(-9.29928 0.000187109 5.18775 0.00738866 0.0813438 4.14153)
(-12.1447 0.00271749 3.82917 0.0117379 0.0413663 3.96572)
(-8.17876 -0.0139581 4.94954 0.000556967 0.0367251 3.78184)
(-8.38231 -0.00149969 4.88992 0.00734182 0.0802521 3.72971)
(-10.8117 -0.000261848 3.70834 0.0102469 0.0397542 3.62082)
(-7.29807 -0.015732 4.61316 0.000617651 0.0354113 3.33401)
(-7.50218 -0.00330974 4.57979 0.0072821 0.0789816 3.31132)
(-9.55028 -0.00324095 3.56053 0.00887983 0.0380951 3.2636)
(-6.45374 -0.0174723 4.26504 0.000704039 0.0339886 2.88096)
(-6.65875 -0.00525333 4.25751 0.00721794 0.0774433 2.8869)
(-8.35999 -0.0062392 3.38597 0.00764304 0.0363402 2.89448)
(-5.64565 -0.019195 3.90601 0.000847037 0.0323848 2.42365)
(-5.85191 -0.00734645 3.92353 0.00716408 0.075513 2.45715)
(-7.24007 -0.00928655 3.18529 0.00656684 0.0344242 2.514)
(-4.87366 -0.0209361 3.53756 0.00108056 0.0305171 1.96343)
(-5.08149 -0.00961185 3.57876 0.00714013 0.0730382 2.02301)
(-6.18951 -0.0124236 2.95974 0.00569543 0.0322734 2.12295)
(-4.13754 -0.0227711 3.16205 0.0014201 0.0283289 1.50226)
(-4.34733 -0.012079 3.22469 0.00717306 0.0698808 1.5858)
(-5.20679 -0.0156948 2.71142 0.00507954 0.0298364 1.72247)
(-3.43681 -0.0248031 2.78273 0.0017971 0.0259185 1.04279)
(-3.6491 -0.0147617 2.86349 0.00725202 0.066064 1.14729)
(-4.28968 -0.0191165 2.44354 0.00475085 0.0271754 1.31429)
(-2.7702 -0.0271997 2.40289 0.00225991 0.02383 0.588564)
(-2.98626 -0.0176524 2.49766 0.00736592 0.0621324 0.709766)
(-3.43509 -0.0226196 2.16011 0.00469855 0.0246741 0.901064)
(-2.13408 -0.0313861 2.02253 0.00387981 0.0233578 0.144455)
(-2.35709 -0.0210985 2.12831 0.00867056 0.0598465 0.276728)
(-2.63901 -0.026098 1.86426 0.0051853 0.0234596 0.487338)
(-1.52158 -0.0405263 1.63343 0.00250292 0.0275247 -0.295413)
(-1.75426 -0.025214 1.75337 0.0126872 0.0645562 -0.148216)
(-1.89448 -0.0290595 1.55429 0.00601076 0.0267352 0.0809206)
(-0.916084 -0.0406471 1.19772 -0.0465174 0.0501302 -0.781936)
(-1.16796 -0.0242688 1.35665 0.000707638 0.0911166 -0.585992)
(-1.19677 -0.0295209 1.20868 -0.000610983 0.0410872 -0.323904)
(-0.669041 -0.029641 0.790911 0.0013925 0.153229 -1.05669)
(-0.649547 -0.0363203 0.67027 0.00275727 0.0699299 -0.723043)
(-170.042 -16.6303 38.8543 -26.6179 -13.8245 -35.9479)
(-167.395 -24.6699 9.73174 -59.6589 -11.4336 -61.3933)
(-291.073 -43.3398 14.5057 -78.6609 -11.27 -88.6065)
(-165.663 -5.48761 45.7387 -3.89485 -12.8148 -16.2772)
(-166.424 -9.90795 52.8159 -16.2521 -14.788 -21.3066)
(-287.788 -13.4037 39.949 -12.2903 -13.0065 -22.5765)
(-157.608 -1.76284 42.9207 -2.25745 -9.43935 -17.2942)
(-165.488 -3.45588 51.3643 -4.81279 -11.6342 -15.4906)
(-283.907 -3.22462 35.1442 -1.54562 -9.96575 -13.6496)
(-151.378 -0.242227 41.2537 -2.21723 -6.53922 -18.8985)
(-159.563 -1.00594 46.5223 -3.13566 -8.32572 -17.9489)
(-273.686 -0.0544099 31.4588 -2.00032 -7.06225 -16.7957)
(-146.773 0.426278 39.7107 -1.62462 -4.3166 -18.7134)
(-153.566 0.0941917 43.0518 -2.02587 -5.70517 -18.807)
(-264.115 1.08658 29.177 -1.14284 -4.67442 -17.5992)
(-143.209 0.641559 38.1425 -1.27486 -2.69189 -17.7164)
(-148.928 0.583177 40.1223 -1.3594 -3.73278 -18.4972)
(-256.697 1.38098 26.8376 -0.466024 -2.84466 -17.2733)
(-140.212 0.62183 36.597 -1.11565 -1.54445 -16.199)
(-145.112 0.726194 37.6136 -1.06906 -2.30278 -17.4771)
(-250.308 1.28539 24.4059 -0.213691 -1.52409 -16.3712)
(-137.436 0.4931 35.044 -1.03585 -0.756379 -14.384)
(-141.709 0.684492 35.4252 -0.945481 -1.29557 -15.9795)
(-244.328 1.03562 21.9377 -0.134659 -0.610009 -15.0584)
(-134.681 0.331524 33.4781 -0.992524 -0.231841 -12.467)
(-138.488 0.559861 33.4459 -0.896015 -0.606528 -14.2415)
(-238.472 0.749828 19.4761 -0.126345 -0.003052 -13.559)
(-131.856 0.179293 31.9167 -0.963354 0.104512 -10.57)
(-135.314 0.414073 31.6154 -0.877624 -0.150233 -12.4314)
(-232.6 0.48858 17.0752 -0.145306 0.381501 -12.0324)
(-128.934 0.0548836 30.3822 -0.9368 0.310395 -8.75892)
(-132.127 0.280007 29.9055 -0.867293 0.140986 -10.6481)
(-226.661 0.277218 14.7809 -0.168734 0.611353 -10.5648)
(-125.921 -0.0373203 28.894 -0.908125 0.42842 -7.06344)
(-128.904 0.171297 28.3022 -0.854557 0.318575 -8.94436)
(-220.657 0.120161 12.624 -0.187146 0.73733 -9.19635)
(-122.838 -0.100038 27.466 -0.875953 0.488968 -5.49203)
(-125.649 0.0904897 26.7983 -0.835731 0.420124 -7.34394)
(-214.609 0.0115954 10.6215 -0.197786 0.795816 -7.93947)
(-119.71 -0.138798 26.1066 -0.840468 0.51303 -4.04194)
(-122.374 0.0346781 25.3884 -0.810403 0.472182 -5.85356)
(-208.548 -0.0580259 8.78014 -0.200824 0.811899 -6.79193)
(-116.56 -0.159577 24.8195 -0.8025 0.514698 -2.70547)
(-119.093 -0.00108097 24.0679 -0.779612 0.492935 -4.47121)
(-202.501 -0.0985276 7.09938 -0.197598 0.802337 -5.74498)
(-113.406 -0.167673 23.6056 -0.763031 0.503187 -1.47339)
(-115.818 -0.0219188 22.8319 -0.74487 0.494509 -3.19093)
(-196.49 -0.118439 5.57458 -0.189734 0.778002 -4.78777)
(-110.263 -0.167316 22.4636 -0.722968 0.484369 -0.33663)
(-112.562 -0.0322997 21.676 -0.707673 0.484782 -2.00543)
(-190.533 -0.124492 4.19885 -0.178727 0.745766 -3.90966)
(-107.141 -0.161646 21.3915 -0.683043 0.461897 0.71297)
(-109.332 -0.0357422 20.5956 -0.669291 0.468756 -0.907472)
(-184.645 -0.121668 2.9643 -0.165799 0.709855 -3.10107)
(-104.048 -0.152872 20.3865 -0.643806 0.437988 1.68249)
(-106.136 -0.0348355 19.5865 -0.630704 0.44953 0.109612)
(-178.835 -0.113471 1.86283 -0.151868 0.672799 -2.3538)
(-100.99 -0.142474 19.4455 -0.60564 0.413946 2.578)
(-102.979 -0.031384 18.6448 -0.59262 0.428981 1.05172)
(-173.112 -0.102262 0.886486 -0.137588 0.636065 -1.66096)
(-97.9708 -0.1314 18.5658 -0.568792 0.390512 3.40465)
(-99.8645 -0.0265851 17.7668 -0.55552 0.408217 1.92401)
(-167.479 -0.0895711 0.0276236 -0.123402 0.600471 -1.01679)
(-94.9931 -0.120225 17.7443 -0.533409 0.36809 4.16693)
(-96.7952 -0.0211966 16.9493 -0.519708 0.38787 2.73098)
(-161.941 -0.0763497 -0.721047 -0.109593 0.566443 -0.416476)
(-92.0592 -0.109281 16.9782 -0.499564 0.346877 4.86874)
(-93.7733 -0.0156735 16.1888 -0.485358 0.368286 3.47659)
(-156.502 -0.0631649 -1.36647 -0.0963341 0.534184 0.144039)
(-89.1707 -0.0987452 16.2648 -0.467281 0.326955 5.51354)
(-90.8004 -0.0102722 15.4826 -0.452554 0.349641 4.16439)
(-151.163 -0.0503375 -1.91529 -0.0837211 0.503761 0.668201)
(-86.3289 -0.0887 15.6014 -0.436549 0.308337 6.10447)
(-87.8777 -0.00512513 14.8275 -0.421323 0.332014 4.79754)
(-145.926 -0.038037 -2.37386 -0.0718001 0.475172 1.15896)
(-83.5347 -0.0791753 14.9852 -0.40734 0.291 6.64438)
(-85.0062 -0.000291071 14.2209 -0.391653 0.315423 5.37894)
(-140.793 -0.0263442 -2.74831 -0.0605862 0.448373 1.61884)
(-80.7891 -0.0701735 14.4138 -0.379612 0.274898 7.13587)
(-82.1867 0.00421193 13.66 -0.36351 0.299858 5.91126)
(-135.763 -0.0152904 -3.04453 -0.0500758 0.423299 2.05004)
(-78.0924 -0.0616837 13.8846 -0.353317 0.259976 7.5814)
(-79.4197 0.00838632 13.1421 -0.336848 0.285288 6.39694)
(-130.838 -0.00488151 -3.26823 -0.0402551 0.399874 2.45445)
(-75.4454 -0.0536906 13.395 -0.328405 0.246173 7.98321)
(-76.7056 0.0122432 12.6647 -0.311616 0.271674 6.83829)
(-126.019 0.00488867 -3.42491 -0.0311045 0.378018 2.83372)
(-72.8482 -0.046178 12.9425 -0.304826 0.233426 8.34343)
(-74.0446 0.0157962 12.2251 -0.287759 0.258971 7.23743)
(-121.304 0.0140309 -3.51988 -0.0226022 0.357646 3.18925)
(-70.3011 -0.0391313 12.5248 -0.282528 0.22167 8.66402)
(-71.437 0.0190581 11.8209 -0.265225 0.247132 7.59636)
(-116.694 0.022557 -3.55826 -0.0147253 0.338677 3.52226)
(-67.8043 -0.0325374 12.1395 -0.261463 0.210842 8.94686)
(-68.8828 0.02204 11.4496 -0.24396 0.236109 7.91695)
(-112.189 0.0304786 -3.545 -0.00745105 0.321029 3.83381)
(-65.3578 -0.0263845 11.7842 -0.241583 0.200882 9.19367)
(-66.3818 0.024751 11.1089 -0.223915 0.225853 8.20096)
(-107.788 0.0378068 -3.48484 -0.000757036 0.304622 4.12476)
(-62.9616 -0.0206617 11.4566 -0.222841 0.191729 9.40611)
(-63.934 0.0271987 10.7963 -0.205041 0.216318 8.45003)
(-103.491 0.0445523 -3.38236 0.0053791 0.289379 4.39588)
(-60.6155 -0.015359 11.1546 -0.205191 0.183327 9.58571)
(-61.5391 0.0293897 10.5098 -0.187291 0.207458 8.66572)
(-99.2961 0.0507258 -3.24191 0.0109794 0.275224 4.64778)
(-58.3193 -0.0104661 10.876 -0.188589 0.175619 9.73392)
(-59.1969 0.0313299 10.247 -0.170619 0.199227 8.84949)
(-95.2036 0.0563382 -3.06772 0.0160657 0.262087 4.88098)
(-56.0727 -0.00597285 10.6188 -0.172992 0.168553 9.85211)
(-56.9069 0.033025 10.0059 -0.15498 0.191584 9.00272)
(-91.2121 0.0614013 -2.86378 0.0206591 0.249898 5.09591)
(-53.8756 -0.00186847 10.3808 -0.158357 0.16208 9.94158)
(-54.6687 0.0344808 9.78435 -0.140332 0.184486 9.12669)
(-87.3207 0.0659275 -2.63393 0.0247809 0.238591 5.29292)
(-51.7274 0.00185809 10.1601 -0.144644 0.156151 10.0035)
(-52.4819 0.0357034 9.58046 -0.126634 0.177895 9.22264)
(-83.5283 0.0699302 -2.38183 0.0284523 0.228105 5.47229)
(-49.6279 0.00521841 9.9549 -0.131813 0.150723 10.0391)
(-50.346 0.0366992 9.39227 -0.113842 0.171774 9.29172)
(-79.8338 0.0734235 -2.11096 0.0316942 0.218378 5.63422)
(-47.5765 0.00822461 9.76334 -0.119824 0.145752 10.0495)
(-48.2605 0.0374749 9.21797 -0.101919 0.166086 9.33503)
(-76.236 0.0764227 -1.82466 0.0345278 0.209355 5.7789)
(-45.5728 0.0108892 9.58367 -0.108639 0.141199 10.0356)
(-46.2247 0.0380379 9.05577 -0.0908235 0.160798 9.35361)
(-72.7336 0.0789435 -1.52606 0.036974 0.200982 5.90645)
(-43.6163 0.0132249 9.41421 -0.0982202 0.137026 9.99849)
(-44.2381 0.0383957 8.90399 -0.0805179 0.155879 9.34846)
(-69.3256 0.0810025 -1.21816 0.0390538 0.193209 6.01697)
(-41.7066 0.0152451 9.25336 -0.0885308 0.133199 9.93908)
(-42.3002 0.0385563 8.76099 -0.0709643 0.151299 9.32052)
(-66.0107 0.0826167 -0.903817 0.0407877 0.185989 6.11053)
(-39.843 0.0169629 9.09957 -0.0795351 0.129685 9.85826)
(-40.4102 0.0385279 8.62521 -0.0621258 0.147029 9.27068)
(-62.7877 0.0838036 -0.585706 0.0421964 0.179275 6.18721)
(-38.0252 0.0183919 8.95136 -0.0711981 0.126453 9.75691)
(-38.5677 0.038319 8.49518 -0.0539664 0.143044 9.19981)
(-59.6554 0.084581 -0.266377 0.0433002 0.173027 6.24703)
(-36.2526 0.0195455 8.80733 -0.0634857 0.123475 9.63584)
(-36.7719 0.037938 8.36947 -0.0464508 0.139318 9.10874)
(-56.6126 0.0849669 0.0517649 0.0441193 0.167204 6.29005)
(-34.5246 0.0204371 8.66612 -0.056365 0.120725 9.49584)
(-35.0224 0.0373935 8.24673 -0.0395449 0.135828 8.99826)
(-53.6582 0.0849792 0.36645 0.0446732 0.161769 6.3163)
(-32.8407 0.0210799 8.52645 -0.0498038 0.118177 9.33767)
(-33.3184 0.0366943 8.12566 -0.0332152 0.132554 8.86913)
(-50.7909 0.0846359 0.675541 0.0449813 0.156689 6.32582)
(-31.2005 0.0214878 8.38711 -0.0437707 0.11581 9.16206)
(-31.6594 0.0358489 8.00504 -0.0274291 0.129474 8.72208)
(-48.0098 0.0839551 0.977024 0.0450625 0.151929 6.31866)
(-29.6035 0.0216732 8.24694 -0.0382349 0.113603 8.96972)
(-30.0448 0.034866 7.88371 -0.0221552 0.12657 8.55783)
(-45.3136 0.0829547 1.26901 0.0449357 0.14746 6.29488)
(-28.0491 0.0216489 8.10484 -0.0331665 0.111535 8.76132)
(-28.4741 0.0337538 7.76057 -0.0173623 0.123825 8.37706)
(-42.7014 0.0816523 1.54973 0.0446195 0.143254 6.25453)
(-26.5369 0.0214272 7.95977 -0.0285375 0.109591 8.53753)
(-26.9467 0.0325206 7.63456 -0.0130206 0.121223 8.18043)
(-40.1722 0.0800649 1.81751 0.0441313 0.139285 6.19769)
(-25.0665 0.0210205 7.81075 -0.0243204 0.107753 8.29898)
(-25.4621 0.0311745 7.50472 -0.00910173 0.118749 7.96858)
(-37.7249 0.0782095 2.07081 0.0434879 0.135527 6.12447)
(-23.6373 0.0204405 7.65685 -0.0204885 0.106007 8.04629)
(-24.0198 0.0297233 7.3701 -0.0055777 0.11639 7.74215)
(-35.3588 0.0761027 2.30819 0.0427056 0.13196 6.03496)
(-22.2491 0.0196987 7.49721 -0.0170163 0.10434 7.78007)
(-22.6193 0.0281746 7.22984 -0.00242162 0.114132 7.50173)
(-33.0729 0.0737606 2.52828 0.0418003 0.128561 5.92928)
(-20.9013 0.0188062 7.33101 -0.013879 0.10274 7.50089)
(-21.2601 0.0265357 7.08312 0.000392526 0.111966 7.24792)
(-30.8664 0.0711991 2.72986 0.0407873 0.125312 5.80757)
(-19.5936 0.0177736 7.15749 -0.0110526 0.101196 7.20931)
(-19.9417 0.0248138 6.92918 0.00288977 0.10988 6.98127)
(-28.7385 0.0684333 2.91174 0.0396815 0.122195 5.66999)
(-18.3256 0.0166105 6.97593 -0.00851389 0.0996986 6.90589)
(-18.6639 0.0230153 6.76729 0.00509446 0.107865 6.70235)
(-26.6884 0.0654778 3.07288 0.0384982 0.119195 5.5167)
(-17.0971 0.0153273 6.78567 -0.00624125 0.0982393 6.59116)
(-17.426 0.0211467 6.59679 0.00703044 0.105912 6.4117)
(-24.7156 0.062346 3.21228 0.0372516 0.116297 5.3479)
(-15.9076 0.0139325 6.58609 -0.00421449 0.09681 6.26561)
(-16.2279 0.019214 6.41707 0.00871858 0.104014 6.10982)
(-22.8193 0.0590512 3.32904 0.0359538 0.113487 5.16376)
(-14.7569 0.0124345 6.37662 -0.00241344 0.0954033 5.92976)
(-15.0691 0.0172223 6.22754 0.0101803 0.102164 5.79723)
(-20.9989 0.0556053 3.42234 0.0346166 0.110753 4.96451)
(-13.6447 0.0108407 6.15675 -0.000819294 0.0940112 5.58408)
(-13.9493 0.0151759 6.0277 0.0114368 0.100354 5.47442)
(-19.2539 0.0520188 3.49143 0.0332515 0.108082 4.75037)
(-12.5707 0.00915826 5.92601 0.000586531 0.0926254 5.22902)
(-12.8682 0.0130784 5.81705 0.0125078 0.0985766 5.14185)
(-17.5838 0.0483009 3.53565 0.0318681 0.105461 4.52155)
(-11.5348 0.00739234 5.68395 0.00182405 0.0912351 4.86505)
(-11.8255 0.0109326 5.59517 0.013414 0.0968212 4.79997)
(-15.988 0.0444581 3.55438 0.0304801 0.102874 4.27831)
(-10.5366 0.00554579 5.43023 0.0029129 0.0898243 4.49259)
(-10.8209 0.00873899 5.36167 0.0141774 0.0950743 4.44924)
(-14.4662 0.0404921 3.54711 0.0291043 0.100304 4.0209)
(-9.57592 0.00361834 5.16452 0.00387257 0.0883673 4.11208)
(-9.85424 0.00649586 5.11621 0.0148194 0.0933152 4.09008)
(-13.0179 0.0363976 3.51338 0.0277557 0.0977248 3.74957)
(-8.65266 0.00160712 4.88658 0.00472474 0.0868257 3.72395)
(-8.92525 0.00419869 4.85853 0.0153636 0.0915118 3.7229)
(-11.6427 0.0321619 3.45285 0.026454 0.0950962 3.46458)
(-7.7666 -0.000493778 4.59628 0.00549333 0.0851435 3.32863)
(-8.03372 0.00184025 4.58842 0.0158363 0.0896168 3.34813)
(-10.3402 0.0277624 3.36525 0.0252231 0.092364 3.16623)
(-6.91759 -0.00269685 4.29363 0.00620404 0.0832392 2.92661)
(-7.17947 -0.000590276 4.30577 0.0162638 0.0875618 2.96618)
(-9.11 0.0231609 3.25047 0.0240922 0.0894498 2.85479)
(-6.10551 -0.00502131 3.97882 0.00688338 0.0810007 2.51846)
(-6.36232 -0.00310728 4.01062 0.0166727 0.0852521 2.57754)
(-7.95169 0.0183022 3.10859 0.0230956 0.0862447 2.53062)
(-5.33022 -0.00749168 3.65233 0.00755759 0.078294 2.10488)
(-5.58214 -0.00572659 3.70322 0.017086 0.08257 2.18273)
(-6.86473 0.0131174 2.93994 0.0222671 0.0826136 2.19408)
(-4.59162 -0.0101399 3.31507 0.00825447 0.0749994 1.68681)
(-4.83875 -0.0084614 3.38409 0.0175171 0.0793967 1.78245)
(-5.84842 0.00753566 2.74524 0.0216365 0.0784177 1.84569)
(-3.88955 -0.013004 2.96841 0.00895671 0.0711199 1.26554)
(-4.13199 -0.0113136 3.05417 0.0179523 0.0756813 1.37763)
(-4.90181 0.00151701 2.52575 0.021214 0.0735837 1.48617)
(-3.22371 -0.0161018 2.61423 0.00950274 0.0670507 0.842733)
(-3.46162 -0.0142481 2.71493 0.0182498 0.0716147 0.969551)
(-4.02352 -0.00486049 2.28331 0.0208984 0.0682838 1.11658)
(-2.59308 -0.0194874 2.25403 0.0103981 0.0641098 0.421239)
(-2.82735 -0.0171906 2.36808 0.0182349 0.067987 0.559991)
(-3.21166 -0.0112652 2.02013 0.0204986 0.0633019 0.738756)
(-1.99568 -0.0236004 1.887 0.0138733 0.0655346 0.00606931)
(-2.22771 -0.0201509 2.01473 0.0191214 0.0668512 0.152864)
(-2.46312 -0.0171048 1.73774 0.0207363 0.0606619 0.35727)
(-1.42932 -0.0280201 1.51077 0.00910212 0.0787948 -0.408323)
(-1.65697 -0.0226595 1.65571 0.0209857 0.0730446 -0.247272)
(-1.77198 -0.0211738 1.43648 0.0212867 0.0650733 -0.0195655)
(-0.86782 -0.0326793 1.10061 -0.0227531 0.115492 -0.842471)
(-1.11416 -0.0239209 1.27993 0.00604511 0.0950945 -0.659457)
(-1.13744 -0.0223642 1.10309 0.00821885 0.085093 -0.394582)
(-0.628198 -0.0412508 0.76508 0.0450916 0.134483 -1.07329)
(-0.593552 -0.0426431 0.62329 0.0451399 0.121896 -0.722065)
(-173.648 -12.0125 55.1125 -43.5917 -9.33011 -42.5823)
(-169.094 -11.7554 15.5057 -72.2028 -4.98641 -68.0664)
(-296.296 -26.4188 25.6626 -113.035 -6.83408 -105.933)
(-174.119 -4.99553 63.0281 -13.0144 -9.71881 -16.8062)
(-170.244 -5.83833 65.3149 -25.027 -7.37877 -22.9145)
(-297.631 -10.8175 57.0078 -34.6592 -9.47402 -28.44)
(-167.171 -1.93182 55.2895 -6.03342 -7.65523 -16.0743)
(-171.089 -2.56549 62.3945 -9.17743 -6.40058 -14.3748)
(-296.277 -3.53976 48.7775 -10.4591 -7.8998 -13.225)
(-160.337 -0.484629 48.9972 -4.06033 -5.56262 -18.1547)
(-165.747 -0.972816 54.1079 -5.51778 -4.90893 -16.77)
(-285.983 -0.677779 40.2905 -5.58123 -5.91208 -15.7129)
(-154.687 0.246956 44.1105 -2.69973 -3.83851 -18.6864)
(-159.44 -0.134885 47.7628 -3.53395 -3.53159 -18.2003)
(-274.798 0.585368 34.3734 -2.8376 -4.11736 -17.1739)
(-150 0.557294 40.2177 -1.96927 -2.51004 -18.2729)
(-154.164 0.282501 42.7322 -2.39597 -2.40258 -18.4144)
(-265.559 1.08303 29.481 -1.30948 -2.64944 -17.4649)
(-145.938 0.624537 37.0955 -1.61701 -1.53346 -17.2105)
(-149.632 0.44323 38.7404 -1.84478 -1.5415 -17.8132)
(-257.525 1.16302 25.2933 -0.647798 -1.53816 -17.0527)
(-142.22 0.567032 34.4983 -1.44307 -0.841225 -15.7403)
(-145.537 0.460678 35.5377 -1.57825 -0.91444 -16.6407)
(-250.147 1.04318 21.6545 -0.382305 -0.740862 -16.1183)
(-138.674 0.459112 32.2588 -1.358 -0.366743 -14.076)
(-141.702 0.408399 32.8839 -1.45161 -0.474173 -15.1481)
(-243.152 0.849413 18.4366 -0.302241 -0.19362 -14.9023)
(-135.206 0.343613 30.2771 -1.3129 -0.0525618 -12.357)
(-138.009 0.331128 30.618 -1.39204 -0.175511 -13.5176)
(-236.382 0.649689 15.5635 -0.306419 0.166126 -13.5811)
(-131.77 0.241636 28.4918 -1.28084 0.147676 -10.6647)
(-134.397 0.253526 28.6371 -1.35853 0.0201054 -11.8609)
(-229.749 0.47612 12.9868 -0.339167 0.391691 -12.256)
(-128.348 0.160867 26.8642 -1.24895 0.269422 -9.04295)
(-130.832 0.187027 26.8735 -1.33019 0.143283 -10.2423)
(-223.213 0.339437 10.6714 -0.373443 0.524809 -10.981)
(-124.937 0.101689 25.3684 -1.21212 0.338638 -7.51207)
(-127.303 0.135215 25.2818 -1.29784 0.217058 -8.69559)
(-216.757 0.239109 8.58944 -0.398215 0.596301 -9.78079)
(-121.541 0.0611248 23.9868 -1.16925 0.373664 -6.07873)
(-123.805 0.0975683 23.8313 -1.25852 0.258071 -7.23591)
(-210.377 0.169664 6.71831 -0.410519 0.627969 -8.66316)
(-118.166 0.0351285 22.706 -1.12114 0.387061 -4.74235)
(-120.339 0.0717887 22.5 -1.21235 0.277943 -5.86778)
(-204.074 0.124238 5.03871 -0.41118 0.63471 -7.62716)
(-114.818 0.0197717 21.5163 -1.06927 0.387202 -3.49889)
(-116.908 0.0551203 21.2723 -1.16082 0.284548 -4.59017)
(-197.852 0.0963467 3.53413 -0.402495 0.626399 -6.66771)
(-111.503 0.0117537 20.4095 -1.01522 0.379527 -2.34295)
(-113.515 0.0450087 20.1364 -1.10573 0.28309 -3.39934)
(-191.715 0.0806167 2.19034 -0.38703 0.609411 -5.77829)
(-108.226 0.00853331 19.3794 -0.960377 0.367489 -1.26887)
(-110.165 0.0393627 19.0834 -1.04879 0.276922 -2.29054)
(-185.668 0.072934 0.995006 -0.367077 0.58776 -4.95218)
(-104.991 0.0082744 18.4206 -0.905802 0.353232 -0.271251)
(-106.86 0.0366015 18.1063 -0.991398 0.268157 -1.25883)
(-179.716 0.0703285 -0.062734 -0.344471 0.563909 -4.18312)
(-101.801 0.00971831 17.5284 -0.85228 0.338054 0.654837)
(-103.602 0.0355998 17.1994 -0.934605 0.258099 -0.299458)
(-173.862 0.0707552 -0.992529 -0.320569 0.539336 -3.4655)
(-98.6585 0.0120432 16.699 -0.800339 0.322724 1.51384)
(-100.394 0.0355968 16.3581 -0.879142 0.247534 0.591969)
(-168.108 0.0728647 -1.8031 -0.296325 0.5149 -2.79442)
(-95.5658 0.0147385 15.9288 -0.750307 0.307682 2.30975)
(-97.2374 0.0361029 15.5781 -0.825483 0.236923 1.41945)
(-162.458 0.075803 -2.50244 -0.272369 0.491084 -2.1656)
(-92.5243 0.0175044 15.2143 -0.702368 0.293172 3.04616)
(-94.1341 0.0368188 14.8558 -0.773913 0.226531 2.18662)
(-156.913 0.0790529 -3.09799 -0.249097 0.468145 -1.57537)
(-89.5352 0.0201773 14.5525 -0.656603 0.279318 3.72631)
(-91.0851 0.0375726 14.1878 -0.724574 0.216502 2.89679)
(-151.476 0.0823166 -3.59675 -0.226742 0.44621 -1.02052)
(-86.5996 0.0226772 13.9404 -0.613027 0.266177 4.35319)
(-88.0915 0.0382732 13.5711 -0.677518 0.206911 3.55298)
(-146.148 0.0854336 -4.00535 -0.205425 0.425327 -0.498289)
(-83.7181 0.024972 13.3752 -0.571611 0.253764 4.92953)
(-85.154 0.0388783 13.0026 -0.632736 0.19779 4.15797)
(-140.929 0.0883248 -4.33012 -0.185198 0.405503 -0.00626349)
(-80.8913 0.0270558 12.8542 -0.532301 0.242072 5.45786)
(-82.2731 0.0393734 12.4794 -0.590183 0.189147 4.71433)
(-135.82 0.0909576 -4.57716 -0.166068 0.386719 0.457641)
(-78.1196 0.0289348 12.3745 -0.495031 0.231083 5.94052)
(-79.4492 0.0397577 11.9988 -0.549794 0.180979 5.22446)
(-130.822 0.0933232 -4.75228 -0.148022 0.368945 0.895233)
(-75.4033 0.0306195 11.9337 -0.459727 0.220771 6.37972)
(-76.6826 0.0400369 11.558 -0.511492 0.173272 5.69059)
(-125.934 0.095424 -4.86111 -0.13103 0.352141 1.30808)
(-72.7425 0.032121 11.5292 -0.426316 0.211103 6.7775)
(-73.9734 0.0402186 11.1545 -0.4752 0.16601 6.11478)
(-121.157 0.0972668 -4.90907 -0.115058 0.336265 1.69752)
(-70.1371 0.0334491 11.1584 -0.394724 0.20205 7.1358)
(-71.3215 0.0403099 10.7857 -0.440838 0.159174 6.499)
(-116.49 0.0988589 -4.90133 -0.100069 0.321274 2.06472)
(-67.5871 0.0346118 10.8189 -0.364877 0.193577 7.45639)
(-68.7268 0.0403167 10.449 -0.40833 0.152743 6.84506)
(-111.932 0.100207 -4.84291 -0.0860286 0.307124 2.41065)
(-65.0923 0.0356152 10.5085 -0.336707 0.185651 7.741)
(-66.189 0.0402435 10.1421 -0.377601 0.146696 7.15468)
(-107.484 0.101315 -4.73859 -0.0728999 0.293769 2.73615)
(-62.6524 0.0364642 10.2247 -0.310146 0.17824 7.9912)
(-63.708 0.0400937 9.86269 -0.34858 0.141013 7.42946)
(-103.144 0.10219 -4.59297 -0.0606494 0.281167 3.04191)
(-60.2671 0.0371628 9.9653 -0.28513 0.171313 8.20849)
(-61.2832 0.0398696 9.60839 -0.321198 0.135672 7.67093)
(-98.9107 0.102833 -4.41045 -0.049244 0.269276 3.32851)
(-57.9359 0.0377144 9.72824 -0.261596 0.164838 8.39428)
(-58.9141 0.039573 9.37706 -0.29539 0.130653 7.8805)
(-94.7837 0.103248 -4.19524 -0.0386518 0.258054 3.59643)
(-55.6583 0.0381223 9.51139 -0.239481 0.158786 8.54991)
(-56.6003 0.0392055 9.16656 -0.27109 0.125937 8.05951)
(-90.7617 0.103439 -3.95136 -0.0288412 0.247462 3.84605)
(-53.4338 0.0383898 9.31274 -0.218728 0.153127 8.67664)
(-54.3412 0.0387683 8.97484 -0.248238 0.121504 8.20924)
(-86.8434 0.10341 -3.68263 -0.0197817 0.237462 4.07767)
(-51.2619 0.0385201 9.13034 -0.199277 0.147836 8.77564)
(-52.1362 0.0382627 8.79993 -0.226773 0.117337 8.33089)
(-83.0276 0.103163 -3.3927 -0.0114427 0.228018 4.29155)
(-49.142 0.0385169 8.96234 -0.181073 0.142886 8.84805)
(-49.9846 0.0376903 8.63994 -0.206636 0.113417 8.42558)
(-79.313 0.102704 -3.08505 -0.00379397 0.219094 4.48786)
(-47.0734 0.0383842 8.80694 -0.16406 0.138251 8.89495)
(-47.8857 0.0370527 8.49304 -0.18777 0.109728 8.49439)
(-75.6982 0.102038 -2.76298 0.00319445 0.210657 4.66675)
(-45.0554 0.0381262 8.66242 -0.148184 0.13391 8.91733)
(-45.8389 0.0363517 8.35748 -0.170119 0.106255 8.53835)
(-72.1819 0.101169 -2.42962 0.00955249 0.202676 4.82832)
(-43.0876 0.0377474 8.52712 -0.133393 0.12984 8.91618)
(-43.8434 0.0355894 8.23158 -0.153627 0.102981 8.55842)
(-68.7627 0.100104 -2.08794 0.0153098 0.195122 4.97265)
(-41.1691 0.0372526 8.39948 -0.119634 0.126019 8.89241)
(-41.8985 0.034768 8.11374 -0.138242 0.0998934 8.55554)
(-65.4392 0.0988498 -1.74074 0.0204958 0.187965 5.09979)
(-39.2993 0.0366467 8.27798 -0.106858 0.12243 8.84691)
(-40.0035 0.03389 8.00243 -0.123911 0.0969779 8.53059)
(-62.21 0.0974121 -1.39069 0.02514 0.181179 5.20979)
(-37.4775 0.0359348 8.16119 -0.0950142 0.119052 8.78053)
(-38.1577 0.0329579 7.89619 -0.110583 0.0942219 8.48442)
(-59.0739 0.0957981 -1.04029 0.0292713 0.174739 5.30267)
(-35.7031 0.035122 8.04773 -0.0840561 0.115869 8.69407)
(-36.3603 0.0319743 7.79362 -0.0982079 0.0916135 8.41785)
(-56.0294 0.0940152 -0.691923 0.0329183 0.16862 5.37847)
(-33.9754 0.0342136 7.93628 -0.0739366 0.112864 8.58833)
(-34.6106 0.030942 7.6934 -0.0867378 0.0891415 8.33166)
(-53.0752 0.0920706 -0.347814 0.0361093 0.1628 5.4372)
(-32.2938 0.0332149 7.82562 -0.0646102 0.110023 8.46405)
(-32.908 0.0298637 7.59426 -0.0761252 0.0867953 8.2266)
(-50.2102 0.0899717 -0.0100636 0.0388721 0.157259 5.47891)
(-30.6576 0.0321312 7.71457 -0.056033 0.107332 8.32195)
(-31.2517 0.0287422 7.49502 -0.0663243 0.0845651 8.1034)
(-47.433 0.0877261 0.319354 0.041234 0.151976 5.50363)
(-29.0662 0.0309676 7.602 -0.0481617 0.104777 8.16275)
(-29.6411 0.0275804 7.39453 -0.0572904 0.0824415 7.96278)
(-44.7424 0.0853413 0.638589 0.0432218 0.146932 5.51141)
(-27.519 0.0297293 7.48685 -0.0409548 0.102346 7.98712)
(-28.0755 0.0263811 7.29173 -0.0489795 0.080416 7.8054)
(-42.1374 0.0828247 0.945907 0.0448618 0.14211 5.50231)
(-26.0154 0.0284214 7.36814 -0.0343722 0.100028 7.79572)
(-26.5543 0.0251469 7.1856 -0.0413499 0.0784806 7.63194)
(-39.6167 0.0801839 1.23969 0.0461796 0.137493 5.47641)
(-24.5549 0.0270489 7.24492 -0.028375 0.097812 7.58919)
(-25.0769 0.0238806 7.0752 -0.034361 0.0766278 7.44303)
(-37.1794 0.077426 1.51842 0.0472 0.133067 5.43379)
(-23.1369 0.0256164 7.1163 -0.0229256 0.0956894 7.36816)
(-23.6427 0.0225849 6.95961 -0.0279735 0.0748507 7.2393)
(-34.8243 0.0745584 1.78069 0.047947 0.128816 5.37456)
(-21.7609 0.0241286 6.98145 -0.0179877 0.0936509 7.13321)
(-22.2512 0.0212623 6.838 -0.0221493 0.073143 7.02135)
(-32.5506 0.071588 2.0252 0.0484442 0.124729 5.29885)
(-20.4265 0.02259 6.8396 -0.0135262 0.0916885 6.88495)
(-20.9017 0.0199151 6.70958 -0.0168515 0.0714989 6.78977)
(-30.3573 0.0685215 2.25073 0.0487141 0.120791 5.20678)
(-19.1331 0.0210048 6.69002 -0.00950709 0.0897947 6.62393)
(-19.5939 0.0185458 6.57361 -0.0120446 0.0699129 6.54513)
(-28.2436 0.0653656 2.45616 0.0487788 0.116992 5.09853)
(-17.8803 0.0193768 6.53203 -0.00589778 0.0879628 6.35071)
(-18.3272 0.0171565 6.4294 -0.00769406 0.06838 6.28799)
(-26.2086 0.0621265 2.64046 0.0486599 0.113322 4.97426)
(-16.6677 0.0177101 6.365 -0.0026674 0.0861867 6.06582)
(-17.1011 0.0157491 6.27631 -0.00376692 0.0668957 6.01888)
(-24.2516 0.0588103 2.80268 0.048378 0.109769 4.83415)
(-15.4948 0.016008 6.18836 0.000213647 0.0844607 5.76979)
(-15.9152 0.0143257 6.11375 -0.000232245 0.0654557 5.73833)
(-22.3718 0.0554226 2.94194 0.0479523 0.106326 4.67842)
(-14.3614 0.014273 6.00155 0.00277488 0.082779 5.46311)
(-14.7692 0.0128874 5.94117 0.00294056 0.0640561 5.44685)
(-20.5686 0.051968 3.05747 0.0474031 0.102983 4.50726)
(-13.2671 0.0125071 5.80411 0.00504463 0.0811354 5.14627)
(-13.6626 0.0114352 5.75807 0.0057818 0.0626925 5.14493)
(-18.8414 0.0484498 3.14854 0.0467508 0.0997308 4.32092)
(-12.2116 0.0107118 5.59557 0.00705089 0.0795221 4.81974)
(-12.5951 0.00996959 5.564 0.0083203 0.0613597 4.83304)
(-17.1896 0.0448695 3.21451 0.0460142 0.0965592 4.11961)
(-11.1945 0.00888757 5.37553 0.00882327 0.0779287 4.48397)
(-11.5664 0.00849048 5.35853 0.0105862 0.0600509 4.51164)
(-15.6125 0.041227 3.25481 0.0452163 0.0934554 3.9036)
(-10.2156 0.00703306 5.14365 0.0103922 0.0763403 4.13939)
(-10.5761 0.00699682 5.1413 0.0126117 0.0587569 4.18116)
(-14.1099 0.0375186 3.26892 0.0443849 0.0904029 3.67313)
(-9.27459 0.00514478 4.89961 0.0117894 0.0747341 3.78644)
(-9.624 0.00548612 4.91198 0.0144295 0.0574637 3.84204)
(-12.6811 0.0337353 3.2564 0.0435504 0.0873783 3.42845)
(-8.37131 0.00321697 4.64315 0.0130492 0.073076 3.42551)
(-8.70981 0.00395427 4.67028 0.0160747 0.0561506 3.49467)
(-11.3258 0.0298612 3.21688 0.0427496 0.0843473 3.16981)
(-7.50552 0.00124176 4.37411 0.0142081 0.0713172 3.05702)
(-7.8333 0.00239587 4.41598 0.0175845 0.054787 3.13945)
(-10.0436 0.0258722 3.15008 0.0420265 0.0812615 2.89747)
(-6.67703 -0.000791757 4.09239 0.0153038 0.0693904 2.68137)
(-6.99424 0.000804131 4.14893 0.0189974 0.0533305 2.77677)
(-8.83398 0.0217343 3.0558 0.0414302 0.0780539 2.61167)
(-5.88565 -0.00289688 3.79804 0.0163709 0.0672113 2.29901)
(-6.19244 -0.000828704 3.86907 0.0203495 0.051726 2.40702)
(-7.69669 0.0174036 2.93397 0.0410115 0.0746376 2.31267)
(-5.13123 -0.00508735 3.49132 0.0174319 0.0646915 1.91048)
(-5.4277 -0.0025095 3.57652 0.0216643 0.0499113 2.03063)
(-6.63123 0.0128319 2.78471 0.0408058 0.0709133 2.00074)
(-4.41361 -0.00737454 3.1728 0.018482 0.0617784 1.51649)
(-4.69984 -0.00424086 3.2716 0.0229382 0.0478362 1.64817)
(-5.63705 0.00797994 2.60844 0.0408054 0.0667956 1.67619)
(-3.73262 -0.00975881 2.84353 0.0194081 0.0585531 1.11805)
(-4.00866 -0.00601483 2.95506 0.0241037 0.0455115 1.26041)
(-4.71338 0.00284979 2.40601 0.0408926 0.0622796 1.33953)
(-3.08802 -0.0122155 2.50515 0.0199087 0.0554339 0.716636)
(-3.35394 -0.00780083 2.62821 0.0249044 0.0431138 0.868474)
(-3.8591 -0.00245233 2.17893 0.0406825 0.0575833 0.991549)
(-2.47908 -0.0147559 2.15959 0.0203451 0.0535326 0.31532)
(-2.7355 -0.00955926 2.29293 0.025056 0.0411699 0.474243)
(-3.07253 -0.00765218 1.92938 0.0395763 0.0533981 0.633934)
(-1.90449 -0.0174509 1.80849 0.0218039 0.0553021 -0.0805576)
(-2.1521 -0.0113077 1.95139 0.0256183 0.0408524 0.0820738)
(-2.35056 -0.0122823 1.66016 0.0377175 0.05131 0.27134)
(-1.36183 -0.0196268 1.45418 0.0140605 0.0655089 -0.474514)
(-1.59926 -0.0128817 1.60689 0.0257412 0.0445483 -0.303364)
(-1.68774 -0.0153511 1.37472 0.0339908 0.0546064 -0.0883533)
(-0.823425 -0.0239331 1.0692 0.00409726 0.0887475 -0.87159)
(-1.078 -0.0147654 1.24873 0.012092 0.0556027 -0.697655)
(-1.084 -0.0170721 1.06068 0.0241188 0.0677719 -0.443423)
(-0.603615 -0.0254732 0.754816 0.076754 0.0737252 -1.07661)
(-0.558016 -0.0312722 0.606484 0.108408 0.0898475 -0.727691)
(-174.175 -4.10844 61.5712 -49.5407 -2.93739 -44.0114)
(-169.384 -7.51255e-09 17.076 -75.5739 -1.00569e-09 -69.4246)
(-297.966 -8.36923 30.1457 -124.705 -2.04218 -110.908)
(-176.429 -2.01136 70.664 -16.6176 -3.27366 -15.8398)
(-170.728 -1.81886e-08 68.9992 -27.6694 -1.17705e-09 -22.6737)
(-299.734 -4.01297 64.2332 -42.7296 -3.09483 -28.6381)
(-170.5 -0.902303 61.3689 -8.09846 -2.73575 -14.7978)
(-172.347 -1.6873e-08 65.8845 -10.7218 -1.78332e-09 -13.6335)
(-300.118 -1.64135 55.1154 -14.7067 -2.77381 -11.7564)
(-163.962 -0.291558 53.2259 -5.39221 -2.07303 -17.3026)
(-167.435 -1.78302e-08 56.6911 -6.46236 -1.84194e-09 -16.1935)
(-290.637 -0.486315 44.8729 -7.95944 -2.18118 -14.5312)
(-158.198 0.0391158 46.7856 -3.61131 -1.47352 -18.2665)
(-161.202 -2.25121e-08 49.4811 -4.15191 -4.39028e-09 -17.8698)
(-279.36 0.0988581 37.3906 -4.22691 -1.57176 -16.5008)
(-153.192 0.191075 41.6983 -2.63216 -0.987946 -18.1976)
(-155.825 -2.19562e-08 43.7598 -2.8199 -4.4939e-09 -18.2834)
(-269.652 0.357559 31.251 -2.1368 -1.0416 -17.1826)
(-148.734 0.237538 37.709 -2.14062 -0.620231 -17.4061)
(-151.119 -1.98848e-08 39.2524 -2.15758 -5.83507e-10 -17.8394)
(-261.038 0.429018 26.1278 -1.17773 -0.626023 -17.0735)
(-144.62 0.228188 34.5075 -1.88962 -0.354187 -16.144)
(-146.829 -2.22017e-08 35.6835 -1.82902 4.20527e-09 -16.7885)
(-253.082 0.40672 21.8241 -0.762013 -0.320784 -16.3723)
(-140.714 0.194206 31.8602 -1.76199 -0.168775 -14.6357)
(-142.806 -1.96085e-08 32.7787 -1.66831 7.69682e-09 -15.3877)
(-245.571 0.345589 18.1529 -0.610055 -0.107277 -15.332)
(-136.936 0.153791 29.6124 -1.69273 -0.0440489 -13.0302)
(-138.947 -8.71743e-09 30.3464 -1.59028 5.32665e-09 -13.8249)
(-238.366 0.275735 14.9819 -0.583323 0.0356368 -14.1403)
(-133.242 0.116301 27.6601 -1.64537 0.0368331 -11.4176)
(-135.193 -2.43848e-09 28.2588 -1.5464 -5.67476e-09 -12.2165)
(-231.383 0.21202 12.2171 -0.604845 0.12708 -12.9079)
(-129.61 0.0855764 25.9328 -1.60171 0.0871036 -9.84954)
(-131.512 -2.92932e-09 26.4297 -1.51139 -1.81537e-08 -10.6312)
(-224.57 0.160202 9.78833 -0.635776 0.182518 -11.6968)
(-126.027 0.0623623 24.3823 -1.55387 0.116635 -8.35273)
(-127.888 -8.28272e-10 24.8004 -1.47367 -1.7992e-08 -9.10624)
(-217.896 0.121113 7.64292 -0.65904 0.213625 -10.5387)
(-122.49 0.0458968 22.9753 -1.49957 0.132503 -6.93915)
(-124.312 -2.08208e-09 23.3305 -1.42908 -4.32417e-09 -7.65987)
(-211.344 0.0932818 5.74073 -0.668926 0.228795 -9.44709)
(-118.997 0.0348536 21.6881 -1.43923 0.139615 -5.61231)
(-120.781 -1.48278e-08 21.9918 -1.37727 6.58856e-10 -6.29897)
(-204.903 0.074431 4.05084 -0.665314 0.233842 -8.4256)
(-115.548 0.027851 20.5039 -1.3744 0.141273 -4.37121)
(-117.296 -2.25286e-08 20.7641 -1.31961 -7.23178e-10 -5.02425)
(-198.568 0.0622638 2.54911 -0.650452 0.232666 -7.4725)
(-112.144 0.0236856 19.4104 -1.30689 0.13965 -3.21262)
(-113.856 -1.49425e-08 19.6331 -1.258 -2.03539e-09 -3.83332)
(-192.336 0.0548078 1.21644 -0.627245 0.227813 -6.58373)
(-108.788 0.021409 18.3983 -1.23833 0.136134 -2.13244)
(-110.464 -7.52912e-09 18.5881 -1.19428 -2.06894e-09 -2.72233)
(-186.207 0.0505194 0.0373722 -0.598432 0.220904 -5.75432)
(-105.482 0.0203242 17.4604 -1.17005 0.131599 -1.12632)
(-107.121 -7.39572e-09 17.6208 -1.13 -1.18598e-09 -1.68698)
(-180.181 0.0482651 -1.00086 -0.566268 0.212945 -4.97922)
(-102.226 0.0199465 16.5911 -1.10301 0.12658 -0.190027)
(-103.829 -8.97675e-09 16.7249 -1.06632 -2.24374e-09 -0.72296)
(-174.26 0.0472537 -1.90913 -0.532461 0.204547 -4.25363)
(-99.0218 0.0199554 15.7857 -1.03787 0.121396 0.680402)
(-100.589 -9.67337e-09 15.8953 -1.00409 -4.36697e-09 0.173836)
(-168.446 0.0469571 -2.69691 -0.49822 0.196072 -3.57319)
(-95.872 0.0201491 15.04 -0.975066 0.116237 1.48865)
(-97.4029 -1.05501e-08 15.1275 -0.943833 -6.83895e-09 1.00722)
(-162.739 0.0470374 -3.3727 -0.464359 0.187726 -2.93399)
(-92.777 0.0204078 14.3505 -0.914823 0.111208 2.2381)
(-94.272 -1.14796e-08 14.4176 -0.885884 -9.20501e-09 1.78069)
(-157.142 0.0472875 -3.94426 -0.431393 0.179625 -2.33258)
(-89.7381 0.0206648 13.7138 -0.857253 0.106366 2.93186)
(-91.1973 -1.20433e-08 13.7622 -0.83041 -1.13099e-08 2.49747)
(-151.656 0.0475871 -4.41882 -0.399625 0.171828 -1.76594)
(-86.7558 0.0208868 13.1268 -0.802377 0.10174 3.57281)
(-88.1797 -1.30522e-08 13.158 -0.777472 -1.34463e-08 3.16053)
(-146.282 0.0478701 -4.80317 -0.369216 0.164362 -1.23138)
(-83.831 0.0210597 12.5865 -0.750164 0.0973424 4.16361)
(-85.2197 -1.40681e-08 12.602 -0.727065 -1.45384e-08 3.77261)
(-141.021 0.0481036 -5.10378 -0.340234 0.157236 -0.726605)
(-80.9639 0.0211803 12.0902 -0.700549 0.0931745 4.70673)
(-82.318 -1.44111e-08 12.0912 -0.679139 -1.38554e-08 4.33624)
(-135.872 0.0482732 -5.32683 -0.312693 0.150448 -0.249574)
(-78.1549 0.0212501 11.6349 -0.653449 0.089233 5.20447)
(-79.4748 -1.45838e-08 11.6229 -0.633623 -1.23047e-08 4.8538)
(-130.837 0.0483746 -5.47823 -0.286573 0.143992 0.201468)
(-75.4042 0.0212729 11.218 -0.608776 0.0855113 5.65899)
(-76.6903 -1.46904e-08 11.1942 -0.590432 -1.09872e-08 5.32749)
(-125.916 0.0484083 -5.56366 -0.261836 0.137856 0.628043)
(-72.7117 0.0212526 10.8371 -0.566436 0.0820011 6.07231)
(-73.9646 -1.42569e-08 10.8026 -0.549479 -1.00835e-08 5.75936)
(-121.108 0.0483765 -5.58859 -0.238439 0.132028 1.03146)
(-70.0773 0.0211927 10.4894 -0.526338 0.078693 6.44631)
(-71.2976 -1.32251e-08 10.4454 -0.510676 -9.08799e-09 6.15134)
(-116.412 0.0482817 -5.55824 -0.216334 0.126495 1.41284)
(-67.5007 0.0210959 10.1725 -0.488393 0.0755772 6.78275)
(-68.689 -1.18908e-08 10.1202 -0.473936 -8.48836e-09 6.50525)
(-111.828 0.048126 -5.47765 -0.195474 0.121244 1.77313)
(-64.9818 0.0209642 9.88416 -0.452515 0.0726436 7.08332)
(-66.1387 -1.06099e-08 9.82447 -0.439178 -8.17194e-09 6.82279)
(-107.356 0.0479111 -5.35163 -0.175812 0.116261 2.11314)
(-62.5201 0.0207991 9.62195 -0.418622 0.0698823 7.34956)
(-63.6462 -9.87691e-09 9.55594 -0.406321 -7.52269e-09 7.10553)
(-102.995 0.0476382 -5.18481 -0.157306 0.111531 2.43353)
(-60.115 0.0206016 9.38365 -0.386634 0.0672834 7.58296)
(-61.211 -1.0262e-08 9.31231 -0.37529 -6.71849e-09 7.355)
(-98.742 0.0473081 -4.98159 -0.139911 0.107043 2.73485)
(-57.7662 0.0203724 9.16711 -0.356474 0.0648374 7.7849)
(-58.8327 -1.1908e-08 9.09137 -0.34601 -5.96292e-09 7.5726)
(-94.5976 0.0469215 -4.74618 -0.123588 0.102782 3.01756)
(-55.4729 0.0201121 8.97023 -0.328066 0.0625349 7.95669)
(-56.5106 -1.39642e-08 8.89099 -0.318411 -5.22199e-09 7.75965)
(-90.5602 0.0464788 -4.48262 -0.108297 0.0987367 3.28202)
(-53.2346 0.0198213 8.79102 -0.301339 0.0603668 8.09956)
(-54.2442 -1.54391e-08 8.70913 -0.292423 -4.73432e-09 7.91743)
(-86.6283 0.0459805 -4.19473 -0.0939981 0.0948945 3.52851)
(-51.0507 0.0195006 8.62754 -0.276222 0.0583246 8.2147)
(-52.0328 -1.60735e-08 8.54381 -0.267981 -4.05533e-09 8.04711)
(-82.8006 0.0454274 -3.88615 -0.0806542 0.0912439 3.75726)
(-48.9203 0.0191505 8.47792 -0.252647 0.0564 8.3032)
(-49.8756 -1.58074e-08 8.39315 -0.245019 -2.89088e-09 8.14982)
(-79.0757 0.0448202 -3.56037 -0.0682271 0.0877737 3.96844)
(-46.8429 0.0187719 8.34039 -0.230545 0.0545852 8.36613)
(-47.7719 -1.49719e-08 8.25531 -0.223473 -1.10145e-09 8.22663)
(-75.4522 0.0441598 -3.22066 -0.0566796 0.0844732 4.16217)
(-44.8176 0.0183655 8.21323 -0.209852 0.0528726 8.40447)
(-45.7211 -1.41989e-08 8.12855 -0.203282 1.2393e-09 8.27855)
(-71.9286 0.0434473 -2.87014 -0.0459746 0.0813324 4.33855)
(-42.8437 0.0179323 8.09481 -0.190504 0.0512552 8.4192)
(-43.7223 -1.48834e-08 8.01122 -0.184385 4.09207e-09 8.30656)
(-68.5035 0.0426841 -2.51179 -0.0360754 0.0783415 4.49763)
(-40.9205 0.0174733 7.98358 -0.172437 0.0497263 8.41123)
(-41.7748 -1.77378e-08 7.9017 -0.166723 7.51286e-09 8.31156)
(-65.1754 0.0418714 -2.14838 -0.0269457 0.0754914 4.63946)
(-39.0473 0.0169896 7.87802 -0.155592 0.0482795 8.38142)
(-39.8778 -2.14319e-08 7.79848 -0.150239 1.12264e-08 8.29445)
(-61.9428 0.0410109 -1.78258 -0.0185493 0.0727734 4.76407)
(-37.2232 0.0164824 7.77673 -0.139909 0.0469089 8.33061)
(-38.0305 -2.32742e-08 7.70009 -0.134876 1.42179e-08 8.25607)
(-58.8044 0.0401042 -1.41686 -0.0108508 0.0701794 4.87149)
(-35.4475 0.0159527 7.67835 -0.125329 0.0456089 8.25962)
(-36.2323 -2.1838e-08 7.60517 -0.12058 1.63765e-08 8.19722)
(-55.7587 0.039153 -1.05359 -0.00381499 0.0677014 4.96174)
(-33.7196 0.015402 7.58158 -0.111797 0.0443742 8.16921)
(-34.4823 -2.03153e-08 7.51239 -0.107296 1.93283e-08 8.1187)
(-52.8043 0.0381591 -0.694981 0.00259288 0.0653323 5.03482)
(-32.0387 0.0148313 7.48521 -0.0992569 0.0431998 8.06014)
(-32.7798 -2.11229e-08 7.4205 -0.0949729 2.2948e-08 8.02125)
(-49.94 0.0371244 -0.343113 0.0084069 0.0630651 5.09078)
(-30.404 0.014242 7.38808 -0.0876565 0.0420812 7.93313)
(-31.1241 -2.27643e-08 7.32831 -0.0835605 2.75654e-08 7.9056)
(-47.1644 0.0360508 5.90811e-05 0.0136605 0.0608933 5.12964)
(-28.815 0.0136353 7.28909 -0.0769433 0.0410139 7.78887)
(-29.5145 -2.4598e-08 7.2347 -0.0730092 3.22647e-08 7.77246)
(-44.4762 0.0349402 0.332702 0.0183863 0.0588106 5.15146)
(-27.271 0.0130125 7.1872 -0.0670669 0.039994 7.62805)
(-27.9504 -2.64641e-08 7.1386 -0.0632708 3.54423e-08 7.6225)
(-41.8743 0.0337945 0.653101 0.0226169 0.0568114 5.15628)
(-25.7713 0.0123749 7.08143 -0.057979 0.0390176 7.45132)
(-26.431 -2.74851e-08 7.03903 -0.0542993 3.71342e-08 7.45638)
(-39.3575 0.0326156 0.959655 0.0263835 0.0548902 5.14418)
(-24.3153 0.0117236 6.97087 -0.0496327 0.0380814 7.25931)
(-24.9557 -2.69794e-08 6.93502 -0.04605 3.72618e-08 7.27474)
(-36.9247 0.0314056 1.25087 0.0297166 0.0530419 5.11525)
(-22.9024 0.0110598 6.85464 -0.0419823 0.0371821 7.05266)
(-23.5239 -2.47498e-08 6.8257 -0.0384794 3.64112e-08 7.07821)
(-34.5747 0.0301662 1.52536 0.0326458 0.0512618 5.06959)
(-21.5321 0.0103846 6.73194 -0.034984 0.0363167 6.83196)
(-22.1351 -2.07499e-08 6.71022 -0.0315458 3.42155e-08 6.8674)
(-32.3067 0.0288992 1.78183 0.0352 0.0495455 5.00733)
(-20.2038 0.00969918 6.602 -0.0285952 0.0354826 6.5978)
(-20.7886 -1.59014e-08 6.58781 -0.0252086 3.11153e-08 6.64288)
(-30.1195 0.0276066 2.01909 0.0374073 0.0478887 4.9286)
(-18.917 0.00900445 6.46412 -0.0227749 0.034677 6.35075)
(-19.484 -1.13451e-08 6.45774 -0.0194284 2.67459e-08 6.40523)
(-28.0124 0.0262899 2.23603 0.0392951 0.0462877 4.83356)
(-17.6713 0.00830138 6.31764 -0.0174833 0.0338978 6.09135)
(-18.2207 -6.03934e-09 6.31933 -0.0141673 2.20283e-08 6.15502)
(-25.9844 0.0249508 2.43164 0.0408902 0.0447387 4.72238)
(-16.4661 0.00759086 6.16194 -0.012683 0.0331428 5.82015)
(-16.9983 -2.30568e-10 6.17195 -0.0093889 1.81631e-08 5.89277)
(-24.0348 0.023591 2.60499 0.0422181 0.0432385 4.59525)
(-15.3011 0.00687357 5.99647 -0.0083379 0.0324098 5.53767)
(-15.8163 3.52355e-09 6.01502 -0.00505901 1.50999e-08 5.61901)
(-22.1628 0.0222116 2.75523 0.0433033 0.0417837 4.45238)
(-14.1758 0.00615 5.82069 -0.00441215 0.0316969 5.24441)
(-14.6742 5.67138e-09 5.84799 -0.00114377 1.22417e-08 5.33425)
(-20.3677 0.0208139 2.88157 0.0441711 0.0403713 4.29398)
(-13.0899 0.00542035 5.63413 -0.000871176 0.0310016 4.94086)
(-13.5718 8.38807e-09 5.67037 0.0023904 9.81411e-09 5.03899)
(-18.6488 0.0193983 2.98332 0.0448477 0.0389979 4.12027)
(-12.043 0.00468465 5.43637 0.00231922 0.0303207 4.62748)
(-12.5086 1.10876e-08 5.48171 0.00557558 1.0118e-08 4.73369)
(-17.0055 0.0179646 3.05985 0.0453573 0.0376596 3.93149)
(-11.0347 0.00394266 5.227 0.00519551 0.0296501 4.30472)
(-11.4843 1.36216e-08 5.2816 0.00844523 1.08131e-08 4.41881)
(-15.4373 0.0165121 3.11059 0.0457289 0.0363513 3.72789)
(-10.0649 0.00319341 5.00567 0.00779555 0.0289838 3.97303)
(-10.4985 1.57714e-08 5.06968 0.0110354 1.06575e-08 4.0948)
(-13.9437 0.0150388 3.13503 0.0459984 0.0350665 3.50971)
(-9.13321 0.0024352 4.77208 0.0101585 0.0283126 3.63281)
(-9.55098 1.69705e-08 4.84561 0.0133828 1.03807e-08 3.76206)
(-12.5242 0.0135406 3.13273 0.0462052 0.033796 3.2772)
(-8.23936 0.0016655 4.52595 0.0123263 0.0276234 3.28446)
(-8.64148 1.82773e-08 4.6091 0.0155264 9.00721e-09 3.42101)
(-11.1783 0.0120108 3.10332 0.0463971 0.0325265 3.0306)
(-7.38312 0.000881201 4.26708 0.0143428 0.026897 2.92835)
(-7.76973 1.87236e-08 4.35993 0.0175077 6.06679e-09 3.07202)
(-9.90564 0.0104398 3.04647 0.0466279 0.0312389 2.77014)
(-6.56429 7.83945e-05 3.99534 0.0162523 0.0261086 2.56484)
(-6.93549 1.72045e-08 4.09793 0.019369 1.70803e-09 2.71546)
(-8.70584 0.00881467 2.96193 0.046957 0.0299077 2.49604)
(-5.78265 -0.000747191 3.71069 0.0180914 0.0252283 2.19435)
(-6.13856 1.26257e-08 3.823 0.0211491 -8.57679e-10 2.3517)
(-7.57852 0.00712008 2.84959 0.0474408 0.0285011 2.20849)
(-5.03802 -0.00159917 3.4133 0.0198756 0.0242283 1.81731)
(-5.37873 4.14603e-09 3.5352 0.0228702 -4.41277e-10 1.98115)
(-6.52325 0.00534034 2.70945 0.0481081 0.026985 1.90772)
(-4.33019 -0.00247898 3.10363 0.0215758 0.0230995 1.43436)
(-4.65579 -7.28635e-09 3.23484 0.0245201 2.2502e-09 1.60432)
(-5.53953 0.00346576 2.54181 0.0489193 0.0253348 1.59397)
(-3.65901 -0.00338252 2.78266 0.0230242 0.0218904 1.04644)
(-3.96952 -1.8282e-08 2.9226 0.0260087 5.10096e-09 1.22195)
(-4.6266 0.00150493 2.34742 0.0496802 0.0235623 1.26766)
(-3.02423 -0.00429695 2.45215 0.02386 0.0207784 0.655091)
(-3.31973 -2.30382e-08 2.59981 0.0270383 6.071e-09 0.835173)
(-3.7834 -0.000494665 2.12776 0.0498742 0.0217686 0.929577)
(-2.42527 -0.00522769 2.11444 0.0244509 0.0201808 0.263623)
(-2.70627 -8.00421e-09 2.26846 0.0272958 5.07096e-09 0.445927)
(-3.00826 -0.00243312 1.88526 0.0487868 0.0202265 0.581443)
(-1.86128 -0.00622147 1.77234 0.02562 0.0209265 -0.122389)
(-2.12796 3.11319e-08 1.93112 0.027826 1.85495e-08 0.0587773)
(-2.29803 -0.00416961 1.62345 0.0465449 0.0195014 0.228068)
(-1.33023 -0.00720862 1.42962 0.0177767 0.0244484 -0.505716)
(-1.58081 4.78525e-08 1.59174 0.0276422 5.35269e-08 -0.321571)
(-1.64789 -0.00547297 1.34695 0.0421428 0.0206461 -0.122913)
(-0.805109 -0.00940114 1.05678 0.0160074 0.0318931 -0.887021)
(-1.06665 2.50512e-09 1.2395 0.0150641 7.08238e-08 -0.71001)
(-1.0587 -0.00668413 1.04326 0.0351824 0.0249246 -0.468336)
(-0.597307 -6.34241e-09 0.752447 0.0867674 6.65968e-09 -1.08011)
(-0.543525 -0.0116132 0.602176 0.135084 0.0321821 -0.737316)
(-174.175 4.10844 61.5712 -49.5407 2.93739 -44.0114)
(-169.094 11.7554 15.5057 -72.2028 4.98641 -68.0664)
(-297.966 8.36923 30.1457 -124.705 2.04218 -110.908)
(-176.429 2.01136 70.664 -16.6176 3.27366 -15.8398)
(-170.244 5.83833 65.3149 -25.027 7.37877 -22.9145)
(-299.734 4.01297 64.2332 -42.7296 3.09483 -28.6381)
(-170.5 0.902303 61.3689 -8.09846 2.73575 -14.7978)
(-171.089 2.56549 62.3945 -9.17743 6.40058 -14.3748)
(-300.118 1.64135 55.1154 -14.7067 2.77381 -11.7564)
(-163.962 0.291558 53.2259 -5.39221 2.07303 -17.3026)
(-165.747 0.972816 54.1079 -5.51778 4.90893 -16.77)
(-290.637 0.486315 44.8729 -7.95944 2.18118 -14.5312)
(-158.198 -0.0391159 46.7856 -3.61131 1.47352 -18.2665)
(-159.44 0.134885 47.7628 -3.53395 3.53159 -18.2003)
(-279.36 -0.0988581 37.3906 -4.22691 1.57176 -16.5008)
(-153.192 -0.191075 41.6983 -2.63216 0.987945 -18.1976)
(-154.164 -0.282501 42.7322 -2.39597 2.40258 -18.4144)
(-269.652 -0.357559 31.251 -2.1368 1.0416 -17.1826)
(-148.734 -0.237538 37.709 -2.14062 0.620231 -17.4061)
(-149.632 -0.44323 38.7404 -1.84478 1.5415 -17.8132)
(-261.038 -0.429018 26.1278 -1.17773 0.626023 -17.0735)
(-144.62 -0.228188 34.5075 -1.88962 0.354187 -16.144)
(-145.537 -0.460678 35.5377 -1.57825 0.91444 -16.6407)
(-253.082 -0.40672 21.8241 -0.762013 0.320784 -16.3723)
(-140.714 -0.194206 31.8602 -1.76199 0.168775 -14.6357)
(-141.702 -0.408399 32.8839 -1.45161 0.474173 -15.1481)
(-245.571 -0.345589 18.1529 -0.610055 0.107277 -15.332)
(-136.936 -0.153791 29.6124 -1.69273 0.0440489 -13.0302)
(-138.009 -0.331128 30.618 -1.39204 0.175511 -13.5176)
(-238.366 -0.275735 14.9819 -0.583323 -0.0356368 -14.1403)
(-133.242 -0.116301 27.6601 -1.64537 -0.0368332 -11.4176)
(-134.397 -0.253526 28.6371 -1.35853 -0.0201054 -11.8609)
(-231.383 -0.21202 12.2171 -0.604845 -0.12708 -12.9079)
(-129.61 -0.0855764 25.9328 -1.60171 -0.0871036 -9.84954)
(-130.832 -0.187027 26.8735 -1.33019 -0.143283 -10.2423)
(-224.57 -0.160202 9.78833 -0.635776 -0.182518 -11.6968)
(-126.027 -0.0623623 24.3823 -1.55387 -0.116635 -8.35273)
(-127.303 -0.135215 25.2818 -1.29784 -0.217058 -8.69559)
(-217.896 -0.121113 7.64292 -0.65904 -0.213625 -10.5387)
(-122.49 -0.0458968 22.9753 -1.49957 -0.132503 -6.93915)
(-123.805 -0.0975683 23.8313 -1.25852 -0.258071 -7.23591)
(-211.344 -0.0932818 5.74073 -0.668926 -0.228795 -9.44709)
(-118.997 -0.0348536 21.6881 -1.43923 -0.139615 -5.61231)
(-120.339 -0.0717887 22.5 -1.21235 -0.277943 -5.86778)
(-204.903 -0.074431 4.05084 -0.665314 -0.233842 -8.4256)
(-115.548 -0.027851 20.5039 -1.3744 -0.141273 -4.37121)
(-116.908 -0.0551204 21.2723 -1.16082 -0.284548 -4.59017)
(-198.568 -0.0622638 2.54911 -0.650452 -0.232666 -7.4725)
(-112.144 -0.0236856 19.4104 -1.30689 -0.13965 -3.21262)
(-113.515 -0.0450087 20.1364 -1.10573 -0.28309 -3.39934)
(-192.336 -0.0548079 1.21644 -0.627245 -0.227813 -6.58373)
(-108.788 -0.021409 18.3983 -1.23833 -0.136134 -2.13244)
(-110.165 -0.0393627 19.0834 -1.04879 -0.276922 -2.29054)
(-186.207 -0.0505194 0.0373723 -0.598432 -0.220904 -5.75432)
(-105.482 -0.0203242 17.4604 -1.17005 -0.131599 -1.12631)
(-106.86 -0.0366015 18.1063 -0.991398 -0.268157 -1.25883)
(-180.181 -0.0482651 -1.00086 -0.566268 -0.212945 -4.97922)
(-102.226 -0.0199466 16.5911 -1.10301 -0.12658 -0.190027)
(-103.602 -0.0355998 17.1994 -0.934605 -0.258099 -0.299458)
(-174.26 -0.0472537 -1.90913 -0.532461 -0.204547 -4.25363)
(-99.0218 -0.0199554 15.7857 -1.03787 -0.121396 0.680402)
(-100.394 -0.0355969 16.3581 -0.879142 -0.247534 0.591969)
(-168.446 -0.0469571 -2.69691 -0.49822 -0.196072 -3.57319)
(-95.872 -0.0201491 15.04 -0.975066 -0.116237 1.48865)
(-97.2374 -0.0361029 15.5781 -0.825483 -0.236923 1.41945)
(-162.739 -0.0470374 -3.3727 -0.464359 -0.187726 -2.93399)
(-92.777 -0.0204078 14.3505 -0.914823 -0.111208 2.2381)
(-94.1341 -0.0368188 14.8558 -0.773913 -0.226531 2.18662)
(-157.142 -0.0472876 -3.94426 -0.431393 -0.179625 -2.33258)
(-89.7381 -0.0206648 13.7138 -0.857253 -0.106366 2.93186)
(-91.0851 -0.0375726 14.1878 -0.724574 -0.216502 2.89679)
(-151.656 -0.0475871 -4.41882 -0.399625 -0.171828 -1.76594)
(-86.7558 -0.0208868 13.1268 -0.802377 -0.10174 3.57281)
(-88.0915 -0.0382732 13.5711 -0.677518 -0.206911 3.55298)
(-146.282 -0.0478702 -4.80317 -0.369216 -0.164362 -1.23138)
(-83.831 -0.0210598 12.5865 -0.750164 -0.0973425 4.16361)
(-85.154 -0.0388784 13.0026 -0.632736 -0.19779 4.15797)
(-141.021 -0.0481036 -5.10378 -0.340234 -0.157236 -0.726605)
(-80.9639 -0.0211803 12.0902 -0.700549 -0.0931745 4.70673)
(-82.2731 -0.0393734 12.4794 -0.590183 -0.189147 4.71433)
(-135.872 -0.0482732 -5.32683 -0.312693 -0.150448 -0.249574)
(-78.1549 -0.0212501 11.6349 -0.653449 -0.089233 5.20447)
(-79.4492 -0.0397577 11.9988 -0.549794 -0.180979 5.22446)
(-130.837 -0.0483747 -5.47823 -0.286573 -0.143992 0.201468)
(-75.4042 -0.0212729 11.218 -0.608776 -0.0855113 5.65899)
(-76.6826 -0.0400369 11.558 -0.511492 -0.173272 5.69059)
(-125.916 -0.0484084 -5.56366 -0.261836 -0.137856 0.628043)
(-72.7117 -0.0212526 10.8371 -0.566436 -0.0820011 6.07231)
(-73.9734 -0.0402186 11.1545 -0.4752 -0.16601 6.11478)
(-121.108 -0.0483766 -5.58859 -0.238439 -0.132028 1.03146)
(-70.0773 -0.0211927 10.4894 -0.526338 -0.078693 6.44631)
(-71.3215 -0.0403099 10.7857 -0.440838 -0.159174 6.499)
(-116.412 -0.0482817 -5.55824 -0.216334 -0.126495 1.41284)
(-67.5007 -0.0210959 10.1725 -0.488393 -0.0755772 6.78275)
(-68.7268 -0.0403167 10.449 -0.40833 -0.152743 6.84506)
(-111.828 -0.048126 -5.47765 -0.195474 -0.121244 1.77313)
(-64.9818 -0.0209642 9.88416 -0.452515 -0.0726436 7.08332)
(-66.189 -0.0402435 10.1421 -0.377601 -0.146696 7.15468)
(-107.356 -0.0479111 -5.35163 -0.175812 -0.116261 2.11314)
(-62.5201 -0.0207991 9.62195 -0.418622 -0.0698823 7.34956)
(-63.708 -0.0400937 9.86269 -0.34858 -0.141013 7.42946)
(-102.995 -0.0476382 -5.18481 -0.157306 -0.111531 2.43353)
(-60.115 -0.0206016 9.38365 -0.386634 -0.0672834 7.58296)
(-61.2832 -0.0398696 9.60839 -0.321198 -0.135672 7.67093)
(-98.742 -0.0473082 -4.98159 -0.139911 -0.107043 2.73485)
(-57.7662 -0.0203724 9.16711 -0.356474 -0.0648374 7.7849)
(-58.9141 -0.039573 9.37706 -0.29539 -0.130653 7.8805)
(-94.5976 -0.0469215 -4.74618 -0.123588 -0.102782 3.01756)
(-55.4729 -0.0201121 8.97023 -0.328066 -0.0625349 7.95669)
(-56.6003 -0.0392055 9.16656 -0.27109 -0.125937 8.05951)
(-90.5602 -0.0464788 -4.48262 -0.108297 -0.0987367 3.28202)
(-53.2346 -0.0198213 8.79102 -0.301339 -0.0603668 8.09956)
(-54.3412 -0.0387683 8.97484 -0.248238 -0.121504 8.20924)
(-86.6283 -0.0459806 -4.19473 -0.0939981 -0.0948945 3.52851)
(-51.0507 -0.0195006 8.62754 -0.276222 -0.0583246 8.2147)
(-52.1362 -0.0382627 8.79993 -0.226773 -0.117337 8.33089)
(-82.8006 -0.0454274 -3.88615 -0.0806542 -0.0912439 3.75726)
(-48.9203 -0.0191505 8.47792 -0.252647 -0.0564 8.3032)
(-49.9846 -0.0376903 8.63994 -0.206636 -0.113417 8.42558)
(-79.0757 -0.0448202 -3.56037 -0.0682271 -0.0877737 3.96844)
(-46.8429 -0.0187719 8.34039 -0.230545 -0.0545852 8.36613)
(-47.8857 -0.0370527 8.49304 -0.18777 -0.109728 8.49439)
(-75.4522 -0.0441598 -3.22066 -0.0566796 -0.0844732 4.16217)
(-44.8176 -0.0183655 8.21323 -0.209852 -0.0528726 8.40447)
(-45.8389 -0.0363517 8.35748 -0.170119 -0.106255 8.53835)
(-71.9286 -0.0434474 -2.87014 -0.0459746 -0.0813324 4.33855)
(-42.8437 -0.0179323 8.09481 -0.190504 -0.0512552 8.4192)
(-43.8434 -0.0355894 8.23158 -0.153627 -0.102981 8.55842)
(-68.5035 -0.0426841 -2.51179 -0.0360754 -0.0783415 4.49763)
(-40.9205 -0.0174734 7.98358 -0.172437 -0.0497263 8.41123)
(-41.8985 -0.034768 8.11374 -0.138242 -0.0998934 8.55554)
(-65.1754 -0.0418715 -2.14838 -0.0269456 -0.0754914 4.63946)
(-39.0473 -0.0169897 7.87802 -0.155592 -0.0482795 8.38142)
(-40.0035 -0.03389 8.00243 -0.123911 -0.0969779 8.53059)
(-61.9428 -0.0410109 -1.78258 -0.0185493 -0.0727734 4.76407)
(-37.2232 -0.0164824 7.77673 -0.139909 -0.0469089 8.33061)
(-38.1577 -0.0329579 7.89619 -0.110583 -0.0942219 8.48442)
(-58.8044 -0.0401042 -1.41686 -0.0108508 -0.0701793 4.87149)
(-35.4475 -0.0159528 7.67835 -0.125329 -0.0456089 8.25962)
(-36.3603 -0.0319743 7.79362 -0.0982079 -0.0916135 8.41785)
(-55.7587 -0.039153 -1.05359 -0.00381498 -0.0677014 4.96174)
(-33.7196 -0.015402 7.58158 -0.111797 -0.0443742 8.16921)
(-34.6106 -0.030942 7.6934 -0.0867378 -0.0891415 8.33165)
(-52.8043 -0.0381591 -0.694981 0.00259289 -0.0653323 5.03482)
(-32.0387 -0.0148313 7.48521 -0.0992569 -0.0431998 8.06014)
(-32.908 -0.0298637 7.59426 -0.0761252 -0.0867953 8.2266)
(-49.94 -0.0371245 -0.343113 0.00840692 -0.0630651 5.09078)
(-30.404 -0.014242 7.38808 -0.0876565 -0.0420811 7.93313)
(-31.2517 -0.0287423 7.49502 -0.0663243 -0.0845651 8.1034)
(-47.1644 -0.0360508 5.90882e-05 0.0136605 -0.0608932 5.12964)
(-28.815 -0.0136354 7.28909 -0.0769433 -0.0410138 7.78887)
(-29.6411 -0.0275805 7.39453 -0.0572904 -0.0824415 7.96278)
(-44.4762 -0.0349402 0.332702 0.0183863 -0.0588106 5.15146)
(-27.271 -0.0130126 7.1872 -0.0670669 -0.0399939 7.62805)
(-28.0755 -0.0263811 7.29173 -0.0489795 -0.080416 7.8054)
(-41.8743 -0.0337945 0.653101 0.022617 -0.0568113 5.15628)
(-25.7713 -0.0123749 7.08143 -0.057979 -0.0390176 7.45132)
(-26.5543 -0.0251469 7.1856 -0.0413499 -0.0784805 7.63194)
(-39.3575 -0.0326157 0.959655 0.0263836 -0.0548901 5.14418)
(-24.3153 -0.0117236 6.97087 -0.0496326 -0.0380814 7.25931)
(-25.0769 -0.0238807 7.0752 -0.034361 -0.0766277 7.44303)
(-36.9247 -0.0314056 1.25087 0.0297166 -0.0530418 5.11525)
(-22.9024 -0.0110598 6.85464 -0.0419823 -0.0371821 7.05266)
(-23.6427 -0.0225849 6.95961 -0.0279735 -0.0748506 7.2393)
(-34.5747 -0.0301662 1.52536 0.0326458 -0.0512618 5.06959)
(-21.5321 -0.0103847 6.73194 -0.034984 -0.0363167 6.83196)
(-22.2512 -0.0212623 6.838 -0.0221493 -0.073143 7.02135)
(-32.3067 -0.0288993 1.78183 0.0352 -0.0495454 5.00733)
(-20.2038 -0.0096992 6.602 -0.0285952 -0.0354825 6.5978)
(-20.9017 -0.0199151 6.70958 -0.0168515 -0.0714988 6.78977)
(-30.1195 -0.0276066 2.01909 0.0374073 -0.0478887 4.9286)
(-18.917 -0.00900447 6.46412 -0.0227749 -0.034677 6.35075)
(-19.5939 -0.0185458 6.57361 -0.0120446 -0.0699128 6.54513)
(-28.0124 -0.0262899 2.23603 0.0392951 -0.0462877 4.83356)
(-17.6713 -0.00830139 6.31764 -0.0174833 -0.0338978 6.09135)
(-18.3272 -0.0171565 6.4294 -0.00769405 -0.06838 6.28799)
(-25.9844 -0.0249508 2.43164 0.0408903 -0.0447387 4.72238)
(-16.4661 -0.00759085 6.16194 -0.012683 -0.0331427 5.82015)
(-17.1011 -0.0157491 6.27631 -0.0037669 -0.0668957 6.01888)
(-24.0348 -0.023591 2.60499 0.0422182 -0.0432385 4.59525)
(-15.3011 -0.00687356 5.99647 -0.00833787 -0.0324098 5.53767)
(-15.9152 -0.0143257 6.11375 -0.000232221 -0.0654557 5.73833)
(-22.1628 -0.0222116 2.75523 0.0433034 -0.0417837 4.45238)
(-14.1758 -0.00614998 5.82069 -0.00441212 -0.0316969 5.24441)
(-14.7692 -0.0128874 5.94117 0.00294059 -0.0640561 5.44685)
(-20.3677 -0.0208139 2.88157 0.0441712 -0.0403713 4.29398)
(-13.0899 -0.00542033 5.63413 -0.00087116 -0.0310016 4.94086)
(-13.6626 -0.0114352 5.75807 0.00578184 -0.0626925 5.14493)
(-18.6488 -0.0193983 2.98332 0.0448477 -0.0389979 4.12027)
(-12.043 -0.00468462 5.43637 0.00231923 -0.0303207 4.62748)
(-12.5951 -0.00996956 5.564 0.00832033 -0.0613597 4.83304)
(-17.0055 -0.0179646 3.05985 0.0453574 -0.0376596 3.93149)
(-11.0347 -0.00394263 5.227 0.00519551 -0.0296501 4.30472)
(-11.5664 -0.00849045 5.35853 0.0105862 -0.0600509 4.51164)
(-15.4373 -0.0165121 3.11059 0.045729 -0.0363513 3.72789)
(-10.0649 -0.00319338 5.00567 0.00779554 -0.0289837 3.97303)
(-10.5761 -0.00699679 5.1413 0.0126117 -0.0587568 4.18116)
(-13.9437 -0.0150388 3.13503 0.0459984 -0.0350665 3.50971)
(-9.13321 -0.00243517 4.77208 0.0101585 -0.0283126 3.63281)
(-9.624 -0.00548609 4.91198 0.0144295 -0.0574637 3.84204)
(-12.5242 -0.0135406 3.13273 0.0462052 -0.033796 3.2772)
(-8.23936 -0.00166547 4.52595 0.0123263 -0.0276233 3.28446)
(-8.70981 -0.00395425 4.67028 0.0160747 -0.0561506 3.49467)
(-11.1783 -0.0120108 3.10332 0.0463971 -0.0325264 3.0306)
(-7.38312 -0.000881169 4.26708 0.0143428 -0.026897 2.92835)
(-7.8333 -0.00239584 4.41598 0.0175845 -0.054787 3.13945)
(-9.90564 -0.0104397 3.04647 0.0466279 -0.0312389 2.77014)
(-6.56429 -7.83676e-05 3.99534 0.0162523 -0.0261086 2.56484)
(-6.99424 -0.000804111 4.14893 0.0189974 -0.0533305 2.77677)
(-8.70584 -0.00881465 2.96193 0.046957 -0.0299077 2.49604)
(-5.78265 0.000747207 3.71069 0.0180914 -0.0252283 2.19435)
(-6.19244 0.000828721 3.86907 0.0203495 -0.051726 2.40702)
(-7.57852 -0.00712007 2.84959 0.0474408 -0.0285011 2.20849)
(-5.03802 0.00159917 3.4133 0.0198756 -0.0242283 1.81731)
(-5.4277 0.00250951 3.57652 0.0216643 -0.0499113 2.03063)
(-6.52325 -0.00534033 2.70945 0.0481081 -0.026985 1.90772)
(-4.33019 0.00247896 3.10363 0.0215758 -0.0230995 1.43436)
(-4.69984 0.00424086 3.2716 0.0229383 -0.0478362 1.64817)
(-5.53953 -0.00346577 2.54181 0.0489193 -0.0253348 1.59397)
(-3.65901 0.00338248 2.78266 0.0230242 -0.0218903 1.04644)
(-4.00866 0.00601481 2.95506 0.0241038 -0.0455115 1.26041)
(-4.6266 -0.00150495 2.34742 0.0496802 -0.0235623 1.26766)
(-3.02423 0.00429691 2.45215 0.02386 -0.0207784 0.655091)
(-3.35394 0.0078008 2.62821 0.0249044 -0.0431138 0.868474)
(-3.7834 0.000494627 2.12776 0.0498742 -0.0217686 0.929577)
(-2.42527 0.0052277 2.11444 0.0244509 -0.0201808 0.263623)
(-2.7355 0.00955925 2.29293 0.025056 -0.0411699 0.474243)
(-3.00826 0.00243311 1.88526 0.0487868 -0.0202265 0.581443)
(-1.86128 0.00622155 1.77234 0.02562 -0.0209264 -0.122388)
(-2.1521 0.0113078 1.95139 0.0256183 -0.0408524 0.0820737)
(-2.29803 0.0041697 1.62345 0.0465449 -0.0195014 0.228067)
(-1.33023 0.00720869 1.42962 0.0177767 -0.0244483 -0.505716)
(-1.59926 0.0128817 1.60689 0.0257413 -0.0445483 -0.303364)
(-1.64789 0.00547313 1.34695 0.0421428 -0.020646 -0.122913)
(-0.805109 0.00940114 1.05678 0.0160073 -0.0318931 -0.887021)
(-1.078 0.0147654 1.24873 0.012092 -0.0556026 -0.697654)
(-1.0587 0.00668417 1.04326 0.0351825 -0.0249244 -0.468336)
(-0.603616 0.0254732 0.754816 0.076754 -0.0737251 -1.07661)
(-0.543524 0.0116132 0.602176 0.135084 -0.0321821 -0.737316)
(-173.648 12.0125 55.1125 -43.5917 9.33011 -42.5823)
(-167.395 24.6699 9.73174 -59.6589 11.4336 -61.3933)
(-296.296 26.4188 25.6626 -113.035 6.83408 -105.933)
(-174.119 4.99553 63.0281 -13.0144 9.71881 -16.8062)
(-166.424 9.90795 52.8159 -16.2521 14.788 -21.3066)
(-297.631 10.8175 57.0078 -34.6592 9.47402 -28.44)
(-167.171 1.93182 55.2895 -6.03342 7.65523 -16.0743)
(-165.488 3.45588 51.3643 -4.81279 11.6342 -15.4906)
(-296.277 3.53976 48.7775 -10.4591 7.8998 -13.225)
(-160.337 0.484629 48.9972 -4.06033 5.56262 -18.1547)
(-159.563 1.00594 46.5223 -3.13566 8.32572 -17.9489)
(-285.983 0.677779 40.2905 -5.58123 5.91208 -15.7129)
(-154.687 -0.246956 44.1105 -2.69973 3.83851 -18.6864)
(-153.566 -0.0941917 43.0518 -2.02587 5.70517 -18.807)
(-274.798 -0.585368 34.3734 -2.8376 4.11736 -17.1739)
(-150 -0.557294 40.2177 -1.96927 2.51004 -18.2729)
(-148.928 -0.583177 40.1223 -1.3594 3.73278 -18.4972)
(-265.559 -1.08303 29.481 -1.30948 2.64944 -17.4649)
(-145.938 -0.624537 37.0955 -1.61701 1.53346 -17.2105)
(-145.112 -0.726194 37.6136 -1.06906 2.30278 -17.4771)
(-257.525 -1.16302 25.2933 -0.647798 1.53816 -17.0527)
(-142.22 -0.567033 34.4983 -1.44307 0.841225 -15.7403)
(-141.709 -0.684492 35.4252 -0.945481 1.29557 -15.9795)
(-250.147 -1.04318 21.6545 -0.382305 0.740862 -16.1183)
(-138.674 -0.459112 32.2588 -1.358 0.366743 -14.076)
(-138.488 -0.559861 33.4459 -0.896015 0.606528 -14.2415)
(-243.152 -0.849413 18.4366 -0.302241 0.19362 -14.9023)
(-135.206 -0.343613 30.2771 -1.3129 0.0525618 -12.357)
(-135.314 -0.414073 31.6154 -0.877624 0.150233 -12.4314)
(-236.382 -0.649689 15.5635 -0.306419 -0.166126 -13.5811)
(-131.77 -0.241636 28.4918 -1.28084 -0.147676 -10.6647)
(-132.127 -0.280007 29.9055 -0.867293 -0.140986 -10.6481)
(-229.749 -0.47612 12.9868 -0.339167 -0.391691 -12.256)
(-128.348 -0.160867 26.8642 -1.24895 -0.269422 -9.04295)
(-128.904 -0.171297 28.3022 -0.854557 -0.318575 -8.94436)
(-223.213 -0.339437 10.6714 -0.373443 -0.524809 -10.981)
(-124.937 -0.101689 25.3684 -1.21212 -0.338638 -7.51207)
(-125.649 -0.0904898 26.7983 -0.835731 -0.420124 -7.34394)
(-216.757 -0.239109 8.58944 -0.398215 -0.596301 -9.78079)
(-121.541 -0.0611248 23.9868 -1.16925 -0.373664 -6.07873)
(-122.374 -0.0346781 25.3884 -0.810403 -0.472182 -5.85356)
(-210.377 -0.169664 6.71831 -0.410519 -0.627969 -8.66316)
(-118.166 -0.0351286 22.706 -1.12114 -0.387061 -4.74235)
(-119.093 0.00108096 24.0679 -0.779612 -0.492935 -4.47121)
(-204.074 -0.124238 5.03871 -0.41118 -0.63471 -7.62716)
(-114.818 -0.0197717 21.5163 -1.06927 -0.387202 -3.49889)
(-115.818 0.0219187 22.8319 -0.74487 -0.494509 -3.19093)
(-197.852 -0.0963468 3.53413 -0.402495 -0.626399 -6.66771)
(-111.503 -0.0117537 20.4095 -1.01522 -0.379527 -2.34295)
(-112.562 0.0322997 21.676 -0.707673 -0.484782 -2.00543)
(-191.715 -0.0806167 2.19034 -0.38703 -0.609411 -5.77829)
(-108.226 -0.00853332 19.3794 -0.960377 -0.367489 -1.26887)
(-109.332 0.0357422 20.5956 -0.669291 -0.468756 -0.907472)
(-185.668 -0.072934 0.995006 -0.367077 -0.58776 -4.95218)
(-104.991 -0.00827442 18.4206 -0.905802 -0.353232 -0.271251)
(-106.136 0.0348355 19.5865 -0.630703 -0.44953 0.109612)
(-179.716 -0.0703286 -0.0627339 -0.344471 -0.563909 -4.18312)
(-101.801 -0.00971833 17.5284 -0.85228 -0.338054 0.654837)
(-102.979 0.031384 18.6448 -0.59262 -0.428981 1.05172)
(-173.862 -0.0707552 -0.992529 -0.320569 -0.539336 -3.4655)
(-98.6585 -0.0120432 16.699 -0.800339 -0.322724 1.51384)
(-99.8645 0.0265851 17.7668 -0.55552 -0.408217 1.92401)
(-168.108 -0.0728647 -1.8031 -0.296325 -0.5149 -2.79442)
(-95.5658 -0.0147385 15.9288 -0.750307 -0.307682 2.30975)
(-96.7952 0.0211966 16.9493 -0.519708 -0.38787 2.73098)
(-162.458 -0.0758031 -2.50244 -0.272369 -0.491084 -2.1656)
(-92.5243 -0.0175044 15.2143 -0.702368 -0.293172 3.04616)
(-93.7733 0.0156734 16.1888 -0.485358 -0.368286 3.47659)
(-156.913 -0.0790529 -3.09799 -0.249097 -0.468145 -1.57537)
(-89.5352 -0.0201774 14.5525 -0.656603 -0.279318 3.72631)
(-90.8004 0.0102722 15.4826 -0.452554 -0.349641 4.16439)
(-151.476 -0.0823166 -3.59675 -0.226742 -0.44621 -1.02052)
(-86.5996 -0.0226772 13.9404 -0.613027 -0.266177 4.35319)
(-87.8777 0.00512511 14.8275 -0.421323 -0.332014 4.79754)
(-146.148 -0.0854336 -4.00535 -0.205425 -0.425327 -0.498289)
(-83.7181 -0.024972 13.3752 -0.571611 -0.253764 4.92953)
(-85.0062 0.00029105 14.2209 -0.391653 -0.315423 5.37894)
(-140.929 -0.0883249 -4.33012 -0.185198 -0.405503 -0.00626348)
(-80.8913 -0.0270559 12.8542 -0.532301 -0.242072 5.45786)
(-82.1867 -0.00421195 13.66 -0.36351 -0.299858 5.91126)
(-135.82 -0.0909577 -4.57716 -0.166068 -0.386719 0.457641)
(-78.1196 -0.0289348 12.3745 -0.495031 -0.231083 5.94052)
(-79.4197 -0.00838634 13.1421 -0.336848 -0.285288 6.39694)
(-130.822 -0.0933232 -4.75228 -0.148022 -0.368945 0.895233)
(-75.4033 -0.0306195 11.9337 -0.459727 -0.220771 6.37972)
(-76.7056 -0.0122433 12.6647 -0.311616 -0.271674 6.83829)
(-125.934 -0.0954241 -4.86111 -0.13103 -0.352141 1.30808)
(-72.7425 -0.032121 11.5292 -0.426316 -0.211103 6.7775)
(-74.0446 -0.0157962 12.2251 -0.287759 -0.258971 7.23743)
(-121.157 -0.0972669 -4.90907 -0.115058 -0.336265 1.69752)
(-70.1371 -0.0334491 11.1584 -0.394724 -0.20205 7.13579)
(-71.437 -0.0190581 11.8209 -0.265225 -0.247132 7.59636)
(-116.49 -0.0988589 -4.90133 -0.100069 -0.321274 2.06472)
(-67.5871 -0.0346118 10.8189 -0.364877 -0.193577 7.45639)
(-68.8828 -0.02204 11.4496 -0.24396 -0.236109 7.91695)
(-111.932 -0.100207 -4.84291 -0.0860286 -0.307124 2.41065)
(-65.0923 -0.0356152 10.5085 -0.336707 -0.185651 7.741)
(-66.3818 -0.024751 11.1089 -0.223915 -0.225853 8.20096)
(-107.484 -0.101316 -4.73859 -0.0728999 -0.293769 2.73615)
(-62.6524 -0.0364642 10.2247 -0.310146 -0.17824 7.9912)
(-63.934 -0.0271988 10.7963 -0.205041 -0.216318 8.45003)
(-103.144 -0.10219 -4.59297 -0.0606494 -0.281167 3.04191)
(-60.2671 -0.0371628 9.9653 -0.28513 -0.171313 8.20849)
(-61.5391 -0.0293897 10.5098 -0.187291 -0.207458 8.66572)
(-98.9107 -0.102833 -4.41045 -0.049244 -0.269276 3.32851)
(-57.9359 -0.0377145 9.72824 -0.261596 -0.164838 8.39428)
(-59.1969 -0.0313299 10.247 -0.170619 -0.199227 8.84949)
(-94.7837 -0.103248 -4.19524 -0.0386517 -0.258054 3.59643)
(-55.6583 -0.0381224 9.51139 -0.239481 -0.158786 8.54991)
(-56.9069 -0.033025 10.0059 -0.15498 -0.191584 9.00272)
(-90.7617 -0.10344 -3.95136 -0.0288412 -0.247462 3.84605)
(-53.4338 -0.0383898 9.31274 -0.218728 -0.153127 8.67664)
(-54.6687 -0.0344809 9.78435 -0.140332 -0.184486 9.12669)
(-86.8434 -0.10341 -3.68263 -0.0197817 -0.237462 4.07767)
(-51.2619 -0.0385201 9.13034 -0.199277 -0.147836 8.77564)
(-52.4819 -0.0357035 9.58046 -0.126634 -0.177895 9.22264)
(-83.0276 -0.103163 -3.3927 -0.0114426 -0.228018 4.29155)
(-49.142 -0.0385169 8.96234 -0.181073 -0.142886 8.84805)
(-50.346 -0.0366992 9.39227 -0.113842 -0.171774 9.29172)
(-79.313 -0.102704 -3.08505 -0.00379394 -0.219094 4.48786)
(-47.0734 -0.0383842 8.80694 -0.16406 -0.138251 8.89495)
(-48.2605 -0.0374749 9.21797 -0.101919 -0.166086 9.33503)
(-75.6982 -0.102038 -2.76298 0.00319448 -0.210657 4.66675)
(-45.0554 -0.0381262 8.66242 -0.148184 -0.13391 8.91733)
(-46.2247 -0.0380379 9.05577 -0.0908235 -0.160798 9.35361)
(-72.1819 -0.101169 -2.42962 0.00955251 -0.202676 4.82832)
(-43.0876 -0.0377475 8.52712 -0.133393 -0.12984 8.91618)
(-44.2381 -0.0383957 8.90399 -0.0805179 -0.155879 9.34846)
(-68.7627 -0.100104 -2.08794 0.0153098 -0.195122 4.97265)
(-41.1691 -0.0372527 8.39948 -0.119634 -0.126019 8.89241)
(-42.3002 -0.0385563 8.76099 -0.0709643 -0.151299 9.32052)
(-65.4392 -0.0988498 -1.74074 0.0204959 -0.187965 5.09979)
(-39.2993 -0.0366467 8.27798 -0.106858 -0.12243 8.84691)
(-40.4102 -0.0385279 8.62521 -0.0621258 -0.147029 9.27068)
(-62.21 -0.0974121 -1.39068 0.0251401 -0.181179 5.20979)
(-37.4775 -0.0359348 8.16119 -0.0950142 -0.119052 8.78053)
(-38.5677 -0.038319 8.49518 -0.0539664 -0.143044 9.19981)
(-59.0739 -0.0957982 -1.04029 0.0292713 -0.174739 5.30267)
(-35.7031 -0.035122 8.04773 -0.0840561 -0.115869 8.69407)
(-36.7719 -0.037938 8.36947 -0.0464508 -0.139318 9.10874)
(-56.0294 -0.0940152 -0.691923 0.0329183 -0.16862 5.37847)
(-33.9754 -0.0342137 7.93628 -0.0739365 -0.112864 8.58833)
(-35.0224 -0.0373936 8.24673 -0.0395449 -0.135828 8.99826)
(-53.0752 -0.0920706 -0.347814 0.0361093 -0.1628 5.4372)
(-32.2938 -0.0332149 7.82562 -0.0646102 -0.110023 8.46405)
(-33.3184 -0.0366943 8.12566 -0.0332152 -0.132554 8.86913)
(-50.2102 -0.0899718 -0.0100635 0.0388721 -0.157259 5.47891)
(-30.6576 -0.0321312 7.71457 -0.0560329 -0.107332 8.32195)
(-31.6594 -0.035849 8.00504 -0.0274291 -0.129474 8.72208)
(-47.433 -0.0877261 0.319354 0.0412341 -0.151976 5.50363)
(-29.0662 -0.0309677 7.602 -0.0481617 -0.104777 8.16275)
(-30.0448 -0.0348661 7.88371 -0.0221552 -0.12657 8.55783)
(-44.7424 -0.0853413 0.638589 0.0432218 -0.146932 5.51141)
(-27.519 -0.0297294 7.48685 -0.0409548 -0.102346 7.98712)
(-28.4741 -0.0337539 7.76057 -0.0173623 -0.123825 8.37706)
(-42.1374 -0.0828248 0.945907 0.0448619 -0.14211 5.50231)
(-26.0154 -0.0284215 7.36814 -0.0343722 -0.100028 7.79572)
(-26.9467 -0.0325207 7.63456 -0.0130206 -0.121223 8.18043)
(-39.6167 -0.0801839 1.23969 0.0461797 -0.137493 5.47641)
(-24.5549 -0.0270489 7.24492 -0.028375 -0.097812 7.58919)
(-25.4621 -0.0311745 7.50472 -0.00910175 -0.118749 7.96858)
(-37.1794 -0.0774261 1.51842 0.0472 -0.133067 5.43379)
(-23.1369 -0.0256164 7.1163 -0.0229256 -0.0956893 7.36816)
(-24.0198 -0.0297233 7.3701 -0.00557772 -0.11639 7.74215)
(-34.8243 -0.0745585 1.78069 0.0479471 -0.128816 5.37456)
(-21.7609 -0.0241286 6.98145 -0.0179876 -0.0936509 7.13321)
(-22.6193 -0.0281746 7.22984 -0.00242164 -0.114132 7.50173)
(-32.5506 -0.071588 2.0252 0.0484443 -0.124729 5.29885)
(-20.4265 -0.02259 6.8396 -0.0135261 -0.0916884 6.88495)
(-21.2601 -0.0265357 7.08312 0.00039251 -0.111966 7.24791)
(-30.3573 -0.0685216 2.25073 0.0487142 -0.120791 5.20678)
(-19.1331 -0.0210048 6.69002 -0.009507 -0.0897947 6.62393)
(-19.9417 -0.0248138 6.92918 0.00288978 -0.10988 6.98127)
(-28.2436 -0.0653656 2.45616 0.0487789 -0.116992 5.09853)
(-17.8803 -0.0193768 6.53203 -0.00589769 -0.0879628 6.35071)
(-18.6639 -0.0230153 6.76729 0.00509446 -0.107865 6.70235)
(-26.2086 -0.0621266 2.64046 0.04866 -0.113322 4.97426)
(-16.6677 -0.0177101 6.365 -0.00266731 -0.0861867 6.06582)
(-17.426 -0.0211467 6.59679 0.00703045 -0.105912 6.4117)
(-24.2516 -0.0588103 2.80268 0.048378 -0.109769 4.83415)
(-15.4948 -0.0160079 6.18836 0.000213733 -0.0844606 5.76979)
(-16.2279 -0.019214 6.41707 0.00871859 -0.104014 6.10982)
(-22.3718 -0.0554226 2.94194 0.0479524 -0.106326 4.67842)
(-14.3614 -0.0142729 6.00155 0.00277498 -0.082779 5.46311)
(-15.0691 -0.0172223 6.22754 0.0101803 -0.102164 5.79723)
(-20.5686 -0.051968 3.05747 0.0474032 -0.102983 4.50726)
(-13.2671 -0.0125071 5.80411 0.00504471 -0.0811354 5.14627)
(-13.9493 -0.0151759 6.0277 0.0114369 -0.100354 5.47442)
(-18.8414 -0.0484498 3.14854 0.0467509 -0.0997308 4.32092)
(-12.2116 -0.0107118 5.59557 0.00705095 -0.0795221 4.81974)
(-12.8682 -0.0130785 5.81705 0.0125079 -0.0985766 5.14185)
(-17.1896 -0.0448695 3.21451 0.0460142 -0.0965592 4.11961)
(-11.1945 -0.00888753 5.37553 0.0088233 -0.0779287 4.48397)
(-11.8255 -0.0109326 5.59517 0.0134141 -0.0968212 4.79997)
(-15.6125 -0.0412269 3.25481 0.0452164 -0.0934554 3.9036)
(-10.2156 -0.00703303 5.14365 0.0103922 -0.0763403 4.13939)
(-10.8209 -0.00873897 5.36167 0.0141774 -0.0950743 4.44924)
(-14.1099 -0.0375185 3.26892 0.0443849 -0.0904029 3.67313)
(-9.27459 -0.00514475 4.89961 0.0117894 -0.0747341 3.78644)
(-9.85424 -0.00649585 5.11621 0.0148194 -0.0933152 4.09008)
(-12.6811 -0.0337352 3.2564 0.0435504 -0.0873783 3.42845)
(-8.37131 -0.00321695 4.64315 0.0130492 -0.073076 3.42551)
(-8.92525 -0.00419868 4.85853 0.0153637 -0.0915119 3.7229)
(-11.3258 -0.0298612 3.21688 0.0427496 -0.0843473 3.16981)
(-7.50552 -0.00124175 4.37411 0.0142081 -0.0713172 3.05702)
(-8.03372 -0.00184024 4.58842 0.0158363 -0.0896168 3.34813)
(-10.0436 -0.0258722 3.15008 0.0420264 -0.0812615 2.89747)
(-6.67703 0.000791772 4.09239 0.0153038 -0.0693904 2.68137)
(-7.17947 0.000590283 4.30577 0.0162638 -0.0875618 2.96619)
(-8.83398 -0.0217342 3.0558 0.0414302 -0.0780539 2.61167)
(-5.88565 0.0028969 3.79804 0.0163708 -0.0672113 2.29901)
(-6.36232 0.0031073 4.01062 0.0166727 -0.0852522 2.57754)
(-7.69669 -0.0174036 2.93397 0.0410115 -0.0746376 2.31267)
(-5.13123 0.00508736 3.49132 0.0174319 -0.0646915 1.91048)
(-5.58214 0.00572661 3.70322 0.017086 -0.08257 2.18273)
(-6.63123 -0.0128318 2.78471 0.0408058 -0.0709133 2.00074)
(-4.41361 0.00737453 3.1728 0.018482 -0.0617784 1.51649)
(-4.83875 0.00846141 3.38409 0.0175171 -0.0793967 1.78245)
(-5.63705 -0.00797994 2.60844 0.0408054 -0.0667956 1.67619)
(-3.73262 0.00975879 2.84353 0.0194081 -0.0585531 1.11805)
(-4.13199 0.0113136 3.05417 0.0179523 -0.0756813 1.37764)
(-4.71338 -0.0028498 2.40601 0.0408925 -0.0622796 1.33953)
(-3.08802 0.0122155 2.50515 0.0199088 -0.0554339 0.716636)
(-3.46162 0.0142481 2.71493 0.0182498 -0.0716147 0.969551)
(-3.85909 0.00245232 2.17893 0.0406825 -0.0575833 0.991549)
(-2.47908 0.0147559 2.15959 0.0203451 -0.0535326 0.31532)
(-2.82735 0.0171906 2.36808 0.0182349 -0.067987 0.559991)
(-3.07253 0.00765219 1.92938 0.0395762 -0.0533981 0.633934)
(-1.90449 0.0174509 1.80849 0.0218038 -0.0553021 -0.0805576)
(-2.22771 0.0201508 2.01473 0.0191214 -0.0668511 0.152864)
(-2.35056 0.0122823 1.66016 0.0377174 -0.05131 0.27134)
(-1.36183 0.0196268 1.45418 0.0140605 -0.0655088 -0.474513)
(-1.65697 0.0226594 1.65571 0.0209858 -0.0730446 -0.247272)
(-1.68774 0.0153511 1.37472 0.0339908 -0.0546063 -0.0883533)
(-0.823425 0.0239331 1.0692 0.00409718 -0.0887474 -0.87159)
(-1.11416 0.0239208 1.27993 0.00604509 -0.0950944 -0.659457)
(-1.084 0.0170721 1.06068 0.0241189 -0.0677718 -0.443422)
(-0.628199 0.0412508 0.765079 0.0450916 -0.134483 -1.07329)
(-0.558015 0.0312722 0.606484 0.108408 -0.0898473 -0.727691)
(-170.042 16.6303 38.8543 -26.6179 13.8245 -35.9479)
(-173.306 36.1544 -11.4929 -32.8247 16.6619 -48.3032)
(-291.073 43.3398 14.5057 -78.6609 11.27 -88.6065)
(-165.663 5.48761 45.7387 -3.89485 12.8148 -16.2772)
(-156.381 8.9186 28.6131 -2.55656 16.6143 -20.1441)
(-287.788 13.4037 39.949 -12.2903 13.0065 -22.5765)
(-157.608 1.76284 42.9207 -2.25745 9.43935 -17.2942)
(-152.309 1.81344 34.7421 0.576024 11.1487 -16.2282)
(-283.907 3.22462 35.1442 -1.54562 9.96575 -13.6496)
(-151.378 0.242227 41.2537 -2.21723 6.53922 -18.8985)
(-146.529 0.373432 36.5225 -0.481949 7.35918 -17.7012)
(-273.686 0.0544098 31.4588 -2.00032 7.06225 -16.7957)
(-146.773 -0.426277 39.7107 -1.62462 4.3166 -18.7134)
(-141.98 -0.181676 37.5605 -0.438573 4.76132 -17.6738)
(-264.115 -1.08658 29.177 -1.14284 4.67442 -17.5992)
(-143.209 -0.641559 38.1425 -1.27486 2.69189 -17.7164)
(-139.008 -0.391584 37.684 -0.290232 2.93585 -16.6909)
(-256.697 -1.38098 26.8376 -0.466024 2.84466 -17.2733)
(-140.212 -0.62183 36.597 -1.11565 1.54445 -16.199)
(-136.776 -0.384443 37.2065 -0.254182 1.6764 -15.1413)
(-250.308 -1.28539 24.4059 -0.213692 1.52409 -16.3712)
(-137.436 -0.4931 35.044 -1.03585 0.756379 -14.384)
(-134.768 -0.268516 36.3299 -0.260063 0.823159 -13.2571)
(-244.328 -1.03562 21.9377 -0.134659 0.610009 -15.0584)
(-134.681 -0.331524 33.4781 -0.992524 0.231841 -12.467)
(-132.706 -0.11517 35.1741 -0.276406 0.260742 -11.254)
(-238.472 -0.749828 19.4761 -0.126345 0.00305194 -13.559)
(-131.856 -0.179293 31.9167 -0.963354 -0.104512 -10.57)
(-130.463 0.0323575 33.8426 -0.291342 -0.0962 -9.27422)
(-232.6 -0.48858 17.0752 -0.145306 -0.381501 -12.0324)
(-128.934 -0.0548837 30.3822 -0.9368 -0.310394 -8.75892)
(-128.008 0.153325 32.4201 -0.300158 -0.311805 -7.39394)
(-226.661 -0.277218 14.7809 -0.168734 -0.611353 -10.5648)
(-125.921 0.0373202 28.894 -0.908125 -0.42842 -7.06344)
(-125.362 0.241957 30.9691 -0.302271 -0.432945 -5.64636)
(-220.657 -0.120161 12.624 -0.187146 -0.73733 -9.19635)
(-122.838 0.100038 27.466 -0.875953 -0.488968 -5.49203)
(-122.565 0.300362 29.5326 -0.298675 -0.492767 -4.03948)
(-214.609 -0.0115955 10.6215 -0.197786 -0.795816 -7.93947)
(-119.71 0.138798 26.1066 -0.840468 -0.51303 -4.04194)
(-119.662 0.33391 28.1377 -0.290735 -0.514029 -2.56825)
(-208.548 0.0580259 8.78014 -0.200824 -0.811899 -6.79193)
(-116.56 0.159577 24.8195 -0.8025 -0.514698 -2.70547)
(-116.691 0.348654 26.8 -0.279757 -0.511923 -1.22215)
(-202.501 0.0985276 7.09938 -0.197598 -0.802337 -5.74498)
(-113.406 0.167673 23.6056 -0.763031 -0.503187 -1.47339)
(-113.683 0.350068 25.5275 -0.266836 -0.496317 0.0107411)
(-196.49 0.118439 5.57458 -0.189734 -0.778002 -4.78777)
(-110.263 0.167316 22.4636 -0.722968 -0.484369 -0.33663)
(-110.663 0.342575 24.323 -0.252816 -0.47346 1.14172)
(-190.533 0.124492 4.19885 -0.178727 -0.745766 -3.90966)
(-107.141 0.161646 21.3915 -0.683043 -0.461897 0.71297)
(-107.647 0.329498 23.1869 -0.238313 -0.447203 2.1807)
(-184.645 0.121668 2.9643 -0.165799 -0.709855 -3.10107)
(-104.048 0.152872 20.3865 -0.643806 -0.437988 1.68249)
(-104.648 0.313191 22.1176 -0.223757 -0.419858 3.13605)
(-178.835 0.113471 1.86283 -0.151868 -0.672799 -2.3538)
(-100.99 0.142474 19.4455 -0.60564 -0.413946 2.578)
(-101.674 0.295249 21.113 -0.209434 -0.392762 4.01478)
(-173.112 0.102262 0.886486 -0.137588 -0.636065 -1.66096)
(-97.9708 0.1314 18.5658 -0.568792 -0.390512 3.40465)
(-98.7312 0.276702 20.1706 -0.195524 -0.36666 4.82272)
(-167.479 0.0895711 0.0276237 -0.123402 -0.600471 -1.01679)
(-94.9931 0.120225 17.7443 -0.533409 -0.36809 4.16693)
(-95.8227 0.258188 19.2876 -0.182137 -0.34194 5.56482)
(-161.941 0.0763497 -0.721047 -0.109593 -0.566443 -0.416476)
(-92.0592 0.109281 16.9782 -0.499564 -0.346877 4.86874)
(-92.9517 0.24008 18.4614 -0.16933 -0.318778 6.24533)
(-156.502 0.0631649 -1.36647 -0.096334 -0.534184 0.144039)
(-89.1707 0.0987452 16.2648 -0.467281 -0.326955 5.51354)
(-90.1203 0.222582 17.6894 -0.157128 -0.29723 6.86796)
(-151.163 0.0503375 -1.91529 -0.083721 -0.503761 0.668201)
(-86.3289 0.0887 15.6014 -0.436549 -0.308337 6.10447)
(-87.3302 0.205796 16.969 -0.145535 -0.277285 7.43602)
(-145.926 0.038037 -2.37386 -0.0718001 -0.475172 1.15896)
(-83.5347 0.0791753 14.9852 -0.40734 -0.291 6.64438)
(-84.5826 0.189762 16.2975 -0.134545 -0.258893 7.95251)
(-140.793 0.0263442 -2.74831 -0.0605862 -0.448373 1.61884)
(-80.7891 0.0701735 14.4138 -0.379612 -0.274898 7.13587)
(-81.8784 0.174489 15.6726 -0.12414 -0.241988 8.42017)
(-135.763 0.0152904 -3.04453 -0.0500759 -0.423299 2.05004)
(-78.0924 0.0616837 13.8846 -0.353317 -0.259976 7.5814)
(-79.2185 0.159969 15.0916 -0.114304 -0.226491 8.84152)
(-130.838 0.00488151 -3.26823 -0.0402551 -0.399874 2.45445)
(-75.4454 0.0536906 13.395 -0.328405 -0.246173 7.98321)
(-76.6037 0.146187 14.552 -0.105015 -0.21232 9.21891)
(-126.019 -0.00488867 -3.42491 -0.0311046 -0.378018 2.83372)
(-72.8482 0.046178 12.9425 -0.304826 -0.233426 8.34343)
(-74.0344 0.133126 14.0515 -0.0962534 -0.199393 9.55453)
(-121.304 -0.0140309 -3.51988 -0.0226023 -0.357646 3.18925)
(-70.3011 0.0391313 12.5248 -0.282528 -0.22167 8.66402)
(-71.5112 0.120767 13.5876 -0.0879984 -0.187629 9.85043)
(-116.694 -0.022557 -3.55826 -0.0147254 -0.338677 3.52226)
(-67.8043 0.0325374 12.1395 -0.261464 -0.210842 8.94686)
(-69.0343 0.109096 13.1579 -0.0802301 -0.176947 10.1085)
(-112.189 -0.0304786 -3.545 -0.00745123 -0.321029 3.83381)
(-65.3578 0.0263844 11.7842 -0.241583 -0.200882 9.19367)
(-66.6041 0.0980942 12.7601 -0.072929 -0.167269 10.3306)
(-107.788 -0.0378068 -3.48484 -0.000757235 -0.304622 4.12476)
(-62.9616 0.0206617 11.4567 -0.222841 -0.191729 9.40611)
(-64.2207 0.0877478 12.3918 -0.0660765 -0.158521 10.5183)
(-103.491 -0.0445523 -3.38236 0.00537891 -0.289379 4.39588)
(-60.6155 0.0153589 11.1546 -0.205191 -0.183326 9.58571)
(-61.8842 0.0780409 12.051 -0.0596545 -0.150632 10.6734)
(-99.2961 -0.0507258 -3.24191 0.0109792 -0.275224 4.64777)
(-58.3193 0.0104661 10.876 -0.188589 -0.175619 9.73392)
(-59.5945 0.0689578 11.7353 -0.0536453 -0.143533 10.7971)
(-95.2036 -0.0563383 -3.06772 0.0160655 -0.262087 4.88098)
(-56.0727 0.00597284 10.6188 -0.172992 -0.168553 9.85211)
(-57.3517 0.0604826 11.4426 -0.0480317 -0.137159 10.891)
(-91.2121 -0.0614013 -2.86378 0.0206589 -0.249898 5.09591)
(-53.8756 0.00186847 10.3808 -0.158357 -0.16208 9.94158)
(-55.1555 0.0525984 11.171 -0.0427969 -0.131449 10.9564)
(-87.3207 -0.0659275 -2.63393 0.0247807 -0.238591 5.29292)
(-51.7274 -0.00185809 10.1601 -0.144645 -0.156151 10.0035)
(-53.0058 0.0452881 10.9183 -0.0379246 -0.126345 10.9945)
(-83.5283 -0.0699301 -2.38183 0.028452 -0.228105 5.47229)
(-49.6279 -0.00521842 9.9549 -0.131814 -0.150723 10.0391)
(-50.9023 0.0385337 10.6827 -0.0333988 -0.121791 11.0065)
(-79.8338 -0.0734235 -2.11096 0.0316939 -0.218378 5.63422)
(-47.5765 -0.00822461 9.76334 -0.119825 -0.145752 10.0495)
(-48.8448 0.032317 10.4622 -0.0292036 -0.117738 10.9935)
(-76.236 -0.0764227 -1.82466 0.0345274 -0.209355 5.7789)
(-45.5728 -0.0108892 9.58367 -0.10864 -0.141199 10.0356)
(-46.8329 0.026619 10.2552 -0.0253237 -0.114136 10.9565)
(-72.7336 -0.0789435 -1.52606 0.0369736 -0.200982 5.90645)
(-43.6163 -0.013225 9.41421 -0.0982207 -0.137026 9.99849)
(-44.8664 0.0214205 10.0598 -0.0217439 -0.110939 10.8966)
(-69.3256 -0.0810025 -1.21816 0.0390534 -0.193209 6.01697)
(-41.7066 -0.0152451 9.25336 -0.0885313 -0.133199 9.93908)
(-42.9447 0.016702 9.87438 -0.0184496 -0.108108 10.8147)
(-66.0107 -0.0826167 -0.903817 0.0407874 -0.185989 6.11053)
(-39.843 -0.0169629 9.09957 -0.0795356 -0.129685 9.85826)
(-41.0676 0.0124438 9.69735 -0.0154259 -0.105601 10.7117)
(-62.7877 -0.0838036 -0.585706 0.0421961 -0.179275 6.18721)
(-38.0252 -0.0183919 8.95136 -0.0711985 -0.126453 9.75691)
(-39.2346 0.00862625 9.52717 -0.0126588 -0.103382 10.5885)
(-59.6554 -0.084581 -0.266377 0.0432999 -0.173027 6.24703)
(-36.2526 -0.0195455 8.80733 -0.0634862 -0.123475 9.63584)
(-37.4454 0.00522961 9.36237 -0.0101346 -0.101418 10.4458)
(-56.6126 -0.0849668 0.051765 0.0441189 -0.167204 6.29005)
(-34.5246 -0.0204371 8.66612 -0.0563655 -0.120725 9.49584)
(-35.6995 0.00223433 9.20155 -0.00783983 -0.0996779 10.2846)
(-53.6582 -0.0849791 0.36645 0.0446728 -0.161769 6.3163)
(-32.8407 -0.02108 8.52645 -0.0498042 -0.118177 9.33767)
(-33.9964 -0.000378905 9.04336 -0.00576098 -0.0981321 10.1054)
(-50.7909 -0.0846358 0.675541 0.0449809 -0.156689 6.32582)
(-31.2005 -0.0214878 8.38711 -0.0437712 -0.11581 9.16206)
(-32.3359 -0.00262923 8.88652 -0.00388507 -0.0967545 9.90914)
(-48.0098 -0.083955 0.977024 0.0450622 -0.151929 6.31866)
(-29.6035 -0.0216732 8.24694 -0.0382354 -0.113603 8.96972)
(-30.7174 -0.00453553 8.72984 -0.00220085 -0.0955206 9.69643)
(-45.3136 -0.0829547 1.26901 0.0449354 -0.14746 6.29488)
(-28.0491 -0.0216489 8.10484 -0.0331671 -0.111535 8.76132)
(-29.1406 -0.00611617 8.57214 -0.000695734 -0.0944083 9.46795)
(-42.7014 -0.0816522 1.54973 0.0446192 -0.143254 6.25453)
(-26.5369 -0.0214272 7.95977 -0.028538 -0.109591 8.53753)
(-27.605 -0.00738907 8.41233 0.000642279 -0.0933973 9.22435)
(-40.1722 -0.0800648 1.81751 0.044131 -0.139285 6.19769)
(-25.0665 -0.0210205 7.81075 -0.0243209 -0.107753 8.29898)
(-26.1104 -0.0083718 8.24939 0.0018241 -0.0924691 8.96627)
(-37.7249 -0.0782094 2.07081 0.0434876 -0.135527 6.12447)
(-23.6373 -0.0204405 7.65685 -0.0204891 -0.106008 8.04629)
(-24.6562 -0.00908152 8.08233 0.0028605 -0.0916072 8.69432)
(-35.3588 -0.0761026 2.30819 0.0427054 -0.13196 6.03495)
(-22.2491 -0.0196987 7.49721 -0.0170169 -0.10434 7.78007)
(-23.2422 -0.00953492 7.91023 0.00376198 -0.0907965 8.40909)
(-33.0729 -0.0737606 2.52828 0.0418 -0.128561 5.92928)
(-20.9013 -0.0188062 7.33101 -0.0138795 -0.10274 7.50089)
(-21.8681 -0.00974816 7.73223 0.00453887 -0.0900238 8.11114)
(-30.8664 -0.071199 2.72986 0.0407869 -0.125312 5.80757)
(-19.5936 -0.0177736 7.15749 -0.0110532 -0.101196 7.20931)
(-20.5334 -0.00973691 7.5475 0.00520052 -0.0892774 7.80104)
(-28.7385 -0.0684333 2.91174 0.0396811 -0.122195 5.66999)
(-18.3256 -0.0166105 6.97593 -0.00851445 -0.0996984 6.90589)
(-19.2379 -0.00951609 7.35529 0.00575635 -0.088547 7.47932)
(-26.6884 -0.0654778 3.07288 0.0384977 -0.119195 5.5167)
(-17.0971 -0.0153274 6.78567 -0.00624177 -0.0982391 6.59116)
(-17.9813 -0.00909973 7.15489 0.00621839 -0.0878235 7.1465)
(-24.7156 -0.062346 3.21228 0.0372511 -0.116297 5.3479)
(-15.9076 -0.0139327 6.58609 -0.00421494 -0.0968098 6.26561)
(-16.7633 -0.0085014 6.94564 0.00659122 -0.0870988 6.80309)
(-22.8193 -0.0590512 3.32904 0.0359532 -0.113487 5.16376)
(-14.7569 -0.0124346 6.37662 -0.00241377 -0.095403 5.92976)
(-15.5837 -0.00773407 6.72693 0.00688361 -0.0863656 6.44957)
(-20.9989 -0.0556054 3.42234 0.0346161 -0.110753 4.96451)
(-13.6447 -0.0108409 6.15675 -0.000819506 -0.094011 5.58408)
(-14.4422 -0.00681001 6.49818 0.00710408 -0.0856173 6.08642)
(-19.2539 -0.0520189 3.49143 0.0332511 -0.108082 4.75037)
(-12.5707 -0.0091584 5.92601 0.0005864 -0.0926253 5.22902)
(-13.3387 -0.00574093 6.25889 0.00725953 -0.0848471 5.71408)
(-17.5838 -0.048301 3.53565 0.0318677 -0.10546 4.52155)
(-11.5348 -0.00739242 5.68395 0.00182399 -0.091235 4.86505)
(-12.2727 -0.00453723 6.00858 0.00735802 -0.0840479 5.33299)
(-15.988 -0.0444582 3.55438 0.0304798 -0.102874 4.27831)
(-10.5366 -0.00554586 5.43023 0.00291292 -0.0898242 4.49259)
(-11.2443 -0.00320697 5.74685 0.00740785 -0.0832096 4.9436)
(-14.4662 -0.0404922 3.54711 0.0291041 -0.100304 4.0209)
(-9.57592 -0.00361841 5.16452 0.00387264 -0.0883673 4.11208)
(-10.2532 -0.00175587 5.47333 0.00741496 -0.0823167 4.5463)
(-13.0179 -0.0363977 3.51338 0.0277557 -0.0977249 3.74957)
(-8.65266 -0.00160715 4.88658 0.00472485 -0.0868257 3.72395)
(-9.29928 -0.00018715 5.18775 0.00738862 -0.0813438 4.14153)
(-11.6427 -0.032162 3.45285 0.0264541 -0.0950962 3.46458)
(-7.7666 0.000493767 4.59628 0.00549343 -0.0851436 3.32863)
(-8.38231 0.00149966 4.88992 0.00734179 -0.0802521 3.72971)
(-10.3402 -0.0277624 3.36525 0.0252232 -0.092364 3.16623)
(-6.91759 0.00269686 4.29363 0.00620413 -0.0832392 2.92661)
(-7.50218 0.00330972 4.57979 0.00728203 -0.0789816 3.31132)
(-9.11 -0.0231609 3.25047 0.0240922 -0.0894498 2.85479)
(-6.10551 0.00502134 3.97882 0.00688346 -0.0810007 2.51846)
(-6.65875 0.00525333 4.25751 0.00721789 -0.0774433 2.8869)
(-7.95169 -0.0183022 3.10859 0.0230957 -0.0862447 2.53062)
(-5.33022 0.00749172 3.65233 0.0075577 -0.078294 2.10488)
(-5.85191 0.00734647 3.92353 0.00716409 -0.075513 2.45715)
(-6.86473 -0.0131174 2.93994 0.0222672 -0.0826137 2.19408)
(-4.59162 0.0101399 3.31507 0.00825461 -0.0749995 1.68681)
(-5.08149 0.00961189 3.57876 0.00714021 -0.0730383 2.02301)
(-5.84842 -0.00753565 2.74524 0.0216367 -0.0784178 1.84569)
(-3.88955 0.0130041 2.96841 0.00895683 -0.07112 1.26554)
(-4.34733 0.0120791 3.22469 0.00717314 -0.0698809 1.5858)
(-4.90181 -0.00151697 2.52575 0.0212142 -0.0735838 1.48617)
(-3.22371 0.0161019 2.61423 0.00950283 -0.0670508 0.842733)
(-3.6491 0.0147618 2.86349 0.00725205 -0.0660641 1.14729)
(-4.02352 0.00486057 2.28331 0.0208986 -0.0682839 1.11658)
(-2.59308 0.0194875 2.25403 0.0103982 -0.0641099 0.421239)
(-2.98626 0.0176526 2.49766 0.007366 -0.0621325 0.709766)
(-3.21166 0.0112653 2.02013 0.0204988 -0.063302 0.738756)
(-1.99568 0.0236004 1.887 0.0138734 -0.0655347 0.00606943)
(-2.35709 0.0210986 2.12831 0.00867067 -0.0598466 0.276728)
(-2.46312 0.0171048 1.73774 0.0207366 -0.0606619 0.35727)
(-1.42932 0.0280201 1.51077 0.00910215 -0.0787949 -0.408323)
(-1.75426 0.025214 1.75337 0.0126872 -0.0645563 -0.148216)
(-1.77198 0.0211738 1.43648 0.0212871 -0.0650733 -0.0195653)
(-0.86782 0.0326795 1.10061 -0.0227534 -0.115492 -0.842471)
(-1.16796 0.0242687 1.35665 0.000707552 -0.0911168 -0.585992)
(-1.13744 0.0223643 1.10309 0.00821915 -0.085093 -0.394581)
(-0.66904 0.0296408 0.790911 0.00139267 -0.15323 -1.05669)
(-0.593553 0.0426432 0.62329 0.0451399 -0.121897 -0.722065)
(-157.689 0.364839 2.46778 -10.6876 8.05016 -32.5306)
(-309.872 22.2171 -21.3478 -21.6679 7.29557 -60.0243)
(-145.954 -1.08025 22.1661 0.916223 6.60469 -16.1707)
(-262.457 4.28313 10.5276 -0.10268 7.74457 -18.4693)
(-139.574 0.19726 29.5731 0.393214 4.38157 -16.3335)
(-258.034 0.0302062 18.4247 1.94541 5.00098 -13.0483)
(-135.545 0.14138 34.0941 -0.0315798 2.78231 -16.7342)
(-251.792 -0.405257 22.5253 0.817039 3.1305 -14.8562)
(-133.23 0.0290083 36.5673 0.044686 1.66449 -15.7858)
(-246.358 -0.377998 24.9712 0.785444 1.85362 -14.9556)
(-131.876 0.0660365 37.6395 0.0914228 0.897961 -14.1766)
(-242.422 -0.230054 25.7049 0.856901 0.955473 -14.1255)
(-130.825 0.165147 37.7701 0.0919539 0.386129 -12.197)
(-238.921 -0.0357104 25.217 0.834214 0.344436 -12.7725)
(-129.663 0.27454 37.247 0.0736167 0.0543968 -10.0763)
(-235.264 0.15089 23.9269 0.777743 -0.0548904 -11.1373)
(-128.194 0.367657 36.2899 0.0484412 -0.151788 -7.9792)
(-231.203 0.304891 22.1513 0.713743 -0.302443 -9.43539)
(-126.37 0.433902 35.0684 0.0238439 -0.272421 -5.99529)
(-226.681 0.417258 20.1287 0.652735 -0.444987 -7.79768)
(-124.224 0.472736 33.7059 0.00337061 -0.336449 -4.16313)
(-221.747 0.488949 18.0246 0.599257 -0.517726 -6.28576)
(-121.819 0.488164 32.2871 -0.012064 -0.364227 -2.49118)
(-216.494 0.526235 15.9457 0.553997 -0.545807 -4.91916)
(-119.223 0.485581 30.8671 -0.0227827 -0.369642 -0.972364)
(-211.02 0.536993 13.9557 0.516016 -0.546464 -3.69474)
(-116.498 0.470231 29.4792 -0.0295962 -0.361898 0.406824)
(-205.409 0.528703 12.0889 0.48393 -0.531123 -2.59927)
(-113.691 0.446538 28.1422 -0.0334222 -0.346914 1.66127)
(-199.729 0.507618 10.3609 0.456376 -0.50712 -1.61658)
(-110.84 0.41792 26.8657 -0.0350956 -0.32839 2.80483)
(-194.031 0.478567 8.77626 0.432203 -0.479026 -0.731083)
(-107.971 0.386859 25.6537 -0.0352967 -0.308562 3.84946)
(-188.35 0.44507 7.33323 0.410521 -0.449588 0.0708782)
(-105.1 0.355062 24.5069 -0.0345434 -0.288731 4.8051)
(-182.71 0.409574 6.02683 0.390676 -0.420396 0.800671)
(-102.242 0.323648 23.4244 -0.0332096 -0.269617 5.67988)
(-177.13 0.373709 4.85063 0.372208 -0.392323 1.46757)
(-99.4042 0.293306 22.4044 -0.0315537 -0.251586 6.48047)
(-171.619 0.338512 3.79772 0.354804 -0.365804 2.07911)
(-96.5917 0.264435 21.4447 -0.0297471 -0.234799 7.21242)
(-166.187 0.304609 2.86118 0.338257 -0.341024 2.64142)
(-93.8086 0.237237 20.543 -0.0278989 -0.219295 7.88043)
(-160.838 0.272356 2.03424 0.322433 -0.318023 3.15956)
(-91.0576 0.211793 19.6967 -0.0260747 -0.20505 8.48853)
(-155.576 0.241928 1.31037 0.307245 -0.296763 3.63775)
(-88.3408 0.188108 18.9035 -0.0243119 -0.192006 9.04031)
(-150.404 0.213392 0.683296 0.292638 -0.277164 4.07955)
(-85.6597 0.166145 18.1609 -0.0226296 -0.180088 9.53896)
(-145.323 0.186751 0.146959 0.278578 -0.25913 4.48801)
(-83.0156 0.145843 17.4666 -0.0210352 -0.169216 9.9874)
(-140.335 0.161968 -0.304508 0.26504 -0.242556 4.86576)
(-80.4097 0.12713 16.8181 -0.0195295 -0.159307 10.3883)
(-135.442 0.138987 -0.67679 0.252006 -0.227338 5.21507)
(-77.8428 0.109931 16.213 -0.0181103 -0.150282 10.7442)
(-130.644 0.117741 -0.975405 0.239464 -0.213372 5.53792)
(-75.3159 0.0941709 15.649 -0.0167733 -0.142065 11.0573)
(-125.941 0.0981596 -1.20571 0.2274 -0.200562 5.83602)
(-72.8296 0.0797742 15.1236 -0.0155139 -0.134583 11.3298)
(-121.335 0.080171 -1.3729 0.215802 -0.188813 6.11085)
(-70.3847 0.0666691 14.6345 -0.0143276 -0.127769 11.5638)
(-116.825 0.0637031 -1.482 0.20466 -0.178039 6.36371)
(-67.9815 0.0547855 14.1795 -0.0132096 -0.121558 11.7611)
(-112.412 0.0486853 -1.53789 0.193963 -0.168155 6.5957)
(-65.6206 0.0440559 13.7561 -0.0121558 -0.115893 11.9235)
(-108.095 0.0350478 -1.54527 0.183697 -0.159086 6.80776)
(-63.3022 0.0344149 13.3621 -0.0111633 -0.110717 12.0527)
(-103.874 0.0227223 -1.50866 0.173852 -0.150759 7.00069)
(-61.0267 0.0257991 12.9954 -0.0102292 -0.105981 12.1503)
(-99.7492 0.0116415 -1.43243 0.164414 -0.143106 7.17517)
(-58.7941 0.0181469 12.6538 -0.00935085 -0.10164 12.2176)
(-95.7195 0.00173956 -1.32077 0.15537 -0.136067 7.33176)
(-56.6046 0.0113987 12.3352 -0.00852555 -0.0976493 12.2562)
(-91.7845 -0.00704825 -1.1777 0.146709 -0.129584 7.47092)
(-54.4582 0.00549663 12.0375 -0.00775109 -0.0939718 12.2672)
(-87.9434 -0.0147854 -1.00707 0.13842 -0.123604 7.59304)
(-52.3549 0.00038462 11.7589 -0.00702542 -0.0905722 12.252)
(-84.1956 -0.0215339 -0.812553 0.13049 -0.118078 7.69842)
(-50.2946 -0.00399157 11.4972 -0.00634616 -0.0874188 12.2117)
(-80.5402 -0.0273544 -0.597674 0.122908 -0.112963 7.78731)
(-48.2771 -0.00768421 11.2508 -0.00571112 -0.084483 12.1473)
(-76.9763 -0.032306 -0.365789 0.115663 -0.108218 7.85991)
(-46.3023 -0.0107437 11.0177 -0.00511871 -0.0817391 12.06)
(-73.503 -0.0364462 -0.120093 0.108744 -0.103805 7.91635)
(-44.37 -0.0132186 10.7964 -0.00456703 -0.0791643 11.9507)
(-70.1195 -0.0398307 0.13637 0.102139 -0.0996909 7.95676)
(-42.48 -0.0151555 10.585 -0.0040535 -0.0767381 11.8203)
(-66.8246 -0.0425135 0.400709 0.0958389 -0.0958455 7.98123)
(-40.632 -0.0165987 10.3821 -0.00357631 -0.0744422 11.6697)
(-63.6176 -0.0445466 0.670177 0.0898329 -0.092241 7.98981)
(-38.8257 -0.017591 10.186 -0.00313417 -0.0722606 11.4998)
(-60.4974 -0.0459802 0.942174 0.0841108 -0.0888525 7.98257)
(-37.061 -0.0181728 9.99535 -0.00272557 -0.0701793 11.3114)
(-57.4631 -0.0468627 1.21423 0.0786624 -0.0856575 7.95954)
(-35.3373 -0.018383 9.80869 -0.00234783 -0.0681859 11.1053)
(-54.5136 -0.0472401 1.48402 0.0734776 -0.0826358 7.92076)
(-33.6546 -0.018258 9.62468 -0.00199778 -0.0662698 10.8821)
(-51.6482 -0.0471569 1.74935 0.0685474 -0.0797693 7.86627)
(-32.0125 -0.0178321 9.44204 -0.00167637 -0.0644215 10.6426)
(-48.8658 -0.0466551 2.00813 0.0638633 -0.077042 7.79612)
(-30.4106 -0.0171386 9.25955 -0.0013849 -0.0626333 10.3876)
(-46.1656 -0.0457751 2.25841 0.0594144 -0.0744398 7.71034)
(-28.8488 -0.0162084 9.07605 -0.0011208 -0.0608985 10.1175)
(-43.5468 -0.044555 2.49836 0.0551897 -0.0719498 7.60899)
(-27.3266 -0.0150703 8.89044 -0.000882163 -0.0592115 9.83319)
(-41.0084 -0.0430311 2.72626 0.0511812 -0.0695609 7.49214)
(-25.8439 -0.0137518 8.70168 -0.000668337 -0.0575676 9.53515)
(-38.5498 -0.0412378 2.94048 0.0473803 -0.0672631 7.35987)
(-24.4004 -0.0122785 8.50878 -0.000478327 -0.0559632 9.224)
(-36.1701 -0.0392077 3.13953 0.0437792 -0.065048 7.21227)
(-22.9958 -0.0106744 8.31081 -0.00031061 -0.0543954 8.90032)
(-33.8687 -0.0369712 3.32199 0.0403695 -0.0629081 7.04944)
(-21.6298 -0.0089616 8.10689 -0.000164429 -0.0528618 8.56466)
(-31.6448 -0.0345571 3.48656 0.0371433 -0.0608369 6.87151)
(-20.3022 -0.00716098 7.89622 -3.94299e-05 -0.0513611 8.21757)
(-29.4979 -0.0319925 3.63202 0.0340919 -0.0588289 6.67861)
(-19.0128 -0.00529214 7.67802 7.15335e-05 -0.0498924 7.85955)
(-27.4273 -0.0293022 3.75724 0.0312062 -0.0568793 6.4709)
(-17.7614 -0.00337128 7.45157 0.000168315 -0.0484546 7.49112)
(-25.4324 -0.0265095 3.86119 0.0284806 -0.0549838 6.24853)
(-16.5477 -0.00141601 7.21621 0.000246241 -0.0470477 7.11276)
(-23.5128 -0.0236363 3.94293 0.0259051 -0.0531392 6.01168)
(-15.3717 0.000558516 6.97133 0.000309356 -0.0456717 6.72493)
(-21.6679 -0.020703 4.00156 0.0234764 -0.051343 5.76055)
(-14.2331 0.0025388 6.71635 0.000360079 -0.0443265 6.3281)
(-19.8973 -0.017728 4.0363 0.0211908 -0.0495921 5.49534)
(-13.1317 0.00451196 6.45075 0.000400565 -0.0430117 5.92271)
(-18.2005 -0.0147283 4.04643 0.0190431 -0.0478835 5.21625)
(-12.0674 0.00646736 6.17406 0.000433703 -0.0417259 5.50916)
(-16.5773 -0.0117179 4.03129 0.0170287 -0.0462138 4.92351)
(-11.0401 0.00839659 5.88589 0.000458803 -0.0404651 5.08788)
(-15.0271 -0.00870808 3.99034 0.0151411 -0.0445778 4.61735)
(-10.0497 0.010291 5.58589 0.000478901 -0.0392221 4.65928)
(-13.5497 -0.00570679 3.92309 0.0133715 -0.0429666 4.29799)
(-9.09592 0.0121449 5.27381 0.000509015 -0.0379834 4.22378)
(-12.1447 -0.00271752 3.82917 0.0117375 -0.0413664 3.96572)
(-8.17876 0.013958 4.94954 0.000556385 -0.0367251 3.78184)
(-10.8117 0.000261835 3.70834 0.0102467 -0.0397543 3.62081)
(-7.29807 0.015732 4.61316 0.000617119 -0.0354113 3.33401)
(-9.55028 0.00324094 3.56053 0.00887946 -0.0380952 3.2636)
(-6.45374 0.0174723 4.26504 0.000703694 -0.0339886 2.88096)
(-8.35999 0.00623919 3.38597 0.00764243 -0.0363402 2.89448)
(-5.64565 0.0191951 3.90601 0.000846931 -0.0323848 2.42365)
(-7.24007 0.00928653 3.18529 0.00656609 -0.0344242 2.514)
(-4.87366 0.0209362 3.53756 0.00108055 -0.0305171 1.96343)
(-6.18951 0.0124235 2.95974 0.00569456 -0.0322733 2.12295)
(-4.13754 0.0227712 3.16205 0.00141997 -0.0283289 1.50226)
(-5.2068 0.0156948 2.71142 0.00507853 -0.0298363 1.72247)
(-3.43681 0.0248032 2.78273 0.00179697 -0.0259185 1.04279)
(-4.28968 0.0191165 2.44354 0.00474963 -0.0271753 1.31429)
(-2.7702 0.0271998 2.40289 0.00225986 -0.02383 0.588564)
(-3.43509 0.0226196 2.16011 0.00469733 -0.024674 0.901064)
(-2.13408 0.0313863 2.02253 0.0038794 -0.0233578 0.144455)
(-2.63901 0.026098 1.86426 0.00518397 -0.0234594 0.487338)
(-1.52158 0.0405263 1.63343 0.00250259 -0.0275247 -0.295413)
(-1.89448 0.0290595 1.55429 0.00600929 -0.0267351 0.0809203)
(-0.916084 0.0406471 1.19772 -0.0465163 -0.0501304 -0.781935)
(-1.19677 0.0295209 1.20868 -0.000611976 -0.0410872 -0.323904)
(-0.649546 0.0363203 0.67027 0.0027572 -0.0699299 -0.723043)
(-396.382 6.738 1.93132 -21.981 -5.42021 -53.3221)
(-425.94 -72.7845 2.02939 -71.9756 -11.9857 -97.5553)
(-563.162 -28.2711 0.232012 -28.2324 -3.30238 -83.4171)
(-377.637 6.3526 7.2415 1.88058 -4.54487 -13.2002)
(-396.147 -12.2059 18.0125 -3.87088 -11.7502 -24.5842)
(-488.892 -4.80559 0.193946 1.75535 -2.84561 -12.6577)
(-367.286 1.89367 9.82774 0.762665 -3.27742 -12.9295)
(-389.422 1.17517 15.3883 2.16603 -8.25017 -13.0215)
(-481.371 0.978921 -2.34521 2.80644 -2.38288 -7.98684)
(-359.321 1.34988 12.2012 -0.111481 -2.118 -14.616)
(-377.579 2.49545 14.5749 -0.54187 -5.69259 -15.4794)
(-471.807 1.60618 -1.06466 0.427554 -1.90622 -12.4639)
(-352.966 1.13055 12.7773 0.135749 -1.165 -14.4172)
(-366.896 2.54332 13.9714 -0.377568 -3.59549 -16.0186)
(-463.123 1.43744 -0.417394 0.492631 -1.16132 -13.3486)
(-347.236 0.733703 11.7751 0.257427 -0.47553 -13.6101)
(-358.485 2.23396 12.3209 -0.0219975 -1.97479 -15.6304)
(-455.695 1.01682 -1.71376 0.691988 -0.468212 -13.0982)
(-341.337 0.342061 9.73422 0.262068 -0.0145042 -12.4776)
(-350.825 1.74265 9.88945 0.0523712 -0.827334 -14.8071)
(-447.918 0.557065 -4.42343 0.678774 0.0339784 -12.4803)
(-334.897 0.0203941 7.10508 0.230115 0.273958 -11.2163)
(-343.195 1.22923 7.01417 0.0363709 -0.0623544 -13.7006)
(-439.287 0.164855 -7.90994 0.59369 0.355222 -11.7055)
(-327.835 -0.217292 4.22262 0.187428 0.441075 -9.97828)
(-335.339 0.773422 3.9541 -0.00195657 0.418843 -12.5056)
(-429.789 -0.132313 -11.7003 0.493355 0.539807 -10.9357)
(-320.226 -0.376398 1.31101 0.146875 0.527539 -8.83851)
(-327.187 0.40891 0.898527 -0.0404088 0.701511 -11.3471)
(-419.567 -0.33712 -15.4861 0.397515 0.630946 -10.2539)
(-312.2 -0.471474 -1.49293 0.113839 0.562831 -7.82297)
(-318.774 0.140062 -2.0307 -0.0696403 0.851928 -10.2823)
(-408.814 -0.464289 -19.087 0.313431 0.662382 -9.68689)
(-303.893 -0.518503 -4.11339 0.0891368 0.56709 -6.93164)
(-310.171 -0.0448115 -4.76386 -0.0880862 0.917746 -9.32987)
(-397.717 -0.531919 -22.4085 0.241846 0.657817 -9.23265)
(-295.424 -0.531565 -6.51407 0.071778 0.553502 -6.15235)
(-301.457 -0.162953 -7.2668 -0.0971622 0.931511 -8.48743)
(-386.431 -0.556764 -25.4097 0.181158 0.632898 -8.87639)
(-286.885 -0.521892 -8.68252 0.0602349 0.530388 -5.46896)
(-292.702 -0.2315 -9.52778 -0.098976 0.914625 -7.74348)
(-375.074 -0.552485 -28.0807 0.129289 0.597486 -8.59933)
(-278.343 -0.497877 -10.6198 0.052986 0.502819 -4.86541)
(-283.961 -0.265076 -11.5482 -0.0955724 0.880705 -7.08359)
(-363.731 -0.529431 -30.4279 0.0843235 0.557547 -8.38327)
(-269.849 -0.465481 -12.3338 0.0487418 0.473774 -4.32745)
(-275.275 -0.275108 -13.3363 -0.0886647 0.838156 -6.49367)
(-352.462 -0.495043 -32.4658 0.0447228 0.516538 -8.21225)
(-261.434 -0.428767 -13.8358 0.0465042 0.444933 -3.84308)
(-266.675 -0.27 -14.9038 -0.0795717 0.792012 -5.96123)
(-341.308 -0.454449 -34.2119 0.00933891 0.476374 -8.07295)
(-253.122 -0.390397 -15.1378 0.0455445 0.417188 -3.40242)
(-258.181 -0.255649 -16.2633 -0.0692527 0.74519 -5.47569)
(-330.298 -0.411056 -35.6844 -0.0226422 0.438044 -7.95448)
(-244.928 -0.352046 -16.2521 0.0453539 0.390973 -2.99742)
(-249.808 -0.236031 -17.4278 -0.0583773 0.699318 -5.02835)
(-319.449 -0.367048 -36.901 -0.051779 0.402005 -7.84801)
(-236.862 -0.314728 -17.1905 0.0455901 0.366458 -2.62154)
(-241.567 -0.213731 -18.4097 -0.0473954 0.655259 -4.61205)
(-308.775 -0.323772 -37.8786 -0.0784487 0.368421 -7.74643)
(-228.931 -0.279017 -17.9643 0.046031 0.343672 -2.26943)
(-233.465 -0.190372 -19.2207 -0.0365988 0.613431 -4.22097)
(-298.285 -0.282021 -38.6332 -0.102904 0.337295 -7.64398)
(-221.141 -0.245211 -18.5842 0.0465377 0.32257 -1.93669)
(-225.507 -0.166937 -19.8721 -0.0261699 0.574001 -3.85032)
(-287.985 -0.242233 -39.1799 -0.125316 0.308553 -7.53604)
(-213.495 -0.213441 -19.0605 0.0470265 0.30307 -1.61972)
(-217.697 -0.143993 -20.3747 -0.0162171 0.537003 -3.49621)
(-277.879 -0.204627 -39.5329 -0.145805 0.282084 -7.41892)
(-205.995 -0.183737 -19.4029 0.0474493 0.285073 -1.31556)
(-210.039 -0.121854 -20.7386 -0.00680096 0.502395 -3.15544)
(-267.97 -0.169289 -39.7059 -0.164458 0.257763 -7.28974)
(-198.643 -0.156076 -19.6209 0.0477799 0.268479 -1.02179)
(-202.532 -0.100679 -20.9735 0.00204857 0.4701 -2.8254)
(-258.262 -0.136227 -39.712 -0.181349 0.23546 -7.14628)
(-191.442 -0.1304 -19.7234 0.0480059 0.253184 -0.73647)
(-195.181 -0.0805424 -21.0889 0.0103201 0.44002 -2.504)
(-248.755 -0.105408 -39.5637 -0.19654 0.215048 -6.98693)
(-184.39 -0.106642 -19.7193 0.0481229 0.239089 -0.458055)
(-187.984 -0.0614679 -21.0938 0.0180136 0.412051 -2.18957)
(-239.452 -0.0767751 -39.273 -0.210089 0.196403 -6.81061)
(-177.49 -0.084726 -19.6169 0.0481307 0.226101 -0.18536)
(-180.943 -0.0434564 -20.9968 0.0251354 0.386086 -1.88085)
(-230.352 -0.0502611 -38.8516 -0.222054 0.179408 -6.61671)
(-170.741 -0.064574 -19.4244 0.0480313 0.214129 0.0824885)
(-174.059 -0.0264972 -20.8064 0.031696 0.362015 -1.57687)
(-221.456 -0.0257933 -38.3107 -0.232491 0.163948 -6.405)
(-164.144 -0.0461094 -19.1496 0.0478281 0.203089 0.346088)
(-167.33 -0.0105748 -20.5305 0.0377076 0.339733 -1.27697)
(-212.763 -0.00329741 -37.6608 -0.24146 0.149914 -6.17564)
(-157.697 -0.0292565 -18.8 0.0475249 0.192901 0.605794)
(-160.757 0.00432825 -20.1768 0.0431841 0.319134 -0.980743)
(-204.274 0.0173012 -36.9124 -0.249018 0.137204 -5.9291)
(-151.401 -0.0139412 -18.3828 0.0471262 0.18349 0.861749)
(-154.339 0.0182295 -19.7529 0.0481401 0.300115 -0.688016)
(-195.986 0.0360769 -36.0752 -0.255225 0.125719 -5.66611)
(-145.255 -9.05401e-05 -17.9049 0.0466356 0.174787 1.11391)
(-148.075 0.031147 -19.2657 0.0525908 0.282576 -0.398797)
(-187.9 0.0531038 -35.1586 -0.260141 0.115366 -5.38765)
(-139.257 0.0123668 -17.3729 0.0460556 0.166727 1.36208)
(-141.964 0.0430995 -18.7221 0.0565521 0.266423 -0.113269)
(-180.013 0.0684558 -34.1716 -0.263829 0.106056 -5.09491)
(-133.407 0.0235012 -16.7932 0.0453895 0.159251 1.60592)
(-136.005 0.0541063 -18.1286 0.0600403 0.251561 0.168242)
(-172.325 0.0822061 -33.1228 -0.266353 0.0977051 -4.78922)
(-127.703 0.0333817 -16.1718 0.0446417 0.152303 1.84497)
(-130.196 0.0641877 -17.4913 0.0630726 0.237903 0.445289)
(-164.833 0.0944276 -32.0203 -0.267775 0.0902349 -4.47207)
(-122.144 0.0420762 -15.5145 0.0438167 0.145832 2.0787)
(-124.537 0.0733656 -16.8162 0.0656665 0.225363 0.717323)
(-157.535 0.105193 -30.8719 -0.268156 0.0835712 -4.14505)
(-116.729 0.0496511 -14.8267 0.0429194 0.139792 2.30648)
(-119.025 0.081663 -16.1088 0.0678399 0.213859 0.983714)
(-150.429 0.114574 -29.685 -0.267557 0.0776442 -3.80984)
(-111.456 0.0561717 -14.1137 0.0419544 0.13414 2.52763)
(-113.658 0.089104 -15.3746 0.0696115 0.203316 1.24376)
(-143.514 0.122641 -28.4664 -0.266041 0.0723886 -3.46818)
(-106.324 0.0617018 -13.3804 0.0409265 0.128838 2.74141)
(-108.436 0.0957143 -14.6184 0.0710002 0.193658 1.49673)
(-136.787 0.129466 -27.2229 -0.263668 0.0677431 -3.12186)
(-101.33 0.0663036 -12.6314 0.0398407 0.123849 2.94708)
(-103.357 0.10152 -13.8453 0.0720252 0.184817 1.74183)
(-130.246 0.135117 -25.9607 -0.260499 0.0636506 -2.77269)
(-96.4736 0.0700376 -11.8713 0.0387018 0.119142 3.14384)
(-98.4174 0.10655 -13.0596 0.0727062 0.176726 1.97826)
(-123.888 0.139663 -24.6858 -0.256595 0.0600575 -2.42248)
(-91.7526 0.0729626 -11.1043 0.0375149 0.114689 3.33092)
(-93.617 0.110831 -12.2658 0.0730629 0.169324 2.20521)
(-117.712 0.143169 -23.4036 -0.252012 0.0569139 -2.07302)
(-87.1656 0.0751356 -10.3342 0.0362848 0.110463 3.50753)
(-88.9535 0.114392 -11.4678 0.0731151 0.162551 2.42186)
(-111.714 0.145702 -22.1196 -0.24681 0.0541734 -1.72611)
(-82.7107 0.0766118 -9.56488 0.035017 0.106441 3.67288)
(-84.4253 0.117262 -10.6695 0.0728829 0.156353 2.6274)
(-105.893 0.147325 -20.8385 -0.241046 0.0517927 -1.38349)
(-78.3865 0.0774441 -8.79986 0.0337165 0.102602 3.82623)
(-80.0305 0.119471 -9.87453 0.072386 0.150676 2.82105)
(-100.247 0.148099 -19.5652 -0.234773 0.0497317 -1.04686)
(-74.1912 0.0776837 -8.04247 0.0323881 0.098927 3.96684)
(-75.7673 0.121049 -9.08625 0.0716445 0.145473 3.00204)
(-94.7732 0.148085 -18.304 -0.228046 0.047953 -0.71788)
(-70.1234 0.0773797 -7.29582 0.0310361 0.0953999 4.09401)
(-71.6342 0.122025 -8.30785 0.0706777 0.140697 3.16963)
(-89.4696 0.14734 -17.059 -0.220918 0.0464221 -0.398124)
(-66.1814 0.0765792 -6.56286 0.0296655 0.0920058 4.20706)
(-67.6293 0.122428 -7.54236 0.0695049 0.136305 3.32312)
(-84.3341 0.145921 -15.8341 -0.213441 0.0451069 -0.0891167)
(-62.3638 0.0753271 -5.84634 0.0282827 0.0887319 4.30536)
(-63.7512 0.122288 -6.79256 0.0681456 0.132257 3.46185)
(-79.3647 0.143881 -14.6328 -0.205663 0.0439776 0.207696)
(-58.6692 0.073666 -5.14883 0.0268913 0.0855665 4.38834)
(-59.9983 0.121633 -6.06109 0.066619 0.128515 3.58519)
(-74.5596 0.141273 -13.4586 -0.197633 0.0430068 0.490946)
(-55.0962 0.0716371 -4.47274 0.0254938 0.0824997 4.45543)
(-56.369 0.120491 -5.35041 0.064943 0.125045 3.69256)
(-69.9168 0.138145 -12.3146 -0.189397 0.0421693 0.759344)
(-51.6435 0.069279 -3.82032 0.0240949 0.0795228 4.50616)
(-52.862 0.118891 -4.6628 0.0631354 0.121814 3.78345)
(-65.4346 0.134546 -11.2037 -0.181002 0.0414419 1.01169)
(-48.3099 0.0666289 -3.19365 0.0227002 0.0766283 4.54006)
(-49.4758 0.116859 -4.00039 0.0612137 0.118791 3.85736)
(-61.1114 0.130522 -10.1286 -0.172488 0.0408032 1.24686)
(-45.0941 0.0637213 -2.59467 0.0213147 0.0738098 4.55673)
(-46.2093 0.114423 -3.36517 0.0591948 0.11595 3.91387)
(-56.9454 0.126114 -9.09176 -0.163893 0.0402338 1.46382)
(-41.9951 0.0605892 -2.02517 0.019942 0.0710619 4.55582)
(-43.061 0.111608 -2.75895 0.057095 0.113263 3.9526)
(-52.9353 0.121365 -8.09561 -0.155256 0.039716 1.66163)
(-39.0117 0.0572637 -1.48682 0.0185856 0.0683799 4.53703)
(-40.03 0.10844 -2.18345 0.0549297 0.110708 3.97321)
(-49.0796 0.116314 -7.14224 -0.146615 0.0392334 1.83943)
(-36.143 0.0537734 -0.981134 0.0172477 0.06576 4.5001)
(-37.115 0.104942 -1.6402 0.0527146 0.108263 3.97543)
(-45.377 0.110998 -6.23362 -0.138002 0.0387716 1.99643)
(-33.3881 0.0501443 -0.509525 0.0159256 0.0631986 4.44481)
(-34.315 0.10114 -1.13065 0.0504649 0.105907 3.959)
(-41.8261 0.105451 -5.37156 -0.129455 0.0383171 2.13195)
(-30.7461 0.0464032 -0.0732661 0.0146219 0.0606935 4.37099)
(-31.6292 0.0970535 -0.656107 0.0481928 0.103625 3.92375)
(-38.426 0.099706 -4.55769 -0.12103 0.0378564 2.24536)
(-28.2162 0.042574 0.326471 0.0133469 0.0582425 4.27853)
(-29.0565 0.092706 -0.217764 0.045913 0.101397 3.86953)
(-35.1755 0.0937951 -3.7935 -0.112737 0.0373786 2.33613)
(-25.7976 0.0386784 0.688628 0.0121083 0.0558438 4.16735)
(-26.5962 0.088117 0.183295 0.0436384 0.09921 3.79625)
(-32.0735 0.0877462 -3.08036 -0.104602 0.0368741 2.40381)
(-23.4897 0.0347355 1.01225 0.010912 0.0534953 4.03739)
(-24.2475 0.0833044 0.54609 0.0413802 0.0970488 3.70383)
(-29.1192 0.0815848 -2.41947 -0.096639 0.0363345 2.448)
(-21.2918 0.0307626 1.29648 0.00976242 0.0511945 3.88864)
(-22.0097 0.078284 0.869747 0.0391484 0.0948984 3.59226)
(-26.3118 0.0753334 -1.81193 -0.0888565 0.035752 2.46838)
(-19.2033 0.0267723 1.54058 0.00866212 0.0489375 3.72113)
(-19.8821 0.0730677 1.15349 0.0369556 0.0927436 3.46154)
(-23.6503 0.0690118 -1.25868 -0.0812796 0.0351181 2.46469)
(-17.2236 0.0227727 1.7439 0.00761043 0.0467172 3.53491)
(-17.864 0.0676608 1.39664 0.0348154 0.0905656 3.31172)
(-21.1342 0.0626341 -0.760574 -0.0739354 0.0344214 2.43673)
(-15.3523 0.018769 1.90591 0.00662787 0.0445229 3.33006)
(-15.9549 0.0620592 1.59864 0.0327384 0.0883389 3.14285)
(-18.7626 0.0562077 -0.318314 -0.0668432 0.0336468 2.38434)
(-13.5886 0.0147516 2.0262 0.00574111 0.0423345 3.10671)
(-14.1543 0.0562456 1.75901 0.030747 0.086027 2.95506)
(-16.535 0.0497303 0.0675209 -0.0599951 0.0327733 2.30743)
(-11.932 0.0106981 2.10455 0.00494665 0.0401201 2.86502)
(-12.4614 0.0501835 1.87744 0.0288584 0.0835763 2.74847)
(-14.4504 0.0431856 0.396502 -0.0533968 0.031773 2.20593)
(-10.3817 0.00657216 2.14096 0.0042523 0.0378334 2.60516)
(-10.8756 0.0438107 1.95377 0.0270855 0.0809088 2.52321)
(-12.5081 0.0365389 0.668383 -0.0470579 0.0306065 2.07981)
(-8.93642 0.00231063 2.13576 0.00369912 0.0354059 2.32742)
(-9.39613 0.037033 1.98809 0.025454 0.0779139 2.27946)
(-10.7068 0.0297323 0.88315 -0.0409574 0.0292183 1.92903)
(-7.59469 -0.00218152 2.08979 0.00334244 0.0327466 2.03213)
(-8.02172 0.0297208 1.98081 0.0239886 0.0744459 2.01744)
(-9.04507 0.0226824 1.04111 -0.0350552 0.0275358 1.75356)
(-6.35402 -0.00703553 2.00459 0.00324452 0.0297487 1.71981)
(-6.75074 0.021721 1.93283 0.0227128 0.0703338 1.73741)
(-7.52052 0.0152846 1.14302 -0.0292853 0.0254764 1.5533)
(-5.21073 -0.0124089 1.88268 0.00343985 0.0263226 1.39126)
(-5.58074 0.0129078 1.8457 0.0216411 0.0654316 1.43978)
(-6.1297 0.00744208 1.19024 -0.0235543 0.0229707 1.32809)
(-4.15948 -0.0183991 1.7277 0.00383325 0.0225003 1.0479)
(-4.50808 0.00334689 1.72182 0.0207347 0.0597682 1.12523)
(-4.86761 -0.000841584 1.18492 -0.0177601 0.0200207 1.07781)
(-3.19324 -0.0248497 1.5438 0.00411089 0.0186875 0.692687)
(-3.52777 -0.00634748 1.56421 0.0198914 0.0538826 0.795279)
(-3.72755 -0.00924278 1.13001 -0.0118663 0.0168174 0.802846)
(-2.30462 -0.0312839 1.33316 0.0035347 0.0162157 0.332786)
(-2.63342 -0.0145072 1.37555 0.0192665 0.0494878 0.454236)
(-2.70219 -0.0167303 1.02874 -0.00609332 0.0140006 0.506155)
(-1.49099 -0.0349814 1.08965 -0.00249106 0.0187588 -0.0208589)
(-1.81803 -0.0171646 1.15582 0.0178465 0.0513127 0.112156)
(-1.78721 -0.020787 0.882289 -0.001892 0.0134984 0.198334)
(-0.755704 -0.0227674 0.770144 -0.0360752 0.0357917 -0.354798)
(-1.08075 -0.00777494 0.886991 0.00768469 0.0690032 -0.21878)
(-0.993375 -0.0180053 0.677119 -0.00272494 0.0182219 -0.0974785)
(-0.487496 -0.00577466 0.449141 0.0417628 0.102995 -0.470239)
(-0.398692 -0.0157316 0.326116 0.00585138 0.0256943 -0.293712)
(-426.139 -28.8238 35.3945 -57.5569 -9.73388 -64.6914)
(-418.228 -49.4201 27.327 -137.23 -8.30856 -129.699)
(-530.275 -67.9272 39.5413 -119.619 -6.17595 -123.33)
(-415.247 -5.89661 26.6661 -5.9381 -9.06516 -14.7372)
(-416.379 -15.7741 39.3059 -34.3379 -10.5564 -28.6854)
(-525.262 -20.169 24.8273 -12.606 -6.29253 -15.9377)
(-397.16 0.259559 20.3021 -2.88399 -7.07352 -14.3805)
(-412.559 -3.02849 28.4025 -8.5242 -8.70245 -12.1887)
(-518.432 -4.17458 10.2167 -1.0307 -5.73644 -7.65083)
(-382.847 2.14666 17.3727 -2.90065 -4.9914 -17.0968)
(-398.344 0.889075 21.9727 -5.03208 -6.47984 -15.735)
(-501.945 1.06925 5.06292 -3.33508 -4.56863 -14.3378)
(-371.348 2.58692 14.5108 -1.56278 -3.13771 -17.2725)
(-383.726 2.19923 17.7218 -2.47427 -4.37523 -17.0673)
(-486.198 2.85245 1.86421 -1.78166 -3.01906 -15.7706)
(-361.435 2.379 11.3319 -0.863158 -1.69076 -16.8303)
(-371.775 2.47003 13.6089 -1.00515 -2.63095 -17.2049)
(-473.162 3.08879 -1.84762 -0.542507 -1.60213 -15.7758)
(-352.267 1.93493 7.9847 -0.609503 -0.653785 -16.0095)
(-361.207 2.25722 9.57023 -0.440917 -1.32406 -16.8125)
(-461.04 2.69536 -5.99294 -0.123695 -0.516925 -15.4484)
(-343.354 1.44765 4.60709 -0.521777 0.045111 -14.9472)
(-351.268 1.86157 5.69328 -0.250462 -0.407415 -16.0158)
(-449.135 2.12438 -10.2832 -0.0359219 0.23662 -14.8852)
(-334.471 1.00891 1.32 -0.505391 0.489976 -13.8184)
(-341.644 1.43744 2.03456 -0.21867 0.201776 -15.0271)
(-437.26 1.56753 -14.4944 -0.0794757 0.721255 -14.2473)
(-325.544 0.655686 -1.79087 -0.514536 0.755417 -12.7248)
(-332.174 1.05983 -1.36129 -0.251816 0.585584 -13.9976)
(-425.354 1.1018 -18.4785 -0.171546 1.00967 -13.6403)
(-316.566 0.392629 -4.67516 -0.526229 0.899954 -11.7128)
(-322.791 0.757108 -4.47012 -0.30064 0.812616 -13.0053)
(-413.422 0.746673 -22.1535 -0.270718 1.16432 -13.108)
(-307.565 0.20881 -7.30875 -0.531592 0.96616 -10.7975)
(-313.476 0.531387 -7.28551 -0.343306 0.934967 -12.0851)
(-401.496 0.49369 -25.4823 -0.36017 1.23218 -12.6618)
(-298.576 0.0880422 -9.68519 -0.528344 0.983471 -9.97738)
(-304.234 0.372576 -9.8128 -0.372379 0.989865 -11.2476)
(-389.616 0.323925 -28.456 -0.434915 1.24613 -12.2965)
(-289.632 0.0141776 -11.8088 -0.51706 0.971469 -9.24284)
(-295.076 0.266657 -12.0641 -0.387061 1.00278 -10.4902)
(-377.82 0.216955 -31.0815 -0.494992 1.22807 -11.9997)
(-280.761 -0.026577 -13.6895 -0.499394 0.942758 -8.58198)
(-286.018 0.199909 -14.0549 -0.389361 0.990532 -9.80482)
(-366.137 0.154779 -33.3738 -0.542398 1.19204 -11.7568)
(-271.986 -0.0450005 -15.3403 -0.477189 0.905215 -7.98294)
(-277.071 0.160725 -15.8017 -0.382146 0.963913 -9.18154)
(-354.591 0.123099 -35.3514 -0.579599 1.14671 -11.5541)
(-263.324 -0.0490148 -16.7748 -0.452084 0.863625 -7.43507)
(-268.248 0.14009 -17.3206 -0.3682 0.929643 -8.61054)
(-343.201 0.111295 -37.0339 -0.608857 1.0973 -11.3796)
(-254.787 -0.0441722 -18.0066 -0.425379 0.820811 -6.92924)
(-259.558 0.13141 -18.6272 -0.349848 0.891802 -8.083)
(-331.98 0.111862 -38.4405 -0.632 1.04683 -11.2229)
(-246.386 -0.034209 -19.0488 -0.39804 0.778385 -6.45781)
(-251.007 0.130083 -19.7358 -0.328878 0.852802 -7.59126)
(-320.94 0.119717 -39.5893 -0.650402 0.996975 -11.0757)
(-238.126 -0.021548 -19.9138 -0.370742 0.737227 -6.01446)
(-242.602 0.133027 -20.6598 -0.306578 0.814023 -7.12887)
(-310.088 0.131538 -40.4978 -0.665047 0.948644 -10.931)
(-230.014 -0.00770295 -20.6134 -0.343939 0.697791 -5.59399)
(-234.348 0.138254 -21.4118 -0.283838 0.776226 -6.69042)
(-299.43 0.145235 -41.1821 -0.676614 0.902277 -10.7832)
(-222.052 0.00641678 -21.1586 -0.317918 0.660283 -5.19213)
(-226.247 0.144528 -22.0034 -0.261242 0.739809 -6.27142)
(-288.973 0.15954 -41.6578 -0.685567 0.858062 -10.6278)
(-214.245 0.0202891 -21.5601 -0.292853 0.624771 -4.80537)
(-218.303 0.151115 -22.4457 -0.239156 0.70496 -5.86818)
(-278.718 0.173713 -41.9395 -0.692215 0.816048 -10.4613)
(-206.594 0.0336311 -21.8279 -0.26884 0.591249 -4.43087)
(-210.518 0.157598 -22.7493 -0.217802 0.671748 -5.47764)
(-268.67 0.18735 -42.0411 -0.696769 0.776213 -10.2808)
(-199.1 0.0463012 -21.9719 -0.245925 0.55967 -4.0663)
(-202.894 0.163752 -22.9241 -0.1973 0.640179 -5.09733)
(-258.83 0.200239 -41.9761 -0.699378 0.738496 -10.0843)
(-191.766 0.058238 -22.0011 -0.224121 0.529967 -3.70984)
(-195.433 0.169469 -22.9798 -0.177712 0.610223 -4.72526)
(-249.2 0.212284 -41.7572 -0.700155 0.70282 -9.87038)
(-184.591 0.0694223 -21.9247 -0.203427 0.502059 -3.36003)
(-188.134 0.174703 -22.9256 -0.159061 0.581829 -4.35986)
(-239.781 0.223451 -41.3967 -0.699191 0.669099 -9.63804)
(-177.576 0.0798561 -21.7511 -0.183825 0.475865 -3.01579)
(-180.998 0.179443 -22.7703 -0.141348 0.55494 -3.99992)
(-230.573 0.233734 -40.9065 -0.696568 0.637243 -9.38682)
(-170.721 0.0895499 -21.4887 -0.165296 0.451298 -2.67636)
(-174.025 0.183689 -22.5225 -0.124563 0.529491 -3.64459)
(-221.576 0.243144 -40.2978 -0.692362 0.607161 -9.11663)
(-164.025 0.0985173 -21.1453 -0.147815 0.428274 -2.34121)
(-167.215 0.187452 -22.1901 -0.10869 0.505416 -3.29328)
(-212.79 0.251695 -39.5814 -0.686651 0.578764 -8.82776)
(-157.488 0.106772 -20.7286 -0.131356 0.406708 -2.01008)
(-160.566 0.19074 -21.7812 -0.0937096 0.482649 -2.94564)
(-204.214 0.259403 -38.7678 -0.67951 0.551963 -8.52081)
(-151.109 0.114327 -20.2458 -0.115892 0.386517 -1.68292)
(-154.079 0.193563 -21.3031 -0.0796012 0.461123 -2.60157)
(-195.847 0.266282 -37.8667 -0.671019 0.526671 -8.19663)
(-144.886 0.121195 -19.7038 -0.101396 0.367621 -1.35984)
(-147.753 0.195929 -20.763 -0.066344 0.440772 -2.26113)
(-187.687 0.272346 -36.8878 -0.661255 0.502804 -7.85631)
(-138.82 0.127389 -19.1094 -0.0878398 0.349942 -1.04111)
(-141.584 0.197844 -20.1677 -0.0539164 0.421532 -1.92457)
(-179.732 0.27761 -35.8401 -0.650301 0.480279 -7.50116)
(-132.907 0.132921 -18.4689 -0.0751935 0.333404 -0.727126)
(-135.574 0.199317 -19.5237 -0.0422968 0.403342 -1.59225)
(-171.981 0.282088 -34.732 -0.638235 0.459017 -7.13262)
(-127.146 0.137804 -17.7882 -0.0634285 0.317935 -0.418412)
(-129.718 0.200353 -18.8373 -0.0314629 0.386141 -1.26469)
(-164.433 0.285794 -33.5718 -0.625138 0.438941 -6.75228)
(-121.537 0.142053 -17.0733 -0.0525154 0.303464 -0.115565)
(-124.017 0.20096 -18.1143 -0.0213922 0.369871 -0.942466)
(-157.083 0.288742 -32.3672 -0.611093 0.419979 -6.36183)
(-116.077 0.145681 -16.3294 -0.0424242 0.289927 0.180743)
(-118.468 0.201145 -17.3603 -0.0120615 0.354477 -0.626252)
(-149.931 0.29095 -31.1256 -0.59618 0.402059 -5.96305)
(-110.764 0.148706 -15.5619 -0.0331243 0.277259 0.469783)
(-113.069 0.200918 -16.5807 -0.0034469 0.339905 -0.31678)
(-142.974 0.292434 -29.8539 -0.580479 0.385116 -5.55775)
(-105.596 0.151143 -14.7756 -0.0245849 0.2654 0.750787)
(-107.818 0.200286 -15.7804 0.00447623 0.326104 -0.0148289)
(-136.209 0.293213 -28.5588 -0.564068 0.369085 -5.14782)
(-100.572 0.153011 -13.9752 -0.0167744 0.254294 1.02296)
(-102.714 0.199261 -14.9644 0.0117331 0.313027 0.278793)
(-129.635 0.293307 -27.2465 -0.547026 0.353905 -4.73513)
(-95.6899 0.154329 -13.1651 -0.00966126 0.243885 1.28548)
(-97.754 0.197853 -14.1371 0.0183497 0.300626 0.563257)
(-123.248 0.292735 -25.9228 -0.529428 0.33952 -4.32157)
(-90.9473 0.155116 -12.3494 -0.00321359 0.234124 1.53755)
(-92.9362 0.196074 -13.3027 0.0243524 0.288859 0.837728)
(-117.046 0.29152 -24.5933 -0.511348 0.325874 -3.90901)
(-86.3427 0.15539 -11.5321 0.00260049 0.224961 1.77835)
(-88.2588 0.193937 -12.4653 0.0297679 0.277684 1.10137)
(-111.027 0.289684 -23.2633 -0.49286 0.312916 -3.4993)
(-81.8741 0.155174 -10.7168 0.00781295 0.21635 2.00709)
(-83.7198 0.191453 -11.6286 0.0346234 0.267062 1.35337)
(-105.188 0.287248 -21.9375 -0.474034 0.300598 -3.09424)
(-77.5395 0.154487 -9.90706 0.0124557 0.208249 2.22298)
(-79.3171 0.188636 -10.7964 0.0389464 0.256956 1.59291)
(-99.5262 0.284236 -20.6208 -0.45494 0.288872 -2.69559)
(-73.3374 0.15335 -9.10614 0.0165605 0.200617 2.42529)
(-75.0488 0.1855 -9.97178 0.0427644 0.24733 1.81923)
(-94.0402 0.280671 -19.3173 -0.435643 0.277697 -2.30505)
(-69.2657 0.151783 -8.31709 0.0201586 0.193416 2.6133)
(-70.9132 0.182058 -9.15803 0.0461049 0.238151 2.03157)
(-88.7274 0.276577 -18.0312 -0.416208 0.267031 -1.92425)
(-65.3229 0.149808 -7.5428 0.0232814 0.18661 2.78633)
(-66.9083 0.178324 -8.35809 0.0489954 0.22939 2.22923)
(-83.5854 0.271977 -16.7662 -0.396697 0.256835 -1.55476)
(-61.5073 0.147445 -6.78595 0.0259594 0.180165 2.94375)
(-63.0324 0.174312 -7.5747 0.0514636 0.221015 2.41155)
(-78.6121 0.266895 -15.5259 -0.37717 0.247074 -1.19805)
(-57.8172 0.144714 -6.04906 0.0282233 0.174051 3.08498)
(-59.2839 0.170035 -6.81044 0.0535363 0.213 2.5779)
(-73.8055 0.261354 -14.3137 -0.357683 0.237713 -0.855529)
(-54.2512 0.141636 -5.33448 0.0301027 0.168238 3.20945)
(-55.661 0.165507 -6.06774 0.0552407 0.205319 2.7277)
(-69.1636 0.255377 -13.1325 -0.338291 0.228721 -0.528517)
(-50.8077 0.13823 -4.64439 0.0316266 0.162698 3.31669)
(-52.1622 0.160743 -5.34882 0.0566031 0.197947 2.86044)
(-64.6844 0.248987 -11.9852 -0.319046 0.220068 -0.218244)
(-47.4854 0.134516 -3.98081 0.0328229 0.157406 3.40625)
(-48.786 0.155754 -4.65576 0.0576495 0.190863 2.97562)
(-60.3662 0.242206 -10.8745 -0.299997 0.211726 0.0741481)
(-44.2829 0.130512 -3.34563 0.0337187 0.152339 3.47773)
(-45.531 0.150555 -3.9905 0.058405 0.184044 3.07284)
(-56.2073 0.235057 -9.80285 -0.281191 0.203669 0.347605)
(-41.1989 0.126238 -2.74057 0.0343408 0.147473 3.53078)
(-42.3958 0.145158 -3.35483 0.0588944 0.17747 3.1517)
(-52.2059 0.227561 -8.77252 -0.262674 0.195873 0.60116)
(-38.2324 0.121711 -2.16725 0.034715 0.14279 3.56512)
(-39.3791 0.139576 -2.75038 0.0591419 0.171125 3.2119)
(-48.3607 0.21974 -7.78557 -0.244486 0.188316 0.833939)
(-35.3821 0.116949 -1.62713 0.034868 0.13827 3.58048)
(-36.4798 0.133821 -2.17868 0.0591713 0.164989 3.25315)
(-44.6701 0.211614 -6.84393 -0.226664 0.180977 1.04515)
(-32.6469 0.111969 -1.12156 0.0348252 0.133897 3.57669)
(-33.6968 0.127904 -1.6411 0.0590064 0.159047 3.27522)
(-41.1328 0.203204 -5.94933 -0.209241 0.173836 1.2341)
(-30.026 0.106785 -0.651778 0.0346099 0.129654 3.55358)
(-31.0288 0.121837 -1.13893 0.0586693 0.153284 3.27795)
(-37.7475 0.194528 -5.10338 -0.192248 0.166877 1.40015)
(-27.5184 0.101412 -0.218892 0.0342438 0.125527 3.51103)
(-28.475 0.115631 -0.673307 0.0581816 0.147687 3.26119)
(-34.5131 0.185604 -4.30751 -0.175715 0.160082 1.54277)
(-25.1233 0.0958643 0.176083 0.0337475 0.121501 3.44899)
(-26.0345 0.109294 -0.245284 0.057565 0.142243 3.22486)
(-31.4285 0.176448 -3.56302 -0.159675 0.153435 1.6615)
(-22.8398 0.090151 0.532243 0.0331397 0.117561 3.36741)
(-23.7063 0.102832 0.144199 0.0568404 0.136937 3.1689)
(-28.4927 0.167073 -2.87109 -0.144154 0.146921 1.75593)
(-20.6672 0.0842804 0.848781 0.0324411 0.11369 3.2663)
(-21.4898 0.0962499 0.494306 0.0560274 0.131755 3.0933)
(-25.7048 0.157489 -2.23276 -0.129175 0.140522 1.82574)
(-18.6049 0.0782547 1.12499 0.0316783 0.109869 3.1457)
(-19.3841 0.0895471 0.804292 0.0551511 0.126679 2.99807)
(-23.0639 0.147704 -1.64894 -0.114751 0.134221 1.87068)
(-16.6523 0.0720667 1.36025 0.0308781 0.106074 3.00568)
(-17.3886 0.0827164 1.07351 0.0542419 0.121686 2.88327)
(-20.5692 0.137712 -1.12042 -0.100884 0.127992 1.89054)
(-14.8086 0.0656953 1.55406 0.0300692 0.102267 2.84633)
(-15.5026 0.0757395 1.30139 0.053331 0.116746 2.74898)
(-18.2199 0.127496 -0.647909 -0.0875766 0.121803 1.88518)
(-13.0734 0.0591057 1.70602 0.0292866 0.0983949 2.66776)
(-13.7256 0.0685843 1.48748 0.0524588 0.111811 2.59528)
(-16.0154 0.117018 -0.231957 -0.0748204 0.115607 1.85449)
(-11.4461 0.0522396 1.81585 0.0285709 0.0943832 2.47011)
(-12.057 0.0611998 1.63143 0.0516709 0.106819 2.42228)
(-13.9549 0.106216 0.126983 -0.0625956 0.109338 1.79838)
(-9.9258 0.0450053 1.88345 0.0279704 0.0901241 2.25351)
(-10.4961 0.0535102 1.73299 0.051018 0.101678 2.23009)
(-12.0376 0.094993 0.428594 -0.0508664 0.1029 1.71678)
(-8.51184 0.0372796 1.90893 0.0275335 0.0854777 2.01811)
(-9.04224 0.0454134 1.7921 0.0505533 0.0962669 2.01881)
(-10.2628 0.0832095 0.67271 -0.0395811 0.0961658 1.60961)
(-7.20305 0.0289151 1.89271 0.0272976 0.0802816 1.76407)
(-7.69459 0.0367894 1.8089 0.0503113 0.0904411 1.78853)
(-8.62929 0.0706911 0.859341 -0.0286809 0.0889808 1.47672)
(-5.99785 0.0197741 1.8356 0.0272701 0.0743913 1.49162)
(-6.45196 0.0275281 1.78382 0.0502768 0.0840606 1.53933)
(-7.13566 0.057255 0.988727 -0.0181116 0.0811848 1.31787)
(-4.89388 0.0098275 1.73897 0.0273549 0.0677926 1.20112)
(-5.31264 0.0176039 1.71777 0.0503125 0.0770674 1.27134)
(-5.77986 0.0427933 1.0614 -0.00786333 0.0726785 1.1327)
(-3.88766 -0.000612791 1.6048 0.0272421 0.0608527 0.893456)
(-4.27401 0.00724384 1.61225 0.0500078 0.0696611 0.984928)
(-4.55898 0.0274725 1.07826 0.00191859 0.0635748 0.920854)
(-2.97416 -0.0105464 1.43516 0.0266885 0.0547792 0.571399)
(-3.33224 -0.00280074 1.46931 0.0486644 0.0626186 0.681281)
(-3.46904 0.012098 1.04058 0.0107986 0.0544622 0.682545)
(-2.14726 -0.0179458 1.23146 0.0252158 0.0524449 0.242401)
(-2.48152 -0.0109388 1.29139 0.0458733 0.0578307 0.364766)
(-2.50492 -0.00140229 0.950082 0.017918 0.0468128 0.42096)
(-1.40082 -0.0191024 0.992681 0.0165817 0.0596366 -0.0812859)
(-1.71468 -0.0142809 1.08063 0.0403812 0.0592461 0.0451881)
(-1.66164 -0.00938111 0.808854 0.0203007 0.0437182 0.146344)
(-0.715273 -0.0154502 0.686106 0.015258 0.0823908 -0.361224)
(-1.03059 -0.0113866 0.822785 0.0338339 0.0720783 -0.262779)
(-0.941376 -0.00883495 0.607886 0.0162478 0.0491576 -0.116868)
(-0.456214 -0.0220121 0.41822 0.126782 0.0935544 -0.461949)
(-0.36864 -0.018153 0.284278 0.0722838 0.05935 -0.255105)
(-436.539 -21.6011 51.5854 -97.8509 -6.7317 -81.7821)
(-424.662 -23.3968 36.7239 -168.52 -3.66909 -146.298)
(-538.717 -41.6336 56.7363 -175.284 -3.88979 -147.229)
(-432.264 -6.7744 40.1276 -26.3954 -7.0347 -18.0916)
(-425.135 -9.73671 50.324 -54.5171 -5.36922 -33.994)
(-538.905 -16.6972 38.3987 -47.84 -4.82262 -23.2561)
(-414.014 -1.21811 29.2723 -10.6313 -5.82533 -13.3132)
(-422.869 -3.13785 36.7411 -17.6182 -4.87595 -11.414)
(-535.555 -5.07094 18.9334 -15.3379 -4.70582 -7.25092)
(-397.154 0.974915 22.8894 -6.15248 -4.31692 -16.2279)
(-408.644 -0.360806 27.4653 -9.35334 -3.87443 -14.3721)
(-518.787 -0.286909 10.4353 -9.31647 -3.95468 -13.3366)
(-382.959 1.80753 17.5164 -3.0264 -2.86784 -17.0834)
(-392.726 0.874969 21.0667 -4.69674 -2.75114 -16.2999)
(-500.372 1.75351 4.95296 -4.41767 -2.7873 -15.3273)
(-370.666 1.93812 12.5379 -1.47779 -1.6719 -17.1717)
(-379.219 1.32143 15.3516 -2.1473 -1.74138 -16.9641)
(-484.438 2.39248 -0.463135 -1.53688 -1.63133 -15.7749)
(-359.515 1.74147 7.96138 -0.833641 -0.777347 -16.7592)
(-367.206 1.3509 10.1581 -1.04268 -0.946764 -16.9764)
(-469.795 2.33678 -5.83061 -0.337003 -0.699318 -15.8147)
(-349.014 1.4274 3.78125 -0.585755 -0.151229 -16.0011)
(-356.025 1.19431 5.49178 -0.597324 -0.369117 -16.4844)
(-455.838 2.00597 -10.9382 0.0856447 -0.0243607 -15.5479)
(-338.902 1.10505 -0.00839021 -0.524131 0.263712 -15.0923)
(-345.39 0.977878 1.31728 -0.458701 0.0271352 -15.7195)
(-442.37 1.61081 -15.6656 0.153036 0.429726 -15.1359)
(-329.044 0.825148 -3.42003 -0.541097 0.524148 -14.1523)
(-335.13 0.765626 -2.40163 -0.459909 0.285226 -14.8508)
(-429.27 1.24774 -19.9588 0.0642892 0.715943 -14.6947)
(-319.374 0.604363 -6.4739 -0.579924 0.677166 -13.2427)
(-325.143 0.585592 -5.70338 -0.510562 0.444317 -13.9701)
(-416.46 0.952765 -23.808 -0.0760848 0.883521 -14.279)
(-309.858 0.441514 -9.19404 -0.614934 0.758442 -12.3914)
(-315.374 0.445534 -8.62673 -0.566738 0.535584 -13.1243)
(-403.897 0.730884 -27.2263 -0.218879 0.971402 -13.9114)
(-300.482 0.327741 -11.6055 -0.636641 0.793464 -11.6075)
(-305.79 0.343081 -11.2079 -0.610218 0.582063 -12.3337)
(-391.554 0.573258 -30.2376 -0.344239 1.00791 -13.5965)
(-291.241 0.252102 -13.7325 -0.643414 0.799675 -10.8897)
(-296.372 0.271775 -13.4792 -0.635685 0.599944 -11.6035)
(-379.416 0.466569 -32.8694 -0.446616 1.01255 -13.3296)
(-282.136 0.204339 -15.5975 -0.637088 0.788608 -10.232)
(-287.112 0.224309 -15.4692 -0.643893 0.600172 -10.9315)
(-367.475 0.397601 -35.1495 -0.526999 0.998206 -13.1024)
(-273.169 0.175975 -17.2209 -0.620644 0.767661 -9.62691)
(-278.004 0.194067 -17.2023 -0.637992 0.589911 -10.3121)
(-355.726 0.355148 -37.1038 -0.588851 0.973114 -12.9055)
(-264.343 0.160534 -18.6208 -0.597075 0.741456 -9.06662)
(-269.047 0.175695 -18.6997 -0.621639 0.573725 -9.73833)
(-344.171 0.330518 -38.7561 -0.636079 0.942369 -12.7297)
(-255.663 0.15334 -19.8135 -0.56892 0.712805 -8.54402)
(-260.241 0.165159 -19.9799 -0.598146 0.554443 -9.20356)
(-332.81 0.317373 -40.1283 -0.672166 0.909039 -12.5669)
(-247.133 0.151165 -20.8138 -0.538142 0.683371 -8.05279)
(-251.589 0.159581 -21.0591 -0.570171 0.533774 -8.70149)
(-321.645 0.311299 -41.2399 -0.69988 0.874916 -12.4101)
(-238.755 0.151869 -21.635 -0.506162 0.654112 -7.58746)
(-243.092 0.156993 -21.9518 -0.5397 0.512726 -8.22657)
(-310.682 0.309351 -42.1093 -0.721277 0.841013 -12.2532)
(-230.532 0.154089 -22.2895 -0.473956 0.625559 -7.14339)
(-234.753 0.156103 -22.6711 -0.508131 0.491876 -7.77401)
(-299.922 0.309636 -42.7534 -0.737811 0.80788 -12.0912)
(-222.469 0.156986 -22.7891 -0.442164 0.597989 -6.71667)
(-226.574 0.156096 -23.2293 -0.4764 0.471541 -7.3397)
(-289.369 0.310983 -43.1878 -0.750474 0.775796 -11.9201)
(-214.566 0.16007 -23.1445 -0.411184 0.571537 -6.30406)
(-218.558 0.156479 -23.6378 -0.44511 0.451887 -6.9202)
(-279.025 0.312697 -43.4277 -0.759928 0.744891 -11.7365)
(-206.825 0.163069 -23.3662 -0.381248 0.546252 -5.90288)
(-210.705 0.156965 -23.9073 -0.414624 0.432991 -6.51265)
(-268.894 0.314386 -43.4873 -0.766606 0.71521 -11.538)
(-199.249 0.16584 -23.4641 -0.352483 0.522141 -5.51093)
(-203.018 0.1574 -24.048 -0.385151 0.414884 -6.11469)
(-258.977 0.315844 -43.3801 -0.770797 0.686752 -11.3224)
(-191.837 0.168318 -23.4477 -0.324946 0.499183 -5.12649)
(-195.498 0.157703 -24.0697 -0.356798 0.397565 -5.72442)
(-249.274 0.316971 -43.1192 -0.772698 0.659493 -11.0886)
(-184.59 0.170479 -23.326 -0.298652 0.477344 -4.74819)
(-188.144 0.15784 -23.9818 -0.329609 0.381021 -5.34036)
(-239.788 0.317728 -42.7169 -0.772453 0.633397 -10.8355)
(-177.508 0.172317 -23.1077 -0.273595 0.456583 -4.37503)
(-180.957 0.1578 -23.7932 -0.303594 0.365229 -4.96136)
(-230.518 0.318105 -42.1853 -0.770176 0.608421 -10.5629)
(-170.592 0.17384 -22.8012 -0.249756 0.436857 -4.0063)
(-173.938 0.157581 -23.5124 -0.278744 0.350164 -4.58662)
(-221.463 0.318106 -41.5356 -0.765968 0.584519 -10.2708)
(-163.839 0.175053 -22.4145 -0.227109 0.418118 -3.64155)
(-167.084 0.157188 -23.1476 -0.255039 0.335795 -4.21558)
(-212.624 0.31774 -40.7789 -0.759924 0.561646 -9.95939)
(-157.251 0.175964 -21.9552 -0.205626 0.40032 -3.28058)
(-160.397 0.156625 -22.7068 -0.232454 0.322094 -3.84797)
(-203.998 0.317019 -39.9256 -0.752138 0.539752 -9.62944)
(-150.824 0.176581 -21.4307 -0.185279 0.383416 -2.92337)
(-153.874 0.155897 -22.1975 -0.210965 0.309029 -3.48371)
(-195.586 0.315949 -38.9856 -0.742706 0.518793 -9.28185)
(-144.559 0.176909 -20.8481 -0.166038 0.367361 -2.57009)
(-147.514 0.155006 -21.6268 -0.190544 0.296571 -3.12292)
(-187.385 0.314539 -37.9685 -0.731724 0.498722 -8.91776)
(-138.454 0.176951 -20.2139 -0.147874 0.35211 -2.22106)
(-141.317 0.153956 -21.0016 -0.171168 0.284689 -2.76585)
(-179.394 0.312794 -36.8833 -0.719293 0.479495 -8.53852)
(-132.506 0.176713 -19.5345 -0.130759 0.337619 -1.87673)
(-135.279 0.152748 -20.3284 -0.15281 0.273355 -2.41294)
(-171.61 0.310719 -35.7387 -0.705511 0.461067 -8.14563)
(-126.715 0.176198 -18.8159 -0.114663 0.323846 -1.53764)
(-129.4 0.151384 -19.6134 -0.135447 0.26254 -2.0647)
(-164.031 0.308318 -34.5427 -0.690479 0.443398 -7.74073)
(-121.078 0.175411 -18.064 -0.0995573 0.310751 -1.20445)
(-123.678 0.149865 -18.8626 -0.119051 0.252216 -1.72176)
(-156.655 0.305597 -33.3032 -0.674298 0.426447 -7.32553)
(-115.594 0.174355 -17.2842 -0.0854112 0.298294 -0.877843)
(-118.111 0.148193 -18.0815 -0.103599 0.242358 -1.38481)
(-149.48 0.302559 -32.0276 -0.657068 0.410175 -6.90187)
(-110.26 0.173035 -16.4817 -0.0721945 0.286439 -0.558591)
(-112.696 0.14637 -17.2755 -0.0890631 0.232939 -1.05462)
(-142.502 0.29921 -30.7228 -0.638888 0.394546 -6.47159)
(-105.075 0.171458 -15.6613 -0.0598761 0.27515 -0.247489)
(-107.431 0.144397 -16.4496 -0.0754174 0.223937 -0.731968)
(-135.72 0.295556 -29.3953 -0.619856 0.379525 -6.03661)
(-100.036 0.16963 -14.8278 -0.0484243 0.264394 0.0546439)
(-102.316 0.142278 -15.6086 -0.0626341 0.215327 -0.417702)
(-129.13 0.291602 -28.0515 -0.600067 0.365078 -5.59885)
(-95.1416 0.167556 -13.9854 -0.037807 0.254138 0.346973)
(-97.3461 0.140016 -14.7569 -0.050685 0.207088 -0.112661)
(-122.731 0.287355 -26.6972 -0.579614 0.351175 -5.1602)
(-90.3895 0.165244 -13.1383 -0.0279914 0.244352 0.628663)
(-92.5208 0.137614 -13.8989 -0.0395413 0.199198 0.182301)
(-116.519 0.282823 -25.3379 -0.55859 0.337784 -4.72259)
(-85.7776 0.162702 -12.2905 -0.0189446 0.235006 0.898887)
(-87.8377 0.135075 -13.0385 -0.0291738 0.191639 0.466337)
(-110.491 0.278013 -23.9788 -0.537083 0.324878 -4.28786)
(-81.304 0.159937 -11.4455 -0.0106333 0.226075 1.15684)
(-83.2946 0.132404 -12.1794 -0.0195526 0.18439 0.738614)
(-104.646 0.272933 -22.6248 -0.51518 0.312431 -3.85785)
(-76.9666 0.156957 -10.6069 -0.00302402 0.217532 1.40172)
(-78.8895 0.129605 -11.3254 -0.0106475 0.177435 0.998317)
(-98.9812 0.267592 -21.2805 -0.492963 0.300416 -3.43433)
(-72.7635 0.153772 -9.77787 0.00391673 0.209352 1.63278)
(-74.6203 0.126683 -10.4796 -0.00242788 0.170755 1.24466)
(-93.4932 0.261998 -19.9502 -0.470513 0.288811 -3.01903)
(-68.6928 0.15039 -8.96142 0.0102225 0.201513 1.8493)
(-70.4852 0.123641 -9.6452 0.00513675 0.164336 1.47689)
(-88.1801 0.256161 -18.6379 -0.447907 0.277593 -2.61358)
(-64.7527 0.146818 -8.16042 0.0159265 0.193994 2.05059)
(-66.4821 0.120485 -8.82514 0.0120772 0.158163 1.6943)
(-83.0395 0.250089 -17.3474 -0.42522 0.26674 -2.21956)
(-60.9413 0.143066 -7.37753 0.021062 0.186773 2.23601)
(-62.6092 0.11722 -8.02214 0.0184243 0.15222 1.89621)
(-78.0692 0.243791 -16.0823 -0.402524 0.256233 -1.83847)
(-57.2571 0.139143 -6.61522 0.0256615 0.179831 2.40497)
(-58.8648 0.11385 -7.23876 0.0242082 0.146494 2.082)
(-73.2669 0.237277 -14.8458 -0.379885 0.246054 -1.47172)
(-53.6982 0.135057 -5.87581 0.0297576 0.173151 2.55692)
(-55.2471 0.110381 -6.47739 0.0294596 0.140973 2.25109)
(-68.6307 0.230556 -13.6409 -0.35737 0.236184 -1.12063)
(-50.2632 0.130817 -5.16144 0.0333822 0.166715 2.69137)
(-51.7545 0.106817 -5.74023 0.0342085 0.135645 2.40295)
(-64.1584 0.223637 -12.4704 -0.335038 0.226608 -0.786447)
(-46.9506 0.126431 -4.4741 0.0365665 0.160509 2.80787)
(-48.3854 0.103163 -5.02933 0.0384844 0.130499 2.5371)
(-59.8483 0.216529 -11.3371 -0.312947 0.21731 -0.47031)
(-43.7588 0.121908 -3.81564 0.039341 0.154516 2.90603)
(-45.1383 0.0994248 -4.34662 0.0423165 0.125524 2.65312)
(-55.6984 0.209241 -10.2433 -0.291154 0.208275 -0.17328)
(-40.6867 0.117255 -3.18776 0.0417357 0.148724 2.9855)
(-42.0118 0.0956059 -3.69383 0.0457333 0.12071 2.75063)
(-51.7072 0.201782 -9.19122 -0.269709 0.199489 0.103673)
(-37.7329 0.112481 -2.59203 0.0437797 0.143118 3.04599)
(-39.0046 0.0917113 -3.0726 0.0487631 0.116048 2.82931)
(-47.8729 0.19416 -8.18295 -0.24866 0.190941 0.359673)
(-34.8961 0.107593 -2.02988 0.0455021 0.137687 3.08725)
(-36.1153 0.0877456 -2.48441 0.0514336 0.11153 2.88889)
(-44.1941 0.186385 -7.22036 -0.228051 0.182617 0.593928)
(-32.1753 0.102598 -1.50263 0.0469311 0.13242 3.1091)
(-33.3429 0.083713 -1.93064 0.0537726 0.107146 2.92914)
(-40.6694 0.178464 -6.30517 -0.20792 0.174507 0.805735)
(-29.5695 0.0975043 -1.01148 0.0480936 0.127307 3.11138)
(-30.6861 0.0796176 -1.41251 0.0558064 0.10289 2.94989)
(-37.2974 0.170406 -5.43894 -0.188305 0.1666 0.994474)
(-27.0776 0.0923169 -0.557516 0.0490164 0.122336 3.09398)
(-28.144 0.0754632 -0.931172 0.057561 0.0987535 2.951)
(-34.0769 0.162217 -4.62309 -0.169239 0.158886 1.1596)
(-24.6987 0.0870406 -0.141722 0.0497276 0.117499 3.05684)
(-25.7155 0.0712524 -0.487638 0.0590635 0.0947305 2.93238)
(-31.0068 0.153905 -3.85889 -0.150754 0.151356 1.30066)
(-22.432 0.0816772 0.235024 0.0502536 0.112783 2.99993)
(-23.3998 0.0669864 -0.082832 0.0603414 0.090813 2.894)
(-28.086 0.145471 -3.14749 -0.132875 0.143999 1.41725)
(-20.2768 0.0762261 0.571938 0.0506233 0.108176 2.92327)
(-21.1961 0.0626645 0.282425 0.0614213 0.0869916 2.83583)
(-25.3135 0.136915 -2.48991 -0.11562 0.136803 1.50905)
(-18.2322 0.0706826 0.868331 0.050873 0.10366 2.82688)
(-19.1035 0.0582836 0.607404 0.0623366 0.0832554 2.7579)
(-22.6885 0.128235 -1.88704 -0.0989973 0.129751 1.5758)
(-16.2976 0.0650347 1.1236 0.0510441 0.0992135 2.71084)
(-17.1214 0.0538366 0.891461 0.0631294 0.0795899 2.66025)
(-20.21 0.119418 -1.33967 -0.0830005 0.122823 1.61731)
(-14.4724 0.0592594 1.33722 0.0511844 0.0948027 2.57523)
(-15.2492 0.0493097 1.13404 0.0638469 0.0759743 2.54296)
(-17.8774 0.110442 -0.848493 -0.0676146 0.115991 1.63341)
(-12.756 0.0533206 1.50876 0.0513517 0.0903808 2.42014)
(-13.4861 0.0446801 1.33465 0.0645473 0.0723796 2.4061)
(-15.6899 0.101268 -0.414098 -0.052808 0.109212 1.62399)
(-11.1479 0.0471648 1.6379 0.0516129 0.085882 2.24566)
(-11.8317 0.0399141 1.49292 0.0652972 0.0687639 2.24976)
(-13.6469 0.0918351 -0.0369821 -0.0385288 0.102426 1.58892)
(-9.64745 0.0407181 1.72439 0.0520394 0.0812179 2.05188)
(-10.2854 0.0349659 1.60852 0.0661701 0.0650707 2.074)
(-11.7478 0.0820582 0.282441 -0.0247065 0.0955523 1.52811)
(-8.25396 0.0338903 1.76817 0.0526909 0.0762804 1.83884)
(-8.84661 0.0297782 1.68127 0.0672338 0.0612288 1.87886)
(-9.99178 0.0718259 0.543847 -0.0112596 0.0884849 1.44139)
(-6.9666 0.0265879 1.76935 0.0535806 0.0709584 1.60659)
(-7.51459 0.0242905 1.71113 0.0685162 0.0571598 1.66436)
(-8.37818 0.0610114 0.747013 0.00187705 0.0811049 1.32853)
(-5.78414 0.0187529 1.72836 0.0546043 0.0651823 1.35515)
(-6.28837 0.0184608 1.69832 0.0699451 0.0528014 1.43047)
(-6.90599 0.0495044 0.891856 0.0146931 0.073307 1.18918)
(-4.70472 0.0104467 1.64615 0.0553865 0.0590261 1.08468)
(-5.1665 0.0123128 1.64347 0.0712283 0.048161 1.1772)
(-5.57375 0.0372882 0.978526 0.0269753 0.0650674 1.02286)
(-3.72533 0.00200317 1.52437 0.055132 0.0528955 0.795788)
(-4.14667 0.00602137 1.54787 0.071654 0.0434186 0.904768)
(-4.37921 0.0245857 1.00756 0.0380726 0.0565692 0.829022)
(-2.84109 -0.00580187 1.36542 0.0529876 0.0478258 0.490998)
(-3.2252 1.67725e-05 1.41366 0.0701351 0.0390868 0.61422)
(-3.31877 0.0120754 0.980141 0.0466897 0.0483895 0.607636)
(-2.04536 -0.011559 1.17268 0.0478755 0.0459478 0.177131)
(-2.39618 -0.00493685 1.24413 0.0659416 0.0362365 0.30973)
(-2.38691 0.00114484 0.898729 0.0508094 0.041757 0.361286)
(-1.32905 -0.0131926 0.948283 0.0382336 0.0507987 -0.132296)
(-1.65249 -0.00766979 1.04314 0.0581859 0.0368087 0.000438223)
(-1.57748 -0.00585697 0.767082 0.0473195 0.0388759 0.0985837)
(-0.669865 -0.0140738 0.657789 0.0656369 0.0646375 -0.385451)
(-0.992664 -0.00838211 0.796711 0.0566604 0.0428718 -0.295586)
(-0.890294 -0.00796266 0.576876 0.045483 0.0418719 -0.153247)
(-0.434613 -0.0161037 0.409107 0.182398 0.0532332 -0.467365)
(-0.341638 -0.0159955 0.273272 0.140423 0.0491914 -0.263335)
(-438.628 -7.45684 58.3429 -112.209 -2.15595 -86.1171)
(-425.977 -1.94115e-08 39.503 -176.977 -6.88735e-09 -149.822)
(-541.647 -13.2142 64.1933 -193.958 -1.22011 -153.548)
(-436.866 -2.96738 46.1176 -34.5415 -2.41593 -17.3883)
(-426.341 -2.60883e-08 53.6143 -60.6712 -6.80359e-09 -34.1201)
(-541.564 -6.22939 44.2602 -60.5032 -1.64928 -22.9829)
(-419.747 -0.889995 33.6915 -14.8223 -2.1138 -11.7426)
(-425.102 -2.38429e-08 39.3851 -20.8939 -4.34534e-09 -10.4641)
(-540.558 -2.40463 22.9658 -22.1589 -1.71116 -5.36081)
(-402.899 0.114476 25.9384 -8.46039 -1.62739 -15.1977)
(-411.397 -2.61099e-08 29.3461 -11.1238 -4.18391e-09 -13.6428)
(-524.953 -0.482709 13.2317 -13.1385 -1.49397 -12.1093)
(-388.151 0.560115 19.42 -4.28071 -1.11619 -16.5514)
(-395.405 -2.80746e-08 22.3067 -5.65837 -4.01013e-09 -15.888)
(-506.339 0.45785 6.8105 -6.44848 -1.08965 -14.6709)
(-375.088 0.687037 13.5279 -2.15429 -0.675105 -16.9965)
(-381.586 -2.37472e-08 16.0692 -2.65437 5.83322e-10 -16.7747)
(-489.649 0.814385 0.591076 -2.51371 -0.666186 -15.4521)
(-363.152 0.655941 8.27513 -1.22096 -0.335584 -16.8513)
(-369.199 -1.97198e-08 10.4753 -1.31303 3.67718e-09 -16.9503)
(-474.107 0.860983 -5.41802 -0.767958 -0.313325 -15.7391)
(-351.947 0.560347 3.62344 -0.837307 -0.092618 -16.2902)
(-357.655 -1.68127e-08 5.52224 -0.751817 2.40025e-09 -16.5784)
(-459.288 0.772866 -10.9935 -0.0848735 -0.0514727 -15.6629)
(-341.248 0.449912 -0.47976 -0.719413 0.0716974 -15.5239)
(-346.703 -1.95531e-08 1.15292 -0.561366 4.65247e-09 -15.9003)
(-445.081 0.642166 -16.0392 0.093295 0.128581 -15.3939)
(-330.923 0.348776 -4.09087 -0.719589 0.177108 -14.6848)
(-336.181 -2.92309e-08 -2.69257 -0.543854 6.07988e-10 -15.0933)
(-431.388 0.513101 -20.5375 0.0389921 0.244766 -15.0571)
(-320.889 0.266262 -7.26567 -0.758871 0.24081 -13.8445)
(-325.989 -3.16809e-08 -6.07295 -0.591478 -7.39295e-09 -14.2555)
(-418.121 0.403985 -24.5119 -0.102615 0.314889 -14.7156)
(-311.096 0.203754 -10.0545 -0.799906 0.276209 -13.039)
(-316.06 -2.13355e-08 -9.04254 -0.65081 -7.71316e-09 -13.4384)
(-405.214 0.319521 -28.0021 -0.260495 0.353525 -14.399)
(-301.508 0.158959 -12.5008 -0.827633 0.293078 -12.2838)
(-306.354 -6.73572e-09 -11.6487 -0.698817 -6.50636e-09 -12.6663)
(-392.615 0.257994 -31.0508 -0.403894 0.371525 -14.1179)
(-292.104 0.128317 -14.6411 -0.838174 0.298217 -11.5825)
(-296.844 -5.61829e-09 -13.9315 -0.728013 -1.04743e-08 -11.9472)
(-380.286 0.215253 -33.6983 -0.522404 0.376497 -13.8725)
(-282.87 0.108235 -16.506 -0.832827 0.296184 -10.9328)
(-287.511 -1.6257e-08 -15.9243 -0.738403 -1.45618e-08 -11.2812)
(-368.2 0.186743 -35.9805 -0.615346 0.373549 -13.658)
(-273.8 0.0956269 -18.1209 -0.814822 0.289945 -10.3299)
(-278.345 -2.17343e-08 -17.655 -0.733084 -8.5169e-09 -10.6641)
(-356.339 0.168417 -37.9287 -0.686063 0.365991 -13.4675)
(-264.887 0.088078 -19.507 -0.787688 0.281374 -9.76772)
(-269.34 -1.9503e-08 -19.1467 -0.715961 -1.38533e-09 -10.0904)
(-344.692 0.157048 -39.5699 -0.738987 0.355901 -13.294)
(-256.132 0.0838105 -20.6828 -0.754531 0.271627 -9.24052)
(-260.494 -1.40432e-08 -20.4191 -0.690673 -4.0107e-10 -9.55387)
(-333.256 0.150233 -40.9276 -0.778302 0.344549 -13.1306)
(-247.535 0.08158 -21.664 -0.717804 0.261398 -8.74277)
(-251.806 -1.24355e-08 -21.4892 -0.660193 -3.54874e-09 -9.04894)
(-322.027 0.146272 -42.0229 -0.807438 0.332689 -12.9711)
(-239.096 0.0805507 -22.4649 -0.679311 0.251094 -8.26958)
(-243.278 -1.46873e-08 -22.372 -0.626761 -7.15631e-09 -8.57037)
(-311.005 0.144016 -42.8746 -0.828989 0.320755 -12.8101)
(-230.819 0.0801833 -23.0984 -0.640309 0.240945 -7.81667)
(-234.91 -1.61487e-08 -23.081 -0.591968 -9.56934e-09 -8.11358)
(-300.193 0.142718 -43.5001 -0.844817 0.308989 -12.643)
(-222.704 0.0801431 -23.5763 -0.601624 0.231076 -7.38037)
(-226.705 -1.67547e-08 -23.6285 -0.556888 -1.1121e-08 -7.67462)
(-289.592 0.14191 -43.9154 -0.856198 0.297519 -12.4658)
(-214.753 0.0802313 -23.9098 -0.56378 0.221551 -6.95759)
(-218.663 -1.76443e-08 -24.026 -0.522212 -1.16838e-08 -7.25014)
(-279.204 0.141311 -44.1359 -0.863985 0.286411 -12.2756)
(-206.968 0.0803357 -24.1094 -0.527083 0.212399 -6.54577)
(-210.788 -1.9064e-08 -24.2845 -0.488364 -1.22297e-08 -6.83735)
(-269.031 0.14076 -44.1757 -0.868738 0.275691 -12.0698)
(-199.35 0.0803972 -24.1853 -0.491703 0.203629 -6.14279)
(-203.079 -2.00595e-08 -24.4142 -0.455585 -1.3154e-08 -6.43394)
(-259.075 0.140171 -44.0487 -0.87082 0.265366 -11.8466)
(-191.9 0.0803874 -24.1468 -0.457717 0.195239 -5.74698)
(-195.539 -1.99893e-08 -24.4249 -0.423999 -1.28419e-08 -6.03804)
(-249.336 0.139503 -43.768 -0.870475 0.255433 -11.6047)
(-184.617 0.0802951 -24.0033 -0.425151 0.187221 -5.35703)
(-188.166 -1.96486e-08 -24.326 -0.393663 -1.14719e-08 -5.64819)
(-239.816 0.138736 -43.346 -0.867873 0.245883 -11.3433)
(-177.502 0.0801177 -23.7634 -0.394001 0.179562 -4.97196)
(-180.962 -2.01377e-08 -24.1265 -0.364588 -9.88901e-09 -5.26327)
(-230.514 0.137866 -42.7947 -0.863144 0.236704 -11.062)
(-170.555 0.0798563 -23.4357 -0.364246 0.172251 -4.59111)
(-173.927 -2.1115e-08 -23.835 -0.336766 -8.81857e-09 -4.88249)
(-221.431 0.136894 -42.1256 -0.856398 0.227882 -10.7609)
(-163.774 0.0795134 -23.028 -0.335856 0.165272 -4.21406)
(-167.059 -2.13065e-08 -23.4597 -0.310173 -8.054e-09 -4.50533)
(-212.565 0.135823 -41.3498 -0.847737 0.219404 -10.4403)
(-157.16 0.0790915 -22.5482 -0.308799 0.158611 -3.84062)
(-160.358 -2.10095e-08 -23.0085 -0.284785 -7.20573e-09 -4.13151)
(-203.915 0.134657 -40.4776 -0.837262 0.211254 -10.101)
(-150.71 0.0785928 -22.0035 -0.283042 0.152253 -3.47083)
(-153.822 -2.05256e-08 -22.489 -0.260574 -7.2292e-09 -3.76096)
(-195.481 0.133397 -39.519 -0.825073 0.203419 -9.74378)
(-144.423 0.0780188 -21.4011 -0.258554 0.146185 -3.10486)
(-147.452 -1.94311e-08 -21.9083 -0.237512 -7.27377e-09 -3.39383)
(-187.259 0.132047 -38.4837 -0.811274 0.195884 -9.36995)
(-138.298 0.0773706 -20.7475 -0.235302 0.140391 -2.74306)
(-141.244 -1.8141e-08 -21.2733 -0.215572 -7.21411e-09 -3.03038)
(-179.249 0.130608 -37.3806 -0.795969 0.188634 -8.98083)
(-132.333 0.076649 -20.0493 -0.213253 0.134859 -2.3859)
(-135.197 -1.74568e-08 -20.5905 -0.194726 -7.6808e-09 -2.67105)
(-171.448 0.129081 -36.2185 -0.779267 0.181656 -8.57794)
(-126.526 0.0758549 -19.3123 -0.192378 0.129574 -2.03394)
(-129.31 -1.7788e-08 -19.8662 -0.17495 -8.15515e-09 -2.31637)
(-163.854 0.127468 -35.0054 -0.761274 0.174937 -8.16294)
(-120.875 0.0749887 -18.5424 -0.172643 0.124523 -1.68785)
(-123.58 -1.91825e-08 -19.1063 -0.156216 -7.70901e-09 -1.96698)
(-156.465 0.125768 -33.7493 -0.742098 0.168465 -7.73758)
(-115.379 0.0740514 -17.7451 -0.154017 0.119694 -1.34835)
(-118.006 -2.09007e-08 -18.3164 -0.138497 -6.13386e-09 -1.62357)
(-149.278 0.123984 -32.4573 -0.721848 0.162226 -7.30368)
(-110.035 0.0730439 -16.9255 -0.136467 0.115075 -1.01621)
(-112.586 -2.22375e-08 -17.5017 -0.121768 -3.50741e-09 -1.28692)
(-142.29 0.122116 -31.1366 -0.70063 0.15621 -6.86313)
(-104.84 0.0719671 -16.0886 -0.119961 0.110654 -0.692237)
(-107.316 -2.27791e-08 -16.6674 -0.106 -5.02773e-10 -0.957821)
(-135.499 0.120164 -29.7937 -0.678549 0.150404 -6.41784)
(-99.7937 0.0708224 -15.2389 -0.104465 0.106421 -0.377272)
(-102.196 -2.29652e-08 -15.8182 -0.0911643 2.85888e-09 -0.637122)
(-128.901 0.118131 -28.4348 -0.655707 0.144799 -5.96975)
(-94.8929 0.0696112 -14.3808 -0.0899451 0.102365 -0.072155)
(-97.2234 -2.27365e-08 -14.9585 -0.0772327 6.03734e-09 -0.325671)
(-122.495 0.116017 -27.0657 -0.632207 0.139385 -5.52077)
(-90.1357 0.068335 -13.5184 -0.076366 0.0984766 0.222268)
(-92.3953 -2.17869e-08 -14.0928 -0.064175 8.93832e-09 -0.0243239)
(-116.278 0.113824 -25.6921 -0.608145 0.134152 -5.07281)
(-85.5199 0.0669957 -12.6557 -0.0636931 0.0947459 0.505163)
(-87.7099 -2.15411e-08 -13.2248 -0.0519613 1.21812e-08 0.266067)
(-110.247 0.111554 -24.319 -0.583617 0.12909 -4.62776)
(-81.0434 0.0655952 -11.7963 -0.0518909 0.0911643 0.775711)
(-83.1651 -2.3822e-08 -12.3584 -0.0405607 1.59835e-08 0.544663)
(-104.399 0.109209 -22.9514 -0.558716 0.124192 -4.18745)
(-76.7042 0.0641354 -10.9436 -0.0409239 0.0877234 1.03312)
(-78.7588 -2.70178e-08 -11.4972 -0.0299421 1.89551e-08 0.810649)
(-98.7314 0.10679 -21.5939 -0.533531 0.11945 -3.75365)
(-72.5003 0.0626184 -10.1008 -0.0307562 0.0844151 1.27662)
(-74.489 -2.7641e-08 -10.6445 -0.020074 2.09857e-08 1.06324)
(-93.2422 0.1043 -20.2507 -0.508148 0.114855 -3.3281)
(-68.4297 0.0610465 -9.27105 -0.0213521 0.081232 1.5055)
(-70.3537 -2.63314e-08 -9.80335 -0.0109248 2.24898e-08 1.30167)
(-87.9288 0.101742 -18.9259 -0.482649 0.110401 -2.91244)
(-64.4905 0.0594217 -8.45706 -0.0126758 0.0781671 1.71905)
(-66.3509 -2.42221e-08 -8.97671 -0.00246248 2.31796e-08 1.52523)
(-82.7887 0.099116 -17.6232 -0.457115 0.106082 -2.50825)
(-60.6809 0.0577464 -7.66149 -0.00469182 0.0752135 1.91665)
(-62.4787 -2.12422e-08 -8.16729 0.00534468 2.42568e-08 1.73325)
(-77.8195 0.096426 -16.3461 -0.431621 0.101889 -2.11704)
(-56.9991 0.0560228 -6.88683 0.00263496 0.072365 2.09769)
(-58.7354 -1.97001e-08 -7.37766 0.0125281 2.49261e-08 1.9251)
(-73.0192 0.0936739 -15.098 -0.40624 0.0978186 -1.74021)
(-53.4434 0.0542532 -6.13535 0.00933959 0.0696156 2.26163)
(-55.1191 -2.09651e-08 -6.61017 0.0191194 2.37515e-08 2.10021)
(-68.3855 0.0908619 -13.8817 -0.38104 0.0938639 -1.3791)
(-50.0122 0.0524399 -5.40919 0.0154565 0.0669597 2.40797)
(-51.6282 -2.32256e-08 -5.86705 0.02515 2.09947e-08 2.25803)
(-63.9164 0.0879925 -12.7002 -0.356085 0.0900197 -1.03494)
(-46.7039 0.0505851 -4.71033 0.0210195 0.0643921 2.53627)
(-48.2612 -2.46195e-08 -5.15033 0.0306506 1.78542e-08 2.3981)
(-59.61 0.0850682 -11.556 -0.331439 0.0862812 -0.708882)
(-43.5171 0.0486911 -4.04059 0.0260618 0.0619078 2.64612)
(-45.0164 -2.44836e-08 -4.46191 0.0356515 1.38522e-08 2.51999)
(-55.4644 0.0820912 -10.4516 -0.307157 0.0826437 -0.401988)
(-40.4503 0.0467601 -3.40166 0.0306161 0.0595022 2.7372)
(-41.8925 -2.30528e-08 -3.80354 0.0401826 9.27918e-09 2.62333)
(-51.4779 0.0790639 -9.38912 -0.283296 0.0791026 -0.115223)
(-37.5024 0.0447941 -2.79508 0.0347148 0.057171 2.8092)
(-38.8881 -2.11318e-08 -3.17684 0.0442734 4.79536e-09 2.70778)
(-47.6488 0.0759886 -8.37067 -0.259903 0.0756538 0.150532)
(-34.6719 0.0427951 -2.22229 0.0383896 0.0549099 2.86188)
(-36.0019 -1.83411e-08 -2.58328 0.0479533 -3.04553e-10 2.77309)
(-43.9755 0.0728674 -7.39809 -0.237027 0.0722933 0.39449)
(-31.9578 0.0407653 -1.68458 0.0416715 0.0527152 2.89505)
(-33.2327 -1.32981e-08 -2.02423 0.0512511 -4.6348e-09 2.81902)
(-40.4567 0.0697027 -6.47309 -0.214707 0.0690173 0.615945)
(-29.3589 0.0387062 -1.18313 0.0445906 0.0505831 2.90856)
(-30.5793 -6.01703e-09 -1.50091 0.0541946 -8.10115e-09 2.8454)
(-37.091 0.0664965 -5.59722 -0.19298 0.0658225 0.814279)
(-26.8744 0.0366196 -0.719027 0.0471773 0.0485104 2.90231)
(-28.0408 -5.65978e-10 -1.01446 0.0568115 -1.14845e-08 2.8521)
(-33.8771 0.0632507 -4.77187 -0.171882 0.0627054 0.988951)
(-24.5031 0.0345061 -0.293227 0.0494635 0.0464933 2.87623)
(-25.616 1.81723e-09 -0.56589 0.0591307 -1.656e-08 2.83904)
(-30.8138 0.0599665 -3.99832 -0.151443 0.0596626 1.1395)
(-22.2442 0.0323656 0.0933965 0.0514804 0.0445275 2.8303)
(-23.3042 8.71761e-09 -0.156113 0.0611823 -2.01428e-08 2.80616)
(-27.9 0.056644 -3.2777 -0.131687 0.0566903 1.26554)
(-20.097 0.030197 0.440072 0.0532614 0.0426079 2.76453)
(-21.1045 1.53983e-08 0.214054 0.0629952 -1.27161e-08 2.75345)
(-25.1348 0.0532822 -2.61101 -0.112633 0.0537836 1.36673)
(-18.0607 0.0279977 0.746112 0.0548495 0.0407279 2.67895)
(-19.016 1.65079e-08 0.543885 0.0646059 -3.96441e-09 2.68094)
(-22.5173 0.0498787 -1.99915 -0.0942843 0.0509366 1.44283)
(-16.1346 0.0257622 1.01091 0.0562954 0.0388785 2.57362)
(-17.0381 1.62063e-08 0.832739 0.066061 2.10804e-09 2.58867)
(-20.0465 0.0464281 -1.44291 -0.0766262 0.0481413 1.49362)
(-14.3181 0.0234812 1.23395 0.057659 0.0370469 2.44862)
(-15.1701 1.45169e-08 1.08005 0.0674138 8.227e-09 2.47671)
(-17.7217 0.0429208 -0.942978 -0.0596338 0.0453858 1.51894)
(-12.6106 0.0211399 1.41476 0.0590106 0.0352146 2.30402)
(-13.4115 1.14492e-08 1.28534 0.0687291 1.12707e-08 2.34512)
(-15.5423 0.0393407 -0.499969 -0.0432599 0.0426542 1.51866)
(-11.0116 0.0187178 1.55297 0.0604295 0.033356 2.13989)
(-11.7616 8.1717e-09 1.44819 0.070081 1.1045e-08 2.19399)
(-13.5077 0.0356638 -0.114418 -0.0274385 0.0399227 1.49265)
(-9.52051 0.0161882 1.64829 0.0619974 0.0314382 1.95627)
(-10.2199 4.85399e-09 1.56827 0.0715498 1.00701e-08 2.02335)
(-11.6171 0.0318581 0.213207 -0.0120838 0.03716 1.44075)
(-8.13674 0.0135202 1.70053 0.063774 0.0294227 1.75317)
(-8.7859 9.02751e-10 1.64535 0.073207 1.00328e-08 1.83324)
(-9.87017 0.0278837 0.482496 0.00289604 0.0343272 1.36278)
(-6.85953 0.0106855 1.7097 0.0657476 0.0272735 1.53055)
(-7.45885 -3.93893e-09 1.67934 0.0750743 1.03449e-08 1.62363)
(-8.26613 0.0236979 0.693116 0.0175547 0.0313825 1.25846)
(-5.68778 0.0076745 1.67609 0.0677425 0.0249762 1.28839)
(-6.23786 -1.0166e-08 1.67038 0.0770529 1.18994e-08 1.39447)
(-6.8042 0.01927 0.844859 0.0318247 0.0282939 1.12739)
(-4.6197 0.00452665 1.60056 0.0692431 0.0225774 1.0268)
(-5.1215 -1.56299e-08 1.61906 0.0787892 1.03234e-08 1.14576)
(-5.48307 0.0146112 0.937765 0.0453543 0.0250665 0.969047)
(-3.65232 0.00137722 1.48481 0.0692747 0.0202502 0.746354)
(-4.10751 -1.84555e-08 1.52665 0.079467 2.63531e-09 0.877673)
(-4.30057 0.009824 0.972346 0.0572474 0.0217893 0.782863)
(-2.7807 -0.00150969 1.33162 0.066885 0.0183824 0.449568)
(-3.19218 1.02669e-08 1.39538 0.0778938 -2.08424e-08 0.591283)
(-3.25301 0.00516301 0.949925 0.0659117 0.0186957 0.568784)
(-1.99807 -0.00372897 1.14537 0.0610484 0.0176924 0.142993)
(-2.36954 8.8259e-08 1.22887 0.0733106 -1.9167e-08 0.29075)
(-2.33454 0.00108095 0.873486 0.069124 0.0162342 0.329206)
(-1.29514 -0.00481897 0.929166 0.0523361 0.0192596 -0.159539)
(-1.63266 1.29255e-07 1.03149 0.0651018 6.82989e-08 -0.0150162)
(-1.53892 -0.0017598 0.747539 0.0641474 0.0151358 0.0720002)
(-0.650544 -0.00613622 0.647419 0.0911433 0.0237048 -0.40209)
(-0.980486 2.1861e-08 0.789182 0.0656249 1.58774e-07 -0.307253)
(-0.866315 -0.00328561 0.56396 0.0645964 0.0160665 -0.174649)
(-0.428763 4.05514e-09 0.407513 0.200223 1.85392e-09 -0.472326)
(-0.330268 -0.00649682 0.271522 0.173085 0.0188826 -0.275277)
(-438.628 7.45684 58.3429 -112.209 2.15595 -86.1171)
(-424.662 23.3968 36.7239 -168.52 3.66909 -146.298)
(-541.647 13.2142 64.1933 -193.958 1.22011 -153.548)
(-436.866 2.96738 46.1176 -34.5415 2.41593 -17.3883)
(-425.135 9.73671 50.324 -54.5171 5.36922 -33.994)
(-541.564 6.22939 44.2602 -60.5032 1.64928 -22.9829)
(-419.747 0.889995 33.6915 -14.8223 2.1138 -11.7426)
(-422.869 3.13785 36.7411 -17.6182 4.87595 -11.414)
(-540.558 2.40463 22.9658 -22.1589 1.71116 -5.36081)
(-402.899 -0.114476 25.9384 -8.46039 1.62739 -15.1977)
(-408.644 0.360806 27.4653 -9.35334 3.87443 -14.3721)
(-524.953 0.482709 13.2317 -13.1385 1.49397 -12.1093)
(-388.151 -0.560115 19.42 -4.28071 1.11619 -16.5514)
(-392.726 -0.874969 21.0667 -4.69674 2.75114 -16.2999)
(-506.339 -0.45785 6.8105 -6.44848 1.08965 -14.6709)
(-375.088 -0.687037 13.5279 -2.15429 0.675105 -16.9965)
(-379.219 -1.32143 15.3516 -2.1473 1.74138 -16.9641)
(-489.649 -0.814385 0.591076 -2.51371 0.666186 -15.4521)
(-363.152 -0.655941 8.27513 -1.22096 0.335584 -16.8513)
(-367.206 -1.3509 10.1581 -1.04268 0.946764 -16.9764)
(-474.107 -0.860983 -5.41802 -0.767958 0.313325 -15.7391)
(-351.947 -0.560348 3.62344 -0.837307 0.092618 -16.2902)
(-356.025 -1.19431 5.49178 -0.597324 0.369117 -16.4844)
(-459.288 -0.772866 -10.9935 -0.0848735 0.0514727 -15.6629)
(-341.248 -0.449912 -0.47976 -0.719413 -0.0716974 -15.5239)
(-345.39 -0.977878 1.31728 -0.458701 -0.0271351 -15.7195)
(-445.081 -0.642166 -16.0392 0.093295 -0.128581 -15.3939)
(-330.923 -0.348776 -4.09087 -0.719589 -0.177108 -14.6848)
(-335.13 -0.765626 -2.40163 -0.459909 -0.285226 -14.8508)
(-431.388 -0.513101 -20.5375 0.0389921 -0.244766 -15.0571)
(-320.889 -0.266262 -7.26567 -0.758871 -0.24081 -13.8445)
(-325.143 -0.585593 -5.70338 -0.510562 -0.444317 -13.9701)
(-418.121 -0.403985 -24.5119 -0.102615 -0.314889 -14.7156)
(-311.096 -0.203754 -10.0545 -0.799906 -0.276209 -13.039)
(-315.374 -0.445534 -8.62673 -0.566738 -0.535584 -13.1243)
(-405.214 -0.319521 -28.0021 -0.260495 -0.353525 -14.399)
(-301.508 -0.158959 -12.5008 -0.827633 -0.293078 -12.2838)
(-305.79 -0.343081 -11.2079 -0.610218 -0.582063 -12.3337)
(-392.615 -0.257994 -31.0508 -0.403894 -0.371525 -14.1179)
(-292.104 -0.128317 -14.6411 -0.838174 -0.298217 -11.5825)
(-296.372 -0.271775 -13.4792 -0.635685 -0.599944 -11.6035)
(-380.286 -0.215253 -33.6983 -0.522404 -0.376497 -13.8725)
(-282.87 -0.108235 -16.506 -0.832827 -0.296184 -10.9328)
(-287.112 -0.224309 -15.4692 -0.643893 -0.600172 -10.9315)
(-368.2 -0.186743 -35.9805 -0.615346 -0.373549 -13.658)
(-273.8 -0.095627 -18.1209 -0.814823 -0.289945 -10.3299)
(-278.004 -0.194067 -17.2023 -0.637992 -0.589911 -10.3121)
(-356.339 -0.168417 -37.9287 -0.686063 -0.365991 -13.4675)
(-264.887 -0.088078 -19.507 -0.787688 -0.281374 -9.76772)
(-269.047 -0.175695 -18.6997 -0.621639 -0.573725 -9.73833)
(-344.692 -0.157048 -39.5699 -0.738987 -0.355901 -13.294)
(-256.132 -0.0838105 -20.6828 -0.754531 -0.271627 -9.24052)
(-260.241 -0.165159 -19.9799 -0.598146 -0.554443 -9.20356)
(-333.256 -0.150233 -40.9276 -0.778302 -0.344549 -13.1306)
(-247.535 -0.08158 -21.664 -0.717803 -0.261398 -8.74277)
(-251.589 -0.159581 -21.0591 -0.570171 -0.533774 -8.70149)
(-322.027 -0.146272 -42.0229 -0.807438 -0.332689 -12.9711)
(-239.096 -0.0805507 -22.4649 -0.679311 -0.251094 -8.26958)
(-243.092 -0.156993 -21.9518 -0.5397 -0.512726 -8.22657)
(-311.005 -0.144016 -42.8746 -0.828989 -0.320755 -12.8101)
(-230.819 -0.0801833 -23.0984 -0.640309 -0.240945 -7.81667)
(-234.753 -0.156103 -22.6711 -0.508131 -0.491876 -7.77401)
(-300.193 -0.142718 -43.5001 -0.844817 -0.308989 -12.643)
(-222.704 -0.0801431 -23.5763 -0.601624 -0.231076 -7.38037)
(-226.574 -0.156096 -23.2293 -0.4764 -0.471541 -7.3397)
(-289.592 -0.14191 -43.9154 -0.856198 -0.297519 -12.4658)
(-214.753 -0.0802313 -23.9098 -0.56378 -0.221551 -6.95759)
(-218.558 -0.156479 -23.6378 -0.44511 -0.451887 -6.9202)
(-279.204 -0.141311 -44.1359 -0.863985 -0.286411 -12.2756)
(-206.968 -0.0803357 -24.1094 -0.527083 -0.212399 -6.54577)
(-210.705 -0.156966 -23.9073 -0.414624 -0.432991 -6.51265)
(-269.031 -0.14076 -44.1757 -0.868738 -0.275691 -12.0698)
(-199.35 -0.0803972 -24.1853 -0.491703 -0.203629 -6.14279)
(-203.018 -0.1574 -24.048 -0.385151 -0.414884 -6.11469)
(-259.075 -0.140171 -44.0487 -0.87082 -0.265366 -11.8466)
(-191.9 -0.0803875 -24.1468 -0.457717 -0.195239 -5.74698)
(-195.498 -0.157703 -24.0697 -0.356798 -0.397565 -5.72442)
(-249.336 -0.139503 -43.768 -0.870475 -0.255433 -11.6047)
(-184.617 -0.0802952 -24.0033 -0.425151 -0.187221 -5.35703)
(-188.144 -0.15784 -23.9818 -0.329609 -0.381021 -5.34036)
(-239.816 -0.138736 -43.346 -0.867873 -0.245883 -11.3433)
(-177.502 -0.0801177 -23.7634 -0.394001 -0.179562 -4.97196)
(-180.957 -0.1578 -23.7932 -0.303594 -0.365229 -4.96136)
(-230.514 -0.137866 -42.7947 -0.863144 -0.236704 -11.062)
(-170.555 -0.0798563 -23.4357 -0.364246 -0.172251 -4.59111)
(-173.938 -0.157581 -23.5124 -0.278744 -0.350164 -4.58662)
(-221.431 -0.136895 -42.1256 -0.856398 -0.227882 -10.7609)
(-163.774 -0.0795134 -23.028 -0.335855 -0.165272 -4.21406)
(-167.084 -0.157188 -23.1476 -0.255039 -0.335795 -4.21558)
(-212.565 -0.135823 -41.3498 -0.847737 -0.219404 -10.4403)
(-157.16 -0.0790916 -22.5482 -0.308799 -0.158611 -3.84062)
(-160.397 -0.156625 -22.7068 -0.232454 -0.322094 -3.84797)
(-203.915 -0.134657 -40.4776 -0.837262 -0.211254 -10.101)
(-150.71 -0.0785928 -22.0035 -0.283042 -0.152253 -3.47083)
(-153.874 -0.155897 -22.1975 -0.210965 -0.309029 -3.48371)
(-195.481 -0.133397 -39.519 -0.825073 -0.203419 -9.74378)
(-144.423 -0.0780188 -21.4011 -0.258554 -0.146185 -3.10486)
(-147.514 -0.155006 -21.6268 -0.190544 -0.296571 -3.12292)
(-187.259 -0.132047 -38.4837 -0.811274 -0.195884 -9.36995)
(-138.298 -0.0773706 -20.7475 -0.235302 -0.140392 -2.74306)
(-141.317 -0.153956 -21.0016 -0.171168 -0.284689 -2.76585)
(-179.249 -0.130608 -37.3806 -0.795969 -0.188634 -8.98083)
(-132.333 -0.0766491 -20.0493 -0.213253 -0.134859 -2.3859)
(-135.279 -0.152748 -20.3284 -0.15281 -0.273355 -2.41294)
(-171.448 -0.129081 -36.2185 -0.779267 -0.181656 -8.57794)
(-126.526 -0.0758549 -19.3123 -0.192378 -0.129574 -2.03394)
(-129.4 -0.151384 -19.6134 -0.135447 -0.26254 -2.0647)
(-163.854 -0.127468 -35.0054 -0.761274 -0.174937 -8.16294)
(-120.875 -0.0749888 -18.5424 -0.172643 -0.124523 -1.68785)
(-123.678 -0.149865 -18.8626 -0.119051 -0.252216 -1.72176)
(-156.465 -0.125768 -33.7493 -0.742098 -0.168465 -7.73758)
(-115.379 -0.0740515 -17.7451 -0.154017 -0.119694 -1.34835)
(-118.111 -0.148193 -18.0815 -0.103599 -0.242358 -1.38481)
(-149.278 -0.123984 -32.4573 -0.721848 -0.162226 -7.30368)
(-110.035 -0.0730439 -16.9255 -0.136467 -0.115075 -1.01621)
(-112.696 -0.14637 -17.2755 -0.0890631 -0.23294 -1.05461)
(-142.29 -0.122116 -31.1366 -0.70063 -0.15621 -6.86313)
(-104.84 -0.0719671 -16.0886 -0.119961 -0.110654 -0.692237)
(-107.431 -0.144397 -16.4496 -0.0754174 -0.223937 -0.731968)
(-135.499 -0.120164 -29.7937 -0.678549 -0.150404 -6.41784)
(-99.7937 -0.0708224 -15.2389 -0.104465 -0.106421 -0.377272)
(-102.316 -0.142278 -15.6086 -0.0626341 -0.215327 -0.417702)
(-128.901 -0.118131 -28.4348 -0.655707 -0.144799 -5.96975)
(-94.8929 -0.0696112 -14.3808 -0.0899451 -0.102365 -0.072155)
(-97.3461 -0.140016 -14.7569 -0.050685 -0.207088 -0.112661)
(-122.495 -0.116017 -27.0657 -0.632207 -0.139385 -5.52077)
(-90.1357 -0.0683351 -13.5184 -0.076366 -0.0984766 0.222268)
(-92.5208 -0.137614 -13.8989 -0.0395414 -0.199198 0.182301)
(-116.278 -0.113824 -25.6921 -0.608145 -0.134152 -5.07281)
(-85.5199 -0.0669958 -12.6557 -0.063693 -0.0947459 0.505163)
(-87.8377 -0.135075 -13.0385 -0.0291739 -0.191639 0.466337)
(-110.247 -0.111554 -24.319 -0.583617 -0.12909 -4.62776)
(-81.0434 -0.0655952 -11.7963 -0.0518909 -0.0911643 0.775711)
(-83.2946 -0.132404 -12.1794 -0.0195526 -0.18439 0.738614)
(-104.399 -0.109209 -22.9514 -0.558716 -0.124192 -4.18745)
(-76.7042 -0.0641354 -10.9436 -0.0409238 -0.0877233 1.03312)
(-78.8895 -0.129605 -11.3254 -0.0106475 -0.177435 0.998317)
(-98.7314 -0.10679 -21.5939 -0.533531 -0.11945 -3.75365)
(-72.5003 -0.0626185 -10.1008 -0.0307562 -0.0844151 1.27662)
(-74.6203 -0.126683 -10.4796 -0.00242789 -0.170755 1.24466)
(-93.2422 -0.1043 -20.2507 -0.508148 -0.114855 -3.3281)
(-68.4297 -0.0610465 -9.27105 -0.0213521 -0.081232 1.5055)
(-70.4852 -0.123641 -9.6452 0.00513675 -0.164336 1.47689)
(-87.9288 -0.101742 -18.9259 -0.482649 -0.110401 -2.91244)
(-64.4905 -0.0594218 -8.45706 -0.0126757 -0.078167 1.71905)
(-66.4821 -0.120485 -8.82514 0.0120772 -0.158162 1.6943)
(-82.7887 -0.0991161 -17.6232 -0.457115 -0.106081 -2.50825)
(-60.6809 -0.0577465 -7.66149 -0.00469178 -0.0752135 1.91665)
(-62.6092 -0.11722 -8.02214 0.0184243 -0.15222 1.89621)
(-77.8195 -0.0964261 -16.3461 -0.431621 -0.101889 -2.11704)
(-56.9991 -0.0560228 -6.88683 0.002635 -0.0723649 2.09769)
(-58.8648 -0.11385 -7.23876 0.0242083 -0.146494 2.082)
(-73.0192 -0.0936739 -15.098 -0.40624 -0.0978186 -1.74021)
(-53.4434 -0.0542532 -6.13535 0.00933964 -0.0696155 2.26163)
(-55.2471 -0.110381 -6.47739 0.0294596 -0.140973 2.25109)
(-68.3855 -0.0908619 -13.8817 -0.38104 -0.0938638 -1.3791)
(-50.0122 -0.0524399 -5.40919 0.0154565 -0.0669596 2.40797)
(-51.7545 -0.106817 -5.74023 0.0342085 -0.135645 2.40295)
(-63.9164 -0.0879926 -12.7002 -0.356085 -0.0900197 -1.03494)
(-46.7039 -0.0505852 -4.71033 0.0210195 -0.064392 2.53627)
(-48.3854 -0.103163 -5.02933 0.0384844 -0.130499 2.5371)
(-59.61 -0.0850683 -11.556 -0.331439 -0.0862812 -0.708882)
(-43.5171 -0.0486912 -4.04059 0.0260618 -0.0619078 2.64612)
(-45.1383 -0.0994248 -4.34662 0.0423165 -0.125524 2.65312)
(-55.4644 -0.0820913 -10.4516 -0.307157 -0.0826436 -0.401988)
(-40.4503 -0.0467601 -3.40166 0.0306162 -0.0595022 2.7372)
(-42.0118 -0.0956059 -3.69383 0.0457334 -0.12071 2.75063)
(-51.4779 -0.079064 -9.38912 -0.283296 -0.0791026 -0.115223)
(-37.5024 -0.0447941 -2.79508 0.0347148 -0.057171 2.8092)
(-39.0046 -0.0917113 -3.0726 0.0487631 -0.116048 2.82931)
(-47.6488 -0.0759886 -8.37067 -0.259903 -0.0756538 0.150532)
(-34.6719 -0.0427952 -2.22229 0.0383896 -0.0549099 2.86188)
(-36.1153 -0.0877456 -2.48441 0.0514336 -0.11153 2.88889)
(-43.9755 -0.0728675 -7.39809 -0.237027 -0.0722933 0.39449)
(-31.9578 -0.0407653 -1.68458 0.0416715 -0.0527152 2.89505)
(-33.3429 -0.083713 -1.93064 0.0537726 -0.107146 2.92914)
(-40.4567 -0.0697027 -6.47309 -0.214707 -0.0690173 0.615945)
(-29.3589 -0.0387062 -1.18313 0.0445906 -0.0505832 2.90856)
(-30.6861 -0.0796176 -1.41251 0.0558063 -0.10289 2.94989)
(-37.091 -0.0664965 -5.59722 -0.19298 -0.0658225 0.814279)
(-26.8744 -0.0366195 -0.719027 0.0471773 -0.0485104 2.90231)
(-28.144 -0.0754632 -0.931172 0.057561 -0.0987535 2.951)
(-33.8771 -0.0632507 -4.77187 -0.171882 -0.0627054 0.988951)
(-24.5031 -0.0345061 -0.293227 0.0494636 -0.0464933 2.87623)
(-25.7155 -0.0712524 -0.487638 0.0590634 -0.0947306 2.93238)
(-30.8138 -0.0599665 -3.99832 -0.151443 -0.0596626 1.1395)
(-22.2442 -0.0323656 0.0933965 0.0514805 -0.0445275 2.8303)
(-23.3998 -0.0669864 -0.082832 0.0603414 -0.090813 2.894)
(-27.9 -0.056644 -3.2777 -0.131687 -0.0566903 1.26554)
(-20.097 -0.0301969 0.440072 0.0532614 -0.0426079 2.76453)
(-21.1961 -0.0626644 0.282425 0.0614213 -0.0869917 2.83583)
(-25.1348 -0.0532822 -2.61101 -0.112633 -0.0537836 1.36673)
(-18.0607 -0.0279976 0.746112 0.0548495 -0.0407279 2.67895)
(-19.1035 -0.0582836 0.607404 0.0623366 -0.0832554 2.7579)
(-22.5173 -0.0498787 -1.99915 -0.0942844 -0.0509366 1.44283)
(-16.1346 -0.0257622 1.01091 0.0562954 -0.0388785 2.57362)
(-17.1214 -0.0538366 0.891461 0.0631294 -0.0795899 2.66025)
(-20.0465 -0.0464281 -1.44291 -0.0766263 -0.0481413 1.49362)
(-14.3181 -0.0234812 1.23395 0.057659 -0.0370469 2.44862)
(-15.2492 -0.0493097 1.13404 0.0638469 -0.0759743 2.54296)
(-17.7217 -0.0429208 -0.942978 -0.0596338 -0.0453858 1.51894)
(-12.6106 -0.0211399 1.41476 0.0590106 -0.0352145 2.30402)
(-13.4861 -0.0446801 1.33465 0.0645473 -0.0723796 2.4061)
(-15.5423 -0.0393407 -0.499969 -0.0432599 -0.0426541 1.51866)
(-11.0116 -0.0187178 1.55297 0.0604295 -0.033356 2.13989)
(-11.8317 -0.0399141 1.49292 0.0652972 -0.0687639 2.24976)
(-13.5077 -0.0356638 -0.114418 -0.0274385 -0.0399227 1.49265)
(-9.52051 -0.0161882 1.64829 0.0619974 -0.0314382 1.95627)
(-10.2854 -0.0349659 1.60852 0.0661701 -0.0650707 2.074)
(-11.6171 -0.0318581 0.213207 -0.0120838 -0.03716 1.44075)
(-8.13674 -0.0135202 1.70053 0.063774 -0.0294227 1.75317)
(-8.84661 -0.0297782 1.68127 0.0672338 -0.0612288 1.87886)
(-9.87016 -0.0278837 0.482496 0.00289607 -0.0343272 1.36278)
(-6.85953 -0.0106855 1.7097 0.0657476 -0.0272735 1.53055)
(-7.51459 -0.0242905 1.71113 0.0685162 -0.0571598 1.66436)
(-8.26613 -0.0236979 0.693116 0.0175548 -0.0313825 1.25846)
(-5.68778 -0.00767452 1.67609 0.0677425 -0.0249761 1.28839)
(-6.28837 -0.0184608 1.69832 0.0699451 -0.0528014 1.43047)
(-6.8042 -0.01927 0.844859 0.0318248 -0.0282939 1.12739)
(-4.6197 -0.00452668 1.60056 0.0692431 -0.0225774 1.0268)
(-5.1665 -0.0123128 1.64347 0.0712284 -0.0481609 1.1772)
(-5.48307 -0.0146112 0.937765 0.0453544 -0.0250665 0.969047)
(-3.65232 -0.00137725 1.48481 0.0692747 -0.0202503 0.746354)
(-4.14667 -0.0060214 1.54787 0.071654 -0.0434186 0.904768)
(-4.30057 -0.00982406 0.972346 0.0572475 -0.0217893 0.782863)
(-2.7807 0.00150975 1.33162 0.066885 -0.0183825 0.449568)
(-3.2252 -1.67644e-05 1.41366 0.0701351 -0.0390869 0.61422)
(-3.25301 -0.00516305 0.949925 0.0659118 -0.0186958 0.568784)
(-1.99807 0.00372917 1.14537 0.0610484 -0.0176924 0.142993)
(-2.39618 0.00493694 1.24413 0.0659415 -0.0362366 0.30973)
(-2.33454 -0.00108083 0.873486 0.0691237 -0.0162343 0.329206)
(-1.29514 0.00481917 0.929166 0.0523363 -0.0192594 -0.159538)
(-1.65249 0.00766994 1.04314 0.0581858 -0.0368087 0.000438451)
(-1.53892 0.00176011 0.747539 0.064147 -0.0151356 0.0720005)
(-0.650543 0.00613619 0.647419 0.0911436 -0.0237046 -0.40209)
(-0.992664 0.00838223 0.796711 0.0566605 -0.0428717 -0.295586)
(-0.866313 0.00328583 0.56396 0.0645968 -0.0160661 -0.174648)
(-0.434612 0.0161036 0.409107 0.182398 -0.053233 -0.467365)
(-0.330267 0.00649698 0.271522 0.173086 -0.0188828 -0.275277)
(-436.539 21.6011 51.5854 -97.8509 6.7317 -81.7821)
(-418.228 49.4201 27.327 -137.23 8.30856 -129.699)
(-538.717 41.6336 56.7363 -175.284 3.88979 -147.229)
(-432.264 6.7744 40.1276 -26.3954 7.0347 -18.0916)
(-416.379 15.7741 39.3059 -34.3379 10.5564 -28.6854)
(-538.905 16.6972 38.3987 -47.84 4.82262 -23.2561)
(-414.014 1.21811 29.2723 -10.6313 5.82533 -13.3132)
(-412.559 3.02849 28.4025 -8.5242 8.70245 -12.1887)
(-535.555 5.07094 18.9334 -15.3379 4.70582 -7.25092)
(-397.154 -0.974915 22.8894 -6.15248 4.31692 -16.2279)
(-398.344 -0.889075 21.9727 -5.03208 6.47984 -15.735)
(-518.787 0.286909 10.4353 -9.31647 3.95468 -13.3366)
(-382.959 -1.80753 17.5164 -3.0264 2.86784 -17.0834)
(-383.726 -2.19924 17.7218 -2.47427 4.37523 -17.0673)
(-500.372 -1.75351 4.95296 -4.41767 2.7873 -15.3273)
(-370.666 -1.93812 12.5379 -1.47779 1.6719 -17.1717)
(-371.775 -2.47003 13.6089 -1.00515 2.63095 -17.2049)
(-484.438 -2.39248 -0.463135 -1.53688 1.63133 -15.7749)
(-359.515 -1.74147 7.96138 -0.833641 0.777347 -16.7592)
(-361.207 -2.25722 9.57023 -0.440918 1.32406 -16.8125)
(-469.795 -2.33678 -5.83061 -0.337003 0.699318 -15.8147)
(-349.014 -1.4274 3.78125 -0.585755 0.151229 -16.0011)
(-351.268 -1.86157 5.69328 -0.250462 0.407415 -16.0158)
(-455.838 -2.00597 -10.9382 0.0856446 0.0243607 -15.5479)
(-338.902 -1.10505 -0.00839018 -0.524131 -0.263712 -15.0923)
(-341.644 -1.43744 2.03456 -0.21867 -0.201776 -15.0271)
(-442.37 -1.61081 -15.6656 0.153036 -0.429726 -15.1359)
(-329.044 -0.825148 -3.42003 -0.541097 -0.524148 -14.1523)
(-332.174 -1.05983 -1.36129 -0.251816 -0.585584 -13.9976)
(-429.27 -1.24774 -19.9588 0.0642892 -0.715943 -14.6947)
(-319.374 -0.604363 -6.4739 -0.579924 -0.677166 -13.2427)
(-322.791 -0.757108 -4.47012 -0.30064 -0.812616 -13.0053)
(-416.46 -0.952765 -23.808 -0.0760848 -0.883521 -14.279)
(-309.858 -0.441514 -9.19404 -0.614934 -0.758442 -12.3914)
(-313.476 -0.531387 -7.28551 -0.343306 -0.934967 -12.0851)
(-403.897 -0.730884 -27.2263 -0.218879 -0.971402 -13.9114)
(-300.482 -0.327741 -11.6055 -0.636641 -0.793464 -11.6075)
(-304.234 -0.372576 -9.8128 -0.372379 -0.989865 -11.2476)
(-391.554 -0.573258 -30.2376 -0.344239 -1.00791 -13.5965)
(-291.241 -0.252102 -13.7325 -0.643414 -0.799675 -10.8897)
(-295.076 -0.266657 -12.0641 -0.387061 -1.00278 -10.4902)
(-379.416 -0.466569 -32.8694 -0.446616 -1.01255 -13.3296)
(-282.136 -0.204339 -15.5975 -0.637088 -0.788608 -10.232)
(-286.018 -0.199909 -14.0549 -0.389361 -0.990532 -9.80482)
(-367.475 -0.397601 -35.1495 -0.526999 -0.998206 -13.1024)
(-273.169 -0.175975 -17.2209 -0.620644 -0.767661 -9.62691)
(-277.071 -0.160725 -15.8017 -0.382146 -0.963913 -9.18154)
(-355.726 -0.355148 -37.1038 -0.588851 -0.973114 -12.9055)
(-264.343 -0.160534 -18.6208 -0.597075 -0.741456 -9.06662)
(-268.248 -0.14009 -17.3206 -0.3682 -0.929643 -8.61054)
(-344.171 -0.330518 -38.7561 -0.636079 -0.942369 -12.7297)
(-255.663 -0.15334 -19.8135 -0.56892 -0.712805 -8.54402)
(-259.558 -0.13141 -18.6272 -0.349848 -0.891802 -8.083)
(-332.81 -0.317373 -40.1283 -0.672166 -0.909039 -12.5669)
(-247.133 -0.151165 -20.8138 -0.538142 -0.683371 -8.05279)
(-251.007 -0.130083 -19.7358 -0.328878 -0.852802 -7.59126)
(-321.645 -0.311299 -41.2399 -0.69988 -0.874916 -12.4101)
(-238.755 -0.151869 -21.635 -0.506162 -0.654112 -7.58746)
(-242.602 -0.133027 -20.6598 -0.306578 -0.814023 -7.12887)
(-310.682 -0.309351 -42.1093 -0.721277 -0.841013 -12.2532)
(-230.532 -0.154089 -22.2895 -0.473956 -0.625559 -7.14339)
(-234.348 -0.138254 -21.4118 -0.283838 -0.776226 -6.69042)
(-299.922 -0.309636 -42.7534 -0.737811 -0.80788 -12.0912)
(-222.469 -0.156986 -22.7891 -0.442164 -0.597989 -6.71667)
(-226.247 -0.144528 -22.0034 -0.261242 -0.739809 -6.27142)
(-289.369 -0.310983 -43.1878 -0.750474 -0.775796 -11.9201)
(-214.566 -0.160071 -23.1445 -0.411184 -0.571537 -6.30406)
(-218.303 -0.151116 -22.4457 -0.239156 -0.70496 -5.86818)
(-279.025 -0.312697 -43.4277 -0.759928 -0.744891 -11.7365)
(-206.825 -0.163069 -23.3662 -0.381248 -0.546252 -5.90288)
(-210.518 -0.157598 -22.7493 -0.217802 -0.671748 -5.47764)
(-268.894 -0.314386 -43.4873 -0.766606 -0.71521 -11.538)
(-199.249 -0.16584 -23.4641 -0.352483 -0.522141 -5.51093)
(-202.894 -0.163752 -22.9241 -0.1973 -0.640179 -5.09733)
(-258.977 -0.315844 -43.3801 -0.770797 -0.686752 -11.3224)
(-191.837 -0.168318 -23.4477 -0.324946 -0.499183 -5.12649)
(-195.433 -0.169469 -22.9798 -0.177712 -0.610223 -4.72526)
(-249.274 -0.316971 -43.1192 -0.772698 -0.659493 -11.0886)
(-184.59 -0.170479 -23.326 -0.298652 -0.477344 -4.74819)
(-188.134 -0.174703 -22.9256 -0.159061 -0.581829 -4.35986)
(-239.788 -0.317728 -42.7169 -0.772453 -0.633397 -10.8355)
(-177.508 -0.172317 -23.1077 -0.273595 -0.456583 -4.37503)
(-180.998 -0.179443 -22.7703 -0.141348 -0.55494 -3.99992)
(-230.518 -0.318105 -42.1853 -0.770176 -0.608421 -10.5629)
(-170.592 -0.17384 -22.8012 -0.249756 -0.436857 -4.0063)
(-174.025 -0.183689 -22.5225 -0.124563 -0.529491 -3.64459)
(-221.463 -0.318106 -41.5356 -0.765968 -0.584519 -10.2708)
(-163.839 -0.175053 -22.4145 -0.227109 -0.418118 -3.64155)
(-167.215 -0.187452 -22.1901 -0.10869 -0.505416 -3.29328)
(-212.624 -0.31774 -40.7789 -0.759924 -0.561646 -9.95939)
(-157.251 -0.175964 -21.9552 -0.205626 -0.40032 -3.28058)
(-160.566 -0.19074 -21.7812 -0.0937097 -0.482649 -2.94564)
(-203.998 -0.317019 -39.9256 -0.752138 -0.539752 -9.62944)
(-150.824 -0.176581 -21.4307 -0.185279 -0.383416 -2.92337)
(-154.079 -0.193563 -21.3031 -0.0796012 -0.461123 -2.60157)
(-195.586 -0.315949 -38.9856 -0.742706 -0.518793 -9.28185)
(-144.559 -0.176909 -20.8481 -0.166038 -0.367361 -2.57009)
(-147.753 -0.195929 -20.763 -0.066344 -0.440772 -2.26113)
(-187.385 -0.314539 -37.9685 -0.731724 -0.498722 -8.91776)
(-138.454 -0.176951 -20.2139 -0.147874 -0.35211 -2.22106)
(-141.584 -0.197844 -20.1677 -0.0539164 -0.421532 -1.92457)
(-179.394 -0.312794 -36.8833 -0.719293 -0.479495 -8.53852)
(-132.506 -0.176713 -19.5345 -0.130759 -0.337619 -1.87673)
(-135.574 -0.199317 -19.5237 -0.0422968 -0.403342 -1.59225)
(-171.61 -0.310719 -35.7387 -0.705511 -0.461067 -8.14563)
(-126.715 -0.176198 -18.8159 -0.114663 -0.323846 -1.53764)
(-129.718 -0.200353 -18.8373 -0.0314629 -0.386141 -1.26469)
(-164.031 -0.308318 -34.5427 -0.690479 -0.443398 -7.74073)
(-121.078 -0.175411 -18.064 -0.0995572 -0.310751 -1.20445)
(-124.017 -0.20096 -18.1143 -0.0213922 -0.369871 -0.942466)
(-156.655 -0.305597 -33.3032 -0.674298 -0.426447 -7.32553)
(-115.594 -0.174355 -17.2842 -0.0854111 -0.298294 -0.877843)
(-118.468 -0.201145 -17.3603 -0.0120615 -0.354477 -0.626252)
(-149.48 -0.302559 -32.0276 -0.657068 -0.410175 -6.90187)
(-110.26 -0.173036 -16.4817 -0.0721945 -0.286439 -0.558591)
(-113.069 -0.200918 -16.5807 -0.00344691 -0.339905 -0.31678)
(-142.502 -0.29921 -30.7228 -0.638888 -0.394546 -6.47159)
(-105.075 -0.171458 -15.6613 -0.0598761 -0.27515 -0.247489)
(-107.818 -0.200286 -15.7804 0.0044762 -0.326104 -0.014829)
(-135.72 -0.295556 -29.3953 -0.619856 -0.379525 -6.03661)
(-100.036 -0.16963 -14.8278 -0.0484243 -0.264394 0.0546439)
(-102.714 -0.199261 -14.9644 0.0117331 -0.313027 0.278793)
(-129.13 -0.291602 -28.0515 -0.600067 -0.365078 -5.59885)
(-95.1416 -0.167556 -13.9854 -0.037807 -0.254138 0.346973)
(-97.754 -0.197853 -14.1371 0.0183497 -0.300626 0.563257)
(-122.731 -0.287355 -26.6972 -0.579614 -0.351175 -5.1602)
(-90.3895 -0.165244 -13.1383 -0.0279914 -0.244352 0.628663)
(-92.9362 -0.196074 -13.3027 0.0243524 -0.288859 0.837728)
(-116.519 -0.282823 -25.3379 -0.55859 -0.337784 -4.72259)
(-85.7776 -0.162702 -12.2905 -0.0189446 -0.235006 0.898887)
(-88.2588 -0.193937 -12.4653 0.0297679 -0.277684 1.10137)
(-110.491 -0.278013 -23.9788 -0.537083 -0.324878 -4.28786)
(-81.304 -0.159937 -11.4455 -0.0106333 -0.226075 1.15684)
(-83.7198 -0.191453 -11.6286 0.0346234 -0.267062 1.35337)
(-104.646 -0.272933 -22.6248 -0.51518 -0.312431 -3.85785)
(-76.9666 -0.156957 -10.6069 -0.00302401 -0.217532 1.40172)
(-79.3171 -0.188637 -10.7964 0.0389464 -0.256956 1.59291)
(-98.9812 -0.267592 -21.2805 -0.492963 -0.300416 -3.43433)
(-72.7635 -0.153772 -9.77787 0.00391674 -0.209352 1.63278)
(-75.0488 -0.1855 -9.97178 0.0427643 -0.24733 1.81922)
(-93.4932 -0.261999 -19.9502 -0.470513 -0.288811 -3.01903)
(-68.6928 -0.15039 -8.96142 0.0102225 -0.201513 1.8493)
(-70.9132 -0.182058 -9.15803 0.0461048 -0.238151 2.03157)
(-88.1801 -0.256161 -18.6379 -0.447907 -0.277593 -2.61358)
(-64.7527 -0.146818 -8.16042 0.0159265 -0.193994 2.05059)
(-66.9083 -0.178324 -8.35809 0.0489954 -0.22939 2.22923)
(-83.0395 -0.250089 -17.3474 -0.42522 -0.26674 -2.21956)
(-60.9413 -0.143066 -7.37753 0.021062 -0.186773 2.23601)
(-63.0324 -0.174312 -7.5747 0.0514635 -0.221015 2.41155)
(-78.0692 -0.243791 -16.0823 -0.402524 -0.256233 -1.83847)
(-57.2571 -0.139143 -6.61522 0.0256615 -0.179831 2.40497)
(-59.2839 -0.170035 -6.81044 0.0535363 -0.213 2.5779)
(-73.2669 -0.237277 -14.8458 -0.379885 -0.246054 -1.47172)
(-53.6982 -0.135057 -5.87581 0.0297577 -0.173151 2.55692)
(-55.661 -0.165507 -6.06774 0.0552407 -0.205319 2.7277)
(-68.6307 -0.230556 -13.6409 -0.35737 -0.236184 -1.12063)
(-50.2632 -0.130817 -5.16144 0.0333823 -0.166715 2.69137)
(-52.1622 -0.160743 -5.34882 0.0566032 -0.197947 2.86044)
(-64.1584 -0.223637 -12.4704 -0.335038 -0.226608 -0.786447)
(-46.9506 -0.126431 -4.4741 0.0365665 -0.160509 2.80787)
(-48.786 -0.155754 -4.65576 0.0576495 -0.190863 2.97562)
(-59.8483 -0.216529 -11.3371 -0.312948 -0.21731 -0.47031)
(-43.7588 -0.121908 -3.81564 0.0393411 -0.154516 2.90603)
(-45.531 -0.150555 -3.9905 0.058405 -0.184044 3.07284)
(-55.6984 -0.209241 -10.2433 -0.291154 -0.208275 -0.17328)
(-40.6867 -0.117255 -3.18776 0.0417357 -0.148723 2.9855)
(-42.3958 -0.145158 -3.35483 0.0588945 -0.17747 3.1517)
(-51.7072 -0.201782 -9.19122 -0.269709 -0.199489 0.103673)
(-37.7329 -0.112481 -2.59203 0.0437798 -0.143118 3.04599)
(-39.3791 -0.139576 -2.75038 0.0591419 -0.171125 3.2119)
(-47.8729 -0.19416 -8.18295 -0.24866 -0.190941 0.359673)
(-34.8961 -0.107593 -2.02988 0.0455022 -0.137687 3.08725)
(-36.4798 -0.133821 -2.17868 0.0591713 -0.164989 3.25315)
(-44.1941 -0.186385 -7.22036 -0.228051 -0.182617 0.593928)
(-32.1753 -0.102598 -1.50263 0.0469311 -0.13242 3.1091)
(-33.6968 -0.127904 -1.6411 0.0590063 -0.159047 3.27522)
(-40.6694 -0.178464 -6.30517 -0.207921 -0.174507 0.805735)
(-29.5695 -0.0975043 -1.01148 0.0480936 -0.127307 3.11138)
(-31.0288 -0.121837 -1.13893 0.0586692 -0.153284 3.27795)
(-37.2974 -0.170406 -5.43894 -0.188305 -0.1666 0.994473)
(-27.0776 -0.0923169 -0.557516 0.0490165 -0.122336 3.09398)
(-28.475 -0.115631 -0.673307 0.0581816 -0.147687 3.26119)
(-34.0769 -0.162217 -4.62309 -0.16924 -0.158886 1.1596)
(-24.6987 -0.0870406 -0.141722 0.0497276 -0.117499 3.05684)
(-26.0345 -0.109294 -0.245284 0.057565 -0.142243 3.22486)
(-31.0068 -0.153905 -3.85889 -0.150755 -0.151356 1.30066)
(-22.432 -0.0816772 0.235024 0.0502536 -0.112783 2.99993)
(-23.7063 -0.102832 0.1442 0.0568404 -0.136937 3.1689)
(-28.086 -0.145471 -3.14749 -0.132875 -0.143999 1.41725)
(-20.2768 -0.0762261 0.571939 0.0506233 -0.108176 2.92327)
(-21.4898 -0.0962499 0.494306 0.0560273 -0.131755 3.0933)
(-25.3135 -0.136915 -2.48991 -0.115621 -0.136803 1.50905)
(-18.2322 -0.0706826 0.868331 0.0508731 -0.10366 2.82688)
(-19.3841 -0.0895471 0.804292 0.0551511 -0.126679 2.99807)
(-22.6885 -0.128235 -1.88704 -0.0989974 -0.129751 1.5758)
(-16.2976 -0.0650346 1.1236 0.0510441 -0.0992135 2.71084)
(-17.3886 -0.0827163 1.07351 0.0542419 -0.121686 2.88327)
(-20.21 -0.119418 -1.33967 -0.0830005 -0.122823 1.61731)
(-14.4724 -0.0592594 1.33722 0.0511844 -0.0948026 2.57523)
(-15.5026 -0.0757395 1.30139 0.053331 -0.116746 2.74898)
(-17.8774 -0.110442 -0.848493 -0.0676146 -0.115991 1.63341)
(-12.756 -0.0533206 1.50876 0.0513517 -0.0903808 2.42014)
(-13.7256 -0.0685843 1.48748 0.0524588 -0.111811 2.59528)
(-15.6899 -0.101268 -0.414098 -0.0528079 -0.109212 1.62399)
(-11.1479 -0.0471647 1.6379 0.0516129 -0.085882 2.24566)
(-12.057 -0.0611998 1.63143 0.051671 -0.106819 2.42228)
(-13.6469 -0.0918351 -0.0369821 -0.0385287 -0.102426 1.58892)
(-9.64745 -0.0407181 1.72439 0.0520393 -0.0812179 2.05188)
(-10.4961 -0.0535102 1.73299 0.0510181 -0.101678 2.23009)
(-11.7478 -0.0820582 0.282441 -0.0247065 -0.0955523 1.52811)
(-8.25396 -0.0338903 1.76817 0.0526908 -0.0762804 1.83884)
(-9.04224 -0.0454134 1.7921 0.0505532 -0.0962669 2.01881)
(-9.99178 -0.0718259 0.543847 -0.0112595 -0.0884849 1.44139)
(-6.9666 -0.0265879 1.76935 0.0535805 -0.0709584 1.60659)
(-7.69459 -0.0367895 1.8089 0.0503113 -0.0904411 1.78853)
(-8.37818 -0.0610114 0.747013 0.00187713 -0.0811049 1.32853)
(-5.78414 -0.0187529 1.72836 0.0546042 -0.0651823 1.35515)
(-6.45196 -0.0275281 1.78382 0.0502768 -0.0840606 1.53933)
(-6.90599 -0.0495044 0.891856 0.0146933 -0.073307 1.18918)
(-4.70472 -0.0104467 1.64615 0.0553865 -0.0590261 1.08468)
(-5.31264 -0.0176039 1.71777 0.0503125 -0.0770674 1.27134)
(-5.57375 -0.0372882 0.978526 0.0269755 -0.0650674 1.02286)
(-3.72533 -0.00200317 1.52437 0.055132 -0.0528955 0.795788)
(-4.27401 -0.00724381 1.61225 0.0500078 -0.0696611 0.984929)
(-4.37921 -0.0245858 1.00756 0.0380728 -0.0565692 0.829022)
(-2.84109 0.00580192 1.36542 0.0529874 -0.0478258 0.490997)
(-3.33224 0.00280081 1.46931 0.0486644 -0.0626185 0.68128)
(-3.31877 -0.0120754 0.980141 0.0466897 -0.0483895 0.607636)
(-2.04536 0.011559 1.17268 0.0478753 -0.0459478 0.177131)
(-2.48152 0.0109389 1.29139 0.0458733 -0.0578306 0.364766)
(-2.38691 -0.00114479 0.898729 0.0508087 -0.041757 0.361285)
(-1.32905 0.0131927 0.948283 0.0382335 -0.0507986 -0.132296)
(-1.71468 0.0142809 1.08063 0.0403812 -0.059246 0.0451885)
(-1.57748 0.005857 0.767083 0.0473184 -0.0388759 0.0985832)
(-0.669866 0.0140739 0.65779 0.0656372 -0.0646374 -0.38545)
(-1.03059 0.0113866 0.822785 0.0338342 -0.0720783 -0.262779)
(-0.890294 0.00796283 0.576876 0.045483 -0.0418719 -0.153246)
(-0.456214 0.0220119 0.41822 0.126782 -0.0935542 -0.461948)
(-0.341636 0.0159954 0.273272 0.140424 -0.049191 -0.263334)
(-426.139 28.8238 35.3945 -57.5569 9.73388 -64.6914)
(-425.94 72.7845 2.02939 -71.9756 11.9857 -97.5553)
(-530.275 67.9272 39.5413 -119.619 6.17595 -123.33)
(-415.247 5.89661 26.6661 -5.9381 9.06516 -14.7372)
(-396.147 12.2059 18.0125 -3.87088 11.7502 -24.5842)
(-525.262 20.169 24.8273 -12.606 6.29253 -15.9377)
(-397.16 -0.259559 20.3021 -2.88399 7.07352 -14.3805)
(-389.422 -1.17517 15.3883 2.16603 8.25017 -13.0215)
(-518.432 4.17458 10.2167 -1.0307 5.73644 -7.65083)
(-382.847 -2.14666 17.3727 -2.90065 4.9914 -17.0968)
(-377.579 -2.49545 14.5749 -0.541869 5.69259 -15.4794)
(-501.945 -1.06925 5.06292 -3.33508 4.56863 -14.3378)
(-371.348 -2.58692 14.5108 -1.56278 3.13771 -17.2725)
(-366.896 -2.54332 13.9714 -0.377568 3.59549 -16.0186)
(-486.198 -2.85245 1.86421 -1.78166 3.01906 -15.7706)
(-361.435 -2.379 11.3319 -0.863158 1.69076 -16.8303)
(-358.485 -2.23396 12.3209 -0.0219975 1.97479 -15.6304)
(-473.162 -3.08879 -1.84762 -0.542507 1.60213 -15.7758)
(-352.267 -1.93493 7.9847 -0.609503 0.653785 -16.0095)
(-350.825 -1.74265 9.88945 0.0523712 0.827334 -14.8071)
(-461.04 -2.69536 -5.99294 -0.123696 0.516925 -15.4484)
(-343.354 -1.44765 4.60709 -0.521777 -0.0451111 -14.9472)
(-343.195 -1.22923 7.01417 0.0363707 0.0623543 -13.7006)
(-449.135 -2.12438 -10.2832 -0.035922 -0.23662 -14.8852)
(-334.471 -1.00891 1.32 -0.505391 -0.489976 -13.8184)
(-335.339 -0.773422 3.9541 -0.00195678 -0.418843 -12.5056)
(-437.26 -1.56753 -14.4944 -0.0794757 -0.721255 -14.2473)
(-325.544 -0.655686 -1.79087 -0.514536 -0.755417 -12.7248)
(-327.187 -0.40891 0.898527 -0.0404087 -0.701511 -11.3471)
(-425.354 -1.1018 -18.4785 -0.171546 -1.00967 -13.6403)
(-316.566 -0.392629 -4.67516 -0.526229 -0.899954 -11.7128)
(-318.774 -0.140062 -2.0307 -0.0696402 -0.851928 -10.2823)
(-413.422 -0.746673 -22.1535 -0.270718 -1.16432 -13.108)
(-307.565 -0.208811 -7.30875 -0.531592 -0.96616 -10.7975)
(-310.171 0.0448115 -4.76386 -0.088086 -0.917746 -9.32987)
(-401.496 -0.49369 -25.4823 -0.36017 -1.23218 -12.6618)
(-298.576 -0.0880423 -9.68519 -0.528344 -0.983471 -9.97738)
(-301.457 0.162953 -7.2668 -0.0971621 -0.931511 -8.48743)
(-389.616 -0.323925 -28.456 -0.434915 -1.24613 -12.2965)
(-289.632 -0.0141776 -11.8088 -0.51706 -0.971469 -9.24284)
(-292.702 0.2315 -9.52778 -0.0989758 -0.914625 -7.74348)
(-377.82 -0.216955 -31.0815 -0.494992 -1.22807 -11.9997)
(-280.761 0.026577 -13.6895 -0.499394 -0.942758 -8.58198)
(-283.961 0.265076 -11.5482 -0.0955723 -0.880705 -7.08359)
(-366.137 -0.154779 -33.3738 -0.542398 -1.19204 -11.7568)
(-271.986 0.0450005 -15.3403 -0.477189 -0.905215 -7.98294)
(-275.275 0.275108 -13.3363 -0.0886648 -0.838156 -6.49367)
(-354.591 -0.123099 -35.3514 -0.579599 -1.14671 -11.5541)
(-263.324 0.0490148 -16.7748 -0.452084 -0.863625 -7.43507)
(-266.675 0.27 -14.9038 -0.0795716 -0.792012 -5.96123)
(-343.201 -0.111295 -37.0339 -0.608857 -1.0973 -11.3796)
(-254.787 0.0441722 -18.0066 -0.425379 -0.820811 -6.92924)
(-258.181 0.255649 -16.2633 -0.0692527 -0.74519 -5.47569)
(-331.98 -0.111862 -38.4405 -0.632 -1.04683 -11.2229)
(-246.386 0.034209 -19.0488 -0.39804 -0.778385 -6.45781)
(-249.808 0.236031 -17.4278 -0.0583773 -0.699318 -5.02835)
(-320.94 -0.119717 -39.5893 -0.650402 -0.996975 -11.0757)
(-238.126 0.021548 -19.9138 -0.370742 -0.737227 -6.01446)
(-241.567 0.213731 -18.4097 -0.0473953 -0.655259 -4.61205)
(-310.088 -0.131538 -40.4978 -0.665047 -0.948644 -10.931)
(-230.014 0.00770292 -20.6134 -0.343939 -0.697791 -5.59399)
(-233.465 0.190372 -19.2207 -0.0365988 -0.613431 -4.22097)
(-299.43 -0.145235 -41.1821 -0.676615 -0.902277 -10.7832)
(-222.052 -0.0064168 -21.1586 -0.317918 -0.660283 -5.19213)
(-225.507 0.166937 -19.8721 -0.0261699 -0.574001 -3.85032)
(-288.973 -0.15954 -41.6578 -0.685567 -0.858062 -10.6278)
(-214.245 -0.0202892 -21.5601 -0.292853 -0.624771 -4.80537)
(-217.697 0.143993 -20.3747 -0.0162171 -0.537003 -3.49621)
(-278.718 -0.173713 -41.9395 -0.692215 -0.816048 -10.4613)
(-206.594 -0.0336311 -21.8279 -0.26884 -0.591249 -4.43087)
(-210.039 0.121854 -20.7386 -0.00680094 -0.502395 -3.15544)
(-268.67 -0.18735 -42.0411 -0.696769 -0.776213 -10.2808)
(-199.1 -0.0463012 -21.9719 -0.245925 -0.55967 -4.0663)
(-202.532 0.100679 -20.9735 0.00204858 -0.4701 -2.8254)
(-258.83 -0.200239 -41.9761 -0.699378 -0.738496 -10.0843)
(-191.766 -0.058238 -22.0011 -0.224121 -0.529967 -3.70984)
(-195.181 0.0805424 -21.0889 0.0103201 -0.44002 -2.504)
(-249.2 -0.212284 -41.7572 -0.700155 -0.70282 -9.87038)
(-184.591 -0.0694223 -21.9247 -0.203427 -0.502059 -3.36003)
(-187.984 0.0614679 -21.0938 0.0180136 -0.412051 -2.18957)
(-239.781 -0.223451 -41.3967 -0.699191 -0.669099 -9.63804)
(-177.576 -0.0798561 -21.7511 -0.183825 -0.475865 -3.01579)
(-180.943 0.0434564 -20.9968 0.0251354 -0.386086 -1.88085)
(-230.573 -0.233734 -40.9065 -0.696568 -0.637243 -9.38682)
(-170.721 -0.0895499 -21.4887 -0.165296 -0.451298 -2.67636)
(-174.059 0.0264973 -20.8064 0.031696 -0.362015 -1.57687)
(-221.576 -0.243144 -40.2978 -0.692362 -0.607161 -9.11663)
(-164.025 -0.0985173 -21.1453 -0.147815 -0.428274 -2.34121)
(-167.33 0.0105748 -20.5305 0.0377076 -0.339733 -1.27697)
(-212.79 -0.251695 -39.5814 -0.686651 -0.578764 -8.82776)
(-157.488 -0.106772 -20.7286 -0.131356 -0.406708 -2.01008)
(-160.757 -0.00432825 -20.1768 0.0431841 -0.319134 -0.980743)
(-204.214 -0.259403 -38.7678 -0.67951 -0.551963 -8.52081)
(-151.109 -0.114327 -20.2458 -0.115893 -0.386518 -1.68292)
(-154.339 -0.0182295 -19.7529 0.0481401 -0.300115 -0.688015)
(-195.847 -0.266282 -37.8667 -0.671019 -0.526672 -8.19663)
(-144.886 -0.121195 -19.7038 -0.101397 -0.367622 -1.35984)
(-148.075 -0.031147 -19.2657 0.0525908 -0.282576 -0.398797)
(-187.687 -0.272346 -36.8878 -0.661256 -0.502804 -7.85631)
(-138.82 -0.127389 -19.1094 -0.08784 -0.349942 -1.04111)
(-141.964 -0.0430995 -18.7221 0.0565521 -0.266423 -0.113269)
(-179.732 -0.27761 -35.8401 -0.650301 -0.480279 -7.50116)
(-132.907 -0.132921 -18.4689 -0.0751937 -0.333404 -0.727127)
(-136.005 -0.0541063 -18.1286 0.0600403 -0.251561 0.168242)
(-171.981 -0.282088 -34.732 -0.638235 -0.459017 -7.13262)
(-127.146 -0.137804 -17.7882 -0.0634287 -0.317935 -0.418412)
(-130.196 -0.0641877 -17.4913 0.0630726 -0.237903 0.445289)
(-164.433 -0.285794 -33.5718 -0.625139 -0.438941 -6.75228)
(-121.537 -0.142053 -17.0733 -0.0525156 -0.303464 -0.115565)
(-124.537 -0.0733656 -16.8162 0.0656665 -0.225363 0.717323)
(-157.083 -0.288742 -32.3672 -0.611094 -0.419979 -6.36183)
(-116.077 -0.145681 -16.3294 -0.0424244 -0.289927 0.180743)
(-119.025 -0.0816629 -16.1088 0.06784 -0.213859 0.983714)
(-149.931 -0.29095 -31.1256 -0.596181 -0.402059 -5.96305)
(-110.764 -0.148706 -15.5619 -0.0331246 -0.277259 0.469783)
(-113.658 -0.089104 -15.3746 0.0696116 -0.203316 1.24377)
(-142.974 -0.292434 -29.8539 -0.580479 -0.385116 -5.55775)
(-105.596 -0.151143 -14.7756 -0.0245851 -0.2654 0.750787)
(-108.436 -0.0957143 -14.6184 0.0710002 -0.193658 1.49673)
(-136.209 -0.293213 -28.5588 -0.564069 -0.369085 -5.14782)
(-100.572 -0.153011 -13.9752 -0.0167747 -0.254294 1.02296)
(-103.357 -0.10152 -13.8453 0.0720252 -0.184817 1.74183)
(-129.635 -0.293307 -27.2465 -0.547026 -0.353905 -4.73513)
(-95.6899 -0.154329 -13.1651 -0.00966156 -0.243886 1.28548)
(-98.4174 -0.10655 -13.0596 0.0727062 -0.176726 1.97826)
(-123.248 -0.292735 -25.9228 -0.529428 -0.33952 -4.32157)
(-90.9473 -0.155115 -12.3494 -0.00321387 -0.234124 1.53755)
(-93.617 -0.11083 -12.2658 0.0730629 -0.169324 2.20521)
(-117.046 -0.29152 -24.5933 -0.511348 -0.325874 -3.90901)
(-86.3427 -0.15539 -11.5321 0.00260023 -0.224961 1.77835)
(-88.9535 -0.114391 -11.4678 0.0731151 -0.162552 2.42186)
(-111.027 -0.289683 -23.2633 -0.49286 -0.312916 -3.4993)
(-81.8741 -0.155174 -10.7168 0.00781269 -0.21635 2.00709)
(-84.4253 -0.117262 -10.6695 0.0728828 -0.156353 2.6274)
(-105.188 -0.287248 -21.9375 -0.474035 -0.300598 -3.09424)
(-77.5395 -0.154487 -9.90706 0.0124554 -0.208249 2.22298)
(-80.0305 -0.119471 -9.87453 0.072386 -0.150677 2.82105)
(-99.5262 -0.284236 -20.6208 -0.45494 -0.288872 -2.69559)
(-73.3374 -0.15335 -9.10614 0.0165602 -0.200617 2.42529)
(-75.7673 -0.121049 -9.08625 0.0716444 -0.145473 3.00204)
(-94.0402 -0.280671 -19.3173 -0.435643 -0.277697 -2.30505)
(-69.2657 -0.151783 -8.31709 0.0201584 -0.193416 2.6133)
(-71.6342 -0.122025 -8.30785 0.0706777 -0.140697 3.16963)
(-88.7274 -0.276577 -18.0312 -0.416208 -0.267031 -1.92425)
(-65.3229 -0.149808 -7.5428 0.0232812 -0.18661 2.78633)
(-67.6293 -0.122428 -7.54236 0.0695049 -0.136305 3.32312)
(-83.5854 -0.271977 -16.7662 -0.396697 -0.256835 -1.55476)
(-61.5073 -0.147445 -6.78595 0.0259593 -0.180166 2.94375)
(-63.7512 -0.122288 -6.79256 0.0681456 -0.132257 3.46185)
(-78.6121 -0.266895 -15.5259 -0.37717 -0.247074 -1.19805)
(-57.8172 -0.144714 -6.04906 0.0282232 -0.174051 3.08498)
(-59.9983 -0.121633 -6.06109 0.066619 -0.128515 3.58519)
(-73.8055 -0.261354 -14.3137 -0.357683 -0.237713 -0.855529)
(-54.2512 -0.141636 -5.33448 0.0301027 -0.168238 3.20945)
(-56.369 -0.120491 -5.35041 0.064943 -0.125045 3.69256)
(-69.1636 -0.255377 -13.1325 -0.338291 -0.228721 -0.528517)
(-50.8077 -0.13823 -4.64439 0.0316266 -0.162698 3.31669)
(-52.862 -0.118891 -4.6628 0.0631354 -0.121814 3.78345)
(-64.6844 -0.248987 -11.9852 -0.319045 -0.220068 -0.218244)
(-47.4854 -0.134516 -3.98081 0.0328228 -0.157407 3.40625)
(-49.4758 -0.116859 -4.00039 0.0612137 -0.118791 3.85736)
(-60.3662 -0.242206 -10.8745 -0.299996 -0.211726 0.074148)
(-44.2829 -0.130512 -3.34563 0.0337187 -0.152339 3.47773)
(-46.2093 -0.114423 -3.36517 0.0591949 -0.11595 3.91387)
(-56.2073 -0.235057 -9.80285 -0.281191 -0.203669 0.347604)
(-41.1989 -0.126238 -2.74057 0.0343406 -0.147474 3.53078)
(-43.061 -0.111608 -2.75895 0.0570951 -0.113263 3.9526)
(-52.2059 -0.227561 -8.77252 -0.262674 -0.195874 0.60116)
(-38.2324 -0.121711 -2.16725 0.0347148 -0.14279 3.56512)
(-40.03 -0.10844 -2.18345 0.0549298 -0.110708 3.97321)
(-48.3607 -0.21974 -7.78557 -0.244486 -0.188316 0.833939)
(-35.3821 -0.116949 -1.62713 0.0348676 -0.13827 3.58048)
(-37.115 -0.104942 -1.6402 0.0527147 -0.108263 3.97543)
(-44.6701 -0.211614 -6.84393 -0.226664 -0.180977 1.04515)
(-32.6469 -0.111969 -1.12156 0.0348247 -0.133897 3.57669)
(-34.315 -0.10114 -1.13065 0.050465 -0.105908 3.959)
(-41.1328 -0.203204 -5.94933 -0.209241 -0.173836 1.2341)
(-30.026 -0.106785 -0.651778 0.0346093 -0.129654 3.55357)
(-31.6292 -0.0970535 -0.656107 0.048193 -0.103625 3.92375)
(-37.7475 -0.194528 -5.10338 -0.192248 -0.166877 1.40015)
(-27.5184 -0.101412 -0.218892 0.0342432 -0.125527 3.51103)
(-29.0565 -0.092706 -0.217763 0.0459133 -0.101397 3.86954)
(-34.5131 -0.185604 -4.30751 -0.175716 -0.160082 1.54277)
(-25.1233 -0.0958644 0.176083 0.0337469 -0.121501 3.44899)
(-26.5962 -0.088117 0.183295 0.0436387 -0.0992101 3.79625)
(-31.4285 -0.176448 -3.56302 -0.159675 -0.153435 1.6615)
(-22.8398 -0.090151 0.532243 0.0331391 -0.117561 3.36741)
(-24.2475 -0.0833044 0.54609 0.0413805 -0.0970488 3.70384)
(-28.4927 -0.167073 -2.87109 -0.144154 -0.146921 1.75593)
(-20.6672 -0.0842804 0.848781 0.0324406 -0.11369 3.2663)
(-22.0097 -0.078284 0.869747 0.0391486 -0.0948984 3.59226)
(-25.7048 -0.157489 -2.23276 -0.129176 -0.140523 1.82574)
(-18.6049 -0.0782548 1.12499 0.0316779 -0.109869 3.1457)
(-19.8821 -0.0730677 1.15349 0.0369558 -0.0927436 3.46154)
(-23.0639 -0.147704 -1.64894 -0.114751 -0.134221 1.87068)
(-16.6523 -0.0720668 1.36025 0.0308779 -0.106074 3.00568)
(-17.864 -0.0676608 1.39665 0.0348154 -0.0905657 3.31172)
(-20.5692 -0.137713 -1.12042 -0.100884 -0.127992 1.89054)
(-14.8086 -0.0656954 1.55406 0.0300692 -0.102267 2.84633)
(-15.9549 -0.0620593 1.59864 0.0327384 -0.0883389 3.14285)
(-18.2199 -0.127496 -0.647909 -0.0875767 -0.121803 1.88518)
(-13.0734 -0.0591058 1.70602 0.0292866 -0.0983949 2.66776)
(-14.1543 -0.0562456 1.75901 0.030747 -0.086027 2.95506)
(-16.0154 -0.117018 -0.231957 -0.0748203 -0.115607 1.85449)
(-11.4461 -0.0522397 1.81585 0.028571 -0.0943832 2.47011)
(-12.4614 -0.0501835 1.87744 0.0288585 -0.0835764 2.74847)
(-13.9549 -0.106216 0.126983 -0.0625954 -0.109338 1.79838)
(-9.9258 -0.0450054 1.88345 0.0279705 -0.0901241 2.25351)
(-10.8756 -0.0438108 1.95377 0.0270855 -0.0809088 2.52321)
(-12.0376 -0.094993 0.428594 -0.0508662 -0.1029 1.71678)
(-8.51184 -0.0372797 1.90893 0.0275336 -0.0854777 2.01811)
(-9.39613 -0.037033 1.98809 0.0254539 -0.0779139 2.27946)
(-10.2628 -0.0832096 0.67271 -0.0395809 -0.0961657 1.60961)
(-7.20305 -0.0289151 1.89271 0.0272978 -0.0802816 1.76407)
(-8.02172 -0.0297208 1.98081 0.0239885 -0.0744459 2.01744)
(-8.62929 -0.0706912 0.859341 -0.0286806 -0.0889808 1.47672)
(-5.99785 -0.0197741 1.8356 0.0272704 -0.0743913 1.49162)
(-6.75074 -0.021721 1.93283 0.0227126 -0.0703338 1.73741)
(-7.13566 -0.057255 0.988727 -0.0181112 -0.0811847 1.31787)
(-4.89388 -0.00982748 1.73897 0.0273552 -0.0677927 1.20112)
(-5.58074 -0.0129078 1.8457 0.0216409 -0.0654316 1.43978)
(-5.77986 -0.0427934 1.0614 -0.00786282 -0.0726785 1.1327)
(-3.88766 0.000612865 1.6048 0.0272425 -0.0608527 0.893456)
(-4.50808 -0.0033468 1.72182 0.0207346 -0.0597682 1.12523)
(-4.55898 -0.0274725 1.07826 0.00191905 -0.0635747 0.920854)
(-2.97416 0.0105465 1.43516 0.0266889 -0.0547792 0.571399)
(-3.52777 0.00634759 1.56421 0.0198912 -0.0538826 0.795279)
(-3.46904 -0.012098 1.04058 0.0107987 -0.0544621 0.682545)
(-2.14726 0.0179458 1.23146 0.0252163 -0.0524449 0.242401)
(-2.63342 0.0145073 1.37555 0.0192663 -0.0494877 0.454236)
(-2.50492 0.00140231 0.950083 0.0179178 -0.0468126 0.42096)
(-1.40082 0.0191024 0.992681 0.0165823 -0.0596367 -0.0812853)
(-1.81803 0.0171646 1.15582 0.0178465 -0.0513127 0.112156)
(-1.66164 0.00938104 0.808854 0.0203008 -0.0437182 0.146345)
(-0.715273 0.0154503 0.686106 0.0152586 -0.0823909 -0.361223)
(-1.08075 0.007775 0.886991 0.0076849 -0.0690032 -0.21878)
(-0.941376 0.00883492 0.607887 0.0162484 -0.0491577 -0.116867)
(-0.487495 0.00577467 0.449141 0.0417626 -0.102995 -0.470239)
(-0.368638 0.018153 0.284279 0.0722854 -0.0593499 -0.255103)
(-396.382 -6.738 1.93132 -21.981 5.42021 -53.3221)
(-563.162 28.2711 0.232012 -28.2324 3.30238 -83.4171)
(-377.637 -6.3526 7.2415 1.88058 4.54487 -13.2002)
(-488.892 4.80559 0.193946 1.75535 2.84561 -12.6577)
(-367.286 -1.89367 9.82774 0.762665 3.27742 -12.9295)
(-481.371 -0.978921 -2.34521 2.80644 2.38288 -7.98684)
(-359.321 -1.34988 12.2012 -0.11148 2.118 -14.616)
(-471.807 -1.60618 -1.06466 0.427554 1.90622 -12.4639)
(-352.966 -1.13055 12.7773 0.135749 1.165 -14.4172)
(-463.123 -1.43744 -0.417394 0.492632 1.16132 -13.3486)
(-347.236 -0.733703 11.7751 0.257428 0.47553 -13.6101)
(-455.695 -1.01682 -1.71376 0.691989 0.468212 -13.0982)
(-341.337 -0.342061 9.73422 0.262068 0.0145042 -12.4776)
(-447.918 -0.557065 -4.42343 0.678774 -0.0339784 -12.4803)
(-334.897 -0.0203941 7.10508 0.230114 -0.273958 -11.2163)
(-439.287 -0.164855 -7.90994 0.59369 -0.355222 -11.7055)
(-327.835 0.217292 4.22262 0.187428 -0.441075 -9.97828)
(-429.789 0.132313 -11.7003 0.493355 -0.539807 -10.9357)
(-320.226 0.376398 1.31101 0.146876 -0.527539 -8.83851)
(-419.567 0.33712 -15.4861 0.397515 -0.630946 -10.2539)
(-312.2 0.471474 -1.49293 0.11384 -0.562831 -7.82297)
(-408.814 0.464289 -19.087 0.313431 -0.662382 -9.68689)
(-303.893 0.518503 -4.11339 0.0891378 -0.56709 -6.93164)
(-397.717 0.531919 -22.4085 0.241847 -0.657817 -9.23265)
(-295.424 0.531565 -6.51407 0.0717787 -0.553502 -6.15235)
(-386.431 0.556764 -25.4097 0.181159 -0.632898 -8.87639)
(-286.885 0.521892 -8.68252 0.0602355 -0.530388 -5.46896)
(-375.074 0.552485 -28.0807 0.129289 -0.597486 -8.59933)
(-278.343 0.497877 -10.6198 0.0529861 -0.502819 -4.86541)
(-363.731 0.529431 -30.4279 0.0843237 -0.557547 -8.38327)
(-269.849 0.465481 -12.3338 0.0487418 -0.473774 -4.32745)
(-352.462 0.495043 -32.4658 0.0447226 -0.516538 -8.21225)
(-261.434 0.428767 -13.8358 0.0465044 -0.444933 -3.84308)
(-341.308 0.454449 -34.2119 0.00933891 -0.476374 -8.07295)
(-253.122 0.390397 -15.1378 0.0455448 -0.417188 -3.40242)
(-330.298 0.411056 -35.6844 -0.0226421 -0.438044 -7.95448)
(-244.928 0.352046 -16.2521 0.0453541 -0.390973 -2.99742)
(-319.449 0.367048 -36.901 -0.0517789 -0.402005 -7.84801)
(-236.862 0.314728 -17.1905 0.0455902 -0.366458 -2.62154)
(-308.775 0.323772 -37.8786 -0.0784487 -0.368421 -7.74643)
(-228.931 0.279017 -17.9643 0.0460309 -0.343672 -2.26943)
(-298.285 0.282021 -38.6332 -0.102904 -0.337295 -7.64398)
(-221.141 0.245211 -18.5842 0.0465376 -0.32257 -1.93669)
(-287.985 0.242233 -39.1799 -0.125316 -0.308553 -7.53604)
(-213.495 0.213441 -19.0605 0.0470266 -0.303069 -1.61972)
(-277.879 0.204627 -39.5329 -0.145805 -0.282084 -7.41892)
(-205.995 0.183737 -19.4029 0.0474494 -0.285073 -1.31556)
(-267.97 0.169289 -39.7059 -0.164458 -0.257763 -7.28974)
(-198.643 0.156075 -19.6208 0.0477801 -0.268479 -1.02179)
(-258.262 0.136227 -39.712 -0.181348 -0.23546 -7.14628)
(-191.442 0.1304 -19.7234 0.0480062 -0.253183 -0.73647)
(-248.755 0.105408 -39.5637 -0.196539 -0.215048 -6.98693)
(-184.39 0.106642 -19.7193 0.0481233 -0.239089 -0.458055)
(-239.452 0.0767751 -39.273 -0.210089 -0.196403 -6.81061)
(-177.49 0.084726 -19.6169 0.0481312 -0.226101 -0.18536)
(-230.352 0.0502611 -38.8516 -0.222054 -0.179408 -6.61671)
(-170.741 0.064574 -19.4244 0.0480319 -0.214129 0.0824887)
(-221.456 0.0257933 -38.3107 -0.232491 -0.163948 -6.405)
(-164.144 0.0461094 -19.1496 0.0478288 -0.203089 0.346088)
(-212.763 0.00329742 -37.6608 -0.241459 -0.149914 -6.17564)
(-157.697 0.0292565 -18.8 0.0475258 -0.192901 0.605794)
(-204.274 -0.0173012 -36.9124 -0.249018 -0.137204 -5.9291)
(-151.401 0.0139412 -18.3828 0.0471273 -0.18349 0.861749)
(-195.986 -0.0360769 -36.0752 -0.255225 -0.125719 -5.66611)
(-145.255 9.05658e-05 -17.9049 0.0466367 -0.174787 1.11391)
(-187.9 -0.0531038 -35.1586 -0.260141 -0.115366 -5.38765)
(-139.257 -0.0123668 -17.3729 0.0460567 -0.166727 1.36208)
(-180.013 -0.0684558 -34.1716 -0.263829 -0.106056 -5.09491)
(-133.407 -0.0235012 -16.7932 0.0453906 -0.159251 1.60592)
(-172.325 -0.0822061 -33.1228 -0.266353 -0.097705 -4.78922)
(-127.703 -0.0333817 -16.1718 0.0446428 -0.152303 1.84498)
(-164.833 -0.0944276 -32.0203 -0.267774 -0.0902348 -4.47207)
(-122.144 -0.0420761 -15.5145 0.043818 -0.145832 2.0787)
(-157.535 -0.105193 -30.8719 -0.268155 -0.0835711 -4.14505)
(-116.729 -0.049651 -14.8267 0.0429207 -0.139792 2.30648)
(-150.429 -0.114574 -29.685 -0.267557 -0.0776441 -3.80984)
(-111.456 -0.0561716 -14.1137 0.0419557 -0.13414 2.52763)
(-143.514 -0.122641 -28.4664 -0.266041 -0.0723885 -3.46818)
(-106.324 -0.0617017 -13.3804 0.0409277 -0.128838 2.74141)
(-136.787 -0.129466 -27.2229 -0.263668 -0.067743 -3.12186)
(-101.33 -0.0663035 -12.6314 0.0398418 -0.123849 2.94708)
(-130.246 -0.135117 -25.9607 -0.260499 -0.0636505 -2.77269)
(-96.4736 -0.0700375 -11.8713 0.0387029 -0.119143 3.14384)
(-123.888 -0.139663 -24.6858 -0.256595 -0.0600574 -2.42248)
(-91.7526 -0.0729625 -11.1043 0.0375159 -0.114689 3.33092)
(-117.712 -0.143169 -23.4036 -0.252012 -0.0569138 -2.07302)
(-87.1656 -0.0751355 -10.3342 0.0362857 -0.110463 3.50753)
(-111.714 -0.145702 -22.1196 -0.246811 -0.0541733 -1.72611)
(-82.7107 -0.0766117 -9.56488 0.0350178 -0.106441 3.67288)
(-105.893 -0.147325 -20.8385 -0.241046 -0.0517926 -1.38349)
(-78.3865 -0.077444 -8.79986 0.0337173 -0.102602 3.82623)
(-100.247 -0.148099 -19.5652 -0.234773 -0.0497316 -1.04686)
(-74.1912 -0.0776836 -8.04247 0.0323889 -0.098927 3.96684)
(-94.7732 -0.148085 -18.304 -0.228046 -0.047953 -0.71788)
(-70.1234 -0.0773796 -7.29582 0.0310369 -0.0953999 4.09401)
(-89.4696 -0.14734 -17.059 -0.220919 -0.046422 -0.398124)
(-66.1814 -0.0765791 -6.56286 0.0296662 -0.0920059 4.20706)
(-84.3341 -0.145921 -15.8341 -0.213441 -0.0451068 -0.0891167)
(-62.3638 -0.0753269 -5.84634 0.0282832 -0.0887319 4.30536)
(-79.3647 -0.143881 -14.6328 -0.205664 -0.0439775 0.207696)
(-58.6692 -0.0736659 -5.14883 0.0268916 -0.0855665 4.38834)
(-74.5596 -0.141273 -13.4586 -0.197633 -0.0430067 0.490946)
(-55.0962 -0.0716369 -4.47274 0.0254939 -0.0824997 4.45543)
(-69.9168 -0.138145 -12.3146 -0.189398 -0.0421692 0.759344)
(-51.6435 -0.0692789 -3.82032 0.024095 -0.0795228 4.50616)
(-65.4346 -0.134546 -11.2037 -0.181003 -0.0414418 1.01169)
(-48.3099 -0.0666287 -3.19365 0.0227005 -0.0766284 4.54006)
(-61.1114 -0.130522 -10.1286 -0.172489 -0.0408031 1.24686)
(-45.0941 -0.0637211 -2.59467 0.0213152 -0.0738099 4.55673)
(-56.9454 -0.126114 -9.09176 -0.163894 -0.0402337 1.46382)
(-41.9951 -0.060589 -2.02517 0.0199429 -0.0710619 4.55582)
(-52.9353 -0.121365 -8.09561 -0.155257 -0.0397158 1.66163)
(-39.0117 -0.0572635 -1.48682 0.018587 -0.0683799 4.53703)
(-49.0796 -0.116314 -7.14224 -0.146615 -0.0392332 1.83943)
(-36.143 -0.0537732 -0.981134 0.0172498 -0.06576 4.5001)
(-45.377 -0.110998 -6.23362 -0.138002 -0.0387714 1.99643)
(-33.3881 -0.0501441 -0.509524 0.0159283 -0.0631987 4.44481)
(-41.8261 -0.105451 -5.37156 -0.129455 -0.0383168 2.13195)
(-30.7461 -0.0464031 -0.0732659 0.0146253 -0.0606935 4.37099)
(-38.426 -0.099706 -4.55769 -0.121029 -0.0378561 2.24536)
(-28.2162 -0.0425739 0.326472 0.0133508 -0.0582425 4.27854)
(-35.1755 -0.0937951 -3.7935 -0.112736 -0.0373783 2.33613)
(-25.7976 -0.0386783 0.688629 0.0121121 -0.0558438 4.16735)
(-32.0735 -0.0877463 -3.08036 -0.104601 -0.0368738 2.40381)
(-23.4897 -0.0347355 1.01225 0.0109155 -0.0534953 4.03739)
(-29.1192 -0.0815848 -2.41947 -0.0966378 -0.0363342 2.448)
(-21.2918 -0.0307626 1.29648 0.00976542 -0.0511945 3.88864)
(-26.3118 -0.0753335 -1.81193 -0.0888547 -0.0357518 2.46838)
(-19.2033 -0.0267723 1.54058 0.00866421 -0.0489376 3.72113)
(-23.6503 -0.0690118 -1.25868 -0.0812778 -0.035118 2.46469)
(-17.2236 -0.0227727 1.7439 0.00761142 -0.0467172 3.53491)
(-21.1342 -0.0626341 -0.760574 -0.0739343 -0.0344214 2.43673)
(-15.3523 -0.018769 1.90591 0.00662791 -0.0445229 3.33006)
(-18.7626 -0.0562077 -0.318313 -0.0668429 -0.0336468 2.38434)
(-13.5886 -0.0147517 2.0262 0.00574096 -0.0423345 3.10671)
(-16.535 -0.0497303 0.067521 -0.0599953 -0.0327734 2.30743)
(-11.932 -0.0106981 2.10455 0.00494662 -0.0401201 2.86502)
(-14.4504 -0.0431857 0.396502 -0.0533968 -0.031773 2.20593)
(-10.3817 -0.00657217 2.14096 0.00425194 -0.0378334 2.60516)
(-12.5081 -0.0365389 0.668383 -0.0470579 -0.0306066 2.07981)
(-8.93642 -0.00231066 2.13576 0.00369821 -0.0354059 2.32742)
(-10.7068 -0.0297323 0.88315 -0.0409576 -0.0292184 1.92903)
(-7.59469 0.0021815 2.08979 0.00334105 -0.0327466 2.03213)
(-9.04507 -0.0226824 1.04111 -0.0350556 -0.0275359 1.75356)
(-6.35402 0.00703553 2.00459 0.00324277 -0.0297487 1.71981)
(-7.52052 -0.0152846 1.14302 -0.029286 -0.0254765 1.5533)
(-5.21073 0.0124089 1.88268 0.00343785 -0.0263227 1.39126)
(-6.1297 -0.00744205 1.19024 -0.0235555 -0.0229708 1.32809)
(-4.15948 0.0183992 1.7277 0.00383105 -0.0225003 1.0479)
(-4.86761 0.000841625 1.18492 -0.0177617 -0.0200208 1.07781)
(-3.19324 0.0248498 1.5438 0.00410855 -0.0186875 0.692686)
(-3.72755 0.00924283 1.13001 -0.0118679 -0.0168175 0.802845)
(-2.30462 0.031284 1.33316 0.0035324 -0.0162157 0.332786)
(-2.70219 0.0167304 1.02874 -0.00609422 -0.0140006 0.506155)
(-1.49099 0.0349816 1.08965 -0.00249322 -0.0187587 -0.0208592)
(-1.78721 0.020787 0.882289 -0.00189362 -0.0134984 0.198333)
(-0.755704 0.0227676 0.770144 -0.0360771 -0.0357917 -0.354798)
(-0.993375 0.0180054 0.677119 -0.00272785 -0.0182217 -0.0974785)
(-0.39869 0.0157317 0.326117 0.00584804 -0.0256942 -0.293711)
(-634.125 13.0733 -0.385554 -21.6804 -2.17106 -47.1155)
(-668.189 -98.5726 25.6701 -84.6836 -6.71512 -99.692)
(-826.352 -25.829 29.7849 -18.3427 -1.96232 -61.05)
(-598.899 8.55726 -11.8523 3.89489 -2.15754 -2.38521)
(-625.902 -18.66 3.08241 3.6946 -5.84835 -6.79092)
(-707.591 -6.13467 -16.6224 -0.281065 -0.95497 4.09539)
(-582.475 2.96909 -13.1524 0.759408 -1.79929 -9.22551)
(-612.383 0.0749216 -7.71375 4.83663 -4.67407 -5.84082)
(-693.41 1.01364 -25.6609 2.57296 -1.26075 -2.41903)
(-572.376 2.56988 -13.3969 -0.371719 -1.07435 -13.0259)
(-595.601 3.39154 -11.0927 -0.812448 -3.22877 -13.448)
(-683.003 2.26066 -26.198 1.02648 -0.599897 -9.82384)
(-563.731 2.12724 -15.5179 0.114894 -0.413791 -13.216)
(-581.23 4.17296 -13.9867 -0.627453 -1.79756 -14.5785)
(-672.594 2.13045 -28.9107 1.27384 -0.00321218 -10.962)
(-554.495 1.39873 -19.2057 0.289783 0.0703851 -13.0264)
(-568.924 3.82247 -17.9632 -0.0778272 -0.633799 -14.4417)
(-661.555 1.56427 -33.7328 1.54807 0.423108 -11.0107)
(-544.006 0.742601 -23.7457 0.26405 0.393691 -12.8246)
(-556.508 3.02806 -22.6904 0.0251809 0.207268 -14.2688)
(-648.8 0.940951 -39.5081 1.61037 0.729493 -11.1346)
(-532.275 0.239089 -28.5683 0.186612 0.589032 -12.6598)
(-543.475 2.20079 -27.6958 -0.0242876 0.760072 -14.0965)
(-634.451 0.416338 -45.5025 1.59737 0.927771 -11.4068)
(-519.55 -0.113948 -33.3069 0.0997782 0.693721 -12.5787)
(-529.872 1.49515 -32.6292 -0.117102 1.09178 -13.9833)
(-618.912 0.0265875 -51.2963 1.56518 1.04011 -11.8216)
(-506.121 -0.341318 -37.755 0.0204195 0.73991 -12.592)
(-515.838 0.953427 -37.2799 -0.21561 1.27113 -13.9601)
(-602.572 -0.237665 -56.6705 1.53353 1.09481 -12.3559)
(-492.249 -0.473918 -41.8114 -0.0459271 0.750769 -12.6907)
(-501.531 0.567421 -41.5396 -0.30373 1.35275 -14.0268)
(-585.751 -0.40106 -61.5264 1.50894 1.11464 -12.9799)
(-478.141 -0.53948 -45.4373 -0.0993722 0.741582 -12.8575)
(-487.089 0.308996 -45.364 -0.377443 1.37495 -14.1699)
(-568.692 -0.490124 -65.8334 1.49177 1.11485 -13.6644)
(-463.95 -0.559887 -48.6293 -0.141863 0.721875 -13.0736)
(-472.624 0.146692 -48.7451 -0.437423 1.36281 -14.3711)
(-551.57 -0.52763 -69.5974 1.48039 1.10483 -14.3833)
(-449.783 -0.551299 -51.4014 -0.175677 0.6973 -13.3209)
(-458.216 0.0527456 -51.6945 -0.48574 1.33197 -14.6113)
(-534.505 -0.531162 -72.8415 1.47284 1.08997 -15.1145)
(-435.716 -0.525094 -53.7754 -0.202864 0.671053 -13.584)
(-443.927 0.00518876 -54.2329 -0.524688 1.29181 -14.8737)
(-517.579 -0.513454 -75.5955 1.46736 1.0732 -15.8401)
(-421.799 -0.488965 -55.7757 -0.225059 0.64484 -13.8498)
(-429.796 -0.0122139 -56.3846 -0.556302 1.24772 -15.1435)
(-500.847 -0.483303 -77.8909 1.46257 1.05596 -16.5455)
(-408.065 -0.447931 -57.4268 -0.243484 0.619507 -14.1074)
(-415.854 -0.0108747 -58.174 -0.582196 1.20265 -15.4086)
(-484.347 -0.44655 -79.7583 1.45748 1.03887 -17.2188)
(-394.538 -0.40515 -58.7518 -0.259002 0.59542 -14.348)
(-402.122 0.00150647 -59.6252 -0.603572 1.15815 -15.659)
(-468.104 -0.406924 -81.2264 1.4514 1.02215 -17.8504)
(-381.233 -0.362535 -59.7729 -0.272212 0.572687 -14.5643)
(-388.612 0.0199215 -60.7607 -0.621286 1.11498 -15.8865)
(-452.136 -0.366718 -82.3225 1.44391 1.0058 -18.4325)
(-368.16 -0.321188 -60.5106 -0.283514 0.551296 -14.7506)
(-375.337 0.0412275 -61.6019 -0.635932 1.07345 -16.0847)
(-436.454 -0.327271 -83.0719 1.43478 0.989735 -18.9586)
(-355.328 -0.281702 -60.9846 -0.293177 0.531174 -14.9021)
(-362.303 0.0635251 -62.1691 -0.647917 1.03365 -16.2483)
(-421.068 -0.289319 -83.4987 1.42387 0.97387 -19.4238)
(-342.741 -0.24436 -61.2132 -0.301382 0.512229 -15.0153)
(-349.517 0.0857152 -62.4813 -0.65752 0.99557 -16.3732)
(-405.983 -0.253223 -83.6255 1.41117 0.958105 -19.8242)
(-330.405 -0.209264 -61.2141 -0.308252 0.494364 -15.0874)
(-336.984 0.107195 -62.5567 -0.664934 0.959156 -16.4564)
(-391.205 -0.219126 -83.4741 1.39669 0.942361 -20.1571)
(-318.32 -0.176415 -61.0041 -0.313875 0.477485 -15.1165)
(-324.705 0.12766 -62.4128 -0.670302 0.924328 -16.4955)
(-376.738 -0.187045 -83.0653 1.38049 0.926575 -20.4206)
(-306.491 -0.145759 -60.5995 -0.318322 0.461506 -15.1014)
(-312.685 0.146975 -62.0662 -0.673732 0.891004 -16.4892)
(-362.582 -0.156934 -82.419 1.36263 0.910694 -20.6137)
(-294.918 -0.117219 -60.0157 -0.321651 0.446343 -15.0416)
(-300.923 0.165097 -61.5328 -0.675319 0.859104 -16.4367)
(-348.74 -0.128715 -81.5543 1.3432 0.894679 -20.7363)
(-283.602 -0.0907064 -59.2676 -0.323915 0.431922 -14.9372)
(-289.422 0.182028 -60.8281 -0.675146 0.82855 -16.338)
(-335.213 -0.102299 -80.4894 1.3223 0.878498 -20.7889)
(-272.543 -0.0661305 -58.3695 -0.325163 0.418172 -14.7888)
(-278.182 0.197792 -59.9667 -0.673292 0.799265 -16.1933)
(-321.999 -0.077595 -79.242 1.3 0.862127 -20.7725)
(-261.74 -0.0434034 -57.3351 -0.325445 0.405029 -14.5972)
(-267.201 0.21242 -58.9627 -0.669835 0.771178 -16.0037)
(-309.099 -0.0545173 -77.8287 1.2764 0.845545 -20.6889)
(-251.194 -0.0224401 -56.1775 -0.32481 0.392433 -14.364)
(-256.481 0.225942 -57.8296 -0.664855 0.744218 -15.7703)
(-296.511 -0.0329846 -76.2657 1.25158 0.828739 -20.5402)
(-240.902 -0.00315914 -54.9092 -0.323307 0.380328 -14.0908)
(-246.019 0.238387 -56.5802 -0.65843 0.718318 -15.4949)
(-284.233 -0.0129217 -74.5683 1.22564 0.811699 -20.329)
(-230.863 0.0145173 -53.5421 -0.320984 0.368665 -13.7797)
(-235.813 0.24978 -55.2268 -0.65064 0.693413 -15.1795)
(-272.264 0.00574088 -72.7511 1.19867 0.794417 -20.0581)
(-221.075 0.0306641 -52.0878 -0.317889 0.357398 -13.4331)
(-225.863 0.260146 -53.7812 -0.641568 0.669441 -14.8263)
(-260.6 0.0230679 -70.828 1.17075 0.776893 -19.7308)
(-211.537 0.0453534 -50.5569 -0.314075 0.346483 -13.0533)
(-216.166 0.269507 -52.2545 -0.631295 0.646343 -14.4378)
(-249.24 0.0391199 -68.8121 1.14196 0.759127 -19.3506)
(-202.245 0.0586552 -48.9599 -0.309592 0.335886 -12.643)
(-206.72 0.277883 -50.6572 -0.619902 0.624065 -14.0166)
(-238.179 0.0539536 -66.7162 1.1124 0.741124 -18.921)
(-193.198 0.070637 -47.3065 -0.304487 0.32557 -12.205)
(-197.522 0.285295 -48.9994 -0.607473 0.602552 -13.5656)
(-227.414 0.0676222 -64.5519 1.08214 0.722892 -18.4459)
(-184.392 0.0813642 -45.6059 -0.298809 0.315508 -11.7421)
(-188.569 0.291765 -47.2908 -0.594086 0.581758 -13.0876)
(-216.942 0.0801758 -62.3306 1.05127 0.704442 -17.9291)
(-175.825 0.0909001 -43.867 -0.292605 0.305673 -11.2573)
(-179.859 0.297313 -45.5402 -0.579825 0.561635 -12.5856)
(-206.76 0.0916619 -60.063 1.01987 0.685788 -17.3747)
(-167.495 0.0993063 -42.098 -0.285922 0.296041 -10.7536)
(-171.388 0.301961 -43.7562 -0.564768 0.542141 -12.0626)
(-196.863 0.102125 -57.7591 0.988021 0.666945 -16.7867)
(-159.397 0.106642 -40.3068 -0.278806 0.286592 -10.2339)
(-163.155 0.30573 -41.9469 -0.548995 0.523236 -11.5218)
(-187.249 0.111609 -55.4285 0.955803 0.647931 -16.169)
(-151.53 0.112965 -38.5009 -0.271301 0.277311 -9.70127)
(-155.155 0.308644 -40.12 -0.532582 0.504885 -10.9661)
(-177.912 0.120153 -53.0799 0.923292 0.628766 -15.5257)
(-143.891 0.118331 -36.6871 -0.263453 0.268181 -9.15857)
(-147.385 0.310725 -38.2825 -0.515606 0.487053 -10.3985)
(-168.85 0.127795 -50.722 0.890565 0.609473 -14.8608)
(-136.475 0.122793 -34.8721 -0.255304 0.25919 -8.60873)
(-139.844 0.311996 -36.4412 -0.498141 0.469708 -9.8221)
(-160.058 0.134571 -48.3626 0.857696 0.590073 -14.1782)
(-129.282 0.126402 -33.062 -0.246896 0.250329 -8.05461)
(-132.527 0.312482 -34.6025 -0.480259 0.452824 -9.23978)
(-151.533 0.140516 -46.0091 0.824756 0.570592 -13.4816)
(-122.307 0.129208 -31.2626 -0.238268 0.241589 -7.49897)
(-125.432 0.312206 -32.7724 -0.462031 0.436372 -8.65442)
(-143.272 0.145661 -43.6686 0.791816 0.551053 -12.7749)
(-115.547 0.131258 -29.4794 -0.229459 0.232964 -6.94449)
(-118.556 0.311191 -30.9564 -0.443526 0.42033 -8.06879)
(-135.27 0.150037 -41.3475 0.758945 0.531483 -12.0616)
(-109.002 0.132597 -27.7175 -0.220506 0.224447 -6.39377)
(-111.896 0.309463 -29.1598 -0.424809 0.404675 -7.48557)
(-127.524 0.153673 -39.0521 0.726208 0.511907 -11.3452)
(-102.666 0.13327 -25.9816 -0.211446 0.216037 -5.84929)
(-105.449 0.307044 -27.3874 -0.405945 0.389388 -6.90735)
(-120.031 0.156595 -36.7881 0.69367 0.492351 -10.6291)
(-96.5389 0.133317 -24.2762 -0.202313 0.207729 -5.31342)
(-99.2132 0.303959 -25.644 -0.386996 0.37445 -6.3366)
(-112.787 0.15883 -34.5607 0.661391 0.472843 -9.91645)
(-90.6172 0.132778 -22.6054 -0.193141 0.199522 -4.78843)
(-93.1851 0.300231 -23.9336 -0.368021 0.359844 -5.77568)
(-105.79 0.160403 -32.3749 0.629429 0.453407 -9.21041)
(-84.8987 0.131691 -20.9731 -0.183962 0.191416 -4.27645)
(-87.3626 0.295885 -22.2604 -0.349076 0.345555 -5.22683)
(-99.0368 0.161335 -30.2355 0.59784 0.43407 -8.51385)
(-79.3811 0.130092 -19.3829 -0.174806 0.183411 -3.7795)
(-81.7433 0.290943 -20.628 -0.330217 0.331571 -4.69215)
(-92.5237 0.16165 -28.1466 0.566677 0.414857 -7.82953)
(-74.0624 0.128015 -17.8381 -0.165702 0.175507 -3.29946)
(-76.3251 0.285429 -19.0398 -0.311494 0.317877 -4.17363)
(-86.2485 0.161368 -26.1123 0.53599 0.395793 -7.16005)
(-68.9406 0.125492 -16.3417 -0.156672 0.167706 -2.8381)
(-71.1057 0.279367 -17.499 -0.292956 0.304464 -3.67312)
(-80.2086 0.16051 -24.1362 0.505829 0.376903 -6.50783)
(-64.0136 0.122555 -14.8967 -0.14774 0.160009 -2.39705)
(-66.0831 0.272778 -16.0085 -0.274651 0.291321 -3.19235)
(-74.4015 0.159095 -22.2218 0.476241 0.35821 -5.87515)
(-59.2797 0.119234 -13.5057 -0.138931 0.15242 -1.97782)
(-61.2555 0.265686 -14.5711 -0.256621 0.27844 -2.73292)
(-68.8249 0.157141 -20.3721 0.44727 0.339738 -5.26412)
(-54.7372 0.115556 -12.171 -0.130264 0.14494 -1.58179)
(-56.621 0.258112 -13.1891 -0.238908 0.265812 -2.29629)
(-63.4767 0.154668 -18.59 0.418953 0.321508 -4.67669)
(-50.3845 0.111548 -10.8948 -0.121762 0.137573 -1.21023)
(-52.1779 0.250078 -11.865 -0.221549 0.25343 -1.8838)
(-58.3549 0.151692 -16.8783 0.39133 0.303542 -4.11465)
(-46.2202 0.107232 -9.67924 -0.113466 0.130319 -0.864271)
(-47.9247 0.241607 -10.6007 -0.204575 0.241287 -1.49668)
(-53.4576 0.148231 -15.2391 0.364428 0.285858 -3.57963)
(-42.2429 0.102637 -8.52599 -0.1054 0.123182 -0.544945)
(-43.86 0.232719 -9.39812 -0.188028 0.229377 -1.13602)
(-48.7831 0.144301 -13.6748 0.338249 0.268475 -3.07312)
(-38.4513 0.0977839 -7.43674 -0.0975661 0.116167 -0.253157)
(-39.9823 0.223435 -8.259 -0.171931 0.217693 -0.802805)
(-44.3298 0.139921 -12.1872 0.312837 0.251412 -2.59647)
(-34.8443 0.092693 -6.41297 -0.0899688 0.109277 0.0102889)
(-36.2904 0.213774 -7.18484 -0.156317 0.206234 -0.497903)
(-40.0962 0.135104 -10.7782 0.288221 0.234689 -2.15087)
(-31.4208 0.0873811 -5.45601 -0.0825968 0.102513 0.244695)
(-32.7832 0.203749 -6.17702 -0.141208 0.194995 -0.222076)
(-36.0809 0.129861 -9.44921 0.264454 0.21832 -1.73738)
(-28.1798 0.081863 -4.56702 -0.0754542 0.0958765 0.449463)
(-29.4596 0.193375 -5.23676 -0.126622 0.18397 0.0240224)
(-32.2828 0.124203 -8.20177 0.241572 0.202318 -1.35694)
(-25.1203 0.0761505 -3.74702 -0.0685631 0.0893659 0.624085)
(-26.3186 0.182661 -4.36514 -0.112577 0.173147 0.239833)
(-28.7006 0.118143 -7.03706 0.219578 0.186694 -1.01036)
(-22.2416 0.0702493 -2.99689 -0.0619379 0.0829772 0.768137)
(-23.3592 0.171604 -3.5631 -0.0990853 0.162513 0.424882)
(-25.3334 0.111685 -5.95613 0.198476 0.171454 -0.698344)
(-19.5428 0.0641546 -2.31739 -0.0555788 0.0767002 0.881274)
(-20.5807 0.160191 -2.83142 -0.086154 0.152045 0.578776)
(-22.1801 0.104824 -4.9599 0.178283 0.1566 -0.421473)
(-17.0229 0.0578449 -1.7091 -0.0494789 0.0705155 0.963222)
(-17.9822 0.148381 -2.17077 -0.0737817 0.141711 0.701197)
(-19.2398 0.0975439 -4.04914 0.159016 0.142125 -0.180244)
(-14.6812 0.0512797 -1.17247 -0.0436231 0.0643911 1.01376)
(-15.5628 0.136105 -1.58169 -0.0619619 0.131456 0.791879)
(-16.5115 0.0898076 -3.22446 0.140694 0.128009 0.0249236)
(-12.5165 0.044388 -0.707777 -0.037983 0.0582764 1.03269)
(-13.3216 0.123251 -1.06457 -0.0506727 0.121198 0.850597)
(-13.9941 0.0815521 -2.48634 0.123345 0.114218 0.19367)
(-10.5273 0.0370587 -0.315092 -0.0325201 0.0520984 1.01981)
(-11.2575 0.109646 -0.61964 -0.0398803 0.110822 0.877119)
(-11.6865 0.0726789 -1.83513 0.10699 0.100692 0.325639)
(-8.71152 0.029135 0.00576182 -0.0271807 0.0457593 0.974846)
(-9.36916 0.095056 -0.246986 -0.0295406 0.100175 0.871169)
(-9.58706 0.0630484 -1.27106 0.0916446 0.0873431 0.420409)
(-7.0662 0.0204142 0.255264 -0.0218971 0.0391431 0.897394)
(-7.65454 0.079197 0.0535113 -0.0196025 0.0890784 0.832344)
(-7.69382 0.0524854 -0.794356 0.0773151 0.0740577 0.477367)
(-5.58691 0.0106736 0.434271 -0.0166082 0.0321373 0.786815)
(-6.11089 0.0618002 0.282193 -0.0100269 0.0773679 0.760046)
(-6.00412 0.0408108 -0.405283 0.0639904 0.0607081 0.495502)
(-4.26738 -0.000232571 0.544122 -0.0113498 0.0246863 0.642341)
(-4.73429 0.0428166 0.439696 -0.000842938 0.0650078 0.653466)
(-4.51455 0.0279473 -0.104394 0.0516285 0.0471935 0.473123)
(-3.09955 -0.0120885 0.586789 -0.00658467 0.0169246 0.463881)
(-3.51936 0.0229209 0.527106 0.00769429 0.0523146 0.511992)
(-3.22127 0.0141882 0.107312 0.0400747 0.0335277 0.407665)
(-2.07587 -0.0233619 0.564922 -0.00406863 0.00962639 0.25534)
(-2.45983 0.00457402 0.546401 0.0145225 0.0403915 0.337049)
(-2.12177 0.000764758 0.228582 0.0288066 0.0200021 0.29661)
(-1.19623 -0.0279705 0.479354 -0.0080016 0.00521294 0.034225)
(-1.55122 -0.00615095 0.500109 0.0163615 0.0318666 0.137113)
(-1.21867 -0.00905155 0.259347 0.0167659 0.00717995 0.143249)
(-0.482096 -0.0149957 0.312688 -0.0179759 0.00754997 -0.133481)
(-0.800724 -0.00102612 0.382621 0.0126166 0.0292659 -0.0556214)
(-0.533623 -0.00951512 0.201884 -2.92277e-05 -0.0058406 -0.0275743)
(-0.241823 0.00974399 0.168568 0.0397063 0.025546 -0.119924)
(-0.133495 0.000458104 0.0501073 -0.0265654 -0.0223621 -0.11569)
(-666.629 -40.8111 26.3838 -62.3188 -4.08196 -49.6949)
(-650.612 -67.9334 54.9963 -169.214 -4.59628 -129.472)
(-777.972 -89.0331 70.8376 -121.519 -3.06974 -84.7296)
(-644.477 -10.3358 1.26909 -2.03315 -4.17432 1.51391)
(-646.909 -23.8941 18.7376 -34.1339 -4.57309 -3.36195)
(-746.778 -30.6554 -0.785921 -16.007 -0.705112 7.47835)
(-619.672 -0.397564 -6.69667 -3.36324 -3.81364 -9.27124)
(-640.009 -5.90359 0.145042 -9.53287 -4.56774 -2.44282)
(-735.945 -7.4968 -19.2889 -2.44825 -2.03456 -0.194855)
(-601.434 3.32628 -10.884 -3.93385 -2.72531 -15.1551)
(-620.982 0.914052 -7.13188 -7.53938 -3.7591 -13.4249)
(-717.317 1.05706 -23.8151 -3.10332 -1.81771 -10.6878)
(-585.633 4.25643 -15.4432 -1.82587 -1.49893 -15.5875)
(-601.482 3.5036 -12.414 -3.63948 -2.47175 -15.4774)
(-698.316 4.03057 -28.8775 -0.706153 -0.955945 -12.3896)
(-570.637 3.93127 -20.5464 -0.771862 -0.468247 -15.5534)
(-584.431 4.05221 -17.9586 -1.1656 -1.22844 -15.6483)
(-680.422 4.54073 -35.0383 0.972829 -0.0984234 -12.5782)
(-555.827 3.203 -25.8608 -0.445078 0.28584 -15.5094)
(-568.156 3.70092 -23.6641 -0.202455 -0.248231 -15.7406)
(-662.427 4.08186 -41.5017 1.64404 0.576271 -12.8515)
(-540.986 2.43724 -31.0736 -0.392623 0.786548 -15.4414)
(-552.147 3.05991 -29.2424 0.0905405 0.44307 -15.7659)
(-644.241 3.35021 -47.8116 1.86155 1.04222 -13.2271)
(-526.089 1.77785 -35.9832 -0.454981 1.09195 -15.4136)
(-536.354 2.40352 -34.4878 0.0899714 0.892664 -15.7861)
(-626.015 2.63526 -53.7178 1.88188 1.3332 -13.7057)
(-511.173 1.26683 -40.4855 -0.556645 1.26117 -15.4536)
(-520.76 1.84258 -39.2926 -0.0328383 1.16409 -15.8494)
(-607.847 2.0447 -59.1032 1.82214 1.49831 -14.2794)
(-496.289 0.897871 -44.5373 -0.661122 1.3414 -15.5624)
(-505.359 1.40778 -43.6159 -0.190176 1.31375 -15.9693)
(-589.8 1.60053 -63.9269 1.73984 1.58048 -14.9278)
(-481.487 0.646188 -48.1312 -0.75412 1.36635 -15.73)
(-490.154 1.09218 -47.4542 -0.342636 1.38443 -16.1431)
(-571.922 1.28736 -68.1868 1.65958 1.6112 -15.6279)
(-466.808 0.48352 -51.2788 -0.831579 1.35855 -15.9412)
(-475.153 0.874538 -50.8229 -0.475447 1.40609 -16.36)
(-554.244 1.07782 -71.9009 1.58998 1.61162 -16.3576)
(-452.285 0.384553 -54.001 -0.893899 1.33233 -16.1802)
(-460.362 0.731112 -53.746 -0.585355 1.39854 -16.6061)
(-536.791 0.94429 -75.0965 1.5325 1.59511 -17.0967)
(-437.943 0.329062 -56.3226 -0.943189 1.29646 -16.4321)
(-445.786 0.640742 -56.2508 -0.674131 1.37438 -16.8676)
(-519.58 0.863493 -77.8039 1.48555 1.5697 -17.8278)
(-423.802 0.301993 -58.2689 -0.9819 1.25611 -16.6842)
(-431.433 0.586558 -58.3647 -0.745265 1.34132 -17.1317)
(-502.628 0.817566 -80.0538 1.44664 1.54 -18.5366)
(-409.875 0.29271 -59.8643 -1.01223 1.2142 -16.9255)
(-417.309 0.556025 -60.1136 -0.802374 1.30394 -17.3874)
(-485.946 0.793646 -81.8757 1.41334 1.50849 -19.211)
(-396.176 0.294009 -61.1323 -1.03594 1.17233 -17.1472)
(-403.419 0.5403 -61.5224 -0.848554 1.26484 -17.6254)
(-469.544 0.782915 -83.2978 1.38364 1.47648 -19.8412)
(-382.712 0.301189 -62.0949 -1.05433 1.13131 -17.3418)
(-389.77 0.533402 -62.6139 -0.886217 1.22548 -17.8381)
(-453.432 0.779578 -84.3467 1.35607 1.44455 -20.4191)
(-369.491 0.311299 -62.773 -1.06835 1.09153 -17.5035)
(-376.366 0.531445 -63.4099 -0.917127 1.18662 -18.0191)
(-437.617 0.779979 -85.0477 1.32959 1.41297 -20.9385)
(-356.518 0.322554 -63.1863 -1.07864 1.05313 -17.6276)
(-363.213 0.531994 -63.9307 -0.942525 1.14863 -18.1633)
(-422.105 0.781913 -85.4249 1.30351 1.3818 -21.3941)
(-343.799 0.333921 -63.3536 -1.08565 1.01617 -17.7107)
(-350.316 0.533587 -64.1958 -0.963259 1.11168 -18.2669)
(-406.902 0.784113 -85.5011 1.27743 1.35106 -21.7823)
(-331.336 0.344839 -63.2928 -1.08968 0.980615 -17.7499)
(-337.676 0.535386 -64.2236 -0.979903 1.07584 -18.3268)
(-392.012 0.785902 -85.2984 1.25112 1.32071 -22.1004)
(-319.133 0.355025 -63.0211 -1.09097 0.946425 -17.7437)
(-325.299 0.53694 -64.0318 -0.992848 1.04112 -18.341)
(-377.438 0.786953 -84.8377 1.22445 1.29073 -22.3466)
(-307.191 0.364355 -62.5548 -1.08966 0.913544 -17.6909)
(-313.184 0.538027 -63.6372 -1.00237 1.00749 -18.3082)
(-363.181 0.78714 -84.1393 1.1974 1.26108 -22.52)
(-295.512 0.372793 -61.9098 -1.08591 0.881914 -17.5912)
(-301.334 0.538552 -63.056 -1.00867 0.974915 -18.2277)
(-349.244 0.786443 -83.2225 1.16996 1.23173 -22.6207)
(-284.096 0.380344 -61.101 -1.07982 0.851476 -17.4447)
(-289.75 0.538493 -62.3037 -1.01191 0.943366 -18.0996)
(-335.627 0.784891 -82.1057 1.14218 1.20266 -22.6493)
(-272.943 0.387031 -60.1431 -1.0715 0.822171 -17.2522)
(-278.432 0.537855 -61.3952 -1.01223 0.9128 -17.9242)
(-322.329 0.782533 -80.8068 1.11408 1.17386 -22.607)
(-262.052 0.392881 -59.0497 -1.06107 0.793942 -17.0148)
(-267.379 0.53666 -60.3447 -1.00978 0.883174 -17.7027)
(-309.35 0.779422 -79.3426 1.08573 1.1453 -22.4956)
(-251.422 0.397922 -57.8341 -1.04863 0.766733 -16.7342)
(-256.59 0.534931 -59.1657 -1.00468 0.854448 -17.4364)
(-296.688 0.775605 -77.7294 1.05715 1.11698 -22.3174)
(-241.053 0.402179 -56.509 -1.0343 0.740489 -16.4121)
(-246.065 0.532688 -57.8712 -0.997062 0.826583 -17.1272)
(-284.341 0.771123 -75.9825 1.02841 1.08887 -22.0752)
(-230.942 0.405673 -55.0863 -1.01818 0.715158 -16.0507)
(-235.8 0.529948 -56.4736 -0.987064 0.799537 -16.777)
(-272.307 0.766008 -74.1167 0.999549 1.06098 -21.7719)
(-221.087 0.408422 -53.5775 -1.00038 0.69069 -15.6526)
(-225.796 0.526727 -54.9846 -0.974823 0.773273 -16.3883)
(-260.583 0.760288 -72.1459 0.970605 1.03328 -21.4109)
(-211.486 0.410442 -51.9935 -0.981032 0.667036 -15.2202)
(-216.048 0.523035 -53.4155 -0.960475 0.747753 -15.9636)
(-249.167 0.753985 -70.0833 0.941623 1.00578 -20.9957)
(-202.137 0.411749 -50.3446 -0.960236 0.64415 -14.7564)
(-206.555 0.518881 -51.7767 -0.94416 0.722942 -15.5056)
(-238.054 0.747115 -67.9416 0.912641 0.978459 -20.5302)
(-193.036 0.412357 -48.6406 -0.938111 0.621989 -14.264)
(-197.314 0.514274 -50.0785 -0.926017 0.698806 -15.0172)
(-227.242 0.739695 -65.7327 0.883701 0.951319 -20.0181)
(-184.181 0.41228 -46.8907 -0.914771 0.600513 -13.7461)
(-188.322 0.50922 -48.3303 -0.906187 0.675313 -14.5014)
(-216.726 0.731737 -63.4678 0.854839 0.924357 -19.4635)
(-175.568 0.411533 -45.1038 -0.89033 0.579683 -13.2056)
(-179.577 0.503726 -46.5412 -0.884808 0.652433 -13.9612)
(-206.503 0.723251 -61.1576 0.826092 0.897572 -18.8705)
(-167.196 0.41013 -43.2882 -0.864901 0.559463 -12.6457)
(-171.074 0.497799 -44.7197 -0.862016 0.630137 -13.3998)
(-196.569 0.714249 -58.8122 0.797494 0.870964 -18.2432)
(-159.06 0.408087 -41.4516 -0.838594 0.53982 -12.0695)
(-162.811 0.491447 -42.8739 -0.837947 0.6084 -12.8202)
(-186.921 0.704741 -56.4411 0.76908 0.844536 -17.5856)
(-151.158 0.405419 -39.6015 -0.811517 0.520723 -11.48)
(-154.784 0.484676 -41.0114 -0.812734 0.587197 -12.2257)
(-177.553 0.694734 -54.0531 0.740884 0.818291 -16.902)
(-143.487 0.402143 -37.7448 -0.783778 0.502142 -10.8803)
(-146.991 0.477496 -39.1393 -0.786506 0.566504 -11.6191)
(-168.463 0.684238 -51.6568 0.712939 0.792234 -16.1963)
(-136.043 0.398274 -35.8881 -0.755481 0.484052 -10.2733)
(-139.429 0.469914 -37.2643 -0.759393 0.546302 -11.0037)
(-159.646 0.673261 -49.26 0.685276 0.766373 -15.4726)
(-128.824 0.39383 -34.0374 -0.726727 0.466428 -9.66211)
(-132.094 0.461939 -35.3928 -0.731516 0.526569 -10.3824)
(-151.099 0.661811 -46.8701 0.657927 0.740713 -14.7347)
(-121.826 0.388827 -32.1985 -0.697616 0.449246 -9.04942)
(-124.982 0.453579 -33.5308 -0.702999 0.507289 -9.75808)
(-142.817 0.649896 -44.4941 0.630922 0.715262 -13.9864)
(-115.047 0.383282 -30.3769 -0.668244 0.432485 -8.43805)
(-118.092 0.444845 -31.6837 -0.673956 0.488445 -9.13359)
(-134.798 0.637524 -42.1386 0.604287 0.690029 -13.2315)
(-108.484 0.377213 -28.5775 -0.638702 0.416126 -7.83064)
(-111.421 0.435745 -29.8569 -0.644502 0.47002 -8.51166)
(-127.036 0.624702 -39.8095 0.578051 0.665024 -12.4734)
(-102.134 0.370637 -26.8052 -0.609081 0.400151 -7.22976)
(-104.964 0.426289 -28.0551 -0.614747 0.452001 -7.8949)
(-119.53 0.611439 -37.5126 0.55224 0.640256 -11.7156)
(-95.9936 0.363571 -25.0642 -0.579467 0.384543 -6.63785)
(-98.7204 0.416487 -26.2829 -0.584795 0.434374 -7.28585)
(-112.276 0.59774 -35.2532 0.526879 0.615735 -10.9614)
(-90.0614 0.356033 -23.3588 -0.549941 0.369287 -6.05721)
(-92.6865 0.406348 -24.5445 -0.554748 0.417127 -6.68687)
(-105.27 0.583614 -33.0363 0.501991 0.59147 -10.2138)
(-84.3345 0.348039 -21.6927 -0.520583 0.354369 -5.49004)
(-86.8599 0.395884 -22.844 -0.524701 0.400249 -6.10025)
(-98.5087 0.569069 -30.8664 0.477599 0.567472 -9.47593)
(-78.8106 0.339608 -20.0694 -0.491467 0.339776 -4.9384)
(-81.2382 0.385103 -21.1848 -0.494748 0.383729 -5.52811)
(-91.9902 0.554111 -28.7477 0.453722 0.543751 -8.75049)
(-73.4875 0.330755 -18.4923 -0.462665 0.325495 -4.40423)
(-75.819 0.374017 -19.5705 -0.464976 0.367558 -4.97247)
(-85.7111 0.538749 -26.6843 0.430379 0.520317 -8.04014)
(-68.363 0.321498 -16.9643 -0.434245 0.311516 -3.88933)
(-70.6002 0.362634 -18.0042 -0.435468 0.351725 -4.43521)
(-79.6689 0.522989 -24.6797 0.407589 0.49718 -7.34734)
(-63.4352 0.311854 -15.4883 -0.406271 0.297828 -3.39537)
(-65.5796 0.350967 -16.4887 -0.406304 0.336224 -3.91808)
(-73.8611 0.506839 -22.7374 0.385368 0.474349 -6.67441)
(-58.7021 0.301839 -14.0668 -0.378804 0.284423 -2.9239)
(-60.7552 0.339024 -15.0268 -0.377557 0.321046 -3.42268)
(-68.2852 0.490309 -20.8604 0.363731 0.451834 -6.02349)
(-54.162 0.29147 -12.7022 -0.351897 0.271292 -2.47633)
(-56.1252 0.326815 -13.6208 -0.349297 0.306183 -2.95051)
(-62.939 0.473405 -19.0515 0.342693 0.429644 -5.39655)
(-49.8132 0.280763 -11.3967 -0.325599 0.258427 -2.05393)
(-51.6878 0.314351 -12.273 -0.321588 0.291629 -2.50291)
(-57.8206 0.456136 -17.3133 0.322266 0.407787 -4.79542)
(-45.6542 0.269736 -10.1521 -0.299955 0.245821 -1.65789)
(-47.4414 0.301642 -10.9854 -0.294485 0.277377 -2.08112)
(-52.9279 0.438512 -15.6482 0.302463 0.38627 -4.22175)
(-41.6836 0.258401 -8.97028 -0.275008 0.233465 -1.28922)
(-43.3844 0.288698 -9.75996 -0.268045 0.26342 -1.68624)
(-48.2591 0.420541 -14.0583 0.28329 0.365099 -3.67705)
(-37.9 0.246773 -7.85283 -0.2508 0.221354 -0.94888)
(-39.5154 0.275528 -8.59824 -0.242318 0.249752 -1.31926)
(-43.8126 0.402231 -12.5455 0.264751 0.344282 -3.16268)
(-34.3021 0.234862 -6.80116 -0.227369 0.209482 -0.637673)
(-35.8332 0.26214 -7.50177 -0.217351 0.236368 -0.981066)
(-39.5869 0.383591 -11.1116 0.246866 0.323827 -2.67986)
(-30.8889 0.222676 -5.81657 -0.204751 0.19784 -0.356323)
(-32.3364 0.248535 -6.4719 -0.193182 0.223262 -0.672422)
(-35.5805 0.364618 -9.75803 0.229655 0.303739 -2.22965)
(-27.6593 0.21022 -4.90018 -0.18297 0.186418 -0.105436)
(-29.024 0.234714 -5.50981 -0.169847 0.210422 -0.393999)
(-31.7921 0.345313 -8.48623 0.213103 0.284017 -1.81303)
(-24.6123 0.197492 -4.05299 -0.162036 0.175199 0.114478)
(-25.895 0.220672 -4.61656 -0.147363 0.197834 -0.146357)
(-28.2206 0.325673 -7.29738 0.197223 0.264657 -1.4308)
(-21.7471 0.184472 -3.27585 -0.141954 0.16416 0.302988)
(-22.9484 0.206392 -3.79307 -0.125739 0.185477 0.0700323)
(-24.8649 0.305681 -6.19253 0.182033 0.245648 -1.08367)
(-19.0628 0.171121 -2.56949 -0.122721 0.153265 0.459736)
(-20.1834 0.191839 -3.04013 -0.104971 0.17332 0.254767)
(-21.724 0.285299 -5.17257 0.167554 0.226966 -0.772251)
(-16.5585 0.157372 -1.93452 -0.104319 0.142456 0.584421)
(-17.599 0.176955 -2.35841 -0.0850401 0.161312 0.40751)
(-18.7969 0.264462 -4.23826 0.153827 0.208573 -0.497047)
(-14.2335 0.143114 -1.37142 -0.0867153 0.131653 0.676788)
(-15.1947 0.161644 -1.74849 -0.0659062 0.149384 0.52797)
(-16.0827 0.243064 -3.39025 0.140887 0.190403 -0.258506)
(-12.0869 0.128186 -0.880579 -0.0698574 0.120738 0.736587)
(-12.9695 0.14577 -1.21084 -0.0475066 0.137434 0.615873)
(-13.5807 0.220944 -2.62909 0.128791 0.172359 -0.0570327)
(-10.1177 0.112368 -0.46227 -0.0536796 0.109558 0.763534)
(-10.9227 0.129144 -0.745866 -0.0297612 0.125327 0.670928)
(-11.29 0.19787 -1.95527 0.117608 0.154301 0.106964)
(-8.32461 0.0953913 -0.116682 -0.0381194 0.0979341 0.757248)
(-9.05345 0.111537 -0.353899 -0.0125954 0.112901 0.692767)
(-9.2097 0.173546 -1.3693 0.107396 0.136051 0.232983)
(-6.70599 0.0769943 0.156072 -0.0231554 0.0857003 0.717173)
(-7.36056 0.0927205 -0.0352156 0.00401112 0.0999971 0.680884)
(-7.33896 0.147639 -0.871772 0.0981785 0.117406 0.320322)
(-5.25946 0.0570686 0.355946 -0.00890289 0.0728002 0.642537)
(-5.84244 0.0725749 0.209978 0.0199095 0.0865321 0.634569)
(-5.67687 0.119881 -0.463573 0.089874 0.0982085 0.367912)
(-3.98167 0.0359899 0.482992 0.004199 0.0594712 0.532528)
(-4.49673 0.0513298 0.381604 0.0345599 0.0726452 0.552923)
(-4.22252 0.0903234 -0.146039 0.0821526 0.0784685 0.374118)
(-2.86795 0.0152063 0.537587 0.0149769 0.0465379 0.387297)
(-3.31983 0.0299903 0.479949 0.0466821 0.0589178 0.435301)
(-2.97524 0.0598354 0.0789201 0.0741185 0.0585954 0.336757)
(-1.91267 -0.00186552 0.52144 0.0202652 0.0358311 0.210999)
(-2.30654 0.0109705 0.506521 0.0535802 0.0466645 0.282974)
(-1.93513 0.0309117 0.209332 0.063643 0.0396827 0.254181)
(-1.10874 -0.0091378 0.436879 0.0161384 0.0302271 0.0211381)
(-1.45122 -0.00128844 0.464281 0.0508067 0.038163 0.102939)
(-1.10298 0.00860035 0.244925 0.0467296 0.0235705 0.129749)
(-0.451444 -0.00467293 0.270888 0.0286353 0.0309334 -0.109408)
(-0.754259 -0.0030293 0.348919 0.0464701 0.0351072 -0.072728)
(-0.486607 -0.000498084 0.18805 0.0177072 0.0111665 -0.0144634)
(-0.227535 -0.0052141 0.146042 0.11023 0.0346554 -0.107324)
(-0.127815 0.000250766 0.0377081 -0.00245076 -0.00100961 -0.0783692)
(-677.381 -30.8516 40.1053 -113.613 -3.02612 -64.0651)
(-657.924 -32.2405 68.5076 -208.801 -2.39914 -144.178)
(-790.181 -55.397 93.2469 -184.157 -2.42477 -97.1171)
(-663.309 -11.0829 8.46315 -28.7914 -3.29277 0.7069)
(-656.036 -14.5524 26.4743 -59.5529 -2.61001 -5.81583)
(-757.03 -24.7893 6.36989 -58.789 -0.534047 6.01436)
(-639.283 -2.40103 -2.36413 -14.5523 -3.22547 -7.78987)
(-651.625 -5.23231 4.55629 -21.8977 -2.73247 -0.797263)
(-752.561 -8.13108 -16.812 -21.3147 -1.68295 1.16491)
(-618.536 1.51847 -8.22468 -8.96711 -2.52 -14.5194)
(-633.124 -0.673695 -4.38465 -13.8708 -2.37033 -12.2768)
(-735.38 -0.668228 -22.2734 -11.3572 -1.83571 -10.0679)
(-599.463 2.98238 -14.1482 -3.90884 -1.56542 -15.4253)
(-612.187 1.45968 -10.7948 -6.74658 -1.66471 -14.9189)
(-713.941 2.49548 -28.0366 -4.19807 -1.23303 -12.1681)
(-581.354 3.17185 -20.3012 -1.35611 -0.692252 -15.6703)
(-593.178 2.18402 -17.2486 -2.46351 -0.92679 -15.3924)
(-692.788 3.4763 -34.9248 -0.0815031 -0.499978 -12.4924)
(-563.928 2.82648 -26.3405 -0.337794 -0.0193719 -15.8739)
(-575.017 2.19962 -23.6359 -0.590147 -0.315639 -15.7293)
(-671.812 3.43943 -41.9447 1.81203 0.114766 -12.9096)
(-547.038 2.32369 -32.0155 -0.00766162 0.44895 -16.0073)
(-557.39 1.93222 -29.6804 0.119671 0.132244 -15.9591)
(-651.196 3.01865 -48.6138 2.59526 0.558964 -13.4277)
(-530.607 1.83498 -37.2002 0.00226481 0.750637 -16.1308)
(-540.31 1.59295 -35.2221 0.280516 0.434436 -16.1366)
(-631.116 2.51566 -54.728 2.83365 0.851328 -14.0245)
(-514.575 1.42745 -41.855 -0.122278 0.930943 -16.2795)
(-523.741 1.27639 -40.2031 0.191511 0.624668 -16.3152)
(-611.592 2.0601 -60.2222 2.81603 1.02937 -14.6887)
(-498.896 1.11597 -45.9834 -0.286258 1.02869 -16.4635)
(-507.624 1.01752 -44.624 0.0105091 0.735767 -16.5164)
(-592.582 1.69565 -65.095 2.69563 1.12864 -15.4032)
(-483.531 0.891796 -49.6084 -0.446494 1.073 -16.6811)
(-491.904 0.821732 -48.5107 -0.186199 0.793975 -16.7456)
(-574.03 1.42503 -69.3704 2.54746 1.17678 -16.1505)
(-468.451 0.737971 -52.7609 -0.586258 1.08416 -16.9245)
(-476.534 0.681562 -51.8982 -0.365958 0.818342 -16.9991)
(-555.884 1.23434 -73.082 2.40462 1.19324 -16.9132)
(-453.638 0.63673 -55.4729 -0.701606 1.07561 -17.1831)
(-461.476 0.585432 -54.8228 -0.517906 0.821889 -17.2686)
(-538.104 1.10527 -76.2658 2.27901 1.19092 -17.6753)
(-439.08 0.572696 -57.7756 -0.794267 1.05584 -17.4458)
(-446.704 0.521828 -57.319 -0.641482 0.813122 -17.5443)
(-520.659 1.02064 -78.9567 2.17243 1.17792 -18.4223)
(-424.771 0.533808 -59.6978 -0.867939 1.03009 -17.7026)
(-432.203 0.481015 -59.4183 -0.740307 0.797397 -17.8162)
(-503.533 0.966419 -81.1876 2.08248 1.15915 -19.1419)
(-410.707 0.51121 -61.266 -0.926507 1.00146 -17.9444)
(-417.961 0.455473 -61.1492 -0.819085 0.777979 -18.0754)
(-486.717 0.932056 -82.989 2.0055 1.13743 -19.8236)
(-396.891 0.498709 -62.5046 -0.973321 0.971715 -18.1633)
(-403.974 0.439739 -62.5377 -0.882209 0.756798 -18.3138)
(-470.205 0.910063 -84.3895 1.93796 1.11435 -20.4583)
(-383.324 0.492158 -63.4363 -1.01099 0.94184 -18.3529)
(-390.242 0.430032 -63.6074 -0.933256 0.734956 -18.5247)
(-454 0.895373 -85.4158 1.87701 1.09076 -21.0387)
(-370.01 0.488882 -64.0824 -1.04143 0.912356 -18.5076)
(-376.765 0.423841 -64.3805 -0.974925 0.713065 -18.7022)
(-438.102 0.8847 -86.0933 1.82049 1.06707 -21.5589)
(-356.951 0.487223 -64.4628 -1.06597 0.883525 -18.6233)
(-363.545 0.419561 -64.8777 -1.00914 0.691452 -18.8416)
(-422.514 0.876005 -86.4462 1.76692 1.04349 -22.0139)
(-344.152 0.486196 -64.5965 -1.08554 0.855463 -18.6965)
(-350.586 0.416207 -65.1185 -1.03724 0.670279 -18.9394)
(-407.241 0.86808 -86.4974 1.71533 1.02011 -22.4004)
(-331.614 0.485246 -64.5016 -1.10076 0.828214 -18.7249)
(-337.89 0.413205 -65.1216 -1.0601 0.649623 -18.9926)
(-392.285 0.86025 -86.269 1.66509 0.996958 -22.7156)
(-319.341 0.484082 -64.1956 -1.11203 0.801783 -18.7067)
(-325.458 0.410232 -64.9048 -1.07835 0.629513 -18.9994)
(-377.649 0.85217 -85.7823 1.61585 0.974038 -22.958)
(-307.333 0.482564 -63.6949 -1.11967 0.776157 -18.641)
(-313.293 0.407126 -64.485 -1.09237 0.609954 -18.9584)
(-363.335 0.843686 -85.0575 1.56743 0.95135 -23.1268)
(-295.592 0.48064 -63.0155 -1.12388 0.751313 -18.5276)
(-301.397 0.403813 -63.8787 -1.10247 0.590939 -18.8692)
(-349.344 0.834749 -84.1141 1.51973 0.928886 -23.2221)
(-284.118 0.478301 -62.1726 -1.12484 0.727223 -18.3667)
(-289.769 0.400266 -63.1013 -1.10886 0.572455 -18.7317)
(-335.675 0.825367 -82.9707 1.47271 0.906642 -23.2445)
(-272.912 0.47556 -61.1807 -1.12272 0.703861 -18.1591)
(-278.41 0.396485 -62.1679 -1.11172 0.554486 -18.5465)
(-322.33 0.815567 -81.6452 1.42638 0.884611 -23.1954)
(-261.971 0.472433 -60.0538 -1.11764 0.681196 -17.9059)
(-267.319 0.392479 -61.0926 -1.11122 0.537015 -18.3148)
(-309.307 0.805386 -80.1546 1.38073 0.862786 -23.0766)
(-251.296 0.468939 -58.8051 -1.10977 0.659198 -17.6089)
(-256.496 0.38826 -59.8892 -1.10751 0.520023 -18.0378)
(-296.604 0.794857 -78.5151 1.3358 0.841162 -22.8905)
(-240.885 0.465095 -57.4474 -1.09925 0.63784 -17.27)
(-245.938 0.383839 -58.5706 -1.10075 0.503492 -17.7175)
(-284.22 0.78401 -76.7423 1.29159 0.819734 -22.6398)
(-230.735 0.460913 -55.9927 -1.08621 0.617092 -16.8914)
(-235.644 0.379226 -57.1493 -1.09111 0.487403 -17.356)
(-272.151 0.772868 -74.8509 1.24812 0.798497 -22.3275)
(-220.845 0.456405 -54.4524 -1.07082 0.596927 -16.4755)
(-225.613 0.374429 -55.637 -1.07874 0.471739 -16.9556)
(-260.396 0.76145 -72.8549 1.2054 0.777445 -21.9571)
(-211.212 0.451578 -52.8376 -1.05323 0.577317 -16.0251)
(-215.841 0.369452 -54.045 -1.06382 0.456482 -16.519)
(-248.95 0.74977 -70.7675 1.16344 0.756575 -21.5322)
(-201.833 0.44644 -51.1586 -1.03358 0.558238 -15.5429)
(-206.326 0.364299 -52.3839 -1.0465 0.441615 -16.0489)
(-237.811 0.737837 -68.6015 1.12225 0.735884 -21.0565)
(-192.706 0.440994 -49.4251 -1.01203 0.539664 -15.0319)
(-197.065 0.358974 -50.6638 -1.02695 0.427121 -15.5482)
(-226.975 0.725661 -66.3687 1.08183 0.715367 -20.534)
(-183.827 0.435248 -47.6464 -0.988742 0.521574 -14.4951)
(-188.055 0.353478 -48.8942 -1.00534 0.412985 -15.0199)
(-216.438 0.713248 -64.0805 1.04219 0.695024 -19.9687)
(-175.194 0.429205 -45.8314 -0.963857 0.503944 -13.9356)
(-179.294 0.347814 -47.0842 -0.981845 0.399192 -14.4671)
(-206.196 0.700602 -61.7474 1.00334 0.674854 -19.3647)
(-166.803 0.42287 -43.9884 -0.937527 0.486755 -13.3566)
(-170.777 0.341982 -45.2423 -0.956621 0.385729 -13.893)
(-196.245 0.687728 -59.3797 0.965269 0.654856 -18.7262)
(-158.652 0.416249 -42.1251 -0.909899 0.469987 -12.7611)
(-162.502 0.335986 -43.3766 -0.929832 0.372582 -13.3006)
(-186.582 0.674629 -56.9867 0.927991 0.635031 -18.0573)
(-150.736 0.409346 -40.2489 -0.881118 0.453622 -12.1522)
(-154.465 0.329826 -41.4947 -0.901638 0.359739 -12.6931)
(-177.202 0.661309 -54.5774 0.891508 0.61538 -17.3621)
(-143.053 0.402167 -38.3668 -0.851326 0.437645 -11.533)
(-146.663 0.323506 -39.6037 -0.872196 0.34719 -12.0736)
(-168.1 0.647771 -52.1603 0.855821 0.595906 -16.6447)
(-135.6 0.394718 -36.4852 -0.820661 0.42204 -10.9066)
(-139.094 0.317027 -37.7103 -0.841659 0.334923 -11.4452)
(-159.274 0.634017 -49.7431 0.820935 0.576611 -15.9091)
(-128.373 0.387005 -34.6104 -0.789256 0.406791 -10.2758)
(-131.753 0.310392 -35.8209 -0.810176 0.322929 -10.8109)
(-150.719 0.620051 -47.3335 0.786853 0.557497 -15.1592)
(-121.369 0.379034 -32.7481 -0.757242 0.391887 -9.64367)
(-124.637 0.303604 -33.9414 -0.777892 0.311198 -10.1736)
(-142.431 0.605874 -44.9382 0.753577 0.538569 -14.3989)
(-114.586 0.370811 -30.9036 -0.724744 0.377314 -9.01282)
(-117.744 0.296665 -32.0773 -0.744946 0.299722 -9.53606)
(-134.407 0.591489 -42.5638 0.721111 0.51983 -13.6318)
(-108.02 0.362343 -29.0819 -0.691886 0.363061 -8.38599)
(-111.071 0.289579 -30.2339 -0.711475 0.288493 -8.90113)
(-126.643 0.5769 -40.2163 0.689457 0.501284 -12.8615)
(-101.668 0.353637 -27.2878 -0.658783 0.349117 -7.76574)
(-104.613 0.282349 -28.4159 -0.677609 0.277503 -8.27141)
(-119.135 0.562109 -37.9015 0.658617 0.482937 -12.0915)
(-95.5282 0.344699 -25.5257 -0.625549 0.335473 -7.15451)
(-98.3698 0.274977 -26.628 -0.643475 0.266746 -7.64941)
(-111.879 0.547117 -35.6246 0.628591 0.464791 -11.3249)
(-89.5975 0.335535 -23.7996 -0.59229 0.32212 -6.55465)
(-92.3371 0.267469 -24.8743 -0.609193 0.256216 -7.03753)
(-104.874 0.531929 -33.3906 0.599384 0.446853 -10.5651)
(-83.8733 0.326154 -22.1132 -0.559111 0.309048 -5.96834)
(-86.5127 0.259826 -23.1587 -0.574877 0.245906 -6.43805)
(-98.1141 0.516545 -31.204 0.570994 0.429126 -9.8148)
(-78.3533 0.316562 -20.4702 -0.526108 0.29625 -5.39767)
(-80.894 0.252052 -21.4849 -0.540639 0.235811 -5.85311)
(-91.5979 0.50097 -29.0691 0.543422 0.411615 -9.07697)
(-73.035 0.306766 -18.8738 -0.493374 0.283718 -4.84456)
(-75.4787 0.244152 -19.8563 -0.506582 0.225925 -5.28472)
(-85.3222 0.485206 -26.9898 0.516668 0.394324 -8.35422)
(-67.9164 0.296773 -17.327 -0.460997 0.271446 -4.31084)
(-70.2644 0.236129 -18.276 -0.472806 0.216243 -4.73477)
(-79.2842 0.469256 -24.9696 0.49073 0.377258 -7.64902)
(-62.9954 0.286589 -15.8325 -0.429061 0.259426 -3.79817)
(-65.2491 0.227986 -16.7468 -0.439405 0.206761 -4.205)
(-73.4813 0.453122 -23.0121 0.465609 0.36042 -6.96368)
(-58.2699 0.276222 -14.3929 -0.397641 0.247653 -3.3081)
(-60.4306 0.219727 -15.2715 -0.406466 0.197475 -3.69703)
(-67.9112 0.436808 -21.1201 0.441301 0.343816 -6.30035)
(-53.7382 0.265679 -13.0105 -0.366811 0.236121 -2.84206)
(-55.8071 0.211356 -13.8523 -0.374071 0.18838 -3.21234)
(-62.5715 0.420317 -19.2966 0.417803 0.327447 -5.66102)
(-49.3985 0.254965 -11.6874 -0.336636 0.224824 -2.40132)
(-51.3767 0.202877 -12.4916 -0.342297 0.179471 -2.75229)
(-57.46 0.403653 -17.544 0.395114 0.311318 -5.04749)
(-45.2493 0.24409 -10.4257 -0.307175 0.213757 -1.98704)
(-47.1378 0.194293 -11.1914 -0.311211 0.170746 -2.31812)
(-52.5749 0.386817 -15.8648 0.373232 0.295432 -4.46144)
(-41.289 0.233057 -9.22692 -0.278484 0.202915 -1.60028)
(-43.0888 0.185609 -9.95348 -0.280877 0.1622 -1.91091)
(-47.9142 0.369815 -14.261 0.352146 0.279791 -3.90437)
(-37.5163 0.221875 -8.09279 -0.250616 0.192292 -1.24196)
(-39.2282 0.176827 -8.77948 -0.251355 0.15383 -1.53167)
(-43.4764 0.352649 -12.7345 0.331841 0.264397 -3.37765)
(-33.9299 0.210544 -7.02467 -0.223614 0.181884 -0.912893)
(-35.5546 0.167948 -7.67092 -0.2227 0.145631 -1.18127)
(-39.2596 0.335324 -11.2871 0.312332 0.249254 -2.88248)
(-30.5286 0.199063 -6.02384 -0.197516 0.171683 -0.613806)
(-32.0669 0.158973 -6.62911 -0.194951 0.1376 -0.860475)
(-35.2627 0.317834 -9.92031 0.293646 0.234362 -2.41995)
(-27.3113 0.187429 -5.0914 -0.172346 0.161678 -0.345305)
(-28.7639 0.149898 -5.65524 -0.168148 0.129728 -0.569965)
(-31.4841 0.300173 -8.63541 0.275761 0.219714 -1.99101)
(-24.277 0.175632 -4.22833 -0.148114 0.151853 -0.107901)
(-25.6445 0.140715 -4.75035 -0.142308 0.122006 -0.310295)
(-27.9227 0.282331 -7.43363 0.258679 0.205305 -1.59648)
(-21.4248 0.163646 -3.4355 -0.124813 0.142185 0.0979691)
(-22.7078 0.131412 -3.91536 -0.11743 0.114419 -0.0819415)
(-24.5774 0.264286 -6.31601 0.24243 0.191118 -1.23709)
(-18.7539 0.151431 -2.71364 -0.102424 0.132638 0.271933)
(-19.9529 0.121964 -3.15107 -0.0934981 0.106944 0.114685)
(-21.4472 0.246 -5.28346 0.227056 0.177128 -0.91343)
(-16.2635 0.138922 -2.06342 -0.0809015 0.123162 0.41367)
(-17.379 0.11233 -2.45818 -0.0704713 0.0995504 0.279235)
(-18.5312 0.227411 -4.33678 0.212601 0.163297 -0.626055)
(-13.953 0.126021 -1.48538 -0.0601745 0.113681 0.522887)
(-14.9854 0.102448 -1.83731 -0.0482827 0.0921904 0.411391)
(-15.8288 0.208422 -3.47667 0.199148 0.149563 -0.375433)
(-11.8216 0.112592 -0.980052 -0.0401519 0.104097 0.599279)
(-12.7716 0.0922345 -1.28903 -0.0268388 0.0848001 0.510844)
(-13.3391 0.188894 -2.7038 0.186801 0.135838 -0.162016)
(-9.86874 0.0984671 -0.547901 -0.0207428 0.0942851 0.642486)
(-10.7368 0.0815802 -0.813855 -0.00603443 0.0772978 0.577249)
(-11.0618 0.168641 -2.01883 0.175671 0.122004 0.0137169)
(-8.09359 0.0834647 -0.189393 -0.00190731 0.0841171 0.652034)
(-8.88057 0.0703643 -0.412292 0.0142021 0.0695929 0.61018)
(-8.99641 0.147441 -1.42247 0.165834 0.107921 0.151179)
(-6.49515 0.0674522 0.0950128 0.0162324 0.0735041 0.627263)
(-7.20202 0.058487 -0.0848327 0.0338161 0.06161 0.609063)
(-7.14277 0.125077 -0.915639 0.157251 0.0934563 0.249583)
(-5.07185 0.0504794 0.304902 0.0331763 0.0624891 0.567294)
(-5.70008 0.0459441 0.168084 0.0524398 0.0533404 0.573124)
(-5.50075 0.101443 -0.499486 0.149592 0.0785486 0.307794)
(-3.82105 0.0330143 0.440048 0.0477192 0.0513918 0.471172)
(-4.3728 0.0329597 0.346197 0.0690829 0.0449291 0.501388)
(-4.07022 0.0767439 -0.175566 0.141916 0.0633296 0.324176)
(-2.73828 0.0162705 0.50091 0.0574609 0.0409925 0.338657)
(-3.21674 0.0201742 0.449774 0.0817484 0.0367853 0.393068)
(-2.85075 0.0518354 0.0542304 0.13212 0.0482895 0.296567)
(-1.81662 0.00259529 0.490128 0.0580064 0.0327176 0.172565)
(-2.22628 0.00884618 0.480717 0.0868653 0.0296997 0.248891)
(-1.84143 0.0286675 0.188321 0.116126 0.0344399 0.222915)
(-1.04496 -0.00466897 0.411159 0.0490263 0.0284575 -0.0105918)
(-1.39488 0.000928602 0.442674 0.0799774 0.0248957 0.0744191)
(-1.04017 0.0106389 0.226904 0.0884329 0.0232485 0.104857)
(-0.415554 -0.00631025 0.25173 0.0740349 0.0290658 -0.131409)
(-0.721367 -0.00251958 0.331865 0.0755233 0.0232965 -0.0969923)
(-0.450961 0.00106374 0.172906 0.0481815 0.0155302 -0.0356444)
(-0.214264 -0.00642679 0.141267 0.156184 0.0245033 -0.119349)
(-0.112372 -0.00293917 0.0346837 0.0302358 0.010817 -0.090786)
(-679.278 -10.6721 46.2154 -131.518 -1.08651 -66.4527)
(-659.551 -2.78938e-08 72.6346 -219.262 -6.21931e-09 -146.717)
(-796.449 -17.7224 103.089 -205.133 -1.02559 -98.682)
(-667.781 -4.65443 11.7119 -39.4317 -1.22305 2.88146)
(-656.985 -2.84549e-08 28.8294 -67.2605 -7.10212e-09 -4.72142)
(-758.378 -9.10353 9.65879 -74.6308 -0.389358 8.47831)
(-645.478 -1.45752 -0.228528 -20.5122 -1.226 -5.97617)
(-653.911 -2.98804e-08 5.96081 -26.3366 -5.7264e-09 0.552653)
(-756.807 -3.5993 -15.5957 -30.4829 -0.718165 3.2131)
(-625.151 0.223714 -6.70352 -12.2891 -0.987414 -13.6613)
(-636.227 -3.32492e-08 -3.43067 -16.4157 -3.2018e-09 -11.5955)
(-741.655 -0.702493 -21.3879 -16.5001 -0.758783 -9.25508)
(-605.546 0.948308 -13.2108 -5.54072 -0.641677 -15.003)
(-615.3 -3.22919e-08 -10.1652 -8.07303 -5.67683e-09 -14.5922)
(-720.376 0.679375 -27.3966 -6.78693 -0.537022 -11.8295)
(-586.477 1.12894 -19.8842 -2.03006 -0.313216 -15.4827)
(-595.934 -2.91579e-08 -16.9092 -3.05503 -4.56246e-09 -15.2264)
(-698.46 1.18677 -34.6132 -1.15138 -0.257735 -12.3034)
(-568.027 1.06057 -26.326 -0.532619 -0.0530884 -15.8655)
(-577.295 -3.24373e-08 -23.5324 -0.795045 3.91006e-10 -15.6748)
(-676.434 1.25615 -41.9313 1.56104 -0.016851 -12.8243)
(-550.224 0.903573 -32.2824 0.0169278 0.132173 -16.1351)
(-559.197 -3.26354e-08 -29.7489 0.100919 6.10062e-10 -15.9898)
(-654.792 1.14389 -48.82 2.75746 0.160975 -13.4327)
(-533.049 0.734797 -37.6497 0.11084 0.254287 -16.3578)
(-541.711 -3.22779e-08 -35.4061 0.341138 6.69657e-09 -16.2296)
(-633.845 0.978168 -55.0776 3.18468 0.280442 -14.1018)
(-516.444 0.587049 -42.4157 0.00268401 0.329289 -16.5765)
(-524.817 -3.51246e-08 -40.4595 0.276548 6.22895e-09 -16.4524)
(-613.641 0.817269 -60.6575 3.23546 0.354948 -14.8204)
(-500.337 0.47045 -46.6074 -0.175153 0.371612 -16.8084)
(-508.453 -2.96158e-08 -44.9231 0.0938529 8.54215e-10 -16.6839)
(-594.123 0.683478 -65.5772 3.12288 0.397896 -15.574)
(-484.659 0.384353 -50.265 -0.35993 0.392403 -17.0578)
(-492.55 -2.54936e-08 -48.833 -0.115122 4.7003e-09 -16.9333)
(-575.202 0.581351 -69.8754 2.95528 0.41999 -16.3487)
(-469.352 0.323821 -53.4311 -0.525452 0.399596 -17.3216)
(-477.045 -2.69341e-08 -52.2314 -0.309888 5.30699e-09 -17.2)
(-556.792 0.507679 -73.5955 2.7832 0.42894 -17.1304)
(-454.373 0.282911 -56.1453 -0.663776 0.398532 -17.5926)
(-461.889 -2.69436e-08 -55.1596 -0.476013 2.32839e-09 -17.4776)
(-538.823 0.456657 -76.7795 2.62703 0.42994 -17.9052)
(-439.691 0.256166 -58.4434 -0.775437 0.392661 -17.8625)
(-447.046 -2.51208e-08 -57.6549 -0.611622 2.5981e-09 -17.7581)
(-521.244 0.422347 -79.4662 2.49218 0.426321 -18.6609)
(-425.286 0.239162 -60.3569 -0.864241 0.38413 -18.1227)
(-432.49 -2.3013e-08 -59.7507 -0.720126 4.6955e-09 -18.0325)
(-504.019 0.399689 -81.6904 2.37733 0.420131 -19.3862)
(-411.147 0.22857 -61.914 -0.934683 0.374235 -18.3654)
(-418.205 -2.42778e-08 -61.4766 -0.806499 5.35091e-09 -18.2926)
(-487.128 0.384769 -83.4836 2.27877 0.412583 -20.0714)
(-397.268 0.222023 -63.1399 -0.990817 0.363733 -18.5835)
(-404.184 -2.81231e-08 -62.8589 -0.875543 5.89892e-09 -18.5309)
(-470.557 0.374756 -84.875 2.1925 0.404367 -20.7083)
(-383.647 0.217912 -64.0579 -1.03589 0.353053 -18.771)
(-390.423 -3.06149e-08 -63.922 -0.931241 5.35217e-09 -18.7409)
(-454.301 0.367698 -85.8916 2.11506 0.395861 -21.2898)
(-370.284 0.215183 -64.6895 -1.0723 0.342427 -18.9228)
(-376.92 -3.0778e-08 -64.688 -0.976623 5.48227e-09 -18.917)
(-438.361 0.362314 -86.5589 2.04381 0.387264 -21.8103)
(-357.182 0.213175 -65.0549 -1.10177 0.331978 -19.0347)
(-363.677 -3.02049e-08 -65.1778 -1.01387 6.40892e-09 -19.0546)
(-422.735 0.357795 -86.901 1.97684 0.378675 -22.2651)
(-344.342 0.21149 -65.1733 -1.12547 0.321765 -19.1037)
(-350.697 -2.97737e-08 -65.411 -1.0445 7.14276e-09 -19.1503)
(-407.427 0.353655 -86.9412 1.91287 0.370141 -22.6507)
(-331.767 0.209898 -65.0628 -1.14418 0.311814 -19.1274)
(-337.98 -2.99725e-08 -65.4064 -1.06952 7.60448e-09 -19.2011)
(-392.439 0.349616 -86.7015 1.85111 0.361682 -22.9647)
(-319.458 0.208278 -64.741 -1.15843 0.302133 -19.104)
(-325.531 -3.10966e-08 -65.1817 -1.08962 7.00384e-09 -19.2053)
(-377.772 0.345534 -86.2033 1.79106 0.353306 -23.2054)
(-307.417 0.20657 -64.2244 -1.16859 0.292722 -19.0329)
(-313.349 -3.12708e-08 -64.754 -1.10526 4.76669e-09 -19.1615)
(-363.43 0.341338 -85.4667 1.73243 0.345015 -23.3723)
(-295.646 0.204747 -63.5292 -1.17493 0.283576 -18.9136)
(-301.436 -3.07208e-08 -64.1397 -1.11675 4.21063e-09 -19.0693)
(-349.412 0.337006 -84.5115 1.67509 0.336809 -23.4652)
(-284.143 0.202806 -62.6704 -1.17764 0.274687 -18.7466)
(-289.793 -3.09911e-08 -63.3544 -1.12434 6.4834e-09 -18.9287)
(-335.719 0.332535 -83.3563 1.61896 0.328686 -23.4851)
(-272.91 0.200747 -61.6628 -1.1769 0.266048 -18.5326)
(-278.42 -3.22127e-08 -62.413 -1.12822 9.64256e-09 -18.7403)
(-322.351 0.327933 -82.0189 1.56401 0.320646 -23.4332)
(-261.945 0.198578 -60.5203 -1.17289 0.257649 -18.273)
(-267.317 -3.33949e-08 -61.3299 -1.12857 1.00543e-08 -18.5052)
(-309.306 0.323214 -80.5164 1.51024 0.312686 -23.3114)
(-251.247 0.196304 -59.2562 -1.16575 0.249481 -17.9692)
(-256.481 -3.37541e-08 -60.1188 -1.12554 8.78833e-09 -18.2248)
(-296.583 0.318388 -78.8652 1.45765 0.304806 -23.122)
(-240.815 0.193931 -57.8833 -1.15564 0.241535 -17.6233)
(-245.913 -3.4725e-08 -58.7925 -1.11932 9.47448e-09 -17.9009)
(-284.18 0.313467 -77.0808 1.40623 0.297004 -22.8679)
(-230.646 0.191464 -56.4136 -1.14274 0.233803 -17.2376)
(-235.609 -3.56807e-08 -57.3637 -1.11005 1.03955e-08 -17.5357)
(-272.095 0.308459 -75.1779 1.35599 0.289278 -22.552)
(-220.738 0.188906 -54.8588 -1.1272 0.226274 -16.8145)
(-225.568 -3.62048e-08 -55.844 -1.09792 1.23788e-08 -17.1316)
(-260.324 0.303371 -73.1705 1.30692 0.281626 -22.1779)
(-211.089 0.186261 -53.2295 -1.10919 0.218942 -16.3567)
(-215.788 -3.71149e-08 -54.2447 -1.08309 1.50316e-08 -16.6912)
(-248.864 0.298207 -71.072 1.25902 0.274048 -21.7491)
(-201.696 0.183529 -51.5364 -1.08889 0.211797 -15.8671)
(-206.265 -3.76078e-08 -52.5765 -1.06574 1.66325e-08 -16.2173)
(-237.712 0.292971 -68.895 1.21228 0.266542 -21.2694)
(-192.556 0.180713 -49.7891 -1.06645 0.204831 -15.3485)
(-196.997 -3.71797e-08 -50.8494 -1.04605 1.7268e-08 -15.7127)
(-226.864 0.287666 -66.6515 1.16668 0.259106 -20.7427)
(-183.666 0.177813 -47.997 -1.04206 0.198038 -14.8042)
(-187.981 -3.63037e-08 -49.073 -1.02419 1.75762e-08 -15.1805)
(-216.316 0.282294 -64.3528 1.12222 0.251741 -20.1732)
(-175.023 0.174831 -46.1689 -1.01588 0.191409 -14.237)
(-179.214 -3.54055e-08 -47.2563 -1.00033 1.82489e-08 -14.6238)
(-206.065 0.276856 -62.0094 1.07888 0.244444 -19.5649)
(-166.623 0.171768 -44.313 -0.988079 0.184939 -13.6502)
(-170.692 -3.49673e-08 -45.4079 -0.974657 1.94759e-08 -14.0456)
(-196.106 0.271354 -59.6316 1.03665 0.237217 -18.922)
(-158.463 0.168625 -42.4372 -0.958813 0.178621 -13.047)
(-162.413 -3.45311e-08 -43.5359 -0.947328 2.08396e-08 -13.4493)
(-186.435 0.265788 -57.2288 0.995521 0.230059 -18.2487)
(-150.541 0.165402 -40.5488 -0.928246 0.172449 -12.4304)
(-154.372 -3.46876e-08 -41.6478 -0.918515 2.36735e-08 -12.8378)
(-177.048 0.26016 -54.81 0.955474 0.222969 -17.5489)
(-142.852 0.162102 -38.6548 -0.896536 0.166417 -11.8034)
(-146.568 -3.60438e-08 -39.7507 -0.888384 2.70851e-08 -12.2143)
(-167.942 0.254469 -52.3835 0.916499 0.215949 -16.827)
(-135.394 0.158726 -36.7617 -0.863835 0.160521 -11.1692)
(-138.995 -3.77349e-08 -37.8515 -0.857093 3.06251e-08 -11.5819)
(-159.111 0.248718 -49.9573 0.878585 0.208999 -16.0868)
(-128.164 0.155274 -34.8756 -0.830292 0.154755 -10.5307)
(-131.652 -3.94205e-08 -35.9564 -0.824799 3.61574e-08 -10.9435)
(-150.552 0.242906 -47.5387 0.84172 0.202118 -15.3323)
(-121.157 0.151749 -33.0023 -0.796051 0.149116 -9.89076)
(-124.535 -4.20049e-08 -34.0713 -0.791655 4.31311e-08 -10.3022)
(-142.261 0.237034 -45.1348 0.805893 0.19531 -14.5672)
(-114.372 0.148152 -31.1471 -0.761251 0.143598 -9.25216)
(-117.64 -4.32458e-08 -32.2018 -0.757806 4.45497e-08 -9.6607)
(-134.235 0.231103 -42.7519 0.771092 0.188573 -13.7954)
(-107.804 0.144485 -29.315 -0.726028 0.138199 -8.6176)
(-110.966 -4.1299e-08 -30.3531 -0.723394 4.17287e-08 -9.02178)
(-126.469 0.225114 -40.3962 0.737307 0.181909 -13.0204)
(-101.452 0.140749 -27.5108 -0.690511 0.132915 -7.98965)
(-104.508 -3.99758e-08 -28.53 -0.688558 4.14699e-08 -8.38808)
(-118.959 0.219067 -38.0734 0.704525 0.175319 -12.2456)
(-95.3126 0.136946 -25.7387 -0.654825 0.127741 -7.37074)
(-98.2644 -3.93528e-08 -26.737 -0.653428 4.21533e-08 -7.76212)
(-111.704 0.212962 -35.7888 0.672738 0.168804 -11.4742)
(-89.3826 0.133078 -24.003 -0.619088 0.122676 -6.76323)
(-92.2319 -3.74864e-08 -24.9784 -0.618131 4.28419e-08 -7.1463)
(-104.698 0.206802 -33.5471 0.641935 0.162366 -10.7095)
(-83.6599 0.129146 -22.3072 -0.583414 0.117716 -6.1693)
(-86.4079 -3.70944e-08 -23.2581 -0.582787 4.40396e-08 -6.54289)
(-97.9391 0.200585 -31.3531 0.612105 0.156005 -9.95446)
(-78.1418 0.125154 -20.655 -0.547911 0.112858 -5.59104)
(-80.79 -3.87664e-08 -21.5796 -0.547511 4.31334e-08 -5.95404)
(-91.4241 0.194313 -29.2109 0.583236 0.149723 -9.2118)
(-72.826 0.121101 -19.0497 -0.512682 0.1081 -5.03038)
(-75.3757 -4.09491e-08 -19.9465 -0.512412 4.19105e-08 -5.38176)
(-85.1499 0.187987 -27.1245 0.555317 0.14352 -8.4842)
(-67.7103 0.116991 -17.494 -0.477823 0.103439 -4.48913)
(-70.1627 -4.40397e-08 -18.3617 -0.477594 4.31566e-08 -4.82793)
(-79.1138 0.181607 -25.0975 0.528338 0.137398 -7.77413)
(-62.7927 0.112825 -15.991 -0.443426 0.0988737 -3.96898)
(-65.1489 -4.70891e-08 -16.8282 -0.443155 4.50826e-08 -4.29431)
(-73.3132 0.175175 -23.1331 0.502286 0.131358 -7.08393)
(-58.071 0.108605 -14.5429 -0.409576 0.0944008 -3.47146)
(-60.3321 -4.97575e-08 -15.3486 -0.409187 5.01155e-08 -3.7825)
(-67.7457 0.168691 -21.2346 0.477152 0.1254 -6.41572)
(-53.5434 0.104332 -13.1523 -0.376352 0.0900185 -2.99799)
(-55.7105 -5.39625e-08 -13.9253 -0.375776 5.87984e-08 -3.294)
(-62.409 0.162156 -19.4046 0.452924 0.119526 -5.77149)
(-49.2083 0.100009 -11.8212 -0.343827 0.0857249 -2.54986)
(-51.2822 -5.79323e-08 -12.5606 -0.342999 6.56629e-08 -2.83015)
(-57.3008 0.155571 -17.6457 0.429591 0.113736 -5.15307)
(-45.0639 0.095638 -10.5515 -0.312065 0.0815179 -2.12823)
(-47.0455 -5.99257e-08 -11.2563 -0.31093 7.05569e-08 -2.3922)
(-52.4192 0.148936 -15.9602 0.407141 0.108031 -4.56211)
(-41.1087 0.09122 -9.34493 -0.281129 0.0773957 -1.73414)
(-42.9988 -6.1783e-08 -10.0144 -0.279633 7.78412e-08 -1.98124)
(-47.7623 0.142253 -14.3503 0.385559 0.102411 -4.00012)
(-37.3413 0.0867566 -8.20312 -0.251074 0.0733563 -1.36852)
(-39.1407 -6.53256e-08 -8.83657 -0.249172 8.741e-08 -1.59825)
(-43.3284 0.135523 -12.8178 0.36482 0.0968771 -3.46847)
(-33.7604 0.0822478 -7.12743 -0.221947 0.0693976 -1.03218)
(-35.4698 -6.20406e-08 -7.72419 -0.219601 8.28279e-08 -1.24412)
(-39.1158 0.128746 -11.3645 0.344934 0.0914295 -2.96838)
(-30.3648 0.0776921 -6.11913 -0.193786 0.0655164 -0.725844)
(-31.9849 -3.34735e-08 -6.67862 -0.190962 5.56366e-08 -0.91962)
(-35.1232 0.12192 -9.99188 0.325931 0.0860677 -2.5009)
(-27.1535 0.073087 -5.17932 -0.16662 0.0617084 -0.450129)
(-28.6847 -3.74431e-09 -5.70105 -0.163294 3.79956e-08 -0.625418)
(-31.3491 0.115042 -8.70124 0.307786 0.0807892 -2.067)
(-24.1253 0.0684276 -4.309 -0.140453 0.0579671 -0.205544)
(-25.5683 7.72645e-09 -4.7925 -0.136615 2.41106e-08 -0.362077)
(-27.7924 0.108107 -7.4938 0.290495 0.0755901 -1.66753)
(-21.2794 0.0637036 -3.50901 -0.115271 0.0542826 0.00746805)
(-22.6346 1.31886e-08 -3.9539 -0.110917 1.00634e-08 -0.130073)
(-24.4519 0.101106 -6.37062 0.274097 0.070464 -1.30318)
(-18.615 0.0588987 -2.78012 -0.0910416 0.0506411 0.188528)
(-19.8828 1.26722e-08 -3.18606 -0.0861806 8.10121e-09 0.0701792)
(-21.3268 0.0940229 -5.33261 0.258625 0.0654006 -0.974586)
(-16.1314 0.053986 -2.12301 -0.0677035 0.0470223 0.337296)
(-17.3122 9.22936e-09 -2.4897 -0.0623556 4.61979e-09 0.238325)
(-18.416 0.0868343 -4.3806 0.244158 0.0603844 -0.682298)
(-13.8279 0.048928 -1.53831 -0.0451702 0.0433973 0.45345)
(-14.9221 8.51956e-09 -1.86544 -0.0393658 -4.17664e-09 0.374034)
(-15.7191 0.0795013 -3.51534 0.230791 0.0553906 -0.426813)
(-11.704 0.0436751 -1.02658 -0.0233346 0.0397281 0.536649)
(-12.7118 9.33454e-09 -1.31388 -0.0171078 -1.19944e-08 0.476981)
(-13.2354 0.0719713 -2.73755 0.218646 0.0503852 -0.208617)
(-9.75919 0.038168 -0.588413 -0.00210297 0.0359702 0.586491)
(-10.6809 8.542e-09 -0.835597 0.00452964 -1.49973e-08 0.546802)
(-10.9645 0.0641771 -2.04799 0.207848 0.0453245 -0.0282328)
(-7.99285 0.0323487 -0.224395 0.0185312 0.0320805 0.602458)
(-8.82875 1.14108e-08 -0.431144 0.0256106 -2.1817e-08 0.58305)
(-8.90645 0.0560422 -1.4475 0.19846 0.0401592 0.11371)
(-6.40421 0.0261867 0.0648919 0.0383415 0.0280372 0.583857)
(-7.15481 1.55951e-08 -0.101075 0.0460425 -3.65253e-08 0.585133)
(-7.06115 0.0475005 -0.937076 0.190376 0.0348474 0.216384)
(-4.99187 0.0197295 0.278958 0.0566101 0.0238751 0.529797)
(-5.65801 1.8057e-08 0.15412 0.0653663 -6.58497e-08 0.552263)
(-5.42875 0.0385389 -0.517968 0.183089 0.0293821 0.278648)
(-3.7532 0.0131794 0.417606 0.0717928 0.0197366 0.439319)
(-4.33644 -7.85304e-09 0.33416 0.082427 -8.85094e-08 0.483469)
(-4.00916 0.0292709 -0.191715 0.17532 0.0238352 0.298912)
(-2.68346 0.00697633 0.481531 0.0810956 0.0159253 0.312077)
(-3.18659 -2.86855e-08 0.43937 0.0950078 -9.45945e-08 0.377956)
(-2.80165 0.020041 0.0399555 0.164438 0.0184121 0.275092)
(-1.77515 0.00185808 0.473954 0.0798895 0.0129466 0.150307)
(-2.20261 2.41347e-08 0.471837 0.0993367 8.66491e-08 0.236334)
(-1.80455 0.011533 0.175816 0.145728 0.0134944 0.205027)
(-1.01642 -0.0012741 0.398868 0.0695408 0.0114423 -0.0299159)
(-1.37781 1.21368e-07 0.435459 0.0910951 5.40353e-07 0.0637449)
(-1.01486 0.00480973 0.216459 0.113418 0.00961227 0.089629)
(-0.400513 -0.00291461 0.244383 0.0998884 0.0117887 -0.146712)
(-0.711157 2.29428e-07 0.326662 0.0866929 4.97647e-07 -0.106155)
(-0.436362 0.000737847 0.165248 0.0690522 0.00713512 -0.0489974)
(-0.210358 7.49231e-07 0.140691 0.171674 -7.57693e-07 -0.125368)
(-0.106279 -0.00167453 0.0343444 0.0528965 0.00617991 -0.100373)
(-679.278 10.6721 46.2154 -131.518 1.08651 -66.4527)
(-657.924 32.2405 68.5076 -208.801 2.39914 -144.178)
(-796.449 17.7224 103.089 -205.133 1.02559 -98.682)
(-667.781 4.65443 11.7119 -39.4317 1.22305 2.88146)
(-656.036 14.5524 26.4743 -59.5529 2.61001 -5.81583)
(-758.378 9.10353 9.65879 -74.6308 0.389358 8.47831)
(-645.478 1.45752 -0.228528 -20.5122 1.226 -5.97617)
(-651.625 5.23231 4.55629 -21.8977 2.73247 -0.797263)
(-756.807 3.5993 -15.5957 -30.4829 0.718165 3.2131)
(-625.151 -0.223715 -6.70352 -12.2891 0.987413 -13.6613)
(-633.124 0.673695 -4.38465 -13.8708 2.37033 -12.2768)
(-741.655 0.702493 -21.3879 -16.5001 0.758783 -9.25508)
(-605.546 -0.948308 -13.2108 -5.54072 0.641677 -15.003)
(-612.187 -1.45968 -10.7948 -6.74658 1.66471 -14.9189)
(-720.376 -0.679375 -27.3966 -6.78693 0.537022 -11.8295)
(-586.477 -1.12894 -19.8842 -2.03006 0.313216 -15.4827)
(-593.178 -2.18402 -17.2486 -2.46351 0.92679 -15.3924)
(-698.46 -1.18677 -34.6132 -1.15138 0.257735 -12.3034)
(-568.027 -1.06057 -26.326 -0.532619 0.0530884 -15.8655)
(-575.017 -2.19962 -23.6359 -0.590147 0.315639 -15.7293)
(-676.434 -1.25615 -41.9313 1.56104 0.0168511 -12.8243)
(-550.224 -0.903573 -32.2824 0.0169278 -0.132173 -16.1351)
(-557.39 -1.93222 -29.6804 0.119671 -0.132244 -15.9591)
(-654.792 -1.14389 -48.82 2.75746 -0.160975 -13.4327)
(-533.049 -0.734797 -37.6497 0.11084 -0.254287 -16.3578)
(-540.31 -1.59295 -35.2221 0.280516 -0.434436 -16.1366)
(-633.845 -0.978168 -55.0776 3.18468 -0.280442 -14.1018)
(-516.444 -0.587049 -42.4157 0.00268399 -0.329289 -16.5765)
(-523.741 -1.27639 -40.2031 0.191511 -0.624668 -16.3152)
(-613.641 -0.817269 -60.6575 3.23546 -0.354948 -14.8204)
(-500.337 -0.47045 -46.6074 -0.175153 -0.371612 -16.8084)
(-507.624 -1.01752 -44.624 0.010509 -0.735767 -16.5164)
(-594.123 -0.683478 -65.5772 3.12288 -0.397896 -15.574)
(-484.659 -0.384353 -50.265 -0.35993 -0.392403 -17.0578)
(-491.904 -0.821732 -48.5107 -0.186199 -0.793975 -16.7456)
(-575.202 -0.581351 -69.8754 2.95528 -0.41999 -16.3487)
(-469.352 -0.323821 -53.4311 -0.525452 -0.399596 -17.3216)
(-476.534 -0.681562 -51.8982 -0.365958 -0.818342 -16.9991)
(-556.792 -0.507679 -73.5955 2.7832 -0.42894 -17.1304)
(-454.373 -0.282911 -56.1453 -0.663776 -0.398532 -17.5926)
(-461.476 -0.585432 -54.8228 -0.517906 -0.821889 -17.2686)
(-538.823 -0.456657 -76.7795 2.62703 -0.42994 -17.9052)
(-439.691 -0.256166 -58.4434 -0.775437 -0.392661 -17.8625)
(-446.704 -0.521828 -57.319 -0.641482 -0.813122 -17.5443)
(-521.244 -0.422348 -79.4662 2.49218 -0.426321 -18.6609)
(-425.286 -0.239162 -60.3569 -0.864241 -0.38413 -18.1227)
(-432.203 -0.481015 -59.4183 -0.740307 -0.797397 -17.8162)
(-504.019 -0.399689 -81.6904 2.37733 -0.420131 -19.3862)
(-411.147 -0.22857 -61.914 -0.934683 -0.374235 -18.3654)
(-417.961 -0.455473 -61.1492 -0.819085 -0.777979 -18.0754)
(-487.128 -0.384769 -83.4836 2.27877 -0.412583 -20.0714)
(-397.268 -0.222023 -63.1399 -0.990817 -0.363733 -18.5835)
(-403.974 -0.439739 -62.5377 -0.882209 -0.756798 -18.3138)
(-470.557 -0.374756 -84.875 2.1925 -0.404367 -20.7083)
(-383.647 -0.217912 -64.0579 -1.03589 -0.353053 -18.771)
(-390.242 -0.430032 -63.6074 -0.933256 -0.734956 -18.5247)
(-454.301 -0.367698 -85.8916 2.11506 -0.395861 -21.2898)
(-370.284 -0.215183 -64.6895 -1.0723 -0.342427 -18.9228)
(-376.765 -0.423841 -64.3805 -0.974925 -0.713065 -18.7022)
(-438.361 -0.362314 -86.5589 2.04381 -0.387264 -21.8103)
(-357.182 -0.213175 -65.0549 -1.10177 -0.331978 -19.0347)
(-363.545 -0.419561 -64.8777 -1.00914 -0.691452 -18.8416)
(-422.735 -0.357795 -86.901 1.97684 -0.378675 -22.2651)
(-344.342 -0.21149 -65.1733 -1.12547 -0.321765 -19.1037)
(-350.586 -0.416207 -65.1185 -1.03724 -0.670279 -18.9394)
(-407.427 -0.353655 -86.9412 1.91287 -0.370141 -22.6507)
(-331.767 -0.209898 -65.0628 -1.14418 -0.311814 -19.1274)
(-337.89 -0.413205 -65.1216 -1.0601 -0.649623 -18.9926)
(-392.439 -0.349617 -86.7015 1.85111 -0.361682 -22.9647)
(-319.458 -0.208278 -64.741 -1.15843 -0.302133 -19.104)
(-325.458 -0.410232 -64.9048 -1.07835 -0.629513 -18.9994)
(-377.772 -0.345534 -86.2033 1.79106 -0.353306 -23.2054)
(-307.417 -0.20657 -64.2244 -1.16859 -0.292722 -19.0329)
(-313.293 -0.407126 -64.485 -1.09237 -0.609954 -18.9584)
(-363.43 -0.341338 -85.4667 1.73243 -0.345015 -23.3723)
(-295.646 -0.204747 -63.5292 -1.17493 -0.283576 -18.9136)
(-301.397 -0.403813 -63.8787 -1.10247 -0.590939 -18.8692)
(-349.412 -0.337006 -84.5115 1.67509 -0.336809 -23.4652)
(-284.143 -0.202806 -62.6704 -1.17764 -0.274687 -18.7466)
(-289.769 -0.400266 -63.1013 -1.10886 -0.572455 -18.7317)
(-335.719 -0.332535 -83.3563 1.61896 -0.328686 -23.4851)
(-272.91 -0.200747 -61.6628 -1.1769 -0.266048 -18.5326)
(-278.41 -0.396485 -62.1679 -1.11172 -0.554486 -18.5465)
(-322.351 -0.327933 -82.0189 1.56401 -0.320646 -23.4332)
(-261.945 -0.198578 -60.5203 -1.17289 -0.257649 -18.273)
(-267.319 -0.392479 -61.0926 -1.11122 -0.537015 -18.3148)
(-309.306 -0.323214 -80.5164 1.51024 -0.312686 -23.3114)
(-251.247 -0.196304 -59.2562 -1.16575 -0.249481 -17.9692)
(-256.496 -0.38826 -59.8892 -1.10751 -0.520023 -18.0378)
(-296.583 -0.318388 -78.8652 1.45765 -0.304806 -23.122)
(-240.815 -0.193931 -57.8833 -1.15564 -0.241535 -17.6233)
(-245.938 -0.383839 -58.5706 -1.10076 -0.503492 -17.7175)
(-284.18 -0.313467 -77.0808 1.40623 -0.297004 -22.8679)
(-230.646 -0.191464 -56.4136 -1.14274 -0.233803 -17.2376)
(-235.644 -0.379226 -57.1493 -1.09111 -0.487403 -17.356)
(-272.095 -0.308459 -75.1779 1.35599 -0.289278 -22.552)
(-220.738 -0.188906 -54.8588 -1.1272 -0.226274 -16.8145)
(-225.613 -0.374429 -55.637 -1.07874 -0.471739 -16.9556)
(-260.324 -0.303371 -73.1705 1.30692 -0.281626 -22.1779)
(-211.089 -0.186261 -53.2295 -1.10919 -0.218942 -16.3567)
(-215.841 -0.369452 -54.045 -1.06382 -0.456482 -16.519)
(-248.864 -0.298207 -71.072 1.25902 -0.274048 -21.7491)
(-201.696 -0.183529 -51.5364 -1.08889 -0.211797 -15.8671)
(-206.326 -0.364299 -52.3839 -1.0465 -0.441615 -16.0489)
(-237.712 -0.292971 -68.895 1.21228 -0.266542 -21.2694)
(-192.556 -0.180713 -49.7891 -1.06645 -0.204831 -15.3485)
(-197.065 -0.358974 -50.6638 -1.02695 -0.427121 -15.5482)
(-226.864 -0.287666 -66.6515 1.16668 -0.259106 -20.7427)
(-183.666 -0.177813 -47.997 -1.04206 -0.198038 -14.8042)
(-188.055 -0.353478 -48.8942 -1.00534 -0.412985 -15.0199)
(-216.316 -0.282294 -64.3528 1.12222 -0.25174 -20.1732)
(-175.023 -0.174831 -46.1689 -1.01588 -0.191409 -14.237)
(-179.294 -0.347814 -47.0842 -0.981845 -0.399192 -14.4671)
(-206.065 -0.276856 -62.0094 1.07888 -0.244444 -19.5649)
(-166.623 -0.171768 -44.313 -0.988079 -0.184939 -13.6502)
(-170.777 -0.341982 -45.2423 -0.956621 -0.385729 -13.893)
(-196.106 -0.271354 -59.6316 1.03665 -0.237217 -18.922)
(-158.463 -0.168625 -42.4372 -0.958813 -0.178621 -13.047)
(-162.502 -0.335986 -43.3766 -0.929832 -0.372582 -13.3006)
(-186.435 -0.265788 -57.2288 0.995522 -0.230059 -18.2487)
(-150.541 -0.165402 -40.5488 -0.928246 -0.172448 -12.4304)
(-154.465 -0.329826 -41.4947 -0.901638 -0.359739 -12.6931)
(-177.048 -0.26016 -54.81 0.955474 -0.222969 -17.5489)
(-142.852 -0.162102 -38.6548 -0.896536 -0.166417 -11.8034)
(-146.663 -0.323506 -39.6037 -0.872196 -0.34719 -12.0736)
(-167.942 -0.254469 -52.3835 0.9165 -0.215949 -16.827)
(-135.394 -0.158726 -36.7617 -0.863835 -0.160521 -11.1692)
(-139.094 -0.317027 -37.7103 -0.841659 -0.334923 -11.4452)
(-159.111 -0.248718 -49.9573 0.878586 -0.208999 -16.0868)
(-128.164 -0.155274 -34.8756 -0.830292 -0.154755 -10.5307)
(-131.753 -0.310392 -35.8209 -0.810176 -0.322929 -10.8109)
(-150.552 -0.242906 -47.5387 0.841721 -0.202118 -15.3323)
(-121.157 -0.151749 -33.0023 -0.796051 -0.149116 -9.89076)
(-124.637 -0.303604 -33.9414 -0.777892 -0.311198 -10.1736)
(-142.261 -0.237034 -45.1348 0.805894 -0.19531 -14.5672)
(-114.372 -0.148152 -31.1471 -0.761251 -0.143598 -9.25216)
(-117.744 -0.296665 -32.0773 -0.744946 -0.299722 -9.53606)
(-134.235 -0.231103 -42.7519 0.771092 -0.188573 -13.7954)
(-107.804 -0.144485 -29.315 -0.726028 -0.138199 -8.6176)
(-111.071 -0.289579 -30.2339 -0.711475 -0.288493 -8.90113)
(-126.469 -0.225114 -40.3962 0.737307 -0.181909 -13.0204)
(-101.452 -0.140749 -27.5108 -0.690511 -0.132915 -7.98965)
(-104.613 -0.282349 -28.4159 -0.677609 -0.277503 -8.27141)
(-118.959 -0.219067 -38.0734 0.704526 -0.175319 -12.2456)
(-95.3126 -0.136946 -25.7387 -0.654825 -0.127741 -7.37074)
(-98.3698 -0.274977 -26.628 -0.643475 -0.266746 -7.64941)
(-111.704 -0.212962 -35.7888 0.672739 -0.168804 -11.4742)
(-89.3826 -0.133078 -24.003 -0.619088 -0.122676 -6.76323)
(-92.3371 -0.267469 -24.8743 -0.609193 -0.256216 -7.03753)
(-104.698 -0.206802 -33.5471 0.641936 -0.162366 -10.7095)
(-83.6599 -0.129147 -22.3072 -0.583414 -0.117716 -6.1693)
(-86.5127 -0.259826 -23.1587 -0.574877 -0.245906 -6.43805)
(-97.9391 -0.200585 -31.3531 0.612105 -0.156005 -9.95446)
(-78.1418 -0.125154 -20.655 -0.547911 -0.112858 -5.59104)
(-80.894 -0.252052 -21.4849 -0.540639 -0.235811 -5.85311)
(-91.4241 -0.194313 -29.2109 0.583237 -0.149723 -9.2118)
(-72.826 -0.121101 -19.0497 -0.512682 -0.1081 -5.03038)
(-75.4787 -0.244152 -19.8563 -0.506582 -0.225925 -5.28472)
(-85.1499 -0.187987 -27.1245 0.555318 -0.14352 -8.4842)
(-67.7103 -0.116991 -17.494 -0.477823 -0.103439 -4.48913)
(-70.2644 -0.236129 -18.276 -0.472806 -0.216243 -4.73477)
(-79.1138 -0.181607 -25.0975 0.528338 -0.137398 -7.77413)
(-62.7927 -0.112825 -15.991 -0.443426 -0.0988737 -3.96898)
(-65.2491 -0.227986 -16.7468 -0.439405 -0.206761 -4.205)
(-73.3132 -0.175175 -23.1331 0.502287 -0.131358 -7.08393)
(-58.071 -0.108605 -14.5429 -0.409576 -0.0944007 -3.47146)
(-60.4306 -0.219727 -15.2715 -0.406466 -0.197475 -3.69703)
(-67.7457 -0.168691 -21.2346 0.477153 -0.1254 -6.41572)
(-53.5434 -0.104332 -13.1523 -0.376352 -0.0900185 -2.99799)
(-55.8071 -0.211356 -13.8523 -0.374071 -0.18838 -3.21234)
(-62.409 -0.162156 -19.4046 0.452924 -0.119526 -5.77149)
(-49.2083 -0.100009 -11.8212 -0.343827 -0.0857248 -2.54986)
(-51.3767 -0.202877 -12.4916 -0.342297 -0.179471 -2.75229)
(-57.3008 -0.155571 -17.6457 0.429591 -0.113736 -5.15306)
(-45.0639 -0.0956381 -10.5515 -0.312065 -0.0815178 -2.12823)
(-47.1378 -0.194294 -11.1914 -0.311211 -0.170746 -2.31812)
(-52.4192 -0.148936 -15.9602 0.407142 -0.108031 -4.5621)
(-41.1087 -0.0912201 -9.34493 -0.281129 -0.0773956 -1.73414)
(-43.0888 -0.185609 -9.95348 -0.280877 -0.1622 -1.91091)
(-47.7623 -0.142253 -14.3503 0.385559 -0.102411 -4.00012)
(-37.3413 -0.0867567 -8.20312 -0.251074 -0.0733561 -1.36852)
(-39.2282 -0.176827 -8.77948 -0.251356 -0.15383 -1.53167)
(-43.3284 -0.135523 -12.8178 0.364821 -0.096877 -3.46847)
(-33.7604 -0.0822479 -7.12743 -0.221947 -0.0693975 -1.03218)
(-35.5546 -0.167948 -7.67092 -0.2227 -0.145631 -1.18127)
(-39.1158 -0.128746 -11.3645 0.344934 -0.0914294 -2.96838)
(-30.3648 -0.0776922 -6.11913 -0.193786 -0.0655164 -0.725844)
(-32.0669 -0.158973 -6.62911 -0.194951 -0.1376 -0.860475)
(-35.1232 -0.12192 -9.99188 0.325932 -0.0860677 -2.5009)
(-27.1535 -0.073087 -5.17932 -0.16662 -0.0617083 -0.450129)
(-28.7639 -0.149897 -5.65524 -0.168148 -0.129728 -0.569965)
(-31.3491 -0.115042 -8.70124 0.307786 -0.0807892 -2.067)
(-24.1253 -0.0684276 -4.309 -0.140453 -0.057967 -0.205544)
(-25.6445 -0.140715 -4.75035 -0.142308 -0.122006 -0.310295)
(-27.7924 -0.108107 -7.4938 0.290495 -0.0755901 -1.66753)
(-21.2794 -0.0637036 -3.50901 -0.115271 -0.0542825 0.00746802)
(-22.7078 -0.131412 -3.91536 -0.11743 -0.114419 -0.0819415)
(-24.4519 -0.101106 -6.37062 0.274097 -0.070464 -1.30318)
(-18.615 -0.0588987 -2.78012 -0.0910416 -0.0506411 0.188528)
(-19.9529 -0.121964 -3.15107 -0.0934981 -0.106944 0.114686)
(-21.3268 -0.094023 -5.33261 0.258625 -0.0654006 -0.974586)
(-16.1314 -0.053986 -2.12301 -0.0677035 -0.0470223 0.337296)
(-17.379 -0.11233 -2.45818 -0.0704712 -0.0995504 0.279235)
(-18.416 -0.0868344 -4.3806 0.244158 -0.0603844 -0.682298)
(-13.8279 -0.0489279 -1.53831 -0.0451701 -0.0433973 0.45345)
(-14.9854 -0.102448 -1.83731 -0.0482827 -0.0921905 0.411392)
(-15.7191 -0.0795013 -3.51534 0.230791 -0.0553906 -0.426813)
(-11.704 -0.0436751 -1.02658 -0.0233345 -0.0397281 0.536649)
(-12.7716 -0.0922345 -1.28903 -0.0268387 -0.0848001 0.510844)
(-13.2354 -0.0719713 -2.73755 0.218646 -0.0503853 -0.208617)
(-9.75919 -0.038168 -0.588413 -0.0021029 -0.0359702 0.586491)
(-10.7368 -0.0815802 -0.813855 -0.00603433 -0.0772978 0.577249)
(-10.9645 -0.0641771 -2.048 0.207848 -0.0453246 -0.0282328)
(-7.99285 -0.0323486 -0.224395 0.0185313 -0.0320806 0.602458)
(-8.88056 -0.0703643 -0.412292 0.0142022 -0.0695929 0.61018)
(-8.90645 -0.0560422 -1.4475 0.19846 -0.0401593 0.11371)
(-6.40421 -0.0261866 0.0648919 0.0383416 -0.0280372 0.583857)
(-7.20202 -0.058487 -0.0848327 0.0338162 -0.0616101 0.609064)
(-7.06115 -0.0475006 -0.937076 0.190376 -0.0348476 0.216384)
(-4.99187 -0.0197295 0.278958 0.0566102 -0.0238752 0.529797)
(-5.70008 -0.0459441 0.168084 0.05244 -0.0533405 0.573124)
(-5.42875 -0.0385389 -0.517968 0.183089 -0.0293822 0.278648)
(-3.7532 -0.0131795 0.417606 0.0717929 -0.0197368 0.439319)
(-4.3728 -0.0329597 0.346197 0.0690831 -0.0449293 0.501389)
(-4.00916 -0.0292708 -0.191715 0.17532 -0.0238353 0.298913)
(-2.68346 -0.00697641 0.481532 0.0810954 -0.0159254 0.312077)
(-3.21674 -0.0201743 0.449774 0.0817482 -0.0367854 0.393068)
(-2.80165 -0.0200406 0.0399554 0.164437 -0.018412 0.275092)
(-1.77515 -0.00185796 0.473955 0.0798891 -0.0129461 0.150306)
(-2.22628 -0.00884619 0.480718 0.0868646 -0.0296997 0.24889)
(-1.80455 -0.0115322 0.175816 0.145728 -0.0134939 0.205027)
(-1.01642 0.0012745 0.398869 0.0695413 -0.0114415 -0.0299164)
(-1.39488 -0.000928494 0.442675 0.0799767 -0.0248955 0.0744174)
(-1.01486 -0.0048095 0.21646 0.113422 -0.00961179 0.0896305)
(-0.40051 0.00291514 0.244383 0.099889 -0.011789 -0.146712)
(-0.721364 0.00251991 0.331865 0.075524 -0.0232964 -0.0969931)
(-0.436356 -0.000739527 0.165249 0.0690576 -0.00713599 -0.0489937)
(-0.214262 0.00642701 0.141266 0.156185 -0.0245035 -0.119347)
(-0.106293 0.00167369 0.0343429 0.0528892 -0.00618145 -0.100377)
(-677.381 30.8516 40.1053 -113.613 3.02612 -64.0651)
(-650.612 67.9334 54.9963 -169.214 4.59628 -129.472)
(-790.181 55.397 93.2469 -184.157 2.42477 -97.1171)
(-663.309 11.0829 8.46315 -28.7914 3.29277 0.7069)
(-646.909 23.8941 18.7376 -34.1339 4.57309 -3.36195)
(-757.03 24.7893 6.36989 -58.789 0.534047 6.01436)
(-639.283 2.40103 -2.36413 -14.5523 3.22547 -7.78987)
(-640.009 5.90359 0.145042 -9.53287 4.56774 -2.44282)
(-752.561 8.13107 -16.812 -21.3147 1.68295 1.16491)
(-618.536 -1.51847 -8.22468 -8.96711 2.52 -14.5194)
(-620.982 -0.914052 -7.13188 -7.53938 3.7591 -13.4249)
(-735.38 0.668228 -22.2734 -11.3572 1.83571 -10.0679)
(-599.463 -2.98238 -14.1482 -3.90884 1.56542 -15.4253)
(-601.482 -3.5036 -12.414 -3.63948 2.47175 -15.4774)
(-713.941 -2.49548 -28.0366 -4.19807 1.23303 -12.1681)
(-581.354 -3.17185 -20.3012 -1.35611 0.692252 -15.6703)
(-584.431 -4.05221 -17.9586 -1.1656 1.22844 -15.6483)
(-692.788 -3.4763 -34.9248 -0.0815031 0.499978 -12.4924)
(-563.928 -2.82648 -26.3405 -0.337794 0.0193719 -15.8739)
(-568.156 -3.70092 -23.6641 -0.202455 0.248231 -15.7406)
(-671.812 -3.43943 -41.9447 1.81203 -0.114766 -12.9096)
(-547.038 -2.32369 -32.0155 -0.00766165 -0.44895 -16.0073)
(-552.147 -3.05991 -29.2424 0.0905404 -0.44307 -15.7659)
(-651.196 -3.01865 -48.6138 2.59526 -0.558964 -13.4277)
(-530.607 -1.83498 -37.2002 0.00226479 -0.750637 -16.1308)
(-536.354 -2.40352 -34.4878 0.0899714 -0.892664 -15.7861)
(-631.116 -2.51566 -54.728 2.83365 -0.851328 -14.0245)
(-514.575 -1.42745 -41.855 -0.122278 -0.930943 -16.2795)
(-520.76 -1.84258 -39.2926 -0.0328384 -1.16409 -15.8494)
(-611.592 -2.0601 -60.2222 2.81603 -1.02937 -14.6887)
(-498.896 -1.11597 -45.9834 -0.286258 -1.02869 -16.4635)
(-505.359 -1.40778 -43.6159 -0.190176 -1.31375 -15.9693)
(-592.582 -1.69565 -65.095 2.69563 -1.12864 -15.4032)
(-483.531 -0.891796 -49.6084 -0.446494 -1.073 -16.6811)
(-490.154 -1.09218 -47.4542 -0.342636 -1.38443 -16.1431)
(-574.03 -1.42503 -69.3704 2.54746 -1.17678 -16.1505)
(-468.451 -0.737971 -52.7609 -0.586258 -1.08416 -16.9245)
(-475.153 -0.874538 -50.8229 -0.475447 -1.40609 -16.36)
(-555.884 -1.23434 -73.082 2.40462 -1.19324 -16.9132)
(-453.638 -0.63673 -55.4729 -0.701606 -1.07561 -17.1831)
(-460.362 -0.731112 -53.746 -0.585355 -1.39854 -16.6061)
(-538.104 -1.10527 -76.2658 2.27901 -1.19092 -17.6753)
(-439.08 -0.572696 -57.7756 -0.794267 -1.05584 -17.4458)
(-445.786 -0.640742 -56.2508 -0.674131 -1.37438 -16.8676)
(-520.659 -1.02064 -78.9567 2.17243 -1.17792 -18.4223)
(-424.771 -0.533808 -59.6978 -0.867939 -1.03009 -17.7026)
(-431.433 -0.586558 -58.3647 -0.745265 -1.34132 -17.1317)
(-503.533 -0.966419 -81.1876 2.08248 -1.15915 -19.1419)
(-410.707 -0.51121 -61.266 -0.926507 -1.00146 -17.9444)
(-417.309 -0.556025 -60.1136 -0.802374 -1.30394 -17.3874)
(-486.717 -0.932056 -82.989 2.0055 -1.13743 -19.8236)
(-396.891 -0.498709 -62.5046 -0.973321 -0.971715 -18.1633)
(-403.419 -0.5403 -61.5224 -0.848554 -1.26484 -17.6254)
(-470.205 -0.910063 -84.3895 1.93796 -1.11435 -20.4583)
(-383.324 -0.492158 -63.4363 -1.01099 -0.94184 -18.3529)
(-389.77 -0.533402 -62.6139 -0.886217 -1.22548 -17.8381)
(-454 -0.895373 -85.4158 1.87701 -1.09076 -21.0387)
(-370.01 -0.488882 -64.0824 -1.04143 -0.912356 -18.5076)
(-376.366 -0.531445 -63.4099 -0.917127 -1.18662 -18.0191)
(-438.102 -0.8847 -86.0933 1.82049 -1.06707 -21.5589)
(-356.951 -0.487223 -64.4628 -1.06597 -0.883525 -18.6233)
(-363.213 -0.531994 -63.9307 -0.942525 -1.14863 -18.1633)
(-422.514 -0.876005 -86.4462 1.76692 -1.04349 -22.0139)
(-344.152 -0.486196 -64.5965 -1.08554 -0.855463 -18.6965)
(-350.316 -0.533587 -64.1958 -0.963259 -1.11168 -18.2669)
(-407.241 -0.86808 -86.4974 1.71533 -1.02011 -22.4004)
(-331.614 -0.485246 -64.5016 -1.10076 -0.828214 -18.7249)
(-337.676 -0.535386 -64.2236 -0.979903 -1.07584 -18.3268)
(-392.285 -0.86025 -86.269 1.66509 -0.996958 -22.7156)
(-319.341 -0.484082 -64.1956 -1.11203 -0.801783 -18.7067)
(-325.299 -0.53694 -64.0318 -0.992849 -1.04112 -18.341)
(-377.649 -0.85217 -85.7823 1.61585 -0.974038 -22.958)
(-307.333 -0.482564 -63.6949 -1.11967 -0.776157 -18.641)
(-313.184 -0.538027 -63.6372 -1.00237 -1.00749 -18.3082)
(-363.335 -0.843686 -85.0575 1.56743 -0.95135 -23.1268)
(-295.592 -0.48064 -63.0155 -1.12388 -0.751313 -18.5276)
(-301.334 -0.538552 -63.056 -1.00867 -0.974915 -18.2277)
(-349.344 -0.834749 -84.1141 1.51973 -0.928886 -23.2221)
(-284.118 -0.478301 -62.1726 -1.12484 -0.727223 -18.3667)
(-289.75 -0.538493 -62.3037 -1.01191 -0.943366 -18.0996)
(-335.675 -0.825367 -82.9707 1.47271 -0.906642 -23.2445)
(-272.912 -0.47556 -61.1807 -1.12272 -0.703861 -18.1591)
(-278.432 -0.537855 -61.3952 -1.01223 -0.9128 -17.9242)
(-322.33 -0.815567 -81.6452 1.42638 -0.884611 -23.1954)
(-261.971 -0.472433 -60.0538 -1.11764 -0.681196 -17.9059)
(-267.379 -0.53666 -60.3447 -1.00978 -0.883174 -17.7027)
(-309.307 -0.805386 -80.1546 1.38073 -0.862786 -23.0766)
(-251.296 -0.468939 -58.8051 -1.10977 -0.659198 -17.6089)
(-256.59 -0.534931 -59.1657 -1.00468 -0.854448 -17.4364)
(-296.604 -0.794857 -78.5151 1.3358 -0.841162 -22.8905)
(-240.885 -0.465095 -57.4474 -1.09925 -0.63784 -17.27)
(-246.065 -0.532688 -57.8712 -0.997062 -0.826583 -17.1272)
(-284.22 -0.78401 -76.7423 1.29159 -0.819734 -22.6398)
(-230.735 -0.460913 -55.9927 -1.08621 -0.617092 -16.8914)
(-235.8 -0.529948 -56.4736 -0.987064 -0.799537 -16.777)
(-272.151 -0.772868 -74.8509 1.24812 -0.798497 -22.3275)
(-220.845 -0.456405 -54.4524 -1.07082 -0.596927 -16.4755)
(-225.796 -0.526727 -54.9846 -0.974823 -0.773273 -16.3883)
(-260.396 -0.76145 -72.8549 1.2054 -0.777445 -21.9571)
(-211.212 -0.451578 -52.8376 -1.05323 -0.577317 -16.0251)
(-216.048 -0.523035 -53.4155 -0.960475 -0.747753 -15.9636)
(-248.95 -0.74977 -70.7675 1.16344 -0.756575 -21.5322)
(-201.833 -0.44644 -51.1586 -1.03358 -0.558238 -15.5429)
(-206.555 -0.518881 -51.7767 -0.94416 -0.722942 -15.5056)
(-237.811 -0.737837 -68.6015 1.12225 -0.735884 -21.0565)
(-192.706 -0.440995 -49.4251 -1.01203 -0.539664 -15.0319)
(-197.314 -0.514274 -50.0785 -0.926017 -0.698806 -15.0172)
(-226.975 -0.725661 -66.3687 1.08183 -0.715367 -20.534)
(-183.827 -0.435248 -47.6464 -0.988743 -0.521574 -14.4951)
(-188.322 -0.50922 -48.3303 -0.906187 -0.675313 -14.5014)
(-216.438 -0.713248 -64.0805 1.04219 -0.695024 -19.9687)
(-175.194 -0.429205 -45.8314 -0.963857 -0.503944 -13.9356)
(-179.577 -0.503726 -46.5412 -0.884808 -0.652433 -13.9612)
(-206.196 -0.700602 -61.7474 1.00334 -0.674854 -19.3647)
(-166.803 -0.42287 -43.9884 -0.937527 -0.486755 -13.3566)
(-171.074 -0.497799 -44.7197 -0.862016 -0.630137 -13.3998)
(-196.245 -0.687728 -59.3797 0.965269 -0.654856 -18.7262)
(-158.652 -0.416249 -42.1251 -0.909899 -0.469987 -12.7611)
(-162.811 -0.491447 -42.8739 -0.837947 -0.6084 -12.8202)
(-186.582 -0.674629 -56.9867 0.927991 -0.635031 -18.0573)
(-150.736 -0.409346 -40.2489 -0.881118 -0.453622 -12.1522)
(-154.784 -0.484677 -41.0114 -0.812734 -0.587197 -12.2257)
(-177.202 -0.661309 -54.5774 0.891508 -0.61538 -17.3621)
(-143.053 -0.402167 -38.3668 -0.851326 -0.437645 -11.533)
(-146.991 -0.477496 -39.1393 -0.786506 -0.566504 -11.6191)
(-168.1 -0.647771 -52.1603 0.855821 -0.595906 -16.6447)
(-135.6 -0.394718 -36.4852 -0.820661 -0.42204 -10.9066)
(-139.429 -0.469914 -37.2643 -0.759393 -0.546302 -11.0037)
(-159.274 -0.634017 -49.7431 0.820935 -0.576611 -15.9091)
(-128.373 -0.387005 -34.6104 -0.789256 -0.406791 -10.2758)
(-132.094 -0.461939 -35.3928 -0.731516 -0.526569 -10.3824)
(-150.719 -0.620051 -47.3335 0.786853 -0.557497 -15.1592)
(-121.369 -0.379034 -32.7481 -0.757242 -0.391887 -9.64367)
(-124.982 -0.453579 -33.5308 -0.702999 -0.507289 -9.75808)
(-142.431 -0.605874 -44.9382 0.753577 -0.538569 -14.3989)
(-114.586 -0.370811 -30.9036 -0.724744 -0.377314 -9.01282)
(-118.092 -0.444845 -31.6837 -0.673956 -0.488445 -9.13359)
(-134.407 -0.59149 -42.5638 0.721111 -0.51983 -13.6318)
(-108.02 -0.362343 -29.0819 -0.691886 -0.363061 -8.38599)
(-111.421 -0.435745 -29.8569 -0.644502 -0.47002 -8.51166)
(-126.643 -0.5769 -40.2163 0.689457 -0.501285 -12.8615)
(-101.668 -0.353637 -27.2878 -0.658783 -0.349117 -7.76574)
(-104.964 -0.426289 -28.0551 -0.614747 -0.452001 -7.8949)
(-119.135 -0.562109 -37.9015 0.658616 -0.482937 -12.0915)
(-95.5282 -0.344699 -25.5257 -0.625549 -0.335473 -7.15451)
(-98.7204 -0.416487 -26.2829 -0.584795 -0.434374 -7.28585)
(-111.879 -0.547117 -35.6246 0.628591 -0.464792 -11.3249)
(-89.5975 -0.335535 -23.7996 -0.59229 -0.32212 -6.55465)
(-92.6865 -0.406348 -24.5445 -0.554748 -0.417127 -6.68687)
(-104.874 -0.531929 -33.3906 0.599384 -0.446853 -10.5651)
(-83.8733 -0.326154 -22.1132 -0.559111 -0.309048 -5.96834)
(-86.8599 -0.395884 -22.844 -0.524701 -0.400249 -6.10025)
(-98.1141 -0.516545 -31.204 0.570994 -0.429126 -9.8148)
(-78.3533 -0.316562 -20.4702 -0.526108 -0.29625 -5.39767)
(-81.2382 -0.385103 -21.1848 -0.494748 -0.383729 -5.52811)
(-91.5979 -0.50097 -29.0691 0.543422 -0.411615 -9.07697)
(-73.035 -0.306766 -18.8738 -0.493374 -0.283718 -4.84456)
(-75.819 -0.374017 -19.5705 -0.464976 -0.367558 -4.97247)
(-85.3222 -0.485206 -26.9898 0.516668 -0.394324 -8.35422)
(-67.9164 -0.296773 -17.327 -0.460997 -0.271446 -4.31084)
(-70.6002 -0.362634 -18.0042 -0.435468 -0.351726 -4.43521)
(-79.2842 -0.469256 -24.9696 0.490731 -0.377258 -7.64902)
(-62.9954 -0.286589 -15.8325 -0.429061 -0.259426 -3.79817)
(-65.5796 -0.350967 -16.4887 -0.406304 -0.336224 -3.91808)
(-73.4813 -0.453122 -23.0121 0.465609 -0.36042 -6.96368)
(-58.2699 -0.276222 -14.3929 -0.397641 -0.247653 -3.3081)
(-60.7552 -0.339024 -15.0268 -0.377557 -0.321046 -3.42268)
(-67.9112 -0.436808 -21.1201 0.441301 -0.343816 -6.30035)
(-53.7382 -0.265679 -13.0105 -0.366812 -0.236121 -2.84206)
(-56.1252 -0.326815 -13.6208 -0.349298 -0.306183 -2.95051)
(-62.5715 -0.420317 -19.2966 0.417803 -0.327447 -5.66102)
(-49.3985 -0.254965 -11.6874 -0.336636 -0.224824 -2.40132)
(-51.6878 -0.314351 -12.273 -0.321588 -0.291629 -2.50291)
(-57.46 -0.403653 -17.544 0.395114 -0.311319 -5.04749)
(-45.2493 -0.24409 -10.4257 -0.307175 -0.213757 -1.98704)
(-47.4414 -0.301642 -10.9854 -0.294485 -0.277377 -2.08112)
(-52.5749 -0.386817 -15.8648 0.373232 -0.295432 -4.46144)
(-41.2891 -0.233057 -9.22692 -0.278484 -0.202915 -1.60028)
(-43.3844 -0.288698 -9.75996 -0.268045 -0.26342 -1.68624)
(-47.9142 -0.369815 -14.261 0.352146 -0.279791 -3.90437)
(-37.5163 -0.221875 -8.09279 -0.250617 -0.192292 -1.24196)
(-39.5154 -0.275528 -8.59824 -0.242318 -0.249752 -1.31927)
(-43.4764 -0.352649 -12.7345 0.331841 -0.264397 -3.37765)
(-33.9299 -0.210544 -7.02467 -0.223615 -0.181884 -0.912893)
(-35.8332 -0.26214 -7.50177 -0.217351 -0.236368 -0.981067)
(-39.2596 -0.335324 -11.2871 0.312332 -0.249254 -2.88248)
(-30.5286 -0.199063 -6.02384 -0.197516 -0.171683 -0.613807)
(-32.3364 -0.248535 -6.4719 -0.193182 -0.223262 -0.672422)
(-35.2627 -0.317834 -9.92031 0.293646 -0.234362 -2.41995)
(-27.3113 -0.187429 -5.0914 -0.172346 -0.161678 -0.345305)
(-29.024 -0.234714 -5.50981 -0.169847 -0.210422 -0.394)
(-31.4841 -0.300173 -8.63541 0.275761 -0.219714 -1.99101)
(-24.277 -0.175632 -4.22833 -0.148114 -0.151853 -0.107901)
(-25.895 -0.220672 -4.61656 -0.147363 -0.197834 -0.146357)
(-27.9227 -0.282331 -7.43363 0.258679 -0.205305 -1.59648)
(-21.4248 -0.163646 -3.4355 -0.124813 -0.142185 0.0979691)
(-22.9484 -0.206392 -3.79307 -0.125739 -0.185477 0.0700322)
(-24.5774 -0.264286 -6.31601 0.24243 -0.191118 -1.23709)
(-18.7539 -0.151431 -2.71364 -0.102424 -0.132638 0.271933)
(-20.1834 -0.191839 -3.04013 -0.104971 -0.17332 0.254767)
(-21.4472 -0.246 -5.28346 0.227056 -0.177128 -0.91343)
(-16.2635 -0.138922 -2.06342 -0.0809015 -0.123162 0.41367)
(-17.599 -0.176955 -2.35841 -0.08504 -0.161312 0.40751)
(-18.5312 -0.227411 -4.33678 0.212601 -0.163297 -0.626055)
(-13.953 -0.126021 -1.48538 -0.0601744 -0.113681 0.522887)
(-15.1947 -0.161644 -1.74849 -0.0659061 -0.149384 0.52797)
(-15.8288 -0.208422 -3.47667 0.199148 -0.149563 -0.375433)
(-11.8216 -0.112592 -0.980052 -0.0401518 -0.104097 0.599279)
(-12.9695 -0.14577 -1.21084 -0.0475065 -0.137434 0.615873)
(-13.3391 -0.188894 -2.7038 0.186801 -0.135838 -0.162016)
(-9.86874 -0.0984671 -0.547901 -0.0207427 -0.0942851 0.642486)
(-10.9227 -0.129144 -0.745866 -0.0297611 -0.125327 0.670928)
(-11.0618 -0.168641 -2.01883 0.175671 -0.122004 0.0137169)
(-8.09359 -0.0834646 -0.189393 -0.00190714 -0.0841171 0.652034)
(-9.05345 -0.111537 -0.353899 -0.0125952 -0.112901 0.692767)
(-8.99641 -0.147441 -1.42247 0.165834 -0.107921 0.151179)
(-6.49515 -0.0674522 0.0950127 0.0162327 -0.0735042 0.627264)
(-7.36056 -0.0927205 -0.0352157 0.00401141 -0.0999971 0.680884)
(-7.14277 -0.125077 -0.915639 0.157251 -0.0934563 0.249583)
(-5.07185 -0.0504794 0.304902 0.0331765 -0.0624892 0.567295)
(-5.84244 -0.0725749 0.209978 0.0199099 -0.0865321 0.634569)
(-5.50075 -0.101443 -0.499486 0.149592 -0.0785487 0.307794)
(-3.82105 -0.0330143 0.440048 0.0477193 -0.0513918 0.471172)
(-4.49673 -0.0513298 0.381604 0.0345602 -0.0726452 0.552923)
(-4.07023 -0.0767439 -0.175566 0.141915 -0.0633296 0.324176)
(-2.73828 -0.0162704 0.50091 0.0574604 -0.0409925 0.338656)
(-3.31983 -0.0299903 0.479949 0.0466819 -0.0589178 0.435301)
(-2.85075 -0.0518354 0.0542303 0.132119 -0.0482895 0.296566)
(-1.81662 -0.00259526 0.490129 0.0580052 -0.0327176 0.172563)
(-2.30654 -0.0109704 0.506522 0.0535795 -0.0466644 0.282973)
(-1.84143 -0.0286676 0.188321 0.116125 -0.03444 0.222914)
(-1.04496 0.00466897 0.41116 0.0490259 -0.0284577 -0.0105935)
(-1.45122 0.0012884 0.464282 0.0508061 -0.0381632 0.102938)
(-1.04016 -0.0106392 0.226905 0.0884362 -0.0232488 0.104858)
(-0.415551 0.00631041 0.251729 0.0740358 -0.0290656 -0.131409)
(-0.754257 0.00302924 0.348919 0.0464704 -0.0351077 -0.0727288)
(-0.450956 -0.00106323 0.172907 0.0481861 -0.0155301 -0.0356419)
(-0.227532 0.00521308 0.146041 0.110232 -0.0346548 -0.107321)
(-0.112384 0.00293952 0.0346829 0.0302288 -0.0108166 -0.0907872)
(-666.629 40.8111 26.3838 -62.3188 4.08196 -49.6949)
(-668.189 98.5726 25.6701 -84.6836 6.71512 -99.692)
(-777.972 89.0331 70.8376 -121.519 3.06974 -84.7296)
(-644.477 10.3358 1.26909 -2.03315 4.17432 1.51391)
(-625.902 18.66 3.08241 3.6946 5.84835 -6.79092)
(-746.778 30.6554 -0.785921 -16.007 0.705112 7.47835)
(-619.672 0.397564 -6.69667 -3.36324 3.81364 -9.27124)
(-612.383 -0.0749217 -7.71375 4.83663 4.67407 -5.84082)
(-735.945 7.4968 -19.2889 -2.44825 2.03456 -0.194855)
(-601.434 -3.32628 -10.884 -3.93385 2.72531 -15.1551)
(-595.601 -3.39154 -11.0927 -0.812448 3.22877 -13.448)
(-717.317 -1.05706 -23.8151 -3.10332 1.81771 -10.6878)
(-585.633 -4.25643 -15.4432 -1.82587 1.49893 -15.5875)
(-581.23 -4.17296 -13.9867 -0.627453 1.79756 -14.5785)
(-698.316 -4.03057 -28.8775 -0.706153 0.955945 -12.3896)
(-570.637 -3.93127 -20.5464 -0.771862 0.468247 -15.5534)
(-568.924 -3.82247 -17.9632 -0.0778272 0.633799 -14.4417)
(-680.422 -4.54073 -35.0383 0.972829 0.0984234 -12.5782)
(-555.827 -3.203 -25.8608 -0.445078 -0.28584 -15.5094)
(-556.508 -3.02806 -22.6904 0.0251809 -0.207268 -14.2688)
(-662.427 -4.08186 -41.5017 1.64404 -0.576271 -12.8515)
(-540.986 -2.43724 -31.0736 -0.392623 -0.786548 -15.4414)
(-543.475 -2.20079 -27.6958 -0.0242877 -0.760072 -14.0965)
(-644.241 -3.35021 -47.8116 1.86155 -1.04222 -13.2271)
(-526.089 -1.77785 -35.9832 -0.454981 -1.09195 -15.4136)
(-529.872 -1.49515 -32.6292 -0.117102 -1.09178 -13.9833)
(-626.015 -2.63526 -53.7178 1.88188 -1.3332 -13.7057)
(-511.173 -1.26683 -40.4855 -0.556645 -1.26117 -15.4536)
(-515.838 -0.953427 -37.2799 -0.21561 -1.27113 -13.9601)
(-607.847 -2.0447 -59.1032 1.82214 -1.49831 -14.2794)
(-496.289 -0.897871 -44.5373 -0.661122 -1.3414 -15.5624)
(-501.531 -0.567421 -41.5396 -0.30373 -1.35275 -14.0268)
(-589.8 -1.60053 -63.9269 1.73984 -1.58048 -14.9278)
(-481.487 -0.646188 -48.1312 -0.75412 -1.36635 -15.73)
(-487.089 -0.308996 -45.364 -0.377443 -1.37495 -14.1699)
(-571.922 -1.28736 -68.1868 1.65958 -1.6112 -15.6279)
(-466.808 -0.48352 -51.2788 -0.831579 -1.35855 -15.9412)
(-472.624 -0.146692 -48.7451 -0.437423 -1.36281 -14.3711)
(-554.244 -1.07782 -71.9009 1.58998 -1.61162 -16.3576)
(-452.285 -0.384553 -54.001 -0.893899 -1.33233 -16.1802)
(-458.216 -0.0527456 -51.6945 -0.48574 -1.33197 -14.6113)
(-536.791 -0.944291 -75.0965 1.5325 -1.59511 -17.0967)
(-437.943 -0.329062 -56.3226 -0.943189 -1.29646 -16.4321)
(-443.927 -0.00518876 -54.2329 -0.524688 -1.29181 -14.8737)
(-519.58 -0.863494 -77.8039 1.48555 -1.5697 -17.8278)
(-423.802 -0.301993 -58.2689 -0.9819 -1.25611 -16.6842)
(-429.796 0.0122139 -56.3846 -0.556302 -1.24772 -15.1435)
(-502.628 -0.817566 -80.0538 1.44664 -1.54 -18.5366)
(-409.875 -0.29271 -59.8643 -1.01223 -1.2142 -16.9255)
(-415.854 0.0108747 -58.174 -0.582196 -1.20265 -15.4086)
(-485.946 -0.793646 -81.8757 1.41334 -1.50849 -19.211)
(-396.176 -0.294009 -61.1323 -1.03594 -1.17233 -17.1472)
(-402.122 -0.00150648 -59.6252 -0.603572 -1.15815 -15.659)
(-469.544 -0.782915 -83.2978 1.38364 -1.47648 -19.8412)
(-382.712 -0.301189 -62.0949 -1.05433 -1.13131 -17.3418)
(-388.612 -0.0199215 -60.7607 -0.621286 -1.11498 -15.8865)
(-453.432 -0.779578 -84.3467 1.35607 -1.44455 -20.4191)
(-369.491 -0.311299 -62.773 -1.06835 -1.09153 -17.5035)
(-375.337 -0.0412275 -61.6019 -0.635932 -1.07345 -16.0847)
(-437.617 -0.779979 -85.0477 1.32959 -1.41297 -20.9385)
(-356.518 -0.322554 -63.1863 -1.07864 -1.05313 -17.6276)
(-362.303 -0.0635251 -62.1691 -0.647917 -1.03365 -16.2483)
(-422.105 -0.781913 -85.4249 1.30351 -1.3818 -21.3941)
(-343.799 -0.333921 -63.3536 -1.08565 -1.01617 -17.7107)
(-349.517 -0.0857152 -62.4813 -0.65752 -0.99557 -16.3732)
(-406.902 -0.784113 -85.5011 1.27743 -1.35106 -21.7823)
(-331.336 -0.344839 -63.2928 -1.08968 -0.980615 -17.7499)
(-336.984 -0.107195 -62.5567 -0.664934 -0.959156 -16.4564)
(-392.012 -0.785902 -85.2984 1.25112 -1.32071 -22.1004)
(-319.133 -0.355025 -63.0211 -1.09097 -0.946425 -17.7437)
(-324.705 -0.12766 -62.4128 -0.670302 -0.924328 -16.4955)
(-377.438 -0.786953 -84.8377 1.22445 -1.29073 -22.3466)
(-307.191 -0.364355 -62.5548 -1.08966 -0.913544 -17.6909)
(-312.685 -0.146975 -62.0662 -0.673732 -0.891004 -16.4892)
(-363.181 -0.78714 -84.1393 1.1974 -1.26108 -22.52)
(-295.512 -0.372793 -61.9098 -1.08591 -0.881914 -17.5912)
(-300.923 -0.165096 -61.5328 -0.67532 -0.859104 -16.4367)
(-349.244 -0.786443 -83.2225 1.16996 -1.23173 -22.6207)
(-284.096 -0.380344 -61.101 -1.07982 -0.851476 -17.4447)
(-289.422 -0.182028 -60.8281 -0.675146 -0.82855 -16.338)
(-335.627 -0.784891 -82.1057 1.14218 -1.20266 -22.6493)
(-272.943 -0.387031 -60.1431 -1.0715 -0.822172 -17.2522)
(-278.182 -0.197792 -59.9667 -0.673292 -0.799266 -16.1933)
(-322.329 -0.782533 -80.8068 1.11408 -1.17386 -22.607)
(-262.052 -0.392881 -59.0497 -1.06107 -0.793942 -17.0148)
(-267.201 -0.21242 -58.9627 -0.669835 -0.771178 -16.0037)
(-309.35 -0.779422 -79.3426 1.08573 -1.1453 -22.4956)
(-251.422 -0.397922 -57.8341 -1.04863 -0.766733 -16.7342)
(-256.481 -0.225942 -57.8296 -0.664855 -0.744218 -15.7703)
(-296.688 -0.775605 -77.7294 1.05715 -1.11698 -22.3174)
(-241.053 -0.402179 -56.509 -1.0343 -0.740489 -16.4121)
(-246.019 -0.238387 -56.5802 -0.65843 -0.718318 -15.4949)
(-284.341 -0.771123 -75.9825 1.02841 -1.08887 -22.0752)
(-230.942 -0.405673 -55.0863 -1.01818 -0.715158 -16.0507)
(-235.813 -0.24978 -55.2268 -0.650641 -0.693413 -15.1795)
(-272.307 -0.766008 -74.1167 0.999549 -1.06098 -21.7719)
(-221.087 -0.408422 -53.5775 -1.00038 -0.69069 -15.6526)
(-225.863 -0.260146 -53.7812 -0.641568 -0.669441 -14.8263)
(-260.583 -0.760288 -72.1459 0.970605 -1.03328 -21.4109)
(-211.486 -0.410442 -51.9935 -0.981032 -0.667036 -15.2202)
(-216.166 -0.269507 -52.2545 -0.631295 -0.646343 -14.4378)
(-249.167 -0.753985 -70.0833 0.941623 -1.00578 -20.9957)
(-202.137 -0.411749 -50.3446 -0.960236 -0.64415 -14.7564)
(-206.72 -0.277883 -50.6572 -0.619903 -0.624065 -14.0166)
(-238.054 -0.747116 -67.9416 0.912641 -0.978459 -20.5302)
(-193.036 -0.412357 -48.6406 -0.938111 -0.62199 -14.264)
(-197.522 -0.285295 -48.9994 -0.607473 -0.602552 -13.5656)
(-227.242 -0.739695 -65.7327 0.883701 -0.951319 -20.0181)
(-184.181 -0.41228 -46.8907 -0.914771 -0.600513 -13.7461)
(-188.569 -0.291765 -47.2908 -0.594087 -0.581758 -13.0876)
(-216.726 -0.731737 -63.4678 0.854839 -0.924357 -19.4635)
(-175.568 -0.411533 -45.1038 -0.89033 -0.579683 -13.2056)
(-179.859 -0.297313 -45.5402 -0.579825 -0.561635 -12.5856)
(-206.503 -0.723251 -61.1576 0.826092 -0.897572 -18.8705)
(-167.196 -0.41013 -43.2882 -0.864901 -0.559463 -12.6457)
(-171.388 -0.301961 -43.7562 -0.564768 -0.542141 -12.0626)
(-196.569 -0.714249 -58.8122 0.797494 -0.870964 -18.2432)
(-159.06 -0.408087 -41.4516 -0.838594 -0.53982 -12.0695)
(-163.155 -0.30573 -41.9469 -0.548995 -0.523236 -11.5218)
(-186.921 -0.704741 -56.4411 0.76908 -0.844536 -17.5856)
(-151.158 -0.405419 -39.6015 -0.811517 -0.520723 -11.48)
(-155.155 -0.308644 -40.12 -0.532582 -0.504885 -10.9661)
(-177.553 -0.694734 -54.0531 0.740884 -0.818291 -16.902)
(-143.487 -0.402143 -37.7448 -0.783778 -0.502142 -10.8803)
(-147.385 -0.310725 -38.2825 -0.515606 -0.487053 -10.3985)
(-168.463 -0.684238 -51.6568 0.712939 -0.792234 -16.1963)
(-136.043 -0.398274 -35.8881 -0.755481 -0.484052 -10.2733)
(-139.844 -0.311996 -36.4412 -0.498141 -0.469708 -9.8221)
(-159.646 -0.673261 -49.26 0.685277 -0.766373 -15.4726)
(-128.824 -0.39383 -34.0374 -0.726727 -0.466428 -9.66211)
(-132.527 -0.312482 -34.6025 -0.480259 -0.452824 -9.23978)
(-151.099 -0.661811 -46.8701 0.657928 -0.740713 -14.7347)
(-121.826 -0.388827 -32.1985 -0.697616 -0.449246 -9.04942)
(-125.432 -0.312206 -32.7724 -0.462031 -0.436372 -8.65442)
(-142.817 -0.649896 -44.4941 0.630922 -0.715262 -13.9864)
(-115.047 -0.383282 -30.3769 -0.668244 -0.432485 -8.43805)
(-118.556 -0.311191 -30.9564 -0.443526 -0.42033 -8.06879)
(-134.798 -0.637524 -42.1386 0.604287 -0.69003 -13.2315)
(-108.484 -0.377213 -28.5775 -0.638702 -0.416126 -7.83064)
(-111.896 -0.309462 -29.1598 -0.424809 -0.404675 -7.48557)
(-127.036 -0.624702 -39.8095 0.578051 -0.665024 -12.4734)
(-102.134 -0.370637 -26.8052 -0.609081 -0.400151 -7.22976)
(-105.449 -0.307044 -27.3874 -0.405945 -0.389388 -6.90735)
(-119.53 -0.611439 -37.5126 0.55224 -0.640256 -11.7156)
(-95.9936 -0.363571 -25.0642 -0.579467 -0.384543 -6.63785)
(-99.2132 -0.303959 -25.644 -0.386996 -0.37445 -6.3366)
(-112.276 -0.59774 -35.2532 0.526879 -0.615735 -10.9614)
(-90.0614 -0.356033 -23.3588 -0.549941 -0.369288 -6.05721)
(-93.1851 -0.300231 -23.9336 -0.368021 -0.359844 -5.77568)
(-105.27 -0.583615 -33.0363 0.501992 -0.59147 -10.2138)
(-84.3345 -0.348039 -21.6927 -0.520583 -0.354369 -5.49004)
(-87.3626 -0.295885 -22.2604 -0.349076 -0.345556 -5.22683)
(-98.5087 -0.569069 -30.8664 0.477599 -0.567472 -9.47593)
(-78.8106 -0.339608 -20.0694 -0.491467 -0.339776 -4.9384)
(-81.7433 -0.290943 -20.628 -0.330217 -0.331571 -4.69215)
(-91.9902 -0.554111 -28.7477 0.453722 -0.543751 -8.75049)
(-73.4875 -0.330755 -18.4923 -0.462665 -0.325495 -4.40423)
(-76.3251 -0.285429 -19.0398 -0.311494 -0.317877 -4.17363)
(-85.7111 -0.538749 -26.6843 0.43038 -0.520317 -8.04014)
(-68.363 -0.321498 -16.9643 -0.434245 -0.311516 -3.88933)
(-71.1057 -0.279367 -17.499 -0.292956 -0.304464 -3.67312)
(-79.6689 -0.522989 -24.6797 0.407589 -0.49718 -7.34734)
(-63.4352 -0.311854 -15.4883 -0.406271 -0.297828 -3.39537)
(-66.0831 -0.272778 -16.0085 -0.274651 -0.291321 -3.19236)
(-73.8611 -0.506839 -22.7374 0.385368 -0.474349 -6.67441)
(-58.7021 -0.301839 -14.0668 -0.378803 -0.284424 -2.9239)
(-61.2555 -0.265686 -14.5711 -0.256621 -0.27844 -2.73292)
(-68.2852 -0.490309 -20.8604 0.363732 -0.451834 -6.02349)
(-54.162 -0.29147 -12.7022 -0.351897 -0.271292 -2.47633)
(-56.621 -0.258112 -13.1891 -0.238909 -0.265812 -2.29629)
(-62.939 -0.473405 -19.0515 0.342693 -0.429644 -5.39655)
(-49.8132 -0.280763 -11.3967 -0.325599 -0.258427 -2.05393)
(-52.1779 -0.250078 -11.865 -0.221549 -0.25343 -1.8838)
(-57.8206 -0.456136 -17.3133 0.322266 -0.407787 -4.79542)
(-45.6542 -0.269736 -10.1521 -0.299955 -0.245821 -1.65789)
(-47.9247 -0.241607 -10.6007 -0.204575 -0.241287 -1.49668)
(-52.9279 -0.438512 -15.6482 0.302463 -0.38627 -4.22175)
(-41.6836 -0.258401 -8.97028 -0.275008 -0.233465 -1.28923)
(-43.86 -0.232719 -9.39812 -0.188028 -0.229377 -1.13602)
(-48.2591 -0.420541 -14.0583 0.28329 -0.365099 -3.67705)
(-37.9 -0.246773 -7.85283 -0.2508 -0.221354 -0.94888)
(-39.9823 -0.223435 -8.259 -0.171932 -0.217693 -0.802806)
(-43.8126 -0.402231 -12.5455 0.264751 -0.344282 -3.16268)
(-34.3021 -0.234862 -6.80116 -0.22737 -0.209482 -0.637674)
(-36.2904 -0.213774 -7.18484 -0.156318 -0.206234 -0.497904)
(-39.5869 -0.383591 -11.1116 0.246866 -0.323827 -2.67986)
(-30.8889 -0.222676 -5.81657 -0.204752 -0.19784 -0.356324)
(-32.7832 -0.203749 -6.17702 -0.141209 -0.194996 -0.222077)
(-35.5805 -0.364618 -9.75803 0.229655 -0.303739 -2.22965)
(-27.6593 -0.21022 -4.90018 -0.18297 -0.186418 -0.105436)
(-29.4596 -0.193375 -5.23676 -0.126622 -0.18397 0.0240225)
(-31.7921 -0.345313 -8.48623 0.213103 -0.284017 -1.81303)
(-24.6123 -0.197492 -4.05299 -0.162036 -0.175199 0.114478)
(-26.3186 -0.182661 -4.36514 -0.112577 -0.173147 0.239833)
(-28.2206 -0.325673 -7.29738 0.197223 -0.264657 -1.4308)
(-21.7471 -0.184472 -3.27585 -0.141954 -0.16416 0.302988)
(-23.3592 -0.171604 -3.5631 -0.0990854 -0.162513 0.424882)
(-24.8649 -0.305681 -6.19253 0.182033 -0.245648 -1.08367)
(-19.0628 -0.171121 -2.56949 -0.122721 -0.153265 0.459736)
(-20.5807 -0.160191 -2.83142 -0.086154 -0.152045 0.578776)
(-21.724 -0.285299 -5.17257 0.167554 -0.226966 -0.772252)
(-16.5585 -0.157372 -1.93452 -0.104319 -0.142456 0.584422)
(-17.9822 -0.148381 -2.17077 -0.0737817 -0.141711 0.701197)
(-18.7969 -0.264462 -4.23826 0.153827 -0.208573 -0.497047)
(-14.2335 -0.143114 -1.37142 -0.0867151 -0.131653 0.676788)
(-15.5628 -0.136106 -1.58169 -0.0619618 -0.131456 0.79188)
(-16.0827 -0.243064 -3.39025 0.140887 -0.190403 -0.258506)
(-12.0869 -0.128186 -0.880579 -0.0698573 -0.120738 0.736587)
(-13.3216 -0.123251 -1.06457 -0.0506726 -0.121198 0.850597)
(-13.5807 -0.220944 -2.62909 0.128791 -0.172359 -0.0570327)
(-10.1177 -0.112368 -0.46227 -0.0536794 -0.109558 0.763535)
(-11.2575 -0.109646 -0.61964 -0.0398801 -0.110822 0.87712)
(-11.29 -0.19787 -1.95527 0.117608 -0.154301 0.106964)
(-8.32461 -0.0953914 -0.116682 -0.0381191 -0.097934 0.757248)
(-9.36916 -0.095056 -0.246986 -0.0295404 -0.100175 0.871169)
(-9.2097 -0.173546 -1.3693 0.107396 -0.136051 0.232983)
(-6.70599 -0.0769944 0.156072 -0.0231549 -0.0857002 0.717173)
(-7.65454 -0.0791971 0.0535113 -0.0196022 -0.0890783 0.832345)
(-7.33896 -0.147639 -0.871772 0.0981783 -0.117406 0.320323)
(-5.25946 -0.0570687 0.355946 -0.0089024 -0.0728001 0.642538)
(-6.11089 -0.0618003 0.282193 -0.0100267 -0.0773677 0.760046)
(-5.67687 -0.119881 -0.463573 0.0898737 -0.0982083 0.367912)
(-3.98167 -0.0359899 0.482992 0.00419913 -0.059471 0.532528)
(-4.73429 -0.0428166 0.439696 -0.000842912 -0.0650077 0.653467)
(-4.22252 -0.0903235 -0.146039 0.082152 -0.0784685 0.374118)
(-2.86795 -0.0152061 0.537588 0.0149766 -0.0465378 0.387297)
(-3.51936 -0.0229209 0.527107 0.00769406 -0.0523144 0.511992)
(-2.97524 -0.0598356 0.0789201 0.0741179 -0.0585956 0.336757)
(-1.91267 0.00186555 0.521441 0.0202651 -0.0358313 0.210998)
(-2.45983 -0.00457381 0.546402 0.0145225 -0.0403916 0.337049)
(-1.93513 -0.0309121 0.209332 0.063644 -0.0396832 0.254181)
(-1.10874 0.00913775 0.436879 0.0161387 -0.0302276 0.021137)
(-1.55122 0.00615141 0.500109 0.0163615 -0.0318671 0.137112)
(-1.10298 -0.00860077 0.244926 0.0467329 -0.023571 0.12975)
(-0.451444 0.0046729 0.270888 0.0286374 -0.0309334 -0.109406)
(-0.800725 0.00102647 0.38262 0.0126167 -0.0292658 -0.0556225)
(-0.486608 0.000498461 0.188049 0.017707 -0.0111663 -0.0144648)
(-0.241822 -0.00974341 0.168568 0.0397073 -0.025546 -0.119922)
(-0.127806 -0.000250577 0.0377104 -0.00244761 0.00101039 -0.0783653)
(-634.125 -13.0733 -0.385553 -21.6804 2.17106 -47.1155)
(-826.352 25.829 29.7849 -18.3427 1.96232 -61.05)
(-598.899 -8.55726 -11.8523 3.89489 2.15754 -2.38521)
(-707.591 6.13467 -16.6224 -0.281066 0.95497 4.09539)
(-582.475 -2.96909 -13.1524 0.759407 1.79929 -9.22551)
(-693.41 -1.01364 -25.6609 2.57296 1.26075 -2.41903)
(-572.376 -2.56988 -13.3969 -0.371719 1.07435 -13.0259)
(-683.003 -2.26066 -26.198 1.02648 0.599897 -9.82384)
(-563.731 -2.12724 -15.5179 0.114895 0.413791 -13.216)
(-672.594 -2.13045 -28.9107 1.27384 0.00321218 -10.962)
(-554.495 -1.39873 -19.2057 0.289783 -0.0703851 -13.0264)
(-661.555 -1.56427 -33.7328 1.54807 -0.423108 -11.0107)
(-544.006 -0.742601 -23.7457 0.26405 -0.393691 -12.8246)
(-648.8 -0.940951 -39.5081 1.61037 -0.729493 -11.1346)
(-532.275 -0.239089 -28.5683 0.186612 -0.589032 -12.6598)
(-634.451 -0.416338 -45.5025 1.59737 -0.927771 -11.4068)
(-519.55 0.113948 -33.3069 0.0997784 -0.693721 -12.5787)
(-618.912 -0.0265875 -51.2963 1.56518 -1.04011 -11.8216)
(-506.121 0.341318 -37.755 0.0204194 -0.73991 -12.592)
(-602.572 0.237665 -56.6705 1.53353 -1.09481 -12.3559)
(-492.249 0.473918 -41.8114 -0.0459274 -0.750769 -12.6907)
(-585.751 0.40106 -61.5264 1.50894 -1.11464 -12.9799)
(-478.141 0.53948 -45.4373 -0.0993724 -0.741582 -12.8575)
(-568.692 0.490124 -65.8334 1.49177 -1.11485 -13.6644)
(-463.95 0.559887 -48.6293 -0.141864 -0.721875 -13.0736)
(-551.57 0.52763 -69.5974 1.48039 -1.10483 -14.3833)
(-449.783 0.551299 -51.4014 -0.175677 -0.6973 -13.3209)
(-534.505 0.531162 -72.8415 1.47284 -1.08997 -15.1145)
(-435.716 0.525094 -53.7754 -0.202864 -0.671053 -13.584)
(-517.579 0.513454 -75.5955 1.46736 -1.0732 -15.8401)
(-421.799 0.488965 -55.7757 -0.225059 -0.64484 -13.8498)
(-500.847 0.483303 -77.8909 1.46257 -1.05596 -16.5455)
(-408.065 0.447931 -57.4268 -0.243484 -0.619507 -14.1074)
(-484.347 0.44655 -79.7583 1.45748 -1.03887 -17.2188)
(-394.538 0.40515 -58.7518 -0.259003 -0.59542 -14.348)
(-468.104 0.406924 -81.2264 1.4514 -1.02215 -17.8504)
(-381.233 0.362535 -59.7729 -0.272212 -0.572687 -14.5643)
(-452.136 0.366718 -82.3225 1.44391 -1.0058 -18.4325)
(-368.16 0.321188 -60.5106 -0.283514 -0.551296 -14.7506)
(-436.454 0.327271 -83.0719 1.43478 -0.989735 -18.9586)
(-355.328 0.281702 -60.9846 -0.293177 -0.531174 -14.9021)
(-421.068 0.289319 -83.4987 1.42387 -0.97387 -19.4238)
(-342.741 0.24436 -61.2132 -0.301382 -0.512229 -15.0153)
(-405.983 0.253223 -83.6255 1.41117 -0.958105 -19.8242)
(-330.405 0.209264 -61.2141 -0.308251 -0.494364 -15.0874)
(-391.205 0.219126 -83.4741 1.39669 -0.942361 -20.1571)
(-318.32 0.176415 -61.0041 -0.313874 -0.477485 -15.1165)
(-376.738 0.187045 -83.0653 1.38049 -0.926575 -20.4206)
(-306.491 0.145759 -60.5995 -0.318321 -0.461506 -15.1014)
(-362.582 0.156934 -82.419 1.36263 -0.910694 -20.6137)
(-294.918 0.117219 -60.0157 -0.321651 -0.446343 -15.0416)
(-348.74 0.128715 -81.5543 1.3432 -0.894679 -20.7363)
(-283.602 0.0907064 -59.2676 -0.323915 -0.431922 -14.9372)
(-335.213 0.102299 -80.4894 1.3223 -0.878498 -20.7889)
(-272.543 0.0661305 -58.3695 -0.325163 -0.418172 -14.7888)
(-321.999 0.077595 -79.242 1.3 -0.862127 -20.7725)
(-261.74 0.0434034 -57.3351 -0.325445 -0.405029 -14.5972)
(-309.099 0.0545174 -77.8287 1.2764 -0.845545 -20.6889)
(-251.194 0.0224401 -56.1775 -0.32481 -0.392433 -14.364)
(-296.511 0.0329846 -76.2657 1.25158 -0.828739 -20.5402)
(-240.902 0.00315917 -54.9092 -0.323307 -0.380328 -14.0908)
(-284.233 0.0129218 -74.5683 1.22564 -0.811699 -20.329)
(-230.863 -0.0145173 -53.5421 -0.320984 -0.368665 -13.7797)
(-272.264 -0.00574085 -72.7511 1.19867 -0.794417 -20.0581)
(-221.075 -0.030664 -52.0878 -0.317889 -0.357398 -13.4331)
(-260.6 -0.0230679 -70.828 1.17075 -0.776893 -19.7308)
(-211.537 -0.0453533 -50.5569 -0.314075 -0.346483 -13.0533)
(-249.24 -0.0391199 -68.8121 1.14196 -0.759127 -19.3506)
(-202.245 -0.0586552 -48.9599 -0.309592 -0.335886 -12.643)
(-238.179 -0.0539536 -66.7162 1.1124 -0.741124 -18.921)
(-193.198 -0.070637 -47.3065 -0.304488 -0.32557 -12.205)
(-227.414 -0.0676222 -64.5519 1.08214 -0.722892 -18.4459)
(-184.392 -0.0813642 -45.6059 -0.29881 -0.315508 -11.7421)
(-216.942 -0.0801758 -62.3306 1.05127 -0.704442 -17.9291)
(-175.825 -0.0909001 -43.867 -0.292606 -0.305673 -11.2573)
(-206.76 -0.0916619 -60.063 1.01987 -0.685788 -17.3747)
(-167.495 -0.0993063 -42.098 -0.285923 -0.296041 -10.7536)
(-196.863 -0.102125 -57.7591 0.988021 -0.666945 -16.7867)
(-159.397 -0.106642 -40.3068 -0.278806 -0.286593 -10.2339)
(-187.249 -0.111609 -55.4285 0.955803 -0.647931 -16.169)
(-151.53 -0.112965 -38.5009 -0.271302 -0.277311 -9.70127)
(-177.912 -0.120153 -53.0799 0.923292 -0.628766 -15.5257)
(-143.891 -0.118331 -36.6871 -0.263454 -0.268181 -9.15857)
(-168.85 -0.127795 -50.722 0.890565 -0.609473 -14.8608)
(-136.475 -0.122793 -34.8721 -0.255305 -0.25919 -8.60873)
(-160.058 -0.134571 -48.3626 0.857695 -0.590073 -14.1782)
(-129.282 -0.126402 -33.062 -0.246897 -0.250329 -8.05461)
(-151.533 -0.140516 -46.0091 0.824755 -0.570592 -13.4816)
(-122.307 -0.129208 -31.2626 -0.238269 -0.241589 -7.49897)
(-143.272 -0.145661 -43.6686 0.791815 -0.551053 -12.7749)
(-115.547 -0.131258 -29.4794 -0.22946 -0.232964 -6.94449)
(-135.27 -0.150037 -41.3475 0.758944 -0.531483 -12.0616)
(-109.002 -0.132597 -27.7175 -0.220507 -0.224447 -6.39377)
(-127.524 -0.153673 -39.0521 0.726207 -0.511907 -11.3452)
(-102.666 -0.13327 -25.9816 -0.211447 -0.216037 -5.84929)
(-120.031 -0.156595 -36.7881 0.693669 -0.492351 -10.6291)
(-96.5389 -0.133317 -24.2762 -0.202314 -0.207729 -5.31342)
(-112.787 -0.15883 -34.5607 0.66139 -0.472843 -9.91645)
(-90.6172 -0.132778 -22.6054 -0.193143 -0.199522 -4.78843)
(-105.79 -0.160403 -32.3749 0.629428 -0.453407 -9.21041)
(-84.8987 -0.131691 -20.9731 -0.183964 -0.191416 -4.27645)
(-99.0368 -0.161335 -30.2355 0.597839 -0.43407 -8.51385)
(-79.3811 -0.130092 -19.3829 -0.174808 -0.183411 -3.7795)
(-92.5237 -0.16165 -28.1466 0.566676 -0.414857 -7.82953)
(-74.0624 -0.128015 -17.8381 -0.165704 -0.175507 -3.29946)
(-86.2485 -0.161368 -26.1123 0.535989 -0.395793 -7.16005)
(-68.9406 -0.125492 -16.3417 -0.156674 -0.167706 -2.8381)
(-80.2086 -0.16051 -24.1362 0.505828 -0.376903 -6.50783)
(-64.0136 -0.122555 -14.8967 -0.147742 -0.160009 -2.39705)
(-74.4015 -0.159095 -22.2218 0.47624 -0.35821 -5.87515)
(-59.2797 -0.119234 -13.5057 -0.138933 -0.15242 -1.97782)
(-68.8249 -0.157141 -20.3721 0.447268 -0.339738 -5.26412)
(-54.7372 -0.115556 -12.171 -0.130267 -0.14494 -1.5818)
(-63.4767 -0.154668 -18.59 0.418951 -0.321508 -4.67669)
(-50.3845 -0.111548 -10.8948 -0.121764 -0.137573 -1.21023)
(-58.3549 -0.151692 -16.8783 0.391329 -0.303542 -4.11465)
(-46.2202 -0.107232 -9.67924 -0.113468 -0.130319 -0.864271)
(-53.4576 -0.148231 -15.2391 0.364427 -0.285858 -3.57963)
(-42.2429 -0.102637 -8.52599 -0.105401 -0.123182 -0.544945)
(-48.7831 -0.144301 -13.6748 0.338247 -0.268475 -3.07312)
(-38.4513 -0.0977837 -7.43674 -0.0975675 -0.116167 -0.253157)
(-44.3298 -0.139921 -12.1872 0.312835 -0.251412 -2.59647)
(-34.8443 -0.0926928 -6.41297 -0.0899703 -0.109277 0.0102888)
(-40.0962 -0.135104 -10.7782 0.288219 -0.234689 -2.15087)
(-31.4208 -0.0873811 -5.45601 -0.0825974 -0.102513 0.244695)
(-36.0809 -0.12986 -9.44921 0.264452 -0.21832 -1.73738)
(-28.1798 -0.0818629 -4.56702 -0.0754536 -0.0958766 0.449463)
(-32.2828 -0.124203 -8.20177 0.241571 -0.202318 -1.35694)
(-25.1203 -0.0761504 -3.74702 -0.0685623 -0.089366 0.624085)
(-28.7006 -0.118143 -7.03706 0.219578 -0.186694 -1.01036)
(-22.2416 -0.0702492 -2.99689 -0.0619376 -0.0829772 0.768138)
(-25.3334 -0.111685 -5.95613 0.198476 -0.171454 -0.698344)
(-19.5428 -0.0641546 -2.31739 -0.0555788 -0.0767002 0.881274)
(-22.1801 -0.104824 -4.9599 0.178283 -0.1566 -0.421473)
(-17.0229 -0.0578449 -1.7091 -0.049479 -0.0705155 0.963222)
(-19.2398 -0.097544 -4.04914 0.159016 -0.142125 -0.180244)
(-14.6812 -0.0512797 -1.17247 -0.0436232 -0.064391 1.01376)
(-16.5115 -0.0898076 -3.22446 0.140693 -0.128009 0.0249234)
(-12.5165 -0.044388 -0.707777 -0.0379829 -0.0582764 1.03269)
(-13.9941 -0.0815521 -2.48634 0.123344 -0.114218 0.19367)
(-10.5273 -0.0370588 -0.315092 -0.0325198 -0.0520984 1.01981)
(-11.6865 -0.0726789 -1.83513 0.10699 -0.100692 0.325638)
(-8.71152 -0.0291351 0.00576184 -0.0271804 -0.0457593 0.974846)
(-9.58706 -0.0630485 -1.27106 0.0916447 -0.087343 0.420409)
(-7.0662 -0.0204143 0.255264 -0.0218972 -0.039143 0.897394)
(-7.69382 -0.0524855 -0.794356 0.0773151 -0.0740576 0.477367)
(-5.58692 -0.0106737 0.434271 -0.016609 -0.0321372 0.786816)
(-6.00412 -0.0408108 -0.405283 0.06399 -0.060708 0.495502)
(-4.26738 0.000232452 0.544123 -0.0113507 -0.0246863 0.642341)
(-4.51455 -0.0279474 -0.104394 0.0516278 -0.0471936 0.473123)
(-3.09955 0.0120884 0.586789 -0.00658448 -0.0169247 0.463881)
(-3.22127 -0.0141883 0.107312 0.040075 -0.033528 0.407665)
(-2.07587 0.0233621 0.564921 -0.00406863 -0.00962653 0.255339)
(-2.12177 -0.00076497 0.228582 0.0288087 -0.0200025 0.296611)
(-1.19623 0.0279708 0.479353 -0.00800425 -0.00521299 0.0342247)
(-1.21868 0.00905156 0.259347 0.0167661 -0.00718011 0.143247)
(-0.482094 0.0149961 0.312687 -0.0179804 -0.00754991 -0.13348)
(-0.533624 0.00951521 0.201884 -3.30508e-05 0.00584087 -0.0275746)
(-0.133504 -0.000458394 0.050106 -0.0265745 0.0223636 -0.115691)
(-848.222 13.7631 -38.689 -27.0469 0.645806 -31.3323)
(-937.473 -122.478 -6.34659 -70.505 -5.45533 -29.4233)
(-801.098 10.0386 -33.7683 2.10663 -0.0750265 -0.65285)
(-831.394 -32.0886 -18.4762 4.77226 -1.3086 -3.46421)
(-791.495 4.23828 -33.4614 1.15589 -0.325898 -3.77633)
(-819.846 -3.16006 -28.9118 4.94088 -1.33552 -3.55181)
(-782.638 3.38502 -40.4504 0.148535 -0.0241194 -5.82003)
(-806.595 3.76155 -37.3753 0.158735 -0.568802 -6.6122)
(-770.672 2.77142 -48.7883 0.517534 0.245005 -6.31327)
(-790.562 5.4664 -45.7654 0.465398 0.114577 -7.16158)
(-755.998 1.92112 -56.9711 0.719136 0.409378 -6.83125)
(-773.317 5.35599 -54.0915 1.1576 0.592407 -7.44275)
(-739.233 1.14544 -64.6967 0.743781 0.501317 -7.52909)
(-754.665 4.56742 -62.0352 1.42007 0.914603 -7.96314)
(-720.995 0.559198 -71.8124 0.700898 0.543796 -8.38581)
(-735.032 3.65447 -69.4056 1.45862 1.10675 -8.69752)
(-701.809 0.160445 -78.2441 0.641659 0.555811 -9.36608)
(-714.847 2.85359 -76.1108 1.41136 1.20378 -9.59983)
(-682.078 -0.0886496 -83.9747 0.587013 0.551802 -10.4316)
(-694.401 2.23699 -82.1231 1.34034 1.24195 -10.6234)
(-662.094 -0.229298 -89.02 0.542922 0.540886 -11.5491)
(-673.893 1.7996 -87.4508 1.2704 1.24789 -11.726)
(-642.057 -0.295727 -93.4115 0.509369 0.528166 -12.6911)
(-653.455 1.50803 -92.12 1.20958 1.23818 -12.8729)
(-622.103 -0.313687 -97.1867 0.484523 0.516157 -13.8353)
(-633.175 1.32445 -96.1637 1.15929 1.22216 -14.0362)
(-602.321 -0.30152 -100.384 0.466219 0.50586 -14.963)
(-613.113 1.21589 -99.6171 1.11836 1.20462 -15.1932)
(-582.772 -0.27174 -103.039 0.452509 0.497472 -16.059)
(-593.308 1.15679 -102.515 1.08477 1.18771 -16.3256)
(-563.496 -0.232567 -105.188 0.441839 0.490822 -17.1106)
(-573.789 1.12866 -104.892 1.05648 1.1721 -17.4187)
(-544.522 -0.189199 -106.863 0.43306 0.485605 -18.1069)
(-554.578 1.11881 -106.78 1.03178 1.15782 -18.46)
(-525.869 -0.144801 -108.094 0.425373 0.481501 -19.0392)
(-535.691 1.11894 -108.21 1.00938 1.14457 -19.4395)
(-507.551 -0.101207 -108.911 0.418245 0.478224 -19.9001)
(-517.139 1.12381 -109.211 0.98834 1.13204 -20.349)
(-489.578 -0.0594183 -109.341 0.411336 0.475543 -20.6838)
(-498.932 1.1303 -109.811 0.968046 1.1199 -21.1817)
(-471.959 -0.0199237 -109.411 0.404442 0.47327 -21.3855)
(-481.079 1.13661 -110.038 0.948098 1.10792 -21.9324)
(-454.7 0.0170835 -109.147 0.397444 0.47126 -22.0018)
(-463.586 1.14184 -109.917 0.928257 1.09591 -22.5972)
(-437.803 0.0515758 -108.573 0.390282 0.469398 -22.5306)
(-446.457 1.14553 -109.473 0.908389 1.08375 -23.1733)
(-421.273 0.0836107 -107.712 0.382931 0.467589 -22.9704)
(-429.696 1.14757 -108.732 0.888423 1.07135 -23.659)
(-405.11 0.113285 -106.587 0.375382 0.465755 -23.3208)
(-413.304 1.14794 -107.715 0.868333 1.05865 -24.0534)
(-389.316 0.140709 -105.22 0.36764 0.46383 -23.5823)
(-397.284 1.14674 -106.446 0.848115 1.04561 -24.3569)
(-373.891 0.165995 -103.632 0.359714 0.461757 -23.756)
(-381.635 1.14406 -104.945 0.827775 1.03219 -24.5702)
(-358.834 0.189247 -101.842 0.351615 0.459483 -23.8438)
(-366.357 1.14002 -103.233 0.807329 1.01837 -24.6949)
(-344.143 0.210566 -99.8704 0.343356 0.456965 -23.8481)
(-351.449 1.13471 -101.33 0.786791 1.00415 -24.7334)
(-329.817 0.230042 -97.7344 0.334949 0.454163 -23.7717)
(-336.91 1.12823 -99.2542 0.76618 0.98949 -24.6882)
(-315.853 0.247761 -95.4518 0.326408 0.451043 -23.618)
(-322.735 1.12064 -97.0238 0.745514 0.974398 -24.5627)
(-302.248 0.263803 -93.039 0.317744 0.447577 -23.3906)
(-308.924 1.11201 -94.6556 0.724809 0.95886 -24.3604)
(-288.998 0.278241 -90.5119 0.308972 0.44374 -23.0936)
(-295.472 1.1024 -92.1659 0.704084 0.942873 -24.0853)
(-276.1 0.291147 -87.8854 0.300102 0.439514 -22.7312)
(-282.376 1.09186 -89.57 0.683354 0.926437 -23.7414)
(-263.551 0.302588 -85.1737 0.291147 0.434884 -22.3077)
(-269.632 1.08044 -86.8826 0.662637 0.909553 -23.3333)
(-251.345 0.312628 -82.3903 0.282121 0.429841 -21.8276)
(-257.236 1.06816 -84.1174 0.641953 0.892226 -22.8654)
(-239.479 0.321328 -79.5479 0.273035 0.424377 -21.2958)
(-245.183 1.05507 -81.2875 0.621319 0.874465 -22.3425)
(-227.949 0.328748 -76.6586 0.263904 0.41849 -20.7167)
(-233.47 1.0412 -78.4054 0.600753 0.856281 -21.7692)
(-216.749 0.334942 -73.7337 0.25474 0.412183 -20.0952)
(-222.091 1.02658 -75.4828 0.580276 0.837688 -21.1504)
(-205.876 0.339967 -70.784 0.245556 0.405459 -19.436)
(-211.043 1.01124 -72.5307 0.559907 0.818703 -20.4909)
(-195.324 0.343872 -67.8197 0.236366 0.398325 -18.7438)
(-200.32 0.995207 -69.5595 0.539665 0.799343 -19.7954)
(-185.09 0.346709 -64.8502 0.227184 0.390793 -18.023)
(-189.918 0.978503 -66.5791 0.519573 0.77963 -19.0686)
(-175.169 0.348523 -61.8845 0.218024 0.382874 -17.2784)
(-179.832 0.961154 -63.5987 0.499649 0.759586 -18.3152)
(-165.556 0.34936 -58.9312 0.208898 0.374582 -16.5142)
(-170.058 0.943181 -60.6269 0.479915 0.739234 -17.5397)
(-156.248 0.349264 -55.9979 0.199821 0.365935 -15.7349)
(-160.592 0.924606 -57.672 0.460391 0.7186 -16.7465)
(-147.24 0.348274 -53.0923 0.190806 0.356949 -14.9445)
(-151.43 0.905447 -54.7414 0.441098 0.697709 -15.9399)
(-138.528 0.346431 -50.2212 0.181866 0.347644 -14.147)
(-142.566 0.885724 -51.8424 0.422056 0.676588 -15.124)
(-130.108 0.343772 -47.391 0.173015 0.338041 -13.3463)
(-133.998 0.865453 -48.9817 0.403285 0.655265 -14.3028)
(-121.977 0.340333 -44.6079 0.164265 0.32816 -12.5462)
(-125.721 0.84465 -46.1654 0.384804 0.633768 -13.4801)
(-114.131 0.336146 -41.8774 0.155628 0.318023 -11.75)
(-117.731 0.823332 -43.3994 0.366633 0.612124 -12.6596)
(-106.566 0.331245 -39.2048 0.147117 0.307653 -10.9611)
(-110.025 0.801512 -40.6891 0.34879 0.590361 -11.8447)
(-99.2798 0.32566 -36.5949 0.138742 0.297072 -10.1826)
(-102.6 0.779204 -38.0394 0.331292 0.568507 -11.0387)
(-92.2685 0.319422 -34.0523 0.130516 0.286304 -9.41761)
(-95.4527 0.756422 -35.4551 0.314156 0.54659 -10.2447)
(-85.5294 0.312559 -31.5811 0.12245 0.275372 -8.66876)
(-88.5793 0.73318 -32.9404 0.297399 0.524637 -9.46556)
(-79.0597 0.305098 -29.1851 0.114555 0.264298 -7.93867)
(-81.9774 0.70949 -30.4992 0.281035 0.502675 -8.70403)
(-72.8569 0.297065 -26.8678 0.106842 0.253106 -7.22973)
(-75.6441 0.685363 -28.1353 0.265081 0.480731 -7.96263)
(-66.9186 0.288486 -24.6325 0.0993209 0.241818 -6.54418)
(-69.577 0.660813 -25.852 0.249548 0.458829 -7.24369)
(-61.2425 0.279384 -22.4821 0.0920003 0.230456 -5.88405)
(-63.7737 0.63585 -23.6523 0.23445 0.436995 -6.54937)
(-55.8265 0.269781 -20.4193 0.0848748 0.21904 -5.25121)
(-58.2321 0.610485 -21.539 0.2198 0.415249 -5.88166)
(-50.6687 0.259703 -18.4465 0.0779466 0.207594 -4.64737)
(-52.95 0.584731 -19.5146 0.2056 0.393615 -5.24238)
(-45.7674 0.249177 -16.5659 0.0712257 0.19614 -4.07403)
(-47.9256 0.558603 -17.5815 0.19186 0.372116 -4.63316)
(-41.1209 0.238223 -14.7794 0.0647303 0.184699 -3.53255)
(-43.1572 0.532114 -15.7416 0.178597 0.350778 -4.05545)
(-36.7277 0.226847 -13.0889 0.0584861 0.173284 -3.02413)
(-38.6431 0.505261 -13.9967 0.165835 0.329616 -3.51053)
(-32.5865 0.215068 -11.4958 0.0524992 0.161913 -2.54987)
(-34.382 0.478043 -12.3486 0.153567 0.308644 -2.9996)
(-28.6959 0.202901 -10.0014 0.0467653 0.1506 -2.11072)
(-30.3724 0.450465 -10.7987 0.141797 0.287874 -2.52369)
(-25.055 0.190352 -8.60703 0.0412895 0.139356 -1.70749)
(-26.6133 0.422515 -9.34802 0.130542 0.267311 -2.08371)
(-21.6625 0.177413 -7.31353 0.0360836 0.128184 -1.34085)
(-23.1033 0.394161 -7.9978 0.119817 0.24695 -1.68039)
(-18.5175 0.164051 -6.12175 0.031161 0.117075 -1.01137)
(-19.8416 0.365339 -6.74888 0.109649 0.226771 -1.31438)
(-15.6189 0.15021 -5.03233 0.0265451 0.106007 -0.719522)
(-16.8272 0.335939 -5.60201 0.100058 0.206733 -0.986227)
(-12.9657 0.135789 -4.04578 0.0222639 0.0949355 -0.465689)
(-14.0591 0.305784 -4.55781 0.0910866 0.18676 -0.696377)
(-10.5569 0.120628 -3.16245 0.0183375 0.0837859 -0.250262)
(-11.5365 0.274606 -3.61676 0.0827808 0.166734 -0.445251)
(-8.39137 0.104505 -2.38266 0.0147749 0.0724512 -0.0736938)
(-9.25868 0.242029 -2.77935 0.0751857 0.146483 -0.233297)
(-6.46795 0.0871328 -1.70674 0.0115554 0.0607908 0.0633346)
(-7.22504 0.207571 -2.04608 0.0683348 0.125784 -0.0610963)
(-4.78596 0.0681924 -1.13538 0.00859731 0.0486439 0.159643)
(-5.43552 0.170697 -1.41774 0.0622161 0.104386 0.0704694)
(-3.34567 0.0474446 -0.669989 0.00565882 0.0358677 0.213072)
(-3.89104 0.131021 -0.895679 0.0566862 0.0820908 0.159962)
(-2.14948 0.0250919 -0.313444 0.00207645 0.0224666 0.219782)
(-2.59447 0.0888333 -0.482166 0.0511783 0.0589423 0.205071)
(-1.20319 0.00264334 -0.071159 -0.0029431 0.00881975 0.175714)
(-1.55218 0.0462168 -0.180552 0.0441306 0.0355607 0.202647)
(-0.517629 -0.0160033 0.0517028 -0.0126812 -0.00445854 0.0804314)
(-0.772768 0.00878232 0.00579028 0.0324957 0.013367 0.152849)
(-0.11147 -0.0182927 0.065985 -0.0403538 -0.0138304 -0.0516005)
(-0.268219 -0.0119601 0.0788543 0.00409157 -0.00618971 0.0632678)
(-0.0729532 -0.00544832 0.0419972 -0.0430194 -0.0247957 -0.0463722)
(-870.398 -59.5013 -38.3758 -69.7417 -1.45435 -20.7456)
(-916.119 -86.9446 4.24527 -155.883 -5.40974 -34.3767)
(-846.516 -17.6207 -33.4042 -5.71435 -0.784783 3.33193)
(-844.706 -36.3628 -14.3336 -39.5335 -0.23553 3.53219)
(-830.615 -1.73929 -32.9626 -3.33567 -1.03052 -3.43918)
(-845.572 -10.1195 -27.3973 -13.8294 -1.02326 0.0884223)
(-812.783 4.03034 -40.9747 -2.41542 -0.564373 -6.79867)
(-832.061 0.535797 -37.1376 -7.89152 -1.12583 -6.01488)
(-792.866 5.5992 -49.9177 0.0173811 -0.00686008 -7.54396)
(-811.194 4.4474 -46.2489 -2.47129 -0.579896 -7.45505)
(-771.845 5.43547 -58.3121 1.35796 0.42804 -8.21264)
(-788.906 5.41271 -54.9517 0.813077 0.0160253 -8.05274)
(-750.35 4.68333 -66.064 1.90314 0.718272 -9.01378)
(-766.031 5.15267 -63.0445 2.35822 0.470914 -8.77327)
(-728.772 3.84112 -73.1186 2.07028 0.889809 -9.92384)
(-743.164 4.47998 -70.4351 2.98797 0.773332 -9.63627)
(-707.318 3.10837 -79.46 2.06488 0.979174 -10.9319)
(-720.642 3.76026 -77.0992 3.16323 0.95641 -10.6169)
(-686.085 2.54254 -85.1022 1.99132 1.01801 -12.0149)
(-698.568 3.14101 -83.0491 3.1292 1.05781 -11.6881)
(-665.118 2.13704 -90.072 1.89936 1.02861 -13.1467)
(-676.952 2.66265 -88.3136 3.01297 1.10792 -12.8209)
(-644.438 1.86219 -94.4027 1.81025 1.02498 -14.3026)
(-655.77 2.31731 -92.9272 2.87545 1.12797 -13.9884)
(-624.056 1.6846 -98.1295 1.73158 1.0152 -15.4609)
(-634.992 2.07977 -96.9248 2.7431 1.13155 -15.1671)
(-603.98 1.57493 -101.287 1.66453 1.0035 -16.6027)
(-614.59 1.9223 -100.341 2.62522 1.12673 -16.3364)
(-584.218 1.51025 -103.909 1.60763 0.99184 -17.7119)
(-594.547 1.82068 -103.208 2.52299 1.11802 -17.4791)
(-564.777 1.4739 -106.027 1.5586 0.980905 -18.775)
(-574.854 1.75603 -105.558 2.4343 1.10772 -18.5804)
(-545.666 1.45435 -107.672 1.51521 0.970778 -19.7808)
(-555.508 1.71461 -107.422 2.3561 1.09688 -19.6281)
(-526.893 1.44405 -108.874 1.47567 0.961283 -20.7198)
(-536.508 1.68698 -108.828 2.28553 1.08588 -20.6121)
(-508.467 1.43821 -109.662 1.43864 0.952175 -21.5845)
(-517.859 1.66694 -109.806 2.22027 1.07481 -21.5239)
(-490.393 1.43395 -110.062 1.40317 0.943227 -22.3689)
(-499.565 1.65057 -110.384 2.15861 1.0636 -22.3568)
(-472.679 1.42965 -110.103 1.36865 0.934258 -23.0684)
(-481.632 1.63556 -110.587 2.09939 1.05219 -23.1057)
(-455.328 1.42445 -109.808 1.3347 0.925139 -23.6796)
(-464.063 1.6206 -110.443 2.04182 1.04048 -23.7666)
(-438.346 1.41797 -109.203 1.30109 0.915785 -24.2002)
(-446.862 1.60501 -109.977 1.98543 1.02844 -24.3368)
(-421.734 1.41007 -108.311 1.2677 0.906137 -24.6291)
(-430.034 1.58849 -109.212 1.92994 1.01602 -24.8147)
(-405.495 1.40076 -107.156 1.23447 0.896163 -24.966)
(-413.579 1.57095 -108.172 1.8752 1.0032 -25.1996)
(-389.629 1.39012 -105.759 1.20138 0.885841 -25.2116)
(-397.499 1.55243 -106.879 1.82113 0.989977 -25.4918)
(-374.136 1.37825 -104.142 1.16843 0.875157 -25.3671)
(-381.795 1.53298 -105.355 1.7677 0.976356 -25.6922)
(-359.016 1.36525 -102.324 1.13563 0.864103 -25.4345)
(-366.465 1.5127 -103.621 1.7149 0.962339 -25.8027)
(-344.266 1.3512 -100.324 1.103 0.852673 -25.4163)
(-351.509 1.49168 -101.696 1.66273 0.94793 -25.8254)
(-329.885 1.33619 -98.1609 1.07054 0.840862 -25.3156)
(-336.924 1.46997 -99.5992 1.6112 0.933138 -25.7633)
(-315.87 1.32028 -95.8523 1.03828 0.828669 -25.1358)
(-322.708 1.44767 -97.3482 1.56031 0.91797 -25.6196)
(-302.217 1.30354 -93.4146 1.00623 0.81609 -24.8808)
(-308.858 1.4248 -94.9602 1.51008 0.902433 -25.3981)
(-288.924 1.28602 -90.8635 0.974399 0.803127 -24.5546)
(-295.37 1.40143 -92.4515 1.46051 0.886537 -25.1027)
(-275.986 1.26775 -88.2141 0.942811 0.789782 -24.1616)
(-282.242 1.37759 -89.8374 1.4116 0.870289 -24.7377)
(-263.399 1.24878 -85.4806 0.911479 0.776057 -23.7062)
(-269.468 1.3533 -87.1325 1.36338 0.853701 -24.3075)
(-251.16 1.22914 -82.6764 0.880421 0.76196 -23.1932)
(-257.045 1.3286 -84.3507 1.31583 0.836784 -23.8169)
(-239.263 1.20887 -79.8144 0.849653 0.747496 -22.6274)
(-244.967 1.30352 -81.5051 1.26898 0.819549 -23.2705)
(-227.704 1.18799 -76.9064 0.819192 0.732675 -22.0134)
(-233.232 1.27806 -78.608 1.22284 0.802012 -22.6732)
(-216.478 1.16653 -73.964 0.789055 0.717508 -21.3562)
(-221.833 1.25225 -75.6713 1.17741 0.784185 -22.0299)
(-205.582 1.14451 -70.9977 0.759262 0.702007 -20.6605)
(-210.767 1.2261 -72.7058 1.1327 0.766086 -21.3453)
(-195.009 1.12197 -68.0178 0.729832 0.686187 -19.9311)
(-200.028 1.19964 -69.7221 1.08874 0.747729 -20.6244)
(-184.756 1.09891 -65.0337 0.700784 0.670062 -19.1728)
(-189.612 1.17287 -66.7299 1.04553 0.729134 -19.8718)
(-174.819 1.07537 -62.0543 0.67214 0.653648 -18.3902)
(-179.515 1.14581 -63.7383 1.00309 0.710318 -19.0923)
(-165.191 1.05137 -59.0881 0.643919 0.636964 -17.5876)
(-169.73 1.11846 -60.7562 0.961439 0.6913 -18.2905)
(-155.87 1.02691 -56.1429 0.61614 0.620026 -16.7697)
(-160.256 1.09084 -57.7914 0.92059 0.672098 -17.4709)
(-146.851 1.00203 -53.226 0.588825 0.602854 -15.9405)
(-151.085 1.06297 -54.8518 0.880561 0.652733 -16.6377)
(-138.13 0.976731 -50.3444 0.561992 0.585466 -15.1041)
(-142.216 1.03484 -51.9442 0.841367 0.633224 -15.7952)
(-129.703 0.951039 -47.5044 0.535662 0.567883 -14.2646)
(-133.643 1.00647 -49.0755 0.803026 0.61359 -14.9474)
(-121.565 0.924966 -44.712 0.509854 0.550123 -13.4255)
(-125.362 0.977869 -46.2518 0.765553 0.593852 -14.0982)
(-113.714 0.898526 -41.9729 0.484585 0.532208 -12.5906)
(-117.37 0.949039 -43.4787 0.728966 0.574029 -13.2512)
(-106.146 0.871735 -39.2923 0.459873 0.514155 -11.7632)
(-109.663 0.919989 -40.7618 0.693279 0.554141 -12.41)
(-98.8565 0.844604 -36.6748 0.435735 0.495987 -10.9465)
(-102.238 0.890725 -38.106 0.658505 0.534205 -11.5778)
(-91.8438 0.817147 -34.125 0.412186 0.477721 -10.1436)
(-95.0909 0.861255 -35.5159 0.624659 0.514242 -10.7579)
(-85.1043 0.789376 -31.6469 0.389241 0.459378 -9.35713)
(-88.219 0.831582 -32.9957 0.591753 0.494268 -9.95303)
(-78.6352 0.761303 -29.2445 0.366915 0.440977 -8.58988)
(-81.6193 0.801714 -30.5493 0.5598 0.474303 -9.16606)
(-72.434 0.732939 -26.921 0.345222 0.422537 -7.84427)
(-75.289 0.771656 -28.1804 0.528809 0.454363 -8.39953)
(-66.498 0.704295 -24.6797 0.324174 0.404075 -7.12254)
(-69.2256 0.741412 -25.8923 0.498792 0.434465 -7.6558)
(-60.8251 0.675383 -22.5236 0.303782 0.385609 -6.4268)
(-63.4265 0.710988 -23.688 0.469755 0.414625 -6.93706)
(-55.413 0.646211 -20.4551 0.284053 0.367156 -5.75895)
(-57.8897 0.680388 -21.5703 0.441707 0.394859 -6.24531)
(-50.2598 0.61679 -18.4768 0.26499 0.348731 -5.12072)
(-52.6129 0.649616 -19.5415 0.414644 0.375179 -5.5824)
(-45.3637 0.587134 -16.5907 0.246606 0.330353 -4.51369)
(-47.5943 0.618679 -17.6041 0.388563 0.355601 -4.95)
(-40.7229 0.557249 -14.7988 0.22893 0.312036 -3.93921)
(-42.832 0.587584 -15.7599 0.363492 0.336141 -4.34957)
(-36.3359 0.527124 -13.1028 0.211964 0.293788 -3.39854)
(-38.3245 0.556323 -14.0109 0.339464 0.316806 -3.78239)
(-32.2014 0.496761 -11.5042 0.195699 0.275616 -2.8928)
(-34.0702 0.524886 -12.3585 0.316456 0.297599 -3.24971)
(-28.318 0.46615 -10.0042 0.180155 0.257524 -2.42296)
(-30.0678 0.493262 -10.8043 0.294474 0.278521 -2.75257)
(-24.6846 0.435258 -8.60414 0.165356 0.239504 -1.98986)
(-26.3161 0.461423 -9.34929 0.273548 0.259568 -2.29187)
(-21.3002 0.404024 -7.30486 0.151338 0.221532 -1.5942)
(-22.814 0.429315 -7.99469 0.253714 0.240718 -1.8684)
(-18.1636 0.372346 -6.10722 0.138142 0.203566 -1.23658)
(-19.5604 0.396853 -6.74138 0.235024 0.221936 -1.48283)
(-15.2742 0.34006 -5.01192 0.125817 0.185529 -0.917526)
(-16.5546 0.363898 -5.59013 0.217549 0.203159 -1.13575)
(-12.6311 0.306922 -4.01958 0.114434 0.167308 -0.637519)
(-13.7959 0.330244 -4.54167 0.201385 0.184287 -0.827675)
(-10.2339 0.272587 -3.13078 0.104054 0.148739 -0.39704)
(-11.2838 0.295598 -3.59667 0.186645 0.165181 -0.559106)
(-8.08233 0.236625 -2.34619 0.0947037 0.129616 -0.196683)
(-9.01824 0.259589 -2.75584 0.173419 0.145661 -0.330611)
(-6.17661 0.198568 -1.66671 0.0863098 0.109719 -0.037271)
(-6.99956 0.221801 -2.0201 0.161719 0.125531 -0.142895)
(-4.51801 0.158088 -1.09381 0.078562 0.0889013 0.0799405)
(-5.22889 0.181905 -1.3907 0.151332 0.104646 0.00306869)
(-3.10927 0.115387 -0.629916 0.0705951 0.0672602 0.152995)
(-3.70853 0.139941 -0.869574 0.141512 0.0830447 0.105882)
(-1.95535 0.0719703 -0.278845 0.0603687 0.0454561 0.178978)
(-2.44248 0.0968715 -0.459475 0.130313 0.0611792 0.163587)
(-1.06299 0.0317661 -0.0461725 0.044632 0.0250916 0.155947)
(-1.43709 0.0554434 -0.163943 0.113603 0.0401736 0.17377)
(-0.439064 0.00189012 0.0638143 0.0145284 0.00863531 0.0861299)
(-0.698167 0.0209652 0.0139188 0.0847885 0.0218268 0.137466)
(-0.0881365 -0.00861982 0.0661276 -0.0467405 -0.00107719 -0.0249036)
(-0.232083 0.000528709 0.0768174 0.0280407 0.00792072 0.0627723)
(-0.0688076 -0.00299035 0.0347607 -0.0524035 0.000158094 -0.0357167)
(-871.652 -43.7888 -39.7659 -126.467 -1.49898 -28.0813)
(-929.579 -41.475 7.96275 -195.311 -4.06014 -35.9251)
(-857.925 -16.9967 -34.5621 -36.827 -0.83062 3.63053)
(-847.612 -21.2175 -12.1986 -67.581 -1.30243 2.26304)
(-848.432 -3.94574 -32.5694 -17.2475 -1.07257 -2.21107)
(-854.287 -7.81394 -26.4224 -29.0134 -1.14366 0.833289)
(-830.162 1.78484 -40.7461 -8.58136 -0.751761 -6.34674)
(-843.727 -1.10949 -36.7562 -15.7575 -0.948229 -5.45976)
(-807.158 3.87957 -50.1885 -2.25651 -0.274389 -7.45866)
(-822.16 1.8616 -46.2691 -6.11704 -0.561295 -7.16983)
(-782.759 4.25997 -58.8708 1.16564 0.134366 -8.29885)
(-797.903 2.87815 -55.2353 -0.417438 -0.169473 -7.92239)
(-758.366 3.9375 -66.739 2.78911 0.424554 -9.22211)
(-772.944 2.97711 -63.4736 2.43939 0.14004 -8.76656)
(-734.531 3.40128 -73.8178 3.47257 0.608844 -10.224)
(-748.278 2.71216 -70.9251 3.74252 0.354103 -9.73146)
(-711.413 2.8703 -80.1384 3.67571 0.715571 -11.2992)
(-724.343 2.35021 -77.5984 4.23122 0.489354 -10.7904)
(-688.998 2.428 -85.7419 3.65156 0.771539 -12.4308)
(-701.222 2.00887 -83.531 4.31504 0.568584 -11.9192)
(-667.214 2.09205 -90.67 3.53371 0.796875 -13.5977)
(-678.857 1.73037 -88.7679 4.21691 0.611319 -13.0932)
(-645.976 1.85176 -94.9627 3.38785 0.805031 -14.7796)
(-657.153 1.52086 -93.3526 4.05115 0.631747 -14.2903)
(-625.217 1.68719 -98.6571 3.24361 0.8043 -15.9577)
(-636.016 1.37143 -97.3241 3.87243 0.63929 -15.4903)
(-604.883 1.57798 -101.788 3.11207 0.799423 -17.115)
(-615.368 1.2687 -100.718 3.7039 0.639797 -16.6754)
(-584.94 1.50693 -104.387 2.99541 0.792894 -18.2367)
(-595.155 1.19969 -103.567 3.55283 0.636679 -17.8299)
(-565.369 1.46083 -106.486 2.89203 0.785886 -19.3098)
(-575.341 1.15366 -105.901 3.41921 0.631806 -18.9403)
(-546.158 1.43021 -108.115 2.79917 0.77885 -20.3237)
(-555.905 1.12251 -107.751 3.30023 0.626125 -19.9951)
(-527.304 1.40862 -109.301 2.71409 0.771884 -21.2692)
(-536.836 1.10047 -109.146 3.19251 0.620071 -20.9845)
(-508.809 1.39186 -110.073 2.63455 0.764933 -22.1388)
(-518.13 1.08368 -110.112 3.093 0.613808 -21.9005)
(-490.674 1.37732 -110.458 2.55886 0.757901 -22.9267)
(-499.788 1.06963 -110.678 2.99936 0.607379 -22.7365)
(-472.904 1.36347 -110.483 2.48586 0.750695 -23.6282)
(-481.811 1.05678 -110.871 2.90987 0.600775 -23.4874)
(-455.503 1.34946 -110.172 2.4148 0.743244 -24.2402)
(-464.202 1.04426 -110.715 2.82337 0.593974 -24.1493)
(-438.472 1.33487 -109.551 2.3452 0.735503 -24.7604)
(-446.965 1.03158 -110.237 2.73914 0.586958 -24.7196)
(-421.815 1.31954 -108.644 2.27678 0.727445 -25.1877)
(-430.102 1.01851 -109.46 2.65672 0.579715 -25.1968)
(-405.534 1.30342 -107.473 2.2094 0.719058 -25.522)
(-413.615 1.00498 -108.409 2.57586 0.572241 -25.5803)
(-389.629 1.28655 -106.06 2.14297 0.710339 -25.7639)
(-397.506 0.99096 -107.105 2.49641 0.564538 -25.8703)
(-374.1 1.26898 -104.427 2.07747 0.70129 -25.9148)
(-381.773 0.976496 -105.569 2.41829 0.55661 -26.0679)
(-358.945 1.2508 -102.593 2.01287 0.691916 -25.9767)
(-366.418 0.961628 -103.824 2.34149 0.548463 -26.1749)
(-344.164 1.23206 -100.579 1.94919 0.682224 -25.9522)
(-351.437 0.946402 -101.888 2.26597 0.540104 -26.1936)
(-329.754 1.21283 -98.4012 1.88641 0.67222 -25.8444)
(-336.83 0.930861 -99.7804 2.19174 0.531539 -26.1269)
(-315.713 1.19315 -96.0784 1.82455 0.661912 -25.6568)
(-322.594 0.915041 -97.519 2.1188 0.522775 -25.9782)
(-302.036 1.17306 -93.627 1.76361 0.651306 -25.3934)
(-308.726 0.898974 -95.1209 2.04712 0.513819 -25.7511)
(-288.721 1.1526 -91.0628 1.7036 0.64041 -25.0581)
(-295.222 0.882683 -92.6024 1.97672 0.504677 -25.4497)
(-275.764 1.13179 -88.4008 1.6445 0.62923 -24.6555)
(-282.079 0.86619 -89.9789 1.90759 0.495354 -25.0784)
(-263.16 1.11067 -85.6552 1.58634 0.617775 -24.1901)
(-269.291 0.849511 -87.265 1.83971 0.485858 -24.6416)
(-250.905 1.08924 -82.8396 1.52911 0.606054 -23.6666)
(-256.856 0.832661 -84.4746 1.7731 0.476194 -24.1439)
(-238.994 1.06754 -79.9666 1.47282 0.594077 -23.0898)
(-244.769 0.81565 -81.6208 1.70773 0.466371 -23.5903)
(-227.423 1.04557 -77.0482 1.41748 0.581852 -22.4645)
(-233.024 0.798491 -78.716 1.64362 0.456396 -22.9854)
(-216.187 1.02335 -74.096 1.3631 0.569392 -21.7956)
(-221.618 0.781191 -75.7719 1.58075 0.446275 -22.3343)
(-205.282 1.0009 -71.1205 1.30968 0.556708 -21.088)
(-210.545 0.763759 -72.7995 1.51914 0.436019 -21.6417)
(-194.702 0.978219 -68.1318 1.25724 0.543811 -20.3465)
(-199.8 0.746202 -69.8092 1.45878 0.425634 -20.9126)
(-184.444 0.955328 -65.1395 1.20579 0.530714 -19.5758)
(-189.38 0.728528 -66.8108 1.39967 0.415131 -20.1518)
(-174.501 0.932235 -62.1524 1.15535 0.517431 -18.7806)
(-179.279 0.710741 -63.8134 1.34183 0.404518 -19.3639)
(-164.871 0.908951 -59.179 1.10592 0.503975 -17.9654)
(-169.492 0.692847 -60.8258 1.28527 0.393805 -18.5535)
(-155.547 0.885484 -56.2269 1.05753 0.490358 -17.1346)
(-160.015 0.674852 -57.8559 1.22998 0.383001 -17.7252)
(-146.527 0.861842 -53.3037 1.01019 0.476596 -16.2925)
(-150.844 0.656761 -54.9114 1.17597 0.372115 -16.8834)
(-137.806 0.838035 -50.4161 0.963916 0.462702 -15.4431)
(-141.975 0.638577 -51.9994 1.12326 0.361158 -16.0321)
(-129.379 0.814068 -47.5705 0.918718 0.44869 -14.5906)
(-133.402 0.620305 -49.1265 1.07186 0.350139 -15.1755)
(-121.243 0.78995 -44.773 0.874614 0.434573 -13.7385)
(-125.122 0.601948 -46.2988 1.02176 0.339068 -14.3175)
(-113.394 0.765687 -42.029 0.83162 0.420367 -12.8906)
(-117.132 0.58351 -43.522 0.97299 0.327954 -13.4617)
(-105.828 0.741283 -39.3437 0.789747 0.406083 -12.0502)
(-109.428 0.564993 -40.8017 0.925546 0.316807 -12.6117)
(-98.5427 0.716746 -36.7219 0.74901 0.391736 -11.2205)
(-102.005 0.546401 -38.1426 0.879438 0.305635 -11.7707)
(-91.5341 0.69208 -34.168 0.70942 0.37734 -10.4046)
(-94.8611 0.527735 -35.5493 0.834672 0.294449 -10.942)
(-84.7992 0.667291 -31.6861 0.670988 0.362906 -9.60541)
(-87.9928 0.508999 -33.0262 0.791255 0.283256 -10.1285)
(-78.3353 0.642382 -29.2799 0.633723 0.348447 -8.82545)
(-81.3971 0.490196 -30.5771 0.749191 0.272066 -9.3329)
(-72.1397 0.617359 -26.953 0.597636 0.333976 -8.06724)
(-75.0711 0.471326 -28.2056 0.708485 0.260886 -8.55781)
(-66.2097 0.592226 -24.7083 0.562733 0.319504 -7.33306)
(-69.0122 0.452393 -25.915 0.66914 0.249725 -7.80559)
(-60.543 0.566986 -22.5489 0.52902 0.305042 -6.62499)
(-63.218 0.433397 -23.7083 0.631157 0.23859 -7.07845)
(-55.1376 0.541643 -20.4773 0.4965 0.290601 -5.94496)
(-57.6863 0.414341 -21.5882 0.594537 0.227488 -6.3784)
(-49.9912 0.516201 -18.4959 0.465162 0.276191 -5.29474)
(-52.4147 0.395226 -19.5572 0.559271 0.216426 -5.70729)
(-45.1022 0.490666 -16.6067 0.435017 0.261824 -4.67589)
(-47.4015 0.376054 -17.6175 0.525343 0.205412 -5.06681)
(-40.4686 0.46504 -14.8118 0.406104 0.247508 -4.08979)
(-42.6449 0.356828 -15.7712 0.492781 0.194451 -4.45842)
(-36.0891 0.439311 -13.1128 0.378431 0.233246 -3.53768)
(-38.143 0.337544 -14.0199 0.461628 0.183547 -3.88341)
(-31.9621 0.413468 -11.5112 0.351981 0.219038 -3.0207)
(-33.8945 0.318191 -12.3654 0.431852 0.1727 -3.343)
(-28.0864 0.387496 -10.0082 0.326777 0.204882 -2.53986)
(-29.898 0.298758 -10.809 0.403455 0.161908 -2.83828)
(-24.4608 0.361356 -8.60512 0.302864 0.190766 -2.09597)
(-26.1522 0.279224 -9.35183 0.376479 0.151164 -2.37015)
(-21.0844 0.334992 -7.30283 0.280289 0.176665 -1.68978)
(-22.6561 0.259555 -7.99509 0.35097 0.140455 -1.93942)
(-17.9561 0.308309 -6.10225 0.259122 0.162536 -1.32195)
(-19.4088 0.239694 -6.73966 0.327002 0.129754 -1.54678)
(-15.0755 0.281161 -5.00416 0.239465 0.148311 -0.993051)
(-16.4096 0.219552 -5.58642 0.30468 0.119019 -1.19286)
(-12.442 0.253344 -4.00932 0.221436 0.13389 -0.703619)
(-13.658 0.199 -4.53614 0.284137 0.108187 -0.87821)
(-10.0557 0.224589 -3.11853 0.205129 0.119143 -0.454243)
(-11.1538 0.177868 -3.58964 0.265514 0.097175 -0.603404)
(-7.9168 0.194591 -2.33273 0.190555 0.103923 -0.245625)
(-8.89731 0.155955 -2.74783 0.248899 0.0858841 -0.369082)
(-6.02647 0.163076 -1.65317 0.177496 0.0881028 -0.0786781)
(-6.88939 0.133063 -2.01182 0.234221 0.0742209 -0.176019)
(-4.38669 0.129979 -1.08162 0.165225 0.0716666 0.0453401)
(-5.13165 0.109095 -1.38308 0.221015 0.0621445 -0.0252262)
(-3.00064 0.0957627 -0.620626 0.15194 0.054856 0.124663)
(-3.62667 0.0842306 -0.863644 0.207989 0.0497501 0.0819539)
(-1.87283 0.0619061 -0.27359 0.133814 0.0383791 0.156724)
(-2.37817 0.0592137 -0.456151 0.19219 0.037385 0.143714)
(-1.00788 0.0314553 -0.0451977 0.104922 0.0235818 0.139739)
(-1.39133 0.0356799 -0.163676 0.167967 0.0257729 0.157707)
(-0.408517 0.00898339 0.0606743 0.054353 0.0122614 0.0753866)
(-0.670074 0.0162968 0.0112637 0.127169 0.0160478 0.124696)
(-0.0765959 -0.00193703 0.0599253 -0.0308901 0.00596835 -0.0309311)
(-0.21934 0.00387721 0.0718433 0.0544446 0.00940582 0.0529994)
(-0.0671614 -0.00112286 0.0326508 -0.0407528 0.00679339 -0.0413336)
(-870.956 -15.0279 -40.0325 -147.178 -0.660358 -29.4102)
(-933.978 -3.28185e-08 8.92225 -205.99 9.25938e-09 -35.0285)
(-859.041 -6.77957 -35.0071 -49.8319 -0.403175 4.59683)
(-846.815 -4.27745e-08 -11.5493 -76.3352 5.55666e-09 3.058)
(-853.446 -2.08666 -32.3476 -24.8082 -0.467544 -1.2673)
(-855.515 -4.20549e-08 -26.0842 -34.541 1.92236e-09 1.59715)
(-836.722 0.262745 -40.5205 -12.6845 -0.338838 -5.89518)
(-846.543 -4.9807e-08 -36.5803 -18.9592 -5.85907e-10 -5.08051)
(-813.427 1.2369 -50.1863 -4.14017 -0.15252 -7.25026)
(-825.297 -4.98421e-08 -46.224 -7.73877 6.70262e-09 -6.9833)
(-787.994 1.50036 -59.0402 0.592991 0.010355 -8.22121)
(-800.718 -3.20902e-08 -55.287 -1.06723 1.18195e-08 -7.82907)
(-762.445 1.44913 -67 2.94017 0.128863 -9.23474)
(-775.231 -2.13568e-08 -63.5851 2.33852 2.77411e-09 -8.73631)
(-737.587 1.28586 -74.1155 4.00079 0.206169 -10.3011)
(-750.036 -1.28447e-08 -71.0664 3.93432 -4.61991e-09 -9.74748)
(-713.653 1.10552 -80.4412 4.3824 0.252448 -11.4219)
(-725.653 -2.18478e-08 -77.7495 4.56766 -8.18465e-09 -10.8394)
(-690.624 0.947511 -86.0342 4.42715 0.277894 -12.5854)
(-702.182 -5.77628e-08 -83.6805 4.71342 -1.06153e-08 -11.9911)
(-668.395 0.823489 -90.9458 4.32116 0.290414 -13.7745)
(-679.558 -6.50136e-08 -88.9106 4.63333 -5.01588e-09 -13.1808)
(-646.845 0.73245 -95.2211 4.15978 0.295436 -14.972)
(-657.668 -4.48252e-08 -93.4867 4.46387 1.8623e-09 -14.3885)
(-625.869 0.668597 -98.8998 3.98856 0.296397 -16.1611)
(-636.399 -3.12029e-08 -97.4499 4.27185 2.45865e-09 -15.5958)
(-605.385 0.625176 -102.017 3.82663 0.295324 -17.3265)
(-615.66 -2.99008e-08 -100.836 4.08669 -1.39172e-09 -16.786)
(-585.337 0.596141 -104.605 3.67987 0.293329 -18.4543)
(-595.384 -3.71675e-08 -103.679 3.91866 -7.93675e-09 -17.9441)
(-565.691 0.576698 -106.695 3.5481 0.29097 -19.5321)
(-575.526 -4.00948e-08 -106.008 3.76896 -1.32359e-08 -19.0572)
(-546.424 0.563323 -108.315 3.42885 0.288489 -20.5497)
(-556.057 -3.29737e-08 -107.854 3.63515 -1.47249e-08 -20.1139)
(-527.527 0.553572 -109.494 3.31925 0.285969 -21.4979)
(-536.963 -2.36006e-08 -109.244 3.51379 -1.25975e-08 -21.1047)
(-508.996 0.545825 -110.259 3.21675 0.283415 -22.3697)
(-518.238 -2.20834e-08 -110.207 3.40169 -1.01149e-08 -22.0217)
(-490.831 0.539063 -110.637 3.11937 0.280808 -23.159)
(-499.879 -2.44854e-08 -110.77 3.29626 -1.04618e-08 -22.8584)
(-473.033 0.532674 -110.655 3.02569 0.278121 -23.8615)
(-481.887 -2.69792e-08 -110.959 3.19564 -1.17194e-08 -23.6096)
(-455.607 0.526313 -110.337 2.93478 0.275332 -24.4738)
(-464.265 -3.04315e-08 -110.8 3.09854 -1.242e-08 -24.2716)
(-438.553 0.519802 -109.71 2.84603 0.272427 -24.9938)
(-447.016 -3.49297e-08 -110.318 3.00411 -1.40523e-08 -24.8418)
(-421.874 0.513063 -108.795 2.75909 0.269398 -25.4205)
(-430.141 -4.06873e-08 -109.538 2.91186 -1.56644e-08 -25.3185)
(-405.573 0.506074 -107.617 2.67375 0.266242 -25.7537)
(-413.644 -4.29731e-08 -108.483 2.82148 -1.2498e-08 -25.7013)
(-389.648 0.498843 -106.198 2.58989 0.262959 -25.9941)
(-397.524 -3.76009e-08 -107.175 2.73281 -6.91095e-09 -25.9905)
(-374.101 0.49139 -104.557 2.50747 0.259552 -26.1431)
(-381.782 -3.08579e-08 -105.637 2.64576 -5.73363e-09 -26.1871)
(-358.931 0.483737 -102.717 2.42646 0.256023 -26.2028)
(-366.418 -3.15858e-08 -103.888 2.56027 -1.11905e-08 -26.2928)
(-344.134 0.475909 -100.695 2.34684 0.252376 -26.1757)
(-351.43 -3.81248e-08 -101.948 2.47634 -1.70395e-08 -26.3101)
(-329.711 0.467927 -98.5114 2.26861 0.248615 -26.065)
(-336.815 -3.95775e-08 -99.8374 2.39395 -1.76913e-08 -26.2419)
(-315.656 0.459807 -96.1822 2.19176 0.244743 -25.8742)
(-322.572 -3.67582e-08 -97.5727 2.31309 -1.60876e-08 -26.0914)
(-301.968 0.451566 -93.7247 2.11629 0.240763 -25.6073)
(-308.698 -3.43823e-08 -95.1715 2.23375 -1.38731e-08 -25.8625)
(-288.642 0.443214 -91.1546 2.04218 0.236679 -25.2683)
(-295.188 -3.05796e-08 -92.65 2.15592 -1.17588e-08 -25.5592)
(-275.675 0.434761 -88.4869 1.96944 0.232494 -24.8618)
(-282.04 -2.72647e-08 -90.0236 2.07958 -1.30674e-08 -25.1858)
(-263.063 0.426216 -85.7359 1.89805 0.228211 -24.3922)
(-269.248 -2.76856e-08 -87.3069 2.00474 -1.49192e-08 -24.7468)
(-250.8 0.417587 -82.915 1.82801 0.223835 -23.8643)
(-256.809 -3.20907e-08 -84.5139 1.93137 -1.57436e-08 -24.2469)
(-238.883 0.408878 -80.0371 1.75932 0.219369 -23.283)
(-244.717 -3.66876e-08 -81.6575 1.85946 -1.84779e-08 -23.6909)
(-227.306 0.400096 -77.1141 1.69197 0.214816 -22.6531)
(-232.969 -3.78454e-08 -78.7503 1.78902 -2.25818e-08 -23.0837)
(-216.065 0.391245 -74.1574 1.62597 0.210182 -21.9795)
(-221.56 -3.6627e-08 -75.8039 1.72004 -2.55087e-08 -22.43)
(-205.155 0.38233 -71.1777 1.5613 0.20547 -21.267)
(-210.485 -3.30655e-08 -72.8293 1.6525 -2.62307e-08 -21.735)
(-194.572 0.373353 -68.185 1.49799 0.200685 -20.5204)
(-199.738 -2.73203e-08 -69.8369 1.58642 -2.69398e-08 -21.0033)
(-184.31 0.36432 -65.189 1.43602 0.195831 -19.7447)
(-189.316 -2.17018e-08 -66.8366 1.52178 -2.88131e-08 -20.2398)
(-174.365 0.355233 -62.1984 1.37541 0.190913 -18.9443)
(-179.213 -1.37735e-08 -63.8374 1.4586 -3.07837e-08 -19.4492)
(-164.733 0.346094 -59.2216 1.31617 0.185936 -18.1238)
(-169.425 -3.91346e-09 -60.848 1.39686 -3.57613e-08 -18.6361)
(-155.408 0.336908 -56.2665 1.25829 0.180905 -17.2877)
(-159.948 -4.11644e-09 -57.8766 1.33658 -4.89349e-08 -17.8051)
(-146.387 0.327676 -53.3403 1.20179 0.175824 -16.4403)
(-150.776 -1.54118e-08 -54.9306 1.27776 -6.06259e-08 -16.9605)
(-137.665 0.3184 -50.45 1.14668 0.170699 -15.5856)
(-141.906 -1.96726e-08 -52.0171 1.22041 -5.74819e-08 -16.1065)
(-129.239 0.309084 -47.6018 1.09296 0.165535 -14.7276)
(-133.334 -1.50375e-08 -49.1428 1.16452 -4.88896e-08 -15.2472)
(-121.103 0.299729 -44.8019 1.04065 0.160335 -13.8702)
(-125.054 -9.88961e-09 -46.3139 1.11011 -4.43682e-08 -14.3864)
(-113.255 0.290336 -42.0557 0.989749 0.155106 -13.0169)
(-117.064 -1.26282e-09 -43.536 1.05718 -4.07183e-08 -13.5278)
(-105.691 0.280908 -39.3683 0.940266 0.149851 -12.1711)
(-109.36 3.94038e-09 -40.8145 1.00573 -3.62506e-08 -12.6751)
(-98.4068 0.271446 -36.7445 0.892207 0.144576 -11.3361)
(-101.938 1.61913e-09 -38.1544 0.955776 -3.33834e-08 -11.8314)
(-91.4 0.261951 -34.1887 0.845579 0.139284 -10.5149)
(-94.795 2.52324e-09 -35.5602 0.907308 -3.15007e-08 -10.9999)
(-84.6672 0.252425 -31.7051 0.800387 0.133981 -9.71036)
(-87.9276 7.10259e-09 -33.0362 0.860335 -3.00319e-08 -10.1837)
(-78.2056 0.242869 -29.2972 0.756636 0.128671 -8.92515)
(-81.3329 1.33848e-08 -30.5862 0.814858 -2.69831e-08 -9.38539)
(-72.0124 0.233285 -26.9687 0.714329 0.123357 -8.16173)
(-75.008 2.31933e-08 -28.2139 0.770878 -2.21225e-08 -8.60762)
(-66.0851 0.223673 -24.7225 0.673467 0.118044 -7.42237)
(-68.9504 2.5881e-08 -25.9225 0.728396 -2.35812e-08 -7.85276)
(-60.4213 0.214034 -22.5616 0.634051 0.112736 -6.7092)
(-63.1576 1.85216e-08 -23.7151 0.68741 -3.07891e-08 -7.12301)
(-55.0188 0.20437 -20.4886 0.596077 0.107435 -6.02412)
(-57.6272 1.79621e-08 -21.5942 0.647917 -3.52601e-08 -6.42037)
(-49.8756 0.19468 -18.5057 0.559529 0.102146 -5.36892)
(-52.3572 2.60115e-08 -19.5625 0.609905 -3.89359e-08 -5.74671)
(-44.9897 0.184967 -16.6152 0.524411 0.0968725 -4.74517)
(-47.3455 4.12354e-09 -17.6221 0.573356 -5.93232e-08 -5.10371)
(-40.3595 0.175231 -14.819 0.490767 0.0916168 -4.15423)
(-42.5904 -7.28089e-08 -15.7751 0.538295 -9.69404e-08 -4.49286)
(-35.9833 0.165467 -13.1186 0.458604 0.0863796 -3.59735)
(-38.0902 -1.21871e-07 -14.0232 0.504768 -1.0589e-07 -3.91541)
(-31.8598 0.155669 -11.5157 0.427898 0.0811605 -3.0757)
(-33.8434 -1.00573e-07 -12.368 0.472742 -8.45732e-08 -3.37261)
(-27.9876 0.145831 -10.0114 0.398675 0.0759577 -2.59025)
(-29.8486 -7.96117e-08 -10.8109 0.442216 -5.71326e-08 -2.86554)
(-24.3656 0.135935 -8.60699 0.370979 0.070765 -2.14189)
(-26.1046 -5.6913e-08 -9.35311 0.413237 -3.14396e-08 -2.3951)
(-20.9929 0.125962 -7.30344 0.34487 0.0655738 -1.73136)
(-22.6103 -3.27899e-08 -7.99572 0.38585 -2.18359e-08 -1.96214)
(-17.8686 0.115872 -6.10167 0.320444 0.060366 -1.35931)
(-19.3649 -3.40011e-08 -6.73968 0.360144 -3.30832e-08 -1.56734)
(-14.9922 0.10561 -5.00251 0.297818 0.0551147 -1.02637)
(-16.3677 -3.74351e-08 -5.58587 0.336233 -4.5949e-08 -1.21132)
(-12.3635 0.0950988 -4.00682 0.277122 0.0497827 -0.733113)
(-13.6183 -2.97905e-08 -4.5351 0.31426 -4.72954e-08 -0.894675)
(-9.98266 0.0842441 -3.11549 0.258457 0.0443232 -0.480181)
(-11.1167 -3.16209e-08 -3.58825 0.29437 -5.36798e-08 -0.617996)
(-7.85028 0.0729431 -2.3296 0.241796 0.0386868 -0.26832)
(-8.86317 -5.46385e-08 -2.74627 0.276644 -6.82551e-08 -0.381945)
(-5.96773 0.0611201 -1.65052 0.226801 0.0328386 -0.0984647)
(-6.85879 -8.92126e-08 -2.01035 0.260966 -7.15835e-08 -0.187317)
(-4.33712 0.048794 -1.08008 0.212479 0.0267936 0.0281748)
(-5.10528 -6.96612e-08 -1.38199 0.24676 -2.53365e-08 -0.0351223)
(-2.96148 0.0361905 -0.620686 0.196542 0.0206696 0.109977)
(-3.60517 7.25371e-08 -0.863214 0.232526 8.46859e-08 0.0733378)
(-1.8446 0.0238878 -0.275391 0.174405 0.0147501 0.144564)
(-2.36193 4.71988e-07 -0.456577 0.214976 2.94162e-07 0.136334)
(-0.98994 0.0129327 -0.0482995 0.139212 0.0095224 0.130072)
(-1.38025 1.04396e-06 -0.164938 0.18803 3.93908e-07 0.151572)
(-0.398897 0.00474737 0.0570645 0.0798428 0.00560961 0.0677277)
(-0.663533 4.54402e-07 0.00943408 0.143213 -3.05083e-07 0.11967)
(-0.0732158 0.00020802 0.0569147 -0.0135537 0.00351659 -0.0359568)
(-0.216626 -2.14465e-06 0.0698864 0.0657268 -1.50596e-06 0.0489185)
(-0.0669554 -1.4625e-06 0.0320853 -0.0328462 8.14911e-08 -0.0436826)
(-870.956 15.0279 -40.0325 -147.178 0.660358 -29.4102)
(-929.579 41.475 7.96275 -195.311 4.06014 -35.9251)
(-859.041 6.77957 -35.0071 -49.8319 0.403175 4.59683)
(-847.612 21.2175 -12.1986 -67.581 1.30243 2.26304)
(-853.446 2.08666 -32.3476 -24.8082 0.467544 -1.2673)
(-854.287 7.81394 -26.4224 -29.0134 1.14366 0.833289)
(-836.722 -0.262745 -40.5205 -12.6845 0.338838 -5.89518)
(-843.727 1.10949 -36.7562 -15.7575 0.948229 -5.45976)
(-813.427 -1.2369 -50.1863 -4.14017 0.15252 -7.25026)
(-822.16 -1.8616 -46.2691 -6.11704 0.561295 -7.16983)
(-787.994 -1.50036 -59.0402 0.59299 -0.010355 -8.22121)
(-797.903 -2.87815 -55.2353 -0.417438 0.169473 -7.92239)
(-762.445 -1.44913 -67 2.94017 -0.128863 -9.23474)
(-772.944 -2.97711 -63.4736 2.43939 -0.14004 -8.76656)
(-737.587 -1.28586 -74.1155 4.00079 -0.206169 -10.3011)
(-748.278 -2.71216 -70.9251 3.74252 -0.354103 -9.73146)
(-713.653 -1.10552 -80.4412 4.3824 -0.252448 -11.4219)
(-724.343 -2.35021 -77.5984 4.23122 -0.489354 -10.7904)
(-690.624 -0.947511 -86.0342 4.42715 -0.277894 -12.5854)
(-701.222 -2.00887 -83.531 4.31504 -0.568584 -11.9192)
(-668.395 -0.823489 -90.9458 4.32116 -0.290414 -13.7745)
(-678.857 -1.73037 -88.7679 4.21691 -0.611319 -13.0932)
(-646.845 -0.73245 -95.2211 4.15978 -0.295436 -14.972)
(-657.153 -1.52086 -93.3526 4.05115 -0.631747 -14.2903)
(-625.869 -0.668597 -98.8998 3.98856 -0.296397 -16.1611)
(-636.016 -1.37143 -97.3241 3.87243 -0.63929 -15.4903)
(-605.385 -0.625176 -102.017 3.82663 -0.295324 -17.3265)
(-615.368 -1.2687 -100.718 3.7039 -0.639797 -16.6754)
(-585.337 -0.596141 -104.605 3.67987 -0.293329 -18.4543)
(-595.155 -1.19969 -103.567 3.55283 -0.636679 -17.8299)
(-565.691 -0.576698 -106.695 3.5481 -0.29097 -19.5321)
(-575.341 -1.15366 -105.901 3.41921 -0.631806 -18.9403)
(-546.424 -0.563323 -108.315 3.42885 -0.288489 -20.5497)
(-555.905 -1.12251 -107.751 3.30023 -0.626125 -19.9951)
(-527.527 -0.553572 -109.494 3.31925 -0.285969 -21.4979)
(-536.836 -1.10047 -109.146 3.19251 -0.620071 -20.9845)
(-508.996 -0.545825 -110.259 3.21675 -0.283415 -22.3697)
(-518.13 -1.08368 -110.112 3.093 -0.613808 -21.9005)
(-490.831 -0.539064 -110.637 3.11937 -0.280808 -23.159)
(-499.788 -1.06963 -110.678 2.99936 -0.607379 -22.7365)
(-473.033 -0.532674 -110.655 3.02569 -0.278121 -23.8615)
(-481.811 -1.05678 -110.871 2.90987 -0.600775 -23.4874)
(-455.607 -0.526313 -110.337 2.93478 -0.275332 -24.4738)
(-464.202 -1.04426 -110.715 2.82337 -0.593974 -24.1493)
(-438.553 -0.519802 -109.71 2.84603 -0.272427 -24.9938)
(-446.965 -1.03158 -110.237 2.73914 -0.586958 -24.7196)
(-421.874 -0.513063 -108.795 2.75909 -0.269398 -25.4205)
(-430.102 -1.01851 -109.46 2.65672 -0.579715 -25.1968)
(-405.573 -0.506074 -107.617 2.67375 -0.266242 -25.7537)
(-413.615 -1.00498 -108.409 2.57586 -0.572241 -25.5803)
(-389.648 -0.498843 -106.198 2.58989 -0.262959 -25.9941)
(-397.506 -0.99096 -107.105 2.49641 -0.564538 -25.8703)
(-374.101 -0.49139 -104.557 2.50747 -0.259552 -26.1431)
(-381.773 -0.976496 -105.569 2.41829 -0.55661 -26.0679)
(-358.931 -0.483737 -102.717 2.42646 -0.256023 -26.2028)
(-366.418 -0.961628 -103.824 2.34149 -0.548463 -26.1749)
(-344.134 -0.47591 -100.695 2.34684 -0.252376 -26.1757)
(-351.437 -0.946402 -101.888 2.26597 -0.540104 -26.1936)
(-329.711 -0.467927 -98.5114 2.26861 -0.248615 -26.065)
(-336.83 -0.930861 -99.7804 2.19174 -0.531539 -26.1269)
(-315.656 -0.459808 -96.1822 2.19176 -0.244743 -25.8742)
(-322.594 -0.915041 -97.519 2.1188 -0.522775 -25.9782)
(-301.968 -0.451566 -93.7247 2.11629 -0.240763 -25.6073)
(-308.726 -0.898974 -95.1209 2.04712 -0.513819 -25.7511)
(-288.642 -0.443214 -91.1546 2.04218 -0.236679 -25.2683)
(-295.222 -0.882683 -92.6024 1.97672 -0.504677 -25.4497)
(-275.675 -0.434761 -88.4869 1.96944 -0.232494 -24.8618)
(-282.079 -0.86619 -89.9789 1.90759 -0.495354 -25.0784)
(-263.063 -0.426217 -85.7359 1.89805 -0.228211 -24.3922)
(-269.291 -0.849511 -87.265 1.83971 -0.485858 -24.6416)
(-250.8 -0.417587 -82.915 1.82801 -0.223835 -23.8643)
(-256.856 -0.832661 -84.4746 1.7731 -0.476194 -24.1439)
(-238.883 -0.408879 -80.0371 1.75932 -0.219369 -23.283)
(-244.769 -0.81565 -81.6208 1.70773 -0.466371 -23.5903)
(-227.306 -0.400096 -77.1141 1.69197 -0.214816 -22.6531)
(-233.024 -0.798491 -78.716 1.64362 -0.456396 -22.9854)
(-216.065 -0.391245 -74.1574 1.62597 -0.210182 -21.9795)
(-221.618 -0.781191 -75.7719 1.58075 -0.446275 -22.3343)
(-205.155 -0.38233 -71.1777 1.5613 -0.20547 -21.267)
(-210.545 -0.763759 -72.7995 1.51914 -0.436019 -21.6417)
(-194.572 -0.373354 -68.185 1.49799 -0.200685 -20.5204)
(-199.8 -0.746202 -69.8092 1.45878 -0.425634 -20.9126)
(-184.31 -0.36432 -65.189 1.43602 -0.195831 -19.7447)
(-189.38 -0.728528 -66.8108 1.39967 -0.415131 -20.1518)
(-174.365 -0.355233 -62.1984 1.37541 -0.190913 -18.9443)
(-179.279 -0.710741 -63.8134 1.34183 -0.404518 -19.3639)
(-164.733 -0.346094 -59.2216 1.31617 -0.185936 -18.1238)
(-169.492 -0.692847 -60.8258 1.28527 -0.393805 -18.5535)
(-155.408 -0.336908 -56.2665 1.25829 -0.180905 -17.2877)
(-160.015 -0.674853 -57.8559 1.22998 -0.383 -17.7252)
(-146.387 -0.327676 -53.3403 1.20179 -0.175824 -16.4403)
(-150.844 -0.656761 -54.9114 1.17597 -0.372115 -16.8834)
(-137.665 -0.3184 -50.45 1.14668 -0.170699 -15.5856)
(-141.975 -0.638577 -51.9994 1.12326 -0.361158 -16.0321)
(-129.239 -0.309084 -47.6018 1.09296 -0.165535 -14.7276)
(-133.402 -0.620305 -49.1265 1.07186 -0.350139 -15.1755)
(-121.103 -0.299729 -44.8019 1.04065 -0.160335 -13.8702)
(-125.122 -0.601948 -46.2988 1.02176 -0.339068 -14.3175)
(-113.255 -0.290336 -42.0557 0.989749 -0.155106 -13.0169)
(-117.132 -0.58351 -43.522 0.97299 -0.327954 -13.4617)
(-105.691 -0.280908 -39.3683 0.940266 -0.149851 -12.1711)
(-109.428 -0.564993 -40.8017 0.925546 -0.316807 -12.6117)
(-98.4068 -0.271446 -36.7445 0.892207 -0.144576 -11.3361)
(-102.005 -0.546401 -38.1426 0.879438 -0.305635 -11.7707)
(-91.4 -0.261951 -34.1887 0.845579 -0.139284 -10.5149)
(-94.8611 -0.527735 -35.5493 0.834672 -0.294449 -10.942)
(-84.6672 -0.252425 -31.7051 0.800388 -0.133981 -9.71036)
(-87.9928 -0.509 -33.0262 0.791255 -0.283256 -10.1285)
(-78.2056 -0.242869 -29.2972 0.756636 -0.128671 -8.92515)
(-81.3971 -0.490196 -30.5771 0.749191 -0.272066 -9.3329)
(-72.0124 -0.233285 -26.9687 0.714329 -0.123357 -8.16172)
(-75.0711 -0.471326 -28.2056 0.708485 -0.260886 -8.55781)
(-66.0851 -0.223673 -24.7225 0.673467 -0.118044 -7.42237)
(-69.0122 -0.452393 -25.915 0.66914 -0.249725 -7.80559)
(-60.4213 -0.214034 -22.5616 0.634051 -0.112736 -6.7092)
(-63.218 -0.433397 -23.7083 0.631157 -0.23859 -7.07845)
(-55.0188 -0.20437 -20.4886 0.596078 -0.107435 -6.02412)
(-57.6863 -0.414341 -21.5882 0.594537 -0.227488 -6.3784)
(-49.8756 -0.19468 -18.5057 0.55953 -0.102146 -5.36891)
(-52.4147 -0.395226 -19.5572 0.559271 -0.216426 -5.70729)
(-44.9897 -0.184967 -16.6152 0.524412 -0.0968725 -4.74516)
(-47.4015 -0.376054 -17.6175 0.525343 -0.205412 -5.0668)
(-40.3595 -0.175231 -14.819 0.490768 -0.0916168 -4.15423)
(-42.6449 -0.356828 -15.7712 0.492782 -0.194451 -4.45842)
(-35.9833 -0.165467 -13.1186 0.458604 -0.0863797 -3.59735)
(-38.143 -0.337544 -14.0199 0.461628 -0.183547 -3.88341)
(-31.8598 -0.15567 -11.5157 0.427898 -0.0811605 -3.0757)
(-33.8945 -0.318191 -12.3654 0.431852 -0.1727 -3.343)
(-27.9876 -0.145831 -10.0114 0.398675 -0.0759577 -2.59025)
(-29.898 -0.298758 -10.809 0.403455 -0.161908 -2.83828)
(-24.3656 -0.135935 -8.60699 0.370979 -0.070765 -2.14189)
(-26.1522 -0.279224 -9.35183 0.376479 -0.151164 -2.37015)
(-20.9929 -0.125962 -7.30344 0.34487 -0.0655738 -1.73136)
(-22.6561 -0.259555 -7.99509 0.35097 -0.140455 -1.93942)
(-17.8686 -0.115872 -6.10167 0.320444 -0.0603661 -1.35931)
(-19.4088 -0.239694 -6.73966 0.327002 -0.129754 -1.54678)
(-14.9922 -0.10561 -5.00251 0.297818 -0.0551147 -1.02637)
(-16.4096 -0.219552 -5.58642 0.30468 -0.119019 -1.19286)
(-12.3635 -0.0950989 -4.00682 0.277123 -0.0497827 -0.733113)
(-13.658 -0.199 -4.53614 0.284137 -0.108187 -0.87821)
(-9.98266 -0.0842441 -3.11549 0.258457 -0.0443233 -0.480181)
(-11.1538 -0.177869 -3.58964 0.265514 -0.097175 -0.603404)
(-7.85028 -0.0729432 -2.3296 0.241796 -0.0386869 -0.26832)
(-8.89731 -0.155956 -2.74783 0.248899 -0.0858842 -0.369083)
(-5.96773 -0.0611202 -1.65052 0.226801 -0.0328387 -0.0984652)
(-6.88939 -0.133063 -2.01182 0.234221 -0.074221 -0.17602)
(-4.33712 -0.048794 -1.08008 0.212479 -0.0267937 0.0281738)
(-5.13165 -0.109095 -1.38308 0.221015 -0.0621446 -0.0252273)
(-2.96148 -0.0361901 -0.620685 0.196541 -0.0206694 0.109976)
(-3.62667 -0.0842305 -0.863643 0.207988 -0.0497501 0.0819523)
(-1.8446 -0.0238865 -0.275391 0.174404 -0.0147495 0.144563)
(-2.37817 -0.0592133 -0.45615 0.192189 -0.0373849 0.143712)
(-0.989937 -0.0129311 -0.0483012 0.139215 -0.00952158 0.130076)
(-1.39133 -0.0356794 -0.163676 0.167967 -0.0257726 0.157708)
(-0.398893 -0.00474887 0.05706 0.0798489 -0.00561018 0.0677397)
(-0.67007 -0.0162972 0.0112609 0.127173 -0.0160477 0.124706)
(-0.0732191 -0.000213317 0.0569179 -0.0135583 -0.00351916 -0.0359616)
(-0.219333 -0.00387866 0.0718403 0.0544487 -0.00940642 0.0530134)
(-0.0671824 0.00112202 0.0326526 -0.0407598 -0.00679436 -0.0413555)
(-871.652 43.7888 -39.7659 -126.467 1.49898 -28.0813)
(-916.119 86.9446 4.24527 -155.883 5.40974 -34.3767)
(-857.925 16.9967 -34.5621 -36.827 0.83062 3.63053)
(-844.706 36.3628 -14.3336 -39.5335 0.23553 3.53219)
(-848.432 3.94574 -32.5694 -17.2475 1.07257 -2.21107)
(-845.572 10.1195 -27.3973 -13.8294 1.02326 0.0884223)
(-830.162 -1.78484 -40.7461 -8.58136 0.751761 -6.34674)
(-832.061 -0.535797 -37.1376 -7.89152 1.12583 -6.01488)
(-807.158 -3.87957 -50.1885 -2.25651 0.274389 -7.45866)
(-811.194 -4.4474 -46.2489 -2.47129 0.579896 -7.45505)
(-782.759 -4.25997 -58.8708 1.16564 -0.134366 -8.29885)
(-788.906 -5.41271 -54.9517 0.813077 -0.0160253 -8.05274)
(-758.366 -3.9375 -66.739 2.78911 -0.424554 -9.22211)
(-766.031 -5.15267 -63.0445 2.35822 -0.470914 -8.77327)
(-734.531 -3.40128 -73.8178 3.47257 -0.608844 -10.224)
(-743.164 -4.47998 -70.4351 2.98797 -0.773332 -9.63627)
(-711.413 -2.8703 -80.1384 3.67571 -0.715571 -11.2992)
(-720.642 -3.76026 -77.0992 3.16323 -0.95641 -10.6169)
(-688.998 -2.428 -85.7419 3.65156 -0.771539 -12.4308)
(-698.568 -3.14101 -83.0491 3.1292 -1.05781 -11.6881)
(-667.214 -2.09205 -90.67 3.53371 -0.796875 -13.5977)
(-676.952 -2.66265 -88.3136 3.01297 -1.10792 -12.8209)
(-645.976 -1.85176 -94.9627 3.38785 -0.805031 -14.7796)
(-655.77 -2.31731 -92.9272 2.87545 -1.12797 -13.9884)
(-625.217 -1.68719 -98.6571 3.24361 -0.8043 -15.9577)
(-634.992 -2.07977 -96.9248 2.7431 -1.13155 -15.1671)
(-604.883 -1.57798 -101.788 3.11207 -0.799423 -17.115)
(-614.59 -1.9223 -100.341 2.62522 -1.12673 -16.3364)
(-584.94 -1.50693 -104.387 2.99541 -0.792894 -18.2367)
(-594.547 -1.82068 -103.208 2.52299 -1.11802 -17.4791)
(-565.369 -1.46083 -106.486 2.89203 -0.785886 -19.3098)
(-574.854 -1.75603 -105.558 2.4343 -1.10772 -18.5804)
(-546.158 -1.43021 -108.115 2.79917 -0.77885 -20.3237)
(-555.508 -1.71461 -107.422 2.3561 -1.09688 -19.6281)
(-527.304 -1.40862 -109.301 2.71409 -0.771884 -21.2692)
(-536.508 -1.68698 -108.828 2.28553 -1.08588 -20.6121)
(-508.809 -1.39186 -110.073 2.63455 -0.764933 -22.1388)
(-517.859 -1.66694 -109.806 2.22027 -1.07481 -21.5239)
(-490.674 -1.37732 -110.458 2.55886 -0.757901 -22.9267)
(-499.565 -1.65057 -110.384 2.15861 -1.0636 -22.3568)
(-472.904 -1.36347 -110.483 2.48586 -0.750695 -23.6282)
(-481.632 -1.63556 -110.587 2.09939 -1.05219 -23.1057)
(-455.503 -1.34946 -110.172 2.4148 -0.743244 -24.2402)
(-464.063 -1.6206 -110.443 2.04182 -1.04048 -23.7666)
(-438.472 -1.33487 -109.551 2.3452 -0.735503 -24.7604)
(-446.862 -1.60501 -109.977 1.98543 -1.02844 -24.3368)
(-421.815 -1.31954 -108.644 2.27678 -0.727445 -25.1877)
(-430.034 -1.58849 -109.212 1.92994 -1.01602 -24.8147)
(-405.534 -1.30342 -107.473 2.2094 -0.719058 -25.522)
(-413.579 -1.57095 -108.172 1.8752 -1.0032 -25.1996)
(-389.629 -1.28655 -106.06 2.14297 -0.710339 -25.7639)
(-397.499 -1.55243 -106.879 1.82113 -0.989977 -25.4918)
(-374.1 -1.26898 -104.427 2.07747 -0.70129 -25.9148)
(-381.795 -1.53298 -105.355 1.7677 -0.976356 -25.6922)
(-358.945 -1.2508 -102.593 2.01287 -0.691916 -25.9767)
(-366.465 -1.5127 -103.621 1.7149 -0.962339 -25.8027)
(-344.164 -1.23206 -100.579 1.94919 -0.682224 -25.9522)
(-351.509 -1.49168 -101.696 1.66273 -0.94793 -25.8254)
(-329.754 -1.21283 -98.4012 1.88641 -0.672221 -25.8444)
(-336.924 -1.46997 -99.5992 1.6112 -0.933138 -25.7633)
(-315.713 -1.19315 -96.0784 1.82455 -0.661912 -25.6568)
(-322.708 -1.44767 -97.3482 1.56031 -0.91797 -25.6196)
(-302.036 -1.17306 -93.627 1.76361 -0.651306 -25.3934)
(-308.858 -1.4248 -94.9602 1.51008 -0.902433 -25.3981)
(-288.721 -1.1526 -91.0628 1.7036 -0.64041 -25.0581)
(-295.37 -1.40143 -92.4515 1.46051 -0.886537 -25.1027)
(-275.764 -1.13179 -88.4008 1.6445 -0.62923 -24.6555)
(-282.242 -1.37759 -89.8374 1.4116 -0.870289 -24.7377)
(-263.16 -1.11067 -85.6552 1.58634 -0.617775 -24.1901)
(-269.468 -1.3533 -87.1325 1.36338 -0.853701 -24.3075)
(-250.905 -1.08924 -82.8396 1.52911 -0.606054 -23.6666)
(-257.045 -1.32861 -84.3507 1.31583 -0.836784 -23.8169)
(-238.994 -1.06754 -79.9666 1.47282 -0.594077 -23.0898)
(-244.967 -1.30352 -81.5051 1.26898 -0.819549 -23.2705)
(-227.423 -1.04557 -77.0482 1.41748 -0.581852 -22.4645)
(-233.232 -1.27806 -78.608 1.22284 -0.802012 -22.6732)
(-216.187 -1.02335 -74.096 1.3631 -0.569392 -21.7956)
(-221.833 -1.25225 -75.6713 1.17741 -0.784185 -22.0299)
(-205.282 -1.0009 -71.1205 1.30968 -0.556708 -21.088)
(-210.767 -1.2261 -72.7058 1.1327 -0.766086 -21.3453)
(-194.702 -0.978219 -68.1318 1.25724 -0.543811 -20.3465)
(-200.028 -1.19964 -69.7221 1.08874 -0.747729 -20.6244)
(-184.444 -0.955328 -65.1395 1.20579 -0.530715 -19.5758)
(-189.612 -1.17287 -66.7299 1.04553 -0.729134 -19.8718)
(-174.501 -0.932236 -62.1524 1.15535 -0.517431 -18.7806)
(-179.515 -1.14581 -63.7383 1.00309 -0.710318 -19.0923)
(-164.871 -0.908951 -59.179 1.10592 -0.503975 -17.9654)
(-169.73 -1.11846 -60.7562 0.961439 -0.6913 -18.2905)
(-155.547 -0.885484 -56.2269 1.05753 -0.490358 -17.1346)
(-160.256 -1.09084 -57.7914 0.92059 -0.672098 -17.4709)
(-146.527 -0.861842 -53.3037 1.01019 -0.476596 -16.2925)
(-151.085 -1.06297 -54.8518 0.880561 -0.652733 -16.6377)
(-137.806 -0.838035 -50.4161 0.963916 -0.462702 -15.4431)
(-142.216 -1.03484 -51.9442 0.841367 -0.633224 -15.7952)
(-129.379 -0.814068 -47.5705 0.918718 -0.44869 -14.5906)
(-133.643 -1.00647 -49.0755 0.803026 -0.61359 -14.9474)
(-121.243 -0.789951 -44.773 0.874614 -0.434573 -13.7385)
(-125.362 -0.977869 -46.2518 0.765553 -0.593852 -14.0982)
(-113.394 -0.765687 -42.029 0.831619 -0.420367 -12.8906)
(-117.37 -0.949039 -43.4787 0.728966 -0.57403 -13.2512)
(-105.828 -0.741283 -39.3437 0.789747 -0.406083 -12.0502)
(-109.663 -0.919989 -40.7618 0.693279 -0.554141 -12.41)
(-98.5427 -0.716746 -36.7219 0.74901 -0.391736 -11.2205)
(-102.238 -0.890725 -38.106 0.658505 -0.534205 -11.5778)
(-91.5341 -0.69208 -34.168 0.70942 -0.37734 -10.4046)
(-95.0909 -0.861255 -35.5159 0.624659 -0.514242 -10.7579)
(-84.7992 -0.667291 -31.6861 0.670988 -0.362906 -9.60541)
(-88.219 -0.831582 -32.9957 0.591753 -0.494268 -9.95303)
(-78.3353 -0.642382 -29.2799 0.633723 -0.348447 -8.82545)
(-81.6193 -0.801714 -30.5493 0.5598 -0.474303 -9.16606)
(-72.1397 -0.617359 -26.953 0.597636 -0.333976 -8.06724)
(-75.289 -0.771656 -28.1804 0.528809 -0.454363 -8.39953)
(-66.2097 -0.592226 -24.7083 0.562733 -0.319504 -7.33305)
(-69.2256 -0.741412 -25.8923 0.498792 -0.434465 -7.6558)
(-60.543 -0.566986 -22.5489 0.52902 -0.305042 -6.62499)
(-63.4265 -0.710988 -23.688 0.469755 -0.414625 -6.93706)
(-55.1376 -0.541644 -20.4773 0.4965 -0.290601 -5.94496)
(-57.8897 -0.680388 -21.5703 0.441707 -0.394859 -6.24531)
(-49.9912 -0.516201 -18.4959 0.465162 -0.276192 -5.29474)
(-52.6129 -0.649616 -19.5415 0.414644 -0.375179 -5.5824)
(-45.1022 -0.490666 -16.6067 0.435017 -0.261824 -4.67589)
(-47.5943 -0.618679 -17.6041 0.388563 -0.355601 -4.95)
(-40.4686 -0.46504 -14.8118 0.406104 -0.247508 -4.08979)
(-42.832 -0.587584 -15.7599 0.363492 -0.336141 -4.34957)
(-36.0891 -0.439311 -13.1128 0.378431 -0.233246 -3.53767)
(-38.3245 -0.556323 -14.0109 0.339464 -0.316806 -3.78239)
(-31.9621 -0.413468 -11.5112 0.351981 -0.219038 -3.0207)
(-34.0702 -0.524886 -12.3585 0.316456 -0.297599 -3.24971)
(-28.0864 -0.387496 -10.0082 0.326777 -0.204882 -2.53985)
(-30.0678 -0.493262 -10.8043 0.294474 -0.278521 -2.75257)
(-24.4608 -0.361356 -8.60512 0.302864 -0.190766 -2.09597)
(-26.3161 -0.461423 -9.34929 0.273548 -0.259568 -2.29187)
(-21.0844 -0.334992 -7.30283 0.280289 -0.176665 -1.68978)
(-22.814 -0.429315 -7.99469 0.253714 -0.240718 -1.8684)
(-17.9561 -0.308309 -6.10225 0.259122 -0.162536 -1.32195)
(-19.5604 -0.396853 -6.74138 0.235024 -0.221936 -1.48283)
(-15.0755 -0.281161 -5.00416 0.239465 -0.148311 -0.993051)
(-16.5546 -0.363898 -5.59013 0.217548 -0.203159 -1.13575)
(-12.442 -0.253344 -4.00932 0.221436 -0.13389 -0.703619)
(-13.7959 -0.330244 -4.54167 0.201385 -0.184287 -0.827676)
(-10.0557 -0.224589 -3.11853 0.205129 -0.119143 -0.454243)
(-11.2838 -0.295598 -3.59667 0.186645 -0.165181 -0.559107)
(-7.9168 -0.194591 -2.33273 0.190555 -0.103923 -0.245625)
(-9.01825 -0.259589 -2.75584 0.173419 -0.145661 -0.330612)
(-6.02647 -0.163076 -1.65317 0.177496 -0.0881028 -0.0786791)
(-6.99956 -0.221801 -2.0201 0.161719 -0.125531 -0.142896)
(-4.38669 -0.129979 -1.08162 0.165225 -0.0716667 0.0453386)
(-5.22889 -0.181905 -1.3907 0.151331 -0.104646 0.0030672)
(-3.00064 -0.0957626 -0.620625 0.151939 -0.054856 0.124661)
(-3.70853 -0.139941 -0.869573 0.141511 -0.0830448 0.105881)
(-1.87283 -0.061906 -0.27359 0.133813 -0.0383791 0.156723)
(-2.44248 -0.0968716 -0.459475 0.130312 -0.0611794 0.163585)
(-1.00787 -0.0314558 -0.0452 0.104924 -0.023582 0.139744)
(-1.43709 -0.055444 -0.163944 0.113603 -0.0401741 0.173772)
(-0.408514 -0.00898396 0.0606696 0.0543581 -0.0122617 0.075398)
(-0.698164 -0.020966 0.0139163 0.0847923 -0.0218271 0.137475)
(-0.0765993 0.00193858 0.0599276 -0.0308949 -0.00596766 -0.0309355)
(-0.232082 -0.000527465 0.0768162 0.0280423 -0.00791985 0.0627772)
(-0.0688091 0.00299133 0.0347632 -0.0524086 -0.000159405 -0.0357218)
(-870.398 59.5013 -38.3758 -69.7417 1.45435 -20.7456)
(-937.473 122.478 -6.34659 -70.505 5.45533 -29.4233)
(-846.516 17.6207 -33.4042 -5.71435 0.784783 3.33193)
(-831.394 32.0886 -18.4762 4.77226 1.3086 -3.46421)
(-830.615 1.73929 -32.9626 -3.33567 1.03052 -3.43918)
(-819.846 3.16006 -28.9118 4.94088 1.33552 -3.55181)
(-812.783 -4.03034 -40.9747 -2.41542 0.564373 -6.79867)
(-806.595 -3.76155 -37.3753 0.158735 0.568802 -6.6122)
(-792.866 -5.5992 -49.9177 0.0173812 0.00686008 -7.54396)
(-790.562 -5.4664 -45.7654 0.465398 -0.114577 -7.16158)
(-771.845 -5.43547 -58.3121 1.35796 -0.42804 -8.21264)
(-773.317 -5.35599 -54.0915 1.1576 -0.592407 -7.44275)
(-750.35 -4.68333 -66.064 1.90314 -0.718272 -9.01378)
(-754.665 -4.56742 -62.0352 1.42007 -0.914603 -7.96314)
(-728.772 -3.84112 -73.1186 2.07028 -0.889809 -9.92384)
(-735.032 -3.65447 -69.4056 1.45862 -1.10675 -8.69752)
(-707.318 -3.10837 -79.46 2.06488 -0.979174 -10.9319)
(-714.847 -2.85359 -76.1108 1.41136 -1.20378 -9.59983)
(-686.085 -2.54254 -85.1022 1.99132 -1.01801 -12.0149)
(-694.401 -2.23699 -82.1231 1.34034 -1.24195 -10.6234)
(-665.118 -2.13704 -90.072 1.89936 -1.02861 -13.1467)
(-673.893 -1.7996 -87.4508 1.2704 -1.24789 -11.726)
(-644.438 -1.86219 -94.4027 1.81025 -1.02498 -14.3026)
(-653.455 -1.50803 -92.12 1.20958 -1.23818 -12.8729)
(-624.056 -1.6846 -98.1295 1.73158 -1.0152 -15.4609)
(-633.175 -1.32445 -96.1637 1.15929 -1.22216 -14.0362)
(-603.98 -1.57493 -101.287 1.66453 -1.0035 -16.6027)
(-613.113 -1.21589 -99.6171 1.11836 -1.20462 -15.1932)
(-584.218 -1.51025 -103.909 1.60763 -0.99184 -17.7119)
(-593.308 -1.15679 -102.515 1.08477 -1.18771 -16.3256)
(-564.777 -1.4739 -106.027 1.5586 -0.980905 -18.775)
(-573.789 -1.12866 -104.892 1.05648 -1.1721 -17.4187)
(-545.666 -1.45436 -107.672 1.51521 -0.970778 -19.7808)
(-554.578 -1.11881 -106.78 1.03178 -1.15782 -18.46)
(-526.893 -1.44405 -108.874 1.47567 -0.961283 -20.7198)
(-535.691 -1.11894 -108.21 1.00938 -1.14457 -19.4395)
(-508.467 -1.43821 -109.662 1.43864 -0.952175 -21.5845)
(-517.139 -1.12381 -109.211 0.98834 -1.13204 -20.349)
(-490.393 -1.43395 -110.062 1.40317 -0.943227 -22.3689)
(-498.932 -1.1303 -109.811 0.968046 -1.1199 -21.1817)
(-472.679 -1.42965 -110.103 1.36865 -0.934258 -23.0684)
(-481.079 -1.13661 -110.038 0.948098 -1.10792 -21.9324)
(-455.328 -1.42445 -109.808 1.3347 -0.925139 -23.6796)
(-463.586 -1.14184 -109.917 0.928257 -1.09591 -22.5972)
(-438.346 -1.41797 -109.203 1.30109 -0.915785 -24.2002)
(-446.457 -1.14553 -109.473 0.908389 -1.08375 -23.1733)
(-421.734 -1.41007 -108.311 1.2677 -0.906138 -24.6291)
(-429.696 -1.14757 -108.732 0.888423 -1.07135 -23.659)
(-405.495 -1.40076 -107.156 1.23447 -0.896163 -24.966)
(-413.304 -1.14794 -107.715 0.868333 -1.05865 -24.0534)
(-389.629 -1.39012 -105.759 1.20138 -0.885841 -25.2116)
(-397.284 -1.14674 -106.446 0.848115 -1.04561 -24.3569)
(-374.136 -1.37825 -104.142 1.16843 -0.875157 -25.3671)
(-381.635 -1.14406 -104.945 0.827775 -1.03219 -24.5702)
(-359.016 -1.36525 -102.324 1.13563 -0.864103 -25.4345)
(-366.357 -1.14002 -103.233 0.807329 -1.01837 -24.6949)
(-344.266 -1.3512 -100.324 1.103 -0.852673 -25.4163)
(-351.449 -1.13471 -101.33 0.786791 -1.00415 -24.7334)
(-329.885 -1.33619 -98.1609 1.07054 -0.840862 -25.3156)
(-336.91 -1.12823 -99.2542 0.76618 -0.98949 -24.6882)
(-315.87 -1.32028 -95.8523 1.03828 -0.828669 -25.1358)
(-322.735 -1.12064 -97.0238 0.745514 -0.974398 -24.5627)
(-302.217 -1.30354 -93.4146 1.00623 -0.81609 -24.8808)
(-308.924 -1.11201 -94.6556 0.724809 -0.95886 -24.3604)
(-288.924 -1.28602 -90.8635 0.974399 -0.803127 -24.5546)
(-295.472 -1.1024 -92.1659 0.704084 -0.942874 -24.0853)
(-275.986 -1.26775 -88.2141 0.942811 -0.789782 -24.1616)
(-282.376 -1.09186 -89.57 0.683354 -0.926437 -23.7414)
(-263.399 -1.24878 -85.4806 0.91148 -0.776058 -23.7062)
(-269.632 -1.08044 -86.8826 0.662637 -0.909553 -23.3333)
(-251.16 -1.22914 -82.6764 0.880422 -0.76196 -23.1932)
(-257.236 -1.06816 -84.1174 0.641953 -0.892226 -22.8654)
(-239.263 -1.20887 -79.8144 0.849653 -0.747496 -22.6274)
(-245.183 -1.05507 -81.2875 0.621319 -0.874465 -22.3425)
(-227.704 -1.18799 -76.9064 0.819192 -0.732675 -22.0134)
(-233.47 -1.0412 -78.4054 0.600753 -0.856281 -21.7692)
(-216.478 -1.16653 -73.964 0.789055 -0.717508 -21.3562)
(-222.091 -1.02658 -75.4828 0.580276 -0.837688 -21.1504)
(-205.582 -1.14451 -70.9977 0.759262 -0.702007 -20.6605)
(-211.043 -1.01124 -72.5307 0.559907 -0.818703 -20.4909)
(-195.009 -1.12197 -68.0178 0.729832 -0.686187 -19.9311)
(-200.32 -0.995207 -69.5595 0.539666 -0.799343 -19.7954)
(-184.756 -1.09891 -65.0337 0.700784 -0.670062 -19.1728)
(-189.918 -0.978503 -66.5791 0.519573 -0.77963 -19.0686)
(-174.819 -1.07537 -62.0543 0.67214 -0.653648 -18.3902)
(-179.832 -0.961154 -63.5987 0.499649 -0.759586 -18.3152)
(-165.191 -1.05137 -59.0881 0.643919 -0.636964 -17.5876)
(-170.058 -0.943181 -60.6269 0.479915 -0.739234 -17.5397)
(-155.87 -1.02691 -56.1429 0.61614 -0.620026 -16.7697)
(-160.592 -0.924606 -57.672 0.460391 -0.7186 -16.7465)
(-146.851 -1.00203 -53.226 0.588825 -0.602854 -15.9405)
(-151.43 -0.905447 -54.7414 0.441098 -0.697709 -15.9399)
(-138.13 -0.976732 -50.3444 0.561992 -0.585466 -15.1041)
(-142.566 -0.885724 -51.8424 0.422056 -0.676588 -15.124)
(-129.703 -0.951039 -47.5044 0.535662 -0.567883 -14.2646)
(-133.998 -0.865453 -48.9817 0.403285 -0.655265 -14.3028)
(-121.565 -0.924966 -44.712 0.509854 -0.550123 -13.4255)
(-125.721 -0.84465 -46.1654 0.384804 -0.633768 -13.4801)
(-113.714 -0.898527 -41.9729 0.484585 -0.532208 -12.5906)
(-117.731 -0.823332 -43.3994 0.366633 -0.612124 -12.6596)
(-106.146 -0.871735 -39.2923 0.459873 -0.514155 -11.7632)
(-110.025 -0.801512 -40.6891 0.34879 -0.590361 -11.8447)
(-98.8565 -0.844604 -36.6748 0.435735 -0.495987 -10.9465)
(-102.6 -0.779204 -38.0394 0.331292 -0.568507 -11.0387)
(-91.8438 -0.817147 -34.125 0.412186 -0.477721 -10.1436)
(-95.4527 -0.756423 -35.4551 0.314156 -0.54659 -10.2447)
(-85.1043 -0.789376 -31.6469 0.389241 -0.459378 -9.35713)
(-88.5793 -0.73318 -32.9404 0.297399 -0.524637 -9.46556)
(-78.6352 -0.761303 -29.2445 0.366916 -0.440977 -8.58988)
(-81.9774 -0.70949 -30.4992 0.281036 -0.502675 -8.70403)
(-72.434 -0.732939 -26.921 0.345223 -0.422537 -7.84427)
(-75.6441 -0.685363 -28.1353 0.265081 -0.480731 -7.96263)
(-66.498 -0.704295 -24.6797 0.324174 -0.404075 -7.12254)
(-69.577 -0.660813 -25.852 0.249548 -0.45883 -7.24369)
(-60.8251 -0.675383 -22.5236 0.303782 -0.385609 -6.4268)
(-63.7737 -0.63585 -23.6523 0.234451 -0.436995 -6.54937)
(-55.413 -0.646211 -20.4551 0.284053 -0.367156 -5.75894)
(-58.2321 -0.610485 -21.539 0.2198 -0.415249 -5.88166)
(-50.2598 -0.61679 -18.4768 0.26499 -0.348731 -5.12072)
(-52.95 -0.584731 -19.5146 0.2056 -0.393615 -5.24238)
(-45.3637 -0.587134 -16.5907 0.246607 -0.330353 -4.51369)
(-47.9256 -0.558603 -17.5815 0.19186 -0.372117 -4.63316)
(-40.7229 -0.557249 -14.7988 0.228931 -0.312036 -3.93921)
(-43.1572 -0.532114 -15.7416 0.178597 -0.350778 -4.05545)
(-36.3359 -0.527124 -13.1028 0.211964 -0.293788 -3.39854)
(-38.6431 -0.50526 -13.9967 0.165835 -0.329616 -3.51053)
(-32.2014 -0.496761 -11.5042 0.195699 -0.275616 -2.8928)
(-34.382 -0.478043 -12.3486 0.153567 -0.308644 -2.9996)
(-28.318 -0.46615 -10.0042 0.180155 -0.257524 -2.42296)
(-30.3724 -0.450465 -10.7987 0.141797 -0.287874 -2.5237)
(-24.6846 -0.435258 -8.60414 0.165356 -0.239504 -1.98986)
(-26.6133 -0.422515 -9.34802 0.130542 -0.267311 -2.08371)
(-21.3002 -0.404024 -7.30486 0.151337 -0.221532 -1.5942)
(-23.1033 -0.394161 -7.9978 0.119817 -0.24695 -1.68039)
(-18.1636 -0.372346 -6.10722 0.138141 -0.203566 -1.23658)
(-19.8416 -0.365339 -6.74888 0.109649 -0.226771 -1.31438)
(-15.2742 -0.34006 -5.01192 0.125817 -0.185529 -0.917527)
(-16.8272 -0.335939 -5.60201 0.100058 -0.206733 -0.986228)
(-12.6311 -0.306922 -4.01958 0.114434 -0.167308 -0.63752)
(-14.0591 -0.305784 -4.55781 0.0910865 -0.18676 -0.696378)
(-10.2339 -0.272587 -3.13078 0.104054 -0.148739 -0.397042)
(-11.5365 -0.274606 -3.61676 0.0827807 -0.166734 -0.445252)
(-8.08233 -0.236625 -2.34619 0.0947035 -0.129616 -0.196684)
(-9.25868 -0.242029 -2.77935 0.0751856 -0.146483 -0.233298)
(-6.17661 -0.198568 -1.66671 0.0863094 -0.109719 -0.0372725)
(-7.22504 -0.207571 -2.04608 0.0683348 -0.125784 -0.0610977)
(-4.51801 -0.158088 -1.09381 0.0785614 -0.0889013 0.0799388)
(-5.43552 -0.170697 -1.41774 0.0622159 -0.104386 0.0704677)
(-3.10927 -0.115388 -0.629915 0.0705942 -0.0672602 0.152994)
(-3.89104 -0.131022 -0.895679 0.0566858 -0.0820909 0.159961)
(-1.95535 -0.0719712 -0.278845 0.0603686 -0.0454566 0.178979)
(-2.59447 -0.0888341 -0.482166 0.0511778 -0.0589428 0.205072)
(-1.06299 -0.0317675 -0.0461748 0.0446345 -0.0250924 0.155953)
(-1.55218 -0.046218 -0.180554 0.0441314 -0.0355616 0.202651)
(-0.439064 -0.0018902 0.0638142 0.0145299 -0.00863543 0.0861331)
(-0.772768 -0.00878256 0.00578936 0.0324977 -0.0133672 0.152851)
(-0.0881351 0.00862155 0.0661264 -0.046737 0.00107811 -0.0248996)
(-0.268222 0.0119606 0.0788546 0.00409112 0.00619018 0.063264)
(-0.0729525 0.00544858 0.0419996 -0.0430218 0.0247975 -0.0463765)
(-848.222 -13.7631 -38.689 -27.0469 -0.645806 -31.3323)
(-801.098 -10.0386 -33.7683 2.10663 0.0750265 -0.65285)
(-791.495 -4.23828 -33.4614 1.15589 0.325898 -3.77633)
(-782.638 -3.38502 -40.4504 0.148535 0.0241194 -5.82003)
(-770.672 -2.77142 -48.7883 0.517534 -0.245005 -6.31327)
(-755.998 -1.92112 -56.9711 0.719136 -0.409378 -6.83125)
(-739.233 -1.14544 -64.6967 0.743781 -0.501317 -7.52909)
(-720.995 -0.559198 -71.8124 0.700898 -0.543796 -8.38581)
(-701.809 -0.160445 -78.2441 0.641659 -0.555811 -9.36608)
(-682.078 0.0886496 -83.9747 0.587013 -0.551802 -10.4316)
(-662.094 0.229298 -89.02 0.542922 -0.540886 -11.5491)
(-642.057 0.295727 -93.4115 0.509369 -0.528166 -12.6911)
(-622.103 0.313687 -97.1867 0.484523 -0.516157 -13.8353)
(-602.321 0.30152 -100.384 0.466219 -0.50586 -14.963)
(-582.772 0.27174 -103.039 0.452509 -0.497472 -16.059)
(-563.496 0.232567 -105.188 0.441839 -0.490822 -17.1106)
(-544.522 0.189199 -106.863 0.43306 -0.485605 -18.1069)
(-525.869 0.144801 -108.094 0.425373 -0.481501 -19.0392)
(-507.551 0.101207 -108.911 0.418245 -0.478224 -19.9001)
(-489.578 0.0594183 -109.341 0.411336 -0.475543 -20.6838)
(-471.959 0.0199238 -109.411 0.404442 -0.47327 -21.3855)
(-454.7 -0.0170835 -109.147 0.397444 -0.47126 -22.0018)
(-437.803 -0.0515757 -108.573 0.390283 -0.469398 -22.5306)
(-421.273 -0.0836107 -107.712 0.382931 -0.467589 -22.9704)
(-405.11 -0.113285 -106.587 0.375382 -0.465755 -23.3208)
(-389.316 -0.140709 -105.22 0.36764 -0.46383 -23.5823)
(-373.891 -0.165995 -103.632 0.359714 -0.461757 -23.756)
(-358.834 -0.189247 -101.842 0.351615 -0.459483 -23.8438)
(-344.143 -0.210566 -99.8704 0.343356 -0.456965 -23.8481)
(-329.817 -0.230042 -97.7344 0.334949 -0.454163 -23.7717)
(-315.853 -0.247761 -95.4518 0.326408 -0.451043 -23.618)
(-302.248 -0.263803 -93.039 0.317744 -0.447577 -23.3906)
(-288.998 -0.278241 -90.5119 0.308972 -0.44374 -23.0936)
(-276.1 -0.291147 -87.8854 0.300102 -0.439514 -22.7312)
(-263.551 -0.302588 -85.1737 0.291147 -0.434885 -22.3077)
(-251.345 -0.312628 -82.3903 0.282121 -0.429841 -21.8276)
(-239.479 -0.321328 -79.5479 0.273035 -0.424377 -21.2958)
(-227.949 -0.328748 -76.6586 0.263904 -0.41849 -20.7167)
(-216.749 -0.334942 -73.7337 0.25474 -0.412183 -20.0952)
(-205.876 -0.339967 -70.784 0.245556 -0.405459 -19.436)
(-195.324 -0.343872 -67.8197 0.236366 -0.398325 -18.7438)
(-185.09 -0.346709 -64.8502 0.227184 -0.390793 -18.023)
(-175.169 -0.348523 -61.8845 0.218023 -0.382874 -17.2784)
(-165.556 -0.34936 -58.9312 0.208897 -0.374582 -16.5142)
(-156.248 -0.349264 -55.9979 0.19982 -0.365935 -15.7349)
(-147.24 -0.348274 -53.0923 0.190805 -0.356949 -14.9445)
(-138.528 -0.346431 -50.2212 0.181865 -0.347644 -14.147)
(-130.108 -0.343772 -47.391 0.173014 -0.338041 -13.3463)
(-121.977 -0.340333 -44.6079 0.164264 -0.32816 -12.5462)
(-114.131 -0.336146 -41.8774 0.155627 -0.318023 -11.75)
(-106.566 -0.331245 -39.2048 0.147116 -0.307653 -10.9611)
(-99.2798 -0.32566 -36.5949 0.138741 -0.297072 -10.1826)
(-92.2685 -0.319422 -34.0523 0.130515 -0.286304 -9.41761)
(-85.5294 -0.312559 -31.5811 0.122449 -0.275372 -8.66876)
(-79.0597 -0.305098 -29.1851 0.114554 -0.264298 -7.93867)
(-72.8569 -0.297065 -26.8678 0.106841 -0.253106 -7.22974)
(-66.9186 -0.288486 -24.6325 0.09932 -0.241818 -6.54418)
(-61.2425 -0.279384 -22.4821 0.0919994 -0.230456 -5.88405)
(-55.8265 -0.269781 -20.4193 0.084874 -0.219041 -5.25122)
(-50.6687 -0.259703 -18.4465 0.0779457 -0.207594 -4.64737)
(-45.7674 -0.249177 -16.5659 0.0712246 -0.19614 -4.07403)
(-41.1209 -0.238223 -14.7794 0.064729 -0.184699 -3.53255)
(-36.7277 -0.226847 -13.0889 0.0584853 -0.173284 -3.02413)
(-32.5865 -0.215068 -11.4958 0.052499 -0.161913 -2.54987)
(-28.6959 -0.202901 -10.0014 0.0467653 -0.1506 -2.11072)
(-25.055 -0.190352 -8.60703 0.0412893 -0.139356 -1.70749)
(-21.6625 -0.177413 -7.31353 0.0360834 -0.128184 -1.34085)
(-18.5175 -0.164051 -6.12175 0.0311607 -0.117075 -1.01138)
(-15.6189 -0.15021 -5.03233 0.0265449 -0.106007 -0.719523)
(-12.9657 -0.135789 -4.04578 0.0222639 -0.0949355 -0.46569)
(-10.5569 -0.120628 -3.16245 0.0183378 -0.0837859 -0.250263)
(-8.39137 -0.104505 -2.38266 0.0147753 -0.0724511 -0.0736951)
(-6.46795 -0.0871328 -1.70674 0.0115557 -0.0607907 0.0633331)
(-4.78596 -0.0681924 -1.13538 0.00859714 -0.0486438 0.159642)
(-3.34567 -0.047445 -0.66999 0.00565838 -0.035868 0.213073)
(-2.14948 -0.0250928 -0.313446 0.00207714 -0.0224671 0.219785)
(-1.20319 -0.00264394 -0.0711598 -0.00294071 -0.00882013 0.175714)
(-0.517631 0.0160044 0.0517023 -0.0126804 0.004459 0.080427)
(-0.111474 0.0182934 0.065988 -0.04036 0.0138312 -0.0516122)
)
;

boundaryField
{
    left
    {
        type            calculated;
        value           nonuniform List<symmTensor> 
64
(
(1192.59 163.882 124.549 33.0618 16.1012 2.06095)
(1066.61 141.98 162.618 153.935 16.5412 58.5834)
(1079.7 77.138 189.359 186.381 9.75992 73.6025)
(1091.25 23.7401 200.953 196.207 3.05005 78.8518)
(1091.25 -23.7401 200.953 196.207 -3.05005 78.8518)
(1079.7 -77.138 189.359 186.381 -9.75992 73.6025)
(1066.61 -141.98 162.618 153.935 -16.5412 58.5834)
(1192.59 -163.882 124.549 33.0618 -16.1012 2.06095)
(700.11 116.377 48.0685 60.9561 3.51201 87.7292)
(614.855 101.933 85.8328 201.658 5.52273 178.429)
(617.764 53.3818 103.668 254.602 3.36492 210.257)
(620.224 15.9248 111.107 272.305 1.01294 220.465)
(620.224 -15.9248 111.107 272.305 -1.01294 220.465)
(617.764 -53.3818 103.668 254.602 -3.36492 210.257)
(614.855 -101.933 85.8328 201.658 -5.52273 178.429)
(700.11 -116.377 48.0685 60.9561 -3.51201 87.7292)
(373.776 66.7488 -23.3745 35.6057 -7.32814 61.9718)
(333.168 62.4334 5.17647 128.647 -7.54169 126.451)
(339.664 32.7879 9.88757 170.269 -3.51002 153.269)
(342.213 9.64364 11.6741 184.696 -0.945183 162.143)
(342.213 -9.64364 11.6741 184.696 0.945183 162.143)
(339.664 -32.7879 9.88757 170.269 3.51002 153.269)
(333.168 -62.4334 5.17647 128.647 7.54169 126.451)
(373.776 -66.7488 -23.3745 35.6057 7.32814 61.9718)
(82.2036 13.7793 -56.2228 8.36707 -9.26797 14.7967)
(82.8082 11.9001 -29.2022 32.328 -11.9691 34.1442)
(87.6621 5.77821 -30.6004 45.5412 -6.21551 43.7203)
(89.208 1.57361 -31.6557 50.4657 -1.7212 47.1241)
(89.208 -1.57361 -31.6557 50.4657 1.7212 47.1241)
(87.6621 -5.77821 -30.6004 45.5412 6.21551 43.7203)
(82.8082 -11.9001 -29.2022 32.328 11.9691 34.1442)
(82.2036 -13.7793 -56.2228 8.36707 9.26797 14.7967)
(-190.669 -31.2584 -58.7335 -8.6685 -6.26401 -36.9801)
(-149.121 -40.8292 -28.5202 -59.2262 -10.7719 -64.2022)
(-147.973 -23.1293 -28.0876 -80.8658 -5.70641 -75.5055)
(-147.913 -7.06631 -28.3093 -87.7042 -1.56066 -78.7654)
(-147.913 7.06631 -28.3093 -87.7042 1.56066 -78.7654)
(-147.973 23.1293 -28.0876 -80.8658 5.70641 -75.5055)
(-149.121 40.8292 -28.5202 -59.2262 10.7719 -64.2022)
(-190.669 31.2584 -58.7335 -8.6685 6.26401 -36.9801)
(-452.493 -60.7026 -33.6239 -13.8013 -2.55469 -80.5167)
(-370.63 -86.4304 4.867 -132.077 -7.10729 -141.424)
(-372.547 -48.5248 14.9451 -185.427 -3.86641 -168.21)
(-374.015 -14.7059 19.2468 -202.659 -1.06594 -176.103)
(-374.015 14.7059 19.2468 -202.659 1.06594 -176.103)
(-372.547 48.5248 14.9451 -185.427 3.86641 -168.21)
(-370.63 86.4304 4.867 -132.077 7.10729 -141.424)
(-452.493 60.7026 -33.6239 -13.8013 2.55469 -80.5167)
(-709.353 -68.8174 14.0707 -4.83868 -2.82847 -88.6209)
(-586.227 -116.498 65.0388 -164.679 -5.49724 -151.411)
(-587.474 -65.6857 88.8756 -234.139 -3.56234 -174.664)
(-589.846 -19.9995 99.3325 -255.772 -1.17432 -179.912)
(-589.846 19.9995 99.3325 -255.772 1.17432 -179.912)
(-587.474 65.6857 88.8756 -234.139 3.56234 -174.664)
(-586.227 116.498 65.0388 -164.679 5.49724 -151.411)
(-709.353 68.8174 14.0707 -4.83868 2.82847 -88.6209)
(-1043.78 -52.9105 11.5836 31.447 -9.65948 3.65166)
(-915.523 -137.573 43.1388 -135.779 -14.5482 -14.8219)
(-938.866 -79.571 54.7295 -202.966 -10.1142 -4.80141)
(-954.47 -24.5514 58.4928 -223.754 -3.46479 3.22668)
(-954.47 24.5514 58.4928 -223.754 3.46479 3.22668)
(-938.866 79.571 54.7295 -202.966 10.1142 -4.80141)
(-915.523 137.573 43.1388 -135.779 14.5482 -14.8219)
(-1043.78 52.9105 11.5836 31.447 9.65948 3.65166)
)
;
    }
    right
    {
        type            calculated;
        value           nonuniform List<symmTensor> 
64
(
(-0.620557 0.00328663 1.46691 -0.0326991 -0.0077751 -3.46759)
(-0.622722 -0.00123685 1.47204 -0.0186309 0.00292114 -3.47973)
(-0.621058 -0.00367783 1.4681 -0.0254786 0.00869202 -3.4704)
(-0.620291 -0.00172168 1.46628 -0.044626 0.00406878 -3.4661)
(-0.620291 0.00172161 1.46629 -0.0446238 -0.00406862 -3.4661)
(-0.621058 0.00367784 1.4681 -0.0254731 -0.00869204 -3.4704)
(-0.622722 0.00123701 1.47204 -0.018628 -0.00292151 -3.47973)
(-0.620558 -0.00328661 1.46692 -0.0327052 0.00777506 -3.46759)
(-0.572798 -0.00705471 1.35428 -0.0223585 0.0166751 -3.20197)
(-0.589034 -0.0171911 1.39263 -0.148461 0.0406266 -3.29256)
(-0.587793 -0.0165003 1.38968 -0.198305 0.0389971 -3.28551)
(-0.586734 -0.00647353 1.38716 -0.232591 0.0152997 -3.27953)
(-0.586734 0.00647328 1.38716 -0.232594 -0.0152991 -3.27954)
(-0.587794 0.0165003 1.38968 -0.198313 -0.038997 -3.28552)
(-0.589035 0.0171913 1.39264 -0.148469 -0.0406272 -3.29257)
(-0.572798 0.00705489 1.35428 -0.0223636 -0.0166756 -3.20197)
(-0.473998 -0.0244387 1.12096 0.0632507 0.0578 -2.65094)
(-0.49605 -0.0469186 1.17303 -0.0965303 0.110942 -2.77391)
(-0.496058 -0.0357217 1.17301 -0.149214 0.0844624 -2.77377)
(-0.495321 -0.0128848 1.17125 -0.182413 0.0304649 -2.76956)
(-0.495321 0.0128847 1.17125 -0.182415 -0.0304646 -2.76957)
(-0.496059 0.0357217 1.17301 -0.149216 -0.0844624 -2.77377)
(-0.49605 0.0469186 1.17303 -0.0965311 -0.110942 -2.77391)
(-0.473998 0.0244387 1.12095 0.0632537 -0.0578001 -2.65094)
(-0.339303 -0.0364293 0.802542 0.163826 0.0861627 -1.89823)
(-0.356776 -0.0671383 0.843796 0.0452588 0.158788 -1.99563)
(-0.356155 -0.0486569 0.842287 0.0398144 0.115072 -1.99197)
(-0.356031 -0.0171611 0.841979 0.0286828 0.0405844 -1.99119)
(-0.356031 0.0171611 0.841978 0.0286839 -0.0405844 -1.99119)
(-0.356155 0.0486569 0.842287 0.0398155 -0.115072 -1.99197)
(-0.356776 0.0671383 0.843796 0.0452591 -0.158788 -1.99563)
(-0.339303 0.0364293 0.802541 0.163833 -0.0861627 -1.89822)
(-0.201541 -0.0357772 0.476698 0.210821 0.084596 -1.12752)
(-0.20668 -0.0656752 0.488811 0.181676 0.155319 -1.15607)
(-0.20486 -0.0474761 0.484482 0.23897 0.112275 -1.14577)
(-0.20537 -0.0168108 0.485679 0.257965 0.0397546 -1.14858)
(-0.20537 0.0168108 0.485679 0.257966 -0.0397546 -1.14858)
(-0.204859 0.0474761 0.484482 0.23897 -0.112275 -1.14577)
(-0.206679 0.0656753 0.48881 0.181677 -0.155319 -1.15607)
(-0.201541 0.0357772 0.476698 0.210825 -0.0845962 -1.12752)
(-0.0899823 -0.022346 0.212799 0.178856 0.052811 -0.503247)
(-0.0825619 -0.0426315 0.195241 0.239906 0.100791 -0.461701)
(-0.0804522 -0.0323504 0.190243 0.333968 0.0764828 -0.449862)
(-0.0815323 -0.0118845 0.192793 0.372426 0.028097 -0.455881)
(-0.0815326 0.0118844 0.192793 0.372425 -0.028097 -0.455882)
(-0.0804525 0.0323503 0.190244 0.333966 -0.0764825 -0.449864)
(-0.0825618 0.0426316 0.19524 0.239906 -0.100791 -0.461701)
(-0.0899829 0.0223461 0.2128 0.178851 -0.0528111 -0.50325)
(-0.0274654 -0.00364077 0.064935 0.0487619 0.00859991 -0.153523)
(-0.0147125 -0.0116895 0.0347841 0.1405 0.0276214 -0.0822388)
(-0.0151226 -0.0124792 0.0357529 0.207357 0.0294908 -0.084527)
(-0.0169144 -0.0053453 0.039988 0.239129 0.0126325 -0.0945375)
(-0.0169138 0.00534622 0.0399867 0.239129 -0.0126347 -0.0945343)
(-0.0151218 0.0124787 0.035751 0.207359 -0.0294897 -0.0845224)
(-0.0147127 0.0116893 0.0347848 0.140498 -0.0276208 -0.0822404)
(-0.0274652 0.00364082 0.0649346 0.048753 -0.00860004 -0.153521)
(-0.00608214 0.00590824 0.0143685 0.0440432 -0.0139702 -0.033944)
(0.00144727 0.00131944 -0.00343578 0.00973095 -0.0031194 0.00815631)
(0.00117873 -0.00189443 -0.00279989 -0.0036808 0.00447836 0.00665054)
(0.000762915 -0.00124231 -0.00181691 0.00477966 0.00293653 0.00432682)
(0.000763074 0.00124261 -0.00181734 0.00480793 -0.00293725 0.00432793)
(0.00117829 0.00189433 -0.00279888 -0.0036604 -0.00447814 0.00664825)
(0.00144442 -0.00131963 -0.00342899 0.00970206 0.00311984 0.00814016)
(-0.00608224 -0.00590866 0.0143687 0.0440601 0.0139712 -0.0339446)
)
;
    }
    back
    {
        type            calculated;
        value           nonuniform List<symmTensor> 
640
(
(1143.03 -53.1022 63.1302 2.46743 -2.85308 17.6912)
(708.001 -26.5226 28.6035 0.996053 -0.743906 44.325)
(374.885 -9.02652 -15.0288 0.222348 0.73151 27.8966)
(82.8538 -0.997632 -39.2462 0.00632293 0.138936 -0.973085)
(-189.992 -4.19991 -44.4337 -0.100644 -1.42535 -35.5566)
(-457.023 -18.5922 -32.8293 -0.772651 -2.38485 -69.9078)
(-726.815 -42.6411 -10.4025 -2.5159 -1.72795 -88.0314)
(-1022.92 -78.7089 -17.293 -6.0661 -2.14775 -68.4245)
(942.61 -15.7879 35.4883 0.262292 -0.72759 -6.94919)
(626.519 -5.07297 31.1896 0.0363548 -0.524287 -14.0873)
(336.815 -0.763472 18.9572 -0.00513694 -0.363148 -13.8602)
(86.251 0.238457 6.83469 -0.010359 -0.42582 -17.4079)
(-139.428 -0.713635 -1.97458 -0.0146206 -0.445486 -17.3105)
(-357.625 -3.45346 -8.92139 -0.0404395 -0.392007 -13.4157)
(-577.997 -8.85956 -17.1397 -0.135259 -0.237635 0.656126)
(-782.767 -17.7047 -23.1424 -0.397767 -0.397573 5.22416)
(911.439 -5.87368 41.166 0.0323825 -0.510695 -9.15079)
(623.265 -0.897926 39.6897 -0.0112668 -0.607127 -21.5514)
(349.964 0.851518 36.0613 -0.012306 -0.509823 -21.1199)
(98.6207 0.798928 28.2784 -0.0117783 -0.486879 -19.9786)
(-133.93 0.308893 16.5157 -0.00965378 -0.388335 -15.7561)
(-355.049 -0.437447 0.535002 -0.00688931 -0.258085 -10.5433)
(-568.232 -2.15918 -17.6204 -0.010536 -0.164071 -4.59168)
(-771.91 -4.62014 -30.7612 -0.026935 -0.154293 0.0126361)
(894.591 -2.43781 54.793 0.00108966 -0.369075 -5.34019)
(613.444 -0.107469 51.837 -0.0143995 -0.575789 -17.894)
(351.041 0.956038 48.5569 -0.0142031 -0.528699 -19.2755)
(103.044 1.0023 40.5035 -0.0133053 -0.503427 -19.0108)
(-130.165 0.735292 26.4695 -0.011293 -0.429736 -16.3806)
(-350.951 0.326317 6.86069 -0.0085272 -0.335382 -13.2963)
(-561.591 -0.430799 -15.5876 -0.00685422 -0.27667 -11.1738)
(-769.982 -1.17978 -37.5989 -0.00325355 -0.116468 -4.23198)
(880.152 -0.663121 68.8532 -0.00458871 -0.243452 -1.82662)
(601.679 0.448499 64.4446 -0.0145731 -0.513455 -14.2463)
(345.539 1.02935 58.9768 -0.0147446 -0.50837 -16.2062)
(102.327 1.11953 48.7768 -0.0143122 -0.498495 -16.8586)
(-127.94 1.0134 32.5127 -0.0126864 -0.441599 -15.534)
(-346.505 0.855816 10.5785 -0.0103855 -0.358508 -13.679)
(-556.055 0.673637 -15.2869 -0.00800081 -0.274942 -12.4067)
(-763.836 0.584155 -45.0895 -0.00202746 -0.0305297 -5.33551)
(864.053 0.372225 81.5868 -0.00427996 -0.129309 1.61273)
(589.161 0.868025 75.8442 -0.0133016 -0.431059 -10.4439)
(337.642 1.12576 67.5431 -0.0139874 -0.454324 -12.5161)
(99.1861 1.19296 54.5832 -0.0143594 -0.468286 -14.032)
(-127.164 1.19187 35.927 -0.0134769 -0.429233 -13.861)
(-342.799 1.23108 11.7145 -0.0119388 -0.35002 -13.0151)
(-550.466 1.37844 -17.3433 -0.0102345 -0.239981 -12.3885)
(-754.15 1.64137 -52.9837 -0.00477616 0.0645762 -5.86114)
(845.297 0.972979 92.6827 -0.00264378 -0.0329181 4.98428)
(575.387 1.13338 85.5329 -0.0116191 -0.349936 -6.68771)
(328.542 1.19824 74.4559 -0.012706 -0.389421 -8.71089)
(94.9568 1.23341 58.7048 -0.013732 -0.422755 -10.9257)
(-126.931 1.29239 37.5834 -0.0135199 -0.397472 -11.7353)
(-338.801 1.44745 11.0062 -0.012671 -0.319912 -11.8373)
(-543.098 1.74859 -20.9816 -0.0117301 -0.1951 -12.1195)
(-741.19 2.17374 -60.7808 -0.00715226 0.14446 -6.45393)
(824.231 1.30821 102.209 -0.00105185 0.0447888 8.26579)
(560.424 1.28458 93.5424 -0.0100018 -0.277588 -3.08427)
(318.797 1.23845 79.9252 -0.011301 -0.325023 -5.02887)
(90.3539 1.24776 61.5662 -0.0127285 -0.370577 -7.79382)
(-126.638 1.33611 38.0404 -0.0129735 -0.354044 -9.43456)
(-333.986 1.54655 9.14302 -0.0125932 -0.277756 -10.4536)
(-533.75 1.9042 -25.4095 -0.0121598 -0.14805 -11.8271)
(-725.65 2.37588 -68.1511 -0.00817471 0.205343 -7.20068)
(801.461 1.48121 110.317 0.000176992 0.105943 11.4385)
(544.538 1.35829 100.072 -0.00858727 -0.215352 0.337116)
(308.708 1.25046 84.1675 -0.0099449 -0.26555 -1.55703)
(85.7467 1.24191 63.4519 -0.0115659 -0.317502 -4.78179)
(-125.971 1.34072 37.6903 -0.0120776 -0.306119 -7.15743)
(-328.219 1.56957 6.64922 -0.0119773 -0.231716 -9.07293)
(-522.736 1.93521 -30.0649 -0.0118406 -0.103686 -11.6131)
(-708.271 2.39934 -74.9183 -0.00820414 0.250253 -8.08924)
(777.572 1.5568 117.167 0.00104919 0.153643 14.4867)
(528.021 1.38213 105.344 -0.00738547 -0.162453 3.56591)
(298.458 1.24152 87.3927 -0.00870381 -0.212372 1.67417)
(81.3054 1.22128 64.5889 -0.0103807 -0.266869 -1.96391)
(-124.823 1.31998 36.8239 -0.0110294 -0.258518 -5.01469)
(-321.584 1.5474 3.88924 -0.0110883 -0.186774 -7.80108)
(-510.475 1.89943 -34.6038 -0.0111281 -0.0641546 -11.5108)
(-689.691 2.33639 -81.0094 -0.00772986 0.28332 -9.0874)
(753.047 1.57488 122.902 0.00164648 0.19085 17.3993)
(511.14 1.37524 109.559 -0.00636623 -0.117462 6.60139)
(288.177 1.21836 89.7888 -0.00759449 -0.165509 4.66148)
(77.0933 1.19045 65.1621 -0.00924823 -0.220318 0.631689)
(-123.217 1.28377 35.6511 -0.00995756 -0.213906 -3.05394)
(-314.258 1.50054 1.09616 -0.0101081 -0.145383 -6.67746)
(-497.365 1.83122 -38.8384 -0.0102644 -0.0298902 -11.519)
(-670.401 2.2366 -86.4115 -0.00706688 0.307928 -10.1613)
(728.256 1.55942 127.651 0.00204724 0.219946 20.1684)
(494.115 1.34984 112.885 -0.00549577 -0.0790082 9.44789)
(277.954 1.18598 91.5132 -0.00661403 -0.124488 7.41491)
(73.1188 1.15297 65.3166 -0.00820409 -0.178446 3.00414)
(-121.229 1.23877 34.3171 -0.00893258 -0.173445 -1.28445)
(-306.438 1.44153 -1.59217 -0.00913926 -0.108411 -5.70479)
(-483.732 1.74957 -42.6801 -0.00938225 -0.000524532 -11.6203)
(-650.754 2.12471 -91.1434 -0.0063754 0.32647 -11.2801)
(703.47 1.52457 131.522 0.00230997 0.242715 22.7879)
(477.111 1.31348 115.46 -0.00474639 -0.0459728 12.1114)
(267.852 1.14785 92.6925 -0.00575223 -0.0887033 9.9498)
(69.3646 1.11142 65.1621 -0.00726058 -0.141264 5.16634)
(-118.952 1.18928 32.9171 -0.00798681 -0.137412 0.304382)
(-298.299 1.37757 -4.10149 -0.00823088 -0.0758964 -4.86842)
(-469.82 1.6643 -46.0983 -0.00854323 0.0245729 -11.792)
(-630.993 2.01223 -95.2376 -0.00572481 0.340519 -12.4174)
(678.877 1.47871 134.609 0.00247506 0.260453 25.2525)
(460.248 1.27078 117.391 -0.00409691 -0.0174875 14.5978)
(257.912 1.1063 93.4246 -0.00499654 -0.0575488 12.2825)
(65.8047 1.0676 64.7782 -0.00641716 -0.108489 7.13648)
(-116.47 1.13794 31.5108 -0.0071303 -0.105634 1.73117)
(-289.98 1.31261 -6.39722 -0.00740103 -0.0475128 -4.14788)
(-455.804 1.58012 -49.0936 -0.00777038 0.0460252 -12.0123)
(-611.279 1.90393 -98.7318 -0.00513852 0.351065 -13.5514)
(654.609 1.42676 136.988 0.00256979 0.274102 27.5579)
(443.608 1.22457 118.763 -0.00353124 0.00711756 16.9126)
(248.16 1.06288 93.7846 -0.00433435 -0.0304668 14.4282)
(62.4127 1.02277 64.2214 -0.00566713 -0.0797195 8.93326)
(-113.852 1.0863 30.1334 -0.00636157 -0.0777506 3.01591)
(-281.583 1.2486 -8.46813 -0.00665195 -0.0228272 -3.52275)
(-441.805 1.49897 -51.6821 -0.00706775 0.0643514 -12.2618)
(-591.719 1.80131 -101.664 -0.00461898 0.358714 -14.6641)
(630.753 1.3717 138.729 0.00261275 0.284355 29.7003)
(427.248 1.17656 119.647 -0.00303694 0.0283636 19.0603)
(238.61 1.01862 93.8294 -0.00375397 -0.00696723 16.4)
(59.1665 0.977719 63.5312 -0.00500147 -0.0545315 10.5735)
(-111.151 1.03525 28.8046 -0.00567409 -0.0533518 4.17689)
(-273.183 1.18643 -10.3158 -0.00597879 -0.00141432 -2.97505)
(-427.903 1.42145 -53.8858 -0.00643134 0.0799567 -12.5247)
(-572.384 1.7044 -104.071 -0.00416043 0.363844 -15.7408)
(607.366 1.31529 139.888 0.00261683 0.29173 31.6765)
(411.205 1.12787 120.095 -0.00260412 0.0466644 21.0444)
(229.271 0.974218 93.6026 -0.00324503 0.0133721 18.2087)
(56.0487 0.933005 62.735 -0.00441081 -0.0325271 12.0715)
(-108.404 0.985273 27.534 -0.00505966 -0.0320488 5.22953)
(-264.829 1.12645 -11.9481 -0.00537422 0.0171011 -2.48985)
(-414.151 1.34754 -55.7291 -0.00585451 0.0931535 -12.7879)
(-553.32 1.61272 -105.987 -0.00375488 0.366706 -16.7693)
(584.486 1.25864 140.518 0.00259127 0.29663 33.4838)
(395.504 1.07916 120.156 -0.00222477 0.0623561 22.8678)
(220.151 0.930135 93.1383 -0.00279853 0.0309109 19.8629)
(53.0469 0.888975 61.8526 -0.00388646 -0.0133527 13.4386)
(-105.638 0.936608 26.3258 -0.00451019 -0.0134968 6.18639)
(-256.556 1.06871 -13.3759 -0.00483071 0.0330371 -2.0551)
(-400.585 1.27699 -57.2355 -0.00533042 0.104188 -13.0409)
(-534.558 1.52568 -107.444 -0.0033946 0.367493 -17.7395)
(562.135 1.20241 140.664 0.00254286 0.299373 35.1205)
(380.16 1.03091 119.866 -0.00189226 0.0757172 24.533)
(211.252 0.886688 92.464 -0.00240676 0.0459552 21.3696)
(50.1522 0.845858 60.8983 -0.00342068 0.00329815 14.6841)
(-102.87 0.889379 25.1809 -0.00401831 0.00260117 7.05746)
(-248.385 1.01315 -14.6109 -0.00434133 0.0466617 -1.66117)
(-387.227 1.20952 -58.4278 -0.00485296 0.113264 -13.2753)
(-516.119 1.44275 -108.472 -0.00307299 0.366373 -18.6431)
(540.326 1.14704 140.368 0.00247678 0.300224 36.5855)
(365.183 0.9834 119.259 -0.00160099 0.086984 26.0421)
(202.575 0.844094 91.6022 -0.00206313 0.0587665 22.7345)
(47.359 0.803804 59.8831 -0.00300679 0.0176886 15.8153)
(-100.112 0.84364 24.0986 -0.00357759 0.0164987 7.85074)
(-240.332 0.959704 -15.6649 -0.00390008 0.0582034 -1.30037)
(-374.092 1.14487 -59.3271 -0.00441701 0.120558 -13.4843)
(-498.018 1.36353 -109.1 -0.00278464 0.363506 -19.4733)
(519.068 1.09281 139.668 0.00239706 0.299404 37.8789)
(350.579 0.936842 118.365 -0.0013462 0.0963608 27.3974)
(194.124 0.8025 90.5723 -0.00176199 0.0695704 23.9623)
(44.6634 0.762911 58.8158 -0.00263899 0.0300454 16.8383)
(-97.3716 0.79941 23.0772 -0.00318252 0.0284142 8.57266)
(-232.406 0.908278 -16.5492 -0.00350186 0.0678605 -0.966508)
(-361.191 1.08287 -59.9534 -0.00401828 0.126227 -13.6624)
(-480.263 1.28771 -109.354 -0.00252523 0.359054 -20.2249)
(498.361 1.03989 138.599 0.00230692 0.297106 39.0014)
(336.35 0.89137 117.21 -0.00112377 0.104027 28.6014)
(185.897 0.762009 89.3915 -0.00149847 0.0785639 25.0573)
(42.0628 0.723241 57.7038 -0.00231231 0.040566 17.7582)
(-94.6539 0.756697 22.1146 -0.00282833 0.0385379 9.22856)
(-224.614 0.858807 -17.2744 -0.00314227 0.0758096 -0.654568)
(-348.53 1.02334 -60.3256 -0.00365323 0.130419 -13.8054)
(-462.863 1.2151 -109.262 -0.00229126 0.353178 -20.8936)
(478.206 0.988394 137.195 0.002209 0.2935 39.9548)
(322.498 0.847079 115.819 -0.000930105 0.110144 29.6569)
(177.895 0.722689 88.0751 -0.00126831 0.0859214 26.0236)
(39.5552 0.684836 56.5536 -0.00202238 0.0494248 18.5794)
(-91.9625 0.715496 21.2088 -0.00251088 0.0470387 9.8229)
(-216.96 0.811235 -17.8511 -0.00281754 0.0822103 -0.360464)
(-336.115 0.966196 -60.4617 -0.00331886 0.133274 -13.9099)
(-445.823 1.14553 -108.848 -0.00207987 0.346037 -21.4766)
(458.6 0.938388 135.487 0.00210549 0.288738 40.7418)
(309.021 0.80403 114.214 -0.000762018 0.114856 30.5671)
(170.116 0.684585 86.6371 -0.00106778 0.0917996 26.8652)
(37.1391 0.647719 55.3709 -0.00176539 0.0567777 19.3061)
(-89.2998 0.6758 20.3573 -0.00222654 0.0540687 10.3596)
(-209.447 0.765516 -18.289 -0.00252439 0.0872095 -0.0808494)
(-323.949 0.911349 -60.3786 -0.00301258 0.134923 -13.9737)
(-429.146 1.07891 -108.135 -0.00188864 0.337787 -21.972)
(439.539 0.889917 133.503 0.00199823 0.282962 41.3659)
(295.918 0.762267 112.415 -0.000616684 0.118298 31.3357)
(162.561 0.647724 85.0906 -0.000893587 0.0963407 27.586)
(34.813 0.611902 54.1609 -0.00153792 0.0627664 19.9421)
(-86.6676 0.637598 19.558 -0.00197209 0.0597667 10.842)
(-202.078 0.721615 -18.5976 -0.00225987 0.0909434 0.187011)
(-312.036 0.858738 -60.0929 -0.00273212 0.13549 -13.9951)
(-412.834 1.01514 -107.148 -0.00171552 0.328581 -22.3789)
(421.016 0.843004 131.272 0.00188877 0.276299 41.8314)
(283.184 0.721815 110.444 -0.000491573 0.120592 31.9667)
(155.226 0.612124 83.4476 -0.000742764 0.0996753 28.1901)
(32.5754 0.57739 52.9284 -0.00133695 0.0675209 20.4912)
(-84.0676 0.600878 18.8085 -0.00174463 0.0642609 11.2732)
(-194.855 0.679496 -18.786 -0.00202136 0.0935393 0.445339)
(-300.375 0.808311 -59.6202 -0.00247542 0.135094 -13.9731)
(-396.889 0.954151 -105.907 -0.00155869 0.318562 -22.6972)
(403.025 0.797661 128.819 0.00177845 0.268868 42.1433)
(270.818 0.682691 108.318 -0.000384409 0.121852 32.4647)
(148.109 0.577789 81.7195 -0.00061267 0.101924 28.6819)
(30.4248 0.54418 51.6777 -0.00115972 0.0711611 20.9569)
(-81.5011 0.565622 18.1064 -0.00154154 0.0676698 11.6561)
(-187.779 0.639127 -18.863 -0.00180648 0.0951161 0.695913)
(-288.969 0.760021 -58.9757 -0.00224062 0.133847 -13.9075)
(-381.311 0.89588 -104.435 -0.00141656 0.307866 -22.9279)
(385.558 0.753887 126.168 0.0016684 0.260781 42.3071)
(258.813 0.644901 106.054 -0.000293139 0.122187 32.8347)
(141.208 0.54472 79.9168 -0.000500923 0.103199 29.0658)
(28.3594 0.512263 50.4129 -0.00100374 0.0737988 21.3429)
(-78.9691 0.531811 17.4495 -0.00136046 0.0701043 11.9932)
(-180.849 0.600477 -18.8372 -0.00161307 0.0957851 0.940131)
(-277.819 0.713822 -58.1738 -0.00202601 0.131852 -13.7985)
(-366.099 0.840259 -102.751 -0.00128768 0.296619 -23.0722)
(368.607 0.711679 123.342 0.00155957 0.252139 42.3289)
(247.165 0.608448 103.67 -0.000215911 0.121695 33.0817)
(134.52 0.512911 78.0494 -0.000405378 0.103605 29.3463)
(26.3774 0.481628 49.1377 -0.00086678 0.075538 21.6526)
(-76.4728 0.499423 16.8354 -0.00119922 0.0716676 12.2869)
(-174.068 0.563511 -18.7167 -0.00143914 0.0956504 1.17905)
(-266.923 0.669667 -57.2285 -0.00183001 0.129209 -13.6469)
(-351.254 0.787219 -100.875 -0.00117075 0.284941 -23.1323)
(352.164 0.671025 120.364 0.00145278 0.243041 42.2153)
(235.868 0.573328 101.18 -0.00015105 0.12047 33.2113)
(128.042 0.48235 76.1266 -0.0003241 0.10324 29.528)
(24.4771 0.452257 47.8554 -0.00074678 0.0764757 21.8898)
(-74.0131 0.468434 16.2617 -0.00105583 0.0724561 12.5395)
(-167.435 0.528194 -18.5094 -0.00128286 0.0948093 1.41345)
(-256.281 0.627509 -56.1531 -0.00165115 0.126008 -13.4536)
(-336.772 0.736693 -98.8256 -0.0010646 0.272938 -23.1108)
(336.219 0.631911 117.253 0.0013487 0.233575 41.9731)
(224.917 0.539531 98.5989 -9.70456e-05 0.1186 33.2293)
(121.769 0.453025 74.1571 -0.000255346 0.102195 29.6159)
(22.6564 0.424133 46.5691 -0.000641887 0.0767028 22.0579)
(-71.5908 0.438816 15.7261 -0.000928504 0.0725599 12.7531)
(-160.951 0.494487 -18.2231 -0.00114258 0.0933521 1.64381)
(-245.893 0.587299 -54.9604 -0.00148805 0.122332 -13.2204)
(-322.652 0.68861 -96.6207 -0.000968161 0.260711 -23.0107)
(320.762 0.594319 114.028 0.0012479 0.223826 41.6094)
(214.306 0.507048 95.9401 -5.25339e-05 0.116167 33.1415)
(115.699 0.424917 72.149 -0.000197549 0.100554 29.6146)
(20.9134 0.397232 45.2817 -0.000550418 0.0763038 22.1603)
(-69.2066 0.41054 15.2264 -0.000815583 0.0720625 12.9297)
(-154.614 0.462352 -17.8649 -0.00101676 0.0913631 1.87043)
(-235.757 0.548985 -53.6627 -0.00133947 0.118261 -12.9489)
(-308.89 0.642897 -94.2772 -0.000880478 0.248351 -22.8355)
(305.785 0.558229 110.707 0.00115081 0.21387 41.1316)
(204.028 0.475864 93.2162 -1.62885e-05 0.113248 32.9539)
(109.828 0.398008 70.1097 -0.0001493 0.0983976 29.5291)
(19.2462 0.371532 43.9958 -0.000470849 0.0753574 22.2005)
(-66.8612 0.383575 14.7601 -0.000715572 0.071042 13.071)
(-148.424 0.431747 -17.442 -0.000903997 0.0889199 2.09338)
(-225.871 0.512517 -52.2715 -0.00120421 0.113866 -12.6414)
(-295.485 0.59948 -91.8111 -0.00080068 0.235939 -22.5891)
(291.277 0.523619 107.306 0.00105779 0.203778 40.5471)
(194.077 0.445962 90.4392 1.2792e-05 0.109913 32.6726)
(104.151 0.372276 68.0464 -0.000109338 0.0957985 29.3643)
(17.6526 0.347005 42.7136 -0.000401805 0.0739367 22.182)
(-64.555 0.357889 14.3251 -0.000627109 0.0695704 13.1788)
(-142.381 0.40263 -16.9611 -0.00080302 0.0860944 2.31257)
(-216.234 0.477839 -50.798 -0.00108119 0.109212 -12.3)
(-282.432 0.558284 -89.2379 -0.000727986 0.223551 -22.2755)
(277.228 0.490463 103.842 0.000969119 0.193618 39.8636)
(184.446 0.417323 87.6201 3.56938e-05 0.106229 32.3037)
(98.665 0.347698 65.9655 -7.65374e-05 0.092825 29.1251)
(16.1308 0.323626 41.4373 -0.000342043 0.0721096 22.1079)
(-62.2886 0.333447 13.9191 -0.000548956 0.0677144 13.2548)
(-136.483 0.374958 -16.4288 -0.000712659 0.0829528 2.52775)
(-206.844 0.444898 -49.2527 -0.000969404 0.104359 -11.9274)
(-269.728 0.519234 -86.5721 -0.000661695 0.211252 -21.8989)
(263.629 0.458736 100.328 0.000884975 0.183449 39.0884)
(175.129 0.389928 84.7692 5.32974e-05 0.102258 31.8534)
(93.3658 0.324249 63.8731 -4.98944e-05 0.0895403 28.8162)
(14.6788 0.301366 40.1688 -0.000290448 0.0699386 21.9817)
(-60.0622 0.310214 13.54 -0.000479993 0.0655355 13.3004)
(-130.731 0.348686 -15.851 -0.000631852 0.0795557 2.73856)
(-197.697 0.413639 -47.6457 -0.00086791 0.0993618 -11.5261)
(-257.369 0.482255 -83.8275 -0.000601178 0.199102 -21.4638)
(250.47 0.42841 96.7787 0.000805486 0.173326 38.2293)
(166.119 0.363753 81.8962 6.63881e-05 0.0980558 31.3277)
(88.2495 0.301904 61.7749 -2.85194e-05 0.0860023 28.4425)
(13.2946 0.280196 38.9098 -0.000246019 0.0674814 21.8064)
(-57.8762 0.288156 13.1856 -0.00041921 0.0630901 13.3172)
(-125.121 0.323771 -15.2339 -0.000559635 0.0759584 2.94451)
(-188.793 0.384008 -45.9864 -0.000775848 0.0942699 -11.0989)
(-245.35 0.447272 -81.0173 -0.000545875 0.187155 -20.9748)
(237.741 0.399456 93.206 0.000730715 0.1633 37.2937)
(157.41 0.338775 79.0099 7.5663e-05 0.0936747 30.7326)
(83.3121 0.280636 59.676 -1.1625e-05 0.0822642 28.0086)
(11.9764 0.260085 37.6619 -0.00020786 0.064791 21.5852)
(-55.7307 0.267237 12.8538 -0.000365693 0.0604299 13.3063)
(-119.654 0.300168 -14.583 -0.000495134 0.0722115 3.14504)
(-180.127 0.35595 -44.284 -0.000692421 0.0891276 -10.6487)
(-233.668 0.41421 -78.1537 -0.000495285 0.175456 -20.4364)
(225.432 0.371845 89.6216 0.000660671 0.153415 36.2889)
(148.995 0.31497 76.1187 8.17382e-05 0.0891626 30.074)
(78.5497 0.260417 57.5812 1.48277e-06 0.0783749 27.5192)
(10.7223 0.241004 36.4264 -0.000175174 0.0619159 21.3211)
(-53.6259 0.247419 12.5426 -0.000318624 0.0576022 13.2692)
(-114.328 0.277832 -13.9035 -0.000437557 0.0683606 3.33952)
(-171.697 0.329409 -42.5469 -0.000616896 0.0839751 -10.1784)
(-222.318 0.382996 -75.2487 -0.000448962 0.164045 -19.8535)
(213.534 0.345546 86.0366 0.000595321 0.143712 35.2222)
(140.868 0.292311 73.2303 8.51566e-05 0.0845633 29.3578)
(73.9586 0.241219 55.4949 1.14128e-05 0.0743787 26.9788)
(9.53047 0.222921 35.2045 -0.00014725 0.0589002 21.017)
(-51.5618 0.228668 12.2501 -0.000277265 0.0546496 13.207)
(-109.14 0.25672 -13.2008 -0.00038619 0.0644469 3.52727)
(-163.5 0.304333 -40.7833 -0.000548596 0.078848 -9.69088)
(-211.295 0.353559 -72.3132 -0.000406512 0.152959 -19.2306)
(202.039 0.320526 82.4608 0.000534588 0.134228 34.1008)
(133.022 0.270771 70.3518 8.63941e-05 0.0799165 28.5895)
(69.5349 0.223014 53.4213 1.86975e-05 0.070316 26.3916)
(8.39929 0.205805 33.9972 -0.000123457 0.0557841 20.6757)
(-49.5384 0.210947 11.9743 -0.000240958 0.0516111 13.1208)
(-104.091 0.236786 -12.4795 -0.000340388 0.0605075 3.70754)
(-155.535 0.280668 -39.0007 -0.000486899 0.0737781 -9.18906)
(-200.595 0.325826 -69.3576 -0.000367585 0.142226 -18.5724)
(190.936 0.296755 78.9036 0.000478367 0.124993 32.9314)
(125.452 0.250324 67.4898 8.58665e-05 0.0752581 27.7747)
(65.275 0.205774 51.364 2.38e-05 0.0662232 25.7621)
(7.32703 0.189626 32.8057 -0.000103239 0.0526037 20.3001)
(-47.5558 0.19422 11.7134 -0.000209114 0.0485214 13.0117)
(-99.1781 0.217988 -11.7442 -0.000299571 0.0565755 3.8796)
(-147.796 0.25836 -37.2064 -0.000431233 0.0687934 -8.67588)
(-190.215 0.299729 -66.3919 -0.000331868 0.131871 -17.8835)
(180.216 0.2742 75.3736 0.000426522 0.116035 31.7208)
(118.151 0.23094 64.6503 8.39353e-05 0.0706204 26.9186)
(61.1753 0.189469 49.3265 2.71213e-05 0.0621329 25.0943)
(6.3121 0.174353 31.6305 -8.61044e-05 0.0493917 19.8926)
(-45.6138 0.178452 11.4657 -0.000181209 0.0454119 12.8806)
(-94.3998 0.200284 -10.9994 -0.000263217 0.0526802 4.04267)
(-140.283 0.237359 -35.4072 -0.000381074 0.0639182 -8.15422)
(-180.148 0.275201 -63.4253 -0.000299089 0.121915 -17.1685)
(169.873 0.252828 71.8788 0.000378897 0.107379 30.4755)
(111.113 0.212592 61.8391 8.0913e-05 0.0660325 26.0266)
(57.2324 0.17407 47.3119 2.90067e-05 0.0580743 24.3922)
(5.35295 0.159954 30.4725 -7.16218e-05 0.0461772 19.456)
(-43.7124 0.163608 11.2293 -0.000156775 0.0423103 12.7287)
(-89.7546 0.18363 -10.249 -0.000230858 0.0488474 4.19597)
(-132.991 0.217614 -33.6094 -0.000335937 0.0591737 -7.62691)
(-170.391 0.252174 -60.4664 -0.000269001 0.112374 -16.4318)
(159.896 0.232606 68.4263 0.000335317 0.0990445 29.2017)
(104.334 0.195251 59.0612 7.70682e-05 0.0615202 25.1034)
(53.4428 0.159549 45.323 2.9752e-05 0.0540734 23.6596)
(4.4481 0.1464 29.3323 -5.94132e-05 0.0429861 18.9926)
(-41.8514 0.149653 11.0027 -0.000135399 0.0392413 12.5566)
(-85.241 0.167987 -9.49706 -0.000202075 0.0450997 4.33874)
(-125.919 0.199074 -31.8191 -0.000295381 0.0545782 -7.09671)
(-160.94 0.230586 -57.5235 -0.00024139 0.10326 -15.6777)
(150.279 0.213502 65.0229 0.000295591 0.0910483 27.9054)
(97.807 0.178888 56.3213 7.263e-05 0.0571062 24.1539)
(49.8033 0.145877 43.3625 2.9609e-05 0.050153 22.9002)
(3.59613 0.13366 28.2103 -4.91482e-05 0.0398414 18.5047)
(-40.0306 0.136554 10.7842 -0.000116712 0.0362266 12.3654)
(-80.8574 0.153313 -8.74715 -0.000176492 0.0414566 4.47021)
(-119.062 0.181691 -30.0418 -0.000259 0.0501469 -6.56631)
(-151.791 0.210372 -54.6043 -0.000216062 0.0945809 -14.9105)
(141.014 0.195481 61.6748 0.000259521 0.0834038 26.5924)
(91.5272 0.163473 53.6239 6.77926e-05 0.0528103 23.1826)
(46.3109 0.133024 41.4326 2.87901e-05 0.0463328 22.1176)
(2.79569 0.121704 27.1069 -4.05398e-05 0.0367631 17.9947)
(-38.25 0.124276 10.5723 -0.000100391 0.0332849 12.1558)
(-76.6022 0.139569 -8.00274 -0.000153773 0.0379349 4.58966)
(-112.42 0.165417 -28.2829 -0.000226419 0.0458925 -6.03831)
(-142.939 0.191474 -51.716 -0.000192846 0.0863436 -14.1341)
(132.092 0.178512 58.3876 0.000226901 0.0761218 25.2681)
(85.4895 0.148977 50.9728 6.27189e-05 0.0486498 22.194)
(42.9624 0.120963 39.5357 2.74735e-05 0.0426301 21.3151)
(2.0455 0.110503 26.0226 -3.3339e-05 0.0337684 17.4646)
(-36.5091 0.112787 10.3656 -8.61476e-05 0.0304324 11.9287)
(-72.474 0.126717 -7.26709 -0.000133617 0.0345484 4.69637)
(-105.988 0.150206 -26.5472 -0.000197297 0.0418254 -5.51522)
(-134.38 0.173831 -48.8651 -0.000171587 0.0785502 -13.3525)
(123.508 0.162561 55.1665 0.000197519 0.0692097 23.9377)
(79.689 0.135371 48.3718 5.75439e-05 0.0446393 21.192)
(39.755 0.109666 37.6735 2.58073e-05 0.0390594 20.4959)
(1.34431 0.100029 24.9575 -2.73306e-05 0.0308723 16.9166)
(-34.808 0.102056 10.1627 -7.37305e-05 0.0276829 11.6847)
(-68.4712 0.114719 -6.54325 -0.000115757 0.0313087 4.78966)
(-99.7648 0.136012 -24.8396 -0.000171322 0.0379536 -4.99942)
(-126.112 0.157388 -46.0581 -0.000152149 0.0712005 -12.5694)
(115.254 0.147596 52.0161 0.000171163 0.0626728 22.6062)
(74.1211 0.122625 45.824 5.23785e-05 0.0407912 20.1807)
(36.686 0.0991045 35.8478 2.39128e-05 0.035633 19.663)
(0.690979 0.0902527 23.9118 -2.23294e-05 0.0280873 16.3526)
(-33.1463 0.0920507 9.96221 -6.29167e-05 0.0250477 11.4246)
(-64.5925 0.103538 -5.83409 -9.99511e-05 0.0282252 4.86889)
(-93.7474 0.122792 -23.1641 -0.000148204 0.0342831 -4.49321)
(-118.129 0.142088 -43.3008 -0.000134405 0.0642919 -11.7884)
(107.325 0.133582 48.9407 0.000147623 0.0565134 21.2783)
(68.7813 0.11071 43.3324 4.73121e-05 0.0371155 19.1639)
(33.7527 0.0892512 34.0601 2.18888e-05 0.0323609 18.8195)
(0.084395 0.0811464 22.8858 -1.81765e-05 0.0254238 15.7744)
(-31.5239 0.0827407 9.76284 -5.35107e-05 0.0225363 11.149)
(-60.8364 0.0931395 -5.1423 -8.59861e-05 0.025305 4.93344)
(-87.9335 0.110502 -21.525 -0.000127682 0.0308182 -3.99876)
(-110.429 0.127878 -40.5987 -0.000118242 0.0578198 -11.0128)
(99.713 0.120489 45.9442 0.000126689 0.0507319 19.9583)
(63.6653 0.0995956 40.8999 4.24154e-05 0.0336202 18.1449)
(30.9527 0.0800789 32.3118 1.9814e-05 0.0292509 17.968)
(-0.476489 0.0726827 21.8794 -1.47362e-05 0.0228901 15.1838)
(-29.9405 0.0740963 9.5634 -4.53408e-05 0.020156 10.8587)
(-57.2016 0.0834878 -4.4704 -7.367e-05 0.0225535 4.98277)
(-82.3209 0.0991003 -19.9258 -0.000109512 0.0275612 -3.5181)
(-103.008 0.114707 -37.9567 -0.000103554 0.0517773 -10.246)
(92.4132 0.108283 43.0302 0.000108157 0.0453264 18.6504)
(58.7692 0.0892539 38.5287 3.77427e-05 0.0303116 17.1271)
(28.2835 0.0715609 30.6042 1.77505e-05 0.0263091 17.1112)
(-0.992656 0.0648349 20.8927 -1.1893e-05 0.0204928 14.5825)
(-28.3959 0.0660882 9.36274 -3.82564e-05 0.0179126 10.5543)
(-53.6869 0.0745494 -3.82074 -6.28314e-05 0.019974 5.01636)
(-76.9074 0.0885461 -18.3702 -9.34736e-05 0.024513 -3.05318)
(-95.8638 0.102524 -35.3796 -9.02458e-05 0.046156 -9.49085)
(85.4201 0.0969316 40.2016 9.18294e-05 0.0402931 17.3585)
(54.0891 0.0796554 36.2211 3.3334e-05 0.0271939 16.1136)
(25.7429 0.0636707 28.9383 1.57456e-05 0.0235399 16.2514)
(-1.46504 0.0575765 19.9257 -9.54899e-06 0.0182368 13.9722)
(-26.8899 0.058688 9.15974 -3.21252e-05 0.01581 10.2364)
(-50.2909 0.0662914 -3.1955 -5.3317e-05 0.0175685 5.03373)
(-71.6909 0.0787997 -16.8612 -7.93628e-05 0.0216732 -2.60579)
(-88.9924 0.091282 -32.8718 -7.82265e-05 0.0409457 -8.75025)
(78.7283 0.0864035 37.4615 7.75145e-05 0.0356264 16.0862)
(49.6214 0.070771 33.9791 2.92176e-05 0.0242699 15.1073)
(23.3288 0.0563821 27.3151 1.38342e-05 0.0209459 15.391)
(-1.8945 0.0508819 18.9785 -7.62135e-06 0.0161253 13.3542)
(-25.4223 0.0518679 8.95339 -2.68313e-05 0.0138506 9.90558)
(-47.0126 0.0586818 -2.59671 -4.49891e-05 0.0153375 5.03445)
(-66.6696 0.0698225 -15.402 -6.69932e-05 0.0190398 -2.17762)
(-82.3915 0.0809333 -30.4372 -6.74116e-05 0.0361351 -8.02686)
(72.3331 0.0766665 34.8123 6.50286e-05 0.031319 14.8368)
(45.3627 0.0625721 31.8043 2.54113e-05 0.0215406 14.111)
(21.0392 0.0496696 25.7354 1.20414e-05 0.0185282 14.5321)
(-2.28188 0.0447257 18.0508 -6.04048e-06 0.0141602 12.7301)
(-23.9928 0.0456008 8.74269 -2.22731e-05 0.0120355 9.56242)
(-43.8508 0.0516896 -2.02628 -3.7724e-05 0.0132799 5.01814)
(-61.8416 0.061577 -13.9952 -5.61932e-05 0.0166098 -1.77023)
(-76.0583 0.0714328 -28.0795 -5.77206e-05 0.0317114 -7.32315)
(66.2296 0.0676888 32.2562 5.41972e-05 0.0273624 13.6135)
(41.3098 0.05503 29.6983 2.19241e-05 0.0190059 13.127)
(18.8721 0.0435076 24.1998 1.03833e-05 0.0162866 13.6767)
(-2.62793 0.039083 17.1425 -4.74798e-06 0.0123419 12.1011)
(-22.6014 0.0398603 8.52672 -1.83609e-05 0.0103646 9.20747)
(-40.8046 0.0452844 -1.48595 -3.14104e-05 0.0113936 4.98449)
(-57.2052 0.0540264 -12.6433 -4.68054e-05 0.0143792 -1.38504)
(-69.9903 0.0627366 -25.8022 -4.90772e-05 0.0276609 -6.64141)
(60.4137 0.0594388 29.7953 4.48545e-05 0.0237463 12.4191)
(37.4596 0.0481163 27.6625 1.87578e-05 0.0166643 12.1578)
(16.8259 0.0378713 22.709 8.86936e-06 0.0142198 12.8268)
(-2.93339 0.0339296 16.2537 -3.69504e-06 0.0106698 11.4686)
(-21.2477 0.0346205 8.30462 -1.50164e-05 0.00883665 8.84128)
(-37.8728 0.0394367 -0.977328 -2.5948e-05 0.00967549 4.9332)
(-52.7588 0.0471353 -11.3488 -3.86855e-05 0.012343 -1.02335)
(-64.1854 0.0548022 -23.6083 -4.14081e-05 0.023969 -5.98377)
(54.8813 0.051885 27.4312 3.68449e-05 0.0204595 11.2562)
(33.8093 0.0418028 25.698 1.59082e-05 0.014513 11.2054)
(14.8989 0.0327358 21.2635 7.50323e-06 0.0123251 11.984)
(-3.19892 0.0292415 15.384 -2.84094e-06 0.00914221 10.8336)
(-19.9317 0.0298562 8.07556 -1.21703e-05 0.00744925 8.46436)
(-35.0546 0.0341178 -0.501909 -2.12461e-05 0.00812132 4.86405)
(-48.5008 0.0408688 -10.1136 -3.17005e-05 0.0104955 -0.686353)
(-58.6412 0.0475885 -21.5006 -3.46426e-05 0.0206205 -5.35216)
(49.6285 0.0449963 25.1656 3.00222e-05 0.0174897 10.1272)
(30.3563 0.0360613 23.8058 1.33661e-05 0.0125483 10.2719)
(13.0895 0.0280768 19.8637 6.28415e-06 0.0105991 11.1499)
(-3.42515 0.0249953 14.5334 -2.15182e-06 0.00775635 10.1974)
(-18.6531 0.0255426 7.83879 -9.76141e-06 0.00619917 8.07719)
(-32.3492 0.0292997 -0.0610496 -1.72223e-05 0.00672607 4.77685)
(-44.4298 0.0351932 -8.93976 -2.57286e-05 0.00883011 -0.375048)
(-53.3559 0.0410555 -19.4818 -2.87127e-05 0.0175995 -4.74831)
(44.6518 0.0387414 22.9997 2.42506e-05 0.0148237 9.03436)
(27.0981 0.030864 21.9869 1.11187e-05 0.0107655 9.35898)
(11.3963 0.0238703 18.5099 5.20792e-06 0.00903716 10.3261)
(-3.61266 0.0211679 13.7016 -1.59957e-06 0.00650864 9.56089)
(-17.4118 0.0216557 7.59359 -7.73562e-06 0.00508239 7.68029)
(-29.7557 0.0249551 0.344006 -1.38022e-05 0.0054839 4.67145)
(-40.5445 0.0300756 -7.82897 -2.06583e-05 0.00733959 -0.0904307)
(-48.3276 0.0351647 -17.554 -2.35526e-05 0.0148895 -4.17384)
(39.9479 0.0330893 20.9347 1.94041e-05 0.0124474 7.97958)
(24.0324 0.0261831 20.2418 9.15009e-06 0.00915897 8.46831)
(9.81793 0.0200924 17.2024 4.26772e-06 0.00763407 9.51384)
(-3.76199 0.0177367 12.8885 -1.16086e-06 0.0053947 8.92509)
(-16.2077 0.0181718 7.3393 -6.04495e-06 0.00409411 7.27411)
(-27.2735 0.0210573 0.712123 -1.09177e-05 0.0043883 4.54774)
(-36.8439 0.025484 -6.78283 -1.63869e-05 0.00601615 0.166644)
(-43.5546 0.0298784 -15.7195 -1.90982e-05 0.0124739 -3.63015)
(35.5138 0.0280091 18.9714 1.53666e-05 0.0103458 6.96463)
(21.1571 0.021991 18.5714 7.44197e-06 0.00772224 7.60135)
(8.35316 0.0167197 15.9414 3.45487e-06 0.00638378 8.71443)
(-3.87365 0.0146793 12.0938 -8.16303e-07 0.00440947 8.29088)
(-15.0406 0.0150677 7.07531 -4.64665e-06 0.00322893 6.8591)
(-24.9018 0.0175802 1.04228 -8.50667e-06 0.00343221 4.40563)
(-33.3268 0.0213869 -5.80274 -1.28201e-05 0.00485146 0.395391)
(-39.0354 0.0251597 -13.9801 -1.5287e-05 0.0103355 -3.11851)
(31.3467 0.0234699 17.1106 1.20318e-05 0.00850363 5.99109)
(18.4701 0.0182604 16.9759 5.97469e-06 0.00644822 6.75942)
(7.00082 0.0137289 14.727 2.75944e-06 0.00527962 7.92898)
(-3.94811 0.011974 11.3173 -5.49779e-07 0.00354727 7.65907)
(-13.9105 0.0123208 6.80105 -3.50259e-06 0.00248085 6.4357)
(-22.64 0.0144982 1.33354 -6.51228e-06 0.00260805 4.24509)
(-29.9922 0.0177535 -4.88997 -9.87134e-06 0.0038368 0.595124)
(-34.7686 0.0209729 -12.3375 -1.20585e-05 0.00845692 -2.64013)
(27.4438 0.019441 15.353 9.30316e-06 0.006905 5.06035)
(15.9697 0.0149641 15.4559 4.72764e-06 0.00532916 5.9437)
(5.75984 0.011097 13.5592 2.17078e-06 0.00431436 7.15852)
(-3.98579 0.00959903 10.5589 -3.47831e-07 0.00280191 7.03043)
(-12.817 0.00990875 6.51601 -2.57859e-06 0.00184343 6.00432)
(-20.4876 0.0117865 1.5851 -4.8826e-06 0.00190784 4.06612)
(-26.8392 0.0145538 -4.04562 -7.46154e-06 0.00296314 0.765316)
(-30.753 0.017283 -10.793 -9.35465e-06 0.00682079 -2.19603)
(23.8028 0.0158918 13.699 7.09295e-06 0.00553356 4.1736)
(13.6542 0.0120749 14.0115 3.67974e-06 0.00435678 5.15525)
(4.62923 0.00880126 12.4381 1.67794e-06 0.00348029 6.40398)
(-3.98713 0.00753321 9.81825 -1.99159e-07 0.00216672 6.40567)
(-11.7603 0.00780979 6.21975 -1.844e-06 0.00130979 5.56536)
(-18.444 0.00942056 1.79625 -3.57006e-06 0.00132325 3.86875)
(-23.8669 0.0117586 -3.27065 -5.51842e-06 0.00222118 0.905538)
(-26.9873 0.014056 -9.34801 -7.11922e-06 0.00540981 -1.78703)
(20.4214 0.0127916 12.1489 5.32237e-06 0.00437266 3.33189)
(11.5218 0.00956594 12.6429 2.8099e-06 0.00352223 4.39495)
(3.608 0.00681918 11.3637 1.26998e-06 0.00276927 5.66619)
(-3.95251 0.00575557 9.09519 -9.42176e-08 0.00163466 5.78545)
(-10.7401 0.00600246 5.91187 -1.27124e-06 0.000872727 5.11924)
(-16.5086 0.00737642 1.96638 -2.53111e-06 0.00084567 3.65306)
(-21.0744 0.00933889 -2.56589 -3.9761e-06 0.00160132 1.01542)
(-23.4704 0.0112588 -8.0035 -5.29826e-06 0.00420666 -1.41386)
(17.2974 0.0101099 10.703 3.92105e-06 0.00340541 2.53606)
(9.57115 0.00741052 11.3502 2.09746e-06 0.00281632 3.66358)
(2.69517 0.00512843 10.3358 9.36285e-07 0.00217282 4.94589)
(-3.88236 0.00424543 8.38952 -2.48845e-08 0.00119836 5.17043)
(-9.75639 0.00446565 5.59207 -8.3548e-07 0.000524719 4.66635)
(-14.6808 0.00563058 2.09503 -1.7259e-06 0.000466217 3.41912)
(-18.4609 0.00726667 -1.93201 -2.77469e-06 0.00109377 1.09464)
(-20.2012 0.00885861 -6.76039 -3.8402e-06 0.00319411 -1.07714)
(14.4288 0.00781622 9.36126 2.82665e-06 0.00261479 1.78682)
(7.80061 0.00558206 10.1333 1.52248e-06 0.00222948 2.96179)
(1.88971 0.00370692 9.35423 6.66783e-07 0.00168217 4.24381)
(-3.77716 0.00298239 7.70108 1.58091e-08 0.000850125 4.56123)
(-8.80904 0.00317859 5.26018 -5.14317e-07 0.000258014 4.20712)
(-12.9602 0.00415989 2.18188 -1.118e-06 0.000175868 3.16705)
(-16.0255 0.00551425 -1.3695 -1.85991e-06 0.000688603 1.14298)
(-17.1788 0.00682353 -5.61939 -2.69608e-06 0.00235513 -0.777362)
(11.8135 0.00588031 8.1235 1.98439e-06 0.0019837 1.08469)
(6.20858 0.0040542 8.9918 1.06599e-06 0.00175187 2.29011)
(1.1904 0.00253268 8.41875 4.52057e-07 0.00128831 3.56059)
(-3.63759 0.00194624 7.02975 3.39231e-08 0.000582052 3.95851)
(-7.89793 0.00212081 4.91618 -2.87583e-07 6.46599e-05 3.74207)
(-11.3458 0.00294161 2.22687 -6.74299e-07 -3.45569e-05 2.89711)
(-13.767 0.00405453 -0.878692 -1.18285e-06 0.000375785 1.16023)
(-14.4019 0.00512227 -4.58103 -1.81981e-06 0.00167293 -0.514931)
(9.44952 0.00427211 6.98941 1.34663e-06 0.00149505 0.43001)
(4.79325 0.00280081 7.92524 7.10217e-07 0.00137341 1.64895)
(0.595608 0.00158395 7.52894 2.83495e-07 0.000982064 2.89687)
(-3.46458 0.00111693 6.3755 3.4777e-08 0.000386041 3.36304)
(-7.02292 0.00127208 4.56035 -1.37136e-07 -6.3517e-05 3.27186)
(-9.83661 0.00195339 2.23023 -3.64772e-07 -0.000174397 2.60955)
(-11.6841 0.00286099 -0.459667 -6.99633e-07 0.000145217 1.14623)
(-11.8692 0.00372419 -3.64564 -1.16833e-06 0.00113102 -0.290203)
(7.33475 0.00296189 5.95842 8.7243e-07 0.00113183 -0.177111)
(3.55242 0.00179601 6.93266 4.38744e-07 0.0010839 1.03852)
(0.103126 0.000839026 6.68411 1.53316e-07 0.000754176 2.25334)
(-3.25953 0.00047441 5.73842 2.30428e-08 0.000253825 2.77582)
(-6.18392 0.000612212 4.19339 -4.66865e-08 -0.000134902 2.79735)
(-8.43108 0.0011732 2.19269 -1.62312e-07 -0.000253116 2.30471)
(-9.77465 0.00190769 -0.112221 -3.71197e-07 -1.3239e-05 1.10078)
(-9.57948 0.00259938 -2.8134 -7.01866e-07 0.000713319 -0.103513)
(5.46715 0.00192033 5.02968 5.26987e-07 0.000877092 -0.736858)
(2.48331 0.00101429 6.01251 2.36601e-07 0.000873057 0.458869)
(-0.290294 0.000276247 5.88328 5.45399e-08 0.00059535 1.63084)
(-3.02458 -1.57019e-06 5.1188 2.79703e-09 0.00017698 2.19825)
(-5.38077 0.00012094 3.81666 -1.67807e-09 -0.000158098 2.31978)
(-7.12691 0.0005792 2.11571 -4.25733e-08 -0.000280317 1.98307)
(-8.0357 0.0011693 0.164232 -1.62972e-07 -0.000109751 1.02361)
(-7.5309 0.0017187 -2.08439 -3.84014e-07 0.000404181 0.0447072)
(3.84491 0.00111869 4.20211 2.81206e-07 0.000713997 -1.24976)
(1.58221 0.000430475 5.16234 9.02993e-08 0.000730603 -0.0902332)
(-0.589489 -0.000126148 5.12491 -1.90894e-08 0.000496383 1.0304)
(-2.76296 -0.000331705 4.51721 -2.2492e-08 0.00014699 1.63224)
(-4.61321 -0.00022236 3.43241 1.07822e-08 -0.000141946 1.84098)
(-5.92052 0.000149745 2.00177 1.61459e-08 -0.00026578 1.64541)
(-6.46279 0.000621167 0.370779 -4.45979e-08 -0.000154515 0.914263)
(-5.72176 0.00105377 -1.45872 -1.81829e-07 0.000188431 0.15372)
(2.46723 0.000528886 3.47453 1.11225e-07 0.000625632 -1.71664)
(0.844104 1.98787e-05 4.37858 -1.2183e-08 0.000646301 -0.609331)
(-0.801426 -0.000390152 4.40685 -7.32782e-08 0.000448383 0.453131)
(-2.47926 -0.000537527 3.93453 -5.00968e-08 0.000155432 1.08036)
(-3.88075 -0.000438979 3.04397 1.91888e-09 -9.5525e-05 1.36359)
(-4.80662 -0.000136706 1.85464 3.30197e-08 -0.000219524 1.29296)
(-5.04945 0.00023937 0.509148 1.03514e-08 -0.000157808 0.772104)
(-4.15071 0.000576895 -0.936859 -6.58436e-08 5.13608e-05 0.222149)
(1.33556 0.000123457 2.84616 -1.99075e-09 0.00059469 -2.13852)
(0.262232 -0.000241839 3.65653 -8.14157e-08 0.000609952 -1.09936)
(-0.935309 -0.000538203 3.72645 -1.13482e-07 0.000443265 -0.100133)
(-2.179 -0.000641807 3.37184 -7.83824e-08 0.00019458 0.545308)
(-3.18239 -0.000551203 2.65544 -1.88906e-08 -2.78257e-05 0.890925)
(-3.77798 -0.000301657 1.67925 2.47414e-08 -0.000151837 0.927843)
(-3.78703 7.11047e-07 0.581883 2.46488e-08 -0.000130148 0.596608)
(-2.81799 0.000260812 -0.520027 -1.00616e-08 -2.14008e-05 0.247412)
(0.455621 -0.000125495 2.31829 -7.31021e-08 0.000602823 -2.51649)
(-0.171958 -0.000379106 2.99167 -1.26479e-07 0.000611354 -1.56165)
(-1.00048 -0.000593469 3.08141 -1.45388e-07 0.000474702 -0.630129)
(-1.86623 -0.000668605 2.82944 -1.07634e-07 0.000258962 0.0286111)
(-2.51577 -0.000582362 2.26935 -4.47752e-08 5.33965e-05 0.426608)
(-2.82659 -0.000366998 1.47983 5.29258e-09 -7.31217e-05 0.554279)
(-2.66628 -0.000117993 0.592317 1.75691e-08 -8.27276e-05 0.389116)
(-1.7282 7.76455e-05 -0.210709 8.02887e-09 -4.43171e-05 0.225394)
(-0.15709 -0.00024903 1.89834 -1.12695e-07 0.00062854 -2.84566)
(-0.461358 -0.000418263 2.38645 -1.54188e-07 0.000637677 -1.99686)
(-0.993108 -0.000579949 2.47381 -1.7435e-07 0.000536355 -1.14177)
(-1.53045 -0.000640559 2.30534 -1.40201e-07 0.000345465 -0.472746)
(-1.87059 -0.000554156 1.88136 -7.19652e-08 0.00014255 -0.0261045)
(-1.94559 -0.00035529 1.25452 -1.4823e-08 6.37948e-06 0.181956)
(-1.68421 -0.000142598 0.54298 4.3495e-09 -2.80166e-05 0.158255)
(-0.892558 -3.62037e-06 -0.0121194 7.21337e-09 -3.3491e-05 0.154441)
(-0.505062 -0.000287353 1.60506 -1.28111e-07 0.000649971 -3.1424)
(-0.601103 -0.000393699 1.86769 -1.67958e-07 0.000672422 -2.42799)
(-0.887449 -0.000522353 1.91956 -2.03716e-07 0.000623139 -1.67702)
(-1.13928 -0.000569993 1.79154 -1.79157e-07 0.000457933 -1.00441)
(-1.22858 -0.000477338 1.46612 -1.00783e-07 0.000243476 -0.493326)
(-1.13987 -0.000287649 0.978312 -3.13242e-08 8.23101e-05 -0.183333)
(-0.862476 -0.000106261 0.426324 -5.76602e-09 1.99447e-05 -0.0657859)
(-0.332692 -1.99606e-05 0.0768859 1.23274e-09 -7.29429e-06 0.0406149)
(-0.561827 -0.000274954 1.47385 -1.249e-07 0.000651 -3.35515)
(-0.649576 -0.000354562 1.48616 -1.79477e-07 0.000732113 -2.95549)
(-0.765761 -0.000438345 1.36377 -2.47523e-07 0.000767022 -2.37419)
(-0.814477 -0.000430177 1.13219 -2.38163e-07 0.000635004 -1.69888)
(-0.733171 -0.000309657 0.826778 -1.42053e-07 0.000384378 -1.04206)
(-0.53776 -0.000151642 0.495955 -4.74932e-08 0.000155228 -0.506878)
(-0.256377 -4.35262e-05 0.205233 -7.67973e-09 3.52427e-05 -0.161834)
(-0.0794394 -8.53563e-06 0.0533838 -2.31826e-09 1.32735e-05 -0.0753177)
)
;
    }
    front
    {
        type            calculated;
        value           nonuniform List<symmTensor> 
640
(
(1143.03 53.1022 63.1302 2.46743 2.85308 17.6912)
(708.001 26.5226 28.6035 0.996053 0.743906 44.325)
(374.885 9.02652 -15.0288 0.222348 -0.73151 27.8966)
(82.8538 0.997632 -39.2462 0.00632293 -0.138936 -0.973085)
(-189.992 4.19991 -44.4337 -0.100644 1.42535 -35.5566)
(-457.023 18.5922 -32.8293 -0.772651 2.38485 -69.9078)
(-726.815 42.6411 -10.4025 -2.5159 1.72795 -88.0314)
(-1022.92 78.7089 -17.293 -6.0661 2.14775 -68.4245)
(942.61 15.7879 35.4883 0.262292 0.72759 -6.94919)
(626.519 5.07297 31.1896 0.0363548 0.524287 -14.0873)
(336.815 0.763472 18.9572 -0.00513694 0.363148 -13.8602)
(86.251 -0.238457 6.83469 -0.010359 0.42582 -17.4079)
(-139.428 0.713635 -1.97458 -0.0146206 0.445486 -17.3105)
(-357.625 3.45346 -8.92139 -0.0404395 0.392007 -13.4157)
(-577.997 8.85956 -17.1397 -0.135259 0.237635 0.656126)
(-782.767 17.7047 -23.1424 -0.397767 0.397573 5.22416)
(911.439 5.87368 41.166 0.0323825 0.510695 -9.15079)
(623.265 0.897926 39.6897 -0.0112668 0.607127 -21.5514)
(349.964 -0.851518 36.0613 -0.012306 0.509823 -21.1199)
(98.6207 -0.798928 28.2784 -0.0117783 0.486879 -19.9786)
(-133.93 -0.308893 16.5157 -0.00965378 0.388335 -15.7561)
(-355.049 0.437447 0.535002 -0.00688931 0.258085 -10.5433)
(-568.232 2.15918 -17.6204 -0.010536 0.164071 -4.59168)
(-771.91 4.62014 -30.7612 -0.026935 0.154293 0.012636)
(894.591 2.43781 54.793 0.00108966 0.369075 -5.34019)
(613.444 0.107469 51.837 -0.0143995 0.575789 -17.894)
(351.041 -0.956038 48.5569 -0.0142031 0.528699 -19.2755)
(103.044 -1.0023 40.5035 -0.0133053 0.503427 -19.0108)
(-130.165 -0.735292 26.4695 -0.011293 0.429736 -16.3806)
(-350.951 -0.326317 6.86069 -0.0085272 0.335382 -13.2963)
(-561.591 0.430799 -15.5876 -0.00685422 0.27667 -11.1738)
(-769.982 1.17978 -37.5989 -0.00325355 0.116468 -4.23198)
(880.152 0.663121 68.8532 -0.00458871 0.243452 -1.82662)
(601.679 -0.448499 64.4446 -0.0145731 0.513455 -14.2463)
(345.539 -1.02935 58.9768 -0.0147446 0.50837 -16.2062)
(102.327 -1.11953 48.7768 -0.0143122 0.498495 -16.8586)
(-127.94 -1.0134 32.5127 -0.0126864 0.441599 -15.534)
(-346.505 -0.855816 10.5785 -0.0103855 0.358508 -13.6789)
(-556.055 -0.673636 -15.2869 -0.00800081 0.274942 -12.4067)
(-763.836 -0.584155 -45.0895 -0.00202746 0.0305297 -5.33551)
(864.053 -0.372225 81.5868 -0.00427996 0.129309 1.61273)
(589.161 -0.868025 75.8442 -0.0133016 0.431059 -10.4439)
(337.642 -1.12576 67.5431 -0.0139874 0.454324 -12.5161)
(99.1861 -1.19296 54.5832 -0.0143594 0.468286 -14.032)
(-127.164 -1.19187 35.927 -0.0134769 0.429233 -13.861)
(-342.799 -1.23108 11.7145 -0.0119388 0.35002 -13.0151)
(-550.466 -1.37844 -17.3433 -0.0102345 0.239981 -12.3885)
(-754.15 -1.64137 -52.9837 -0.00477616 -0.0645762 -5.86114)
(845.297 -0.972979 92.6827 -0.00264378 0.0329181 4.98428)
(575.387 -1.13338 85.5329 -0.0116191 0.349936 -6.68771)
(328.542 -1.19824 74.4559 -0.012706 0.389421 -8.71089)
(94.9568 -1.23341 58.7048 -0.013732 0.422755 -10.9257)
(-126.931 -1.29239 37.5834 -0.0135199 0.397472 -11.7353)
(-338.801 -1.44745 11.0062 -0.0126709 0.319912 -11.8373)
(-543.098 -1.74859 -20.9816 -0.0117301 0.1951 -12.1195)
(-741.19 -2.17374 -60.7808 -0.00715226 -0.14446 -6.45393)
(824.231 -1.30821 102.209 -0.00105185 -0.0447888 8.26579)
(560.424 -1.28458 93.5424 -0.0100018 0.277588 -3.08427)
(318.797 -1.23845 79.9252 -0.011301 0.325023 -5.02887)
(90.3539 -1.24776 61.5662 -0.0127285 0.370577 -7.79382)
(-126.638 -1.33611 38.0404 -0.0129735 0.354044 -9.43456)
(-333.986 -1.54655 9.14302 -0.0125932 0.277756 -10.4536)
(-533.75 -1.9042 -25.4095 -0.0121598 0.14805 -11.8271)
(-725.65 -2.37588 -68.1511 -0.00817471 -0.205343 -7.20068)
(801.461 -1.48121 110.317 0.000176992 -0.105943 11.4385)
(544.538 -1.35829 100.072 -0.00858727 0.215352 0.337114)
(308.708 -1.25046 84.1675 -0.0099449 0.26555 -1.55703)
(85.7467 -1.24191 63.4519 -0.0115659 0.317502 -4.78179)
(-125.971 -1.34072 37.6903 -0.0120776 0.306119 -7.15743)
(-328.219 -1.56957 6.64922 -0.0119773 0.231716 -9.07294)
(-522.736 -1.93521 -30.0649 -0.0118406 0.103686 -11.6131)
(-708.271 -2.39934 -74.9183 -0.00820414 -0.250253 -8.08924)
(777.572 -1.5568 117.167 0.00104919 -0.153643 14.4867)
(528.021 -1.38213 105.344 -0.00738547 0.162453 3.56591)
(298.458 -1.24152 87.3927 -0.00870381 0.212372 1.67417)
(81.3054 -1.22128 64.5889 -0.0103807 0.266869 -1.96391)
(-124.823 -1.31998 36.8239 -0.0110294 0.258518 -5.01469)
(-321.584 -1.5474 3.88924 -0.0110883 0.186774 -7.80108)
(-510.475 -1.89943 -34.6038 -0.0111281 0.0641546 -11.5108)
(-689.691 -2.33639 -81.0094 -0.00772986 -0.28332 -9.0874)
(753.047 -1.57488 122.902 0.00164648 -0.19085 17.3993)
(511.14 -1.37524 109.559 -0.00636623 0.117462 6.60139)
(288.177 -1.21836 89.7888 -0.00759449 0.165509 4.66148)
(77.0933 -1.19045 65.1621 -0.00924823 0.220318 0.631688)
(-123.217 -1.28377 35.6511 -0.00995756 0.213906 -3.05393)
(-314.258 -1.50054 1.09616 -0.0101081 0.145383 -6.67746)
(-497.365 -1.83122 -38.8384 -0.0102644 0.0298902 -11.519)
(-670.401 -2.2366 -86.4115 -0.00706688 -0.307928 -10.1613)
(728.256 -1.55942 127.651 0.00204724 -0.219946 20.1684)
(494.115 -1.34984 112.885 -0.00549577 0.0790082 9.44789)
(277.954 -1.18598 91.5132 -0.00661403 0.124488 7.41491)
(73.1188 -1.15297 65.3166 -0.00820409 0.178446 3.00414)
(-121.229 -1.23877 34.3171 -0.00893258 0.173445 -1.28445)
(-306.438 -1.44153 -1.59217 -0.00913926 0.108411 -5.70479)
(-483.732 -1.74957 -42.6801 -0.00938225 0.000524541 -11.6203)
(-650.754 -2.12471 -91.1434 -0.0063754 -0.32647 -11.2801)
(703.47 -1.52457 131.522 0.00230997 -0.242715 22.7879)
(477.111 -1.31348 115.46 -0.00474639 0.0459729 12.1114)
(267.852 -1.14785 92.6925 -0.00575223 0.0887032 9.9498)
(69.3646 -1.11142 65.1621 -0.00726058 0.141264 5.16633)
(-118.952 -1.18928 32.9171 -0.00798681 0.137412 0.30438)
(-298.299 -1.37757 -4.10149 -0.00823088 0.0758964 -4.86842)
(-469.82 -1.6643 -46.0983 -0.00854323 -0.0245729 -11.792)
(-630.993 -2.01223 -95.2376 -0.00572481 -0.340519 -12.4174)
(678.877 -1.47871 134.609 0.00247506 -0.260453 25.2525)
(460.248 -1.27078 117.391 -0.00409691 0.0174875 14.5978)
(257.912 -1.1063 93.4246 -0.00499654 0.0575487 12.2825)
(65.8047 -1.0676 64.7782 -0.00641716 0.108489 7.13648)
(-116.47 -1.13794 31.5108 -0.0071303 0.105635 1.73116)
(-289.98 -1.31261 -6.39722 -0.00740103 0.0475128 -4.14788)
(-455.804 -1.58012 -49.0936 -0.00777038 -0.0460252 -12.0123)
(-611.279 -1.90393 -98.7318 -0.00513852 -0.351064 -13.5514)
(654.609 -1.42676 136.988 0.00256979 -0.274102 27.5579)
(443.608 -1.22457 118.763 -0.00353124 -0.00711755 16.9126)
(248.16 -1.06288 93.7846 -0.00433435 0.0304668 14.4282)
(62.4127 -1.02277 64.2214 -0.00566713 0.0797195 8.93326)
(-113.852 -1.0863 30.1334 -0.00636157 0.0777506 3.01591)
(-281.583 -1.2486 -8.46813 -0.00665195 0.0228272 -3.52275)
(-441.805 -1.49897 -51.6821 -0.00706775 -0.0643514 -12.2618)
(-591.719 -1.80131 -101.664 -0.00461898 -0.358714 -14.6641)
(630.753 -1.3717 138.729 0.00261275 -0.284355 29.7003)
(427.248 -1.17656 119.647 -0.00303694 -0.0283636 19.0603)
(238.61 -1.01862 93.8294 -0.00375397 0.0069672 16.4)
(59.1665 -0.977719 63.5312 -0.00500147 0.0545314 10.5735)
(-111.151 -1.03525 28.8046 -0.00567409 0.0533518 4.17689)
(-273.183 -1.18643 -10.3158 -0.00597879 0.00141432 -2.97505)
(-427.903 -1.42145 -53.8858 -0.00643134 -0.0799567 -12.5247)
(-572.384 -1.7044 -104.071 -0.00416043 -0.363844 -15.7408)
(607.366 -1.31529 139.888 0.00261683 -0.29173 31.6765)
(411.205 -1.12787 120.095 -0.00260412 -0.0466644 21.0444)
(229.271 -0.974218 93.6026 -0.00324503 -0.0133721 18.2087)
(56.0487 -0.933005 62.735 -0.00441081 0.0325271 12.0715)
(-108.404 -0.985273 27.534 -0.00505966 0.0320488 5.22953)
(-264.829 -1.12645 -11.9481 -0.00537422 -0.0171011 -2.48985)
(-414.151 -1.34754 -55.7291 -0.00585451 -0.0931535 -12.7879)
(-553.32 -1.61272 -105.987 -0.00375488 -0.366706 -16.7693)
(584.486 -1.25864 140.518 0.00259127 -0.29663 33.4838)
(395.504 -1.07916 120.156 -0.00222477 -0.0623561 22.8678)
(220.151 -0.930135 93.1383 -0.00279853 -0.0309109 19.8629)
(53.0469 -0.888975 61.8526 -0.00388646 0.0133527 13.4386)
(-105.638 -0.936608 26.3258 -0.00451019 0.0134968 6.18639)
(-256.556 -1.06871 -13.3759 -0.00483071 -0.0330371 -2.0551)
(-400.585 -1.27699 -57.2355 -0.00533042 -0.104188 -13.0409)
(-534.558 -1.52568 -107.444 -0.0033946 -0.367493 -17.7395)
(562.135 -1.20241 140.664 0.00254286 -0.299373 35.1205)
(380.16 -1.03091 119.866 -0.00189226 -0.0757173 24.533)
(211.252 -0.886688 92.464 -0.00240676 -0.0459552 21.3696)
(50.1522 -0.845858 60.8983 -0.00342068 -0.00329814 14.6841)
(-102.87 -0.889379 25.1809 -0.00401831 -0.00260117 7.05746)
(-248.385 -1.01315 -14.6109 -0.00434133 -0.0466617 -1.66117)
(-387.227 -1.20952 -58.4278 -0.00485296 -0.113264 -13.2753)
(-516.119 -1.44275 -108.472 -0.00307299 -0.366373 -18.6431)
(540.326 -1.14704 140.368 0.00247678 -0.300224 36.5855)
(365.183 -0.9834 119.259 -0.00160099 -0.0869841 26.0421)
(202.575 -0.844094 91.6022 -0.00206313 -0.0587665 22.7345)
(47.359 -0.803804 59.8831 -0.00300679 -0.0176886 15.8153)
(-100.112 -0.84364 24.0986 -0.00357759 -0.0164987 7.85074)
(-240.332 -0.959704 -15.6649 -0.00390008 -0.0582034 -1.30037)
(-374.092 -1.14487 -59.3271 -0.00441701 -0.120558 -13.4843)
(-498.018 -1.36353 -109.1 -0.00278464 -0.363506 -19.4733)
(519.068 -1.09281 139.668 0.00239706 -0.299404 37.8789)
(350.579 -0.936842 118.365 -0.0013462 -0.0963608 27.3974)
(194.124 -0.8025 90.5723 -0.00176199 -0.0695704 23.9623)
(44.6634 -0.762911 58.8158 -0.00263899 -0.0300454 16.8383)
(-97.3716 -0.79941 23.0772 -0.00318252 -0.0284142 8.57266)
(-232.406 -0.908278 -16.5492 -0.00350186 -0.0678605 -0.966508)
(-361.191 -1.08287 -59.9534 -0.00401828 -0.126227 -13.6624)
(-480.263 -1.28771 -109.354 -0.00252523 -0.359054 -20.2249)
(498.361 -1.03989 138.599 0.00230692 -0.297106 39.0014)
(336.35 -0.89137 117.21 -0.00112377 -0.104027 28.6014)
(185.897 -0.762009 89.3915 -0.00149847 -0.0785639 25.0573)
(42.0628 -0.723241 57.7038 -0.00231231 -0.040566 17.7582)
(-94.6539 -0.756697 22.1146 -0.00282833 -0.0385379 9.22856)
(-224.614 -0.858807 -17.2744 -0.00314227 -0.0758095 -0.654569)
(-348.53 -1.02334 -60.3256 -0.00365323 -0.130419 -13.8054)
(-462.863 -1.2151 -109.262 -0.00229126 -0.353178 -20.8936)
(478.206 -0.988394 137.195 0.002209 -0.2935 39.9548)
(322.498 -0.847079 115.819 -0.000930104 -0.110144 29.6569)
(177.895 -0.722689 88.0751 -0.00126831 -0.0859214 26.0236)
(39.5552 -0.684836 56.5536 -0.00202238 -0.0494248 18.5794)
(-91.9625 -0.715496 21.2088 -0.00251088 -0.0470387 9.8229)
(-216.96 -0.811235 -17.8511 -0.00281754 -0.0822103 -0.360464)
(-336.115 -0.966196 -60.4617 -0.00331886 -0.133274 -13.9099)
(-445.823 -1.14553 -108.848 -0.00207987 -0.346037 -21.4766)
(458.6 -0.938388 135.487 0.00210549 -0.288738 40.7418)
(309.021 -0.80403 114.214 -0.000762018 -0.114856 30.5671)
(170.116 -0.684585 86.6371 -0.00106778 -0.0917996 26.8652)
(37.1391 -0.647719 55.3709 -0.00176539 -0.0567777 19.3061)
(-89.2998 -0.6758 20.3573 -0.00222654 -0.0540687 10.3596)
(-209.447 -0.765516 -18.289 -0.00252439 -0.0872095 -0.0808492)
(-323.949 -0.911349 -60.3786 -0.00301258 -0.134923 -13.9737)
(-429.146 -1.07891 -108.135 -0.00188864 -0.337787 -21.972)
(439.539 -0.889917 133.503 0.00199823 -0.282962 41.3659)
(295.918 -0.762267 112.415 -0.000616684 -0.118298 31.3357)
(162.561 -0.647724 85.0906 -0.000893587 -0.0963407 27.586)
(34.813 -0.611902 54.1609 -0.00153792 -0.0627664 19.9421)
(-86.6676 -0.637598 19.558 -0.00197209 -0.0597667 10.842)
(-202.078 -0.721615 -18.5976 -0.00225987 -0.0909434 0.187012)
(-312.036 -0.858738 -60.0929 -0.00273212 -0.13549 -13.9951)
(-412.834 -1.01514 -107.148 -0.00171552 -0.328581 -22.3789)
(421.016 -0.843004 131.272 0.00188877 -0.276299 41.8314)
(283.184 -0.721815 110.444 -0.000491573 -0.120592 31.9667)
(155.226 -0.612124 83.4476 -0.000742764 -0.0996753 28.1901)
(32.5754 -0.57739 52.9284 -0.00133695 -0.0675209 20.4912)
(-84.0676 -0.600878 18.8085 -0.00174463 -0.0642609 11.2732)
(-194.855 -0.679496 -18.786 -0.00202136 -0.0935393 0.445339)
(-300.375 -0.808311 -59.6202 -0.00247542 -0.135094 -13.9731)
(-396.889 -0.954151 -105.907 -0.00155869 -0.318562 -22.6972)
(403.025 -0.797661 128.819 0.00177845 -0.268868 42.1433)
(270.818 -0.682691 108.318 -0.000384409 -0.121852 32.4647)
(148.109 -0.577789 81.7195 -0.00061267 -0.101924 28.6819)
(30.4248 -0.54418 51.6777 -0.00115972 -0.0711611 20.9569)
(-81.5011 -0.565622 18.1064 -0.00154154 -0.0676698 11.6561)
(-187.779 -0.639127 -18.863 -0.00180648 -0.0951161 0.695914)
(-288.969 -0.760021 -58.9757 -0.00224062 -0.133847 -13.9075)
(-381.311 -0.89588 -104.435 -0.00141656 -0.307866 -22.9279)
(385.558 -0.753887 126.168 0.0016684 -0.260781 42.3071)
(258.813 -0.644901 106.054 -0.000293139 -0.122187 32.8347)
(141.208 -0.54472 79.9168 -0.000500923 -0.103199 29.0658)
(28.3594 -0.512263 50.4129 -0.00100374 -0.0737988 21.3429)
(-78.9691 -0.531811 17.4495 -0.00136046 -0.0701043 11.9932)
(-180.849 -0.600477 -18.8372 -0.00161307 -0.0957851 0.940132)
(-277.819 -0.713822 -58.1738 -0.00202601 -0.131852 -13.7985)
(-366.099 -0.840259 -102.751 -0.00128768 -0.296619 -23.0722)
(368.607 -0.711679 123.342 0.00155957 -0.252139 42.3289)
(247.165 -0.608448 103.67 -0.000215911 -0.121695 33.0817)
(134.52 -0.512911 78.0494 -0.000405378 -0.103605 29.3463)
(26.3774 -0.481628 49.1377 -0.00086678 -0.075538 21.6526)
(-76.4728 -0.499423 16.8354 -0.00119922 -0.0716676 12.2869)
(-174.068 -0.563511 -18.7167 -0.00143914 -0.0956504 1.17905)
(-266.923 -0.669667 -57.2285 -0.00183001 -0.129209 -13.6469)
(-351.254 -0.787219 -100.875 -0.00117075 -0.284941 -23.1323)
(352.164 -0.671025 120.364 0.00145278 -0.243041 42.2153)
(235.868 -0.573328 101.18 -0.00015105 -0.12047 33.2113)
(128.042 -0.48235 76.1266 -0.0003241 -0.10324 29.528)
(24.4771 -0.452257 47.8554 -0.00074678 -0.0764757 21.8898)
(-74.0131 -0.468434 16.2617 -0.00105583 -0.0724562 12.5395)
(-167.435 -0.528194 -18.5094 -0.00128286 -0.0948093 1.41345)
(-256.281 -0.627509 -56.1531 -0.00165115 -0.126008 -13.4536)
(-336.772 -0.736693 -98.8256 -0.0010646 -0.272938 -23.1108)
(336.219 -0.631911 117.253 0.0013487 -0.233575 41.9731)
(224.917 -0.539531 98.5989 -9.70456e-05 -0.1186 33.2293)
(121.769 -0.453025 74.1571 -0.000255347 -0.102195 29.6159)
(22.6564 -0.424133 46.5691 -0.000641887 -0.0767028 22.0579)
(-71.5908 -0.438816 15.7261 -0.000928503 -0.0725599 12.7531)
(-160.951 -0.494487 -18.2231 -0.00114258 -0.0933521 1.64382)
(-245.893 -0.587299 -54.9604 -0.00148805 -0.122332 -13.2204)
(-322.652 -0.68861 -96.6207 -0.000968161 -0.260711 -23.0107)
(320.762 -0.594319 114.028 0.0012479 -0.223826 41.6094)
(214.306 -0.507048 95.9401 -5.25339e-05 -0.116167 33.1415)
(115.699 -0.424917 72.149 -0.000197549 -0.100554 29.6146)
(20.9134 -0.397232 45.2817 -0.000550418 -0.0763038 22.1603)
(-69.2066 -0.41054 15.2264 -0.000815582 -0.0720626 12.9297)
(-154.614 -0.462352 -17.8649 -0.00101676 -0.0913631 1.87044)
(-235.757 -0.548985 -53.6627 -0.00133947 -0.118261 -12.9489)
(-308.89 -0.642897 -94.2772 -0.000880478 -0.248351 -22.8355)
(305.785 -0.558229 110.707 0.00115081 -0.21387 41.1316)
(204.028 -0.475864 93.2162 -1.62885e-05 -0.113248 32.9539)
(109.828 -0.398008 70.1097 -0.0001493 -0.0983976 29.5291)
(19.2462 -0.371532 43.9958 -0.000470849 -0.0753574 22.2005)
(-66.8612 -0.383575 14.7601 -0.000715572 -0.071042 13.071)
(-148.424 -0.431747 -17.442 -0.000903997 -0.0889199 2.09339)
(-225.871 -0.512517 -52.2715 -0.00120421 -0.113866 -12.6414)
(-295.485 -0.599479 -91.8111 -0.000800679 -0.235939 -22.5891)
(291.277 -0.523619 107.306 0.00105779 -0.203778 40.5471)
(194.077 -0.445962 90.4392 1.27921e-05 -0.109913 32.6726)
(104.151 -0.372276 68.0464 -0.000109339 -0.0957985 29.3643)
(17.6526 -0.347005 42.7136 -0.000401805 -0.0739367 22.182)
(-64.555 -0.357889 14.3251 -0.000627108 -0.0695704 13.1788)
(-142.381 -0.40263 -16.9611 -0.00080302 -0.0860944 2.31257)
(-216.234 -0.477839 -50.798 -0.00108119 -0.109212 -12.3)
(-282.432 -0.558284 -89.2379 -0.000727986 -0.223551 -22.2755)
(277.228 -0.490463 103.842 0.000969119 -0.193618 39.8636)
(184.446 -0.417323 87.6201 3.56938e-05 -0.106229 32.3037)
(98.665 -0.347698 65.9655 -7.65375e-05 -0.092825 29.1251)
(16.1308 -0.323627 41.4373 -0.000342043 -0.0721096 22.1079)
(-62.2886 -0.333447 13.9191 -0.000548955 -0.0677144 13.2548)
(-136.483 -0.374958 -16.4288 -0.000712658 -0.0829528 2.52775)
(-206.844 -0.444898 -49.2527 -0.000969404 -0.104359 -11.9274)
(-269.728 -0.519234 -86.5721 -0.000661695 -0.211252 -21.8989)
(263.629 -0.458736 100.328 0.000884975 -0.183449 39.0884)
(175.129 -0.389928 84.7692 5.32974e-05 -0.102258 31.8534)
(93.3658 -0.324249 63.8731 -4.98945e-05 -0.0895403 28.8162)
(14.6788 -0.301366 40.1688 -0.000290448 -0.0699386 21.9817)
(-60.0622 -0.310214 13.54 -0.000479993 -0.0655355 13.3004)
(-130.731 -0.348686 -15.851 -0.000631852 -0.0795557 2.73856)
(-197.697 -0.413639 -47.6457 -0.00086791 -0.0993618 -11.5261)
(-257.369 -0.482255 -83.8275 -0.000601178 -0.199102 -21.4638)
(250.47 -0.42841 96.7787 0.000805486 -0.173326 38.2293)
(166.119 -0.363753 81.8962 6.63882e-05 -0.0980558 31.3277)
(88.2495 -0.301904 61.7749 -2.85196e-05 -0.0860022 28.4425)
(13.2946 -0.280196 38.9098 -0.000246019 -0.0674814 21.8064)
(-57.8762 -0.288156 13.1856 -0.00041921 -0.0630901 13.3172)
(-125.121 -0.323771 -15.2339 -0.000559635 -0.0759584 2.94451)
(-188.793 -0.384008 -45.9864 -0.000775848 -0.0942699 -11.0989)
(-245.35 -0.447272 -81.0173 -0.000545875 -0.187155 -20.9748)
(237.741 -0.399456 93.206 0.000730715 -0.1633 37.2937)
(157.41 -0.338775 79.0099 7.5663e-05 -0.0936747 30.7326)
(83.3121 -0.280636 59.676 -1.16251e-05 -0.0822642 28.0086)
(11.9764 -0.260085 37.6619 -0.00020786 -0.064791 21.5852)
(-55.7307 -0.267237 12.8538 -0.000365693 -0.06043 13.3063)
(-119.654 -0.300168 -14.583 -0.000495134 -0.0722115 3.14504)
(-180.127 -0.35595 -44.284 -0.000692421 -0.0891276 -10.6487)
(-233.668 -0.41421 -78.1537 -0.000495285 -0.175456 -20.4364)
(225.432 -0.371845 89.6216 0.000660671 -0.153415 36.2889)
(148.995 -0.31497 76.1187 8.17383e-05 -0.0891626 30.074)
(78.5497 -0.260417 57.5812 1.48263e-06 -0.0783749 27.5192)
(10.7223 -0.241004 36.4264 -0.000175174 -0.0619159 21.3211)
(-53.6259 -0.247419 12.5426 -0.000318623 -0.0576022 13.2692)
(-114.328 -0.277832 -13.9035 -0.000437557 -0.0683606 3.33953)
(-171.697 -0.329409 -42.5469 -0.000616896 -0.0839751 -10.1784)
(-222.318 -0.382996 -75.2487 -0.000448962 -0.164045 -19.8535)
(213.534 -0.345546 86.0366 0.000595321 -0.143712 35.2222)
(140.868 -0.292311 73.2303 8.51566e-05 -0.0845633 29.3578)
(73.9586 -0.241219 55.4949 1.14127e-05 -0.0743787 26.9788)
(9.53047 -0.222921 35.2045 -0.00014725 -0.0589002 21.017)
(-51.5618 -0.228668 12.2501 -0.000277265 -0.0546497 13.207)
(-109.14 -0.25672 -13.2008 -0.00038619 -0.0644469 3.52727)
(-163.5 -0.304333 -40.7833 -0.000548596 -0.078848 -9.69088)
(-211.295 -0.353559 -72.3132 -0.000406512 -0.152959 -19.2306)
(202.039 -0.320526 82.4608 0.000534588 -0.134228 34.1008)
(133.022 -0.270771 70.3518 8.63941e-05 -0.0799165 28.5895)
(69.5349 -0.223014 53.4213 1.86974e-05 -0.070316 26.3916)
(8.39929 -0.205805 33.9972 -0.000123457 -0.0557841 20.6757)
(-49.5384 -0.210947 11.9743 -0.000240958 -0.0516111 13.1208)
(-104.091 -0.236786 -12.4795 -0.000340388 -0.0605075 3.70755)
(-155.535 -0.280668 -39.0007 -0.000486899 -0.0737781 -9.18906)
(-200.595 -0.325826 -69.3576 -0.000367584 -0.142226 -18.5724)
(190.936 -0.296755 78.9036 0.000478367 -0.124993 32.9314)
(125.452 -0.250324 67.4898 8.58665e-05 -0.0752581 27.7747)
(65.275 -0.205774 51.364 2.37999e-05 -0.0662232 25.7621)
(7.32703 -0.189626 32.8057 -0.000103239 -0.0526037 20.3001)
(-47.5558 -0.19422 11.7134 -0.000209114 -0.0485214 13.0117)
(-99.1781 -0.217988 -11.7442 -0.000299571 -0.0565755 3.8796)
(-147.796 -0.25836 -37.2064 -0.000431233 -0.0687934 -8.67589)
(-190.215 -0.299729 -66.3919 -0.000331868 -0.131871 -17.8835)
(180.216 -0.2742 75.3736 0.000426522 -0.116035 31.7208)
(118.151 -0.23094 64.6503 8.39353e-05 -0.0706204 26.9186)
(61.1753 -0.189469 49.3265 2.71212e-05 -0.0621329 25.0943)
(6.3121 -0.174353 31.6305 -8.61044e-05 -0.0493917 19.8926)
(-45.6138 -0.178452 11.4657 -0.000181209 -0.0454119 12.8806)
(-94.3998 -0.200284 -10.9994 -0.000263217 -0.0526802 4.04267)
(-140.283 -0.237359 -35.4072 -0.000381074 -0.0639182 -8.15423)
(-180.148 -0.275201 -63.4253 -0.000299089 -0.121915 -17.1685)
(169.873 -0.252828 71.8788 0.000378897 -0.107379 30.4755)
(111.113 -0.212592 61.8391 8.0913e-05 -0.0660325 26.0266)
(57.2324 -0.17407 47.3119 2.90066e-05 -0.0580743 24.3922)
(5.35295 -0.159954 30.4725 -7.16218e-05 -0.0461772 19.456)
(-43.7124 -0.163608 11.2293 -0.000156775 -0.0423103 12.7287)
(-89.7546 -0.18363 -10.249 -0.000230858 -0.0488474 4.19597)
(-132.991 -0.217614 -33.6094 -0.000335937 -0.0591737 -7.62691)
(-170.391 -0.252174 -60.4664 -0.000269001 -0.112374 -16.4318)
(159.896 -0.232606 68.4263 0.000335317 -0.0990446 29.2017)
(104.334 -0.195251 59.0612 7.70683e-05 -0.0615202 25.1034)
(53.4428 -0.159549 45.323 2.97519e-05 -0.0540734 23.6596)
(4.4481 -0.1464 29.3323 -5.94132e-05 -0.0429861 18.9926)
(-41.8514 -0.149653 11.0027 -0.000135398 -0.0392414 12.5566)
(-85.241 -0.167987 -9.49706 -0.000202075 -0.0450997 4.33874)
(-125.919 -0.199074 -31.8191 -0.000295381 -0.0545782 -7.09671)
(-160.94 -0.230586 -57.5235 -0.00024139 -0.10326 -15.6777)
(150.279 -0.213502 65.0229 0.000295591 -0.0910483 27.9054)
(97.807 -0.178888 56.3213 7.26301e-05 -0.0571062 24.1539)
(49.8033 -0.145877 43.3625 2.96089e-05 -0.0501529 22.9002)
(3.59613 -0.13366 28.2103 -4.91482e-05 -0.0398414 18.5047)
(-40.0306 -0.136554 10.7842 -0.000116712 -0.0362266 12.3654)
(-80.8574 -0.153313 -8.74715 -0.000176492 -0.0414567 4.47021)
(-119.062 -0.181691 -30.0418 -0.000259 -0.0501469 -6.56631)
(-151.791 -0.210372 -54.6043 -0.000216062 -0.0945809 -14.9105)
(141.014 -0.195481 61.6748 0.000259522 -0.0834038 26.5924)
(91.5272 -0.163473 53.6239 6.77927e-05 -0.0528103 23.1826)
(46.3109 -0.133024 41.4326 2.879e-05 -0.0463328 22.1176)
(2.79569 -0.121704 27.1069 -4.05398e-05 -0.0367631 17.9947)
(-38.2499 -0.124276 10.5723 -0.00010039 -0.033285 12.1558)
(-76.6022 -0.139569 -8.00274 -0.000153773 -0.0379349 4.58966)
(-112.42 -0.165417 -28.2829 -0.000226419 -0.0458925 -6.03832)
(-142.939 -0.191474 -51.716 -0.000192846 -0.0863436 -14.1341)
(132.092 -0.178512 58.3876 0.000226901 -0.0761218 25.2681)
(85.4895 -0.148977 50.9728 6.27189e-05 -0.0486498 22.194)
(42.9624 -0.120963 39.5357 2.74734e-05 -0.0426301 21.315)
(2.0455 -0.110503 26.0226 -3.3339e-05 -0.0337684 17.4646)
(-36.5091 -0.112787 10.3656 -8.61475e-05 -0.0304325 11.9287)
(-72.474 -0.126717 -7.26709 -0.000133617 -0.0345484 4.69637)
(-105.988 -0.150206 -26.5472 -0.000197297 -0.0418254 -5.51522)
(-134.38 -0.173831 -48.8651 -0.000171587 -0.0785502 -13.3525)
(123.508 -0.162561 55.1665 0.000197519 -0.0692097 23.9377)
(79.689 -0.135371 48.3718 5.75439e-05 -0.0446393 21.192)
(39.755 -0.109666 37.6735 2.58072e-05 -0.0390594 20.4959)
(1.34431 -0.100029 24.9575 -2.73306e-05 -0.0308723 16.9166)
(-34.808 -0.102056 10.1627 -7.37304e-05 -0.0276829 11.6847)
(-68.4712 -0.114719 -6.54325 -0.000115757 -0.0313087 4.78966)
(-99.7648 -0.136012 -24.8396 -0.000171322 -0.0379536 -4.99943)
(-126.112 -0.157388 -46.0581 -0.000152149 -0.0712005 -12.5694)
(115.254 -0.147596 52.0161 0.000171163 -0.0626728 22.6062)
(74.1211 -0.122625 45.824 5.23785e-05 -0.0407912 20.1807)
(36.686 -0.0991046 35.8478 2.39128e-05 -0.035633 19.663)
(0.690979 -0.0902527 23.9118 -2.23294e-05 -0.0280873 16.3526)
(-33.1463 -0.0920507 9.96221 -6.29167e-05 -0.0250477 11.4246)
(-64.5925 -0.103538 -5.83409 -9.99511e-05 -0.0282252 4.86889)
(-93.7474 -0.122792 -23.1641 -0.000148205 -0.0342831 -4.49322)
(-118.129 -0.142088 -43.3008 -0.000134405 -0.0642919 -11.7884)
(107.325 -0.133582 48.9407 0.000147623 -0.0565134 21.2783)
(68.7813 -0.11071 43.3324 4.73122e-05 -0.0371155 19.1638)
(33.7527 -0.0892512 34.0601 2.18888e-05 -0.0323608 18.8195)
(0.0843961 -0.0811464 22.8858 -1.81765e-05 -0.0254238 15.7744)
(-31.5239 -0.0827407 9.76284 -5.35106e-05 -0.0225363 11.149)
(-60.8364 -0.0931395 -5.1423 -8.5986e-05 -0.025305 4.93344)
(-87.9335 -0.110502 -21.525 -0.000127682 -0.0308181 -3.99876)
(-110.429 -0.127878 -40.5987 -0.000118242 -0.0578198 -11.0129)
(99.713 -0.120489 45.9442 0.000126689 -0.0507319 19.9583)
(63.6653 -0.0995956 40.8999 4.24154e-05 -0.0336202 18.1449)
(30.9527 -0.080079 32.3118 1.9814e-05 -0.0292509 17.968)
(-0.476487 -0.0726827 21.8794 -1.47362e-05 -0.0228901 15.1838)
(-29.9405 -0.0740962 9.5634 -4.53407e-05 -0.020156 10.8587)
(-57.2016 -0.0834878 -4.4704 -7.36699e-05 -0.0225535 4.98277)
(-82.3209 -0.0991003 -19.9258 -0.000109512 -0.0275612 -3.51811)
(-103.008 -0.114707 -37.9567 -0.000103554 -0.0517773 -10.246)
(92.4132 -0.108283 43.0302 0.000108157 -0.0453264 18.6504)
(58.7692 -0.0892539 38.5287 3.77427e-05 -0.0303116 17.1271)
(28.2835 -0.0715609 30.6042 1.77505e-05 -0.0263091 17.1112)
(-0.992654 -0.0648349 20.8927 -1.1893e-05 -0.0204928 14.5825)
(-28.3959 -0.0660882 9.36273 -3.82563e-05 -0.0179126 10.5543)
(-53.6869 -0.0745494 -3.82074 -6.28314e-05 -0.019974 5.01636)
(-76.9074 -0.0885461 -18.3702 -9.34736e-05 -0.024513 -3.05318)
(-95.8638 -0.102524 -35.3796 -9.02458e-05 -0.046156 -9.49085)
(85.4201 -0.0969316 40.2016 9.18294e-05 -0.0402931 17.3585)
(54.0891 -0.0796554 36.2211 3.3334e-05 -0.0271939 16.1136)
(25.7429 -0.0636707 28.9383 1.57456e-05 -0.0235399 16.2514)
(-1.46503 -0.0575766 19.9257 -9.54896e-06 -0.0182368 13.9722)
(-26.8899 -0.058688 9.15974 -3.21252e-05 -0.01581 10.2364)
(-50.2909 -0.0662914 -3.1955 -5.3317e-05 -0.0175685 5.03373)
(-71.6909 -0.0787997 -16.8612 -7.93628e-05 -0.0216732 -2.6058)
(-88.9924 -0.091282 -32.8718 -7.82265e-05 -0.0409457 -8.75025)
(78.7283 -0.0864035 37.4615 7.75144e-05 -0.0356264 16.0862)
(49.6214 -0.070771 33.9791 2.92177e-05 -0.0242699 15.1073)
(23.3288 -0.0563821 27.3151 1.38343e-05 -0.0209459 15.391)
(-1.8945 -0.0508819 18.9785 -7.62132e-06 -0.0161253 13.3542)
(-25.4223 -0.0518679 8.95339 -2.68313e-05 -0.0138506 9.90559)
(-47.0126 -0.0586818 -2.59671 -4.49891e-05 -0.0153375 5.03445)
(-66.6696 -0.0698225 -15.402 -6.69932e-05 -0.0190397 -2.17763)
(-82.3915 -0.0809333 -30.4372 -6.74115e-05 -0.0361351 -8.02686)
(72.3331 -0.0766665 34.8123 6.50286e-05 -0.031319 14.8368)
(45.3627 -0.0625721 31.8043 2.54113e-05 -0.0215406 14.111)
(21.0392 -0.0496696 25.7354 1.20414e-05 -0.0185282 14.5321)
(-2.28188 -0.0447257 18.0508 -6.04046e-06 -0.0141602 12.7301)
(-23.9928 -0.0456008 8.74269 -2.2273e-05 -0.0120355 9.56242)
(-43.8508 -0.0516896 -2.02628 -3.7724e-05 -0.0132799 5.01815)
(-61.8416 -0.061577 -13.9952 -5.61932e-05 -0.0166098 -1.77023)
(-76.0583 -0.0714328 -28.0795 -5.77206e-05 -0.0317114 -7.32315)
(66.2296 -0.0676888 32.2562 5.41972e-05 -0.0273624 13.6135)
(41.3098 -0.05503 29.6983 2.19241e-05 -0.0190059 13.127)
(18.8721 -0.0435076 24.1998 1.03833e-05 -0.0162866 13.6767)
(-2.62793 -0.039083 17.1425 -4.74797e-06 -0.0123419 12.1011)
(-22.6014 -0.0398603 8.52672 -1.83609e-05 -0.0103646 9.20747)
(-40.8046 -0.0452844 -1.48595 -3.14104e-05 -0.0113936 4.98449)
(-57.2052 -0.0540264 -12.6433 -4.68055e-05 -0.0143792 -1.38504)
(-69.9903 -0.0627366 -25.8022 -4.90772e-05 -0.0276609 -6.64142)
(60.4137 -0.0594388 29.7953 4.48545e-05 -0.0237462 12.4191)
(37.4596 -0.0481164 27.6625 1.87578e-05 -0.0166643 12.1578)
(16.8259 -0.0378713 22.709 8.86936e-06 -0.0142198 12.8268)
(-2.93339 -0.0339296 16.2537 -3.69504e-06 -0.0106698 11.4686)
(-21.2477 -0.0346205 8.30462 -1.50164e-05 -0.00883666 8.84128)
(-37.8728 -0.0394367 -0.977328 -2.5948e-05 -0.0096755 4.93321)
(-52.7588 -0.0471353 -11.3488 -3.86855e-05 -0.012343 -1.02336)
(-64.1854 -0.0548022 -23.6083 -4.14081e-05 -0.023969 -5.98377)
(54.8813 -0.051885 27.4312 3.68449e-05 -0.0204595 11.2562)
(33.8093 -0.0418028 25.698 1.59082e-05 -0.014513 11.2054)
(14.8989 -0.0327358 21.2635 7.50323e-06 -0.0123251 11.984)
(-3.19892 -0.0292415 15.384 -2.84095e-06 -0.00914221 10.8336)
(-19.9317 -0.0298562 8.07556 -1.21703e-05 -0.00744926 8.46436)
(-35.0546 -0.0341178 -0.501909 -2.1246e-05 -0.00812133 4.86405)
(-48.5008 -0.0408688 -10.1136 -3.17005e-05 -0.0104955 -0.686356)
(-58.6412 -0.0475885 -21.5006 -3.46426e-05 -0.0206205 -5.35216)
(49.6285 -0.0449963 25.1656 3.00222e-05 -0.0174897 10.1272)
(30.3563 -0.0360613 23.8058 1.33661e-05 -0.0125483 10.2719)
(13.0895 -0.0280768 19.8637 6.28415e-06 -0.0105991 11.1499)
(-3.42515 -0.0249953 14.5334 -2.15183e-06 -0.00775635 10.1974)
(-18.6531 -0.0255426 7.83879 -9.7614e-06 -0.00619918 8.0772)
(-32.3492 -0.0292997 -0.06105 -1.72223e-05 -0.00672608 4.77685)
(-44.4298 -0.0351932 -8.93976 -2.57286e-05 -0.0088301 -0.375051)
(-53.3559 -0.0410555 -19.4818 -2.87127e-05 -0.0175995 -4.74831)
(44.6518 -0.0387414 22.9997 2.42506e-05 -0.0148237 9.03436)
(27.0981 -0.030864 21.9869 1.11188e-05 -0.0107655 9.35899)
(11.3963 -0.0238703 18.5099 5.20792e-06 -0.00903716 10.3261)
(-3.61266 -0.0211679 13.7016 -1.59958e-06 -0.00650864 9.56089)
(-17.4118 -0.0216557 7.59359 -7.73562e-06 -0.00508239 7.68029)
(-29.7557 -0.0249551 0.344006 -1.38022e-05 -0.00548391 4.67146)
(-40.5445 -0.0300756 -7.82897 -2.06583e-05 -0.00733958 -0.0904335)
(-48.3276 -0.0351647 -17.554 -2.35526e-05 -0.0148895 -4.17384)
(39.9479 -0.0330893 20.9347 1.94041e-05 -0.0124474 7.97958)
(24.0324 -0.0261831 20.2418 9.15011e-06 -0.00915898 8.46831)
(9.81793 -0.0200924 17.2024 4.26772e-06 -0.00763407 9.51383)
(-3.76199 -0.0177367 12.8885 -1.16087e-06 -0.00539469 8.92509)
(-16.2077 -0.0181718 7.3393 -6.04495e-06 -0.00409412 7.27412)
(-27.2735 -0.0210573 0.712123 -1.09177e-05 -0.00438831 4.54774)
(-36.8439 -0.025484 -6.78283 -1.63869e-05 -0.00601614 0.166641)
(-43.5546 -0.0298784 -15.7195 -1.90982e-05 -0.0124739 -3.63015)
(35.5138 -0.0280091 18.9714 1.53666e-05 -0.0103458 6.96463)
(21.1571 -0.021991 18.5714 7.44199e-06 -0.00772225 7.60136)
(8.35315 -0.0167197 15.9414 3.45487e-06 -0.00638378 8.71443)
(-3.87366 -0.0146793 12.0938 -8.1631e-07 -0.00440946 8.29087)
(-15.0406 -0.0150677 7.07531 -4.64666e-06 -0.00322893 6.85911)
(-24.9018 -0.0175802 1.04228 -8.50666e-06 -0.00343222 4.40564)
(-33.3268 -0.0213869 -5.80274 -1.28201e-05 -0.00485145 0.395389)
(-39.0354 -0.0251597 -13.9801 -1.5287e-05 -0.0103355 -3.11851)
(31.3467 -0.0234699 17.1106 1.20318e-05 -0.00850363 5.99109)
(18.4701 -0.0182604 16.9759 5.9747e-06 -0.00644822 6.75942)
(7.00082 -0.0137289 14.727 2.75944e-06 -0.00527962 7.92898)
(-3.94811 -0.011974 11.3173 -5.49782e-07 -0.00354727 7.65907)
(-13.9105 -0.0123208 6.80105 -3.50259e-06 -0.00248085 6.4357)
(-22.64 -0.0144982 1.33354 -6.51227e-06 -0.00260805 4.2451)
(-29.9922 -0.0177535 -4.88997 -9.87134e-06 -0.00383679 0.595124)
(-34.7686 -0.0209729 -12.3375 -1.20585e-05 -0.00845692 -2.64013)
(27.4438 -0.019441 15.353 9.30316e-06 -0.006905 5.06035)
(15.9697 -0.0149641 15.4559 4.72764e-06 -0.00532917 5.94371)
(5.75984 -0.011097 13.5592 2.17078e-06 -0.00431436 7.15852)
(-3.9858 -0.00959903 10.5589 -3.47831e-07 -0.00280191 7.03043)
(-12.817 -0.00990875 6.51601 -2.57859e-06 -0.00184343 6.00432)
(-20.4876 -0.0117865 1.5851 -4.8826e-06 -0.00190784 4.06612)
(-26.8392 -0.0145538 -4.04562 -7.46154e-06 -0.00296314 0.765318)
(-30.753 -0.017283 -10.793 -9.35465e-06 -0.00682079 -2.19603)
(23.8028 -0.0158918 13.699 7.09294e-06 -0.00553356 4.1736)
(13.6542 -0.0120749 14.0115 3.67974e-06 -0.00435678 5.15525)
(4.62923 -0.00880126 12.4381 1.67794e-06 -0.00348029 6.40397)
(-3.98713 -0.00753321 9.81825 -1.99158e-07 -0.00216672 6.40567)
(-11.7603 -0.0078098 6.21975 -1.844e-06 -0.00130979 5.56536)
(-18.444 -0.00942056 1.79625 -3.57006e-06 -0.00132326 3.86875)
(-23.8669 -0.0117586 -3.27065 -5.51842e-06 -0.00222118 0.905539)
(-26.9873 -0.014056 -9.34801 -7.11921e-06 -0.00540981 -1.78703)
(20.4214 -0.0127916 12.149 5.32237e-06 -0.00437266 3.33188)
(11.5218 -0.00956594 12.6429 2.8099e-06 -0.00352223 4.39495)
(3.608 -0.00681918 11.3637 1.26998e-06 -0.00276927 5.66619)
(-3.95251 -0.00575557 9.09519 -9.42166e-08 -0.00163466 5.78545)
(-10.7401 -0.00600246 5.91187 -1.27124e-06 -0.000872728 5.11924)
(-16.5086 -0.00737643 1.96638 -2.53111e-06 -0.000845671 3.65307)
(-21.0744 -0.0093389 -2.56589 -3.97611e-06 -0.00160132 1.01542)
(-23.4704 -0.0112588 -8.0035 -5.29826e-06 -0.00420666 -1.41386)
(17.2974 -0.0101099 10.703 3.92105e-06 -0.00340541 2.53606)
(9.57115 -0.00741052 11.3502 2.09746e-06 -0.00281632 3.66358)
(2.69517 -0.00512844 10.3358 9.36286e-07 -0.00217282 4.94589)
(-3.88236 -0.00424544 8.38952 -2.48838e-08 -0.00119836 5.17042)
(-9.75639 -0.00446565 5.59207 -8.35481e-07 -0.00052472 4.66635)
(-14.6808 -0.00563058 2.09503 -1.7259e-06 -0.000466218 3.41912)
(-18.4609 -0.00726667 -1.93201 -2.77469e-06 -0.00109377 1.09464)
(-20.2012 -0.00885861 -6.76039 -3.8402e-06 -0.00319411 -1.07714)
(14.4288 -0.00781622 9.36126 2.82665e-06 -0.00261479 1.78682)
(7.80061 -0.00558206 10.1333 1.52248e-06 -0.00222948 2.96179)
(1.88971 -0.00370692 9.35423 6.66784e-07 -0.00168217 4.24381)
(-3.77716 -0.00298239 7.70108 1.58098e-08 -0.000850127 4.56123)
(-8.80904 -0.00317859 5.26018 -5.14318e-07 -0.000258015 4.20712)
(-12.9602 -0.00415989 2.18188 -1.118e-06 -0.000175869 3.16705)
(-16.0255 -0.00551425 -1.3695 -1.85991e-06 -0.000688602 1.14298)
(-17.1788 -0.00682353 -5.61939 -2.69608e-06 -0.00235513 -0.777361)
(11.8135 -0.00588031 8.1235 1.98438e-06 -0.0019837 1.08468)
(6.20858 -0.0040542 8.9918 1.06599e-06 -0.00175187 2.29011)
(1.1904 -0.00253269 8.41875 4.52058e-07 -0.00128831 3.56059)
(-3.63759 -0.00194624 7.02975 3.39238e-08 -0.000582054 3.95851)
(-7.89793 -0.00212082 4.91618 -2.87584e-07 -6.46599e-05 3.74207)
(-11.3458 -0.00294161 2.22687 -6.743e-07 3.45566e-05 2.89711)
(-13.767 -0.00405453 -0.878692 -1.18285e-06 -0.000375785 1.16023)
(-14.4019 -0.00512227 -4.58103 -1.81981e-06 -0.00167292 -0.51493)
(9.44951 -0.00427211 6.98941 1.34663e-06 -0.00149505 0.430004)
(4.79324 -0.00280081 7.92524 7.10218e-07 -0.00137341 1.64895)
(0.595606 -0.00158395 7.52894 2.83496e-07 -0.000982065 2.89686)
(-3.46458 -0.00111694 6.3755 3.47775e-08 -0.000386042 3.36304)
(-7.02293 -0.00127208 4.56035 -1.37136e-07 6.35168e-05 3.27186)
(-9.83661 -0.0019534 2.23023 -3.64773e-07 0.000174397 2.60955)
(-11.6841 -0.00286099 -0.459667 -6.99633e-07 -0.000145217 1.14623)
(-11.8692 -0.00372419 -3.64564 -1.16833e-06 -0.00113102 -0.290202)
(7.33475 -0.00296189 5.95842 8.7243e-07 -0.00113183 -0.177116)
(3.55242 -0.00179601 6.93266 4.38744e-07 -0.0010839 1.03852)
(0.103124 -0.000839029 6.68411 1.53317e-07 -0.000754176 2.25333)
(-3.25953 -0.000474412 5.73842 2.30431e-08 -0.000253827 2.77582)
(-6.18392 -0.000612213 4.19339 -4.66866e-08 0.000134902 2.79735)
(-8.43108 -0.0011732 2.19269 -1.62312e-07 0.000253117 2.3047)
(-9.77465 -0.00190769 -0.112221 -3.71198e-07 1.32396e-05 1.10078)
(-9.57948 -0.00259938 -2.8134 -7.01865e-07 -0.000713319 -0.103511)
(5.46715 -0.00192033 5.02968 5.26988e-07 -0.000877094 -0.736858)
(2.48331 -0.00101429 6.0125 2.36602e-07 -0.000873055 0.458866)
(-0.290295 -0.00027625 5.88328 5.45404e-08 -0.00059535 1.63084)
(-3.02458 1.5692e-06 5.1188 2.79714e-09 -0.000176981 2.19825)
(-5.38077 -0.000120941 3.81666 -1.67814e-09 0.000158097 2.31978)
(-7.12691 -0.000579202 2.11571 -4.25736e-08 0.000280318 1.98307)
(-8.0357 -0.0011693 0.164232 -1.62972e-07 0.00010975 1.02361)
(-7.5309 -0.0017187 -2.08439 -3.84014e-07 -0.000404181 0.0447098)
(3.84492 -0.00111869 4.20211 2.81206e-07 -0.000714001 -1.24975)
(1.58221 -0.000430477 5.16234 9.02998e-08 -0.000730602 -0.0902347)
(-0.58949 0.000126146 5.12491 -1.90888e-08 -0.000496382 1.03039)
(-2.76296 0.000331704 4.51721 -2.2492e-08 -0.00014699 1.63224)
(-4.61321 0.00022236 3.43241 1.07821e-08 0.000141946 1.84098)
(-5.92052 -0.000149746 2.00177 1.61458e-08 0.00026578 1.64541)
(-6.46279 -0.000621168 0.370779 -4.45982e-08 0.000154514 0.914262)
(-5.72176 -0.00105377 -1.45873 -1.81829e-07 -0.000188431 0.153722)
(2.46723 -0.000528887 3.47452 1.11226e-07 -0.000625634 -1.71663)
(0.844105 -1.98794e-05 4.37858 -1.21828e-08 -0.000646302 -0.60933)
(-0.801426 0.00039015 4.40685 -7.32777e-08 -0.000448382 0.453131)
(-2.47925 0.000537525 3.93453 -5.00966e-08 -0.000155432 1.08036)
(-3.88075 0.000438979 3.04397 1.91878e-09 9.55246e-05 1.36359)
(-4.80662 0.000136705 1.85464 3.30197e-08 0.000219524 1.29295)
(-5.04945 -0.00023937 0.509147 1.0351e-08 0.000157806 0.772102)
(-4.15071 -0.000576894 -0.936859 -6.58433e-08 -5.13608e-05 0.222148)
(1.33557 -0.000123457 2.84616 -1.9906e-09 -0.00059469 -2.13852)
(0.262234 0.000241839 3.65653 -8.14157e-08 -0.000609952 -1.09936)
(-0.935309 0.000538202 3.72645 -1.13482e-07 -0.000443264 -0.100133)
(-2.179 0.000641805 3.37184 -7.83821e-08 -0.000194579 0.545311)
(-3.18239 0.000551202 2.65544 -1.88907e-08 2.78254e-05 0.890925)
(-3.77799 0.000301656 1.67925 2.47414e-08 0.000151836 0.927839)
(-3.78703 -7.1183e-07 0.581883 2.46482e-08 0.000130146 0.596607)
(-2.81799 -0.00026081 -0.520025 -1.00615e-08 2.14e-05 0.247407)
(0.45562 0.000125495 2.31829 -7.31018e-08 -0.000602822 -2.5165)
(-0.171955 0.000379105 2.99167 -1.26479e-07 -0.000611353 -1.56165)
(-1.00048 0.000593468 3.08141 -1.45387e-07 -0.000474701 -0.630128)
(-1.86623 0.000668604 2.82944 -1.07633e-07 -0.000258961 0.028614)
(-2.51577 0.000582362 2.26935 -4.47754e-08 -5.33969e-05 0.426607)
(-2.8266 0.000366997 1.47983 5.29255e-09 7.31211e-05 0.554275)
(-2.66628 0.000117992 0.592317 1.75685e-08 8.27264e-05 0.389117)
(-1.7282 -7.76452e-05 -0.210706 8.0289e-09 4.4317e-05 0.225392)
(-0.157089 0.000249029 1.89834 -1.12694e-07 -0.000628538 -2.84567)
(-0.461354 0.000418261 2.38644 -1.54187e-07 -0.000637676 -1.99686)
(-0.993105 0.000579948 2.47381 -1.74349e-07 -0.000536353 -1.14177)
(-1.53045 0.000640558 2.30534 -1.402e-07 -0.000345464 -0.472744)
(-1.87059 0.000554156 1.88136 -7.19654e-08 -0.000142551 -0.0261056)
(-1.9456 0.00035529 1.25452 -1.48231e-08 -6.3803e-06 0.181953)
(-1.68421 0.000142596 0.54298 4.35013e-09 2.80177e-05 0.158252)
(-0.892547 3.61824e-06 -0.0121208 7.21471e-09 3.34959e-05 0.154458)
(-0.505058 0.000287352 1.60506 -1.2811e-07 -0.000649967 -3.1424)
(-0.6011 0.000393696 1.86769 -1.67956e-07 -0.00067242 -2.42799)
(-0.887444 0.00052235 1.91956 -2.03715e-07 -0.000623137 -1.67702)
(-1.13927 0.000569991 1.79154 -1.79157e-07 -0.000457932 -1.00441)
(-1.22858 0.000477338 1.46612 -1.00784e-07 -0.000243478 -0.493326)
(-1.13988 0.000287651 0.978313 -3.13247e-08 -8.23115e-05 -0.183337)
(-0.862488 0.000106259 0.426325 -5.76601e-09 -1.99459e-05 -0.0657952)
(-0.332696 1.99588e-05 0.0768857 1.23251e-09 7.29342e-06 0.0406134)
(-0.561833 0.000274954 1.47385 -1.24898e-07 -0.000650996 -3.35516)
(-0.64958 0.000354562 1.48616 -1.79475e-07 -0.000732111 -2.9555)
(-0.765757 0.000438342 1.36377 -2.47521e-07 -0.00076702 -2.37419)
(-0.814467 0.000430175 1.13219 -2.38162e-07 -0.000635003 -1.69887)
(-0.733167 0.000309656 0.826779 -1.42054e-07 -0.000384378 -1.04206)
(-0.537767 0.000151642 0.495954 -4.74936e-08 -0.000155229 -0.506883)
(-0.256393 4.35258e-05 0.205234 -7.67966e-09 -3.52443e-05 -0.16185)
(-0.0794224 8.53468e-06 0.0533821 -2.31808e-09 -1.32712e-05 -0.0752973)
)
;
    }
    top
    {
        type            calculated;
        value           nonuniform List<symmTensor> 
640
(
(-1107.68 -16.5247 -55.0207 -20.8646 -0.996388 -2.73448)
(-1053.48 -107.154 -69.4005 -137.201 -8.3295 -4.58472)
(-1076.92 -67.3902 -83.0626 -211.201 -6.55038 -6.41545)
(-1091.94 -21.6704 -89.729 -239.024 -2.25758 -7.37432)
(-1091.94 21.6704 -89.729 -239.024 2.25758 -7.37432)
(-1076.92 67.3902 -83.0626 -211.201 6.55038 -6.41545)
(-1053.48 107.154 -69.4005 -137.201 8.3295 -4.58472)
(-1107.68 16.5247 -55.0207 -20.8646 0.996388 -2.73448)
(-904.202 -7.52528 -25.9505 5.88777 -0.10383 -0.742663)
(-939.057 -42.8845 -30.988 -10.7199 -1.54938 -1.02463)
(-936.831 -33.7931 -32.467 -55.3217 -1.70301 -1.13041)
(-933.041 -12.2391 -33.1482 -71.9842 -0.66036 -1.17837)
(-933.041 12.2391 -33.1482 -71.9842 0.66036 -1.17837)
(-936.831 33.7931 -32.467 -55.3217 1.70301 -1.13041)
(-939.057 42.8845 -30.988 -10.7199 1.54938 -1.02463)
(-904.202 7.52528 -25.9505 5.88777 0.10383 -0.742663)
(-897.24 0.679589 -33.8881 2.11581 0.0703332 -1.27899)
(-940.978 -11.4262 -36.4543 -3.97197 -0.502627 -1.41321)
(-952.912 -11.5263 -36.3158 -25.8762 -0.686617 -1.38638)
(-954.587 -4.87667 -36.159 -36.6655 -0.299933 -1.37004)
(-954.587 4.87667 -36.159 -36.6655 0.299933 -1.37004)
(-952.912 11.5263 -36.3158 -25.8762 0.686617 -1.38638)
(-940.978 11.4262 -36.4543 -3.97197 0.502627 -1.41321)
(-897.24 -0.679589 -33.8881 2.11581 -0.0703332 -1.27899)
(-893.881 2.75872 -48.5753 -2.56282 0.0948141 -2.64087)
(-929.026 0.903471 -50.6869 -5.58501 -0.0374177 -2.76678)
(-946.538 -1.12184 -51.3115 -15.6023 -0.204956 -2.78291)
(-952.271 -0.93181 -51.4653 -21.8806 -0.11684 -2.78163)
(-952.271 0.93181 -51.4653 -21.8806 0.11684 -2.78163)
(-946.538 1.12184 -51.3115 -15.6023 0.204956 -2.78291)
(-929.026 -0.903471 -50.6869 -5.58501 0.0374177 -2.76678)
(-893.881 -2.75872 -48.5753 -2.56282 -0.0948141 -2.64087)
(-883.096 2.74728 -61.8011 -3.57443 0.115552 -4.32664)
(-908.776 5.1031 -63.4432 -3.52341 0.302379 -4.42991)
(-924.761 3.13814 -64.4782 -7.53899 0.1502 -4.49632)
(-931.334 0.866958 -64.9159 -10.6629 0.0284394 -4.52487)
(-931.334 -0.866958 -64.9159 -10.6629 -0.0284394 -4.52487)
(-924.761 -3.13814 -64.4782 -7.53898 -0.1502 -4.49632)
(-908.776 -5.1031 -63.4432 -3.52341 -0.302379 -4.42991)
(-883.096 -2.74728 -61.8011 -3.57443 -0.115552 -4.32664)
(-868.117 2.12089 -73.2395 -4.10579 0.0920528 -6.18076)
(-886.142 5.98975 -74.425 -2.12428 0.471311 -6.25127)
(-898.685 4.48845 -75.4153 -2.87258 0.350872 -6.32888)
(-904.514 1.52386 -75.9158 -4.00642 0.115933 -6.37164)
(-904.514 -1.52386 -75.9158 -4.00642 -0.115933 -6.37164)
(-898.685 -4.48845 -75.4153 -2.87258 -0.350872 -6.32888)
(-886.142 -5.98975 -74.425 -2.12428 -0.471311 -6.25127)
(-868.117 -2.12089 -73.2395 -4.10579 -0.0920528 -6.18076)
(-850.092 1.42663 -83.244 -4.74224 0.0414415 -8.15358)
(-862.239 5.61106 -84.0217 -1.75844 0.52095 -8.18795)
(-871.432 4.55685 -84.8097 -0.704945 0.437379 -8.25393)
(-876.046 1.64133 -85.2529 -0.665826 0.157758 -8.29644)
(-876.046 -1.64133 -85.2529 -0.665826 -0.157758 -8.29644)
(-871.432 -4.55685 -84.8097 -0.704945 -0.437379 -8.25393)
(-862.239 -5.61106 -84.0217 -1.75844 -0.52095 -8.18795)
(-850.092 -1.42663 -83.244 -4.74224 -0.0414416 -8.15358)
(-829.992 0.850318 -92.0317 -5.40017 -0.0148967 -10.2069)
(-837.893 4.85088 -92.4683 -1.94243 0.50717 -10.2051)
(-844.34 4.14165 -93.0299 0.06947 0.457124 -10.2501)
(-847.763 1.53781 -93.3744 0.771447 0.171657 -10.2845)
(-847.763 -1.53781 -93.3744 0.771447 -0.171657 -10.2845)
(-844.34 -4.14165 -93.0299 0.06947 -0.457124 -10.2501)
(-837.893 -4.85088 -92.4683 -1.94243 -0.50717 -10.2051)
(-829.992 -0.850318 -92.0317 -5.40017 0.0148967 -10.2069)
(-808.592 0.432292 -99.751 -6.01765 -0.0652124 -12.308)
(-813.579 4.08378 -99.9245 -2.36591 0.467799 -12.2733)
(-817.949 3.61481 -100.282 0.117331 0.44434 -12.2947)
(-820.378 1.36793 -100.524 1.17487 0.171034 -12.3175)
(-820.378 -1.36793 -100.524 1.17487 -0.171034 -12.3175)
(-817.949 -3.61481 -100.282 0.11733 -0.44434 -12.2947)
(-813.579 -4.08378 -99.9245 -2.36591 -0.467799 -12.2733)
(-808.592 -0.432292 -99.751 -6.01765 0.0652124 -12.308)
(-786.454 0.158318 -106.518 -6.57875 -0.104748 -14.4293)
(-789.507 3.44923 -106.499 -2.86873 0.425121 -14.3667)
(-792.378 3.13418 -106.689 -0.182878 0.420545 -14.3651)
(-794.042 1.20079 -106.841 1.05098 0.164574 -14.3757)
(-794.042 -1.20079 -106.841 1.05098 -0.164574 -14.3757)
(-792.378 -3.13418 -106.689 -0.182878 -0.420545 -14.3651)
(-789.507 -3.44923 -106.499 -2.86873 -0.425121 -14.3667)
(-786.454 -0.158318 -106.518 -6.57875 0.104748 -14.4293)
(-763.966 -0.00269455 -112.426 -7.08631 -0.132712 -16.5473)
(-765.758 2.97606 -112.272 -3.3774 0.390103 -16.4616)
(-767.585 2.75162 -112.333 -0.628721 0.39752 -16.4394)
(-768.688 1.06219 -112.411 0.680826 0.15724 -16.4386)
(-768.688 -1.06219 -112.411 0.680826 -0.15724 -16.4386)
(-767.585 -2.75162 -112.333 -0.628721 -0.39752 -16.4394)
(-765.758 -2.97606 -112.272 -3.3774 -0.390103 -16.4616)
(-763.966 0.00269458 -112.426 -7.08631 0.132712 -16.5473)
(-741.384 -0.0824595 -117.551 -7.54658 -0.150202 -18.6408)
(-742.359 2.64665 -117.303 -3.8608 0.366618 -18.5363)
(-743.474 2.47008 -117.268 -1.1174 0.380556 -18.4967)
(-744.182 0.957151 -117.289 0.213635 0.151443 -18.4858)
(-744.182 -0.957151 -117.289 0.213635 -0.151443 -18.4858)
(-743.474 -2.47008 -117.268 -1.1174 -0.380556 -18.4967)
(-742.359 -2.64665 -117.303 -3.8608 -0.366618 -18.5363)
(-741.384 0.0824596 -117.551 -7.54658 0.150202 -18.6408)
(-718.87 -0.10734 -121.951 -7.96467 -0.159002 -20.6906)
(-719.314 2.42922 -121.64 -4.30716 0.354689 -20.5708)
(-719.95 2.27341 -121.536 -1.59921 0.371107 -20.5169)
(-720.384 0.881913 -121.516 -0.274419 0.148033 -20.4977)
(-720.384 -0.881913 -121.516 -0.274419 -0.148033 -20.4977)
(-719.95 -2.27341 -121.536 -1.59921 -0.371107 -20.5169)
(-719.314 -2.42922 -121.64 -4.30716 -0.354689 -20.5708)
(-718.87 0.10734 -121.951 -7.96467 0.159002 -20.6906)
(-696.53 -0.0971843 -125.678 -8.34416 -0.160966 -22.679)
(-696.62 2.29215 -125.323 -4.71358 0.352568 -22.5467)
(-696.935 2.14088 -125.172 -2.05235 0.368641 -22.4814)
(-697.184 0.829959 -125.122 -0.747002 0.147009 -22.4555)
(-697.184 -0.829959 -125.122 -0.747002 -0.147009 -22.4555)
(-696.935 -2.14088 -125.172 -2.05235 -0.368641 -22.4814)
(-696.62 -2.29215 -125.323 -4.71358 -0.352568 -22.5467)
(-696.53 0.0971844 -125.678 -8.34416 0.160966 -22.679)
(-674.432 -0.0660402 -128.774 -8.68747 -0.157747 -24.5903)
(-674.276 2.20924 -128.389 -5.08107 0.357947 -24.4474)
(-674.375 2.05343 -128.205 -2.46913 0.37178 -24.3731)
(-674.497 0.794775 -128.135 -1.18885 0.147972 -24.342)
(-674.497 -0.794775 -128.135 -1.18885 -0.147972 -24.342)
(-674.375 -2.05343 -128.205 -2.46913 -0.37178 -24.3731)
(-674.276 -2.20924 -128.389 -5.08107 -0.357947 -24.4474)
(-674.432 0.0660402 -128.774 -8.68747 0.157747 -24.5903)
(-652.62 -0.0234022 -131.28 -8.99623 -0.150702 -26.4104)
(-652.284 2.16076 -130.872 -5.41197 0.368584 -26.2584)
(-652.233 1.99583 -130.665 -2.8485 0.37896 -26.1768)
(-652.268 0.770926 -130.581 -1.5952 0.150403 -26.1416)
(-652.268 -0.770926 -130.581 -1.5952 -0.150403 -26.1416)
(-652.233 -1.99583 -130.665 -2.8485 -0.37896 -26.1768)
(-652.284 -2.16076 -130.872 -5.41197 -0.368584 -26.2584)
(-652.62 0.0234022 -131.28 -8.99623 0.150702 -26.4104)
(-631.126 0.0245694 -133.231 -9.27158 -0.140882 -28.1273)
(-630.65 2.13283 -132.804 -5.70883 0.382585 -27.9672)
(-630.49 1.95684 -132.581 -3.19212 0.388753 -27.8796)
(-630.465 0.754297 -132.487 -1.96609 0.153798 -27.8412)
(-630.465 -0.754297 -132.487 -1.96609 -0.153798 -27.8412)
(-630.49 -1.95684 -132.581 -3.19212 -0.388753 -27.8796)
(-630.65 -2.13283 -132.804 -5.70883 -0.382585 -27.9672)
(-631.126 -0.0245694 -133.231 -9.27158 0.140882 -28.1273)
(-609.971 0.0740366 -134.661 -9.51443 -0.129083 -29.7307)
(-609.378 2.11614 -134.219 -5.97391 0.398479 -29.563)
(-609.138 1.92869 -133.983 -3.50247 0.399999 -29.4705)
(-609.068 0.741976 -133.883 -2.30338 0.157737 -29.4296)
(-609.068 -0.741976 -133.883 -2.30338 -0.157737 -29.4296)
(-609.138 -1.92869 -133.983 -3.50247 -0.399999 -29.4705)
(-609.378 -2.11614 -134.219 -5.97391 -0.398479 -29.563)
(-609.971 -0.0740366 -134.661 -9.51443 0.129083 -29.7307)
(-589.172 0.122716 -135.603 -9.72558 -0.115889 -31.2122)
(-588.478 2.10477 -135.146 -6.20912 0.415191 -31.0375)
(-588.173 1.90626 -134.901 -3.78197 0.411826 -30.9407)
(-588.069 0.732012 -134.796 -2.60939 0.161897 -30.8976)
(-588.069 -0.732012 -134.796 -2.60939 -0.161897 -30.8976)
(-588.173 -1.90626 -134.901 -3.78197 -0.411826 -30.9407)
(-588.478 -2.10477 -135.146 -6.20912 -0.415191 -31.0375)
(-589.172 -0.122716 -135.603 -9.72558 0.115889 -31.2122)
(-568.74 0.169327 -136.088 -9.90582 -0.101728 -32.5653)
(-567.958 2.0951 -135.618 -6.41601 0.431975 -32.3838)
(-567.597 1.88634 -135.365 -4.03275 0.423618 -32.2832)
(-567.467 0.723162 -135.256 -2.8863 0.166045 -32.2384)
(-567.467 -0.723162 -135.256 -2.8863 -0.166045 -32.2384)
(-567.597 -1.88634 -135.365 -4.03275 -0.423618 -32.2832)
(-567.958 -2.0951 -135.618 -6.41601 -0.431975 -32.3838)
(-568.74 -0.169327 -136.088 -9.90582 0.101728 -32.5653)
(-548.687 0.213216 -136.148 -10.056 -0.0869167 -33.785)
(-547.823 2.0851 -135.664 -6.59588 0.448336 -33.597)
(-547.415 1.86703 -135.405 -4.25653 0.434965 -33.4928)
(-547.262 0.71468 -135.292 -3.13594 0.170026 -33.4464)
(-547.262 -0.71468 -135.292 -3.13594 -0.170026 -33.4464)
(-547.415 -1.86703 -135.405 -4.25653 -0.434965 -33.4928)
(-547.823 -2.0851 -135.664 -6.59588 -0.448336 -33.597)
(-548.687 -0.213215 -136.148 -10.056 0.0869167 -33.785)
(-529.019 0.254101 -135.812 -10.1769 -0.0716905 -34.8678)
(-528.08 2.07368 -135.315 -6.74982 0.463961 -34.6735)
(-527.631 1.84729 -135.048 -4.45471 0.445607 -34.566)
(-527.458 0.706142 -134.933 -3.35983 0.173739 -34.5182)
(-527.458 -0.706142 -134.933 -3.35983 -0.173739 -34.5182)
(-527.631 -1.84729 -135.048 -4.45471 -0.445607 -34.566)
(-528.08 -2.07368 -135.315 -6.74982 -0.463961 -34.6735)
(-529.019 -0.254101 -135.812 -10.1769 0.0716905 -34.8678)
(-509.742 0.291918 -135.107 -10.2694 -0.0562315 -35.8118)
(-508.736 2.06037 -134.597 -6.87884 0.478663 -35.6113)
(-508.248 1.82661 -134.325 -4.62849 0.455394 -35.5007)
(-508.057 0.697336 -134.207 -3.55923 0.177128 -35.4516)
(-508.057 -0.697336 -134.207 -3.55923 -0.177128 -35.4516)
(-508.248 -1.82661 -134.325 -4.62849 -0.455394 -35.5007)
(-508.736 -2.06037 -134.597 -6.87884 -0.478663 -35.6113)
(-509.742 -0.291918 -135.107 -10.2694 0.0562315 -35.8118)
(-490.861 0.326715 -134.062 -10.3346 -0.040685 -36.616)
(-489.794 2.04501 -133.54 -6.98385 0.492334 -36.4096)
(-489.272 1.80478 -133.261 -4.7789 0.464247 -36.2961)
(-489.065 0.68817 -133.141 -3.73522 0.180162 -36.2457)
(-489.065 -0.68817 -133.141 -3.73522 -0.180162 -36.2457)
(-489.272 -1.80478 -133.261 -4.7789 -0.464247 -36.2961)
(-489.794 -2.04501 -133.54 -6.98385 -0.492334 -36.4096)
(-490.861 -0.326715 -134.062 -10.3346 0.040685 -36.616)
(-472.378 0.358599 -132.702 -10.3733 -0.0251715 -37.2809)
(-471.256 2.02763 -132.169 -7.06577 0.504919 -37.0689)
(-470.703 1.78178 -131.885 -4.90686 0.472132 -36.9526)
(-470.482 0.678624 -131.762 -3.88877 0.182829 -36.9011)
(-470.482 -0.678624 -131.762 -3.88877 -0.182829 -36.9011)
(-470.703 -1.78178 -131.885 -4.90686 -0.472132 -36.9526)
(-471.256 -2.02763 -132.169 -7.06577 -0.504919 -37.0689)
(-472.378 -0.358599 -132.702 -10.3733 0.0251715 -37.2809)
(-454.297 0.387697 -131.055 -10.3866 -0.00979445 -37.8078)
(-453.126 2.00837 -130.51 -7.12548 0.516391 -37.5905)
(-452.545 1.75767 -130.221 -5.01328 0.479041 -37.4716)
(-452.311 0.668713 -130.096 -4.02076 0.185126 -37.419)
(-452.311 -0.668713 -130.096 -4.02076 -0.185126 -37.419)
(-452.545 -1.75767 -130.221 -5.01328 -0.479041 -37.4716)
(-453.126 -2.00837 -130.51 -7.12548 -0.516391 -37.5905)
(-454.297 -0.387697 -131.055 -10.3866 0.00979446 -37.8078)
(-436.617 0.414143 -129.142 -10.3756 0.00535547 -38.199)
(-435.403 1.98737 -128.588 -7.16389 0.526742 -37.9768)
(-434.798 1.73255 -128.294 -5.09903 0.484985 -37.8555)
(-434.553 0.658472 -128.168 -4.13207 0.187059 -37.8019)
(-434.553 -0.658472 -128.168 -4.13207 -0.187059 -37.8019)
(-434.798 -1.73255 -128.294 -5.09903 -0.484985 -37.8555)
(-435.403 -1.98737 -128.588 -7.16389 -0.526742 -37.9768)
(-436.617 -0.414143 -129.142 -10.3756 -0.00535546 -38.199)
(-419.339 0.438067 -126.989 -10.3412 0.0201973 -38.4577)
(-418.088 1.96478 -126.427 -7.18191 0.535973 -38.231)
(-417.462 1.70653 -126.128 -5.16497 0.489979 -38.1074)
(-417.206 0.647935 -126 -4.22356 0.188635 -38.053)
(-417.206 -0.647935 -126 -4.22356 -0.188635 -38.053)
(-417.462 -1.70653 -126.128 -5.16497 -0.489979 -38.1074)
(-418.088 -1.96478 -126.427 -7.18191 -0.535973 -38.231)
(-419.339 -0.438067 -126.989 -10.3412 -0.0201973 -38.4577)
(-402.462 0.459592 -124.618 -10.2846 0.0346583 -38.5876)
(-401.18 1.94075 -124.048 -7.18045 0.544091 -38.3568)
(-400.536 1.6797 -123.746 -5.21198 0.494045 -38.2313)
(-400.272 0.637141 -123.615 -4.29608 0.189864 -38.176)
(-400.272 -0.637141 -123.615 -4.29608 -0.189864 -38.176)
(-400.536 -1.6797 -123.746 -5.21198 -0.494045 -38.2313)
(-401.18 -1.94075 -124.048 -7.18045 -0.544091 -38.3568)
(-402.462 -0.459592 -124.618 -10.2846 -0.0346583 -38.5876)
(-385.986 0.478832 -122.049 -10.2068 0.0486732 -38.5931)
(-384.678 1.91539 -121.473 -7.16046 0.551104 -38.3587)
(-384.018 1.65216 -121.167 -5.24094 0.497204 -38.2315)
(-383.747 0.626121 -121.036 -4.35051 0.190754 -38.1755)
(-383.747 -0.626121 -121.036 -4.35051 -0.190754 -38.1755)
(-384.018 -1.65216 -121.167 -5.24094 -0.497204 -38.2315)
(-384.678 -1.91539 -121.473 -7.16046 -0.551104 -38.3587)
(-385.986 -0.478832 -122.049 -10.2068 -0.0486732 -38.5931)
(-369.908 0.495897 -119.304 -10.109 0.0621835 -38.4793)
(-368.579 1.88883 -118.722 -7.12287 0.557023 -38.2417)
(-367.907 1.62399 -118.415 -5.25274 0.499479 -38.113)
(-367.629 0.614903 -118.282 -4.38772 0.191316 -38.0565)
(-367.629 -0.614903 -118.282 -4.38772 -0.191316 -38.0565)
(-367.907 -1.62399 -118.415 -5.25274 -0.499479 -38.113)
(-368.579 -1.88883 -118.722 -7.12287 -0.557023 -38.2417)
(-369.908 -0.495897 -119.304 -10.109 -0.0621835 -38.4793)
(-354.225 0.510886 -116.401 -9.99225 0.0751372 -38.2513)
(-352.881 1.86116 -115.816 -7.06864 0.561859 -38.0112)
(-352.199 1.59526 -115.506 -5.24828 0.500891 -37.8813)
(-351.916 0.603513 -115.373 -4.40858 0.19156 -37.8243)
(-351.916 -0.603513 -115.373 -4.40859 -0.19156 -37.8243)
(-352.199 -1.59526 -115.506 -5.24828 -0.500891 -37.8813)
(-352.881 -1.86116 -115.816 -7.06864 -0.561859 -38.0112)
(-354.225 -0.510886 -116.401 -9.99225 -0.0751372 -38.2513)
(-338.936 0.523896 -113.36 -9.85764 0.0874888 -37.9151)
(-337.581 1.83246 -112.772 -6.99872 0.565626 -37.6729)
(-336.892 1.56602 -112.461 -5.22845 0.501464 -37.5421)
(-336.605 0.59197 -112.328 -4.414 0.191494 -37.4848)
(-336.605 -0.59197 -112.328 -4.414 -0.191494 -37.4848)
(-336.892 -1.56602 -112.461 -5.22845 -0.501464 -37.5421)
(-337.581 -1.83246 -112.772 -6.99872 -0.565626 -37.6729)
(-338.936 -0.523896 -113.36 -9.85764 -0.0874888 -37.9151)
(-324.037 0.535018 -110.198 -9.7063 0.0991992 -37.4766)
(-322.675 1.80281 -109.608 -6.91406 0.568337 -37.2328)
(-321.981 1.53632 -109.297 -5.19416 0.501218 -37.1014)
(-321.691 0.580292 -109.164 -4.40484 0.191128 -37.0439)
(-321.691 -0.580292 -109.164 -4.40484 -0.191129 -37.0439)
(-321.981 -1.53632 -109.297 -5.19416 -0.501218 -37.1014)
(-322.675 -1.80281 -109.608 -6.91406 -0.568337 -37.2328)
(-324.037 -0.535018 -110.198 -9.7063 -0.0991992 -37.4766)
(-309.523 0.544339 -106.931 -9.53934 0.110235 -36.9421)
(-308.159 1.77228 -106.342 -6.81562 0.57001 -36.6974)
(-307.463 1.50621 -106.031 -5.1463 0.500177 -36.5656)
(-307.171 0.568493 -105.897 -4.38199 0.190472 -36.508)
(-307.171 -0.568493 -105.897 -4.38199 -0.190472 -36.508)
(-307.463 -1.50621 -106.031 -5.1463 -0.500177 -36.5656)
(-308.159 -1.77228 -106.342 -6.81562 -0.570011 -36.6974)
(-309.523 -0.544339 -106.931 -9.53934 -0.110235 -36.9421)
(-295.393 0.551942 -103.576 -9.35786 0.120569 -36.3181)
(-294.03 1.74092 -102.988 -6.70435 0.570663 -36.0729)
(-293.333 1.47573 -102.678 -5.08576 0.498362 -35.9412)
(-293.041 0.556588 -102.544 -4.34631 0.189534 -35.8836)
(-293.041 -0.556588 -102.544 -4.34631 -0.189534 -35.8836)
(-293.333 -1.47573 -102.678 -5.08576 -0.498362 -35.9412)
(-294.03 -1.74092 -102.988 -6.70435 -0.570663 -36.0729)
(-295.393 -0.551942 -103.576 -9.35786 -0.120569 -36.3181)
(-281.64 0.557907 -100.147 -9.16298 0.130178 -35.6111)
(-280.283 1.7088 -99.5613 -6.5812 0.570315 -35.3661)
(-279.587 1.44491 -99.2529 -5.01342 0.495797 -35.2346)
(-279.295 0.544586 -99.1203 -4.29868 0.188324 -35.1772)
(-279.295 -0.544586 -99.1203 -4.29868 -0.188324 -35.1772)
(-279.587 -1.44491 -99.2529 -5.01342 -0.495797 -35.2346)
(-280.283 -1.7088 -99.5613 -6.5812 -0.570315 -35.3661)
(-281.64 -0.557907 -100.147 -9.16298 -0.130178 -35.6111)
(-268.263 0.562311 -96.6586 -8.95578 0.139045 -34.8278)
(-266.913 1.67596 -96.0768 -6.44709 0.568987 -34.5835)
(-266.222 1.41378 -95.7706 -4.93016 0.492504 -34.4526)
(-265.931 0.532499 -95.639 -4.23995 0.186851 -34.3955)
(-265.931 -0.532499 -95.639 -4.23995 -0.186852 -34.3955)
(-266.222 -1.41378 -95.7706 -4.93016 -0.492504 -34.4526)
(-266.913 -1.67596 -96.0768 -6.44709 -0.568987 -34.5835)
(-268.263 -0.562311 -96.6586 -8.95578 -0.139045 -34.8278)
(-255.255 0.565228 -93.1244 -8.73735 0.147159 -33.9749)
(-253.917 1.64246 -92.5475 -6.30294 0.566703 -33.7318)
(-253.231 1.38236 -92.2442 -4.83684 0.488509 -33.6018)
(-252.942 0.520336 -92.1138 -4.17095 0.185125 -33.5451)
(-252.942 -0.520336 -92.1138 -4.17095 -0.185125 -33.5451)
(-253.231 -1.38236 -92.2442 -4.83684 -0.488509 -33.6018)
(-253.917 -1.64246 -92.5475 -6.30294 -0.566703 -33.7318)
(-255.255 -0.565228 -93.1244 -8.73735 -0.147159 -33.9749)
(-242.613 0.566729 -89.557 -8.50877 0.154511 -33.059)
(-241.29 1.60833 -88.9862 -6.14967 0.563488 -32.8177)
(-240.61 1.35069 -88.6863 -4.73429 0.483834 -32.6888)
(-240.324 0.508104 -88.5574 -4.09252 0.183154 -32.6327)
(-240.324 -0.508104 -88.5574 -4.09252 -0.183155 -32.6327)
(-240.61 -1.35069 -88.6863 -4.73429 -0.483834 -32.6888)
(-241.29 -1.60833 -88.9862 -6.14967 -0.563488 -32.8177)
(-242.613 -0.566729 -89.557 -8.50877 -0.154511 -33.059)
(-230.333 0.566884 -85.9683 -8.27108 0.161098 -32.0867)
(-229.027 1.57362 -85.4046 -5.98817 0.559368 -31.8477)
(-228.356 1.31878 -85.1087 -4.62336 0.478505 -31.7202)
(-228.072 0.495811 -84.9816 -4.00546 0.180949 -31.6648)
(-228.072 -0.495811 -84.9816 -4.00546 -0.180949 -31.6648)
(-228.356 -1.31878 -85.1087 -4.62336 -0.478505 -31.7202)
(-229.027 -1.57362 -85.4046 -5.98817 -0.559368 -31.8477)
(-230.333 -0.566884 -85.9683 -8.27108 -0.161099 -32.0867)
(-218.41 0.565757 -82.3696 -8.02534 0.166921 -31.0646)
(-217.123 1.53837 -81.8141 -5.81931 0.55437 -30.8284)
(-216.462 1.28666 -81.5227 -4.50484 0.472547 -30.7026)
(-216.183 0.483464 -81.3976 -3.91056 0.178519 -30.648)
(-216.183 -0.483464 -81.3976 -3.91056 -0.178519 -30.648)
(-216.462 -1.28666 -81.5227 -4.50484 -0.472547 -30.7026)
(-217.123 -1.53837 -81.8141 -5.81931 -0.55437 -30.8284)
(-218.41 -0.565757 -82.3696 -8.02534 -0.166921 -31.0646)
(-206.84 0.563411 -78.7716 -7.77256 0.171982 -29.9992)
(-205.575 1.50261 -78.2252 -5.64394 0.548525 -29.7662)
(-204.925 1.25435 -77.9388 -4.37953 0.465985 -29.6424)
(-204.65 0.471069 -77.8159 -3.8086 0.175874 -29.5886)
(-204.65 -0.471069 -77.8159 -3.8086 -0.175874 -29.5886)
(-204.925 -1.25435 -77.9388 -4.37953 -0.465985 -29.6424)
(-205.575 -1.50261 -78.2252 -5.64394 -0.548525 -29.7662)
(-206.84 -0.563411 -78.7716 -7.77256 -0.171982 -29.9992)
(-195.618 0.559906 -75.1842 -7.51374 0.17629 -28.8966)
(-194.378 1.46638 -74.6478 -5.46291 0.54186 -28.6674)
(-193.74 1.22187 -74.3669 -4.24819 0.458844 -28.5457)
(-193.47 0.458632 -74.2464 -3.70031 0.173023 -28.4929)
(-193.47 -0.458632 -74.2464 -3.70031 -0.173023 -28.4929)
(-193.74 -1.22187 -74.3669 -4.24819 -0.458844 -28.5457)
(-194.378 -1.46638 -74.6478 -5.46291 -0.54186 -28.6674)
(-195.618 -0.559906 -75.1842 -7.51374 -0.17629 -28.8966)
(-184.741 0.5553 -71.6168 -7.24987 0.179853 -27.7631)
(-183.527 1.4297 -71.0912 -5.27702 0.534406 -27.538)
(-182.902 1.18922 -70.8163 -4.11159 0.45115 -27.4187)
(-182.638 0.446157 -70.6983 -3.58643 0.169975 -27.367)
(-182.638 -0.446157 -70.6983 -3.58644 -0.169975 -27.367)
(-182.902 -1.18922 -70.8163 -4.11159 -0.45115 -27.4187)
(-183.527 -1.4297 -71.0912 -5.27702 -0.534406 -27.538)
(-184.741 -0.5553 -71.6168 -7.24987 -0.179853 -27.7631)
(-174.205 0.549647 -68.0782 -6.98188 0.182684 -26.6046)
(-173.018 1.39262 -67.5641 -5.08707 0.526195 -26.384)
(-172.408 1.15643 -67.2955 -3.97043 0.442928 -26.2673)
(-172.149 0.43365 -67.1804 -3.46767 0.166741 -26.2168)
(-172.149 -0.43365 -67.1804 -3.46767 -0.166741 -26.2168)
(-172.408 -1.15644 -67.2955 -3.97043 -0.442929 -26.2673)
(-173.018 -1.39262 -67.5641 -5.08707 -0.526195 -26.384)
(-174.205 -0.549647 -68.0782 -6.98188 -0.182684 -26.6046)
(-164.006 0.543 -64.5766 -6.71072 0.184798 -25.4269)
(-162.848 1.35516 -64.0747 -4.89383 0.517258 -25.2112)
(-162.252 1.12352 -63.8129 -3.82544 0.434205 -25.0973)
(-162 0.421115 -63.7006 -3.3447 0.16333 -25.048)
(-162 -0.421115 -63.7006 -3.3447 -0.16333 -25.048)
(-162.252 -1.12352 -63.8129 -3.82544 -0.434205 -25.0973)
(-162.848 -1.35516 -64.0747 -4.89383 -0.517258 -25.2112)
(-164.006 -0.543 -64.5766 -6.71072 -0.184798 -25.4269)
(-154.139 0.535409 -61.1198 -6.43727 0.186211 -24.2355)
(-153.011 1.31733 -60.6307 -4.69803 0.507627 -24.025)
(-152.431 1.09048 -60.3759 -3.67727 0.425005 -23.914)
(-152.186 0.408555 -60.2667 -3.21819 0.15975 -23.8661)
(-152.186 -0.408555 -60.2667 -3.21819 -0.15975 -23.8661)
(-152.431 -1.09048 -60.3759 -3.67727 -0.425005 -23.914)
(-153.011 -1.31733 -60.6307 -4.69803 -0.507627 -24.025)
(-154.139 -0.535409 -61.1198 -6.43727 -0.186211 -24.2355)
(-144.602 0.52692 -57.7148 -6.1624 0.186943 -23.0358)
(-143.505 1.27918 -57.2392 -4.50038 0.497334 -22.8308)
(-142.942 1.05734 -56.9916 -3.52659 0.415353 -22.7229)
(-142.703 0.395974 -56.8856 -3.08877 0.156012 -22.6763)
(-142.703 -0.395974 -56.8856 -3.08877 -0.156012 -22.6763)
(-142.942 -1.05734 -56.9916 -3.52659 -0.415353 -22.7229)
(-143.505 -1.27918 -57.2392 -4.50038 -0.497334 -22.8308)
(-144.602 -0.52692 -57.7148 -6.1624 -0.186943 -23.0358)
(-135.39 0.51758 -54.3686 -5.88695 0.187013 -21.8328)
(-134.326 1.24071 -53.9067 -4.30158 0.486411 -21.6336)
(-133.779 1.02411 -53.6667 -3.37403 0.405274 -21.5289)
(-133.548 0.383375 -53.564 -2.95704 0.152125 -21.4837)
(-133.548 -0.383375 -53.564 -2.95704 -0.152125 -21.4837)
(-133.779 -1.02411 -53.6667 -3.37403 -0.405274 -21.5289)
(-134.326 -1.24071 -53.9067 -4.30158 -0.486411 -21.6336)
(-135.39 -0.51758 -54.3686 -5.88695 -0.187013 -21.8328)
(-126.501 0.50743 -51.0872 -5.61172 0.186443 -20.6315)
(-125.469 1.20195 -50.6396 -4.10229 0.474891 -20.4382)
(-124.94 0.99079 -50.4073 -3.22018 0.394793 -20.3369)
(-124.716 0.370761 -50.3079 -2.82361 0.148096 -20.2932)
(-124.716 -0.370761 -50.3079 -2.82361 -0.148096 -20.2932)
(-124.94 -0.99079 -50.4073 -3.22018 -0.394793 -20.3369)
(-125.469 -1.20195 -50.6396 -4.10229 -0.474891 -20.4382)
(-126.501 -0.50743 -51.0872 -5.61172 -0.186443 -20.6315)
(-117.931 0.496513 -47.8765 -5.33749 0.185256 -19.4365)
(-116.933 1.16293 -47.4434 -3.90312 0.462804 -19.2493)
(-116.422 0.957393 -47.219 -3.06562 0.383933 -19.1514)
(-116.205 0.358133 -47.1232 -2.68901 0.143936 -19.1093)
(-116.205 -0.358133 -47.1232 -2.68901 -0.143936 -19.1093)
(-116.422 -0.957393 -47.219 -3.06562 -0.383933 -19.1514)
(-116.933 -1.16293 -47.4434 -3.90312 -0.462804 -19.2493)
(-117.931 -0.496513 -47.8765 -5.33749 -0.185256 -19.4365)
(-109.678 0.484866 -44.7419 -5.06498 0.183475 -18.252)
(-108.714 1.12364 -44.3236 -3.70468 0.450183 -18.0712)
(-108.22 0.923927 -44.1072 -2.9109 0.372718 -17.9768)
(-108.011 0.345495 -44.0149 -2.55378 0.139652 -17.9362)
(-108.011 -0.345495 -44.0149 -2.55378 -0.139652 -17.9362)
(-108.22 -0.923927 -44.1072 -2.91091 -0.372718 -17.9768)
(-108.714 -1.12364 -44.3236 -3.70468 -0.450183 -18.0712)
(-109.678 -0.484866 -44.7419 -5.06498 -0.183475 -18.252)
(-101.738 0.472528 -41.6884 -4.7949 0.181126 -17.0824)
(-100.808 1.08413 -41.2851 -3.50755 0.437059 -16.908)
(-100.332 0.890399 -41.0768 -2.75655 0.361171 -16.8171)
(-100.131 0.332848 -40.988 -2.41843 0.135253 -16.7781)
(-100.131 -0.332848 -40.988 -2.41843 -0.135253 -16.7781)
(-100.332 -0.890399 -41.0768 -2.75655 -0.361171 -16.8171)
(-100.808 -1.08413 -41.2851 -3.50755 -0.437059 -16.908)
(-101.738 -0.472528 -41.6884 -4.79489 -0.181126 -17.0824)
(-94.1087 0.459534 -38.7205 -4.52791 0.178232 -15.9313)
(-93.2133 1.04439 -38.3323 -3.31227 0.423463 -15.7635)
(-92.7559 0.856815 -38.1322 -2.60304 0.349315 -15.6762)
(-92.5623 0.320193 -38.0469 -2.28343 0.130747 -15.6388)
(-92.5623 -0.320193 -38.0469 -2.28343 -0.130747 -15.6388)
(-92.7559 -0.856815 -38.1322 -2.60305 -0.349315 -15.6762)
(-93.2133 -1.04439 -38.3323 -3.31227 -0.423463 -15.7635)
(-94.1087 -0.459534 -38.7205 -4.52791 -0.178232 -15.9313)
(-86.7879 0.445918 -35.8425 -4.26465 0.17482 -14.8026)
(-85.927 1.00445 -35.4694 -3.11934 0.409426 -14.6413)
(-85.4878 0.823181 -35.2775 -2.45086 0.337172 -14.5576)
(-85.3021 0.307533 -35.1958 -2.14925 0.126141 -14.5219)
(-85.3021 -0.307533 -35.1958 -2.14925 -0.126141 -14.5219)
(-85.4878 -0.823181 -35.2775 -2.45087 -0.337172 -14.5576)
(-85.927 -1.00445 -35.4694 -3.11934 -0.409426 -14.6413)
(-86.7879 -0.445918 -35.8425 -4.26465 -0.17482 -14.8026)
(-79.7732 0.431712 -33.0583 -4.0057 0.170916 -13.6995)
(-78.9467 0.96431 -32.7003 -2.92927 0.394977 -13.5447)
(-78.5256 0.789502 -32.5166 -2.30045 0.324763 -13.4647)
(-78.3477 0.294869 -32.4384 -2.01631 0.121445 -13.4306)
(-78.3477 -0.294869 -32.4384 -2.01631 -0.121445 -13.4306)
(-78.5256 -0.789502 -32.5166 -2.30045 -0.324763 -13.4647)
(-78.9467 -0.96431 -32.7003 -2.92927 -0.394977 -13.5447)
(-79.7732 -0.431712 -33.0583 -4.0057 -0.170916 -13.6995)
(-73.0625 0.416948 -30.3714 -3.75162 0.166545 -12.6251)
(-72.27 0.923995 -30.0285 -2.74248 0.380146 -12.477)
(-71.8671 0.755782 -29.8528 -2.1522 0.312108 -12.4006)
(-71.6969 0.282201 -29.7783 -1.88501 0.116664 -12.368)
(-71.6969 -0.282201 -29.7783 -1.88501 -0.116664 -12.368)
(-71.8671 -0.755782 -29.8528 -2.1522 -0.312108 -12.4006)
(-72.27 -0.923995 -30.0285 -2.74248 -0.380146 -12.477)
(-73.0625 -0.416948 -30.3714 -3.75162 -0.166545 -12.6251)
(-66.6536 0.401655 -27.7851 -3.5029 0.161734 -11.5824)
(-65.895 0.883511 -27.4571 -2.5594 0.36496 -11.4408)
(-65.5099 0.722026 -27.2895 -2.00652 0.299228 -11.368)
(-65.3475 0.26953 -27.2184 -1.75571 0.111806 -11.337)
(-65.3475 -0.26953 -27.2184 -1.75572 -0.111806 -11.337)
(-65.5099 -0.722026 -27.2895 -2.00652 -0.299228 -11.368)
(-65.895 -0.883511 -27.4571 -2.5594 -0.36496 -11.4408)
(-66.6536 -0.401655 -27.7851 -3.5029 -0.161734 -11.5824)
(-60.5448 0.385862 -25.3022 -3.26004 0.156509 -10.574)
(-59.8196 0.842869 -24.989 -2.38041 0.349446 -10.4389)
(-59.4521 0.688235 -24.8293 -1.86373 0.286142 -10.3696)
(-59.2973 0.256857 -24.7617 -1.62877 0.106878 -10.3401)
(-59.2973 -0.256857 -24.7617 -1.62877 -0.106878 -10.3401)
(-59.4521 -0.688235 -24.8293 -1.86374 -0.286142 -10.3696)
(-59.8196 -0.842869 -24.989 -2.38041 -0.349446 -10.4389)
(-60.5448 -0.385862 -25.3022 -3.26004 -0.156509 -10.574)
(-54.7344 0.3696 -22.9255 -3.02347 0.150898 -9.60231)
(-54.042 0.802083 -22.6267 -2.20584 0.333634 -9.47355)
(-53.6919 0.654416 -22.4748 -1.72414 0.272868 -9.40773)
(-53.5446 0.244184 -22.4107 -1.50444 0.101887 -9.37981)
(-53.5446 -0.244184 -22.4107 -1.50445 -0.101887 -9.37981)
(-53.6919 -0.654416 -22.4748 -1.72415 -0.272868 -9.40773)
(-54.042 -0.802083 -22.6267 -2.20584 -0.333634 -9.47355)
(-54.7344 -0.3696 -22.9255 -3.02346 -0.150898 -9.60231)
(-49.2209 0.352896 -20.6573 -2.79365 0.144925 -8.66954)
(-48.5606 0.761166 -20.3728 -2.03606 0.317551 -8.54704)
(-48.2275 0.620576 -20.2285 -1.58808 0.259427 -8.48461)
(-48.0876 0.231511 -20.1676 -1.38305 0.0968381 -8.45818)
(-48.0876 -0.231511 -20.1676 -1.38305 -0.0968382 -8.45818)
(-48.2275 -0.620576 -20.2285 -1.58808 -0.259427 -8.48461)
(-48.5606 -0.761166 -20.3728 -2.03606 -0.317551 -8.54704)
(-49.2209 -0.352896 -20.6573 -2.79365 -0.144925 -8.66954)
(-44.0029 0.33577 -18.4997 -2.57104 0.138614 -7.77769)
(-43.3741 0.720113 -18.2291 -1.87145 0.301214 -7.6613)
(-43.0576 0.586706 -18.0923 -1.45589 0.245831 -7.60217)
(-42.9248 0.218836 -18.0347 -1.26495 0.0917377 -7.5772)
(-42.9248 -0.218837 -18.0347 -1.26496 -0.0917378 -7.5772)
(-43.0576 -0.586706 -18.0923 -1.4559 -0.245831 -7.60217)
(-43.3741 -0.720113 -18.2291 -1.87145 -0.301214 -7.6613)
(-44.0029 -0.33577 -18.4997 -2.57104 -0.138614 -7.77769)
(-39.0791 0.318237 -16.4548 -2.35591 0.131986 -6.92851)
(-38.4808 0.678917 -16.1977 -1.71221 0.284642 -6.81805)
(-38.1805 0.552793 -16.0681 -1.32779 0.232089 -6.76215)
(-38.0548 0.206153 -16.0136 -1.15037 0.0865877 -6.7386)
(-38.0548 -0.206153 -16.0136 -1.15037 -0.0865878 -6.7386)
(-38.1805 -0.552793 -16.0681 -1.32779 -0.232089 -6.76215)
(-38.4808 -0.678917 -16.1977 -1.71221 -0.284642 -6.81806)
(-39.0791 -0.318237 -16.4548 -2.35591 -0.131986 -6.92851)
(-34.4483 0.30032 -14.524 -2.1485 0.125063 -6.12356)
(-33.8797 0.637573 -14.28 -1.55857 0.267851 -6.01886)
(-33.5952 0.51882 -14.1574 -1.20393 0.21821 -5.96607)
(-33.4763 0.193453 -14.106 -1.03944 0.0813901 -5.94391)
(-33.4763 -0.193453 -14.106 -1.03944 -0.0813902 -5.94391)
(-33.5952 -0.51882 -14.1574 -1.20393 -0.21821 -5.96607)
(-33.8797 -0.637573 -14.28 -1.55857 -0.267851 -6.01886)
(-34.4483 -0.30032 -14.524 -2.1485 -0.125063 -6.12356)
(-30.1094 0.282031 -12.7088 -1.9491 0.117865 -5.36422)
(-29.5696 0.596056 -12.4774 -1.41071 0.250849 -5.26509)
(-29.3003 0.484758 -12.3616 -1.0845 0.204193 -5.21531)
(-29.1882 0.180723 -12.3133 -0.93232 0.0761444 -5.19448)
(-29.1882 -0.180723 -12.3133 -0.93232 -0.0761445 -5.19448)
(-29.3003 -0.484758 -12.3616 -1.0845 -0.204193 -5.21531)
(-29.5696 -0.596056 -12.4774 -1.41071 -0.250849 -5.26508)
(-30.1094 -0.282031 -12.7088 -1.9491 -0.117865 -5.36422)
(-26.0615 0.263369 -11.0104 -1.75795 0.110405 -4.65168)
(-25.5494 0.554315 -10.7913 -1.2688 0.233633 -4.5579)
(-25.295 0.450554 -10.6821 -0.96963 0.19003 -4.51104)
(-25.1894 0.167944 -10.6367 -0.829088 0.0708469 -4.49151)
(-25.1894 -0.167944 -10.6367 -0.829088 -0.070847 -4.49151)
(-25.295 -0.450554 -10.6821 -0.96963 -0.19003 -4.51104)
(-25.5494 -0.554315 -10.7913 -1.2688 -0.233633 -4.5579)
(-26.0615 -0.263369 -11.0104 -1.75795 -0.110405 -4.65168)
(-22.3036 0.244314 -9.42992 -1.57526 0.102687 -3.98696)
(-21.8182 0.512257 -9.2225 -1.13301 0.216179 -3.89833)
(-21.5783 0.416123 -9.11973 -0.859381 0.175697 -3.8543)
(-21.4793 0.155082 -9.0772 -0.729829 0.0654882 -3.83605)
(-21.4793 -0.155082 -9.0772 -0.729829 -0.0654883 -3.83605)
(-21.5783 -0.416123 -9.11973 -0.859381 -0.175698 -3.8543)
(-21.8182 -0.512256 -9.2225 -1.13301 -0.216179 -3.89833)
(-22.3036 -0.244314 -9.42992 -1.57526 -0.102687 -3.98696)
(-18.8348 0.22482 -7.96809 -1.40121 0.0947038 -3.37091)
(-18.3754 0.469733 -7.77201 -1.00342 0.19844 -3.28724)
(-18.1498 0.38133 -7.67554 -0.753794 0.161149 -3.24598)
(-18.0573 0.142083 -7.6359 -0.634554 0.060049 -3.229)
(-18.0573 -0.142083 -7.6359 -0.634554 -0.060049 -3.229)
(-18.1498 -0.38133 -7.67554 -0.753794 -0.161149 -3.24598)
(-18.3754 -0.469733 -7.77201 -1.00342 -0.19844 -3.28724)
(-18.8348 -0.22482 -7.96809 -1.4012 -0.0947038 -3.37091)
(-15.6544 0.204799 -6.6256 -1.23595 0.0864297 -2.80424)
(-15.2202 0.426512 -6.44054 -0.880087 0.180332 -2.72537)
(-15.0091 0.345973 -6.35039 -0.652866 0.146309 -2.68687)
(-14.9233 0.128871 -6.31371 -0.543224 0.0545009 -2.67118)
(-14.9233 -0.128871 -6.31371 -0.543224 -0.0545009 -2.67118)
(-15.0091 -0.345973 -6.35039 -0.652865 -0.146309 -2.68687)
(-15.2202 -0.426512 -6.44054 -0.880085 -0.180332 -2.72537)
(-15.6544 -0.204799 -6.6256 -1.23594 -0.0864297 -2.80423)
(-12.7616 0.184113 -5.40297 -1.07957 0.0778164 -2.28749)
(-12.3524 0.38226 -5.22878 -0.763037 0.161727 -2.21335)
(-12.1562 0.30978 -5.14513 -0.556544 0.131073 -2.17769)
(-12.0776 0.115345 -5.11158 -0.455765 0.0488051 -2.16336)
(-12.0776 -0.115346 -5.11158 -0.455765 -0.0488052 -2.16336)
(-12.1562 -0.30978 -5.14513 -0.556543 -0.131073 -2.17769)
(-12.3524 -0.38226 -5.22878 -0.763034 -0.161727 -2.21335)
(-12.7616 -0.184113 -5.40297 -1.07957 -0.0778164 -2.28749)
(-10.1558 0.162553 -4.3006 -0.932124 0.0687866 -1.82114)
(-9.77209 0.336527 -4.13744 -0.652242 0.142446 -1.75177)
(-9.59193 0.272409 -4.06074 -0.464763 0.115305 -1.71911)
(-9.52126 0.101388 -4.03061 -0.372122 0.0429145 -1.70627)
(-9.52126 -0.101388 -4.03061 -0.372122 -0.0429146 -1.70627)
(-9.59193 -0.272409 -4.06074 -0.464762 -0.115305 -1.71911)
(-9.77209 -0.336527 -4.13744 -0.65224 -0.142446 -1.75177)
(-10.1558 -0.162553 -4.3006 -0.932121 -0.0687866 -1.82114)
(-7.83685 0.139848 -3.3189 -0.793554 0.059234 -1.40555)
(-7.48019 0.288783 -3.16742 -0.547677 0.122277 -1.34122)
(-7.31794 0.233503 -3.09843 -0.377572 0.0988607 -1.31188)
(-7.25621 0.0868843 -3.07215 -0.292431 0.0367836 -1.30069)
(-7.25621 -0.0868846 -3.07215 -0.29243 -0.0367837 -1.30069)
(-7.31793 -0.233503 -3.09842 -0.37757 -0.0988607 -1.31188)
(-7.48018 -0.288783 -3.16742 -0.547675 -0.122277 -1.34122)
(-7.83685 -0.139848 -3.3189 -0.793549 -0.059234 -1.40555)
(-5.80531 0.115683 -2.45854 -0.663706 0.049034 -1.04119)
(-5.47903 0.238526 -2.32009 -0.44943 0.101017 -0.98244)
(-5.33738 0.192815 -2.25992 -0.295373 0.0816442 -0.956882)
(-5.28587 0.0717798 -2.23802 -0.217318 0.030392 -0.947568)
(-5.28586 -0.07178 -2.23802 -0.217317 -0.030392 -0.947568)
(-5.33737 -0.192815 -2.25992 -0.29537 -0.0816442 -0.956882)
(-5.47902 -0.238526 -2.32009 -0.449427 -0.101017 -0.982439)
(-5.80531 -0.115683 -2.45854 -0.663701 -0.049034 -1.04119)
(-4.06374 0.0897978 -1.72084 -0.542264 0.0380848 -0.728709)
(-3.77338 0.185572 -1.59773 -0.357919 0.0785983 -0.676516)
(-3.65561 0.150475 -1.54776 -0.21941 0.0637174 -0.65531)
(-3.61553 0.0561807 -1.53073 -0.148521 0.0237872 -0.648078)
(-3.61553 -0.0561804 -1.53073 -0.148519 -0.023787 -0.648078)
(-3.6556 -0.150475 -1.54776 -0.219407 -0.0637173 -0.655309)
(-3.77337 -0.185572 -1.59773 -0.357916 -0.0785983 -0.676516)
(-4.06374 -0.089798 -1.72084 -0.542263 -0.0380849 -0.728709)
(-2.61798 0.0622573 -1.10844 -0.428587 0.0264209 -0.469309)
(-2.37172 0.130664 -1.00411 -0.274412 0.0553436 -0.425108)
(-2.28095 0.107446 -0.965624 -0.152684 0.0454942 -0.408791)
(-2.25297 0.0405056 -0.953752 -0.0898802 0.0171486 -0.403752)
(-2.25297 -0.0405042 -0.95375 -0.0898774 -0.0171481 -0.403752)
(-2.28094 -0.107446 -0.965622 -0.152681 -0.0454941 -0.40879)
(-2.37172 -0.130664 -1.00411 -0.274412 -0.0553439 -0.425108)
(-2.61798 -0.062258 -1.10844 -0.428595 -0.0264212 -0.469311)
(-1.47896 0.0339949 -0.626053 -0.321251 0.0144438 -0.265013)
(-1.28727 0.0764771 -0.544891 -0.201415 0.032394 -0.230648)
(-1.22513 0.0661234 -0.518566 -0.100715 0.0279942 -0.219495)
(-1.20878 0.025651 -0.51163 -0.048137 0.010858 -0.216554)
(-1.20878 -0.0256486 -0.511631 -0.0481379 -0.010857 -0.216554)
(-1.22514 -0.0661237 -0.518567 -0.100718 -0.0279944 -0.219495)
(-1.28728 -0.076479 -0.544894 -0.201422 -0.0323948 -0.230649)
(-1.47897 -0.0339959 -0.626057 -0.32126 -0.0144443 -0.265015)
(-0.66207 0.00753947 -0.280192 -0.220402 0.00322964 -0.118579)
(-0.535385 0.0285091 -0.226576 -0.145677 0.0120827 -0.0958872)
(-0.501514 0.0306577 -0.212236 -0.07544 0.012979 -0.0898162)
(-0.494961 0.013039 -0.209458 -0.0366051 0.00551859 -0.0886389)
(-0.494976 -0.0130388 -0.209465 -0.0366196 -0.00551849 -0.0886416)
(-0.501531 -0.0306587 -0.212243 -0.0754571 -0.0129795 -0.0898193)
(-0.535398 -0.0285104 -0.226581 -0.145691 -0.0120832 -0.0958896)
(-0.662066 -0.0075397 -0.28019 -0.220387 -0.00322973 -0.118578)
(-0.167889 -0.0113548 -0.0710362 -0.1236 -0.0047833 -0.0300565)
(-0.114754 -0.00401248 -0.0485558 -0.124107 -0.00168194 -0.0205454)
(-0.107782 0.00642456 -0.0456061 -0.100737 0.00272585 -0.0192974)
(-0.108672 0.00431543 -0.0459816 -0.0799256 0.00182785 -0.0194559)
(-0.108691 -0.00432161 -0.0459896 -0.0799483 -0.00183046 -0.0194593)
(-0.107802 -0.00642349 -0.0456144 -0.10076 -0.0027254 -0.019301)
(-0.114752 0.00401392 -0.0485551 -0.124101 0.00168255 -0.0205451)
(-0.167885 0.0113552 -0.0710347 -0.123595 0.00478345 -0.0300558)
(0.0385352 -0.0128434 0.0162974 0.0134033 -0.00543641 0.00689251)
(0.0212672 -0.00755465 0.00898419 -0.0819524 -0.00318537 0.00379531)
(0.0123738 -0.00089497 0.00522157 -0.117205 -0.000368994 0.0022034)
(0.00691183 0.00063929 0.00291082 -0.116576 0.000273647 0.00122583)
(0.00692407 -0.000643436 0.00291595 -0.116543 -0.000275404 0.00122798)
(0.0123878 0.000896078 0.00522744 -0.117177 0.000369464 0.00220587)
(0.0212748 0.00755601 0.00898748 -0.0819638 0.00318595 0.00379672)
(0.0385514 0.0128439 0.0163042 0.0134353 0.00543665 0.0068954)
)
;
    }
    bottom
    {
        type            calculated;
        value           nonuniform List<symmTensor> 
640
(
(1342.67 120.818 63.8522 55.6021 6.19208 -0.968043)
(1262.42 128.058 75.8882 125.059 8.724 0.556985)
(1264.25 74.7834 86.0313 151.029 5.82022 1.83961)
(1270.37 23.7807 90.784 159.32 1.92971 2.46763)
(1270.37 -23.7807 90.784 159.32 -1.92971 2.46763)
(1264.25 -74.7834 86.0313 151.029 -5.82022 1.83961)
(1262.42 -128.058 75.8882 125.059 -8.724 0.556985)
(1342.67 -120.818 63.8522 55.6021 -6.19208 -0.968043)
(1115.13 45.3054 39.1161 10.6332 1.78541 -2.62961)
(1129.51 65.2219 42.6993 43.3268 3.02706 -2.38406)
(1120.73 44.2854 44.0943 74.6066 2.3368 -2.26663)
(1116.12 15.0837 44.8516 86.3568 0.819956 -2.20354)
(1116.12 -15.0837 44.8516 86.3568 -0.819956 -2.20354)
(1120.73 -44.2854 44.0943 74.6066 -2.3368 -2.26663)
(1129.51 -65.2219 42.6993 43.3268 -3.02706 -2.38406)
(1115.13 -45.3054 39.1161 10.6332 -1.78541 -2.62961)
(1076.16 17.85 45.8966 1.31993 0.856334 -2.04791)
(1107.23 30.1346 48.4285 17.9632 1.60519 -1.8854)
(1110.75 22.9063 48.5611 39.5109 1.34887 -1.8817)
(1109.46 8.40754 48.6373 49.4372 0.505777 -1.8751)
(1109.46 -8.40754 48.6373 49.4372 -0.505777 -1.8751)
(1110.75 -22.9063 48.5611 39.5109 -1.34887 -1.8817)
(1107.23 -30.1346 48.4285 17.9632 -1.60519 -1.8854)
(1076.16 -17.85 45.8966 1.31993 -0.856334 -2.04791)
(1052.29 6.67151 58.9107 -1.14337 0.432695 -0.713151)
(1079.89 12.089 61.3443 10.1961 0.886385 -0.525215)
(1089.31 10.2005 61.9249 24.6954 0.814183 -0.49061)
(1091.06 4.01356 62.0852 32.3084 0.324328 -0.47977)
(1091.06 -4.01356 62.0852 32.3084 -0.324328 -0.47977)
(1089.31 -10.2005 61.9249 24.6954 -0.814183 -0.49061)
(1079.89 -12.089 61.3443 10.1961 -0.886385 -0.525215)
(1052.29 -6.67151 58.9107 -1.14337 -0.432695 -0.713151)
(1031.39 1.47047 72.0504 -3.04101 0.123883 1.01429)
(1051.21 3.10848 73.9098 5.14824 0.35325 1.17883)
(1060.88 3.23506 74.741 15.0484 0.387545 1.24721)
(1063.89 1.42902 75.0326 20.5605 0.16738 1.27217)
(1063.89 -1.42902 75.0326 20.5605 -0.16738 1.27217)
(1060.88 -3.23506 74.741 15.0484 -0.387545 1.24721)
(1051.21 -3.10848 73.9098 5.14824 -0.35325 1.17883)
(1031.39 -1.47047 72.0504 -3.04101 -0.123883 1.01429)
(1009.02 -1.04875 84.2271 -4.49632 -0.0985941 3.00274)
(1022.1 -1.17349 85.4672 1.96415 -0.00785817 3.12017)
(1029.87 -0.33563 86.2354 9.12713 0.0844813 3.19389)
(1032.86 0.0393121 86.558 13.1492 0.0509131 3.22608)
(1032.86 -0.039312 86.558 13.1492 -0.0509131 3.22608)
(1029.87 0.33563 86.2354 9.12713 -0.0844813 3.19389)
(1022.1 1.17349 85.4672 1.96415 0.00785817 3.12017)
(1009.02 1.04875 84.2271 -4.49632 0.0985941 3.00274)
(984.213 -2.26985 95.206 -5.62128 -0.255972 5.17145)
(992.289 -3.14166 95.9251 -0.100831 -0.243592 5.23679)
(997.798 -2.06445 96.4982 5.45826 -0.117153 5.29589)
(1000.2 -0.657133 96.7743 8.51452 -0.0281725 5.32616)
(1000.2 0.657133 96.7743 8.51452 0.0281725 5.32616)
(997.798 2.06445 96.4982 5.45826 0.117153 5.29589)
(992.289 3.14166 95.9251 -0.100831 0.243592 5.23679)
(984.213 2.26985 95.206 -5.62128 0.255972 5.17145)
(957.378 -2.83776 104.956 -6.49498 -0.366678 7.45697)
(962.007 -3.99284 105.267 -1.49054 -0.397527 7.47161)
(965.593 -2.84519 105.623 3.11776 -0.248479 7.50655)
(967.295 -0.98159 105.817 5.56732 -0.0799747 7.5283)
(967.295 0.98159 105.817 5.56732 0.0799747 7.5283)
(965.593 2.84519 105.623 3.11776 0.248479 7.50655)
(962.007 3.99284 105.267 -1.49054 0.397527 7.47161)
(957.378 2.83776 104.956 -6.49499 0.366678 7.45697)
(929.133 -3.07311 113.514 -7.17876 -0.445167 9.80721)
(931.526 -4.31162 113.526 -2.45744 -0.500528 9.77682)
(933.68 -3.15654 113.692 1.57531 -0.334949 9.78525)
(934.769 -1.11686 113.801 3.6453 -0.113934 9.79539)
(934.769 1.11686 113.801 3.6453 0.113934 9.79539)
(933.68 3.15654 113.692 1.57531 0.334949 9.78525)
(931.526 4.31162 113.526 -2.45744 0.500528 9.77682)
(929.133 3.07311 113.514 -7.17876 0.445167 9.80721)
(900.035 -3.14147 120.945 -7.72229 -0.502129 12.1785)
(901.056 -4.38421 120.753 -3.15919 -0.572932 12.111)
(902.229 -3.24527 120.77 0.513317 -0.394329 12.0949)
(902.855 -1.16052 120.806 2.34197 -0.136986 12.093)
(902.855 1.16052 120.806 2.34197 0.136986 12.093)
(902.229 3.24527 120.77 0.513316 0.394329 12.0949)
(901.056 4.38421 120.753 -3.15919 0.572932 12.111)
(900.035 3.14147 120.945 -7.72229 0.502129 12.1785)
(870.535 -3.12792 127.322 -8.1616 -0.544799 14.5346)
(870.765 -4.34889 127.001 -3.69234 -0.627277 14.4384)
(871.31 -3.23449 126.912 -0.257187 -0.437894 14.4015)
(871.619 -1.16234 126.892 1.41253 -0.153645 14.3889)
(871.619 1.16234 126.892 1.41253 0.153645 14.3889)
(871.31 3.23449 126.912 -0.257188 0.437894 14.4015)
(870.765 4.34889 127.001 -3.69234 0.627277 14.4384)
(870.535 3.12792 127.322 -8.1616 0.544799 14.5346)
(840.97 -3.07528 132.722 -8.52168 -0.577757 16.8451)
(840.789 -4.2703 132.329 -4.11473 -0.670818 16.7281)
(840.959 -3.18305 132.172 -0.847146 -0.472279 16.675)
(841.066 -1.14658 132.112 0.712292 -0.166612 16.6536)
(841.066 1.14658 132.112 0.712292 0.166612 16.6536)
(840.959 3.18305 132.172 -0.847146 0.472279 16.675)
(840.789 4.2703 132.329 -4.11473 0.670818 16.7281)
(840.97 3.07528 132.722 -8.52168 0.577757 16.8451)
(811.586 -3.00464 137.221 -8.81977 -0.603798 19.0852)
(811.231 -4.17709 136.796 -4.46106 -0.707518 18.9542)
(811.199 -3.11757 136.599 -1.32143 -0.50114 18.8893)
(811.188 -1.12438 136.514 0.15641 -0.177394 18.8613)
(811.188 1.12438 136.514 0.156409 0.177394 18.8612)
(811.199 3.11757 136.599 -1.32143 0.50114 18.8893)
(811.231 4.17709 136.796 -4.46106 0.707518 18.9542)
(811.586 3.00464 137.221 -8.81977 0.603798 19.0852)
(782.557 -2.92618 140.889 -9.06792 -0.624608 21.2341)
(782.17 -4.08099 140.459 -4.75232 -0.73943 21.0948)
(782.046 -3.04909 140.244 -1.71806 -0.526366 21.0221)
(781.976 -1.10053 140.146 -0.3048 -0.186778 20.9893)
(781.976 1.10053 140.146 -0.3048 0.186778 20.9893)
(782.046 3.04909 140.244 -1.71806 0.526366 21.0221)
(782.17 4.08099 140.459 -4.75232 0.73943 21.0948)
(782.557 2.92618 140.889 -9.06792 0.624608 21.2341)
(754.001 -2.84477 143.79 -9.27469 -0.641219 23.2747)
(753.665 -3.98615 143.377 -5.00147 -0.767571 23.1317)
(753.518 -2.98158 143.158 -2.05946 -0.548872 23.0544)
(753.426 -1.07681 143.055 -0.700547 -0.195151 23.0186)
(753.426 1.07681 143.055 -0.700547 0.195151 23.0186)
(753.518 2.98158 143.158 -2.05946 0.548872 23.0544)
(753.665 3.98615 143.377 -5.00147 0.767571 23.1317)
(754.001 2.84477 143.79 -9.27469 0.641219 23.2747)
(725.997 -2.7627 145.987 -9.44625 -0.654292 25.193)
(725.756 -3.89363 145.601 -5.21669 -0.792439 25.0501)
(725.628 -2.91604 145.389 -2.3591 -0.569074 24.9708)
(725.537 -1.05372 145.286 -1.04821 -0.202688 24.9334)
(725.537 1.05372 145.286 -1.04821 0.202688 24.9334)
(725.628 2.91604 145.389 -2.3591 0.569075 24.9708)
(725.756 3.89363 145.601 -5.21669 0.792439 25.0501)
(725.997 2.7627 145.987 -9.44625 0.654292 25.193)
(698.599 -2.68109 147.534 -9.58712 -0.664284 26.9779)
(698.474 -3.80337 147.183 -5.40335 -0.814296 26.8379)
(698.387 -2.85242 146.984 -2.62526 -0.587165 26.7586)
(698.31 -1.03131 146.886 -1.35833 -0.209468 26.7207)
(698.31 1.03131 146.886 -1.35833 0.209468 26.7207)
(698.387 2.85242 146.984 -2.62526 0.587165 26.7586)
(698.474 3.80337 147.183 -5.40335 0.814296 26.8379)
(698.599 2.68109 147.534 -9.58712 0.664284 26.9779)
(671.837 -2.6005 148.483 -9.70065 -0.671534 28.6205)
(671.837 -3.71507 148.173 -5.5651 -0.833309 28.4857)
(671.801 -2.79037 147.991 -2.86323 -0.603244 28.4081)
(671.747 -1.00945 147.9 -1.63752 -0.215529 28.3705)
(671.747 1.00945 147.9 -1.63752 0.215529 28.3705)
(671.801 2.79037 147.991 -2.86323 0.603244 28.4081)
(671.837 3.71507 148.173 -5.5651 0.833309 28.4857)
(671.837 2.6005 148.483 -9.70065 0.671534 28.6205)
(645.733 -2.52124 148.883 -9.78939 -0.676317 30.1143)
(645.856 -3.62842 148.615 -5.70456 -0.849614 29.9865)
(645.877 -2.72955 148.453 -3.07654 -0.617382 29.9116)
(645.847 -0.988025 148.37 -1.8901 -0.220897 29.8751)
(645.847 0.988025 148.37 -1.8901 0.220897 29.8751)
(645.877 2.72955 148.453 -3.07654 0.617382 29.9116)
(645.856 3.62842 148.615 -5.70456 0.849614 29.9865)
(645.733 2.52124 148.883 -9.78939 0.676317 30.1143)
(620.295 -2.44349 148.779 -9.85531 -0.678865 31.4545)
(620.538 -3.54323 148.554 -5.82363 -0.863341 31.3351)
(620.615 -2.66975 148.413 -3.26767 -0.62965 31.264)
(620.611 -0.966953 148.339 -2.11901 -0.225593 31.229)
(620.611 0.966953 148.339 -2.11901 0.225593 31.229)
(620.615 2.66975 148.413 -3.26767 0.62965 31.264)
(620.538 3.54323 148.554 -5.82363 0.863341 31.3351)
(620.295 2.44349 148.779 -9.85531 0.678865 31.4545)
(595.53 -2.36734 148.211 -9.89993 -0.67938 32.6383)
(595.883 -3.45936 148.03 -5.9238 -0.874616 32.5284)
(596.014 -2.61081 147.911 -3.43842 -0.64012 32.4618)
(596.035 -0.946169 147.846 -2.32635 -0.229642 32.4286)
(596.035 0.946169 147.846 -2.32635 0.229642 32.4286)
(596.014 2.61081 147.911 -3.43842 0.64012 32.4618)
(595.883 3.45936 148.03 -5.9238 0.874616 32.5284)
(595.53 2.36734 148.211 -9.89993 0.67938 32.6383)
(571.435 -2.29285 147.222 -9.92448 -0.678043 33.6644)
(571.891 -3.37672 147.083 -6.00625 -0.883565 33.5649)
(572.073 -2.55264 146.985 -3.59019 -0.648868 33.5033)
(572.118 -0.925636 146.93 -2.5137 -0.233069 33.4722)
(572.118 0.925636 146.93 -2.5137 0.233069 33.4722)
(572.073 2.55264 146.985 -3.59019 0.648868 33.5033)
(571.891 3.37672 147.083 -6.00625 0.883565 33.5649)
(571.435 2.29285 147.222 -9.92448 0.678043 33.6644)
(548.008 -2.22005 145.847 -9.93001 -0.675016 34.533)
(548.557 -3.29525 145.749 -6.07194 -0.89031 34.4445)
(548.786 -2.49516 145.673 -3.7241 -0.65597 34.3883)
(548.853 -0.905332 145.627 -2.68231 -0.2359 34.3596)
(548.853 0.905332 145.627 -2.68231 0.2359 34.3596)
(548.786 2.49516 145.673 -3.7241 0.65597 34.3883)
(548.557 3.29525 145.749 -6.07194 0.89031 34.4445)
(548.008 2.22005 145.847 -9.93001 0.675016 34.533)
(525.243 -2.14893 144.122 -9.9174 -0.670449 35.2455)
(525.876 -3.21492 144.064 -6.12174 -0.894969 35.1685)
(526.147 -2.43835 144.008 -3.84109 -0.661502 35.118)
(526.235 -0.88524 143.972 -2.8332 -0.238161 35.0918)
(526.235 0.88524 143.972 -2.83321 0.238161 35.0918)
(526.147 2.43835 144.008 -3.84109 0.661502 35.118)
(525.876 3.21492 144.064 -6.12174 0.894969 35.1685)
(525.243 2.14893 144.122 -9.9174 0.670449 35.2455)
(503.133 -2.07948 142.08 -9.88747 -0.664479 35.8045)
(503.841 -3.13568 142.061 -6.15639 -0.897655 35.7392)
(504.15 -2.38216 142.024 -3.94199 -0.665536 35.6946)
(504.256 -0.865349 141.997 -2.96726 -0.239878 35.671)
(504.256 0.865349 141.997 -2.96726 0.239878 35.671)
(504.15 2.38216 142.024 -3.94199 0.665536 35.6946)
(503.841 3.13568 142.061 -6.15639 0.897655 35.7392)
(503.133 2.07948 142.08 -9.88746 0.664479 35.8045)
(481.67 -2.01168 139.753 -9.84096 -0.657236 36.2136)
(482.443 -3.05751 139.77 -6.17658 -0.898476 36.1602)
(482.785 -2.32658 139.752 -4.02754 -0.668146 36.1215)
(482.908 -0.845648 139.733 -3.08527 -0.241074 36.1006)
(482.908 0.845648 139.733 -3.08527 0.241074 36.1006)
(482.785 2.32658 139.752 -4.02754 0.668146 36.1215)
(482.443 3.05751 139.77 -6.17658 0.898476 36.1602)
(481.67 2.01168 139.753 -9.84096 0.657236 36.2136)
(460.843 -1.94551 137.171 -9.77859 -0.648839 36.4772)
(461.674 -2.98037 137.222 -6.18296 -0.897538 36.4356)
(462.045 -2.27157 137.221 -4.09841 -0.669399 36.403)
(462.182 -0.826131 137.21 -3.18794 -0.241775 36.3848)
(462.182 0.826131 137.21 -3.18794 0.241775 36.3848)
(462.045 2.27157 137.221 -4.09841 0.669399 36.403)
(461.674 2.98037 137.222 -6.18296 0.897538 36.4356)
(460.843 1.94551 137.171 -9.77859 0.648839 36.4772)
(440.643 -1.88095 134.362 -9.70106 -0.639402 36.6004)
(441.522 -2.90424 134.444 -6.17615 -0.894943 36.5706)
(441.918 -2.21714 134.459 -4.15527 -0.669365 36.5439)
(442.069 -0.806793 134.456 -3.27596 -0.242003 36.5285)
(442.069 0.806793 134.456 -3.27596 0.242003 36.5285)
(441.918 2.21714 134.459 -4.15527 0.669365 36.5439)
(441.522 2.90424 134.444 -6.17615 0.894943 36.5706)
(440.643 1.88095 134.362 -9.70106 0.639402 36.6004)
(421.058 -1.81795 131.351 -9.60904 -0.629032 36.5891)
(421.978 -2.82912 131.462 -6.15675 -0.89079 36.5708)
(422.395 -2.16326 131.493 -4.19874 -0.668111 36.55)
(422.557 -0.787629 131.497 -3.34995 -0.241782 36.5372)
(422.557 0.787629 131.497 -3.34995 0.241783 36.5372)
(422.395 2.16326 131.493 -4.19874 0.668111 36.55)
(421.978 2.82912 131.462 -6.15675 0.89079 36.5708)
(421.058 1.81795 131.351 -9.60904 0.629032 36.5891)
(402.078 -1.75651 128.164 -9.50321 -0.617833 36.4496)
(403.03 -2.75498 128.302 -6.12535 -0.885176 36.4423)
(403.465 -2.10992 128.346 -4.22941 -0.665701 36.4273)
(403.636 -0.768637 128.357 -3.41056 -0.241136 36.4171)
(403.636 0.768637 128.357 -3.41056 0.241136 36.4171)
(403.465 2.10992 128.346 -4.22941 0.665701 36.4273)
(403.03 2.75498 128.302 -6.12535 0.885176 36.4423)
(402.078 1.75651 128.164 -9.50321 0.617833 36.4496)
(383.689 -1.6966 124.823 -9.38425 -0.605901 36.1885)
(384.668 -2.68183 124.985 -6.08253 -0.878196 36.1919)
(385.117 -2.05713 125.043 -4.2479 -0.662202 36.1824)
(385.295 -0.749817 125.059 -3.45839 -0.240087 36.1748)
(385.295 0.749817 125.059 -3.45839 0.240087 36.1748)
(385.117 2.05713 125.043 -4.2479 0.662202 36.1824)
(384.668 2.68183 124.985 -6.08253 0.878196 36.1919)
(383.689 1.6966 124.823 -9.38425 0.605901 36.1885)
(365.88 -1.63818 121.351 -9.25282 -0.593328 35.8127)
(366.879 -2.60965 121.535 -6.02886 -0.869943 35.8264)
(367.339 -2.00489 121.604 -4.25477 -0.657677 35.8222)
(367.523 -0.731168 121.626 -3.49403 -0.238656 35.817)
(367.523 0.731168 121.626 -3.49404 0.238656 35.817)
(367.339 2.00489 121.604 -4.25477 0.657677 35.8222)
(366.879 2.60965 121.535 -6.02886 0.869943 35.8264)
(365.88 1.63818 121.351 -9.25282 0.593328 35.8127)
(348.639 -1.58124 117.768 -9.1096 -0.5802 35.3297)
(349.651 -2.53845 117.971 -5.96491 -0.860506 35.3529)
(350.119 -1.95319 118.05 -4.2506 -0.652187 35.3538)
(350.308 -0.712692 118.078 -3.51808 -0.236867 35.351)
(350.308 0.712692 118.078 -3.51808 0.236867 35.351)
(350.119 1.95319 118.05 -4.2506 0.652187 35.3538)
(349.651 2.53845 117.971 -5.96491 0.860506 35.3529)
(348.639 1.58124 117.768 -9.1096 0.5802 35.3297)
(331.953 -1.52576 114.093 -8.95525 -0.566598 34.7468)
(332.972 -2.46822 114.313 -5.89122 -0.849971 34.779)
(333.445 -1.90204 114.401 -4.23595 -0.645795 34.7845)
(333.638 -0.694389 114.433 -3.5311 -0.234741 34.784)
(333.638 0.694389 114.433 -3.5311 0.234741 34.784)
(333.445 1.90204 114.401 -4.23595 0.645795 34.7845)
(332.972 2.46822 114.313 -5.89122 0.849971 34.779)
(331.953 1.52576 114.093 -8.95525 0.566598 34.7468)
(315.809 -1.47169 110.344 -8.79045 -0.552598 34.0714)
(316.831 -2.39895 110.578 -5.80836 -0.838422 34.1119)
(317.306 -1.85144 110.674 -4.21139 -0.638559 34.1219)
(317.501 -0.676261 110.71 -3.53368 -0.232299 34.1234)
(317.501 0.676261 110.71 -3.53368 0.232299 34.1234)
(317.306 1.85144 110.674 -4.2114 0.638559 34.1219)
(316.831 2.39895 110.578 -5.80836 0.838422 34.1119)
(315.809 1.47169 110.344 -8.79045 0.552598 34.0714)
(300.196 -1.41903 106.536 -8.61589 -0.538272 33.3111)
(301.216 -2.33065 106.783 -5.7169 -0.825938 33.3592)
(301.69 -1.80139 106.886 -4.17749 -0.630536 33.3733)
(301.887 -0.65831 106.925 -3.52639 -0.22956 33.3768)
(301.887 0.65831 106.925 -3.52639 0.22956 33.3768)
(301.69 1.80139 106.886 -4.17749 0.630536 33.3733)
(301.216 2.33065 106.783 -5.7169 0.825938 33.3592)
(300.196 1.41903 106.536 -8.61589 0.538272 33.3111)
(285.1 -1.36773 102.687 -8.43224 -0.523686 32.4735)
(286.113 -2.26332 102.944 -5.61737 -0.812597 32.5285)
(286.586 -1.75189 103.053 -4.13477 -0.621781 32.5463)
(286.782 -0.640536 103.095 -3.50977 -0.226546 32.5515)
(286.782 0.640536 103.095 -3.50978 0.226546 32.5515)
(286.586 1.75189 103.053 -4.13477 0.621781 32.5463)
(286.113 2.26332 102.944 -5.61737 0.812597 32.5285)
(285.1 1.36773 102.687 -8.43224 0.523686 32.4735)
(270.51 -1.31778 98.8094 -8.24015 -0.508902 31.566)
(271.512 -2.19694 99.0742 -5.5103 -0.79847 31.6271)
(271.98 -1.70295 99.1877 -4.08377 -0.612348 31.6482)
(272.175 -0.622941 99.2324 -3.48436 -0.223275 31.6551)
(272.175 0.622942 99.2324 -3.48437 0.223275 31.6551)
(271.98 1.70295 99.1877 -4.08377 0.612348 31.6482)
(271.512 2.19694 99.0742 -5.5103 0.79847 31.6271)
(270.51 1.31778 98.8094 -8.24015 0.508902 31.566)
(256.414 -1.26915 94.9174 -8.04029 -0.493975 30.5959)
(257.401 -2.1315 95.1881 -5.39622 -0.783628 30.6623)
(257.862 -1.65455 95.3052 -4.025 -0.602287 30.6865)
(258.056 -0.605525 95.3519 -3.45069 -0.219764 30.6948)
(258.056 0.605525 95.3519 -3.45069 0.219765 30.6948)
(257.862 1.65455 95.3052 -4.025 0.602287 30.6865)
(257.401 2.1315 95.1881 -5.39622 0.783628 30.6623)
(256.414 1.26915 94.9174 -8.04029 0.493975 30.5959)
(242.799 -1.2218 91.0232 -7.83331 -0.478957 29.5706)
(243.768 -2.067 91.2978 -5.27566 -0.768135 29.6415)
(244.221 -1.60671 91.4176 -3.95899 -0.591647 29.6683)
(244.412 -0.588287 91.4659 -3.40928 -0.216033 29.6779)
(244.412 0.588287 91.4659 -3.40929 0.216033 29.6779)
(244.221 1.60671 91.4176 -3.95899 0.591647 29.6683)
(243.768 2.067 91.2978 -5.27566 0.768135 29.6415)
(242.799 1.2218 91.0232 -7.83331 0.478957 29.5706)
(229.654 -1.1757 87.1383 -7.61989 -0.463895 28.4969)
(230.602 -2.00342 87.4149 -5.14914 -0.752053 28.5717)
(231.045 -1.55941 87.5365 -3.88625 -0.580472 28.6007)
(231.233 -0.571226 87.5859 -3.36066 -0.212096 28.6115)
(231.233 0.571226 87.5859 -3.36066 0.212096 28.6115)
(231.045 1.55941 87.5365 -3.88625 0.580472 28.6007)
(230.602 2.00342 87.4149 -5.14914 0.752053 28.5717)
(229.654 1.1757 87.1383 -7.61989 0.463895 28.4969)
(216.969 -1.13083 83.2732 -7.40066 -0.448832 27.3818)
(217.892 -1.94076 83.5502 -5.01717 -0.73544 27.4596)
(218.324 -1.51265 83.6726 -3.80729 -0.568807 27.4905)
(218.508 -0.554341 83.7228 -3.30533 -0.207971 27.5023)
(218.508 0.554341 83.7228 -3.30533 0.207971 27.5023)
(218.324 1.51265 83.6726 -3.80729 0.568807 27.4905)
(217.891 1.94076 83.5502 -5.01718 0.73544 27.4596)
(216.969 1.13083 83.2732 -7.40066 0.448832 27.3818)
(204.731 -1.08714 79.4379 -7.17628 -0.433807 26.232)
(205.627 -1.87898 79.7134 -4.88027 -0.718351 26.3121)
(206.047 -1.46642 79.8359 -3.72259 -0.556693 26.3445)
(206.226 -0.537631 79.8865 -3.24378 -0.203671 26.3571)
(206.226 0.537631 79.8865 -3.24379 0.203671 26.3571)
(206.047 1.46642 79.8359 -3.72259 0.556693 26.3445)
(205.627 1.87898 79.7134 -4.88027 0.718351 26.3121)
(204.731 1.08714 79.4379 -7.17628 0.433807 26.232)
(192.93 -1.04461 75.6412 -6.94738 -0.418855 25.0538)
(193.797 -1.81808 75.9139 -4.73893 -0.700836 25.1355)
(194.204 -1.42072 76.0357 -3.63264 -0.544169 25.169)
(194.378 -0.521092 76.0863 -3.17651 -0.199212 25.1823)
(194.378 0.521093 76.0863 -3.17651 0.199212 25.1823)
(194.204 1.42072 76.0357 -3.63264 0.544169 25.169)
(193.797 1.81808 75.9139 -4.73893 0.700836 25.1355)
(192.93 1.04461 75.6412 -6.94738 0.418855 25.0538)
(181.557 -1.00321 71.8916 -6.71461 -0.404007 23.8533)
(182.392 -1.75805 72.1599 -4.59365 -0.682944 23.936)
(182.785 -1.37553 72.2802 -3.53792 -0.531272 23.9703)
(182.953 -0.504724 72.3306 -3.10399 -0.194606 23.9841)
(182.953 0.504724 72.3306 -3.10399 0.194606 23.9841)
(182.785 1.37553 72.2802 -3.53792 0.531272 23.9703)
(182.392 1.75805 72.1599 -4.59365 0.682944 23.936)
(181.557 1.00321 71.8916 -6.71461 0.404007 23.8533)
(170.601 -0.962895 68.1966 -6.47858 -0.389289 22.6366)
(171.403 -1.69885 68.4592 -4.4449 -0.664719 22.7195)
(171.78 -1.33084 68.5775 -3.43889 -0.518037 22.7543)
(171.942 -0.488522 68.6272 -3.02669 -0.189868 22.7684)
(171.942 0.488522 68.6272 -3.02669 0.189868 22.7684)
(171.78 1.33085 68.5775 -3.43889 0.518037 22.7543)
(171.403 1.69885 68.4592 -4.4449 0.664719 22.7195)
(170.601 0.962895 68.1966 -6.47858 0.389289 22.6366)
(160.052 -0.923641 64.5634 -6.2399 -0.374726 21.4092)
(160.819 -1.64047 64.819 -4.29316 -0.646204 21.4916)
(161.18 -1.28666 64.9345 -3.33601 -0.504498 21.5266)
(161.336 -0.472484 64.9834 -2.94506 -0.185008 21.541)
(161.336 0.472484 64.9834 -2.94507 0.185008 21.541)
(161.18 1.28666 64.9345 -3.33602 0.504498 21.5266)
(160.819 1.64047 64.819 -4.29317 0.646204 21.4916)
(160.052 0.923641 64.5634 -6.23991 0.374726 21.4092)
(149.901 -0.885414 60.9982 -5.99919 -0.360339 20.1764)
(150.632 -1.58289 61.2458 -4.13891 -0.627436 20.2579)
(150.977 -1.24295 61.358 -3.22973 -0.490683 20.2927)
(151.126 -0.456606 61.4058 -2.85955 -0.180038 20.3071)
(151.126 0.456606 61.4058 -2.85956 0.180039 20.3071)
(150.977 1.24295 61.358 -3.22973 0.490684 20.2927)
(150.632 1.58289 61.2458 -4.13891 0.627436 20.2579)
(149.901 0.885414 60.9982 -5.99919 0.360339 20.1764)
(140.14 -0.848179 57.5071 -5.75703 -0.346145 18.9434)
(140.834 -1.52609 57.7456 -3.98259 -0.608452 19.0233)
(141.161 -1.19972 57.854 -3.12047 -0.476624 19.0577)
(141.303 -0.440884 57.9004 -2.7706 -0.17497 19.0721)
(141.303 0.440884 57.9004 -2.77061 0.17497 19.0721)
(141.161 1.19972 57.854 -3.12048 0.476624 19.0577)
(140.834 1.52609 57.7456 -3.98259 0.608452 19.0233)
(140.14 0.848179 57.5071 -5.75703 0.346145 18.9434)
(130.76 -0.811904 54.0953 -5.51399 -0.33216 17.7149)
(131.415 -1.47005 54.3237 -3.82465 -0.589285 17.7927)
(131.725 -1.15695 54.4279 -3.00867 -0.462347 17.8265)
(131.86 -0.425315 54.4727 -2.67863 -0.169813 17.8407)
(131.86 0.425316 54.4727 -2.67864 0.169813 17.8407)
(131.725 1.15695 54.4279 -3.00868 0.462347 17.8265)
(131.415 1.47005 54.3237 -3.82466 0.589285 17.7927)
(130.76 0.811904 54.0953 -5.514 0.33216 17.7149)
(121.753 -0.776557 50.7677 -5.27064 -0.318395 16.4955)
(122.37 -1.41474 50.9853 -3.66552 -0.569966 16.5707)
(122.661 -1.11462 51.0849 -2.89474 -0.447876 16.6035)
(122.789 -0.409895 51.1278 -2.58405 -0.164576 16.6174)
(122.789 0.409895 51.1278 -2.58405 0.164576 16.6174)
(122.661 1.11462 51.0849 -2.89474 0.447877 16.6035)
(122.37 1.41474 50.9853 -3.66553 0.569966 16.5707)
(121.752 0.776557 50.7677 -5.27065 0.318395 16.4955)
(113.111 -0.742103 47.5288 -5.02753 -0.304859 15.2893)
(113.688 -1.36014 47.7348 -3.50563 -0.550522 15.3614)
(113.962 -1.07273 47.8293 -2.77908 -0.433237 15.3931)
(114.081 -0.394619 47.8703 -2.48726 -0.159269 15.4067)
(114.081 0.394619 47.8703 -2.48727 0.159269 15.4067)
(113.962 1.07273 47.8293 -2.77909 0.433237 15.3931)
(113.688 1.36014 47.7348 -3.50564 0.550522 15.3614)
(113.111 0.742103 47.5288 -5.02754 0.304859 15.2893)
(104.827 -0.708511 44.3824 -4.7852 -0.29156 14.1003)
(105.365 -1.30622 44.5763 -3.34541 -0.530979 14.169)
(105.62 -1.03125 44.6655 -2.66209 -0.41845 14.1993)
(105.732 -0.379483 44.7044 -2.38867 -0.153899 14.2124)
(105.732 0.379482 44.7043 -2.38867 0.153899 14.2124)
(105.62 1.03125 44.6655 -2.6621 0.41845 14.1993)
(105.365 1.30622 44.5763 -3.34541 0.530979 14.169)
(104.827 0.708511 44.3824 -4.7852 0.29156 14.1003)
(96.8944 -0.675749 41.3323 -4.54415 -0.278503 12.9321)
(97.3923 -1.25297 41.5135 -3.18523 -0.511362 12.9971)
(97.6283 -0.99019 41.597 -2.54416 -0.403537 13.0259)
(97.7329 -0.364482 41.6337 -2.28863 -0.148475 13.0384)
(97.7329 0.364482 41.6337 -2.28864 0.148475 13.0384)
(97.6283 0.99019 41.597 -2.54416 0.403537 13.0259)
(97.3923 1.25297 41.5135 -3.18524 0.511362 12.9971)
(96.8944 0.675749 41.3323 -4.54415 0.278503 12.9321)
(89.3065 -0.643785 38.3816 -4.3049 -0.265692 11.7883)
(89.7644 -1.20037 38.5497 -3.02551 -0.491691 11.8491)
(89.9817 -0.949518 38.6274 -2.42564 -0.388515 11.8762)
(90.0784 -0.349613 38.6616 -2.18754 -0.143004 11.888)
(90.0784 0.349612 38.6616 -2.18754 0.143004 11.888)
(89.9817 0.949518 38.6274 -2.42564 0.388515 11.8762)
(89.7644 1.20037 38.5497 -3.02551 0.491691 11.8491)
(89.3065 0.643785 38.3816 -4.3049 0.265692 11.7883)
(82.057 -0.612588 35.5333 -4.06791 -0.253126 10.6718)
(82.475 -1.14838 35.6879 -2.86659 -0.471986 10.7283)
(82.6736 -0.909226 35.7595 -2.30689 -0.373404 10.7535)
(82.7625 -0.33487 35.7913 -2.08573 -0.137492 10.7646)
(82.7625 0.33487 35.7913 -2.08573 0.137492 10.7646)
(82.6736 0.909226 35.7595 -2.30689 0.373404 10.7535)
(82.475 1.14838 35.6879 -2.8666 0.471986 10.7283)
(82.057 0.612588 35.5333 -4.06791 0.253126 10.6718)
(75.1402 -0.582126 32.7898 -3.83366 -0.240807 9.58568)
(75.5185 -1.09699 32.9307 -2.70886 -0.452266 9.63748)
(75.6985 -0.869301 32.9961 -2.18826 -0.35822 9.66076)
(75.7797 -0.32025 33.0254 -1.98355 -0.131947 9.67111)
(75.7797 0.32025 33.0254 -1.98355 0.131947 9.67111)
(75.6985 0.869301 32.9961 -2.18827 0.35822 9.66076)
(75.5185 1.09699 32.9307 -2.70887 0.452266 9.63748)
(75.1402 0.582126 32.7898 -3.83366 0.240807 9.58568)
(68.5506 -0.552368 30.1535 -3.60258 -0.228731 8.53245)
(68.8895 -1.04617 30.2805 -2.55266 -0.432544 8.57943)
(69.0511 -0.829728 30.3396 -2.07009 -0.342976 8.60062)
(69.1245 -0.305748 30.3663 -1.88132 -0.126373 8.61014)
(69.1245 0.305748 30.3663 -1.88133 0.126373 8.61014)
(69.0511 0.829728 30.3396 -2.07009 0.342976 8.60062)
(68.8895 1.04617 30.2805 -2.55266 0.432544 8.57943)
(68.5506 0.552368 30.1535 -3.60259 0.228731 8.53245)
(62.283 -0.523283 27.6264 -3.37511 -0.216895 7.51455)
(62.5831 -0.9959 27.7393 -2.39832 -0.412837 7.55654)
(62.7265 -0.790495 27.792 -1.95268 -0.327688 7.57556)
(62.7922 -0.291359 27.8161 -1.77938 -0.120776 7.58421)
(62.7922 0.291359 27.8161 -1.77938 0.120776 7.58421)
(62.7265 0.790495 27.792 -1.95268 0.327688 7.57556)
(62.5831 0.9959 27.7393 -2.39832 0.412837 7.55654)
(62.283 0.523283 27.6264 -3.37511 0.216895 7.51455)
(56.3328 -0.494842 25.2102 -3.15164 -0.205294 6.53414)
(56.5945 -0.946159 25.309 -2.24616 -0.393155 6.57102)
(56.7199 -0.751586 25.3553 -1.83635 -0.312366 6.58778)
(56.7781 -0.277079 25.3767 -1.67802 -0.11516 6.59553)
(56.7781 0.277079 25.3767 -1.67802 0.11516 6.59553)
(56.7199 0.751586 25.3553 -1.83635 0.312366 6.58778)
(56.5945 0.946159 25.309 -2.24617 0.393155 6.57102)
(56.3328 0.494842 25.2102 -3.15164 0.205294 6.53413)
(50.6953 -0.467014 22.9063 -2.93255 -0.193922 5.59316)
(50.9194 -0.896922 22.9911 -2.09649 -0.373511 5.62485)
(51.0272 -0.712987 23.0309 -1.72138 -0.297023 5.6393)
(51.0779 -0.262902 23.0497 -1.57753 -0.109531 5.64611)
(51.0779 0.262902 23.0497 -1.57753 0.109531 5.64611)
(51.0272 0.712987 23.0309 -1.72138 0.297023 5.6393)
(50.9194 0.896922 22.9911 -2.09649 0.373511 5.62485)
(50.6953 0.467014 22.9063 -2.93256 0.193922 5.59316)
(45.3665 -0.439767 20.7162 -2.71821 -0.182771 4.69334)
(45.5538 -0.848163 20.787 -1.94958 -0.353911 4.71978)
(45.6442 -0.674682 20.8204 -1.60805 -0.281667 4.7319)
(45.6877 -0.248823 20.8365 -1.47819 -0.103891 4.73775)
(45.6877 0.248823 20.8365 -1.47819 0.103891 4.73775)
(45.6442 0.674682 20.8204 -1.60806 0.281667 4.7319)
(45.5538 0.848163 20.787 -1.94958 0.353911 4.71978)
(45.3665 0.439767 20.7162 -2.71821 0.182771 4.69334)
(40.3425 -0.413069 18.6408 -2.50895 -0.171832 3.83623)
(40.4937 -0.799853 18.6977 -1.80573 -0.33436 3.8574)
(40.5673 -0.636652 18.7248 -1.49665 -0.266305 3.86715)
(40.6036 -0.234836 18.7382 -1.38028 -0.098244 3.87203)
(40.6036 0.234836 18.7382 -1.38028 0.098244 3.87203)
(40.5673 0.636652 18.7248 -1.49665 0.266305 3.86715)
(40.4937 0.799853 18.6977 -1.80573 0.33436 3.8574)
(40.3425 0.413069 18.6408 -2.50895 0.171832 3.83623)
(35.6196 -0.386885 16.681 -2.3051 -0.161092 3.02316)
(35.7358 -0.751959 16.7243 -1.6652 -0.314862 3.03906)
(35.7929 -0.598874 16.7451 -1.38743 -0.250941 3.04644)
(35.8223 -0.220932 16.7559 -1.28407 -0.0925908 3.05035)
(35.8223 0.220932 16.7559 -1.28407 0.0925908 3.05035)
(35.7929 0.598874 16.7451 -1.38743 0.250941 3.04644)
(35.7358 0.751959 16.7243 -1.66521 0.314862 3.03906)
(35.6196 0.386885 16.681 -2.3051 0.161092 3.02316)
(31.1946 -0.36118 14.8375 -2.10697 -0.150541 2.25529)
(31.2766 -0.704442 14.8675 -1.52828 -0.295414 2.26596)
(31.3178 -0.561313 14.8821 -1.28067 -0.235573 2.27099)
(31.3405 -0.207097 14.8904 -1.18982 -0.0869308 2.27392)
(31.3405 0.207097 14.8904 -1.18982 0.0869308 2.27392)
(31.3178 0.561313 14.8821 -1.28068 0.235573 2.27099)
(31.2766 0.704442 14.8675 -1.52828 0.295413 2.26596)
(31.1946 0.36118 14.8375 -2.10698 0.150541 2.25529)
(27.0643 -0.335912 13.111 -1.91482 -0.140162 1.53361)
(27.1134 -0.657246 13.1279 -1.39515 -0.276005 1.53912)
(27.1392 -0.523925 13.1365 -1.17659 -0.220193 1.54182)
(27.1554 -0.193315 13.1423 -1.09778 -0.081261 1.5438)
(27.1554 0.193315 13.1423 -1.09778 0.081261 1.5438)
(27.1392 0.523925 13.1365 -1.17659 0.220193 1.54182)
(27.1134 0.657246 13.1279 -1.39516 0.276005 1.53912)
(27.0643 0.335912 13.111 -1.91482 0.140162 1.53361)
(23.226 -0.311025 11.5017 -1.72891 -0.129933 0.858958)
(23.2432 -0.610289 11.5059 -1.26607 -0.256614 0.859411)
(23.2544 -0.486642 11.5088 -1.07545 -0.204786 0.859846)
(23.2644 -0.179559 11.5122 -1.00822 -0.075575 0.860898)
(23.2644 0.179559 11.5122 -1.00822 0.075575 0.860898)
(23.2544 0.486642 11.5088 -1.07545 0.204785 0.859846)
(23.2432 0.610289 11.5059 -1.26607 0.256614 0.85941)
(23.226 0.311025 11.5017 -1.72891 0.129933 0.858958)
(19.6769 -0.286448 10.01 -1.54946 -0.119822 0.232013)
(19.6637 -0.563449 10.002 -1.14126 -0.237199 0.227541)
(19.661 -0.449362 9.99932 -0.977506 -0.189316 0.2258)
(19.6653 -0.165791 10.0005 -0.921427 -0.0698599 0.225977)
(19.6653 0.165791 10.0005 -0.921428 0.0698598 0.225977)
(19.661 0.449362 9.99932 -0.977509 0.189316 0.2258)
(19.6637 0.563449 10.002 -1.14127 0.237199 0.22754)
(19.6769 0.286448 10.01 -1.54947 0.119823 0.232013)
(16.4146 -0.262083 8.63603 -1.37669 -0.10979 -0.346684)
(16.3724 -0.516547 8.61621 -1.02096 -0.217695 -0.355898)
(16.3569 -0.411936 8.60846 -0.883037 -0.173729 -0.359678)
(16.3561 -0.151954 8.60756 -0.837685 -0.0640949 -0.360299)
(16.3561 0.151954 8.60756 -0.837686 0.0640948 -0.3603)
(16.3569 0.411936 8.60846 -0.883039 0.173729 -0.359678)
(16.3724 0.516547 8.61621 -1.02096 0.217695 -0.355898)
(16.4146 0.262083 8.63602 -1.37669 0.10979 -0.346684)
(13.4368 -0.237791 7.3797 -1.21078 -0.0997774 -0.876723)
(13.3675 -0.469324 7.34885 -0.905381 -0.198001 -0.890428)
(13.3406 -0.37415 7.33651 -0.792326 -0.157944 -0.896043)
(13.3354 -0.137969 7.33387 -0.757307 -0.0582494 -0.897348)
(13.3354 0.137968 7.33387 -0.757309 0.0582493 -0.897348)
(13.3406 0.374149 7.33651 -0.792326 0.157944 -0.896043)
(13.3675 0.469324 7.34885 -0.90538 0.198001 -0.890428)
(13.4368 0.237791 7.3797 -1.21078 0.0997775 -0.876723)
(10.7414 -0.213382 6.24097 -1.05188 -0.0897018 -1.35781)
(10.6474 -0.421416 6.19999 -0.794757 -0.17797 -1.37565)
(10.6109 -0.335713 6.18381 -0.705651 -0.141845 -1.3828)
(10.6023 -0.123728 6.17985 -0.680588 -0.0522815 -1.38463)
(10.6023 0.123728 6.17985 -0.680589 0.0522814 -1.38463)
(10.6109 0.335713 6.18381 -0.705649 0.141845 -1.3828)
(10.6474 0.421416 6.2 -0.794754 0.17797 -1.37565)
(10.7414 0.213382 6.24097 -1.05188 0.0897018 -1.35781)
(8.32672 -0.188596 5.21972 -0.900068 -0.0794519 -1.78972)
(8.21107 -0.372338 5.16989 -0.689236 -0.157405 -1.81119)
(8.16745 -0.296263 5.15089 -0.623209 -0.125283 -1.81946)
(8.1569 -0.109106 5.14616 -0.607717 -0.0461396 -1.82157)
(8.1569 0.109105 5.14616 -0.607718 0.0461396 -1.82157)
(8.16746 0.296264 5.15089 -0.623205 0.125283 -1.81946)
(8.21107 0.372338 5.16989 -0.689234 0.157405 -1.81119)
(8.32672 0.188596 5.21972 -0.900071 0.0794518 -1.78972)
(6.19144 -0.163099 4.31595 -0.755252 -0.0688844 -2.17225)
(6.05851 -0.321514 4.25903 -0.588865 -0.136066 -2.19661)
(6.01116 -0.255411 4.23859 -0.545019 -0.108101 -2.20544)
(6.00027 -0.0939755 4.23379 -0.538665 -0.0397728 -2.20755)
(6.00027 0.0939758 4.23379 -0.538664 0.0397729 -2.20755)
(6.01117 0.255412 4.2386 -0.545016 0.108101 -2.20543)
(6.05851 0.321514 4.25904 -0.588865 0.136065 -2.19661)
(6.19144 0.163099 4.31595 -0.75525 0.0688843 -2.17225)
(4.33565 -0.136509 3.53004 -0.617087 -0.0578357 -2.50507)
(4.19141 -0.268394 3.46853 -0.493393 -0.113725 -2.53131)
(4.14449 -0.212877 3.44838 -0.470611 -0.0901841 -2.53995)
(4.13516 -0.0782702 3.44429 -0.472786 -0.0331543 -2.54174)
(4.13517 0.0782708 3.44429 -0.472784 0.0331546 -2.54174)
(4.14449 0.212878 3.44838 -0.470612 0.0901842 -2.53995)
(4.1914 0.268394 3.46853 -0.493395 0.113725 -2.53131)
(4.33565 0.136509 3.53004 -0.617079 0.0578357 -2.50507)
(2.76176 -0.108513 2.86328 -0.48481 -0.0461703 -2.78754)
(2.6143 -0.212776 2.80055 -0.401939 -0.0903025 -2.81422)
(2.57247 -0.168767 2.78265 -0.398459 -0.071582 -2.82188)
(2.56654 -0.0620832 2.78004 -0.408178 -0.0263254 -2.82303)
(2.56654 0.0620838 2.78004 -0.408176 0.0263256 -2.82303)
(2.57247 0.168767 2.78265 -0.398463 0.0715821 -2.82188)
(2.6143 0.212776 2.80055 -0.401944 0.0903026 -2.81422)
(2.76176 0.108513 2.86328 -0.484805 0.0461703 -2.78754)
(1.47666 -0.0791903 2.31874 -0.35687 -0.0339173 -3.01828)
(1.33609 -0.155472 2.25905 -0.312316 -0.0661439 -3.04362)
(1.30356 -0.124057 2.24516 -0.325028 -0.0527113 -3.04956)
(1.30216 -0.0458291 2.2445 -0.340683 -0.0194631 -3.04986)
(1.30216 0.0458294 2.2445 -0.340682 0.0194632 -3.04986)
(1.30356 0.124057 2.24516 -0.325033 0.0527112 -3.04956)
(1.33609 0.155473 2.25905 -0.312321 0.066144 -3.04362)
(1.47665 0.0791905 2.31874 -0.356875 0.0339174 -3.01828)
(0.495293 -0.0497491 1.90284 -0.228864 -0.0215839 -3.19453)
(0.37218 -0.099447 1.85063 -0.218031 -0.0425059 -3.21667)
(0.351274 -0.0812225 1.84172 -0.241525 -0.0346227 -3.22048)
(0.354235 -0.0304149 1.84293 -0.260662 -0.0129523 -3.21998)
(0.354234 0.0304148 1.84293 -0.260662 0.0129523 -3.21998)
(0.351272 0.081222 1.84172 -0.241528 0.0346225 -3.22048)
(0.372177 0.0994474 1.85063 -0.218033 0.0425061 -3.21667)
(0.495283 0.0497493 1.90284 -0.228877 0.021584 -3.19454)
(-0.159197 -0.0235049 1.62541 -0.09807 -0.0105675 -3.31213)
(-0.255147 -0.0509178 1.58476 -0.10903 -0.0220226 -3.32936)
(-0.264232 -0.0444321 1.58088 -0.134526 -0.0190836 -3.33101)
(-0.258403 -0.0172184 1.58333 -0.153888 -0.00737759 -3.32998)
(-0.258407 0.017218 1.58333 -0.153892 0.0073774 -3.32998)
(-0.26423 0.0444317 1.58088 -0.134524 0.0190834 -3.33101)
(-0.255146 0.0509181 1.58476 -0.109029 0.0220228 -3.32936)
(-0.159204 0.0235051 1.62541 -0.0980779 0.0105676 -3.31213)
(-0.465012 -0.0044001 1.49568 0.0620023 -0.00253794 -3.36717)
(-0.526304 -0.0171034 1.46972 0.0463962 -0.00775706 -3.37816)
(-0.525682 -0.0180616 1.46997 0.0278825 -0.00795055 -3.37806)
(-0.519688 -0.00758476 1.4725 0.0103427 -0.00330933 -3.37699)
(-0.519689 0.0075836 1.4725 0.0103406 0.00330885 -3.377)
(-0.525677 0.0180615 1.46997 0.0278872 0.0079505 -3.37806)
(-0.526301 0.0171038 1.46972 0.0463992 0.00775723 -3.37816)
(-0.465015 0.00440055 1.49568 0.0620014 0.00253813 -3.36717)
(-0.462527 0.005109 1.49659 0.138274 0.00148015 -3.36684)
(-0.492598 -0.0016469 1.48385 0.173453 -0.00125014 -3.37224)
(-0.493507 -0.00393111 1.48345 0.173899 -0.0019902 -3.37241)
(-0.49259 -0.00192353 1.48384 0.158776 -0.000919392 -3.37225)
(-0.492589 0.00192294 1.48384 0.15878 0.000919142 -3.37225)
(-0.493506 0.00393109 1.48345 0.173906 0.00199019 -3.37241)
(-0.492597 0.00164702 1.48385 0.173459 0.00125019 -3.37224)
(-0.462528 -0.00510884 1.49659 0.138271 -0.00148007 -3.36684)
)
;
    }
}


// ************************************************************************* //
