solid cylinder
  facet normal 9.996988187e-01 2.454122852e-02 0.000000000e+00
    outer loop
      vertex 2.500000000e-01 2.000000000e-01 -5.000000000e-02
      vertex 2.499397728e-01 2.024533837e-01 -5.000000000e-02
      vertex 2.499397728e-01 2.024533837e-01 1.500000000e-01
    endloop
  endfacet
  facet normal 9.996988187e-01 2.454122852e-02 -0.000000000e+00
    outer loop
      vertex 2.500000000e-01 2.000000000e-01 -5.000000000e-02
      vertex 2.499397728e-01 2.024533837e-01 1.500000000e-01
      vertex 2.500000000e-01 2.000000000e-01 1.500000000e-01
    endloop
  endfacet
  facet normal 0.000000000e+00 0.000000000e+00 -1.000000000e+00
    outer loop
      vertex 2.000000000e-01 2.000000000e-01 -5.000000000e-02
      vertex 2.499397728e-01 2.024533837e-01 -5.000000000e-02
      vertex 2.500000000e-01 2.000000000e-01 -5.000000000e-02
    endloop
  endfacet
  facet normal 0.000000000e+00 0.000000000e+00 1.000000000e+00
    outer loop
      vertex 2.000000000e-01 2.000000000e-01 1.500000000e-01
      vertex 2.500000000e-01 2.000000000e-01 1.500000000e-01
      vertex 2.499397728e-01 2.024533837e-01 1.500000000e-01
    endloop
  endfacet
  facet normal 9.972904567e-01 7.356456360e-02 0.000000000e+00
    outer loop
      vertex 2.499397728e-01 2.024533837e-01 -5.000000000e-02
      vertex 2.497592363e-01 2.049008570e-01 -5.000000000e-02
      vertex 2.497592363e-01 2.049008570e-01 1.500000000e-01
    endloop
  endfacet
  facet normal 9.972904567e-01 7.356456360e-02 -0.000000000e+00
    outer loop
      vertex 2.499397728e-01 2.024533837e-01 -5.000000000e-02
      vertex 2.497592363e-01 2.049008570e-01 1.500000000e-01
      vertex 2.499397728e-01 2.024533837e-01 1.500000000e-01
    endloop
  endfacet
  facet normal 0.000000000e+00 0.000000000e+00 -1.000000000e+00
    outer loop
      vertex 2.000000000e-01 2.000000000e-01 -5.000000000e-02
      vertex 2.497592363e-01 2.049008570e-01 -5.000000000e-02
      vertex 2.499397728e-01 2.024533837e-01 -5.000000000e-02
    endloop
  endfacet
  facet normal 0.000000000e+00 0.000000000e+00 1.000000000e+00
    outer loop
      vertex 2.000000000e-01 2.000000000e-01 1.500000000e-01
      vertex 2.499397728e-01 2.024533837e-01 1.500000000e-01
      vertex 2.497592363e-01 2.049008570e-01 1.500000000e-01
    endloop
  endfacet
  facet normal 9.924795346e-01 1.224106752e-01 0.000000000e+00
    outer loop
      vertex 2.497592363e-01 2.049008570e-01 -5.000000000e-02
      vertex 2.494588255e-01 2.073365237e-01 -5.000000000e-02
      vertex 2.494588255e-01 2.073365237e-01 1.500000000e-01
    endloop
  endfacet
  facet normal 9.924795346e-01 1.224106752e-01 -0.000000000e+00
    outer loop
      vertex 2.497592363e-01 2.049008570e-01 -5.000000000e-02
      vertex 2.494588255e-01 2.073365237e-01 1.500000000e-01
      vertex 2.497592363e-01 2.049008570e-01 1.500000000e-01
    endloop
  endfacet
  facet normal 0.000000000e+00 0.000000000e+00 -1.000000000e+00
    outer loop
      vertex 2.000000000e-01 2.000000000e-01 -5.000000000e-02
      vertex 2.494588255e-01 2.073365237e-01 -5.000000000e-02
      vertex 2.497592363e-01 2.049008570e-01 -5.000000000e-02
    endloop
  endfacet
  facet normal 0.000000000e+00 0.000000000e+00 1.000000000e+00
    outer loop
      vertex 2.000000000e-01 2.000000000e-01 1.500000000e-01
      vertex 2.497592363e-01 2.049008570e-01 1.500000000e-01
      vertex 2.494588255e-01 2.073365237e-01 1.500000000e-01
    endloop
  endfacet
  facet normal 9.852776424e-01 1.709618888e-01 0.000000000e+00
    outer loop
      vertex 2.494588255e-01 2.073365237e-01 -5.000000000e-02
      vertex 2.490392640e-01 2.097545161e-01 -5.000000000e-02
      vertex 2.490392640e-01 2.097545161e-01 1.500000000e-01
    endloop
  endfacet
  facet normal 9.852776424e-01 1.709618888e-01 -0.000000000e+00
    outer loop
      vertex 2.494588255e-01 2.073365237e-01 -5.000000000e-02
      vertex 2.490392640e-01 2.097545161e-01 1.500000000e-01
      vertex 2.494588255e-01 2.073365237e-01 1.500000000e-01
    endloop
  endfacet
  facet normal 0.000000000e+00 0.000000000e+00 -1.000000000e+00
    outer loop
      vertex 2.000000000e-01 2.000000000e-01 -5.000000000e-02
      vertex 2.490392640e-01 2.097545161e-01 -5.000000000e-02
      vertex 2.494588255e-01 2.073365237e-01 -5.000000000e-02
    endloop
  endfacet
  facet normal 0.000000000e+00 0.000000000e+00 1.000000000e+00
    outer loop
      vertex 2.000000000e-01 2.000000000e-01 1.500000000e-01
      vertex 2.494588255e-01 2.073365237e-01 1.500000000e-01
      vertex 2.490392640e-01 2.097545161e-01 1.500000000e-01
    endloop
  endfacet
  facet normal 9.757021300e-01 2.191012402e-01 0.000000000e+00
    outer loop
      vertex 2.490392640e-01 2.097545161e-01 -5.000000000e-02
      vertex 2.485015627e-01 2.121490090e-01 -5.000000000e-02
      vertex 2.485015627e-01 2.121490090e-01 1.500000000e-01
    endloop
  endfacet
  facet normal 9.757021300e-01 2.191012402e-01 -0.000000000e+00
    outer loop
      vertex 2.490392640e-01 2.097545161e-01 -5.000000000e-02
      vertex 2.485015627e-01 2.121490090e-01 1.500000000e-01
      vertex 2.490392640e-01 2.097545161e-01 1.500000000e-01
    endloop
  endfacet
  facet normal 0.000000000e+00 0.000000000e+00 -1.000000000e+00
    outer loop
      vertex 2.000000000e-01 2.000000000e-01 -5.000000000e-02
      vertex 2.485015627e-01 2.121490090e-01 -5.000000000e-02
      vertex 2.490392640e-01 2.097545161e-01 -5.000000000e-02
    endloop
  endfacet
  facet normal 0.000000000e+00 0.000000000e+00 1.000000000e+00
    outer loop
      vertex 2.000000000e-01 2.000000000e-01 1.500000000e-01
      vertex 2.490392640e-01 2.097545161e-01 1.500000000e-01
      vertex 2.485015627e-01 2.121490090e-01 1.500000000e-01
    endloop
  endfacet
  facet normal 9.637760658e-01 2.667127575e-01 0.000000000e+00
    outer loop
      vertex 2.485015627e-01 2.121490090e-01 -5.000000000e-02
      vertex 2.478470168e-01 2.145142339e-01 -5.000000000e-02
      vertex 2.478470168e-01 2.145142339e-01 1.500000000e-01
    endloop
  endfacet
  facet normal 9.637760658e-01 2.667127575e-01 -0.000000000e+00
    outer loop
      vertex 2.485015627e-01 2.121490090e-01 -5.000000000e-02
      vertex 2.478470168e-01 2.145142339e-01 1.500000000e-01
      vertex 2.485015627e-01 2.121490090e-01 1.500000000e-01
    endloop
  endfacet
  facet normal 0.000000000e+00 0.000000000e+00 -1.000000000e+00
    outer loop
      vertex 2.000000000e-01 2.000000000e-01 -5.000000000e-02
      vertex 2.478470168e-01 2.145142339e-01 -5.000000000e-02
      vertex 2.485015627e-01 2.121490090e-01 -5.000000000e-02
    endloop
  endfacet
  facet normal 0.000000000e+00 0.000000000e+00 1.000000000e+00
    outer loop
      vertex 2.000000000e-01 2.000000000e-01 1.500000000e-01
      vertex 2.485015627e-01 2.121490090e-01 1.500000000e-01
      vertex 2.478470168e-01 2.145142339e-01 1.500000000e-01
    endloop
  endfacet
  facet normal 9.495281806e-01 3.136817404e-01 0.000000000e+00
    outer loop
      vertex 2.478470168e-01 2.145142339e-01 -5.000000000e-02
      vertex 2.470772033e-01 2.168444927e-01 -5.000000000e-02
      vertex 2.470772033e-01 2.168444927e-01 1.500000000e-01
    endloop
  endfacet
  facet normal 9.495281806e-01 3.136817404e-01 -0.000000000e+00
    outer loop
      vertex 2.478470168e-01 2.145142339e-01 -5.000000000e-02
      vertex 2.470772033e-01 2.168444927e-01 1.500000000e-01
      vertex 2.478470168e-01 2.145142339e-01 1.500000000e-01
    endloop
  endfacet
  facet normal 0.000000000e+00 0.000000000e+00 -1.000000000e+00
    outer loop
      vertex 2.000000000e-01 2.000000000e-01 -5.000000000e-02
      vertex 2.470772033e-01 2.168444927e-01 -5.000000000e-02
      vertex 2.478470168e-01 2.145142339e-01 -5.000000000e-02
    endloop
  endfacet
  facet normal 0.000000000e+00 0.000000000e+00 1.000000000e+00
    outer loop
      vertex 2.000000000e-01 2.000000000e-01 1.500000000e-01
      vertex 2.478470168e-01 2.145142339e-01 1.500000000e-01
      vertex 2.470772033e-01 2.168444927e-01 1.500000000e-01
    endloop
  endfacet
  facet normal 9.329927988e-01 3.598950365e-01 0.000000000e+00
    outer loop
      vertex 2.470772033e-01 2.168444927e-01 -5.000000000e-02
      vertex 2.461939766e-01 2.191341716e-01 -5.000000000e-02
      vertex 2.461939766e-01 2.191341716e-01 1.500000000e-01
    endloop
  endfacet
  facet normal 9.329927988e-01 3.598950365e-01 -0.000000000e+00
    outer loop
      vertex 2.470772033e-01 2.168444927e-01 -5.000000000e-02
      vertex 2.461939766e-01 2.191341716e-01 1.500000000e-01
      vertex 2.470772033e-01 2.168444927e-01 1.500000000e-01
    endloop
  endfacet
  facet normal 0.000000000e+00 0.000000000e+00 -1.000000000e+00
    outer loop
      vertex 2.000000000e-01 2.000000000e-01 -5.000000000e-02
      vertex 2.461939766e-01 2.191341716e-01 -5.000000000e-02
      vertex 2.470772033e-01 2.168444927e-01 -5.000000000e-02
    endloop
  endfacet
  facet normal 0.000000000e+00 0.000000000e+00 1.000000000e+00
    outer loop
      vertex 2.000000000e-01 2.000000000e-01 1.500000000e-01
      vertex 2.470772033e-01 2.168444927e-01 1.500000000e-01
      vertex 2.461939766e-01 2.191341716e-01 1.500000000e-01
    endloop
  endfacet
  facet normal 9.142097557e-01 4.052413140e-01 0.000000000e+00
    outer loop
      vertex 2.461939766e-01 2.191341716e-01 -5.000000000e-02
      vertex 2.451994647e-01 2.213777547e-01 -5.000000000e-02
      vertex 2.451994647e-01 2.213777547e-01 1.500000000e-01
    endloop
  endfacet
  facet normal 9.142097557e-01 4.052413140e-01 -0.000000000e+00
    outer loop
      vertex 2.461939766e-01 2.191341716e-01 -5.000000000e-02
      vertex 2.451994647e-01 2.213777547e-01 1.500000000e-01
      vertex 2.461939766e-01 2.191341716e-01 1.500000000e-01
    endloop
  endfacet
  facet normal 0.000000000e+00 0.000000000e+00 -1.000000000e+00
    outer loop
      vertex 2.000000000e-01 2.000000000e-01 -5.000000000e-02
      vertex 2.451994647e-01 2.213777547e-01 -5.000000000e-02
      vertex 2.461939766e-01 2.191341716e-01 -5.000000000e-02
    endloop
  endfacet
  facet normal 0.000000000e+00 0.000000000e+00 1.000000000e+00
    outer loop
      vertex 2.000000000e-01 2.000000000e-01 1.500000000e-01
      vertex 2.461939766e-01 2.191341716e-01 1.500000000e-01
      vertex 2.451994647e-01 2.213777547e-01 1.500000000e-01
    endloop
  endfacet
  facet normal 8.932243012e-01 4.496113297e-01 0.000000000e+00
    outer loop
      vertex 2.451994647e-01 2.213777547e-01 -5.000000000e-02
      vertex 2.440960632e-01 2.235698368e-01 -5.000000000e-02
      vertex 2.440960632e-01 2.235698368e-01 1.500000000e-01
    endloop
  endfacet
  facet normal 8.932243012e-01 4.496113297e-01 -0.000000000e+00
    outer loop
      vertex 2.451994647e-01 2.213777547e-01 -5.000000000e-02
      vertex 2.440960632e-01 2.235698368e-01 1.500000000e-01
      vertex 2.451994647e-01 2.213777547e-01 1.500000000e-01
    endloop
  endfacet
  facet normal 0.000000000e+00 0.000000000e+00 -1.000000000e+00
    outer loop
      vertex 2.000000000e-01 2.000000000e-01 -5.000000000e-02
      vertex 2.440960632e-01 2.235698368e-01 -5.000000000e-02
      vertex 2.451994647e-01 2.213777547e-01 -5.000000000e-02
    endloop
  endfacet
  facet normal 0.000000000e+00 0.000000000e+00 1.000000000e+00
    outer loop
      vertex 2.000000000e-01 2.000000000e-01 1.500000000e-01
      vertex 2.451994647e-01 2.213777547e-01 1.500000000e-01
      vertex 2.440960632e-01 2.235698368e-01 1.500000000e-01
    endloop
  endfacet
  facet normal 8.700869911e-01 4.928981922e-01 0.000000000e+00
    outer loop
      vertex 2.440960632e-01 2.235698368e-01 -5.000000000e-02
      vertex 2.428864305e-01 2.257051372e-01 -5.000000000e-02
      vertex 2.428864305e-01 2.257051372e-01 1.500000000e-01
    endloop
  endfacet
  facet normal 8.700869911e-01 4.928981922e-01 -0.000000000e+00
    outer loop
      vertex 2.440960632e-01 2.235698368e-01 -5.000000000e-02
      vertex 2.428864305e-01 2.257051372e-01 1.500000000e-01
      vertex 2.440960632e-01 2.235698368e-01 1.500000000e-01
    endloop
  endfacet
  facet normal 0.000000000e+00 0.000000000e+00 -1.000000000e+00
    outer loop
      vertex 2.000000000e-01 2.000000000e-01 -5.000000000e-02
      vertex 2.428864305e-01 2.257051372e-01 -5.000000000e-02
      vertex 2.440960632e-01 2.235698368e-01 -5.000000000e-02
    endloop
  endfacet
  facet normal 0.000000000e+00 0.000000000e+00 1.000000000e+00
    outer loop
      vertex 2.000000000e-01 2.000000000e-01 1.500000000e-01
      vertex 2.440960632e-01 2.235698368e-01 1.500000000e-01
      vertex 2.428864305e-01 2.257051372e-01 1.500000000e-01
    endloop
  endfacet
  facet normal 8.448535652e-01 5.349976199e-01 0.000000000e+00
    outer loop
      vertex 2.428864305e-01 2.257051372e-01 -5.000000000e-02
      vertex 2.415734806e-01 2.277785117e-01 -5.000000000e-02
      vertex 2.415734806e-01 2.277785117e-01 1.500000000e-01
    endloop
  endfacet
  facet normal 8.448535652e-01 5.349976199e-01 -0.000000000e+00
    outer loop
      vertex 2.428864305e-01 2.257051372e-01 -5.000000000e-02
      vertex 2.415734806e-01 2.277785117e-01 1.500000000e-01
      vertex 2.428864305e-01 2.257051372e-01 1.500000000e-01
    endloop
  endfacet
  facet normal 0.000000000e+00 0.000000000e+00 -1.000000000e+00
    outer loop
      vertex 2.000000000e-01 2.000000000e-01 -5.000000000e-02
      vertex 2.415734806e-01 2.277785117e-01 -5.000000000e-02
      vertex 2.428864305e-01 2.257051372e-01 -5.000000000e-02
    endloop
  endfacet
  facet normal 0.000000000e+00 0.000000000e+00 1.000000000e+00
    outer loop
      vertex 2.000000000e-01 2.000000000e-01 1.500000000e-01
      vertex 2.428864305e-01 2.257051372e-01 1.500000000e-01
      vertex 2.415734806e-01 2.277785117e-01 1.500000000e-01
    endloop
  endfacet
  facet normal 8.175848132e-01 5.758081914e-01 0.000000000e+00
    outer loop
      vertex 2.415734806e-01 2.277785117e-01 -5.000000000e-02
      vertex 2.401603766e-01 2.297849652e-01 -5.000000000e-02
      vertex 2.401603766e-01 2.297849652e-01 1.500000000e-01
    endloop
  endfacet
  facet normal 8.175848132e-01 5.758081914e-01 -0.000000000e+00
    outer loop
      vertex 2.415734806e-01 2.277785117e-01 -5.000000000e-02
      vertex 2.401603766e-01 2.297849652e-01 1.500000000e-01
      vertex 2.415734806e-01 2.277785117e-01 1.500000000e-01
    endloop
  endfacet
  facet normal 0.000000000e+00 0.000000000e+00 -1.000000000e+00
    outer loop
      vertex 2.000000000e-01 2.000000000e-01 -5.000000000e-02
      vertex 2.401603766e-01 2.297849652e-01 -5.000000000e-02
      vertex 2.415734806e-01 2.277785117e-01 -5.000000000e-02
    endloop
  endfacet
  facet normal 0.000000000e+00 0.000000000e+00 1.000000000e+00
    outer loop
      vertex 2.000000000e-01 2.000000000e-01 1.500000000e-01
      vertex 2.415734806e-01 2.277785117e-01 1.500000000e-01
      vertex 2.401603766e-01 2.297849652e-01 1.500000000e-01
    endloop
  endfacet
  facet normal 7.883464276e-01 6.152315906e-01 0.000000000e+00
    outer loop
      vertex 2.401603766e-01 2.297849652e-01 -5.000000000e-02
      vertex 2.386505227e-01 2.317196642e-01 -5.000000000e-02
      vertex 2.386505227e-01 2.317196642e-01 1.500000000e-01
    endloop
  endfacet
  facet normal 7.883464276e-01 6.152315906e-01 -0.000000000e+00
    outer loop
      vertex 2.401603766e-01 2.297849652e-01 -5.000000000e-02
      vertex 2.386505227e-01 2.317196642e-01 1.500000000e-01
      vertex 2.401603766e-01 2.297849652e-01 1.500000000e-01
    endloop
  endfacet
  facet normal 0.000000000e+00 0.000000000e+00 -1.000000000e+00
    outer loop
      vertex 2.000000000e-01 2.000000000e-01 -5.000000000e-02
      vertex 2.386505227e-01 2.317196642e-01 -5.000000000e-02
      vertex 2.401603766e-01 2.297849652e-01 -5.000000000e-02
    endloop
  endfacet
  facet normal 0.000000000e+00 0.000000000e+00 1.000000000e+00
    outer loop
      vertex 2.000000000e-01 2.000000000e-01 1.500000000e-01
      vertex 2.401603766e-01 2.297849652e-01 1.500000000e-01
      vertex 2.386505227e-01 2.317196642e-01 1.500000000e-01
    endloop
  endfacet
  facet normal 7.572088465e-01 6.531728430e-01 0.000000000e+00
    outer loop
      vertex 2.386505227e-01 2.317196642e-01 -5.000000000e-02
      vertex 2.370475563e-01 2.335779477e-01 -5.000000000e-02
      vertex 2.370475563e-01 2.335779477e-01 1.500000000e-01
    endloop
  endfacet
  facet normal 7.572088465e-01 6.531728430e-01 -0.000000000e+00
    outer loop
      vertex 2.386505227e-01 2.317196642e-01 -5.000000000e-02
      vertex 2.370475563e-01 2.335779477e-01 1.500000000e-01
      vertex 2.386505227e-01 2.317196642e-01 1.500000000e-01
    endloop
  endfacet
  facet normal 0.000000000e+00 0.000000000e+00 -1.000000000e+00
    outer loop
      vertex 2.000000000e-01 2.000000000e-01 -5.000000000e-02
      vertex 2.370475563e-01 2.335779477e-01 -5.000000000e-02
      vertex 2.386505227e-01 2.317196642e-01 -5.000000000e-02
    endloop
  endfacet
  facet normal 0.000000000e+00 0.000000000e+00 1.000000000e+00
    outer loop
      vertex 2.000000000e-01 2.000000000e-01 1.500000000e-01
      vertex 2.386505227e-01 2.317196642e-01 1.500000000e-01
      vertex 2.370475563e-01 2.335779477e-01 1.500000000e-01
    endloop
  endfacet
  facet normal 7.242470830e-01 6.895405447e-01 0.000000000e+00
    outer loop
      vertex 2.370475563e-01 2.335779477e-01 -5.000000000e-02
      vertex 2.353553391e-01 2.353553391e-01 -5.000000000e-02
      vertex 2.353553391e-01 2.353553391e-01 1.500000000e-01
    endloop
  endfacet
  facet normal 7.242470830e-01 6.895405447e-01 -0.000000000e+00
    outer loop
      vertex 2.370475563e-01 2.335779477e-01 -5.000000000e-02
      vertex 2.353553391e-01 2.353553391e-01 1.500000000e-01
      vertex 2.370475563e-01 2.335779477e-01 1.500000000e-01
    endloop
  endfacet
  facet normal 0.000000000e+00 0.000000000e+00 -1.000000000e+00
    outer loop
      vertex 2.000000000e-01 2.000000000e-01 -5.000000000e-02
      vertex 2.353553391e-01 2.353553391e-01 -5.000000000e-02
      vertex 2.370475563e-01 2.335779477e-01 -5.000000000e-02
    endloop
  endfacet
  facet normal 0.000000000e+00 0.000000000e+00 1.000000000e+00
    outer loop
      vertex 2.000000000e-01 2.000000000e-01 1.500000000e-01
      vertex 2.370475563e-01 2.335779477e-01 1.500000000e-01
      vertex 2.353553391e-01 2.353553391e-01 1.500000000e-01
    endloop
  endfacet
  facet normal 6.895405447e-01 7.242470830e-01 0.000000000e+00
    outer loop
      vertex 2.353553391e-01 2.353553391e-01 -5.000000000e-02
      vertex 2.335779477e-01 2.370475563e-01 -5.000000000e-02
      vertex 2.335779477e-01 2.370475563e-01 1.500000000e-01
    endloop
  endfacet
  facet normal 6.895405447e-01 7.242470830e-01 -0.000000000e+00
    outer loop
      vertex 2.353553391e-01 2.353553391e-01 -5.000000000e-02
      vertex 2.335779477e-01 2.370475563e-01 1.500000000e-01
      vertex 2.353553391e-01 2.353553391e-01 1.500000000e-01
    endloop
  endfacet
  facet normal 0.000000000e+00 0.000000000e+00 -1.000000000e+00
    outer loop
      vertex 2.000000000e-01 2.000000000e-01 -5.000000000e-02
      vertex 2.335779477e-01 2.370475563e-01 -5.000000000e-02
      vertex 2.353553391e-01 2.353553391e-01 -5.000000000e-02
    endloop
  endfacet
  facet normal 0.000000000e+00 0.000000000e+00 1.000000000e+00
    outer loop
      vertex 2.000000000e-01 2.000000000e-01 1.500000000e-01
      vertex 2.353553391e-01 2.353553391e-01 1.500000000e-01
      vertex 2.335779477e-01 2.370475563e-01 1.500000000e-01
    endloop
  endfacet
  facet normal 6.531728430e-01 7.572088465e-01 0.000000000e+00
    outer loop
      vertex 2.335779477e-01 2.370475563e-01 -5.000000000e-02
      vertex 2.317196642e-01 2.386505227e-01 -5.000000000e-02
      vertex 2.317196642e-01 2.386505227e-01 1.500000000e-01
    endloop
  endfacet
  facet normal 6.531728430e-01 7.572088465e-01 -0.000000000e+00
    outer loop
      vertex 2.335779477e-01 2.370475563e-01 -5.000000000e-02
      vertex 2.317196642e-01 2.386505227e-01 1.500000000e-01
      vertex 2.335779477e-01 2.370475563e-01 1.500000000e-01
    endloop
  endfacet
  facet normal 0.000000000e+00 0.000000000e+00 -1.000000000e+00
    outer loop
      vertex 2.000000000e-01 2.000000000e-01 -5.000000000e-02
      vertex 2.317196642e-01 2.386505227e-01 -5.000000000e-02
      vertex 2.335779477e-01 2.370475563e-01 -5.000000000e-02
    endloop
  endfacet
  facet normal 0.000000000e+00 0.000000000e+00 1.000000000e+00
    outer loop
      vertex 2.000000000e-01 2.000000000e-01 1.500000000e-01
      vertex 2.335779477e-01 2.370475563e-01 1.500000000e-01
      vertex 2.317196642e-01 2.386505227e-01 1.500000000e-01
    endloop
  endfacet
  facet normal 6.152315906e-01 7.883464276e-01 0.000000000e+00
    outer loop
      vertex 2.317196642e-01 2.386505227e-01 -5.000000000e-02
      vertex 2.297849652e-01 2.401603766e-01 -5.000000000e-02
      vertex 2.297849652e-01 2.401603766e-01 1.500000000e-01
    endloop
  endfacet
  facet normal 6.152315906e-01 7.883464276e-01 -0.000000000e+00
    outer loop
      vertex 2.317196642e-01 2.386505227e-01 -5.000000000e-02
      vertex 2.297849652e-01 2.401603766e-01 1.500000000e-01
      vertex 2.317196642e-01 2.386505227e-01 1.500000000e-01
    endloop
  endfacet
  facet normal 0.000000000e+00 0.000000000e+00 -1.000000000e+00
    outer loop
      vertex 2.000000000e-01 2.000000000e-01 -5.000000000e-02
      vertex 2.297849652e-01 2.401603766e-01 -5.000000000e-02
      vertex 2.317196642e-01 2.386505227e-01 -5.000000000e-02
    endloop
  endfacet
  facet normal 0.000000000e+00 0.000000000e+00 1.000000000e+00
    outer loop
      vertex 2.000000000e-01 2.000000000e-01 1.500000000e-01
      vertex 2.317196642e-01 2.386505227e-01 1.500000000e-01
      vertex 2.297849652e-01 2.401603766e-01 1.500000000e-01
    endloop
  endfacet
  facet normal 5.758081914e-01 8.175848132e-01 0.000000000e+00
    outer loop
      vertex 2.297849652e-01 2.401603766e-01 -5.000000000e-02
      vertex 2.277785117e-01 2.415734806e-01 -5.000000000e-02
      vertex 2.277785117e-01 2.415734806e-01 1.500000000e-01
    endloop
  endfacet
  facet normal 5.758081914e-01 8.175848132e-01 -0.000000000e+00
    outer loop
      vertex 2.297849652e-01 2.401603766e-01 -5.000000000e-02
      vertex 2.277785117e-01 2.415734806e-01 1.500000000e-01
      vertex 2.297849652e-01 2.401603766e-01 1.500000000e-01
    endloop
  endfacet
  facet normal 0.000000000e+00 0.000000000e+00 -1.000000000e+00
    outer loop
      vertex 2.000000000e-01 2.000000000e-01 -5.000000000e-02
      vertex 2.277785117e-01 2.415734806e-01 -5.000000000e-02
      vertex 2.297849652e-01 2.401603766e-01 -5.000000000e-02
    endloop
  endfacet
  facet normal 0.000000000e+00 0.000000000e+00 1.000000000e+00
    outer loop
      vertex 2.000000000e-01 2.000000000e-01 1.500000000e-01
      vertex 2.297849652e-01 2.401603766e-01 1.500000000e-01
      vertex 2.277785117e-01 2.415734806e-01 1.500000000e-01
    endloop
  endfacet
  facet normal 5.349976199e-01 8.448535652e-01 0.000000000e+00
    outer loop
      vertex 2.277785117e-01 2.415734806e-01 -5.000000000e-02
      vertex 2.257051372e-01 2.428864305e-01 -5.000000000e-02
      vertex 2.257051372e-01 2.428864305e-01 1.500000000e-01
    endloop
  endfacet
  facet normal 5.349976199e-01 8.448535652e-01 -0.000000000e+00
    outer loop
      vertex 2.277785117e-01 2.415734806e-01 -5.000000000e-02
      vertex 2.257051372e-01 2.428864305e-01 1.500000000e-01
      vertex 2.277785117e-01 2.415734806e-01 1.500000000e-01
    endloop
  endfacet
  facet normal 0.000000000e+00 0.000000000e+00 -1.000000000e+00
    outer loop
      vertex 2.000000000e-01 2.000000000e-01 -5.000000000e-02
      vertex 2.257051372e-01 2.428864305e-01 -5.000000000e-02
      vertex 2.277785117e-01 2.415734806e-01 -5.000000000e-02
    endloop
  endfacet
  facet normal 0.000000000e+00 0.000000000e+00 1.000000000e+00
    outer loop
      vertex 2.000000000e-01 2.000000000e-01 1.500000000e-01
      vertex 2.277785117e-01 2.415734806e-01 1.500000000e-01
      vertex 2.257051372e-01 2.428864305e-01 1.500000000e-01
    endloop
  endfacet
  facet normal 4.928981922e-01 8.700869911e-01 0.000000000e+00
    outer loop
      vertex 2.257051372e-01 2.428864305e-01 -5.000000000e-02
      vertex 2.235698368e-01 2.440960632e-01 -5.000000000e-02
      vertex 2.235698368e-01 2.440960632e-01 1.500000000e-01
    endloop
  endfacet
  facet normal 4.928981922e-01 8.700869911e-01 -0.000000000e+00
    outer loop
      vertex 2.257051372e-01 2.428864305e-01 -5.000000000e-02
      vertex 2.235698368e-01 2.440960632e-01 1.500000000e-01
      vertex 2.257051372e-01 2.428864305e-01 1.500000000e-01
    endloop
  endfacet
  facet normal 0.000000000e+00 0.000000000e+00 -1.000000000e+00
    outer loop
      vertex 2.000000000e-01 2.000000000e-01 -5.000000000e-02
      vertex 2.235698368e-01 2.440960632e-01 -5.000000000e-02
      vertex 2.257051372e-01 2.428864305e-01 -5.000000000e-02
    endloop
  endfacet
  facet normal 0.000000000e+00 0.000000000e+00 1.000000000e+00
    outer loop
      vertex 2.000000000e-01 2.000000000e-01 1.500000000e-01
      vertex 2.257051372e-01 2.428864305e-01 1.500000000e-01
      vertex 2.235698368e-01 2.440960632e-01 1.500000000e-01
    endloop
  endfacet
  facet normal 4.496113297e-01 8.932243012e-01 0.000000000e+00
    outer loop
      vertex 2.235698368e-01 2.440960632e-01 -5.000000000e-02
      vertex 2.213777547e-01 2.451994647e-01 -5.000000000e-02
      vertex 2.213777547e-01 2.451994647e-01 1.500000000e-01
    endloop
  endfacet
  facet normal 4.496113297e-01 8.932243012e-01 -0.000000000e+00
    outer loop
      vertex 2.235698368e-01 2.440960632e-01 -5.000000000e-02
      vertex 2.213777547e-01 2.451994647e-01 1.500000000e-01
      vertex 2.235698368e-01 2.440960632e-01 1.500000000e-01
    endloop
  endfacet
  facet normal 0.000000000e+00 0.000000000e+00 -1.000000000e+00
    outer loop
      vertex 2.000000000e-01 2.000000000e-01 -5.000000000e-02
      vertex 2.213777547e-01 2.451994647e-01 -5.000000000e-02
      vertex 2.235698368e-01 2.440960632e-01 -5.000000000e-02
    endloop
  endfacet
  facet normal 0.000000000e+00 0.000000000e+00 1.000000000e+00
    outer loop
      vertex 2.000000000e-01 2.000000000e-01 1.500000000e-01
      vertex 2.235698368e-01 2.440960632e-01 1.500000000e-01
      vertex 2.213777547e-01 2.451994647e-01 1.500000000e-01
    endloop
  endfacet
  facet normal 4.052413140e-01 9.142097557e-01 0.000000000e+00
    outer loop
      vertex 2.213777547e-01 2.451994647e-01 -5.000000000e-02
      vertex 2.191341716e-01 2.461939766e-01 -5.000000000e-02
      vertex 2.191341716e-01 2.461939766e-01 1.500000000e-01
    endloop
  endfacet
  facet normal 4.052413140e-01 9.142097557e-01 -0.000000000e+00
    outer loop
      vertex 2.213777547e-01 2.451994647e-01 -5.000000000e-02
      vertex 2.191341716e-01 2.461939766e-01 1.500000000e-01
      vertex 2.213777547e-01 2.451994647e-01 1.500000000e-01
    endloop
  endfacet
  facet normal 0.000000000e+00 0.000000000e+00 -1.000000000e+00
    outer loop
      vertex 2.000000000e-01 2.000000000e-01 -5.000000000e-02
      vertex 2.191341716e-01 2.461939766e-01 -5.000000000e-02
      vertex 2.213777547e-01 2.451994647e-01 -5.000000000e-02
    endloop
  endfacet
  facet normal 0.000000000e+00 0.000000000e+00 1.000000000e+00
    outer loop
      vertex 2.000000000e-01 2.000000000e-01 1.500000000e-01
      vertex 2.213777547e-01 2.451994647e-01 1.500000000e-01
      vertex 2.191341716e-01 2.461939766e-01 1.500000000e-01
    endloop
  endfacet
  facet normal 3.598950365e-01 9.329927988e-01 0.000000000e+00
    outer loop
      vertex 2.191341716e-01 2.461939766e-01 -5.000000000e-02
      vertex 2.168444927e-01 2.470772033e-01 -5.000000000e-02
      vertex 2.168444927e-01 2.470772033e-01 1.500000000e-01
    endloop
  endfacet
  facet normal 3.598950365e-01 9.329927988e-01 -0.000000000e+00
    outer loop
      vertex 2.191341716e-01 2.461939766e-01 -5.000000000e-02
      vertex 2.168444927e-01 2.470772033e-01 1.500000000e-01
      vertex 2.191341716e-01 2.461939766e-01 1.500000000e-01
    endloop
  endfacet
  facet normal 0.000000000e+00 0.000000000e+00 -1.000000000e+00
    outer loop
      vertex 2.000000000e-01 2.000000000e-01 -5.000000000e-02
      vertex 2.168444927e-01 2.470772033e-01 -5.000000000e-02
      vertex 2.191341716e-01 2.461939766e-01 -5.000000000e-02
    endloop
  endfacet
  facet normal 0.000000000e+00 0.000000000e+00 1.000000000e+00
    outer loop
      vertex 2.000000000e-01 2.000000000e-01 1.500000000e-01
      vertex 2.191341716e-01 2.461939766e-01 1.500000000e-01
      vertex 2.168444927e-01 2.470772033e-01 1.500000000e-01
    endloop
  endfacet
  facet normal 3.136817404e-01 9.495281806e-01 0.000000000e+00
    outer loop
      vertex 2.168444927e-01 2.470772033e-01 -5.000000000e-02
      vertex 2.145142339e-01 2.478470168e-01 -5.000000000e-02
      vertex 2.145142339e-01 2.478470168e-01 1.500000000e-01
    endloop
  endfacet
  facet normal 3.136817404e-01 9.495281806e-01 -0.000000000e+00
    outer loop
      vertex 2.168444927e-01 2.470772033e-01 -5.000000000e-02
      vertex 2.145142339e-01 2.478470168e-01 1.500000000e-01
      vertex 2.168444927e-01 2.470772033e-01 1.500000000e-01
    endloop
  endfacet
  facet normal 0.000000000e+00 0.000000000e+00 -1.000000000e+00
    outer loop
      vertex 2.000000000e-01 2.000000000e-01 -5.000000000e-02
      vertex 2.145142339e-01 2.478470168e-01 -5.000000000e-02
      vertex 2.168444927e-01 2.470772033e-01 -5.000000000e-02
    endloop
  endfacet
  facet normal 0.000000000e+00 0.000000000e+00 1.000000000e+00
    outer loop
      vertex 2.000000000e-01 2.000000000e-01 1.500000000e-01
      vertex 2.168444927e-01 2.470772033e-01 1.500000000e-01
      vertex 2.145142339e-01 2.478470168e-01 1.500000000e-01
    endloop
  endfacet
  facet normal 2.667127575e-01 9.637760658e-01 0.000000000e+00
    outer loop
      vertex 2.145142339e-01 2.478470168e-01 -5.000000000e-02
      vertex 2.121490090e-01 2.485015627e-01 -5.000000000e-02
      vertex 2.121490090e-01 2.485015627e-01 1.500000000e-01
    endloop
  endfacet
  facet normal 2.667127575e-01 9.637760658e-01 -0.000000000e+00
    outer loop
      vertex 2.145142339e-01 2.478470168e-01 -5.000000000e-02
      vertex 2.121490090e-01 2.485015627e-01 1.500000000e-01
      vertex 2.145142339e-01 2.478470168e-01 1.500000000e-01
    endloop
  endfacet
  facet normal 0.000000000e+00 0.000000000e+00 -1.000000000e+00
    outer loop
      vertex 2.000000000e-01 2.000000000e-01 -5.000000000e-02
      vertex 2.121490090e-01 2.485015627e-01 -5.000000000e-02
      vertex 2.145142339e-01 2.478470168e-01 -5.000000000e-02
    endloop
  endfacet
  facet normal 0.000000000e+00 0.000000000e+00 1.000000000e+00
    outer loop
      vertex 2.000000000e-01 2.000000000e-01 1.500000000e-01
      vertex 2.145142339e-01 2.478470168e-01 1.500000000e-01
      vertex 2.121490090e-01 2.485015627e-01 1.500000000e-01
    endloop
  endfacet
  facet normal 2.191012402e-01 9.757021300e-01 0.000000000e+00
    outer loop
      vertex 2.121490090e-01 2.485015627e-01 -5.000000000e-02
      vertex 2.097545161e-01 2.490392640e-01 -5.000000000e-02
      vertex 2.097545161e-01 2.490392640e-01 1.500000000e-01
    endloop
  endfacet
  facet normal 2.191012402e-01 9.757021300e-01 -0.000000000e+00
    outer loop
      vertex 2.121490090e-01 2.485015627e-01 -5.000000000e-02
      vertex 2.097545161e-01 2.490392640e-01 1.500000000e-01
      vertex 2.121490090e-01 2.485015627e-01 1.500000000e-01
    endloop
  endfacet
  facet normal 0.000000000e+00 0.000000000e+00 -1.000000000e+00
    outer loop
      vertex 2.000000000e-01 2.000000000e-01 -5.000000000e-02
      vertex 2.097545161e-01 2.490392640e-01 -5.000000000e-02
      vertex 2.121490090e-01 2.485015627e-01 -5.000000000e-02
    endloop
  endfacet
  facet normal 0.000000000e+00 0.000000000e+00 1.000000000e+00
    outer loop
      vertex 2.000000000e-01 2.000000000e-01 1.500000000e-01
      vertex 2.121490090e-01 2.485015627e-01 1.500000000e-01
      vertex 2.097545161e-01 2.490392640e-01 1.500000000e-01
    endloop
  endfacet
  facet normal 1.709618888e-01 9.852776424e-01 0.000000000e+00
    outer loop
      vertex 2.097545161e-01 2.490392640e-01 -5.000000000e-02
      vertex 2.073365237e-01 2.494588255e-01 -5.000000000e-02
      vertex 2.073365237e-01 2.494588255e-01 1.500000000e-01
    endloop
  endfacet
  facet normal 1.709618888e-01 9.852776424e-01 -0.000000000e+00
    outer loop
      vertex 2.097545161e-01 2.490392640e-01 -5.000000000e-02
      vertex 2.073365237e-01 2.494588255e-01 1.500000000e-01
      vertex 2.097545161e-01 2.490392640e-01 1.500000000e-01
    endloop
  endfacet
  facet normal 0.000000000e+00 0.000000000e+00 -1.000000000e+00
    outer loop
      vertex 2.000000000e-01 2.000000000e-01 -5.000000000e-02
      vertex 2.073365237e-01 2.494588255e-01 -5.000000000e-02
      vertex 2.097545161e-01 2.490392640e-01 -5.000000000e-02
    endloop
  endfacet
  facet normal 0.000000000e+00 0.000000000e+00 1.000000000e+00
    outer loop
      vertex 2.000000000e-01 2.000000000e-01 1.500000000e-01
      vertex 2.097545161e-01 2.490392640e-01 1.500000000e-01
      vertex 2.073365237e-01 2.494588255e-01 1.500000000e-01
    endloop
  endfacet
  facet normal 1.224106752e-01 9.924795346e-01 0.000000000e+00
    outer loop
      vertex 2.073365237e-01 2.494588255e-01 -5.000000000e-02
      vertex 2.049008570e-01 2.497592363e-01 -5.000000000e-02
      vertex 2.049008570e-01 2.497592363e-01 1.500000000e-01
    endloop
  endfacet
  facet normal 1.224106752e-01 9.924795346e-01 -0.000000000e+00
    outer loop
      vertex 2.073365237e-01 2.494588255e-01 -5.000000000e-02
      vertex 2.049008570e-01 2.497592363e-01 1.500000000e-01
      vertex 2.073365237e-01 2.494588255e-01 1.500000000e-01
    endloop
  endfacet
  facet normal 0.000000000e+00 0.000000000e+00 -1.000000000e+00
    outer loop
      vertex 2.000000000e-01 2.000000000e-01 -5.000000000e-02
      vertex 2.049008570e-01 2.497592363e-01 -5.000000000e-02
      vertex 2.073365237e-01 2.494588255e-01 -5.000000000e-02
    endloop
  endfacet
  facet normal 0.000000000e+00 0.000000000e+00 1.000000000e+00
    outer loop
      vertex 2.000000000e-01 2.000000000e-01 1.500000000e-01
      vertex 2.073365237e-01 2.494588255e-01 1.500000000e-01
      vertex 2.049008570e-01 2.497592363e-01 1.500000000e-01
    endloop
  endfacet
  facet normal 7.356456360e-02 9.972904567e-01 0.000000000e+00
    outer loop
      vertex 2.049008570e-01 2.497592363e-01 -5.000000000e-02
      vertex 2.024533837e-01 2.499397728e-01 -5.000000000e-02
      vertex 2.024533837e-01 2.499397728e-01 1.500000000e-01
    endloop
  endfacet
  facet normal 7.356456360e-02 9.972904567e-01 -0.000000000e+00
    outer loop
      vertex 2.049008570e-01 2.497592363e-01 -5.000000000e-02
      vertex 2.024533837e-01 2.499397728e-01 1.500000000e-01
      vertex 2.049008570e-01 2.497592363e-01 1.500000000e-01
    endloop
  endfacet
  facet normal 0.000000000e+00 0.000000000e+00 -1.000000000e+00
    outer loop
      vertex 2.000000000e-01 2.000000000e-01 -5.000000000e-02
      vertex 2.024533837e-01 2.499397728e-01 -5.000000000e-02
      vertex 2.049008570e-01 2.497592363e-01 -5.000000000e-02
    endloop
  endfacet
  facet normal 0.000000000e+00 0.000000000e+00 1.000000000e+00
    outer loop
      vertex 2.000000000e-01 2.000000000e-01 1.500000000e-01
      vertex 2.049008570e-01 2.497592363e-01 1.500000000e-01
      vertex 2.024533837e-01 2.499397728e-01 1.500000000e-01
    endloop
  endfacet
  facet normal 2.454122852e-02 9.996988187e-01 0.000000000e+00
    outer loop
      vertex 2.024533837e-01 2.499397728e-01 -5.000000000e-02
      vertex 2.000000000e-01 2.500000000e-01 -5.000000000e-02
      vertex 2.000000000e-01 2.500000000e-01 1.500000000e-01
    endloop
  endfacet
  facet normal 2.454122852e-02 9.996988187e-01 -0.000000000e+00
    outer loop
      vertex 2.024533837e-01 2.499397728e-01 -5.000000000e-02
      vertex 2.000000000e-01 2.500000000e-01 1.500000000e-01
      vertex 2.024533837e-01 2.499397728e-01 1.500000000e-01
    endloop
  endfacet
  facet normal 0.000000000e+00 0.000000000e+00 -1.000000000e+00
    outer loop
      vertex 2.000000000e-01 2.000000000e-01 -5.000000000e-02
      vertex 2.000000000e-01 2.500000000e-01 -5.000000000e-02
      vertex 2.024533837e-01 2.499397728e-01 -5.000000000e-02
    endloop
  endfacet
  facet normal 0.000000000e+00 0.000000000e+00 1.000000000e+00
    outer loop
      vertex 2.000000000e-01 2.000000000e-01 1.500000000e-01
      vertex 2.024533837e-01 2.499397728e-01 1.500000000e-01
      vertex 2.000000000e-01 2.500000000e-01 1.500000000e-01
    endloop
  endfacet
  facet normal -2.454122852e-02 9.996988187e-01 0.000000000e+00
    outer loop
      vertex 2.000000000e-01 2.500000000e-01 -5.000000000e-02
      vertex 1.975466163e-01 2.499397728e-01 -5.000000000e-02
      vertex 1.975466163e-01 2.499397728e-01 1.500000000e-01
    endloop
  endfacet
  facet normal -2.454122852e-02 9.996988187e-01 0.000000000e+00
    outer loop
      vertex 2.000000000e-01 2.500000000e-01 -5.000000000e-02
      vertex 1.975466163e-01 2.499397728e-01 1.500000000e-01
      vertex 2.000000000e-01 2.500000000e-01 1.500000000e-01
    endloop
  endfacet
  facet normal 0.000000000e+00 0.000000000e+00 -1.000000000e+00
    outer loop
      vertex 2.000000000e-01 2.000000000e-01 -5.000000000e-02
      vertex 1.975466163e-01 2.499397728e-01 -5.000000000e-02
      vertex 2.000000000e-01 2.500000000e-01 -5.000000000e-02
    endloop
  endfacet
  facet normal 0.000000000e+00 -0.000000000e+00 1.000000000e+00
    outer loop
      vertex 2.000000000e-01 2.000000000e-01 1.500000000e-01
      vertex 2.000000000e-01 2.500000000e-01 1.500000000e-01
      vertex 1.975466163e-01 2.499397728e-01 1.500000000e-01
    endloop
  endfacet
  facet normal -7.356456360e-02 9.972904567e-01 0.000000000e+00
    outer loop
      vertex 1.975466163e-01 2.499397728e-01 -5.000000000e-02
      vertex 1.950991430e-01 2.497592363e-01 -5.000000000e-02
      vertex 1.950991430e-01 2.497592363e-01 1.500000000e-01
    endloop
  endfacet
  facet normal -7.356456360e-02 9.972904567e-01 0.000000000e+00
    outer loop
      vertex 1.975466163e-01 2.499397728e-01 -5.000000000e-02
      vertex 1.950991430e-01 2.497592363e-01 1.500000000e-01
      vertex 1.975466163e-01 2.499397728e-01 1.500000000e-01
    endloop
  endfacet
  facet normal 0.000000000e+00 0.000000000e+00 -1.000000000e+00
    outer loop
      vertex 2.000000000e-01 2.000000000e-01 -5.000000000e-02
      vertex 1.950991430e-01 2.497592363e-01 -5.000000000e-02
      vertex 1.975466163e-01 2.499397728e-01 -5.000000000e-02
    endloop
  endfacet
  facet normal 0.000000000e+00 0.000000000e+00 1.000000000e+00
    outer loop
      vertex 2.000000000e-01 2.000000000e-01 1.500000000e-01
      vertex 1.975466163e-01 2.499397728e-01 1.500000000e-01
      vertex 1.950991430e-01 2.497592363e-01 1.500000000e-01
    endloop
  endfacet
  facet normal -1.224106752e-01 9.924795346e-01 0.000000000e+00
    outer loop
      vertex 1.950991430e-01 2.497592363e-01 -5.000000000e-02
      vertex 1.926634763e-01 2.494588255e-01 -5.000000000e-02
      vertex 1.926634763e-01 2.494588255e-01 1.500000000e-01
    endloop
  endfacet
  facet normal -1.224106752e-01 9.924795346e-01 0.000000000e+00
    outer loop
      vertex 1.950991430e-01 2.497592363e-01 -5.000000000e-02
      vertex 1.926634763e-01 2.494588255e-01 1.500000000e-01
      vertex 1.950991430e-01 2.497592363e-01 1.500000000e-01
    endloop
  endfacet
  facet normal 0.000000000e+00 0.000000000e+00 -1.000000000e+00
    outer loop
      vertex 2.000000000e-01 2.000000000e-01 -5.000000000e-02
      vertex 1.926634763e-01 2.494588255e-01 -5.000000000e-02
      vertex 1.950991430e-01 2.497592363e-01 -5.000000000e-02
    endloop
  endfacet
  facet normal 0.000000000e+00 0.000000000e+00 1.000000000e+00
    outer loop
      vertex 2.000000000e-01 2.000000000e-01 1.500000000e-01
      vertex 1.950991430e-01 2.497592363e-01 1.500000000e-01
      vertex 1.926634763e-01 2.494588255e-01 1.500000000e-01
    endloop
  endfacet
  facet normal -1.709618888e-01 9.852776424e-01 0.000000000e+00
    outer loop
      vertex 1.926634763e-01 2.494588255e-01 -5.000000000e-02
      vertex 1.902454839e-01 2.490392640e-01 -5.000000000e-02
      vertex 1.902454839e-01 2.490392640e-01 1.500000000e-01
    endloop
  endfacet
  facet normal -1.709618888e-01 9.852776424e-01 0.000000000e+00
    outer loop
      vertex 1.926634763e-01 2.494588255e-01 -5.000000000e-02
      vertex 1.902454839e-01 2.490392640e-01 1.500000000e-01
      vertex 1.926634763e-01 2.494588255e-01 1.500000000e-01
    endloop
  endfacet
  facet normal 0.000000000e+00 0.000000000e+00 -1.000000000e+00
    outer loop
      vertex 2.000000000e-01 2.000000000e-01 -5.000000000e-02
      vertex 1.902454839e-01 2.490392640e-01 -5.000000000e-02
      vertex 1.926634763e-01 2.494588255e-01 -5.000000000e-02
    endloop
  endfacet
  facet normal 0.000000000e+00 0.000000000e+00 1.000000000e+00
    outer loop
      vertex 2.000000000e-01 2.000000000e-01 1.500000000e-01
      vertex 1.926634763e-01 2.494588255e-01 1.500000000e-01
      vertex 1.902454839e-01 2.490392640e-01 1.500000000e-01
    endloop
  endfacet
  facet normal -2.191012402e-01 9.757021300e-01 0.000000000e+00
    outer loop
      vertex 1.902454839e-01 2.490392640e-01 -5.000000000e-02
      vertex 1.878509910e-01 2.485015627e-01 -5.000000000e-02
      vertex 1.878509910e-01 2.485015627e-01 1.500000000e-01
    endloop
  endfacet
  facet normal -2.191012402e-01 9.757021300e-01 0.000000000e+00
    outer loop
      vertex 1.902454839e-01 2.490392640e-01 -5.000000000e-02
      vertex 1.878509910e-01 2.485015627e-01 1.500000000e-01
      vertex 1.902454839e-01 2.490392640e-01 1.500000000e-01
    endloop
  endfacet
  facet normal 0.000000000e+00 0.000000000e+00 -1.000000000e+00
    outer loop
      vertex 2.000000000e-01 2.000000000e-01 -5.000000000e-02
      vertex 1.878509910e-01 2.485015627e-01 -5.000000000e-02
      vertex 1.902454839e-01 2.490392640e-01 -5.000000000e-02
    endloop
  endfacet
  facet normal 0.000000000e+00 0.000000000e+00 1.000000000e+00
    outer loop
      vertex 2.000000000e-01 2.000000000e-01 1.500000000e-01
      vertex 1.902454839e-01 2.490392640e-01 1.500000000e-01
      vertex 1.878509910e-01 2.485015627e-01 1.500000000e-01
    endloop
  endfacet
  facet normal -2.667127575e-01 9.637760658e-01 0.000000000e+00
    outer loop
      vertex 1.878509910e-01 2.485015627e-01 -5.000000000e-02
      vertex 1.854857661e-01 2.478470168e-01 -5.000000000e-02
      vertex 1.854857661e-01 2.478470168e-01 1.500000000e-01
    endloop
  endfacet
  facet normal -2.667127575e-01 9.637760658e-01 0.000000000e+00
    outer loop
      vertex 1.878509910e-01 2.485015627e-01 -5.000000000e-02
      vertex 1.854857661e-01 2.478470168e-01 1.500000000e-01
      vertex 1.878509910e-01 2.485015627e-01 1.500000000e-01
    endloop
  endfacet
  facet normal 0.000000000e+00 0.000000000e+00 -1.000000000e+00
    outer loop
      vertex 2.000000000e-01 2.000000000e-01 -5.000000000e-02
      vertex 1.854857661e-01 2.478470168e-01 -5.000000000e-02
      vertex 1.878509910e-01 2.485015627e-01 -5.000000000e-02
    endloop
  endfacet
  facet normal 0.000000000e+00 0.000000000e+00 1.000000000e+00
    outer loop
      vertex 2.000000000e-01 2.000000000e-01 1.500000000e-01
      vertex 1.878509910e-01 2.485015627e-01 1.500000000e-01
      vertex 1.854857661e-01 2.478470168e-01 1.500000000e-01
    endloop
  endfacet
  facet normal -3.136817404e-01 9.495281806e-01 0.000000000e+00
    outer loop
      vertex 1.854857661e-01 2.478470168e-01 -5.000000000e-02
      vertex 1.831555073e-01 2.470772033e-01 -5.000000000e-02
      vertex 1.831555073e-01 2.470772033e-01 1.500000000e-01
    endloop
  endfacet
  facet normal -3.136817404e-01 9.495281806e-01 0.000000000e+00
    outer loop
      vertex 1.854857661e-01 2.478470168e-01 -5.000000000e-02
      vertex 1.831555073e-01 2.470772033e-01 1.500000000e-01
      vertex 1.854857661e-01 2.478470168e-01 1.500000000e-01
    endloop
  endfacet
  facet normal 0.000000000e+00 0.000000000e+00 -1.000000000e+00
    outer loop
      vertex 2.000000000e-01 2.000000000e-01 -5.000000000e-02
      vertex 1.831555073e-01 2.470772033e-01 -5.000000000e-02
      vertex 1.854857661e-01 2.478470168e-01 -5.000000000e-02
    endloop
  endfacet
  facet normal 0.000000000e+00 0.000000000e+00 1.000000000e+00
    outer loop
      vertex 2.000000000e-01 2.000000000e-01 1.500000000e-01
      vertex 1.854857661e-01 2.478470168e-01 1.500000000e-01
      vertex 1.831555073e-01 2.470772033e-01 1.500000000e-01
    endloop
  endfacet
  facet normal -3.598950365e-01 9.329927988e-01 0.000000000e+00
    outer loop
      vertex 1.831555073e-01 2.470772033e-01 -5.000000000e-02
      vertex 1.808658284e-01 2.461939766e-01 -5.000000000e-02
      vertex 1.808658284e-01 2.461939766e-01 1.500000000e-01
    endloop
  endfacet
  facet normal -3.598950365e-01 9.329927988e-01 0.000000000e+00
    outer loop
      vertex 1.831555073e-01 2.470772033e-01 -5.000000000e-02
      vertex 1.808658284e-01 2.461939766e-01 1.500000000e-01
      vertex 1.831555073e-01 2.470772033e-01 1.500000000e-01
    endloop
  endfacet
  facet normal 0.000000000e+00 0.000000000e+00 -1.000000000e+00
    outer loop
      vertex 2.000000000e-01 2.000000000e-01 -5.000000000e-02
      vertex 1.808658284e-01 2.461939766e-01 -5.000000000e-02
      vertex 1.831555073e-01 2.470772033e-01 -5.000000000e-02
    endloop
  endfacet
  facet normal 0.000000000e+00 0.000000000e+00 1.000000000e+00
    outer loop
      vertex 2.000000000e-01 2.000000000e-01 1.500000000e-01
      vertex 1.831555073e-01 2.470772033e-01 1.500000000e-01
      vertex 1.808658284e-01 2.461939766e-01 1.500000000e-01
    endloop
  endfacet
  facet normal -4.052413140e-01 9.142097557e-01 0.000000000e+00
    outer loop
      vertex 1.808658284e-01 2.461939766e-01 -5.000000000e-02
      vertex 1.786222453e-01 2.451994647e-01 -5.000000000e-02
      vertex 1.786222453e-01 2.451994647e-01 1.500000000e-01
    endloop
  endfacet
  facet normal -4.052413140e-01 9.142097557e-01 0.000000000e+00
    outer loop
      vertex 1.808658284e-01 2.461939766e-01 -5.000000000e-02
      vertex 1.786222453e-01 2.451994647e-01 1.500000000e-01
      vertex 1.808658284e-01 2.461939766e-01 1.500000000e-01
    endloop
  endfacet
  facet normal 0.000000000e+00 0.000000000e+00 -1.000000000e+00
    outer loop
      vertex 2.000000000e-01 2.000000000e-01 -5.000000000e-02
      vertex 1.786222453e-01 2.451994647e-01 -5.000000000e-02
      vertex 1.808658284e-01 2.461939766e-01 -5.000000000e-02
    endloop
  endfacet
  facet normal 0.000000000e+00 0.000000000e+00 1.000000000e+00
    outer loop
      vertex 2.000000000e-01 2.000000000e-01 1.500000000e-01
      vertex 1.808658284e-01 2.461939766e-01 1.500000000e-01
      vertex 1.786222453e-01 2.451994647e-01 1.500000000e-01
    endloop
  endfacet
  facet normal -4.496113297e-01 8.932243012e-01 0.000000000e+00
    outer loop
      vertex 1.786222453e-01 2.451994647e-01 -5.000000000e-02
      vertex 1.764301632e-01 2.440960632e-01 -5.000000000e-02
      vertex 1.764301632e-01 2.440960632e-01 1.500000000e-01
    endloop
  endfacet
  facet normal -4.496113297e-01 8.932243012e-01 0.000000000e+00
    outer loop
      vertex 1.786222453e-01 2.451994647e-01 -5.000000000e-02
      vertex 1.764301632e-01 2.440960632e-01 1.500000000e-01
      vertex 1.786222453e-01 2.451994647e-01 1.500000000e-01
    endloop
  endfacet
  facet normal 0.000000000e+00 0.000000000e+00 -1.000000000e+00
    outer loop
      vertex 2.000000000e-01 2.000000000e-01 -5.000000000e-02
      vertex 1.764301632e-01 2.440960632e-01 -5.000000000e-02
      vertex 1.786222453e-01 2.451994647e-01 -5.000000000e-02
    endloop
  endfacet
  facet normal 0.000000000e+00 0.000000000e+00 1.000000000e+00
    outer loop
      vertex 2.000000000e-01 2.000000000e-01 1.500000000e-01
      vertex 1.786222453e-01 2.451994647e-01 1.500000000e-01
      vertex 1.764301632e-01 2.440960632e-01 1.500000000e-01
    endloop
  endfacet
  facet normal -4.928981922e-01 8.700869911e-01 0.000000000e+00
    outer loop
      vertex 1.764301632e-01 2.440960632e-01 -5.000000000e-02
      vertex 1.742948628e-01 2.428864305e-01 -5.000000000e-02
      vertex 1.742948628e-01 2.428864305e-01 1.500000000e-01
    endloop
  endfacet
  facet normal -4.928981922e-01 8.700869911e-01 0.000000000e+00
    outer loop
      vertex 1.764301632e-01 2.440960632e-01 -5.000000000e-02
      vertex 1.742948628e-01 2.428864305e-01 1.500000000e-01
      vertex 1.764301632e-01 2.440960632e-01 1.500000000e-01
    endloop
  endfacet
  facet normal 0.000000000e+00 0.000000000e+00 -1.000000000e+00
    outer loop
      vertex 2.000000000e-01 2.000000000e-01 -5.000000000e-02
      vertex 1.742948628e-01 2.428864305e-01 -5.000000000e-02
      vertex 1.764301632e-01 2.440960632e-01 -5.000000000e-02
    endloop
  endfacet
  facet normal 0.000000000e+00 0.000000000e+00 1.000000000e+00
    outer loop
      vertex 2.000000000e-01 2.000000000e-01 1.500000000e-01
      vertex 1.764301632e-01 2.440960632e-01 1.500000000e-01
      vertex 1.742948628e-01 2.428864305e-01 1.500000000e-01
    endloop
  endfacet
  facet normal -5.349976199e-01 8.448535652e-01 0.000000000e+00
    outer loop
      vertex 1.742948628e-01 2.428864305e-01 -5.000000000e-02
      vertex 1.722214883e-01 2.415734806e-01 -5.000000000e-02
      vertex 1.722214883e-01 2.415734806e-01 1.500000000e-01
    endloop
  endfacet
  facet normal -5.349976199e-01 8.448535652e-01 0.000000000e+00
    outer loop
      vertex 1.742948628e-01 2.428864305e-01 -5.000000000e-02
      vertex 1.722214883e-01 2.415734806e-01 1.500000000e-01
      vertex 1.742948628e-01 2.428864305e-01 1.500000000e-01
    endloop
  endfacet
  facet normal 0.000000000e+00 0.000000000e+00 -1.000000000e+00
    outer loop
      vertex 2.000000000e-01 2.000000000e-01 -5.000000000e-02
      vertex 1.722214883e-01 2.415734806e-01 -5.000000000e-02
      vertex 1.742948628e-01 2.428864305e-01 -5.000000000e-02
    endloop
  endfacet
  facet normal 0.000000000e+00 0.000000000e+00 1.000000000e+00
    outer loop
      vertex 2.000000000e-01 2.000000000e-01 1.500000000e-01
      vertex 1.742948628e-01 2.428864305e-01 1.500000000e-01
      vertex 1.722214883e-01 2.415734806e-01 1.500000000e-01
    endloop
  endfacet
  facet normal -5.758081914e-01 8.175848132e-01 0.000000000e+00
    outer loop
      vertex 1.722214883e-01 2.415734806e-01 -5.000000000e-02
      vertex 1.702150348e-01 2.401603766e-01 -5.000000000e-02
      vertex 1.702150348e-01 2.401603766e-01 1.500000000e-01
    endloop
  endfacet
  facet normal -5.758081914e-01 8.175848132e-01 0.000000000e+00
    outer loop
      vertex 1.722214883e-01 2.415734806e-01 -5.000000000e-02
      vertex 1.702150348e-01 2.401603766e-01 1.500000000e-01
      vertex 1.722214883e-01 2.415734806e-01 1.500000000e-01
    endloop
  endfacet
  facet normal 0.000000000e+00 0.000000000e+00 -1.000000000e+00
    outer loop
      vertex 2.000000000e-01 2.000000000e-01 -5.000000000e-02
      vertex 1.702150348e-01 2.401603766e-01 -5.000000000e-02
      vertex 1.722214883e-01 2.415734806e-01 -5.000000000e-02
    endloop
  endfacet
  facet normal 0.000000000e+00 0.000000000e+00 1.000000000e+00
    outer loop
      vertex 2.000000000e-01 2.000000000e-01 1.500000000e-01
      vertex 1.722214883e-01 2.415734806e-01 1.500000000e-01
      vertex 1.702150348e-01 2.401603766e-01 1.500000000e-01
    endloop
  endfacet
  facet normal -6.152315906e-01 7.883464276e-01 0.000000000e+00
    outer loop
      vertex 1.702150348e-01 2.401603766e-01 -5.000000000e-02
      vertex 1.682803358e-01 2.386505227e-01 -5.000000000e-02
      vertex 1.682803358e-01 2.386505227e-01 1.500000000e-01
    endloop
  endfacet
  facet normal -6.152315906e-01 7.883464276e-01 0.000000000e+00
    outer loop
      vertex 1.702150348e-01 2.401603766e-01 -5.000000000e-02
      vertex 1.682803358e-01 2.386505227e-01 1.500000000e-01
      vertex 1.702150348e-01 2.401603766e-01 1.500000000e-01
    endloop
  endfacet
  facet normal 0.000000000e+00 0.000000000e+00 -1.000000000e+00
    outer loop
      vertex 2.000000000e-01 2.000000000e-01 -5.000000000e-02
      vertex 1.682803358e-01 2.386505227e-01 -5.000000000e-02
      vertex 1.702150348e-01 2.401603766e-01 -5.000000000e-02
    endloop
  endfacet
  facet normal 0.000000000e+00 0.000000000e+00 1.000000000e+00
    outer loop
      vertex 2.000000000e-01 2.000000000e-01 1.500000000e-01
      vertex 1.702150348e-01 2.401603766e-01 1.500000000e-01
      vertex 1.682803358e-01 2.386505227e-01 1.500000000e-01
    endloop
  endfacet
  facet normal -6.531728430e-01 7.572088465e-01 0.000000000e+00
    outer loop
      vertex 1.682803358e-01 2.386505227e-01 -5.000000000e-02
      vertex 1.664220523e-01 2.370475563e-01 -5.000000000e-02
      vertex 1.664220523e-01 2.370475563e-01 1.500000000e-01
    endloop
  endfacet
  facet normal -6.531728430e-01 7.572088465e-01 0.000000000e+00
    outer loop
      vertex 1.682803358e-01 2.386505227e-01 -5.000000000e-02
      vertex 1.664220523e-01 2.370475563e-01 1.500000000e-01
      vertex 1.682803358e-01 2.386505227e-01 1.500000000e-01
    endloop
  endfacet
  facet normal 0.000000000e+00 0.000000000e+00 -1.000000000e+00
    outer loop
      vertex 2.000000000e-01 2.000000000e-01 -5.000000000e-02
      vertex 1.664220523e-01 2.370475563e-01 -5.000000000e-02
      vertex 1.682803358e-01 2.386505227e-01 -5.000000000e-02
    endloop
  endfacet
  facet normal 0.000000000e+00 0.000000000e+00 1.000000000e+00
    outer loop
      vertex 2.000000000e-01 2.000000000e-01 1.500000000e-01
      vertex 1.682803358e-01 2.386505227e-01 1.500000000e-01
      vertex 1.664220523e-01 2.370475563e-01 1.500000000e-01
    endloop
  endfacet
  facet normal -6.895405447e-01 7.242470830e-01 0.000000000e+00
    outer loop
      vertex 1.664220523e-01 2.370475563e-01 -5.000000000e-02
      vertex 1.646446609e-01 2.353553391e-01 -5.000000000e-02
      vertex 1.646446609e-01 2.353553391e-01 1.500000000e-01
    endloop
  endfacet
  facet normal -6.895405447e-01 7.242470830e-01 0.000000000e+00
    outer loop
      vertex 1.664220523e-01 2.370475563e-01 -5.000000000e-02
      vertex 1.646446609e-01 2.353553391e-01 1.500000000e-01
      vertex 1.664220523e-01 2.370475563e-01 1.500000000e-01
    endloop
  endfacet
  facet normal 0.000000000e+00 0.000000000e+00 -1.000000000e+00
    outer loop
      vertex 2.000000000e-01 2.000000000e-01 -5.000000000e-02
      vertex 1.646446609e-01 2.353553391e-01 -5.000000000e-02
      vertex 1.664220523e-01 2.370475563e-01 -5.000000000e-02
    endloop
  endfacet
  facet normal 0.000000000e+00 0.000000000e+00 1.000000000e+00
    outer loop
      vertex 2.000000000e-01 2.000000000e-01 1.500000000e-01
      vertex 1.664220523e-01 2.370475563e-01 1.500000000e-01
      vertex 1.646446609e-01 2.353553391e-01 1.500000000e-01
    endloop
  endfacet
  facet normal -7.242470830e-01 6.895405447e-01 0.000000000e+00
    outer loop
      vertex 1.646446609e-01 2.353553391e-01 -5.000000000e-02
      vertex 1.629524437e-01 2.335779477e-01 -5.000000000e-02
      vertex 1.629524437e-01 2.335779477e-01 1.500000000e-01
    endloop
  endfacet
  facet normal -7.242470830e-01 6.895405447e-01 0.000000000e+00
    outer loop
      vertex 1.646446609e-01 2.353553391e-01 -5.000000000e-02
      vertex 1.629524437e-01 2.335779477e-01 1.500000000e-01
      vertex 1.646446609e-01 2.353553391e-01 1.500000000e-01
    endloop
  endfacet
  facet normal 0.000000000e+00 0.000000000e+00 -1.000000000e+00
    outer loop
      vertex 2.000000000e-01 2.000000000e-01 -5.000000000e-02
      vertex 1.629524437e-01 2.335779477e-01 -5.000000000e-02
      vertex 1.646446609e-01 2.353553391e-01 -5.000000000e-02
    endloop
  endfacet
  facet normal 0.000000000e+00 0.000000000e+00 1.000000000e+00
    outer loop
      vertex 2.000000000e-01 2.000000000e-01 1.500000000e-01
      vertex 1.646446609e-01 2.353553391e-01 1.500000000e-01
      vertex 1.629524437e-01 2.335779477e-01 1.500000000e-01
    endloop
  endfacet
  facet normal -7.572088465e-01 6.531728430e-01 0.000000000e+00
    outer loop
      vertex 1.629524437e-01 2.335779477e-01 -5.000000000e-02
      vertex 1.613494773e-01 2.317196642e-01 -5.000000000e-02
      vertex 1.613494773e-01 2.317196642e-01 1.500000000e-01
    endloop
  endfacet
  facet normal -7.572088465e-01 6.531728430e-01 0.000000000e+00
    outer loop
      vertex 1.629524437e-01 2.335779477e-01 -5.000000000e-02
      vertex 1.613494773e-01 2.317196642e-01 1.500000000e-01
      vertex 1.629524437e-01 2.335779477e-01 1.500000000e-01
    endloop
  endfacet
  facet normal 0.000000000e+00 0.000000000e+00 -1.000000000e+00
    outer loop
      vertex 2.000000000e-01 2.000000000e-01 -5.000000000e-02
      vertex 1.613494773e-01 2.317196642e-01 -5.000000000e-02
      vertex 1.629524437e-01 2.335779477e-01 -5.000000000e-02
    endloop
  endfacet
  facet normal 0.000000000e+00 0.000000000e+00 1.000000000e+00
    outer loop
      vertex 2.000000000e-01 2.000000000e-01 1.500000000e-01
      vertex 1.629524437e-01 2.335779477e-01 1.500000000e-01
      vertex 1.613494773e-01 2.317196642e-01 1.500000000e-01
    endloop
  endfacet
  facet normal -7.883464276e-01 6.152315906e-01 0.000000000e+00
    outer loop
      vertex 1.613494773e-01 2.317196642e-01 -5.000000000e-02
      vertex 1.598396234e-01 2.297849652e-01 -5.000000000e-02
      vertex 1.598396234e-01 2.297849652e-01 1.500000000e-01
    endloop
  endfacet
  facet normal -7.883464276e-01 6.152315906e-01 0.000000000e+00
    outer loop
      vertex 1.613494773e-01 2.317196642e-01 -5.000000000e-02
      vertex 1.598396234e-01 2.297849652e-01 1.500000000e-01
      vertex 1.613494773e-01 2.317196642e-01 1.500000000e-01
    endloop
  endfacet
  facet normal 0.000000000e+00 0.000000000e+00 -1.000000000e+00
    outer loop
      vertex 2.000000000e-01 2.000000000e-01 -5.000000000e-02
      vertex 1.598396234e-01 2.297849652e-01 -5.000000000e-02
      vertex 1.613494773e-01 2.317196642e-01 -5.000000000e-02
    endloop
  endfacet
  facet normal 0.000000000e+00 0.000000000e+00 1.000000000e+00
    outer loop
      vertex 2.000000000e-01 2.000000000e-01 1.500000000e-01
      vertex 1.613494773e-01 2.317196642e-01 1.500000000e-01
      vertex 1.598396234e-01 2.297849652e-01 1.500000000e-01
    endloop
  endfacet
  facet normal -8.175848132e-01 5.758081914e-01 0.000000000e+00
    outer loop
      vertex 1.598396234e-01 2.297849652e-01 -5.000000000e-02
      vertex 1.584265194e-01 2.277785117e-01 -5.000000000e-02
      vertex 1.584265194e-01 2.277785117e-01 1.500000000e-01
    endloop
  endfacet
  facet normal -8.175848132e-01 5.758081914e-01 0.000000000e+00
    outer loop
      vertex 1.598396234e-01 2.297849652e-01 -5.000000000e-02
      vertex 1.584265194e-01 2.277785117e-01 1.500000000e-01
      vertex 1.598396234e-01 2.297849652e-01 1.500000000e-01
    endloop
  endfacet
  facet normal 0.000000000e+00 0.000000000e+00 -1.000000000e+00
    outer loop
      vertex 2.000000000e-01 2.000000000e-01 -5.000000000e-02
      vertex 1.584265194e-01 2.277785117e-01 -5.000000000e-02
      vertex 1.598396234e-01 2.297849652e-01 -5.000000000e-02
    endloop
  endfacet
  facet normal 0.000000000e+00 0.000000000e+00 1.000000000e+00
    outer loop
      vertex 2.000000000e-01 2.000000000e-01 1.500000000e-01
      vertex 1.598396234e-01 2.297849652e-01 1.500000000e-01
      vertex 1.584265194e-01 2.277785117e-01 1.500000000e-01
    endloop
  endfacet
  facet normal -8.448535652e-01 5.349976199e-01 0.000000000e+00
    outer loop
      vertex 1.584265194e-01 2.277785117e-01 -5.000000000e-02
      vertex 1.571135695e-01 2.257051372e-01 -5.000000000e-02
      vertex 1.571135695e-01 2.257051372e-01 1.500000000e-01
    endloop
  endfacet
  facet normal -8.448535652e-01 5.349976199e-01 0.000000000e+00
    outer loop
      vertex 1.584265194e-01 2.277785117e-01 -5.000000000e-02
      vertex 1.571135695e-01 2.257051372e-01 1.500000000e-01
      vertex 1.584265194e-01 2.277785117e-01 1.500000000e-01
    endloop
  endfacet
  facet normal 0.000000000e+00 0.000000000e+00 -1.000000000e+00
    outer loop
      vertex 2.000000000e-01 2.000000000e-01 -5.000000000e-02
      vertex 1.571135695e-01 2.257051372e-01 -5.000000000e-02
      vertex 1.584265194e-01 2.277785117e-01 -5.000000000e-02
    endloop
  endfacet
  facet normal 0.000000000e+00 0.000000000e+00 1.000000000e+00
    outer loop
      vertex 2.000000000e-01 2.000000000e-01 1.500000000e-01
      vertex 1.584265194e-01 2.277785117e-01 1.500000000e-01
      vertex 1.571135695e-01 2.257051372e-01 1.500000000e-01
    endloop
  endfacet
  facet normal -8.700869911e-01 4.928981922e-01 0.000000000e+00
    outer loop
      vertex 1.571135695e-01 2.257051372e-01 -5.000000000e-02
      vertex 1.559039368e-01 2.235698368e-01 -5.000000000e-02
      vertex 1.559039368e-01 2.235698368e-01 1.500000000e-01
    endloop
  endfacet
  facet normal -8.700869911e-01 4.928981922e-01 0.000000000e+00
    outer loop
      vertex 1.571135695e-01 2.257051372e-01 -5.000000000e-02
      vertex 1.559039368e-01 2.235698368e-01 1.500000000e-01
      vertex 1.571135695e-01 2.257051372e-01 1.500000000e-01
    endloop
  endfacet
  facet normal 0.000000000e+00 0.000000000e+00 -1.000000000e+00
    outer loop
      vertex 2.000000000e-01 2.000000000e-01 -5.000000000e-02
      vertex 1.559039368e-01 2.235698368e-01 -5.000000000e-02
      vertex 1.571135695e-01 2.257051372e-01 -5.000000000e-02
    endloop
  endfacet
  facet normal 0.000000000e+00 0.000000000e+00 1.000000000e+00
    outer loop
      vertex 2.000000000e-01 2.000000000e-01 1.500000000e-01
      vertex 1.571135695e-01 2.257051372e-01 1.500000000e-01
      vertex 1.559039368e-01 2.235698368e-01 1.500000000e-01
    endloop
  endfacet
  facet normal -8.932243012e-01 4.496113297e-01 0.000000000e+00
    outer loop
      vertex 1.559039368e-01 2.235698368e-01 -5.000000000e-02
      vertex 1.548005353e-01 2.213777547e-01 -5.000000000e-02
      vertex 1.548005353e-01 2.213777547e-01 1.500000000e-01
    endloop
  endfacet
  facet normal -8.932243012e-01 4.496113297e-01 0.000000000e+00
    outer loop
      vertex 1.559039368e-01 2.235698368e-01 -5.000000000e-02
      vertex 1.548005353e-01 2.213777547e-01 1.500000000e-01
      vertex 1.559039368e-01 2.235698368e-01 1.500000000e-01
    endloop
  endfacet
  facet normal 0.000000000e+00 0.000000000e+00 -1.000000000e+00
    outer loop
      vertex 2.000000000e-01 2.000000000e-01 -5.000000000e-02
      vertex 1.548005353e-01 2.213777547e-01 -5.000000000e-02
      vertex 1.559039368e-01 2.235698368e-01 -5.000000000e-02
    endloop
  endfacet
  facet normal 0.000000000e+00 0.000000000e+00 1.000000000e+00
    outer loop
      vertex 2.000000000e-01 2.000000000e-01 1.500000000e-01
      vertex 1.559039368e-01 2.235698368e-01 1.500000000e-01
      vertex 1.548005353e-01 2.213777547e-01 1.500000000e-01
    endloop
  endfacet
  facet normal -9.142097557e-01 4.052413140e-01 0.000000000e+00
    outer loop
      vertex 1.548005353e-01 2.213777547e-01 -5.000000000e-02
      vertex 1.538060234e-01 2.191341716e-01 -5.000000000e-02
      vertex 1.538060234e-01 2.191341716e-01 1.500000000e-01
    endloop
  endfacet
  facet normal -9.142097557e-01 4.052413140e-01 0.000000000e+00
    outer loop
      vertex 1.548005353e-01 2.213777547e-01 -5.000000000e-02
      vertex 1.538060234e-01 2.191341716e-01 1.500000000e-01
      vertex 1.548005353e-01 2.213777547e-01 1.500000000e-01
    endloop
  endfacet
  facet normal 0.000000000e+00 0.000000000e+00 -1.000000000e+00
    outer loop
      vertex 2.000000000e-01 2.000000000e-01 -5.000000000e-02
      vertex 1.538060234e-01 2.191341716e-01 -5.000000000e-02
      vertex 1.548005353e-01 2.213777547e-01 -5.000000000e-02
    endloop
  endfacet
  facet normal 0.000000000e+00 0.000000000e+00 1.000000000e+00
    outer loop
      vertex 2.000000000e-01 2.000000000e-01 1.500000000e-01
      vertex 1.548005353e-01 2.213777547e-01 1.500000000e-01
      vertex 1.538060234e-01 2.191341716e-01 1.500000000e-01
    endloop
  endfacet
  facet normal -9.329927988e-01 3.598950365e-01 0.000000000e+00
    outer loop
      vertex 1.538060234e-01 2.191341716e-01 -5.000000000e-02
      vertex 1.529227967e-01 2.168444927e-01 -5.000000000e-02
      vertex 1.529227967e-01 2.168444927e-01 1.500000000e-01
    endloop
  endfacet
  facet normal -9.329927988e-01 3.598950365e-01 0.000000000e+00
    outer loop
      vertex 1.538060234e-01 2.191341716e-01 -5.000000000e-02
      vertex 1.529227967e-01 2.168444927e-01 1.500000000e-01
      vertex 1.538060234e-01 2.191341716e-01 1.500000000e-01
    endloop
  endfacet
  facet normal 0.000000000e+00 0.000000000e+00 -1.000000000e+00
    outer loop
      vertex 2.000000000e-01 2.000000000e-01 -5.000000000e-02
      vertex 1.529227967e-01 2.168444927e-01 -5.000000000e-02
      vertex 1.538060234e-01 2.191341716e-01 -5.000000000e-02
    endloop
  endfacet
  facet normal 0.000000000e+00 0.000000000e+00 1.000000000e+00
    outer loop
      vertex 2.000000000e-01 2.000000000e-01 1.500000000e-01
      vertex 1.538060234e-01 2.191341716e-01 1.500000000e-01
      vertex 1.529227967e-01 2.168444927e-01 1.500000000e-01
    endloop
  endfacet
  facet normal -9.495281806e-01 3.136817404e-01 0.000000000e+00
    outer loop
      vertex 1.529227967e-01 2.168444927e-01 -5.000000000e-02
      vertex 1.521529832e-01 2.145142339e-01 -5.000000000e-02
      vertex 1.521529832e-01 2.145142339e-01 1.500000000e-01
    endloop
  endfacet
  facet normal -9.495281806e-01 3.136817404e-01 0.000000000e+00
    outer loop
      vertex 1.529227967e-01 2.168444927e-01 -5.000000000e-02
      vertex 1.521529832e-01 2.145142339e-01 1.500000000e-01
      vertex 1.529227967e-01 2.168444927e-01 1.500000000e-01
    endloop
  endfacet
  facet normal 0.000000000e+00 0.000000000e+00 -1.000000000e+00
    outer loop
      vertex 2.000000000e-01 2.000000000e-01 -5.000000000e-02
      vertex 1.521529832e-01 2.145142339e-01 -5.000000000e-02
      vertex 1.529227967e-01 2.168444927e-01 -5.000000000e-02
    endloop
  endfacet
  facet normal 0.000000000e+00 0.000000000e+00 1.000000000e+00
    outer loop
      vertex 2.000000000e-01 2.000000000e-01 1.500000000e-01
      vertex 1.529227967e-01 2.168444927e-01 1.500000000e-01
      vertex 1.521529832e-01 2.145142339e-01 1.500000000e-01
    endloop
  endfacet
  facet normal -9.637760658e-01 2.667127575e-01 0.000000000e+00
    outer loop
      vertex 1.521529832e-01 2.145142339e-01 -5.000000000e-02
      vertex 1.514984373e-01 2.121490090e-01 -5.000000000e-02
      vertex 1.514984373e-01 2.121490090e-01 1.500000000e-01
    endloop
  endfacet
  facet normal -9.637760658e-01 2.667127575e-01 0.000000000e+00
    outer loop
      vertex 1.521529832e-01 2.145142339e-01 -5.000000000e-02
      vertex 1.514984373e-01 2.121490090e-01 1.500000000e-01
      vertex 1.521529832e-01 2.145142339e-01 1.500000000e-01
    endloop
  endfacet
  facet normal 0.000000000e+00 0.000000000e+00 -1.000000000e+00
    outer loop
      vertex 2.000000000e-01 2.000000000e-01 -5.000000000e-02
      vertex 1.514984373e-01 2.121490090e-01 -5.000000000e-02
      vertex 1.521529832e-01 2.145142339e-01 -5.000000000e-02
    endloop
  endfacet
  facet normal 0.000000000e+00 0.000000000e+00 1.000000000e+00
    outer loop
      vertex 2.000000000e-01 2.000000000e-01 1.500000000e-01
      vertex 1.521529832e-01 2.145142339e-01 1.500000000e-01
      vertex 1.514984373e-01 2.121490090e-01 1.500000000e-01
    endloop
  endfacet
  facet normal -9.757021300e-01 2.191012402e-01 0.000000000e+00
    outer loop
      vertex 1.514984373e-01 2.121490090e-01 -5.000000000e-02
      vertex 1.509607360e-01 2.097545161e-01 -5.000000000e-02
      vertex 1.509607360e-01 2.097545161e-01 1.500000000e-01
    endloop
  endfacet
  facet normal -9.757021300e-01 2.191012402e-01 0.000000000e+00
    outer loop
      vertex 1.514984373e-01 2.121490090e-01 -5.000000000e-02
      vertex 1.509607360e-01 2.097545161e-01 1.500000000e-01
      vertex 1.514984373e-01 2.121490090e-01 1.500000000e-01
    endloop
  endfacet
  facet normal 0.000000000e+00 0.000000000e+00 -1.000000000e+00
    outer loop
      vertex 2.000000000e-01 2.000000000e-01 -5.000000000e-02
      vertex 1.509607360e-01 2.097545161e-01 -5.000000000e-02
      vertex 1.514984373e-01 2.121490090e-01 -5.000000000e-02
    endloop
  endfacet
  facet normal 0.000000000e+00 0.000000000e+00 1.000000000e+00
    outer loop
      vertex 2.000000000e-01 2.000000000e-01 1.500000000e-01
      vertex 1.514984373e-01 2.121490090e-01 1.500000000e-01
      vertex 1.509607360e-01 2.097545161e-01 1.500000000e-01
    endloop
  endfacet
  facet normal -9.852776424e-01 1.709618888e-01 0.000000000e+00
    outer loop
      vertex 1.509607360e-01 2.097545161e-01 -5.000000000e-02
      vertex 1.505411745e-01 2.073365237e-01 -5.000000000e-02
      vertex 1.505411745e-01 2.073365237e-01 1.500000000e-01
    endloop
  endfacet
  facet normal -9.852776424e-01 1.709618888e-01 0.000000000e+00
    outer loop
      vertex 1.509607360e-01 2.097545161e-01 -5.000000000e-02
      vertex 1.505411745e-01 2.073365237e-01 1.500000000e-01
      vertex 1.509607360e-01 2.097545161e-01 1.500000000e-01
    endloop
  endfacet
  facet normal 0.000000000e+00 0.000000000e+00 -1.000000000e+00
    outer loop
      vertex 2.000000000e-01 2.000000000e-01 -5.000000000e-02
      vertex 1.505411745e-01 2.073365237e-01 -5.000000000e-02
      vertex 1.509607360e-01 2.097545161e-01 -5.000000000e-02
    endloop
  endfacet
  facet normal 0.000000000e+00 0.000000000e+00 1.000000000e+00
    outer loop
      vertex 2.000000000e-01 2.000000000e-01 1.500000000e-01
      vertex 1.509607360e-01 2.097545161e-01 1.500000000e-01
      vertex 1.505411745e-01 2.073365237e-01 1.500000000e-01
    endloop
  endfacet
  facet normal -9.924795346e-01 1.224106752e-01 0.000000000e+00
    outer loop
      vertex 1.505411745e-01 2.073365237e-01 -5.000000000e-02
      vertex 1.502407637e-01 2.049008570e-01 -5.000000000e-02
      vertex 1.502407637e-01 2.049008570e-01 1.500000000e-01
    endloop
  endfacet
  facet normal -9.924795346e-01 1.224106752e-01 0.000000000e+00
    outer loop
      vertex 1.505411745e-01 2.073365237e-01 -5.000000000e-02
      vertex 1.502407637e-01 2.049008570e-01 1.500000000e-01
      vertex 1.505411745e-01 2.073365237e-01 1.500000000e-01
    endloop
  endfacet
  facet normal 0.000000000e+00 0.000000000e+00 -1.000000000e+00
    outer loop
      vertex 2.000000000e-01 2.000000000e-01 -5.000000000e-02
      vertex 1.502407637e-01 2.049008570e-01 -5.000000000e-02
      vertex 1.505411745e-01 2.073365237e-01 -5.000000000e-02
    endloop
  endfacet
  facet normal 0.000000000e+00 0.000000000e+00 1.000000000e+00
    outer loop
      vertex 2.000000000e-01 2.000000000e-01 1.500000000e-01
      vertex 1.505411745e-01 2.073365237e-01 1.500000000e-01
      vertex 1.502407637e-01 2.049008570e-01 1.500000000e-01
    endloop
  endfacet
  facet normal -9.972904567e-01 7.356456360e-02 0.000000000e+00
    outer loop
      vertex 1.502407637e-01 2.049008570e-01 -5.000000000e-02
      vertex 1.500602272e-01 2.024533837e-01 -5.000000000e-02
      vertex 1.500602272e-01 2.024533837e-01 1.500000000e-01
    endloop
  endfacet
  facet normal -9.972904567e-01 7.356456360e-02 0.000000000e+00
    outer loop
      vertex 1.502407637e-01 2.049008570e-01 -5.000000000e-02
      vertex 1.500602272e-01 2.024533837e-01 1.500000000e-01
      vertex 1.502407637e-01 2.049008570e-01 1.500000000e-01
    endloop
  endfacet
  facet normal 0.000000000e+00 0.000000000e+00 -1.000000000e+00
    outer loop
      vertex 2.000000000e-01 2.000000000e-01 -5.000000000e-02
      vertex 1.500602272e-01 2.024533837e-01 -5.000000000e-02
      vertex 1.502407637e-01 2.049008570e-01 -5.000000000e-02
    endloop
  endfacet
  facet normal 0.000000000e+00 0.000000000e+00 1.000000000e+00
    outer loop
      vertex 2.000000000e-01 2.000000000e-01 1.500000000e-01
      vertex 1.502407637e-01 2.049008570e-01 1.500000000e-01
      vertex 1.500602272e-01 2.024533837e-01 1.500000000e-01
    endloop
  endfacet
  facet normal -9.996988187e-01 2.454122852e-02 0.000000000e+00
    outer loop
      vertex 1.500602272e-01 2.024533837e-01 -5.000000000e-02
      vertex 1.500000000e-01 2.000000000e-01 -5.000000000e-02
      vertex 1.500000000e-01 2.000000000e-01 1.500000000e-01
    endloop
  endfacet
  facet normal -9.996988187e-01 2.454122852e-02 0.000000000e+00
    outer loop
      vertex 1.500602272e-01 2.024533837e-01 -5.000000000e-02
      vertex 1.500000000e-01 2.000000000e-01 1.500000000e-01
      vertex 1.500602272e-01 2.024533837e-01 1.500000000e-01
    endloop
  endfacet
  facet normal 0.000000000e+00 0.000000000e+00 -1.000000000e+00
    outer loop
      vertex 2.000000000e-01 2.000000000e-01 -5.000000000e-02
      vertex 1.500000000e-01 2.000000000e-01 -5.000000000e-02
      vertex 1.500602272e-01 2.024533837e-01 -5.000000000e-02
    endloop
  endfacet
  facet normal 0.000000000e+00 0.000000000e+00 1.000000000e+00
    outer loop
      vertex 2.000000000e-01 2.000000000e-01 1.500000000e-01
      vertex 1.500602272e-01 2.024533837e-01 1.500000000e-01
      vertex 1.500000000e-01 2.000000000e-01 1.500000000e-01
    endloop
  endfacet
  facet normal -9.996988187e-01 -2.454122852e-02 0.000000000e+00
    outer loop
      vertex 1.500000000e-01 2.000000000e-01 -5.000000000e-02
      vertex 1.500602272e-01 1.975466163e-01 -5.000000000e-02
      vertex 1.500602272e-01 1.975466163e-01 1.500000000e-01
    endloop
  endfacet
  facet normal -9.996988187e-01 -2.454122852e-02 0.000000000e+00
    outer loop
      vertex 1.500000000e-01 2.000000000e-01 -5.000000000e-02
      vertex 1.500602272e-01 1.975466163e-01 1.500000000e-01
      vertex 1.500000000e-01 2.000000000e-01 1.500000000e-01
    endloop
  endfacet
  facet normal -0.000000000e+00 0.000000000e+00 -1.000000000e+00
    outer loop
      vertex 2.000000000e-01 2.000000000e-01 -5.000000000e-02
      vertex 1.500602272e-01 1.975466163e-01 -5.000000000e-02
      vertex 1.500000000e-01 2.000000000e-01 -5.000000000e-02
    endloop
  endfacet
  facet normal 0.000000000e+00 0.000000000e+00 1.000000000e+00
    outer loop
      vertex 2.000000000e-01 2.000000000e-01 1.500000000e-01
      vertex 1.500000000e-01 2.000000000e-01 1.500000000e-01
      vertex 1.500602272e-01 1.975466163e-01 1.500000000e-01
    endloop
  endfacet
  facet normal -9.972904567e-01 -7.356456360e-02 0.000000000e+00
    outer loop
      vertex 1.500602272e-01 1.975466163e-01 -5.000000000e-02
      vertex 1.502407637e-01 1.950991430e-01 -5.000000000e-02
      vertex 1.502407637e-01 1.950991430e-01 1.500000000e-01
    endloop
  endfacet
  facet normal -9.972904567e-01 -7.356456360e-02 0.000000000e+00
    outer loop
      vertex 1.500602272e-01 1.975466163e-01 -5.000000000e-02
      vertex 1.502407637e-01 1.950991430e-01 1.500000000e-01
      vertex 1.500602272e-01 1.975466163e-01 1.500000000e-01
    endloop
  endfacet
  facet normal 0.000000000e+00 0.000000000e+00 -1.000000000e+00
    outer loop
      vertex 2.000000000e-01 2.000000000e-01 -5.000000000e-02
      vertex 1.502407637e-01 1.950991430e-01 -5.000000000e-02
      vertex 1.500602272e-01 1.975466163e-01 -5.000000000e-02
    endloop
  endfacet
  facet normal 0.000000000e+00 0.000000000e+00 1.000000000e+00
    outer loop
      vertex 2.000000000e-01 2.000000000e-01 1.500000000e-01
      vertex 1.500602272e-01 1.975466163e-01 1.500000000e-01
      vertex 1.502407637e-01 1.950991430e-01 1.500000000e-01
    endloop
  endfacet
  facet normal -9.924795346e-01 -1.224106752e-01 0.000000000e+00
    outer loop
      vertex 1.502407637e-01 1.950991430e-01 -5.000000000e-02
      vertex 1.505411745e-01 1.926634763e-01 -5.000000000e-02
      vertex 1.505411745e-01 1.926634763e-01 1.500000000e-01
    endloop
  endfacet
  facet normal -9.924795346e-01 -1.224106752e-01 0.000000000e+00
    outer loop
      vertex 1.502407637e-01 1.950991430e-01 -5.000000000e-02
      vertex 1.505411745e-01 1.926634763e-01 1.500000000e-01
      vertex 1.502407637e-01 1.950991430e-01 1.500000000e-01
    endloop
  endfacet
  facet normal 0.000000000e+00 0.000000000e+00 -1.000000000e+00
    outer loop
      vertex 2.000000000e-01 2.000000000e-01 -5.000000000e-02
      vertex 1.505411745e-01 1.926634763e-01 -5.000000000e-02
      vertex 1.502407637e-01 1.950991430e-01 -5.000000000e-02
    endloop
  endfacet
  facet normal 0.000000000e+00 0.000000000e+00 1.000000000e+00
    outer loop
      vertex 2.000000000e-01 2.000000000e-01 1.500000000e-01
      vertex 1.502407637e-01 1.950991430e-01 1.500000000e-01
      vertex 1.505411745e-01 1.926634763e-01 1.500000000e-01
    endloop
  endfacet
  facet normal -9.852776424e-01 -1.709618888e-01 0.000000000e+00
    outer loop
      vertex 1.505411745e-01 1.926634763e-01 -5.000000000e-02
      vertex 1.509607360e-01 1.902454839e-01 -5.000000000e-02
      vertex 1.509607360e-01 1.902454839e-01 1.500000000e-01
    endloop
  endfacet
  facet normal -9.852776424e-01 -1.709618888e-01 0.000000000e+00
    outer loop
      vertex 1.505411745e-01 1.926634763e-01 -5.000000000e-02
      vertex 1.509607360e-01 1.902454839e-01 1.500000000e-01
      vertex 1.505411745e-01 1.926634763e-01 1.500000000e-01
    endloop
  endfacet
  facet normal 0.000000000e+00 0.000000000e+00 -1.000000000e+00
    outer loop
      vertex 2.000000000e-01 2.000000000e-01 -5.000000000e-02
      vertex 1.509607360e-01 1.902454839e-01 -5.000000000e-02
      vertex 1.505411745e-01 1.926634763e-01 -5.000000000e-02
    endloop
  endfacet
  facet normal 0.000000000e+00 0.000000000e+00 1.000000000e+00
    outer loop
      vertex 2.000000000e-01 2.000000000e-01 1.500000000e-01
      vertex 1.505411745e-01 1.926634763e-01 1.500000000e-01
      vertex 1.509607360e-01 1.902454839e-01 1.500000000e-01
    endloop
  endfacet
  facet normal -9.757021300e-01 -2.191012402e-01 0.000000000e+00
    outer loop
      vertex 1.509607360e-01 1.902454839e-01 -5.000000000e-02
      vertex 1.514984373e-01 1.878509910e-01 -5.000000000e-02
      vertex 1.514984373e-01 1.878509910e-01 1.500000000e-01
    endloop
  endfacet
  facet normal -9.757021300e-01 -2.191012402e-01 0.000000000e+00
    outer loop
      vertex 1.509607360e-01 1.902454839e-01 -5.000000000e-02
      vertex 1.514984373e-01 1.878509910e-01 1.500000000e-01
      vertex 1.509607360e-01 1.902454839e-01 1.500000000e-01
    endloop
  endfacet
  facet normal 0.000000000e+00 0.000000000e+00 -1.000000000e+00
    outer loop
      vertex 2.000000000e-01 2.000000000e-01 -5.000000000e-02
      vertex 1.514984373e-01 1.878509910e-01 -5.000000000e-02
      vertex 1.509607360e-01 1.902454839e-01 -5.000000000e-02
    endloop
  endfacet
  facet normal 0.000000000e+00 0.000000000e+00 1.000000000e+00
    outer loop
      vertex 2.000000000e-01 2.000000000e-01 1.500000000e-01
      vertex 1.509607360e-01 1.902454839e-01 1.500000000e-01
      vertex 1.514984373e-01 1.878509910e-01 1.500000000e-01
    endloop
  endfacet
  facet normal -9.637760658e-01 -2.667127575e-01 0.000000000e+00
    outer loop
      vertex 1.514984373e-01 1.878509910e-01 -5.000000000e-02
      vertex 1.521529832e-01 1.854857661e-01 -5.000000000e-02
      vertex 1.521529832e-01 1.854857661e-01 1.500000000e-01
    endloop
  endfacet
  facet normal -9.637760658e-01 -2.667127575e-01 0.000000000e+00
    outer loop
      vertex 1.514984373e-01 1.878509910e-01 -5.000000000e-02
      vertex 1.521529832e-01 1.854857661e-01 1.500000000e-01
      vertex 1.514984373e-01 1.878509910e-01 1.500000000e-01
    endloop
  endfacet
  facet normal 0.000000000e+00 0.000000000e+00 -1.000000000e+00
    outer loop
      vertex 2.000000000e-01 2.000000000e-01 -5.000000000e-02
      vertex 1.521529832e-01 1.854857661e-01 -5.000000000e-02
      vertex 1.514984373e-01 1.878509910e-01 -5.000000000e-02
    endloop
  endfacet
  facet normal 0.000000000e+00 0.000000000e+00 1.000000000e+00
    outer loop
      vertex 2.000000000e-01 2.000000000e-01 1.500000000e-01
      vertex 1.514984373e-01 1.878509910e-01 1.500000000e-01
      vertex 1.521529832e-01 1.854857661e-01 1.500000000e-01
    endloop
  endfacet
  facet normal -9.495281806e-01 -3.136817404e-01 0.000000000e+00
    outer loop
      vertex 1.521529832e-01 1.854857661e-01 -5.000000000e-02
      vertex 1.529227967e-01 1.831555073e-01 -5.000000000e-02
      vertex 1.529227967e-01 1.831555073e-01 1.500000000e-01
    endloop
  endfacet
  facet normal -9.495281806e-01 -3.136817404e-01 0.000000000e+00
    outer loop
      vertex 1.521529832e-01 1.854857661e-01 -5.000000000e-02
      vertex 1.529227967e-01 1.831555073e-01 1.500000000e-01
      vertex 1.521529832e-01 1.854857661e-01 1.500000000e-01
    endloop
  endfacet
  facet normal 0.000000000e+00 0.000000000e+00 -1.000000000e+00
    outer loop
      vertex 2.000000000e-01 2.000000000e-01 -5.000000000e-02
      vertex 1.529227967e-01 1.831555073e-01 -5.000000000e-02
      vertex 1.521529832e-01 1.854857661e-01 -5.000000000e-02
    endloop
  endfacet
  facet normal 0.000000000e+00 0.000000000e+00 1.000000000e+00
    outer loop
      vertex 2.000000000e-01 2.000000000e-01 1.500000000e-01
      vertex 1.521529832e-01 1.854857661e-01 1.500000000e-01
      vertex 1.529227967e-01 1.831555073e-01 1.500000000e-01
    endloop
  endfacet
  facet normal -9.329927988e-01 -3.598950365e-01 0.000000000e+00
    outer loop
      vertex 1.529227967e-01 1.831555073e-01 -5.000000000e-02
      vertex 1.538060234e-01 1.808658284e-01 -5.000000000e-02
      vertex 1.538060234e-01 1.808658284e-01 1.500000000e-01
    endloop
  endfacet
  facet normal -9.329927988e-01 -3.598950365e-01 0.000000000e+00
    outer loop
      vertex 1.529227967e-01 1.831555073e-01 -5.000000000e-02
      vertex 1.538060234e-01 1.808658284e-01 1.500000000e-01
      vertex 1.529227967e-01 1.831555073e-01 1.500000000e-01
    endloop
  endfacet
  facet normal 0.000000000e+00 0.000000000e+00 -1.000000000e+00
    outer loop
      vertex 2.000000000e-01 2.000000000e-01 -5.000000000e-02
      vertex 1.538060234e-01 1.808658284e-01 -5.000000000e-02
      vertex 1.529227967e-01 1.831555073e-01 -5.000000000e-02
    endloop
  endfacet
  facet normal 0.000000000e+00 0.000000000e+00 1.000000000e+00
    outer loop
      vertex 2.000000000e-01 2.000000000e-01 1.500000000e-01
      vertex 1.529227967e-01 1.831555073e-01 1.500000000e-01
      vertex 1.538060234e-01 1.808658284e-01 1.500000000e-01
    endloop
  endfacet
  facet normal -9.142097557e-01 -4.052413140e-01 0.000000000e+00
    outer loop
      vertex 1.538060234e-01 1.808658284e-01 -5.000000000e-02
      vertex 1.548005353e-01 1.786222453e-01 -5.000000000e-02
      vertex 1.548005353e-01 1.786222453e-01 1.500000000e-01
    endloop
  endfacet
  facet normal -9.142097557e-01 -4.052413140e-01 0.000000000e+00
    outer loop
      vertex 1.538060234e-01 1.808658284e-01 -5.000000000e-02
      vertex 1.548005353e-01 1.786222453e-01 1.500000000e-01
      vertex 1.538060234e-01 1.808658284e-01 1.500000000e-01
    endloop
  endfacet
  facet normal 0.000000000e+00 0.000000000e+00 -1.000000000e+00
    outer loop
      vertex 2.000000000e-01 2.000000000e-01 -5.000000000e-02
      vertex 1.548005353e-01 1.786222453e-01 -5.000000000e-02
      vertex 1.538060234e-01 1.808658284e-01 -5.000000000e-02
    endloop
  endfacet
  facet normal 0.000000000e+00 0.000000000e+00 1.000000000e+00
    outer loop
      vertex 2.000000000e-01 2.000000000e-01 1.500000000e-01
      vertex 1.538060234e-01 1.808658284e-01 1.500000000e-01
      vertex 1.548005353e-01 1.786222453e-01 1.500000000e-01
    endloop
  endfacet
  facet normal -8.932243012e-01 -4.496113297e-01 0.000000000e+00
    outer loop
      vertex 1.548005353e-01 1.786222453e-01 -5.000000000e-02
      vertex 1.559039368e-01 1.764301632e-01 -5.000000000e-02
      vertex 1.559039368e-01 1.764301632e-01 1.500000000e-01
    endloop
  endfacet
  facet normal -8.932243012e-01 -4.496113297e-01 0.000000000e+00
    outer loop
      vertex 1.548005353e-01 1.786222453e-01 -5.000000000e-02
      vertex 1.559039368e-01 1.764301632e-01 1.500000000e-01
      vertex 1.548005353e-01 1.786222453e-01 1.500000000e-01
    endloop
  endfacet
  facet normal 0.000000000e+00 0.000000000e+00 -1.000000000e+00
    outer loop
      vertex 2.000000000e-01 2.000000000e-01 -5.000000000e-02
      vertex 1.559039368e-01 1.764301632e-01 -5.000000000e-02
      vertex 1.548005353e-01 1.786222453e-01 -5.000000000e-02
    endloop
  endfacet
  facet normal 0.000000000e+00 0.000000000e+00 1.000000000e+00
    outer loop
      vertex 2.000000000e-01 2.000000000e-01 1.500000000e-01
      vertex 1.548005353e-01 1.786222453e-01 1.500000000e-01
      vertex 1.559039368e-01 1.764301632e-01 1.500000000e-01
    endloop
  endfacet
  facet normal -8.700869911e-01 -4.928981922e-01 0.000000000e+00
    outer loop
      vertex 1.559039368e-01 1.764301632e-01 -5.000000000e-02
      vertex 1.571135695e-01 1.742948628e-01 -5.000000000e-02
      vertex 1.571135695e-01 1.742948628e-01 1.500000000e-01
    endloop
  endfacet
  facet normal -8.700869911e-01 -4.928981922e-01 0.000000000e+00
    outer loop
      vertex 1.559039368e-01 1.764301632e-01 -5.000000000e-02
      vertex 1.571135695e-01 1.742948628e-01 1.500000000e-01
      vertex 1.559039368e-01 1.764301632e-01 1.500000000e-01
    endloop
  endfacet
  facet normal 0.000000000e+00 0.000000000e+00 -1.000000000e+00
    outer loop
      vertex 2.000000000e-01 2.000000000e-01 -5.000000000e-02
      vertex 1.571135695e-01 1.742948628e-01 -5.000000000e-02
      vertex 1.559039368e-01 1.764301632e-01 -5.000000000e-02
    endloop
  endfacet
  facet normal 0.000000000e+00 0.000000000e+00 1.000000000e+00
    outer loop
      vertex 2.000000000e-01 2.000000000e-01 1.500000000e-01
      vertex 1.559039368e-01 1.764301632e-01 1.500000000e-01
      vertex 1.571135695e-01 1.742948628e-01 1.500000000e-01
    endloop
  endfacet
  facet normal -8.448535652e-01 -5.349976199e-01 0.000000000e+00
    outer loop
      vertex 1.571135695e-01 1.742948628e-01 -5.000000000e-02
      vertex 1.584265194e-01 1.722214883e-01 -5.000000000e-02
      vertex 1.584265194e-01 1.722214883e-01 1.500000000e-01
    endloop
  endfacet
  facet normal -8.448535652e-01 -5.349976199e-01 0.000000000e+00
    outer loop
      vertex 1.571135695e-01 1.742948628e-01 -5.000000000e-02
      vertex 1.584265194e-01 1.722214883e-01 1.500000000e-01
      vertex 1.571135695e-01 1.742948628e-01 1.500000000e-01
    endloop
  endfacet
  facet normal 0.000000000e+00 0.000000000e+00 -1.000000000e+00
    outer loop
      vertex 2.000000000e-01 2.000000000e-01 -5.000000000e-02
      vertex 1.584265194e-01 1.722214883e-01 -5.000000000e-02
      vertex 1.571135695e-01 1.742948628e-01 -5.000000000e-02
    endloop
  endfacet
  facet normal 0.000000000e+00 0.000000000e+00 1.000000000e+00
    outer loop
      vertex 2.000000000e-01 2.000000000e-01 1.500000000e-01
      vertex 1.571135695e-01 1.742948628e-01 1.500000000e-01
      vertex 1.584265194e-01 1.722214883e-01 1.500000000e-01
    endloop
  endfacet
  facet normal -8.175848132e-01 -5.758081914e-01 0.000000000e+00
    outer loop
      vertex 1.584265194e-01 1.722214883e-01 -5.000000000e-02
      vertex 1.598396234e-01 1.702150348e-01 -5.000000000e-02
      vertex 1.598396234e-01 1.702150348e-01 1.500000000e-01
    endloop
  endfacet
  facet normal -8.175848132e-01 -5.758081914e-01 0.000000000e+00
    outer loop
      vertex 1.584265194e-01 1.722214883e-01 -5.000000000e-02
      vertex 1.598396234e-01 1.702150348e-01 1.500000000e-01
      vertex 1.584265194e-01 1.722214883e-01 1.500000000e-01
    endloop
  endfacet
  facet normal 0.000000000e+00 0.000000000e+00 -1.000000000e+00
    outer loop
      vertex 2.000000000e-01 2.000000000e-01 -5.000000000e-02
      vertex 1.598396234e-01 1.702150348e-01 -5.000000000e-02
      vertex 1.584265194e-01 1.722214883e-01 -5.000000000e-02
    endloop
  endfacet
  facet normal 0.000000000e+00 0.000000000e+00 1.000000000e+00
    outer loop
      vertex 2.000000000e-01 2.000000000e-01 1.500000000e-01
      vertex 1.584265194e-01 1.722214883e-01 1.500000000e-01
      vertex 1.598396234e-01 1.702150348e-01 1.500000000e-01
    endloop
  endfacet
  facet normal -7.883464276e-01 -6.152315906e-01 0.000000000e+00
    outer loop
      vertex 1.598396234e-01 1.702150348e-01 -5.000000000e-02
      vertex 1.613494773e-01 1.682803358e-01 -5.000000000e-02
      vertex 1.613494773e-01 1.682803358e-01 1.500000000e-01
    endloop
  endfacet
  facet normal -7.883464276e-01 -6.152315906e-01 0.000000000e+00
    outer loop
      vertex 1.598396234e-01 1.702150348e-01 -5.000000000e-02
      vertex 1.613494773e-01 1.682803358e-01 1.500000000e-01
      vertex 1.598396234e-01 1.702150348e-01 1.500000000e-01
    endloop
  endfacet
  facet normal 0.000000000e+00 0.000000000e+00 -1.000000000e+00
    outer loop
      vertex 2.000000000e-01 2.000000000e-01 -5.000000000e-02
      vertex 1.613494773e-01 1.682803358e-01 -5.000000000e-02
      vertex 1.598396234e-01 1.702150348e-01 -5.000000000e-02
    endloop
  endfacet
  facet normal 0.000000000e+00 0.000000000e+00 1.000000000e+00
    outer loop
      vertex 2.000000000e-01 2.000000000e-01 1.500000000e-01
      vertex 1.598396234e-01 1.702150348e-01 1.500000000e-01
      vertex 1.613494773e-01 1.682803358e-01 1.500000000e-01
    endloop
  endfacet
  facet normal -7.572088465e-01 -6.531728430e-01 0.000000000e+00
    outer loop
      vertex 1.613494773e-01 1.682803358e-01 -5.000000000e-02
      vertex 1.629524437e-01 1.664220523e-01 -5.000000000e-02
      vertex 1.629524437e-01 1.664220523e-01 1.500000000e-01
    endloop
  endfacet
  facet normal -7.572088465e-01 -6.531728430e-01 0.000000000e+00
    outer loop
      vertex 1.613494773e-01 1.682803358e-01 -5.000000000e-02
      vertex 1.629524437e-01 1.664220523e-01 1.500000000e-01
      vertex 1.613494773e-01 1.682803358e-01 1.500000000e-01
    endloop
  endfacet
  facet normal 0.000000000e+00 0.000000000e+00 -1.000000000e+00
    outer loop
      vertex 2.000000000e-01 2.000000000e-01 -5.000000000e-02
      vertex 1.629524437e-01 1.664220523e-01 -5.000000000e-02
      vertex 1.613494773e-01 1.682803358e-01 -5.000000000e-02
    endloop
  endfacet
  facet normal 0.000000000e+00 0.000000000e+00 1.000000000e+00
    outer loop
      vertex 2.000000000e-01 2.000000000e-01 1.500000000e-01
      vertex 1.613494773e-01 1.682803358e-01 1.500000000e-01
      vertex 1.629524437e-01 1.664220523e-01 1.500000000e-01
    endloop
  endfacet
  facet normal -7.242470830e-01 -6.895405447e-01 0.000000000e+00
    outer loop
      vertex 1.629524437e-01 1.664220523e-01 -5.000000000e-02
      vertex 1.646446609e-01 1.646446609e-01 -5.000000000e-02
      vertex 1.646446609e-01 1.646446609e-01 1.500000000e-01
    endloop
  endfacet
  facet normal -7.242470830e-01 -6.895405447e-01 0.000000000e+00
    outer loop
      vertex 1.629524437e-01 1.664220523e-01 -5.000000000e-02
      vertex 1.646446609e-01 1.646446609e-01 1.500000000e-01
      vertex 1.629524437e-01 1.664220523e-01 1.500000000e-01
    endloop
  endfacet
  facet normal 0.000000000e+00 0.000000000e+00 -1.000000000e+00
    outer loop
      vertex 2.000000000e-01 2.000000000e-01 -5.000000000e-02
      vertex 1.646446609e-01 1.646446609e-01 -5.000000000e-02
      vertex 1.629524437e-01 1.664220523e-01 -5.000000000e-02
    endloop
  endfacet
  facet normal 0.000000000e+00 0.000000000e+00 1.000000000e+00
    outer loop
      vertex 2.000000000e-01 2.000000000e-01 1.500000000e-01
      vertex 1.629524437e-01 1.664220523e-01 1.500000000e-01
      vertex 1.646446609e-01 1.646446609e-01 1.500000000e-01
    endloop
  endfacet
  facet normal -6.895405447e-01 -7.242470830e-01 0.000000000e+00
    outer loop
      vertex 1.646446609e-01 1.646446609e-01 -5.000000000e-02
      vertex 1.664220523e-01 1.629524437e-01 -5.000000000e-02
      vertex 1.664220523e-01 1.629524437e-01 1.500000000e-01
    endloop
  endfacet
  facet normal -6.895405447e-01 -7.242470830e-01 0.000000000e+00
    outer loop
      vertex 1.646446609e-01 1.646446609e-01 -5.000000000e-02
      vertex 1.664220523e-01 1.629524437e-01 1.500000000e-01
      vertex 1.646446609e-01 1.646446609e-01 1.500000000e-01
    endloop
  endfacet
  facet normal 0.000000000e+00 0.000000000e+00 -1.000000000e+00
    outer loop
      vertex 2.000000000e-01 2.000000000e-01 -5.000000000e-02
      vertex 1.664220523e-01 1.629524437e-01 -5.000000000e-02
      vertex 1.646446609e-01 1.646446609e-01 -5.000000000e-02
    endloop
  endfacet
  facet normal 0.000000000e+00 0.000000000e+00 1.000000000e+00
    outer loop
      vertex 2.000000000e-01 2.000000000e-01 1.500000000e-01
      vertex 1.646446609e-01 1.646446609e-01 1.500000000e-01
      vertex 1.664220523e-01 1.629524437e-01 1.500000000e-01
    endloop
  endfacet
  facet normal -6.531728430e-01 -7.572088465e-01 0.000000000e+00
    outer loop
      vertex 1.664220523e-01 1.629524437e-01 -5.000000000e-02
      vertex 1.682803358e-01 1.613494773e-01 -5.000000000e-02
      vertex 1.682803358e-01 1.613494773e-01 1.500000000e-01
    endloop
  endfacet
  facet normal -6.531728430e-01 -7.572088465e-01 0.000000000e+00
    outer loop
      vertex 1.664220523e-01 1.629524437e-01 -5.000000000e-02
      vertex 1.682803358e-01 1.613494773e-01 1.500000000e-01
      vertex 1.664220523e-01 1.629524437e-01 1.500000000e-01
    endloop
  endfacet
  facet normal 0.000000000e+00 0.000000000e+00 -1.000000000e+00
    outer loop
      vertex 2.000000000e-01 2.000000000e-01 -5.000000000e-02
      vertex 1.682803358e-01 1.613494773e-01 -5.000000000e-02
      vertex 1.664220523e-01 1.629524437e-01 -5.000000000e-02
    endloop
  endfacet
  facet normal 0.000000000e+00 0.000000000e+00 1.000000000e+00
    outer loop
      vertex 2.000000000e-01 2.000000000e-01 1.500000000e-01
      vertex 1.664220523e-01 1.629524437e-01 1.500000000e-01
      vertex 1.682803358e-01 1.613494773e-01 1.500000000e-01
    endloop
  endfacet
  facet normal -6.152315906e-01 -7.883464276e-01 0.000000000e+00
    outer loop
      vertex 1.682803358e-01 1.613494773e-01 -5.000000000e-02
      vertex 1.702150348e-01 1.598396234e-01 -5.000000000e-02
      vertex 1.702150348e-01 1.598396234e-01 1.500000000e-01
    endloop
  endfacet
  facet normal -6.152315906e-01 -7.883464276e-01 0.000000000e+00
    outer loop
      vertex 1.682803358e-01 1.613494773e-01 -5.000000000e-02
      vertex 1.702150348e-01 1.598396234e-01 1.500000000e-01
      vertex 1.682803358e-01 1.613494773e-01 1.500000000e-01
    endloop
  endfacet
  facet normal 0.000000000e+00 0.000000000e+00 -1.000000000e+00
    outer loop
      vertex 2.000000000e-01 2.000000000e-01 -5.000000000e-02
      vertex 1.702150348e-01 1.598396234e-01 -5.000000000e-02
      vertex 1.682803358e-01 1.613494773e-01 -5.000000000e-02
    endloop
  endfacet
  facet normal 0.000000000e+00 0.000000000e+00 1.000000000e+00
    outer loop
      vertex 2.000000000e-01 2.000000000e-01 1.500000000e-01
      vertex 1.682803358e-01 1.613494773e-01 1.500000000e-01
      vertex 1.702150348e-01 1.598396234e-01 1.500000000e-01
    endloop
  endfacet
  facet normal -5.758081914e-01 -8.175848132e-01 0.000000000e+00
    outer loop
      vertex 1.702150348e-01 1.598396234e-01 -5.000000000e-02
      vertex 1.722214883e-01 1.584265194e-01 -5.000000000e-02
      vertex 1.722214883e-01 1.584265194e-01 1.500000000e-01
    endloop
  endfacet
  facet normal -5.758081914e-01 -8.175848132e-01 0.000000000e+00
    outer loop
      vertex 1.702150348e-01 1.598396234e-01 -5.000000000e-02
      vertex 1.722214883e-01 1.584265194e-01 1.500000000e-01
      vertex 1.702150348e-01 1.598396234e-01 1.500000000e-01
    endloop
  endfacet
  facet normal 0.000000000e+00 0.000000000e+00 -1.000000000e+00
    outer loop
      vertex 2.000000000e-01 2.000000000e-01 -5.000000000e-02
      vertex 1.722214883e-01 1.584265194e-01 -5.000000000e-02
      vertex 1.702150348e-01 1.598396234e-01 -5.000000000e-02
    endloop
  endfacet
  facet normal 0.000000000e+00 0.000000000e+00 1.000000000e+00
    outer loop
      vertex 2.000000000e-01 2.000000000e-01 1.500000000e-01
      vertex 1.702150348e-01 1.598396234e-01 1.500000000e-01
      vertex 1.722214883e-01 1.584265194e-01 1.500000000e-01
    endloop
  endfacet
  facet normal -5.349976199e-01 -8.448535652e-01 0.000000000e+00
    outer loop
      vertex 1.722214883e-01 1.584265194e-01 -5.000000000e-02
      vertex 1.742948628e-01 1.571135695e-01 -5.000000000e-02
      vertex 1.742948628e-01 1.571135695e-01 1.500000000e-01
    endloop
  endfacet
  facet normal -5.349976199e-01 -8.448535652e-01 0.000000000e+00
    outer loop
      vertex 1.722214883e-01 1.584265194e-01 -5.000000000e-02
      vertex 1.742948628e-01 1.571135695e-01 1.500000000e-01
      vertex 1.722214883e-01 1.584265194e-01 1.500000000e-01
    endloop
  endfacet
  facet normal 0.000000000e+00 0.000000000e+00 -1.000000000e+00
    outer loop
      vertex 2.000000000e-01 2.000000000e-01 -5.000000000e-02
      vertex 1.742948628e-01 1.571135695e-01 -5.000000000e-02
      vertex 1.722214883e-01 1.584265194e-01 -5.000000000e-02
    endloop
  endfacet
  facet normal 0.000000000e+00 0.000000000e+00 1.000000000e+00
    outer loop
      vertex 2.000000000e-01 2.000000000e-01 1.500000000e-01
      vertex 1.722214883e-01 1.584265194e-01 1.500000000e-01
      vertex 1.742948628e-01 1.571135695e-01 1.500000000e-01
    endloop
  endfacet
  facet normal -4.928981922e-01 -8.700869911e-01 0.000000000e+00
    outer loop
      vertex 1.742948628e-01 1.571135695e-01 -5.000000000e-02
      vertex 1.764301632e-01 1.559039368e-01 -5.000000000e-02
      vertex 1.764301632e-01 1.559039368e-01 1.500000000e-01
    endloop
  endfacet
  facet normal -4.928981922e-01 -8.700869911e-01 0.000000000e+00
    outer loop
      vertex 1.742948628e-01 1.571135695e-01 -5.000000000e-02
      vertex 1.764301632e-01 1.559039368e-01 1.500000000e-01
      vertex 1.742948628e-01 1.571135695e-01 1.500000000e-01
    endloop
  endfacet
  facet normal 0.000000000e+00 0.000000000e+00 -1.000000000e+00
    outer loop
      vertex 2.000000000e-01 2.000000000e-01 -5.000000000e-02
      vertex 1.764301632e-01 1.559039368e-01 -5.000000000e-02
      vertex 1.742948628e-01 1.571135695e-01 -5.000000000e-02
    endloop
  endfacet
  facet normal 0.000000000e+00 0.000000000e+00 1.000000000e+00
    outer loop
      vertex 2.000000000e-01 2.000000000e-01 1.500000000e-01
      vertex 1.742948628e-01 1.571135695e-01 1.500000000e-01
      vertex 1.764301632e-01 1.559039368e-01 1.500000000e-01
    endloop
  endfacet
  facet normal -4.496113297e-01 -8.932243012e-01 0.000000000e+00
    outer loop
      vertex 1.764301632e-01 1.559039368e-01 -5.000000000e-02
      vertex 1.786222453e-01 1.548005353e-01 -5.000000000e-02
      vertex 1.786222453e-01 1.548005353e-01 1.500000000e-01
    endloop
  endfacet
  facet normal -4.496113297e-01 -8.932243012e-01 0.000000000e+00
    outer loop
      vertex 1.764301632e-01 1.559039368e-01 -5.000000000e-02
      vertex 1.786222453e-01 1.548005353e-01 1.500000000e-01
      vertex 1.764301632e-01 1.559039368e-01 1.500000000e-01
    endloop
  endfacet
  facet normal 0.000000000e+00 0.000000000e+00 -1.000000000e+00
    outer loop
      vertex 2.000000000e-01 2.000000000e-01 -5.000000000e-02
      vertex 1.786222453e-01 1.548005353e-01 -5.000000000e-02
      vertex 1.764301632e-01 1.559039368e-01 -5.000000000e-02
    endloop
  endfacet
  facet normal 0.000000000e+00 0.000000000e+00 1.000000000e+00
    outer loop
      vertex 2.000000000e-01 2.000000000e-01 1.500000000e-01
      vertex 1.764301632e-01 1.559039368e-01 1.500000000e-01
      vertex 1.786222453e-01 1.548005353e-01 1.500000000e-01
    endloop
  endfacet
  facet normal -4.052413140e-01 -9.142097557e-01 0.000000000e+00
    outer loop
      vertex 1.786222453e-01 1.548005353e-01 -5.000000000e-02
      vertex 1.808658284e-01 1.538060234e-01 -5.000000000e-02
      vertex 1.808658284e-01 1.538060234e-01 1.500000000e-01
    endloop
  endfacet
  facet normal -4.052413140e-01 -9.142097557e-01 0.000000000e+00
    outer loop
      vertex 1.786222453e-01 1.548005353e-01 -5.000000000e-02
      vertex 1.808658284e-01 1.538060234e-01 1.500000000e-01
      vertex 1.786222453e-01 1.548005353e-01 1.500000000e-01
    endloop
  endfacet
  facet normal 0.000000000e+00 0.000000000e+00 -1.000000000e+00
    outer loop
      vertex 2.000000000e-01 2.000000000e-01 -5.000000000e-02
      vertex 1.808658284e-01 1.538060234e-01 -5.000000000e-02
      vertex 1.786222453e-01 1.548005353e-01 -5.000000000e-02
    endloop
  endfacet
  facet normal 0.000000000e+00 0.000000000e+00 1.000000000e+00
    outer loop
      vertex 2.000000000e-01 2.000000000e-01 1.500000000e-01
      vertex 1.786222453e-01 1.548005353e-01 1.500000000e-01
      vertex 1.808658284e-01 1.538060234e-01 1.500000000e-01
    endloop
  endfacet
  facet normal -3.598950365e-01 -9.329927988e-01 0.000000000e+00
    outer loop
      vertex 1.808658284e-01 1.538060234e-01 -5.000000000e-02
      vertex 1.831555073e-01 1.529227967e-01 -5.000000000e-02
      vertex 1.831555073e-01 1.529227967e-01 1.500000000e-01
    endloop
  endfacet
  facet normal -3.598950365e-01 -9.329927988e-01 0.000000000e+00
    outer loop
      vertex 1.808658284e-01 1.538060234e-01 -5.000000000e-02
      vertex 1.831555073e-01 1.529227967e-01 1.500000000e-01
      vertex 1.808658284e-01 1.538060234e-01 1.500000000e-01
    endloop
  endfacet
  facet normal 0.000000000e+00 0.000000000e+00 -1.000000000e+00
    outer loop
      vertex 2.000000000e-01 2.000000000e-01 -5.000000000e-02
      vertex 1.831555073e-01 1.529227967e-01 -5.000000000e-02
      vertex 1.808658284e-01 1.538060234e-01 -5.000000000e-02
    endloop
  endfacet
  facet normal 0.000000000e+00 0.000000000e+00 1.000000000e+00
    outer loop
      vertex 2.000000000e-01 2.000000000e-01 1.500000000e-01
      vertex 1.808658284e-01 1.538060234e-01 1.500000000e-01
      vertex 1.831555073e-01 1.529227967e-01 1.500000000e-01
    endloop
  endfacet
  facet normal -3.136817404e-01 -9.495281806e-01 0.000000000e+00
    outer loop
      vertex 1.831555073e-01 1.529227967e-01 -5.000000000e-02
      vertex 1.854857661e-01 1.521529832e-01 -5.000000000e-02
      vertex 1.854857661e-01 1.521529832e-01 1.500000000e-01
    endloop
  endfacet
  facet normal -3.136817404e-01 -9.495281806e-01 0.000000000e+00
    outer loop
      vertex 1.831555073e-01 1.529227967e-01 -5.000000000e-02
      vertex 1.854857661e-01 1.521529832e-01 1.500000000e-01
      vertex 1.831555073e-01 1.529227967e-01 1.500000000e-01
    endloop
  endfacet
  facet normal 0.000000000e+00 0.000000000e+00 -1.000000000e+00
    outer loop
      vertex 2.000000000e-01 2.000000000e-01 -5.000000000e-02
      vertex 1.854857661e-01 1.521529832e-01 -5.000000000e-02
      vertex 1.831555073e-01 1.529227967e-01 -5.000000000e-02
    endloop
  endfacet
  facet normal 0.000000000e+00 0.000000000e+00 1.000000000e+00
    outer loop
      vertex 2.000000000e-01 2.000000000e-01 1.500000000e-01
      vertex 1.831555073e-01 1.529227967e-01 1.500000000e-01
      vertex 1.854857661e-01 1.521529832e-01 1.500000000e-01
    endloop
  endfacet
  facet normal -2.667127575e-01 -9.637760658e-01 0.000000000e+00
    outer loop
      vertex 1.854857661e-01 1.521529832e-01 -5.000000000e-02
      vertex 1.878509910e-01 1.514984373e-01 -5.000000000e-02
      vertex 1.878509910e-01 1.514984373e-01 1.500000000e-01
    endloop
  endfacet
  facet normal -2.667127575e-01 -9.637760658e-01 0.000000000e+00
    outer loop
      vertex 1.854857661e-01 1.521529832e-01 -5.000000000e-02
      vertex 1.878509910e-01 1.514984373e-01 1.500000000e-01
      vertex 1.854857661e-01 1.521529832e-01 1.500000000e-01
    endloop
  endfacet
  facet normal 0.000000000e+00 0.000000000e+00 -1.000000000e+00
    outer loop
      vertex 2.000000000e-01 2.000000000e-01 -5.000000000e-02
      vertex 1.878509910e-01 1.514984373e-01 -5.000000000e-02
      vertex 1.854857661e-01 1.521529832e-01 -5.000000000e-02
    endloop
  endfacet
  facet normal 0.000000000e+00 0.000000000e+00 1.000000000e+00
    outer loop
      vertex 2.000000000e-01 2.000000000e-01 1.500000000e-01
      vertex 1.854857661e-01 1.521529832e-01 1.500000000e-01
      vertex 1.878509910e-01 1.514984373e-01 1.500000000e-01
    endloop
  endfacet
  facet normal -2.191012402e-01 -9.757021300e-01 0.000000000e+00
    outer loop
      vertex 1.878509910e-01 1.514984373e-01 -5.000000000e-02
      vertex 1.902454839e-01 1.509607360e-01 -5.000000000e-02
      vertex 1.902454839e-01 1.509607360e-01 1.500000000e-01
    endloop
  endfacet
  facet normal -2.191012402e-01 -9.757021300e-01 0.000000000e+00
    outer loop
      vertex 1.878509910e-01 1.514984373e-01 -5.000000000e-02
      vertex 1.902454839e-01 1.509607360e-01 1.500000000e-01
      vertex 1.878509910e-01 1.514984373e-01 1.500000000e-01
    endloop
  endfacet
  facet normal 0.000000000e+00 0.000000000e+00 -1.000000000e+00
    outer loop
      vertex 2.000000000e-01 2.000000000e-01 -5.000000000e-02
      vertex 1.902454839e-01 1.509607360e-01 -5.000000000e-02
      vertex 1.878509910e-01 1.514984373e-01 -5.000000000e-02
    endloop
  endfacet
  facet normal 0.000000000e+00 0.000000000e+00 1.000000000e+00
    outer loop
      vertex 2.000000000e-01 2.000000000e-01 1.500000000e-01
      vertex 1.878509910e-01 1.514984373e-01 1.500000000e-01
      vertex 1.902454839e-01 1.509607360e-01 1.500000000e-01
    endloop
  endfacet
  facet normal -1.709618888e-01 -9.852776424e-01 0.000000000e+00
    outer loop
      vertex 1.902454839e-01 1.509607360e-01 -5.000000000e-02
      vertex 1.926634763e-01 1.505411745e-01 -5.000000000e-02
      vertex 1.926634763e-01 1.505411745e-01 1.500000000e-01
    endloop
  endfacet
  facet normal -1.709618888e-01 -9.852776424e-01 0.000000000e+00
    outer loop
      vertex 1.902454839e-01 1.509607360e-01 -5.000000000e-02
      vertex 1.926634763e-01 1.505411745e-01 1.500000000e-01
      vertex 1.902454839e-01 1.509607360e-01 1.500000000e-01
    endloop
  endfacet
  facet normal 0.000000000e+00 0.000000000e+00 -1.000000000e+00
    outer loop
      vertex 2.000000000e-01 2.000000000e-01 -5.000000000e-02
      vertex 1.926634763e-01 1.505411745e-01 -5.000000000e-02
      vertex 1.902454839e-01 1.509607360e-01 -5.000000000e-02
    endloop
  endfacet
  facet normal 0.000000000e+00 0.000000000e+00 1.000000000e+00
    outer loop
      vertex 2.000000000e-01 2.000000000e-01 1.500000000e-01
      vertex 1.902454839e-01 1.509607360e-01 1.500000000e-01
      vertex 1.926634763e-01 1.505411745e-01 1.500000000e-01
    endloop
  endfacet
  facet normal -1.224106752e-01 -9.924795346e-01 0.000000000e+00
    outer loop
      vertex 1.926634763e-01 1.505411745e-01 -5.000000000e-02
      vertex 1.950991430e-01 1.502407637e-01 -5.000000000e-02
      vertex 1.950991430e-01 1.502407637e-01 1.500000000e-01
    endloop
  endfacet
  facet normal -1.224106752e-01 -9.924795346e-01 0.000000000e+00
    outer loop
      vertex 1.926634763e-01 1.505411745e-01 -5.000000000e-02
      vertex 1.950991430e-01 1.502407637e-01 1.500000000e-01
      vertex 1.926634763e-01 1.505411745e-01 1.500000000e-01
    endloop
  endfacet
  facet normal 0.000000000e+00 0.000000000e+00 -1.000000000e+00
    outer loop
      vertex 2.000000000e-01 2.000000000e-01 -5.000000000e-02
      vertex 1.950991430e-01 1.502407637e-01 -5.000000000e-02
      vertex 1.926634763e-01 1.505411745e-01 -5.000000000e-02
    endloop
  endfacet
  facet normal 0.000000000e+00 0.000000000e+00 1.000000000e+00
    outer loop
      vertex 2.000000000e-01 2.000000000e-01 1.500000000e-01
      vertex 1.926634763e-01 1.505411745e-01 1.500000000e-01
      vertex 1.950991430e-01 1.502407637e-01 1.500000000e-01
    endloop
  endfacet
  facet normal -7.356456360e-02 -9.972904567e-01 0.000000000e+00
    outer loop
      vertex 1.950991430e-01 1.502407637e-01 -5.000000000e-02
      vertex 1.975466163e-01 1.500602272e-01 -5.000000000e-02
      vertex 1.975466163e-01 1.500602272e-01 1.500000000e-01
    endloop
  endfacet
  facet normal -7.356456360e-02 -9.972904567e-01 0.000000000e+00
    outer loop
      vertex 1.950991430e-01 1.502407637e-01 -5.000000000e-02
      vertex 1.975466163e-01 1.500602272e-01 1.500000000e-01
      vertex 1.950991430e-01 1.502407637e-01 1.500000000e-01
    endloop
  endfacet
  facet normal 0.000000000e+00 0.000000000e+00 -1.000000000e+00
    outer loop
      vertex 2.000000000e-01 2.000000000e-01 -5.000000000e-02
      vertex 1.975466163e-01 1.500602272e-01 -5.000000000e-02
      vertex 1.950991430e-01 1.502407637e-01 -5.000000000e-02
    endloop
  endfacet
  facet normal 0.000000000e+00 0.000000000e+00 1.000000000e+00
    outer loop
      vertex 2.000000000e-01 2.000000000e-01 1.500000000e-01
      vertex 1.950991430e-01 1.502407637e-01 1.500000000e-01
      vertex 1.975466163e-01 1.500602272e-01 1.500000000e-01
    endloop
  endfacet
  facet normal -2.454122852e-02 -9.996988187e-01 0.000000000e+00
    outer loop
      vertex 1.975466163e-01 1.500602272e-01 -5.000000000e-02
      vertex 2.000000000e-01 1.500000000e-01 -5.000000000e-02
      vertex 2.000000000e-01 1.500000000e-01 1.500000000e-01
    endloop
  endfacet
  facet normal -2.454122852e-02 -9.996988187e-01 0.000000000e+00
    outer loop
      vertex 1.975466163e-01 1.500602272e-01 -5.000000000e-02
      vertex 2.000000000e-01 1.500000000e-01 1.500000000e-01
      vertex 1.975466163e-01 1.500602272e-01 1.500000000e-01
    endloop
  endfacet
  facet normal 0.000000000e+00 -0.000000000e+00 -1.000000000e+00
    outer loop
      vertex 2.000000000e-01 2.000000000e-01 -5.000000000e-02
      vertex 2.000000000e-01 1.500000000e-01 -5.000000000e-02
      vertex 1.975466163e-01 1.500602272e-01 -5.000000000e-02
    endloop
  endfacet
  facet normal 0.000000000e+00 0.000000000e+00 1.000000000e+00
    outer loop
      vertex 2.000000000e-01 2.000000000e-01 1.500000000e-01
      vertex 1.975466163e-01 1.500602272e-01 1.500000000e-01
      vertex 2.000000000e-01 1.500000000e-01 1.500000000e-01
    endloop
  endfacet
  facet normal 2.454122852e-02 -9.996988187e-01 0.000000000e+00
    outer loop
      vertex 2.000000000e-01 1.500000000e-01 -5.000000000e-02
      vertex 2.024533837e-01 1.500602272e-01 -5.000000000e-02
      vertex 2.024533837e-01 1.500602272e-01 1.500000000e-01
    endloop
  endfacet
  facet normal 2.454122852e-02 -9.996988187e-01 0.000000000e+00
    outer loop
      vertex 2.000000000e-01 1.500000000e-01 -5.000000000e-02
      vertex 2.024533837e-01 1.500602272e-01 1.500000000e-01
      vertex 2.000000000e-01 1.500000000e-01 1.500000000e-01
    endloop
  endfacet
  facet normal 0.000000000e+00 0.000000000e+00 -1.000000000e+00
    outer loop
      vertex 2.000000000e-01 2.000000000e-01 -5.000000000e-02
      vertex 2.024533837e-01 1.500602272e-01 -5.000000000e-02
      vertex 2.000000000e-01 1.500000000e-01 -5.000000000e-02
    endloop
  endfacet
  facet normal 0.000000000e+00 0.000000000e+00 1.000000000e+00
    outer loop
      vertex 2.000000000e-01 2.000000000e-01 1.500000000e-01
      vertex 2.000000000e-01 1.500000000e-01 1.500000000e-01
      vertex 2.024533837e-01 1.500602272e-01 1.500000000e-01
    endloop
  endfacet
  facet normal 7.356456360e-02 -9.972904567e-01 0.000000000e+00
    outer loop
      vertex 2.024533837e-01 1.500602272e-01 -5.000000000e-02
      vertex 2.049008570e-01 1.502407637e-01 -5.000000000e-02
      vertex 2.049008570e-01 1.502407637e-01 1.500000000e-01
    endloop
  endfacet
  facet normal 7.356456360e-02 -9.972904567e-01 0.000000000e+00
    outer loop
      vertex 2.024533837e-01 1.500602272e-01 -5.000000000e-02
      vertex 2.049008570e-01 1.502407637e-01 1.500000000e-01
      vertex 2.024533837e-01 1.500602272e-01 1.500000000e-01
    endloop
  endfacet
  facet normal 0.000000000e+00 0.000000000e+00 -1.000000000e+00
    outer loop
      vertex 2.000000000e-01 2.000000000e-01 -5.000000000e-02
      vertex 2.049008570e-01 1.502407637e-01 -5.000000000e-02
      vertex 2.024533837e-01 1.500602272e-01 -5.000000000e-02
    endloop
  endfacet
  facet normal 0.000000000e+00 0.000000000e+00 1.000000000e+00
    outer loop
      vertex 2.000000000e-01 2.000000000e-01 1.500000000e-01
      vertex 2.024533837e-01 1.500602272e-01 1.500000000e-01
      vertex 2.049008570e-01 1.502407637e-01 1.500000000e-01
    endloop
  endfacet
  facet normal 1.224106752e-01 -9.924795346e-01 0.000000000e+00
    outer loop
      vertex 2.049008570e-01 1.502407637e-01 -5.000000000e-02
      vertex 2.073365237e-01 1.505411745e-01 -5.000000000e-02
      vertex 2.073365237e-01 1.505411745e-01 1.500000000e-01
    endloop
  endfacet
  facet normal 1.224106752e-01 -9.924795346e-01 0.000000000e+00
    outer loop
      vertex 2.049008570e-01 1.502407637e-01 -5.000000000e-02
      vertex 2.073365237e-01 1.505411745e-01 1.500000000e-01
      vertex 2.049008570e-01 1.502407637e-01 1.500000000e-01
    endloop
  endfacet
  facet normal 0.000000000e+00 0.000000000e+00 -1.000000000e+00
    outer loop
      vertex 2.000000000e-01 2.000000000e-01 -5.000000000e-02
      vertex 2.073365237e-01 1.505411745e-01 -5.000000000e-02
      vertex 2.049008570e-01 1.502407637e-01 -5.000000000e-02
    endloop
  endfacet
  facet normal 0.000000000e+00 0.000000000e+00 1.000000000e+00
    outer loop
      vertex 2.000000000e-01 2.000000000e-01 1.500000000e-01
      vertex 2.049008570e-01 1.502407637e-01 1.500000000e-01
      vertex 2.073365237e-01 1.505411745e-01 1.500000000e-01
    endloop
  endfacet
  facet normal 1.709618888e-01 -9.852776424e-01 0.000000000e+00
    outer loop
      vertex 2.073365237e-01 1.505411745e-01 -5.000000000e-02
      vertex 2.097545161e-01 1.509607360e-01 -5.000000000e-02
      vertex 2.097545161e-01 1.509607360e-01 1.500000000e-01
    endloop
  endfacet
  facet normal 1.709618888e-01 -9.852776424e-01 0.000000000e+00
    outer loop
      vertex 2.073365237e-01 1.505411745e-01 -5.000000000e-02
      vertex 2.097545161e-01 1.509607360e-01 1.500000000e-01
      vertex 2.073365237e-01 1.505411745e-01 1.500000000e-01
    endloop
  endfacet
  facet normal 0.000000000e+00 0.000000000e+00 -1.000000000e+00
    outer loop
      vertex 2.000000000e-01 2.000000000e-01 -5.000000000e-02
      vertex 2.097545161e-01 1.509607360e-01 -5.000000000e-02
      vertex 2.073365237e-01 1.505411745e-01 -5.000000000e-02
    endloop
  endfacet
  facet normal 0.000000000e+00 0.000000000e+00 1.000000000e+00
    outer loop
      vertex 2.000000000e-01 2.000000000e-01 1.500000000e-01
      vertex 2.073365237e-01 1.505411745e-01 1.500000000e-01
      vertex 2.097545161e-01 1.509607360e-01 1.500000000e-01
    endloop
  endfacet
  facet normal 2.191012402e-01 -9.757021300e-01 0.000000000e+00
    outer loop
      vertex 2.097545161e-01 1.509607360e-01 -5.000000000e-02
      vertex 2.121490090e-01 1.514984373e-01 -5.000000000e-02
      vertex 2.121490090e-01 1.514984373e-01 1.500000000e-01
    endloop
  endfacet
  facet normal 2.191012402e-01 -9.757021300e-01 0.000000000e+00
    outer loop
      vertex 2.097545161e-01 1.509607360e-01 -5.000000000e-02
      vertex 2.121490090e-01 1.514984373e-01 1.500000000e-01
      vertex 2.097545161e-01 1.509607360e-01 1.500000000e-01
    endloop
  endfacet
  facet normal 0.000000000e+00 0.000000000e+00 -1.000000000e+00
    outer loop
      vertex 2.000000000e-01 2.000000000e-01 -5.000000000e-02
      vertex 2.121490090e-01 1.514984373e-01 -5.000000000e-02
      vertex 2.097545161e-01 1.509607360e-01 -5.000000000e-02
    endloop
  endfacet
  facet normal 0.000000000e+00 0.000000000e+00 1.000000000e+00
    outer loop
      vertex 2.000000000e-01 2.000000000e-01 1.500000000e-01
      vertex 2.097545161e-01 1.509607360e-01 1.500000000e-01
      vertex 2.121490090e-01 1.514984373e-01 1.500000000e-01
    endloop
  endfacet
  facet normal 2.667127575e-01 -9.637760658e-01 0.000000000e+00
    outer loop
      vertex 2.121490090e-01 1.514984373e-01 -5.000000000e-02
      vertex 2.145142339e-01 1.521529832e-01 -5.000000000e-02
      vertex 2.145142339e-01 1.521529832e-01 1.500000000e-01
    endloop
  endfacet
  facet normal 2.667127575e-01 -9.637760658e-01 0.000000000e+00
    outer loop
      vertex 2.121490090e-01 1.514984373e-01 -5.000000000e-02
      vertex 2.145142339e-01 1.521529832e-01 1.500000000e-01
      vertex 2.121490090e-01 1.514984373e-01 1.500000000e-01
    endloop
  endfacet
  facet normal 0.000000000e+00 0.000000000e+00 -1.000000000e+00
    outer loop
      vertex 2.000000000e-01 2.000000000e-01 -5.000000000e-02
      vertex 2.145142339e-01 1.521529832e-01 -5.000000000e-02
      vertex 2.121490090e-01 1.514984373e-01 -5.000000000e-02
    endloop
  endfacet
  facet normal 0.000000000e+00 0.000000000e+00 1.000000000e+00
    outer loop
      vertex 2.000000000e-01 2.000000000e-01 1.500000000e-01
      vertex 2.121490090e-01 1.514984373e-01 1.500000000e-01
      vertex 2.145142339e-01 1.521529832e-01 1.500000000e-01
    endloop
  endfacet
  facet normal 3.136817404e-01 -9.495281806e-01 0.000000000e+00
    outer loop
      vertex 2.145142339e-01 1.521529832e-01 -5.000000000e-02
      vertex 2.168444927e-01 1.529227967e-01 -5.000000000e-02
      vertex 2.168444927e-01 1.529227967e-01 1.500000000e-01
    endloop
  endfacet
  facet normal 3.136817404e-01 -9.495281806e-01 0.000000000e+00
    outer loop
      vertex 2.145142339e-01 1.521529832e-01 -5.000000000e-02
      vertex 2.168444927e-01 1.529227967e-01 1.500000000e-01
      vertex 2.145142339e-01 1.521529832e-01 1.500000000e-01
    endloop
  endfacet
  facet normal 0.000000000e+00 0.000000000e+00 -1.000000000e+00
    outer loop
      vertex 2.000000000e-01 2.000000000e-01 -5.000000000e-02
      vertex 2.168444927e-01 1.529227967e-01 -5.000000000e-02
      vertex 2.145142339e-01 1.521529832e-01 -5.000000000e-02
    endloop
  endfacet
  facet normal 0.000000000e+00 0.000000000e+00 1.000000000e+00
    outer loop
      vertex 2.000000000e-01 2.000000000e-01 1.500000000e-01
      vertex 2.145142339e-01 1.521529832e-01 1.500000000e-01
      vertex 2.168444927e-01 1.529227967e-01 1.500000000e-01
    endloop
  endfacet
  facet normal 3.598950365e-01 -9.329927988e-01 0.000000000e+00
    outer loop
      vertex 2.168444927e-01 1.529227967e-01 -5.000000000e-02
      vertex 2.191341716e-01 1.538060234e-01 -5.000000000e-02
      vertex 2.191341716e-01 1.538060234e-01 1.500000000e-01
    endloop
  endfacet
  facet normal 3.598950365e-01 -9.329927988e-01 0.000000000e+00
    outer loop
      vertex 2.168444927e-01 1.529227967e-01 -5.000000000e-02
      vertex 2.191341716e-01 1.538060234e-01 1.500000000e-01
      vertex 2.168444927e-01 1.529227967e-01 1.500000000e-01
    endloop
  endfacet
  facet normal 0.000000000e+00 0.000000000e+00 -1.000000000e+00
    outer loop
      vertex 2.000000000e-01 2.000000000e-01 -5.000000000e-02
      vertex 2.191341716e-01 1.538060234e-01 -5.000000000e-02
      vertex 2.168444927e-01 1.529227967e-01 -5.000000000e-02
    endloop
  endfacet
  facet normal 0.000000000e+00 0.000000000e+00 1.000000000e+00
    outer loop
      vertex 2.000000000e-01 2.000000000e-01 1.500000000e-01
      vertex 2.168444927e-01 1.529227967e-01 1.500000000e-01
      vertex 2.191341716e-01 1.538060234e-01 1.500000000e-01
    endloop
  endfacet
  facet normal 4.052413140e-01 -9.142097557e-01 0.000000000e+00
    outer loop
      vertex 2.191341716e-01 1.538060234e-01 -5.000000000e-02
      vertex 2.213777547e-01 1.548005353e-01 -5.000000000e-02
      vertex 2.213777547e-01 1.548005353e-01 1.500000000e-01
    endloop
  endfacet
  facet normal 4.052413140e-01 -9.142097557e-01 0.000000000e+00
    outer loop
      vertex 2.191341716e-01 1.538060234e-01 -5.000000000e-02
      vertex 2.213777547e-01 1.548005353e-01 1.500000000e-01
      vertex 2.191341716e-01 1.538060234e-01 1.500000000e-01
    endloop
  endfacet
  facet normal 0.000000000e+00 0.000000000e+00 -1.000000000e+00
    outer loop
      vertex 2.000000000e-01 2.000000000e-01 -5.000000000e-02
      vertex 2.213777547e-01 1.548005353e-01 -5.000000000e-02
      vertex 2.191341716e-01 1.538060234e-01 -5.000000000e-02
    endloop
  endfacet
  facet normal 0.000000000e+00 0.000000000e+00 1.000000000e+00
    outer loop
      vertex 2.000000000e-01 2.000000000e-01 1.500000000e-01
      vertex 2.191341716e-01 1.538060234e-01 1.500000000e-01
      vertex 2.213777547e-01 1.548005353e-01 1.500000000e-01
    endloop
  endfacet
  facet normal 4.496113297e-01 -8.932243012e-01 0.000000000e+00
    outer loop
      vertex 2.213777547e-01 1.548005353e-01 -5.000000000e-02
      vertex 2.235698368e-01 1.559039368e-01 -5.000000000e-02
      vertex 2.235698368e-01 1.559039368e-01 1.500000000e-01
    endloop
  endfacet
  facet normal 4.496113297e-01 -8.932243012e-01 0.000000000e+00
    outer loop
      vertex 2.213777547e-01 1.548005353e-01 -5.000000000e-02
      vertex 2.235698368e-01 1.559039368e-01 1.500000000e-01
      vertex 2.213777547e-01 1.548005353e-01 1.500000000e-01
    endloop
  endfacet
  facet normal 0.000000000e+00 0.000000000e+00 -1.000000000e+00
    outer loop
      vertex 2.000000000e-01 2.000000000e-01 -5.000000000e-02
      vertex 2.235698368e-01 1.559039368e-01 -5.000000000e-02
      vertex 2.213777547e-01 1.548005353e-01 -5.000000000e-02
    endloop
  endfacet
  facet normal 0.000000000e+00 0.000000000e+00 1.000000000e+00
    outer loop
      vertex 2.000000000e-01 2.000000000e-01 1.500000000e-01
      vertex 2.213777547e-01 1.548005353e-01 1.500000000e-01
      vertex 2.235698368e-01 1.559039368e-01 1.500000000e-01
    endloop
  endfacet
  facet normal 4.928981922e-01 -8.700869911e-01 0.000000000e+00
    outer loop
      vertex 2.235698368e-01 1.559039368e-01 -5.000000000e-02
      vertex 2.257051372e-01 1.571135695e-01 -5.000000000e-02
      vertex 2.257051372e-01 1.571135695e-01 1.500000000e-01
    endloop
  endfacet
  facet normal 4.928981922e-01 -8.700869911e-01 0.000000000e+00
    outer loop
      vertex 2.235698368e-01 1.559039368e-01 -5.000000000e-02
      vertex 2.257051372e-01 1.571135695e-01 1.500000000e-01
      vertex 2.235698368e-01 1.559039368e-01 1.500000000e-01
    endloop
  endfacet
  facet normal 0.000000000e+00 0.000000000e+00 -1.000000000e+00
    outer loop
      vertex 2.000000000e-01 2.000000000e-01 -5.000000000e-02
      vertex 2.257051372e-01 1.571135695e-01 -5.000000000e-02
      vertex 2.235698368e-01 1.559039368e-01 -5.000000000e-02
    endloop
  endfacet
  facet normal 0.000000000e+00 0.000000000e+00 1.000000000e+00
    outer loop
      vertex 2.000000000e-01 2.000000000e-01 1.500000000e-01
      vertex 2.235698368e-01 1.559039368e-01 1.500000000e-01
      vertex 2.257051372e-01 1.571135695e-01 1.500000000e-01
    endloop
  endfacet
  facet normal 5.349976199e-01 -8.448535652e-01 0.000000000e+00
    outer loop
      vertex 2.257051372e-01 1.571135695e-01 -5.000000000e-02
      vertex 2.277785117e-01 1.584265194e-01 -5.000000000e-02
      vertex 2.277785117e-01 1.584265194e-01 1.500000000e-01
    endloop
  endfacet
  facet normal 5.349976199e-01 -8.448535652e-01 0.000000000e+00
    outer loop
      vertex 2.257051372e-01 1.571135695e-01 -5.000000000e-02
      vertex 2.277785117e-01 1.584265194e-01 1.500000000e-01
      vertex 2.257051372e-01 1.571135695e-01 1.500000000e-01
    endloop
  endfacet
  facet normal 0.000000000e+00 0.000000000e+00 -1.000000000e+00
    outer loop
      vertex 2.000000000e-01 2.000000000e-01 -5.000000000e-02
      vertex 2.277785117e-01 1.584265194e-01 -5.000000000e-02
      vertex 2.257051372e-01 1.571135695e-01 -5.000000000e-02
    endloop
  endfacet
  facet normal 0.000000000e+00 0.000000000e+00 1.000000000e+00
    outer loop
      vertex 2.000000000e-01 2.000000000e-01 1.500000000e-01
      vertex 2.257051372e-01 1.571135695e-01 1.500000000e-01
      vertex 2.277785117e-01 1.584265194e-01 1.500000000e-01
    endloop
  endfacet
  facet normal 5.758081914e-01 -8.175848132e-01 0.000000000e+00
    outer loop
      vertex 2.277785117e-01 1.584265194e-01 -5.000000000e-02
      vertex 2.297849652e-01 1.598396234e-01 -5.000000000e-02
      vertex 2.297849652e-01 1.598396234e-01 1.500000000e-01
    endloop
  endfacet
  facet normal 5.758081914e-01 -8.175848132e-01 0.000000000e+00
    outer loop
      vertex 2.277785117e-01 1.584265194e-01 -5.000000000e-02
      vertex 2.297849652e-01 1.598396234e-01 1.500000000e-01
      vertex 2.277785117e-01 1.584265194e-01 1.500000000e-01
    endloop
  endfacet
  facet normal 0.000000000e+00 0.000000000e+00 -1.000000000e+00
    outer loop
      vertex 2.000000000e-01 2.000000000e-01 -5.000000000e-02
      vertex 2.297849652e-01 1.598396234e-01 -5.000000000e-02
      vertex 2.277785117e-01 1.584265194e-01 -5.000000000e-02
    endloop
  endfacet
  facet normal 0.000000000e+00 0.000000000e+00 1.000000000e+00
    outer loop
      vertex 2.000000000e-01 2.000000000e-01 1.500000000e-01
      vertex 2.277785117e-01 1.584265194e-01 1.500000000e-01
      vertex 2.297849652e-01 1.598396234e-01 1.500000000e-01
    endloop
  endfacet
  facet normal 6.152315906e-01 -7.883464276e-01 0.000000000e+00
    outer loop
      vertex 2.297849652e-01 1.598396234e-01 -5.000000000e-02
      vertex 2.317196642e-01 1.613494773e-01 -5.000000000e-02
      vertex 2.317196642e-01 1.613494773e-01 1.500000000e-01
    endloop
  endfacet
  facet normal 6.152315906e-01 -7.883464276e-01 0.000000000e+00
    outer loop
      vertex 2.297849652e-01 1.598396234e-01 -5.000000000e-02
      vertex 2.317196642e-01 1.613494773e-01 1.500000000e-01
      vertex 2.297849652e-01 1.598396234e-01 1.500000000e-01
    endloop
  endfacet
  facet normal 0.000000000e+00 0.000000000e+00 -1.000000000e+00
    outer loop
      vertex 2.000000000e-01 2.000000000e-01 -5.000000000e-02
      vertex 2.317196642e-01 1.613494773e-01 -5.000000000e-02
      vertex 2.297849652e-01 1.598396234e-01 -5.000000000e-02
    endloop
  endfacet
  facet normal 0.000000000e+00 0.000000000e+00 1.000000000e+00
    outer loop
      vertex 2.000000000e-01 2.000000000e-01 1.500000000e-01
      vertex 2.297849652e-01 1.598396234e-01 1.500000000e-01
      vertex 2.317196642e-01 1.613494773e-01 1.500000000e-01
    endloop
  endfacet
  facet normal 6.531728430e-01 -7.572088465e-01 0.000000000e+00
    outer loop
      vertex 2.317196642e-01 1.613494773e-01 -5.000000000e-02
      vertex 2.335779477e-01 1.629524437e-01 -5.000000000e-02
      vertex 2.335779477e-01 1.629524437e-01 1.500000000e-01
    endloop
  endfacet
  facet normal 6.531728430e-01 -7.572088465e-01 0.000000000e+00
    outer loop
      vertex 2.317196642e-01 1.613494773e-01 -5.000000000e-02
      vertex 2.335779477e-01 1.629524437e-01 1.500000000e-01
      vertex 2.317196642e-01 1.613494773e-01 1.500000000e-01
    endloop
  endfacet
  facet normal 0.000000000e+00 0.000000000e+00 -1.000000000e+00
    outer loop
      vertex 2.000000000e-01 2.000000000e-01 -5.000000000e-02
      vertex 2.335779477e-01 1.629524437e-01 -5.000000000e-02
      vertex 2.317196642e-01 1.613494773e-01 -5.000000000e-02
    endloop
  endfacet
  facet normal 0.000000000e+00 0.000000000e+00 1.000000000e+00
    outer loop
      vertex 2.000000000e-01 2.000000000e-01 1.500000000e-01
      vertex 2.317196642e-01 1.613494773e-01 1.500000000e-01
      vertex 2.335779477e-01 1.629524437e-01 1.500000000e-01
    endloop
  endfacet
  facet normal 6.895405447e-01 -7.242470830e-01 0.000000000e+00
    outer loop
      vertex 2.335779477e-01 1.629524437e-01 -5.000000000e-02
      vertex 2.353553391e-01 1.646446609e-01 -5.000000000e-02
      vertex 2.353553391e-01 1.646446609e-01 1.500000000e-01
    endloop
  endfacet
  facet normal 6.895405447e-01 -7.242470830e-01 0.000000000e+00
    outer loop
      vertex 2.335779477e-01 1.629524437e-01 -5.000000000e-02
      vertex 2.353553391e-01 1.646446609e-01 1.500000000e-01
      vertex 2.335779477e-01 1.629524437e-01 1.500000000e-01
    endloop
  endfacet
  facet normal 0.000000000e+00 0.000000000e+00 -1.000000000e+00
    outer loop
      vertex 2.000000000e-01 2.000000000e-01 -5.000000000e-02
      vertex 2.353553391e-01 1.646446609e-01 -5.000000000e-02
      vertex 2.335779477e-01 1.629524437e-01 -5.000000000e-02
    endloop
  endfacet
  facet normal 0.000000000e+00 0.000000000e+00 1.000000000e+00
    outer loop
      vertex 2.000000000e-01 2.000000000e-01 1.500000000e-01
      vertex 2.335779477e-01 1.629524437e-01 1.500000000e-01
      vertex 2.353553391e-01 1.646446609e-01 1.500000000e-01
    endloop
  endfacet
  facet normal 7.242470830e-01 -6.895405447e-01 0.000000000e+00
    outer loop
      vertex 2.353553391e-01 1.646446609e-01 -5.000000000e-02
      vertex 2.370475563e-01 1.664220523e-01 -5.000000000e-02
      vertex 2.370475563e-01 1.664220523e-01 1.500000000e-01
    endloop
  endfacet
  facet normal 7.242470830e-01 -6.895405447e-01 0.000000000e+00
    outer loop
      vertex 2.353553391e-01 1.646446609e-01 -5.000000000e-02
      vertex 2.370475563e-01 1.664220523e-01 1.500000000e-01
      vertex 2.353553391e-01 1.646446609e-01 1.500000000e-01
    endloop
  endfacet
  facet normal 0.000000000e+00 0.000000000e+00 -1.000000000e+00
    outer loop
      vertex 2.000000000e-01 2.000000000e-01 -5.000000000e-02
      vertex 2.370475563e-01 1.664220523e-01 -5.000000000e-02
      vertex 2.353553391e-01 1.646446609e-01 -5.000000000e-02
    endloop
  endfacet
  facet normal 0.000000000e+00 0.000000000e+00 1.000000000e+00
    outer loop
      vertex 2.000000000e-01 2.000000000e-01 1.500000000e-01
      vertex 2.353553391e-01 1.646446609e-01 1.500000000e-01
      vertex 2.370475563e-01 1.664220523e-01 1.500000000e-01
    endloop
  endfacet
  facet normal 7.572088465e-01 -6.531728430e-01 0.000000000e+00
    outer loop
      vertex 2.370475563e-01 1.664220523e-01 -5.000000000e-02
      vertex 2.386505227e-01 1.682803358e-01 -5.000000000e-02
      vertex 2.386505227e-01 1.682803358e-01 1.500000000e-01
    endloop
  endfacet
  facet normal 7.572088465e-01 -6.531728430e-01 0.000000000e+00
    outer loop
      vertex 2.370475563e-01 1.664220523e-01 -5.000000000e-02
      vertex 2.386505227e-01 1.682803358e-01 1.500000000e-01
      vertex 2.370475563e-01 1.664220523e-01 1.500000000e-01
    endloop
  endfacet
  facet normal 0.000000000e+00 0.000000000e+00 -1.000000000e+00
    outer loop
      vertex 2.000000000e-01 2.000000000e-01 -5.000000000e-02
      vertex 2.386505227e-01 1.682803358e-01 -5.000000000e-02
      vertex 2.370475563e-01 1.664220523e-01 -5.000000000e-02
    endloop
  endfacet
  facet normal 0.000000000e+00 0.000000000e+00 1.000000000e+00
    outer loop
      vertex 2.000000000e-01 2.000000000e-01 1.500000000e-01
      vertex 2.370475563e-01 1.664220523e-01 1.500000000e-01
      vertex 2.386505227e-01 1.682803358e-01 1.500000000e-01
    endloop
  endfacet
  facet normal 7.883464276e-01 -6.152315906e-01 0.000000000e+00
    outer loop
      vertex 2.386505227e-01 1.682803358e-01 -5.000000000e-02
      vertex 2.401603766e-01 1.702150348e-01 -5.000000000e-02
      vertex 2.401603766e-01 1.702150348e-01 1.500000000e-01
    endloop
  endfacet
  facet normal 7.883464276e-01 -6.152315906e-01 0.000000000e+00
    outer loop
      vertex 2.386505227e-01 1.682803358e-01 -5.000000000e-02
      vertex 2.401603766e-01 1.702150348e-01 1.500000000e-01
      vertex 2.386505227e-01 1.682803358e-01 1.500000000e-01
    endloop
  endfacet
  facet normal 0.000000000e+00 0.000000000e+00 -1.000000000e+00
    outer loop
      vertex 2.000000000e-01 2.000000000e-01 -5.000000000e-02
      vertex 2.401603766e-01 1.702150348e-01 -5.000000000e-02
      vertex 2.386505227e-01 1.682803358e-01 -5.000000000e-02
    endloop
  endfacet
  facet normal 0.000000000e+00 0.000000000e+00 1.000000000e+00
    outer loop
      vertex 2.000000000e-01 2.000000000e-01 1.500000000e-01
      vertex 2.386505227e-01 1.682803358e-01 1.500000000e-01
      vertex 2.401603766e-01 1.702150348e-01 1.500000000e-01
    endloop
  endfacet
  facet normal 8.175848132e-01 -5.758081914e-01 0.000000000e+00
    outer loop
      vertex 2.401603766e-01 1.702150348e-01 -5.000000000e-02
      vertex 2.415734806e-01 1.722214883e-01 -5.000000000e-02
      vertex 2.415734806e-01 1.722214883e-01 1.500000000e-01
    endloop
  endfacet
  facet normal 8.175848132e-01 -5.758081914e-01 0.000000000e+00
    outer loop
      vertex 2.401603766e-01 1.702150348e-01 -5.000000000e-02
      vertex 2.415734806e-01 1.722214883e-01 1.500000000e-01
      vertex 2.401603766e-01 1.702150348e-01 1.500000000e-01
    endloop
  endfacet
  facet normal 0.000000000e+00 0.000000000e+00 -1.000000000e+00
    outer loop
      vertex 2.000000000e-01 2.000000000e-01 -5.000000000e-02
      vertex 2.415734806e-01 1.722214883e-01 -5.000000000e-02
      vertex 2.401603766e-01 1.702150348e-01 -5.000000000e-02
    endloop
  endfacet
  facet normal 0.000000000e+00 0.000000000e+00 1.000000000e+00
    outer loop
      vertex 2.000000000e-01 2.000000000e-01 1.500000000e-01
      vertex 2.401603766e-01 1.702150348e-01 1.500000000e-01
      vertex 2.415734806e-01 1.722214883e-01 1.500000000e-01
    endloop
  endfacet
  facet normal 8.448535652e-01 -5.349976199e-01 0.000000000e+00
    outer loop
      vertex 2.415734806e-01 1.722214883e-01 -5.000000000e-02
      vertex 2.428864305e-01 1.742948628e-01 -5.000000000e-02
      vertex 2.428864305e-01 1.742948628e-01 1.500000000e-01
    endloop
  endfacet
  facet normal 8.448535652e-01 -5.349976199e-01 0.000000000e+00
    outer loop
      vertex 2.415734806e-01 1.722214883e-01 -5.000000000e-02
      vertex 2.428864305e-01 1.742948628e-01 1.500000000e-01
      vertex 2.415734806e-01 1.722214883e-01 1.500000000e-01
    endloop
  endfacet
  facet normal 0.000000000e+00 0.000000000e+00 -1.000000000e+00
    outer loop
      vertex 2.000000000e-01 2.000000000e-01 -5.000000000e-02
      vertex 2.428864305e-01 1.742948628e-01 -5.000000000e-02
      vertex 2.415734806e-01 1.722214883e-01 -5.000000000e-02
    endloop
  endfacet
  facet normal 0.000000000e+00 0.000000000e+00 1.000000000e+00
    outer loop
      vertex 2.000000000e-01 2.000000000e-01 1.500000000e-01
      vertex 2.415734806e-01 1.722214883e-01 1.500000000e-01
      vertex 2.428864305e-01 1.742948628e-01 1.500000000e-01
    endloop
  endfacet
  facet normal 8.700869911e-01 -4.928981922e-01 0.000000000e+00
    outer loop
      vertex 2.428864305e-01 1.742948628e-01 -5.000000000e-02
      vertex 2.440960632e-01 1.764301632e-01 -5.000000000e-02
      vertex 2.440960632e-01 1.764301632e-01 1.500000000e-01
    endloop
  endfacet
  facet normal 8.700869911e-01 -4.928981922e-01 0.000000000e+00
    outer loop
      vertex 2.428864305e-01 1.742948628e-01 -5.000000000e-02
      vertex 2.440960632e-01 1.764301632e-01 1.500000000e-01
      vertex 2.428864305e-01 1.742948628e-01 1.500000000e-01
    endloop
  endfacet
  facet normal 0.000000000e+00 0.000000000e+00 -1.000000000e+00
    outer loop
      vertex 2.000000000e-01 2.000000000e-01 -5.000000000e-02
      vertex 2.440960632e-01 1.764301632e-01 -5.000000000e-02
      vertex 2.428864305e-01 1.742948628e-01 -5.000000000e-02
    endloop
  endfacet
  facet normal 0.000000000e+00 0.000000000e+00 1.000000000e+00
    outer loop
      vertex 2.000000000e-01 2.000000000e-01 1.500000000e-01
      vertex 2.428864305e-01 1.742948628e-01 1.500000000e-01
      vertex 2.440960632e-01 1.764301632e-01 1.500000000e-01
    endloop
  endfacet
  facet normal 8.932243012e-01 -4.496113297e-01 0.000000000e+00
    outer loop
      vertex 2.440960632e-01 1.764301632e-01 -5.000000000e-02
      vertex 2.451994647e-01 1.786222453e-01 -5.000000000e-02
      vertex 2.451994647e-01 1.786222453e-01 1.500000000e-01
    endloop
  endfacet
  facet normal 8.932243012e-01 -4.496113297e-01 0.000000000e+00
    outer loop
      vertex 2.440960632e-01 1.764301632e-01 -5.000000000e-02
      vertex 2.451994647e-01 1.786222453e-01 1.500000000e-01
      vertex 2.440960632e-01 1.764301632e-01 1.500000000e-01
    endloop
  endfacet
  facet normal 0.000000000e+00 0.000000000e+00 -1.000000000e+00
    outer loop
      vertex 2.000000000e-01 2.000000000e-01 -5.000000000e-02
      vertex 2.451994647e-01 1.786222453e-01 -5.000000000e-02
      vertex 2.440960632e-01 1.764301632e-01 -5.000000000e-02
    endloop
  endfacet
  facet normal 0.000000000e+00 0.000000000e+00 1.000000000e+00
    outer loop
      vertex 2.000000000e-01 2.000000000e-01 1.500000000e-01
      vertex 2.440960632e-01 1.764301632e-01 1.500000000e-01
      vertex 2.451994647e-01 1.786222453e-01 1.500000000e-01
    endloop
  endfacet
  facet normal 9.142097557e-01 -4.052413140e-01 0.000000000e+00
    outer loop
      vertex 2.451994647e-01 1.786222453e-01 -5.000000000e-02
      vertex 2.461939766e-01 1.808658284e-01 -5.000000000e-02
      vertex 2.461939766e-01 1.808658284e-01 1.500000000e-01
    endloop
  endfacet
  facet normal 9.142097557e-01 -4.052413140e-01 0.000000000e+00
    outer loop
      vertex 2.451994647e-01 1.786222453e-01 -5.000000000e-02
      vertex 2.461939766e-01 1.808658284e-01 1.500000000e-01
      vertex 2.451994647e-01 1.786222453e-01 1.500000000e-01
    endloop
  endfacet
  facet normal 0.000000000e+00 0.000000000e+00 -1.000000000e+00
    outer loop
      vertex 2.000000000e-01 2.000000000e-01 -5.000000000e-02
      vertex 2.461939766e-01 1.808658284e-01 -5.000000000e-02
      vertex 2.451994647e-01 1.786222453e-01 -5.000000000e-02
    endloop
  endfacet
  facet normal 0.000000000e+00 0.000000000e+00 1.000000000e+00
    outer loop
      vertex 2.000000000e-01 2.000000000e-01 1.500000000e-01
      vertex 2.451994647e-01 1.786222453e-01 1.500000000e-01
      vertex 2.461939766e-01 1.808658284e-01 1.500000000e-01
    endloop
  endfacet
  facet normal 9.329927988e-01 -3.598950365e-01 0.000000000e+00
    outer loop
      vertex 2.461939766e-01 1.808658284e-01 -5.000000000e-02
      vertex 2.470772033e-01 1.831555073e-01 -5.000000000e-02
      vertex 2.470772033e-01 1.831555073e-01 1.500000000e-01
    endloop
  endfacet
  facet normal 9.329927988e-01 -3.598950365e-01 0.000000000e+00
    outer loop
      vertex 2.461939766e-01 1.808658284e-01 -5.000000000e-02
      vertex 2.470772033e-01 1.831555073e-01 1.500000000e-01
      vertex 2.461939766e-01 1.808658284e-01 1.500000000e-01
    endloop
  endfacet
  facet normal 0.000000000e+00 0.000000000e+00 -1.000000000e+00
    outer loop
      vertex 2.000000000e-01 2.000000000e-01 -5.000000000e-02
      vertex 2.470772033e-01 1.831555073e-01 -5.000000000e-02
      vertex 2.461939766e-01 1.808658284e-01 -5.000000000e-02
    endloop
  endfacet
  facet normal 0.000000000e+00 0.000000000e+00 1.000000000e+00
    outer loop
      vertex 2.000000000e-01 2.000000000e-01 1.500000000e-01
      vertex 2.461939766e-01 1.808658284e-01 1.500000000e-01
      vertex 2.470772033e-01 1.831555073e-01 1.500000000e-01
    endloop
  endfacet
  facet normal 9.495281806e-01 -3.136817404e-01 0.000000000e+00
    outer loop
      vertex 2.470772033e-01 1.831555073e-01 -5.000000000e-02
      vertex 2.478470168e-01 1.854857661e-01 -5.000000000e-02
      vertex 2.478470168e-01 1.854857661e-01 1.500000000e-01
    endloop
  endfacet
  facet normal 9.495281806e-01 -3.136817404e-01 0.000000000e+00
    outer loop
      vertex 2.470772033e-01 1.831555073e-01 -5.000000000e-02
      vertex 2.478470168e-01 1.854857661e-01 1.500000000e-01
      vertex 2.470772033e-01 1.831555073e-01 1.500000000e-01
    endloop
  endfacet
  facet normal 0.000000000e+00 0.000000000e+00 -1.000000000e+00
    outer loop
      vertex 2.000000000e-01 2.000000000e-01 -5.000000000e-02
      vertex 2.478470168e-01 1.854857661e-01 -5.000000000e-02
      vertex 2.470772033e-01 1.831555073e-01 -5.000000000e-02
    endloop
  endfacet
  facet normal 0.000000000e+00 0.000000000e+00 1.000000000e+00
    outer loop
      vertex 2.000000000e-01 2.000000000e-01 1.500000000e-01
      vertex 2.470772033e-01 1.831555073e-01 1.500000000e-01
      vertex 2.478470168e-01 1.854857661e-01 1.500000000e-01
    endloop
  endfacet
  facet normal 9.637760658e-01 -2.667127575e-01 0.000000000e+00
    outer loop
      vertex 2.478470168e-01 1.854857661e-01 -5.000000000e-02
      vertex 2.485015627e-01 1.878509910e-01 -5.000000000e-02
      vertex 2.485015627e-01 1.878509910e-01 1.500000000e-01
    endloop
  endfacet
  facet normal 9.637760658e-01 -2.667127575e-01 0.000000000e+00
    outer loop
      vertex 2.478470168e-01 1.854857661e-01 -5.000000000e-02
      vertex 2.485015627e-01 1.878509910e-01 1.500000000e-01
      vertex 2.478470168e-01 1.854857661e-01 1.500000000e-01
    endloop
  endfacet
  facet normal 0.000000000e+00 0.000000000e+00 -1.000000000e+00
    outer loop
      vertex 2.000000000e-01 2.000000000e-01 -5.000000000e-02
      vertex 2.485015627e-01 1.878509910e-01 -5.000000000e-02
      vertex 2.478470168e-01 1.854857661e-01 -5.000000000e-02
    endloop
  endfacet
  facet normal 0.000000000e+00 0.000000000e+00 1.000000000e+00
    outer loop
      vertex 2.000000000e-01 2.000000000e-01 1.500000000e-01
      vertex 2.478470168e-01 1.854857661e-01 1.500000000e-01
      vertex 2.485015627e-01 1.878509910e-01 1.500000000e-01
    endloop
  endfacet
  facet normal 9.757021300e-01 -2.191012402e-01 0.000000000e+00
    outer loop
      vertex 2.485015627e-01 1.878509910e-01 -5.000000000e-02
      vertex 2.490392640e-01 1.902454839e-01 -5.000000000e-02
      vertex 2.490392640e-01 1.902454839e-01 1.500000000e-01
    endloop
  endfacet
  facet normal 9.757021300e-01 -2.191012402e-01 0.000000000e+00
    outer loop
      vertex 2.485015627e-01 1.878509910e-01 -5.000000000e-02
      vertex 2.490392640e-01 1.902454839e-01 1.500000000e-01
      vertex 2.485015627e-01 1.878509910e-01 1.500000000e-01
    endloop
  endfacet
  facet normal 0.000000000e+00 0.000000000e+00 -1.000000000e+00
    outer loop
      vertex 2.000000000e-01 2.000000000e-01 -5.000000000e-02
      vertex 2.490392640e-01 1.902454839e-01 -5.000000000e-02
      vertex 2.485015627e-01 1.878509910e-01 -5.000000000e-02
    endloop
  endfacet
  facet normal 0.000000000e+00 0.000000000e+00 1.000000000e+00
    outer loop
      vertex 2.000000000e-01 2.000000000e-01 1.500000000e-01
      vertex 2.485015627e-01 1.878509910e-01 1.500000000e-01
      vertex 2.490392640e-01 1.902454839e-01 1.500000000e-01
    endloop
  endfacet
  facet normal 9.852776424e-01 -1.709618888e-01 0.000000000e+00
    outer loop
      vertex 2.490392640e-01 1.902454839e-01 -5.000000000e-02
      vertex 2.494588255e-01 1.926634763e-01 -5.000000000e-02
      vertex 2.494588255e-01 1.926634763e-01 1.500000000e-01
    endloop
  endfacet
  facet normal 9.852776424e-01 -1.709618888e-01 0.000000000e+00
    outer loop
      vertex 2.490392640e-01 1.902454839e-01 -5.000000000e-02
      vertex 2.494588255e-01 1.926634763e-01 1.500000000e-01
      vertex 2.490392640e-01 1.902454839e-01 1.500000000e-01
    endloop
  endfacet
  facet normal 0.000000000e+00 0.000000000e+00 -1.000000000e+00
    outer loop
      vertex 2.000000000e-01 2.000000000e-01 -5.000000000e-02
      vertex 2.494588255e-01 1.926634763e-01 -5.000000000e-02
      vertex 2.490392640e-01 1.902454839e-01 -5.000000000e-02
    endloop
  endfacet
  facet normal 0.000000000e+00 0.000000000e+00 1.000000000e+00
    outer loop
      vertex 2.000000000e-01 2.000000000e-01 1.500000000e-01
      vertex 2.490392640e-01 1.902454839e-01 1.500000000e-01
      vertex 2.494588255e-01 1.926634763e-01 1.500000000e-01
    endloop
  endfacet
  facet normal 9.924795346e-01 -1.224106752e-01 0.000000000e+00
    outer loop
      vertex 2.494588255e-01 1.926634763e-01 -5.000000000e-02
      vertex 2.497592363e-01 1.950991430e-01 -5.000000000e-02
      vertex 2.497592363e-01 1.950991430e-01 1.500000000e-01
    endloop
  endfacet
  facet normal 9.924795346e-01 -1.224106752e-01 0.000000000e+00
    outer loop
      vertex 2.494588255e-01 1.926634763e-01 -5.000000000e-02
      vertex 2.497592363e-01 1.950991430e-01 1.500000000e-01
      vertex 2.494588255e-01 1.926634763e-01 1.500000000e-01
    endloop
  endfacet
  facet normal 0.000000000e+00 0.000000000e+00 -1.000000000e+00
    outer loop
      vertex 2.000000000e-01 2.000000000e-01 -5.000000000e-02
      vertex 2.497592363e-01 1.950991430e-01 -5.000000000e-02
      vertex 2.494588255e-01 1.926634763e-01 -5.000000000e-02
    endloop
  endfacet
  facet normal 0.000000000e+00 0.000000000e+00 1.000000000e+00
    outer loop
      vertex 2.000000000e-01 2.000000000e-01 1.500000000e-01
      vertex 2.494588255e-01 1.926634763e-01 1.500000000e-01
      vertex 2.497592363e-01 1.950991430e-01 1.500000000e-01
    endloop
  endfacet
  facet normal 9.972904567e-01 -7.356456360e-02 0.000000000e+00
    outer loop
      vertex 2.497592363e-01 1.950991430e-01 -5.000000000e-02
      vertex 2.499397728e-01 1.975466163e-01 -5.000000000e-02
      vertex 2.499397728e-01 1.975466163e-01 1.500000000e-01
    endloop
  endfacet
  facet normal 9.972904567e-01 -7.356456360e-02 0.000000000e+00
    outer loop
      vertex 2.497592363e-01 1.950991430e-01 -5.000000000e-02
      vertex 2.499397728e-01 1.975466163e-01 1.500000000e-01
      vertex 2.497592363e-01 1.950991430e-01 1.500000000e-01
    endloop
  endfacet
  facet normal 0.000000000e+00 0.000000000e+00 -1.000000000e+00
    outer loop
      vertex 2.000000000e-01 2.000000000e-01 -5.000000000e-02
      vertex 2.499397728e-01 1.975466163e-01 -5.000000000e-02
      vertex 2.497592363e-01 1.950991430e-01 -5.000000000e-02
    endloop
  endfacet
  facet normal 0.000000000e+00 0.000000000e+00 1.000000000e+00
    outer loop
      vertex 2.000000000e-01 2.000000000e-01 1.500000000e-01
      vertex 2.497592363e-01 1.950991430e-01 1.500000000e-01
      vertex 2.499397728e-01 1.975466163e-01 1.500000000e-01
    endloop
  endfacet
  facet normal 9.996988187e-01 -2.454122852e-02 0.000000000e+00
    outer loop
      vertex 2.499397728e-01 1.975466163e-01 -5.000000000e-02
      vertex 2.500000000e-01 2.000000000e-01 -5.000000000e-02
      vertex 2.500000000e-01 2.000000000e-01 1.500000000e-01
    endloop
  endfacet
  facet normal 9.996988187e-01 -2.454122852e-02 0.000000000e+00
    outer loop
      vertex 2.499397728e-01 1.975466163e-01 -5.000000000e-02
      vertex 2.500000000e-01 2.000000000e-01 1.500000000e-01
      vertex 2.499397728e-01 1.975466163e-01 1.500000000e-01
    endloop
  endfacet
  facet normal 0.000000000e+00 0.000000000e+00 -1.000000000e+00
    outer loop
      vertex 2.000000000e-01 2.000000000e-01 -5.000000000e-02
      vertex 2.500000000e-01 2.000000000e-01 -5.000000000e-02
      vertex 2.499397728e-01 1.975466163e-01 -5.000000000e-02
    endloop
  endfacet
  facet normal -0.000000000e+00 0.000000000e+00 1.000000000e+00
    outer loop
      vertex 2.000000000e-01 2.000000000e-01 1.500000000e-01
      vertex 2.499397728e-01 1.975466163e-01 1.500000000e-01
      vertex 2.500000000e-01 2.000000000e-01 1.500000000e-01
    endloop
  endfacet
endsolid cylinder
