# ale_4x_dt0.00025_replay: forces per unit depth (N/m) on cylinder+flag (total) and flag (plate), last 2 s at 1 ms; replayed coupled FSI3 2x trajectory
time,total_drag,total_lift,plate_drag,plate_lift
31.00000,4.762023e+02,6.749127e+01,-5.545334e-02,-4.307943e+01
31.00100,4.746894e+02,6.169412e+01,-1.325027e+00,-4.883003e+01
31.00200,4.730331e+02,5.602356e+01,-2.729849e+00,-5.432939e+01
31.00300,4.713387e+02,5.044171e+01,-4.162982e+00,-5.961461e+01
31.00400,4.695775e+02,4.481531e+01,-5.661526e+00,-6.480988e+01
31.00500,4.677501e+02,3.919181e+01,-7.220393e+00,-6.987260e+01
31.00600,4.658849e+02,3.346418e+01,-8.820420e+00,-7.490013e+01
31.00700,4.640155e+02,2.788179e+01,-1.042587e+01,-7.965987e+01
31.00800,4.620717e+02,2.225928e+01,-1.211570e+01,-8.431307e+01
31.00900,4.601543e+02,1.660571e+01,-1.378487e+01,-8.888047e+01
31.01000,4.582520e+02,1.071086e+01,-1.545483e+01,-9.353147e+01
31.01100,4.563614e+02,5.146275e+00,-1.712137e+01,-9.774600e+01
31.01200,4.544929e+02,-6.395495e-01,-1.878863e+01,-1.020349e+02
31.01300,4.526674e+02,-6.527763e+00,-2.042573e+01,-1.062909e+02
31.01400,4.509129e+02,-1.257319e+01,-2.201760e+01,-1.105694e+02
31.01500,4.491901e+02,-1.860591e+01,-2.359497e+01,-1.146973e+02
31.01600,4.475679e+02,-2.450911e+01,-2.509119e+01,-1.185927e+02
31.01700,4.459153e+02,-2.992995e+01,-2.662871e+01,-1.218947e+02
31.01800,4.446748e+02,-3.668245e+01,-2.779539e+01,-1.263631e+02
31.01900,4.436335e+02,-4.378659e+01,-2.877600e+01,-1.310835e+02
31.02000,4.423570e+02,-4.978837e+01,-3.000834e+01,-1.345732e+02
31.02100,4.412260e+02,-5.564913e+01,-3.111521e+01,-1.378330e+02
31.02200,4.399483e+02,-6.125905e+01,-3.237495e+01,-1.407364e+02
31.02300,4.390173e+02,-6.707067e+01,-3.332474e+01,-1.437215e+02
31.02400,4.380505e+02,-7.280353e+01,-3.431995e+01,-1.465277e+02
31.02500,4.372633e+02,-7.809980e+01,-3.515169e+01,-1.488346e+02
31.02600,4.365106e+02,-8.288067e+01,-3.595969e+01,-1.505804e+02
31.02700,4.358080e+02,-8.822487e+01,-3.672967e+01,-1.527414e+02
31.02800,4.352431e+02,-9.329300e+01,-3.737222e+01,-1.545622e+02
31.02900,4.347477e+02,-9.792927e+01,-3.795113e+01,-1.559006e+02
31.03000,4.344054e+02,-1.026913e+02,-3.839205e+01,-1.572715e+02
31.03100,4.340823e+02,-1.067685e+02,-3.881201e+01,-1.579346e+02
31.03200,4.338847e+02,-1.113700e+02,-3.911445e+01,-1.590172e+02
31.03300,4.337067e+02,-1.159371e+02,-3.939473e+01,-1.599950e+02
31.03400,4.336710e+02,-1.199355e+02,-3.954215e+01,-1.603849e+02
31.03500,4.336875e+02,-1.232375e+02,-3.962437e+01,-1.600840e+02
31.03600,4.338634e+02,-1.272497e+02,-3.955776e+01,-1.603713e+02
31.03700,4.340330e+02,-1.300899e+02,-3.948402e+01,-1.595417e+02
31.03800,4.343779e+02,-1.334785e+02,-3.924239e+01,-1.591743e+02
31.03900,4.347877e+02,-1.363723e+02,-3.893042e+01,-1.583113e+02
31.04000,4.352730e+02,-1.391927e+02,-3.853823e+01,-1.573543e+02
31.04100,4.358791e+02,-1.418565e+02,-3.802592e+01,-1.562125e+02
31.04200,4.366069e+02,-1.440276e+02,-3.738750e+01,-1.545627e+02
31.04300,4.374441e+02,-1.460985e+02,-3.664124e+01,-1.528089e+02
31.04400,4.383692e+02,-1.480931e+02,-3.580407e+01,-1.509701e+02
31.04500,4.393836e+02,-1.499893e+02,-3.487493e+01,-1.490319e+02
31.04600,4.404895e+02,-1.517351e+02,-3.385464e+01,-1.469444e+02
31.04700,4.416815e+02,-1.535198e+02,-3.274367e+01,-1.449041e+02
31.04800,4.429443e+02,-1.551006e+02,-3.156445e+01,-1.426717e+02
31.04900,4.442858e+02,-1.566098e+02,-3.030619e+01,-1.403794e+02
31.05000,4.456861e+02,-1.579027e+02,-2.898965e+01,-1.378939e+02
31.05100,4.472475e+02,-1.594595e+02,-2.752143e+01,-1.356631e+02
31.05200,4.488831e+02,-1.609454e+02,-2.597985e+01,-1.333891e+02
31.05300,4.504817e+02,-1.618086e+02,-2.447035e+01,-1.305600e+02
31.05400,4.521640e+02,-1.627693e+02,-2.288396e+01,-1.278477e+02
31.05500,4.538873e+02,-1.635555e+02,-2.126104e+01,-1.250072e+02
31.05600,4.556401e+02,-1.642111e+02,-1.961175e+01,-1.220739e+02
31.05700,4.574039e+02,-1.645923e+02,-1.795613e+01,-1.189239e+02
31.05800,4.591859e+02,-1.648633e+02,-1.628577e+01,-1.157159e+02
31.05900,4.609981e+02,-1.648895e+02,-1.458931e+01,-1.123311e+02
31.06000,4.627845e+02,-1.647536e+02,-1.292221e+01,-1.088435e+02
31.06100,4.645521e+02,-1.643627e+02,-1.127785e+01,-1.051726e+02
31.06200,4.662658e+02,-1.636542e+02,-9.688773e+00,-1.012663e+02
31.06300,4.679486e+02,-1.628046e+02,-8.133387e+00,-9.729607e+01
31.06400,4.695580e+02,-1.617094e+02,-6.654103e+00,-9.315933e+01
31.06500,4.711338e+02,-1.603399e+02,-5.207319e+00,-8.883927e+01
31.06600,4.726377e+02,-1.585956e+02,-3.830814e+00,-8.423760e+01
31.06700,4.740670e+02,-1.565247e+02,-2.527295e+00,-7.940313e+01
31.06800,4.753945e+02,-1.541546e+02,-1.319609e+00,-7.437980e+01
31.06900,4.766377e+02,-1.516993e+02,-1.933049e-01,-6.935847e+01
31.07000,4.777815e+02,-1.487441e+02,8.408853e-01,-6.395870e+01
31.07100,4.788256e+02,-1.454331e+02,1.781299e+00,-5.830471e+01
31.07200,4.797439e+02,-1.420526e+02,2.608359e+00,-5.269415e+01
31.07300,4.805419e+02,-1.383677e+02,3.325859e+00,-4.689220e+01
31.07400,4.812158e+02,-1.343319e+02,3.930191e+00,-4.084427e+01
31.07500,4.817565e+02,-1.300476e+02,4.414981e+00,-3.467715e+01
31.07600,4.821533e+02,-1.257035e+02,4.775559e+00,-2.855983e+01
31.07700,4.824214e+02,-1.210187e+02,5.020253e+00,-2.221049e+01
31.07800,4.825227e+02,-1.161992e+02,5.118212e+00,-1.585203e+01
31.07900,4.824866e+02,-1.113834e+02,5.097060e+00,-9.609800e+00
31.08000,4.822926e+02,-1.061921e+02,4.941107e+00,-3.114110e+00
31.08100,4.819680e+02,-1.010342e+02,4.670429e+00,3.240043e+00
31.08200,4.814757e+02,-9.590627e+01,4.252405e+00,9.444553e+00
31.08300,4.808656e+02,-9.057220e+01,3.743858e+00,1.573459e+01
31.08400,4.801192e+02,-8.526520e+01,3.113753e+00,2.189136e+01
31.08500,4.792181e+02,-8.006400e+01,2.351149e+00,2.782028e+01
31.08600,4.781805e+02,-7.479860e+01,1.471728e+00,3.370677e+01
31.08700,4.770224e+02,-6.943027e+01,4.930317e-01,3.956084e+01
31.08800,4.757542e+02,-6.417007e+01,-5.843057e-01,4.520511e+01
31.08900,4.743239e+02,-5.884937e+01,-1.797861e+00,5.076771e+01
31.09000,4.728072e+02,-5.369233e+01,-3.091887e+00,5.607211e+01
31.09100,4.712089e+02,-4.845421e+01,-4.451044e+00,6.132785e+01
31.09200,4.694969e+02,-4.330579e+01,-5.914903e+00,6.637149e+01
31.09300,4.677199e+02,-3.822240e+01,-7.438340e+00,7.123233e+01
31.09400,4.659059e+02,-3.301639e+01,-8.992033e+00,7.608113e+01
31.09500,4.640439e+02,-2.786383e+01,-1.059349e+01,8.075833e+01
31.09600,4.621443e+02,-2.265662e+01,-1.222909e+01,8.536360e+01
31.09700,4.602284e+02,-1.740114e+01,-1.388569e+01,8.988347e+01
31.09800,4.583055e+02,-1.217587e+01,-1.555047e+01,9.424533e+01
31.09900,4.563525e+02,-6.846553e+00,-1.725441e+01,9.856813e+01
31.10000,4.544473e+02,-1.513309e+00,-1.892095e+01,1.027802e+02
31.10100,4.525300e+02,4.020230e+00,-2.060793e+01,1.070387e+02
31.10200,4.507068e+02,9.533273e+00,-2.221467e+01,1.111665e+02
31.10300,4.488735e+02,1.511482e+01,-2.385029e+01,1.152211e+02
31.10400,4.471268e+02,2.082639e+01,-2.541235e+01,1.192701e+02
31.10500,4.454253e+02,2.674951e+01,-2.694854e+01,1.233958e+02
31.10600,4.438031e+02,3.263689e+01,-2.842179e+01,1.273655e+02
31.10700,4.421953e+02,3.819123e+01,-2.989541e+01,1.308926e+02
31.10800,4.408255e+02,4.425687e+01,-3.114947e+01,1.347937e+02
31.10900,4.397905e+02,5.155626e+01,-3.209895e+01,1.397873e+02
31.11000,4.385180e+02,5.730709e+01,-3.328787e+01,1.431760e+02
31.11100,4.373831e+02,6.343417e+01,-3.436437e+01,1.467662e+02
31.11200,4.362611e+02,6.924413e+01,-3.544218e+01,1.499687e+02
31.11300,4.352087e+02,7.487093e+01,-3.646319e+01,1.528871e+02
31.11400,4.342207e+02,8.046920e+01,-3.743621e+01,1.556817e+02
31.11500,4.333750e+02,8.640173e+01,-3.828161e+01,1.586871e+02
31.11600,4.325219e+02,8.975453e+01,-3.913620e+01,1.592368e+02
31.11700,4.318965e+02,9.544840e+01,-3.978735e+01,1.618412e+02
31.11800,4.312854e+02,1.004721e+02,-4.042935e+01,1.637383e+02
31.11900,4.307415e+02,1.050157e+02,-4.101023e+01,1.651136e+02
31.12000,4.302864e+02,1.092247e+02,-4.150575e+01,1.661075e+02
31.12100,4.299859e+02,1.136262e+02,-4.185964e+01,1.671985e+02
31.12200,4.297009e+02,1.166813e+02,-4.219355e+01,1.669903e+02
31.12300,4.294931e+02,1.211634e+02,-4.245367e+01,1.680227e+02
31.12400,4.293407e+02,1.252599e+02,-4.265833e+01,1.686413e+02
31.12500,4.293246e+02,1.288312e+02,-4.272727e+01,1.687197e+02
31.12600,4.293893e+02,1.315397e+02,-4.271899e+01,1.679561e+02
31.12700,4.295643e+02,1.348583e+02,-4.259998e+01,1.676992e+02
31.12800,4.297840e+02,1.370671e+02,-4.242967e+01,1.663862e+02
31.12900,4.301169e+02,1.395767e+02,-4.214261e+01,1.653086e+02
31.13000,4.305692e+02,1.417777e+02,-4.173758e+01,1.639103e+02
31.13100,4.310946e+02,1.441586e+02,-4.125901e+01,1.626703e+02
31.13200,4.317512e+02,1.458221e+02,-4.064837e+01,1.606929e+02
31.13300,4.325595e+02,1.473538e+02,-3.989093e+01,1.585655e+02
31.13400,4.334326e+02,1.488271e+02,-3.906893e+01,1.563729e+02
31.13500,4.344328e+02,1.502904e+02,-3.812197e+01,1.541577e+02
31.13600,4.355331e+02,1.516914e+02,-3.707678e+01,1.518669e+02
31.13700,4.367325e+02,1.530985e+02,-3.593675e+01,1.495813e+02
31.13800,4.380336e+02,1.544040e+02,-3.470073e+01,1.471867e+02
31.13900,4.394349e+02,1.558107e+02,-3.337051e+01,1.448937e+02
31.14000,4.409067e+02,1.571049e+02,-3.197690e+01,1.424902e+02
31.14100,4.424789e+02,1.583744e+02,-3.048975e+01,1.400629e+02
31.14200,4.441337e+02,1.596227e+02,-2.893131e+01,1.376271e+02
31.14300,4.458427e+02,1.608237e+02,-2.732810e+01,1.351509e+02
31.14400,4.476312e+02,1.620281e+02,-2.565468e+01,1.326987e+02
31.14500,4.495226e+02,1.633971e+02,-2.389098e+01,1.304045e+02
31.14600,4.514787e+02,1.647809e+02,-2.207787e+01,1.281525e+02
31.14700,4.534066e+02,1.657263e+02,-2.029878e+01,1.255187e+02
31.14800,4.553725e+02,1.666999e+02,-1.849313e+01,1.229343e+02
31.14900,4.573556e+02,1.675618e+02,-1.668153e+01,1.202766e+02
31.15000,4.593406e+02,1.683167e+02,-1.487859e+01,1.175557e+02
31.15100,4.613349e+02,1.688721e+02,-1.307564e+01,1.146898e+02
31.15200,4.633089e+02,1.692627e+02,-1.130088e+01,1.117164e+02
31.15300,4.652351e+02,1.695023e+02,-9.581647e+00,1.086501e+02
31.15400,4.671430e+02,1.693524e+02,-7.885347e+00,1.052745e+02
31.15500,4.689631e+02,1.690682e+02,-6.283185e+00,1.018261e+02
31.15600,4.707241e+02,1.685308e+02,-4.743015e+00,9.820267e+01
31.15700,4.724181e+02,1.677387e+02,-3.270277e+00,9.441280e+01
31.15800,4.740415e+02,1.666564e+02,-1.864513e+00,9.042800e+01
31.15900,4.755686e+02,1.652647e+02,-5.502871e-01,8.622340e+01
31.16000,4.769975e+02,1.634419e+02,6.679033e-01,8.169067e+01
31.16100,4.783332e+02,1.613153e+02,1.803445e+00,7.696813e+01
31.16200,4.795576e+02,1.589073e+02,2.837940e+00,7.207267e+01
31.16300,4.806513e+02,1.562367e+02,3.756179e+00,6.700787e+01
31.16400,4.816309e+02,1.529149e+02,4.576735e+00,6.144025e+01
31.16500,4.824729e+02,1.495933e+02,5.274771e+00,5.597713e+01
31.16600,4.831855e+02,1.457886e+02,5.863603e+00,5.015429e+01
31.16700,4.837583e+02,1.417659e+02,6.332048e+00,4.423637e+01
31.16800,4.841681e+02,1.375241e+02,6.662549e+00,3.822484e+01
31.16900,4.844478e+02,1.328429e+02,6.884947e+00,3.191055e+01
31.17000,4.845741e+02,1.280109e+02,6.980047e+00,2.557060e+01
31.17100,4.845372e+02,1.230273e+02,6.936180e+00,1.920344e+01
31.17200,4.843315e+02,1.177745e+02,6.756120e+00,1.270511e+01
31.17300,4.840195e+02,1.125248e+02,6.489265e+00,6.325227e+00
31.17400,4.835472e+02,1.071287e+02,6.093047e+00,-6.958893e-02
31.17500,4.829304e+02,1.015767e+02,5.578058e+00,-6.482895e+00
31.17600,4.821714e+02,9.597480e+01,4.943792e+00,-1.282445e+01
31.17700,4.812496e+02,9.036880e+01,4.173575e+00,-1.904157e+01
31.17800,4.802081e+02,8.464613e+01,3.305891e+00,-2.523687e+01
31.17900,4.790323e+02,7.891287e+01,2.327358e+00,-3.131237e+01
31.18000,4.777171e+02,7.327740e+01,1.220001e+00,-3.718026e+01
31.18100,4.762869e+02,6.755333e+01,1.704633e-02,-4.299561e+01
31.18200,4.747718e+02,6.182553e+01,-1.255199e+00,-4.868535e+01
31.18300,4.731184e+02,5.609813e+01,-2.658156e+00,-5.424181e+01
31.18400,4.714305e+02,5.052467e+01,-4.084081e+00,-5.952399e+01
31.18500,4.696662e+02,4.491553e+01,-5.584953e+00,-6.470626e+01
31.18600,4.678440e+02,3.928640e+01,-7.139027e+00,-6.978033e+01
31.18700,4.659839e+02,3.356059e+01,-8.733980e+00,-7.481247e+01
31.18800,4.641205e+02,2.795134e+01,-1.033390e+01,-7.960313e+01
31.18900,4.621749e+02,2.234410e+01,-1.202493e+01,-8.424880e+01
31.19000,4.602606e+02,1.665579e+01,-1.369130e+01,-8.885347e+01
31.19100,4.583539e+02,1.082040e+01,-1.536461e+01,-9.345273e+01
31.19200,4.564608e+02,5.268197e+00,-1.703253e+01,-9.765867e+01
31.19300,4.545977e+02,-5.739201e-01,-1.869369e+01,-1.020077e+02
31.19400,4.527633e+02,-6.405531e+00,-2.033883e+01,-1.062140e+02
31.19500,4.509923e+02,-1.242693e+01,-2.194604e+01,-1.104712e+02
31.19600,4.492953e+02,-1.855593e+01,-2.349773e+01,-1.147026e+02
31.19700,4.476611e+02,-2.441929e+01,-2.500467e+01,-1.185629e+02
31.19800,4.460168e+02,-2.995827e+01,-2.653686e+01,-1.219821e+02
31.19900,4.447495e+02,-3.654343e+01,-2.772480e+01,-1.262950e+02
31.20000,4.437221e+02,-4.370358e+01,-2.869175e+01,-1.310747e+02
31.20100,4.424341e+02,-4.968797e+01,-2.993529e+01,-1.345520e+02
31.20200,4.412966e+02,-5.550440e+01,-3.104687e+01,-1.377768e+02
31.20300,4.400539e+02,-6.132548e+01,-3.227408e+01,-1.408763e+02
31.20400,4.390761e+02,-6.695687e+01,-3.326687e+01,-1.437021e+02
31.20500,4.381045e+02,-7.274607e+01,-3.426677e+01,-1.465617e+02
31.20600,4.373009e+02,-7.791107e+01,-3.511310e+01,-1.487553e+02
31.20700,4.365509e+02,-8.268580e+01,-3.591835e+01,-1.505000e+02
31.20800,4.358597e+02,-8.813793e+01,-3.667659e+01,-1.527613e+02
31.20900,4.353044e+02,-9.329507e+01,-3.731102e+01,-1.546641e+02
31.21000,4.347819e+02,-9.784567e+01,-3.791587e+01,-1.559305e+02
31.21100,4.344290e+02,-1.025650e+02,-3.836631e+01,-1.572667e+02
31.21200,4.341196e+02,-1.065524e+02,-3.877167e+01,-1.578527e+02
31.21300,4.339019e+02,-1.111871e+02,-3.909441e+01,-1.589657e+02
31.21400,4.337312e+02,-1.159435e+02,-3.936870e+01,-1.601189e+02
31.21500,4.336829e+02,-1.198389e+02,-3.952460e+01,-1.604187e+02
31.21600,4.337299e+02,-1.233098e+02,-3.958558e+01,-1.602733e+02
31.21700,4.338659e+02,-1.271642e+02,-3.955033e+01,-1.604181e+02
31.21800,4.340351e+02,-1.300096e+02,-3.947977e+01,-1.595976e+02
31.21900,4.343748e+02,-1.333971e+02,-3.924283e+01,-1.592299e+02
31.22000,4.347791e+02,-1.363040e+02,-3.893653e+01,-1.583816e+02
31.22100,4.352636e+02,-1.391371e+02,-3.854401e+01,-1.574353e+02
31.22200,4.358542e+02,-1.417679e+02,-3.804761e+01,-1.562676e+02
31.22300,4.365857e+02,-1.439852e+02,-3.740712e+01,-1.546593e+02
31.22400,4.374171e+02,-1.460367e+02,-3.666635e+01,-1.528890e+02
31.22500,4.383375e+02,-1.480559e+02,-3.583413e+01,-1.510761e+02
31.22600,4.393477e+02,-1.499333e+02,-3.490854e+01,-1.491201e+02
31.22700,4.404484e+02,-1.517141e+02,-3.389242e+01,-1.470684e+02
31.22800,4.416385e+02,-1.534758e+02,-3.278520e+01,-1.450049e+02
31.22900,4.428963e+02,-1.550478e+02,-3.160984e+01,-1.427621e+02
31.23000,4.442391e+02,-1.565677e+02,-3.035045e+01,-1.404815e+02
31.23100,4.456323e+02,-1.578807e+02,-2.904217e+01,-1.380127e+02
31.23200,4.471877e+02,-1.594119e+02,-2.757873e+01,-1.357583e+02
31.23300,4.488505e+02,-1.610450e+02,-2.601291e+01,-1.336174e+02
31.23400,4.504201e+02,-1.617610e+02,-2.453023e+01,-1.306544e+02
31.23500,4.520989e+02,-1.627232e+02,-2.294628e+01,-1.279417e+02
31.23600,4.538217e+02,-1.635219e+02,-2.132377e+01,-1.251128e+02
31.23700,4.555729e+02,-1.641867e+02,-1.967595e+01,-1.221874e+02
31.23800,4.573373e+02,-1.645779e+02,-1.801955e+01,-1.190455e+02
31.23900,4.591146e+02,-1.648469e+02,-1.635397e+01,-1.158342e+02
31.24000,4.609306e+02,-1.648754e+02,-1.465292e+01,-1.124480e+02
31.24100,4.627220e+02,-1.647030e+02,-1.298087e+01,-1.089259e+02
31.24200,4.644879e+02,-1.644111e+02,-1.133881e+01,-1.053443e+02
31.24300,4.662013e+02,-1.636607e+02,-9.749273e+00,-1.013989e+02
31.24400,4.678874e+02,-1.628339e+02,-8.190727e+00,-9.744773e+01
31.24500,4.694998e+02,-1.617389e+02,-6.708080e+00,-9.330740e+01
31.24600,4.710767e+02,-1.603861e+02,-5.260505e+00,-8.900113e+01
31.24700,4.725833e+02,-1.586248e+02,-3.881157e+00,-8.437913e+01
31.24800,4.740142e+02,-1.565825e+02,-2.576057e+00,-7.956787e+01
31.24900,4.753517e+02,-1.542269e+02,-1.358887e+00,-7.455860e+01
31.25000,4.765939e+02,-1.518158e+02,-2.341187e-01,-6.957427e+01
31.25100,4.777436e+02,-1.487717e+02,8.062473e-01,-6.408695e+01
31.25200,4.787905e+02,-1.455223e+02,1.749072e+00,-5.848839e+01
31.25300,4.797178e+02,-1.421435e+02,2.584705e+00,-5.287560e+01
31.25400,4.805181e+02,-1.384656e+02,3.304583e+00,-4.707471e+01
31.25500,4.812004e+02,-1.344052e+02,3.915816e+00,-4.100123e+01
31.25600,4.817437e+02,-1.301876e+02,4.404724e+00,-3.489495e+01
31.25700,4.821486e+02,-1.258098e+02,4.771619e+00,-2.873989e+01
31.25800,4.824249e+02,-1.211227e+02,5.023026e+00,-2.238527e+01
31.25900,4.825325e+02,-1.162798e+02,5.126841e+00,-1.600263e+01
31.26000,4.825033e+02,-1.114693e+02,5.111855e+00,-9.758920e+00
31.26100,4.823133e+02,-1.062745e+02,4.961527e+00,-3.256267e+00
31.26200,4.820049e+02,-1.011801e+02,4.702633e+00,3.041455e+00
31.26300,4.815108e+02,-9.599727e+01,4.283719e+00,9.303353e+00
31.26400,4.809089e+02,-9.071567e+01,3.779287e+00,1.554804e+01
31.26500,4.801671e+02,-8.537313e+01,3.155001e+00,2.174121e+01
31.26600,4.792713e+02,-8.018507e+01,2.396893e+00,2.766151e+01
31.26700,4.782386e+02,-7.491093e+01,1.521717e+00,3.355963e+01
31.26800,4.770889e+02,-6.953907e+01,5.505234e-01,3.942361e+01
31.26900,4.758261e+02,-6.426075e+01,-5.224226e-01,4.509072e+01
31.27000,4.743980e+02,-5.894018e+01,-1.733542e+00,5.065367e+01
31.27100,4.728908e+02,-5.378974e+01,-3.019946e+00,5.595970e+01
31.27200,4.712942e+02,-4.854485e+01,-4.377551e+00,6.122482e+01
31.27300,4.696003e+02,-4.346133e+01,-5.822565e+00,6.621217e+01
31.27400,4.678106e+02,-3.831061e+01,-7.359873e+00,7.114027e+01
31.27500,4.659995e+02,-3.308909e+01,-8.909320e+00,7.600847e+01
31.27600,4.641357e+02,-2.797411e+01,-1.051146e+01,8.065587e+01
31.27700,4.622357e+02,-2.277853e+01,-1.214959e+01,8.525273e+01
31.27800,4.603219e+02,-1.745901e+01,-1.380541e+01,8.983980e+01
31.27900,4.584019e+02,-1.230799e+01,-1.546611e+01,9.413693e+01
31.28000,4.564643e+02,-6.909153e+00,-1.715459e+01,9.853313e+01
31.28100,4.545514e+02,-1.625595e+00,-1.882849e+01,1.027008e+02
31.28200,4.526158e+02,3.925895e+00,-2.053432e+01,1.069792e+02
31.28300,4.508117e+02,9.434587e+00,-2.212041e+01,1.111123e+02
31.28400,4.489774e+02,1.503327e+01,-2.375601e+01,1.151892e+02
31.28500,4.472311e+02,2.070120e+01,-2.531687e+01,1.192020e+02
31.28600,4.455073e+02,2.653441e+01,-2.687303e+01,1.232452e+02
31.28700,4.438859e+02,3.250339e+01,-2.834652e+01,1.272945e+02
31.28800,4.422768e+02,3.805750e+01,-2.982082e+01,1.308273e+02
31.28900,4.409121e+02,4.426742e+01,-3.107249e+01,1.348707e+02
31.29000,4.398445e+02,5.134919e+01,-3.204960e+01,1.396583e+02
31.29100,4.385957e+02,5.721411e+01,-3.321523e+01,1.431613e+02
31.29200,4.374587e+02,6.331741e+01,-3.429311e+01,1.467362e+02
31.29300,4.363458e+02,6.917460e+01,-3.536178e+01,1.499875e+02
31.29400,4.352593e+02,7.488140e+01,-3.641462e+01,1.529812e+02
31.29500,4.342765e+02,8.030587e+01,-3.738225e+01,1.556217e+02
31.29600,4.334211e+02,8.616267e+01,-3.823575e+01,1.585615e+02
31.29700,4.325421e+02,8.939167e+01,-3.911499e+01,1.590029e+02
31.29800,4.319459e+02,9.535360e+01,-3.973901e+01,1.618535e+02
31.29900,4.313403e+02,1.003983e+02,-4.037499e+01,1.637741e+02
31.30000,4.307771e+02,1.048987e+02,-4.097392e+01,1.651135e+02
31.30100,4.303287e+02,1.092049e+02,-4.146416e+01,1.661983e+02
31.30200,4.300121e+02,1.135478e+02,-4.183249e+01,1.672403e+02
31.30300,4.297229e+02,1.167655e+02,-4.217030e+01,1.671820e+02
31.30400,4.295107e+02,1.212615e+02,-4.243527e+01,1.682284e+02
31.30500,4.293590e+02,1.251725e+02,-4.263901e+01,1.686823e+02
31.30600,4.293328e+02,1.286413e+02,-4.271821e+01,1.686687e+02
31.30700,4.293960e+02,1.314097e+02,-4.271121e+01,1.679619e+02
31.30800,4.295681e+02,1.347956e+02,-4.259489e+01,1.677686e+02
31.30900,4.297832e+02,1.370313e+02,-4.242904e+01,1.664817e+02
31.31000,4.301142e+02,1.395432e+02,-4.214513e+01,1.654105e+02
31.31100,4.305601e+02,1.417239e+02,-4.174585e+01,1.639917e+02
31.31200,4.310831e+02,1.441144e+02,-4.127085e+01,1.627613e+02
31.31300,4.317310e+02,1.457645e+02,-4.066908e+01,1.607777e+02
31.31400,4.325374e+02,1.473203e+02,-3.991265e+01,1.586703e+02
31.31500,4.334031e+02,1.488161e+02,-3.909765e+01,1.565023e+02
31.31600,4.343996e+02,1.502793e+02,-3.815427e+01,1.542873e+02
31.31700,4.354963e+02,1.516669e+02,-3.711301e+01,1.519845e+02
31.31800,4.366905e+02,1.530861e+02,-3.597707e+01,1.497113e+02
31.31900,4.379878e+02,1.543689e+02,-3.474583e+01,1.472935e+02
31.32000,4.393840e+02,1.557223e+02,-3.341946e+01,1.449497e+02
31.32100,4.408525e+02,1.570626e+02,-3.202891e+01,1.425908e+02
31.32200,4.424212e+02,1.583295e+02,-3.054572e+01,1.401617e+02
31.32300,4.440682e+02,1.595819e+02,-2.899372e+01,1.377303e+02
31.32400,4.457785e+02,1.607942e+02,-2.738898e+01,1.352637e+02
31.32500,4.475676e+02,1.619954e+02,-2.571450e+01,1.328094e+02
31.32600,4.494522e+02,1.633321e+02,-2.395797e+01,1.304835e+02
31.32700,4.514217e+02,1.648409e+02,-2.213173e+01,1.283470e+02
31.32800,4.533335e+02,1.656765e+02,-2.036709e+01,1.256093e+02
31.32900,4.552983e+02,1.666536e+02,-1.856125e+01,1.230292e+02
31.33000,4.572819e+02,1.675193e+02,-1.674947e+01,1.203743e+02
31.33100,4.592664e+02,1.682739e+02,-1.494625e+01,1.176517e+02
31.33200,4.612662e+02,1.688273e+02,-1.313734e+01,1.147828e+02
31.33300,4.632320e+02,1.692478e+02,-1.137069e+01,1.118355e+02
31.33400,4.651655e+02,1.694483e+02,-9.643933e+00,1.087295e+02
31.33500,4.670736e+02,1.693911e+02,-7.948153e+00,1.054383e+02
31.33600,4.688961e+02,1.690373e+02,-6.342643e+00,1.019223e+02
31.33700,4.706649e+02,1.684999e+02,-4.794633e+00,9.829753e+01
31.33800,4.723575e+02,1.677337e+02,-3.322490e+00,9.453207e+01
31.33900,4.739857e+02,1.666554e+02,-1.914113e+00,9.054680e+01
31.34000,4.755157e+02,1.652083e+02,-5.956391e-01,8.628720e+01
31.34100,4.769431e+02,1.634741e+02,6.204142e-01,8.183413e+01
31.34200,4.782898e+02,1.613208e+02,1.769853e+00,7.708527e+01
31.34300,4.795161e+02,1.589459e+02,2.803651e+00,7.221540e+01
31.34400,4.806323e+02,1.561333e+02,3.741946e+00,6.701887e+01
31.34500,4.816017e+02,1.530019e+02,4.550240e+00,6.162286e+01
31.34600,4.824524e+02,1.496398e+02,5.258617e+00,5.611706e+01
31.34700,4.831701e+02,1.458476e+02,5.851300e+00,5.030221e+01
31.34800,4.837494e+02,1.417215e+02,6.327545e+00,4.428641e+01
31.34900,4.841727e+02,1.375685e+02,6.669313e+00,3.835163e+01
31.35000,4.844525e+02,1.329000e+02,6.891373e+00,3.204492e+01
31.35100,4.845860e+02,1.281297e+02,6.991747e+00,2.575875e+01
31.35200,4.845544e+02,1.230602e+02,6.953380e+00,1.930821e+01
31.35300,4.843591e+02,1.178727e+02,6.779027e+00,1.286522e+01
31.35400,4.840500e+02,1.126345e+02,6.515209e+00,6.493284e+00
31.35500,4.835843e+02,1.072183e+02,6.126626e+00,7.542487e-02
31.35600,4.829765e+02,1.016800e+02,5.616705e+00,-6.332218e+00
31.35700,4.822227e+02,9.608073e+01,4.987995e+00,-1.267545e+01
31.35800,4.813107e+02,9.046280e+01,4.224773e+00,-1.890814e+01
31.35900,4.802722e+02,8.471047e+01,3.361389e+00,-2.513363e+01
31.36000,4.791024e+02,7.900367e+01,2.386305e+00,-3.119329e+01
31.36100,4.777926e+02,7.335293e+01,1.284694e+00,-3.707805e+01
31.36200,4.763719e+02,6.761033e+01,8.982547e-02,-4.291553e+01
31.36300,4.748585e+02,6.191883e+01,-1.181052e+00,-4.857787e+01
31.36400,4.732096e+02,5.616596e+01,-2.578709e+00,-5.416043e+01
31.36500,4.715205e+02,5.061189e+01,-4.007023e+00,-5.942941e+01
31.36600,4.697626e+02,4.498990e+01,-5.501677e+00,-6.462868e+01
31.36700,4.679369e+02,3.939647e+01,-7.059900e+00,-6.967380e+01
31.36800,4.660823e+02,3.365878e+01,-8.649147e+00,-7.472167e+01
31.36900,4.642270e+02,2.801889e+01,-1.024010e+01,-7.954967e+01
31.37000,4.622799e+02,2.241194e+01,-1.193251e+01,-8.419867e+01
31.37100,4.603645e+02,1.670485e+01,-1.359987e+01,-8.882687e+01
31.37200,4.584607e+02,1.091776e+01,-1.526883e+01,-9.338700e+01
31.37300,4.565665e+02,5.364168e+00,-1.693772e+01,-9.759687e+01
31.37400,4.547047e+02,-5.247116e-01,-1.859624e+01,-1.019969e+02
31.37500,4.528557e+02,-6.258836e+00,-2.025449e+01,-1.061131e+02
31.37600,4.510751e+02,-1.229973e+01,-2.187149e+01,-1.103925e+02
31.37700,4.493942e+02,-1.846693e+01,-2.340783e+01,-1.146690e+02
31.37800,4.477609e+02,-2.433625e+01,-2.491225e+01,-1.185426e+02
31.37900,4.461054e+02,-2.993398e+01,-2.645567e+01,-1.220172e+02
31.38000,4.448136e+02,-3.639116e+01,-2.766368e+01,-1.262107e+02
31.38100,4.438089e+02,-4.365241e+01,-2.861057e+01,-1.310944e+02
31.38200,4.424946e+02,-4.953267e+01,-2.987691e+01,-1.344795e+02
31.38300,4.413641e+02,-5.539351e+01,-3.098230e+01,-1.377500e+02
31.38400,4.401416e+02,-6.130663e+01,-3.219098e+01,-1.409378e+02
31.38500,4.391551e+02,-6.684940e+01,-3.319053e+01,-1.436877e+02
31.38600,4.381595e+02,-7.267160e+01,-3.421161e+01,-1.465799e+02
31.38700,4.373476e+02,-7.786993e+01,-3.506612e+01,-1.488137e+02
31.38800,4.365865e+02,-8.245167e+01,-3.588070e+01,-1.503807e+02
31.38900,4.359127e+02,-8.805967e+01,-3.662231e+01,-1.527885e+02
31.39000,4.353637e+02,-9.335987e+01,-3.725266e+01,-1.548240e+02
31.39100,4.348217e+02,-9.781187e+01,-3.787543e+01,-1.560063e+02
31.39200,4.344567e+02,-1.024698e+02,-3.833488e+01,-1.572893e+02
31.39300,4.341387e+02,-1.063754e+02,-3.875035e+01,-1.578066e+02
31.39400,4.339231e+02,-1.111339e+02,-3.906978e+01,-1.590311e+02
31.39500,4.337575e+02,-1.159369e+02,-3.933961e+01,-1.602314e+02
31.39600,4.337038e+02,-1.197789e+02,-3.950063e+01,-1.604842e+02
31.39700,4.337550e+02,-1.233159e+02,-3.955995e+01,-1.604026e+02
31.39800,4.338741e+02,-1.270903e+02,-3.954247e+01,-1.604759e+02
31.39900,4.340403e+02,-1.299985e+02,-3.947317e+01,-1.597151e+02
31.40000,4.343689e+02,-1.332953e+02,-3.924555e+01,-1.592665e+02
31.40100,4.347738e+02,-1.362507e+02,-3.894147e+01,-1.584641e+02
31.40200,4.352493e+02,-1.390431e+02,-3.855551e+01,-1.574821e+02
31.40300,4.358275e+02,-1.416740e+02,-3.807050e+01,-1.563174e+02
31.40400,4.365581e+02,-1.439124e+02,-3.743034e+01,-1.547323e+02
31.40500,4.373885e+02,-1.459999e+02,-3.669239e+01,-1.529951e+02
31.40600,4.383063e+02,-1.479942e+02,-3.586397e+01,-1.511573e+02
31.40700,4.393125e+02,-1.498902e+02,-3.494225e+01,-1.492201e+02
31.40800,4.404090e+02,-1.517339e+02,-3.392945e+01,-1.472332e+02
31.40900,4.415954e+02,-1.534211e+02,-3.282625e+01,-1.450945e+02
31.41000,4.428494e+02,-1.549959e+02,-3.165473e+01,-1.428542e+02
31.41100,4.441883e+02,-1.565093e+02,-3.039857e+01,-1.405672e+02
31.41200,4.455813e+02,-1.578425e+02,-2.909109e+01,-1.381173e+02
31.41300,4.471291e+02,-1.593539e+02,-2.763485e+01,-1.358447e+02
31.41400,4.487561e+02,-1.608255e+02,-2.610138e+01,-1.335546e+02
31.41500,4.503569e+02,-1.617259e+02,-2.459047e+01,-1.307614e+02
31.41600,4.520337e+02,-1.626759e+02,-2.300855e+01,-1.280353e+02
31.41700,4.537559e+02,-1.634914e+02,-2.138641e+01,-1.252214e+02
31.41800,4.555059e+02,-1.641499e+02,-1.974038e+01,-1.222896e+02
31.41900,4.572697e+02,-1.645485e+02,-1.808354e+01,-1.191544e+02
31.42000,4.590465e+02,-1.648323e+02,-1.641889e+01,-1.159543e+02
31.42100,4.608645e+02,-1.648653e+02,-1.471536e+01,-1.125707e+02
31.42200,4.626535e+02,-1.646899e+02,-1.304557e+01,-1.090438e+02
31.42300,4.644211e+02,-1.643593e+02,-1.140106e+01,-1.054252e+02
31.42400,4.661366e+02,-1.636750e+02,-9.809867e+00,-1.015394e+02
31.42500,4.678262e+02,-1.628336e+02,-8.247867e+00,-9.757080e+01
31.42600,4.694470e+02,-1.617000e+02,-6.755740e+00,-9.339353e+01
31.42700,4.710195e+02,-1.604182e+02,-5.313807e+00,-8.915033e+01
31.42800,4.725297e+02,-1.586363e+02,-3.931177e+00,-8.450420e+01
31.42900,4.739611e+02,-1.566156e+02,-2.625111e+00,-7.971100e+01
31.43000,4.753062e+02,-1.542929e+02,-1.400755e+00,-7.473080e+01
31.43100,4.765521e+02,-1.518870e+02,-2.726272e-01,-6.974940e+01
31.43200,4.777041e+02,-1.488063e+02,7.699640e-01,-6.422245e+01
31.43300,4.787561e+02,-1.456491e+02,1.717573e+00,-5.870689e+01
31.43400,4.796905e+02,-1.422214e+02,2.559762e+00,-5.304552e+01
31.43500,4.804969e+02,-1.385453e+02,3.285379e+00,-4.724235e+01
31.43600,4.811849e+02,-1.344968e+02,3.901293e+00,-4.117590e+01
31.43700,4.817335e+02,-1.302899e+02,4.395180e+00,-3.507668e+01
31.43800,4.821459e+02,-1.259218e+02,4.767309e+00,-2.892435e+01
31.43900,4.824283e+02,-1.212210e+02,5.025788e+00,-2.255500e+01
31.44000,4.825413e+02,-1.164146e+02,5.134015e+00,-1.620350e+01
31.44100,4.825190e+02,-1.115633e+02,5.126514e+00,-9.917333e+00
31.44200,4.823385e+02,-1.064225e+02,4.981594e+00,-3.459080e+00
31.44300,4.820328e+02,-1.013069e+02,4.726156e+00,2.859749e+00
31.44400,4.815447e+02,-9.610227e+01,4.313193e+00,9.147813e+00
31.44500,4.809507e+02,-9.080973e+01,3.816923e+00,1.540487e+01
31.44600,4.802143e+02,-8.549480e+01,3.195451e+00,2.157635e+01
31.44700,4.793262e+02,-8.028673e+01,2.444469e+00,2.752057e+01
31.44800,4.782987e+02,-7.500533e+01,1.573963e+00,3.342869e+01
31.44900,4.771561e+02,-6.968067e+01,6.073559e-01,3.925838e+01
31.45000,4.758950e+02,-6.436089e+01,-4.629690e-01,4.496365e+01
31.45100,4.744790e+02,-5.904010e+01,-1.662054e+00,5.052897e+01
31.45200,4.729764e+02,-5.384225e+01,-2.945036e+00,5.588733e+01
31.45300,4.713752e+02,-4.865367e+01,-4.307625e+00,6.110247e+01
31.45400,4.696891e+02,-4.356893e+01,-5.747435e+00,6.609627e+01
31.45500,4.679031e+02,-3.839004e+01,-7.279453e+00,7.105620e+01
31.45600,4.660991e+02,-3.320795e+01,-8.824720e+00,7.589667e+01
31.45700,4.642348e+02,-2.805140e+01,-1.042477e+01,8.058513e+01
31.45800,4.623290e+02,-2.288787e+01,-1.206776e+01,8.515373e+01
31.45900,4.604232e+02,-1.754037e+01,-1.371649e+01,8.977420e+01
31.46000,4.585050e+02,-1.240077e+01,-1.537470e+01,9.406420e+01
31.46100,4.565738e+02,-6.982680e+00,-1.705769e+01,9.848620e+01
31.46200,4.546618e+02,-1.703096e+00,-1.872981e+01,1.026528e+02
31.46300,4.527167e+02,3.810207e+00,-2.044546e+01,1.069017e+02
31.46400,4.509200e+02,9.334973e+00,-2.202289e+01,1.110590e+02
31.46500,4.490789e+02,1.494707e+01,-2.366450e+01,1.151502e+02
31.46600,4.473320e+02,2.063036e+01,-2.522520e+01,1.191815e+02
31.46700,4.456035e+02,2.643025e+01,-2.678573e+01,1.231987e+02
31.46800,4.439749e+02,3.241457e+01,-2.826410e+01,1.272662e+02
31.46900,4.423621e+02,3.794479e+01,-2.974235e+01,1.307811e+02
31.47000,4.409889e+02,4.420793e+01,-3.100367e+01,1.348781e+02
31.47100,4.399007e+02,5.113830e+01,-3.199839e+01,1.395263e+02
31.47200,4.386725e+02,5.710491e+01,-3.314384e+01,1.431311e+02
31.47300,4.375341e+02,6.320920e+01,-3.422225e+01,1.467123e+02
31.47400,4.363977e+02,6.892653e+01,-3.531095e+01,1.498421e+02
31.47500,4.353042e+02,7.476293e+01,-3.637081e+01,1.529556e+02
31.47600,4.343393e+02,8.016453e+01,-3.732241e+01,1.555801e+02
31.47700,4.334698e+02,8.592900e+01,-3.818882e+01,1.584397e+02
31.47800,4.325846e+02,8.903980e+01,-3.907337e+01,1.587773e+02
31.47900,4.319907e+02,9.521607e+01,-3.969524e+01,1.618263e+02
31.48000,4.313815e+02,1.002719e+02,-4.033361e+01,1.637612e+02
31.48100,4.308135e+02,1.047742e+02,-4.093701e+01,1.651059e+02
31.48200,4.303724e+02,1.092148e+02,-4.141999e+01,1.663157e+02
31.48300,4.300526e+02,1.135310e+02,-4.179163e+01,1.673353e+02
31.48400,4.297447e+02,1.168928e+02,-4.214774e+01,1.674113e+02
31.48500,4.295363e+02,1.211858e+02,-4.240871e+01,1.682759e+02
31.48600,4.293805e+02,1.251576e+02,-4.261653e+01,1.687883e+02
31.48700,4.293466e+02,1.285191e+02,-4.270500e+01,1.686788e+02
31.48800,4.294042e+02,1.312937e+02,-4.270187e+01,1.679806e+02
31.48900,4.295745e+02,1.347130e+02,-4.258743e+01,1.678189e+02
31.49000,4.297828e+02,1.369931e+02,-4.242793e+01,1.665745e+02
31.49100,4.301122e+02,1.395125e+02,-4.214569e+01,1.655094e+02
31.49200,4.305550e+02,1.417071e+02,-4.175004e+01,1.641081e+02
31.49300,4.310731e+02,1.440663e+02,-4.128005e+01,1.628491e+02
31.49400,4.317127e+02,1.457216e+02,-4.068654e+01,1.608747e+02
31.49500,4.325112e+02,1.473223e+02,-3.993847e+01,1.588100e+02
31.49600,4.333748e+02,1.487907e+02,-3.912453e+01,1.566164e+02
31.49700,4.343661e+02,1.502499e+02,-3.818490e+01,1.543980e+02
31.49800,4.354571e+02,1.516951e+02,-3.715011e+01,1.521543e+02
31.49900,4.366509e+02,1.530743e+02,-3.601685e+01,1.498401e+02
31.50000,4.379403e+02,1.543341e+02,-3.479068e+01,1.474018e+02
31.50100,4.393341e+02,1.556967e+02,-3.346803e+01,1.450647e+02
31.50200,4.408001e+02,1.570361e+02,-3.207986e+01,1.427041e+02
31.50300,4.423633e+02,1.582913e+02,-3.060182e+01,1.402654e+02
31.50400,4.440034e+02,1.595567e+02,-2.905641e+01,1.378469e+02
31.50500,4.457145e+02,1.607655e+02,-2.744887e+01,1.353778e+02
31.50600,4.475038e+02,1.619557e+02,-2.577489e+01,1.329116e+02
31.50700,4.493431e+02,1.630482e+02,-2.405979e+01,1.303621e+02
31.50800,4.513113e+02,1.645505e+02,-2.223473e+01,1.282159e+02
31.50900,4.532576e+02,1.656237e+02,-2.043718e+01,1.256981e+02
31.51000,4.552248e+02,1.666042e+02,-1.862935e+01,1.231201e+02
31.51100,4.572076e+02,1.674840e+02,-1.681753e+01,1.204780e+02
31.51200,4.591935e+02,1.682232e+02,-1.501279e+01,1.177402e+02
31.51300,4.611962e+02,1.687868e+02,-1.320034e+01,1.148799e+02
31.51400,4.631614e+02,1.691986e+02,-1.143459e+01,1.119217e+02
31.51500,4.650951e+02,1.694163e+02,-9.706953e+00,1.088303e+02
31.51600,4.670125e+02,1.694903e+02,-8.003653e+00,1.056575e+02
31.51700,4.688303e+02,1.689746e+02,-6.400341e+00,1.019901e+02
31.51800,4.706025e+02,1.684709e+02,-4.848017e+00,9.839400e+01
31.51900,4.722971e+02,1.677234e+02,-3.375040e+00,9.464547e+01
31.52000,4.739264e+02,1.666588e+02,-1.963543e+00,9.067013e+01
31.52100,4.754607e+02,1.651130e+02,-6.417941e-01,8.631587e+01
31.52200,4.768979e+02,1.634608e+02,5.830195e-01,8.193453e+01
31.52300,4.782484e+02,1.613451e+02,1.733596e+00,7.721947e+01
31.52400,4.794759e+02,1.589634e+02,2.771417e+00,7.233813e+01
31.52500,4.805973e+02,1.561183e+02,3.714741e+00,6.710947e+01
31.52600,4.815576e+02,1.531924e+02,4.513270e+00,6.189770e+01
31.52700,4.824307e+02,1.496051e+02,5.241771e+00,5.618183e+01
31.52800,4.831564e+02,1.459053e+02,5.840519e+00,5.044867e+01
31.52900,4.837397e+02,1.418251e+02,6.320116e+00,4.447167e+01
31.53000,4.841795e+02,1.376158e+02,6.677533e+00,3.848187e+01
31.53100,4.844567e+02,1.329883e+02,6.895987e+00,3.220734e+01
31.53200,4.846036e+02,1.281899e+02,7.008607e+00,2.589341e+01
31.53300,4.845685e+02,1.232493e+02,6.965840e+00,1.955741e+01
31.53400,4.843847e+02,1.179853e+02,6.800840e+00,1.303841e+01
31.53500,4.840793e+02,1.127449e+02,6.540548e+00,6.662319e+00
31.53600,4.836230e+02,1.072959e+02,6.159669e+00,2.084158e-01
31.53700,4.830233e+02,1.017502e+02,5.658028e+00,-6.210863e+00
31.53800,4.822737e+02,9.617460e+01,5.031073e+00,-1.253629e+01
31.53900,4.813713e+02,9.049953e+01,4.277282e+00,-1.882713e+01
31.54000,4.803347e+02,8.478733e+01,3.416005e+00,-2.502157e+01
31.54100,4.791703e+02,7.914880e+01,2.443306e+00,-3.102242e+01
31.54200,4.778679e+02,7.345293e+01,1.348205e+00,-3.695281e+01
31.54300,4.764560e+02,6.767460e+01,1.621827e-01,-4.283069e+01
31.54400,4.749412e+02,6.204931e+01,-1.111254e+00,-4.843419e+01
31.54500,4.732973e+02,5.623137e+01,-2.503651e+00,-5.408127e+01
31.54600,4.716100e+02,5.070267e+01,-3.930119e+00,-5.932995e+01
31.54700,4.698575e+02,4.506822e+01,-5.419463e+00,-6.454672e+01
31.54800,4.680365e+02,3.945377e+01,-6.972633e+00,-6.961667e+01
31.54900,4.661800e+02,3.375940e+01,-8.563393e+00,-7.462920e+01
31.55000,4.643304e+02,2.810748e+01,-1.014884e+01,-7.947433e+01
31.55100,4.623901e+02,2.246704e+01,-1.183449e+01,-8.416173e+01
31.55200,4.604673e+02,1.675457e+01,-1.350883e+01,-8.879893e+01
31.55300,4.585663e+02,1.101649e+01,-1.517471e+01,-9.331853e+01
31.55400,4.566724e+02,5.447817e+00,-1.684240e+01,-9.754633e+01
31.55500,4.548096e+02,-4.565481e-01,-1.850184e+01,-1.019672e+02
31.55600,4.529647e+02,-6.184917e+00,-2.015559e+01,-1.060847e+02
31.55700,4.511703e+02,-1.222189e+01,-2.178412e+01,-1.103615e+02
31.55800,4.494924e+02,-1.839419e+01,-2.331776e+01,-1.146516e+02
31.55900,4.478505e+02,-2.422123e+01,-2.482993e+01,-1.184865e+02
31.56000,4.461953e+02,-2.989416e+01,-2.637362e+01,-1.220385e+02
31.56100,4.448863e+02,-3.624459e+01,-2.759703e+01,-1.261349e+02
31.56200,4.438785e+02,-4.361312e+01,-2.854571e+01,-1.311184e+02
31.56300,4.425517e+02,-4.936723e+01,-2.982271e+01,-1.343967e+02
31.56400,4.414309e+02,-5.528517e+01,-3.091832e+01,-1.377238e+02
31.56500,4.402199e+02,-6.134833e+01,-3.211713e+01,-1.410556e+02
31.56600,4.392241e+02,-6.672640e+01,-3.312247e+01,-1.436570e+02
31.56700,4.382177e+02,-7.261120e+01,-3.415410e+01,-1.466106e+02
31.56800,4.374075e+02,-7.787660e+01,-3.500757e+01,-1.489132e+02
31.56900,4.366281e+02,-8.225167e+01,-3.583757e+01,-1.502924e+02
31.57000,4.359715e+02,-8.803340e+01,-3.656299e+01,-1.528628e+02
31.57100,4.353907e+02,-9.318707e+01,-3.722245e+01,-1.547693e+02
31.57200,4.348495e+02,-9.769553e+01,-3.784544e+01,-1.560070e+02
31.57300,4.344782e+02,-1.023445e+02,-3.830966e+01,-1.572842e+02
31.57400,4.341644e+02,-1.062443e+02,-3.872145e+01,-1.578015e+02
31.57500,4.339456e+02,-1.111454e+02,-3.904385e+01,-1.591566e+02
31.57600,4.337775e+02,-1.159003e+02,-3.931707e+01,-1.603162e+02
31.57700,4.337115e+02,-1.196464e+02,-3.948981e+01,-1.604852e+02
31.57800,4.337587e+02,-1.232456e+02,-3.955230e+01,-1.604620e+02
31.57900,4.338799e+02,-1.270015e+02,-3.953377e+01,-1.605221e+02
31.58000,4.340438e+02,-1.299549e+02,-3.946782e+01,-1.598024e+02
31.58100,4.343636e+02,-1.332135e+02,-3.924701e+01,-1.593205e+02
31.58200,4.347675e+02,-1.361982e+02,-3.894615e+01,-1.585483e+02
31.58300,4.352407e+02,-1.389638e+02,-3.856308e+01,-1.575402e+02
31.58400,4.358024e+02,-1.415570e+02,-3.809213e+01,-1.563457e+02
31.58500,4.365342e+02,-1.438841e+02,-3.745230e+01,-1.548457e+02
31.58600,4.373619e+02,-1.459457e+02,-3.671734e+01,-1.530829e+02
31.58700,4.382760e+02,-1.479345e+02,-3.589283e+01,-1.512399e+02
31.58800,4.392773e+02,-1.498381e+02,-3.497552e+01,-1.493113e+02
31.58900,4.403701e+02,-1.516919e+02,-3.396579e+01,-1.473343e+02
31.59000,4.415527e+02,-1.533636e+02,-3.286721e+01,-1.451797e+02
31.59100,4.428013e+02,-1.549205e+02,-3.170072e+01,-1.429229e+02
31.59200,4.441395e+02,-1.564461e+02,-3.044585e+01,-1.406474e+02
31.59300,4.455336e+02,-1.577936e+02,-2.913681e+01,-1.382108e+02
31.59400,4.470411e+02,-1.591481e+02,-2.771798e+01,-1.357953e+02
31.59500,4.486494e+02,-1.605227e+02,-2.620231e+01,-1.334145e+02
31.59600,4.502943e+02,-1.616879e+02,-2.465099e+01,-1.308648e+02
31.59700,4.519688e+02,-1.626252e+02,-2.307077e+01,-1.281268e+02
31.59800,4.536895e+02,-1.634357e+02,-2.145027e+01,-1.253060e+02
31.59900,4.554359e+02,-1.640897e+02,-1.980740e+01,-1.223710e+02
31.60000,4.572028e+02,-1.645345e+02,-1.814746e+01,-1.192767e+02
31.60100,4.589808e+02,-1.648063e+02,-1.648119e+01,-1.160640e+02
31.60200,4.607974e+02,-1.648455e+02,-1.477901e+01,-1.126842e+02
31.60300,4.625813e+02,-1.647098e+02,-1.311469e+01,-1.091915e+02
31.60400,4.643548e+02,-1.643349e+02,-1.146343e+01,-1.055309e+02
31.60500,4.660725e+02,-1.636845e+02,-9.870033e+00,-1.016747e+02
31.60600,4.677641e+02,-1.628289e+02,-8.305780e+00,-9.768987e+01
31.60700,4.693849e+02,-1.617399e+02,-6.814027e+00,-9.355200e+01
31.60800,4.709623e+02,-1.604361e+02,-5.367057e+00,-8.928513e+01
31.60900,4.724756e+02,-1.586613e+02,-3.981224e+00,-8.464273e+01
31.61000,4.739103e+02,-1.566421e+02,-2.672005e+00,-7.984807e+01
31.61100,4.752597e+02,-1.543414e+02,-1.443732e+00,-7.488607e+01
31.61200,4.765101e+02,-1.519640e+02,-3.107097e-01,-6.992973e+01
31.61300,4.776661e+02,-1.488667e+02,7.354860e-01,-6.438189e+01
31.61400,4.787229e+02,-1.457319e+02,1.687635e+00,-5.888570e+01
31.61500,4.796641e+02,-1.423001e+02,2.535771e+00,-5.321609e+01
31.61600,4.804794e+02,-1.386289e+02,3.267988e+00,-4.741234e+01
31.61700,4.811687e+02,-1.345780e+02,3.886653e+00,-4.134086e+01
31.61800,4.817257e+02,-1.303697e+02,4.388399e+00,-3.523813e+01
31.61900,4.821435e+02,-1.260269e+02,4.763461e+00,-2.910538e+01
31.62000,4.824344e+02,-1.212665e+02,5.031648e+00,-2.267647e+01
31.62100,4.825497e+02,-1.165811e+02,5.140717e+00,-1.643449e+01
31.62200,4.825359e+02,-1.116765e+02,5.140113e+00,-1.009286e+01
31.62300,4.823630e+02,-1.065362e+02,5.001950e+00,-3.630764e+00
31.62400,4.820623e+02,-1.014159e+02,4.751903e+00,2.694321e+00
31.62500,4.815781e+02,-9.621160e+01,4.342245e+00,8.986540e+00
31.62600,4.809921e+02,-9.091640e+01,3.852243e+00,1.525199e+01
31.62700,4.802629e+02,-8.561780e+01,3.236015e+00,2.141108e+01
31.62800,4.793807e+02,-8.038993e+01,2.490964e+00,2.737944e+01
31.62900,4.783599e+02,-7.510853e+01,1.626279e+00,3.328957e+01
31.63000,4.772231e+02,-6.977120e+01,6.648094e-01,3.913611e+01
31.63100,4.759663e+02,-6.447002e+01,-4.028635e-01,4.482836e+01
31.63200,4.745648e+02,-5.911455e+01,-1.585961e+00,5.043364e+01
31.63300,4.730591e+02,-5.393549e+01,-2.874029e+00,5.577693e+01
31.63400,4.714596e+02,-4.872847e+01,-4.233267e+00,6.101183e+01
31.63500,4.697779e+02,-4.365111e+01,-5.669799e+00,6.600503e+01
31.63600,4.679995e+02,-3.844481e+01,-7.195527e+00,7.099740e+01
31.63700,4.661963e+02,-3.330027e+01,-8.740687e+00,7.580660e+01
31.63800,4.643365e+02,-2.811839e+01,-1.033557e+01,8.052420e+01
31.63900,4.624290e+02,-2.299251e+01,-1.198179e+01,8.506033e+01
31.64000,4.605262e+02,-1.763709e+01,-1.362477e+01,8.969287e+01
31.64100,4.586068e+02,-1.249585e+01,-1.528489e+01,9.399113e+01
31.64200,4.566789e+02,-7.070020e+00,-1.696453e+01,9.842607e+01
31.64300,4.547714e+02,-1.773141e+00,-1.863201e+01,1.026111e+02
31.64400,4.528256e+02,3.711120e+00,-2.034680e+01,1.068423e+02
31.64500,4.510182e+02,9.207707e+00,-2.193458e+01,1.109754e+02
31.64600,4.491784e+02,1.485985e+01,-2.357481e+01,1.151091e+02
31.64700,4.474359e+02,2.056244e+01,-2.513151e+01,1.191643e+02
31.64800,4.456942e+02,2.632421e+01,-2.670312e+01,1.231481e+02
31.64900,4.440602e+02,3.228399e+01,-2.818737e+01,1.271968e+02
31.65000,4.424549e+02,3.786283e+01,-2.965744e+01,1.307641e+02
31.65100,4.410643e+02,4.410881e+01,-3.093549e+01,1.348466e+02
31.65200,4.399766e+02,5.098997e+01,-3.192753e+01,1.394564e+02
31.65300,4.387518e+02,5.697513e+01,-3.306965e+01,1.430842e+02
31.65400,4.375941e+02,6.305653e+01,-3.416483e+01,1.466474e+02
31.65500,4.364673e+02,6.877440e+01,-3.524476e+01,1.497834e+02
31.65600,4.353219e+02,7.453200e+01,-3.635415e+01,1.528301e+02
31.65700,4.344009e+02,8.002740e+01,-3.726228e+01,1.555430e+02
31.65800,4.335246e+02,8.575213e+01,-3.813578e+01,1.583694e+02
31.65900,4.326300e+02,8.883933e+01,-3.902942e+01,1.586889e+02
31.66000,4.320335e+02,9.506293e+01,-3.965243e+01,1.617853e+02
31.66100,4.314131e+02,1.001097e+02,-4.030116e+01,1.637162e+02
31.66200,4.308524e+02,1.046747e+02,-4.089760e+01,1.651211e+02
31.66300,4.304195e+02,1.092694e+02,-4.137389e+01,1.664738e+02
31.66400,4.300727e+02,1.133781e+02,-4.176967e+01,1.673077e+02
31.66500,4.297779e+02,1.170396e+02,-4.211405e+01,1.676581e+02
31.66600,4.295656e+02,1.211200e+02,-4.237869e+01,1.683325e+02
31.66700,4.293981e+02,1.251249e+02,-4.259796e+01,1.688784e+02
31.66800,4.293621e+02,1.284499e+02,-4.268901e+01,1.687371e+02
31.66900,4.294116e+02,1.311622e+02,-4.269275e+01,1.679857e+02
31.67000,4.295807e+02,1.346255e+02,-4.258040e+01,1.678657e+02
31.67100,4.297857e+02,1.369575e+02,-4.242405e+01,1.666695e+02
31.67200,4.301097e+02,1.394529e+02,-4.214795e+01,1.655850e+02
31.67300,4.305463e+02,1.416351e+02,-4.175962e+01,1.641701e+02
31.67400,4.310604e+02,1.440203e+02,-4.129125e+01,1.629413e+02
31.67500,4.316949e+02,1.456421e+02,-4.070401e+01,1.609347e+02
31.67600,4.324854e+02,1.472889e+02,-3.996257e+01,1.589156e+02
31.67700,4.333455e+02,1.487477e+02,-3.915151e+01,1.567133e+02
31.67800,4.343331e+02,1.502111e+02,-3.821713e+01,1.545001e+02
31.67900,4.354229e+02,1.517026e+02,-3.718491e+01,1.523024e+02
31.68000,4.366083e+02,1.530347e+02,-3.605659e+01,1.499422e+02
31.68100,4.378935e+02,1.543308e+02,-3.483522e+01,1.475415e+02
31.68200,4.392853e+02,1.556420e+02,-3.351529e+01,1.451508e+02
31.68300,4.407459e+02,1.569631e+02,-3.213209e+01,1.427753e+02
31.68400,4.423025e+02,1.582726e+02,-3.065973e+01,1.403898e+02
31.68500,4.439388e+02,1.595076e+02,-2.911771e+01,1.379403e+02
31.68600,4.456519e+02,1.607340e+02,-2.750908e+01,1.354883e+02
31.68700,4.474387e+02,1.619019e+02,-2.583523e+01,1.330021e+02
31.68800,4.492485e+02,1.628603e+02,-2.414797e+01,1.303302e+02
31.68900,4.512138e+02,1.643473e+02,-2.232509e+01,1.281662e+02
31.69000,4.531863e+02,1.655534e+02,-2.050327e+01,1.257716e+02
31.69100,4.551502e+02,1.665464e+02,-1.869811e+01,1.232031e+02
31.69200,4.571336e+02,1.674242e+02,-1.688558e+01,1.205592e+02
31.69300,4.591190e+02,1.681823e+02,-1.508080e+01,1.178381e+02
31.69400,4.611230e+02,1.687361e+02,-1.326653e+01,1.149668e+02
31.69500,4.630891e+02,1.691627e+02,-1.149935e+01,1.120205e+02
31.69600,4.650248e+02,1.693761e+02,-9.769860e+00,1.089239e+02
31.69700,4.669353e+02,1.695207e+02,-8.074327e+00,1.058138e+02
31.69800,4.687643e+02,1.689301e+02,-6.458049e+00,1.020754e+02
31.69900,4.705386e+02,1.684557e+02,-4.904893e+00,9.850367e+01
31.70000,4.722366e+02,1.677115e+02,-3.427156e+00,9.475733e+01
31.70100,4.738690e+02,1.666530e+02,-2.013088e+00,9.078473e+01
31.70200,4.754091e+02,1.651464e+02,-6.863760e-01,8.646287e+01
31.70300,4.768527e+02,1.634709e+02,5.439801e-01,8.205747e+01
31.70400,4.781953e+02,1.613989e+02,1.687707e+00,7.737993e+01
31.70500,4.794385e+02,1.589820e+02,2.739440e+00,7.246267e+01
31.70600,4.805597e+02,1.561961e+02,3.682084e+00,6.728373e+01
31.70700,4.815331e+02,1.530893e+02,4.495355e+00,6.190595e+01
31.70800,4.824107e+02,1.496509e+02,5.226325e+00,5.632205e+01
31.70900,4.831421e+02,1.459715e+02,5.828626e+00,5.060364e+01
31.71000,4.837289e+02,1.419149e+02,6.312681e+00,4.464567e+01
31.71100,4.841849e+02,1.376498e+02,6.683553e+00,3.860083e+01
31.71200,4.844566e+02,1.331268e+02,6.894840e+00,3.241859e+01
31.71300,4.846139e+02,1.282808e+02,7.016793e+00,2.605811e+01
31.71400,4.845853e+02,1.233409e+02,6.981527e+00,1.971695e+01
31.71500,4.844197e+02,1.180757e+02,6.833680e+00,1.319215e+01
31.71600,4.841097e+02,1.128521e+02,6.565873e+00,6.828767e+00
31.71700,4.836656e+02,1.073703e+02,6.195597e+00,3.394963e-01
31.71800,4.830659e+02,1.018692e+02,5.693604e+00,-6.045174e+00
31.71900,4.823223e+02,9.629713e+01,5.071778e+00,-1.236890e+01
31.72000,4.814297e+02,9.056407e+01,4.328217e+00,-1.872067e+01
31.72100,4.803989e+02,8.483460e+01,3.472062e+00,-2.493305e+01
31.72200,4.792414e+02,7.925013e+01,2.503574e+00,-3.089020e+01
31.72300,4.779521e+02,7.350787e+01,1.421925e+00,-3.686963e+01
31.72400,4.765391e+02,6.772553e+01,2.345611e-01,-4.275540e+01
31.72500,4.750281e+02,6.213977e+01,-1.036979e+00,-4.832564e+01
31.72600,4.733842e+02,5.628815e+01,-2.429928e+00,-5.400951e+01
31.72700,4.717050e+02,5.076598e+01,-3.848896e+00,-5.925768e+01
31.72800,4.699572e+02,4.512380e+01,-5.333193e+00,-6.448701e+01
31.72900,4.681369e+02,3.951237e+01,-6.884807e+00,-6.955920e+01
31.73000,4.662799e+02,3.383145e+01,-8.476193e+00,-7.456207e+01
31.73100,4.644333e+02,2.821370e+01,-1.005706e+01,-7.938013e+01
31.73200,4.624995e+02,2.251997e+01,-1.173805e+01,-8.412547e+01
31.73300,4.605661e+02,1.683585e+01,-1.342219e+01,-8.873833e+01
31.73400,4.586658e+02,1.111727e+01,-1.508615e+01,-9.324460e+01
31.73500,4.567826e+02,5.525396e+00,-1.674225e+01,-9.750140e+01
31.73600,4.549207e+02,-4.045909e-01,-1.840226e+01,-1.019540e+02
31.73700,4.530793e+02,-6.163481e+00,-2.005077e+01,-1.061064e+02
31.73800,4.512717e+02,-1.216205e+01,-2.169166e+01,-1.103480e+02
31.73900,4.495863e+02,-1.831951e+01,-2.323283e+01,-1.146279e+02
31.74000,4.479289e+02,-2.409186e+01,-2.475753e+01,-1.184147e+02
31.74100,4.463000e+02,-2.990450e+01,-2.627652e+01,-1.221047e+02
31.74200,4.449789e+02,-3.612112e+01,-2.751041e+01,-1.260855e+02
31.74300,4.439450e+02,-4.353379e+01,-2.848405e+01,-1.311062e+02
31.74400,4.425935e+02,-4.916919e+01,-2.978221e+01,-1.342834e+02
31.74500,4.414932e+02,-5.519027e+01,-3.085801e+01,-1.377081e+02
31.74600,4.402831e+02,-6.124333e+01,-3.205631e+01,-1.410378e+02
31.74700,4.392829e+02,-6.661380e+01,-3.306408e+01,-1.436366e+02
31.74800,4.382766e+02,-7.251833e+01,-3.409541e+01,-1.466129e+02
31.74900,4.374645e+02,-7.784520e+01,-3.495079e+01,-1.489771e+02
31.75000,4.366629e+02,-8.204853e+01,-3.580143e+01,-1.501993e+02
31.75100,4.360013e+02,-8.781873e+01,-3.653092e+01,-1.527673e+02
31.75200,4.354151e+02,-9.292813e+01,-3.719526e+01,-1.546360e+02
31.75300,4.348817e+02,-9.759347e+01,-3.781131e+01,-1.560179e+02
31.75400,4.344958e+02,-1.021763e+02,-3.828958e+01,-1.572383e+02
31.75500,4.341991e+02,-1.062158e+02,-3.868475e+01,-1.578867e+02
31.75600,4.339696e+02,-1.111312e+02,-3.901685e+01,-1.592580e+02
31.75700,4.338165e+02,-1.160089e+02,-3.927986e+01,-1.605305e+02
31.75800,4.337227e+02,-1.195231e+02,-3.947473e+01,-1.604925e+02
31.75900,4.337578e+02,-1.231385e+02,-3.954856e+01,-1.604865e+02
31.76000,4.338891e+02,-1.269559e+02,-3.952288e+01,-1.606047e+02
31.76100,4.340475e+02,-1.299205e+02,-3.946133e+01,-1.598981e+02
31.76200,4.343616e+02,-1.331532e+02,-3.924571e+01,-1.593927e+02
31.76300,4.347640e+02,-1.361571e+02,-3.894733e+01,-1.586405e+02
31.76400,4.352304e+02,-1.388807e+02,-3.857247e+01,-1.575952e+02
31.76500,4.357787e+02,-1.414679e+02,-3.811147e+01,-1.563981e+02
31.76600,4.365111e+02,-1.438411e+02,-3.747335e+01,-1.549435e+02
31.76700,4.373347e+02,-1.458835e+02,-3.674214e+01,-1.531625e+02
31.76800,4.382449e+02,-1.478859e+02,-3.592104e+01,-1.513339e+02
31.76900,4.392426e+02,-1.497916e+02,-3.500835e+01,-1.494071e+02
31.77000,4.403291e+02,-1.516088e+02,-3.400397e+01,-1.473949e+02
31.77100,4.415093e+02,-1.532876e+02,-3.290834e+01,-1.452473e+02
31.77200,4.427530e+02,-1.548473e+02,-3.174706e+01,-1.429931e+02
31.77300,4.440885e+02,-1.563938e+02,-3.049553e+01,-1.407349e+02
31.77400,4.454851e+02,-1.577388e+02,-2.918356e+01,-1.382983e+02
31.77500,4.469480e+02,-1.589167e+02,-2.780591e+01,-1.357208e+02
31.77600,4.485689e+02,-1.603811e+02,-2.627857e+01,-1.334235e+02
31.77700,4.502323e+02,-1.616427e+02,-2.471067e+01,-1.309615e+02
31.77800,4.519045e+02,-1.625928e+02,-2.313231e+01,-1.282347e+02
31.77900,4.536229e+02,-1.633981e+02,-2.151331e+01,-1.254079e+02
31.78000,4.553661e+02,-1.640493e+02,-1.987405e+01,-1.224695e+02
31.78100,4.571360e+02,-1.645055e+02,-1.821105e+01,-1.193843e+02
31.78200,4.589140e+02,-1.647881e+02,-1.654457e+01,-1.161807e+02
31.78300,4.607275e+02,-1.648465e+02,-1.484582e+01,-1.128161e+02
31.78400,4.625082e+02,-1.647486e+02,-1.318475e+01,-1.093565e+02
31.78500,4.642883e+02,-1.643305e+02,-1.152595e+01,-1.056549e+02
31.78600,4.660073e+02,-1.636934e+02,-9.931260e+00,-1.018105e+02
31.78700,4.677023e+02,-1.628319e+02,-8.363673e+00,-9.781620e+01
31.78800,4.693250e+02,-1.617579e+02,-6.870273e+00,-9.369067e+01
31.78900,4.709043e+02,-1.604649e+02,-5.420503e+00,-8.943153e+01
31.79000,4.724199e+02,-1.586843e+02,-4.032567e+00,-8.477847e+01
31.79100,4.738603e+02,-1.566863e+02,-2.718287e+00,-8.000233e+01
31.79200,4.752141e+02,-1.543825e+02,-1.485629e+00,-7.503427e+01
31.79300,4.764711e+02,-1.519330e+02,-3.472341e-01,-7.001020e+01
31.79400,4.776287e+02,-1.489480e+02,7.007587e-01,-6.455961e+01
31.79500,4.786910e+02,-1.457956e+02,1.658262e+00,-5.904622e+01
31.79600,4.796377e+02,-1.423932e+02,2.509995e+00,-5.340005e+01
31.79700,4.804570e+02,-1.387161e+02,3.247450e+00,-4.758554e+01
31.79800,4.811525e+02,-1.346576e+02,3.871739e+00,-4.150499e+01
31.79900,4.817139e+02,-1.304843e+02,4.376057e+00,-3.543087e+01
31.80000,4.821400e+02,-1.261252e+02,4.759839e+00,-2.927896e+01
31.80100,4.824391e+02,-1.213481e+02,5.035081e+00,-2.283062e+01
31.80200,4.825609e+02,-1.166897e+02,5.150419e+00,-1.661071e+01
31.80300,4.825489e+02,-1.118192e+02,5.151040e+00,-1.029556e+01
31.80400,4.823895e+02,-1.066216e+02,5.025568e+00,-3.777313e+00
31.80500,4.820871e+02,-1.015288e+02,4.775503e+00,2.524821e+00
31.80600,4.816123e+02,-9.632660e+01,4.370694e+00,8.820493e+00
31.80700,4.810349e+02,-9.102887e+01,3.888260e+00,1.509498e+01
31.80800,4.803094e+02,-8.572227e+01,3.276859e+00,2.126251e+01
31.80900,4.794365e+02,-8.047760e+01,2.539357e+00,2.725279e+01
31.81000,4.784202e+02,-7.520240e+01,1.679167e+00,3.315853e+01
31.81100,4.772896e+02,-6.986433e+01,7.219407e-01,3.901203e+01
31.81200,4.760341e+02,-6.460325e+01,-3.445381e-01,4.466945e+01
31.81300,4.746507e+02,-5.924687e+01,-1.510988e+00,5.028413e+01
31.81400,4.731451e+02,-5.404537e+01,-2.798041e+00,5.564967e+01
31.81500,4.715423e+02,-4.882300e+01,-4.162131e+00,6.090191e+01
31.81600,4.698688e+02,-4.374661e+01,-5.592023e+00,6.590132e+01
31.81700,4.680936e+02,-3.850559e+01,-7.113100e+00,7.093127e+01
31.81800,4.662946e+02,-3.340524e+01,-8.655393e+00,7.570587e+01
31.81900,4.644381e+02,-2.818608e+01,-1.024713e+01,8.046247e+01
31.82000,4.625304e+02,-2.307467e+01,-1.189339e+01,8.498993e+01
31.82100,4.606231e+02,-1.774627e+01,-1.353991e+01,8.959873e+01
31.82200,4.587099e+02,-1.258219e+01,-1.519270e+01,9.392427e+01
31.82300,4.567829e+02,-7.150227e+00,-1.687189e+01,9.837207e+01
31.82400,4.548729e+02,-1.830848e+00,-1.854176e+01,1.025813e+02
31.82500,4.529377e+02,3.630271e+00,-2.024591e+01,1.067996e+02
31.82600,4.511110e+02,9.067827e+00,-2.185175e+01,1.108775e+02
31.82700,4.492739e+02,1.475737e+01,-2.348889e+01,1.150526e+02
31.82800,4.475390e+02,2.049208e+01,-2.503816e+01,1.191441e+02
31.82900,4.457912e+02,2.622793e+01,-2.661467e+01,1.231087e+02
31.83000,4.441443e+02,3.217402e+01,-2.811056e+01,1.271459e+02
31.83100,4.425476e+02,3.778168e+01,-2.957133e+01,1.307471e+02
31.83200,4.411307e+02,4.391595e+01,-3.087469e+01,1.347267e+02
31.83300,4.400495e+02,5.080547e+01,-3.185990e+01,1.393514e+02
31.83400,4.388327e+02,5.684034e+01,-3.299272e+01,1.430289e+02
31.83500,4.376513e+02,6.288475e+01,-3.411044e+01,1.465652e+02
31.83600,4.365457e+02,6.872713e+01,-3.516999e+01,1.498191e+02
31.83700,4.353824e+02,7.452213e+01,-3.629852e+01,1.529055e+02
31.83800,4.344603e+02,7.988160e+01,-3.720502e+01,1.554973e+02
31.83900,4.335767e+02,8.557120e+01,-3.808492e+01,1.582954e+02
31.84000,4.327008e+02,8.876173e+01,-3.896113e+01,1.587150e+02
31.84100,4.320741e+02,9.492853e+01,-3.961171e+01,1.617609e+02
31.84200,4.314504e+02,9.997613e+01,-4.026383e+01,1.636963e+02
31.84300,4.308931e+02,1.045906e+02,-4.085670e+01,1.651494e+02
31.84400,4.304795e+02,1.094383e+02,-4.131631e+01,1.667357e+02
31.84500,4.301007e+02,1.132818e+02,-4.174073e+01,1.673304e+02
31.84600,4.297949e+02,1.169709e+02,-4.209581e+01,1.677093e+02
31.84700,4.295961e+02,1.210169e+02,-4.234740e+01,1.683541e+02
31.84800,4.294211e+02,1.251438e+02,-4.257405e+01,1.690145e+02
31.84900,4.293791e+02,1.283837e+02,-4.267122e+01,1.687982e+02
31.85000,4.294211e+02,1.310589e+02,-4.268177e+01,1.680144e+02
31.85100,4.295919e+02,1.345520e+02,-4.256854e+01,1.679245e+02
31.85200,4.297865e+02,1.369060e+02,-4.242153e+01,1.667493e+02
31.85300,4.301097e+02,1.394153e+02,-4.214953e+01,1.656805e+02
31.85400,4.305377e+02,1.415880e+02,-4.176646e+01,1.642568e+02
31.85500,4.310517e+02,1.439881e+02,-4.129952e+01,1.630427e+02
31.85600,4.316759e+02,1.456086e+02,-4.072187e+01,1.610389e+02
31.85700,4.324645e+02,1.472816e+02,-3.998427e+01,1.590449e+02
31.85800,4.333203e+02,1.487223e+02,-3.917739e+01,1.568259e+02
31.85900,4.343027e+02,1.501669e+02,-3.824797e+01,1.545957e+02
31.86000,4.353869e+02,1.516469e+02,-3.722001e+01,1.523875e+02
31.86100,4.365699e+02,1.530078e+02,-3.609611e+01,1.500550e+02
31.86200,4.378496e+02,1.543311e+02,-3.487825e+01,1.476846e+02
31.86300,4.392370e+02,1.555920e+02,-3.356227e+01,1.452433e+02
31.86400,4.406913e+02,1.569219e+02,-3.218393e+01,1.428765e+02
31.86500,4.422436e+02,1.582404e+02,-3.071588e+01,1.404997e+02
31.86600,4.438757e+02,1.594491e+02,-2.917781e+01,1.380237e+02
31.86700,4.455869e+02,1.606870e+02,-2.756965e+01,1.355851e+02
31.86800,4.473766e+02,1.618416e+02,-2.589575e+01,1.330859e+02
31.86900,4.491926e+02,1.628920e+02,-2.420033e+01,1.304988e+02
31.87000,4.511448e+02,1.643039e+02,-2.239034e+01,1.282632e+02
31.87100,4.531120e+02,1.654917e+02,-2.057217e+01,1.258522e+02
31.87200,4.550765e+02,1.664885e+02,-1.876613e+01,1.232856e+02
31.87300,4.570593e+02,1.673782e+02,-1.695357e+01,1.206529e+02
31.87400,4.590459e+02,1.681235e+02,-1.514815e+01,1.179185e+02
31.87500,4.610454e+02,1.687097e+02,-1.333735e+01,1.150759e+02
31.87600,4.630174e+02,1.691003e+02,-1.156411e+01,1.120941e+02
31.87700,4.649564e+02,1.693230e+02,-9.830727e+00,1.090052e+02
31.87800,4.668679e+02,1.694671e+02,-8.132947e+00,1.058909e+02
31.87900,4.686967e+02,1.688969e+02,-6.518097e+00,1.021707e+02
31.88000,4.704821e+02,1.684180e+02,-4.953459e+00,9.859347e+01
31.88100,4.721774e+02,1.677056e+02,-3.480079e+00,9.487340e+01
31.88200,4.738125e+02,1.666443e+02,-2.061253e+00,9.089647e+01
31.88300,4.753572e+02,1.651611e+02,-7.305167e-01,8.659280e+01
31.88400,4.768045e+02,1.634677e+02,5.041669e-01,8.216913e+01
31.88500,4.781415e+02,1.614865e+02,1.639343e+00,7.757147e+01
31.88600,4.794030e+02,1.589967e+02,2.709807e+00,7.258287e+01
31.88700,4.805235e+02,1.562441e+02,3.651715e+00,6.743147e+01
31.88800,4.815105e+02,1.531659e+02,4.475892e+00,6.207954e+01
31.88900,4.823854e+02,1.497590e+02,5.204129e+00,5.651949e+01
31.89000,4.831261e+02,1.460008e+02,5.818346e+00,5.072415e+01
31.89100,4.837200e+02,1.419972e+02,6.305431e+00,4.481361e+01
31.89200,4.841767e+02,1.377590e+02,6.677547e+00,3.878789e+01
31.89300,4.844637e+02,1.331776e+02,6.902067e+00,3.254802e+01
31.89400,4.846213e+02,1.283857e+02,7.024920e+00,2.623513e+01
31.89500,4.846039e+02,1.234093e+02,6.998053e+00,1.985539e+01
31.89600,4.844561e+02,1.181621e+02,6.867493e+00,1.334226e+01
31.89700,4.841406e+02,1.129271e+02,6.593681e+00,6.964347e+00
31.89800,4.837036e+02,1.074545e+02,6.228584e+00,4.785285e-01
31.89900,4.831088e+02,1.019998e+02,5.729918e+00,-5.867665e+00
31.90000,4.823697e+02,9.645007e+01,5.111368e+00,-1.217450e+01
31.90100,4.814874e+02,9.063120e+01,4.378973e+00,-1.861096e+01
31.90200,4.804645e+02,8.488853e+01,3.528997e+00,-2.483875e+01
31.90300,4.793131e+02,7.929253e+01,2.565419e+00,-3.081219e+01
31.90400,4.780330e+02,7.356487e+01,1.491957e+00,-3.678277e+01
31.90500,4.766173e+02,6.781673e+01,3.006833e-01,-4.264205e+01
31.90600,4.751154e+02,6.217480e+01,-9.605527e-01,-4.826991e+01
31.90700,4.734823e+02,5.640559e+01,-2.343624e+00,-5.387951e+01
31.90800,4.718016e+02,5.081467e+01,-3.765345e+00,-5.919967e+01
31.90900,4.700573e+02,4.517820e+01,-5.246224e+00,-6.442920e+01
31.91000,4.682381e+02,3.957704e+01,-6.796860e+00,-6.949533e+01
31.91100,4.663839e+02,3.390178e+01,-8.386160e+00,-7.449693e+01
31.91200,4.645312e+02,2.828617e+01,-9.972680e+00,-7.931767e+01
31.91300,4.626075e+02,2.256979e+01,-1.164212e+01,-8.409280e+01
31.91400,4.606632e+02,1.692613e+01,-1.333747e+01,-8.866927e+01
31.91500,4.587661e+02,1.120922e+01,-1.499703e+01,-9.317800e+01
31.91600,4.568897e+02,5.643601e+00,-1.664549e+01,-9.741687e+01
31.91700,4.550287e+02,-3.348732e-01,-1.830412e+01,-1.019220e+02
31.91800,4.531891e+02,-6.130145e+00,-1.995059e+01,-1.061132e+02
31.91900,4.513777e+02,-1.208848e+01,-2.159540e+01,-1.103239e+02
31.92000,4.496811e+02,-1.822941e+01,-2.314589e+01,-1.145901e+02
31.92100,4.480054e+02,-2.397608e+01,-2.468739e+01,-1.183520e+02
31.92200,4.463979e+02,-2.980007e+01,-2.618444e+01,-1.220651e+02
31.92300,4.450523e+02,-3.597137e+01,-2.744131e+01,-1.260062e+02
31.92400,4.440196e+02,-4.344861e+01,-2.841446e+01,-1.310901e+02
31.92500,4.426310e+02,-4.888908e+01,-2.974530e+01,-1.340960e+02
31.92600,4.415591e+02,-5.510509e+01,-3.079485e+01,-1.377015e+02
31.92700,4.403599e+02,-6.117704e+01,-3.198218e+01,-1.410548e+02
31.92800,4.393450e+02,-6.654501e+01,-3.300339e+01,-1.436531e+02
31.92900,4.383346e+02,-7.237367e+01,-3.403755e+01,-1.465672e+02
31.93000,4.375233e+02,-7.777227e+01,-3.489267e+01,-1.490029e+02
31.93100,4.366852e+02,-8.187780e+01,-3.577749e+01,-1.501377e+02
31.93200,4.360365e+02,-8.765567e+01,-3.649384e+01,-1.527158e+02
31.93300,4.354483e+02,-9.275567e+01,-3.715823e+01,-1.545793e+02
31.93400,4.349135e+02,-9.747753e+01,-3.777808e+01,-1.560144e+02
31.93500,4.345139e+02,-1.020131e+02,-3.826868e+01,-1.571974e+02
31.93600,4.342203e+02,-1.061761e+02,-3.866117e+01,-1.579608e+02
31.93700,4.339961e+02,-1.110152e+02,-3.898687e+01,-1.592679e+02
31.93800,4.338277e+02,-1.160135e+02,-3.926444e+01,-1.606541e+02
31.93900,4.337402e+02,-1.194476e+02,-3.945504e+01,-1.605421e+02
31.94000,4.337393e+02,-1.228989e+02,-3.956022e+01,-1.603901e+02
31.94100,4.338925e+02,-1.268695e+02,-3.951649e+01,-1.606503e+02
31.94200,4.340512e+02,-1.298635e+02,-3.945518e+01,-1.599723e+02
31.94300,4.343605e+02,-1.331012e+02,-3.924434e+01,-1.594734e+02
31.94400,4.347578e+02,-1.360907e+02,-3.895179e+01,-1.587107e+02
31.94500,4.352205e+02,-1.388241e+02,-3.858135e+01,-1.576753e+02
31.94600,4.357585e+02,-1.414139e+02,-3.812836e+01,-1.564843e+02
31.94700,4.364895e+02,-1.437881e+02,-3.749353e+01,-1.550297e+02
31.94800,4.373091e+02,-1.458213e+02,-3.676587e+01,-1.532401e+02
31.94900,4.382146e+02,-1.478313e+02,-3.594890e+01,-1.514211e+02
31.95000,4.392092e+02,-1.497701e+02,-3.503995e+01,-1.495267e+02
31.95100,4.402909e+02,-1.515303e+02,-3.404037e+01,-1.474589e+02
31.95200,4.414665e+02,-1.532160e+02,-3.294905e+01,-1.453178e+02
31.95300,4.427065e+02,-1.547954e+02,-3.179190e+01,-1.430839e+02
31.95400,4.440380e+02,-1.563313e+02,-3.054445e+01,-1.408141e+02
31.95500,4.454350e+02,-1.577094e+02,-2.923169e+01,-1.384086e+02
31.95600,4.468774e+02,-1.587900e+02,-2.787267e+01,-1.357424e+02
31.95700,4.485102e+02,-1.603466e+02,-2.633499e+01,-1.335300e+02
31.95800,4.501695e+02,-1.615899e+02,-2.477097e+01,-1.310510e+02
31.95900,4.518409e+02,-1.625347e+02,-2.319383e+01,-1.283157e+02
31.96000,4.535577e+02,-1.633673e+02,-2.157551e+01,-1.255151e+02
31.96100,4.552927e+02,-1.640155e+02,-1.994522e+01,-1.225728e+02
31.96200,4.570693e+02,-1.644694e+02,-1.827509e+01,-1.194841e+02
31.96300,4.588493e+02,-1.647707e+02,-1.660607e+01,-1.162979e+02
31.96400,4.606555e+02,-1.648552e+02,-1.491483e+01,-1.129550e+02
31.96500,4.624441e+02,-1.647473e+02,-1.324537e+01,-1.094840e+02
31.96600,4.642118e+02,-1.643746e+02,-1.159959e+01,-1.058243e+02
31.96700,4.659434e+02,-1.636741e+02,-9.991120e+00,-1.019181e+02
31.96800,4.676407e+02,-1.628386e+02,-8.421700e+00,-9.794493e+01
31.96900,4.692642e+02,-1.617913e+02,-6.927427e+00,-9.384280e+01
31.97000,4.708477e+02,-1.604811e+02,-5.473393e+00,-8.956393e+01
31.97100,4.723650e+02,-1.587082e+02,-4.083624e+00,-8.491500e+01
31.97200,4.738102e+02,-1.567239e+02,-2.764578e+00,-8.015120e+01
31.97300,4.751673e+02,-1.544363e+02,-1.528829e+00,-7.519440e+01
31.97400,4.764301e+02,-1.519336e+02,-3.841060e-01,-7.011920e+01
31.97500,4.775932e+02,-1.490119e+02,6.679967e-01,-6.472245e+01
31.97600,4.786585e+02,-1.458869e+02,1.628312e+00,-5.923173e+01
31.97700,4.796097e+02,-1.424936e+02,2.483830e+00,-5.359164e+01
31.97800,4.804355e+02,-1.387886e+02,3.227795e+00,-4.774635e+01
31.97900,4.811371e+02,-1.347597e+02,3.857559e+00,-4.169053e+01
31.98000,4.817033e+02,-1.305678e+02,4.366349e+00,-3.559509e+01
31.98100,4.821353e+02,-1.262222e+02,4.755929e+00,-2.945154e+01
31.98200,4.824373e+02,-1.214931e+02,5.033394e+00,-2.304403e+01
31.98300,4.825755e+02,-1.167973e+02,5.164171e+00,-1.678601e+01
31.98400,4.825646e+02,-1.119104e+02,5.165545e+00,-1.045157e+01
31.98500,4.824201e+02,-1.067345e+02,5.052227e+00,-3.949008e+00
31.98600,4.821161e+02,-1.016449e+02,4.799373e+00,2.354083e+00
31.98700,4.816456e+02,-9.644733e+01,4.397636e+00,8.648987e+00
31.98800,4.810785e+02,-9.112540e+01,3.926063e+00,1.495133e+01
31.98900,4.803555e+02,-8.582013e+01,3.318112e+00,2.112052e+01
31.99000,4.794928e+02,-8.056787e+01,2.588031e+00,2.712375e+01
31.99100,4.784825e+02,-7.530093e+01,1.732913e+00,3.302685e+01
31.99200,4.773562e+02,-6.999787e+01,7.782087e-01,3.885315e+01
31.99300,4.761035e+02,-6.472173e+01,-2.848389e-01,4.452215e+01
31.99400,4.747307e+02,-5.935763e+01,-1.442227e+00,5.015387e+01
31.99500,4.732330e+02,-5.415474e+01,-2.720073e+00,5.552335e+01
31.99600,4.716283e+02,-4.892501e+01,-4.087287e+00,6.078728e+01
31.99700,4.699611e+02,-4.381801e+01,-5.511183e+00,6.582051e+01
31.99800,4.681913e+02,-3.855910e+01,-7.029013e+00,7.087460e+01
31.99900,4.663935e+02,-3.348821e+01,-8.569493e+00,7.562507e+01
32.00000,4.645378e+02,-2.823797e+01,-1.015941e+01,8.041440e+01
32.00100,4.626347e+02,-2.313361e+01,-1.180205e+01,8.493987e+01
32.00200,4.607201e+02,-1.785954e+01,-1.345493e+01,8.949940e+01
32.00300,4.588163e+02,-1.269207e+01,-1.509882e+01,9.383413e+01
32.00400,4.568881e+02,-7.246480e+00,-1.677916e+01,9.830227e+01
32.00500,4.549676e+02,-1.894871e+00,-1.845887e+01,1.025442e+02
32.00600,4.530535e+02,3.571761e+00,-2.014169e+01,1.067796e+02
32.00700,4.512091e+02,8.894880e+00,-2.176371e+01,1.107483e+02
32.00800,4.493605e+02,1.462615e+01,-2.341183e+01,1.149661e+02
32.00900,4.476352e+02,2.040711e+01,-2.495065e+01,1.191078e+02
32.01000,4.458853e+02,2.612661e+01,-2.652867e+01,1.230627e+02
32.01100,4.442328e+02,3.208327e+01,-2.802988e+01,1.271130e+02
32.01200,4.426365e+02,3.769182e+01,-2.948925e+01,1.307208e+02
32.01300,4.412203e+02,4.380233e+01,-3.079079e+01,1.346807e+02
32.01400,4.401132e+02,5.060576e+01,-3.180146e+01,1.392279e+02
32.01500,4.389127e+02,5.667492e+01,-3.291567e+01,1.429451e+02
32.01600,4.377038e+02,6.268868e+01,-3.405998e+01,1.464590e+02
32.01700,4.366118e+02,6.859473e+01,-3.510647e+01,1.497750e+02
32.01800,4.354307e+02,7.428427e+01,-3.625333e+01,1.527723e+02
32.01900,4.345196e+02,7.973060e+01,-3.714760e+01,1.554461e+02
32.02000,4.336282e+02,8.550647e+01,-3.803411e+01,1.583240e+02
32.02100,4.327830e+02,8.878813e+01,-3.888190e+01,1.588349e+02
32.02200,4.321229e+02,9.488913e+01,-3.956247e+01,1.618212e+02
32.02300,4.314961e+02,9.988580e+01,-4.021825e+01,1.637144e+02
32.02400,4.309291e+02,1.044807e+02,-4.082031e+01,1.651537e+02
32.02500,4.305480e+02,1.095573e+02,-4.125143e+01,1.669514e+02
32.02600,4.301357e+02,1.132285e+02,-4.170541e+01,1.673921e+02
32.02700,4.298184e+02,1.168971e+02,-4.207103e+01,1.677561e+02
32.02800,4.296151e+02,1.208958e+02,-4.232750e+01,1.683589e+02
32.02900,4.294528e+02,1.252769e+02,-4.254155e+01,1.692538e+02
32.03000,4.293959e+02,1.283195e+02,-4.265379e+01,1.688629e+02
32.03100,4.294383e+02,1.310861e+02,-4.266285e+01,1.681630e+02
32.03200,4.296015e+02,1.344780e+02,-4.255835e+01,1.679827e+02
32.03300,4.297886e+02,1.368594e+02,-4.241836e+01,1.668335e+02
32.03400,4.301069e+02,1.393597e+02,-4.215069e+01,1.657553e+02
32.03500,4.305337e+02,1.415823e+02,-4.176938e+01,1.643829e+02
32.03600,4.310435e+02,1.439320e+02,-4.130793e+01,1.631216e+02
32.03700,4.316630e+02,1.456227e+02,-4.073386e+01,1.611853e+02
32.03800,4.324423e+02,1.472558e+02,-4.000524e+01,1.591554e+02
32.03900,4.332950e+02,1.486804e+02,-3.920146e+01,1.569209e+02
32.04000,4.342743e+02,1.502135e+02,-3.827405e+01,1.547751e+02
32.04100,4.353506e+02,1.515763e+02,-3.725393e+01,1.524587e+02
32.04200,4.365291e+02,1.529796e+02,-3.613495e+01,1.501666e+02
32.04300,4.378057e+02,1.543041e+02,-3.491991e+01,1.477993e+02
32.04400,4.391875e+02,1.555696e+02,-3.360880e+01,1.453623e+02
32.04500,4.406383e+02,1.568769e+02,-3.223464e+01,1.429731e+02
32.04600,4.421903e+02,1.581985e+02,-3.076821e+01,1.405996e+02
32.04700,4.438129e+02,1.594264e+02,-2.923715e+01,1.381422e+02
32.04800,4.455254e+02,1.606637e+02,-2.762913e+01,1.357034e+02
32.04900,4.473091e+02,1.618044e+02,-2.595916e+01,1.331889e+02
32.05000,4.491335e+02,1.628980e+02,-2.425647e+01,1.306427e+02
32.05100,4.510743e+02,1.642518e+02,-2.245617e+01,1.283536e+02
32.05200,4.530413e+02,1.654638e+02,-2.063787e+01,1.259629e+02
32.05300,4.550025e+02,1.664413e+02,-1.883393e+01,1.233785e+02
32.05400,4.569863e+02,1.673367e+02,-1.702061e+01,1.207487e+02
32.05500,4.589725e+02,1.680636e+02,-1.521545e+01,1.179979e+02
32.05600,4.609651e+02,1.686706e+02,-1.341113e+01,1.151721e+02
32.05700,4.629457e+02,1.690553e+02,-1.162866e+01,1.121841e+02
32.05800,4.648802e+02,1.693289e+02,-9.900220e+00,1.091401e+02
32.05900,4.667926e+02,1.693590e+02,-8.200033e+00,1.059187e+02
32.06000,4.686183e+02,1.689025e+02,-6.589555e+00,1.023011e+02
32.06100,4.704188e+02,1.683885e+02,-5.008327e+00,9.869087e+01
32.06200,4.721155e+02,1.676823e+02,-3.532594e+00,9.497347e+01
32.06300,4.737553e+02,1.666506e+02,-2.110683e+00,9.102220e+01
32.06400,4.753059e+02,1.651779e+02,-7.762067e-01,8.672433e+01
32.06500,4.767575e+02,1.634722e+02,4.649558e-01,8.228680e+01
32.06600,4.781018e+02,1.614871e+02,1.606752e+00,7.768480e+01
32.06700,4.793655e+02,1.589988e+02,2.679909e+00,7.269240e+01
32.06800,4.804904e+02,1.562798e+02,3.623053e+00,6.756813e+01
32.06900,4.814891e+02,1.532693e+02,4.459763e+00,6.227719e+01
32.07000,4.823599e+02,1.498744e+02,5.180336e+00,5.672395e+01
32.07100,4.831131e+02,1.460439e+02,5.808799e+00,5.085787e+01
32.07200,4.837110e+02,1.420725e+02,6.298601e+00,4.497388e+01
32.07300,4.841723e+02,1.378514e+02,6.674067e+00,3.895991e+01
32.07400,4.844679e+02,1.332581e+02,6.906880e+00,3.270469e+01
32.07500,4.846326e+02,1.284571e+02,7.035253e+00,2.638017e+01
32.07600,4.846227e+02,1.234723e+02,7.014987e+00,1.998799e+01
32.07700,4.844922e+02,1.182558e+02,6.901207e+00,1.349877e+01
32.07800,4.841705e+02,1.129660e+02,6.621233e+00,7.065767e+00
32.07900,4.837396e+02,1.075500e+02,6.259741e+00,6.291387e-01
32.08000,4.831518e+02,1.021513e+02,5.765996e+00,-5.672375e+00
32.08100,4.824213e+02,9.647847e+01,5.157415e+00,-1.209463e+01
32.08200,4.815456e+02,9.070287e+01,4.429575e+00,-1.849589e+01
32.08300,4.805302e+02,8.493380e+01,3.586315e+00,-2.475217e+01
32.08400,4.793873e+02,7.934353e+01,2.628292e+00,-3.072607e+01
32.08500,4.781156e+02,7.362500e+01,1.564171e+00,-3.669347e+01
32.08600,4.766985e+02,6.789133e+01,3.696259e-01,-4.254478e+01
32.08700,4.752031e+02,6.221878e+01,-8.849313e-01,-4.820378e+01
32.08800,4.735879e+02,5.648675e+01,-2.250627e+00,-5.378561e+01
32.08900,4.718959e+02,5.087354e+01,-3.684861e+00,-5.913113e+01
32.09000,4.701557e+02,4.524161e+01,-5.161011e+00,-6.436159e+01
32.09100,4.683401e+02,3.962783e+01,-6.707920e+00,-6.944453e+01
32.09200,4.664881e+02,3.396173e+01,-8.294707e+00,-7.444267e+01
32.09300,4.646256e+02,2.836028e+01,-9.891327e+00,-7.925160e+01
32.09400,4.627179e+02,2.262081e+01,-1.154442e+01,-8.405720e+01
32.09500,4.607642e+02,1.701272e+01,-1.324824e+01,-8.860147e+01
32.09600,4.588744e+02,1.128782e+01,-1.490057e+01,-9.312680e+01
32.09700,4.569981e+02,5.676178e+00,-1.654866e+01,-9.741393e+01
32.09800,4.551279e+02,-2.586452e-01,-1.821459e+01,-1.018814e+02
32.09900,4.532975e+02,-6.072207e+00,-1.985272e+01,-1.060977e+02
32.10000,4.514891e+02,-1.203102e+01,-2.149379e+01,-1.103160e+02
32.10100,4.497653e+02,-1.814908e+01,-2.306919e+01,-1.145563e+02
32.10200,4.480929e+02,-2.387921e+01,-2.460656e+01,-1.183113e+02
32.10300,4.464863e+02,-2.971292e+01,-2.610184e+01,-1.220365e+02
32.10400,4.451305e+02,-3.583746e+01,-2.736809e+01,-1.259415e+02
32.10500,4.440933e+02,-4.331149e+01,-2.834570e+01,-1.310278e+02
32.10600,4.426760e+02,-4.861019e+01,-2.970113e+01,-1.339129e+02
32.10700,4.416227e+02,-5.501555e+01,-3.073423e+01,-1.376897e+02
32.10800,4.404217e+02,-6.097769e+01,-3.192098e+01,-1.409501e+02
32.10900,4.393914e+02,-6.640753e+01,-3.295677e+01,-1.436094e+02
32.11000,4.383903e+02,-7.221287e+01,-3.398189e+01,-1.465069e+02
32.11100,4.375765e+02,-7.791767e+01,-3.483928e+01,-1.492230e+02
32.11200,4.366925e+02,-8.161880e+01,-3.576757e+01,-1.499951e+02
32.11300,4.360843e+02,-8.754613e+01,-3.644494e+01,-1.527122e+02
32.11400,4.354881e+02,-9.263020e+01,-3.711731e+01,-1.545648e+02
32.11500,4.349394e+02,-9.730527e+01,-3.774895e+01,-1.559619e+02
32.11600,4.345423e+02,-1.019007e+02,-3.823708e+01,-1.572034e+02
32.11700,4.342447e+02,-1.061193e+02,-3.863419e+01,-1.580191e+02
32.11800,4.340223e+02,-1.108069e+02,-3.895809e+01,-1.591894e+02
32.11900,4.338441e+02,-1.162269e+02,-3.924481e+01,-1.609669e+02
32.12000,4.337607e+02,-1.193828e+02,-3.943194e+01,-1.606017e+02
32.12100,4.337400e+02,-1.227623e+02,-3.955774e+01,-1.603859e+02
32.12200,4.338949e+02,-1.267721e+02,-3.951088e+01,-1.606852e+02
32.12300,4.340551e+02,-1.297956e+02,-3.944861e+01,-1.600371e+02
32.12400,4.343588e+02,-1.330293e+02,-3.924412e+01,-1.595360e+02
32.12500,4.347519e+02,-1.360263e+02,-3.895529e+01,-1.587831e+02
32.12600,4.352154e+02,-1.387944e+02,-3.858457e+01,-1.577773e+02
32.12700,4.357381e+02,-1.413589e+02,-3.814787e+01,-1.565695e+02
32.12800,4.364693e+02,-1.437477e+02,-3.751121e+01,-1.551269e+02
32.12900,4.372819e+02,-1.457781e+02,-3.679078e+01,-1.533382e+02
32.13000,4.381853e+02,-1.477870e+02,-3.597558e+01,-1.515178e+02
32.13100,4.391735e+02,-1.496939e+02,-3.507313e+01,-1.495936e+02
32.13200,4.402522e+02,-1.514699e+02,-3.407657e+01,-1.475399e+02
32.13300,4.414251e+02,-1.531605e+02,-3.298824e+01,-1.454043e+02
32.13400,4.426626e+02,-1.547550e+02,-3.183431e+01,-1.431853e+02
32.13500,4.439878e+02,-1.562681e+02,-3.059269e+01,-1.408925e+02
32.13600,4.453847e+02,-1.576355e+02,-2.928029e+01,-1.384781e+02
32.13700,4.468327e+02,-1.588063e+02,-2.791572e+01,-1.358955e+02
32.13800,4.484533e+02,-1.603159e+02,-2.638975e+01,-1.336400e+02
32.13900,4.501059e+02,-1.615564e+02,-2.483135e+01,-1.311581e+02
32.14000,4.517776e+02,-1.624911e+02,-2.325425e+01,-1.284122e+02
32.14100,4.534920e+02,-1.633196e+02,-2.163815e+01,-1.256061e+02
32.14200,4.552219e+02,-1.639687e+02,-2.001331e+01,-1.226642e+02
32.14300,4.570027e+02,-1.644472e+02,-1.833788e+01,-1.195982e+02
32.14400,4.587849e+02,-1.647461e+02,-1.666677e+01,-1.164089e+02
32.14500,4.605845e+02,-1.648770e+02,-1.498286e+01,-1.131062e+02
32.14600,4.623790e+02,-1.647323e+02,-1.330678e+01,-1.096009e+02
32.14700,4.641435e+02,-1.643960e+02,-1.166462e+01,-1.059729e+02
32.14800,4.658812e+02,-1.636939e+02,-1.004992e+01,-1.020610e+02
32.14900,4.675798e+02,-1.628609e+02,-8.478653e+00,-9.808840e+01
32.15000,4.692036e+02,-1.618188e+02,-6.983313e+00,-9.399060e+01
32.15100,4.707941e+02,-1.604713e+02,-5.522326e+00,-8.967067e+01
32.15200,4.723101e+02,-1.587597e+02,-4.134825e+00,-8.507680e+01
32.15300,4.737601e+02,-1.567670e+02,-2.811013e+00,-8.030433e+01
32.15400,4.751218e+02,-1.544757e+02,-1.571024e+00,-7.534040e+01
32.15500,4.763846e+02,-1.519595e+02,-4.260250e-01,-7.025120e+01
32.15600,4.775559e+02,-1.490776e+02,6.334324e-01,-6.488708e+01
32.15700,4.786259e+02,-1.459669e+02,1.598563e+00,-5.940796e+01
32.15800,4.795827e+02,-1.425729e+02,2.459025e+00,-5.376337e+01
32.15900,4.804140e+02,-1.388566e+02,3.208237e+00,-4.790275e+01
32.16000,4.811239e+02,-1.348529e+02,3.845495e+00,-4.186739e+01
32.16100,4.816929e+02,-1.306777e+02,4.356499e+00,-3.578493e+01
32.16200,4.821317e+02,-1.263271e+02,4.752417e+00,-2.963069e+01
32.16300,4.824395e+02,-1.216029e+02,5.034605e+00,-2.322518e+01
32.16400,4.825907e+02,-1.169206e+02,5.178299e+00,-1.697670e+01
32.16500,4.825807e+02,-1.120104e+02,5.179674e+00,-1.061561e+01
32.16600,4.824522e+02,-1.068549e+02,5.080509e+00,-4.128075e+00
32.16700,4.821437e+02,-1.017693e+02,4.822414e+00,2.172333e+00
32.16800,4.816830e+02,-9.653487e+01,4.430442e+00,8.508073e+00
32.16900,4.811202e+02,-9.121727e+01,3.962989e+00,1.481119e+01
32.17000,4.804040e+02,-8.594160e+01,3.358533e+00,2.095599e+01
32.17100,4.795485e+02,-8.066580e+01,2.635485e+00,2.698652e+01
32.17200,4.785471e+02,-7.538933e+01,1.789741e+00,3.290154e+01
32.17300,4.774233e+02,-7.013660e+01,8.347320e-01,3.868769e+01
32.17400,4.761724e+02,-6.482076e+01,-2.251531e-01,4.439503e+01
32.17500,4.748089e+02,-5.941333e+01,-1.374161e+00,5.007413e+01
32.17600,4.733200e+02,-5.423629e+01,-2.643313e+00,5.542206e+01
32.17700,4.717144e+02,-4.905528e+01,-4.013474e+00,6.064663e+01
32.17800,4.700543e+02,-4.387865e+01,-5.430449e+00,6.574989e+01
32.17900,4.682883e+02,-3.862303e+01,-6.946253e+00,7.080527e+01
32.18000,4.664925e+02,-3.354419e+01,-8.483133e+00,7.556733e+01
32.18100,4.646433e+02,-2.829683e+01,-1.006773e+01,8.035920e+01
32.18200,4.627393e+02,-2.319811e+01,-1.170930e+01,8.488353e+01
32.18300,4.608193e+02,-1.794665e+01,-1.336703e+01,8.942553e+01
32.18400,4.589201e+02,-1.274051e+01,-1.500737e+01,9.380413e+01
32.18500,4.569923e+02,-7.329800e+00,-1.668671e+01,9.824327e+01
32.18600,4.550641e+02,-1.993019e+00,-1.837405e+01,1.024725e+02
32.18700,4.531618e+02,3.497091e+00,-2.004483e+01,1.067399e+02
32.18800,4.513033e+02,8.777427e+00,-2.167936e+01,1.106703e+02
32.18900,4.494499e+02,1.451788e+01,-2.333105e+01,1.148999e+02
32.19000,4.477158e+02,2.025383e+01,-2.487878e+01,1.190033e+02
32.19100,4.459825e+02,2.604127e+01,-2.644003e+01,1.230316e+02
32.19200,4.443225e+02,3.198674e+01,-2.794831e+01,1.270751e+02
32.19300,4.427399e+02,3.761439e+01,-2.939290e+01,1.307115e+02
32.19400,4.413166e+02,4.374856e+01,-3.070161e+01,1.346907e+02
32.19500,4.401632e+02,5.037179e+01,-3.175477e+01,1.390691e+02
32.19600,4.389981e+02,5.658037e+01,-3.283465e+01,1.429293e+02
32.19700,4.377449e+02,6.240170e+01,-3.402068e+01,1.462715e+02
32.19800,4.366620e+02,6.835900e+01,-3.505838e+01,1.496380e+02
32.19900,4.354537e+02,7.398393e+01,-3.623118e+01,1.525812e+02
32.20000,4.345767e+02,7.956153e+01,-3.709234e+01,1.553779e+02
32.20100,4.336792e+02,8.542340e+01,-3.798400e+01,1.583361e+02
32.20200,4.328507e+02,8.883867e+01,-3.881625e+01,1.589771e+02
32.20300,4.321751e+02,9.483433e+01,-3.951175e+01,1.618657e+02
32.20400,4.315407e+02,9.977653e+01,-4.017401e+01,1.637147e+02
32.20500,4.309618e+02,1.043453e+02,-4.078709e+01,1.651338e+02
32.20600,4.305931e+02,1.094370e+02,-4.120744e+01,1.669492e+02
32.20700,4.301699e+02,1.131766e+02,-4.167086e+01,1.674545e+02
32.20800,4.298460e+02,1.168142e+02,-4.204282e+01,1.677944e+02
32.20900,4.296409e+02,1.208054e+02,-4.230027e+01,1.683925e+02
32.21000,4.294679e+02,1.254999e+02,-4.252435e+01,1.695769e+02
32.21100,4.294152e+02,1.282685e+02,-4.263368e+01,1.689358e+02
32.21200,4.294625e+02,1.311584e+02,-4.263916e+01,1.683511e+02
32.21300,4.296102e+02,1.343861e+02,-4.254919e+01,1.680227e+02
32.21400,4.297959e+02,1.368581e+02,-4.241038e+01,1.669599e+02
32.21500,4.301072e+02,1.393251e+02,-4.214994e+01,1.658522e+02
32.21600,4.305315e+02,1.416099e+02,-4.177194e+01,1.645364e+02
32.21700,4.310344e+02,1.438836e+02,-4.131581e+01,1.632079e+02
32.21800,4.316470e+02,1.456313e+02,-4.074973e+01,1.613275e+02
32.21900,4.324215e+02,1.472380e+02,-4.002485e+01,1.592729e+02
32.22000,4.332714e+02,1.487065e+02,-3.922503e+01,1.570815e+02
32.22100,4.342391e+02,1.501311e+02,-3.830590e+01,1.548355e+02
32.22200,4.353155e+02,1.515096e+02,-3.728528e+01,1.525325e+02
32.22300,4.364891e+02,1.529458e+02,-3.617365e+01,1.502720e+02
32.22400,4.377629e+02,1.542853e+02,-3.496314e+01,1.479200e+02
32.22500,4.391399e+02,1.555567e+02,-3.365509e+01,1.454901e+02
32.22600,4.405859e+02,1.568379e+02,-3.228485e+01,1.430753e+02
32.22700,4.421334e+02,1.581493e+02,-3.082071e+01,1.406927e+02
32.22800,4.437545e+02,1.593859e+02,-2.929331e+01,1.382425e+02
32.22900,4.454641e+02,1.606188e+02,-2.768734e+01,1.358013e+02
32.23000,4.472433e+02,1.617763e+02,-2.602056e+01,1.333007e+02
32.23100,4.490698e+02,1.628861e+02,-2.431686e+01,1.307687e+02
32.23200,4.510057e+02,1.642219e+02,-2.252005e+01,1.284623e+02
32.23300,4.529727e+02,1.654457e+02,-2.070118e+01,1.260829e+02
32.23400,4.549303e+02,1.664096e+02,-1.890036e+01,1.234853e+02
32.23500,4.569109e+02,1.672594e+02,-1.708969e+01,1.208120e+02
32.23600,4.588995e+02,1.679987e+02,-1.528245e+01,1.180707e+02
32.23700,4.608884e+02,1.686200e+02,-1.348121e+01,1.152572e+02
32.23800,4.628729e+02,1.690345e+02,-1.169424e+01,1.122955e+02
32.23900,4.648100e+02,1.692597e+02,-9.961833e+00,1.092061e+02
32.24000,4.667199e+02,1.692723e+02,-8.264440e+00,1.059657e+02
32.24100,4.685501e+02,1.688493e+02,-6.649346e+00,1.023758e+02
32.24200,4.703548e+02,1.683681e+02,-5.063625e+00,9.879600e+01
32.24300,4.720563e+02,1.676713e+02,-3.582906e+00,9.508540e+01
32.24400,4.736980e+02,1.666407e+02,-2.160037e+00,9.113280e+01
32.24500,4.752521e+02,1.651690e+02,-8.211320e-01,8.683240e+01
32.24600,4.767095e+02,1.634814e+02,4.239428e-01,8.240973e+01
32.24700,4.780593e+02,1.614974e+02,1.572096e+00,7.780513e+01
32.24800,4.793169e+02,1.590431e+02,2.637574e+00,7.284053e+01
32.24900,4.804556e+02,1.563054e+02,3.595834e+00,6.769633e+01
32.25000,4.814616e+02,1.534277e+02,4.434609e+00,6.252476e+01
32.25100,4.823389e+02,1.498968e+02,5.165267e+00,5.684156e+01
32.25200,4.830957e+02,1.460992e+02,5.795649e+00,5.100267e+01
32.25300,4.837019e+02,1.421534e+02,6.291461e+00,4.514058e+01
32.25400,4.841699e+02,1.377872e+02,6.674973e+00,3.898813e+01
32.25500,4.844740e+02,1.333338e+02,6.912613e+00,3.285739e+01
32.25600,4.846374e+02,1.285907e+02,7.040280e+00,2.658181e+01
32.25700,4.846398e+02,1.235614e+02,7.030727e+00,2.014369e+01
32.25800,4.845172e+02,1.183092e+02,6.923373e+00,1.361843e+01
32.25900,4.842021e+02,1.130633e+02,6.648589e+00,7.221007e+00
32.26000,4.837793e+02,1.076277e+02,6.293357e+00,7.625767e-01
32.26100,4.831971e+02,1.022653e+02,5.804279e+00,-5.510277e+00
32.26200,4.824743e+02,9.657240e+01,5.202751e+00,-1.195575e+01
32.26300,4.816037e+02,9.076960e+01,4.479882e+00,-1.838530e+01
32.26400,4.805958e+02,8.499360e+01,3.643115e+00,-2.465313e+01
32.26500,4.794589e+02,7.940573e+01,2.690552e+00,-3.063204e+01
32.26600,4.781998e+02,7.367613e+01,1.637411e+00,-3.661238e+01
32.26700,4.767841e+02,6.793727e+01,4.452233e-01,-4.247258e+01
32.26800,4.752848e+02,6.232247e+01,-8.155307e-01,-4.808161e+01
32.26900,4.736943e+02,5.660658e+01,-2.155159e+00,-5.365567e+01
32.27000,4.719946e+02,5.092085e+01,-3.598295e+00,-5.907295e+01
32.27100,4.702585e+02,4.528151e+01,-5.071852e+00,-6.431731e+01
32.27200,4.684444e+02,3.967242e+01,-6.616943e+00,-6.939987e+01
32.27300,4.665915e+02,3.402526e+01,-8.204927e+00,-7.438487e+01
32.27400,4.647190e+02,2.840940e+01,-9.811460e+00,-7.920853e+01
32.27500,4.628284e+02,2.264035e+01,-1.144605e+01,-8.404993e+01
32.27600,4.608701e+02,1.708120e+01,-1.315367e+01,-8.855333e+01
32.27700,4.589777e+02,1.138635e+01,-1.480932e+01,-9.305513e+01
32.27800,4.571157e+02,5.662939e+00,-1.644256e+01,-9.745547e+01
32.27900,4.552253e+02,-1.655056e-01,-1.812751e+01,-1.018223e+02
32.28000,4.534017e+02,-6.003669e+00,-1.975823e+01,-1.060709e+02
32.28100,4.515980e+02,-1.196048e+01,-2.139381e+01,-1.102956e+02
32.28200,4.498570e+02,-1.811683e+01,-2.298644e+01,-1.145677e+02
32.28300,4.481977e+02,-2.381081e+01,-2.450975e+01,-1.183011e+02
32.28400,4.465753e+02,-2.962872e+01,-2.601877e+01,-1.220111e+02
32.28500,4.451969e+02,-3.568106e+01,-2.730603e+01,-1.258505e+02
32.28600,4.441717e+02,-4.319967e+01,-2.827103e+01,-1.309890e+02
32.28700,4.427358e+02,-4.840785e+01,-2.964351e+01,-1.337956e+02
32.28800,4.416873e+02,-5.494881e+01,-3.067151e+01,-1.376984e+02
32.28900,4.404922e+02,-6.081005e+01,-3.185087e+01,-1.408740e+02
32.29000,4.394585e+02,-6.648369e+01,-3.289197e+01,-1.437591e+02
32.29100,4.384603e+02,-7.211380e+01,-3.391293e+01,-1.465015e+02
32.29200,4.376280e+02,-7.786713e+01,-3.478771e+01,-1.492644e+02
32.29300,4.367159e+02,-8.136020e+01,-3.574251e+01,-1.498529e+02
32.29400,4.361391e+02,-8.745940e+01,-3.639095e+01,-1.527309e+02
32.29500,4.355332e+02,-9.253693e+01,-3.707101e+01,-1.545817e+02
32.29600,4.349724e+02,-9.716600e+01,-3.771391e+01,-1.559397e+02
32.29700,4.345805e+02,-1.018677e+02,-3.819782e+01,-1.572791e+02
32.29800,4.342806e+02,-1.061742e+02,-3.859669e+01,-1.581791e+02
32.29900,4.340579e+02,-1.102907e+02,-3.892004e+01,-1.588289e+02
32.30000,4.338661e+02,-1.158664e+02,-3.921813e+01,-1.607542e+02
32.30100,4.337737e+02,-1.192729e+02,-3.941572e+01,-1.606201e+02
32.30200,4.337563e+02,-1.227376e+02,-3.953861e+01,-1.604848e+02
32.30300,4.338993e+02,-1.266822e+02,-3.950308e+01,-1.607268e+02
32.30400,4.340596e+02,-1.297389e+02,-3.944073e+01,-1.601107e+02
32.30500,4.343593e+02,-1.329591e+02,-3.924141e+01,-1.595985e+02
32.30600,4.347467e+02,-1.359443e+02,-3.895803e+01,-1.588389e+02
32.30700,4.352063e+02,-1.387115e+02,-3.859173e+01,-1.578309e+02
32.30800,4.357312e+02,-1.413643e+02,-3.815475e+01,-1.567080e+02
32.30900,4.364481e+02,-1.437192e+02,-3.753073e+01,-1.552375e+02
32.31000,4.372577e+02,-1.457429e+02,-3.681243e+01,-1.534428e+02
32.31100,4.381550e+02,-1.477486e+02,-3.600379e+01,-1.516211e+02
32.31200,4.391395e+02,-1.496358e+02,-3.510421e+01,-1.496754e+02
32.31300,4.402147e+02,-1.514063e+02,-3.411175e+01,-1.476184e+02
32.31400,4.413859e+02,-1.531346e+02,-3.302555e+01,-1.455201e+02
32.31500,4.426195e+02,-1.547195e+02,-3.187607e+01,-1.432912e+02
32.31600,4.439423e+02,-1.562434e+02,-3.063680e+01,-1.410077e+02
32.31700,4.453330e+02,-1.576013e+02,-2.933017e+01,-1.385830e+02
32.31800,4.467878e+02,-1.588363e+02,-2.795933e+01,-1.360614e+02
32.31900,4.483972e+02,-1.603054e+02,-2.644367e+01,-1.337685e+02
32.32000,4.500509e+02,-1.615424e+02,-2.488535e+01,-1.312818e+02
32.32100,4.517149e+02,-1.624317e+02,-2.331505e+01,-1.284949e+02
32.32200,4.534274e+02,-1.632907e+02,-2.170003e+01,-1.257136e+02
32.32300,4.551545e+02,-1.639373e+02,-2.007791e+01,-1.227690e+02
32.32400,4.569405e+02,-1.644043e+02,-1.839627e+01,-1.196926e+02
32.32500,4.587181e+02,-1.647286e+02,-1.673063e+01,-1.165241e+02
32.32600,4.605185e+02,-1.648987e+02,-1.504533e+01,-1.132577e+02
32.32700,4.623150e+02,-1.647364e+02,-1.336709e+01,-1.097357e+02
32.32800,4.640779e+02,-1.643982e+02,-1.172665e+01,-1.061020e+02
32.32900,4.658211e+02,-1.637385e+02,-1.010704e+01,-1.022268e+02
32.33000,4.675189e+02,-1.628752e+02,-8.535687e+00,-9.822453e+01
32.33100,4.691461e+02,-1.618341e+02,-7.037467e+00,-9.412507e+01
32.33200,4.707391e+02,-1.604725e+02,-5.573295e+00,-8.978760e+01
32.33300,4.722569e+02,-1.587685e+02,-4.184161e+00,-8.520020e+01
32.33400,4.737111e+02,-1.568124e+02,-2.856568e+00,-8.046000e+01
32.33500,4.750758e+02,-1.545371e+02,-1.613390e+00,-7.550740e+01
32.33600,4.763460e+02,-1.520171e+02,-4.615183e-01,-7.041053e+01
32.33700,4.775189e+02,-1.491349e+02,5.994747e-01,-6.504369e+01
32.33800,4.785937e+02,-1.460505e+02,1.568936e+00,-5.958788e+01
32.33900,4.795541e+02,-1.426595e+02,2.433786e+00,-5.394221e+01
32.34000,4.803953e+02,-1.389111e+02,3.191933e+00,-4.804671e+01
32.34100,4.811090e+02,-1.349467e+02,3.831913e+00,-4.204557e+01
32.34200,4.816834e+02,-1.308063e+02,4.347500e+00,-3.599201e+01
32.34300,4.821288e+02,-1.264008e+02,4.749147e+00,-2.978155e+01
32.34400,4.824415e+02,-1.217147e+02,5.035687e+00,-2.340885e+01
32.34500,4.826005e+02,-1.170383e+02,5.185898e+00,-1.716197e+01
32.34600,4.825979e+02,-1.121079e+02,5.194800e+00,-1.077849e+01
32.34700,4.824755e+02,-1.070006e+02,5.099683e+00,-4.330416e+00
32.34800,4.821717e+02,-1.018837e+02,4.846357e+00,2.000753e+00
32.34900,4.817175e+02,-9.663880e+01,4.461142e+00,8.350807e+00
32.35000,4.811629e+02,-9.132160e+01,3.999502e+00,1.465875e+01
32.35100,4.804507e+02,-8.606187e+01,3.398545e+00,2.079075e+01
32.35200,4.796037e+02,-8.076647e+01,2.682915e+00,2.684665e+01
32.35300,4.786135e+02,-7.547387e+01,1.847781e+00,3.278019e+01
32.35400,4.774905e+02,-7.030413e+01,8.909227e-01,3.849555e+01
32.35500,4.762437e+02,-6.490243e+01,-1.633189e-01,4.428411e+01
32.35600,4.748909e+02,-5.946071e+01,-1.302797e+00,5.000037e+01
32.35700,4.733993e+02,-5.431307e+01,-2.573933e+00,5.532445e+01
32.35800,4.718007e+02,-4.916937e+01,-3.939375e+00,6.052019e+01
32.35900,4.701489e+02,-4.392915e+01,-5.346655e+00,6.568871e+01
32.36000,4.683833e+02,-3.867216e+01,-6.863093e+00,7.074913e+01
32.36100,4.665908e+02,-3.360457e+01,-8.397100e+00,7.550533e+01
32.36200,4.647436e+02,-2.840809e+01,-9.981500e+00,8.025360e+01
32.36300,4.628457e+02,-2.325515e+01,-1.161639e+01,8.483687e+01
32.36400,4.609266e+02,-1.803135e+01,-1.327420e+01,8.935660e+01
32.36500,4.590139e+02,-1.278111e+01,-1.492599e+01,9.377760e+01
32.36600,4.570939e+02,-7.418700e+00,-1.659709e+01,9.817800e+01
32.36700,4.551575e+02,-2.045849e+00,-1.829183e+01,1.024438e+02
32.36800,4.532584e+02,3.382509e+00,-1.995928e+01,1.066571e+02
32.36900,4.513958e+02,8.700260e+00,-2.159694e+01,1.106293e+02
32.37000,4.495363e+02,1.439590e+01,-2.325369e+01,1.148192e+02
32.37100,4.477943e+02,2.009833e+01,-2.480867e+01,1.188951e+02
32.37200,4.460830e+02,2.596131e+01,-2.634813e+01,1.230062e+02
32.37300,4.444240e+02,3.190421e+01,-2.785585e+01,1.270544e+02
32.37400,4.428337e+02,3.749835e+01,-2.930563e+01,1.306623e+02
32.37500,4.414051e+02,4.364867e+01,-3.061986e+01,1.346586e+02
32.37600,4.402240e+02,5.017603e+01,-3.169838e+01,1.389481e+02
32.37700,4.390849e+02,5.651993e+01,-3.275383e+01,1.429463e+02
32.37800,4.377921e+02,6.212561e+01,-3.397563e+01,1.460945e+02
32.37900,4.367232e+02,6.822567e+01,-3.499987e+01,1.495929e+02
32.38000,4.355110e+02,7.385040e+01,-3.617666e+01,1.525410e+02
32.38100,4.346421e+02,7.944727e+01,-3.702935e+01,1.553591e+02
32.38200,4.337335e+02,8.535747e+01,-3.793066e+01,1.583639e+02
32.38300,4.329065e+02,8.903767e+01,-3.876221e+01,1.592515e+02
32.38400,4.322306e+02,9.478640e+01,-3.945749e+01,1.619171e+02
32.38500,4.315846e+02,9.968680e+01,-4.013032e+01,1.637323e+02
32.38600,4.310117e+02,1.042781e+02,-4.073746e+01,1.651749e+02
32.38700,4.306277e+02,1.092831e+02,-4.117254e+01,1.669149e+02
32.38800,4.301941e+02,1.130747e+02,-4.164511e+01,1.674717e+02
32.38900,4.298739e+02,1.167477e+02,-4.201404e+01,1.678462e+02
32.39000,4.296659e+02,1.208701e+02,-4.227439e+01,1.685670e+02
32.39100,4.294929e+02,1.253197e+02,-4.249855e+01,1.695311e+02
32.39200,4.294441e+02,1.282835e+02,-4.260436e+01,1.690673e+02
32.39300,4.294846e+02,1.311956e+02,-4.261734e+01,1.685085e+02
32.39400,4.296170e+02,1.343201e+02,-4.254058e+01,1.680865e+02
32.39500,4.297947e+02,1.367857e+02,-4.240978e+01,1.670174e+02
32.39600,4.301088e+02,1.392945e+02,-4.214757e+01,1.659531e+02
32.39700,4.305302e+02,1.416483e+02,-4.177299e+01,1.647011e+02
32.39800,4.310275e+02,1.438608e+02,-4.132269e+01,1.633184e+02
32.39900,4.316318e+02,1.456068e+02,-4.076269e+01,1.614364e+02
32.40000,4.324006e+02,1.472402e+02,-4.004515e+01,1.594106e+02
32.40100,4.332435e+02,1.486835e+02,-3.925199e+01,1.571972e+02
32.40200,4.342120e+02,1.501241e+02,-3.833503e+01,1.549647e+02
32.40300,4.352847e+02,1.515044e+02,-3.731690e+01,1.526617e+02
32.40400,4.364513e+02,1.528940e+02,-3.621012e+01,1.503569e+02
32.40500,4.377199e+02,1.542669e+02,-3.500419e+01,1.480400e+02
32.40600,4.390925e+02,1.555528e+02,-3.370045e+01,1.456281e+02
32.40700,4.405348e+02,1.568198e+02,-3.233519e+01,1.431975e+02
32.40800,4.420789e+02,1.581046e+02,-3.087320e+01,1.407889e+02
32.40900,4.436980e+02,1.593560e+02,-2.934799e+01,1.383547e+02
32.41000,4.454074e+02,1.605498e+02,-2.774097e+01,1.358757e+02
32.41100,4.471784e+02,1.617298e+02,-2.608230e+01,1.333941e+02
32.41200,4.490063e+02,1.628786e+02,-2.437595e+01,1.309006e+02
32.41300,4.509341e+02,1.641725e+02,-2.258730e+01,1.285534e+02
32.41400,4.529093e+02,1.654575e+02,-2.076029e+01,1.262287e+02
32.41500,4.548581e+02,1.663785e+02,-1.896770e+01,1.235915e+02
32.41600,4.568383e+02,1.672152e+02,-1.715647e+01,1.209054e+02
32.41700,4.588262e+02,1.679517e+02,-1.534909e+01,1.181605e+02
32.41800,4.608136e+02,1.685955e+02,-1.354875e+01,1.153672e+02
32.41900,4.627993e+02,1.689847e+02,-1.176013e+01,1.123818e+02
32.42000,4.647407e+02,1.692206e+02,-1.002400e+01,1.092988e+02
32.42100,4.666515e+02,1.691993e+02,-8.324713e+00,1.060237e+02
32.42200,4.684739e+02,1.688700e+02,-6.718560e+00,1.025197e+02
32.42300,4.702941e+02,1.683513e+02,-5.117343e+00,9.890467e+01
32.42400,4.719963e+02,1.676700e+02,-3.636099e+00,9.520560e+01
32.42500,4.736419e+02,1.666395e+02,-2.209595e+00,9.124913e+01
32.42600,4.751989e+02,1.651667e+02,-8.658293e-01,8.694587e+01
32.42700,4.766619e+02,1.635095e+02,3.836301e-01,8.255007e+01
32.42800,4.780157e+02,1.615240e+02,1.535723e+00,7.794133e+01
32.42900,4.792716e+02,1.590888e+02,2.597391e+00,7.298913e+01
32.43000,4.804244e+02,1.563354e+02,3.570639e+00,6.782820e+01
32.43100,4.814313e+02,1.534868e+02,4.410616e+00,6.268077e+01
32.43200,4.823153e+02,1.499456e+02,5.147852e+00,5.698258e+01
32.43300,4.830765e+02,1.461781e+02,5.779254e+00,5.117045e+01
32.43400,4.836920e+02,1.422355e+02,6.284724e+00,4.530686e+01
32.43500,4.841677e+02,1.378629e+02,6.673647e+00,3.914385e+01
32.43600,4.844779e+02,1.334031e+02,6.917827e+00,3.300406e+01
32.43700,4.846487e+02,1.286731e+02,7.050613e+00,2.673655e+01
32.43800,4.846587e+02,1.236269e+02,7.048127e+00,2.027918e+01
32.43900,4.845431e+02,1.184757e+02,6.944693e+00,1.384143e+01
32.44000,4.842343e+02,1.131234e+02,6.677020e+00,7.340640e+00
32.44100,4.838169e+02,1.077174e+02,6.326363e+00,9.055747e-01
32.44200,4.832428e+02,1.023548e+02,5.843271e+00,-5.372116e+00
32.44300,4.825317e+02,9.652727e+01,5.255351e+00,-1.194605e+01
32.44400,4.816628e+02,9.084853e+01,4.530310e+00,-1.826384e+01
32.44500,4.806583e+02,8.508860e+01,3.696949e+00,-2.452103e+01
32.44600,4.795304e+02,7.946593e+01,2.752780e+00,-3.053681e+01
32.44700,4.782801e+02,7.373113e+01,1.706771e+00,-3.652806e+01
32.44800,4.768662e+02,6.800460e+01,5.163101e-01,-4.238121e+01
32.44900,4.753709e+02,6.237897e+01,-7.409320e-01,-4.800587e+01
32.45000,4.737851e+02,5.671315e+01,-2.077540e+00,-5.353955e+01
32.45100,4.720917e+02,5.097205e+01,-3.514624e+00,-5.901071e+01
32.45200,4.703590e+02,4.533464e+01,-4.984435e+00,-6.425793e+01
32.45300,4.685490e+02,3.971669e+01,-6.525694e+00,-6.935533e+01
32.45400,4.666981e+02,3.406935e+01,-8.110800e+00,-7.434560e+01
32.45500,4.648233e+02,2.845459e+01,-9.720713e+00,-7.917320e+01
32.45600,4.629363e+02,2.269267e+01,-1.135041e+01,-8.401273e+01
32.45700,4.609781e+02,1.715328e+01,-1.305876e+01,-8.850140e+01
32.45800,4.590865e+02,1.142668e+01,-1.471209e+01,-9.303753e+01
32.45900,4.572253e+02,5.642309e+00,-1.634570e+01,-9.750327e+01
32.46000,4.553301e+02,-7.951113e-02,-1.803381e+01,-1.017739e+02
32.46100,4.535029e+02,-5.934673e+00,-1.966595e+01,-1.060422e+02
32.46200,4.517043e+02,-1.184632e+01,-2.129505e+01,-1.102313e+02
32.46300,4.499521e+02,-1.797258e+01,-2.289818e+01,-1.144780e+02
32.46400,4.483116e+02,-2.379019e+01,-2.440382e+01,-1.183376e+02
32.46500,4.466905e+02,-2.959110e+01,-2.591207e+01,-1.220371e+02
32.46600,4.452752e+02,-3.554749e+01,-2.723261e+01,-1.257851e+02
32.46700,4.442490e+02,-4.309313e+01,-2.819674e+01,-1.309523e+02
32.46800,4.428157e+02,-4.821638e+01,-2.956609e+01,-1.336915e+02
32.46900,4.417602e+02,-5.484823e+01,-3.060244e+01,-1.376769e+02
32.47000,4.405693e+02,-6.064539e+01,-3.177471e+01,-1.408010e+02
32.47100,4.395680e+02,-6.679087e+01,-3.278697e+01,-1.441193e+02
32.47200,4.385328e+02,-7.203213e+01,-3.384275e+01,-1.465119e+02
32.47300,4.376787e+02,-7.776607e+01,-3.473700e+01,-1.492587e+02
32.47400,4.367537e+02,-8.110900e+01,-3.570343e+01,-1.497166e+02
32.47500,4.361921e+02,-8.735733e+01,-3.633774e+01,-1.527335e+02
32.47600,4.355747e+02,-9.240840e+01,-3.702713e+01,-1.545657e+02
32.47700,4.350335e+02,-9.715160e+01,-3.765253e+01,-1.560293e+02
32.47800,4.346357e+02,-1.019143e+02,-3.814215e+01,-1.574259e+02
32.47900,4.343262e+02,-1.062873e+02,-3.855057e+01,-1.583904e+02
32.48000,4.340752e+02,-1.096739e+02,-3.889901e+01,-1.583768e+02
32.48100,4.338923e+02,-1.153866e+02,-3.918825e+01,-1.604317e+02
32.48200,4.337927e+02,-1.191778e+02,-3.939426e+01,-1.606532e+02
32.48300,4.337913e+02,-1.228175e+02,-3.950271e+01,-1.606782e+02
32.48400,4.339126e+02,-1.266348e+02,-3.948723e+01,-1.608069e+02
32.48500,4.340755e+02,-1.297579e+02,-3.942237e+01,-1.602519e+02
32.48600,4.343577e+02,-1.328749e+02,-3.924061e+01,-1.596485e+02
32.48700,4.347432e+02,-1.358849e+02,-3.895914e+01,-1.589146e+02
32.48800,4.351949e+02,-1.386107e+02,-3.859929e+01,-1.578683e+02
32.48900,4.357185e+02,-1.413441e+02,-3.816695e+01,-1.568239e+02
32.49000,4.364264e+02,-1.436614e+02,-3.755065e+01,-1.553207e+02
32.49100,4.372341e+02,-1.456828e+02,-3.683391e+01,-1.535221e+02
32.49200,4.381265e+02,-1.476883e+02,-3.603001e+01,-1.517010e+02
32.49300,4.391074e+02,-1.495883e+02,-3.513473e+01,-1.497689e+02
32.49400,4.401783e+02,-1.513253e+02,-3.414681e+01,-1.476792e+02
32.49500,4.413467e+02,-1.530939e+02,-3.306301e+01,-1.456216e+02
32.49600,4.425761e+02,-1.547051e+02,-3.191747e+01,-1.434175e+02
32.49700,4.438937e+02,-1.562193e+02,-3.068337e+01,-1.411232e+02
32.49800,4.452826e+02,-1.575759e+02,-2.937847e+01,-1.386979e+02
32.49900,4.467368e+02,-1.588106e+02,-2.800827e+01,-1.361766e+02
32.50000,4.483418e+02,-1.602603e+02,-2.649716e+01,-1.338635e+02
32.50100,4.499938e+02,-1.615442e+02,-2.493971e+01,-1.314211e+02
32.50200,4.516540e+02,-1.624021e+02,-2.337394e+01,-1.286047e+02
32.50300,4.533623e+02,-1.632439e+02,-2.176233e+01,-1.258048e+02
32.50400,4.550881e+02,-1.639025e+02,-2.014085e+01,-1.228711e+02
32.50500,4.568767e+02,-1.643738e+02,-1.845746e+01,-1.197987e+02
32.50600,4.586525e+02,-1.647098e+02,-1.679330e+01,-1.166378e+02
32.50700,4.604543e+02,-1.648609e+02,-1.510641e+01,-1.133533e+02
32.50800,4.622503e+02,-1.647180e+02,-1.342819e+01,-1.098477e+02
32.50900,4.640131e+02,-1.643968e+02,-1.178789e+01,-1.062269e+02
32.51000,4.657619e+02,-1.637874e+02,-1.016308e+01,-1.023961e+02
32.51100,4.674584e+02,-1.628691e+02,-8.592007e+00,-9.834240e+01
32.51200,4.690880e+02,-1.618540e+02,-7.091820e+00,-9.426447e+01
32.51300,4.706801e+02,-1.604823e+02,-5.628333e+00,-8.991293e+01
32.51400,4.722036e+02,-1.587906e+02,-4.233801e+00,-8.533520e+01
32.51500,4.736615e+02,-1.568661e+02,-2.902364e+00,-8.062407e+01
32.51600,4.750297e+02,-1.545889e+02,-1.656181e+00,-7.566520e+01
32.51700,4.763065e+02,-1.520601e+02,-4.977787e-01,-7.055540e+01
32.51800,4.774823e+02,-1.491996e+02,5.657539e-01,-6.520675e+01
32.51900,4.785612e+02,-1.461255e+02,1.539052e+00,-5.975826e+01
32.52000,4.795258e+02,-1.427952e+02,2.407255e+00,-5.416690e+01
32.52100,4.803723e+02,-1.390023e+02,3.170421e+00,-4.822515e+01
32.52200,4.810937e+02,-1.350229e+02,3.818153e+00,-4.220795e+01
32.52300,4.816750e+02,-1.309523e+02,4.338637e+00,-3.621481e+01
32.52400,4.821243e+02,-1.264675e+02,4.745529e+00,-2.992714e+01
32.52500,4.824443e+02,-1.218022e+02,5.038593e+00,-2.356988e+01
32.52600,4.826067e+02,-1.171665e+02,5.192171e+00,-1.735769e+01
32.52700,4.826167e+02,-1.121917e+02,5.210568e+00,-1.092745e+01
32.52800,4.824969e+02,-1.071339e+02,5.117865e+00,-4.523212e+00
32.52900,4.821991e+02,-1.019983e+02,4.869552e+00,1.829860e+00
32.53000,4.817533e+02,-9.673620e+01,4.494127e+00,8.199033e+00
32.53100,4.812027e+02,-9.141113e+01,4.034941e+00,1.452037e+01
32.53200,4.804984e+02,-8.617333e+01,3.439341e+00,2.063397e+01
32.53300,4.796605e+02,-8.085473e+01,2.732177e+00,2.671832e+01
32.53400,4.786779e+02,-7.555360e+01,1.903305e+00,3.266508e+01
32.53500,4.775586e+02,-7.038980e+01,9.495640e-01,3.837631e+01
32.53600,4.763162e+02,-6.498732e+01,-1.008981e-01,4.417082e+01
32.53700,4.749749e+02,-5.951419e+01,-1.230057e+00,4.992093e+01
32.53800,4.734787e+02,-5.438070e+01,-2.504420e+00,5.523454e+01
32.53900,4.718903e+02,-4.922502e+01,-3.862558e+00,6.044764e+01
32.54000,4.702449e+02,-4.397775e+01,-5.263897e+00,6.563044e+01
32.54100,4.684777e+02,-3.872988e+01,-6.780667e+00,7.068367e+01
32.54200,4.666884e+02,-3.365649e+01,-8.311367e+00,7.545093e+01
32.54300,4.648437e+02,-2.847773e+01,-9.893487e+00,8.018807e+01
32.54400,4.629487e+02,-2.331978e+01,-1.152601e+01,8.478007e+01
32.54500,4.610267e+02,-1.812242e+01,-1.318725e+01,8.927740e+01
32.54600,4.591133e+02,-1.283798e+01,-1.483835e+01,9.373440e+01
32.54700,4.571921e+02,-7.521067e+00,-1.651054e+01,9.809780e+01
32.54800,4.552601e+02,-2.080568e+00,-1.820119e+01,1.024343e+02
32.54900,4.533601e+02,3.287756e+00,-1.986810e+01,1.065946e+02
32.55000,4.514819e+02,8.668667e+00,-2.152175e+01,1.106273e+02
32.55100,4.496278e+02,1.428650e+01,-2.317186e+01,1.147514e+02
32.55200,4.478892e+02,2.001563e+01,-2.472275e+01,1.188579e+02
32.55300,4.461733e+02,2.585559e+01,-2.626612e+01,1.229530e+02
32.55400,4.445164e+02,3.181063e+01,-2.777159e+01,1.270185e+02
32.55500,4.429225e+02,3.740182e+01,-2.922353e+01,1.306279e+02
32.55600,4.414934e+02,4.350929e+01,-3.053806e+01,1.345941e+02
32.55700,4.402815e+02,5.000469e+01,-3.164515e+01,1.388467e+02
32.55800,4.391616e+02,5.646616e+01,-3.268245e+01,1.429633e+02
32.55900,4.378330e+02,6.187673e+01,-3.393621e+01,1.459385e+02
32.56000,4.367909e+02,6.811407e+01,-3.493525e+01,1.495671e+02
32.56100,4.355277e+02,7.351427e+01,-3.615906e+01,1.523154e+02
32.56200,4.347100e+02,7.933160e+01,-3.696343e+01,1.553379e+02
32.56300,4.337949e+02,8.525887e+01,-3.787079e+01,1.583627e+02
32.56400,4.329673e+02,8.917833e+01,-3.870357e+01,1.594717e+02
32.56500,4.322869e+02,9.467780e+01,-3.940241e+01,1.619135e+02
32.56600,4.316289e+02,9.954413e+01,-4.008627e+01,1.637022e+02
32.56700,4.310557e+02,1.041998e+02,-4.069339e+01,1.652063e+02
32.56800,4.306283e+02,1.090191e+02,-4.116824e+01,1.667800e+02
32.56900,4.302331e+02,1.130153e+02,-4.160650e+01,1.675266e+02
32.57000,4.299050e+02,1.167203e+02,-4.198181e+01,1.679331e+02
32.57100,4.296986e+02,1.206753e+02,-4.224113e+01,1.685024e+02
32.57200,4.295264e+02,1.248206e+02,-4.246543e+01,1.691912e+02
32.57300,4.294509e+02,1.281363e+02,-4.259550e+01,1.690539e+02
32.57400,4.295041e+02,1.312026e+02,-4.259816e+01,1.686358e+02
32.57500,4.296261e+02,1.342629e+02,-4.253058e+01,1.681591e+02
32.57600,4.297969e+02,1.367253e+02,-4.240658e+01,1.670885e+02
32.57700,4.301083e+02,1.392475e+02,-4.214631e+01,1.660370e+02
32.57800,4.305238e+02,1.415514e+02,-4.177801e+01,1.647419e+02
32.57900,4.310209e+02,1.438211e+02,-4.132889e+01,1.634117e+02
32.58000,4.316159e+02,1.455841e+02,-4.077808e+01,1.615473e+02
32.58100,4.323803e+02,1.472191e+02,-4.006461e+01,1.595247e+02
32.58200,4.332185e+02,1.486752e+02,-3.927546e+01,1.573249e+02
32.58300,4.341815e+02,1.501186e+02,-3.836340e+01,1.550959e+02
32.58400,4.352474e+02,1.514805e+02,-3.735153e+01,1.527752e+02
32.58500,4.364129e+02,1.528593e+02,-3.624709e+01,1.504613e+02
32.58600,4.376787e+02,1.542650e+02,-3.504315e+01,1.481749e+02
32.58700,4.390469e+02,1.555513e+02,-3.374547e+01,1.457661e+02
32.58800,4.404837e+02,1.568012e+02,-3.238390e+01,1.433190e+02
32.58900,4.420261e+02,1.580945e+02,-3.092493e+01,1.409182e+02
32.59000,4.436400e+02,1.593304e+02,-2.940241e+01,1.384691e+02
32.59100,4.453446e+02,1.605104e+02,-2.779989e+01,1.359775e+02
32.59200,4.471138e+02,1.617040e+02,-2.614302e+01,1.335061e+02
32.59300,4.489418e+02,1.628541e+02,-2.443659e+01,1.310161e+02
32.59400,4.508568e+02,1.640891e+02,-2.265991e+01,1.286131e+02
32.59500,4.528649e+02,1.655933e+02,-2.080229e+01,1.264881e+02
32.59600,4.547846e+02,1.663141e+02,-1.903517e+01,1.236673e+02
32.59700,4.567653e+02,1.671806e+02,-1.722307e+01,1.210085e+02
32.59800,4.587529e+02,1.679168e+02,-1.541565e+01,1.182620e+02
32.59900,4.607416e+02,1.685576e+02,-1.361445e+01,1.154633e+02
32.60000,4.627246e+02,1.689476e+02,-1.182807e+01,1.124782e+02
32.60100,4.646693e+02,1.691889e+02,-1.008757e+01,1.093979e+02
32.60200,4.665799e+02,1.691746e+02,-8.388427e+00,1.061277e+02
32.60300,4.684084e+02,1.688371e+02,-6.775920e+00,1.026134e+02
32.60400,4.702313e+02,1.683359e+02,-5.171682e+00,9.901587e+01
32.60500,4.719223e+02,1.675621e+02,-3.700724e+00,9.522800e+01
32.60600,4.735855e+02,1.666128e+02,-2.256431e+00,9.134267e+01
32.60700,4.751463e+02,1.651695e+02,-9.114100e-01,8.706427e+01
32.60800,4.766127e+02,1.635235e+02,3.425809e-01,8.267847e+01
32.60900,4.779729e+02,1.615399e+02,1.499899e+00,7.806713e+01
32.61000,4.792316e+02,1.591297e+02,2.562333e+00,7.313393e+01
32.61100,4.803955e+02,1.563359e+02,3.548112e+00,6.793280e+01
32.61200,4.814034e+02,1.535033e+02,4.387965e+00,6.279819e+01
32.61300,4.822940e+02,1.499522e+02,5.132325e+00,5.708512e+01
32.61400,4.830528e+02,1.462274e+02,5.758873e+00,5.130905e+01
32.61500,4.836836e+02,1.422990e+02,6.278601e+00,4.545681e+01
32.61600,4.841637e+02,1.379683e+02,6.671160e+00,3.932643e+01
32.61700,4.844818e+02,1.334927e+02,6.922100e+00,3.316885e+01
32.61800,4.846593e+02,1.287523e+02,7.060947e+00,2.688761e+01
32.61900,4.846734e+02,1.237108e+02,7.062033e+00,2.042990e+01
32.62000,4.845687e+02,1.185471e+02,6.966827e+00,1.397679e+01
32.62100,4.842656e+02,1.131803e+02,6.705820e+00,7.457107e+00
32.62200,4.838565e+02,1.077901e+02,6.360543e+00,1.033659e+00
32.62300,4.832915e+02,1.023552e+02,5.886623e+00,-5.314355e+00
32.62400,4.825861e+02,9.658600e+01,5.302414e+00,-1.184103e+01
32.62500,4.817195e+02,9.095967e+01,4.579428e+00,-1.811355e+01
32.62600,4.807216e+02,8.519287e+01,3.751525e+00,-2.438069e+01
32.62700,4.796034e+02,7.952547e+01,2.815223e+00,-3.044265e+01
32.62800,4.783597e+02,7.379340e+01,1.775637e+00,-3.643851e+01
32.62900,4.769503e+02,6.807013e+01,5.876773e-01,-4.228901e+01
32.63000,4.754562e+02,6.245135e+01,-6.678367e-01,-4.791235e+01
32.63100,4.738773e+02,5.679395e+01,-1.997989e+00,-5.344597e+01
32.63200,4.721917e+02,5.099757e+01,-3.427297e+00,-5.897314e+01
32.63300,4.704603e+02,4.537841e+01,-4.896944e+00,-6.420883e+01
32.63400,4.686508e+02,3.977067e+01,-6.437002e+00,-6.930100e+01
32.63500,4.668032e+02,3.412082e+01,-8.019173e+00,-7.429833e+01
32.63600,4.649302e+02,2.850814e+01,-9.626800e+00,-7.912833e+01
32.63700,4.630392e+02,2.277395e+01,-1.125799e+01,-8.394580e+01
32.63800,4.610875e+02,1.721057e+01,-1.296155e+01,-8.846520e+01
32.63900,4.591989e+02,1.146247e+01,-1.461171e+01,-9.302593e+01
32.64000,4.573282e+02,5.696081e+00,-1.625514e+01,-9.747867e+01
32.64100,4.554342e+02,-4.140591e-03,-1.794049e+01,-1.017337e+02
32.64200,4.535982e+02,-5.853376e+00,-1.958029e+01,-1.059983e+02
32.64300,4.518099e+02,-1.171735e+01,-2.119813e+01,-1.101537e+02
32.64400,4.500576e+02,-1.783347e+01,-2.279892e+01,-1.143967e+02
32.64500,4.484043e+02,-2.369135e+01,-2.431870e+01,-1.182957e+02
32.64600,4.467914e+02,-2.951950e+01,-2.581846e+01,-1.220283e+02
32.64700,4.453556e+02,-3.545696e+01,-2.715764e+01,-1.257568e+02
32.64800,4.443284e+02,-4.300588e+01,-2.812263e+01,-1.309331e+02
32.64900,4.429377e+02,-4.819551e+01,-2.945075e+01,-1.337443e+02
32.65000,4.418358e+02,-5.476638e+01,-3.052960e+01,-1.376745e+02
32.65100,4.406506e+02,-6.052537e+01,-3.169545e+01,-1.407679e+02
32.65200,4.396481e+02,-6.676300e+01,-3.270953e+01,-1.441749e+02
32.65300,4.385991e+02,-7.193827e+01,-3.377705e+01,-1.465113e+02
32.65400,4.377295e+02,-7.771420e+01,-3.468584e+01,-1.492966e+02
32.65500,4.367869e+02,-8.079707e+01,-3.566781e+01,-1.495248e+02
32.65600,4.362416e+02,-8.725627e+01,-3.628608e+01,-1.527371e+02
32.65700,4.356207e+02,-9.232613e+01,-3.698003e+01,-1.545895e+02
32.65800,4.350844e+02,-9.710740e+01,-3.759969e+01,-1.560913e+02
32.65900,4.346849e+02,-1.019711e+02,-3.809180e+01,-1.575845e+02
32.66000,4.343675e+02,-1.063030e+02,-3.850841e+01,-1.585146e+02
32.66100,4.341010e+02,-1.091699e+02,-3.887319e+01,-1.580277e+02
32.66200,4.339197e+02,-1.147579e+02,-3.915782e+01,-1.599714e+02
32.66300,4.338110e+02,-1.190812e+02,-3.937425e+01,-1.606821e+02
32.66400,4.338184e+02,-1.228657e+02,-3.947404e+01,-1.608411e+02
32.66500,4.339301e+02,-1.265812e+02,-3.946898e+01,-1.608811e+02
32.66600,4.340739e+02,-1.296250e+02,-3.942011e+01,-1.602553e+02
32.66700,4.343582e+02,-1.328121e+02,-3.923772e+01,-1.597175e+02
32.66800,4.347424e+02,-1.358549e+02,-3.895828e+01,-1.590153e+02
32.66900,4.351836e+02,-1.385343e+02,-3.860759e+01,-1.579298e+02
32.67000,4.357049e+02,-1.413075e+02,-3.817823e+01,-1.569237e+02
32.67100,4.364085e+02,-1.436092e+02,-3.756751e+01,-1.554063e+02
32.67200,4.372101e+02,-1.456377e+02,-3.685587e+01,-1.536159e+02
32.67300,4.380999e+02,-1.476265e+02,-3.605441e+01,-1.517782e+02
32.67400,4.390753e+02,-1.495395e+02,-3.516479e+01,-1.498603e+02
32.67500,4.401400e+02,-1.512877e+02,-3.418371e+01,-1.477834e+02
32.67600,4.413087e+02,-1.530905e+02,-3.309924e+01,-1.457595e+02
32.67700,4.425324e+02,-1.546775e+02,-3.195905e+01,-1.435321e+02
32.67800,4.438451e+02,-1.561471e+02,-3.073046e+01,-1.411961e+02
32.67900,4.452318e+02,-1.575447e+02,-2.942732e+01,-1.388094e+02
32.68000,4.466871e+02,-1.587976e+02,-2.805589e+01,-1.363033e+02
32.68100,4.482857e+02,-1.602168e+02,-2.655143e+01,-1.339593e+02
32.68200,4.499371e+02,-1.615127e+02,-2.499469e+01,-1.315263e+02
32.68300,4.515915e+02,-1.623579e+02,-2.343378e+01,-1.287000e+02
32.68400,4.533000e+02,-1.632087e+02,-2.182247e+01,-1.259059e+02
32.68500,4.550243e+02,-1.638699e+02,-2.020149e+01,-1.229751e+02
32.68600,4.568098e+02,-1.643519e+02,-1.852155e+01,-1.199112e+02
32.68700,4.585881e+02,-1.646858e+02,-1.685470e+01,-1.167475e+02
32.68800,4.603899e+02,-1.648181e+02,-1.516747e+01,-1.134453e+02
32.68900,4.621861e+02,-1.646991e+02,-1.348883e+01,-1.099581e+02
32.69000,4.639451e+02,-1.644127e+02,-1.185240e+01,-1.063681e+02
32.69100,4.657003e+02,-1.637932e+02,-1.022109e+01,-1.025267e+02
32.69200,4.673947e+02,-1.628763e+02,-8.651520e+00,-9.847267e+01
32.69300,4.690289e+02,-1.618577e+02,-7.146880e+00,-9.438827e+01
32.69400,4.706233e+02,-1.604811e+02,-5.681301e+00,-9.002820e+01
32.69500,4.721503e+02,-1.587988e+02,-4.283534e+00,-8.545700e+01
32.69600,4.736115e+02,-1.569191e+02,-2.948500e+00,-8.078760e+01
32.69700,4.749803e+02,-1.546501e+02,-1.702503e+00,-7.583180e+01
32.69800,4.762658e+02,-1.520943e+02,-5.352701e-01,-7.069307e+01
32.69900,4.774451e+02,-1.492591e+02,5.322723e-01,-6.536505e+01
32.70000,4.785287e+02,-1.461953e+02,1.509456e+00,-5.992457e+01
32.70100,4.794992e+02,-1.428966e+02,2.382307e+00,-5.435972e+01
32.70200,4.803509e+02,-1.390786e+02,3.150779e+00,-4.839005e+01
32.70300,4.810759e+02,-1.351361e+02,3.801612e+00,-4.240542e+01
32.70400,4.816664e+02,-1.310799e+02,4.330261e+00,-3.642142e+01
32.70500,4.821211e+02,-1.265653e+02,4.742367e+00,-3.010102e+01
32.70600,4.824461e+02,-1.219196e+02,5.038913e+00,-2.376025e+01
32.70700,4.826163e+02,-1.172753e+02,5.199625e+00,-1.753544e+01
32.70800,4.826363e+02,-1.122698e+02,5.228204e+00,-1.107190e+01
32.70900,4.825193e+02,-1.072341e+02,5.137258e+00,-4.685133e+00
32.71000,4.822268e+02,-1.021067e+02,4.892864e+00,1.664025e+00
32.71100,4.818015e+02,-9.686593e+01,4.537237e+00,8.018847e+00
32.71200,4.812447e+02,-9.150780e+01,4.071046e+00,1.437461e+01
32.71300,4.805456e+02,-8.627020e+01,3.480577e+00,2.049023e+01
32.71400,4.797137e+02,-8.094367e+01,2.778568e+00,2.658713e+01
32.71500,4.787421e+02,-7.563487e+01,1.957703e+00,3.254677e+01
32.71600,4.776272e+02,-7.043440e+01,1.009318e+00,3.829598e+01
32.71700,4.763893e+02,-6.508579e+01,-3.750103e-02,4.404526e+01
32.71800,4.750475e+02,-5.961159e+01,-1.167219e+00,4.979944e+01
32.71900,4.735599e+02,-5.444922e+01,-2.434466e+00,5.514355e+01
32.72000,4.719825e+02,-4.927640e+01,-3.783086e+00,6.037925e+01
32.72100,4.703395e+02,-4.402778e+01,-5.181744e+00,6.556848e+01
32.72200,4.685712e+02,-3.878111e+01,-6.699993e+00,7.062333e+01
32.72300,4.667856e+02,-3.372159e+01,-8.226973e+00,7.538167e+01
32.72400,4.649417e+02,-2.857661e+01,-9.808560e+00,8.009413e+01
32.72500,4.630528e+02,-2.337143e+01,-1.143435e+01,8.473427e+01
32.72600,4.611295e+02,-1.818870e+01,-1.309551e+01,8.922207e+01
32.72700,4.592145e+02,-1.290064e+01,-1.474952e+01,9.368787e+01
32.72800,4.572895e+02,-7.631373e+00,-1.642486e+01,9.800940e+01
32.72900,4.553703e+02,-2.136052e+00,-1.810193e+01,1.024051e+02
32.73000,4.534673e+02,3.199929e+00,-1.977216e+01,1.065405e+02
32.73100,4.515771e+02,8.582820e+00,-2.143643e+01,1.105760e+02
32.73200,4.497227e+02,1.417469e+01,-2.308677e+01,1.146829e+02
32.73300,4.479906e+02,1.995191e+01,-2.463120e+01,1.188396e+02
32.73400,4.462639e+02,2.572451e+01,-2.618467e+01,1.228760e+02
32.73500,4.446112e+02,3.175751e+01,-2.768524e+01,1.270180e+02
32.73600,4.430140e+02,3.731521e+01,-2.913909e+01,1.306029e+02
32.73700,4.415762e+02,4.336066e+01,-3.046169e+01,1.345175e+02
32.73800,4.403413e+02,4.980679e+01,-3.159027e+01,1.387232e+02
32.73900,4.392327e+02,5.640297e+01,-3.261627e+01,1.429700e+02
32.74000,4.378874e+02,6.167428e+01,-3.388518e+01,1.458273e+02
32.74100,4.368623e+02,6.800913e+01,-3.486737e+01,1.495468e+02
32.74200,4.356065e+02,7.340593e+01,-3.608164e+01,1.522961e+02
32.74300,4.347839e+02,7.918927e+01,-3.689113e+01,1.552927e+02
32.74400,4.338583e+02,8.512893e+01,-3.780977e+01,1.583323e+02
32.74500,4.330252e+02,8.902693e+01,-3.864745e+01,1.594251e+02
32.74600,4.323457e+02,9.464020e+01,-3.934412e+01,1.619749e+02
32.74700,4.316795e+02,9.942053e+01,-4.003591e+01,1.636882e+02
32.74800,4.311028e+02,1.041479e+02,-4.064634e+01,1.652607e+02
32.74900,4.306334e+02,1.087604e+02,-4.115924e+01,1.666487e+02
32.75000,4.302613e+02,1.129083e+02,-4.157660e+01,1.675374e+02
32.75100,4.299338e+02,1.166715e+02,-4.195184e+01,1.680001e+02
32.75200,4.297340e+02,1.203563e+02,-4.220619e+01,1.683238e+02
32.75300,4.295670e+02,1.240801e+02,-4.242659e+01,1.686275e+02
32.75400,4.294694e+02,1.280566e+02,-4.257649e+01,1.691009e+02
32.75500,4.295287e+02,1.312469e+02,-4.257407e+01,1.687964e+02
32.75600,4.296360e+02,1.342004e+02,-4.251972e+01,1.682234e+02
32.75700,4.298009e+02,1.366664e+02,-4.240195e+01,1.671615e+02
32.75800,4.301083e+02,1.391979e+02,-4.214505e+01,1.661178e+02
32.75900,4.305193e+02,1.415047e+02,-4.178349e+01,1.648289e+02
32.76000,4.310167e+02,1.437961e+02,-4.133294e+01,1.635173e+02
32.76100,4.316003e+02,1.455933e+02,-4.079255e+01,1.616898e+02
32.76200,4.323612e+02,1.472304e+02,-4.008262e+01,1.596691e+02
32.76300,4.331937e+02,1.486213e+02,-3.929913e+01,1.574077e+02
32.76400,4.341540e+02,1.501048e+02,-3.839152e+01,1.552177e+02
32.76500,4.352135e+02,1.514835e+02,-3.738541e+01,1.529153e+02
32.76600,4.363737e+02,1.528695e+02,-3.628358e+01,1.506101e+02
32.76700,4.376355e+02,1.542177e+02,-3.508466e+01,1.482653e+02
32.76800,4.389991e+02,1.555385e+02,-3.379042e+01,1.458937e+02
32.76900,4.404336e+02,1.567989e+02,-3.243298e+01,1.434563e+02
32.77000,4.419731e+02,1.580817e+02,-3.097595e+01,1.410445e+02
32.77100,4.435833e+02,1.593025e+02,-2.945537e+01,1.385824e+02
32.77200,4.452820e+02,1.604996e+02,-2.786071e+01,1.361039e+02
32.77300,4.470507e+02,1.617082e+02,-2.620205e+01,1.336463e+02
32.77400,4.488779e+02,1.628273e+02,-2.449739e+01,1.311279e+02
32.77500,4.507468e+02,1.638315e+02,-2.276135e+01,1.285142e+02
32.77600,4.527655e+02,1.653755e+02,-2.089427e+01,1.264209e+02
32.77700,4.547115e+02,1.662748e+02,-1.910249e+01,1.237659e+02
32.77800,4.566929e+02,1.671581e+02,-1.728989e+01,1.211214e+02
32.77900,4.586799e+02,1.678812e+02,-1.548177e+01,1.183625e+02
32.78000,4.606676e+02,1.685205e+02,-1.368121e+01,1.155619e+02
32.78100,4.626447e+02,1.689398e+02,-1.190016e+01,1.126003e+02
32.78200,4.645991e+02,1.691365e+02,-1.015011e+01,1.094757e+02
32.78300,4.665063e+02,1.691452e+02,-8.454540e+00,1.062269e+02
32.78400,4.683440e+02,1.688122e+02,-6.832707e+00,1.027159e+02
32.78500,4.701631e+02,1.683252e+02,-5.230661e+00,9.912940e+01
32.78600,4.718646e+02,1.676125e+02,-3.751053e+00,9.539547e+01
32.78700,4.735286e+02,1.666096e+02,-2.305367e+00,9.145720e+01
32.78800,4.750932e+02,1.651623e+02,-9.563353e-01,8.717233e+01
32.78900,4.765613e+02,1.634147e+02,2.999801e-01,8.269267e+01
32.79000,4.779314e+02,1.615737e+02,1.463381e+00,7.820940e+01
32.79100,4.791941e+02,1.591459e+02,2.532209e+00,7.325653e+01
32.79200,4.803510e+02,1.564167e+02,3.507593e+00,6.811107e+01
32.79300,4.813851e+02,1.534727e+02,4.373177e+00,6.287311e+01
32.79400,4.822678e+02,1.500068e+02,5.111115e+00,5.723359e+01
32.79500,4.830387e+02,1.463096e+02,5.747398e+00,5.147839e+01
32.79600,4.836755e+02,1.423631e+02,6.272785e+00,4.560617e+01
32.79700,4.841609e+02,1.380450e+02,6.669867e+00,3.948294e+01
32.79800,4.844893e+02,1.335769e+02,6.928827e+00,3.332874e+01
32.79900,4.846699e+02,1.288076e+02,7.072807e+00,2.701561e+01
32.80000,4.846921e+02,1.237800e+02,7.078493e+00,2.056887e+01
32.80100,4.845925e+02,1.186211e+02,6.989960e+00,1.411473e+01
32.80200,4.843000e+02,1.132364e+02,6.735480e+00,7.574220e+00
32.80300,4.838954e+02,1.078685e+02,6.394371e+00,1.166381e+00
32.80400,4.833382e+02,1.024073e+02,5.927220e+00,-5.209331e+00
32.80500,4.826379e+02,9.667673e+01,5.346694e+00,-1.170592e+01
32.80600,4.817764e+02,9.107533e+01,4.628161e+00,-1.795913e+01
32.80700,4.807886e+02,8.525413e+01,3.808369e+00,-2.428153e+01
32.80800,4.796703e+02,7.962633e+01,2.872462e+00,-3.031269e+01
32.80900,4.784343e+02,7.392180e+01,1.838989e+00,-3.628749e+01
32.81000,4.770362e+02,6.815467e+01,6.636361e-01,-4.217963e+01
32.81100,4.755426e+02,6.251553e+01,-5.928839e-01,-4.782825e+01
32.81200,4.739678e+02,5.689451e+01,-1.920180e+00,-5.333452e+01
32.81300,4.722882e+02,5.104075e+01,-3.343980e+00,-5.892196e+01
32.81400,4.705561e+02,4.544759e+01,-4.813577e+00,-6.413215e+01
32.81500,4.687485e+02,3.983945e+01,-6.352403e+00,-6.923053e+01
32.81600,4.669095e+02,3.416654e+01,-7.926007e+00,-7.425693e+01
32.81700,4.650382e+02,2.854773e+01,-9.531800e+00,-7.909867e+01
32.81800,4.631466e+02,2.282343e+01,-1.116400e+01,-8.390967e+01
32.81900,4.611951e+02,1.727710e+01,-1.286647e+01,-8.841913e+01
32.82000,4.593130e+02,1.152603e+01,-1.450991e+01,-9.298907e+01
32.82100,4.574307e+02,5.777973e+00,-1.616338e+01,-9.742693e+01
32.82200,4.555347e+02,7.981493e-02,-1.785021e+01,-1.016845e+02
32.82300,4.536851e+02,-5.728061e+00,-1.950302e+01,-1.059120e+02
32.82400,4.518962e+02,-1.154460e+01,-2.111959e+01,-1.100308e+02
32.82500,4.501647e+02,-1.763194e+01,-2.269858e+01,-1.142597e+02
32.82600,4.485049e+02,-2.362291e+01,-2.422573e+01,-1.182836e+02
32.82700,4.468957e+02,-2.947177e+01,-2.572129e+01,-1.220409e+02
32.82800,4.454264e+02,-3.532428e+01,-2.709118e+01,-1.256890e+02
32.82900,4.443863e+02,-4.284034e+01,-2.806921e+01,-1.308365e+02
32.83000,4.430573e+02,-4.823633e+01,-2.933741e+01,-1.338493e+02
32.83100,4.419139e+02,-5.467445e+01,-3.045505e+01,-1.376628e+02
32.83200,4.407591e+02,-6.062815e+01,-3.159127e+01,-1.409398e+02
32.83300,4.397100e+02,-6.666087e+01,-3.264824e+01,-1.441631e+02
32.83400,4.386695e+02,-7.186187e+01,-3.370940e+01,-1.465271e+02
32.83500,4.377863e+02,-7.755673e+01,-3.462875e+01,-1.492413e+02
32.83600,4.368575e+02,-8.079980e+01,-3.559787e+01,-1.496189e+02
32.83700,4.362831e+02,-8.708213e+01,-3.624254e+01,-1.526745e+02
32.83800,4.356643e+02,-9.221873e+01,-3.693497e+01,-1.545909e+02
32.83900,4.351274e+02,-9.702680e+01,-3.755456e+01,-1.561216e+02
32.84000,4.347368e+02,-1.020729e+02,-3.803919e+01,-1.577839e+02
32.84100,4.344001e+02,-1.062725e+02,-3.847349e+01,-1.585947e+02
32.84200,4.341241e+02,-1.093015e+02,-3.884743e+01,-1.582605e+02
32.84300,4.339448e+02,-1.145327e+02,-3.913043e+01,-1.598798e+02
32.84400,4.338306e+02,-1.190007e+02,-3.935125e+01,-1.607277e+02
32.84500,4.338490e+02,-1.229705e+02,-3.944198e+01,-1.610565e+02
32.84600,4.339395e+02,-1.264991e+02,-3.945678e+01,-1.609291e+02
32.84700,4.340774e+02,-1.295376e+02,-3.941384e+01,-1.603015e+02
32.84800,4.343597e+02,-1.327700e+02,-3.923364e+01,-1.598063e+02
32.84900,4.347412e+02,-1.358246e+02,-3.895693e+01,-1.591163e+02
32.85000,4.351751e+02,-1.384573e+02,-3.861458e+01,-1.579895e+02
32.85100,4.356797e+02,-1.412100e+02,-3.819999e+01,-1.569703e+02
32.85200,4.363896e+02,-1.435681e+02,-3.758416e+01,-1.555031e+02
32.85300,4.371867e+02,-1.456035e+02,-3.687700e+01,-1.537199e+02
32.85400,4.380729e+02,-1.475719e+02,-3.607834e+01,-1.518633e+02
32.85500,4.390437e+02,-1.494951e+02,-3.519439e+01,-1.499565e+02
32.85600,4.401057e+02,-1.512813e+02,-3.421675e+01,-1.479179e+02
32.85700,4.412713e+02,-1.530586e+02,-3.313516e+01,-1.458695e+02
32.85800,4.424889e+02,-1.546292e+02,-3.200053e+01,-1.436261e+02
32.85900,4.437973e+02,-1.561225e+02,-3.077578e+01,-1.413140e+02
32.86000,4.451827e+02,-1.575273e+02,-2.947412e+01,-1.389336e+02
32.86100,4.466379e+02,-1.587539e+02,-2.810361e+01,-1.364013e+02
32.86200,4.482275e+02,-1.601603e+02,-2.660728e+01,-1.340441e+02
32.86300,4.498903e+02,-1.615246e+02,-2.503970e+01,-1.316733e+02
32.86400,4.515304e+02,-1.623174e+02,-2.349253e+01,-1.287987e+02
32.86500,4.532356e+02,-1.631652e+02,-2.188373e+01,-1.260013e+02
32.86600,4.549603e+02,-1.638307e+02,-2.026257e+01,-1.230730e+02
32.86700,4.567439e+02,-1.643137e+02,-1.858481e+01,-1.200093e+02
32.86800,4.585233e+02,-1.646445e+02,-1.691632e+01,-1.168417e+02
32.86900,4.603238e+02,-1.648081e+02,-1.523044e+01,-1.135663e+02
32.87000,4.621209e+02,-1.646879e+02,-1.355023e+01,-1.100760e+02
32.87100,4.638867e+02,-1.643810e+02,-1.190697e+01,-1.064660e+02
32.87200,4.656333e+02,-1.637779e+02,-1.028391e+01,-1.026383e+02
32.87300,4.673321e+02,-1.628909e+02,-8.710460e+00,-9.860993e+01
32.87400,4.689699e+02,-1.618643e+02,-7.201700e+00,-9.451533e+01
32.87500,4.705662e+02,-1.604937e+02,-5.734449e+00,-9.015693e+01
32.87600,4.720984e+02,-1.588075e+02,-4.331733e+00,-8.557987e+01
32.87700,4.735607e+02,-1.569607e+02,-2.995553e+00,-8.093940e+01
32.87800,4.749393e+02,-1.547711e+02,-1.741035e+00,-7.605567e+01
32.87900,4.762253e+02,-1.521196e+02,-5.723569e-01,-7.082227e+01
32.88000,4.774087e+02,-1.492971e+02,4.980975e-01,-6.550360e+01
32.88100,4.784970e+02,-1.462612e+02,1.480239e+00,-6.008700e+01
32.88200,4.794720e+02,-1.429396e+02,2.358847e+00,-5.449842e+01
32.88300,4.803307e+02,-1.391391e+02,3.132579e+00,-4.854092e+01
32.88400,4.810625e+02,-1.352085e+02,3.789249e+00,-4.256416e+01
32.88500,4.816584e+02,-1.311971e+02,4.322663e+00,-3.661913e+01
32.88600,4.821173e+02,-1.266622e+02,4.739380e+00,-3.027449e+01
32.88700,4.824473e+02,-1.220249e+02,5.040162e+00,-2.393911e+01
32.88800,4.826274e+02,-1.173813e+02,5.206855e+00,-1.771158e+01
32.88900,4.826530e+02,-1.123684e+02,5.242703e+00,-1.123668e+01
32.89000,4.825411e+02,-1.073429e+02,5.155541e+00,-4.854663e+00
32.89100,4.822544e+02,-1.022229e+02,4.916537e+00,1.489523e+00
32.89200,4.818547e+02,-9.696153e+01,4.584701e+00,7.869800e+00
32.89300,4.812883e+02,-9.160027e+01,4.107849e+00,1.423193e+01
32.89400,4.805933e+02,-8.636287e+01,3.521176e+00,2.035303e+01
32.89500,4.797675e+02,-8.103433e+01,2.825588e+00,2.645377e+01
32.89600,4.788077e+02,-7.568140e+01,2.015275e+00,3.245832e+01
32.89700,4.776938e+02,-7.048660e+01,1.067881e+00,3.820542e+01
32.89800,4.764655e+02,-6.515521e+01,2.883409e-02,4.394619e+01
32.89900,4.751248e+02,-5.967822e+01,-1.100433e+00,4.970537e+01
32.90000,4.736409e+02,-5.453463e+01,-2.364804e+00,5.503761e+01
32.90100,4.720725e+02,-4.931821e+01,-3.703817e+00,6.031919e+01
32.90200,4.704331e+02,-4.407649e+01,-5.099873e+00,6.550525e+01
32.90300,4.686764e+02,-3.887054e+01,-6.607842e+00,7.052733e+01
32.90400,4.668828e+02,-3.378643e+01,-8.142060e+00,7.531200e+01
32.90500,4.650395e+02,-2.865868e+01,-9.723827e+00,8.001280e+01
32.90600,4.631580e+02,-2.340769e+01,-1.134143e+01,8.470247e+01
32.90700,4.612386e+02,-1.823717e+01,-1.299957e+01,8.918527e+01
32.90800,4.593146e+02,-1.291268e+01,-1.466338e+01,9.368980e+01
32.90900,4.573915e+02,-7.709753e+00,-1.633573e+01,9.794947e+01
32.91000,4.554844e+02,-2.170327e+00,-1.799896e+01,1.023957e+02
32.91100,4.535720e+02,3.110217e+00,-1.967867e+01,1.064823e+02
32.91200,4.516777e+02,8.532047e+00,-2.134689e+01,1.105575e+02
32.91300,4.498276e+02,1.410614e+01,-2.299236e+01,1.146557e+02
32.91400,4.480942e+02,1.990374e+01,-2.453721e+01,1.188345e+02
32.91500,4.463486e+02,2.554061e+01,-2.610811e+01,1.227467e+02
32.91600,4.447061e+02,3.167773e+01,-2.759800e+01,1.269923e+02
32.91700,4.430991e+02,3.721155e+01,-2.906116e+01,1.305591e+02
32.91800,4.416507e+02,4.321768e+01,-3.039271e+01,1.344419e+02
32.91900,4.404053e+02,4.960417e+01,-3.153012e+01,1.385967e+02
32.92000,4.393089e+02,5.632155e+01,-3.254497e+01,1.429601e+02
32.92100,4.379488e+02,6.150001e+01,-3.382686e+01,1.457397e+02
32.92200,4.369388e+02,6.787547e+01,-3.479658e+01,1.494999e+02
32.92300,4.356754e+02,7.325327e+01,-3.601483e+01,1.522351e+02
32.92400,4.348487e+02,7.905320e+01,-3.682845e+01,1.552515e+02
32.92500,4.339227e+02,8.503873e+01,-3.774773e+01,1.583380e+02
32.92600,4.330786e+02,8.899227e+01,-3.859508e+01,1.594828e+02
32.92700,4.323991e+02,9.453613e+01,-3.929113e+01,1.619740e+02
32.92800,4.317271e+02,9.934240e+01,-3.998819e+01,1.637147e+02
32.92900,4.311497e+02,1.040754e+02,-4.060019e+01,1.652958e+02
32.93000,4.306513e+02,1.085553e+02,-4.113890e+01,1.665649e+02
32.93100,4.302963e+02,1.128465e+02,-4.154143e+01,1.675886e+02
32.93200,4.299637e+02,1.166349e+02,-4.192093e+01,1.680775e+02
32.93300,4.297673e+02,1.198736e+02,-4.217233e+01,1.679984e+02
32.93400,4.295981e+02,1.238918e+02,-4.239497e+01,1.685707e+02
32.93500,4.294877e+02,1.280103e+02,-4.255639e+01,1.691758e+02
32.93600,4.295485e+02,1.312797e+02,-4.255362e+01,1.689472e+02
32.93700,4.296464e+02,1.341520e+02,-4.250831e+01,1.683031e+02
32.93800,4.298036e+02,1.366267e+02,-4.239745e+01,1.672483e+02
32.93900,4.301123e+02,1.391876e+02,-4.214097e+01,1.662327e+02
32.94000,4.305147e+02,1.414715e+02,-4.178758e+01,1.649264e+02
32.94100,4.310090e+02,1.437211e+02,-4.133872e+01,1.635753e+02
32.94200,4.315871e+02,1.455856e+02,-4.080448e+01,1.618142e+02
32.94300,4.323399e+02,1.472165e+02,-4.010272e+01,1.597893e+02
32.94400,4.331688e+02,1.486157e+02,-3.932293e+01,1.575362e+02
32.94500,4.341257e+02,1.501070e+02,-3.841837e+01,1.553551e+02
32.94600,4.351776e+02,1.514804e+02,-3.741944e+01,1.530514e+02
32.94700,4.363347e+02,1.528881e+02,-3.632045e+01,1.507671e+02
32.94800,4.375908e+02,1.541504e+02,-3.512757e+01,1.483371e+02
32.94900,4.389528e+02,1.555221e+02,-3.383471e+01,1.460159e+02
32.95000,4.403824e+02,1.567827e+02,-3.248131e+01,1.435795e+02
32.95100,4.419161e+02,1.580266e+02,-3.103084e+01,1.411310e+02
32.95200,4.435299e+02,1.592729e+02,-2.950879e+01,1.386914e+02
32.95300,4.452197e+02,1.604841e+02,-2.791895e+01,1.362286e+02
32.95400,4.469851e+02,1.616461e+02,-2.626409e+01,1.337265e+02
32.95500,4.488125e+02,1.628066e+02,-2.455875e+01,1.312457e+02
32.95600,4.506649e+02,1.637133e+02,-2.283811e+01,1.285417e+02
32.95700,4.526532e+02,1.650664e+02,-2.099786e+01,1.262707e+02
32.95800,4.546381e+02,1.662216e+02,-1.917028e+01,1.238508e+02
32.95900,4.566191e+02,1.670982e+02,-1.735741e+01,1.211997e+02
32.96000,4.586063e+02,1.678489e+02,-1.554841e+01,1.184654e+02
32.96100,4.605934e+02,1.684763e+02,-1.374863e+01,1.156529e+02
32.96200,4.625684e+02,1.688936e+02,-1.196948e+01,1.126876e+02
32.96300,4.645277e+02,1.690883e+02,-1.021379e+01,1.095595e+02
32.96400,4.664385e+02,1.690989e+02,-8.514580e+00,1.063099e+02
32.96500,4.682823e+02,1.687891e+02,-6.886327e+00,1.028187e+02
32.96600,4.700919e+02,1.683525e+02,-5.295757e+00,9.927740e+01
32.96700,4.718093e+02,1.676265e+02,-3.798177e+00,9.552947e+01
32.96800,4.734714e+02,1.666055e+02,-2.354343e+00,9.157087e+01
32.96900,4.750408e+02,1.651574e+02,-1.001340e+00,8.728313e+01
32.97000,4.765118e+02,1.633965e+02,2.587437e-01,8.278927e+01
32.97100,4.778869e+02,1.615951e+02,1.426870e+00,7.833987e+01
32.97200,4.791563e+02,1.591709e+02,2.501082e+00,7.338640e+01
32.97300,4.803165e+02,1.564593e+02,3.478794e+00,6.825480e+01
32.97400,4.813685e+02,1.533756e+02,4.363593e+00,6.288632e+01
32.97500,4.822482e+02,1.500273e+02,5.096789e+00,5.734887e+01
32.97600,4.830237e+02,1.463699e+02,5.735249e+00,5.162823e+01
32.97700,4.836649e+02,1.424266e+02,6.265088e+00,4.575497e+01
32.97800,4.841585e+02,1.381109e+02,6.669080e+00,3.962921e+01
32.97900,4.844934e+02,1.336497e+02,6.934847e+00,3.347743e+01
32.98000,4.846825e+02,1.288817e+02,7.083880e+00,2.716045e+01
32.98100,4.847137e+02,1.238319e+02,7.098047e+00,2.069155e+01
32.98200,4.846185e+02,1.186946e+02,7.011320e+00,1.425205e+01
32.98300,4.843339e+02,1.133038e+02,6.764240e+00,7.701693e+00
32.98400,4.839345e+02,1.079510e+02,6.428277e+00,1.303131e+00
32.98500,4.833874e+02,1.024515e+02,5.970789e+00,-5.111984e+00
32.98600,4.826890e+02,9.678753e+01,5.390453e+00,-1.155269e+01
32.98700,4.818346e+02,9.117373e+01,4.677350e+00,-1.782071e+01
32.98800,4.808553e+02,8.529300e+01,3.866467e+00,-2.420315e+01
32.98900,4.797429e+02,7.967733e+01,2.934859e+00,-3.022705e+01
32.99000,4.785087e+02,7.402020e+01,1.902628e+00,-3.616342e+01
32.99100,4.771237e+02,6.824547e+01,7.401487e-01,-4.206554e+01
32.99200,4.756305e+02,6.257860e+01,-5.173590e-01,-4.774409e+01
32.99300,4.740631e+02,5.692026e+01,-1.837768e+00,-5.329135e+01
32.99400,4.723777e+02,5.111566e+01,-3.267451e+00,-5.883533e+01
32.99500,4.706549e+02,4.551166e+01,-4.728925e+00,-6.406199e+01
32.99600,4.688483e+02,3.989845e+01,-6.265967e+00,-6.916967e+01
32.99700,4.670118e+02,3.422329e+01,-7.836233e+00,-7.420287e+01
32.99800,4.651347e+02,2.858143e+01,-9.449107e+00,-7.907113e+01
32.99900,4.632502e+02,2.288897e+01,-1.107374e+01,-8.385640e+01
33.00000,4.613049e+02,1.734384e+01,-1.277016e+01,-8.837307e+01
