# ale_2x_dt0.00025_replay: forces per unit depth (N/m) on cylinder+flag (total) and flag (plate), last 2 s at 1 ms; replayed coupled FSI3 2x trajectory
time,total_drag,total_lift,plate_drag,plate_lift
31.00000,4.811137e+02,3.130681e+01,3.210291e+00,-7.518213e+01
31.00100,4.797255e+02,2.550377e+01,2.078821e+00,-8.076740e+01
31.00200,4.781977e+02,2.019310e+01,7.993493e-01,-8.574233e+01
31.00300,4.764660e+02,1.562382e+01,-6.751647e-01,-8.988860e+01
31.00400,4.748821e+02,9.875233e+00,-2.004829e+00,-9.506447e+01
31.00500,4.729507e+02,5.471781e+00,-3.657036e+00,-9.876813e+01
31.00600,4.712080e+02,-1.067482e-01,-5.144550e+00,-1.035065e+02
31.00700,4.696710e+02,-6.950207e+00,-6.415935e+00,-1.094008e+02
31.00800,4.676217e+02,-1.142964e+01,-8.205593e+00,-1.127748e+02
31.00900,4.656736e+02,-1.645726e+01,-9.892280e+00,-1.166450e+02
31.01000,4.638646e+02,-2.209011e+01,-1.148789e+01,-1.209275e+02
31.01100,4.609845e+02,-2.299756e+01,-1.411084e+01,-1.204365e+02
31.01200,4.593245e+02,-2.921728e+01,-1.556222e+01,-1.250936e+02
31.01300,4.574833e+02,-3.485738e+01,-1.722204e+01,-1.290183e+02
31.01400,4.557824e+02,-4.064719e+01,-1.876059e+01,-1.330128e+02
31.01500,4.540727e+02,-4.667782e+01,-2.032737e+01,-1.370734e+02
31.01600,4.530083e+02,-5.382395e+01,-2.127760e+01,-1.421801e+02
31.01700,4.518052e+02,-6.109426e+01,-2.235953e+01,-1.472365e+02
31.01800,4.500726e+02,-6.542443e+01,-2.398063e+01,-1.493727e+02
31.01900,4.486590e+02,-7.178807e+01,-2.531944e+01,-1.531948e+02
31.02000,4.474907e+02,-7.720927e+01,-2.642183e+01,-1.561600e+02
31.02100,4.465679e+02,-8.287887e+01,-2.731879e+01,-1.592239e+02
31.02200,4.446215e+02,-8.519153e+01,-2.918543e+01,-1.590729e+02
31.02300,4.435821e+02,-9.086827e+01,-3.024325e+01,-1.618779e+02
31.02400,4.427796e+02,-9.676240e+01,-3.107355e+01,-1.647774e+02
31.02500,4.418795e+02,-1.010529e+02,-3.200691e+01,-1.661463e+02
31.02600,4.410679e+02,-1.077720e+02,-3.287463e+01,-1.695919e+02
31.02700,4.403449e+02,-1.125729e+02,-3.362087e+01,-1.712047e+02
31.02800,4.392741e+02,-1.111353e+02,-3.472299e+01,-1.670705e+02
31.02900,4.386363e+02,-1.166703e+02,-3.544570e+01,-1.692240e+02
31.03000,4.381066e+02,-1.210739e+02,-3.605573e+01,-1.702471e+02
31.03100,4.377845e+02,-1.254209e+02,-3.647745e+01,-1.711452e+02
31.03200,4.373027e+02,-1.283300e+02,-3.701887e+01,-1.706736e+02
31.03300,4.370712e+02,-1.320057e+02,-3.734147e+01,-1.708115e+02
31.03400,4.368387e+02,-1.345745e+02,-3.765914e+01,-1.698915e+02
31.03500,4.368185e+02,-1.375845e+02,-3.777499e+01,-1.693234e+02
31.03600,4.369362e+02,-1.400901e+02,-3.774917e+01,-1.682380e+02
31.03700,4.370985e+02,-1.443973e+02,-3.766797e+01,-1.687789e+02
31.03800,4.369627e+02,-1.473605e+02,-3.788413e+01,-1.680750e+02
31.03900,4.372139e+02,-1.498761e+02,-3.770358e+01,-1.669087e+02
31.04000,4.377196e+02,-1.529413e+02,-3.729247e+01,-1.661991e+02
31.04100,4.382165e+02,-1.549489e+02,-3.687271e+01,-1.644535e+02
31.04200,4.388305e+02,-1.555199e+02,-3.631653e+01,-1.613179e+02
31.04300,4.396770e+02,-1.572888e+02,-3.554442e+01,-1.592973e+02
31.04400,4.405295e+02,-1.582179e+02,-3.476393e+01,-1.565070e+02
31.04500,4.415021e+02,-1.592875e+02,-3.385270e+01,-1.538401e+02
31.04600,4.425863e+02,-1.605797e+02,-3.285840e+01,-1.513493e+02
31.04700,4.437163e+02,-1.609523e+02,-3.179263e+01,-1.480059e+02
31.04800,4.449729e+02,-1.621300e+02,-3.060682e+01,-1.454610e+02
31.04900,4.463116e+02,-1.631150e+02,-2.932341e+01,-1.427399e+02
31.05000,4.477215e+02,-1.635561e+02,-2.799703e+01,-1.394727e+02
31.05100,4.491873e+02,-1.631746e+02,-2.658983e+01,-1.354801e+02
31.05200,4.506080e+02,-1.640515e+02,-2.525897e+01,-1.327120e+02
31.05300,4.523077e+02,-1.644843e+02,-2.365023e+01,-1.295491e+02
31.05400,4.539775e+02,-1.646641e+02,-2.206642e+01,-1.261758e+02
31.05500,4.556277e+02,-1.639934e+02,-2.050278e+01,-1.220547e+02
31.05600,4.573610e+02,-1.637635e+02,-1.886401e+01,-1.183658e+02
31.05700,4.591197e+02,-1.628898e+02,-1.720781e+01,-1.141031e+02
31.05800,4.609145e+02,-1.623237e+02,-1.552593e+01,-1.102079e+02
31.05900,4.626865e+02,-1.612083e+02,-1.386247e+01,-1.058438e+02
31.06000,4.646511e+02,-1.611700e+02,-1.203764e+01,-1.025227e+02
31.06100,4.661911e+02,-1.580047e+02,-1.059239e+01,-9.638280e+01
31.06200,4.679553e+02,-1.560821e+02,-8.952713e+00,-9.143807e+01
31.06300,4.695847e+02,-1.550413e+02,-7.445273e+00,-8.742447e+01
31.06400,4.712007e+02,-1.515912e+02,-5.952871e+00,-8.116720e+01
31.06500,4.727669e+02,-1.486042e+02,-4.502767e+00,-7.546347e+01
31.06600,4.742691e+02,-1.454503e+02,-3.121997e+00,-6.970627e+01
31.06700,4.756885e+02,-1.413049e+02,-1.814958e+00,-6.304582e+01
31.06800,4.770565e+02,-1.375218e+02,-5.627385e-01,-5.686289e+01
31.06900,4.783395e+02,-1.327649e+02,6.033200e-01,-4.980740e+01
31.07000,4.795507e+02,-1.278807e+02,1.718490e+00,-4.277048e+01
31.07100,4.806429e+02,-1.234573e+02,2.703844e+00,-3.627730e+01
31.07200,4.816186e+02,-1.183175e+02,3.561597e+00,-2.911519e+01
31.07300,4.825037e+02,-1.134244e+02,4.373758e+00,-2.236807e+01
31.07400,4.832978e+02,-1.079552e+02,5.089065e+00,-1.519127e+01
31.07500,4.839766e+02,-1.020684e+02,5.707236e+00,-7.656333e+00
31.07600,4.844699e+02,-9.639327e+01,6.162947e+00,-4.722819e-01
31.07700,4.849074e+02,-9.089020e+01,6.563456e+00,6.404477e+00
31.07800,4.852243e+02,-8.436080e+01,6.884753e+00,1.421755e+01
31.07900,4.853749e+02,-7.849507e+01,7.037133e+00,2.125388e+01
31.08000,4.853815e+02,-7.253553e+01,7.075353e+00,2.824047e+01
31.08100,4.852827e+02,-6.639417e+01,7.018207e+00,3.535420e+01
31.08200,4.850223e+02,-6.038410e+01,6.832900e+00,4.218349e+01
31.08300,4.845926e+02,-5.437956e+01,6.493107e+00,4.888049e+01
31.08400,4.840581e+02,-4.823419e+01,6.071461e+00,5.564102e+01
31.08500,4.833463e+02,-4.264413e+01,5.485426e+00,6.175343e+01
31.08600,4.824625e+02,-3.730171e+01,4.748071e+00,6.749840e+01
31.08700,4.815239e+02,-3.146314e+01,3.984035e+00,7.363927e+01
31.08800,4.804075e+02,-2.586822e+01,3.055501e+00,7.938900e+01
31.08900,4.792029e+02,-2.040084e+01,2.049891e+00,8.490787e+01
31.09000,4.777487e+02,-1.576423e+01,8.065647e-01,8.955953e+01
31.09100,4.762307e+02,-1.098263e+01,-4.929347e-01,9.418953e+01
31.09200,4.747440e+02,-5.437170e+00,-1.737747e+00,9.948467e+01
31.09300,4.729472e+02,-1.003145e+00,-3.292683e+00,1.034863e+02
31.09400,4.712547e+02,4.384620e+00,-4.731085e+00,1.083672e+02
31.09500,4.693750e+02,8.618173e+00,-6.359717e+00,1.119959e+02
31.09600,4.675305e+02,1.373143e+01,-7.955593e+00,1.163353e+02
31.09700,4.657821e+02,1.917677e+01,-9.461327e+00,1.209487e+02
31.09800,4.638312e+02,2.380721e+01,-1.117691e+01,1.246021e+02
31.09900,4.618522e+02,2.855123e+01,-1.291775e+01,1.282181e+02
31.10000,4.600133e+02,3.377525e+01,-1.454365e+01,1.322366e+02
31.10100,4.574669e+02,3.550549e+01,-1.686411e+01,1.326090e+02
31.10200,4.556683e+02,4.104872e+01,-1.845806e+01,1.367287e+02
31.10300,4.538668e+02,4.661243e+01,-2.006108e+01,1.406993e+02
31.10400,4.520165e+02,5.226717e+01,-2.174873e+01,1.446047e+02
31.10500,4.503583e+02,5.763620e+01,-2.324025e+01,1.481372e+02
31.10600,4.488633e+02,6.369305e+01,-2.459821e+01,1.521929e+02
31.10700,4.482133e+02,7.221927e+01,-2.516367e+01,1.586302e+02
31.10800,4.465310e+02,7.682740e+01,-2.671858e+01,1.610681e+02
31.10900,4.451168e+02,8.166627e+01,-2.803778e+01,1.637228e+02
31.11000,4.436292e+02,8.762033e+01,-2.944952e+01,1.671369e+02
31.11100,4.425015e+02,9.274800e+01,-3.052439e+01,1.698123e+02
31.11200,4.413359e+02,9.792947e+01,-3.164836e+01,1.724018e+02
31.11300,4.397759e+02,1.006697e+02,-3.315013e+01,1.726380e+02
31.11400,4.387957e+02,1.065562e+02,-3.413842e+01,1.756289e+02
31.11500,4.377802e+02,1.113183e+02,-3.516022e+01,1.775060e+02
31.11600,4.373675e+02,1.170033e+02,-3.561434e+01,1.801792e+02
31.11700,4.366033e+02,1.231590e+02,-3.640561e+01,1.831079e+02
31.11800,4.356521e+02,1.225116e+02,-3.736301e+01,1.797889e+02
31.11900,4.348289e+02,1.268449e+02,-3.822933e+01,1.809896e+02
31.12000,4.342437e+02,1.311629e+02,-3.886113e+01,1.820445e+02
31.12100,4.338877e+02,1.354768e+02,-3.928337e+01,1.830478e+02
31.12200,4.336213e+02,1.396819e+02,-3.962493e+01,1.838621e+02
31.12300,4.331304e+02,1.416521e+02,-4.015603e+01,1.825903e+02
31.12400,4.327929e+02,1.439395e+02,-4.054879e+01,1.815527e+02
31.12500,4.326922e+02,1.466379e+02,-4.071370e+01,1.808299e+02
31.12600,4.326598e+02,1.489657e+02,-4.080045e+01,1.797312e+02
31.12700,4.328683e+02,1.507816e+02,-4.066033e+01,1.780945e+02
31.12800,4.327801e+02,1.527266e+02,-4.080363e+01,1.766059e+02
31.12900,4.329417e+02,1.569004e+02,-4.068155e+01,1.770632e+02
31.13000,4.331014e+02,1.577010e+02,-4.057056e+01,1.744179e+02
31.13100,4.337297e+02,1.611493e+02,-4.001567e+01,1.741669e+02
31.13200,4.342643e+02,1.615231e+02,-3.952153e+01,1.709877e+02
31.13300,4.350555e+02,1.620547e+02,-3.878913e+01,1.679265e+02
31.13400,4.358557e+02,1.630973e+02,-3.804065e+01,1.654076e+02
31.13500,4.368463e+02,1.634300e+02,-3.709758e+01,1.621191e+02
31.13600,4.378754e+02,1.637292e+02,-3.613819e+01,1.588314e+02
31.13700,4.390369e+02,1.646933e+02,-3.503795e+01,1.562143e+02
31.13800,4.402952e+02,1.651447e+02,-3.385799e+01,1.530373e+02
31.13900,4.416362e+02,1.653626e+02,-3.258505e+01,1.496519e+02
31.14000,4.430722e+02,1.657076e+02,-3.123049e+01,1.464286e+02
31.14100,4.446309e+02,1.660477e+02,-2.976826e+01,1.431600e+02
31.14200,4.462629e+02,1.670952e+02,-2.824255e+01,1.406403e+02
31.14300,4.479528e+02,1.668597e+02,-2.665045e+01,1.368577e+02
31.14400,4.497741e+02,1.669751e+02,-2.496049e+01,1.334353e+02
31.14500,4.515191e+02,1.673896e+02,-2.334899e+01,1.303501e+02
31.14600,4.533556e+02,1.674660e+02,-2.165785e+01,1.269388e+02
31.14700,4.553176e+02,1.678847e+02,-1.986021e+01,1.238888e+02
31.14800,4.572076e+02,1.670726e+02,-1.813139e+01,1.197083e+02
31.14900,4.591460e+02,1.669254e+02,-1.636225e+01,1.162350e+02
31.15000,4.610889e+02,1.659244e+02,-1.460901e+01,1.119261e+02
31.15100,4.630843e+02,1.661178e+02,-1.281432e+01,1.088601e+02
31.15200,4.650809e+02,1.649432e+02,-1.103841e+01,1.044931e+02
31.15300,4.670320e+02,1.645989e+02,-9.299480e+00,1.010076e+02
31.15400,4.688020e+02,1.628233e+02,-7.746920e+00,9.620733e+01
31.15500,4.705331e+02,1.599134e+02,-6.228955e+00,9.043513e+01
31.15600,4.722902e+02,1.582699e+02,-4.697692e+00,8.590313e+01
31.15700,4.739749e+02,1.555490e+02,-3.239947e+00,8.045007e+01
31.15800,4.755858e+02,1.530171e+02,-1.847791e+00,7.524913e+01
31.15900,4.771314e+02,1.495670e+02,-5.185303e-01,6.925907e+01
31.16000,4.785930e+02,1.461359e+02,7.231253e-01,6.337717e+01
31.16100,4.799547e+02,1.424851e+02,1.885411e+00,5.739641e+01
31.16200,4.812724e+02,1.382047e+02,2.999259e+00,5.089910e+01
31.16300,4.824406e+02,1.336497e+02,3.986872e+00,4.423451e+01
31.16400,4.835306e+02,1.286735e+02,4.916271e+00,3.733763e+01
31.16500,4.844807e+02,1.244733e+02,5.688882e+00,3.119800e+01
31.16600,4.852346e+02,1.190453e+02,6.329665e+00,2.401175e+01
31.16700,4.859392e+02,1.140102e+02,6.926660e+00,1.735301e+01
31.16800,4.865552e+02,1.084380e+02,7.445760e+00,1.028782e+01
31.16900,4.870404e+02,1.019563e+02,7.872807e+00,2.467509e+00
31.17000,4.873261e+02,9.690973e+01,8.120860e+00,-3.852019e+00
31.17100,4.874823e+02,9.130887e+01,8.263640e+00,-1.063363e+01
31.17200,4.875792e+02,8.424107e+01,8.370780e+00,-1.863949e+01
31.17300,4.874160e+02,7.863100e+01,8.261773e+00,-2.513049e+01
31.17400,4.871617e+02,7.241960e+01,8.073920e+00,-3.210331e+01
31.17500,4.867921e+02,6.612749e+01,7.799853e+00,-3.904407e+01
31.17600,4.862466e+02,5.988689e+01,7.381713e+00,-4.574606e+01
31.17700,4.855603e+02,5.394337e+01,6.844520e+00,-5.210125e+01
31.17800,4.846569e+02,4.821107e+01,6.114621e+00,-5.814271e+01
31.17900,4.836358e+02,4.233640e+01,5.297315e+00,-6.413787e+01
31.18000,4.824741e+02,3.705459e+01,4.336975e+00,-6.950413e+01
31.18100,4.812170e+02,3.116947e+01,3.300387e+00,-7.528067e+01
31.18200,4.798358e+02,2.538655e+01,2.177899e+00,-8.085207e+01
31.18300,4.783017e+02,2.008083e+01,8.893233e-01,-8.582947e+01
31.18400,4.765769e+02,1.551957e+01,-5.757073e-01,-8.996440e+01
31.18500,4.749798e+02,9.876247e+00,-1.918173e+00,-9.503673e+01
31.18600,4.730767e+02,5.268071e+00,-3.546539e+00,-9.894267e+01
31.18700,4.713066e+02,-2.102437e-01,-5.050304e+00,-1.035977e+02
31.18800,4.697834e+02,-7.005993e+00,-6.317001e+00,-1.094531e+02
31.18900,4.677529e+02,-1.158703e+01,-8.084980e+00,-1.129187e+02
31.19000,4.658145e+02,-1.654690e+01,-9.767127e+00,-1.167454e+02
31.19100,4.640236e+02,-2.238853e+01,-1.134376e+01,-1.212061e+02
31.19200,4.611699e+02,-2.332845e+01,-1.393973e+01,-1.207635e+02
31.19300,4.594636e+02,-2.931805e+01,-1.543760e+01,-1.252081e+02
31.19400,4.576397e+02,-3.506393e+01,-1.707453e+01,-1.292390e+02
31.19500,4.559495e+02,-4.093558e+01,-1.860202e+01,-1.333071e+02
31.19600,4.541429e+02,-4.664995e+01,-2.026326e+01,-1.370633e+02
31.19700,4.530781e+02,-5.371601e+01,-2.121674e+01,-1.421071e+02
31.19800,4.518947e+02,-6.109104e+01,-2.227686e+01,-1.472707e+02
31.19900,4.502419e+02,-6.543403e+01,-2.382021e+01,-1.494609e+02
31.20000,4.487618e+02,-7.186573e+01,-2.522351e+01,-1.533133e+02
31.20100,4.475575e+02,-7.715287e+01,-2.635829e+01,-1.561477e+02
31.20200,4.466549e+02,-8.288087e+01,-2.723863e+01,-1.592874e+02
31.20300,4.447025e+02,-8.523707e+01,-2.910745e+01,-1.591764e+02
31.20400,4.436838e+02,-9.102693e+01,-3.013831e+01,-1.620893e+02
31.20500,4.427718e+02,-9.630613e+01,-3.107600e+01,-1.644401e+02
31.20600,4.419824e+02,-1.011699e+02,-3.190709e+01,-1.663299e+02
31.20700,4.411401e+02,-1.076983e+02,-3.279975e+01,-1.696014e+02
31.20800,4.404123e+02,-1.123623e+02,-3.355161e+01,-1.711019e+02
31.20900,4.393122e+02,-1.106139e+02,-3.468209e+01,-1.666803e+02
31.21000,4.387118e+02,-1.167208e+02,-3.537692e+01,-1.693635e+02
31.21100,4.381660e+02,-1.211254e+02,-3.599463e+01,-1.703837e+02
31.21200,4.378357e+02,-1.253474e+02,-3.641743e+01,-1.711719e+02
31.21300,4.374378e+02,-1.287103e+02,-3.688477e+01,-1.711127e+02
31.21400,4.371210e+02,-1.320368e+02,-3.729030e+01,-1.709424e+02
31.21500,4.368783e+02,-1.345997e+02,-3.761495e+01,-1.700134e+02
31.21600,4.368450e+02,-1.375859e+02,-3.774129e+01,-1.694271e+02
31.21700,4.369587e+02,-1.402963e+02,-3.772054e+01,-1.685298e+02
31.21800,4.371057e+02,-1.452879e+02,-3.766131e+01,-1.696945e+02
31.21900,4.370708e+02,-1.480238e+02,-3.778460e+01,-1.687943e+02
31.22000,4.372105e+02,-1.497056e+02,-3.769584e+01,-1.668579e+02
31.22100,4.377522e+02,-1.530054e+02,-3.726261e+01,-1.663569e+02
31.22200,4.382349e+02,-1.551712e+02,-3.685727e+01,-1.647801e+02
31.22300,4.388489e+02,-1.557205e+02,-3.629851e+01,-1.616319e+02
31.22400,4.396751e+02,-1.572886e+02,-3.554859e+01,-1.594197e+02
31.22500,4.405356e+02,-1.582145e+02,-3.475820e+01,-1.566146e+02
31.22600,4.415074e+02,-1.595205e+02,-3.386035e+01,-1.541702e+02
31.22700,4.425570e+02,-1.604537e+02,-3.288876e+01,-1.513681e+02
31.22800,4.436979e+02,-1.610187e+02,-3.181026e+01,-1.481805e+02
31.22900,4.449310e+02,-1.620442e+02,-3.064563e+01,-1.454964e+02
31.23000,4.462553e+02,-1.630153e+02,-2.937409e+01,-1.427787e+02
31.23100,4.476748e+02,-1.634177e+02,-2.804170e+01,-1.394535e+02
31.23200,4.491337e+02,-1.632181e+02,-2.664283e+01,-1.356443e+02
31.23300,4.505623e+02,-1.641851e+02,-2.530099e+01,-1.329555e+02
31.23400,4.522560e+02,-1.645229e+02,-2.370469e+01,-1.297089e+02
31.23500,4.539222e+02,-1.645746e+02,-2.212008e+01,-1.262098e+02
31.23600,4.555817e+02,-1.642183e+02,-2.054628e+01,-1.223788e+02
31.23700,4.573097e+02,-1.637111e+02,-1.891814e+01,-1.184321e+02
31.23800,4.590613e+02,-1.629059e+02,-1.726189e+01,-1.142398e+02
31.23900,4.608577e+02,-1.623608e+02,-1.557872e+01,-1.103610e+02
31.24000,4.626328e+02,-1.612159e+02,-1.391297e+01,-1.059675e+02
31.24100,4.645723e+02,-1.612977e+02,-1.210677e+01,-1.027425e+02
31.24200,4.661313e+02,-1.578141e+02,-1.064721e+01,-9.632220e+01
31.24300,4.678899e+02,-1.562967e+02,-9.014427e+00,-9.174060e+01
31.24400,4.695579e+02,-1.546153e+02,-7.469193e+00,-8.714553e+01
31.24500,4.711428e+02,-1.516603e+02,-6.005299e+00,-8.133487e+01
31.24600,4.727216e+02,-1.486453e+02,-4.547673e+00,-7.560013e+01
31.24700,4.742185e+02,-1.454925e+02,-3.164689e+00,-6.984047e+01
31.24800,4.756481e+02,-1.413366e+02,-1.851749e+00,-6.316667e+01
31.24900,4.770125e+02,-1.376125e+02,-6.009268e-01,-5.704415e+01
31.25000,4.783005e+02,-1.329255e+02,5.695332e-01,-5.005507e+01
31.25100,4.795683e+02,-1.276604e+02,1.743242e+00,-4.265509e+01
31.25200,4.806190e+02,-1.233229e+02,2.688228e+00,-3.624248e+01
31.25300,4.815917e+02,-1.183867e+02,3.543814e+00,-2.926081e+01
31.25400,4.824876e+02,-1.135502e+02,4.357747e+00,-2.256853e+01
31.25500,4.832833e+02,-1.081843e+02,5.072450e+00,-1.548315e+01
31.25600,4.839697e+02,-1.021391e+02,5.700231e+00,-7.792907e+00
31.25700,4.845339e+02,-9.598247e+01,6.224595e+00,-1.764947e-01
31.25800,4.849123e+02,-9.091620e+01,6.567072e+00,6.313694e+00
31.25900,4.852393e+02,-8.428740e+01,6.898420e+00,1.422537e+01
31.26000,4.853977e+02,-7.854767e+01,7.055167e+00,2.114591e+01
31.26100,4.854002e+02,-7.266133e+01,7.096393e+00,2.806409e+01
31.26200,4.853164e+02,-6.638666e+01,7.048280e+00,3.530809e+01
31.26300,4.850563e+02,-6.040719e+01,6.870813e+00,4.211672e+01
31.26400,4.846463e+02,-5.435261e+01,6.543189e+00,4.885204e+01
31.26500,4.841148e+02,-4.821635e+01,6.120810e+00,5.561305e+01
31.26600,4.834086e+02,-4.256687e+01,5.542973e+00,6.178487e+01
31.26700,4.825169e+02,-3.737300e+01,4.799427e+00,6.738987e+01
31.26800,4.815991e+02,-3.143861e+01,4.050709e+00,7.363067e+01
31.26900,4.804845e+02,-2.588448e+01,3.123575e+00,7.934567e+01
31.27000,4.792819e+02,-2.037863e+01,2.119025e+00,8.490333e+01
31.27100,4.778333e+02,-1.581335e+01,8.796013e-01,8.949387e+01
31.27200,4.763169e+02,-1.099067e+01,-4.144746e-01,9.416373e+01
31.27300,4.748515e+02,-5.390005e+00,-1.641638e+00,9.951307e+01
31.27400,4.730884e+02,-5.265959e-01,-3.157083e+00,1.039185e+02
31.27500,4.713453e+02,4.297463e+00,-4.650768e+00,1.082791e+02
31.27600,4.695025e+02,8.784100e+00,-6.246401e+00,1.121526e+02
31.27700,4.676139e+02,1.365069e+01,-7.875233e+00,1.162597e+02
31.27800,4.659293e+02,1.939435e+01,-9.326567e+00,1.211686e+02
31.27900,4.639459e+02,2.387324e+01,-1.107563e+01,1.246727e+02
31.28000,4.619837e+02,2.859808e+01,-1.280165e+01,1.282793e+02
31.28100,4.601499e+02,3.389101e+01,-1.441872e+01,1.323568e+02
31.28200,4.576217e+02,3.567597e+01,-1.672339e+01,1.328090e+02
31.28300,4.557857e+02,4.089239e+01,-1.835177e+01,1.366168e+02
31.28400,4.540079e+02,4.673144e+01,-1.993113e+01,1.408468e+02
31.28500,4.521535e+02,5.235540e+01,-2.162238e+01,1.447298e+02
31.28600,4.504499e+02,5.759685e+01,-2.315499e+01,1.481319e+02
31.28700,4.489762e+02,6.358903e+01,-2.449423e+01,1.521549e+02
31.28800,4.482877e+02,7.224447e+01,-2.509172e+01,1.586765e+02
31.28900,4.466479e+02,7.679867e+01,-2.660750e+01,1.611104e+02
31.29000,4.452795e+02,8.182867e+01,-2.788582e+01,1.639486e+02
31.29100,4.437192e+02,8.762940e+01,-2.936350e+01,1.672038e+02
31.29200,4.425929e+02,9.279300e+01,-3.043636e+01,1.699147e+02
31.29300,4.414345e+02,9.782067e+01,-3.155871e+01,1.723670e+02
31.29400,4.398762e+02,1.007365e+02,-3.305154e+01,1.727741e+02
31.29500,4.388517e+02,1.064458e+02,-3.408303e+01,1.755985e+02
31.29600,4.377220e+02,1.104851e+02,-3.521231e+01,1.768369e+02
31.29700,4.374695e+02,1.167499e+02,-3.551375e+01,1.800506e+02
31.29800,4.366627e+02,1.229505e+02,-3.634771e+01,1.830030e+02
31.29900,4.357430e+02,1.231066e+02,-3.727351e+01,1.804233e+02
31.30000,4.348827e+02,1.267444e+02,-3.817301e+01,1.809959e+02
31.30100,4.343029e+02,1.311028e+02,-3.880638e+01,1.820900e+02
31.30200,4.339350e+02,1.354392e+02,-3.923869e+01,1.831156e+02
31.30300,4.337116e+02,1.401227e+02,-3.954407e+01,1.843626e+02
31.30400,4.331659e+02,1.416675e+02,-4.012166e+01,1.827077e+02
31.30500,4.328189e+02,1.438761e+02,-4.051918e+01,1.816026e+02
31.30600,4.327293e+02,1.466693e+02,-4.068163e+01,1.809704e+02
31.30700,4.326559e+02,1.487889e+02,-4.079793e+01,1.796879e+02
31.30800,4.328433e+02,1.507746e+02,-4.067883e+01,1.782087e+02
31.30900,4.327875e+02,1.531073e+02,-4.079493e+01,1.770660e+02
31.31000,4.329449e+02,1.567859e+02,-4.067541e+01,1.770739e+02
31.31100,4.331203e+02,1.578645e+02,-4.055278e+01,1.746835e+02
31.31200,4.337107e+02,1.609823e+02,-4.003144e+01,1.741465e+02
31.31300,4.342594e+02,1.615245e+02,-3.952515e+01,1.711253e+02
31.31400,4.350533e+02,1.621564e+02,-3.879270e+01,1.681435e+02
31.31500,4.358463e+02,1.630523e+02,-3.804643e+01,1.654908e+02
31.31600,4.368148e+02,1.633143e+02,-3.713633e+01,1.621407e+02
31.31700,4.378398e+02,1.637295e+02,-3.616887e+01,1.589675e+02
31.31800,4.390015e+02,1.645708e+02,-3.506663e+01,1.562261e+02
31.31900,4.402545e+02,1.651746e+02,-3.389633e+01,1.531985e+02
31.32000,4.415899e+02,1.653013e+02,-3.262699e+01,1.497303e+02
31.32100,4.430365e+02,1.658182e+02,-3.126338e+01,1.466613e+02
31.32200,4.445669e+02,1.657365e+02,-2.983083e+01,1.430097e+02
31.32300,4.461989e+02,1.670214e+02,-2.829678e+01,1.407119e+02
31.32400,4.479036e+02,1.668885e+02,-2.670125e+01,1.370059e+02
31.32500,4.497033e+02,1.669619e+02,-2.502382e+01,1.335537e+02
31.32600,4.514409e+02,1.672541e+02,-2.341885e+01,1.303539e+02
31.32700,4.532877e+02,1.674020e+02,-2.172102e+01,1.270060e+02
31.32800,4.552463e+02,1.677905e+02,-1.992309e+01,1.239287e+02
31.32900,4.571459e+02,1.670973e+02,-1.818770e+01,1.198641e+02
31.33000,4.590749e+02,1.668909e+02,-1.642567e+01,1.163351e+02
31.33100,4.610250e+02,1.658993e+02,-1.466814e+01,1.120329e+02
31.33200,4.630085e+02,1.659967e+02,-1.288264e+01,1.088768e+02
31.33300,4.650071e+02,1.648557e+02,-1.110515e+01,1.045421e+02
31.33400,4.669648e+02,1.644273e+02,-9.359300e+00,1.009701e+02
31.33500,4.687395e+02,1.627999e+02,-7.799873e+00,9.630467e+01
31.33600,4.704669e+02,1.598644e+02,-6.287927e+00,9.050807e+01
31.33700,4.722319e+02,1.583013e+02,-4.749033e+00,8.605480e+01
31.33800,4.739201e+02,1.555381e+02,-3.289199e+00,8.055693e+01
31.33900,4.755277e+02,1.528187e+02,-1.894108e+00,7.517787e+01
31.34000,4.770812e+02,1.495975e+02,-5.662092e-01,6.939600e+01
31.34100,4.785509e+02,1.461322e+02,6.847873e-01,6.348329e+01
31.34200,4.799142e+02,1.424953e+02,1.850823e+00,5.751087e+01
31.34300,4.812290e+02,1.381599e+02,2.961059e+00,5.096847e+01
31.34400,4.824569e+02,1.335683e+02,4.013823e+00,4.425855e+01
31.34500,4.834985e+02,1.286590e+02,4.894178e+00,3.741536e+01
31.34600,4.844758e+02,1.241511e+02,5.695706e+00,3.100043e+01
31.34700,4.852130e+02,1.190235e+02,6.318752e+00,2.408347e+01
31.34800,4.859343e+02,1.139650e+02,6.923173e+00,1.739890e+01
31.34900,4.865547e+02,1.084573e+02,7.444840e+00,1.038591e+01
31.35000,4.870561e+02,1.018624e+02,7.889027e+00,2.465255e+00
31.35100,4.873385e+02,9.679820e+01,8.137420e+00,-3.880875e+00
31.35200,4.875117e+02,9.137760e+01,8.283613e+00,-1.049359e+01
31.35300,4.876049e+02,8.423773e+01,8.393420e+00,-1.857186e+01
31.35400,4.874508e+02,7.859987e+01,8.292240e+00,-2.509585e+01
31.35500,4.872060e+02,7.234013e+01,8.113167e+00,-3.211575e+01
31.35600,4.868440e+02,6.608082e+01,7.844580e+00,-3.903347e+01
31.35700,4.862895e+02,5.998477e+01,7.420193e+00,-4.560157e+01
31.35800,4.856207e+02,5.388338e+01,6.897807e+00,-5.210631e+01
31.35900,4.847118e+02,4.828204e+01,6.156805e+00,-5.803245e+01
31.36000,4.837165e+02,4.226451e+01,5.367541e+00,-6.416221e+01
31.36100,4.825396e+02,3.710487e+01,4.388912e+00,-6.942160e+01
31.36200,4.813244e+02,3.102387e+01,3.393164e+00,-7.538207e+01
31.36300,4.799822e+02,2.498666e+01,2.311539e+00,-8.119413e+01
31.36400,4.784110e+02,1.996219e+01,9.852027e-01,-8.592573e+01
31.36500,4.766828e+02,1.540809e+01,-4.817079e-01,-9.004347e+01
31.36600,4.750865e+02,9.873127e+00,-1.827691e+00,-9.502080e+01
31.36700,4.731822e+02,5.194694e+00,-3.448953e+00,-9.898873e+01
31.36800,4.714214e+02,-3.252171e-01,-4.951329e+00,-1.036966e+02
31.36900,4.698834e+02,-6.990913e+00,-6.227987e+00,-1.094359e+02
31.37000,4.678893e+02,-1.180953e+01,-7.960200e+00,-1.131296e+02
31.37100,4.659530e+02,-1.663656e+01,-9.642140e+00,-1.168393e+02
31.37200,4.641735e+02,-2.275213e+01,-1.120192e+01,-1.215524e+02
31.37300,4.613440e+02,-2.375533e+01,-1.377424e+01,-1.211882e+02
31.37400,4.596035e+02,-2.946158e+01,-1.530975e+01,-1.253657e+02
31.37500,4.578120e+02,-3.527549e+01,-1.691458e+01,-1.294729e+02
31.37600,4.560987e+02,-4.109985e+01,-1.846169e+01,-1.334950e+02
31.37700,4.542233e+02,-4.661816e+01,-2.019182e+01,-1.370584e+02
31.37800,4.531312e+02,-5.353172e+01,-2.116715e+01,-1.419577e+02
31.37900,4.520202e+02,-6.115505e+01,-2.216218e+01,-1.473719e+02
31.38000,4.503656e+02,-6.549910e+01,-2.370137e+01,-1.495727e+02
31.38100,4.488794e+02,-7.195647e+01,-2.511363e+01,-1.534477e+02
31.38200,4.476887e+02,-7.719173e+01,-2.623319e+01,-1.562467e+02
31.38300,4.467478e+02,-8.281013e+01,-2.715135e+01,-1.592935e+02
31.38400,4.448354e+02,-8.551447e+01,-2.898538e+01,-1.594862e+02
31.38500,4.437969e+02,-9.091047e+01,-3.002937e+01,-1.620623e+02
31.38600,4.427346e+02,-9.585833e+01,-3.110339e+01,-1.640957e+02
31.38700,4.420803e+02,-1.012843e+02,-3.180924e+01,-1.665127e+02
31.38800,4.412102e+02,-1.074555e+02,-3.272615e+01,-1.694637e+02
31.38900,4.404740e+02,-1.121444e+02,-3.348138e+01,-1.709843e+02
31.39000,4.393749e+02,-1.105720e+02,-3.461699e+01,-1.667225e+02
31.39100,4.387701e+02,-1.167277e+02,-3.531199e+01,-1.694630e+02
31.39200,4.382250e+02,-1.211187e+02,-3.593602e+01,-1.704687e+02
31.39300,4.378984e+02,-1.253793e+02,-3.635169e+01,-1.712961e+02
31.39400,4.376140e+02,-1.295204e+02,-3.671475e+01,-1.719397e+02
31.39500,4.371257e+02,-1.318244e+02,-3.728176e+01,-1.708542e+02
31.39600,4.369269e+02,-1.347193e+02,-3.756512e+01,-1.702282e+02
31.39700,4.368652e+02,-1.376187e+02,-3.771329e+01,-1.695611e+02
31.39800,4.369924e+02,-1.403923e+02,-3.768860e+01,-1.687196e+02
31.39900,4.371426e+02,-1.454406e+02,-3.762231e+01,-1.699450e+02
31.40000,4.371301e+02,-1.487390e+02,-3.772646e+01,-1.695655e+02
31.40100,4.372293e+02,-1.495828e+02,-3.767770e+01,-1.668535e+02
31.40200,4.377798e+02,-1.529910e+02,-3.723981e+01,-1.664513e+02
31.40300,4.382401e+02,-1.553855e+02,-3.684385e+01,-1.651074e+02
31.40400,4.388493e+02,-1.559348e+02,-3.629131e+01,-1.619627e+02
31.40500,4.396691e+02,-1.572384e+02,-3.555339e+01,-1.594863e+02
31.40600,4.405200e+02,-1.583667e+02,-3.476793e+01,-1.568703e+02
31.40700,4.414827e+02,-1.596121e+02,-3.388124e+01,-1.543735e+02
31.40800,4.425237e+02,-1.604247e+02,-3.290971e+01,-1.514551e+02
31.40900,4.436745e+02,-1.610501e+02,-3.183120e+01,-1.483294e+02
31.41000,4.448897e+02,-1.620207e+02,-3.067873e+01,-1.456006e+02
31.41100,4.462142e+02,-1.630441e+02,-2.941327e+01,-1.429266e+02
31.41200,4.476332e+02,-1.631054e+02,-2.808985e+01,-1.392717e+02
31.41300,4.490826e+02,-1.632552e+02,-2.669033e+01,-1.358041e+02
31.41400,4.505127e+02,-1.641819e+02,-2.534760e+01,-1.330797e+02
31.41500,4.522031e+02,-1.645111e+02,-2.375489e+01,-1.298266e+02
31.41600,4.538759e+02,-1.646503e+02,-2.216338e+01,-1.263925e+02
31.41700,4.555273e+02,-1.642702e+02,-2.059683e+01,-1.225527e+02
31.41800,4.572554e+02,-1.638461e+02,-1.896589e+01,-1.186763e+02
31.41900,4.590029e+02,-1.629305e+02,-1.731619e+01,-1.143844e+02
31.42000,4.608052e+02,-1.624387e+02,-1.562890e+01,-1.105477e+02
31.42100,4.625681e+02,-1.611875e+02,-1.397225e+01,-1.060505e+02
31.42200,4.644941e+02,-1.611445e+02,-1.217909e+01,-1.027153e+02
31.42300,4.660663e+02,-1.579367e+02,-1.070583e+01,-9.654547e+01
31.42400,4.678361e+02,-1.562528e+02,-9.063380e+00,-9.182220e+01
31.42500,4.695103e+02,-1.546349e+02,-7.512720e+00,-8.726947e+01
31.42600,4.710936e+02,-1.517310e+02,-6.047066e+00,-8.151920e+01
31.42700,4.726700e+02,-1.487331e+02,-4.591967e+00,-7.578600e+01
31.42800,4.741710e+02,-1.454931e+02,-3.206817e+00,-6.994040e+01
31.42900,4.756043e+02,-1.414343e+02,-1.893413e+00,-6.335328e+01
31.43000,4.769726e+02,-1.376785e+02,-6.377237e-01,-5.720026e+01
31.43100,4.782597e+02,-1.330611e+02,5.339645e-01,-5.028357e+01
31.43200,4.795502e+02,-1.277173e+02,1.732107e+00,-4.280105e+01
31.43300,4.805942e+02,-1.234364e+02,2.659009e+00,-3.643379e+01
31.43400,4.815688e+02,-1.184515e+02,3.525962e+00,-2.940004e+01
31.43500,4.824702e+02,-1.136818e+02,4.342364e+00,-2.277633e+01
31.43600,4.832673e+02,-1.082839e+02,5.058355e+00,-1.565399e+01
31.43700,4.839596e+02,-1.022533e+02,5.692224e+00,-7.975600e+00
31.43800,4.845776e+02,-9.570887e+01,6.267019e+00,-5.713453e-03
31.43900,4.849141e+02,-9.105133e+01,6.566320e+00,6.110291e+00
31.44000,4.852489e+02,-8.433740e+01,6.910173e+00,1.411674e+01
31.44100,4.854101e+02,-7.853947e+01,7.072367e+00,2.108669e+01
31.44200,4.854314e+02,-7.272607e+01,7.119307e+00,2.794623e+01
31.44300,4.853467e+02,-6.635055e+01,7.074460e+00,3.528573e+01
31.44400,4.850985e+02,-6.036359e+01,6.911100e+00,4.210544e+01
31.44500,4.847082e+02,-5.426735e+01,6.597636e+00,4.888495e+01
31.44600,4.841761e+02,-4.820639e+01,6.172705e+00,5.558103e+01
31.44700,4.834712e+02,-4.250763e+01,5.600697e+00,6.179523e+01
31.44800,4.825869e+02,-3.725852e+01,4.860853e+00,6.746013e+01
31.44900,4.816819e+02,-3.136646e+01,4.123542e+00,7.366220e+01
31.45000,4.805597e+02,-2.589011e+01,3.190210e+00,7.930427e+01
31.45100,4.793510e+02,-2.041733e+01,2.179243e+00,8.484127e+01
31.45200,4.779167e+02,-1.579632e+01,9.554893e-01,8.948713e+01
31.45300,4.764202e+02,-1.087382e+01,-3.215908e-01,9.424800e+01
31.45400,4.749873e+02,-5.121143e+00,-1.521253e+00,9.974747e+01
31.45500,4.731969e+02,-4.542794e-01,-3.058329e+00,1.039777e+02
31.45600,4.714468e+02,4.264573e+00,-4.561205e+00,1.082355e+02
31.45700,4.696166e+02,8.824227e+00,-6.146654e+00,1.121875e+02
31.45800,4.677037e+02,1.355975e+01,-7.796113e+00,1.161693e+02
31.45900,4.660665e+02,1.952827e+01,-9.201327e+00,1.213077e+02
31.46000,4.640569e+02,2.388381e+01,-1.097356e+01,1.246863e+02
31.46100,4.621262e+02,2.877088e+01,-1.267301e+01,1.284554e+02
31.46200,4.602886e+02,3.402387e+01,-1.428969e+01,1.324991e+02
31.46300,4.577573e+02,3.585593e+01,-1.659371e+01,1.330153e+02
31.46400,4.559230e+02,4.094523e+01,-1.822435e+01,1.366812e+02
31.46500,4.541326e+02,4.682325e+01,-1.981415e+01,1.409644e+02
31.46600,4.522761e+02,5.238048e+01,-2.151069e+01,1.447937e+02
31.46700,4.505463e+02,5.754922e+01,-2.306653e+01,1.481237e+02
31.46800,4.491189e+02,6.362980e+01,-2.436493e+01,1.522531e+02
31.46900,4.483029e+02,7.206747e+01,-2.507898e+01,1.585264e+02
31.47000,4.467676e+02,7.672973e+01,-2.649447e+01,1.611205e+02
31.47100,4.454032e+02,8.173013e+01,-2.777097e+01,1.639373e+02
31.47200,4.438321e+02,8.768447e+01,-2.925633e+01,1.673151e+02
31.47300,4.426648e+02,9.288013e+01,-3.036545e+01,1.700463e+02
31.47400,4.414953e+02,9.789473e+01,-3.149410e+01,1.724962e+02
31.47500,4.399953e+02,1.008393e+02,-3.293749e+01,1.729424e+02
31.47600,4.389421e+02,1.064784e+02,-3.399483e+01,1.757005e+02
31.47700,4.377200e+02,1.100430e+02,-3.520738e+01,1.765118e+02
31.47800,4.375239e+02,1.164419e+02,-3.546153e+01,1.798517e+02
31.47900,4.367186e+02,1.228183e+02,-3.628546e+01,1.829725e+02
31.48000,4.358448e+02,1.239144e+02,-3.717403e+01,1.812459e+02
31.48100,4.349388e+02,1.266539e+02,-3.811710e+01,1.809998e+02
31.48200,4.343535e+02,1.310347e+02,-3.875973e+01,1.821307e+02
31.48300,4.339849e+02,1.354003e+02,-3.918768e+01,1.831769e+02
31.48400,4.337705e+02,1.401744e+02,-3.948003e+01,1.845060e+02
31.48500,4.332102e+02,1.416515e+02,-4.007797e+01,1.827987e+02
31.48600,4.328392e+02,1.437606e+02,-4.049519e+01,1.816084e+02
31.48700,4.327454e+02,1.466239e+02,-4.065903e+01,1.810421e+02
31.48800,4.326807e+02,1.489511e+02,-4.076536e+01,1.799395e+02
31.48900,4.328392e+02,1.509689e+02,-4.067650e+01,1.784969e+02
31.49000,4.327986e+02,1.534189e+02,-4.078025e+01,1.774571e+02
31.49100,4.329632e+02,1.568775e+02,-4.066359e+01,1.772751e+02
31.49200,4.331617e+02,1.581164e+02,-4.051277e+01,1.750279e+02
31.49300,4.337000e+02,1.608917e+02,-4.004196e+01,1.741785e+02
31.49400,4.342571e+02,1.614159e+02,-3.952937e+01,1.711466e+02
31.49500,4.350303e+02,1.620881e+02,-3.880920e+01,1.682118e+02
31.49600,4.358321e+02,1.628486e+02,-3.805619e+01,1.654153e+02
31.49700,4.367997e+02,1.632917e+02,-3.714674e+01,1.622421e+02
31.49800,4.378097e+02,1.637606e+02,-3.619616e+01,1.591349e+02
31.49900,4.389848e+02,1.645807e+02,-3.508850e+01,1.563467e+02
31.50000,4.402139e+02,1.650477e+02,-3.393542e+01,1.532148e+02
31.50100,4.415529e+02,1.654187e+02,-3.266653e+01,1.499655e+02
31.50200,4.429871e+02,1.658749e+02,-3.130714e+01,1.468374e+02
31.50300,4.444997e+02,1.655827e+02,-2.988623e+01,1.430078e+02
31.50400,4.461393e+02,1.669225e+02,-2.835278e+01,1.407471e+02
31.50500,4.478392e+02,1.668242e+02,-2.675722e+01,1.370707e+02
31.50600,4.496437e+02,1.671047e+02,-2.508024e+01,1.338200e+02
31.50700,4.513493e+02,1.671419e+02,-2.350238e+01,1.303809e+02
31.50800,4.532185e+02,1.672943e+02,-2.178320e+01,1.270305e+02
31.50900,4.551765e+02,1.677169e+02,-1.998740e+01,1.239853e+02
31.51000,4.570845e+02,1.671226e+02,-1.824365e+01,1.200212e+02
31.51100,4.590052e+02,1.668201e+02,-1.649146e+01,1.163919e+02
31.51200,4.609556e+02,1.659176e+02,-1.473011e+01,1.121817e+02
31.51300,4.629406e+02,1.657869e+02,-1.294461e+01,1.088126e+02
31.51400,4.649364e+02,1.648291e+02,-1.116678e+01,1.046427e+02
31.51500,4.668949e+02,1.642703e+02,-9.419400e+00,1.009452e+02
31.51600,4.687131e+02,1.630647e+02,-7.826527e+00,9.666960e+01
31.51700,4.704038e+02,1.598403e+02,-6.344671e+00,9.060000e+01
31.51800,4.721659e+02,1.583405e+02,-4.801892e+00,8.621687e+01
31.51900,4.738648e+02,1.555766e+02,-3.333049e+00,8.070233e+01
31.52000,4.754709e+02,1.527789e+02,-1.940707e+00,7.524707e+01
31.52100,4.770297e+02,1.496401e+02,-6.118136e-01,6.954360e+01
31.52200,4.784978e+02,1.460524e+02,6.483009e-01,6.351475e+01
31.52300,4.798741e+02,1.425087e+02,1.816438e+00,5.762439e+01
31.52400,4.811819e+02,1.381379e+02,2.922630e+00,5.104909e+01
31.52500,4.824739e+02,1.334099e+02,4.035902e+00,4.421275e+01
31.52600,4.834695e+02,1.286901e+02,4.867613e+00,3.753661e+01
31.52700,4.844589e+02,1.241180e+02,5.683697e+00,3.106670e+01
31.52800,4.852023e+02,1.190109e+02,6.307685e+00,2.416198e+01
31.52900,4.859275e+02,1.139366e+02,6.918653e+00,1.745727e+01
31.53000,4.865465e+02,1.085220e+02,7.440167e+00,1.053356e+01
31.53100,4.870869e+02,1.015217e+02,7.925787e+00,2.230863e+00
31.53200,4.873493e+02,9.668080e+01,8.152200e+00,-3.916589e+00
31.53300,4.875309e+02,9.136267e+01,8.304380e+00,-1.043075e+01
31.53400,4.876280e+02,8.419427e+01,8.419153e+00,-1.854695e+01
31.53500,4.874891e+02,7.857933e+01,8.323980e+00,-2.505313e+01
31.53600,4.872425e+02,7.237033e+01,8.147220e+00,-3.202588e+01
31.53700,4.868979e+02,6.604255e+01,7.889600e+00,-3.901567e+01
31.53800,4.863460e+02,5.995226e+01,7.469733e+00,-4.558000e+01
31.53900,4.856751e+02,5.396062e+01,6.941013e+00,-5.199457e+01
31.54000,4.847840e+02,4.820539e+01,6.223571e+00,-5.806603e+01
31.54100,4.838093e+02,4.213052e+01,5.448423e+00,-6.425193e+01
31.54200,4.826297e+02,3.700459e+01,4.468078e+00,-6.947913e+01
31.54300,4.814548e+02,3.063430e+01,3.518797e+00,-7.571280e+01
31.54400,4.800603e+02,2.505323e+01,2.374793e+00,-8.110733e+01
31.54500,4.785393e+02,1.978392e+01,1.100271e+00,-8.607560e+01
31.54600,4.767893e+02,1.528698e+01,-3.848521e-01,-9.013393e+01
31.54700,4.751953e+02,9.760213e+00,-1.730654e+00,-9.510213e+01
31.54800,4.733395e+02,4.831531e+00,-3.306410e+00,-9.931667e+01
31.54900,4.715463e+02,-4.136397e-01,-4.837334e+00,-1.037764e+02
31.55000,4.699931e+02,-6.957047e+00,-6.136793e+00,-1.093958e+02
31.55100,4.680463e+02,-1.210793e+01,-7.818213e+00,-1.134097e+02
31.55200,4.660975e+02,-1.675656e+01,-9.513280e+00,-1.169566e+02
31.55300,4.642859e+02,-2.279589e+01,-1.109979e+01,-1.215915e+02
31.55400,4.614985e+02,-2.387271e+01,-1.363007e+01,-1.213313e+02
31.55500,4.597271e+02,-2.948166e+01,-1.519877e+01,-1.254094e+02
31.55600,4.579811e+02,-3.539594e+01,-1.675979e+01,-1.296293e+02
31.55700,4.562594e+02,-4.140597e+01,-1.831299e+01,-1.338071e+02
31.55800,4.543237e+02,-4.665607e+01,-2.010273e+01,-1.371173e+02
31.55900,4.532089e+02,-5.359439e+01,-2.108791e+01,-1.420460e+02
31.56000,4.521608e+02,-6.131171e+01,-2.203336e+01,-1.475535e+02
31.56100,4.504791e+02,-6.556027e+01,-2.359011e+01,-1.496690e+02
31.56200,4.489752e+02,-7.201827e+01,-2.502800e+01,-1.535513e+02
31.56300,4.477995e+02,-7.718393e+01,-2.612741e+01,-1.562994e+02
31.56400,4.468425e+02,-8.280520e+01,-2.706207e+01,-1.593483e+02
31.56500,4.449305e+02,-8.562207e+01,-2.889167e+01,-1.596541e+02
31.56600,4.439031e+02,-9.090493e+01,-2.992692e+01,-1.621285e+02
31.56700,4.426805e+02,-9.535100e+01,-3.114752e+01,-1.636995e+02
31.56800,4.421589e+02,-1.013209e+02,-3.173329e+01,-1.666146e+02
31.56900,4.412959e+02,-1.071911e+02,-3.264167e+01,-1.693057e+02
31.57000,4.405369e+02,-1.120161e+02,-3.341480e+01,-1.709495e+02
31.57100,4.394662e+02,-1.109465e+02,-3.452641e+01,-1.671503e+02
31.57200,4.388240e+02,-1.166141e+02,-3.524737e+01,-1.694457e+02
31.57300,4.382857e+02,-1.210908e+02,-3.586835e+01,-1.705366e+02
31.57400,4.379543e+02,-1.254155e+02,-3.629622e+01,-1.714245e+02
31.57500,4.377171e+02,-1.298370e+02,-3.661235e+01,-1.723233e+02
31.57600,4.371886e+02,-1.319682e+02,-3.721857e+01,-1.710837e+02
31.57700,4.369663e+02,-1.346619e+02,-3.753273e+01,-1.702795e+02
31.57800,4.368709e+02,-1.374921e+02,-3.770233e+01,-1.695573e+02
31.57900,4.370075e+02,-1.404487e+02,-3.767752e+01,-1.688837e+02
31.58000,4.371825e+02,-1.455823e+02,-3.758104e+01,-1.701899e+02
31.58100,4.371740e+02,-1.499633e+02,-3.768172e+01,-1.707921e+02
31.58200,4.372463e+02,-1.494866e+02,-3.766199e+01,-1.668755e+02
31.58300,4.377825e+02,-1.529715e+02,-3.723294e+01,-1.665484e+02
31.58400,4.382531e+02,-1.554732e+02,-3.683045e+01,-1.653011e+02
31.58500,4.388504e+02,-1.561568e+02,-3.629201e+01,-1.622897e+02
31.58600,4.396486e+02,-1.570926e+02,-3.556581e+01,-1.594610e+02
31.58700,4.405080e+02,-1.583153e+02,-3.477883e+01,-1.569386e+02
31.58800,4.414635e+02,-1.597933e+02,-3.389855e+01,-1.546605e+02
31.58900,4.424851e+02,-1.602563e+02,-3.294142e+01,-1.514253e+02
31.59000,4.436592e+02,-1.611634e+02,-3.185207e+01,-1.485569e+02
31.59100,4.448550e+02,-1.619816e+02,-3.070980e+01,-1.456840e+02
31.59200,4.461733e+02,-1.630865e+02,-2.945348e+01,-1.430863e+02
31.59300,4.475881e+02,-1.631382e+02,-2.812848e+01,-1.394176e+02
31.59400,4.490349e+02,-1.633705e+02,-2.673727e+01,-1.360295e+02
31.59500,4.504645e+02,-1.640663e+02,-2.539185e+01,-1.331038e+02
31.59600,4.521569e+02,-1.646897e+02,-2.379790e+01,-1.301224e+02
31.59700,4.538282e+02,-1.648076e+02,-2.220897e+01,-1.266527e+02
31.59800,4.554687e+02,-1.642151e+02,-2.065225e+01,-1.226179e+02
31.59900,4.572011e+02,-1.640632e+02,-1.901487e+01,-1.189933e+02
31.60000,4.589484e+02,-1.630291e+02,-1.737047e+01,-1.146005e+02
31.60100,4.607503e+02,-1.625175e+02,-1.568035e+01,-1.107378e+02
31.60200,4.625088e+02,-1.611651e+02,-1.402799e+01,-1.061445e+02
31.60300,4.644261e+02,-1.610031e+02,-1.224122e+01,-1.027053e+02
31.60400,4.659935e+02,-1.579202e+02,-1.077167e+01,-9.664293e+01
31.60500,4.677775e+02,-1.563488e+02,-9.117493e+00,-9.202160e+01
31.60600,4.694875e+02,-1.541898e+02,-7.531640e+00,-8.697547e+01
31.60700,4.710420e+02,-1.519982e+02,-6.094867e+00,-8.186953e+01
31.60800,4.726191e+02,-1.487667e+02,-4.637279e+00,-7.592407e+01
31.60900,4.741215e+02,-1.454781e+02,-3.250017e+00,-7.002907e+01
31.61000,4.755543e+02,-1.414526e+02,-1.933067e+00,-6.347027e+01
31.61100,4.769329e+02,-1.377298e+02,-6.731313e-01,-5.734339e+01
31.61200,4.782259e+02,-1.331911e+02,5.026231e-01,-5.050629e+01
31.61300,4.794769e+02,-1.278615e+02,1.659094e+00,-4.302648e+01
31.61400,4.805599e+02,-1.235488e+02,2.626261e+00,-3.662874e+01
31.61500,4.815479e+02,-1.185147e+02,3.508423e+00,-2.954477e+01
31.61600,4.824581e+02,-1.136649e+02,4.328869e+00,-2.283745e+01
31.61700,4.832538e+02,-1.083101e+02,5.045947e+00,-1.575800e+01
31.61800,4.839539e+02,-1.023023e+02,5.686016e+00,-8.097833e+00
31.61900,4.845602e+02,-9.583787e+01,6.249692e+00,-1.962847e-01
31.62000,4.849090e+02,-9.105647e+01,6.569364e+00,6.038407e+00
31.62100,4.852656e+02,-8.435580e+01,6.922407e+00,1.403450e+01
31.62200,4.854341e+02,-7.847133e+01,7.095153e+00,2.108343e+01
31.62300,4.854477e+02,-7.284073e+01,7.136367e+00,2.777547e+01
31.62400,4.854017e+02,-6.629818e+01,7.123673e+00,3.527081e+01
31.62500,4.851363e+02,-6.031029e+01,6.944933e+00,4.209671e+01
31.62600,4.847351e+02,-5.438632e+01,6.614892e+00,4.872950e+01
31.62700,4.842263e+02,-4.810657e+01,6.223626e+00,5.562866e+01
31.62800,4.835339e+02,-4.246555e+01,5.658141e+00,6.178985e+01
31.62900,4.827526e+02,-3.644128e+01,5.012355e+00,6.816447e+01
31.63000,4.817541e+02,-3.137539e+01,4.186065e+00,7.361940e+01
31.63100,4.806323e+02,-2.591655e+01,3.254419e+00,7.924180e+01
31.63200,4.794345e+02,-2.042771e+01,2.249547e+00,8.480313e+01
31.63300,4.780096e+02,-1.576282e+01,1.036506e+00,8.949447e+01
31.63400,4.765193e+02,-1.084117e+01,-2.328661e-01,9.426007e+01
31.63500,4.750971e+02,-4.982763e+00,-1.424993e+00,9.985387e+01
31.63600,4.733049e+02,-4.956223e-01,-2.963927e+00,1.039333e+02
31.63700,4.715555e+02,4.326635e+00,-4.465436e+00,1.082812e+02
31.63800,4.697186e+02,8.865493e+00,-6.052706e+00,1.122170e+02
31.63900,4.678201e+02,1.360752e+01,-7.694893e+00,1.162100e+02
31.64000,4.662059e+02,1.970250e+01,-9.075680e+00,1.214759e+02
31.64100,4.641833e+02,2.403201e+01,-1.085674e+01,1.248270e+02
31.64200,4.622625e+02,2.888821e+01,-1.254950e+01,1.285817e+02
31.64300,4.604358e+02,3.421855e+01,-1.415241e+01,1.327133e+02
31.64400,4.578796e+02,3.598255e+01,-1.647761e+01,1.331509e+02
31.64500,4.560477e+02,4.094859e+01,-1.810137e+01,1.367061e+02
31.64600,4.542592e+02,4.700886e+01,-1.969094e+01,1.411558e+02
31.64700,4.523900e+02,5.239754e+01,-2.140568e+01,1.448399e+02
31.64800,4.506694e+02,5.764400e+01,-2.295304e+01,1.482463e+02
31.64900,4.492321e+02,6.369578e+01,-2.425672e+01,1.523644e+02
31.65000,4.483093e+02,7.181513e+01,-2.507051e+01,1.583113e+02
31.65100,4.469196e+02,7.690260e+01,-2.635009e+01,1.613435e+02
31.65200,4.455033e+02,8.175827e+01,-2.767659e+01,1.640166e+02
31.65300,4.439383e+02,8.761607e+01,-2.915806e+01,1.673173e+02
31.65400,4.427375e+02,9.294740e+01,-3.029756e+01,1.701530e+02
31.65500,4.415519e+02,9.799280e+01,-3.143403e+01,1.726286e+02
31.65600,4.401427e+02,1.010459e+02,-3.279843e+01,1.732077e+02
31.65700,4.390305e+02,1.065315e+02,-3.390771e+01,1.758179e+02
31.65800,4.377345e+02,1.096037e+02,-3.518872e+01,1.761974e+02
31.65900,4.376464e+02,1.164505e+02,-3.534505e+01,1.799377e+02
31.66000,4.367774e+02,1.226775e+02,-3.622785e+01,1.829273e+02
31.66100,4.359129e+02,1.242449e+02,-3.709963e+01,1.816327e+02
31.66200,4.349915e+02,1.266167e+02,-3.806429e+01,1.810469e+02
31.66300,4.344237e+02,1.310503e+02,-3.868983e+01,1.822293e+02
31.66400,4.340295e+02,1.352954e+02,-3.914111e+01,1.831727e+02
31.66500,4.338165e+02,1.400945e+02,-3.942779e+01,1.845288e+02
31.66600,4.332495e+02,1.416843e+02,-4.004218e+01,1.829275e+02
31.66700,4.328764e+02,1.438314e+02,-4.045626e+01,1.817769e+02
31.66800,4.327827e+02,1.466529e+02,-4.062493e+01,1.811733e+02
31.66900,4.327106e+02,1.488403e+02,-4.073745e+01,1.799455e+02
31.67000,4.328406e+02,1.510051e+02,-4.067349e+01,1.786501e+02
31.67100,4.328279e+02,1.534988e+02,-4.075108e+01,1.776388e+02
31.67200,4.329823e+02,1.569836e+02,-4.064327e+01,1.774819e+02
31.67300,4.331952e+02,1.584005e+02,-4.047829e+01,1.754012e+02
31.67400,4.336935e+02,1.607637e+02,-4.004601e+01,1.741763e+02
31.67500,4.342467e+02,1.613151e+02,-3.953741e+01,1.711724e+02
31.67600,4.350050e+02,1.620425e+02,-3.884019e+01,1.683002e+02
31.67700,4.358161e+02,1.626449e+02,-3.807763e+01,1.653389e+02
31.67800,4.367631e+02,1.632595e+02,-3.717842e+01,1.623415e+02
31.67900,4.377932e+02,1.638045e+02,-3.622287e+01,1.593037e+02
31.68000,4.389503e+02,1.645499e+02,-3.511489e+01,1.564264e+02
31.68100,4.401722e+02,1.649209e+02,-3.397051e+01,1.532185e+02
31.68200,4.415067e+02,1.654959e+02,-3.270886e+01,1.501680e+02
31.68300,4.429371e+02,1.657503e+02,-3.135533e+01,1.468569e+02
31.68400,4.444523e+02,1.656923e+02,-2.993252e+01,1.432416e+02
31.68500,4.460933e+02,1.669193e+02,-2.839865e+01,1.408652e+02
31.68600,4.477723e+02,1.668550e+02,-2.681371e+01,1.372235e+02
31.68700,4.495743e+02,1.670675e+02,-2.514251e+01,1.339207e+02
31.68800,4.512711e+02,1.669221e+02,-2.357999e+01,1.303007e+02
31.68900,4.531447e+02,1.672667e+02,-2.185361e+01,1.271265e+02
31.69000,4.551035e+02,1.677055e+02,-2.005149e+01,1.240951e+02
31.69100,4.570169e+02,1.671957e+02,-1.830292e+01,1.202177e+02
31.69200,4.589334e+02,1.667224e+02,-1.655475e+01,1.164307e+02
31.69300,4.608864e+02,1.659103e+02,-1.479058e+01,1.123061e+02
31.69400,4.628743e+02,1.657859e+02,-1.300397e+01,1.089298e+02
31.69500,4.648633e+02,1.648314e+02,-1.123019e+01,1.047696e+02
31.69600,4.668306e+02,1.640931e+02,-9.478660e+00,1.009015e+02
31.69700,4.686887e+02,1.634528e+02,-7.849213e+00,9.714153e+01
31.69800,4.703357e+02,1.597144e+02,-6.402691e+00,9.060113e+01
31.69900,4.721101e+02,1.582763e+02,-4.851253e+00,8.626920e+01
31.70000,4.738083e+02,1.556080e+02,-3.381433e+00,8.084500e+01
31.70100,4.754200e+02,1.527685e+02,-1.986458e+00,7.534660e+01
31.70200,4.769823e+02,1.496229e+02,-6.543986e-01,6.963480e+01
31.70300,4.784478e+02,1.460662e+02,6.066885e-01,6.363764e+01
31.70400,4.798366e+02,1.425411e+02,1.786329e+00,5.775214e+01
31.70500,4.811383e+02,1.382761e+02,2.884367e+00,5.127739e+01
31.70600,4.824777e+02,1.332359e+02,4.054437e+00,4.415143e+01
31.70700,4.834451e+02,1.287917e+02,4.844049e+00,3.772027e+01
31.70800,4.844434e+02,1.240285e+02,5.672547e+00,3.108011e+01
31.70900,4.851880e+02,1.190437e+02,6.296509e+00,2.427833e+01
31.71000,4.859189e+02,1.139711e+02,6.911860e+00,1.756969e+01
31.71100,4.865431e+02,1.085007e+02,7.438300e+00,1.059959e+01
31.71200,4.870961e+02,1.014804e+02,7.934300e+00,2.266917e+00
31.71300,4.873665e+02,9.632153e+01,8.177907e+00,-4.172431e+00
31.71400,4.875604e+02,9.123193e+01,8.334440e+00,-1.047729e+01
31.71500,4.876577e+02,8.410007e+01,8.449433e+00,-1.857481e+01
31.71600,4.875259e+02,7.855613e+01,8.357260e+00,-2.501379e+01
31.71700,4.872845e+02,7.232747e+01,8.184253e+00,-3.200338e+01
31.71800,4.869391e+02,6.601585e+01,7.932693e+00,-3.899485e+01
31.71900,4.863926e+02,5.996973e+01,7.509733e+00,-4.551042e+01
31.72000,4.857251e+02,5.409384e+01,6.986453e+00,-5.182631e+01
31.72100,4.848575e+02,4.819732e+01,6.286117e+00,-5.803518e+01
31.72200,4.838819e+02,4.206400e+01,5.510223e+00,-6.427188e+01
31.72300,4.827234e+02,3.690253e+01,4.548547e+00,-6.954220e+01
31.72400,4.815379e+02,3.053425e+01,3.592558e+00,-7.578380e+01
31.72500,4.801744e+02,2.484837e+01,2.472243e+00,-8.125820e+01
31.72600,4.786502e+02,1.972365e+01,1.196569e+00,-8.611733e+01
31.72700,4.768964e+02,1.521977e+01,-2.902055e-01,-9.017953e+01
31.72800,4.753157e+02,9.589893e+00,-1.624053e+00,-9.524620e+01
31.72900,4.734549e+02,4.874567e+00,-3.206669e+00,-9.928313e+01
31.73000,4.716987e+02,-5.933869e-01,-4.692025e+00,-1.039385e+02
31.73100,4.700995e+02,-7.016180e+00,-6.040736e+00,-1.094383e+02
31.73200,4.681829e+02,-1.214124e+01,-7.696773e+00,-1.134507e+02
31.73300,4.662305e+02,-1.699332e+01,-9.387253e+00,-1.171853e+02
31.73400,4.643957e+02,-2.289053e+01,-1.099995e+01,-1.216807e+02
31.73500,4.616873e+02,-2.419897e+01,-1.345213e+01,-1.216645e+02
31.73600,4.598707e+02,-2.954936e+01,-1.507041e+01,-1.254936e+02
31.73700,4.580971e+02,-3.536265e+01,-1.665556e+01,-1.296355e+02
31.73800,4.563884e+02,-4.143195e+01,-1.819130e+01,-1.338620e+02
31.73900,4.544719e+02,-4.674685e+01,-1.995686e+01,-1.372484e+02
31.74000,4.532738e+02,-5.359753e+01,-2.102700e+01,-1.420646e+02
31.74100,4.523544e+02,-6.153271e+01,-2.185319e+01,-1.478187e+02
31.74200,4.506133e+02,-6.576126e+01,-2.346104e+01,-1.498988e+02
31.74300,4.490598e+02,-7.182320e+01,-2.494845e+01,-1.534349e+02
31.74400,4.479191e+02,-7.730493e+01,-2.601301e+01,-1.564669e+02
31.74500,4.469356e+02,-8.288360e+01,-2.696591e+01,-1.594891e+02
31.74600,4.450805e+02,-8.587467e+01,-2.875078e+01,-1.599538e+02
31.74700,4.440087e+02,-9.095947e+01,-2.982299e+01,-1.622468e+02
31.74800,4.426848e+02,-9.500587e+01,-3.113770e+01,-1.634657e+02
31.74900,4.422996e+02,-1.017604e+02,-3.159871e+01,-1.670852e+02
31.75000,4.413775e+02,-1.070373e+02,-3.255551e+01,-1.692555e+02
31.75100,4.406047e+02,-1.118668e+02,-3.335241e+01,-1.708931e+02
31.75200,4.395741e+02,-1.114404e+02,-3.442448e+01,-1.676901e+02
31.75300,4.389034e+02,-1.166905e+02,-3.517524e+01,-1.696069e+02
31.75400,4.383511e+02,-1.211751e+02,-3.579879e+01,-1.707010e+02
31.75500,4.379987e+02,-1.254403e+02,-3.624303e+01,-1.715415e+02
31.75600,4.378075e+02,-1.301453e+02,-3.652517e+01,-1.727017e+02
31.75700,4.372303e+02,-1.319832e+02,-3.717645e+01,-1.712010e+02
31.75800,4.369963e+02,-1.346743e+02,-3.749289e+01,-1.703946e+02
31.75900,4.369193e+02,-1.376267e+02,-3.765293e+01,-1.697829e+02
31.76000,4.370213e+02,-1.404573e+02,-3.766307e+01,-1.690017e+02
31.76100,4.372172e+02,-1.448321e+02,-3.754292e+01,-1.696238e+02
31.76200,4.371824e+02,-1.488296e+02,-3.766608e+01,-1.698607e+02
31.76300,4.372698e+02,-1.494771e+02,-3.763728e+01,-1.669773e+02
31.76400,4.377711e+02,-1.528193e+02,-3.723635e+01,-1.665239e+02
31.76500,4.382062e+02,-1.549685e+02,-3.686302e+01,-1.649585e+02
31.76600,4.388470e+02,-1.561256e+02,-3.629454e+01,-1.623861e+02
31.76700,4.396364e+02,-1.570381e+02,-3.556930e+01,-1.595341e+02
31.76800,4.404998e+02,-1.582303e+02,-3.478795e+01,-1.569855e+02
31.76900,4.414793e+02,-1.601715e+02,-3.388371e+01,-1.551253e+02
31.77000,4.424825e+02,-1.603920e+02,-3.294549e+01,-1.516640e+02
31.77100,4.436391e+02,-1.613620e+02,-3.185963e+01,-1.488688e+02
31.77200,4.448212e+02,-1.619043e+02,-3.074571e+01,-1.457319e+02
31.77300,4.461385e+02,-1.629739e+02,-2.948833e+01,-1.430981e+02
31.77400,4.475485e+02,-1.630787e+02,-2.816517e+01,-1.394756e+02
31.77500,4.489917e+02,-1.633363e+02,-2.678105e+01,-1.361269e+02
31.77600,4.504166e+02,-1.641184e+02,-2.544257e+01,-1.332793e+02
31.77700,4.521019e+02,-1.646530e+02,-2.384897e+01,-1.302151e+02
31.77800,4.537723e+02,-1.647092e+02,-2.226165e+01,-1.266743e+02
31.77900,4.554095e+02,-1.641459e+02,-2.070474e+01,-1.226769e+02
31.78000,4.571543e+02,-1.642106e+02,-1.905693e+01,-1.192484e+02
31.78100,4.588933e+02,-1.631242e+02,-1.742008e+01,-1.148127e+02
31.78200,4.606997e+02,-1.626537e+02,-1.572753e+01,-1.109774e+02
31.78300,4.624443e+02,-1.611879e+02,-1.408534e+01,-1.062867e+02
31.78400,4.643578e+02,-1.609534e+02,-1.230386e+01,-1.027735e+02
31.78500,4.659460e+02,-1.580824e+02,-1.081457e+01,-9.691113e+01
31.78600,4.677213e+02,-1.564536e+02,-9.170567e+00,-9.222867e+01
31.78700,4.694231e+02,-1.543082e+02,-7.592367e+00,-8.718820e+01
31.78800,4.709795e+02,-1.522471e+02,-6.151440e+00,-8.221187e+01
31.78900,4.725745e+02,-1.487532e+02,-4.680911e+00,-7.601373e+01
31.79000,4.740710e+02,-1.455355e+02,-3.292988e+00,-7.017413e+01
31.79100,4.755094e+02,-1.415259e+02,-1.972687e+00,-6.363583e+01
31.79200,4.768921e+02,-1.377372e+02,-7.075893e-01,-5.745069e+01
31.79300,4.781936e+02,-1.334057e+02,4.739881e-01,-5.081683e+01
31.79400,4.794213e+02,-1.279338e+02,1.609871e+00,-4.318719e+01
31.79500,4.805305e+02,-1.236061e+02,2.596773e+00,-3.676425e+01
31.79600,4.815196e+02,-1.187133e+02,3.487603e+00,-2.981261e+01
31.79700,4.824418e+02,-1.136837e+02,4.314781e+00,-2.293204e+01
31.79800,4.832458e+02,-1.083832e+02,5.036630e+00,-1.591392e+01
31.79900,4.839485e+02,-1.023644e+02,5.682210e+00,-8.229227e+00
31.80000,4.845393e+02,-9.599340e+01,6.232511e+00,-4.101898e-01
31.80100,4.849097e+02,-9.130000e+01,6.565053e+00,5.751313e+00
31.80200,4.852745e+02,-8.440133e+01,6.932507e+00,1.392220e+01
31.80300,4.854525e+02,-7.847673e+01,7.111880e+00,2.101798e+01
31.80400,4.854743e+02,-7.283867e+01,7.159313e+00,2.771079e+01
31.80500,4.854264e+02,-6.649516e+01,7.144400e+00,3.503007e+01
31.80600,4.851705e+02,-6.029769e+01,6.971127e+00,4.205708e+01
31.80700,4.847797e+02,-5.443605e+01,6.653859e+00,4.862615e+01
31.80800,4.842821e+02,-4.808852e+01,6.276929e+00,5.559963e+01
31.80900,4.835952e+02,-4.242970e+01,5.714087e+00,6.177597e+01
31.81000,4.827857e+02,-3.675009e+01,5.039938e+00,6.785053e+01
31.81100,4.818338e+02,-3.121217e+01,4.263549e+00,7.373773e+01
31.81200,4.807160e+02,-2.584866e+01,3.327353e+00,7.926973e+01
31.81300,4.795131e+02,-2.035635e+01,2.322405e+00,8.483347e+01
31.81400,4.781952e+02,-1.517820e+01,1.206968e+00,8.999233e+01
31.81500,4.766367e+02,-1.060084e+01,-1.259155e-01,9.446047e+01
31.81600,4.752285e+02,-4.721603e+00,-1.308695e+00,1.000707e+02
31.81700,4.734204e+02,-4.529839e-01,-2.861194e+00,1.039641e+02
31.81800,4.716787e+02,4.492843e+00,-4.353377e+00,1.084274e+02
31.81900,4.698497e+02,9.137893e+00,-5.934785e+00,1.124589e+02
31.82000,4.679483e+02,1.375300e+01,-7.580087e+00,1.163439e+02
31.82100,4.663334e+02,1.990230e+01,-8.955607e+00,1.216613e+02
31.82200,4.643141e+02,2.418889e+01,-1.073613e+01,1.249782e+02
31.82300,4.623989e+02,2.891467e+01,-1.242733e+01,1.286289e+02
31.82400,4.605729e+02,3.426916e+01,-1.402785e+01,1.327817e+02
31.82500,4.580258e+02,3.616059e+01,-1.634257e+01,1.333461e+02
31.82600,4.561527e+02,4.094934e+01,-1.800162e+01,1.367202e+02
31.82700,4.543801e+02,4.703353e+01,-1.958379e+01,1.412019e+02
31.82800,4.525197e+02,5.234000e+01,-2.128337e+01,1.448110e+02
31.82900,4.507807e+02,5.764371e+01,-2.284756e+01,1.482862e+02
31.83000,4.492967e+02,6.350976e+01,-2.419804e+01,1.522288e+02
31.83100,4.483279e+02,7.167807e+01,-2.505299e+01,1.581987e+02
31.83200,4.470401e+02,7.686713e+01,-2.623695e+01,1.613811e+02
31.83300,4.455798e+02,8.173107e+01,-2.760176e+01,1.640415e+02
31.83400,4.440378e+02,8.748827e+01,-2.906491e+01,1.672654e+02
31.83500,4.427990e+02,9.313613e+01,-3.023712e+01,1.703656e+02
31.83600,4.416330e+02,9.794520e+01,-3.135670e+01,1.726467e+02
31.83700,4.403025e+02,1.013820e+02,-3.264933e+01,1.735812e+02
31.83800,4.391023e+02,1.064819e+02,-3.383164e+01,1.758396e+02
31.83900,4.378203e+02,1.095709e+02,-3.510522e+01,1.762460e+02
31.84000,4.377372e+02,1.164719e+02,-3.526062e+01,1.800321e+02
31.84100,4.368065e+02,1.224954e+02,-3.619665e+01,1.828478e+02
31.84200,4.359841e+02,1.242183e+02,-3.703437e+01,1.817042e+02
31.84300,4.350455e+02,1.267011e+02,-3.801236e+01,1.812115e+02
31.84400,4.344810e+02,1.310124e+02,-3.863093e+01,1.822863e+02
31.84500,4.340608e+02,1.351734e+02,-3.910659e+01,1.831617e+02
31.84600,4.337747e+02,1.394069e+02,-3.946549e+01,1.840079e+02
31.84700,4.332841e+02,1.416581e+02,-4.000143e+01,1.830086e+02
31.84800,4.329483e+02,1.440583e+02,-4.038557e+01,1.820828e+02
31.84900,4.328163e+02,1.466672e+02,-4.059142e+01,1.812887e+02
31.85000,4.327274e+02,1.488851e+02,-4.071765e+01,1.801010e+02
31.85100,4.328707e+02,1.511183e+02,-4.065001e+01,1.788661e+02
31.85200,4.328528e+02,1.533697e+02,-4.072557e+01,1.776301e+02
31.85300,4.329915e+02,1.571937e+02,-4.063625e+01,1.777827e+02
31.85400,4.331955e+02,1.583229e+02,-4.047167e+01,1.754454e+02
31.85500,4.336763e+02,1.605030e+02,-4.005447e+01,1.740467e+02
31.85600,4.342362e+02,1.611586e+02,-3.954811e+01,1.711449e+02
31.85700,4.349450e+02,1.617351e+02,-3.889045e+01,1.681444e+02
31.85800,4.358059e+02,1.626674e+02,-3.807622e+01,1.654602e+02
31.85900,4.367441e+02,1.632377e+02,-3.719842e+01,1.624401e+02
31.86000,4.377618e+02,1.638882e+02,-3.625065e+01,1.595171e+02
31.86100,4.389129e+02,1.644326e+02,-3.514879e+01,1.564303e+02
31.86200,4.401347e+02,1.648473e+02,-3.400585e+01,1.532700e+02
31.86300,4.414753e+02,1.656077e+02,-3.274020e+01,1.504013e+02
31.86400,4.428946e+02,1.657821e+02,-3.139910e+01,1.470178e+02
31.86500,4.444109e+02,1.658634e+02,-2.997408e+01,1.435374e+02
31.86600,4.460608e+02,1.671526e+02,-2.843207e+01,1.412027e+02
31.86700,4.477184e+02,1.667667e+02,-2.686819e+01,1.372655e+02
31.86800,4.495196e+02,1.670185e+02,-2.519799e+01,1.339978e+02
31.86900,4.512159e+02,1.669505e+02,-2.363061e+01,1.304518e+02
31.87000,4.530962e+02,1.671515e+02,-2.189665e+01,1.271415e+02
31.87100,4.550365e+02,1.675160e+02,-2.011585e+01,1.240454e+02
31.87200,4.569666e+02,1.672267e+02,-1.834991e+01,1.203737e+02
31.87300,4.588595e+02,1.666113e+02,-1.662123e+01,1.164557e+02
31.87400,4.608185e+02,1.658781e+02,-1.485423e+01,1.124025e+02
31.87500,4.628041e+02,1.656862e+02,-1.306594e+01,1.089602e+02
31.87600,4.647935e+02,1.648304e+02,-1.129015e+01,1.048987e+02
31.87700,4.667693e+02,1.640437e+02,-9.533967e+00,1.009777e+02
31.87800,4.686615e+02,1.636623e+02,-7.870947e+00,9.745413e+01
31.87900,4.702577e+02,1.595927e+02,-6.469764e+00,9.060493e+01
31.88000,4.720494e+02,1.583013e+02,-4.902297e+00,8.641107e+01
31.88100,4.737485e+02,1.555521e+02,-3.430788e+00,8.091087e+01
31.88200,4.753711e+02,1.527478e+02,-2.028704e+00,7.543613e+01
31.88300,4.769333e+02,1.496326e+02,-6.968353e-01,6.975173e+01
31.88400,4.784065e+02,1.460661e+02,5.711275e-01,6.373305e+01
31.88500,4.797923e+02,1.425320e+02,1.751265e+00,5.785043e+01
31.88600,4.811011e+02,1.383115e+02,2.849799e+00,5.140998e+01
31.88700,4.824059e+02,1.332883e+02,3.984836e+00,4.430117e+01
31.88800,4.833987e+02,1.290492e+02,4.805503e+00,3.804455e+01
31.88900,4.844267e+02,1.238261e+02,5.670992e+00,3.098387e+01
31.89000,4.851777e+02,1.190796e+02,6.286135e+00,2.439389e+01
31.89100,4.859107e+02,1.139600e+02,6.907507e+00,1.764475e+01
31.89200,4.865328e+02,1.084547e+02,7.437753e+00,1.063979e+01
31.89300,4.870787e+02,1.016983e+02,7.916540e+00,2.541178e+00
31.89400,4.873797e+02,9.618280e+01,8.194907e+00,-4.231039e+00
31.89500,4.875761e+02,9.117673e+01,8.348013e+00,-1.045513e+01
31.89600,4.876868e+02,8.401133e+01,8.477420e+00,-1.859219e+01
31.89700,4.875633e+02,7.854453e+01,8.390260e+00,-2.496657e+01
31.89800,4.873241e+02,7.232653e+01,8.217773e+00,-3.194316e+01
31.89900,4.869929e+02,6.580543e+01,7.982587e+00,-3.912535e+01
31.90000,4.864387e+02,6.004200e+01,7.548547e+00,-4.539157e+01
31.90100,4.858094e+02,5.399347e+01,7.056607e+00,-5.187774e+01
31.90200,4.849169e+02,4.834197e+01,6.335301e+00,-5.786209e+01
31.90300,4.839677e+02,4.199057e+01,5.584569e+00,-6.430493e+01
31.90400,4.828117e+02,3.683304e+01,4.627678e+00,-6.956553e+01
31.90500,4.816211e+02,3.055287e+01,3.666796e+00,-7.573907e+01
31.90600,4.802305e+02,2.518694e+01,2.518399e+00,-8.091973e+01
31.90700,4.787652e+02,1.952992e+01,1.300645e+00,-8.627527e+01
31.90800,4.770267e+02,1.503970e+01,-1.716350e-01,-9.033367e+01
31.90900,4.754245e+02,9.512167e+00,-1.523275e+00,-9.530447e+01
31.91000,4.735758e+02,4.729243e+00,-3.098017e+00,-9.940433e+01
31.91100,4.718335e+02,-7.567367e-01,-4.569791e+00,-1.040894e+02
31.91200,4.702056e+02,-7.111180e+00,-5.947081e+00,-1.095072e+02
31.91300,4.683045e+02,-1.209051e+01,-7.590427e+00,-1.134150e+02
31.91400,4.663473e+02,-1.704224e+01,-9.279280e+00,-1.172267e+02
31.91500,4.645233e+02,-2.302722e+01,-1.088495e+01,-1.218125e+02
31.91600,4.618793e+02,-2.454767e+01,-1.327365e+01,-1.220215e+02
31.91700,4.600285e+02,-2.966472e+01,-1.492219e+01,-1.256171e+02
31.91800,4.582828e+02,-3.555259e+01,-1.648231e+01,-1.298381e+02
31.91900,4.565381e+02,-4.145133e+01,-1.805701e+01,-1.339177e+02
31.92000,4.546111e+02,-4.679344e+01,-1.982814e+01,-1.373419e+02
31.92100,4.533385e+02,-5.354267e+01,-2.097080e+01,-1.420258e+02
31.92200,4.525414e+02,-6.173161e+01,-2.167811e+01,-1.480613e+02
31.92300,4.507033e+02,-6.571522e+01,-2.337618e+01,-1.498982e+02
31.92400,4.492021e+02,-7.199567e+01,-2.481093e+01,-1.536443e+02
31.92500,4.480546e+02,-7.737940e+01,-2.588441e+01,-1.565975e+02
31.92600,4.470299e+02,-8.288247e+01,-2.687581e+01,-1.595446e+02
31.92700,4.452285e+02,-8.612413e+01,-2.860894e+01,-1.602417e+02
31.92800,4.441233e+02,-9.099633e+01,-2.971307e+01,-1.623508e+02
31.92900,4.427018e+02,-9.478013e+01,-3.111633e+01,-1.633336e+02
31.93000,4.424141e+02,-1.019005e+02,-3.148678e+01,-1.672891e+02
31.93100,4.414703e+02,-1.068131e+02,-3.246238e+01,-1.691372e+02
31.93200,4.406715e+02,-1.118254e+02,-3.328681e+01,-1.709419e+02
31.93300,4.396999e+02,-1.122000e+02,-3.430637e+01,-1.684697e+02
31.93400,4.389662e+02,-1.166333e+02,-3.510644e+01,-1.696351e+02
31.93500,4.384205e+02,-1.211519e+02,-3.573287e+01,-1.707726e+02
31.93600,4.380563e+02,-1.255161e+02,-3.618516e+01,-1.717065e+02
31.93700,4.378763e+02,-1.302956e+02,-3.645278e+01,-1.729286e+02
31.93800,4.372743e+02,-1.319842e+02,-3.712895e+01,-1.713024e+02
31.93900,4.370121e+02,-1.345489e+02,-3.747161e+01,-1.703811e+02
31.94000,4.369583e+02,-1.376336e+02,-3.761136e+01,-1.698901e+02
31.94100,4.370298e+02,-1.403946e+02,-3.764787e+01,-1.690497e+02
31.94200,4.372448e+02,-1.432495e+02,-3.751349e+01,-1.682825e+02
31.94300,4.372230e+02,-1.473863e+02,-3.761615e+01,-1.686461e+02
31.94400,4.372872e+02,-1.494790e+02,-3.761686e+01,-1.670841e+02
31.94500,4.377463e+02,-1.526901e+02,-3.725426e+01,-1.665288e+02
31.94600,4.382163e+02,-1.550377e+02,-3.684951e+01,-1.651397e+02
31.94700,4.388421e+02,-1.561639e+02,-3.630367e+01,-1.625377e+02
31.94800,4.396231e+02,-1.570095e+02,-3.558206e+01,-1.596248e+02
31.94900,4.404857e+02,-1.582377e+02,-3.480134e+01,-1.571072e+02
31.95000,4.414695e+02,-1.602539e+02,-3.389370e+01,-1.553174e+02
31.95100,4.424663e+02,-1.605901e+02,-3.296219e+01,-1.519707e+02
31.95200,4.436139e+02,-1.614345e+02,-3.188319e+01,-1.490673e+02
31.95300,4.448003e+02,-1.619375e+02,-3.076832e+01,-1.458763e+02
31.95400,4.460897e+02,-1.628568e+02,-2.953243e+01,-1.431113e+02
31.95500,4.475008e+02,-1.629701e+02,-2.820868e+01,-1.394896e+02
31.95600,4.489489e+02,-1.633797e+02,-2.682225e+01,-1.362923e+02
31.95700,4.503584e+02,-1.640728e+02,-2.549240e+01,-1.333612e+02
31.95800,4.520467e+02,-1.647135e+02,-2.390021e+01,-1.303896e+02
31.95900,4.537099e+02,-1.646315e+02,-2.231903e+01,-1.267239e+02
31.96000,4.553550e+02,-1.641169e+02,-2.075851e+01,-1.227697e+02
31.96100,4.571082e+02,-1.641809e+02,-1.910419e+01,-1.193466e+02
31.96200,4.588411e+02,-1.631326e+02,-1.746877e+01,-1.149413e+02
31.96300,4.606417e+02,-1.626942e+02,-1.578363e+01,-1.111265e+02
31.96400,4.623887e+02,-1.611828e+02,-1.413855e+01,-1.063969e+02
31.96500,4.642944e+02,-1.608935e+02,-1.236447e+01,-1.028337e+02
31.96600,4.659072e+02,-1.582815e+02,-1.085004e+01,-9.721407e+01
31.96700,4.676619e+02,-1.565658e+02,-9.225367e+00,-9.243560e+01
31.96800,4.693597e+02,-1.542425e+02,-7.646533e+00,-8.723413e+01
31.96900,4.709547e+02,-1.520041e+02,-6.175865e+00,-8.210720e+01
31.97000,4.725165e+02,-1.488397e+02,-4.728989e+00,-7.620387e+01
31.97100,4.740351e+02,-1.455823e+02,-3.331987e+00,-7.031713e+01
31.97200,4.754664e+02,-1.416195e+02,-2.011035e+00,-6.382037e+01
31.97300,4.768516e+02,-1.377599e+02,-7.449293e-01,-5.756221e+01
31.97400,4.781569e+02,-1.336009e+02,4.446456e-01,-5.109924e+01
31.97500,4.793808e+02,-1.280187e+02,1.569002e+00,-4.335659e+01
31.97600,4.804853e+02,-1.236703e+02,2.563924e+00,-3.691011e+01
31.97700,4.815083e+02,-1.188495e+02,3.470786e+00,-3.002421e+01
31.97800,4.824245e+02,-1.137287e+02,4.300141e+00,-2.305302e+01
31.97900,4.832315e+02,-1.084389e+02,5.026421e+00,-1.604440e+01
31.98000,4.839394e+02,-1.023601e+02,5.678243e+00,-8.302840e+00
31.98100,4.845335e+02,-9.603093e+01,6.225653e+00,-5.152016e-01
31.98200,4.849035e+02,-9.149700e+01,6.561611e+00,5.497598e+00
31.98300,4.852882e+02,-8.442007e+01,6.943787e+00,1.383962e+01
31.98400,4.854831e+02,-7.848713e+01,7.137260e+00,2.094515e+01
31.98500,4.855004e+02,-7.278673e+01,7.182987e+00,2.769283e+01
31.98600,4.854385e+02,-6.653288e+01,7.168260e+00,3.494047e+01
31.98700,4.852172e+02,-6.028125e+01,7.010847e+00,4.201783e+01
31.98800,4.848294e+02,-5.436212e+01,6.700747e+00,4.864669e+01
31.98900,4.843463e+02,-4.805297e+01,6.336503e+00,5.559271e+01
31.99000,4.836569e+02,-4.237927e+01,5.769628e+00,6.177527e+01
31.99100,4.828499e+02,-3.676379e+01,5.096847e+00,6.780627e+01
31.99200,4.819085e+02,-3.113676e+01,4.329963e+00,7.376973e+01
31.99300,4.808007e+02,-2.577971e+01,3.400870e+00,7.929853e+01
31.99400,4.795899e+02,-2.033235e+01,2.393738e+00,8.482333e+01
31.99500,4.783032e+02,-1.505462e+01,1.305521e+00,9.007673e+01
31.99600,4.767474e+02,-1.042710e+01,-2.562971e-02,9.460353e+01
31.99700,4.752749e+02,-4.980743e+00,-1.260901e+00,9.982273e+01
31.99800,4.735403e+02,-3.657322e-01,-2.754312e+00,1.040370e+02
31.99900,4.718043e+02,4.651225e+00,-4.240701e+00,1.085662e+02
32.00000,4.699509e+02,9.103133e+00,-5.843289e+00,1.124207e+02
32.00100,4.681051e+02,1.409509e+01,-7.433780e+00,1.166599e+02
32.00200,4.664529e+02,2.001141e+01,-8.843433e+00,1.217677e+02
32.00300,4.644380e+02,2.430687e+01,-1.062249e+01,1.250911e+02
32.00400,4.625201e+02,2.905686e+01,-1.231461e+01,1.287781e+02
32.00500,4.607189e+02,3.440383e+01,-1.389580e+01,1.329252e+02
32.00600,4.581605e+02,3.626771e+01,-1.621764e+01,1.334764e+02
32.00700,4.562305e+02,4.088965e+01,-1.793349e+01,1.366785e+02
32.00800,4.544871e+02,4.706869e+01,-1.948426e+01,1.412597e+02
32.00900,4.526434e+02,5.217229e+01,-2.116657e+01,1.446789e+02
32.01000,4.509151e+02,5.774862e+01,-2.272537e+01,1.484293e+02
32.01100,4.493844e+02,6.336046e+01,-2.411971e+01,1.521171e+02
32.01200,4.483724e+02,7.151620e+01,-2.501510e+01,1.580718e+02
32.01300,4.471784e+02,7.692207e+01,-2.610669e+01,1.614923e+02
32.01400,4.455901e+02,8.163340e+01,-2.758965e+01,1.639708e+02
32.01500,4.441581e+02,8.762453e+01,-2.894947e+01,1.674530e+02
32.01600,4.428779e+02,9.319060e+01,-3.015683e+01,1.704773e+02
32.01700,4.417325e+02,9.787307e+01,-3.126112e+01,1.726497e+02
32.01800,4.404572e+02,1.017256e+02,-3.250172e+01,1.739627e+02
32.01900,4.391973e+02,1.064438e+02,-3.373735e+01,1.758817e+02
32.02000,4.379649e+02,1.099195e+02,-3.496673e+01,1.766347e+02
32.02100,4.378269e+02,1.167338e+02,-3.517101e+01,1.803502e+02
32.02200,4.368784e+02,1.225826e+02,-3.612841e+01,1.830058e+02
32.02300,4.360959e+02,1.248217e+02,-3.693644e+01,1.823450e+02
32.02400,4.350983e+02,1.267230e+02,-3.795535e+01,1.813157e+02
32.02500,4.345381e+02,1.309500e+02,-3.857007e+01,1.823226e+02
32.02600,4.341090e+02,1.351249e+02,-3.905866e+01,1.832140e+02
32.02700,4.337844e+02,1.390215e+02,-3.944770e+01,1.837661e+02
32.02800,4.333150e+02,1.415753e+02,-3.996891e+01,1.830373e+02
32.02900,4.329885e+02,1.440969e+02,-4.034678e+01,1.822243e+02
32.03000,4.328381e+02,1.466016e+02,-4.056668e+01,1.813367e+02
32.03100,4.327594e+02,1.490035e+02,-4.068907e+01,1.803138e+02
32.03200,4.328699e+02,1.510589e+02,-4.064570e+01,1.789175e+02
32.03300,4.328849e+02,1.529616e+02,-4.069307e+01,1.773697e+02
32.03400,4.330008e+02,1.577378e+02,-4.062253e+01,1.783961e+02
32.03500,4.332489e+02,1.586391e+02,-4.043149e+01,1.758573e+02
32.03600,4.336557e+02,1.601491e+02,-4.006883e+01,1.738454e+02
32.03700,4.342563e+02,1.613306e+02,-3.952399e+01,1.714129e+02
32.03800,4.348917e+02,1.616503e+02,-3.893337e+01,1.681831e+02
32.03900,4.357937e+02,1.626147e+02,-3.808991e+01,1.655297e+02
32.04000,4.367225e+02,1.633023e+02,-3.722145e+01,1.626233e+02
32.04100,4.377371e+02,1.639298e+02,-3.627433e+01,1.596875e+02
32.04200,4.388842e+02,1.645509e+02,-3.517617e+01,1.566501e+02
32.04300,4.400915e+02,1.646939e+02,-3.404716e+01,1.532453e+02
32.04400,4.414397e+02,1.655950e+02,-3.277891e+01,1.505269e+02
32.04500,4.428517e+02,1.658943e+02,-3.144119e+01,1.472560e+02
32.04600,4.443695e+02,1.660335e+02,-3.001719e+01,1.438279e+02
32.04700,4.460146e+02,1.669965e+02,-2.847785e+01,1.411821e+02
32.04800,4.476606e+02,1.666797e+02,-2.692333e+01,1.373109e+02
32.04900,4.494724e+02,1.670628e+02,-2.524245e+01,1.341622e+02
32.05000,4.511579e+02,1.668560e+02,-2.368247e+01,1.304955e+02
32.05100,4.530338e+02,1.669740e+02,-2.195333e+01,1.271056e+02
32.05200,4.549707e+02,1.673873e+02,-2.017754e+01,1.240572e+02
32.05300,4.569023e+02,1.672421e+02,-1.841013e+01,1.205121e+02
32.05400,4.588019e+02,1.666455e+02,-1.667329e+01,1.166045e+02
32.05500,4.607534e+02,1.659022e+02,-1.491279e+01,1.125495e+02
32.05600,4.627308e+02,1.655319e+02,-1.312947e+01,1.089426e+02
32.05700,4.647246e+02,1.647547e+02,-1.135280e+01,1.049538e+02
32.05800,4.667025e+02,1.639045e+02,-9.594867e+00,1.009695e+02
32.05900,4.685837e+02,1.634903e+02,-7.932487e+00,9.742127e+01
32.06000,4.701969e+02,1.595181e+02,-6.521133e+00,9.065167e+01
32.06100,4.719940e+02,1.582721e+02,-4.948757e+00,8.650713e+01
32.06200,4.736967e+02,1.555125e+02,-3.477488e+00,8.098300e+01
32.06300,4.753177e+02,1.526871e+02,-2.073595e+00,7.549233e+01
32.06400,4.768761e+02,1.494660e+02,-7.318080e-01,6.970700e+01
32.06500,4.783631e+02,1.460052e+02,5.340269e-01,6.378048e+01
32.06600,4.797536e+02,1.425035e+02,1.717318e+00,5.792149e+01
32.06700,4.810483e+02,1.383975e+02,2.814659e+00,5.159063e+01
32.06800,4.823520e+02,1.333925e+02,3.933865e+00,4.449613e+01
32.06900,4.833815e+02,1.290862e+02,4.787358e+00,3.817390e+01
32.07000,4.844182e+02,1.235071e+02,5.675775e+00,3.078098e+01
32.07100,4.851595e+02,1.191809e+02,6.272417e+00,2.457727e+01
32.07200,4.859047e+02,1.138669e+02,6.903767e+00,1.764843e+01
32.07300,4.865354e+02,1.084032e+02,7.439180e+00,1.067055e+01
32.07400,4.870695e+02,1.017131e+02,7.910800e+00,2.628199e+00
32.07500,4.873910e+02,9.615133e+01,8.205807e+00,-4.187013e+00
32.07600,4.875841e+02,9.116840e+01,8.350180e+00,-1.038650e+01
32.07700,4.877122e+02,8.400820e+01,8.501933e+00,-1.853013e+01
32.07800,4.876026e+02,7.844980e+01,8.424967e+00,-2.499083e+01
32.07900,4.873631e+02,7.232873e+01,8.249260e+00,-3.187394e+01
32.08000,4.870453e+02,6.575563e+01,8.027900e+00,-3.911774e+01
32.08100,4.864796e+02,6.011949e+01,7.586280e+00,-4.526785e+01
32.08200,4.859137e+02,5.370109e+01,7.143927e+00,-5.209474e+01
32.08300,4.849978e+02,4.822975e+01,6.405122e+00,-5.791703e+01
32.08400,4.840493e+02,4.196603e+01,5.652227e+00,-6.428954e+01
32.08500,4.828923e+02,3.680373e+01,4.696345e+00,-6.955340e+01
32.08600,4.817067e+02,3.052713e+01,3.743447e+00,-7.573727e+01
32.08700,4.803183e+02,2.519341e+01,2.589957e+00,-8.088600e+01
32.08800,4.788841e+02,1.933076e+01,1.407179e+00,-8.643100e+01
32.08900,4.771609e+02,1.481797e+01,-5.077778e-02,-9.052800e+01
32.09000,4.755355e+02,9.470887e+00,-1.423378e+00,-9.533040e+01
32.09100,4.736975e+02,4.543772e+00,-2.985580e+00,-9.956627e+01
32.09200,4.719589e+02,-8.682080e-01,-4.456125e+00,-1.041915e+02
32.09300,4.702909e+02,-7.080780e+00,-5.870293e+00,-1.094566e+02
32.09400,4.684365e+02,-1.229531e+01,-7.465633e+00,-1.136091e+02
32.09500,4.664897e+02,-1.725628e+01,-9.150840e+00,-1.174243e+02
32.09600,4.646719e+02,-2.316787e+01,-1.075183e+01,-1.219590e+02
32.09700,4.620766e+02,-2.491785e+01,-1.308432e+01,-1.223961e+02
32.09800,4.601916e+02,-2.999550e+01,-1.477214e+01,-1.259300e+02
32.09900,4.584558e+02,-3.570521e+01,-1.631791e+01,-1.300054e+02
32.10000,4.566391e+02,-4.148115e+01,-1.796013e+01,-1.339737e+02
32.10100,4.547912e+02,-4.690889e+01,-1.965893e+01,-1.374939e+02
32.10200,4.534309e+02,-5.349072e+01,-2.088825e+01,-1.420096e+02
32.10300,4.527302e+02,-6.189141e+01,-2.150144e+01,-1.482722e+02
32.10400,4.507777e+02,-6.561413e+01,-2.330193e+01,-1.498321e+02
32.10500,4.493695e+02,-7.213200e+01,-2.465260e+01,-1.538434e+02
32.10600,4.481741e+02,-7.742267e+01,-2.576439e+01,-1.567025e+02
32.10700,4.470907e+02,-8.289513e+01,-2.681492e+01,-1.596009e+02
32.10800,4.453768e+02,-8.641507e+01,-2.846799e+01,-1.605639e+02
32.10900,4.442417e+02,-9.109973e+01,-2.959901e+01,-1.625131e+02
32.11000,4.427845e+02,-9.493140e+01,-3.103391e+01,-1.635300e+02
32.11100,4.424752e+02,-1.019496e+02,-3.142415e+01,-1.673997e+02
32.11200,4.415377e+02,-1.066328e+02,-3.239355e+01,-1.690513e+02
32.11300,4.407265e+02,-1.116263e+02,-3.323163e+01,-1.708427e+02
32.11400,4.398222e+02,-1.131220e+02,-3.418627e+01,-1.693928e+02
32.11500,4.390189e+02,-1.167667e+02,-3.504971e+01,-1.698293e+02
32.11600,4.384833e+02,-1.211032e+02,-3.566816e+01,-1.708134e+02
32.11700,4.380965e+02,-1.255684e+02,-3.614458e+01,-1.718516e+02
32.11800,4.379021e+02,-1.301347e+02,-3.642719e+01,-1.728843e+02
32.11900,4.373241e+02,-1.319979e+02,-3.707705e+01,-1.714095e+02
32.12000,4.370489e+02,-1.346975e+02,-3.742807e+01,-1.706069e+02
32.12100,4.369907e+02,-1.377360e+02,-3.757365e+01,-1.700929e+02
32.12200,4.370508e+02,-1.404353e+02,-3.762159e+01,-1.691931e+02
32.12300,4.372378e+02,-1.421574e+02,-3.751878e+01,-1.673753e+02
32.12400,4.372701e+02,-1.465291e+02,-3.756221e+01,-1.679653e+02
32.12500,4.373034e+02,-1.495222e+02,-3.759618e+01,-1.672477e+02
32.12600,4.377757e+02,-1.529397e+02,-3.722415e+01,-1.668701e+02
32.12700,4.382191e+02,-1.550531e+02,-3.684608e+01,-1.652750e+02
32.12800,4.388378e+02,-1.561719e+02,-3.631127e+01,-1.626572e+02
32.12900,4.396175e+02,-1.570824e+02,-3.558249e+01,-1.598065e+02
32.13000,4.404609e+02,-1.583081e+02,-3.482095e+01,-1.572959e+02
32.13100,4.414361e+02,-1.601597e+02,-3.391775e+01,-1.553489e+02
32.13200,4.424515e+02,-1.606943e+02,-3.297591e+01,-1.521925e+02
32.13300,4.435923e+02,-1.615804e+02,-3.190232e+01,-1.493234e+02
32.13400,4.447741e+02,-1.620315e+02,-3.079245e+01,-1.460809e+02
32.13500,4.460484e+02,-1.627667e+02,-2.956827e+01,-1.431419e+02
32.13600,4.474657e+02,-1.629217e+02,-2.824233e+01,-1.395692e+02
32.13700,4.489053e+02,-1.633160e+02,-2.686487e+01,-1.363599e+02
32.13800,4.503107e+02,-1.640475e+02,-2.553434e+01,-1.334553e+02
32.13900,4.520039e+02,-1.645991e+02,-2.394399e+01,-1.304037e+02
32.14000,4.536501e+02,-1.644807e+02,-2.237664e+01,-1.267083e+02
32.14100,4.552989e+02,-1.641231e+02,-2.080982e+01,-1.228959e+02
32.14200,4.570376e+02,-1.640198e+02,-1.916672e+01,-1.193239e+02
32.14300,4.587867e+02,-1.631265e+02,-1.752022e+01,-1.150591e+02
32.14400,4.605884e+02,-1.627973e+02,-1.582887e+01,-1.113484e+02
32.14500,4.623274e+02,-1.612467e+02,-1.419434e+01,-1.065758e+02
32.14600,4.642287e+02,-1.608123e+02,-1.242447e+01,-1.028731e+02
32.14700,4.658901e+02,-1.587209e+02,-1.086579e+01,-9.772800e+01
32.14800,4.676068e+02,-1.565409e+02,-9.277100e+00,-9.252493e+01
32.14900,4.692948e+02,-1.543268e+02,-7.706173e+00,-8.741807e+01
32.15000,4.709231e+02,-1.519546e+02,-6.203967e+00,-8.217640e+01
32.15100,4.724681e+02,-1.489667e+02,-4.773720e+00,-7.641940e+01
32.15200,4.739869e+02,-1.455991e+02,-3.371762e+00,-7.043813e+01
32.15300,4.754207e+02,-1.417496e+02,-2.049234e+00,-6.403801e+01
32.15400,4.768069e+02,-1.378123e+02,-7.824053e-01,-5.770513e+01
32.15500,4.781211e+02,-1.335788e+02,4.132091e-01,-5.117895e+01
32.15600,4.793401e+02,-1.281471e+02,1.529675e+00,-4.356432e+01
32.15700,4.804696e+02,-1.236409e+02,2.555919e+00,-3.696881e+01
32.15800,4.814907e+02,-1.187496e+02,3.460732e+00,-3.002159e+01
32.15900,4.824096e+02,-1.136791e+02,4.287348e+00,-2.308543e+01
32.16000,4.832146e+02,-1.084403e+02,5.016821e+00,-1.612398e+01
32.16100,4.839319e+02,-1.023829e+02,5.673301e+00,-8.406613e+00
32.16200,4.845347e+02,-9.611593e+01,6.221622e+00,-6.652215e-01
32.16300,4.849035e+02,-9.128000e+01,6.569863e+00,5.627214e+00
32.16400,4.853009e+02,-8.441553e+01,6.955107e+00,1.377575e+01
32.16500,4.855341e+02,-7.822667e+01,7.184240e+00,2.112059e+01
32.16600,4.855189e+02,-7.279180e+01,7.200793e+00,2.762625e+01
32.16700,4.854853e+02,-6.634731e+01,7.208693e+00,3.505833e+01
32.16800,4.852646e+02,-6.026711e+01,7.046547e+00,4.197648e+01
32.16900,4.848765e+02,-5.436135e+01,6.746767e+00,4.859421e+01
32.17000,4.844070e+02,-4.794629e+01,6.389687e+00,5.563871e+01
32.17100,4.837223e+02,-4.231505e+01,5.830210e+00,6.179001e+01
32.17200,4.829219e+02,-3.671283e+01,5.161625e+00,6.781760e+01
32.17300,4.819948e+02,-3.098467e+01,4.404803e+00,7.387720e+01
32.17400,4.808831e+02,-2.566210e+01,3.479026e+00,7.937360e+01
32.17500,4.796766e+02,-2.025232e+01,2.471821e+00,8.486520e+01
32.17600,4.783867e+02,-1.492365e+01,1.379150e+00,9.017407e+01
32.17700,4.768453e+02,-1.032527e+01,6.539091e-02,9.468340e+01
32.17800,4.753753e+02,-4.862719e+00,-1.171883e+00,9.990807e+01
32.17900,4.736425e+02,-3.335967e-01,-2.656325e+00,1.040529e+02
32.18000,4.719269e+02,4.759877e+00,-4.130735e+00,1.086608e+02
32.18100,4.700749e+02,9.182767e+00,-5.732727e+00,1.124960e+02
32.18200,4.682284e+02,1.414483e+01,-7.321633e+00,1.167154e+02
32.18300,4.665713e+02,2.002725e+01,-8.736327e+00,1.217857e+02
32.18400,4.645561e+02,2.443667e+01,-1.051302e+01,1.252051e+02
32.18500,4.626521e+02,2.919042e+01,-1.219225e+01,1.289091e+02
32.18600,4.608499e+02,3.453563e+01,-1.377373e+01,1.330594e+02
32.18700,4.583238e+02,3.651996e+01,-1.606995e+01,1.337379e+02
32.18800,4.563272e+02,4.094188e+01,-1.784246e+01,1.367365e+02
32.18900,4.545903e+02,4.703014e+01,-1.939019e+01,1.412425e+02
32.19000,4.527481e+02,5.202941e+01,-2.106253e+01,1.445567e+02
32.19100,4.510473e+02,5.769965e+01,-2.260432e+01,1.484322e+02
32.19200,4.495457e+02,6.366363e+01,-2.396238e+01,1.524279e+02
32.19300,4.484682e+02,7.143200e+01,-2.492701e+01,1.580372e+02
32.19400,4.472927e+02,7.704120e+01,-2.599702e+01,1.616503e+02
32.19500,4.456027e+02,8.158767e+01,-2.757707e+01,1.639467e+02
32.19600,4.442668e+02,8.769113e+01,-2.884801e+01,1.675733e+02
32.19700,4.429769e+02,9.319240e+01,-3.006391e+01,1.705344e+02
32.19800,4.418280e+02,9.781513e+01,-3.117053e+01,1.726637e+02
32.19900,4.405564e+02,1.017737e+02,-3.240603e+01,1.740727e+02
32.20000,4.392916e+02,1.064098e+02,-3.364445e+01,1.759292e+02
32.20100,4.380940e+02,1.100630e+02,-3.484099e+01,1.768411e+02
32.20200,4.378555e+02,1.165999e+02,-3.514097e+01,1.803087e+02
32.20300,4.369317e+02,1.228130e+02,-3.608099e+01,1.832938e+02
32.20400,4.362069e+02,1.252695e+02,-3.683288e+01,1.828364e+02
32.20500,4.351319e+02,1.265461e+02,-3.791446e+01,1.812436e+02
32.20600,4.345987e+02,1.308875e+02,-3.850844e+01,1.823545e+02
32.20700,4.341669e+02,1.352303e+02,-3.899391e+01,1.833997e+02
32.20800,4.338247e+02,1.389057e+02,-3.940866e+01,1.837583e+02
32.20900,4.333457e+02,1.415723e+02,-3.993475e+01,1.831384e+02
32.21000,4.330252e+02,1.441349e+02,-4.030707e+01,1.823560e+02
32.21100,4.328619e+02,1.465999e+02,-4.053811e+01,1.814437e+02
32.21200,4.327733e+02,1.489134e+02,-4.067235e+01,1.803331e+02
32.21300,4.328759e+02,1.509845e+02,-4.063710e+01,1.789579e+02
32.21400,4.329071e+02,1.525188e+02,-4.066782e+01,1.770793e+02
32.21500,4.330067e+02,1.584858e+02,-4.061399e+01,1.791942e+02
32.21600,4.333116e+02,1.591061e+02,-4.037577e+01,1.764007e+02
32.21700,4.336415e+02,1.599998e+02,-4.007853e+01,1.738256e+02
32.21800,4.342561e+02,1.614595e+02,-3.952411e+01,1.716525e+02
32.21900,4.348739e+02,1.617109e+02,-3.895279e+01,1.683720e+02
32.22000,4.357750e+02,1.625242e+02,-3.811131e+01,1.655644e+02
32.22100,4.366953e+02,1.632731e+02,-3.724818e+01,1.627154e+02
32.22200,4.377018e+02,1.639367e+02,-3.630457e+01,1.598235e+02
32.22300,4.388557e+02,1.644857e+02,-3.520599e+01,1.567136e+02
32.22400,4.400582e+02,1.646298e+02,-3.407963e+01,1.533061e+02
32.22500,4.413813e+02,1.653880e+02,-3.282816e+01,1.504593e+02
32.22600,4.428099e+02,1.658871e+02,-3.148161e+01,1.473863e+02
32.22700,4.443262e+02,1.660819e+02,-3.005991e+01,1.439986e+02
32.22800,4.459426e+02,1.667921e+02,-2.854008e+01,1.411121e+02
32.22900,4.476044e+02,1.666490e+02,-2.697467e+01,1.374059e+02
32.23000,4.494291e+02,1.672093e+02,-2.528533e+01,1.344229e+02
32.23100,4.511057e+02,1.667605e+02,-2.372601e+01,1.305435e+02
32.23200,4.529858e+02,1.667902e+02,-2.199347e+01,1.270593e+02
32.23300,4.548968e+02,1.673094e+02,-2.024425e+01,1.241143e+02
32.23400,4.568370e+02,1.671799e+02,-1.846625e+01,1.205817e+02
32.23500,4.587299e+02,1.666188e+02,-1.673768e+01,1.166977e+02
32.23600,4.606865e+02,1.658891e+02,-1.497337e+01,1.126672e+02
32.23700,4.626615e+02,1.654780e+02,-1.319577e+01,1.090126e+02
32.23800,4.646568e+02,1.646631e+02,-1.141622e+01,1.049905e+02
32.23900,4.666359e+02,1.638657e+02,-9.652033e+00,1.010493e+02
32.24000,4.685057e+02,1.634314e+02,-8.000647e+00,9.747600e+01
32.24100,4.701295e+02,1.594456e+02,-6.578840e+00,9.070253e+01
32.24200,4.719387e+02,1.581927e+02,-4.997203e+00,8.655453e+01
32.24300,4.736390e+02,1.554599e+02,-3.525375e+00,8.105033e+01
32.24400,4.752695e+02,1.526341e+02,-2.115768e+00,7.555440e+01
32.24500,4.768253e+02,1.492593e+02,-7.715060e-01,6.962473e+01
32.24600,4.783199e+02,1.459237e+02,4.971703e-01,6.381042e+01
32.24700,4.797107e+02,1.425406e+02,1.680740e+00,5.806725e+01
32.24800,4.810025e+02,1.384660e+02,2.776751e+00,5.175189e+01
32.24900,4.823068e+02,1.334923e+02,3.892219e+00,4.468115e+01
32.25000,4.833407e+02,1.292275e+02,4.749205e+00,3.840427e+01
32.25100,4.844004e+02,1.233487e+02,5.667108e+00,3.072647e+01
32.25200,4.851405e+02,1.194001e+02,6.253825e+00,2.486658e+01
32.25300,4.858975e+02,1.138303e+02,6.898800e+00,1.770254e+01
32.25400,4.865283e+02,1.084023e+02,7.436540e+00,1.075634e+01
32.25500,4.870691e+02,1.017879e+02,7.911593e+00,2.776574e+00
32.25600,4.874181e+02,9.604533e+01,8.223200e+00,-4.206024e+00
32.25700,4.875911e+02,9.112640e+01,8.362320e+00,-1.035166e+01
32.25800,4.877389e+02,8.395933e+01,8.526140e+00,-1.850665e+01
32.25900,4.876416e+02,7.838973e+01,8.458707e+00,-2.498531e+01
32.26000,4.873965e+02,7.237047e+01,8.279513e+00,-3.177198e+01
32.26100,4.870987e+02,6.571762e+01,8.072707e+00,-3.910235e+01
32.26200,4.865167e+02,6.021689e+01,7.613900e+00,-4.514059e+01
32.26300,4.860239e+02,5.327341e+01,7.242993e+00,-5.243433e+01
32.26400,4.850867e+02,4.805761e+01,6.482245e+00,-5.802900e+01
32.26500,4.841366e+02,4.186125e+01,5.726678e+00,-6.435279e+01
32.26600,4.829799e+02,3.670262e+01,4.774262e+00,-6.960767e+01
32.26700,4.818071e+02,3.039620e+01,3.835975e+00,-7.582380e+01
32.26800,4.804156e+02,2.502030e+01,2.678473e+00,-8.101613e+01
32.26900,4.789647e+02,1.936784e+01,1.474741e+00,-8.636760e+01
32.27000,4.773130e+02,1.452031e+01,8.599653e-02,-9.079313e+01
32.27100,4.756527e+02,9.346907e+00,-1.321362e+00,-9.541887e+01
32.27200,4.738243e+02,4.379736e+00,-2.872940e+00,-9.971080e+01
32.27300,4.721021e+02,-1.101177e+00,-4.329788e+00,-1.044037e+02
32.27400,4.704107e+02,-7.189240e+00,-5.761825e+00,-1.095455e+02
32.27500,4.685625e+02,-1.233675e+01,-7.352587e+00,-1.136518e+02
32.27600,4.666286e+02,-1.745052e+01,-9.025773e+00,-1.176069e+02
32.27700,4.647686e+02,-2.314313e+01,-1.066100e+01,-1.219481e+02
32.27800,4.622694e+02,-2.525475e+01,-1.290012e+01,-1.227415e+02
32.27900,4.602593e+02,-2.973530e+01,-1.471453e+01,-1.257064e+02
32.28000,4.585996e+02,-3.584081e+01,-1.618071e+01,-1.301497e+02
32.28100,4.567416e+02,-4.141906e+01,-1.786570e+01,-1.339363e+02
32.28200,4.549843e+02,-4.709735e+01,-1.947241e+01,-1.377026e+02
32.28300,4.535063e+02,-5.349085e+01,-2.081802e+01,-1.420293e+02
32.28400,4.528817e+02,-6.208851e+01,-2.136050e+01,-1.484933e+02
32.28500,4.508417e+02,-6.551113e+01,-2.323560e+01,-1.497623e+02
32.28600,4.495302e+02,-7.222840e+01,-2.449666e+01,-1.540059e+02
32.28700,4.482820e+02,-7.735187e+01,-2.566338e+01,-1.566946e+02
32.28800,4.471663e+02,-8.289380e+01,-2.674121e+01,-1.596484e+02
32.28900,4.455518e+02,-8.676327e+01,-2.830202e+01,-1.609429e+02
32.29000,4.443347e+02,-9.107847e+01,-2.950907e+01,-1.625643e+02
32.29100,4.429232e+02,-9.528853e+01,-3.089930e+01,-1.639187e+02
32.29200,4.425871e+02,-1.022415e+02,-3.131430e+01,-1.677399e+02
32.29300,4.416203e+02,-1.063127e+02,-3.231026e+01,-1.688481e+02
32.29400,4.407743e+02,-1.115291e+02,-3.318037e+01,-1.708319e+02
32.29500,4.399375e+02,-1.139126e+02,-3.406905e+01,-1.701893e+02
32.29600,4.390831e+02,-1.168983e+02,-3.498643e+01,-1.700289e+02
32.29700,4.385351e+02,-1.210939e+02,-3.561209e+01,-1.709010e+02
32.29800,4.381675e+02,-1.255703e+02,-3.607539e+01,-1.719457e+02
32.29900,4.379054e+02,-1.299195e+02,-3.641936e+01,-1.727876e+02
32.30000,4.373767e+02,-1.320580e+02,-3.702421e+01,-1.715600e+02
32.30100,4.371213e+02,-1.348176e+02,-3.735899e+01,-1.708261e+02
32.30200,4.370376e+02,-1.378817e+02,-3.753187e+01,-1.703339e+02
32.30300,4.370665e+02,-1.404780e+02,-3.760217e+01,-1.693432e+02
32.30400,4.372345e+02,-1.422159e+02,-3.752459e+01,-1.675381e+02
32.30500,4.373383e+02,-1.466248e+02,-3.749209e+01,-1.681565e+02
32.30600,4.373311e+02,-1.495968e+02,-3.756537e+01,-1.674314e+02
32.30700,4.378107e+02,-1.532216e+02,-3.719437e+01,-1.672509e+02
32.30800,4.382319e+02,-1.550684e+02,-3.683131e+01,-1.654035e+02
32.30900,4.388197e+02,-1.560168e+02,-3.632488e+01,-1.626332e+02
32.31000,4.396215e+02,-1.571867e+02,-3.557834e+01,-1.600282e+02
32.31100,4.404419e+02,-1.583430e+02,-3.483871e+01,-1.574563e+02
32.31200,4.414265e+02,-1.600638e+02,-3.392451e+01,-1.553865e+02
32.31300,4.424311e+02,-1.606112e+02,-3.299341e+01,-1.522347e+02
32.31400,4.435472e+02,-1.614937e+02,-3.194278e+01,-1.493715e+02
32.31500,4.447364e+02,-1.618980e+02,-3.083057e+01,-1.460837e+02
32.31600,4.460134e+02,-1.626855e+02,-2.960990e+01,-1.431828e+02
32.31700,4.474168e+02,-1.628896e+02,-2.828564e+01,-1.396611e+02
32.31800,4.488690e+02,-1.634968e+02,-2.689585e+01,-1.366463e+02
32.31900,4.502844e+02,-1.639775e+02,-2.556218e+01,-1.335149e+02
32.32000,4.519497e+02,-1.645757e+02,-2.399492e+01,-1.305087e+02
32.32100,4.535910e+02,-1.644051e+02,-2.243042e+01,-1.267579e+02
32.32200,4.552391e+02,-1.640305e+02,-2.086670e+01,-1.229299e+02
32.32300,4.569792e+02,-1.639881e+02,-1.922393e+01,-1.194174e+02
32.32400,4.587307e+02,-1.631825e+02,-1.757120e+01,-1.152286e+02
32.32500,4.605299e+02,-1.627347e+02,-1.588451e+01,-1.114085e+02
32.32600,4.622741e+02,-1.613055e+02,-1.424437e+01,-1.067523e+02
32.32700,4.641537e+02,-1.607399e+02,-1.249418e+01,-1.029204e+02
32.32800,4.658854e+02,-1.590831e+02,-1.087279e+01,-9.818447e+01
32.32900,4.675405e+02,-1.564352e+02,-9.334967e+00,-9.254100e+01
32.33000,4.692377e+02,-1.543941e+02,-7.756453e+00,-8.758500e+01
32.33100,4.709163e+02,-1.513027e+02,-6.210589e+00,-8.169967e+01
32.33200,4.724107e+02,-1.490627e+02,-4.823138e+00,-7.661360e+01
32.33300,4.739389e+02,-1.456309e+02,-3.410928e+00,-7.057307e+01
32.33400,4.753777e+02,-1.417141e+02,-2.086836e+00,-6.410461e+01
32.33500,4.767669e+02,-1.378235e+02,-8.180880e-01,-5.781549e+01
32.33600,4.780885e+02,-1.335905e+02,3.837129e-01,-5.128762e+01
32.33700,4.793027e+02,-1.281961e+02,1.493333e+00,-4.370127e+01
32.33800,4.804820e+02,-1.236085e+02,2.570100e+00,-3.702559e+01
32.33900,4.814823e+02,-1.185229e+02,3.460961e+00,-2.991058e+01
32.34000,4.823867e+02,-1.136846e+02,4.270560e+00,-2.317858e+01
32.34100,4.831917e+02,-1.084579e+02,5.002042e+00,-1.621864e+01
32.34200,4.839302e+02,-1.023593e+02,5.669935e+00,-8.459207e+00
32.34300,4.845177e+02,-9.609427e+01,6.219685e+00,-7.229580e-01
32.34400,4.849325e+02,-9.107673e+01,6.600929e+00,5.743398e+00
32.34500,4.853137e+02,-8.447387e+01,6.963680e+00,1.365169e+01
32.34600,4.855401e+02,-7.818707e+01,7.191347e+00,2.109006e+01
32.34700,4.855621e+02,-7.271480e+01,7.238473e+00,2.763495e+01
32.34800,4.855215e+02,-6.632021e+01,7.240107e+00,3.502729e+01
32.34900,4.852939e+02,-6.025711e+01,7.078993e+00,4.192863e+01
32.35000,4.849285e+02,-5.435219e+01,6.793860e+00,4.855627e+01
32.35100,4.844468e+02,-4.799951e+01,6.417703e+00,5.553782e+01
32.35200,4.837891e+02,-4.224615e+01,5.891647e+00,6.180927e+01
32.35300,4.829990e+02,-3.662910e+01,5.229096e+00,6.785447e+01
32.35400,4.820853e+02,-3.077150e+01,4.485867e+00,7.403267e+01
32.35500,4.809765e+02,-2.551326e+01,3.562813e+00,7.947827e+01
32.35600,4.797659e+02,-2.012037e+01,2.553749e+00,8.495067e+01
32.35700,4.785043e+02,-1.458876e+01,1.484346e+00,9.045367e+01
32.35800,4.769483e+02,-1.024397e+01,1.575916e-01,9.473673e+01
32.35900,4.754626e+02,-4.858097e+00,-1.094262e+00,9.988333e+01
32.36000,4.737501e+02,-3.525267e-01,-2.560582e+00,1.040218e+02
32.36100,4.720508e+02,4.922553e+00,-4.018718e+00,1.088030e+02
32.36200,4.702117e+02,9.432013e+00,-5.608491e+00,1.127137e+02
32.36300,4.683714e+02,1.436331e+01,-7.195920e+00,1.169111e+02
32.36400,4.666969e+02,2.022445e+01,-8.622067e+00,1.219574e+02
32.36500,4.646792e+02,2.455936e+01,-1.040171e+01,1.253191e+02
32.36600,4.627887e+02,2.934314e+01,-1.206400e+01,1.290549e+02
32.36700,4.609673e+02,3.460897e+01,-1.366735e+01,1.331358e+02
32.36800,4.584812e+02,3.688373e+01,-1.591795e+01,1.341009e+02
32.36900,4.564257e+02,4.094519e+01,-1.775343e+01,1.367447e+02
32.37000,4.546832e+02,4.699516e+01,-1.929897e+01,1.412317e+02
32.37100,4.528565e+02,5.197456e+01,-2.096001e+01,1.445217e+02
32.37200,4.511572e+02,5.781337e+01,-2.250314e+01,1.485605e+02
32.37300,4.496786e+02,6.379966e+01,-2.383788e+01,1.525881e+02
32.37400,4.485769e+02,7.127967e+01,-2.482815e+01,1.579463e+02
32.37500,4.473759e+02,7.707847e+01,-2.591521e+01,1.617315e+02
32.37600,4.456443e+02,8.153733e+01,-2.753757e+01,1.639199e+02
32.37700,4.443677e+02,8.761067e+01,-2.875537e+01,1.675554e+02
32.37800,4.430849e+02,9.330840e+01,-2.996095e+01,1.707001e+02
32.37900,4.419406e+02,9.783067e+01,-3.106371e+01,1.727433e+02
32.38000,4.407153e+02,1.021205e+02,-3.225818e+01,1.744519e+02
32.38100,4.393959e+02,1.064328e+02,-3.354249e+01,1.760266e+02
32.38200,4.382079e+02,1.101939e+02,-3.473108e+01,1.770352e+02
32.38300,4.379470e+02,1.170437e+02,-3.505195e+01,1.807770e+02
32.38400,4.370127e+02,1.228899e+02,-3.600685e+01,1.834510e+02
32.38500,4.363063e+02,1.256570e+02,-3.674292e+01,1.832761e+02
32.38600,4.351843e+02,1.263314e+02,-3.786086e+01,1.811288e+02
32.38700,4.346448e+02,1.308671e+02,-3.845481e+01,1.824331e+02
32.38800,4.342281e+02,1.352169e+02,-3.893197e+01,1.834770e+02
32.38900,4.338454e+02,1.387885e+02,-3.938383e+01,1.837465e+02
32.39000,4.333743e+02,1.414500e+02,-3.990601e+01,1.831260e+02
32.39100,4.330997e+02,1.444253e+02,-4.023341e+01,1.827216e+02
32.39200,4.328893e+02,1.465773e+02,-4.050733e+01,1.815285e+02
32.39300,4.328039e+02,1.487648e+02,-4.064687e+01,1.803013e+02
32.39400,4.328850e+02,1.509619e+02,-4.062638e+01,1.790405e+02
32.39500,4.329171e+02,1.523000e+02,-4.065676e+01,1.769823e+02
32.39600,4.330331e+02,1.575422e+02,-4.058650e+01,1.784476e+02
32.39700,4.333601e+02,1.593113e+02,-4.033895e+01,1.766985e+02
32.39800,4.336355e+02,1.598446e+02,-4.008405e+01,1.737900e+02
32.39900,4.342391e+02,1.614803e+02,-3.953974e+01,1.717969e+02
32.40000,4.348807e+02,1.620893e+02,-3.894273e+01,1.688531e+02
32.40100,4.357600e+02,1.625854e+02,-3.812713e+01,1.657447e+02
32.40200,4.366759e+02,1.633087e+02,-3.726821e+01,1.628680e+02
32.40300,4.376755e+02,1.638061e+02,-3.632873e+01,1.598171e+02
32.40400,4.388167e+02,1.644044e+02,-3.524305e+01,1.567577e+02
32.40500,4.400239e+02,1.645257e+02,-3.411367e+01,1.533311e+02
32.40600,4.413399e+02,1.651790e+02,-3.287231e+01,1.503864e+02
32.40700,4.427578e+02,1.659167e+02,-3.152630e+01,1.475405e+02
32.40800,4.442692e+02,1.660350e+02,-3.010832e+01,1.440801e+02
32.40900,4.458833e+02,1.667159e+02,-2.859624e+01,1.411689e+02
32.41000,4.475513e+02,1.665862e+02,-2.702704e+01,1.374697e+02
32.41100,4.493447e+02,1.669043e+02,-2.536281e+01,1.342641e+02
32.41200,4.510535e+02,1.667143e+02,-2.377640e+01,1.306303e+02
32.41300,4.529352e+02,1.666357e+02,-2.203544e+01,1.270451e+02
32.41400,4.548181e+02,1.672247e+02,-2.031570e+01,1.241683e+02
32.41500,4.567745e+02,1.671113e+02,-1.852719e+01,1.206378e+02
32.41600,4.586639e+02,1.665177e+02,-1.679909e+01,1.167257e+02
32.41700,4.606281e+02,1.658278e+02,-1.502667e+01,1.127417e+02
32.41800,4.625868e+02,1.652901e+02,-1.326262e+01,1.089641e+02
32.41900,4.645842e+02,1.645535e+02,-1.147959e+01,1.050097e+02
32.42000,4.665636e+02,1.637267e+02,-9.713393e+00,1.010397e+02
32.42100,4.684235e+02,1.634099e+02,-8.070847e+00,9.756813e+01
32.42200,4.700505e+02,1.592281e+02,-6.646964e+00,9.062047e+01
32.42300,4.718842e+02,1.579209e+02,-5.041227e+00,8.643133e+01
32.42400,4.735827e+02,1.553962e+02,-3.574445e+00,8.110480e+01
32.42500,4.752157e+02,1.525689e+02,-2.159652e+00,7.559947e+01
32.42600,4.767773e+02,1.493127e+02,-8.166047e-01,6.977840e+01
32.42700,4.782734e+02,1.460969e+02,4.591063e-01,6.407038e+01
32.42800,4.796646e+02,1.424339e+02,1.647939e+00,5.806779e+01
32.42900,4.809621e+02,1.384291e+02,2.743943e+00,5.181761e+01
32.43000,4.822649e+02,1.335023e+02,3.851593e+00,4.478061e+01
32.43100,4.833575e+02,1.292649e+02,4.769661e+00,3.853226e+01
32.43200,4.843589e+02,1.235729e+02,5.631002e+00,3.102906e+01
32.43300,4.851281e+02,1.195229e+02,6.242425e+00,2.506620e+01
32.43400,4.858829e+02,1.137413e+02,6.895340e+00,1.770704e+01
32.43500,4.865113e+02,1.085600e+02,7.424973e+00,1.097951e+01
32.43600,4.870752e+02,1.017549e+02,7.917633e+00,2.824434e+00
32.43700,4.874203e+02,9.621313e+01,8.221400e+00,-3.985257e+00
32.43800,4.876025e+02,9.112460e+01,8.373340e+00,-1.027569e+01
32.43900,4.877689e+02,8.387887e+01,8.553953e+00,-1.851781e+01
32.44000,4.876805e+02,7.832433e+01,8.492760e+00,-2.498395e+01
32.44100,4.874217e+02,7.242960e+01,8.308140e+00,-3.165352e+01
32.44200,4.871478e+02,6.563541e+01,8.118927e+00,-3.912587e+01
32.44300,4.865791e+02,6.007226e+01,7.667807e+00,-4.522241e+01
32.44400,4.860913e+02,5.311403e+01,7.304080e+00,-5.252704e+01
32.44500,4.852032e+02,4.773976e+01,6.588331e+00,-5.827099e+01
32.44600,4.842137e+02,4.177079e+01,5.799445e+00,-6.439709e+01
32.44700,4.830624e+02,3.657318e+01,4.848693e+00,-6.969747e+01
32.44800,4.819005e+02,3.034188e+01,3.916252e+00,-7.584427e+01
32.44900,4.805181e+02,2.486280e+01,2.768159e+00,-8.113267e+01
32.45000,4.790700e+02,1.924101e+01,1.567773e+00,-8.645613e+01
32.45100,4.774378e+02,1.447431e+01,2.004535e-01,-9.083453e+01
32.45200,4.757733e+02,9.225773e+00,-1.216442e+00,-9.550887e+01
32.45300,4.739444e+02,4.324757e+00,-2.766155e+00,-9.976080e+01
32.45400,4.722274e+02,-1.182972e+00,-4.216835e+00,-1.044743e+02
32.45500,4.705323e+02,-7.302120e+00,-5.653152e+00,-1.096403e+02
32.45600,4.686946e+02,-1.248865e+01,-7.233553e+00,-1.137925e+02
32.45700,4.667746e+02,-1.767649e+01,-8.893393e+00,-1.178185e+02
32.45800,4.648700e+02,-2.304481e+01,-1.057004e+01,-1.218640e+02
32.45900,4.624362e+02,-2.548891e+01,-1.275149e+01,-1.229803e+02
32.46000,4.603607e+02,-2.967359e+01,-1.462470e+01,-1.256614e+02
32.46100,4.587296e+02,-3.601381e+01,-1.606046e+01,-1.303317e+02
32.46200,4.568583e+02,-4.140815e+01,-1.775976e+01,-1.339507e+02
32.46300,4.551647e+02,-4.709894e+01,-1.929568e+01,-1.377439e+02
32.46400,4.535648e+02,-5.348171e+01,-2.076501e+01,-1.420279e+02
32.46500,4.529571e+02,-6.199221e+01,-2.129249e+01,-1.484303e+02
32.46600,4.509319e+02,-6.546189e+01,-2.314730e+01,-1.497469e+02
32.46700,4.496928e+02,-7.219340e+01,-2.433577e+01,-1.540362e+02
32.46800,4.483644e+02,-7.743473e+01,-2.558227e+01,-1.568105e+02
32.46900,4.472635e+02,-8.296853e+01,-2.664779e+01,-1.597729e+02
32.47000,4.456703e+02,-8.679407e+01,-2.818739e+01,-1.610343e+02
32.47100,4.444386e+02,-9.114787e+01,-2.940707e+01,-1.626946e+02
32.47200,4.430575e+02,-9.561847e+01,-3.076715e+01,-1.642853e+02
32.47300,4.426780e+02,-1.024464e+02,-3.122050e+01,-1.680011e+02
32.47400,4.416998e+02,-1.060877e+02,-3.223039e+01,-1.687200e+02
32.47500,4.408182e+02,-1.113839e+02,-3.313448e+01,-1.707801e+02
32.47600,4.400186e+02,-1.139299e+02,-3.399011e+01,-1.702939e+02
32.47700,4.391468e+02,-1.168992e+02,-3.492393e+01,-1.701145e+02
32.47800,4.386043e+02,-1.210949e+02,-3.554020e+01,-1.709941e+02
32.47900,4.382265e+02,-1.255229e+02,-3.600783e+01,-1.719976e+02
32.48000,4.379149e+02,-1.296677e+02,-3.640486e+01,-1.726606e+02
32.48100,4.374172e+02,-1.318203e+02,-3.698149e+01,-1.714552e+02
32.48200,4.371782e+02,-1.349586e+02,-3.730749e+01,-1.710585e+02
32.48300,4.370635e+02,-1.378894e+02,-3.749911e+01,-1.704388e+02
32.48400,4.370972e+02,-1.405939e+02,-3.756935e+01,-1.695595e+02
32.48500,4.372319e+02,-1.426517e+02,-3.752157e+01,-1.680459e+02
32.48600,4.373735e+02,-1.464743e+02,-3.746065e+01,-1.681304e+02
32.48700,4.373387e+02,-1.494679e+02,-3.755563e+01,-1.674319e+02
32.48800,4.378202e+02,-1.533637e+02,-3.717926e+01,-1.674897e+02
32.48900,4.382193e+02,-1.548572e+02,-3.683428e+01,-1.653136e+02
32.49000,4.388211e+02,-1.560177e+02,-3.631606e+01,-1.627461e+02
32.49100,4.396241e+02,-1.573363e+02,-3.557535e+01,-1.602957e+02
32.49200,4.404272e+02,-1.584325e+02,-3.485207e+01,-1.576695e+02
32.49300,4.414241e+02,-1.601914e+02,-3.392232e+01,-1.556132e+02
32.49400,4.424153e+02,-1.606441e+02,-3.300497e+01,-1.523879e+02
32.49500,4.435136e+02,-1.614537e+02,-3.197687e+01,-1.494665e+02
32.49600,4.447100e+02,-1.619237e+02,-3.085188e+01,-1.462399e+02
32.49700,4.459660e+02,-1.625139e+02,-2.964705e+01,-1.431383e+02
32.49800,4.473708e+02,-1.629419e+02,-2.832872e+01,-1.398331e+02
32.49900,4.488330e+02,-1.635768e+02,-2.693138e+01,-1.368431e+02
32.50000,4.502534e+02,-1.638318e+02,-2.559167e+01,-1.335008e+02
32.50100,4.518899e+02,-1.644777e+02,-2.404915e+01,-1.305423e+02
32.50200,4.535355e+02,-1.643605e+02,-2.248171e+01,-1.268375e+02
32.50300,4.551834e+02,-1.639659e+02,-2.091944e+01,-1.229871e+02
32.50400,4.569263e+02,-1.638703e+02,-1.927701e+01,-1.194259e+02
32.50500,4.586752e+02,-1.632539e+02,-1.762380e+01,-1.154112e+02
32.50600,4.604687e+02,-1.626582e+02,-1.594433e+01,-1.114563e+02
32.50700,4.622168e+02,-1.613162e+02,-1.429717e+01,-1.068833e+02
32.50800,4.640789e+02,-1.605831e+02,-1.256346e+01,-1.028940e+02
32.50900,4.658347e+02,-1.590629e+02,-1.091829e+01,-9.828467e+01
32.51000,4.674830e+02,-1.563410e+02,-9.389600e+00,-9.256580e+01
32.51100,4.691767e+02,-1.541505e+02,-7.807273e+00,-8.747000e+01
32.51200,4.708605e+02,-1.514837e+02,-6.263979e+00,-8.197387e+01
32.51300,4.723575e+02,-1.492109e+02,-4.874266e+00,-7.685007e+01
32.51400,4.738927e+02,-1.456614e+02,-3.454269e+00,-7.070540e+01
32.51500,4.753405e+02,-1.416280e+02,-2.123257e+00,-6.412404e+01
32.51600,4.767269e+02,-1.378347e+02,-8.528700e-01,-5.792423e+01
32.51700,4.780515e+02,-1.337110e+02,3.489633e-01,-5.149437e+01
32.51800,4.792693e+02,-1.282941e+02,1.460553e+00,-4.388171e+01
32.51900,4.804954e+02,-1.233846e+02,2.598141e+00,-3.691136e+01
32.52000,4.814628e+02,-1.186770e+02,3.446325e+00,-3.014926e+01
32.52100,4.823686e+02,-1.136282e+02,4.255954e+00,-2.321441e+01
32.52200,4.831713e+02,-1.085753e+02,4.989367e+00,-1.640063e+01
32.52300,4.839219e+02,-1.023867e+02,5.665184e+00,-8.566527e+00
32.52400,4.845151e+02,-9.607307e+01,6.219757e+00,-7.776953e-01
32.52500,4.850230e+02,-9.044033e+01,6.689100e+00,6.247633e+00
32.52600,4.853213e+02,-8.449413e+01,6.971813e+00,1.355738e+01
32.52700,4.855459e+02,-7.835287e+01,7.196747e+00,2.087365e+01
32.52800,4.856109e+02,-7.257553e+01,7.280867e+00,2.769949e+01
32.52900,4.855529e+02,-6.621829e+01,7.272207e+00,3.505362e+01
32.53000,4.853436e+02,-6.014828e+01,7.120927e+00,4.197132e+01
32.53100,4.849714e+02,-5.433203e+01,6.825360e+00,4.852217e+01
32.53200,4.845036e+02,-4.796205e+01,6.467305e+00,5.551867e+01
32.53300,4.838699e+02,-4.200656e+01,5.964869e+00,6.198334e+01
32.53400,4.830697e+02,-3.643983e+01,5.298789e+00,6.799373e+01
32.53500,4.821267e+02,-3.097319e+01,4.519993e+00,7.380980e+01
32.53600,4.810611e+02,-2.542369e+01,3.639531e+00,7.952473e+01
32.53700,4.798531e+02,-2.006032e+01,2.629159e+00,8.496760e+01
32.53800,4.785780e+02,-1.479632e+01,1.547927e+00,9.024473e+01
32.53900,4.771573e+02,-9.659127e+00,3.442519e-01,9.523920e+01
32.54000,4.755507e+02,-4.887685e+00,-1.021010e+00,9.983033e+01
32.54100,4.738631e+02,-2.984730e-01,-2.462139e+00,1.040547e+02
32.54200,4.721717e+02,5.092098e+00,-3.909107e+00,1.089403e+02
32.54300,4.703218e+02,9.494387e+00,-5.508868e+00,1.127639e+02
32.54400,4.684949e+02,1.456891e+01,-7.078040e+00,1.170971e+02
32.54500,4.668451e+02,2.060036e+01,-8.484947e+00,1.222967e+02
32.54600,4.647920e+02,2.451845e+01,-1.030379e+01,1.252837e+02
32.54700,4.629070e+02,2.943482e+01,-1.195435e+01,1.291390e+02
32.54800,4.610869e+02,3.474217e+01,-1.356027e+01,1.332614e+02
32.54900,4.586518e+02,3.728730e+01,-1.575968e+01,1.344883e+02
32.55000,4.565311e+02,4.091336e+01,-1.765449e+01,1.367415e+02
32.55100,4.548123e+02,4.715811e+01,-1.917775e+01,1.414026e+02
32.55200,4.529707e+02,5.209855e+01,-2.085579e+01,1.446530e+02
32.55300,4.512539e+02,5.783003e+01,-2.241464e+01,1.485871e+02
32.55400,4.498018e+02,6.389419e+01,-2.372265e+01,1.527125e+02
32.55500,4.486961e+02,7.130047e+01,-2.471889e+01,1.580070e+02
32.55600,4.475279e+02,7.739200e+01,-2.577391e+01,1.620653e+02
32.55700,4.457333e+02,8.130833e+01,-2.744891e+01,1.637543e+02
32.55800,4.444531e+02,8.774273e+01,-2.867024e+01,1.677246e+02
32.55900,4.431710e+02,9.313953e+01,-2.987795e+01,1.706101e+02
32.56000,4.420224e+02,9.774260e+01,-3.098560e+01,1.727195e+02
32.56100,4.408898e+02,1.025492e+02,-3.209266e+01,1.749067e+02
32.56200,4.394882e+02,1.064121e+02,-3.345517e+01,1.760770e+02
32.56300,4.383129e+02,1.102564e+02,-3.462958e+01,1.771642e+02
32.56400,4.380283e+02,1.170523e+02,-3.497205e+01,1.808578e+02
32.56500,4.370412e+02,1.226940e+02,-3.598058e+01,1.833589e+02
32.56600,4.364004e+02,1.259496e+02,-3.665612e+01,1.836268e+02
32.56700,4.352475e+02,1.261135e+02,-3.780063e+01,1.810130e+02
32.56800,4.346997e+02,1.307697e+02,-3.839741e+01,1.824308e+02
32.56900,4.342793e+02,1.351704e+02,-3.888594e+01,1.835286e+02
32.57000,4.338709e+02,1.386987e+02,-3.935774e+01,1.837581e+02
32.57100,4.334093e+02,1.414054e+02,-3.987209e+01,1.831833e+02
32.57200,4.331521e+02,1.445466e+02,-4.018226e+01,1.829311e+02
32.57300,4.329123e+02,1.464309e+02,-4.048489e+01,1.814954e+02
32.57400,4.328359e+02,1.488529e+02,-4.061611e+01,1.804867e+02
32.57500,4.329035e+02,1.509435e+02,-4.060498e+01,1.791251e+02
32.57600,4.329369e+02,1.523934e+02,-4.064422e+01,1.771715e+02
32.57700,4.330647e+02,1.562898e+02,-4.055455e+01,1.774197e+02
32.57800,4.333737e+02,1.592553e+02,-4.032797e+01,1.767664e+02
32.57900,4.335469e+02,1.593845e+02,-4.016201e+01,1.734803e+02
32.58000,4.342242e+02,1.615976e+02,-3.955259e+01,1.720316e+02
32.58100,4.349036e+02,1.621347e+02,-3.892659e+01,1.690099e+02
32.58200,4.357578e+02,1.628114e+02,-3.813561e+01,1.660731e+02
32.58300,4.366681e+02,1.634482e+02,-3.728317e+01,1.631271e+02
32.58400,4.376529e+02,1.637785e+02,-3.634706e+01,1.599088e+02
32.58500,4.387785e+02,1.642945e+02,-3.528283e+01,1.567851e+02
32.58600,4.399859e+02,1.644851e+02,-3.414513e+01,1.534187e+02
32.58700,4.413055e+02,1.652691e+02,-3.290731e+01,1.505932e+02
32.58800,4.427110e+02,1.657984e+02,-3.156859e+01,1.475562e+02
32.58900,4.442271e+02,1.660427e+02,-3.014943e+01,1.442050e+02
32.59000,4.458258e+02,1.666283e+02,-2.864996e+01,1.412147e+02
32.59100,4.475065e+02,1.667823e+02,-2.707437e+01,1.377719e+02
32.59200,4.492655e+02,1.667088e+02,-2.543384e+01,1.342083e+02
32.59300,4.509864e+02,1.666712e+02,-2.383642e+01,1.307209e+02
32.59400,4.528603e+02,1.667288e+02,-2.210680e+01,1.272453e+02
32.59500,4.547461e+02,1.671719e+02,-2.038251e+01,1.242379e+02
32.59600,4.567051e+02,1.670891e+02,-1.858953e+01,1.207397e+02
32.59700,4.585943e+02,1.664194e+02,-1.686271e+01,1.167545e+02
32.59800,4.605575e+02,1.658043e+02,-1.508879e+01,1.128414e+02
32.59900,4.625193e+02,1.652997e+02,-1.332309e+01,1.090875e+02
32.60000,4.644993e+02,1.643975e+02,-1.155309e+01,1.049865e+02
32.60100,4.664994e+02,1.635375e+02,-9.771140e+00,1.009781e+02
32.60200,4.683514e+02,1.632983e+02,-8.135460e+00,9.757947e+01
32.60300,4.700121e+02,1.594682e+02,-6.680387e+00,9.095407e+01
32.60400,4.718296e+02,1.577583e+02,-5.089623e+00,8.639573e+01
32.60500,4.735257e+02,1.553108e+02,-3.624441e+00,8.114113e+01
32.60600,4.751505e+02,1.526195e+02,-2.210550e+00,7.576380e+01
32.60700,4.767239e+02,1.492949e+02,-8.622647e-01,6.987180e+01
32.60800,4.782281e+02,1.460473e+02,4.187224e-01,6.412897e+01
32.60900,4.796218e+02,1.424272e+02,1.611197e+00,5.816221e+01
32.61000,4.809237e+02,1.384880e+02,2.710769e+00,5.196817e+01
32.61100,4.822157e+02,1.334780e+02,3.814207e+00,4.485878e+01
32.61200,4.833706e+02,1.292314e+02,4.793670e+00,3.859290e+01
32.61300,4.843377e+02,1.234598e+02,5.610860e+00,3.101879e+01
32.61400,4.851369e+02,1.192841e+02,6.256005e+00,2.493251e+01
32.61500,4.858739e+02,1.137075e+02,6.889953e+00,1.776056e+01
32.61600,4.865047e+02,1.086127e+02,7.421680e+00,1.110452e+01
32.61700,4.870793e+02,1.017402e+02,7.922600e+00,2.888781e+00
32.61800,4.874251e+02,9.632527e+01,8.225580e+00,-3.807621e+00
32.61900,4.876217e+02,9.114847e+01,8.390333e+00,-1.018611e+01
32.62000,4.877989e+02,8.378787e+01,8.581953e+00,-1.853521e+01
32.62100,4.877200e+02,7.826253e+01,8.526873e+00,-2.497900e+01
32.62200,4.874673e+02,7.232073e+01,8.346007e+00,-3.168656e+01
32.62300,4.872031e+02,6.552309e+01,8.166440e+00,-3.917744e+01
32.62400,4.866658e+02,5.984609e+01,7.746647e+00,-4.537574e+01
32.62500,4.861025e+02,5.345413e+01,7.309593e+00,-5.216915e+01
32.62600,4.853412e+02,4.723783e+01,6.717620e+00,-5.868527e+01
32.62700,4.842929e+02,4.168468e+01,5.869323e+00,-6.443676e+01
32.62800,4.831379e+02,3.661991e+01,4.912755e+00,-6.962000e+01
32.62900,4.820031e+02,3.012319e+01,4.011237e+00,-7.601520e+01
32.63000,4.806181e+02,2.476595e+01,2.856465e+00,-8.119393e+01
32.63100,4.791705e+02,1.919477e+01,1.654823e+00,-8.647007e+01
32.63200,4.775602e+02,1.422059e+01,3.047180e-01,-9.104920e+01
32.63300,4.758997e+02,9.121173e+00,-1.107360e+00,-9.559140e+01
32.63400,4.740655e+02,4.257429e+00,-2.661352e+00,-9.981407e+01
32.63500,4.723419e+02,-1.243169e+00,-4.111806e+00,-1.045249e+02
32.63600,4.706581e+02,-7.412480e+00,-5.541095e+00,-1.097343e+02
32.63700,4.688145e+02,-1.255559e+01,-7.124940e+00,-1.138507e+02
32.63800,4.669240e+02,-1.792862e+01,-8.757333e+00,-1.180535e+02
32.63900,4.649859e+02,-2.303530e+01,-1.046655e+01,-1.218627e+02
32.64000,4.626335e+02,-2.581267e+01,-1.257210e+01,-1.233205e+02
32.64100,4.604545e+02,-2.965227e+01,-1.453811e+01,-1.256498e+02
32.64200,4.588297e+02,-3.605867e+01,-1.596667e+01,-1.303791e+02
32.64300,4.569769e+02,-4.144385e+01,-1.765059e+01,-1.340107e+02
32.64400,4.553011e+02,-4.700891e+01,-1.916615e+01,-1.376995e+02
32.64500,4.536333e+02,-5.336124e+01,-2.070224e+01,-1.419417e+02
32.64600,4.530566e+02,-6.218075e+01,-2.120099e+01,-1.486151e+02
32.64700,4.509993e+02,-6.556760e+01,-2.308002e+01,-1.498714e+02
32.64800,4.498716e+02,-7.206573e+01,-2.415937e+01,-1.539883e+02
32.64900,4.484650e+02,-7.757560e+01,-2.548693e+01,-1.569849e+02
32.65000,4.473544e+02,-8.303447e+01,-2.655945e+01,-1.598835e+02
32.65100,4.458208e+02,-8.694007e+01,-2.804299e+01,-1.612297e+02
32.65200,4.445408e+02,-9.115020e+01,-2.930891e+01,-1.627620e+02
32.65300,4.432026e+02,-9.577640e+01,-3.062771e+01,-1.645023e+02
32.65400,4.427573e+02,-1.025318e+02,-3.114070e+01,-1.681511e+02
32.65500,4.417770e+02,-1.058434e+02,-3.215258e+01,-1.685753e+02
32.65600,4.408154e+02,-1.109751e+02,-3.313530e+01,-1.704972e+02
32.65700,4.401027e+02,-1.140601e+02,-3.390397e+01,-1.704895e+02
32.65800,4.392123e+02,-1.166769e+02,-3.485646e+01,-1.700015e+02
32.65900,4.386619e+02,-1.210578e+02,-3.548146e+01,-1.710471e+02
32.66000,4.382765e+02,-1.254665e+02,-3.594979e+01,-1.720359e+02
32.66100,4.379429e+02,-1.294808e+02,-3.637312e+01,-1.725837e+02
32.66200,4.374601e+02,-1.318565e+02,-3.693873e+01,-1.715910e+02
32.66300,4.372168e+02,-1.350223e+02,-3.725736e+01,-1.712155e+02
32.66400,4.370989e+02,-1.379196e+02,-3.745957e+01,-1.705709e+02
32.66500,4.371147e+02,-1.406140e+02,-3.754814e+01,-1.696843e+02
32.66600,4.372413e+02,-1.427867e+02,-3.751313e+01,-1.682729e+02
32.66700,4.373945e+02,-1.468109e+02,-3.743877e+01,-1.685399e+02
32.66800,4.373606e+02,-1.496866e+02,-3.753089e+01,-1.677452e+02
32.66900,4.377526e+02,-1.530951e+02,-3.723149e+01,-1.673583e+02
32.67000,4.382256e+02,-1.547155e+02,-3.682766e+01,-1.652895e+02
32.67100,4.388252e+02,-1.559009e+02,-3.630549e+01,-1.627436e+02
32.67200,4.396251e+02,-1.577059e+02,-3.557015e+01,-1.607771e+02
32.67300,4.404139e+02,-1.584984e+02,-3.486465e+01,-1.578549e+02
32.67400,4.413732e+02,-1.599105e+02,-3.396525e+01,-1.554724e+02
32.67500,4.424011e+02,-1.605760e+02,-3.302329e+01,-1.524478e+02
32.67600,4.434849e+02,-1.613518e+02,-3.200432e+01,-1.495000e+02
32.67700,4.446717e+02,-1.618784e+02,-3.088425e+01,-1.463172e+02
32.67800,4.459246e+02,-1.623897e+02,-2.968900e+01,-1.431356e+02
32.67900,4.473183e+02,-1.629068e+02,-2.836629e+01,-1.399235e+02
32.68000,4.488147e+02,-1.638365e+02,-2.695419e+01,-1.372077e+02
32.68100,4.502064e+02,-1.637849e+02,-2.563345e+01,-1.335833e+02
32.68200,4.518369e+02,-1.644432e+02,-2.409813e+01,-1.306257e+02
32.68300,4.534839e+02,-1.644679e+02,-2.252741e+01,-1.270547e+02
32.68400,4.551325e+02,-1.639119e+02,-2.096906e+01,-1.230550e+02
32.68500,4.568565e+02,-1.637014e+02,-1.933986e+01,-1.193949e+02
32.68600,4.586160e+02,-1.631659e+02,-1.767947e+01,-1.154504e+02
32.68700,4.604071e+02,-1.625649e+02,-1.600213e+01,-1.114914e+02
32.68800,4.621621e+02,-1.613555e+02,-1.434893e+01,-1.070386e+02
32.68900,4.640081e+02,-1.604782e+02,-1.262754e+01,-1.029111e+02
32.69000,4.657821e+02,-1.591475e+02,-1.096943e+01,-9.847247e+01
32.69100,4.674168e+02,-1.563967e+02,-9.446033e+00,-9.273853e+01
32.69200,4.691285e+02,-1.542439e+02,-7.852853e+00,-8.766607e+01
32.69300,4.707969e+02,-1.517320e+02,-6.319591e+00,-8.230940e+01
32.69400,4.723019e+02,-1.492334e+02,-4.920679e+00,-7.697827e+01
32.69500,4.738463e+02,-1.457207e+02,-3.496051e+00,-7.086687e+01
32.69600,4.752949e+02,-1.416715e+02,-2.162261e+00,-6.426797e+01
32.69700,4.766910e+02,-1.377515e+02,-8.874107e-01,-5.793798e+01
32.69800,4.780171e+02,-1.337096e+02,3.182745e-01,-5.159262e+01
32.69900,4.792247e+02,-1.283555e+02,1.427597e+00,-4.402685e+01
32.70000,4.804850e+02,-1.233479e+02,2.590717e+00,-3.696797e+01
32.70100,4.814433e+02,-1.187476e+02,3.429778e+00,-3.030987e+01
32.70200,4.823509e+02,-1.136007e+02,4.241278e+00,-2.327410e+01
32.70300,4.831513e+02,-1.085918e+02,4.975400e+00,-1.649291e+01
32.70400,4.839130e+02,-1.024573e+02,5.657857e+00,-8.717627e+00
32.70500,4.845162e+02,-9.613293e+01,6.220265e+00,-9.079133e-01
32.70600,4.850327e+02,-9.032393e+01,6.704280e+00,6.286271e+00
32.70700,4.853261e+02,-8.456800e+01,6.976213e+00,1.341789e+01
32.70800,4.855601e+02,-7.835220e+01,7.212340e+00,2.080239e+01
32.70900,4.856303e+02,-7.247493e+01,7.308367e+00,2.773420e+01
32.71000,4.855809e+02,-6.623975e+01,7.299520e+00,3.496337e+01
32.71100,4.853889e+02,-6.007363e+01,7.160867e+00,4.198320e+01
32.71200,4.850078e+02,-5.431066e+01,6.867393e+00,4.848771e+01
32.71300,4.845581e+02,-4.794875e+01,6.514626e+00,5.547287e+01
32.71400,4.839535e+02,-4.173321e+01,6.042929e+00,6.218487e+01
32.71500,4.831414e+02,-3.631877e+01,5.366509e+00,6.806227e+01
32.71600,4.822154e+02,-3.075755e+01,4.600009e+00,7.396400e+01
32.71700,4.811557e+02,-2.524503e+01,3.724006e+00,7.965427e+01
32.71800,4.799381e+02,-1.994752e+01,2.704820e+00,8.502553e+01
32.71900,4.786845e+02,-1.462618e+01,1.639647e+00,9.036947e+01
32.72000,4.772582e+02,-9.422107e+00,4.477067e-01,9.543527e+01
32.72100,4.756450e+02,-4.877999e+00,-9.406547e-01,9.981433e+01
32.72200,4.739946e+02,1.042528e-02,-2.343444e+00,1.043211e+02
32.72300,4.723013e+02,5.402957e+00,-3.789651e+00,1.092019e+02
32.72400,4.704286e+02,9.524707e+00,-5.415715e+00,1.127772e+02
32.72500,4.686167e+02,1.475247e+01,-6.963620e+00,1.172581e+02
32.72600,4.669755e+02,2.075121e+01,-8.366160e+00,1.224323e+02
32.72700,4.649008e+02,2.453988e+01,-1.020609e+01,1.252983e+02
32.72800,4.630344e+02,2.956721e+01,-1.183763e+01,1.292647e+02
32.72900,4.612141e+02,3.486971e+01,-1.344764e+01,1.333817e+02
32.73000,4.588323e+02,3.766364e+01,-1.559046e+01,1.348707e+02
32.73100,4.566500e+02,4.094187e+01,-1.754643e+01,1.367859e+02
32.73200,4.549284e+02,4.721143e+01,-1.907219e+01,1.414663e+02
32.73300,4.530883e+02,5.221108e+01,-2.074673e+01,1.447726e+02
32.73400,4.513502e+02,5.792674e+01,-2.232143e+01,1.487034e+02
32.73500,4.499314e+02,6.401093e+01,-2.360100e+01,1.528585e+02
32.73600,4.488191e+02,7.137613e+01,-2.460201e+01,1.581214e+02
32.73700,4.476495e+02,7.750893e+01,-2.566105e+01,1.622148e+02
32.73800,4.458821e+02,8.118893e+01,-2.730513e+01,1.637048e+02
32.73900,4.445194e+02,8.789427e+01,-2.860897e+01,1.678995e+02
32.74000,4.433059e+02,9.336120e+01,-2.974973e+01,1.708678e+02
32.74100,4.421469e+02,9.767073e+01,-3.086579e+01,1.727273e+02
32.74200,4.410604e+02,1.028925e+02,-3.193290e+01,1.752865e+02
32.74300,4.395848e+02,1.064635e+02,-3.336089e+01,1.761925e+02
32.74400,4.384075e+02,1.103290e+02,-3.453729e+01,1.772931e+02
32.74500,4.381647e+02,1.172971e+02,-3.484041e+01,1.811554e+02
32.74600,4.371109e+02,1.227229e+02,-3.590921e+01,1.834562e+02
32.74700,4.364313e+02,1.256792e+02,-3.661803e+01,1.834632e+02
32.74800,4.352947e+02,1.259045e+02,-3.774810e+01,1.809071e+02
32.74900,4.347611e+02,1.307215e+02,-3.833766e+01,1.824745e+02
32.75000,4.343275e+02,1.351401e+02,-3.883865e+01,1.835884e+02
32.75100,4.338911e+02,1.385604e+02,-3.933312e+01,1.837262e+02
32.75200,4.334404e+02,1.413776e+02,-3.983758e+01,1.832509e+02
32.75300,4.331498e+02,1.441413e+02,-4.018559e+01,1.826577e+02
32.75400,4.329475e+02,1.464954e+02,-4.044469e+01,1.816531e+02
32.75500,4.328562e+02,1.488129e+02,-4.059017e+01,1.805511e+02
32.75600,4.329250e+02,1.510501e+02,-4.058226e+01,1.793246e+02
32.75700,4.329821e+02,1.520593e+02,-4.060315e+01,1.769742e+02
32.75800,4.330819e+02,1.552471e+02,-4.053623e+01,1.765773e+02
32.75900,4.333661e+02,1.590356e+02,-4.032637e+01,1.766765e+02
32.76000,4.335080e+02,1.591119e+02,-4.019511e+01,1.733437e+02
32.76100,4.342104e+02,1.615182e+02,-3.956699e+01,1.720844e+02
32.76200,4.349086e+02,1.622495e+02,-3.891874e+01,1.692321e+02
32.76300,4.357338e+02,1.627887e+02,-3.815673e+01,1.661729e+02
32.76400,4.366452e+02,1.635611e+02,-3.730247e+01,1.633648e+02
32.76500,4.376241e+02,1.636745e+02,-3.637283e+01,1.599310e+02
32.76600,4.387428e+02,1.642785e+02,-3.531791e+01,1.568977e+02
32.76700,4.399455e+02,1.644395e+02,-3.417976e+01,1.534997e+02
32.76800,4.412603e+02,1.651956e+02,-3.294901e+01,1.506461e+02
32.76900,4.426628e+02,1.657058e+02,-3.161778e+01,1.475934e+02
32.77000,4.441733e+02,1.658531e+02,-3.020066e+01,1.441477e+02
32.77100,4.457702e+02,1.665425e+02,-2.869965e+01,1.412595e+02
32.77200,4.474467e+02,1.666832e+02,-2.712896e+01,1.378080e+02
32.77300,4.491994e+02,1.665515e+02,-2.549883e+01,1.341813e+02
32.77400,4.509269e+02,1.666612e+02,-2.389206e+01,1.308401e+02
32.77500,4.527956e+02,1.666972e+02,-2.216779e+01,1.273451e+02
32.77600,4.546798e+02,1.671508e+02,-2.044638e+01,1.243444e+02
32.77700,4.566383e+02,1.670971e+02,-1.864732e+01,1.208727e+02
32.77800,4.585270e+02,1.663653e+02,-1.692465e+01,1.168207e+02
32.77900,4.604877e+02,1.657252e+02,-1.515215e+01,1.128875e+02
32.78000,4.624357e+02,1.650664e+02,-1.339583e+01,1.089915e+02
32.78100,4.644349e+02,1.642691e+02,-1.160966e+01,1.049845e+02
32.78200,4.664296e+02,1.633431e+02,-9.832813e+00,1.009119e+02
32.78300,4.682753e+02,1.631475e+02,-8.201860e+00,9.755307e+01
32.78400,4.699879e+02,1.597894e+02,-6.701127e+00,9.136247e+01
32.78500,4.717702e+02,1.576521e+02,-5.141248e+00,8.641307e+01
32.78600,4.734741e+02,1.553679e+02,-3.670593e+00,8.129853e+01
32.78700,4.751033e+02,1.525582e+02,-2.256327e+00,7.580773e+01
32.78800,4.766719e+02,1.492875e+02,-9.071847e-01,6.996813e+01
32.78900,4.781739e+02,1.458776e+02,3.816508e-01,6.407718e+01
32.79000,4.795809e+02,1.424267e+02,1.577733e+00,5.826271e+01
32.79100,4.808857e+02,1.384810e+02,2.679698e+00,5.205456e+01
32.79200,4.821747e+02,1.334604e+02,3.778631e+00,4.493967e+01
32.79300,4.833857e+02,1.290889e+02,4.818335e+00,3.855419e+01
32.79400,4.843147e+02,1.233372e+02,5.593656e+00,3.099428e+01
32.79500,4.851337e+02,1.190359e+02,6.267245e+00,2.478885e+01
32.79600,4.858670e+02,1.136768e+02,6.884360e+00,1.781535e+01
32.79700,4.865115e+02,1.084500e+02,7.429247e+00,1.103233e+01
32.79800,4.870890e+02,1.016523e+02,7.931793e+00,2.878669e+00
32.79900,4.874431e+02,9.627693e+01,8.240127e+00,-3.780277e+00
32.80000,4.876424e+02,9.113847e+01,8.408520e+00,-1.012399e+01
32.80100,4.878317e+02,8.368440e+01,8.610627e+00,-1.856697e+01
32.80200,4.877605e+02,7.823453e+01,8.560113e+00,-2.494395e+01
32.80300,4.875097e+02,7.225473e+01,8.386553e+00,-3.169049e+01
32.80400,4.872522e+02,6.546507e+01,8.209113e+00,-3.917784e+01
32.80500,4.867389e+02,5.968281e+01,7.810640e+00,-4.548010e+01
32.80600,4.861335e+02,5.368934e+01,7.334800e+00,-5.190212e+01
32.80700,4.854613e+02,4.686353e+01,6.828320e+00,-5.898997e+01
32.80800,4.843542e+02,4.177840e+01,5.916680e+00,-6.430982e+01
32.80900,4.832272e+02,3.653271e+01,4.990717e+00,-6.966253e+01
32.81000,4.820920e+02,3.008783e+01,4.085738e+00,-7.602047e+01
32.81100,4.807205e+02,2.463141e+01,2.943943e+00,-8.129260e+01
32.81200,4.792775e+02,1.916261e+01,1.747595e+00,-8.647793e+01
32.81300,4.776959e+02,1.397052e+01,4.252774e-01,-9.126760e+01
32.81400,4.760329e+02,8.900260e+00,-9.820787e-01,-9.578353e+01
32.81500,4.742301e+02,3.879269e+00,-2.514725e+00,-1.001470e+02
32.81600,4.724697e+02,-1.309698e+00,-4.001000e+00,-1.045762e+02
32.81700,4.707781e+02,-7.483207e+00,-5.433230e+00,-1.097977e+02
32.81800,4.689375e+02,-1.267121e+01,-7.013560e+00,-1.139550e+02
32.81900,4.670449e+02,-1.792419e+01,-8.649373e+00,-1.180585e+02
32.82000,4.651123e+02,-2.306099e+01,-1.035422e+01,-1.218992e+02
32.82100,4.628424e+02,-2.631977e+01,-1.237757e+01,-1.238230e+02
32.82200,4.605656e+02,-2.965087e+01,-1.443921e+01,-1.256601e+02
32.82300,4.589697e+02,-3.621569e+01,-1.583731e+01,-1.305455e+02
32.82400,4.570969e+02,-4.154031e+01,-1.753883e+01,-1.341215e+02
32.82500,4.554365e+02,-4.717645e+01,-1.903912e+01,-1.378833e+02
32.82600,4.537243e+02,-5.325013e+01,-2.061699e+01,-1.418723e+02
32.82700,4.530821e+02,-6.188795e+01,-2.117538e+01,-1.483657e+02
32.82800,4.511181e+02,-6.566300e+01,-2.296968e+01,-1.500157e+02
32.82900,4.499971e+02,-7.181553e+01,-2.403361e+01,-1.538035e+02
32.83000,4.485301e+02,-7.760033e+01,-2.542506e+01,-1.570475e+02
32.83100,4.474259e+02,-8.309047e+01,-2.648987e+01,-1.599769e+02
32.83200,4.460135e+02,-8.750847e+01,-2.786037e+01,-1.618034e+02
32.83300,4.446379e+02,-9.118793e+01,-2.921211e+01,-1.628626e+02
32.83400,4.433134e+02,-9.580927e+01,-3.052128e+01,-1.646033e+02
32.83500,4.428565e+02,-1.026104e+02,-3.104310e+01,-1.682949e+02
32.83600,4.418663e+02,-1.056959e+02,-3.206373e+01,-1.685204e+02
32.83700,4.409227e+02,-1.112659e+02,-3.303867e+01,-1.708479e+02
32.83800,4.401692e+02,-1.140336e+02,-3.383242e+01,-1.705485e+02
32.83900,4.392937e+02,-1.166384e+02,-3.476877e+01,-1.700564e+02
32.84000,4.387249e+02,-1.210056e+02,-3.541022e+01,-1.710847e+02
32.84100,4.383304e+02,-1.255119e+02,-3.589235e+01,-1.721691e+02
32.84200,4.379824e+02,-1.293974e+02,-3.632983e+01,-1.726015e+02
32.84300,4.375021e+02,-1.318586e+02,-3.689143e+01,-1.716840e+02
32.84400,4.373357e+02,-1.356424e+02,-3.713476e+01,-1.718727e+02
32.84500,4.371361e+02,-1.379248e+02,-3.742193e+01,-1.706827e+02
32.84600,4.371115e+02,-1.404473e+02,-3.754779e+01,-1.696467e+02
32.84700,4.372435e+02,-1.428047e+02,-3.750569e+01,-1.683993e+02
32.84800,4.374316e+02,-1.465941e+02,-3.740052e+01,-1.684636e+02
32.84900,4.373811e+02,-1.498100e+02,-3.750767e+01,-1.679772e+02
32.85000,4.377513e+02,-1.530448e+02,-3.722987e+01,-1.674194e+02
32.85100,4.382266e+02,-1.547249e+02,-3.683329e+01,-1.654061e+02
32.85200,4.388317e+02,-1.558419e+02,-3.629817e+01,-1.628036e+02
32.85300,4.396261e+02,-1.578974e+02,-3.557845e+01,-1.610827e+02
32.85400,4.403975e+02,-1.584889e+02,-3.487450e+01,-1.579683e+02
32.85500,4.413220e+02,-1.596222e+02,-3.402129e+01,-1.553321e+02
32.85600,4.423775e+02,-1.606939e+02,-3.304046e+01,-1.526753e+02
32.85700,4.434627e+02,-1.613941e+02,-3.202593e+01,-1.496551e+02
32.85800,4.446375e+02,-1.617607e+02,-3.092019e+01,-1.463283e+02
32.85900,4.458915e+02,-1.623245e+02,-2.972029e+01,-1.431933e+02
32.86000,4.472704e+02,-1.627337e+02,-2.841425e+01,-1.398979e+02
32.86100,4.488018e+02,-1.640683e+02,-2.697827e+01,-1.375414e+02
32.86200,4.501691e+02,-1.636320e+02,-2.566261e+01,-1.335707e+02
32.86300,4.517870e+02,-1.643754e+02,-2.414610e+01,-1.306776e+02
32.86400,4.534728e+02,-1.645911e+02,-2.254591e+01,-1.272977e+02
32.86500,4.550735e+02,-1.639381e+02,-2.102103e+01,-1.232013e+02
32.86600,4.568102e+02,-1.636911e+02,-1.938725e+01,-1.194952e+02
32.86700,4.585564e+02,-1.631073e+02,-1.773344e+01,-1.155163e+02
32.86800,4.603442e+02,-1.624679e+02,-1.606031e+01,-1.115286e+02
32.86900,4.621045e+02,-1.613262e+02,-1.440163e+01,-1.071341e+02
32.87000,4.639472e+02,-1.603888e+02,-1.268538e+01,-1.029441e+02
32.87100,4.657719e+02,-1.593813e+02,-1.097991e+01,-9.880287e+01
32.87200,4.673660e+02,-1.563943e+02,-9.496487e+00,-9.284620e+01
32.87300,4.690749e+02,-1.543467e+02,-7.904193e+00,-8.787300e+01
32.87400,4.707400e+02,-1.517964e+02,-6.370440e+00,-8.248173e+01
32.87500,4.722853e+02,-1.486901e+02,-4.932201e+00,-7.659220e+01
32.87600,4.737989e+02,-1.457601e+02,-3.537951e+00,-7.100967e+01
32.87700,4.752533e+02,-1.416674e+02,-2.199013e+00,-6.437089e+01
32.87800,4.766454e+02,-1.378032e+02,-9.249800e-01,-5.809259e+01
32.87900,4.779911e+02,-1.337951e+02,2.856850e-01,-5.176923e+01
32.88000,4.791904e+02,-1.283252e+02,1.397485e+00,-4.409481e+01
32.88100,4.804248e+02,-1.234978e+02,2.532394e+00,-3.719772e+01
32.88200,4.814139e+02,-1.186522e+02,3.408167e+00,-3.032009e+01
32.88300,4.823272e+02,-1.135523e+02,4.225787e+00,-2.331849e+01
32.88400,4.831382e+02,-1.086487e+02,4.964289e+00,-1.662629e+01
32.88500,4.839071e+02,-1.025155e+02,5.651230e+00,-8.858367e+00
32.88600,4.845173e+02,-9.615693e+01,6.220840e+00,-1.007196e+00
32.88700,4.850182e+02,-9.043380e+01,6.689033e+00,6.121728e+00
32.88800,4.853359e+02,-8.459253e+01,6.985133e+00,1.331780e+01
32.88900,4.855815e+02,-7.832460e+01,7.228140e+00,2.076182e+01
32.89000,4.856592e+02,-7.240107e+01,7.335140e+00,2.774244e+01
32.89100,4.856154e+02,-6.618571e+01,7.331800e+00,3.495015e+01
32.89200,4.854344e+02,-6.000906e+01,7.201240e+00,4.198558e+01
32.89300,4.850589e+02,-5.421524e+01,6.915327e+00,4.852257e+01
32.89400,4.846160e+02,-4.790924e+01,6.565640e+00,5.545365e+01
32.89500,4.840153e+02,-4.157513e+01,6.098283e+00,6.228339e+01
32.89600,4.832216e+02,-3.620136e+01,5.437486e+00,6.813047e+01
32.89700,4.823878e+02,-2.985786e+01,4.759991e+00,7.472813e+01
32.89800,4.812447e+02,-2.514602e+01,3.803396e+00,7.970580e+01
32.89900,4.800413e+02,-1.969213e+01,2.796187e+00,8.521727e+01
32.90000,4.787839e+02,-1.448539e+01,1.729866e+00,9.046960e+01
32.90100,4.773503e+02,-9.318213e+00,5.284541e-01,9.551233e+01
32.90200,4.757491e+02,-4.748157e+00,-8.488427e-01,9.991107e+01
32.90300,4.741394e+02,2.808003e-01,-2.214814e+00,1.045525e+02
32.90400,4.724483e+02,5.809616e+00,-3.659402e+00,1.095524e+02
32.90500,4.705438e+02,9.710453e+00,-5.313029e+00,1.129278e+02
32.90600,4.687464e+02,1.488215e+01,-6.848620e+00,1.173691e+02
32.90700,4.671095e+02,2.089533e+01,-8.245333e+00,1.225711e+02
32.90800,4.650217e+02,2.459997e+01,-1.009823e+01,1.253519e+02
32.90900,4.631823e+02,2.978161e+01,-1.170200e+01,1.294746e+02
32.91000,4.613376e+02,3.511065e+01,-1.332741e+01,1.336096e+02
32.91100,4.590173e+02,3.803225e+01,-1.541845e+01,1.352470e+02
32.91200,4.567441e+02,4.084513e+01,-1.746473e+01,1.366983e+02
32.91300,4.550436e+02,4.727351e+01,-1.896923e+01,1.415331e+02
32.91400,4.532117e+02,5.234108e+01,-2.063427e+01,1.449101e+02
32.91500,4.514608e+02,5.797049e+01,-2.222200e+01,1.487739e+02
32.91600,4.500355e+02,6.411119e+01,-2.350451e+01,1.529701e+02
32.91700,4.489525e+02,7.145540e+01,-2.447895e+01,1.582367e+02
32.91800,4.477329e+02,7.753540e+01,-2.558366e+01,1.622691e+02
32.91900,4.460307e+02,8.105093e+01,-2.715733e+01,1.636490e+02
32.92000,4.446169e+02,8.787620e+01,-2.851717e+01,1.679231e+02
32.92100,4.434089e+02,9.328933e+01,-2.965060e+01,1.708669e+02
32.92200,4.422645e+02,9.770667e+01,-3.075435e+01,1.728242e+02
32.92300,4.412098e+02,1.031387e+02,-3.179223e+01,1.755755e+02
32.92400,4.396633e+02,1.064269e+02,-3.328502e+01,1.762217e+02
32.92500,4.385090e+02,1.104037e+02,-3.444023e+01,1.774295e+02
32.92600,4.382571e+02,1.172822e+02,-3.475087e+01,1.812150e+02
32.92700,4.371977e+02,1.226893e+02,-3.582035e+01,1.834955e+02
32.92800,4.364901e+02,1.257713e+02,-3.656111e+01,1.836239e+02
32.92900,4.353588e+02,1.257827e+02,-3.768430e+01,1.808803e+02
32.93000,4.348237e+02,1.307549e+02,-3.827769e+01,1.825877e+02
32.93100,4.343831e+02,1.350852e+02,-3.878003e+01,1.836247e+02
32.93200,4.339387e+02,1.385082e+02,-3.928910e+01,1.837697e+02
32.93300,4.334940e+02,1.414625e+02,-3.978440e+01,1.834228e+02
32.93400,4.331773e+02,1.441091e+02,-4.015347e+01,1.827293e+02
32.93500,4.329855e+02,1.465626e+02,-4.040799e+01,1.818111e+02
32.93600,4.328879e+02,1.488034e+02,-4.055909e+01,1.806345e+02
32.93700,4.329421e+02,1.510747e+02,-4.056721e+01,1.794507e+02
32.93800,4.329997e+02,1.513157e+02,-4.057869e+01,1.763941e+02
32.93900,4.331055e+02,1.546567e+02,-4.051300e+01,1.761493e+02
32.94000,4.333528e+02,1.587635e+02,-4.033583e+01,1.765361e+02
32.94100,4.335103e+02,1.590375e+02,-4.019215e+01,1.733826e+02
32.94200,4.341922e+02,1.614332e+02,-3.958129e+01,1.721216e+02
32.94300,4.349268e+02,1.624073e+02,-3.890258e+01,1.694767e+02
32.94400,4.357117e+02,1.627157e+02,-3.817611e+01,1.662256e+02
32.94500,4.366397e+02,1.637891e+02,-3.730727e+01,1.636952e+02
32.94600,4.375984e+02,1.635790e+02,-3.640027e+01,1.599582e+02
32.94700,4.387029e+02,1.643116e+02,-3.534955e+01,1.570611e+02
32.94800,4.399077e+02,1.643586e+02,-3.421978e+01,1.535477e+02
32.94900,4.412227e+02,1.651699e+02,-3.298223e+01,1.507412e+02
32.95000,4.426332e+02,1.657989e+02,-3.165389e+01,1.477955e+02
32.95100,4.441164e+02,1.657777e+02,-3.025018e+01,1.441901e+02
32.95200,4.457150e+02,1.664506e+02,-2.875061e+01,1.412944e+02
32.95300,4.473855e+02,1.665450e+02,-2.718273e+01,1.378075e+02
32.95400,4.491299e+02,1.664792e+02,-2.556143e+01,1.342334e+02
32.95500,4.508660e+02,1.666147e+02,-2.394859e+01,1.309225e+02
32.95600,4.527360e+02,1.667034e+02,-2.222507e+01,1.274742e+02
32.95700,4.546287e+02,1.670101e+02,-2.048818e+01,1.243421e+02
32.95800,4.565851e+02,1.671087e+02,-1.869822e+01,1.210011e+02
32.95900,4.584574e+02,1.663799e+02,-1.698807e+01,1.169464e+02
32.96000,4.604148e+02,1.656229e+02,-1.521694e+01,1.129102e+02
32.96100,4.623677e+02,1.649073e+02,-1.345711e+01,1.089662e+02
32.96200,4.643656e+02,1.642657e+02,-1.167085e+01,1.050973e+02
32.96300,4.663639e+02,1.631600e+02,-9.891233e+00,1.008574e+02
32.96400,4.682069e+02,1.629571e+02,-8.262560e+00,9.749367e+01
32.96500,4.699755e+02,1.601642e+02,-6.707713e+00,9.182200e+01
32.96600,4.717063e+02,1.577681e+02,-5.197215e+00,8.662733e+01
32.96700,4.734109e+02,1.554547e+02,-3.719173e+00,8.149913e+01
32.96800,4.750512e+02,1.525335e+02,-2.301559e+00,7.588960e+01
32.96900,4.766238e+02,1.492791e+02,-9.499647e-01,7.006900e+01
32.97000,4.781288e+02,1.457365e+02,3.435758e-01,6.404571e+01
32.97100,4.795457e+02,1.423870e+02,1.546188e+00,5.832907e+01
32.97200,4.808532e+02,1.384604e+02,2.650267e+00,5.213499e+01
32.97300,4.821347e+02,1.334235e+02,3.743711e+00,4.499884e+01
32.97400,4.834046e+02,1.289779e+02,4.847560e+00,3.854029e+01
32.97500,4.842916e+02,1.233439e+02,5.575626e+00,3.108427e+01
32.97600,4.851199e+02,1.190122e+02,6.259222e+00,2.485321e+01
32.97700,4.858652e+02,1.136151e+02,6.882420e+00,1.783188e+01
32.97800,4.865120e+02,1.083907e+02,7.430753e+00,1.105894e+01
32.97900,4.870861e+02,1.016207e+02,7.937093e+00,2.927351e+00
32.98000,4.874609e+02,9.624353e+01,8.254567e+00,-3.742095e+00
32.98100,4.876627e+02,9.117613e+01,8.426767e+00,-1.002293e+01
32.98200,4.878583e+02,8.368207e+01,8.633833e+00,-1.850376e+01
32.98300,4.877945e+02,7.816293e+01,8.594140e+00,-2.495043e+01
32.98400,4.875553e+02,7.217240e+01,8.426993e+00,-3.170895e+01
32.98500,4.872969e+02,6.545936e+01,8.248293e+00,-3.912787e+01
32.98600,4.868056e+02,5.951803e+01,7.869147e+00,-4.558355e+01
32.98700,4.861923e+02,5.361029e+01,7.386507e+00,-5.192349e+01
32.98800,4.855259e+02,4.676684e+01,6.888813e+00,-5.903040e+01
32.98900,4.844105e+02,4.202294e+01,5.955259e+00,-6.404755e+01
32.99000,4.833217e+02,3.632581e+01,5.075195e+00,-6.982107e+01
32.99100,4.821891e+02,2.991057e+01,4.169081e+00,-7.614927e+01
32.99200,4.808332e+02,2.442582e+01,3.042648e+00,-8.145807e+01
32.99300,4.793837e+02,1.908508e+01,1.837735e+00,-8.652953e+01
32.99400,4.778243e+02,1.383543e+01,5.402603e-01,-9.138747e+01
32.99500,4.761273e+02,8.812380e+00,-9.014147e-01,-9.584907e+01
32.99600,4.744093e+02,3.413485e+00,-2.338237e+00,-1.005662e+02
32.99700,4.726003e+02,-1.445827e+00,-3.885917e+00,-1.046971e+02
32.99800,4.709109e+02,-7.648887e+00,-5.314329e+00,-1.099499e+02
32.99900,4.690837e+02,-1.286032e+01,-6.878693e+00,-1.141329e+02
33.00000,4.671717e+02,-1.802399e+01,-8.533720e+00,-1.181547e+02
