# {"case": "t_4x", "omega": 34.7056656392, "d_tip": 0.03430219371705241, "t_window": [29.29500000000141, 30.20000000000573], "steps": 3621, "period": 0.18104206305966186, "nfaces": 336}
x0,x1,y0,y1,len,a1y,b1y,a1x,b1x,mean_fpx,mean_fvx,mean_fpy,mean_fvy,G1_fpx_re,G1_fpx_im,G1_fvx_re,G1_fvx_im,G1_fpy_re,G1_fpy_im,G1_fvy_re,G1_fvy_im
0.2489898,0.2495191271,0.19,0.19,0.0005309240022963477,5.5782913e-06,-5.95456145e-06,4.39946551e-06,-4.813582125e-06,-0.021079034793089108,-1.1724387438338071e-05,-1.1405147993960059,3.844831833010823e-05,0.027574588799864182,0.024028176822340378,0.0007149439340801472,-0.0006614490493628688,0.17965684532443588,-0.16495423256852132,-0.00014188724527168517,0.00015762452675050507
0.2489898,0.2495191271,0.21,0.21,0.000526244976654794,5.58543705e-06,-6.106914e-06,-4.41533581e-06,4.852396415e-06,-0.022741720887180066,-1.179077618163105e-05,1.1501536401983337,-3.794649293950243e-05,-0.028360291304983888,-0.02488214251129644,-0.0007264243272830173,0.0006636422086829313,0.1963839687187143,-0.15497335670315066,-0.00014467894281892593,0.00015854440226008366
0.2495191271,0.2500657975,0.19,0.19,0.0005479189589862421,1.68769775e-05,-1.801524815e-05,1.335521086e-05,-1.4612986425e-05,-0.021279483203622673,0.00012174225644870743,-1.1771255306891204,2.0597460352146742e-05,0.028217188419828208,0.024684592684178643,0.0008002707967304175,-0.0006458864648322353,0.18511867464537818,-0.17031007999815584,-0.0001367503062524617,0.00011237285241364679
0.2495191271,0.2500657975,0.21,0.21,0.000543267438314141,1.689843105e-05,-1.84757078e-05,-1.340327991e-05,1.4730255764999999e-05,-0.024827187444817975,0.00012009934157251553,1.1874475667586952,-2.0457337067049376e-05,-0.029362492648091546,-0.025341747111094607,-0.0008093698872113527,0.0006486731290408446,0.20245441313236992,-0.16004742157496107,-0.0001396026991328459,0.00011475977605337506
0.2500657975,0.2506303794,0.19,0.19,0.0005669094995483486,2.7214654849999998e-05,-2.9047768549999996e-05,2.2388188949999998e-05,-2.4509306049999998e-05,-0.017402621749707022,0.00013829217417627598,-1.218615097005794,-1.2533346209853444e-05,0.022825259597794155,0.019882937270721907,0.0008601200948937959,-0.000797791882712661,0.19237497661575678,-0.17523090777338352,-0.00015785662053179573,7.518519878207834e-05
0.2500657975,0.2506303794,0.21,0.21,0.0005611837018576334,2.7246090400000002e-05,-2.978114575e-05,-2.246672795e-05,2.469531375e-05,-0.016639644180208468,0.0001378799300765593,1.2269640773765824,1.1442324007775603e-05,-0.02306119273832029,-0.020796066605608423,-0.0008644839760006263,0.0007936365084430386,0.2099072609419668,-0.1642731536553417,-0.00015829816205364385,7.774376576792183e-05
0.2506303794,0.2512134596,0.19,0.19,0.0005849049821045,3.650853255e-05,-3.896365625e-05,3.1491692049999996e-05,-3.4496086e-05,-0.01747447694753943,6.650922371752082e-05,-1.2576184428925077,-5.037346229807547e-05,0.023094436065251966,0.020160152827172362,0.0009226557332849617,-0.0010832223965458311,0.19816964749946225,-0.18095010288234845,-0.000178208233865694,3.9874272688455954e-05
0.2506303794,0.2512134596,0.21,0.21,0.0005802013634531169,3.654528855e-05,-3.993180175e-05,-3.15988045e-05,3.474032665e-05,-0.018766422558306163,7.01598686891567e-05,1.2688343054035929,4.866629946501402e-05,-0.023715692180155717,-0.020839712208047173,-0.0009299816314830173,0.0010739734778140587,0.21675377578243007,-0.16993980149348772,-0.00017879327779126664,4.393762637182115e-05
0.2512134596,0.2518156443,0.19,0.19,0.0006048877537245301,4.460441765e-05,-4.7598510700000004e-05,4.0845824849999995e-05,-4.4775057750000004e-05,-0.011155856480212256,-9.38608139304808e-05,-1.301264595849385,-8.934569700634791e-05,0.016624282020991907,0.014925073849136938,0.0009769720733503744,-0.0014777768195399362,0.2048846359471047,-0.18702079874684993,-0.00019949829565123423,7.75940205220457e-06
0.2512134596,0.2518156443,0.21,0.21,0.0006001597157893793,4.4640338150000005e-05,-4.8754817050000005e-05,-4.09795e-05,4.50648573e-05,-0.012788774635875032,-8.497490680786536e-05,1.313047450964033,8.694112834603239e-05,-0.01716197211584207,-0.015255293822999396,-0.0009873322878971417,0.001461551048637578,0.22416534532394689,-0.17558996614314137,-0.00019947087812585386,1.2549747869838215e-05
0.2518156443,0.2524375595,0.19,0.19,0.0006238852687149577,5.147998665000001e-05,-5.4932081499999995e-05,5.0387979549999996e-05,-5.527768285e-05,-0.01115107497175663,-0.0003400475868927644,-1.3426176129535135,-0.00012673671064006105,0.01678852162585853,0.01512050124844979,0.0010104991414615545,-0.0019541606988182692,0.21119110341684663,-0.19260032708968797,-0.00022545063500684456,-1.2594252688756473e-05
0.2518156443,0.2524375595,0.21,0.21,0.0006201606385509867,5.150845815e-05,-5.6226428300000006e-05,-5.054596e-05,5.5600371049999994e-05,-0.012716515393244044,-0.00032586580958089765,1.357165664015186,0.00012392923209189713,-0.017310280657027017,-0.015446045882992306,-0.0010257570384101674,0.0019337815721430264,0.23153256298274968,-0.18108185874311264,-0.0002253891289691133,-7.3007545808521605e-06
0.2524375595,0.2530798515,0.19,0.19,0.0006458723159885511,5.834941205e-05,-6.229029915e-05,6.025406965e-05,-6.61454952e-05,-0.006310240213482816,-0.0006705227508445251,-1.3903654330113056,-0.00016181163845479268,0.015809444477526146,0.015634442432828067,0.0010244176297821742,-0.002511496095011468,0.2179027194552628,-0.19966510866492215,-0.00025166022969111087,-2.9901608034190428e-05
0.2524375595,0.2530798515,0.21,0.21,0.0006391400746694345,5.836366695e-05,-6.368750664999999e-05,-6.043553385000001e-05,6.649979855e-05,-0.005816960431688175,-0.0006467454347376291,1.3992597134632652,0.00015775400456083976,-0.015851951971553396,-0.016006981731754796,-0.0010377041028508509,0.00247004796428384,0.23782824342602346,-0.18702341546800375,-0.0002495171801978604,-2.5252434522265267e-05
0.2530798515,0.253743188,0.19,0.19,0.0006658676961649226,6.53301105e-05,-6.98002691e-05,7.050253345e-05,-7.744337504999999e-05,-0.004301966561013567,-0.0010714513087107678,-1.4338321605452762,-0.000193441554339153,0.016135611361679403,0.016651982209463775,0.0010174416469006747,-0.0031192369630540042,0.22423293309615824,-0.20563876420782617,-0.0002759256962182902,-4.3238868558814675e-05
0.2530798515,0.253743188,0.21,0.21,0.0006611500573806934,6.53236531e-05,-7.126752035000001e-05,-7.070711425e-05,7.78282704e-05,-0.007850130365363138,-0.001039146786425067,1.4478126438217638,0.00018885255842882772,-0.016902186772430466,-0.016538945711212234,-0.0010439770462265458,0.0030771210988048223,0.24567510536029205,-0.1931681066588035,-0.00027601906060200574,-3.5167819013038837e-05
0.253743188,0.2544282586,0.19,0.19,0.0006888640249090651,7.298926275000001e-05,-7.807361665e-05,8.10428621e-05,-8.907387265000001e-05,-0.004679536867338948,-0.0015438910359097426,-1.4837969677169958,-0.00022301858653960103,0.01848773981493931,0.019261416030778397,0.000999234374481501,-0.0037924445731407487,0.23164895539321817,-0.21237544474721937,-0.00029958623069572664,-5.491074388184308e-05
0.253743188,0.2544282586,0.21,0.21,0.0006831468700611023,7.29596711e-05,-7.959803505e-05,-8.127269130000001e-05,8.948897795e-05,-0.005070976749521252,-0.0015032959492244174,1.4963323070767258,0.00021783823592776944,-0.018676494857166197,-0.019480175167091066,-0.001029018483070118,0.003738205330563265,0.2534772354490004,-0.19924902417707488,-0.00029791387532631633,-4.8885951704508844e-05
0.2544282586,0.2551357753,0.19,0.19,0.0007108605680069049,8.137493135e-05,-8.716503845e-05,9.186513655e-05,-0.00010102628144999999,-0.004872231660562137,-0.002077759450610649,-1.5315783936511593,-0.0002487918408221899,0.019402720822984578,0.02024811184391408,0.0009656203607843044,-0.004506473365345082,0.2386947610488373,-0.21864600364227377,-0.0003201545365421621,-6.605612842976699e-05
0.2544282586,0.2551357753,0.21,0.21,0.0007051562119235171,8.13197026e-05,-8.87330234e-05,-9.212244025e-05,0.0001014714516,-0.007057491861997167,-0.0020257146568683094,1.5448566855485317,0.00024236539563741107,-0.019927204587112744,-0.020262172511606828,-0.0010049400986883038,0.0044418491435858545,0.26129098567573744,-0.20515010946218362,-0.00031919143226335903,-5.7611533030173305e-05
0.2551357753,0.2558664736,0.19,0.19,0.0007348593571669398,9.05543955e-05,-9.715152245e-05,0.0001028720274,-0.000113190619,-0.005328242408571572,-0.002677737566496574,-1.5837622087029983,-0.0002737323681856338,0.022059479762235847,0.02319490811088306,0.0009185764850491631,-0.0052741848131006375,0.24682518529887823,-0.2249329221035689,-0.0003415252555270602,-7.826392161289928e-05
0.2551357753,0.2558664736,0.21,0.21,0.0007281509699836756,9.04713237e-05,-9.87505481e-05,-0.000103158931,0.0001136673775,-0.00424241473811738,-0.0026108774222004844,1.595434451786277,0.00026741267667641935,-0.0219915330120216,-0.023559895004695606,-0.0009626738490326413,0.005188538587898629,0.26981486103292457,-0.2107507008184475,-0.000338801378492776,-7.30152730812116e-05
0.2558664736,0.256621113,0.19,0.19,0.0007578563700013641,0.00010057944905,-0.000108091158,0.0001140643145,-0.000125567541,-0.003408699624615898,-0.0033293419454611325,-1.6336479864280875,-0.0002970604385866516,0.022838630146158993,0.024705181624414686,0.0008528661897412201,-0.00606605545523032,0.25412736318598994,-0.231204596902038,-0.0003612946739746508,-9.324508211880578e-05
0.2558664736,0.256621113,0.21,0.21,0.0007521599285185105,0.0001004662589,-0.0001097085945,-0.00011438309499999999,0.0001260778195,-0.006185264655107439,-0.003248058939362979,1.648276089538499,0.00028794774727633314,-0.023458625832736835,-0.024609615184816518,-0.0009119243108503346,0.005971698429535519,0.27832138612923896,-0.21689637669357834,-0.0003604958388438851,-8.178497800537875e-05
0.256621113,0.257400478,0.19,0.19,0.0007838543554656024,0.00011172182049999998,-0.000120284655,0.0001255400085,-0.0001382631005,-0.001999896042559823,-0.00404101320202121,-1.689941282097238,-0.0003219422838831199,0.026355065015438207,0.02923071875282544,0.0007796362260740345,-0.0069113585066019915,0.26243460045448563,-0.23818964517369015,-0.00038467258399408125,-0.00011189842838452392
0.256621113,0.257400478,0.21,0.21,0.0007771575725989428,0.0001115758665,-0.0001219094255,-0.000125893794,0.00013881120550000002,-0.003149250682155911,-0.0039435291600883144,1.703211517943331,0.00031212568616796507,-0.02666658612440661,-0.029293358426736214,-0.0008475545452618532,0.006798496038379946,0.28711617335205225,-0.22321006121857823,-0.0003828940492644287,-0.00010160068350939419
0.257400478,0.2582053787,0.19,0.19,0.0008078519081639892,0.00012412312250000002,-0.0001338890525,0.00013736943299999998,-0.0001513548335,-0.00022453941914818784,-0.004781597185895941,-1.74182552980355,-0.00034435932800031845,0.0277756695734306,0.03142306315003137,0.0007014886409346002,-0.007763743573137007,0.26966694093071925,-0.24476177125603205,-0.0004053833673456013,-0.0001327446016714889
0.257400478,0.2582053787,0.21,0.21,0.0008031679283754136,0.000123941419,-0.00013550990900000002,-0.000137761828,0.0001519457965,-0.004965753175759059,-0.00468195692266992,1.7603988049128,0.0003306904055319419,-0.028725355842971315,-0.03106527963302724,-0.0007862847149621117,0.00766135369358369,0.29600211827512485,-0.22990880706957834,-0.00040611195664324413,-0.00011478376494811498
0.2582053787,0.2590366517,0.19,0.19,0.0008358500071149615,0.000137887434,-0.0001490217325,0.00014947422849999998,-0.00016475366400000002,-0.0010978014371993902,-0.005585389284615782,-1.8024359574945836,-0.00036796346470647785,0.032132005159175525,0.0361913274351601,0.0006248866279711254,-0.008685499277775892,0.27891902316896017,-0.25156078153231154,-0.0004311502379361994,-0.00015638162402451103
0.2582053787,0.2590366517,0.21,0.21,0.0008281640352839007,0.0001376669315,-0.0001506287345,-0.00014990941049999998,0.00016539396150000001,-0.0018630632024605822,-0.0054572544268246094,1.815177510466668,0.0003550561640130471,-0.03237682598133347,-0.036288097955723145,-0.0007154867575428261,0.008543288808710081,0.30498362258239614,-0.23549480696014521,-0.00042939405097730933,-0.00014358756559218618
0.2590366517,0.2598951611,0.19,0.19,0.0008618488971947259,0.00015307701799999998,-0.0001657530035,0.00016183566,-0.0001784382775,0.0006161254096635468,-0.006417487825723499,-1.8585807775065877,-0.00039116417979431176,0.03383505461709183,0.038687527828241565,0.0005409730266571432,-0.009617375475128294,0.28680631040071264,-0.2582101732064586,-0.00045405870004526315,-0.00018581714284745675
0.2590366517,0.2598951611,0.21,0.21,0.0008551735787158886,0.000152814551,-0.00016733607,-0.0001623180515,0.00017913483799999997,-0.0036290645814994788,-0.0062745724686650624,1.8744529246656039,0.000373195525915993,-0.03469627485042461,-0.03838227035877653,-0.0006495317384926771,0.00946761636786855,0.31418407382378,-0.24199368173886984,-0.00045417119447075646,-0.00016442356170825702
0.2598951611,0.2607817994,0.19,0.19,0.0008898533501879388,0.00016976581000000001,-0.00018416599000000002,0.000174389904,-0.000192334927,0.0018171136072958635,-0.007291865708063386,-1.9191499758196477,-0.0004178471587917672,0.03816116802676769,0.0440795243972647,0.0004550406959172749,-0.010591270086161961,0.2961551399288403,-0.2642780069677547,-0.0004824311857113078,-0.00022233908127075608
0.2598951611,0.2607817994,0.21,0.21,0.0008841732648843031,0.000169458097,-0.000185716488,-0.0001749243955,0.000193095625,-0.0026746874942867147,-0.007146925829412218,1.9378373433545744,0.0003974675185316256,-0.039061952882568855,-0.043740723257480754,-0.0005787727740286123,0.010447893335111503,0.3248378207582194,-0.24784002269525357,-0.0004833547136766119,-0.0001983437115565496
0.2607817994,0.2616974881,0.19,0.19,0.0009198418383157199,0.00018811835550000002,-0.0002044435155,0.0001872019675,-0.0002065147055,-0.000968472077614265,-0.008221679615092544,-1.9837855388563355,-0.0004393474985740823,0.041336787780951526,0.0468454645960952,0.0003702770361775591,-0.01163211781436933,0.30499255136624737,-0.2718641617738751,-0.0005131604498718872,-0.00025281662866057406
0.2607817994,0.2616974881,0.21,0.21,0.0009121850629280347,0.00018776171150000002,-0.000205952589,-0.00018779406499999998,0.00020734823349999998,-0.004296705086376117,-0.008046619368168374,1.9992524949216295,0.0004167625244423772,-0.04206868907096057,-0.046674825072061644,-0.0005063049341324627,0.011453090795145542,0.3339443711093454,-0.2544857224168582,-0.0005131545543707005,-0.0002280679581350014
0.2616974881,0.2626431791,0.19,0.19,0.0009488517329051668,0.0002082903195,-0.00022675891,0.000200265058,-0.00022096638800000003,0.0022242238052833396,-0.009184550160518005,-2.0464008031821828,-0.00047313038702562503,0.04600392729435373,0.053249604123740794,0.000278627975377356,-0.012700619090219658,0.314496351613615,-0.2776593529592408,-0.0005471010315143666,-0.00030705414392233213
0.2616974881,0.2626431791,0.21,0.21,0.0009421844104055079,0.000207880709,-0.000228218715,-0.00020092118,0.00022188255250000003,-0.0032270282817837516,-0.008998224355992165,2.064708969937333,0.00044445236815228743,-0.04708968015678606,-0.052828243157678964,-0.0004345565589467113,0.012518970438253573,0.344784392710662,-0.2600563458884216,-0.0005483146046959088,-0.00027414804441728066
0.2626431791,0.2636198554,0.19,0.19,0.0009808450708821994,0.000230349104,-0.00025118781949999997,0.00021356524249999999,-0.0002356733405,0.0015316403131929895,-0.010197163631232959,-2.1152627611767048,-0.0005013438736832826,0.049119261385983604,0.056604527303157494,0.0001876656802197717,-0.013836368384858973,0.32385697129562435,-0.28515081469960485,-0.0005829946663143958,-0.00035400346453398136
0.2626431791,0.2636198554,0.21,0.21,0.0009731899174789185,0.00022988235549999998,-0.00025259047349999997,-0.000214292172,0.00023668240900000001,-0.002610287114077152,-0.009987741984443452,2.1325710414263854,0.0004712635994909918,-0.049983111239608094,-0.056347499671168436,-0.00035979558815466694,0.013631843860161672,0.3548712808890048,-0.26683329612191525,-0.0005835057651010774,-0.0003214273844837874
0.2636198554,0.2646285322,0.19,0.19,0.0010128499885416937,0.000254524569,-0.0002779854525,0.000227136114,-0.0002506680435,0.002310047112443755,-0.011249322900612625,-2.184198586277136,-0.0005387610241084273,0.055189172399569206,0.0638552303943938,9.425097470996445e-05,-0.015022510086859668,0.33399725087768745,-0.29128456891830223,-0.0006262853541480859,-0.0004183199209566493
0.2636198554,0.2646285322,0.21,0.21,0.0010051963139131844,0.000253995979,-0.0002793236425,-0.0002279419515,0.0002517816965,-0.003543955751903598,-0.01101694607849718,2.2023104958700754,0.0005019019275733076,-0.056364399632474256,-0.06342931221666226,-0.0002876681388864733,0.014799510175716226,0.36606113084167413,-0.27247202297778156,-0.0006274319602231286,-0.0003773999814422281
0.2646285322,0.2656702581,0.19,0.19,0.0010458454258224022,0.000280781871,-0.0003071140685,0.0002408917005,-0.0002658534805,0.0016459556203735261,-0.012346079588422869,-2.255209657691714,-0.0005715340611043838,0.05814684691192554,0.06704167128034595,-5.1559792160018705e-06,-0.01626839597798018,0.3437736390472332,-0.2979589512175541,-0.0006679150121118268,-0.0004779773819050976
0.2646285322,0.2656702581,0.21,0.21,0.0010381994829600537,0.000280186881,-0.0003083807385,-0.000241784681,0.000267083489,-0.0029730180773938192,-0.012092239581440997,2.274380205858679,0.0005329311993472897,-0.05911327673662183,-0.06676972889741184,-0.00020881727872101616,0.01602722331549516,0.3769668492603853,-0.27865094072254437,-0.0006686998523172677,-0.0004363329784919998
0.2656702581,0.2667461158,0.19,0.19,0.0010798505538239542,0.0003094896065,-0.000338983559,0.000254842836,-0.0002812335545,0.0020352389893352925,-0.013495817362640751,-2.328272887653188,-0.0006178576632338162,0.06588016097157005,0.07607522141649664,-0.00011321331510773487,-0.017588816186737546,0.35422344724058114,-0.3038916928103468,-0.0007219897955751627,-0.0005607037501241331
0.2656702581,0.2667461158,0.21,0.21,0.0010722140388971931,0.0003088228855,-0.0003401716485,-0.0002558334105,0.0002825941005,-0.005790526910546128,-0.013216349802886931,2.348356480786541,0.0005674982455897878,-0.06743120447245676,-0.07549493481677269,-0.00012608571965487693,0.01732661182857513,0.3885321921657845,-0.2840954606439802,-0.0007238741862051084,-0.0005038603564565247
0.2667461158,0.2678572237,0.19,0.19,0.0011148534672416539,0.00034070535900000004,-0.0003736576,0.000268976625,-0.00029679172099999996,0.0034652905487140588,-0.014687373408880005,-2.4034845804962077,-0.0006634526672161562,0.06874065297026889,0.07978238461050928,-0.0002256325079117805,-0.018967851998273087,0.3643832448501037,-0.3102024366852622,-0.0007706833589681633,-0.0006440572615406861
0.2667461158,0.2678572237,0.21,0.21,0.0011072091518896515,0.000339961481,-0.000374760072,-0.000270075718,0.0002982974615,-0.0029941172013876237,-0.014388243914381017,2.424658834204072,0.0006095131409431846,-0.07003152937905413,-0.0793506446954744,-3.754893129190111e-05,0.018690902178825436,0.3998828667358481,-0.2898925421663904,-0.0007717637797953598,-0.0005849829245552029
0.2678572237,0.2690047367,0.19,0.19,0.0011518621566027132,0.00037441670500000003,-0.000411119205,0.0002831926975,-0.0003124084515,0.003833541884180587,-0.015941879153332252,-2.482984700252243,-0.0007194269923072679,0.07642208988509394,0.08872659536057108,-0.0003560393613321182,-0.020438290748746667,0.3759143559948721,-0.31547375415556317,-0.0008342391558454487,-0.0007442593308647381
0.2678572237,0.2690047367,0.21,0.21,0.0011432217469566008,0.00037359042799999995,-0.000412129946,-0.0002844122975,0.00031407469249999996,-0.0058503398386063445,-0.015600035520648491,2.502811325314413,0.0006515053609470683,-0.07829424618339194,-0.0879987421032741,6.26461009482774e-05,0.020120917584146414,0.41221147928137414,-0.2944055066129727,-0.0008354159228969332,-0.000667661815929988
0.2690047367,0.2701898477,0.19,0.19,0.0011888628486118713,0.000410958549,-0.000451739575,0.0002976090965,-0.00032821121300000004,0.004909218784238698,-0.01723243572697468,-2.5621968104261947,-0.0007747772130059285,0.08079515674754192,0.09404084481123062,-0.0005000899346022153,-0.02196764472018827,0.3857793542920132,-0.32184869557288737,-0.0008953663071503534,-0.0008450418186167521
0.2690047367,0.2701898477,0.21,0.21,0.0011802269748507057,0.000410043858,-0.000452651697,-0.0002989626495,0.000330055043,-0.004952268496084958,-0.016878233937373952,2.583407459577081,0.0007001516088230024,-0.08268738909883917,-0.09331293620305596,0.00017721857002180822,0.02164707409353879,0.4233646888381062,-0.30029984332299786,-0.0008966239300640855,-0.000761446245372819
0.2701898477,0.2714137886,0.19,0.19,0.00122786390671516,0.000450388834,-0.0004955771115,0.0003122060275,-0.000344169435,0.0030130843723932812,-0.018594322936896064,-2.6458561253665156,-0.0008353982098661373,0.08909301429200363,0.102984122947432,-0.0006541912008605062,-0.02360426592267284,0.3975873926839391,-0.3264019326779031,-0.0009709864537088968,-0.0009548716444106493
0.2701898477,0.2714137886,0.21,0.21,0.0012202317721016404,0.00044937974100000004,-0.0004963842135,-0.000313708275,0.000346208916,-0.00559202189963216,-0.018226231568024057,2.6701348788421977,0.0007574314721349675,-0.09080171461263163,-0.10244904611338347,0.00029993404260710504,0.02327826650801525,0.43679915763792415,-0.3045191963011688,-0.0009721818716544732,-0.0008690317430388544
0.2714137886,0.2726778315,0.19,0.19,0.0012678653280479369,0.0004928257435,-0.00054276136,0.0003269592405,-0.000360251361,0.00394364765300593,-0.02003637855236257,-2.7313839632983936,-0.0009046247954956995,0.09400025241969015,0.10884905546717069,-0.0008391896700201721,-0.025356856446445877,0.4080464830200038,-0.33215796297211325,-0.0010452023949594253,-0.0010781050003831679
0.2714137886,0.2726778315,0.21,0.21,0.0012592449119027975,0.0004917160925,-0.0005434569245,-0.000328625904,0.0003625055925,-0.006795006955532247,-0.019616223596694824,2.754908750530525,0.000811267139113041,-0.09607269379403045,-0.10812393085875865,0.00044701179696508435,0.024979860450317113,0.44825349357944644,-0.30955265189687015,-0.0010454283716846888,-0.000973170839100101
0.2726778315,0.2739832904,0.19,0.19,0.001309887826461071,0.0005386970725,-0.0005937569465000001,0.00034177813299999995,-0.00037633498400000006,0.0058735266647555835,-0.021537889532897987,-2.8212834875407062,-0.0009928265195057336,0.10352999360851935,0.1202708928949589,-0.0010387394565694417,-0.027197200847399624,0.4206981617214685,-0.33551202030180977,-0.001136186717494402,-0.0012308962022064324
0.2726778315,0.2739832904,0.21,0.21,0.001301247819857834,0.000537480185,-0.0005943342234999999,-0.00034362894250000004,0.000378827145,-0.007089065348018991,-0.021088362859407274,2.845706488073479,0.0008828951656893747,-0.10597778177756553,-0.11937452928612648,0.0006056491588454642,0.026799834834385302,0.4622141507780843,-0.31237085301117296,-0.0011357829457136089,-0.0011068666435444046
0.2739832904,0.2753315223,0.19,0.19,0.0013528800824173864,0.0005880394129999999,-0.0006486015405,0.00035665423349999997,-0.0003924076035,0.004569777931331403,-0.0231050091092361,-2.913078521235327,-0.0010676046380193236,0.10895123350344889,0.1260468336054777,-0.001267863632482324,-0.02913853112525005,0.4315831367877068,-0.3404481781455385,-0.001222136547093682,-0.0013649136855544658
0.2739832904,0.2753315223,0.21,0.21,0.001343261130267547,0.0005867086015,-0.0006490538035,-0.0003587094095,0.0003951613595,-0.00828036235617066,-0.022613881698210433,2.9368251677463677,0.0009480842968759887,-0.11139500629793475,-0.12521177171911113,0.0007913608187427117,0.02870798588419846,0.4741886036618105,-0.31657765595925697,-0.0012199408078027727,-0.0012310339174000022
0.2753315223,0.2767239287,0.19,0.19,0.0013958923600976769,0.0006410726945,-0.0007075212605000001,0.0003716290915,-0.0004084987525,0.004023233136380118,-0.02473914013072626,-3.0047699122338076,-0.0011640456839896707,0.1198223378653893,0.1381979349328797,-0.0015223183292365579,-0.031184186779336306,0.4436727150016926,-0.34254262981992467,-0.0013291289535121776,-0.001533122815399616
0.2753315223,0.2767239287,0.21,0.21,0.0013882759332693958,0.0006396211155,-0.0007078417625000001,-0.00037391135,0.00041154027599999993,-0.010578209466934779,-0.02424706655925213,3.033974424248655,0.001030436099519789,-0.12258775679339051,-0.13727719332506516,0.000997610931260605,0.030772975313011694,0.48837609646230173,-0.3185915442693192,-0.0013276576872270295,-0.0013823174241199474
0.2767239287,0.2781619568,0.19,0.19,0.0014429060276962746,0.0006978669965,-0.0007705895965,0.00038668756249999995,-0.00042458678200000004,0.006924138511093765,-0.026495944545327162,-3.1049264572617026,-0.0012701088388561966,0.12487429841014289,0.1447103669180882,-0.001816999345643482,-0.03340474414102584,0.4552075385672765,-0.34645120527237544,-0.0014291154295415834,-0.0017144528760946853
0.2767239287,0.2781619568,0.21,0.21,0.001433278411686971,0.000696287757,-0.0007707715725,-0.0003892203835,0.000427943036,-0.00955080588793939,-0.025948584891127273,3.131369038453948,0.0011181837641306292,-0.1279145208801418,-0.14363804579958817,0.0012412294668688823,0.03294418779209298,0.5007440762063492,-0.3215624156914097,-0.0014255747131186839,-0.0015415599277240099
0.2781619568,0.2796471016,0.19,0.19,0.0014889084328390714,0.0007589265325000001,-0.000838337544,0.00040181429,-0.000440625029,0.0035657703579316667,-0.02828579413872035,-3.2026557347393974,-0.00138130920944125,0.13835872666003923,0.15893061610722697,-0.002131565859501019,-0.03568819644001403,0.4675474072122008,-0.3470165927989372,-0.0015574754072369742,-0.0019047122076162406
0.2781619568,0.2796471016,0.21,0.21,0.001480293444532938,0.0007572122310000001,-0.000838373863,-0.0004046259845,0.00044432807199999995,-0.01142549988001706,-0.02772447156019673,3.232536652229492,0.0012218312110952683,-0.14120484342349462,-0.15811117283626208,0.001500276813809901,0.03523595748912894,0.5148856823856075,-0.32184262816306647,-0.0015525369979703307,-0.0017267852665757777
0.2796471016,0.2811809067,0.19,0.19,0.0015379246512666794,0.000824094864,-0.0009105852155,0.0004169407125,-0.00045653458100000004,0.006566371436051642,-0.030218063291136667,-3.3068783859068662,-0.0015026883471441186,0.14271207749605214,0.16460775929066082,-0.0024916491770612657,-0.038168062709011144,0.47913845047484516,-0.3488156177399762,-0.0016696762085914303,-0.002111741519804929
0.2796471016,0.2811809067,0.21,0.21,0.0015292936149763632,0.0008222385675,-0.0009104692905,-0.0004200593675,0.000460616025,-0.010566542438628066,-0.029605917049286203,3.3383051289930723,0.0013216195278535367,-0.14586649934284035,-0.1636228511674804,0.0017948672813129921,0.03768550208039295,0.5280884183699401,-0.3231033461291788,-0.0016620494905813916,-0.0019067415539074796
0.2811809067,0.2827649666,0.19,0.19,0.0015889411399605782,0.000893580534,-0.000987517028,0.00043197205,-0.000472175812,0.004955201930573365,-0.03224354338260879,-3.4149765102592124,-0.001644381505754465,0.1568024316297195,0.17979448346869192,-0.0029017243861662245,-0.04079437728780225,0.49254867708976935,-0.3473493546245572,-0.001821378858003493,-0.002346752640266278
0.2811809067,0.2827649666,0.21,0.21,0.001578306614967649,0.0008915756525,-0.000987242877,-0.000435429865,0.0004766713245,-0.012260200005363998,-0.031538600217743136,3.443423077359489,0.001445361141391477,-0.16000427184267346,-0.17891952714906173,0.0021317106049323436,0.04023111596889935,0.5423214621265495,-0.3207998606022767,-0.0018083395221789212,-0.0021217649036676116
0.2827649666,0.2844009277,0.19,0.19,0.0016409565798772507,0.0009678773524999999,-0.00106967193,0.0004469933625,-0.00048763098300000005,0.007359958858544292,-0.034375255947366,-3.5250501929604914,-0.0017924056819648955,0.16338131950565585,0.18776316496347908,-0.0033608081475772046,-0.043576251592760656,0.5036533151897326,-0.3473996337788762,-0.0019593838684392895,-0.0025921098085257533
0.2827649666,0.2844009277,0.21,0.21,0.001630320311468093,0.000965716356,-0.00106923262,-0.0004508253905,0.000492579584,-0.013194629079055544,-0.03361075949157632,3.5553751021174147,0.0015638683649032213,-0.16709179533123358,-0.18666389542122822,0.0025087595524888534,0.04298048979088801,0.5551394141807816,-0.3204147996581572,-0.0019417299119760722,-0.0023283145146812015
0.2844009277,0.2860904906,0.19,0.19,0.0016939892492393535,0.0010472937749999999,-0.001157318845,0.0004619254165,-0.0005027662269999999,0.0072979845142339675,-0.03656952980854689,-3.6368791124598903,-0.001963631900163078,0.17854066559535714,0.20423953951410964,-0.0038515690745087863,-0.04645963374157674,0.5168936061996097,-0.34277892723985237,-0.0021318976706880322,-0.0028724688539272314
0.2844009277,0.2860904906,0.21,0.21,0.001685345135370609,0.001044969485,-0.00115670816,-0.000466171927,0.0005082122245,-0.0167724500584896,-0.03581738267635925,3.6731023069099713,0.0017052539191817616,-0.18283905443329077,-0.20299767151903833,0.0029200348062588914,0.045924223358402474,0.5706734205393162,-0.31575816065302387,-0.0021129177839791053,-0.0025709648903923374
0.2860904906,0.2878354116,0.19,0.19,0.0017499927843283593,0.0011318816799999998,-0.0012505045599999999,0.000476751523,-0.0005175562505,0.007389610636347408,-0.038919961715388855,-3.755059189880568,-0.0021248174293677564,0.18567893892343607,0.2121514571174203,-0.004403545102158362,-0.04957026270153387,0.528084708401157,-0.3402570919378607,-0.0022873736628227005,-0.0031395552758665796
0.2860904906,0.2878354116,0.21,0.21,0.0017393451369445932,0.001129386955,-0.0012497163799999999,-0.00048145357600000004,0.000523544738,-0.015532635208711235,-0.03809699202210799,3.78888600056753,0.0018498603112410313,-0.18976068195325357,-0.21108210971628405,0.0033824122035796497,0.04898798096842505,0.5829441075082209,-0.3124377935512182,-0.00226279176172207,-0.0028199184017620163
0.2878354116,0.2896375044,0.19,0.19,0.0018070293395768121,0.0012217959999999998,-0.001349298,0.0004913766445,-0.000531844144,0.0067854750710780315,-0.04136627770788814,-3.874887111523238,-0.002323728970467729,0.20154974827828978,0.22883121618047103,-0.005006210343014891,-0.05282453201963806,0.5415966581495801,-0.3321137986280001,-0.0024867016552805195,-0.0034570944391071803
0.2878354116,0.2896375044,0.21,0.21,0.001796368743673113,0.00121912451,-0.001348327575,-0.0004965800255,0.000538424578,-0.018903682856871988,-0.04049082670340751,3.910423795252082,0.0020156077953421975,-0.20609003772389867,-0.22771953657105654,0.003886365093996775,0.052228274695696984,0.5981037570231328,-0.30397470507451646,-0.0024565469318747137,-0.0030959529776402412
0.2896375044,0.2914986424,0.19,0.19,0.001867018772229635,0.00131707028,-0.00145372756,0.0005057939115000001,-0.0005456176715,0.004580521629778336,-0.04403402271809435,-4.001058778228056,-0.0025073923995655033,0.2091417177703323,0.2366341712474415,-0.005712627368505053,-0.056371491923110466,0.5524954814943613,-0.3262965456764312,-0.0026731488930093607,-0.003749128949503059
0.2896375044,0.2914986424,0.21,0.21,0.0018553816187595294,0.001314215715,-0.0014525702049999999,-0.0005115448999999999,0.000552839988,-0.019875617770470668,-0.04306602600449299,4.036504487683697,0.002178672239925306,-0.21347654455388718,-0.2357243183195424,0.004476723237545297,0.05572694406876401,0.6105380869234223,-0.2975856703757572,-0.0026322041054793305,-0.0033657731742499737
0.2914986424,0.2934207599,0.19,0.19,0.0019271024419696982,0.00141835951,-0.00156436773,0.0005199770525,-0.000558772573,0.009201089459672164,-0.046763691022351,-4.126270680901652,-0.002762522519031604,0.22702536041966412,0.25615857371356865,-0.006473482921324856,-0.060013483090578676,0.5653818993194433,-0.31376426177242306,-0.0029105441462078806,-0.004146046345326037
0.2914986424,0.2934207599,0.21,0.21,0.0019164059107442,0.001415315635,-0.00156301959,-0.0005263300360000001,0.0005666947125,-0.022557116193213062,-0.045758512522303195,4.166073472468063,0.0023803255927783372,-0.2324595791155607,-0.25494095335718747,0.005115666315391997,0.05939688535920522,0.6254431247446747,-0.2850549190109809,-0.00286304330666457,-0.0036876881474411363
0.2934207599,0.2954058552,0.19,0.19,0.0019910894941409865,0.001525972455,-0.0016815437750000001,0.0005339482395,-0.0005713200055,0.00650880827743156,-0.04965670106933587,-4.260111360184604,-0.002981480986575715,0.23597715090030466,0.26528873583234713,-0.007297019019509938,-0.06388170664427828,0.5755917100854582,-0.30383125655809395,-0.0031296757951806775,-0.004467432657015197
0.2934207599,0.2954058552,0.21,0.21,0.001979418804867225,0.00152273259,-0.0016800006099999998,-0.0005409598860000001,0.000580002414,-0.02334667224523506,-0.048613290222985474,4.300059005459772,0.00257970219936656,-0.24109638446977424,-0.2643458309684047,0.005820599433671861,0.06329017581631796,0.6372391570858473,-0.2746370242782265,-0.003072621132112092,-0.003992065736817521
0.2954058552,0.2974559915,0.19,0.19,0.0020551505683034173,0.00163985934,-0.00180498333,0.0005475414025,-0.0005829951085,0.006168098227003636,-0.05273512363156395,-4.393191448684988,-0.003296647700815988,0.2542943847329021,0.28315942292416135,-0.008240396590895385,-0.06791528729736353,0.5883173308483689,-0.2857017669551802,-0.0034165037458973166,-0.004890494350834375
0.2954058552,0.2974559915,0.21,0.21,0.0020434397584268515,0.0016364186500000002,-0.00180324387,-0.0005552735295000001,0.0005925020325,-0.025809299954153927,-0.05160604429542152,4.435454827414876,0.0028535095696333858,-0.25973957422972305,-0.28232088495791924,0.00661220991631375,0.06731959365404072,0.6516810517111087,-0.2563744355058205,-0.0033440727800386834,-0.004365207696412361
0.2974559915,0.2995733,0.19,0.19,0.0021231700102295847,0.00175974514,-0.0019343868849999997,0.0005607207460000001,-0.000593765695,0.007970702943947933,-0.05630382236707223,-4.534929013953677,-0.003569627784980343,0.26138273390779415,0.29114065730168054,-0.009390068658821835,-0.07233171462886462,0.5976019837978768,-0.2707384130475292,-0.0036652442042495476,-0.005347810750566236
0.2974559915,0.2995733,0.21,0.21,0.002111451130664015,0.0017560992949999998,-0.001932450365,-0.00056923349,0.000604159439,-0.02692842127588678,-0.055108014792065466,4.579621591765854,0.003082369757254631,-0.2671819325967641,-0.29031352284524664,0.007607803272058464,0.07177117943653563,0.6628688556705504,-0.24119363564658142,-0.003578677440896814,-0.0047642383934936
0.2995733,0.3020768558,0.19,0.19,0.0025102756534648315,0.0018963135249999998,-0.00208079933,0.0005742556445,-0.000603965727,0.006387880071219381,-0.06855036800232374,-5.354449011706152,-0.004373306957640337,0.3257596631973441,0.35758660115275,-0.012078590737553943,-0.08832927266826521,0.6974866696295604,-0.2793200926502429,-0.004535356462495689,-0.006731029822556237
0.2995733,0.3020768558,0.21,0.21,0.0024965602724417,0.00189244366,-0.0020786536599999997,-0.0005836901805,0.0006153957025,-0.034966503425724854,-0.06712065418862133,5.4085705411780465,0.003764246377323432,-0.3326403106004953,-0.356936147536799,0.009836317404331229,0.08774614654259946,0.7741204932655472,-0.24548618459300986,-0.0044184857262647365,-0.005994859286804383
0.3020768558,0.3045804117,0.19,0.19,0.002510276231629225,0.00204753353,-0.002242032445,0.0005879287195,-0.0006134209865,0.006006902777541434,-0.07042204502024219,-5.348835827644718,-0.004566361243025565,0.32427886620817037,0.3554965790583788,-0.012989057207561789,-0.0914663346192856,0.6820117092096253,-0.24200811529865693,-0.004683555750114279,-0.007029443782254935
0.3020768558,0.3045804117,0.21,0.21,0.0024955598824298146,0.002043424225,-0.002239668815,-0.0005984128685,0.0006260214790000001,-0.03588120227643764,-0.06887360986455608,5.401025297913414,0.003916720550441921,-0.33110425139979965,-0.3550628845806752,0.010573771150098913,0.09085526435480007,0.7577328957470834,-0.20915209299698403,-0.004544532084710598,-0.006235823619336241
0.3045804117,0.3070839675,0.19,0.19,0.0025114087162744067,0.002201636665,-0.00240498441,0.0006004263805,-0.0006209523005,0.00850632137053446,-0.072615394836401,-5.343706791621977,-0.004865790177734425,0.33723165726333065,0.36397857320248794,-0.014059724272599067,-0.09446680719505678,0.6711996007578656,-0.19486956728841942,-0.004965142608662739,-0.007383080544829514
0.3045804117,0.3070839675,0.21,0.21,0.0024965988496319005,0.002197294435,-0.002402416755,-0.0006120150324999999,0.000634770918,-0.04010961821751968,-0.07104373271823392,5.397192996187169,0.004150905750190722,-0.3449564210878281,-0.36370041229055333,0.011496527635784948,0.09397556060351234,0.746163263266156,-0.16337125760731094,-0.004807669762406989,-0.006495259040758111
0.3070839675,0.3095875233,0.19,0.19,0.0025103891337564543,0.002359239345,-0.00257030704,0.0006117986195,-0.000626589794,0.005136594183534182,-0.0747012807542065,-5.334687445947459,-0.00503661449257761,0.3386993072731178,0.3645275667859106,-0.015178584434210197,-0.09736969758823845,0.654243500354986,-0.15487203143679898,-0.005170227050525929,-0.007609204486135549
0.3070839675,0.3095875233,0.21,0.21,0.002495599430438144,0.002354669765,-0.002567548465,-0.0006245510815,0.0006416790165,-0.04055806424831215,-0.07314203225444936,5.3885982589406725,0.004308374013996194,-0.3459001720923703,-0.36465112515064263,0.012480447456174082,0.0970306977063579,0.7284566823617151,-0.12443670668631898,-0.004996883956907297,-0.006711918582322072
0.3095875233,0.3120910792,0.19,0.19,0.0025115085838966107,0.002519640535,-0.0027368852700000003,0.000622074466,-0.0006303269205,0.005400047661189997,-0.07678412750765276,-5.329037372940286,-0.0052409902821668125,0.34880927022323976,0.36790402480837536,-0.01632163734416516,-0.10023325258690154,0.6423950639891786,-0.10521691617933573,-0.005423810445470994,-0.007886441429137487
0.3095875233,0.3120910792,0.21,0.21,0.0024956244888923226,0.00251485123,-0.002733951975,-0.000636045485,0.0006467305235,-0.042455564009000225,-0.07516017168452648,5.3822988642849285,0.0044677124866809624,-0.35626096650021266,-0.36838883620956686,0.013465213166168617,0.0999741591689402,0.7154040207375637,-0.07602977517790707,-0.005225976151658188,-0.00692733740259674
0.3120910792,0.314594635,0.19,0.19,0.00251048827946034,0.0026825256699999998,-0.002904389115,0.00063123122,-0.000632152428,0.002382584742902535,-0.07887894021819987,-5.31947565143701,-0.005409065779544292,0.34878098747327535,0.36695823569423036,-0.017569957483971325,-0.10307059217269351,0.6246158357555308,-0.06265865629248492,-0.005627409255798576,-0.008093076967552718
0.3120910792,0.314594635,0.21,0.21,0.0024966242799211234,0.002677524705,-0.00290129768,-0.0006464732205,0.0006499116505,-0.04321884096820152,-0.07725205371446993,5.37742153188381,0.0046179910891442095,-0.35580903696137234,-0.3678178838071245,0.014566032869519316,0.102995951805465,0.6972598510756638,-0.0345650730368427,-0.005406761777479553,-0.00711670217351901
0.314594635,0.3170981908,0.19,0.19,0.0025106342050661445,0.00284768917,-0.0030721974099999997,0.000639329197,-0.0006320785205,0.004042761612299323,-0.08093262731595245,-5.311010086129901,-0.005609311041204735,0.3577117497069933,0.3675218501183256,-0.018847291616923386,-0.10578763890638171,0.6113374073188398,-0.010511839025306858,-0.005887023478783434,-0.008346932999479468
0.314594635,0.3170981908,0.21,0.21,0.0024946982533051412,0.002842485755,-0.00306896656,-0.0006558927675000001,0.000651228382,-0.0486974078771272,-0.07921730129044388,5.366643732828817,0.004744978833351982,-0.3656307225228809,-0.36880956795173675,0.015685545388083966,0.10578841943643474,0.6822811449325363,0.0162399403603629,-0.005637408977775636,-0.007258967656637794
0.3170981908,0.3196017467,0.19,0.19,0.0025116340959655185,0.0030147974800000003,-0.00323997526,0.000646354374,-0.0006301091279999999,0.003581015922990643,-0.08304431119752395,-5.305073881299132,-0.005775007324390637,0.3558561292288876,0.36503597443466385,-0.02022825612332799,-0.10853308049582423,0.593295274695719,0.03456776314871871,-0.006084062756845208,-0.0085359966068801
0.3170981908,0.3196017467,0.21,0.21,0.0024956756615145148,0.003009401215,-0.003236623975,-0.0006642873705,0.0006506818085,-0.04764209639343696,-0.08137703696239923,5.36108906417583,0.004894787768831379,-0.3634096408618926,-0.36672882199466866,0.016954702325676602,0.1087916580292239,0.6631297682834713,0.06026965475082204,-0.00581856629935387,-0.0074344558866030865
0.3196017467,0.3221053025,0.19,0.19,0.002511741787802701,0.003183510785,-0.00340693787,0.000652352743,-0.0006262528745,0.00045314355905626074,-0.08507593911871851,-5.296071400929825,-0.005920079404230218,0.36375753524143234,0.36211990142173195,-0.021653420364142285,-0.1110884293309097,0.5789506619568019,0.08902289503983858,-0.006337897328484223,-0.008684707910612812
0.3196017467,0.3221053025,0.21,0.21,0.0024947107363428277,0.00317793245,-0.0034034871149999997,-0.000671699385,0.000648272003,-0.04809012300153022,-0.08334368477378813,5.352113483749583,0.005022732619293541,-0.37098520132374724,-0.36424533696423406,0.01823129357241532,0.11148099517159821,0.6472722834854436,0.11362375168715692,-0.006040362949376922,-0.007569973856405778
0.3221053025,0.3246088583,0.19,0.19,0.002510765750639158,0.00335382269,-0.00357308849,0.0006573283955,-0.000620517278,0.002114242291513221,-0.08717224917570868,-5.285167532206476,-0.006087014016024299,0.36154542215591695,0.35952919543179057,-0.02319102325894476,-0.1136356414058168,0.5596612455333968,0.1364926857070969,-0.006541988400192025,-0.008859638597444345
0.3221053025,0.3246088583,0.21,0.21,0.002495733947197463,0.003348073025,-0.0035695591449999998,-0.000678132726,0.0006440063895,-0.05136258126239393,-0.08544748853449641,5.345948242118865,0.00513534922972537,-0.36918948308037663,-0.3622144868501733,0.01964622637624971,0.11429140916877295,0.6270573778815873,0.16006212781196602,-0.006217197591664936,-0.007662091561713126
0.3246088583,0.3271124142,0.19,0.19,0.002511877517202389,0.00352490366,-0.003737152485,0.0006613112575,-0.00061293409,-0.0007506154089769688,-0.08923654726365945,-5.277841742018708,-0.006188381557657265,0.36573225139994886,0.3510821960294288,-0.024797339804541508,-0.11604198551513076,0.544687520801011,0.19318128894574502,-0.0067778670159424,-0.008929025971459295
0.3246088583,0.3271124142,0.21,0.21,0.0024947996208047342,0.0035189948649999997,-0.00373356723,-0.0006836087095,0.0006379027895,-0.05355840317005826,-0.08750949191403812,5.336753608984628,0.005216517590885201,-0.37331110807194245,-0.3542620235776957,0.02115387920387008,0.11692570424811707,0.6101111523198505,0.21568121069141535,-0.006429035530912478,-0.007711927505346194
0.3271124142,0.32961597,0.19,0.19,0.0025118776658361913,0.003697438015,-0.003899786105,0.0006643172605,-0.0006034729780000001,-0.002294242691771148,-0.09142365120608478,-5.268116804426937,-0.006347033064614335,0.366664769841663,0.3513454145165097,-0.026556460760987218,-0.11849599326550031,0.5249425482868906,0.24318144868079705,-0.007011331353938173,-0.009061754785175987
0.3271124142,0.32961597,0.21,0.21,0.0024947994348993143,0.003691381665,-0.0038961674,-0.000688149239,0.0006299367885000001,-0.05403676497390757,-0.08965576935705304,5.3276398489297465,0.0053499548667585465,-0.37397500393748284,-0.35498493185844965,0.0227981333947567,0.11959231678198852,0.5887438241789705,0.26475097560045247,-0.006631570281810735,-0.007818575077262394
0.32961597,0.3321195258,0.19,0.19,0.0025130458203655275,0.0038707836550000005,-0.004059887175,0.0006663801705,-0.0005921661545,-0.0009027666801357843,-0.09352673791013788,-5.2602200100678935,-0.006432039787338039,0.3675492130926569,0.33799326465743273,-0.028337532364944365,-0.12069366093448045,0.5092905472665866,0.3021205601881799,-0.007232411884579955,-0.009105349114477176
0.32961597,0.3321195258,0.21,0.21,0.0024948719961463525,0.00386459244,-0.00405625881,-0.000691780382,0.0006201273775000001,-0.0555445517357923,-0.09172391838125195,5.320252697620025,0.005389811423171243,-0.3751682128264099,-0.34229652818515316,0.024482147543844215,0.12203698998495356,0.571140664865333,0.32275273880080796,-0.006817744995945317,-0.007799340740280045
0.3321195258,0.3346230817,0.19,0.19,0.0025120193039706736,0.004044596205000001,-0.00421713108,0.0006674939870000001,-0.000579032504,-0.003997091801827037,-0.09568950189826671,-5.247725895294648,-0.006554432497098343,0.36705087991758767,0.3368944445234608,-0.030289478965398138,-0.12285823426748621,0.48889935548128893,0.3541858938202673,-0.007448370426003581,-0.009161414791483802
0.3321195258,0.3346230817,0.21,0.21,0.0024938723573984752,0.0040382831,-0.004213516905000001,-0.000694493076,0.0006084904565,-0.056350422365428005,-0.09387036456519786,5.30829230239244,0.005500600344690345,-0.3742939928735129,-0.3416161946374001,0.02635391845578611,0.12445586805513872,0.5488529447702771,0.3740254164109592,-0.007005202677403405,-0.007849832864429484
0.3346230817,0.3371266375,0.19,0.19,0.002513224026111029,0.004218767255,-0.0043709049800000005,0.0006676984175,-0.0005640786045,-0.0012825405471078152,-0.0978356102176978,-5.239133114186787,-0.006615618632622576,0.36724710634666535,0.3208371548375558,-0.032284888997019416,-0.1248126538377763,0.47273123788083415,0.4153452410496217,-0.00766596750914488,-0.009155202875050405
0.3346230817,0.3371266375,0.21,0.21,0.002493980550774377,0.00421234574,-0.004367329705000001,-0.00069632354,0.0005950233805,-0.058649195044045366,-0.09599387639053934,5.300529767218596,0.005495969511089738,-0.37500439938879626,-0.3264558142489312,0.02827995072391382,0.12668549673091925,0.5305051632423929,0.43435619738834264,-0.0071835823443150695,-0.007755867624384822
0.3371266375,0.3396301933,0.19,0.19,0.0025121951367633225,0.004392949135,-0.004520909465,0.000666994867,-0.00054733787,-0.00372303820236061,-0.10000786322051809,-5.225909723795922,-0.00670607415326231,0.36509804866162016,0.31840416194120585,-0.03441667168321333,-0.12666041217718335,0.452138058026309,0.4693835286916735,-0.007865646760289566,-0.00915513329250434
0.3371266375,0.3396301933,0.21,0.21,0.002494980598227119,0.00438643288,-0.004517397675,-0.000697269885,0.0005797566225,-0.05981278790487917,-0.09831296903358482,5.292024489751812,0.005580572418419906,-0.37258065435209564,-0.3245446575527967,0.03043787658738649,0.12903180677779905,0.5081302514755242,0.4881301223334035,-0.00736643786558839,-0.007760198836134951
0.3396301933,0.3421337492,0.19,0.19,0.0025133800306795903,0.004566530954999999,-0.004666093645,0.0006654217834999999,-0.000528869746,-0.0028807899396943496,-0.10220936249912337,-5.216805172987812,-0.006702016908943563,0.36280866303223863,0.2980789443150102,-0.03667002189131714,-0.12835127384046388,0.4355957524574312,0.5323145873158381,-0.008061057644992547,-0.009037193830231896
0.3396301933,0.3421337492,0.21,0.21,0.0024930398188904163,0.00455993427,-0.004662670265,-0.0006973618784999999,0.0005627357139999999,-0.05700747133002135,-0.10042150032863331,5.279440199951979,0.005560572543936162,-0.37013220971130334,-0.30458451717165724,0.03263769765196827,0.1309125651601739,0.4888331261637501,0.5503676803893262,-0.00752289564472991,-0.007635689532321776
0.3421337492,0.344637305,0.19,0.19,0.0025133805858387434,0.004740207045,-0.00480703827,0.0006629728745,-0.0005086003595000001,-0.004506035948208299,-0.10450234613043487,-5.204599166776024,-0.006806475153987022,0.36336663185622037,0.29804454098035854,-0.03908120543198403,-0.12996613109161068,0.4153063325550911,0.5889883797686911,-0.008289506299117833,-0.00902325645777275
0.3421337492,0.344637305,0.21,0.21,0.002494099832887364,0.004733543915,-0.004803728575,-0.0006965998884999999,0.000543892571,-0.06154338154419033,-0.10273899608162713,5.2702216278763725,0.005620353676960463,-0.370831814881584,-0.30550801914492515,0.03505374843676177,0.13289387899398536,0.4662497178695813,0.6067475282509557,-0.00771786363077613,-0.007565131947727349
0.344637305,0.3471408608,0.19,0.19,0.0025145744482536732,0.004913382040000001,-0.004942701325,0.0006596833759999999,-0.0004865923135,-0.0033835744648731316,-0.10673258619210325,-5.194848499829522,-0.006738662724225539,0.35848509920893257,0.2734215537982622,-0.04151495402673268,-0.13125258135432835,0.3988159662956854,0.653633452202122,-0.00844920778879095,-0.008803684774751614
0.344637305,0.3471408608,0.21,0.21,0.002493198233965301,0.004906666935,-0.00493953057,-0.0006950102735,0.00052327569,-0.05985104005753298,-0.10497369779300814,5.259254973195649,0.005534892254852396,-0.36594595430924687,-0.2813865931087033,0.03752580428717394,0.13451577163468487,0.4469612805428924,0.6710651285631924,-0.007846953223772638,-0.007341727756080232
0.3471408608,0.3496444167,0.19,0.19,0.0025135749832988262,0.005085709285,-0.00507280148,0.0006555581754999999,-0.00046288606650000003,-0.004285444285326254,-0.10904493158551662,-5.179808333740472,-0.006815876923526249,0.3574207792603272,0.27213335892678087,-0.0441474669742395,-0.13243833958155415,0.3786733961499788,0.7117886339856714,-0.008657278705418603,-0.008733190880000625
0.3471408608,0.3496444167,0.21,0.21,0.0024932310160904296,0.005078956805,-0.005069794690000001,-0.0006925945545,0.0005009226825000001,-0.06262441114865769,-0.10737844790156596,5.2469621815283585,0.005575346701471699,-0.3648957078062342,-0.28103639098069,0.04024548616438887,0.13614907268245355,0.4242852269719055,0.7293060565370298,-0.008025877020829107,-0.007232392429862563
0.3496444167,0.3521479725,0.19,0.19,0.002514778666761942,0.005257125595,-0.0051967257149999994,0.0006506221455000001,-0.000437487148,-0.0038177900488501927,-0.11133982486449148,-5.1692559763380785,-0.006696137159266319,0.3522708794623767,0.24522823895311557,-0.04682099537175449,-0.13331182165646177,0.3625788012044702,0.7781401303448344,-0.008800804202684052,-0.00842059309370754
0.3496444167,0.3521479725,0.21,0.21,0.002493337214739763,0.005250350475,-0.0051939078950000005,-0.0006893736314999999,0.000476829187,-0.059190326661037226,-0.10972343364468158,5.237465519048372,0.005461818826385712,-0.35959351580448967,-0.2542935754887179,0.04302535067578448,0.1374354539700896,0.4053542298958086,0.7960621825022753,-0.0081466286951701,-0.006957159922202584
0.3521479725,0.3546515283,0.19,0.19,0.0025147778551481022,0.0054272913199999995,-0.005314239465,0.000644886734,-0.0004104495255,-0.003903630095502467,-0.11378243955632943,-5.1554168082064304,-0.0067493740603265795,0.3496357855701921,0.24288461539666678,-0.04969708189986098,-0.13413171413461175,0.34326966291229577,0.838100425019343,-0.008992855259664577,-0.008294966358822958
0.3521479725,0.3546515283,0.21,0.21,0.002492338673255394,0.005420508310000001,-0.005311635205,-0.000685355525,0.00045104666500000003,-0.06028291381323208,-0.11212096215845983,5.222099380521808,0.00548231692991678,-0.35689641102983927,-0.25281511438746385,0.0459912424028507,0.13853265888921704,0.3829334417048996,0.8558570043760623,-0.008300798714938116,-0.006800992680070256
0.3546515283,0.3571550842,0.19,0.19,0.002514029271929493,0.005595981365,-0.005424599655,0.000638376243,-0.000381802699,-0.0016122055820793767,-0.11604780827356942,-5.139937572118414,-0.006593548371613288,0.34341397683472225,0.21287796004660337,-0.05256800515682874,-0.13440993403673063,0.3276163616444732,0.9052085086396183,-0.009115856590877497,-0.007910945931909625
0.3546515283,0.3571550842,0.21,0.21,0.0024925252110927125,0.005589205275,-0.00542223311,-0.0006805588245,0.000423593545,-0.059381274000597124,-0.11453261835348873,5.211900674372145,0.005288431087974436,-0.3508646121553556,-0.22358792963727633,0.04906097049773247,0.1393392052556129,0.364568071713881,0.9244033509253082,-0.008391277180716599,-0.006393439097711289
0.3571550842,0.35965864,0.19,0.19,0.002515027648755257,0.0057632016050000005,-0.00552783479,0.0006310937605,-0.0003515530795,-0.0015803673662033195,-0.11856282243849914,-5.127142357926456,-0.006623723873559365,0.3407100393198164,0.21066715939788266,-0.05566427823059692,-0.13474302917840222,0.3095700546512,0.9669607981354302,-0.009295327487878364,-0.007721735320735054
0.3571550842,0.35965864,0.21,0.21,0.0024925261962059405,0.005756447184999999,-0.005525730005,-0.000674986632,0.00039447648300000007,-0.06042092748463889,-0.11711342592007855,5.197678301236723,0.005292509079069605,-0.3481035086940031,-0.22234141564605547,0.05236567826895085,0.14007715788302863,0.3432095737686685,0.9863902284781196,-0.008544550642886348,-0.0061933579361140864
0.35965864,0.3621621958,0.19,0.19,0.002515251474202847,0.00592824058,-0.005622922860000001,0.0006230839095,-0.00031982767250000004,-0.0002940927590820122,-0.12096105083434626,-5.11304266792725,-0.006391495575280981,0.33165993733222326,0.17696116593895095,-0.058787665675537955,-0.13455351667663298,0.29515322708091296,1.0351302632029935,-0.009366350503234975,-0.007204289073009931
0.35965864,0.3621621958,0.21,0.21,0.0024926900169286873,0.0059215224,-0.0056211023500000006,-0.0006686727815000001,0.000363808523,-0.05652856842951848,-0.1196640956859845,5.186461190243249,0.005067598745079966,-0.3389838010378796,-0.18869459934918967,0.055774966149710226,0.14039118092627587,0.32579001573431354,1.056312645361427,-0.008603384779956745,-0.005724089317680508
0.3621621958,0.3646657517,0.19,0.19,0.0025162911324014985,0.006091758439999999,-0.005710244215,0.000614314651,-0.00028649957650000004,0.00027535132042776653,-0.12356665426146501,-5.098982770728483,-0.006422565660269359,0.33152302012461154,0.17626122778748765,-0.06210580735525066,-0.13431924691061561,0.2788675601399034,1.0986918187248265,-0.0095643847117002,-0.006977608570143579
0.3621621958,0.3646657517,0.21,0.21,0.0024916896792134503,0.006085091225,-0.00570873164,-0.0006615920175000001,0.0003314669929999999,-0.05632866875099082,-0.12224054891806581,5.169241206556829,0.005075092254365517,-0.33879074437623097,-0.1888583794908248,0.0593153534335005,0.1404335942133119,0.30591771161087256,1.1201769263086045,-0.00876902553535526,-0.005492611177036463
0.3646657517,0.3671693075,0.19,0.19,0.0025165252653736123,0.006253222625,-0.005788910595,0.0006048220580000001,-0.000251673016,0.0023403803033715934,-0.1260039480896918,-5.084016622379913,-0.006132421433729379,0.3203265190065755,0.13921088494894016,-0.06534547693157788,-0.13346592084955888,0.26605341569125457,1.1673404997402275,-0.009586879450377258,-0.006352013618497041
0.3646657517,0.3671693075,0.21,0.21,0.002491906669472157,0.006246620785,-0.005787728,-0.0006537714575,0.000297543898,-0.05325606784322334,-0.12481116913568537,5.156997694437388,0.004767473086120085,-0.32764013871579595,-0.1520959166622957,0.06289684881921984,0.14004423471499367,0.29000145327077503,1.1910515520766976,-0.00877248537641003,-0.0048893798625209125
0.3671693075,0.3696728633,0.19,0.19,0.002515526132007798,0.00641230676,-0.005858747705,0.0005946236334999999,-0.00021541451449999999,0.001819097537348875,-0.12863093306379103,-5.064962452794602,-0.006128723972225331,0.3188493818392768,0.13814756353182003,-0.06881055338557676,-0.13251470096870813,0.25144065513781977,1.2305092907607735,-0.009752896302901909,-0.006035968478762033
0.3671693075,0.3696728633,0.21,0.21,0.002490907536306942,0.006405784595,-0.0058579165150000004,-0.0006452252345000001,0.0002621037925,-0.0535141125249217,-0.12748908249162075,5.138640633275706,0.004740335988929839,-0.3260806849829885,-0.15177172863572969,0.06668959967142037,0.13944876219856178,0.27198957669603346,1.2558682545198574,-0.008907642639212668,-0.004579941615342077
0.3696728633,0.3721764192,0.19,0.19,0.002516857330968417,0.006568974105,-0.005919144425000001,0.0005837266925,-0.00017773313500000002,0.0075803972644615586,-0.13122654321238056,-5.050869874776912,-0.005832971507976677,0.30743470798026096,0.09825819442257507,-0.07223640347511398,-0.13104638777324445,0.2410057132367407,1.3001227089434662,-0.009769632007352,-0.005354961066789001
0.3696728633,0.3721764192,0.21,0.21,0.002492182474057936,0.00656254561,-0.005918685125,-0.000635956897,0.0002251469745,-0.050272257913623566,-0.1302507665131826,5.1274707270758135,0.0043939847349720226,-0.31491023306172733,-0.11296509209366133,0.07056330416143602,0.1384585738551334,0.25832895820505114,1.3283201497559802,-0.008892757562117532,-0.0038807705033647865
0.3721764192,0.374679975,0.19,0.19,0.002515857047960871,0.00672291738,-0.00596999925,0.0005721543334999999,-0.0001387067745,0.008066624680749862,-0.13382495359289087,-5.030698117295787,-0.005806385938297265,0.30462919631564905,0.09666746427642665,-0.07574891131060514,-0.12931351663758278,0.22886565798610947,1.3633386636907672,-0.009892023520039223,-0.004963952948479179
0.3721764192,0.374679975,0.21,0.21,0.0024911404935857896,0.00671659634,-0.00596993155,-0.000625986347,0.000186750084,-0.049049237969229297,-0.13307143148589265,5.107777366858288,0.004360520401631331,-0.3119975551890551,-0.11203243445955881,0.07456888423568851,0.13715895318813714,0.24280260732212322,1.3938048632477753,-0.009009606874562827,-0.003521176408112864
0.374679975,0.3771835308,0.19,0.19,0.0025171119090323414,0.006873646664999999,-0.006010572895,0.000559946039,-9.84655069e-05,0.010879112295131515,-0.13651117055805054,-5.0157040335566245,-0.005438996806060856,0.2915569357283284,0.05510732802929213,-0.07931607243794583,-0.12712059435709827,0.22095461438939615,1.4324461560989992,-0.009845375934230514,-0.004118266005212082
0.374679975,0.3771835308,0.21,0.21,0.0024903897256594557,0.0068674461400000004,-0.0060109142050000005,-0.000615344774,0.0001470333485,-0.04256621437961301,-0.1358186623765448,5.091098974498074,0.0039962878445387665,-0.29888666135756226,-0.06994342571442226,0.07859763691796012,0.1352497008572939,0.23152825780162586,1.4653648530596175,-0.008961118919916971,-0.0027455248185339616
0.3771835308,0.3796870867,0.19,0.19,0.0025162082105524893,0.007021764885,-0.006041027650000001,0.0005470529765,-5.6848366700000004e-05,0.013731822614458593,-0.1392270684121226,-4.994174161084317,-0.005445491089687642,0.2909967682253927,0.053646779639759064,-0.08290641796123348,-0.12461261317153836,0.2122008768617329,1.496136164923556,-0.009998050072374165,-0.0036938440897770165
0.3771835308,0.3796870867,0.21,0.21,0.0024903882873350833,0.00701569841,-0.00604179702,-0.0006039896115,0.00010583790074999999,-0.04174247642372662,-0.13870700519008397,5.072484686236763,0.003960079253753281,-0.29840755875082164,-0.06986604499384748,0.08275866012606876,0.133130368088887,0.21953310831739795,1.5325691525840988,-0.009082424556295206,-0.0023157137659234966
0.3796870867,0.3821906425,0.19,0.19,0.0025174747444252406,0.0071667873299999995,-0.00606064801,0.000533512539,-1.399009629e-05,0.017730639969899646,-0.14193433631361543,-4.978001105603885,-0.005038899256409198,0.2761610161067714,0.00959589430092279,-0.08641929864387202,-0.1215560882609122,0.20737396276591982,1.5641122142444637,-0.009889702344974195,-0.0027274212369474546
0.3796870867,0.3821906425,0.21,0.21,0.002490702343764169,0.007160867575,-0.00606186199,-0.000591950279,6.328952825e-05,-0.036044895009991106,-0.14156078045560255,5.05639632692065,0.003539303534971324,-0.28362269727422806,-0.025724663773544165,0.0868554181609549,0.1303851796851176,0.21164071452774727,1.6041607833323903,-0.008969960094262111,-0.0013974942784233332
0.3821906425,0.3846941983,0.19,0.19,0.0025175242979274992,0.007308418345,-0.0060693731899999995,0.0005193504605,3.002623636e-05,0.01962953258902609,-0.14476672658177667,-4.957305485858563,-0.00502353620132502,0.2744470423924978,0.008314999993544452,-0.09003318603709762,-0.11827901903474879,0.20220460276413335,1.627307427915954,-0.00999599016584785,-0.0022032294900000563
0.3821906425,0.3846941983,0.21,0.21,0.002491701119745912,0.007302657725,-0.006071047475000001,-0.000579249441,1.9470457760000002e-05,-0.035820111231723836,-0.1446699340731802,5.038413339893334,0.0034893283147589865,-0.28198307778581805,-0.025791786055409122,0.0911630808294418,0.12746779400673233,0.20334094830110527,1.6715473147278155,-0.00905912388950225,-0.0008818253691101788
0.3846941983,0.3871977542,0.19,0.19,0.0025168570171800048,0.00744661965,-0.0060666027300000005,0.0005045638875,7.518539920000001e-05,0.02555012474322744,-0.14742413542340144,-4.93587335947665,-0.004621183340539439,0.2596309881490435,-0.037948046051515374,-0.09340890216609439,-0.11424854740668287,0.20101756158007483,1.6927273756230266,-0.009858700675049964,-0.0011311398411446988
0.3846941983,0.3871977542,0.21,0.21,0.00248998534260799,0.007441029985,-0.006068751645,-0.000565881209,-2.561096504e-05,-0.025684817613774474,-0.1475050560064409,5.016744593889481,0.0030891563657205116,-0.26715040785868377,0.021465756657069315,0.09521088291756144,0.12365625362847692,0.1993797641197538,1.7413011072432922,-0.008938994535744189,0.00010823410912244621
0.3871977542,0.38970131,0.19,0.19,0.0025168554526542207,0.007581122775000001,-0.006052365045,0.00048918352,0.00012139515735,0.02656459556064005,-0.15031453616588056,-4.913993026165046,-0.004600327136777328,0.2568993318018775,-0.038632151957865735,-0.09690302247197616,-0.11009948691085214,0.19977658927909678,1.754052818256847,-0.009916196987588386,-0.0005067260599357122
0.3871977542,0.38970131,0.21,0.21,0.0024899869758371446,0.007575715520000001,-0.006055001945,-0.0005518735425,-7.186242195e-05,-0.026215085317135543,-0.15053148182317172,4.995266674635733,0.003025139290396658,-0.2644964065599177,0.020822387080062708,0.09938669319411933,0.11968237543832831,0.1952179049207246,1.8067995019708696,-0.008970661963781284,0.0007215649512709703
0.38970131,0.3922048658,0.19,0.19,0.002518197140360435,0.0077114914050000006,-0.006026133760000001,0.0004732510905,0.00016849763849999998,0.03390679486728882,-0.15322628534882318,-4.895103377942921,-0.004208671506049871,0.24062593624577824,-0.08660997201088712,-0.10026654440832056,-0.10527820454915966,0.20290649095932878,1.8181854432056115,-0.009737559215607134,0.000681642910140614
0.38970131,0.3922048658,0.21,0.21,0.002490340264788354,0.007706276809999999,-0.00602926906,-0.000537261476,-0.00011913180865000001,-0.01706742175244909,-0.15359294308117014,4.975901052176736,0.0026057849087734388,-0.24829403126912197,0.06911288121439949,0.10348348864076279,0.11498839439902561,0.19586294729048664,1.8757761830053161,-0.008794287705984949,0.001861294059092949
0.3922048658,0.3947084217,0.19,0.19,0.002517310456343899,0.007838247015,-0.005987803960000001,0.00045670286849999996,0.0002166812525,0.037094349536782215,-0.15605068990845924,-4.8697654052217505,-0.004231760358823593,0.23979724744654424,-0.08826214951647376,-0.10347839143428039,-0.10012566308393321,0.20649988995739327,1.8772121015930958,-0.009806036043368997,0.0013674549408414789
0.3922048658,0.3947084217,0.21,0.21,0.0024893951327210205,0.0078332361,-0.005991450055000001,-0.0005219865605,-0.00016760820299999997,-0.017443303355416155,-0.15670856490370821,4.951328181498702,0.0025583258762795426,-0.24770330654188039,0.06865436613874956,0.10754202688971612,0.10999054240881037,0.1969411901160261,1.939741882668445,-0.00883317907755115,0.002553724462831447
0.3947084217,0.3972119775,0.19,0.19,0.0025176115539695685,0.007960837965,-0.0059369444200000005,0.0004395972795,0.0002657337,0.04444837540596374,-0.1588730023290512,-4.847509702655861,-0.003845858741147114,0.22172740367596225,-0.1370366875088596,-0.10646008696652384,-0.09433347493244663,0.21403153453939663,1.936959335896041,-0.009544674627500829,0.0027001190296355414
0.3947084217,0.3972119775,0.21,0.21,0.002489659096727651,0.007956040210000001,-0.00594111011,-0.000506099836,-0.00021708356599999998,-0.003930096583792756,-0.1598075995376261,4.9297965336710075,0.002201405934294867,-0.22952668817836233,0.11946468982739736,0.11139798039328741,0.10427610823735001,0.20264272434311084,2.005566372993909,-0.008627915159123449,0.003777123319808945
0.3972119775,0.3997155333,0.19,0.19,0.0025176710283321474,0.008079247605,-0.005873505015,0.000421932095,0.00031565845650000004,0.04581574488975109,-0.1618418320195271,-4.822892815234598,-0.0038848352822068656,0.22088791406363176,-0.13794615627768367,-0.10942985707740809,-0.08831922895619394,0.22266815440414195,1.993516866268399,-0.009568291777420043,0.003508644373681689
0.3972119775,0.3997155333,0.21,0.21,0.002490771147559308,0.008074672525,-0.00587819914,-0.000489598856,-0.000267561893,-0.0059903128887721785,-0.1630739298901371,4.907816642583555,0.002172683803471868,-0.2289607409444398,0.1182415347726326,0.11526476943302094,0.09828318510089033,0.20937923053844554,2.068608166943446,-0.008619387651276924,0.004591698018662441
0.3997155333,0.4022190892,0.19,0.19,0.0025171054101370493,0.008193314075,-0.0057969982949999995,0.0004037168995,0.000366381056,0.0576153403827526,-0.1646571132621774,-4.796965488971913,-0.003585878564449708,0.20235043891480048,-0.189383130461333,-0.11195727978552664,-0.08155697657031098,0.23532414706699803,2.0483331561014597,-0.009285309720083812,0.0049429172223064526
0.3997155333,0.4022190892,0.21,0.21,0.002489053534366236,0.008188970165,-0.005802227615,-0.0004724902495,-0.0003189725065,0.009319927040569645,-0.1661446574305824,4.880324107018729,0.0018638921463634988,-0.21043102792193427,0.17086842939372102,0.11870861106957278,0.09143447898904378,0.2206803710544495,2.129176427854088,-0.008381024057956935,0.005946135382725343
0.4022190892,0.404722645,0.19,0.19,0.0025171054101400837,0.008302801025,-0.00570755089,0.0003849869525,0.0004178018485,0.058100356194806364,-0.16753091739534173,-4.770978308458915,-0.0036476626946031483,0.20064444005319457,-0.18916930011836583,-0.11436756134967892,-0.07460495792049344,0.24913581403100274,2.1003241947101876,-0.009228527312821618,0.005849742026443867
0.4022190892,0.404722645,0.21,0.21,0.002490051716046755,0.008298696335000001,-0.00571332111,-0.00045480695249999997,-0.000371214651,0.010205856635141206,-0.16932176869796636,4.856509163503391,0.001912755095315076,-0.20886813134104626,0.17006587424124198,0.1220826914369409,0.08436278972482703,0.23338532214764868,2.1883120865002006,-0.008335715676242044,0.006809682632914318
0.404722645,0.4072262008,0.19,0.19,0.0025165594123142555,0.008407649435000001,-0.00560459728,0.0003657321405,0.000469895026,0.07003549649148051,-0.17035526188529826,-4.743505711726796,-0.0034035983726779617,0.1822008200794083,-0.2418278301779553,-0.11632704403029707,-0.06694326456293281,0.2671332481033198,2.149925526838776,-0.008889076994657795,0.007443344832558339
0.404722645,0.4072262008,0.21,0.21,0.002489531312826772,0.008403791175,-0.00561091258,-0.000436537379,-0.00042426635600000006,0.022056753338755196,-0.17245105826403528,4.829251037370545,0.0016056536128864875,-0.19060370388385728,0.2224809892887261,0.1250216808347334,0.07649447204293272,0.25088155600046136,2.244986326932584,-0.008005806333060582,0.008371156203713759
0.4072262008,0.4097297567,0.19,0.19,0.0025174920211436655,0.008507659685,-0.005488369455,0.00034599186550000004,0.0005225554775,0.06962923888162552,-0.17332802783317278,-4.717951552370016,-0.003503865769632885,0.17979194075406138,-0.24002184514917546,-0.11818158585304755,-0.059202915910656156,0.2864398326914431,2.1971519997263846,-0.008759209916951213,0.00844409587678131
0.4072262008,0.4097297567,0.21,0.21,0.002489469866420735,0.008504054555,-0.005495232920000001,-0.00041771908999999996,-0.000478020328,0.02367610470528333,-0.1756685817516585,4.801613425889534,0.0017180553126371946,-0.1882715371059907,0.2208347634305512,0.1278187136775865,0.06842796784740522,0.2697539028003062,2.298124666127109,-0.007916895658765345,0.009308699096856957
0.4097297567,0.4122333125,0.19,0.19,0.0025179575552556144,0.008602477055,-0.0053586907700000005,0.000325815589,0.0005755965275,0.08307650287255602,-0.17625736186365695,-4.690569868854224,-0.0033654922365208735,0.16026903686870553,-0.2929867047656378,-0.11954937302118263,-0.05068679935739455,0.30996106625693126,2.2408890332109097,-0.008355727105463253,0.010175955108062231
0.4097297567,0.4122333125,0.21,0.21,0.0024899070539589883,0.008599130125,-0.005366102330000001,-0.00039839791200000003,-0.0005322895525,0.03772053948842857,-0.17888300404784982,4.773888072559914,0.0015282829427507153,-0.16889575572078686,0.2739115346080015,0.13018373858875437,0.05955417877013857,0.29365900946701845,2.349201657386329,-0.007537735947117195,0.011000742721900835
0.4122333125,0.4147368683,0.19,0.19,0.002516961662588268,0.008692480820000001,-0.005215042505000001,0.000305122606,0.0006292303405,0.08273627909950772,-0.17906205847769416,-4.65980053800988,-0.00353943818134406,0.15923508753350443,-0.2926573152731556,-0.12051857608273359,-0.04205495063646026,0.3350317337123212,2.2806657030357522,-0.008185281278765815,0.011295759847246914
0.4122333125,0.4147368683,0.21,0.21,0.0024899050592809163,0.008689398195,-0.005223004285,-0.000378496561,-0.000587291107,0.040155134425089264,-0.18205444077009791,4.7449752750565946,0.001729429562061724,-0.16795691868682877,0.27421163593730413,0.13218570006343613,0.05047060469862463,0.31959939378263846,2.3972624890825913,-0.007422649040435486,0.012062485357015179
0.4147368683,0.4172404242,0.19,0.19,0.0025164461730957993,0.008777319475,-0.00505728968,0.00028396353349999996,0.00068326703,0.09760915616315849,-0.1819375606035149,-4.628661717134197,-0.003523649607613325,0.13861851453569074,-0.34571213599090606,-0.12094318986983305,-0.032843960373186015,0.3637330404004575,2.31547335094382,-0.007707620224928536,0.013161731426265647
0.4147368683,0.4172404242,0.21,0.21,0.002490365148764306,0.00877450557,-0.005065800705,-0.0003580626315,-0.00064283375,0.05428173199980233,-0.1852215570858329,4.7147544313765515,0.0016397610303106784,-0.1475677221833066,0.3267838986188241,0.13359928883869063,0.04072461249786407,0.3498240372163562,2.440412085753629,-0.006952011161680945,0.013903223410010535
0.4172404242,0.41974398,0.19,0.19,0.0025164461730972317,0.008856813365,-0.00488571902,0.000262379675,0.000737599542,0.0980914751833564,-0.18471648943572558,-4.59813674190628,-0.0037966338035072696,0.13682522921529874,-0.34433416664687444,-0.12099599710502575,-0.023566333832457736,0.3943474030040267,2.348165039452014,-0.007462911601163874,0.014346265358996144
0.4172404242,0.41974398,0.21,0.21,0.00249036514877219,0.008854272065,-0.004894777215,-0.000337135847,-0.0006988076975,0.055296369437715286,-0.18841125918159707,4.6839599788838635,0.0019138710454840355,-0.14602346213128528,0.3250233451641658,0.1346831710841885,0.03080068211737907,0.38221076804349857,2.4806960672447436,-0.0067529159665063515,0.01505081517839234
0.41974398,0.4222475358,0.19,0.19,0.0025159503469021046,0.008930883495,-0.004699808175,0.00024036154300000002,0.0007921954555,0.11294314012045245,-0.18749407666463236,-4.565141209183042,-0.0039009894247308387,0.1161719183045027,-0.3980883860561213,-0.12034073420527489,-0.013744993888130252,0.42835606611518623,2.374214787943342,-0.006887412445252206,0.01637610747668804
0.41974398,0.4222475358,0.21,0.21,0.0024907735996134114,0.00892861778,-0.004709410105,-0.0003157066815,-0.0007551822915,0.07320607060548928,-0.19155578307153168,4.651299471576197,0.002009234561648619,-0.1253406424208074,0.38024030298129646,0.13503818035038762,0.02024364960486349,0.4190527055466917,2.51523348260555,-0.006248755250858379,0.017043840247962818
0.4222475358,0.4247510917,0.19,0.19,0.002516873989080697,0.008999393125,-0.00449995605,0.000217953863,0.0008469454885,0.11228911474075104,-0.19027596379658288,-4.534833770454575,-0.00424846110400045,0.11391834654505292,-0.3943306804707099,-0.11931129304966123,-0.003990892420174263,0.4641678391904405,2.3987047382974676,-0.00653400359904307,0.01762568136775803
0.4222475358,0.4247510917,0.21,0.21,0.0024907756785431923,0.00899740542,-0.004510097205,-0.0002938188225,-0.0008118444344999999,0.07249320015457968,-0.19457234139268356,4.6185165869614115,0.0023601731234219074,-0.1233786171236236,0.37584479892679795,0.134905013665018,0.009663255946080737,0.4577490114040305,2.546414114866528,-0.005932072258859308,0.018254483475140387
0.4247510917,0.4272546475,0.19,0.19,0.0025153202422886246,0.009062064225,-0.004286284345,0.00019521635899999998,0.0009016521254999999,0.12646549176200222,-0.19297117178532466,-4.498030320776596,-0.004484089909169254,0.09254902620761192,-0.4461340017418478,-0.11745891693869309,0.006350037623353531,0.502619696901079,2.413408957819598,-0.005836330761383839,0.019779101470945314
0.4247510917,0.4272546475,0.21,0.21,0.0024902047584621067,0.009060355195000001,-0.0042969573550000004,-0.000271531038,-0.0008685918115,0.08962396489220609,-0.19760495941333237,4.581435364154696,0.002600603604834268,-0.10193073956984885,0.4291310942730604,0.13396056515379248,-0.0015937318531210468,0.500294222237538,2.56927593494215,-0.005307426943586149,0.02038411766590523
0.4272546475,0.4297582033,0.19,0.19,0.0025153965694073906,0.00911914748,-0.00405793838,0.0001720580805,0.0009565341930000001,0.1274405240449417,-0.19558480513697582,-4.464231763276522,-0.004954714041206678,0.09097198954633125,-0.44558344336138556,-0.1151016229013681,0.01646939521960362,0.5432740032921817,2.4275024425319183,-0.005419360606437332,0.021147599702109963
0.4272546475,0.4297582033,0.21,0.21,0.002490276862378223,0.00911771891,-0.004069138,-0.0002487541775,-0.0009256514125,0.09011785010346322,-0.20055481434470365,4.547136914311928,0.00307068113937758,-0.10076362732342511,0.42781993569794,0.13245774375604655,-0.012711747818197084,0.5453382919496615,2.5911126090048064,-0.004928358322361636,0.021727447182905642
0.4297582033,0.4322617592,0.19,0.19,0.002515773369682518,0.009170326355000001,-0.00381534242,0.0001485653265,0.0010113387045,0.14115673556152777,-0.19832399936852932,-4.42893403306797,-0.00534930555765538,0.06870460788213034,-0.4944745181391526,-0.11196683251964741,0.02693779659800498,0.5858984964809658,2.432349873704486,-0.004591297113759492,0.02340016494860606
0.4297582033,0.4322617592,0.21,0.21,0.0024917220232854756,0.00916917799,-0.00382706018,-0.0002255739535,-0.0009827623745,0.10527885879947008,-0.20370216097775848,4.510939588538215,0.0034557963010512353,-0.07852949281613167,0.4774202805922439,0.13020413282193088,-0.024262581051624783,0.5933274740441118,2.603721249750015,-0.004166285027540219,0.023975897480213823
0.4322617592,0.434765315,0.19,0.19,0.002514778353358203,0.009215577225,-0.003558439465,0.000124736759,0.00106606535,0.1399494962359592,-0.20081592936793696,-4.391655479253571,-0.005886685330824019,0.06722121353000785,-0.49239255868458104,-0.10820198458050541,0.03718078654662432,0.6300901810058792,2.4343139116732213,-0.004046152350853587,0.024824764502991984
0.4322617592,0.434765315,0.21,0.21,0.002491719901493337,0.00921470881,-0.0035706668549999997,-0.00020198875199999998,-0.0010399249,0.10728360633118189,-0.20664211414048408,4.474475745727683,0.004086990958409537,-0.0769963426495631,0.4766430246488121,0.127234726870376,-0.03572681374521623,0.6437667477206559,2.6140624627306868,-0.0037192817592297065,0.025399693722976083
0.434765315,0.4372688708,0.19,0.19,0.0025142458619959265,0.009254774285,-0.00328704534,0.00010059335100000001,0.00112062554,0.15526530488804485,-0.20345578448595458,-4.352316501124267,-0.006483236364613243,0.04445735714047385,-0.541402420489343,-0.10359710885014449,0.04758869151188574,0.6756233701770799,2.425882006097607,-0.0031125845135178206,0.02719856136866475
0.434765315,0.4372688708,0.21,0.21,0.0024921047548980054,0.00925418439,-0.00329977243,-0.00017802085,-0.001097047935,0.12434067216466566,-0.20951396015150967,4.433671176269416,0.004691852013676732,-0.0541769416487118,0.5266335927366901,0.12324768106884797,-0.047379276531499905,0.696024355468606,2.612687789415331,-0.0028522989019909234,0.02776886513385478
0.4372688708,0.4397724267,0.19,0.19,0.002515242728432637,0.009287827215,-0.00300167282,7.618266485e-05,0.00117491004,0.15423739650501278,-0.20594889377330033,-4.316619462631749,-0.007143792277805531,0.0425060907776066,-0.5371579897880523,-0.09837506878049761,0.05768931099621643,0.7229426864601057,2.417295315228515,-0.002452501418348675,0.028631852965616187
0.4372688708,0.4397724267,0.21,0.21,0.002491107879907649,0.00928751385,-0.0030148886749999998,-0.0001537173235,-0.001154017385,0.12398835828918767,-0.2121297703032466,4.393252131016277,0.005396635513711544,-0.05245571933357999,0.5223954574104674,0.11851585800156465,-0.05874076400191303,0.7500708494831129,2.608886279427187,-0.0022544158100235054,0.029174258420208456
0.4397724267,0.4422759825,0.19,0.19,0.0025127313318025427,0.00931464154,-0.0027018714699999996,5.1504404150000006e-05,0.001228885335,0.1687228551003388,-0.20827023877855574,-4.271475568762,-0.007879647820892729,0.0196494038546384,-0.5857335207324497,-0.09210062507813295,0.06773688953318055,0.7697027588592313,2.393830736829129,-0.001366982608535711,0.03109176147299756
0.4397724267,0.4422759825,0.21,0.21,0.0024925814757733055,0.009314601845,-0.002715564335,-0.00012907971250000001,-0.001210799625,0.13997243672953139,-0.21496551214976758,4.351554300258212,0.006157095367486198,-0.0295600439897154,0.5718512561397144,0.11285737659413082,-0.07020367131172116,0.8058515948886014,2.59464010202812,-0.0012311070684492304,0.03167066091311467
0.4422759825,0.4447795383,0.19,0.19,0.002513725933269638,0.009335176274999999,-0.00238826724,2.660826195e-05,0.00128244452,0.16762550755327532,-0.21050238899659945,-4.233792844124747,-0.00862561160785221,0.017400112031774953,-0.5788588527179296,-0.08530524053695286,0.0772659972191963,0.8181850072771126,2.3720339985883085,-0.0005853728996882,0.03247071272768155
0.4422759825,0.4447795383,0.21,0.21,0.0024934990328141617,0.009335406845,-0.002402424435,-0.00010415776225,-0.00126728192,0.13867035957039747,-0.21760278792200083,4.3123128308281204,0.006958124625730397,-0.02765897100530906,0.5646001658051855,0.10646161730526331,-0.08122944441052699,0.8630535853574608,2.578813608149216,-0.0005064591116339,0.03306088179018751
0.4447795383,0.4472830942,0.19,0.19,0.0025129691234881805,0.009349288785000002,-0.00206139405,1.5721982999999997e-06,0.0013353968350000001,0.1770169604005623,-0.21288969586031561,-4.189979823183516,-0.009440347011449543,-0.004948721670729087,-0.6215511053259909,-0.07755991124220481,0.08686119089941081,0.8656867695482626,2.336520319736101,0.0007066675273622381,0.03493780133985529
0.4447795383,0.4472830942,0.21,0.21,0.0024929116852781858,0.009349784595,-0.00207600098,-7.903188535e-05,-0.001323264275,0.15373060081593795,-0.22009320144023098,4.264130712003996,0.007889095231339339,-0.004391866623759833,0.6104362733507157,0.09887450932420831,-0.092281870654724,0.9196221358732285,2.5472822647848306,0.0006782750752458927,0.03557343495649228
0.4472830942,0.44978665,0.19,0.19,0.0025141343561223893,0.009357035515,-0.001719944415,-2.3703931099999998e-05,0.001387954085,0.17692516127424954,-0.21518140590150925,-4.150080616966805,-0.010289646408840638,-0.007180327518422005,-0.6185782120591823,-0.06917573446425536,0.09580021674872458,0.9143088216806551,2.3014381788877714,0.0016000944870332736,0.03643150061803166
0.4472830942,0.44978665,0.21,0.21,0.00249307672683309,0.009357792609999999,-0.001734988275,-5.3601577949999996e-05,-0.0013789706199999999,0.15030382114399735,-0.2225211005975892,4.221283533620772,0.008734391720185261,-0.00317040800026962,0.6054360035665187,0.09064100437491765,-0.10262350883270023,0.9777278799644751,2.5164237020883684,0.001549453429765251,0.03702600158286468
0.44978665,0.4522902058,0.19,0.19,0.002512469324571452,0.00935828901,-0.001364497015,-4.9138082449999996e-05,0.00143992937,0.1876069791737372,-0.21722209147893531,-4.101891614654187,-0.011260532739659821,-0.03013716718778611,-0.6585934622020778,-0.059795659280499104,0.10424084113002716,0.9597159117172477,2.2504524805871835,0.0030152570855667906,0.038865712266056604
0.44978665,0.4522902058,0.21,0.21,0.0024943293539420324,0.009359301904999999,-0.00137996336,-2.7951824100000003e-05,-0.0014342043849999999,0.16568158780272935,-0.2250818564323469,4.173400960918959,0.00985537917894417,0.02069669651848639,0.6481827360315071,0.08137559294400257,-0.1127211748487425,1.034411969807979,2.47098095478125,0.0028589672647229953,0.0395776719052519
0.4522902058,0.4547937617,0.19,0.19,0.002511387685651881,0.009353033810000001,-0.0009957333865,-7.46798044e-05,0.00149121779,0.18212286884019482,-0.21913739915753438,-4.056782151235052,-0.012049158073220314,-0.03135407569039565,-0.6499499704788069,-0.049897615572834134,0.11197007430803523,1.005146906261075,2.1996526856398266,0.004051067922842216,0.040169933240582635
0.4522902058,0.4547937617,0.21,0.21,0.0024943293540133924,0.0093542965,-0.0010116068969999998,-2.1333829e-06,-0.00148885437,0.16249470429703672,-0.22720424301776898,4.127804341082738,0.01077821973549015,0.022230173292380386,0.6406206270789593,0.07132366890471409,-0.12201396266935485,1.0913884251533326,2.4246057341711347,0.0038339384531415202,0.040918673882763594
0.4547937617,0.4572973175,0.19,0.19,0.002511894810656121,0.009341182985,-0.0006132538075,-0.00010031838320000001,0.0015417943549999999,0.19428926568051028,-0.2212960801240869,-4.009129019111136,-0.013192930074352327,-0.05479590994461831,-0.6902782904729233,-0.03911726437422078,0.11930648958655683,1.0480099114234283,2.1361576818166004,0.0055913791971654945,0.04267454506141029
0.4547937617,0.4572973175,0.21,0.21,0.0024957598084264943,0.009342688815,-0.0006295190510000001,2.384015165e-05,-0.0015428952099999999,0.17401278650950422,-0.22945759302155697,4.07711332891669,0.011945605355850453,0.045409757493122316,0.6807963157475531,0.060285594844630926,-0.1308226963908505,1.1456282138143814,2.3635563291945885,0.005337879010365572,0.04343076085473687
0.4572973175,0.4598008733,0.19,0.19,0.0025107222196222275,0.009322773284999999,-0.0002178475104,-0.0001260025525,0.0015915597349999999,0.18658943754490379,-0.22289607100064737,-3.9617285838030947,-0.013925585432764002,-0.05536250226683872,-0.6773971861638965,-0.027827671334218394,0.12551679219267053,1.0890527502468963,2.0715322982387643,0.006729112811465932,0.043764094746919814
0.4572973175,0.4598008733,0.21,0.21,0.002494765677412073,0.009324515120000001,-0.0002344883095,4.991673045e-05,-0.00159622047,0.16746967848149424,-0.2313875573165859,4.027404405861891,0.012825135633873361,0.04608740474940867,0.668425156338509,0.04861023692631238,-0.13864720879536957,1.1986893793901552,2.300911158107762,0.006419608026901384,0.0445881296004352
0.4598008733,0.4623044292,0.19,0.19,0.002511058685548357,0.009297793325,0.0001896630446,-0.0001516410805,0.0016403469199999998,0.19440881170529795,-0.22493122642088703,-3.9115580315289122,-0.015081655869118587,-0.07767162696073095,-0.7113659446035765,-0.01576574874890358,0.13153257411474534,1.1263782391586685,1.9940725464875004,0.008410691881090943,0.046128838223338325
0.4598008733,0.4623044292,0.21,0.21,0.0024969398758248667,0.009299762820000002,0.0001726637575,7.600067075000001e-05,-0.001648651905,0.17977525869856706,-0.2336049114111031,3.9750453192994697,0.014165892963515307,0.06965903454904351,0.7049756782667896,0.03598000764201788,-0.1462137752391875,1.2486537672373592,2.224891195597799,0.008037475546337226,0.04707535442604355
0.4623044292,0.464807985,0.19,0.19,0.002511060648304896,0.009266143179999999,0.0006109078995,-0.000177336522,0.00168835106,0.187246495153143,-0.22656883473897899,-3.863127627466368,-0.015851986930118783,-0.07834598683757771,-0.7027690194956077,-0.0032569968530772125,0.13628773166927413,1.1619928287344243,1.9170013365476803,0.009637109530793381,0.04726935404112543
0.4623044292,0.464807985,0.21,0.21,0.0024961189503193044,0.00926833291,0.0005935657585,0.0001021963086,-0.001700399245,0.17269605622342693,-0.23519890761036363,3.922795183930362,0.01504970267496203,0.07023253707944946,0.696377423544757,0.02277517864449455,-0.15232439343094828,1.2964231104832344,2.1475690661625686,0.00922631459327391,0.048221306409643526
0.464807985,0.4673115408,0.19,0.19,0.0025093180134693922,0.00922787888,0.0010445829805,-0.000202968569,0.001735366895,0.19235481577876073,-0.22821490174495943,-3.8070414762275084,-0.016965755305442403,-0.09961386297529666,-0.7298400017783678,0.009889823177503584,0.14024548147479404,1.1904931266587477,1.8246369604586985,0.011394951643609664,0.04939313739312899
0.464807985,0.4673115408,0.21,0.21,0.002497304899652226,0.009230280149999999,0.0010269145455,0.0001283780135,-0.00175124211,0.17958003341833692,-0.2370442839437843,3.8658103334244407,0.01630151851158326,0.09211204594892863,0.724583744588552,0.008808567310339535,-0.15776014732381716,1.3383697544043902,2.055527747747164,0.010952405374908903,0.05043421307666373
0.4673115408,0.4698150967,0.19,0.19,0.0025094099890875894,0.009182973970000001,0.00149073801,-0.0002285369685,0.0017813904650000002,0.185171377758174,-0.2295894326200481,-3.755813684411187,-0.017691366832394622,-0.10015124411599235,-0.7204465699781338,0.023286103967952988,0.1431587900242176,1.2177002256651765,1.7349246191079764,0.01266027501935289,0.05038546326043753
0.4673115408,0.4698150967,0.21,0.21,0.002496397078549147,0.009185578045,0.001472759905,0.00015454572949999998,-0.00180117688,0.17248560420220937,-0.2384829326541238,3.8106183832520872,0.017168390328558082,0.09268113954798113,0.7153470488865968,-0.0055724572122588575,-0.16201014200181266,1.3780715977965687,1.963847581233899,0.012173129576769177,0.05146851145288809
0.4698150967,0.4723186525,0.19,0.19,0.002508485628654076,0.009131427675,0.0019492722899999999,-0.0002539953295,0.00182637087,0.18497355508867466,-0.2310698799195576,-3.6985788180642385,-0.018674678879792052,-0.11941381200293638,-0.7430881689988945,0.037154562450155686,0.14507120408039273,1.237151366129949,1.631439825795145,0.014483066406362812,0.05228454867331841
0.4698150967,0.4723186525,0.21,0.21,0.0024984920623215864,0.009134225395,0.001931000725,0.000180648958,-0.001850148755,0.17824762047546033,-0.24003919556517056,3.7520174927587306,0.01841348668304573,0.11407853376622082,0.7409323929670567,-0.020557110134141098,-0.16526146197038477,1.4111061511597374,1.8586533767770121,0.013987174027015598,0.05353702563507837
0.4723186525,0.4748222083,0.19,0.19,0.002509572444865145,0.00907332962,0.00241929529,-0.0002792926165,0.00187021625,0.17677792678738183,-0.23249061153163625,-3.6460308312412315,-0.019291026583282175,-0.11915203272559496,-0.729793149240079,0.051228026771008045,0.146094997302502,1.254316019572938,1.5308995030677957,0.01572017602781288,0.0530607001262092
0.4723186525,0.4748222083,0.21,0.21,0.002498582966293181,0.009076311425,0.00240074709,0.0002066354675,-0.0018980580600000002,0.1674422868501561,-0.24115283863271178,3.6953806996035747,0.01906293559553547,0.11303367227520325,0.7266239001282753,-0.03580021068141586,-0.16727850825755103,1.4409705478522934,1.7545636013876942,0.015208123748100466,0.05421323276694048
0.4748222083,0.4773257642,0.19,0.19,0.0025078376442764843,0.00900863453,0.002901172015,-0.0003044051585,0.00191292729,0.17667579049391768,-0.23356196724956463,-3.583995041893784,-0.02023453006872334,-0.13803137548736558,-0.7515786641896471,0.06543273041708542,0.14581106759442955,1.261644356200719,1.4162407946678002,0.01754483353376448,0.05482027314308394
0.4748222083,0.4773257642,0.21,0.21,0.0024998673673069186,0.009011790765,0.002882363125,0.00023247817149999998,-0.0019449060800000003,0.168404269612886,-0.24241203412000295,3.6323634514466585,0.020158164275200646,0.13247827808969828,0.7491980391383849,-0.05144539433269554,-0.168211245915755,1.4617145543658123,1.6364672135772818,0.01702593283196355,0.05606844605525853
0.4773257642,0.47982932,0.19,0.19,0.002508647438303153,0.008937484425,0.00339391894,-0.0003292832985,0.0019544211650000002,0.16320800959060716,-0.2346271657142398,-3.5287842429867817,-0.020532445916630695,-0.13523212368691817,-0.732681279100503,0.0795865172791444,0.14452907407194174,1.2668110146169909,1.306135041838105,0.01869251151477181,0.05518417116292118
0.4773257642,0.47982932,0.21,0.21,0.002499777032816547,0.008940805095,0.0033748657949999998,0.00025812587699999996,-0.00199060161,0.15688884929364322,-0.2433585942771453,3.572625215319189,0.020644856628920703,0.13059401066828794,0.7311829347445792,-0.06709833402406598,-0.1678844932153365,1.4789511974387781,1.5208554871468838,0.018171288490035204,0.05649227020639295
0.47982932,0.4823328758,0.19,0.19,0.002506819107778277,0.0088600746,0.00389640658,-0.00035382782849999997,0.001994585525,0.15967725995230747,-0.23569554921046562,-3.4637662418866326,-0.021319960737231816,-0.15183056492671784,-0.7482163890419871,0.09391007350537874,0.14241230518258832,1.2611114307258382,1.1831323985228004,0.02046549313318472,0.056707239394692265
0.47982932,0.4823328758,0.21,0.21,0.0024998859385797693,0.00886354931,0.0038771252649999997,0.0002834736855,-0.00203502073,0.15586203517610198,-0.2442080909924817,3.5049596760435127,0.021620107710681825,0.14845277757922762,0.7479875892712915,-0.08296846700871112,-0.16658682031131158,1.4855414999867582,1.3919070595003977,0.019967264330649166,0.05807788539865694
0.4823328758,0.4848364317,0.19,0.19,0.00250800249598747,0.008776095415,0.004410644885,-0.00037813692600000004,0.002033581025,0.1489495501272246,-0.23650020896070884,-3.4047788598713487,-0.02157392143505135,-0.1501156596467438,-0.7347463278800224,0.1079026943660501,0.13905486038704967,1.2526331865088047,1.064914733506394,0.021584859878775644,0.05711497395831308
0.4823328758,0.4848364317,0.21,0.21,0.0025010655190724406,0.008779714394999999,0.004391150575,0.0003086229885,-0.00207834112,0.14218490547910934,-0.24493340955266008,3.443328876740274,0.021920734542586078,0.14592037124184914,0.7337568791407586,-0.09865075160828224,-0.16396640039921961,1.4892640420315126,1.2673285007026294,0.02106042650891767,0.05843110285035398
0.4848364317,0.4873399875,0.19,0.19,0.0025068904623942174,0.008685770839999999,0.00493548897,-0.0004021111425,0.002071306935,0.1392984948142861,-0.2371714697844592,-3.338241056482045,-0.02197806768803963,-0.1632087334957363,-0.7434438561906912,0.1216218494552791,0.13441718901966118,1.2330075321484661,0.9362328041313757,0.023161273639780475,0.058190493645064935
0.4848364317,0.4873399875,0.21,0.21,0.002501085572980054,0.00868952413,0.0049157962,0.000333468708,-0.002120450885,0.1377717596771569,-0.24543934809125906,3.3725815037918596,0.022615576174874395,0.16135801056609722,0.7443477740197202,-0.11419244355054366,-0.1599672997074466,1.4804573220927117,1.130505514888695,0.0227187870569314,0.059666346319500047
0.4873399875,0.4898435433,0.19,0.19,0.00250698376023356,0.008589268495,0.005469912405,-0.00042570195750000003,0.002107685425,0.12640193057529783,-0.2377620787662003,-3.27458689870952,-0.02193746853102945,-0.15965437053293977,-0.7256428354436293,0.13499561002452465,0.12901092627337035,1.209186997595649,0.8121516114082352,0.024074584692092664,0.058288978776070186
0.4873399875,0.4898435433,0.21,0.21,0.0025020812143864064,0.008593145845,0.0054500361399999996,0.00035796064599999996,-0.002161263555,0.12343894811421673,-0.24580095947800004,3.307421733623147,0.022650810708263993,0.15770038694258848,0.7263500024928993,-0.1293874535168454,-0.15500204324761213,1.4682109277024185,0.9986979632138318,0.023632764796534207,0.05970105228772813
0.4898435433,0.4923470992,0.19,0.19,0.002505965594476559,0.008486590415,0.00601429834,-0.000448883354,0.0021427444400000002,0.11519435153212178,-0.23819255317867016,-3.204532728715462,-0.0221249667657046,-0.17120376754590624,-0.7331684073335366,0.14784705404156281,0.12231316759577644,1.1743037927150286,0.6797065107854772,0.02548827522493176,0.05921441812477051
0.4898435433,0.4923470992,0.21,0.21,0.0025022891601514433,0.008490581995,0.005994252145,0.000382069868,-0.00220080947,0.11440934847086749,-0.24593889632359323,3.233591711355531,0.02302576844206471,0.1704200792128348,0.7346598676431723,-0.14412831501324802,-0.14862865767537387,1.4431309413899245,0.8568270959433135,0.02510309670605831,0.06067180106115576
0.4923470992,0.494850655,0.19,0.19,0.0025059640367222896,0.008377953439999999,0.006567542495,-0.00047160996950000003,0.00217641677,0.10051558239234881,-0.23848587211777048,-3.1374571239622964,-0.02175484894371382,-0.1657114428838043,-0.7112756222865126,0.16006789161659693,0.11484044995527558,1.1349022569120315,0.5529015250967133,0.02614850042102195,0.059007142715929155
0.4923470992,0.494850655,0.21,0.21,0.00250219679707902,0.008382049215,0.00654734025,0.00040574911049999995,-0.002239012375,0.09839765431094004,-0.2459584671906839,3.1636507878666342,0.02271748822568479,0.16493255143029012,0.7126672340649636,-0.15828214908489158,-0.14133991478390584,1.4133917863448389,0.7204235885668874,0.02575864369616803,0.06040399392335007
0.494850655,0.4973542108,0.19,0.19,0.0025060337987038673,0.008263712244999999,0.00712837211,-0.0004937902905,0.00220864226,0.08890487529458205,-0.23865791577321693,-3.065152358267824,-0.021737766022661816,-0.1751529697503414,-0.7136088172216094,0.1716827788472805,0.10660402278481158,1.0848285324618234,0.4195813322469466,0.027377812000240184,0.059691320343300915
0.494850655,0.4973542108,0.21,0.21,0.0025031220521791126,0.008267902439999999,0.00710802663,0.0004289013795,-0.002275801445,0.08904837143439027,-0.245826834938302,3.087796205366715,0.022896882609456274,0.17582882485932083,0.71573413570182,-0.17185908526458007,-0.13318572410532556,1.371865796599486,0.5764697336461693,0.02706912572863065,0.06113699421428605
0.4973542108,0.4998577667,0.19,0.19,0.002505039706885679,0.008143409875,0.00769903051,-0.0005155130380000001,0.00223954981,0.07160947579960471,-0.2383995695702377,-2.9928419433077917,-0.02105544444416695,-0.16899257630051265,-0.6960692285258003,0.18223636795081202,0.09731043246760956,1.0293936731043896,0.29217942707757827,0.02778751055883782,0.05941075919110552
0.4973542108,0.4998577667,0.21,0.21,0.002503308109861989,0.008147685085,0.007678554025,0.00045161928399999995,-0.00231132384,0.07109876633346024,-0.24533347332769326,3.013963732019107,0.022294748305903094,0.16982918135568204,0.6981380675252704,-0.184469675928559,-0.12381617754847482,1.3250212176804208,0.43836147518456237,0.02750954315220837,0.06080263644073781
0.4998577667,0.5023613225,0.19,0.19,0.002505915882847942,0.008017427745,0.00827824966,-0.00053669034,0.002269091855,0.05621162057819977,-0.23832782853425025,-2.918441256455039,-0.02059413142217907,-0.17504375340678557,-0.6931594828912977,0.19211663677514929,0.08714124212564368,0.9641456407730482,0.16071554277293512,0.0286403128785549,0.05978668543236498
0.4998577667,0.5023613225,0.21,0.21,0.0025043294087614574,0.008021779025,0.00825765329,0.000473809808,-0.00234552194,0.056871263856436975,-0.2447872051962169,2.935000986447631,0.021959486971070544,0.17672852207401143,0.6954991419898954,-0.1962362988229568,-0.11340146430579473,1.266181338216797,0.29521957847049074,0.02841208182083413,0.06115196205277083
0.5023613225,0.5048648783,0.19,0.19,0.0025050142853692485,0.007886005974999999,0.00886489052,-0.0005572788375,0.0022972067049999998,0.04023863380282348,-0.2377829431590098,-2.8422265080783955,-0.019669367205158893,-0.16785056861968892,-0.6721812517841784,0.20084424170585813,0.07647463122177356,0.8931111386531264,0.035961480168379065,0.028796860232145147,0.05932636730173153
0.5023613225,0.5048648783,0.21,0.21,0.002504235413196224,0.007890424215,0.008844185644999999,0.0004954276065000001,-0.00237832484,0.040282017129354974,-0.24394447759279939,2.8573256926012585,0.021101969891600892,0.1699638316599902,0.6745426340678465,-0.20695456623525607,-0.10243218825647087,1.2019957237744625,0.15859844845101753,0.02860073286905588,0.06062560480697758
0.5048648783,0.5073684342,0.19,0.19,0.0025049898754475313,0.007749191445,0.009459402405000001,-0.0005772604635,0.00232395177,0.023704612597574413,-0.2370281082987125,-2.7627093687645714,-0.01889050186408369,-0.1721375819634587,-0.66852520726598,0.208398867636273,0.06488005855427373,0.812289777379293,-0.09108483125409396,0.02934420985660062,0.05953757815186139
0.5048648783,0.5073684342,0.21,0.21,0.002506346290160878,0.007753668364999999,0.009438598940000001,0.00051645288,-0.0024097943649999997,0.023754286104356818,-0.24294343506772914,2.776039982514538,0.020412446413713942,0.17468379502033823,0.6710273863428224,-0.21657190503715373,-0.09041054648122054,1.1269280715043595,0.019087826815163772,0.029201775063682642,0.060803238294600444
0.5073684342,0.50987199,0.19,0.19,0.0025048945429774205,0.0076072674350000005,0.01006058533,-0.0005965966235,0.0023492765,0.006127548179532464,-0.23599326523110828,-2.6839736157225422,-0.017559735391695756,-0.16295067407020003,-0.6443378248371565,0.21475835011855815,0.05303833200939777,0.7270481356508066,-0.21030793407525716,0.029080171038156997,0.05878469735000709
0.5073684342,0.50987199,0.21,0.21,0.00250525797106672,0.00761179465,0.010039693379999999,0.0005368449255,-0.0024398704849999996,0.00559433196574036,-0.24151080720723017,2.693509654454535,0.019122957983369382,0.16579455200837218,0.6467450109399149,-0.2248342045605545,-0.077960763491218,1.0456938348095708,-0.11279366259252219,0.028973103738404823,0.0599788498191888
0.50987199,0.5123755458,0.19,0.19,0.002503874943977129,0.007460423024999999,0.010668336149999999,-0.0006152538525,0.002373219565,-0.011886883561901195,-0.23465300270910613,-2.5997517030027066,-0.016457748514598716,-0.16511713588039942,-0.6389303883823204,0.21977100828777335,0.0405434279380761,0.6321727175250961,-0.32997647404762853,0.0292819448112455,0.05884759996432904
0.50987199,0.5123755458,0.21,0.21,0.0025052841754041526,0.00746499303,0.010647364449999999,0.000556567956,-0.002468592165,-0.01116307455337601,-0.23979967212942077,2.6065862610555297,0.018153349584342057,0.16878998734685832,0.6412237070732827,-0.23173126186097115,-0.06477717606525048,0.953999928452898,-0.24560191394154585,0.02928525004385523,0.06001241386012466
0.5123755458,0.5148791017,0.19,0.19,0.002504775631768897,0.007308677820000001,0.0112826287,-0.0006332348544999999,0.0023957864700000003,-0.029217209949117293,-0.23315094397526276,-2.518154145256478,-0.014829952571586912,-0.15523528064600223,-0.6144556400349905,0.22357886908221983,0.02783877466984696,0.5339425914816706,-0.441261056149912,0.028709414751987034,0.057999418140374306
0.5123755458,0.5148791017,0.21,0.21,0.0025051916409417163,0.007313283145,0.01126158595,0.000575624637,-0.002495964795,-0.029245971663846206,-0.23774457703947194,2.52136634184792,0.016520685656879454,0.15908241796162295,0.616547437693265,-0.2371808101009243,-0.051221687509128914,0.8579807548026069,-0.36982475314051483,0.02872078253449737,0.05903082908922595
0.5148791017,0.5173826575,0.19,0.19,0.0025046571031552343,0.007152701945,0.0119015339,-0.00065046145,0.00241696252,-0.04760066029991027,-0.2313010359195656,-2.4316614463546555,-0.013416742044222276,-0.15468726030734614,-0.603900205007031,0.22601188158695062,0.014963436724028658,0.4272282949810228,-0.5509993186462986,0.028549251825691905,0.05780923665235675
0.5148791017,0.5173826575,0.21,0.21,0.0025062152737699048,0.007157335955,0.011880427800000001,0.000593931702,-0.002521960105,-0.04793508349721504,-0.23547567615277729,2.4326177107666087,0.015133330809782259,0.15873535605973144,0.605902112202066,-0.24128060375428115,-0.037463976167360934,0.7528135329002615,-0.49294414076244253,0.028581772778441275,0.0587454043891564
0.5173826575,0.5198862133,0.19,0.19,0.0025038497570105257,0.0069918714949999995,0.01252752735,-0.0006670025455000001,0.002436832415,-0.0636771186235528,-0.22889294048854095,-2.3437139090978603,-0.011653036764654555,-0.14562055405734983,-0.5836145783534463,0.22678280852670668,0.0019233746410343684,0.3168724262899647,-0.651556456096462,0.027814537136574415,0.05707995868363348
0.5173826575,0.5198862133,0.21,0.21,0.0025063079391084756,0.006996527675,0.01250636535,0.0006115623785,-0.002546682085,-0.06615809452842424,-0.23286713975095208,2.3433588985000293,0.013313245745574692,0.1496390161232343,0.585811820499025,-0.24384830593702453,-0.023430121541340665,0.643382184235309,-0.607195423718595,0.027826786284061635,0.05794089154678532
0.5198862133,0.5223897692,0.19,0.19,0.0025046326970977126,0.0068267280599999995,0.013159311100000001,-0.0006828081019999999,0.0024554175399999997,-0.08231290435988846,-0.22619682735453983,-2.254995812487957,-0.00984556946858508,-0.1429057524502307,-0.5697212561672638,0.22599661722743322,-0.011434603834469833,0.20009039567368797,-0.7491958798358223,0.02721055193092622,0.05661980383362666
0.5198862133,0.5223897692,0.21,0.21,0.002507145437826248,0.006831400805,0.01313809975,0.0006284630999999999,-0.00257014374,-0.08361770213685203,-0.22979029750241947,2.251466481870754,0.011596071613228507,0.14734888659154874,0.5712245953432792,-0.24465390260567824,-0.008996851708704196,0.5258474675116496,-0.7181162136695977,0.0273559451704956,0.05742110315064804
0.5223897692,0.524893325,0.19,0.19,0.002504632697089241,0.0066575926599999995,0.0137956357,-0.0006978451040000001,0.0024726782399999998,-0.09824620305708823,-0.22308270263998867,-2.164668675912682,-0.007793085207496767,-0.13285848334660924,-0.5471673036736311,0.2237868942655729,-0.02435696267415686,0.08081356024727428,-0.8370929683245629,0.02609290306142788,0.05568828744321333
0.5223897692,0.524893325,0.21,0.21,0.0025071454379484758,0.006662276315,0.013774381700000001,0.000644598676,-0.002592295715,-0.10066467693017682,-0.22624836592498881,2.158793994432339,0.009496647875335393,0.13730464275015836,0.5484706374807601,-0.24383989666854167,0.005076818683640271,0.405173486900859,-0.8193436857795828,0.026244332555511396,0.056360050720417304
0.524893325,0.5273968808,0.19,0.19,0.0025046087248851456,0.006484534765000001,0.014437111649999999,-0.000712122776,0.002488705195,-0.11553300818665176,-0.2193656587029933,-2.0717858825796647,-0.005804727343421117,-0.1292509410745906,-0.5331571680138726,0.21971258214954695,-0.03743166915208218,-0.0438052015985888,-0.9199654031361588,0.02525381353694466,0.05514663063152365
0.524893325,0.5273968808,0.21,0.21,0.0025060846323025497,0.006489224685,0.014415820749999999,0.0006599785135,-0.00261323528,-0.11830521072588775,-0.2220136573707013,2.062321871907679,0.007499678629355778,0.13378587520382626,0.5340746606288629,-0.24094916181398915,0.019373527804356142,0.27789031144653137,-0.9150468401757189,0.025435506679776718,0.055710070717063645
0.5273968808,0.5299004367,0.19,0.19,0.002504422107307093,0.00630790692,0.015082450899999999,-0.0007256141895,0.00250346893,-0.13045872546554665,-0.21523931504406837,-1.9786437383079918,-0.0034831922174762787,-0.11880920402789052,-0.5088936624024705,0.21414649539144268,-0.049974823732761166,-0.169338157449004,-0.9928660303866572,0.02376951366634082,0.053989906727246816
0.5273968808,0.5299004367,0.21,0.21,0.0025070811548224214,0.006312598460000001,0.0150611288,0.0006745734805,-0.00263292314,-0.1342276166675726,-0.2175631948616399,1.9678021353654573,0.005110245176812877,0.12313317640576515,0.5095134497522641,-0.23664505229490274,0.0331937321284668,0.14927741349352722,-1.0013665864755956,0.023957877817828502,0.054435060962863484
0.5299004367,0.5324039925,0.19,0.19,0.0025044911335150547,0.006128307815,0.0157303764,-0.0007382988975,0.0025170241650000003,-0.14503749206427524,-0.21039717255452137,-1.8833027702167129,-0.001407800198261994,-0.11366268094746869,-0.4915611716819246,0.2068276157666774,-0.06203707310368706,-0.2984440705642542,-1.0593833657601854,0.022712718184859662,0.05318333566057335
0.5299004367,0.5324039925,0.21,0.21,0.0025069240162000723,0.006132997255,0.015709028,0.0006883604935,-0.00265140629,-0.15009853320110939,-0.21236284141372844,1.87006451939473,0.0029567969897361566,0.11809868106842453,0.49216247734042085,-0.23041150254675768,0.04657754227821565,0.01599644460867898,-1.080790929752347,0.022890264603888925,0.053542323124130105
0.5324039925,0.5349075483,0.19,0.19,0.002504399156824485,0.005945019055,0.016383479849999997,-0.0007502276380000001,0.002529425125,-0.15988197171167703,-0.20501613949464675,-1.787617919391064,0.001045926603160894,-0.10460714879824484,-0.4717334191118899,0.19781488688686624,-0.07366731691556153,-0.4271556047123784,-1.1159949702468692,0.021063895005111643,0.05210148808788529
0.5324039925,0.5349075483,0.21,0.21,0.002508103806773234,0.005949702665000001,0.01636210995,0.0007013947010000001,-0.0026687586649999998,-0.16554457137629738,-0.2067172676746799,1.7728795720099586,0.00045204785935140516,0.10868285343836401,0.47173912501295,-0.22248461767642883,0.0595879190468899,-0.11770306019652478,-1.150489410037382,0.02128263683830799,0.05235218090834904
0.5349075483,0.5374111042,0.19,0.19,0.0025043759904172687,0.00575863525,0.01704053055,-0.0007613912060000001,0.00254073375,-0.1728309663665545,-0.19897164723722638,-1.6907497849705146,0.0033569192395538146,-0.09848894280035614,-0.4523530105947802,0.18696878437310613,-0.08491089070776316,-0.5575164506901653,-1.1649215082995468,0.019667547671069097,0.05105428730596165
0.5349075483,0.5374111042,0.21,0.21,0.0025069504373384796,0.005763310150000001,0.01701914325,0.0007136646895,-0.0026850347599999998,-0.17974660215268903,-0.20023479465357052,1.6730952662064484,-0.0019525479531520378,0.10255504944188047,0.45227879559696843,-0.21239532332588118,0.0722095034945431,-0.25385536069261344,-1.2112201431319252,0.01987748425812943,0.051206208607871596
0.5374111042,0.53991466,0.19,0.19,0.0025052793721970345,0.00556952225,0.0177002249,-0.000771765792,0.00255092529,-0.18410273464889945,-0.19229881026282222,-1.5942268667958648,0.005826488068806848,-0.08950531199576793,-0.43028402216711725,0.17457355380802722,-0.09515345308319148,-0.6862568749026106,-1.2042019252622922,0.017851762223265268,0.04968247224782682
0.5374111042,0.53991466,0.21,0.21,0.0025079461924612384,0.005574185575,0.0176788243,0.0007251444425,-0.0027001999449999996,-0.19153440934552868,-0.19320337436899124,1.574407291753942,-0.004485250868209647,0.09313848072449755,0.4294447948200698,-0.2007207620969117,0.0838638125215484,-0.38903401316220115,-1.2624435214974978,0.018107450567242014,0.049707252812903564
0.53991466,0.5424182158,0.19,0.19,0.0025052579708829464,0.005377717065,0.01836333535,-0.0007813893824999999,0.002560104555,-0.19609830414324006,-0.18479246015213657,-1.4966226665065958,0.008257315610358053,-0.0836242873524097,-0.41217282625835483,0.16022578247147337,-0.10491036046939718,-0.814095830229829,-1.234718094238248,0.016250628931817272,0.04847525201080378
0.53991466,0.5424182158,0.21,0.21,0.0025079714472937007,0.00538236672,0.01834192485,0.000735873467,-0.00271436689,-0.20490754620321044,-0.1853577927935537,1.4747834323479418,-0.007035594406945477,0.08713949154434625,0.411319407829542,-0.18696329219473168,0.09508825538516978,-0.5241714382584666,-1.304546135390132,0.016487765648688864,0.04841388459997889
0.5424182158,0.5449217717,0.19,0.19,0.0025041696776261163,0.0051836071350000006,0.01902853405,-0.0007902443034999999,0.002568255275,-0.20340076815676025,-0.17640918685795753,-1.3985471175588973,0.010700370513031923,-0.07487055944363298,-0.38824991034043427,0.14417616282042336,-0.11341951737229654,-0.93815932878387,-1.254327127197611,0.014289268420069908,0.046728460766140796
0.5424182158,0.5449217717,0.21,0.21,0.0025067928551309577,0.005188241055000001,0.0190071172,0.0007458318859999999,-0.00272750936,-0.2126277315256016,-0.17660857530213117,1.3746177923041951,-0.009545157963664033,0.07783646181452245,0.38643714875965224,-0.1713339534545951,0.10505371528528931,-0.6563367726070345,-1.3351781697987546,0.014587904984015868,0.04654914556576503
0.5449217717,0.5474253275,0.19,0.19,0.0025051456021101272,0.004987396085,0.019695993350000003,-0.0007983681295,0.00257547405,-0.21336800049464305,-0.1672993660079394,-1.3020109849628747,0.013183266089105408,-0.06933127159344803,-0.3704413050397694,0.12634021732887554,-0.12132495081163246,-1.0599706371750721,-1.2666175599191276,0.01250352506685803,0.04524201107804276
0.5449217717,0.5474253275,0.21,0.21,0.0025069077242924533,0.004992012935,0.019674573,0.0007550580305,-0.0027397271649999997,-0.22391544154604717,-0.16708206674211024,1.2757705912853818,-0.012136336412685009,0.072138706178231,0.3686331904568616,-0.15375999469226614,0.11430587478942977,-0.7862031060261019,-1.3574090968815151,0.01280005846165361,0.044985108510093935
0.5474253275,0.5499288833,0.19,0.19,0.0025051451337616327,0.00478909229,0.020365704249999998,-0.0008057637730000001,0.0025817645899999997,-0.2172778759930799,-0.15717843395778325,-1.2056100234588585,0.015554310724230165,-0.061142392778651036,-0.34652003900670325,0.10669359428425426,-0.12797837420313013,-1.176117075985929,-1.2678152816438886,0.010493917634700029,0.043191083477314055
0.5474253275,0.5499288833,0.21,0.21,0.002506725541583343,0.004793690735,0.02034428325,0.0007635548175,-0.002751023995,-0.2288362226371527,-0.1566309889951256,1.1773425024829123,-0.014641146632188596,0.06366125892239903,0.3441788977608566,-0.13431811683282507,0.12236400012997647,-0.9115345952730678,-1.3690504531378778,0.010796441322979012,0.042803868545382505
0.5499288833,0.5524324392,0.19,0.19,0.002505034732206837,0.0045894729499999995,0.0210358846,-0.0008124590945,0.0025872086649999996,-0.2232139828186394,-0.14601785660914196,-1.110893494552712,0.01790236698885937,-0.05590619306695783,-0.3271280100362361,0.08522816557163701,-0.13337547114211817,-1.2865333806248642,-1.2601359936854188,0.00859506001955955,0.041252265092176194
0.5499288833,0.5524324392,0.21,0.21,0.002507834364352407,0.004594052305,0.021014465500000003,0.0007713478165,-0.00276147015,-0.23628486994908995,-0.1452009986917525,1.0813286823340986,-0.017184336647584945,0.05847804297126087,0.32505630000722674,-0.11295481298129044,0.12938687916813862,-1.0320680532926085,-1.3718067063688701,0.008855475481080927,0.040771381551037315
0.5524324392,0.554935995,0.19,0.19,0.0025051267281903243,0.00438773959,0.02170921515,-0.000818480875,0.0025918280550000002,-0.22635914867023268,-0.1339166149976971,-1.017327673877092,0.02024969787654145,-0.049631935375174366,-0.3068772909690596,0.061991347112249955,-0.1376682660637037,-1.3899082536256704,-1.2430515162900435,0.006567530901058734,0.03907130292686277
0.5524324392,0.554935995,0.21,0.21,0.0025068381733103083,0.004392299089999999,0.021687800450000003,0.0007784681995,-0.00277110741,-0.24008468044013642,-0.13270921687142562,0.9856348433842991,-0.01962013912125637,0.05166102558034519,0.3040721996785151,-0.08962116168782465,0.13513606319264146,-1.1449501546056904,-1.362678942045826,0.006898855915965413,0.03850286416605788
0.554935995,0.5574395508,0.19,0.19,0.0025060135871800083,0.00418444581,0.022384633049999998,-0.0008238759289999999,0.002595712975,-0.22825146834498455,-0.12076241866325756,-0.9269248329370019,0.022550770209509394,-0.0448377939050426,-0.2866656554297705,0.036791302341646244,-0.14085084824917948,-1.485854775205573,-1.2175546717613175,0.004547011429428699,0.03666391763235072
0.554935995,0.5574395508,0.21,0.21,0.0025067669535828005,0.004188985305,0.022363224850000002,0.0007849619015,-0.00278002002,-0.24278923557650917,-0.11918278987691383,0.8932247049550578,-0.022014968512095556,0.04637334189910205,0.28334128780959883,-0.06421241236965591,0.13967840747113258,-1.2509540280164333,-1.3451629640848384,0.004938173683338266,0.03600800632991416
0.5574395508,0.5599431067,0.19,0.19,0.0025050177735297507,0.00397999427,0.02306079435,-0.0008286322375000001,0.002598854205,-0.22731150875261594,-0.1062746225266841,-0.8379921918176717,0.024720806579112818,-0.03970349793355167,-0.265924348368934,0.00976040637174178,-0.1424472100523617,-1.5710824596912083,-1.1819814786741873,0.002446011731246431,0.033927903767636505
0.5574395508,0.5599431067,0.21,0.21,0.0025067669536836573,0.00398451365,0.0230393947,0.0007908147105,-0.00278818874,-0.2427312307872747,-0.10437817647895015,0.8030453069442526,-0.02431875341112849,0.04093019980357057,0.2622333538053094,-0.036856180351071965,0.14272736967546534,-1.3475512122114337,-1.3175929999634113,0.0028754443557206114,0.03316734874819562
0.5599431067,0.5624466625,0.19,0.19,0.0025060900245409347,0.00377430013,0.023738705899999997,-0.0008328237214999999,0.0026013548899999996,-0.2261843919282097,-0.09060806969793982,-0.7537832755300109,0.02688282533215858,-0.03543604268738226,-0.24682501216268454,-0.019311543310460207,-0.14289399095339156,-1.6468246059620075,-1.138885278373588,0.0003969305146408721,0.03103556473726832
0.5599431067,0.5624466625,0.21,0.21,0.002506875396617066,0.00377879968,0.02371731655,0.0007961030585,-0.0027957259849999997,-0.24301495816232865,-0.08839408659637851,0.7171309467507946,-0.026639006542330416,0.037382452233801315,0.2436053439280487,-0.007317436611878236,0.14457530843203675,-1.4338981642972801,-1.2812136694090983,0.0008825963504010234,0.030260400946773295
0.5624466625,0.5649502183,0.19,0.19,0.002505906969689119,0.003567775615,0.0244170138,-0.000836443156,0.0026032113250000002,-0.22137582902106015,-0.07358790971293452,-0.6727660943565907,0.028885811385991333,-0.03231878490370011,-0.22668463452752022,-0.050272588746813535,-0.1416835161927326,-1.709982251685732,-1.0872009008253278,-0.0017335818204855412,0.027761141727005594
0.5624466625,0.5649502183,0.21,0.21,0.002506693686853513,0.00357225567,0.024395636499999998,0.0008008175355,-0.0028026179950000002,-0.2382254425679273,-0.07096065933271435,0.6346534779992629,-0.028715696623296955,0.03250727090252333,0.22194562878765584,0.02432551562078199,0.14480116064910403,-1.5082698753446973,-1.235537262932249,-0.0011707744885257809,0.026792850444180227
0.5649502183,0.5674537742,0.19,0.19,0.0025059848919508293,0.00336091238,0.025094749049999997,-0.0008395604385,0.00260451779,-0.21607717299883697,-0.05491816716400381,-0.5971049768771639,0.030827068769056692,-0.028932352361922455,-0.2078523205945956,-0.08335938590007808,-0.13900748775925856,-1.7594094736897248,-1.0276309516898299,-0.003858868752150725,0.02416481701838548
0.5649502183,0.5674537742,0.21,0.21,0.0025057126976669535,0.00336537358,0.0250733855,0.0008050274185,-0.0028089537450000004,-0.23399636208003563,-0.05191425618333619,0.5576844024940943,-0.03078151906799891,0.02969169680421805,0.20333686043898794,0.05818888650528249,0.14343282846049357,-1.5685893386326744,-1.1810942374757332,-0.003195033058421203,0.023139333897758785
0.5674537742,0.56995733,0.19,0.19,0.0025049892821311435,0.003152882975,0.0257746226,-0.0008421880385,0.00260527951,-0.20954564686426166,-0.03465676641865906,-0.5266557098422363,0.03277860923928459,-0.027536378268192777,-0.1908334164750811,-0.11858502859596813,-0.13479019795769062,-1.7931673151019822,-0.9602712104942411,-0.005996490748259809,0.020340059620915535
0.5674537742,0.56995733,0.21,0.21,0.002506799190984672,0.00315732588,0.0257532745,0.0008087495465,-0.0028147585850000004,-0.22795695124797635,-0.03130268284823006,0.48653670743665844,-0.0328365972406312,0.02732035625312907,0.1855304713465638,0.09448392151914752,0.14066414386615791,-1.615068571892129,-1.1191263422225588,-0.005243836556594079,0.019193302294312067
0.56995733,0.5724608858,0.19,0.19,0.002505973787726195,0.0029441344299999997,0.026455716849999998,-0.0008444005490000001,0.002605586195,-0.20032060695239817,-0.012644431421328955,-0.4637955370556429,0.034625614393146244,-0.026017446347029533,-0.17331276770249515,-0.15626514571497868,-0.12911814835306162,-1.8115288837838464,-0.8870610439885146,-0.00817892729387737,0.016066457387380214
0.56995733,0.5724608858,0.21,0.21,0.002506720958364343,0.0029485600149999997,0.026434385850000002,0.0008120579474999999,-0.00282011755,-0.21928147084352967,-0.00881392637880757,0.42256811825603136,-0.034766546337651125,0.02543009760274543,0.16756405515369466,0.13330610165910728,0.13620580171743799,-1.6441783018207026,-1.0494174303264014,-0.007327698423911436,0.014774573059297127
0.5724608858,0.5749644417,0.19,0.19,0.0025059737877230976,0.0027350819700000003,0.0271366747,-0.0008461927245,0.0026054363199999996,-0.1893414403561712,0.01163883457427166,-0.4081269726652183,0.03643177523691461,-0.02558906774781719,-0.15696680738692081,-0.19636842150913003,-0.12177127934925934,-1.810602752821551,-0.8073501598558737,-0.010442731173958322,0.0113144257655387
0.5724608858,0.5749644417,0.21,0.21,0.0025058158939340524,0.002739491245,0.02711536255,0.000814945192,-0.0028250190499999996,-0.2089039482257694,0.015930288641522385,0.36615144408887623,-0.036646849752520465,0.025178421733066527,0.15121661997033758,0.17478084344889244,0.1300318460493029,-1.6536637816487367,-0.9720845482602504,-0.009435564011856483,0.009931496247583833
0.5749644417,0.5774679975,0.19,0.19,0.002506960629070162,0.0025255031500000004,0.02781866155,-0.000847649012,0.00260491643,-0.17743403146491077,0.038408273504558325,-0.36232320783929545,0.038354215644561075,-0.026672439086569143,-0.14250805301487465,-0.23942800798822061,-0.11295987336216047,-1.789682624518872,-0.7224090048532219,-0.012756775301884514,0.006115967407331805
0.5749644417,0.5774679975,0.21,0.21,0.0025068217728084945,0.002529897465,0.0277973701,0.0008174984295000001,-0.002829560555,-0.1972990077188631,0.04320135016293539,0.32005889401127696,-0.03862734288036765,0.02510739138744413,0.13603009608170843,0.21955848468805417,0.12239037654900593,-1.6433876684013968,-0.8893426310496829,-0.011640043612329277,0.004581130517663611
0.5774679975,0.5799715533,0.19,0.19,0.002505964694476173,0.0023158165099999998,0.0285003168,-0.00084876718,0.0026040282999999997,-0.1622168094071452,0.06828043470235398,-0.3266844400634289,0.04022916257575263,-0.027516348522157227,-0.12788037936176247,-0.28535966561212733,-0.10242458043789017,-1.7442670411153167,-0.6321305019895717,-0.015302213706537001,0.0001751123588939468
0.5774679975,0.5799715533,0.21,0.21,0.0025066406785163257,0.002320197245,0.028479047950000003,0.00081971324,-0.0028337337350000003,-0.1822959482517103,0.07362194833303778,0.28455408510147906,-0.040540286459000534,0.025230249604914497,0.12090912738370257,0.26750013409820667,0.11290662296699308,-1.6087065821955329,-0.8005219171792403,-0.014073623024254092,-0.0015177960050143315
0.5799715533,0.5824751092,0.19,0.19,0.002507045369620108,0.002105958925,0.02918217135,-0.000849627087,0.002602851035,-0.14687513911342434,0.10199554927822314,-0.3048851591232432,0.04250812744178932,-0.030546325709236277,-0.11638764109445175,-0.3351005980753794,-0.09055206710217988,-1.6744466271971168,-0.5383059659667065,-0.018090775994764732,-0.006477429374103939
0.5799715533,0.5824751092,0.21,0.21,0.002506829614552232,0.002110327835,0.0291609279,0.0008216709545,-0.00283762408,-0.16742224261236477,0.10790426351605861,0.26300419457760255,-0.042787919750738035,0.028301875452813603,0.10941109355123692,0.3194453076128579,0.10185937967085738,-1.5475977023910403,-0.7067618895990839,-0.016644404139026025,-0.008280470130472872
0.5824751092,0.584978665,0.19,0.19,0.002505957874363788,0.0018959310750000001,0.02986422445,-0.0008502297620000001,0.0026013857899999998,-0.12846311240616304,0.1404017476830547,-0.2983668418634105,0.044990627121554855,-0.03470345240470277,-0.10572555440134143,-0.3889240894762671,-0.07699866430996198,-1.5744071745021173,-0.4410855336908874,-0.02127665585537596,-0.01410194695953579
0.5824751092,0.584978665,0.21,0.21,0.002505742989254731,0.0019002899000000002,0.029843009100000005,0.000823372597,-0.0028412327199999997,-0.14905144017327177,0.147047551868468,0.2574429380299049,-0.04522296511184603,0.0315007229078579,0.09844786077939474,0.3761174807853124,0.08900048943767144,-1.4555547913741742,-0.6088150885483011,-0.019686221109519588,-0.01606439583440251
0.584978665,0.5874822208,0.19,0.19,0.0025069489780578736,0.0016862512250000001,0.0305450055,-0.0008506471015,0.00259970887,-0.10891497440829041,0.18538395370957841,-0.3122692484270337,0.048276709699300806,-0.040732211946266375,-0.0979849027971111,-0.4488517415940877,-0.06230601765141774,-1.4421416951790478,-0.34242030590256,-0.02534319484549457,-0.023125787600283984
0.584978665,0.5874822208,0.21,0.21,0.0025077405808468737,0.001690601955,0.030523821700000002,0.0008248880255000001,-0.0028446279500000003,-0.1296292471177987,0.1929608160823054,0.27300899979567295,-0.0484057654950684,0.03656158576426214,0.09054361937875847,0.43950260708903316,0.07475858977175263,-1.330124995883516,-0.5091159247733349,-0.023616416669096158,-0.025261753987706796
0.5874822208,0.5899857767,0.19,0.19,0.002507040641176442,0.0014760806549999998,0.031227237649999996,-0.0008508807750000001,0.002597813565,-0.08771750331415631,0.23893258678650747,-0.35169082462499784,0.05278504783943439,-0.049104661504678127,-0.09363794049793223,-0.5167897518731182,-0.04619184848848177,-1.2699255385115846,-0.24259769168889767,-0.03079472167791398,-0.03415591731009661
0.5874822208,0.5899857767,0.21,0.21,0.0025078313065328944,0.001480425245,0.031206088899999998,0.0008262233019999999,-0.002847823355,-0.10865033594769498,0.24761468684265509,0.31482228284437414,-0.05271950788238226,0.04397178435691319,0.0861963310146492,0.5114235036156911,0.0587680962017317,-1.161887018081756,-0.40716113459869185,-0.028903667923009097,-0.03645576248351118
0.5899857767,0.5924893325,0.19,0.19,0.0025080335232776016,0.00126567864,0.03191016735,-0.000850990618,0.00259576751,-0.06394825229615819,0.30435279304463425,-0.42597615024187246,0.05911774615360951,-0.05998548212518955,-0.09280627070124109,-0.5967776242046547,-0.02842873617349857,-1.0496335938592243,-0.14496708343726294,-0.03861141353681428,-0.04821298151192643
0.5899857767,0.5924893325,0.21,0.21,0.002506748993303788,0.001270019175,0.0318890566,0.000827437087,-0.00285088402,-0.0849535836235799,0.3142375781329373,0.3923782652642209,-0.058737158495000386,0.05362836329117852,0.08557323840336062,0.5957875558751163,0.04063491619291281,-0.9415436432304013,-0.30660473550521183,-0.03657474001554348,-0.05063435705204357
0.5924893325,0.5949928883,0.19,0.19,0.0025080335232109015,0.001055464679,0.03259243285,-0.0008509761639999999,0.002593574485,-0.03853359964396033,0.38316732444781665,-0.5468484347353562,0.0710636883020188,-0.07476739058652111,-0.09755583507547043,-0.6917552311879109,-0.006463491131402258,-0.7674239645255858,-0.05413568610954716,-0.0524470868607923,-0.06963147362620199
0.5924893325,0.5949928883,0.21,0.21,0.0025077448826481517,0.0010598032605,0.03257136295,0.000828526715,-0.002853803565,-0.059816331030829416,0.3952012085799901,0.5186663476981833,-0.07014891335874573,0.06703466455104523,0.0909085755450755,0.6971788731685636,0.01772611105581867,-0.6559308370626517,-0.21337517087668684,-0.0501307922106608,-0.07209811753166943
0.5949928883,0.5974964442,0.19,0.19,0.0025090275631842606,0.00084498526,0.03327538095,-0.000850867897,0.002591281935,-0.014778809819557995,0.4765249412901812,-0.7188882148494948,0.09110058904374788,-0.09719036847015701,-0.10566316357114999,-0.8016060550297583,0.010727833125321842,-0.40878386131224803,0.0009472283472988489,-0.07203853648869556,-0.10746212274979623
0.5949928883,0.5974964442,0.21,0.21,0.0025087445976714907,0.0008493230675,0.0332543477,0.000829524815,-0.00285664292,-0.03603048323188735,0.49087526411995197,0.6999949539479597,-0.08930908043683582,0.0877676248462773,0.10077415987802386,0.814187276358025,-0.0009484537862091246,-0.28476871935884823,-0.15493486397173523,-0.06946110213176857,-0.10891311212523519
0.5974964442,0.6,0.19,0.19,0.0025079401710140156,0.0006346601940000001,0.033957649900000005,-0.0008506662195,0.00258889463,0.02120993283302984,0.5820735463140665,-1.0537095770430205,0.12903609990779916,-0.14031697699818715,-0.14459772041116634,-0.9583532712590431,-0.00022665773787191242,0.09918978753895093,0.0919332539891108,-0.09967696811183806,-0.14100717906802274
0.5974964442,0.6,0.21,0.21,0.00250774870863239,0.00063899841,0.03393664905,0.0008304295805,-0.002859396585,-0.0009420952453647181,0.5995931939240527,1.0462837049881792,-0.12565099818606437,0.12864599534197002,0.14109895924515078,0.9781186325831464,0.004294657403999108,0.24453537786116006,-0.05945368803207746,-0.09581019173451455,-0.14090308996820883
0.6,0.6,0.19,0.1925,0.002507938086406132,0.0005300962225,0.034296699750000006,-0.0007454508295000001,0.0022471534899999998,2.3992430726636145,0.03364412411329084,0.21696083547953005,0.11624528886653311,-1.5522570160340705,-1.0000247467316818,-0.13903154134593207,0.011649685596360227,-0.19268133352339792,-0.3653904593805648,0.12492165129361596,-0.44207074107983424
0.6,0.6,0.1925,0.195,0.0025079380864036667,0.0005308735355,0.03429389225,-0.0005352213245,0.001566053755,2.045298848880757,0.027957769107707576,0.15777049160496948,-0.04398948075830725,-0.8364803811312268,-0.8092139841505945,-0.09540858041397972,-0.04045031772852192,-0.16162924037501278,-0.28181637179640856,0.30015631274351284,-0.31508303242442126
0.6,0.6,0.195,0.1975,0.0025068528528122153,0.0005315871955,0.03429113055,-0.000325039439,0.0008850046435,1.840544201010604,-0.011186869478425732,0.0973801537200645,-0.02349608164210584,-0.35509128757185765,-0.5380113840886658,-0.023610922596733662,-0.030560374797639536,-0.15417663924618982,-0.22975158115829444,0.26356104529740815,-0.26196841786289377
0.6,0.6,0.1975,0.2,0.002507848706563572,0.0005322372025,0.03428841465,-0.00011490517300999999,0.0002040061505,1.781274339261595,-0.02179826751238708,0.04336446831724685,-0.0035353278347296695,-0.03868724071406045,-0.2520782832995197,-0.003987158735998309,-0.009211873390284885,-0.15253147581963916,-0.21112538832164035,0.24480580482303443,-0.2391590280376352
0.6,0.6,0.2,0.2025,0.0025078520905217846,0.000532779459,0.0342857918,9.522826199e-05,-0.00047699902450000004,1.782512840292666,-0.021704696239332927,-0.009507382201435087,0.008626363522878959,0.24260899635292138,0.03867133324696673,-6.758334187789038e-05,0.010588001136978234,-0.15165908463985775,-0.20892393350047198,0.2457447342222171,-0.23748506292666413
0.6,0.6,0.2025,0.205,0.002507761338286368,0.0005332139655,0.03428326205,0.0003053608655,-0.0011580108815,1.8457302914875213,-0.010657326895229398,-0.06406872881255753,0.029251466358155526,0.5616686120718044,0.32618352504721043,0.020006906714413547,0.032276008623299775,-0.15155850055419545,-0.22343866573525195,0.2665400351770159,-0.25716388027216064
0.6,0.6,0.205,0.2075,0.0025077635475298445,0.0005335849105,0.0342807776,0.0005155406404999999,-0.0018390802749999999,2.0547294038150556,0.03018079963824705,-0.12253469667283791,0.05097903252333814,1.0506699440907268,0.5978437322858758,0.09358078161760222,0.043203836040195155,-0.15601831850922454,-0.2714565020268594,0.3035764184891254,-0.3053164895386254
0.6,0.6,0.2075,0.21,0.0025077635475583425,0.000533892294,0.034278338400000004,0.000725767587,-0.002520207205,2.4149729520596113,0.039055415671661105,-0.18017077805721118,-0.1084099254309467,1.7789406251241462,0.7932128605953901,0.13875801749947847,-0.006321048299029258,-0.18265688465409224,-0.35234582691048094,0.12175531235856324,-0.42209006264744503
