/*--------------------------------*- C++ -*----------------------------------*\
| =========                 |                                                 |
| \\      /  F ield         | foam-extend: Open Source CFD                    |
|  \\    /   O peration     | Version:     4.1                                |
|   \\  /    A nd           | Web:         http://www.foam-extend.org         |
|    \\/     M anipulation  |                                                 |
\*---------------------------------------------------------------------------*/
FoamFile
{
    version     2.0;
    format      ascii;
    class       surfaceVectorField;
    location    "0.194";
    object      curSf;
}
// * * * * * * * * * * * * * * * * * * * * * * * * * * * * * * * * * * * * * //

dimensions      [0 2 0 0 0 0 0];

internalField   nonuniform List<vector> 
14016
(
(1.48719e-08 2.37187e-10 4.75651e-10)
(-5.08716e-10 1.62437e-08 6.63346e-11)
(-4.3896e-10 -8.82846e-11 1.62101e-08)
(1.4914e-08 1.028e-10 5.53511e-10)
(-2.14454e-10 1.58364e-08 1.81588e-10)
(-4.9307e-10 -2.1984e-10 1.58827e-08)
(1.49316e-08 4.89602e-11 7.2275e-10)
(-1.05441e-10 1.59246e-08 2.49612e-10)
(-6.76464e-10 -2.9124e-10 1.59401e-08)
(1.49326e-08 2.44451e-11 9.17702e-10)
(-6.18778e-11 1.59438e-08 2.84494e-10)
(-8.97136e-10 -3.30317e-10 1.5934e-08)
(1.49317e-08 9.6796e-12 1.11476e-09)
(-3.93865e-11 1.59447e-08 3.01794e-10)
(-1.11761e-09 -3.49868e-10 1.59125e-08)
(1.49288e-08 1.51014e-13 1.30911e-09)
(-2.78747e-11 1.59427e-08 3.0902e-10)
(-1.33221e-09 -3.57908e-10 1.58882e-08)
(1.49246e-08 -5.9608e-12 1.49958e-09)
(-2.25607e-11 1.59388e-08 3.1018e-10)
(-1.54004e-09 -3.59039e-10 1.58614e-08)
(1.49191e-08 -9.83599e-12 1.68567e-09)
(-2.06552e-11 1.59338e-08 3.07584e-10)
(-1.74097e-09 -3.5591e-10 1.58326e-08)
(1.49123e-08 -1.22748e-11 1.86717e-09)
(-2.05985e-11 1.59281e-08 3.02636e-10)
(-1.93519e-09 -3.50128e-10 1.58019e-08)
(1.49044e-08 -1.38078e-11 2.04394e-09)
(-2.14888e-11 1.59219e-08 2.96221e-10)
(-2.12293e-09 -3.42705e-10 1.57696e-08)
(1.48952e-08 -1.47758e-11 2.21593e-09)
(-2.28034e-11 1.59154e-08 2.88908e-10)
(-2.30441e-09 -3.34293e-10 1.57359e-08)
(1.48849e-08 -1.53916e-11 2.38313e-09)
(-2.42484e-11 1.59086e-08 2.81069e-10)
(-2.47984e-09 -3.25311e-10 1.57011e-08)
(1.48736e-08 -1.57859e-11 2.54555e-09)
(-2.5664e-11 1.59018e-08 2.72947e-10)
(-2.6494e-09 -3.16031e-10 1.56654e-08)
(1.48613e-08 -1.60382e-11 2.70323e-09)
(-2.69671e-11 1.58948e-08 2.647e-10)
(-2.81326e-09 -3.06625e-10 1.56288e-08)
(1.4848e-08 -1.61965e-11 2.85621e-09)
(-2.81177e-11 1.58878e-08 2.56431e-10)
(-2.97157e-09 -2.97206e-10 1.55916e-08)
(1.4834e-08 -1.62902e-11 3.00454e-09)
(-2.90993e-11 1.58808e-08 2.48206e-10)
(-3.12447e-09 -2.87844e-10 1.55539e-08)
(1.48194e-08 -1.63374e-11 3.14829e-09)
(-2.99083e-11 1.58739e-08 2.40069e-10)
(-3.27208e-09 -2.78581e-10 1.55159e-08)
(1.48041e-08 -1.63492e-11 3.28751e-09)
(-3.05477e-11 1.58669e-08 2.32046e-10)
(-3.41453e-09 -2.69445e-10 1.54777e-08)
(1.47884e-08 -1.63331e-11 3.42228e-09)
(-3.1024e-11 1.586e-08 2.24153e-10)
(-3.55192e-09 -2.60451e-10 1.54393e-08)
(1.47723e-08 -1.6294e-11 3.55265e-09)
(-3.13454e-11 1.58531e-08 2.16403e-10)
(-3.68436e-09 -2.51609e-10 1.5401e-08)
(1.47559e-08 -1.62352e-11 3.6787e-09)
(-3.15209e-11 1.58462e-08 2.088e-10)
(-3.81198e-09 -2.42923e-10 1.53627e-08)
(1.47393e-08 -1.61592e-11 3.8005e-09)
(-3.15599e-11 1.58394e-08 2.01348e-10)
(-3.93486e-09 -2.34397e-10 1.53246e-08)
(1.47226e-08 -1.60678e-11 3.91812e-09)
(-3.14719e-11 1.58327e-08 1.9405e-10)
(-4.05311e-09 -2.26031e-10 1.52869e-08)
(1.47059e-08 -1.59622e-11 4.03164e-09)
(-3.12662e-11 1.5826e-08 1.86905e-10)
(-4.16684e-09 -2.17827e-10 1.52494e-08)
(1.46892e-08 -1.58435e-11 4.14111e-09)
(-3.09522e-11 1.58194e-08 1.79915e-10)
(-4.27615e-09 -2.09783e-10 1.52125e-08)
(1.46725e-08 -1.57126e-11 4.24663e-09)
(-3.05387e-11 1.58128e-08 1.7308e-10)
(-4.38113e-09 -2.019e-10 1.5176e-08)
(1.46561e-08 -1.55701e-11 4.34825e-09)
(-3.00345e-11 1.58063e-08 1.66397e-10)
(-4.4819e-09 -1.94178e-10 1.51401e-08)
(1.46398e-08 -1.54166e-11 4.44606e-09)
(-2.9448e-11 1.57999e-08 1.59868e-10)
(-4.57854e-09 -1.86616e-10 1.51048e-08)
(1.46238e-08 -1.52525e-11 4.54014e-09)
(-2.87872e-11 1.57936e-08 1.5349e-10)
(-4.67116e-09 -1.79213e-10 1.50702e-08)
(1.46082e-08 -1.50784e-11 4.63055e-09)
(-2.80599e-11 1.57873e-08 1.47263e-10)
(-4.75985e-09 -1.7197e-10 1.50364e-08)
(1.45928e-08 -1.48945e-11 4.71737e-09)
(-2.72735e-11 1.57811e-08 1.41185e-10)
(-4.84472e-09 -1.64884e-10 1.50033e-08)
(1.45779e-08 -1.47014e-11 4.80068e-09)
(-2.6435e-11 1.5775e-08 1.35255e-10)
(-4.92586e-09 -1.57957e-10 1.4971e-08)
(1.45634e-08 -1.44993e-11 4.88055e-09)
(-2.5551e-11 1.5769e-08 1.29472e-10)
(-5.00336e-09 -1.51187e-10 1.49396e-08)
(1.45493e-08 -1.42887e-11 4.95705e-09)
(-2.4628e-11 1.57631e-08 1.23834e-10)
(-5.07733e-09 -1.44573e-10 1.4909e-08)
(1.45358e-08 -1.40698e-11 5.03028e-09)
(-2.3672e-11 1.57573e-08 1.18339e-10)
(-5.14785e-09 -1.38114e-10 1.48794e-08)
(1.45227e-08 -1.38431e-11 5.10028e-09)
(-2.26888e-11 1.57516e-08 1.12987e-10)
(-5.21503e-09 -1.31811e-10 1.48506e-08)
(1.45102e-08 -1.36087e-11 5.16716e-09)
(-2.16836e-11 1.5746e-08 1.07774e-10)
(-5.27894e-09 -1.25662e-10 1.48228e-08)
(1.44982e-08 -1.33672e-11 5.23097e-09)
(-2.06617e-11 1.57405e-08 1.027e-10)
(-5.33968e-09 -1.19667e-10 1.47959e-08)
(1.44867e-08 -1.31188e-11 5.29179e-09)
(-1.96278e-11 1.57351e-08 9.77638e-11)
(-5.39735e-09 -1.13824e-10 1.477e-08)
(1.44758e-08 -1.28637e-11 5.3497e-09)
(-1.85865e-11 1.57297e-08 9.29626e-11)
(-5.45202e-09 -1.08134e-10 1.47451e-08)
(1.44655e-08 -1.26024e-11 5.40477e-09)
(-1.75422e-11 1.57245e-08 8.82951e-11)
(-5.5038e-09 -1.02594e-10 1.47211e-08)
(1.44558e-08 -1.2335e-11 5.45707e-09)
(-1.64988e-11 1.57194e-08 8.37598e-11)
(-5.55276e-09 -9.72054e-11 1.46981e-08)
(1.44466e-08 -1.2062e-11 5.50668e-09)
(-1.54602e-11 1.57145e-08 7.93551e-11)
(-5.59899e-09 -9.19661e-11 1.46761e-08)
(1.4438e-08 -1.17834e-11 5.55367e-09)
(-1.44298e-11 1.57096e-08 7.50793e-11)
(-5.64258e-09 -8.68756e-11 1.4655e-08)
(1.443e-08 -1.14998e-11 5.59812e-09)
(-1.34112e-11 1.57048e-08 7.09311e-11)
(-5.6836e-09 -8.19333e-11 1.4635e-08)
(1.44226e-08 -1.12112e-11 5.64009e-09)
(-1.24072e-11 1.57002e-08 6.69088e-11)
(-5.72215e-09 -7.71382e-11 1.46158e-08)
(1.44157e-08 -1.0918e-11 5.67966e-09)
(-1.14209e-11 1.56956e-08 6.3011e-11)
(-5.75831e-09 -7.24896e-11 1.45976e-08)
(1.44094e-08 -1.06204e-11 5.7169e-09)
(-1.0455e-11 1.56912e-08 5.92364e-11)
(-5.79214e-09 -6.79868e-11 1.45804e-08)
(1.44036e-08 -1.03186e-11 5.75188e-09)
(-9.5119e-12 1.56869e-08 5.55836e-11)
(-5.82374e-09 -6.3629e-11 1.45641e-08)
(1.43984e-08 -1.0013e-11 5.78467e-09)
(-8.59402e-12 1.56828e-08 5.20512e-11)
(-5.85319e-09 -5.94154e-11 1.45486e-08)
(1.43937e-08 -9.70375e-12 5.81534e-09)
(-7.70347e-12 1.56787e-08 4.8638e-11)
(-5.88056e-09 -5.53454e-11 1.45341e-08)
(1.43894e-08 -9.39104e-12 5.84397e-09)
(-6.84225e-12 1.56748e-08 4.53428e-11)
(-5.90592e-09 -5.14181e-11 1.45205e-08)
(1.43857e-08 -9.07512e-12 5.87062e-09)
(-6.01218e-12 1.5671e-08 4.21645e-11)
(-5.92936e-09 -4.76329e-11 1.45077e-08)
(1.43824e-08 -8.75622e-12 5.89536e-09)
(-5.21493e-12 1.56673e-08 3.9102e-11)
(-5.95096e-09 -4.3989e-11 1.44957e-08)
(1.43796e-08 -8.43454e-12 5.91826e-09)
(-4.452e-12 1.56638e-08 3.61541e-11)
(-5.97077e-09 -4.04858e-11 1.44845e-08)
(1.43772e-08 -8.1103e-12 5.9394e-09)
(-3.7248e-12 1.56604e-08 3.332e-11)
(-5.98889e-09 -3.71227e-11 1.44742e-08)
(1.43753e-08 -7.7837e-12 5.95883e-09)
(-3.03455e-12 1.56571e-08 3.05986e-11)
(-6.00538e-09 -3.38988e-11 1.44646e-08)
(1.43737e-08 -7.45492e-12 5.97664e-09)
(-2.38239e-12 1.56539e-08 2.79891e-11)
(-6.02032e-09 -3.08137e-11 1.44557e-08)
(1.43725e-08 -7.12417e-12 5.99288e-09)
(-1.76932e-12 1.56509e-08 2.54907e-11)
(-6.03378e-09 -2.78666e-11 1.44476e-08)
(1.43716e-08 -6.79162e-12 6.00763e-09)
(-1.19622e-12 1.5648e-08 2.31025e-11)
(-6.04583e-09 -2.50569e-11 1.44402e-08)
(1.43711e-08 -6.45744e-12 6.02095e-09)
(-6.63887e-13 1.56452e-08 2.08238e-11)
(-6.05654e-09 -2.23841e-11 1.44334e-08)
(1.43708e-08 -6.1218e-12 6.03292e-09)
(-1.73009e-13 1.56426e-08 1.86539e-11)
(-6.06598e-09 -1.98475e-11 1.44273e-08)
(1.43708e-08 -5.78485e-12 6.04359e-09)
(2.75794e-13 1.564e-08 1.65922e-11)
(-6.07423e-09 -1.74466e-11 1.44218e-08)
(1.43711e-08 -5.44673e-12 6.05304e-09)
(6.81986e-13 1.56377e-08 1.4638e-11)
(-6.08135e-09 -1.51808e-11 1.44168e-08)
(1.43715e-08 -5.10756e-12 6.06134e-09)
(1.04511e-12 1.56354e-08 1.27907e-11)
(-6.08741e-09 -1.30496e-11 1.44125e-08)
(1.43722e-08 -4.76745e-12 6.06856e-09)
(1.36472e-12 1.56333e-08 1.10498e-11)
(-6.09248e-09 -1.10525e-11 1.44087e-08)
(1.4373e-08 -4.42649e-12 6.07475e-09)
(1.64041e-12 1.56313e-08 9.41481e-12)
(-6.09664e-09 -9.18906e-12 1.44053e-08)
(1.4374e-08 -4.08476e-12 6.07999e-09)
(1.87173e-12 1.56295e-08 7.88521e-12)
(-6.09994e-09 -7.45886e-12 1.44025e-08)
(1.4375e-08 -3.7424e-12 6.08434e-09)
(2.0582e-12 1.56278e-08 6.46059e-12)
(-6.10245e-09 -5.86156e-12 1.44001e-08)
(1.43762e-08 -3.39968e-12 6.08787e-09)
(2.19926e-12 1.56262e-08 5.14067e-12)
(-6.10425e-09 -4.39699e-12 1.43981e-08)
(1.43774e-08 -3.05714e-12 6.09066e-09)
(2.2943e-12 1.56248e-08 3.92536e-12)
(-6.1054e-09 -3.06511e-12 1.43965e-08)
(1.43787e-08 -2.71588e-12 6.09276e-09)
(2.3427e-12 1.56235e-08 2.81501e-12)
(-6.10597e-09 -1.86624e-12 1.43953e-08)
(1.43799e-08 -2.37809e-12 6.09424e-09)
(2.34401e-12 1.56223e-08 1.81072e-12)
(-6.10602e-09 -8.01196e-13 1.43944e-08)
(1.43811e-08 -2.04797e-12 6.09517e-09)
(2.29845e-12 1.56212e-08 9.15041e-13)
(-6.10561e-09 1.28354e-13 1.43938e-08)
(1.43823e-08 -1.73354e-12 6.09563e-09)
(2.20798e-12 1.56203e-08 1.33123e-13)
(-6.10482e-09 9.19316e-13 1.43935e-08)
(1.43833e-08 -1.45013e-12 6.09568e-09)
(2.07888e-12 1.56196e-08 -5.25583e-13)
(-6.10371e-09 1.56657e-12 1.43934e-08)
(1.43842e-08 -1.22326e-12 6.09544e-09)
(1.92827e-12 1.56189e-08 -1.04532e-12)
(-6.10235e-09 2.06327e-12 1.43935e-08)
(1.43849e-08 -1.07536e-12 6.09505e-09)
(1.79165e-12 1.56184e-08 -1.40543e-12)
(-6.10086e-09 2.40532e-12 1.43938e-08)
(1.43853e-08 -9.93831e-13 6.09474e-09)
(1.7018e-12 1.56181e-08 -1.60156e-12)
(-6.09947e-09 2.60031e-12 1.43942e-08)
(1.65577e-12 1.56179e-08 -1.68278e-12)
(-6.09842e-09 2.67264e-12 1.43948e-08)
(1.49142e-08 1.8203e-11 4.97357e-10)
(-2.89484e-10 1.61881e-08 4.5423e-11)
(-5.79349e-10 -6.01827e-11 1.61099e-08)
(1.49031e-08 3.83954e-11 5.47489e-10)
(-1.51664e-10 1.57567e-08 1.19344e-10)
(-5.64321e-10 -1.46023e-10 1.60143e-08)
(1.49115e-08 3.20564e-11 7.17053e-10)
(-8.32167e-11 1.58887e-08 1.59399e-10)
(-7.15502e-10 -1.8542e-10 1.59867e-08)
(1.49133e-08 2.19953e-11 9.14901e-10)
(-4.9303e-11 1.5925e-08 1.79422e-10)
(-9.19606e-10 -2.07975e-10 1.59557e-08)
(1.49142e-08 1.38189e-11 1.11306e-09)
(-3.05645e-11 1.59325e-08 1.9053e-10)
(-1.12984e-09 -2.22524e-10 1.59268e-08)
(1.49134e-08 7.70601e-12 1.30776e-09)
(-2.06447e-11 1.5934e-08 1.96047e-10)
(-1.33775e-09 -2.31065e-10 1.58986e-08)
(1.49108e-08 3.33084e-12 1.4983e-09)
(-1.5838e-11 1.59319e-08 1.97756e-10)
(-1.54116e-09 -2.34999e-10 1.58696e-08)
(1.49066e-08 3.04798e-13 1.68434e-09)
(-1.38724e-11 1.59278e-08 1.96906e-10)
(-1.73916e-09 -2.35564e-10 1.58394e-08)
(1.49009e-08 -1.74506e-12 1.86573e-09)
(-1.34544e-11 1.59224e-08 1.94356e-10)
(-1.93147e-09 -2.33742e-10 1.58079e-08)
(1.48937e-08 -3.11713e-12 2.04237e-09)
(-1.38399e-11 1.59164e-08 1.90694e-10)
(-2.11798e-09 -2.30276e-10 1.57752e-08)
(1.48851e-08 -4.03126e-12 2.21424e-09)
(-1.46013e-11 1.591e-08 1.8632e-10)
(-2.29871e-09 -2.25713e-10 1.57413e-08)
(1.48752e-08 -4.64213e-12 2.38133e-09)
(-1.54991e-11 1.59033e-08 1.81507e-10)
(-2.4737e-09 -2.20443e-10 1.57064e-08)
(1.48643e-08 -5.05459e-12 2.54366e-09)
(-1.64033e-11 1.58965e-08 1.76439e-10)
(-2.64303e-09 -2.14736e-10 1.56705e-08)
(1.48522e-08 -5.3377e-12 2.70126e-09)
(-1.72464e-11 1.58897e-08 1.71238e-10)
(-2.80679e-09 -2.08778e-10 1.56338e-08)
(1.48393e-08 -5.53593e-12 2.85417e-09)
(-1.79955e-11 1.58828e-08 1.65987e-10)
(-2.96509e-09 -2.02693e-10 1.55966e-08)
(1.48256e-08 -5.67753e-12 3.00245e-09)
(-1.86369e-11 1.58759e-08 1.60739e-10)
(-3.11803e-09 -1.96565e-10 1.55588e-08)
(1.48112e-08 -5.7803e-12 3.14616e-09)
(-1.91667e-11 1.5869e-08 1.55529e-10)
(-3.26571e-09 -1.90447e-10 1.55207e-08)
(1.47961e-08 -5.85546e-12 3.28535e-09)
(-1.95865e-11 1.58621e-08 1.5038e-10)
(-3.40825e-09 -1.84373e-10 1.54824e-08)
(1.47807e-08 -5.91016e-12 3.42009e-09)
(-1.99002e-11 1.58552e-08 1.45306e-10)
(-3.54575e-09 -1.78367e-10 1.54439e-08)
(1.47648e-08 -5.94905e-12 3.55045e-09)
(-2.01132e-11 1.58484e-08 1.40316e-10)
(-3.67831e-09 -1.7244e-10 1.54055e-08)
(1.47486e-08 -5.97519e-12 3.67649e-09)
(-2.02313e-11 1.58417e-08 1.35415e-10)
(-3.80604e-09 -1.66603e-10 1.53672e-08)
(1.47323e-08 -5.99072e-12 3.79829e-09)
(-2.02606e-11 1.5835e-08 1.30608e-10)
(-3.92904e-09 -1.60859e-10 1.5329e-08)
(1.47158e-08 -5.99711e-12 3.91592e-09)
(-2.02073e-11 1.58283e-08 1.25896e-10)
(-4.04741e-09 -1.55212e-10 1.52912e-08)
(1.46992e-08 -5.99545e-12 4.02943e-09)
(-2.00774e-11 1.58217e-08 1.21281e-10)
(-4.16126e-09 -1.49665e-10 1.52537e-08)
(1.46827e-08 -5.98653e-12 4.13892e-09)
(-1.98769e-11 1.58152e-08 1.16762e-10)
(-4.27068e-09 -1.44218e-10 1.52166e-08)
(1.46663e-08 -5.97094e-12 4.24446e-09)
(-1.96117e-11 1.58088e-08 1.12341e-10)
(-4.37577e-09 -1.38871e-10 1.518e-08)
(1.46501e-08 -5.94915e-12 4.3461e-09)
(-1.92873e-11 1.58024e-08 1.08017e-10)
(-4.47665e-09 -1.33627e-10 1.51441e-08)
(1.4634e-08 -5.92151e-12 4.44394e-09)
(-1.89092e-11 1.57961e-08 1.03789e-10)
(-4.5734e-09 -1.28484e-10 1.51087e-08)
(1.46183e-08 -5.88829e-12 4.53804e-09)
(-1.84828e-11 1.57898e-08 9.9658e-11)
(-4.66613e-09 -1.23443e-10 1.5074e-08)
(1.46028e-08 -5.84972e-12 4.62849e-09)
(-1.80129e-11 1.57837e-08 9.56226e-11)
(-4.75493e-09 -1.18505e-10 1.50401e-08)
(1.45877e-08 -5.80599e-12 4.71534e-09)
(-1.75044e-11 1.57776e-08 9.16824e-11)
(-4.83991e-09 -1.13669e-10 1.50069e-08)
(1.45729e-08 -5.75727e-12 4.79869e-09)
(-1.69619e-11 1.57716e-08 8.78366e-11)
(-4.92116e-09 -1.08935e-10 1.49746e-08)
(1.45586e-08 -5.70371e-12 4.8786e-09)
(-1.63897e-11 1.57657e-08 8.40846e-11)
(-4.99877e-09 -1.04304e-10 1.4943e-08)
(1.45448e-08 -5.64545e-12 4.95515e-09)
(-1.5792e-11 1.57599e-08 8.04254e-11)
(-5.07284e-09 -9.97747e-11 1.49124e-08)
(1.45314e-08 -5.58262e-12 5.02842e-09)
(-1.51728e-11 1.57542e-08 7.68582e-11)
(-5.14346e-09 -9.53481e-11 1.48826e-08)
(1.45185e-08 -5.51535e-12 5.09848e-09)
(-1.45357e-11 1.57486e-08 7.33821e-11)
(-5.21074e-09 -9.10238e-11 1.48538e-08)
(1.45061e-08 -5.44376e-12 5.1654e-09)
(-1.38843e-11 1.57431e-08 6.99962e-11)
(-5.27475e-09 -8.68016e-11 1.48259e-08)
(1.44943e-08 -5.368e-12 5.22926e-09)
(-1.3222e-11 1.57377e-08 6.66996e-11)
(-5.33559e-09 -8.26814e-11 1.47989e-08)
(1.44831e-08 -5.28817e-12 5.29014e-09)
(-1.25519e-11 1.57323e-08 6.34912e-11)
(-5.39336e-09 -7.8663e-11 1.47729e-08)
(1.44724e-08 -5.20442e-12 5.3481e-09)
(-1.18769e-11 1.57271e-08 6.03702e-11)
(-5.44813e-09 -7.47462e-11 1.47479e-08)
(1.44622e-08 -5.11687e-12 5.40323e-09)
(-1.12e-11 1.5722e-08 5.73355e-11)
(-5.50001e-09 -7.09307e-11 1.47238e-08)
(1.44526e-08 -5.02564e-12 5.45559e-09)
(-1.05237e-11 1.5717e-08 5.43862e-11)
(-5.54906e-09 -6.72163e-11 1.47008e-08)
(1.44437e-08 -4.93087e-12 5.50526e-09)
(-9.85051e-12 1.57121e-08 5.15214e-11)
(-5.59539e-09 -6.36028e-11 1.46787e-08)
(1.44352e-08 -4.83267e-12 5.55231e-09)
(-9.18278e-12 1.57074e-08 4.874e-11)
(-5.63907e-09 -6.00898e-11 1.46575e-08)
(1.44274e-08 -4.73119e-12 5.59681e-09)
(-8.52268e-12 1.57027e-08 4.60412e-11)
(-5.68019e-09 -5.66772e-11 1.46373e-08)
(1.44201e-08 -4.62654e-12 5.63884e-09)
(-7.87225e-12 1.56981e-08 4.34242e-11)
(-5.71884e-09 -5.33644e-11 1.46181e-08)
(1.44134e-08 -4.51885e-12 5.67847e-09)
(-7.23339e-12 1.56937e-08 4.08879e-11)
(-5.75509e-09 -5.01514e-11 1.45999e-08)
(1.44072e-08 -4.40825e-12 5.71576e-09)
(-6.60788e-12 1.56894e-08 3.84315e-11)
(-5.78902e-09 -4.70377e-11 1.45825e-08)
(1.44016e-08 -4.29486e-12 5.7508e-09)
(-5.99737e-12 1.56852e-08 3.60542e-11)
(-5.82071e-09 -4.4023e-11 1.45661e-08)
(1.43965e-08 -4.17881e-12 5.78365e-09)
(-5.40336e-12 1.56811e-08 3.37553e-11)
(-5.85025e-09 -4.11071e-11 1.45506e-08)
(1.43919e-08 -4.06021e-12 5.81438e-09)
(-4.82729e-12 1.56771e-08 3.15338e-11)
(-5.87771e-09 -3.82895e-11 1.4536e-08)
(1.43878e-08 -3.9392e-12 5.84306e-09)
(-4.27044e-12 1.56733e-08 2.93892e-11)
(-5.90317e-09 -3.55699e-11 1.45223e-08)
(1.43842e-08 -3.81589e-12 5.86976e-09)
(-3.73401e-12 1.56696e-08 2.73206e-11)
(-5.9267e-09 -3.2948e-11 1.45094e-08)
(1.43811e-08 -3.6904e-12 5.89456e-09)
(-3.21909e-12 1.5666e-08 2.53274e-11)
(-5.94839e-09 -3.04234e-11 1.44973e-08)
(1.43784e-08 -3.56285e-12 5.91752e-09)
(-2.72668e-12 1.56625e-08 2.3409e-11)
(-5.9683e-09 -2.79959e-11 1.44861e-08)
(1.43761e-08 -3.43336e-12 5.93871e-09)
(-2.25769e-12 1.56592e-08 2.15647e-11)
(-5.98651e-09 -2.5665e-11 1.44756e-08)
(1.43743e-08 -3.30203e-12 5.95819e-09)
(-1.81293e-12 1.5656e-08 1.97939e-11)
(-6.00309e-09 -2.34305e-11 1.4466e-08)
(1.43728e-08 -3.16899e-12 5.97605e-09)
(-1.39314e-12 1.56529e-08 1.80962e-11)
(-6.01812e-09 -2.1292e-11 1.4457e-08)
(1.43717e-08 -3.03434e-12 5.99234e-09)
(-9.98976e-13 1.56499e-08 1.64709e-11)
(-6.03167e-09 -1.92492e-11 1.44488e-08)
(1.43709e-08 -2.89819e-12 6.00714e-09)
(-6.31025e-13 1.56471e-08 1.49176e-11)
(-6.04381e-09 -1.73017e-11 1.44413e-08)
(1.43704e-08 -2.76064e-12 6.02051e-09)
(-2.89804e-13 1.56444e-08 1.34357e-11)
(-6.05461e-09 -1.54493e-11 1.44345e-08)
(1.43703e-08 -2.62181e-12 6.03252e-09)
(2.42278e-14 1.56418e-08 1.2025e-11)
(-6.06415e-09 -1.36915e-11 1.44283e-08)
(1.43704e-08 -2.48178e-12 6.04324e-09)
(3.10663e-13 1.56393e-08 1.06849e-11)
(-6.07249e-09 -1.20282e-11 1.44227e-08)
(1.43707e-08 -2.34068e-12 6.05273e-09)
(5.69152e-13 1.5637e-08 9.41514e-12)
(-6.0797e-09 -1.0459e-11 1.44177e-08)
(1.43712e-08 -2.19862e-12 6.06107e-09)
(7.99374e-13 1.56348e-08 8.21525e-12)
(-6.08585e-09 -8.98356e-12 1.44133e-08)
(1.4372e-08 -2.05574e-12 6.06832e-09)
(1.00102e-12 1.56328e-08 7.0849e-12)
(-6.09102e-09 -7.60166e-12 1.44094e-08)
(1.43729e-08 -1.91226e-12 6.07455e-09)
(1.17378e-12 1.56309e-08 6.02378e-12)
(-6.09526e-09 -6.31299e-12 1.4406e-08)
(1.43739e-08 -1.76847e-12 6.07983e-09)
(1.31735e-12 1.56291e-08 5.03157e-12)
(-6.09866e-09 -5.11731e-12 1.44031e-08)
(1.4375e-08 -1.62487e-12 6.08421e-09)
(1.43135e-12 1.56274e-08 4.108e-12)
(-6.10127e-09 -4.01437e-12 1.44006e-08)
(1.43762e-08 -1.48226e-12 6.08778e-09)
(1.51538e-12 1.56259e-08 3.25287e-12)
(-6.10316e-09 -3.004e-12 1.43985e-08)
(1.43775e-08 -1.34194e-12 6.09059e-09)
(1.569e-12 1.56245e-08 2.46616e-12)
(-6.1044e-09 -2.08611e-12 1.43969e-08)
(1.43787e-08 -1.20595e-12 6.09272e-09)
(1.59182e-12 1.56232e-08 1.74814e-12)
(-6.10506e-09 -1.26083e-12 1.43956e-08)
(1.438e-08 -1.07743e-12 6.09422e-09)
(1.58374e-12 1.56221e-08 1.09967e-12)
(-6.10521e-09 -5.28632e-13 1.43946e-08)
(1.43812e-08 -9.60919e-13 6.09518e-09)
(1.54537e-12 1.56211e-08 5.22674e-13)
(-6.1049e-09 1.09358e-13 1.4394e-08)
(1.43824e-08 -8.62446e-13 6.09566e-09)
(1.479e-12 1.56203e-08 2.08157e-14)
(-6.10422e-09 6.51041e-13 1.43936e-08)
(1.43834e-08 -7.88468e-13 6.09573e-09)
(1.39038e-12 1.56195e-08 -3.99837e-13)
(-6.10322e-09 1.09313e-12 1.43935e-08)
(1.43843e-08 -7.42464e-13 6.0955e-09)
(1.29202e-12 1.56189e-08 -7.30844e-13)
(-6.10199e-09 1.43214e-12 1.43935e-08)
(1.4385e-08 -7.21473e-13 6.09511e-09)
(1.20612e-12 1.56184e-08 -9.64537e-13)
(-6.10064e-09 1.66784e-12 1.43938e-08)
(1.43853e-08 -7.19974e-13 6.09477e-09)
(1.15551e-12 1.56181e-08 -1.1044e-12)
(-6.09936e-09 1.8052e-12 1.43943e-08)
(1.14277e-12 1.56179e-08 -1.17125e-12)
(-6.09843e-09 1.8478e-12 1.43948e-08)
(1.49209e-08 -5.34124e-12 5.38209e-10)
(-1.31776e-10 1.61726e-08 2.15741e-11)
(-6.69651e-10 -3.2826e-11 1.61129e-08)
(1.49095e-08 1.33035e-11 5.57247e-10)
(-7.68047e-11 1.57005e-08 5.69065e-11)
(-6.05202e-10 -8.04614e-11 1.60667e-08)
(1.49147e-08 1.62002e-11 7.19256e-10)
(-4.44921e-11 1.58542e-08 7.66735e-11)
(-7.37508e-10 -1.02609e-10 1.6029e-08)
(1.49146e-08 1.33865e-11 9.15966e-10)
(-2.69646e-11 1.59054e-08 8.64392e-11)
(-9.3454e-10 -1.14988e-10 1.59824e-08)
(1.49155e-08 9.78277e-12 1.11364e-09)
(-1.6803e-11 1.59203e-08 9.1978e-11)
(-1.13984e-09 -1.23631e-10 1.59437e-08)
(1.49151e-08 6.61281e-12 1.30788e-09)
(-1.11813e-11 1.59259e-08 9.49717e-11)
(-1.34375e-09 -1.29543e-10 1.591e-08)
(1.49131e-08 4.11944e-12 1.49803e-09)
(-8.33429e-12 1.59261e-08 9.61589e-11)
(-1.54405e-09 -1.33021e-10 1.58777e-08)
(1.49094e-08 2.27607e-12 1.68376e-09)
(-7.08664e-12 1.59232e-08 9.60618e-11)
(-1.73976e-09 -1.34472e-10 1.58457e-08)
(1.49039e-08 9.63596e-13 1.8649e-09)
(-6.7268e-12 1.59186e-08 9.50705e-11)
(-1.93043e-09 -1.34345e-10 1.58131e-08)
(1.48969e-08 5.07543e-14 2.04136e-09)
(-6.83574e-12 1.5913e-08 9.3471e-11)
(-2.11581e-09 -1.33054e-10 1.57797e-08)
(1.48883e-08 -5.75855e-13 2.2131e-09)
(-7.17042e-12 1.59068e-08 9.1469e-11)
(-2.29578e-09 -1.30938e-10 1.57454e-08)
(1.48784e-08 -1.00456e-12 2.38011e-09)
(-7.59397e-12 1.59003e-08 8.92098e-11)
(-2.47028e-09 -1.2826e-10 1.57102e-08)
(1.48674e-08 -1.29974e-12 2.54238e-09)
(-8.03185e-12 1.58936e-08 8.67942e-11)
(-2.63932e-09 -1.25215e-10 1.56741e-08)
(1.48552e-08 -1.50617e-12 2.69994e-09)
(-8.4451e-12 1.58868e-08 8.42911e-11)
(-2.80291e-09 -1.2194e-10 1.56373e-08)
(1.48422e-08 -1.65389e-12 2.85284e-09)
(-8.81463e-12 1.588e-08 8.17471e-11)
(-2.96113e-09 -1.18531e-10 1.55999e-08)
(1.48283e-08 -1.76255e-12 3.00111e-09)
(-9.13216e-12 1.58732e-08 7.91933e-11)
(-3.11404e-09 -1.15056e-10 1.55621e-08)
(1.48137e-08 -1.84481e-12 3.14482e-09)
(-9.39516e-12 1.58664e-08 7.66504e-11)
(-3.26173e-09 -1.11557e-10 1.55239e-08)
(1.47986e-08 -1.90872e-12 3.28402e-09)
(-9.60401e-12 1.58596e-08 7.41317e-11)
(-3.40431e-09 -1.08064e-10 1.54855e-08)
(1.47829e-08 -1.95944e-12 3.41876e-09)
(-9.7606e-12 1.58528e-08 7.16459e-11)
(-3.54185e-09 -1.04596e-10 1.5447e-08)
(1.47669e-08 -2.00026e-12 3.54913e-09)
(-9.86746e-12 1.58461e-08 6.91986e-11)
(-3.67447e-09 -1.01164e-10 1.54084e-08)
(1.47506e-08 -2.03339e-12 3.67518e-09)
(-9.92748e-12 1.58394e-08 6.67932e-11)
(-3.80225e-09 -9.77774e-11 1.537e-08)
(1.47341e-08 -2.06029e-12 3.79698e-09)
(-9.94365e-12 1.58328e-08 6.44321e-11)
(-3.92531e-09 -9.44397e-11 1.53318e-08)
(1.47175e-08 -2.082e-12 3.91461e-09)
(-9.91897e-12 1.58262e-08 6.21164e-11)
(-4.04375e-09 -9.11543e-11 1.52939e-08)
(1.47009e-08 -2.09924e-12 4.02814e-09)
(-9.85645e-12 1.58197e-08 5.98471e-11)
(-4.15766e-09 -8.79231e-11 1.52563e-08)
(1.46843e-08 -2.11255e-12 4.13764e-09)
(-9.75901e-12 1.58132e-08 5.76245e-11)
(-4.26714e-09 -8.47474e-11 1.52192e-08)
(1.46678e-08 -2.12235e-12 4.24318e-09)
(-9.62953e-12 1.58068e-08 5.54489e-11)
(-4.3723e-09 -8.1628e-11 1.51825e-08)
(1.46514e-08 -2.12893e-12 4.34483e-09)
(-9.47079e-12 1.58005e-08 5.33203e-11)
(-4.47324e-09 -7.85656e-11 1.51465e-08)
(1.46353e-08 -2.13252e-12 4.44268e-09)
(-9.28546e-12 1.57943e-08 5.12387e-11)
(-4.57006e-09 -7.55606e-11 1.51111e-08)
(1.46194e-08 -2.1333e-12 4.53679e-09)
(-9.07614e-12 1.57881e-08 4.92039e-11)
(-4.66285e-09 -7.26132e-11 1.50763e-08)
(1.46039e-08 -2.13141e-12 4.62724e-09)
(-8.84531e-12 1.5782e-08 4.72157e-11)
(-4.75172e-09 -6.97238e-11 1.50423e-08)
(1.45887e-08 -2.12695e-12 4.71411e-09)
(-8.59533e-12 1.5776e-08 4.52739e-11)
(-4.83676e-09 -6.68926e-11 1.50091e-08)
(1.45739e-08 -2.12003e-12 4.79746e-09)
(-8.32848e-12 1.57701e-08 4.33781e-11)
(-4.91806e-09 -6.41198e-11 1.49767e-08)
(1.45595e-08 -2.1107e-12 4.87739e-09)
(-8.0469e-12 1.57642e-08 4.1528e-11)
(-4.99574e-09 -6.14056e-11 1.49451e-08)
(1.45456e-08 -2.09904e-12 4.95395e-09)
(-7.75266e-12 1.57585e-08 3.97233e-11)
(-5.06987e-09 -5.875e-11 1.49144e-08)
(1.45322e-08 -2.08511e-12 5.02723e-09)
(-7.4477e-12 1.57528e-08 3.79636e-11)
(-5.14056e-09 -5.61531e-11 1.48846e-08)
(1.45192e-08 -2.06896e-12 5.0973e-09)
(-7.13387e-12 1.57473e-08 3.62485e-11)
(-5.20789e-09 -5.3615e-11 1.48557e-08)
(1.45068e-08 -2.05065e-12 5.16424e-09)
(-6.81293e-12 1.57418e-08 3.45775e-11)
(-5.27197e-09 -5.11358e-11 1.48277e-08)
(1.4495e-08 -2.03023e-12 5.22811e-09)
(-6.48652e-12 1.57364e-08 3.29502e-11)
(-5.33287e-09 -4.87154e-11 1.48007e-08)
(1.44837e-08 -2.00776e-12 5.28901e-09)
(-6.15621e-12 1.57312e-08 3.13663e-11)
(-5.3907e-09 -4.63539e-11 1.47746e-08)
(1.44729e-08 -1.9833e-12 5.34699e-09)
(-5.82349e-12 1.5726e-08 2.98252e-11)
(-5.44554e-09 -4.40512e-11 1.47495e-08)
(1.44628e-08 -1.95688e-12 5.40213e-09)
(-5.48974e-12 1.57209e-08 2.83265e-11)
(-5.49747e-09 -4.18073e-11 1.47254e-08)
(1.44532e-08 -1.92859e-12 5.45451e-09)
(-5.15628e-12 1.5716e-08 2.68697e-11)
(-5.54659e-09 -3.96222e-11 1.47023e-08)
(1.44441e-08 -1.89845e-12 5.5042e-09)
(-4.82433e-12 1.57112e-08 2.54545e-11)
(-5.59298e-09 -3.74957e-11 1.46801e-08)
(1.44357e-08 -1.86655e-12 5.55127e-09)
(-4.49506e-12 1.57064e-08 2.40803e-11)
(-5.63672e-09 -3.54278e-11 1.46589e-08)
(1.44278e-08 -1.83292e-12 5.59579e-09)
(-4.16955e-12 1.57018e-08 2.27468e-11)
(-5.67791e-09 -3.34183e-11 1.46387e-08)
(1.44205e-08 -1.79763e-12 5.63784e-09)
(-3.84882e-12 1.56973e-08 2.14535e-11)
(-5.71661e-09 -3.14673e-11 1.46194e-08)
(1.44138e-08 -1.76074e-12 5.67749e-09)
(-3.5338e-12 1.56929e-08 2.02e-11)
(-5.75292e-09 -2.95745e-11 1.46011e-08)
(1.44076e-08 -1.7223e-12 5.71482e-09)
(-3.22537e-12 1.56886e-08 1.89859e-11)
(-5.78691e-09 -2.77398e-11 1.45837e-08)
(1.44019e-08 -1.68238e-12 5.74988e-09)
(-2.92436e-12 1.56845e-08 1.78108e-11)
(-5.81867e-09 -2.59632e-11 1.45673e-08)
(1.43968e-08 -1.64102e-12 5.78275e-09)
(-2.63153e-12 1.56804e-08 1.66743e-11)
(-5.84827e-09 -2.42443e-11 1.45517e-08)
(1.43922e-08 -1.59829e-12 5.81351e-09)
(-2.34757e-12 1.56765e-08 1.55761e-11)
(-5.87579e-09 -2.25833e-11 1.4537e-08)
(1.43881e-08 -1.55425e-12 5.84221e-09)
(-2.07313e-12 1.56727e-08 1.45158e-11)
(-5.90131e-09 -2.09797e-11 1.45233e-08)
(1.43845e-08 -1.50895e-12 5.86895e-09)
(-1.80881e-12 1.5669e-08 1.3493e-11)
(-5.92491e-09 -1.94336e-11 1.45103e-08)
(1.43814e-08 -1.46245e-12 5.89377e-09)
(-1.55515e-12 1.56655e-08 1.25075e-11)
(-5.94665e-09 -1.79448e-11 1.44982e-08)
(1.43787e-08 -1.41481e-12 5.91676e-09)
(-1.31264e-12 1.5662e-08 1.1559e-11)
(-5.96662e-09 -1.65131e-11 1.4487e-08)
(1.43764e-08 -1.36608e-12 5.93797e-09)
(-1.08174e-12 1.56587e-08 1.06471e-11)
(-5.9849e-09 -1.51383e-11 1.44765e-08)
(1.43745e-08 -1.31632e-12 5.95749e-09)
(-8.62861e-13 1.56555e-08 9.77158e-12)
(-6.00154e-09 -1.38203e-11 1.44667e-08)
(1.43731e-08 -1.26558e-12 5.97537e-09)
(-6.56357e-13 1.56525e-08 8.93216e-12)
(-6.01663e-09 -1.25589e-11 1.44578e-08)
(1.43719e-08 -1.21393e-12 5.99169e-09)
(-4.62563e-13 1.56496e-08 8.1286e-12)
(-6.03024e-09 -1.1354e-11 1.44495e-08)
(1.43712e-08 -1.16141e-12 6.00652e-09)
(-2.8177e-13 1.56467e-08 7.36067e-12)
(-6.04245e-09 -1.02054e-11 1.4442e-08)
(1.43707e-08 -1.10808e-12 6.01992e-09)
(-1.14238e-13 1.56441e-08 6.62813e-12)
(-6.05331e-09 -9.11294e-12 1.44351e-08)
(1.43705e-08 -1.054e-12 6.03196e-09)
(3.98017e-14 1.56415e-08 5.93079e-12)
(-6.06291e-09 -8.07645e-12 1.44288e-08)
(1.43706e-08 -9.9922e-13 6.04272e-09)
(1.80147e-13 1.56391e-08 5.26845e-12)
(-6.07131e-09 -7.09579e-12 1.44232e-08)
(1.43709e-08 -9.43812e-13 6.05224e-09)
(3.06625e-13 1.56368e-08 4.64092e-12)
(-6.07859e-09 -6.17079e-12 1.44182e-08)
(1.43715e-08 -8.87861e-13 6.06061e-09)
(4.19069e-13 1.56347e-08 4.04801e-12)
(-6.0848e-09 -5.30129e-12 1.44137e-08)
(1.43722e-08 -8.3149e-13 6.0679e-09)
(5.17312e-13 1.56326e-08 3.48955e-12)
(-6.09003e-09 -4.48713e-12 1.44098e-08)
(1.43731e-08 -7.74878e-13 6.07416e-09)
(6.01199e-13 1.56307e-08 2.9654e-12)
(-6.09434e-09 -3.72816e-12 1.44063e-08)
(1.43741e-08 -7.18301e-13 6.07946e-09)
(6.70559e-13 1.5629e-08 2.47538e-12)
(-6.09779e-09 -3.0242e-12 1.44034e-08)
(1.43752e-08 -6.62198e-13 6.08388e-09)
(7.25201e-13 1.56273e-08 2.01937e-12)
(-6.10047e-09 -2.37512e-12 1.44009e-08)
(1.43764e-08 -6.07255e-13 6.08748e-09)
(7.64911e-13 1.56258e-08 1.59727e-12)
(-6.10242e-09 -1.78076e-12 1.43988e-08)
(1.43777e-08 -5.54516e-13 6.09033e-09)
(7.8947e-13 1.56244e-08 1.20907e-12)
(-6.10373e-09 -1.24105e-12 1.43971e-08)
(1.43789e-08 -5.05507e-13 6.09249e-09)
(7.98706e-13 1.56232e-08 8.54942e-13)
(-6.10445e-09 -7.56041e-13 1.43957e-08)
(1.43802e-08 -4.62332e-13 6.09403e-09)
(7.9263e-13 1.56221e-08 5.35369e-13)
(-6.10466e-09 -3.26061e-13 1.43947e-08)
(1.43814e-08 -4.27629e-13 6.09502e-09)
(7.71703e-13 1.56211e-08 2.51403e-13)
(-6.10443e-09 4.81117e-14 1.4394e-08)
(1.43825e-08 -4.04163e-13 6.09553e-09)
(7.37348e-13 1.56203e-08 4.92639e-15)
(-6.10381e-09 3.65018e-13 1.43936e-08)
(1.43835e-08 -3.93676e-13 6.09565e-09)
(6.92814e-13 1.56196e-08 -2.01176e-13)
(-6.10289e-09 6.22527e-13 1.43935e-08)
(1.43844e-08 -3.95355e-13 6.09545e-09)
(6.44505e-13 1.5619e-08 -3.63371e-13)
(-6.10174e-09 8.18596e-13 1.43935e-08)
(1.4385e-08 -4.05863e-13 6.09509e-09)
(6.02211e-13 1.56185e-08 -4.79271e-13)
(-6.10047e-09 9.52594e-13 1.43938e-08)
(1.43853e-08 -4.21849e-13 6.09477e-09)
(5.75203e-13 1.56182e-08 -5.51289e-13)
(-6.09928e-09 1.02503e-12 1.43942e-08)
(5.67668e-13 1.5618e-08 -5.87533e-13)
(-6.09843e-09 1.03687e-12 1.43948e-08)
(1.49211e-08 -2.73723e-12 5.59321e-10)
(-1.47521e-19 1.61694e-08 7.64762e-20)
(-7.1128e-10 -9.91262e-12 1.61173e-08)
(1.49096e-08 2.8079e-12 5.63567e-10)
(-8.5086e-20 1.5684e-08 1.48687e-19)
(-6.24857e-10 -2.47187e-11 1.60842e-08)
(1.49152e-08 4.34427e-12 7.20911e-10)
(-5.17686e-20 1.58429e-08 1.58568e-19)
(-7.47942e-10 -3.22005e-11 1.60465e-08)
(1.49149e-08 4.07769e-12 9.16664e-10)
(-2.45868e-20 1.58982e-08 1.97886e-19)
(-9.41863e-10 -3.65543e-11 1.59955e-08)
(1.49157e-08 3.27067e-12 1.11401e-09)
(6.39953e-21 1.59157e-08 2.52033e-19)
(-1.14516e-09 -3.95897e-11 1.59526e-08)
(1.49155e-08 2.39676e-12 1.30797e-09)
(3.83747e-20 1.59228e-08 3.04438e-19)
(-1.34727e-09 -4.17159e-11 1.59159e-08)
(1.49136e-08 1.63836e-12 1.49786e-09)
(6.43209e-20 1.5924e-08 3.58737e-19)
(-1.54605e-09 -4.30545e-11 1.58818e-08)
(1.491e-08 1.04582e-12 1.68336e-09)
(8.25182e-20 1.59216e-08 4.19023e-19)
(-1.74053e-09 -4.37201e-11 1.58485e-08)
(1.49047e-08 6.08719e-13 1.86432e-09)
(8.47951e-20 1.59173e-08 4.62519e-19)
(-1.93027e-09 -4.38419e-11 1.58153e-08)
(1.48977e-08 2.97094e-13 2.04064e-09)
(8.28339e-20 1.59118e-08 4.55356e-19)
(-2.11499e-09 -4.35484e-11 1.57815e-08)
(1.48892e-08 7.9259e-14 2.21228e-09)
(1.35873e-19 1.59057e-08 3.84864e-19)
(-2.2945e-09 -4.29527e-11 1.57469e-08)
(1.48794e-08 -7.184e-14 2.37922e-09)
(1.98617e-19 1.58993e-08 3.01408e-19)
(-2.4687e-09 -4.21457e-11 1.57115e-08)
(1.48683e-08 -1.7701e-13 2.54144e-09)
(1.94613e-19 1.58926e-08 2.88152e-19)
(-2.63753e-09 -4.1197e-11 1.56754e-08)
(1.48561e-08 -2.51238e-13 2.69898e-09)
(1.61334e-19 1.58859e-08 3.44107e-19)
(-2.801e-09 -4.01572e-11 1.56385e-08)
(1.4843e-08 -3.04839e-13 2.85186e-09)
(1.30743e-19 1.58791e-08 4.29047e-19)
(-2.95915e-09 -3.90623e-11 1.56011e-08)
(1.48291e-08 -3.44687e-13 3.00012e-09)
(1.244e-19 1.58723e-08 5.44702e-19)
(-3.11203e-09 -3.79372e-11 1.55632e-08)
(1.48145e-08 -3.7526e-13 3.14383e-09)
(1.55894e-19 1.58655e-08 6.51843e-19)
(-3.25972e-09 -3.6799e-11 1.5525e-08)
(1.47993e-08 -3.99435e-13 3.28302e-09)
(1.86815e-19 1.58588e-08 7.01625e-19)
(-3.4023e-09 -3.56587e-11 1.54866e-08)
(1.47836e-08 -4.19054e-13 3.41778e-09)
(2.01522e-19 1.5852e-08 7.25193e-19)
(-3.53986e-09 -3.45239e-11 1.5448e-08)
(1.47676e-08 -4.35305e-13 3.54815e-09)
(2.09931e-19 1.58453e-08 7.59556e-19)
(-3.6725e-09 -3.33993e-11 1.54095e-08)
(1.47513e-08 -4.48965e-13 3.67421e-09)
(2.08778e-19 1.58387e-08 8.038e-19)
(-3.80031e-09 -3.22879e-11 1.53711e-08)
(1.47347e-08 -4.60558e-13 3.79602e-09)
(2.05821e-19 1.58321e-08 8.5164e-19)
(-3.9234e-09 -3.11917e-11 1.53328e-08)
(1.47181e-08 -4.70447e-13 3.91366e-09)
(2.04794e-19 1.58255e-08 8.9608e-19)
(-4.04186e-09 -3.0112e-11 1.52949e-08)
(1.47014e-08 -4.78891e-13 4.0272e-09)
(2.03504e-19 1.5819e-08 9.38182e-19)
(-4.1558e-09 -2.90494e-11 1.52573e-08)
(1.46848e-08 -4.86079e-13 4.1367e-09)
(1.96929e-19 1.58126e-08 9.88956e-19)
(-4.26532e-09 -2.80047e-11 1.52201e-08)
(1.46682e-08 -4.92153e-13 4.24225e-09)
(1.82001e-19 1.58062e-08 1.05715e-18)
(-4.37051e-09 -2.6978e-11 1.51835e-08)
(1.46519e-08 -4.97218e-13 4.34392e-09)
(1.59626e-19 1.57999e-08 1.14056e-18)
(-4.47148e-09 -2.59696e-11 1.51474e-08)
(1.46357e-08 -5.01356e-13 4.44177e-09)
(1.30323e-19 1.57937e-08 1.23367e-18)
(-4.56833e-09 -2.49798e-11 1.5112e-08)
(1.46198e-08 -5.04627e-13 4.53589e-09)
(9.7275e-20 1.57875e-08 1.33496e-18)
(-4.66116e-09 -2.40087e-11 1.50772e-08)
(1.46042e-08 -5.07078e-13 4.62636e-09)
(5.97938e-20 1.57815e-08 1.44633e-18)
(-4.75005e-09 -2.30563e-11 1.50432e-08)
(1.4589e-08 -5.08746e-13 4.71324e-09)
(7.08045e-21 1.57755e-08 1.57485e-18)
(-4.83512e-09 -2.21229e-11 1.50099e-08)
(1.45742e-08 -5.09661e-13 4.7966e-09)
(-6.46353e-20 1.57696e-08 1.73071e-18)
(-4.91646e-09 -2.12085e-11 1.49775e-08)
(1.45598e-08 -5.09845e-13 4.87654e-09)
(-1.30888e-19 1.57638e-08 1.91974e-18)
(-4.99417e-09 -2.03131e-11 1.49459e-08)
(1.45459e-08 -5.09318e-13 4.95312e-09)
(-1.80031e-19 1.5758e-08 2.12087e-18)
(-5.06833e-09 -1.94368e-11 1.49151e-08)
(1.45324e-08 -5.08099e-13 5.02641e-09)
(-2.20643e-19 1.57524e-08 2.28784e-18)
(-5.13905e-09 -1.85797e-11 1.48853e-08)
(1.45195e-08 -5.06205e-13 5.09649e-09)
(-2.54624e-19 1.57469e-08 2.39109e-18)
(-5.20642e-09 -1.77417e-11 1.48564e-08)
(1.45071e-08 -5.0365e-13 5.16344e-09)
(-2.88277e-19 1.57414e-08 2.4444e-18)
(-5.27053e-09 -1.69231e-11 1.48284e-08)
(1.44952e-08 -5.0045e-13 5.22733e-09)
(-3.20587e-19 1.57361e-08 2.49344e-18)
(-5.33147e-09 -1.61236e-11 1.48014e-08)
(1.44839e-08 -4.96621e-13 5.28824e-09)
(-3.47359e-19 1.57308e-08 2.57261e-18)
(-5.38932e-09 -1.53435e-11 1.47753e-08)
(1.44731e-08 -4.92178e-13 5.34624e-09)
(-3.77333e-19 1.57257e-08 2.67941e-18)
(-5.44419e-09 -1.45826e-11 1.47502e-08)
(1.44629e-08 -4.87137e-13 5.40139e-09)
(-4.15769e-19 1.57206e-08 2.80123e-18)
(-5.49616e-09 -1.38411e-11 1.4726e-08)
(1.44533e-08 -4.81514e-13 5.45379e-09)
(-4.68711e-19 1.57157e-08 2.93707e-18)
(-5.54531e-09 -1.31188e-11 1.47029e-08)
(1.44443e-08 -4.75325e-13 5.50349e-09)
(-5.36295e-19 1.57109e-08 3.09341e-18)
(-5.59173e-09 -1.24157e-11 1.46807e-08)
(1.44359e-08 -4.68586e-13 5.55058e-09)
(-6.10074e-19 1.57062e-08 3.26172e-18)
(-5.63551e-09 -1.1732e-11 1.46595e-08)
(1.4428e-08 -4.61314e-13 5.59512e-09)
(-6.93974e-19 1.57015e-08 3.42414e-18)
(-5.67672e-09 -1.10674e-11 1.46392e-08)
(1.44207e-08 -4.53526e-13 5.63719e-09)
(-7.96126e-19 1.56971e-08 3.59157e-18)
(-5.71546e-09 -1.04221e-11 1.46199e-08)
(1.44139e-08 -4.45239e-13 5.67686e-09)
(-8.91476e-19 1.56927e-08 3.79392e-18)
(-5.7518e-09 -9.79594e-12 1.46016e-08)
(1.44077e-08 -4.3647e-13 5.7142e-09)
(-9.39261e-19 1.56884e-08 4.02595e-18)
(-5.78583e-09 -9.18895e-12 1.45842e-08)
(1.44021e-08 -4.27236e-13 5.74928e-09)
(-9.61216e-19 1.56843e-08 4.23516e-18)
(-5.81762e-09 -8.60108e-12 1.45677e-08)
(1.4397e-08 -4.17556e-13 5.78217e-09)
(-1.01904e-18 1.56802e-08 4.39105e-18)
(-5.84725e-09 -8.0323e-12 1.45521e-08)
(1.43924e-08 -4.07445e-13 5.81294e-09)
(-1.05306e-18 1.56763e-08 4.50323e-18)
(-5.8748e-09 -7.48256e-12 1.45375e-08)
(1.43883e-08 -3.96922e-13 5.84167e-09)
(-9.32229e-19 1.56725e-08 4.50234e-18)
(-5.90035e-09 -6.95182e-12 1.45237e-08)
(1.43846e-08 -3.86005e-13 5.86842e-09)
(-7.62963e-19 1.56689e-08 4.25918e-18)
(-5.92398e-09 -6.44005e-12 1.45107e-08)
(1.43815e-08 -3.7471e-13 5.89326e-09)
(-6.98517e-19 1.56653e-08 3.85476e-18)
(-5.94576e-09 -5.94719e-12 1.44986e-08)
(1.43788e-08 -3.63055e-13 5.91627e-09)
(-6.63035e-19 1.56619e-08 3.50443e-18)
(-5.96576e-09 -5.47321e-12 1.44873e-08)
(1.43765e-08 -3.51057e-13 5.9375e-09)
(-5.7526e-19 1.56586e-08 3.23272e-18)
(-5.98407e-09 -5.01806e-12 1.44768e-08)
(1.43746e-08 -3.38734e-13 5.95704e-09)
(-4.48472e-19 1.56554e-08 2.94579e-18)
(-6.00075e-09 -4.58168e-12 1.44671e-08)
(1.43732e-08 -3.26101e-13 5.97495e-09)
(-3.40832e-19 1.56524e-08 2.61762e-18)
(-6.01587e-09 -4.16405e-12 1.44581e-08)
(1.4372e-08 -3.13177e-13 5.99129e-09)
(-3.02055e-19 1.56495e-08 2.31165e-18)
(-6.02951e-09 -3.76509e-12 1.44498e-08)
(1.43713e-08 -2.99978e-13 6.00613e-09)
(-3.24944e-19 1.56467e-08 2.11956e-18)
(-6.04175e-09 -3.38478e-12 1.44422e-08)
(1.43708e-08 -2.86522e-13 6.01955e-09)
(-3.78479e-19 1.5644e-08 2.07789e-18)
(-6.05265e-09 -3.02305e-12 1.44353e-08)
(1.43706e-08 -2.72828e-13 6.03162e-09)
(-4.34574e-19 1.56415e-08 2.15515e-18)
(-6.06228e-09 -2.67987e-12 1.44291e-08)
(1.43707e-08 -2.58915e-13 6.04239e-09)
(-5.21805e-19 1.5639e-08 2.29576e-18)
(-6.07071e-09 -2.35519e-12 1.44234e-08)
(1.4371e-08 -2.44804e-13 6.05193e-09)
(-6.15326e-19 1.56368e-08 2.48066e-18)
(-6.07802e-09 -2.04894e-12 1.44184e-08)
(1.43716e-08 -2.30529e-13 6.06033e-09)
(-6.84291e-19 1.56346e-08 2.6606e-18)
(-6.08427e-09 -1.76109e-12 1.44139e-08)
(1.43723e-08 -2.16139e-13 6.06763e-09)
(-7.81535e-19 1.56326e-08 2.79514e-18)
(-6.08953e-09 -1.49159e-12 1.44099e-08)
(1.43732e-08 -2.01703e-13 6.07391e-09)
(-8.10507e-19 1.56307e-08 2.93337e-18)
(-6.09387e-09 -1.24037e-12 1.44065e-08)
(1.43742e-08 -1.87329e-13 6.07924e-09)
(-7.12045e-19 1.56289e-08 3.02275e-18)
(-6.09735e-09 -1.00738e-12 1.44035e-08)
(1.43753e-08 -1.73186e-13 6.08368e-09)
(-5.72478e-19 1.56273e-08 2.97622e-18)
(-6.10006e-09 -7.9258e-13 1.4401e-08)
(1.43765e-08 -1.59535e-13 6.0873e-09)
(-4.23024e-19 1.56258e-08 2.83735e-18)
(-6.10205e-09 -5.95903e-13 1.43988e-08)
(1.43777e-08 -1.46758e-13 6.09016e-09)
(-3.36676e-19 1.56244e-08 2.67152e-18)
(-6.10339e-09 -4.17326e-13 1.43971e-08)
(1.4379e-08 -1.35393e-13 6.09234e-09)
(-2.92875e-19 1.56232e-08 2.46825e-18)
(-6.10414e-09 -2.56868e-13 1.43958e-08)
(1.43802e-08 -1.26139e-13 6.0939e-09)
(-3.19962e-19 1.56221e-08 2.16972e-18)
(-6.10439e-09 -1.14648e-13 1.43948e-08)
(1.43814e-08 -1.19798e-13 6.09491e-09)
(-5.57688e-19 1.56211e-08 2.00066e-18)
(-6.10418e-09 9.04842e-15 1.43941e-08)
(1.43825e-08 -1.17095e-13 6.09545e-09)
(-7.53121e-19 1.56203e-08 2.27472e-18)
(-6.1036e-09 1.13701e-13 1.43936e-08)
(1.43835e-08 -1.18303e-13 6.09559e-09)
(-7.59817e-19 1.56196e-08 2.7699e-18)
(-6.10272e-09 1.98572e-13 1.43935e-08)
(1.43844e-08 -1.22878e-13 6.09542e-09)
(-9.05109e-19 1.5619e-08 3.22891e-18)
(-6.10162e-09 2.62924e-13 1.43935e-08)
(1.4385e-08 -1.29547e-13 6.09507e-09)
(-7.72585e-19 1.56185e-08 3.7355e-18)
(-6.10039e-09 3.0633e-13 1.43938e-08)
(1.43853e-08 -1.36874e-13 6.09476e-09)
(1.07018e-18 1.56182e-08 3.5986e-18)
(-6.09923e-09 3.28688e-13 1.43942e-08)
(2.01832e-18 1.5618e-08 1.96995e-18)
(-6.09842e-09 3.30616e-13 1.43947e-08)
(1.49211e-08 2.73723e-12 5.59321e-10)
(1.31776e-10 1.61726e-08 -2.15741e-11)
(-7.1128e-10 9.91262e-12 1.61173e-08)
(1.49096e-08 -2.8079e-12 5.63567e-10)
(7.68047e-11 1.57005e-08 -5.69065e-11)
(-6.24857e-10 2.47187e-11 1.60842e-08)
(1.49152e-08 -4.34427e-12 7.20911e-10)
(4.44921e-11 1.58542e-08 -7.66735e-11)
(-7.47942e-10 3.22005e-11 1.60465e-08)
(1.49149e-08 -4.07769e-12 9.16664e-10)
(2.69646e-11 1.59054e-08 -8.64392e-11)
(-9.41863e-10 3.65543e-11 1.59955e-08)
(1.49157e-08 -3.27067e-12 1.11401e-09)
(1.6803e-11 1.59203e-08 -9.1978e-11)
(-1.14516e-09 3.95897e-11 1.59526e-08)
(1.49155e-08 -2.39676e-12 1.30797e-09)
(1.11813e-11 1.59259e-08 -9.49717e-11)
(-1.34727e-09 4.17159e-11 1.59159e-08)
(1.49136e-08 -1.63836e-12 1.49786e-09)
(8.33429e-12 1.59261e-08 -9.61589e-11)
(-1.54605e-09 4.30545e-11 1.58818e-08)
(1.491e-08 -1.04582e-12 1.68336e-09)
(7.08664e-12 1.59232e-08 -9.60618e-11)
(-1.74053e-09 4.37201e-11 1.58485e-08)
(1.49047e-08 -6.08719e-13 1.86432e-09)
(6.7268e-12 1.59186e-08 -9.50705e-11)
(-1.93027e-09 4.38419e-11 1.58153e-08)
(1.48977e-08 -2.97095e-13 2.04064e-09)
(6.83574e-12 1.5913e-08 -9.3471e-11)
(-2.11499e-09 4.35484e-11 1.57815e-08)
(1.48892e-08 -7.92595e-14 2.21228e-09)
(7.17042e-12 1.59068e-08 -9.1469e-11)
(-2.2945e-09 4.29527e-11 1.57469e-08)
(1.48794e-08 7.18393e-14 2.37922e-09)
(7.59397e-12 1.59003e-08 -8.92098e-11)
(-2.4687e-09 4.21457e-11 1.57115e-08)
(1.48683e-08 1.77009e-13 2.54144e-09)
(8.03185e-12 1.58936e-08 -8.67942e-11)
(-2.63753e-09 4.1197e-11 1.56754e-08)
(1.48561e-08 2.51237e-13 2.69898e-09)
(8.4451e-12 1.58868e-08 -8.4291e-11)
(-2.801e-09 4.01572e-11 1.56385e-08)
(1.4843e-08 3.04838e-13 2.85186e-09)
(8.81463e-12 1.588e-08 -8.17471e-11)
(-2.95915e-09 3.90623e-11 1.56011e-08)
(1.48291e-08 3.44686e-13 3.00012e-09)
(9.13216e-12 1.58732e-08 -7.91933e-11)
(-3.11203e-09 3.79372e-11 1.55632e-08)
(1.48145e-08 3.75259e-13 3.14383e-09)
(9.39516e-12 1.58664e-08 -7.66504e-11)
(-3.25972e-09 3.6799e-11 1.5525e-08)
(1.47993e-08 3.99434e-13 3.28302e-09)
(9.60401e-12 1.58596e-08 -7.41317e-11)
(-3.4023e-09 3.56587e-11 1.54866e-08)
(1.47836e-08 4.19053e-13 3.41778e-09)
(9.7606e-12 1.58528e-08 -7.16459e-11)
(-3.53986e-09 3.45239e-11 1.5448e-08)
(1.47676e-08 4.35303e-13 3.54815e-09)
(9.86746e-12 1.58461e-08 -6.91986e-11)
(-3.6725e-09 3.33993e-11 1.54095e-08)
(1.47513e-08 4.48963e-13 3.67421e-09)
(9.92748e-12 1.58394e-08 -6.67932e-11)
(-3.80031e-09 3.22879e-11 1.53711e-08)
(1.47347e-08 4.60556e-13 3.79602e-09)
(9.94365e-12 1.58328e-08 -6.44321e-11)
(-3.9234e-09 3.11917e-11 1.53328e-08)
(1.47181e-08 4.70445e-13 3.91366e-09)
(9.91897e-12 1.58262e-08 -6.21164e-11)
(-4.04186e-09 3.0112e-11 1.52949e-08)
(1.47014e-08 4.78889e-13 4.0272e-09)
(9.85645e-12 1.58197e-08 -5.98471e-11)
(-4.1558e-09 2.90494e-11 1.52573e-08)
(1.46848e-08 4.86077e-13 4.1367e-09)
(9.75901e-12 1.58132e-08 -5.76245e-11)
(-4.26532e-09 2.80046e-11 1.52201e-08)
(1.46682e-08 4.92151e-13 4.24225e-09)
(9.62953e-12 1.58068e-08 -5.54489e-11)
(-4.37051e-09 2.6978e-11 1.51835e-08)
(1.46519e-08 4.97217e-13 4.34392e-09)
(9.47079e-12 1.58005e-08 -5.33203e-11)
(-4.47148e-09 2.59696e-11 1.51474e-08)
(1.46357e-08 5.01354e-13 4.44177e-09)
(9.28546e-12 1.57943e-08 -5.12387e-11)
(-4.56833e-09 2.49798e-11 1.5112e-08)
(1.46198e-08 5.04625e-13 4.53589e-09)
(9.07614e-12 1.57881e-08 -4.92039e-11)
(-4.66116e-09 2.40087e-11 1.50772e-08)
(1.46042e-08 5.07076e-13 4.62636e-09)
(8.84531e-12 1.5782e-08 -4.72157e-11)
(-4.75005e-09 2.30563e-11 1.50432e-08)
(1.4589e-08 5.08745e-13 4.71324e-09)
(8.59533e-12 1.5776e-08 -4.52739e-11)
(-4.83512e-09 2.21229e-11 1.50099e-08)
(1.45742e-08 5.09659e-13 4.7966e-09)
(8.32848e-12 1.57701e-08 -4.33781e-11)
(-4.91646e-09 2.12084e-11 1.49775e-08)
(1.45598e-08 5.09843e-13 4.87654e-09)
(8.0469e-12 1.57642e-08 -4.1528e-11)
(-4.99417e-09 2.0313e-11 1.49459e-08)
(1.45459e-08 5.09316e-13 4.95312e-09)
(7.75266e-12 1.57585e-08 -3.97233e-11)
(-5.06833e-09 1.94368e-11 1.49151e-08)
(1.45324e-08 5.08097e-13 5.02641e-09)
(7.4477e-12 1.57528e-08 -3.79636e-11)
(-5.13905e-09 1.85796e-11 1.48853e-08)
(1.45195e-08 5.06203e-13 5.09649e-09)
(7.13387e-12 1.57473e-08 -3.62485e-11)
(-5.20642e-09 1.77417e-11 1.48564e-08)
(1.45071e-08 5.03648e-13 5.16344e-09)
(6.81293e-12 1.57418e-08 -3.45775e-11)
(-5.27053e-09 1.69231e-11 1.48284e-08)
(1.44952e-08 5.00448e-13 5.22733e-09)
(6.48652e-12 1.57364e-08 -3.29502e-11)
(-5.33147e-09 1.61236e-11 1.48014e-08)
(1.44839e-08 4.96619e-13 5.28824e-09)
(6.15621e-12 1.57312e-08 -3.13663e-11)
(-5.38932e-09 1.53435e-11 1.47753e-08)
(1.44731e-08 4.92176e-13 5.34624e-09)
(5.82349e-12 1.5726e-08 -2.98252e-11)
(-5.44419e-09 1.45826e-11 1.47502e-08)
(1.44629e-08 4.87135e-13 5.40139e-09)
(5.48974e-12 1.57209e-08 -2.83265e-11)
(-5.49616e-09 1.3841e-11 1.4726e-08)
(1.44533e-08 4.81512e-13 5.45379e-09)
(5.15628e-12 1.5716e-08 -2.68697e-11)
(-5.54531e-09 1.31188e-11 1.47029e-08)
(1.44443e-08 4.75323e-13 5.50349e-09)
(4.82433e-12 1.57112e-08 -2.54545e-11)
(-5.59173e-09 1.24157e-11 1.46807e-08)
(1.44359e-08 4.68584e-13 5.55058e-09)
(4.49506e-12 1.57064e-08 -2.40803e-11)
(-5.63551e-09 1.17319e-11 1.46595e-08)
(1.4428e-08 4.61312e-13 5.59512e-09)
(4.16955e-12 1.57018e-08 -2.27468e-11)
(-5.67672e-09 1.10674e-11 1.46392e-08)
(1.44207e-08 4.53524e-13 5.63719e-09)
(3.84882e-12 1.56973e-08 -2.14535e-11)
(-5.71546e-09 1.04221e-11 1.46199e-08)
(1.44139e-08 4.45237e-13 5.67686e-09)
(3.5338e-12 1.56929e-08 -2.02e-11)
(-5.7518e-09 9.79594e-12 1.46016e-08)
(1.44077e-08 4.36468e-13 5.7142e-09)
(3.22537e-12 1.56886e-08 -1.89859e-11)
(-5.78583e-09 9.18895e-12 1.45842e-08)
(1.44021e-08 4.27235e-13 5.74928e-09)
(2.92436e-12 1.56845e-08 -1.78108e-11)
(-5.81762e-09 8.60108e-12 1.45677e-08)
(1.4397e-08 4.17555e-13 5.78217e-09)
(2.63153e-12 1.56804e-08 -1.66743e-11)
(-5.84725e-09 8.03229e-12 1.45521e-08)
(1.43924e-08 4.07444e-13 5.81294e-09)
(2.34757e-12 1.56765e-08 -1.55761e-11)
(-5.8748e-09 7.48255e-12 1.45375e-08)
(1.43883e-08 3.96922e-13 5.84167e-09)
(2.07313e-12 1.56727e-08 -1.45158e-11)
(-5.90035e-09 6.95182e-12 1.45237e-08)
(1.43846e-08 3.86005e-13 5.86842e-09)
(1.80881e-12 1.5669e-08 -1.3493e-11)
(-5.92398e-09 6.44004e-12 1.45107e-08)
(1.43815e-08 3.7471e-13 5.89326e-09)
(1.55515e-12 1.56655e-08 -1.25075e-11)
(-5.94576e-09 5.94719e-12 1.44986e-08)
(1.43788e-08 3.63055e-13 5.91627e-09)
(1.31264e-12 1.5662e-08 -1.1559e-11)
(-5.96576e-09 5.47321e-12 1.44873e-08)
(1.43765e-08 3.51057e-13 5.9375e-09)
(1.08174e-12 1.56587e-08 -1.06471e-11)
(-5.98407e-09 5.01805e-12 1.44768e-08)
(1.43746e-08 3.38733e-13 5.95704e-09)
(8.6286e-13 1.56555e-08 -9.77158e-12)
(-6.00075e-09 4.58168e-12 1.44671e-08)
(1.43732e-08 3.26101e-13 5.97495e-09)
(6.56356e-13 1.56525e-08 -8.93216e-12)
(-6.01587e-09 4.16404e-12 1.44581e-08)
(1.4372e-08 3.13177e-13 5.99129e-09)
(4.62562e-13 1.56496e-08 -8.1286e-12)
(-6.02951e-09 3.76509e-12 1.44498e-08)
(1.43713e-08 2.99978e-13 6.00613e-09)
(2.81769e-13 1.56467e-08 -7.36066e-12)
(-6.04175e-09 3.38477e-12 1.44422e-08)
(1.43708e-08 2.86522e-13 6.01955e-09)
(1.14237e-13 1.56441e-08 -6.62812e-12)
(-6.05265e-09 3.02305e-12 1.44353e-08)
(1.43706e-08 2.72827e-13 6.03162e-09)
(-3.98026e-14 1.56415e-08 -5.93078e-12)
(-6.06228e-09 2.67987e-12 1.44291e-08)
(1.43707e-08 2.58914e-13 6.04239e-09)
(-1.80148e-13 1.56391e-08 -5.26844e-12)
(-6.07071e-09 2.35518e-12 1.44234e-08)
(1.4371e-08 2.44803e-13 6.05193e-09)
(-3.06627e-13 1.56368e-08 -4.64091e-12)
(-6.07802e-09 2.04894e-12 1.44184e-08)
(1.43716e-08 2.30529e-13 6.06033e-09)
(-4.1907e-13 1.56347e-08 -4.048e-12)
(-6.08427e-09 1.76109e-12 1.44139e-08)
(1.43723e-08 2.16139e-13 6.06763e-09)
(-5.17313e-13 1.56326e-08 -3.48955e-12)
(-6.08953e-09 1.49158e-12 1.44099e-08)
(1.43732e-08 2.01703e-13 6.07391e-09)
(-6.012e-13 1.56307e-08 -2.96539e-12)
(-6.09387e-09 1.24036e-12 1.44065e-08)
(1.43742e-08 1.87328e-13 6.07924e-09)
(-6.7056e-13 1.5629e-08 -2.47538e-12)
(-6.09735e-09 1.00738e-12 1.44035e-08)
(1.43753e-08 1.73186e-13 6.08368e-09)
(-7.25202e-13 1.56273e-08 -2.01937e-12)
(-6.10006e-09 7.92575e-13 1.4401e-08)
(1.43765e-08 1.59534e-13 6.0873e-09)
(-7.64912e-13 1.56258e-08 -1.59727e-12)
(-6.10205e-09 5.95899e-13 1.43988e-08)
(1.43777e-08 1.46757e-13 6.09016e-09)
(-7.89471e-13 1.56244e-08 -1.20907e-12)
(-6.10339e-09 4.17321e-13 1.43971e-08)
(1.4379e-08 1.35392e-13 6.09234e-09)
(-7.98707e-13 1.56232e-08 -8.54937e-13)
(-6.10414e-09 2.56863e-13 1.43958e-08)
(1.43802e-08 1.26138e-13 6.0939e-09)
(-7.9263e-13 1.56221e-08 -5.35366e-13)
(-6.10439e-09 1.14643e-13 1.43948e-08)
(1.43814e-08 1.19797e-13 6.09491e-09)
(-7.71704e-13 1.56211e-08 -2.51399e-13)
(-6.10418e-09 -9.0535e-15 1.43941e-08)
(1.43825e-08 1.17094e-13 6.09545e-09)
(-7.37349e-13 1.56203e-08 -4.92146e-15)
(-6.1036e-09 -1.13707e-13 1.43936e-08)
(1.43835e-08 1.18301e-13 6.09559e-09)
(-6.92816e-13 1.56196e-08 2.01182e-13)
(-6.10272e-09 -1.98577e-13 1.43935e-08)
(1.43844e-08 1.22876e-13 6.09542e-09)
(-6.44507e-13 1.5619e-08 3.63378e-13)
(-6.10162e-09 -2.6293e-13 1.43935e-08)
(1.4385e-08 1.29545e-13 6.09507e-09)
(-6.02213e-13 1.56185e-08 4.79279e-13)
(-6.10039e-09 -3.06336e-13 1.43938e-08)
(1.43853e-08 1.36876e-13 6.09476e-09)
(-5.75202e-13 1.56182e-08 5.51295e-13)
(-6.09923e-09 -3.28693e-13 1.43942e-08)
(-5.67666e-13 1.5618e-08 5.87537e-13)
(-6.09842e-09 -3.30617e-13 1.43947e-08)
(1.49209e-08 5.34124e-12 5.38209e-10)
(2.89484e-10 1.61881e-08 -4.5423e-11)
(-6.69651e-10 3.2826e-11 1.61129e-08)
(1.49095e-08 -1.33035e-11 5.57247e-10)
(1.51664e-10 1.57567e-08 -1.19344e-10)
(-6.05202e-10 8.04614e-11 1.60667e-08)
(1.49147e-08 -1.62002e-11 7.19256e-10)
(8.32167e-11 1.58887e-08 -1.59399e-10)
(-7.37508e-10 1.02609e-10 1.6029e-08)
(1.49146e-08 -1.33865e-11 9.15966e-10)
(4.9303e-11 1.5925e-08 -1.79422e-10)
(-9.3454e-10 1.14988e-10 1.59824e-08)
(1.49155e-08 -9.78277e-12 1.11364e-09)
(3.05645e-11 1.59325e-08 -1.9053e-10)
(-1.13984e-09 1.23631e-10 1.59437e-08)
(1.49151e-08 -6.61281e-12 1.30788e-09)
(2.06447e-11 1.5934e-08 -1.96047e-10)
(-1.34375e-09 1.29543e-10 1.591e-08)
(1.49131e-08 -4.11944e-12 1.49803e-09)
(1.5838e-11 1.59319e-08 -1.97756e-10)
(-1.54405e-09 1.33021e-10 1.58777e-08)
(1.49094e-08 -2.27607e-12 1.68376e-09)
(1.38724e-11 1.59278e-08 -1.96906e-10)
(-1.73976e-09 1.34472e-10 1.58457e-08)
(1.49039e-08 -9.63596e-13 1.8649e-09)
(1.34544e-11 1.59224e-08 -1.94356e-10)
(-1.93043e-09 1.34345e-10 1.58131e-08)
(1.48969e-08 -5.07548e-14 2.04136e-09)
(1.38399e-11 1.59164e-08 -1.90694e-10)
(-2.11581e-09 1.33054e-10 1.57797e-08)
(1.48883e-08 5.75854e-13 2.2131e-09)
(1.46013e-11 1.591e-08 -1.8632e-10)
(-2.29578e-09 1.30938e-10 1.57454e-08)
(1.48784e-08 1.00456e-12 2.38011e-09)
(1.54991e-11 1.59033e-08 -1.81507e-10)
(-2.47028e-09 1.2826e-10 1.57102e-08)
(1.48674e-08 1.29974e-12 2.54238e-09)
(1.64033e-11 1.58965e-08 -1.76439e-10)
(-2.63932e-09 1.25215e-10 1.56741e-08)
(1.48552e-08 1.50617e-12 2.69994e-09)
(1.72464e-11 1.58897e-08 -1.71238e-10)
(-2.80291e-09 1.2194e-10 1.56373e-08)
(1.48422e-08 1.65389e-12 2.85284e-09)
(1.79955e-11 1.58828e-08 -1.65987e-10)
(-2.96113e-09 1.18531e-10 1.55999e-08)
(1.48283e-08 1.76255e-12 3.00111e-09)
(1.86369e-11 1.58759e-08 -1.60739e-10)
(-3.11404e-09 1.15056e-10 1.55621e-08)
(1.48137e-08 1.84481e-12 3.14482e-09)
(1.91667e-11 1.5869e-08 -1.55529e-10)
(-3.26173e-09 1.11557e-10 1.55239e-08)
(1.47986e-08 1.90872e-12 3.28402e-09)
(1.95865e-11 1.58621e-08 -1.5038e-10)
(-3.40431e-09 1.08064e-10 1.54855e-08)
(1.47829e-08 1.95943e-12 3.41876e-09)
(1.99002e-11 1.58552e-08 -1.45306e-10)
(-3.54185e-09 1.04596e-10 1.5447e-08)
(1.47669e-08 2.00026e-12 3.54913e-09)
(2.01132e-11 1.58484e-08 -1.40316e-10)
(-3.67447e-09 1.01164e-10 1.54084e-08)
(1.47506e-08 2.03339e-12 3.67518e-09)
(2.02313e-11 1.58417e-08 -1.35415e-10)
(-3.80225e-09 9.77774e-11 1.537e-08)
(1.47341e-08 2.06029e-12 3.79698e-09)
(2.02606e-11 1.5835e-08 -1.30608e-10)
(-3.92531e-09 9.44397e-11 1.53318e-08)
(1.47175e-08 2.08199e-12 3.91461e-09)
(2.02073e-11 1.58283e-08 -1.25896e-10)
(-4.04375e-09 9.11543e-11 1.52939e-08)
(1.47009e-08 2.09923e-12 4.02814e-09)
(2.00774e-11 1.58217e-08 -1.21281e-10)
(-4.15766e-09 8.79231e-11 1.52563e-08)
(1.46843e-08 2.11255e-12 4.13764e-09)
(1.98769e-11 1.58152e-08 -1.16762e-10)
(-4.26714e-09 8.47474e-11 1.52192e-08)
(1.46678e-08 2.12235e-12 4.24318e-09)
(1.96117e-11 1.58088e-08 -1.12341e-10)
(-4.3723e-09 8.1628e-11 1.51825e-08)
(1.46514e-08 2.12893e-12 4.34483e-09)
(1.92873e-11 1.58024e-08 -1.08017e-10)
(-4.47324e-09 7.85656e-11 1.51465e-08)
(1.46353e-08 2.13252e-12 4.44268e-09)
(1.89092e-11 1.57961e-08 -1.03789e-10)
(-4.57006e-09 7.55606e-11 1.51111e-08)
(1.46194e-08 2.1333e-12 4.53679e-09)
(1.84828e-11 1.57898e-08 -9.9658e-11)
(-4.66285e-09 7.26132e-11 1.50763e-08)
(1.46039e-08 2.13141e-12 4.62724e-09)
(1.80129e-11 1.57837e-08 -9.56226e-11)
(-4.75172e-09 6.97238e-11 1.50423e-08)
(1.45887e-08 2.12695e-12 4.71411e-09)
(1.75044e-11 1.57776e-08 -9.16824e-11)
(-4.83676e-09 6.68926e-11 1.50091e-08)
(1.45739e-08 2.12002e-12 4.79746e-09)
(1.69619e-11 1.57716e-08 -8.78366e-11)
(-4.91806e-09 6.41198e-11 1.49767e-08)
(1.45595e-08 2.1107e-12 4.87739e-09)
(1.63897e-11 1.57657e-08 -8.40845e-11)
(-4.99574e-09 6.14056e-11 1.49451e-08)
(1.45456e-08 2.09904e-12 4.95395e-09)
(1.5792e-11 1.57599e-08 -8.04254e-11)
(-5.06987e-09 5.875e-11 1.49144e-08)
(1.45322e-08 2.0851e-12 5.02723e-09)
(1.51728e-11 1.57542e-08 -7.68582e-11)
(-5.14056e-09 5.61531e-11 1.48846e-08)
(1.45192e-08 2.06896e-12 5.0973e-09)
(1.45357e-11 1.57486e-08 -7.33821e-11)
(-5.20789e-09 5.3615e-11 1.48557e-08)
(1.45068e-08 2.05065e-12 5.16424e-09)
(1.38843e-11 1.57431e-08 -6.99962e-11)
(-5.27197e-09 5.11358e-11 1.48277e-08)
(1.4495e-08 2.03023e-12 5.22811e-09)
(1.3222e-11 1.57377e-08 -6.66996e-11)
(-5.33287e-09 4.87154e-11 1.48007e-08)
(1.44837e-08 2.00776e-12 5.28901e-09)
(1.25519e-11 1.57323e-08 -6.34912e-11)
(-5.3907e-09 4.63539e-11 1.47746e-08)
(1.44729e-08 1.98329e-12 5.34699e-09)
(1.18769e-11 1.57271e-08 -6.03702e-11)
(-5.44554e-09 4.40512e-11 1.47495e-08)
(1.44628e-08 1.95688e-12 5.40213e-09)
(1.12e-11 1.5722e-08 -5.73355e-11)
(-5.49747e-09 4.18073e-11 1.47254e-08)
(1.44532e-08 1.92858e-12 5.45451e-09)
(1.05237e-11 1.5717e-08 -5.43862e-11)
(-5.54659e-09 3.96222e-11 1.47023e-08)
(1.44441e-08 1.89845e-12 5.5042e-09)
(9.85051e-12 1.57121e-08 -5.15213e-11)
(-5.59298e-09 3.74957e-11 1.46801e-08)
(1.44357e-08 1.86654e-12 5.55127e-09)
(9.18278e-12 1.57074e-08 -4.874e-11)
(-5.63672e-09 3.54278e-11 1.46589e-08)
(1.44278e-08 1.83292e-12 5.59579e-09)
(8.52268e-12 1.57027e-08 -4.60412e-11)
(-5.67791e-09 3.34183e-11 1.46387e-08)
(1.44205e-08 1.79763e-12 5.63784e-09)
(7.87225e-12 1.56981e-08 -4.34242e-11)
(-5.71661e-09 3.14673e-11 1.46194e-08)
(1.44138e-08 1.76074e-12 5.67749e-09)
(7.23339e-12 1.56937e-08 -4.08879e-11)
(-5.75292e-09 2.95745e-11 1.46011e-08)
(1.44076e-08 1.7223e-12 5.71482e-09)
(6.60788e-12 1.56894e-08 -3.84315e-11)
(-5.78691e-09 2.77398e-11 1.45837e-08)
(1.44019e-08 1.68238e-12 5.74988e-09)
(5.99737e-12 1.56852e-08 -3.60542e-11)
(-5.81867e-09 2.59631e-11 1.45673e-08)
(1.43968e-08 1.64102e-12 5.78275e-09)
(5.40336e-12 1.56811e-08 -3.37553e-11)
(-5.84827e-09 2.42443e-11 1.45517e-08)
(1.43922e-08 1.59829e-12 5.81351e-09)
(4.82729e-12 1.56771e-08 -3.15338e-11)
(-5.87579e-09 2.25833e-11 1.4537e-08)
(1.43881e-08 1.55425e-12 5.84221e-09)
(4.27044e-12 1.56733e-08 -2.93892e-11)
(-5.90131e-09 2.09797e-11 1.45233e-08)
(1.43845e-08 1.50895e-12 5.86895e-09)
(3.73401e-12 1.56696e-08 -2.73206e-11)
(-5.92491e-09 1.94336e-11 1.45103e-08)
(1.43814e-08 1.46245e-12 5.89377e-09)
(3.21909e-12 1.5666e-08 -2.53274e-11)
(-5.94665e-09 1.79448e-11 1.44982e-08)
(1.43787e-08 1.41481e-12 5.91676e-09)
(2.72668e-12 1.56625e-08 -2.3409e-11)
(-5.96662e-09 1.65131e-11 1.4487e-08)
(1.43764e-08 1.36608e-12 5.93797e-09)
(2.25769e-12 1.56592e-08 -2.15647e-11)
(-5.9849e-09 1.51383e-11 1.44765e-08)
(1.43745e-08 1.31632e-12 5.95749e-09)
(1.81293e-12 1.5656e-08 -1.97939e-11)
(-6.00154e-09 1.38203e-11 1.44667e-08)
(1.43731e-08 1.26558e-12 5.97537e-09)
(1.39314e-12 1.56529e-08 -1.80962e-11)
(-6.01663e-09 1.25589e-11 1.44578e-08)
(1.43719e-08 1.21393e-12 5.99169e-09)
(9.98976e-13 1.56499e-08 -1.64709e-11)
(-6.03024e-09 1.1354e-11 1.44495e-08)
(1.43712e-08 1.16141e-12 6.00652e-09)
(6.31024e-13 1.56471e-08 -1.49176e-11)
(-6.04245e-09 1.02054e-11 1.4442e-08)
(1.43707e-08 1.10808e-12 6.01992e-09)
(2.89803e-13 1.56444e-08 -1.34357e-11)
(-6.05331e-09 9.11294e-12 1.44351e-08)
(1.43705e-08 1.054e-12 6.03196e-09)
(-2.42286e-14 1.56418e-08 -1.2025e-11)
(-6.06291e-09 8.07645e-12 1.44288e-08)
(1.43706e-08 9.99219e-13 6.04272e-09)
(-3.10664e-13 1.56393e-08 -1.06849e-11)
(-6.07131e-09 7.09578e-12 1.44232e-08)
(1.43709e-08 9.43811e-13 6.05224e-09)
(-5.69153e-13 1.5637e-08 -9.41514e-12)
(-6.07859e-09 6.17078e-12 1.44182e-08)
(1.43715e-08 8.87859e-13 6.06061e-09)
(-7.99375e-13 1.56348e-08 -8.21524e-12)
(-6.0848e-09 5.30128e-12 1.44137e-08)
(1.43722e-08 8.31489e-13 6.0679e-09)
(-1.00102e-12 1.56328e-08 -7.0849e-12)
(-6.09003e-09 4.48712e-12 1.44098e-08)
(1.43731e-08 7.74877e-13 6.07416e-09)
(-1.17378e-12 1.56309e-08 -6.02378e-12)
(-6.09434e-09 3.72815e-12 1.44063e-08)
(1.43741e-08 7.183e-13 6.07946e-09)
(-1.31735e-12 1.56291e-08 -5.03157e-12)
(-6.09779e-09 3.0242e-12 1.44034e-08)
(1.43752e-08 6.62198e-13 6.08388e-09)
(-1.43135e-12 1.56274e-08 -4.10799e-12)
(-6.10047e-09 2.37511e-12 1.44009e-08)
(1.43764e-08 6.07254e-13 6.08748e-09)
(-1.51538e-12 1.56259e-08 -3.25287e-12)
(-6.10242e-09 1.78075e-12 1.43988e-08)
(1.43777e-08 5.54515e-13 6.09033e-09)
(-1.569e-12 1.56245e-08 -2.46616e-12)
(-6.10373e-09 1.24104e-12 1.43971e-08)
(1.43789e-08 5.05506e-13 6.09249e-09)
(-1.59183e-12 1.56232e-08 -1.74813e-12)
(-6.10445e-09 7.56036e-13 1.43957e-08)
(1.43802e-08 4.62331e-13 6.09403e-09)
(-1.58374e-12 1.56221e-08 -1.09966e-12)
(-6.10466e-09 3.26057e-13 1.43947e-08)
(1.43814e-08 4.27628e-13 6.09502e-09)
(-1.54537e-12 1.56211e-08 -5.22669e-13)
(-6.10443e-09 -4.81165e-14 1.4394e-08)
(1.43825e-08 4.04162e-13 6.09553e-09)
(-1.47901e-12 1.56203e-08 -2.08108e-14)
(-6.10381e-09 -3.65023e-13 1.43936e-08)
(1.43835e-08 3.93676e-13 6.09565e-09)
(-1.39039e-12 1.56195e-08 3.99843e-13)
(-6.10289e-09 -6.22533e-13 1.43935e-08)
(1.43844e-08 3.95354e-13 6.09545e-09)
(-1.29202e-12 1.56189e-08 7.30849e-13)
(-6.10174e-09 -8.18601e-13 1.43935e-08)
(1.4385e-08 4.05863e-13 6.09509e-09)
(-1.20612e-12 1.56184e-08 9.64543e-13)
(-6.10047e-09 -9.526e-13 1.43938e-08)
(1.43853e-08 4.21851e-13 6.09477e-09)
(-1.15552e-12 1.56181e-08 1.10441e-12)
(-6.09928e-09 -1.02503e-12 1.43942e-08)
(-1.14278e-12 1.56179e-08 1.17126e-12)
(-6.09843e-09 -1.03687e-12 1.43948e-08)
(1.49142e-08 -1.8203e-11 4.97357e-10)
(5.08716e-10 1.62437e-08 -6.63346e-11)
(-5.79349e-10 6.01827e-11 1.61099e-08)
(1.49031e-08 -3.83954e-11 5.47489e-10)
(2.14454e-10 1.58364e-08 -1.81588e-10)
(-5.64321e-10 1.46023e-10 1.60143e-08)
(1.49115e-08 -3.20564e-11 7.17053e-10)
(1.05441e-10 1.59246e-08 -2.49612e-10)
(-7.15502e-10 1.8542e-10 1.59867e-08)
(1.49133e-08 -2.19953e-11 9.14901e-10)
(6.18777e-11 1.59438e-08 -2.84494e-10)
(-9.19606e-10 2.07975e-10 1.59557e-08)
(1.49142e-08 -1.38189e-11 1.11306e-09)
(3.93865e-11 1.59447e-08 -3.01794e-10)
(-1.12984e-09 2.22524e-10 1.59268e-08)
(1.49134e-08 -7.70601e-12 1.30776e-09)
(2.78747e-11 1.59427e-08 -3.0902e-10)
(-1.33775e-09 2.31065e-10 1.58986e-08)
(1.49108e-08 -3.33084e-12 1.4983e-09)
(2.25607e-11 1.59388e-08 -3.1018e-10)
(-1.54116e-09 2.34999e-10 1.58696e-08)
(1.49066e-08 -3.04798e-13 1.68434e-09)
(2.06552e-11 1.59338e-08 -3.07584e-10)
(-1.73916e-09 2.35564e-10 1.58394e-08)
(1.49009e-08 1.74506e-12 1.86573e-09)
(2.05985e-11 1.59281e-08 -3.02636e-10)
(-1.93147e-09 2.33742e-10 1.58079e-08)
(1.48937e-08 3.11713e-12 2.04237e-09)
(2.14888e-11 1.59219e-08 -2.96221e-10)
(-2.11798e-09 2.30276e-10 1.57752e-08)
(1.48851e-08 4.03126e-12 2.21424e-09)
(2.28034e-11 1.59154e-08 -2.88908e-10)
(-2.29871e-09 2.25713e-10 1.57413e-08)
(1.48752e-08 4.64213e-12 2.38133e-09)
(2.42484e-11 1.59086e-08 -2.81069e-10)
(-2.4737e-09 2.20443e-10 1.57064e-08)
(1.48643e-08 5.05459e-12 2.54366e-09)
(2.5664e-11 1.59018e-08 -2.72947e-10)
(-2.64303e-09 2.14736e-10 1.56705e-08)
(1.48522e-08 5.3377e-12 2.70126e-09)
(2.69671e-11 1.58948e-08 -2.647e-10)
(-2.80679e-09 2.08778e-10 1.56338e-08)
(1.48393e-08 5.53593e-12 2.85417e-09)
(2.81177e-11 1.58878e-08 -2.56431e-10)
(-2.96509e-09 2.02693e-10 1.55966e-08)
(1.48256e-08 5.67753e-12 3.00245e-09)
(2.90993e-11 1.58808e-08 -2.48206e-10)
(-3.11803e-09 1.96565e-10 1.55588e-08)
(1.48112e-08 5.78029e-12 3.14616e-09)
(2.99083e-11 1.58739e-08 -2.40069e-10)
(-3.26571e-09 1.90447e-10 1.55207e-08)
(1.47961e-08 5.85546e-12 3.28535e-09)
(3.05477e-11 1.58669e-08 -2.32046e-10)
(-3.40825e-09 1.84373e-10 1.54824e-08)
(1.47807e-08 5.91016e-12 3.42009e-09)
(3.1024e-11 1.586e-08 -2.24153e-10)
(-3.54575e-09 1.78367e-10 1.54439e-08)
(1.47648e-08 5.94904e-12 3.55045e-09)
(3.13454e-11 1.58531e-08 -2.16403e-10)
(-3.67831e-09 1.7244e-10 1.54055e-08)
(1.47486e-08 5.97519e-12 3.67649e-09)
(3.15209e-11 1.58462e-08 -2.088e-10)
(-3.80604e-09 1.66603e-10 1.53672e-08)
(1.47323e-08 5.99072e-12 3.79829e-09)
(3.15599e-11 1.58394e-08 -2.01348e-10)
(-3.92904e-09 1.60859e-10 1.5329e-08)
(1.47158e-08 5.99711e-12 3.91592e-09)
(3.14719e-11 1.58327e-08 -1.9405e-10)
(-4.04741e-09 1.55212e-10 1.52912e-08)
(1.46992e-08 5.99545e-12 4.02943e-09)
(3.12662e-11 1.5826e-08 -1.86905e-10)
(-4.16126e-09 1.49665e-10 1.52537e-08)
(1.46827e-08 5.98653e-12 4.13892e-09)
(3.09522e-11 1.58194e-08 -1.79915e-10)
(-4.27068e-09 1.44218e-10 1.52166e-08)
(1.46663e-08 5.97094e-12 4.24446e-09)
(3.05387e-11 1.58128e-08 -1.7308e-10)
(-4.37577e-09 1.38871e-10 1.518e-08)
(1.46501e-08 5.94915e-12 4.3461e-09)
(3.00345e-11 1.58063e-08 -1.66397e-10)
(-4.47665e-09 1.33627e-10 1.51441e-08)
(1.4634e-08 5.92151e-12 4.44394e-09)
(2.9448e-11 1.57999e-08 -1.59868e-10)
(-4.5734e-09 1.28484e-10 1.51087e-08)
(1.46183e-08 5.88828e-12 4.53804e-09)
(2.87872e-11 1.57936e-08 -1.5349e-10)
(-4.66613e-09 1.23443e-10 1.5074e-08)
(1.46028e-08 5.84972e-12 4.62849e-09)
(2.80599e-11 1.57873e-08 -1.47263e-10)
(-4.75493e-09 1.18505e-10 1.50401e-08)
(1.45877e-08 5.80599e-12 4.71534e-09)
(2.72735e-11 1.57811e-08 -1.41185e-10)
(-4.83991e-09 1.13669e-10 1.50069e-08)
(1.45729e-08 5.75727e-12 4.79869e-09)
(2.6435e-11 1.5775e-08 -1.35255e-10)
(-4.92116e-09 1.08935e-10 1.49746e-08)
(1.45586e-08 5.70371e-12 4.8786e-09)
(2.5551e-11 1.5769e-08 -1.29472e-10)
(-4.99877e-09 1.04304e-10 1.4943e-08)
(1.45448e-08 5.64545e-12 4.95515e-09)
(2.4628e-11 1.57631e-08 -1.23834e-10)
(-5.07284e-09 9.97747e-11 1.49124e-08)
(1.45314e-08 5.58262e-12 5.02842e-09)
(2.3672e-11 1.57573e-08 -1.18339e-10)
(-5.14346e-09 9.53481e-11 1.48826e-08)
(1.45185e-08 5.51534e-12 5.09848e-09)
(2.26888e-11 1.57516e-08 -1.12987e-10)
(-5.21074e-09 9.10238e-11 1.48538e-08)
(1.45061e-08 5.44376e-12 5.1654e-09)
(2.16836e-11 1.5746e-08 -1.07774e-10)
(-5.27475e-09 8.68016e-11 1.48259e-08)
(1.44943e-08 5.368e-12 5.22926e-09)
(2.06617e-11 1.57405e-08 -1.027e-10)
(-5.33559e-09 8.26814e-11 1.47989e-08)
(1.44831e-08 5.28817e-12 5.29014e-09)
(1.96278e-11 1.57351e-08 -9.77638e-11)
(-5.39336e-09 7.8663e-11 1.47729e-08)
(1.44724e-08 5.20442e-12 5.3481e-09)
(1.85865e-11 1.57297e-08 -9.29626e-11)
(-5.44813e-09 7.47462e-11 1.47479e-08)
(1.44622e-08 5.11687e-12 5.40323e-09)
(1.75422e-11 1.57245e-08 -8.82951e-11)
(-5.50001e-09 7.09307e-11 1.47238e-08)
(1.44526e-08 5.02564e-12 5.45559e-09)
(1.64988e-11 1.57194e-08 -8.37598e-11)
(-5.54906e-09 6.72163e-11 1.47008e-08)
(1.44437e-08 4.93087e-12 5.50526e-09)
(1.54602e-11 1.57145e-08 -7.93551e-11)
(-5.59539e-09 6.36028e-11 1.46787e-08)
(1.44352e-08 4.83267e-12 5.55231e-09)
(1.44298e-11 1.57096e-08 -7.50793e-11)
(-5.63907e-09 6.00898e-11 1.46575e-08)
(1.44274e-08 4.73119e-12 5.59681e-09)
(1.34112e-11 1.57048e-08 -7.09311e-11)
(-5.68019e-09 5.66772e-11 1.46373e-08)
(1.44201e-08 4.62654e-12 5.63884e-09)
(1.24072e-11 1.57002e-08 -6.69088e-11)
(-5.71884e-09 5.33644e-11 1.46181e-08)
(1.44134e-08 4.51885e-12 5.67847e-09)
(1.14209e-11 1.56956e-08 -6.3011e-11)
(-5.75509e-09 5.01514e-11 1.45999e-08)
(1.44072e-08 4.40825e-12 5.71576e-09)
(1.0455e-11 1.56912e-08 -5.92364e-11)
(-5.78902e-09 4.70377e-11 1.45825e-08)
(1.44016e-08 4.29486e-12 5.7508e-09)
(9.5119e-12 1.56869e-08 -5.55836e-11)
(-5.82071e-09 4.4023e-11 1.45661e-08)
(1.43965e-08 4.1788e-12 5.78365e-09)
(8.59402e-12 1.56828e-08 -5.20512e-11)
(-5.85025e-09 4.11071e-11 1.45506e-08)
(1.43919e-08 4.06021e-12 5.81438e-09)
(7.70347e-12 1.56787e-08 -4.8638e-11)
(-5.87771e-09 3.82895e-11 1.4536e-08)
(1.43878e-08 3.9392e-12 5.84306e-09)
(6.84226e-12 1.56748e-08 -4.53428e-11)
(-5.90317e-09 3.55699e-11 1.45223e-08)
(1.43842e-08 3.81589e-12 5.86976e-09)
(6.01218e-12 1.5671e-08 -4.21645e-11)
(-5.9267e-09 3.2948e-11 1.45094e-08)
(1.43811e-08 3.6904e-12 5.89456e-09)
(5.21493e-12 1.56673e-08 -3.9102e-11)
(-5.94839e-09 3.04234e-11 1.44973e-08)
(1.43784e-08 3.56285e-12 5.91752e-09)
(4.452e-12 1.56638e-08 -3.61541e-11)
(-5.9683e-09 2.79959e-11 1.44861e-08)
(1.43761e-08 3.43336e-12 5.93871e-09)
(3.7248e-12 1.56604e-08 -3.332e-11)
(-5.98651e-09 2.5665e-11 1.44756e-08)
(1.43743e-08 3.30203e-12 5.95819e-09)
(3.03455e-12 1.56571e-08 -3.05986e-11)
(-6.00309e-09 2.34305e-11 1.4466e-08)
(1.43728e-08 3.16899e-12 5.97605e-09)
(2.38239e-12 1.56539e-08 -2.79891e-11)
(-6.01812e-09 2.1292e-11 1.4457e-08)
(1.43717e-08 3.03434e-12 5.99234e-09)
(1.76932e-12 1.56509e-08 -2.54907e-11)
(-6.03167e-09 1.92492e-11 1.44488e-08)
(1.43709e-08 2.89819e-12 6.00714e-09)
(1.19622e-12 1.5648e-08 -2.31025e-11)
(-6.04381e-09 1.73017e-11 1.44413e-08)
(1.43704e-08 2.76064e-12 6.02051e-09)
(6.63886e-13 1.56452e-08 -2.08238e-11)
(-6.05461e-09 1.54493e-11 1.44345e-08)
(1.43703e-08 2.62181e-12 6.03252e-09)
(1.73009e-13 1.56426e-08 -1.86539e-11)
(-6.06415e-09 1.36915e-11 1.44283e-08)
(1.43704e-08 2.48178e-12 6.04324e-09)
(-2.75794e-13 1.564e-08 -1.65922e-11)
(-6.07249e-09 1.20282e-11 1.44227e-08)
(1.43707e-08 2.34068e-12 6.05273e-09)
(-6.81987e-13 1.56377e-08 -1.46379e-11)
(-6.0797e-09 1.0459e-11 1.44177e-08)
(1.43712e-08 2.19862e-12 6.06107e-09)
(-1.04511e-12 1.56354e-08 -1.27907e-11)
(-6.08585e-09 8.98355e-12 1.44133e-08)
(1.4372e-08 2.05574e-12 6.06832e-09)
(-1.36473e-12 1.56333e-08 -1.10498e-11)
(-6.09102e-09 7.60165e-12 1.44094e-08)
(1.43729e-08 1.91225e-12 6.07455e-09)
(-1.64041e-12 1.56313e-08 -9.41481e-12)
(-6.09526e-09 6.31299e-12 1.4406e-08)
(1.43739e-08 1.76847e-12 6.07983e-09)
(-1.87173e-12 1.56295e-08 -7.88521e-12)
(-6.09866e-09 5.1173e-12 1.44031e-08)
(1.4375e-08 1.62487e-12 6.08421e-09)
(-2.0582e-12 1.56278e-08 -6.46059e-12)
(-6.10127e-09 4.01437e-12 1.44006e-08)
(1.43762e-08 1.48226e-12 6.08778e-09)
(-2.19927e-12 1.56262e-08 -5.14066e-12)
(-6.10316e-09 3.00399e-12 1.43985e-08)
(1.43775e-08 1.34194e-12 6.09059e-09)
(-2.29431e-12 1.56248e-08 -3.92536e-12)
(-6.1044e-09 2.0861e-12 1.43969e-08)
(1.43787e-08 1.20595e-12 6.09272e-09)
(-2.3427e-12 1.56235e-08 -2.815e-12)
(-6.10506e-09 1.26082e-12 1.43956e-08)
(1.438e-08 1.07743e-12 6.09422e-09)
(-2.34401e-12 1.56223e-08 -1.81071e-12)
(-6.10521e-09 5.28627e-13 1.43946e-08)
(1.43812e-08 9.60917e-13 6.09518e-09)
(-2.29845e-12 1.56212e-08 -9.15035e-13)
(-6.1049e-09 -1.09362e-13 1.4394e-08)
(1.43824e-08 8.62445e-13 6.09566e-09)
(-2.20798e-12 1.56203e-08 -1.33119e-13)
(-6.10422e-09 -6.51046e-13 1.43936e-08)
(1.43834e-08 7.88467e-13 6.09573e-09)
(-2.07888e-12 1.56196e-08 5.25585e-13)
(-6.10322e-09 -1.09313e-12 1.43935e-08)
(1.43843e-08 7.42464e-13 6.0955e-09)
(-1.92828e-12 1.56189e-08 1.04532e-12)
(-6.10199e-09 -1.43214e-12 1.43935e-08)
(1.4385e-08 7.21474e-13 6.09511e-09)
(-1.79165e-12 1.56184e-08 1.40544e-12)
(-6.10064e-09 -1.66785e-12 1.43938e-08)
(1.43853e-08 7.19973e-13 6.09477e-09)
(-1.70181e-12 1.56181e-08 1.60157e-12)
(-6.09936e-09 -1.80521e-12 1.43943e-08)
(-1.65578e-12 1.56179e-08 1.68279e-12)
(-6.09843e-09 -1.8478e-12 1.43948e-08)
(1.48719e-08 -2.37187e-10 4.75651e-10)
(-4.3896e-10 8.82846e-11 1.62101e-08)
(1.4914e-08 -1.028e-10 5.53511e-10)
(-4.9307e-10 2.1984e-10 1.58827e-08)
(1.49316e-08 -4.89602e-11 7.2275e-10)
(-6.76464e-10 2.9124e-10 1.59401e-08)
(1.49326e-08 -2.44451e-11 9.17702e-10)
(-8.97136e-10 3.30317e-10 1.5934e-08)
(1.49317e-08 -9.6796e-12 1.11476e-09)
(-1.11761e-09 3.49868e-10 1.59125e-08)
(1.49288e-08 -1.51014e-13 1.30911e-09)
(-1.33221e-09 3.57908e-10 1.58882e-08)
(1.49246e-08 5.9608e-12 1.49958e-09)
(-1.54004e-09 3.59039e-10 1.58614e-08)
(1.49191e-08 9.83599e-12 1.68567e-09)
(-1.74097e-09 3.5591e-10 1.58326e-08)
(1.49123e-08 1.22748e-11 1.86717e-09)
(-1.93519e-09 3.50128e-10 1.58019e-08)
(1.49044e-08 1.38078e-11 2.04394e-09)
(-2.12293e-09 3.42705e-10 1.57696e-08)
(1.48952e-08 1.47758e-11 2.21593e-09)
(-2.30441e-09 3.34293e-10 1.57359e-08)
(1.48849e-08 1.53916e-11 2.38313e-09)
(-2.47984e-09 3.25311e-10 1.57011e-08)
(1.48736e-08 1.57859e-11 2.54555e-09)
(-2.6494e-09 3.16031e-10 1.56654e-08)
(1.48613e-08 1.60382e-11 2.70323e-09)
(-2.81326e-09 3.06625e-10 1.56288e-08)
(1.4848e-08 1.61965e-11 2.85621e-09)
(-2.97157e-09 2.97206e-10 1.55916e-08)
(1.4834e-08 1.62902e-11 3.00454e-09)
(-3.12447e-09 2.87844e-10 1.55539e-08)
(1.48194e-08 1.63373e-11 3.14829e-09)
(-3.27208e-09 2.78581e-10 1.55159e-08)
(1.48041e-08 1.63492e-11 3.28751e-09)
(-3.41453e-09 2.69445e-10 1.54777e-08)
(1.47884e-08 1.63331e-11 3.42228e-09)
(-3.55192e-09 2.60451e-10 1.54393e-08)
(1.47723e-08 1.6294e-11 3.55265e-09)
(-3.68436e-09 2.51609e-10 1.5401e-08)
(1.47559e-08 1.62352e-11 3.6787e-09)
(-3.81198e-09 2.42923e-10 1.53627e-08)
(1.47393e-08 1.61592e-11 3.8005e-09)
(-3.93486e-09 2.34397e-10 1.53246e-08)
(1.47226e-08 1.60678e-11 3.91812e-09)
(-4.05311e-09 2.26031e-10 1.52869e-08)
(1.47059e-08 1.59622e-11 4.03164e-09)
(-4.16684e-09 2.17827e-10 1.52494e-08)
(1.46892e-08 1.58435e-11 4.14111e-09)
(-4.27615e-09 2.09783e-10 1.52125e-08)
(1.46725e-08 1.57126e-11 4.24663e-09)
(-4.38113e-09 2.019e-10 1.5176e-08)
(1.46561e-08 1.55701e-11 4.34825e-09)
(-4.4819e-09 1.94178e-10 1.51401e-08)
(1.46398e-08 1.54166e-11 4.44606e-09)
(-4.57854e-09 1.86616e-10 1.51048e-08)
(1.46238e-08 1.52525e-11 4.54014e-09)
(-4.67116e-09 1.79213e-10 1.50702e-08)
(1.46082e-08 1.50784e-11 4.63055e-09)
(-4.75985e-09 1.7197e-10 1.50364e-08)
(1.45928e-08 1.48945e-11 4.71737e-09)
(-4.84472e-09 1.64884e-10 1.50033e-08)
(1.45779e-08 1.47014e-11 4.80068e-09)
(-4.92586e-09 1.57957e-10 1.4971e-08)
(1.45634e-08 1.44993e-11 4.88055e-09)
(-5.00336e-09 1.51187e-10 1.49396e-08)
(1.45493e-08 1.42887e-11 4.95705e-09)
(-5.07733e-09 1.44573e-10 1.4909e-08)
(1.45358e-08 1.40698e-11 5.03028e-09)
(-5.14785e-09 1.38114e-10 1.48794e-08)
(1.45227e-08 1.38431e-11 5.10028e-09)
(-5.21503e-09 1.31811e-10 1.48506e-08)
(1.45102e-08 1.36087e-11 5.16716e-09)
(-5.27894e-09 1.25662e-10 1.48228e-08)
(1.44982e-08 1.33672e-11 5.23097e-09)
(-5.33968e-09 1.19667e-10 1.47959e-08)
(1.44867e-08 1.31188e-11 5.29179e-09)
(-5.39735e-09 1.13824e-10 1.477e-08)
(1.44758e-08 1.28637e-11 5.3497e-09)
(-5.45202e-09 1.08134e-10 1.47451e-08)
(1.44655e-08 1.26024e-11 5.40477e-09)
(-5.5038e-09 1.02594e-10 1.47211e-08)
(1.44558e-08 1.2335e-11 5.45707e-09)
(-5.55276e-09 9.72054e-11 1.46981e-08)
(1.44466e-08 1.2062e-11 5.50668e-09)
(-5.59899e-09 9.19661e-11 1.46761e-08)
(1.4438e-08 1.17834e-11 5.55367e-09)
(-5.64258e-09 8.68756e-11 1.4655e-08)
(1.443e-08 1.14998e-11 5.59812e-09)
(-5.6836e-09 8.19333e-11 1.4635e-08)
(1.44226e-08 1.12112e-11 5.64009e-09)
(-5.72215e-09 7.71382e-11 1.46158e-08)
(1.44157e-08 1.0918e-11 5.67966e-09)
(-5.75831e-09 7.24896e-11 1.45976e-08)
(1.44094e-08 1.06204e-11 5.7169e-09)
(-5.79214e-09 6.79868e-11 1.45804e-08)
(1.44036e-08 1.03186e-11 5.75188e-09)
(-5.82374e-09 6.3629e-11 1.45641e-08)
(1.43984e-08 1.0013e-11 5.78467e-09)
(-5.85319e-09 5.94154e-11 1.45486e-08)
(1.43937e-08 9.70374e-12 5.81534e-09)
(-5.88056e-09 5.53454e-11 1.45341e-08)
(1.43894e-08 9.39103e-12 5.84397e-09)
(-5.90592e-09 5.14181e-11 1.45205e-08)
(1.43857e-08 9.07512e-12 5.87062e-09)
(-5.92936e-09 4.76329e-11 1.45077e-08)
(1.43824e-08 8.75622e-12 5.89536e-09)
(-5.95096e-09 4.3989e-11 1.44957e-08)
(1.43796e-08 8.43454e-12 5.91826e-09)
(-5.97077e-09 4.04858e-11 1.44845e-08)
(1.43772e-08 8.1103e-12 5.9394e-09)
(-5.98889e-09 3.71227e-11 1.44742e-08)
(1.43753e-08 7.7837e-12 5.95883e-09)
(-6.00538e-09 3.38988e-11 1.44646e-08)
(1.43737e-08 7.45492e-12 5.97664e-09)
(-6.02032e-09 3.08137e-11 1.44557e-08)
(1.43725e-08 7.12417e-12 5.99288e-09)
(-6.03378e-09 2.78666e-11 1.44476e-08)
(1.43716e-08 6.79162e-12 6.00763e-09)
(-6.04583e-09 2.50569e-11 1.44402e-08)
(1.43711e-08 6.45744e-12 6.02095e-09)
(-6.05654e-09 2.23841e-11 1.44334e-08)
(1.43708e-08 6.1218e-12 6.03292e-09)
(-6.06598e-09 1.98475e-11 1.44273e-08)
(1.43708e-08 5.78485e-12 6.04359e-09)
(-6.07423e-09 1.74466e-11 1.44218e-08)
(1.43711e-08 5.44673e-12 6.05304e-09)
(-6.08135e-09 1.51808e-11 1.44168e-08)
(1.43715e-08 5.10756e-12 6.06134e-09)
(-6.08741e-09 1.30496e-11 1.44125e-08)
(1.43722e-08 4.76745e-12 6.06856e-09)
(-6.09248e-09 1.10525e-11 1.44087e-08)
(1.4373e-08 4.42649e-12 6.07475e-09)
(-6.09664e-09 9.18905e-12 1.44053e-08)
(1.4374e-08 4.08476e-12 6.07999e-09)
(-6.09994e-09 7.45885e-12 1.44025e-08)
(1.4375e-08 3.7424e-12 6.08434e-09)
(-6.10245e-09 5.86156e-12 1.44001e-08)
(1.43762e-08 3.39968e-12 6.08787e-09)
(-6.10425e-09 4.39698e-12 1.43981e-08)
(1.43774e-08 3.05713e-12 6.09066e-09)
(-6.1054e-09 3.06511e-12 1.43965e-08)
(1.43787e-08 2.71588e-12 6.09276e-09)
(-6.10597e-09 1.86624e-12 1.43953e-08)
(1.43799e-08 2.37809e-12 6.09424e-09)
(-6.10602e-09 8.0119e-13 1.43944e-08)
(1.43811e-08 2.04797e-12 6.09517e-09)
(-6.10561e-09 -1.28358e-13 1.43938e-08)
(1.43823e-08 1.73354e-12 6.09563e-09)
(-6.10482e-09 -9.19318e-13 1.43935e-08)
(1.43833e-08 1.45013e-12 6.09568e-09)
(-6.10371e-09 -1.56657e-12 1.43934e-08)
(1.43842e-08 1.22326e-12 6.09544e-09)
(-6.10235e-09 -2.06328e-12 1.43935e-08)
(1.43849e-08 1.07537e-12 6.09505e-09)
(-6.10086e-09 -2.40532e-12 1.43938e-08)
(1.43853e-08 9.93834e-13 6.09474e-09)
(-6.09947e-09 -2.60032e-12 1.43942e-08)
(-6.09842e-09 -2.67266e-12 1.43948e-08)
(1.51067e-08 2.02602e-10 2.91452e-10)
(-3.76491e-10 1.59702e-08 6.32132e-11)
(-1.66744e-10 -8.61099e-11 1.59649e-08)
(1.50899e-08 7.09389e-11 4.92528e-10)
(-1.33895e-10 1.58409e-08 1.74739e-10)
(-4.50879e-10 -2.17334e-10 1.57818e-08)
(1.50988e-08 3.11515e-11 6.87359e-10)
(-6.04818e-11 1.58289e-08 2.46941e-10)
(-6.80319e-10 -2.85427e-10 1.5854e-08)
(1.51004e-08 1.67488e-11 8.81106e-10)
(-3.91605e-11 1.58243e-08 2.86582e-10)
(-9.03128e-10 -3.22004e-10 1.58514e-08)
(1.50988e-08 7.50478e-12 1.07436e-09)
(-2.96361e-11 1.58221e-08 3.05698e-10)
(-1.12199e-09 -3.41054e-10 1.58307e-08)
(1.50943e-08 1.09684e-12 1.26593e-09)
(-2.55694e-11 1.58204e-08 3.12854e-10)
(-1.33495e-09 -3.49302e-10 1.5807e-08)
(1.50876e-08 -3.17838e-12 1.45485e-09)
(-2.45897e-11 1.58181e-08 3.1311e-10)
(-1.54139e-09 -3.50705e-10 1.57812e-08)
(1.50792e-08 -5.98713e-12 1.64039e-09)
(-2.52085e-11 1.5815e-08 3.0938e-10)
(-1.74119e-09 -3.47782e-10 1.57534e-08)
(1.50692e-08 -7.82949e-12 1.82206e-09)
(-2.66051e-11 1.58116e-08 3.03357e-10)
(-1.93443e-09 -3.42158e-10 1.5724e-08)
(1.50577e-08 -9.05293e-12 1.9995e-09)
(-2.83074e-11 1.58078e-08 2.96037e-10)
(-2.1213e-09 -3.34882e-10 1.56932e-08)
(1.5045e-08 -9.88602e-12 2.17248e-09)
(-3.00473e-11 1.58039e-08 2.88013e-10)
(-2.30199e-09 -3.2663e-10 1.56612e-08)
(1.5031e-08 -1.0472e-11 2.34087e-09)
(-3.16844e-11 1.57998e-08 2.7964e-10)
(-2.4767e-09 -3.17832e-10 1.5628e-08)
(1.50158e-08 -1.08983e-11 2.50459e-09)
(-3.31522e-11 1.57956e-08 2.71128e-10)
(-2.6456e-09 -3.08761e-10 1.5594e-08)
(1.49997e-08 -1.1218e-11 2.6636e-09)
(-3.44244e-11 1.57913e-08 2.62602e-10)
(-2.80886e-09 -2.99586e-10 1.55593e-08)
(1.49827e-08 -1.1463e-11 2.81791e-09)
(-3.54956e-11 1.5787e-08 2.54137e-10)
(-2.96664e-09 -2.90411e-10 1.55239e-08)
(1.4965e-08 -1.16531e-11 2.96755e-09)
(-3.63699e-11 1.57827e-08 2.45776e-10)
(-3.11905e-09 -2.81301e-10 1.54881e-08)
(1.49466e-08 -1.18007e-11 3.11254e-09)
(-3.7056e-11 1.57784e-08 2.37544e-10)
(-3.26624e-09 -2.72293e-10 1.54519e-08)
(1.49276e-08 -1.19141e-11 3.25296e-09)
(-3.75643e-11 1.57741e-08 2.29455e-10)
(-3.40832e-09 -2.63409e-10 1.54155e-08)
(1.49082e-08 -1.1999e-11 3.38884e-09)
(-3.79055e-11 1.57698e-08 2.21517e-10)
(-3.5454e-09 -2.54663e-10 1.5379e-08)
(1.48885e-08 -1.20593e-11 3.52027e-09)
(-3.809e-11 1.57655e-08 2.13734e-10)
(-3.67758e-09 -2.46062e-10 1.53425e-08)
(1.48686e-08 -1.20982e-11 3.64731e-09)
(-3.81284e-11 1.57612e-08 2.0611e-10)
(-3.80498e-09 -2.3761e-10 1.53061e-08)
(1.48484e-08 -1.21178e-11 3.77003e-09)
(-3.80306e-11 1.5757e-08 1.98645e-10)
(-3.92769e-09 -2.2931e-10 1.52698e-08)
(1.48283e-08 -1.21201e-11 3.88851e-09)
(-3.78065e-11 1.57528e-08 1.9134e-10)
(-4.04581e-09 -2.21161e-10 1.52338e-08)
(1.48081e-08 -1.21063e-11 4.00282e-09)
(-3.74658e-11 1.57486e-08 1.84194e-10)
(-4.15944e-09 -2.13166e-10 1.51981e-08)
(1.4788e-08 -1.20777e-11 4.11304e-09)
(-3.70177e-11 1.57445e-08 1.77207e-10)
(-4.26869e-09 -2.05323e-10 1.51629e-08)
(1.47681e-08 -1.20352e-11 4.21924e-09)
(-3.64714e-11 1.57404e-08 1.70378e-10)
(-4.37364e-09 -1.97634e-10 1.51281e-08)
(1.47483e-08 -1.19795e-11 4.32151e-09)
(-3.58354e-11 1.57363e-08 1.63707e-10)
(-4.47441e-09 -1.90097e-10 1.50939e-08)
(1.47289e-08 -1.19113e-11 4.41991e-09)
(-3.51183e-11 1.57323e-08 1.57192e-10)
(-4.57108e-09 -1.82714e-10 1.50603e-08)
(1.47097e-08 -1.18311e-11 4.51454e-09)
(-3.43281e-11 1.57283e-08 1.50832e-10)
(-4.66376e-09 -1.75483e-10 1.50273e-08)
(1.46909e-08 -1.17395e-11 4.60547e-09)
(-3.34726e-11 1.57243e-08 1.44626e-10)
(-4.75254e-09 -1.68404e-10 1.49951e-08)
(1.46726e-08 -1.16369e-11 4.69277e-09)
(-3.25591e-11 1.57205e-08 1.38573e-10)
(-4.83752e-09 -1.61477e-10 1.49635e-08)
(1.46546e-08 -1.15239e-11 4.77653e-09)
(-3.15947e-11 1.57166e-08 1.3267e-10)
(-4.91878e-09 -1.54702e-10 1.49328e-08)
(1.46372e-08 -1.14007e-11 4.85683e-09)
(-3.05861e-11 1.57129e-08 1.26916e-10)
(-4.99643e-09 -1.48078e-10 1.49029e-08)
(1.46203e-08 -1.1268e-11 4.93373e-09)
(-2.95396e-11 1.57091e-08 1.2131e-10)
(-5.07056e-09 -1.41605e-10 1.48738e-08)
(1.46039e-08 -1.11259e-11 5.00733e-09)
(-2.84613e-11 1.57055e-08 1.1585e-10)
(-5.14126e-09 -1.35282e-10 1.48456e-08)
(1.45881e-08 -1.0975e-11 5.0777e-09)
(-2.73568e-11 1.57019e-08 1.10534e-10)
(-5.20862e-09 -1.29109e-10 1.48182e-08)
(1.45728e-08 -1.08157e-11 5.14491e-09)
(-2.62317e-11 1.56983e-08 1.0536e-10)
(-5.27274e-09 -1.23086e-10 1.47918e-08)
(1.45582e-08 -1.06482e-11 5.20905e-09)
(-2.50909e-11 1.56948e-08 1.00327e-10)
(-5.3337e-09 -1.17211e-10 1.47663e-08)
(1.45441e-08 -1.0473e-11 5.27019e-09)
(-2.39393e-11 1.56914e-08 9.54326e-11)
(-5.39158e-09 -1.11484e-10 1.47417e-08)
(1.45307e-08 -1.02904e-11 5.32841e-09)
(-2.27813e-11 1.56881e-08 9.06754e-11)
(-5.44649e-09 -1.05906e-10 1.47181e-08)
(1.45179e-08 -1.01007e-11 5.38378e-09)
(-2.16214e-11 1.56848e-08 8.60536e-11)
(-5.4985e-09 -1.00474e-10 1.46954e-08)
(1.45058e-08 -9.90438e-12 5.43638e-09)
(-2.04635e-11 1.56816e-08 8.15653e-11)
(-5.5477e-09 -9.51884e-11 1.46736e-08)
(1.44943e-08 -9.70162e-12 5.48629e-09)
(-1.93113e-11 1.56784e-08 7.7209e-11)
(-5.59417e-09 -9.00488e-11 1.46528e-08)
(1.44834e-08 -9.49278e-12 5.53358e-09)
(-1.81685e-11 1.56754e-08 7.29829e-11)
(-5.63801e-09 -8.50544e-11 1.46329e-08)
(1.44731e-08 -9.27818e-12 5.57832e-09)
(-1.70382e-11 1.56724e-08 6.88855e-11)
(-5.67928e-09 -8.02046e-11 1.4614e-08)
(1.44635e-08 -9.0581e-12 5.62059e-09)
(-1.59235e-11 1.56695e-08 6.4915e-11)
(-5.71808e-09 -7.54986e-11 1.4596e-08)
(1.44545e-08 -8.83283e-12 5.66047e-09)
(-1.48274e-11 1.56666e-08 6.10701e-11)
(-5.75448e-09 -7.09359e-11 1.45789e-08)
(1.44461e-08 -8.60266e-12 5.69802e-09)
(-1.37525e-11 1.56638e-08 5.73491e-11)
(-5.78856e-09 -6.65158e-11 1.45627e-08)
(1.44383e-08 -8.36786e-12 5.73332e-09)
(-1.27013e-11 1.56611e-08 5.37507e-11)
(-5.8204e-09 -6.22377e-11 1.45474e-08)
(1.44311e-08 -8.12869e-12 5.76644e-09)
(-1.1676e-11 1.56585e-08 5.02734e-11)
(-5.85008e-09 -5.8101e-11 1.45329e-08)
(1.44245e-08 -7.8854e-12 5.79745e-09)
(-1.06788e-11 1.5656e-08 4.69159e-11)
(-5.87768e-09 -5.41049e-11 1.45194e-08)
(1.44184e-08 -7.63826e-12 5.82643e-09)
(-9.71162e-12 1.56535e-08 4.3677e-11)
(-5.90328e-09 -5.02489e-11 1.45066e-08)
(1.44129e-08 -7.38749e-12 5.85344e-09)
(-8.77624e-12 1.56511e-08 4.05554e-11)
(-5.92694e-09 -4.65324e-11 1.44947e-08)
(1.44079e-08 -7.13333e-12 5.87856e-09)
(-7.87429e-12 1.56488e-08 3.75499e-11)
(-5.94875e-09 -4.29547e-11 1.44836e-08)
(1.44034e-08 -6.87602e-12 5.90185e-09)
(-7.00727e-12 1.56466e-08 3.46595e-11)
(-5.96877e-09 -3.95153e-11 1.44733e-08)
(1.43994e-08 -6.61576e-12 5.9234e-09)
(-6.1765e-12 1.56445e-08 3.1883e-11)
(-5.98709e-09 -3.62134e-11 1.44637e-08)
(1.43959e-08 -6.35278e-12 5.94326e-09)
(-5.38321e-12 1.56424e-08 2.92194e-11)
(-6.00377e-09 -3.30487e-11 1.44549e-08)
(1.43928e-08 -6.08729e-12 5.96151e-09)
(-4.62849e-12 1.56405e-08 2.66679e-11)
(-6.0189e-09 -3.00203e-11 1.44468e-08)
(1.43901e-08 -5.81947e-12 5.97821e-09)
(-3.91329e-12 1.56386e-08 2.42274e-11)
(-6.03253e-09 -2.71279e-11 1.44393e-08)
(1.43879e-08 -5.54954e-12 5.99344e-09)
(-3.23849e-12 1.56368e-08 2.18972e-11)
(-6.04474e-09 -2.43708e-11 1.44326e-08)
(1.4386e-08 -5.27766e-12 6.00726e-09)
(-2.60483e-12 1.56351e-08 1.96764e-11)
(-6.0556e-09 -2.17484e-11 1.44265e-08)
(1.43844e-08 -5.00402e-12 6.01974e-09)
(-2.01298e-12 1.56334e-08 1.75644e-11)
(-6.06519e-09 -1.92603e-11 1.44209e-08)
(1.43832e-08 -4.72877e-12 6.03095e-09)
(-1.46351e-12 1.56319e-08 1.55603e-11)
(-6.07357e-09 -1.6906e-11 1.4416e-08)
(1.43823e-08 -4.45208e-12 6.04097e-09)
(-9.56936e-13 1.56304e-08 1.36636e-11)
(-6.08081e-09 -1.46848e-11 1.44116e-08)
(1.43816e-08 -4.17408e-12 6.04984e-09)
(-4.93688e-13 1.56291e-08 1.18736e-11)
(-6.08698e-09 -1.25965e-11 1.44078e-08)
(1.43812e-08 -3.89488e-12 6.05766e-09)
(-7.41738e-14 1.56278e-08 1.01898e-11)
(-6.09215e-09 -1.06404e-11 1.44044e-08)
(1.4381e-08 -3.61459e-12 6.06447e-09)
(3.01222e-13 1.56266e-08 8.61164e-12)
(-6.09639e-09 -8.81634e-12 1.44016e-08)
(1.4381e-08 -3.33332e-12 6.07035e-09)
(6.32119e-13 1.56255e-08 7.13871e-12)
(-6.09976e-09 -7.12381e-12 1.43991e-08)
(1.43812e-08 -3.05121e-12 6.07537e-09)
(9.18119e-13 1.56244e-08 5.77065e-12)
(-6.10234e-09 -5.56256e-12 1.43971e-08)
(1.43815e-08 -2.76854e-12 6.0796e-09)
(1.15881e-12 1.56235e-08 4.50721e-12)
(-6.10419e-09 -4.13238e-12 1.43955e-08)
(1.43819e-08 -2.48582e-12 6.08309e-09)
(1.3538e-12 1.56226e-08 3.34836e-12)
(-6.10538e-09 -2.83311e-12 1.43942e-08)
(1.43824e-08 -2.20412e-12 6.08593e-09)
(1.5029e-12 1.56219e-08 2.29434e-12)
(-6.10597e-09 -1.66471e-12 1.43933e-08)
(1.43829e-08 -1.92555e-12 6.08818e-09)
(1.6064e-12 1.56212e-08 1.34591e-12)
(-6.10603e-09 -6.27181e-13 1.43926e-08)
(1.43835e-08 -1.65424e-12 6.0899e-09)
(1.66583e-12 1.56206e-08 5.04668e-13)
(-6.10563e-09 2.79413e-13 1.43923e-08)
(1.43841e-08 -1.3983e-12 6.09119e-09)
(1.68531e-12 1.56201e-08 -2.26339e-13)
(-6.10483e-09 1.05512e-12 1.43921e-08)
(1.43847e-08 -1.17381e-12 6.09211e-09)
(1.67423e-12 1.56197e-08 -8.4159e-13)
(-6.1037e-09 1.70034e-12 1.43922e-08)
(1.43853e-08 -1.00854e-12 6.09275e-09)
(1.65245e-12 1.56194e-08 -1.33113e-12)
(-6.10231e-09 2.2165e-12 1.43924e-08)
(1.43857e-08 -9.21592e-13 6.0932e-09)
(1.65314e-12 1.56191e-08 -1.68152e-12)
(-6.10074e-09 2.60928e-12 1.43927e-08)
(1.4386e-08 -8.74e-13 6.09348e-09)
(1.69007e-12 1.56189e-08 -1.90309e-12)
(-6.09913e-09 2.8909e-12 1.43933e-08)
(1.7195e-12 1.56184e-08 -2.06801e-12)
(-6.09745e-09 3.021e-12 1.43941e-08)
(1.5163e-08 4.21267e-11 2.50086e-10)
(-2.06446e-10 1.59054e-08 3.58029e-11)
(-2.87361e-10 -3.75329e-11 1.58872e-08)
(1.50905e-08 4.09042e-11 4.63603e-10)
(-1.00678e-10 1.58026e-08 1.02958e-10)
(-5.25045e-10 -1.06561e-10 1.58725e-08)
(1.5092e-08 3.04107e-11 6.69479e-10)
(-5.43102e-11 1.58116e-08 1.52523e-10)
(-7.2322e-10 -1.57675e-10 1.58752e-08)
(1.50952e-08 2.07413e-11 8.71177e-10)
(-3.3617e-11 1.58165e-08 1.8227e-10)
(-9.28282e-10 -1.90604e-10 1.58583e-08)
(1.5095e-08 1.32876e-11 1.0697e-09)
(-2.32899e-11 1.58183e-08 1.97811e-10)
(-1.13604e-09 -2.11282e-10 1.58362e-08)
(1.50919e-08 7.74454e-12 1.26475e-09)
(-1.86095e-11 1.58184e-08 2.04439e-10)
(-1.34161e-09 -2.23497e-10 1.5812e-08)
(1.50863e-08 3.76413e-12 1.45593e-09)
(-1.69997e-11 1.58167e-08 2.05744e-10)
(-1.54312e-09 -2.29692e-10 1.57858e-08)
(1.50785e-08 9.76248e-13 1.64293e-09)
(-1.69581e-11 1.58139e-08 2.03933e-10)
(-1.73967e-09 -2.31661e-10 1.57578e-08)
(1.5069e-08 -9.50466e-13 1.82549e-09)
(-1.76818e-11 1.58105e-08 2.00325e-10)
(-1.93082e-09 -2.30723e-10 1.57284e-08)
(1.50578e-08 -2.27462e-12 2.00347e-09)
(-1.87288e-11 1.58067e-08 1.95696e-10)
(-2.11637e-09 -2.27826e-10 1.56976e-08)
(1.50451e-08 -3.1863e-12 2.17676e-09)
(-1.9857e-11 1.58027e-08 1.90511e-10)
(-2.29625e-09 -2.23641e-10 1.56655e-08)
(1.50312e-08 -3.81987e-12 2.3453e-09)
(-2.0941e-11 1.57986e-08 1.85041e-10)
(-2.47049e-09 -2.18631e-10 1.56324e-08)
(1.50161e-08 -4.26727e-12 2.50908e-09)
(-2.19213e-11 1.57944e-08 1.7945e-10)
(-2.63915e-09 -2.13115e-10 1.55984e-08)
(1.49999e-08 -4.58996e-12 2.66809e-09)
(-2.27732e-11 1.57902e-08 1.73833e-10)
(-2.80231e-09 -2.07306e-10 1.55636e-08)
(1.49829e-08 -4.82829e-12 2.82237e-09)
(-2.34905e-11 1.57859e-08 1.68246e-10)
(-2.96006e-09 -2.01344e-10 1.55282e-08)
(1.49651e-08 -5.00854e-12 2.97196e-09)
(-2.40752e-11 1.57817e-08 1.62722e-10)
(-3.11252e-09 -1.95322e-10 1.54923e-08)
(1.49466e-08 -5.14778e-12 3.11689e-09)
(-2.45333e-11 1.57774e-08 1.5728e-10)
(-3.25978e-09 -1.89299e-10 1.5456e-08)
(1.49276e-08 -5.25713e-12 3.25723e-09)
(-2.48719e-11 1.57732e-08 1.51929e-10)
(-3.40194e-09 -1.83312e-10 1.54196e-08)
(1.49082e-08 -5.34392e-12 3.39305e-09)
(-2.50987e-11 1.57689e-08 1.46677e-10)
(-3.53912e-09 -1.77386e-10 1.5383e-08)
(1.48884e-08 -5.41306e-12 3.5244e-09)
(-2.5221e-11 1.57647e-08 1.41527e-10)
(-3.67141e-09 -1.71535e-10 1.53464e-08)
(1.48684e-08 -5.46794e-12 3.65137e-09)
(-2.52458e-11 1.57605e-08 1.36481e-10)
(-3.79891e-09 -1.65768e-10 1.53098e-08)
(1.48482e-08 -5.51089e-12 3.77401e-09)
(-2.51802e-11 1.57563e-08 1.3154e-10)
(-3.92173e-09 -1.60091e-10 1.52735e-08)
(1.4828e-08 -5.54358e-12 3.89241e-09)
(-2.50307e-11 1.57521e-08 1.26703e-10)
(-4.03996e-09 -1.54508e-10 1.52374e-08)
(1.48078e-08 -5.56722e-12 4.00664e-09)
(-2.48038e-11 1.5748e-08 1.21972e-10)
(-4.1537e-09 -1.4902e-10 1.52017e-08)
(1.47877e-08 -5.58271e-12 4.11679e-09)
(-2.45057e-11 1.57439e-08 1.17346e-10)
(-4.26306e-09 -1.43628e-10 1.51663e-08)
(1.47677e-08 -5.5907e-12 4.22291e-09)
(-2.41425e-11 1.57398e-08 1.12824e-10)
(-4.36812e-09 -1.38335e-10 1.51315e-08)
(1.47479e-08 -5.59169e-12 4.3251e-09)
(-2.37198e-11 1.57358e-08 1.08406e-10)
(-4.469e-09 -1.33141e-10 1.50972e-08)
(1.47284e-08 -5.58606e-12 4.42344e-09)
(-2.32434e-11 1.57318e-08 1.04091e-10)
(-4.56578e-09 -1.28045e-10 1.50635e-08)
(1.47092e-08 -5.57412e-12 4.51799e-09)
(-2.27187e-11 1.57279e-08 9.98794e-11)
(-4.65857e-09 -1.23049e-10 1.50304e-08)
(1.46904e-08 -5.5561e-12 4.60884e-09)
(-2.21506e-11 1.5724e-08 9.5769e-11)
(-4.74745e-09 -1.18153e-10 1.49981e-08)
(1.4672e-08 -5.53222e-12 4.69607e-09)
(-2.15442e-11 1.57201e-08 9.17594e-11)
(-4.83253e-09 -1.13356e-10 1.49665e-08)
(1.46541e-08 -5.50265e-12 4.77975e-09)
(-2.09041e-11 1.57163e-08 8.78496e-11)
(-4.9139e-09 -1.0866e-10 1.49357e-08)
(1.46366e-08 -5.46755e-12 4.85997e-09)
(-2.02348e-11 1.57126e-08 8.40384e-11)
(-4.99166e-09 -1.04063e-10 1.49057e-08)
(1.46197e-08 -5.42706e-12 4.9368e-09)
(-1.95404e-11 1.57089e-08 8.0325e-11)
(-5.06589e-09 -9.95667e-11 1.48765e-08)
(1.46033e-08 -5.38134e-12 5.01033e-09)
(-1.8825e-11 1.57052e-08 7.67081e-11)
(-5.1367e-09 -9.51706e-11 1.48482e-08)
(1.45875e-08 -5.33052e-12 5.08062e-09)
(-1.80924e-11 1.57017e-08 7.31866e-11)
(-5.20416e-09 -9.08747e-11 1.48208e-08)
(1.45722e-08 -5.27473e-12 5.14777e-09)
(-1.73461e-11 1.56981e-08 6.97593e-11)
(-5.26838e-09 -8.66789e-11 1.47943e-08)
(1.45576e-08 -5.21412e-12 5.21183e-09)
(-1.65895e-11 1.56947e-08 6.64252e-11)
(-5.32944e-09 -8.25833e-11 1.47688e-08)
(1.45435e-08 -5.14882e-12 5.2729e-09)
(-1.58259e-11 1.56913e-08 6.31831e-11)
(-5.38743e-09 -7.85876e-11 1.47441e-08)
(1.45301e-08 -5.07895e-12 5.33105e-09)
(-1.50582e-11 1.5688e-08 6.00318e-11)
(-5.44244e-09 -7.46918e-11 1.47204e-08)
(1.45173e-08 -5.00467e-12 5.38635e-09)
(-1.42892e-11 1.56847e-08 5.69701e-11)
(-5.49455e-09 -7.08958e-11 1.46976e-08)
(1.45052e-08 -4.9261e-12 5.43888e-09)
(-1.35216e-11 1.56815e-08 5.39969e-11)
(-5.54385e-09 -6.71993e-11 1.46758e-08)
(1.44936e-08 -4.84337e-12 5.48872e-09)
(-1.27579e-11 1.56784e-08 5.11111e-11)
(-5.59043e-09 -6.36022e-11 1.46549e-08)
(1.44828e-08 -4.75662e-12 5.53594e-09)
(-1.20005e-11 1.56753e-08 4.83117e-11)
(-5.63436e-09 -6.01043e-11 1.4635e-08)
(1.44725e-08 -4.66598e-12 5.58061e-09)
(-1.12515e-11 1.56723e-08 4.55974e-11)
(-5.67574e-09 -5.67054e-11 1.4616e-08)
(1.44629e-08 -4.57159e-12 5.62282e-09)
(-1.0513e-11 1.56694e-08 4.29674e-11)
(-5.71463e-09 -5.34053e-11 1.45979e-08)
(1.44539e-08 -4.47358e-12 5.66262e-09)
(-9.78684e-12 1.56666e-08 4.04205e-11)
(-5.75113e-09 -5.02036e-11 1.45807e-08)
(1.44455e-08 -4.37208e-12 5.7001e-09)
(-9.07481e-12 1.56638e-08 3.79558e-11)
(-5.78531e-09 -4.71002e-11 1.45644e-08)
(1.44378e-08 -4.26722e-12 5.73534e-09)
(-8.37854e-12 1.56611e-08 3.55724e-11)
(-5.81726e-09 -4.40948e-11 1.45491e-08)
(1.44306e-08 -4.15912e-12 5.76839e-09)
(-7.69957e-12 1.56585e-08 3.32692e-11)
(-5.84704e-09 -4.11872e-11 1.45346e-08)
(1.4424e-08 -4.04793e-12 5.79934e-09)
(-7.03928e-12 1.5656e-08 3.10455e-11)
(-5.87474e-09 -3.8377e-11 1.45209e-08)
(1.44179e-08 -3.93377e-12 5.82825e-09)
(-6.39897e-12 1.56535e-08 2.89004e-11)
(-5.90043e-09 -3.56641e-11 1.45081e-08)
(1.44124e-08 -3.81676e-12 5.85519e-09)
(-5.77982e-12 1.56511e-08 2.68331e-11)
(-5.92419e-09 -3.30481e-11 1.44961e-08)
(1.44074e-08 -3.69703e-12 5.88025e-09)
(-5.18289e-12 1.56488e-08 2.48427e-11)
(-5.9461e-09 -3.05287e-11 1.4485e-08)
(1.4403e-08 -3.57472e-12 5.90348e-09)
(-4.60919e-12 1.56466e-08 2.29286e-11)
(-5.96622e-09 -2.81056e-11 1.44746e-08)
(1.4399e-08 -3.44993e-12 5.92496e-09)
(-4.05958e-12 1.56445e-08 2.10901e-11)
(-5.98464e-09 -2.57787e-11 1.4465e-08)
(1.43955e-08 -3.3228e-12 5.94476e-09)
(-3.53489e-12 1.56424e-08 1.93265e-11)
(-6.00142e-09 -2.35476e-11 1.44561e-08)
(1.43924e-08 -3.19344e-12 5.96294e-09)
(-3.03582e-12 1.56405e-08 1.76371e-11)
(-6.01664e-09 -2.14119e-11 1.44479e-08)
(1.43897e-08 -3.06198e-12 5.97958e-09)
(-2.56302e-12 1.56386e-08 1.60214e-11)
(-6.03037e-09 -1.93715e-11 1.44404e-08)
(1.43875e-08 -2.92853e-12 5.99474e-09)
(-2.11705e-12 1.56368e-08 1.44788e-11)
(-6.04268e-09 -1.7426e-11 1.44336e-08)
(1.43856e-08 -2.79322e-12 6.0085e-09)
(-1.69842e-12 1.56351e-08 1.30088e-11)
(-6.05364e-09 -1.55752e-11 1.44274e-08)
(1.43841e-08 -2.65615e-12 6.02092e-09)
(-1.30756e-12 1.56334e-08 1.16108e-11)
(-6.06333e-09 -1.38188e-11 1.44218e-08)
(1.43829e-08 -2.51744e-12 6.03207e-09)
(-9.44858e-13 1.56319e-08 1.02845e-11)
(-6.0718e-09 -1.21565e-11 1.44168e-08)
(1.4382e-08 -2.37721e-12 6.04202e-09)
(-6.10657e-13 1.56304e-08 9.02936e-12)
(-6.07914e-09 -1.05881e-11 1.44124e-08)
(1.43813e-08 -2.23559e-12 6.05084e-09)
(-3.05262e-13 1.5629e-08 7.845e-12)
(-6.08541e-09 -9.11325e-12 1.44085e-08)
(1.43809e-08 -2.09272e-12 6.05859e-09)
(-2.89572e-14 1.56278e-08 6.73107e-12)
(-6.09068e-09 -7.73178e-12 1.44051e-08)
(1.43808e-08 -1.94881e-12 6.06534e-09)
(2.17978e-13 1.56266e-08 5.68724e-12)
(-6.09501e-09 -6.44342e-12 1.44022e-08)
(1.43808e-08 -1.80412e-12 6.07116e-09)
(4.35249e-13 1.56254e-08 4.71322e-12)
(-6.09848e-09 -5.24793e-12 1.43997e-08)
(1.4381e-08 -1.65907e-12 6.07612e-09)
(6.22541e-13 1.56244e-08 3.80882e-12)
(-6.10116e-09 -4.14509e-12 1.43976e-08)
(1.43813e-08 -1.51432e-12 6.08028e-09)
(7.79526e-13 1.56235e-08 2.97393e-12)
(-6.10311e-09 -3.13467e-12 1.43959e-08)
(1.43818e-08 -1.37088e-12 6.08372e-09)
(9.05912e-13 1.56226e-08 2.20859e-12)
(-6.10439e-09 -2.21642e-12 1.43946e-08)
(1.43823e-08 -1.23039e-12 6.08649e-09)
(1.00157e-12 1.56219e-08 1.51309e-12)
(-6.10508e-09 -1.39012e-12 1.43936e-08)
(1.43829e-08 -1.0953e-12 6.08867e-09)
(1.06685e-12 1.56212e-08 8.88073e-13)
(-6.10525e-09 -6.55586e-13 1.43929e-08)
(1.43835e-08 -9.6923e-13 6.09034e-09)
(1.10315e-12 1.56206e-08 3.34743e-13)
(-6.10495e-09 -1.27036e-14 1.43925e-08)
(1.43841e-08 -8.57195e-13 6.09155e-09)
(1.11392e-12 1.56201e-08 -1.44928e-13)
(-6.10425e-09 5.38399e-13 1.43923e-08)
(1.43846e-08 -7.65398e-13 6.0924e-09)
(1.10619e-12 1.56197e-08 -5.47987e-13)
(-6.10323e-09 9.97134e-13 1.43923e-08)
(1.43852e-08 -6.99798e-13 6.09298e-09)
(1.09257e-12 1.56194e-08 -8.70449e-13)
(-6.10195e-09 1.36204e-12 1.43925e-08)
(1.43856e-08 -6.64221e-13 6.09335e-09)
(1.09089e-12 1.56191e-08 -1.10939e-12)
(-6.1005e-09 1.62886e-12 1.43929e-08)
(1.43858e-08 -6.59515e-13 6.09358e-09)
(1.11262e-12 1.56189e-08 -1.27283e-12)
(-6.09899e-09 1.7827e-12 1.43934e-08)
(1.15612e-12 1.56185e-08 -1.38418e-12)
(-6.0975e-09 1.78459e-12 1.43941e-08)
(1.51829e-08 1.26045e-11 2.48312e-10)
(-9.26837e-11 1.58773e-08 1.65926e-11)
(-3.41285e-10 -1.7326e-11 1.58838e-08)
(1.51007e-08 1.86026e-11 4.59549e-10)
(-5.18532e-11 1.57675e-08 4.82864e-11)
(-5.71896e-10 -5.12838e-11 1.59101e-08)
(1.50945e-08 1.71271e-11 6.64767e-10)
(-3.00807e-11 1.57903e-08 7.28668e-11)
(-7.55544e-10 -7.98398e-11 1.59034e-08)
(1.50951e-08 1.34285e-11 8.67146e-10)
(-1.8968e-11 1.58057e-08 8.83375e-11)
(-9.49754e-10 -1.00449e-10 1.58739e-08)
(1.50947e-08 9.7309e-12 1.06694e-09)
(-1.29421e-11 1.58131e-08 9.68126e-11)
(-1.14982e-09 -1.14681e-10 1.58449e-08)
(1.50921e-08 6.59424e-12 1.26326e-09)
(-9.97089e-12 1.5816e-08 1.00687e-10)
(-1.34978e-09 -1.2401e-10 1.58174e-08)
(1.50871e-08 4.1357e-12 1.4555e-09)
(-8.7915e-12 1.58157e-08 1.01725e-10)
(-1.54721e-09 -1.29561e-10 1.57895e-08)
(1.50798e-08 2.30257e-12 1.64328e-09)
(-8.57299e-12 1.58136e-08 1.01069e-10)
(-1.74088e-09 -1.32276e-10 1.57607e-08)
(1.50706e-08 9.76996e-13 1.82639e-09)
(-8.83681e-12 1.58104e-08 9.94242e-11)
(-1.93004e-09 -1.32928e-10 1.57309e-08)
(1.50596e-08 3.60917e-14 2.00474e-09)
(-9.3148e-12 1.58067e-08 9.72131e-11)
(-2.11425e-09 -1.32122e-10 1.56998e-08)
(1.50471e-08 -6.25643e-13 2.17825e-09)
(-9.85973e-12 1.58027e-08 9.46893e-11)
(-2.29325e-09 -1.30312e-10 1.56677e-08)
(1.50332e-08 -1.09082e-12 2.34694e-09)
(-1.0395e-11 1.57986e-08 9.20034e-11)
(-2.46693e-09 -1.27831e-10 1.56345e-08)
(1.50181e-08 -1.42038e-12 2.51079e-09)
(-1.08838e-11 1.57944e-08 8.92446e-11)
(-2.63524e-09 -1.24915e-10 1.56004e-08)
(1.50019e-08 -1.65739e-12 2.66985e-09)
(-1.13105e-11 1.57902e-08 8.64655e-11)
(-2.7982e-09 -1.21729e-10 1.55656e-08)
(1.49848e-08 -1.83143e-12 2.82414e-09)
(-1.16703e-11 1.57859e-08 8.36969e-11)
(-2.95585e-09 -1.18384e-10 1.55302e-08)
(1.49669e-08 -1.96234e-12 2.97372e-09)
(-1.19638e-11 1.57817e-08 8.09567e-11)
(-3.10827e-09 -1.14956e-10 1.54943e-08)
(1.49484e-08 -2.06329e-12 3.11864e-09)
(-1.21939e-11 1.57774e-08 7.8255e-11)
(-3.25553e-09 -1.11495e-10 1.5458e-08)
(1.49293e-08 -2.14294e-12 3.25897e-09)
(-1.2364e-11 1.57732e-08 7.5598e-11)
(-3.39773e-09 -1.08034e-10 1.54215e-08)
(1.49098e-08 -2.20702e-12 3.39476e-09)
(-1.24781e-11 1.5769e-08 7.2989e-11)
(-3.53495e-09 -1.04592e-10 1.53849e-08)
(1.48899e-08 -2.25932e-12 3.52608e-09)
(-1.25399e-11 1.57648e-08 7.043e-11)
(-3.66729e-09 -1.01184e-10 1.53482e-08)
(1.48698e-08 -2.30242e-12 3.65302e-09)
(-1.25531e-11 1.57606e-08 6.79221e-11)
(-3.79485e-09 -9.78187e-11 1.53117e-08)
(1.48496e-08 -2.33807e-12 3.77563e-09)
(-1.25211e-11 1.57564e-08 6.54658e-11)
(-3.91773e-09 -9.45003e-11 1.52753e-08)
(1.48293e-08 -2.36751e-12 3.894e-09)
(-1.24473e-11 1.57522e-08 6.30614e-11)
(-4.03603e-09 -9.12325e-11 1.52391e-08)
(1.4809e-08 -2.39162e-12 4.00821e-09)
(-1.23348e-11 1.57481e-08 6.07089e-11)
(-4.14984e-09 -8.80176e-11 1.52034e-08)
(1.47888e-08 -2.41103e-12 4.11832e-09)
(-1.21869e-11 1.5744e-08 5.84084e-11)
(-4.25926e-09 -8.48569e-11 1.5168e-08)
(1.47687e-08 -2.42621e-12 4.22441e-09)
(-1.20064e-11 1.574e-08 5.61596e-11)
(-4.36439e-09 -8.17514e-11 1.51331e-08)
(1.47489e-08 -2.43751e-12 4.32657e-09)
(-1.17964e-11 1.57359e-08 5.39623e-11)
(-4.46534e-09 -7.87018e-11 1.50988e-08)
(1.47293e-08 -2.4452e-12 4.42487e-09)
(-1.15596e-11 1.5732e-08 5.18162e-11)
(-4.56218e-09 -7.57085e-11 1.50651e-08)
(1.47101e-08 -2.44947e-12 4.51938e-09)
(-1.12986e-11 1.5728e-08 4.97209e-11)
(-4.65504e-09 -7.27719e-11 1.5032e-08)
(1.46912e-08 -2.45049e-12 4.6102e-09)
(-1.10161e-11 1.57241e-08 4.7676e-11)
(-4.74399e-09 -6.98924e-11 1.49996e-08)
(1.46728e-08 -2.44839e-12 4.6974e-09)
(-1.07144e-11 1.57203e-08 4.56811e-11)
(-4.82914e-09 -6.70701e-11 1.4968e-08)
(1.46548e-08 -2.44326e-12 4.78105e-09)
(-1.03959e-11 1.57165e-08 4.37356e-11)
(-4.91058e-09 -6.43054e-11 1.49371e-08)
(1.46373e-08 -2.43519e-12 4.86123e-09)
(-1.00629e-11 1.57128e-08 4.18392e-11)
(-4.9884e-09 -6.15983e-11 1.49071e-08)
(1.46203e-08 -2.42428e-12 4.93803e-09)
(-9.71734e-12 1.57091e-08 3.99912e-11)
(-5.06271e-09 -5.89491e-11 1.48779e-08)
(1.46039e-08 -2.4106e-12 5.01152e-09)
(-9.36132e-12 1.57054e-08 3.81911e-11)
(-5.13358e-09 -5.63578e-11 1.48496e-08)
(1.4588e-08 -2.39421e-12 5.08179e-09)
(-8.9967e-12 1.57019e-08 3.64385e-11)
(-5.20111e-09 -5.38246e-11 1.48221e-08)
(1.45727e-08 -2.37518e-12 5.14889e-09)
(-8.62526e-12 1.56983e-08 3.47326e-11)
(-5.2654e-09 -5.13495e-11 1.47956e-08)
(1.4558e-08 -2.35359e-12 5.21293e-09)
(-8.24869e-12 1.56949e-08 3.3073e-11)
(-5.32653e-09 -4.89325e-11 1.477e-08)
(1.45439e-08 -2.32949e-12 5.27396e-09)
(-7.86859e-12 1.56915e-08 3.14591e-11)
(-5.38459e-09 -4.65738e-11 1.47453e-08)
(1.45305e-08 -2.30296e-12 5.33208e-09)
(-7.48644e-12 1.56882e-08 2.98903e-11)
(-5.43966e-09 -4.42732e-11 1.47216e-08)
(1.45177e-08 -2.27407e-12 5.38735e-09)
(-7.10366e-12 1.56849e-08 2.83661e-11)
(-5.49184e-09 -4.20308e-11 1.46988e-08)
(1.45055e-08 -2.24288e-12 5.43985e-09)
(-6.72157e-12 1.56817e-08 2.68859e-11)
(-5.54121e-09 -3.98466e-11 1.46769e-08)
(1.44939e-08 -2.20946e-12 5.48966e-09)
(-6.34143e-12 1.56786e-08 2.54491e-11)
(-5.58786e-09 -3.77205e-11 1.4656e-08)
(1.4483e-08 -2.17388e-12 5.53685e-09)
(-5.96439e-12 1.56755e-08 2.40553e-11)
(-5.63186e-09 -3.56525e-11 1.4636e-08)
(1.44728e-08 -2.13621e-12 5.58149e-09)
(-5.59155e-12 1.56725e-08 2.27038e-11)
(-5.6733e-09 -3.36425e-11 1.4617e-08)
(1.44631e-08 -2.09651e-12 5.62366e-09)
(-5.22392e-12 1.56696e-08 2.13943e-11)
(-5.71227e-09 -3.16904e-11 1.45988e-08)
(1.44541e-08 -2.05485e-12 5.66344e-09)
(-4.86245e-12 1.56667e-08 2.01261e-11)
(-5.74883e-09 -2.97962e-11 1.45816e-08)
(1.44457e-08 -2.01131e-12 5.7009e-09)
(-4.50803e-12 1.5664e-08 1.88988e-11)
(-5.78308e-09 -2.79597e-11 1.45653e-08)
(1.44379e-08 -1.96594e-12 5.7361e-09)
(-4.16146e-12 1.56613e-08 1.77119e-11)
(-5.81509e-09 -2.61809e-11 1.45499e-08)
(1.44307e-08 -1.91882e-12 5.76912e-09)
(-3.82351e-12 1.56587e-08 1.6565e-11)
(-5.84494e-09 -2.44596e-11 1.45354e-08)
(1.44241e-08 -1.87001e-12 5.80004e-09)
(-3.49487e-12 1.56561e-08 1.54576e-11)
(-5.87271e-09 -2.27957e-11 1.45217e-08)
(1.4418e-08 -1.81958e-12 5.82893e-09)
(-3.17619e-12 1.56537e-08 1.43894e-11)
(-5.89847e-09 -2.11891e-11 1.45089e-08)
(1.44125e-08 -1.7676e-12 5.85585e-09)
(-2.86806e-12 1.56513e-08 1.33599e-11)
(-5.9223e-09 -1.96398e-11 1.44969e-08)
(1.44075e-08 -1.71414e-12 5.88087e-09)
(-2.57101e-12 1.5649e-08 1.23687e-11)
(-5.94427e-09 -1.81474e-11 1.44857e-08)
(1.44031e-08 -1.65926e-12 5.90408e-09)
(-2.28553e-12 1.56468e-08 1.14155e-11)
(-5.96447e-09 -1.6712e-11 1.44753e-08)
(1.43991e-08 -1.60302e-12 5.92553e-09)
(-2.01208e-12 1.56446e-08 1.05e-11)
(-5.98295e-09 -1.53334e-11 1.44656e-08)
(1.43955e-08 -1.5455e-12 5.9453e-09)
(-1.75104e-12 1.56426e-08 9.62169e-12)
(-5.9998e-09 -1.40115e-11 1.44567e-08)
(1.43925e-08 -1.48675e-12 5.96346e-09)
(-1.50278e-12 1.56406e-08 8.78042e-12)
(-6.01509e-09 -1.2746e-11 1.44485e-08)
(1.43898e-08 -1.42685e-12 5.98008e-09)
(-1.26762e-12 1.56387e-08 7.97585e-12)
(-6.02888e-09 -1.1537e-11 1.4441e-08)
(1.43876e-08 -1.36585e-12 5.99522e-09)
(-1.04583e-12 1.56369e-08 7.2077e-12)
(-6.04126e-09 -1.03841e-11 1.44341e-08)
(1.43857e-08 -1.30381e-12 6.00895e-09)
(-8.37683e-13 1.56352e-08 6.47571e-12)
(-6.05229e-09 -9.28742e-12 1.44279e-08)
(1.43841e-08 -1.24081e-12 6.02135e-09)
(-6.43385e-13 1.56335e-08 5.77963e-12)
(-6.06204e-09 -8.24666e-12 1.44223e-08)
(1.43829e-08 -1.17691e-12 6.03247e-09)
(-4.63133e-13 1.5632e-08 5.11925e-12)
(-6.07059e-09 -7.26173e-12 1.44172e-08)
(1.4382e-08 -1.11219e-12 6.0424e-09)
(-2.971e-13 1.56305e-08 4.49434e-12)
(-6.07799e-09 -6.33249e-12 1.44128e-08)
(1.43814e-08 -1.04673e-12 6.05119e-09)
(-1.45444e-13 1.56291e-08 3.9047e-12)
(-6.08433e-09 -5.45881e-12 1.44088e-08)
(1.4381e-08 -9.80664e-13 6.05892e-09)
(-8.3135e-15 1.56278e-08 3.35017e-12)
(-6.08966e-09 -4.64055e-12 1.44054e-08)
(1.43808e-08 -9.14141e-13 6.06565e-09)
(1.14142e-13 1.56266e-08 2.83058e-12)
(-6.09407e-09 -3.87755e-12 1.44024e-08)
(1.43809e-08 -8.47409e-13 6.07145e-09)
(2.21762e-13 1.56255e-08 2.34581e-12)
(-6.0976e-09 -3.16968e-12 1.43999e-08)
(1.4381e-08 -7.80831e-13 6.07639e-09)
(3.14375e-13 1.56245e-08 1.89576e-12)
(-6.10035e-09 -2.51677e-12 1.43978e-08)
(1.43814e-08 -7.14956e-13 6.08053e-09)
(3.91802e-13 1.56236e-08 1.48039e-12)
(-6.10236e-09 -1.91864e-12 1.43961e-08)
(1.43818e-08 -6.50603e-13 6.08394e-09)
(4.53895e-13 1.56227e-08 1.09977e-12)
(-6.10371e-09 -1.37511e-12 1.43948e-08)
(1.43823e-08 -5.88941e-13 6.08669e-09)
(5.00609e-13 1.56219e-08 7.54069e-13)
(-6.10447e-09 -8.85989e-13 1.43937e-08)
(1.43829e-08 -5.31566e-13 6.08885e-09)
(5.32182e-13 1.56213e-08 4.43646e-13)
(-6.1047e-09 -4.51178e-13 1.4393e-08)
(1.43835e-08 -4.80498e-13 6.0905e-09)
(5.49446e-13 1.56207e-08 1.69117e-13)
(-6.10447e-09 -7.07514e-14 1.43926e-08)
(1.43841e-08 -4.37999e-13 6.0917e-09)
(5.54311e-13 1.56202e-08 -6.86143e-14)
(-6.10384e-09 2.54829e-13 1.43924e-08)
(1.43846e-08 -4.06062e-13 6.09253e-09)
(5.50426e-13 1.56198e-08 -2.68387e-13)
(-6.10289e-09 5.24414e-13 1.43924e-08)
(1.43851e-08 -3.85823e-13 6.09309e-09)
(5.43852e-13 1.56195e-08 -4.28987e-13)
(-6.10169e-09 7.35699e-13 1.43925e-08)
(1.43855e-08 -3.78004e-13 6.09345e-09)
(5.42216e-13 1.56192e-08 -5.50473e-13)
(-6.10032e-09 8.83802e-13 1.43929e-08)
(1.43857e-08 -3.82287e-13 6.09366e-09)
(5.50782e-13 1.5619e-08 -6.3748e-13)
(-6.09891e-09 9.58163e-13 1.43934e-08)
(5.72769e-13 1.56186e-08 -6.9768e-13)
(-6.09755e-09 9.44694e-13 1.43941e-08)
(1.51845e-08 3.0921e-12 2.49794e-10)
(-7.73634e-20 1.58695e-08 -9.17162e-21)
(-3.63462e-10 -5.21123e-12 1.58841e-08)
(1.51009e-08 5.07108e-12 4.59724e-10)
(-5.44987e-20 1.57563e-08 1.39237e-20)
(-5.93093e-10 -1.55776e-11 1.59225e-08)
(1.50945e-08 5.08945e-12 6.63863e-10)
(-6.83411e-21 1.57827e-08 7.96045e-20)
(-7.71604e-10 -2.46173e-11 1.59153e-08)
(1.50949e-08 4.32653e-12 8.65828e-10)
(3.2688e-20 1.58014e-08 1.45812e-19)
(-9.61236e-10 -3.14399e-11 1.58819e-08)
(1.50944e-08 3.35898e-12 1.06573e-09)
(7.63731e-20 1.58108e-08 2.27043e-19)
(-1.15768e-09 -3.63577e-11 1.58495e-08)
(1.5092e-08 2.42758e-12 1.26238e-09)
(1.07141e-19 1.5815e-08 3.27753e-19)
(-1.35477e-09 -3.9723e-11 1.58199e-08)
(1.50871e-08 1.64128e-12 1.45498e-09)
(1.18129e-19 1.58153e-08 4.16035e-19)
(-1.55002e-09 -4.18385e-11 1.57909e-08)
(1.50801e-08 1.02693e-12 1.64307e-09)
(1.28087e-19 1.58134e-08 4.78385e-19)
(-1.74207e-09 -4.29828e-11 1.57615e-08)
(1.50711e-08 5.6861e-13 1.82643e-09)
(1.10908e-19 1.58104e-08 5.26046e-19)
(-1.93007e-09 -4.33992e-11 1.57313e-08)
(1.50602e-08 2.36288e-13 2.00494e-09)
(5.50493e-20 1.58068e-08 5.47235e-19)
(-2.11347e-09 -4.3288e-11 1.57002e-08)
(1.50478e-08 -8.00767e-16 2.17857e-09)
(4.33238e-20 1.58028e-08 5.34022e-19)
(-2.29192e-09 -4.28058e-11 1.5668e-08)
(1.50339e-08 -1.68955e-13 2.34732e-09)
(9.96785e-20 1.57987e-08 4.89624e-19)
(-2.46524e-09 -4.20703e-11 1.56348e-08)
(1.50188e-08 -2.88626e-13 2.51122e-09)
(1.46144e-19 1.57945e-08 4.10462e-19)
(-2.63332e-09 -4.11671e-11 1.56007e-08)
(1.50027e-08 -3.74797e-13 2.6703e-09)
(1.73993e-19 1.57903e-08 3.40181e-19)
(-2.79614e-09 -4.0157e-11 1.55659e-08)
(1.49856e-08 -4.38015e-13 2.82461e-09)
(2.32899e-19 1.5786e-08 3.7113e-19)
(-2.95371e-09 -3.90821e-11 1.55305e-08)
(1.49677e-08 -4.85493e-13 2.97419e-09)
(2.83483e-19 1.57818e-08 5.23824e-19)
(-3.10609e-09 -3.7971e-11 1.54946e-08)
(1.49491e-08 -5.22076e-13 3.11912e-09)
(2.62216e-19 1.57775e-08 7.06484e-19)
(-3.25334e-09 -3.68429e-11 1.54583e-08)
(1.493e-08 -5.50979e-13 3.25944e-09)
(2.14599e-19 1.57733e-08 8.39913e-19)
(-3.39554e-09 -3.57105e-11 1.54219e-08)
(1.49104e-08 -5.7433e-13 3.39522e-09)
(1.97282e-19 1.57691e-08 9.2234e-19)
(-3.53278e-09 -3.45818e-11 1.53852e-08)
(1.48905e-08 -5.93544e-13 3.52654e-09)
(1.98713e-19 1.57648e-08 9.79151e-19)
(-3.66515e-09 -3.34623e-11 1.53486e-08)
(1.48704e-08 -6.09571e-13 3.65347e-09)
(1.9972e-19 1.57606e-08 1.02994e-18)
(-3.79274e-09 -3.23553e-11 1.53121e-08)
(1.48501e-08 -6.2306e-13 3.77608e-09)
(1.9566e-19 1.57565e-08 1.08377e-18)
(-3.91565e-09 -3.12628e-11 1.52757e-08)
(1.48298e-08 -6.34462e-13 3.89444e-09)
(1.89516e-19 1.57523e-08 1.14432e-18)
(-4.03397e-09 -3.01864e-11 1.52396e-08)
(1.48095e-08 -6.44097e-13 4.00863e-09)
(1.84466e-19 1.57482e-08 1.2144e-18)
(-4.14782e-09 -2.91269e-11 1.52038e-08)
(1.47892e-08 -6.52195e-13 4.11873e-09)
(1.80282e-19 1.57441e-08 1.29335e-18)
(-4.25728e-09 -2.80847e-11 1.51684e-08)
(1.47692e-08 -6.58926e-13 4.22481e-09)
(1.71781e-19 1.57401e-08 1.37784e-18)
(-4.36244e-09 -2.70605e-11 1.51335e-08)
(1.47493e-08 -6.64414e-13 4.32696e-09)
(1.54378e-19 1.5736e-08 1.46439e-18)
(-4.46342e-09 -2.60542e-11 1.50992e-08)
(1.47297e-08 -6.68754e-13 4.42525e-09)
(1.31428e-19 1.57321e-08 1.55297e-18)
(-4.56031e-09 -2.50663e-11 1.50655e-08)
(1.47105e-08 -6.72016e-13 4.51976e-09)
(1.06419e-19 1.57281e-08 1.64644e-18)
(-4.6532e-09 -2.40969e-11 1.50324e-08)
(1.46916e-08 -6.74256e-13 4.61057e-09)
(8.12642e-20 1.57242e-08 1.74693e-18)
(-4.74219e-09 -2.3146e-11 1.5e-08)
(1.46731e-08 -6.75516e-13 4.69775e-09)
(5.36385e-20 1.57204e-08 1.85658e-18)
(-4.82737e-09 -2.22139e-11 1.49684e-08)
(1.46551e-08 -6.75833e-13 4.78139e-09)
(1.69934e-20 1.57166e-08 1.97576e-18)
(-4.90885e-09 -2.13005e-11 1.49376e-08)
(1.46376e-08 -6.75235e-13 4.86157e-09)
(-1.89043e-20 1.57129e-08 2.09769e-18)
(-4.98671e-09 -2.04059e-11 1.49075e-08)
(1.46206e-08 -6.73748e-13 4.93836e-09)
(-5.38596e-20 1.57092e-08 2.20514e-18)
(-5.06105e-09 -1.95303e-11 1.48783e-08)
(1.46041e-08 -6.71396e-13 5.01184e-09)
(-1.03852e-19 1.57055e-08 2.28774e-18)
(-5.13195e-09 -1.86737e-11 1.485e-08)
(1.45882e-08 -6.68201e-13 5.08209e-09)
(-1.5946e-19 1.57019e-08 2.362e-18)
(-5.19952e-09 -1.78361e-11 1.48226e-08)
(1.45729e-08 -6.64184e-13 5.14919e-09)
(-2.10123e-19 1.56984e-08 2.44946e-18)
(-5.26385e-09 -1.70175e-11 1.4796e-08)
(1.45582e-08 -6.59364e-13 5.21322e-09)
(-2.47788e-19 1.5695e-08 2.55601e-18)
(-5.32501e-09 -1.62181e-11 1.47704e-08)
(1.45441e-08 -6.53763e-13 5.27425e-09)
(-2.70213e-19 1.56916e-08 2.67419e-18)
(-5.38311e-09 -1.54377e-11 1.47457e-08)
(1.45307e-08 -6.47401e-13 5.33235e-09)
(-2.9348e-19 1.56882e-08 2.79435e-18)
(-5.43822e-09 -1.46765e-11 1.4722e-08)
(1.45178e-08 -6.40297e-13 5.38761e-09)
(-3.24732e-19 1.5685e-08 2.91109e-18)
(-5.49044e-09 -1.39345e-11 1.46991e-08)
(1.45057e-08 -6.32473e-13 5.4401e-09)
(-3.58867e-19 1.56818e-08 3.02299e-18)
(-5.53984e-09 -1.32116e-11 1.46773e-08)
(1.44941e-08 -6.23948e-13 5.4899e-09)
(-3.92929e-19 1.56786e-08 3.13627e-18)
(-5.58652e-09 -1.25078e-11 1.46564e-08)
(1.44832e-08 -6.14745e-13 5.53708e-09)
(-4.39742e-19 1.56756e-08 3.25579e-18)
(-5.63056e-09 -1.18231e-11 1.46364e-08)
(1.44729e-08 -6.04882e-13 5.58172e-09)
(-5.04527e-19 1.56726e-08 3.38386e-18)
(-5.67204e-09 -1.11576e-11 1.46173e-08)
(1.44633e-08 -5.94382e-13 5.62388e-09)
(-5.77255e-19 1.56697e-08 3.51819e-18)
(-5.71104e-09 -1.05112e-11 1.45992e-08)
(1.44543e-08 -5.83265e-13 5.66365e-09)
(-6.42714e-19 1.56668e-08 3.63437e-18)
(-5.74764e-09 -9.88384e-12 1.4582e-08)
(1.44458e-08 -5.71551e-13 5.7011e-09)
(-6.74059e-19 1.5664e-08 3.6956e-18)
(-5.78193e-09 -9.27557e-12 1.45657e-08)
(1.4438e-08 -5.59262e-13 5.7363e-09)
(-6.70566e-19 1.56614e-08 3.68846e-18)
(-5.81398e-09 -8.68634e-12 1.45502e-08)
(1.44308e-08 -5.46419e-13 5.76931e-09)
(-6.66709e-19 1.56587e-08 3.63292e-18)
(-5.84386e-09 -8.11612e-12 1.45357e-08)
(1.44242e-08 -5.33042e-13 5.80022e-09)
(-6.75225e-19 1.56562e-08 3.54143e-18)
(-5.87167e-09 -7.56487e-12 1.4522e-08)
(1.44181e-08 -5.19153e-13 5.8291e-09)
(-6.75538e-19 1.56537e-08 3.37924e-18)
(-5.89746e-09 -7.03257e-12 1.45092e-08)
(1.44126e-08 -5.04772e-13 5.85601e-09)
(-6.62775e-19 1.56513e-08 3.13294e-18)
(-5.92133e-09 -6.51919e-12 1.44972e-08)
(1.44076e-08 -4.8992e-13 5.88104e-09)
(-6.28947e-19 1.5649e-08 2.88438e-18)
(-5.94334e-09 -6.02468e-12 1.44859e-08)
(1.44031e-08 -4.74617e-13 5.90423e-09)
(-5.74491e-19 1.56468e-08 2.69386e-18)
(-5.96356e-09 -5.549e-12 1.44755e-08)
(1.43991e-08 -4.58885e-13 5.92568e-09)
(-5.27172e-19 1.56447e-08 2.53056e-18)
(-5.98208e-09 -5.09213e-12 1.44658e-08)
(1.43956e-08 -4.42742e-13 5.94544e-09)
(-4.85889e-19 1.56426e-08 2.36206e-18)
(-5.99897e-09 -4.65401e-12 1.44569e-08)
(1.43925e-08 -4.2621e-13 5.9636e-09)
(-4.38808e-19 1.56406e-08 2.19996e-18)
(-6.01429e-09 -4.23461e-12 1.44487e-08)
(1.43899e-08 -4.09308e-13 5.9802e-09)
(-3.90195e-19 1.56387e-08 2.08566e-18)
(-6.02812e-09 -3.83389e-12 1.44412e-08)
(1.43876e-08 -3.92058e-13 5.99534e-09)
(-3.51797e-19 1.56369e-08 2.04075e-18)
(-6.04053e-09 -3.45181e-12 1.44343e-08)
(1.43857e-08 -3.74478e-13 6.00907e-09)
(-3.28289e-19 1.56352e-08 2.04722e-18)
(-6.0516e-09 -3.08831e-12 1.44281e-08)
(1.43842e-08 -3.56591e-13 6.02146e-09)
(-3.13513e-19 1.56336e-08 2.07984e-18)
(-6.06139e-09 -2.74338e-12 1.44224e-08)
(1.4383e-08 -3.38419e-13 6.03258e-09)
(-3.13896e-19 1.5632e-08 2.13132e-18)
(-6.06996e-09 -2.41695e-12 1.44174e-08)
(1.43821e-08 -3.1999e-13 6.0425e-09)
(-3.32671e-19 1.56306e-08 2.20537e-18)
(-6.0774e-09 -2.10899e-12 1.44129e-08)
(1.43814e-08 -3.01335e-13 6.05129e-09)
(-3.79184e-19 1.56292e-08 2.29492e-18)
(-6.08377e-09 -1.81946e-12 1.4409e-08)
(1.4381e-08 -2.82498e-13 6.05901e-09)
(-4.47298e-19 1.56279e-08 2.41602e-18)
(-6.08914e-09 -1.54831e-12 1.44055e-08)
(1.43809e-08 -2.63544e-13 6.06573e-09)
(-5.07809e-19 1.56267e-08 2.55868e-18)
(-6.09358e-09 -1.29548e-12 1.44026e-08)
(1.43809e-08 -2.44566e-13 6.07153e-09)
(-5.47613e-19 1.56256e-08 2.64121e-18)
(-6.09715e-09 -1.06094e-12 1.44e-08)
(1.43811e-08 -2.25704e-13 6.07646e-09)
(-5.45483e-19 1.56245e-08 2.63075e-18)
(-6.09993e-09 -8.44613e-13 1.43979e-08)
(1.43814e-08 -2.07165e-13 6.08059e-09)
(-4.81102e-19 1.56236e-08 2.56761e-18)
(-6.10198e-09 -6.46439e-13 1.43962e-08)
(1.43818e-08 -1.89244e-13 6.084e-09)
(-3.97942e-19 1.56227e-08 2.49677e-18)
(-6.10337e-09 -4.66348e-13 1.43948e-08)
(1.43823e-08 -1.72349e-13 6.08675e-09)
(-4.1631e-19 1.5622e-08 2.43916e-18)
(-6.10416e-09 -3.0428e-13 1.43938e-08)
(1.43829e-08 -1.57002e-13 6.08891e-09)
(-5.32527e-19 1.56213e-08 2.44489e-18)
(-6.10442e-09 -1.60209e-13 1.43931e-08)
(1.43835e-08 -1.4381e-13 6.09055e-09)
(-6.0486e-19 1.56207e-08 2.58882e-18)
(-6.10422e-09 -3.42024e-14 1.43926e-08)
(1.43841e-08 -1.33376e-13 6.09174e-09)
(-6.04615e-19 1.56202e-08 2.81008e-18)
(-6.10363e-09 7.34967e-14 1.43924e-08)
(1.43846e-08 -1.26124e-13 6.09258e-09)
(-5.85885e-19 1.56198e-08 2.94315e-18)
(-6.10272e-09 1.62343e-13 1.43924e-08)
(1.43851e-08 -1.22152e-13 6.09313e-09)
(-5.44979e-19 1.56195e-08 2.91405e-18)
(-6.10156e-09 2.31321e-13 1.43925e-08)
(1.43855e-08 -1.21401e-13 6.09349e-09)
(-3.81936e-19 1.56192e-08 2.71914e-18)
(-6.10023e-09 2.78562e-13 1.43929e-08)
(1.43857e-08 -1.23511e-13 6.09371e-09)
(1.30492e-19 1.5619e-08 2.33933e-18)
(-6.09887e-09 3.00817e-13 1.43933e-08)
(7.24496e-19 1.56186e-08 1.76559e-18)
(-6.09757e-09 2.9468e-13 1.4394e-08)
(1.51845e-08 -3.0921e-12 2.49794e-10)
(9.26837e-11 1.58773e-08 -1.65926e-11)
(-3.63462e-10 5.21123e-12 1.58841e-08)
(1.51009e-08 -5.07108e-12 4.59724e-10)
(5.18532e-11 1.57675e-08 -4.82864e-11)
(-5.93093e-10 1.55776e-11 1.59225e-08)
(1.50945e-08 -5.08945e-12 6.63863e-10)
(3.00807e-11 1.57903e-08 -7.28668e-11)
(-7.71604e-10 2.46173e-11 1.59153e-08)
(1.50949e-08 -4.32653e-12 8.65828e-10)
(1.8968e-11 1.58057e-08 -8.83375e-11)
(-9.61236e-10 3.14399e-11 1.58819e-08)
(1.50944e-08 -3.35898e-12 1.06573e-09)
(1.29421e-11 1.58131e-08 -9.68126e-11)
(-1.15768e-09 3.63577e-11 1.58495e-08)
(1.5092e-08 -2.42758e-12 1.26238e-09)
(9.97089e-12 1.5816e-08 -1.00687e-10)
(-1.35477e-09 3.9723e-11 1.58199e-08)
(1.50871e-08 -1.64128e-12 1.45498e-09)
(8.7915e-12 1.58157e-08 -1.01725e-10)
(-1.55002e-09 4.18385e-11 1.57909e-08)
(1.50801e-08 -1.02693e-12 1.64307e-09)
(8.57299e-12 1.58136e-08 -1.01069e-10)
(-1.74207e-09 4.29828e-11 1.57615e-08)
(1.50711e-08 -5.6861e-13 1.82643e-09)
(8.83681e-12 1.58104e-08 -9.94242e-11)
(-1.93007e-09 4.33992e-11 1.57313e-08)
(1.50602e-08 -2.36289e-13 2.00494e-09)
(9.3148e-12 1.58067e-08 -9.72131e-11)
(-2.11347e-09 4.3288e-11 1.57002e-08)
(1.50478e-08 8.00139e-16 2.17857e-09)
(9.85973e-12 1.58027e-08 -9.46893e-11)
(-2.29192e-09 4.28058e-11 1.5668e-08)
(1.50339e-08 1.68955e-13 2.34732e-09)
(1.0395e-11 1.57986e-08 -9.20034e-11)
(-2.46524e-09 4.20703e-11 1.56348e-08)
(1.50188e-08 2.88625e-13 2.51122e-09)
(1.08838e-11 1.57944e-08 -8.92446e-11)
(-2.63332e-09 4.11671e-11 1.56007e-08)
(1.50027e-08 3.74796e-13 2.6703e-09)
(1.13105e-11 1.57902e-08 -8.64655e-11)
(-2.79614e-09 4.0157e-11 1.55659e-08)
(1.49856e-08 4.38014e-13 2.82461e-09)
(1.16703e-11 1.57859e-08 -8.36969e-11)
(-2.95371e-09 3.90821e-11 1.55305e-08)
(1.49677e-08 4.85492e-13 2.97419e-09)
(1.19638e-11 1.57817e-08 -8.09567e-11)
(-3.10609e-09 3.7971e-11 1.54946e-08)
(1.49491e-08 5.22075e-13 3.11912e-09)
(1.21939e-11 1.57774e-08 -7.8255e-11)
(-3.25334e-09 3.68429e-11 1.54583e-08)
(1.493e-08 5.50978e-13 3.25944e-09)
(1.2364e-11 1.57732e-08 -7.5598e-11)
(-3.39554e-09 3.57105e-11 1.54219e-08)
(1.49104e-08 5.74329e-13 3.39522e-09)
(1.24781e-11 1.5769e-08 -7.2989e-11)
(-3.53278e-09 3.45818e-11 1.53852e-08)
(1.48905e-08 5.93543e-13 3.52654e-09)
(1.25399e-11 1.57648e-08 -7.043e-11)
(-3.66515e-09 3.34623e-11 1.53486e-08)
(1.48704e-08 6.0957e-13 3.65347e-09)
(1.25531e-11 1.57606e-08 -6.79221e-11)
(-3.79274e-09 3.23553e-11 1.53121e-08)
(1.48501e-08 6.23059e-13 3.77608e-09)
(1.25211e-11 1.57564e-08 -6.54658e-11)
(-3.91565e-09 3.12628e-11 1.52757e-08)
(1.48298e-08 6.34461e-13 3.89444e-09)
(1.24473e-11 1.57522e-08 -6.30614e-11)
(-4.03397e-09 3.01864e-11 1.52396e-08)
(1.48095e-08 6.44095e-13 4.00863e-09)
(1.23348e-11 1.57481e-08 -6.07089e-11)
(-4.14782e-09 2.91269e-11 1.52038e-08)
(1.47892e-08 6.52194e-13 4.11873e-09)
(1.21869e-11 1.5744e-08 -5.84084e-11)
(-4.25728e-09 2.80847e-11 1.51684e-08)
(1.47692e-08 6.58925e-13 4.22481e-09)
(1.20064e-11 1.574e-08 -5.61596e-11)
(-4.36244e-09 2.70604e-11 1.51335e-08)
(1.47493e-08 6.64413e-13 4.32696e-09)
(1.17964e-11 1.57359e-08 -5.39623e-11)
(-4.46342e-09 2.60542e-11 1.50992e-08)
(1.47297e-08 6.68753e-13 4.42525e-09)
(1.15596e-11 1.5732e-08 -5.18162e-11)
(-4.56031e-09 2.50663e-11 1.50655e-08)
(1.47105e-08 6.72015e-13 4.51976e-09)
(1.12986e-11 1.5728e-08 -4.97209e-11)
(-4.6532e-09 2.40969e-11 1.50324e-08)
(1.46916e-08 6.74254e-13 4.61057e-09)
(1.10161e-11 1.57241e-08 -4.7676e-11)
(-4.74219e-09 2.3146e-11 1.5e-08)
(1.46731e-08 6.75515e-13 4.69775e-09)
(1.07144e-11 1.57203e-08 -4.56811e-11)
(-4.82737e-09 2.22139e-11 1.49684e-08)
(1.46551e-08 6.75831e-13 4.78139e-09)
(1.03959e-11 1.57165e-08 -4.37356e-11)
(-4.90885e-09 2.13005e-11 1.49376e-08)
(1.46376e-08 6.75233e-13 4.86157e-09)
(1.00629e-11 1.57128e-08 -4.18392e-11)
(-4.98671e-09 2.04059e-11 1.49075e-08)
(1.46206e-08 6.73747e-13 4.93836e-09)
(9.71734e-12 1.57091e-08 -3.99912e-11)
(-5.06105e-09 1.95303e-11 1.48783e-08)
(1.46041e-08 6.71395e-13 5.01184e-09)
(9.36132e-12 1.57054e-08 -3.81911e-11)
(-5.13195e-09 1.86737e-11 1.485e-08)
(1.45882e-08 6.682e-13 5.08209e-09)
(8.9967e-12 1.57019e-08 -3.64385e-11)
(-5.19952e-09 1.78361e-11 1.48226e-08)
(1.45729e-08 6.64182e-13 5.14919e-09)
(8.62526e-12 1.56983e-08 -3.47326e-11)
(-5.26385e-09 1.70175e-11 1.4796e-08)
(1.45582e-08 6.59363e-13 5.21322e-09)
(8.24869e-12 1.56949e-08 -3.3073e-11)
(-5.32501e-09 1.62181e-11 1.47704e-08)
(1.45441e-08 6.53762e-13 5.27425e-09)
(7.86859e-12 1.56915e-08 -3.14591e-11)
(-5.38311e-09 1.54377e-11 1.47457e-08)
(1.45307e-08 6.47399e-13 5.33235e-09)
(7.48644e-12 1.56882e-08 -2.98903e-11)
(-5.43822e-09 1.46765e-11 1.4722e-08)
(1.45178e-08 6.40295e-13 5.38761e-09)
(7.10366e-12 1.56849e-08 -2.83661e-11)
(-5.49044e-09 1.39345e-11 1.46991e-08)
(1.45057e-08 6.32471e-13 5.4401e-09)
(6.72157e-12 1.56817e-08 -2.68859e-11)
(-5.53984e-09 1.32115e-11 1.46773e-08)
(1.44941e-08 6.23947e-13 5.4899e-09)
(6.34143e-12 1.56786e-08 -2.54491e-11)
(-5.58652e-09 1.25078e-11 1.46564e-08)
(1.44832e-08 6.14743e-13 5.53708e-09)
(5.96439e-12 1.56755e-08 -2.40553e-11)
(-5.63056e-09 1.18231e-11 1.46364e-08)
(1.44729e-08 6.04881e-13 5.58172e-09)
(5.59155e-12 1.56725e-08 -2.27038e-11)
(-5.67204e-09 1.11576e-11 1.46173e-08)
(1.44633e-08 5.9438e-13 5.62388e-09)
(5.22392e-12 1.56696e-08 -2.13942e-11)
(-5.71104e-09 1.05112e-11 1.45992e-08)
(1.44543e-08 5.83263e-13 5.66365e-09)
(4.86245e-12 1.56667e-08 -2.01261e-11)
(-5.74764e-09 9.88384e-12 1.4582e-08)
(1.44458e-08 5.71549e-13 5.7011e-09)
(4.50803e-12 1.5664e-08 -1.88988e-11)
(-5.78193e-09 9.27557e-12 1.45657e-08)
(1.4438e-08 5.59261e-13 5.7363e-09)
(4.16146e-12 1.56613e-08 -1.77119e-11)
(-5.81398e-09 8.68633e-12 1.45502e-08)
(1.44308e-08 5.46418e-13 5.76931e-09)
(3.82351e-12 1.56587e-08 -1.6565e-11)
(-5.84386e-09 8.11611e-12 1.45357e-08)
(1.44242e-08 5.33041e-13 5.80022e-09)
(3.49487e-12 1.56561e-08 -1.54576e-11)
(-5.87167e-09 7.56487e-12 1.4522e-08)
(1.44181e-08 5.19152e-13 5.8291e-09)
(3.17619e-12 1.56537e-08 -1.43894e-11)
(-5.89746e-09 7.03257e-12 1.45092e-08)
(1.44126e-08 5.04771e-13 5.85601e-09)
(2.86806e-12 1.56513e-08 -1.33599e-11)
(-5.92133e-09 6.51918e-12 1.44972e-08)
(1.44076e-08 4.89919e-13 5.88104e-09)
(2.57101e-12 1.5649e-08 -1.23687e-11)
(-5.94334e-09 6.02467e-12 1.44859e-08)
(1.44031e-08 4.74616e-13 5.90423e-09)
(2.28553e-12 1.56468e-08 -1.14155e-11)
(-5.96356e-09 5.549e-12 1.44755e-08)
(1.43991e-08 4.58884e-13 5.92568e-09)
(2.01208e-12 1.56446e-08 -1.05e-11)
(-5.98208e-09 5.09212e-12 1.44658e-08)
(1.43956e-08 4.42741e-13 5.94544e-09)
(1.75104e-12 1.56426e-08 -9.62169e-12)
(-5.99897e-09 4.65401e-12 1.44569e-08)
(1.43925e-08 4.26209e-13 5.9636e-09)
(1.50278e-12 1.56406e-08 -8.78042e-12)
(-6.01429e-09 4.23461e-12 1.44487e-08)
(1.43899e-08 4.09308e-13 5.9802e-09)
(1.26761e-12 1.56387e-08 -7.97585e-12)
(-6.02812e-09 3.83389e-12 1.44412e-08)
(1.43876e-08 3.92057e-13 5.99534e-09)
(1.04583e-12 1.56369e-08 -7.20769e-12)
(-6.04053e-09 3.4518e-12 1.44343e-08)
(1.43857e-08 3.74477e-13 6.00907e-09)
(8.37682e-13 1.56352e-08 -6.4757e-12)
(-6.0516e-09 3.08831e-12 1.44281e-08)
(1.43842e-08 3.5659e-13 6.02146e-09)
(6.43384e-13 1.56335e-08 -5.77963e-12)
(-6.06139e-09 2.74337e-12 1.44224e-08)
(1.4383e-08 3.38418e-13 6.03258e-09)
(4.63132e-13 1.5632e-08 -5.11924e-12)
(-6.06996e-09 2.41695e-12 1.44174e-08)
(1.43821e-08 3.19989e-13 6.0425e-09)
(2.97099e-13 1.56305e-08 -4.49433e-12)
(-6.0774e-09 2.10899e-12 1.44129e-08)
(1.43814e-08 3.01334e-13 6.05129e-09)
(1.45443e-13 1.56291e-08 -3.9047e-12)
(-6.08377e-09 1.81946e-12 1.4409e-08)
(1.4381e-08 2.82497e-13 6.05901e-09)
(8.31256e-15 1.56278e-08 -3.35017e-12)
(-6.08914e-09 1.5483e-12 1.44055e-08)
(1.43809e-08 2.63543e-13 6.06573e-09)
(-1.14143e-13 1.56266e-08 -2.83058e-12)
(-6.09358e-09 1.29548e-12 1.44026e-08)
(1.43809e-08 2.44565e-13 6.07153e-09)
(-2.21763e-13 1.56255e-08 -2.3458e-12)
(-6.09715e-09 1.06093e-12 1.44e-08)
(1.43811e-08 2.25703e-13 6.07646e-09)
(-3.14376e-13 1.56245e-08 -1.89575e-12)
(-6.09993e-09 8.44608e-13 1.43979e-08)
(1.43814e-08 2.07164e-13 6.08059e-09)
(-3.91803e-13 1.56236e-08 -1.48039e-12)
(-6.10198e-09 6.46434e-13 1.43962e-08)
(1.43818e-08 1.89243e-13 6.084e-09)
(-4.53895e-13 1.56227e-08 -1.09977e-12)
(-6.10337e-09 4.66343e-13 1.43948e-08)
(1.43823e-08 1.72348e-13 6.08675e-09)
(-5.0061e-13 1.56219e-08 -7.54064e-13)
(-6.10416e-09 3.04275e-13 1.43938e-08)
(1.43829e-08 1.57001e-13 6.08891e-09)
(-5.32183e-13 1.56213e-08 -4.43642e-13)
(-6.10442e-09 1.60204e-13 1.43931e-08)
(1.43835e-08 1.43808e-13 6.09055e-09)
(-5.49447e-13 1.56207e-08 -1.69112e-13)
(-6.10422e-09 3.4197e-14 1.43926e-08)
(1.43841e-08 1.33374e-13 6.09174e-09)
(-5.54312e-13 1.56202e-08 6.86199e-14)
(-6.10363e-09 -7.35022e-14 1.43924e-08)
(1.43846e-08 1.26122e-13 6.09258e-09)
(-5.50427e-13 1.56198e-08 2.68393e-13)
(-6.10272e-09 -1.62349e-13 1.43924e-08)
(1.43851e-08 1.2215e-13 6.09313e-09)
(-5.43853e-13 1.56195e-08 4.28992e-13)
(-6.10156e-09 -2.31327e-13 1.43925e-08)
(1.43855e-08 1.21399e-13 6.09349e-09)
(-5.42217e-13 1.56192e-08 5.50478e-13)
(-6.10023e-09 -2.78567e-13 1.43929e-08)
(1.43857e-08 1.23509e-13 6.09371e-09)
(-5.50782e-13 1.5619e-08 6.37485e-13)
(-6.09887e-09 -3.00823e-13 1.43933e-08)
(-5.72769e-13 1.56186e-08 6.97684e-13)
(-6.09757e-09 -2.94686e-13 1.4394e-08)
(1.51829e-08 -1.26045e-11 2.48312e-10)
(2.06446e-10 1.59054e-08 -3.58029e-11)
(-3.41285e-10 1.7326e-11 1.58838e-08)
(1.51007e-08 -1.86026e-11 4.59549e-10)
(1.00678e-10 1.58026e-08 -1.02958e-10)
(-5.71896e-10 5.12838e-11 1.59101e-08)
(1.50945e-08 -1.71271e-11 6.64767e-10)
(5.43102e-11 1.58116e-08 -1.52523e-10)
(-7.55544e-10 7.98398e-11 1.59034e-08)
(1.50951e-08 -1.34285e-11 8.67146e-10)
(3.3617e-11 1.58165e-08 -1.8227e-10)
(-9.49754e-10 1.00449e-10 1.58739e-08)
(1.50947e-08 -9.7309e-12 1.06694e-09)
(2.32899e-11 1.58183e-08 -1.97811e-10)
(-1.14982e-09 1.14681e-10 1.58449e-08)
(1.50921e-08 -6.59424e-12 1.26326e-09)
(1.86095e-11 1.58184e-08 -2.04439e-10)
(-1.34978e-09 1.2401e-10 1.58174e-08)
(1.50871e-08 -4.1357e-12 1.4555e-09)
(1.69997e-11 1.58167e-08 -2.05744e-10)
(-1.54721e-09 1.29561e-10 1.57895e-08)
(1.50798e-08 -2.30257e-12 1.64328e-09)
(1.69581e-11 1.58139e-08 -2.03933e-10)
(-1.74088e-09 1.32276e-10 1.57607e-08)
(1.50706e-08 -9.76997e-13 1.82639e-09)
(1.76818e-11 1.58105e-08 -2.00325e-10)
(-1.93004e-09 1.32928e-10 1.57309e-08)
(1.50596e-08 -3.60922e-14 2.00474e-09)
(1.87288e-11 1.58067e-08 -1.95696e-10)
(-2.11425e-09 1.32122e-10 1.56998e-08)
(1.50471e-08 6.25643e-13 2.17825e-09)
(1.9857e-11 1.58027e-08 -1.90511e-10)
(-2.29325e-09 1.30312e-10 1.56677e-08)
(1.50332e-08 1.09082e-12 2.34694e-09)
(2.0941e-11 1.57986e-08 -1.85041e-10)
(-2.46693e-09 1.27831e-10 1.56345e-08)
(1.50181e-08 1.42038e-12 2.51079e-09)
(2.19213e-11 1.57944e-08 -1.7945e-10)
(-2.63524e-09 1.24915e-10 1.56004e-08)
(1.50019e-08 1.65739e-12 2.66985e-09)
(2.27732e-11 1.57902e-08 -1.73833e-10)
(-2.7982e-09 1.21729e-10 1.55656e-08)
(1.49848e-08 1.83143e-12 2.82414e-09)
(2.34905e-11 1.57859e-08 -1.68246e-10)
(-2.95585e-09 1.18384e-10 1.55302e-08)
(1.49669e-08 1.96234e-12 2.97372e-09)
(2.40752e-11 1.57817e-08 -1.62722e-10)
(-3.10827e-09 1.14956e-10 1.54943e-08)
(1.49484e-08 2.06328e-12 3.11864e-09)
(2.45333e-11 1.57774e-08 -1.5728e-10)
(-3.25553e-09 1.11495e-10 1.5458e-08)
(1.49293e-08 2.14294e-12 3.25897e-09)
(2.48719e-11 1.57732e-08 -1.51929e-10)
(-3.39773e-09 1.08034e-10 1.54215e-08)
(1.49098e-08 2.20702e-12 3.39476e-09)
(2.50987e-11 1.57689e-08 -1.46677e-10)
(-3.53495e-09 1.04592e-10 1.53849e-08)
(1.48899e-08 2.25932e-12 3.52608e-09)
(2.5221e-11 1.57647e-08 -1.41527e-10)
(-3.66729e-09 1.01184e-10 1.53482e-08)
(1.48698e-08 2.30242e-12 3.65302e-09)
(2.52458e-11 1.57605e-08 -1.36481e-10)
(-3.79485e-09 9.78187e-11 1.53117e-08)
(1.48496e-08 2.33807e-12 3.77563e-09)
(2.51802e-11 1.57563e-08 -1.3154e-10)
(-3.91773e-09 9.45003e-11 1.52753e-08)
(1.48293e-08 2.36751e-12 3.894e-09)
(2.50307e-11 1.57521e-08 -1.26703e-10)
(-4.03603e-09 9.12325e-11 1.52391e-08)
(1.4809e-08 2.39162e-12 4.00821e-09)
(2.48038e-11 1.5748e-08 -1.21972e-10)
(-4.14984e-09 8.80176e-11 1.52034e-08)
(1.47888e-08 2.41102e-12 4.11832e-09)
(2.45057e-11 1.57439e-08 -1.17346e-10)
(-4.25926e-09 8.48569e-11 1.5168e-08)
(1.47687e-08 2.42621e-12 4.22441e-09)
(2.41425e-11 1.57398e-08 -1.12824e-10)
(-4.36439e-09 8.17514e-11 1.51331e-08)
(1.47489e-08 2.43751e-12 4.32657e-09)
(2.37198e-11 1.57358e-08 -1.08406e-10)
(-4.46534e-09 7.87018e-11 1.50988e-08)
(1.47293e-08 2.4452e-12 4.42487e-09)
(2.32434e-11 1.57318e-08 -1.04091e-10)
(-4.56218e-09 7.57085e-11 1.50651e-08)
(1.47101e-08 2.44947e-12 4.51938e-09)
(2.27187e-11 1.57279e-08 -9.98794e-11)
(-4.65504e-09 7.27719e-11 1.5032e-08)
(1.46912e-08 2.45049e-12 4.6102e-09)
(2.21506e-11 1.5724e-08 -9.5769e-11)
(-4.74399e-09 6.98924e-11 1.49996e-08)
(1.46728e-08 2.44838e-12 4.6974e-09)
(2.15442e-11 1.57201e-08 -9.17594e-11)
(-4.82914e-09 6.70701e-11 1.4968e-08)
(1.46548e-08 2.44325e-12 4.78105e-09)
(2.09041e-11 1.57163e-08 -8.78496e-11)
(-4.91058e-09 6.43054e-11 1.49371e-08)
(1.46373e-08 2.43519e-12 4.86123e-09)
(2.02348e-11 1.57126e-08 -8.40384e-11)
(-4.9884e-09 6.15983e-11 1.49071e-08)
(1.46203e-08 2.42428e-12 4.93803e-09)
(1.95404e-11 1.57089e-08 -8.0325e-11)
(-5.06271e-09 5.89491e-11 1.48779e-08)
(1.46039e-08 2.4106e-12 5.01152e-09)
(1.8825e-11 1.57052e-08 -7.67081e-11)
(-5.13358e-09 5.63578e-11 1.48496e-08)
(1.4588e-08 2.3942e-12 5.08179e-09)
(1.80924e-11 1.57017e-08 -7.31866e-11)
(-5.20111e-09 5.38246e-11 1.48221e-08)
(1.45727e-08 2.37518e-12 5.14889e-09)
(1.73461e-11 1.56981e-08 -6.97593e-11)
(-5.2654e-09 5.13495e-11 1.47956e-08)
(1.4558e-08 2.35358e-12 5.21293e-09)
(1.65895e-11 1.56947e-08 -6.64252e-11)
(-5.32653e-09 4.89325e-11 1.477e-08)
(1.45439e-08 2.32949e-12 5.27396e-09)
(1.58259e-11 1.56913e-08 -6.31831e-11)
(-5.38459e-09 4.65738e-11 1.47453e-08)
(1.45305e-08 2.30296e-12 5.33208e-09)
(1.50582e-11 1.5688e-08 -6.00318e-11)
(-5.43966e-09 4.42732e-11 1.47216e-08)
(1.45177e-08 2.27407e-12 5.38735e-09)
(1.42892e-11 1.56847e-08 -5.69701e-11)
(-5.49184e-09 4.20308e-11 1.46988e-08)
(1.45055e-08 2.24288e-12 5.43985e-09)
(1.35216e-11 1.56815e-08 -5.39969e-11)
(-5.54121e-09 3.98466e-11 1.46769e-08)
(1.44939e-08 2.20946e-12 5.48966e-09)
(1.27579e-11 1.56784e-08 -5.11111e-11)
(-5.58786e-09 3.77205e-11 1.4656e-08)
(1.4483e-08 2.17388e-12 5.53685e-09)
(1.20005e-11 1.56753e-08 -4.83117e-11)
(-5.63186e-09 3.56525e-11 1.4636e-08)
(1.44728e-08 2.13621e-12 5.58149e-09)
(1.12515e-11 1.56723e-08 -4.55974e-11)
(-5.6733e-09 3.36425e-11 1.4617e-08)
(1.44631e-08 2.09651e-12 5.62366e-09)
(1.0513e-11 1.56694e-08 -4.29674e-11)
(-5.71227e-09 3.16904e-11 1.45988e-08)
(1.44541e-08 2.05485e-12 5.66344e-09)
(9.78684e-12 1.56666e-08 -4.04205e-11)
(-5.74883e-09 2.97962e-11 1.45816e-08)
(1.44457e-08 2.0113e-12 5.7009e-09)
(9.07481e-12 1.56638e-08 -3.79558e-11)
(-5.78308e-09 2.79597e-11 1.45653e-08)
(1.44379e-08 1.96594e-12 5.7361e-09)
(8.37854e-12 1.56611e-08 -3.55724e-11)
(-5.81509e-09 2.61809e-11 1.45499e-08)
(1.44307e-08 1.91881e-12 5.76912e-09)
(7.69957e-12 1.56585e-08 -3.32692e-11)
(-5.84494e-09 2.44596e-11 1.45354e-08)
(1.44241e-08 1.87001e-12 5.80004e-09)
(7.03928e-12 1.5656e-08 -3.10455e-11)
(-5.87271e-09 2.27957e-11 1.45217e-08)
(1.4418e-08 1.81958e-12 5.82893e-09)
(6.39897e-12 1.56535e-08 -2.89004e-11)
(-5.89847e-09 2.11891e-11 1.45089e-08)
(1.44125e-08 1.7676e-12 5.85585e-09)
(5.77982e-12 1.56511e-08 -2.68331e-11)
(-5.9223e-09 1.96398e-11 1.44969e-08)
(1.44075e-08 1.71414e-12 5.88087e-09)
(5.18289e-12 1.56488e-08 -2.48427e-11)
(-5.94427e-09 1.81474e-11 1.44857e-08)
(1.44031e-08 1.65926e-12 5.90408e-09)
(4.60919e-12 1.56466e-08 -2.29286e-11)
(-5.96447e-09 1.6712e-11 1.44753e-08)
(1.43991e-08 1.60302e-12 5.92553e-09)
(4.05958e-12 1.56445e-08 -2.10901e-11)
(-5.98295e-09 1.53334e-11 1.44656e-08)
(1.43955e-08 1.5455e-12 5.9453e-09)
(3.53489e-12 1.56424e-08 -1.93265e-11)
(-5.9998e-09 1.40115e-11 1.44567e-08)
(1.43925e-08 1.48675e-12 5.96346e-09)
(3.03582e-12 1.56405e-08 -1.76371e-11)
(-6.01509e-09 1.2746e-11 1.44485e-08)
(1.43898e-08 1.42685e-12 5.98008e-09)
(2.56302e-12 1.56386e-08 -1.60214e-11)
(-6.02888e-09 1.1537e-11 1.4441e-08)
(1.43876e-08 1.36584e-12 5.99522e-09)
(2.11705e-12 1.56368e-08 -1.44788e-11)
(-6.04126e-09 1.03841e-11 1.44341e-08)
(1.43857e-08 1.30381e-12 6.00895e-09)
(1.69842e-12 1.56351e-08 -1.30088e-11)
(-6.05229e-09 9.28742e-12 1.44279e-08)
(1.43841e-08 1.24081e-12 6.02135e-09)
(1.30756e-12 1.56334e-08 -1.16108e-11)
(-6.06204e-09 8.24666e-12 1.44223e-08)
(1.43829e-08 1.17691e-12 6.03247e-09)
(9.44857e-13 1.56319e-08 -1.02845e-11)
(-6.07059e-09 7.26173e-12 1.44172e-08)
(1.4382e-08 1.11219e-12 6.0424e-09)
(6.10657e-13 1.56304e-08 -9.02935e-12)
(-6.07799e-09 6.33249e-12 1.44128e-08)
(1.43814e-08 1.04673e-12 6.05119e-09)
(3.05261e-13 1.5629e-08 -7.845e-12)
(-6.08433e-09 5.45881e-12 1.44088e-08)
(1.4381e-08 9.80663e-13 6.05892e-09)
(2.89563e-14 1.56278e-08 -6.73107e-12)
(-6.08966e-09 4.64054e-12 1.44054e-08)
(1.43808e-08 9.1414e-13 6.06565e-09)
(-2.17978e-13 1.56266e-08 -5.68723e-12)
(-6.09407e-09 3.87755e-12 1.44024e-08)
(1.43809e-08 8.47408e-13 6.07145e-09)
(-4.3525e-13 1.56254e-08 -4.71322e-12)
(-6.0976e-09 3.16968e-12 1.43999e-08)
(1.4381e-08 7.80829e-13 6.07639e-09)
(-6.22542e-13 1.56244e-08 -3.80882e-12)
(-6.10035e-09 2.51677e-12 1.43978e-08)
(1.43814e-08 7.14955e-13 6.08053e-09)
(-7.79527e-13 1.56235e-08 -2.97392e-12)
(-6.10236e-09 1.91864e-12 1.43961e-08)
(1.43818e-08 6.50601e-13 6.08394e-09)
(-9.05913e-13 1.56226e-08 -2.20858e-12)
(-6.10371e-09 1.3751e-12 1.43948e-08)
(1.43823e-08 5.88939e-13 6.08669e-09)
(-1.00157e-12 1.56219e-08 -1.51308e-12)
(-6.10447e-09 8.85984e-13 1.43937e-08)
(1.43829e-08 5.31565e-13 6.08885e-09)
(-1.06685e-12 1.56212e-08 -8.88068e-13)
(-6.1047e-09 4.51173e-13 1.4393e-08)
(1.43835e-08 4.80497e-13 6.0905e-09)
(-1.10315e-12 1.56206e-08 -3.34738e-13)
(-6.10447e-09 7.07466e-14 1.43926e-08)
(1.43841e-08 4.37998e-13 6.0917e-09)
(-1.11392e-12 1.56201e-08 1.44933e-13)
(-6.10384e-09 -2.54834e-13 1.43924e-08)
(1.43846e-08 4.06061e-13 6.09253e-09)
(-1.1062e-12 1.56197e-08 5.47992e-13)
(-6.10289e-09 -5.24419e-13 1.43924e-08)
(1.43851e-08 3.85822e-13 6.09309e-09)
(-1.09257e-12 1.56194e-08 8.70454e-13)
(-6.10169e-09 -7.35704e-13 1.43925e-08)
(1.43855e-08 3.78003e-13 6.09345e-09)
(-1.09089e-12 1.56191e-08 1.10939e-12)
(-6.10032e-09 -8.83807e-13 1.43929e-08)
(1.43857e-08 3.82286e-13 6.09366e-09)
(-1.11262e-12 1.56189e-08 1.27283e-12)
(-6.09891e-09 -9.58168e-13 1.43934e-08)
(-1.15612e-12 1.56185e-08 1.38419e-12)
(-6.09755e-09 -9.44698e-13 1.43941e-08)
(1.5163e-08 -4.21267e-11 2.50086e-10)
(3.76491e-10 1.59702e-08 -6.32132e-11)
(-2.87361e-10 3.75329e-11 1.58872e-08)
(1.50905e-08 -4.09042e-11 4.63603e-10)
(1.33895e-10 1.58409e-08 -1.74739e-10)
(-5.25045e-10 1.06561e-10 1.58725e-08)
(1.5092e-08 -3.04107e-11 6.69479e-10)
(6.04818e-11 1.58289e-08 -2.46941e-10)
(-7.2322e-10 1.57675e-10 1.58752e-08)
(1.50952e-08 -2.07413e-11 8.71177e-10)
(3.91605e-11 1.58243e-08 -2.86582e-10)
(-9.28282e-10 1.90604e-10 1.58583e-08)
(1.5095e-08 -1.32876e-11 1.0697e-09)
(2.96361e-11 1.58221e-08 -3.05698e-10)
(-1.13604e-09 2.11282e-10 1.58362e-08)
(1.50919e-08 -7.74454e-12 1.26475e-09)
(2.55694e-11 1.58204e-08 -3.12854e-10)
(-1.34161e-09 2.23497e-10 1.5812e-08)
(1.50863e-08 -3.76413e-12 1.45593e-09)
(2.45897e-11 1.58181e-08 -3.1311e-10)
(-1.54312e-09 2.29692e-10 1.57858e-08)
(1.50785e-08 -9.76249e-13 1.64293e-09)
(2.52085e-11 1.5815e-08 -3.0938e-10)
(-1.73967e-09 2.31661e-10 1.57578e-08)
(1.5069e-08 9.50465e-13 1.82549e-09)
(2.66051e-11 1.58116e-08 -3.03357e-10)
(-1.93082e-09 2.30723e-10 1.57284e-08)
(1.50578e-08 2.27462e-12 2.00347e-09)
(2.83074e-11 1.58078e-08 -2.96037e-10)
(-2.11637e-09 2.27826e-10 1.56976e-08)
(1.50451e-08 3.1863e-12 2.17676e-09)
(3.00473e-11 1.58039e-08 -2.88013e-10)
(-2.29625e-09 2.23641e-10 1.56655e-08)
(1.50312e-08 3.81987e-12 2.3453e-09)
(3.16844e-11 1.57998e-08 -2.7964e-10)
(-2.47049e-09 2.18631e-10 1.56324e-08)
(1.50161e-08 4.26727e-12 2.50908e-09)
(3.31522e-11 1.57956e-08 -2.71128e-10)
(-2.63915e-09 2.13115e-10 1.55984e-08)
(1.49999e-08 4.58996e-12 2.66809e-09)
(3.44244e-11 1.57913e-08 -2.62602e-10)
(-2.80231e-09 2.07306e-10 1.55636e-08)
(1.49829e-08 4.82829e-12 2.82237e-09)
(3.54956e-11 1.5787e-08 -2.54137e-10)
(-2.96006e-09 2.01344e-10 1.55282e-08)
(1.49651e-08 5.00854e-12 2.97196e-09)
(3.63699e-11 1.57827e-08 -2.45776e-10)
(-3.11252e-09 1.95322e-10 1.54923e-08)
(1.49466e-08 5.14778e-12 3.11689e-09)
(3.7056e-11 1.57784e-08 -2.37544e-10)
(-3.25978e-09 1.89299e-10 1.5456e-08)
(1.49276e-08 5.25713e-12 3.25723e-09)
(3.75643e-11 1.57741e-08 -2.29455e-10)
(-3.40194e-09 1.83312e-10 1.54196e-08)
(1.49082e-08 5.34391e-12 3.39305e-09)
(3.79055e-11 1.57698e-08 -2.21517e-10)
(-3.53912e-09 1.77386e-10 1.5383e-08)
(1.48884e-08 5.41306e-12 3.5244e-09)
(3.809e-11 1.57655e-08 -2.13734e-10)
(-3.67141e-09 1.71535e-10 1.53464e-08)
(1.48684e-08 5.46794e-12 3.65137e-09)
(3.81284e-11 1.57612e-08 -2.0611e-10)
(-3.79891e-09 1.65768e-10 1.53098e-08)
(1.48482e-08 5.51088e-12 3.77401e-09)
(3.80306e-11 1.5757e-08 -1.98645e-10)
(-3.92173e-09 1.60091e-10 1.52735e-08)
(1.4828e-08 5.54358e-12 3.89241e-09)
(3.78065e-11 1.57528e-08 -1.9134e-10)
(-4.03996e-09 1.54508e-10 1.52374e-08)
(1.48078e-08 5.56722e-12 4.00664e-09)
(3.74658e-11 1.57486e-08 -1.84194e-10)
(-4.1537e-09 1.4902e-10 1.52017e-08)
(1.47877e-08 5.58271e-12 4.11679e-09)
(3.70177e-11 1.57445e-08 -1.77207e-10)
(-4.26306e-09 1.43628e-10 1.51663e-08)
(1.47677e-08 5.5907e-12 4.22291e-09)
(3.64714e-11 1.57404e-08 -1.70378e-10)
(-4.36812e-09 1.38335e-10 1.51315e-08)
(1.47479e-08 5.59169e-12 4.3251e-09)
(3.58354e-11 1.57363e-08 -1.63707e-10)
(-4.469e-09 1.33141e-10 1.50972e-08)
(1.47284e-08 5.58606e-12 4.42344e-09)
(3.51183e-11 1.57323e-08 -1.57192e-10)
(-4.56578e-09 1.28045e-10 1.50635e-08)
(1.47092e-08 5.57412e-12 4.51799e-09)
(3.43281e-11 1.57283e-08 -1.50832e-10)
(-4.65857e-09 1.23049e-10 1.50304e-08)
(1.46904e-08 5.5561e-12 4.60884e-09)
(3.34726e-11 1.57243e-08 -1.44626e-10)
(-4.74745e-09 1.18153e-10 1.49981e-08)
(1.4672e-08 5.53222e-12 4.69607e-09)
(3.25591e-11 1.57205e-08 -1.38573e-10)
(-4.83253e-09 1.13356e-10 1.49665e-08)
(1.46541e-08 5.50265e-12 4.77975e-09)
(3.15947e-11 1.57166e-08 -1.3267e-10)
(-4.9139e-09 1.0866e-10 1.49357e-08)
(1.46366e-08 5.46755e-12 4.85997e-09)
(3.05861e-11 1.57129e-08 -1.26916e-10)
(-4.99166e-09 1.04063e-10 1.49057e-08)
(1.46197e-08 5.42706e-12 4.9368e-09)
(2.95396e-11 1.57091e-08 -1.2131e-10)
(-5.06589e-09 9.95667e-11 1.48765e-08)
(1.46033e-08 5.38134e-12 5.01033e-09)
(2.84613e-11 1.57055e-08 -1.1585e-10)
(-5.1367e-09 9.51706e-11 1.48482e-08)
(1.45875e-08 5.33052e-12 5.08062e-09)
(2.73569e-11 1.57019e-08 -1.10534e-10)
(-5.20416e-09 9.08747e-11 1.48208e-08)
(1.45722e-08 5.27473e-12 5.14777e-09)
(2.62317e-11 1.56983e-08 -1.0536e-10)
(-5.26838e-09 8.66789e-11 1.47943e-08)
(1.45576e-08 5.21412e-12 5.21183e-09)
(2.50909e-11 1.56948e-08 -1.00327e-10)
(-5.32944e-09 8.25833e-11 1.47688e-08)
(1.45435e-08 5.14881e-12 5.2729e-09)
(2.39393e-11 1.56914e-08 -9.54326e-11)
(-5.38743e-09 7.85876e-11 1.47441e-08)
(1.45301e-08 5.07895e-12 5.33105e-09)
(2.27813e-11 1.56881e-08 -9.06754e-11)
(-5.44244e-09 7.46918e-11 1.47204e-08)
(1.45173e-08 5.00467e-12 5.38635e-09)
(2.16214e-11 1.56848e-08 -8.60536e-11)
(-5.49455e-09 7.08958e-11 1.46976e-08)
(1.45052e-08 4.9261e-12 5.43888e-09)
(2.04635e-11 1.56816e-08 -8.15653e-11)
(-5.54385e-09 6.71993e-11 1.46758e-08)
(1.44936e-08 4.84337e-12 5.48872e-09)
(1.93113e-11 1.56784e-08 -7.7209e-11)
(-5.59043e-09 6.36022e-11 1.46549e-08)
(1.44828e-08 4.75662e-12 5.53594e-09)
(1.81685e-11 1.56754e-08 -7.29829e-11)
(-5.63436e-09 6.01043e-11 1.4635e-08)
(1.44725e-08 4.66598e-12 5.58061e-09)
(1.70382e-11 1.56724e-08 -6.88855e-11)
(-5.67574e-09 5.67054e-11 1.4616e-08)
(1.44629e-08 4.57159e-12 5.62282e-09)
(1.59235e-11 1.56695e-08 -6.4915e-11)
(-5.71463e-09 5.34053e-11 1.45979e-08)
(1.44539e-08 4.47358e-12 5.66262e-09)
(1.48274e-11 1.56666e-08 -6.10701e-11)
(-5.75113e-09 5.02036e-11 1.45807e-08)
(1.44455e-08 4.37208e-12 5.7001e-09)
(1.37525e-11 1.56638e-08 -5.73491e-11)
(-5.78531e-09 4.71002e-11 1.45644e-08)
(1.44378e-08 4.26721e-12 5.73534e-09)
(1.27013e-11 1.56611e-08 -5.37507e-11)
(-5.81726e-09 4.40948e-11 1.45491e-08)
(1.44306e-08 4.15912e-12 5.76839e-09)
(1.1676e-11 1.56585e-08 -5.02734e-11)
(-5.84704e-09 4.11872e-11 1.45346e-08)
(1.4424e-08 4.04793e-12 5.79934e-09)
(1.06788e-11 1.5656e-08 -4.69159e-11)
(-5.87474e-09 3.8377e-11 1.45209e-08)
(1.44179e-08 3.93377e-12 5.82825e-09)
(9.71162e-12 1.56535e-08 -4.3677e-11)
(-5.90043e-09 3.56641e-11 1.45081e-08)
(1.44124e-08 3.81676e-12 5.85519e-09)
(8.77624e-12 1.56511e-08 -4.05554e-11)
(-5.92419e-09 3.3048e-11 1.44961e-08)
(1.44074e-08 3.69703e-12 5.88025e-09)
(7.87429e-12 1.56488e-08 -3.75499e-11)
(-5.9461e-09 3.05287e-11 1.4485e-08)
(1.4403e-08 3.57471e-12 5.90348e-09)
(7.00727e-12 1.56466e-08 -3.46595e-11)
(-5.96622e-09 2.81056e-11 1.44746e-08)
(1.4399e-08 3.44993e-12 5.92496e-09)
(6.1765e-12 1.56445e-08 -3.1883e-11)
(-5.98464e-09 2.57787e-11 1.4465e-08)
(1.43955e-08 3.3228e-12 5.94476e-09)
(5.38321e-12 1.56424e-08 -2.92194e-11)
(-6.00142e-09 2.35476e-11 1.44561e-08)
(1.43924e-08 3.19344e-12 5.96294e-09)
(4.62849e-12 1.56405e-08 -2.66679e-11)
(-6.01664e-09 2.14119e-11 1.44479e-08)
(1.43897e-08 3.06198e-12 5.97958e-09)
(3.91329e-12 1.56386e-08 -2.42274e-11)
(-6.03037e-09 1.93715e-11 1.44404e-08)
(1.43875e-08 2.92853e-12 5.99474e-09)
(3.23849e-12 1.56368e-08 -2.18972e-11)
(-6.04268e-09 1.7426e-11 1.44336e-08)
(1.43856e-08 2.79322e-12 6.0085e-09)
(2.60483e-12 1.56351e-08 -1.96764e-11)
(-6.05364e-09 1.55752e-11 1.44274e-08)
(1.43841e-08 2.65615e-12 6.02092e-09)
(2.01298e-12 1.56334e-08 -1.75644e-11)
(-6.06333e-09 1.38188e-11 1.44218e-08)
(1.43829e-08 2.51744e-12 6.03207e-09)
(1.46351e-12 1.56319e-08 -1.55603e-11)
(-6.0718e-09 1.21565e-11 1.44168e-08)
(1.4382e-08 2.37721e-12 6.04202e-09)
(9.56935e-13 1.56304e-08 -1.36636e-11)
(-6.07914e-09 1.05881e-11 1.44124e-08)
(1.43813e-08 2.23558e-12 6.05084e-09)
(4.93687e-13 1.56291e-08 -1.18736e-11)
(-6.08541e-09 9.11325e-12 1.44085e-08)
(1.43809e-08 2.09272e-12 6.05859e-09)
(7.41732e-14 1.56278e-08 -1.01898e-11)
(-6.09068e-09 7.73177e-12 1.44051e-08)
(1.43808e-08 1.94881e-12 6.06534e-09)
(-3.01222e-13 1.56266e-08 -8.61164e-12)
(-6.09501e-09 6.44341e-12 1.44022e-08)
(1.43808e-08 1.80412e-12 6.07116e-09)
(-6.3212e-13 1.56255e-08 -7.13871e-12)
(-6.09848e-09 5.24793e-12 1.43997e-08)
(1.4381e-08 1.65907e-12 6.07612e-09)
(-9.1812e-13 1.56244e-08 -5.77064e-12)
(-6.10116e-09 4.14509e-12 1.43976e-08)
(1.43813e-08 1.51431e-12 6.08028e-09)
(-1.15881e-12 1.56235e-08 -4.50721e-12)
(-6.10311e-09 3.13466e-12 1.43959e-08)
(1.43818e-08 1.37088e-12 6.08372e-09)
(-1.3538e-12 1.56226e-08 -3.34835e-12)
(-6.10439e-09 2.21641e-12 1.43946e-08)
(1.43823e-08 1.23039e-12 6.08649e-09)
(-1.5029e-12 1.56219e-08 -2.29434e-12)
(-6.10508e-09 1.39012e-12 1.43936e-08)
(1.43829e-08 1.0953e-12 6.08867e-09)
(-1.6064e-12 1.56212e-08 -1.34591e-12)
(-6.10525e-09 6.55581e-13 1.43929e-08)
(1.43835e-08 9.69229e-13 6.09034e-09)
(-1.66583e-12 1.56206e-08 -5.04663e-13)
(-6.10495e-09 1.26984e-14 1.43925e-08)
(1.43841e-08 8.57193e-13 6.09155e-09)
(-1.68531e-12 1.56201e-08 2.26344e-13)
(-6.10425e-09 -5.38404e-13 1.43923e-08)
(1.43846e-08 7.65397e-13 6.0924e-09)
(-1.67423e-12 1.56197e-08 8.41594e-13)
(-6.10323e-09 -9.97139e-13 1.43923e-08)
(1.43852e-08 6.99797e-13 6.09298e-09)
(-1.65245e-12 1.56194e-08 1.33113e-12)
(-6.10195e-09 -1.36204e-12 1.43925e-08)
(1.43856e-08 6.64222e-13 6.09335e-09)
(-1.65315e-12 1.56191e-08 1.68153e-12)
(-6.1005e-09 -1.62887e-12 1.43929e-08)
(1.43858e-08 6.59516e-13 6.09358e-09)
(-1.69007e-12 1.56189e-08 1.9031e-12)
(-6.09899e-09 -1.7827e-12 1.43934e-08)
(-1.71951e-12 1.56184e-08 2.06802e-12)
(-6.0975e-09 -1.78459e-12 1.43941e-08)
(1.51067e-08 -2.02602e-10 2.91452e-10)
(-1.66744e-10 8.61099e-11 1.59649e-08)
(1.50899e-08 -7.09389e-11 4.92528e-10)
(-4.50879e-10 2.17334e-10 1.57818e-08)
(1.50988e-08 -3.11515e-11 6.87359e-10)
(-6.80319e-10 2.85427e-10 1.5854e-08)
(1.51004e-08 -1.67488e-11 8.81106e-10)
(-9.03128e-10 3.22004e-10 1.58514e-08)
(1.50988e-08 -7.50478e-12 1.07436e-09)
(-1.12199e-09 3.41054e-10 1.58307e-08)
(1.50943e-08 -1.09684e-12 1.26593e-09)
(-1.33495e-09 3.49302e-10 1.5807e-08)
(1.50876e-08 3.17838e-12 1.45485e-09)
(-1.54139e-09 3.50705e-10 1.57812e-08)
(1.50792e-08 5.98713e-12 1.64039e-09)
(-1.74119e-09 3.47782e-10 1.57534e-08)
(1.50692e-08 7.82949e-12 1.82206e-09)
(-1.93443e-09 3.42158e-10 1.5724e-08)
(1.50577e-08 9.05293e-12 1.9995e-09)
(-2.1213e-09 3.34882e-10 1.56932e-08)
(1.5045e-08 9.88602e-12 2.17248e-09)
(-2.30199e-09 3.2663e-10 1.56612e-08)
(1.5031e-08 1.0472e-11 2.34087e-09)
(-2.4767e-09 3.17832e-10 1.5628e-08)
(1.50158e-08 1.08983e-11 2.50459e-09)
(-2.6456e-09 3.08761e-10 1.5594e-08)
(1.49997e-08 1.1218e-11 2.6636e-09)
(-2.80886e-09 2.99586e-10 1.55593e-08)
(1.49827e-08 1.1463e-11 2.81791e-09)
(-2.96664e-09 2.90411e-10 1.55239e-08)
(1.4965e-08 1.16531e-11 2.96755e-09)
(-3.11905e-09 2.81301e-10 1.54881e-08)
(1.49466e-08 1.18007e-11 3.11254e-09)
(-3.26624e-09 2.72293e-10 1.54519e-08)
(1.49276e-08 1.19141e-11 3.25296e-09)
(-3.40832e-09 2.63409e-10 1.54155e-08)
(1.49082e-08 1.1999e-11 3.38884e-09)
(-3.5454e-09 2.54663e-10 1.5379e-08)
(1.48885e-08 1.20593e-11 3.52027e-09)
(-3.67758e-09 2.46062e-10 1.53425e-08)
(1.48686e-08 1.20982e-11 3.64731e-09)
(-3.80498e-09 2.3761e-10 1.53061e-08)
(1.48484e-08 1.21178e-11 3.77003e-09)
(-3.92769e-09 2.2931e-10 1.52698e-08)
(1.48283e-08 1.21201e-11 3.88851e-09)
(-4.04581e-09 2.21161e-10 1.52338e-08)
(1.48081e-08 1.21063e-11 4.00282e-09)
(-4.15944e-09 2.13166e-10 1.51981e-08)
(1.4788e-08 1.20777e-11 4.11304e-09)
(-4.26869e-09 2.05323e-10 1.51629e-08)
(1.47681e-08 1.20352e-11 4.21924e-09)
(-4.37364e-09 1.97634e-10 1.51281e-08)
(1.47483e-08 1.19795e-11 4.32151e-09)
(-4.47441e-09 1.90097e-10 1.50939e-08)
(1.47289e-08 1.19113e-11 4.41991e-09)
(-4.57108e-09 1.82714e-10 1.50603e-08)
(1.47097e-08 1.18311e-11 4.51454e-09)
(-4.66376e-09 1.75483e-10 1.50273e-08)
(1.46909e-08 1.17395e-11 4.60547e-09)
(-4.75254e-09 1.68404e-10 1.49951e-08)
(1.46726e-08 1.16369e-11 4.69277e-09)
(-4.83752e-09 1.61477e-10 1.49635e-08)
(1.46546e-08 1.15238e-11 4.77653e-09)
(-4.91878e-09 1.54702e-10 1.49328e-08)
(1.46372e-08 1.14007e-11 4.85683e-09)
(-4.99643e-09 1.48078e-10 1.49029e-08)
(1.46203e-08 1.1268e-11 4.93373e-09)
(-5.07056e-09 1.41605e-10 1.48738e-08)
(1.46039e-08 1.11259e-11 5.00733e-09)
(-5.14126e-09 1.35282e-10 1.48456e-08)
(1.45881e-08 1.0975e-11 5.0777e-09)
(-5.20862e-09 1.29109e-10 1.48182e-08)
(1.45728e-08 1.08157e-11 5.14491e-09)
(-5.27274e-09 1.23086e-10 1.47918e-08)
(1.45582e-08 1.06482e-11 5.20905e-09)
(-5.3337e-09 1.17211e-10 1.47663e-08)
(1.45441e-08 1.0473e-11 5.27019e-09)
(-5.39158e-09 1.11484e-10 1.47417e-08)
(1.45307e-08 1.02904e-11 5.32841e-09)
(-5.44649e-09 1.05906e-10 1.47181e-08)
(1.45179e-08 1.01007e-11 5.38378e-09)
(-5.4985e-09 1.00474e-10 1.46954e-08)
(1.45058e-08 9.90437e-12 5.43638e-09)
(-5.5477e-09 9.51884e-11 1.46736e-08)
(1.44943e-08 9.70162e-12 5.48629e-09)
(-5.59417e-09 9.00488e-11 1.46528e-08)
(1.44834e-08 9.49278e-12 5.53358e-09)
(-5.63801e-09 8.50544e-11 1.46329e-08)
(1.44731e-08 9.27817e-12 5.57832e-09)
(-5.67928e-09 8.02046e-11 1.4614e-08)
(1.44635e-08 9.05809e-12 5.62059e-09)
(-5.71808e-09 7.54986e-11 1.4596e-08)
(1.44545e-08 8.83283e-12 5.66047e-09)
(-5.75448e-09 7.09359e-11 1.45789e-08)
(1.44461e-08 8.60266e-12 5.69802e-09)
(-5.78856e-09 6.65158e-11 1.45627e-08)
(1.44383e-08 8.36786e-12 5.73332e-09)
(-5.8204e-09 6.22377e-11 1.45474e-08)
(1.44311e-08 8.12869e-12 5.76644e-09)
(-5.85008e-09 5.8101e-11 1.45329e-08)
(1.44245e-08 7.8854e-12 5.79745e-09)
(-5.87768e-09 5.41049e-11 1.45194e-08)
(1.44184e-08 7.63826e-12 5.82643e-09)
(-5.90328e-09 5.02489e-11 1.45066e-08)
(1.44129e-08 7.38749e-12 5.85344e-09)
(-5.92694e-09 4.65324e-11 1.44947e-08)
(1.44079e-08 7.13333e-12 5.87856e-09)
(-5.94875e-09 4.29547e-11 1.44836e-08)
(1.44034e-08 6.87601e-12 5.90185e-09)
(-5.96877e-09 3.95153e-11 1.44733e-08)
(1.43994e-08 6.61576e-12 5.9234e-09)
(-5.98709e-09 3.62134e-11 1.44637e-08)
(1.43959e-08 6.35278e-12 5.94326e-09)
(-6.00377e-09 3.30486e-11 1.44549e-08)
(1.43928e-08 6.08729e-12 5.96151e-09)
(-6.0189e-09 3.00203e-11 1.44468e-08)
(1.43901e-08 5.81947e-12 5.97821e-09)
(-6.03253e-09 2.71279e-11 1.44393e-08)
(1.43879e-08 5.54954e-12 5.99344e-09)
(-6.04474e-09 2.43707e-11 1.44326e-08)
(1.4386e-08 5.27766e-12 6.00726e-09)
(-6.0556e-09 2.17484e-11 1.44265e-08)
(1.43844e-08 5.00402e-12 6.01974e-09)
(-6.06519e-09 1.92603e-11 1.44209e-08)
(1.43832e-08 4.72877e-12 6.03095e-09)
(-6.07357e-09 1.6906e-11 1.4416e-08)
(1.43823e-08 4.45208e-12 6.04097e-09)
(-6.08081e-09 1.46848e-11 1.44116e-08)
(1.43816e-08 4.17408e-12 6.04984e-09)
(-6.08698e-09 1.25965e-11 1.44078e-08)
(1.43812e-08 3.89488e-12 6.05766e-09)
(-6.09215e-09 1.06404e-11 1.44044e-08)
(1.4381e-08 3.61459e-12 6.06447e-09)
(-6.09639e-09 8.81634e-12 1.44016e-08)
(1.4381e-08 3.33332e-12 6.07035e-09)
(-6.09976e-09 7.12381e-12 1.43991e-08)
(1.43812e-08 3.05121e-12 6.07537e-09)
(-6.10234e-09 5.56256e-12 1.43971e-08)
(1.43815e-08 2.76854e-12 6.0796e-09)
(-6.10419e-09 4.13237e-12 1.43955e-08)
(1.43819e-08 2.48582e-12 6.08309e-09)
(-6.10538e-09 2.83311e-12 1.43942e-08)
(1.43824e-08 2.20412e-12 6.08593e-09)
(-6.10597e-09 1.6647e-12 1.43933e-08)
(1.43829e-08 1.92555e-12 6.08818e-09)
(-6.10603e-09 6.27176e-13 1.43926e-08)
(1.43835e-08 1.65424e-12 6.0899e-09)
(-6.10563e-09 -2.79418e-13 1.43923e-08)
(1.43841e-08 1.3983e-12 6.09119e-09)
(-6.10483e-09 -1.05512e-12 1.43921e-08)
(1.43847e-08 1.17381e-12 6.09211e-09)
(-6.1037e-09 -1.70034e-12 1.43922e-08)
(1.43853e-08 1.00854e-12 6.09275e-09)
(-6.10231e-09 -2.2165e-12 1.43924e-08)
(1.43857e-08 9.21594e-13 6.0932e-09)
(-6.10074e-09 -2.60928e-12 1.43927e-08)
(1.4386e-08 8.74005e-13 6.09348e-09)
(-6.09913e-09 -2.89091e-12 1.43933e-08)
(-6.09745e-09 -3.021e-12 1.43941e-08)
(1.53257e-08 1.17635e-10 2.49062e-10)
(-2.25621e-10 1.58067e-08 8.82097e-11)
(-8.56122e-12 -9.67036e-11 1.57742e-08)
(1.53088e-08 2.82686e-11 4.35634e-10)
(-5.87133e-11 1.57522e-08 2.13546e-10)
(-4.09522e-10 -2.33632e-10 1.5706e-08)
(1.53057e-08 8.62334e-12 6.42025e-10)
(-2.06402e-11 1.57368e-08 2.65798e-10)
(-6.71876e-10 -2.90937e-10 1.57516e-08)
(1.53011e-08 5.63172e-12 8.4581e-10)
(-1.86035e-11 1.57258e-08 2.90925e-10)
(-9.01963e-10 -3.18644e-10 1.57502e-08)
(1.52957e-08 3.72957e-12 1.04493e-09)
(-2.07676e-11 1.57212e-08 3.02787e-10)
(-1.12258e-09 -3.33553e-10 1.57337e-08)
(1.52882e-08 2.03106e-12 1.24025e-09)
(-2.35828e-11 1.57196e-08 3.06178e-10)
(-1.33522e-09 -3.40018e-10 1.57128e-08)
(1.52785e-08 7.17617e-13 1.43188e-09)
(-2.65525e-11 1.57187e-08 3.04295e-10)
(-1.54067e-09 -3.40616e-10 1.56891e-08)
(1.52669e-08 -2.74954e-13 1.61963e-09)
(-2.93758e-11 1.57178e-08 2.99282e-10)
(-1.73935e-09 -3.37342e-10 1.56632e-08)
(1.52533e-08 -1.04463e-12 1.80325e-09)
(-3.19406e-11 1.57169e-08 2.92481e-10)
(-1.9315e-09 -3.31619e-10 1.56357e-08)
(1.52381e-08 -1.67039e-12 1.98251e-09)
(-3.4204e-11 1.57158e-08 2.84721e-10)
(-2.11732e-09 -3.24409e-10 1.56068e-08)
(1.52214e-08 -2.20369e-12 2.1572e-09)
(-3.61579e-11 1.57146e-08 2.76498e-10)
(-2.29705e-09 -3.16338e-10 1.55766e-08)
(1.52033e-08 -2.67298e-12 2.3272e-09)
(-3.78174e-11 1.57133e-08 2.681e-10)
(-2.47086e-09 -3.07803e-10 1.55456e-08)
(1.5184e-08 -3.0927e-12 2.49243e-09)
(-3.92071e-11 1.57119e-08 2.59689e-10)
(-2.63897e-09 -2.99051e-10 1.55136e-08)
(1.51636e-08 -3.47022e-12 2.65285e-09)
(-4.03528e-11 1.57104e-08 2.51351e-10)
(-2.80152e-09 -2.90228e-10 1.5481e-08)
(1.51423e-08 -3.80977e-12 2.80846e-09)
(-4.12776e-11 1.57088e-08 2.43129e-10)
(-2.95866e-09 -2.81425e-10 1.54478e-08)
(1.51203e-08 -4.11446e-12 2.95928e-09)
(-4.20009e-11 1.57071e-08 2.35047e-10)
(-3.11053e-09 -2.72693e-10 1.54141e-08)
(1.50976e-08 -4.38711e-12 3.10537e-09)
(-4.25386e-11 1.57054e-08 2.27112e-10)
(-3.25725e-09 -2.64061e-10 1.53801e-08)
(1.50744e-08 -4.63047e-12 3.24676e-09)
(-4.29041e-11 1.57036e-08 2.19329e-10)
(-3.39893e-09 -2.55547e-10 1.53459e-08)
(1.50508e-08 -4.84724e-12 3.38353e-09)
(-4.31091e-11 1.57018e-08 2.11698e-10)
(-3.53567e-09 -2.47161e-10 1.53115e-08)
(1.50269e-08 -5.03995e-12 3.51575e-09)
(-4.31642e-11 1.56999e-08 2.04221e-10)
(-3.66757e-09 -2.38908e-10 1.52771e-08)
(1.50028e-08 -5.21087e-12 3.64348e-09)
(-4.3079e-11 1.5698e-08 1.96896e-10)
(-3.79474e-09 -2.3079e-10 1.52428e-08)
(1.49786e-08 -5.36196e-12 3.76681e-09)
(-4.28632e-11 1.56961e-08 1.89723e-10)
(-3.91728e-09 -2.22811e-10 1.52085e-08)
(1.49544e-08 -5.49491e-12 3.88582e-09)
(-4.2526e-11 1.56942e-08 1.82702e-10)
(-4.03527e-09 -2.1497e-10 1.51746e-08)
(1.49302e-08 -5.61112e-12 4.00058e-09)
(-4.20763e-11 1.56922e-08 1.75833e-10)
(-4.14882e-09 -2.07269e-10 1.51409e-08)
(1.49061e-08 -5.71172e-12 4.11117e-09)
(-4.15231e-11 1.56903e-08 1.69114e-10)
(-4.25803e-09 -1.99709e-10 1.51076e-08)
(1.48823e-08 -5.79768e-12 4.21768e-09)
(-4.08748e-11 1.56883e-08 1.62547e-10)
(-4.36298e-09 -1.92289e-10 1.50748e-08)
(1.48587e-08 -5.8698e-12 4.3202e-09)
(-4.014e-11 1.56863e-08 1.56129e-10)
(-4.46377e-09 -1.85011e-10 1.50424e-08)
(1.48355e-08 -5.92875e-12 4.4188e-09)
(-3.93268e-11 1.56843e-08 1.4986e-10)
(-4.56051e-09 -1.77874e-10 1.50107e-08)
(1.48126e-08 -5.97513e-12 4.51356e-09)
(-3.84428e-11 1.56824e-08 1.43739e-10)
(-4.65328e-09 -1.70879e-10 1.49796e-08)
(1.47902e-08 -6.00947e-12 4.60457e-09)
(-3.74958e-11 1.56804e-08 1.37765e-10)
(-4.74218e-09 -1.64026e-10 1.49491e-08)
(1.47682e-08 -6.03226e-12 4.69192e-09)
(-3.64927e-11 1.56784e-08 1.31937e-10)
(-4.8273e-09 -1.57316e-10 1.49193e-08)
(1.47467e-08 -6.04396e-12 4.77568e-09)
(-3.54405e-11 1.56764e-08 1.26254e-10)
(-4.90873e-09 -1.50747e-10 1.48903e-08)
(1.47258e-08 -6.04501e-12 4.85593e-09)
(-3.43457e-11 1.56745e-08 1.20714e-10)
(-4.98657e-09 -1.44321e-10 1.48621e-08)
(1.47054e-08 -6.03581e-12 4.93277e-09)
(-3.32146e-11 1.56725e-08 1.15316e-10)
(-5.06091e-09 -1.38037e-10 1.48346e-08)
(1.46857e-08 -6.01679e-12 5.00627e-09)
(-3.20529e-11 1.56706e-08 1.10059e-10)
(-5.13184e-09 -1.31895e-10 1.4808e-08)
(1.46666e-08 -5.98834e-12 5.07651e-09)
(-3.08663e-11 1.56686e-08 1.04941e-10)
(-5.19944e-09 -1.25894e-10 1.47823e-08)
(1.46481e-08 -5.95084e-12 5.14357e-09)
(-2.966e-11 1.56667e-08 9.99604e-11)
(-5.26381e-09 -1.20036e-10 1.47574e-08)
(1.46303e-08 -5.90469e-12 5.20754e-09)
(-2.84391e-11 1.56648e-08 9.51156e-11)
(-5.32504e-09 -1.14319e-10 1.47334e-08)
(1.46131e-08 -5.85024e-12 5.26849e-09)
(-2.72083e-11 1.5663e-08 9.04052e-11)
(-5.3832e-09 -1.08744e-10 1.47103e-08)
(1.45967e-08 -5.78787e-12 5.32651e-09)
(-2.59719e-11 1.56611e-08 8.58275e-11)
(-5.43839e-09 -1.03309e-10 1.46881e-08)
(1.45809e-08 -5.71792e-12 5.38168e-09)
(-2.47342e-11 1.56593e-08 8.1381e-11)
(-5.4907e-09 -9.80152e-11 1.46668e-08)
(1.45659e-08 -5.64074e-12 5.43406e-09)
(-2.3499e-11 1.56575e-08 7.7064e-11)
(-5.5402e-09 -9.28617e-11 1.46464e-08)
(1.45515e-08 -5.55665e-12 5.48375e-09)
(-2.22702e-11 1.56557e-08 7.28752e-11)
(-5.58697e-09 -8.78482e-11 1.46269e-08)
(1.45379e-08 -5.466e-12 5.53081e-09)
(-2.1051e-11 1.5654e-08 6.88129e-11)
(-5.63111e-09 -8.29742e-11 1.46083e-08)
(1.45249e-08 -5.36909e-12 5.57533e-09)
(-1.98448e-11 1.56523e-08 6.48756e-11)
(-5.67269e-09 -7.82396e-11 1.45906e-08)
(1.45126e-08 -5.26623e-12 5.61738e-09)
(-1.86546e-11 1.56506e-08 6.10618e-11)
(-5.7118e-09 -7.36437e-11 1.45738e-08)
(1.45011e-08 -5.15772e-12 5.65704e-09)
(-1.74831e-11 1.5649e-08 5.73702e-11)
(-5.7485e-09 -6.91862e-11 1.45579e-08)
(1.44902e-08 -5.04385e-12 5.69437e-09)
(-1.63329e-11 1.56473e-08 5.37993e-11)
(-5.78289e-09 -6.48667e-11 1.45429e-08)
(1.44799e-08 -4.92491e-12 5.72947e-09)
(-1.52066e-11 1.56458e-08 5.03478e-11)
(-5.81504e-09 -6.06848e-11 1.45287e-08)
(1.44704e-08 -4.80116e-12 5.7624e-09)
(-1.41062e-11 1.56442e-08 4.70144e-11)
(-5.84502e-09 -5.66399e-11 1.45153e-08)
(1.44614e-08 -4.67287e-12 5.79323e-09)
(-1.3034e-11 1.56427e-08 4.37978e-11)
(-5.87292e-09 -5.27317e-11 1.45028e-08)
(1.44531e-08 -4.5403e-12 5.82204e-09)
(-1.19917e-11 1.56413e-08 4.06968e-11)
(-5.8988e-09 -4.89597e-11 1.44911e-08)
(1.44455e-08 -4.40371e-12 5.8489e-09)
(-1.09811e-11 1.56399e-08 3.77103e-11)
(-5.92275e-09 -4.53234e-11 1.44801e-08)
(1.44384e-08 -4.26332e-12 5.87388e-09)
(-1.00038e-11 1.56385e-08 3.4837e-11)
(-5.94483e-09 -4.18223e-11 1.447e-08)
(1.44319e-08 -4.11938e-12 5.89705e-09)
(-9.06122e-12 1.56372e-08 3.20761e-11)
(-5.96513e-09 -3.84561e-11 1.44605e-08)
(1.44259e-08 -3.97212e-12 5.9185e-09)
(-8.15469e-12 1.56359e-08 2.94264e-11)
(-5.98371e-09 -3.52243e-11 1.44518e-08)
(1.44205e-08 -3.82175e-12 5.93828e-09)
(-7.28539e-12 1.56347e-08 2.68871e-11)
(-6.00064e-09 -3.21264e-11 1.44438e-08)
(1.44155e-08 -3.6685e-12 5.95646e-09)
(-6.45434e-12 1.56335e-08 2.44571e-11)
(-6.01601e-09 -2.91619e-11 1.44365e-08)
(1.44111e-08 -3.51256e-12 5.97313e-09)
(-5.66249e-12 1.56323e-08 2.21356e-11)
(-6.02987e-09 -2.63304e-11 1.44299e-08)
(1.44072e-08 -3.35414e-12 5.98834e-09)
(-4.91067e-12 1.56312e-08 1.99219e-11)
(-6.04231e-09 -2.36315e-11 1.44238e-08)
(1.44036e-08 -3.19344e-12 6.00217e-09)
(-4.19959e-12 1.56302e-08 1.78151e-11)
(-6.05339e-09 -2.10647e-11 1.44184e-08)
(1.44005e-08 -3.03062e-12 6.01469e-09)
(-3.52989e-12 1.56292e-08 1.58145e-11)
(-6.06317e-09 -1.86297e-11 1.44135e-08)
(1.43978e-08 -2.86588e-12 6.02596e-09)
(-2.90212e-12 1.56282e-08 1.39194e-11)
(-6.07174e-09 -1.63259e-11 1.44092e-08)
(1.43955e-08 -2.69938e-12 6.03605e-09)
(-2.31674e-12 1.56273e-08 1.21294e-11)
(-6.07916e-09 -1.4153e-11 1.44054e-08)
(1.43935e-08 -2.53128e-12 6.04504e-09)
(-1.77416e-12 1.56264e-08 1.04437e-11)
(-6.0855e-09 -1.21106e-11 1.44022e-08)
(1.43918e-08 -2.36171e-12 6.05299e-09)
(-1.27476e-12 1.56256e-08 8.86181e-12)
(-6.09082e-09 -1.01984e-11 1.43993e-08)
(1.43904e-08 -2.19079e-12 6.05996e-09)
(-8.18854e-13 1.56249e-08 7.38341e-12)
(-6.0952e-09 -8.41605e-12 1.43969e-08)
(1.43893e-08 -2.01868e-12 6.06603e-09)
(-4.06782e-13 1.56242e-08 6.00807e-12)
(-6.09871e-09 -6.76332e-12 1.4395e-08)
(1.43884e-08 -1.84553e-12 6.07127e-09)
(-3.88571e-14 1.56236e-08 4.73555e-12)
(-6.1014e-09 -5.23999e-12 1.43934e-08)
(1.43877e-08 -1.67159e-12 6.07573e-09)
(2.84609e-13 1.5623e-08 3.5657e-12)
(-6.10336e-09 -3.84588e-12 1.43921e-08)
(1.43872e-08 -1.49732e-12 6.0795e-09)
(5.63377e-13 1.56224e-08 2.49851e-12)
(-6.10464e-09 -2.58082e-12 1.43912e-08)
(1.43869e-08 -1.32362e-12 6.08263e-09)
(7.97432e-13 1.56219e-08 1.5341e-12)
(-6.10531e-09 -1.44456e-12 1.43906e-08)
(1.43866e-08 -1.15224e-12 6.08519e-09)
(9.8732e-13 1.56215e-08 6.72737e-13)
(-6.10544e-09 -4.36569e-13 1.43903e-08)
(1.43865e-08 -9.86605e-13 6.08725e-09)
(1.13491e-12 1.56211e-08 -8.52805e-14)
(-6.1051e-09 4.44349e-13 1.43901e-08)
(1.43865e-08 -8.33532e-13 6.08887e-09)
(1.2448e-12 1.56208e-08 -7.39805e-13)
(-6.10436e-09 1.20078e-12 1.43902e-08)
(1.43865e-08 -7.06685e-13 6.09013e-09)
(1.32704e-12 1.56205e-08 -1.29125e-12)
(-6.10328e-09 1.83812e-12 1.43904e-08)
(1.43866e-08 -6.27978e-13 6.09106e-09)
(1.40253e-12 1.56203e-08 -1.74108e-12)
(-6.10191e-09 2.36674e-12 1.43908e-08)
(1.43868e-08 -5.98642e-13 6.09174e-09)
(1.50353e-12 1.56201e-08 -2.09778e-12)
(-6.10033e-09 2.80587e-12 1.43913e-08)
(1.43868e-08 -5.51973e-13 6.09217e-09)
(1.63016e-12 1.56199e-08 -2.40653e-12)
(-6.09859e-09 3.17657e-12 1.43921e-08)
(1.72387e-12 1.56193e-08 -2.7455e-12)
(-6.09632e-09 3.37359e-12 1.4393e-08)
(1.53659e-08 2.95306e-11 1.8822e-10)
(-1.22237e-10 1.57668e-08 4.88556e-11)
(-1.31629e-10 -2.72197e-11 1.57384e-08)
(1.53112e-08 2.77919e-11 4.05252e-10)
(-4.79779e-11 1.57352e-08 1.2493e-10)
(-4.81072e-10 -8.78126e-11 1.57441e-08)
(1.53025e-08 2.00991e-11 6.24284e-10)
(-2.32168e-11 1.57309e-08 1.66045e-10)
(-7.1196e-10 -1.44006e-10 1.57559e-08)
(1.52985e-08 1.38092e-11 8.35346e-10)
(-1.68495e-11 1.57232e-08 1.88274e-10)
(-9.25997e-10 -1.81713e-10 1.57499e-08)
(1.52936e-08 9.42419e-12 1.03991e-09)
(-1.56441e-11 1.57194e-08 1.9923e-10)
(-1.13628e-09 -2.05097e-10 1.57351e-08)
(1.52865e-08 6.33795e-12 1.23919e-09)
(-1.64184e-11 1.57179e-08 2.03082e-10)
(-1.34176e-09 -2.18739e-10 1.57158e-08)
(1.52772e-08 4.16718e-12 1.43354e-09)
(-1.79536e-11 1.57168e-08 2.0263e-10)
(-1.54234e-09 -2.25677e-10 1.56931e-08)
(1.52656e-08 2.63497e-12 1.62307e-09)
(-1.96688e-11 1.57157e-08 1.99669e-10)
(-1.73783e-09 -2.28039e-10 1.56679e-08)
(1.52522e-08 1.53705e-12 1.80782e-09)
(-2.13275e-11 1.57146e-08 1.95299e-10)
(-1.92795e-09 -2.27324e-10 1.56408e-08)
(1.52369e-08 7.32873e-13 1.98774e-09)
(-2.28321e-11 1.57134e-08 1.90182e-10)
(-2.11252e-09 -2.24574e-10 1.56122e-08)
(1.52202e-08 1.27597e-13 2.16281e-09)
(-2.41472e-11 1.57121e-08 1.84708e-10)
(-2.2915e-09 -2.20504e-10 1.55823e-08)
(1.5202e-08 -3.42018e-13 2.33299e-09)
(-2.52699e-11 1.57107e-08 1.79098e-10)
(-2.4649e-09 -2.15599e-10 1.55512e-08)
(1.51827e-08 -7.17549e-13 2.49829e-09)
(-2.62115e-11 1.57093e-08 1.73474e-10)
(-2.6328e-09 -2.10186e-10 1.55193e-08)
(1.51623e-08 -1.02614e-12 2.65871e-09)
(-2.69874e-11 1.57078e-08 1.67899e-10)
(-2.79527e-09 -2.04482e-10 1.54866e-08)
(1.5141e-08 -1.28558e-12 2.81427e-09)
(-2.7613e-11 1.57063e-08 1.62405e-10)
(-2.95242e-09 -1.98627e-10 1.54533e-08)
(1.51189e-08 -1.50774e-12 2.96503e-09)
(-2.81017e-11 1.57047e-08 1.57006e-10)
(-3.10434e-09 -1.92713e-10 1.54196e-08)
(1.50962e-08 -1.7007e-12 3.11102e-09)
(-2.84648e-11 1.5703e-08 1.51708e-10)
(-3.25113e-09 -1.86797e-10 1.53854e-08)
(1.50729e-08 -1.87019e-12 3.25232e-09)
(-2.87116e-11 1.57014e-08 1.46513e-10)
(-3.3929e-09 -1.80916e-10 1.53511e-08)
(1.50493e-08 -2.02039e-12 3.38899e-09)
(-2.88505e-11 1.56996e-08 1.41421e-10)
(-3.52974e-09 -1.75093e-10 1.53166e-08)
(1.50254e-08 -2.15441e-12 3.52111e-09)
(-2.88885e-11 1.56978e-08 1.36432e-10)
(-3.66175e-09 -1.69342e-10 1.5282e-08)
(1.50012e-08 -2.27463e-12 3.64874e-09)
(-2.88326e-11 1.5696e-08 1.31544e-10)
(-3.78902e-09 -1.63672e-10 1.52476e-08)
(1.4977e-08 -2.3829e-12 3.77196e-09)
(-2.86892e-11 1.56942e-08 1.26758e-10)
(-3.91166e-09 -1.58089e-10 1.52132e-08)
(1.49527e-08 -2.48062e-12 3.89087e-09)
(-2.84644e-11 1.56924e-08 1.22074e-10)
(-4.02976e-09 -1.52595e-10 1.51791e-08)
(1.49285e-08 -2.56889e-12 4.00552e-09)
(-2.81644e-11 1.56905e-08 1.1749e-10)
(-4.14342e-09 -1.47194e-10 1.51453e-08)
(1.49045e-08 -2.64856e-12 4.11601e-09)
(-2.77952e-11 1.56886e-08 1.13007e-10)
(-4.25273e-09 -1.41887e-10 1.51119e-08)
(1.48806e-08 -2.72025e-12 4.22242e-09)
(-2.73623e-11 1.56867e-08 1.08624e-10)
(-4.35779e-09 -1.36674e-10 1.5079e-08)
(1.4857e-08 -2.78448e-12 4.32483e-09)
(-2.68716e-11 1.56848e-08 1.04341e-10)
(-4.45869e-09 -1.31557e-10 1.50465e-08)
(1.48338e-08 -2.84162e-12 4.42333e-09)
(-2.63284e-11 1.56829e-08 1.00157e-10)
(-4.55552e-09 -1.26536e-10 1.50147e-08)
(1.48109e-08 -2.89197e-12 4.51799e-09)
(-2.5738e-11 1.5681e-08 9.60722e-11)
(-4.6484e-09 -1.21612e-10 1.49834e-08)
(1.47885e-08 -2.93579e-12 4.6089e-09)
(-2.51052e-11 1.56791e-08 9.2085e-11)
(-4.7374e-09 -1.16785e-10 1.49529e-08)
(1.47665e-08 -2.97328e-12 4.69614e-09)
(-2.44351e-11 1.56771e-08 8.81949e-11)
(-4.82262e-09 -1.12055e-10 1.4923e-08)
(1.4745e-08 -3.00461e-12 4.7798e-09)
(-2.3732e-11 1.56752e-08 8.44012e-11)
(-4.90415e-09 -1.07423e-10 1.48939e-08)
(1.47241e-08 -3.02995e-12 4.85996e-09)
(-2.30005e-11 1.56733e-08 8.0703e-11)
(-4.98209e-09 -1.02889e-10 1.48655e-08)
(1.47038e-08 -3.04944e-12 4.9367e-09)
(-2.22445e-11 1.56714e-08 7.70993e-11)
(-5.05652e-09 -9.8452e-11 1.4838e-08)
(1.4684e-08 -3.06324e-12 5.0101e-09)
(-2.14682e-11 1.56695e-08 7.35893e-11)
(-5.12755e-09 -9.41133e-11 1.48113e-08)
(1.46649e-08 -3.07147e-12 5.08024e-09)
(-2.06751e-11 1.56676e-08 7.01718e-11)
(-5.19525e-09 -8.98727e-11 1.47855e-08)
(1.46465e-08 -3.07429e-12 5.14721e-09)
(-1.98688e-11 1.56658e-08 6.68459e-11)
(-5.25972e-09 -8.57301e-11 1.47605e-08)
(1.46287e-08 -3.07183e-12 5.21108e-09)
(-1.90527e-11 1.56639e-08 6.36106e-11)
(-5.32104e-09 -8.16857e-11 1.47364e-08)
(1.46116e-08 -3.06423e-12 5.27194e-09)
(-1.82299e-11 1.56621e-08 6.04647e-11)
(-5.3793e-09 -7.77392e-11 1.47132e-08)
(1.45952e-08 -3.05164e-12 5.32987e-09)
(-1.74033e-11 1.56603e-08 5.74074e-11)
(-5.43458e-09 -7.38908e-11 1.46909e-08)
(1.45794e-08 -3.03418e-12 5.38494e-09)
(-1.65758e-11 1.56585e-08 5.44374e-11)
(-5.48698e-09 -7.01402e-11 1.46695e-08)
(1.45644e-08 -3.01201e-12 5.43723e-09)
(-1.57499e-11 1.56568e-08 5.15538e-11)
(-5.53657e-09 -6.64875e-11 1.4649e-08)
(1.45501e-08 -2.98526e-12 5.48682e-09)
(-1.49282e-11 1.5655e-08 4.87556e-11)
(-5.58345e-09 -6.29324e-11 1.46294e-08)
(1.45365e-08 -2.95407e-12 5.5338e-09)
(-1.41129e-11 1.56533e-08 4.60417e-11)
(-5.62768e-09 -5.94749e-11 1.46108e-08)
(1.45235e-08 -2.91859e-12 5.57822e-09)
(-1.33063e-11 1.56517e-08 4.34111e-11)
(-5.66935e-09 -5.61147e-11 1.4593e-08)
(1.45113e-08 -2.87896e-12 5.62019e-09)
(-1.25102e-11 1.565e-08 4.0863e-11)
(-5.70855e-09 -5.28517e-11 1.45761e-08)
(1.44998e-08 -2.83531e-12 5.65975e-09)
(-1.17266e-11 1.56484e-08 3.83962e-11)
(-5.74535e-09 -4.96858e-11 1.45601e-08)
(1.44889e-08 -2.78779e-12 5.697e-09)
(-1.09572e-11 1.56468e-08 3.601e-11)
(-5.77983e-09 -4.66166e-11 1.4545e-08)
(1.44787e-08 -2.73654e-12 5.73201e-09)
(-1.02037e-11 1.56453e-08 3.37034e-11)
(-5.81207e-09 -4.36441e-11 1.45307e-08)
(1.44692e-08 -2.68169e-12 5.76485e-09)
(-9.46757e-12 1.56438e-08 3.14755e-11)
(-5.84215e-09 -4.07679e-11 1.45173e-08)
(1.44603e-08 -2.62339e-12 5.7956e-09)
(-8.75013e-12 1.56423e-08 2.93256e-11)
(-5.87014e-09 -3.7988e-11 1.45046e-08)
(1.44521e-08 -2.56176e-12 5.82432e-09)
(-8.05269e-12 1.56409e-08 2.72528e-11)
(-5.89611e-09 -3.53039e-11 1.44928e-08)
(1.44444e-08 -2.49696e-12 5.8511e-09)
(-7.3764e-12 1.56395e-08 2.52564e-11)
(-5.92015e-09 -3.27156e-11 1.44818e-08)
(1.44374e-08 -2.4291e-12 5.876e-09)
(-6.72233e-12 1.56381e-08 2.33356e-11)
(-5.94233e-09 -3.02227e-11 1.44716e-08)
(1.44309e-08 -2.35833e-12 5.89909e-09)
(-6.09144e-12 1.56368e-08 2.14897e-11)
(-5.96272e-09 -2.7825e-11 1.44621e-08)
(1.4425e-08 -2.28478e-12 5.92045e-09)
(-5.48461e-12 1.56356e-08 1.97181e-11)
(-5.98139e-09 -2.55223e-11 1.44533e-08)
(1.44196e-08 -2.20859e-12 5.94015e-09)
(-4.90263e-12 1.56343e-08 1.80201e-11)
(-5.99842e-09 -2.33143e-11 1.44452e-08)
(1.44147e-08 -2.12987e-12 5.95825e-09)
(-4.34621e-12 1.56332e-08 1.63951e-11)
(-6.01388e-09 -2.12008e-11 1.44379e-08)
(1.44103e-08 -2.04877e-12 5.97483e-09)
(-3.81596e-12 1.5632e-08 1.48425e-11)
(-6.02783e-09 -1.91815e-11 1.44311e-08)
(1.44064e-08 -1.96541e-12 5.98997e-09)
(-3.31244e-12 1.5631e-08 1.33619e-11)
(-6.04036e-09 -1.72562e-11 1.4425e-08)
(1.44029e-08 -1.87992e-12 6.00371e-09)
(-2.83615e-12 1.56299e-08 1.19527e-11)
(-6.05153e-09 -1.54246e-11 1.44195e-08)
(1.43999e-08 -1.79241e-12 6.01615e-09)
(-2.38751e-12 1.56289e-08 1.06144e-11)
(-6.06141e-09 -1.36865e-11 1.44146e-08)
(1.43972e-08 -1.70303e-12 6.02734e-09)
(-1.96688e-12 1.5628e-08 9.34667e-12)
(-6.07008e-09 -1.20417e-11 1.44102e-08)
(1.43949e-08 -1.61188e-12 6.03735e-09)
(-1.5746e-12 1.56271e-08 8.14899e-12)
(-6.07759e-09 -1.04899e-11 1.44064e-08)
(1.4393e-08 -1.51912e-12 6.04626e-09)
(-1.21095e-12 1.56263e-08 7.02104e-12)
(-6.08402e-09 -9.03083e-12 1.4403e-08)
(1.43913e-08 -1.42488e-12 6.05413e-09)
(-8.7618e-13 1.56255e-08 5.96249e-12)
(-6.08944e-09 -7.66439e-12 1.44001e-08)
(1.439e-08 -1.32933e-12 6.06103e-09)
(-5.7055e-13 1.56247e-08 4.97307e-12)
(-6.09391e-09 -6.39032e-12 1.43977e-08)
(1.43889e-08 -1.23269e-12 6.06702e-09)
(-2.94302e-13 1.56241e-08 4.05257e-12)
(-6.09751e-09 -5.2084e-12 1.43956e-08)
(1.4388e-08 -1.13529e-12 6.07217e-09)
(-4.76868e-14 1.56234e-08 3.20086e-12)
(-6.1003e-09 -4.1184e-12 1.4394e-08)
(1.43874e-08 -1.03759e-12 6.07656e-09)
(1.69052e-13 1.56228e-08 2.4179e-12)
(-6.10234e-09 -3.12003e-12 1.43927e-08)
(1.43869e-08 -9.40319e-13 6.08025e-09)
(3.55728e-13 1.56223e-08 1.70375e-12)
(-6.10372e-09 -2.21292e-12 1.43917e-08)
(1.43866e-08 -8.44617e-13 6.0833e-09)
(5.12345e-13 1.56218e-08 1.05859e-12)
(-6.10449e-09 -1.39655e-12 1.4391e-08)
(1.43864e-08 -7.52222e-13 6.08578e-09)
(6.39377e-13 1.56214e-08 4.82651e-13)
(-6.10471e-09 -6.70145e-13 1.43906e-08)
(1.43863e-08 -6.65722e-13 6.08776e-09)
(7.3832e-13 1.56211e-08 -2.38469e-14)
(-6.10447e-09 -3.26409e-14 1.43904e-08)
(1.43863e-08 -5.88779e-13 6.08932e-09)
(8.12617e-13 1.56208e-08 -4.61e-13)
(-6.10382e-09 5.17264e-13 1.43905e-08)
(1.43864e-08 -5.25955e-13 6.0905e-09)
(8.69046e-13 1.56205e-08 -8.29733e-13)
(-6.10282e-09 9.8057e-13 1.43907e-08)
(1.43865e-08 -4.81603e-13 6.09138e-09)
(9.19632e-13 1.56203e-08 -1.1327e-12)
(-6.10156e-09 1.35614e-12 1.4391e-08)
(1.43866e-08 -4.59237e-13 6.09202e-09)
(9.80115e-13 1.56201e-08 -1.37775e-12)
(-6.10007e-09 1.63493e-12 1.43915e-08)
(1.43866e-08 -4.59732e-13 6.09243e-09)
(1.0565e-12 1.56199e-08 -1.58652e-12)
(-6.0984e-09 1.7865e-12 1.43922e-08)
(1.15013e-12 1.56194e-08 -1.77988e-12)
(-6.09638e-09 1.74076e-12 1.4393e-08)
(1.53832e-08 1.08445e-11 1.74677e-10)
(-5.42602e-11 1.57475e-08 2.20604e-11)
(-1.67432e-10 -8.8329e-12 1.57359e-08)
(1.53196e-08 1.49326e-11 3.90948e-10)
(-2.55274e-11 1.57148e-08 5.80192e-11)
(-5.30759e-10 -3.49515e-11 1.57607e-08)
(1.53044e-08 1.3156e-11 6.13012e-10)
(-1.37364e-11 1.57199e-08 7.96745e-11)
(-7.49812e-10 -6.71011e-11 1.57677e-08)
(1.52986e-08 1.00639e-11 8.275e-10)
(-9.80494e-12 1.57185e-08 9.20619e-11)
(-9.51034e-10 -9.26558e-11 1.57557e-08)
(1.52937e-08 7.36514e-12 1.03509e-09)
(-8.57287e-12 1.57176e-08 9.84654e-11)
(-1.152e-09 -1.1019e-10 1.57381e-08)
(1.5287e-08 5.26036e-12 1.23683e-09)
(-8.5613e-12 1.57174e-08 1.00975e-10)
(-1.3509e-09 -1.2139e-10 1.57178e-08)
(1.52778e-08 3.68404e-12 1.43303e-09)
(-9.11959e-12 1.57168e-08 1.01079e-10)
(-1.5469e-09 -1.27948e-10 1.56949e-08)
(1.52664e-08 2.5285e-12 1.6239e-09)
(-9.88164e-12 1.57158e-08 9.97716e-11)
(-1.73926e-09 -1.31195e-10 1.56698e-08)
(1.5253e-08 1.68662e-12 1.80956e-09)
(-1.06723e-11 1.57146e-08 9.7671e-11)
(-1.92727e-09 -1.32126e-10 1.56428e-08)
(1.52378e-08 1.07094e-12 1.99008e-09)
(-1.14123e-11 1.57133e-08 9.51502e-11)
(-2.11044e-09 -1.31468e-10 1.56143e-08)
(1.5221e-08 6.15389e-13 2.16553e-09)
(-1.20689e-11 1.5712e-08 9.24276e-11)
(-2.28852e-09 -1.29738e-10 1.55845e-08)
(1.52027e-08 2.71926e-13 2.33594e-09)
(-1.26335e-11 1.57106e-08 8.96264e-11)
(-2.46136e-09 -1.27304e-10 1.55536e-08)
(1.51833e-08 6.7216e-15 2.50136e-09)
(-1.31086e-11 1.57091e-08 8.68138e-11)
(-2.62891e-09 -1.24419e-10 1.55217e-08)
(1.51628e-08 -2.03484e-13 2.66183e-09)
(-1.35005e-11 1.57076e-08 8.40246e-11)
(-2.7912e-09 -1.21256e-10 1.5489e-08)
(1.51414e-08 -3.74454e-13 2.8174e-09)
(-1.38167e-11 1.5706e-08 8.12759e-11)
(-2.94825e-09 -1.17931e-10 1.54557e-08)
(1.51193e-08 -5.16818e-13 2.96814e-09)
(-1.40637e-11 1.57044e-08 7.85753e-11)
(-3.10014e-09 -1.14522e-10 1.5422e-08)
(1.50965e-08 -6.37775e-13 3.1141e-09)
(-1.42473e-11 1.57028e-08 7.59257e-11)
(-3.24695e-09 -1.11079e-10 1.53878e-08)
(1.50731e-08 -7.42267e-13 3.25535e-09)
(-1.43724e-11 1.57011e-08 7.33278e-11)
(-3.38875e-09 -1.07636e-10 1.53534e-08)
(1.50494e-08 -8.3375e-13 3.39197e-09)
(-1.44432e-11 1.56993e-08 7.07817e-11)
(-3.52564e-09 -1.04212e-10 1.53189e-08)
(1.50254e-08 -9.14701e-13 3.52403e-09)
(-1.44633e-11 1.56976e-08 6.8287e-11)
(-3.65771e-09 -1.00822e-10 1.52843e-08)
(1.50012e-08 -9.86929e-13 3.65161e-09)
(-1.44363e-11 1.56958e-08 6.58433e-11)
(-3.78505e-09 -9.74729e-11 1.52498e-08)
(1.49769e-08 -1.05178e-12 3.77477e-09)
(-1.43654e-11 1.56939e-08 6.34504e-11)
(-3.90775e-09 -9.41709e-11 1.52154e-08)
(1.49526e-08 -1.11028e-12 3.89362e-09)
(-1.42537e-11 1.56921e-08 6.11081e-11)
(-4.02592e-09 -9.09192e-11 1.51813e-08)
(1.49284e-08 -1.1632e-12 4.00821e-09)
(-1.41043e-11 1.56902e-08 5.88162e-11)
(-4.13965e-09 -8.77198e-11 1.51474e-08)
(1.49042e-08 -1.21112e-12 4.11864e-09)
(-1.39201e-11 1.56884e-08 5.65745e-11)
(-4.24903e-09 -8.45742e-11 1.5114e-08)
(1.48804e-08 -1.25449e-12 4.22499e-09)
(-1.37041e-11 1.56865e-08 5.43828e-11)
(-4.35415e-09 -8.14834e-11 1.5081e-08)
(1.48567e-08 -1.29367e-12 4.32734e-09)
(-1.34591e-11 1.56846e-08 5.22409e-11)
(-4.45512e-09 -7.84481e-11 1.50485e-08)
(1.48334e-08 -1.32891e-12 4.42578e-09)
(-1.31878e-11 1.56827e-08 5.01485e-11)
(-4.55203e-09 -7.54687e-11 1.50166e-08)
(1.48105e-08 -1.36043e-12 4.52038e-09)
(-1.28928e-11 1.56808e-08 4.81054e-11)
(-4.64497e-09 -7.25457e-11 1.49853e-08)
(1.4788e-08 -1.38837e-12 4.61123e-09)
(-1.25766e-11 1.56789e-08 4.61111e-11)
(-4.73404e-09 -6.96794e-11 1.49547e-08)
(1.4766e-08 -1.41287e-12 4.69842e-09)
(-1.22416e-11 1.5677e-08 4.41654e-11)
(-4.81933e-09 -6.687e-11 1.49248e-08)
(1.47446e-08 -1.43405e-12 4.78202e-09)
(-1.18901e-11 1.56751e-08 4.22677e-11)
(-4.90093e-09 -6.41178e-11 1.48957e-08)
(1.47236e-08 -1.45199e-12 4.86212e-09)
(-1.15243e-11 1.56732e-08 4.04177e-11)
(-4.97894e-09 -6.14229e-11 1.48673e-08)
(1.47033e-08 -1.46679e-12 4.9388e-09)
(-1.11462e-11 1.56713e-08 3.86149e-11)
(-5.05345e-09 -5.87855e-11 1.48397e-08)
(1.46835e-08 -1.47851e-12 5.01214e-09)
(-1.07579e-11 1.56694e-08 3.68588e-11)
(-5.12454e-09 -5.62056e-11 1.4813e-08)
(1.46644e-08 -1.48725e-12 5.08223e-09)
(-1.03612e-11 1.56675e-08 3.5149e-11)
(-5.19231e-09 -5.36835e-11 1.47871e-08)
(1.46459e-08 -1.49306e-12 5.14915e-09)
(-9.95785e-12 1.56657e-08 3.34849e-11)
(-5.25684e-09 -5.12191e-11 1.47621e-08)
(1.46281e-08 -1.49602e-12 5.21297e-09)
(-9.54953e-12 1.56638e-08 3.1866e-11)
(-5.31823e-09 -4.88126e-11 1.47379e-08)
(1.4611e-08 -1.49621e-12 5.27377e-09)
(-9.13782e-12 1.5662e-08 3.02919e-11)
(-5.37656e-09 -4.64639e-11 1.47147e-08)
(1.45946e-08 -1.4937e-12 5.33164e-09)
(-8.72419e-12 1.56602e-08 2.87619e-11)
(-5.43191e-09 -4.4173e-11 1.46923e-08)
(1.45788e-08 -1.48855e-12 5.38666e-09)
(-8.31006e-12 1.56584e-08 2.72755e-11)
(-5.48438e-09 -4.194e-11 1.46709e-08)
(1.45638e-08 -1.48086e-12 5.4389e-09)
(-7.89672e-12 1.56567e-08 2.58323e-11)
(-5.53404e-09 -3.97647e-11 1.46504e-08)
(1.45495e-08 -1.47068e-12 5.48845e-09)
(-7.48543e-12 1.56549e-08 2.44318e-11)
(-5.58098e-09 -3.76473e-11 1.46308e-08)
(1.45359e-08 -1.45809e-12 5.53537e-09)
(-7.07732e-12 1.56533e-08 2.30734e-11)
(-5.62528e-09 -3.55876e-11 1.4612e-08)
(1.4523e-08 -1.44317e-12 5.57975e-09)
(-6.67348e-12 1.56516e-08 2.17566e-11)
(-5.66702e-09 -3.35856e-11 1.45942e-08)
(1.45107e-08 -1.426e-12 5.62166e-09)
(-6.27493e-12 1.56499e-08 2.0481e-11)
(-5.70628e-09 -3.16411e-11 1.45773e-08)
(1.44992e-08 -1.40663e-12 5.66118e-09)
(-5.8826e-12 1.56483e-08 1.92461e-11)
(-5.74315e-09 -2.97542e-11 1.45613e-08)
(1.44884e-08 -1.38516e-12 5.69839e-09)
(-5.49736e-12 1.56468e-08 1.80515e-11)
(-5.7777e-09 -2.79247e-11 1.45461e-08)
(1.44782e-08 -1.36165e-12 5.73335e-09)
(-5.12003e-12 1.56452e-08 1.68966e-11)
(-5.81e-09 -2.61526e-11 1.45318e-08)
(1.44687e-08 -1.33618e-12 5.76614e-09)
(-4.75136e-12 1.56437e-08 1.57811e-11)
(-5.84014e-09 -2.44377e-11 1.45183e-08)
(1.44598e-08 -1.30882e-12 5.79684e-09)
(-4.39204e-12 1.56423e-08 1.47046e-11)
(-5.8682e-09 -2.27799e-11 1.45056e-08)
(1.44516e-08 -1.27964e-12 5.82552e-09)
(-4.04271e-12 1.56408e-08 1.36667e-11)
(-5.89424e-09 -2.11792e-11 1.44938e-08)
(1.44439e-08 -1.24872e-12 5.85225e-09)
(-3.70395e-12 1.56394e-08 1.26669e-11)
(-5.91834e-09 -1.96353e-11 1.44827e-08)
(1.44369e-08 -1.21614e-12 5.87711e-09)
(-3.3763e-12 1.56381e-08 1.17049e-11)
(-5.94059e-09 -1.81482e-11 1.44725e-08)
(1.44304e-08 -1.18195e-12 5.90016e-09)
(-3.06023e-12 1.56368e-08 1.07804e-11)
(-5.96104e-09 -1.67178e-11 1.44629e-08)
(1.44245e-08 -1.14625e-12 5.92147e-09)
(-2.7562e-12 1.56355e-08 9.89308e-12)
(-5.97978e-09 -1.53439e-11 1.44541e-08)
(1.44192e-08 -1.10908e-12 5.94113e-09)
(-2.46459e-12 1.56343e-08 9.04257e-12)
(-5.99687e-09 -1.40264e-11 1.4446e-08)
(1.44143e-08 -1.07054e-12 5.95919e-09)
(-2.18576e-12 1.56331e-08 8.22858e-12)
(-6.01239e-09 -1.27652e-11 1.44386e-08)
(1.441e-08 -1.03068e-12 5.97573e-09)
(-1.92002e-12 1.5632e-08 7.45083e-12)
(-6.02642e-09 -1.15601e-11 1.44318e-08)
(1.44061e-08 -9.8958e-13 5.99082e-09)
(-1.66766e-12 1.56309e-08 6.70907e-12)
(-6.03901e-09 -1.04111e-11 1.44257e-08)
(1.44026e-08 -9.47306e-13 6.00452e-09)
(-1.42892e-12 1.56299e-08 6.00304e-12)
(-6.05025e-09 -9.31789e-12 1.44201e-08)
(1.43996e-08 -9.0393e-13 6.01692e-09)
(-1.20402e-12 1.56289e-08 5.33251e-12)
(-6.06019e-09 -8.28046e-12 1.44152e-08)
(1.43969e-08 -8.59524e-13 6.02806e-09)
(-9.93141e-13 1.5628e-08 4.69726e-12)
(-6.06892e-09 -7.29865e-12 1.44107e-08)
(1.43947e-08 -8.14165e-13 6.03804e-09)
(-7.96454e-13 1.56271e-08 4.09709e-12)
(-6.07649e-09 -6.37235e-12 1.44069e-08)
(1.43927e-08 -7.67939e-13 6.0469e-09)
(-6.14105e-13 1.56263e-08 3.53182e-12)
(-6.08299e-09 -5.50143e-12 1.44035e-08)
(1.43911e-08 -7.20947e-13 6.05473e-09)
(-4.4623e-13 1.56255e-08 3.0013e-12)
(-6.08847e-09 -4.68576e-12 1.44005e-08)
(1.43898e-08 -6.73321e-13 6.06158e-09)
(-2.92961e-13 1.56247e-08 2.5054e-12)
(-6.09301e-09 -3.9252e-12 1.43981e-08)
(1.43887e-08 -6.25242e-13 6.06754e-09)
(-1.54433e-13 1.56241e-08 2.04403e-12)
(-6.09668e-09 -3.2196e-12 1.4396e-08)
(1.43879e-08 -5.76969e-13 6.07265e-09)
(-3.07829e-14 1.56234e-08 1.61712e-12)
(-6.09953e-09 -2.56879e-12 1.43943e-08)
(1.43873e-08 -5.28881e-13 6.077e-09)
(7.78575e-14 1.56229e-08 1.22468e-12)
(-6.10164e-09 -1.97253e-12 1.4393e-08)
(1.43868e-08 -4.81528e-13 6.08064e-09)
(1.71393e-13 1.56223e-08 8.66776e-13)
(-6.10308e-09 -1.43054e-12 1.4392e-08)
(1.43865e-08 -4.35697e-13 6.08365e-09)
(2.49841e-13 1.56219e-08 5.43502e-13)
(-6.10391e-09 -9.42429e-13 1.43912e-08)
(1.43863e-08 -3.92469e-13 6.0861e-09)
(3.13484e-13 1.56214e-08 2.54995e-13)
(-6.1042e-09 -5.07747e-13 1.43908e-08)
(1.43863e-08 -3.53233e-13 6.08805e-09)
(3.63148e-13 1.56211e-08 1.33336e-15)
(-6.10402e-09 -1.26045e-13 1.43906e-08)
(1.43863e-08 -3.19604e-13 6.08956e-09)
(4.00619e-13 1.56208e-08 -2.17635e-13)
(-6.10343e-09 2.02817e-13 1.43906e-08)
(1.43863e-08 -2.93098e-13 6.09072e-09)
(4.29234e-13 1.56205e-08 -4.02595e-13)
(-6.10251e-09 4.77943e-13 1.43908e-08)
(1.43864e-08 -2.7504e-13 6.09158e-09)
(4.54481e-13 1.56203e-08 -5.55258e-13)
(-6.10131e-09 6.9577e-13 1.43911e-08)
(1.43865e-08 -2.67707e-13 6.0922e-09)
(4.82675e-13 1.56201e-08 -6.79998e-13)
(-6.0999e-09 8.46789e-13 1.43916e-08)
(1.43865e-08 -2.71793e-13 6.09261e-09)
(5.17092e-13 1.56199e-08 -7.85926e-13)
(-6.09835e-09 9.11806e-13 1.43922e-08)
(5.64028e-13 1.56195e-08 -8.78567e-13)
(-6.09651e-09 8.67e-13 1.43929e-08)
(1.5386e-08 2.93846e-12 1.7085e-10)
(-4.37216e-20 1.57419e-08 4.39984e-20)
(-1.78721e-10 -2.5432e-12 1.57353e-08)
(1.53202e-08 4.38599e-12 3.85537e-10)
(2.35166e-20 1.5708e-08 1.43374e-19)
(-5.52822e-10 -1.02851e-11 1.57659e-08)
(1.53043e-08 4.15852e-12 6.0809e-10)
(4.80742e-20 1.57158e-08 2.31815e-19)
(-7.69424e-10 -2.02516e-11 1.57724e-08)
(1.52984e-08 3.40529e-12 8.23685e-10)
(7.25701e-20 1.57165e-08 2.84792e-19)
(-9.65147e-10 -2.86582e-11 1.57583e-08)
(1.52935e-08 2.62493e-12 1.03245e-09)
(1.20069e-19 1.57168e-08 3.1281e-19)
(-1.16138e-09 -3.47639e-11 1.57392e-08)
(1.52869e-08 1.94837e-12 1.23524e-09)
(1.44143e-19 1.57172e-08 3.07201e-19)
(-1.3567e-09 -3.88634e-11 1.57181e-08)
(1.52779e-08 1.40884e-12 1.43232e-09)
(1.23768e-19 1.57169e-08 2.46346e-19)
(-1.55011e-09 -4.13965e-11 1.56949e-08)
(1.52666e-08 9.9858e-13 1.62385e-09)
(1.32095e-19 1.5716e-08 1.4295e-19)
(-1.74064e-09 -4.27666e-11 1.56697e-08)
(1.52532e-08 6.93565e-13 1.80999e-09)
(1.75959e-19 1.57148e-08 7.68462e-20)
(-1.92737e-09 -4.33015e-11 1.56429e-08)
(1.5238e-08 4.68527e-13 1.99085e-09)
(1.8068e-19 1.57135e-08 1.34103e-19)
(-2.10968e-09 -4.3251e-11 1.56145e-08)
(1.52212e-08 3.01979e-13 2.16651e-09)
(1.73893e-19 1.57121e-08 3.20965e-19)
(-2.28719e-09 -4.27988e-11 1.55847e-08)
(1.5203e-08 1.77203e-13 2.33706e-09)
(1.47204e-19 1.57107e-08 5.28618e-19)
(-2.45965e-09 -4.20774e-11 1.55539e-08)
(1.51835e-08 8.18953e-14 2.50256e-09)
(7.49105e-20 1.57092e-08 6.24199e-19)
(-2.62698e-09 -4.11803e-11 1.5522e-08)
(1.5163e-08 7.33838e-15 2.66307e-09)
(9.6264e-20 1.57077e-08 6.44158e-19)
(-2.78912e-09 -4.01724e-11 1.54894e-08)
(1.51416e-08 -5.24935e-14 2.81866e-09)
(2.55854e-19 1.57061e-08 7.23125e-19)
(-2.9461e-09 -3.90979e-11 1.54562e-08)
(1.51194e-08 -1.0171e-13 2.96939e-09)
(3.84589e-19 1.57045e-08 8.77645e-19)
(-3.09796e-09 -3.79865e-11 1.54224e-08)
(1.50966e-08 -1.43102e-13 3.11535e-09)
(3.50168e-19 1.57028e-08 1.02515e-18)
(-3.24476e-09 -3.68578e-11 1.53883e-08)
(1.50732e-08 -1.78579e-13 3.25659e-09)
(2.37899e-19 1.57011e-08 1.10665e-18)
(-3.38657e-09 -3.57247e-11 1.53539e-08)
(1.50495e-08 -2.0946e-13 3.39319e-09)
(1.88507e-19 1.56994e-08 1.14028e-18)
(-3.52348e-09 -3.45955e-11 1.53194e-08)
(1.50254e-08 -2.36679e-13 3.52522e-09)
(1.93654e-19 1.56976e-08 1.17334e-18)
(-3.65557e-09 -3.34755e-11 1.52849e-08)
(1.50012e-08 -2.60906e-13 3.65277e-09)
(2.02709e-19 1.56958e-08 1.22292e-18)
(-3.78294e-09 -3.2368e-11 1.52503e-08)
(1.49769e-08 -2.82636e-13 3.77592e-09)
(2.04135e-19 1.5694e-08 1.28576e-18)
(-3.90569e-09 -3.12752e-11 1.5216e-08)
(1.49525e-08 -3.02238e-13 3.89474e-09)
(2.01487e-19 1.56921e-08 1.35846e-18)
(-4.02389e-09 -3.01985e-11 1.51818e-08)
(1.49283e-08 -3.19988e-13 4.00931e-09)
(1.96935e-19 1.56903e-08 1.43354e-18)
(-4.13765e-09 -2.91388e-11 1.5148e-08)
(1.49041e-08 -3.36099e-13 4.11971e-09)
(1.91747e-19 1.56884e-08 1.50073e-18)
(-4.24707e-09 -2.80965e-11 1.51146e-08)
(1.48802e-08 -3.50731e-13 4.22604e-09)
(1.85736e-19 1.56865e-08 1.55283e-18)
(-4.35223e-09 -2.70722e-11 1.50816e-08)
(1.48566e-08 -3.64007e-13 4.32837e-09)
(1.76685e-19 1.56846e-08 1.58829e-18)
(-4.45324e-09 -2.60661e-11 1.50491e-08)
(1.48333e-08 -3.76021e-13 4.42678e-09)
(1.6833e-19 1.56827e-08 1.60932e-18)
(-4.55019e-09 -2.50783e-11 1.50172e-08)
(1.48103e-08 -3.86845e-13 4.52135e-09)
(1.68005e-19 1.56808e-08 1.62182e-18)
(-4.64317e-09 -2.4109e-11 1.49859e-08)
(1.47878e-08 -3.96536e-13 4.61218e-09)
(1.75561e-19 1.56789e-08 1.63409e-18)
(-4.73227e-09 -2.31584e-11 1.49553e-08)
(1.47658e-08 -4.05139e-13 4.69934e-09)
(1.84741e-19 1.5677e-08 1.64609e-18)
(-4.8176e-09 -2.22266e-11 1.49254e-08)
(1.47443e-08 -4.12692e-13 4.78292e-09)
(1.89837e-19 1.56751e-08 1.6521e-18)
(-4.89924e-09 -2.13136e-11 1.48962e-08)
(1.47234e-08 -4.19226e-13 4.863e-09)
(1.91746e-19 1.56732e-08 1.65279e-18)
(-4.97728e-09 -2.04195e-11 1.48679e-08)
(1.4703e-08 -4.24768e-13 4.93966e-09)
(1.86465e-19 1.56713e-08 1.65033e-18)
(-5.05183e-09 -1.95444e-11 1.48403e-08)
(1.46833e-08 -4.29343e-13 5.01298e-09)
(1.68363e-19 1.56694e-08 1.65402e-18)
(-5.12296e-09 -1.86882e-11 1.48135e-08)
(1.46641e-08 -4.32976e-13 5.08304e-09)
(1.47968e-19 1.56675e-08 1.67904e-18)
(-5.19076e-09 -1.78512e-11 1.47876e-08)
(1.46457e-08 -4.3569e-13 5.14993e-09)
(1.33203e-19 1.56657e-08 1.72756e-18)
(-5.25533e-09 -1.70332e-11 1.47626e-08)
(1.46279e-08 -4.37507e-13 5.21373e-09)
(1.25859e-19 1.56638e-08 1.79571e-18)
(-5.31676e-09 -1.62343e-11 1.47385e-08)
(1.46108e-08 -4.3845e-13 5.27452e-09)
(1.24164e-19 1.5662e-08 1.87594e-18)
(-5.37512e-09 -1.54545e-11 1.47152e-08)
(1.45943e-08 -4.3854e-13 5.33237e-09)
(1.18971e-19 1.56602e-08 1.95538e-18)
(-5.43051e-09 -1.46939e-11 1.46929e-08)
(1.45786e-08 -4.37801e-13 5.38736e-09)
(1.03897e-19 1.56584e-08 2.02664e-18)
(-5.48302e-09 -1.39524e-11 1.46714e-08)
(1.45636e-08 -4.36256e-13 5.43959e-09)
(8.19087e-20 1.56567e-08 2.08143e-18)
(-5.53271e-09 -1.32301e-11 1.46509e-08)
(1.45493e-08 -4.33927e-13 5.48911e-09)
(6.72435e-20 1.5655e-08 2.1062e-18)
(-5.57969e-09 -1.25268e-11 1.46313e-08)
(1.45356e-08 -4.30837e-13 5.53601e-09)
(6.67706e-20 1.56533e-08 2.10202e-18)
(-5.62402e-09 -1.18427e-11 1.46125e-08)
(1.45227e-08 -4.27009e-13 5.58037e-09)
(6.82407e-20 1.56516e-08 2.08344e-18)
(-5.6658e-09 -1.11777e-11 1.45947e-08)
(1.45105e-08 -4.22466e-13 5.62226e-09)
(5.54894e-20 1.565e-08 2.04236e-18)
(-5.7051e-09 -1.05318e-11 1.45778e-08)
(1.4499e-08 -4.17232e-13 5.66177e-09)
(2.26035e-20 1.56484e-08 1.94464e-18)
(-5.742e-09 -9.905e-12 1.45617e-08)
(1.44881e-08 -4.11329e-13 5.69895e-09)
(7.64711e-21 1.56468e-08 1.79114e-18)
(-5.77659e-09 -9.2972e-12 1.45465e-08)
(1.4478e-08 -4.0478e-13 5.73389e-09)
(3.45937e-20 1.56452e-08 1.61083e-18)
(-5.80893e-09 -8.70842e-12 1.45322e-08)
(1.44685e-08 -3.9761e-13 5.76667e-09)
(7.64281e-20 1.56437e-08 1.40708e-18)
(-5.8391e-09 -8.13862e-12 1.45187e-08)
(1.44596e-08 -3.8984e-13 5.79735e-09)
(1.08383e-19 1.56423e-08 1.18683e-18)
(-5.86719e-09 -7.58778e-12 1.4506e-08)
(1.44514e-08 -3.81494e-13 5.82601e-09)
(1.06426e-19 1.56408e-08 9.88722e-19)
(-5.89327e-09 -7.05585e-12 1.44942e-08)
(1.44437e-08 -3.72595e-13 5.85272e-09)
(9.50439e-20 1.56395e-08 8.83457e-19)
(-5.91741e-09 -6.54281e-12 1.44831e-08)
(1.44367e-08 -3.63166e-13 5.87756e-09)
(9.83464e-20 1.56381e-08 8.96861e-19)
(-5.93969e-09 -6.04862e-12 1.44728e-08)
(1.44303e-08 -3.53229e-13 5.90059e-09)
(8.74639e-20 1.56368e-08 9.66924e-19)
(-5.96017e-09 -5.57324e-12 1.44633e-08)
(1.44244e-08 -3.42808e-13 5.92189e-09)
(4.78529e-20 1.56355e-08 1.04371e-18)
(-5.97895e-09 -5.11663e-12 1.44544e-08)
(1.4419e-08 -3.31924e-13 5.94152e-09)
(-1.0168e-20 1.56343e-08 1.12943e-18)
(-5.99607e-09 -4.67875e-12 1.44463e-08)
(1.44142e-08 -3.206e-13 5.95957e-09)
(-5.5771e-20 1.56332e-08 1.23927e-18)
(-6.01163e-09 -4.25956e-12 1.44389e-08)
(1.44098e-08 -3.08858e-13 5.97609e-09)
(-7.43859e-20 1.5632e-08 1.36332e-18)
(-6.02569e-09 -3.85902e-12 1.44321e-08)
(1.44059e-08 -2.96721e-13 5.99116e-09)
(-8.03649e-20 1.5631e-08 1.46769e-18)
(-6.03832e-09 -3.47709e-12 1.44259e-08)
(1.44025e-08 -2.8421e-13 6.00485e-09)
(-8.10994e-20 1.56299e-08 1.5347e-18)
(-6.04958e-09 -3.11373e-12 1.44204e-08)
(1.43995e-08 -2.71349e-13 6.01723e-09)
(-6.98629e-20 1.56289e-08 1.57812e-18)
(-6.05956e-09 -2.7689e-12 1.44154e-08)
(1.43968e-08 -2.58162e-13 6.02836e-09)
(-4.76802e-20 1.5628e-08 1.61944e-18)
(-6.06832e-09 -2.44256e-12 1.4411e-08)
(1.43946e-08 -2.44674e-13 6.03832e-09)
(-2.79789e-20 1.56271e-08 1.67979e-18)
(-6.07593e-09 -2.13467e-12 1.44071e-08)
(1.43926e-08 -2.30916e-13 6.04716e-09)
(-2.7288e-20 1.56263e-08 1.79534e-18)
(-6.08246e-09 -1.84518e-12 1.44037e-08)
(1.4391e-08 -2.16925e-13 6.05497e-09)
(-6.26433e-20 1.56255e-08 1.96688e-18)
(-6.08798e-09 -1.57406e-12 1.44007e-08)
(1.43897e-08 -2.02749e-13 6.06181e-09)
(-1.55602e-19 1.56248e-08 2.12235e-18)
(-6.09255e-09 -1.32126e-12 1.43982e-08)
(1.43886e-08 -1.88457e-13 6.06775e-09)
(-2.80339e-19 1.56241e-08 2.23237e-18)
(-6.09625e-09 -1.08672e-12 1.43961e-08)
(1.43878e-08 -1.74148e-13 6.07285e-09)
(-3.82999e-19 1.56234e-08 2.3293e-18)
(-6.09914e-09 -8.70368e-13 1.43944e-08)
(1.43872e-08 -1.59959e-13 6.07718e-09)
(-4.32122e-19 1.56229e-08 2.41979e-18)
(-6.10128e-09 -6.72129e-13 1.43931e-08)
(1.43868e-08 -1.46089e-13 6.08081e-09)
(-4.20398e-19 1.56223e-08 2.49257e-18)
(-6.10275e-09 -4.91893e-13 1.43921e-08)
(1.43865e-08 -1.32805e-13 6.0838e-09)
(-4.28531e-19 1.56219e-08 2.54881e-18)
(-6.10362e-09 -3.2953e-13 1.43913e-08)
(1.43863e-08 -1.20457e-13 6.08623e-09)
(-4.88534e-19 1.56215e-08 2.62167e-18)
(-6.10394e-09 -1.84905e-13 1.43909e-08)
(1.43862e-08 -1.09459e-13 6.08817e-09)
(-5.07137e-19 1.56211e-08 2.70533e-18)
(-6.10379e-09 -5.7933e-14 1.43907e-08)
(1.43862e-08 -1.0025e-13 6.08967e-09)
(-4.77234e-19 1.56208e-08 2.74278e-18)
(-6.10324e-09 5.12855e-14 1.43906e-08)
(1.43863e-08 -9.31956e-14 6.09082e-09)
(-4.82495e-19 1.56205e-08 2.72504e-18)
(-6.10235e-09 1.42181e-13 1.43908e-08)
(1.43864e-08 -8.85837e-14 6.09167e-09)
(-5.29297e-19 1.56203e-08 2.67791e-18)
(-6.10118e-09 2.13192e-13 1.43911e-08)
(1.43864e-08 -8.69183e-14 6.09229e-09)
(-5.64179e-19 1.56201e-08 2.61671e-18)
(-6.09982e-09 2.60932e-13 1.43916e-08)
(1.43864e-08 -8.81462e-14 6.0927e-09)
(-4.35898e-19 1.56199e-08 2.57535e-18)
(-6.09833e-09 2.79659e-13 1.43922e-08)
(-2.03069e-19 1.56195e-08 2.35363e-18)
(-6.09657e-09 2.63488e-13 1.43929e-08)
(1.5386e-08 -2.93846e-12 1.7085e-10)
(5.42602e-11 1.57475e-08 -2.20604e-11)
(-1.78721e-10 2.5432e-12 1.57353e-08)
(1.53202e-08 -4.38599e-12 3.85537e-10)
(2.55274e-11 1.57148e-08 -5.80192e-11)
(-5.52822e-10 1.02851e-11 1.57659e-08)
(1.53043e-08 -4.15852e-12 6.0809e-10)
(1.37364e-11 1.57199e-08 -7.96745e-11)
(-7.69424e-10 2.02516e-11 1.57724e-08)
(1.52984e-08 -3.40529e-12 8.23685e-10)
(9.80494e-12 1.57185e-08 -9.20619e-11)
(-9.65147e-10 2.86582e-11 1.57583e-08)
(1.52935e-08 -2.62493e-12 1.03245e-09)
(8.57287e-12 1.57176e-08 -9.84654e-11)
(-1.16138e-09 3.47639e-11 1.57392e-08)
(1.52869e-08 -1.94837e-12 1.23524e-09)
(8.5613e-12 1.57174e-08 -1.00975e-10)
(-1.3567e-09 3.88634e-11 1.57181e-08)
(1.52779e-08 -1.40884e-12 1.43232e-09)
(9.11959e-12 1.57168e-08 -1.01079e-10)
(-1.55011e-09 4.13965e-11 1.56949e-08)
(1.52666e-08 -9.9858e-13 1.62385e-09)
(9.88164e-12 1.57158e-08 -9.97716e-11)
(-1.74064e-09 4.27666e-11 1.56697e-08)
(1.52532e-08 -6.93566e-13 1.80999e-09)
(1.06723e-11 1.57146e-08 -9.7671e-11)
(-1.92737e-09 4.33015e-11 1.56429e-08)
(1.5238e-08 -4.68527e-13 1.99085e-09)
(1.14123e-11 1.57133e-08 -9.51502e-11)
(-2.10968e-09 4.3251e-11 1.56145e-08)
(1.52212e-08 -3.0198e-13 2.16651e-09)
(1.20689e-11 1.5712e-08 -9.24276e-11)
(-2.28719e-09 4.27988e-11 1.55847e-08)
(1.5203e-08 -1.77204e-13 2.33706e-09)
(1.26335e-11 1.57106e-08 -8.96264e-11)
(-2.45965e-09 4.20774e-11 1.55539e-08)
(1.51835e-08 -8.18961e-14 2.50256e-09)
(1.31086e-11 1.57091e-08 -8.68138e-11)
(-2.62698e-09 4.11803e-11 1.5522e-08)
(1.5163e-08 -7.33917e-15 2.66307e-09)
(1.35005e-11 1.57076e-08 -8.40246e-11)
(-2.78912e-09 4.01724e-11 1.54894e-08)
(1.51416e-08 5.24927e-14 2.81866e-09)
(1.38167e-11 1.5706e-08 -8.12759e-11)
(-2.9461e-09 3.90979e-11 1.54562e-08)
(1.51194e-08 1.01709e-13 2.96939e-09)
(1.40637e-11 1.57044e-08 -7.85753e-11)
(-3.09796e-09 3.79865e-11 1.54224e-08)
(1.50966e-08 1.43102e-13 3.11535e-09)
(1.42473e-11 1.57028e-08 -7.59257e-11)
(-3.24476e-09 3.68578e-11 1.53883e-08)
(1.50732e-08 1.78578e-13 3.25659e-09)
(1.43724e-11 1.57011e-08 -7.33278e-11)
(-3.38657e-09 3.57247e-11 1.53539e-08)
(1.50495e-08 2.0946e-13 3.39319e-09)
(1.44432e-11 1.56993e-08 -7.07817e-11)
(-3.52348e-09 3.45955e-11 1.53194e-08)
(1.50254e-08 2.36678e-13 3.52522e-09)
(1.44633e-11 1.56976e-08 -6.8287e-11)
(-3.65557e-09 3.34755e-11 1.52849e-08)
(1.50012e-08 2.60905e-13 3.65277e-09)
(1.44363e-11 1.56958e-08 -6.58433e-11)
(-3.78294e-09 3.2368e-11 1.52503e-08)
(1.49769e-08 2.82635e-13 3.77592e-09)
(1.43654e-11 1.56939e-08 -6.34504e-11)
(-3.90569e-09 3.12752e-11 1.5216e-08)
(1.49525e-08 3.02237e-13 3.89474e-09)
(1.42537e-11 1.56921e-08 -6.11081e-11)
(-4.02389e-09 3.01985e-11 1.51818e-08)
(1.49283e-08 3.19987e-13 4.00931e-09)
(1.41043e-11 1.56902e-08 -5.88162e-11)
(-4.13765e-09 2.91388e-11 1.5148e-08)
(1.49041e-08 3.36098e-13 4.11971e-09)
(1.39201e-11 1.56884e-08 -5.65745e-11)
(-4.24707e-09 2.80965e-11 1.51146e-08)
(1.48802e-08 3.5073e-13 4.22604e-09)
(1.37041e-11 1.56865e-08 -5.43828e-11)
(-4.35223e-09 2.70722e-11 1.50816e-08)
(1.48566e-08 3.64006e-13 4.32837e-09)
(1.34591e-11 1.56846e-08 -5.22409e-11)
(-4.45324e-09 2.60661e-11 1.50491e-08)
(1.48333e-08 3.76019e-13 4.42678e-09)
(1.31878e-11 1.56827e-08 -5.01485e-11)
(-4.55019e-09 2.50783e-11 1.50172e-08)
(1.48103e-08 3.86843e-13 4.52135e-09)
(1.28928e-11 1.56808e-08 -4.81054e-11)
(-4.64317e-09 2.4109e-11 1.49859e-08)
(1.47878e-08 3.96535e-13 4.61218e-09)
(1.25766e-11 1.56789e-08 -4.61111e-11)
(-4.73227e-09 2.31584e-11 1.49553e-08)
(1.47658e-08 4.05138e-13 4.69934e-09)
(1.22416e-11 1.5677e-08 -4.41654e-11)
(-4.8176e-09 2.22266e-11 1.49254e-08)
(1.47443e-08 4.12691e-13 4.78292e-09)
(1.18901e-11 1.56751e-08 -4.22677e-11)
(-4.89924e-09 2.13136e-11 1.48962e-08)
(1.47234e-08 4.19224e-13 4.863e-09)
(1.15243e-11 1.56732e-08 -4.04177e-11)
(-4.97728e-09 2.04195e-11 1.48679e-08)
(1.4703e-08 4.24766e-13 4.93966e-09)
(1.11462e-11 1.56713e-08 -3.86149e-11)
(-5.05183e-09 1.95444e-11 1.48403e-08)
(1.46833e-08 4.29342e-13 5.01298e-09)
(1.07579e-11 1.56694e-08 -3.68588e-11)
(-5.12296e-09 1.86882e-11 1.48135e-08)
(1.46641e-08 4.32975e-13 5.08304e-09)
(1.03612e-11 1.56675e-08 -3.5149e-11)
(-5.19076e-09 1.78512e-11 1.47876e-08)
(1.46457e-08 4.35689e-13 5.14993e-09)
(9.95785e-12 1.56657e-08 -3.34849e-11)
(-5.25533e-09 1.70332e-11 1.47626e-08)
(1.46279e-08 4.37506e-13 5.21373e-09)
(9.54953e-12 1.56638e-08 -3.1866e-11)
(-5.31676e-09 1.62343e-11 1.47385e-08)
(1.46108e-08 4.38448e-13 5.27452e-09)
(9.13782e-12 1.5662e-08 -3.02919e-11)
(-5.37512e-09 1.54545e-11 1.47152e-08)
(1.45943e-08 4.38539e-13 5.33237e-09)
(8.72419e-12 1.56602e-08 -2.87619e-11)
(-5.43051e-09 1.46939e-11 1.46929e-08)
(1.45786e-08 4.378e-13 5.38736e-09)
(8.31006e-12 1.56584e-08 -2.72755e-11)
(-5.48302e-09 1.39524e-11 1.46714e-08)
(1.45636e-08 4.36255e-13 5.43959e-09)
(7.89672e-12 1.56567e-08 -2.58323e-11)
(-5.53271e-09 1.32301e-11 1.46509e-08)
(1.45493e-08 4.33925e-13 5.48911e-09)
(7.48543e-12 1.56549e-08 -2.44318e-11)
(-5.57969e-09 1.25268e-11 1.46313e-08)
(1.45356e-08 4.30835e-13 5.53601e-09)
(7.07732e-12 1.56533e-08 -2.30734e-11)
(-5.62402e-09 1.18427e-11 1.46125e-08)
(1.45227e-08 4.27007e-13 5.58037e-09)
(6.67348e-12 1.56516e-08 -2.17566e-11)
(-5.6658e-09 1.11777e-11 1.45947e-08)
(1.45105e-08 4.22465e-13 5.62226e-09)
(6.27493e-12 1.56499e-08 -2.0481e-11)
(-5.7051e-09 1.05318e-11 1.45778e-08)
(1.4499e-08 4.1723e-13 5.66177e-09)
(5.8826e-12 1.56483e-08 -1.92461e-11)
(-5.742e-09 9.90499e-12 1.45617e-08)
(1.44881e-08 4.11327e-13 5.69895e-09)
(5.49736e-12 1.56468e-08 -1.80515e-11)
(-5.77659e-09 9.2972e-12 1.45465e-08)
(1.4478e-08 4.04779e-13 5.73389e-09)
(5.12003e-12 1.56452e-08 -1.68966e-11)
(-5.80893e-09 8.70842e-12 1.45322e-08)
(1.44685e-08 3.97609e-13 5.76667e-09)
(4.75136e-12 1.56437e-08 -1.57811e-11)
(-5.8391e-09 8.13862e-12 1.45187e-08)
(1.44596e-08 3.89839e-13 5.79735e-09)
(4.39204e-12 1.56423e-08 -1.47046e-11)
(-5.86719e-09 7.58778e-12 1.4506e-08)
(1.44514e-08 3.81493e-13 5.82601e-09)
(4.04271e-12 1.56408e-08 -1.36666e-11)
(-5.89327e-09 7.05585e-12 1.44942e-08)
(1.44437e-08 3.72594e-13 5.85272e-09)
(3.70395e-12 1.56394e-08 -1.26669e-11)
(-5.91741e-09 6.54281e-12 1.44831e-08)
(1.44367e-08 3.63165e-13 5.87756e-09)
(3.3763e-12 1.56381e-08 -1.17049e-11)
(-5.93969e-09 6.04862e-12 1.44728e-08)
(1.44303e-08 3.53228e-13 5.90059e-09)
(3.06023e-12 1.56368e-08 -1.07804e-11)
(-5.96017e-09 5.57324e-12 1.44633e-08)
(1.44244e-08 3.42807e-13 5.92189e-09)
(2.7562e-12 1.56355e-08 -9.89308e-12)
(-5.97895e-09 5.11662e-12 1.44544e-08)
(1.4419e-08 3.31923e-13 5.94152e-09)
(2.46459e-12 1.56343e-08 -9.04256e-12)
(-5.99607e-09 4.67874e-12 1.44463e-08)
(1.44142e-08 3.20599e-13 5.95957e-09)
(2.18576e-12 1.56331e-08 -8.22857e-12)
(-6.01163e-09 4.25955e-12 1.44389e-08)
(1.44098e-08 3.08857e-13 5.97609e-09)
(1.92002e-12 1.5632e-08 -7.45083e-12)
(-6.02569e-09 3.85901e-12 1.44321e-08)
(1.44059e-08 2.9672e-13 5.99116e-09)
(1.66766e-12 1.56309e-08 -6.70907e-12)
(-6.03832e-09 3.47708e-12 1.44259e-08)
(1.44025e-08 2.84209e-13 6.00485e-09)
(1.42892e-12 1.56299e-08 -6.00304e-12)
(-6.04958e-09 3.11373e-12 1.44204e-08)
(1.43995e-08 2.71348e-13 6.01723e-09)
(1.20402e-12 1.56289e-08 -5.33251e-12)
(-6.05956e-09 2.7689e-12 1.44154e-08)
(1.43968e-08 2.58161e-13 6.02836e-09)
(9.93141e-13 1.5628e-08 -4.69725e-12)
(-6.06832e-09 2.44255e-12 1.4411e-08)
(1.43946e-08 2.44673e-13 6.03832e-09)
(7.96453e-13 1.56271e-08 -4.09708e-12)
(-6.07593e-09 2.13466e-12 1.44071e-08)
(1.43926e-08 2.30915e-13 6.04716e-09)
(6.14104e-13 1.56263e-08 -3.53182e-12)
(-6.08246e-09 1.84518e-12 1.44037e-08)
(1.4391e-08 2.16924e-13 6.05497e-09)
(4.4623e-13 1.56255e-08 -3.0013e-12)
(-6.08798e-09 1.57406e-12 1.44007e-08)
(1.43897e-08 2.02748e-13 6.06181e-09)
(2.92961e-13 1.56247e-08 -2.5054e-12)
(-6.09255e-09 1.32125e-12 1.43982e-08)
(1.43886e-08 1.88456e-13 6.06775e-09)
(1.54432e-13 1.56241e-08 -2.04402e-12)
(-6.09625e-09 1.08671e-12 1.43961e-08)
(1.43878e-08 1.74146e-13 6.07285e-09)
(3.0782e-14 1.56234e-08 -1.61712e-12)
(-6.09914e-09 8.70364e-13 1.43944e-08)
(1.43872e-08 1.59958e-13 6.07718e-09)
(-7.78585e-14 1.56229e-08 -1.22468e-12)
(-6.10128e-09 6.72125e-13 1.43931e-08)
(1.43868e-08 1.46087e-13 6.08081e-09)
(-1.71394e-13 1.56223e-08 -8.66771e-13)
(-6.10275e-09 4.91888e-13 1.43921e-08)
(1.43865e-08 1.32804e-13 6.0838e-09)
(-2.49842e-13 1.56219e-08 -5.43497e-13)
(-6.10362e-09 3.29525e-13 1.43913e-08)
(1.43863e-08 1.20456e-13 6.08623e-09)
(-3.13485e-13 1.56214e-08 -2.5499e-13)
(-6.10394e-09 1.849e-13 1.43909e-08)
(1.43862e-08 1.09458e-13 6.08817e-09)
(-3.63149e-13 1.56211e-08 -1.328e-15)
(-6.10379e-09 5.79276e-14 1.43907e-08)
(1.43862e-08 1.00249e-13 6.08967e-09)
(-4.0062e-13 1.56208e-08 2.1764e-13)
(-6.10324e-09 -5.1291e-14 1.43906e-08)
(1.43863e-08 9.3194e-14 6.09082e-09)
(-4.29235e-13 1.56205e-08 4.026e-13)
(-6.10235e-09 -1.42186e-13 1.43908e-08)
(1.43864e-08 8.8582e-14 6.09167e-09)
(-4.54482e-13 1.56203e-08 5.55263e-13)
(-6.10118e-09 -2.13198e-13 1.43911e-08)
(1.43864e-08 8.69165e-14 6.09229e-09)
(-4.82676e-13 1.56201e-08 6.80003e-13)
(-6.09982e-09 -2.60938e-13 1.43916e-08)
(1.43864e-08 8.81446e-14 6.0927e-09)
(-5.17093e-13 1.56199e-08 7.85931e-13)
(-6.09833e-09 -2.79664e-13 1.43922e-08)
(-5.64029e-13 1.56195e-08 8.78572e-13)
(-6.09657e-09 -2.63494e-13 1.43929e-08)
(1.53832e-08 -1.08445e-11 1.74677e-10)
(1.22237e-10 1.57668e-08 -4.88556e-11)
(-1.67432e-10 8.8329e-12 1.57359e-08)
(1.53196e-08 -1.49326e-11 3.90948e-10)
(4.79779e-11 1.57352e-08 -1.2493e-10)
(-5.30759e-10 3.49515e-11 1.57607e-08)
(1.53044e-08 -1.3156e-11 6.13012e-10)
(2.32168e-11 1.57309e-08 -1.66045e-10)
(-7.49812e-10 6.71011e-11 1.57677e-08)
(1.52986e-08 -1.00639e-11 8.275e-10)
(1.68495e-11 1.57232e-08 -1.88274e-10)
(-9.51034e-10 9.26558e-11 1.57557e-08)
(1.52937e-08 -7.36514e-12 1.03509e-09)
(1.56441e-11 1.57194e-08 -1.9923e-10)
(-1.152e-09 1.1019e-10 1.57381e-08)
(1.5287e-08 -5.26036e-12 1.23683e-09)
(1.64184e-11 1.57179e-08 -2.03082e-10)
(-1.3509e-09 1.2139e-10 1.57178e-08)
(1.52778e-08 -3.68404e-12 1.43303e-09)
(1.79536e-11 1.57168e-08 -2.0263e-10)
(-1.5469e-09 1.27948e-10 1.56949e-08)
(1.52664e-08 -2.5285e-12 1.6239e-09)
(1.96688e-11 1.57157e-08 -1.99669e-10)
(-1.73926e-09 1.31195e-10 1.56698e-08)
(1.5253e-08 -1.68662e-12 1.80956e-09)
(2.13275e-11 1.57146e-08 -1.95299e-10)
(-1.92727e-09 1.32126e-10 1.56428e-08)
(1.52378e-08 -1.07094e-12 1.99008e-09)
(2.28321e-11 1.57134e-08 -1.90182e-10)
(-2.11044e-09 1.31468e-10 1.56143e-08)
(1.5221e-08 -6.15389e-13 2.16553e-09)
(2.41472e-11 1.57121e-08 -1.84708e-10)
(-2.28852e-09 1.29738e-10 1.55845e-08)
(1.52027e-08 -2.71927e-13 2.33594e-09)
(2.52699e-11 1.57107e-08 -1.79098e-10)
(-2.46136e-09 1.27304e-10 1.55536e-08)
(1.51833e-08 -6.72229e-15 2.50136e-09)
(2.62115e-11 1.57093e-08 -1.73474e-10)
(-2.62891e-09 1.24419e-10 1.55217e-08)
(1.51628e-08 2.03484e-13 2.66183e-09)
(2.69874e-11 1.57078e-08 -1.67899e-10)
(-2.7912e-09 1.21256e-10 1.5489e-08)
(1.51414e-08 3.74453e-13 2.8174e-09)
(2.7613e-11 1.57063e-08 -1.62405e-10)
(-2.94825e-09 1.17931e-10 1.54557e-08)
(1.51193e-08 5.16817e-13 2.96814e-09)
(2.81017e-11 1.57047e-08 -1.57006e-10)
(-3.10014e-09 1.14522e-10 1.5422e-08)
(1.50965e-08 6.37775e-13 3.1141e-09)
(2.84648e-11 1.5703e-08 -1.51708e-10)
(-3.24695e-09 1.11079e-10 1.53878e-08)
(1.50731e-08 7.42266e-13 3.25535e-09)
(2.87116e-11 1.57014e-08 -1.46513e-10)
(-3.38875e-09 1.07636e-10 1.53534e-08)
(1.50494e-08 8.33749e-13 3.39197e-09)
(2.88505e-11 1.56996e-08 -1.41421e-10)
(-3.52564e-09 1.04212e-10 1.53189e-08)
(1.50254e-08 9.147e-13 3.52403e-09)
(2.88885e-11 1.56978e-08 -1.36432e-10)
(-3.65771e-09 1.00822e-10 1.52843e-08)
(1.50012e-08 9.86927e-13 3.65161e-09)
(2.88326e-11 1.5696e-08 -1.31544e-10)
(-3.78505e-09 9.74729e-11 1.52498e-08)
(1.49769e-08 1.05178e-12 3.77477e-09)
(2.86892e-11 1.56942e-08 -1.26758e-10)
(-3.90775e-09 9.41709e-11 1.52154e-08)
(1.49526e-08 1.11028e-12 3.89362e-09)
(2.84644e-11 1.56924e-08 -1.22074e-10)
(-4.02592e-09 9.09192e-11 1.51813e-08)
(1.49284e-08 1.1632e-12 4.00821e-09)
(2.81644e-11 1.56905e-08 -1.1749e-10)
(-4.13965e-09 8.77198e-11 1.51474e-08)
(1.49042e-08 1.21112e-12 4.11864e-09)
(2.77952e-11 1.56886e-08 -1.13007e-10)
(-4.24903e-09 8.45742e-11 1.5114e-08)
(1.48804e-08 1.25449e-12 4.22499e-09)
(2.73623e-11 1.56867e-08 -1.08624e-10)
(-4.35415e-09 8.14834e-11 1.5081e-08)
(1.48567e-08 1.29367e-12 4.32734e-09)
(2.68716e-11 1.56848e-08 -1.04341e-10)
(-4.45512e-09 7.84481e-11 1.50485e-08)
(1.48334e-08 1.32891e-12 4.42578e-09)
(2.63284e-11 1.56829e-08 -1.00157e-10)
(-4.55203e-09 7.54687e-11 1.50166e-08)
(1.48105e-08 1.36042e-12 4.52038e-09)
(2.5738e-11 1.5681e-08 -9.60722e-11)
(-4.64497e-09 7.25457e-11 1.49853e-08)
(1.4788e-08 1.38837e-12 4.61123e-09)
(2.51052e-11 1.56791e-08 -9.20849e-11)
(-4.73404e-09 6.96794e-11 1.49547e-08)
(1.4766e-08 1.41287e-12 4.69842e-09)
(2.44351e-11 1.56771e-08 -8.81949e-11)
(-4.81933e-09 6.687e-11 1.49248e-08)
(1.47446e-08 1.43405e-12 4.78202e-09)
(2.3732e-11 1.56752e-08 -8.44012e-11)
(-4.90093e-09 6.41178e-11 1.48957e-08)
(1.47236e-08 1.45199e-12 4.86212e-09)
(2.30005e-11 1.56733e-08 -8.0703e-11)
(-4.97894e-09 6.14229e-11 1.48673e-08)
(1.47033e-08 1.46679e-12 4.9388e-09)
(2.22445e-11 1.56714e-08 -7.70993e-11)
(-5.05345e-09 5.87855e-11 1.48397e-08)
(1.46835e-08 1.47851e-12 5.01214e-09)
(2.14682e-11 1.56695e-08 -7.35893e-11)
(-5.12454e-09 5.62056e-11 1.4813e-08)
(1.46644e-08 1.48724e-12 5.08223e-09)
(2.06751e-11 1.56676e-08 -7.01718e-11)
(-5.19231e-09 5.36835e-11 1.47871e-08)
(1.46459e-08 1.49305e-12 5.14915e-09)
(1.98688e-11 1.56658e-08 -6.68459e-11)
(-5.25684e-09 5.12191e-11 1.47621e-08)
(1.46281e-08 1.49602e-12 5.21297e-09)
(1.90527e-11 1.56639e-08 -6.36106e-11)
(-5.31823e-09 4.88126e-11 1.47379e-08)
(1.4611e-08 1.49621e-12 5.27377e-09)
(1.82299e-11 1.56621e-08 -6.04647e-11)
(-5.37656e-09 4.64639e-11 1.47147e-08)
(1.45946e-08 1.49369e-12 5.33164e-09)
(1.74033e-11 1.56603e-08 -5.74074e-11)
(-5.43191e-09 4.4173e-11 1.46923e-08)
(1.45788e-08 1.48855e-12 5.38666e-09)
(1.65758e-11 1.56585e-08 -5.44374e-11)
(-5.48438e-09 4.19399e-11 1.46709e-08)
(1.45638e-08 1.48086e-12 5.4389e-09)
(1.57499e-11 1.56568e-08 -5.15538e-11)
(-5.53404e-09 3.97647e-11 1.46504e-08)
(1.45495e-08 1.47068e-12 5.48845e-09)
(1.49282e-11 1.5655e-08 -4.87556e-11)
(-5.58098e-09 3.76473e-11 1.46308e-08)
(1.45359e-08 1.45809e-12 5.53537e-09)
(1.41129e-11 1.56533e-08 -4.60417e-11)
(-5.62528e-09 3.55876e-11 1.4612e-08)
(1.4523e-08 1.44317e-12 5.57975e-09)
(1.33063e-11 1.56517e-08 -4.34111e-11)
(-5.66702e-09 3.35855e-11 1.45942e-08)
(1.45107e-08 1.42599e-12 5.62166e-09)
(1.25102e-11 1.565e-08 -4.0863e-11)
(-5.70628e-09 3.16411e-11 1.45773e-08)
(1.44992e-08 1.40663e-12 5.66118e-09)
(1.17266e-11 1.56484e-08 -3.83962e-11)
(-5.74315e-09 2.97542e-11 1.45613e-08)
(1.44884e-08 1.38516e-12 5.69839e-09)
(1.09572e-11 1.56468e-08 -3.601e-11)
(-5.7777e-09 2.79247e-11 1.45461e-08)
(1.44782e-08 1.36165e-12 5.73335e-09)
(1.02037e-11 1.56453e-08 -3.37034e-11)
(-5.81e-09 2.61526e-11 1.45318e-08)
(1.44687e-08 1.33618e-12 5.76614e-09)
(9.46757e-12 1.56438e-08 -3.14755e-11)
(-5.84014e-09 2.44377e-11 1.45183e-08)
(1.44598e-08 1.30882e-12 5.79684e-09)
(8.75013e-12 1.56423e-08 -2.93256e-11)
(-5.8682e-09 2.27799e-11 1.45056e-08)
(1.44516e-08 1.27964e-12 5.82552e-09)
(8.05269e-12 1.56409e-08 -2.72528e-11)
(-5.89424e-09 2.11792e-11 1.44938e-08)
(1.44439e-08 1.24872e-12 5.85225e-09)
(7.3764e-12 1.56395e-08 -2.52564e-11)
(-5.91834e-09 1.96353e-11 1.44827e-08)
(1.44369e-08 1.21614e-12 5.87711e-09)
(6.72233e-12 1.56381e-08 -2.33356e-11)
(-5.94059e-09 1.81482e-11 1.44725e-08)
(1.44304e-08 1.18195e-12 5.90016e-09)
(6.09144e-12 1.56368e-08 -2.14897e-11)
(-5.96104e-09 1.67178e-11 1.44629e-08)
(1.44245e-08 1.14624e-12 5.92147e-09)
(5.48461e-12 1.56356e-08 -1.97181e-11)
(-5.97978e-09 1.53439e-11 1.44541e-08)
(1.44192e-08 1.10908e-12 5.94113e-09)
(4.90263e-12 1.56343e-08 -1.802e-11)
(-5.99687e-09 1.40264e-11 1.4446e-08)
(1.44143e-08 1.07054e-12 5.95919e-09)
(4.3462e-12 1.56332e-08 -1.63951e-11)
(-6.01239e-09 1.27652e-11 1.44386e-08)
(1.441e-08 1.03068e-12 5.97573e-09)
(3.81596e-12 1.5632e-08 -1.48425e-11)
(-6.02642e-09 1.15601e-11 1.44318e-08)
(1.44061e-08 9.89578e-13 5.99082e-09)
(3.31244e-12 1.5631e-08 -1.33619e-11)
(-6.03901e-09 1.04111e-11 1.44257e-08)
(1.44026e-08 9.47305e-13 6.00452e-09)
(2.83615e-12 1.56299e-08 -1.19527e-11)
(-6.05025e-09 9.31788e-12 1.44201e-08)
(1.43996e-08 9.03929e-13 6.01692e-09)
(2.38751e-12 1.56289e-08 -1.06144e-11)
(-6.06019e-09 8.28045e-12 1.44152e-08)
(1.43969e-08 8.59523e-13 6.02806e-09)
(1.96688e-12 1.5628e-08 -9.34666e-12)
(-6.06892e-09 7.29865e-12 1.44107e-08)
(1.43947e-08 8.14164e-13 6.03804e-09)
(1.5746e-12 1.56271e-08 -8.14898e-12)
(-6.07649e-09 6.37235e-12 1.44069e-08)
(1.43927e-08 7.67938e-13 6.0469e-09)
(1.21094e-12 1.56263e-08 -7.02103e-12)
(-6.08299e-09 5.50143e-12 1.44035e-08)
(1.43911e-08 7.20946e-13 6.05473e-09)
(8.76179e-13 1.56255e-08 -5.96248e-12)
(-6.08847e-09 4.68575e-12 1.44005e-08)
(1.43898e-08 6.7332e-13 6.06158e-09)
(5.70549e-13 1.56247e-08 -4.97307e-12)
(-6.09301e-09 3.92519e-12 1.43981e-08)
(1.43887e-08 6.25241e-13 6.06754e-09)
(2.94301e-13 1.56241e-08 -4.05257e-12)
(-6.09668e-09 3.2196e-12 1.4396e-08)
(1.43879e-08 5.76968e-13 6.07265e-09)
(4.76859e-14 1.56234e-08 -3.20086e-12)
(-6.09953e-09 2.56878e-12 1.43943e-08)
(1.43873e-08 5.28879e-13 6.077e-09)
(-1.69053e-13 1.56228e-08 -2.41789e-12)
(-6.10164e-09 1.97252e-12 1.4393e-08)
(1.43868e-08 4.81527e-13 6.08064e-09)
(-3.55729e-13 1.56223e-08 -1.70375e-12)
(-6.10308e-09 1.43053e-12 1.4392e-08)
(1.43865e-08 4.35696e-13 6.08365e-09)
(-5.12345e-13 1.56218e-08 -1.05858e-12)
(-6.10391e-09 9.42424e-13 1.43912e-08)
(1.43863e-08 3.92468e-13 6.0861e-09)
(-6.39377e-13 1.56214e-08 -4.82646e-13)
(-6.1042e-09 5.07742e-13 1.43908e-08)
(1.43863e-08 3.53232e-13 6.08805e-09)
(-7.38321e-13 1.56211e-08 2.38517e-14)
(-6.10402e-09 1.2604e-13 1.43906e-08)
(1.43863e-08 3.19602e-13 6.08956e-09)
(-8.12617e-13 1.56208e-08 4.61005e-13)
(-6.10343e-09 -2.02822e-13 1.43906e-08)
(1.43863e-08 2.93096e-13 6.09072e-09)
(-8.69046e-13 1.56205e-08 8.29738e-13)
(-6.10251e-09 -4.77948e-13 1.43908e-08)
(1.43864e-08 2.75039e-13 6.09158e-09)
(-9.19633e-13 1.56203e-08 1.1327e-12)
(-6.10131e-09 -6.95775e-13 1.43911e-08)
(1.43865e-08 2.67705e-13 6.0922e-09)
(-9.80116e-13 1.56201e-08 1.37775e-12)
(-6.0999e-09 -8.46795e-13 1.43916e-08)
(1.43865e-08 2.71791e-13 6.09261e-09)
(-1.0565e-12 1.56199e-08 1.58653e-12)
(-6.09835e-09 -9.11811e-13 1.43922e-08)
(-1.15013e-12 1.56194e-08 1.77989e-12)
(-6.09651e-09 -8.67005e-13 1.43929e-08)
(1.53659e-08 -2.95306e-11 1.8822e-10)
(2.25621e-10 1.58067e-08 -8.82097e-11)
(-1.31629e-10 2.72197e-11 1.57384e-08)
(1.53112e-08 -2.77919e-11 4.05252e-10)
(5.87133e-11 1.57522e-08 -2.13546e-10)
(-4.81072e-10 8.78126e-11 1.57441e-08)
(1.53025e-08 -2.00991e-11 6.24284e-10)
(2.06402e-11 1.57368e-08 -2.65798e-10)
(-7.1196e-10 1.44006e-10 1.57559e-08)
(1.52985e-08 -1.38092e-11 8.35346e-10)
(1.86035e-11 1.57258e-08 -2.90925e-10)
(-9.25997e-10 1.81713e-10 1.57499e-08)
(1.52936e-08 -9.42419e-12 1.03991e-09)
(2.07676e-11 1.57212e-08 -3.02787e-10)
(-1.13628e-09 2.05097e-10 1.57351e-08)
(1.52865e-08 -6.33795e-12 1.23919e-09)
(2.35828e-11 1.57196e-08 -3.06178e-10)
(-1.34176e-09 2.18739e-10 1.57158e-08)
(1.52772e-08 -4.16718e-12 1.43354e-09)
(2.65525e-11 1.57187e-08 -3.04295e-10)
(-1.54234e-09 2.25677e-10 1.56931e-08)
(1.52656e-08 -2.63497e-12 1.62307e-09)
(2.93758e-11 1.57178e-08 -2.99282e-10)
(-1.73783e-09 2.28039e-10 1.56679e-08)
(1.52522e-08 -1.53705e-12 1.80782e-09)
(3.19406e-11 1.57169e-08 -2.92481e-10)
(-1.92795e-09 2.27324e-10 1.56408e-08)
(1.52369e-08 -7.32874e-13 1.98774e-09)
(3.4204e-11 1.57158e-08 -2.84721e-10)
(-2.11252e-09 2.24574e-10 1.56122e-08)
(1.52202e-08 -1.27598e-13 2.16281e-09)
(3.61579e-11 1.57146e-08 -2.76498e-10)
(-2.2915e-09 2.20504e-10 1.55823e-08)
(1.5202e-08 3.42017e-13 2.33299e-09)
(3.78174e-11 1.57133e-08 -2.681e-10)
(-2.4649e-09 2.15599e-10 1.55512e-08)
(1.51827e-08 7.17548e-13 2.49829e-09)
(3.92071e-11 1.57119e-08 -2.59689e-10)
(-2.6328e-09 2.10186e-10 1.55193e-08)
(1.51623e-08 1.02614e-12 2.65871e-09)
(4.03528e-11 1.57104e-08 -2.51351e-10)
(-2.79527e-09 2.04482e-10 1.54866e-08)
(1.5141e-08 1.28558e-12 2.81427e-09)
(4.12776e-11 1.57088e-08 -2.43129e-10)
(-2.95242e-09 1.98627e-10 1.54533e-08)
(1.51189e-08 1.50774e-12 2.96503e-09)
(4.20009e-11 1.57071e-08 -2.35047e-10)
(-3.10434e-09 1.92713e-10 1.54196e-08)
(1.50962e-08 1.7007e-12 3.11102e-09)
(4.25386e-11 1.57054e-08 -2.27112e-10)
(-3.25113e-09 1.86797e-10 1.53854e-08)
(1.50729e-08 1.87019e-12 3.25232e-09)
(4.29041e-11 1.57036e-08 -2.19329e-10)
(-3.3929e-09 1.80916e-10 1.53511e-08)
(1.50493e-08 2.02039e-12 3.38899e-09)
(4.31091e-11 1.57018e-08 -2.11698e-10)
(-3.52974e-09 1.75093e-10 1.53166e-08)
(1.50254e-08 2.1544e-12 3.52111e-09)
(4.31642e-11 1.56999e-08 -2.04221e-10)
(-3.66175e-09 1.69342e-10 1.5282e-08)
(1.50012e-08 2.27463e-12 3.64874e-09)
(4.3079e-11 1.5698e-08 -1.96896e-10)
(-3.78902e-09 1.63672e-10 1.52476e-08)
(1.4977e-08 2.3829e-12 3.77196e-09)
(4.28632e-11 1.56961e-08 -1.89723e-10)
(-3.91166e-09 1.58089e-10 1.52132e-08)
(1.49527e-08 2.48062e-12 3.89087e-09)
(4.2526e-11 1.56942e-08 -1.82702e-10)
(-4.02976e-09 1.52595e-10 1.51791e-08)
(1.49285e-08 2.56889e-12 4.00552e-09)
(4.20763e-11 1.56922e-08 -1.75833e-10)
(-4.14342e-09 1.47194e-10 1.51453e-08)
(1.49045e-08 2.64855e-12 4.11601e-09)
(4.15231e-11 1.56903e-08 -1.69114e-10)
(-4.25273e-09 1.41887e-10 1.51119e-08)
(1.48806e-08 2.72025e-12 4.22242e-09)
(4.08748e-11 1.56883e-08 -1.62547e-10)
(-4.35779e-09 1.36674e-10 1.5079e-08)
(1.4857e-08 2.78448e-12 4.32483e-09)
(4.014e-11 1.56863e-08 -1.56129e-10)
(-4.45869e-09 1.31557e-10 1.50465e-08)
(1.48338e-08 2.84161e-12 4.42333e-09)
(3.93268e-11 1.56843e-08 -1.4986e-10)
(-4.55552e-09 1.26536e-10 1.50147e-08)
(1.48109e-08 2.89197e-12 4.51799e-09)
(3.84428e-11 1.56824e-08 -1.43739e-10)
(-4.6484e-09 1.21612e-10 1.49834e-08)
(1.47885e-08 2.93579e-12 4.6089e-09)
(3.74958e-11 1.56804e-08 -1.37765e-10)
(-4.7374e-09 1.16785e-10 1.49529e-08)
(1.47665e-08 2.97327e-12 4.69614e-09)
(3.64927e-11 1.56784e-08 -1.31937e-10)
(-4.82262e-09 1.12055e-10 1.4923e-08)
(1.4745e-08 3.00461e-12 4.7798e-09)
(3.54405e-11 1.56764e-08 -1.26254e-10)
(-4.90415e-09 1.07423e-10 1.48939e-08)
(1.47241e-08 3.02994e-12 4.85996e-09)
(3.43457e-11 1.56745e-08 -1.20714e-10)
(-4.98209e-09 1.02889e-10 1.48655e-08)
(1.47038e-08 3.04944e-12 4.9367e-09)
(3.32146e-11 1.56725e-08 -1.15316e-10)
(-5.05652e-09 9.8452e-11 1.4838e-08)
(1.4684e-08 3.06323e-12 5.0101e-09)
(3.20529e-11 1.56706e-08 -1.10059e-10)
(-5.12755e-09 9.41133e-11 1.48113e-08)
(1.46649e-08 3.07147e-12 5.08024e-09)
(3.08663e-11 1.56686e-08 -1.04941e-10)
(-5.19525e-09 8.98727e-11 1.47855e-08)
(1.46465e-08 3.07429e-12 5.14721e-09)
(2.966e-11 1.56667e-08 -9.99604e-11)
(-5.25972e-09 8.57301e-11 1.47605e-08)
(1.46287e-08 3.07183e-12 5.21108e-09)
(2.84391e-11 1.56648e-08 -9.51156e-11)
(-5.32104e-09 8.16857e-11 1.47364e-08)
(1.46116e-08 3.06423e-12 5.27194e-09)
(2.72083e-11 1.5663e-08 -9.04052e-11)
(-5.3793e-09 7.77392e-11 1.47132e-08)
(1.45952e-08 3.05164e-12 5.32987e-09)
(2.59719e-11 1.56611e-08 -8.58275e-11)
(-5.43458e-09 7.38908e-11 1.46909e-08)
(1.45794e-08 3.03418e-12 5.38494e-09)
(2.47342e-11 1.56593e-08 -8.13809e-11)
(-5.48698e-09 7.01402e-11 1.46695e-08)
(1.45644e-08 3.01201e-12 5.43723e-09)
(2.3499e-11 1.56575e-08 -7.7064e-11)
(-5.53657e-09 6.64875e-11 1.4649e-08)
(1.45501e-08 2.98526e-12 5.48682e-09)
(2.22702e-11 1.56557e-08 -7.28752e-11)
(-5.58345e-09 6.29324e-11 1.46294e-08)
(1.45365e-08 2.95407e-12 5.5338e-09)
(2.1051e-11 1.5654e-08 -6.88129e-11)
(-5.62768e-09 5.94749e-11 1.46108e-08)
(1.45235e-08 2.91859e-12 5.57822e-09)
(1.98448e-11 1.56523e-08 -6.48756e-11)
(-5.66935e-09 5.61147e-11 1.4593e-08)
(1.45113e-08 2.87896e-12 5.62019e-09)
(1.86546e-11 1.56506e-08 -6.10618e-11)
(-5.70855e-09 5.28517e-11 1.45761e-08)
(1.44998e-08 2.83531e-12 5.65975e-09)
(1.74831e-11 1.5649e-08 -5.73702e-11)
(-5.74535e-09 4.96858e-11 1.45601e-08)
(1.44889e-08 2.78779e-12 5.697e-09)
(1.63329e-11 1.56473e-08 -5.37993e-11)
(-5.77983e-09 4.66166e-11 1.4545e-08)
(1.44787e-08 2.73654e-12 5.73201e-09)
(1.52066e-11 1.56458e-08 -5.03478e-11)
(-5.81207e-09 4.36441e-11 1.45307e-08)
(1.44692e-08 2.68169e-12 5.76485e-09)
(1.41062e-11 1.56442e-08 -4.70144e-11)
(-5.84215e-09 4.07679e-11 1.45173e-08)
(1.44603e-08 2.62339e-12 5.7956e-09)
(1.3034e-11 1.56427e-08 -4.37978e-11)
(-5.87014e-09 3.7988e-11 1.45046e-08)
(1.44521e-08 2.56176e-12 5.82432e-09)
(1.19917e-11 1.56413e-08 -4.06968e-11)
(-5.89611e-09 3.53039e-11 1.44928e-08)
(1.44444e-08 2.49696e-12 5.8511e-09)
(1.09811e-11 1.56399e-08 -3.77103e-11)
(-5.92015e-09 3.27156e-11 1.44818e-08)
(1.44374e-08 2.4291e-12 5.876e-09)
(1.00038e-11 1.56385e-08 -3.4837e-11)
(-5.94233e-09 3.02227e-11 1.44716e-08)
(1.44309e-08 2.35833e-12 5.89909e-09)
(9.06122e-12 1.56372e-08 -3.20761e-11)
(-5.96272e-09 2.7825e-11 1.44621e-08)
(1.4425e-08 2.28478e-12 5.92045e-09)
(8.15469e-12 1.56359e-08 -2.94264e-11)
(-5.98139e-09 2.55223e-11 1.44533e-08)
(1.44196e-08 2.20859e-12 5.94015e-09)
(7.28538e-12 1.56347e-08 -2.68871e-11)
(-5.99842e-09 2.33143e-11 1.44452e-08)
(1.44147e-08 2.12987e-12 5.95825e-09)
(6.45434e-12 1.56335e-08 -2.44571e-11)
(-6.01388e-09 2.12008e-11 1.44379e-08)
(1.44103e-08 2.04877e-12 5.97483e-09)
(5.66249e-12 1.56323e-08 -2.21356e-11)
(-6.02783e-09 1.91815e-11 1.44311e-08)
(1.44064e-08 1.96541e-12 5.98997e-09)
(4.91067e-12 1.56312e-08 -1.99219e-11)
(-6.04036e-09 1.72562e-11 1.4425e-08)
(1.44029e-08 1.87991e-12 6.00371e-09)
(4.19959e-12 1.56302e-08 -1.7815e-11)
(-6.05153e-09 1.54246e-11 1.44195e-08)
(1.43999e-08 1.79241e-12 6.01615e-09)
(3.52989e-12 1.56292e-08 -1.58145e-11)
(-6.06141e-09 1.36865e-11 1.44146e-08)
(1.43972e-08 1.70302e-12 6.02734e-09)
(2.90212e-12 1.56282e-08 -1.39194e-11)
(-6.07008e-09 1.20417e-11 1.44102e-08)
(1.43949e-08 1.61188e-12 6.03735e-09)
(2.31674e-12 1.56273e-08 -1.21294e-11)
(-6.07759e-09 1.04899e-11 1.44064e-08)
(1.4393e-08 1.51912e-12 6.04626e-09)
(1.77416e-12 1.56264e-08 -1.04437e-11)
(-6.08402e-09 9.03083e-12 1.4403e-08)
(1.43913e-08 1.42487e-12 6.05413e-09)
(1.27475e-12 1.56256e-08 -8.86181e-12)
(-6.08944e-09 7.66439e-12 1.44001e-08)
(1.439e-08 1.32933e-12 6.06103e-09)
(8.18853e-13 1.56249e-08 -7.3834e-12)
(-6.09391e-09 6.39032e-12 1.43977e-08)
(1.43889e-08 1.23269e-12 6.06702e-09)
(4.06781e-13 1.56242e-08 -6.00807e-12)
(-6.09751e-09 5.2084e-12 1.43956e-08)
(1.4388e-08 1.13529e-12 6.07217e-09)
(3.88562e-14 1.56236e-08 -4.73555e-12)
(-6.1003e-09 4.11839e-12 1.4394e-08)
(1.43874e-08 1.03759e-12 6.07656e-09)
(-2.8461e-13 1.5623e-08 -3.5657e-12)
(-6.10234e-09 3.12002e-12 1.43927e-08)
(1.43869e-08 9.40318e-13 6.08025e-09)
(-5.63378e-13 1.56224e-08 -2.4985e-12)
(-6.10372e-09 2.21291e-12 1.43917e-08)
(1.43866e-08 8.44616e-13 6.0833e-09)
(-7.97432e-13 1.56219e-08 -1.5341e-12)
(-6.10449e-09 1.39654e-12 1.4391e-08)
(1.43864e-08 7.52221e-13 6.08578e-09)
(-9.87321e-13 1.56215e-08 -6.72732e-13)
(-6.10471e-09 6.7014e-13 1.43906e-08)
(1.43863e-08 6.6572e-13 6.08776e-09)
(-1.13491e-12 1.56211e-08 8.52851e-14)
(-6.10447e-09 3.26359e-14 1.43904e-08)
(1.43863e-08 5.88777e-13 6.08932e-09)
(-1.2448e-12 1.56208e-08 7.3981e-13)
(-6.10382e-09 -5.17269e-13 1.43905e-08)
(1.43864e-08 5.25954e-13 6.0905e-09)
(-1.32704e-12 1.56205e-08 1.29126e-12)
(-6.10282e-09 -9.80575e-13 1.43907e-08)
(1.43865e-08 4.81602e-13 6.09138e-09)
(-1.40254e-12 1.56203e-08 1.74108e-12)
(-6.10156e-09 -1.35614e-12 1.4391e-08)
(1.43866e-08 4.59236e-13 6.09202e-09)
(-1.50353e-12 1.56201e-08 2.09779e-12)
(-6.10007e-09 -1.63493e-12 1.43915e-08)
(1.43866e-08 4.59732e-13 6.09243e-09)
(-1.63016e-12 1.56199e-08 2.40654e-12)
(-6.0984e-09 -1.7865e-12 1.43922e-08)
(-1.72387e-12 1.56193e-08 2.74551e-12)
(-6.09638e-09 -1.74077e-12 1.4393e-08)
(1.53257e-08 -1.17635e-10 2.49062e-10)
(-8.56122e-12 9.67036e-11 1.57742e-08)
(1.53088e-08 -2.82686e-11 4.35634e-10)
(-4.09522e-10 2.33632e-10 1.5706e-08)
(1.53057e-08 -8.62334e-12 6.42025e-10)
(-6.71876e-10 2.90937e-10 1.57516e-08)
(1.53011e-08 -5.63172e-12 8.4581e-10)
(-9.01963e-10 3.18644e-10 1.57502e-08)
(1.52957e-08 -3.72957e-12 1.04493e-09)
(-1.12258e-09 3.33553e-10 1.57337e-08)
(1.52882e-08 -2.03106e-12 1.24025e-09)
(-1.33522e-09 3.40018e-10 1.57128e-08)
(1.52785e-08 -7.17618e-13 1.43188e-09)
(-1.54067e-09 3.40616e-10 1.56891e-08)
(1.52669e-08 2.74953e-13 1.61963e-09)
(-1.73935e-09 3.37342e-10 1.56632e-08)
(1.52533e-08 1.04463e-12 1.80325e-09)
(-1.9315e-09 3.31619e-10 1.56357e-08)
(1.52381e-08 1.67039e-12 1.98251e-09)
(-2.11732e-09 3.24409e-10 1.56068e-08)
(1.52214e-08 2.20369e-12 2.1572e-09)
(-2.29705e-09 3.16338e-10 1.55766e-08)
(1.52033e-08 2.67298e-12 2.3272e-09)
(-2.47086e-09 3.07803e-10 1.55456e-08)
(1.5184e-08 3.0927e-12 2.49243e-09)
(-2.63897e-09 2.99051e-10 1.55136e-08)
(1.51636e-08 3.47022e-12 2.65285e-09)
(-2.80152e-09 2.90228e-10 1.5481e-08)
(1.51423e-08 3.80977e-12 2.80846e-09)
(-2.95866e-09 2.81425e-10 1.54478e-08)
(1.51203e-08 4.11446e-12 2.95928e-09)
(-3.11053e-09 2.72692e-10 1.54141e-08)
(1.50976e-08 4.38711e-12 3.10537e-09)
(-3.25725e-09 2.64061e-10 1.53801e-08)
(1.50744e-08 4.63047e-12 3.24676e-09)
(-3.39893e-09 2.55547e-10 1.53459e-08)
(1.50508e-08 4.84724e-12 3.38353e-09)
(-3.53567e-09 2.47161e-10 1.53115e-08)
(1.50269e-08 5.03995e-12 3.51575e-09)
(-3.66757e-09 2.38908e-10 1.52771e-08)
(1.50028e-08 5.21087e-12 3.64348e-09)
(-3.79474e-09 2.3079e-10 1.52428e-08)
(1.49786e-08 5.36196e-12 3.76681e-09)
(-3.91728e-09 2.22811e-10 1.52085e-08)
(1.49544e-08 5.49491e-12 3.88582e-09)
(-4.03527e-09 2.1497e-10 1.51746e-08)
(1.49302e-08 5.61112e-12 4.00058e-09)
(-4.14882e-09 2.07269e-10 1.51409e-08)
(1.49061e-08 5.71172e-12 4.11117e-09)
(-4.25803e-09 1.99709e-10 1.51076e-08)
(1.48823e-08 5.79768e-12 4.21768e-09)
(-4.36298e-09 1.92289e-10 1.50748e-08)
(1.48587e-08 5.8698e-12 4.3202e-09)
(-4.46377e-09 1.85011e-10 1.50424e-08)
(1.48355e-08 5.92875e-12 4.4188e-09)
(-4.56051e-09 1.77874e-10 1.50107e-08)
(1.48126e-08 5.97512e-12 4.51356e-09)
(-4.65328e-09 1.70879e-10 1.49796e-08)
(1.47902e-08 6.00947e-12 4.60457e-09)
(-4.74218e-09 1.64026e-10 1.49491e-08)
(1.47682e-08 6.03226e-12 4.69192e-09)
(-4.8273e-09 1.57316e-10 1.49193e-08)
(1.47467e-08 6.04396e-12 4.77568e-09)
(-4.90873e-09 1.50747e-10 1.48903e-08)
(1.47258e-08 6.045e-12 4.85593e-09)
(-4.98657e-09 1.44321e-10 1.48621e-08)
(1.47054e-08 6.03581e-12 4.93277e-09)
(-5.06091e-09 1.38037e-10 1.48346e-08)
(1.46857e-08 6.01679e-12 5.00627e-09)
(-5.13184e-09 1.31895e-10 1.4808e-08)
(1.46666e-08 5.98834e-12 5.07651e-09)
(-5.19944e-09 1.25894e-10 1.47823e-08)
(1.46481e-08 5.95084e-12 5.14357e-09)
(-5.26381e-09 1.20036e-10 1.47574e-08)
(1.46303e-08 5.90469e-12 5.20754e-09)
(-5.32504e-09 1.14319e-10 1.47334e-08)
(1.46131e-08 5.85024e-12 5.26849e-09)
(-5.3832e-09 1.08744e-10 1.47103e-08)
(1.45967e-08 5.78787e-12 5.32651e-09)
(-5.43839e-09 1.03309e-10 1.46881e-08)
(1.45809e-08 5.71792e-12 5.38168e-09)
(-5.4907e-09 9.80152e-11 1.46668e-08)
(1.45659e-08 5.64074e-12 5.43406e-09)
(-5.5402e-09 9.28617e-11 1.46464e-08)
(1.45515e-08 5.55665e-12 5.48375e-09)
(-5.58697e-09 8.78482e-11 1.46269e-08)
(1.45379e-08 5.466e-12 5.53081e-09)
(-5.63111e-09 8.29742e-11 1.46083e-08)
(1.45249e-08 5.36909e-12 5.57533e-09)
(-5.67269e-09 7.82395e-11 1.45906e-08)
(1.45126e-08 5.26623e-12 5.61738e-09)
(-5.7118e-09 7.36437e-11 1.45738e-08)
(1.45011e-08 5.15772e-12 5.65704e-09)
(-5.7485e-09 6.91862e-11 1.45579e-08)
(1.44902e-08 5.04385e-12 5.69437e-09)
(-5.78289e-09 6.48667e-11 1.45429e-08)
(1.44799e-08 4.9249e-12 5.72947e-09)
(-5.81504e-09 6.06848e-11 1.45287e-08)
(1.44704e-08 4.80116e-12 5.7624e-09)
(-5.84502e-09 5.66399e-11 1.45153e-08)
(1.44614e-08 4.67287e-12 5.79323e-09)
(-5.87292e-09 5.27317e-11 1.45028e-08)
(1.44531e-08 4.5403e-12 5.82204e-09)
(-5.8988e-09 4.89596e-11 1.44911e-08)
(1.44455e-08 4.4037e-12 5.8489e-09)
(-5.92275e-09 4.53234e-11 1.44801e-08)
(1.44384e-08 4.26332e-12 5.87388e-09)
(-5.94483e-09 4.18223e-11 1.447e-08)
(1.44319e-08 4.11938e-12 5.89705e-09)
(-5.96513e-09 3.84561e-11 1.44605e-08)
(1.44259e-08 3.97212e-12 5.9185e-09)
(-5.98371e-09 3.52243e-11 1.44518e-08)
(1.44205e-08 3.82175e-12 5.93828e-09)
(-6.00064e-09 3.21264e-11 1.44438e-08)
(1.44155e-08 3.66849e-12 5.95646e-09)
(-6.01601e-09 2.91619e-11 1.44365e-08)
(1.44111e-08 3.51256e-12 5.97313e-09)
(-6.02987e-09 2.63304e-11 1.44299e-08)
(1.44072e-08 3.35414e-12 5.98834e-09)
(-6.04231e-09 2.36315e-11 1.44238e-08)
(1.44036e-08 3.19343e-12 6.00217e-09)
(-6.05339e-09 2.10647e-11 1.44184e-08)
(1.44005e-08 3.03062e-12 6.01469e-09)
(-6.06317e-09 1.86297e-11 1.44135e-08)
(1.43978e-08 2.86588e-12 6.02596e-09)
(-6.07174e-09 1.63259e-11 1.44092e-08)
(1.43955e-08 2.69938e-12 6.03605e-09)
(-6.07916e-09 1.4153e-11 1.44054e-08)
(1.43935e-08 2.53128e-12 6.04504e-09)
(-6.0855e-09 1.21106e-11 1.44022e-08)
(1.43918e-08 2.3617e-12 6.05299e-09)
(-6.09082e-09 1.01984e-11 1.43993e-08)
(1.43904e-08 2.19079e-12 6.05996e-09)
(-6.0952e-09 8.41605e-12 1.43969e-08)
(1.43893e-08 2.01868e-12 6.06603e-09)
(-6.09871e-09 6.76332e-12 1.4395e-08)
(1.43884e-08 1.84553e-12 6.07127e-09)
(-6.1014e-09 5.23998e-12 1.43934e-08)
(1.43877e-08 1.67159e-12 6.07573e-09)
(-6.10336e-09 3.84588e-12 1.43921e-08)
(1.43872e-08 1.49732e-12 6.0795e-09)
(-6.10464e-09 2.58082e-12 1.43912e-08)
(1.43869e-08 1.32362e-12 6.08263e-09)
(-6.10531e-09 1.44456e-12 1.43906e-08)
(1.43866e-08 1.15223e-12 6.08519e-09)
(-6.10544e-09 4.36565e-13 1.43903e-08)
(1.43865e-08 9.86603e-13 6.08725e-09)
(-6.1051e-09 -4.44353e-13 1.43901e-08)
(1.43865e-08 8.33531e-13 6.08887e-09)
(-6.10436e-09 -1.20079e-12 1.43902e-08)
(1.43865e-08 7.06683e-13 6.09013e-09)
(-6.10328e-09 -1.83812e-12 1.43904e-08)
(1.43866e-08 6.27977e-13 6.09106e-09)
(-6.10191e-09 -2.36675e-12 1.43908e-08)
(1.43868e-08 5.98642e-13 6.09174e-09)
(-6.10033e-09 -2.80587e-12 1.43913e-08)
(1.43868e-08 5.51974e-13 6.09217e-09)
(-6.09859e-09 -3.17657e-12 1.43921e-08)
(-6.09632e-09 -3.3736e-12 1.4393e-08)
(1.5541e-08 1.00336e-11 2.42626e-10)
(-3.21507e-11 1.56607e-08 1.06024e-10)
(5.53252e-11 -1.04075e-10 1.55945e-08)
(1.55241e-08 -8.60275e-12 4.11048e-10)
(5.23141e-12 1.56398e-08 2.43719e-10)
(-3.84185e-10 -2.44546e-10 1.56538e-08)
(1.55136e-08 -7.53451e-12 6.19175e-10)
(3.82558e-12 1.563e-08 2.83982e-10)
(-6.60652e-10 -2.95382e-10 1.56469e-08)
(1.55034e-08 -2.59628e-12 8.29276e-10)
(-6.89001e-12 1.56234e-08 2.96468e-10)
(-8.95595e-10 -3.16944e-10 1.56399e-08)
(1.54926e-08 1.22503e-12 1.03391e-09)
(-1.65307e-11 1.56203e-08 3.00388e-10)
(-1.11835e-09 -3.28099e-10 1.56278e-08)
(1.54804e-08 3.72397e-12 1.23357e-09)
(-2.4122e-11 1.56194e-08 2.9932e-10)
(-1.33163e-09 -3.32377e-10 1.56107e-08)
(1.54664e-08 5.23105e-12 1.42867e-09)
(-2.99524e-11 1.56196e-08 2.94968e-10)
(-1.53685e-09 -3.31698e-10 1.55902e-08)
(1.54505e-08 6.01825e-12 1.61926e-09)
(-3.43813e-11 1.56205e-08 2.88609e-10)
(-1.73484e-09 -3.27732e-10 1.5567e-08)
(1.54326e-08 6.30479e-12 1.80528e-09)
(-3.77545e-11 1.56216e-08 2.81135e-10)
(-1.92607e-09 -3.21718e-10 1.5542e-08)
(1.5413e-08 6.26004e-12 1.98657e-09)
(-4.03494e-11 1.56228e-08 2.73125e-10)
(-2.11091e-09 -3.14494e-10 1.55155e-08)
(1.53918e-08 6.00925e-12 2.16301e-09)
(-4.23706e-11 1.56241e-08 2.64927e-10)
(-2.28965e-09 -3.06594e-10 1.54878e-08)
(1.53691e-08 5.64149e-12 2.33453e-09)
(-4.39635e-11 1.56252e-08 2.56729e-10)
(-2.46256e-09 -2.98349e-10 1.54591e-08)
(1.53452e-08 5.2171e-12 2.50106e-09)
(-4.52275e-11 1.56263e-08 2.48626e-10)
(-2.62984e-09 -2.89957e-10 1.54296e-08)
(1.53202e-08 4.77462e-12 2.6626e-09)
(-4.62285e-11 1.56273e-08 2.40659e-10)
(-2.79167e-09 -2.81534e-10 1.53995e-08)
(1.52944e-08 4.33709e-12 2.81917e-09)
(-4.70091e-11 1.56282e-08 2.3284e-10)
(-2.94819e-09 -2.73146e-10 1.53687e-08)
(1.52677e-08 3.91701e-12 2.97082e-09)
(-4.75971e-11 1.5629e-08 2.25173e-10)
(-3.09953e-09 -2.64831e-10 1.53375e-08)
(1.52405e-08 3.52019e-12 3.11759e-09)
(-4.80108e-11 1.56297e-08 2.17653e-10)
(-3.2458e-09 -2.56609e-10 1.53059e-08)
(1.52129e-08 3.14843e-12 3.25956e-09)
(-4.82632e-11 1.56304e-08 2.10277e-10)
(-3.3871e-09 -2.48493e-10 1.5274e-08)
(1.51848e-08 2.80132e-12 3.3968e-09)
(-4.83644e-11 1.56309e-08 2.03042e-10)
(-3.52353e-09 -2.40489e-10 1.5242e-08)
(1.51566e-08 2.47742e-12 3.52938e-09)
(-4.83233e-11 1.56314e-08 1.95944e-10)
(-3.6552e-09 -2.32602e-10 1.52098e-08)
(1.51282e-08 2.17491e-12 3.65739e-09)
(-4.81481e-11 1.56318e-08 1.88984e-10)
(-3.78219e-09 -2.24835e-10 1.51777e-08)
(1.50997e-08 1.89199e-12 3.78092e-09)
(-4.78469e-11 1.56321e-08 1.82161e-10)
(-3.90459e-09 -2.17188e-10 1.51458e-08)
(1.50714e-08 1.62701e-12 3.90004e-09)
(-4.74279e-11 1.56324e-08 1.75474e-10)
(-4.0225e-09 -2.09665e-10 1.5114e-08)
(1.50431e-08 1.37861e-12 4.01484e-09)
(-4.68992e-11 1.56327e-08 1.68923e-10)
(-4.13602e-09 -2.02266e-10 1.50824e-08)
(1.50151e-08 1.14564e-12 4.12541e-09)
(-4.62691e-11 1.56328e-08 1.62509e-10)
(-4.24523e-09 -1.94993e-10 1.50512e-08)
(1.49873e-08 9.27151e-13 4.23183e-09)
(-4.55456e-11 1.5633e-08 1.56232e-10)
(-4.35022e-09 -1.87847e-10 1.50205e-08)
(1.49599e-08 7.22388e-13 4.3342e-09)
(-4.47366e-11 1.56331e-08 1.50092e-10)
(-4.4511e-09 -1.80828e-10 1.49901e-08)
(1.49329e-08 5.30708e-13 4.4326e-09)
(-4.385e-11 1.56331e-08 1.44088e-10)
(-4.54794e-09 -1.73939e-10 1.49604e-08)
(1.49063e-08 3.51561e-13 4.52711e-09)
(-4.28932e-11 1.56331e-08 1.38221e-10)
(-4.64086e-09 -1.67178e-10 1.49311e-08)
(1.48802e-08 1.84465e-13 4.61784e-09)
(-4.18736e-11 1.56331e-08 1.32489e-10)
(-4.72992e-09 -1.60548e-10 1.49026e-08)
(1.48547e-08 2.89793e-14 4.70485e-09)
(-4.0798e-11 1.56331e-08 1.26892e-10)
(-4.81524e-09 -1.54048e-10 1.48747e-08)
(1.48297e-08 -1.15308e-13 4.78824e-09)
(-3.96731e-11 1.5633e-08 1.2143e-10)
(-4.89689e-09 -1.4768e-10 1.48474e-08)
(1.48054e-08 -2.48789e-13 4.86811e-09)
(-3.85053e-11 1.56328e-08 1.16101e-10)
(-4.97497e-09 -1.41443e-10 1.4821e-08)
(1.47818e-08 -3.71841e-13 4.94452e-09)
(-3.73007e-11 1.56327e-08 1.10905e-10)
(-5.04956e-09 -1.35339e-10 1.47952e-08)
(1.47588e-08 -4.84835e-13 5.01757e-09)
(-3.60651e-11 1.56325e-08 1.05841e-10)
(-5.12076e-09 -1.29367e-10 1.47703e-08)
(1.47365e-08 -5.88132e-13 5.08734e-09)
(-3.4804e-11 1.56323e-08 1.00907e-10)
(-5.18865e-09 -1.23528e-10 1.47462e-08)
(1.47149e-08 -6.82092e-13 5.15392e-09)
(-3.35224e-11 1.56321e-08 9.61029e-11)
(-5.25332e-09 -1.17822e-10 1.47229e-08)
(1.46941e-08 -7.67066e-13 5.2174e-09)
(-3.22255e-11 1.56318e-08 9.14269e-11)
(-5.31485e-09 -1.12249e-10 1.47005e-08)
(1.4674e-08 -8.43402e-13 5.27784e-09)
(-3.09178e-11 1.56316e-08 8.68779e-11)
(-5.37334e-09 -1.06809e-10 1.46789e-08)
(1.46547e-08 -9.11439e-13 5.33535e-09)
(-2.96037e-11 1.56313e-08 8.24548e-11)
(-5.42886e-09 -1.01503e-10 1.46581e-08)
(1.46361e-08 -9.71514e-13 5.38999e-09)
(-2.82875e-11 1.5631e-08 7.81564e-11)
(-5.4815e-09 -9.63299e-11 1.46383e-08)
(1.46183e-08 -1.02395e-12 5.44185e-09)
(-2.69729e-11 1.56307e-08 7.39815e-11)
(-5.53134e-09 -9.12904e-11 1.46193e-08)
(1.46013e-08 -1.06908e-12 5.49101e-09)
(-2.56637e-11 1.56304e-08 6.99287e-11)
(-5.57846e-09 -8.63842e-11 1.46011e-08)
(1.45851e-08 -1.10721e-12 5.53755e-09)
(-2.43634e-11 1.563e-08 6.59969e-11)
(-5.62294e-09 -8.16114e-11 1.45838e-08)
(1.45697e-08 -1.13865e-12 5.58156e-09)
(-2.30751e-11 1.56297e-08 6.2185e-11)
(-5.66487e-09 -7.69718e-11 1.45674e-08)
(1.4555e-08 -1.16369e-12 5.6231e-09)
(-2.18019e-11 1.56293e-08 5.84916e-11)
(-5.70432e-09 -7.24653e-11 1.45519e-08)
(1.4541e-08 -1.18264e-12 5.66225e-09)
(-2.05467e-11 1.5629e-08 5.49157e-11)
(-5.74137e-09 -6.80919e-11 1.45371e-08)
(1.45279e-08 -1.19578e-12 5.6991e-09)
(-1.93119e-11 1.56286e-08 5.14562e-11)
(-5.7761e-09 -6.38513e-11 1.45232e-08)
(1.45154e-08 -1.2034e-12 5.73371e-09)
(-1.81002e-11 1.56282e-08 4.81118e-11)
(-5.80859e-09 -5.97434e-11 1.45102e-08)
(1.45037e-08 -1.20575e-12 5.76617e-09)
(-1.69137e-11 1.56279e-08 4.48816e-11)
(-5.8389e-09 -5.5768e-11 1.44979e-08)
(1.44927e-08 -1.20311e-12 5.79655e-09)
(-1.57546e-11 1.56275e-08 4.17645e-11)
(-5.86713e-09 -5.19249e-11 1.44864e-08)
(1.44824e-08 -1.19572e-12 5.82492e-09)
(-1.46247e-11 1.56272e-08 3.87595e-11)
(-5.89334e-09 -4.82139e-11 1.44757e-08)
(1.44728e-08 -1.18385e-12 5.85136e-09)
(-1.35259e-11 1.56268e-08 3.58657e-11)
(-5.9176e-09 -4.46347e-11 1.44657e-08)
(1.44638e-08 -1.16774e-12 5.87595e-09)
(-1.24597e-11 1.56264e-08 3.30821e-11)
(-5.94e-09 -4.11872e-11 1.44565e-08)
(1.44555e-08 -1.14763e-12 5.89874e-09)
(-1.14277e-11 1.56261e-08 3.04078e-11)
(-5.9606e-09 -3.7871e-11 1.44479e-08)
(1.44478e-08 -1.12375e-12 5.91983e-09)
(-1.04312e-11 1.56257e-08 2.78421e-11)
(-5.97947e-09 -3.46859e-11 1.44401e-08)
(1.44407e-08 -1.09632e-12 5.93927e-09)
(-9.47133e-12 1.56254e-08 2.53841e-11)
(-5.99669e-09 -3.16317e-11 1.44329e-08)
(1.44342e-08 -1.06556e-12 5.95714e-09)
(-8.54928e-12 1.56251e-08 2.3033e-11)
(-6.01233e-09 -2.87081e-11 1.44264e-08)
(1.44283e-08 -1.03169e-12 5.97351e-09)
(-7.66597e-12 1.56247e-08 2.07882e-11)
(-6.02646e-09 -2.59148e-11 1.44205e-08)
(1.44229e-08 -9.94921e-13 5.98846e-09)
(-6.82227e-12 1.56244e-08 1.8649e-11)
(-6.03915e-09 -2.32515e-11 1.44152e-08)
(1.4418e-08 -9.55446e-13 6.00204e-09)
(-6.01894e-12 1.56241e-08 1.66147e-11)
(-6.05047e-09 -2.0718e-11 1.44104e-08)
(1.44136e-08 -9.13462e-13 6.01434e-09)
(-5.25662e-12 1.56238e-08 1.46847e-11)
(-6.06049e-09 -1.83139e-11 1.44062e-08)
(1.44096e-08 -8.6916e-13 6.02542e-09)
(-4.5359e-12 1.56235e-08 1.28585e-11)
(-6.06928e-09 -1.60391e-11 1.44025e-08)
(1.44061e-08 -8.2273e-13 6.03534e-09)
(-3.85725e-12 1.56233e-08 1.11356e-11)
(-6.07691e-09 -1.38932e-11 1.43993e-08)
(1.4403e-08 -7.74353e-13 6.04419e-09)
(-3.22109e-12 1.5623e-08 9.51561e-12)
(-6.08345e-09 -1.1876e-11 1.43965e-08)
(1.44002e-08 -7.24201e-13 6.05202e-09)
(-2.62779e-12 1.56228e-08 7.99804e-12)
(-6.08896e-09 -9.98732e-12 1.43942e-08)
(1.43978e-08 -6.72436e-13 6.05891e-09)
(-2.07767e-12 1.56225e-08 6.58264e-12)
(-6.09351e-09 -8.22692e-12 1.43923e-08)
(1.43958e-08 -6.1922e-13 6.06491e-09)
(-1.57102e-12 1.56223e-08 5.26918e-12)
(-6.09718e-09 -6.59466e-12 1.43908e-08)
(1.4394e-08 -5.64713e-13 6.07011e-09)
(-1.1081e-12 1.56221e-08 4.05754e-12)
(-6.10002e-09 -5.09045e-12 1.43896e-08)
(1.43926e-08 -5.09106e-13 6.07457e-09)
(-6.89186e-13 1.56219e-08 2.94772e-12)
(-6.10211e-09 -3.7142e-12 1.43887e-08)
(1.43913e-08 -4.52667e-13 6.07835e-09)
(-3.14476e-13 1.56218e-08 1.93981e-12)
(-6.10351e-09 -2.46581e-12 1.43881e-08)
(1.43903e-08 -3.95817e-13 6.08152e-09)
(1.59594e-14 1.56216e-08 1.0339e-12)
(-6.10429e-09 -1.34502e-12 1.43878e-08)
(1.43895e-08 -3.3928e-13 6.08414e-09)
(3.02411e-13 1.56215e-08 2.29871e-13)
(-6.10452e-09 -3.51174e-13 1.43878e-08)
(1.43889e-08 -2.84405e-13 6.08627e-09)
(5.46046e-13 1.56214e-08 -4.73136e-13)
(-6.10428e-09 5.1732e-13 1.43879e-08)
(1.43884e-08 -2.33854e-13 6.08797e-09)
(7.49903e-13 1.56213e-08 -1.07782e-12)
(-6.10361e-09 1.264e-12 1.43882e-08)
(1.4388e-08 -1.93273e-13 6.08929e-09)
(9.20923e-13 1.56212e-08 -1.59094e-12)
(-6.10261e-09 1.89632e-12 1.43886e-08)
(1.43878e-08 -1.69805e-13 6.09028e-09)
(1.0744e-12 1.56211e-08 -2.02704e-12)
(-6.10131e-09 2.42872e-12 1.43892e-08)
(1.43876e-08 -1.43517e-13 6.09097e-09)
(1.23213e-12 1.5621e-08 -2.41724e-12)
(-6.09978e-09 2.88616e-12 1.43899e-08)
(1.43875e-08 -4.55683e-14 6.09142e-09)
(1.38062e-12 1.5621e-08 -2.8266e-12)
(-6.09798e-09 3.2898e-12 1.43907e-08)
(1.48715e-12 1.56207e-08 -3.3038e-12)
(-6.09544e-09 3.51024e-12 1.43915e-08)
(1.55511e-08 5.28914e-12 1.69671e-10)
(-1.47196e-11 1.56547e-08 5.91747e-11)
(-7.51832e-11 -2.65002e-11 1.56155e-08)
(1.55274e-08 5.10393e-12 3.80818e-10)
(1.54934e-12 1.5638e-08 1.43547e-10)
(-4.53633e-10 -8.582e-11 1.56331e-08)
(1.55163e-08 3.97185e-12 6.03713e-10)
(5.79956e-13 1.56292e-08 1.78955e-10)
(-6.97636e-10 -1.42076e-10 1.5638e-08)
(1.55062e-08 3.61491e-12 8.20413e-10)
(-5.27092e-12 1.56219e-08 1.93745e-10)
(-9.17492e-10 -1.79916e-10 1.56359e-08)
(1.5495e-08 3.82248e-12 1.02997e-09)
(-1.11332e-11 1.5618e-08 1.99285e-10)
(-1.13055e-09 -2.03057e-10 1.56267e-08)
(1.54823e-08 4.16956e-12 1.23336e-09)
(-1.60634e-11 1.56166e-08 1.99736e-10)
(-1.33707e-09 -2.16268e-10 1.5612e-08)
(1.54677e-08 4.46029e-12 1.43107e-09)
(-1.99615e-11 1.56164e-08 1.97242e-10)
(-1.53774e-09 -2.2278e-10 1.55931e-08)
(1.54512e-08 4.62281e-12 1.62339e-09)
(-2.29548e-11 1.56171e-08 1.93088e-10)
(-1.7328e-09 -2.24803e-10 1.55711e-08)
(1.5433e-08 4.64803e-12 1.81049e-09)
(-2.52383e-11 1.56181e-08 1.8806e-10)
(-1.9222e-09 -2.23862e-10 1.55468e-08)
(1.5413e-08 4.55773e-12 1.99242e-09)
(-2.69899e-11 1.56193e-08 1.8263e-10)
(-2.10593e-09 -2.20988e-10 1.55208e-08)
(1.53916e-08 4.38335e-12 2.16921e-09)
(-2.83483e-11 1.56206e-08 1.77071e-10)
(-2.28404e-09 -2.16878e-10 1.54933e-08)
(1.53687e-08 4.155e-12 2.34089e-09)
(-2.94138e-11 1.56219e-08 1.71524e-10)
(-2.45661e-09 -2.11997e-10 1.54648e-08)
(1.53447e-08 3.89721e-12 2.50747e-09)
(-3.02559e-11 1.56231e-08 1.66056e-10)
(-2.62373e-09 -2.06652e-10 1.54353e-08)
(1.53196e-08 3.62796e-12 2.669e-09)
(-3.09208e-11 1.56242e-08 1.60695e-10)
(-2.7855e-09 -2.01046e-10 1.54051e-08)
(1.52937e-08 3.35931e-12 2.82552e-09)
(-3.14381e-11 1.56252e-08 1.55447e-10)
(-2.94204e-09 -1.95306e-10 1.53742e-08)
(1.5267e-08 3.0986e-12 2.9771e-09)
(-3.1827e-11 1.56261e-08 1.50309e-10)
(-3.09343e-09 -1.89517e-10 1.53429e-08)
(1.52397e-08 2.84978e-12 3.12378e-09)
(-3.21e-11 1.56269e-08 1.45277e-10)
(-3.23978e-09 -1.83729e-10 1.53111e-08)
(1.5212e-08 2.61445e-12 3.26565e-09)
(-3.22657e-11 1.56277e-08 1.40346e-10)
(-3.38117e-09 -1.77977e-10 1.52791e-08)
(1.51839e-08 2.39283e-12 3.40279e-09)
(-3.2331e-11 1.56283e-08 1.35511e-10)
(-3.5177e-09 -1.72281e-10 1.5247e-08)
(1.51556e-08 2.18433e-12 3.53527e-09)
(-3.23016e-11 1.56289e-08 1.30772e-10)
(-3.64947e-09 -1.66653e-10 1.52147e-08)
(1.51272e-08 1.98801e-12 3.66318e-09)
(-3.2183e-11 1.56294e-08 1.26125e-10)
(-3.77656e-09 -1.61103e-10 1.51825e-08)
(1.50987e-08 1.80284e-12 3.78659e-09)
(-3.19804e-11 1.56299e-08 1.2157e-10)
(-3.89906e-09 -1.55634e-10 1.51504e-08)
(1.50703e-08 1.62782e-12 3.90561e-09)
(-3.16993e-11 1.56303e-08 1.17107e-10)
(-4.01708e-09 -1.50251e-10 1.51185e-08)
(1.5042e-08 1.4621e-12 4.0203e-09)
(-3.13451e-11 1.56306e-08 1.12735e-10)
(-4.1307e-09 -1.44957e-10 1.50868e-08)
(1.5014e-08 1.30494e-12 4.13076e-09)
(-3.09232e-11 1.56309e-08 1.08455e-10)
(-4.24001e-09 -1.39751e-10 1.50555e-08)
(1.49862e-08 1.15578e-12 4.23708e-09)
(-3.0439e-11 1.56311e-08 1.04266e-10)
(-4.3451e-09 -1.34637e-10 1.50246e-08)
(1.49587e-08 1.01415e-12 4.33934e-09)
(-2.98978e-11 1.56313e-08 1.00169e-10)
(-4.44608e-09 -1.29614e-10 1.49942e-08)
(1.49317e-08 8.79703e-13 4.43763e-09)
(-2.93049e-11 1.56314e-08 9.61629e-11)
(-4.54303e-09 -1.24684e-10 1.49643e-08)
(1.49051e-08 7.52145e-13 4.53203e-09)
(-2.86651e-11 1.56315e-08 9.22477e-11)
(-4.63604e-09 -1.19848e-10 1.4935e-08)
(1.4879e-08 6.31255e-13 4.62265e-09)
(-2.79834e-11 1.56316e-08 8.84231e-11)
(-4.7252e-09 -1.15104e-10 1.49063e-08)
(1.48535e-08 5.16844e-13 4.70956e-09)
(-2.72644e-11 1.56316e-08 8.46888e-11)
(-4.81061e-09 -1.10455e-10 1.48783e-08)
(1.48285e-08 4.08749e-13 4.79284e-09)
(-2.65126e-11 1.56316e-08 8.10441e-11)
(-4.89236e-09 -1.059e-10 1.4851e-08)
(1.48042e-08 3.06825e-13 4.8726e-09)
(-2.57322e-11 1.56315e-08 7.74886e-11)
(-4.97054e-09 -1.0144e-10 1.48244e-08)
(1.47805e-08 2.10935e-13 4.9489e-09)
(-2.49272e-11 1.56314e-08 7.40216e-11)
(-5.04523e-09 -9.70752e-11 1.47986e-08)
(1.47575e-08 1.20949e-13 5.02185e-09)
(-2.41016e-11 1.56313e-08 7.06425e-11)
(-5.11652e-09 -9.28053e-11 1.47736e-08)
(1.47353e-08 3.67357e-14 5.09152e-09)
(-2.3259e-11 1.56312e-08 6.73505e-11)
(-5.18451e-09 -8.86308e-11 1.47494e-08)
(1.47137e-08 -4.1834e-14 5.15799e-09)
(-2.24028e-11 1.5631e-08 6.41448e-11)
(-5.24927e-09 -8.45517e-11 1.4726e-08)
(1.46929e-08 -1.14891e-13 5.22136e-09)
(-2.15364e-11 1.56308e-08 6.10247e-11)
(-5.3109e-09 -8.05683e-11 1.47034e-08)
(1.46728e-08 -1.82569e-13 5.2817e-09)
(-2.06628e-11 1.56306e-08 5.79895e-11)
(-5.36948e-09 -7.66804e-11 1.46817e-08)
(1.46535e-08 -2.45e-13 5.3391e-09)
(-1.9785e-11 1.56303e-08 5.50382e-11)
(-5.4251e-09 -7.28882e-11 1.46609e-08)
(1.4635e-08 -3.0232e-13 5.39364e-09)
(-1.89057e-11 1.56301e-08 5.21701e-11)
(-5.47783e-09 -6.91916e-11 1.4641e-08)
(1.46172e-08 -3.54666e-13 5.4454e-09)
(-1.80276e-11 1.56298e-08 4.93843e-11)
(-5.52776e-09 -6.55907e-11 1.46219e-08)
(1.46002e-08 -4.02176e-13 5.49446e-09)
(-1.71532e-11 1.56296e-08 4.668e-11)
(-5.57497e-09 -6.20853e-11 1.46036e-08)
(1.4584e-08 -4.44989e-13 5.5409e-09)
(-1.62846e-11 1.56293e-08 4.40565e-11)
(-5.61955e-09 -5.86755e-11 1.45863e-08)
(1.45686e-08 -4.83245e-13 5.5848e-09)
(-1.54241e-11 1.5629e-08 4.15128e-11)
(-5.66157e-09 -5.5361e-11 1.45698e-08)
(1.45539e-08 -5.17083e-13 5.62624e-09)
(-1.45737e-11 1.56286e-08 3.90483e-11)
(-5.70111e-09 -5.21419e-11 1.45541e-08)
(1.454e-08 -5.46643e-13 5.6653e-09)
(-1.37353e-11 1.56283e-08 3.66621e-11)
(-5.73826e-09 -4.9018e-11 1.45393e-08)
(1.45268e-08 -5.72067e-13 5.70204e-09)
(-1.29106e-11 1.5628e-08 3.43535e-11)
(-5.77308e-09 -4.59891e-11 1.45253e-08)
(1.45144e-08 -5.93495e-13 5.73656e-09)
(-1.21013e-11 1.56277e-08 3.21218e-11)
(-5.80566e-09 -4.30552e-11 1.45122e-08)
(1.45027e-08 -6.11065e-13 5.76892e-09)
(-1.13088e-11 1.56273e-08 2.99662e-11)
(-5.83607e-09 -4.0216e-11 1.44998e-08)
(1.44918e-08 -6.24919e-13 5.79921e-09)
(-1.05346e-11 1.5627e-08 2.78861e-11)
(-5.86438e-09 -3.74714e-11 1.44882e-08)
(1.44815e-08 -6.35195e-13 5.82748e-09)
(-9.77988e-12 1.56267e-08 2.58807e-11)
(-5.89068e-09 -3.48212e-11 1.44774e-08)
(1.44719e-08 -6.42032e-13 5.85383e-09)
(-9.04594e-12 1.56264e-08 2.39495e-11)
(-5.91504e-09 -3.22652e-11 1.44674e-08)
(1.4463e-08 -6.45569e-13 5.87832e-09)
(-8.3338e-12 1.5626e-08 2.20918e-11)
(-5.93753e-09 -2.98033e-11 1.44581e-08)
(1.44547e-08 -6.45944e-13 5.90102e-09)
(-7.64446e-12 1.56257e-08 2.03071e-11)
(-5.95822e-09 -2.74353e-11 1.44495e-08)
(1.4447e-08 -6.43292e-13 5.92201e-09)
(-6.97881e-12 1.56254e-08 1.85947e-11)
(-5.97718e-09 -2.51609e-11 1.44416e-08)
(1.444e-08 -6.37751e-13 5.94135e-09)
(-6.33765e-12 1.56251e-08 1.69542e-11)
(-5.9945e-09 -2.29799e-11 1.44343e-08)
(1.44335e-08 -6.29455e-13 5.95913e-09)
(-5.72171e-12 1.56247e-08 1.53851e-11)
(-6.01023e-09 -2.08922e-11 1.44277e-08)
(1.44276e-08 -6.18538e-13 5.97541e-09)
(-5.13165e-12 1.56244e-08 1.38868e-11)
(-6.02445e-09 -1.88975e-11 1.44217e-08)
(1.44222e-08 -6.05133e-13 5.99026e-09)
(-4.56802e-12 1.56242e-08 1.2459e-11)
(-6.03724e-09 -1.69957e-11 1.44164e-08)
(1.44173e-08 -5.89372e-13 6.00376e-09)
(-4.03134e-12 1.56239e-08 1.11011e-11)
(-6.04865e-09 -1.51865e-11 1.44115e-08)
(1.4413e-08 -5.71386e-13 6.01596e-09)
(-3.52204e-12 1.56236e-08 9.81289e-12)
(-6.05876e-09 -1.34697e-11 1.44073e-08)
(1.4409e-08 -5.51305e-13 6.02695e-09)
(-3.04051e-12 1.56233e-08 8.59391e-12)
(-6.06765e-09 -1.18451e-11 1.44035e-08)
(1.44055e-08 -5.29262e-13 6.03678e-09)
(-2.58708e-12 1.56231e-08 7.44384e-12)
(-6.07537e-09 -1.03125e-11 1.44002e-08)
(1.44025e-08 -5.05388e-13 6.04554e-09)
(-2.16202e-12 1.56228e-08 6.36241e-12)
(-6.082e-09 -8.87184e-12 1.43974e-08)
(1.43998e-08 -4.79817e-13 6.05328e-09)
(-1.7656e-12 1.56226e-08 5.34937e-12)
(-6.0876e-09 -7.52279e-12 1.4395e-08)
(1.43974e-08 -4.5269e-13 6.06007e-09)
(-1.39804e-12 1.56224e-08 4.40455e-12)
(-6.09224e-09 -6.26522e-12 1.4393e-08)
(1.43954e-08 -4.24164e-13 6.06599e-09)
(-1.05955e-12 1.56222e-08 3.52782e-12)
(-6.096e-09 -5.09893e-12 1.43915e-08)
(1.43937e-08 -3.9442e-13 6.0711e-09)
(-7.50331e-13 1.5622e-08 2.71914e-12)
(-6.09894e-09 -4.02372e-12 1.43902e-08)
(1.43922e-08 -3.63694e-13 6.07547e-09)
(-4.70581e-13 1.56218e-08 1.97857e-12)
(-6.10112e-09 -3.03929e-12 1.43893e-08)
(1.4391e-08 -3.32304e-13 6.07916e-09)
(-2.20451e-13 1.56217e-08 1.30621e-12)
(-6.10262e-09 -2.14525e-12 1.43886e-08)
(1.43901e-08 -3.00702e-13 6.08224e-09)
(1.43901e-17 1.56215e-08 7.02166e-13)
(-6.10349e-09 -1.34098e-12 1.43883e-08)
(1.43893e-08 -2.69541e-13 6.08477e-09)
(1.91068e-13 1.56214e-08 1.66342e-13)
(-6.10382e-09 -6.25512e-13 1.43881e-08)
(1.43887e-08 -2.39747e-13 6.08682e-09)
(3.53617e-13 1.56213e-08 -3.01928e-13)
(-6.10366e-09 2.56012e-15 1.43882e-08)
(1.43882e-08 -2.12585e-13 6.08845e-09)
(4.8985e-13 1.56212e-08 -7.04691e-13)
(-6.10309e-09 5.45024e-13 1.43885e-08)
(1.43879e-08 -1.89439e-13 6.08972e-09)
(6.04278e-13 1.56211e-08 -1.04677e-12)
(-6.10217e-09 1.00337e-12 1.43889e-08)
(1.43876e-08 -1.71284e-13 6.09067e-09)
(7.05356e-13 1.56211e-08 -1.33784e-12)
(-6.10095e-09 1.37629e-12 1.43894e-08)
(1.43875e-08 -1.59611e-13 6.09136e-09)
(8.03543e-13 1.5621e-08 -1.59621e-12)
(-6.09948e-09 1.65267e-12 1.439e-08)
(1.43873e-08 -1.53426e-13 6.09183e-09)
(9.00958e-13 1.5621e-08 -1.85065e-12)
(-6.09776e-09 1.7976e-12 1.43907e-08)
(1.01766e-12 1.56207e-08 -2.10675e-12)
(-6.0955e-09 1.73301e-12 1.43915e-08)
(1.55574e-08 2.90183e-12 1.50645e-10)
(-5.68526e-12 1.56502e-08 2.67643e-11)
(-1.0891e-10 -7.22428e-12 1.56177e-08)
(1.55319e-08 4.24762e-12 3.61018e-10)
(2.84223e-13 1.56335e-08 6.67902e-11)
(-5.03908e-10 -3.17784e-11 1.56271e-08)
(1.55193e-08 3.99038e-12 5.88842e-10)
(-2.38769e-13 1.56271e-08 8.61605e-11)
(-7.36468e-10 -6.48124e-11 1.56327e-08)
(1.55088e-08 3.45863e-12 8.10693e-10)
(-2.89627e-12 1.56213e-08 9.51808e-11)
(-9.42911e-10 -9.14999e-11 1.56324e-08)
(1.54976e-08 3.12417e-12 1.02433e-09)
(-5.66264e-12 1.56178e-08 9.89587e-11)
(-1.14619e-09 -1.09611e-10 1.56247e-08)
(1.54846e-08 2.95542e-12 1.2308e-09)
(-8.05325e-12 1.56163e-08 9.97156e-11)
(-1.34594e-09 -1.20966e-10 1.56113e-08)
(1.54697e-08 2.86928e-12 1.43072e-09)
(-9.98018e-12 1.56161e-08 9.87104e-11)
(-1.54199e-09 -1.27481e-10 1.55935e-08)
(1.54529e-08 2.80535e-12 1.62458e-09)
(-1.14773e-11 1.56165e-08 9.67237e-11)
(-1.73396e-09 -1.30617e-10 1.55723e-08)
(1.54344e-08 2.72997e-12 1.81271e-09)
(-1.26257e-11 1.56175e-08 9.4228e-11)
(-1.92131e-09 -1.31434e-10 1.55486e-08)
(1.54141e-08 2.63101e-12 1.99531e-09)
(-1.35079e-11 1.56186e-08 9.15013e-11)
(-2.1037e-09 -1.30683e-10 1.55229e-08)
(1.53924e-08 2.50886e-12 2.17252e-09)
(-1.41913e-11 1.56199e-08 8.86993e-11)
(-2.28096e-09 -1.28891e-10 1.54957e-08)
(1.53694e-08 2.36933e-12 2.34443e-09)
(-1.47263e-11 1.56211e-08 8.59025e-11)
(-2.453e-09 -1.2642e-10 1.54673e-08)
(1.53452e-08 2.21962e-12 2.51115e-09)
(-1.51483e-11 1.56223e-08 8.31484e-11)
(-2.61982e-09 -1.23521e-10 1.54379e-08)
(1.532e-08 2.06623e-12 2.67273e-09)
(-1.54809e-11 1.56234e-08 8.04514e-11)
(-2.78143e-09 -1.2036e-10 1.54077e-08)
(1.52939e-08 1.91418e-12 2.82925e-09)
(-1.57392e-11 1.56244e-08 7.78144e-11)
(-2.93788e-09 -1.17049e-10 1.53768e-08)
(1.52671e-08 1.76687e-12 2.9808e-09)
(-1.59333e-11 1.56254e-08 7.52357e-11)
(-3.08926e-09 -1.13661e-10 1.53455e-08)
(1.52398e-08 1.6263e-12 3.12744e-09)
(-1.60694e-11 1.56262e-08 7.27122e-11)
(-3.23562e-09 -1.10243e-10 1.53137e-08)
(1.5212e-08 1.4934e-12 3.26926e-09)
(-1.61519e-11 1.5627e-08 7.02408e-11)
(-3.37705e-09 -1.06827e-10 1.52817e-08)
(1.51838e-08 1.36838e-12 3.40634e-09)
(-1.61842e-11 1.56277e-08 6.78192e-11)
(-3.51364e-09 -1.03432e-10 1.52495e-08)
(1.51554e-08 1.25096e-12 3.53875e-09)
(-1.61693e-11 1.56283e-08 6.54457e-11)
(-3.64547e-09 -1.0007e-10 1.52172e-08)
(1.51269e-08 1.14068e-12 3.66659e-09)
(-1.61097e-11 1.56288e-08 6.31192e-11)
(-3.77262e-09 -9.67493e-11 1.51849e-08)
(1.50984e-08 1.03693e-12 3.78994e-09)
(-1.60083e-11 1.56293e-08 6.08391e-11)
(-3.8952e-09 -9.34749e-11 1.51528e-08)
(1.50699e-08 9.39128e-13 3.90888e-09)
(-1.58675e-11 1.56297e-08 5.86051e-11)
(-4.01328e-09 -9.025e-11 1.51208e-08)
(1.50416e-08 8.4675e-13 4.02351e-09)
(-1.56902e-11 1.563e-08 5.64171e-11)
(-4.12697e-09 -8.70766e-11 1.50891e-08)
(1.50135e-08 7.59334e-13 4.1339e-09)
(-1.5479e-11 1.56303e-08 5.4275e-11)
(-4.23635e-09 -8.39563e-11 1.50578e-08)
(1.49857e-08 6.76499e-13 4.24015e-09)
(-1.52366e-11 1.56306e-08 5.21787e-11)
(-4.34152e-09 -8.089e-11 1.50269e-08)
(1.49582e-08 5.9794e-13 4.34234e-09)
(-1.49658e-11 1.56308e-08 5.01283e-11)
(-4.44257e-09 -7.78785e-11 1.49964e-08)
(1.49311e-08 5.23415e-13 4.44056e-09)
(-1.4669e-11 1.56309e-08 4.81235e-11)
(-4.53959e-09 -7.49222e-11 1.49664e-08)
(1.49045e-08 4.52731e-13 4.5349e-09)
(-1.43488e-11 1.56311e-08 4.61644e-11)
(-4.63267e-09 -7.20217e-11 1.49371e-08)
(1.48784e-08 3.85737e-13 4.62544e-09)
(-1.40077e-11 1.56311e-08 4.42506e-11)
(-4.72191e-09 -6.91772e-11 1.49084e-08)
(1.48528e-08 3.22308e-13 4.71228e-09)
(-1.36478e-11 1.56312e-08 4.2382e-11)
(-4.80739e-09 -6.6389e-11 1.48803e-08)
(1.48278e-08 2.62343e-13 4.7955e-09)
(-1.32716e-11 1.56312e-08 4.05584e-11)
(-4.88921e-09 -6.36574e-11 1.48529e-08)
(1.48035e-08 2.05751e-13 4.87519e-09)
(-1.28811e-11 1.56311e-08 3.87793e-11)
(-4.96745e-09 -6.09826e-11 1.48263e-08)
(1.47798e-08 1.52452e-13 4.95143e-09)
(-1.24782e-11 1.5631e-08 3.70446e-11)
(-5.04221e-09 -5.83647e-11 1.48004e-08)
(1.47568e-08 1.02371e-13 5.0243e-09)
(-1.20651e-11 1.56309e-08 3.53539e-11)
(-5.11357e-09 -5.58038e-11 1.47754e-08)
(1.47345e-08 5.54353e-14 5.09391e-09)
(-1.16434e-11 1.56308e-08 3.37068e-11)
(-5.18163e-09 -5.33001e-11 1.47511e-08)
(1.47129e-08 1.15748e-14 5.16032e-09)
(-1.1215e-11 1.56307e-08 3.21029e-11)
(-5.24646e-09 -5.08537e-11 1.47277e-08)
(1.46921e-08 -2.92817e-14 5.22362e-09)
(-1.07815e-11 1.56305e-08 3.05418e-11)
(-5.30816e-09 -4.84645e-11 1.47051e-08)
(1.46721e-08 -6.72053e-14 5.2839e-09)
(-1.03443e-11 1.56303e-08 2.90232e-11)
(-5.36681e-09 -4.61326e-11 1.46834e-08)
(1.46527e-08 -1.02268e-13 5.34124e-09)
(-9.90509e-12 1.56301e-08 2.75466e-11)
(-5.42249e-09 -4.38581e-11 1.46625e-08)
(1.46342e-08 -1.34542e-13 5.39572e-09)
(-9.46513e-12 1.56298e-08 2.61117e-11)
(-5.47529e-09 -4.1641e-11 1.46425e-08)
(1.46165e-08 -1.641e-13 5.44742e-09)
(-9.02575e-12 1.56296e-08 2.47179e-11)
(-5.52528e-09 -3.94812e-11 1.46233e-08)
(1.45995e-08 -1.91017e-13 5.49642e-09)
(-8.58819e-12 1.56293e-08 2.33649e-11)
(-5.57256e-09 -3.73787e-11 1.46051e-08)
(1.45833e-08 -2.15367e-13 5.5428e-09)
(-8.15358e-12 1.5629e-08 2.20523e-11)
(-5.61721e-09 -3.53334e-11 1.45877e-08)
(1.45679e-08 -2.37226e-13 5.58664e-09)
(-7.72301e-12 1.56287e-08 2.07797e-11)
(-5.65929e-09 -3.33454e-11 1.45711e-08)
(1.45532e-08 -2.56668e-13 5.62802e-09)
(-7.29749e-12 1.56284e-08 1.95466e-11)
(-5.6989e-09 -3.14145e-11 1.45554e-08)
(1.45393e-08 -2.7377e-13 5.66702e-09)
(-6.87795e-12 1.56281e-08 1.83528e-11)
(-5.73611e-09 -2.95408e-11 1.45406e-08)
(1.45262e-08 -2.88607e-13 5.70371e-09)
(-6.46528e-12 1.56278e-08 1.71977e-11)
(-5.771e-09 -2.7724e-11 1.45265e-08)
(1.45138e-08 -3.01256e-13 5.73817e-09)
(-6.06029e-12 1.56275e-08 1.60811e-11)
(-5.80364e-09 -2.59641e-11 1.45133e-08)
(1.45021e-08 -3.11791e-13 5.77048e-09)
(-5.66373e-12 1.56272e-08 1.50026e-11)
(-5.83412e-09 -2.42611e-11 1.45009e-08)
(1.44911e-08 -3.2029e-13 5.8007e-09)
(-5.27631e-12 1.56269e-08 1.39619e-11)
(-5.8625e-09 -2.26148e-11 1.44893e-08)
(1.44809e-08 -3.26828e-13 5.82892e-09)
(-4.89866e-12 1.56265e-08 1.29585e-11)
(-5.88887e-09 -2.10251e-11 1.44785e-08)
(1.44713e-08 -3.3148e-13 5.85522e-09)
(-4.53138e-12 1.56262e-08 1.19922e-11)
(-5.91329e-09 -1.94919e-11 1.44684e-08)
(1.44624e-08 -3.34322e-13 5.87965e-09)
(-4.17501e-12 1.56259e-08 1.10627e-11)
(-5.93584e-09 -1.80151e-11 1.44591e-08)
(1.44541e-08 -3.35429e-13 5.9023e-09)
(-3.83004e-12 1.56256e-08 1.01697e-11)
(-5.95659e-09 -1.65945e-11 1.44504e-08)
(1.44465e-08 -3.34876e-13 5.92323e-09)
(-3.49692e-12 1.56253e-08 9.31292e-12)
(-5.97562e-09 -1.52301e-11 1.44425e-08)
(1.44395e-08 -3.32737e-13 5.94253e-09)
(-3.17605e-12 1.5625e-08 8.49206e-12)
(-5.993e-09 -1.39218e-11 1.44352e-08)
(1.4433e-08 -3.29085e-13 5.96025e-09)
(-2.8678e-12 1.56246e-08 7.70689e-12)
(-6.0088e-09 -1.26694e-11 1.44285e-08)
(1.44271e-08 -3.23995e-13 5.97648e-09)
(-2.57249e-12 1.56244e-08 6.95716e-12)
(-6.02308e-09 -1.14727e-11 1.44225e-08)
(1.44218e-08 -3.1754e-13 5.99128e-09)
(-2.2904e-12 1.56241e-08 6.24266e-12)
(-6.03593e-09 -1.03318e-11 1.44171e-08)
(1.44169e-08 -3.09791e-13 6.00472e-09)
(-2.02179e-12 1.56238e-08 5.56318e-12)
(-6.04741e-09 -9.24632e-12 1.44122e-08)
(1.44126e-08 -3.00823e-13 6.01687e-09)
(-1.76687e-12 1.56235e-08 4.91851e-12)
(-6.05759e-09 -8.2163e-12 1.44079e-08)
(1.44087e-08 -2.90708e-13 6.02781e-09)
(-1.52585e-12 1.56233e-08 4.30849e-12)
(-6.06653e-09 -7.24159e-12 1.44041e-08)
(1.44052e-08 -2.7952e-13 6.03759e-09)
(-1.29889e-12 1.5623e-08 3.73294e-12)
(-6.07432e-09 -6.32207e-12 1.44008e-08)
(1.44021e-08 -2.67336e-13 6.04629e-09)
(-1.08613e-12 1.56228e-08 3.19173e-12)
(-6.08101e-09 -5.45761e-12 1.43979e-08)
(1.43995e-08 -2.54236e-13 6.05399e-09)
(-8.877e-13 1.56226e-08 2.68474e-12)
(-6.08668e-09 -4.6481e-12 1.43955e-08)
(1.43971e-08 -2.4031e-13 6.06073e-09)
(-7.03721e-13 1.56223e-08 2.2119e-12)
(-6.09139e-09 -3.89341e-12 1.43935e-08)
(1.43951e-08 -2.25662e-13 6.0666e-09)
(-5.34303e-13 1.56221e-08 1.77314e-12)
(-6.09521e-09 -3.19339e-12 1.43919e-08)
(1.43935e-08 -2.10424e-13 6.07166e-09)
(-3.79555e-13 1.5622e-08 1.36847e-12)
(-6.09821e-09 -2.54786e-12 1.43906e-08)
(1.4392e-08 -1.94764e-13 6.07598e-09)
(-2.39581e-13 1.56218e-08 9.9792e-13)
(-6.10045e-09 -1.95658e-12 1.43896e-08)
(1.43909e-08 -1.78906e-13 6.07962e-09)
(-1.14459e-13 1.56216e-08 6.61559e-13)
(-6.10201e-09 -1.41922e-12 1.4389e-08)
(1.43899e-08 -1.63154e-13 6.08265e-09)
(-4.20472e-15 1.56215e-08 3.59443e-13)
(-6.10295e-09 -9.35322e-13 1.43886e-08)
(1.43891e-08 -1.4791e-13 6.08514e-09)
(9.13308e-14 1.56214e-08 9.15117e-14)
(-6.10334e-09 -5.04309e-13 1.43884e-08)
(1.43885e-08 -1.33686e-13 6.08715e-09)
(1.72634e-13 1.56213e-08 -1.42617e-13)
(-6.10324e-09 -1.25546e-13 1.43884e-08)
(1.43881e-08 -1.21078e-13 6.08874e-09)
(2.40812e-13 1.56212e-08 -3.44048e-13)
(-6.10273e-09 2.01303e-13 1.43886e-08)
(1.43878e-08 -1.10655e-13 6.08998e-09)
(2.98046e-13 1.56211e-08 -5.15222e-13)
(-6.10187e-09 4.75358e-13 1.4389e-08)
(1.43875e-08 -1.03345e-13 6.09091e-09)
(3.48139e-13 1.56211e-08 -6.60789e-13)
(-6.10072e-09 6.924e-13 1.43895e-08)
(1.43874e-08 -1.01783e-13 6.09159e-09)
(3.95189e-13 1.5621e-08 -7.89084e-13)
(-6.09933e-09 8.41176e-13 1.43901e-08)
(1.43872e-08 -1.05618e-13 6.09207e-09)
(4.41613e-13 1.5621e-08 -9.11369e-13)
(-6.09773e-09 9.00411e-13 1.43908e-08)
(5.01741e-13 1.56207e-08 -1.02744e-12)
(-6.09568e-09 8.43309e-13 1.43915e-08)
(1.55588e-08 9.14844e-13 1.44324e-10)
(6.13608e-20 1.56487e-08 6.21401e-20)
(-1.18158e-10 -2.0203e-12 1.56177e-08)
(1.55327e-08 1.44313e-12 3.52341e-10)
(1.17001e-19 1.56319e-08 1.67237e-19)
(-5.26476e-10 -9.24727e-12 1.56246e-08)
(1.55201e-08 1.4475e-12 5.81362e-10)
(9.7513e-20 1.56264e-08 2.26759e-19)
(-7.57094e-10 -1.94976e-11 1.56295e-08)
(1.55097e-08 1.29659e-12 8.05322e-10)
(9.42647e-20 1.56211e-08 2.45996e-19)
(-9.5759e-10 -2.83161e-11 1.56296e-08)
(1.54984e-08 1.16009e-12 1.02088e-09)
(1.08534e-19 1.56178e-08 2.24328e-19)
(-1.15576e-09 -3.46729e-11 1.56226e-08)
(1.54854e-08 1.06292e-12 1.22887e-09)
(1.04112e-19 1.56164e-08 1.61221e-19)
(-1.35174e-09 -3.88764e-11 1.56098e-08)
(1.54704e-08 9.97569e-13 1.42996e-09)
(7.60204e-20 1.56162e-08 1.02949e-19)
(-1.54512e-09 -4.14294e-11 1.55925e-08)
(1.54535e-08 9.49998e-13 1.62466e-09)
(6.62923e-20 1.56166e-08 6.85626e-20)
(-1.73522e-09 -4.27804e-11 1.55718e-08)
(1.54348e-08 9.08489e-13 1.81337e-09)
(1.63572e-19 1.56175e-08 6.09025e-20)
(-1.92131e-09 -4.32838e-11 1.55484e-08)
(1.54145e-08 8.66499e-13 1.99637e-09)
(3.16617e-19 1.56186e-08 1.50876e-19)
(-2.10287e-09 -4.32022e-11 1.5523e-08)
(1.53927e-08 8.21615e-13 2.17383e-09)
(3.94668e-19 1.56199e-08 3.45904e-19)
(-2.27957e-09 -4.27245e-11 1.5496e-08)
(1.53696e-08 7.73823e-13 2.34591e-09)
(3.35561e-19 1.56211e-08 5.53913e-19)
(-2.45126e-09 -4.19846e-11 1.54677e-08)
(1.53453e-08 7.242e-13 2.51271e-09)
(1.86277e-19 1.56223e-08 7.59012e-19)
(-2.61785e-09 -4.10751e-11 1.54384e-08)
(1.532e-08 6.74104e-13 2.67434e-09)
(1.47816e-19 1.56234e-08 9.89862e-19)
(-2.77934e-09 -4.00599e-11 1.54083e-08)
(1.52939e-08 6.24754e-13 2.83088e-09)
(2.44366e-19 1.56244e-08 1.14449e-18)
(-2.93573e-09 -3.89818e-11 1.53775e-08)
(1.52671e-08 5.77053e-13 2.98242e-09)
(3.4684e-19 1.56253e-08 1.11987e-18)
(-3.08707e-09 -3.78693e-11 1.53461e-08)
(1.52397e-08 5.3157e-13 3.12905e-09)
(3.59394e-19 1.56261e-08 9.87517e-19)
(-3.23343e-09 -3.67412e-11 1.53144e-08)
(1.52118e-08 4.88586e-13 3.27085e-09)
(2.88486e-19 1.56269e-08 8.75144e-19)
(-3.37488e-09 -3.56097e-11 1.52824e-08)
(1.51837e-08 4.48168e-13 3.4079e-09)
(2.6195e-19 1.56276e-08 8.3192e-19)
(-3.51149e-09 -3.44828e-11 1.52502e-08)
(1.51553e-08 4.10242e-13 3.54029e-09)
(2.9405e-19 1.56282e-08 8.33467e-19)
(-3.64334e-09 -3.33653e-11 1.52179e-08)
(1.51267e-08 3.74656e-13 3.6681e-09)
(3.272e-19 1.56287e-08 8.49945e-19)
(-3.77053e-09 -3.22606e-11 1.51857e-08)
(1.50982e-08 3.41222e-13 3.79141e-09)
(3.51911e-19 1.56292e-08 8.72666e-19)
(-3.89314e-09 -3.11707e-11 1.51535e-08)
(1.50697e-08 3.09747e-13 3.91033e-09)
(3.69705e-19 1.56296e-08 8.97214e-19)
(-4.01127e-09 -3.00969e-11 1.51215e-08)
(1.50414e-08 2.80053e-13 4.02492e-09)
(3.79894e-19 1.563e-08 9.17247e-19)
(-4.12499e-09 -2.904e-11 1.50899e-08)
(1.50132e-08 2.51983e-13 4.13528e-09)
(3.84859e-19 1.56303e-08 9.30331e-19)
(-4.23441e-09 -2.80006e-11 1.50585e-08)
(1.49854e-08 2.25406e-13 4.24149e-09)
(3.86749e-19 1.56305e-08 9.39111e-19)
(-4.33962e-09 -2.69791e-11 1.50276e-08)
(1.49579e-08 2.00216e-13 4.34365e-09)
(3.8514e-19 1.56307e-08 9.48688e-19)
(-4.44071e-09 -2.59757e-11 1.49971e-08)
(1.49308e-08 1.76327e-13 4.44184e-09)
(3.78636e-19 1.56309e-08 9.61075e-19)
(-4.53776e-09 -2.49908e-11 1.49672e-08)
(1.49041e-08 1.53672e-13 4.53615e-09)
(3.7691e-19 1.5631e-08 9.74661e-19)
(-4.63088e-09 -2.40243e-11 1.49378e-08)
(1.4878e-08 1.32197e-13 4.62667e-09)
(3.85916e-19 1.56311e-08 9.85091e-19)
(-4.72016e-09 -2.30766e-11 1.49091e-08)
(1.48525e-08 1.11859e-13 4.71348e-09)
(3.96005e-19 1.56311e-08 9.86672e-19)
(-4.80568e-09 -2.21475e-11 1.4881e-08)
(1.48275e-08 9.26227e-14 4.79666e-09)
(4.04859e-19 1.56311e-08 9.82239e-19)
(-4.88753e-09 -2.12373e-11 1.48536e-08)
(1.48031e-08 7.44573e-14 4.87632e-09)
(4.13376e-19 1.56311e-08 9.7987e-19)
(-4.96582e-09 -2.0346e-11 1.4827e-08)
(1.47794e-08 5.73363e-14 4.95253e-09)
(4.14796e-19 1.5631e-08 9.82002e-19)
(-5.04062e-09 -1.94736e-11 1.48011e-08)
(1.47564e-08 4.12351e-14 5.02538e-09)
(4.1451e-19 1.56309e-08 9.94888e-19)
(-5.11202e-09 -1.86202e-11 1.4776e-08)
(1.47341e-08 2.61306e-14 5.09496e-09)
(4.17174e-19 1.56308e-08 1.02564e-18)
(-5.18011e-09 -1.77858e-11 1.47518e-08)
(1.47126e-08 1.20001e-14 5.16134e-09)
(4.22817e-19 1.56306e-08 1.07499e-18)
(-5.24498e-09 -1.69705e-11 1.47283e-08)
(1.46917e-08 -1.17878e-15 5.22461e-09)
(4.3239e-19 1.56304e-08 1.1382e-18)
(-5.30671e-09 -1.61743e-11 1.47057e-08)
(1.46717e-08 -1.34284e-14 5.28487e-09)
(4.37637e-19 1.56302e-08 1.19856e-18)
(-5.3654e-09 -1.53972e-11 1.4684e-08)
(1.46524e-08 -2.47713e-14 5.34218e-09)
(4.34125e-19 1.563e-08 1.23455e-18)
(-5.42112e-09 -1.46392e-11 1.46631e-08)
(1.46338e-08 -3.52303e-14 5.39663e-09)
(4.29706e-19 1.56298e-08 1.24048e-18)
(-5.47395e-09 -1.39003e-11 1.46431e-08)
(1.46161e-08 -4.48283e-14 5.4483e-09)
(4.19042e-19 1.56295e-08 1.22117e-18)
(-5.52399e-09 -1.31805e-11 1.46239e-08)
(1.45991e-08 -5.35886e-14 5.49727e-09)
(4.00252e-19 1.56293e-08 1.17812e-18)
(-5.5713e-09 -1.24797e-11 1.46056e-08)
(1.45829e-08 -6.15345e-14 5.54363e-09)
(4.01339e-19 1.5629e-08 1.12109e-18)
(-5.61598e-09 -1.17981e-11 1.45882e-08)
(1.45675e-08 -6.86897e-14 5.58744e-09)
(4.19183e-19 1.56287e-08 1.05982e-18)
(-5.6581e-09 -1.11355e-11 1.45717e-08)
(1.45528e-08 -7.5078e-14 5.6288e-09)
(4.11609e-19 1.56284e-08 9.94759e-19)
(-5.69775e-09 -1.0492e-11 1.4556e-08)
(1.4539e-08 -8.07232e-14 5.66777e-09)
(3.56169e-19 1.56281e-08 9.45654e-19)
(-5.73499e-09 -9.86744e-12 1.45411e-08)
(1.45258e-08 -8.56493e-14 5.70444e-09)
(2.87595e-19 1.56278e-08 9.55432e-19)
(-5.76992e-09 -9.26191e-12 1.4527e-08)
(1.45134e-08 -8.98801e-14 5.73887e-09)
(2.18961e-19 1.56275e-08 1.01417e-18)
(-5.8026e-09 -8.67535e-12 1.45138e-08)
(1.45018e-08 -9.34397e-14 5.77116e-09)
(1.35329e-19 1.56272e-08 1.07202e-18)
(-5.83311e-09 -8.10772e-12 1.45014e-08)
(1.44908e-08 -9.6352e-14 5.80136e-09)
(6.24303e-20 1.56268e-08 1.13272e-18)
(-5.86152e-09 -7.55899e-12 1.44898e-08)
(1.44806e-08 -9.86412e-14 5.82956e-09)
(6.66011e-21 1.56265e-08 1.2445e-18)
(-5.88792e-09 -7.02912e-12 1.44789e-08)
(1.4471e-08 -1.00331e-13 5.85582e-09)
(-2.95909e-20 1.56262e-08 1.43689e-18)
(-5.91238e-09 -6.51809e-12 1.44688e-08)
(1.44621e-08 -1.01445e-13 5.88023e-09)
(-6.5638e-20 1.56259e-08 1.66301e-18)
(-5.93496e-09 -6.02584e-12 1.44595e-08)
(1.44539e-08 -1.02008e-13 5.90286e-09)
(-1.31064e-19 1.56256e-08 1.86476e-18)
(-5.95575e-09 -5.55235e-12 1.44508e-08)
(1.44462e-08 -1.02043e-13 5.92377e-09)
(-2.12699e-19 1.56252e-08 2.04398e-18)
(-5.97482e-09 -5.09757e-12 1.44428e-08)
(1.44392e-08 -1.01573e-13 5.94304e-09)
(-2.98013e-19 1.56249e-08 2.21701e-18)
(-5.99223e-09 -4.66147e-12 1.44355e-08)
(1.44328e-08 -1.00623e-13 5.96075e-09)
(-3.7184e-19 1.56246e-08 2.38195e-18)
(-6.00806e-09 -4.244e-12 1.44289e-08)
(1.44269e-08 -9.92147e-14 5.97695e-09)
(-4.2807e-19 1.56243e-08 2.51406e-18)
(-6.02238e-09 -3.84512e-12 1.44228e-08)
(1.44216e-08 -9.73722e-14 5.99173e-09)
(-4.71908e-19 1.56241e-08 2.59786e-18)
(-6.03526e-09 -3.46479e-12 1.44174e-08)
(1.44167e-08 -9.51185e-14 6.00514e-09)
(-4.99826e-19 1.56238e-08 2.65002e-18)
(-6.04677e-09 -3.10297e-12 1.44125e-08)
(1.44124e-08 -9.2477e-14 6.01727e-09)
(-5.03951e-19 1.56235e-08 2.69404e-18)
(-6.05698e-09 -2.75962e-12 1.44082e-08)
(1.44085e-08 -8.94715e-14 6.02819e-09)
(-4.91038e-19 1.56232e-08 2.72469e-18)
(-6.06596e-09 -2.4347e-12 1.44044e-08)
(1.4405e-08 -8.61259e-14 6.03795e-09)
(-4.53093e-19 1.5623e-08 2.72752e-18)
(-6.07378e-09 -2.12818e-12 1.4401e-08)
(1.4402e-08 -8.24657e-14 6.04663e-09)
(-3.75478e-19 1.56228e-08 2.69247e-18)
(-6.0805e-09 -1.84e-12 1.43982e-08)
(1.43993e-08 -7.85175e-14 6.0543e-09)
(-3.03173e-19 1.56225e-08 2.59047e-18)
(-6.0862e-09 -1.57013e-12 1.43957e-08)
(1.4397e-08 -7.43123e-14 6.06102e-09)
(-2.80327e-19 1.56223e-08 2.43742e-18)
(-6.09095e-09 -1.31852e-12 1.43937e-08)
(1.4395e-08 -6.98874e-14 6.06687e-09)
(-2.8055e-19 1.56221e-08 2.32068e-18)
(-6.0948e-09 -1.08511e-12 1.43921e-08)
(1.43933e-08 -6.52893e-14 6.07191e-09)
(-2.92872e-19 1.5622e-08 2.28307e-18)
(-6.09783e-09 -8.69843e-13 1.43908e-08)
(1.43919e-08 -6.05778e-14 6.0762e-09)
(-3.13183e-19 1.56218e-08 2.3035e-18)
(-6.10011e-09 -6.72615e-13 1.43898e-08)
(1.43908e-08 -5.58319e-14 6.07982e-09)
(-3.13309e-19 1.56216e-08 2.35326e-18)
(-6.1017e-09 -4.93309e-13 1.43891e-08)
(1.43898e-08 -5.11546e-14 6.08284e-09)
(-3.01444e-19 1.56215e-08 2.41832e-18)
(-6.10267e-09 -3.31772e-13 1.43887e-08)
(1.43891e-08 -4.66765e-14 6.08531e-09)
(-3.18587e-19 1.56214e-08 2.50501e-18)
(-6.10309e-09 -1.87826e-13 1.43885e-08)
(1.43885e-08 -4.25574e-14 6.0873e-09)
(-3.7239e-19 1.56213e-08 2.60211e-18)
(-6.10303e-09 -6.13338e-14 1.43885e-08)
(1.4388e-08 -3.89787e-14 6.08888e-09)
(-4.1835e-19 1.56212e-08 2.68178e-18)
(-6.10255e-09 4.765e-14 1.43887e-08)
(1.43877e-08 -3.61193e-14 6.0901e-09)
(-4.67342e-19 1.56211e-08 2.72433e-18)
(-6.10172e-09 1.38528e-13 1.43891e-08)
(1.43875e-08 -3.42738e-14 6.09103e-09)
(-5.53813e-19 1.56211e-08 2.72539e-18)
(-6.1006e-09 2.09495e-13 1.43895e-08)
(1.43873e-08 -3.41128e-14 6.0917e-09)
(-6.3621e-19 1.5621e-08 2.69254e-18)
(-6.09927e-09 2.56613e-13 1.43901e-08)
(1.43872e-08 -3.5241e-14 6.09218e-09)
(-5.95946e-19 1.5621e-08 2.62707e-18)
(-6.09773e-09 2.73505e-13 1.43908e-08)
(-5.09867e-19 1.56208e-08 2.6745e-18)
(-6.09576e-09 2.53429e-13 1.43915e-08)
(1.55588e-08 -9.14844e-13 1.44324e-10)
(5.68526e-12 1.56502e-08 -2.67643e-11)
(-1.18158e-10 2.0203e-12 1.56177e-08)
(1.55327e-08 -1.44313e-12 3.52341e-10)
(-2.84223e-13 1.56335e-08 -6.67902e-11)
(-5.26476e-10 9.24727e-12 1.56246e-08)
(1.55201e-08 -1.4475e-12 5.81362e-10)
(2.3877e-13 1.56271e-08 -8.61605e-11)
(-7.57094e-10 1.94976e-11 1.56295e-08)
(1.55097e-08 -1.29659e-12 8.05322e-10)
(2.89627e-12 1.56213e-08 -9.51808e-11)
(-9.5759e-10 2.83161e-11 1.56296e-08)
(1.54984e-08 -1.16009e-12 1.02088e-09)
(5.66264e-12 1.56178e-08 -9.89587e-11)
(-1.15576e-09 3.46729e-11 1.56226e-08)
(1.54854e-08 -1.06292e-12 1.22887e-09)
(8.05325e-12 1.56163e-08 -9.97156e-11)
(-1.35174e-09 3.88764e-11 1.56098e-08)
(1.54704e-08 -9.97569e-13 1.42996e-09)
(9.98018e-12 1.56161e-08 -9.87104e-11)
(-1.54512e-09 4.14294e-11 1.55925e-08)
(1.54535e-08 -9.49998e-13 1.62466e-09)
(1.14773e-11 1.56165e-08 -9.67237e-11)
(-1.73522e-09 4.27804e-11 1.55718e-08)
(1.54348e-08 -9.08489e-13 1.81337e-09)
(1.26257e-11 1.56175e-08 -9.4228e-11)
(-1.92131e-09 4.32838e-11 1.55484e-08)
(1.54145e-08 -8.66499e-13 1.99637e-09)
(1.35079e-11 1.56186e-08 -9.15013e-11)
(-2.10287e-09 4.32022e-11 1.5523e-08)
(1.53927e-08 -8.21615e-13 2.17383e-09)
(1.41913e-11 1.56199e-08 -8.86993e-11)
(-2.27957e-09 4.27245e-11 1.5496e-08)
(1.53696e-08 -7.73824e-13 2.34591e-09)
(1.47263e-11 1.56211e-08 -8.59025e-11)
(-2.45126e-09 4.19846e-11 1.54677e-08)
(1.53453e-08 -7.242e-13 2.51271e-09)
(1.51483e-11 1.56223e-08 -8.31484e-11)
(-2.61785e-09 4.10751e-11 1.54384e-08)
(1.532e-08 -6.74105e-13 2.67434e-09)
(1.54809e-11 1.56234e-08 -8.04514e-11)
(-2.77934e-09 4.00599e-11 1.54083e-08)
(1.52939e-08 -6.24755e-13 2.83088e-09)
(1.57392e-11 1.56244e-08 -7.78144e-11)
(-2.93573e-09 3.89818e-11 1.53775e-08)
(1.52671e-08 -5.77054e-13 2.98242e-09)
(1.59333e-11 1.56254e-08 -7.52357e-11)
(-3.08707e-09 3.78693e-11 1.53461e-08)
(1.52397e-08 -5.31571e-13 3.12905e-09)
(1.60694e-11 1.56262e-08 -7.27122e-11)
(-3.23343e-09 3.67412e-11 1.53144e-08)
(1.52118e-08 -4.88587e-13 3.27085e-09)
(1.61519e-11 1.5627e-08 -7.02408e-11)
(-3.37488e-09 3.56097e-11 1.52824e-08)
(1.51837e-08 -4.48169e-13 3.4079e-09)
(1.61842e-11 1.56277e-08 -6.78192e-11)
(-3.51149e-09 3.44828e-11 1.52502e-08)
(1.51553e-08 -4.10243e-13 3.54029e-09)
(1.61693e-11 1.56283e-08 -6.54457e-11)
(-3.64334e-09 3.33653e-11 1.52179e-08)
(1.51267e-08 -3.74657e-13 3.6681e-09)
(1.61097e-11 1.56288e-08 -6.31192e-11)
(-3.77053e-09 3.22606e-11 1.51857e-08)
(1.50982e-08 -3.41223e-13 3.79141e-09)
(1.60083e-11 1.56293e-08 -6.08391e-11)
(-3.89314e-09 3.11707e-11 1.51535e-08)
(1.50697e-08 -3.09748e-13 3.91033e-09)
(1.58675e-11 1.56297e-08 -5.86051e-11)
(-4.01127e-09 3.00969e-11 1.51215e-08)
(1.50414e-08 -2.80054e-13 4.02492e-09)
(1.56902e-11 1.563e-08 -5.64171e-11)
(-4.12499e-09 2.904e-11 1.50899e-08)
(1.50132e-08 -2.51984e-13 4.13528e-09)
(1.5479e-11 1.56303e-08 -5.4275e-11)
(-4.23441e-09 2.80006e-11 1.50585e-08)
(1.49854e-08 -2.25407e-13 4.24149e-09)
(1.52366e-11 1.56306e-08 -5.21787e-11)
(-4.33962e-09 2.69791e-11 1.50276e-08)
(1.49579e-08 -2.00217e-13 4.34365e-09)
(1.49658e-11 1.56308e-08 -5.01283e-11)
(-4.44071e-09 2.59757e-11 1.49971e-08)
(1.49308e-08 -1.76329e-13 4.44184e-09)
(1.4669e-11 1.56309e-08 -4.81235e-11)
(-4.53776e-09 2.49908e-11 1.49672e-08)
(1.49041e-08 -1.53674e-13 4.53615e-09)
(1.43488e-11 1.56311e-08 -4.61644e-11)
(-4.63088e-09 2.40243e-11 1.49378e-08)
(1.4878e-08 -1.32199e-13 4.62667e-09)
(1.40077e-11 1.56311e-08 -4.42506e-11)
(-4.72016e-09 2.30766e-11 1.49091e-08)
(1.48525e-08 -1.11861e-13 4.71348e-09)
(1.36478e-11 1.56312e-08 -4.2382e-11)
(-4.80568e-09 2.21475e-11 1.4881e-08)
(1.48275e-08 -9.26241e-14 4.79666e-09)
(1.32716e-11 1.56312e-08 -4.05584e-11)
(-4.88753e-09 2.12373e-11 1.48536e-08)
(1.48031e-08 -7.44587e-14 4.87632e-09)
(1.28811e-11 1.56311e-08 -3.87793e-11)
(-4.96582e-09 2.0346e-11 1.4827e-08)
(1.47794e-08 -5.73378e-14 4.95253e-09)
(1.24782e-11 1.5631e-08 -3.70446e-11)
(-5.04062e-09 1.94736e-11 1.48011e-08)
(1.47564e-08 -4.12366e-14 5.02538e-09)
(1.20651e-11 1.56309e-08 -3.53539e-11)
(-5.11202e-09 1.86202e-11 1.4776e-08)
(1.47341e-08 -2.61321e-14 5.09496e-09)
(1.16434e-11 1.56308e-08 -3.37068e-11)
(-5.18011e-09 1.77858e-11 1.47518e-08)
(1.47126e-08 -1.20016e-14 5.16134e-09)
(1.1215e-11 1.56307e-08 -3.21029e-11)
(-5.24498e-09 1.69705e-11 1.47283e-08)
(1.46917e-08 1.17727e-15 5.22461e-09)
(1.07815e-11 1.56305e-08 -3.05418e-11)
(-5.30671e-09 1.61743e-11 1.47057e-08)
(1.46717e-08 1.34269e-14 5.28487e-09)
(1.03443e-11 1.56303e-08 -2.90232e-11)
(-5.3654e-09 1.53972e-11 1.4684e-08)
(1.46524e-08 2.47698e-14 5.34218e-09)
(9.90509e-12 1.56301e-08 -2.75466e-11)
(-5.42112e-09 1.46392e-11 1.46631e-08)
(1.46338e-08 3.52288e-14 5.39663e-09)
(9.46513e-12 1.56298e-08 -2.61117e-11)
(-5.47395e-09 1.39003e-11 1.46431e-08)
(1.46161e-08 4.48268e-14 5.4483e-09)
(9.02575e-12 1.56296e-08 -2.47179e-11)
(-5.52399e-09 1.31805e-11 1.46239e-08)
(1.45991e-08 5.35871e-14 5.49727e-09)
(8.58819e-12 1.56293e-08 -2.33649e-11)
(-5.5713e-09 1.24797e-11 1.46056e-08)
(1.45829e-08 6.1533e-14 5.54363e-09)
(8.15358e-12 1.5629e-08 -2.20523e-11)
(-5.61598e-09 1.17981e-11 1.45882e-08)
(1.45675e-08 6.86883e-14 5.58744e-09)
(7.72301e-12 1.56287e-08 -2.07797e-11)
(-5.6581e-09 1.11355e-11 1.45717e-08)
(1.45528e-08 7.50767e-14 5.6288e-09)
(7.29749e-12 1.56284e-08 -1.95466e-11)
(-5.69775e-09 1.0492e-11 1.4556e-08)
(1.4539e-08 8.07219e-14 5.66777e-09)
(6.87795e-12 1.56281e-08 -1.83528e-11)
(-5.73499e-09 9.86744e-12 1.45411e-08)
(1.45258e-08 8.5648e-14 5.70444e-09)
(6.46528e-12 1.56278e-08 -1.71977e-11)
(-5.76992e-09 9.26191e-12 1.4527e-08)
(1.45134e-08 8.98788e-14 5.73887e-09)
(6.06029e-12 1.56275e-08 -1.60811e-11)
(-5.8026e-09 8.67534e-12 1.45138e-08)
(1.45018e-08 9.34384e-14 5.77116e-09)
(5.66373e-12 1.56272e-08 -1.50026e-11)
(-5.83311e-09 8.10771e-12 1.45014e-08)
(1.44908e-08 9.63508e-14 5.80136e-09)
(5.27631e-12 1.56269e-08 -1.39619e-11)
(-5.86152e-09 7.55898e-12 1.44898e-08)
(1.44806e-08 9.86399e-14 5.82956e-09)
(4.89866e-12 1.56265e-08 -1.29585e-11)
(-5.88792e-09 7.02912e-12 1.44789e-08)
(1.4471e-08 1.0033e-13 5.85582e-09)
(4.53138e-12 1.56262e-08 -1.19922e-11)
(-5.91238e-09 6.51808e-12 1.44688e-08)
(1.44621e-08 1.01444e-13 5.88023e-09)
(4.17501e-12 1.56259e-08 -1.10627e-11)
(-5.93496e-09 6.02584e-12 1.44595e-08)
(1.44539e-08 1.02007e-13 5.90286e-09)
(3.83004e-12 1.56256e-08 -1.01697e-11)
(-5.95575e-09 5.55235e-12 1.44508e-08)
(1.44462e-08 1.02041e-13 5.92377e-09)
(3.49692e-12 1.56253e-08 -9.31292e-12)
(-5.97482e-09 5.09757e-12 1.44428e-08)
(1.44392e-08 1.01572e-13 5.94304e-09)
(3.17605e-12 1.5625e-08 -8.49205e-12)
(-5.99223e-09 4.66146e-12 1.44355e-08)
(1.44328e-08 1.00621e-13 5.96075e-09)
(2.8678e-12 1.56246e-08 -7.70688e-12)
(-6.00806e-09 4.24399e-12 1.44289e-08)
(1.44269e-08 9.92132e-14 5.97695e-09)
(2.57248e-12 1.56244e-08 -6.95716e-12)
(-6.02238e-09 3.84511e-12 1.44228e-08)
(1.44216e-08 9.73707e-14 5.99173e-09)
(2.2904e-12 1.56241e-08 -6.24266e-12)
(-6.03526e-09 3.46478e-12 1.44174e-08)
(1.44167e-08 9.5117e-14 6.00514e-09)
(2.02178e-12 1.56238e-08 -5.56317e-12)
(-6.04677e-09 3.10296e-12 1.44125e-08)
(1.44124e-08 9.24756e-14 6.01727e-09)
(1.76687e-12 1.56235e-08 -4.91851e-12)
(-6.05698e-09 2.75961e-12 1.44082e-08)
(1.44085e-08 8.947e-14 6.02819e-09)
(1.52585e-12 1.56233e-08 -4.30848e-12)
(-6.06596e-09 2.4347e-12 1.44044e-08)
(1.4405e-08 8.61245e-14 6.03795e-09)
(1.29889e-12 1.5623e-08 -3.73293e-12)
(-6.07378e-09 2.12817e-12 1.4401e-08)
(1.4402e-08 8.24643e-14 6.04663e-09)
(1.08613e-12 1.56228e-08 -3.19172e-12)
(-6.0805e-09 1.83999e-12 1.43982e-08)
(1.43993e-08 7.85162e-14 6.0543e-09)
(8.877e-13 1.56226e-08 -2.68474e-12)
(-6.0862e-09 1.57012e-12 1.43957e-08)
(1.4397e-08 7.43111e-14 6.06102e-09)
(7.0372e-13 1.56223e-08 -2.21189e-12)
(-6.09095e-09 1.31852e-12 1.43937e-08)
(1.4395e-08 6.98862e-14 6.06687e-09)
(5.34302e-13 1.56221e-08 -1.77314e-12)
(-6.0948e-09 1.08511e-12 1.43921e-08)
(1.43933e-08 6.5288e-14 6.07191e-09)
(3.79555e-13 1.5622e-08 -1.36847e-12)
(-6.09783e-09 8.69838e-13 1.43908e-08)
(1.43919e-08 6.05766e-14 6.0762e-09)
(2.3958e-13 1.56218e-08 -9.97916e-13)
(-6.10011e-09 6.7261e-13 1.43898e-08)
(1.43908e-08 5.58307e-14 6.07982e-09)
(1.14459e-13 1.56216e-08 -6.61554e-13)
(-6.1017e-09 4.93304e-13 1.43891e-08)
(1.43898e-08 5.11533e-14 6.08284e-09)
(4.20401e-15 1.56215e-08 -3.59438e-13)
(-6.10267e-09 3.31767e-13 1.43887e-08)
(1.43891e-08 4.66752e-14 6.08531e-09)
(-9.13315e-14 1.56214e-08 -9.15068e-14)
(-6.10309e-09 1.87821e-13 1.43885e-08)
(1.43885e-08 4.25561e-14 6.0873e-09)
(-1.72635e-13 1.56213e-08 1.42622e-13)
(-6.10303e-09 6.13286e-14 1.43885e-08)
(1.4388e-08 3.89773e-14 6.08888e-09)
(-2.40812e-13 1.56212e-08 3.44053e-13)
(-6.10255e-09 -4.76552e-14 1.43887e-08)
(1.43877e-08 3.61179e-14 6.0901e-09)
(-2.98047e-13 1.56211e-08 5.15227e-13)
(-6.10172e-09 -1.38533e-13 1.43891e-08)
(1.43875e-08 3.42723e-14 6.09103e-09)
(-3.4814e-13 1.56211e-08 6.60794e-13)
(-6.1006e-09 -2.095e-13 1.43895e-08)
(1.43873e-08 3.41112e-14 6.0917e-09)
(-3.9519e-13 1.5621e-08 7.89089e-13)
(-6.09927e-09 -2.56618e-13 1.43901e-08)
(1.43872e-08 3.52396e-14 6.09218e-09)
(-4.41614e-13 1.5621e-08 9.11375e-13)
(-6.09773e-09 -2.7351e-13 1.43908e-08)
(-5.01742e-13 1.56207e-08 1.02745e-12)
(-6.09576e-09 -2.53434e-13 1.43915e-08)
(1.55574e-08 -2.90183e-12 1.50645e-10)
(1.47196e-11 1.56547e-08 -5.91747e-11)
(-1.0891e-10 7.22428e-12 1.56177e-08)
(1.55319e-08 -4.24762e-12 3.61018e-10)
(-1.54934e-12 1.5638e-08 -1.43547e-10)
(-5.03908e-10 3.17784e-11 1.56271e-08)
(1.55193e-08 -3.99038e-12 5.88842e-10)
(-5.79956e-13 1.56292e-08 -1.78955e-10)
(-7.36468e-10 6.48124e-11 1.56327e-08)
(1.55088e-08 -3.45863e-12 8.10693e-10)
(5.27092e-12 1.56219e-08 -1.93745e-10)
(-9.42911e-10 9.14999e-11 1.56324e-08)
(1.54976e-08 -3.12417e-12 1.02433e-09)
(1.11332e-11 1.5618e-08 -1.99285e-10)
(-1.14619e-09 1.09611e-10 1.56247e-08)
(1.54846e-08 -2.95542e-12 1.2308e-09)
(1.60634e-11 1.56166e-08 -1.99736e-10)
(-1.34594e-09 1.20966e-10 1.56113e-08)
(1.54697e-08 -2.86929e-12 1.43072e-09)
(1.99615e-11 1.56164e-08 -1.97242e-10)
(-1.54199e-09 1.27481e-10 1.55935e-08)
(1.54529e-08 -2.80535e-12 1.62458e-09)
(2.29548e-11 1.56171e-08 -1.93088e-10)
(-1.73396e-09 1.30617e-10 1.55723e-08)
(1.54344e-08 -2.72997e-12 1.81271e-09)
(2.52383e-11 1.56181e-08 -1.8806e-10)
(-1.92131e-09 1.31434e-10 1.55486e-08)
(1.54141e-08 -2.63101e-12 1.99531e-09)
(2.69899e-11 1.56193e-08 -1.8263e-10)
(-2.1037e-09 1.30683e-10 1.55229e-08)
(1.53924e-08 -2.50886e-12 2.17252e-09)
(2.83483e-11 1.56206e-08 -1.77071e-10)
(-2.28096e-09 1.28891e-10 1.54957e-08)
(1.53694e-08 -2.36933e-12 2.34443e-09)
(2.94138e-11 1.56219e-08 -1.71524e-10)
(-2.453e-09 1.2642e-10 1.54673e-08)
(1.53452e-08 -2.21962e-12 2.51115e-09)
(3.02559e-11 1.56231e-08 -1.66056e-10)
(-2.61982e-09 1.23521e-10 1.54379e-08)
(1.532e-08 -2.06623e-12 2.67273e-09)
(3.09208e-11 1.56242e-08 -1.60695e-10)
(-2.78143e-09 1.2036e-10 1.54077e-08)
(1.52939e-08 -1.91418e-12 2.82925e-09)
(3.14381e-11 1.56252e-08 -1.55447e-10)
(-2.93788e-09 1.17049e-10 1.53768e-08)
(1.52671e-08 -1.76687e-12 2.9808e-09)
(3.1827e-11 1.56261e-08 -1.50309e-10)
(-3.08926e-09 1.13661e-10 1.53455e-08)
(1.52398e-08 -1.6263e-12 3.12744e-09)
(3.21e-11 1.56269e-08 -1.45277e-10)
(-3.23562e-09 1.10243e-10 1.53137e-08)
(1.5212e-08 -1.49341e-12 3.26926e-09)
(3.22657e-11 1.56277e-08 -1.40346e-10)
(-3.37705e-09 1.06827e-10 1.52817e-08)
(1.51838e-08 -1.36838e-12 3.40634e-09)
(3.2331e-11 1.56283e-08 -1.35511e-10)
(-3.51364e-09 1.03432e-10 1.52495e-08)
(1.51554e-08 -1.25097e-12 3.53875e-09)
(3.23016e-11 1.56289e-08 -1.30772e-10)
(-3.64547e-09 1.0007e-10 1.52172e-08)
(1.51269e-08 -1.14068e-12 3.66659e-09)
(3.2183e-11 1.56294e-08 -1.26125e-10)
(-3.77262e-09 9.67493e-11 1.51849e-08)
(1.50984e-08 -1.03693e-12 3.78994e-09)
(3.19804e-11 1.56299e-08 -1.2157e-10)
(-3.8952e-09 9.34749e-11 1.51528e-08)
(1.50699e-08 -9.39129e-13 3.90888e-09)
(3.16993e-11 1.56303e-08 -1.17107e-10)
(-4.01328e-09 9.025e-11 1.51208e-08)
(1.50416e-08 -8.46751e-13 4.02351e-09)
(3.13451e-11 1.56306e-08 -1.12735e-10)
(-4.12697e-09 8.70766e-11 1.50891e-08)
(1.50135e-08 -7.59335e-13 4.1339e-09)
(3.09232e-11 1.56309e-08 -1.08455e-10)
(-4.23635e-09 8.39563e-11 1.50578e-08)
(1.49857e-08 -6.765e-13 4.24015e-09)
(3.0439e-11 1.56311e-08 -1.04266e-10)
(-4.34152e-09 8.089e-11 1.50269e-08)
(1.49582e-08 -5.97941e-13 4.34234e-09)
(2.98978e-11 1.56313e-08 -1.00169e-10)
(-4.44257e-09 7.78785e-11 1.49964e-08)
(1.49311e-08 -5.23416e-13 4.44056e-09)
(2.93049e-11 1.56314e-08 -9.61629e-11)
(-4.53959e-09 7.49222e-11 1.49664e-08)
(1.49045e-08 -4.52732e-13 4.5349e-09)
(2.86651e-11 1.56315e-08 -9.22477e-11)
(-4.63267e-09 7.20217e-11 1.49371e-08)
(1.48784e-08 -3.85738e-13 4.62544e-09)
(2.79834e-11 1.56316e-08 -8.84231e-11)
(-4.72191e-09 6.91772e-11 1.49084e-08)
(1.48528e-08 -3.2231e-13 4.71228e-09)
(2.72644e-11 1.56316e-08 -8.46888e-11)
(-4.80739e-09 6.6389e-11 1.48803e-08)
(1.48278e-08 -2.62344e-13 4.7955e-09)
(2.65126e-11 1.56316e-08 -8.10441e-11)
(-4.88921e-09 6.36574e-11 1.48529e-08)
(1.48035e-08 -2.05752e-13 4.87519e-09)
(2.57322e-11 1.56315e-08 -7.74886e-11)
(-4.96745e-09 6.09826e-11 1.48263e-08)
(1.47798e-08 -1.52453e-13 4.95143e-09)
(2.49272e-11 1.56314e-08 -7.40216e-11)
(-5.04221e-09 5.83647e-11 1.48004e-08)
(1.47568e-08 -1.02372e-13 5.0243e-09)
(2.41016e-11 1.56313e-08 -7.06425e-11)
(-5.11357e-09 5.58038e-11 1.47754e-08)
(1.47345e-08 -5.54367e-14 5.09391e-09)
(2.3259e-11 1.56312e-08 -6.73505e-11)
(-5.18163e-09 5.33001e-11 1.47511e-08)
(1.47129e-08 -1.15763e-14 5.16032e-09)
(2.24028e-11 1.5631e-08 -6.41448e-11)
(-5.24646e-09 5.08537e-11 1.47277e-08)
(1.46921e-08 2.92802e-14 5.22362e-09)
(2.15364e-11 1.56308e-08 -6.10247e-11)
(-5.30816e-09 4.84645e-11 1.47051e-08)
(1.46721e-08 6.72038e-14 5.2839e-09)
(2.06628e-11 1.56306e-08 -5.79895e-11)
(-5.36681e-09 4.61326e-11 1.46834e-08)
(1.46527e-08 1.02266e-13 5.34124e-09)
(1.9785e-11 1.56303e-08 -5.50382e-11)
(-5.42249e-09 4.38581e-11 1.46625e-08)
(1.46342e-08 1.3454e-13 5.39572e-09)
(1.89057e-11 1.56301e-08 -5.217e-11)
(-5.47529e-09 4.1641e-11 1.46425e-08)
(1.46165e-08 1.64099e-13 5.44742e-09)
(1.80276e-11 1.56298e-08 -4.93843e-11)
(-5.52528e-09 3.94812e-11 1.46233e-08)
(1.45995e-08 1.91016e-13 5.49642e-09)
(1.71532e-11 1.56296e-08 -4.668e-11)
(-5.57256e-09 3.73787e-11 1.46051e-08)
(1.45833e-08 2.15366e-13 5.5428e-09)
(1.62846e-11 1.56293e-08 -4.40565e-11)
(-5.61721e-09 3.53334e-11 1.45877e-08)
(1.45679e-08 2.37224e-13 5.58664e-09)
(1.54241e-11 1.5629e-08 -4.15128e-11)
(-5.65929e-09 3.33454e-11 1.45711e-08)
(1.45532e-08 2.56667e-13 5.62802e-09)
(1.45737e-11 1.56286e-08 -3.90483e-11)
(-5.6989e-09 3.14145e-11 1.45554e-08)
(1.45393e-08 2.73769e-13 5.66702e-09)
(1.37353e-11 1.56283e-08 -3.66621e-11)
(-5.73611e-09 2.95408e-11 1.45406e-08)
(1.45262e-08 2.88606e-13 5.70371e-09)
(1.29106e-11 1.5628e-08 -3.43535e-11)
(-5.771e-09 2.7724e-11 1.45265e-08)
(1.45138e-08 3.01254e-13 5.73817e-09)
(1.21013e-11 1.56277e-08 -3.21218e-11)
(-5.80364e-09 2.59641e-11 1.45133e-08)
(1.45021e-08 3.1179e-13 5.77048e-09)
(1.13088e-11 1.56273e-08 -2.99662e-11)
(-5.83412e-09 2.42611e-11 1.45009e-08)
(1.44911e-08 3.20288e-13 5.8007e-09)
(1.05346e-11 1.5627e-08 -2.78861e-11)
(-5.8625e-09 2.26148e-11 1.44893e-08)
(1.44809e-08 3.26826e-13 5.82892e-09)
(9.77988e-12 1.56267e-08 -2.58807e-11)
(-5.88887e-09 2.10251e-11 1.44785e-08)
(1.44713e-08 3.31478e-13 5.85522e-09)
(9.04594e-12 1.56264e-08 -2.39495e-11)
(-5.91329e-09 1.94919e-11 1.44684e-08)
(1.44624e-08 3.34321e-13 5.87965e-09)
(8.3338e-12 1.5626e-08 -2.20918e-11)
(-5.93584e-09 1.8015e-11 1.44591e-08)
(1.44541e-08 3.35428e-13 5.9023e-09)
(7.64446e-12 1.56257e-08 -2.03071e-11)
(-5.95659e-09 1.65945e-11 1.44504e-08)
(1.44465e-08 3.34874e-13 5.92323e-09)
(6.97881e-12 1.56254e-08 -1.85947e-11)
(-5.97562e-09 1.52301e-11 1.44425e-08)
(1.44395e-08 3.32735e-13 5.94253e-09)
(6.33765e-12 1.56251e-08 -1.69542e-11)
(-5.993e-09 1.39218e-11 1.44352e-08)
(1.4433e-08 3.29084e-13 5.96025e-09)
(5.72171e-12 1.56247e-08 -1.53851e-11)
(-6.0088e-09 1.26694e-11 1.44285e-08)
(1.44271e-08 3.23994e-13 5.97648e-09)
(5.13165e-12 1.56244e-08 -1.38868e-11)
(-6.02308e-09 1.14727e-11 1.44225e-08)
(1.44218e-08 3.17539e-13 5.99128e-09)
(4.56802e-12 1.56242e-08 -1.2459e-11)
(-6.03593e-09 1.03317e-11 1.44171e-08)
(1.44169e-08 3.0979e-13 6.00472e-09)
(4.03134e-12 1.56239e-08 -1.11011e-11)
(-6.04741e-09 9.24631e-12 1.44122e-08)
(1.44126e-08 3.00821e-13 6.01687e-09)
(3.52204e-12 1.56236e-08 -9.81289e-12)
(-6.05759e-09 8.2163e-12 1.44079e-08)
(1.44087e-08 2.90706e-13 6.02781e-09)
(3.04051e-12 1.56233e-08 -8.5939e-12)
(-6.06653e-09 7.24159e-12 1.44041e-08)
(1.44052e-08 2.79519e-13 6.03759e-09)
(2.58707e-12 1.56231e-08 -7.44383e-12)
(-6.07432e-09 6.32206e-12 1.44008e-08)
(1.44021e-08 2.67335e-13 6.04629e-09)
(2.16202e-12 1.56228e-08 -6.3624e-12)
(-6.08101e-09 5.45761e-12 1.43979e-08)
(1.43995e-08 2.54235e-13 6.05399e-09)
(1.7656e-12 1.56226e-08 -5.34937e-12)
(-6.08668e-09 4.6481e-12 1.43955e-08)
(1.43971e-08 2.40309e-13 6.06073e-09)
(1.39804e-12 1.56224e-08 -4.40454e-12)
(-6.09139e-09 3.89341e-12 1.43935e-08)
(1.43951e-08 2.25661e-13 6.0666e-09)
(1.05955e-12 1.56222e-08 -3.52781e-12)
(-6.09521e-09 3.19339e-12 1.43919e-08)
(1.43935e-08 2.10423e-13 6.07166e-09)
(7.5033e-13 1.5622e-08 -2.71914e-12)
(-6.09821e-09 2.54786e-12 1.43906e-08)
(1.4392e-08 1.94762e-13 6.07598e-09)
(4.7058e-13 1.56218e-08 -1.97857e-12)
(-6.10045e-09 1.95658e-12 1.43896e-08)
(1.43909e-08 1.78905e-13 6.07962e-09)
(2.20451e-13 1.56217e-08 -1.30621e-12)
(-6.10201e-09 1.41921e-12 1.4389e-08)
(1.43899e-08 1.63153e-13 6.08265e-09)
(-1.52453e-17 1.56215e-08 -7.02161e-13)
(-6.10295e-09 9.35318e-13 1.43886e-08)
(1.43891e-08 1.47909e-13 6.08514e-09)
(-1.91069e-13 1.56214e-08 -1.66337e-13)
(-6.10334e-09 5.04305e-13 1.43884e-08)
(1.43885e-08 1.33685e-13 6.08715e-09)
(-3.53618e-13 1.56213e-08 3.01933e-13)
(-6.10324e-09 1.25542e-13 1.43884e-08)
(1.43881e-08 1.21076e-13 6.08874e-09)
(-4.89851e-13 1.56212e-08 7.04695e-13)
(-6.10273e-09 -2.01308e-13 1.43886e-08)
(1.43878e-08 1.10654e-13 6.08998e-09)
(-6.04279e-13 1.56211e-08 1.04677e-12)
(-6.10187e-09 -4.75363e-13 1.4389e-08)
(1.43875e-08 1.03344e-13 6.09091e-09)
(-7.05356e-13 1.56211e-08 1.33785e-12)
(-6.10072e-09 -6.92405e-13 1.43895e-08)
(1.43874e-08 1.01782e-13 6.09159e-09)
(-8.03544e-13 1.5621e-08 1.59621e-12)
(-6.09933e-09 -8.41181e-13 1.43901e-08)
(1.43872e-08 1.05616e-13 6.09207e-09)
(-9.00958e-13 1.5621e-08 1.85066e-12)
(-6.09773e-09 -9.00416e-13 1.43908e-08)
(-1.01766e-12 1.56207e-08 2.10676e-12)
(-6.09568e-09 -8.43314e-13 1.43915e-08)
(1.55511e-08 -5.28914e-12 1.69671e-10)
(3.21507e-11 1.56607e-08 -1.06024e-10)
(-7.51832e-11 2.65002e-11 1.56155e-08)
(1.55274e-08 -5.10393e-12 3.80818e-10)
(-5.23141e-12 1.56398e-08 -2.43719e-10)
(-4.53633e-10 8.582e-11 1.56331e-08)
(1.55163e-08 -3.97185e-12 6.03713e-10)
(-3.82558e-12 1.563e-08 -2.83982e-10)
(-6.97636e-10 1.42076e-10 1.5638e-08)
(1.55062e-08 -3.61491e-12 8.20413e-10)
(6.89001e-12 1.56234e-08 -2.96468e-10)
(-9.17492e-10 1.79916e-10 1.56359e-08)
(1.5495e-08 -3.82248e-12 1.02997e-09)
(1.65307e-11 1.56203e-08 -3.00388e-10)
(-1.13055e-09 2.03057e-10 1.56267e-08)
(1.54823e-08 -4.16956e-12 1.23336e-09)
(2.4122e-11 1.56194e-08 -2.9932e-10)
(-1.33707e-09 2.16268e-10 1.5612e-08)
(1.54677e-08 -4.46029e-12 1.43107e-09)
(2.99524e-11 1.56196e-08 -2.94968e-10)
(-1.53774e-09 2.2278e-10 1.55931e-08)
(1.54512e-08 -4.62281e-12 1.62339e-09)
(3.43813e-11 1.56205e-08 -2.88609e-10)
(-1.7328e-09 2.24803e-10 1.55711e-08)
(1.5433e-08 -4.64803e-12 1.81049e-09)
(3.77545e-11 1.56216e-08 -2.81135e-10)
(-1.9222e-09 2.23862e-10 1.55468e-08)
(1.5413e-08 -4.55773e-12 1.99242e-09)
(4.03494e-11 1.56228e-08 -2.73125e-10)
(-2.10593e-09 2.20988e-10 1.55208e-08)
(1.53916e-08 -4.38335e-12 2.16921e-09)
(4.23706e-11 1.56241e-08 -2.64927e-10)
(-2.28404e-09 2.16878e-10 1.54933e-08)
(1.53687e-08 -4.155e-12 2.34089e-09)
(4.39635e-11 1.56252e-08 -2.56729e-10)
(-2.45661e-09 2.11997e-10 1.54648e-08)
(1.53447e-08 -3.89721e-12 2.50747e-09)
(4.52275e-11 1.56263e-08 -2.48626e-10)
(-2.62373e-09 2.06652e-10 1.54353e-08)
(1.53196e-08 -3.62796e-12 2.669e-09)
(4.62285e-11 1.56273e-08 -2.40659e-10)
(-2.7855e-09 2.01046e-10 1.54051e-08)
(1.52937e-08 -3.35931e-12 2.82552e-09)
(4.70091e-11 1.56282e-08 -2.3284e-10)
(-2.94204e-09 1.95306e-10 1.53742e-08)
(1.5267e-08 -3.0986e-12 2.9771e-09)
(4.75971e-11 1.5629e-08 -2.25173e-10)
(-3.09343e-09 1.89517e-10 1.53429e-08)
(1.52397e-08 -2.84978e-12 3.12378e-09)
(4.80108e-11 1.56297e-08 -2.17653e-10)
(-3.23978e-09 1.83729e-10 1.53111e-08)
(1.5212e-08 -2.61445e-12 3.26565e-09)
(4.82632e-11 1.56304e-08 -2.10277e-10)
(-3.38117e-09 1.77977e-10 1.52791e-08)
(1.51839e-08 -2.39283e-12 3.40279e-09)
(4.83644e-11 1.56309e-08 -2.03042e-10)
(-3.5177e-09 1.72281e-10 1.5247e-08)
(1.51556e-08 -2.18433e-12 3.53527e-09)
(4.83233e-11 1.56314e-08 -1.95944e-10)
(-3.64947e-09 1.66653e-10 1.52147e-08)
(1.51272e-08 -1.98801e-12 3.66318e-09)
(4.81481e-11 1.56318e-08 -1.88984e-10)
(-3.77656e-09 1.61103e-10 1.51825e-08)
(1.50987e-08 -1.80284e-12 3.78659e-09)
(4.78469e-11 1.56321e-08 -1.82161e-10)
(-3.89906e-09 1.55634e-10 1.51504e-08)
(1.50703e-08 -1.62782e-12 3.90561e-09)
(4.74279e-11 1.56324e-08 -1.75474e-10)
(-4.01708e-09 1.50251e-10 1.51185e-08)
(1.5042e-08 -1.4621e-12 4.0203e-09)
(4.68992e-11 1.56327e-08 -1.68923e-10)
(-4.1307e-09 1.44957e-10 1.50868e-08)
(1.5014e-08 -1.30495e-12 4.13076e-09)
(4.62691e-11 1.56328e-08 -1.62509e-10)
(-4.24001e-09 1.39751e-10 1.50555e-08)
(1.49862e-08 -1.15578e-12 4.23708e-09)
(4.55456e-11 1.5633e-08 -1.56232e-10)
(-4.3451e-09 1.34637e-10 1.50246e-08)
(1.49587e-08 -1.01416e-12 4.33934e-09)
(4.47366e-11 1.56331e-08 -1.50092e-10)
(-4.44608e-09 1.29614e-10 1.49942e-08)
(1.49317e-08 -8.79704e-13 4.43763e-09)
(4.385e-11 1.56331e-08 -1.44088e-10)
(-4.54303e-09 1.24684e-10 1.49643e-08)
(1.49051e-08 -7.52147e-13 4.53203e-09)
(4.28932e-11 1.56331e-08 -1.38221e-10)
(-4.63604e-09 1.19848e-10 1.4935e-08)
(1.4879e-08 -6.31256e-13 4.62265e-09)
(4.18736e-11 1.56331e-08 -1.32489e-10)
(-4.7252e-09 1.15104e-10 1.49063e-08)
(1.48535e-08 -5.16845e-13 4.70956e-09)
(4.0798e-11 1.56331e-08 -1.26892e-10)
(-4.81061e-09 1.10455e-10 1.48783e-08)
(1.48285e-08 -4.0875e-13 4.79284e-09)
(3.96731e-11 1.5633e-08 -1.2143e-10)
(-4.89236e-09 1.059e-10 1.4851e-08)
(1.48042e-08 -3.06826e-13 4.8726e-09)
(3.85053e-11 1.56328e-08 -1.16101e-10)
(-4.97054e-09 1.0144e-10 1.48244e-08)
(1.47805e-08 -2.10937e-13 4.9489e-09)
(3.73007e-11 1.56327e-08 -1.10905e-10)
(-5.04523e-09 9.70752e-11 1.47986e-08)
(1.47575e-08 -1.2095e-13 5.02185e-09)
(3.60651e-11 1.56325e-08 -1.05841e-10)
(-5.11652e-09 9.28053e-11 1.47736e-08)
(1.47353e-08 -3.67372e-14 5.09152e-09)
(3.4804e-11 1.56323e-08 -1.00907e-10)
(-5.18451e-09 8.86308e-11 1.47494e-08)
(1.47137e-08 4.18326e-14 5.15799e-09)
(3.35224e-11 1.56321e-08 -9.61029e-11)
(-5.24927e-09 8.45517e-11 1.4726e-08)
(1.46929e-08 1.1489e-13 5.22136e-09)
(3.22255e-11 1.56318e-08 -9.14269e-11)
(-5.3109e-09 8.05683e-11 1.47034e-08)
(1.46728e-08 1.82567e-13 5.2817e-09)
(3.09178e-11 1.56316e-08 -8.68779e-11)
(-5.36948e-09 7.66804e-11 1.46817e-08)
(1.46535e-08 2.44998e-13 5.3391e-09)
(2.96037e-11 1.56313e-08 -8.24548e-11)
(-5.4251e-09 7.28882e-11 1.46609e-08)
(1.4635e-08 3.02318e-13 5.39364e-09)
(2.82875e-11 1.5631e-08 -7.81564e-11)
(-5.47783e-09 6.91916e-11 1.4641e-08)
(1.46172e-08 3.54665e-13 5.4454e-09)
(2.69729e-11 1.56307e-08 -7.39815e-11)
(-5.52776e-09 6.55907e-11 1.46219e-08)
(1.46002e-08 4.02175e-13 5.49446e-09)
(2.56637e-11 1.56304e-08 -6.99287e-11)
(-5.57497e-09 6.20853e-11 1.46036e-08)
(1.4584e-08 4.44988e-13 5.5409e-09)
(2.43634e-11 1.563e-08 -6.59969e-11)
(-5.61955e-09 5.86755e-11 1.45863e-08)
(1.45686e-08 4.83243e-13 5.5848e-09)
(2.30751e-11 1.56297e-08 -6.2185e-11)
(-5.66157e-09 5.5361e-11 1.45698e-08)
(1.45539e-08 5.17081e-13 5.62624e-09)
(2.18019e-11 1.56293e-08 -5.84916e-11)
(-5.70111e-09 5.21419e-11 1.45541e-08)
(1.454e-08 5.46642e-13 5.6653e-09)
(2.05467e-11 1.5629e-08 -5.49157e-11)
(-5.73826e-09 4.9018e-11 1.45393e-08)
(1.45268e-08 5.72065e-13 5.70204e-09)
(1.93119e-11 1.56286e-08 -5.14561e-11)
(-5.77308e-09 4.59891e-11 1.45253e-08)
(1.45144e-08 5.93493e-13 5.73656e-09)
(1.81002e-11 1.56282e-08 -4.81118e-11)
(-5.80566e-09 4.30552e-11 1.45122e-08)
(1.45027e-08 6.11064e-13 5.76892e-09)
(1.69137e-11 1.56279e-08 -4.48816e-11)
(-5.83607e-09 4.0216e-11 1.44998e-08)
(1.44918e-08 6.24917e-13 5.79921e-09)
(1.57546e-11 1.56275e-08 -4.17645e-11)
(-5.86438e-09 3.74714e-11 1.44882e-08)
(1.44815e-08 6.35193e-13 5.82748e-09)
(1.46247e-11 1.56272e-08 -3.87595e-11)
(-5.89068e-09 3.48212e-11 1.44774e-08)
(1.44719e-08 6.42031e-13 5.85383e-09)
(1.35259e-11 1.56268e-08 -3.58657e-11)
(-5.91504e-09 3.22652e-11 1.44674e-08)
(1.4463e-08 6.45568e-13 5.87832e-09)
(1.24597e-11 1.56264e-08 -3.30821e-11)
(-5.93753e-09 2.98033e-11 1.44581e-08)
(1.44547e-08 6.45942e-13 5.90102e-09)
(1.14277e-11 1.56261e-08 -3.04078e-11)
(-5.95822e-09 2.74353e-11 1.44495e-08)
(1.4447e-08 6.43291e-13 5.92201e-09)
(1.04312e-11 1.56257e-08 -2.78421e-11)
(-5.97718e-09 2.51609e-11 1.44416e-08)
(1.444e-08 6.3775e-13 5.94135e-09)
(9.47133e-12 1.56254e-08 -2.53841e-11)
(-5.9945e-09 2.29799e-11 1.44343e-08)
(1.44335e-08 6.29454e-13 5.95913e-09)
(8.54928e-12 1.56251e-08 -2.3033e-11)
(-6.01023e-09 2.08922e-11 1.44277e-08)
(1.44276e-08 6.18537e-13 5.97541e-09)
(7.66597e-12 1.56247e-08 -2.07882e-11)
(-6.02445e-09 1.88975e-11 1.44217e-08)
(1.44222e-08 6.05133e-13 5.99026e-09)
(6.82227e-12 1.56244e-08 -1.8649e-11)
(-6.03724e-09 1.69957e-11 1.44164e-08)
(1.44173e-08 5.89371e-13 6.00376e-09)
(6.01894e-12 1.56241e-08 -1.66147e-11)
(-6.04865e-09 1.51865e-11 1.44115e-08)
(1.4413e-08 5.71385e-13 6.01596e-09)
(5.25662e-12 1.56238e-08 -1.46847e-11)
(-6.05876e-09 1.34697e-11 1.44073e-08)
(1.4409e-08 5.51304e-13 6.02695e-09)
(4.5359e-12 1.56235e-08 -1.28585e-11)
(-6.06765e-09 1.18451e-11 1.44035e-08)
(1.44055e-08 5.29261e-13 6.03678e-09)
(3.85725e-12 1.56233e-08 -1.11356e-11)
(-6.07537e-09 1.03125e-11 1.44002e-08)
(1.44025e-08 5.05387e-13 6.04554e-09)
(3.22109e-12 1.5623e-08 -9.51561e-12)
(-6.082e-09 8.87183e-12 1.43974e-08)
(1.43998e-08 4.79816e-13 6.05328e-09)
(2.62779e-12 1.56228e-08 -7.99804e-12)
(-6.0876e-09 7.52278e-12 1.4395e-08)
(1.43974e-08 4.52689e-13 6.06007e-09)
(2.07767e-12 1.56225e-08 -6.58263e-12)
(-6.09224e-09 6.26521e-12 1.4393e-08)
(1.43954e-08 4.24163e-13 6.06599e-09)
(1.57102e-12 1.56223e-08 -5.26917e-12)
(-6.096e-09 5.09893e-12 1.43915e-08)
(1.43937e-08 3.94419e-13 6.0711e-09)
(1.1081e-12 1.56221e-08 -4.05753e-12)
(-6.09894e-09 4.02371e-12 1.43902e-08)
(1.43922e-08 3.63693e-13 6.07547e-09)
(6.89185e-13 1.56219e-08 -2.94772e-12)
(-6.10112e-09 3.03929e-12 1.43893e-08)
(1.4391e-08 3.32303e-13 6.07916e-09)
(3.14474e-13 1.56218e-08 -1.93981e-12)
(-6.10262e-09 2.14525e-12 1.43886e-08)
(1.43901e-08 3.00701e-13 6.08224e-09)
(-1.59605e-14 1.56216e-08 -1.0339e-12)
(-6.10349e-09 1.34098e-12 1.43883e-08)
(1.43893e-08 2.6954e-13 6.08477e-09)
(-3.02412e-13 1.56215e-08 -2.29866e-13)
(-6.10382e-09 6.25507e-13 1.43881e-08)
(1.43887e-08 2.39746e-13 6.08682e-09)
(-5.46047e-13 1.56214e-08 4.73141e-13)
(-6.10366e-09 -2.56499e-15 1.43882e-08)
(1.43882e-08 2.12584e-13 6.08845e-09)
(-7.49904e-13 1.56213e-08 1.07782e-12)
(-6.10309e-09 -5.45029e-13 1.43885e-08)
(1.43879e-08 1.89438e-13 6.08972e-09)
(-9.20924e-13 1.56212e-08 1.59095e-12)
(-6.10217e-09 -1.00338e-12 1.43889e-08)
(1.43876e-08 1.71283e-13 6.09067e-09)
(-1.0744e-12 1.56211e-08 2.02704e-12)
(-6.10095e-09 -1.3763e-12 1.43894e-08)
(1.43875e-08 1.59609e-13 6.09136e-09)
(-1.23213e-12 1.5621e-08 2.41724e-12)
(-6.09948e-09 -1.65267e-12 1.439e-08)
(1.43873e-08 1.53425e-13 6.09183e-09)
(-1.38062e-12 1.5621e-08 2.82661e-12)
(-6.09776e-09 -1.7976e-12 1.43907e-08)
(-1.48715e-12 1.56207e-08 3.30381e-12)
(-6.0955e-09 -1.73302e-12 1.43915e-08)
(1.5541e-08 -1.00336e-11 2.42626e-10)
(5.53252e-11 1.04075e-10 1.55945e-08)
(1.55241e-08 8.60275e-12 4.11048e-10)
(-3.84185e-10 2.44546e-10 1.56538e-08)
(1.55136e-08 7.53451e-12 6.19175e-10)
(-6.60652e-10 2.95382e-10 1.56469e-08)
(1.55034e-08 2.59628e-12 8.29276e-10)
(-8.95595e-10 3.16944e-10 1.56399e-08)
(1.54926e-08 -1.22503e-12 1.03391e-09)
(-1.11835e-09 3.28099e-10 1.56278e-08)
(1.54804e-08 -3.72397e-12 1.23357e-09)
(-1.33163e-09 3.32377e-10 1.56107e-08)
(1.54664e-08 -5.23106e-12 1.42867e-09)
(-1.53685e-09 3.31698e-10 1.55902e-08)
(1.54505e-08 -6.01825e-12 1.61926e-09)
(-1.73484e-09 3.27732e-10 1.5567e-08)
(1.54326e-08 -6.30479e-12 1.80528e-09)
(-1.92607e-09 3.21718e-10 1.5542e-08)
(1.5413e-08 -6.26004e-12 1.98657e-09)
(-2.11091e-09 3.14494e-10 1.55155e-08)
(1.53918e-08 -6.00925e-12 2.16301e-09)
(-2.28965e-09 3.06594e-10 1.54878e-08)
(1.53691e-08 -5.64149e-12 2.33453e-09)
(-2.46256e-09 2.98349e-10 1.54591e-08)
(1.53452e-08 -5.2171e-12 2.50106e-09)
(-2.62984e-09 2.89957e-10 1.54296e-08)
(1.53202e-08 -4.77462e-12 2.6626e-09)
(-2.79167e-09 2.81534e-10 1.53995e-08)
(1.52944e-08 -4.33709e-12 2.81917e-09)
(-2.94819e-09 2.73146e-10 1.53687e-08)
(1.52677e-08 -3.91701e-12 2.97082e-09)
(-3.09953e-09 2.64831e-10 1.53375e-08)
(1.52405e-08 -3.52019e-12 3.11759e-09)
(-3.2458e-09 2.56609e-10 1.53059e-08)
(1.52129e-08 -3.14843e-12 3.25956e-09)
(-3.3871e-09 2.48493e-10 1.5274e-08)
(1.51848e-08 -2.80132e-12 3.3968e-09)
(-3.52353e-09 2.40489e-10 1.5242e-08)
(1.51566e-08 -2.47742e-12 3.52938e-09)
(-3.6552e-09 2.32602e-10 1.52098e-08)
(1.51282e-08 -2.17491e-12 3.65739e-09)
(-3.78219e-09 2.24835e-10 1.51777e-08)
(1.50997e-08 -1.89199e-12 3.78092e-09)
(-3.90459e-09 2.17188e-10 1.51458e-08)
(1.50714e-08 -1.62702e-12 3.90004e-09)
(-4.0225e-09 2.09665e-10 1.5114e-08)
(1.50431e-08 -1.37861e-12 4.01484e-09)
(-4.13602e-09 2.02266e-10 1.50824e-08)
(1.50151e-08 -1.14564e-12 4.12541e-09)
(-4.24523e-09 1.94993e-10 1.50512e-08)
(1.49873e-08 -9.27152e-13 4.23183e-09)
(-4.35022e-09 1.87847e-10 1.50205e-08)
(1.49599e-08 -7.2239e-13 4.3342e-09)
(-4.4511e-09 1.80828e-10 1.49901e-08)
(1.49329e-08 -5.30709e-13 4.4326e-09)
(-4.54794e-09 1.73938e-10 1.49604e-08)
(1.49063e-08 -3.51563e-13 4.52711e-09)
(-4.64086e-09 1.67178e-10 1.49311e-08)
(1.48802e-08 -1.84467e-13 4.61784e-09)
(-4.72992e-09 1.60548e-10 1.49026e-08)
(1.48547e-08 -2.89809e-14 4.70485e-09)
(-4.81524e-09 1.54048e-10 1.48747e-08)
(1.48297e-08 1.15306e-13 4.78824e-09)
(-4.89689e-09 1.4768e-10 1.48474e-08)
(1.48054e-08 2.48787e-13 4.86811e-09)
(-4.97497e-09 1.41443e-10 1.4821e-08)
(1.47818e-08 3.7184e-13 4.94452e-09)
(-5.04956e-09 1.35339e-10 1.47952e-08)
(1.47588e-08 4.84833e-13 5.01757e-09)
(-5.12076e-09 1.29367e-10 1.47703e-08)
(1.47365e-08 5.88131e-13 5.08734e-09)
(-5.18865e-09 1.23528e-10 1.47462e-08)
(1.47149e-08 6.8209e-13 5.15392e-09)
(-5.25332e-09 1.17822e-10 1.47229e-08)
(1.46941e-08 7.67065e-13 5.2174e-09)
(-5.31485e-09 1.12249e-10 1.47005e-08)
(1.4674e-08 8.434e-13 5.27784e-09)
(-5.37334e-09 1.06809e-10 1.46789e-08)
(1.46547e-08 9.11438e-13 5.33535e-09)
(-5.42886e-09 1.01503e-10 1.46581e-08)
(1.46361e-08 9.71513e-13 5.38999e-09)
(-5.4815e-09 9.63299e-11 1.46383e-08)
(1.46183e-08 1.02395e-12 5.44185e-09)
(-5.53134e-09 9.12904e-11 1.46193e-08)
(1.46013e-08 1.06908e-12 5.49101e-09)
(-5.57846e-09 8.63842e-11 1.46011e-08)
(1.45851e-08 1.10721e-12 5.53755e-09)
(-5.62294e-09 8.16114e-11 1.45838e-08)
(1.45697e-08 1.13865e-12 5.58156e-09)
(-5.66487e-09 7.69718e-11 1.45674e-08)
(1.4555e-08 1.16369e-12 5.6231e-09)
(-5.70432e-09 7.24653e-11 1.45519e-08)
(1.4541e-08 1.18264e-12 5.66225e-09)
(-5.74137e-09 6.80919e-11 1.45371e-08)
(1.45279e-08 1.19578e-12 5.6991e-09)
(-5.7761e-09 6.38513e-11 1.45232e-08)
(1.45154e-08 1.20339e-12 5.73371e-09)
(-5.80859e-09 5.97434e-11 1.45102e-08)
(1.45037e-08 1.20575e-12 5.76617e-09)
(-5.8389e-09 5.5768e-11 1.44979e-08)
(1.44927e-08 1.2031e-12 5.79655e-09)
(-5.86713e-09 5.19249e-11 1.44864e-08)
(1.44824e-08 1.19572e-12 5.82492e-09)
(-5.89334e-09 4.82139e-11 1.44757e-08)
(1.44728e-08 1.18385e-12 5.85136e-09)
(-5.9176e-09 4.46347e-11 1.44657e-08)
(1.44638e-08 1.16774e-12 5.87595e-09)
(-5.94e-09 4.11872e-11 1.44565e-08)
(1.44555e-08 1.14763e-12 5.89874e-09)
(-5.9606e-09 3.7871e-11 1.44479e-08)
(1.44478e-08 1.12374e-12 5.91983e-09)
(-5.97947e-09 3.46859e-11 1.44401e-08)
(1.44407e-08 1.09632e-12 5.93927e-09)
(-5.99669e-09 3.16317e-11 1.44329e-08)
(1.44342e-08 1.06556e-12 5.95714e-09)
(-6.01233e-09 2.87081e-11 1.44264e-08)
(1.44283e-08 1.03169e-12 5.97351e-09)
(-6.02646e-09 2.59148e-11 1.44205e-08)
(1.44229e-08 9.94922e-13 5.98846e-09)
(-6.03915e-09 2.32515e-11 1.44152e-08)
(1.4418e-08 9.55446e-13 6.00204e-09)
(-6.05047e-09 2.0718e-11 1.44104e-08)
(1.44136e-08 9.13462e-13 6.01434e-09)
(-6.06049e-09 1.83139e-11 1.44062e-08)
(1.44096e-08 8.69161e-13 6.02542e-09)
(-6.06928e-09 1.60391e-11 1.44025e-08)
(1.44061e-08 8.22731e-13 6.03534e-09)
(-6.07691e-09 1.38932e-11 1.43993e-08)
(1.4403e-08 7.74353e-13 6.04419e-09)
(-6.08345e-09 1.1876e-11 1.43965e-08)
(1.44002e-08 7.242e-13 6.05202e-09)
(-6.08896e-09 9.98732e-12 1.43942e-08)
(1.43978e-08 6.72436e-13 6.05891e-09)
(-6.09351e-09 8.22691e-12 1.43923e-08)
(1.43958e-08 6.19219e-13 6.06491e-09)
(-6.09718e-09 6.59466e-12 1.43908e-08)
(1.4394e-08 5.64712e-13 6.07011e-09)
(-6.10002e-09 5.09044e-12 1.43896e-08)
(1.43926e-08 5.09105e-13 6.07457e-09)
(-6.10211e-09 3.71419e-12 1.43887e-08)
(1.43913e-08 4.52667e-13 6.07835e-09)
(-6.10351e-09 2.4658e-12 1.43881e-08)
(1.43903e-08 3.95816e-13 6.08152e-09)
(-6.10429e-09 1.34501e-12 1.43878e-08)
(1.43895e-08 3.39278e-13 6.08414e-09)
(-6.10452e-09 3.51169e-13 1.43878e-08)
(1.43889e-08 2.84403e-13 6.08627e-09)
(-6.10428e-09 -5.17325e-13 1.43879e-08)
(1.43884e-08 2.33853e-13 6.08797e-09)
(-6.10361e-09 -1.26401e-12 1.43882e-08)
(1.4388e-08 1.93272e-13 6.08929e-09)
(-6.10261e-09 -1.89632e-12 1.43886e-08)
(1.43878e-08 1.69803e-13 6.09028e-09)
(-6.10131e-09 -2.42873e-12 1.43892e-08)
(1.43876e-08 1.43514e-13 6.09097e-09)
(-6.09978e-09 -2.88616e-12 1.43899e-08)
(1.43875e-08 4.55649e-14 6.09142e-09)
(-6.09798e-09 -3.28981e-12 1.43907e-08)
(-6.09544e-09 -3.51025e-12 1.43915e-08)
(1.57593e-08 -1.11908e-10 2.49968e-10)
(1.82131e-10 1.55175e-08 1.08559e-10)
(2.65993e-11 -1.0392e-10 1.54073e-08)
(1.57458e-08 -4.33482e-11 4.18142e-10)
(6.67632e-11 1.55272e-08 2.46414e-10)
(-3.83064e-10 -2.42953e-10 1.56008e-08)
(1.57293e-08 -1.97189e-11 6.27848e-10)
(2.08768e-11 1.55244e-08 2.8389e-10)
(-6.49012e-10 -2.93266e-10 1.55377e-08)
(1.57131e-08 -8.30767e-12 8.4001e-10)
(-7.22342e-13 1.5524e-08 2.93327e-10)
(-8.84196e-10 -3.13999e-10 1.55249e-08)
(1.56966e-08 2.18566e-13 1.04716e-09)
(-1.58564e-11 1.55233e-08 2.94392e-10)
(-1.10905e-09 -3.23557e-10 1.55166e-08)
(1.56792e-08 6.34979e-12 1.24968e-09)
(-2.6922e-11 1.55236e-08 2.90976e-10)
(-1.3237e-09 -3.26106e-10 1.5503e-08)
(1.56602e-08 1.03093e-11 1.44767e-09)
(-3.47485e-11 1.55252e-08 2.84949e-10)
(-1.5293e-09 -3.24068e-10 1.54854e-08)
(1.56394e-08 1.2611e-11 1.64097e-09)
(-4.01929e-11 1.55277e-08 2.77564e-10)
(-1.72694e-09 -3.1924e-10 1.54651e-08)
(1.56166e-08 1.37609e-11 1.82937e-09)
(-4.39726e-11 1.55308e-08 2.6959e-10)
(-1.91741e-09 -3.12799e-10 1.54428e-08)
(1.55919e-08 1.4162e-11 2.01268e-09)
(-4.66324e-11 1.55343e-08 2.6146e-10)
(-2.10131e-09 -3.0547e-10 1.54191e-08)
(1.55656e-08 1.41039e-11 2.19081e-09)
(-4.85512e-11 1.55378e-08 2.53393e-10)
(-2.27909e-09 -2.97682e-10 1.53942e-08)
(1.55379e-08 1.37822e-11 2.36369e-09)
(-4.99749e-11 1.55413e-08 2.45478e-10)
(-2.4511e-09 -2.89684e-10 1.53684e-08)
(1.55089e-08 1.33223e-11 2.53132e-09)
(-5.10554e-11 1.55448e-08 2.37744e-10)
(-2.61757e-09 -2.81615e-10 1.53417e-08)
(1.54788e-08 1.2801e-11 2.69373e-09)
(-5.18827e-11 1.55481e-08 2.30186e-10)
(-2.7787e-09 -2.73552e-10 1.53143e-08)
(1.54479e-08 1.22626e-11 2.85098e-09)
(-5.2508e-11 1.55513e-08 2.22792e-10)
(-2.93462e-09 -2.65538e-10 1.52863e-08)
(1.54164e-08 1.17311e-11 3.00314e-09)
(-5.29598e-11 1.55544e-08 2.15547e-10)
(-3.08546e-09 -2.57597e-10 1.52578e-08)
(1.53843e-08 1.12181e-11 3.15027e-09)
(-5.32543e-11 1.55574e-08 2.08439e-10)
(-3.23133e-09 -2.49741e-10 1.52288e-08)
(1.53518e-08 1.07279e-11 3.29248e-09)
(-5.34011e-11 1.55603e-08 2.01461e-10)
(-3.3723e-09 -2.41977e-10 1.51995e-08)
(1.53191e-08 1.02614e-11 3.42984e-09)
(-5.34073e-11 1.55631e-08 1.94607e-10)
(-3.50849e-09 -2.34312e-10 1.517e-08)
(1.52862e-08 9.81748e-12 3.56243e-09)
(-5.3279e-11 1.55657e-08 1.87874e-10)
(-3.63997e-09 -2.26748e-10 1.51404e-08)
(1.52532e-08 9.39432e-12 3.69037e-09)
(-5.30226e-11 1.55683e-08 1.81264e-10)
(-3.76683e-09 -2.1929e-10 1.51107e-08)
(1.52203e-08 8.99013e-12 3.81372e-09)
(-5.26446e-11 1.55708e-08 1.74774e-10)
(-3.88916e-09 -2.11938e-10 1.50811e-08)
(1.51876e-08 8.60324e-12 3.93259e-09)
(-5.2152e-11 1.55732e-08 1.68407e-10)
(-4.00705e-09 -2.04696e-10 1.50517e-08)
(1.5155e-08 8.23226e-12 4.04707e-09)
(-5.15523e-11 1.55755e-08 1.62162e-10)
(-4.12059e-09 -1.97566e-10 1.50224e-08)
(1.51228e-08 7.87607e-12 4.15725e-09)
(-5.08528e-11 1.55777e-08 1.56041e-10)
(-4.22987e-09 -1.90549e-10 1.49935e-08)
(1.50909e-08 7.53376e-12 4.26322e-09)
(-5.00613e-11 1.55798e-08 1.50045e-10)
(-4.33497e-09 -1.83647e-10 1.49649e-08)
(1.50595e-08 7.20465e-12 4.36508e-09)
(-4.91854e-11 1.55819e-08 1.44173e-10)
(-4.43598e-09 -1.76862e-10 1.49367e-08)
(1.50285e-08 6.88814e-12 4.46292e-09)
(-4.82324e-11 1.55839e-08 1.38427e-10)
(-4.533e-09 -1.70195e-10 1.4909e-08)
(1.49981e-08 6.58377e-12 4.55682e-09)
(-4.72096e-11 1.55858e-08 1.32806e-10)
(-4.62612e-09 -1.63647e-10 1.48818e-08)
(1.49683e-08 6.29112e-12 4.64689e-09)
(-4.61241e-11 1.55877e-08 1.27311e-10)
(-4.71542e-09 -1.57219e-10 1.48552e-08)
(1.49391e-08 6.00982e-12 4.73322e-09)
(-4.49826e-11 1.55894e-08 1.21941e-10)
(-4.80099e-09 -1.50913e-10 1.48292e-08)
(1.49106e-08 5.73952e-12 4.81589e-09)
(-4.37915e-11 1.55911e-08 1.16696e-10)
(-4.88291e-09 -1.44729e-10 1.48039e-08)
(1.48828e-08 5.47987e-12 4.895e-09)
(-4.25572e-11 1.55928e-08 1.11575e-10)
(-4.96129e-09 -1.38667e-10 1.47793e-08)
(1.48557e-08 5.23056e-12 4.97063e-09)
(-4.12856e-11 1.55944e-08 1.06579e-10)
(-5.0362e-09 -1.3273e-10 1.47554e-08)
(1.48294e-08 4.99127e-12 5.04288e-09)
(-3.99822e-11 1.55959e-08 1.01706e-10)
(-5.10773e-09 -1.26916e-10 1.47322e-08)
(1.48039e-08 4.76166e-12 5.11184e-09)
(-3.86526e-11 1.55973e-08 9.6955e-11)
(-5.17597e-09 -1.21228e-10 1.47098e-08)
(1.47792e-08 4.54143e-12 5.17758e-09)
(-3.73018e-11 1.55987e-08 9.23262e-11)
(-5.241e-09 -1.15665e-10 1.46881e-08)
(1.47553e-08 4.33025e-12 5.24021e-09)
(-3.59346e-11 1.56e-08 8.78185e-11)
(-5.3029e-09 -1.10227e-10 1.46673e-08)
(1.47323e-08 4.1278e-12 5.2998e-09)
(-3.45558e-11 1.56013e-08 8.3431e-11)
(-5.36176e-09 -1.04916e-10 1.46472e-08)
(1.47101e-08 3.93379e-12 5.35645e-09)
(-3.31696e-11 1.56025e-08 7.91627e-11)
(-5.41766e-09 -9.97322e-11 1.4628e-08)
(1.46887e-08 3.74788e-12 5.41023e-09)
(-3.17801e-11 1.56037e-08 7.50128e-11)
(-5.47069e-09 -9.46749e-11 1.46096e-08)
(1.46682e-08 3.56977e-12 5.46122e-09)
(-3.03913e-11 1.56048e-08 7.09803e-11)
(-5.52092e-09 -8.97448e-11 1.4592e-08)
(1.46486e-08 3.39917e-12 5.50953e-09)
(-2.90069e-11 1.56059e-08 6.70643e-11)
(-5.56844e-09 -8.49422e-11 1.45753e-08)
(1.46298e-08 3.23577e-12 5.55521e-09)
(-2.76302e-11 1.56069e-08 6.32638e-11)
(-5.61332e-09 -8.02673e-11 1.45594e-08)
(1.46118e-08 3.07928e-12 5.59837e-09)
(-2.62645e-11 1.56079e-08 5.9578e-11)
(-5.65565e-09 -7.57202e-11 1.45442e-08)
(1.45948e-08 2.92941e-12 5.63907e-09)
(-2.49128e-11 1.56088e-08 5.60058e-11)
(-5.69549e-09 -7.13011e-11 1.45299e-08)
(1.45785e-08 2.78587e-12 5.67739e-09)
(-2.3578e-11 1.56097e-08 5.25464e-11)
(-5.73294e-09 -6.70101e-11 1.45164e-08)
(1.45631e-08 2.64838e-12 5.71342e-09)
(-2.22628e-11 1.56106e-08 4.91989e-11)
(-5.76806e-09 -6.28472e-11 1.45037e-08)
(1.45485e-08 2.51668e-12 5.74723e-09)
(-2.09695e-11 1.56114e-08 4.59624e-11)
(-5.80093e-09 -5.88125e-11 1.44918e-08)
(1.45346e-08 2.39049e-12 5.7789e-09)
(-1.97005e-11 1.56121e-08 4.2836e-11)
(-5.83163e-09 -5.4906e-11 1.44806e-08)
(1.45216e-08 2.26956e-12 5.80851e-09)
(-1.8458e-11 1.56129e-08 3.98189e-11)
(-5.86023e-09 -5.11277e-11 1.44701e-08)
(1.45094e-08 2.15364e-12 5.83613e-09)
(-1.72438e-11 1.56136e-08 3.69104e-11)
(-5.88681e-09 -4.74776e-11 1.44604e-08)
(1.44979e-08 2.04246e-12 5.86184e-09)
(-1.60598e-11 1.56142e-08 3.41096e-11)
(-5.91143e-09 -4.39557e-11 1.44514e-08)
(1.44871e-08 1.93579e-12 5.88571e-09)
(-1.49076e-11 1.56149e-08 3.14159e-11)
(-5.93418e-09 -4.05619e-11 1.44431e-08)
(1.44771e-08 1.83339e-12 5.90781e-09)
(-1.37888e-11 1.56154e-08 2.88284e-11)
(-5.95513e-09 -3.72962e-11 1.44355e-08)
(1.44677e-08 1.73502e-12 5.92823e-09)
(-1.27048e-11 1.5616e-08 2.63466e-11)
(-5.97434e-09 -3.41584e-11 1.44285e-08)
(1.44591e-08 1.64046e-12 5.94703e-09)
(-1.16567e-11 1.56165e-08 2.39699e-11)
(-5.99188e-09 -3.11485e-11 1.44222e-08)
(1.4451e-08 1.54948e-12 5.96428e-09)
(-1.06457e-11 1.5617e-08 2.16975e-11)
(-6.00784e-09 -2.82663e-11 1.44164e-08)
(1.44436e-08 1.46187e-12 5.98005e-09)
(-9.67289e-12 1.56175e-08 1.9529e-11)
(-6.02228e-09 -2.55118e-11 1.44113e-08)
(1.44369e-08 1.37742e-12 5.99443e-09)
(-8.73909e-12 1.5618e-08 1.74637e-11)
(-6.03526e-09 -2.28848e-11 1.44067e-08)
(1.44306e-08 1.29592e-12 6.00747e-09)
(-7.8451e-12 1.56184e-08 1.55013e-11)
(-6.04687e-09 -2.03852e-11 1.44026e-08)
(1.4425e-08 1.21717e-12 6.01924e-09)
(-6.99162e-12 1.56188e-08 1.36412e-11)
(-6.05716e-09 -1.80129e-11 1.4399e-08)
(1.44199e-08 1.14097e-12 6.02983e-09)
(-6.17925e-12 1.56191e-08 1.1883e-11)
(-6.06621e-09 -1.57676e-11 1.43959e-08)
(1.44152e-08 1.06711e-12 6.03929e-09)
(-5.40849e-12 1.56195e-08 1.02264e-11)
(-6.07408e-09 -1.36492e-11 1.43933e-08)
(1.44111e-08 9.95367e-13 6.0477e-09)
(-4.67976e-12 1.56198e-08 8.67092e-12)
(-6.08085e-09 -1.16577e-11 1.43911e-08)
(1.44074e-08 9.25554e-13 6.05512e-09)
(-3.99343e-12 1.56201e-08 7.21641e-12)
(-6.08659e-09 -9.79283e-12 1.43893e-08)
(1.44041e-08 8.57475e-13 6.06162e-09)
(-3.3498e-12 1.56204e-08 5.86266e-12)
(-6.09135e-09 -8.05459e-12 1.43878e-08)
(1.44012e-08 7.9095e-13 6.06728e-09)
(-2.74912e-12 1.56206e-08 4.60957e-12)
(-6.09521e-09 -6.44291e-12 1.43867e-08)
(1.43987e-08 7.25819e-13 6.07215e-09)
(-2.1916e-12 1.56208e-08 3.45714e-12)
(-6.09823e-09 -4.95777e-12 1.43859e-08)
(1.43966e-08 6.61967e-13 6.07631e-09)
(-1.67745e-12 1.5621e-08 2.40549e-12)
(-6.10049e-09 -3.59917e-12 1.43854e-08)
(1.43947e-08 5.9938e-13 6.07982e-09)
(-1.20686e-12 1.56212e-08 1.45479e-12)
(-6.10205e-09 -2.36712e-12 1.43852e-08)
(1.43931e-08 5.38242e-13 6.08274e-09)
(-7.80075e-13 1.56214e-08 6.05188e-13)
(-6.10297e-09 -1.26157e-12 1.43852e-08)
(1.43918e-08 4.79129e-13 6.08515e-09)
(-3.97328e-13 1.56215e-08 -1.43579e-13)
(-6.10334e-09 -2.82187e-13 1.43853e-08)
(1.43907e-08 4.23393e-13 6.08708e-09)
(-5.88483e-14 1.56217e-08 -7.92856e-13)
(-6.1032e-09 5.71987e-13 1.43857e-08)
(1.43898e-08 3.73826e-13 6.08862e-09)
(2.35233e-13 1.56218e-08 -1.34662e-12)
(-6.10265e-09 1.30325e-12 1.43862e-08)
(1.43891e-08 3.35444e-13 6.08979e-09)
(4.85257e-13 1.56219e-08 -1.81445e-12)
(-6.10173e-09 1.91668e-12 1.43869e-08)
(1.43886e-08 3.19058e-13 6.09064e-09)
(6.93804e-13 1.56219e-08 -2.21659e-12)
(-6.10053e-09 2.42248e-12 1.43876e-08)
(1.43882e-08 3.60079e-13 6.09122e-09)
(8.62934e-13 1.5622e-08 -2.59263e-12)
(-6.09909e-09 2.83857e-12 1.43884e-08)
(1.43879e-08 5.07556e-13 6.09162e-09)
(9.70214e-13 1.56221e-08 -3.00445e-12)
(-6.09738e-09 3.17721e-12 1.43893e-08)
(1.03226e-12 1.56222e-08 -3.46496e-12)
(-6.09505e-09 3.34708e-12 1.43899e-08)
(1.57387e-08 -2.39062e-11 1.73161e-10)
(1.05093e-10 1.55484e-08 6.07996e-11)
(-1.11885e-10 -3.35535e-11 1.54901e-08)
(1.57524e-08 -2.17296e-11 3.87905e-10)
(5.12793e-11 1.55376e-08 1.45791e-10)
(-4.51849e-10 -9.8303e-11 1.5519e-08)
(1.5739e-08 -1.46465e-11 6.13401e-10)
(2.0786e-11 1.55264e-08 1.79764e-10)
(-6.84065e-10 -1.51103e-10 1.55167e-08)
(1.57218e-08 -7.85936e-12 8.32403e-10)
(2.87476e-12 1.55222e-08 1.92454e-10)
(-9.03932e-10 -1.84908e-10 1.55178e-08)
(1.57037e-08 -2.37329e-12 1.04446e-09)
(-9.13743e-12 1.55199e-08 1.95825e-10)
(-1.11915e-09 -2.05084e-10 1.55132e-08)
(1.56845e-08 1.77763e-12 1.25054e-09)
(-1.74083e-11 1.55194e-08 1.9446e-10)
(-1.32738e-09 -2.16244e-10 1.55024e-08)
(1.56639e-08 4.72547e-12 1.4509e-09)
(-2.30545e-11 1.55208e-08 1.90657e-10)
(-1.52888e-09 -2.21359e-10 1.5487e-08)
(1.56418e-08 6.68244e-12 1.64569e-09)
(-2.68844e-11 1.55234e-08 1.85681e-10)
(-1.724e-09 -2.22458e-10 1.54682e-08)
(1.56181e-08 7.87958e-12 1.83496e-09)
(-2.94847e-11 1.55267e-08 1.80223e-10)
(-1.91295e-09 -2.20932e-10 1.54469e-08)
(1.55928e-08 8.52594e-12 2.01876e-09)
(-3.12755e-11 1.55304e-08 1.7465e-10)
(-2.09597e-09 -2.17719e-10 1.54238e-08)
(1.5566e-08 8.79276e-12 2.19712e-09)
(-3.25418e-11 1.55341e-08 1.69138e-10)
(-2.27326e-09 -2.13442e-10 1.53992e-08)
(1.55379e-08 8.8106e-12 2.37009e-09)
(-3.34661e-11 1.55378e-08 1.63756e-10)
(-2.44502e-09 -2.08512e-10 1.53735e-08)
(1.55086e-08 8.67358e-12 2.53773e-09)
(-3.41597e-11 1.55414e-08 1.58522e-10)
(-2.61138e-09 -2.03195e-10 1.53469e-08)
(1.54784e-08 8.44631e-12 2.70011e-09)
(-3.46871e-11 1.55449e-08 1.53429e-10)
(-2.77249e-09 -1.97663e-10 1.53194e-08)
(1.54474e-08 8.17122e-12 2.85729e-09)
(-3.5084e-11 1.55483e-08 1.48463e-10)
(-2.92845e-09 -1.92026e-10 1.52914e-08)
(1.54158e-08 7.87491e-12 3.00936e-09)
(-3.53696e-11 1.55516e-08 1.43609e-10)
(-3.07936e-09 -1.86352e-10 1.52627e-08)
(1.53836e-08 7.57323e-12 3.1564e-09)
(-3.5554e-11 1.55547e-08 1.38855e-10)
(-3.2253e-09 -1.80688e-10 1.52337e-08)
(1.5351e-08 7.27499e-12 3.29851e-09)
(-3.56429e-11 1.55577e-08 1.34193e-10)
(-3.36638e-09 -1.7506e-10 1.52043e-08)
(1.53182e-08 6.98466e-12 3.43577e-09)
(-3.56402e-11 1.55605e-08 1.29619e-10)
(-3.50266e-09 -1.69485e-10 1.51747e-08)
(1.52853e-08 6.70412e-12 3.56826e-09)
(-3.55494e-11 1.55633e-08 1.25128e-10)
(-3.63424e-09 -1.63977e-10 1.5145e-08)
(1.52523e-08 6.43381e-12 3.69609e-09)
(-3.53742e-11 1.5566e-08 1.2072e-10)
(-3.76121e-09 -1.58541e-10 1.51152e-08)
(1.52193e-08 6.17347e-12 3.81934e-09)
(-3.51186e-11 1.55686e-08 1.16393e-10)
(-3.88365e-09 -1.53183e-10 1.50855e-08)
(1.51865e-08 5.92256e-12 3.9381e-09)
(-3.47872e-11 1.55711e-08 1.12149e-10)
(-4.00165e-09 -1.47906e-10 1.5056e-08)
(1.5154e-08 5.68044e-12 4.05247e-09)
(-3.43846e-11 1.55735e-08 1.07987e-10)
(-4.11529e-09 -1.42714e-10 1.50266e-08)
(1.51217e-08 5.44652e-12 4.16254e-09)
(-3.39159e-11 1.55758e-08 1.03908e-10)
(-4.22467e-09 -1.37606e-10 1.49976e-08)
(1.50898e-08 5.22032e-12 4.26841e-09)
(-3.33859e-11 1.5578e-08 9.99119e-11)
(-4.32988e-09 -1.32586e-10 1.49689e-08)
(1.50583e-08 5.00143e-12 4.37016e-09)
(-3.27998e-11 1.55802e-08 9.59995e-11)
(-4.431e-09 -1.27655e-10 1.49406e-08)
(1.50273e-08 4.78954e-12 4.46789e-09)
(-3.21625e-11 1.55822e-08 9.21707e-11)
(-4.52812e-09 -1.22812e-10 1.49128e-08)
(1.49969e-08 4.5844e-12 4.56168e-09)
(-3.14789e-11 1.55842e-08 8.84258e-11)
(-4.62134e-09 -1.18059e-10 1.48856e-08)
(1.49671e-08 4.38581e-12 4.65165e-09)
(-3.07535e-11 1.55862e-08 8.47646e-11)
(-4.71074e-09 -1.13396e-10 1.48589e-08)
(1.49379e-08 4.19361e-12 4.73786e-09)
(-2.99909e-11 1.5588e-08 8.11871e-11)
(-4.79641e-09 -1.08825e-10 1.48328e-08)
(1.49094e-08 4.00768e-12 4.82043e-09)
(-2.91955e-11 1.55898e-08 7.7693e-11)
(-4.87844e-09 -1.04345e-10 1.48074e-08)
(1.48815e-08 3.82788e-12 4.89943e-09)
(-2.83713e-11 1.55915e-08 7.42819e-11)
(-4.95691e-09 -9.99574e-11 1.47827e-08)
(1.48545e-08 3.65411e-12 4.97495e-09)
(-2.75224e-11 1.55931e-08 7.09536e-11)
(-5.03192e-09 -9.56619e-11 1.47587e-08)
(1.48282e-08 3.48625e-12 5.0471e-09)
(-2.66524e-11 1.55947e-08 6.77076e-11)
(-5.10355e-09 -9.14589e-11 1.47354e-08)
(1.48027e-08 3.3242e-12 5.11595e-09)
(-2.57651e-11 1.55962e-08 6.45434e-11)
(-5.17188e-09 -8.73488e-11 1.47129e-08)
(1.4778e-08 3.16783e-12 5.18159e-09)
(-2.48638e-11 1.55976e-08 6.14605e-11)
(-5.23701e-09 -8.33318e-11 1.46912e-08)
(1.47541e-08 3.01704e-12 5.24411e-09)
(-2.39517e-11 1.5599e-08 5.84583e-11)
(-5.29901e-09 -7.94079e-11 1.46703e-08)
(1.4731e-08 2.87171e-12 5.3036e-09)
(-2.30319e-11 1.56004e-08 5.55362e-11)
(-5.35797e-09 -7.55775e-11 1.46501e-08)
(1.47088e-08 2.73171e-12 5.36014e-09)
(-2.21073e-11 1.56016e-08 5.26937e-11)
(-5.41396e-09 -7.18405e-11 1.46308e-08)
(1.46875e-08 2.59693e-12 5.41382e-09)
(-2.11806e-11 1.56028e-08 4.99301e-11)
(-5.46709e-09 -6.81971e-11 1.46124e-08)
(1.4667e-08 2.46723e-12 5.46472e-09)
(-2.02545e-11 1.5604e-08 4.72448e-11)
(-5.51741e-09 -6.46473e-11 1.45947e-08)
(1.46474e-08 2.34248e-12 5.51292e-09)
(-1.93313e-11 1.56051e-08 4.46371e-11)
(-5.56502e-09 -6.1191e-11 1.45779e-08)
(1.46286e-08 2.22257e-12 5.5585e-09)
(-1.84134e-11 1.56062e-08 4.21065e-11)
(-5.61e-09 -5.78284e-11 1.45618e-08)
(1.46107e-08 2.10734e-12 5.60156e-09)
(-1.75029e-11 1.56072e-08 3.96523e-11)
(-5.65241e-09 -5.45594e-11 1.45466e-08)
(1.45936e-08 1.99668e-12 5.64216e-09)
(-1.66018e-11 1.56082e-08 3.72738e-11)
(-5.69235e-09 -5.13839e-11 1.45322e-08)
(1.45774e-08 1.89044e-12 5.68038e-09)
(-1.5712e-11 1.56091e-08 3.49705e-11)
(-5.72989e-09 -4.83018e-11 1.45186e-08)
(1.4562e-08 1.7885e-12 5.71631e-09)
(-1.48353e-11 1.561e-08 3.27417e-11)
(-5.7651e-09 -4.53132e-11 1.45058e-08)
(1.45474e-08 1.6907e-12 5.75003e-09)
(-1.39734e-11 1.56108e-08 3.05869e-11)
(-5.79806e-09 -4.24179e-11 1.44938e-08)
(1.45336e-08 1.59692e-12 5.7816e-09)
(-1.31276e-11 1.56116e-08 2.85055e-11)
(-5.82886e-09 -3.96157e-11 1.44826e-08)
(1.45206e-08 1.50703e-12 5.81112e-09)
(-1.22995e-11 1.56124e-08 2.64969e-11)
(-5.85755e-09 -3.69066e-11 1.4472e-08)
(1.45084e-08 1.42087e-12 5.83864e-09)
(-1.14903e-11 1.56131e-08 2.45606e-11)
(-5.88422e-09 -3.42905e-11 1.44623e-08)
(1.44969e-08 1.33833e-12 5.86425e-09)
(-1.07013e-11 1.56138e-08 2.26961e-11)
(-5.90893e-09 -3.17672e-11 1.44532e-08)
(1.44862e-08 1.25925e-12 5.88803e-09)
(-9.93358e-12 1.56145e-08 2.09029e-11)
(-5.93177e-09 -2.93365e-11 1.44448e-08)
(1.44762e-08 1.1835e-12 5.91004e-09)
(-9.18808e-12 1.56151e-08 1.91805e-11)
(-5.95281e-09 -2.69983e-11 1.44371e-08)
(1.44669e-08 1.11095e-12 5.93036e-09)
(-8.46576e-12 1.56157e-08 1.75285e-11)
(-5.97211e-09 -2.47525e-11 1.44301e-08)
(1.44582e-08 1.04147e-12 5.94907e-09)
(-7.76745e-12 1.56162e-08 1.59464e-11)
(-5.98975e-09 -2.25989e-11 1.44236e-08)
(1.44502e-08 9.74901e-13 5.96622e-09)
(-7.09389e-12 1.56168e-08 1.44339e-11)
(-6.00579e-09 -2.05373e-11 1.44178e-08)
(1.44429e-08 9.11128e-13 5.98191e-09)
(-6.44576e-12 1.56172e-08 1.29905e-11)
(-6.02032e-09 -1.85676e-11 1.44126e-08)
(1.44361e-08 8.50011e-13 5.99619e-09)
(-5.82364e-12 1.56177e-08 1.16159e-11)
(-6.0334e-09 -1.66895e-11 1.44079e-08)
(1.443e-08 7.91416e-13 6.00914e-09)
(-5.22807e-12 1.56182e-08 1.03098e-11)
(-6.04509e-09 -1.4903e-11 1.44038e-08)
(1.44243e-08 7.35211e-13 6.02082e-09)
(-4.6595e-12 1.56186e-08 9.07178e-12)
(-6.05548e-09 -1.32078e-11 1.44001e-08)
(1.44192e-08 6.81261e-13 6.03132e-09)
(-4.11833e-12 1.56189e-08 7.90167e-12)
(-6.06462e-09 -1.16038e-11 1.4397e-08)
(1.44147e-08 6.29434e-13 6.04069e-09)
(-3.6049e-12 1.56193e-08 6.79919e-12)
(-6.07258e-09 -1.00907e-11 1.43943e-08)
(1.44105e-08 5.79601e-13 6.04901e-09)
(-3.11948e-12 1.56196e-08 5.76413e-12)
(-6.07944e-09 -8.66855e-12 1.4392e-08)
(1.44069e-08 5.31644e-13 6.05634e-09)
(-2.66233e-12 1.56199e-08 4.79634e-12)
(-6.08527e-09 -7.33705e-12 1.43901e-08)
(1.44036e-08 4.85457e-13 6.06275e-09)
(-2.23364e-12 1.56202e-08 3.8957e-12)
(-6.09012e-09 -6.0961e-12 1.43886e-08)
(1.44008e-08 4.4096e-13 6.06832e-09)
(-1.83359e-12 1.56205e-08 3.06218e-12)
(-6.09407e-09 -4.94552e-12 1.43874e-08)
(1.43983e-08 3.98112e-13 6.0731e-09)
(-1.46234e-12 1.56207e-08 2.29584e-12)
(-6.09719e-09 -3.88516e-12 1.43866e-08)
(1.43962e-08 3.5694e-13 6.07717e-09)
(-1.12003e-12 1.5621e-08 1.59679e-12)
(-6.09954e-09 -2.91479e-12 1.4386e-08)
(1.43944e-08 3.17587e-13 6.08059e-09)
(-8.0681e-13 1.56212e-08 9.6521e-13)
(-6.10119e-09 -2.03412e-12 1.43857e-08)
(1.43928e-08 2.80373e-13 6.08343e-09)
(-5.22867e-13 1.56213e-08 4.01202e-13)
(-6.10221e-09 -1.24272e-12 1.43856e-08)
(1.43915e-08 2.459e-13 6.08575e-09)
(-2.68384e-13 1.56215e-08 -9.54415e-14)
(-6.10266e-09 -5.39898e-13 1.43858e-08)
(1.43905e-08 2.15173e-13 6.08761e-09)
(-4.35175e-14 1.56216e-08 -5.25787e-13)
(-6.10262e-09 7.52812e-14 1.43861e-08)
(1.43896e-08 1.89739e-13 6.08907e-09)
(1.51686e-13 1.56217e-08 -8.92786e-13)
(-6.10215e-09 6.03987e-13 1.43865e-08)
(1.43889e-08 1.71859e-13 6.0902e-09)
(3.17557e-13 1.56218e-08 -1.20301e-12)
(-6.10132e-09 1.0471e-12 1.43871e-08)
(1.43884e-08 1.64251e-13 6.09103e-09)
(4.55625e-13 1.56219e-08 -1.46912e-12)
(-6.10019e-09 1.40332e-12 1.43878e-08)
(1.4388e-08 1.67908e-13 6.09162e-09)
(5.67437e-13 1.5622e-08 -1.71287e-12)
(-6.09881e-09 1.66402e-12 1.43885e-08)
(1.43878e-08 1.85614e-13 6.09205e-09)
(6.53091e-13 1.56221e-08 -1.96138e-12)
(-6.09718e-09 1.80363e-12 1.43893e-08)
(7.58161e-13 1.56222e-08 -2.20915e-12)
(-6.09508e-09 1.76223e-12 1.43898e-08)
(1.57308e-08 -7.46043e-12 1.52772e-10)
(4.8589e-11 1.5561e-08 2.75745e-11)
(-1.58175e-10 -1.23611e-11 1.54982e-08)
(1.57529e-08 -9.63059e-12 3.67233e-10)
(2.66099e-11 1.55497e-08 6.8056e-11)
(-5.01362e-10 -4.17603e-11 1.54904e-08)
(1.57445e-08 -7.74328e-12 5.98273e-10)
(1.1848e-11 1.55328e-08 8.68192e-11)
(-7.19185e-10 -7.31316e-11 1.54946e-08)
(1.57283e-08 -4.79167e-12 8.22824e-10)
(2.45852e-12 1.55247e-08 9.4815e-11)
(-9.26271e-10 -9.69667e-11 1.55055e-08)
(1.57096e-08 -2.0754e-12 1.03915e-09)
(-3.98808e-12 1.55204e-08 9.74667e-11)
(-1.13264e-09 -1.12834e-10 1.55068e-08)
(1.56895e-08 1.33336e-13 1.24835e-09)
(-8.42503e-12 1.55189e-08 9.72441e-11)
(-1.33476e-09 -1.22668e-10 1.54993e-08)
(1.56679e-08 1.81216e-12 1.45091e-09)
(-1.14207e-11 1.55198e-08 9.55179e-11)
(-1.53209e-09 -1.28174e-10 1.54861e-08)
(1.56449e-08 3.00908e-12 1.64717e-09)
(-1.34253e-11 1.55222e-08 9.30683e-11)
(-1.72442e-09 -1.30639e-10 1.54686e-08)
(1.56205e-08 3.80415e-12 1.83741e-09)
(-1.47678e-11 1.55255e-08 9.03206e-11)
(-1.91155e-09 -1.31014e-10 1.54482e-08)
(1.55945e-08 4.28563e-12 2.02182e-09)
(-1.56794e-11 1.55292e-08 8.7496e-11)
(-2.09339e-09 -1.2998e-10 1.54256e-08)
(1.55673e-08 4.53583e-12 2.20055e-09)
(-1.63152e-11 1.5533e-08 8.46997e-11)
(-2.26994e-09 -1.28015e-10 1.54014e-08)
(1.55389e-08 4.624e-12 2.37372e-09)
(-1.67735e-11 1.55367e-08 8.19739e-11)
(-2.44125e-09 -1.2545e-10 1.53759e-08)
(1.55094e-08 4.60426e-12 2.54146e-09)
(-1.71141e-11 1.55404e-08 7.93289e-11)
(-2.60736e-09 -1.22506e-10 1.53493e-08)
(1.54789e-08 4.51651e-12 2.70386e-09)
(-1.73714e-11 1.5544e-08 7.6761e-11)
(-2.76833e-09 -1.19335e-10 1.53219e-08)
(1.54478e-08 4.38875e-12 2.86104e-09)
(-1.75642e-11 1.55474e-08 7.4262e-11)
(-2.92423e-09 -1.16034e-10 1.52939e-08)
(1.5416e-08 4.23972e-12 3.01307e-09)
(-1.77024e-11 1.55507e-08 7.18233e-11)
(-3.07513e-09 -1.12669e-10 1.52652e-08)
(1.53837e-08 4.08142e-12 3.16007e-09)
(-1.77909e-11 1.55539e-08 6.94379e-11)
(-3.2211e-09 -1.09282e-10 1.52362e-08)
(1.5351e-08 3.92113e-12 3.30212e-09)
(-1.78325e-11 1.55569e-08 6.71009e-11)
(-3.36221e-09 -1.05899e-10 1.52067e-08)
(1.53181e-08 3.76296e-12 3.43931e-09)
(-1.7829e-11 1.55598e-08 6.48088e-11)
(-3.49855e-09 -1.02538e-10 1.51771e-08)
(1.52851e-08 3.60906e-12 3.57174e-09)
(-1.77819e-11 1.55626e-08 6.25598e-11)
(-3.6302e-09 -9.92107e-11 1.51473e-08)
(1.5252e-08 3.46036e-12 3.6995e-09)
(-1.7693e-11 1.55653e-08 6.03527e-11)
(-3.75724e-09 -9.59239e-11 1.51176e-08)
(1.5219e-08 3.31709e-12 3.82268e-09)
(-1.75641e-11 1.55679e-08 5.81871e-11)
(-3.87974e-09 -9.26823e-11 1.50878e-08)
(1.51862e-08 3.17914e-12 3.94137e-09)
(-1.73974e-11 1.55705e-08 5.60629e-11)
(-3.99781e-09 -8.9489e-11 1.50582e-08)
(1.51535e-08 3.04626e-12 4.05567e-09)
(-1.71952e-11 1.55729e-08 5.39802e-11)
(-4.11153e-09 -8.63461e-11 1.50288e-08)
(1.51212e-08 2.91812e-12 4.16567e-09)
(-1.69601e-11 1.55752e-08 5.19392e-11)
(-4.22098e-09 -8.32551e-11 1.49998e-08)
(1.50893e-08 2.79444e-12 4.27146e-09)
(-1.66943e-11 1.55775e-08 4.994e-11)
(-4.32626e-09 -8.0217e-11 1.4971e-08)
(1.50578e-08 2.67496e-12 4.37314e-09)
(-1.64006e-11 1.55796e-08 4.79827e-11)
(-4.42746e-09 -7.72327e-11 1.49427e-08)
(1.50267e-08 2.55946e-12 4.4708e-09)
(-1.60813e-11 1.55817e-08 4.60675e-11)
(-4.52465e-09 -7.43026e-11 1.49149e-08)
(1.49963e-08 2.44779e-12 4.56453e-09)
(-1.57389e-11 1.55838e-08 4.41943e-11)
(-4.61795e-09 -7.14273e-11 1.48876e-08)
(1.49664e-08 2.3398e-12 4.65442e-09)
(-1.53756e-11 1.55857e-08 4.23631e-11)
(-4.70742e-09 -6.86072e-11 1.48609e-08)
(1.49372e-08 2.23538e-12 4.74057e-09)
(-1.49938e-11 1.55876e-08 4.05739e-11)
(-4.79316e-09 -6.58426e-11 1.48348e-08)
(1.49086e-08 2.13444e-12 4.82306e-09)
(-1.45956e-11 1.55893e-08 3.88266e-11)
(-4.87526e-09 -6.31338e-11 1.48093e-08)
(1.48808e-08 2.0369e-12 4.90199e-09)
(-1.41832e-11 1.55911e-08 3.71209e-11)
(-4.95381e-09 -6.04809e-11 1.47845e-08)
(1.48537e-08 1.94269e-12 4.97745e-09)
(-1.37583e-11 1.55927e-08 3.54567e-11)
(-5.02889e-09 -5.78842e-11 1.47605e-08)
(1.48274e-08 1.85174e-12 5.04953e-09)
(-1.3323e-11 1.55943e-08 3.38337e-11)
(-5.10059e-09 -5.53439e-11 1.47372e-08)
(1.48019e-08 1.76399e-12 5.11831e-09)
(-1.28791e-11 1.55958e-08 3.22517e-11)
(-5.16899e-09 -5.286e-11 1.47146e-08)
(1.47772e-08 1.67938e-12 5.18389e-09)
(-1.24282e-11 1.55973e-08 3.07105e-11)
(-5.23419e-09 -5.04327e-11 1.46929e-08)
(1.47533e-08 1.59784e-12 5.24635e-09)
(-1.1972e-11 1.55987e-08 2.92097e-11)
(-5.29626e-09 -4.80621e-11 1.46719e-08)
(1.47302e-08 1.5193e-12 5.30577e-09)
(-1.1512e-11 1.56e-08 2.7749e-11)
(-5.35528e-09 -4.57481e-11 1.46517e-08)
(1.47081e-08 1.4437e-12 5.36225e-09)
(-1.10496e-11 1.56013e-08 2.63282e-11)
(-5.41135e-09 -4.34909e-11 1.46324e-08)
(1.46867e-08 1.37097e-12 5.41587e-09)
(-1.05862e-11 1.56026e-08 2.49469e-11)
(-5.46454e-09 -4.12905e-11 1.46139e-08)
(1.46662e-08 1.30104e-12 5.46671e-09)
(-1.01231e-11 1.56037e-08 2.36048e-11)
(-5.51493e-09 -3.91468e-11 1.45962e-08)
(1.46466e-08 1.23384e-12 5.51485e-09)
(-9.66151e-12 1.56049e-08 2.23015e-11)
(-5.56261e-09 -3.70599e-11 1.45793e-08)
(1.46279e-08 1.16929e-12 5.56037e-09)
(-9.2026e-12 1.5606e-08 2.10368e-11)
(-5.60765e-09 -3.50297e-11 1.45632e-08)
(1.46099e-08 1.10733e-12 5.60337e-09)
(-8.74741e-12 1.5607e-08 1.98104e-11)
(-5.65014e-09 -3.30563e-11 1.4548e-08)
(1.45929e-08 1.04788e-12 5.64391e-09)
(-8.29697e-12 1.5608e-08 1.86218e-11)
(-5.69015e-09 -3.11394e-11 1.45335e-08)
(1.45767e-08 9.90864e-13 5.68208e-09)
(-7.8522e-12 1.56089e-08 1.74709e-11)
(-5.72775e-09 -2.92792e-11 1.45199e-08)
(1.45613e-08 9.36209e-13 5.71795e-09)
(-7.41399e-12 1.56098e-08 1.63572e-11)
(-5.76303e-09 -2.74755e-11 1.45071e-08)
(1.45467e-08 8.8384e-13 5.75161e-09)
(-6.98316e-12 1.56107e-08 1.52806e-11)
(-5.79606e-09 -2.57283e-11 1.4495e-08)
(1.45329e-08 8.33681e-13 5.78313e-09)
(-6.56046e-12 1.56115e-08 1.42406e-11)
(-5.82692e-09 -2.40374e-11 1.44837e-08)
(1.45199e-08 7.85657e-13 5.81259e-09)
(-6.14659e-12 1.56122e-08 1.32371e-11)
(-5.85568e-09 -2.24028e-11 1.44731e-08)
(1.45077e-08 7.39692e-13 5.84006e-09)
(-5.74222e-12 1.5613e-08 1.22697e-11)
(-5.88241e-09 -2.08244e-11 1.44633e-08)
(1.44963e-08 6.95712e-13 5.86561e-09)
(-5.34793e-12 1.56137e-08 1.13383e-11)
(-5.90719e-09 -1.93021e-11 1.44542e-08)
(1.44856e-08 6.53639e-13 5.88934e-09)
(-4.96427e-12 1.56143e-08 1.04424e-11)
(-5.9301e-09 -1.78358e-11 1.44458e-08)
(1.44756e-08 6.13399e-13 5.91129e-09)
(-4.59175e-12 1.5615e-08 9.582e-12)
(-5.9512e-09 -1.64253e-11 1.4438e-08)
(1.44663e-08 5.74916e-13 5.93156e-09)
(-4.23083e-12 1.56156e-08 8.75674e-12)
(-5.97056e-09 -1.50707e-11 1.4431e-08)
(1.44577e-08 5.38115e-13 5.95021e-09)
(-3.88191e-12 1.56161e-08 7.96644e-12)
(-5.98827e-09 -1.37716e-11 1.44245e-08)
(1.44497e-08 5.02922e-13 5.96732e-09)
(-3.54536e-12 1.56166e-08 7.2109e-12)
(-6.00438e-09 -1.25281e-11 1.44186e-08)
(1.44424e-08 4.69261e-13 5.98295e-09)
(-3.22154e-12 1.56171e-08 6.48992e-12)
(-6.01897e-09 -1.13401e-11 1.44134e-08)
(1.44356e-08 4.37059e-13 5.99718e-09)
(-2.91071e-12 1.56176e-08 5.80333e-12)
(-6.03211e-09 -1.02073e-11 1.44087e-08)
(1.44295e-08 4.06241e-13 6.01008e-09)
(-2.61316e-12 1.56181e-08 5.15094e-12)
(-6.04387e-09 -9.12979e-12 1.44045e-08)
(1.44239e-08 3.76734e-13 6.02171e-09)
(-2.32911e-12 1.56185e-08 4.53262e-12)
(-6.05432e-09 -8.10731e-12 1.44008e-08)
(1.44188e-08 3.48466e-13 6.03215e-09)
(-2.05876e-12 1.56189e-08 3.94821e-12)
(-6.06352e-09 -7.13981e-12 1.43976e-08)
(1.44143e-08 3.21368e-13 6.04148e-09)
(-1.80226e-12 1.56192e-08 3.39759e-12)
(-6.07156e-09 -6.22716e-12 1.43949e-08)
(1.44102e-08 2.95377e-13 6.04974e-09)
(-1.55977e-12 1.56196e-08 2.88068e-12)
(-6.07848e-09 -5.36926e-12 1.43926e-08)
(1.44065e-08 2.70435e-13 6.05702e-09)
(-1.33141e-12 1.56199e-08 2.39738e-12)
(-6.08437e-09 -4.56599e-12 1.43906e-08)
(1.44033e-08 2.465e-13 6.06339e-09)
(-1.11728e-12 1.56202e-08 1.94766e-12)
(-6.08929e-09 -3.81724e-12 1.43891e-08)
(1.44005e-08 2.23546e-13 6.0689e-09)
(-9.17461e-13 1.56205e-08 1.53151e-12)
(-6.0933e-09 -3.12286e-12 1.43879e-08)
(1.4398e-08 2.01582e-13 6.07364e-09)
(-7.32044e-13 1.56207e-08 1.14896e-12)
(-6.09648e-09 -2.48271e-12 1.4387e-08)
(1.43959e-08 1.80664e-13 6.07766e-09)
(-5.61105e-13 1.56209e-08 8.00089e-13)
(-6.0989e-09 -1.89657e-12 1.43864e-08)
(1.43941e-08 1.60924e-13 6.08103e-09)
(-4.04732e-13 1.56211e-08 4.85002e-13)
(-6.10061e-09 -1.36418e-12 1.43861e-08)
(1.43926e-08 1.42585e-13 6.08383e-09)
(-2.6302e-13 1.56213e-08 2.03743e-13)
(-6.10169e-09 -8.85198e-13 1.4386e-08)
(1.43914e-08 1.25999e-13 6.0861e-09)
(-1.36067e-13 1.56215e-08 -4.38215e-14)
(-6.10221e-09 -4.59184e-13 1.43861e-08)
(1.43903e-08 1.1164e-13 6.08792e-09)
(-2.39549e-14 1.56216e-08 -2.58287e-13)
(-6.10223e-09 -8.57207e-14 1.43863e-08)
(1.43895e-08 1.00061e-13 6.08935e-09)
(7.33072e-14 1.56217e-08 -4.41202e-13)
(-6.10182e-09 2.35338e-13 1.43868e-08)
(1.43888e-08 9.17493e-14 6.09045e-09)
(1.55953e-13 1.56218e-08 -5.95813e-13)
(-6.10105e-09 5.03165e-13 1.43873e-08)
(1.43883e-08 8.63627e-14 6.09127e-09)
(2.24811e-13 1.56219e-08 -7.28018e-13)
(-6.09998e-09 7.14376e-13 1.43879e-08)
(1.4388e-08 8.17082e-14 6.09185e-09)
(2.80584e-13 1.5622e-08 -8.47376e-13)
(-6.09868e-09 8.60456e-13 1.43886e-08)
(1.43877e-08 7.98204e-14 6.0923e-09)
(3.25497e-13 1.56221e-08 -9.64354e-13)
(-6.09715e-09 9.25718e-13 1.43893e-08)
(3.83305e-13 1.56221e-08 -1.07594e-12)
(-6.09525e-09 8.85867e-13 1.43899e-08)
(1.57298e-08 -1.8172e-12 1.46022e-10)
(9.24666e-20 1.55645e-08 -3.11197e-20)
(-1.74394e-10 -3.7172e-12 1.54993e-08)
(1.57541e-08 -2.5247e-12 3.58115e-10)
(1.44983e-19 1.55538e-08 -8.34487e-20)
(-5.24158e-10 -1.26626e-11 1.54806e-08)
(1.57468e-08 -2.16365e-12 5.90491e-10)
(1.31792e-19 1.55355e-08 -1.04173e-19)
(-7.37912e-10 -2.25265e-11 1.5484e-08)
(1.57308e-08 -1.44482e-12 8.17319e-10)
(1.38059e-19 1.55261e-08 -8.00523e-20)
(-9.39152e-10 -3.04546e-11 1.54975e-08)
(1.5712e-08 -7.06135e-13 1.03569e-09)
(1.42756e-19 1.5521e-08 -1.63376e-20)
(-1.14093e-09 -3.60489e-11 1.55017e-08)
(1.56915e-08 -5.74136e-14 1.24649e-09)
(1.41741e-19 1.55191e-08 9.51767e-20)
(-1.33971e-09 -3.97148e-11 1.54962e-08)
(1.56696e-08 4.63476e-13 1.45025e-09)
(1.54033e-19 1.55198e-08 2.79804e-19)
(-1.53464e-09 -4.19064e-11 1.54843e-08)
(1.56463e-08 8.51635e-13 1.64736e-09)
(1.34504e-19 1.55221e-08 5.26307e-19)
(-1.72529e-09 -4.3016e-11 1.54677e-08)
(1.56215e-08 1.12055e-12 1.83818e-09)
(1.46709e-19 1.55253e-08 7.31666e-19)
(-1.91128e-09 -4.33584e-11 1.54479e-08)
(1.55953e-08 1.29148e-12 2.02297e-09)
(2.50652e-19 1.5529e-08 7.58003e-19)
(-2.09236e-09 -4.31708e-11 1.54257e-08)
(1.55678e-08 1.38713e-12 2.20193e-09)
(3.44216e-19 1.55328e-08 5.94324e-19)
(-2.26843e-09 -4.26254e-11 1.54017e-08)
(1.55392e-08 1.42814e-12 2.37525e-09)
(4.03481e-19 1.55366e-08 4.27506e-19)
(-2.43942e-09 -4.1844e-11 1.53763e-08)
(1.55096e-08 1.4315e-12 2.54306e-09)
(4.45814e-19 1.55403e-08 4.70186e-19)
(-2.60533e-09 -4.0911e-11 1.53499e-08)
(1.54791e-08 1.41033e-12 2.7055e-09)
(4.30527e-19 1.55438e-08 6.7095e-19)
(-2.7662e-09 -3.98839e-11 1.53226e-08)
(1.54478e-08 1.37411e-12 2.86268e-09)
(3.44003e-19 1.55473e-08 7.77885e-19)
(-2.92204e-09 -3.88015e-11 1.52945e-08)
(1.5416e-08 1.32945e-12 3.01471e-09)
(2.81368e-19 1.55506e-08 6.93695e-19)
(-3.07292e-09 -3.76894e-11 1.52659e-08)
(1.53836e-08 1.28068e-12 3.16169e-09)
(3.09081e-19 1.55537e-08 5.43949e-19)
(-3.21889e-09 -3.65645e-11 1.52369e-08)
(1.53509e-08 1.23053e-12 3.30371e-09)
(3.55322e-19 1.55568e-08 4.94495e-19)
(-3.36002e-09 -3.54378e-11 1.52075e-08)
(1.5318e-08 1.18062e-12 3.44088e-09)
(3.7239e-19 1.55597e-08 5.73026e-19)
(-3.49638e-09 -3.43162e-11 1.51778e-08)
(1.52849e-08 1.13184e-12 3.57328e-09)
(3.79488e-19 1.55625e-08 6.84719e-19)
(-3.62806e-09 -3.32045e-11 1.51481e-08)
(1.52518e-08 1.08459e-12 3.70101e-09)
(3.86874e-19 1.55652e-08 7.72039e-19)
(-3.75513e-09 -3.21056e-11 1.51183e-08)
(1.52188e-08 1.03905e-12 3.82415e-09)
(3.95059e-19 1.55678e-08 8.35767e-19)
(-3.87767e-09 -3.10213e-11 1.50885e-08)
(1.51859e-08 9.95217e-13 3.94282e-09)
(4.00708e-19 1.55704e-08 8.82538e-19)
(-3.99578e-09 -2.99529e-11 1.50589e-08)
(1.51533e-08 9.53025e-13 4.05708e-09)
(4.02104e-19 1.55728e-08 9.20394e-19)
(-4.10953e-09 -2.89013e-11 1.50296e-08)
(1.51209e-08 9.12384e-13 4.16705e-09)
(4.01211e-19 1.55751e-08 9.61107e-19)
(-4.21903e-09 -2.7867e-11 1.50005e-08)
(1.5089e-08 8.73197e-13 4.27281e-09)
(3.97396e-19 1.55774e-08 1.01339e-18)
(-4.32434e-09 -2.68504e-11 1.49717e-08)
(1.50574e-08 8.35379e-13 4.37446e-09)
(3.8849e-19 1.55796e-08 1.07931e-18)
(-4.42558e-09 -2.58518e-11 1.49434e-08)
(1.50264e-08 7.98856e-13 4.47208e-09)
(3.70046e-19 1.55817e-08 1.15655e-18)
(-4.52281e-09 -2.48713e-11 1.49156e-08)
(1.49959e-08 7.63568e-13 4.56578e-09)
(3.45165e-19 1.55837e-08 1.24038e-18)
(-4.61614e-09 -2.39093e-11 1.48883e-08)
(1.4966e-08 7.29466e-13 4.65564e-09)
(3.22075e-19 1.55856e-08 1.32354e-18)
(-4.70566e-09 -2.29657e-11 1.48616e-08)
(1.49368e-08 6.96512e-13 4.74176e-09)
(2.99707e-19 1.55875e-08 1.40368e-18)
(-4.79144e-09 -2.20408e-11 1.48354e-08)
(1.49083e-08 6.64672e-13 4.82422e-09)
(2.79044e-19 1.55893e-08 1.48666e-18)
(-4.87358e-09 -2.11345e-11 1.481e-08)
(1.48804e-08 6.33919e-13 4.90312e-09)
(2.59855e-19 1.5591e-08 1.57527e-18)
(-4.95216e-09 -2.0247e-11 1.47852e-08)
(1.48533e-08 6.0423e-13 4.97855e-09)
(2.35062e-19 1.55927e-08 1.66911e-18)
(-5.02728e-09 -1.93784e-11 1.47611e-08)
(1.4827e-08 5.75581e-13 5.0506e-09)
(2.09751e-19 1.55943e-08 1.76804e-18)
(-5.09902e-09 -1.85286e-11 1.47378e-08)
(1.48015e-08 5.47951e-13 5.11936e-09)
(1.88278e-19 1.55958e-08 1.86164e-18)
(-5.16746e-09 -1.76978e-11 1.47153e-08)
(1.47768e-08 5.2132e-13 5.1849e-09)
(1.75685e-19 1.55972e-08 1.93825e-18)
(-5.2327e-09 -1.68859e-11 1.46935e-08)
(1.47529e-08 4.95666e-13 5.24733e-09)
(1.73869e-19 1.55986e-08 1.99059e-18)
(-5.2948e-09 -1.60929e-11 1.46725e-08)
(1.47298e-08 4.70969e-13 5.30673e-09)
(1.69824e-19 1.56e-08 2.01308e-18)
(-5.35387e-09 -1.5319e-11 1.46523e-08)
(1.47077e-08 4.47207e-13 5.36318e-09)
(1.53506e-19 1.56013e-08 2.00889e-18)
(-5.40997e-09 -1.45641e-11 1.4633e-08)
(1.46863e-08 4.24358e-13 5.41677e-09)
(1.36193e-19 1.56025e-08 1.99115e-18)
(-5.4632e-09 -1.38282e-11 1.46144e-08)
(1.46658e-08 4.024e-13 5.46758e-09)
(1.1882e-19 1.56037e-08 1.9748e-18)
(-5.51363e-09 -1.31113e-11 1.45967e-08)
(1.46462e-08 3.81311e-13 5.51569e-09)
(8.6346e-20 1.56048e-08 1.97671e-18)
(-5.56135e-09 -1.24134e-11 1.45798e-08)
(1.46275e-08 3.61067e-13 5.56119e-09)
(5.29545e-20 1.56059e-08 2.00769e-18)
(-5.60643e-09 -1.17345e-11 1.45638e-08)
(1.46096e-08 3.41646e-13 5.60416e-09)
(2.57782e-20 1.56069e-08 2.05278e-18)
(-5.64895e-09 -1.10746e-11 1.45485e-08)
(1.45925e-08 3.23024e-13 5.64468e-09)
(-1.3155e-20 1.56079e-08 2.10346e-18)
(-5.68899e-09 -1.04337e-11 1.45341e-08)
(1.45763e-08 3.05177e-13 5.68282e-09)
(-6.57771e-20 1.56089e-08 2.19086e-18)
(-5.72663e-09 -9.81165e-12 1.45204e-08)
(1.45609e-08 2.88081e-13 5.71867e-09)
(-1.26565e-19 1.56098e-08 2.33484e-18)
(-5.76195e-09 -9.20855e-12 1.45076e-08)
(1.45463e-08 2.71713e-13 5.7523e-09)
(-2.1809e-19 1.56106e-08 2.50824e-18)
(-5.79501e-09 -8.62435e-12 1.44955e-08)
(1.45326e-08 2.56049e-13 5.7838e-09)
(-3.4606e-19 1.56114e-08 2.70205e-18)
(-5.82591e-09 -8.05901e-12 1.44842e-08)
(1.45196e-08 2.41064e-13 5.81323e-09)
(-4.69818e-19 1.56122e-08 2.93452e-18)
(-5.8547e-09 -7.51249e-12 1.44736e-08)
(1.45074e-08 2.26734e-13 5.84068e-09)
(-5.54156e-19 1.56129e-08 3.19674e-18)
(-5.88147e-09 -6.98478e-12 1.44638e-08)
(1.4496e-08 2.13036e-13 5.86621e-09)
(-6.08142e-19 1.56136e-08 3.44254e-18)
(-5.90629e-09 -6.47582e-12 1.44546e-08)
(1.44853e-08 1.99945e-13 5.88991e-09)
(-6.65864e-19 1.56143e-08 3.62526e-18)
(-5.92923e-09 -5.98558e-12 1.44462e-08)
(1.44753e-08 1.87436e-13 5.91184e-09)
(-7.33646e-19 1.56149e-08 3.74932e-18)
(-5.95036e-09 -5.51404e-12 1.44385e-08)
(1.4466e-08 1.75487e-13 5.93209e-09)
(-7.98941e-19 1.56155e-08 3.84275e-18)
(-5.96976e-09 -5.06114e-12 1.44313e-08)
(1.44574e-08 1.64073e-13 5.95072e-09)
(-8.57329e-19 1.56161e-08 3.91469e-18)
(-5.9875e-09 -4.62685e-12 1.44249e-08)
(1.44495e-08 1.5317e-13 5.9678e-09)
(-9.10314e-19 1.56166e-08 3.96367e-18)
(-6.00365e-09 -4.21113e-12 1.4419e-08)
(1.44421e-08 1.42754e-13 5.98341e-09)
(-9.6305e-19 1.56171e-08 3.98753e-18)
(-6.01827e-09 -3.81393e-12 1.44137e-08)
(1.44354e-08 1.32802e-13 5.99762e-09)
(-1.01136e-18 1.56176e-08 3.98945e-18)
(-6.03145e-09 -3.43523e-12 1.4409e-08)
(1.44293e-08 1.2329e-13 6.01049e-09)
(-1.03858e-18 1.5618e-08 3.9752e-18)
(-6.04324e-09 -3.07498e-12 1.44048e-08)
(1.44237e-08 1.14196e-13 6.0221e-09)
(-1.03517e-18 1.56185e-08 3.94201e-18)
(-6.05372e-09 -2.73313e-12 1.44011e-08)
(1.44186e-08 1.05495e-13 6.03252e-09)
(-1.02456e-18 1.56189e-08 3.85945e-18)
(-6.06296e-09 -2.40966e-12 1.43979e-08)
(1.44141e-08 9.71684e-14 6.04182e-09)
(-1.00202e-18 1.56192e-08 3.67937e-18)
(-6.07103e-09 -2.10451e-12 1.43951e-08)
(1.441e-08 8.91952e-14 6.05007e-09)
(-9.18932e-19 1.56196e-08 3.38325e-18)
(-6.07799e-09 -1.81766e-12 1.43928e-08)
(1.44064e-08 8.15602e-14 6.05733e-09)
(-7.77508e-19 1.56199e-08 3.03939e-18)
(-6.08391e-09 -1.54906e-12 1.43909e-08)
(1.44032e-08 7.4252e-14 6.06367e-09)
(-6.32552e-19 1.56202e-08 2.76566e-18)
(-6.08886e-09 -1.29866e-12 1.43893e-08)
(1.44004e-08 6.72662e-14 6.06916e-09)
(-5.1653e-19 1.56204e-08 2.60085e-18)
(-6.09291e-09 -1.06641e-12 1.43881e-08)
(1.43979e-08 6.06105e-14 6.07388e-09)
(-4.33248e-19 1.56207e-08 2.50484e-18)
(-6.09612e-09 -8.52256e-13 1.43872e-08)
(1.43958e-08 5.43102e-14 6.07788e-09)
(-3.7749e-19 1.56209e-08 2.45156e-18)
(-6.09857e-09 -6.56108e-13 1.43866e-08)
(1.4394e-08 4.84132e-14 6.08123e-09)
(-3.38819e-19 1.56211e-08 2.41896e-18)
(-6.10032e-09 -4.77868e-13 1.43862e-08)
(1.43925e-08 4.29955e-14 6.084e-09)
(-2.88991e-19 1.56213e-08 2.37751e-18)
(-6.10143e-09 -3.17413e-13 1.43861e-08)
(1.43913e-08 3.81631e-14 6.08626e-09)
(-2.22637e-19 1.56215e-08 2.32741e-18)
(-6.10198e-09 -1.74613e-13 1.43862e-08)
(1.43902e-08 3.40403e-14 6.08807e-09)
(-1.86669e-19 1.56216e-08 2.30165e-18)
(-6.10203e-09 -4.93824e-14 1.43865e-08)
(1.43894e-08 3.07383e-14 6.08948e-09)
(-1.95797e-19 1.56217e-08 2.33048e-18)
(-6.10165e-09 5.81972e-14 1.43869e-08)
(1.43888e-08 2.83001e-14 6.09057e-09)
(-2.58901e-19 1.56218e-08 2.3738e-18)
(-6.10091e-09 1.47612e-13 1.43874e-08)
(1.43883e-08 2.65008e-14 6.09138e-09)
(-3.99278e-19 1.56219e-08 2.31847e-18)
(-6.09988e-09 2.17418e-13 1.4388e-08)
(1.43879e-08 2.4751e-14 6.09196e-09)
(-5.33711e-19 1.5622e-08 2.08753e-18)
(-6.09862e-09 2.64585e-13 1.43887e-08)
(1.43877e-08 2.3961e-14 6.09241e-09)
(-4.8364e-19 1.56221e-08 1.79835e-18)
(-6.09715e-09 2.84221e-13 1.43894e-08)
(-4.63087e-20 1.56221e-08 1.84635e-18)
(-6.09533e-09 2.69781e-13 1.43899e-08)
(1.57298e-08 1.8172e-12 1.46022e-10)
(-4.8589e-11 1.5561e-08 -2.75745e-11)
(-1.74394e-10 3.7172e-12 1.54993e-08)
(1.57541e-08 2.5247e-12 3.58115e-10)
(-2.66099e-11 1.55497e-08 -6.8056e-11)
(-5.24158e-10 1.26626e-11 1.54806e-08)
(1.57468e-08 2.16365e-12 5.90491e-10)
(-1.1848e-11 1.55328e-08 -8.68192e-11)
(-7.37912e-10 2.25265e-11 1.5484e-08)
(1.57308e-08 1.44482e-12 8.17319e-10)
(-2.45852e-12 1.55247e-08 -9.4815e-11)
(-9.39152e-10 3.04546e-11 1.54975e-08)
(1.5712e-08 7.06134e-13 1.03569e-09)
(3.98808e-12 1.55204e-08 -9.74667e-11)
(-1.14093e-09 3.60489e-11 1.55017e-08)
(1.56915e-08 5.74132e-14 1.24649e-09)
(8.42503e-12 1.55189e-08 -9.72441e-11)
(-1.33971e-09 3.97148e-11 1.54962e-08)
(1.56696e-08 -4.63476e-13 1.45025e-09)
(1.14207e-11 1.55198e-08 -9.55179e-11)
(-1.53464e-09 4.19064e-11 1.54843e-08)
(1.56463e-08 -8.51636e-13 1.64736e-09)
(1.34253e-11 1.55222e-08 -9.30683e-11)
(-1.72529e-09 4.3016e-11 1.54677e-08)
(1.56215e-08 -1.12055e-12 1.83818e-09)
(1.47678e-11 1.55255e-08 -9.03206e-11)
(-1.91128e-09 4.33584e-11 1.54479e-08)
(1.55953e-08 -1.29148e-12 2.02297e-09)
(1.56794e-11 1.55292e-08 -8.7496e-11)
(-2.09236e-09 4.31708e-11 1.54257e-08)
(1.55678e-08 -1.38713e-12 2.20193e-09)
(1.63152e-11 1.5533e-08 -8.46997e-11)
(-2.26843e-09 4.26254e-11 1.54017e-08)
(1.55392e-08 -1.42814e-12 2.37525e-09)
(1.67735e-11 1.55367e-08 -8.19739e-11)
(-2.43942e-09 4.1844e-11 1.53763e-08)
(1.55096e-08 -1.43151e-12 2.54306e-09)
(1.71141e-11 1.55404e-08 -7.93289e-11)
(-2.60533e-09 4.0911e-11 1.53499e-08)
(1.54791e-08 -1.41033e-12 2.7055e-09)
(1.73714e-11 1.5544e-08 -7.6761e-11)
(-2.7662e-09 3.98839e-11 1.53226e-08)
(1.54478e-08 -1.37412e-12 2.86268e-09)
(1.75642e-11 1.55474e-08 -7.4262e-11)
(-2.92204e-09 3.88015e-11 1.52945e-08)
(1.5416e-08 -1.32945e-12 3.01471e-09)
(1.77024e-11 1.55507e-08 -7.18233e-11)
(-3.07292e-09 3.76894e-11 1.52659e-08)
(1.53836e-08 -1.28068e-12 3.16169e-09)
(1.77909e-11 1.55539e-08 -6.94379e-11)
(-3.21889e-09 3.65645e-11 1.52369e-08)
(1.53509e-08 -1.23053e-12 3.30371e-09)
(1.78325e-11 1.55569e-08 -6.71009e-11)
(-3.36002e-09 3.54378e-11 1.52075e-08)
(1.5318e-08 -1.18063e-12 3.44088e-09)
(1.7829e-11 1.55598e-08 -6.48088e-11)
(-3.49638e-09 3.43162e-11 1.51778e-08)
(1.52849e-08 -1.13184e-12 3.57328e-09)
(1.77819e-11 1.55626e-08 -6.25598e-11)
(-3.62806e-09 3.32045e-11 1.51481e-08)
(1.52518e-08 -1.08459e-12 3.70101e-09)
(1.7693e-11 1.55653e-08 -6.03527e-11)
(-3.75513e-09 3.21056e-11 1.51183e-08)
(1.52188e-08 -1.03905e-12 3.82415e-09)
(1.75641e-11 1.55679e-08 -5.81871e-11)
(-3.87767e-09 3.10213e-11 1.50885e-08)
(1.51859e-08 -9.95218e-13 3.94282e-09)
(1.73974e-11 1.55705e-08 -5.60629e-11)
(-3.99578e-09 2.99529e-11 1.50589e-08)
(1.51533e-08 -9.53026e-13 4.05708e-09)
(1.71952e-11 1.55729e-08 -5.39802e-11)
(-4.10953e-09 2.89013e-11 1.50296e-08)
(1.51209e-08 -9.12385e-13 4.16705e-09)
(1.69601e-11 1.55752e-08 -5.19392e-11)
(-4.21903e-09 2.7867e-11 1.50005e-08)
(1.5089e-08 -8.73199e-13 4.27281e-09)
(1.66943e-11 1.55775e-08 -4.994e-11)
(-4.32434e-09 2.68504e-11 1.49717e-08)
(1.50574e-08 -8.35381e-13 4.37446e-09)
(1.64006e-11 1.55796e-08 -4.79827e-11)
(-4.42558e-09 2.58518e-11 1.49434e-08)
(1.50264e-08 -7.98858e-13 4.47208e-09)
(1.60813e-11 1.55817e-08 -4.60675e-11)
(-4.52281e-09 2.48713e-11 1.49156e-08)
(1.49959e-08 -7.6357e-13 4.56578e-09)
(1.57389e-11 1.55838e-08 -4.41943e-11)
(-4.61614e-09 2.39093e-11 1.48883e-08)
(1.4966e-08 -7.29468e-13 4.65564e-09)
(1.53756e-11 1.55857e-08 -4.23631e-11)
(-4.70566e-09 2.29657e-11 1.48616e-08)
(1.49368e-08 -6.96513e-13 4.74176e-09)
(1.49938e-11 1.55876e-08 -4.05739e-11)
(-4.79144e-09 2.20408e-11 1.48354e-08)
(1.49083e-08 -6.64673e-13 4.82422e-09)
(1.45956e-11 1.55893e-08 -3.88266e-11)
(-4.87358e-09 2.11345e-11 1.481e-08)
(1.48804e-08 -6.33921e-13 4.90312e-09)
(1.41832e-11 1.55911e-08 -3.71209e-11)
(-4.95216e-09 2.0247e-11 1.47852e-08)
(1.48533e-08 -6.04231e-13 4.97855e-09)
(1.37583e-11 1.55927e-08 -3.54567e-11)
(-5.02728e-09 1.93784e-11 1.47611e-08)
(1.4827e-08 -5.75582e-13 5.0506e-09)
(1.33231e-11 1.55943e-08 -3.38337e-11)
(-5.09902e-09 1.85286e-11 1.47378e-08)
(1.48015e-08 -5.47953e-13 5.11936e-09)
(1.28791e-11 1.55958e-08 -3.22517e-11)
(-5.16746e-09 1.76978e-11 1.47153e-08)
(1.47768e-08 -5.21321e-13 5.1849e-09)
(1.24282e-11 1.55973e-08 -3.07105e-11)
(-5.2327e-09 1.68859e-11 1.46935e-08)
(1.47529e-08 -4.95668e-13 5.24733e-09)
(1.1972e-11 1.55987e-08 -2.92097e-11)
(-5.2948e-09 1.60929e-11 1.46725e-08)
(1.47298e-08 -4.7097e-13 5.30673e-09)
(1.1512e-11 1.56e-08 -2.7749e-11)
(-5.35387e-09 1.5319e-11 1.46523e-08)
(1.47077e-08 -4.47208e-13 5.36318e-09)
(1.10496e-11 1.56013e-08 -2.63282e-11)
(-5.40997e-09 1.45641e-11 1.4633e-08)
(1.46863e-08 -4.24359e-13 5.41677e-09)
(1.05862e-11 1.56026e-08 -2.49469e-11)
(-5.4632e-09 1.38282e-11 1.46144e-08)
(1.46658e-08 -4.02402e-13 5.46758e-09)
(1.01231e-11 1.56037e-08 -2.36048e-11)
(-5.51363e-09 1.31113e-11 1.45967e-08)
(1.46462e-08 -3.81312e-13 5.51569e-09)
(9.66151e-12 1.56049e-08 -2.23015e-11)
(-5.56135e-09 1.24134e-11 1.45798e-08)
(1.46275e-08 -3.61069e-13 5.56119e-09)
(9.2026e-12 1.5606e-08 -2.10368e-11)
(-5.60643e-09 1.17345e-11 1.45638e-08)
(1.46096e-08 -3.41647e-13 5.60416e-09)
(8.74741e-12 1.5607e-08 -1.98104e-11)
(-5.64895e-09 1.10746e-11 1.45485e-08)
(1.45925e-08 -3.23025e-13 5.64468e-09)
(8.29697e-12 1.5608e-08 -1.86218e-11)
(-5.68899e-09 1.04337e-11 1.45341e-08)
(1.45763e-08 -3.05178e-13 5.68282e-09)
(7.8522e-12 1.56089e-08 -1.74709e-11)
(-5.72663e-09 9.81164e-12 1.45204e-08)
(1.45609e-08 -2.88083e-13 5.71867e-09)
(7.41399e-12 1.56098e-08 -1.63572e-11)
(-5.76195e-09 9.20855e-12 1.45076e-08)
(1.45463e-08 -2.71715e-13 5.7523e-09)
(6.98316e-12 1.56107e-08 -1.52806e-11)
(-5.79501e-09 8.62435e-12 1.44955e-08)
(1.45326e-08 -2.5605e-13 5.7838e-09)
(6.56046e-12 1.56115e-08 -1.42406e-11)
(-5.82591e-09 8.059e-12 1.44842e-08)
(1.45196e-08 -2.41065e-13 5.81323e-09)
(6.14659e-12 1.56122e-08 -1.32371e-11)
(-5.8547e-09 7.51249e-12 1.44736e-08)
(1.45074e-08 -2.26736e-13 5.84068e-09)
(5.74222e-12 1.5613e-08 -1.22697e-11)
(-5.88147e-09 6.98477e-12 1.44638e-08)
(1.4496e-08 -2.13037e-13 5.86621e-09)
(5.34793e-12 1.56137e-08 -1.13383e-11)
(-5.90629e-09 6.47581e-12 1.44546e-08)
(1.44853e-08 -1.99946e-13 5.88991e-09)
(4.96427e-12 1.56143e-08 -1.04424e-11)
(-5.92923e-09 5.98558e-12 1.44462e-08)
(1.44753e-08 -1.87438e-13 5.91184e-09)
(4.59175e-12 1.5615e-08 -9.58199e-12)
(-5.95036e-09 5.51403e-12 1.44385e-08)
(1.4466e-08 -1.75489e-13 5.93209e-09)
(4.23082e-12 1.56156e-08 -8.75674e-12)
(-5.96976e-09 5.06113e-12 1.44313e-08)
(1.44574e-08 -1.64075e-13 5.95072e-09)
(3.8819e-12 1.56161e-08 -7.96644e-12)
(-5.9875e-09 4.62684e-12 1.44249e-08)
(1.44495e-08 -1.53171e-13 5.9678e-09)
(3.54536e-12 1.56166e-08 -7.2109e-12)
(-6.00365e-09 4.21112e-12 1.4419e-08)
(1.44421e-08 -1.42756e-13 5.98341e-09)
(3.22153e-12 1.56171e-08 -6.48992e-12)
(-6.01827e-09 3.81393e-12 1.44137e-08)
(1.44354e-08 -1.32804e-13 5.99762e-09)
(2.91071e-12 1.56176e-08 -5.80332e-12)
(-6.03145e-09 3.43522e-12 1.4409e-08)
(1.44293e-08 -1.23292e-13 6.01049e-09)
(2.61316e-12 1.56181e-08 -5.15094e-12)
(-6.04324e-09 3.07497e-12 1.44048e-08)
(1.44237e-08 -1.14197e-13 6.0221e-09)
(2.32911e-12 1.56185e-08 -4.53261e-12)
(-6.05372e-09 2.73313e-12 1.44011e-08)
(1.44186e-08 -1.05497e-13 6.03252e-09)
(2.05876e-12 1.56189e-08 -3.9482e-12)
(-6.06296e-09 2.40965e-12 1.43979e-08)
(1.44141e-08 -9.71701e-14 6.04182e-09)
(1.80226e-12 1.56192e-08 -3.39759e-12)
(-6.07103e-09 2.10451e-12 1.43951e-08)
(1.441e-08 -8.91968e-14 6.05007e-09)
(1.55977e-12 1.56196e-08 -2.88067e-12)
(-6.07799e-09 1.81766e-12 1.43928e-08)
(1.44064e-08 -8.15617e-14 6.05733e-09)
(1.33141e-12 1.56199e-08 -2.39738e-12)
(-6.08391e-09 1.54905e-12 1.43909e-08)
(1.44032e-08 -7.42535e-14 6.06367e-09)
(1.11727e-12 1.56202e-08 -1.94766e-12)
(-6.08886e-09 1.29865e-12 1.43893e-08)
(1.44004e-08 -6.72676e-14 6.06916e-09)
(9.1746e-13 1.56205e-08 -1.5315e-12)
(-6.09291e-09 1.06641e-12 1.43881e-08)
(1.43979e-08 -6.06119e-14 6.07388e-09)
(7.32043e-13 1.56207e-08 -1.14895e-12)
(-6.09612e-09 8.5225e-13 1.43872e-08)
(1.43958e-08 -5.43115e-14 6.07788e-09)
(5.61104e-13 1.56209e-08 -8.00085e-13)
(-6.09857e-09 6.56102e-13 1.43866e-08)
(1.4394e-08 -4.84144e-14 6.08123e-09)
(4.04731e-13 1.56211e-08 -4.84997e-13)
(-6.10032e-09 4.77863e-13 1.43862e-08)
(1.43925e-08 -4.29967e-14 6.084e-09)
(2.63019e-13 1.56213e-08 -2.03738e-13)
(-6.10143e-09 3.17408e-13 1.43861e-08)
(1.43913e-08 -3.81643e-14 6.08626e-09)
(1.36067e-13 1.56215e-08 4.38261e-14)
(-6.10198e-09 1.74608e-13 1.43862e-08)
(1.43902e-08 -3.40414e-14 6.08807e-09)
(2.39544e-14 1.56216e-08 2.58292e-13)
(-6.10203e-09 4.93777e-14 1.43865e-08)
(1.43894e-08 -3.07395e-14 6.08948e-09)
(-7.33077e-14 1.56217e-08 4.41207e-13)
(-6.10165e-09 -5.82016e-14 1.43869e-08)
(1.43888e-08 -2.83014e-14 6.09057e-09)
(-1.55954e-13 1.56218e-08 5.95818e-13)
(-6.10091e-09 -1.47616e-13 1.43874e-08)
(1.43883e-08 -2.65023e-14 6.09138e-09)
(-2.24812e-13 1.56219e-08 7.28023e-13)
(-6.09988e-09 -2.17422e-13 1.4388e-08)
(1.43879e-08 -2.47526e-14 6.09196e-09)
(-2.80585e-13 1.5622e-08 8.4738e-13)
(-6.09862e-09 -2.64589e-13 1.43887e-08)
(1.43877e-08 -2.39626e-14 6.09241e-09)
(-3.25498e-13 1.56221e-08 9.64359e-13)
(-6.09715e-09 -2.84226e-13 1.43894e-08)
(-3.83306e-13 1.56221e-08 1.07594e-12)
(-6.09533e-09 -2.69787e-13 1.43899e-08)
(1.57308e-08 7.46043e-12 1.52772e-10)
(-1.05093e-10 1.55484e-08 -6.07996e-11)
(-1.58175e-10 1.23611e-11 1.54982e-08)
(1.57529e-08 9.63059e-12 3.67233e-10)
(-5.12793e-11 1.55376e-08 -1.45791e-10)
(-5.01362e-10 4.17603e-11 1.54904e-08)
(1.57445e-08 7.74328e-12 5.98273e-10)
(-2.0786e-11 1.55264e-08 -1.79764e-10)
(-7.19185e-10 7.31316e-11 1.54946e-08)
(1.57283e-08 4.79167e-12 8.22824e-10)
(-2.87476e-12 1.55222e-08 -1.92454e-10)
(-9.26271e-10 9.69667e-11 1.55055e-08)
(1.57096e-08 2.0754e-12 1.03915e-09)
(9.13743e-12 1.55199e-08 -1.95825e-10)
(-1.13264e-09 1.12834e-10 1.55068e-08)
(1.56895e-08 -1.33336e-13 1.24835e-09)
(1.74083e-11 1.55194e-08 -1.9446e-10)
(-1.33476e-09 1.22668e-10 1.54993e-08)
(1.56679e-08 -1.81216e-12 1.45091e-09)
(2.30545e-11 1.55208e-08 -1.90657e-10)
(-1.53209e-09 1.28174e-10 1.54861e-08)
(1.56449e-08 -3.00908e-12 1.64717e-09)
(2.68844e-11 1.55234e-08 -1.85681e-10)
(-1.72442e-09 1.30639e-10 1.54686e-08)
(1.56205e-08 -3.80415e-12 1.83741e-09)
(2.94847e-11 1.55267e-08 -1.80223e-10)
(-1.91155e-09 1.31014e-10 1.54482e-08)
(1.55945e-08 -4.28564e-12 2.02182e-09)
(3.12755e-11 1.55304e-08 -1.7465e-10)
(-2.09339e-09 1.2998e-10 1.54256e-08)
(1.55673e-08 -4.53583e-12 2.20055e-09)
(3.25418e-11 1.55341e-08 -1.69138e-10)
(-2.26994e-09 1.28015e-10 1.54014e-08)
(1.55389e-08 -4.624e-12 2.37372e-09)
(3.34661e-11 1.55378e-08 -1.63756e-10)
(-2.44125e-09 1.2545e-10 1.53759e-08)
(1.55094e-08 -4.60426e-12 2.54146e-09)
(3.41597e-11 1.55414e-08 -1.58522e-10)
(-2.60736e-09 1.22506e-10 1.53493e-08)
(1.54789e-08 -4.51651e-12 2.70386e-09)
(3.46871e-11 1.55449e-08 -1.53429e-10)
(-2.76833e-09 1.19335e-10 1.53219e-08)
(1.54478e-08 -4.38875e-12 2.86104e-09)
(3.5084e-11 1.55483e-08 -1.48463e-10)
(-2.92423e-09 1.16034e-10 1.52939e-08)
(1.5416e-08 -4.23972e-12 3.01307e-09)
(3.53696e-11 1.55516e-08 -1.43609e-10)
(-3.07513e-09 1.12669e-10 1.52652e-08)
(1.53837e-08 -4.08142e-12 3.16007e-09)
(3.5554e-11 1.55547e-08 -1.38855e-10)
(-3.2211e-09 1.09282e-10 1.52362e-08)
(1.5351e-08 -3.92113e-12 3.30212e-09)
(3.56429e-11 1.55577e-08 -1.34193e-10)
(-3.36221e-09 1.05899e-10 1.52067e-08)
(1.53181e-08 -3.76296e-12 3.43931e-09)
(3.56402e-11 1.55605e-08 -1.29619e-10)
(-3.49855e-09 1.02538e-10 1.51771e-08)
(1.52851e-08 -3.60906e-12 3.57174e-09)
(3.55494e-11 1.55633e-08 -1.25128e-10)
(-3.6302e-09 9.92107e-11 1.51473e-08)
(1.5252e-08 -3.46036e-12 3.6995e-09)
(3.53742e-11 1.5566e-08 -1.2072e-10)
(-3.75724e-09 9.59239e-11 1.51176e-08)
(1.5219e-08 -3.31709e-12 3.82268e-09)
(3.51186e-11 1.55686e-08 -1.16393e-10)
(-3.87974e-09 9.26823e-11 1.50878e-08)
(1.51862e-08 -3.17914e-12 3.94137e-09)
(3.47872e-11 1.55711e-08 -1.12149e-10)
(-3.99781e-09 8.9489e-11 1.50582e-08)
(1.51535e-08 -3.04626e-12 4.05567e-09)
(3.43846e-11 1.55735e-08 -1.07987e-10)
(-4.11153e-09 8.63461e-11 1.50288e-08)
(1.51212e-08 -2.91812e-12 4.16567e-09)
(3.39159e-11 1.55758e-08 -1.03908e-10)
(-4.22098e-09 8.32551e-11 1.49998e-08)
(1.50893e-08 -2.79444e-12 4.27146e-09)
(3.33859e-11 1.5578e-08 -9.99119e-11)
(-4.32626e-09 8.0217e-11 1.4971e-08)
(1.50578e-08 -2.67496e-12 4.37314e-09)
(3.27998e-11 1.55802e-08 -9.59995e-11)
(-4.42746e-09 7.72327e-11 1.49427e-08)
(1.50267e-08 -2.55947e-12 4.4708e-09)
(3.21625e-11 1.55822e-08 -9.21707e-11)
(-4.52465e-09 7.43026e-11 1.49149e-08)
(1.49963e-08 -2.44779e-12 4.56453e-09)
(3.14789e-11 1.55842e-08 -8.84258e-11)
(-4.61795e-09 7.14273e-11 1.48876e-08)
(1.49664e-08 -2.3398e-12 4.65442e-09)
(3.07535e-11 1.55862e-08 -8.47646e-11)
(-4.70742e-09 6.86072e-11 1.48609e-08)
(1.49372e-08 -2.23538e-12 4.74057e-09)
(2.99909e-11 1.5588e-08 -8.11871e-11)
(-4.79316e-09 6.58426e-11 1.48348e-08)
(1.49086e-08 -2.13444e-12 4.82306e-09)
(2.91955e-11 1.55898e-08 -7.7693e-11)
(-4.87526e-09 6.31338e-11 1.48093e-08)
(1.48808e-08 -2.0369e-12 4.90199e-09)
(2.83713e-11 1.55915e-08 -7.42819e-11)
(-4.95381e-09 6.04809e-11 1.47845e-08)
(1.48537e-08 -1.94269e-12 4.97745e-09)
(2.75224e-11 1.55931e-08 -7.09536e-11)
(-5.02889e-09 5.78842e-11 1.47605e-08)
(1.48274e-08 -1.85174e-12 5.04953e-09)
(2.66524e-11 1.55947e-08 -6.77076e-11)
(-5.10059e-09 5.53439e-11 1.47372e-08)
(1.48019e-08 -1.764e-12 5.11831e-09)
(2.57651e-11 1.55962e-08 -6.45434e-11)
(-5.16899e-09 5.286e-11 1.47146e-08)
(1.47772e-08 -1.67938e-12 5.18389e-09)
(2.48638e-11 1.55976e-08 -6.14605e-11)
(-5.23419e-09 5.04327e-11 1.46929e-08)
(1.47533e-08 -1.59784e-12 5.24635e-09)
(2.39517e-11 1.5599e-08 -5.84583e-11)
(-5.29626e-09 4.80621e-11 1.46719e-08)
(1.47302e-08 -1.51931e-12 5.30577e-09)
(2.30319e-11 1.56004e-08 -5.55362e-11)
(-5.35528e-09 4.57481e-11 1.46517e-08)
(1.47081e-08 -1.44371e-12 5.36225e-09)
(2.21073e-11 1.56016e-08 -5.26937e-11)
(-5.41135e-09 4.34909e-11 1.46324e-08)
(1.46867e-08 -1.37098e-12 5.41587e-09)
(2.11806e-11 1.56028e-08 -4.99301e-11)
(-5.46454e-09 4.12905e-11 1.46139e-08)
(1.46662e-08 -1.30104e-12 5.46671e-09)
(2.02545e-11 1.5604e-08 -4.72448e-11)
(-5.51493e-09 3.91468e-11 1.45962e-08)
(1.46466e-08 -1.23384e-12 5.51485e-09)
(1.93313e-11 1.56051e-08 -4.46371e-11)
(-5.56261e-09 3.70599e-11 1.45793e-08)
(1.46279e-08 -1.1693e-12 5.56037e-09)
(1.84134e-11 1.56062e-08 -4.21065e-11)
(-5.60765e-09 3.50297e-11 1.45632e-08)
(1.46099e-08 -1.10733e-12 5.60337e-09)
(1.75029e-11 1.56072e-08 -3.96522e-11)
(-5.65014e-09 3.30563e-11 1.4548e-08)
(1.45929e-08 -1.04788e-12 5.64391e-09)
(1.66018e-11 1.56082e-08 -3.72738e-11)
(-5.69015e-09 3.11394e-11 1.45335e-08)
(1.45767e-08 -9.90866e-13 5.68208e-09)
(1.5712e-11 1.56091e-08 -3.49705e-11)
(-5.72775e-09 2.92792e-11 1.45199e-08)
(1.45613e-08 -9.3621e-13 5.71795e-09)
(1.48353e-11 1.561e-08 -3.27417e-11)
(-5.76303e-09 2.74755e-11 1.45071e-08)
(1.45467e-08 -8.83841e-13 5.75161e-09)
(1.39734e-11 1.56108e-08 -3.05869e-11)
(-5.79606e-09 2.57283e-11 1.4495e-08)
(1.45329e-08 -8.33682e-13 5.78313e-09)
(1.31276e-11 1.56116e-08 -2.85055e-11)
(-5.82692e-09 2.40374e-11 1.44837e-08)
(1.45199e-08 -7.85658e-13 5.81259e-09)
(1.22995e-11 1.56124e-08 -2.64969e-11)
(-5.85568e-09 2.24028e-11 1.44731e-08)
(1.45077e-08 -7.39694e-13 5.84006e-09)
(1.14903e-11 1.56131e-08 -2.45606e-11)
(-5.88241e-09 2.08244e-11 1.44633e-08)
(1.44963e-08 -6.95713e-13 5.86561e-09)
(1.07013e-11 1.56138e-08 -2.26961e-11)
(-5.90719e-09 1.93021e-11 1.44542e-08)
(1.44856e-08 -6.5364e-13 5.88934e-09)
(9.93358e-12 1.56145e-08 -2.09029e-11)
(-5.9301e-09 1.78358e-11 1.44458e-08)
(1.44756e-08 -6.134e-13 5.91129e-09)
(9.18808e-12 1.56151e-08 -1.91805e-11)
(-5.9512e-09 1.64253e-11 1.4438e-08)
(1.44663e-08 -5.74917e-13 5.93156e-09)
(8.46576e-12 1.56157e-08 -1.75285e-11)
(-5.97056e-09 1.50707e-11 1.4431e-08)
(1.44577e-08 -5.38117e-13 5.95021e-09)
(7.76745e-12 1.56162e-08 -1.59464e-11)
(-5.98827e-09 1.37716e-11 1.44245e-08)
(1.44497e-08 -5.02923e-13 5.96732e-09)
(7.09389e-12 1.56168e-08 -1.44339e-11)
(-6.00438e-09 1.25281e-11 1.44186e-08)
(1.44424e-08 -4.69262e-13 5.98295e-09)
(6.44576e-12 1.56172e-08 -1.29905e-11)
(-6.01897e-09 1.13401e-11 1.44134e-08)
(1.44356e-08 -4.3706e-13 5.99718e-09)
(5.82364e-12 1.56177e-08 -1.16159e-11)
(-6.03211e-09 1.02073e-11 1.44087e-08)
(1.44295e-08 -4.06242e-13 6.01008e-09)
(5.22807e-12 1.56182e-08 -1.03098e-11)
(-6.04387e-09 9.12978e-12 1.44045e-08)
(1.44239e-08 -3.76735e-13 6.02171e-09)
(4.6595e-12 1.56186e-08 -9.07178e-12)
(-6.05432e-09 8.10731e-12 1.44008e-08)
(1.44188e-08 -3.48467e-13 6.03215e-09)
(4.11833e-12 1.56189e-08 -7.90167e-12)
(-6.06352e-09 7.13981e-12 1.43976e-08)
(1.44143e-08 -3.2137e-13 6.04148e-09)
(3.6049e-12 1.56193e-08 -6.79919e-12)
(-6.07156e-09 6.22716e-12 1.43949e-08)
(1.44102e-08 -2.95378e-13 6.04974e-09)
(3.11948e-12 1.56196e-08 -5.76413e-12)
(-6.07848e-09 5.36926e-12 1.43926e-08)
(1.44065e-08 -2.70436e-13 6.05702e-09)
(2.66233e-12 1.56199e-08 -4.79633e-12)
(-6.08437e-09 4.56599e-12 1.43906e-08)
(1.44033e-08 -2.46501e-13 6.06339e-09)
(2.23364e-12 1.56202e-08 -3.89569e-12)
(-6.08929e-09 3.81723e-12 1.43891e-08)
(1.44005e-08 -2.23547e-13 6.0689e-09)
(1.83359e-12 1.56205e-08 -3.06218e-12)
(-6.0933e-09 3.12286e-12 1.43879e-08)
(1.4398e-08 -2.01583e-13 6.07364e-09)
(1.46234e-12 1.56207e-08 -2.29583e-12)
(-6.09648e-09 2.4827e-12 1.4387e-08)
(1.43959e-08 -1.80666e-13 6.07766e-09)
(1.12002e-12 1.5621e-08 -1.59679e-12)
(-6.0989e-09 1.89657e-12 1.43864e-08)
(1.43941e-08 -1.60925e-13 6.08103e-09)
(8.06809e-13 1.56212e-08 -9.65205e-13)
(-6.10061e-09 1.36418e-12 1.43861e-08)
(1.43926e-08 -1.42586e-13 6.08383e-09)
(5.22866e-13 1.56213e-08 -4.01198e-13)
(-6.10169e-09 8.85193e-13 1.4386e-08)
(1.43914e-08 -1.26e-13 6.0861e-09)
(2.68383e-13 1.56215e-08 9.54465e-14)
(-6.10221e-09 4.59179e-13 1.43861e-08)
(1.43903e-08 -1.11641e-13 6.08792e-09)
(4.35165e-14 1.56216e-08 5.25792e-13)
(-6.10223e-09 8.57162e-14 1.43863e-08)
(1.43895e-08 -1.00062e-13 6.08935e-09)
(-1.51687e-13 1.56217e-08 8.92791e-13)
(-6.10182e-09 -2.35342e-13 1.43868e-08)
(1.43888e-08 -9.17506e-14 6.09045e-09)
(-3.17558e-13 1.56218e-08 1.20301e-12)
(-6.10105e-09 -5.0317e-13 1.43873e-08)
(1.43883e-08 -8.63641e-14 6.09127e-09)
(-4.55625e-13 1.56219e-08 1.46912e-12)
(-6.09998e-09 -7.1438e-13 1.43879e-08)
(1.4388e-08 -8.17097e-14 6.09185e-09)
(-5.67438e-13 1.5622e-08 1.71288e-12)
(-6.09868e-09 -8.60461e-13 1.43886e-08)
(1.43877e-08 -7.9822e-14 6.0923e-09)
(-6.53091e-13 1.56221e-08 1.96138e-12)
(-6.09715e-09 -9.25723e-13 1.43893e-08)
(-7.58161e-13 1.56222e-08 2.20915e-12)
(-6.09525e-09 -8.85873e-13 1.43899e-08)
(1.57387e-08 2.39062e-11 1.73161e-10)
(-1.82131e-10 1.55175e-08 -1.08559e-10)
(-1.11885e-10 3.35535e-11 1.54901e-08)
(1.57524e-08 2.17296e-11 3.87905e-10)
(-6.67632e-11 1.55272e-08 -2.46414e-10)
(-4.51849e-10 9.8303e-11 1.5519e-08)
(1.5739e-08 1.46465e-11 6.13401e-10)
(-2.08768e-11 1.55244e-08 -2.8389e-10)
(-6.84065e-10 1.51103e-10 1.55167e-08)
(1.57218e-08 7.85936e-12 8.32403e-10)
(7.22342e-13 1.5524e-08 -2.93327e-10)
(-9.03932e-10 1.84908e-10 1.55178e-08)
(1.57037e-08 2.37329e-12 1.04446e-09)
(1.58564e-11 1.55233e-08 -2.94392e-10)
(-1.11915e-09 2.05084e-10 1.55132e-08)
(1.56845e-08 -1.77763e-12 1.25054e-09)
(2.6922e-11 1.55236e-08 -2.90976e-10)
(-1.32738e-09 2.16244e-10 1.55024e-08)
(1.56639e-08 -4.72547e-12 1.4509e-09)
(3.47485e-11 1.55252e-08 -2.84949e-10)
(-1.52888e-09 2.21359e-10 1.5487e-08)
(1.56418e-08 -6.68244e-12 1.64569e-09)
(4.01929e-11 1.55277e-08 -2.77564e-10)
(-1.724e-09 2.22458e-10 1.54682e-08)
(1.56181e-08 -7.87958e-12 1.83496e-09)
(4.39726e-11 1.55308e-08 -2.6959e-10)
(-1.91295e-09 2.20932e-10 1.54469e-08)
(1.55928e-08 -8.52594e-12 2.01876e-09)
(4.66324e-11 1.55343e-08 -2.6146e-10)
(-2.09597e-09 2.17719e-10 1.54238e-08)
(1.5566e-08 -8.79276e-12 2.19712e-09)
(4.85512e-11 1.55378e-08 -2.53393e-10)
(-2.27326e-09 2.13442e-10 1.53992e-08)
(1.55379e-08 -8.8106e-12 2.37009e-09)
(4.99749e-11 1.55413e-08 -2.45478e-10)
(-2.44502e-09 2.08512e-10 1.53735e-08)
(1.55086e-08 -8.67358e-12 2.53773e-09)
(5.10554e-11 1.55448e-08 -2.37744e-10)
(-2.61138e-09 2.03195e-10 1.53469e-08)
(1.54784e-08 -8.44631e-12 2.70011e-09)
(5.18827e-11 1.55481e-08 -2.30186e-10)
(-2.77249e-09 1.97663e-10 1.53194e-08)
(1.54474e-08 -8.17122e-12 2.85729e-09)
(5.2508e-11 1.55513e-08 -2.22792e-10)
(-2.92845e-09 1.92026e-10 1.52914e-08)
(1.54158e-08 -7.87491e-12 3.00936e-09)
(5.29598e-11 1.55544e-08 -2.15547e-10)
(-3.07936e-09 1.86352e-10 1.52627e-08)
(1.53836e-08 -7.57323e-12 3.1564e-09)
(5.32543e-11 1.55574e-08 -2.08439e-10)
(-3.2253e-09 1.80688e-10 1.52337e-08)
(1.5351e-08 -7.27499e-12 3.29851e-09)
(5.34011e-11 1.55603e-08 -2.01461e-10)
(-3.36638e-09 1.7506e-10 1.52043e-08)
(1.53182e-08 -6.98466e-12 3.43577e-09)
(5.34073e-11 1.55631e-08 -1.94607e-10)
(-3.50266e-09 1.69485e-10 1.51747e-08)
(1.52853e-08 -6.70412e-12 3.56826e-09)
(5.3279e-11 1.55657e-08 -1.87874e-10)
(-3.63424e-09 1.63977e-10 1.5145e-08)
(1.52523e-08 -6.43381e-12 3.69609e-09)
(5.30226e-11 1.55683e-08 -1.81264e-10)
(-3.76121e-09 1.58541e-10 1.51152e-08)
(1.52193e-08 -6.17347e-12 3.81934e-09)
(5.26446e-11 1.55708e-08 -1.74774e-10)
(-3.88365e-09 1.53183e-10 1.50855e-08)
(1.51865e-08 -5.92256e-12 3.9381e-09)
(5.2152e-11 1.55732e-08 -1.68407e-10)
(-4.00165e-09 1.47906e-10 1.5056e-08)
(1.5154e-08 -5.68044e-12 4.05247e-09)
(5.15523e-11 1.55755e-08 -1.62162e-10)
(-4.11529e-09 1.42714e-10 1.50266e-08)
(1.51217e-08 -5.44652e-12 4.16254e-09)
(5.08528e-11 1.55777e-08 -1.56041e-10)
(-4.22467e-09 1.37606e-10 1.49976e-08)
(1.50898e-08 -5.22032e-12 4.26841e-09)
(5.00613e-11 1.55798e-08 -1.50045e-10)
(-4.32988e-09 1.32586e-10 1.49689e-08)
(1.50583e-08 -5.00143e-12 4.37016e-09)
(4.91854e-11 1.55819e-08 -1.44173e-10)
(-4.431e-09 1.27655e-10 1.49406e-08)
(1.50273e-08 -4.78954e-12 4.46789e-09)
(4.82324e-11 1.55839e-08 -1.38427e-10)
(-4.52812e-09 1.22812e-10 1.49128e-08)
(1.49969e-08 -4.5844e-12 4.56168e-09)
(4.72096e-11 1.55858e-08 -1.32806e-10)
(-4.62134e-09 1.18059e-10 1.48856e-08)
(1.49671e-08 -4.38581e-12 4.65165e-09)
(4.61241e-11 1.55877e-08 -1.27311e-10)
(-4.71074e-09 1.13396e-10 1.48589e-08)
(1.49379e-08 -4.19362e-12 4.73786e-09)
(4.49826e-11 1.55894e-08 -1.21941e-10)
(-4.79641e-09 1.08825e-10 1.48328e-08)
(1.49094e-08 -4.00768e-12 4.82043e-09)
(4.37915e-11 1.55911e-08 -1.16696e-10)
(-4.87844e-09 1.04345e-10 1.48074e-08)
(1.48815e-08 -3.82789e-12 4.89943e-09)
(4.25572e-11 1.55928e-08 -1.11575e-10)
(-4.95691e-09 9.99574e-11 1.47827e-08)
(1.48545e-08 -3.65411e-12 4.97495e-09)
(4.12856e-11 1.55944e-08 -1.06579e-10)
(-5.03192e-09 9.56619e-11 1.47587e-08)
(1.48282e-08 -3.48626e-12 5.0471e-09)
(3.99822e-11 1.55959e-08 -1.01706e-10)
(-5.10355e-09 9.14589e-11 1.47354e-08)
(1.48027e-08 -3.3242e-12 5.11595e-09)
(3.86526e-11 1.55973e-08 -9.6955e-11)
(-5.17188e-09 8.73488e-11 1.47129e-08)
(1.4778e-08 -3.16783e-12 5.18159e-09)
(3.73018e-11 1.55987e-08 -9.23262e-11)
(-5.23701e-09 8.33317e-11 1.46912e-08)
(1.47541e-08 -3.01704e-12 5.24411e-09)
(3.59346e-11 1.56e-08 -8.78185e-11)
(-5.29901e-09 7.94079e-11 1.46703e-08)
(1.4731e-08 -2.87171e-12 5.3036e-09)
(3.45558e-11 1.56013e-08 -8.3431e-11)
(-5.35797e-09 7.55775e-11 1.46501e-08)
(1.47088e-08 -2.73171e-12 5.36014e-09)
(3.31696e-11 1.56025e-08 -7.91627e-11)
(-5.41396e-09 7.18405e-11 1.46308e-08)
(1.46875e-08 -2.59693e-12 5.41382e-09)
(3.17801e-11 1.56037e-08 -7.50128e-11)
(-5.46709e-09 6.81971e-11 1.46124e-08)
(1.4667e-08 -2.46723e-12 5.46472e-09)
(3.03913e-11 1.56048e-08 -7.09803e-11)
(-5.51741e-09 6.46473e-11 1.45947e-08)
(1.46474e-08 -2.34249e-12 5.51292e-09)
(2.90069e-11 1.56059e-08 -6.70643e-11)
(-5.56502e-09 6.1191e-11 1.45779e-08)
(1.46286e-08 -2.22257e-12 5.5585e-09)
(2.76302e-11 1.56069e-08 -6.32638e-11)
(-5.61e-09 5.78284e-11 1.45618e-08)
(1.46107e-08 -2.10735e-12 5.60156e-09)
(2.62645e-11 1.56079e-08 -5.9578e-11)
(-5.65241e-09 5.45594e-11 1.45466e-08)
(1.45936e-08 -1.99668e-12 5.64216e-09)
(2.49128e-11 1.56088e-08 -5.60058e-11)
(-5.69235e-09 5.13839e-11 1.45322e-08)
(1.45774e-08 -1.89045e-12 5.68038e-09)
(2.3578e-11 1.56097e-08 -5.25464e-11)
(-5.72989e-09 4.83018e-11 1.45186e-08)
(1.4562e-08 -1.7885e-12 5.71631e-09)
(2.22628e-11 1.56106e-08 -4.91989e-11)
(-5.7651e-09 4.53132e-11 1.45058e-08)
(1.45474e-08 -1.6907e-12 5.75003e-09)
(2.09695e-11 1.56114e-08 -4.59624e-11)
(-5.79806e-09 4.24179e-11 1.44938e-08)
(1.45336e-08 -1.59693e-12 5.7816e-09)
(1.97005e-11 1.56121e-08 -4.2836e-11)
(-5.82886e-09 3.96157e-11 1.44826e-08)
(1.45206e-08 -1.50703e-12 5.81112e-09)
(1.8458e-11 1.56129e-08 -3.98189e-11)
(-5.85755e-09 3.69066e-11 1.4472e-08)
(1.45084e-08 -1.42087e-12 5.83864e-09)
(1.72438e-11 1.56136e-08 -3.69104e-11)
(-5.88422e-09 3.42905e-11 1.44623e-08)
(1.44969e-08 -1.33833e-12 5.86425e-09)
(1.60598e-11 1.56142e-08 -3.41096e-11)
(-5.90893e-09 3.17672e-11 1.44532e-08)
(1.44862e-08 -1.25925e-12 5.88803e-09)
(1.49076e-11 1.56149e-08 -3.14159e-11)
(-5.93177e-09 2.93365e-11 1.44448e-08)
(1.44762e-08 -1.1835e-12 5.91004e-09)
(1.37888e-11 1.56154e-08 -2.88284e-11)
(-5.95281e-09 2.69983e-11 1.44371e-08)
(1.44669e-08 -1.11095e-12 5.93036e-09)
(1.27048e-11 1.5616e-08 -2.63466e-11)
(-5.97211e-09 2.47525e-11 1.44301e-08)
(1.44582e-08 -1.04147e-12 5.94907e-09)
(1.16567e-11 1.56165e-08 -2.39699e-11)
(-5.98975e-09 2.25989e-11 1.44236e-08)
(1.44502e-08 -9.74902e-13 5.96622e-09)
(1.06457e-11 1.5617e-08 -2.16975e-11)
(-6.00579e-09 2.05373e-11 1.44178e-08)
(1.44429e-08 -9.11129e-13 5.98191e-09)
(9.67289e-12 1.56175e-08 -1.9529e-11)
(-6.02032e-09 1.85676e-11 1.44126e-08)
(1.44361e-08 -8.50011e-13 5.99619e-09)
(8.73909e-12 1.5618e-08 -1.74637e-11)
(-6.0334e-09 1.66895e-11 1.44079e-08)
(1.443e-08 -7.91417e-13 6.00914e-09)
(7.8451e-12 1.56184e-08 -1.55013e-11)
(-6.04509e-09 1.4903e-11 1.44038e-08)
(1.44243e-08 -7.35211e-13 6.02082e-09)
(6.99162e-12 1.56188e-08 -1.36412e-11)
(-6.05548e-09 1.32078e-11 1.44001e-08)
(1.44192e-08 -6.81261e-13 6.03132e-09)
(6.17925e-12 1.56191e-08 -1.1883e-11)
(-6.06462e-09 1.16038e-11 1.4397e-08)
(1.44147e-08 -6.29434e-13 6.04069e-09)
(5.40849e-12 1.56195e-08 -1.02264e-11)
(-6.07258e-09 1.00907e-11 1.43943e-08)
(1.44105e-08 -5.79602e-13 6.04901e-09)
(4.67976e-12 1.56198e-08 -8.67091e-12)
(-6.07944e-09 8.66855e-12 1.4392e-08)
(1.44069e-08 -5.31645e-13 6.05634e-09)
(3.99343e-12 1.56201e-08 -7.21641e-12)
(-6.08527e-09 7.33705e-12 1.43901e-08)
(1.44036e-08 -4.85458e-13 6.06275e-09)
(3.3498e-12 1.56204e-08 -5.86266e-12)
(-6.09012e-09 6.09609e-12 1.43886e-08)
(1.44008e-08 -4.40961e-13 6.06832e-09)
(2.74912e-12 1.56206e-08 -4.60957e-12)
(-6.09407e-09 4.94552e-12 1.43874e-08)
(1.43983e-08 -3.98113e-13 6.0731e-09)
(2.1916e-12 1.56208e-08 -3.45714e-12)
(-6.09719e-09 3.88515e-12 1.43866e-08)
(1.43962e-08 -3.56941e-13 6.07717e-09)
(1.67745e-12 1.5621e-08 -2.40548e-12)
(-6.09954e-09 2.91479e-12 1.4386e-08)
(1.43944e-08 -3.17588e-13 6.08059e-09)
(1.20686e-12 1.56212e-08 -1.45479e-12)
(-6.10119e-09 2.03412e-12 1.43857e-08)
(1.43928e-08 -2.80374e-13 6.08343e-09)
(7.80074e-13 1.56214e-08 -6.05183e-13)
(-6.10221e-09 1.24271e-12 1.43856e-08)
(1.43915e-08 -2.45901e-13 6.08575e-09)
(3.97327e-13 1.56215e-08 1.43584e-13)
(-6.10266e-09 5.39893e-13 1.43858e-08)
(1.43905e-08 -2.15174e-13 6.08761e-09)
(5.88472e-14 1.56217e-08 7.92862e-13)
(-6.10262e-09 -7.5286e-14 1.43861e-08)
(1.43896e-08 -1.8974e-13 6.08907e-09)
(-2.35234e-13 1.56218e-08 1.34663e-12)
(-6.10215e-09 -6.03992e-13 1.43865e-08)
(1.43889e-08 -1.7186e-13 6.0902e-09)
(-4.85258e-13 1.56219e-08 1.81445e-12)
(-6.10132e-09 -1.04711e-12 1.43871e-08)
(1.43884e-08 -1.64253e-13 6.09103e-09)
(-6.93804e-13 1.56219e-08 2.21659e-12)
(-6.10019e-09 -1.40333e-12 1.43878e-08)
(1.4388e-08 -1.6791e-13 6.09162e-09)
(-8.62934e-13 1.5622e-08 2.59263e-12)
(-6.09881e-09 -1.66403e-12 1.43885e-08)
(1.43878e-08 -1.85617e-13 6.09205e-09)
(-9.70213e-13 1.56221e-08 3.00445e-12)
(-6.09718e-09 -1.80364e-12 1.43893e-08)
(-1.03226e-12 1.56222e-08 3.46497e-12)
(-6.09508e-09 -1.76223e-12 1.43898e-08)
(1.57593e-08 1.11908e-10 2.49968e-10)
(2.65993e-11 1.0392e-10 1.54073e-08)
(1.57458e-08 4.33482e-11 4.18142e-10)
(-3.83064e-10 2.42953e-10 1.56008e-08)
(1.57293e-08 1.97189e-11 6.27848e-10)
(-6.49012e-10 2.93266e-10 1.55377e-08)
(1.57131e-08 8.30767e-12 8.4001e-10)
(-8.84196e-10 3.13999e-10 1.55249e-08)
(1.56966e-08 -2.18567e-13 1.04716e-09)
(-1.10905e-09 3.23557e-10 1.55166e-08)
(1.56792e-08 -6.34979e-12 1.24968e-09)
(-1.3237e-09 3.26106e-10 1.5503e-08)
(1.56602e-08 -1.03093e-11 1.44767e-09)
(-1.5293e-09 3.24068e-10 1.54854e-08)
(1.56394e-08 -1.2611e-11 1.64097e-09)
(-1.72694e-09 3.1924e-10 1.54651e-08)
(1.56166e-08 -1.37609e-11 1.82937e-09)
(-1.91741e-09 3.12799e-10 1.54428e-08)
(1.55919e-08 -1.4162e-11 2.01268e-09)
(-2.10131e-09 3.0547e-10 1.54191e-08)
(1.55656e-08 -1.41039e-11 2.19081e-09)
(-2.27909e-09 2.97682e-10 1.53942e-08)
(1.55379e-08 -1.37822e-11 2.36369e-09)
(-2.4511e-09 2.89684e-10 1.53684e-08)
(1.55089e-08 -1.33223e-11 2.53132e-09)
(-2.61757e-09 2.81615e-10 1.53417e-08)
(1.54788e-08 -1.2801e-11 2.69373e-09)
(-2.7787e-09 2.73552e-10 1.53143e-08)
(1.54479e-08 -1.22626e-11 2.85098e-09)
(-2.93462e-09 2.65538e-10 1.52863e-08)
(1.54164e-08 -1.17311e-11 3.00314e-09)
(-3.08546e-09 2.57597e-10 1.52578e-08)
(1.53843e-08 -1.12181e-11 3.15027e-09)
(-3.23133e-09 2.49741e-10 1.52288e-08)
(1.53518e-08 -1.07279e-11 3.29248e-09)
(-3.3723e-09 2.41977e-10 1.51995e-08)
(1.53191e-08 -1.02614e-11 3.42984e-09)
(-3.50849e-09 2.34312e-10 1.517e-08)
(1.52862e-08 -9.81748e-12 3.56243e-09)
(-3.63997e-09 2.26748e-10 1.51404e-08)
(1.52532e-08 -9.39432e-12 3.69037e-09)
(-3.76683e-09 2.1929e-10 1.51107e-08)
(1.52203e-08 -8.99013e-12 3.81372e-09)
(-3.88916e-09 2.11938e-10 1.50811e-08)
(1.51876e-08 -8.60324e-12 3.93259e-09)
(-4.00705e-09 2.04696e-10 1.50517e-08)
(1.5155e-08 -8.23226e-12 4.04707e-09)
(-4.12059e-09 1.97566e-10 1.50224e-08)
(1.51228e-08 -7.87607e-12 4.15725e-09)
(-4.22987e-09 1.90549e-10 1.49935e-08)
(1.50909e-08 -7.53377e-12 4.26322e-09)
(-4.33497e-09 1.83647e-10 1.49649e-08)
(1.50595e-08 -7.20465e-12 4.36508e-09)
(-4.43598e-09 1.76862e-10 1.49367e-08)
(1.50285e-08 -6.88814e-12 4.46292e-09)
(-4.533e-09 1.70195e-10 1.4909e-08)
(1.49981e-08 -6.58377e-12 4.55682e-09)
(-4.62612e-09 1.63647e-10 1.48818e-08)
(1.49683e-08 -6.29112e-12 4.64689e-09)
(-4.71542e-09 1.57219e-10 1.48552e-08)
(1.49391e-08 -6.00982e-12 4.73322e-09)
(-4.80099e-09 1.50913e-10 1.48292e-08)
(1.49106e-08 -5.73952e-12 4.81589e-09)
(-4.88291e-09 1.44729e-10 1.48039e-08)
(1.48828e-08 -5.47987e-12 4.895e-09)
(-4.96129e-09 1.38667e-10 1.47793e-08)
(1.48557e-08 -5.23057e-12 4.97063e-09)
(-5.0362e-09 1.3273e-10 1.47554e-08)
(1.48294e-08 -4.99127e-12 5.04288e-09)
(-5.10773e-09 1.26916e-10 1.47322e-08)
(1.48039e-08 -4.76166e-12 5.11184e-09)
(-5.17597e-09 1.21228e-10 1.47098e-08)
(1.47792e-08 -4.54143e-12 5.17758e-09)
(-5.241e-09 1.15665e-10 1.46881e-08)
(1.47553e-08 -4.33025e-12 5.24021e-09)
(-5.3029e-09 1.10227e-10 1.46673e-08)
(1.47323e-08 -4.12781e-12 5.2998e-09)
(-5.36176e-09 1.04916e-10 1.46472e-08)
(1.47101e-08 -3.93379e-12 5.35645e-09)
(-5.41766e-09 9.97322e-11 1.4628e-08)
(1.46887e-08 -3.74788e-12 5.41023e-09)
(-5.47069e-09 9.46749e-11 1.46096e-08)
(1.46682e-08 -3.56978e-12 5.46122e-09)
(-5.52092e-09 8.97448e-11 1.4592e-08)
(1.46486e-08 -3.39917e-12 5.50953e-09)
(-5.56844e-09 8.49422e-11 1.45753e-08)
(1.46298e-08 -3.23577e-12 5.55521e-09)
(-5.61332e-09 8.02673e-11 1.45594e-08)
(1.46118e-08 -3.07928e-12 5.59837e-09)
(-5.65565e-09 7.57202e-11 1.45442e-08)
(1.45948e-08 -2.92941e-12 5.63907e-09)
(-5.69549e-09 7.13011e-11 1.45299e-08)
(1.45785e-08 -2.78587e-12 5.67739e-09)
(-5.73294e-09 6.70101e-11 1.45164e-08)
(1.45631e-08 -2.64838e-12 5.71342e-09)
(-5.76806e-09 6.28472e-11 1.45037e-08)
(1.45485e-08 -2.51668e-12 5.74723e-09)
(-5.80093e-09 5.88125e-11 1.44918e-08)
(1.45346e-08 -2.39049e-12 5.7789e-09)
(-5.83163e-09 5.4906e-11 1.44806e-08)
(1.45216e-08 -2.26957e-12 5.80851e-09)
(-5.86023e-09 5.11277e-11 1.44701e-08)
(1.45094e-08 -2.15364e-12 5.83613e-09)
(-5.88681e-09 4.74776e-11 1.44604e-08)
(1.44979e-08 -2.04246e-12 5.86184e-09)
(-5.91143e-09 4.39557e-11 1.44514e-08)
(1.44871e-08 -1.93579e-12 5.88571e-09)
(-5.93418e-09 4.05619e-11 1.44431e-08)
(1.44771e-08 -1.83339e-12 5.90781e-09)
(-5.95513e-09 3.72962e-11 1.44355e-08)
(1.44677e-08 -1.73502e-12 5.92823e-09)
(-5.97434e-09 3.41584e-11 1.44285e-08)
(1.44591e-08 -1.64046e-12 5.94703e-09)
(-5.99188e-09 3.11485e-11 1.44222e-08)
(1.4451e-08 -1.54948e-12 5.96428e-09)
(-6.00784e-09 2.82663e-11 1.44164e-08)
(1.44436e-08 -1.46187e-12 5.98005e-09)
(-6.02228e-09 2.55118e-11 1.44113e-08)
(1.44369e-08 -1.37742e-12 5.99443e-09)
(-6.03526e-09 2.28848e-11 1.44067e-08)
(1.44306e-08 -1.29592e-12 6.00747e-09)
(-6.04687e-09 2.03852e-11 1.44026e-08)
(1.4425e-08 -1.21717e-12 6.01924e-09)
(-6.05716e-09 1.80129e-11 1.4399e-08)
(1.44199e-08 -1.14097e-12 6.02983e-09)
(-6.06621e-09 1.57676e-11 1.43959e-08)
(1.44152e-08 -1.06711e-12 6.03929e-09)
(-6.07408e-09 1.36492e-11 1.43933e-08)
(1.44111e-08 -9.95367e-13 6.0477e-09)
(-6.08085e-09 1.16577e-11 1.43911e-08)
(1.44074e-08 -9.25555e-13 6.05512e-09)
(-6.08659e-09 9.79282e-12 1.43893e-08)
(1.44041e-08 -8.57476e-13 6.06162e-09)
(-6.09135e-09 8.05459e-12 1.43878e-08)
(1.44012e-08 -7.90951e-13 6.06728e-09)
(-6.09521e-09 6.44291e-12 1.43867e-08)
(1.43987e-08 -7.2582e-13 6.07215e-09)
(-6.09823e-09 4.95776e-12 1.43859e-08)
(1.43966e-08 -6.61968e-13 6.07631e-09)
(-6.10049e-09 3.59916e-12 1.43854e-08)
(1.43947e-08 -5.99381e-13 6.07982e-09)
(-6.10205e-09 2.36712e-12 1.43852e-08)
(1.43931e-08 -5.38243e-13 6.08274e-09)
(-6.10297e-09 1.26157e-12 1.43852e-08)
(1.43918e-08 -4.7913e-13 6.08515e-09)
(-6.10334e-09 2.82182e-13 1.43853e-08)
(1.43907e-08 -4.23395e-13 6.08708e-09)
(-6.1032e-09 -5.71992e-13 1.43857e-08)
(1.43898e-08 -3.73827e-13 6.08862e-09)
(-6.10265e-09 -1.30326e-12 1.43862e-08)
(1.43891e-08 -3.35446e-13 6.08979e-09)
(-6.10173e-09 -1.91668e-12 1.43869e-08)
(1.43886e-08 -3.19061e-13 6.09064e-09)
(-6.10053e-09 -2.42249e-12 1.43876e-08)
(1.43882e-08 -3.60084e-13 6.09122e-09)
(-6.09909e-09 -2.83857e-12 1.43884e-08)
(1.43879e-08 -5.07562e-13 6.09162e-09)
(-6.09738e-09 -3.17721e-12 1.43893e-08)
(-6.09505e-09 -3.34708e-12 1.43899e-08)
(1.59814e-08 -2.378e-10 2.72447e-10)
(3.88979e-10 1.53663e-08 9.81942e-11)
(-1.03295e-10 -9.98419e-11 1.5193e-08)
(1.59671e-08 -8.11533e-11 4.57142e-10)
(1.3236e-10 1.54164e-08 2.26524e-10)
(-4.00633e-10 -2.38149e-10 1.55244e-08)
(1.59469e-08 -3.32852e-11 6.6741e-10)
(4.15689e-11 1.54219e-08 2.69797e-10)
(-6.36615e-10 -2.91936e-10 1.54249e-08)
(1.59265e-08 -1.37809e-11 8.77593e-10)
(6.07958e-12 1.5427e-08 2.84322e-10)
(-8.69223e-10 -3.13153e-10 1.54109e-08)
(1.5905e-08 1.14333e-13 1.08491e-09)
(-1.61937e-11 1.54284e-08 2.86668e-10)
(-1.09594e-09 -3.21114e-10 1.54043e-08)
(1.58826e-08 9.82915e-12 1.28932e-09)
(-3.10773e-11 1.54299e-08 2.82724e-10)
(-1.31212e-09 -3.2175e-10 1.53919e-08)
(1.58585e-08 1.59282e-11 1.48985e-09)
(-4.06853e-11 1.54332e-08 2.75873e-10)
(-1.51816e-09 -3.18205e-10 1.53762e-08)
(1.58323e-08 1.94116e-11 1.68567e-09)
(-4.68068e-11 1.54377e-08 2.67911e-10)
(-1.71542e-09 -3.12398e-10 1.53585e-08)
(1.5804e-08 2.1159e-11 1.87627e-09)
(-5.07029e-11 1.5443e-08 2.59694e-10)
(-1.90508e-09 -3.05426e-10 1.53392e-08)
(1.57738e-08 2.18207e-11 2.06139e-09)
(-5.32261e-11 1.54487e-08 2.51587e-10)
(-2.08803e-09 -2.97891e-10 1.53187e-08)
(1.57418e-08 2.18389e-11 2.24092e-09)
(-5.49194e-11 1.54545e-08 2.43713e-10)
(-2.26487e-09 -2.90107e-10 1.5297e-08)
(1.57084e-08 2.14971e-11 2.41486e-09)
(-5.61069e-11 1.54603e-08 2.36087e-10)
(-2.43602e-09 -2.82239e-10 1.52744e-08)
(1.56738e-08 2.09697e-11 2.58326e-09)
(-5.69722e-11 1.5466e-08 2.28683e-10)
(-2.60174e-09 -2.74369e-10 1.52509e-08)
(1.56383e-08 2.03591e-11 2.7462e-09)
(-5.76139e-11 1.54716e-08 2.21468e-10)
(-2.76224e-09 -2.66538e-10 1.52266e-08)
(1.5602e-08 1.97225e-11 2.90378e-09)
(-5.80818e-11 1.5477e-08 2.14411e-10)
(-2.91765e-09 -2.58768e-10 1.52016e-08)
(1.55652e-08 1.90894e-11 3.05609e-09)
(-5.83992e-11 1.54823e-08 2.0749e-10)
(-3.06808e-09 -2.5107e-10 1.51761e-08)
(1.55279e-08 1.84737e-11 3.20323e-09)
(-5.85766e-11 1.54875e-08 2.00691e-10)
(-3.21362e-09 -2.43451e-10 1.515e-08)
(1.54903e-08 1.78804e-11 3.34532e-09)
(-5.86189e-11 1.54926e-08 1.94007e-10)
(-3.35436e-09 -2.35918e-10 1.51235e-08)
(1.54526e-08 1.73101e-11 3.48244e-09)
(-5.85293e-11 1.54975e-08 1.87433e-10)
(-3.49037e-09 -2.28474e-10 1.50967e-08)
(1.54148e-08 1.67616e-11 3.61469e-09)
(-5.83116e-11 1.55023e-08 1.80968e-10)
(-3.62175e-09 -2.21123e-10 1.50698e-08)
(1.53771e-08 1.62327e-11 3.74219e-09)
(-5.797e-11 1.55069e-08 1.74614e-10)
(-3.74857e-09 -2.13869e-10 1.50427e-08)
(1.53395e-08 1.57217e-11 3.86501e-09)
(-5.75101e-11 1.55115e-08 1.6837e-10)
(-3.87091e-09 -2.06716e-10 1.50156e-08)
(1.53022e-08 1.52268e-11 3.98328e-09)
(-5.69379e-11 1.55159e-08 1.6224e-10)
(-3.98886e-09 -1.99665e-10 1.49887e-08)
(1.52652e-08 1.47465e-11 4.09707e-09)
(-5.62603e-11 1.55202e-08 1.56224e-10)
(-4.10251e-09 -1.92721e-10 1.49618e-08)
(1.52286e-08 1.42799e-11 4.2065e-09)
(-5.54846e-11 1.55244e-08 1.50325e-10)
(-4.21193e-09 -1.85885e-10 1.49353e-08)
(1.51925e-08 1.38261e-11 4.31166e-09)
(-5.4618e-11 1.55285e-08 1.44542e-10)
(-4.31721e-09 -1.79158e-10 1.4909e-08)
(1.51569e-08 1.33845e-11 4.41264e-09)
(-5.36679e-11 1.55324e-08 1.38878e-10)
(-4.41845e-09 -1.72544e-10 1.4883e-08)
(1.51219e-08 1.29546e-11 4.50956e-09)
(-5.26415e-11 1.55363e-08 1.33333e-10)
(-4.51572e-09 -1.66043e-10 1.48575e-08)
(1.50875e-08 1.2536e-11 4.60249e-09)
(-5.15459e-11 1.55401e-08 1.27906e-10)
(-4.60912e-09 -1.59658e-10 1.48325e-08)
(1.50539e-08 1.21285e-11 4.69155e-09)
(-5.03881e-11 1.55437e-08 1.22599e-10)
(-4.69872e-09 -1.53388e-10 1.4808e-08)
(1.50209e-08 1.17317e-11 4.77683e-09)
(-4.91745e-11 1.55473e-08 1.17412e-10)
(-4.78462e-09 -1.47235e-10 1.4784e-08)
(1.49888e-08 1.13453e-11 4.85842e-09)
(-4.79116e-11 1.55507e-08 1.12343e-10)
(-4.8669e-09 -1.41201e-10 1.47606e-08)
(1.49574e-08 1.0969e-11 4.93641e-09)
(-4.66055e-11 1.55541e-08 1.07394e-10)
(-4.94565e-09 -1.35286e-10 1.47379e-08)
(1.49269e-08 1.06027e-11 5.01091e-09)
(-4.52619e-11 1.55573e-08 1.02563e-10)
(-5.02094e-09 -1.29491e-10 1.47159e-08)
(1.48973e-08 1.0246e-11 5.08201e-09)
(-4.38865e-11 1.55605e-08 9.78497e-11)
(-5.09287e-09 -1.23816e-10 1.46945e-08)
(1.48685e-08 9.89865e-12 5.1498e-09)
(-4.24845e-11 1.55635e-08 9.32542e-11)
(-5.16152e-09 -1.18263e-10 1.46738e-08)
(1.48406e-08 9.56039e-12 5.21436e-09)
(-4.1061e-11 1.55665e-08 8.87757e-11)
(-5.22697e-09 -1.12831e-10 1.46539e-08)
(1.48136e-08 9.23094e-12 5.2758e-09)
(-3.96207e-11 1.55693e-08 8.44134e-11)
(-5.28931e-09 -1.07522e-10 1.46347e-08)
(1.47876e-08 8.91002e-12 5.33419e-09)
(-3.81682e-11 1.55721e-08 8.01666e-11)
(-5.34861e-09 -1.02336e-10 1.46162e-08)
(1.47625e-08 8.59736e-12 5.38963e-09)
(-3.67078e-11 1.55748e-08 7.60346e-11)
(-5.40496e-09 -9.72727e-11 1.45986e-08)
(1.47384e-08 8.29267e-12 5.44221e-09)
(-3.52435e-11 1.55774e-08 7.20167e-11)
(-5.45843e-09 -9.23333e-11 1.45817e-08)
(1.47151e-08 7.99569e-12 5.49201e-09)
(-3.37793e-11 1.55799e-08 6.8112e-11)
(-5.50912e-09 -8.75178e-11 1.45655e-08)
(1.46929e-08 7.70615e-12 5.53911e-09)
(-3.23187e-11 1.55823e-08 6.43197e-11)
(-5.55708e-09 -8.28265e-11 1.45502e-08)
(1.46715e-08 7.42375e-12 5.58361e-09)
(-3.08651e-11 1.55846e-08 6.06391e-11)
(-5.60242e-09 -7.82596e-11 1.45356e-08)
(1.46511e-08 7.14825e-12 5.62558e-09)
(-2.94218e-11 1.55869e-08 5.70693e-11)
(-5.64519e-09 -7.38174e-11 1.45218e-08)
(1.46316e-08 6.87937e-12 5.66511e-09)
(-2.79918e-11 1.55891e-08 5.36095e-11)
(-5.68548e-09 -6.94999e-11 1.45088e-08)
(1.46131e-08 6.61684e-12 5.70228e-09)
(-2.6578e-11 1.55912e-08 5.02591e-11)
(-5.72337e-09 -6.53073e-11 1.44965e-08)
(1.45955e-08 6.36042e-12 5.73717e-09)
(-2.51829e-11 1.55932e-08 4.70171e-11)
(-5.75893e-09 -6.12398e-11 1.44849e-08)
(1.45787e-08 6.10984e-12 5.76985e-09)
(-2.3809e-11 1.55951e-08 4.38829e-11)
(-5.79224e-09 -5.72974e-11 1.44741e-08)
(1.45628e-08 5.86485e-12 5.80041e-09)
(-2.24587e-11 1.5597e-08 4.08557e-11)
(-5.82336e-09 -5.34801e-11 1.4464e-08)
(1.45479e-08 5.62522e-12 5.82893e-09)
(-2.1134e-11 1.55988e-08 3.79349e-11)
(-5.85239e-09 -4.9788e-11 1.44546e-08)
(1.45337e-08 5.39068e-12 5.85548e-09)
(-1.9837e-11 1.56005e-08 3.51197e-11)
(-5.87938e-09 -4.62211e-11 1.44459e-08)
(1.45204e-08 5.16102e-12 5.88014e-09)
(-1.85694e-11 1.56021e-08 3.24095e-11)
(-5.90441e-09 -4.27794e-11 1.44379e-08)
(1.45079e-08 4.93599e-12 5.90299e-09)
(-1.7333e-11 1.56037e-08 2.98037e-11)
(-5.92755e-09 -3.94629e-11 1.44306e-08)
(1.44962e-08 4.71536e-12 5.92409e-09)
(-1.61292e-11 1.56052e-08 2.73017e-11)
(-5.94888e-09 -3.62716e-11 1.44238e-08)
(1.44852e-08 4.49892e-12 5.94353e-09)
(-1.49596e-11 1.56067e-08 2.49028e-11)
(-5.96847e-09 -3.32053e-11 1.44177e-08)
(1.44751e-08 4.28645e-12 5.96137e-09)
(-1.38252e-11 1.5608e-08 2.26067e-11)
(-5.98638e-09 -3.0264e-11 1.44121e-08)
(1.44656e-08 4.07771e-12 5.9777e-09)
(-1.27273e-11 1.56093e-08 2.04127e-11)
(-6.00269e-09 -2.74478e-11 1.44072e-08)
(1.44568e-08 3.8725e-12 5.99257e-09)
(-1.1667e-11 1.56106e-08 1.83205e-11)
(-6.01747e-09 -2.47564e-11 1.44027e-08)
(1.44487e-08 3.67063e-12 6.00607e-09)
(-1.06451e-11 1.56118e-08 1.63295e-11)
(-6.03079e-09 -2.21898e-11 1.43988e-08)
(1.44413e-08 3.47189e-12 6.01827e-09)
(-9.66251e-12 1.56129e-08 1.44394e-11)
(-6.04271e-09 -1.97479e-11 1.43954e-08)
(1.44345e-08 3.27611e-12 6.02923e-09)
(-8.71989e-12 1.56139e-08 1.26498e-11)
(-6.05331e-09 -1.74307e-11 1.43925e-08)
(1.44283e-08 3.08305e-12 6.03902e-09)
(-7.81786e-12 1.56149e-08 1.09603e-11)
(-6.06266e-09 -1.52378e-11 1.439e-08)
(1.44227e-08 2.89249e-12 6.04772e-09)
(-6.95693e-12 1.56159e-08 9.37062e-12)
(-6.07081e-09 -1.31694e-11 1.43879e-08)
(1.44176e-08 2.7042e-12 6.0554e-09)
(-6.13752e-12 1.56167e-08 7.88055e-12)
(-6.07785e-09 -1.12252e-11 1.43862e-08)
(1.4413e-08 2.51796e-12 6.06212e-09)
(-5.35997e-12 1.56176e-08 6.48988e-12)
(-6.08384e-09 -9.40525e-12 1.43848e-08)
(1.44089e-08 2.33357e-12 6.06795e-09)
(-4.62456e-12 1.56183e-08 5.19849e-12)
(-6.08884e-09 -7.7094e-12 1.43838e-08)
(1.44053e-08 2.15083e-12 6.07296e-09)
(-3.93149e-12 1.5619e-08 4.00637e-12)
(-6.09293e-09 -6.13765e-12 1.43831e-08)
(1.44021e-08 1.96959e-12 6.07722e-09)
(-3.28089e-12 1.56197e-08 2.91359e-12)
(-6.09617e-09 -4.69e-12 1.43827e-08)
(1.43994e-08 1.78977e-12 6.0808e-09)
(-2.67289e-12 1.56202e-08 1.92032e-12)
(-6.09863e-09 -3.36651e-12 1.43826e-08)
(1.4397e-08 1.61156e-12 6.08375e-09)
(-2.10764e-12 1.56208e-08 1.02687e-12)
(-6.10038e-09 -2.16733e-12 1.43826e-08)
(1.43949e-08 1.4356e-12 6.08615e-09)
(-1.5855e-12 1.56212e-08 2.33471e-13)
(-6.10147e-09 -1.0927e-12 1.43829e-08)
(1.43932e-08 1.26345e-12 6.08807e-09)
(-1.10721e-12 1.56217e-08 -4.59885e-13)
(-6.10199e-09 -1.42971e-13 1.43833e-08)
(1.43918e-08 1.09847e-12 6.08956e-09)
(-6.74383e-13 1.5622e-08 -1.05409e-12)
(-6.102e-09 6.81398e-13 1.43839e-08)
(1.43906e-08 9.47485e-13 6.09069e-09)
(-2.90383e-13 1.56223e-08 -1.55209e-12)
(-6.10156e-09 1.37986e-12 1.43846e-08)
(1.43896e-08 8.23565e-13 6.09151e-09)
(3.81982e-14 1.56226e-08 -1.96117e-12)
(-6.10075e-09 1.95194e-12 1.43854e-08)
(1.43888e-08 7.5084e-13 6.09207e-09)
(2.9994e-13 1.56228e-08 -2.29711e-12)
(-6.09965e-09 2.39766e-12 1.43863e-08)
(1.43882e-08 7.71516e-13 6.09245e-09)
(4.75018e-13 1.5623e-08 -2.59021e-12)
(-6.09833e-09 2.71858e-12 1.43872e-08)
(1.43878e-08 9.12121e-13 6.09273e-09)
(5.32698e-13 1.56232e-08 -2.88047e-12)
(-6.09682e-09 2.91336e-12 1.4388e-08)
(5.23405e-13 1.56236e-08 -3.16412e-12)
(-6.09511e-09 2.97484e-12 1.43885e-08)
(1.59357e-08 -5.22706e-11 2.00161e-10)
(2.21025e-10 1.54322e-08 5.49963e-11)
(-2.54622e-10 -4.71694e-11 1.53332e-08)
(1.5983e-08 -4.72975e-11 4.2757e-10)
(1.03616e-10 1.54366e-08 1.34473e-10)
(-4.7044e-10 -1.23536e-10 1.53837e-08)
(1.59659e-08 -3.23096e-11 6.53417e-10)
(4.32998e-11 1.54261e-08 1.71164e-10)
(-6.6865e-10 -1.70254e-10 1.53895e-08)
(1.59417e-08 -1.87549e-11 8.71167e-10)
(1.14208e-11 1.54252e-08 1.86427e-10)
(-8.85101e-10 -1.96621e-10 1.53979e-08)
(1.59168e-08 -8.23907e-12 1.08358e-09)
(-7.79931e-12 1.54241e-08 1.90425e-10)
(-1.10266e-09 -2.11383e-10 1.5397e-08)
(1.58912e-08 -4.73531e-13 1.29127e-09)
(-1.96534e-11 1.54248e-08 1.88704e-10)
(-1.31323e-09 -2.18942e-10 1.53887e-08)
(1.58645e-08 4.96245e-12 1.49375e-09)
(-2.69249e-11 1.54281e-08 1.84383e-10)
(-1.51592e-09 -2.21733e-10 1.5376e-08)
(1.58363e-08 8.5651e-12 1.69067e-09)
(-3.13769e-11 1.5433e-08 1.79044e-10)
(-1.71122e-09 -2.21365e-10 1.53602e-08)
(1.58065e-08 1.08127e-11 1.88185e-09)
(-3.41036e-11 1.54388e-08 1.7344e-10)
(-1.89977e-09 -2.18942e-10 1.5342e-08)
(1.57752e-08 1.21044e-11 2.06724e-09)
(-3.57984e-11 1.54449e-08 1.67893e-10)
(-2.0821e-09 -2.15211e-10 1.53221e-08)
(1.57426e-08 1.27492e-11 2.24687e-09)
(-3.68894e-11 1.54511e-08 1.6252e-10)
(-2.25861e-09 -2.10664e-10 1.53008e-08)
(1.57087e-08 1.29733e-11 2.42081e-09)
(-3.76271e-11 1.54572e-08 1.5734e-10)
(-2.42961e-09 -2.05624e-10 1.52783e-08)
(1.56738e-08 1.29346e-11 2.58916e-09)
(-3.81508e-11 1.54631e-08 1.52334e-10)
(-2.59528e-09 -2.00295e-10 1.52549e-08)
(1.5638e-08 1.27395e-11 2.75203e-09)
(-3.85331e-11 1.54689e-08 1.47476e-10)
(-2.75579e-09 -1.94809e-10 1.52306e-08)
(1.56015e-08 1.24567e-11 2.90952e-09)
(-3.88088e-11 1.54745e-08 1.42739e-10)
(-2.91125e-09 -1.8925e-10 1.52055e-08)
(1.55645e-08 1.2129e-11 3.06173e-09)
(-3.89929e-11 1.548e-08 1.38105e-10)
(-3.06175e-09 -1.83672e-10 1.51799e-08)
(1.55271e-08 1.17821e-11 3.20878e-09)
(-3.90906e-11 1.54853e-08 1.3356e-10)
(-3.20738e-09 -1.78109e-10 1.51538e-08)
(1.54894e-08 1.14307e-11 3.35076e-09)
(-3.91036e-11 1.54904e-08 1.29096e-10)
(-3.34821e-09 -1.72584e-10 1.51272e-08)
(1.54516e-08 1.10824e-11 3.48778e-09)
(-3.90326e-11 1.54954e-08 1.24709e-10)
(-3.48433e-09 -1.67111e-10 1.51004e-08)
(1.54137e-08 1.07411e-11 3.61993e-09)
(-3.88788e-11 1.55003e-08 1.20397e-10)
(-3.61581e-09 -1.61701e-10 1.50734e-08)
(1.53759e-08 1.04083e-11 3.74732e-09)
(-3.86443e-11 1.55051e-08 1.1616e-10)
(-3.74274e-09 -1.5636e-10 1.50463e-08)
(1.53382e-08 1.00843e-11 3.87004e-09)
(-3.8332e-11 1.55097e-08 1.11998e-10)
(-3.86519e-09 -1.51093e-10 1.50192e-08)
(1.53009e-08 9.76893e-12 3.98819e-09)
(-3.79457e-11 1.55142e-08 1.07912e-10)
(-3.98325e-09 -1.45903e-10 1.49921e-08)
(1.52638e-08 9.46169e-12 4.10188e-09)
(-3.74898e-11 1.55186e-08 1.03904e-10)
(-4.09701e-09 -1.40794e-10 1.49653e-08)
(1.52272e-08 9.16213e-12 4.2112e-09)
(-3.69688e-11 1.55229e-08 9.99724e-11)
(-4.20654e-09 -1.35768e-10 1.49386e-08)
(1.5191e-08 8.86983e-12 4.31625e-09)
(-3.63876e-11 1.5527e-08 9.61198e-11)
(-4.31193e-09 -1.30825e-10 1.49123e-08)
(1.51553e-08 8.58445e-12 4.41713e-09)
(-3.5751e-11 1.5531e-08 9.23463e-11)
(-4.41328e-09 -1.25967e-10 1.48863e-08)
(1.51203e-08 8.3057e-12 4.51394e-09)
(-3.50638e-11 1.5535e-08 8.86524e-11)
(-4.51066e-09 -1.21196e-10 1.48607e-08)
(1.50859e-08 8.0334e-12 4.60677e-09)
(-3.43307e-11 1.55388e-08 8.50382e-11)
(-4.60417e-09 -1.16512e-10 1.48356e-08)
(1.50522e-08 7.76737e-12 4.69572e-09)
(-3.35564e-11 1.55425e-08 8.15039e-11)
(-4.69388e-09 -1.11916e-10 1.4811e-08)
(1.50193e-08 7.50749e-12 4.7809e-09)
(-3.27452e-11 1.55461e-08 7.80494e-11)
(-4.77989e-09 -1.07408e-10 1.4787e-08)
(1.49871e-08 7.25366e-12 4.86238e-09)
(-3.19014e-11 1.55496e-08 7.46746e-11)
(-4.86227e-09 -1.0299e-10 1.47636e-08)
(1.49558e-08 7.00578e-12 4.94028e-09)
(-3.1029e-11 1.5553e-08 7.13795e-11)
(-4.94113e-09 -9.86612e-11 1.47408e-08)
(1.49252e-08 6.76377e-12 5.01468e-09)
(-3.0132e-11 1.55563e-08 6.81636e-11)
(-5.01653e-09 -9.44228e-11 1.47187e-08)
(1.48956e-08 6.52753e-12 5.08568e-09)
(-2.92139e-11 1.55595e-08 6.50266e-11)
(-5.08857e-09 -9.0275e-11 1.46972e-08)
(1.48668e-08 6.29698e-12 5.15336e-09)
(-2.82783e-11 1.55626e-08 6.19682e-11)
(-5.15732e-09 -8.62179e-11 1.46765e-08)
(1.48389e-08 6.07202e-12 5.21783e-09)
(-2.73287e-11 1.55656e-08 5.89879e-11)
(-5.22287e-09 -8.22521e-11 1.46565e-08)
(1.4812e-08 5.85256e-12 5.27917e-09)
(-2.63681e-11 1.55685e-08 5.60853e-11)
(-5.28531e-09 -7.83776e-11 1.46373e-08)
(1.4786e-08 5.6385e-12 5.33747e-09)
(-2.53995e-11 1.55713e-08 5.32598e-11)
(-5.34472e-09 -7.45947e-11 1.46188e-08)
(1.47609e-08 5.42974e-12 5.39282e-09)
(-2.44259e-11 1.5574e-08 5.05111e-11)
(-5.40116e-09 -7.09035e-11 1.4601e-08)
(1.47367e-08 5.22615e-12 5.4453e-09)
(-2.345e-11 1.55767e-08 4.78384e-11)
(-5.45474e-09 -6.73042e-11 1.4584e-08)
(1.47136e-08 5.02764e-12 5.49501e-09)
(-2.24742e-11 1.55792e-08 4.52413e-11)
(-5.50552e-09 -6.37968e-11 1.45679e-08)
(1.46913e-08 4.83407e-12 5.54202e-09)
(-2.1501e-11 1.55817e-08 4.27193e-11)
(-5.55359e-09 -6.03815e-11 1.45524e-08)
(1.467e-08 4.64534e-12 5.58643e-09)
(-2.05327e-11 1.55841e-08 4.02718e-11)
(-5.59902e-09 -5.70583e-11 1.45378e-08)
(1.46496e-08 4.46132e-12 5.62832e-09)
(-1.95714e-11 1.55863e-08 3.78982e-11)
(-5.64189e-09 -5.38272e-11 1.45239e-08)
(1.46302e-08 4.28189e-12 5.66776e-09)
(-1.86191e-11 1.55885e-08 3.5598e-11)
(-5.68228e-09 -5.06881e-11 1.45108e-08)
(1.46117e-08 4.10691e-12 5.70484e-09)
(-1.76777e-11 1.55907e-08 3.33707e-11)
(-5.72027e-09 -4.76412e-11 1.44985e-08)
(1.45941e-08 3.93627e-12 5.73964e-09)
(-1.67489e-11 1.55927e-08 3.12157e-11)
(-5.75593e-09 -4.46863e-11 1.44868e-08)
(1.45774e-08 3.76983e-12 5.77224e-09)
(-1.58343e-11 1.55947e-08 2.91325e-11)
(-5.78933e-09 -4.18234e-11 1.4476e-08)
(1.45615e-08 3.60747e-12 5.80272e-09)
(-1.49355e-11 1.55966e-08 2.71206e-11)
(-5.82055e-09 -3.90525e-11 1.44658e-08)
(1.45466e-08 3.44904e-12 5.83116e-09)
(-1.40539e-11 1.55984e-08 2.51796e-11)
(-5.84967e-09 -3.63733e-11 1.44564e-08)
(1.45325e-08 3.29443e-12 5.85762e-09)
(-1.31908e-11 1.56001e-08 2.3309e-11)
(-5.87676e-09 -3.3786e-11 1.44476e-08)
(1.45192e-08 3.14349e-12 5.8822e-09)
(-1.23474e-11 1.56018e-08 2.15082e-11)
(-5.90188e-09 -3.12902e-11 1.44395e-08)
(1.45067e-08 2.9961e-12 5.90496e-09)
(-1.15248e-11 1.56034e-08 1.9777e-11)
(-5.92512e-09 -2.8886e-11 1.44321e-08)
(1.44951e-08 2.85213e-12 5.92599e-09)
(-1.07241e-11 1.56049e-08 1.81149e-11)
(-5.94655e-09 -2.65732e-11 1.44253e-08)
(1.44842e-08 2.71143e-12 5.94534e-09)
(-9.94602e-12 1.56064e-08 1.65215e-11)
(-5.96623e-09 -2.43517e-11 1.44191e-08)
(1.4474e-08 2.57387e-12 5.96311e-09)
(-9.19156e-12 1.56078e-08 1.49964e-11)
(-5.98424e-09 -2.22214e-11 1.44135e-08)
(1.44646e-08 2.43933e-12 5.97935e-09)
(-8.46143e-12 1.56091e-08 1.35393e-11)
(-6.00064e-09 -2.0182e-11 1.44085e-08)
(1.44559e-08 2.30767e-12 5.99415e-09)
(-7.75632e-12 1.56104e-08 1.21499e-11)
(-6.01551e-09 -1.82335e-11 1.4404e-08)
(1.44479e-08 2.17876e-12 6.00757e-09)
(-7.07683e-12 1.56116e-08 1.08278e-11)
(-6.02892e-09 -1.63757e-11 1.44e-08)
(1.44405e-08 2.05246e-12 6.01969e-09)
(-6.4235e-12 1.56127e-08 9.57287e-12)
(-6.04094e-09 -1.46085e-11 1.43965e-08)
(1.44337e-08 1.92865e-12 6.03057e-09)
(-5.7968e-12 1.56138e-08 8.38475e-12)
(-6.05164e-09 -1.29318e-11 1.43935e-08)
(1.44275e-08 1.80719e-12 6.04029e-09)
(-5.19713e-12 1.56148e-08 7.26323e-12)
(-6.06107e-09 -1.13453e-11 1.4391e-08)
(1.4422e-08 1.68795e-12 6.04891e-09)
(-4.62482e-12 1.56157e-08 6.20812e-12)
(-6.06933e-09 -9.84887e-12 1.43888e-08)
(1.44169e-08 1.5708e-12 6.05651e-09)
(-4.08014e-12 1.56166e-08 5.21926e-12)
(-6.07646e-09 -8.44246e-12 1.43871e-08)
(1.44124e-08 1.45564e-12 6.06315e-09)
(-3.56332e-12 1.56175e-08 4.29653e-12)
(-6.08254e-09 -7.1259e-12 1.43857e-08)
(1.44084e-08 1.34241e-12 6.06891e-09)
(-3.07453e-12 1.56182e-08 3.43989e-12)
(-6.08764e-09 -5.89905e-12 1.43846e-08)
(1.44048e-08 1.2311e-12 6.07384e-09)
(-2.61388e-12 1.56189e-08 2.64934e-12)
(-6.09182e-09 -4.76179e-12 1.43839e-08)
(1.44016e-08 1.12178e-12 6.07802e-09)
(-2.18149e-12 1.56196e-08 1.925e-12)
(-6.09515e-09 -3.71399e-12 1.43834e-08)
(1.43989e-08 1.01472e-12 6.08152e-09)
(-1.77742e-12 1.56202e-08 1.26704e-12)
(-6.09771e-09 -2.75554e-12 1.43832e-08)
(1.43966e-08 9.10464e-13 6.0844e-09)
(-1.40183e-12 1.56207e-08 6.75724e-13)
(-6.09955e-09 -1.88635e-12 1.43832e-08)
(1.43946e-08 8.09982e-13 6.08673e-09)
(-1.05499e-12 1.56212e-08 1.51253e-13)
(-6.10074e-09 -1.10633e-12 1.43834e-08)
(1.43929e-08 7.14918e-13 6.08857e-09)
(-7.37528e-13 1.56216e-08 -3.06423e-13)
(-6.10135e-09 -4.15459e-13 1.43838e-08)
(1.43915e-08 6.27858e-13 6.09e-09)
(-4.50683e-13 1.5622e-08 -6.98086e-13)
(-6.10145e-09 1.86142e-13 1.43843e-08)
(1.43904e-08 5.52598e-13 6.09106e-09)
(-1.96828e-13 1.56223e-08 -1.02612e-12)
(-6.10111e-09 6.98096e-13 1.43849e-08)
(1.43894e-08 4.94259e-13 6.09183e-09)
(1.99107e-14 1.56226e-08 -1.2959e-12)
(-6.10039e-09 1.11955e-12 1.43857e-08)
(1.43887e-08 4.58458e-13 6.09237e-09)
(1.9335e-13 1.56228e-08 -1.5178e-12)
(-6.09937e-09 1.44873e-12 1.43865e-08)
(1.43882e-08 4.48549e-13 6.09274e-09)
(3.14908e-13 1.5623e-08 -1.70906e-12)
(-6.09812e-09 1.68215e-12 1.43873e-08)
(1.43879e-08 4.67841e-13 6.09304e-09)
(3.80773e-13 1.56232e-08 -1.889e-12)
(-6.09669e-09 1.81316e-12 1.4388e-08)
(4.47742e-13 1.56235e-08 -2.05538e-12)
(-6.09511e-09 1.82013e-12 1.43884e-08)
(1.59131e-08 -1.66094e-11 1.83801e-10)
(1.01306e-10 1.54598e-08 2.50521e-11)
(-3.26596e-10 -2.33364e-11 1.53443e-08)
(1.59788e-08 -2.21373e-11 4.11545e-10)
(5.4224e-11 1.54635e-08 6.31047e-11)
(-5.17645e-10 -6.31069e-11 1.5334e-08)
(1.59737e-08 -1.85934e-11 6.4177e-10)
(2.50757e-11 1.544e-08 8.29524e-11)
(-6.95869e-10 -9.06116e-11 1.53526e-08)
(1.5952e-08 -1.26544e-11 8.63756e-10)
(8.0124e-12 1.54305e-08 9.201e-11)
(-9.01171e-10 -1.08275e-10 1.53779e-08)
(1.59262e-08 -7.18381e-12 1.07956e-09)
(-2.65707e-12 1.54254e-08 9.48569e-11)
(-1.11197e-09 -1.19515e-10 1.53865e-08)
(1.5899e-08 -2.75145e-12 1.2898e-09)
(-9.2654e-12 1.54241e-08 9.43948e-11)
(-1.31791e-09 -1.26375e-10 1.53834e-08)
(1.58706e-08 6.01082e-13 1.49409e-09)
(-1.32667e-11 1.54266e-08 9.23792e-11)
(-1.51738e-09 -1.30024e-10 1.53738e-08)
(1.5841e-08 2.99301e-12 1.69221e-09)
(-1.56692e-11 1.54313e-08 8.97351e-11)
(-1.7105e-09 -1.31333e-10 1.53598e-08)
(1.581e-08 4.60684e-12 1.88414e-09)
(-1.71088e-11 1.54371e-08 8.69077e-11)
(-1.89762e-09 -1.30993e-10 1.53428e-08)
(1.57779e-08 5.62884e-12 2.06998e-09)
(-1.7981e-11 1.54434e-08 8.4094e-11)
(-2.07903e-09 -1.29528e-10 1.53236e-08)
(1.57445e-08 6.22237e-12 2.24986e-09)
(-1.85263e-11 1.54498e-08 8.13669e-11)
(-2.25497e-09 -1.27316e-10 1.53027e-08)
(1.57102e-08 6.51892e-12 2.42393e-09)
(-1.88846e-11 1.5456e-08 7.87423e-11)
(-2.42562e-09 -1.24619e-10 1.52804e-08)
(1.56749e-08 6.61784e-12 2.59233e-09)
(-1.9133e-11 1.54621e-08 7.62123e-11)
(-2.59109e-09 -1.21619e-10 1.52571e-08)
(1.56388e-08 6.5906e-12 2.7552e-09)
(-1.93112e-11 1.5468e-08 7.37625e-11)
(-2.7515e-09 -1.18434e-10 1.52328e-08)
(1.56021e-08 6.48653e-12 2.91267e-09)
(-1.94382e-11 1.54737e-08 7.13789e-11)
(-2.90692e-09 -1.15147e-10 1.52078e-08)
(1.5565e-08 6.33836e-12 3.06484e-09)
(-1.95215e-11 1.54793e-08 6.90505e-11)
(-3.05742e-09 -1.1181e-10 1.51821e-08)
(1.55274e-08 6.16703e-12 3.21184e-09)
(-1.95637e-11 1.54846e-08 6.67695e-11)
(-3.20308e-09 -1.08458e-10 1.51559e-08)
(1.54896e-08 5.98541e-12 3.35377e-09)
(-1.95652e-11 1.54898e-08 6.45311e-11)
(-3.34396e-09 -1.05113e-10 1.51294e-08)
(1.54517e-08 5.80104e-12 3.49073e-09)
(-1.95258e-11 1.54949e-08 6.23324e-11)
(-3.48013e-09 -1.01792e-10 1.51025e-08)
(1.54137e-08 5.61808e-12 3.62282e-09)
(-1.9446e-11 1.54998e-08 6.01723e-11)
(-3.61168e-09 -9.85023e-11 1.50755e-08)
(1.53759e-08 5.43865e-12 3.75015e-09)
(-1.93263e-11 1.55046e-08 5.80502e-11)
(-3.73867e-09 -9.52521e-11 1.50483e-08)
(1.53381e-08 5.26367e-12 3.87281e-09)
(-1.91681e-11 1.55092e-08 5.59662e-11)
(-3.8612e-09 -9.20454e-11 1.50212e-08)
(1.53007e-08 5.09341e-12 3.9909e-09)
(-1.89732e-11 1.55138e-08 5.39206e-11)
(-3.97933e-09 -8.88853e-11 1.49941e-08)
(1.52636e-08 4.92782e-12 4.10453e-09)
(-1.87437e-11 1.55182e-08 5.19139e-11)
(-4.09316e-09 -8.57738e-11 1.49672e-08)
(1.52269e-08 4.7667e-12 4.21378e-09)
(-1.84818e-11 1.55225e-08 4.99463e-11)
(-4.20276e-09 -8.27125e-11 1.49405e-08)
(1.51906e-08 4.60983e-12 4.31877e-09)
(-1.81898e-11 1.55266e-08 4.80183e-11)
(-4.30824e-09 -7.97025e-11 1.49141e-08)
(1.5155e-08 4.457e-12 4.41959e-09)
(-1.78702e-11 1.55307e-08 4.61301e-11)
(-4.40966e-09 -7.67448e-11 1.48881e-08)
(1.51199e-08 4.30801e-12 4.51634e-09)
(-1.75255e-11 1.55347e-08 4.42819e-11)
(-4.50711e-09 -7.38399e-11 1.48625e-08)
(1.50854e-08 4.16272e-12 4.60911e-09)
(-1.71578e-11 1.55385e-08 4.24738e-11)
(-4.60069e-09 -7.09885e-11 1.48374e-08)
(1.50517e-08 4.021e-12 4.698e-09)
(-1.67697e-11 1.55422e-08 4.07059e-11)
(-4.69048e-09 -6.81909e-11 1.48128e-08)
(1.50187e-08 3.88276e-12 4.78311e-09)
(-1.63632e-11 1.55459e-08 3.89781e-11)
(-4.77656e-09 -6.54476e-11 1.47887e-08)
(1.49865e-08 3.74792e-12 4.86454e-09)
(-1.59404e-11 1.55494e-08 3.72904e-11)
(-4.85902e-09 -6.2759e-11 1.47653e-08)
(1.49552e-08 3.61641e-12 4.94237e-09)
(-1.55035e-11 1.55528e-08 3.56426e-11)
(-4.93795e-09 -6.01252e-11 1.47424e-08)
(1.49246e-08 3.48817e-12 5.01672e-09)
(-1.50542e-11 1.55561e-08 3.40347e-11)
(-5.01342e-09 -5.75465e-11 1.47203e-08)
(1.48949e-08 3.36315e-12 5.08766e-09)
(-1.45946e-11 1.55593e-08 3.24664e-11)
(-5.08553e-09 -5.50232e-11 1.46988e-08)
(1.48661e-08 3.24128e-12 5.15529e-09)
(-1.41264e-11 1.55624e-08 3.09375e-11)
(-5.15436e-09 -5.25554e-11 1.4678e-08)
(1.48383e-08 3.12252e-12 5.2197e-09)
(-1.36511e-11 1.55654e-08 2.94479e-11)
(-5.21999e-09 -5.01432e-11 1.4658e-08)
(1.48113e-08 3.0068e-12 5.28098e-09)
(-1.31705e-11 1.55684e-08 2.79972e-11)
(-5.2825e-09 -4.77869e-11 1.46387e-08)
(1.47853e-08 2.89407e-12 5.33923e-09)
(-1.2686e-11 1.55712e-08 2.65852e-11)
(-5.34197e-09 -4.54864e-11 1.46202e-08)
(1.47602e-08 2.78427e-12 5.39452e-09)
(-1.2199e-11 1.55739e-08 2.52117e-11)
(-5.39849e-09 -4.32419e-11 1.46024e-08)
(1.47361e-08 2.67733e-12 5.44696e-09)
(-1.1711e-11 1.55765e-08 2.38764e-11)
(-5.45214e-09 -4.10534e-11 1.45854e-08)
(1.47129e-08 2.57319e-12 5.49661e-09)
(-1.12231e-11 1.55791e-08 2.25789e-11)
(-5.50299e-09 -3.89209e-11 1.45692e-08)
(1.46906e-08 2.47179e-12 5.54358e-09)
(-1.07365e-11 1.55816e-08 2.13191e-11)
(-5.55113e-09 -3.68446e-11 1.45537e-08)
(1.46693e-08 2.37306e-12 5.58793e-09)
(-1.02525e-11 1.55839e-08 2.00966e-11)
(-5.59663e-09 -3.48244e-11 1.4539e-08)
(1.4649e-08 2.27692e-12 5.62977e-09)
(-9.77203e-12 1.55862e-08 1.89111e-11)
(-5.63958e-09 -3.28603e-11 1.45251e-08)
(1.46295e-08 2.18331e-12 5.66916e-09)
(-9.29611e-12 1.55885e-08 1.77624e-11)
(-5.68004e-09 -3.09522e-11 1.4512e-08)
(1.4611e-08 2.09216e-12 5.7062e-09)
(-8.82568e-12 1.55906e-08 1.66502e-11)
(-5.71809e-09 -2.91003e-11 1.44996e-08)
(1.45934e-08 2.0034e-12 5.74095e-09)
(-8.36161e-12 1.55926e-08 1.55742e-11)
(-5.75382e-09 -2.73043e-11 1.44879e-08)
(1.45767e-08 1.91695e-12 5.7735e-09)
(-7.90471e-12 1.55946e-08 1.45341e-11)
(-5.78729e-09 -2.55644e-11 1.4477e-08)
(1.45609e-08 1.83274e-12 5.80394e-09)
(-7.45574e-12 1.55965e-08 1.35298e-11)
(-5.81859e-09 -2.38803e-11 1.44668e-08)
(1.4546e-08 1.7507e-12 5.83233e-09)
(-7.0154e-12 1.55983e-08 1.25608e-11)
(-5.84777e-09 -2.22522e-11 1.44574e-08)
(1.45319e-08 1.67075e-12 5.85875e-09)
(-6.58433e-12 1.56001e-08 1.16271e-11)
(-5.87493e-09 -2.06798e-11 1.44486e-08)
(1.45186e-08 1.59283e-12 5.88328e-09)
(-6.16314e-12 1.56018e-08 1.07284e-11)
(-5.90012e-09 -1.91632e-11 1.44405e-08)
(1.45062e-08 1.51685e-12 5.906e-09)
(-5.75237e-12 1.56034e-08 9.86437e-12)
(-5.92343e-09 -1.77021e-11 1.4433e-08)
(1.44945e-08 1.44274e-12 5.92698e-09)
(-5.35253e-12 1.56049e-08 9.03492e-12)
(-5.94492e-09 -1.62967e-11 1.44261e-08)
(1.44837e-08 1.37043e-12 5.94629e-09)
(-4.96408e-12 1.56064e-08 8.23981e-12)
(-5.96467e-09 -1.49467e-11 1.44199e-08)
(1.44735e-08 1.29985e-12 5.96402e-09)
(-4.58742e-12 1.56078e-08 7.47886e-12)
(-5.98274e-09 -1.36521e-11 1.44143e-08)
(1.44641e-08 1.23091e-12 5.98022e-09)
(-4.22294e-12 1.56091e-08 6.75189e-12)
(-5.99922e-09 -1.24127e-11 1.44092e-08)
(1.44554e-08 1.16355e-12 5.99497e-09)
(-3.87098e-12 1.56103e-08 6.05873e-12)
(-6.01416e-09 -1.12286e-11 1.44047e-08)
(1.44474e-08 1.0977e-12 6.00835e-09)
(-3.53183e-12 1.56115e-08 5.39923e-12)
(-6.02764e-09 -1.00995e-11 1.44007e-08)
(1.444e-08 1.03328e-12 6.02043e-09)
(-3.20575e-12 1.56127e-08 4.77324e-12)
(-6.03972e-09 -9.02534e-12 1.43972e-08)
(1.44333e-08 9.70211e-13 6.03127e-09)
(-2.89299e-12 1.56138e-08 4.18064e-12)
(-6.05048e-09 -8.00609e-12 1.43942e-08)
(1.44272e-08 9.08432e-13 6.04094e-09)
(-2.59374e-12 1.56148e-08 3.6213e-12)
(-6.05998e-09 -7.04161e-12 1.43916e-08)
(1.44216e-08 8.47881e-13 6.04953e-09)
(-2.30815e-12 1.56157e-08 3.09513e-12)
(-6.0683e-09 -6.13181e-12 1.43894e-08)
(1.44166e-08 7.88506e-13 6.05708e-09)
(-2.03636e-12 1.56166e-08 2.60205e-12)
(-6.0755e-09 -5.27656e-12 1.43876e-08)
(1.44121e-08 7.30276e-13 6.06369e-09)
(-1.77848e-12 1.56174e-08 2.142e-12)
(-6.08165e-09 -4.47577e-12 1.43862e-08)
(1.4408e-08 6.7319e-13 6.0694e-09)
(-1.5346e-12 1.56182e-08 1.71497e-12)
(-6.08681e-09 -3.72933e-12 1.43851e-08)
(1.44045e-08 6.17299e-13 6.07429e-09)
(-1.30478e-12 1.56189e-08 1.32098e-12)
(-6.09106e-09 -3.03714e-12 1.43843e-08)
(1.44014e-08 5.62739e-13 6.07844e-09)
(-1.08905e-12 1.56196e-08 9.6009e-13)
(-6.09446e-09 -2.39906e-12 1.43838e-08)
(1.43987e-08 5.09775e-13 6.0819e-09)
(-8.87475e-13 1.56202e-08 6.32415e-13)
(-6.09708e-09 -1.81498e-12 1.43836e-08)
(1.43963e-08 4.58855e-13 6.08474e-09)
(-7.0013e-13 1.56207e-08 3.38091e-13)
(-6.09898e-09 -1.28474e-12 1.43836e-08)
(1.43944e-08 4.10676e-13 6.08703e-09)
(-5.27189e-13 1.56212e-08 7.72232e-14)
(-6.10024e-09 -8.08228e-13 1.43837e-08)
(1.43927e-08 3.66243e-13 6.08884e-09)
(-3.68999e-13 1.56216e-08 -1.50244e-13)
(-6.10092e-09 -3.85396e-13 1.43841e-08)
(1.43913e-08 3.26877e-13 6.09023e-09)
(-2.26223e-13 1.5622e-08 -3.44781e-13)
(-6.10108e-09 -1.63619e-14 1.43846e-08)
(1.43902e-08 2.94104e-13 6.09127e-09)
(-1.00048e-13 1.56223e-08 -5.07705e-13)
(-6.1008e-09 2.98429e-13 1.43852e-08)
(1.43893e-08 2.69304e-13 6.09203e-09)
(7.66357e-15 1.56225e-08 -6.41804e-13)
(-6.10015e-09 5.57988e-13 1.43859e-08)
(1.43886e-08 2.52746e-13 6.09255e-09)
(9.44067e-14 1.56227e-08 -7.52102e-13)
(-6.09919e-09 7.60437e-13 1.43866e-08)
(1.43881e-08 2.42982e-13 6.09292e-09)
(1.57008e-13 1.56229e-08 -8.46399e-13)
(-6.09801e-09 9.02738e-13 1.43874e-08)
(1.43878e-08 2.42453e-13 6.09322e-09)
(1.96332e-13 1.56232e-08 -9.32672e-13)
(-6.09666e-09 9.7985e-13 1.43881e-08)
(2.38875e-13 1.56234e-08 -1.01149e-12)
(-6.09521e-09 9.75931e-13 1.43885e-08)
(1.59097e-08 -4.09136e-12 1.79398e-10)
(2.17919e-20 1.54675e-08 -3.85327e-20)
(-3.57816e-10 -7.3112e-12 1.53449e-08)
(1.59799e-08 -5.99608e-12 4.05341e-10)
(1.33084e-19 1.54726e-08 -6.40386e-20)
(-5.40072e-10 -1.98608e-11 1.53178e-08)
(1.59771e-08 -5.46966e-12 6.36191e-10)
(1.68027e-19 1.54457e-08 -1.2878e-20)
(-7.10034e-10 -2.87435e-11 1.53361e-08)
(1.59561e-08 -4.0655e-12 8.59575e-10)
(1.92591e-19 1.54334e-08 6.73188e-20)
(-9.10163e-10 -3.46923e-11 1.53662e-08)
(1.59302e-08 -2.56055e-12 1.07683e-09)
(2.19108e-19 1.54265e-08 1.56424e-19)
(-1.1177e-09 -3.86766e-11 1.53793e-08)
(1.59024e-08 -1.22001e-12 1.28833e-09)
(2.54959e-19 1.54243e-08 2.62003e-19)
(-1.32123e-09 -4.12652e-11 1.53791e-08)
(1.58734e-08 -1.41514e-13 1.49359e-09)
(3.1449e-19 1.54264e-08 3.78654e-19)
(-1.5189e-09 -4.27753e-11 1.53714e-08)
(1.58432e-08 6.63841e-13 1.69239e-09)
(3.42052e-19 1.5431e-08 5.05618e-19)
(-1.71072e-09 -4.3459e-11 1.53587e-08)
(1.58118e-08 1.22919e-12 1.88479e-09)
(2.87421e-19 1.54368e-08 6.26858e-19)
(-1.89694e-09 -4.35366e-11 1.53424e-08)
(1.57791e-08 1.60216e-12 2.07093e-09)
(2.08711e-19 1.54431e-08 6.81129e-19)
(-2.07774e-09 -4.31867e-11 1.53236e-08)
(1.57455e-08 1.83022e-12 2.25099e-09)
(1.83127e-19 1.54495e-08 6.56063e-19)
(-2.25328e-09 -4.25448e-11 1.5303e-08)
(1.57109e-08 1.95445e-12 2.42516e-09)
(2.90655e-19 1.54558e-08 6.20063e-19)
(-2.42368e-09 -4.17091e-11 1.52809e-08)
(1.56754e-08 2.00746e-12 2.59361e-09)
(4.8572e-19 1.54619e-08 5.99516e-19)
(-2.589e-09 -4.07485e-11 1.52577e-08)
(1.56392e-08 2.01367e-12 2.7565e-09)
(5.39839e-19 1.54679e-08 5.61333e-19)
(-2.74932e-09 -3.97102e-11 1.52334e-08)
(1.56024e-08 1.99044e-12 2.91397e-09)
(4.11455e-19 1.54736e-08 5.3095e-19)
(-2.9047e-09 -3.86263e-11 1.52085e-08)
(1.55652e-08 1.94968e-12 3.06613e-09)
(2.71483e-19 1.54791e-08 5.66266e-19)
(-3.05518e-09 -3.75184e-11 1.51828e-08)
(1.55276e-08 1.89919e-12 3.21311e-09)
(2.63013e-19 1.54845e-08 6.67909e-19)
(-3.20084e-09 -3.64006e-11 1.51567e-08)
(1.54897e-08 1.84393e-12 3.35502e-09)
(3.55362e-19 1.54897e-08 7.95264e-19)
(-3.34174e-09 -3.52824e-11 1.51301e-08)
(1.54517e-08 1.78688e-12 3.49195e-09)
(4.03693e-19 1.54948e-08 9.07766e-19)
(-3.47793e-09 -3.41699e-11 1.51032e-08)
(1.54137e-08 1.72978e-12 3.62402e-09)
(3.95783e-19 1.54997e-08 9.97777e-19)
(-3.60951e-09 -3.30672e-11 1.50762e-08)
(1.53758e-08 1.67353e-12 3.75132e-09)
(3.8265e-19 1.55045e-08 1.074e-18)
(-3.73654e-09 -3.19769e-11 1.5049e-08)
(1.53381e-08 1.61859e-12 3.87395e-09)
(3.72606e-19 1.55092e-08 1.13962e-18)
(-3.8591e-09 -3.09009e-11 1.50219e-08)
(1.53006e-08 1.56513e-12 3.99202e-09)
(3.63857e-19 1.55137e-08 1.19838e-18)
(-3.97727e-09 -2.98403e-11 1.49948e-08)
(1.52635e-08 1.51318e-12 4.10562e-09)
(3.57592e-19 1.55181e-08 1.25776e-18)
(-4.09113e-09 -2.8796e-11 1.49679e-08)
(1.52267e-08 1.46268e-12 4.21485e-09)
(3.55116e-19 1.55224e-08 1.32338e-18)
(-4.20078e-09 -2.77684e-11 1.49412e-08)
(1.51905e-08 1.41358e-12 4.31981e-09)
(3.53119e-19 1.55266e-08 1.39466e-18)
(-4.30629e-09 -2.67582e-11 1.49148e-08)
(1.51548e-08 1.3658e-12 4.42061e-09)
(3.47159e-19 1.55307e-08 1.46736e-18)
(-4.40775e-09 -2.57654e-11 1.48888e-08)
(1.51197e-08 1.31928e-12 4.51732e-09)
(3.34238e-19 1.55346e-08 1.5376e-18)
(-4.50524e-09 -2.47905e-11 1.48632e-08)
(1.50852e-08 1.27396e-12 4.61007e-09)
(3.13803e-19 1.55385e-08 1.60483e-18)
(-4.59886e-09 -2.38336e-11 1.4838e-08)
(1.50515e-08 1.2298e-12 4.69894e-09)
(2.90729e-19 1.55422e-08 1.67105e-18)
(-4.68869e-09 -2.28948e-11 1.48134e-08)
(1.50185e-08 1.18677e-12 4.78402e-09)
(2.69119e-19 1.55458e-08 1.73567e-18)
(-4.77481e-09 -2.19742e-11 1.47893e-08)
(1.49863e-08 1.14483e-12 4.86542e-09)
(2.51389e-19 1.55494e-08 1.79367e-18)
(-4.85731e-09 -2.10721e-11 1.47659e-08)
(1.49549e-08 1.10396e-12 4.94324e-09)
(2.4074e-19 1.55528e-08 1.84235e-18)
(-4.93627e-09 -2.01884e-11 1.4743e-08)
(1.49243e-08 1.06413e-12 5.01756e-09)
(2.39371e-19 1.55561e-08 1.8944e-18)
(-5.01178e-09 -1.93232e-11 1.47209e-08)
(1.48946e-08 1.02534e-12 5.08847e-09)
(2.33476e-19 1.55593e-08 1.95862e-18)
(-5.08393e-09 -1.84766e-11 1.46994e-08)
(1.48659e-08 9.87553e-13 5.15608e-09)
(2.10733e-19 1.55624e-08 2.02087e-18)
(-5.1528e-09 -1.76487e-11 1.46786e-08)
(1.4838e-08 9.50759e-13 5.22047e-09)
(1.82999e-19 1.55654e-08 2.06389e-18)
(-5.21846e-09 -1.68395e-11 1.46586e-08)
(1.4811e-08 9.14937e-13 5.28173e-09)
(1.61318e-19 1.55683e-08 2.07784e-18)
(-5.28101e-09 -1.60491e-11 1.46393e-08)
(1.4785e-08 8.80068e-13 5.33995e-09)
(1.45215e-19 1.55712e-08 2.06558e-18)
(-5.34053e-09 -1.52774e-11 1.46207e-08)
(1.47599e-08 8.46133e-13 5.39522e-09)
(1.2867e-19 1.55739e-08 2.04482e-18)
(-5.39709e-09 -1.45245e-11 1.46029e-08)
(1.47358e-08 8.1311e-13 5.44764e-09)
(1.12029e-19 1.55765e-08 2.03415e-18)
(-5.45077e-09 -1.37905e-11 1.45859e-08)
(1.47126e-08 7.8098e-13 5.49727e-09)
(9.85631e-20 1.55791e-08 2.03786e-18)
(-5.50166e-09 -1.30752e-11 1.45697e-08)
(1.46903e-08 7.49721e-13 5.54421e-09)
(8.5946e-20 1.55816e-08 2.05498e-18)
(-5.54984e-09 -1.23789e-11 1.45542e-08)
(1.4669e-08 7.19312e-13 5.58855e-09)
(6.92671e-20 1.55839e-08 2.08187e-18)
(-5.59538e-09 -1.17013e-11 1.45395e-08)
(1.46487e-08 6.89729e-13 5.63036e-09)
(4.55487e-20 1.55862e-08 2.10427e-18)
(-5.63836e-09 -1.10426e-11 1.45256e-08)
(1.46292e-08 6.60952e-13 5.66974e-09)
(2.73418e-20 1.55885e-08 2.12083e-18)
(-5.67886e-09 -1.04027e-11 1.45125e-08)
(1.46107e-08 6.32956e-13 5.70675e-09)
(3.31677e-20 1.55906e-08 2.14547e-18)
(-5.71695e-09 -9.78165e-12 1.45001e-08)
(1.45931e-08 6.0572e-13 5.74149e-09)
(4.50128e-20 1.55926e-08 2.17171e-18)
(-5.75272e-09 -9.17939e-12 1.44884e-08)
(1.45764e-08 5.7922e-13 5.77402e-09)
(3.44888e-20 1.55946e-08 2.1926e-18)
(-5.78623e-09 -8.59592e-12 1.44775e-08)
(1.45606e-08 5.53432e-13 5.80443e-09)
(7.27443e-21 1.55965e-08 2.22685e-18)
(-5.81756e-09 -8.03121e-12 1.44673e-08)
(1.45457e-08 5.28334e-13 5.83281e-09)
(-2.09133e-20 1.55983e-08 2.28124e-18)
(-5.84678e-09 -7.48524e-12 1.44578e-08)
(1.45316e-08 5.039e-13 5.85921e-09)
(-3.22185e-20 1.56001e-08 2.339e-18)
(-5.87397e-09 -6.95799e-12 1.4449e-08)
(1.45184e-08 4.80109e-13 5.88373e-09)
(-3.9444e-20 1.56018e-08 2.37484e-18)
(-5.8992e-09 -6.44943e-12 1.44409e-08)
(1.45059e-08 4.56935e-13 5.90643e-09)
(-6.47795e-20 1.56034e-08 2.38322e-18)
(-5.92255e-09 -5.95953e-12 1.44334e-08)
(1.44943e-08 4.34356e-13 5.92739e-09)
(-9.93851e-20 1.56049e-08 2.37978e-18)
(-5.94408e-09 -5.48826e-12 1.44265e-08)
(1.44834e-08 4.12348e-13 5.94668e-09)
(-1.37392e-19 1.56064e-08 2.3656e-18)
(-5.96386e-09 -5.03559e-12 1.44203e-08)
(1.44733e-08 3.90887e-13 5.96439e-09)
(-1.7402e-19 1.56077e-08 2.33317e-18)
(-5.98197e-09 -4.60148e-12 1.44146e-08)
(1.44639e-08 3.69949e-13 5.98057e-09)
(-2.0607e-19 1.56091e-08 2.28067e-18)
(-5.99848e-09 -4.18591e-12 1.44096e-08)
(1.44552e-08 3.49511e-13 5.99531e-09)
(-2.34776e-19 1.56103e-08 2.2166e-18)
(-6.01346e-09 -3.78883e-12 1.4405e-08)
(1.44472e-08 3.2955e-13 6.00867e-09)
(-2.59385e-19 1.56115e-08 2.16086e-18)
(-6.02697e-09 -3.41021e-12 1.4401e-08)
(1.44399e-08 3.10043e-13 6.02073e-09)
(-2.70951e-19 1.56127e-08 2.14704e-18)
(-6.03909e-09 -3.05001e-12 1.43975e-08)
(1.44331e-08 2.90967e-13 6.03155e-09)
(-2.82665e-19 1.56137e-08 2.19705e-18)
(-6.04988e-09 -2.70821e-12 1.43945e-08)
(1.4427e-08 2.723e-13 6.04121e-09)
(-3.5997e-19 1.56148e-08 2.26404e-18)
(-6.05942e-09 -2.38475e-12 1.43919e-08)
(1.44214e-08 2.54026e-13 6.04978e-09)
(-5.18567e-19 1.56157e-08 2.26942e-18)
(-6.06778e-09 -2.07961e-12 1.43897e-08)
(1.44164e-08 2.36131e-13 6.05732e-09)
(-6.41738e-19 1.56166e-08 2.22758e-18)
(-6.07501e-09 -1.79275e-12 1.43879e-08)
(1.44119e-08 2.18611e-13 6.0639e-09)
(-6.30498e-19 1.56174e-08 2.23073e-18)
(-6.08119e-09 -1.52412e-12 1.43864e-08)
(1.44079e-08 2.01471e-13 6.0696e-09)
(-5.44802e-19 1.56182e-08 2.29646e-18)
(-6.08639e-09 -1.27369e-12 1.43853e-08)
(1.44044e-08 1.8474e-13 6.07448e-09)
(-4.79303e-19 1.56189e-08 2.36452e-18)
(-6.09067e-09 -1.04142e-12 1.43845e-08)
(1.44013e-08 1.68476e-13 6.07861e-09)
(-4.37593e-19 1.56196e-08 2.40337e-18)
(-6.09411e-09 -8.27244e-13 1.4384e-08)
(1.43986e-08 1.52782e-13 6.08205e-09)
(-3.96785e-19 1.56201e-08 2.41594e-18)
(-6.09676e-09 -6.31118e-13 1.43838e-08)
(1.43962e-08 1.37824e-13 6.08488e-09)
(-3.67582e-19 1.56207e-08 2.41081e-18)
(-6.0987e-09 -4.5298e-13 1.43837e-08)
(1.43943e-08 1.23839e-13 6.08716e-09)
(-3.46571e-19 1.56212e-08 2.40365e-18)
(-6.09999e-09 -2.92783e-13 1.43839e-08)
(1.43926e-08 1.11145e-13 6.08896e-09)
(-3.04056e-19 1.56216e-08 2.40487e-18)
(-6.1007e-09 -1.50514e-13 1.43843e-08)
(1.43913e-08 1.00115e-13 6.09034e-09)
(-2.37642e-19 1.5622e-08 2.4281e-18)
(-6.1009e-09 -2.62374e-14 1.43847e-08)
(1.43902e-08 9.1118e-14 6.09137e-09)
(-1.85311e-19 1.56223e-08 2.5045e-18)
(-6.10065e-09 7.98405e-14 1.43853e-08)
(1.43893e-08 8.43892e-14 6.09212e-09)
(-2.50172e-19 1.56225e-08 2.59291e-18)
(-6.10003e-09 1.67286e-13 1.4386e-08)
(1.43886e-08 7.97946e-14 6.09264e-09)
(-5.66365e-19 1.56227e-08 2.44177e-18)
(-6.0991e-09 2.35324e-13 1.43867e-08)
(1.43881e-08 7.6865e-14 6.09301e-09)
(-9.17044e-19 1.56229e-08 1.88208e-18)
(-6.09796e-09 2.82742e-13 1.43875e-08)
(1.43878e-08 7.65674e-14 6.09331e-09)
(-6.84024e-19 1.56231e-08 1.4894e-18)
(-6.09666e-09 3.07572e-13 1.43881e-08)
(-3.18701e-20 1.56234e-08 1.39439e-18)
(-6.09527e-09 3.04949e-13 1.43885e-08)
(1.59097e-08 4.09136e-12 1.79398e-10)
(-1.01306e-10 1.54598e-08 -2.50521e-11)
(-3.57816e-10 7.3112e-12 1.53449e-08)
(1.59799e-08 5.99608e-12 4.05341e-10)
(-5.4224e-11 1.54635e-08 -6.31047e-11)
(-5.40072e-10 1.98608e-11 1.53178e-08)
(1.59771e-08 5.46966e-12 6.36191e-10)
(-2.50757e-11 1.544e-08 -8.29524e-11)
(-7.10034e-10 2.87435e-11 1.53361e-08)
(1.59561e-08 4.0655e-12 8.59575e-10)
(-8.0124e-12 1.54305e-08 -9.201e-11)
(-9.10163e-10 3.46923e-11 1.53662e-08)
(1.59302e-08 2.56055e-12 1.07683e-09)
(2.65707e-12 1.54254e-08 -9.48569e-11)
(-1.1177e-09 3.86766e-11 1.53793e-08)
(1.59024e-08 1.22001e-12 1.28833e-09)
(9.2654e-12 1.54241e-08 -9.43948e-11)
(-1.32123e-09 4.12652e-11 1.53791e-08)
(1.58734e-08 1.41513e-13 1.49359e-09)
(1.32667e-11 1.54266e-08 -9.23792e-11)
(-1.5189e-09 4.27753e-11 1.53714e-08)
(1.58432e-08 -6.63841e-13 1.69239e-09)
(1.56692e-11 1.54313e-08 -8.97351e-11)
(-1.71072e-09 4.3459e-11 1.53587e-08)
(1.58118e-08 -1.22919e-12 1.88479e-09)
(1.71088e-11 1.54371e-08 -8.69077e-11)
(-1.89694e-09 4.35366e-11 1.53424e-08)
(1.57791e-08 -1.60216e-12 2.07093e-09)
(1.7981e-11 1.54434e-08 -8.4094e-11)
(-2.07774e-09 4.31867e-11 1.53236e-08)
(1.57455e-08 -1.83022e-12 2.25099e-09)
(1.85263e-11 1.54498e-08 -8.13669e-11)
(-2.25328e-09 4.25448e-11 1.5303e-08)
(1.57109e-08 -1.95445e-12 2.42516e-09)
(1.88846e-11 1.5456e-08 -7.87423e-11)
(-2.42368e-09 4.17091e-11 1.52809e-08)
(1.56754e-08 -2.00747e-12 2.59361e-09)
(1.9133e-11 1.54621e-08 -7.62123e-11)
(-2.589e-09 4.07485e-11 1.52577e-08)
(1.56392e-08 -2.01367e-12 2.7565e-09)
(1.93112e-11 1.5468e-08 -7.37625e-11)
(-2.74932e-09 3.97102e-11 1.52334e-08)
(1.56024e-08 -1.99044e-12 2.91397e-09)
(1.94382e-11 1.54737e-08 -7.13789e-11)
(-2.9047e-09 3.86263e-11 1.52085e-08)
(1.55652e-08 -1.94968e-12 3.06613e-09)
(1.95215e-11 1.54793e-08 -6.90505e-11)
(-3.05518e-09 3.75184e-11 1.51828e-08)
(1.55276e-08 -1.89919e-12 3.21311e-09)
(1.95637e-11 1.54846e-08 -6.67695e-11)
(-3.20084e-09 3.64006e-11 1.51567e-08)
(1.54897e-08 -1.84393e-12 3.35502e-09)
(1.95652e-11 1.54898e-08 -6.45311e-11)
(-3.34174e-09 3.52824e-11 1.51301e-08)
(1.54517e-08 -1.78688e-12 3.49195e-09)
(1.95258e-11 1.54949e-08 -6.23324e-11)
(-3.47793e-09 3.41699e-11 1.51032e-08)
(1.54137e-08 -1.72978e-12 3.62402e-09)
(1.9446e-11 1.54998e-08 -6.01723e-11)
(-3.60951e-09 3.30672e-11 1.50762e-08)
(1.53758e-08 -1.67353e-12 3.75132e-09)
(1.93263e-11 1.55046e-08 -5.80502e-11)
(-3.73654e-09 3.19769e-11 1.5049e-08)
(1.53381e-08 -1.61859e-12 3.87395e-09)
(1.91681e-11 1.55092e-08 -5.59662e-11)
(-3.8591e-09 3.09009e-11 1.50219e-08)
(1.53006e-08 -1.56513e-12 3.99202e-09)
(1.89732e-11 1.55138e-08 -5.39206e-11)
(-3.97727e-09 2.98403e-11 1.49948e-08)
(1.52635e-08 -1.51318e-12 4.10562e-09)
(1.87437e-11 1.55182e-08 -5.19139e-11)
(-4.09113e-09 2.8796e-11 1.49679e-08)
(1.52267e-08 -1.46268e-12 4.21485e-09)
(1.84818e-11 1.55225e-08 -4.99463e-11)
(-4.20078e-09 2.77684e-11 1.49412e-08)
(1.51905e-08 -1.41358e-12 4.31981e-09)
(1.81898e-11 1.55266e-08 -4.80183e-11)
(-4.30629e-09 2.67582e-11 1.49148e-08)
(1.51548e-08 -1.3658e-12 4.42061e-09)
(1.78702e-11 1.55307e-08 -4.61301e-11)
(-4.40775e-09 2.57654e-11 1.48888e-08)
(1.51197e-08 -1.31928e-12 4.51732e-09)
(1.75255e-11 1.55347e-08 -4.42819e-11)
(-4.50524e-09 2.47905e-11 1.48632e-08)
(1.50852e-08 -1.27396e-12 4.61007e-09)
(1.71578e-11 1.55385e-08 -4.24738e-11)
(-4.59886e-09 2.38336e-11 1.4838e-08)
(1.50515e-08 -1.22981e-12 4.69894e-09)
(1.67697e-11 1.55422e-08 -4.07059e-11)
(-4.68869e-09 2.28948e-11 1.48134e-08)
(1.50185e-08 -1.18677e-12 4.78402e-09)
(1.63632e-11 1.55459e-08 -3.89781e-11)
(-4.77481e-09 2.19742e-11 1.47893e-08)
(1.49863e-08 -1.14483e-12 4.86542e-09)
(1.59404e-11 1.55494e-08 -3.72903e-11)
(-4.85731e-09 2.10721e-11 1.47659e-08)
(1.49549e-08 -1.10396e-12 4.94324e-09)
(1.55035e-11 1.55528e-08 -3.56426e-11)
(-4.93627e-09 2.01884e-11 1.4743e-08)
(1.49243e-08 -1.06413e-12 5.01756e-09)
(1.50542e-11 1.55561e-08 -3.40347e-11)
(-5.01178e-09 1.93232e-11 1.47209e-08)
(1.48946e-08 -1.02534e-12 5.08847e-09)
(1.45946e-11 1.55593e-08 -3.24664e-11)
(-5.08393e-09 1.84766e-11 1.46994e-08)
(1.48659e-08 -9.87554e-13 5.15608e-09)
(1.41264e-11 1.55624e-08 -3.09375e-11)
(-5.1528e-09 1.76487e-11 1.46786e-08)
(1.4838e-08 -9.5076e-13 5.22047e-09)
(1.36511e-11 1.55654e-08 -2.94478e-11)
(-5.21846e-09 1.68395e-11 1.46586e-08)
(1.4811e-08 -9.14938e-13 5.28173e-09)
(1.31705e-11 1.55684e-08 -2.79972e-11)
(-5.28101e-09 1.60491e-11 1.46393e-08)
(1.4785e-08 -8.8007e-13 5.33995e-09)
(1.2686e-11 1.55712e-08 -2.65852e-11)
(-5.34053e-09 1.52774e-11 1.46207e-08)
(1.47599e-08 -8.46134e-13 5.39522e-09)
(1.2199e-11 1.55739e-08 -2.52117e-11)
(-5.39709e-09 1.45245e-11 1.46029e-08)
(1.47358e-08 -8.13112e-13 5.44764e-09)
(1.1711e-11 1.55765e-08 -2.38764e-11)
(-5.45077e-09 1.37905e-11 1.45859e-08)
(1.47126e-08 -7.80982e-13 5.49727e-09)
(1.12231e-11 1.55791e-08 -2.25789e-11)
(-5.50166e-09 1.30752e-11 1.45697e-08)
(1.46903e-08 -7.49723e-13 5.54421e-09)
(1.07365e-11 1.55816e-08 -2.13191e-11)
(-5.54984e-09 1.23789e-11 1.45542e-08)
(1.4669e-08 -7.19313e-13 5.58855e-09)
(1.02525e-11 1.55839e-08 -2.00966e-11)
(-5.59538e-09 1.17013e-11 1.45395e-08)
(1.46487e-08 -6.89731e-13 5.63036e-09)
(9.77203e-12 1.55862e-08 -1.89111e-11)
(-5.63836e-09 1.10426e-11 1.45256e-08)
(1.46292e-08 -6.60953e-13 5.66974e-09)
(9.29611e-12 1.55885e-08 -1.77624e-11)
(-5.67886e-09 1.04027e-11 1.45125e-08)
(1.46107e-08 -6.32958e-13 5.70675e-09)
(8.82568e-12 1.55906e-08 -1.66502e-11)
(-5.71695e-09 9.78165e-12 1.45001e-08)
(1.45931e-08 -6.05722e-13 5.74149e-09)
(8.36161e-12 1.55926e-08 -1.55742e-11)
(-5.75272e-09 9.17939e-12 1.44884e-08)
(1.45764e-08 -5.79221e-13 5.77402e-09)
(7.90471e-12 1.55946e-08 -1.45341e-11)
(-5.78623e-09 8.59591e-12 1.44775e-08)
(1.45606e-08 -5.53434e-13 5.80443e-09)
(7.45574e-12 1.55965e-08 -1.35298e-11)
(-5.81756e-09 8.0312e-12 1.44673e-08)
(1.45457e-08 -5.28335e-13 5.83281e-09)
(7.0154e-12 1.55983e-08 -1.25608e-11)
(-5.84678e-09 7.48524e-12 1.44578e-08)
(1.45316e-08 -5.03902e-13 5.85921e-09)
(6.58433e-12 1.56001e-08 -1.16271e-11)
(-5.87397e-09 6.95798e-12 1.4449e-08)
(1.45184e-08 -4.8011e-13 5.88373e-09)
(6.16314e-12 1.56018e-08 -1.07284e-11)
(-5.8992e-09 6.44942e-12 1.44409e-08)
(1.45059e-08 -4.56937e-13 5.90643e-09)
(5.75237e-12 1.56034e-08 -9.86437e-12)
(-5.92255e-09 5.95952e-12 1.44334e-08)
(1.44943e-08 -4.34358e-13 5.92739e-09)
(5.35253e-12 1.56049e-08 -9.03492e-12)
(-5.94408e-09 5.48826e-12 1.44265e-08)
(1.44834e-08 -4.1235e-13 5.94668e-09)
(4.96408e-12 1.56064e-08 -8.23981e-12)
(-5.96386e-09 5.03558e-12 1.44203e-08)
(1.44733e-08 -3.90889e-13 5.96439e-09)
(4.58742e-12 1.56078e-08 -7.47886e-12)
(-5.98197e-09 4.60148e-12 1.44146e-08)
(1.44639e-08 -3.69951e-13 5.98057e-09)
(4.22294e-12 1.56091e-08 -6.75189e-12)
(-5.99848e-09 4.1859e-12 1.44096e-08)
(1.44552e-08 -3.49513e-13 5.99531e-09)
(3.87098e-12 1.56103e-08 -6.05873e-12)
(-6.01346e-09 3.78882e-12 1.4405e-08)
(1.44472e-08 -3.29552e-13 6.00867e-09)
(3.53183e-12 1.56115e-08 -5.39923e-12)
(-6.02697e-09 3.4102e-12 1.4401e-08)
(1.44399e-08 -3.10045e-13 6.02073e-09)
(3.20575e-12 1.56127e-08 -4.77324e-12)
(-6.03909e-09 3.05001e-12 1.43975e-08)
(1.44331e-08 -2.90968e-13 6.03155e-09)
(2.89299e-12 1.56138e-08 -4.18064e-12)
(-6.04988e-09 2.7082e-12 1.43945e-08)
(1.4427e-08 -2.72302e-13 6.04121e-09)
(2.59374e-12 1.56148e-08 -3.6213e-12)
(-6.05942e-09 2.38475e-12 1.43919e-08)
(1.44214e-08 -2.54027e-13 6.04978e-09)
(2.30815e-12 1.56157e-08 -3.09512e-12)
(-6.06778e-09 2.07961e-12 1.43897e-08)
(1.44164e-08 -2.36132e-13 6.05732e-09)
(2.03636e-12 1.56166e-08 -2.60204e-12)
(-6.07501e-09 1.79274e-12 1.43879e-08)
(1.44119e-08 -2.18612e-13 6.0639e-09)
(1.77848e-12 1.56174e-08 -2.142e-12)
(-6.08119e-09 1.52411e-12 1.43864e-08)
(1.44079e-08 -2.01473e-13 6.0696e-09)
(1.5346e-12 1.56182e-08 -1.71497e-12)
(-6.08639e-09 1.27368e-12 1.43853e-08)
(1.44044e-08 -1.84741e-13 6.07448e-09)
(1.30478e-12 1.56189e-08 -1.32097e-12)
(-6.09067e-09 1.04141e-12 1.43845e-08)
(1.44013e-08 -1.68477e-13 6.07861e-09)
(1.08905e-12 1.56196e-08 -9.60085e-13)
(-6.09411e-09 8.27238e-13 1.4384e-08)
(1.43986e-08 -1.52784e-13 6.08205e-09)
(8.87474e-13 1.56202e-08 -6.3241e-13)
(-6.09676e-09 6.31112e-13 1.43838e-08)
(1.43962e-08 -1.37825e-13 6.08488e-09)
(7.00129e-13 1.56207e-08 -3.38086e-13)
(-6.0987e-09 4.52975e-13 1.43837e-08)
(1.43943e-08 -1.2384e-13 6.08716e-09)
(5.27188e-13 1.56212e-08 -7.72182e-14)
(-6.09999e-09 2.92778e-13 1.43839e-08)
(1.43926e-08 -1.11146e-13 6.08896e-09)
(3.68998e-13 1.56216e-08 1.50249e-13)
(-6.1007e-09 1.50509e-13 1.43843e-08)
(1.43913e-08 -1.00116e-13 6.09034e-09)
(2.26223e-13 1.5622e-08 3.44786e-13)
(-6.1009e-09 2.62324e-14 1.43847e-08)
(1.43902e-08 -9.1119e-14 6.09137e-09)
(1.00047e-13 1.56223e-08 5.0771e-13)
(-6.10065e-09 -7.9845e-14 1.43853e-08)
(1.43893e-08 -8.43904e-14 6.09212e-09)
(-7.6643e-15 1.56225e-08 6.41809e-13)
(-6.10003e-09 -1.6729e-13 1.4386e-08)
(1.43886e-08 -7.97962e-14 6.09264e-09)
(-9.44077e-14 1.56227e-08 7.52107e-13)
(-6.0991e-09 -2.35328e-13 1.43867e-08)
(1.43881e-08 -7.68669e-14 6.09301e-09)
(-1.57009e-13 1.56229e-08 8.46403e-13)
(-6.09796e-09 -2.82747e-13 1.43875e-08)
(1.43878e-08 -7.65692e-14 6.09331e-09)
(-1.96333e-13 1.56232e-08 9.32676e-13)
(-6.09666e-09 -3.07579e-13 1.43881e-08)
(-2.38875e-13 1.56234e-08 1.0115e-12)
(-6.09527e-09 -3.04956e-13 1.43885e-08)
(1.59131e-08 1.66094e-11 1.83801e-10)
(-2.21025e-10 1.54322e-08 -5.49963e-11)
(-3.26596e-10 2.33364e-11 1.53443e-08)
(1.59788e-08 2.21373e-11 4.11545e-10)
(-1.03616e-10 1.54366e-08 -1.34473e-10)
(-5.17645e-10 6.31069e-11 1.5334e-08)
(1.59737e-08 1.85934e-11 6.4177e-10)
(-4.32998e-11 1.54261e-08 -1.71164e-10)
(-6.95869e-10 9.06116e-11 1.53526e-08)
(1.5952e-08 1.26544e-11 8.63756e-10)
(-1.14208e-11 1.54252e-08 -1.86427e-10)
(-9.01171e-10 1.08275e-10 1.53779e-08)
(1.59262e-08 7.18381e-12 1.07956e-09)
(7.79931e-12 1.54241e-08 -1.90425e-10)
(-1.11197e-09 1.19515e-10 1.53865e-08)
(1.5899e-08 2.75145e-12 1.2898e-09)
(1.96534e-11 1.54248e-08 -1.88704e-10)
(-1.31791e-09 1.26375e-10 1.53834e-08)
(1.58706e-08 -6.01083e-13 1.49409e-09)
(2.69249e-11 1.54281e-08 -1.84383e-10)
(-1.51738e-09 1.30024e-10 1.53738e-08)
(1.5841e-08 -2.99302e-12 1.69221e-09)
(3.13769e-11 1.5433e-08 -1.79044e-10)
(-1.7105e-09 1.31333e-10 1.53598e-08)
(1.581e-08 -4.60685e-12 1.88414e-09)
(3.41036e-11 1.54388e-08 -1.7344e-10)
(-1.89762e-09 1.30993e-10 1.53428e-08)
(1.57779e-08 -5.62884e-12 2.06998e-09)
(3.57984e-11 1.54449e-08 -1.67893e-10)
(-2.07903e-09 1.29528e-10 1.53236e-08)
(1.57445e-08 -6.22237e-12 2.24986e-09)
(3.68894e-11 1.54511e-08 -1.6252e-10)
(-2.25497e-09 1.27316e-10 1.53027e-08)
(1.57102e-08 -6.51893e-12 2.42393e-09)
(3.76271e-11 1.54572e-08 -1.5734e-10)
(-2.42562e-09 1.24619e-10 1.52804e-08)
(1.56749e-08 -6.61784e-12 2.59233e-09)
(3.81508e-11 1.54631e-08 -1.52334e-10)
(-2.59109e-09 1.21619e-10 1.52571e-08)
(1.56388e-08 -6.59061e-12 2.7552e-09)
(3.85331e-11 1.54689e-08 -1.47476e-10)
(-2.7515e-09 1.18434e-10 1.52328e-08)
(1.56021e-08 -6.48653e-12 2.91267e-09)
(3.88088e-11 1.54745e-08 -1.42739e-10)
(-2.90692e-09 1.15147e-10 1.52078e-08)
(1.5565e-08 -6.33836e-12 3.06484e-09)
(3.89929e-11 1.548e-08 -1.38105e-10)
(-3.05742e-09 1.1181e-10 1.51821e-08)
(1.55274e-08 -6.16703e-12 3.21184e-09)
(3.90906e-11 1.54853e-08 -1.3356e-10)
(-3.20308e-09 1.08458e-10 1.51559e-08)
(1.54896e-08 -5.98541e-12 3.35377e-09)
(3.91036e-11 1.54904e-08 -1.29096e-10)
(-3.34396e-09 1.05113e-10 1.51294e-08)
(1.54517e-08 -5.80104e-12 3.49073e-09)
(3.90326e-11 1.54954e-08 -1.24709e-10)
(-3.48013e-09 1.01792e-10 1.51025e-08)
(1.54137e-08 -5.61808e-12 3.62282e-09)
(3.88788e-11 1.55003e-08 -1.20397e-10)
(-3.61168e-09 9.85023e-11 1.50755e-08)
(1.53759e-08 -5.43865e-12 3.75015e-09)
(3.86443e-11 1.55051e-08 -1.1616e-10)
(-3.73867e-09 9.52521e-11 1.50483e-08)
(1.53381e-08 -5.26367e-12 3.87281e-09)
(3.8332e-11 1.55097e-08 -1.11998e-10)
(-3.8612e-09 9.20454e-11 1.50212e-08)
(1.53007e-08 -5.09341e-12 3.9909e-09)
(3.79457e-11 1.55142e-08 -1.07912e-10)
(-3.97933e-09 8.88853e-11 1.49941e-08)
(1.52636e-08 -4.92782e-12 4.10453e-09)
(3.74898e-11 1.55186e-08 -1.03904e-10)
(-4.09316e-09 8.57738e-11 1.49672e-08)
(1.52269e-08 -4.7667e-12 4.21378e-09)
(3.69688e-11 1.55229e-08 -9.99724e-11)
(-4.20276e-09 8.27125e-11 1.49405e-08)
(1.51906e-08 -4.60984e-12 4.31877e-09)
(3.63876e-11 1.5527e-08 -9.61198e-11)
(-4.30824e-09 7.97025e-11 1.49141e-08)
(1.5155e-08 -4.457e-12 4.41959e-09)
(3.5751e-11 1.5531e-08 -9.23463e-11)
(-4.40966e-09 7.67448e-11 1.48881e-08)
(1.51199e-08 -4.30801e-12 4.51634e-09)
(3.50638e-11 1.5535e-08 -8.86524e-11)
(-4.50711e-09 7.38399e-11 1.48625e-08)
(1.50854e-08 -4.16272e-12 4.60911e-09)
(3.43307e-11 1.55388e-08 -8.50382e-11)
(-4.60069e-09 7.09885e-11 1.48374e-08)
(1.50517e-08 -4.021e-12 4.698e-09)
(3.35564e-11 1.55425e-08 -8.15039e-11)
(-4.69048e-09 6.81909e-11 1.48128e-08)
(1.50187e-08 -3.88276e-12 4.78311e-09)
(3.27452e-11 1.55461e-08 -7.80494e-11)
(-4.77656e-09 6.54476e-11 1.47887e-08)
(1.49865e-08 -3.74792e-12 4.86454e-09)
(3.19014e-11 1.55496e-08 -7.46746e-11)
(-4.85902e-09 6.2759e-11 1.47653e-08)
(1.49552e-08 -3.61641e-12 4.94237e-09)
(3.1029e-11 1.5553e-08 -7.13795e-11)
(-4.93795e-09 6.01252e-11 1.47424e-08)
(1.49246e-08 -3.48817e-12 5.01672e-09)
(3.0132e-11 1.55563e-08 -6.81636e-11)
(-5.01342e-09 5.75465e-11 1.47203e-08)
(1.48949e-08 -3.36315e-12 5.08766e-09)
(2.92139e-11 1.55595e-08 -6.50266e-11)
(-5.08553e-09 5.50232e-11 1.46988e-08)
(1.48661e-08 -3.24128e-12 5.15529e-09)
(2.82783e-11 1.55626e-08 -6.19682e-11)
(-5.15436e-09 5.25554e-11 1.4678e-08)
(1.48383e-08 -3.12252e-12 5.2197e-09)
(2.73287e-11 1.55656e-08 -5.89879e-11)
(-5.21999e-09 5.01432e-11 1.4658e-08)
(1.48113e-08 -3.0068e-12 5.28098e-09)
(2.63681e-11 1.55685e-08 -5.60853e-11)
(-5.2825e-09 4.77869e-11 1.46387e-08)
(1.47853e-08 -2.89407e-12 5.33923e-09)
(2.53995e-11 1.55713e-08 -5.32598e-11)
(-5.34197e-09 4.54864e-11 1.46202e-08)
(1.47602e-08 -2.78427e-12 5.39452e-09)
(2.44259e-11 1.5574e-08 -5.05111e-11)
(-5.39849e-09 4.32419e-11 1.46024e-08)
(1.47361e-08 -2.67733e-12 5.44696e-09)
(2.345e-11 1.55767e-08 -4.78384e-11)
(-5.45214e-09 4.10534e-11 1.45854e-08)
(1.47129e-08 -2.5732e-12 5.49661e-09)
(2.24742e-11 1.55792e-08 -4.52413e-11)
(-5.50299e-09 3.89209e-11 1.45692e-08)
(1.46906e-08 -2.47179e-12 5.54358e-09)
(2.1501e-11 1.55817e-08 -4.27193e-11)
(-5.55113e-09 3.68446e-11 1.45537e-08)
(1.46693e-08 -2.37306e-12 5.58793e-09)
(2.05327e-11 1.55841e-08 -4.02718e-11)
(-5.59663e-09 3.48244e-11 1.4539e-08)
(1.4649e-08 -2.27692e-12 5.62977e-09)
(1.95714e-11 1.55863e-08 -3.78982e-11)
(-5.63958e-09 3.28603e-11 1.45251e-08)
(1.46295e-08 -2.18331e-12 5.66916e-09)
(1.86191e-11 1.55885e-08 -3.5598e-11)
(-5.68004e-09 3.09522e-11 1.4512e-08)
(1.4611e-08 -2.09216e-12 5.7062e-09)
(1.76777e-11 1.55907e-08 -3.33706e-11)
(-5.71809e-09 2.91003e-11 1.44996e-08)
(1.45934e-08 -2.0034e-12 5.74095e-09)
(1.67489e-11 1.55927e-08 -3.12156e-11)
(-5.75382e-09 2.73043e-11 1.44879e-08)
(1.45767e-08 -1.91695e-12 5.7735e-09)
(1.58343e-11 1.55947e-08 -2.91325e-11)
(-5.78729e-09 2.55644e-11 1.4477e-08)
(1.45609e-08 -1.83274e-12 5.80394e-09)
(1.49355e-11 1.55966e-08 -2.71206e-11)
(-5.81859e-09 2.38803e-11 1.44668e-08)
(1.4546e-08 -1.7507e-12 5.83233e-09)
(1.40539e-11 1.55984e-08 -2.51796e-11)
(-5.84777e-09 2.22522e-11 1.44574e-08)
(1.45319e-08 -1.67075e-12 5.85875e-09)
(1.31908e-11 1.56001e-08 -2.3309e-11)
(-5.87493e-09 2.06798e-11 1.44486e-08)
(1.45186e-08 -1.59283e-12 5.88328e-09)
(1.23474e-11 1.56018e-08 -2.15082e-11)
(-5.90012e-09 1.91631e-11 1.44405e-08)
(1.45062e-08 -1.51685e-12 5.906e-09)
(1.15248e-11 1.56034e-08 -1.9777e-11)
(-5.92343e-09 1.77021e-11 1.4433e-08)
(1.44945e-08 -1.44274e-12 5.92698e-09)
(1.07241e-11 1.56049e-08 -1.81149e-11)
(-5.94492e-09 1.62967e-11 1.44261e-08)
(1.44837e-08 -1.37043e-12 5.94629e-09)
(9.94602e-12 1.56064e-08 -1.65215e-11)
(-5.96467e-09 1.49467e-11 1.44199e-08)
(1.44735e-08 -1.29985e-12 5.96402e-09)
(9.19156e-12 1.56078e-08 -1.49964e-11)
(-5.98274e-09 1.36521e-11 1.44143e-08)
(1.44641e-08 -1.23091e-12 5.98022e-09)
(8.46143e-12 1.56091e-08 -1.35393e-11)
(-5.99922e-09 1.24127e-11 1.44092e-08)
(1.44554e-08 -1.16356e-12 5.99497e-09)
(7.75632e-12 1.56104e-08 -1.21499e-11)
(-6.01416e-09 1.12286e-11 1.44047e-08)
(1.44474e-08 -1.0977e-12 6.00835e-09)
(7.07683e-12 1.56116e-08 -1.08278e-11)
(-6.02764e-09 1.00995e-11 1.44007e-08)
(1.444e-08 -1.03328e-12 6.02043e-09)
(6.4235e-12 1.56127e-08 -9.57287e-12)
(-6.03972e-09 9.02534e-12 1.43972e-08)
(1.44333e-08 -9.70212e-13 6.03127e-09)
(5.7968e-12 1.56138e-08 -8.38475e-12)
(-6.05048e-09 8.00609e-12 1.43942e-08)
(1.44272e-08 -9.08434e-13 6.04094e-09)
(5.19713e-12 1.56148e-08 -7.26323e-12)
(-6.05998e-09 7.04161e-12 1.43916e-08)
(1.44216e-08 -8.47882e-13 6.04953e-09)
(4.62482e-12 1.56157e-08 -6.20811e-12)
(-6.0683e-09 6.1318e-12 1.43894e-08)
(1.44166e-08 -7.88507e-13 6.05708e-09)
(4.08014e-12 1.56166e-08 -5.21925e-12)
(-6.0755e-09 5.27656e-12 1.43876e-08)
(1.44121e-08 -7.30277e-13 6.06369e-09)
(3.56332e-12 1.56175e-08 -4.29653e-12)
(-6.08165e-09 4.47577e-12 1.43862e-08)
(1.4408e-08 -6.73191e-13 6.0694e-09)
(3.07453e-12 1.56182e-08 -3.43988e-12)
(-6.08681e-09 3.72933e-12 1.43851e-08)
(1.44045e-08 -6.173e-13 6.07429e-09)
(2.61388e-12 1.56189e-08 -2.64934e-12)
(-6.09106e-09 3.03713e-12 1.43843e-08)
(1.44014e-08 -5.6274e-13 6.07844e-09)
(2.18149e-12 1.56196e-08 -1.92499e-12)
(-6.09446e-09 2.39906e-12 1.43838e-08)
(1.43987e-08 -5.09776e-13 6.0819e-09)
(1.77742e-12 1.56202e-08 -1.26704e-12)
(-6.09708e-09 1.81497e-12 1.43836e-08)
(1.43963e-08 -4.58856e-13 6.08474e-09)
(1.40182e-12 1.56207e-08 -6.75719e-13)
(-6.09898e-09 1.28473e-12 1.43836e-08)
(1.43944e-08 -4.10677e-13 6.08703e-09)
(1.05499e-12 1.56212e-08 -1.51248e-13)
(-6.10024e-09 8.08223e-13 1.43837e-08)
(1.43927e-08 -3.66244e-13 6.08884e-09)
(7.37527e-13 1.56216e-08 3.06428e-13)
(-6.10092e-09 3.85391e-13 1.43841e-08)
(1.43913e-08 -3.26878e-13 6.09023e-09)
(4.50683e-13 1.5622e-08 6.98091e-13)
(-6.10108e-09 1.63571e-14 1.43846e-08)
(1.43902e-08 -2.94106e-13 6.09127e-09)
(1.96827e-13 1.56223e-08 1.02612e-12)
(-6.1008e-09 -2.98434e-13 1.43852e-08)
(1.43893e-08 -2.69306e-13 6.09203e-09)
(-1.99117e-14 1.56226e-08 1.29591e-12)
(-6.10015e-09 -5.57993e-13 1.43859e-08)
(1.43886e-08 -2.52748e-13 6.09255e-09)
(-1.93351e-13 1.56228e-08 1.51781e-12)
(-6.09919e-09 -7.60442e-13 1.43866e-08)
(1.43881e-08 -2.42983e-13 6.09292e-09)
(-3.14908e-13 1.5623e-08 1.70906e-12)
(-6.09801e-09 -9.02743e-13 1.43874e-08)
(1.43878e-08 -2.42454e-13 6.09322e-09)
(-3.80773e-13 1.56232e-08 1.889e-12)
(-6.09666e-09 -9.79855e-13 1.43881e-08)
(-4.47742e-13 1.56235e-08 2.05538e-12)
(-6.09521e-09 -9.75939e-13 1.43885e-08)
(1.59357e-08 5.22706e-11 2.00161e-10)
(-3.88979e-10 1.53663e-08 -9.81942e-11)
(-2.54622e-10 4.71694e-11 1.53332e-08)
(1.5983e-08 4.72975e-11 4.2757e-10)
(-1.3236e-10 1.54164e-08 -2.26524e-10)
(-4.7044e-10 1.23536e-10 1.53837e-08)
(1.59659e-08 3.23096e-11 6.53417e-10)
(-4.15689e-11 1.54219e-08 -2.69797e-10)
(-6.6865e-10 1.70254e-10 1.53895e-08)
(1.59417e-08 1.87549e-11 8.71167e-10)
(-6.07958e-12 1.5427e-08 -2.84322e-10)
(-8.85101e-10 1.96621e-10 1.53979e-08)
(1.59168e-08 8.23907e-12 1.08358e-09)
(1.61937e-11 1.54284e-08 -2.86668e-10)
(-1.10266e-09 2.11383e-10 1.5397e-08)
(1.58912e-08 4.73531e-13 1.29127e-09)
(3.10773e-11 1.54299e-08 -2.82724e-10)
(-1.31323e-09 2.18942e-10 1.53887e-08)
(1.58645e-08 -4.96245e-12 1.49375e-09)
(4.06853e-11 1.54332e-08 -2.75873e-10)
(-1.51592e-09 2.21733e-10 1.5376e-08)
(1.58363e-08 -8.5651e-12 1.69067e-09)
(4.68068e-11 1.54377e-08 -2.67911e-10)
(-1.71122e-09 2.21365e-10 1.53602e-08)
(1.58065e-08 -1.08127e-11 1.88185e-09)
(5.07029e-11 1.5443e-08 -2.59694e-10)
(-1.89977e-09 2.18942e-10 1.5342e-08)
(1.57752e-08 -1.21044e-11 2.06724e-09)
(5.32261e-11 1.54487e-08 -2.51587e-10)
(-2.0821e-09 2.15211e-10 1.53221e-08)
(1.57426e-08 -1.27492e-11 2.24687e-09)
(5.49194e-11 1.54545e-08 -2.43713e-10)
(-2.25861e-09 2.10664e-10 1.53008e-08)
(1.57087e-08 -1.29733e-11 2.42081e-09)
(5.61069e-11 1.54603e-08 -2.36087e-10)
(-2.42961e-09 2.05624e-10 1.52783e-08)
(1.56738e-08 -1.29346e-11 2.58916e-09)
(5.69722e-11 1.5466e-08 -2.28683e-10)
(-2.59528e-09 2.00295e-10 1.52549e-08)
(1.5638e-08 -1.27395e-11 2.75203e-09)
(5.76139e-11 1.54716e-08 -2.21468e-10)
(-2.75579e-09 1.94809e-10 1.52306e-08)
(1.56015e-08 -1.24567e-11 2.90952e-09)
(5.80818e-11 1.5477e-08 -2.14411e-10)
(-2.91125e-09 1.8925e-10 1.52055e-08)
(1.55645e-08 -1.2129e-11 3.06173e-09)
(5.83992e-11 1.54823e-08 -2.0749e-10)
(-3.06175e-09 1.83672e-10 1.51799e-08)
(1.55271e-08 -1.17821e-11 3.20878e-09)
(5.85766e-11 1.54875e-08 -2.00691e-10)
(-3.20738e-09 1.78109e-10 1.51538e-08)
(1.54894e-08 -1.14307e-11 3.35076e-09)
(5.86189e-11 1.54926e-08 -1.94007e-10)
(-3.34821e-09 1.72584e-10 1.51272e-08)
(1.54516e-08 -1.10824e-11 3.48778e-09)
(5.85293e-11 1.54975e-08 -1.87433e-10)
(-3.48433e-09 1.67111e-10 1.51004e-08)
(1.54137e-08 -1.07411e-11 3.61993e-09)
(5.83116e-11 1.55023e-08 -1.80968e-10)
(-3.61581e-09 1.61701e-10 1.50734e-08)
(1.53759e-08 -1.04083e-11 3.74732e-09)
(5.797e-11 1.55069e-08 -1.74614e-10)
(-3.74274e-09 1.5636e-10 1.50463e-08)
(1.53382e-08 -1.00843e-11 3.87004e-09)
(5.75101e-11 1.55115e-08 -1.6837e-10)
(-3.86519e-09 1.51093e-10 1.50192e-08)
(1.53009e-08 -9.76893e-12 3.98819e-09)
(5.69379e-11 1.55159e-08 -1.6224e-10)
(-3.98325e-09 1.45903e-10 1.49921e-08)
(1.52638e-08 -9.4617e-12 4.10188e-09)
(5.62603e-11 1.55202e-08 -1.56224e-10)
(-4.09701e-09 1.40794e-10 1.49653e-08)
(1.52272e-08 -9.16214e-12 4.2112e-09)
(5.54846e-11 1.55244e-08 -1.50325e-10)
(-4.20654e-09 1.35768e-10 1.49386e-08)
(1.5191e-08 -8.86983e-12 4.31625e-09)
(5.4618e-11 1.55285e-08 -1.44542e-10)
(-4.31193e-09 1.30825e-10 1.49123e-08)
(1.51553e-08 -8.58445e-12 4.41713e-09)
(5.36679e-11 1.55324e-08 -1.38878e-10)
(-4.41328e-09 1.25967e-10 1.48863e-08)
(1.51203e-08 -8.3057e-12 4.51394e-09)
(5.26415e-11 1.55363e-08 -1.33333e-10)
(-4.51066e-09 1.21196e-10 1.48607e-08)
(1.50859e-08 -8.0334e-12 4.60677e-09)
(5.15459e-11 1.55401e-08 -1.27906e-10)
(-4.60417e-09 1.16512e-10 1.48356e-08)
(1.50522e-08 -7.76737e-12 4.69572e-09)
(5.03881e-11 1.55437e-08 -1.22599e-10)
(-4.69388e-09 1.11916e-10 1.4811e-08)
(1.50193e-08 -7.50749e-12 4.7809e-09)
(4.91745e-11 1.55473e-08 -1.17412e-10)
(-4.77989e-09 1.07408e-10 1.4787e-08)
(1.49871e-08 -7.25366e-12 4.86238e-09)
(4.79116e-11 1.55507e-08 -1.12343e-10)
(-4.86227e-09 1.0299e-10 1.47636e-08)
(1.49558e-08 -7.00578e-12 4.94028e-09)
(4.66055e-11 1.55541e-08 -1.07394e-10)
(-4.94113e-09 9.86612e-11 1.47408e-08)
(1.49252e-08 -6.76377e-12 5.01468e-09)
(4.52619e-11 1.55573e-08 -1.02563e-10)
(-5.01653e-09 9.44228e-11 1.47187e-08)
(1.48956e-08 -6.52753e-12 5.08568e-09)
(4.38865e-11 1.55605e-08 -9.78496e-11)
(-5.08857e-09 9.02749e-11 1.46972e-08)
(1.48668e-08 -6.29698e-12 5.15336e-09)
(4.24845e-11 1.55635e-08 -9.32542e-11)
(-5.15732e-09 8.62179e-11 1.46765e-08)
(1.48389e-08 -6.07202e-12 5.21783e-09)
(4.1061e-11 1.55665e-08 -8.87757e-11)
(-5.22287e-09 8.22521e-11 1.46565e-08)
(1.4812e-08 -5.85257e-12 5.27917e-09)
(3.96207e-11 1.55693e-08 -8.44134e-11)
(-5.28531e-09 7.83776e-11 1.46373e-08)
(1.4786e-08 -5.63851e-12 5.33747e-09)
(3.81682e-11 1.55721e-08 -8.01666e-11)
(-5.34472e-09 7.45947e-11 1.46188e-08)
(1.47609e-08 -5.42974e-12 5.39282e-09)
(3.67078e-11 1.55748e-08 -7.60346e-11)
(-5.40116e-09 7.09035e-11 1.4601e-08)
(1.47367e-08 -5.22615e-12 5.4453e-09)
(3.52435e-11 1.55774e-08 -7.20167e-11)
(-5.45474e-09 6.73042e-11 1.4584e-08)
(1.47136e-08 -5.02764e-12 5.49501e-09)
(3.37793e-11 1.55799e-08 -6.8112e-11)
(-5.50552e-09 6.37968e-11 1.45679e-08)
(1.46913e-08 -4.83407e-12 5.54202e-09)
(3.23187e-11 1.55823e-08 -6.43197e-11)
(-5.55359e-09 6.03815e-11 1.45524e-08)
(1.467e-08 -4.64534e-12 5.58643e-09)
(3.08651e-11 1.55846e-08 -6.06391e-11)
(-5.59902e-09 5.70583e-11 1.45378e-08)
(1.46496e-08 -4.46132e-12 5.62832e-09)
(2.94218e-11 1.55869e-08 -5.70693e-11)
(-5.64189e-09 5.38272e-11 1.45239e-08)
(1.46302e-08 -4.28189e-12 5.66776e-09)
(2.79918e-11 1.55891e-08 -5.36095e-11)
(-5.68228e-09 5.06881e-11 1.45108e-08)
(1.46117e-08 -4.10692e-12 5.70484e-09)
(2.6578e-11 1.55912e-08 -5.02591e-11)
(-5.72027e-09 4.76412e-11 1.44985e-08)
(1.45941e-08 -3.93627e-12 5.73964e-09)
(2.51829e-11 1.55932e-08 -4.70171e-11)
(-5.75593e-09 4.46863e-11 1.44868e-08)
(1.45774e-08 -3.76984e-12 5.77224e-09)
(2.3809e-11 1.55951e-08 -4.38829e-11)
(-5.78933e-09 4.18234e-11 1.4476e-08)
(1.45615e-08 -3.60747e-12 5.80272e-09)
(2.24587e-11 1.5597e-08 -4.08557e-11)
(-5.82055e-09 3.90525e-11 1.44658e-08)
(1.45466e-08 -3.44905e-12 5.83116e-09)
(2.1134e-11 1.55988e-08 -3.79349e-11)
(-5.84967e-09 3.63733e-11 1.44564e-08)
(1.45325e-08 -3.29443e-12 5.85762e-09)
(1.9837e-11 1.56005e-08 -3.51197e-11)
(-5.87676e-09 3.3786e-11 1.44476e-08)
(1.45192e-08 -3.1435e-12 5.8822e-09)
(1.85694e-11 1.56021e-08 -3.24095e-11)
(-5.90188e-09 3.12902e-11 1.44395e-08)
(1.45067e-08 -2.99611e-12 5.90496e-09)
(1.7333e-11 1.56037e-08 -2.98037e-11)
(-5.92512e-09 2.8886e-11 1.44321e-08)
(1.44951e-08 -2.85213e-12 5.92599e-09)
(1.61292e-11 1.56052e-08 -2.73017e-11)
(-5.94655e-09 2.65732e-11 1.44253e-08)
(1.44842e-08 -2.71143e-12 5.94534e-09)
(1.49596e-11 1.56067e-08 -2.49028e-11)
(-5.96623e-09 2.43517e-11 1.44191e-08)
(1.4474e-08 -2.57388e-12 5.96311e-09)
(1.38252e-11 1.5608e-08 -2.26067e-11)
(-5.98424e-09 2.22214e-11 1.44135e-08)
(1.44646e-08 -2.43933e-12 5.97935e-09)
(1.27273e-11 1.56093e-08 -2.04127e-11)
(-6.00064e-09 2.0182e-11 1.44085e-08)
(1.44559e-08 -2.30767e-12 5.99415e-09)
(1.1667e-11 1.56106e-08 -1.83205e-11)
(-6.01551e-09 1.82335e-11 1.4404e-08)
(1.44479e-08 -2.17876e-12 6.00757e-09)
(1.06451e-11 1.56118e-08 -1.63295e-11)
(-6.02892e-09 1.63757e-11 1.44e-08)
(1.44405e-08 -2.05246e-12 6.01969e-09)
(9.66251e-12 1.56129e-08 -1.44394e-11)
(-6.04094e-09 1.46085e-11 1.43965e-08)
(1.44337e-08 -1.92865e-12 6.03057e-09)
(8.71989e-12 1.56139e-08 -1.26498e-11)
(-6.05164e-09 1.29318e-11 1.43935e-08)
(1.44275e-08 -1.80719e-12 6.04029e-09)
(7.81785e-12 1.56149e-08 -1.09603e-11)
(-6.06107e-09 1.13453e-11 1.4391e-08)
(1.4422e-08 -1.68795e-12 6.04891e-09)
(6.95693e-12 1.56159e-08 -9.37062e-12)
(-6.06933e-09 9.84886e-12 1.43888e-08)
(1.44169e-08 -1.5708e-12 6.05651e-09)
(6.13752e-12 1.56167e-08 -7.88054e-12)
(-6.07646e-09 8.44246e-12 1.43871e-08)
(1.44124e-08 -1.45564e-12 6.06315e-09)
(5.35997e-12 1.56176e-08 -6.48987e-12)
(-6.08254e-09 7.1259e-12 1.43857e-08)
(1.44084e-08 -1.34242e-12 6.06891e-09)
(4.62456e-12 1.56183e-08 -5.19849e-12)
(-6.08764e-09 5.89905e-12 1.43846e-08)
(1.44048e-08 -1.2311e-12 6.07384e-09)
(3.93149e-12 1.5619e-08 -4.00637e-12)
(-6.09182e-09 4.76178e-12 1.43839e-08)
(1.44016e-08 -1.12178e-12 6.07802e-09)
(3.28089e-12 1.56197e-08 -2.91358e-12)
(-6.09515e-09 3.71398e-12 1.43834e-08)
(1.43989e-08 -1.01472e-12 6.08152e-09)
(2.67289e-12 1.56202e-08 -1.92032e-12)
(-6.09771e-09 2.75554e-12 1.43832e-08)
(1.43966e-08 -9.10465e-13 6.0844e-09)
(2.10764e-12 1.56208e-08 -1.02686e-12)
(-6.09955e-09 1.88635e-12 1.43832e-08)
(1.43946e-08 -8.09983e-13 6.08673e-09)
(1.5855e-12 1.56212e-08 -2.33466e-13)
(-6.10074e-09 1.10632e-12 1.43834e-08)
(1.43929e-08 -7.14919e-13 6.08857e-09)
(1.10721e-12 1.56217e-08 4.5989e-13)
(-6.10135e-09 4.15455e-13 1.43838e-08)
(1.43915e-08 -6.27859e-13 6.09e-09)
(6.74382e-13 1.5622e-08 1.05409e-12)
(-6.10145e-09 -1.86147e-13 1.43843e-08)
(1.43904e-08 -5.52599e-13 6.09106e-09)
(2.90381e-13 1.56223e-08 1.55209e-12)
(-6.10111e-09 -6.98101e-13 1.43849e-08)
(1.43894e-08 -4.9426e-13 6.09183e-09)
(-3.81994e-14 1.56226e-08 1.96118e-12)
(-6.10039e-09 -1.11956e-12 1.43857e-08)
(1.43887e-08 -4.5846e-13 6.09237e-09)
(-2.99941e-13 1.56228e-08 2.29712e-12)
(-6.09937e-09 -1.44874e-12 1.43865e-08)
(1.43882e-08 -4.48551e-13 6.09274e-09)
(-4.75018e-13 1.5623e-08 2.59021e-12)
(-6.09812e-09 -1.68215e-12 1.43873e-08)
(1.43879e-08 -4.67843e-13 6.09304e-09)
(-5.32697e-13 1.56232e-08 2.88047e-12)
(-6.09669e-09 -1.81316e-12 1.4388e-08)
(-5.23403e-13 1.56236e-08 3.16412e-12)
(-6.09511e-09 -1.82014e-12 1.43884e-08)
(1.59814e-08 2.378e-10 2.72447e-10)
(-1.03295e-10 9.98419e-11 1.5193e-08)
(1.59671e-08 8.11533e-11 4.57142e-10)
(-4.00633e-10 2.38149e-10 1.55244e-08)
(1.59469e-08 3.32852e-11 6.6741e-10)
(-6.36615e-10 2.91936e-10 1.54249e-08)
(1.59265e-08 1.37809e-11 8.77593e-10)
(-8.69223e-10 3.13153e-10 1.54109e-08)
(1.5905e-08 -1.14333e-13 1.08491e-09)
(-1.09594e-09 3.21114e-10 1.54043e-08)
(1.58826e-08 -9.82915e-12 1.28932e-09)
(-1.31212e-09 3.2175e-10 1.53919e-08)
(1.58585e-08 -1.59282e-11 1.48985e-09)
(-1.51816e-09 3.18205e-10 1.53762e-08)
(1.58323e-08 -1.94116e-11 1.68567e-09)
(-1.71542e-09 3.12398e-10 1.53585e-08)
(1.5804e-08 -2.1159e-11 1.87627e-09)
(-1.90508e-09 3.05426e-10 1.53392e-08)
(1.57738e-08 -2.18207e-11 2.06139e-09)
(-2.08803e-09 2.97891e-10 1.53187e-08)
(1.57418e-08 -2.18389e-11 2.24092e-09)
(-2.26487e-09 2.90107e-10 1.5297e-08)
(1.57084e-08 -2.14971e-11 2.41486e-09)
(-2.43602e-09 2.82239e-10 1.52744e-08)
(1.56738e-08 -2.09697e-11 2.58326e-09)
(-2.60174e-09 2.74369e-10 1.52509e-08)
(1.56383e-08 -2.03591e-11 2.7462e-09)
(-2.76224e-09 2.66538e-10 1.52266e-08)
(1.5602e-08 -1.97225e-11 2.90378e-09)
(-2.91765e-09 2.58768e-10 1.52016e-08)
(1.55652e-08 -1.90894e-11 3.05609e-09)
(-3.06808e-09 2.5107e-10 1.51761e-08)
(1.55279e-08 -1.84737e-11 3.20323e-09)
(-3.21362e-09 2.43451e-10 1.515e-08)
(1.54903e-08 -1.78804e-11 3.34532e-09)
(-3.35436e-09 2.35918e-10 1.51235e-08)
(1.54526e-08 -1.73101e-11 3.48244e-09)
(-3.49037e-09 2.28474e-10 1.50967e-08)
(1.54148e-08 -1.67616e-11 3.61469e-09)
(-3.62175e-09 2.21123e-10 1.50698e-08)
(1.53771e-08 -1.62327e-11 3.74219e-09)
(-3.74857e-09 2.13869e-10 1.50427e-08)
(1.53395e-08 -1.57217e-11 3.86501e-09)
(-3.87091e-09 2.06716e-10 1.50156e-08)
(1.53022e-08 -1.52268e-11 3.98328e-09)
(-3.98886e-09 1.99665e-10 1.49887e-08)
(1.52652e-08 -1.47465e-11 4.09707e-09)
(-4.10251e-09 1.92721e-10 1.49618e-08)
(1.52286e-08 -1.42799e-11 4.2065e-09)
(-4.21193e-09 1.85885e-10 1.49353e-08)
(1.51925e-08 -1.38261e-11 4.31166e-09)
(-4.31721e-09 1.79158e-10 1.4909e-08)
(1.51569e-08 -1.33845e-11 4.41264e-09)
(-4.41845e-09 1.72544e-10 1.4883e-08)
(1.51219e-08 -1.29546e-11 4.50956e-09)
(-4.51572e-09 1.66043e-10 1.48575e-08)
(1.50875e-08 -1.2536e-11 4.60249e-09)
(-4.60912e-09 1.59658e-10 1.48325e-08)
(1.50539e-08 -1.21285e-11 4.69155e-09)
(-4.69872e-09 1.53388e-10 1.4808e-08)
(1.50209e-08 -1.17317e-11 4.77683e-09)
(-4.78462e-09 1.47235e-10 1.4784e-08)
(1.49888e-08 -1.13453e-11 4.85842e-09)
(-4.8669e-09 1.41201e-10 1.47606e-08)
(1.49574e-08 -1.0969e-11 4.93641e-09)
(-4.94565e-09 1.35286e-10 1.47379e-08)
(1.49269e-08 -1.06027e-11 5.01091e-09)
(-5.02094e-09 1.29491e-10 1.47159e-08)
(1.48973e-08 -1.0246e-11 5.08201e-09)
(-5.09287e-09 1.23816e-10 1.46945e-08)
(1.48685e-08 -9.89865e-12 5.1498e-09)
(-5.16152e-09 1.18263e-10 1.46738e-08)
(1.48406e-08 -9.56039e-12 5.21436e-09)
(-5.22697e-09 1.12831e-10 1.46539e-08)
(1.48136e-08 -9.23094e-12 5.2758e-09)
(-5.28931e-09 1.07522e-10 1.46347e-08)
(1.47876e-08 -8.91002e-12 5.33419e-09)
(-5.34861e-09 1.02336e-10 1.46162e-08)
(1.47625e-08 -8.59736e-12 5.38963e-09)
(-5.40496e-09 9.72727e-11 1.45986e-08)
(1.47384e-08 -8.29268e-12 5.44221e-09)
(-5.45843e-09 9.23333e-11 1.45817e-08)
(1.47151e-08 -7.9957e-12 5.49201e-09)
(-5.50912e-09 8.75178e-11 1.45655e-08)
(1.46929e-08 -7.70615e-12 5.53911e-09)
(-5.55708e-09 8.28265e-11 1.45502e-08)
(1.46715e-08 -7.42376e-12 5.58361e-09)
(-5.60242e-09 7.82596e-11 1.45356e-08)
(1.46511e-08 -7.14825e-12 5.62558e-09)
(-5.64519e-09 7.38174e-11 1.45218e-08)
(1.46316e-08 -6.87937e-12 5.66511e-09)
(-5.68548e-09 6.94999e-11 1.45088e-08)
(1.46131e-08 -6.61685e-12 5.70228e-09)
(-5.72337e-09 6.53073e-11 1.44965e-08)
(1.45955e-08 -6.36042e-12 5.73717e-09)
(-5.75893e-09 6.12398e-11 1.44849e-08)
(1.45787e-08 -6.10984e-12 5.76985e-09)
(-5.79224e-09 5.72974e-11 1.44741e-08)
(1.45628e-08 -5.86486e-12 5.80041e-09)
(-5.82336e-09 5.34801e-11 1.4464e-08)
(1.45479e-08 -5.62522e-12 5.82893e-09)
(-5.85239e-09 4.9788e-11 1.44546e-08)
(1.45337e-08 -5.39068e-12 5.85548e-09)
(-5.87938e-09 4.62211e-11 1.44459e-08)
(1.45204e-08 -5.16102e-12 5.88014e-09)
(-5.90441e-09 4.27794e-11 1.44379e-08)
(1.45079e-08 -4.93599e-12 5.90299e-09)
(-5.92755e-09 3.94629e-11 1.44306e-08)
(1.44962e-08 -4.71537e-12 5.92409e-09)
(-5.94888e-09 3.62715e-11 1.44238e-08)
(1.44852e-08 -4.49893e-12 5.94353e-09)
(-5.96847e-09 3.32053e-11 1.44177e-08)
(1.44751e-08 -4.28645e-12 5.96137e-09)
(-5.98638e-09 3.0264e-11 1.44121e-08)
(1.44656e-08 -4.07771e-12 5.9777e-09)
(-6.00269e-09 2.74478e-11 1.44072e-08)
(1.44568e-08 -3.8725e-12 5.99257e-09)
(-6.01747e-09 2.47564e-11 1.44027e-08)
(1.44487e-08 -3.67063e-12 6.00607e-09)
(-6.03079e-09 2.21898e-11 1.43988e-08)
(1.44413e-08 -3.4719e-12 6.01827e-09)
(-6.04271e-09 1.97479e-11 1.43954e-08)
(1.44345e-08 -3.27611e-12 6.02923e-09)
(-6.05331e-09 1.74307e-11 1.43925e-08)
(1.44283e-08 -3.08305e-12 6.03902e-09)
(-6.06266e-09 1.52378e-11 1.439e-08)
(1.44227e-08 -2.89249e-12 6.04772e-09)
(-6.07081e-09 1.31694e-11 1.43879e-08)
(1.44176e-08 -2.7042e-12 6.0554e-09)
(-6.07785e-09 1.12252e-11 1.43862e-08)
(1.4413e-08 -2.51796e-12 6.06212e-09)
(-6.08384e-09 9.40524e-12 1.43848e-08)
(1.44089e-08 -2.33357e-12 6.06795e-09)
(-6.08884e-09 7.7094e-12 1.43838e-08)
(1.44053e-08 -2.15083e-12 6.07296e-09)
(-6.09293e-09 6.13765e-12 1.43831e-08)
(1.44021e-08 -1.96959e-12 6.07722e-09)
(-6.09617e-09 4.69e-12 1.43827e-08)
(1.43994e-08 -1.78977e-12 6.0808e-09)
(-6.09863e-09 3.36651e-12 1.43826e-08)
(1.4397e-08 -1.61156e-12 6.08375e-09)
(-6.10038e-09 2.16733e-12 1.43826e-08)
(1.43949e-08 -1.4356e-12 6.08615e-09)
(-6.10147e-09 1.0927e-12 1.43829e-08)
(1.43932e-08 -1.26345e-12 6.08807e-09)
(-6.10199e-09 1.42966e-13 1.43833e-08)
(1.43918e-08 -1.09847e-12 6.08956e-09)
(-6.102e-09 -6.81403e-13 1.43839e-08)
(1.43906e-08 -9.47486e-13 6.09069e-09)
(-6.10156e-09 -1.37987e-12 1.43846e-08)
(1.43896e-08 -8.23567e-13 6.09151e-09)
(-6.10075e-09 -1.95195e-12 1.43854e-08)
(1.43888e-08 -7.50842e-13 6.09207e-09)
(-6.09965e-09 -2.39767e-12 1.43863e-08)
(1.43882e-08 -7.7152e-13 6.09245e-09)
(-6.09833e-09 -2.71858e-12 1.43872e-08)
(1.43878e-08 -9.12126e-13 6.09273e-09)
(-6.09682e-09 -2.91336e-12 1.4388e-08)
(-6.09511e-09 -2.97484e-12 1.43885e-08)
(1.62298e-08 -3.61117e-10 3.33143e-10)
(5.76237e-10 1.51936e-08 8.92014e-11)
(-3.71835e-10 -9.90786e-11 1.49123e-08)
(1.62009e-08 -1.24054e-10 5.19752e-10)
(2.07708e-10 1.53319e-08 2.11006e-10)
(-4.14794e-10 -2.45817e-10 1.54387e-08)
(1.61666e-08 -4.91648e-11 7.22442e-10)
(6.96987e-11 1.53315e-08 2.60586e-10)
(-6.10118e-10 -3.00146e-10 1.53184e-08)
(1.61407e-08 -1.90224e-11 9.3233e-10)
(1.50193e-11 1.53303e-08 2.77549e-10)
(-8.49511e-10 -3.17783e-10 1.52961e-08)
(1.61153e-08 8.69804e-13 1.14311e-09)
(-1.65792e-11 1.53313e-08 2.79754e-10)
(-1.08043e-09 -3.2221e-10 1.52868e-08)
(1.60881e-08 1.39856e-11 1.35147e-09)
(-3.58861e-11 1.53348e-08 2.75293e-10)
(-1.29754e-09 -3.20329e-10 1.52744e-08)
(1.60582e-08 2.1832e-11 1.55546e-09)
(-4.73093e-11 1.53404e-08 2.68054e-10)
(-1.50315e-09 -3.15145e-10 1.52605e-08)
(1.60256e-08 2.61215e-11 1.754e-09)
(-5.39636e-11 1.53473e-08 2.59905e-10)
(-1.69944e-09 -3.08332e-10 1.52455e-08)
(1.59907e-08 2.81855e-11 1.94659e-09)
(-5.78276e-11 1.53549e-08 2.51678e-10)
(-1.88801e-09 -3.00799e-10 1.52296e-08)
(1.59538e-08 2.89261e-11 2.13307e-09)
(-6.01116e-11 1.53627e-08 2.43673e-10)
(-2.0699e-09 -2.92995e-10 1.52126e-08)
(1.59152e-08 2.89153e-11 2.31348e-09)
(-6.15191e-11 1.53706e-08 2.35953e-10)
(-2.24581e-09 -2.85128e-10 1.51946e-08)
(1.58754e-08 2.85006e-11 2.48792e-09)
(-6.24365e-11 1.53784e-08 2.2849e-10)
(-2.41616e-09 -2.77282e-10 1.51755e-08)
(1.58345e-08 2.78857e-11 2.65654e-09)
(-6.30651e-11 1.53862e-08 2.21241e-10)
(-2.58122e-09 -2.6949e-10 1.51554e-08)
(1.57928e-08 2.71851e-11 2.81948e-09)
(-6.35028e-11 1.53938e-08 2.14161e-10)
(-2.74119e-09 -2.61765e-10 1.51344e-08)
(1.57506e-08 2.64597e-11 2.97687e-09)
(-6.37927e-11 1.54012e-08 2.07221e-10)
(-2.89618e-09 -2.5411e-10 1.51126e-08)
(1.57079e-08 2.57396e-11 3.12885e-09)
(-6.39508e-11 1.54086e-08 2.00403e-10)
(-3.04629e-09 -2.46529e-10 1.50902e-08)
(1.56649e-08 2.50376e-11 3.27553e-09)
(-6.39815e-11 1.54158e-08 1.93696e-10)
(-3.1916e-09 -2.39025e-10 1.50671e-08)
(1.56218e-08 2.43579e-11 3.41702e-09)
(-6.38852e-11 1.54228e-08 1.87096e-10)
(-3.33218e-09 -2.31601e-10 1.50436e-08)
(1.55787e-08 2.37001e-11 3.55345e-09)
(-6.36627e-11 1.54297e-08 1.80603e-10)
(-3.46812e-09 -2.24262e-10 1.50197e-08)
(1.55357e-08 2.30625e-11 3.68492e-09)
(-6.33156e-11 1.54365e-08 1.7422e-10)
(-3.59948e-09 -2.17013e-10 1.49956e-08)
(1.54929e-08 2.24428e-11 3.81153e-09)
(-6.28476e-11 1.54431e-08 1.67948e-10)
(-3.72634e-09 -2.09857e-10 1.49712e-08)
(1.54504e-08 2.18388e-11 3.93339e-09)
(-6.22637e-11 1.54496e-08 1.6179e-10)
(-3.84878e-09 -2.028e-10 1.49469e-08)
(1.54083e-08 2.12491e-11 4.05061e-09)
(-6.15701e-11 1.54559e-08 1.55749e-10)
(-3.96688e-09 -1.95844e-10 1.49225e-08)
(1.53666e-08 2.06721e-11 4.1633e-09)
(-6.07736e-11 1.54621e-08 1.49827e-10)
(-4.08071e-09 -1.88993e-10 1.48982e-08)
(1.53255e-08 2.01071e-11 4.27156e-09)
(-5.98815e-11 1.54682e-08 1.44025e-10)
(-4.19037e-09 -1.8225e-10 1.48741e-08)
(1.5285e-08 1.95534e-11 4.37548e-09)
(-5.89013e-11 1.54742e-08 1.38346e-10)
(-4.29593e-09 -1.75616e-10 1.48503e-08)
(1.52451e-08 1.90105e-11 4.47519e-09)
(-5.78403e-11 1.548e-08 1.32789e-10)
(-4.39747e-09 -1.69094e-10 1.48267e-08)
(1.52059e-08 1.84781e-11 4.57078e-09)
(-5.6706e-11 1.54857e-08 1.27355e-10)
(-4.49509e-09 -1.62685e-10 1.48035e-08)
(1.51676e-08 1.79558e-11 4.66235e-09)
(-5.55054e-11 1.54913e-08 1.22044e-10)
(-4.58885e-09 -1.56391e-10 1.47807e-08)
(1.513e-08 1.74436e-11 4.75001e-09)
(-5.42454e-11 1.54967e-08 1.16856e-10)
(-4.67885e-09 -1.50213e-10 1.47584e-08)
(1.50933e-08 1.69411e-11 4.83386e-09)
(-5.29326e-11 1.5502e-08 1.11791e-10)
(-4.76517e-09 -1.44153e-10 1.47365e-08)
(1.50575e-08 1.64483e-11 4.914e-09)
(-5.15733e-11 1.55072e-08 1.06848e-10)
(-4.84789e-09 -1.38211e-10 1.47153e-08)
(1.50226e-08 1.5965e-11 4.99052e-09)
(-5.01734e-11 1.55122e-08 1.02028e-10)
(-4.9271e-09 -1.32387e-10 1.46945e-08)
(1.49887e-08 1.54909e-11 5.06354e-09)
(-4.87388e-11 1.55172e-08 9.73285e-11)
(-5.00287e-09 -1.26684e-10 1.46744e-08)
(1.49558e-08 1.50258e-11 5.13313e-09)
(-4.72749e-11 1.5522e-08 9.27496e-11)
(-5.07529e-09 -1.21101e-10 1.4655e-08)
(1.49238e-08 1.45697e-11 5.19941e-09)
(-4.57868e-11 1.55266e-08 8.82903e-11)
(-5.14445e-09 -1.15639e-10 1.46361e-08)
(1.48929e-08 1.41221e-11 5.26245e-09)
(-4.42794e-11 1.55312e-08 8.39497e-11)
(-5.21041e-09 -1.10299e-10 1.4618e-08)
(1.4863e-08 1.36831e-11 5.32237e-09)
(-4.27575e-11 1.55356e-08 7.97269e-11)
(-5.27327e-09 -1.05081e-10 1.46005e-08)
(1.48341e-08 1.32523e-11 5.37924e-09)
(-4.12255e-11 1.55399e-08 7.56209e-11)
(-5.33309e-09 -9.99853e-11 1.45838e-08)
(1.48062e-08 1.28295e-11 5.43317e-09)
(-3.96874e-11 1.55441e-08 7.16307e-11)
(-5.38997e-09 -9.50122e-11 1.45678e-08)
(1.47794e-08 1.24144e-11 5.48424e-09)
(-3.81472e-11 1.55482e-08 6.77552e-11)
(-5.44398e-09 -9.01621e-11 1.45524e-08)
(1.47536e-08 1.2007e-11 5.53254e-09)
(-3.66086e-11 1.55522e-08 6.39934e-11)
(-5.4952e-09 -8.54351e-11 1.45379e-08)
(1.47289e-08 1.16069e-11 5.57815e-09)
(-3.50752e-11 1.5556e-08 6.03444e-11)
(-5.5437e-09 -8.08315e-11 1.4524e-08)
(1.47052e-08 1.12139e-11 5.62117e-09)
(-3.35501e-11 1.55597e-08 5.6807e-11)
(-5.58957e-09 -7.63514e-11 1.45109e-08)
(1.46825e-08 1.08278e-11 5.66167e-09)
(-3.20365e-11 1.55633e-08 5.33802e-11)
(-5.63288e-09 -7.19948e-11 1.44984e-08)
(1.46609e-08 1.04483e-11 5.69975e-09)
(-3.05372e-11 1.55668e-08 5.0063e-11)
(-5.6737e-09 -6.77619e-11 1.44867e-08)
(1.46403e-08 1.00753e-11 5.73548e-09)
(-2.90549e-11 1.55702e-08 4.68544e-11)
(-5.71211e-09 -6.36527e-11 1.44757e-08)
(1.46206e-08 9.70842e-12 5.76895e-09)
(-2.75922e-11 1.55735e-08 4.37535e-11)
(-5.74819e-09 -5.96672e-11 1.44655e-08)
(1.4602e-08 9.34756e-12 5.80024e-09)
(-2.61513e-11 1.55767e-08 4.07594e-11)
(-5.78201e-09 -5.58053e-11 1.44558e-08)
(1.45843e-08 8.99246e-12 5.82943e-09)
(-2.47344e-11 1.55797e-08 3.7871e-11)
(-5.81364e-09 -5.2067e-11 1.44469e-08)
(1.45675e-08 8.64288e-12 5.8566e-09)
(-2.33435e-11 1.55826e-08 3.50875e-11)
(-5.84316e-09 -4.84524e-11 1.44387e-08)
(1.45517e-08 8.29862e-12 5.88182e-09)
(-2.19805e-11 1.55855e-08 3.24082e-11)
(-5.87064e-09 -4.49612e-11 1.4431e-08)
(1.45368e-08 7.95946e-12 5.90517e-09)
(-2.0647e-11 1.55882e-08 2.98321e-11)
(-5.89615e-09 -4.15934e-11 1.4424e-08)
(1.45228e-08 7.62519e-12 5.92674e-09)
(-1.93447e-11 1.55908e-08 2.73585e-11)
(-5.91976e-09 -3.8349e-11 1.44177e-08)
(1.45097e-08 7.29559e-12 5.94658e-09)
(-1.8075e-11 1.55933e-08 2.49868e-11)
(-5.94155e-09 -3.52278e-11 1.44119e-08)
(1.44974e-08 6.97046e-12 5.96479e-09)
(-1.6839e-11 1.55958e-08 2.27161e-11)
(-5.96158e-09 -3.22297e-11 1.44066e-08)
(1.44859e-08 6.64959e-12 5.98143e-09)
(-1.56382e-11 1.55981e-08 2.05458e-11)
(-5.97993e-09 -2.93546e-11 1.4402e-08)
(1.44753e-08 6.33276e-12 5.99658e-09)
(-1.44734e-11 1.56003e-08 1.84754e-11)
(-5.99666e-09 -2.66023e-11 1.43978e-08)
(1.44654e-08 6.01977e-12 6.0103e-09)
(-1.33456e-11 1.56024e-08 1.65043e-11)
(-6.01185e-09 -2.39727e-11 1.43942e-08)
(1.44562e-08 5.71044e-12 6.02268e-09)
(-1.22557e-11 1.56044e-08 1.46319e-11)
(-6.02556e-09 -2.14658e-11 1.4391e-08)
(1.44478e-08 5.40461e-12 6.03378e-09)
(-1.12044e-11 1.56063e-08 1.28578e-11)
(-6.03787e-09 -1.90813e-11 1.43883e-08)
(1.44401e-08 5.10209e-12 6.04367e-09)
(-1.01925e-11 1.56081e-08 1.11815e-11)
(-6.04883e-09 -1.68191e-11 1.4386e-08)
(1.4433e-08 4.80264e-12 6.05243e-09)
(-9.22031e-12 1.56098e-08 9.60251e-12)
(-6.05853e-09 -1.46791e-11 1.43842e-08)
(1.44266e-08 4.50601e-12 6.06012e-09)
(-8.28842e-12 1.56114e-08 8.12059e-12)
(-6.06703e-09 -1.2661e-11 1.43827e-08)
(1.44208e-08 4.21197e-12 6.06682e-09)
(-7.39712e-12 1.56129e-08 6.73542e-12)
(-6.07439e-09 -1.0765e-11 1.43815e-08)
(1.44156e-08 3.92029e-12 6.07258e-09)
(-6.54669e-12 1.56143e-08 5.44677e-12)
(-6.08069e-09 -8.9907e-12 1.43807e-08)
(1.44109e-08 3.63076e-12 6.07749e-09)
(-5.73731e-12 1.56156e-08 4.25447e-12)
(-6.08599e-09 -7.33815e-12 1.43802e-08)
(1.44068e-08 3.34316e-12 6.08161e-09)
(-4.96908e-12 1.56168e-08 3.15846e-12)
(-6.09037e-09 -5.80723e-12 1.43799e-08)
(1.44031e-08 3.05731e-12 6.085e-09)
(-4.242e-12 1.56179e-08 2.15877e-12)
(-6.09387e-09 -4.39792e-12 1.43799e-08)
(1.44e-08 2.77315e-12 6.08774e-09)
(-3.55604e-12 1.5619e-08 1.25562e-12)
(-6.09658e-09 -3.11031e-12 1.43801e-08)
(1.43973e-08 2.49088e-12 6.08989e-09)
(-2.91124e-12 1.56199e-08 4.49354e-13)
(-6.09856e-09 -1.94464e-12 1.43805e-08)
(1.4395e-08 2.21126e-12 6.09151e-09)
(-2.30786e-12 1.56207e-08 -2.59524e-13)
(-6.09988e-09 -9.0146e-13 1.43811e-08)
(1.4393e-08 1.93613e-12 6.09269e-09)
(-1.74685e-12 1.56215e-08 -8.7048e-13)
(-6.10059e-09 1.81853e-14 1.43818e-08)
(1.43914e-08 1.66933e-12 6.09348e-09)
(-1.23048e-12 1.56221e-08 -1.38318e-12)
(-6.10078e-09 8.12354e-13 1.43826e-08)
(1.43902e-08 1.41857e-12 6.09396e-09)
(-7.63867e-13 1.56227e-08 -1.79799e-12)
(-6.1005e-09 1.47753e-12 1.43834e-08)
(1.43892e-08 1.19881e-12 6.0942e-09)
(-3.57529e-13 1.56231e-08 -2.11698e-12)
(-6.09983e-09 2.00745e-12 1.43844e-08)
(1.43884e-08 1.03713e-12 6.09429e-09)
(-3.14269e-14 1.56235e-08 -2.34568e-12)
(-6.09885e-09 2.3915e-12 1.43853e-08)
(1.43878e-08 9.74287e-13 6.09431e-09)
(1.80248e-13 1.56238e-08 -2.49517e-12)
(-6.09765e-09 2.61504e-12 1.43863e-08)
(1.43875e-08 1.03053e-12 6.09436e-09)
(2.36402e-13 1.56242e-08 -2.58029e-12)
(-6.09639e-09 2.66831e-12 1.43871e-08)
(1.75124e-13 1.56246e-08 -2.60867e-12)
(-6.09533e-09 2.62622e-12 1.43875e-08)
(1.6171e-08 -7.0678e-11 2.73647e-10)
(3.27598e-10 1.52859e-08 5.16105e-11)
(-5.52017e-10 -6.87267e-11 1.50971e-08)
(1.62307e-08 -6.51199e-11 4.9533e-10)
(1.60404e-10 1.5367e-08 1.28182e-10)
(-4.82778e-10 -1.64284e-10 1.52448e-08)
(1.61955e-08 -4.54056e-11 7.12157e-10)
(6.95199e-11 1.53418e-08 1.66556e-10)
(-6.33249e-10 -2.00234e-10 1.52667e-08)
(1.61624e-08 -2.72911e-11 9.288e-10)
(2.11555e-11 1.53303e-08 1.82169e-10)
(-8.58215e-10 -2.1471e-10 1.52767e-08)
(1.61319e-08 -1.30875e-11 1.14359e-09)
(-6.43659e-12 1.53274e-08 1.85772e-10)
(-1.08228e-09 -2.21667e-10 1.52762e-08)
(1.61004e-08 -2.57962e-12 1.3543e-09)
(-2.22245e-11 1.53296e-08 1.83724e-10)
(-1.29541e-09 -2.24315e-10 1.52696e-08)
(1.60671e-08 4.7497e-12 1.55955e-09)
(-3.11618e-11 1.53354e-08 1.79281e-10)
(-1.49879e-09 -2.24011e-10 1.52595e-08)
(1.6032e-08 9.58925e-12 1.75868e-09)
(-3.61837e-11 1.53429e-08 1.73985e-10)
(-1.69389e-09 -2.21721e-10 1.5247e-08)
(1.59953e-08 1.26109e-11 1.9515e-09)
(-3.89849e-11 1.53511e-08 1.68525e-10)
(-1.88184e-09 -2.18143e-10 1.52323e-08)
(1.59571e-08 1.43677e-11 2.13804e-09)
(-4.05579e-11 1.53595e-08 1.6317e-10)
(-2.06345e-09 -2.13754e-10 1.52161e-08)
(1.59176e-08 1.5279e-11 2.31841e-09)
(-4.14695e-11 1.53679e-08 1.57994e-10)
(-2.23923e-09 -2.08865e-10 1.51984e-08)
(1.58772e-08 1.56458e-11 2.49279e-09)
(-4.20286e-11 1.53761e-08 1.52993e-10)
(-2.40956e-09 -2.03677e-10 1.51794e-08)
(1.58359e-08 1.56747e-11 2.66134e-09)
(-4.23938e-11 1.53841e-08 1.48139e-10)
(-2.57465e-09 -1.98316e-10 1.51594e-08)
(1.57939e-08 1.55025e-11 2.82419e-09)
(-4.26404e-11 1.5392e-08 1.43406e-10)
(-2.73467e-09 -1.92863e-10 1.51385e-08)
(1.57514e-08 1.52167e-11 2.9815e-09)
(-4.27995e-11 1.53996e-08 1.3877e-10)
(-2.88974e-09 -1.87371e-10 1.51167e-08)
(1.57085e-08 1.48713e-11 3.1334e-09)
(-4.2881e-11 1.54071e-08 1.34217e-10)
(-3.03994e-09 -1.81877e-10 1.50942e-08)
(1.56654e-08 1.44983e-11 3.27999e-09)
(-4.28858e-11 1.54144e-08 1.29741e-10)
(-3.18535e-09 -1.76404e-10 1.50711e-08)
(1.56221e-08 1.41162e-11 3.42141e-09)
(-4.2812e-11 1.54216e-08 1.25336e-10)
(-3.32604e-09 -1.70969e-10 1.50476e-08)
(1.55789e-08 1.37345e-11 3.55775e-09)
(-4.26582e-11 1.54285e-08 1.21002e-10)
(-3.46209e-09 -1.65585e-10 1.50237e-08)
(1.55358e-08 1.33583e-11 3.68913e-09)
(-4.24239e-11 1.54354e-08 1.16741e-10)
(-3.59357e-09 -1.60259e-10 1.49995e-08)
(1.54928e-08 1.29895e-11 3.81566e-09)
(-4.21106e-11 1.54421e-08 1.12554e-10)
(-3.72055e-09 -1.54998e-10 1.49752e-08)
(1.54502e-08 1.26288e-11 3.93743e-09)
(-4.17209e-11 1.54486e-08 1.08442e-10)
(-3.84311e-09 -1.49807e-10 1.49508e-08)
(1.5408e-08 1.22761e-11 4.05456e-09)
(-4.12582e-11 1.54551e-08 1.04407e-10)
(-3.96133e-09 -1.4469e-10 1.49264e-08)
(1.53662e-08 1.19309e-11 4.16716e-09)
(-4.0727e-11 1.54613e-08 1.00452e-10)
(-4.07529e-09 -1.3965e-10 1.4902e-08)
(1.5325e-08 1.15928e-11 4.27532e-09)
(-4.01318e-11 1.54675e-08 9.65754e-11)
(-4.18507e-09 -1.34688e-10 1.48779e-08)
(1.52844e-08 1.12616e-11 4.37916e-09)
(-3.94776e-11 1.54735e-08 9.27799e-11)
(-4.29075e-09 -1.29807e-10 1.4854e-08)
(1.52445e-08 1.09367e-11 4.47878e-09)
(-3.87693e-11 1.54794e-08 8.90657e-11)
(-4.39242e-09 -1.25007e-10 1.48304e-08)
(1.52053e-08 1.0618e-11 4.57427e-09)
(-3.80117e-11 1.54851e-08 8.54331e-11)
(-4.49015e-09 -1.20291e-10 1.48071e-08)
(1.51668e-08 1.03054e-11 4.66576e-09)
(-3.72096e-11 1.54907e-08 8.18822e-11)
(-4.58404e-09 -1.1566e-10 1.47843e-08)
(1.51292e-08 9.99861e-12 4.75333e-09)
(-3.63676e-11 1.54962e-08 7.8413e-11)
(-4.67416e-09 -1.11114e-10 1.47619e-08)
(1.50925e-08 9.69759e-12 4.83708e-09)
(-3.549e-11 1.55016e-08 7.50254e-11)
(-4.76059e-09 -1.06653e-10 1.474e-08)
(1.50567e-08 9.40226e-12 4.91713e-09)
(-3.45811e-11 1.55068e-08 7.17191e-11)
(-4.84343e-09 -1.0228e-10 1.47187e-08)
(1.50218e-08 9.11254e-12 4.99357e-09)
(-3.3645e-11 1.55119e-08 6.84937e-11)
(-4.92275e-09 -9.79931e-11 1.46979e-08)
(1.49878e-08 8.82837e-12 5.06649e-09)
(-3.26853e-11 1.55168e-08 6.5349e-11)
(-4.99863e-09 -9.37945e-11 1.46777e-08)
(1.49548e-08 8.54968e-12 5.136e-09)
(-3.17059e-11 1.55217e-08 6.22843e-11)
(-5.07116e-09 -8.96841e-11 1.46582e-08)
(1.49229e-08 8.2764e-12 5.20219e-09)
(-3.07102e-11 1.55264e-08 5.92991e-11)
(-5.14042e-09 -8.56624e-11 1.46393e-08)
(1.48919e-08 8.00845e-12 5.26516e-09)
(-2.97014e-11 1.55309e-08 5.63929e-11)
(-5.20649e-09 -8.17297e-11 1.46211e-08)
(1.4862e-08 7.74576e-12 5.32499e-09)
(-2.86827e-11 1.55354e-08 5.35651e-11)
(-5.26946e-09 -7.78863e-11 1.46036e-08)
(1.48331e-08 7.48824e-12 5.38179e-09)
(-2.7657e-11 1.55397e-08 5.0815e-11)
(-5.32939e-09 -7.41327e-11 1.45868e-08)
(1.48052e-08 7.2358e-12 5.43563e-09)
(-2.66271e-11 1.5544e-08 4.8142e-11)
(-5.38637e-09 -7.04689e-11 1.45707e-08)
(1.47784e-08 6.98835e-12 5.48662e-09)
(-2.55957e-11 1.55481e-08 4.55454e-11)
(-5.44048e-09 -6.68952e-11 1.45553e-08)
(1.47526e-08 6.74578e-12 5.53484e-09)
(-2.45653e-11 1.5552e-08 4.30246e-11)
(-5.4918e-09 -6.34117e-11 1.45406e-08)
(1.47279e-08 6.50799e-12 5.58038e-09)
(-2.35381e-11 1.55559e-08 4.05789e-11)
(-5.5404e-09 -6.00187e-11 1.45267e-08)
(1.47042e-08 6.27487e-12 5.62332e-09)
(-2.25165e-11 1.55596e-08 3.82076e-11)
(-5.58637e-09 -5.67162e-11 1.45135e-08)
(1.46816e-08 6.04632e-12 5.66375e-09)
(-2.15023e-11 1.55633e-08 3.59101e-11)
(-5.62977e-09 -5.35044e-11 1.4501e-08)
(1.46599e-08 5.82222e-12 5.70175e-09)
(-2.04977e-11 1.55668e-08 3.36858e-11)
(-5.67069e-09 -5.03833e-11 1.44892e-08)
(1.46393e-08 5.60245e-12 5.73741e-09)
(-1.95043e-11 1.55702e-08 3.15339e-11)
(-5.7092e-09 -4.73529e-11 1.44781e-08)
(1.46197e-08 5.3869e-12 5.77081e-09)
(-1.85239e-11 1.55734e-08 2.94539e-11)
(-5.74537e-09 -4.44134e-11 1.44677e-08)
(1.46011e-08 5.17544e-12 5.80203e-09)
(-1.75581e-11 1.55766e-08 2.74452e-11)
(-5.77929e-09 -4.15646e-11 1.44581e-08)
(1.45834e-08 4.96796e-12 5.83115e-09)
(-1.66083e-11 1.55797e-08 2.55071e-11)
(-5.81101e-09 -3.88067e-11 1.44491e-08)
(1.45667e-08 4.76432e-12 5.85825e-09)
(-1.56758e-11 1.55826e-08 2.36391e-11)
(-5.84062e-09 -3.61395e-11 1.44407e-08)
(1.45509e-08 4.56442e-12 5.8834e-09)
(-1.47619e-11 1.55855e-08 2.18408e-11)
(-5.86819e-09 -3.35631e-11 1.4433e-08)
(1.4536e-08 4.36812e-12 5.90669e-09)
(-1.38678e-11 1.55882e-08 2.01114e-11)
(-5.89379e-09 -3.10774e-11 1.4426e-08)
(1.4522e-08 4.1753e-12 5.92819e-09)
(-1.29944e-11 1.55908e-08 1.84507e-11)
(-5.91749e-09 -2.86824e-11 1.44195e-08)
(1.45089e-08 3.98582e-12 5.94797e-09)
(-1.21429e-11 1.55933e-08 1.6858e-11)
(-5.93937e-09 -2.63779e-11 1.44136e-08)
(1.44966e-08 3.79958e-12 5.96611e-09)
(-1.1314e-11 1.55958e-08 1.5333e-11)
(-5.95949e-09 -2.4164e-11 1.44083e-08)
(1.44852e-08 3.61642e-12 5.98269e-09)
(-1.05085e-11 1.55981e-08 1.38752e-11)
(-5.97792e-09 -2.20405e-11 1.44036e-08)
(1.44746e-08 3.43624e-12 5.99777e-09)
(-9.7272e-12 1.56003e-08 1.24843e-11)
(-5.99475e-09 -2.00074e-11 1.43994e-08)
(1.44647e-08 3.2589e-12 6.01144e-09)
(-8.97069e-12 1.56024e-08 1.11598e-11)
(-6.01002e-09 -1.80645e-11 1.43956e-08)
(1.44556e-08 3.08428e-12 6.02375e-09)
(-8.23956e-12 1.56044e-08 9.90148e-12)
(-6.02382e-09 -1.62118e-11 1.43924e-08)
(1.44472e-08 2.91224e-12 6.03479e-09)
(-7.5343e-12 1.56063e-08 8.70899e-12)
(-6.03622e-09 -1.44491e-11 1.43896e-08)
(1.44395e-08 2.74267e-12 6.04463e-09)
(-6.85536e-12 1.56081e-08 7.58203e-12)
(-6.04727e-09 -1.27764e-11 1.43873e-08)
(1.44325e-08 2.57543e-12 6.05332e-09)
(-6.2031e-12 1.56098e-08 6.52035e-12)
(-6.05706e-09 -1.11934e-11 1.43853e-08)
(1.44261e-08 2.4104e-12 6.06096e-09)
(-5.57781e-12 1.56114e-08 5.52373e-12)
(-6.06565e-09 -9.70024e-12 1.43838e-08)
(1.44203e-08 2.24747e-12 6.06759e-09)
(-4.97972e-12 1.56129e-08 4.59199e-12)
(-6.0731e-09 -8.29662e-12 1.43826e-08)
(1.44151e-08 2.08654e-12 6.0733e-09)
(-4.40901e-12 1.56143e-08 3.725e-12)
(-6.07949e-09 -6.9825e-12 1.43817e-08)
(1.44105e-08 1.92759e-12 6.07815e-09)
(-3.86579e-12 1.56156e-08 2.92268e-12)
(-6.08488e-09 -5.75775e-12 1.43811e-08)
(1.44064e-08 1.77065e-12 6.08221e-09)
(-3.35011e-12 1.56168e-08 2.18504e-12)
(-6.08933e-09 -4.62228e-12 1.43808e-08)
(1.44028e-08 1.61593e-12 6.08554e-09)
(-2.86195e-12 1.5618e-08 1.51218e-12)
(-6.09293e-09 -3.57603e-12 1.43807e-08)
(1.43996e-08 1.46385e-12 6.08822e-09)
(-2.40131e-12 1.5619e-08 9.04302e-13)
(-6.09573e-09 -2.61898e-12 1.43808e-08)
(1.43969e-08 1.31524e-12 6.09032e-09)
(-1.96823e-12 1.56199e-08 3.61733e-13)
(-6.0978e-09 -1.75123e-12 1.43812e-08)
(1.43947e-08 1.17152e-12 6.09189e-09)
(-1.56299e-12 1.56207e-08 -1.15138e-13)
(-6.09921e-09 -9.73084e-13 1.43817e-08)
(1.43928e-08 1.03497e-12 6.09301e-09)
(-1.1864e-12 1.56215e-08 -5.25972e-13)
(-6.10002e-09 -2.85203e-13 1.43823e-08)
(1.43912e-08 9.09072e-13 6.09375e-09)
(-8.40337e-13 1.56221e-08 -8.70773e-13)
(-6.1003e-09 3.11103e-13 1.4383e-08)
(1.439e-08 7.98713e-13 6.09419e-09)
(-5.28659e-13 1.56227e-08 -1.15041e-12)
(-6.10011e-09 8.13568e-13 1.43839e-08)
(1.4389e-08 7.10172e-13 6.09439e-09)
(-2.58455e-13 1.56231e-08 -1.36749e-12)
(-6.09954e-09 1.21879e-12 1.43847e-08)
(1.43883e-08 6.50008e-13 6.09443e-09)
(-4.13178e-14 1.56235e-08 -1.52764e-12)
(-6.09866e-09 1.523e-12 1.43856e-08)
(1.43878e-08 6.22324e-13 6.09441e-09)
(1.0647e-13 1.56238e-08 -1.64049e-12)
(-6.09755e-09 1.72587e-12 1.43864e-08)
(1.43876e-08 6.28131e-13 6.09443e-09)
(1.73726e-13 1.56241e-08 -1.71823e-12)
(-6.09637e-09 1.83865e-12 1.43871e-08)
(2.01166e-13 1.56245e-08 -1.77395e-12)
(-6.09531e-09 1.88396e-12 1.43874e-08)
(1.61408e-08 -1.8873e-11 2.71049e-10)
(1.5053e-10 1.53219e-08 2.4181e-11)
(-6.65282e-10 -4.05141e-11 1.51007e-08)
(1.62236e-08 -2.85974e-11 4.89643e-10)
(8.36106e-11 1.54097e-08 6.13581e-11)
(-5.23733e-10 -9.59984e-11 1.51823e-08)
(1.62044e-08 -2.56183e-11 7.06596e-10)
(3.98025e-11 1.53642e-08 8.14287e-11)
(-6.46893e-10 -1.15979e-10 1.52207e-08)
(1.61753e-08 -1.85067e-11 9.24759e-10)
(1.39986e-11 1.53388e-08 9.02323e-11)
(-8.64914e-10 -1.23852e-10 1.52517e-08)
(1.61441e-08 -1.14102e-11 1.1413e-09)
(-1.3798e-12 1.53294e-08 9.26657e-11)
(-1.08582e-09 -1.28587e-10 1.52631e-08)
(1.61107e-08 -5.45024e-12 1.35347e-09)
(-1.02793e-11 1.53288e-08 9.19594e-11)
(-1.29646e-09 -1.31511e-10 1.5263e-08)
(1.60754e-08 -8.76116e-13 1.55976e-09)
(-1.52853e-11 1.53335e-08 8.98821e-11)
(-1.49796e-09 -1.32732e-10 1.52569e-08)
(1.60385e-08 2.40795e-12 1.75956e-09)
(-1.80595e-11 1.53408e-08 8.72917e-11)
(-1.69175e-09 -1.32532e-10 1.52467e-08)
(1.60003e-08 4.63609e-12 1.95278e-09)
(-1.95788e-11 1.53491e-08 8.45777e-11)
(-1.87885e-09 -1.31271e-10 1.52335e-08)
(1.59611e-08 6.06248e-12 2.13954e-09)
(-2.04094e-11 1.53578e-08 8.18974e-11)
(-2.05991e-09 -1.29265e-10 1.52181e-08)
(1.59209e-08 6.9118e-12 2.32003e-09)
(-2.08731e-11 1.53664e-08 7.92997e-11)
(-2.23536e-09 -1.26752e-10 1.52009e-08)
(1.58798e-08 7.36364e-12 2.49445e-09)
(-2.1145e-11 1.53749e-08 7.67882e-11)
(-2.40548e-09 -1.23907e-10 1.51822e-08)
(1.58381e-08 7.55228e-12 2.663e-09)
(-2.1315e-11 1.53832e-08 7.43516e-11)
(-2.57046e-09 -1.20847e-10 1.51623e-08)
(1.57959e-08 7.5733e-12 2.82585e-09)
(-2.1426e-11 1.53912e-08 7.19762e-11)
(-2.73044e-09 -1.17657e-10 1.51414e-08)
(1.57531e-08 7.49197e-12 2.98314e-09)
(-2.14954e-11 1.5399e-08 6.9651e-11)
(-2.8855e-09 -1.14394e-10 1.51196e-08)
(1.57101e-08 7.35128e-12 3.13501e-09)
(-2.15285e-11 1.54065e-08 6.73684e-11)
(-3.03573e-09 -1.11097e-10 1.50971e-08)
(1.56668e-08 7.17853e-12 3.28158e-09)
(-2.15256e-11 1.54139e-08 6.51242e-11)
(-3.18118e-09 -1.07791e-10 1.5074e-08)
(1.56235e-08 6.99043e-12 3.42297e-09)
(-2.14852e-11 1.54211e-08 6.29164e-11)
(-3.32193e-09 -1.04494e-10 1.50504e-08)
(1.55801e-08 6.79676e-12 3.55928e-09)
(-2.1406e-11 1.54282e-08 6.07443e-11)
(-3.45804e-09 -1.01221e-10 1.50265e-08)
(1.55369e-08 6.60295e-12 3.69064e-09)
(-2.12875e-11 1.54351e-08 5.86084e-11)
(-3.58959e-09 -9.79775e-11 1.50023e-08)
(1.54939e-08 6.4118e-12 3.81713e-09)
(-2.113e-11 1.54418e-08 5.65093e-11)
(-3.71665e-09 -9.47712e-11 1.49779e-08)
(1.54512e-08 6.2246e-12 3.93888e-09)
(-2.09344e-11 1.54484e-08 5.4448e-11)
(-3.83928e-09 -9.16058e-11 1.49534e-08)
(1.54089e-08 6.04178e-12 4.05598e-09)
(-2.07026e-11 1.54548e-08 5.24253e-11)
(-3.95758e-09 -8.84845e-11 1.4929e-08)
(1.53671e-08 5.86337e-12 4.16855e-09)
(-2.04364e-11 1.54612e-08 5.04419e-11)
(-4.07162e-09 -8.54092e-11 1.49047e-08)
(1.53258e-08 5.6892e-12 4.27668e-09)
(-2.01382e-11 1.54673e-08 4.84983e-11)
(-4.18148e-09 -8.23818e-11 1.48805e-08)
(1.52851e-08 5.51906e-12 4.38049e-09)
(-1.98104e-11 1.54734e-08 4.6595e-11)
(-4.28723e-09 -7.94034e-11 1.48565e-08)
(1.52451e-08 5.35272e-12 4.48007e-09)
(-1.94555e-11 1.54793e-08 4.47324e-11)
(-4.38898e-09 -7.6475e-11 1.48329e-08)
(1.52059e-08 5.19001e-12 4.57554e-09)
(-1.90758e-11 1.5485e-08 4.29106e-11)
(-4.48679e-09 -7.35974e-11 1.48096e-08)
(1.51674e-08 5.03077e-12 4.66699e-09)
(-1.86737e-11 1.54907e-08 4.11296e-11)
(-4.58075e-09 -7.07711e-11 1.47867e-08)
(1.51297e-08 4.87489e-12 4.75452e-09)
(-1.82516e-11 1.54962e-08 3.93895e-11)
(-4.67094e-09 -6.79969e-11 1.47643e-08)
(1.5093e-08 4.72227e-12 4.83825e-09)
(-1.78116e-11 1.55015e-08 3.76902e-11)
(-4.75745e-09 -6.5275e-11 1.47423e-08)
(1.50571e-08 4.57284e-12 4.91827e-09)
(-1.73559e-11 1.55068e-08 3.60316e-11)
(-4.84036e-09 -6.2606e-11 1.47209e-08)
(1.50221e-08 4.42654e-12 4.99467e-09)
(-1.68865e-11 1.55119e-08 3.44136e-11)
(-4.91975e-09 -5.99902e-11 1.47001e-08)
(1.49881e-08 4.28332e-12 5.06757e-09)
(-1.64052e-11 1.55168e-08 3.28358e-11)
(-4.99571e-09 -5.74278e-11 1.46799e-08)
(1.49551e-08 4.14312e-12 5.13705e-09)
(-1.5914e-11 1.55217e-08 3.12981e-11)
(-5.06831e-09 -5.49193e-11 1.46603e-08)
(1.49231e-08 4.00591e-12 5.2032e-09)
(-1.54146e-11 1.55264e-08 2.98003e-11)
(-5.13765e-09 -5.24647e-11 1.46414e-08)
(1.48921e-08 3.87163e-12 5.26614e-09)
(-1.49086e-11 1.5531e-08 2.83419e-11)
(-5.20379e-09 -5.00644e-11 1.46231e-08)
(1.48622e-08 3.74023e-12 5.32594e-09)
(-1.43977e-11 1.55355e-08 2.69228e-11)
(-5.26682e-09 -4.77185e-11 1.46055e-08)
(1.48332e-08 3.61166e-12 5.3827e-09)
(-1.38831e-11 1.55398e-08 2.55426e-11)
(-5.32682e-09 -4.54273e-11 1.45887e-08)
(1.48054e-08 3.48587e-12 5.43652e-09)
(-1.33665e-11 1.5544e-08 2.42011e-11)
(-5.38387e-09 -4.31908e-11 1.45725e-08)
(1.47785e-08 3.3628e-12 5.48748e-09)
(-1.28491e-11 1.55481e-08 2.28978e-11)
(-5.43805e-09 -4.10091e-11 1.45571e-08)
(1.47527e-08 3.2424e-12 5.53567e-09)
(-1.23321e-11 1.55521e-08 2.16324e-11)
(-5.48944e-09 -3.88825e-11 1.45424e-08)
(1.4728e-08 3.1246e-12 5.58118e-09)
(-1.18168e-11 1.5556e-08 2.04047e-11)
(-5.53811e-09 -3.6811e-11 1.45284e-08)
(1.47043e-08 3.00934e-12 5.62409e-09)
(-1.13042e-11 1.55597e-08 1.92143e-11)
(-5.58414e-09 -3.47946e-11 1.45151e-08)
(1.46816e-08 2.89656e-12 5.66449e-09)
(-1.07954e-11 1.55633e-08 1.80608e-11)
(-5.62761e-09 -3.28335e-11 1.45026e-08)
(1.466e-08 2.7862e-12 5.70247e-09)
(-1.02913e-11 1.55668e-08 1.6944e-11)
(-5.66859e-09 -3.09277e-11 1.44907e-08)
(1.46393e-08 2.67819e-12 5.73811e-09)
(-9.79286e-12 1.55702e-08 1.58635e-11)
(-5.70717e-09 -2.90771e-11 1.44796e-08)
(1.46197e-08 2.57246e-12 5.77148e-09)
(-9.30092e-12 1.55735e-08 1.48191e-11)
(-5.74341e-09 -2.72819e-11 1.44692e-08)
(1.4601e-08 2.46894e-12 5.80267e-09)
(-8.81627e-12 1.55767e-08 1.38104e-11)
(-5.77738e-09 -2.55421e-11 1.44595e-08)
(1.45833e-08 2.36758e-12 5.83177e-09)
(-8.33964e-12 1.55797e-08 1.28371e-11)
(-5.80917e-09 -2.38576e-11 1.44504e-08)
(1.45666e-08 2.2683e-12 5.85884e-09)
(-7.8717e-12 1.55827e-08 1.18989e-11)
(-5.83885e-09 -2.22285e-11 1.4442e-08)
(1.45508e-08 2.17102e-12 5.88397e-09)
(-7.4131e-12 1.55855e-08 1.09957e-11)
(-5.86648e-09 -2.06547e-11 1.44343e-08)
(1.45359e-08 2.07569e-12 5.90723e-09)
(-6.96439e-12 1.55883e-08 1.0127e-11)
(-5.89214e-09 -1.91362e-11 1.44272e-08)
(1.45219e-08 1.98224e-12 5.9287e-09)
(-6.52612e-12 1.55909e-08 9.29279e-12)
(-5.91591e-09 -1.7673e-11 1.44207e-08)
(1.45088e-08 1.89058e-12 5.94846e-09)
(-6.09877e-12 1.55934e-08 8.49271e-12)
(-5.93785e-09 -1.6265e-11 1.44148e-08)
(1.44966e-08 1.80066e-12 5.96658e-09)
(-5.68278e-12 1.55958e-08 7.72656e-12)
(-5.95803e-09 -1.49122e-11 1.44094e-08)
(1.44851e-08 1.71241e-12 5.98313e-09)
(-5.27856e-12 1.55981e-08 6.99414e-12)
(-5.97653e-09 -1.36146e-11 1.44046e-08)
(1.44745e-08 1.62575e-12 5.99819e-09)
(-4.88645e-12 1.56003e-08 6.29526e-12)
(-5.99341e-09 -1.2372e-11 1.44004e-08)
(1.44646e-08 1.54061e-12 6.01183e-09)
(-4.50678e-12 1.56024e-08 5.62974e-12)
(-6.00875e-09 -1.11845e-11 1.43966e-08)
(1.44555e-08 1.45693e-12 6.02412e-09)
(-4.13985e-12 1.56044e-08 4.9974e-12)
(-6.02261e-09 -1.00519e-11 1.43933e-08)
(1.44471e-08 1.37463e-12 6.03514e-09)
(-3.78591e-12 1.56063e-08 4.3981e-12)
(-6.03507e-09 -8.9742e-12 1.43905e-08)
(1.44394e-08 1.29364e-12 6.04495e-09)
(-3.44517e-12 1.56081e-08 3.83169e-12)
(-6.04619e-09 -7.95133e-12 1.43881e-08)
(1.44323e-08 1.21392e-12 6.05363e-09)
(-3.11782e-12 1.56098e-08 3.29803e-12)
(-6.05604e-09 -6.98321e-12 1.43861e-08)
(1.4426e-08 1.13539e-12 6.06124e-09)
(-2.804e-12 1.56114e-08 2.79704e-12)
(-6.06469e-09 -6.06974e-12 1.43845e-08)
(1.44202e-08 1.05803e-12 6.06785e-09)
(-2.50383e-12 1.56129e-08 2.32861e-12)
(-6.0722e-09 -5.21085e-12 1.43833e-08)
(1.4415e-08 9.81823e-13 6.07354e-09)
(-2.21738e-12 1.56143e-08 1.89269e-12)
(-6.07865e-09 -4.40646e-12 1.43823e-08)
(1.44104e-08 9.06815e-13 6.07837e-09)
(-1.94472e-12 1.56156e-08 1.48926e-12)
(-6.0841e-09 -3.65646e-12 1.43817e-08)
(1.44062e-08 8.33119e-13 6.08241e-09)
(-1.68587e-12 1.56168e-08 1.11833e-12)
(-6.08862e-09 -2.96079e-12 1.43814e-08)
(1.44026e-08 7.60981e-13 6.08572e-09)
(-1.4408e-12 1.5618e-08 7.79969e-13)
(-6.09228e-09 -2.31937e-12 1.43812e-08)
(1.43995e-08 6.90836e-13 6.08838e-09)
(-1.20953e-12 1.5619e-08 4.74301e-13)
(-6.09514e-09 -1.73213e-12 1.43813e-08)
(1.43968e-08 6.23389e-13 6.09046e-09)
(-9.92095e-13 1.56199e-08 2.01505e-13)
(-6.09727e-09 -1.19908e-12 1.43816e-08)
(1.43946e-08 5.59702e-13 6.09202e-09)
(-7.88668e-13 1.56207e-08 -3.82163e-14)
(-6.09874e-09 -7.20354e-13 1.43821e-08)
(1.43927e-08 5.0126e-13 6.09312e-09)
(-5.99731e-13 1.56215e-08 -2.44724e-13)
(-6.09962e-09 -2.96356e-13 1.43827e-08)
(1.43911e-08 4.49963e-13 6.09386e-09)
(-4.26334e-13 1.56221e-08 -4.18116e-13)
(-6.09996e-09 7.21065e-14 1.43834e-08)
(1.43899e-08 4.07925e-13 6.09428e-09)
(-2.70484e-13 1.56226e-08 -5.59046e-13)
(-6.09985e-09 3.83651e-13 1.43842e-08)
(1.4389e-08 3.76944e-13 6.09447e-09)
(-1.35583e-13 1.56231e-08 -6.6918e-13)
(-6.09934e-09 6.36445e-13 1.4385e-08)
(1.43883e-08 3.57452e-13 6.09452e-09)
(-2.66803e-14 1.56235e-08 -7.51783e-13)
(-6.09852e-09 8.29133e-13 1.43858e-08)
(1.43878e-08 3.47967e-13 6.0945e-09)
(4.98586e-14 1.56238e-08 -8.12103e-13)
(-6.09747e-09 9.63201e-13 1.43866e-08)
(1.43876e-08 3.48677e-13 6.09452e-09)
(9.16715e-14 1.56241e-08 -8.56435e-13)
(-6.09634e-09 1.04448e-12 1.43872e-08)
(1.17238e-13 1.56244e-08 -8.92269e-13)
(-6.09532e-09 1.07388e-12 1.43875e-08)
(1.61379e-08 -4.12438e-12 2.73828e-10)
(9.67807e-21 1.53315e-08 2.80739e-20)
(-7.20155e-10 -1.27524e-11 1.50953e-08)
(1.62252e-08 -7.45351e-12 4.89215e-10)
(1.82723e-19 1.54237e-08 1.00622e-19)
(-5.43765e-10 -3.05518e-11 1.51637e-08)
(1.62081e-08 -7.47086e-12 7.04531e-10)
(2.39468e-19 1.53729e-08 1.82393e-19)
(-6.53175e-10 -3.74276e-11 1.52022e-08)
(1.61802e-08 -5.97364e-12 9.22559e-10)
(2.55484e-19 1.53429e-08 2.53096e-19)
(-8.68202e-10 -4.02792e-11 1.52384e-08)
(1.61492e-08 -4.08358e-12 1.13963e-09)
(2.77955e-19 1.53309e-08 3.07092e-19)
(-1.08808e-09 -4.20377e-11 1.52549e-08)
(1.61153e-08 -2.29375e-12 1.35245e-09)
(3.0746e-19 1.5329e-08 3.33026e-19)
(-1.29766e-09 -4.32277e-11 1.52583e-08)
(1.60793e-08 -8.18426e-13 1.55926e-09)
(3.55378e-19 1.53331e-08 3.20183e-19)
(-1.49816e-09 -4.38647e-11 1.52545e-08)
(1.60417e-08 2.94811e-13 1.75945e-09)
(3.97234e-19 1.53402e-08 2.67059e-19)
(-1.69117e-09 -4.4002e-11 1.52458e-08)
(1.60028e-08 1.08174e-12 1.95292e-09)
(3.90058e-19 1.53485e-08 2.23402e-19)
(-1.8777e-09 -4.37418e-11 1.52335e-08)
(1.59631e-08 1.60603e-12 2.13983e-09)
(3.41056e-19 1.53573e-08 2.84699e-19)
(-2.05837e-09 -4.31896e-11 1.52186e-08)
(1.59225e-08 1.93315e-12 2.32041e-09)
(2.909e-19 1.5366e-08 4.53526e-19)
(-2.23356e-09 -4.24324e-11 1.52017e-08)
(1.58812e-08 2.11975e-12 2.49488e-09)
(3.19824e-19 1.53746e-08 6.14869e-19)
(-2.40351e-09 -4.1536e-11 1.51832e-08)
(1.58392e-08 2.21047e-12 2.66345e-09)
(4.22109e-19 1.53829e-08 6.62872e-19)
(-2.5684e-09 -4.05481e-11 1.51634e-08)
(1.57968e-08 2.23837e-12 2.8263e-09)
(4.7006e-19 1.5391e-08 6.15063e-19)
(-2.72832e-09 -3.95025e-11 1.51426e-08)
(1.5754e-08 2.22678e-12 2.98359e-09)
(4.31623e-19 1.53988e-08 5.94943e-19)
(-2.88336e-09 -3.84228e-11 1.51208e-08)
(1.57108e-08 2.1915e-12 3.13545e-09)
(3.68831e-19 1.54064e-08 6.72874e-19)
(-3.03358e-09 -3.7325e-11 1.50983e-08)
(1.56675e-08 2.14286e-12 3.28201e-09)
(3.5581e-19 1.54138e-08 8.04702e-19)
(-3.17904e-09 -3.62204e-11 1.50752e-08)
(1.56241e-08 2.08735e-12 3.42339e-09)
(4.03432e-19 1.5421e-08 8.98659e-19)
(-3.31981e-09 -3.51165e-11 1.50516e-08)
(1.55807e-08 2.02887e-12 3.5597e-09)
(4.43262e-19 1.54281e-08 9.22027e-19)
(-3.45596e-09 -3.40184e-11 1.50277e-08)
(1.55375e-08 1.9697e-12 3.69104e-09)
(4.55743e-19 1.5435e-08 9.21735e-19)
(-3.58754e-09 -3.29297e-11 1.50034e-08)
(1.54944e-08 1.91104e-12 3.81753e-09)
(4.60459e-19 1.54417e-08 9.31812e-19)
(-3.71463e-09 -3.18529e-11 1.4979e-08)
(1.54517e-08 1.85351e-12 3.93927e-09)
(4.63914e-19 1.54483e-08 9.54834e-19)
(-3.8373e-09 -3.07894e-11 1.49546e-08)
(1.54094e-08 1.79733e-12 4.05636e-09)
(4.67669e-19 1.54548e-08 9.91227e-19)
(-3.95563e-09 -2.97406e-11 1.49301e-08)
(1.53675e-08 1.74258e-12 4.16892e-09)
(4.7286e-19 1.54611e-08 1.03951e-18)
(-4.06971e-09 -2.87072e-11 1.49058e-08)
(1.53262e-08 1.68923e-12 4.27705e-09)
(4.78074e-19 1.54673e-08 1.09131e-18)
(-4.1796e-09 -2.76899e-11 1.48816e-08)
(1.52855e-08 1.63721e-12 4.38084e-09)
(4.8164e-19 1.54734e-08 1.13541e-18)
(-4.2854e-09 -2.66891e-11 1.48576e-08)
(1.52455e-08 1.58644e-12 4.48042e-09)
(4.8446e-19 1.54793e-08 1.16806e-18)
(-4.38718e-09 -2.57051e-11 1.48339e-08)
(1.52062e-08 1.53687e-12 4.57587e-09)
(4.86675e-19 1.5485e-08 1.19644e-18)
(-4.48503e-09 -2.47382e-11 1.48106e-08)
(1.51677e-08 1.48844e-12 4.66732e-09)
(4.83862e-19 1.54907e-08 1.22865e-18)
(-4.57903e-09 -2.37886e-11 1.47877e-08)
(1.513e-08 1.44109e-12 4.75484e-09)
(4.72349e-19 1.54962e-08 1.26088e-18)
(-4.66926e-09 -2.28565e-11 1.47653e-08)
(1.50932e-08 1.3948e-12 4.83856e-09)
(4.57774e-19 1.55015e-08 1.28329e-18)
(-4.75581e-09 -2.19421e-11 1.47433e-08)
(1.50573e-08 1.34954e-12 4.91857e-09)
(4.4583e-19 1.55068e-08 1.29218e-18)
(-4.83876e-09 -2.10455e-11 1.47219e-08)
(1.50223e-08 1.30528e-12 4.99497e-09)
(4.42839e-19 1.55119e-08 1.29051e-18)
(-4.91819e-09 -2.01668e-11 1.4701e-08)
(1.49883e-08 1.26201e-12 5.06785e-09)
(4.65823e-19 1.55169e-08 1.28759e-18)
(-4.99418e-09 -1.9306e-11 1.46808e-08)
(1.49553e-08 1.2197e-12 5.13732e-09)
(4.94722e-19 1.55217e-08 1.28326e-18)
(-5.06682e-09 -1.84634e-11 1.46612e-08)
(1.49233e-08 1.17835e-12 5.20347e-09)
(5.01764e-19 1.55264e-08 1.27788e-18)
(-5.13619e-09 -1.7639e-11 1.46422e-08)
(1.48923e-08 1.13792e-12 5.26639e-09)
(4.87638e-19 1.5531e-08 1.2804e-18)
(-5.20237e-09 -1.68328e-11 1.4624e-08)
(1.48623e-08 1.09842e-12 5.32619e-09)
(4.58305e-19 1.55355e-08 1.29165e-18)
(-5.26543e-09 -1.60449e-11 1.46064e-08)
(1.48333e-08 1.05981e-12 5.38294e-09)
(4.26643e-19 1.55398e-08 1.3096e-18)
(-5.32547e-09 -1.52754e-11 1.45895e-08)
(1.48055e-08 1.02208e-12 5.43675e-09)
(4.00913e-19 1.55441e-08 1.33363e-18)
(-5.38256e-09 -1.45243e-11 1.45733e-08)
(1.47786e-08 9.85211e-13 5.4877e-09)
(3.81499e-19 1.55482e-08 1.3625e-18)
(-5.43677e-09 -1.37916e-11 1.45579e-08)
(1.47528e-08 9.49189e-13 5.53588e-09)
(3.65491e-19 1.55521e-08 1.39297e-18)
(-5.4882e-09 -1.30775e-11 1.45431e-08)
(1.47281e-08 9.13991e-13 5.58138e-09)
(3.54104e-19 1.5556e-08 1.4189e-18)
(-5.5369e-09 -1.23819e-11 1.45291e-08)
(1.47043e-08 8.79597e-13 5.62429e-09)
(3.4154e-19 1.55597e-08 1.43149e-18)
(-5.58297e-09 -1.17048e-11 1.45158e-08)
(1.46817e-08 8.45988e-13 5.66468e-09)
(3.23618e-19 1.55634e-08 1.43714e-18)
(-5.62647e-09 -1.10463e-11 1.45033e-08)
(1.466e-08 8.13141e-13 5.70265e-09)
(3.12372e-19 1.55669e-08 1.4558e-18)
(-5.66749e-09 -1.04063e-11 1.44914e-08)
(1.46394e-08 7.81036e-13 5.73828e-09)
(3.15928e-19 1.55703e-08 1.48413e-18)
(-5.7061e-09 -9.78498e-12 1.44803e-08)
(1.46197e-08 7.49652e-13 5.77165e-09)
(3.22107e-19 1.55736e-08 1.49987e-18)
(-5.74237e-09 -9.18222e-12 1.44699e-08)
(1.4601e-08 7.18968e-13 5.80283e-09)
(3.22834e-19 1.55767e-08 1.49927e-18)
(-5.77638e-09 -8.59806e-12 1.44601e-08)
(1.45834e-08 6.88961e-13 5.83192e-09)
(3.22795e-19 1.55798e-08 1.48513e-18)
(-5.80821e-09 -8.03249e-12 1.4451e-08)
(1.45666e-08 6.59609e-13 5.85898e-09)
(3.27768e-19 1.55827e-08 1.45595e-18)
(-5.83792e-09 -7.48552e-12 1.44426e-08)
(1.45508e-08 6.30891e-13 5.8841e-09)
(3.4407e-19 1.55856e-08 1.42013e-18)
(-5.86558e-09 -6.95713e-12 1.44349e-08)
(1.45359e-08 6.02784e-13 5.90736e-09)
(3.55398e-19 1.55883e-08 1.37901e-18)
(-5.89128e-09 -6.44732e-12 1.44277e-08)
(1.45219e-08 5.75267e-13 5.92883e-09)
(3.50913e-19 1.55909e-08 1.3339e-18)
(-5.91508e-09 -5.95606e-12 1.44212e-08)
(1.45088e-08 5.48316e-13 5.94858e-09)
(3.35292e-19 1.55934e-08 1.28946e-18)
(-5.93705e-09 -5.48336e-12 1.44153e-08)
(1.44965e-08 5.2191e-13 5.96669e-09)
(3.03723e-19 1.55958e-08 1.23667e-18)
(-5.95727e-09 -5.02918e-12 1.44099e-08)
(1.44851e-08 4.96026e-13 5.98324e-09)
(2.67431e-19 1.55981e-08 1.17662e-18)
(-5.9758e-09 -4.59351e-12 1.44051e-08)
(1.44745e-08 4.70642e-13 5.99829e-09)
(2.34124e-19 1.56003e-08 1.12397e-18)
(-5.99272e-09 -4.17633e-12 1.44008e-08)
(1.44646e-08 4.45736e-13 6.01192e-09)
(1.98603e-19 1.56024e-08 1.08079e-18)
(-6.00809e-09 -3.77762e-12 1.4397e-08)
(1.44555e-08 4.21287e-13 6.02421e-09)
(1.72977e-19 1.56044e-08 1.03904e-18)
(-6.02198e-09 -3.39736e-12 1.43937e-08)
(1.44471e-08 3.97274e-13 6.03522e-09)
(2.04183e-19 1.56063e-08 1.03253e-18)
(-6.03447e-09 -3.03551e-12 1.43909e-08)
(1.44393e-08 3.73673e-13 6.04503e-09)
(2.81505e-19 1.56081e-08 1.13632e-18)
(-6.04562e-09 -2.69205e-12 1.43885e-08)
(1.44323e-08 3.50468e-13 6.0537e-09)
(2.36754e-19 1.56098e-08 1.34701e-18)
(-6.05551e-09 -2.36696e-12 1.43865e-08)
(1.44259e-08 3.27643e-13 6.0613e-09)
(-2.25681e-20 1.56114e-08 1.58322e-18)
(-6.06419e-09 -2.0602e-12 1.43849e-08)
(1.44201e-08 3.05195e-13 6.06791e-09)
(-3.00637e-19 1.56129e-08 1.84039e-18)
(-6.07173e-09 -1.77175e-12 1.43836e-08)
(1.4415e-08 2.83127e-13 6.07359e-09)
(-4.28356e-19 1.56143e-08 2.12157e-18)
(-6.07822e-09 -1.50156e-12 1.43826e-08)
(1.44103e-08 2.61461e-13 6.07842e-09)
(-4.51688e-19 1.56156e-08 2.35652e-18)
(-6.0837e-09 -1.24961e-12 1.4382e-08)
(1.44062e-08 2.40254e-13 6.08245e-09)
(-4.56122e-19 1.56168e-08 2.52319e-18)
(-6.08825e-09 -1.01586e-12 1.43816e-08)
(1.44026e-08 2.19607e-13 6.08576e-09)
(-4.76806e-19 1.56179e-08 2.64835e-18)
(-6.09195e-09 -8.00276e-13 1.43815e-08)
(1.43995e-08 1.99692e-13 6.08842e-09)
(-5.03209e-19 1.5619e-08 2.73589e-18)
(-6.09484e-09 -6.02832e-13 1.43816e-08)
(1.43968e-08 1.80771e-13 6.09049e-09)
(-5.1077e-19 1.56199e-08 2.80254e-18)
(-6.097e-09 -4.23518e-13 1.43819e-08)
(1.43945e-08 1.63212e-13 6.09204e-09)
(-5.06729e-19 1.56207e-08 2.88916e-18)
(-6.09851e-09 -2.62379e-13 1.43823e-08)
(1.43926e-08 1.47498e-13 6.09315e-09)
(-5.00063e-19 1.56214e-08 3.01918e-18)
(-6.09941e-09 -1.19546e-13 1.43829e-08)
(1.43911e-08 1.34188e-13 6.09388e-09)
(-4.85491e-19 1.56221e-08 3.15554e-18)
(-6.09979e-09 4.70108e-15 1.43836e-08)
(1.43899e-08 1.23809e-13 6.09431e-09)
(-4.64308e-19 1.56226e-08 3.17741e-18)
(-6.09971e-09 1.09901e-13 1.43843e-08)
(1.4389e-08 1.16675e-13 6.09451e-09)
(-5.54103e-19 1.56231e-08 2.82415e-18)
(-6.09923e-09 1.95473e-13 1.43851e-08)
(1.43883e-08 1.12604e-13 6.09456e-09)
(-9.24457e-19 1.56234e-08 1.88456e-18)
(-6.09844e-09 2.61014e-13 1.43859e-08)
(1.43878e-08 1.10948e-13 6.09455e-09)
(-9.98734e-19 1.56238e-08 1.37246e-18)
(-6.09743e-09 3.06895e-13 1.43867e-08)
(1.43876e-08 1.11859e-13 6.09457e-09)
(-5.52902e-20 1.56241e-08 3.40725e-18)
(-6.09632e-09 3.34324e-13 1.43872e-08)
(-1.02297e-18 1.56244e-08 5.60097e-18)
(-6.09534e-09 3.42879e-13 1.43875e-08)
(1.61379e-08 4.12438e-12 2.73828e-10)
(-1.5053e-10 1.53219e-08 -2.4181e-11)
(-7.20155e-10 1.27524e-11 1.50953e-08)
(1.62252e-08 7.45351e-12 4.89215e-10)
(-8.36106e-11 1.54097e-08 -6.13581e-11)
(-5.43765e-10 3.05518e-11 1.51637e-08)
(1.62081e-08 7.47086e-12 7.04531e-10)
(-3.98025e-11 1.53642e-08 -8.14287e-11)
(-6.53175e-10 3.74276e-11 1.52022e-08)
(1.61802e-08 5.97364e-12 9.22559e-10)
(-1.39986e-11 1.53388e-08 -9.02323e-11)
(-8.68202e-10 4.02792e-11 1.52384e-08)
(1.61492e-08 4.08358e-12 1.13963e-09)
(1.3798e-12 1.53294e-08 -9.26657e-11)
(-1.08808e-09 4.20377e-11 1.52549e-08)
(1.61153e-08 2.29375e-12 1.35245e-09)
(1.02793e-11 1.53288e-08 -9.19594e-11)
(-1.29766e-09 4.32277e-11 1.52583e-08)
(1.60793e-08 8.18426e-13 1.55926e-09)
(1.52853e-11 1.53335e-08 -8.98821e-11)
(-1.49816e-09 4.38647e-11 1.52545e-08)
(1.60417e-08 -2.94811e-13 1.75945e-09)
(1.80595e-11 1.53408e-08 -8.72917e-11)
(-1.69117e-09 4.4002e-11 1.52458e-08)
(1.60028e-08 -1.08174e-12 1.95292e-09)
(1.95788e-11 1.53491e-08 -8.45777e-11)
(-1.8777e-09 4.37418e-11 1.52335e-08)
(1.59631e-08 -1.60603e-12 2.13983e-09)
(2.04094e-11 1.53578e-08 -8.18974e-11)
(-2.05837e-09 4.31896e-11 1.52186e-08)
(1.59225e-08 -1.93315e-12 2.32041e-09)
(2.08731e-11 1.53664e-08 -7.92997e-11)
(-2.23356e-09 4.24324e-11 1.52017e-08)
(1.58812e-08 -2.11975e-12 2.49488e-09)
(2.1145e-11 1.53749e-08 -7.67882e-11)
(-2.40351e-09 4.1536e-11 1.51832e-08)
(1.58392e-08 -2.21047e-12 2.66345e-09)
(2.1315e-11 1.53832e-08 -7.43516e-11)
(-2.5684e-09 4.05481e-11 1.51634e-08)
(1.57968e-08 -2.23837e-12 2.8263e-09)
(2.1426e-11 1.53912e-08 -7.19762e-11)
(-2.72832e-09 3.95025e-11 1.51426e-08)
(1.5754e-08 -2.22678e-12 2.98359e-09)
(2.14954e-11 1.5399e-08 -6.9651e-11)
(-2.88336e-09 3.84228e-11 1.51208e-08)
(1.57108e-08 -2.1915e-12 3.13545e-09)
(2.15285e-11 1.54065e-08 -6.73684e-11)
(-3.03358e-09 3.7325e-11 1.50983e-08)
(1.56675e-08 -2.14286e-12 3.28201e-09)
(2.15256e-11 1.54139e-08 -6.51242e-11)
(-3.17904e-09 3.62204e-11 1.50752e-08)
(1.56241e-08 -2.08735e-12 3.42339e-09)
(2.14852e-11 1.54211e-08 -6.29164e-11)
(-3.31981e-09 3.51165e-11 1.50516e-08)
(1.55807e-08 -2.02888e-12 3.5597e-09)
(2.1406e-11 1.54282e-08 -6.07443e-11)
(-3.45596e-09 3.40184e-11 1.50277e-08)
(1.55375e-08 -1.9697e-12 3.69104e-09)
(2.12875e-11 1.54351e-08 -5.86084e-11)
(-3.58754e-09 3.29297e-11 1.50034e-08)
(1.54944e-08 -1.91105e-12 3.81753e-09)
(2.113e-11 1.54418e-08 -5.65093e-11)
(-3.71463e-09 3.18529e-11 1.4979e-08)
(1.54517e-08 -1.85351e-12 3.93927e-09)
(2.09344e-11 1.54484e-08 -5.4448e-11)
(-3.8373e-09 3.07894e-11 1.49546e-08)
(1.54094e-08 -1.79733e-12 4.05636e-09)
(2.07026e-11 1.54548e-08 -5.24253e-11)
(-3.95563e-09 2.97406e-11 1.49301e-08)
(1.53675e-08 -1.74258e-12 4.16892e-09)
(2.04364e-11 1.54612e-08 -5.04419e-11)
(-4.06971e-09 2.87072e-11 1.49058e-08)
(1.53262e-08 -1.68923e-12 4.27705e-09)
(2.01382e-11 1.54673e-08 -4.84983e-11)
(-4.1796e-09 2.76899e-11 1.48816e-08)
(1.52855e-08 -1.63721e-12 4.38084e-09)
(1.98104e-11 1.54734e-08 -4.6595e-11)
(-4.2854e-09 2.66891e-11 1.48576e-08)
(1.52455e-08 -1.58645e-12 4.48042e-09)
(1.94555e-11 1.54793e-08 -4.47324e-11)
(-4.38718e-09 2.57051e-11 1.48339e-08)
(1.52062e-08 -1.53687e-12 4.57587e-09)
(1.90758e-11 1.5485e-08 -4.29106e-11)
(-4.48503e-09 2.47382e-11 1.48106e-08)
(1.51677e-08 -1.48844e-12 4.66732e-09)
(1.86737e-11 1.54907e-08 -4.11296e-11)
(-4.57903e-09 2.37886e-11 1.47877e-08)
(1.513e-08 -1.44109e-12 4.75484e-09)
(1.82516e-11 1.54962e-08 -3.93895e-11)
(-4.66926e-09 2.28565e-11 1.47653e-08)
(1.50932e-08 -1.3948e-12 4.83856e-09)
(1.78116e-11 1.55015e-08 -3.76902e-11)
(-4.75581e-09 2.19421e-11 1.47433e-08)
(1.50573e-08 -1.34954e-12 4.91857e-09)
(1.73559e-11 1.55068e-08 -3.60316e-11)
(-4.83876e-09 2.10455e-11 1.47219e-08)
(1.50223e-08 -1.30529e-12 4.99497e-09)
(1.68865e-11 1.55119e-08 -3.44136e-11)
(-4.91819e-09 2.01667e-11 1.4701e-08)
(1.49883e-08 -1.26201e-12 5.06785e-09)
(1.64052e-11 1.55168e-08 -3.28358e-11)
(-4.99418e-09 1.9306e-11 1.46808e-08)
(1.49553e-08 -1.21971e-12 5.13732e-09)
(1.5914e-11 1.55217e-08 -3.12981e-11)
(-5.06682e-09 1.84634e-11 1.46612e-08)
(1.49233e-08 -1.17835e-12 5.20347e-09)
(1.54146e-11 1.55264e-08 -2.98003e-11)
(-5.13619e-09 1.7639e-11 1.46422e-08)
(1.48923e-08 -1.13792e-12 5.26639e-09)
(1.49086e-11 1.5531e-08 -2.83419e-11)
(-5.20237e-09 1.68328e-11 1.4624e-08)
(1.48623e-08 -1.09842e-12 5.32619e-09)
(1.43977e-11 1.55355e-08 -2.69228e-11)
(-5.26543e-09 1.60449e-11 1.46064e-08)
(1.48333e-08 -1.05981e-12 5.38294e-09)
(1.38831e-11 1.55398e-08 -2.55426e-11)
(-5.32547e-09 1.52754e-11 1.45895e-08)
(1.48055e-08 -1.02208e-12 5.43675e-09)
(1.33665e-11 1.5544e-08 -2.42011e-11)
(-5.38256e-09 1.45243e-11 1.45733e-08)
(1.47786e-08 -9.85213e-13 5.4877e-09)
(1.28491e-11 1.55481e-08 -2.28978e-11)
(-5.43677e-09 1.37916e-11 1.45579e-08)
(1.47528e-08 -9.4919e-13 5.53588e-09)
(1.23321e-11 1.55521e-08 -2.16324e-11)
(-5.4882e-09 1.30775e-11 1.45431e-08)
(1.47281e-08 -9.13992e-13 5.58138e-09)
(1.18168e-11 1.5556e-08 -2.04047e-11)
(-5.5369e-09 1.23819e-11 1.45291e-08)
(1.47043e-08 -8.79599e-13 5.62429e-09)
(1.13042e-11 1.55597e-08 -1.92143e-11)
(-5.58297e-09 1.17048e-11 1.45158e-08)
(1.46817e-08 -8.45989e-13 5.66468e-09)
(1.07954e-11 1.55633e-08 -1.80608e-11)
(-5.62647e-09 1.10463e-11 1.45033e-08)
(1.466e-08 -8.13142e-13 5.70265e-09)
(1.02913e-11 1.55668e-08 -1.6944e-11)
(-5.66749e-09 1.04063e-11 1.44914e-08)
(1.46394e-08 -7.81037e-13 5.73828e-09)
(9.79286e-12 1.55702e-08 -1.58635e-11)
(-5.7061e-09 9.78497e-12 1.44803e-08)
(1.46197e-08 -7.49654e-13 5.77165e-09)
(9.30092e-12 1.55735e-08 -1.48191e-11)
(-5.74237e-09 9.18222e-12 1.44699e-08)
(1.4601e-08 -7.18969e-13 5.80283e-09)
(8.81627e-12 1.55767e-08 -1.38104e-11)
(-5.77638e-09 8.59806e-12 1.44601e-08)
(1.45834e-08 -6.88962e-13 5.83192e-09)
(8.33964e-12 1.55797e-08 -1.28371e-11)
(-5.80821e-09 8.03249e-12 1.4451e-08)
(1.45666e-08 -6.59611e-13 5.85898e-09)
(7.8717e-12 1.55827e-08 -1.18989e-11)
(-5.83792e-09 7.48552e-12 1.44426e-08)
(1.45508e-08 -6.30893e-13 5.8841e-09)
(7.4131e-12 1.55855e-08 -1.09957e-11)
(-5.86558e-09 6.95713e-12 1.44349e-08)
(1.45359e-08 -6.02786e-13 5.90736e-09)
(6.96439e-12 1.55883e-08 -1.0127e-11)
(-5.89128e-09 6.44731e-12 1.44277e-08)
(1.45219e-08 -5.75268e-13 5.92883e-09)
(6.52612e-12 1.55909e-08 -9.29279e-12)
(-5.91508e-09 5.95606e-12 1.44212e-08)
(1.45088e-08 -5.48317e-13 5.94858e-09)
(6.09877e-12 1.55934e-08 -8.4927e-12)
(-5.93705e-09 5.48335e-12 1.44153e-08)
(1.44965e-08 -5.21911e-13 5.96669e-09)
(5.68278e-12 1.55958e-08 -7.72656e-12)
(-5.95727e-09 5.02918e-12 1.44099e-08)
(1.44851e-08 -4.96027e-13 5.98324e-09)
(5.27856e-12 1.55981e-08 -6.99414e-12)
(-5.9758e-09 4.59351e-12 1.44051e-08)
(1.44745e-08 -4.70643e-13 5.99829e-09)
(4.88645e-12 1.56003e-08 -6.29526e-12)
(-5.99272e-09 4.17633e-12 1.44008e-08)
(1.44646e-08 -4.45737e-13 6.01192e-09)
(4.50678e-12 1.56024e-08 -5.62973e-12)
(-6.00809e-09 3.77762e-12 1.4397e-08)
(1.44555e-08 -4.21289e-13 6.02421e-09)
(4.13985e-12 1.56044e-08 -4.9974e-12)
(-6.02198e-09 3.39735e-12 1.43937e-08)
(1.44471e-08 -3.97275e-13 6.03522e-09)
(3.78591e-12 1.56063e-08 -4.3981e-12)
(-6.03447e-09 3.0355e-12 1.43909e-08)
(1.44393e-08 -3.73675e-13 6.04503e-09)
(3.44517e-12 1.56081e-08 -3.83168e-12)
(-6.04562e-09 2.69205e-12 1.43885e-08)
(1.44323e-08 -3.50469e-13 6.0537e-09)
(3.11782e-12 1.56098e-08 -3.29803e-12)
(-6.05551e-09 2.36696e-12 1.43865e-08)
(1.44259e-08 -3.27645e-13 6.0613e-09)
(2.804e-12 1.56114e-08 -2.79703e-12)
(-6.06419e-09 2.0602e-12 1.43849e-08)
(1.44201e-08 -3.05196e-13 6.06791e-09)
(2.50383e-12 1.56129e-08 -2.3286e-12)
(-6.07173e-09 1.77174e-12 1.43836e-08)
(1.4415e-08 -2.83128e-13 6.07359e-09)
(2.21738e-12 1.56143e-08 -1.89269e-12)
(-6.07822e-09 1.50155e-12 1.43826e-08)
(1.44103e-08 -2.61463e-13 6.07842e-09)
(1.94472e-12 1.56156e-08 -1.48925e-12)
(-6.0837e-09 1.2496e-12 1.4382e-08)
(1.44062e-08 -2.40255e-13 6.08245e-09)
(1.68586e-12 1.56168e-08 -1.11832e-12)
(-6.08825e-09 1.01585e-12 1.43816e-08)
(1.44026e-08 -2.19609e-13 6.08576e-09)
(1.4408e-12 1.5618e-08 -7.79964e-13)
(-6.09195e-09 8.0027e-13 1.43815e-08)
(1.43995e-08 -1.99694e-13 6.08842e-09)
(1.20953e-12 1.5619e-08 -4.74296e-13)
(-6.09484e-09 6.02826e-13 1.43816e-08)
(1.43968e-08 -1.80772e-13 6.09049e-09)
(9.92094e-13 1.56199e-08 -2.015e-13)
(-6.097e-09 4.23513e-13 1.43819e-08)
(1.43945e-08 -1.63213e-13 6.09204e-09)
(7.88667e-13 1.56207e-08 3.82219e-14)
(-6.09851e-09 2.62373e-13 1.43823e-08)
(1.43926e-08 -1.475e-13 6.09315e-09)
(5.9973e-13 1.56215e-08 2.44729e-13)
(-6.09941e-09 1.1954e-13 1.43829e-08)
(1.43911e-08 -1.34189e-13 6.09388e-09)
(4.26333e-13 1.56221e-08 4.18122e-13)
(-6.09979e-09 -4.70679e-15 1.43836e-08)
(1.43899e-08 -1.2381e-13 6.09431e-09)
(2.70483e-13 1.56226e-08 5.59052e-13)
(-6.09971e-09 -1.09906e-13 1.43843e-08)
(1.4389e-08 -1.16676e-13 6.09451e-09)
(1.35582e-13 1.56231e-08 6.69186e-13)
(-6.09923e-09 -1.95477e-13 1.43851e-08)
(1.43883e-08 -1.12605e-13 6.09456e-09)
(2.66788e-14 1.56235e-08 7.51788e-13)
(-6.09844e-09 -2.61015e-13 1.43859e-08)
(1.43878e-08 -1.10949e-13 6.09455e-09)
(-4.986e-14 1.56238e-08 8.12107e-13)
(-6.09743e-09 -3.06897e-13 1.43867e-08)
(1.43876e-08 -1.1186e-13 6.09457e-09)
(-9.16723e-14 1.56241e-08 8.56441e-13)
(-6.09632e-09 -3.34332e-13 1.43872e-08)
(-1.1724e-13 1.56244e-08 8.92275e-13)
(-6.09534e-09 -3.42893e-13 1.43875e-08)
(1.61408e-08 1.8873e-11 2.71049e-10)
(-3.27598e-10 1.52859e-08 -5.16105e-11)
(-6.65282e-10 4.05141e-11 1.51007e-08)
(1.62236e-08 2.85974e-11 4.89643e-10)
(-1.60404e-10 1.5367e-08 -1.28182e-10)
(-5.23733e-10 9.59984e-11 1.51823e-08)
(1.62044e-08 2.56183e-11 7.06596e-10)
(-6.95199e-11 1.53418e-08 -1.66556e-10)
(-6.46893e-10 1.15979e-10 1.52207e-08)
(1.61753e-08 1.85067e-11 9.24759e-10)
(-2.11555e-11 1.53303e-08 -1.82169e-10)
(-8.64914e-10 1.23852e-10 1.52517e-08)
(1.61441e-08 1.14102e-11 1.1413e-09)
(6.43659e-12 1.53274e-08 -1.85772e-10)
(-1.08582e-09 1.28587e-10 1.52631e-08)
(1.61107e-08 5.45024e-12 1.35347e-09)
(2.22245e-11 1.53296e-08 -1.83724e-10)
(-1.29646e-09 1.31511e-10 1.5263e-08)
(1.60754e-08 8.76116e-13 1.55976e-09)
(3.11618e-11 1.53354e-08 -1.79281e-10)
(-1.49796e-09 1.32732e-10 1.52569e-08)
(1.60385e-08 -2.40796e-12 1.75956e-09)
(3.61837e-11 1.53429e-08 -1.73985e-10)
(-1.69175e-09 1.32532e-10 1.52467e-08)
(1.60003e-08 -4.63609e-12 1.95278e-09)
(3.89849e-11 1.53511e-08 -1.68525e-10)
(-1.87885e-09 1.31271e-10 1.52335e-08)
(1.59611e-08 -6.06248e-12 2.13954e-09)
(4.05579e-11 1.53595e-08 -1.6317e-10)
(-2.05991e-09 1.29265e-10 1.52181e-08)
(1.59209e-08 -6.91181e-12 2.32003e-09)
(4.14695e-11 1.53679e-08 -1.57994e-10)
(-2.23536e-09 1.26752e-10 1.52009e-08)
(1.58798e-08 -7.36364e-12 2.49445e-09)
(4.20286e-11 1.53761e-08 -1.52993e-10)
(-2.40548e-09 1.23907e-10 1.51822e-08)
(1.58381e-08 -7.55229e-12 2.663e-09)
(4.23938e-11 1.53841e-08 -1.48139e-10)
(-2.57046e-09 1.20847e-10 1.51623e-08)
(1.57959e-08 -7.5733e-12 2.82585e-09)
(4.26404e-11 1.5392e-08 -1.43406e-10)
(-2.73044e-09 1.17657e-10 1.51414e-08)
(1.57531e-08 -7.49197e-12 2.98314e-09)
(4.27995e-11 1.53996e-08 -1.3877e-10)
(-2.8855e-09 1.14394e-10 1.51196e-08)
(1.57101e-08 -7.35128e-12 3.13501e-09)
(4.2881e-11 1.54071e-08 -1.34217e-10)
(-3.03573e-09 1.11097e-10 1.50971e-08)
(1.56668e-08 -7.17853e-12 3.28158e-09)
(4.28858e-11 1.54144e-08 -1.29741e-10)
(-3.18118e-09 1.07791e-10 1.5074e-08)
(1.56235e-08 -6.99043e-12 3.42297e-09)
(4.2812e-11 1.54216e-08 -1.25336e-10)
(-3.32193e-09 1.04494e-10 1.50504e-08)
(1.55801e-08 -6.79676e-12 3.55928e-09)
(4.26582e-11 1.54285e-08 -1.21002e-10)
(-3.45804e-09 1.01221e-10 1.50265e-08)
(1.55369e-08 -6.60295e-12 3.69064e-09)
(4.24239e-11 1.54354e-08 -1.16741e-10)
(-3.58959e-09 9.79775e-11 1.50023e-08)
(1.54939e-08 -6.4118e-12 3.81713e-09)
(4.21106e-11 1.54421e-08 -1.12554e-10)
(-3.71665e-09 9.47712e-11 1.49779e-08)
(1.54512e-08 -6.2246e-12 3.93888e-09)
(4.17209e-11 1.54486e-08 -1.08442e-10)
(-3.83928e-09 9.16058e-11 1.49534e-08)
(1.54089e-08 -6.04178e-12 4.05598e-09)
(4.12582e-11 1.54551e-08 -1.04407e-10)
(-3.95758e-09 8.84845e-11 1.4929e-08)
(1.53671e-08 -5.86337e-12 4.16855e-09)
(4.0727e-11 1.54613e-08 -1.00452e-10)
(-4.07162e-09 8.54092e-11 1.49047e-08)
(1.53258e-08 -5.6892e-12 4.27668e-09)
(4.01318e-11 1.54675e-08 -9.65754e-11)
(-4.18148e-09 8.23818e-11 1.48805e-08)
(1.52851e-08 -5.51906e-12 4.38049e-09)
(3.94776e-11 1.54735e-08 -9.27799e-11)
(-4.28723e-09 7.94034e-11 1.48565e-08)
(1.52451e-08 -5.35272e-12 4.48007e-09)
(3.87693e-11 1.54794e-08 -8.90657e-11)
(-4.38898e-09 7.6475e-11 1.48329e-08)
(1.52059e-08 -5.19001e-12 4.57554e-09)
(3.80117e-11 1.54851e-08 -8.54331e-11)
(-4.48679e-09 7.35973e-11 1.48096e-08)
(1.51674e-08 -5.03077e-12 4.66699e-09)
(3.72096e-11 1.54907e-08 -8.18822e-11)
(-4.58075e-09 7.07711e-11 1.47867e-08)
(1.51297e-08 -4.87489e-12 4.75452e-09)
(3.63676e-11 1.54962e-08 -7.8413e-11)
(-4.67094e-09 6.79969e-11 1.47643e-08)
(1.5093e-08 -4.72227e-12 4.83825e-09)
(3.549e-11 1.55016e-08 -7.50254e-11)
(-4.75745e-09 6.5275e-11 1.47423e-08)
(1.50571e-08 -4.57284e-12 4.91827e-09)
(3.45811e-11 1.55068e-08 -7.17191e-11)
(-4.84036e-09 6.2606e-11 1.47209e-08)
(1.50221e-08 -4.42654e-12 4.99467e-09)
(3.3645e-11 1.55119e-08 -6.84937e-11)
(-4.91975e-09 5.99902e-11 1.47001e-08)
(1.49881e-08 -4.28332e-12 5.06757e-09)
(3.26854e-11 1.55168e-08 -6.5349e-11)
(-4.99571e-09 5.74278e-11 1.46799e-08)
(1.49551e-08 -4.14313e-12 5.13705e-09)
(3.17059e-11 1.55217e-08 -6.22843e-11)
(-5.06831e-09 5.49193e-11 1.46603e-08)
(1.49231e-08 -4.00591e-12 5.2032e-09)
(3.07102e-11 1.55264e-08 -5.92991e-11)
(-5.13765e-09 5.24647e-11 1.46414e-08)
(1.48921e-08 -3.87163e-12 5.26614e-09)
(2.97014e-11 1.55309e-08 -5.63929e-11)
(-5.20379e-09 5.00644e-11 1.46231e-08)
(1.48622e-08 -3.74023e-12 5.32594e-09)
(2.86827e-11 1.55354e-08 -5.35651e-11)
(-5.26682e-09 4.77185e-11 1.46055e-08)
(1.48332e-08 -3.61166e-12 5.3827e-09)
(2.7657e-11 1.55397e-08 -5.0815e-11)
(-5.32682e-09 4.54273e-11 1.45887e-08)
(1.48054e-08 -3.48587e-12 5.43652e-09)
(2.66271e-11 1.5544e-08 -4.8142e-11)
(-5.38387e-09 4.31908e-11 1.45725e-08)
(1.47785e-08 -3.36281e-12 5.48748e-09)
(2.55957e-11 1.55481e-08 -4.55454e-11)
(-5.43805e-09 4.10091e-11 1.45571e-08)
(1.47527e-08 -3.2424e-12 5.53567e-09)
(2.45653e-11 1.5552e-08 -4.30246e-11)
(-5.48944e-09 3.88825e-11 1.45424e-08)
(1.4728e-08 -3.1246e-12 5.58118e-09)
(2.35381e-11 1.55559e-08 -4.05789e-11)
(-5.53811e-09 3.6811e-11 1.45284e-08)
(1.47043e-08 -3.00934e-12 5.62409e-09)
(2.25165e-11 1.55596e-08 -3.82076e-11)
(-5.58414e-09 3.47946e-11 1.45151e-08)
(1.46816e-08 -2.89656e-12 5.66449e-09)
(2.15023e-11 1.55633e-08 -3.59101e-11)
(-5.62761e-09 3.28335e-11 1.45026e-08)
(1.466e-08 -2.7862e-12 5.70247e-09)
(2.04977e-11 1.55668e-08 -3.36858e-11)
(-5.66859e-09 3.09277e-11 1.44907e-08)
(1.46393e-08 -2.67819e-12 5.73811e-09)
(1.95043e-11 1.55702e-08 -3.15339e-11)
(-5.70717e-09 2.90771e-11 1.44796e-08)
(1.46197e-08 -2.57246e-12 5.77148e-09)
(1.85239e-11 1.55734e-08 -2.94539e-11)
(-5.74341e-09 2.72819e-11 1.44692e-08)
(1.4601e-08 -2.46894e-12 5.80267e-09)
(1.75581e-11 1.55766e-08 -2.74451e-11)
(-5.77738e-09 2.55421e-11 1.44595e-08)
(1.45833e-08 -2.36758e-12 5.83177e-09)
(1.66083e-11 1.55797e-08 -2.55071e-11)
(-5.80917e-09 2.38576e-11 1.44504e-08)
(1.45666e-08 -2.2683e-12 5.85884e-09)
(1.56758e-11 1.55826e-08 -2.36391e-11)
(-5.83885e-09 2.22285e-11 1.4442e-08)
(1.45508e-08 -2.17102e-12 5.88397e-09)
(1.47619e-11 1.55855e-08 -2.18408e-11)
(-5.86648e-09 2.06547e-11 1.44343e-08)
(1.45359e-08 -2.0757e-12 5.90723e-09)
(1.38678e-11 1.55882e-08 -2.01114e-11)
(-5.89214e-09 1.91362e-11 1.44272e-08)
(1.45219e-08 -1.98224e-12 5.9287e-09)
(1.29944e-11 1.55908e-08 -1.84507e-11)
(-5.91591e-09 1.7673e-11 1.44207e-08)
(1.45088e-08 -1.89059e-12 5.94846e-09)
(1.21429e-11 1.55933e-08 -1.6858e-11)
(-5.93785e-09 1.6265e-11 1.44148e-08)
(1.44966e-08 -1.80067e-12 5.96658e-09)
(1.1314e-11 1.55958e-08 -1.5333e-11)
(-5.95803e-09 1.49122e-11 1.44094e-08)
(1.44851e-08 -1.71241e-12 5.98313e-09)
(1.05085e-11 1.55981e-08 -1.38752e-11)
(-5.97653e-09 1.36146e-11 1.44046e-08)
(1.44745e-08 -1.62575e-12 5.99819e-09)
(9.7272e-12 1.56003e-08 -1.24843e-11)
(-5.99341e-09 1.2372e-11 1.44004e-08)
(1.44646e-08 -1.54061e-12 6.01183e-09)
(8.97069e-12 1.56024e-08 -1.11598e-11)
(-6.00875e-09 1.11845e-11 1.43966e-08)
(1.44555e-08 -1.45693e-12 6.02412e-09)
(8.23956e-12 1.56044e-08 -9.90147e-12)
(-6.02261e-09 1.00519e-11 1.43933e-08)
(1.44471e-08 -1.37463e-12 6.03514e-09)
(7.5343e-12 1.56063e-08 -8.70898e-12)
(-6.03507e-09 8.97419e-12 1.43905e-08)
(1.44394e-08 -1.29365e-12 6.04495e-09)
(6.85536e-12 1.56081e-08 -7.58203e-12)
(-6.04619e-09 7.95133e-12 1.43881e-08)
(1.44323e-08 -1.21392e-12 6.05363e-09)
(6.2031e-12 1.56098e-08 -6.52035e-12)
(-6.05604e-09 6.9832e-12 1.43861e-08)
(1.4426e-08 -1.13539e-12 6.06124e-09)
(5.57781e-12 1.56114e-08 -5.52372e-12)
(-6.06469e-09 6.06974e-12 1.43845e-08)
(1.44202e-08 -1.05803e-12 6.06785e-09)
(4.97972e-12 1.56129e-08 -4.59198e-12)
(-6.0722e-09 5.21085e-12 1.43833e-08)
(1.4415e-08 -9.81824e-13 6.07354e-09)
(4.40901e-12 1.56143e-08 -3.72499e-12)
(-6.07865e-09 4.40645e-12 1.43823e-08)
(1.44104e-08 -9.06816e-13 6.07837e-09)
(3.86579e-12 1.56156e-08 -2.92268e-12)
(-6.0841e-09 3.65646e-12 1.43817e-08)
(1.44062e-08 -8.3312e-13 6.08241e-09)
(3.35011e-12 1.56168e-08 -2.18504e-12)
(-6.08862e-09 2.96079e-12 1.43814e-08)
(1.44026e-08 -7.60982e-13 6.08572e-09)
(2.86195e-12 1.5618e-08 -1.51217e-12)
(-6.09228e-09 2.31936e-12 1.43812e-08)
(1.43995e-08 -6.90837e-13 6.08838e-09)
(2.40131e-12 1.5619e-08 -9.04297e-13)
(-6.09514e-09 1.73212e-12 1.43813e-08)
(1.43968e-08 -6.2339e-13 6.09046e-09)
(1.96823e-12 1.56199e-08 -3.61728e-13)
(-6.09727e-09 1.19907e-12 1.43816e-08)
(1.43946e-08 -5.59703e-13 6.09202e-09)
(1.56299e-12 1.56207e-08 1.15142e-13)
(-6.09874e-09 7.20349e-13 1.43821e-08)
(1.43927e-08 -5.01262e-13 6.09312e-09)
(1.1864e-12 1.56215e-08 5.25977e-13)
(-6.09962e-09 2.9635e-13 1.43827e-08)
(1.43911e-08 -4.49965e-13 6.09386e-09)
(8.40336e-13 1.56221e-08 8.70778e-13)
(-6.09996e-09 -7.21115e-14 1.43834e-08)
(1.43899e-08 -4.07926e-13 6.09428e-09)
(5.28658e-13 1.56227e-08 1.15041e-12)
(-6.09985e-09 -3.83656e-13 1.43842e-08)
(1.4389e-08 -3.76945e-13 6.09447e-09)
(2.58454e-13 1.56231e-08 1.3675e-12)
(-6.09934e-09 -6.3645e-13 1.4385e-08)
(1.43883e-08 -3.57453e-13 6.09452e-09)
(4.1317e-14 1.56235e-08 1.52765e-12)
(-6.09852e-09 -8.29138e-13 1.43858e-08)
(1.43878e-08 -3.47969e-13 6.0945e-09)
(-1.0647e-13 1.56238e-08 1.64049e-12)
(-6.09747e-09 -9.63207e-13 1.43866e-08)
(1.43876e-08 -3.48678e-13 6.09452e-09)
(-1.73727e-13 1.56241e-08 1.71824e-12)
(-6.09634e-09 -1.04448e-12 1.43872e-08)
(-2.01166e-13 1.56245e-08 1.77395e-12)
(-6.09532e-09 -1.07388e-12 1.43875e-08)
(1.6171e-08 7.0678e-11 2.73647e-10)
(-5.76237e-10 1.51936e-08 -8.92014e-11)
(-5.52017e-10 6.87267e-11 1.50971e-08)
(1.62307e-08 6.51199e-11 4.9533e-10)
(-2.07708e-10 1.53319e-08 -2.11006e-10)
(-4.82778e-10 1.64284e-10 1.52448e-08)
(1.61955e-08 4.54056e-11 7.12157e-10)
(-6.96987e-11 1.53315e-08 -2.60586e-10)
(-6.33249e-10 2.00234e-10 1.52667e-08)
(1.61624e-08 2.72911e-11 9.288e-10)
(-1.50193e-11 1.53303e-08 -2.77549e-10)
(-8.58215e-10 2.1471e-10 1.52767e-08)
(1.61319e-08 1.30875e-11 1.14359e-09)
(1.65792e-11 1.53313e-08 -2.79754e-10)
(-1.08228e-09 2.21667e-10 1.52762e-08)
(1.61004e-08 2.57962e-12 1.3543e-09)
(3.58861e-11 1.53348e-08 -2.75293e-10)
(-1.29541e-09 2.24315e-10 1.52696e-08)
(1.60671e-08 -4.7497e-12 1.55955e-09)
(4.73093e-11 1.53404e-08 -2.68054e-10)
(-1.49879e-09 2.24011e-10 1.52595e-08)
(1.6032e-08 -9.58925e-12 1.75868e-09)
(5.39636e-11 1.53473e-08 -2.59905e-10)
(-1.69389e-09 2.21721e-10 1.5247e-08)
(1.59953e-08 -1.26109e-11 1.9515e-09)
(5.78276e-11 1.53549e-08 -2.51678e-10)
(-1.88184e-09 2.18143e-10 1.52323e-08)
(1.59571e-08 -1.43677e-11 2.13804e-09)
(6.01116e-11 1.53627e-08 -2.43673e-10)
(-2.06345e-09 2.13754e-10 1.52161e-08)
(1.59176e-08 -1.5279e-11 2.31841e-09)
(6.15191e-11 1.53706e-08 -2.35953e-10)
(-2.23923e-09 2.08865e-10 1.51984e-08)
(1.58772e-08 -1.56458e-11 2.49279e-09)
(6.24365e-11 1.53784e-08 -2.2849e-10)
(-2.40956e-09 2.03677e-10 1.51794e-08)
(1.58359e-08 -1.56747e-11 2.66134e-09)
(6.30651e-11 1.53862e-08 -2.21241e-10)
(-2.57465e-09 1.98316e-10 1.51594e-08)
(1.57939e-08 -1.55025e-11 2.82419e-09)
(6.35028e-11 1.53938e-08 -2.14161e-10)
(-2.73467e-09 1.92863e-10 1.51385e-08)
(1.57514e-08 -1.52167e-11 2.9815e-09)
(6.37927e-11 1.54012e-08 -2.07221e-10)
(-2.88974e-09 1.87371e-10 1.51167e-08)
(1.57085e-08 -1.48713e-11 3.1334e-09)
(6.39508e-11 1.54086e-08 -2.00403e-10)
(-3.03994e-09 1.81877e-10 1.50942e-08)
(1.56654e-08 -1.44983e-11 3.27999e-09)
(6.39815e-11 1.54158e-08 -1.93696e-10)
(-3.18535e-09 1.76404e-10 1.50711e-08)
(1.56221e-08 -1.41162e-11 3.42141e-09)
(6.38852e-11 1.54228e-08 -1.87096e-10)
(-3.32604e-09 1.70969e-10 1.50476e-08)
(1.55789e-08 -1.37345e-11 3.55775e-09)
(6.36627e-11 1.54297e-08 -1.80603e-10)
(-3.46209e-09 1.65585e-10 1.50237e-08)
(1.55358e-08 -1.33583e-11 3.68913e-09)
(6.33156e-11 1.54365e-08 -1.7422e-10)
(-3.59357e-09 1.60259e-10 1.49995e-08)
(1.54928e-08 -1.29895e-11 3.81566e-09)
(6.28476e-11 1.54431e-08 -1.67948e-10)
(-3.72055e-09 1.54998e-10 1.49752e-08)
(1.54502e-08 -1.26288e-11 3.93743e-09)
(6.22637e-11 1.54496e-08 -1.6179e-10)
(-3.84311e-09 1.49807e-10 1.49508e-08)
(1.5408e-08 -1.22761e-11 4.05456e-09)
(6.15701e-11 1.54559e-08 -1.55749e-10)
(-3.96133e-09 1.4469e-10 1.49264e-08)
(1.53662e-08 -1.19309e-11 4.16716e-09)
(6.07736e-11 1.54621e-08 -1.49827e-10)
(-4.07529e-09 1.3965e-10 1.4902e-08)
(1.5325e-08 -1.15928e-11 4.27532e-09)
(5.98815e-11 1.54682e-08 -1.44025e-10)
(-4.18507e-09 1.34688e-10 1.48779e-08)
(1.52844e-08 -1.12616e-11 4.37916e-09)
(5.89013e-11 1.54742e-08 -1.38346e-10)
(-4.29075e-09 1.29807e-10 1.4854e-08)
(1.52445e-08 -1.09367e-11 4.47878e-09)
(5.78403e-11 1.548e-08 -1.32789e-10)
(-4.39242e-09 1.25007e-10 1.48304e-08)
(1.52053e-08 -1.06181e-11 4.57427e-09)
(5.6706e-11 1.54857e-08 -1.27355e-10)
(-4.49015e-09 1.20291e-10 1.48071e-08)
(1.51668e-08 -1.03054e-11 4.66576e-09)
(5.55054e-11 1.54913e-08 -1.22044e-10)
(-4.58404e-09 1.1566e-10 1.47843e-08)
(1.51292e-08 -9.99861e-12 4.75333e-09)
(5.42454e-11 1.54967e-08 -1.16856e-10)
(-4.67416e-09 1.11114e-10 1.47619e-08)
(1.50925e-08 -9.69759e-12 4.83708e-09)
(5.29326e-11 1.5502e-08 -1.11791e-10)
(-4.76059e-09 1.06653e-10 1.474e-08)
(1.50567e-08 -9.40226e-12 4.91713e-09)
(5.15733e-11 1.55072e-08 -1.06848e-10)
(-4.84343e-09 1.0228e-10 1.47187e-08)
(1.50218e-08 -9.11255e-12 4.99357e-09)
(5.01734e-11 1.55122e-08 -1.02028e-10)
(-4.92275e-09 9.79931e-11 1.46979e-08)
(1.49878e-08 -8.82837e-12 5.06649e-09)
(4.87388e-11 1.55172e-08 -9.73285e-11)
(-4.99863e-09 9.37945e-11 1.46777e-08)
(1.49548e-08 -8.54968e-12 5.136e-09)
(4.72749e-11 1.5522e-08 -9.27496e-11)
(-5.07116e-09 8.96841e-11 1.46582e-08)
(1.49229e-08 -8.2764e-12 5.20219e-09)
(4.57868e-11 1.55266e-08 -8.82903e-11)
(-5.14042e-09 8.56624e-11 1.46393e-08)
(1.48919e-08 -8.00845e-12 5.26516e-09)
(4.42794e-11 1.55312e-08 -8.39497e-11)
(-5.20649e-09 8.17297e-11 1.46211e-08)
(1.4862e-08 -7.74576e-12 5.32499e-09)
(4.27575e-11 1.55356e-08 -7.97269e-11)
(-5.26946e-09 7.78863e-11 1.46036e-08)
(1.48331e-08 -7.48824e-12 5.38179e-09)
(4.12255e-11 1.55399e-08 -7.56209e-11)
(-5.32939e-09 7.41327e-11 1.45868e-08)
(1.48052e-08 -7.2358e-12 5.43563e-09)
(3.96874e-11 1.55441e-08 -7.16307e-11)
(-5.38637e-09 7.04689e-11 1.45707e-08)
(1.47784e-08 -6.98835e-12 5.48662e-09)
(3.81472e-11 1.55482e-08 -6.77552e-11)
(-5.44048e-09 6.68952e-11 1.45553e-08)
(1.47526e-08 -6.74578e-12 5.53484e-09)
(3.66086e-11 1.55522e-08 -6.39934e-11)
(-5.4918e-09 6.34117e-11 1.45406e-08)
(1.47279e-08 -6.50799e-12 5.58038e-09)
(3.50752e-11 1.5556e-08 -6.03444e-11)
(-5.5404e-09 6.00187e-11 1.45267e-08)
(1.47042e-08 -6.27487e-12 5.62332e-09)
(3.35501e-11 1.55597e-08 -5.68069e-11)
(-5.58637e-09 5.67162e-11 1.45135e-08)
(1.46816e-08 -6.04632e-12 5.66375e-09)
(3.20365e-11 1.55633e-08 -5.33802e-11)
(-5.62977e-09 5.35044e-11 1.4501e-08)
(1.46599e-08 -5.82222e-12 5.70175e-09)
(3.05372e-11 1.55668e-08 -5.0063e-11)
(-5.67069e-09 5.03833e-11 1.44892e-08)
(1.46393e-08 -5.60245e-12 5.73741e-09)
(2.90549e-11 1.55702e-08 -4.68544e-11)
(-5.7092e-09 4.73529e-11 1.44781e-08)
(1.46197e-08 -5.3869e-12 5.77081e-09)
(2.75922e-11 1.55735e-08 -4.37535e-11)
(-5.74537e-09 4.44134e-11 1.44677e-08)
(1.46011e-08 -5.17544e-12 5.80203e-09)
(2.61513e-11 1.55767e-08 -4.07594e-11)
(-5.77929e-09 4.15646e-11 1.44581e-08)
(1.45834e-08 -4.96796e-12 5.83115e-09)
(2.47344e-11 1.55797e-08 -3.7871e-11)
(-5.81101e-09 3.88067e-11 1.44491e-08)
(1.45667e-08 -4.76433e-12 5.85825e-09)
(2.33435e-11 1.55826e-08 -3.50875e-11)
(-5.84062e-09 3.61395e-11 1.44407e-08)
(1.45509e-08 -4.56442e-12 5.8834e-09)
(2.19805e-11 1.55855e-08 -3.24082e-11)
(-5.86819e-09 3.35631e-11 1.4433e-08)
(1.4536e-08 -4.36812e-12 5.90669e-09)
(2.0647e-11 1.55882e-08 -2.98321e-11)
(-5.89379e-09 3.10774e-11 1.4426e-08)
(1.4522e-08 -4.1753e-12 5.92819e-09)
(1.93447e-11 1.55908e-08 -2.73585e-11)
(-5.91749e-09 2.86824e-11 1.44195e-08)
(1.45089e-08 -3.98582e-12 5.94797e-09)
(1.8075e-11 1.55933e-08 -2.49868e-11)
(-5.93937e-09 2.63779e-11 1.44136e-08)
(1.44966e-08 -3.79958e-12 5.96611e-09)
(1.6839e-11 1.55958e-08 -2.27161e-11)
(-5.95949e-09 2.4164e-11 1.44083e-08)
(1.44852e-08 -3.61643e-12 5.98269e-09)
(1.56382e-11 1.55981e-08 -2.05458e-11)
(-5.97792e-09 2.20405e-11 1.44036e-08)
(1.44746e-08 -3.43624e-12 5.99777e-09)
(1.44734e-11 1.56003e-08 -1.84754e-11)
(-5.99475e-09 2.00074e-11 1.43994e-08)
(1.44647e-08 -3.2589e-12 6.01144e-09)
(1.33456e-11 1.56024e-08 -1.65043e-11)
(-6.01002e-09 1.80645e-11 1.43956e-08)
(1.44556e-08 -3.08428e-12 6.02375e-09)
(1.22557e-11 1.56044e-08 -1.46319e-11)
(-6.02382e-09 1.62118e-11 1.43924e-08)
(1.44472e-08 -2.91224e-12 6.03479e-09)
(1.12044e-11 1.56063e-08 -1.28578e-11)
(-6.03622e-09 1.44491e-11 1.43896e-08)
(1.44395e-08 -2.74267e-12 6.04463e-09)
(1.01925e-11 1.56081e-08 -1.11815e-11)
(-6.04727e-09 1.27764e-11 1.43873e-08)
(1.44325e-08 -2.57543e-12 6.05332e-09)
(9.22031e-12 1.56098e-08 -9.60251e-12)
(-6.05706e-09 1.11934e-11 1.43853e-08)
(1.44261e-08 -2.41041e-12 6.06096e-09)
(8.28841e-12 1.56114e-08 -8.12059e-12)
(-6.06565e-09 9.70023e-12 1.43838e-08)
(1.44203e-08 -2.24747e-12 6.06759e-09)
(7.39711e-12 1.56129e-08 -6.73542e-12)
(-6.0731e-09 8.29662e-12 1.43826e-08)
(1.44151e-08 -2.08654e-12 6.0733e-09)
(6.54669e-12 1.56143e-08 -5.44677e-12)
(-6.07949e-09 6.98249e-12 1.43817e-08)
(1.44105e-08 -1.92759e-12 6.07815e-09)
(5.73731e-12 1.56156e-08 -4.25447e-12)
(-6.08488e-09 5.75774e-12 1.43811e-08)
(1.44064e-08 -1.77065e-12 6.08221e-09)
(4.96908e-12 1.56168e-08 -3.15845e-12)
(-6.08933e-09 4.62228e-12 1.43808e-08)
(1.44028e-08 -1.61593e-12 6.08554e-09)
(4.242e-12 1.56179e-08 -2.15877e-12)
(-6.09293e-09 3.57603e-12 1.43807e-08)
(1.43996e-08 -1.46385e-12 6.08822e-09)
(3.55604e-12 1.5619e-08 -1.25561e-12)
(-6.09573e-09 2.61898e-12 1.43808e-08)
(1.43969e-08 -1.31524e-12 6.09032e-09)
(2.91124e-12 1.56199e-08 -4.4935e-13)
(-6.0978e-09 1.75123e-12 1.43812e-08)
(1.43947e-08 -1.17152e-12 6.09189e-09)
(2.30786e-12 1.56207e-08 2.59528e-13)
(-6.09921e-09 9.7308e-13 1.43817e-08)
(1.43928e-08 -1.03497e-12 6.09301e-09)
(1.74685e-12 1.56215e-08 8.70484e-13)
(-6.10002e-09 2.85198e-13 1.43823e-08)
(1.43912e-08 -9.09073e-13 6.09375e-09)
(1.23048e-12 1.56221e-08 1.38318e-12)
(-6.1003e-09 -3.11108e-13 1.4383e-08)
(1.439e-08 -7.98714e-13 6.09419e-09)
(7.63866e-13 1.56227e-08 1.798e-12)
(-6.10011e-09 -8.13573e-13 1.43839e-08)
(1.4389e-08 -7.10173e-13 6.09439e-09)
(3.57529e-13 1.56231e-08 2.11698e-12)
(-6.09954e-09 -1.2188e-12 1.43847e-08)
(1.43883e-08 -6.50009e-13 6.09443e-09)
(3.1426e-14 1.56235e-08 2.34569e-12)
(-6.09866e-09 -1.52301e-12 1.43856e-08)
(1.43878e-08 -6.22325e-13 6.09441e-09)
(-1.8025e-13 1.56238e-08 2.49518e-12)
(-6.09755e-09 -1.72587e-12 1.43864e-08)
(1.43876e-08 -6.28133e-13 6.09443e-09)
(-2.36403e-13 1.56242e-08 2.58029e-12)
(-6.09637e-09 -1.83866e-12 1.43871e-08)
(-1.75123e-13 1.56246e-08 2.60868e-12)
(-6.09531e-09 -1.88396e-12 1.43874e-08)
(1.62298e-08 3.61117e-10 3.33143e-10)
(-3.71835e-10 9.90786e-11 1.49123e-08)
(1.62009e-08 1.24054e-10 5.19752e-10)
(-4.14794e-10 2.45817e-10 1.54387e-08)
(1.61666e-08 4.91648e-11 7.22442e-10)
(-6.10118e-10 3.00146e-10 1.53184e-08)
(1.61407e-08 1.90224e-11 9.3233e-10)
(-8.49511e-10 3.17783e-10 1.52961e-08)
(1.61153e-08 -8.69804e-13 1.14311e-09)
(-1.08043e-09 3.2221e-10 1.52868e-08)
(1.60881e-08 -1.39856e-11 1.35147e-09)
(-1.29754e-09 3.20329e-10 1.52744e-08)
(1.60582e-08 -2.1832e-11 1.55546e-09)
(-1.50315e-09 3.15145e-10 1.52605e-08)
(1.60256e-08 -2.61215e-11 1.754e-09)
(-1.69944e-09 3.08332e-10 1.52455e-08)
(1.59907e-08 -2.81855e-11 1.94659e-09)
(-1.88801e-09 3.00799e-10 1.52296e-08)
(1.59538e-08 -2.89261e-11 2.13307e-09)
(-2.0699e-09 2.92995e-10 1.52126e-08)
(1.59152e-08 -2.89153e-11 2.31348e-09)
(-2.24581e-09 2.85128e-10 1.51946e-08)
(1.58754e-08 -2.85006e-11 2.48792e-09)
(-2.41616e-09 2.77282e-10 1.51755e-08)
(1.58345e-08 -2.78857e-11 2.65654e-09)
(-2.58122e-09 2.6949e-10 1.51554e-08)
(1.57928e-08 -2.71851e-11 2.81948e-09)
(-2.74119e-09 2.61765e-10 1.51344e-08)
(1.57506e-08 -2.64597e-11 2.97687e-09)
(-2.89618e-09 2.5411e-10 1.51126e-08)
(1.57079e-08 -2.57396e-11 3.12885e-09)
(-3.04629e-09 2.46529e-10 1.50902e-08)
(1.56649e-08 -2.50376e-11 3.27553e-09)
(-3.1916e-09 2.39025e-10 1.50671e-08)
(1.56218e-08 -2.43579e-11 3.41702e-09)
(-3.33218e-09 2.31601e-10 1.50436e-08)
(1.55787e-08 -2.37001e-11 3.55345e-09)
(-3.46812e-09 2.24262e-10 1.50197e-08)
(1.55357e-08 -2.30625e-11 3.68492e-09)
(-3.59948e-09 2.17013e-10 1.49956e-08)
(1.54929e-08 -2.24428e-11 3.81153e-09)
(-3.72634e-09 2.09857e-10 1.49712e-08)
(1.54504e-08 -2.18388e-11 3.93339e-09)
(-3.84878e-09 2.028e-10 1.49469e-08)
(1.54083e-08 -2.12491e-11 4.05061e-09)
(-3.96688e-09 1.95844e-10 1.49225e-08)
(1.53666e-08 -2.06721e-11 4.1633e-09)
(-4.08071e-09 1.88993e-10 1.48982e-08)
(1.53255e-08 -2.01071e-11 4.27156e-09)
(-4.19037e-09 1.8225e-10 1.48741e-08)
(1.5285e-08 -1.95534e-11 4.37548e-09)
(-4.29593e-09 1.75616e-10 1.48503e-08)
(1.52451e-08 -1.90105e-11 4.47519e-09)
(-4.39747e-09 1.69094e-10 1.48267e-08)
(1.52059e-08 -1.84781e-11 4.57078e-09)
(-4.49509e-09 1.62685e-10 1.48035e-08)
(1.51676e-08 -1.79558e-11 4.66235e-09)
(-4.58885e-09 1.56391e-10 1.47807e-08)
(1.513e-08 -1.74436e-11 4.75001e-09)
(-4.67885e-09 1.50213e-10 1.47584e-08)
(1.50933e-08 -1.69411e-11 4.83386e-09)
(-4.76517e-09 1.44153e-10 1.47365e-08)
(1.50575e-08 -1.64483e-11 4.914e-09)
(-4.84789e-09 1.38211e-10 1.47153e-08)
(1.50226e-08 -1.5965e-11 4.99052e-09)
(-4.9271e-09 1.32387e-10 1.46945e-08)
(1.49887e-08 -1.54909e-11 5.06354e-09)
(-5.00287e-09 1.26684e-10 1.46744e-08)
(1.49558e-08 -1.50258e-11 5.13313e-09)
(-5.07529e-09 1.21101e-10 1.4655e-08)
(1.49238e-08 -1.45697e-11 5.19941e-09)
(-5.14445e-09 1.15639e-10 1.46361e-08)
(1.48929e-08 -1.41221e-11 5.26245e-09)
(-5.21041e-09 1.10299e-10 1.4618e-08)
(1.4863e-08 -1.36831e-11 5.32237e-09)
(-5.27327e-09 1.05081e-10 1.46005e-08)
(1.48341e-08 -1.32523e-11 5.37924e-09)
(-5.33309e-09 9.99853e-11 1.45838e-08)
(1.48062e-08 -1.28295e-11 5.43317e-09)
(-5.38997e-09 9.50122e-11 1.45678e-08)
(1.47794e-08 -1.24144e-11 5.48424e-09)
(-5.44398e-09 9.01621e-11 1.45524e-08)
(1.47536e-08 -1.2007e-11 5.53254e-09)
(-5.4952e-09 8.54351e-11 1.45379e-08)
(1.47289e-08 -1.16069e-11 5.57815e-09)
(-5.5437e-09 8.08315e-11 1.4524e-08)
(1.47052e-08 -1.12139e-11 5.62117e-09)
(-5.58957e-09 7.63514e-11 1.45109e-08)
(1.46825e-08 -1.08278e-11 5.66167e-09)
(-5.63288e-09 7.19948e-11 1.44984e-08)
(1.46609e-08 -1.04483e-11 5.69975e-09)
(-5.6737e-09 6.77619e-11 1.44867e-08)
(1.46403e-08 -1.00753e-11 5.73548e-09)
(-5.71211e-09 6.36527e-11 1.44757e-08)
(1.46206e-08 -9.70843e-12 5.76895e-09)
(-5.74819e-09 5.96672e-11 1.44655e-08)
(1.4602e-08 -9.34756e-12 5.80024e-09)
(-5.78201e-09 5.58053e-11 1.44558e-08)
(1.45843e-08 -8.99246e-12 5.82943e-09)
(-5.81364e-09 5.2067e-11 1.44469e-08)
(1.45675e-08 -8.64288e-12 5.8566e-09)
(-5.84316e-09 4.84524e-11 1.44387e-08)
(1.45517e-08 -8.29862e-12 5.88182e-09)
(-5.87064e-09 4.49612e-11 1.4431e-08)
(1.45368e-08 -7.95946e-12 5.90517e-09)
(-5.89615e-09 4.15934e-11 1.4424e-08)
(1.45228e-08 -7.62519e-12 5.92674e-09)
(-5.91976e-09 3.8349e-11 1.44177e-08)
(1.45097e-08 -7.29559e-12 5.94658e-09)
(-5.94155e-09 3.52278e-11 1.44119e-08)
(1.44974e-08 -6.97046e-12 5.96479e-09)
(-5.96158e-09 3.22297e-11 1.44066e-08)
(1.44859e-08 -6.64959e-12 5.98143e-09)
(-5.97993e-09 2.93546e-11 1.4402e-08)
(1.44753e-08 -6.33276e-12 5.99658e-09)
(-5.99666e-09 2.66023e-11 1.43978e-08)
(1.44654e-08 -6.01977e-12 6.0103e-09)
(-6.01185e-09 2.39727e-11 1.43942e-08)
(1.44562e-08 -5.71045e-12 6.02268e-09)
(-6.02556e-09 2.14658e-11 1.4391e-08)
(1.44478e-08 -5.40461e-12 6.03378e-09)
(-6.03787e-09 1.90813e-11 1.43883e-08)
(1.44401e-08 -5.10209e-12 6.04367e-09)
(-6.04883e-09 1.68191e-11 1.4386e-08)
(1.4433e-08 -4.80264e-12 6.05243e-09)
(-6.05853e-09 1.46791e-11 1.43842e-08)
(1.44266e-08 -4.50601e-12 6.06012e-09)
(-6.06703e-09 1.2661e-11 1.43827e-08)
(1.44208e-08 -4.21197e-12 6.06682e-09)
(-6.07439e-09 1.0765e-11 1.43815e-08)
(1.44156e-08 -3.92029e-12 6.07258e-09)
(-6.08069e-09 8.9907e-12 1.43807e-08)
(1.44109e-08 -3.63076e-12 6.07749e-09)
(-6.08599e-09 7.33815e-12 1.43802e-08)
(1.44068e-08 -3.34316e-12 6.08161e-09)
(-6.09037e-09 5.80722e-12 1.43799e-08)
(1.44031e-08 -3.05731e-12 6.085e-09)
(-6.09387e-09 4.39792e-12 1.43799e-08)
(1.44e-08 -2.77315e-12 6.08774e-09)
(-6.09658e-09 3.11031e-12 1.43801e-08)
(1.43973e-08 -2.49088e-12 6.08989e-09)
(-6.09856e-09 1.94464e-12 1.43805e-08)
(1.4395e-08 -2.21126e-12 6.09151e-09)
(-6.09988e-09 9.01456e-13 1.43811e-08)
(1.4393e-08 -1.93613e-12 6.09269e-09)
(-6.10059e-09 -1.81892e-14 1.43818e-08)
(1.43914e-08 -1.66933e-12 6.09348e-09)
(-6.10078e-09 -8.12358e-13 1.43826e-08)
(1.43902e-08 -1.41857e-12 6.09396e-09)
(-6.1005e-09 -1.47754e-12 1.43834e-08)
(1.43892e-08 -1.19882e-12 6.0942e-09)
(-6.09983e-09 -2.00746e-12 1.43844e-08)
(1.43884e-08 -1.03713e-12 6.09429e-09)
(-6.09885e-09 -2.39151e-12 1.43853e-08)
(1.43878e-08 -9.74287e-13 6.09431e-09)
(-6.09765e-09 -2.61505e-12 1.43863e-08)
(1.43875e-08 -1.03053e-12 6.09436e-09)
(-6.09639e-09 -2.66832e-12 1.43871e-08)
(-6.09533e-09 -2.62623e-12 1.43875e-08)
(1.64915e-08 -4.35384e-10 5.32537e-10)
(7.64969e-10 1.48918e-08 1.04282e-10)
(1.64021e-08 -1.53134e-10 5.5317e-10)
(2.87532e-10 1.53598e-08 2.31794e-10)
(1.63777e-08 -5.97617e-11 7.55601e-10)
(9.59614e-11 1.52368e-08 2.6986e-10)
(1.63569e-08 -2.23424e-11 9.93559e-10)
(2.16129e-11 1.52252e-08 2.78873e-10)
(1.6329e-08 1.04792e-12 1.22302e-09)
(-1.80876e-11 1.52356e-08 2.77606e-10)
(1.62966e-08 1.60635e-11 1.44169e-09)
(-4.12821e-11 1.5246e-08 2.72263e-10)
(1.62603e-08 2.48369e-11 1.65125e-09)
(-5.44311e-11 1.52567e-08 2.65149e-10)
(1.6221e-08 2.94982e-11 1.85269e-09)
(-6.1682e-11 1.52676e-08 2.57423e-10)
(1.61793e-08 3.16731e-11 2.04664e-09)
(-6.56312e-11 1.52786e-08 2.49634e-10)
(1.61358e-08 3.24191e-11 2.23363e-09)
(-6.78087e-11 1.52895e-08 2.41987e-10)
(1.60908e-08 3.23777e-11 2.41405e-09)
(-6.90585e-11 1.53002e-08 2.34519e-10)
(1.60448e-08 3.19247e-11 2.58823e-09)
(-6.9819e-11 1.53108e-08 2.27211e-10)
(1.59979e-08 3.12741e-11 2.75641e-09)
(-7.0305e-11 1.53211e-08 2.20037e-10)
(1.59503e-08 3.05427e-11 2.91878e-09)
(-7.06135e-11 1.53313e-08 2.12972e-10)
(1.59023e-08 2.97904e-11 3.07549e-09)
(-7.07828e-11 1.53413e-08 2.06006e-10)
(1.58541e-08 2.90458e-11 3.22668e-09)
(-7.0824e-11 1.5351e-08 1.99132e-10)
(1.58057e-08 2.83199e-11 3.37247e-09)
(-7.07378e-11 1.53606e-08 1.92353e-10)
(1.57573e-08 2.76156e-11 3.51299e-09)
(-7.05228e-11 1.53699e-08 1.85673e-10)
(1.5709e-08 2.69318e-11 3.64834e-09)
(-7.01783e-11 1.53791e-08 1.79096e-10)
(1.56609e-08 2.6266e-11 3.77864e-09)
(-6.97063e-11 1.53881e-08 1.7263e-10)
(1.56132e-08 2.56158e-11 3.904e-09)
(-6.91104e-11 1.53969e-08 1.66278e-10)
(1.55658e-08 2.4979e-11 4.02453e-09)
(-6.83962e-11 1.54055e-08 1.60045e-10)
(1.5519e-08 2.43539e-11 4.14034e-09)
(-6.75706e-11 1.54138e-08 1.53936e-10)
(1.54727e-08 2.37393e-11 4.25155e-09)
(-6.6641e-11 1.5422e-08 1.47952e-10)
(1.54271e-08 2.31345e-11 4.35826e-09)
(-6.56152e-11 1.543e-08 1.42095e-10)
(1.53822e-08 2.25389e-11 4.46059e-09)
(-6.45011e-11 1.54379e-08 1.36367e-10)
(1.53381e-08 2.19522e-11 4.55864e-09)
(-6.33067e-11 1.54455e-08 1.30769e-10)
(1.52948e-08 2.13742e-11 4.65253e-09)
(-6.20396e-11 1.54529e-08 1.253e-10)
(1.52524e-08 2.08048e-11 4.74236e-09)
(-6.07071e-11 1.54602e-08 1.19961e-10)
(1.52109e-08 2.02438e-11 4.82825e-09)
(-5.93163e-11 1.54672e-08 1.14752e-10)
(1.51704e-08 1.96912e-11 4.91029e-09)
(-5.7874e-11 1.54741e-08 1.09672e-10)
(1.51309e-08 1.91469e-11 4.98859e-09)
(-5.63867e-11 1.54808e-08 1.0472e-10)
(1.50924e-08 1.86109e-11 5.06326e-09)
(-5.48604e-11 1.54874e-08 9.98956e-11)
(1.5055e-08 1.8083e-11 5.13439e-09)
(-5.3301e-11 1.54937e-08 9.5198e-11)
(1.50187e-08 1.75633e-11 5.2021e-09)
(-5.1714e-11 1.54999e-08 9.06259e-11)
(1.49834e-08 1.70515e-11 5.26647e-09)
(-5.01046e-11 1.55059e-08 8.61783e-11)
(1.49493e-08 1.65475e-11 5.32761e-09)
(-4.84777e-11 1.55117e-08 8.1854e-11)
(1.49163e-08 1.60513e-11 5.38561e-09)
(-4.68381e-11 1.55173e-08 7.76519e-11)
(1.48844e-08 1.55627e-11 5.44056e-09)
(-4.519e-11 1.55228e-08 7.35706e-11)
(1.48536e-08 1.50816e-11 5.49257e-09)
(-4.35378e-11 1.55281e-08 6.9609e-11)
(1.4824e-08 1.46077e-11 5.54172e-09)
(-4.18851e-11 1.55333e-08 6.57657e-11)
(1.47956e-08 1.4141e-11 5.58811e-09)
(-4.02358e-11 1.55383e-08 6.20394e-11)
(1.47682e-08 1.36813e-11 5.63183e-09)
(-3.85933e-11 1.55431e-08 5.84289e-11)
(1.4742e-08 1.32284e-11 5.67295e-09)
(-3.69608e-11 1.55478e-08 5.49329e-11)
(1.47169e-08 1.27822e-11 5.71158e-09)
(-3.53413e-11 1.55523e-08 5.155e-11)
(1.46929e-08 1.23425e-11 5.74779e-09)
(-3.37376e-11 1.55567e-08 4.82792e-11)
(1.467e-08 1.1909e-11 5.78168e-09)
(-3.21524e-11 1.55609e-08 4.51191e-11)
(1.46482e-08 1.14817e-11 5.81332e-09)
(-3.0588e-11 1.55649e-08 4.20686e-11)
(1.46274e-08 1.10604e-11 5.8428e-09)
(-2.90468e-11 1.55688e-08 3.91265e-11)
(1.46077e-08 1.06448e-11 5.87019e-09)
(-2.75308e-11 1.55726e-08 3.62917e-11)
(1.45891e-08 1.02348e-11 5.89559e-09)
(-2.60419e-11 1.55762e-08 3.35632e-11)
(1.45714e-08 9.83019e-12 5.91906e-09)
(-2.45819e-11 1.55797e-08 3.09399e-11)
(1.45548e-08 9.43084e-12 5.94069e-09)
(-2.31525e-11 1.55831e-08 2.84208e-11)
(1.45391e-08 9.03653e-12 5.96056e-09)
(-2.17551e-11 1.55863e-08 2.60049e-11)
(1.45244e-08 8.64709e-12 5.97873e-09)
(-2.0391e-11 1.55893e-08 2.36915e-11)
(1.45106e-08 8.26233e-12 5.99529e-09)
(-1.90615e-11 1.55923e-08 2.14796e-11)
(1.44977e-08 7.88207e-12 6.01031e-09)
(-1.77677e-11 1.55951e-08 1.93685e-11)
(1.44857e-08 7.50609e-12 6.02386e-09)
(-1.65106e-11 1.55977e-08 1.73574e-11)
(1.44745e-08 7.13423e-12 6.03602e-09)
(-1.5291e-11 1.56003e-08 1.54456e-11)
(1.44642e-08 6.76632e-12 6.04687e-09)
(-1.41097e-11 1.56027e-08 1.36325e-11)
(1.44547e-08 6.40223e-12 6.05646e-09)
(-1.29674e-11 1.5605e-08 1.19175e-11)
(1.44459e-08 6.04177e-12 6.06488e-09)
(-1.18647e-11 1.56071e-08 1.02999e-11)
(1.44379e-08 5.68471e-12 6.07219e-09)
(-1.0802e-11 1.56091e-08 8.77926e-12)
(1.44306e-08 5.33078e-12 6.07846e-09)
(-9.77975e-12 1.5611e-08 7.35518e-12)
(1.44239e-08 4.97977e-12 6.08377e-09)
(-8.79817e-12 1.56128e-08 6.02728e-12)
(1.4418e-08 4.63146e-12 6.08818e-09)
(-7.85748e-12 1.56145e-08 4.79523e-12)
(1.44127e-08 4.28563e-12 6.09176e-09)
(-6.95778e-12 1.5616e-08 3.65876e-12)
(1.44079e-08 3.94206e-12 6.09458e-09)
(-6.09902e-12 1.56174e-08 2.6177e-12)
(1.44038e-08 3.60056e-12 6.0967e-09)
(-5.28107e-12 1.56187e-08 1.67202e-12)
(1.44002e-08 3.26105e-12 6.0982e-09)
(-4.5037e-12 1.56199e-08 8.21861e-13)
(1.43971e-08 2.92375e-12 6.09915e-09)
(-3.76668e-12 1.5621e-08 6.7613e-14)
(1.43945e-08 2.5894e-12 6.0996e-09)
(-3.06997e-12 1.56219e-08 -5.90013e-13)
(1.43923e-08 2.25981e-12 6.09963e-09)
(-2.41416e-12 1.56227e-08 -1.14988e-12)
(1.43906e-08 1.93863e-12 6.0993e-09)
(-1.80118e-12 1.56234e-08 -1.61026e-12)
(1.43893e-08 1.63297e-12 6.09869e-09)
(-1.23583e-12 1.5624e-08 -1.96875e-12)
(1.43883e-08 1.35607e-12 6.09789e-09)
(-7.28591e-13 1.56245e-08 -2.22222e-12)
(1.43877e-08 1.13035e-12 6.09699e-09)
(-3.00436e-13 1.56249e-08 -2.36763e-12)
(1.43873e-08 9.87895e-13 6.09615e-09)
(1.11918e-14 1.56251e-08 -2.40574e-12)
(1.43871e-08 9.46694e-13 6.09556e-09)
(1.53628e-13 1.56251e-08 -2.35478e-12)
(1.14259e-13 1.56251e-08 -2.27628e-12)
(1.64413e-08 -4.32512e-11 5.63044e-10)
(4.48852e-10 1.49657e-08 7.33268e-11)
(1.64469e-08 -6.62302e-11 5.56055e-10)
(2.12853e-10 1.54391e-08 1.60489e-10)
(1.64234e-08 -5.19441e-11 7.54659e-10)
(8.91104e-11 1.52558e-08 1.8129e-10)
(1.63954e-08 -3.28736e-11 9.93887e-10)
(2.72579e-11 1.52261e-08 1.8577e-10)
(1.63615e-08 -1.72707e-11 1.22403e-09)
(-6.26994e-12 1.52315e-08 1.84888e-10)
(1.63237e-08 -5.69249e-12 1.44294e-09)
(-2.50334e-11 1.52401e-08 1.81857e-10)
(1.62831e-08 2.4015e-12 1.65253e-09)
(-3.5423e-11 1.52504e-08 1.77748e-10)
(1.62405e-08 7.76154e-12 1.85391e-09)
(-4.10887e-11 1.52616e-08 1.73146e-10)
(1.61963e-08 1.11242e-11 2.0478e-09)
(-4.41372e-11 1.5273e-08 1.6837e-10)
(1.61509e-08 1.30978e-11 2.23473e-09)
(-4.57801e-11 1.52843e-08 1.63566e-10)
(1.61046e-08 1.41448e-11 2.41513e-09)
(-4.66894e-11 1.52955e-08 1.58782e-10)
(1.60575e-08 1.45972e-11 2.5893e-09)
(-4.72192e-11 1.53063e-08 1.54033e-10)
(1.60098e-08 1.46828e-11 2.75748e-09)
(-4.75451e-11 1.53169e-08 1.4932e-10)
(1.59617e-08 1.4552e-11 2.91987e-09)
(-4.77475e-11 1.53272e-08 1.44642e-10)
(1.59131e-08 1.43001e-11 3.0766e-09)
(-4.78583e-11 1.53373e-08 1.40003e-10)
(1.58644e-08 1.39855e-11 3.22781e-09)
(-4.78868e-11 1.53471e-08 1.35409e-10)
(1.58155e-08 1.36427e-11 3.37363e-09)
(-4.78336e-11 1.53568e-08 1.30865e-10)
(1.57666e-08 1.32909e-11 3.51417e-09)
(-4.76966e-11 1.53662e-08 1.26379e-10)
(1.57179e-08 1.29401e-11 3.64953e-09)
(-4.74746e-11 1.53754e-08 1.21956e-10)
(1.56694e-08 1.2595e-11 3.77984e-09)
(-4.71677e-11 1.53844e-08 1.17603e-10)
(1.56213e-08 1.22576e-11 3.9052e-09)
(-4.67779e-11 1.53933e-08 1.13323e-10)
(1.55736e-08 1.1928e-11 4.02572e-09)
(-4.63084e-11 1.54019e-08 1.09122e-10)
(1.55264e-08 1.16061e-11 4.14153e-09)
(-4.57634e-11 1.54104e-08 1.05e-10)
(1.54797e-08 1.12911e-11 4.25272e-09)
(-4.51476e-11 1.54186e-08 1.00962e-10)
(1.54338e-08 1.09826e-11 4.35941e-09)
(-4.44663e-11 1.54267e-08 9.70069e-11)
(1.53886e-08 1.06799e-11 4.46171e-09)
(-4.37246e-11 1.54345e-08 9.31373e-11)
(1.53441e-08 1.03828e-11 4.55974e-09)
(-4.29279e-11 1.54422e-08 8.93533e-11)
(1.53005e-08 1.00909e-11 4.6536e-09)
(-4.20813e-11 1.54497e-08 8.56552e-11)
(1.52578e-08 9.80403e-12 4.7434e-09)
(-4.11896e-11 1.54571e-08 8.20431e-11)
(1.52161e-08 9.52202e-12 4.82925e-09)
(-4.02578e-11 1.54642e-08 7.85169e-11)
(1.51753e-08 9.24478e-12 4.91125e-09)
(-3.92903e-11 1.54711e-08 7.50762e-11)
(1.51355e-08 8.97223e-12 4.98951e-09)
(-3.82915e-11 1.54779e-08 7.17206e-11)
(1.50968e-08 8.70433e-12 5.06414e-09)
(-3.72656e-11 1.54845e-08 6.84498e-11)
(1.50591e-08 8.44102e-12 5.13523e-09)
(-3.62164e-11 1.54909e-08 6.5263e-11)
(1.50225e-08 8.18226e-12 5.20289e-09)
(-3.51477e-11 1.54972e-08 6.21598e-11)
(1.49871e-08 7.92799e-12 5.26722e-09)
(-3.40631e-11 1.55032e-08 5.91394e-11)
(1.49527e-08 7.67818e-12 5.32831e-09)
(-3.29659e-11 1.55091e-08 5.62011e-11)
(1.49195e-08 7.43277e-12 5.38627e-09)
(-3.18593e-11 1.55149e-08 5.33441e-11)
(1.48874e-08 7.1917e-12 5.44118e-09)
(-3.07462e-11 1.55204e-08 5.05679e-11)
(1.48565e-08 6.95491e-12 5.49314e-09)
(-2.96296e-11 1.55258e-08 4.78715e-11)
(1.48267e-08 6.72233e-12 5.54225e-09)
(-2.8512e-11 1.5531e-08 4.52541e-11)
(1.4798e-08 6.49389e-12 5.5886e-09)
(-2.7396e-11 1.55361e-08 4.27151e-11)
(1.47705e-08 6.26952e-12 5.63227e-09)
(-2.6284e-11 1.5541e-08 4.02535e-11)
(1.47441e-08 6.04914e-12 5.67335e-09)
(-2.51781e-11 1.55458e-08 3.78687e-11)
(1.47189e-08 5.83266e-12 5.71194e-09)
(-2.40805e-11 1.55504e-08 3.55599e-11)
(1.46947e-08 5.62001e-12 5.74811e-09)
(-2.29931e-11 1.55548e-08 3.33263e-11)
(1.46717e-08 5.4111e-12 5.78196e-09)
(-2.19177e-11 1.55591e-08 3.11672e-11)
(1.46498e-08 5.20583e-12 5.81356e-09)
(-2.08559e-11 1.55632e-08 2.90818e-11)
(1.46289e-08 5.00412e-12 5.843e-09)
(-1.98095e-11 1.55672e-08 2.70695e-11)
(1.46091e-08 4.80587e-12 5.87036e-09)
(-1.87797e-11 1.55711e-08 2.51296e-11)
(1.45903e-08 4.61099e-12 5.89572e-09)
(-1.77681e-11 1.55748e-08 2.32614e-11)
(1.45726e-08 4.41939e-12 5.91916e-09)
(-1.67757e-11 1.55783e-08 2.14643e-11)
(1.45558e-08 4.23097e-12 5.94076e-09)
(-1.58037e-11 1.55818e-08 1.97378e-11)
(1.454e-08 4.04562e-12 5.9606e-09)
(-1.48533e-11 1.5585e-08 1.80811e-11)
(1.45252e-08 3.86326e-12 5.97874e-09)
(-1.39252e-11 1.55882e-08 1.64939e-11)
(1.45113e-08 3.68377e-12 5.99528e-09)
(-1.30205e-11 1.55912e-08 1.49756e-11)
(1.44983e-08 3.50706e-12 6.01027e-09)
(-1.21398e-11 1.5594e-08 1.35256e-11)
(1.44863e-08 3.33302e-12 6.0238e-09)
(-1.12839e-11 1.55968e-08 1.21436e-11)
(1.4475e-08 3.16156e-12 6.03595e-09)
(-1.04534e-11 1.55994e-08 1.08292e-11)
(1.44646e-08 2.99256e-12 6.04677e-09)
(-9.64884e-12 1.56018e-08 9.58182e-12)
(1.4455e-08 2.82592e-12 6.05634e-09)
(-8.87072e-12 1.56042e-08 8.40123e-12)
(1.44462e-08 2.66154e-12 6.06474e-09)
(-8.11947e-12 1.56064e-08 7.28704e-12)
(1.44381e-08 2.49932e-12 6.07204e-09)
(-7.39541e-12 1.56085e-08 6.23892e-12)
(1.44307e-08 2.33914e-12 6.0783e-09)
(-6.69878e-12 1.56104e-08 5.25663e-12)
(1.44241e-08 2.18093e-12 6.0836e-09)
(-6.02981e-12 1.56123e-08 4.33991e-12)
(1.4418e-08 2.02462e-12 6.088e-09)
(-5.38862e-12 1.5614e-08 3.48858e-12)
(1.44127e-08 1.87023e-12 6.09157e-09)
(-4.77525e-12 1.56156e-08 2.7025e-12)
(1.44079e-08 1.71787e-12 6.09439e-09)
(-4.18968e-12 1.5617e-08 1.98159e-12)
(1.44037e-08 1.56782e-12 6.09651e-09)
(-3.63178e-12 1.56183e-08 1.32587e-12)
(1.44001e-08 1.42071e-12 6.09801e-09)
(-3.10138e-12 1.56196e-08 7.35493e-13)
(1.4397e-08 1.27761e-12 6.09895e-09)
(-2.59833e-12 1.56207e-08 2.10763e-13)
(1.43943e-08 1.14037e-12 6.09941e-09)
(-2.12269e-12 1.56216e-08 -2.47804e-13)
(1.43922e-08 1.01186e-12 6.09945e-09)
(-1.67508e-12 1.56225e-08 -6.39466e-13)
(1.43904e-08 8.96323e-13 6.09914e-09)
(-1.25731e-12 1.56232e-08 -9.63289e-13)
(1.43891e-08 7.99423e-13 6.09855e-09)
(-8.73524e-13 1.56238e-08 -1.21835e-12)
(1.43882e-08 7.27443e-13 6.09777e-09)
(-5.31867e-13 1.56243e-08 -1.40446e-12)
(1.43876e-08 6.84455e-13 6.0969e-09)
(-2.46592e-13 1.56247e-08 -1.52413e-12)
(1.43872e-08 6.66867e-13 6.09608e-09)
(-3.87381e-14 1.5625e-08 -1.58671e-12)
(1.43871e-08 6.60857e-13 6.09547e-09)
(7.18488e-14 1.56251e-08 -1.61348e-12)
(1.03001e-13 1.56251e-08 -1.62583e-12)
(1.64223e-08 5.40659e-12 6.21893e-10)
(2.09575e-10 1.4983e-08 3.68716e-11)
(1.64363e-08 -2.66143e-11 5.65283e-10)
(1.10006e-10 1.55131e-08 8.09536e-11)
(1.6431e-08 -2.96791e-11 7.52667e-10)
(4.99795e-11 1.52852e-08 9.0709e-11)
(1.64089e-08 -2.25251e-11 9.92008e-10)
(1.74701e-11 1.5235e-08 9.24923e-11)
(1.63748e-08 -1.45933e-11 1.22272e-09)
(-8.74942e-13 1.52332e-08 9.19886e-11)
(1.63351e-08 -7.99699e-12 1.44165e-09)
(-1.13363e-11 1.52388e-08 9.06689e-11)
(1.62925e-08 -2.96488e-12 1.65109e-09)
(-1.71695e-11 1.52477e-08 8.88723e-11)
(1.6248e-08 6.48846e-13 1.8523e-09)
(-2.03572e-11 1.52584e-08 8.67998e-11)
(1.62024e-08 3.10508e-12 2.04604e-09)
(-2.20732e-11 1.52698e-08 8.45886e-11)
(1.61559e-08 4.6825e-12 2.23286e-09)
(-2.29939e-11 1.52812e-08 8.23131e-11)
(1.61088e-08 5.62907e-12 2.41317e-09)
(-2.34971e-11 1.52926e-08 8.00078e-11)
(1.60611e-08 6.14361e-12 2.58728e-09)
(-2.37837e-11 1.53036e-08 7.76884e-11)
(1.6013e-08 6.37449e-12 2.75543e-09)
(-2.39554e-11 1.53143e-08 7.53642e-11)
(1.59645e-08 6.42667e-12 2.9178e-09)
(-2.40596e-11 1.53248e-08 7.30418e-11)
(1.59157e-08 6.37125e-12 3.07453e-09)
(-2.41158e-11 1.5335e-08 7.07279e-11)
(1.58667e-08 6.25456e-12 3.22575e-09)
(-2.41306e-11 1.53449e-08 6.84285e-11)
(1.58177e-08 6.10564e-12 3.37159e-09)
(-2.41046e-11 1.53546e-08 6.61494e-11)
(1.57687e-08 5.94193e-12 3.51215e-09)
(-2.4037e-11 1.53641e-08 6.38956e-11)
(1.57199e-08 5.77343e-12 3.64754e-09)
(-2.39271e-11 1.53733e-08 6.16715e-11)
(1.56713e-08 5.60549e-12 3.77788e-09)
(-2.37747e-11 1.53824e-08 5.94807e-11)
(1.5623e-08 5.4407e-12 3.90327e-09)
(-2.35807e-11 1.53913e-08 5.7326e-11)
(1.55752e-08 5.28013e-12 4.02383e-09)
(-2.33467e-11 1.54e-08 5.52096e-11)
(1.55279e-08 5.12398e-12 4.13967e-09)
(-2.30746e-11 1.54085e-08 5.31331e-11)
(1.54812e-08 4.97212e-12 4.25089e-09)
(-2.27667e-11 1.54168e-08 5.10977e-11)
(1.54351e-08 4.82423e-12 4.35762e-09)
(-2.24257e-11 1.54249e-08 4.91043e-11)
(1.53898e-08 4.68e-12 4.45995e-09)
(-2.20542e-11 1.54328e-08 4.71534e-11)
(1.53453e-08 4.53913e-12 4.55801e-09)
(-2.16548e-11 1.54405e-08 4.52453e-11)
(1.53016e-08 4.4014e-12 4.6519e-09)
(-2.123e-11 1.54481e-08 4.33802e-11)
(1.52589e-08 4.26661e-12 4.74173e-09)
(-2.07824e-11 1.54554e-08 4.15582e-11)
(1.5217e-08 4.13465e-12 4.82761e-09)
(-2.03144e-11 1.54626e-08 3.97791e-11)
(1.51762e-08 4.0054e-12 4.90964e-09)
(-1.98283e-11 1.54696e-08 3.80429e-11)
(1.51364e-08 3.8788e-12 4.98794e-09)
(-1.93263e-11 1.54764e-08 3.63493e-11)
(1.50976e-08 3.75479e-12 5.06259e-09)
(-1.88104e-11 1.5483e-08 3.46982e-11)
(1.50599e-08 3.63332e-12 5.13372e-09)
(-1.82826e-11 1.54895e-08 3.30893e-11)
(1.50232e-08 3.51436e-12 5.20141e-09)
(-1.77449e-11 1.54958e-08 3.15222e-11)
(1.49877e-08 3.39786e-12 5.26576e-09)
(-1.7199e-11 1.55019e-08 2.99967e-11)
(1.49533e-08 3.2838e-12 5.32689e-09)
(-1.66466e-11 1.55078e-08 2.85123e-11)
(1.49201e-08 3.17212e-12 5.38487e-09)
(-1.60893e-11 1.55136e-08 2.70688e-11)
(1.48879e-08 3.06281e-12 5.43982e-09)
(-1.55286e-11 1.55192e-08 2.56658e-11)
(1.4857e-08 2.95581e-12 5.49181e-09)
(-1.4966e-11 1.55246e-08 2.43029e-11)
(1.48271e-08 2.85108e-12 5.54095e-09)
(-1.44029e-11 1.55299e-08 2.29797e-11)
(1.47985e-08 2.74859e-12 5.58732e-09)
(-1.38404e-11 1.5535e-08 2.16959e-11)
(1.47709e-08 2.64828e-12 5.63103e-09)
(-1.32798e-11 1.554e-08 2.0451e-11)
(1.47445e-08 2.55011e-12 5.67214e-09)
(-1.27222e-11 1.55448e-08 1.92447e-11)
(1.47192e-08 2.45402e-12 5.71076e-09)
(-1.21687e-11 1.55494e-08 1.80766e-11)
(1.46951e-08 2.35998e-12 5.74696e-09)
(-1.16203e-11 1.55539e-08 1.69464e-11)
(1.4672e-08 2.26792e-12 5.78084e-09)
(-1.10778e-11 1.55582e-08 1.58536e-11)
(1.465e-08 2.17781e-12 5.81247e-09)
(-1.05422e-11 1.55624e-08 1.4798e-11)
(1.46291e-08 2.08957e-12 5.84195e-09)
(-1.00142e-11 1.55664e-08 1.37792e-11)
(1.46093e-08 2.00317e-12 5.86934e-09)
(-9.49451e-12 1.55703e-08 1.27969e-11)
(1.45905e-08 1.91854e-12 5.89473e-09)
(-8.98393e-12 1.5574e-08 1.18507e-11)
(1.45728e-08 1.83563e-12 5.91821e-09)
(-8.48304e-12 1.55776e-08 1.09404e-11)
(1.4556e-08 1.7544e-12 5.93984e-09)
(-7.99241e-12 1.55811e-08 1.00657e-11)
(1.45402e-08 1.67477e-12 5.9597e-09)
(-7.51259e-12 1.55844e-08 9.22622e-12)
(1.45254e-08 1.5967e-12 5.97788e-09)
(-7.04405e-12 1.55876e-08 8.42178e-12)
(1.45115e-08 1.52012e-12 5.99445e-09)
(-6.58725e-12 1.55906e-08 7.65211e-12)
(1.44985e-08 1.44499e-12 6.00948e-09)
(-6.14257e-12 1.55935e-08 6.91697e-12)
(1.44864e-08 1.37124e-12 6.02304e-09)
(-5.71037e-12 1.55963e-08 6.21615e-12)
(1.44751e-08 1.29883e-12 6.03521e-09)
(-5.29097e-12 1.55989e-08 5.54942e-12)
(1.44647e-08 1.22768e-12 6.04607e-09)
(-4.88466e-12 1.56014e-08 4.91661e-12)
(1.44551e-08 1.15774e-12 6.05568e-09)
(-4.49169e-12 1.56038e-08 4.31752e-12)
(1.44462e-08 1.08896e-12 6.06411e-09)
(-4.11228e-12 1.5606e-08 3.75198e-12)
(1.44382e-08 1.02128e-12 6.07144e-09)
(-3.74659e-12 1.56081e-08 3.21984e-12)
(1.44308e-08 9.54675e-13 6.07773e-09)
(-3.39475e-12 1.56101e-08 2.72096e-12)
(1.44241e-08 8.89117e-13 6.08306e-09)
(-3.05686e-12 1.56119e-08 2.25523e-12)
(1.44181e-08 8.24625e-13 6.0875e-09)
(-2.73297e-12 1.56137e-08 1.82255e-12)
(1.44127e-08 7.61274e-13 6.09111e-09)
(-2.42312e-12 1.56153e-08 1.42287e-12)
(1.44079e-08 6.99237e-13 6.09395e-09)
(-2.12727e-12 1.56168e-08 1.05613e-12)
(1.44037e-08 6.38852e-13 6.09611e-09)
(-1.84536e-12 1.56181e-08 7.22359e-13)
(1.44001e-08 5.80704e-13 6.09765e-09)
(-1.57728e-12 1.56194e-08 4.21639e-13)
(1.4397e-08 5.25731e-13 6.09863e-09)
(-1.32298e-12 1.56205e-08 1.54129e-13)
(1.43943e-08 4.75336e-13 6.09912e-09)
(-1.08252e-12 1.56215e-08 -7.99156e-14)
(1.43922e-08 4.31473e-13 6.0992e-09)
(-8.56312e-13 1.56223e-08 -2.80146e-13)
(1.43904e-08 3.96585e-13 6.09893e-09)
(-6.45435e-13 1.56231e-08 -4.46175e-13)
(1.43891e-08 3.73177e-13 6.09839e-09)
(-4.52213e-13 1.56237e-08 -5.77762e-13)
(1.43882e-08 3.62679e-13 6.09766e-09)
(-2.80902e-13 1.56242e-08 -6.75321e-13)
(1.43876e-08 3.63526e-13 6.09684e-09)
(-1.3832e-13 1.56246e-08 -7.41124e-13)
(1.43872e-08 3.70461e-13 6.09606e-09)
(-3.34053e-14 1.56249e-08 -7.81146e-13)
(1.43871e-08 3.78363e-13 6.09545e-09)
(2.78831e-14 1.56251e-08 -8.05434e-13)
(5.52865e-14 1.56251e-08 -8.21151e-13)
(1.64235e-08 4.23902e-12 6.53846e-10)
(2.20258e-19 1.49854e-08 1.82338e-19)
(1.64353e-08 -6.05793e-12 5.70425e-10)
(1.75242e-19 1.55359e-08 3.26905e-19)
(1.64331e-08 -8.42948e-12 7.51087e-10)
(2.55217e-19 1.52959e-08 2.63755e-19)
(1.64132e-08 -7.2162e-12 9.90629e-10)
(3.11183e-19 1.52393e-08 2.69343e-19)
(1.63797e-08 -5.15873e-12 1.22194e-09)
(3.00509e-19 1.52346e-08 2.92739e-19)
(1.63398e-08 -3.19207e-12 1.44099e-09)
(3.00677e-19 1.52388e-08 2.82653e-19)
(1.62965e-08 -1.58003e-12 1.65036e-09)
(3.3081e-19 1.52471e-08 2.67862e-19)
(1.62513e-08 -3.65354e-13 1.85146e-09)
(3.27252e-19 1.52575e-08 2.3112e-19)
(1.62051e-08 4.93657e-13 2.04509e-09)
(3.78368e-19 1.52688e-08 2.00487e-19)
(1.61581e-08 1.06676e-12 2.23181e-09)
(4.72421e-19 1.52802e-08 2.56391e-19)
(1.61106e-08 1.42587e-12 2.41204e-09)
(4.73644e-19 1.52916e-08 3.67804e-19)
(1.60627e-08 1.6334e-12 2.5861e-09)
(4.4595e-19 1.53027e-08 4.70926e-19)
(1.60143e-08 1.73844e-12 2.75421e-09)
(4.5202e-19 1.53135e-08 5.53841e-19)
(1.59657e-08 1.77709e-12 2.91656e-09)
(4.63641e-19 1.5324e-08 6.22511e-19)
(1.59168e-08 1.77461e-12 3.07328e-09)
(4.66898e-19 1.53342e-08 6.86704e-19)
(1.58677e-08 1.74793e-12 3.2245e-09)
(4.52431e-19 1.53442e-08 7.42851e-19)
(1.58186e-08 1.70794e-12 3.37035e-09)
(4.38944e-19 1.53539e-08 7.78631e-19)
(1.57696e-08 1.66139e-12 3.51092e-09)
(4.43896e-19 1.53634e-08 7.91562e-19)
(1.57207e-08 1.61224e-12 3.64632e-09)
(4.65429e-19 1.53727e-08 7.9682e-19)
(1.5672e-08 1.56271e-12 3.77668e-09)
(4.86578e-19 1.53818e-08 8.07013e-19)
(1.56237e-08 1.51393e-12 3.90209e-09)
(5.01193e-19 1.53906e-08 8.23362e-19)
(1.55759e-08 1.46641e-12 4.02266e-09)
(5.18619e-19 1.53993e-08 8.51046e-19)
(1.55285e-08 1.42033e-12 4.13852e-09)
(5.36311e-19 1.54078e-08 8.93583e-19)
(1.54818e-08 1.37566e-12 4.24976e-09)
(5.4895e-19 1.54162e-08 9.44955e-19)
(1.54357e-08 1.33232e-12 4.3565e-09)
(5.49429e-19 1.54243e-08 9.8982e-19)
(1.53903e-08 1.2902e-12 4.45886e-09)
(5.41412e-19 1.54322e-08 1.01538e-18)
(1.53458e-08 1.24922e-12 4.55694e-09)
(5.41335e-19 1.544e-08 1.02785e-18)
(1.53021e-08 1.20927e-12 4.65085e-09)
(5.56612e-19 1.54475e-08 1.04904e-18)
(1.52593e-08 1.17029e-12 4.7407e-09)
(5.69814e-19 1.54549e-08 1.09157e-18)
(1.52174e-08 1.13222e-12 4.82659e-09)
(5.5674e-19 1.54621e-08 1.14508e-18)
(1.51766e-08 1.09504e-12 4.90865e-09)
(5.25772e-19 1.54691e-08 1.19885e-18)
(1.51367e-08 1.0587e-12 4.98696e-09)
(4.9133e-19 1.54759e-08 1.24964e-18)
(1.50979e-08 1.02319e-12 5.06163e-09)
(4.58075e-19 1.54826e-08 1.28833e-18)
(1.50602e-08 9.88481e-13 5.13278e-09)
(4.44921e-19 1.5489e-08 1.29457e-18)
(1.50235e-08 9.54568e-13 5.20049e-09)
(4.60696e-19 1.54953e-08 1.25826e-18)
(1.4988e-08 9.21432e-13 5.26486e-09)
(4.9292e-19 1.55015e-08 1.20613e-18)
(1.49536e-08 8.89061e-13 5.326e-09)
(5.19411e-19 1.55074e-08 1.17159e-18)
(1.49203e-08 8.57442e-13 5.38401e-09)
(5.22083e-19 1.55132e-08 1.16549e-18)
(1.48882e-08 8.26561e-13 5.43897e-09)
(5.07472e-19 1.55188e-08 1.18769e-18)
(1.48572e-08 7.96404e-13 5.49099e-09)
(4.8433e-19 1.55243e-08 1.22818e-18)
(1.48273e-08 7.66959e-13 5.54014e-09)
(4.61002e-19 1.55296e-08 1.27673e-18)
(1.47986e-08 7.3821e-13 5.58654e-09)
(4.4231e-19 1.55347e-08 1.33777e-18)
(1.47711e-08 7.10143e-13 5.63026e-09)
(4.11641e-19 1.55396e-08 1.40512e-18)
(1.47446e-08 6.82742e-13 5.6714e-09)
(3.69841e-19 1.55444e-08 1.46718e-18)
(1.47194e-08 6.55991e-13 5.71003e-09)
(3.42607e-19 1.55491e-08 1.54966e-18)
(1.46952e-08 6.29874e-13 5.74626e-09)
(3.18593e-19 1.55536e-08 1.67011e-18)
(1.46721e-08 6.04375e-13 5.78016e-09)
(2.71594e-19 1.55579e-08 1.79162e-18)
(1.46502e-08 5.79476e-13 5.81181e-09)
(2.22199e-19 1.55621e-08 1.89173e-18)
(1.46293e-08 5.55162e-13 5.8413e-09)
(1.7734e-19 1.55662e-08 1.97629e-18)
(1.46094e-08 5.31416e-13 5.86872e-09)
(1.2196e-19 1.55701e-08 2.03449e-18)
(1.45906e-08 5.08219e-13 5.89413e-09)
(8.21815e-20 1.55738e-08 2.0763e-18)
(1.45729e-08 4.85555e-13 5.91763e-09)
(6.14647e-20 1.55774e-08 2.11803e-18)
(1.45561e-08 4.63407e-13 5.93928e-09)
(3.26549e-20 1.55809e-08 2.14441e-18)
(1.45403e-08 4.41755e-13 5.95917e-09)
(5.53167e-22 1.55842e-08 2.15067e-18)
(1.45255e-08 4.20582e-13 5.97736e-09)
(-3.33628e-20 1.55874e-08 2.14454e-18)
(1.45116e-08 3.99871e-13 5.99395e-09)
(-7.83258e-20 1.55904e-08 2.14359e-18)
(1.44986e-08 3.79603e-13 6.009e-09)
(-1.24176e-19 1.55933e-08 2.19391e-18)
(1.44864e-08 3.59761e-13 6.02258e-09)
(-1.75803e-19 1.55961e-08 2.33665e-18)
(1.44752e-08 3.40329e-13 6.03478e-09)
(-2.84066e-19 1.55987e-08 2.54112e-18)
(1.44648e-08 3.21287e-13 6.04565e-09)
(-4.34292e-19 1.56013e-08 2.74048e-18)
(1.44551e-08 3.02617e-13 6.05528e-09)
(-5.08705e-19 1.56036e-08 2.90611e-18)
(1.44463e-08 2.84302e-13 6.06374e-09)
(-4.25918e-19 1.56059e-08 3.03064e-18)
(1.44382e-08 2.66329e-13 6.07109e-09)
(-3.42524e-19 1.5608e-08 3.07095e-18)
(1.44308e-08 2.48689e-13 6.0774e-09)
(-4.1859e-19 1.561e-08 3.07089e-18)
(1.44242e-08 2.31381e-13 6.08275e-09)
(-5.59812e-19 1.56118e-08 3.16945e-18)
(1.44181e-08 2.14423e-13 6.08721e-09)
(-6.9982e-19 1.56136e-08 3.30538e-18)
(1.44128e-08 1.97849e-13 6.09084e-09)
(-7.76645e-19 1.56152e-08 3.35366e-18)
(1.4408e-08 1.81735e-13 6.0937e-09)
(-7.52535e-19 1.56167e-08 3.34311e-18)
(1.44038e-08 1.66222e-13 6.09588e-09)
(-7.20789e-19 1.5618e-08 3.30995e-18)
(1.44001e-08 1.51538e-13 6.09744e-09)
(-7.0933e-19 1.56193e-08 3.27514e-18)
(1.4397e-08 1.38032e-13 6.09844e-09)
(-6.8027e-19 1.56204e-08 3.26826e-18)
(1.43944e-08 1.262e-13 6.09896e-09)
(-6.20067e-19 1.56214e-08 3.29634e-18)
(1.43922e-08 1.16687e-13 6.09906e-09)
(-5.55179e-19 1.56223e-08 3.33487e-18)
(1.43905e-08 1.10224e-13 6.09881e-09)
(-5.66159e-19 1.5623e-08 3.22978e-18)
(1.43891e-08 1.07435e-13 6.0983e-09)
(-7.29571e-19 1.56236e-08 2.58039e-18)
(1.43882e-08 1.08454e-13 6.0976e-09)
(-1.18271e-18 1.56241e-08 6.24721e-19)
(1.43876e-08 1.12424e-13 6.09681e-09)
(-1.19248e-18 1.56245e-08 -2.12465e-18)
(1.43873e-08 1.17574e-13 6.09604e-09)
(1.56488e-18 1.56248e-08 -8.00132e-19)
(1.43871e-08 1.22512e-13 6.09545e-09)
(5.56389e-18 1.5625e-08 8.81017e-18)
(-5.7914e-19 1.5625e-08 1.66275e-17)
(1.64235e-08 -4.23902e-12 6.53846e-10)
(-2.09575e-10 1.4983e-08 -3.68716e-11)
(1.64353e-08 6.05793e-12 5.70425e-10)
(-1.10006e-10 1.55131e-08 -8.09536e-11)
(1.64331e-08 8.42948e-12 7.51087e-10)
(-4.99795e-11 1.52852e-08 -9.0709e-11)
(1.64132e-08 7.2162e-12 9.90629e-10)
(-1.74701e-11 1.5235e-08 -9.24923e-11)
(1.63797e-08 5.15873e-12 1.22194e-09)
(8.74943e-13 1.52332e-08 -9.19886e-11)
(1.63398e-08 3.19207e-12 1.44099e-09)
(1.13363e-11 1.52388e-08 -9.06689e-11)
(1.62965e-08 1.58003e-12 1.65036e-09)
(1.71695e-11 1.52477e-08 -8.88723e-11)
(1.62513e-08 3.65353e-13 1.85146e-09)
(2.03572e-11 1.52584e-08 -8.67998e-11)
(1.62051e-08 -4.93657e-13 2.04509e-09)
(2.20732e-11 1.52698e-08 -8.45886e-11)
(1.61581e-08 -1.06676e-12 2.23181e-09)
(2.29939e-11 1.52812e-08 -8.23131e-11)
(1.61106e-08 -1.42587e-12 2.41204e-09)
(2.34971e-11 1.52926e-08 -8.00078e-11)
(1.60627e-08 -1.6334e-12 2.5861e-09)
(2.37837e-11 1.53036e-08 -7.76884e-11)
(1.60143e-08 -1.73844e-12 2.75421e-09)
(2.39554e-11 1.53143e-08 -7.53642e-11)
(1.59657e-08 -1.77709e-12 2.91656e-09)
(2.40596e-11 1.53248e-08 -7.30418e-11)
(1.59168e-08 -1.77461e-12 3.07328e-09)
(2.41158e-11 1.5335e-08 -7.07279e-11)
(1.58677e-08 -1.74793e-12 3.2245e-09)
(2.41306e-11 1.53449e-08 -6.84285e-11)
(1.58186e-08 -1.70794e-12 3.37035e-09)
(2.41046e-11 1.53546e-08 -6.61494e-11)
(1.57696e-08 -1.66139e-12 3.51092e-09)
(2.4037e-11 1.53641e-08 -6.38956e-11)
(1.57207e-08 -1.61224e-12 3.64632e-09)
(2.39271e-11 1.53733e-08 -6.16715e-11)
(1.5672e-08 -1.56271e-12 3.77668e-09)
(2.37747e-11 1.53824e-08 -5.94807e-11)
(1.56237e-08 -1.51393e-12 3.90209e-09)
(2.35807e-11 1.53913e-08 -5.7326e-11)
(1.55759e-08 -1.46642e-12 4.02266e-09)
(2.33467e-11 1.54e-08 -5.52096e-11)
(1.55285e-08 -1.42033e-12 4.13852e-09)
(2.30746e-11 1.54085e-08 -5.31331e-11)
(1.54818e-08 -1.37566e-12 4.24976e-09)
(2.27667e-11 1.54168e-08 -5.10977e-11)
(1.54357e-08 -1.33232e-12 4.3565e-09)
(2.24257e-11 1.54249e-08 -4.91043e-11)
(1.53903e-08 -1.29021e-12 4.45886e-09)
(2.20542e-11 1.54328e-08 -4.71534e-11)
(1.53458e-08 -1.24922e-12 4.55694e-09)
(2.16548e-11 1.54405e-08 -4.52453e-11)
(1.53021e-08 -1.20927e-12 4.65085e-09)
(2.123e-11 1.54481e-08 -4.33802e-11)
(1.52593e-08 -1.17029e-12 4.7407e-09)
(2.07824e-11 1.54554e-08 -4.15581e-11)
(1.52174e-08 -1.13223e-12 4.82659e-09)
(2.03144e-11 1.54626e-08 -3.97791e-11)
(1.51766e-08 -1.09504e-12 4.90865e-09)
(1.98283e-11 1.54696e-08 -3.80429e-11)
(1.51367e-08 -1.0587e-12 4.98696e-09)
(1.93263e-11 1.54764e-08 -3.63493e-11)
(1.50979e-08 -1.02319e-12 5.06163e-09)
(1.88104e-11 1.5483e-08 -3.46982e-11)
(1.50602e-08 -9.88483e-13 5.13278e-09)
(1.82826e-11 1.54895e-08 -3.30893e-11)
(1.50235e-08 -9.54569e-13 5.20049e-09)
(1.77449e-11 1.54958e-08 -3.15222e-11)
(1.4988e-08 -9.21434e-13 5.26486e-09)
(1.7199e-11 1.55019e-08 -2.99967e-11)
(1.49536e-08 -8.89063e-13 5.326e-09)
(1.66466e-11 1.55078e-08 -2.85123e-11)
(1.49203e-08 -8.57443e-13 5.38401e-09)
(1.60893e-11 1.55136e-08 -2.70688e-11)
(1.48882e-08 -8.26562e-13 5.43897e-09)
(1.55286e-11 1.55192e-08 -2.56658e-11)
(1.48572e-08 -7.96406e-13 5.49099e-09)
(1.4966e-11 1.55246e-08 -2.43029e-11)
(1.48273e-08 -7.6696e-13 5.54014e-09)
(1.44029e-11 1.55299e-08 -2.29797e-11)
(1.47986e-08 -7.38211e-13 5.58654e-09)
(1.38404e-11 1.5535e-08 -2.16959e-11)
(1.47711e-08 -7.10144e-13 5.63026e-09)
(1.32798e-11 1.554e-08 -2.0451e-11)
(1.47446e-08 -6.82743e-13 5.6714e-09)
(1.27222e-11 1.55448e-08 -1.92447e-11)
(1.47194e-08 -6.55992e-13 5.71003e-09)
(1.21687e-11 1.55494e-08 -1.80766e-11)
(1.46952e-08 -6.29875e-13 5.74626e-09)
(1.16203e-11 1.55539e-08 -1.69464e-11)
(1.46721e-08 -6.04376e-13 5.78016e-09)
(1.10778e-11 1.55582e-08 -1.58536e-11)
(1.46502e-08 -5.79478e-13 5.81181e-09)
(1.05422e-11 1.55624e-08 -1.4798e-11)
(1.46293e-08 -5.55164e-13 5.8413e-09)
(1.00142e-11 1.55664e-08 -1.37792e-11)
(1.46094e-08 -5.31417e-13 5.86872e-09)
(9.49451e-12 1.55703e-08 -1.27969e-11)
(1.45906e-08 -5.08221e-13 5.89413e-09)
(8.98393e-12 1.5574e-08 -1.18507e-11)
(1.45729e-08 -4.85557e-13 5.91763e-09)
(8.48304e-12 1.55776e-08 -1.09404e-11)
(1.45561e-08 -4.63408e-13 5.93928e-09)
(7.99241e-12 1.55811e-08 -1.00657e-11)
(1.45403e-08 -4.41756e-13 5.95917e-09)
(7.51259e-12 1.55844e-08 -9.22622e-12)
(1.45255e-08 -4.20584e-13 5.97736e-09)
(7.04405e-12 1.55876e-08 -8.42178e-12)
(1.45116e-08 -3.99872e-13 5.99395e-09)
(6.58725e-12 1.55906e-08 -7.65211e-12)
(1.44986e-08 -3.79604e-13 6.009e-09)
(6.14257e-12 1.55935e-08 -6.91697e-12)
(1.44864e-08 -3.59763e-13 6.02258e-09)
(5.71037e-12 1.55963e-08 -6.21614e-12)
(1.44752e-08 -3.4033e-13 6.03478e-09)
(5.29097e-12 1.55989e-08 -5.54942e-12)
(1.44648e-08 -3.21289e-13 6.04565e-09)
(4.88466e-12 1.56014e-08 -4.9166e-12)
(1.44551e-08 -3.02619e-13 6.05528e-09)
(4.49169e-12 1.56038e-08 -4.31751e-12)
(1.44463e-08 -2.84303e-13 6.06374e-09)
(4.11228e-12 1.5606e-08 -3.75198e-12)
(1.44382e-08 -2.6633e-13 6.07109e-09)
(3.74659e-12 1.56081e-08 -3.21983e-12)
(1.44308e-08 -2.48691e-13 6.0774e-09)
(3.39475e-12 1.56101e-08 -2.72096e-12)
(1.44242e-08 -2.31383e-13 6.08275e-09)
(3.05686e-12 1.56119e-08 -2.25523e-12)
(1.44181e-08 -2.14424e-13 6.08721e-09)
(2.73297e-12 1.56137e-08 -1.82255e-12)
(1.44128e-08 -1.9785e-13 6.09084e-09)
(2.42312e-12 1.56153e-08 -1.42286e-12)
(1.4408e-08 -1.81736e-13 6.0937e-09)
(2.12727e-12 1.56168e-08 -1.05612e-12)
(1.44038e-08 -1.66223e-13 6.09588e-09)
(1.84536e-12 1.56181e-08 -7.22353e-13)
(1.44001e-08 -1.5154e-13 6.09744e-09)
(1.57728e-12 1.56194e-08 -4.21633e-13)
(1.4397e-08 -1.38034e-13 6.09844e-09)
(1.32298e-12 1.56205e-08 -1.54123e-13)
(1.43944e-08 -1.26201e-13 6.09896e-09)
(1.08252e-12 1.56215e-08 7.99216e-14)
(1.43922e-08 -1.16688e-13 6.09906e-09)
(8.56311e-13 1.56223e-08 2.80152e-13)
(1.43905e-08 -1.10225e-13 6.09881e-09)
(6.45434e-13 1.56231e-08 4.46181e-13)
(1.43891e-08 -1.07438e-13 6.0983e-09)
(4.52211e-13 1.56237e-08 5.77767e-13)
(1.43882e-08 -1.08457e-13 6.0976e-09)
(2.809e-13 1.56242e-08 6.75324e-13)
(1.43876e-08 -1.12425e-13 6.09681e-09)
(1.38319e-13 1.56246e-08 7.41125e-13)
(1.43873e-08 -1.17568e-13 6.09604e-09)
(3.34064e-14 1.56249e-08 7.8115e-13)
(1.43871e-08 -1.22507e-13 6.09545e-09)
(-2.78806e-14 1.56251e-08 8.05444e-13)
(-5.52898e-14 1.56251e-08 8.21165e-13)
(1.64223e-08 -5.40659e-12 6.21893e-10)
(-4.48852e-10 1.49657e-08 -7.33268e-11)
(1.64363e-08 2.66143e-11 5.65283e-10)
(-2.12853e-10 1.54391e-08 -1.60489e-10)
(1.6431e-08 2.96791e-11 7.52667e-10)
(-8.91104e-11 1.52558e-08 -1.8129e-10)
(1.64089e-08 2.25251e-11 9.92008e-10)
(-2.72579e-11 1.52261e-08 -1.8577e-10)
(1.63748e-08 1.45933e-11 1.22272e-09)
(6.26994e-12 1.52315e-08 -1.84888e-10)
(1.63351e-08 7.99699e-12 1.44165e-09)
(2.50334e-11 1.52401e-08 -1.81857e-10)
(1.62925e-08 2.96488e-12 1.65109e-09)
(3.5423e-11 1.52504e-08 -1.77748e-10)
(1.6248e-08 -6.48846e-13 1.8523e-09)
(4.10887e-11 1.52616e-08 -1.73146e-10)
(1.62024e-08 -3.10508e-12 2.04604e-09)
(4.41372e-11 1.5273e-08 -1.6837e-10)
(1.61559e-08 -4.6825e-12 2.23286e-09)
(4.57801e-11 1.52843e-08 -1.63566e-10)
(1.61088e-08 -5.62907e-12 2.41317e-09)
(4.66894e-11 1.52955e-08 -1.58782e-10)
(1.60611e-08 -6.14361e-12 2.58728e-09)
(4.72192e-11 1.53063e-08 -1.54033e-10)
(1.6013e-08 -6.37449e-12 2.75543e-09)
(4.75451e-11 1.53169e-08 -1.4932e-10)
(1.59645e-08 -6.42667e-12 2.9178e-09)
(4.77475e-11 1.53272e-08 -1.44642e-10)
(1.59157e-08 -6.37125e-12 3.07453e-09)
(4.78583e-11 1.53373e-08 -1.40003e-10)
(1.58667e-08 -6.25456e-12 3.22575e-09)
(4.78868e-11 1.53471e-08 -1.35409e-10)
(1.58177e-08 -6.10564e-12 3.37159e-09)
(4.78336e-11 1.53568e-08 -1.30865e-10)
(1.57687e-08 -5.94193e-12 3.51215e-09)
(4.76966e-11 1.53662e-08 -1.26379e-10)
(1.57199e-08 -5.77343e-12 3.64754e-09)
(4.74746e-11 1.53754e-08 -1.21956e-10)
(1.56713e-08 -5.60549e-12 3.77788e-09)
(4.71677e-11 1.53844e-08 -1.17603e-10)
(1.5623e-08 -5.4407e-12 3.90327e-09)
(4.67779e-11 1.53933e-08 -1.13323e-10)
(1.55752e-08 -5.28013e-12 4.02383e-09)
(4.63084e-11 1.54019e-08 -1.09122e-10)
(1.55279e-08 -5.12398e-12 4.13967e-09)
(4.57634e-11 1.54104e-08 -1.05e-10)
(1.54812e-08 -4.97212e-12 4.25089e-09)
(4.51476e-11 1.54186e-08 -1.00962e-10)
(1.54351e-08 -4.82423e-12 4.35762e-09)
(4.44663e-11 1.54267e-08 -9.70069e-11)
(1.53898e-08 -4.68e-12 4.45995e-09)
(4.37246e-11 1.54345e-08 -9.31373e-11)
(1.53453e-08 -4.53913e-12 4.55801e-09)
(4.29279e-11 1.54422e-08 -8.93533e-11)
(1.53016e-08 -4.4014e-12 4.6519e-09)
(4.20813e-11 1.54497e-08 -8.56552e-11)
(1.52589e-08 -4.26661e-12 4.74173e-09)
(4.11896e-11 1.54571e-08 -8.20431e-11)
(1.5217e-08 -4.13465e-12 4.82761e-09)
(4.02578e-11 1.54642e-08 -7.85168e-11)
(1.51762e-08 -4.0054e-12 4.90964e-09)
(3.92903e-11 1.54711e-08 -7.50761e-11)
(1.51364e-08 -3.8788e-12 4.98794e-09)
(3.82915e-11 1.54779e-08 -7.17206e-11)
(1.50976e-08 -3.75479e-12 5.06259e-09)
(3.72656e-11 1.54845e-08 -6.84498e-11)
(1.50599e-08 -3.63332e-12 5.13372e-09)
(3.62164e-11 1.54909e-08 -6.5263e-11)
(1.50232e-08 -3.51436e-12 5.20141e-09)
(3.51477e-11 1.54972e-08 -6.21598e-11)
(1.49877e-08 -3.39786e-12 5.26576e-09)
(3.40631e-11 1.55032e-08 -5.91393e-11)
(1.49533e-08 -3.2838e-12 5.32689e-09)
(3.29659e-11 1.55091e-08 -5.62011e-11)
(1.49201e-08 -3.17213e-12 5.38487e-09)
(3.18593e-11 1.55149e-08 -5.33441e-11)
(1.48879e-08 -3.06281e-12 5.43982e-09)
(3.07462e-11 1.55204e-08 -5.05679e-11)
(1.4857e-08 -2.95581e-12 5.49181e-09)
(2.96296e-11 1.55258e-08 -4.78714e-11)
(1.48271e-08 -2.85109e-12 5.54095e-09)
(2.8512e-11 1.5531e-08 -4.52541e-11)
(1.47985e-08 -2.74859e-12 5.58732e-09)
(2.7396e-11 1.55361e-08 -4.27151e-11)
(1.47709e-08 -2.64828e-12 5.63103e-09)
(2.6284e-11 1.5541e-08 -4.02535e-11)
(1.47445e-08 -2.55011e-12 5.67214e-09)
(2.51781e-11 1.55458e-08 -3.78687e-11)
(1.47192e-08 -2.45402e-12 5.71076e-09)
(2.40805e-11 1.55504e-08 -3.55599e-11)
(1.46951e-08 -2.35998e-12 5.74696e-09)
(2.29931e-11 1.55548e-08 -3.33263e-11)
(1.4672e-08 -2.26793e-12 5.78084e-09)
(2.19177e-11 1.55591e-08 -3.11672e-11)
(1.465e-08 -2.17781e-12 5.81247e-09)
(2.08559e-11 1.55632e-08 -2.90818e-11)
(1.46291e-08 -2.08957e-12 5.84195e-09)
(1.98095e-11 1.55672e-08 -2.70695e-11)
(1.46093e-08 -2.00317e-12 5.86934e-09)
(1.87797e-11 1.55711e-08 -2.51296e-11)
(1.45905e-08 -1.91854e-12 5.89473e-09)
(1.77681e-11 1.55748e-08 -2.32614e-11)
(1.45728e-08 -1.83564e-12 5.91821e-09)
(1.67757e-11 1.55783e-08 -2.14643e-11)
(1.4556e-08 -1.7544e-12 5.93984e-09)
(1.58037e-11 1.55818e-08 -1.97378e-11)
(1.45402e-08 -1.67477e-12 5.9597e-09)
(1.48533e-11 1.5585e-08 -1.80811e-11)
(1.45254e-08 -1.5967e-12 5.97788e-09)
(1.39252e-11 1.55882e-08 -1.64939e-11)
(1.45115e-08 -1.52012e-12 5.99445e-09)
(1.30205e-11 1.55912e-08 -1.49756e-11)
(1.44985e-08 -1.44499e-12 6.00948e-09)
(1.21398e-11 1.5594e-08 -1.35256e-11)
(1.44864e-08 -1.37124e-12 6.02304e-09)
(1.12839e-11 1.55968e-08 -1.21436e-11)
(1.44751e-08 -1.29883e-12 6.03521e-09)
(1.04534e-11 1.55994e-08 -1.08292e-11)
(1.44647e-08 -1.22768e-12 6.04607e-09)
(9.64884e-12 1.56018e-08 -9.58181e-12)
(1.44551e-08 -1.15775e-12 6.05568e-09)
(8.87072e-12 1.56042e-08 -8.40122e-12)
(1.44462e-08 -1.08896e-12 6.06411e-09)
(8.11947e-12 1.56064e-08 -7.28703e-12)
(1.44382e-08 -1.02128e-12 6.07144e-09)
(7.3954e-12 1.56085e-08 -6.23892e-12)
(1.44308e-08 -9.54676e-13 6.07773e-09)
(6.69878e-12 1.56104e-08 -5.25662e-12)
(1.44241e-08 -8.89118e-13 6.08306e-09)
(6.02981e-12 1.56123e-08 -4.33991e-12)
(1.44181e-08 -8.24626e-13 6.0875e-09)
(5.38862e-12 1.5614e-08 -3.48858e-12)
(1.44127e-08 -7.61275e-13 6.09111e-09)
(4.77525e-12 1.56156e-08 -2.7025e-12)
(1.44079e-08 -6.99238e-13 6.09395e-09)
(4.18968e-12 1.5617e-08 -1.98159e-12)
(1.44037e-08 -6.38853e-13 6.09611e-09)
(3.63178e-12 1.56183e-08 -1.32587e-12)
(1.44001e-08 -5.80705e-13 6.09765e-09)
(3.10138e-12 1.56196e-08 -7.35489e-13)
(1.4397e-08 -5.25732e-13 6.09863e-09)
(2.59833e-12 1.56207e-08 -2.10758e-13)
(1.43943e-08 -4.75337e-13 6.09912e-09)
(2.12269e-12 1.56216e-08 2.47809e-13)
(1.43922e-08 -4.31475e-13 6.0992e-09)
(1.67507e-12 1.56225e-08 6.39471e-13)
(1.43904e-08 -3.96587e-13 6.09893e-09)
(1.25731e-12 1.56232e-08 9.63293e-13)
(1.43891e-08 -3.73179e-13 6.09839e-09)
(8.73524e-13 1.56238e-08 1.21836e-12)
(1.43882e-08 -3.62679e-13 6.09766e-09)
(5.31867e-13 1.56243e-08 1.40447e-12)
(1.43876e-08 -3.63526e-13 6.09684e-09)
(2.46592e-13 1.56247e-08 1.52414e-12)
(1.43872e-08 -3.70463e-13 6.09606e-09)
(3.87363e-14 1.5625e-08 1.58672e-12)
(1.43871e-08 -3.78361e-13 6.09545e-09)
(-7.1855e-14 1.56251e-08 1.61349e-12)
(-1.03005e-13 1.56251e-08 1.62583e-12)
(1.64413e-08 4.32512e-11 5.63044e-10)
(-7.64969e-10 1.48918e-08 -1.04282e-10)
(1.64469e-08 6.62302e-11 5.56055e-10)
(-2.87532e-10 1.53598e-08 -2.31794e-10)
(1.64234e-08 5.19441e-11 7.54659e-10)
(-9.59614e-11 1.52368e-08 -2.6986e-10)
(1.63954e-08 3.28736e-11 9.93887e-10)
(-2.16129e-11 1.52252e-08 -2.78873e-10)
(1.63615e-08 1.72707e-11 1.22403e-09)
(1.80876e-11 1.52356e-08 -2.77606e-10)
(1.63237e-08 5.69249e-12 1.44294e-09)
(4.12821e-11 1.5246e-08 -2.72263e-10)
(1.62831e-08 -2.4015e-12 1.65253e-09)
(5.44311e-11 1.52567e-08 -2.65149e-10)
(1.62405e-08 -7.76154e-12 1.85391e-09)
(6.1682e-11 1.52676e-08 -2.57423e-10)
(1.61963e-08 -1.11242e-11 2.0478e-09)
(6.56312e-11 1.52786e-08 -2.49634e-10)
(1.61509e-08 -1.30978e-11 2.23473e-09)
(6.78087e-11 1.52895e-08 -2.41987e-10)
(1.61046e-08 -1.41448e-11 2.41513e-09)
(6.90585e-11 1.53002e-08 -2.34519e-10)
(1.60575e-08 -1.45972e-11 2.5893e-09)
(6.9819e-11 1.53108e-08 -2.27211e-10)
(1.60098e-08 -1.46828e-11 2.75748e-09)
(7.0305e-11 1.53211e-08 -2.20037e-10)
(1.59617e-08 -1.4552e-11 2.91987e-09)
(7.06135e-11 1.53313e-08 -2.12972e-10)
(1.59131e-08 -1.43001e-11 3.0766e-09)
(7.07828e-11 1.53413e-08 -2.06006e-10)
(1.58644e-08 -1.39855e-11 3.22781e-09)
(7.0824e-11 1.5351e-08 -1.99132e-10)
(1.58155e-08 -1.36427e-11 3.37363e-09)
(7.07378e-11 1.53606e-08 -1.92353e-10)
(1.57666e-08 -1.32909e-11 3.51417e-09)
(7.05228e-11 1.53699e-08 -1.85673e-10)
(1.57179e-08 -1.29401e-11 3.64953e-09)
(7.01783e-11 1.53791e-08 -1.79096e-10)
(1.56694e-08 -1.2595e-11 3.77984e-09)
(6.97063e-11 1.53881e-08 -1.7263e-10)
(1.56213e-08 -1.22576e-11 3.9052e-09)
(6.91104e-11 1.53969e-08 -1.66278e-10)
(1.55736e-08 -1.1928e-11 4.02572e-09)
(6.83962e-11 1.54055e-08 -1.60045e-10)
(1.55264e-08 -1.16061e-11 4.14153e-09)
(6.75706e-11 1.54138e-08 -1.53936e-10)
(1.54797e-08 -1.12911e-11 4.25272e-09)
(6.6641e-11 1.5422e-08 -1.47952e-10)
(1.54338e-08 -1.09826e-11 4.35941e-09)
(6.56152e-11 1.543e-08 -1.42095e-10)
(1.53886e-08 -1.06799e-11 4.46171e-09)
(6.45011e-11 1.54379e-08 -1.36367e-10)
(1.53441e-08 -1.03828e-11 4.55974e-09)
(6.33067e-11 1.54455e-08 -1.30769e-10)
(1.53005e-08 -1.00909e-11 4.6536e-09)
(6.20396e-11 1.54529e-08 -1.253e-10)
(1.52578e-08 -9.80403e-12 4.7434e-09)
(6.07071e-11 1.54602e-08 -1.19961e-10)
(1.52161e-08 -9.52202e-12 4.82925e-09)
(5.93163e-11 1.54672e-08 -1.14752e-10)
(1.51753e-08 -9.24478e-12 4.91125e-09)
(5.7874e-11 1.54741e-08 -1.09672e-10)
(1.51355e-08 -8.97224e-12 4.98951e-09)
(5.63867e-11 1.54808e-08 -1.0472e-10)
(1.50968e-08 -8.70433e-12 5.06414e-09)
(5.48604e-11 1.54874e-08 -9.98956e-11)
(1.50591e-08 -8.44102e-12 5.13523e-09)
(5.3301e-11 1.54937e-08 -9.51979e-11)
(1.50225e-08 -8.18226e-12 5.20289e-09)
(5.1714e-11 1.54999e-08 -9.06259e-11)
(1.49871e-08 -7.928e-12 5.26722e-09)
(5.01046e-11 1.55059e-08 -8.61783e-11)
(1.49527e-08 -7.67818e-12 5.32831e-09)
(4.84777e-11 1.55117e-08 -8.1854e-11)
(1.49195e-08 -7.43277e-12 5.38627e-09)
(4.68381e-11 1.55173e-08 -7.76519e-11)
(1.48874e-08 -7.1917e-12 5.44118e-09)
(4.519e-11 1.55228e-08 -7.35706e-11)
(1.48565e-08 -6.95491e-12 5.49314e-09)
(4.35378e-11 1.55281e-08 -6.9609e-11)
(1.48267e-08 -6.72233e-12 5.54225e-09)
(4.18851e-11 1.55333e-08 -6.57657e-11)
(1.4798e-08 -6.49389e-12 5.5886e-09)
(4.02358e-11 1.55383e-08 -6.20394e-11)
(1.47705e-08 -6.26952e-12 5.63227e-09)
(3.85933e-11 1.55431e-08 -5.84289e-11)
(1.47441e-08 -6.04914e-12 5.67335e-09)
(3.69608e-11 1.55478e-08 -5.49329e-11)
(1.47189e-08 -5.83266e-12 5.71194e-09)
(3.53413e-11 1.55523e-08 -5.155e-11)
(1.46947e-08 -5.62001e-12 5.74811e-09)
(3.37376e-11 1.55567e-08 -4.82792e-11)
(1.46717e-08 -5.4111e-12 5.78196e-09)
(3.21524e-11 1.55609e-08 -4.51191e-11)
(1.46498e-08 -5.20583e-12 5.81356e-09)
(3.0588e-11 1.55649e-08 -4.20686e-11)
(1.46289e-08 -5.00412e-12 5.843e-09)
(2.90468e-11 1.55688e-08 -3.91265e-11)
(1.46091e-08 -4.80587e-12 5.87036e-09)
(2.75308e-11 1.55726e-08 -3.62917e-11)
(1.45903e-08 -4.611e-12 5.89572e-09)
(2.60419e-11 1.55762e-08 -3.35632e-11)
(1.45726e-08 -4.41939e-12 5.91916e-09)
(2.45819e-11 1.55797e-08 -3.09399e-11)
(1.45558e-08 -4.23097e-12 5.94076e-09)
(2.31525e-11 1.55831e-08 -2.84208e-11)
(1.454e-08 -4.04563e-12 5.9606e-09)
(2.17551e-11 1.55863e-08 -2.60049e-11)
(1.45252e-08 -3.86326e-12 5.97874e-09)
(2.0391e-11 1.55893e-08 -2.36915e-11)
(1.45113e-08 -3.68378e-12 5.99528e-09)
(1.90615e-11 1.55923e-08 -2.14796e-11)
(1.44983e-08 -3.50706e-12 6.01027e-09)
(1.77677e-11 1.55951e-08 -1.93685e-11)
(1.44863e-08 -3.33303e-12 6.0238e-09)
(1.65106e-11 1.55977e-08 -1.73574e-11)
(1.4475e-08 -3.16156e-12 6.03595e-09)
(1.5291e-11 1.56003e-08 -1.54456e-11)
(1.44646e-08 -2.99256e-12 6.04677e-09)
(1.41097e-11 1.56027e-08 -1.36325e-11)
(1.4455e-08 -2.82592e-12 6.05634e-09)
(1.29674e-11 1.5605e-08 -1.19175e-11)
(1.44462e-08 -2.66154e-12 6.06474e-09)
(1.18647e-11 1.56071e-08 -1.02999e-11)
(1.44381e-08 -2.49932e-12 6.07204e-09)
(1.0802e-11 1.56091e-08 -8.77925e-12)
(1.44307e-08 -2.33914e-12 6.0783e-09)
(9.77975e-12 1.5611e-08 -7.35518e-12)
(1.44241e-08 -2.18093e-12 6.0836e-09)
(8.79817e-12 1.56128e-08 -6.02728e-12)
(1.4418e-08 -2.02463e-12 6.088e-09)
(7.85748e-12 1.56145e-08 -4.79523e-12)
(1.44127e-08 -1.87023e-12 6.09157e-09)
(6.95778e-12 1.5616e-08 -3.65876e-12)
(1.44079e-08 -1.71787e-12 6.09439e-09)
(6.09902e-12 1.56174e-08 -2.6177e-12)
(1.44037e-08 -1.56783e-12 6.09651e-09)
(5.28107e-12 1.56187e-08 -1.67202e-12)
(1.44001e-08 -1.42071e-12 6.09801e-09)
(4.5037e-12 1.56199e-08 -8.21858e-13)
(1.4397e-08 -1.27761e-12 6.09895e-09)
(3.76668e-12 1.5621e-08 -6.76095e-14)
(1.43943e-08 -1.14037e-12 6.09941e-09)
(3.06997e-12 1.56219e-08 5.90017e-13)
(1.43922e-08 -1.01186e-12 6.09945e-09)
(2.41416e-12 1.56227e-08 1.14988e-12)
(1.43904e-08 -8.96325e-13 6.09914e-09)
(1.80118e-12 1.56234e-08 1.61027e-12)
(1.43891e-08 -7.99424e-13 6.09855e-09)
(1.23583e-12 1.5624e-08 1.96876e-12)
(1.43882e-08 -7.27443e-13 6.09777e-09)
(7.28593e-13 1.56245e-08 2.22223e-12)
(1.43876e-08 -6.84455e-13 6.0969e-09)
(3.00436e-13 1.56249e-08 2.36765e-12)
(1.43872e-08 -6.66868e-13 6.09608e-09)
(-1.11975e-14 1.56251e-08 2.40575e-12)
(1.43871e-08 -6.60861e-13 6.09547e-09)
(-1.53634e-13 1.56251e-08 2.35479e-12)
(-1.14258e-13 1.56251e-08 2.27629e-12)
(1.64915e-08 4.35384e-10 5.32537e-10)
(1.64021e-08 1.53134e-10 5.5317e-10)
(1.63777e-08 5.97617e-11 7.55601e-10)
(1.63569e-08 2.23424e-11 9.93559e-10)
(1.6329e-08 -1.04792e-12 1.22302e-09)
(1.62966e-08 -1.60635e-11 1.44169e-09)
(1.62603e-08 -2.48369e-11 1.65125e-09)
(1.6221e-08 -2.94982e-11 1.85269e-09)
(1.61793e-08 -3.16731e-11 2.04664e-09)
(1.61358e-08 -3.24191e-11 2.23363e-09)
(1.60908e-08 -3.23777e-11 2.41405e-09)
(1.60448e-08 -3.19247e-11 2.58823e-09)
(1.59979e-08 -3.12741e-11 2.75641e-09)
(1.59503e-08 -3.05427e-11 2.91878e-09)
(1.59023e-08 -2.97904e-11 3.07549e-09)
(1.58541e-08 -2.90458e-11 3.22668e-09)
(1.58057e-08 -2.83199e-11 3.37247e-09)
(1.57573e-08 -2.76156e-11 3.51299e-09)
(1.5709e-08 -2.69318e-11 3.64834e-09)
(1.56609e-08 -2.6266e-11 3.77864e-09)
(1.56132e-08 -2.56158e-11 3.904e-09)
(1.55658e-08 -2.4979e-11 4.02453e-09)
(1.5519e-08 -2.43539e-11 4.14034e-09)
(1.54727e-08 -2.37393e-11 4.25155e-09)
(1.54271e-08 -2.31345e-11 4.35826e-09)
(1.53822e-08 -2.25389e-11 4.46059e-09)
(1.53381e-08 -2.19522e-11 4.55864e-09)
(1.52948e-08 -2.13742e-11 4.65253e-09)
(1.52524e-08 -2.08048e-11 4.74236e-09)
(1.52109e-08 -2.02438e-11 4.82825e-09)
(1.51704e-08 -1.96912e-11 4.91029e-09)
(1.51309e-08 -1.91469e-11 4.98859e-09)
(1.50924e-08 -1.86109e-11 5.06326e-09)
(1.5055e-08 -1.8083e-11 5.13439e-09)
(1.50187e-08 -1.75633e-11 5.2021e-09)
(1.49834e-08 -1.70515e-11 5.26647e-09)
(1.49493e-08 -1.65475e-11 5.32761e-09)
(1.49163e-08 -1.60513e-11 5.38561e-09)
(1.48844e-08 -1.55627e-11 5.44056e-09)
(1.48536e-08 -1.50816e-11 5.49257e-09)
(1.4824e-08 -1.46077e-11 5.54172e-09)
(1.47956e-08 -1.4141e-11 5.58811e-09)
(1.47682e-08 -1.36813e-11 5.63183e-09)
(1.4742e-08 -1.32284e-11 5.67295e-09)
(1.47169e-08 -1.27822e-11 5.71158e-09)
(1.46929e-08 -1.23425e-11 5.74779e-09)
(1.467e-08 -1.1909e-11 5.78168e-09)
(1.46482e-08 -1.14817e-11 5.81332e-09)
(1.46274e-08 -1.10604e-11 5.8428e-09)
(1.46077e-08 -1.06448e-11 5.87019e-09)
(1.45891e-08 -1.02348e-11 5.89559e-09)
(1.45714e-08 -9.83019e-12 5.91906e-09)
(1.45548e-08 -9.43084e-12 5.94069e-09)
(1.45391e-08 -9.03653e-12 5.96056e-09)
(1.45244e-08 -8.64709e-12 5.97873e-09)
(1.45106e-08 -8.26234e-12 5.99529e-09)
(1.44977e-08 -7.88207e-12 6.01031e-09)
(1.44857e-08 -7.50609e-12 6.02386e-09)
(1.44745e-08 -7.13423e-12 6.03602e-09)
(1.44642e-08 -6.76633e-12 6.04687e-09)
(1.44547e-08 -6.40223e-12 6.05646e-09)
(1.44459e-08 -6.04177e-12 6.06488e-09)
(1.44379e-08 -5.68471e-12 6.07219e-09)
(1.44306e-08 -5.33078e-12 6.07846e-09)
(1.44239e-08 -4.97977e-12 6.08377e-09)
(1.4418e-08 -4.63146e-12 6.08818e-09)
(1.44127e-08 -4.28563e-12 6.09176e-09)
(1.44079e-08 -3.94206e-12 6.09458e-09)
(1.44038e-08 -3.60056e-12 6.0967e-09)
(1.44002e-08 -3.26105e-12 6.0982e-09)
(1.43971e-08 -2.92375e-12 6.09915e-09)
(1.43945e-08 -2.5894e-12 6.0996e-09)
(1.43923e-08 -2.25981e-12 6.09963e-09)
(1.43906e-08 -1.93863e-12 6.0993e-09)
(1.43893e-08 -1.63297e-12 6.09869e-09)
(1.43883e-08 -1.35607e-12 6.09789e-09)
(1.43877e-08 -1.13035e-12 6.09699e-09)
(1.43873e-08 -9.8789e-13 6.09615e-09)
(1.43871e-08 -9.46698e-13 6.09556e-09)
)
;

boundaryField
{
    left
    {
        type            calculated;
        value           nonuniform List<vector> 
64
(
(-1.5625e-08 0 0)
(-1.5625e-08 0 0)
(-1.5625e-08 0 0)
(-1.5625e-08 0 0)
(-1.5625e-08 0 0)
(-1.5625e-08 0 0)
(-1.5625e-08 0 0)
(-1.5625e-08 0 0)
(-1.5625e-08 0 0)
(-1.5625e-08 0 0)
(-1.5625e-08 0 0)
(-1.5625e-08 0 0)
(-1.5625e-08 0 0)
(-1.5625e-08 0 0)
(-1.5625e-08 0 0)
(-1.5625e-08 0 0)
(-1.5625e-08 0 0)
(-1.5625e-08 0 0)
(-1.5625e-08 0 0)
(-1.5625e-08 0 0)
(-1.5625e-08 0 0)
(-1.5625e-08 0 0)
(-1.5625e-08 0 0)
(-1.5625e-08 0 0)
(-1.5625e-08 0 0)
(-1.5625e-08 0 0)
(-1.5625e-08 0 0)
(-1.5625e-08 0 0)
(-1.5625e-08 0 0)
(-1.5625e-08 0 0)
(-1.5625e-08 0 0)
(-1.5625e-08 0 0)
(-1.5625e-08 0 0)
(-1.5625e-08 0 0)
(-1.5625e-08 0 0)
(-1.5625e-08 0 0)
(-1.5625e-08 0 0)
(-1.5625e-08 0 0)
(-1.5625e-08 0 0)
(-1.5625e-08 0 0)
(-1.5625e-08 0 0)
(-1.5625e-08 0 0)
(-1.5625e-08 0 0)
(-1.5625e-08 0 0)
(-1.5625e-08 0 0)
(-1.5625e-08 0 0)
(-1.5625e-08 0 0)
(-1.5625e-08 0 0)
(-1.5625e-08 0 0)
(-1.5625e-08 0 0)
(-1.5625e-08 0 0)
(-1.5625e-08 0 0)
(-1.5625e-08 0 0)
(-1.5625e-08 0 0)
(-1.5625e-08 0 0)
(-1.5625e-08 0 0)
(-1.5625e-08 0 0)
(-1.5625e-08 0 0)
(-1.5625e-08 0 0)
(-1.5625e-08 0 0)
(-1.5625e-08 0 0)
(-1.5625e-08 0 0)
(-1.5625e-08 0 0)
(-1.5625e-08 0 0)
)
;
    }
    right
    {
        type            calculated;
        value           nonuniform List<vector> 
64
(
(1.43852e-08 -9.69101e-13 6.0946e-09)
(1.43854e-08 -7.28747e-13 6.09464e-09)
(1.43854e-08 -4.33656e-13 6.09465e-09)
(1.43854e-08 -1.4245e-13 6.09465e-09)
(1.43854e-08 1.42458e-13 6.09465e-09)
(1.43854e-08 4.33663e-13 6.09465e-09)
(1.43854e-08 7.28739e-13 6.09464e-09)
(1.43852e-08 9.69098e-13 6.0946e-09)
(1.43855e-08 -8.71819e-13 6.09351e-09)
(1.43854e-08 -6.91772e-13 6.09361e-09)
(1.43854e-08 -3.95232e-13 6.09371e-09)
(1.43854e-08 -1.28252e-13 6.09376e-09)
(1.43854e-08 1.28251e-13 6.09376e-09)
(1.43854e-08 3.95232e-13 6.09371e-09)
(1.43854e-08 6.91773e-13 6.09361e-09)
(1.43855e-08 8.71826e-13 6.09351e-09)
(1.43863e-08 -5.45807e-13 6.09233e-09)
(1.4386e-08 -5.07445e-13 6.09261e-09)
(1.4386e-08 -2.86456e-13 6.09283e-09)
(1.4386e-08 -9.27793e-14 6.09293e-09)
(1.4386e-08 9.27769e-14 6.09293e-09)
(1.4386e-08 2.86454e-13 6.09283e-09)
(1.4386e-08 5.07446e-13 6.09261e-09)
(1.43863e-08 5.45811e-13 6.09233e-09)
(1.43871e-08 2.63847e-17 6.0917e-09)
(1.43869e-08 -1.86699e-13 6.09214e-09)
(1.43869e-08 -1.13089e-13 6.09245e-09)
(1.43868e-08 -3.79029e-14 6.09257e-09)
(1.43868e-08 3.79017e-14 6.09257e-09)
(1.43869e-08 1.13088e-13 6.09245e-09)
(1.43869e-08 1.86698e-13 6.09214e-09)
(1.43871e-08 -2.90994e-17 6.0917e-09)
(1.43878e-08 5.96033e-13 6.09199e-09)
(1.43876e-08 1.85104e-13 6.09244e-09)
(1.43876e-08 8.43374e-14 6.09275e-09)
(1.43876e-08 2.44104e-14 6.09287e-09)
(1.43876e-08 -2.44119e-14 6.09287e-09)
(1.43876e-08 -8.43388e-14 6.09275e-09)
(1.43876e-08 -1.85107e-13 6.09244e-09)
(1.43878e-08 -5.96039e-13 6.09199e-09)
(1.4388e-08 1.01465e-12 6.09308e-09)
(1.4388e-08 4.94871e-13 6.09337e-09)
(1.4388e-08 2.54268e-13 6.0936e-09)
(1.4388e-08 7.90855e-14 6.09369e-09)
(1.4388e-08 -7.90875e-14 6.09369e-09)
(1.4388e-08 -2.5427e-13 6.0936e-09)
(1.4388e-08 -4.94874e-13 6.09337e-09)
(1.4388e-08 -1.01466e-12 6.09308e-09)
(1.43877e-08 1.09895e-12 6.09458e-09)
(1.43878e-08 6.55604e-13 6.09458e-09)
(1.43878e-08 3.58275e-13 6.09466e-09)
(1.43877e-08 1.14589e-13 6.0947e-09)
(1.43877e-08 -1.14588e-13 6.0947e-09)
(1.43878e-08 -3.58278e-13 6.09466e-09)
(1.43878e-08 -6.55606e-13 6.09458e-09)
(1.43877e-08 -1.09895e-12 6.09458e-09)
(1.43871e-08 9.58857e-13 6.0954e-09)
(1.4387e-08 6.66124e-13 6.09525e-09)
(1.4387e-08 3.83118e-13 6.09521e-09)
(1.43871e-08 1.25614e-13 6.09521e-09)
(1.43871e-08 -1.25607e-13 6.09521e-09)
(1.4387e-08 -3.83118e-13 6.09521e-09)
(1.4387e-08 -6.66128e-13 6.09525e-09)
(1.43871e-08 -9.58863e-13 6.0954e-09)
)
;
    }
    back
    {
        type            calculated;
        value           nonuniform List<vector> 
640
(
(8.22705e-10 1.65057e-08 -8.66073e-11)
(6.22539e-10 1.6175e-08 -1.09478e-10)
(3.66777e-10 1.59137e-08 -1.465e-10)
(5.22401e-11 1.56634e-08 -1.68936e-10)
(-2.87754e-10 1.54057e-08 -1.71321e-10)
(-6.15467e-10 1.51326e-08 -1.56394e-10)
(-9.12473e-10 1.48333e-08 -1.41632e-10)
(-1.1809e-09 1.4452e-08 -1.33098e-10)
(2.0572e-10 1.57309e-08 -2.39682e-10)
(1.08493e-10 1.57117e-08 -2.74958e-10)
(3.41835e-11 1.56466e-08 -3.24349e-10)
(-1.36123e-11 1.56103e-08 -3.59925e-10)
(-5.4292e-11 1.55974e-08 -3.61589e-10)
(-1.00482e-10 1.55778e-08 -3.34801e-10)
(-1.64696e-10 1.55613e-08 -3.11933e-10)
(-2.50015e-10 1.56166e-08 -2.9341e-10)
(1.06426e-10 1.58905e-08 -3.2776e-10)
(5.54377e-11 1.57949e-08 -3.55612e-10)
(1.53655e-11 1.57117e-08 -3.69815e-10)
(-4.53316e-12 1.56266e-08 -3.87407e-10)
(-1.60391e-11 1.55502e-08 -3.8445e-10)
(-3.3754e-11 1.54711e-08 -3.67252e-10)
(-6.18454e-11 1.53982e-08 -3.56796e-10)
(-9.20508e-11 1.53173e-08 -3.38355e-10)
(6.77154e-11 1.59344e-08 -3.71488e-10)
(4.35535e-11 1.58182e-08 -3.97683e-10)
(2.19861e-11 1.57262e-08 -3.93513e-10)
(1.06959e-11 1.563e-08 -3.96247e-10)
(5.45307e-12 1.55383e-08 -3.90489e-10)
(-6.50744e-13 1.54474e-08 -3.80487e-10)
(-8.85726e-12 1.53558e-08 -3.72699e-10)
(-1.63589e-11 1.52559e-08 -3.48482e-10)
(4.41995e-11 1.5942e-08 -3.91913e-10)
(3.56863e-11 1.58217e-08 -4.17167e-10)
(2.67623e-11 1.57268e-08 -4.04951e-10)
(2.30576e-11 1.56295e-08 -3.99068e-10)
(2.3117e-11 1.55364e-08 -3.90377e-10)
(2.45456e-11 1.54447e-08 -3.81697e-10)
(2.6475e-11 1.53501e-08 -3.73033e-10)
(2.79757e-11 1.52564e-08 -3.46091e-10)
(3.24292e-11 1.59431e-08 -3.99455e-10)
(3.28057e-11 1.58226e-08 -4.233e-10)
(3.13464e-11 1.57272e-08 -4.07285e-10)
(3.27284e-11 1.56295e-08 -3.96896e-10)
(3.64239e-11 1.5536e-08 -3.85703e-10)
(4.18953e-11 1.5444e-08 -3.76065e-10)
(4.85207e-11 1.53493e-08 -3.66174e-10)
(5.41489e-11 1.52613e-08 -3.38672e-10)
(2.7018e-11 1.59413e-08 -3.99609e-10)
(3.26049e-11 1.58221e-08 -4.21764e-10)
(3.5503e-11 1.57275e-08 -4.03844e-10)
(4.01446e-11 1.56301e-08 -3.91142e-10)
(4.61548e-11 1.55368e-08 -3.78132e-10)
(5.36386e-11 1.54451e-08 -3.67256e-10)
(6.21645e-11 1.53513e-08 -3.56311e-10)
(6.93812e-11 1.52676e-08 -3.29086e-10)
(2.5187e-11 1.59377e-08 -3.95327e-10)
(3.38617e-11 1.58204e-08 -4.15761e-10)
(3.92256e-11 1.57273e-08 -3.9685e-10)
(4.58113e-11 1.56309e-08 -3.83004e-10)
(5.3128e-11 1.55385e-08 -3.68889e-10)
(6.14816e-11 1.54481e-08 -3.57161e-10)
(7.05425e-11 1.53557e-08 -3.45507e-10)
(7.80523e-11 1.52756e-08 -3.18866e-10)
(2.53463e-11 1.59329e-08 -3.88331e-10)
(3.58572e-11 1.58177e-08 -4.07165e-10)
(4.25368e-11 1.57267e-08 -3.87761e-10)
(5.01681e-11 1.56318e-08 -3.73442e-10)
(5.8095e-11 1.55409e-08 -3.5881e-10)
(6.66942e-11 1.54521e-08 -3.46695e-10)
(7.5684e-11 1.53616e-08 -3.34669e-10)
(8.29416e-11 1.52847e-08 -3.08713e-10)
(2.65415e-11 1.59272e-08 -3.79676e-10)
(3.81316e-11 1.58144e-08 -3.9709e-10)
(4.5439e-11 1.57257e-08 -3.77512e-10)
(5.35528e-11 1.56327e-08 -3.63132e-10)
(6.16713e-11 1.55437e-08 -3.48412e-10)
(7.02121e-11 1.54569e-08 -3.36271e-10)
(7.89062e-11 1.53683e-08 -3.24112e-10)
(8.57401e-11 1.52945e-08 -2.98854e-10)
(2.82071e-11 1.5921e-08 -3.70027e-10)
(4.0411e-11 1.58107e-08 -3.86211e-10)
(4.79444e-11 1.57244e-08 -3.66682e-10)
(5.62132e-11 1.56336e-08 -3.52502e-10)
(6.42996e-11 1.55466e-08 -3.37977e-10)
(7.26574e-11 1.54621e-08 -3.26045e-10)
(8.10026e-11 1.53755e-08 -3.13896e-10)
(8.73986e-11 1.53046e-08 -2.89307e-10)
(3.00177e-11 1.59144e-08 -3.59811e-10)
(4.2547e-11 1.58066e-08 -3.74936e-10)
(5.00795e-11 1.57229e-08 -3.55618e-10)
(5.83261e-11 1.56343e-08 -3.41801e-10)
(6.62752e-11 1.55497e-08 -3.27644e-10)
(7.44154e-11 1.54674e-08 -3.16052e-10)
(8.24258e-11 1.5383e-08 -3.03987e-10)
(8.84227e-11 1.53148e-08 -2.80027e-10)
(3.17911e-11 1.59076e-08 -3.49305e-10)
(4.44659e-11 1.58024e-08 -3.63514e-10)
(5.18762e-11 1.57212e-08 -3.44521e-10)
(6.00132e-11 1.5635e-08 -3.31164e-10)
(6.77857e-11 1.55526e-08 -3.1747e-10)
(7.57139e-11 1.54727e-08 -3.06283e-10)
(8.34227e-11 1.53904e-08 -2.94332e-10)
(8.90693e-11 1.5325e-08 -2.7096e-10)
(3.34295e-11 1.59006e-08 -3.38687e-10)
(4.61366e-11 1.5798e-08 -3.52093e-10)
(5.33651e-11 1.57193e-08 -3.33504e-10)
(6.13557e-11 1.56356e-08 -3.20658e-10)
(6.89458e-11 1.55556e-08 -3.07472e-10)
(7.66819e-11 1.5478e-08 -2.96713e-10)
(8.41221e-11 1.53978e-08 -2.84884e-10)
(8.94614e-11 1.5335e-08 -2.62067e-10)
(3.48833e-11 1.58936e-08 -3.28074e-10)
(4.75508e-11 1.57936e-08 -3.40763e-10)
(5.45726e-11 1.57174e-08 -3.22626e-10)
(6.24069e-11 1.56361e-08 -3.10314e-10)
(6.98235e-11 1.55584e-08 -2.9765e-10)
(7.73892e-11 1.54832e-08 -2.87319e-10)
(8.45876e-11 1.54052e-08 -2.75611e-10)
(8.96529e-11 1.53449e-08 -2.53323e-10)
(3.61305e-11 1.58865e-08 -3.1754e-10)
(4.87117e-11 1.57891e-08 -3.29577e-10)
(5.55212e-11 1.57154e-08 -3.1192e-10)
(6.32017e-11 1.56365e-08 -3.00144e-10)
(7.04584e-11 1.55611e-08 -2.88e-10)
(7.7873e-11 1.54882e-08 -2.78083e-10)
(8.48487e-11 1.54124e-08 -2.66494e-10)
(8.96653e-11 1.53546e-08 -2.44714e-10)
(3.71645e-11 1.58794e-08 -3.07131e-10)
(4.96283e-11 1.57846e-08 -3.18565e-10)
(5.62293e-11 1.57133e-08 -3.01403e-10)
(6.37639e-11 1.56368e-08 -2.90154e-10)
(7.08744e-11 1.55638e-08 -2.78515e-10)
(7.81528e-11 1.54932e-08 -2.68996e-10)
(8.49193e-11 1.54195e-08 -2.57523e-10)
(8.95057e-11 1.53641e-08 -2.36239e-10)
(3.79874e-11 1.58723e-08 -2.96878e-10)
(5.03119e-11 1.578e-08 -3.07745e-10)
(5.67128e-11 1.57112e-08 -2.9108e-10)
(6.41104e-11 1.5637e-08 -2.80343e-10)
(7.10868e-11 1.55663e-08 -2.69192e-10)
(7.82399e-11 1.5498e-08 -2.60053e-10)
(8.48066e-11 1.54264e-08 -2.48697e-10)
(8.91775e-11 1.53734e-08 -2.27898e-10)
(3.8606e-11 1.58652e-08 -2.86798e-10)
(5.07751e-11 1.57755e-08 -2.97127e-10)
(5.69858e-11 1.5709e-08 -2.80957e-10)
(6.42549e-11 1.56372e-08 -2.70712e-10)
(7.1107e-11 1.55688e-08 -2.60029e-10)
(7.81428e-11 1.55027e-08 -2.51253e-10)
(8.45162e-11 1.54332e-08 -2.40015e-10)
(8.86837e-11 1.53825e-08 -2.19696e-10)
(3.90297e-11 1.58582e-08 -2.76903e-10)
(5.10307e-11 1.5771e-08 -2.86717e-10)
(5.70613e-11 1.57069e-08 -2.71033e-10)
(6.42091e-11 1.56374e-08 -2.6126e-10)
(7.09446e-11 1.55711e-08 -2.51026e-10)
(7.78687e-11 1.55073e-08 -2.42596e-10)
(8.40542e-11 1.54399e-08 -2.31481e-10)
(8.80292e-11 1.53914e-08 -2.11639e-10)
(3.92691e-11 1.58512e-08 -2.672e-10)
(5.10917e-11 1.57665e-08 -2.76518e-10)
(5.69517e-11 1.57047e-08 -2.61311e-10)
(6.39842e-11 1.56374e-08 -2.51988e-10)
(7.0609e-11 1.55734e-08 -2.42183e-10)
(7.74255e-11 1.55118e-08 -2.34086e-10)
(8.34278e-11 1.54465e-08 -2.23098e-10)
(8.72203e-11 1.54001e-08 -2.03733e-10)
(3.93357e-11 1.58443e-08 -2.57692e-10)
(5.0971e-11 1.57621e-08 -2.6653e-10)
(5.66694e-11 1.57025e-08 -2.5179e-10)
(6.35911e-11 1.56375e-08 -2.42896e-10)
(7.01099e-11 1.55756e-08 -2.33502e-10)
(7.68217e-11 1.55162e-08 -2.25723e-10)
(8.26453e-11 1.54529e-08 -2.14871e-10)
(8.62652e-11 1.54087e-08 -1.9598e-10)
(3.92412e-11 1.58374e-08 -2.48381e-10)
(5.06814e-11 1.57577e-08 -2.56756e-10)
(5.62262e-11 1.57002e-08 -2.42469e-10)
(6.30407e-11 1.56375e-08 -2.33984e-10)
(6.94571e-11 1.55778e-08 -2.24984e-10)
(7.60663e-11 1.55204e-08 -2.17512e-10)
(8.17159e-11 1.54592e-08 -2.06803e-10)
(8.51731e-11 1.5417e-08 -1.88387e-10)
(3.89974e-11 1.58306e-08 -2.39267e-10)
(5.02354e-11 1.57533e-08 -2.47193e-10)
(5.5634e-11 1.5698e-08 -2.33349e-10)
(6.23439e-11 1.56374e-08 -2.25254e-10)
(6.86607e-11 1.55798e-08 -2.16631e-10)
(7.51691e-11 1.55246e-08 -2.09454e-10)
(8.06493e-11 1.54653e-08 -1.98896e-10)
(8.39536e-11 1.54251e-08 -1.80954e-10)
(3.86159e-11 1.58239e-08 -2.30351e-10)
(4.96454e-11 1.5749e-08 -2.37842e-10)
(5.49044e-11 1.56958e-08 -2.2443e-10)
(6.15118e-11 1.56373e-08 -2.16706e-10)
(6.7731e-11 1.55818e-08 -2.08444e-10)
(7.41398e-11 1.55286e-08 -2.01551e-10)
(7.94557e-11 1.54713e-08 -1.91153e-10)
(8.26167e-11 1.54331e-08 -1.73686e-10)
(3.81079e-11 1.58172e-08 -2.21632e-10)
(4.89233e-11 1.57447e-08 -2.28702e-10)
(5.40488e-11 1.56936e-08 -2.1571e-10)
(6.05549e-11 1.56372e-08 -2.08339e-10)
(6.66782e-11 1.55837e-08 -2.00424e-10)
(7.29885e-11 1.55325e-08 -1.93806e-10)
(7.81452e-11 1.54772e-08 -1.83575e-10)
(8.11725e-11 1.54408e-08 -1.66582e-10)
(3.74845e-11 1.58106e-08 -2.13109e-10)
(4.80808e-11 1.57404e-08 -2.19771e-10)
(5.30782e-11 1.56913e-08 -2.07189e-10)
(5.9484e-11 1.56371e-08 -2.00155e-10)
(6.55126e-11 1.55855e-08 -1.92572e-10)
(7.1725e-11 1.55363e-08 -1.86218e-10)
(7.67277e-11 1.54829e-08 -1.76162e-10)
(7.96308e-11 1.54484e-08 -1.59643e-10)
(3.67564e-11 1.5804e-08 -2.04781e-10)
(4.71291e-11 1.57362e-08 -2.11048e-10)
(5.20035e-11 1.56891e-08 -1.98865e-10)
(5.83094e-11 1.56369e-08 -1.92152e-10)
(6.42441e-11 1.55873e-08 -1.84889e-10)
(7.03591e-11 1.554e-08 -1.7879e-10)
(7.52132e-11 1.54885e-08 -1.68915e-10)
(7.80011e-11 1.54557e-08 -1.5287e-10)
(3.59337e-11 1.57976e-08 -1.96647e-10)
(4.60789e-11 1.57321e-08 -2.02532e-10)
(5.08348e-11 1.56869e-08 -1.90738e-10)
(5.70411e-11 1.56367e-08 -1.84331e-10)
(6.28824e-11 1.5589e-08 -1.77374e-10)
(6.89004e-11 1.55436e-08 -1.71521e-10)
(7.3611e-11 1.5494e-08 -1.61835e-10)
(7.62928e-11 1.54629e-08 -1.46263e-10)
(3.50263e-11 1.57912e-08 -1.88704e-10)
(4.49405e-11 1.5728e-08 -1.9422e-10)
(4.95823e-11 1.56847e-08 -1.82807e-10)
(5.56887e-11 1.56364e-08 -1.76691e-10)
(6.14369e-11 1.55907e-08 -1.70028e-10)
(6.73579e-11 1.55471e-08 -1.64412e-10)
(7.19305e-11 1.54994e-08 -1.54921e-10)
(7.45145e-11 1.54699e-08 -1.3982e-10)
(3.40434e-11 1.57849e-08 -1.80952e-10)
(4.37239e-11 1.5724e-08 -1.86111e-10)
(4.82554e-11 1.56825e-08 -1.75069e-10)
(5.42615e-11 1.56362e-08 -1.69231e-10)
(5.99166e-11 1.55923e-08 -1.6285e-10)
(6.57405e-11 1.55506e-08 -1.57463e-10)
(7.01802e-11 1.55046e-08 -1.48173e-10)
(7.26747e-11 1.54767e-08 -1.33542e-10)
(3.29941e-11 1.57787e-08 -1.73387e-10)
(4.24384e-11 1.572e-08 -1.78203e-10)
(4.68632e-11 1.56804e-08 -1.67524e-10)
(5.27684e-11 1.56359e-08 -1.61949e-10)
(5.83302e-11 1.55938e-08 -1.55839e-10)
(6.40568e-11 1.55539e-08 -1.50673e-10)
(6.83687e-11 1.55097e-08 -1.4159e-10)
(7.07814e-11 1.54834e-08 -1.27427e-10)
(3.18869e-11 1.57726e-08 -1.6601e-10)
(4.1093e-11 1.57161e-08 -1.70494e-10)
(4.54143e-11 1.56782e-08 -1.60168e-10)
(5.12179e-11 1.56356e-08 -1.54846e-10)
(5.66861e-11 1.55953e-08 -1.48996e-10)
(6.23148e-11 1.55571e-08 -1.44042e-10)
(6.65039e-11 1.55147e-08 -1.35172e-10)
(6.88422e-11 1.54898e-08 -1.21474e-10)
(3.07297e-11 1.57666e-08 -1.58816e-10)
(3.96962e-11 1.57122e-08 -1.62982e-10)
(4.3917e-11 1.56761e-08 -1.53002e-10)
(4.96181e-11 1.56353e-08 -1.4792e-10)
(5.49921e-11 1.55967e-08 -1.42319e-10)
(6.05224e-11 1.55602e-08 -1.3757e-10)
(6.45934e-11 1.55195e-08 -1.28916e-10)
(6.68642e-11 1.54961e-08 -1.15681e-10)
(2.95304e-11 1.57607e-08 -1.51806e-10)
(3.82561e-11 1.57084e-08 -1.55664e-10)
(4.23792e-11 1.5674e-08 -1.46022e-10)
(4.79768e-11 1.56349e-08 -1.41168e-10)
(5.32558e-11 1.55981e-08 -1.35808e-10)
(5.86871e-11 1.55632e-08 -1.31256e-10)
(6.26446e-11 1.55242e-08 -1.22822e-10)
(6.48543e-11 1.55022e-08 -1.10048e-10)
(2.8296e-11 1.57548e-08 -1.44975e-10)
(3.67804e-11 1.57047e-08 -1.48537e-10)
(4.08082e-11 1.56719e-08 -1.39227e-10)
(4.63011e-11 1.56346e-08 -1.34591e-10)
(5.14844e-11 1.55994e-08 -1.29461e-10)
(5.68158e-11 1.55661e-08 -1.25099e-10)
(6.06642e-11 1.55288e-08 -1.1689e-10)
(6.28189e-11 1.55081e-08 -1.04572e-10)
(2.70336e-11 1.57491e-08 -1.38323e-10)
(3.52763e-11 1.57011e-08 -1.41601e-10)
(3.92111e-11 1.56698e-08 -1.32614e-10)
(4.45981e-11 1.56342e-08 -1.28187e-10)
(4.96847e-11 1.56006e-08 -1.23277e-10)
(5.49154e-11 1.5569e-08 -1.19099e-10)
(5.86589e-11 1.55333e-08 -1.11117e-10)
(6.07641e-11 1.55138e-08 -9.92523e-11)
(2.57496e-11 1.57435e-08 -1.31847e-10)
(3.37507e-11 1.56975e-08 -1.34853e-10)
(3.75944e-11 1.56678e-08 -1.26182e-10)
(4.28743e-11 1.56338e-08 -1.21953e-10)
(4.78633e-11 1.56018e-08 -1.17256e-10)
(5.29923e-11 1.55717e-08 -1.13254e-10)
(5.66348e-11 1.55376e-08 -1.05502e-10)
(5.86957e-11 1.55194e-08 -9.40865e-11)
(2.44501e-11 1.5738e-08 -1.25545e-10)
(3.22099e-11 1.56939e-08 -1.28289e-10)
(3.59644e-11 1.56658e-08 -1.19928e-10)
(4.1136e-11 1.56334e-08 -1.15889e-10)
(4.60263e-11 1.5603e-08 -1.11395e-10)
(5.10525e-11 1.55744e-08 -1.07564e-10)
(5.45978e-11 1.55419e-08 -1.00045e-10)
(5.66189e-11 1.55248e-08 -8.90732e-11)
(2.3141e-11 1.57325e-08 -1.19414e-10)
(3.06601e-11 1.56905e-08 -1.21909e-10)
(3.43271e-11 1.56638e-08 -1.13851e-10)
(3.9389e-11 1.5633e-08 -1.09992e-10)
(4.41794e-11 1.56041e-08 -1.05695e-10)
(4.91018e-11 1.55769e-08 -1.02028e-10)
(5.25533e-11 1.5546e-08 -9.47424e-11)
(5.4539e-11 1.55301e-08 -8.42105e-11)
(2.18277e-11 1.57272e-08 -1.13454e-10)
(2.91071e-11 1.56871e-08 -1.15709e-10)
(3.26879e-11 1.56618e-08 -1.07948e-10)
(3.76388e-11 1.56326e-08 -1.04262e-10)
(4.23283e-11 1.56052e-08 -1.00153e-10)
(4.71457e-11 1.55794e-08 -9.66435e-11)
(5.05067e-11 1.555e-08 -8.95941e-11)
(5.24606e-11 1.55351e-08 -7.94967e-11)
(2.05153e-11 1.5722e-08 -1.07661e-10)
(2.75561e-11 1.56838e-08 -1.09687e-10)
(3.10521e-11 1.56599e-08 -1.02217e-10)
(3.58907e-11 1.56322e-08 -9.86961e-11)
(4.04781e-11 1.56062e-08 -9.47681e-11)
(4.51894e-11 1.55818e-08 -9.1411e-11)
(4.84627e-11 1.55538e-08 -8.45983e-11)
(5.03882e-11 1.554e-08 -7.49299e-11)
(1.92087e-11 1.5717e-08 -1.02034e-10)
(2.60124e-11 1.56806e-08 -1.03842e-10)
(2.94246e-11 1.5658e-08 -9.66567e-11)
(3.41497e-11 1.56318e-08 -9.32931e-11)
(3.86336e-11 1.56072e-08 -8.95394e-11)
(4.32376e-11 1.55841e-08 -8.6329e-11)
(4.6426e-11 1.55576e-08 -7.97535e-11)
(4.83261e-11 1.55448e-08 -7.05084e-11)
(1.79124e-11 1.5712e-08 -9.6571e-11)
(2.44806e-11 1.56774e-08 -9.81699e-11)
(2.78099e-11 1.56562e-08 -9.12641e-11)
(3.24202e-11 1.56313e-08 -8.80514e-11)
(3.67996e-11 1.56081e-08 -8.44654e-11)
(4.12951e-11 1.55864e-08 -8.13964e-11)
(4.4401e-11 1.55613e-08 -7.50583e-11)
(4.62781e-11 1.55494e-08 -6.62303e-11)
(1.66307e-11 1.57071e-08 -9.12695e-11)
(2.29652e-11 1.56743e-08 -9.26702e-11)
(2.62124e-11 1.56543e-08 -8.60377e-11)
(3.07066e-11 1.56309e-08 -8.29694e-11)
(3.49802e-11 1.5609e-08 -7.95447e-11)
(3.93661e-11 1.55885e-08 -7.66121e-11)
(4.23917e-11 1.55648e-08 -7.05112e-11)
(4.42479e-11 1.55538e-08 -6.20939e-11)
(1.53674e-11 1.57024e-08 -8.61278e-11)
(2.14704e-11 1.56713e-08 -8.73401e-11)
(2.4636e-11 1.56526e-08 -8.09753e-11)
(2.9013e-11 1.56305e-08 -7.80454e-11)
(3.31796e-11 1.56098e-08 -7.47762e-11)
(3.74546e-11 1.55906e-08 -7.19752e-11)
(4.04019e-11 1.55682e-08 -6.61108e-11)
(4.22388e-11 1.55581e-08 -5.80975e-11)
(1.41264e-11 1.56978e-08 -8.11442e-11)
(1.99999e-11 1.56684e-08 -8.21778e-11)
(2.30845e-11 1.56508e-08 -7.60752e-11)
(2.73431e-11 1.563e-08 -7.3278e-11)
(3.14014e-11 1.56107e-08 -7.01586e-11)
(3.55645e-11 1.55926e-08 -6.74844e-11)
(3.84351e-11 1.55715e-08 -6.18556e-11)
(4.0254e-11 1.55623e-08 -5.42394e-11)
(1.29111e-11 1.56933e-08 -7.63169e-11)
(1.85574e-11 1.56655e-08 -7.71812e-11)
(2.15613e-11 1.56491e-08 -7.13356e-11)
(2.57005e-11 1.56296e-08 -6.86656e-11)
(2.96494e-11 1.56114e-08 -6.56906e-11)
(3.36993e-11 1.55945e-08 -6.31389e-11)
(3.64946e-11 1.55747e-08 -5.77443e-11)
(3.82964e-11 1.55663e-08 -5.05179e-11)
(1.17246e-11 1.56889e-08 -7.16441e-11)
(1.71463e-11 1.56628e-08 -7.23484e-11)
(2.00697e-11 1.56474e-08 -6.67545e-11)
(2.40883e-11 1.56292e-08 -6.42067e-11)
(2.79267e-11 1.56122e-08 -6.1371e-11)
(3.18623e-11 1.55964e-08 -5.89377e-11)
(3.45835e-11 1.55778e-08 -5.37756e-11)
(3.63688e-11 1.55701e-08 -4.69313e-11)
(1.057e-11 1.56847e-08 -6.71243e-11)
(1.57696e-11 1.56601e-08 -6.76777e-11)
(1.86125e-11 1.56458e-08 -6.23303e-11)
(2.25096e-11 1.56288e-08 -5.99e-11)
(2.62364e-11 1.56129e-08 -5.71987e-11)
(3.00567e-11 1.55982e-08 -5.48797e-11)
(3.27047e-11 1.55808e-08 -4.99481e-11)
(3.44735e-11 1.55738e-08 -4.34782e-11)
(9.4499e-12 1.56805e-08 -6.27557e-11)
(1.44303e-11 1.56575e-08 -6.31673e-11)
(1.71926e-11 1.56442e-08 -5.80613e-11)
(2.09673e-11 1.56283e-08 -5.57441e-11)
(2.45813e-11 1.56136e-08 -5.31725e-11)
(2.82852e-11 1.55999e-08 -5.0964e-11)
(3.08607e-11 1.55836e-08 -4.62606e-11)
(3.26129e-11 1.55773e-08 -4.01571e-11)
(8.36697e-12 1.56765e-08 -5.8537e-11)
(1.31308e-11 1.56549e-08 -5.88156e-11)
(1.58125e-11 1.56427e-08 -5.39458e-11)
(1.94638e-11 1.56279e-08 -5.17376e-11)
(2.2964e-11 1.56142e-08 -4.92913e-11)
(2.65506e-11 1.56015e-08 -4.71897e-11)
(2.9054e-11 1.55864e-08 -4.2712e-11)
(3.0789e-11 1.55808e-08 -3.69664e-11)
(7.32349e-12 1.56726e-08 -5.44667e-11)
(1.18737e-11 1.56525e-08 -5.46208e-11)
(1.44744e-11 1.56412e-08 -4.99825e-11)
(1.80016e-11 1.56275e-08 -4.78792e-11)
(2.1387e-11 1.56148e-08 -4.55542e-11)
(2.48552e-11 1.56031e-08 -4.3556e-11)
(2.72869e-11 1.55891e-08 -3.9301e-11)
(2.90038e-11 1.5584e-08 -3.39049e-11)
(6.3216e-12 1.56689e-08 -5.05433e-11)
(1.06612e-11 1.56501e-08 -5.05815e-11)
(1.31805e-11 1.56398e-08 -4.61696e-11)
(1.65828e-11 1.56271e-08 -4.41678e-11)
(1.98525e-11 1.56154e-08 -4.196e-11)
(2.32014e-11 1.56046e-08 -4.00621e-11)
(2.55613e-11 1.55916e-08 -3.60266e-11)
(2.72589e-11 1.55872e-08 -3.09712e-11)
(5.36324e-12 1.56653e-08 -4.67657e-11)
(9.49521e-12 1.56479e-08 -4.66963e-11)
(1.19327e-11 1.56384e-08 -4.2506e-11)
(1.52094e-11 1.56267e-08 -4.06021e-11)
(1.83624e-11 1.56159e-08 -3.85078e-11)
(2.15911e-11 1.5606e-08 -3.67071e-11)
(2.38791e-11 1.55941e-08 -3.28877e-11)
(2.55561e-11 1.55902e-08 -2.81641e-11)
(4.45017e-12 1.56618e-08 -4.31324e-11)
(8.37764e-12 1.56457e-08 -4.29636e-11)
(1.07327e-11 1.5637e-08 -3.89901e-11)
(1.38832e-11 1.56263e-08 -3.71811e-11)
(1.69187e-11 1.56164e-08 -3.51968e-11)
(2.00264e-11 1.56074e-08 -3.34903e-11)
(2.22421e-11 1.55964e-08 -2.98834e-11)
(2.38966e-11 1.5593e-08 -2.54824e-11)
(3.58401e-12 1.56584e-08 -3.96425e-11)
(7.31011e-12 1.56436e-08 -3.93823e-11)
(9.58214e-12 1.56357e-08 -3.56208e-11)
(1.26057e-11 1.56259e-08 -3.39036e-11)
(1.55229e-11 1.56169e-08 -3.20259e-11)
(1.85088e-11 1.56087e-08 -3.04109e-11)
(2.06517e-11 1.55986e-08 -2.70127e-11)
(2.22817e-11 1.55958e-08 -2.29249e-11)
(2.76618e-12 1.56552e-08 -3.62947e-11)
(6.29411e-12 1.56415e-08 -3.59511e-11)
(8.48231e-12 1.56345e-08 -3.23968e-11)
(1.13785e-11 1.56255e-08 -3.07687e-11)
(1.41765e-11 1.56174e-08 -2.89945e-11)
(1.704e-11 1.561e-08 -2.74684e-11)
(1.91093e-11 1.56008e-08 -2.42747e-11)
(2.07126e-11 1.55984e-08 -2.04907e-11)
(1.99797e-12 1.56521e-08 -3.3088e-11)
(5.33095e-12 1.56396e-08 -3.26688e-11)
(7.4345e-12 1.56333e-08 -2.93169e-11)
(1.02029e-11 1.56252e-08 -2.77754e-11)
(1.2881e-11 1.56178e-08 -2.61016e-11)
(1.56213e-11 1.56111e-08 -2.46621e-11)
(1.76162e-11 1.56028e-08 -2.16687e-11)
(1.91903e-11 1.56008e-08 -1.81787e-11)
(1.28051e-12 1.56491e-08 -3.00215e-11)
(4.42179e-12 1.56377e-08 -2.95342e-11)
(6.43981e-12 1.56321e-08 -2.63801e-11)
(9.07999e-12 1.56248e-08 -2.49228e-11)
(1.16375e-11 1.56182e-08 -2.33467e-11)
(1.42539e-11 1.56123e-08 -2.19914e-11)
(1.61734e-11 1.56048e-08 -1.91939e-11)
(1.77156e-11 1.56032e-08 -1.59882e-11)
(6.14824e-13 1.56463e-08 -2.70941e-11)
(3.56768e-12 1.5636e-08 -2.65464e-11)
(5.49919e-12 1.5631e-08 -2.35854e-11)
(8.01076e-12 1.56245e-08 -2.221e-11)
(1.04471e-11 1.56186e-08 -2.07289e-11)
(1.29391e-11 1.56133e-08 -1.94557e-11)
(1.4782e-11 1.56066e-08 -1.68496e-11)
(1.62894e-11 1.56054e-08 -1.39181e-11)
(1.78572e-15 1.56436e-08 -2.4305e-11)
(2.76951e-12 1.56343e-08 -2.37043e-11)
(4.61348e-12 1.56299e-08 -2.09318e-11)
(6.99612e-12 1.56242e-08 -1.96364e-11)
(9.31059e-12 1.5619e-08 -1.82477e-11)
(1.16777e-11 1.56143e-08 -1.70546e-11)
(1.34428e-11 1.56084e-08 -1.46351e-11)
(1.49123e-11 1.56075e-08 -1.19677e-11)
(-5.57819e-13 1.5641e-08 -2.16534e-11)
(2.02805e-12 1.56327e-08 -2.1007e-11)
(3.7834e-12 1.56289e-08 -1.84184e-11)
(6.03683e-12 1.56239e-08 -1.72011e-11)
(8.22888e-12 1.56193e-08 -1.59025e-11)
(1.04705e-11 1.56153e-08 -1.47875e-11)
(1.21563e-11 1.561e-08 -1.25498e-11)
(1.35847e-11 1.56095e-08 -1.01362e-11)
(-1.0633e-12 1.56386e-08 -1.91386e-11)
(1.34399e-12 1.56312e-08 -1.84537e-11)
(3.00957e-12 1.5628e-08 -1.60445e-11)
(5.13353e-12 1.56236e-08 -1.49034e-11)
(7.20261e-12 1.56196e-08 -1.36926e-11)
(9.3183e-12 1.56162e-08 -1.26541e-11)
(1.09233e-11 1.56116e-08 -1.05932e-11)
(1.23071e-11 1.56113e-08 -8.42322e-12)
(-1.5141e-12 1.56363e-08 -1.67597e-11)
(7.17917e-13 1.56298e-08 -1.60436e-11)
(2.29251e-12 1.56271e-08 -1.38091e-11)
(4.28677e-12 1.56233e-08 -1.27428e-11)
(6.23234e-12 1.56199e-08 -1.16178e-11)
(8.22164e-12 1.5617e-08 -1.0654e-11)
(9.74424e-12 1.5613e-08 -8.7649e-12)
(1.10797e-11 1.56131e-08 -6.82806e-12)
(-1.9097e-12 1.56341e-08 -1.45161e-11)
(1.50336e-13 1.56285e-08 -1.37759e-11)
(1.63269e-12 1.56263e-08 -1.17117e-11)
(3.49703e-12 1.5623e-08 -1.07188e-11)
(5.31855e-12 1.56202e-08 -9.67752e-12)
(7.181e-12 1.56178e-08 -8.78701e-12)
(8.6194e-12 1.56144e-08 -7.06449e-12)
(9.90291e-12 1.56147e-08 -5.35028e-12)
(-2.24959e-12 1.56321e-08 -1.24072e-11)
(-3.58287e-13 1.56272e-08 -1.16499e-11)
(1.0305e-12 1.56255e-08 -9.75169e-12)
(2.76471e-12 1.56228e-08 -8.83081e-12)
(4.46161e-12 1.56205e-08 -7.87151e-12)
(6.19674e-12 1.56185e-08 -7.05281e-12)
(7.54906e-12 1.56157e-08 -5.49168e-12)
(8.7767e-12 1.56162e-08 -3.98948e-12)
(-2.53331e-12 1.56302e-08 -1.04324e-11)
(-8.07516e-13 1.56261e-08 -9.66511e-12)
(4.8633e-13 1.56247e-08 -7.92845e-12)
(2.09018e-12 1.56225e-08 -7.07859e-12)
(3.66187e-12 1.56207e-08 -6.19958e-12)
(5.26912e-12 1.56191e-08 -5.45132e-12)
(6.53336e-12 1.56169e-08 -4.04624e-12)
(7.70107e-12 1.56175e-08 -2.74534e-12)
(-2.76034e-12 1.56284e-08 -8.59115e-12)
(-1.19692e-12 1.5625e-08 -7.82086e-12)
(5.0728e-16 1.5624e-08 -6.24161e-12)
(1.47374e-12 1.56223e-08 -5.46189e-12)
(2.91959e-12 1.56209e-08 -4.66163e-12)
(4.39838e-12 1.56197e-08 -3.98252e-12)
(5.57234e-12 1.56179e-08 -2.7281e-12)
(6.67586e-12 1.56188e-08 -1.61774e-12)
(-2.93008e-12 1.56268e-08 -6.8831e-12)
(-1.52609e-12 1.5624e-08 -6.11681e-12)
(-4.26658e-13 1.56234e-08 -4.69088e-12)
(9.15662e-13 1.56221e-08 -3.98059e-12)
(2.235e-12 1.56211e-08 -3.25766e-12)
(3.58469e-12 1.56203e-08 -2.64651e-12)
(4.66601e-12 1.56189e-08 -1.53736e-12)
(5.70081e-12 1.56199e-08 -6.06721e-13)
(-3.0419e-12 1.56253e-08 -5.30814e-12)
(-1.79467e-12 1.56232e-08 -4.55276e-12)
(-7.94941e-13 1.56228e-08 -3.27611e-12)
(4.16173e-13 1.56219e-08 -2.63465e-12)
(1.60831e-12 1.56213e-08 -1.98774e-12)
(2.82821e-12 1.56208e-08 -1.44348e-12)
(3.81439e-12 1.56198e-08 -4.7429e-13)
(4.77567e-12 1.5621e-08 2.8736e-13)
(-3.09516e-12 1.5624e-08 -3.86659e-12)
(-2.00249e-12 1.56224e-08 -3.1288e-12)
(-1.10437e-12 1.56223e-08 -1.99727e-12)
(-2.46696e-14 1.56218e-08 -1.42403e-12)
(1.03977e-12 1.56214e-08 -8.51901e-13)
(2.12932e-12 1.56212e-08 -3.73597e-13)
(3.01778e-12 1.56207e-08 4.6068e-13)
(3.90036e-12 1.56219e-08 1.06375e-12)
(-3.08929e-12 1.56228e-08 -2.55963e-12)
(-2.14993e-12 1.56217e-08 -1.84559e-12)
(-1.3556e-12 1.56219e-08 -8.54463e-13)
(-4.07214e-13 1.56216e-08 -3.48452e-13)
(5.29665e-13 1.56216e-08 1.50266e-13)
(1.48887e-12 1.56216e-08 5.6329e-13)
(2.27715e-12 1.56214e-08 1.26695e-12)
(3.07533e-12 1.56227e-08 1.72105e-12)
(-3.02415e-12 1.56217e-08 -1.39007e-12)
(-2.23856e-12 1.5621e-08 -7.04796e-13)
(-1.55079e-12 1.56215e-08 1.52097e-13)
(-7.3283e-13 1.56215e-08 5.93244e-13)
(7.82886e-14 1.56217e-08 1.02048e-12)
(9.08753e-13 1.5622e-08 1.36825e-12)
(1.59503e-12 1.5622e-08 1.94387e-12)
(2.30237e-12 1.56233e-08 2.25691e-12)
(-2.90101e-12 1.56207e-08 -3.63794e-13)
(-2.27272e-12 1.56205e-08 2.89811e-13)
(-1.69537e-12 1.56211e-08 1.0222e-12)
(-1.00522e-12 1.56214e-08 1.40447e-12)
(-3.14127e-13 1.56218e-08 1.76367e-12)
(3.93095e-13 1.56222e-08 2.04462e-12)
(9.77281e-13 1.56225e-08 2.49085e-12)
(1.58606e-12 1.56239e-08 2.66729e-12)
(-2.72521e-12 1.56199e-08 5.0768e-13)
(-2.26253e-12 1.56201e-08 1.13054e-12)
(-1.80148e-12 1.56208e-08 1.75602e-12)
(-1.23286e-12 1.56213e-08 2.094e-12)
(-6.47408e-13 1.56218e-08 2.39207e-12)
(-4.91395e-14 1.56225e-08 2.60086e-12)
(4.36958e-13 1.5623e-08 2.90791e-12)
(9.37206e-13 1.56244e-08 2.9454e-12)
(-2.51366e-12 1.56192e-08 1.2037e-12)
(-2.23046e-12 1.56197e-08 1.80232e-12)
(-1.89497e-12 1.56205e-08 2.355e-12)
(-1.43413e-12 1.56212e-08 2.682e-12)
(-9.22031e-13 1.56219e-08 2.93314e-12)
(-3.99722e-13 1.56227e-08 3.05629e-12)
(1.80317e-15 1.56234e-08 3.19701e-12)
(3.80245e-13 1.56247e-08 3.08088e-12)
(-2.31631e-12 1.56186e-08 1.68728e-12)
(-2.23103e-12 1.56194e-08 2.27334e-12)
(-2.03685e-12 1.56203e-08 2.81978e-12)
(-1.65744e-12 1.56211e-08 3.20519e-12)
(-1.15349e-12 1.5622e-08 3.43939e-12)
(-6.3432e-13 1.56229e-08 3.45155e-12)
(-2.77943e-13 1.56237e-08 3.36453e-12)
(-3.63201e-14 1.56249e-08 3.05982e-12)
(-2.17859e-12 1.56183e-08 1.9235e-12)
(-2.30481e-12 1.56192e-08 2.52827e-12)
(-2.25115e-12 1.56202e-08 3.21283e-12)
(-1.88291e-12 1.56212e-08 3.77603e-12)
(-1.28234e-12 1.56222e-08 4.03043e-12)
(-6.63218e-13 1.56231e-08 3.86873e-12)
(-2.95001e-13 1.5624e-08 3.42944e-12)
(-2.04884e-13 1.5625e-08 2.89029e-12)
(-2.0162e-12 1.56181e-08 2.01958e-12)
(-2.23901e-12 1.56187e-08 2.74246e-12)
(-2.29106e-12 1.56197e-08 3.71239e-12)
(-1.96384e-12 1.56209e-08 4.48835e-12)
(-1.32635e-12 1.56221e-08 4.70157e-12)
(-6.30147e-13 1.56233e-08 4.2475e-12)
(-1.84475e-13 1.56243e-08 3.36571e-12)
(-1.19666e-13 1.56249e-08 2.66761e-12)
)
;
    }
    front
    {
        type            calculated;
        value           nonuniform List<vector> 
640
(
(8.22705e-10 -1.65057e-08 -8.66073e-11)
(6.22539e-10 -1.6175e-08 -1.09478e-10)
(3.66777e-10 -1.59137e-08 -1.465e-10)
(5.22401e-11 -1.56634e-08 -1.68936e-10)
(-2.87754e-10 -1.54057e-08 -1.71321e-10)
(-6.15467e-10 -1.51326e-08 -1.56394e-10)
(-9.12473e-10 -1.48333e-08 -1.41632e-10)
(-1.1809e-09 -1.4452e-08 -1.33098e-10)
(2.0572e-10 -1.57309e-08 -2.39682e-10)
(1.08493e-10 -1.57117e-08 -2.74958e-10)
(3.41835e-11 -1.56466e-08 -3.24349e-10)
(-1.36123e-11 -1.56103e-08 -3.59925e-10)
(-5.4292e-11 -1.55974e-08 -3.61589e-10)
(-1.00482e-10 -1.55778e-08 -3.34801e-10)
(-1.64696e-10 -1.55613e-08 -3.11933e-10)
(-2.50015e-10 -1.56166e-08 -2.9341e-10)
(1.06426e-10 -1.58905e-08 -3.2776e-10)
(5.54377e-11 -1.57949e-08 -3.55612e-10)
(1.53655e-11 -1.57117e-08 -3.69815e-10)
(-4.53316e-12 -1.56266e-08 -3.87407e-10)
(-1.60391e-11 -1.55502e-08 -3.8445e-10)
(-3.3754e-11 -1.54711e-08 -3.67252e-10)
(-6.18454e-11 -1.53982e-08 -3.56796e-10)
(-9.20509e-11 -1.53173e-08 -3.38355e-10)
(6.77154e-11 -1.59344e-08 -3.71488e-10)
(4.35535e-11 -1.58182e-08 -3.97683e-10)
(2.19861e-11 -1.57262e-08 -3.93513e-10)
(1.06959e-11 -1.563e-08 -3.96247e-10)
(5.45307e-12 -1.55383e-08 -3.90489e-10)
(-6.50744e-13 -1.54474e-08 -3.80487e-10)
(-8.85726e-12 -1.53558e-08 -3.72699e-10)
(-1.63589e-11 -1.52559e-08 -3.48482e-10)
(4.41995e-11 -1.5942e-08 -3.91913e-10)
(3.56863e-11 -1.58217e-08 -4.17167e-10)
(2.67623e-11 -1.57268e-08 -4.04951e-10)
(2.30576e-11 -1.56295e-08 -3.99068e-10)
(2.3117e-11 -1.55364e-08 -3.90377e-10)
(2.45456e-11 -1.54447e-08 -3.81697e-10)
(2.6475e-11 -1.53501e-08 -3.73033e-10)
(2.79757e-11 -1.52564e-08 -3.46091e-10)
(3.24292e-11 -1.59431e-08 -3.99455e-10)
(3.28057e-11 -1.58226e-08 -4.233e-10)
(3.13464e-11 -1.57272e-08 -4.07285e-10)
(3.27284e-11 -1.56295e-08 -3.96896e-10)
(3.64239e-11 -1.5536e-08 -3.85703e-10)
(4.18953e-11 -1.5444e-08 -3.76065e-10)
(4.85207e-11 -1.53493e-08 -3.66174e-10)
(5.41489e-11 -1.52613e-08 -3.38672e-10)
(2.7018e-11 -1.59413e-08 -3.99609e-10)
(3.26049e-11 -1.58221e-08 -4.21764e-10)
(3.5503e-11 -1.57275e-08 -4.03844e-10)
(4.01446e-11 -1.56301e-08 -3.91142e-10)
(4.61548e-11 -1.55368e-08 -3.78132e-10)
(5.36386e-11 -1.54451e-08 -3.67256e-10)
(6.21645e-11 -1.53513e-08 -3.56311e-10)
(6.93812e-11 -1.52676e-08 -3.29086e-10)
(2.5187e-11 -1.59377e-08 -3.95327e-10)
(3.38617e-11 -1.58204e-08 -4.15761e-10)
(3.92256e-11 -1.57273e-08 -3.9685e-10)
(4.58113e-11 -1.56309e-08 -3.83004e-10)
(5.3128e-11 -1.55385e-08 -3.68889e-10)
(6.14816e-11 -1.54481e-08 -3.57161e-10)
(7.05425e-11 -1.53557e-08 -3.45507e-10)
(7.80523e-11 -1.52756e-08 -3.18866e-10)
(2.53463e-11 -1.59329e-08 -3.88331e-10)
(3.58572e-11 -1.58177e-08 -4.07165e-10)
(4.25368e-11 -1.57267e-08 -3.87761e-10)
(5.01681e-11 -1.56318e-08 -3.73442e-10)
(5.8095e-11 -1.55409e-08 -3.5881e-10)
(6.66942e-11 -1.54521e-08 -3.46695e-10)
(7.5684e-11 -1.53616e-08 -3.34669e-10)
(8.29416e-11 -1.52847e-08 -3.08713e-10)
(2.65415e-11 -1.59272e-08 -3.79676e-10)
(3.81316e-11 -1.58144e-08 -3.9709e-10)
(4.5439e-11 -1.57257e-08 -3.77512e-10)
(5.35528e-11 -1.56327e-08 -3.63132e-10)
(6.16713e-11 -1.55437e-08 -3.48412e-10)
(7.02121e-11 -1.54569e-08 -3.36271e-10)
(7.89062e-11 -1.53683e-08 -3.24112e-10)
(8.57401e-11 -1.52945e-08 -2.98854e-10)
(2.82071e-11 -1.5921e-08 -3.70027e-10)
(4.0411e-11 -1.58107e-08 -3.86211e-10)
(4.79443e-11 -1.57244e-08 -3.66682e-10)
(5.62132e-11 -1.56336e-08 -3.52502e-10)
(6.42996e-11 -1.55466e-08 -3.37977e-10)
(7.26574e-11 -1.54621e-08 -3.26045e-10)
(8.10026e-11 -1.53755e-08 -3.13896e-10)
(8.73986e-11 -1.53046e-08 -2.89307e-10)
(3.00177e-11 -1.59144e-08 -3.59811e-10)
(4.2547e-11 -1.58066e-08 -3.74936e-10)
(5.00795e-11 -1.57229e-08 -3.55618e-10)
(5.83261e-11 -1.56343e-08 -3.41801e-10)
(6.62752e-11 -1.55497e-08 -3.27644e-10)
(7.44154e-11 -1.54674e-08 -3.16052e-10)
(8.24258e-11 -1.5383e-08 -3.03987e-10)
(8.84227e-11 -1.53148e-08 -2.80027e-10)
(3.17911e-11 -1.59076e-08 -3.49305e-10)
(4.44659e-11 -1.58024e-08 -3.63514e-10)
(5.18762e-11 -1.57212e-08 -3.44521e-10)
(6.00132e-11 -1.5635e-08 -3.31164e-10)
(6.77857e-11 -1.55526e-08 -3.1747e-10)
(7.57139e-11 -1.54727e-08 -3.06283e-10)
(8.34227e-11 -1.53904e-08 -2.94332e-10)
(8.90693e-11 -1.5325e-08 -2.7096e-10)
(3.34295e-11 -1.59006e-08 -3.38687e-10)
(4.61366e-11 -1.5798e-08 -3.52093e-10)
(5.33651e-11 -1.57193e-08 -3.33504e-10)
(6.13557e-11 -1.56356e-08 -3.20658e-10)
(6.89458e-11 -1.55556e-08 -3.07472e-10)
(7.66819e-11 -1.5478e-08 -2.96713e-10)
(8.41221e-11 -1.53978e-08 -2.84884e-10)
(8.94614e-11 -1.5335e-08 -2.62067e-10)
(3.48833e-11 -1.58936e-08 -3.28074e-10)
(4.75508e-11 -1.57936e-08 -3.40763e-10)
(5.45726e-11 -1.57174e-08 -3.22626e-10)
(6.24069e-11 -1.56361e-08 -3.10314e-10)
(6.98235e-11 -1.55584e-08 -2.9765e-10)
(7.73892e-11 -1.54832e-08 -2.87319e-10)
(8.45876e-11 -1.54052e-08 -2.75611e-10)
(8.96529e-11 -1.53449e-08 -2.53323e-10)
(3.61305e-11 -1.58865e-08 -3.1754e-10)
(4.87117e-11 -1.57891e-08 -3.29577e-10)
(5.55212e-11 -1.57154e-08 -3.1192e-10)
(6.32017e-11 -1.56365e-08 -3.00144e-10)
(7.04584e-11 -1.55611e-08 -2.88e-10)
(7.7873e-11 -1.54882e-08 -2.78083e-10)
(8.48487e-11 -1.54124e-08 -2.66494e-10)
(8.96653e-11 -1.53546e-08 -2.44714e-10)
(3.71645e-11 -1.58794e-08 -3.07131e-10)
(4.96283e-11 -1.57846e-08 -3.18565e-10)
(5.62293e-11 -1.57133e-08 -3.01403e-10)
(6.37639e-11 -1.56368e-08 -2.90154e-10)
(7.08744e-11 -1.55638e-08 -2.78515e-10)
(7.81528e-11 -1.54932e-08 -2.68996e-10)
(8.49193e-11 -1.54195e-08 -2.57523e-10)
(8.95057e-11 -1.53641e-08 -2.36239e-10)
(3.79874e-11 -1.58723e-08 -2.96878e-10)
(5.03119e-11 -1.578e-08 -3.07745e-10)
(5.67128e-11 -1.57112e-08 -2.9108e-10)
(6.41104e-11 -1.5637e-08 -2.80343e-10)
(7.10868e-11 -1.55663e-08 -2.69192e-10)
(7.82399e-11 -1.5498e-08 -2.60053e-10)
(8.48066e-11 -1.54264e-08 -2.48697e-10)
(8.91775e-11 -1.53734e-08 -2.27898e-10)
(3.8606e-11 -1.58652e-08 -2.86798e-10)
(5.07751e-11 -1.57755e-08 -2.97127e-10)
(5.69858e-11 -1.5709e-08 -2.80957e-10)
(6.42549e-11 -1.56372e-08 -2.70712e-10)
(7.1107e-11 -1.55688e-08 -2.60029e-10)
(7.81428e-11 -1.55027e-08 -2.51253e-10)
(8.45162e-11 -1.54332e-08 -2.40015e-10)
(8.86837e-11 -1.53825e-08 -2.19696e-10)
(3.90297e-11 -1.58582e-08 -2.76903e-10)
(5.10307e-11 -1.5771e-08 -2.86717e-10)
(5.70613e-11 -1.57069e-08 -2.71033e-10)
(6.42091e-11 -1.56374e-08 -2.6126e-10)
(7.09446e-11 -1.55711e-08 -2.51026e-10)
(7.78687e-11 -1.55073e-08 -2.42596e-10)
(8.40542e-11 -1.54399e-08 -2.31481e-10)
(8.80291e-11 -1.53914e-08 -2.11639e-10)
(3.92691e-11 -1.58512e-08 -2.672e-10)
(5.10917e-11 -1.57665e-08 -2.76518e-10)
(5.69517e-11 -1.57047e-08 -2.61311e-10)
(6.39842e-11 -1.56374e-08 -2.51988e-10)
(7.0609e-11 -1.55734e-08 -2.42183e-10)
(7.74255e-11 -1.55118e-08 -2.34086e-10)
(8.34278e-11 -1.54465e-08 -2.23098e-10)
(8.72203e-11 -1.54001e-08 -2.03733e-10)
(3.93357e-11 -1.58443e-08 -2.57692e-10)
(5.0971e-11 -1.57621e-08 -2.6653e-10)
(5.66694e-11 -1.57025e-08 -2.5179e-10)
(6.35911e-11 -1.56375e-08 -2.42896e-10)
(7.01099e-11 -1.55756e-08 -2.33502e-10)
(7.68216e-11 -1.55162e-08 -2.25723e-10)
(8.26453e-11 -1.54529e-08 -2.14871e-10)
(8.62652e-11 -1.54087e-08 -1.9598e-10)
(3.92412e-11 -1.58374e-08 -2.48381e-10)
(5.06814e-11 -1.57577e-08 -2.56756e-10)
(5.62262e-11 -1.57002e-08 -2.42469e-10)
(6.30407e-11 -1.56375e-08 -2.33984e-10)
(6.94571e-11 -1.55778e-08 -2.24984e-10)
(7.60663e-11 -1.55204e-08 -2.17512e-10)
(8.17159e-11 -1.54592e-08 -2.06803e-10)
(8.51731e-11 -1.5417e-08 -1.88387e-10)
(3.89974e-11 -1.58306e-08 -2.39267e-10)
(5.02354e-11 -1.57533e-08 -2.47193e-10)
(5.5634e-11 -1.5698e-08 -2.33349e-10)
(6.23439e-11 -1.56374e-08 -2.25254e-10)
(6.86607e-11 -1.55798e-08 -2.16631e-10)
(7.51691e-11 -1.55246e-08 -2.09454e-10)
(8.06493e-11 -1.54653e-08 -1.98896e-10)
(8.39535e-11 -1.54251e-08 -1.80954e-10)
(3.86159e-11 -1.58239e-08 -2.30351e-10)
(4.96454e-11 -1.5749e-08 -2.37842e-10)
(5.49044e-11 -1.56958e-08 -2.2443e-10)
(6.15118e-11 -1.56373e-08 -2.16706e-10)
(6.7731e-11 -1.55818e-08 -2.08444e-10)
(7.41398e-11 -1.55286e-08 -2.01551e-10)
(7.94557e-11 -1.54713e-08 -1.91153e-10)
(8.26167e-11 -1.54331e-08 -1.73686e-10)
(3.81079e-11 -1.58172e-08 -2.21632e-10)
(4.89233e-11 -1.57447e-08 -2.28702e-10)
(5.40488e-11 -1.56936e-08 -2.1571e-10)
(6.05549e-11 -1.56372e-08 -2.08339e-10)
(6.66782e-11 -1.55837e-08 -2.00424e-10)
(7.29885e-11 -1.55325e-08 -1.93806e-10)
(7.81452e-11 -1.54772e-08 -1.83575e-10)
(8.11725e-11 -1.54408e-08 -1.66582e-10)
(3.74845e-11 -1.58106e-08 -2.13109e-10)
(4.80808e-11 -1.57404e-08 -2.19771e-10)
(5.30782e-11 -1.56913e-08 -2.07189e-10)
(5.9484e-11 -1.56371e-08 -2.00155e-10)
(6.55126e-11 -1.55855e-08 -1.92572e-10)
(7.1725e-11 -1.55363e-08 -1.86218e-10)
(7.67277e-11 -1.54829e-08 -1.76162e-10)
(7.96308e-11 -1.54484e-08 -1.59643e-10)
(3.67564e-11 -1.5804e-08 -2.04781e-10)
(4.71291e-11 -1.57362e-08 -2.11048e-10)
(5.20035e-11 -1.56891e-08 -1.98865e-10)
(5.83094e-11 -1.56369e-08 -1.92152e-10)
(6.42441e-11 -1.55873e-08 -1.84889e-10)
(7.03591e-11 -1.554e-08 -1.7879e-10)
(7.52132e-11 -1.54885e-08 -1.68915e-10)
(7.80011e-11 -1.54557e-08 -1.5287e-10)
(3.59337e-11 -1.57976e-08 -1.96647e-10)
(4.60789e-11 -1.57321e-08 -2.02532e-10)
(5.08348e-11 -1.56869e-08 -1.90738e-10)
(5.70411e-11 -1.56367e-08 -1.84331e-10)
(6.28824e-11 -1.5589e-08 -1.77374e-10)
(6.89004e-11 -1.55436e-08 -1.71521e-10)
(7.3611e-11 -1.5494e-08 -1.61835e-10)
(7.62928e-11 -1.54629e-08 -1.46263e-10)
(3.50263e-11 -1.57912e-08 -1.88704e-10)
(4.49405e-11 -1.5728e-08 -1.9422e-10)
(4.95823e-11 -1.56847e-08 -1.82807e-10)
(5.56887e-11 -1.56364e-08 -1.76691e-10)
(6.14369e-11 -1.55907e-08 -1.70028e-10)
(6.73579e-11 -1.55471e-08 -1.64412e-10)
(7.19305e-11 -1.54994e-08 -1.54921e-10)
(7.45145e-11 -1.54699e-08 -1.3982e-10)
(3.40434e-11 -1.57849e-08 -1.80952e-10)
(4.37239e-11 -1.5724e-08 -1.86111e-10)
(4.82554e-11 -1.56825e-08 -1.75069e-10)
(5.42615e-11 -1.56362e-08 -1.69231e-10)
(5.99166e-11 -1.55923e-08 -1.6285e-10)
(6.57405e-11 -1.55506e-08 -1.57463e-10)
(7.01802e-11 -1.55046e-08 -1.48173e-10)
(7.26747e-11 -1.54767e-08 -1.33542e-10)
(3.29941e-11 -1.57787e-08 -1.73387e-10)
(4.24384e-11 -1.572e-08 -1.78203e-10)
(4.68632e-11 -1.56804e-08 -1.67524e-10)
(5.27684e-11 -1.56359e-08 -1.61949e-10)
(5.83302e-11 -1.55938e-08 -1.55839e-10)
(6.40568e-11 -1.55539e-08 -1.50673e-10)
(6.83687e-11 -1.55097e-08 -1.4159e-10)
(7.07814e-11 -1.54834e-08 -1.27427e-10)
(3.18869e-11 -1.57726e-08 -1.6601e-10)
(4.1093e-11 -1.57161e-08 -1.70494e-10)
(4.54143e-11 -1.56782e-08 -1.60168e-10)
(5.12179e-11 -1.56356e-08 -1.54846e-10)
(5.66861e-11 -1.55953e-08 -1.48996e-10)
(6.23148e-11 -1.55571e-08 -1.44042e-10)
(6.65039e-11 -1.55147e-08 -1.35172e-10)
(6.88422e-11 -1.54898e-08 -1.21474e-10)
(3.07297e-11 -1.57666e-08 -1.58816e-10)
(3.96962e-11 -1.57122e-08 -1.62982e-10)
(4.3917e-11 -1.56761e-08 -1.53002e-10)
(4.96181e-11 -1.56353e-08 -1.4792e-10)
(5.49921e-11 -1.55967e-08 -1.42319e-10)
(6.05224e-11 -1.55602e-08 -1.3757e-10)
(6.45934e-11 -1.55195e-08 -1.28916e-10)
(6.68642e-11 -1.54961e-08 -1.15681e-10)
(2.95304e-11 -1.57607e-08 -1.51806e-10)
(3.82561e-11 -1.57084e-08 -1.55664e-10)
(4.23792e-11 -1.5674e-08 -1.46022e-10)
(4.79768e-11 -1.56349e-08 -1.41168e-10)
(5.32558e-11 -1.55981e-08 -1.35808e-10)
(5.86871e-11 -1.55632e-08 -1.31256e-10)
(6.26446e-11 -1.55242e-08 -1.22822e-10)
(6.48543e-11 -1.55022e-08 -1.10048e-10)
(2.8296e-11 -1.57548e-08 -1.44975e-10)
(3.67804e-11 -1.57047e-08 -1.48537e-10)
(4.08082e-11 -1.56719e-08 -1.39227e-10)
(4.63011e-11 -1.56346e-08 -1.34591e-10)
(5.14844e-11 -1.55994e-08 -1.29461e-10)
(5.68158e-11 -1.55661e-08 -1.25099e-10)
(6.06642e-11 -1.55288e-08 -1.1689e-10)
(6.28189e-11 -1.55081e-08 -1.04572e-10)
(2.70336e-11 -1.57491e-08 -1.38323e-10)
(3.52763e-11 -1.57011e-08 -1.41601e-10)
(3.92111e-11 -1.56698e-08 -1.32614e-10)
(4.45981e-11 -1.56342e-08 -1.28187e-10)
(4.96847e-11 -1.56006e-08 -1.23277e-10)
(5.49154e-11 -1.5569e-08 -1.19099e-10)
(5.86589e-11 -1.55333e-08 -1.11117e-10)
(6.07641e-11 -1.55138e-08 -9.92523e-11)
(2.57496e-11 -1.57435e-08 -1.31847e-10)
(3.37507e-11 -1.56975e-08 -1.34853e-10)
(3.75944e-11 -1.56678e-08 -1.26182e-10)
(4.28743e-11 -1.56338e-08 -1.21953e-10)
(4.78633e-11 -1.56018e-08 -1.17256e-10)
(5.29923e-11 -1.55717e-08 -1.13254e-10)
(5.66348e-11 -1.55376e-08 -1.05502e-10)
(5.86957e-11 -1.55194e-08 -9.40865e-11)
(2.44501e-11 -1.5738e-08 -1.25545e-10)
(3.22099e-11 -1.56939e-08 -1.28289e-10)
(3.59644e-11 -1.56658e-08 -1.19928e-10)
(4.1136e-11 -1.56334e-08 -1.15889e-10)
(4.60263e-11 -1.5603e-08 -1.11395e-10)
(5.10525e-11 -1.55744e-08 -1.07564e-10)
(5.45978e-11 -1.55419e-08 -1.00045e-10)
(5.66189e-11 -1.55248e-08 -8.90732e-11)
(2.3141e-11 -1.57325e-08 -1.19414e-10)
(3.06601e-11 -1.56905e-08 -1.21909e-10)
(3.43271e-11 -1.56638e-08 -1.13851e-10)
(3.9389e-11 -1.5633e-08 -1.09992e-10)
(4.41794e-11 -1.56041e-08 -1.05695e-10)
(4.91018e-11 -1.55769e-08 -1.02028e-10)
(5.25533e-11 -1.5546e-08 -9.47424e-11)
(5.4539e-11 -1.55301e-08 -8.42105e-11)
(2.18277e-11 -1.57272e-08 -1.13454e-10)
(2.91071e-11 -1.56871e-08 -1.15709e-10)
(3.26879e-11 -1.56618e-08 -1.07948e-10)
(3.76388e-11 -1.56326e-08 -1.04262e-10)
(4.23283e-11 -1.56052e-08 -1.00153e-10)
(4.71457e-11 -1.55794e-08 -9.66435e-11)
(5.05067e-11 -1.555e-08 -8.95941e-11)
(5.24606e-11 -1.55351e-08 -7.94967e-11)
(2.05153e-11 -1.5722e-08 -1.07661e-10)
(2.75561e-11 -1.56838e-08 -1.09687e-10)
(3.10521e-11 -1.56599e-08 -1.02217e-10)
(3.58907e-11 -1.56322e-08 -9.86961e-11)
(4.04781e-11 -1.56062e-08 -9.47681e-11)
(4.51894e-11 -1.55818e-08 -9.1411e-11)
(4.84627e-11 -1.55538e-08 -8.45983e-11)
(5.03882e-11 -1.554e-08 -7.49299e-11)
(1.92087e-11 -1.5717e-08 -1.02034e-10)
(2.60124e-11 -1.56806e-08 -1.03842e-10)
(2.94246e-11 -1.5658e-08 -9.66567e-11)
(3.41497e-11 -1.56318e-08 -9.32931e-11)
(3.86336e-11 -1.56072e-08 -8.95394e-11)
(4.32376e-11 -1.55841e-08 -8.6329e-11)
(4.6426e-11 -1.55576e-08 -7.97535e-11)
(4.83261e-11 -1.55448e-08 -7.05084e-11)
(1.79124e-11 -1.5712e-08 -9.6571e-11)
(2.44806e-11 -1.56774e-08 -9.81699e-11)
(2.78099e-11 -1.56562e-08 -9.12641e-11)
(3.24202e-11 -1.56313e-08 -8.80514e-11)
(3.67996e-11 -1.56081e-08 -8.44654e-11)
(4.12951e-11 -1.55864e-08 -8.13964e-11)
(4.4401e-11 -1.55613e-08 -7.50583e-11)
(4.62781e-11 -1.55494e-08 -6.62303e-11)
(1.66307e-11 -1.57071e-08 -9.12695e-11)
(2.29652e-11 -1.56743e-08 -9.26702e-11)
(2.62124e-11 -1.56543e-08 -8.60377e-11)
(3.07066e-11 -1.56309e-08 -8.29694e-11)
(3.49802e-11 -1.5609e-08 -7.95447e-11)
(3.93661e-11 -1.55885e-08 -7.66121e-11)
(4.23917e-11 -1.55648e-08 -7.05112e-11)
(4.42479e-11 -1.55538e-08 -6.2094e-11)
(1.53674e-11 -1.57024e-08 -8.61278e-11)
(2.14704e-11 -1.56713e-08 -8.73401e-11)
(2.4636e-11 -1.56526e-08 -8.09753e-11)
(2.9013e-11 -1.56305e-08 -7.80454e-11)
(3.31796e-11 -1.56098e-08 -7.47762e-11)
(3.74546e-11 -1.55906e-08 -7.19752e-11)
(4.04019e-11 -1.55682e-08 -6.61108e-11)
(4.22388e-11 -1.55581e-08 -5.80975e-11)
(1.41264e-11 -1.56978e-08 -8.11442e-11)
(1.99999e-11 -1.56684e-08 -8.21778e-11)
(2.30845e-11 -1.56508e-08 -7.60752e-11)
(2.73431e-11 -1.563e-08 -7.3278e-11)
(3.14014e-11 -1.56107e-08 -7.01586e-11)
(3.55645e-11 -1.55926e-08 -6.74844e-11)
(3.84351e-11 -1.55715e-08 -6.18556e-11)
(4.0254e-11 -1.55623e-08 -5.42394e-11)
(1.29111e-11 -1.56933e-08 -7.63169e-11)
(1.85574e-11 -1.56655e-08 -7.71812e-11)
(2.15613e-11 -1.56491e-08 -7.13356e-11)
(2.57005e-11 -1.56296e-08 -6.86656e-11)
(2.96494e-11 -1.56114e-08 -6.56906e-11)
(3.36993e-11 -1.55945e-08 -6.31389e-11)
(3.64946e-11 -1.55747e-08 -5.77443e-11)
(3.82964e-11 -1.55663e-08 -5.05179e-11)
(1.17246e-11 -1.56889e-08 -7.16441e-11)
(1.71463e-11 -1.56628e-08 -7.23484e-11)
(2.00697e-11 -1.56474e-08 -6.67545e-11)
(2.40883e-11 -1.56292e-08 -6.42067e-11)
(2.79267e-11 -1.56122e-08 -6.1371e-11)
(3.18623e-11 -1.55964e-08 -5.89377e-11)
(3.45835e-11 -1.55778e-08 -5.37756e-11)
(3.63688e-11 -1.55701e-08 -4.69313e-11)
(1.057e-11 -1.56847e-08 -6.71243e-11)
(1.57696e-11 -1.56601e-08 -6.76777e-11)
(1.86125e-11 -1.56458e-08 -6.23303e-11)
(2.25096e-11 -1.56288e-08 -5.99e-11)
(2.62364e-11 -1.56129e-08 -5.71987e-11)
(3.00567e-11 -1.55982e-08 -5.48797e-11)
(3.27047e-11 -1.55808e-08 -4.99481e-11)
(3.44735e-11 -1.55738e-08 -4.34782e-11)
(9.4499e-12 -1.56805e-08 -6.27557e-11)
(1.44303e-11 -1.56575e-08 -6.31673e-11)
(1.71926e-11 -1.56442e-08 -5.80613e-11)
(2.09673e-11 -1.56283e-08 -5.57441e-11)
(2.45813e-11 -1.56136e-08 -5.31725e-11)
(2.82852e-11 -1.55999e-08 -5.0964e-11)
(3.08607e-11 -1.55836e-08 -4.62606e-11)
(3.26129e-11 -1.55773e-08 -4.01571e-11)
(8.36697e-12 -1.56765e-08 -5.8537e-11)
(1.31308e-11 -1.56549e-08 -5.88156e-11)
(1.58125e-11 -1.56427e-08 -5.39459e-11)
(1.94638e-11 -1.56279e-08 -5.17376e-11)
(2.2964e-11 -1.56142e-08 -4.92913e-11)
(2.65506e-11 -1.56015e-08 -4.71897e-11)
(2.9054e-11 -1.55864e-08 -4.2712e-11)
(3.0789e-11 -1.55808e-08 -3.69665e-11)
(7.32349e-12 -1.56726e-08 -5.44667e-11)
(1.18737e-11 -1.56525e-08 -5.46208e-11)
(1.44744e-11 -1.56412e-08 -4.99825e-11)
(1.80016e-11 -1.56275e-08 -4.78792e-11)
(2.1387e-11 -1.56148e-08 -4.55542e-11)
(2.48552e-11 -1.56031e-08 -4.3556e-11)
(2.72869e-11 -1.55891e-08 -3.9301e-11)
(2.90038e-11 -1.5584e-08 -3.39049e-11)
(6.3216e-12 -1.56689e-08 -5.05433e-11)
(1.06612e-11 -1.56501e-08 -5.05815e-11)
(1.31805e-11 -1.56398e-08 -4.61697e-11)
(1.65828e-11 -1.56271e-08 -4.41678e-11)
(1.98525e-11 -1.56154e-08 -4.196e-11)
(2.32014e-11 -1.56046e-08 -4.00621e-11)
(2.55613e-11 -1.55916e-08 -3.60266e-11)
(2.72589e-11 -1.55872e-08 -3.09712e-11)
(5.36323e-12 -1.56653e-08 -4.67657e-11)
(9.49521e-12 -1.56479e-08 -4.66963e-11)
(1.19327e-11 -1.56384e-08 -4.2506e-11)
(1.52094e-11 -1.56267e-08 -4.06021e-11)
(1.83624e-11 -1.56159e-08 -3.85078e-11)
(2.15911e-11 -1.5606e-08 -3.67071e-11)
(2.38791e-11 -1.55941e-08 -3.28877e-11)
(2.55561e-11 -1.55902e-08 -2.81641e-11)
(4.45017e-12 -1.56618e-08 -4.31324e-11)
(8.37764e-12 -1.56457e-08 -4.29636e-11)
(1.07327e-11 -1.5637e-08 -3.89901e-11)
(1.38832e-11 -1.56263e-08 -3.71811e-11)
(1.69186e-11 -1.56164e-08 -3.51968e-11)
(2.00264e-11 -1.56074e-08 -3.34903e-11)
(2.22421e-11 -1.55964e-08 -2.98834e-11)
(2.38966e-11 -1.5593e-08 -2.54824e-11)
(3.58401e-12 -1.56584e-08 -3.96425e-11)
(7.31011e-12 -1.56436e-08 -3.93823e-11)
(9.58214e-12 -1.56357e-08 -3.56208e-11)
(1.26057e-11 -1.56259e-08 -3.39036e-11)
(1.55229e-11 -1.56169e-08 -3.20259e-11)
(1.85088e-11 -1.56087e-08 -3.04109e-11)
(2.06517e-11 -1.55986e-08 -2.70127e-11)
(2.22817e-11 -1.55958e-08 -2.29249e-11)
(2.76618e-12 -1.56552e-08 -3.62947e-11)
(6.29411e-12 -1.56415e-08 -3.59511e-11)
(8.48231e-12 -1.56345e-08 -3.23968e-11)
(1.13785e-11 -1.56255e-08 -3.07687e-11)
(1.41765e-11 -1.56174e-08 -2.89945e-11)
(1.704e-11 -1.561e-08 -2.74684e-11)
(1.91093e-11 -1.56008e-08 -2.42747e-11)
(2.07126e-11 -1.55984e-08 -2.04907e-11)
(1.99797e-12 -1.56521e-08 -3.3088e-11)
(5.33095e-12 -1.56396e-08 -3.26688e-11)
(7.4345e-12 -1.56333e-08 -2.93169e-11)
(1.02029e-11 -1.56252e-08 -2.77754e-11)
(1.2881e-11 -1.56178e-08 -2.61016e-11)
(1.56213e-11 -1.56111e-08 -2.46621e-11)
(1.76162e-11 -1.56028e-08 -2.16687e-11)
(1.91903e-11 -1.56008e-08 -1.81787e-11)
(1.28051e-12 -1.56491e-08 -3.00215e-11)
(4.42179e-12 -1.56377e-08 -2.95342e-11)
(6.43981e-12 -1.56321e-08 -2.63801e-11)
(9.07999e-12 -1.56248e-08 -2.49228e-11)
(1.16375e-11 -1.56182e-08 -2.33467e-11)
(1.42539e-11 -1.56123e-08 -2.19914e-11)
(1.61734e-11 -1.56048e-08 -1.91939e-11)
(1.77156e-11 -1.56032e-08 -1.59882e-11)
(6.14825e-13 -1.56463e-08 -2.70941e-11)
(3.56768e-12 -1.5636e-08 -2.65464e-11)
(5.49919e-12 -1.5631e-08 -2.35854e-11)
(8.01076e-12 -1.56245e-08 -2.221e-11)
(1.04471e-11 -1.56186e-08 -2.07289e-11)
(1.29391e-11 -1.56133e-08 -1.94557e-11)
(1.4782e-11 -1.56066e-08 -1.68496e-11)
(1.62894e-11 -1.56054e-08 -1.39181e-11)
(1.78593e-15 -1.56436e-08 -2.4305e-11)
(2.76951e-12 -1.56343e-08 -2.37043e-11)
(4.61348e-12 -1.56299e-08 -2.09318e-11)
(6.99612e-12 -1.56242e-08 -1.96364e-11)
(9.31058e-12 -1.5619e-08 -1.82477e-11)
(1.16777e-11 -1.56143e-08 -1.70546e-11)
(1.34428e-11 -1.56084e-08 -1.46351e-11)
(1.49123e-11 -1.56075e-08 -1.19677e-11)
(-5.5782e-13 -1.5641e-08 -2.16534e-11)
(2.02805e-12 -1.56327e-08 -2.1007e-11)
(3.7834e-12 -1.56289e-08 -1.84185e-11)
(6.03683e-12 -1.56239e-08 -1.72011e-11)
(8.22888e-12 -1.56193e-08 -1.59025e-11)
(1.04705e-11 -1.56153e-08 -1.47875e-11)
(1.21564e-11 -1.561e-08 -1.25498e-11)
(1.35847e-11 -1.56095e-08 -1.01363e-11)
(-1.0633e-12 -1.56386e-08 -1.91386e-11)
(1.34399e-12 -1.56312e-08 -1.84537e-11)
(3.00957e-12 -1.5628e-08 -1.60445e-11)
(5.13353e-12 -1.56236e-08 -1.49034e-11)
(7.20261e-12 -1.56196e-08 -1.36926e-11)
(9.3183e-12 -1.56162e-08 -1.26541e-11)
(1.09233e-11 -1.56116e-08 -1.05932e-11)
(1.23071e-11 -1.56113e-08 -8.42322e-12)
(-1.5141e-12 -1.56363e-08 -1.67597e-11)
(7.17918e-13 -1.56298e-08 -1.60436e-11)
(2.29251e-12 -1.56271e-08 -1.38091e-11)
(4.28677e-12 -1.56233e-08 -1.27428e-11)
(6.23234e-12 -1.56199e-08 -1.16178e-11)
(8.22164e-12 -1.5617e-08 -1.0654e-11)
(9.74424e-12 -1.5613e-08 -8.76491e-12)
(1.10797e-11 -1.56131e-08 -6.82806e-12)
(-1.9097e-12 -1.56341e-08 -1.45161e-11)
(1.50336e-13 -1.56285e-08 -1.37759e-11)
(1.63269e-12 -1.56263e-08 -1.17117e-11)
(3.49703e-12 -1.5623e-08 -1.07188e-11)
(5.31855e-12 -1.56202e-08 -9.67752e-12)
(7.181e-12 -1.56178e-08 -8.78701e-12)
(8.6194e-12 -1.56144e-08 -7.0645e-12)
(9.90291e-12 -1.56147e-08 -5.35028e-12)
(-2.24959e-12 -1.56321e-08 -1.24072e-11)
(-3.58287e-13 -1.56272e-08 -1.165e-11)
(1.03051e-12 -1.56255e-08 -9.7517e-12)
(2.76472e-12 -1.56228e-08 -8.83081e-12)
(4.46161e-12 -1.56205e-08 -7.87151e-12)
(6.19674e-12 -1.56185e-08 -7.05282e-12)
(7.54906e-12 -1.56157e-08 -5.49168e-12)
(8.7767e-12 -1.56162e-08 -3.98948e-12)
(-2.53331e-12 -1.56302e-08 -1.04324e-11)
(-8.07515e-13 -1.56261e-08 -9.66511e-12)
(4.86331e-13 -1.56247e-08 -7.92846e-12)
(2.09018e-12 -1.56225e-08 -7.0786e-12)
(3.66187e-12 -1.56207e-08 -6.19959e-12)
(5.26912e-12 -1.56191e-08 -5.45133e-12)
(6.53336e-12 -1.56169e-08 -4.04624e-12)
(7.70107e-12 -1.56175e-08 -2.74535e-12)
(-2.76034e-12 -1.56284e-08 -8.59116e-12)
(-1.19692e-12 -1.5625e-08 -7.82086e-12)
(5.08037e-16 -1.5624e-08 -6.24162e-12)
(1.47374e-12 -1.56223e-08 -5.4619e-12)
(2.91959e-12 -1.56209e-08 -4.66164e-12)
(4.39838e-12 -1.56197e-08 -3.98252e-12)
(5.57234e-12 -1.56179e-08 -2.72811e-12)
(6.67586e-12 -1.56188e-08 -1.61774e-12)
(-2.93008e-12 -1.56268e-08 -6.88311e-12)
(-1.52609e-12 -1.5624e-08 -6.11681e-12)
(-4.26657e-13 -1.56234e-08 -4.69088e-12)
(9.15664e-13 -1.56221e-08 -3.9806e-12)
(2.235e-12 -1.56211e-08 -3.25766e-12)
(3.58469e-12 -1.56203e-08 -2.64651e-12)
(4.66601e-12 -1.56189e-08 -1.53737e-12)
(5.70081e-12 -1.56199e-08 -6.06723e-13)
(-3.0419e-12 -1.56253e-08 -5.30814e-12)
(-1.79467e-12 -1.56232e-08 -4.55276e-12)
(-7.94941e-13 -1.56228e-08 -3.27611e-12)
(4.16174e-13 -1.56219e-08 -2.63465e-12)
(1.60831e-12 -1.56213e-08 -1.98774e-12)
(2.82821e-12 -1.56208e-08 -1.44348e-12)
(3.81439e-12 -1.56198e-08 -4.74293e-13)
(4.77567e-12 -1.5621e-08 2.87358e-13)
(-3.09516e-12 -1.5624e-08 -3.8666e-12)
(-2.00249e-12 -1.56224e-08 -3.1288e-12)
(-1.10437e-12 -1.56223e-08 -1.99727e-12)
(-2.46687e-14 -1.56218e-08 -1.42403e-12)
(1.03978e-12 -1.56214e-08 -8.51908e-13)
(2.12932e-12 -1.56212e-08 -3.73602e-13)
(3.01778e-12 -1.56207e-08 4.60677e-13)
(3.90036e-12 -1.56219e-08 1.06374e-12)
(-3.08928e-12 -1.56228e-08 -2.55964e-12)
(-2.14993e-12 -1.56217e-08 -1.84559e-12)
(-1.3556e-12 -1.56219e-08 -8.54466e-13)
(-4.07214e-13 -1.56216e-08 -3.48456e-13)
(5.29667e-13 -1.56216e-08 1.50259e-13)
(1.48887e-12 -1.56216e-08 5.63285e-13)
(2.27715e-12 -1.56214e-08 1.26695e-12)
(3.07533e-12 -1.56227e-08 1.72105e-12)
(-3.02415e-12 -1.56217e-08 -1.39008e-12)
(-2.23856e-12 -1.5621e-08 -7.04802e-13)
(-1.55079e-12 -1.56215e-08 1.52094e-13)
(-7.32829e-13 -1.56215e-08 5.93239e-13)
(7.82904e-14 -1.56217e-08 1.02047e-12)
(9.08754e-13 -1.5622e-08 1.36825e-12)
(1.59503e-12 -1.5622e-08 1.94386e-12)
(2.30236e-12 -1.56233e-08 2.25691e-12)
(-2.90102e-12 -1.56207e-08 -3.63799e-13)
(-2.27272e-12 -1.56205e-08 2.89805e-13)
(-1.69537e-12 -1.56211e-08 1.0222e-12)
(-1.00522e-12 -1.56214e-08 1.40447e-12)
(-3.14125e-13 -1.56218e-08 1.76366e-12)
(3.93097e-13 -1.56222e-08 2.04462e-12)
(9.77281e-13 -1.56225e-08 2.49085e-12)
(1.58605e-12 -1.56239e-08 2.66728e-12)
(-2.72521e-12 -1.56199e-08 5.07678e-13)
(-2.26253e-12 -1.56201e-08 1.13053e-12)
(-1.80148e-12 -1.56208e-08 1.75602e-12)
(-1.23286e-12 -1.56213e-08 2.094e-12)
(-6.47406e-13 -1.56218e-08 2.39206e-12)
(-4.91382e-14 -1.56225e-08 2.60085e-12)
(4.36959e-13 -1.5623e-08 2.90791e-12)
(9.37203e-13 -1.56244e-08 2.94539e-12)
(-2.51366e-12 -1.56192e-08 1.2037e-12)
(-2.23046e-12 -1.56197e-08 1.80232e-12)
(-1.89497e-12 -1.56205e-08 2.355e-12)
(-1.43413e-12 -1.56212e-08 2.682e-12)
(-9.2203e-13 -1.56219e-08 2.93313e-12)
(-3.99721e-13 -1.56227e-08 3.05629e-12)
(1.80502e-15 -1.56234e-08 3.19701e-12)
(3.80252e-13 -1.56247e-08 3.08087e-12)
(-2.31631e-12 -1.56186e-08 1.68727e-12)
(-2.23103e-12 -1.56194e-08 2.27334e-12)
(-2.03685e-12 -1.56203e-08 2.81978e-12)
(-1.65744e-12 -1.56211e-08 3.20519e-12)
(-1.15349e-12 -1.5622e-08 3.43938e-12)
(-6.34321e-13 -1.56229e-08 3.45154e-12)
(-2.77945e-13 -1.56237e-08 3.36452e-12)
(-3.63151e-14 -1.56249e-08 3.05982e-12)
(-2.17858e-12 -1.56183e-08 1.9235e-12)
(-2.30481e-12 -1.56192e-08 2.52826e-12)
(-2.25115e-12 -1.56202e-08 3.21282e-12)
(-1.88291e-12 -1.56212e-08 3.77602e-12)
(-1.28233e-12 -1.56222e-08 4.03042e-12)
(-6.63219e-13 -1.56231e-08 3.86872e-12)
(-2.95005e-13 -1.5624e-08 3.42944e-12)
(-2.04885e-13 -1.5625e-08 2.89029e-12)
(-2.01618e-12 -1.56181e-08 2.01957e-12)
(-2.23901e-12 -1.56187e-08 2.74245e-12)
(-2.29106e-12 -1.56197e-08 3.71238e-12)
(-1.96384e-12 -1.56209e-08 4.48834e-12)
(-1.32635e-12 -1.56221e-08 4.70156e-12)
(-6.30147e-13 -1.56233e-08 4.24749e-12)
(-1.8448e-13 -1.56243e-08 3.36571e-12)
(-1.1967e-13 -1.56249e-08 2.66759e-12)
)
;
    }
    top
    {
        type            calculated;
        value           nonuniform List<vector> 
640
(
(-8.22421e-10 -1.03439e-10 1.44086e-08)
(-1.05221e-09 -9.93723e-11 1.4565e-08)
(-1.22331e-09 -6.32263e-11 1.45152e-08)
(-1.30911e-09 -1.94085e-11 1.44783e-08)
(-1.30911e-09 1.94085e-11 1.44783e-08)
(-1.22331e-09 6.32263e-11 1.45152e-08)
(-1.05221e-09 9.93723e-11 1.4565e-08)
(-8.22421e-10 1.03439e-10 1.44086e-08)
(-3.62922e-10 -2.71249e-10 1.54797e-08)
(-4.13709e-10 -2.20617e-10 1.53231e-08)
(-4.34869e-10 -1.37928e-10 1.53184e-08)
(-4.45519e-10 -4.3052e-11 1.53281e-08)
(-4.45519e-10 4.3052e-11 1.53281e-08)
(-4.34869e-10 1.37928e-10 1.53184e-08)
(-4.13709e-10 2.20617e-10 1.53231e-08)
(-3.62922e-10 2.71249e-10 1.54797e-08)
(-5.89552e-10 -3.12999e-10 1.51845e-08)
(-6.02825e-10 -2.3352e-10 1.51566e-08)
(-6.02521e-10 -1.42392e-10 1.51239e-08)
(-6.01047e-10 -4.57297e-11 1.51122e-08)
(-6.01047e-10 4.57297e-11 1.51122e-08)
(-6.02521e-10 1.42392e-10 1.51239e-08)
(-6.02825e-10 2.3352e-10 1.51566e-08)
(-5.89552e-10 3.12999e-10 1.51845e-08)
(-8.34028e-10 -3.24524e-10 1.51278e-08)
(-8.35959e-10 -2.3473e-10 1.51305e-08)
(-8.32993e-10 -1.39925e-10 1.51056e-08)
(-8.30754e-10 -4.57383e-11 1.50913e-08)
(-8.30754e-10 4.57383e-11 1.50913e-08)
(-8.32993e-10 1.39925e-10 1.51056e-08)
(-8.35959e-10 2.3473e-10 1.51305e-08)
(-8.34028e-10 3.24524e-10 1.51278e-08)
(-1.06246e-09 -3.24814e-10 1.51258e-08)
(-1.06017e-09 -2.3316e-10 1.51388e-08)
(-1.05708e-09 -1.38189e-10 1.51253e-08)
(-1.05551e-09 -4.54885e-11 1.51156e-08)
(-1.05551e-09 4.54885e-11 1.51156e-08)
(-1.05708e-09 1.38189e-10 1.51253e-08)
(-1.06017e-09 2.3316e-10 1.51388e-08)
(-1.06246e-09 3.24814e-10 1.51258e-08)
(-1.27793e-09 -3.20063e-10 1.51221e-08)
(-1.27387e-09 -2.29982e-10 1.51411e-08)
(-1.2705e-09 -1.36805e-10 1.51352e-08)
(-1.26908e-09 -4.52316e-11 1.51299e-08)
(-1.26908e-09 4.52316e-11 1.51299e-08)
(-1.2705e-09 1.36805e-10 1.51352e-08)
(-1.27387e-09 2.29982e-10 1.51411e-08)
(-1.27793e-09 3.20063e-10 1.51221e-08)
(-1.48186e-09 -3.13026e-10 1.51149e-08)
(-1.4772e-09 -2.25792e-10 1.51374e-08)
(-1.47356e-09 -1.35114e-10 1.51363e-08)
(-1.47204e-09 -4.48535e-11 1.5134e-08)
(-1.47204e-09 4.48535e-11 1.5134e-08)
(-1.47356e-09 1.35114e-10 1.51363e-08)
(-1.4772e-09 2.25792e-10 1.51374e-08)
(-1.48186e-09 3.13026e-10 1.51149e-08)
(-1.67651e-09 -3.05073e-10 1.51056e-08)
(-1.67182e-09 -2.20998e-10 1.51299e-08)
(-1.66801e-09 -1.32995e-10 1.51318e-08)
(-1.66635e-09 -4.43048e-11 1.51315e-08)
(-1.66635e-09 4.43048e-11 1.51315e-08)
(-1.66801e-09 1.32995e-10 1.51318e-08)
(-1.67182e-09 2.20998e-10 1.51299e-08)
(-1.67651e-09 3.05073e-10 1.51056e-08)
(-1.86362e-09 -2.96877e-10 1.50947e-08)
(-1.85915e-09 -2.15862e-10 1.51197e-08)
(-1.85528e-09 -1.30511e-10 1.51236e-08)
(-1.85351e-09 -4.35966e-11 1.51245e-08)
(-1.85351e-09 4.35966e-11 1.51245e-08)
(-1.85528e-09 1.30511e-10 1.51236e-08)
(-1.85915e-09 2.15862e-10 1.51197e-08)
(-1.86362e-09 2.96877e-10 1.50947e-08)
(-2.04429e-09 -2.8872e-10 1.50825e-08)
(-2.04011e-09 -2.1054e-10 1.51075e-08)
(-2.03623e-09 -1.27753e-10 1.51125e-08)
(-2.03439e-09 -4.27623e-11 1.51142e-08)
(-2.03439e-09 4.27623e-11 1.51142e-08)
(-2.03623e-09 1.27753e-10 1.51125e-08)
(-2.04011e-09 2.1054e-10 1.51075e-08)
(-2.04429e-09 2.8872e-10 1.50825e-08)
(-2.21918e-09 -2.8069e-10 1.50689e-08)
(-2.21529e-09 -2.05119e-10 1.50937e-08)
(-2.21143e-09 -1.24799e-10 1.50993e-08)
(-2.20955e-09 -4.18347e-11 1.51015e-08)
(-2.20955e-09 4.18347e-11 1.51015e-08)
(-2.21143e-09 1.24799e-10 1.50993e-08)
(-2.21529e-09 2.05119e-10 1.50937e-08)
(-2.21918e-09 2.8069e-10 1.50689e-08)
(-2.38869e-09 -2.72794e-10 1.50541e-08)
(-2.38507e-09 -1.99645e-10 1.50784e-08)
(-2.38124e-09 -1.21708e-10 1.50844e-08)
(-2.37934e-09 -4.08409e-11 1.50869e-08)
(-2.37934e-09 4.08409e-11 1.50869e-08)
(-2.38124e-09 1.21708e-10 1.50844e-08)
(-2.38507e-09 1.99645e-10 1.50784e-08)
(-2.38869e-09 2.72794e-10 1.50541e-08)
(-2.55308e-09 -2.65018e-10 1.50381e-08)
(-2.54971e-09 -1.94146e-10 1.5062e-08)
(-2.54592e-09 -1.18526e-10 1.50681e-08)
(-2.54401e-09 -3.98018e-11 1.50707e-08)
(-2.54401e-09 3.98018e-11 1.50707e-08)
(-2.54592e-09 1.18526e-10 1.50681e-08)
(-2.54971e-09 1.94146e-10 1.5062e-08)
(-2.55308e-09 2.65018e-10 1.50381e-08)
(-2.7125e-09 -2.57342e-10 1.50212e-08)
(-2.70935e-09 -1.88643e-10 1.50444e-08)
(-2.70563e-09 -1.15287e-10 1.50506e-08)
(-2.70372e-09 -3.87338e-11 1.50533e-08)
(-2.70372e-09 3.87338e-11 1.50533e-08)
(-2.70563e-09 1.15287e-10 1.50506e-08)
(-2.70935e-09 1.88643e-10 1.50444e-08)
(-2.7125e-09 2.57342e-10 1.50212e-08)
(-2.86707e-09 -2.49753e-10 1.50033e-08)
(-2.86412e-09 -1.8315e-10 1.50259e-08)
(-2.86047e-09 -1.12019e-10 1.50321e-08)
(-2.85858e-09 -3.76489e-11 1.50348e-08)
(-2.85858e-09 3.76489e-11 1.50348e-08)
(-2.86047e-09 1.12019e-10 1.50321e-08)
(-2.86412e-09 1.8315e-10 1.50259e-08)
(-2.86707e-09 2.49753e-10 1.50033e-08)
(-3.01687e-09 -2.42245e-10 1.49846e-08)
(-3.01411e-09 -1.77682e-10 1.50067e-08)
(-3.01053e-09 -1.0874e-10 1.50128e-08)
(-3.00867e-09 -3.65562e-11 1.50155e-08)
(-3.00867e-09 3.65562e-11 1.50155e-08)
(-3.01053e-09 1.0874e-10 1.50128e-08)
(-3.01411e-09 1.77682e-10 1.50067e-08)
(-3.01687e-09 2.42245e-10 1.49846e-08)
(-3.16197e-09 -2.34816e-10 1.49652e-08)
(-3.15939e-09 -1.72251e-10 1.49868e-08)
(-3.15589e-09 -1.05467e-10 1.49929e-08)
(-3.15405e-09 -3.54624e-11 1.49955e-08)
(-3.15405e-09 3.54624e-11 1.49955e-08)
(-3.15589e-09 1.05467e-10 1.49929e-08)
(-3.15939e-09 1.72251e-10 1.49868e-08)
(-3.16197e-09 2.34816e-10 1.49652e-08)
(-3.30243e-09 -2.27468e-10 1.49453e-08)
(-3.30002e-09 -1.66866e-10 1.49663e-08)
(-3.2966e-09 -1.02211e-10 1.49723e-08)
(-3.2948e-09 -3.43724e-11 1.49749e-08)
(-3.2948e-09 3.43724e-11 1.49749e-08)
(-3.2966e-09 1.02211e-10 1.49723e-08)
(-3.30002e-09 1.66866e-10 1.49663e-08)
(-3.30243e-09 2.27468e-10 1.49453e-08)
(-3.43833e-09 -2.20204e-10 1.4925e-08)
(-3.43608e-09 -1.61535e-10 1.49454e-08)
(-3.43275e-09 -9.89813e-11 1.49514e-08)
(-3.43099e-09 -3.32899e-11 1.49539e-08)
(-3.43099e-09 3.32899e-11 1.49539e-08)
(-3.43275e-09 9.89813e-11 1.49514e-08)
(-3.43608e-09 1.61535e-10 1.49454e-08)
(-3.43833e-09 2.20204e-10 1.4925e-08)
(-3.56973e-09 -2.13029e-10 1.49043e-08)
(-3.56763e-09 -1.56266e-10 1.49242e-08)
(-3.56439e-09 -9.57837e-11 1.493e-08)
(-3.56266e-09 -3.22175e-11 1.49326e-08)
(-3.56266e-09 3.22175e-11 1.49326e-08)
(-3.56439e-09 9.57837e-11 1.493e-08)
(-3.56763e-09 1.56266e-10 1.49242e-08)
(-3.56973e-09 2.13029e-10 1.49043e-08)
(-3.69669e-09 -2.05947e-10 1.48833e-08)
(-3.69473e-09 -1.51064e-10 1.49028e-08)
(-3.69159e-09 -9.26237e-11 1.49085e-08)
(-3.6899e-09 -3.11572e-11 1.4911e-08)
(-3.6899e-09 3.11572e-11 1.4911e-08)
(-3.69159e-09 9.26237e-11 1.49085e-08)
(-3.69473e-09 1.51064e-10 1.49028e-08)
(-3.69669e-09 2.05947e-10 1.48833e-08)
(-3.81931e-09 -1.98963e-10 1.48623e-08)
(-3.81748e-09 -1.45933e-10 1.48812e-08)
(-3.81442e-09 -8.95048e-11 1.48868e-08)
(-3.81278e-09 -3.01104e-11 1.48892e-08)
(-3.81278e-09 3.01104e-11 1.48892e-08)
(-3.81442e-09 8.95048e-11 1.48868e-08)
(-3.81748e-09 1.45933e-10 1.48812e-08)
(-3.81931e-09 1.98963e-10 1.48623e-08)
(-3.93764e-09 -1.92081e-10 1.48411e-08)
(-3.93593e-09 -1.40878e-10 1.48595e-08)
(-3.93296e-09 -8.64298e-11 1.4865e-08)
(-3.93136e-09 -2.90782e-11 1.48674e-08)
(-3.93136e-09 2.90782e-11 1.48674e-08)
(-3.93296e-09 8.64298e-11 1.4865e-08)
(-3.93593e-09 1.40878e-10 1.48595e-08)
(-3.93764e-09 1.9208e-10 1.48411e-08)
(-4.05176e-09 -1.85303e-10 1.482e-08)
(-4.05017e-09 -1.359e-10 1.48378e-08)
(-4.04729e-09 -8.3401e-11 1.48433e-08)
(-4.04572e-09 -2.80613e-11 1.48456e-08)
(-4.04572e-09 2.80613e-11 1.48456e-08)
(-4.04729e-09 8.3401e-11 1.48433e-08)
(-4.05017e-09 1.359e-10 1.48378e-08)
(-4.05176e-09 1.85303e-10 1.482e-08)
(-4.16176e-09 -1.78633e-10 1.4799e-08)
(-4.16026e-09 -1.31003e-10 1.48163e-08)
(-4.15747e-09 -8.04198e-11 1.48216e-08)
(-4.15595e-09 -2.70603e-11 1.48239e-08)
(-4.15595e-09 2.70603e-11 1.48239e-08)
(-4.15747e-09 8.04198e-11 1.48216e-08)
(-4.16026e-09 1.31003e-10 1.48163e-08)
(-4.16176e-09 1.78633e-10 1.4799e-08)
(-4.26771e-09 -1.72074e-10 1.47782e-08)
(-4.2663e-09 -1.26189e-10 1.47949e-08)
(-4.26359e-09 -7.74876e-11 1.48002e-08)
(-4.26211e-09 -2.60757e-11 1.48024e-08)
(-4.26211e-09 2.60757e-11 1.48024e-08)
(-4.26359e-09 7.74876e-11 1.48002e-08)
(-4.2663e-09 1.26189e-10 1.47949e-08)
(-4.26771e-09 1.72074e-10 1.47782e-08)
(-4.36968e-09 -1.65628e-10 1.47575e-08)
(-4.36836e-09 -1.21458e-10 1.47738e-08)
(-4.36573e-09 -7.46053e-11 1.47789e-08)
(-4.36429e-09 -2.51077e-11 1.47811e-08)
(-4.36429e-09 2.51077e-11 1.47811e-08)
(-4.36573e-09 7.46053e-11 1.47789e-08)
(-4.36836e-09 1.21458e-10 1.47738e-08)
(-4.36968e-09 1.65628e-10 1.47575e-08)
(-4.46777e-09 -1.59295e-10 1.47372e-08)
(-4.46652e-09 -1.16812e-10 1.47529e-08)
(-4.46397e-09 -7.17738e-11 1.4758e-08)
(-4.46256e-09 -2.41568e-11 1.47601e-08)
(-4.46256e-09 2.41568e-11 1.47601e-08)
(-4.46397e-09 7.17738e-11 1.4758e-08)
(-4.46652e-09 1.16812e-10 1.47529e-08)
(-4.46777e-09 1.59295e-10 1.47372e-08)
(-4.56204e-09 -1.53079e-10 1.47172e-08)
(-4.56086e-09 -1.12251e-10 1.47324e-08)
(-4.55839e-09 -6.89936e-11 1.47373e-08)
(-4.55701e-09 -2.3223e-11 1.47394e-08)
(-4.55701e-09 2.3223e-11 1.47394e-08)
(-4.55839e-09 6.89936e-11 1.47373e-08)
(-4.56086e-09 1.12251e-10 1.47324e-08)
(-4.56204e-09 1.53079e-10 1.47172e-08)
(-4.65258e-09 -1.46979e-10 1.46976e-08)
(-4.65145e-09 -1.07778e-10 1.47123e-08)
(-4.64906e-09 -6.62653e-11 1.47171e-08)
(-4.64772e-09 -2.23066e-11 1.47191e-08)
(-4.64772e-09 2.23066e-11 1.47191e-08)
(-4.64906e-09 6.62653e-11 1.47171e-08)
(-4.65145e-09 1.07778e-10 1.47123e-08)
(-4.65258e-09 1.46979e-10 1.46976e-08)
(-4.73947e-09 -1.40998e-10 1.46784e-08)
(-4.73839e-09 -1.03391e-10 1.46926e-08)
(-4.73607e-09 -6.35894e-11 1.46973e-08)
(-4.73477e-09 -2.14078e-11 1.46993e-08)
(-4.73477e-09 2.14078e-11 1.46993e-08)
(-4.73607e-09 6.35894e-11 1.46973e-08)
(-4.73839e-09 1.03391e-10 1.46926e-08)
(-4.73947e-09 1.40998e-10 1.46784e-08)
(-4.82278e-09 -1.35135e-10 1.46597e-08)
(-4.82175e-09 -9.90931e-11 1.46734e-08)
(-4.81949e-09 -6.09662e-11 1.4678e-08)
(-4.81823e-09 -2.05266e-11 1.46799e-08)
(-4.81823e-09 2.05266e-11 1.46799e-08)
(-4.81949e-09 6.09662e-11 1.4678e-08)
(-4.82175e-09 9.90931e-11 1.46734e-08)
(-4.82278e-09 1.35135e-10 1.46597e-08)
(-4.9026e-09 -1.29393e-10 1.46415e-08)
(-4.90161e-09 -9.48832e-11 1.46547e-08)
(-4.89942e-09 -5.83961e-11 1.46592e-08)
(-4.89819e-09 -1.96632e-11 1.46611e-08)
(-4.89819e-09 1.96632e-11 1.46611e-08)
(-4.89942e-09 5.83961e-11 1.46592e-08)
(-4.90161e-09 9.48832e-11 1.46547e-08)
(-4.9026e-09 1.29393e-10 1.46415e-08)
(-4.97902e-09 -1.23771e-10 1.46238e-08)
(-4.97805e-09 -9.07623e-11 1.46366e-08)
(-4.97593e-09 -5.58793e-11 1.46409e-08)
(-4.97472e-09 -1.88177e-11 1.46428e-08)
(-4.97472e-09 1.88177e-11 1.46428e-08)
(-4.97593e-09 5.58793e-11 1.46409e-08)
(-4.97805e-09 9.07623e-11 1.46366e-08)
(-4.97902e-09 1.23771e-10 1.46238e-08)
(-5.05209e-09 -1.1827e-10 1.46067e-08)
(-5.05115e-09 -8.67305e-11 1.4619e-08)
(-5.04909e-09 -5.34162e-11 1.46232e-08)
(-5.04792e-09 -1.79901e-11 1.4625e-08)
(-5.04792e-09 1.79901e-11 1.4625e-08)
(-5.04909e-09 5.34162e-11 1.46232e-08)
(-5.05115e-09 8.67305e-11 1.4619e-08)
(-5.05209e-09 1.1827e-10 1.46067e-08)
(-5.12191e-09 -1.12891e-10 1.45902e-08)
(-5.12099e-09 -8.27883e-11 1.4602e-08)
(-5.11899e-09 -5.10069e-11 1.46062e-08)
(-5.11785e-09 -1.71806e-11 1.46079e-08)
(-5.11785e-09 1.71806e-11 1.46079e-08)
(-5.11899e-09 5.10069e-11 1.46062e-08)
(-5.12099e-09 8.27883e-11 1.4602e-08)
(-5.12191e-09 1.12891e-10 1.45902e-08)
(-5.18856e-09 -1.07634e-10 1.45743e-08)
(-5.18765e-09 -7.8936e-11 1.45857e-08)
(-5.18571e-09 -4.86517e-11 1.45897e-08)
(-5.1846e-09 -1.63891e-11 1.45913e-08)
(-5.1846e-09 1.63891e-11 1.45913e-08)
(-5.18571e-09 4.86517e-11 1.45897e-08)
(-5.18765e-09 7.8936e-11 1.45857e-08)
(-5.18856e-09 1.07634e-10 1.45743e-08)
(-5.25211e-09 -1.02499e-10 1.4559e-08)
(-5.25121e-09 -7.51736e-11 1.45699e-08)
(-5.24933e-09 -4.63506e-11 1.45738e-08)
(-5.24825e-09 -1.56159e-11 1.45754e-08)
(-5.24825e-09 1.56159e-11 1.45754e-08)
(-5.24933e-09 4.63506e-11 1.45738e-08)
(-5.25121e-09 7.51736e-11 1.45699e-08)
(-5.25211e-09 1.02499e-10 1.4559e-08)
(-5.31264e-09 -9.74868e-11 1.45443e-08)
(-5.31175e-09 -7.15014e-11 1.45549e-08)
(-5.30992e-09 -4.41039e-11 1.45586e-08)
(-5.30886e-09 -1.48608e-11 1.45602e-08)
(-5.30886e-09 1.48608e-11 1.45602e-08)
(-5.30992e-09 4.41039e-11 1.45586e-08)
(-5.31175e-09 7.15014e-11 1.45549e-08)
(-5.31264e-09 9.74868e-11 1.45443e-08)
(-5.37022e-09 -9.25977e-11 1.45304e-08)
(-5.36934e-09 -6.79194e-11 1.45404e-08)
(-5.36756e-09 -4.19117e-11 1.45441e-08)
(-5.36653e-09 -1.4124e-11 1.45456e-08)
(-5.36653e-09 1.4124e-11 1.45456e-08)
(-5.36756e-09 4.19116e-11 1.45441e-08)
(-5.36934e-09 6.79194e-11 1.45404e-08)
(-5.37022e-09 9.25976e-11 1.45304e-08)
(-5.42494e-09 -8.78315e-11 1.4517e-08)
(-5.42406e-09 -6.44279e-11 1.45267e-08)
(-5.42233e-09 -3.97739e-11 1.45302e-08)
(-5.42133e-09 -1.34055e-11 1.45317e-08)
(-5.42133e-09 1.34055e-11 1.45317e-08)
(-5.42233e-09 3.97739e-11 1.45302e-08)
(-5.42406e-09 6.44279e-11 1.45267e-08)
(-5.42494e-09 8.78315e-11 1.4517e-08)
(-5.47687e-09 -8.31886e-11 1.45044e-08)
(-5.47599e-09 -6.10267e-11 1.45136e-08)
(-5.47431e-09 -3.76909e-11 1.4517e-08)
(-5.47334e-09 -1.27053e-11 1.45184e-08)
(-5.47334e-09 1.27053e-11 1.45184e-08)
(-5.47431e-09 3.76909e-11 1.4517e-08)
(-5.47599e-09 6.10267e-11 1.45136e-08)
(-5.47687e-09 8.31885e-11 1.45044e-08)
(-5.52609e-09 -7.86688e-11 1.44924e-08)
(-5.5252e-09 -5.77161e-11 1.45012e-08)
(-5.52357e-09 -3.56625e-11 1.45045e-08)
(-5.52263e-09 -1.20234e-11 1.45058e-08)
(-5.52263e-09 1.20234e-11 1.45058e-08)
(-5.52357e-09 3.56624e-11 1.45045e-08)
(-5.5252e-09 5.77161e-11 1.45012e-08)
(-5.52609e-09 7.86688e-11 1.44924e-08)
(-5.57267e-09 -7.42722e-11 1.4481e-08)
(-5.57177e-09 -5.44958e-11 1.44894e-08)
(-5.57019e-09 -3.36888e-11 1.44926e-08)
(-5.56927e-09 -1.13598e-11 1.44939e-08)
(-5.56927e-09 1.13598e-11 1.44939e-08)
(-5.57019e-09 3.36888e-11 1.44926e-08)
(-5.57177e-09 5.44958e-11 1.44894e-08)
(-5.57267e-09 7.42722e-11 1.4481e-08)
(-5.61668e-09 -6.99988e-11 1.44704e-08)
(-5.61578e-09 -5.1366e-11 1.44784e-08)
(-5.61424e-09 -3.17698e-11 1.44814e-08)
(-5.61335e-09 -1.07147e-11 1.44827e-08)
(-5.61335e-09 1.07147e-11 1.44827e-08)
(-5.61424e-09 3.17698e-11 1.44814e-08)
(-5.61578e-09 5.1366e-11 1.44784e-08)
(-5.61668e-09 6.99988e-11 1.44704e-08)
(-5.65821e-09 -6.58486e-11 1.44603e-08)
(-5.6573e-09 -4.83265e-11 1.4468e-08)
(-5.6558e-09 -2.99056e-11 1.44709e-08)
(-5.65494e-09 -1.00878e-11 1.44721e-08)
(-5.65494e-09 1.00878e-11 1.44721e-08)
(-5.6558e-09 2.99056e-11 1.44709e-08)
(-5.6573e-09 4.83265e-11 1.4468e-08)
(-5.65821e-09 6.58486e-11 1.44603e-08)
(-5.69732e-09 -6.18214e-11 1.4451e-08)
(-5.6964e-09 -4.53773e-11 1.44582e-08)
(-5.69495e-09 -2.80962e-11 1.44611e-08)
(-5.69411e-09 -9.4794e-12 1.44622e-08)
(-5.69411e-09 9.4794e-12 1.44622e-08)
(-5.69495e-09 2.80962e-11 1.44611e-08)
(-5.6964e-09 4.53773e-11 1.44582e-08)
(-5.69732e-09 6.18214e-11 1.4451e-08)
(-5.73409e-09 -5.79171e-11 1.44423e-08)
(-5.73316e-09 -4.25183e-11 1.44491e-08)
(-5.73175e-09 -2.63415e-11 1.44519e-08)
(-5.73094e-09 -8.88932e-12 1.4453e-08)
(-5.73094e-09 8.88931e-12 1.4453e-08)
(-5.73175e-09 2.63415e-11 1.44519e-08)
(-5.73316e-09 4.25183e-11 1.44491e-08)
(-5.73409e-09 5.79171e-11 1.44423e-08)
(-5.76859e-09 -5.41356e-11 1.44342e-08)
(-5.76765e-09 -3.97494e-11 1.44407e-08)
(-5.76629e-09 -2.46415e-11 1.44433e-08)
(-5.7655e-09 -8.31759e-12 1.44444e-08)
(-5.7655e-09 8.31759e-12 1.44444e-08)
(-5.76629e-09 2.46415e-11 1.44433e-08)
(-5.76765e-09 3.97494e-11 1.44407e-08)
(-5.76859e-09 5.41356e-11 1.44342e-08)
(-5.8009e-09 -5.04767e-11 1.44267e-08)
(-5.79995e-09 -3.70704e-11 1.44329e-08)
(-5.79863e-09 -2.29962e-11 1.44354e-08)
(-5.79787e-09 -7.76421e-12 1.44364e-08)
(-5.79787e-09 7.76421e-12 1.44364e-08)
(-5.79863e-09 2.29962e-11 1.44354e-08)
(-5.79995e-09 3.70704e-11 1.44329e-08)
(-5.8009e-09 5.04767e-11 1.44267e-08)
(-5.83108e-09 -4.69403e-11 1.44199e-08)
(-5.83012e-09 -3.44812e-11 1.44257e-08)
(-5.82884e-09 -2.14055e-11 1.4428e-08)
(-5.82811e-09 -7.22917e-12 1.44291e-08)
(-5.82811e-09 7.22916e-12 1.44291e-08)
(-5.82884e-09 2.14055e-11 1.4428e-08)
(-5.83012e-09 3.44812e-11 1.44257e-08)
(-5.83108e-09 4.69403e-11 1.44199e-08)
(-5.85921e-09 -4.35262e-11 1.44136e-08)
(-5.85824e-09 -3.19817e-11 1.44191e-08)
(-5.857e-09 -1.98693e-11 1.44213e-08)
(-5.85629e-09 -6.71244e-12 1.44223e-08)
(-5.85629e-09 6.71244e-12 1.44223e-08)
(-5.857e-09 1.98693e-11 1.44213e-08)
(-5.85824e-09 3.19817e-11 1.44191e-08)
(-5.85921e-09 4.35262e-11 1.44136e-08)
(-5.88535e-09 -4.02342e-11 1.44079e-08)
(-5.88439e-09 -2.95718e-11 1.4413e-08)
(-5.88319e-09 -1.83877e-11 1.44152e-08)
(-5.8825e-09 -6.21402e-12 1.44161e-08)
(-5.8825e-09 6.21402e-12 1.44161e-08)
(-5.88319e-09 1.83877e-11 1.44152e-08)
(-5.88439e-09 2.95718e-11 1.4413e-08)
(-5.88535e-09 4.02342e-11 1.44079e-08)
(-5.90959e-09 -3.7064e-11 1.44028e-08)
(-5.90862e-09 -2.72511e-11 1.44076e-08)
(-5.90746e-09 -1.69606e-11 1.44097e-08)
(-5.9068e-09 -5.73388e-12 1.44105e-08)
(-5.9068e-09 5.73387e-12 1.44105e-08)
(-5.90746e-09 1.69606e-11 1.44097e-08)
(-5.90862e-09 2.72511e-11 1.44076e-08)
(-5.90959e-09 3.7064e-11 1.44028e-08)
(-5.93199e-09 -3.40155e-11 1.43982e-08)
(-5.93102e-09 -2.50197e-11 1.44027e-08)
(-5.9299e-09 -1.55878e-11 1.44046e-08)
(-5.92926e-09 -5.272e-12 1.44055e-08)
(-5.92926e-09 5.27199e-12 1.44055e-08)
(-5.9299e-09 1.55878e-11 1.44046e-08)
(-5.93102e-09 2.50197e-11 1.44027e-08)
(-5.93199e-09 3.40155e-11 1.43982e-08)
(-5.95262e-09 -3.10885e-11 1.43941e-08)
(-5.95164e-09 -2.28773e-11 1.43983e-08)
(-5.95057e-09 -1.42694e-11 1.44002e-08)
(-5.94995e-09 -4.82835e-12 1.4401e-08)
(-5.94995e-09 4.82835e-12 1.4401e-08)
(-5.95057e-09 1.42694e-11 1.44002e-08)
(-5.95164e-09 2.28773e-11 1.43983e-08)
(-5.95262e-09 3.10885e-11 1.43941e-08)
(-5.97155e-09 -2.82827e-11 1.43905e-08)
(-5.97057e-09 -2.08237e-11 1.43944e-08)
(-5.96954e-09 -1.30051e-11 1.43962e-08)
(-5.96895e-09 -4.40292e-12 1.4397e-08)
(-5.96895e-09 4.40292e-12 1.4397e-08)
(-5.96954e-09 1.30051e-11 1.43962e-08)
(-5.97057e-09 2.08237e-11 1.43944e-08)
(-5.97155e-09 2.82827e-11 1.43905e-08)
(-5.98885e-09 -2.5598e-11 1.43874e-08)
(-5.98788e-09 -1.88588e-11 1.4391e-08)
(-5.98688e-09 -1.1795e-11 1.43927e-08)
(-5.98632e-09 -3.99567e-12 1.43934e-08)
(-5.98632e-09 3.99567e-12 1.43934e-08)
(-5.98688e-09 1.1795e-11 1.43927e-08)
(-5.98788e-09 1.88588e-11 1.4391e-08)
(-5.98885e-09 2.5598e-11 1.43874e-08)
(-6.00458e-09 -2.30341e-11 1.43848e-08)
(-6.00362e-09 -1.69824e-11 1.43881e-08)
(-6.00266e-09 -1.0639e-11 1.43897e-08)
(-6.00213e-09 -3.60658e-12 1.43904e-08)
(-6.00213e-09 3.60657e-12 1.43904e-08)
(-6.00266e-09 1.0639e-11 1.43897e-08)
(-6.00362e-09 1.69824e-11 1.43881e-08)
(-6.00458e-09 2.3034e-11 1.43848e-08)
(-6.01883e-09 -2.05908e-11 1.43825e-08)
(-6.01787e-09 -1.51943e-11 1.43856e-08)
(-6.01696e-09 -9.53695e-12 1.43871e-08)
(-6.01645e-09 -3.23561e-12 1.43878e-08)
(-6.01645e-09 3.23561e-12 1.43878e-08)
(-6.01696e-09 9.53695e-12 1.43871e-08)
(-6.01787e-09 1.51943e-11 1.43856e-08)
(-6.01883e-09 2.05907e-11 1.43825e-08)
(-6.03165e-09 -1.82678e-11 1.43807e-08)
(-6.03071e-09 -1.34943e-11 1.43836e-08)
(-6.02983e-09 -8.48877e-12 1.4385e-08)
(-6.02935e-09 -2.88274e-12 1.43856e-08)
(-6.02935e-09 2.88273e-12 1.43856e-08)
(-6.02983e-09 8.48877e-12 1.4385e-08)
(-6.03071e-09 1.34943e-11 1.43836e-08)
(-6.03165e-09 1.82678e-11 1.43807e-08)
(-6.04311e-09 -1.60651e-11 1.43793e-08)
(-6.04219e-09 -1.18822e-11 1.43819e-08)
(-6.04136e-09 -7.49436e-12 1.43832e-08)
(-6.04089e-09 -2.54793e-12 1.43838e-08)
(-6.04089e-09 2.54792e-12 1.43838e-08)
(-6.04136e-09 7.49436e-12 1.43832e-08)
(-6.04219e-09 1.18822e-11 1.43819e-08)
(-6.04311e-09 1.60651e-11 1.43793e-08)
(-6.05329e-09 -1.39823e-11 1.43782e-08)
(-6.05238e-09 -1.03579e-11 1.43806e-08)
(-6.0516e-09 -6.55364e-12 1.43818e-08)
(-6.05116e-09 -2.23115e-12 1.43824e-08)
(-6.05116e-09 2.23114e-12 1.43824e-08)
(-6.0516e-09 6.55363e-12 1.43818e-08)
(-6.05238e-09 1.03579e-11 1.43806e-08)
(-6.05329e-09 1.39823e-11 1.43782e-08)
(-6.06225e-09 -1.20193e-11 1.43775e-08)
(-6.06137e-09 -8.92113e-12 1.43796e-08)
(-6.06062e-09 -5.6665e-12 1.43808e-08)
(-6.06021e-09 -1.93238e-12 1.43813e-08)
(-6.06021e-09 1.93237e-12 1.43813e-08)
(-6.06062e-09 5.6665e-12 1.43808e-08)
(-6.06137e-09 8.92113e-12 1.43796e-08)
(-6.06225e-09 1.20193e-11 1.43775e-08)
(-6.07006e-09 -1.0176e-11 1.4377e-08)
(-6.0692e-09 -7.57178e-12 1.4379e-08)
(-6.0685e-09 -4.83285e-12 1.438e-08)
(-6.06811e-09 -1.65158e-12 1.43805e-08)
(-6.06811e-09 1.65157e-12 1.43805e-08)
(-6.0685e-09 4.83284e-12 1.438e-08)
(-6.0692e-09 7.57178e-12 1.4379e-08)
(-6.07006e-09 1.0176e-11 1.4377e-08)
(-6.07678e-09 -8.45216e-12 1.43768e-08)
(-6.07595e-09 -6.30968e-12 1.43786e-08)
(-6.07529e-09 -4.05257e-12 1.43796e-08)
(-6.07493e-09 -1.38869e-12 1.438e-08)
(-6.07493e-09 1.38869e-12 1.438e-08)
(-6.07529e-09 4.05256e-12 1.43796e-08)
(-6.07595e-09 6.30967e-12 1.43786e-08)
(-6.07678e-09 8.45216e-12 1.43768e-08)
(-6.08249e-09 -6.84764e-12 1.43769e-08)
(-6.08169e-09 -5.13466e-12 1.43785e-08)
(-6.08107e-09 -3.32555e-12 1.43794e-08)
(-6.08074e-09 -1.14369e-12 1.43798e-08)
(-6.08074e-09 1.14369e-12 1.43798e-08)
(-6.08107e-09 3.32555e-12 1.43794e-08)
(-6.08169e-09 5.13465e-12 1.43785e-08)
(-6.08249e-09 6.84764e-12 1.43769e-08)
(-6.08724e-09 -5.36231e-12 1.43772e-08)
(-6.08648e-09 -4.04657e-12 1.43786e-08)
(-6.08591e-09 -2.65171e-12 1.43794e-08)
(-6.08561e-09 -9.16546e-13 1.43798e-08)
(-6.08561e-09 9.1654e-13 1.43798e-08)
(-6.08591e-09 2.65171e-12 1.43794e-08)
(-6.08648e-09 4.04657e-12 1.43786e-08)
(-6.08724e-09 5.36231e-12 1.43772e-08)
(-6.09112e-09 -3.99613e-12 1.43777e-08)
(-6.09039e-09 -3.04534e-12 1.43789e-08)
(-6.08987e-09 -2.03097e-12 1.43797e-08)
(-6.08959e-09 -7.07232e-13 1.438e-08)
(-6.08959e-09 7.07226e-13 1.438e-08)
(-6.08987e-09 2.03096e-12 1.43797e-08)
(-6.09039e-09 3.04533e-12 1.43789e-08)
(-6.09112e-09 3.99613e-12 1.43777e-08)
(-6.09417e-09 -2.74916e-12 1.43784e-08)
(-6.09349e-09 -2.13097e-12 1.43794e-08)
(-6.09302e-09 -1.46331e-12 1.43801e-08)
(-6.09277e-09 -5.15738e-13 1.43805e-08)
(-6.09277e-09 5.15732e-13 1.43805e-08)
(-6.09302e-09 1.46331e-12 1.43801e-08)
(-6.09349e-09 2.13096e-12 1.43794e-08)
(-6.09417e-09 2.74916e-12 1.43784e-08)
(-6.09648e-09 -1.62173e-12 1.43792e-08)
(-6.09585e-09 -1.30369e-12 1.43801e-08)
(-6.09543e-09 -9.48856e-13 1.43807e-08)
(-6.0952e-09 -3.42103e-13 1.4381e-08)
(-6.0952e-09 3.42098e-13 1.4381e-08)
(-6.09543e-09 9.48853e-13 1.43807e-08)
(-6.09585e-09 1.30369e-12 1.43801e-08)
(-6.09648e-09 1.62173e-12 1.43792e-08)
(-6.0981e-09 -6.14604e-13 1.43801e-08)
(-6.09753e-09 -5.64118e-13 1.43809e-08)
(-6.09715e-09 -4.87972e-13 1.43814e-08)
(-6.09695e-09 -1.86461e-13 1.43817e-08)
(-6.09695e-09 1.86456e-13 1.43817e-08)
(-6.09715e-09 4.87968e-13 1.43814e-08)
(-6.09753e-09 5.64115e-13 1.43809e-08)
(-6.0981e-09 6.14602e-13 1.43801e-08)
(-6.09911e-09 2.70672e-13 1.43812e-08)
(-6.09859e-09 8.64325e-14 1.43818e-08)
(-6.09827e-09 -8.14935e-14 1.43823e-08)
(-6.0981e-09 -4.91007e-14 1.43825e-08)
(-6.0981e-09 4.90962e-14 1.43825e-08)
(-6.09827e-09 8.14897e-14 1.43823e-08)
(-6.09859e-09 -8.6436e-14 1.43818e-08)
(-6.09911e-09 -2.70675e-13 1.43812e-08)
(-6.09956e-09 1.03111e-12 1.43822e-08)
(-6.09911e-09 6.45437e-13 1.43827e-08)
(-6.09884e-09 2.68995e-13 1.43832e-08)
(-6.0987e-09 6.94405e-14 1.43834e-08)
(-6.0987e-09 -6.94439e-14 1.43834e-08)
(-6.09884e-09 -2.68999e-13 1.43832e-08)
(-6.09911e-09 -6.45441e-13 1.43827e-08)
(-6.09956e-09 -1.03112e-12 1.43822e-08)
(-6.09953e-09 1.66114e-12 1.43833e-08)
(-6.09915e-09 1.10844e-12 1.43837e-08)
(-6.09894e-09 5.60864e-13 1.43841e-08)
(-6.09883e-09 1.68323e-13 1.43843e-08)
(-6.09883e-09 -1.68325e-13 1.43843e-08)
(-6.09894e-09 -5.60868e-13 1.43841e-08)
(-6.09915e-09 -1.10845e-12 1.43837e-08)
(-6.09953e-09 -1.66114e-12 1.43833e-08)
(-6.09908e-09 2.15053e-12 1.43845e-08)
(-6.09879e-09 1.46847e-12 1.43847e-08)
(-6.09864e-09 7.90542e-13 1.4385e-08)
(-6.09856e-09 2.46501e-13 1.43852e-08)
(-6.09856e-09 -2.46502e-13 1.43852e-08)
(-6.09864e-09 -7.90548e-13 1.4385e-08)
(-6.09879e-09 -1.46848e-12 1.43847e-08)
(-6.09908e-09 -2.15054e-12 1.43845e-08)
(-6.09829e-09 2.48184e-12 1.43855e-08)
(-6.09809e-09 1.71676e-12 1.43856e-08)
(-6.09801e-09 9.54741e-13 1.43859e-08)
(-6.09797e-09 3.03198e-13 1.4386e-08)
(-6.09797e-09 -3.03203e-13 1.4386e-08)
(-6.09801e-09 -9.54748e-13 1.43859e-08)
(-6.09809e-09 -1.71677e-12 1.43856e-08)
(-6.09829e-09 -2.48185e-12 1.43855e-08)
(-6.09726e-09 2.62902e-12 1.43865e-08)
(-6.09718e-09 1.84627e-12 1.43864e-08)
(-6.09715e-09 1.05368e-12 1.43866e-08)
(-6.09714e-09 3.38908e-13 1.43866e-08)
(-6.09714e-09 -3.38926e-13 1.43866e-08)
(-6.09715e-09 -1.05369e-12 1.43866e-08)
(-6.09718e-09 -1.84627e-12 1.43864e-08)
(-6.09726e-09 -2.62903e-12 1.43865e-08)
(-6.09613e-09 2.57832e-12 1.43872e-08)
(-6.09613e-09 1.87105e-12 1.4387e-08)
(-6.09614e-09 1.09622e-12 1.4387e-08)
(-6.09615e-09 3.56122e-13 1.4387e-08)
(-6.09615e-09 -3.56139e-13 1.4387e-08)
(-6.09614e-09 -1.09623e-12 1.4387e-08)
(-6.09613e-09 -1.87104e-12 1.4387e-08)
(-6.09613e-09 -2.57833e-12 1.43872e-08)
(-6.09534e-09 2.45624e-12 1.43873e-08)
(-6.09526e-09 1.86408e-12 1.4387e-08)
(-6.09523e-09 1.10747e-12 1.43869e-08)
(-6.09524e-09 3.60866e-13 1.43869e-08)
(-6.09524e-09 -3.60852e-13 1.43869e-08)
(-6.09523e-09 -1.10751e-12 1.43869e-08)
(-6.09526e-09 -1.86408e-12 1.4387e-08)
(-6.09534e-09 -2.45623e-12 1.43873e-08)
)
;
    }
    bottom
    {
        type            calculated;
        value           nonuniform List<vector> 
640
(
(8.78113e-10 1.13159e-10 -1.66655e-08)
(1.07089e-09 9.75237e-11 -1.65864e-08)
(1.21601e-09 5.37058e-11 -1.66273e-08)
(1.2834e-09 1.58355e-11 -1.6655e-08)
(1.2834e-09 -1.58355e-11 -1.6655e-08)
(1.21601e-09 -5.37058e-11 -1.66273e-08)
(1.07089e-09 -9.75237e-11 -1.65864e-08)
(8.78113e-10 -1.13159e-10 -1.66655e-08)
(4.59684e-10 2.48759e-10 -1.59024e-08)
(5.12685e-10 2.05462e-10 -1.60022e-08)
(5.41783e-10 1.18075e-10 -1.60233e-08)
(5.59545e-10 3.56242e-11 -1.60315e-08)
(5.59545e-10 -3.56242e-11 -1.60315e-08)
(5.41783e-10 -1.18075e-10 -1.60233e-08)
(5.12685e-10 -2.05462e-10 -1.60022e-08)
(4.59684e-10 -2.48759e-10 -1.59024e-08)
(6.57876e-10 3.1105e-10 -1.60312e-08)
(6.84812e-10 2.27644e-10 -1.6066e-08)
(6.93614e-10 1.34165e-10 -1.61082e-08)
(6.97816e-10 4.19558e-11 -1.61272e-08)
(6.97816e-10 -4.19558e-11 -1.61272e-08)
(6.93614e-10 -1.34165e-10 -1.61082e-08)
(6.84812e-10 -2.27644e-10 -1.6066e-08)
(6.57876e-10 -3.1105e-10 -1.60312e-08)
(8.90276e-10 3.45511e-10 -1.6042e-08)
(9.05224e-10 2.36824e-10 -1.60485e-08)
(9.12285e-10 1.37414e-10 -1.60861e-08)
(9.15197e-10 4.40162e-11 -1.61048e-08)
(9.15197e-10 -4.40162e-11 -1.61048e-08)
(9.12285e-10 -1.37414e-10 -1.60861e-08)
(9.05224e-10 -2.36824e-10 -1.60485e-08)
(8.90276e-10 -3.45511e-10 -1.6042e-08)
(1.11374e-09 3.61987e-10 -1.60194e-08)
(1.12012e-09 2.42894e-10 -1.60137e-08)
(1.12521e-09 1.39388e-10 -1.60428e-08)
(1.12756e-09 4.50621e-11 -1.60579e-08)
(1.12756e-09 -4.50621e-11 -1.60579e-08)
(1.12521e-09 -1.39388e-10 -1.60428e-08)
(1.12012e-09 -2.42894e-10 -1.60137e-08)
(1.11374e-09 -3.61987e-10 -1.60194e-08)
(1.3305e-09 3.67864e-10 -1.59921e-08)
(1.33138e-09 2.45892e-10 -1.59803e-08)
(1.3346e-09 1.40756e-10 -1.60031e-08)
(1.33634e-09 4.56777e-11 -1.60149e-08)
(1.33634e-09 -4.56777e-11 -1.60149e-08)
(1.3346e-09 -1.40756e-10 -1.60031e-08)
(1.33138e-09 -2.45892e-10 -1.59803e-08)
(1.3305e-09 -3.67864e-10 -1.59921e-08)
(1.53982e-09 3.67621e-10 -1.59625e-08)
(1.53701e-09 2.46314e-10 -1.59477e-08)
(1.53855e-09 1.41282e-10 -1.59663e-08)
(1.53957e-09 4.59756e-11 -1.59755e-08)
(1.53957e-09 -4.59756e-11 -1.59755e-08)
(1.53855e-09 -1.41282e-10 -1.59663e-08)
(1.53701e-09 -2.46314e-10 -1.59477e-08)
(1.53982e-09 -3.67621e-10 -1.59625e-08)
(1.74194e-09 3.63645e-10 -1.59309e-08)
(1.73657e-09 2.44673e-10 -1.59148e-08)
(1.73673e-09 1.40837e-10 -1.59305e-08)
(1.73704e-09 4.59506e-11 -1.5938e-08)
(1.73704e-09 -4.59506e-11 -1.5938e-08)
(1.73673e-09 -1.40837e-10 -1.59305e-08)
(1.73657e-09 -2.44673e-10 -1.59148e-08)
(1.74194e-09 -3.63645e-10 -1.59309e-08)
(1.93718e-09 3.57334e-10 -1.58977e-08)
(1.93007e-09 2.41462e-10 -1.5881e-08)
(1.92915e-09 1.39492e-10 -1.5895e-08)
(1.92888e-09 4.562e-11 -1.59012e-08)
(1.92888e-09 -4.562e-11 -1.59012e-08)
(1.92915e-09 -1.39492e-10 -1.5895e-08)
(1.93007e-09 -2.41462e-10 -1.5881e-08)
(1.93718e-09 -3.57334e-10 -1.58977e-08)
(2.12583e-09 3.49566e-10 -1.58629e-08)
(2.11755e-09 2.37116e-10 -1.58463e-08)
(2.11587e-09 1.37413e-10 -1.58589e-08)
(2.11514e-09 4.503e-11 -1.58643e-08)
(2.11514e-09 -4.503e-11 -1.58643e-08)
(2.11587e-09 -1.37413e-10 -1.58589e-08)
(2.11755e-09 -2.37116e-10 -1.58463e-08)
(2.12583e-09 -3.49566e-10 -1.58629e-08)
(2.30816e-09 3.40905e-10 -1.58268e-08)
(2.29909e-09 2.31985e-10 -1.58106e-08)
(2.29689e-09 1.34778e-10 -1.58223e-08)
(2.29583e-09 4.42376e-11 -1.58271e-08)
(2.29583e-09 -4.42376e-11 -1.58271e-08)
(2.29689e-09 -1.34778e-10 -1.58223e-08)
(2.29909e-09 -2.31985e-10 -1.58106e-08)
(2.30816e-09 -3.40905e-10 -1.58268e-08)
(2.48436e-09 3.31725e-10 -1.57896e-08)
(2.47479e-09 2.26334e-10 -1.57739e-08)
(2.47225e-09 1.31749e-10 -1.57849e-08)
(2.47096e-09 4.32973e-11 -1.57893e-08)
(2.47096e-09 -4.32973e-11 -1.57893e-08)
(2.47225e-09 -1.31749e-10 -1.57849e-08)
(2.47479e-09 -2.26334e-10 -1.57739e-08)
(2.48436e-09 -3.31725e-10 -1.57896e-08)
(2.65463e-09 3.22268e-10 -1.57514e-08)
(2.64475e-09 2.2036e-10 -1.57363e-08)
(2.64202e-09 1.28456e-10 -1.57467e-08)
(2.64058e-09 4.22547e-11 -1.57508e-08)
(2.64058e-09 -4.22547e-11 -1.57508e-08)
(2.64202e-09 -1.28456e-10 -1.57467e-08)
(2.64475e-09 -2.2036e-10 -1.57363e-08)
(2.65463e-09 -3.22268e-10 -1.57514e-08)
(2.81913e-09 3.12697e-10 -1.57125e-08)
(2.80909e-09 2.14202e-10 -1.5698e-08)
(2.80624e-09 1.24996e-10 -1.57079e-08)
(2.80472e-09 4.11458e-11 -1.57118e-08)
(2.80472e-09 -4.11458e-11 -1.57118e-08)
(2.80624e-09 -1.24996e-10 -1.57079e-08)
(2.80909e-09 -2.14202e-10 -1.5698e-08)
(2.81913e-09 -3.12697e-10 -1.57125e-08)
(2.97802e-09 3.03115e-10 -1.56729e-08)
(2.9679e-09 2.07957e-10 -1.5659e-08)
(2.96501e-09 1.21443e-10 -1.56686e-08)
(2.96344e-09 3.99972e-11 -1.56722e-08)
(2.96344e-09 -3.99972e-11 -1.56722e-08)
(2.96501e-09 -1.21443e-10 -1.56686e-08)
(2.9679e-09 -2.07957e-10 -1.5659e-08)
(2.97802e-09 -3.03115e-10 -1.56729e-08)
(3.13144e-09 2.93592e-10 -1.56329e-08)
(3.1213e-09 2.0169e-10 -1.56196e-08)
(3.11841e-09 1.17847e-10 -1.56288e-08)
(3.11682e-09 3.88282e-11 -1.56323e-08)
(3.11682e-09 -3.88282e-11 -1.56323e-08)
(3.11841e-09 -1.17847e-10 -1.56288e-08)
(3.1213e-09 -2.0169e-10 -1.56196e-08)
(3.13144e-09 -2.93592e-10 -1.56329e-08)
(3.2795e-09 2.84169e-10 -1.55926e-08)
(3.2694e-09 1.95447e-10 -1.55799e-08)
(3.26654e-09 1.14242e-10 -1.55887e-08)
(3.26494e-09 3.76521e-11 -1.55921e-08)
(3.26494e-09 -3.76521e-11 -1.55921e-08)
(3.26654e-09 -1.14242e-10 -1.55887e-08)
(3.2694e-09 -1.95447e-10 -1.55799e-08)
(3.2795e-09 -2.84169e-10 -1.55926e-08)
(3.42233e-09 2.74875e-10 -1.55521e-08)
(3.4123e-09 1.89256e-10 -1.55399e-08)
(3.40948e-09 1.10654e-10 -1.55484e-08)
(3.40789e-09 3.64781e-11 -1.55516e-08)
(3.40789e-09 -3.64781e-11 -1.55516e-08)
(3.40948e-09 -1.10654e-10 -1.55484e-08)
(3.4123e-09 -1.89256e-10 -1.55399e-08)
(3.42233e-09 -2.74875e-10 -1.55521e-08)
(3.56006e-09 2.65724e-10 -1.55114e-08)
(3.55012e-09 1.83136e-10 -1.54998e-08)
(3.54734e-09 1.07096e-10 -1.5508e-08)
(3.54577e-09 3.53122e-11 -1.55111e-08)
(3.54577e-09 -3.53122e-11 -1.55111e-08)
(3.54734e-09 -1.07096e-10 -1.5508e-08)
(3.55012e-09 -1.83136e-10 -1.54998e-08)
(3.56006e-09 -2.65724e-10 -1.55114e-08)
(3.69278e-09 2.56728e-10 -1.54708e-08)
(3.68295e-09 1.77099e-10 -1.54598e-08)
(3.68023e-09 1.03581e-10 -1.54677e-08)
(3.67868e-09 3.41583e-11 -1.54707e-08)
(3.67868e-09 -3.41583e-11 -1.54707e-08)
(3.68023e-09 -1.03581e-10 -1.54677e-08)
(3.68295e-09 -1.77099e-10 -1.54598e-08)
(3.69278e-09 -2.56728e-10 -1.54708e-08)
(3.82061e-09 2.4789e-10 -1.54304e-08)
(3.81091e-09 1.71152e-10 -1.54198e-08)
(3.80824e-09 1.00113e-10 -1.54275e-08)
(3.80671e-09 3.30191e-11 -1.54303e-08)
(3.80671e-09 -3.30191e-11 -1.54303e-08)
(3.80824e-09 -1.00113e-10 -1.54275e-08)
(3.81091e-09 -1.71152e-10 -1.54198e-08)
(3.82061e-09 -2.4789e-10 -1.54304e-08)
(3.94367e-09 2.39214e-10 -1.53901e-08)
(3.9341e-09 1.653e-10 -1.53801e-08)
(3.93149e-09 9.66966e-11 -1.53874e-08)
(3.92998e-09 3.18962e-11 -1.53902e-08)
(3.92998e-09 -3.18962e-11 -1.53902e-08)
(3.93149e-09 -9.66966e-11 -1.53874e-08)
(3.9341e-09 -1.653e-10 -1.53801e-08)
(3.94367e-09 -2.39214e-10 -1.53901e-08)
(4.06205e-09 2.30702e-10 -1.53502e-08)
(4.05263e-09 1.59546e-10 -1.53406e-08)
(4.05006e-09 9.3335e-11 -1.53477e-08)
(4.04858e-09 3.07907e-11 -1.53504e-08)
(4.04858e-09 -3.07907e-11 -1.53504e-08)
(4.05006e-09 -9.3335e-11 -1.53477e-08)
(4.05263e-09 -1.59546e-10 -1.53406e-08)
(4.06205e-09 -2.30702e-10 -1.53502e-08)
(4.17586e-09 2.22354e-10 -1.53106e-08)
(4.16659e-09 1.53891e-10 -1.53016e-08)
(4.16408e-09 9.00296e-11 -1.53084e-08)
(4.16262e-09 2.97032e-11 -1.5311e-08)
(4.16262e-09 -2.97032e-11 -1.5311e-08)
(4.16408e-09 -9.00296e-11 -1.53084e-08)
(4.16659e-09 -1.53891e-10 -1.53016e-08)
(4.17586e-09 -2.22354e-10 -1.53106e-08)
(4.2852e-09 2.14169e-10 -1.52715e-08)
(4.2761e-09 1.48336e-10 -1.52629e-08)
(4.27363e-09 8.67814e-11 -1.52695e-08)
(4.2722e-09 2.86341e-11 -1.5272e-08)
(4.2722e-09 -2.86341e-11 -1.5272e-08)
(4.27363e-09 -8.67814e-11 -1.52695e-08)
(4.2761e-09 -1.48336e-10 -1.52629e-08)
(4.2852e-09 -2.14169e-10 -1.52715e-08)
(4.39018e-09 2.06148e-10 -1.5233e-08)
(4.38126e-09 1.42882e-10 -1.52248e-08)
(4.37883e-09 8.3591e-11 -1.52312e-08)
(4.37742e-09 2.75837e-11 -1.52336e-08)
(4.37742e-09 -2.75837e-11 -1.52336e-08)
(4.37883e-09 -8.3591e-11 -1.52312e-08)
(4.38126e-09 -1.42882e-10 -1.52248e-08)
(4.39018e-09 -2.06148e-10 -1.5233e-08)
(4.49091e-09 1.9829e-10 -1.5195e-08)
(4.48216e-09 1.3753e-10 -1.51873e-08)
(4.47977e-09 8.04591e-11 -1.51935e-08)
(4.47839e-09 2.65523e-11 -1.51957e-08)
(4.47839e-09 -2.65523e-11 -1.51957e-08)
(4.47977e-09 -8.04591e-11 -1.51935e-08)
(4.48216e-09 -1.3753e-10 -1.51873e-08)
(4.49091e-09 -1.9829e-10 -1.5195e-08)
(4.58748e-09 1.90594e-10 -1.51577e-08)
(4.57891e-09 1.3228e-10 -1.51505e-08)
(4.57657e-09 7.73859e-11 -1.51564e-08)
(4.5752e-09 2.554e-11 -1.51586e-08)
(4.5752e-09 -2.554e-11 -1.51586e-08)
(4.57657e-09 -7.73859e-11 -1.51564e-08)
(4.57891e-09 -1.3228e-10 -1.51505e-08)
(4.58748e-09 -1.90594e-10 -1.51577e-08)
(4.68e-09 1.8306e-10 -1.51212e-08)
(4.67161e-09 1.27132e-10 -1.51143e-08)
(4.66931e-09 7.43717e-11 -1.512e-08)
(4.66797e-09 2.45469e-11 -1.51221e-08)
(4.66797e-09 -2.45469e-11 -1.51221e-08)
(4.66931e-09 -7.43717e-11 -1.512e-08)
(4.67161e-09 -1.27132e-10 -1.51143e-08)
(4.68e-09 -1.8306e-10 -1.51212e-08)
(4.76856e-09 1.75687e-10 -1.50854e-08)
(4.76036e-09 1.22086e-10 -1.50789e-08)
(4.7581e-09 7.14169e-11 -1.50844e-08)
(4.75678e-09 2.35732e-11 -1.50864e-08)
(4.75678e-09 -2.35732e-11 -1.50864e-08)
(4.7581e-09 -7.14169e-11 -1.50844e-08)
(4.76036e-09 -1.22086e-10 -1.50789e-08)
(4.76856e-09 -1.75687e-10 -1.50854e-08)
(4.85327e-09 1.68475e-10 -1.50504e-08)
(4.84526e-09 1.17142e-10 -1.50443e-08)
(4.84304e-09 6.85215e-11 -1.50495e-08)
(4.84174e-09 2.26188e-11 -1.50515e-08)
(4.84174e-09 -2.26188e-11 -1.50515e-08)
(4.84304e-09 -6.85215e-11 -1.50495e-08)
(4.84526e-09 -1.17142e-10 -1.50443e-08)
(4.85327e-09 -1.68475e-10 -1.50504e-08)
(4.93423e-09 1.61423e-10 -1.50162e-08)
(4.92642e-09 1.12302e-10 -1.50105e-08)
(4.92423e-09 6.56858e-11 -1.50156e-08)
(4.92296e-09 2.1684e-11 -1.50175e-08)
(4.92296e-09 -2.1684e-11 -1.50175e-08)
(4.92423e-09 -6.56858e-11 -1.50156e-08)
(4.92642e-09 -1.12302e-10 -1.50105e-08)
(4.93423e-09 -1.61423e-10 -1.50162e-08)
(5.01154e-09 1.5453e-10 -1.49829e-08)
(5.00392e-09 1.07564e-10 -1.49776e-08)
(5.00177e-09 6.29098e-11 -1.49824e-08)
(5.00051e-09 2.07686e-11 -1.49843e-08)
(5.00051e-09 -2.07686e-11 -1.49843e-08)
(5.00177e-09 -6.29098e-11 -1.49824e-08)
(5.00392e-09 -1.07564e-10 -1.49776e-08)
(5.01154e-09 -1.5453e-10 -1.49829e-08)
(5.08528e-09 1.47795e-10 -1.49506e-08)
(5.07786e-09 1.02928e-10 -1.49455e-08)
(5.07575e-09 6.01937e-11 -1.49502e-08)
(5.07451e-09 1.98729e-11 -1.4952e-08)
(5.07451e-09 -1.98729e-11 -1.4952e-08)
(5.07575e-09 -6.01936e-11 -1.49502e-08)
(5.07786e-09 -1.02928e-10 -1.49455e-08)
(5.08528e-09 -1.47795e-10 -1.49506e-08)
(5.15557e-09 1.41218e-10 -1.49191e-08)
(5.14834e-09 9.83957e-11 -1.49144e-08)
(5.14627e-09 5.75375e-11 -1.49189e-08)
(5.14505e-09 1.89968e-11 -1.49206e-08)
(5.14505e-09 -1.89968e-11 -1.49206e-08)
(5.14627e-09 -5.75375e-11 -1.49189e-08)
(5.14834e-09 -9.83957e-11 -1.49144e-08)
(5.15557e-09 -1.41218e-10 -1.49191e-08)
(5.22248e-09 1.34799e-10 -1.48886e-08)
(5.21546e-09 9.39659e-11 -1.48842e-08)
(5.21342e-09 5.49413e-11 -1.48886e-08)
(5.21223e-09 1.81404e-11 -1.48902e-08)
(5.21223e-09 -1.81404e-11 -1.48902e-08)
(5.21342e-09 -5.49413e-11 -1.48886e-08)
(5.21546e-09 -9.39659e-11 -1.48842e-08)
(5.22248e-09 -1.34799e-10 -1.48886e-08)
(5.28613e-09 1.28536e-10 -1.48591e-08)
(5.27931e-09 8.96387e-11 -1.4855e-08)
(5.2773e-09 5.24051e-11 -1.48592e-08)
(5.27613e-09 1.73036e-11 -1.48608e-08)
(5.27613e-09 -1.73036e-11 -1.48608e-08)
(5.2773e-09 -5.24051e-11 -1.48592e-08)
(5.27931e-09 -8.96387e-11 -1.4855e-08)
(5.28613e-09 -1.28536e-10 -1.48591e-08)
(5.3466e-09 1.22428e-10 -1.48306e-08)
(5.33997e-09 8.54142e-11 -1.48268e-08)
(5.338e-09 4.99289e-11 -1.48308e-08)
(5.33685e-09 1.64865e-11 -1.48323e-08)
(5.33685e-09 -1.64865e-11 -1.48323e-08)
(5.338e-09 -4.99289e-11 -1.48308e-08)
(5.33997e-09 -8.54142e-11 -1.48268e-08)
(5.3466e-09 -1.22428e-10 -1.48306e-08)
(5.40397e-09 1.16475e-10 -1.48031e-08)
(5.39755e-09 8.12921e-11 -1.47995e-08)
(5.39561e-09 4.75128e-11 -1.48034e-08)
(5.39449e-09 1.56892e-11 -1.48048e-08)
(5.39449e-09 -1.56892e-11 -1.48048e-08)
(5.39561e-09 -4.75128e-11 -1.48034e-08)
(5.39755e-09 -8.12921e-11 -1.47995e-08)
(5.40397e-09 -1.16475e-10 -1.48031e-08)
(5.45835e-09 1.10676e-10 -1.47765e-08)
(5.45213e-09 7.72725e-11 -1.47733e-08)
(5.45023e-09 4.51566e-11 -1.4777e-08)
(5.44912e-09 1.49115e-11 -1.47783e-08)
(5.44912e-09 -1.49115e-11 -1.47783e-08)
(5.45023e-09 -4.51566e-11 -1.4777e-08)
(5.45213e-09 -7.72725e-11 -1.47733e-08)
(5.45835e-09 -1.10676e-10 -1.47765e-08)
(5.50983e-09 1.0503e-10 -1.4751e-08)
(5.5038e-09 7.33551e-11 -1.4748e-08)
(5.50193e-09 4.28603e-11 -1.47516e-08)
(5.50085e-09 1.41536e-11 -1.47529e-08)
(5.50085e-09 -1.41536e-11 -1.47529e-08)
(5.50193e-09 -4.28603e-11 -1.47516e-08)
(5.5038e-09 -7.33551e-11 -1.4748e-08)
(5.50983e-09 -1.0503e-10 -1.4751e-08)
(5.55848e-09 9.95367e-11 -1.47265e-08)
(5.55266e-09 6.95397e-11 -1.47238e-08)
(5.55082e-09 4.0624e-11 -1.47272e-08)
(5.54976e-09 1.34153e-11 -1.47284e-08)
(5.54976e-09 -1.34153e-11 -1.47284e-08)
(5.55082e-09 -4.0624e-11 -1.47272e-08)
(5.55266e-09 -6.95397e-11 -1.47238e-08)
(5.55848e-09 -9.95367e-11 -1.47265e-08)
(5.6044e-09 9.4195e-11 -1.4703e-08)
(5.59877e-09 6.58263e-11 -1.47005e-08)
(5.59697e-09 3.84474e-11 -1.47037e-08)
(5.59594e-09 1.26967e-11 -1.47049e-08)
(5.59594e-09 -1.26967e-11 -1.47049e-08)
(5.59697e-09 -3.84474e-11 -1.47037e-08)
(5.59877e-09 -6.58263e-11 -1.47005e-08)
(5.6044e-09 -9.4195e-11 -1.4703e-08)
(5.64768e-09 8.90041e-11 -1.46805e-08)
(5.64225e-09 6.22145e-11 -1.46782e-08)
(5.64048e-09 3.63305e-11 -1.46813e-08)
(5.63946e-09 1.19978e-11 -1.46825e-08)
(5.63946e-09 -1.19978e-11 -1.46825e-08)
(5.64048e-09 -3.63305e-11 -1.46813e-08)
(5.64225e-09 -6.22145e-11 -1.46782e-08)
(5.64768e-09 -8.90041e-11 -1.46805e-08)
(5.68839e-09 8.39634e-11 -1.46591e-08)
(5.68315e-09 5.87043e-11 -1.4657e-08)
(5.68142e-09 3.42732e-11 -1.46599e-08)
(5.68043e-09 1.13185e-11 -1.4661e-08)
(5.68043e-09 -1.13185e-11 -1.4661e-08)
(5.68142e-09 -3.42732e-11 -1.46599e-08)
(5.68315e-09 -5.87043e-11 -1.4657e-08)
(5.68839e-09 -8.39634e-11 -1.46591e-08)
(5.72663e-09 7.90719e-11 -1.46386e-08)
(5.72158e-09 5.52953e-11 -1.46367e-08)
(5.71989e-09 3.22754e-11 -1.46395e-08)
(5.71892e-09 1.06588e-11 -1.46406e-08)
(5.71892e-09 -1.06587e-11 -1.46406e-08)
(5.71989e-09 -3.22754e-11 -1.46395e-08)
(5.72158e-09 -5.52953e-11 -1.46367e-08)
(5.72663e-09 -7.90719e-11 -1.46386e-08)
(5.76247e-09 7.4329e-11 -1.46191e-08)
(5.75762e-09 5.19873e-11 -1.46174e-08)
(5.75596e-09 3.0337e-11 -1.46201e-08)
(5.75501e-09 1.00186e-11 -1.46211e-08)
(5.75501e-09 -1.00186e-11 -1.46211e-08)
(5.75596e-09 -3.0337e-11 -1.46201e-08)
(5.75762e-09 -5.19873e-11 -1.46174e-08)
(5.76247e-09 -7.4329e-11 -1.46191e-08)
(5.79601e-09 6.97338e-11 -1.46005e-08)
(5.79134e-09 4.87802e-11 -1.4599e-08)
(5.78972e-09 2.84578e-11 -1.46016e-08)
(5.78879e-09 9.39801e-12 -1.46026e-08)
(5.78879e-09 -9.398e-12 -1.46026e-08)
(5.78972e-09 -2.84578e-11 -1.46016e-08)
(5.79134e-09 -4.87802e-11 -1.4599e-08)
(5.79601e-09 -6.97338e-11 -1.46005e-08)
(5.82731e-09 6.52858e-11 -1.4583e-08)
(5.82283e-09 4.56736e-11 -1.45816e-08)
(5.82124e-09 2.66378e-11 -1.45841e-08)
(5.82034e-09 8.7969e-12 -1.4585e-08)
(5.82034e-09 -8.7969e-12 -1.4585e-08)
(5.82124e-09 -2.66378e-11 -1.45841e-08)
(5.82283e-09 -4.56735e-11 -1.45816e-08)
(5.82731e-09 -6.52858e-11 -1.4583e-08)
(5.85646e-09 6.0984e-11 -1.45664e-08)
(5.85216e-09 4.26672e-11 -1.45652e-08)
(5.85061e-09 2.48767e-11 -1.45675e-08)
(5.84974e-09 8.21525e-12 -1.45684e-08)
(5.84974e-09 -8.21525e-12 -1.45684e-08)
(5.85061e-09 -2.48767e-11 -1.45675e-08)
(5.85216e-09 -4.26672e-11 -1.45652e-08)
(5.85646e-09 -6.0984e-11 -1.45664e-08)
(5.88353e-09 5.68279e-11 -1.45507e-08)
(5.87942e-09 3.97609e-11 -1.45496e-08)
(5.87791e-09 2.31745e-11 -1.45518e-08)
(5.87706e-09 7.65302e-12 -1.45527e-08)
(5.87706e-09 -7.65302e-12 -1.45527e-08)
(5.87791e-09 -2.31745e-11 -1.45518e-08)
(5.87942e-09 -3.97609e-11 -1.45496e-08)
(5.88353e-09 -5.68279e-11 -1.45507e-08)
(5.90862e-09 5.28166e-11 -1.45359e-08)
(5.90468e-09 3.69544e-11 -1.4535e-08)
(5.90321e-09 2.1531e-11 -1.45371e-08)
(5.90238e-09 7.11016e-12 -1.45379e-08)
(5.90238e-09 -7.11015e-12 -1.45379e-08)
(5.90321e-09 -2.1531e-11 -1.45371e-08)
(5.90468e-09 -3.69544e-11 -1.4535e-08)
(5.90862e-09 -5.28166e-11 -1.45359e-08)
(5.93178e-09 4.89495e-11 -1.4522e-08)
(5.92803e-09 3.42473e-11 -1.45212e-08)
(5.92659e-09 1.9946e-11 -1.45232e-08)
(5.92579e-09 6.58662e-12 -1.4524e-08)
(5.92579e-09 -6.58662e-12 -1.4524e-08)
(5.92659e-09 -1.9946e-11 -1.45232e-08)
(5.92803e-09 -3.42473e-11 -1.45212e-08)
(5.93178e-09 -4.89495e-11 -1.4522e-08)
(5.95311e-09 4.52259e-11 -1.4509e-08)
(5.94953e-09 3.16395e-11 -1.45083e-08)
(5.94814e-09 1.84194e-11 -1.45102e-08)
(5.94735e-09 6.08237e-12 -1.45109e-08)
(5.94735e-09 -6.08237e-12 -1.45109e-08)
(5.94814e-09 -1.84194e-11 -1.45102e-08)
(5.94953e-09 -3.16395e-11 -1.45083e-08)
(5.95311e-09 -4.52259e-11 -1.4509e-08)
(5.97267e-09 4.16452e-11 -1.44968e-08)
(5.96926e-09 2.91305e-11 -1.44963e-08)
(5.96791e-09 1.6951e-11 -1.44981e-08)
(5.96715e-09 5.59735e-12 -1.44987e-08)
(5.96715e-09 -5.59735e-12 -1.44987e-08)
(5.96791e-09 -1.6951e-11 -1.44981e-08)
(5.96926e-09 -2.91305e-11 -1.44963e-08)
(5.97267e-09 -4.16452e-11 -1.44968e-08)
(5.99055e-09 3.82066e-11 -1.44855e-08)
(5.9873e-09 2.67203e-11 -1.44851e-08)
(5.98599e-09 1.55406e-11 -1.44868e-08)
(5.98526e-09 5.13152e-12 -1.44874e-08)
(5.98526e-09 -5.13152e-12 -1.44874e-08)
(5.98599e-09 -1.55406e-11 -1.44868e-08)
(5.9873e-09 -2.67203e-11 -1.44851e-08)
(5.99055e-09 -3.82066e-11 -1.44855e-08)
(6.0068e-09 3.49095e-11 -1.4475e-08)
(6.00373e-09 2.44084e-11 -1.44747e-08)
(6.00246e-09 1.41882e-11 -1.44762e-08)
(6.00175e-09 4.68482e-12 -1.44768e-08)
(6.00175e-09 -4.68481e-12 -1.44768e-08)
(6.00246e-09 -1.41882e-11 -1.44762e-08)
(6.00373e-09 -2.44084e-11 -1.44747e-08)
(6.0068e-09 -3.49095e-11 -1.4475e-08)
(6.02152e-09 3.17533e-11 -1.44652e-08)
(6.0186e-09 2.21945e-11 -1.4465e-08)
(6.01738e-09 1.28935e-11 -1.44665e-08)
(6.0167e-09 4.2572e-12 -1.4467e-08)
(6.0167e-09 -4.2572e-12 -1.4467e-08)
(6.01738e-09 -1.28935e-11 -1.44665e-08)
(6.0186e-09 -2.21945e-11 -1.4465e-08)
(6.02152e-09 -3.17533e-11 -1.44652e-08)
(6.03477e-09 2.87374e-11 -1.44563e-08)
(6.03201e-09 2.00785e-11 -1.44561e-08)
(6.03083e-09 1.16564e-11 -1.44575e-08)
(6.03017e-09 3.84862e-12 -1.4458e-08)
(6.03017e-09 -3.84862e-12 -1.4458e-08)
(6.03083e-09 -1.16564e-11 -1.44575e-08)
(6.03201e-09 -2.00785e-11 -1.44561e-08)
(6.03477e-09 -2.87374e-11 -1.44563e-08)
(6.04662e-09 2.58611e-11 -1.4448e-08)
(6.04402e-09 1.80599e-11 -1.44479e-08)
(6.04288e-09 1.04767e-11 -1.44492e-08)
(6.04225e-09 3.45902e-12 -1.44497e-08)
(6.04225e-09 -3.45901e-12 -1.44497e-08)
(6.04288e-09 -1.04767e-11 -1.44492e-08)
(6.04402e-09 -1.80599e-11 -1.44479e-08)
(6.04662e-09 -2.58611e-11 -1.4448e-08)
(6.05714e-09 2.31238e-11 -1.44405e-08)
(6.0547e-09 1.61386e-11 -1.44405e-08)
(6.0536e-09 9.35418e-12 -1.44417e-08)
(6.053e-09 3.08835e-12 -1.44421e-08)
(6.053e-09 -3.08834e-12 -1.44421e-08)
(6.0536e-09 -9.35417e-12 -1.44417e-08)
(6.0547e-09 -1.61386e-11 -1.44405e-08)
(6.05714e-09 -2.31238e-11 -1.44405e-08)
(6.06641e-09 2.0525e-11 -1.44336e-08)
(6.06412e-09 1.43141e-11 -1.44337e-08)
(6.06307e-09 8.28876e-12 -1.44348e-08)
(6.0625e-09 2.73655e-12 -1.44352e-08)
(6.0625e-09 -2.73655e-12 -1.44352e-08)
(6.06307e-09 -8.28876e-12 -1.44348e-08)
(6.06412e-09 -1.43141e-11 -1.44337e-08)
(6.06641e-09 -2.0525e-11 -1.44336e-08)
(6.0745e-09 1.80641e-11 -1.44274e-08)
(6.07236e-09 1.25863e-11 -1.44275e-08)
(6.07135e-09 7.28026e-12 -1.44285e-08)
(6.0708e-09 2.40359e-12 -1.44289e-08)
(6.0708e-09 -2.40359e-12 -1.44289e-08)
(6.07135e-09 -7.28026e-12 -1.44285e-08)
(6.07236e-09 -1.25863e-11 -1.44275e-08)
(6.0745e-09 -1.80641e-11 -1.44274e-08)
(6.08148e-09 1.57405e-11 -1.44218e-08)
(6.07948e-09 1.09549e-11 -1.4422e-08)
(6.07852e-09 6.32851e-12 -1.44229e-08)
(6.078e-09 2.0894e-12 -1.44233e-08)
(6.078e-09 -2.0894e-12 -1.44233e-08)
(6.07852e-09 -6.3285e-12 -1.44229e-08)
(6.07948e-09 -1.09549e-11 -1.4422e-08)
(6.08148e-09 -1.57405e-11 -1.44218e-08)
(6.08741e-09 1.35537e-11 -1.44168e-08)
(6.08555e-09 9.41953e-12 -1.4417e-08)
(6.08464e-09 5.43332e-12 -1.44179e-08)
(6.08415e-09 1.79394e-12 -1.44182e-08)
(6.08415e-09 -1.79393e-12 -1.44182e-08)
(6.08464e-09 -5.43332e-12 -1.44179e-08)
(6.08555e-09 -9.41952e-12 -1.4417e-08)
(6.08741e-09 -1.35537e-11 -1.44168e-08)
(6.09237e-09 1.15032e-11 -1.44124e-08)
(6.09065e-09 7.97993e-12 -1.44127e-08)
(6.08979e-09 4.59453e-12 -1.44134e-08)
(6.08932e-09 1.51713e-12 -1.44137e-08)
(6.08932e-09 -1.51713e-12 -1.44137e-08)
(6.08979e-09 -4.59452e-12 -1.44134e-08)
(6.09065e-09 -7.97993e-12 -1.44127e-08)
(6.09237e-09 -1.15032e-11 -1.44124e-08)
(6.09642e-09 9.58857e-12 -1.44085e-08)
(6.09484e-09 6.63584e-12 -1.44088e-08)
(6.09403e-09 3.81195e-12 -1.44095e-08)
(6.09359e-09 1.25893e-12 -1.44098e-08)
(6.09359e-09 -1.25892e-12 -1.44098e-08)
(6.09403e-09 -3.81195e-12 -1.44095e-08)
(6.09484e-09 -6.63584e-12 -1.44088e-08)
(6.09642e-09 -9.58857e-12 -1.44085e-08)
(6.09964e-09 7.80929e-12 -1.44052e-08)
(6.09819e-09 5.38699e-12 -1.44055e-08)
(6.09743e-09 3.08544e-12 -1.44061e-08)
(6.09701e-09 1.01928e-12 -1.44063e-08)
(6.09701e-09 -1.01927e-12 -1.44063e-08)
(6.09743e-09 -3.08544e-12 -1.44061e-08)
(6.09819e-09 -5.38699e-12 -1.44055e-08)
(6.09964e-09 -7.80929e-12 -1.44052e-08)
(6.10208e-09 6.16507e-12 -1.44023e-08)
(6.10076e-09 4.23318e-12 -1.44026e-08)
(6.10005e-09 2.41485e-12 -1.44032e-08)
(6.09967e-09 7.98135e-13 -1.44034e-08)
(6.09967e-09 -7.98131e-13 -1.44034e-08)
(6.10005e-09 -2.41484e-12 -1.44032e-08)
(6.10076e-09 -4.23317e-12 -1.44026e-08)
(6.10208e-09 -6.16507e-12 -1.44023e-08)
(6.10383e-09 4.65574e-12 -1.43999e-08)
(6.10264e-09 3.17427e-12 -1.44002e-08)
(6.10198e-09 1.80009e-12 -1.44007e-08)
(6.10162e-09 5.95471e-13 -1.44009e-08)
(6.10162e-09 -5.95467e-13 -1.44009e-08)
(6.10198e-09 -1.80008e-12 -1.44007e-08)
(6.10264e-09 -3.17426e-12 -1.44002e-08)
(6.10383e-09 -4.65573e-12 -1.43999e-08)
(6.10494e-09 3.2814e-12 -1.43979e-08)
(6.10387e-09 2.21033e-12 -1.43982e-08)
(6.10326e-09 1.2412e-12 -1.43987e-08)
(6.10294e-09 4.11303e-13 -1.43988e-08)
(6.10294e-09 -4.11299e-13 -1.43988e-08)
(6.10326e-09 -1.24119e-12 -1.43987e-08)
(6.10387e-09 -2.21033e-12 -1.43982e-08)
(6.10494e-09 -3.2814e-12 -1.43979e-08)
(6.10548e-09 2.04261e-12 -1.43963e-08)
(6.10454e-09 1.34176e-12 -1.43967e-08)
(6.10398e-09 7.38451e-13 -1.4397e-08)
(6.10369e-09 2.45737e-13 -1.43971e-08)
(6.10369e-09 -2.45731e-13 -1.43971e-08)
(6.10398e-09 -7.38445e-13 -1.4397e-08)
(6.10454e-09 -1.34176e-12 -1.43967e-08)
(6.10548e-09 -2.04261e-12 -1.43963e-08)
(6.10552e-09 9.40679e-13 -1.43951e-08)
(6.1047e-09 5.69566e-13 -1.43954e-08)
(6.1042e-09 2.92568e-13 -1.43957e-08)
(6.10394e-09 9.90315e-14 -1.43958e-08)
(6.10394e-09 -9.90255e-14 -1.43958e-08)
(6.1042e-09 -2.92564e-13 -1.43957e-08)
(6.1047e-09 -5.69561e-13 -1.43954e-08)
(6.10552e-09 -9.40671e-13 -1.43951e-08)
(6.10512e-09 -2.17572e-14 -1.43942e-08)
(6.10443e-09 -1.04206e-13 -1.43945e-08)
(6.10399e-09 -9.50016e-14 -1.43948e-08)
(6.10376e-09 -2.83083e-14 -1.43948e-08)
(6.10376e-09 2.83136e-14 -1.43948e-08)
(6.10399e-09 9.50047e-14 -1.43948e-08)
(6.10443e-09 1.04215e-13 -1.43945e-08)
(6.10512e-09 2.17655e-14 -1.43942e-08)
(6.10436e-09 -8.39815e-13 -1.43937e-08)
(6.10379e-09 -6.75853e-13 -1.4394e-08)
(6.10342e-09 -4.21759e-13 -1.43941e-08)
(6.10322e-09 -1.35461e-13 -1.43942e-08)
(6.10322e-09 1.35466e-13 -1.43942e-08)
(6.10342e-09 4.21761e-13 -1.43941e-08)
(6.10379e-09 6.75861e-13 -1.4394e-08)
(6.10436e-09 8.39821e-13 -1.43937e-08)
(6.1033e-09 -1.50534e-12 -1.43934e-08)
(6.10286e-09 -1.1396e-12 -1.43937e-08)
(6.10257e-09 -6.84201e-13 -1.43938e-08)
(6.10242e-09 -2.21363e-13 -1.43938e-08)
(6.10242e-09 2.21367e-13 -1.43938e-08)
(6.10257e-09 6.84205e-13 -1.43938e-08)
(6.10286e-09 1.1396e-12 -1.43937e-08)
(6.1033e-09 1.50534e-12 -1.43934e-08)
(6.10203e-09 -2.00684e-12 -1.43934e-08)
(6.10174e-09 -1.48823e-12 -1.43936e-08)
(6.10154e-09 -8.78917e-13 -1.43937e-08)
(6.10142e-09 -2.85094e-13 -1.43937e-08)
(6.10142e-09 2.85098e-13 -1.43937e-08)
(6.10154e-09 8.78923e-13 -1.43937e-08)
(6.10174e-09 1.48823e-12 -1.43936e-08)
(6.10203e-09 2.00684e-12 -1.43934e-08)
(6.10072e-09 -2.33513e-12 -1.43937e-08)
(6.10058e-09 -1.71926e-12 -1.43939e-08)
(6.10046e-09 -1.00604e-12 -1.43939e-08)
(6.10039e-09 -3.26803e-13 -1.43939e-08)
(6.10039e-09 3.26807e-13 -1.43939e-08)
(6.10046e-09 1.00605e-12 -1.43939e-08)
(6.10058e-09 1.71926e-12 -1.43939e-08)
(6.10072e-09 2.33513e-12 -1.43937e-08)
(6.09954e-09 -2.49011e-12 -1.43942e-08)
(6.09955e-09 -1.83716e-12 -1.43944e-08)
(6.09951e-09 -1.07079e-12 -1.43945e-08)
(6.09947e-09 -3.4828e-13 -1.43944e-08)
(6.09947e-09 3.48287e-13 -1.43944e-08)
(6.09951e-09 1.0708e-12 -1.43945e-08)
(6.09955e-09 1.83716e-12 -1.43944e-08)
(6.09954e-09 2.49011e-12 -1.43942e-08)
(6.09882e-09 -2.5266e-12 -1.4395e-08)
(6.09891e-09 -1.87296e-12 -1.43952e-08)
(6.09893e-09 -1.08519e-12 -1.43953e-08)
(6.09891e-09 -3.52744e-13 -1.43952e-08)
(6.09891e-09 3.52748e-13 -1.43952e-08)
(6.09893e-09 1.0852e-12 -1.43953e-08)
(6.09891e-09 1.87297e-12 -1.43952e-08)
(6.09882e-09 2.52662e-12 -1.4395e-08)
)
;
    }
}


// ************************************************************************* //
