/*--------------------------------*- C++ -*----------------------------------*\
| =========                 |                                                 |
| \\      /  F ield         | foam-extend: Open Source CFD                    |
|  \\    /   O peration     | Version:     4.1                                |
|   \\  /    A nd           | Web:         http://www.foam-extend.org         |
|    \\/     M anipulation  |                                                 |
\*---------------------------------------------------------------------------*/
FoamFile
{
    version     2.0;
    format      ascii;
    class       surfaceScalarField;
    location    "0.194";
    object      pf;
}
// * * * * * * * * * * * * * * * * * * * * * * * * * * * * * * * * * * * * * //

dimensions      [1 -1 -2 0 0 0 0];

internalField   nonuniform List<scalar> 
14016
(
-364.974
-418.313
-346.494
-314.132
-328.753
-267.133
-305.091
-314.902
-256.836
-299.383
-307.413
-252.185
-293.818
-300.069
-247.336
-287.946
-293.027
-242.503
-281.594
-285.946
-237.411
-274.812
-278.697
-231.976
-267.715
-271.303
-226.255
-260.416
-263.812
-220.329
-253.008
-256.279
-214.277
-245.565
-248.748
-208.163
-238.141
-241.257
-202.038
-230.774
-233.835
-195.938
-223.489
-226.503
-189.89
-216.305
-219.273
-183.912
-209.231
-212.156
-178.015
-202.276
-205.157
-172.207
-195.444
-198.282
-166.493
-188.737
-191.531
-160.877
-182.157
-184.906
-155.361
-175.704
-178.408
-149.944
-169.377
-172.037
-144.629
-163.178
-165.792
-139.416
-157.105
-159.672
-134.304
-151.157
-153.679
-129.293
-145.335
-147.81
-124.383
-139.637
-142.065
-119.574
-134.063
-136.444
-114.866
-128.613
-130.945
-110.259
-123.284
-125.569
-105.751
-118.077
-120.314
-101.343
-112.991
-115.18
-97.0338
-108.025
-110.166
-92.8235
-103.179
-105.272
-88.7116
-98.4511
-100.496
-84.6976
-93.8412
-95.8375
-80.7811
-89.3485
-91.2965
-76.9616
-84.9724
-86.8721
-73.2388
-80.7119
-82.5634
-69.6121
-76.5666
-78.3698
-66.0811
-72.5357
-74.2907
-62.6455
-68.6185
-70.3254
-59.3047
-64.8143
-66.4731
-56.0583
-61.1226
-62.7333
-52.9058
-57.5427
-59.1054
-49.847
-54.0739
-55.5887
-46.8812
-50.7157
-52.1826
-44.0082
-47.4674
-48.8864
-41.2274
-44.3285
-45.6998
-38.5386
-41.2984
-42.6219
-35.9412
-38.3765
-39.6524
-33.4349
-35.5623
-36.7906
-31.0193
-32.8553
-34.0361
-28.694
-30.2549
-31.3882
-26.4586
-27.7607
-28.8466
-24.3128
-25.3722
-26.4106
-22.2563
-23.0888
-24.0799
-20.2885
-20.9102
-21.8539
-18.4093
-18.8358
-19.7323
-16.6182
-16.8652
-17.7144
-14.9149
-14.998
-15.8
-13.2991
-13.2337
-13.9886
-11.7705
-11.5721
-12.2797
-10.3288
-10.0125
-10.6731
-8.9736
-8.55469
-9.16813
-7.70462
-7.19821
-7.76458
-6.52157
-5.94263
-6.46199
-5.42411
-4.78752
-5.25996
-4.41188
-3.7324
-4.15809
-3.4845
-2.77679
-3.15597
-2.64153
-1.92017
-2.25324
-1.88244
-1.16209
-1.44961
-1.20662
-0.502352
-0.745053
-0.613356
0.0586586
-0.140066
-0.10194
0.519407
0.363906
0.328269
0.875214
0.763834
0.67737
1.12645
1.05184
0.942039
1.26754
1.23865
1.13184
1.31472
1.26604
-382.092
-436.995
-379.459
-329.524
-342.182
-285.255
-317.224
-325.818
-267.711
-308.099
-316.217
-260.087
-299.278
-306.241
-251.882
-291.027
-297.027
-244.555
-283.049
-288.356
-237.813
-275.188
-279.993
-231.296
-267.4
-271.847
-224.889
-259.675
-263.869
-218.553
-252.018
-256.029
-212.275
-244.44
-248.314
-206.053
-236.952
-240.719
-199.896
-229.564
-233.243
-193.811
-222.286
-225.887
-187.806
-215.124
-218.654
-181.887
-208.082
-211.545
-176.057
-201.163
-204.562
-170.321
-194.369
-197.704
-164.681
-187.7
-190.973
-159.137
-181.158
-184.369
-153.692
-174.741
-177.892
-148.345
-168.451
-171.54
-143.097
-162.286
-165.314
-137.948
-156.246
-159.214
-132.897
-150.331
-153.238
-127.946
-144.539
-147.386
-123.093
-138.871
-141.658
-118.339
-133.325
-136.052
-113.683
-127.902
-130.568
-109.125
-122.599
-125.206
-104.666
-117.417
-119.965
-100.303
-112.355
-114.844
-96.038
-107.413
-109.842
-91.8697
-102.588
-104.959
-87.798
-97.882
-100.194
-83.8226
-93.2928
-95.5465
-79.943
-88.8201
-91.0157
-76.159
-84.4631
-86.601
-72.4701
-80.2213
-82.3016
-68.876
-76.094
-78.117
-65.3764
-72.0804
-74.0464
-61.9707
-68.18
-70.0892
-58.6587
-64.3921
-66.2449
-55.44
-60.7161
-62.5126
-52.3141
-57.1514
-58.892
-49.2808
-53.6973
-55.3822
-46.3395
-50.3533
-51.9828
-43.4901
-47.1188
-48.6931
-40.7319
-43.9932
-45.5126
-38.0648
-40.976
-42.4407
-35.4883
-38.0666
-39.4768
-33.0021
-35.2644
-36.6205
-30.6058
-32.569
-33.8712
-28.299
-29.9799
-31.2284
-26.0815
-27.4965
-28.6916
-23.9528
-25.1184
-26.2602
-21.9126
-22.845
-23.9339
-19.9606
-20.676
-21.7122
-18.0965
-18.6109
-19.5946
-16.3199
-16.6493
-17.5806
-14.6306
-14.7906
-15.6699
-13.0281
-13.0346
-13.862
-11.5123
-11.3807
-12.1565
-10.0827
-9.82868
-10.553
-8.73923
-8.37802
-9.05118
-7.48141
-7.02836
-7.65053
-6.30902
-5.77932
-6.35074
-5.22175
-4.63053
-5.15146
-4.2193
-3.58166
-4.05237
-3.30138
-2.63242
-3.05322
-2.46771
-1.78268
-2.15389
-1.71801
-1.03257
-1.3545
-1.0521
-0.382767
-0.655579
-0.469971
0.165181
-0.0583816
0.0281277
0.608332
0.434771
0.441633
0.940461
0.819892
0.769
1.16404
1.08844
1.00492
1.28583
1.255
1.16832
1.32282
1.30182
-397.084
-451.541
-404.192
-338.476
-348.591
-298.335
-324.811
-331.284
-275.87
-314.359
-321.136
-266.179
-303.991
-310.19
-256.221
-294.357
-299.947
-247.412
-285.3
-290.403
-239.558
-276.652
-281.367
-232.244
-268.315
-272.733
-225.291
-260.222
-264.416
-218.594
-252.324
-256.35
-212.086
-244.593
-248.487
-205.726
-237.01
-240.799
-199.491
-229.566
-233.265
-193.367
-222.255
-225.876
-187.347
-215.075
-218.624
-181.429
-208.025
-211.505
-175.61
-201.103
-204.517
-169.889
-194.309
-197.658
-164.267
-187.643
-190.928
-158.743
-181.103
-184.326
-153.317
-174.69
-177.851
-147.99
-168.404
-171.502
-142.761
-162.242
-165.279
-137.63
-156.205
-159.181
-132.597
-150.293
-153.207
-127.663
-144.504
-147.357
-122.826
-138.838
-141.631
-118.086
-133.295
-136.027
-113.445
-127.873
-130.545
-108.9
-122.572
-125.184
-104.452
-117.391
-119.944
-100.101
-112.33
-114.823
-95.8469
-107.388
-109.822
-91.6886
-102.564
-104.94
-87.6262
-97.8584
-100.175
-83.6594
-93.2693
-95.5278
-79.7879
-88.7966
-90.9971
-76.0114
-84.4394
-86.5823
-72.3294
-80.1972
-82.2828
-68.7417
-76.0694
-78.0979
-65.2479
-72.0552
-74.027
-61.8477
-68.1541
-70.0694
-58.5408
-64.3654
-66.2245
-55.3266
-60.6885
-62.4917
-52.205
-57.1228
-58.8704
-49.1755
-53.6676
-55.3599
-46.2379
-50.3225
-51.9598
-43.3916
-47.0868
-48.6693
-40.6365
-43.96
-45.4879
-37.9721
-40.9415
-42.4152
-35.398
-38.0308
-39.4504
-32.914
-35.2273
-36.5932
-30.5197
-32.5306
-33.843
-28.2148
-29.9401
-31.1992
-25.9989
-27.4553
-28.6614
-23.8717
-25.0758
-26.2292
-21.8329
-22.8011
-23.9019
-19.8821
-20.6308
-21.6792
-18.0191
-18.5643
-19.5606
-16.2434
-16.6013
-17.5457
-14.555
-14.7413
-15.6341
-12.9533
-12.984
-13.8252
-11.4382
-11.3288
-12.1188
-10.0093
-9.77554
-10.5145
-8.66637
-8.32369
-9.01173
-7.4091
-6.97291
-7.61028
-6.23723
-5.72288
-6.30975
-5.15048
-4.57329
-5.10986
-4.14862
-3.52392
-4.01034
-3.23143
-2.57469
-3.01108
-2.39875
-1.72571
-2.11211
-1.65052
-0.977509
-1.31379
-0.986841
-0.331193
-0.616925
-0.408092
0.211208
-0.0230858
0.0849732
0.64633
0.46516
0.491247
0.967874
0.84366
0.808593
1.17941
1.10417
1.032
1.29199
1.26267
1.18338
1.32676
1.30848
-403.048
-455.983
-413.702
-341.399
-350.113
-302.216
-327.609
-332.685
-278.632
-316.967
-322.534
-268.621
-306.147
-311.4
-258.162
-295.994
-300.894
-248.8
-286.471
-291.095
-240.47
-277.448
-281.846
-232.783
-268.834
-273.05
-225.554
-260.544
-264.617
-218.666
-252.513
-256.47
-212.032
-244.693
-248.555
-205.592
-237.054
-240.832
-199.309
-229.576
-233.277
-193.16
-222.245
-225.874
-187.129
-215.053
-218.615
-181.208
-207.997
-211.492
-175.392
-201.072
-204.502
-169.678
-194.277
-197.642
-164.065
-187.612
-190.913
-158.55
-181.073
-184.311
-153.134
-174.662
-177.836
-147.817
-168.377
-171.488
-142.597
-162.217
-165.266
-137.476
-156.182
-159.169
-132.452
-150.271
-153.196
-127.525
-144.484
-147.347
-122.696
-138.819
-141.621
-117.965
-133.277
-136.017
-113.33
-127.856
-130.536
-108.792
-122.555
-125.175
-104.35
-117.376
-119.936
-100.005
-112.315
-114.816
-95.7561
-107.374
-109.815
-91.6029
-102.55
-104.932
-87.5452
-97.8444
-100.168
-83.5828
-93.2555
-95.5208
-79.7153
-88.7828
-90.9902
-75.9425
-84.4257
-86.5754
-72.264
-80.1834
-82.2759
-68.6796
-76.0555
-78.091
-65.1888
-72.0411
-74.02
-61.7913
-68.1398
-70.0623
-58.4868
-64.3508
-66.2173
-55.275
-60.6736
-62.4844
-52.1555
-57.1075
-58.8629
-49.128
-53.652
-55.3522
-46.1921
-50.3065
-51.9518
-43.3474
-47.0704
-48.6612
-40.5937
-43.9431
-45.4796
-37.9307
-40.9241
-42.4066
-35.3578
-38.0129
-39.4416
-32.8749
-35.2089
-36.5841
-30.4816
-32.5116
-33.8336
-28.1775
-29.9206
-31.1896
-25.9624
-27.4353
-28.6516
-23.8359
-25.0552
-26.219
-21.7977
-22.78
-23.8915
-19.8475
-20.6091
-21.6685
-17.9849
-18.5421
-19.5496
-16.2098
-16.5785
-17.5345
-14.5217
-14.718
-15.6225
-12.9204
-12.9601
-13.8134
-11.4055
-11.3045
-12.1068
-9.9769
-9.75065
-10.5021
-8.6342
-8.29832
-8.99916
-7.37715
-6.94712
-7.59748
-6.2055
-5.69673
-6.29676
-5.11899
-4.54691
-5.0967
-4.11742
-3.4975
-3.99711
-3.20062
-2.5485
-2.99788
-2.3685
-1.70019
-2.09912
-1.6211
-0.953204
-1.30125
-0.958657
-0.308818
-0.605159
-0.381695
0.230866
-0.0124758
0.108903
0.66249
0.474209
0.511948
0.979961
0.850772
0.825263
1.18744
1.10915
1.04416
1.29745
1.26573
1.19158
1.32916
1.31415
-403.048
-451.541
-413.702
-341.399
-348.591
-302.216
-327.609
-331.284
-278.632
-316.967
-321.136
-268.621
-306.147
-310.19
-258.162
-295.994
-299.947
-248.8
-286.471
-290.403
-240.47
-277.448
-281.367
-232.783
-268.834
-272.733
-225.554
-260.544
-264.416
-218.666
-252.513
-256.35
-212.032
-244.693
-248.487
-205.592
-237.054
-240.799
-199.309
-229.576
-233.265
-193.16
-222.245
-225.876
-187.129
-215.053
-218.624
-181.208
-207.997
-211.505
-175.392
-201.072
-204.517
-169.678
-194.277
-197.658
-164.065
-187.612
-190.928
-158.55
-181.073
-184.326
-153.134
-174.662
-177.851
-147.817
-168.377
-171.502
-142.597
-162.217
-165.279
-137.476
-156.182
-159.181
-132.452
-150.271
-153.207
-127.525
-144.484
-147.357
-122.696
-138.819
-141.631
-117.965
-133.277
-136.027
-113.33
-127.856
-130.545
-108.792
-122.555
-125.184
-104.35
-117.376
-119.944
-100.005
-112.315
-114.823
-95.7561
-107.374
-109.822
-91.6029
-102.55
-104.94
-87.5452
-97.8444
-100.175
-83.5828
-93.2555
-95.5278
-79.7153
-88.7828
-90.9971
-75.9425
-84.4257
-86.5823
-72.264
-80.1834
-82.2828
-68.6796
-76.0555
-78.0979
-65.1888
-72.0411
-74.027
-61.7913
-68.1398
-70.0694
-58.4868
-64.3508
-66.2245
-55.275
-60.6736
-62.4917
-52.1555
-57.1075
-58.8704
-49.128
-53.652
-55.3599
-46.1921
-50.3065
-51.9598
-43.3474
-47.0704
-48.6693
-40.5937
-43.9431
-45.4879
-37.9307
-40.9241
-42.4152
-35.3578
-38.0129
-39.4504
-32.8749
-35.2089
-36.5932
-30.4816
-32.5116
-33.843
-28.1775
-29.9206
-31.1992
-25.9624
-27.4353
-28.6614
-23.8359
-25.0552
-26.2292
-21.7977
-22.78
-23.9019
-19.8475
-20.6091
-21.6792
-17.9849
-18.5421
-19.5606
-16.2098
-16.5785
-17.5457
-14.5217
-14.718
-15.6341
-12.9204
-12.9601
-13.8252
-11.4055
-11.3045
-12.1188
-9.9769
-9.75065
-10.5145
-8.6342
-8.29832
-9.01173
-7.37715
-6.94712
-7.61028
-6.2055
-5.69673
-6.30975
-5.11899
-4.54691
-5.10986
-4.11742
-3.4975
-4.01034
-3.20062
-2.5485
-3.01108
-2.3685
-1.70019
-2.11211
-1.6211
-0.953204
-1.31379
-0.958657
-0.308817
-0.616925
-0.381695
0.230867
-0.0230861
0.108903
0.662491
0.46516
0.511948
0.97996
0.84366
0.825263
1.18744
1.10417
1.04416
1.29745
1.26267
1.19158
1.32677
1.31415
-397.084
-436.995
-404.192
-338.476
-342.182
-298.335
-324.811
-325.818
-275.87
-314.359
-316.217
-266.179
-303.991
-306.241
-256.221
-294.357
-297.027
-247.412
-285.3
-288.356
-239.558
-276.652
-279.993
-232.244
-268.315
-271.847
-225.291
-260.222
-263.869
-218.594
-252.324
-256.029
-212.086
-244.593
-248.314
-205.726
-237.01
-240.719
-199.491
-229.566
-233.243
-193.367
-222.255
-225.887
-187.347
-215.075
-218.654
-181.429
-208.025
-211.545
-175.61
-201.103
-204.562
-169.889
-194.309
-197.704
-164.267
-187.643
-190.973
-158.743
-181.103
-184.369
-153.317
-174.69
-177.892
-147.99
-168.404
-171.54
-142.761
-162.242
-165.314
-137.63
-156.205
-159.214
-132.597
-150.293
-153.238
-127.663
-144.504
-147.386
-122.826
-138.838
-141.658
-118.086
-133.295
-136.052
-113.445
-127.873
-130.568
-108.9
-122.572
-125.206
-104.452
-117.391
-119.965
-100.101
-112.33
-114.844
-95.8469
-107.388
-109.842
-91.6886
-102.564
-104.959
-87.6262
-97.8584
-100.194
-83.6594
-93.2693
-95.5465
-79.7879
-88.7966
-91.0157
-76.0114
-84.4394
-86.601
-72.3294
-80.1972
-82.3016
-68.7417
-76.0694
-78.117
-65.2479
-72.0552
-74.0464
-61.8477
-68.1541
-70.0892
-58.5408
-64.3654
-66.2449
-55.3266
-60.6885
-62.5126
-52.205
-57.1228
-58.892
-49.1755
-53.6676
-55.3822
-46.2379
-50.3225
-51.9828
-43.3916
-47.0868
-48.6931
-40.6365
-43.96
-45.5126
-37.9721
-40.9415
-42.4407
-35.398
-38.0308
-39.4768
-32.914
-35.2273
-36.6205
-30.5197
-32.5306
-33.8712
-28.2148
-29.9401
-31.2284
-25.9989
-27.4553
-28.6916
-23.8717
-25.0758
-26.2602
-21.8329
-22.8011
-23.9339
-19.8821
-20.6308
-21.7122
-18.0191
-18.5643
-19.5946
-16.2434
-16.6013
-17.5806
-14.555
-14.7413
-15.6699
-12.9533
-12.984
-13.862
-11.4382
-11.3288
-12.1565
-10.0093
-9.77555
-10.5531
-8.66637
-8.32369
-9.05118
-7.4091
-6.97292
-7.65053
-6.23723
-5.72288
-6.35074
-5.15048
-4.57329
-5.15146
-4.14862
-3.52392
-4.05237
-3.23143
-2.57469
-3.05322
-2.39875
-1.72571
-2.15389
-1.65052
-0.977508
-1.3545
-0.986841
-0.331194
-0.655579
-0.408092
0.211206
-0.058383
0.0849725
0.646329
0.434769
0.491246
0.967873
0.819891
0.808592
1.17941
1.08844
1.032
1.29199
1.255
1.18338
1.32282
1.30848
-382.092
-418.313
-379.459
-329.524
-328.753
-285.255
-317.224
-314.902
-267.711
-308.099
-307.413
-260.087
-299.278
-300.069
-251.882
-291.027
-293.027
-244.555
-283.049
-285.946
-237.813
-275.188
-278.697
-231.296
-267.4
-271.303
-224.889
-259.675
-263.812
-218.553
-252.018
-256.279
-212.275
-244.44
-248.748
-206.053
-236.952
-241.257
-199.896
-229.564
-233.835
-193.811
-222.286
-226.503
-187.806
-215.124
-219.273
-181.887
-208.082
-212.156
-176.057
-201.163
-205.157
-170.321
-194.369
-198.282
-164.681
-187.7
-191.531
-159.137
-181.158
-184.906
-153.692
-174.741
-178.408
-148.345
-168.451
-172.037
-143.097
-162.286
-165.792
-137.948
-156.246
-159.672
-132.897
-150.331
-153.679
-127.946
-144.539
-147.81
-123.093
-138.871
-142.065
-118.339
-133.325
-136.444
-113.683
-127.902
-130.945
-109.125
-122.599
-125.569
-104.666
-117.417
-120.314
-100.303
-112.355
-115.18
-96.038
-107.413
-110.166
-91.8697
-102.588
-105.272
-87.798
-97.882
-100.496
-83.8226
-93.2928
-95.8375
-79.943
-88.8201
-91.2965
-76.159
-84.4631
-86.8721
-72.4701
-80.2213
-82.5634
-68.876
-76.094
-78.3698
-65.3764
-72.0804
-74.2907
-61.9707
-68.18
-70.3254
-58.6587
-64.3921
-66.4731
-55.44
-60.7161
-62.7333
-52.3141
-57.1514
-59.1054
-49.2808
-53.6973
-55.5887
-46.3395
-50.3533
-52.1826
-43.4901
-47.1188
-48.8864
-40.7319
-43.9932
-45.6998
-38.0648
-40.976
-42.6219
-35.4883
-38.0666
-39.6524
-33.0021
-35.2644
-36.7906
-30.6058
-32.569
-34.0361
-28.299
-29.9799
-31.3882
-26.0815
-27.4965
-28.8466
-23.9528
-25.1184
-26.4106
-21.9126
-22.845
-24.0799
-19.9606
-20.676
-21.8539
-18.0965
-18.6109
-19.7323
-16.3199
-16.6493
-17.7144
-14.6306
-14.7906
-15.8
-13.0281
-13.0346
-13.9886
-11.5123
-11.3807
-12.2797
-10.0827
-9.82868
-10.6731
-8.73923
-8.37802
-9.16813
-7.48141
-7.02836
-7.76458
-6.30902
-5.77932
-6.46199
-5.22175
-4.63053
-5.25996
-4.2193
-3.58166
-4.15809
-3.30138
-2.63242
-3.15597
-2.46771
-1.78268
-2.25324
-1.71801
-1.03257
-1.44961
-1.0521
-0.382768
-0.745053
-0.469971
0.16518
-0.140067
0.0281273
0.608331
0.363905
0.441633
0.94046
0.763833
0.769
1.16404
1.05184
1.00492
1.28583
1.23865
1.16832
1.31472
1.30182
-364.974
-346.494
-314.132
-267.133
-305.091
-256.836
-299.383
-252.185
-293.818
-247.336
-287.946
-242.503
-281.594
-237.411
-274.812
-231.976
-267.715
-226.255
-260.416
-220.329
-253.008
-214.277
-245.565
-208.163
-238.141
-202.038
-230.774
-195.938
-223.489
-189.89
-216.305
-183.912
-209.231
-178.015
-202.276
-172.207
-195.444
-166.493
-188.737
-160.877
-182.157
-155.361
-175.704
-149.944
-169.377
-144.629
-163.178
-139.416
-157.105
-134.304
-151.157
-129.293
-145.335
-124.383
-139.637
-119.574
-134.063
-114.866
-128.613
-110.259
-123.284
-105.751
-118.077
-101.343
-112.991
-97.0338
-108.025
-92.8235
-103.179
-88.7116
-98.4511
-84.6976
-93.8412
-80.7811
-89.3485
-76.9616
-84.9724
-73.2388
-80.7119
-69.6121
-76.5666
-66.0811
-72.5357
-62.6455
-68.6185
-59.3047
-64.8143
-56.0583
-61.1226
-52.9058
-57.5427
-49.847
-54.0739
-46.8812
-50.7157
-44.0082
-47.4674
-41.2274
-44.3285
-38.5386
-41.2984
-35.9412
-38.3765
-33.4349
-35.5623
-31.0193
-32.8553
-28.694
-30.2549
-26.4586
-27.7607
-24.3128
-25.3722
-22.2563
-23.0888
-20.2885
-20.9102
-18.4093
-18.8358
-16.6182
-16.8652
-14.9149
-14.998
-13.2991
-13.2337
-11.7705
-11.5721
-10.3288
-10.0125
-8.9736
-8.55469
-7.70463
-7.19821
-6.52157
-5.94263
-5.42411
-4.78752
-4.41188
-3.7324
-3.4845
-2.77679
-2.64153
-1.92017
-1.88244
-1.16209
-1.20662
-0.502352
-0.613356
0.058658
-0.10194
0.519406
0.328268
0.875212
0.67737
1.12645
0.942039
1.26754
1.13184
1.26604
-248.653
-307.64
-220.264
-209.837
-223.635
-165.429
-203.93
-209.645
-159.456
-200.138
-204.859
-157.366
-196.02
-199.149
-154.241
-191.968
-194.031
-151.139
-187.793
-189.279
-148.001
-183.418
-184.574
-144.722
-178.869
-179.841
-141.307
-174.19
-175.07
-137.786
-169.432
-170.273
-134.191
-164.636
-165.469
-130.553
-159.835
-160.677
-126.9
-155.055
-155.914
-123.25
-150.313
-151.194
-119.619
-145.622
-146.526
-116.018
-140.99
-141.916
-112.453
-136.424
-137.371
-108.931
-131.926
-132.892
-105.454
-127.5
-128.484
-102.025
-123.148
-124.146
-98.6468
-118.87
-119.881
-95.3201
-114.668
-115.689
-92.0461
-110.541
-111.572
-88.8257
-106.492
-107.528
-85.6596
-102.519
-103.56
-82.5483
-98.6225
-99.6667
-79.4923
-94.8036
-95.8487
-76.492
-91.0617
-92.106
-73.5477
-87.3971
-88.4389
-70.6597
-83.8096
-84.8474
-67.8283
-80.2993
-81.3316
-65.0536
-76.866
-77.8914
-62.3359
-73.5097
-74.5269
-59.6753
-70.2302
-71.2379
-57.0719
-67.0275
-68.0245
-54.5259
-63.9015
-64.8866
-52.0374
-60.8518
-61.8241
-49.6064
-57.8785
-58.8368
-47.233
-54.9813
-55.9247
-44.9172
-52.16
-53.0877
-42.6591
-49.4145
-50.3255
-40.4588
-46.7444
-47.638
-38.3162
-44.1497
-45.0251
-36.2313
-41.6302
-42.4866
-34.2042
-39.1855
-40.0223
-32.2348
-36.8155
-37.6321
-30.323
-34.5199
-35.3157
-28.469
-32.2986
-33.0729
-26.6725
-30.1513
-30.9036
-24.9336
-28.0777
-28.8076
-23.2523
-26.0777
-26.7846
-21.6284
-24.151
-24.8345
-20.0619
-22.2973
-22.957
-18.5527
-20.5165
-21.1519
-17.1008
-18.8084
-19.4191
-15.7061
-17.1726
-17.7582
-14.3685
-15.609
-16.1692
-13.088
-14.1173
-14.6518
-11.8643
-12.6973
-13.2058
-10.6975
-11.3489
-11.831
-9.5875
-10.0717
-10.5272
-8.53411
-8.86559
-9.29423
-7.53728
-7.73034
-8.13181
-6.5969
-6.66572
-7.03977
-5.71288
-5.6715
-6.01791
-4.88508
-4.74747
-5.06601
-4.11338
-3.89336
-4.18387
-3.39764
-3.10887
-3.37122
-2.73767
-2.39363
-2.6278
-2.13323
-1.74718
-1.95326
-1.58401
-1.16889
-1.34721
-1.08953
-0.657882
-0.80911
-0.649081
-0.212944
-0.338274
-0.261652
0.16767
0.0662537
0.0742755
0.486232
0.405996
0.360979
0.744196
0.682536
0.601098
0.947434
0.895117
0.795106
1.13035
1.06151
0.955758
1.25314
1.14807
-282.621
-346.657
-264.161
-223.442
-241.408
-183.077
-210.573
-217.763
-166.032
-203.87
-210.048
-160.856
-197.159
-201.862
-155.056
-191.341
-194.939
-150.18
-186.06
-189.015
-146.005
-180.997
-183.547
-142.108
-176.042
-178.333
-138.344
-171.152
-173.278
-134.654
-166.309
-168.331
-131.008
-161.51
-163.465
-127.394
-156.756
-158.668
-123.809
-152.054
-153.936
-120.255
-147.407
-149.266
-116.735
-142.82
-144.661
-113.252
-138.297
-140.122
-109.809
-133.839
-135.649
-106.407
-129.45
-131.243
-103.048
-125.129
-126.907
-99.7347
-120.879
-122.64
-96.4677
-116.7
-118.443
-93.2483
-112.593
-114.318
-90.0773
-108.559
-110.263
-86.9555
-104.597
-106.281
-83.8836
-100.708
-102.371
-80.8622
-96.8929
-98.5328
-77.892
-93.1512
-94.7678
-74.9733
-89.4833
-91.0758
-72.1068
-85.8893
-87.457
-69.2928
-82.3694
-83.9115
-66.5317
-78.9237
-80.4396
-63.8239
-75.5523
-77.0411
-61.1697
-72.2551
-73.7164
-58.5694
-69.0322
-70.4653
-56.0234
-65.8836
-67.288
-53.5317
-62.8092
-64.1845
-51.0948
-59.8091
-61.1547
-48.7128
-56.883
-58.1986
-46.3858
-54.0311
-55.3162
-44.1141
-51.2531
-52.5073
-41.8979
-48.549
-49.7721
-39.7371
-45.9187
-47.1102
-37.6321
-43.362
-44.5217
-35.5828
-40.8788
-42.0065
-33.5894
-38.4689
-39.5644
-31.652
-36.1323
-37.1952
-29.7705
-33.8687
-34.8989
-27.9452
-31.6779
-32.6753
-26.1759
-29.5599
-30.5243
-24.4628
-27.5145
-28.4457
-22.8059
-25.5414
-26.4393
-21.2051
-23.6404
-24.505
-19.6606
-21.8115
-22.6426
-18.1722
-20.0544
-20.852
-16.74
-18.3689
-19.1329
-15.3639
-16.7549
-17.4852
-14.044
-15.2121
-15.9088
-12.7802
-13.7404
-14.4033
-11.5724
-12.3396
-12.9688
-10.4207
-11.0094
-11.6049
-9.32492
-9.74977
-10.3115
-8.28506
-8.56044
-9.08845
-7.30106
-7.44124
-7.93552
-6.37284
-6.39196
-6.85254
-5.50033
-5.41242
-5.83934
-4.68346
-4.50241
-4.89571
-3.92213
-3.66173
-4.02149
-3.21624
-2.89015
-3.21647
-2.56566
-2.18743
-2.48045
-1.97026
-1.55329
-1.81324
-1.42984
-0.98743
-1.21463
-0.944145
-0.489502
-0.684443
-0.512863
-0.0590761
-0.222484
-0.135541
0.30458
0.171483
0.188531
0.6023
0.498109
0.46073
0.833457
0.757701
0.682278
1.0092
0.948472
0.852727
1.18431
1.09669
1.00069
1.28748
1.20553
-305.444
-366.354
-291.292
-235.73
-251.96
-198.529
-217.238
-223.219
-173.148
-208.04
-213.663
-164.778
-199.642
-204.193
-157.185
-192.613
-196.264
-151.09
-186.502
-189.624
-146.115
-180.883
-183.66
-141.694
-175.569
-178.112
-137.597
-170.457
-172.844
-133.707
-165.487
-167.768
-129.952
-160.624
-162.831
-126.289
-155.848
-158.001
-122.694
-151.148
-153.261
-119.156
-146.521
-148.601
-115.666
-141.963
-144.013
-112.223
-137.474
-139.497
-108.823
-133.053
-135.051
-105.467
-128.7
-130.673
-102.155
-124.417
-126.365
-98.888
-120.204
-122.125
-95.6662
-116.06
-117.956
-92.4905
-111.987
-113.856
-89.3614
-107.985
-109.827
-86.2798
-104.054
-105.868
-83.2463
-100.195
-101.981
-80.2614
-96.4078
-98.1647
-77.3258
-92.6925
-94.4201
-74.44
-89.0496
-90.7475
-71.6045
-85.4793
-87.1469
-68.8198
-81.9817
-83.6187
-66.0865
-78.5569
-80.1629
-63.4048
-75.2052
-76.7797
-60.7752
-71.9266
-73.4694
-58.1981
-68.7212
-70.2318
-55.6738
-65.5889
-67.0672
-53.2027
-62.53
-63.9755
-50.785
-59.5442
-60.9568
-48.421
-56.6317
-58.0112
-46.1109
-53.7924
-55.1385
-43.855
-51.0263
-52.3388
-41.6536
-48.3333
-49.6121
-39.5067
-45.7133
-46.9582
-37.4145
-43.1662
-44.3771
-35.3773
-40.6921
-41.8688
-33.3952
-38.2906
-39.4331
-31.4682
-35.9619
-37.07
-29.5965
-33.7056
-34.7793
-27.7802
-31.5217
-32.5609
-26.0194
-29.4101
-30.4148
-24.3142
-27.3705
-28.3407
-22.6645
-25.403
-26.3385
-21.0705
-23.5072
-24.4081
-19.5322
-21.6831
-22.5493
-18.0496
-19.9305
-20.7621
-16.6228
-18.2492
-19.0462
-15.2517
-16.6391
-17.4014
-13.9364
-15.1
-15.8277
-12.6769
-13.6317
-14.3248
-11.4731
-12.2341
-12.8926
-10.3251
-10.907
-11.5309
-9.2327
-9.65019
-10.2396
-8.196
-8.46352
-9.01847
-7.21494
-7.34682
-7.86736
-6.28945
-6.29992
-6.7861
-5.41949
-5.32263
-5.77452
-4.605
-4.41479
-4.83245
-3.84591
-3.57623
-3.95972
-3.14215
-2.80677
-3.15619
-2.49363
-2.10626
-2.42171
-1.90028
-1.47458
-1.75617
-1.362
-0.911648
-1.15951
-0.878708
-0.417425
-0.631711
-0.450296
0.00807437
-0.172862
-0.0766584
0.365012
0.216962
0.242463
0.653509
0.538034
0.507856
0.872716
0.790195
0.720096
1.03597
0.971982
0.87984
1.19986
1.11229
1.02013
1.29586
1.21451
-312.87
-371.421
-300.673
-239.449
-254.319
-203.125
-219.644
-224.58
-175.574
-209.816
-214.708
-166.427
-200.815
-204.924
-158.208
-193.275
-196.706
-151.59
-186.782
-189.845
-146.238
-180.889
-183.719
-141.554
-175.387
-178.058
-137.279
-170.155
-172.716
-133.277
-165.112
-167.593
-129.455
-160.208
-162.63
-125.759
-155.415
-157.787
-122.154
-150.713
-153.043
-118.618
-146.093
-148.384
-115.141
-141.548
-143.802
-111.715
-137.074
-139.293
-108.335
-132.671
-134.855
-105.002
-128.337
-130.487
-101.713
-124.073
-126.188
-98.4687
-119.877
-121.958
-95.2694
-115.752
-117.797
-92.1154
-111.696
-113.706
-89.0074
-107.71
-109.685
-85.9459
-103.795
-105.735
-82.9316
-99.9504
-101.855
-79.9651
-96.1771
-98.0459
-77.0468
-92.4751
-94.3082
-74.1775
-88.8448
-90.642
-71.3577
-85.2863
-87.0476
-68.5878
-81.7999
-83.5251
-65.8684
-78.3857
-80.0747
-63.1998
-75.0439
-76.6967
-60.5827
-71.7745
-73.3911
-58.0172
-68.5778
-70.158
-55.5039
-65.4537
-66.9976
-53.0431
-62.4024
-63.9099
-50.635
-59.4238
-60.8949
-48.2801
-56.5179
-57.9527
-45.9785
-53.6849
-55.0832
-43.7306
-50.9246
-52.2865
-41.5366
-48.237
-49.5626
-39.3966
-45.622
-46.9113
-37.311
-43.0797
-44.3327
-35.2798
-40.6099
-41.8267
-33.3033
-38.2125
-39.3931
-31.3815
-35.8875
-37.0319
-29.5147
-33.6347
-34.743
-27.703
-31.454
-32.5263
-25.9464
-29.3454
-30.3817
-24.245
-27.3086
-28.309
-22.5989
-25.3436
-26.3082
-21.0083
-23.4502
-24.379
-19.4731
-21.6283
-22.5214
-17.9934
-19.8777
-20.7352
-16.5692
-18.1983
-19.0202
-15.2006
-16.5899
-17.3764
-13.8875
-15.0524
-15.8035
-12.6301
-13.5856
-14.3014
-11.4282
-12.1894
-12.8699
-10.2819
-10.8635
-11.5089
-9.19118
-9.60789
-10.2182
-8.156
-8.42232
-8.99761
-7.17633
-7.30664
-7.84703
-6.25214
-6.2607
-6.76626
-5.38338
-5.28433
-5.75514
-4.57002
-4.37737
-4.81352
-3.81198
-3.53968
-3.94123
-3.10923
-2.77113
-3.13813
-2.46171
-2.07162
-2.40412
-1.86937
-1.44109
-1.73911
-1.33218
-0.879571
-1.14308
-0.850116
-0.387149
-0.616066
-0.423183
0.0360251
-0.158231
-0.0513899
0.389984
0.230282
0.265397
0.67472
0.549686
0.527847
0.889461
0.799754
0.736406
1.0483
0.979168
0.892209
1.20828
1.11743
1.02953
1.29913
1.22015
-312.87
-366.354
-300.673
-239.449
-251.96
-203.125
-219.644
-223.219
-175.574
-209.816
-213.663
-166.427
-200.815
-204.193
-158.208
-193.275
-196.264
-151.59
-186.782
-189.624
-146.238
-180.889
-183.66
-141.554
-175.387
-178.112
-137.279
-170.155
-172.844
-133.277
-165.112
-167.768
-129.455
-160.208
-162.831
-125.759
-155.415
-158.001
-122.154
-150.713
-153.261
-118.618
-146.093
-148.601
-115.141
-141.548
-144.013
-111.715
-137.074
-139.497
-108.335
-132.671
-135.051
-105.002
-128.337
-130.673
-101.713
-124.073
-126.365
-98.4687
-119.877
-122.125
-95.2694
-115.752
-117.956
-92.1154
-111.696
-113.856
-89.0074
-107.71
-109.827
-85.9459
-103.795
-105.868
-82.9316
-99.9504
-101.981
-79.9651
-96.1771
-98.1647
-77.0468
-92.4751
-94.4201
-74.1775
-88.8448
-90.7475
-71.3577
-85.2863
-87.1469
-68.5878
-81.7999
-83.6187
-65.8684
-78.3857
-80.1629
-63.1998
-75.0439
-76.7797
-60.5827
-71.7745
-73.4694
-58.0172
-68.5778
-70.2318
-55.5039
-65.4537
-67.0672
-53.0431
-62.4024
-63.9755
-50.635
-59.4238
-60.9568
-48.2801
-56.5179
-58.0112
-45.9785
-53.6849
-55.1385
-43.7306
-50.9246
-52.3388
-41.5366
-48.237
-49.612
-39.3966
-45.622
-46.9582
-37.311
-43.0797
-44.3771
-35.2798
-40.6099
-41.8688
-33.3033
-38.2125
-39.4331
-31.3815
-35.8875
-37.07
-29.5147
-33.6347
-34.7793
-27.703
-31.454
-32.5609
-25.9464
-29.3454
-30.4148
-24.245
-27.3086
-28.3407
-22.5989
-25.3436
-26.3385
-21.0083
-23.4502
-24.4081
-19.4731
-21.6283
-22.5493
-17.9934
-19.8777
-20.7621
-16.5692
-18.1983
-19.0462
-15.2006
-16.5899
-17.4014
-13.8875
-15.0524
-15.8277
-12.6301
-13.5856
-14.3248
-11.4282
-12.1894
-12.8926
-10.2819
-10.8635
-11.5309
-9.19118
-9.60789
-10.2396
-8.156
-8.42232
-9.01847
-7.17633
-7.30664
-7.86736
-6.25214
-6.2607
-6.7861
-5.38338
-5.28433
-5.77452
-4.57002
-4.37737
-4.83245
-3.81198
-3.53968
-3.95972
-3.10923
-2.77113
-3.15619
-2.46171
-2.07162
-2.42171
-1.86937
-1.44109
-1.75617
-1.33218
-0.879571
-1.15951
-0.850116
-0.387149
-0.631711
-0.423183
0.0360252
-0.172862
-0.0513899
0.389984
0.216962
0.265397
0.67472
0.538034
0.527848
0.889461
0.790195
0.736406
1.0483
0.971982
0.892209
1.20828
1.11229
1.02953
1.29586
1.22015
-305.444
-346.657
-291.292
-235.73
-241.408
-198.529
-217.238
-217.763
-173.148
-208.04
-210.048
-164.778
-199.642
-201.862
-157.185
-192.613
-194.939
-151.09
-186.502
-189.015
-146.115
-180.883
-183.547
-141.694
-175.569
-178.333
-137.597
-170.457
-173.278
-133.707
-165.487
-168.331
-129.952
-160.624
-163.465
-126.289
-155.848
-158.668
-122.694
-151.148
-153.936
-119.156
-146.521
-149.266
-115.666
-141.963
-144.661
-112.223
-137.474
-140.122
-108.823
-133.053
-135.649
-105.467
-128.7
-131.243
-102.155
-124.417
-126.907
-98.888
-120.204
-122.64
-95.6662
-116.06
-118.443
-92.4905
-111.987
-114.318
-89.3614
-107.985
-110.263
-86.2798
-104.054
-106.281
-83.2463
-100.195
-102.371
-80.2614
-96.4078
-98.5328
-77.3258
-92.6925
-94.7678
-74.44
-89.0496
-91.0758
-71.6045
-85.4793
-87.457
-68.8198
-81.9817
-83.9115
-66.0865
-78.5569
-80.4396
-63.4048
-75.2052
-77.0411
-60.7752
-71.9266
-73.7164
-58.1981
-68.7212
-70.4653
-55.6738
-65.5889
-67.288
-53.2027
-62.53
-64.1845
-50.785
-59.5442
-61.1547
-48.421
-56.6317
-58.1986
-46.1109
-53.7924
-55.3162
-43.855
-51.0263
-52.5073
-41.6536
-48.3333
-49.7721
-39.5067
-45.7133
-47.1102
-37.4145
-43.1662
-44.5217
-35.3773
-40.6921
-42.0065
-33.3952
-38.2906
-39.5644
-31.4682
-35.9619
-37.1952
-29.5965
-33.7056
-34.8989
-27.7802
-31.5217
-32.6753
-26.0194
-29.4101
-30.5243
-24.3142
-27.3705
-28.4457
-22.6645
-25.403
-26.4393
-21.0705
-23.5072
-24.505
-19.5322
-21.6831
-22.6426
-18.0496
-19.9305
-20.852
-16.6228
-18.2492
-19.1329
-15.2517
-16.6391
-17.4852
-13.9364
-15.1
-15.9088
-12.6769
-13.6317
-14.4033
-11.4731
-12.2341
-12.9688
-10.3251
-10.907
-11.6049
-9.23269
-9.65019
-10.3115
-8.196
-8.46352
-9.08845
-7.21494
-7.34682
-7.93552
-6.28945
-6.29992
-6.85254
-5.41949
-5.32263
-5.83934
-4.605
-4.41479
-4.89571
-3.84591
-3.57623
-4.02149
-3.14215
-2.80677
-3.21647
-2.49363
-2.10626
-2.48045
-1.90028
-1.47458
-1.81324
-1.362
-0.911648
-1.21464
-0.878708
-0.417425
-0.684443
-0.450296
0.00807449
-0.222484
-0.0766584
0.365012
0.171483
0.242463
0.653509
0.498109
0.507856
0.872716
0.757701
0.720096
1.03597
0.948473
0.87984
1.19986
1.09669
1.02013
1.28748
1.21451
-282.621
-307.64
-264.161
-223.442
-223.635
-183.077
-210.573
-209.645
-166.032
-203.87
-204.859
-160.856
-197.159
-199.149
-155.056
-191.341
-194.031
-150.18
-186.06
-189.279
-146.005
-180.997
-184.574
-142.108
-176.042
-179.841
-138.344
-171.152
-175.07
-134.654
-166.309
-170.273
-131.008
-161.51
-165.469
-127.394
-156.756
-160.677
-123.809
-152.054
-155.914
-120.255
-147.407
-151.194
-116.735
-142.82
-146.526
-113.252
-138.297
-141.916
-109.809
-133.839
-137.371
-106.407
-129.45
-132.892
-103.048
-125.129
-128.484
-99.7347
-120.879
-124.146
-96.4677
-116.7
-119.881
-93.2483
-112.593
-115.689
-90.0773
-108.559
-111.572
-86.9555
-104.597
-107.528
-83.8836
-100.708
-103.56
-80.8622
-96.8929
-99.6667
-77.892
-93.1512
-95.8487
-74.9733
-89.4833
-92.106
-72.1068
-85.8893
-88.4389
-69.2928
-82.3694
-84.8474
-66.5317
-78.9237
-81.3316
-63.8239
-75.5523
-77.8914
-61.1697
-72.2551
-74.5269
-58.5694
-69.0322
-71.2379
-56.0234
-65.8836
-68.0245
-53.5317
-62.8092
-64.8866
-51.0948
-59.8091
-61.8241
-48.7128
-56.883
-58.8368
-46.3858
-54.0311
-55.9247
-44.1141
-51.2531
-53.0877
-41.8979
-48.549
-50.3255
-39.7371
-45.9187
-47.638
-37.6321
-43.362
-45.0251
-35.5828
-40.8788
-42.4866
-33.5894
-38.4689
-40.0223
-31.652
-36.1323
-37.6321
-29.7705
-33.8687
-35.3157
-27.9452
-31.6779
-33.0729
-26.1759
-29.5599
-30.9036
-24.4628
-27.5145
-28.8076
-22.8059
-25.5414
-26.7846
-21.2051
-23.6404
-24.8345
-19.6606
-21.8115
-22.957
-18.1722
-20.0544
-21.1519
-16.74
-18.3689
-19.4191
-15.3639
-16.7549
-17.7582
-14.044
-15.2121
-16.1692
-12.7802
-13.7404
-14.6518
-11.5724
-12.3396
-13.2058
-10.4207
-11.0094
-11.831
-9.32492
-9.74977
-10.5272
-8.28506
-8.56044
-9.29423
-7.30106
-7.44124
-8.13181
-6.37284
-6.39196
-7.03977
-5.50033
-5.41242
-6.01791
-4.68346
-4.50241
-5.06601
-3.92213
-3.66173
-4.18387
-3.21624
-2.89015
-3.37122
-2.56566
-2.18743
-2.6278
-1.97026
-1.55329
-1.95326
-1.42984
-0.98743
-1.34721
-0.944146
-0.489503
-0.80911
-0.512863
-0.059076
-0.338274
-0.135541
0.30458
0.0662537
0.188532
0.602301
0.405996
0.46073
0.833458
0.682537
0.682279
1.0092
0.895117
0.852728
1.1843
1.06151
1.00069
1.25314
1.20553
-248.653
-220.264
-209.837
-165.429
-203.93
-159.456
-200.138
-157.366
-196.02
-154.241
-191.968
-151.139
-187.793
-148.001
-183.418
-144.722
-178.869
-141.307
-174.19
-137.786
-169.432
-134.191
-164.636
-130.553
-159.835
-126.9
-155.055
-123.25
-150.313
-119.619
-145.622
-116.018
-140.99
-112.453
-136.424
-108.931
-131.926
-105.454
-127.5
-102.025
-123.148
-98.6468
-118.87
-95.3201
-114.668
-92.0461
-110.541
-88.8257
-106.492
-85.6596
-102.519
-82.5483
-98.6225
-79.4923
-94.8036
-76.492
-91.0617
-73.5477
-87.3971
-70.6597
-83.8096
-67.8283
-80.2993
-65.0536
-76.866
-62.3359
-73.5097
-59.6753
-70.2302
-57.0719
-67.0275
-54.5259
-63.9015
-52.0374
-60.8518
-49.6064
-57.8785
-47.2329
-54.9813
-44.9172
-52.16
-42.6591
-49.4145
-40.4588
-46.7444
-38.3162
-44.1497
-36.2313
-41.6302
-34.2042
-39.1855
-32.2348
-36.8155
-30.323
-34.5199
-28.4689
-32.2986
-26.6725
-30.1513
-24.9336
-28.0777
-23.2523
-26.0777
-21.6284
-24.151
-20.0619
-22.2973
-18.5527
-20.5165
-17.1008
-18.8084
-15.7061
-17.1726
-14.3685
-15.609
-13.088
-14.1173
-11.8643
-12.6973
-10.6975
-11.3489
-9.5875
-10.0717
-8.53411
-8.86559
-7.53728
-7.73034
-6.5969
-6.66572
-5.71288
-5.6715
-4.88507
-4.74747
-4.11338
-3.89336
-3.39764
-3.10887
-2.73767
-2.39363
-2.13323
-1.74718
-1.58401
-1.16889
-1.08952
-0.657881
-0.64908
-0.212944
-0.261652
0.16767
0.0742755
0.486232
0.360979
0.744196
0.601098
0.947434
0.795106
1.13035
0.955757
1.14807
-137.041
-176.785
-96.2077
-115.048
-124.872
-71.6848
-112.892
-115.843
-70.0953
-111.469
-113.362
-70.0459
-109.36
-110.149
-68.9628
-107.172
-107.289
-67.6732
-104.93
-104.727
-66.3222
-102.611
-102.255
-64.9184
-100.224
-99.8103
-63.48
-97.786
-97.3699
-62.0193
-95.3117
-94.9256
-60.5442
-92.817
-92.4782
-59.0608
-90.3146
-90.0317
-57.5736
-87.8145
-87.5911
-56.0859
-85.3242
-85.1607
-54.6003
-82.8492
-82.7445
-53.1188
-80.3937
-80.3456
-51.6431
-77.9607
-77.9665
-50.1746
-75.5528
-75.6095
-48.7149
-73.1717
-73.2764
-47.2651
-70.819
-70.9685
-45.8265
-68.4961
-68.6873
-44.4002
-66.2041
-66.434
-42.9871
-63.9438
-64.2094
-41.5883
-61.7162
-62.0146
-40.2045
-59.522
-59.8504
-38.8366
-57.3617
-57.7175
-37.4852
-55.2361
-55.6166
-36.151
-53.1457
-53.5484
-34.8346
-51.0909
-51.5136
-33.5366
-49.0723
-49.5125
-32.2575
-47.0903
-47.5459
-30.9979
-45.1452
-45.6142
-29.7581
-43.2376
-43.7179
-28.5388
-41.3676
-41.8574
-27.3402
-39.5357
-40.0331
-26.1629
-37.7423
-38.2456
-25.0071
-35.9875
-36.495
-23.8735
-34.2716
-34.7819
-22.7621
-32.595
-33.1066
-21.6736
-30.9579
-31.4693
-20.6081
-29.3605
-29.8705
-19.566
-27.8031
-28.3103
-18.5476
-26.2858
-26.789
-17.5532
-24.8088
-25.307
-16.5831
-23.3723
-23.8644
-15.6375
-21.9765
-22.4615
-14.7168
-20.6215
-21.0984
-13.8211
-19.3075
-19.7755
-12.9507
-18.0346
-18.4928
-12.1058
-16.8029
-17.2506
-11.2866
-15.6126
-16.0489
-10.4933
-14.4636
-14.888
-9.72608
-13.3562
-13.768
-8.98515
-12.2904
-12.6889
-8.27064
-11.2663
-11.651
-7.58272
-10.2839
-10.6543
-6.92151
-9.34334
-9.69894
-6.28717
-8.44459
-8.78494
-5.6798
-7.58771
-7.91239
-5.09952
-6.77273
-7.08138
-4.54644
-5.99969
-6.29193
-4.02064
-5.26859
-5.54411
-3.52222
-4.57944
-4.83793
-3.05124
-3.93223
-4.17344
-2.60778
-3.32695
-3.55062
-2.19188
-2.76354
-2.96949
-1.80358
-2.24195
-2.43001
-1.44289
-1.76204
-1.93211
-1.10979
-1.32361
-1.4757
-0.80423
-0.926352
-1.06058
-0.52608
-0.569716
-0.686461
-0.275092
-0.252852
-0.352834
-0.050832
0.0255674
-0.0589193
0.147394
0.267585
0.196553
0.320676
0.475845
0.415713
0.470707
0.652008
0.60084
0.599173
0.80343
0.752717
0.70518
0.973479
0.894933
0.801861
1.10046
0.960975
-164.616
-208.796
-123.043
-125.667
-140.198
-81.6772
-116.314
-121.417
-72.034
-112.042
-115.585
-69.4509
-108.078
-110.38
-66.7556
-104.843
-106.331
-64.5955
-102.052
-103.104
-62.8569
-99.4549
-100.255
-61.3042
-96.9559
-97.6087
-59.8497
-94.5095
-95.083
-58.4512
-92.0921
-92.6282
-57.0828
-89.6929
-90.2169
-55.7298
-87.3082
-87.8352
-54.3848
-84.9373
-85.4758
-53.0438
-82.581
-83.1356
-51.7052
-80.2408
-80.8135
-50.3685
-77.9184
-78.5097
-49.0341
-75.6153
-76.2248
-47.7028
-73.3331
-73.9599
-46.3754
-71.0732
-71.716
-45.053
-68.8368
-69.4942
-43.7367
-66.6252
-67.2956
-42.4274
-64.4393
-65.1212
-41.1263
-62.2802
-62.972
-39.8343
-60.1488
-60.849
-38.5522
-58.0459
-58.753
-37.2811
-55.9724
-56.6849
-36.0217
-53.929
-54.6454
-34.7749
-51.9163
-52.6354
-33.5413
-49.9352
-50.6556
-32.3218
-47.9862
-48.7066
-31.117
-46.0699
-46.7891
-29.9276
-44.1869
-44.9038
-28.7542
-42.3377
-43.0512
-27.5975
-40.5229
-41.2318
-26.4582
-38.743
-39.4464
-25.3366
-36.9984
-37.6953
-24.2335
-35.2895
-35.979
-23.1493
-33.6169
-34.2981
-22.0846
-31.9809
-32.653
-21.0398
-30.3819
-31.0441
-20.0154
-28.8202
-29.4717
-19.0119
-27.2962
-27.9364
-18.0298
-25.8102
-26.4384
-17.0693
-24.3626
-24.9781
-16.131
-22.9536
-23.5558
-15.2152
-21.5834
-22.1719
-14.3223
-20.2524
-20.8265
-13.4526
-18.9608
-19.52
-12.6065
-17.7088
-18.2527
-11.7843
-16.4966
-17.0247
-10.9862
-15.3243
-15.8363
-10.2127
-14.1923
-14.6878
-9.46382
-13.1007
-13.5792
-8.73997
-12.0495
-12.5108
-8.04137
-11.039
-11.4828
-7.36822
-10.0693
-10.4952
-6.72076
-9.14053
-9.54834
-6.09919
-8.25274
-8.64221
-5.50368
-7.40606
-7.77697
-4.93441
-6.60057
-6.95272
-4.39156
-5.83635
-6.16955
-3.87526
-5.11345
-5.42755
-3.38565
-4.43193
-4.72677
-2.92286
-3.79183
-4.06728
-2.487
-3.19316
-3.44912
-2.07816
-2.63595
-2.87232
-1.69644
-2.12017
-2.3369
-1.34188
-1.64577
-1.84283
-1.01454
-1.21267
-1.39009
-0.714413
-0.820691
-0.9786
-0.441476
-0.469579
-0.608218
-0.195625
-0.158902
-0.278716
0.0233344
0.112067
0.010285
0.21574
0.344682
0.259511
0.382237
0.540708
0.470477
0.524113
0.701549
0.644674
0.642198
0.844219
0.784095
0.736352
1.02191
0.924129
0.837008
1.13256
1.00122
-184.378
-225.612
-140.158
-135.947
-149.694
-91.2087
-120.687
-125.503
-75.5425
-113.923
-117.541
-70.5552
-108.633
-111.2
-66.6811
-104.592
-106.416
-63.8327
-101.307
-102.728
-61.7014
-98.4084
-99.588
-59.9294
-95.7358
-96.7647
-58.3629
-93.2016
-94.1401
-56.9218
-90.753
-91.6392
-55.5549
-88.3591
-89.2169
-54.2309
-86.0027
-86.8467
-52.9314
-83.674
-84.5129
-51.6454
-81.368
-82.2068
-50.367
-79.0823
-79.9236
-49.0928
-76.8161
-77.661
-47.8214
-74.5693
-75.4181
-46.5524
-72.3427
-73.1951
-45.2861
-70.1369
-70.9922
-44.0231
-67.9529
-68.8103
-42.7641
-65.7916
-66.6501
-41.5101
-63.6539
-64.5127
-40.2618
-61.5408
-62.3988
-39.0203
-59.4532
-60.3095
-37.7865
-57.392
-58.2456
-36.5613
-55.3579
-56.2079
-35.3455
-53.3519
-54.1973
-34.14
-51.3747
-52.2147
-32.9457
-49.427
-50.2607
-31.7633
-47.5096
-48.3362
-30.5936
-45.623
-46.4417
-29.4374
-43.7681
-44.5781
-28.2953
-41.9453
-42.746
-27.1682
-40.1553
-40.9459
-26.0566
-38.3987
-39.1786
-24.9612
-36.676
-37.4445
-23.8827
-34.9876
-35.7442
-22.8216
-33.3342
-34.0783
-21.7786
-31.7162
-32.4471
-20.7541
-30.134
-30.8513
-19.7488
-28.588
-29.2912
-18.7632
-27.0786
-27.7673
-17.7977
-25.6063
-26.28
-16.8528
-24.1713
-24.8297
-15.929
-22.7741
-23.4166
-15.0268
-21.4149
-22.0413
-14.1465
-20.0941
-20.7039
-13.2885
-18.8119
-19.4048
-12.4533
-17.5686
-18.1444
-11.6412
-16.3645
-16.9228
-10.8525
-15.1997
-15.7403
-10.0877
-14.0746
-14.5972
-9.34686
-12.9893
-13.4936
-8.63046
-11.944
-12.4299
-7.93873
-10.939
-11.4062
-7.27195
-9.97423
-10.4226
-6.63035
-9.05001
-9.47931
-6.01418
-8.16644
-8.57653
-5.42365
-7.32363
-7.71437
-4.85898
-6.5217
-6.89296
-4.32035
-5.76075
-6.1124
-3.80795
-5.04087
-5.37279
-3.32193
-4.36212
-4.67423
-2.86245
-3.72458
-4.01677
-2.42963
-3.12828
-3.4005
-2.02361
-2.57327
-2.82545
-1.64449
-2.05956
-2.29166
-1.29236
-1.58715
-1.79916
-0.967286
-1.15602
-1.34795
-0.669332
-0.766127
-0.938013
-0.398524
-0.417356
-0.569317
-0.154855
-0.10953
-0.241767
0.0617286
0.15773
0.0448139
0.251358
0.385307
0.290898
0.414398
0.574444
0.49767
0.551747
0.72722
0.666308
0.663854
0.864005
0.800067
0.752449
1.03478
0.937379
0.851251
1.1388
1.00108
-190.928
-229.925
-146.118
-139.25
-151.932
-94.2508
-122.357
-126.568
-76.8293
-114.818
-118.145
-71.1092
-108.983
-111.491
-66.7479
-104.553
-106.475
-63.5551
-101.009
-102.63
-61.2057
-97.9442
-99.3882
-59.3012
-95.169
-96.5003
-57.6597
-92.5776
-93.8377
-56.1829
-90.1031
-91.3175
-54.8064
-87.7045
-88.8887
-53.4898
-85.3569
-86.5202
-52.2082
-83.0457
-84.1936
-50.9466
-80.7624
-81.8979
-49.6961
-78.5023
-79.627
-48.4518
-76.2631
-77.3776
-47.2111
-74.0439
-75.1485
-45.9728
-71.8445
-72.9392
-44.7367
-69.6655
-70.7499
-43.5032
-67.5075
-68.5812
-42.2728
-65.3712
-66.4338
-41.0462
-63.2576
-64.3086
-39.8244
-61.1675
-62.2066
-38.6082
-59.1019
-60.1285
-37.3985
-57.0615
-58.0753
-36.1963
-55.0473
-56.0478
-35.0024
-53.0601
-54.0469
-33.8177
-51.1007
-52.0734
-32.6431
-49.1698
-50.128
-31.4794
-47.2683
-48.2117
-30.3274
-45.3968
-46.325
-29.1879
-43.556
-44.4687
-28.0617
-41.7466
-42.6434
-26.9495
-39.9692
-40.8498
-25.8519
-38.2244
-39.0885
-24.7698
-36.5127
-37.3602
-23.7038
-34.8348
-35.6653
-22.6544
-33.1912
-34.0044
-21.6224
-31.5823
-32.378
-20.6083
-30.0086
-30.7866
-19.6127
-28.4706
-29.2306
-18.6361
-26.9687
-27.7106
-17.6791
-25.5034
-26.2269
-16.7422
-24.075
-24.7799
-15.8259
-22.6838
-23.37
-14.9306
-21.3302
-21.9976
-14.0567
-20.0146
-20.6629
-13.2048
-18.7373
-19.3664
-12.3752
-17.4985
-18.1083
-11.5683
-16.2986
-16.8888
-10.7845
-15.1377
-15.7084
-10.0241
-14.0162
-14.5671
-9.28753
-12.9342
-13.4653
-8.575
-11.892
-12.4032
-7.88686
-10.8898
-11.3809
-7.22339
-9.92764
-10.3986
-6.58486
-9.00583
-9.45664
-5.97152
-8.12447
-8.55502
-5.38362
-7.2837
-7.69392
-4.82136
-6.48366
-6.87348
-4.28497
-5.72444
-6.09383
-3.77463
-5.00615
-5.35505
-3.29051
-4.32888
-4.65725
-2.83278
-3.6927
-4.00051
-2.40159
-3.09767
-3.38489
-1.99708
-2.54384
-2.81045
-1.61935
-2.03126
-2.27724
-1.26853
-1.55995
-1.78529
-0.944698
-1.12993
-1.33462
-0.647936
-0.741202
-0.925247
-0.378305
-0.393728
-0.557157
-0.135844
-0.0874239
-0.230299
0.0794439
0.177982
0.0554516
0.267616
0.403261
0.300513
0.428962
0.589534
0.506009
0.564282
0.739154
0.673059
0.673916
0.873441
0.805249
0.760243
1.04141
0.941633
0.857759
1.14118
1.00285
-190.928
-225.612
-146.118
-139.25
-149.694
-94.2508
-122.357
-125.503
-76.8293
-114.818
-117.541
-71.1092
-108.983
-111.2
-66.7479
-104.553
-106.416
-63.5551
-101.009
-102.728
-61.2057
-97.9442
-99.588
-59.3012
-95.169
-96.7647
-57.6597
-92.5776
-94.1401
-56.1829
-90.1031
-91.6392
-54.8064
-87.7045
-89.2169
-53.4898
-85.3569
-86.8467
-52.2082
-83.0457
-84.5129
-50.9466
-80.7624
-82.2068
-49.6961
-78.5023
-79.9236
-48.4518
-76.2631
-77.661
-47.2111
-74.0439
-75.4181
-45.9728
-71.8445
-73.1951
-44.7367
-69.6655
-70.9922
-43.5032
-67.5075
-68.8103
-42.2728
-65.3712
-66.6501
-41.0462
-63.2576
-64.5127
-39.8244
-61.1675
-62.3988
-38.6082
-59.1019
-60.3095
-37.3985
-57.0615
-58.2456
-36.1963
-55.0473
-56.2079
-35.0024
-53.0601
-54.1973
-33.8177
-51.1007
-52.2147
-32.6431
-49.1698
-50.2607
-31.4794
-47.2683
-48.3362
-30.3274
-45.3968
-46.4417
-29.1879
-43.556
-44.5781
-28.0617
-41.7466
-42.746
-26.9495
-39.9692
-40.9459
-25.8519
-38.2244
-39.1786
-24.7698
-36.5127
-37.4445
-23.7038
-34.8348
-35.7442
-22.6544
-33.1912
-34.0783
-21.6224
-31.5823
-32.4471
-20.6083
-30.0086
-30.8513
-19.6127
-28.4706
-29.2912
-18.6361
-26.9687
-27.7673
-17.6791
-25.5034
-26.28
-16.7422
-24.075
-24.8297
-15.8259
-22.6838
-23.4166
-14.9306
-21.3302
-22.0413
-14.0567
-20.0146
-20.7039
-13.2048
-18.7373
-19.4048
-12.3752
-17.4985
-18.1444
-11.5683
-16.2986
-16.9228
-10.7845
-15.1377
-15.7403
-10.0241
-14.0162
-14.5972
-9.28753
-12.9342
-13.4936
-8.575
-11.892
-12.4299
-7.88686
-10.8898
-11.4062
-7.22339
-9.92764
-10.4226
-6.58486
-9.00583
-9.47931
-5.97152
-8.12447
-8.57653
-5.38362
-7.2837
-7.71437
-4.82136
-6.48366
-6.89296
-4.28497
-5.72444
-6.1124
-3.77463
-5.00615
-5.37279
-3.29051
-4.32888
-4.67423
-2.83278
-3.6927
-4.01677
-2.40159
-3.09767
-3.4005
-1.99708
-2.54384
-2.82545
-1.61935
-2.03126
-2.29166
-1.26853
-1.55995
-1.79916
-0.944698
-1.12993
-1.34795
-0.647936
-0.741202
-0.938013
-0.378305
-0.393728
-0.569317
-0.135844
-0.0874239
-0.241767
0.0794438
0.177982
0.044814
0.267616
0.403261
0.290898
0.428962
0.589534
0.49767
0.564282
0.739154
0.666308
0.673916
0.873441
0.800067
0.760243
1.04141
0.937379
0.857759
1.1388
1.00285
-184.378
-208.796
-140.158
-135.947
-140.198
-91.2087
-120.687
-121.417
-75.5425
-113.923
-115.585
-70.5552
-108.633
-110.38
-66.6811
-104.592
-106.331
-63.8327
-101.307
-103.104
-61.7014
-98.4085
-100.255
-59.9294
-95.7358
-97.6087
-58.3629
-93.2016
-95.083
-56.9218
-90.753
-92.6282
-55.5549
-88.3591
-90.2169
-54.2309
-86.0027
-87.8352
-52.9314
-83.674
-85.4758
-51.6454
-81.368
-83.1356
-50.367
-79.0823
-80.8135
-49.0928
-76.8161
-78.5097
-47.8214
-74.5693
-76.2248
-46.5524
-72.3427
-73.9599
-45.2861
-70.1369
-71.716
-44.0231
-67.9529
-69.4942
-42.7641
-65.7916
-67.2956
-41.5101
-63.6539
-65.1212
-40.2618
-61.5408
-62.972
-39.0203
-59.4532
-60.849
-37.7865
-57.392
-58.753
-36.5613
-55.3579
-56.6849
-35.3455
-53.3519
-54.6454
-34.14
-51.3747
-52.6354
-32.9457
-49.427
-50.6556
-31.7633
-47.5096
-48.7066
-30.5936
-45.623
-46.7891
-29.4374
-43.7681
-44.9038
-28.2953
-41.9453
-43.0512
-27.1682
-40.1553
-41.2318
-26.0566
-38.3987
-39.4464
-24.9612
-36.676
-37.6953
-23.8827
-34.9876
-35.979
-22.8216
-33.3342
-34.2981
-21.7786
-31.7162
-32.653
-20.7541
-30.134
-31.0441
-19.7488
-28.588
-29.4717
-18.7632
-27.0786
-27.9364
-17.7977
-25.6063
-26.4384
-16.8528
-24.1713
-24.9781
-15.929
-22.7741
-23.5558
-15.0268
-21.4149
-22.1719
-14.1465
-20.0941
-20.8265
-13.2885
-18.8119
-19.52
-12.4533
-17.5686
-18.2527
-11.6412
-16.3645
-17.0247
-10.8525
-15.1997
-15.8363
-10.0877
-14.0746
-14.6878
-9.34686
-12.9893
-13.5792
-8.63046
-11.944
-12.5108
-7.93873
-10.939
-11.4828
-7.27195
-9.97423
-10.4952
-6.63035
-9.05001
-9.54834
-6.01418
-8.16644
-8.64221
-5.42365
-7.32363
-7.77697
-4.85898
-6.5217
-6.95272
-4.32035
-5.76075
-6.16955
-3.80795
-5.04087
-5.42755
-3.32193
-4.36212
-4.72677
-2.86245
-3.72458
-4.06728
-2.42963
-3.12828
-3.44912
-2.02361
-2.57327
-2.87232
-1.64449
-2.05956
-2.3369
-1.29236
-1.58715
-1.84283
-0.967286
-1.15602
-1.39009
-0.669332
-0.766127
-0.9786
-0.398524
-0.417356
-0.608219
-0.154855
-0.10953
-0.278716
0.0617286
0.15773
0.0102849
0.251358
0.385307
0.259511
0.414398
0.574444
0.470478
0.551747
0.72722
0.644674
0.663854
0.864005
0.784095
0.752449
1.03478
0.924129
0.851251
1.13256
1.00108
-164.616
-176.785
-123.043
-125.667
-124.872
-81.6772
-116.314
-115.843
-72.034
-112.042
-113.362
-69.4509
-108.078
-110.149
-66.7556
-104.843
-107.289
-64.5955
-102.052
-104.727
-62.8569
-99.4549
-102.255
-61.3042
-96.9559
-99.8103
-59.8497
-94.5095
-97.3699
-58.4512
-92.0921
-94.9256
-57.0828
-89.6929
-92.4782
-55.7298
-87.3082
-90.0317
-54.3848
-84.9373
-87.5911
-53.0438
-82.581
-85.1607
-51.7052
-80.2408
-82.7445
-50.3685
-77.9184
-80.3456
-49.0341
-75.6153
-77.9665
-47.7028
-73.3331
-75.6095
-46.3754
-71.0732
-73.2764
-45.053
-68.8368
-70.9685
-43.7367
-66.6252
-68.6873
-42.4274
-64.4393
-66.434
-41.1263
-62.2802
-64.2094
-39.8343
-60.1488
-62.0146
-38.5522
-58.0459
-59.8504
-37.2811
-55.9724
-57.7175
-36.0217
-53.929
-55.6166
-34.7749
-51.9163
-53.5484
-33.5413
-49.9352
-51.5136
-32.3218
-47.9862
-49.5125
-31.117
-46.0699
-47.5459
-29.9276
-44.1869
-45.6142
-28.7542
-42.3377
-43.7179
-27.5975
-40.5229
-41.8574
-26.4582
-38.743
-40.0331
-25.3366
-36.9984
-38.2456
-24.2335
-35.2895
-36.495
-23.1493
-33.6169
-34.7819
-22.0846
-31.9809
-33.1066
-21.0398
-30.3819
-31.4693
-20.0154
-28.8202
-29.8705
-19.0119
-27.2962
-28.3103
-18.0298
-25.8102
-26.789
-17.0693
-24.3626
-25.307
-16.131
-22.9536
-23.8644
-15.2152
-21.5834
-22.4615
-14.3223
-20.2524
-21.0984
-13.4526
-18.9608
-19.7755
-12.6065
-17.7088
-18.4928
-11.7843
-16.4966
-17.2506
-10.9862
-15.3243
-16.0489
-10.2127
-14.1923
-14.888
-9.46382
-13.1007
-13.768
-8.73997
-12.0495
-12.6889
-8.04137
-11.039
-11.651
-7.36822
-10.0693
-10.6543
-6.72076
-9.14053
-9.69894
-6.09919
-8.25274
-8.78494
-5.50368
-7.40606
-7.91239
-4.93441
-6.60057
-7.08138
-4.39156
-5.83635
-6.29193
-3.87526
-5.11345
-5.54411
-3.38565
-4.43193
-4.83793
-2.92286
-3.79183
-4.17344
-2.487
-3.19316
-3.55062
-2.07816
-2.63595
-2.96949
-1.69644
-2.12017
-2.43001
-1.34188
-1.64577
-1.93211
-1.01454
-1.21267
-1.4757
-0.714413
-0.820691
-1.06058
-0.441476
-0.469579
-0.68646
-0.195625
-0.158902
-0.352834
0.0233343
0.112067
-0.0589192
0.21574
0.344682
0.196553
0.382237
0.540708
0.415714
0.524114
0.701549
0.60084
0.642198
0.84422
0.752717
0.736353
1.02191
0.894932
0.837008
1.10046
1.00122
-137.041
-96.2077
-115.048
-71.6848
-112.892
-70.0953
-111.469
-70.0459
-109.36
-68.9628
-107.172
-67.6732
-104.93
-66.3222
-102.611
-64.9184
-100.224
-63.48
-97.786
-62.0193
-95.3117
-60.5442
-92.817
-59.0608
-90.3146
-57.5736
-87.8145
-56.0859
-85.3242
-54.6003
-82.8492
-53.1188
-80.3937
-51.6431
-77.9607
-50.1746
-75.5528
-48.7149
-73.1717
-47.2651
-70.819
-45.8265
-68.4961
-44.4002
-66.2041
-42.9871
-63.9438
-41.5883
-61.7162
-40.2045
-59.522
-38.8366
-57.3617
-37.4852
-55.2361
-36.151
-53.1457
-34.8346
-51.0909
-33.5366
-49.0723
-32.2575
-47.0903
-30.9979
-45.1452
-29.7581
-43.2375
-28.5388
-41.3676
-27.3402
-39.5357
-26.1629
-37.7423
-25.0071
-35.9875
-23.8735
-34.2716
-22.7621
-32.595
-21.6736
-30.9579
-20.6081
-29.3605
-19.566
-27.8031
-18.5476
-26.2858
-17.5532
-24.8088
-16.5831
-23.3723
-15.6375
-21.9765
-14.7168
-20.6215
-13.8211
-19.3075
-12.9507
-18.0346
-12.1058
-16.8029
-11.2866
-15.6126
-10.4933
-14.4636
-9.72608
-13.3562
-8.98515
-12.2904
-8.27064
-11.2663
-7.58272
-10.2839
-6.92151
-9.34334
-6.28717
-8.44459
-5.6798
-7.58771
-5.09952
-6.77273
-4.54644
-5.99969
-4.02064
-5.26859
-3.52222
-4.57944
-3.05124
-3.93223
-2.60778
-3.32695
-2.19188
-2.76354
-1.80358
-2.24195
-1.44289
-1.76204
-1.10979
-1.32361
-0.80423
-0.926351
-0.52608
-0.569715
-0.275091
-0.252851
-0.0508318
0.0255676
0.147394
0.267585
0.320675
0.475846
0.470706
0.652008
0.599172
0.803429
0.70518
0.973479
0.80186
0.960975
-30.8518
-42.4655
21.871
-26.7323
-28.4902
14.338
-27.2494
-26.2859
12.7393
-27.5397
-26.1343
11.9202
-27.2761
-25.5697
11.3799
-26.8231
-24.98
11.0694
-26.3109
-24.4525
10.8285
-25.7877
-23.9674
10.5703
-25.2749
-23.5193
10.2625
-24.7776
-23.1006
9.90159
-24.2933
-22.7014
9.4976
-23.8174
-22.3125
9.06507
-23.3449
-21.9267
8.61801
-22.8718
-21.5387
8.16797
-22.395
-21.1448
7.72355
-21.9127
-20.7428
7.29068
-21.424
-20.3316
6.87311
-20.9288
-19.9109
6.47295
-20.4273
-19.4807
6.0912
-19.9199
-19.0418
5.72809
-19.4076
-18.5946
5.38343
-18.8911
-18.1403
5.05673
-18.3713
-17.6795
4.74739
-17.8489
-17.2131
4.45474
-17.3248
-16.7421
4.17813
-16.7998
-16.2673
3.91688
-16.2744
-15.7894
3.67039
-15.7494
-15.3092
3.43803
-15.2255
-14.8274
3.21925
-14.7032
-14.3448
3.01349
-14.1831
-13.8619
2.82022
-13.6657
-13.3795
2.63892
-13.1517
-12.8981
2.46911
-12.6414
-12.4184
2.31028
-12.1354
-11.941
2.16197
-11.6343
-11.4663
2.02371
-11.1383
-10.9951
1.89505
-10.6481
-10.5277
1.77554
-10.1641
-10.0648
1.66475
-9.6866
-9.60674
1.56226
-9.21611
-9.15414
1.46763
-8.75301
-8.70743
1.38048
-8.29768
-8.26706
1.3004
-7.8505
-7.83347
1.22702
-7.41182
-7.4071
1.15994
-6.982
-6.98835
1.09882
-6.56137
-6.57761
1.04329
-6.15024
-6.17528
0.993009
-5.74893
-5.78171
0.947651
-5.35774
-5.39725
0.90689
-4.97693
-5.02225
0.870418
-4.6068
-4.65703
0.837933
-4.24758
-4.3019
0.809147
-3.89954
-3.95715
0.783782
-3.56291
-3.62306
0.761569
-3.23791
-3.29991
0.742253
-2.92474
-2.98795
0.725588
-2.62362
-2.68741
0.711339
-2.33473
-2.39854
0.699282
-2.05825
-2.12154
0.689201
-1.79434
-1.85662
0.680896
-1.54317
-1.60397
0.674174
-1.30487
-1.36376
0.668852
-1.07958
-1.13617
0.664757
-0.867426
-0.921342
0.661729
-0.66851
-0.71942
0.659614
-0.482923
-0.530526
0.658274
-0.310731
-0.354764
0.657577
-0.151984
-0.192216
0.657396
-0.00669622
-0.0429452
0.657614
0.12518
0.0930269
0.658119
0.243792
0.215744
0.6588
0.349413
0.325336
0.659547
0.442502
0.422053
0.660232
0.523797
0.50636
0.660707
0.594034
0.579106
0.660834
0.652345
0.640531
0.659865
0.703611
0.688815
0.654472
0.789357
0.743936
0.65394
0.861733
0.717007
-40.1039
-54.4047
20.5888
-28.0438
-32.6877
16.9472
-25.1708
-26.1599
17.0394
-24.1643
-24.4211
16.9263
-23.2736
-23.0564
16.4896
-22.6094
-22.0976
16.0207
-22.1089
-21.4543
15.5154
-21.699
-20.979
14.9616
-21.345
-20.6039
14.3665
-21.0244
-20.29
13.742
-20.7205
-20.0095
13.1015
-20.4217
-19.7438
12.4573
-20.1204
-19.481
11.8192
-19.8117
-19.2135
11.1945
-19.4926
-18.9366
10.5882
-19.1618
-18.6478
10.0034
-18.8185
-18.3458
9.4419
-18.4628
-18.0304
8.90465
-18.0952
-17.7016
8.3918
-17.7165
-17.3601
7.90312
-17.3273
-17.0066
7.43814
-16.9286
-16.6419
6.99619
-16.5213
-16.2669
6.57657
-16.1063
-15.8826
6.17852
-15.6846
-15.4898
5.80127
-15.2569
-15.0894
5.44407
-14.8242
-14.6823
5.10619
-14.3872
-14.2694
4.78688
-13.9467
-13.8515
4.48545
-13.5035
-13.4294
4.20121
-13.0583
-13.0039
3.93347
-12.6119
-12.5758
3.68159
-12.1649
-12.1458
3.44491
-11.718
-11.7146
3.22279
-11.2719
-11.2829
3.01463
-10.8271
-10.8515
2.81981
-10.3844
-10.4209
2.63773
-9.94431
-9.99188
2.46783
-9.50741
-9.56501
2.30952
-9.07428
-9.14091
2.16226
-8.64546
-8.72017
2.0255
-8.22148
-8.30335
1.89871
-7.80286
-7.89102
1.78139
-7.39008
-7.48371
1.67302
-6.98363
-7.08193
1.57314
-6.58396
-6.68618
1.48125
-6.19152
-6.29694
1.39691
-5.80674
-5.91468
1.31966
-5.43003
-5.53983
1.24909
-5.06177
-5.17283
1.18478
-4.70235
-4.81409
1.12631
-4.35213
-4.46399
1.07331
-4.01146
-4.12293
1.02541
-3.68067
-3.79125
0.982235
-3.36006
-3.4693
0.943451
-3.04995
-3.1574
0.908723
-2.75062
-2.85588
0.877735
-2.46233
-2.56503
0.850182
-2.18535
-2.28512
0.825775
-1.91991
-2.01642
0.804237
-1.66624
-1.75919
0.785306
-1.42456
-1.51365
0.768733
-1.19506
-1.28003
0.754282
-0.977929
-1.05854
0.741731
-0.773336
-0.849351
0.73087
-0.581435
-0.652653
0.721501
-0.402366
-0.468603
0.713441
-0.236248
-0.297342
0.706516
-0.0831774
-0.138992
0.700566
0.0567779
0.00634585
0.695443
0.18359
0.1386
0.691007
0.297288
0.257738
0.687129
0.397976
0.363779
0.683682
0.485911
0.456813
0.680535
0.561669
0.537124
0.677604
0.625603
0.605383
0.674939
0.677001
0.661377
0.671388
0.729141
0.704706
0.664298
0.816312
0.764129
0.674386
0.869735
0.719691
-46.9885
-60.6643
21.282
-30.8038
-35.765
18.4515
-25.4102
-26.8687
18.8179
-23.3132
-24.1233
18.9544
-21.8803
-22.2291
18.6712
-20.9425
-20.9715
18.2257
-20.3243
-20.1792
17.6636
-19.8839
-19.6427
17.016
-19.5488
-19.2579
16.3148
-19.275
-18.9646
15.5839
-19.0328
-18.7221
14.8423
-18.8032
-18.5038
14.1037
-18.5741
-18.2929
13.3779
-18.3384
-18.0791
12.671
-18.0917
-17.8563
11.9873
-17.8318
-17.621
11.3289
-17.5577
-17.3715
10.6972
-17.2692
-17.1071
10.0926
-16.9665
-16.8278
9.51503
-16.6503
-16.5341
8.96414
-16.3213
-16.2266
8.4394
-15.9803
-15.9061
7.94012
-15.6282
-15.5735
7.46558
-15.266
-15.2297
7.01501
-14.8946
-14.8755
6.58762
-14.5148
-14.512
6.18261
-14.1276
-14.14
5.79922
-13.7338
-13.7604
5.43664
-13.3342
-13.3741
5.09412
-12.9299
-12.982
4.7709
-12.5214
-12.5848
4.46624
-12.1097
-12.1836
4.17938
-11.6954
-11.7789
3.90963
-11.2795
-11.3717
3.65627
-10.8625
-10.9626
3.4186
-10.4452
-10.5525
3.19595
-10.0284
-10.142
2.98765
-9.61257
-9.73184
2.79305
-9.1985
-9.32273
2.61151
-8.78679
-8.9153
2.44241
-8.37806
-8.51021
2.28515
-7.9729
-8.10807
2.13913
-7.57188
-7.70948
2.00378
-7.17556
-7.31502
1.87854
-6.78448
-6.92526
1.76286
-6.39916
-6.54073
1.65622
-6.0201
-6.16197
1.55811
-5.64777
-5.78947
1.46802
-5.28264
-5.42372
1.38548
-4.92515
-5.06518
1.31003
-4.57573
-4.7143
1.24121
-4.23478
-4.3715
1.1786
-3.90271
-4.03721
1.12176
-3.57987
-3.71181
1.07032
-3.26664
-3.39568
1.02387
-2.96333
-3.08918
0.982051
-2.67029
-2.79264
0.944505
-2.38782
-2.50639
0.910894
-2.11619
-2.23074
0.880893
-1.8557
-1.96597
0.854194
-1.6066
-1.71236
0.830504
-1.36913
-1.47017
0.809542
-1.14351
-1.23965
0.791047
-0.929957
-1.021
0.774767
-0.728668
-0.814452
0.76047
-0.539821
-0.62019
0.747933
-0.363578
-0.438394
0.736952
-0.200085
-0.269225
0.727333
-0.0494686
-0.112826
0.718898
0.0881679
0.0306774
0.711482
0.212748
0.161183
0.704931
0.324229
0.278617
0.699103
0.422616
0.38294
0.693857
0.508026
0.474159
0.689048
0.580838
0.552462
0.684591
0.641156
0.618359
0.680467
0.689082
0.671462
0.67541
0.739695
0.712625
0.668202
0.817552
0.771631
0.678965
0.865121
0.702267
-49.4407
-62.3118
21.3093
-31.8299
-36.5697
18.6097
-25.5818
-27.0902
19.2846
-23.0392
-24.0733
19.6908
-21.3204
-22.0051
19.5795
-20.2083
-20.6356
19.2141
-19.4976
-19.781
18.6716
-19.0167
-19.2142
18.0092
-18.6737
-18.8192
17.2747
-18.4117
-18.5282
16.5025
-18.1931
-18.2953
15.7167
-17.9935
-18.0909
14.9343
-17.7978
-17.8961
14.166
-17.597
-17.6996
13.4186
-17.3856
-17.4944
12.6962
-17.1606
-17.2767
12.0009
-16.9208
-17.0445
11.3339
-16.6657
-16.7971
10.6954
-16.3954
-16.5343
10.0853
-16.1104
-16.2565
9.50316
-15.8115
-15.9643
8.94841
-15.4993
-15.6586
8.42035
-15.1749
-15.3401
7.91823
-14.8391
-15.0097
7.44128
-14.4929
-14.6685
6.98868
-14.1371
-14.3173
6.55963
-13.7728
-13.957
6.15332
-13.4007
-13.5885
5.76896
-13.0218
-13.2128
5.40572
-12.6369
-12.8307
5.06284
-12.247
-12.4431
4.73952
-11.8528
-12.0509
4.43501
-11.4551
-11.6547
4.14853
-11.0548
-11.2555
3.87935
-10.6526
-10.8541
3.62674
-10.2492
-10.4511
3.38998
-9.84546
-10.0474
3.16838
-9.442
-9.64357
2.96123
-9.03953
-9.24043
2.76789
-8.63872
-8.83863
2.58768
-8.24021
-8.43881
2.41998
-7.84464
-8.04162
2.26415
-7.45262
-7.64767
2.1196
-7.06472
-7.25756
1.98574
-6.68151
-6.87187
1.86199
-6.30354
-6.49115
1.74779
-5.93134
-6.11594
1.64261
-5.56542
-5.74675
1.54593
-5.20625
-5.38409
1.45723
-4.85432
-5.02842
1.37604
-4.51007
-4.68022
1.30188
-4.17393
-4.33992
1.23429
-3.84632
-4.00794
1.17284
-3.52762
-3.68469
1.1171
-3.21823
-3.37056
1.06667
-2.91848
-3.0659
1.02115
-2.62874
-2.77107
0.980182
-2.34931
-2.4864
0.9434
-2.08051
-2.21222
0.910466
-1.82263
-1.94881
0.881052
-1.57594
-1.69645
0.854852
-1.3407
-1.45542
0.831571
-1.11714
-1.22597
0.810932
-0.905497
-1.00831
0.792673
-0.705974
-0.802681
0.776547
-0.518763
-0.609268
0.762321
-0.344041
-0.428259
0.749778
-0.181966
-0.259822
0.738717
-0.0326801
-0.104109
0.728949
0.103693
0.0387486
0.720301
0.227053
0.168637
0.712613
0.337328
0.285469
0.705733
0.434483
0.389187
0.699518
0.518596
0.479779
0.693814
0.589984
0.557412
0.688534
0.648665
0.622556
0.683616
0.695005
0.674774
0.677706
0.744561
0.715237
0.6701
0.819201
0.773886
0.680566
0.864516
0.697367
-49.4407
-60.6643
21.3093
-31.8299
-35.765
18.6097
-25.5818
-26.8687
19.2846
-23.0392
-24.1233
19.6908
-21.3204
-22.2291
19.5795
-20.2083
-20.9715
19.2141
-19.4976
-20.1792
18.6716
-19.0167
-19.6427
18.0092
-18.6737
-19.2579
17.2747
-18.4117
-18.9646
16.5025
-18.1931
-18.7221
15.7167
-17.9935
-18.5038
14.9343
-17.7978
-18.2929
14.166
-17.597
-18.0791
13.4186
-17.3856
-17.8563
12.6962
-17.1606
-17.621
12.0009
-16.9208
-17.3715
11.3339
-16.6657
-17.1071
10.6954
-16.3954
-16.8278
10.0853
-16.1104
-16.5341
9.50316
-15.8115
-16.2266
8.94841
-15.4993
-15.9061
8.42035
-15.1749
-15.5735
7.91823
-14.8391
-15.2297
7.44128
-14.4929
-14.8755
6.98868
-14.1371
-14.512
6.55963
-13.7728
-14.14
6.15332
-13.4007
-13.7604
5.76896
-13.0218
-13.3741
5.40572
-12.6369
-12.982
5.06284
-12.247
-12.5848
4.73952
-11.8528
-12.1836
4.43501
-11.4551
-11.7789
4.14853
-11.0548
-11.3717
3.87935
-10.6526
-10.9626
3.62674
-10.2492
-10.5525
3.38998
-9.84546
-10.142
3.16838
-9.442
-9.73184
2.96123
-9.03953
-9.32273
2.76789
-8.63872
-8.9153
2.58768
-8.24021
-8.51021
2.41998
-7.84464
-8.10807
2.26415
-7.45262
-7.70948
2.1196
-7.06472
-7.31502
1.98574
-6.68151
-6.92526
1.86199
-6.30354
-6.54073
1.74779
-5.93134
-6.16197
1.64261
-5.56542
-5.78947
1.54593
-5.20625
-5.42372
1.45723
-4.85432
-5.06518
1.37604
-4.51007
-4.7143
1.30188
-4.17393
-4.3715
1.23429
-3.84632
-4.03721
1.17284
-3.52762
-3.71181
1.1171
-3.21823
-3.39568
1.06667
-2.91848
-3.08918
1.02115
-2.62874
-2.79264
0.980182
-2.34931
-2.50639
0.943401
-2.08051
-2.23074
0.910466
-1.82263
-1.96597
0.881052
-1.57594
-1.71236
0.854852
-1.3407
-1.47017
0.831571
-1.11714
-1.23965
0.810932
-0.905497
-1.021
0.792673
-0.705974
-0.814452
0.776547
-0.518763
-0.62019
0.762321
-0.344041
-0.438394
0.749778
-0.181966
-0.269225
0.738717
-0.0326801
-0.112826
0.728949
0.103693
0.0306774
0.720301
0.227053
0.161183
0.712613
0.337328
0.278617
0.705733
0.434483
0.38294
0.699518
0.518596
0.474159
0.693814
0.589984
0.552462
0.688534
0.648665
0.618359
0.683616
0.695005
0.671462
0.677706
0.744561
0.712625
0.6701
0.819201
0.771631
0.680566
0.865121
0.697367
-46.9885
-54.4047
21.282
-30.8038
-32.6877
18.4515
-25.4102
-26.1599
18.8179
-23.3132
-24.4211
18.9544
-21.8803
-23.0564
18.6712
-20.9425
-22.0976
18.2257
-20.3243
-21.4543
17.6636
-19.8839
-20.979
17.016
-19.5488
-20.6039
16.3148
-19.275
-20.29
15.5839
-19.0328
-20.0095
14.8423
-18.8032
-19.7438
14.1037
-18.5741
-19.481
13.3779
-18.3384
-19.2135
12.671
-18.0917
-18.9366
11.9873
-17.8318
-18.6478
11.3289
-17.5577
-18.3458
10.6972
-17.2692
-18.0304
10.0926
-16.9665
-17.7016
9.51503
-16.6503
-17.3601
8.96414
-16.3213
-17.0066
8.4394
-15.9803
-16.6419
7.94012
-15.6282
-16.2669
7.46558
-15.266
-15.8826
7.01501
-14.8946
-15.4898
6.58762
-14.5148
-15.0894
6.18261
-14.1276
-14.6823
5.79922
-13.7338
-14.2694
5.43664
-13.3342
-13.8515
5.09412
-12.9299
-13.4294
4.7709
-12.5214
-13.0039
4.46624
-12.1097
-12.5758
4.17938
-11.6954
-12.1458
3.90963
-11.2795
-11.7146
3.65627
-10.8625
-11.2829
3.4186
-10.4452
-10.8515
3.19595
-10.0284
-10.4209
2.98765
-9.61257
-9.99188
2.79305
-9.1985
-9.56501
2.61151
-8.78679
-9.14091
2.44241
-8.37806
-8.72017
2.28515
-7.9729
-8.30335
2.13913
-7.57188
-7.89102
2.00378
-7.17556
-7.48371
1.87854
-6.78448
-7.08193
1.76286
-6.39916
-6.68618
1.65622
-6.0201
-6.29694
1.55811
-5.64777
-5.91468
1.46802
-5.28264
-5.53983
1.38548
-4.92515
-5.17283
1.31003
-4.57573
-4.81409
1.24121
-4.23478
-4.46399
1.1786
-3.90271
-4.12293
1.12176
-3.57987
-3.79124
1.07032
-3.26664
-3.46929
1.02387
-2.96333
-3.1574
0.982051
-2.67029
-2.85588
0.944505
-2.38782
-2.56503
0.910894
-2.11619
-2.28512
0.880893
-1.8557
-2.01642
0.854194
-1.6066
-1.75919
0.830504
-1.36913
-1.51365
0.809542
-1.14351
-1.28003
0.791047
-0.929957
-1.05854
0.774767
-0.728668
-0.849351
0.76047
-0.539821
-0.652653
0.747933
-0.363578
-0.468603
0.736952
-0.200085
-0.297342
0.727333
-0.0494686
-0.138992
0.718898
0.0881678
0.00634576
0.711482
0.212748
0.1386
0.704931
0.324229
0.257738
0.699103
0.422616
0.363779
0.693857
0.508026
0.456813
0.689048
0.580838
0.537124
0.684591
0.641156
0.605383
0.680467
0.689082
0.661377
0.67541
0.739695
0.704706
0.668202
0.817552
0.764129
0.678965
0.869735
0.702267
-40.1039
-42.4655
20.5888
-28.0438
-28.4902
16.9472
-25.1708
-26.2859
17.0394
-24.1643
-26.1343
16.9263
-23.2736
-25.5697
16.4896
-22.6094
-24.98
16.0207
-22.1089
-24.4525
15.5154
-21.699
-23.9674
14.9616
-21.345
-23.5193
14.3665
-21.0244
-23.1006
13.742
-20.7205
-22.7014
13.1015
-20.4217
-22.3125
12.4573
-20.1204
-21.9267
11.8192
-19.8117
-21.5387
11.1945
-19.4926
-21.1448
10.5882
-19.1618
-20.7428
10.0034
-18.8185
-20.3316
9.4419
-18.4628
-19.9109
8.90465
-18.0952
-19.4807
8.3918
-17.7165
-19.0418
7.90312
-17.3273
-18.5946
7.43814
-16.9286
-18.1403
6.99619
-16.5213
-17.6795
6.57657
-16.1063
-17.2131
6.17852
-15.6846
-16.7421
5.80127
-15.2569
-16.2673
5.44407
-14.8242
-15.7894
5.10619
-14.3872
-15.3092
4.78688
-13.9467
-14.8274
4.48545
-13.5035
-14.3448
4.20121
-13.0583
-13.8619
3.93347
-12.6119
-13.3795
3.68159
-12.1649
-12.8981
3.44491
-11.718
-12.4184
3.22279
-11.2719
-11.941
3.01463
-10.8271
-11.4663
2.81981
-10.3844
-10.9951
2.63773
-9.94431
-10.5277
2.46783
-9.50741
-10.0648
2.30952
-9.07428
-9.60674
2.16226
-8.64546
-9.15414
2.0255
-8.22148
-8.70743
1.89871
-7.80286
-8.26706
1.78139
-7.39008
-7.83347
1.67302
-6.98363
-7.4071
1.57314
-6.58396
-6.98835
1.48125
-6.19152
-6.57761
1.39691
-5.80674
-6.17528
1.31966
-5.43003
-5.78171
1.24909
-5.06177
-5.39725
1.18478
-4.70235
-5.02225
1.12631
-4.35213
-4.65703
1.07331
-4.01146
-4.3019
1.02541
-3.68067
-3.95715
0.982236
-3.36006
-3.62306
0.943451
-3.04995
-3.29991
0.908723
-2.75062
-2.98795
0.877735
-2.46233
-2.68741
0.850183
-2.18535
-2.39854
0.825775
-1.91991
-2.12154
0.804237
-1.66624
-1.85662
0.785306
-1.42456
-1.60397
0.768733
-1.19506
-1.36376
0.754282
-0.977929
-1.13617
0.741731
-0.773336
-0.921341
0.73087
-0.581435
-0.719419
0.721501
-0.402367
-0.530526
0.713441
-0.236248
-0.354763
0.706516
-0.0831776
-0.192216
0.700566
0.0567777
-0.0429454
0.695443
0.18359
0.0930266
0.691007
0.297288
0.215744
0.687129
0.397976
0.325336
0.683682
0.485911
0.422053
0.680535
0.561669
0.506359
0.677604
0.625603
0.579106
0.674939
0.677002
0.64053
0.671388
0.729141
0.688815
0.664298
0.816312
0.743936
0.674387
0.861732
0.719691
-30.8518
21.871
-26.7323
14.338
-27.2494
12.7393
-27.5397
11.9202
-27.2761
11.3799
-26.8231
11.0694
-26.3109
10.8285
-25.7877
10.5703
-25.2749
10.2625
-24.7776
9.90159
-24.2933
9.4976
-23.8174
9.06507
-23.3449
8.61801
-22.8718
8.16797
-22.395
7.72355
-21.9127
7.29068
-21.424
6.87311
-20.9288
6.47295
-20.4273
6.0912
-19.9199
5.72809
-19.4076
5.38343
-18.8911
5.05673
-18.3713
4.74739
-17.8489
4.45475
-17.3248
4.17813
-16.7998
3.91688
-16.2744
3.67039
-15.7494
3.43803
-15.2255
3.21925
-14.7032
3.01349
-14.1831
2.82022
-13.6657
2.63892
-13.1517
2.46911
-12.6414
2.31028
-12.1354
2.16197
-11.6343
2.02371
-11.1383
1.89505
-10.6481
1.77554
-10.1641
1.66475
-9.6866
1.56226
-9.21611
1.46763
-8.75301
1.38048
-8.29768
1.3004
-7.8505
1.22702
-7.41182
1.15994
-6.982
1.09881
-6.56137
1.04329
-6.15024
0.993008
-5.74893
0.94765
-5.35774
0.906889
-4.97693
0.870417
-4.6068
0.837932
-4.24758
0.809146
-3.89954
0.783781
-3.56291
0.761568
-3.23791
0.742252
-2.92474
0.725587
-2.62362
0.711338
-2.33473
0.699281
-2.05825
0.6892
-1.79434
0.680896
-1.54317
0.674174
-1.30487
0.668852
-1.07958
0.664758
-0.867425
0.661729
-0.66851
0.659614
-0.482923
0.658274
-0.310731
0.657577
-0.151984
0.657397
-0.00669652
0.657614
0.12518
0.658119
0.243792
0.6588
0.349413
0.659547
0.442502
0.660232
0.523796
0.660707
0.594033
0.660834
0.652344
0.659865
0.70361
0.654472
0.789356
0.65394
0.717005
67.0608
84.9252
130.68
53.8096
59.7754
93.7906
51.9089
56.0646
89.8223
50.8397
54.9808
88.7198
49.7253
53.4392
86.9509
48.721
52.0701
85.3372
47.7098
50.7964
83.7257
46.6205
49.4993
81.9793
45.439
48.1483
80.0782
44.1768
46.7442
78.0434
42.856
45.3005
75.9107
41.5005
43.8348
73.7172
40.1309
42.3639
71.4947
38.7633
40.9011
69.2677
37.4092
39.4565
67.0537
36.0765
38.0369
64.8648
34.7701
36.6466
62.7085
33.493
35.2885
60.5898
32.2465
33.9637
58.5111
31.0315
32.673
56.4741
29.8478
31.4162
54.4791
28.6953
30.1932
52.5264
27.5734
29.0034
50.6158
26.4818
27.8464
48.7471
25.4199
26.7215
46.9198
24.387
25.6282
45.1337
23.3828
24.566
43.3883
22.4067
23.5341
41.6833
21.4582
22.5321
40.0184
20.5369
21.5595
38.3932
19.6422
20.6156
36.8073
18.7737
19.7
35.2604
17.931
18.8121
33.7522
17.1136
17.9515
32.2823
16.3211
17.1176
30.8504
15.553
16.3098
29.4561
14.8089
15.5278
28.099
14.0884
14.7711
26.7789
13.3911
14.039
25.4953
12.7165
13.3313
24.248
12.0642
12.6473
23.0365
11.4339
11.9866
21.8606
10.8251
11.3489
20.7198
10.2375
10.7335
19.6139
9.67058
10.1402
18.5424
9.12411
9.56841
17.5051
8.59766
9.01781
16.5016
8.0909
8.48795
15.5317
7.60348
7.97845
14.5949
7.13504
7.48892
13.691
6.68528
7.01898
12.8196
6.25388
6.56828
11.9806
5.84051
6.13645
11.1734
5.44489
5.72316
10.398
5.06673
5.32808
9.65398
4.70575
4.95089
8.94108
4.36167
4.59127
8.25906
4.03424
4.24894
7.60764
3.72322
3.9236
6.98659
3.42835
3.61498
6.39567
3.14941
3.32282
5.83464
2.88619
3.04687
5.30328
2.63848
2.7869
4.80137
2.40607
2.54266
4.32871
2.18877
2.31394
3.88508
1.9864
2.10054
3.47031
1.79877
1.90224
3.08418
1.6257
1.71886
2.7265
1.46699
1.55018
2.39704
1.32243
1.396
2.09555
1.19174
1.2561
1.82174
1.07455
1.13018
1.57516
0.970366
1.01789
1.3552
0.878437
0.918714
1.16096
0.797744
0.831951
0.991105
0.726666
0.756667
0.843723
0.661993
0.690723
0.715864
0.604801
0.629954
0.602651
0.58159
0.58439
0.507056
0.574965
0.456717
77.6398
96.2755
152.962
62.0303
68.0864
107.682
59.1365
62.0172
99.8254
57.5802
60.3018
97.6179
55.784
58.2171
94.407
54.1455
56.344
91.5979
52.5859
54.6332
89.081
51.0271
52.9566
86.6214
49.4535
51.2851
84.1648
47.8679
49.6159
81.7023
46.2793
47.9533
79.2388
44.6982
46.3049
76.7847
43.1341
44.6781
74.3509
41.5944
43.079
71.9465
40.0842
41.512
69.5779
38.607
39.9801
67.2499
37.165
38.485
64.9655
35.7593
37.0276
62.7264
34.3902
35.6085
60.5335
33.0577
34.2274
58.3873
31.7616
32.8842
56.2878
30.5013
31.5782
54.2348
29.2764
30.3091
52.228
28.0861
29.0761
50.267
26.9299
27.8787
48.3514
25.8072
26.7161
46.4808
24.7173
25.5877
44.6547
23.6595
24.4929
42.8727
22.6334
23.4311
41.1344
21.6382
22.4015
39.4392
20.6734
21.4036
37.7868
19.7384
20.4368
36.1767
18.8326
19.5003
34.6083
17.9554
18.5936
33.0814
17.1063
17.7161
31.5953
16.2847
16.8672
30.1497
15.49
16.0463
28.744
14.7217
15.2528
27.3779
13.9792
14.486
26.0508
13.262
13.7456
24.7624
12.5697
13.0308
23.5121
11.9016
12.3412
22.2996
11.2573
11.6762
21.1243
10.6362
11.0353
19.9858
10.038
10.4179
18.8838
9.46212
9.82365
17.8178
8.90809
9.25196
16.7873
8.3755
8.70236
15.792
7.86389
8.17441
14.8314
7.37286
7.66764
13.9053
6.90198
7.18161
13.0131
6.45086
6.7159
12.1545
6.01911
6.2701
11.3292
5.60635
5.8438
10.5368
5.21224
5.43662
9.77694
4.83641
5.04818
9.04928
4.47853
4.67812
8.35351
4.13829
4.3261
7.68931
3.81536
3.99179
7.05637
3.50945
3.67485
6.4544
3.22028
3.375
5.88312
2.94758
3.09193
5.34224
2.69107
2.82536
4.83151
2.45053
2.57503
4.35067
2.22571
2.34069
3.89948
2.01638
2.12209
3.47771
1.82232
1.919
3.08511
1.64333
1.73119
2.72146
1.47919
1.55846
2.38653
1.32967
1.40058
2.08009
1.19455
1.25734
1.80185
1.07352
1.12849
1.5515
0.966241
1.01376
1.32864
0.872228
0.91277
1.13271
0.790874
0.825071
0.962914
0.720724
0.750024
0.818083
0.658685
0.685422
0.695404
0.609543
0.627793
0.590224
0.577765
0.589222
0.507962
0.552223
0.423495
86.722
103.256
171.958
68.0732
72.8262
120.389
63.1825
64.9713
106.787
60.9387
62.7685
102.557
58.7772
60.4798
98.3976
56.8317
58.4113
94.9025
55.0039
56.5144
91.864
53.2147
54.6679
89.0018
51.4475
52.8473
86.2356
49.7012
51.051
83.5371
47.9789
49.2811
80.8926
46.2848
47.5418
78.2976
44.623
45.8367
75.751
42.9967
44.1687
73.253
41.4079
42.5397
70.8041
39.858
40.9508
68.4045
38.3476
39.4026
66.0546
36.8768
37.8951
63.7543
35.4457
36.4281
61.5037
34.0539
35.0014
59.3023
32.7008
33.6144
57.1501
31.386
32.2666
55.0465
30.1088
30.9573
52.9913
28.8687
29.6859
50.984
27.6648
28.4518
49.0241
26.4966
27.2542
47.1112
25.3634
26.0925
45.2448
24.2645
24.966
43.4244
23.1993
23.8739
41.6496
22.167
22.8157
39.9197
21.167
21.7906
38.2344
20.1987
20.7979
36.593
19.2613
19.8371
34.9952
18.3544
18.9073
33.4402
17.4771
18.008
31.9277
16.6288
17.1384
30.4571
15.8091
16.298
29.0279
15.0171
15.4861
27.6396
14.2524
14.7021
26.2916
13.5144
13.9454
24.9835
12.8023
13.2153
23.7148
12.1158
12.5113
22.4848
11.4542
11.8329
21.2933
10.817
11.1793
20.1396
10.2036
10.5501
19.0232
9.61349
9.94474
17.9439
9.04622
9.36269
16.9009
8.50127
8.80342
15.894
7.97815
8.26643
14.9226
7.47639
7.75125
13.9863
6.99553
7.25739
13.0848
6.53514
6.78439
12.2175
6.09479
6.33182
11.3841
5.67406
5.89923
10.5842
5.27256
5.48622
9.8174
4.88989
5.09238
9.08333
4.52569
4.71733
8.38165
4.1796
4.36068
7.71199
3.85128
4.02209
7.07402
3.5404
3.70122
6.46742
3.24665
3.39772
5.89187
2.96971
3.11129
5.34708
2.70932
2.84162
4.83275
2.46519
2.58844
4.34861
2.23707
2.35147
3.89438
2.02471
2.13044
3.46982
1.82786
1.92512
3.07467
1.64632
1.73527
2.7087
1.47985
1.56067
2.37167
1.32825
1.40111
2.06336
1.19129
1.25636
1.78353
1.06873
1.12622
1.53194
0.960289
1.01043
1.30829
0.865613
0.908703
1.11221
0.784221
0.820663
0.943176
0.714721
0.745725
0.800275
0.654531
0.681654
0.680853
0.607472
0.625677
0.58083
0.56368
0.5879
0.50113
0.534513
0.392328
89.3598
104.93
178.07
69.7243
73.7891
123.85
64.5572
65.6595
108.997
62.3095
63.4549
104.51
60.1139
61.1641
100.16
58.094
59.0637
96.4514
56.1784
57.1242
93.221
54.3006
55.2325
90.1938
52.4508
53.3686
87.2898
50.6309
51.5331
84.4793
48.8441
49.7288
81.745
47.0937
47.9594
79.0775
45.3824
46.228
76.4718
43.7118
44.5368
73.9243
42.0827
42.8867
71.4328
40.4955
41.2786
68.9957
38.9501
39.7123
66.6116
37.4464
38.1879
64.2797
35.9838
36.7049
61.9993
34.562
35.2628
59.7699
33.1802
33.8611
57.5908
31.8379
32.4993
55.4616
30.5344
31.1765
53.3819
29.2691
29.8923
51.3511
28.0412
28.6459
49.3688
26.8501
27.4365
47.4345
25.695
26.2636
45.5478
24.5754
25.1264
43.708
23.4904
24.0243
41.9146
22.4393
22.9564
40.1672
21.4215
21.9222
38.4652
20.4363
20.9209
36.808
19.483
19.9518
35.1952
18.5609
19.0142
33.6261
17.6693
18.1075
32.1002
16.8076
17.2311
30.6169
15.9751
16.3841
29.1758
15.1711
15.566
27.7762
14.3951
14.7762
26.4176
13.6464
14.014
25.0994
12.9243
13.2788
23.8213
12.2284
12.5699
22.5825
11.558
11.8869
21.3827
10.9124
11.229
20.2212
10.2913
10.5958
19.0976
9.69394
9.98673
18.0114
9.11988
9.40116
16.9621
8.56858
8.8386
15.9492
8.03953
8.29856
14.9723
7.53225
7.78051
14.0308
7.04624
7.28398
13.1245
6.58106
6.80851
12.2527
6.13626
6.35362
11.4152
5.71139
5.91889
10.6114
5.30604
5.50389
9.84107
4.91982
5.1082
9.10371
4.55232
4.73143
8.39897
4.20318
4.3732
7.72649
3.87203
4.03315
7.08592
3.55853
3.71091
6.47691
3.26236
3.40616
5.89915
2.9832
3.11857
5.35232
2.72075
2.84783
4.83611
2.47472
2.59366
4.35024
2.24484
2.35577
3.89442
2.03086
2.13391
3.4684
1.83254
1.92782
3.07192
1.64963
1.73726
2.70474
1.48193
1.56201
2.36663
1.32922
1.40185
2.05736
1.19129
1.25659
1.77674
1.06792
1.126
1.52453
0.958848
1.00985
1.30049
0.863752
0.907848
1.10431
0.782166
0.819656
0.935536
0.712658
0.744676
0.793274
0.652801
0.680639
0.674821
0.606105
0.624964
0.576346
0.558733
0.587247
0.497315
0.530219
0.381776
89.3598
103.256
178.07
69.7243
72.8262
123.85
64.5572
64.9713
108.997
62.3095
62.7685
104.51
60.1139
60.4798
100.16
58.094
58.4113
96.4514
56.1784
56.5144
93.221
54.3006
54.6679
90.1938
52.4508
52.8473
87.2898
50.6309
51.051
84.4793
48.8441
49.2811
81.745
47.0937
47.5418
79.0775
45.3824
45.8367
76.4718
43.7118
44.1687
73.9243
42.0827
42.5397
71.4328
40.4955
40.9508
68.9957
38.9501
39.4026
66.6116
37.4464
37.8951
64.2797
35.9838
36.4281
61.9993
34.562
35.0014
59.7699
33.1802
33.6144
57.5908
31.8379
32.2666
55.4616
30.5344
30.9573
53.3819
29.2691
29.6859
51.3511
28.0412
28.4518
49.3688
26.8501
27.2542
47.4345
25.695
26.0925
45.5478
24.5754
24.966
43.708
23.4904
23.8739
41.9146
22.4393
22.8157
40.1672
21.4215
21.7906
38.4652
20.4363
20.7979
36.808
19.483
19.8371
35.1952
18.5609
18.9073
33.6261
17.6693
18.008
32.1002
16.8076
17.1384
30.6169
15.9751
16.298
29.1758
15.1711
15.4861
27.7762
14.3951
14.7021
26.4176
13.6464
13.9454
25.0994
12.9243
13.2153
23.8213
12.2284
12.5113
22.5825
11.558
11.8329
21.3827
10.9124
11.1793
20.2212
10.2913
10.5501
19.0976
9.69394
9.94475
18.0114
9.11988
9.36269
16.9621
8.56858
8.80342
15.9492
8.03953
8.26643
14.9723
7.53225
7.75125
14.0308
7.04624
7.25739
13.1245
6.58106
6.78439
12.2527
6.13626
6.33182
11.4152
5.71139
5.89923
10.6114
5.30604
5.48622
9.84107
4.91982
5.09238
9.10371
4.55232
4.71733
8.39897
4.20318
4.36068
7.72649
3.87203
4.02209
7.08592
3.55853
3.70122
6.47691
3.26236
3.39772
5.89915
2.9832
3.11129
5.35232
2.72075
2.84162
4.83611
2.47472
2.58844
4.35024
2.24484
2.35147
3.89442
2.03086
2.13044
3.4684
1.83254
1.92512
3.07192
1.64963
1.73527
2.70474
1.48193
1.56067
2.36663
1.32922
1.40111
2.05736
1.19129
1.25636
1.77674
1.06792
1.12622
1.52453
0.958848
1.01043
1.30049
0.863752
0.908703
1.10431
0.782166
0.820663
0.935536
0.712658
0.745725
0.793274
0.652801
0.681655
0.674821
0.606105
0.625677
0.576346
0.558733
0.5879
0.497314
0.534513
0.381776
86.722
96.2755
171.958
68.0732
68.0864
120.389
63.1825
62.0172
106.787
60.9387
60.3018
102.557
58.7772
58.2171
98.3976
56.8317
56.344
94.9025
55.0039
54.6332
91.864
53.2147
52.9566
89.0018
51.4475
51.2851
86.2356
49.7012
49.6159
83.5371
47.9789
47.9533
80.8926
46.2848
46.3049
78.2976
44.623
44.6781
75.751
42.9967
43.079
73.253
41.4079
41.512
70.8041
39.858
39.9801
68.4045
38.3476
38.485
66.0546
36.8768
37.0276
63.7543
35.4457
35.6085
61.5037
34.0539
34.2274
59.3023
32.7008
32.8842
57.1501
31.386
31.5782
55.0465
30.1088
30.3091
52.9913
28.8687
29.0761
50.984
27.6648
27.8787
49.0241
26.4966
26.7161
47.1112
25.3634
25.5877
45.2448
24.2645
24.4929
43.4244
23.1993
23.4311
41.6496
22.167
22.4015
39.9197
21.167
21.4036
38.2344
20.1987
20.4368
36.593
19.2613
19.5003
34.9952
18.3544
18.5936
33.4402
17.4771
17.7161
31.9277
16.6288
16.8672
30.4571
15.8091
16.0463
29.0279
15.0171
15.2528
27.6396
14.2524
14.486
26.2916
13.5144
13.7456
24.9835
12.8023
13.0308
23.7148
12.1158
12.3412
22.4848
11.4542
11.6762
21.2933
10.817
11.0353
20.1396
10.2036
10.4179
19.0232
9.61349
9.82365
17.9439
9.04622
9.25196
16.9009
8.50127
8.70236
15.894
7.97815
8.17441
14.9226
7.47639
7.66764
13.9863
6.99553
7.18161
13.0848
6.53514
6.7159
12.2175
6.09479
6.2701
11.3841
5.67406
5.8438
10.5842
5.27256
5.43662
9.8174
4.88989
5.04818
9.08333
4.52569
4.67812
8.38165
4.1796
4.3261
7.71199
3.85128
3.99179
7.07402
3.5404
3.67485
6.46742
3.24665
3.375
5.89187
2.96971
3.09193
5.34708
2.70932
2.82536
4.83275
2.46519
2.57503
4.34861
2.23707
2.34069
3.89438
2.02471
2.12209
3.46982
1.82786
1.919
3.07467
1.64632
1.73119
2.7087
1.47985
1.55846
2.37167
1.32825
1.40058
2.06336
1.19129
1.25734
1.78353
1.06873
1.12849
1.53194
0.960289
1.01376
1.30829
0.865613
0.91277
1.11221
0.784221
0.825071
0.943176
0.714721
0.750024
0.800275
0.654531
0.685422
0.680853
0.607472
0.627793
0.58083
0.56368
0.589222
0.50113
0.552223
0.392327
77.6398
84.9252
152.962
62.0303
59.7754
107.682
59.1365
56.0646
99.8254
57.5802
54.9808
97.6179
55.784
53.4392
94.407
54.1455
52.0701
91.5979
52.5859
50.7964
89.081
51.0271
49.4993
86.6214
49.4535
48.1483
84.1648
47.8679
46.7442
81.7023
46.2793
45.3005
79.2388
44.6982
43.8348
76.7847
43.1341
42.3639
74.3509
41.5944
40.9011
71.9465
40.0842
39.4565
69.5779
38.607
38.0369
67.2499
37.165
36.6466
64.9655
35.7593
35.2885
62.7264
34.3902
33.9637
60.5335
33.0577
32.673
58.3873
31.7616
31.4162
56.2878
30.5013
30.1932
54.2348
29.2764
29.0034
52.228
28.0861
27.8464
50.267
26.9299
26.7215
48.3514
25.8072
25.6282
46.4808
24.7173
24.566
44.6547
23.6595
23.5341
42.8727
22.6334
22.5321
41.1344
21.6382
21.5595
39.4392
20.6734
20.6156
37.7868
19.7384
19.7
36.1767
18.8326
18.8121
34.6083
17.9554
17.9515
33.0814
17.1063
17.1176
31.5953
16.2847
16.3098
30.1497
15.49
15.5278
28.744
14.7217
14.7711
27.3779
13.9792
14.039
26.0508
13.262
13.3313
24.7624
12.5697
12.6473
23.5121
11.9016
11.9866
22.2996
11.2573
11.3489
21.1243
10.6362
10.7335
19.9858
10.038
10.1402
18.8838
9.46212
9.56841
17.8178
8.90809
9.01781
16.7873
8.3755
8.48795
15.792
7.86389
7.97845
14.8314
7.37286
7.48892
13.9053
6.90198
7.01898
13.0131
6.45086
6.56828
12.1545
6.01911
6.13645
11.3292
5.60635
5.72316
10.5368
5.21224
5.32808
9.77694
4.83641
4.95089
9.04928
4.47853
4.59127
8.35351
4.13829
4.24893
7.68931
3.81536
3.9236
7.05637
3.50945
3.61498
6.4544
3.22028
3.32282
5.88312
2.94758
3.04687
5.34224
2.69107
2.7869
4.83151
2.45053
2.54266
4.35067
2.22571
2.31394
3.89948
2.01638
2.10054
3.47771
1.82232
1.90224
3.08511
1.64333
1.71886
2.72146
1.47919
1.55018
2.38653
1.32967
1.396
2.08009
1.19455
1.2561
1.80185
1.07352
1.13018
1.5515
0.966241
1.01789
1.32864
0.872228
0.918714
1.13271
0.790874
0.831951
0.962914
0.720724
0.756667
0.818083
0.658685
0.690723
0.695404
0.609543
0.629955
0.590224
0.577765
0.58439
0.507962
0.574964
0.423495
67.0608
130.68
53.8096
93.7906
51.9089
89.8223
50.8397
88.7198
49.7253
86.9509
48.721
85.3372
47.7098
83.7257
46.6205
81.9793
45.439
80.0782
44.1768
78.0434
42.856
75.9107
41.5005
73.7172
40.1309
71.4947
38.7633
69.2677
37.4092
67.0537
36.0765
64.8648
34.7701
62.7085
33.493
60.5898
32.2465
58.5111
31.0315
56.4741
29.8478
54.4791
28.6953
52.5264
27.5734
50.6158
26.4818
48.7471
25.4199
46.9198
24.387
45.1337
23.3828
43.3883
22.4067
41.6833
21.4582
40.0184
20.5369
38.3932
19.6422
36.8073
18.7737
35.2604
17.931
33.7522
17.1136
32.2823
16.3211
30.8504
15.553
29.4561
14.8089
28.099
14.0884
26.7789
13.3911
25.4953
12.7165
24.248
12.0642
23.0365
11.4339
21.8606
10.8251
20.7198
10.2375
19.6139
9.67058
18.5424
9.1241
17.5051
8.59766
16.5016
8.0909
15.5317
7.60347
14.5949
7.13504
13.691
6.68528
12.8196
6.25388
11.9806
5.84051
11.1734
5.44489
10.398
5.06673
9.65398
4.70575
8.94108
4.36167
8.25905
4.03424
7.60764
3.72321
6.98659
3.42835
6.39567
3.14941
5.83464
2.88619
5.30328
2.63848
4.80137
2.40607
4.32871
2.18877
3.88508
1.9864
3.47031
1.79877
3.08418
1.6257
2.7265
1.46699
2.39704
1.32243
2.09555
1.19174
1.82174
1.07455
1.57516
0.970366
1.3552
0.878437
1.16096
0.797744
0.991105
0.726666
0.843724
0.661993
0.715864
0.604802
0.602652
0.581589
0.507056
0.456717
157.41
198.717
225.183
129.803
141.697
166.782
126.633
133.583
162.367
124.831
131.357
161.466
122.563
127.919
158.844
120.342
124.865
156.217
117.995
122.01
153.421
115.437
119.101
150.313
112.683
116.095
146.921
109.777
113.002
143.316
106.772
109.849
139.568
103.711
106.667
135.738
100.631
103.482
131.874
97.5581
100.313
128.01
94.5093
97.1751
124.168
91.4968
94.0778
120.365
88.5282
91.0274
116.609
85.608
88.0277
112.906
82.7387
85.0809
109.261
79.9217
82.1884
105.675
77.1577
79.3507
102.148
74.447
76.568
98.6828
71.7894
73.8404
95.2783
69.1851
71.1677
91.9352
66.6336
68.5497
88.6534
64.1349
65.9862
85.4331
61.6888
63.4771
82.2742
59.295
61.0219
79.1768
56.9533
58.6207
76.1408
54.6636
56.2729
73.1664
52.4255
53.9785
70.2535
50.2389
51.7371
67.4021
48.1035
49.5484
64.6121
46.019
47.4122
61.8836
43.9853
45.3281
59.2163
42.0021
43.2959
56.6104
40.069
41.3152
54.0657
38.1858
39.3857
51.5821
36.3523
37.5072
49.1594
34.5681
35.6792
46.7977
32.8329
33.9014
44.4967
31.1465
32.1735
42.2564
29.5086
30.4952
40.0765
27.9188
28.8662
37.9571
26.3769
27.286
35.8978
24.8827
25.7545
33.8985
23.4357
24.2711
31.9592
22.0357
22.8357
30.0796
20.6824
21.4479
28.2595
19.3756
20.1073
26.4989
18.1149
18.8138
24.7975
16.9001
17.5668
23.1552
15.7309
16.3662
21.5717
14.6071
15.2116
20.047
13.5283
14.1028
18.5808
12.4944
13.0395
17.173
11.505
12.0213
15.8234
10.56
11.048
14.5319
9.65904
10.1194
13.2982
8.80196
9.23509
12.1222
7.9885
8.39493
11.0038
7.21845
7.59864
9.94267
6.4916
6.84598
8.93876
5.80772
6.13672
7.99188
5.16662
5.47063
7.10185
4.56809
4.84748
6.2685
4.01191
4.26705
5.49166
3.49784
3.72911
4.77112
3.0256
3.23339
4.10666
2.59486
2.77964
3.49799
2.20515
2.36748
2.94475
1.8558
1.99647
2.4464
1.5458
1.66595
2.00218
1.27363
1.37496
1.61097
1.03708
1.12207
1.27109
0.832921
0.905139
0.980172
0.656522
0.720544
0.734857
0.504906
0.562921
0.530638
0.382183
0.430627
0.364568
0.305248
0.22874
183.004
228.644
258.018
145.477
159.984
184.804
138.307
144.595
175.905
134.445
139.873
173.408
130.221
134.587
168.115
126.533
130.156
163.354
123.116
126.312
159.062
119.759
122.667
154.874
116.414
119.115
150.714
113.073
115.624
146.57
109.744
112.178
142.445
106.437
108.777
138.347
103.163
105.424
134.287
99.93
102.12
130.272
96.7437
98.87
126.309
93.6084
95.6744
122.402
90.5269
92.5352
118.553
87.5006
89.4531
114.765
84.5307
86.4287
111.038
81.6174
83.4622
107.374
78.761
80.5537
103.772
75.9615
77.7031
100.234
73.2186
74.9102
96.7585
70.5323
72.1748
93.3468
67.9023
69.4968
89.9986
65.3283
66.8759
86.714
62.8102
64.3118
83.4929
60.3476
61.8042
80.3354
57.9403
59.3529
77.2414
55.5879
56.9574
74.211
53.2901
54.6176
71.2441
51.0466
52.3329
68.3405
48.8571
50.1032
65.5003
46.7212
47.928
62.7234
44.6387
45.8069
60.0095
42.609
43.7396
57.3587
40.6319
41.7257
54.7707
38.7071
39.7648
52.2455
36.834
37.8564
49.7829
35.0125
36.0004
47.3827
33.242
34.1961
45.0447
31.5222
32.4432
42.7689
29.8528
30.7413
40.5549
28.2334
29.0901
38.4027
26.6635
27.4891
36.312
25.1429
25.938
34.2827
23.6712
24.4362
32.3146
22.2479
22.9836
30.4074
20.8728
21.5796
28.5609
19.5455
20.224
26.775
18.2657
18.9163
25.0495
17.0329
17.6561
23.3841
15.8469
16.4432
21.7787
14.7074
15.2772
20.233
13.614
14.1577
18.7468
12.5664
13.0844
17.32
11.5643
12.057
15.9524
10.6074
11.0752
14.6436
9.69542
10.1386
13.3936
8.82807
9.24697
12.2021
8.00507
8.39999
11.069
7.22617
7.59739
9.99398
6.49111
6.8389
8.97692
5.79962
6.12424
8.01763
5.15148
5.45317
7.11589
4.54644
4.82544
6.27152
3.98425
4.24078
5.48432
3.46466
3.69897
4.75408
2.98743
3.19975
4.0806
2.55226
2.74286
3.46362
2.1588
2.32804
2.90288
1.80662
1.95495
2.39804
1.49511
1.62318
1.9487
1.22339
1.33215
1.55427
0.990123
1.08102
1.21396
0.792763
0.868334
0.926526
0.626943
0.690835
0.689467
0.488642
0.543261
0.498687
0.353692
0.41987
0.347386
0.2636
0.183597
205.625
246.772
287.386
159.103
171.412
203.557
146.161
150.813
186.261
140.016
144.298
180.691
134.523
138.078
173.578
129.935
132.943
167.45
125.862
128.571
162.179
122.023
124.528
157.293
118.325
120.678
152.64
114.728
116.965
148.152
111.211
113.356
143.786
107.764
109.833
139.52
104.381
106.386
135.339
101.06
103.009
131.234
97.8007
99.6972
127.201
94.6012
96.4493
123.236
91.4614
93.2636
119.338
88.3812
90.139
115.504
85.3603
87.0749
111.736
82.3985
84.0708
108.033
79.4958
81.1264
104.394
76.6518
78.2416
100.82
73.8664
75.4159
97.3102
71.1394
72.6492
93.8654
68.4705
69.9411
90.4855
65.8594
67.2915
87.1704
63.3058
64.7001
83.9201
60.8095
62.1664
80.7347
58.37
59.6903
77.6141
55.9871
57.2712
74.5582
53.6604
54.909
71.567
51.3895
52.6031
68.6403
49.174
50.3533
65.7781
47.0136
48.159
62.9803
44.9078
46.0199
60.2466
42.8562
43.9356
57.5769
40.8585
41.9057
54.9711
38.9141
39.9296
52.4289
37.0228
38.0071
49.9503
35.1839
36.1376
47.5349
33.3973
34.3207
45.1826
31.6623
32.556
42.8932
29.9786
30.8431
40.6666
28.3459
29.1815
38.5023
26.7635
27.5707
36.4003
25.2313
26.0105
34.3604
23.7487
24.5003
32.3822
22.3153
23.0397
30.4656
20.9308
21.6284
28.6104
19.5947
20.2659
26.8163
18.3067
18.9519
25.083
17.0665
17.6858
23.4105
15.8735
16.4675
21.7983
14.7275
15.2964
20.2463
13.6282
14.1723
18.7544
12.5751
13.0947
17.3221
11.5679
12.0633
15.9494
10.6064
11.0778
14.636
9.69016
10.1378
13.3816
8.81889
9.24311
12.1861
7.99231
8.39331
11.0492
7.21012
7.58811
9.97078
6.47203
6.82723
8.95054
5.77779
6.1104
7.98829
5.12713
5.43734
7.08382
4.51978
4.80778
6.23694
3.9555
4.22147
5.44743
3.43405
3.67816
4.7151
2.95518
3.17762
4.03973
2.51864
2.71962
3.42114
2.12419
2.30391
2.85913
1.7715
1.93025
2.3535
1.46022
1.59835
1.90405
1.18977
1.30782
1.51051
0.959229
1.05805
1.17254
0.766406
0.847824
0.889388
0.607152
0.674019
0.659011
0.474488
0.531499
0.477516
0.329778
0.410545
0.332721
0.239591
0.154542
212.56
251.209
296.704
163.122
173.91
208.579
148.949
152.334
189.576
142.36
145.565
183.615
136.497
139.155
176.028
131.578
133.839
169.409
127.236
129.318
163.737
123.183
125.155
158.54
119.318
121.211
153.651
115.593
117.426
148.989
111.978
113.761
144.496
108.456
110.196
140.137
105.014
106.716
135.887
101.645
103.312
131.731
98.3458
99.9789
127.658
95.1118
96.7127
123.661
91.9412
93.5108
119.735
88.8327
90.3715
115.877
85.7854
87.2938
112.087
82.7987
84.2769
108.363
79.8722
81.3205
104.705
77.0056
78.424
101.112
74.1986
75.5873
97.5848
71.4509
72.81
94.1231
68.7622
70.0918
90.7269
66.1322
67.4326
87.3963
63.5607
64.8319
84.1312
61.0472
62.2895
80.9316
58.5915
59.805
77.7975
56.1931
57.378
74.7288
53.8517
55.0082
71.7253
51.5669
52.6952
68.7871
49.3382
50.4386
65.9138
47.1653
48.2379
63.1055
45.0478
46.0928
60.3619
42.9851
44.0028
57.6828
40.9768
41.9674
55.0681
39.0226
39.9863
52.5175
37.1219
38.0589
50.031
35.2743
36.1849
47.6081
33.4795
34.3638
45.2488
31.7368
32.5951
42.9528
30.0459
30.8784
40.7199
28.4063
29.2133
38.5498
26.8177
27.5993
36.4424
25.2795
26.036
34.3973
23.7914
24.523
32.4143
22.3529
23.0598
30.4932
20.9636
21.646
28.6338
19.6231
20.2812
26.8357
18.331
18.965
25.0989
17.0869
17.697
23.4229
15.8904
16.4768
21.8076
14.7411
15.304
20.2527
13.6387
14.1783
18.758
12.5829
13.0992
17.3233
11.5731
12.0665
15.9482
10.6092
11.0798
14.6326
9.6908
10.1387
13.3763
8.81753
9.24291
12.179
7.98911
8.39215
11.0404
7.20523
7.58607
9.96041
6.4656
6.82439
8.93873
5.76994
6.10681
7.97517
5.11798
5.43307
7.06951
4.50946
4.8029
6.22154
3.94413
4.21603
5.43104
3.42173
3.67222
4.69782
2.94206
3.17125
4.02169
2.50488
2.71287
3.40249
2.10997
2.29688
2.84006
1.7571
1.92306
2.33427
1.44596
1.59114
1.88498
1.17609
1.30077
1.49207
0.946644
1.05142
1.1553
0.755438
0.841872
0.873991
0.598366
0.669004
0.646122
0.467555
0.527729
0.467899
0.320357
0.407382
0.32548
0.233333
0.143813
212.56
246.772
296.704
163.122
171.412
208.579
148.949
150.813
189.576
142.36
144.298
183.615
136.497
138.078
176.028
131.578
132.943
169.409
127.236
128.571
163.737
123.183
124.528
158.54
119.318
120.678
153.651
115.593
116.965
148.989
111.978
113.356
144.496
108.456
109.833
140.137
105.014
106.386
135.887
101.645
103.009
131.731
98.3458
99.6972
127.658
95.1118
96.4493
123.661
91.9412
93.2636
119.735
88.8327
90.139
115.877
85.7854
87.0749
112.087
82.7987
84.0708
108.363
79.8722
81.1264
104.705
77.0056
78.2416
101.112
74.1986
75.4159
97.5848
71.4509
72.6492
94.1231
68.7622
69.9411
90.7269
66.1322
67.2915
87.3963
63.5607
64.7001
84.1312
61.0472
62.1664
80.9316
58.5915
59.6903
77.7975
56.1931
57.2712
74.7288
53.8517
54.909
71.7253
51.5669
52.6031
68.7871
49.3382
50.3533
65.9138
47.1653
48.159
63.1055
45.0478
46.0199
60.3619
42.9851
43.9356
57.6828
40.9768
41.9057
55.0681
39.0226
39.9296
52.5175
37.1219
38.0071
50.031
35.2743
36.1376
47.6081
33.4795
34.3207
45.2488
31.7368
32.556
42.9528
30.0459
30.8431
40.7199
28.4063
29.1815
38.5498
26.8177
27.5707
36.4424
25.2795
26.0105
34.3973
23.7914
24.5003
32.4143
22.3529
23.0397
30.4932
20.9636
21.6284
28.6338
19.6231
20.2659
26.8357
18.331
18.9519
25.0989
17.0869
17.6858
23.4229
15.8904
16.4675
21.8076
14.7411
15.2964
20.2527
13.6387
14.1723
18.758
12.5829
13.0947
17.3233
11.5731
12.0633
15.9482
10.6092
11.0778
14.6326
9.6908
10.1378
13.3763
8.81753
9.24311
12.179
7.98911
8.39331
11.0404
7.20523
7.58811
9.96041
6.4656
6.82723
8.93873
5.76994
6.1104
7.97517
5.11798
5.43734
7.06951
4.50946
4.80778
6.22154
3.94413
4.22147
5.43104
3.42173
3.67816
4.69782
2.94206
3.17762
4.02169
2.50488
2.71962
3.40249
2.10997
2.30391
2.84006
1.7571
1.93025
2.33427
1.44596
1.59835
1.88498
1.17609
1.30782
1.49207
0.946644
1.05805
1.1553
0.755438
0.847824
0.873991
0.598366
0.674019
0.646123
0.467555
0.531499
0.467899
0.320357
0.410544
0.325479
0.23959
0.143812
205.625
228.644
287.386
159.103
159.984
203.557
146.161
144.595
186.261
140.016
139.873
180.691
134.523
134.587
173.578
129.935
130.156
167.45
125.862
126.312
162.179
122.023
122.667
157.293
118.325
119.115
152.64
114.728
115.624
148.152
111.211
112.178
143.786
107.764
108.777
139.52
104.381
105.424
135.339
101.06
102.12
131.234
97.8007
98.87
127.201
94.6012
95.6744
123.236
91.4614
92.5352
119.338
88.3812
89.4531
115.504
85.3603
86.4287
111.736
82.3985
83.4622
108.033
79.4958
80.5537
104.394
76.6518
77.7031
100.82
73.8664
74.9102
97.3102
71.1394
72.1748
93.8654
68.4705
69.4968
90.4855
65.8594
66.8759
87.1704
63.3058
64.3118
83.9201
60.8095
61.8042
80.7347
58.37
59.3529
77.6141
55.9871
56.9574
74.5582
53.6604
54.6176
71.567
51.3895
52.3329
68.6403
49.174
50.1032
65.7781
47.0136
47.928
62.9803
44.9078
45.8069
60.2466
42.8562
43.7396
57.5769
40.8585
41.7257
54.9711
38.9141
39.7648
52.4289
37.0228
37.8564
49.9503
35.1839
36.0004
47.5349
33.3973
34.1961
45.1826
31.6623
32.4432
42.8932
29.9786
30.7413
40.6666
28.3459
29.0901
38.5023
26.7635
27.4891
36.4003
25.2313
25.938
34.3604
23.7487
24.4362
32.3822
22.3153
22.9836
30.4656
20.9308
21.5796
28.6104
19.5947
20.224
26.8163
18.3067
18.9163
25.083
17.0665
17.6561
23.4105
15.8735
16.4432
21.7983
14.7275
15.2772
20.2463
13.6282
14.1577
18.7544
12.5751
13.0844
17.3221
11.5679
12.057
15.9494
10.6064
11.0752
14.636
9.69016
10.1386
13.3816
8.81889
9.24697
12.1861
7.99231
8.39999
11.0492
7.21012
7.59739
9.97078
6.47203
6.8389
8.95054
5.77779
6.12424
7.98829
5.12713
5.45317
7.08382
4.51978
4.82544
6.23694
3.9555
4.24078
5.44743
3.43405
3.69897
4.7151
2.95518
3.19975
4.03973
2.51864
2.74286
3.42114
2.12419
2.32804
2.85913
1.7715
1.95495
2.3535
1.46022
1.62318
1.90405
1.18977
1.33215
1.51051
0.95923
1.08102
1.17254
0.766406
0.868334
0.889388
0.607152
0.690835
0.659012
0.474488
0.54326
0.477517
0.329778
0.41987
0.332721
0.263599
0.154541
183.004
198.717
258.018
145.477
141.697
184.804
138.307
133.583
175.905
134.445
131.357
173.408
130.221
127.919
168.115
126.533
124.865
163.354
123.116
122.01
159.062
119.759
119.101
154.874
116.414
116.095
150.714
113.073
113.002
146.57
109.744
109.849
142.445
106.437
106.667
138.347
103.163
103.482
134.287
99.93
100.313
130.272
96.7437
97.1751
126.309
93.6084
94.0778
122.402
90.5269
91.0274
118.553
87.5006
88.0277
114.765
84.5307
85.0809
111.038
81.6174
82.1884
107.374
78.761
79.3507
103.772
75.9615
76.568
100.234
73.2186
73.8404
96.7585
70.5323
71.1677
93.3468
67.9023
68.5497
89.9986
65.3283
65.9862
86.714
62.8102
63.4771
83.4929
60.3476
61.0219
80.3354
57.9403
58.6207
77.2414
55.5879
56.2729
74.211
53.2901
53.9785
71.2441
51.0466
51.7371
68.3405
48.8571
49.5484
65.5003
46.7212
47.4122
62.7234
44.6387
45.3281
60.0095
42.609
43.2959
57.3587
40.6319
41.3152
54.7707
38.7071
39.3857
52.2455
36.834
37.5072
49.7829
35.0125
35.6792
47.3827
33.242
33.9014
45.0447
31.5222
32.1735
42.7689
29.8528
30.4952
40.5549
28.2334
28.8662
38.4027
26.6635
27.286
36.312
25.1429
25.7545
34.2827
23.6712
24.2711
32.3146
22.2479
22.8357
30.4074
20.8728
21.4479
28.5609
19.5455
20.1073
26.775
18.2657
18.8138
25.0495
17.0329
17.5668
23.3841
15.8469
16.3662
21.7787
14.7074
15.2116
20.233
13.614
14.1028
18.7468
12.5664
13.0395
17.32
11.5643
12.0213
15.9524
10.6074
11.048
14.6436
9.69542
10.1194
13.3936
8.82807
9.23509
12.2021
8.00507
8.39493
11.069
7.22617
7.59864
9.99398
6.49111
6.84598
8.97692
5.79963
6.13672
8.01763
5.15148
5.47063
7.11589
4.54644
4.84748
6.27152
3.98425
4.26705
5.48432
3.46466
3.72911
4.75408
2.98743
3.23339
4.0806
2.55226
2.77964
3.46362
2.1588
2.36748
2.90288
1.80662
1.99647
2.39804
1.49511
1.66595
1.94869
1.22339
1.37496
1.55427
0.990123
1.12207
1.21396
0.792762
0.90514
0.926526
0.626943
0.720545
0.689467
0.488642
0.562921
0.498687
0.353692
0.430627
0.347386
0.305248
0.183596
157.41
225.183
129.803
166.782
126.633
162.367
124.831
161.466
122.563
158.844
120.342
156.217
117.995
153.421
115.437
150.313
112.683
146.921
109.777
143.316
106.772
139.568
103.711
135.738
100.631
131.874
97.5581
128.01
94.5093
124.168
91.4968
120.365
88.5282
116.609
85.608
112.906
82.7387
109.261
79.9217
105.675
77.1577
102.148
74.447
98.6828
71.7894
95.2783
69.1851
91.9352
66.6336
88.6534
64.1349
85.4331
61.6888
82.2742
59.295
79.1768
56.9533
76.1408
54.6636
73.1664
52.4255
70.2535
50.2389
67.4021
48.1035
64.6121
46.019
61.8836
43.9853
59.2163
42.0021
56.6104
40.069
54.0657
38.1858
51.5821
36.3523
49.1594
34.5681
46.7977
32.8329
44.4967
31.1465
42.2564
29.5086
40.0765
27.9188
37.9571
26.3769
35.8978
24.8827
33.8985
23.4357
31.9592
22.0357
30.0796
20.6824
28.2595
19.3756
26.4989
18.1149
24.7975
16.9001
23.1552
15.7309
21.5717
14.6071
20.047
13.5283
18.5808
12.4944
17.173
11.505
15.8234
10.56
14.5319
9.65904
13.2982
8.80196
12.1222
7.9885
11.0038
7.21845
9.94267
6.4916
8.93876
5.80772
7.99188
5.16662
7.10184
4.56809
6.2685
4.01191
5.49166
3.49784
4.77112
3.0256
4.10666
2.59486
3.49799
2.20515
2.94475
1.8558
2.4464
1.5458
2.00218
1.27363
1.61097
1.03708
1.27109
0.832922
0.980173
0.656523
0.734857
0.504906
0.530639
0.382184
0.364569
0.228741
234.555
284.484
302.221
199.346
209.889
234.837
197.199
204.688
231.335
195.479
203.517
230.855
192.497
199.039
227.682
189.296
194.706
223.925
185.739
190.473
219.692
181.797
186.085
215.001
177.555
181.541
209.967
173.106
176.885
204.705
168.534
172.164
199.311
163.901
167.418
193.854
159.253
162.679
188.386
154.62
157.969
182.939
150.024
153.302
177.536
145.477
148.689
172.191
140.987
144.134
166.913
136.559
139.643
161.707
132.197
135.218
156.576
127.901
130.86
151.522
123.673
126.57
146.547
119.514
122.348
141.652
115.424
118.196
136.837
111.404
114.114
132.103
107.453
110.102
127.45
103.572
106.161
122.879
99.7621
102.29
118.39
96.0226
98.4902
113.982
92.3539
94.7616
109.658
88.7564
91.1045
105.416
85.2301
87.5191
101.257
81.7753
84.0056
97.1812
78.3922
80.5641
93.189
75.0809
77.1947
89.2803
71.8414
73.8978
85.4554
68.674
70.6732
81.7144
65.5788
67.5212
78.0574
62.5557
64.4418
74.4845
59.6049
61.4351
70.9958
56.7264
58.5012
67.5914
53.9202
55.6401
64.2713
51.1864
52.8517
61.0355
48.525
50.1362
57.8842
45.936
47.4936
54.8172
43.4194
44.9238
51.8346
40.9751
42.4268
48.9365
38.6031
40.0026
46.1227
36.3035
37.6512
43.3932
34.0761
35.3726
40.7482
31.9208
33.1666
38.1874
29.8378
31.0332
35.7108
27.8268
28.9725
33.3185
25.8878
26.9842
31.0103
24.0208
25.0683
28.7862
22.2255
23.2248
26.6461
20.5021
21.4536
24.5899
18.8503
19.7545
22.6177
17.2701
18.1275
20.7292
15.7614
16.5724
18.9244
14.324
15.0893
17.2033
12.9579
13.6778
15.5657
11.663
12.338
14.0115
10.439
11.0697
12.5406
9.286
9.87278
11.153
8.20372
8.74711
9.84842
7.19206
7.69254
8.62686
6.25087
6.70893
7.48815
5.37995
5.7961
6.43214
4.57906
4.95386
5.45863
3.84789
4.18198
4.56739
3.186
3.48014
3.75813
2.59278
2.84797
3.03047
2.06735
2.28493
2.38395
1.60843
1.79028
1.81803
1.21418
1.36299
1.33215
0.882108
1.00156
0.925948
0.608972
0.703779
0.599598
0.390301
0.466404
0.35323
0.211126
0.281327
0.187126
0.10709
0.0918012
259.818
316.76
328.406
215.232
228.377
252.031
211.006
217.57
246.463
207.078
214.226
243.974
201.248
207.105
237.405
195.883
200.649
230.939
190.819
194.929
224.803
185.828
189.5
218.79
180.871
184.238
212.863
175.942
179.098
207.013
171.048
174.053
201.237
166.197
169.09
195.533
161.396
164.202
189.902
156.651
159.386
184.345
151.967
154.64
178.863
147.346
149.963
173.457
142.791
145.355
168.128
138.302
140.816
162.876
133.881
136.345
157.702
129.528
131.944
152.608
125.245
127.612
147.593
121.031
123.35
142.659
116.887
119.158
137.805
112.813
115.037
133.033
108.81
110.987
128.343
104.879
107.008
123.735
101.018
103.101
119.21
97.2292
99.2659
114.768
93.5122
95.5026
110.409
89.8672
91.8118
106.134
86.2945
88.1935
101.943
82.7943
84.648
97.8352
79.3666
81.1753
93.812
76.0116
77.7757
89.8731
72.7295
74.4492
86.0187
69.5204
71.196
82.249
66.3843
68.0161
78.5639
63.3213
64.9097
74.9638
60.3315
61.8767
71.4485
57.4149
58.9172
68.0181
54.5716
56.0313
64.6728
51.8015
53.2189
61.4125
49.1048
50.4801
58.2372
46.4814
47.8149
55.1471
43.9312
45.2233
52.142
41.4544
42.7052
49.2219
39.0508
40.2605
46.3869
36.7204
37.8894
43.6369
34.4631
35.5917
40.9718
32.279
33.3673
38.3918
30.1679
31.2163
35.8966
28.1299
29.1384
33.4862
26.1647
27.1337
31.1606
24.2724
25.2021
28.9197
22.4529
23.3435
26.7634
20.706
21.5577
24.6917
19.0317
19.8447
22.7045
17.4298
18.2044
20.8016
15.9003
16.6366
18.9831
14.443
15.1413
17.2488
13.0579
13.7182
15.5985
11.7447
12.3674
14.0323
10.5034
11.0886
12.5499
9.33389
9.88167
11.1513
8.23593
8.74654
9.83632
7.20941
7.68303
8.60489
6.25416
6.69097
7.45684
5.37002
5.77021
6.39202
4.55678
4.92058
5.41028
3.81424
4.1419
4.51146
3.14212
3.43397
3.69539
2.54012
2.7966
2.96195
2.00785
2.22956
2.31107
1.54484
1.73263
1.74283
1.15037
1.30549
1.2576
0.82323
0.94758
0.856171
0.561211
0.657643
0.539853
0.357431
0.432943
0.309117
0.177291
0.260237
0.161131
0.0745398
0.0693848
285.319
337.318
357.52
230.715
240.724
270.218
220.79
225.024
257.851
214.253
220.008
252.55
206.505
211.529
243.711
199.695
203.916
235.389
193.61
197.345
227.899
187.91
191.305
220.933
182.466
185.613
214.354
177.209
180.175
208.069
172.095
174.925
202.006
167.095
169.823
196.115
162.192
164.84
190.364
157.375
159.957
184.728
152.636
155.162
179.193
147.972
150.448
173.75
143.381
145.809
168.392
138.86
141.243
163.118
134.409
136.749
157.925
130.028
132.325
152.813
125.718
127.972
147.782
121.478
123.69
142.832
117.309
119.479
137.964
113.212
115.339
133.178
109.185
111.271
128.474
105.231
107.275
123.853
101.349
103.351
119.315
97.5393
99.4999
114.861
93.8022
95.7213
110.491
90.1381
92.0157
106.205
86.5469
88.3833
102.003
83.029
84.8243
97.8861
79.5844
81.3387
93.8537
76.2132
77.9267
89.9062
72.9157
74.5885
86.0437
69.6917
71.324
82.2663
66.5415
68.1335
78.5742
63.465
65.0168
74.9673
60.4624
61.9741
71.4458
57.5336
59.0054
68.0096
54.6786
56.1107
64.6589
51.8975
53.2901
61.3936
49.1902
50.5434
58.2136
46.5568
47.8707
55.1191
43.9972
45.272
52.1101
41.5113
42.7472
49.1863
39.0992
40.2962
46.3479
36.7607
37.9191
43.5949
34.4959
35.6158
40.927
32.3046
33.3861
38.3444
30.1868
31.23
35.8468
28.1423
29.1475
33.4344
26.1711
27.1384
31.1069
24.2732
25.2026
28.8643
22.4483
23.3401
26.7065
20.6964
21.5507
24.6335
19.0174
19.8343
22.645
17.4112
18.1908
20.7412
15.8776
16.6201
18.9217
14.4165
15.122
17.1866
13.0277
13.6963
15.5357
11.7112
12.3431
13.9688
10.4668
11.062
12.486
9.29432
9.85306
11.087
8.19364
8.716
9.77166
7.16459
7.6507
8.53996
6.20703
6.657
7.3917
5.32078
5.73475
6.32678
4.5057
4.88381
5.34507
3.76163
4.10402
4.44647
3.08845
3.39529
3.63094
2.48605
2.75752
2.89853
1.95434
2.19068
2.24945
1.49328
1.69476
1.68415
1.1027
1.2698
1.20346
0.781993
0.915555
0.808647
0.529376
0.631114
0.501472
0.335749
0.413916
0.282521
0.157485
0.247657
0.146121
0.0587642
0.0574499
292.723
342.198
367.133
235.033
243.248
275.133
224.241
226.817
261.645
217.283
221.666
256.09
208.94
212.901
246.61
201.567
204.978
237.576
195.04
198.156
229.497
189.008
191.925
222.081
183.321
186.091
215.174
177.891
180.551
208.657
172.654
175.23
202.434
167.569
170.078
196.437
162.605
165.059
190.613
157.744
160.151
184.929
152.973
155.338
179.361
148.284
150.609
173.895
143.671
145.959
168.521
139.132
141.383
163.234
134.665
136.881
158.03
130.269
132.449
152.909
125.945
128.089
147.87
121.691
123.8
142.912
117.509
119.582
138.036
113.399
115.436
133.243
109.361
111.362
128.533
105.395
107.36
123.905
101.502
103.431
119.361
97.6819
99.5738
114.902
93.9348
95.7901
110.526
90.261
92.0795
106.235
86.6607
88.4424
102.028
83.134
84.8789
97.9062
79.681
81.3891
93.8695
76.302
77.973
89.9179
72.9969
74.6309
86.0516
69.7658
71.3628
82.2707
66.6088
68.1688
78.5752
63.5259
65.0488
74.9653
60.5172
62.003
71.4409
57.5826
59.0313
68.0021
54.7222
56.1338
64.6489
51.9359
53.3105
61.3813
49.2238
50.5614
58.1993
46.5859
47.8863
55.1029
44.0219
45.2854
52.0921
41.5321
42.7585
49.1667
39.1161
40.3056
46.3269
36.7741
37.9267
43.5725
34.5059
35.6216
40.9035
32.3115
33.3903
38.3198
30.1908
31.2327
35.8214
28.1436
29.1488
33.4081
26.1699
27.1384
31.0798
24.2696
25.2014
28.8366
22.4425
23.3378
26.6783
20.6886
21.5473
24.6048
19.0077
19.8299
22.616
17.3997
18.1855
20.7117
15.8645
16.6139
18.892
14.4019
15.115
17.1567
13.0117
13.6887
15.5056
11.6939
12.3347
13.9386
10.4483
11.0531
12.4557
9.27475
9.84354
11.0566
8.17307
8.70596
9.74127
7.14311
7.64018
8.50957
6.18473
6.64605
7.36138
5.29778
5.72341
6.29656
4.48213
4.87214
5.31504
3.73768
4.09212
4.41675
3.06436
3.38324
3.60173
2.46215
2.74547
2.87011
1.9311
2.17883
2.22222
1.47128
1.68337
1.65865
1.08265
1.25919
1.18034
0.764676
0.90611
0.788631
0.515655
0.623241
0.485245
0.325824
0.40807
0.270811
0.148936
0.243578
0.138734
0.0542922
0.0510444
292.723
337.318
367.133
235.033
240.724
275.133
224.241
225.024
261.645
217.283
220.008
256.09
208.94
211.529
246.61
201.567
203.916
237.576
195.04
197.345
229.497
189.008
191.305
222.081
183.321
185.613
215.174
177.891
180.175
208.657
172.654
174.925
202.434
167.569
169.823
196.437
162.605
164.84
190.613
157.744
159.957
184.929
152.973
155.162
179.361
148.284
150.448
173.895
143.671
145.809
168.521
139.132
141.243
163.234
134.665
136.749
158.03
130.269
132.325
152.909
125.945
127.972
147.87
121.691
123.69
142.912
117.509
119.479
138.036
113.399
115.339
133.243
109.361
111.271
128.533
105.395
107.275
123.905
101.502
103.351
119.361
97.6819
99.4999
114.902
93.9348
95.7213
110.526
90.261
92.0157
106.235
86.6607
88.3833
102.028
83.134
84.8243
97.9062
79.681
81.3387
93.8695
76.302
77.9267
89.9179
72.9969
74.5885
86.0516
69.7658
71.324
82.2707
66.6088
68.1335
78.5752
63.5259
65.0168
74.9653
60.5172
61.9741
71.4409
57.5826
59.0054
68.0021
54.7222
56.1107
64.6489
51.9359
53.2901
61.3813
49.2238
50.5434
58.1993
46.5859
47.8707
55.1029
44.0219
45.272
52.0921
41.5321
42.7472
49.1667
39.1161
40.2962
46.3269
36.7741
37.9191
43.5725
34.5059
35.6158
40.9035
32.3115
33.3861
38.3198
30.1908
31.23
35.8214
28.1436
29.1475
33.4081
26.1699
27.1384
31.0798
24.2696
25.2026
28.8366
22.4425
23.3401
26.6783
20.6886
21.5507
24.6048
19.0077
19.8343
22.616
17.3997
18.1908
20.7117
15.8645
16.6201
18.892
14.4019
15.122
17.1567
13.0117
13.6963
15.5056
11.6939
12.3431
13.9386
10.4483
11.062
12.4557
9.27475
9.85306
11.0566
8.17307
8.716
9.74127
7.14311
7.6507
8.50957
6.18473
6.657
7.36138
5.29778
5.73475
6.29656
4.48213
4.88381
5.31504
3.73768
4.10402
4.41675
3.06436
3.39529
3.60173
2.46215
2.75752
2.87011
1.9311
2.19068
2.22222
1.47128
1.69476
1.65865
1.08265
1.2698
1.18035
0.764676
0.915555
0.788631
0.515656
0.631115
0.485245
0.325824
0.413917
0.270809
0.148934
0.247656
0.138729
0.0587624
0.0510524
285.319
316.76
357.52
230.715
228.377
270.218
220.79
217.57
257.851
214.253
214.226
252.55
206.505
207.105
243.711
199.695
200.649
235.389
193.61
194.929
227.899
187.91
189.5
220.933
182.466
184.238
214.354
177.209
179.098
208.069
172.095
174.053
202.006
167.095
169.09
196.115
162.192
164.202
190.364
157.375
159.386
184.728
152.636
154.64
179.193
147.972
149.963
173.75
143.381
145.355
168.392
138.86
140.816
163.118
134.409
136.345
157.925
130.028
131.944
152.813
125.718
127.612
147.782
121.478
123.35
142.832
117.309
119.158
137.964
113.212
115.037
133.178
109.185
110.987
128.474
105.231
107.008
123.853
101.349
103.101
119.315
97.5393
99.2659
114.861
93.8022
95.5027
110.491
90.1381
91.8118
106.205
86.5469
88.1935
102.003
83.029
84.648
97.8861
79.5844
81.1753
93.8537
76.2132
77.7757
89.9062
72.9157
74.4492
86.0437
69.6917
71.196
82.2663
66.5415
68.0161
78.5742
63.465
64.9097
74.9673
60.4624
61.8767
71.4458
57.5336
58.9172
68.0096
54.6786
56.0313
64.6589
51.8975
53.2189
61.3936
49.1902
50.4801
58.2136
46.5568
47.8149
55.1191
43.9972
45.2233
52.1101
41.5113
42.7052
49.1863
39.0992
40.2605
46.3479
36.7607
37.8894
43.5949
34.4959
35.5917
40.927
32.3046
33.3673
38.3444
30.1868
31.2163
35.8468
28.1423
29.1384
33.4344
26.1711
27.1337
31.1069
24.2732
25.2021
28.8643
22.4483
23.3435
26.7065
20.6964
21.5577
24.6335
19.0174
19.8447
22.645
17.4112
18.2044
20.7412
15.8776
16.6366
18.9217
14.4165
15.1413
17.1866
13.0277
13.7182
15.5357
11.7112
12.3674
13.9688
10.4668
11.0886
12.486
9.29432
9.88167
11.087
8.19364
8.74654
9.77166
7.16459
7.68303
8.53996
6.20703
6.69097
7.3917
5.32078
5.77021
6.32678
4.5057
4.92058
5.34507
3.76163
4.1419
4.44647
3.08845
3.43397
3.63094
2.48605
2.7966
2.89853
1.95434
2.22956
2.24945
1.49328
1.73263
1.68415
1.1027
1.30549
1.20346
0.781994
0.94758
0.808648
0.529377
0.657644
0.501472
0.33575
0.432944
0.282519
0.157484
0.260237
0.146117
0.0745372
0.0574567
259.818
284.484
328.406
215.232
209.889
252.031
211.006
204.688
246.463
207.078
203.517
243.974
201.248
199.039
237.405
195.883
194.706
230.939
190.819
190.473
224.803
185.828
186.085
218.79
180.871
181.541
212.863
175.942
176.885
207.013
171.048
172.164
201.237
166.197
167.418
195.533
161.396
162.679
189.902
156.651
157.969
184.345
151.967
153.302
178.863
147.346
148.689
173.457
142.791
144.134
168.128
138.302
139.643
162.876
133.881
135.218
157.702
129.528
130.86
152.608
125.245
126.57
147.593
121.031
122.348
142.659
116.887
118.196
137.805
112.813
114.114
133.033
108.81
110.102
128.343
104.879
106.161
123.735
101.018
102.29
119.21
97.2292
98.4902
114.768
93.5122
94.7616
110.409
89.8673
91.1045
106.134
86.2945
87.5191
101.943
82.7943
84.0056
97.8352
79.3666
80.5641
93.812
76.0116
77.1947
89.8731
72.7295
73.8978
86.0187
69.5204
70.6732
82.249
66.3843
67.5212
78.5639
63.3213
64.4418
74.9638
60.3315
61.4351
71.4485
57.4149
58.5012
68.0181
54.5716
55.6401
64.6728
51.8015
52.8517
61.4125
49.1048
50.1362
58.2372
46.4814
47.4936
55.1471
43.9312
44.9238
52.142
41.4544
42.4268
49.2219
39.0508
40.0026
46.3869
36.7204
37.6512
43.6369
34.4631
35.3726
40.9718
32.279
33.1666
38.3918
30.1679
31.0332
35.8966
28.1299
28.9725
33.4862
26.1647
26.9842
31.1606
24.2724
25.0683
28.9197
22.4529
23.2248
26.7634
20.706
21.4536
24.6917
19.0317
19.7545
22.7045
17.4298
18.1275
20.8016
15.9003
16.5724
18.9831
14.443
15.0893
17.2488
13.0579
13.6778
15.5985
11.7447
12.338
14.0323
10.5034
11.0697
12.5499
9.33389
9.87278
11.1513
8.23593
8.74711
9.83632
7.20941
7.69254
8.60489
6.25416
6.70893
7.45684
5.37002
5.7961
6.39202
4.55678
4.95386
5.41028
3.81424
4.18198
4.51146
3.14212
3.48014
3.69539
2.54012
2.84797
2.96195
2.00785
2.28493
2.31107
1.54484
1.79028
1.74283
1.15037
1.36299
1.2576
0.823231
1.00156
0.856172
0.561211
0.703779
0.539852
0.357431
0.466404
0.309115
0.17729
0.281327
0.161132
0.107089
0.0693794
234.555
302.221
199.346
234.837
197.199
231.335
195.479
230.855
192.497
227.682
189.296
223.925
185.739
219.692
181.797
215.001
177.555
209.967
173.106
204.705
168.534
199.311
163.901
193.854
159.253
188.386
154.62
182.939
150.024
177.536
145.477
172.191
140.987
166.913
136.559
161.707
132.197
156.576
127.901
151.522
123.673
146.547
119.514
141.652
115.424
136.837
111.404
132.103
107.453
127.45
103.572
122.879
99.7621
118.39
96.0226
113.982
92.3539
109.658
88.7564
105.416
85.2301
101.257
81.7753
97.1812
78.3922
93.189
75.0809
89.2803
71.8414
85.4554
68.674
81.7144
65.5788
78.0574
62.5557
74.4845
59.6049
70.9958
56.7264
67.5914
53.9202
64.2713
51.1864
61.0355
48.525
57.8842
45.936
54.8172
43.4194
51.8346
40.9751
48.9365
38.6031
46.1227
36.3035
43.3933
34.0761
40.7482
31.9208
38.1874
29.8378
35.7108
27.8268
33.3185
25.8878
31.0103
24.0208
28.7862
22.2255
26.6461
20.5021
24.5899
18.8503
22.6177
17.2701
20.7292
15.7614
18.9244
14.324
17.2033
12.9579
15.5657
11.663
14.0115
10.439
12.5406
9.286
11.153
8.20372
9.84842
7.19206
8.62686
6.25087
7.48815
5.37995
6.43214
4.57906
5.45863
3.84789
4.56739
3.186
3.75813
2.59278
3.03047
2.06735
2.38395
1.60843
1.81803
1.21418
1.33215
0.882108
0.925947
0.608972
0.599597
0.390301
0.353231
0.211126
0.187127
0.0918072
302.503
346.143
266.826
276.979
264.99
273.109
263.058
271.312
259.11
266.047
254.321
260.158
248.954
254.022
243.171
247.706
237.118
241.289
230.91
234.834
224.631
228.384
218.339
221.969
212.072
215.609
205.855
209.315
199.704
203.097
193.627
196.96
187.632
190.906
181.723
184.939
175.901
179.06
170.168
173.27
164.526
167.571
158.975
161.962
153.517
156.446
148.15
151.022
142.877
145.691
137.696
140.454
132.61
135.31
127.618
130.26
122.72
125.306
117.916
120.445
113.208
115.68
108.595
111.011
104.077
106.437
99.6548
101.959
95.3284
97.5764
91.0978
93.2901
86.9632
89.1001
82.9247
85.0064
78.9824
81.0091
75.1363
77.1083
71.3866
73.304
67.7333
69.5963
64.1764
65.9852
60.7158
62.4707
57.3517
59.0528
54.0841
55.7315
50.9128
52.5069
47.8379
49.3789
44.8595
46.3474
41.9773
43.4125
39.1915
40.5741
36.502
37.8322
33.9087
35.1867
31.4115
32.6375
29.0105
30.1847
26.7055
27.8281
24.4966
25.5677
22.3835
23.4033
20.3663
21.3351
18.4449
19.3628
16.6192
17.4864
14.8891
15.7057
13.2545
14.0208
11.7154
12.4315
10.2716
10.9376
8.92295
9.53921
7.66942
8.23606
6.51082
7.02805
5.44696
5.91504
4.47763
4.89687
3.6026
3.97337
2.82163
3.14445
2.13463
2.41009
1.54176
1.77058
1.04392
1.22676
0.643438
0.78056
0.343855
0.435672
0.150055
0.195943
0.0678014
0.06693
0.054096
320.619
369.166
283.262
293.872
279.432
286.744
274.301
282.298
267.095
274.011
259.859
265.679
252.774
257.774
245.824
250.223
239.005
242.979
232.308
235.984
225.722
229.189
219.238
222.559
212.852
216.064
206.557
209.687
200.353
203.416
194.238
197.243
188.213
191.165
182.276
185.178
176.429
179.282
170.672
173.477
165.007
167.763
159.433
162.141
153.952
156.611
148.563
151.174
143.268
145.83
138.067
140.58
132.96
135.424
127.948
130.364
123.031
125.398
118.21
120.527
113.483
115.752
108.853
111.073
104.318
106.49
99.8802
102.004
95.5381
97.6132
91.2925
93.3193
87.1434
89.122
83.0909
85.0214
79.1351
81.0176
75.276
77.1106
71.5137
73.3004
67.8482
69.5871
64.2795
65.9708
60.8076
62.4513
57.4326
59.0287
54.1544
55.7031
50.973
52.4743
47.8884
49.3423
44.9005
46.3072
42.0093
43.3688
39.2148
40.5271
36.5169
37.7821
33.9155
35.1337
31.4107
32.5818
29.0023
30.1264
26.6902
27.7675
24.4745
25.5048
22.3549
23.3384
20.3315
21.2682
18.4042
19.294
16.5729
17.4159
14.8374
15.6337
13.1977
13.9473
11.6537
12.3566
10.2053
10.8614
8.85232
9.46182
7.5947
8.15757
6.43228
6.94859
5.36495
5.83477
4.39261
4.81603
3.51522
3.89236
2.7329
3.06388
2.04604
2.33095
1.45559
1.69435
0.9634
1.15556
0.572794
0.717238
0.28776
0.383682
0.112818
0.158696
0.0532246
0.0470154
0.0522949
342.419
387.335
297.354
304.627
289.611
294.472
282.008
288.632
272.595
278.792
263.594
269.049
255.223
260.051
247.378
251.71
239.957
243.916
232.865
236.551
226.026
229.515
219.385
222.729
212.9
216.137
206.546
209.7
200.306
203.392
194.169
197.197
188.129
191.105
182.183
185.109
176.329
179.207
170.567
173.397
164.896
167.679
159.318
162.054
153.832
156.521
148.44
151.081
143.142
145.735
137.937
140.483
132.828
135.326
127.813
130.263
122.894
125.296
118.07
120.424
113.342
115.648
108.711
110.968
104.175
106.384
99.7367
101.897
95.3944
97.5068
91.1488
93.213
87
89.016
82.9481
84.9158
78.993
80.9125
75.1349
77.0063
71.3738
73.197
67.7097
69.4848
64.1426
65.8695
60.6724
62.3513
57.2992
58.9301
54.0229
55.6059
50.8436
52.3786
47.7611
49.2483
44.7755
46.2148
41.8866
43.2781
39.0944
40.4382
36.3989
37.6949
33.8
35.0483
31.2976
32.4983
28.8916
30.0447
26.5821
27.6875
24.3688
25.4267
22.2517
23.2621
20.2307
21.1936
18.3058
19.2213
16.4768
17.3449
14.7436
15.5644
13.1061
13.8796
11.5643
12.2905
10.118
10.7969
8.76707
9.39883
7.51146
8.09608
6.35107
6.88859
5.28584
5.7763
4.31578
4.7592
3.44102
3.83738
2.66193
3.01112
1.97926
2.28099
1.39433
1.64804
0.909403
1.11401
0.528126
0.681724
0.254618
0.355602
0.0928932
0.139416
0.0460857
0.0371986
0.04973
349.543
392.068
301.745
307.018
293.493
296.472
285.416
290.514
275.246
280.318
265.506
270.175
256.538
260.838
248.247
252.238
240.51
244.257
233.2
236.762
226.217
229.638
219.481
222.795
212.937
216.167
206.546
209.707
200.283
203.385
194.132
197.181
188.084
191.083
182.132
185.084
176.274
179.18
170.51
173.369
164.837
167.65
159.257
162.024
153.77
156.49
148.377
151.05
143.077
145.703
137.871
140.45
132.761
135.292
127.745
130.229
122.826
125.262
118.002
120.39
113.273
115.613
108.642
110.934
104.106
106.35
99.6675
101.863
95.3254
97.4723
91.0801
93.1786
86.9317
88.9817
82.8803
84.8817
78.9258
80.8788
75.0683
76.9728
71.3079
73.1639
67.6446
69.452
64.0783
65.8372
60.6091
62.3195
57.2369
58.8987
53.9616
55.575
50.7833
52.3482
47.7019
49.2184
44.7174
46.1855
41.8297
43.2493
39.0386
40.41
36.3443
37.6673
33.7466
35.0213
31.2453
32.4718
28.8406
30.0188
26.5321
27.6623
24.32
25.402
22.204
23.238
20.1842
21.1701
18.2604
19.1983
16.4325
17.3225
14.7004
15.5425
13.0639
13.8582
11.5231
12.2696
10.0778
10.7766
8.72784
9.37897
7.47321
8.07671
6.31382
6.86971
5.24966
5.75793
4.2808
4.74139
3.40748
3.82021
2.63018
2.99474
1.94978
2.26561
1.36772
1.63394
0.886327
1.1015
0.5092
0.671152
0.240401
0.347248
0.0837216
0.13355
0.0408428
0.0338854
0.0478046
349.543
387.335
301.745
304.627
293.493
294.472
285.416
288.632
275.246
278.792
265.506
269.049
256.538
260.051
248.247
251.71
240.51
243.916
233.2
236.551
226.217
229.515
219.481
222.729
212.937
216.137
206.546
209.7
200.283
203.392
194.132
197.197
188.084
191.105
182.132
185.109
176.274
179.207
170.51
173.397
164.837
167.679
159.257
162.054
153.77
156.521
148.377
151.081
143.077
145.735
137.871
140.483
132.761
135.326
127.745
130.263
122.826
125.296
118.002
120.424
113.273
115.648
108.642
110.968
104.106
106.384
99.6675
101.897
95.3254
97.5068
91.0801
93.213
86.9317
89.016
82.8803
84.9158
78.9258
80.9125
75.0683
77.0063
71.3079
73.197
67.6446
69.4848
64.0783
65.8695
60.6091
62.3513
57.2369
58.9301
53.9616
55.6059
50.7833
52.3786
47.7019
49.2483
44.7174
46.2148
41.8297
43.2781
39.0386
40.4382
36.3443
37.6949
33.7466
35.0483
31.2453
32.4983
28.8406
30.0447
26.5321
27.6875
24.32
25.4267
22.204
23.2621
20.1842
21.1936
18.2604
19.2213
16.4325
17.3449
14.7004
15.5644
13.0639
13.8796
11.5231
12.2905
10.0778
10.7969
8.72784
9.39882
7.47321
8.09608
6.31382
6.88859
5.24966
5.7763
4.2808
4.7592
3.40748
3.83738
2.63018
3.01112
1.94978
2.28099
1.36772
1.64804
0.886328
1.11401
0.5092
0.681725
0.240398
0.355602
0.083714
0.13941
0.0408471
0.0371904
0.0497467
342.419
369.166
297.354
293.872
289.611
286.744
282.008
282.298
272.595
274.011
263.594
265.679
255.223
257.774
247.378
250.223
239.957
242.979
232.865
235.984
226.026
229.189
219.385
222.559
212.9
216.064
206.546
209.687
200.306
203.416
194.169
197.243
188.129
191.165
182.183
185.178
176.329
179.282
170.567
173.477
164.896
167.763
159.318
162.141
153.832
156.611
148.44
151.174
143.142
145.83
137.937
140.58
132.828
135.424
127.813
130.364
122.894
125.398
118.07
120.527
113.342
115.752
108.711
111.073
104.175
106.49
99.7367
102.004
95.3944
97.6132
91.1488
93.3193
87
89.122
82.9481
85.0214
78.993
81.0176
75.1349
77.1106
71.3738
73.3004
67.7097
69.5871
64.1426
65.9708
60.6724
62.4513
57.2992
59.0287
54.0229
55.7031
50.8436
52.4743
47.7611
49.3423
44.7755
46.3072
41.8866
43.3688
39.0944
40.5271
36.3989
37.7821
33.8
35.1337
31.2976
32.5818
28.8916
30.1264
26.5821
27.7675
24.3688
25.5048
22.2517
23.3384
20.2307
21.2682
18.3058
19.294
16.4768
17.4159
14.7436
15.6337
13.1061
13.9473
11.5643
12.3566
10.118
10.8614
8.76707
9.46182
7.51146
8.15757
6.35107
6.94859
5.28584
5.83477
4.31578
4.81603
3.44102
3.89236
2.66193
3.06388
1.97926
2.33095
1.39433
1.69435
0.909404
1.15557
0.528127
0.717239
0.254615
0.383681
0.0928866
0.15869
0.04609
0.0470128
0.0522989
320.619
346.143
283.262
276.979
279.432
273.109
274.301
271.312
267.095
266.047
259.859
260.158
252.774
254.022
245.824
247.706
239.005
241.289
232.308
234.834
225.722
228.384
219.238
221.969
212.852
215.609
206.557
209.315
200.353
203.097
194.238
196.96
188.213
190.906
182.276
184.939
176.429
179.06
170.672
173.27
165.007
167.571
159.433
161.962
153.952
156.446
148.563
151.022
143.268
145.691
138.067
140.454
132.96
135.31
127.948
130.26
123.031
125.306
118.21
120.445
113.483
115.68
108.853
111.011
104.318
106.437
99.8802
101.959
95.5381
97.5764
91.2925
93.2901
87.1434
89.1001
83.0909
85.0064
79.1351
81.0091
75.276
77.1083
71.5137
73.304
67.8482
69.5963
64.2795
65.9852
60.8076
62.4707
57.4326
59.0528
54.1544
55.7315
50.973
52.5069
47.8884
49.3789
44.9005
46.3474
42.0093
43.4125
39.2148
40.5741
36.5169
37.8322
33.9155
35.1867
31.4107
32.6375
29.0023
30.1847
26.6902
27.8281
24.4745
25.5677
22.3549
23.4033
20.3315
21.3351
18.4042
19.3628
16.5729
17.4864
14.8374
15.7057
13.1977
14.0208
11.6537
12.4315
10.2053
10.9376
8.85232
9.53921
7.5947
8.23606
6.43228
7.02805
5.36495
5.91505
4.39261
4.89687
3.51522
3.97338
2.7329
3.14445
2.04604
2.41009
1.45559
1.77058
0.963401
1.22676
0.572793
0.780559
0.287756
0.43567
0.112816
0.195941
0.0532216
0.0669323
0.054098
302.503
266.826
264.99
263.058
259.11
254.321
248.954
243.171
237.118
230.91
224.631
218.339
212.072
205.855
199.704
193.627
187.632
181.723
175.901
170.168
164.526
158.975
153.517
148.15
142.877
137.696
132.61
127.618
122.72
117.916
113.208
108.595
104.077
99.6548
95.3284
91.0978
86.9632
82.9247
78.9824
75.1363
71.3866
67.7333
64.1764
60.7158
57.3517
54.0841
50.9128
47.8379
44.8595
41.9773
39.1915
36.502
33.9087
31.4115
29.0105
26.7055
24.4966
22.3835
20.3663
18.4449
16.6192
14.8891
13.2545
11.7154
10.2716
8.92295
7.66942
6.51082
5.44696
4.47763
3.6026
2.82163
2.13463
1.54176
1.04392
0.643436
0.343855
0.150057
0.0678087
)
;

boundaryField
{
    left
    {
        type            calculated;
        value           nonuniform List<scalar> 
64
(
-409.737
-426.89
-447.099
-455.983
-455.983
-447.099
-426.89
-409.737
-283.251
-332.028
-361.286
-371.421
-371.421
-361.286
-332.028
-283.251
-157.277
-196.294
-221.299
-229.925
-229.925
-221.299
-196.294
-157.277
-35.1382
-49.7927
-59.0167
-62.3118
-62.3118
-59.0167
-49.7927
-35.1382
78.8803
90.9702
101.581
104.93
104.93
101.581
90.9702
78.8803
182.48
214.953
242.335
251.209
251.209
242.335
214.953
182.48
267.885
301.082
332.437
342.198
342.198
332.437
301.082
267.885
336.557
355.73
382.602
392.068
392.068
382.602
355.73
336.557
)
;
    }
    right
    {
        type            calculated;
        value           nonuniform List<scalar> 
64
(
1.37386
1.37396
1.37258
1.37728
1.37728
1.37258
1.37396
1.37386
1.26571
1.34357
1.35745
1.36655
1.36655
1.35745
1.34357
1.26571
1.02011
1.12206
1.1396
1.14904
1.14904
1.1396
1.12206
1.02011
0.690267
0.768418
0.768792
0.772211
0.772211
0.768792
0.768418
0.690263
0.371473
0.392608
0.369413
0.364175
0.364175
0.369412
0.392607
0.371471
0.136902
0.10021
0.0641307
0.053657
0.0536581
0.064132
0.10021
0.136905
0.0432807
-0.0155023
-0.036921
-0.0435842
-0.0435856
-0.0369233
-0.015501
0.0432832
-0.00140899
-0.00662194
-0.00154865
-0.00346305
-0.00347299
-0.00155462
-0.00660587
-0.00141433
)
;
    }
    back
    {
        type            calculated;
        value           nonuniform List<scalar> 
640
(
-388.199
-251.384
-134.466
-27.3021
75.325
176.121
272.778
366.229
-312.363
-204.392
-107.762
-22.9543
52.3238
123.839
192.7
259.58
-301.149
-200.802
-109.728
-26.2271
49.9666
122.009
191.155
257.581
-296.789
-198.746
-110.704
-28.0275
48.9182
121.562
191.138
258.353
-293.143
-196.038
-109.894
-28.5075
47.8933
120.207
189.705
256.673
-288.921
-193.132
-108.492
-28.4034
47.0762
118.751
187.837
253.621
-283.79
-189.792
-106.727
-28.0295
46.2893
117.025
185.291
249.497
-277.858
-186.003
-104.705
-27.5395
45.4239
114.958
182.076
244.564
-271.321
-181.846
-102.499
-27.0081
44.4412
112.573
178.331
239.063
-264.368
-177.413
-100.158
-26.4674
43.3431
109.935
174.207
233.198
-257.158
-172.795
-97.7256
-25.9289
42.1525
107.116
169.836
227.122
-249.81
-168.065
-95.2345
-25.3953
40.8983
104.182
165.322
220.941
-242.414
-163.281
-92.7108
-24.865
39.6078
101.188
160.738
214.728
-235.031
-158.485
-90.1736
-24.3354
38.303
98.1712
156.135
208.529
-227.702
-153.706
-87.6363
-23.804
37.0003
95.1609
151.548
202.375
-220.457
-148.964
-85.1086
-23.269
35.711
92.1751
146.997
196.283
-213.313
-144.274
-82.597
-22.7292
34.4427
89.2257
142.497
190.266
-206.281
-139.643
-80.1064
-22.1845
33.2
86.3199
138.055
184.331
-199.368
-135.079
-77.6403
-21.6348
31.9853
83.4619
133.676
178.48
-192.58
-130.586
-75.2013
-21.0809
30.7999
80.6542
129.363
172.718
-185.917
-126.165
-72.7913
-20.5233
29.6442
77.8979
125.118
167.045
-179.382
-121.819
-70.4121
-19.963
28.5181
75.1935
120.941
161.462
-172.974
-117.549
-68.0647
-19.4009
27.4213
72.5412
116.834
155.971
-166.694
-113.356
-65.7504
-18.8376
26.3533
69.9408
112.796
150.572
-160.541
-109.24
-63.4699
-18.2741
25.3136
67.3923
108.827
145.265
-154.515
-105.202
-61.2242
-17.711
24.3017
64.8956
104.929
140.051
-148.614
-101.241
-59.0138
-17.1491
23.3172
62.4503
101.101
134.93
-142.84
-97.3583
-56.8393
-16.5891
22.3594
60.0563
97.3438
129.902
-137.19
-93.5536
-54.7013
-16.0314
21.4281
57.7135
93.6572
124.968
-131.664
-89.827
-52.6002
-15.4767
20.5226
55.4216
90.0415
120.128
-126.261
-86.1784
-50.5364
-14.9255
19.6427
53.1804
86.497
115.383
-120.981
-82.6078
-48.5105
-14.3782
18.7879
50.9899
83.0238
110.732
-115.823
-79.115
-46.5226
-13.8355
17.9577
48.8496
79.622
106.177
-110.785
-75.7
-44.5732
-13.2977
17.1519
46.7595
76.2919
101.716
-105.868
-72.3627
-42.6626
-12.7654
16.3699
44.7194
73.0336
97.3506
-101.07
-69.1028
-40.791
-12.2388
15.6114
42.7289
69.8471
93.0807
-96.3914
-65.9202
-38.9588
-11.7185
14.8761
40.7879
66.7325
88.9064
-91.8303
-62.8147
-37.1662
-11.2049
14.1634
38.8962
63.6899
84.8279
-87.3863
-59.7862
-35.4134
-10.6983
13.4731
37.0534
60.7194
80.8452
-83.0589
-56.8344
-33.7007
-10.1992
12.8048
35.2593
57.821
76.9584
-78.8471
-53.9592
-32.0283
-9.70786
12.1581
33.5137
54.9947
73.1676
-74.7505
-51.1604
-30.3964
-9.22469
11.5327
31.8163
52.2405
69.4729
-70.7682
-48.4376
-28.8051
-8.75004
10.9281
30.1669
49.5585
65.8743
-66.8996
-45.7908
-27.2546
-8.28423
10.344
28.5651
46.9486
62.3718
-63.1439
-43.2196
-25.7452
-7.82759
9.78013
27.0107
44.4108
58.9655
-59.5007
-40.7238
-24.2768
-7.38043
9.23609
25.5035
41.9451
55.6554
-55.9692
-38.3032
-22.8498
-6.94305
8.71155
24.0432
39.5514
52.4414
-52.5487
-35.9576
-21.4641
-6.51575
8.2062
22.6294
37.2298
49.3236
-49.2388
-33.6868
-20.12
-6.09879
7.71971
21.262
34.9801
46.302
-46.0387
-31.4904
-18.8174
-5.69244
7.25177
19.9407
32.8023
43.3766
-42.9479
-29.3682
-17.5566
-5.29696
6.80207
18.6652
30.6964
40.5473
-39.9659
-27.32
-16.3375
-4.91259
6.37033
17.4353
28.6622
37.814
-37.092
-25.3456
-15.1603
-4.53956
5.95626
16.2506
26.6996
35.1768
-34.3258
-23.4447
-14.0251
-4.1781
5.55958
15.1111
24.8087
32.6356
-31.6667
-21.6171
-12.9319
-3.82843
5.18002
14.0163
22.9894
30.1904
-29.1142
-19.8626
-11.8807
-3.49073
4.81733
12.9661
21.2414
27.8411
-26.6678
-18.1808
-10.8715
-3.1652
4.47125
11.9603
19.5648
25.5876
-24.327
-16.5717
-9.90455
-2.85202
4.14154
10.9985
17.9595
23.43
-22.0914
-15.0349
-8.97971
-2.55136
3.82797
10.0807
16.4252
21.368
-19.9604
-13.5702
-8.09705
-2.26339
3.53034
9.20647
14.962
19.4018
-17.9336
-12.1774
-7.25657
-1.98825
3.2484
8.37571
13.5697
17.5311
-16.0106
-10.8563
-6.4583
-1.72607
2.98197
7.58818
12.2481
15.7558
-14.1909
-9.60664
-5.70222
-1.477
2.73085
6.84371
10.9973
14.076
-12.4742
-8.42823
-4.98834
-1.24115
2.49485
6.14208
9.81714
12.4916
-10.8599
-7.32084
-4.31663
-1.01863
2.27379
5.4831
8.70743
11.0025
-9.34782
-6.28427
-3.68708
-0.809536
2.0675
4.86658
7.66803
9.60847
-7.9374
-5.31827
-3.09964
-0.613957
1.87582
4.29231
6.69881
8.30949
-6.62824
-4.42257
-2.55423
-0.431977
1.69856
3.76009
5.79957
7.10539
-5.41989
-3.59689
-2.05074
-0.263643
1.53557
3.26968
4.9701
5.99598
-4.31186
-2.84087
-1.58899
-0.108947
1.38662
2.8207
4.2101
4.98104
-3.30358
-2.15403
-1.16865
0.0321681
1.25146
2.41274
3.51914
4.06025
-2.39439
-1.53573
-0.789217
0.159829
1.12975
2.04516
2.89661
3.23326
-1.58356
-0.985051
-0.449886
0.274283
1.02103
1.71704
2.34159
2.49965
-0.870304
-0.500673
-0.14938
0.375969
0.924607
1.42692
1.85277
1.85909
-0.254077
-0.0807492
0.114244
0.465562
0.839437
1.17262
1.4282
1.3116
0.264962
0.277291
0.343785
0.544006
0.764072
0.951026
1.06516
0.858124
0.685278
0.576742
0.542607
0.612139
0.696521
0.75805
0.760113
0.501585
1.00004
0.818781
0.71106
0.667447
0.632234
0.588153
0.509181
0.246279
1.21557
1.00948
0.854574
0.714379
0.573853
0.441049
0.309525
0.0974223
1.30577
1.202
1.04708
0.838212
0.59201
0.348256
0.139233
0.0515604
)
;
    }
    front
    {
        type            calculated;
        value           nonuniform List<scalar> 
640
(
-388.199
-251.384
-134.466
-27.3021
75.325
176.121
272.778
366.229
-312.363
-204.392
-107.762
-22.9543
52.3238
123.839
192.7
259.58
-301.149
-200.802
-109.728
-26.2271
49.9666
122.009
191.155
257.581
-296.789
-198.746
-110.704
-28.0275
48.9182
121.562
191.138
258.353
-293.143
-196.038
-109.894
-28.5075
47.8933
120.207
189.705
256.673
-288.921
-193.132
-108.492
-28.4034
47.0762
118.751
187.837
253.621
-283.79
-189.792
-106.727
-28.0295
46.2893
117.025
185.291
249.497
-277.858
-186.003
-104.705
-27.5395
45.4239
114.958
182.076
244.564
-271.321
-181.846
-102.499
-27.0081
44.4412
112.573
178.331
239.063
-264.368
-177.413
-100.158
-26.4674
43.3431
109.935
174.207
233.198
-257.158
-172.795
-97.7256
-25.9289
42.1525
107.116
169.836
227.122
-249.81
-168.065
-95.2345
-25.3953
40.8983
104.182
165.322
220.941
-242.414
-163.281
-92.7108
-24.865
39.6078
101.188
160.738
214.728
-235.031
-158.485
-90.1736
-24.3354
38.303
98.1712
156.135
208.529
-227.702
-153.706
-87.6363
-23.804
37.0003
95.1609
151.548
202.375
-220.457
-148.964
-85.1086
-23.269
35.711
92.1751
146.997
196.283
-213.313
-144.274
-82.597
-22.7292
34.4427
89.2257
142.497
190.266
-206.281
-139.643
-80.1064
-22.1845
33.2
86.3199
138.055
184.331
-199.368
-135.079
-77.6403
-21.6348
31.9853
83.4619
133.676
178.48
-192.58
-130.586
-75.2013
-21.0809
30.7999
80.6542
129.363
172.718
-185.917
-126.165
-72.7913
-20.5233
29.6442
77.8979
125.118
167.045
-179.382
-121.819
-70.4121
-19.963
28.5181
75.1935
120.941
161.462
-172.974
-117.549
-68.0647
-19.4009
27.4213
72.5412
116.834
155.971
-166.694
-113.356
-65.7504
-18.8376
26.3533
69.9408
112.796
150.572
-160.541
-109.24
-63.4699
-18.2741
25.3136
67.3923
108.827
145.265
-154.515
-105.202
-61.2242
-17.711
24.3017
64.8956
104.929
140.051
-148.614
-101.241
-59.0138
-17.1491
23.3172
62.4503
101.101
134.93
-142.84
-97.3583
-56.8393
-16.5891
22.3594
60.0563
97.3438
129.902
-137.19
-93.5536
-54.7013
-16.0314
21.4281
57.7135
93.6572
124.968
-131.664
-89.827
-52.6002
-15.4767
20.5226
55.4216
90.0415
120.128
-126.261
-86.1784
-50.5364
-14.9255
19.6427
53.1804
86.497
115.383
-120.981
-82.6078
-48.5105
-14.3782
18.7879
50.9899
83.0238
110.732
-115.823
-79.115
-46.5226
-13.8355
17.9577
48.8496
79.622
106.177
-110.785
-75.7
-44.5732
-13.2977
17.1519
46.7595
76.2919
101.716
-105.868
-72.3627
-42.6626
-12.7654
16.3699
44.7194
73.0336
97.3506
-101.07
-69.1028
-40.791
-12.2388
15.6114
42.7289
69.8471
93.0807
-96.3914
-65.9202
-38.9588
-11.7185
14.8761
40.7879
66.7325
88.9064
-91.8303
-62.8147
-37.1662
-11.2049
14.1634
38.8962
63.6899
84.8279
-87.3863
-59.7862
-35.4134
-10.6983
13.4731
37.0534
60.7194
80.8452
-83.0589
-56.8344
-33.7007
-10.1992
12.8048
35.2593
57.821
76.9584
-78.8471
-53.9592
-32.0283
-9.70785
12.1581
33.5137
54.9947
73.1676
-74.7505
-51.1604
-30.3964
-9.22469
11.5327
31.8163
52.2405
69.4729
-70.7682
-48.4376
-28.8051
-8.75004
10.9281
30.1669
49.5585
65.8743
-66.8996
-45.7908
-27.2546
-8.28423
10.344
28.5651
46.9486
62.3718
-63.1439
-43.2196
-25.7452
-7.82759
9.78013
27.0107
44.4108
58.9655
-59.5007
-40.7238
-24.2768
-7.38043
9.23609
25.5035
41.9451
55.6554
-55.9692
-38.3032
-22.8498
-6.94305
8.71155
24.0432
39.5514
52.4414
-52.5487
-35.9576
-21.4641
-6.51575
8.2062
22.6294
37.2298
49.3236
-49.2388
-33.6868
-20.1199
-6.09879
7.7197
21.262
34.9801
46.302
-46.0387
-31.4904
-18.8174
-5.69244
7.25176
19.9407
32.8023
43.3766
-42.9479
-29.3682
-17.5566
-5.29696
6.80207
18.6652
30.6964
40.5473
-39.9659
-27.32
-16.3375
-4.91259
6.37033
17.4353
28.6622
37.814
-37.092
-25.3456
-15.1603
-4.53956
5.95626
16.2506
26.6996
35.1768
-34.3258
-23.4447
-14.0251
-4.17811
5.55958
15.1111
24.8087
32.6356
-31.6667
-21.6171
-12.9319
-3.82843
5.18002
14.0163
22.9894
30.1904
-29.1142
-19.8626
-11.8807
-3.49073
4.81733
12.9661
21.2414
27.8411
-26.6678
-18.1808
-10.8715
-3.1652
4.47125
11.9603
19.5648
25.5876
-24.327
-16.5717
-9.90455
-2.85202
4.14154
10.9985
17.9595
23.43
-22.0914
-15.0349
-8.97971
-2.55136
3.82797
10.0807
16.4252
21.368
-19.9604
-13.5702
-8.09705
-2.26339
3.53033
9.20647
14.962
19.4018
-17.9336
-12.1774
-7.25657
-1.98824
3.2484
8.3757
13.5697
17.5311
-16.0106
-10.8563
-6.4583
-1.72607
2.98197
7.58818
12.2481
15.7558
-14.1909
-9.60664
-5.70222
-1.477
2.73085
6.8437
10.9973
14.076
-12.4742
-8.42823
-4.98834
-1.24115
2.49485
6.14207
9.81714
12.4916
-10.8599
-7.32085
-4.31663
-1.01863
2.27379
5.4831
8.70742
11.0025
-9.34782
-6.28427
-3.68708
-0.809534
2.0675
4.86658
7.66803
9.60847
-7.93739
-5.31827
-3.09964
-0.613956
1.87582
4.29231
6.69881
8.30949
-6.62824
-4.42257
-2.55423
-0.431976
1.69856
3.76009
5.79958
7.10539
-5.41989
-3.59689
-2.05074
-0.263642
1.53557
3.26968
4.9701
5.99598
-4.31186
-2.84087
-1.58899
-0.108947
1.38662
2.8207
4.2101
4.98104
-3.30358
-2.15403
-1.16865
0.0321675
1.25146
2.41274
3.51914
4.06025
-2.39439
-1.53573
-0.789216
0.159828
1.12975
2.04516
2.89661
3.23326
-1.58356
-0.985049
-0.449884
0.274282
1.02103
1.71704
2.34159
2.49965
-0.870307
-0.500672
-0.14938
0.375968
0.924607
1.42692
1.85277
1.85909
-0.254081
-0.0807499
0.114244
0.465561
0.839438
1.17262
1.4282
1.3116
0.264961
0.277289
0.343786
0.544004
0.764072
0.951029
1.06516
0.858126
0.685281
0.57674
0.542606
0.612137
0.696521
0.758053
0.760113
0.501585
1.00004
0.818779
0.711058
0.667446
0.632235
0.588156
0.509183
0.24627
1.21557
1.00948
0.854571
0.714376
0.573853
0.441052
0.309532
0.0974242
1.30578
1.202
1.04708
0.838206
0.592007
0.34826
0.139243
0.0515479
)
;
    }
    top
    {
        type            calculated;
        value           nonuniform List<scalar> 
640
(
377.461
398.833
431.981
446.609
446.609
431.981
398.833
377.461
299.986
317.252
331.432
335.744
335.744
331.432
317.252
299.986
299.114
315.786
327.07
331.225
331.225
327.07
315.786
299.114
300.018
312.797
321.989
325.998
325.998
321.989
312.797
300.018
297.324
305.911
312.608
315.854
315.854
312.608
305.911
297.324
293.126
298.503
302.965
305.302
305.302
302.965
298.503
293.126
287.986
291.055
293.793
295.334
295.334
293.793
291.055
287.986
282.187
283.669
285.163
286.083
286.083
285.163
283.669
282.187
275.956
276.39
277.026
277.491
277.491
277.026
276.39
275.956
269.467
269.227
269.288
269.434
269.434
269.288
269.227
269.467
262.842
262.174
261.858
261.789
261.789
261.858
262.174
262.842
256.162
255.222
254.665
254.453
254.453
254.665
255.222
256.162
249.476
248.363
247.653
247.349
247.349
247.653
248.363
249.476
242.814
241.587
240.782
240.42
240.42
240.782
241.587
242.814
236.194
234.89
234.026
233.629
233.629
234.026
234.89
236.194
229.629
228.269
227.368
226.95
226.95
227.368
228.269
229.629
223.123
221.721
220.798
220.367
220.367
220.798
221.721
223.123
216.682
215.246
214.309
213.871
213.871
214.309
215.246
216.682
210.308
208.844
207.899
207.458
207.458
207.899
208.844
210.308
204.004
202.516
201.566
201.124
201.124
201.566
202.516
204.004
197.771
196.264
195.311
194.87
194.87
195.311
196.264
197.771
191.611
190.088
189.135
188.695
188.695
189.135
190.088
191.611
185.525
183.99
183.038
182.601
182.601
183.038
183.99
185.525
179.516
177.971
177.022
176.588
176.588
177.022
177.971
179.516
173.584
172.034
171.089
170.658
170.658
171.089
172.034
173.584
167.732
166.178
165.239
164.812
164.812
165.239
166.178
167.732
161.959
160.407
159.474
159.051
159.051
159.474
160.407
161.959
156.269
154.72
153.796
153.378
153.378
153.796
154.72
156.269
150.663
149.12
148.205
147.792
147.792
148.205
149.12
150.663
145.141
143.608
142.703
142.296
142.296
142.703
143.608
145.141
139.705
138.184
137.292
136.891
136.891
137.292
138.184
139.705
134.357
132.851
131.971
131.577
131.577
131.971
132.851
134.357
129.098
127.609
126.743
126.356
126.356
126.743
127.609
129.098
123.929
122.46
121.609
121.229
121.229
121.609
122.46
123.929
118.852
117.404
116.569
116.197
116.197
116.569
117.404
118.852
113.867
112.443
111.625
111.261
111.261
111.625
112.443
113.867
108.977
107.578
106.778
106.422
106.422
106.778
107.578
108.977
104.182
102.81
102.028
101.681
101.681
102.028
102.81
104.182
99.4827
98.1407
97.3778
97.0396
97.0396
97.3778
98.1407
99.4827
94.8815
93.5701
92.8267
92.4977
92.4977
92.8267
93.5701
94.8815
90.3789
89.0995
88.3763
88.0566
88.0566
88.3763
89.0995
90.3789
85.9762
84.7299
84.0274
83.7171
83.7171
84.0274
84.7299
85.9762
81.6744
80.4623
79.7809
79.4802
79.4802
79.7809
80.4623
81.6744
77.4745
76.2976
75.6376
75.3465
75.3465
75.6376
76.2976
77.4745
73.3774
72.2366
71.5983
71.317
71.317
71.5983
72.2366
73.3774
69.3843
68.2802
67.6638
67.3923
67.3923
67.6638
68.2802
69.3843
65.4959
64.4292
63.8348
63.5732
63.5732
63.8348
64.4292
65.4959
61.7133
60.6843
60.112
59.8603
59.8603
60.112
60.6843
61.7133
58.0372
57.0463
56.4962
56.2544
56.2544
56.4962
57.0463
58.0372
54.4685
53.5158
52.988
52.756
52.756
52.988
53.5158
54.4685
51.0081
50.0937
49.5879
49.3657
49.3657
49.5879
50.0937
51.0081
47.6565
46.7805
46.2966
46.0841
46.0841
46.2966
46.7805
47.6565
44.4146
43.5768
43.1147
42.9117
42.9117
43.1147
43.5768
44.4146
41.283
40.4832
40.0426
39.8491
39.8491
40.0426
40.4832
41.283
38.2624
37.5002
37.0808
36.8967
36.8967
37.0808
37.5002
38.2624
35.3533
34.6283
34.2299
34.0549
34.0549
34.2299
34.6283
35.3533
32.5564
31.8681
31.4902
31.3242
31.3242
31.4902
31.8681
32.5564
29.8721
29.2199
28.8621
28.7049
28.7049
28.8621
29.2199
29.8721
27.3008
26.6841
26.346
26.1974
26.1974
26.346
26.6841
27.3008
24.8432
24.2611
23.9422
23.8019
23.8019
23.9422
24.2611
24.8432
22.4994
21.9512
21.6509
21.5188
21.5188
21.6509
21.9512
22.4994
20.27
19.7547
19.4725
19.3482
19.3482
19.4725
19.7547
20.27
18.1553
17.6719
17.4072
17.2906
17.2906
17.4072
17.6719
18.1553
16.1555
15.703
15.4553
15.346
15.346
15.4553
15.703
16.1555
14.2709
13.8482
13.6167
13.5145
13.5145
13.6167
13.8482
14.2709
12.5016
12.1077
11.8918
11.7964
11.7964
11.8918
12.1077
12.5016
10.8478
10.4814
10.2805
10.1917
10.1917
10.2805
10.4814
10.8478
9.30964
8.96959
8.78305
8.70046
8.70046
8.78305
8.96959
9.30964
7.88713
7.57228
7.39949
7.32297
7.32297
7.39949
7.57228
7.88713
6.58031
6.28955
6.13001
6.05938
6.05938
6.13
6.28954
6.58031
5.38917
5.12151
4.97485
4.91005
4.91005
4.97485
5.12151
5.38917
4.31366
4.06839
3.93447
3.87553
3.87553
3.93447
4.06839
4.31365
3.35383
3.1307
3.00969
2.95682
2.95682
3.00969
3.13069
3.35382
2.51
2.30949
2.20201
2.15555
2.15555
2.20201
2.30949
2.50999
1.78313
1.60686
1.51404
1.4745
1.4745
1.51404
1.60686
1.78313
1.17536
1.02664
0.950099
0.918047
0.918045
0.950096
1.02664
1.17537
0.690551
0.57488
0.516685
0.492643
0.492643
0.516686
0.574885
0.690558
0.334796
0.259888
0.223042
0.207468
0.207478
0.223055
0.259897
0.334789
0.107499
0.0867799
0.076221
0.0696166
0.0696317
0.0762364
0.0867774
0.107496
-0.0199369
0.0188109
0.034125
0.0360801
0.0360642
0.0341099
0.0188117
-0.019954
)
;
    }
    bottom
    {
        type            calculated;
        value           nonuniform List<scalar> 
640
(
-466.342
-463.242
-472.942
-477.958
-477.958
-472.942
-463.242
-466.342
-374.85
-390.639
-398.186
-400.587
-400.587
-398.186
-390.639
-374.85
-358.93
-374.906
-383.272
-386.155
-386.155
-383.272
-374.906
-358.93
-350.588
-363.645
-371.638
-374.766
-374.766
-371.638
-363.645
-350.588
-343.562
-352.964
-359.516
-362.366
-362.366
-359.516
-352.964
-343.562
-336.276
-342.837
-347.843
-350.194
-350.194
-347.843
-342.837
-336.276
-328.347
-332.907
-336.62
-338.453
-338.453
-336.62
-332.907
-328.347
-319.865
-323.085
-325.832
-327.225
-327.225
-325.832
-323.085
-319.865
-310.997
-313.362
-315.43
-316.487
-316.487
-315.43
-313.362
-310.997
-301.898
-303.739
-305.352
-306.171
-306.171
-305.352
-303.739
-301.898
-292.694
-294.231
-295.548
-296.204
-296.204
-295.548
-294.231
-292.694
-283.479
-284.851
-285.982
-286.531
-286.531
-285.982
-284.851
-283.479
-274.322
-275.616
-276.632
-277.112
-277.112
-276.632
-275.616
-274.322
-265.27
-266.535
-267.483
-267.921
-267.921
-267.483
-266.535
-265.27
-256.352
-257.62
-258.528
-258.939
-258.939
-258.528
-257.62
-256.352
-247.59
-248.875
-249.76
-250.155
-250.155
-249.76
-248.875
-247.59
-238.996
-240.305
-241.177
-241.562
-241.562
-241.177
-240.305
-238.996
-230.575
-231.912
-232.777
-233.155
-233.155
-232.777
-231.912
-230.575
-222.332
-223.696
-224.556
-224.93
-224.93
-224.556
-223.696
-222.332
-214.269
-215.657
-216.513
-216.884
-216.884
-216.513
-215.657
-214.269
-206.384
-207.794
-208.646
-209.013
-209.013
-208.646
-207.794
-206.384
-198.677
-200.105
-200.953
-201.317
-201.317
-200.953
-200.105
-198.677
-191.146
-192.59
-193.432
-193.793
-193.793
-193.432
-192.59
-191.146
-183.791
-185.245
-186.081
-186.438
-186.438
-186.081
-185.245
-183.791
-176.608
-178.07
-178.898
-179.252
-179.252
-178.898
-178.07
-176.608
-169.597
-171.062
-171.882
-172.231
-172.231
-171.882
-171.062
-169.597
-162.755
-164.22
-165.03
-165.374
-165.374
-165.03
-164.22
-162.755
-156.08
-157.542
-158.341
-158.68
-158.68
-158.341
-157.542
-156.08
-149.57
-151.026
-151.813
-152.146
-152.146
-151.813
-151.026
-149.57
-143.224
-144.669
-145.443
-145.771
-145.771
-145.443
-144.669
-143.224
-137.039
-138.471
-139.231
-139.552
-139.552
-139.231
-138.471
-137.039
-131.013
-132.43
-133.175
-133.489
-133.489
-133.175
-132.43
-131.013
-125.145
-126.543
-127.272
-127.58
-127.58
-127.272
-126.543
-125.145
-119.433
-120.809
-121.522
-121.822
-121.822
-121.522
-120.809
-119.433
-113.874
-115.226
-115.922
-116.214
-116.214
-115.922
-115.226
-113.874
-108.467
-109.793
-110.471
-110.756
-110.756
-110.471
-109.793
-108.467
-103.21
-104.508
-105.168
-105.444
-105.444
-105.168
-104.508
-103.21
-98.1007
-99.369
-100.01
-100.278
-100.278
-100.01
-99.369
-98.1007
-93.1382
-94.3747
-94.9956
-95.2551
-95.2551
-94.9956
-94.3747
-93.1382
-88.3203
-89.5234
-90.1243
-90.3752
-90.3752
-90.1242
-89.5234
-88.3203
-83.6454
-84.8135
-85.394
-85.6361
-85.6361
-85.394
-84.8135
-83.6454
-79.1117
-80.2435
-80.8032
-81.0365
-81.0365
-80.8032
-80.2435
-79.1117
-74.7176
-75.8119
-76.3506
-76.5748
-76.5748
-76.3506
-75.8119
-74.7176
-70.4614
-71.5173
-72.0347
-72.2498
-72.2498
-72.0347
-71.5173
-70.4614
-66.3416
-67.3581
-67.854
-68.0601
-68.0601
-67.854
-67.3581
-66.3416
-62.3566
-63.3329
-63.8073
-64.0042
-64.0042
-63.8073
-63.3329
-62.3566
-58.5049
-59.4404
-59.8932
-60.0809
-60.0809
-59.8932
-59.4404
-58.5049
-54.785
-55.6793
-56.1104
-56.289
-56.289
-56.1104
-55.6793
-54.785
-51.1955
-52.0481
-52.4576
-52.627
-52.627
-52.4576
-52.0481
-51.1955
-47.7349
-48.5457
-48.9336
-49.094
-49.094
-48.9336
-48.5457
-47.7349
-44.402
-45.1708
-45.5372
-45.6885
-45.6885
-45.5372
-45.1707
-44.402
-41.1953
-41.9221
-42.2673
-42.4096
-42.4096
-42.2673
-41.9221
-41.1953
-38.1136
-38.7985
-39.1226
-39.2561
-39.2561
-39.1226
-38.7985
-38.1136
-35.1556
-35.7989
-36.1021
-36.2268
-36.2268
-36.1021
-35.7989
-35.1556
-32.3202
-32.9221
-33.2048
-33.3208
-33.3208
-33.2048
-32.9221
-32.3202
-29.6061
-30.1672
-30.4295
-30.5371
-30.5371
-30.4295
-30.1672
-29.6061
-27.0123
-27.5329
-27.7753
-27.8745
-27.8745
-27.7753
-27.5329
-27.0123
-24.5376
-25.0184
-25.2413
-25.3323
-25.3323
-25.2413
-25.0184
-24.5376
-22.181
-22.6227
-22.8264
-22.9094
-22.9094
-22.8264
-22.6227
-22.181
-19.9415
-20.3449
-20.5298
-20.6049
-20.6049
-20.5298
-20.3449
-19.9415
-17.8181
-18.1839
-18.3506
-18.4181
-18.4181
-18.3506
-18.1839
-17.8181
-15.8099
-16.1391
-16.288
-16.348
-16.348
-16.288
-16.1391
-15.8099
-13.916
-14.2095
-14.3411
-14.3939
-14.3939
-14.3411
-14.2095
-13.916
-12.1356
-12.3944
-12.5092
-12.5551
-12.5551
-12.5092
-12.3944
-12.1356
-10.4677
-10.6929
-10.7915
-10.8306
-10.8306
-10.7915
-10.6929
-10.4677
-8.91173
-9.10443
-9.18741
-9.21999
-9.21998
-9.18741
-9.10443
-8.91172
-7.46681
-7.62817
-7.69613
-7.72247
-7.72247
-7.69613
-7.62817
-7.4668
-6.13224
-6.26348
-6.31708
-6.33749
-6.33749
-6.31708
-6.26347
-6.13223
-4.90732
-5.00972
-5.0497
-5.06453
-5.06453
-5.0497
-5.00972
-4.90731
-3.79136
-3.86634
-3.89355
-3.90322
-3.90322
-3.89355
-3.86634
-3.79136
-2.78371
-2.83285
-2.84832
-2.85337
-2.85336
-2.84833
-2.83285
-2.7837
-1.88383
-1.90902
-1.91402
-1.91509
-1.91509
-1.91403
-1.90902
-1.88382
-1.09142
-1.09497
-1.09111
-1.08899
-1.08899
-1.09111
-1.09497
-1.09143
-0.406738
-0.39156
-0.380832
-0.376488
-0.376489
-0.380831
-0.391559
-0.406743
0.168942
0.199047
0.214223
0.219752
0.219751
0.214225
0.19905
0.168939
0.632335
0.67256
0.689494
0.695227
0.695226
0.689497
0.672564
0.63234
0.976048
1.02071
1.03669
1.04187
1.04187
1.03669
1.02071
0.976056
1.19004
1.23134
1.24336
1.2475
1.2475
1.24336
1.23134
1.19004
1.25685
1.28613
1.29203
1.29551
1.29552
1.29203
1.28613
1.25685
1.23009
1.2302
1.23042
1.23512
1.23511
1.23042
1.2302
1.23009
)
;
    }
}


// ************************************************************************* //
