solid cylinder
  facet normal 9.996988187e-01 2.454122852e-02 0.000000000e+00
    outer loop
      vertex 1.150000000e+00 2.000000000e-01 -5.000000000e-02
      vertex 1.149939773e+00 2.024533837e-01 -5.000000000e-02
      vertex 1.149939773e+00 2.024533837e-01 1.500000000e-01
    endloop
  endfacet
  facet normal 9.996988187e-01 2.454122852e-02 -0.000000000e+00
    outer loop
      vertex 1.150000000e+00 2.000000000e-01 -5.000000000e-02
      vertex 1.149939773e+00 2.024533837e-01 1.500000000e-01
      vertex 1.150000000e+00 2.000000000e-01 1.500000000e-01
    endloop
  endfacet
  facet normal 0.000000000e+00 0.000000000e+00 -1.000000000e+00
    outer loop
      vertex 1.100000000e+00 2.000000000e-01 -5.000000000e-02
      vertex 1.149939773e+00 2.024533837e-01 -5.000000000e-02
      vertex 1.150000000e+00 2.000000000e-01 -5.000000000e-02
    endloop
  endfacet
  facet normal 0.000000000e+00 0.000000000e+00 1.000000000e+00
    outer loop
      vertex 1.100000000e+00 2.000000000e-01 1.500000000e-01
      vertex 1.150000000e+00 2.000000000e-01 1.500000000e-01
      vertex 1.149939773e+00 2.024533837e-01 1.500000000e-01
    endloop
  endfacet
  facet normal 9.972904567e-01 7.356456360e-02 0.000000000e+00
    outer loop
      vertex 1.149939773e+00 2.024533837e-01 -5.000000000e-02
      vertex 1.149759236e+00 2.049008570e-01 -5.000000000e-02
      vertex 1.149759236e+00 2.049008570e-01 1.500000000e-01
    endloop
  endfacet
  facet normal 9.972904567e-01 7.356456360e-02 -0.000000000e+00
    outer loop
      vertex 1.149939773e+00 2.024533837e-01 -5.000000000e-02
      vertex 1.149759236e+00 2.049008570e-01 1.500000000e-01
      vertex 1.149939773e+00 2.024533837e-01 1.500000000e-01
    endloop
  endfacet
  facet normal 0.000000000e+00 0.000000000e+00 -1.000000000e+00
    outer loop
      vertex 1.100000000e+00 2.000000000e-01 -5.000000000e-02
      vertex 1.149759236e+00 2.049008570e-01 -5.000000000e-02
      vertex 1.149939773e+00 2.024533837e-01 -5.000000000e-02
    endloop
  endfacet
  facet normal 0.000000000e+00 0.000000000e+00 1.000000000e+00
    outer loop
      vertex 1.100000000e+00 2.000000000e-01 1.500000000e-01
      vertex 1.149939773e+00 2.024533837e-01 1.500000000e-01
      vertex 1.149759236e+00 2.049008570e-01 1.500000000e-01
    endloop
  endfacet
  facet normal 9.924795346e-01 1.224106752e-01 0.000000000e+00
    outer loop
      vertex 1.149759236e+00 2.049008570e-01 -5.000000000e-02
      vertex 1.149458825e+00 2.073365237e-01 -5.000000000e-02
      vertex 1.149458825e+00 2.073365237e-01 1.500000000e-01
    endloop
  endfacet
  facet normal 9.924795346e-01 1.224106752e-01 -0.000000000e+00
    outer loop
      vertex 1.149759236e+00 2.049008570e-01 -5.000000000e-02
      vertex 1.149458825e+00 2.073365237e-01 1.500000000e-01
      vertex 1.149759236e+00 2.049008570e-01 1.500000000e-01
    endloop
  endfacet
  facet normal 0.000000000e+00 0.000000000e+00 -1.000000000e+00
    outer loop
      vertex 1.100000000e+00 2.000000000e-01 -5.000000000e-02
      vertex 1.149458825e+00 2.073365237e-01 -5.000000000e-02
      vertex 1.149759236e+00 2.049008570e-01 -5.000000000e-02
    endloop
  endfacet
  facet normal 0.000000000e+00 0.000000000e+00 1.000000000e+00
    outer loop
      vertex 1.100000000e+00 2.000000000e-01 1.500000000e-01
      vertex 1.149759236e+00 2.049008570e-01 1.500000000e-01
      vertex 1.149458825e+00 2.073365237e-01 1.500000000e-01
    endloop
  endfacet
  facet normal 9.852776424e-01 1.709618888e-01 0.000000000e+00
    outer loop
      vertex 1.149458825e+00 2.073365237e-01 -5.000000000e-02
      vertex 1.149039264e+00 2.097545161e-01 -5.000000000e-02
      vertex 1.149039264e+00 2.097545161e-01 1.500000000e-01
    endloop
  endfacet
  facet normal 9.852776424e-01 1.709618888e-01 -0.000000000e+00
    outer loop
      vertex 1.149458825e+00 2.073365237e-01 -5.000000000e-02
      vertex 1.149039264e+00 2.097545161e-01 1.500000000e-01
      vertex 1.149458825e+00 2.073365237e-01 1.500000000e-01
    endloop
  endfacet
  facet normal 0.000000000e+00 0.000000000e+00 -1.000000000e+00
    outer loop
      vertex 1.100000000e+00 2.000000000e-01 -5.000000000e-02
      vertex 1.149039264e+00 2.097545161e-01 -5.000000000e-02
      vertex 1.149458825e+00 2.073365237e-01 -5.000000000e-02
    endloop
  endfacet
  facet normal 0.000000000e+00 0.000000000e+00 1.000000000e+00
    outer loop
      vertex 1.100000000e+00 2.000000000e-01 1.500000000e-01
      vertex 1.149458825e+00 2.073365237e-01 1.500000000e-01
      vertex 1.149039264e+00 2.097545161e-01 1.500000000e-01
    endloop
  endfacet
  facet normal 9.757021300e-01 2.191012402e-01 0.000000000e+00
    outer loop
      vertex 1.149039264e+00 2.097545161e-01 -5.000000000e-02
      vertex 1.148501563e+00 2.121490090e-01 -5.000000000e-02
      vertex 1.148501563e+00 2.121490090e-01 1.500000000e-01
    endloop
  endfacet
  facet normal 9.757021300e-01 2.191012402e-01 -0.000000000e+00
    outer loop
      vertex 1.149039264e+00 2.097545161e-01 -5.000000000e-02
      vertex 1.148501563e+00 2.121490090e-01 1.500000000e-01
      vertex 1.149039264e+00 2.097545161e-01 1.500000000e-01
    endloop
  endfacet
  facet normal 0.000000000e+00 0.000000000e+00 -1.000000000e+00
    outer loop
      vertex 1.100000000e+00 2.000000000e-01 -5.000000000e-02
      vertex 1.148501563e+00 2.121490090e-01 -5.000000000e-02
      vertex 1.149039264e+00 2.097545161e-01 -5.000000000e-02
    endloop
  endfacet
  facet normal 0.000000000e+00 0.000000000e+00 1.000000000e+00
    outer loop
      vertex 1.100000000e+00 2.000000000e-01 1.500000000e-01
      vertex 1.149039264e+00 2.097545161e-01 1.500000000e-01
      vertex 1.148501563e+00 2.121490090e-01 1.500000000e-01
    endloop
  endfacet
  facet normal 9.637760658e-01 2.667127575e-01 0.000000000e+00
    outer loop
      vertex 1.148501563e+00 2.121490090e-01 -5.000000000e-02
      vertex 1.147847017e+00 2.145142339e-01 -5.000000000e-02
      vertex 1.147847017e+00 2.145142339e-01 1.500000000e-01
    endloop
  endfacet
  facet normal 9.637760658e-01 2.667127575e-01 -0.000000000e+00
    outer loop
      vertex 1.148501563e+00 2.121490090e-01 -5.000000000e-02
      vertex 1.147847017e+00 2.145142339e-01 1.500000000e-01
      vertex 1.148501563e+00 2.121490090e-01 1.500000000e-01
    endloop
  endfacet
  facet normal 0.000000000e+00 0.000000000e+00 -1.000000000e+00
    outer loop
      vertex 1.100000000e+00 2.000000000e-01 -5.000000000e-02
      vertex 1.147847017e+00 2.145142339e-01 -5.000000000e-02
      vertex 1.148501563e+00 2.121490090e-01 -5.000000000e-02
    endloop
  endfacet
  facet normal 0.000000000e+00 0.000000000e+00 1.000000000e+00
    outer loop
      vertex 1.100000000e+00 2.000000000e-01 1.500000000e-01
      vertex 1.148501563e+00 2.121490090e-01 1.500000000e-01
      vertex 1.147847017e+00 2.145142339e-01 1.500000000e-01
    endloop
  endfacet
  facet normal 9.495281806e-01 3.136817404e-01 0.000000000e+00
    outer loop
      vertex 1.147847017e+00 2.145142339e-01 -5.000000000e-02
      vertex 1.147077203e+00 2.168444927e-01 -5.000000000e-02
      vertex 1.147077203e+00 2.168444927e-01 1.500000000e-01
    endloop
  endfacet
  facet normal 9.495281806e-01 3.136817404e-01 -0.000000000e+00
    outer loop
      vertex 1.147847017e+00 2.145142339e-01 -5.000000000e-02
      vertex 1.147077203e+00 2.168444927e-01 1.500000000e-01
      vertex 1.147847017e+00 2.145142339e-01 1.500000000e-01
    endloop
  endfacet
  facet normal 0.000000000e+00 0.000000000e+00 -1.000000000e+00
    outer loop
      vertex 1.100000000e+00 2.000000000e-01 -5.000000000e-02
      vertex 1.147077203e+00 2.168444927e-01 -5.000000000e-02
      vertex 1.147847017e+00 2.145142339e-01 -5.000000000e-02
    endloop
  endfacet
  facet normal 0.000000000e+00 0.000000000e+00 1.000000000e+00
    outer loop
      vertex 1.100000000e+00 2.000000000e-01 1.500000000e-01
      vertex 1.147847017e+00 2.145142339e-01 1.500000000e-01
      vertex 1.147077203e+00 2.168444927e-01 1.500000000e-01
    endloop
  endfacet
  facet normal 9.329927988e-01 3.598950365e-01 0.000000000e+00
    outer loop
      vertex 1.147077203e+00 2.168444927e-01 -5.000000000e-02
      vertex 1.146193977e+00 2.191341716e-01 -5.000000000e-02
      vertex 1.146193977e+00 2.191341716e-01 1.500000000e-01
    endloop
  endfacet
  facet normal 9.329927988e-01 3.598950365e-01 -0.000000000e+00
    outer loop
      vertex 1.147077203e+00 2.168444927e-01 -5.000000000e-02
      vertex 1.146193977e+00 2.191341716e-01 1.500000000e-01
      vertex 1.147077203e+00 2.168444927e-01 1.500000000e-01
    endloop
  endfacet
  facet normal 0.000000000e+00 0.000000000e+00 -1.000000000e+00
    outer loop
      vertex 1.100000000e+00 2.000000000e-01 -5.000000000e-02
      vertex 1.146193977e+00 2.191341716e-01 -5.000000000e-02
      vertex 1.147077203e+00 2.168444927e-01 -5.000000000e-02
    endloop
  endfacet
  facet normal 0.000000000e+00 0.000000000e+00 1.000000000e+00
    outer loop
      vertex 1.100000000e+00 2.000000000e-01 1.500000000e-01
      vertex 1.147077203e+00 2.168444927e-01 1.500000000e-01
      vertex 1.146193977e+00 2.191341716e-01 1.500000000e-01
    endloop
  endfacet
  facet normal 9.142097557e-01 4.052413140e-01 0.000000000e+00
    outer loop
      vertex 1.146193977e+00 2.191341716e-01 -5.000000000e-02
      vertex 1.145199465e+00 2.213777547e-01 -5.000000000e-02
      vertex 1.145199465e+00 2.213777547e-01 1.500000000e-01
    endloop
  endfacet
  facet normal 9.142097557e-01 4.052413140e-01 -0.000000000e+00
    outer loop
      vertex 1.146193977e+00 2.191341716e-01 -5.000000000e-02
      vertex 1.145199465e+00 2.213777547e-01 1.500000000e-01
      vertex 1.146193977e+00 2.191341716e-01 1.500000000e-01
    endloop
  endfacet
  facet normal 0.000000000e+00 0.000000000e+00 -1.000000000e+00
    outer loop
      vertex 1.100000000e+00 2.000000000e-01 -5.000000000e-02
      vertex 1.145199465e+00 2.213777547e-01 -5.000000000e-02
      vertex 1.146193977e+00 2.191341716e-01 -5.000000000e-02
    endloop
  endfacet
  facet normal 0.000000000e+00 0.000000000e+00 1.000000000e+00
    outer loop
      vertex 1.100000000e+00 2.000000000e-01 1.500000000e-01
      vertex 1.146193977e+00 2.191341716e-01 1.500000000e-01
      vertex 1.145199465e+00 2.213777547e-01 1.500000000e-01
    endloop
  endfacet
  facet normal 8.932243012e-01 4.496113297e-01 0.000000000e+00
    outer loop
      vertex 1.145199465e+00 2.213777547e-01 -5.000000000e-02
      vertex 1.144096063e+00 2.235698368e-01 -5.000000000e-02
      vertex 1.144096063e+00 2.235698368e-01 1.500000000e-01
    endloop
  endfacet
  facet normal 8.932243012e-01 4.496113297e-01 -0.000000000e+00
    outer loop
      vertex 1.145199465e+00 2.213777547e-01 -5.000000000e-02
      vertex 1.144096063e+00 2.235698368e-01 1.500000000e-01
      vertex 1.145199465e+00 2.213777547e-01 1.500000000e-01
    endloop
  endfacet
  facet normal 0.000000000e+00 0.000000000e+00 -1.000000000e+00
    outer loop
      vertex 1.100000000e+00 2.000000000e-01 -5.000000000e-02
      vertex 1.144096063e+00 2.235698368e-01 -5.000000000e-02
      vertex 1.145199465e+00 2.213777547e-01 -5.000000000e-02
    endloop
  endfacet
  facet normal 0.000000000e+00 0.000000000e+00 1.000000000e+00
    outer loop
      vertex 1.100000000e+00 2.000000000e-01 1.500000000e-01
      vertex 1.145199465e+00 2.213777547e-01 1.500000000e-01
      vertex 1.144096063e+00 2.235698368e-01 1.500000000e-01
    endloop
  endfacet
  facet normal 8.700869911e-01 4.928981922e-01 0.000000000e+00
    outer loop
      vertex 1.144096063e+00 2.235698368e-01 -5.000000000e-02
      vertex 1.142886431e+00 2.257051372e-01 -5.000000000e-02
      vertex 1.142886431e+00 2.257051372e-01 1.500000000e-01
    endloop
  endfacet
  facet normal 8.700869911e-01 4.928981922e-01 -0.000000000e+00
    outer loop
      vertex 1.144096063e+00 2.235698368e-01 -5.000000000e-02
      vertex 1.142886431e+00 2.257051372e-01 1.500000000e-01
      vertex 1.144096063e+00 2.235698368e-01 1.500000000e-01
    endloop
  endfacet
  facet normal 0.000000000e+00 0.000000000e+00 -1.000000000e+00
    outer loop
      vertex 1.100000000e+00 2.000000000e-01 -5.000000000e-02
      vertex 1.142886431e+00 2.257051372e-01 -5.000000000e-02
      vertex 1.144096063e+00 2.235698368e-01 -5.000000000e-02
    endloop
  endfacet
  facet normal 0.000000000e+00 0.000000000e+00 1.000000000e+00
    outer loop
      vertex 1.100000000e+00 2.000000000e-01 1.500000000e-01
      vertex 1.144096063e+00 2.235698368e-01 1.500000000e-01
      vertex 1.142886431e+00 2.257051372e-01 1.500000000e-01
    endloop
  endfacet
  facet normal 8.448535652e-01 5.349976199e-01 0.000000000e+00
    outer loop
      vertex 1.142886431e+00 2.257051372e-01 -5.000000000e-02
      vertex 1.141573481e+00 2.277785117e-01 -5.000000000e-02
      vertex 1.141573481e+00 2.277785117e-01 1.500000000e-01
    endloop
  endfacet
  facet normal 8.448535652e-01 5.349976199e-01 -0.000000000e+00
    outer loop
      vertex 1.142886431e+00 2.257051372e-01 -5.000000000e-02
      vertex 1.141573481e+00 2.277785117e-01 1.500000000e-01
      vertex 1.142886431e+00 2.257051372e-01 1.500000000e-01
    endloop
  endfacet
  facet normal 0.000000000e+00 0.000000000e+00 -1.000000000e+00
    outer loop
      vertex 1.100000000e+00 2.000000000e-01 -5.000000000e-02
      vertex 1.141573481e+00 2.277785117e-01 -5.000000000e-02
      vertex 1.142886431e+00 2.257051372e-01 -5.000000000e-02
    endloop
  endfacet
  facet normal 0.000000000e+00 0.000000000e+00 1.000000000e+00
    outer loop
      vertex 1.100000000e+00 2.000000000e-01 1.500000000e-01
      vertex 1.142886431e+00 2.257051372e-01 1.500000000e-01
      vertex 1.141573481e+00 2.277785117e-01 1.500000000e-01
    endloop
  endfacet
  facet normal 8.175848132e-01 5.758081914e-01 0.000000000e+00
    outer loop
      vertex 1.141573481e+00 2.277785117e-01 -5.000000000e-02
      vertex 1.140160377e+00 2.297849652e-01 -5.000000000e-02
      vertex 1.140160377e+00 2.297849652e-01 1.500000000e-01
    endloop
  endfacet
  facet normal 8.175848132e-01 5.758081914e-01 -0.000000000e+00
    outer loop
      vertex 1.141573481e+00 2.277785117e-01 -5.000000000e-02
      vertex 1.140160377e+00 2.297849652e-01 1.500000000e-01
      vertex 1.141573481e+00 2.277785117e-01 1.500000000e-01
    endloop
  endfacet
  facet normal 0.000000000e+00 0.000000000e+00 -1.000000000e+00
    outer loop
      vertex 1.100000000e+00 2.000000000e-01 -5.000000000e-02
      vertex 1.140160377e+00 2.297849652e-01 -5.000000000e-02
      vertex 1.141573481e+00 2.277785117e-01 -5.000000000e-02
    endloop
  endfacet
  facet normal 0.000000000e+00 0.000000000e+00 1.000000000e+00
    outer loop
      vertex 1.100000000e+00 2.000000000e-01 1.500000000e-01
      vertex 1.141573481e+00 2.277785117e-01 1.500000000e-01
      vertex 1.140160377e+00 2.297849652e-01 1.500000000e-01
    endloop
  endfacet
  facet normal 7.883464276e-01 6.152315906e-01 0.000000000e+00
    outer loop
      vertex 1.140160377e+00 2.297849652e-01 -5.000000000e-02
      vertex 1.138650523e+00 2.317196642e-01 -5.000000000e-02
      vertex 1.138650523e+00 2.317196642e-01 1.500000000e-01
    endloop
  endfacet
  facet normal 7.883464276e-01 6.152315906e-01 -0.000000000e+00
    outer loop
      vertex 1.140160377e+00 2.297849652e-01 -5.000000000e-02
      vertex 1.138650523e+00 2.317196642e-01 1.500000000e-01
      vertex 1.140160377e+00 2.297849652e-01 1.500000000e-01
    endloop
  endfacet
  facet normal 0.000000000e+00 0.000000000e+00 -1.000000000e+00
    outer loop
      vertex 1.100000000e+00 2.000000000e-01 -5.000000000e-02
      vertex 1.138650523e+00 2.317196642e-01 -5.000000000e-02
      vertex 1.140160377e+00 2.297849652e-01 -5.000000000e-02
    endloop
  endfacet
  facet normal 0.000000000e+00 0.000000000e+00 1.000000000e+00
    outer loop
      vertex 1.100000000e+00 2.000000000e-01 1.500000000e-01
      vertex 1.140160377e+00 2.297849652e-01 1.500000000e-01
      vertex 1.138650523e+00 2.317196642e-01 1.500000000e-01
    endloop
  endfacet
  facet normal 7.572088465e-01 6.531728430e-01 0.000000000e+00
    outer loop
      vertex 1.138650523e+00 2.317196642e-01 -5.000000000e-02
      vertex 1.137047556e+00 2.335779477e-01 -5.000000000e-02
      vertex 1.137047556e+00 2.335779477e-01 1.500000000e-01
    endloop
  endfacet
  facet normal 7.572088465e-01 6.531728430e-01 -0.000000000e+00
    outer loop
      vertex 1.138650523e+00 2.317196642e-01 -5.000000000e-02
      vertex 1.137047556e+00 2.335779477e-01 1.500000000e-01
      vertex 1.138650523e+00 2.317196642e-01 1.500000000e-01
    endloop
  endfacet
  facet normal 0.000000000e+00 0.000000000e+00 -1.000000000e+00
    outer loop
      vertex 1.100000000e+00 2.000000000e-01 -5.000000000e-02
      vertex 1.137047556e+00 2.335779477e-01 -5.000000000e-02
      vertex 1.138650523e+00 2.317196642e-01 -5.000000000e-02
    endloop
  endfacet
  facet normal 0.000000000e+00 0.000000000e+00 1.000000000e+00
    outer loop
      vertex 1.100000000e+00 2.000000000e-01 1.500000000e-01
      vertex 1.138650523e+00 2.317196642e-01 1.500000000e-01
      vertex 1.137047556e+00 2.335779477e-01 1.500000000e-01
    endloop
  endfacet
  facet normal 7.242470830e-01 6.895405447e-01 0.000000000e+00
    outer loop
      vertex 1.137047556e+00 2.335779477e-01 -5.000000000e-02
      vertex 1.135355339e+00 2.353553391e-01 -5.000000000e-02
      vertex 1.135355339e+00 2.353553391e-01 1.500000000e-01
    endloop
  endfacet
  facet normal 7.242470830e-01 6.895405447e-01 -0.000000000e+00
    outer loop
      vertex 1.137047556e+00 2.335779477e-01 -5.000000000e-02
      vertex 1.135355339e+00 2.353553391e-01 1.500000000e-01
      vertex 1.137047556e+00 2.335779477e-01 1.500000000e-01
    endloop
  endfacet
  facet normal 0.000000000e+00 0.000000000e+00 -1.000000000e+00
    outer loop
      vertex 1.100000000e+00 2.000000000e-01 -5.000000000e-02
      vertex 1.135355339e+00 2.353553391e-01 -5.000000000e-02
      vertex 1.137047556e+00 2.335779477e-01 -5.000000000e-02
    endloop
  endfacet
  facet normal 0.000000000e+00 0.000000000e+00 1.000000000e+00
    outer loop
      vertex 1.100000000e+00 2.000000000e-01 1.500000000e-01
      vertex 1.137047556e+00 2.335779477e-01 1.500000000e-01
      vertex 1.135355339e+00 2.353553391e-01 1.500000000e-01
    endloop
  endfacet
  facet normal 6.895405447e-01 7.242470830e-01 0.000000000e+00
    outer loop
      vertex 1.135355339e+00 2.353553391e-01 -5.000000000e-02
      vertex 1.133577948e+00 2.370475563e-01 -5.000000000e-02
      vertex 1.133577948e+00 2.370475563e-01 1.500000000e-01
    endloop
  endfacet
  facet normal 6.895405447e-01 7.242470830e-01 -0.000000000e+00
    outer loop
      vertex 1.135355339e+00 2.353553391e-01 -5.000000000e-02
      vertex 1.133577948e+00 2.370475563e-01 1.500000000e-01
      vertex 1.135355339e+00 2.353553391e-01 1.500000000e-01
    endloop
  endfacet
  facet normal 0.000000000e+00 0.000000000e+00 -1.000000000e+00
    outer loop
      vertex 1.100000000e+00 2.000000000e-01 -5.000000000e-02
      vertex 1.133577948e+00 2.370475563e-01 -5.000000000e-02
      vertex 1.135355339e+00 2.353553391e-01 -5.000000000e-02
    endloop
  endfacet
  facet normal 0.000000000e+00 0.000000000e+00 1.000000000e+00
    outer loop
      vertex 1.100000000e+00 2.000000000e-01 1.500000000e-01
      vertex 1.135355339e+00 2.353553391e-01 1.500000000e-01
      vertex 1.133577948e+00 2.370475563e-01 1.500000000e-01
    endloop
  endfacet
  facet normal 6.531728430e-01 7.572088465e-01 0.000000000e+00
    outer loop
      vertex 1.133577948e+00 2.370475563e-01 -5.000000000e-02
      vertex 1.131719664e+00 2.386505227e-01 -5.000000000e-02
      vertex 1.131719664e+00 2.386505227e-01 1.500000000e-01
    endloop
  endfacet
  facet normal 6.531728430e-01 7.572088465e-01 -0.000000000e+00
    outer loop
      vertex 1.133577948e+00 2.370475563e-01 -5.000000000e-02
      vertex 1.131719664e+00 2.386505227e-01 1.500000000e-01
      vertex 1.133577948e+00 2.370475563e-01 1.500000000e-01
    endloop
  endfacet
  facet normal 0.000000000e+00 0.000000000e+00 -1.000000000e+00
    outer loop
      vertex 1.100000000e+00 2.000000000e-01 -5.000000000e-02
      vertex 1.131719664e+00 2.386505227e-01 -5.000000000e-02
      vertex 1.133577948e+00 2.370475563e-01 -5.000000000e-02
    endloop
  endfacet
  facet normal 0.000000000e+00 0.000000000e+00 1.000000000e+00
    outer loop
      vertex 1.100000000e+00 2.000000000e-01 1.500000000e-01
      vertex 1.133577948e+00 2.370475563e-01 1.500000000e-01
      vertex 1.131719664e+00 2.386505227e-01 1.500000000e-01
    endloop
  endfacet
  facet normal 6.152315906e-01 7.883464276e-01 0.000000000e+00
    outer loop
      vertex 1.131719664e+00 2.386505227e-01 -5.000000000e-02
      vertex 1.129784965e+00 2.401603766e-01 -5.000000000e-02
      vertex 1.129784965e+00 2.401603766e-01 1.500000000e-01
    endloop
  endfacet
  facet normal 6.152315906e-01 7.883464276e-01 -0.000000000e+00
    outer loop
      vertex 1.131719664e+00 2.386505227e-01 -5.000000000e-02
      vertex 1.129784965e+00 2.401603766e-01 1.500000000e-01
      vertex 1.131719664e+00 2.386505227e-01 1.500000000e-01
    endloop
  endfacet
  facet normal 0.000000000e+00 0.000000000e+00 -1.000000000e+00
    outer loop
      vertex 1.100000000e+00 2.000000000e-01 -5.000000000e-02
      vertex 1.129784965e+00 2.401603766e-01 -5.000000000e-02
      vertex 1.131719664e+00 2.386505227e-01 -5.000000000e-02
    endloop
  endfacet
  facet normal 0.000000000e+00 0.000000000e+00 1.000000000e+00
    outer loop
      vertex 1.100000000e+00 2.000000000e-01 1.500000000e-01
      vertex 1.131719664e+00 2.386505227e-01 1.500000000e-01
      vertex 1.129784965e+00 2.401603766e-01 1.500000000e-01
    endloop
  endfacet
  facet normal 5.758081914e-01 8.175848132e-01 0.000000000e+00
    outer loop
      vertex 1.129784965e+00 2.401603766e-01 -5.000000000e-02
      vertex 1.127778512e+00 2.415734806e-01 -5.000000000e-02
      vertex 1.127778512e+00 2.415734806e-01 1.500000000e-01
    endloop
  endfacet
  facet normal 5.758081914e-01 8.175848132e-01 -0.000000000e+00
    outer loop
      vertex 1.129784965e+00 2.401603766e-01 -5.000000000e-02
      vertex 1.127778512e+00 2.415734806e-01 1.500000000e-01
      vertex 1.129784965e+00 2.401603766e-01 1.500000000e-01
    endloop
  endfacet
  facet normal 0.000000000e+00 0.000000000e+00 -1.000000000e+00
    outer loop
      vertex 1.100000000e+00 2.000000000e-01 -5.000000000e-02
      vertex 1.127778512e+00 2.415734806e-01 -5.000000000e-02
      vertex 1.129784965e+00 2.401603766e-01 -5.000000000e-02
    endloop
  endfacet
  facet normal 0.000000000e+00 0.000000000e+00 1.000000000e+00
    outer loop
      vertex 1.100000000e+00 2.000000000e-01 1.500000000e-01
      vertex 1.129784965e+00 2.401603766e-01 1.500000000e-01
      vertex 1.127778512e+00 2.415734806e-01 1.500000000e-01
    endloop
  endfacet
  facet normal 5.349976199e-01 8.448535652e-01 0.000000000e+00
    outer loop
      vertex 1.127778512e+00 2.415734806e-01 -5.000000000e-02
      vertex 1.125705137e+00 2.428864305e-01 -5.000000000e-02
      vertex 1.125705137e+00 2.428864305e-01 1.500000000e-01
    endloop
  endfacet
  facet normal 5.349976199e-01 8.448535652e-01 -0.000000000e+00
    outer loop
      vertex 1.127778512e+00 2.415734806e-01 -5.000000000e-02
      vertex 1.125705137e+00 2.428864305e-01 1.500000000e-01
      vertex 1.127778512e+00 2.415734806e-01 1.500000000e-01
    endloop
  endfacet
  facet normal 0.000000000e+00 0.000000000e+00 -1.000000000e+00
    outer loop
      vertex 1.100000000e+00 2.000000000e-01 -5.000000000e-02
      vertex 1.125705137e+00 2.428864305e-01 -5.000000000e-02
      vertex 1.127778512e+00 2.415734806e-01 -5.000000000e-02
    endloop
  endfacet
  facet normal 0.000000000e+00 0.000000000e+00 1.000000000e+00
    outer loop
      vertex 1.100000000e+00 2.000000000e-01 1.500000000e-01
      vertex 1.127778512e+00 2.415734806e-01 1.500000000e-01
      vertex 1.125705137e+00 2.428864305e-01 1.500000000e-01
    endloop
  endfacet
  facet normal 4.928981922e-01 8.700869911e-01 0.000000000e+00
    outer loop
      vertex 1.125705137e+00 2.428864305e-01 -5.000000000e-02
      vertex 1.123569837e+00 2.440960632e-01 -5.000000000e-02
      vertex 1.123569837e+00 2.440960632e-01 1.500000000e-01
    endloop
  endfacet
  facet normal 4.928981922e-01 8.700869911e-01 -0.000000000e+00
    outer loop
      vertex 1.125705137e+00 2.428864305e-01 -5.000000000e-02
      vertex 1.123569837e+00 2.440960632e-01 1.500000000e-01
      vertex 1.125705137e+00 2.428864305e-01 1.500000000e-01
    endloop
  endfacet
  facet normal 0.000000000e+00 0.000000000e+00 -1.000000000e+00
    outer loop
      vertex 1.100000000e+00 2.000000000e-01 -5.000000000e-02
      vertex 1.123569837e+00 2.440960632e-01 -5.000000000e-02
      vertex 1.125705137e+00 2.428864305e-01 -5.000000000e-02
    endloop
  endfacet
  facet normal 0.000000000e+00 0.000000000e+00 1.000000000e+00
    outer loop
      vertex 1.100000000e+00 2.000000000e-01 1.500000000e-01
      vertex 1.125705137e+00 2.428864305e-01 1.500000000e-01
      vertex 1.123569837e+00 2.440960632e-01 1.500000000e-01
    endloop
  endfacet
  facet normal 4.496113297e-01 8.932243012e-01 0.000000000e+00
    outer loop
      vertex 1.123569837e+00 2.440960632e-01 -5.000000000e-02
      vertex 1.121377755e+00 2.451994647e-01 -5.000000000e-02
      vertex 1.121377755e+00 2.451994647e-01 1.500000000e-01
    endloop
  endfacet
  facet normal 4.496113297e-01 8.932243012e-01 -0.000000000e+00
    outer loop
      vertex 1.123569837e+00 2.440960632e-01 -5.000000000e-02
      vertex 1.121377755e+00 2.451994647e-01 1.500000000e-01
      vertex 1.123569837e+00 2.440960632e-01 1.500000000e-01
    endloop
  endfacet
  facet normal 0.000000000e+00 0.000000000e+00 -1.000000000e+00
    outer loop
      vertex 1.100000000e+00 2.000000000e-01 -5.000000000e-02
      vertex 1.121377755e+00 2.451994647e-01 -5.000000000e-02
      vertex 1.123569837e+00 2.440960632e-01 -5.000000000e-02
    endloop
  endfacet
  facet normal 0.000000000e+00 0.000000000e+00 1.000000000e+00
    outer loop
      vertex 1.100000000e+00 2.000000000e-01 1.500000000e-01
      vertex 1.123569837e+00 2.440960632e-01 1.500000000e-01
      vertex 1.121377755e+00 2.451994647e-01 1.500000000e-01
    endloop
  endfacet
  facet normal 4.052413140e-01 9.142097557e-01 0.000000000e+00
    outer loop
      vertex 1.121377755e+00 2.451994647e-01 -5.000000000e-02
      vertex 1.119134172e+00 2.461939766e-01 -5.000000000e-02
      vertex 1.119134172e+00 2.461939766e-01 1.500000000e-01
    endloop
  endfacet
  facet normal 4.052413140e-01 9.142097557e-01 -0.000000000e+00
    outer loop
      vertex 1.121377755e+00 2.451994647e-01 -5.000000000e-02
      vertex 1.119134172e+00 2.461939766e-01 1.500000000e-01
      vertex 1.121377755e+00 2.451994647e-01 1.500000000e-01
    endloop
  endfacet
  facet normal 0.000000000e+00 0.000000000e+00 -1.000000000e+00
    outer loop
      vertex 1.100000000e+00 2.000000000e-01 -5.000000000e-02
      vertex 1.119134172e+00 2.461939766e-01 -5.000000000e-02
      vertex 1.121377755e+00 2.451994647e-01 -5.000000000e-02
    endloop
  endfacet
  facet normal 0.000000000e+00 0.000000000e+00 1.000000000e+00
    outer loop
      vertex 1.100000000e+00 2.000000000e-01 1.500000000e-01
      vertex 1.121377755e+00 2.451994647e-01 1.500000000e-01
      vertex 1.119134172e+00 2.461939766e-01 1.500000000e-01
    endloop
  endfacet
  facet normal 3.598950365e-01 9.329927988e-01 0.000000000e+00
    outer loop
      vertex 1.119134172e+00 2.461939766e-01 -5.000000000e-02
      vertex 1.116844493e+00 2.470772033e-01 -5.000000000e-02
      vertex 1.116844493e+00 2.470772033e-01 1.500000000e-01
    endloop
  endfacet
  facet normal 3.598950365e-01 9.329927988e-01 -0.000000000e+00
    outer loop
      vertex 1.119134172e+00 2.461939766e-01 -5.000000000e-02
      vertex 1.116844493e+00 2.470772033e-01 1.500000000e-01
      vertex 1.119134172e+00 2.461939766e-01 1.500000000e-01
    endloop
  endfacet
  facet normal 0.000000000e+00 0.000000000e+00 -1.000000000e+00
    outer loop
      vertex 1.100000000e+00 2.000000000e-01 -5.000000000e-02
      vertex 1.116844493e+00 2.470772033e-01 -5.000000000e-02
      vertex 1.119134172e+00 2.461939766e-01 -5.000000000e-02
    endloop
  endfacet
  facet normal 0.000000000e+00 0.000000000e+00 1.000000000e+00
    outer loop
      vertex 1.100000000e+00 2.000000000e-01 1.500000000e-01
      vertex 1.119134172e+00 2.461939766e-01 1.500000000e-01
      vertex 1.116844493e+00 2.470772033e-01 1.500000000e-01
    endloop
  endfacet
  facet normal 3.136817404e-01 9.495281806e-01 0.000000000e+00
    outer loop
      vertex 1.116844493e+00 2.470772033e-01 -5.000000000e-02
      vertex 1.114514234e+00 2.478470168e-01 -5.000000000e-02
      vertex 1.114514234e+00 2.478470168e-01 1.500000000e-01
    endloop
  endfacet
  facet normal 3.136817404e-01 9.495281806e-01 -0.000000000e+00
    outer loop
      vertex 1.116844493e+00 2.470772033e-01 -5.000000000e-02
      vertex 1.114514234e+00 2.478470168e-01 1.500000000e-01
      vertex 1.116844493e+00 2.470772033e-01 1.500000000e-01
    endloop
  endfacet
  facet normal 0.000000000e+00 0.000000000e+00 -1.000000000e+00
    outer loop
      vertex 1.100000000e+00 2.000000000e-01 -5.000000000e-02
      vertex 1.114514234e+00 2.478470168e-01 -5.000000000e-02
      vertex 1.116844493e+00 2.470772033e-01 -5.000000000e-02
    endloop
  endfacet
  facet normal 0.000000000e+00 0.000000000e+00 1.000000000e+00
    outer loop
      vertex 1.100000000e+00 2.000000000e-01 1.500000000e-01
      vertex 1.116844493e+00 2.470772033e-01 1.500000000e-01
      vertex 1.114514234e+00 2.478470168e-01 1.500000000e-01
    endloop
  endfacet
  facet normal 2.667127575e-01 9.637760658e-01 0.000000000e+00
    outer loop
      vertex 1.114514234e+00 2.478470168e-01 -5.000000000e-02
      vertex 1.112149009e+00 2.485015627e-01 -5.000000000e-02
      vertex 1.112149009e+00 2.485015627e-01 1.500000000e-01
    endloop
  endfacet
  facet normal 2.667127575e-01 9.637760658e-01 -0.000000000e+00
    outer loop
      vertex 1.114514234e+00 2.478470168e-01 -5.000000000e-02
      vertex 1.112149009e+00 2.485015627e-01 1.500000000e-01
      vertex 1.114514234e+00 2.478470168e-01 1.500000000e-01
    endloop
  endfacet
  facet normal 0.000000000e+00 0.000000000e+00 -1.000000000e+00
    outer loop
      vertex 1.100000000e+00 2.000000000e-01 -5.000000000e-02
      vertex 1.112149009e+00 2.485015627e-01 -5.000000000e-02
      vertex 1.114514234e+00 2.478470168e-01 -5.000000000e-02
    endloop
  endfacet
  facet normal 0.000000000e+00 0.000000000e+00 1.000000000e+00
    outer loop
      vertex 1.100000000e+00 2.000000000e-01 1.500000000e-01
      vertex 1.114514234e+00 2.478470168e-01 1.500000000e-01
      vertex 1.112149009e+00 2.485015627e-01 1.500000000e-01
    endloop
  endfacet
  facet normal 2.191012402e-01 9.757021300e-01 0.000000000e+00
    outer loop
      vertex 1.112149009e+00 2.485015627e-01 -5.000000000e-02
      vertex 1.109754516e+00 2.490392640e-01 -5.000000000e-02
      vertex 1.109754516e+00 2.490392640e-01 1.500000000e-01
    endloop
  endfacet
  facet normal 2.191012402e-01 9.757021300e-01 -0.000000000e+00
    outer loop
      vertex 1.112149009e+00 2.485015627e-01 -5.000000000e-02
      vertex 1.109754516e+00 2.490392640e-01 1.500000000e-01
      vertex 1.112149009e+00 2.485015627e-01 1.500000000e-01
    endloop
  endfacet
  facet normal 0.000000000e+00 0.000000000e+00 -1.000000000e+00
    outer loop
      vertex 1.100000000e+00 2.000000000e-01 -5.000000000e-02
      vertex 1.109754516e+00 2.490392640e-01 -5.000000000e-02
      vertex 1.112149009e+00 2.485015627e-01 -5.000000000e-02
    endloop
  endfacet
  facet normal 0.000000000e+00 0.000000000e+00 1.000000000e+00
    outer loop
      vertex 1.100000000e+00 2.000000000e-01 1.500000000e-01
      vertex 1.112149009e+00 2.485015627e-01 1.500000000e-01
      vertex 1.109754516e+00 2.490392640e-01 1.500000000e-01
    endloop
  endfacet
  facet normal 1.709618888e-01 9.852776424e-01 0.000000000e+00
    outer loop
      vertex 1.109754516e+00 2.490392640e-01 -5.000000000e-02
      vertex 1.107336524e+00 2.494588255e-01 -5.000000000e-02
      vertex 1.107336524e+00 2.494588255e-01 1.500000000e-01
    endloop
  endfacet
  facet normal 1.709618888e-01 9.852776424e-01 -0.000000000e+00
    outer loop
      vertex 1.109754516e+00 2.490392640e-01 -5.000000000e-02
      vertex 1.107336524e+00 2.494588255e-01 1.500000000e-01
      vertex 1.109754516e+00 2.490392640e-01 1.500000000e-01
    endloop
  endfacet
  facet normal 0.000000000e+00 0.000000000e+00 -1.000000000e+00
    outer loop
      vertex 1.100000000e+00 2.000000000e-01 -5.000000000e-02
      vertex 1.107336524e+00 2.494588255e-01 -5.000000000e-02
      vertex 1.109754516e+00 2.490392640e-01 -5.000000000e-02
    endloop
  endfacet
  facet normal 0.000000000e+00 0.000000000e+00 1.000000000e+00
    outer loop
      vertex 1.100000000e+00 2.000000000e-01 1.500000000e-01
      vertex 1.109754516e+00 2.490392640e-01 1.500000000e-01
      vertex 1.107336524e+00 2.494588255e-01 1.500000000e-01
    endloop
  endfacet
  facet normal 1.224106752e-01 9.924795346e-01 0.000000000e+00
    outer loop
      vertex 1.107336524e+00 2.494588255e-01 -5.000000000e-02
      vertex 1.104900857e+00 2.497592363e-01 -5.000000000e-02
      vertex 1.104900857e+00 2.497592363e-01 1.500000000e-01
    endloop
  endfacet
  facet normal 1.224106752e-01 9.924795346e-01 -0.000000000e+00
    outer loop
      vertex 1.107336524e+00 2.494588255e-01 -5.000000000e-02
      vertex 1.104900857e+00 2.497592363e-01 1.500000000e-01
      vertex 1.107336524e+00 2.494588255e-01 1.500000000e-01
    endloop
  endfacet
  facet normal 0.000000000e+00 0.000000000e+00 -1.000000000e+00
    outer loop
      vertex 1.100000000e+00 2.000000000e-01 -5.000000000e-02
      vertex 1.104900857e+00 2.497592363e-01 -5.000000000e-02
      vertex 1.107336524e+00 2.494588255e-01 -5.000000000e-02
    endloop
  endfacet
  facet normal 0.000000000e+00 0.000000000e+00 1.000000000e+00
    outer loop
      vertex 1.100000000e+00 2.000000000e-01 1.500000000e-01
      vertex 1.107336524e+00 2.494588255e-01 1.500000000e-01
      vertex 1.104900857e+00 2.497592363e-01 1.500000000e-01
    endloop
  endfacet
  facet normal 7.356456360e-02 9.972904567e-01 0.000000000e+00
    outer loop
      vertex 1.104900857e+00 2.497592363e-01 -5.000000000e-02
      vertex 1.102453384e+00 2.499397728e-01 -5.000000000e-02
      vertex 1.102453384e+00 2.499397728e-01 1.500000000e-01
    endloop
  endfacet
  facet normal 7.356456360e-02 9.972904567e-01 -0.000000000e+00
    outer loop
      vertex 1.104900857e+00 2.497592363e-01 -5.000000000e-02
      vertex 1.102453384e+00 2.499397728e-01 1.500000000e-01
      vertex 1.104900857e+00 2.497592363e-01 1.500000000e-01
    endloop
  endfacet
  facet normal 0.000000000e+00 0.000000000e+00 -1.000000000e+00
    outer loop
      vertex 1.100000000e+00 2.000000000e-01 -5.000000000e-02
      vertex 1.102453384e+00 2.499397728e-01 -5.000000000e-02
      vertex 1.104900857e+00 2.497592363e-01 -5.000000000e-02
    endloop
  endfacet
  facet normal 0.000000000e+00 0.000000000e+00 1.000000000e+00
    outer loop
      vertex 1.100000000e+00 2.000000000e-01 1.500000000e-01
      vertex 1.104900857e+00 2.497592363e-01 1.500000000e-01
      vertex 1.102453384e+00 2.499397728e-01 1.500000000e-01
    endloop
  endfacet
  facet normal 2.454122852e-02 9.996988187e-01 0.000000000e+00
    outer loop
      vertex 1.102453384e+00 2.499397728e-01 -5.000000000e-02
      vertex 1.100000000e+00 2.500000000e-01 -5.000000000e-02
      vertex 1.100000000e+00 2.500000000e-01 1.500000000e-01
    endloop
  endfacet
  facet normal 2.454122852e-02 9.996988187e-01 -0.000000000e+00
    outer loop
      vertex 1.102453384e+00 2.499397728e-01 -5.000000000e-02
      vertex 1.100000000e+00 2.500000000e-01 1.500000000e-01
      vertex 1.102453384e+00 2.499397728e-01 1.500000000e-01
    endloop
  endfacet
  facet normal 0.000000000e+00 0.000000000e+00 -1.000000000e+00
    outer loop
      vertex 1.100000000e+00 2.000000000e-01 -5.000000000e-02
      vertex 1.100000000e+00 2.500000000e-01 -5.000000000e-02
      vertex 1.102453384e+00 2.499397728e-01 -5.000000000e-02
    endloop
  endfacet
  facet normal 0.000000000e+00 0.000000000e+00 1.000000000e+00
    outer loop
      vertex 1.100000000e+00 2.000000000e-01 1.500000000e-01
      vertex 1.102453384e+00 2.499397728e-01 1.500000000e-01
      vertex 1.100000000e+00 2.500000000e-01 1.500000000e-01
    endloop
  endfacet
  facet normal -2.454122852e-02 9.996988187e-01 0.000000000e+00
    outer loop
      vertex 1.100000000e+00 2.500000000e-01 -5.000000000e-02
      vertex 1.097546616e+00 2.499397728e-01 -5.000000000e-02
      vertex 1.097546616e+00 2.499397728e-01 1.500000000e-01
    endloop
  endfacet
  facet normal -2.454122852e-02 9.996988187e-01 0.000000000e+00
    outer loop
      vertex 1.100000000e+00 2.500000000e-01 -5.000000000e-02
      vertex 1.097546616e+00 2.499397728e-01 1.500000000e-01
      vertex 1.100000000e+00 2.500000000e-01 1.500000000e-01
    endloop
  endfacet
  facet normal 0.000000000e+00 0.000000000e+00 -1.000000000e+00
    outer loop
      vertex 1.100000000e+00 2.000000000e-01 -5.000000000e-02
      vertex 1.097546616e+00 2.499397728e-01 -5.000000000e-02
      vertex 1.100000000e+00 2.500000000e-01 -5.000000000e-02
    endloop
  endfacet
  facet normal 0.000000000e+00 -0.000000000e+00 1.000000000e+00
    outer loop
      vertex 1.100000000e+00 2.000000000e-01 1.500000000e-01
      vertex 1.100000000e+00 2.500000000e-01 1.500000000e-01
      vertex 1.097546616e+00 2.499397728e-01 1.500000000e-01
    endloop
  endfacet
  facet normal -7.356456360e-02 9.972904567e-01 0.000000000e+00
    outer loop
      vertex 1.097546616e+00 2.499397728e-01 -5.000000000e-02
      vertex 1.095099143e+00 2.497592363e-01 -5.000000000e-02
      vertex 1.095099143e+00 2.497592363e-01 1.500000000e-01
    endloop
  endfacet
  facet normal -7.356456360e-02 9.972904567e-01 0.000000000e+00
    outer loop
      vertex 1.097546616e+00 2.499397728e-01 -5.000000000e-02
      vertex 1.095099143e+00 2.497592363e-01 1.500000000e-01
      vertex 1.097546616e+00 2.499397728e-01 1.500000000e-01
    endloop
  endfacet
  facet normal 0.000000000e+00 0.000000000e+00 -1.000000000e+00
    outer loop
      vertex 1.100000000e+00 2.000000000e-01 -5.000000000e-02
      vertex 1.095099143e+00 2.497592363e-01 -5.000000000e-02
      vertex 1.097546616e+00 2.499397728e-01 -5.000000000e-02
    endloop
  endfacet
  facet normal 0.000000000e+00 0.000000000e+00 1.000000000e+00
    outer loop
      vertex 1.100000000e+00 2.000000000e-01 1.500000000e-01
      vertex 1.097546616e+00 2.499397728e-01 1.500000000e-01
      vertex 1.095099143e+00 2.497592363e-01 1.500000000e-01
    endloop
  endfacet
  facet normal -1.224106752e-01 9.924795346e-01 0.000000000e+00
    outer loop
      vertex 1.095099143e+00 2.497592363e-01 -5.000000000e-02
      vertex 1.092663476e+00 2.494588255e-01 -5.000000000e-02
      vertex 1.092663476e+00 2.494588255e-01 1.500000000e-01
    endloop
  endfacet
  facet normal -1.224106752e-01 9.924795346e-01 0.000000000e+00
    outer loop
      vertex 1.095099143e+00 2.497592363e-01 -5.000000000e-02
      vertex 1.092663476e+00 2.494588255e-01 1.500000000e-01
      vertex 1.095099143e+00 2.497592363e-01 1.500000000e-01
    endloop
  endfacet
  facet normal 0.000000000e+00 0.000000000e+00 -1.000000000e+00
    outer loop
      vertex 1.100000000e+00 2.000000000e-01 -5.000000000e-02
      vertex 1.092663476e+00 2.494588255e-01 -5.000000000e-02
      vertex 1.095099143e+00 2.497592363e-01 -5.000000000e-02
    endloop
  endfacet
  facet normal 0.000000000e+00 0.000000000e+00 1.000000000e+00
    outer loop
      vertex 1.100000000e+00 2.000000000e-01 1.500000000e-01
      vertex 1.095099143e+00 2.497592363e-01 1.500000000e-01
      vertex 1.092663476e+00 2.494588255e-01 1.500000000e-01
    endloop
  endfacet
  facet normal -1.709618888e-01 9.852776424e-01 0.000000000e+00
    outer loop
      vertex 1.092663476e+00 2.494588255e-01 -5.000000000e-02
      vertex 1.090245484e+00 2.490392640e-01 -5.000000000e-02
      vertex 1.090245484e+00 2.490392640e-01 1.500000000e-01
    endloop
  endfacet
  facet normal -1.709618888e-01 9.852776424e-01 0.000000000e+00
    outer loop
      vertex 1.092663476e+00 2.494588255e-01 -5.000000000e-02
      vertex 1.090245484e+00 2.490392640e-01 1.500000000e-01
      vertex 1.092663476e+00 2.494588255e-01 1.500000000e-01
    endloop
  endfacet
  facet normal 0.000000000e+00 0.000000000e+00 -1.000000000e+00
    outer loop
      vertex 1.100000000e+00 2.000000000e-01 -5.000000000e-02
      vertex 1.090245484e+00 2.490392640e-01 -5.000000000e-02
      vertex 1.092663476e+00 2.494588255e-01 -5.000000000e-02
    endloop
  endfacet
  facet normal 0.000000000e+00 0.000000000e+00 1.000000000e+00
    outer loop
      vertex 1.100000000e+00 2.000000000e-01 1.500000000e-01
      vertex 1.092663476e+00 2.494588255e-01 1.500000000e-01
      vertex 1.090245484e+00 2.490392640e-01 1.500000000e-01
    endloop
  endfacet
  facet normal -2.191012402e-01 9.757021300e-01 0.000000000e+00
    outer loop
      vertex 1.090245484e+00 2.490392640e-01 -5.000000000e-02
      vertex 1.087850991e+00 2.485015627e-01 -5.000000000e-02
      vertex 1.087850991e+00 2.485015627e-01 1.500000000e-01
    endloop
  endfacet
  facet normal -2.191012402e-01 9.757021300e-01 0.000000000e+00
    outer loop
      vertex 1.090245484e+00 2.490392640e-01 -5.000000000e-02
      vertex 1.087850991e+00 2.485015627e-01 1.500000000e-01
      vertex 1.090245484e+00 2.490392640e-01 1.500000000e-01
    endloop
  endfacet
  facet normal 0.000000000e+00 0.000000000e+00 -1.000000000e+00
    outer loop
      vertex 1.100000000e+00 2.000000000e-01 -5.000000000e-02
      vertex 1.087850991e+00 2.485015627e-01 -5.000000000e-02
      vertex 1.090245484e+00 2.490392640e-01 -5.000000000e-02
    endloop
  endfacet
  facet normal 0.000000000e+00 0.000000000e+00 1.000000000e+00
    outer loop
      vertex 1.100000000e+00 2.000000000e-01 1.500000000e-01
      vertex 1.090245484e+00 2.490392640e-01 1.500000000e-01
      vertex 1.087850991e+00 2.485015627e-01 1.500000000e-01
    endloop
  endfacet
  facet normal -2.667127575e-01 9.637760658e-01 0.000000000e+00
    outer loop
      vertex 1.087850991e+00 2.485015627e-01 -5.000000000e-02
      vertex 1.085485766e+00 2.478470168e-01 -5.000000000e-02
      vertex 1.085485766e+00 2.478470168e-01 1.500000000e-01
    endloop
  endfacet
  facet normal -2.667127575e-01 9.637760658e-01 0.000000000e+00
    outer loop
      vertex 1.087850991e+00 2.485015627e-01 -5.000000000e-02
      vertex 1.085485766e+00 2.478470168e-01 1.500000000e-01
      vertex 1.087850991e+00 2.485015627e-01 1.500000000e-01
    endloop
  endfacet
  facet normal 0.000000000e+00 0.000000000e+00 -1.000000000e+00
    outer loop
      vertex 1.100000000e+00 2.000000000e-01 -5.000000000e-02
      vertex 1.085485766e+00 2.478470168e-01 -5.000000000e-02
      vertex 1.087850991e+00 2.485015627e-01 -5.000000000e-02
    endloop
  endfacet
  facet normal 0.000000000e+00 0.000000000e+00 1.000000000e+00
    outer loop
      vertex 1.100000000e+00 2.000000000e-01 1.500000000e-01
      vertex 1.087850991e+00 2.485015627e-01 1.500000000e-01
      vertex 1.085485766e+00 2.478470168e-01 1.500000000e-01
    endloop
  endfacet
  facet normal -3.136817404e-01 9.495281806e-01 0.000000000e+00
    outer loop
      vertex 1.085485766e+00 2.478470168e-01 -5.000000000e-02
      vertex 1.083155507e+00 2.470772033e-01 -5.000000000e-02
      vertex 1.083155507e+00 2.470772033e-01 1.500000000e-01
    endloop
  endfacet
  facet normal -3.136817404e-01 9.495281806e-01 0.000000000e+00
    outer loop
      vertex 1.085485766e+00 2.478470168e-01 -5.000000000e-02
      vertex 1.083155507e+00 2.470772033e-01 1.500000000e-01
      vertex 1.085485766e+00 2.478470168e-01 1.500000000e-01
    endloop
  endfacet
  facet normal 0.000000000e+00 0.000000000e+00 -1.000000000e+00
    outer loop
      vertex 1.100000000e+00 2.000000000e-01 -5.000000000e-02
      vertex 1.083155507e+00 2.470772033e-01 -5.000000000e-02
      vertex 1.085485766e+00 2.478470168e-01 -5.000000000e-02
    endloop
  endfacet
  facet normal 0.000000000e+00 0.000000000e+00 1.000000000e+00
    outer loop
      vertex 1.100000000e+00 2.000000000e-01 1.500000000e-01
      vertex 1.085485766e+00 2.478470168e-01 1.500000000e-01
      vertex 1.083155507e+00 2.470772033e-01 1.500000000e-01
    endloop
  endfacet
  facet normal -3.598950365e-01 9.329927988e-01 0.000000000e+00
    outer loop
      vertex 1.083155507e+00 2.470772033e-01 -5.000000000e-02
      vertex 1.080865828e+00 2.461939766e-01 -5.000000000e-02
      vertex 1.080865828e+00 2.461939766e-01 1.500000000e-01
    endloop
  endfacet
  facet normal -3.598950365e-01 9.329927988e-01 0.000000000e+00
    outer loop
      vertex 1.083155507e+00 2.470772033e-01 -5.000000000e-02
      vertex 1.080865828e+00 2.461939766e-01 1.500000000e-01
      vertex 1.083155507e+00 2.470772033e-01 1.500000000e-01
    endloop
  endfacet
  facet normal 0.000000000e+00 0.000000000e+00 -1.000000000e+00
    outer loop
      vertex 1.100000000e+00 2.000000000e-01 -5.000000000e-02
      vertex 1.080865828e+00 2.461939766e-01 -5.000000000e-02
      vertex 1.083155507e+00 2.470772033e-01 -5.000000000e-02
    endloop
  endfacet
  facet normal 0.000000000e+00 0.000000000e+00 1.000000000e+00
    outer loop
      vertex 1.100000000e+00 2.000000000e-01 1.500000000e-01
      vertex 1.083155507e+00 2.470772033e-01 1.500000000e-01
      vertex 1.080865828e+00 2.461939766e-01 1.500000000e-01
    endloop
  endfacet
  facet normal -4.052413140e-01 9.142097557e-01 0.000000000e+00
    outer loop
      vertex 1.080865828e+00 2.461939766e-01 -5.000000000e-02
      vertex 1.078622245e+00 2.451994647e-01 -5.000000000e-02
      vertex 1.078622245e+00 2.451994647e-01 1.500000000e-01
    endloop
  endfacet
  facet normal -4.052413140e-01 9.142097557e-01 0.000000000e+00
    outer loop
      vertex 1.080865828e+00 2.461939766e-01 -5.000000000e-02
      vertex 1.078622245e+00 2.451994647e-01 1.500000000e-01
      vertex 1.080865828e+00 2.461939766e-01 1.500000000e-01
    endloop
  endfacet
  facet normal 0.000000000e+00 0.000000000e+00 -1.000000000e+00
    outer loop
      vertex 1.100000000e+00 2.000000000e-01 -5.000000000e-02
      vertex 1.078622245e+00 2.451994647e-01 -5.000000000e-02
      vertex 1.080865828e+00 2.461939766e-01 -5.000000000e-02
    endloop
  endfacet
  facet normal 0.000000000e+00 0.000000000e+00 1.000000000e+00
    outer loop
      vertex 1.100000000e+00 2.000000000e-01 1.500000000e-01
      vertex 1.080865828e+00 2.461939766e-01 1.500000000e-01
      vertex 1.078622245e+00 2.451994647e-01 1.500000000e-01
    endloop
  endfacet
  facet normal -4.496113297e-01 8.932243012e-01 0.000000000e+00
    outer loop
      vertex 1.078622245e+00 2.451994647e-01 -5.000000000e-02
      vertex 1.076430163e+00 2.440960632e-01 -5.000000000e-02
      vertex 1.076430163e+00 2.440960632e-01 1.500000000e-01
    endloop
  endfacet
  facet normal -4.496113297e-01 8.932243012e-01 0.000000000e+00
    outer loop
      vertex 1.078622245e+00 2.451994647e-01 -5.000000000e-02
      vertex 1.076430163e+00 2.440960632e-01 1.500000000e-01
      vertex 1.078622245e+00 2.451994647e-01 1.500000000e-01
    endloop
  endfacet
  facet normal 0.000000000e+00 0.000000000e+00 -1.000000000e+00
    outer loop
      vertex 1.100000000e+00 2.000000000e-01 -5.000000000e-02
      vertex 1.076430163e+00 2.440960632e-01 -5.000000000e-02
      vertex 1.078622245e+00 2.451994647e-01 -5.000000000e-02
    endloop
  endfacet
  facet normal 0.000000000e+00 0.000000000e+00 1.000000000e+00
    outer loop
      vertex 1.100000000e+00 2.000000000e-01 1.500000000e-01
      vertex 1.078622245e+00 2.451994647e-01 1.500000000e-01
      vertex 1.076430163e+00 2.440960632e-01 1.500000000e-01
    endloop
  endfacet
  facet normal -4.928981922e-01 8.700869911e-01 0.000000000e+00
    outer loop
      vertex 1.076430163e+00 2.440960632e-01 -5.000000000e-02
      vertex 1.074294863e+00 2.428864305e-01 -5.000000000e-02
      vertex 1.074294863e+00 2.428864305e-01 1.500000000e-01
    endloop
  endfacet
  facet normal -4.928981922e-01 8.700869911e-01 0.000000000e+00
    outer loop
      vertex 1.076430163e+00 2.440960632e-01 -5.000000000e-02
      vertex 1.074294863e+00 2.428864305e-01 1.500000000e-01
      vertex 1.076430163e+00 2.440960632e-01 1.500000000e-01
    endloop
  endfacet
  facet normal 0.000000000e+00 0.000000000e+00 -1.000000000e+00
    outer loop
      vertex 1.100000000e+00 2.000000000e-01 -5.000000000e-02
      vertex 1.074294863e+00 2.428864305e-01 -5.000000000e-02
      vertex 1.076430163e+00 2.440960632e-01 -5.000000000e-02
    endloop
  endfacet
  facet normal 0.000000000e+00 0.000000000e+00 1.000000000e+00
    outer loop
      vertex 1.100000000e+00 2.000000000e-01 1.500000000e-01
      vertex 1.076430163e+00 2.440960632e-01 1.500000000e-01
      vertex 1.074294863e+00 2.428864305e-01 1.500000000e-01
    endloop
  endfacet
  facet normal -5.349976199e-01 8.448535652e-01 0.000000000e+00
    outer loop
      vertex 1.074294863e+00 2.428864305e-01 -5.000000000e-02
      vertex 1.072221488e+00 2.415734806e-01 -5.000000000e-02
      vertex 1.072221488e+00 2.415734806e-01 1.500000000e-01
    endloop
  endfacet
  facet normal -5.349976199e-01 8.448535652e-01 0.000000000e+00
    outer loop
      vertex 1.074294863e+00 2.428864305e-01 -5.000000000e-02
      vertex 1.072221488e+00 2.415734806e-01 1.500000000e-01
      vertex 1.074294863e+00 2.428864305e-01 1.500000000e-01
    endloop
  endfacet
  facet normal 0.000000000e+00 0.000000000e+00 -1.000000000e+00
    outer loop
      vertex 1.100000000e+00 2.000000000e-01 -5.000000000e-02
      vertex 1.072221488e+00 2.415734806e-01 -5.000000000e-02
      vertex 1.074294863e+00 2.428864305e-01 -5.000000000e-02
    endloop
  endfacet
  facet normal 0.000000000e+00 0.000000000e+00 1.000000000e+00
    outer loop
      vertex 1.100000000e+00 2.000000000e-01 1.500000000e-01
      vertex 1.074294863e+00 2.428864305e-01 1.500000000e-01
      vertex 1.072221488e+00 2.415734806e-01 1.500000000e-01
    endloop
  endfacet
  facet normal -5.758081914e-01 8.175848132e-01 0.000000000e+00
    outer loop
      vertex 1.072221488e+00 2.415734806e-01 -5.000000000e-02
      vertex 1.070215035e+00 2.401603766e-01 -5.000000000e-02
      vertex 1.070215035e+00 2.401603766e-01 1.500000000e-01
    endloop
  endfacet
  facet normal -5.758081914e-01 8.175848132e-01 0.000000000e+00
    outer loop
      vertex 1.072221488e+00 2.415734806e-01 -5.000000000e-02
      vertex 1.070215035e+00 2.401603766e-01 1.500000000e-01
      vertex 1.072221488e+00 2.415734806e-01 1.500000000e-01
    endloop
  endfacet
  facet normal 0.000000000e+00 0.000000000e+00 -1.000000000e+00
    outer loop
      vertex 1.100000000e+00 2.000000000e-01 -5.000000000e-02
      vertex 1.070215035e+00 2.401603766e-01 -5.000000000e-02
      vertex 1.072221488e+00 2.415734806e-01 -5.000000000e-02
    endloop
  endfacet
  facet normal 0.000000000e+00 0.000000000e+00 1.000000000e+00
    outer loop
      vertex 1.100000000e+00 2.000000000e-01 1.500000000e-01
      vertex 1.072221488e+00 2.415734806e-01 1.500000000e-01
      vertex 1.070215035e+00 2.401603766e-01 1.500000000e-01
    endloop
  endfacet
  facet normal -6.152315906e-01 7.883464276e-01 0.000000000e+00
    outer loop
      vertex 1.070215035e+00 2.401603766e-01 -5.000000000e-02
      vertex 1.068280336e+00 2.386505227e-01 -5.000000000e-02
      vertex 1.068280336e+00 2.386505227e-01 1.500000000e-01
    endloop
  endfacet
  facet normal -6.152315906e-01 7.883464276e-01 0.000000000e+00
    outer loop
      vertex 1.070215035e+00 2.401603766e-01 -5.000000000e-02
      vertex 1.068280336e+00 2.386505227e-01 1.500000000e-01
      vertex 1.070215035e+00 2.401603766e-01 1.500000000e-01
    endloop
  endfacet
  facet normal 0.000000000e+00 0.000000000e+00 -1.000000000e+00
    outer loop
      vertex 1.100000000e+00 2.000000000e-01 -5.000000000e-02
      vertex 1.068280336e+00 2.386505227e-01 -5.000000000e-02
      vertex 1.070215035e+00 2.401603766e-01 -5.000000000e-02
    endloop
  endfacet
  facet normal 0.000000000e+00 0.000000000e+00 1.000000000e+00
    outer loop
      vertex 1.100000000e+00 2.000000000e-01 1.500000000e-01
      vertex 1.070215035e+00 2.401603766e-01 1.500000000e-01
      vertex 1.068280336e+00 2.386505227e-01 1.500000000e-01
    endloop
  endfacet
  facet normal -6.531728430e-01 7.572088465e-01 0.000000000e+00
    outer loop
      vertex 1.068280336e+00 2.386505227e-01 -5.000000000e-02
      vertex 1.066422052e+00 2.370475563e-01 -5.000000000e-02
      vertex 1.066422052e+00 2.370475563e-01 1.500000000e-01
    endloop
  endfacet
  facet normal -6.531728430e-01 7.572088465e-01 0.000000000e+00
    outer loop
      vertex 1.068280336e+00 2.386505227e-01 -5.000000000e-02
      vertex 1.066422052e+00 2.370475563e-01 1.500000000e-01
      vertex 1.068280336e+00 2.386505227e-01 1.500000000e-01
    endloop
  endfacet
  facet normal 0.000000000e+00 0.000000000e+00 -1.000000000e+00
    outer loop
      vertex 1.100000000e+00 2.000000000e-01 -5.000000000e-02
      vertex 1.066422052e+00 2.370475563e-01 -5.000000000e-02
      vertex 1.068280336e+00 2.386505227e-01 -5.000000000e-02
    endloop
  endfacet
  facet normal 0.000000000e+00 0.000000000e+00 1.000000000e+00
    outer loop
      vertex 1.100000000e+00 2.000000000e-01 1.500000000e-01
      vertex 1.068280336e+00 2.386505227e-01 1.500000000e-01
      vertex 1.066422052e+00 2.370475563e-01 1.500000000e-01
    endloop
  endfacet
  facet normal -6.895405447e-01 7.242470830e-01 0.000000000e+00
    outer loop
      vertex 1.066422052e+00 2.370475563e-01 -5.000000000e-02
      vertex 1.064644661e+00 2.353553391e-01 -5.000000000e-02
      vertex 1.064644661e+00 2.353553391e-01 1.500000000e-01
    endloop
  endfacet
  facet normal -6.895405447e-01 7.242470830e-01 0.000000000e+00
    outer loop
      vertex 1.066422052e+00 2.370475563e-01 -5.000000000e-02
      vertex 1.064644661e+00 2.353553391e-01 1.500000000e-01
      vertex 1.066422052e+00 2.370475563e-01 1.500000000e-01
    endloop
  endfacet
  facet normal 0.000000000e+00 0.000000000e+00 -1.000000000e+00
    outer loop
      vertex 1.100000000e+00 2.000000000e-01 -5.000000000e-02
      vertex 1.064644661e+00 2.353553391e-01 -5.000000000e-02
      vertex 1.066422052e+00 2.370475563e-01 -5.000000000e-02
    endloop
  endfacet
  facet normal 0.000000000e+00 0.000000000e+00 1.000000000e+00
    outer loop
      vertex 1.100000000e+00 2.000000000e-01 1.500000000e-01
      vertex 1.066422052e+00 2.370475563e-01 1.500000000e-01
      vertex 1.064644661e+00 2.353553391e-01 1.500000000e-01
    endloop
  endfacet
  facet normal -7.242470830e-01 6.895405447e-01 0.000000000e+00
    outer loop
      vertex 1.064644661e+00 2.353553391e-01 -5.000000000e-02
      vertex 1.062952444e+00 2.335779477e-01 -5.000000000e-02
      vertex 1.062952444e+00 2.335779477e-01 1.500000000e-01
    endloop
  endfacet
  facet normal -7.242470830e-01 6.895405447e-01 0.000000000e+00
    outer loop
      vertex 1.064644661e+00 2.353553391e-01 -5.000000000e-02
      vertex 1.062952444e+00 2.335779477e-01 1.500000000e-01
      vertex 1.064644661e+00 2.353553391e-01 1.500000000e-01
    endloop
  endfacet
  facet normal 0.000000000e+00 0.000000000e+00 -1.000000000e+00
    outer loop
      vertex 1.100000000e+00 2.000000000e-01 -5.000000000e-02
      vertex 1.062952444e+00 2.335779477e-01 -5.000000000e-02
      vertex 1.064644661e+00 2.353553391e-01 -5.000000000e-02
    endloop
  endfacet
  facet normal 0.000000000e+00 0.000000000e+00 1.000000000e+00
    outer loop
      vertex 1.100000000e+00 2.000000000e-01 1.500000000e-01
      vertex 1.064644661e+00 2.353553391e-01 1.500000000e-01
      vertex 1.062952444e+00 2.335779477e-01 1.500000000e-01
    endloop
  endfacet
  facet normal -7.572088465e-01 6.531728430e-01 0.000000000e+00
    outer loop
      vertex 1.062952444e+00 2.335779477e-01 -5.000000000e-02
      vertex 1.061349477e+00 2.317196642e-01 -5.000000000e-02
      vertex 1.061349477e+00 2.317196642e-01 1.500000000e-01
    endloop
  endfacet
  facet normal -7.572088465e-01 6.531728430e-01 0.000000000e+00
    outer loop
      vertex 1.062952444e+00 2.335779477e-01 -5.000000000e-02
      vertex 1.061349477e+00 2.317196642e-01 1.500000000e-01
      vertex 1.062952444e+00 2.335779477e-01 1.500000000e-01
    endloop
  endfacet
  facet normal 0.000000000e+00 0.000000000e+00 -1.000000000e+00
    outer loop
      vertex 1.100000000e+00 2.000000000e-01 -5.000000000e-02
      vertex 1.061349477e+00 2.317196642e-01 -5.000000000e-02
      vertex 1.062952444e+00 2.335779477e-01 -5.000000000e-02
    endloop
  endfacet
  facet normal 0.000000000e+00 0.000000000e+00 1.000000000e+00
    outer loop
      vertex 1.100000000e+00 2.000000000e-01 1.500000000e-01
      vertex 1.062952444e+00 2.335779477e-01 1.500000000e-01
      vertex 1.061349477e+00 2.317196642e-01 1.500000000e-01
    endloop
  endfacet
  facet normal -7.883464276e-01 6.152315906e-01 0.000000000e+00
    outer loop
      vertex 1.061349477e+00 2.317196642e-01 -5.000000000e-02
      vertex 1.059839623e+00 2.297849652e-01 -5.000000000e-02
      vertex 1.059839623e+00 2.297849652e-01 1.500000000e-01
    endloop
  endfacet
  facet normal -7.883464276e-01 6.152315906e-01 0.000000000e+00
    outer loop
      vertex 1.061349477e+00 2.317196642e-01 -5.000000000e-02
      vertex 1.059839623e+00 2.297849652e-01 1.500000000e-01
      vertex 1.061349477e+00 2.317196642e-01 1.500000000e-01
    endloop
  endfacet
  facet normal 0.000000000e+00 0.000000000e+00 -1.000000000e+00
    outer loop
      vertex 1.100000000e+00 2.000000000e-01 -5.000000000e-02
      vertex 1.059839623e+00 2.297849652e-01 -5.000000000e-02
      vertex 1.061349477e+00 2.317196642e-01 -5.000000000e-02
    endloop
  endfacet
  facet normal 0.000000000e+00 0.000000000e+00 1.000000000e+00
    outer loop
      vertex 1.100000000e+00 2.000000000e-01 1.500000000e-01
      vertex 1.061349477e+00 2.317196642e-01 1.500000000e-01
      vertex 1.059839623e+00 2.297849652e-01 1.500000000e-01
    endloop
  endfacet
  facet normal -8.175848132e-01 5.758081914e-01 0.000000000e+00
    outer loop
      vertex 1.059839623e+00 2.297849652e-01 -5.000000000e-02
      vertex 1.058426519e+00 2.277785117e-01 -5.000000000e-02
      vertex 1.058426519e+00 2.277785117e-01 1.500000000e-01
    endloop
  endfacet
  facet normal -8.175848132e-01 5.758081914e-01 0.000000000e+00
    outer loop
      vertex 1.059839623e+00 2.297849652e-01 -5.000000000e-02
      vertex 1.058426519e+00 2.277785117e-01 1.500000000e-01
      vertex 1.059839623e+00 2.297849652e-01 1.500000000e-01
    endloop
  endfacet
  facet normal 0.000000000e+00 0.000000000e+00 -1.000000000e+00
    outer loop
      vertex 1.100000000e+00 2.000000000e-01 -5.000000000e-02
      vertex 1.058426519e+00 2.277785117e-01 -5.000000000e-02
      vertex 1.059839623e+00 2.297849652e-01 -5.000000000e-02
    endloop
  endfacet
  facet normal 0.000000000e+00 0.000000000e+00 1.000000000e+00
    outer loop
      vertex 1.100000000e+00 2.000000000e-01 1.500000000e-01
      vertex 1.059839623e+00 2.297849652e-01 1.500000000e-01
      vertex 1.058426519e+00 2.277785117e-01 1.500000000e-01
    endloop
  endfacet
  facet normal -8.448535652e-01 5.349976199e-01 0.000000000e+00
    outer loop
      vertex 1.058426519e+00 2.277785117e-01 -5.000000000e-02
      vertex 1.057113569e+00 2.257051372e-01 -5.000000000e-02
      vertex 1.057113569e+00 2.257051372e-01 1.500000000e-01
    endloop
  endfacet
  facet normal -8.448535652e-01 5.349976199e-01 0.000000000e+00
    outer loop
      vertex 1.058426519e+00 2.277785117e-01 -5.000000000e-02
      vertex 1.057113569e+00 2.257051372e-01 1.500000000e-01
      vertex 1.058426519e+00 2.277785117e-01 1.500000000e-01
    endloop
  endfacet
  facet normal 0.000000000e+00 0.000000000e+00 -1.000000000e+00
    outer loop
      vertex 1.100000000e+00 2.000000000e-01 -5.000000000e-02
      vertex 1.057113569e+00 2.257051372e-01 -5.000000000e-02
      vertex 1.058426519e+00 2.277785117e-01 -5.000000000e-02
    endloop
  endfacet
  facet normal 0.000000000e+00 0.000000000e+00 1.000000000e+00
    outer loop
      vertex 1.100000000e+00 2.000000000e-01 1.500000000e-01
      vertex 1.058426519e+00 2.277785117e-01 1.500000000e-01
      vertex 1.057113569e+00 2.257051372e-01 1.500000000e-01
    endloop
  endfacet
  facet normal -8.700869911e-01 4.928981922e-01 0.000000000e+00
    outer loop
      vertex 1.057113569e+00 2.257051372e-01 -5.000000000e-02
      vertex 1.055903937e+00 2.235698368e-01 -5.000000000e-02
      vertex 1.055903937e+00 2.235698368e-01 1.500000000e-01
    endloop
  endfacet
  facet normal -8.700869911e-01 4.928981922e-01 0.000000000e+00
    outer loop
      vertex 1.057113569e+00 2.257051372e-01 -5.000000000e-02
      vertex 1.055903937e+00 2.235698368e-01 1.500000000e-01
      vertex 1.057113569e+00 2.257051372e-01 1.500000000e-01
    endloop
  endfacet
  facet normal 0.000000000e+00 0.000000000e+00 -1.000000000e+00
    outer loop
      vertex 1.100000000e+00 2.000000000e-01 -5.000000000e-02
      vertex 1.055903937e+00 2.235698368e-01 -5.000000000e-02
      vertex 1.057113569e+00 2.257051372e-01 -5.000000000e-02
    endloop
  endfacet
  facet normal 0.000000000e+00 0.000000000e+00 1.000000000e+00
    outer loop
      vertex 1.100000000e+00 2.000000000e-01 1.500000000e-01
      vertex 1.057113569e+00 2.257051372e-01 1.500000000e-01
      vertex 1.055903937e+00 2.235698368e-01 1.500000000e-01
    endloop
  endfacet
  facet normal -8.932243012e-01 4.496113297e-01 0.000000000e+00
    outer loop
      vertex 1.055903937e+00 2.235698368e-01 -5.000000000e-02
      vertex 1.054800535e+00 2.213777547e-01 -5.000000000e-02
      vertex 1.054800535e+00 2.213777547e-01 1.500000000e-01
    endloop
  endfacet
  facet normal -8.932243012e-01 4.496113297e-01 0.000000000e+00
    outer loop
      vertex 1.055903937e+00 2.235698368e-01 -5.000000000e-02
      vertex 1.054800535e+00 2.213777547e-01 1.500000000e-01
      vertex 1.055903937e+00 2.235698368e-01 1.500000000e-01
    endloop
  endfacet
  facet normal 0.000000000e+00 0.000000000e+00 -1.000000000e+00
    outer loop
      vertex 1.100000000e+00 2.000000000e-01 -5.000000000e-02
      vertex 1.054800535e+00 2.213777547e-01 -5.000000000e-02
      vertex 1.055903937e+00 2.235698368e-01 -5.000000000e-02
    endloop
  endfacet
  facet normal 0.000000000e+00 0.000000000e+00 1.000000000e+00
    outer loop
      vertex 1.100000000e+00 2.000000000e-01 1.500000000e-01
      vertex 1.055903937e+00 2.235698368e-01 1.500000000e-01
      vertex 1.054800535e+00 2.213777547e-01 1.500000000e-01
    endloop
  endfacet
  facet normal -9.142097557e-01 4.052413140e-01 0.000000000e+00
    outer loop
      vertex 1.054800535e+00 2.213777547e-01 -5.000000000e-02
      vertex 1.053806023e+00 2.191341716e-01 -5.000000000e-02
      vertex 1.053806023e+00 2.191341716e-01 1.500000000e-01
    endloop
  endfacet
  facet normal -9.142097557e-01 4.052413140e-01 0.000000000e+00
    outer loop
      vertex 1.054800535e+00 2.213777547e-01 -5.000000000e-02
      vertex 1.053806023e+00 2.191341716e-01 1.500000000e-01
      vertex 1.054800535e+00 2.213777547e-01 1.500000000e-01
    endloop
  endfacet
  facet normal 0.000000000e+00 0.000000000e+00 -1.000000000e+00
    outer loop
      vertex 1.100000000e+00 2.000000000e-01 -5.000000000e-02
      vertex 1.053806023e+00 2.191341716e-01 -5.000000000e-02
      vertex 1.054800535e+00 2.213777547e-01 -5.000000000e-02
    endloop
  endfacet
  facet normal 0.000000000e+00 0.000000000e+00 1.000000000e+00
    outer loop
      vertex 1.100000000e+00 2.000000000e-01 1.500000000e-01
      vertex 1.054800535e+00 2.213777547e-01 1.500000000e-01
      vertex 1.053806023e+00 2.191341716e-01 1.500000000e-01
    endloop
  endfacet
  facet normal -9.329927988e-01 3.598950365e-01 0.000000000e+00
    outer loop
      vertex 1.053806023e+00 2.191341716e-01 -5.000000000e-02
      vertex 1.052922797e+00 2.168444927e-01 -5.000000000e-02
      vertex 1.052922797e+00 2.168444927e-01 1.500000000e-01
    endloop
  endfacet
  facet normal -9.329927988e-01 3.598950365e-01 0.000000000e+00
    outer loop
      vertex 1.053806023e+00 2.191341716e-01 -5.000000000e-02
      vertex 1.052922797e+00 2.168444927e-01 1.500000000e-01
      vertex 1.053806023e+00 2.191341716e-01 1.500000000e-01
    endloop
  endfacet
  facet normal 0.000000000e+00 0.000000000e+00 -1.000000000e+00
    outer loop
      vertex 1.100000000e+00 2.000000000e-01 -5.000000000e-02
      vertex 1.052922797e+00 2.168444927e-01 -5.000000000e-02
      vertex 1.053806023e+00 2.191341716e-01 -5.000000000e-02
    endloop
  endfacet
  facet normal 0.000000000e+00 0.000000000e+00 1.000000000e+00
    outer loop
      vertex 1.100000000e+00 2.000000000e-01 1.500000000e-01
      vertex 1.053806023e+00 2.191341716e-01 1.500000000e-01
      vertex 1.052922797e+00 2.168444927e-01 1.500000000e-01
    endloop
  endfacet
  facet normal -9.495281806e-01 3.136817404e-01 0.000000000e+00
    outer loop
      vertex 1.052922797e+00 2.168444927e-01 -5.000000000e-02
      vertex 1.052152983e+00 2.145142339e-01 -5.000000000e-02
      vertex 1.052152983e+00 2.145142339e-01 1.500000000e-01
    endloop
  endfacet
  facet normal -9.495281806e-01 3.136817404e-01 0.000000000e+00
    outer loop
      vertex 1.052922797e+00 2.168444927e-01 -5.000000000e-02
      vertex 1.052152983e+00 2.145142339e-01 1.500000000e-01
      vertex 1.052922797e+00 2.168444927e-01 1.500000000e-01
    endloop
  endfacet
  facet normal 0.000000000e+00 0.000000000e+00 -1.000000000e+00
    outer loop
      vertex 1.100000000e+00 2.000000000e-01 -5.000000000e-02
      vertex 1.052152983e+00 2.145142339e-01 -5.000000000e-02
      vertex 1.052922797e+00 2.168444927e-01 -5.000000000e-02
    endloop
  endfacet
  facet normal 0.000000000e+00 0.000000000e+00 1.000000000e+00
    outer loop
      vertex 1.100000000e+00 2.000000000e-01 1.500000000e-01
      vertex 1.052922797e+00 2.168444927e-01 1.500000000e-01
      vertex 1.052152983e+00 2.145142339e-01 1.500000000e-01
    endloop
  endfacet
  facet normal -9.637760658e-01 2.667127575e-01 0.000000000e+00
    outer loop
      vertex 1.052152983e+00 2.145142339e-01 -5.000000000e-02
      vertex 1.051498437e+00 2.121490090e-01 -5.000000000e-02
      vertex 1.051498437e+00 2.121490090e-01 1.500000000e-01
    endloop
  endfacet
  facet normal -9.637760658e-01 2.667127575e-01 0.000000000e+00
    outer loop
      vertex 1.052152983e+00 2.145142339e-01 -5.000000000e-02
      vertex 1.051498437e+00 2.121490090e-01 1.500000000e-01
      vertex 1.052152983e+00 2.145142339e-01 1.500000000e-01
    endloop
  endfacet
  facet normal 0.000000000e+00 0.000000000e+00 -1.000000000e+00
    outer loop
      vertex 1.100000000e+00 2.000000000e-01 -5.000000000e-02
      vertex 1.051498437e+00 2.121490090e-01 -5.000000000e-02
      vertex 1.052152983e+00 2.145142339e-01 -5.000000000e-02
    endloop
  endfacet
  facet normal 0.000000000e+00 0.000000000e+00 1.000000000e+00
    outer loop
      vertex 1.100000000e+00 2.000000000e-01 1.500000000e-01
      vertex 1.052152983e+00 2.145142339e-01 1.500000000e-01
      vertex 1.051498437e+00 2.121490090e-01 1.500000000e-01
    endloop
  endfacet
  facet normal -9.757021300e-01 2.191012402e-01 0.000000000e+00
    outer loop
      vertex 1.051498437e+00 2.121490090e-01 -5.000000000e-02
      vertex 1.050960736e+00 2.097545161e-01 -5.000000000e-02
      vertex 1.050960736e+00 2.097545161e-01 1.500000000e-01
    endloop
  endfacet
  facet normal -9.757021300e-01 2.191012402e-01 0.000000000e+00
    outer loop
      vertex 1.051498437e+00 2.121490090e-01 -5.000000000e-02
      vertex 1.050960736e+00 2.097545161e-01 1.500000000e-01
      vertex 1.051498437e+00 2.121490090e-01 1.500000000e-01
    endloop
  endfacet
  facet normal 0.000000000e+00 0.000000000e+00 -1.000000000e+00
    outer loop
      vertex 1.100000000e+00 2.000000000e-01 -5.000000000e-02
      vertex 1.050960736e+00 2.097545161e-01 -5.000000000e-02
      vertex 1.051498437e+00 2.121490090e-01 -5.000000000e-02
    endloop
  endfacet
  facet normal 0.000000000e+00 0.000000000e+00 1.000000000e+00
    outer loop
      vertex 1.100000000e+00 2.000000000e-01 1.500000000e-01
      vertex 1.051498437e+00 2.121490090e-01 1.500000000e-01
      vertex 1.050960736e+00 2.097545161e-01 1.500000000e-01
    endloop
  endfacet
  facet normal -9.852776424e-01 1.709618888e-01 0.000000000e+00
    outer loop
      vertex 1.050960736e+00 2.097545161e-01 -5.000000000e-02
      vertex 1.050541175e+00 2.073365237e-01 -5.000000000e-02
      vertex 1.050541175e+00 2.073365237e-01 1.500000000e-01
    endloop
  endfacet
  facet normal -9.852776424e-01 1.709618888e-01 0.000000000e+00
    outer loop
      vertex 1.050960736e+00 2.097545161e-01 -5.000000000e-02
      vertex 1.050541175e+00 2.073365237e-01 1.500000000e-01
      vertex 1.050960736e+00 2.097545161e-01 1.500000000e-01
    endloop
  endfacet
  facet normal 0.000000000e+00 0.000000000e+00 -1.000000000e+00
    outer loop
      vertex 1.100000000e+00 2.000000000e-01 -5.000000000e-02
      vertex 1.050541175e+00 2.073365237e-01 -5.000000000e-02
      vertex 1.050960736e+00 2.097545161e-01 -5.000000000e-02
    endloop
  endfacet
  facet normal 0.000000000e+00 0.000000000e+00 1.000000000e+00
    outer loop
      vertex 1.100000000e+00 2.000000000e-01 1.500000000e-01
      vertex 1.050960736e+00 2.097545161e-01 1.500000000e-01
      vertex 1.050541175e+00 2.073365237e-01 1.500000000e-01
    endloop
  endfacet
  facet normal -9.924795346e-01 1.224106752e-01 0.000000000e+00
    outer loop
      vertex 1.050541175e+00 2.073365237e-01 -5.000000000e-02
      vertex 1.050240764e+00 2.049008570e-01 -5.000000000e-02
      vertex 1.050240764e+00 2.049008570e-01 1.500000000e-01
    endloop
  endfacet
  facet normal -9.924795346e-01 1.224106752e-01 0.000000000e+00
    outer loop
      vertex 1.050541175e+00 2.073365237e-01 -5.000000000e-02
      vertex 1.050240764e+00 2.049008570e-01 1.500000000e-01
      vertex 1.050541175e+00 2.073365237e-01 1.500000000e-01
    endloop
  endfacet
  facet normal 0.000000000e+00 0.000000000e+00 -1.000000000e+00
    outer loop
      vertex 1.100000000e+00 2.000000000e-01 -5.000000000e-02
      vertex 1.050240764e+00 2.049008570e-01 -5.000000000e-02
      vertex 1.050541175e+00 2.073365237e-01 -5.000000000e-02
    endloop
  endfacet
  facet normal 0.000000000e+00 0.000000000e+00 1.000000000e+00
    outer loop
      vertex 1.100000000e+00 2.000000000e-01 1.500000000e-01
      vertex 1.050541175e+00 2.073365237e-01 1.500000000e-01
      vertex 1.050240764e+00 2.049008570e-01 1.500000000e-01
    endloop
  endfacet
  facet normal -9.972904567e-01 7.356456360e-02 0.000000000e+00
    outer loop
      vertex 1.050240764e+00 2.049008570e-01 -5.000000000e-02
      vertex 1.050060227e+00 2.024533837e-01 -5.000000000e-02
      vertex 1.050060227e+00 2.024533837e-01 1.500000000e-01
    endloop
  endfacet
  facet normal -9.972904567e-01 7.356456360e-02 0.000000000e+00
    outer loop
      vertex 1.050240764e+00 2.049008570e-01 -5.000000000e-02
      vertex 1.050060227e+00 2.024533837e-01 1.500000000e-01
      vertex 1.050240764e+00 2.049008570e-01 1.500000000e-01
    endloop
  endfacet
  facet normal 0.000000000e+00 0.000000000e+00 -1.000000000e+00
    outer loop
      vertex 1.100000000e+00 2.000000000e-01 -5.000000000e-02
      vertex 1.050060227e+00 2.024533837e-01 -5.000000000e-02
      vertex 1.050240764e+00 2.049008570e-01 -5.000000000e-02
    endloop
  endfacet
  facet normal 0.000000000e+00 0.000000000e+00 1.000000000e+00
    outer loop
      vertex 1.100000000e+00 2.000000000e-01 1.500000000e-01
      vertex 1.050240764e+00 2.049008570e-01 1.500000000e-01
      vertex 1.050060227e+00 2.024533837e-01 1.500000000e-01
    endloop
  endfacet
  facet normal -9.996988187e-01 2.454122852e-02 0.000000000e+00
    outer loop
      vertex 1.050060227e+00 2.024533837e-01 -5.000000000e-02
      vertex 1.050000000e+00 2.000000000e-01 -5.000000000e-02
      vertex 1.050000000e+00 2.000000000e-01 1.500000000e-01
    endloop
  endfacet
  facet normal -9.996988187e-01 2.454122852e-02 0.000000000e+00
    outer loop
      vertex 1.050060227e+00 2.024533837e-01 -5.000000000e-02
      vertex 1.050000000e+00 2.000000000e-01 1.500000000e-01
      vertex 1.050060227e+00 2.024533837e-01 1.500000000e-01
    endloop
  endfacet
  facet normal 0.000000000e+00 0.000000000e+00 -1.000000000e+00
    outer loop
      vertex 1.100000000e+00 2.000000000e-01 -5.000000000e-02
      vertex 1.050000000e+00 2.000000000e-01 -5.000000000e-02
      vertex 1.050060227e+00 2.024533837e-01 -5.000000000e-02
    endloop
  endfacet
  facet normal 0.000000000e+00 0.000000000e+00 1.000000000e+00
    outer loop
      vertex 1.100000000e+00 2.000000000e-01 1.500000000e-01
      vertex 1.050060227e+00 2.024533837e-01 1.500000000e-01
      vertex 1.050000000e+00 2.000000000e-01 1.500000000e-01
    endloop
  endfacet
  facet normal -9.996988187e-01 -2.454122852e-02 0.000000000e+00
    outer loop
      vertex 1.050000000e+00 2.000000000e-01 -5.000000000e-02
      vertex 1.050060227e+00 1.975466163e-01 -5.000000000e-02
      vertex 1.050060227e+00 1.975466163e-01 1.500000000e-01
    endloop
  endfacet
  facet normal -9.996988187e-01 -2.454122852e-02 0.000000000e+00
    outer loop
      vertex 1.050000000e+00 2.000000000e-01 -5.000000000e-02
      vertex 1.050060227e+00 1.975466163e-01 1.500000000e-01
      vertex 1.050000000e+00 2.000000000e-01 1.500000000e-01
    endloop
  endfacet
  facet normal -0.000000000e+00 0.000000000e+00 -1.000000000e+00
    outer loop
      vertex 1.100000000e+00 2.000000000e-01 -5.000000000e-02
      vertex 1.050060227e+00 1.975466163e-01 -5.000000000e-02
      vertex 1.050000000e+00 2.000000000e-01 -5.000000000e-02
    endloop
  endfacet
  facet normal 0.000000000e+00 0.000000000e+00 1.000000000e+00
    outer loop
      vertex 1.100000000e+00 2.000000000e-01 1.500000000e-01
      vertex 1.050000000e+00 2.000000000e-01 1.500000000e-01
      vertex 1.050060227e+00 1.975466163e-01 1.500000000e-01
    endloop
  endfacet
  facet normal -9.972904567e-01 -7.356456360e-02 0.000000000e+00
    outer loop
      vertex 1.050060227e+00 1.975466163e-01 -5.000000000e-02
      vertex 1.050240764e+00 1.950991430e-01 -5.000000000e-02
      vertex 1.050240764e+00 1.950991430e-01 1.500000000e-01
    endloop
  endfacet
  facet normal -9.972904567e-01 -7.356456360e-02 0.000000000e+00
    outer loop
      vertex 1.050060227e+00 1.975466163e-01 -5.000000000e-02
      vertex 1.050240764e+00 1.950991430e-01 1.500000000e-01
      vertex 1.050060227e+00 1.975466163e-01 1.500000000e-01
    endloop
  endfacet
  facet normal 0.000000000e+00 0.000000000e+00 -1.000000000e+00
    outer loop
      vertex 1.100000000e+00 2.000000000e-01 -5.000000000e-02
      vertex 1.050240764e+00 1.950991430e-01 -5.000000000e-02
      vertex 1.050060227e+00 1.975466163e-01 -5.000000000e-02
    endloop
  endfacet
  facet normal 0.000000000e+00 0.000000000e+00 1.000000000e+00
    outer loop
      vertex 1.100000000e+00 2.000000000e-01 1.500000000e-01
      vertex 1.050060227e+00 1.975466163e-01 1.500000000e-01
      vertex 1.050240764e+00 1.950991430e-01 1.500000000e-01
    endloop
  endfacet
  facet normal -9.924795346e-01 -1.224106752e-01 0.000000000e+00
    outer loop
      vertex 1.050240764e+00 1.950991430e-01 -5.000000000e-02
      vertex 1.050541175e+00 1.926634763e-01 -5.000000000e-02
      vertex 1.050541175e+00 1.926634763e-01 1.500000000e-01
    endloop
  endfacet
  facet normal -9.924795346e-01 -1.224106752e-01 0.000000000e+00
    outer loop
      vertex 1.050240764e+00 1.950991430e-01 -5.000000000e-02
      vertex 1.050541175e+00 1.926634763e-01 1.500000000e-01
      vertex 1.050240764e+00 1.950991430e-01 1.500000000e-01
    endloop
  endfacet
  facet normal 0.000000000e+00 0.000000000e+00 -1.000000000e+00
    outer loop
      vertex 1.100000000e+00 2.000000000e-01 -5.000000000e-02
      vertex 1.050541175e+00 1.926634763e-01 -5.000000000e-02
      vertex 1.050240764e+00 1.950991430e-01 -5.000000000e-02
    endloop
  endfacet
  facet normal 0.000000000e+00 0.000000000e+00 1.000000000e+00
    outer loop
      vertex 1.100000000e+00 2.000000000e-01 1.500000000e-01
      vertex 1.050240764e+00 1.950991430e-01 1.500000000e-01
      vertex 1.050541175e+00 1.926634763e-01 1.500000000e-01
    endloop
  endfacet
  facet normal -9.852776424e-01 -1.709618888e-01 0.000000000e+00
    outer loop
      vertex 1.050541175e+00 1.926634763e-01 -5.000000000e-02
      vertex 1.050960736e+00 1.902454839e-01 -5.000000000e-02
      vertex 1.050960736e+00 1.902454839e-01 1.500000000e-01
    endloop
  endfacet
  facet normal -9.852776424e-01 -1.709618888e-01 0.000000000e+00
    outer loop
      vertex 1.050541175e+00 1.926634763e-01 -5.000000000e-02
      vertex 1.050960736e+00 1.902454839e-01 1.500000000e-01
      vertex 1.050541175e+00 1.926634763e-01 1.500000000e-01
    endloop
  endfacet
  facet normal 0.000000000e+00 0.000000000e+00 -1.000000000e+00
    outer loop
      vertex 1.100000000e+00 2.000000000e-01 -5.000000000e-02
      vertex 1.050960736e+00 1.902454839e-01 -5.000000000e-02
      vertex 1.050541175e+00 1.926634763e-01 -5.000000000e-02
    endloop
  endfacet
  facet normal 0.000000000e+00 0.000000000e+00 1.000000000e+00
    outer loop
      vertex 1.100000000e+00 2.000000000e-01 1.500000000e-01
      vertex 1.050541175e+00 1.926634763e-01 1.500000000e-01
      vertex 1.050960736e+00 1.902454839e-01 1.500000000e-01
    endloop
  endfacet
  facet normal -9.757021300e-01 -2.191012402e-01 0.000000000e+00
    outer loop
      vertex 1.050960736e+00 1.902454839e-01 -5.000000000e-02
      vertex 1.051498437e+00 1.878509910e-01 -5.000000000e-02
      vertex 1.051498437e+00 1.878509910e-01 1.500000000e-01
    endloop
  endfacet
  facet normal -9.757021300e-01 -2.191012402e-01 0.000000000e+00
    outer loop
      vertex 1.050960736e+00 1.902454839e-01 -5.000000000e-02
      vertex 1.051498437e+00 1.878509910e-01 1.500000000e-01
      vertex 1.050960736e+00 1.902454839e-01 1.500000000e-01
    endloop
  endfacet
  facet normal 0.000000000e+00 0.000000000e+00 -1.000000000e+00
    outer loop
      vertex 1.100000000e+00 2.000000000e-01 -5.000000000e-02
      vertex 1.051498437e+00 1.878509910e-01 -5.000000000e-02
      vertex 1.050960736e+00 1.902454839e-01 -5.000000000e-02
    endloop
  endfacet
  facet normal 0.000000000e+00 0.000000000e+00 1.000000000e+00
    outer loop
      vertex 1.100000000e+00 2.000000000e-01 1.500000000e-01
      vertex 1.050960736e+00 1.902454839e-01 1.500000000e-01
      vertex 1.051498437e+00 1.878509910e-01 1.500000000e-01
    endloop
  endfacet
  facet normal -9.637760658e-01 -2.667127575e-01 0.000000000e+00
    outer loop
      vertex 1.051498437e+00 1.878509910e-01 -5.000000000e-02
      vertex 1.052152983e+00 1.854857661e-01 -5.000000000e-02
      vertex 1.052152983e+00 1.854857661e-01 1.500000000e-01
    endloop
  endfacet
  facet normal -9.637760658e-01 -2.667127575e-01 0.000000000e+00
    outer loop
      vertex 1.051498437e+00 1.878509910e-01 -5.000000000e-02
      vertex 1.052152983e+00 1.854857661e-01 1.500000000e-01
      vertex 1.051498437e+00 1.878509910e-01 1.500000000e-01
    endloop
  endfacet
  facet normal 0.000000000e+00 0.000000000e+00 -1.000000000e+00
    outer loop
      vertex 1.100000000e+00 2.000000000e-01 -5.000000000e-02
      vertex 1.052152983e+00 1.854857661e-01 -5.000000000e-02
      vertex 1.051498437e+00 1.878509910e-01 -5.000000000e-02
    endloop
  endfacet
  facet normal 0.000000000e+00 0.000000000e+00 1.000000000e+00
    outer loop
      vertex 1.100000000e+00 2.000000000e-01 1.500000000e-01
      vertex 1.051498437e+00 1.878509910e-01 1.500000000e-01
      vertex 1.052152983e+00 1.854857661e-01 1.500000000e-01
    endloop
  endfacet
  facet normal -9.495281806e-01 -3.136817404e-01 0.000000000e+00
    outer loop
      vertex 1.052152983e+00 1.854857661e-01 -5.000000000e-02
      vertex 1.052922797e+00 1.831555073e-01 -5.000000000e-02
      vertex 1.052922797e+00 1.831555073e-01 1.500000000e-01
    endloop
  endfacet
  facet normal -9.495281806e-01 -3.136817404e-01 0.000000000e+00
    outer loop
      vertex 1.052152983e+00 1.854857661e-01 -5.000000000e-02
      vertex 1.052922797e+00 1.831555073e-01 1.500000000e-01
      vertex 1.052152983e+00 1.854857661e-01 1.500000000e-01
    endloop
  endfacet
  facet normal 0.000000000e+00 0.000000000e+00 -1.000000000e+00
    outer loop
      vertex 1.100000000e+00 2.000000000e-01 -5.000000000e-02
      vertex 1.052922797e+00 1.831555073e-01 -5.000000000e-02
      vertex 1.052152983e+00 1.854857661e-01 -5.000000000e-02
    endloop
  endfacet
  facet normal 0.000000000e+00 0.000000000e+00 1.000000000e+00
    outer loop
      vertex 1.100000000e+00 2.000000000e-01 1.500000000e-01
      vertex 1.052152983e+00 1.854857661e-01 1.500000000e-01
      vertex 1.052922797e+00 1.831555073e-01 1.500000000e-01
    endloop
  endfacet
  facet normal -9.329927988e-01 -3.598950365e-01 0.000000000e+00
    outer loop
      vertex 1.052922797e+00 1.831555073e-01 -5.000000000e-02
      vertex 1.053806023e+00 1.808658284e-01 -5.000000000e-02
      vertex 1.053806023e+00 1.808658284e-01 1.500000000e-01
    endloop
  endfacet
  facet normal -9.329927988e-01 -3.598950365e-01 0.000000000e+00
    outer loop
      vertex 1.052922797e+00 1.831555073e-01 -5.000000000e-02
      vertex 1.053806023e+00 1.808658284e-01 1.500000000e-01
      vertex 1.052922797e+00 1.831555073e-01 1.500000000e-01
    endloop
  endfacet
  facet normal 0.000000000e+00 0.000000000e+00 -1.000000000e+00
    outer loop
      vertex 1.100000000e+00 2.000000000e-01 -5.000000000e-02
      vertex 1.053806023e+00 1.808658284e-01 -5.000000000e-02
      vertex 1.052922797e+00 1.831555073e-01 -5.000000000e-02
    endloop
  endfacet
  facet normal 0.000000000e+00 0.000000000e+00 1.000000000e+00
    outer loop
      vertex 1.100000000e+00 2.000000000e-01 1.500000000e-01
      vertex 1.052922797e+00 1.831555073e-01 1.500000000e-01
      vertex 1.053806023e+00 1.808658284e-01 1.500000000e-01
    endloop
  endfacet
  facet normal -9.142097557e-01 -4.052413140e-01 0.000000000e+00
    outer loop
      vertex 1.053806023e+00 1.808658284e-01 -5.000000000e-02
      vertex 1.054800535e+00 1.786222453e-01 -5.000000000e-02
      vertex 1.054800535e+00 1.786222453e-01 1.500000000e-01
    endloop
  endfacet
  facet normal -9.142097557e-01 -4.052413140e-01 0.000000000e+00
    outer loop
      vertex 1.053806023e+00 1.808658284e-01 -5.000000000e-02
      vertex 1.054800535e+00 1.786222453e-01 1.500000000e-01
      vertex 1.053806023e+00 1.808658284e-01 1.500000000e-01
    endloop
  endfacet
  facet normal 0.000000000e+00 0.000000000e+00 -1.000000000e+00
    outer loop
      vertex 1.100000000e+00 2.000000000e-01 -5.000000000e-02
      vertex 1.054800535e+00 1.786222453e-01 -5.000000000e-02
      vertex 1.053806023e+00 1.808658284e-01 -5.000000000e-02
    endloop
  endfacet
  facet normal 0.000000000e+00 0.000000000e+00 1.000000000e+00
    outer loop
      vertex 1.100000000e+00 2.000000000e-01 1.500000000e-01
      vertex 1.053806023e+00 1.808658284e-01 1.500000000e-01
      vertex 1.054800535e+00 1.786222453e-01 1.500000000e-01
    endloop
  endfacet
  facet normal -8.932243012e-01 -4.496113297e-01 0.000000000e+00
    outer loop
      vertex 1.054800535e+00 1.786222453e-01 -5.000000000e-02
      vertex 1.055903937e+00 1.764301632e-01 -5.000000000e-02
      vertex 1.055903937e+00 1.764301632e-01 1.500000000e-01
    endloop
  endfacet
  facet normal -8.932243012e-01 -4.496113297e-01 0.000000000e+00
    outer loop
      vertex 1.054800535e+00 1.786222453e-01 -5.000000000e-02
      vertex 1.055903937e+00 1.764301632e-01 1.500000000e-01
      vertex 1.054800535e+00 1.786222453e-01 1.500000000e-01
    endloop
  endfacet
  facet normal 0.000000000e+00 0.000000000e+00 -1.000000000e+00
    outer loop
      vertex 1.100000000e+00 2.000000000e-01 -5.000000000e-02
      vertex 1.055903937e+00 1.764301632e-01 -5.000000000e-02
      vertex 1.054800535e+00 1.786222453e-01 -5.000000000e-02
    endloop
  endfacet
  facet normal 0.000000000e+00 0.000000000e+00 1.000000000e+00
    outer loop
      vertex 1.100000000e+00 2.000000000e-01 1.500000000e-01
      vertex 1.054800535e+00 1.786222453e-01 1.500000000e-01
      vertex 1.055903937e+00 1.764301632e-01 1.500000000e-01
    endloop
  endfacet
  facet normal -8.700869911e-01 -4.928981922e-01 0.000000000e+00
    outer loop
      vertex 1.055903937e+00 1.764301632e-01 -5.000000000e-02
      vertex 1.057113569e+00 1.742948628e-01 -5.000000000e-02
      vertex 1.057113569e+00 1.742948628e-01 1.500000000e-01
    endloop
  endfacet
  facet normal -8.700869911e-01 -4.928981922e-01 0.000000000e+00
    outer loop
      vertex 1.055903937e+00 1.764301632e-01 -5.000000000e-02
      vertex 1.057113569e+00 1.742948628e-01 1.500000000e-01
      vertex 1.055903937e+00 1.764301632e-01 1.500000000e-01
    endloop
  endfacet
  facet normal 0.000000000e+00 0.000000000e+00 -1.000000000e+00
    outer loop
      vertex 1.100000000e+00 2.000000000e-01 -5.000000000e-02
      vertex 1.057113569e+00 1.742948628e-01 -5.000000000e-02
      vertex 1.055903937e+00 1.764301632e-01 -5.000000000e-02
    endloop
  endfacet
  facet normal 0.000000000e+00 0.000000000e+00 1.000000000e+00
    outer loop
      vertex 1.100000000e+00 2.000000000e-01 1.500000000e-01
      vertex 1.055903937e+00 1.764301632e-01 1.500000000e-01
      vertex 1.057113569e+00 1.742948628e-01 1.500000000e-01
    endloop
  endfacet
  facet normal -8.448535652e-01 -5.349976199e-01 0.000000000e+00
    outer loop
      vertex 1.057113569e+00 1.742948628e-01 -5.000000000e-02
      vertex 1.058426519e+00 1.722214883e-01 -5.000000000e-02
      vertex 1.058426519e+00 1.722214883e-01 1.500000000e-01
    endloop
  endfacet
  facet normal -8.448535652e-01 -5.349976199e-01 0.000000000e+00
    outer loop
      vertex 1.057113569e+00 1.742948628e-01 -5.000000000e-02
      vertex 1.058426519e+00 1.722214883e-01 1.500000000e-01
      vertex 1.057113569e+00 1.742948628e-01 1.500000000e-01
    endloop
  endfacet
  facet normal 0.000000000e+00 0.000000000e+00 -1.000000000e+00
    outer loop
      vertex 1.100000000e+00 2.000000000e-01 -5.000000000e-02
      vertex 1.058426519e+00 1.722214883e-01 -5.000000000e-02
      vertex 1.057113569e+00 1.742948628e-01 -5.000000000e-02
    endloop
  endfacet
  facet normal 0.000000000e+00 0.000000000e+00 1.000000000e+00
    outer loop
      vertex 1.100000000e+00 2.000000000e-01 1.500000000e-01
      vertex 1.057113569e+00 1.742948628e-01 1.500000000e-01
      vertex 1.058426519e+00 1.722214883e-01 1.500000000e-01
    endloop
  endfacet
  facet normal -8.175848132e-01 -5.758081914e-01 0.000000000e+00
    outer loop
      vertex 1.058426519e+00 1.722214883e-01 -5.000000000e-02
      vertex 1.059839623e+00 1.702150348e-01 -5.000000000e-02
      vertex 1.059839623e+00 1.702150348e-01 1.500000000e-01
    endloop
  endfacet
  facet normal -8.175848132e-01 -5.758081914e-01 0.000000000e+00
    outer loop
      vertex 1.058426519e+00 1.722214883e-01 -5.000000000e-02
      vertex 1.059839623e+00 1.702150348e-01 1.500000000e-01
      vertex 1.058426519e+00 1.722214883e-01 1.500000000e-01
    endloop
  endfacet
  facet normal 0.000000000e+00 0.000000000e+00 -1.000000000e+00
    outer loop
      vertex 1.100000000e+00 2.000000000e-01 -5.000000000e-02
      vertex 1.059839623e+00 1.702150348e-01 -5.000000000e-02
      vertex 1.058426519e+00 1.722214883e-01 -5.000000000e-02
    endloop
  endfacet
  facet normal 0.000000000e+00 0.000000000e+00 1.000000000e+00
    outer loop
      vertex 1.100000000e+00 2.000000000e-01 1.500000000e-01
      vertex 1.058426519e+00 1.722214883e-01 1.500000000e-01
      vertex 1.059839623e+00 1.702150348e-01 1.500000000e-01
    endloop
  endfacet
  facet normal -7.883464276e-01 -6.152315906e-01 0.000000000e+00
    outer loop
      vertex 1.059839623e+00 1.702150348e-01 -5.000000000e-02
      vertex 1.061349477e+00 1.682803358e-01 -5.000000000e-02
      vertex 1.061349477e+00 1.682803358e-01 1.500000000e-01
    endloop
  endfacet
  facet normal -7.883464276e-01 -6.152315906e-01 0.000000000e+00
    outer loop
      vertex 1.059839623e+00 1.702150348e-01 -5.000000000e-02
      vertex 1.061349477e+00 1.682803358e-01 1.500000000e-01
      vertex 1.059839623e+00 1.702150348e-01 1.500000000e-01
    endloop
  endfacet
  facet normal 0.000000000e+00 0.000000000e+00 -1.000000000e+00
    outer loop
      vertex 1.100000000e+00 2.000000000e-01 -5.000000000e-02
      vertex 1.061349477e+00 1.682803358e-01 -5.000000000e-02
      vertex 1.059839623e+00 1.702150348e-01 -5.000000000e-02
    endloop
  endfacet
  facet normal 0.000000000e+00 0.000000000e+00 1.000000000e+00
    outer loop
      vertex 1.100000000e+00 2.000000000e-01 1.500000000e-01
      vertex 1.059839623e+00 1.702150348e-01 1.500000000e-01
      vertex 1.061349477e+00 1.682803358e-01 1.500000000e-01
    endloop
  endfacet
  facet normal -7.572088465e-01 -6.531728430e-01 0.000000000e+00
    outer loop
      vertex 1.061349477e+00 1.682803358e-01 -5.000000000e-02
      vertex 1.062952444e+00 1.664220523e-01 -5.000000000e-02
      vertex 1.062952444e+00 1.664220523e-01 1.500000000e-01
    endloop
  endfacet
  facet normal -7.572088465e-01 -6.531728430e-01 0.000000000e+00
    outer loop
      vertex 1.061349477e+00 1.682803358e-01 -5.000000000e-02
      vertex 1.062952444e+00 1.664220523e-01 1.500000000e-01
      vertex 1.061349477e+00 1.682803358e-01 1.500000000e-01
    endloop
  endfacet
  facet normal 0.000000000e+00 0.000000000e+00 -1.000000000e+00
    outer loop
      vertex 1.100000000e+00 2.000000000e-01 -5.000000000e-02
      vertex 1.062952444e+00 1.664220523e-01 -5.000000000e-02
      vertex 1.061349477e+00 1.682803358e-01 -5.000000000e-02
    endloop
  endfacet
  facet normal 0.000000000e+00 0.000000000e+00 1.000000000e+00
    outer loop
      vertex 1.100000000e+00 2.000000000e-01 1.500000000e-01
      vertex 1.061349477e+00 1.682803358e-01 1.500000000e-01
      vertex 1.062952444e+00 1.664220523e-01 1.500000000e-01
    endloop
  endfacet
  facet normal -7.242470830e-01 -6.895405447e-01 0.000000000e+00
    outer loop
      vertex 1.062952444e+00 1.664220523e-01 -5.000000000e-02
      vertex 1.064644661e+00 1.646446609e-01 -5.000000000e-02
      vertex 1.064644661e+00 1.646446609e-01 1.500000000e-01
    endloop
  endfacet
  facet normal -7.242470830e-01 -6.895405447e-01 0.000000000e+00
    outer loop
      vertex 1.062952444e+00 1.664220523e-01 -5.000000000e-02
      vertex 1.064644661e+00 1.646446609e-01 1.500000000e-01
      vertex 1.062952444e+00 1.664220523e-01 1.500000000e-01
    endloop
  endfacet
  facet normal 0.000000000e+00 0.000000000e+00 -1.000000000e+00
    outer loop
      vertex 1.100000000e+00 2.000000000e-01 -5.000000000e-02
      vertex 1.064644661e+00 1.646446609e-01 -5.000000000e-02
      vertex 1.062952444e+00 1.664220523e-01 -5.000000000e-02
    endloop
  endfacet
  facet normal 0.000000000e+00 0.000000000e+00 1.000000000e+00
    outer loop
      vertex 1.100000000e+00 2.000000000e-01 1.500000000e-01
      vertex 1.062952444e+00 1.664220523e-01 1.500000000e-01
      vertex 1.064644661e+00 1.646446609e-01 1.500000000e-01
    endloop
  endfacet
  facet normal -6.895405447e-01 -7.242470830e-01 0.000000000e+00
    outer loop
      vertex 1.064644661e+00 1.646446609e-01 -5.000000000e-02
      vertex 1.066422052e+00 1.629524437e-01 -5.000000000e-02
      vertex 1.066422052e+00 1.629524437e-01 1.500000000e-01
    endloop
  endfacet
  facet normal -6.895405447e-01 -7.242470830e-01 0.000000000e+00
    outer loop
      vertex 1.064644661e+00 1.646446609e-01 -5.000000000e-02
      vertex 1.066422052e+00 1.629524437e-01 1.500000000e-01
      vertex 1.064644661e+00 1.646446609e-01 1.500000000e-01
    endloop
  endfacet
  facet normal 0.000000000e+00 0.000000000e+00 -1.000000000e+00
    outer loop
      vertex 1.100000000e+00 2.000000000e-01 -5.000000000e-02
      vertex 1.066422052e+00 1.629524437e-01 -5.000000000e-02
      vertex 1.064644661e+00 1.646446609e-01 -5.000000000e-02
    endloop
  endfacet
  facet normal 0.000000000e+00 0.000000000e+00 1.000000000e+00
    outer loop
      vertex 1.100000000e+00 2.000000000e-01 1.500000000e-01
      vertex 1.064644661e+00 1.646446609e-01 1.500000000e-01
      vertex 1.066422052e+00 1.629524437e-01 1.500000000e-01
    endloop
  endfacet
  facet normal -6.531728430e-01 -7.572088465e-01 0.000000000e+00
    outer loop
      vertex 1.066422052e+00 1.629524437e-01 -5.000000000e-02
      vertex 1.068280336e+00 1.613494773e-01 -5.000000000e-02
      vertex 1.068280336e+00 1.613494773e-01 1.500000000e-01
    endloop
  endfacet
  facet normal -6.531728430e-01 -7.572088465e-01 0.000000000e+00
    outer loop
      vertex 1.066422052e+00 1.629524437e-01 -5.000000000e-02
      vertex 1.068280336e+00 1.613494773e-01 1.500000000e-01
      vertex 1.066422052e+00 1.629524437e-01 1.500000000e-01
    endloop
  endfacet
  facet normal 0.000000000e+00 0.000000000e+00 -1.000000000e+00
    outer loop
      vertex 1.100000000e+00 2.000000000e-01 -5.000000000e-02
      vertex 1.068280336e+00 1.613494773e-01 -5.000000000e-02
      vertex 1.066422052e+00 1.629524437e-01 -5.000000000e-02
    endloop
  endfacet
  facet normal 0.000000000e+00 0.000000000e+00 1.000000000e+00
    outer loop
      vertex 1.100000000e+00 2.000000000e-01 1.500000000e-01
      vertex 1.066422052e+00 1.629524437e-01 1.500000000e-01
      vertex 1.068280336e+00 1.613494773e-01 1.500000000e-01
    endloop
  endfacet
  facet normal -6.152315906e-01 -7.883464276e-01 0.000000000e+00
    outer loop
      vertex 1.068280336e+00 1.613494773e-01 -5.000000000e-02
      vertex 1.070215035e+00 1.598396234e-01 -5.000000000e-02
      vertex 1.070215035e+00 1.598396234e-01 1.500000000e-01
    endloop
  endfacet
  facet normal -6.152315906e-01 -7.883464276e-01 0.000000000e+00
    outer loop
      vertex 1.068280336e+00 1.613494773e-01 -5.000000000e-02
      vertex 1.070215035e+00 1.598396234e-01 1.500000000e-01
      vertex 1.068280336e+00 1.613494773e-01 1.500000000e-01
    endloop
  endfacet
  facet normal 0.000000000e+00 0.000000000e+00 -1.000000000e+00
    outer loop
      vertex 1.100000000e+00 2.000000000e-01 -5.000000000e-02
      vertex 1.070215035e+00 1.598396234e-01 -5.000000000e-02
      vertex 1.068280336e+00 1.613494773e-01 -5.000000000e-02
    endloop
  endfacet
  facet normal 0.000000000e+00 0.000000000e+00 1.000000000e+00
    outer loop
      vertex 1.100000000e+00 2.000000000e-01 1.500000000e-01
      vertex 1.068280336e+00 1.613494773e-01 1.500000000e-01
      vertex 1.070215035e+00 1.598396234e-01 1.500000000e-01
    endloop
  endfacet
  facet normal -5.758081914e-01 -8.175848132e-01 0.000000000e+00
    outer loop
      vertex 1.070215035e+00 1.598396234e-01 -5.000000000e-02
      vertex 1.072221488e+00 1.584265194e-01 -5.000000000e-02
      vertex 1.072221488e+00 1.584265194e-01 1.500000000e-01
    endloop
  endfacet
  facet normal -5.758081914e-01 -8.175848132e-01 0.000000000e+00
    outer loop
      vertex 1.070215035e+00 1.598396234e-01 -5.000000000e-02
      vertex 1.072221488e+00 1.584265194e-01 1.500000000e-01
      vertex 1.070215035e+00 1.598396234e-01 1.500000000e-01
    endloop
  endfacet
  facet normal 0.000000000e+00 0.000000000e+00 -1.000000000e+00
    outer loop
      vertex 1.100000000e+00 2.000000000e-01 -5.000000000e-02
      vertex 1.072221488e+00 1.584265194e-01 -5.000000000e-02
      vertex 1.070215035e+00 1.598396234e-01 -5.000000000e-02
    endloop
  endfacet
  facet normal 0.000000000e+00 0.000000000e+00 1.000000000e+00
    outer loop
      vertex 1.100000000e+00 2.000000000e-01 1.500000000e-01
      vertex 1.070215035e+00 1.598396234e-01 1.500000000e-01
      vertex 1.072221488e+00 1.584265194e-01 1.500000000e-01
    endloop
  endfacet
  facet normal -5.349976199e-01 -8.448535652e-01 0.000000000e+00
    outer loop
      vertex 1.072221488e+00 1.584265194e-01 -5.000000000e-02
      vertex 1.074294863e+00 1.571135695e-01 -5.000000000e-02
      vertex 1.074294863e+00 1.571135695e-01 1.500000000e-01
    endloop
  endfacet
  facet normal -5.349976199e-01 -8.448535652e-01 0.000000000e+00
    outer loop
      vertex 1.072221488e+00 1.584265194e-01 -5.000000000e-02
      vertex 1.074294863e+00 1.571135695e-01 1.500000000e-01
      vertex 1.072221488e+00 1.584265194e-01 1.500000000e-01
    endloop
  endfacet
  facet normal 0.000000000e+00 0.000000000e+00 -1.000000000e+00
    outer loop
      vertex 1.100000000e+00 2.000000000e-01 -5.000000000e-02
      vertex 1.074294863e+00 1.571135695e-01 -5.000000000e-02
      vertex 1.072221488e+00 1.584265194e-01 -5.000000000e-02
    endloop
  endfacet
  facet normal 0.000000000e+00 0.000000000e+00 1.000000000e+00
    outer loop
      vertex 1.100000000e+00 2.000000000e-01 1.500000000e-01
      vertex 1.072221488e+00 1.584265194e-01 1.500000000e-01
      vertex 1.074294863e+00 1.571135695e-01 1.500000000e-01
    endloop
  endfacet
  facet normal -4.928981922e-01 -8.700869911e-01 0.000000000e+00
    outer loop
      vertex 1.074294863e+00 1.571135695e-01 -5.000000000e-02
      vertex 1.076430163e+00 1.559039368e-01 -5.000000000e-02
      vertex 1.076430163e+00 1.559039368e-01 1.500000000e-01
    endloop
  endfacet
  facet normal -4.928981922e-01 -8.700869911e-01 0.000000000e+00
    outer loop
      vertex 1.074294863e+00 1.571135695e-01 -5.000000000e-02
      vertex 1.076430163e+00 1.559039368e-01 1.500000000e-01
      vertex 1.074294863e+00 1.571135695e-01 1.500000000e-01
    endloop
  endfacet
  facet normal 0.000000000e+00 0.000000000e+00 -1.000000000e+00
    outer loop
      vertex 1.100000000e+00 2.000000000e-01 -5.000000000e-02
      vertex 1.076430163e+00 1.559039368e-01 -5.000000000e-02
      vertex 1.074294863e+00 1.571135695e-01 -5.000000000e-02
    endloop
  endfacet
  facet normal 0.000000000e+00 0.000000000e+00 1.000000000e+00
    outer loop
      vertex 1.100000000e+00 2.000000000e-01 1.500000000e-01
      vertex 1.074294863e+00 1.571135695e-01 1.500000000e-01
      vertex 1.076430163e+00 1.559039368e-01 1.500000000e-01
    endloop
  endfacet
  facet normal -4.496113297e-01 -8.932243012e-01 0.000000000e+00
    outer loop
      vertex 1.076430163e+00 1.559039368e-01 -5.000000000e-02
      vertex 1.078622245e+00 1.548005353e-01 -5.000000000e-02
      vertex 1.078622245e+00 1.548005353e-01 1.500000000e-01
    endloop
  endfacet
  facet normal -4.496113297e-01 -8.932243012e-01 0.000000000e+00
    outer loop
      vertex 1.076430163e+00 1.559039368e-01 -5.000000000e-02
      vertex 1.078622245e+00 1.548005353e-01 1.500000000e-01
      vertex 1.076430163e+00 1.559039368e-01 1.500000000e-01
    endloop
  endfacet
  facet normal 0.000000000e+00 0.000000000e+00 -1.000000000e+00
    outer loop
      vertex 1.100000000e+00 2.000000000e-01 -5.000000000e-02
      vertex 1.078622245e+00 1.548005353e-01 -5.000000000e-02
      vertex 1.076430163e+00 1.559039368e-01 -5.000000000e-02
    endloop
  endfacet
  facet normal 0.000000000e+00 0.000000000e+00 1.000000000e+00
    outer loop
      vertex 1.100000000e+00 2.000000000e-01 1.500000000e-01
      vertex 1.076430163e+00 1.559039368e-01 1.500000000e-01
      vertex 1.078622245e+00 1.548005353e-01 1.500000000e-01
    endloop
  endfacet
  facet normal -4.052413140e-01 -9.142097557e-01 0.000000000e+00
    outer loop
      vertex 1.078622245e+00 1.548005353e-01 -5.000000000e-02
      vertex 1.080865828e+00 1.538060234e-01 -5.000000000e-02
      vertex 1.080865828e+00 1.538060234e-01 1.500000000e-01
    endloop
  endfacet
  facet normal -4.052413140e-01 -9.142097557e-01 0.000000000e+00
    outer loop
      vertex 1.078622245e+00 1.548005353e-01 -5.000000000e-02
      vertex 1.080865828e+00 1.538060234e-01 1.500000000e-01
      vertex 1.078622245e+00 1.548005353e-01 1.500000000e-01
    endloop
  endfacet
  facet normal 0.000000000e+00 0.000000000e+00 -1.000000000e+00
    outer loop
      vertex 1.100000000e+00 2.000000000e-01 -5.000000000e-02
      vertex 1.080865828e+00 1.538060234e-01 -5.000000000e-02
      vertex 1.078622245e+00 1.548005353e-01 -5.000000000e-02
    endloop
  endfacet
  facet normal 0.000000000e+00 0.000000000e+00 1.000000000e+00
    outer loop
      vertex 1.100000000e+00 2.000000000e-01 1.500000000e-01
      vertex 1.078622245e+00 1.548005353e-01 1.500000000e-01
      vertex 1.080865828e+00 1.538060234e-01 1.500000000e-01
    endloop
  endfacet
  facet normal -3.598950365e-01 -9.329927988e-01 0.000000000e+00
    outer loop
      vertex 1.080865828e+00 1.538060234e-01 -5.000000000e-02
      vertex 1.083155507e+00 1.529227967e-01 -5.000000000e-02
      vertex 1.083155507e+00 1.529227967e-01 1.500000000e-01
    endloop
  endfacet
  facet normal -3.598950365e-01 -9.329927988e-01 0.000000000e+00
    outer loop
      vertex 1.080865828e+00 1.538060234e-01 -5.000000000e-02
      vertex 1.083155507e+00 1.529227967e-01 1.500000000e-01
      vertex 1.080865828e+00 1.538060234e-01 1.500000000e-01
    endloop
  endfacet
  facet normal 0.000000000e+00 0.000000000e+00 -1.000000000e+00
    outer loop
      vertex 1.100000000e+00 2.000000000e-01 -5.000000000e-02
      vertex 1.083155507e+00 1.529227967e-01 -5.000000000e-02
      vertex 1.080865828e+00 1.538060234e-01 -5.000000000e-02
    endloop
  endfacet
  facet normal 0.000000000e+00 0.000000000e+00 1.000000000e+00
    outer loop
      vertex 1.100000000e+00 2.000000000e-01 1.500000000e-01
      vertex 1.080865828e+00 1.538060234e-01 1.500000000e-01
      vertex 1.083155507e+00 1.529227967e-01 1.500000000e-01
    endloop
  endfacet
  facet normal -3.136817404e-01 -9.495281806e-01 0.000000000e+00
    outer loop
      vertex 1.083155507e+00 1.529227967e-01 -5.000000000e-02
      vertex 1.085485766e+00 1.521529832e-01 -5.000000000e-02
      vertex 1.085485766e+00 1.521529832e-01 1.500000000e-01
    endloop
  endfacet
  facet normal -3.136817404e-01 -9.495281806e-01 0.000000000e+00
    outer loop
      vertex 1.083155507e+00 1.529227967e-01 -5.000000000e-02
      vertex 1.085485766e+00 1.521529832e-01 1.500000000e-01
      vertex 1.083155507e+00 1.529227967e-01 1.500000000e-01
    endloop
  endfacet
  facet normal 0.000000000e+00 0.000000000e+00 -1.000000000e+00
    outer loop
      vertex 1.100000000e+00 2.000000000e-01 -5.000000000e-02
      vertex 1.085485766e+00 1.521529832e-01 -5.000000000e-02
      vertex 1.083155507e+00 1.529227967e-01 -5.000000000e-02
    endloop
  endfacet
  facet normal 0.000000000e+00 0.000000000e+00 1.000000000e+00
    outer loop
      vertex 1.100000000e+00 2.000000000e-01 1.500000000e-01
      vertex 1.083155507e+00 1.529227967e-01 1.500000000e-01
      vertex 1.085485766e+00 1.521529832e-01 1.500000000e-01
    endloop
  endfacet
  facet normal -2.667127575e-01 -9.637760658e-01 0.000000000e+00
    outer loop
      vertex 1.085485766e+00 1.521529832e-01 -5.000000000e-02
      vertex 1.087850991e+00 1.514984373e-01 -5.000000000e-02
      vertex 1.087850991e+00 1.514984373e-01 1.500000000e-01
    endloop
  endfacet
  facet normal -2.667127575e-01 -9.637760658e-01 0.000000000e+00
    outer loop
      vertex 1.085485766e+00 1.521529832e-01 -5.000000000e-02
      vertex 1.087850991e+00 1.514984373e-01 1.500000000e-01
      vertex 1.085485766e+00 1.521529832e-01 1.500000000e-01
    endloop
  endfacet
  facet normal 0.000000000e+00 0.000000000e+00 -1.000000000e+00
    outer loop
      vertex 1.100000000e+00 2.000000000e-01 -5.000000000e-02
      vertex 1.087850991e+00 1.514984373e-01 -5.000000000e-02
      vertex 1.085485766e+00 1.521529832e-01 -5.000000000e-02
    endloop
  endfacet
  facet normal 0.000000000e+00 0.000000000e+00 1.000000000e+00
    outer loop
      vertex 1.100000000e+00 2.000000000e-01 1.500000000e-01
      vertex 1.085485766e+00 1.521529832e-01 1.500000000e-01
      vertex 1.087850991e+00 1.514984373e-01 1.500000000e-01
    endloop
  endfacet
  facet normal -2.191012402e-01 -9.757021300e-01 0.000000000e+00
    outer loop
      vertex 1.087850991e+00 1.514984373e-01 -5.000000000e-02
      vertex 1.090245484e+00 1.509607360e-01 -5.000000000e-02
      vertex 1.090245484e+00 1.509607360e-01 1.500000000e-01
    endloop
  endfacet
  facet normal -2.191012402e-01 -9.757021300e-01 0.000000000e+00
    outer loop
      vertex 1.087850991e+00 1.514984373e-01 -5.000000000e-02
      vertex 1.090245484e+00 1.509607360e-01 1.500000000e-01
      vertex 1.087850991e+00 1.514984373e-01 1.500000000e-01
    endloop
  endfacet
  facet normal 0.000000000e+00 0.000000000e+00 -1.000000000e+00
    outer loop
      vertex 1.100000000e+00 2.000000000e-01 -5.000000000e-02
      vertex 1.090245484e+00 1.509607360e-01 -5.000000000e-02
      vertex 1.087850991e+00 1.514984373e-01 -5.000000000e-02
    endloop
  endfacet
  facet normal 0.000000000e+00 0.000000000e+00 1.000000000e+00
    outer loop
      vertex 1.100000000e+00 2.000000000e-01 1.500000000e-01
      vertex 1.087850991e+00 1.514984373e-01 1.500000000e-01
      vertex 1.090245484e+00 1.509607360e-01 1.500000000e-01
    endloop
  endfacet
  facet normal -1.709618888e-01 -9.852776424e-01 0.000000000e+00
    outer loop
      vertex 1.090245484e+00 1.509607360e-01 -5.000000000e-02
      vertex 1.092663476e+00 1.505411745e-01 -5.000000000e-02
      vertex 1.092663476e+00 1.505411745e-01 1.500000000e-01
    endloop
  endfacet
  facet normal -1.709618888e-01 -9.852776424e-01 0.000000000e+00
    outer loop
      vertex 1.090245484e+00 1.509607360e-01 -5.000000000e-02
      vertex 1.092663476e+00 1.505411745e-01 1.500000000e-01
      vertex 1.090245484e+00 1.509607360e-01 1.500000000e-01
    endloop
  endfacet
  facet normal 0.000000000e+00 0.000000000e+00 -1.000000000e+00
    outer loop
      vertex 1.100000000e+00 2.000000000e-01 -5.000000000e-02
      vertex 1.092663476e+00 1.505411745e-01 -5.000000000e-02
      vertex 1.090245484e+00 1.509607360e-01 -5.000000000e-02
    endloop
  endfacet
  facet normal 0.000000000e+00 0.000000000e+00 1.000000000e+00
    outer loop
      vertex 1.100000000e+00 2.000000000e-01 1.500000000e-01
      vertex 1.090245484e+00 1.509607360e-01 1.500000000e-01
      vertex 1.092663476e+00 1.505411745e-01 1.500000000e-01
    endloop
  endfacet
  facet normal -1.224106752e-01 -9.924795346e-01 0.000000000e+00
    outer loop
      vertex 1.092663476e+00 1.505411745e-01 -5.000000000e-02
      vertex 1.095099143e+00 1.502407637e-01 -5.000000000e-02
      vertex 1.095099143e+00 1.502407637e-01 1.500000000e-01
    endloop
  endfacet
  facet normal -1.224106752e-01 -9.924795346e-01 0.000000000e+00
    outer loop
      vertex 1.092663476e+00 1.505411745e-01 -5.000000000e-02
      vertex 1.095099143e+00 1.502407637e-01 1.500000000e-01
      vertex 1.092663476e+00 1.505411745e-01 1.500000000e-01
    endloop
  endfacet
  facet normal 0.000000000e+00 0.000000000e+00 -1.000000000e+00
    outer loop
      vertex 1.100000000e+00 2.000000000e-01 -5.000000000e-02
      vertex 1.095099143e+00 1.502407637e-01 -5.000000000e-02
      vertex 1.092663476e+00 1.505411745e-01 -5.000000000e-02
    endloop
  endfacet
  facet normal 0.000000000e+00 0.000000000e+00 1.000000000e+00
    outer loop
      vertex 1.100000000e+00 2.000000000e-01 1.500000000e-01
      vertex 1.092663476e+00 1.505411745e-01 1.500000000e-01
      vertex 1.095099143e+00 1.502407637e-01 1.500000000e-01
    endloop
  endfacet
  facet normal -7.356456360e-02 -9.972904567e-01 0.000000000e+00
    outer loop
      vertex 1.095099143e+00 1.502407637e-01 -5.000000000e-02
      vertex 1.097546616e+00 1.500602272e-01 -5.000000000e-02
      vertex 1.097546616e+00 1.500602272e-01 1.500000000e-01
    endloop
  endfacet
  facet normal -7.356456360e-02 -9.972904567e-01 0.000000000e+00
    outer loop
      vertex 1.095099143e+00 1.502407637e-01 -5.000000000e-02
      vertex 1.097546616e+00 1.500602272e-01 1.500000000e-01
      vertex 1.095099143e+00 1.502407637e-01 1.500000000e-01
    endloop
  endfacet
  facet normal 0.000000000e+00 0.000000000e+00 -1.000000000e+00
    outer loop
      vertex 1.100000000e+00 2.000000000e-01 -5.000000000e-02
      vertex 1.097546616e+00 1.500602272e-01 -5.000000000e-02
      vertex 1.095099143e+00 1.502407637e-01 -5.000000000e-02
    endloop
  endfacet
  facet normal 0.000000000e+00 0.000000000e+00 1.000000000e+00
    outer loop
      vertex 1.100000000e+00 2.000000000e-01 1.500000000e-01
      vertex 1.095099143e+00 1.502407637e-01 1.500000000e-01
      vertex 1.097546616e+00 1.500602272e-01 1.500000000e-01
    endloop
  endfacet
  facet normal -2.454122852e-02 -9.996988187e-01 0.000000000e+00
    outer loop
      vertex 1.097546616e+00 1.500602272e-01 -5.000000000e-02
      vertex 1.100000000e+00 1.500000000e-01 -5.000000000e-02
      vertex 1.100000000e+00 1.500000000e-01 1.500000000e-01
    endloop
  endfacet
  facet normal -2.454122852e-02 -9.996988187e-01 0.000000000e+00
    outer loop
      vertex 1.097546616e+00 1.500602272e-01 -5.000000000e-02
      vertex 1.100000000e+00 1.500000000e-01 1.500000000e-01
      vertex 1.097546616e+00 1.500602272e-01 1.500000000e-01
    endloop
  endfacet
  facet normal 0.000000000e+00 -0.000000000e+00 -1.000000000e+00
    outer loop
      vertex 1.100000000e+00 2.000000000e-01 -5.000000000e-02
      vertex 1.100000000e+00 1.500000000e-01 -5.000000000e-02
      vertex 1.097546616e+00 1.500602272e-01 -5.000000000e-02
    endloop
  endfacet
  facet normal 0.000000000e+00 0.000000000e+00 1.000000000e+00
    outer loop
      vertex 1.100000000e+00 2.000000000e-01 1.500000000e-01
      vertex 1.097546616e+00 1.500602272e-01 1.500000000e-01
      vertex 1.100000000e+00 1.500000000e-01 1.500000000e-01
    endloop
  endfacet
  facet normal 2.454122852e-02 -9.996988187e-01 0.000000000e+00
    outer loop
      vertex 1.100000000e+00 1.500000000e-01 -5.000000000e-02
      vertex 1.102453384e+00 1.500602272e-01 -5.000000000e-02
      vertex 1.102453384e+00 1.500602272e-01 1.500000000e-01
    endloop
  endfacet
  facet normal 2.454122852e-02 -9.996988187e-01 0.000000000e+00
    outer loop
      vertex 1.100000000e+00 1.500000000e-01 -5.000000000e-02
      vertex 1.102453384e+00 1.500602272e-01 1.500000000e-01
      vertex 1.100000000e+00 1.500000000e-01 1.500000000e-01
    endloop
  endfacet
  facet normal 0.000000000e+00 0.000000000e+00 -1.000000000e+00
    outer loop
      vertex 1.100000000e+00 2.000000000e-01 -5.000000000e-02
      vertex 1.102453384e+00 1.500602272e-01 -5.000000000e-02
      vertex 1.100000000e+00 1.500000000e-01 -5.000000000e-02
    endloop
  endfacet
  facet normal 0.000000000e+00 0.000000000e+00 1.000000000e+00
    outer loop
      vertex 1.100000000e+00 2.000000000e-01 1.500000000e-01
      vertex 1.100000000e+00 1.500000000e-01 1.500000000e-01
      vertex 1.102453384e+00 1.500602272e-01 1.500000000e-01
    endloop
  endfacet
  facet normal 7.356456360e-02 -9.972904567e-01 0.000000000e+00
    outer loop
      vertex 1.102453384e+00 1.500602272e-01 -5.000000000e-02
      vertex 1.104900857e+00 1.502407637e-01 -5.000000000e-02
      vertex 1.104900857e+00 1.502407637e-01 1.500000000e-01
    endloop
  endfacet
  facet normal 7.356456360e-02 -9.972904567e-01 0.000000000e+00
    outer loop
      vertex 1.102453384e+00 1.500602272e-01 -5.000000000e-02
      vertex 1.104900857e+00 1.502407637e-01 1.500000000e-01
      vertex 1.102453384e+00 1.500602272e-01 1.500000000e-01
    endloop
  endfacet
  facet normal 0.000000000e+00 0.000000000e+00 -1.000000000e+00
    outer loop
      vertex 1.100000000e+00 2.000000000e-01 -5.000000000e-02
      vertex 1.104900857e+00 1.502407637e-01 -5.000000000e-02
      vertex 1.102453384e+00 1.500602272e-01 -5.000000000e-02
    endloop
  endfacet
  facet normal 0.000000000e+00 0.000000000e+00 1.000000000e+00
    outer loop
      vertex 1.100000000e+00 2.000000000e-01 1.500000000e-01
      vertex 1.102453384e+00 1.500602272e-01 1.500000000e-01
      vertex 1.104900857e+00 1.502407637e-01 1.500000000e-01
    endloop
  endfacet
  facet normal 1.224106752e-01 -9.924795346e-01 0.000000000e+00
    outer loop
      vertex 1.104900857e+00 1.502407637e-01 -5.000000000e-02
      vertex 1.107336524e+00 1.505411745e-01 -5.000000000e-02
      vertex 1.107336524e+00 1.505411745e-01 1.500000000e-01
    endloop
  endfacet
  facet normal 1.224106752e-01 -9.924795346e-01 0.000000000e+00
    outer loop
      vertex 1.104900857e+00 1.502407637e-01 -5.000000000e-02
      vertex 1.107336524e+00 1.505411745e-01 1.500000000e-01
      vertex 1.104900857e+00 1.502407637e-01 1.500000000e-01
    endloop
  endfacet
  facet normal 0.000000000e+00 0.000000000e+00 -1.000000000e+00
    outer loop
      vertex 1.100000000e+00 2.000000000e-01 -5.000000000e-02
      vertex 1.107336524e+00 1.505411745e-01 -5.000000000e-02
      vertex 1.104900857e+00 1.502407637e-01 -5.000000000e-02
    endloop
  endfacet
  facet normal 0.000000000e+00 0.000000000e+00 1.000000000e+00
    outer loop
      vertex 1.100000000e+00 2.000000000e-01 1.500000000e-01
      vertex 1.104900857e+00 1.502407637e-01 1.500000000e-01
      vertex 1.107336524e+00 1.505411745e-01 1.500000000e-01
    endloop
  endfacet
  facet normal 1.709618888e-01 -9.852776424e-01 0.000000000e+00
    outer loop
      vertex 1.107336524e+00 1.505411745e-01 -5.000000000e-02
      vertex 1.109754516e+00 1.509607360e-01 -5.000000000e-02
      vertex 1.109754516e+00 1.509607360e-01 1.500000000e-01
    endloop
  endfacet
  facet normal 1.709618888e-01 -9.852776424e-01 0.000000000e+00
    outer loop
      vertex 1.107336524e+00 1.505411745e-01 -5.000000000e-02
      vertex 1.109754516e+00 1.509607360e-01 1.500000000e-01
      vertex 1.107336524e+00 1.505411745e-01 1.500000000e-01
    endloop
  endfacet
  facet normal 0.000000000e+00 0.000000000e+00 -1.000000000e+00
    outer loop
      vertex 1.100000000e+00 2.000000000e-01 -5.000000000e-02
      vertex 1.109754516e+00 1.509607360e-01 -5.000000000e-02
      vertex 1.107336524e+00 1.505411745e-01 -5.000000000e-02
    endloop
  endfacet
  facet normal 0.000000000e+00 0.000000000e+00 1.000000000e+00
    outer loop
      vertex 1.100000000e+00 2.000000000e-01 1.500000000e-01
      vertex 1.107336524e+00 1.505411745e-01 1.500000000e-01
      vertex 1.109754516e+00 1.509607360e-01 1.500000000e-01
    endloop
  endfacet
  facet normal 2.191012402e-01 -9.757021300e-01 0.000000000e+00
    outer loop
      vertex 1.109754516e+00 1.509607360e-01 -5.000000000e-02
      vertex 1.112149009e+00 1.514984373e-01 -5.000000000e-02
      vertex 1.112149009e+00 1.514984373e-01 1.500000000e-01
    endloop
  endfacet
  facet normal 2.191012402e-01 -9.757021300e-01 0.000000000e+00
    outer loop
      vertex 1.109754516e+00 1.509607360e-01 -5.000000000e-02
      vertex 1.112149009e+00 1.514984373e-01 1.500000000e-01
      vertex 1.109754516e+00 1.509607360e-01 1.500000000e-01
    endloop
  endfacet
  facet normal 0.000000000e+00 0.000000000e+00 -1.000000000e+00
    outer loop
      vertex 1.100000000e+00 2.000000000e-01 -5.000000000e-02
      vertex 1.112149009e+00 1.514984373e-01 -5.000000000e-02
      vertex 1.109754516e+00 1.509607360e-01 -5.000000000e-02
    endloop
  endfacet
  facet normal 0.000000000e+00 0.000000000e+00 1.000000000e+00
    outer loop
      vertex 1.100000000e+00 2.000000000e-01 1.500000000e-01
      vertex 1.109754516e+00 1.509607360e-01 1.500000000e-01
      vertex 1.112149009e+00 1.514984373e-01 1.500000000e-01
    endloop
  endfacet
  facet normal 2.667127575e-01 -9.637760658e-01 0.000000000e+00
    outer loop
      vertex 1.112149009e+00 1.514984373e-01 -5.000000000e-02
      vertex 1.114514234e+00 1.521529832e-01 -5.000000000e-02
      vertex 1.114514234e+00 1.521529832e-01 1.500000000e-01
    endloop
  endfacet
  facet normal 2.667127575e-01 -9.637760658e-01 0.000000000e+00
    outer loop
      vertex 1.112149009e+00 1.514984373e-01 -5.000000000e-02
      vertex 1.114514234e+00 1.521529832e-01 1.500000000e-01
      vertex 1.112149009e+00 1.514984373e-01 1.500000000e-01
    endloop
  endfacet
  facet normal 0.000000000e+00 0.000000000e+00 -1.000000000e+00
    outer loop
      vertex 1.100000000e+00 2.000000000e-01 -5.000000000e-02
      vertex 1.114514234e+00 1.521529832e-01 -5.000000000e-02
      vertex 1.112149009e+00 1.514984373e-01 -5.000000000e-02
    endloop
  endfacet
  facet normal 0.000000000e+00 0.000000000e+00 1.000000000e+00
    outer loop
      vertex 1.100000000e+00 2.000000000e-01 1.500000000e-01
      vertex 1.112149009e+00 1.514984373e-01 1.500000000e-01
      vertex 1.114514234e+00 1.521529832e-01 1.500000000e-01
    endloop
  endfacet
  facet normal 3.136817404e-01 -9.495281806e-01 0.000000000e+00
    outer loop
      vertex 1.114514234e+00 1.521529832e-01 -5.000000000e-02
      vertex 1.116844493e+00 1.529227967e-01 -5.000000000e-02
      vertex 1.116844493e+00 1.529227967e-01 1.500000000e-01
    endloop
  endfacet
  facet normal 3.136817404e-01 -9.495281806e-01 0.000000000e+00
    outer loop
      vertex 1.114514234e+00 1.521529832e-01 -5.000000000e-02
      vertex 1.116844493e+00 1.529227967e-01 1.500000000e-01
      vertex 1.114514234e+00 1.521529832e-01 1.500000000e-01
    endloop
  endfacet
  facet normal 0.000000000e+00 0.000000000e+00 -1.000000000e+00
    outer loop
      vertex 1.100000000e+00 2.000000000e-01 -5.000000000e-02
      vertex 1.116844493e+00 1.529227967e-01 -5.000000000e-02
      vertex 1.114514234e+00 1.521529832e-01 -5.000000000e-02
    endloop
  endfacet
  facet normal 0.000000000e+00 0.000000000e+00 1.000000000e+00
    outer loop
      vertex 1.100000000e+00 2.000000000e-01 1.500000000e-01
      vertex 1.114514234e+00 1.521529832e-01 1.500000000e-01
      vertex 1.116844493e+00 1.529227967e-01 1.500000000e-01
    endloop
  endfacet
  facet normal 3.598950365e-01 -9.329927988e-01 0.000000000e+00
    outer loop
      vertex 1.116844493e+00 1.529227967e-01 -5.000000000e-02
      vertex 1.119134172e+00 1.538060234e-01 -5.000000000e-02
      vertex 1.119134172e+00 1.538060234e-01 1.500000000e-01
    endloop
  endfacet
  facet normal 3.598950365e-01 -9.329927988e-01 0.000000000e+00
    outer loop
      vertex 1.116844493e+00 1.529227967e-01 -5.000000000e-02
      vertex 1.119134172e+00 1.538060234e-01 1.500000000e-01
      vertex 1.116844493e+00 1.529227967e-01 1.500000000e-01
    endloop
  endfacet
  facet normal 0.000000000e+00 0.000000000e+00 -1.000000000e+00
    outer loop
      vertex 1.100000000e+00 2.000000000e-01 -5.000000000e-02
      vertex 1.119134172e+00 1.538060234e-01 -5.000000000e-02
      vertex 1.116844493e+00 1.529227967e-01 -5.000000000e-02
    endloop
  endfacet
  facet normal 0.000000000e+00 0.000000000e+00 1.000000000e+00
    outer loop
      vertex 1.100000000e+00 2.000000000e-01 1.500000000e-01
      vertex 1.116844493e+00 1.529227967e-01 1.500000000e-01
      vertex 1.119134172e+00 1.538060234e-01 1.500000000e-01
    endloop
  endfacet
  facet normal 4.052413140e-01 -9.142097557e-01 0.000000000e+00
    outer loop
      vertex 1.119134172e+00 1.538060234e-01 -5.000000000e-02
      vertex 1.121377755e+00 1.548005353e-01 -5.000000000e-02
      vertex 1.121377755e+00 1.548005353e-01 1.500000000e-01
    endloop
  endfacet
  facet normal 4.052413140e-01 -9.142097557e-01 0.000000000e+00
    outer loop
      vertex 1.119134172e+00 1.538060234e-01 -5.000000000e-02
      vertex 1.121377755e+00 1.548005353e-01 1.500000000e-01
      vertex 1.119134172e+00 1.538060234e-01 1.500000000e-01
    endloop
  endfacet
  facet normal 0.000000000e+00 0.000000000e+00 -1.000000000e+00
    outer loop
      vertex 1.100000000e+00 2.000000000e-01 -5.000000000e-02
      vertex 1.121377755e+00 1.548005353e-01 -5.000000000e-02
      vertex 1.119134172e+00 1.538060234e-01 -5.000000000e-02
    endloop
  endfacet
  facet normal 0.000000000e+00 0.000000000e+00 1.000000000e+00
    outer loop
      vertex 1.100000000e+00 2.000000000e-01 1.500000000e-01
      vertex 1.119134172e+00 1.538060234e-01 1.500000000e-01
      vertex 1.121377755e+00 1.548005353e-01 1.500000000e-01
    endloop
  endfacet
  facet normal 4.496113297e-01 -8.932243012e-01 0.000000000e+00
    outer loop
      vertex 1.121377755e+00 1.548005353e-01 -5.000000000e-02
      vertex 1.123569837e+00 1.559039368e-01 -5.000000000e-02
      vertex 1.123569837e+00 1.559039368e-01 1.500000000e-01
    endloop
  endfacet
  facet normal 4.496113297e-01 -8.932243012e-01 0.000000000e+00
    outer loop
      vertex 1.121377755e+00 1.548005353e-01 -5.000000000e-02
      vertex 1.123569837e+00 1.559039368e-01 1.500000000e-01
      vertex 1.121377755e+00 1.548005353e-01 1.500000000e-01
    endloop
  endfacet
  facet normal 0.000000000e+00 0.000000000e+00 -1.000000000e+00
    outer loop
      vertex 1.100000000e+00 2.000000000e-01 -5.000000000e-02
      vertex 1.123569837e+00 1.559039368e-01 -5.000000000e-02
      vertex 1.121377755e+00 1.548005353e-01 -5.000000000e-02
    endloop
  endfacet
  facet normal 0.000000000e+00 0.000000000e+00 1.000000000e+00
    outer loop
      vertex 1.100000000e+00 2.000000000e-01 1.500000000e-01
      vertex 1.121377755e+00 1.548005353e-01 1.500000000e-01
      vertex 1.123569837e+00 1.559039368e-01 1.500000000e-01
    endloop
  endfacet
  facet normal 4.928981922e-01 -8.700869911e-01 0.000000000e+00
    outer loop
      vertex 1.123569837e+00 1.559039368e-01 -5.000000000e-02
      vertex 1.125705137e+00 1.571135695e-01 -5.000000000e-02
      vertex 1.125705137e+00 1.571135695e-01 1.500000000e-01
    endloop
  endfacet
  facet normal 4.928981922e-01 -8.700869911e-01 0.000000000e+00
    outer loop
      vertex 1.123569837e+00 1.559039368e-01 -5.000000000e-02
      vertex 1.125705137e+00 1.571135695e-01 1.500000000e-01
      vertex 1.123569837e+00 1.559039368e-01 1.500000000e-01
    endloop
  endfacet
  facet normal 0.000000000e+00 0.000000000e+00 -1.000000000e+00
    outer loop
      vertex 1.100000000e+00 2.000000000e-01 -5.000000000e-02
      vertex 1.125705137e+00 1.571135695e-01 -5.000000000e-02
      vertex 1.123569837e+00 1.559039368e-01 -5.000000000e-02
    endloop
  endfacet
  facet normal 0.000000000e+00 0.000000000e+00 1.000000000e+00
    outer loop
      vertex 1.100000000e+00 2.000000000e-01 1.500000000e-01
      vertex 1.123569837e+00 1.559039368e-01 1.500000000e-01
      vertex 1.125705137e+00 1.571135695e-01 1.500000000e-01
    endloop
  endfacet
  facet normal 5.349976199e-01 -8.448535652e-01 0.000000000e+00
    outer loop
      vertex 1.125705137e+00 1.571135695e-01 -5.000000000e-02
      vertex 1.127778512e+00 1.584265194e-01 -5.000000000e-02
      vertex 1.127778512e+00 1.584265194e-01 1.500000000e-01
    endloop
  endfacet
  facet normal 5.349976199e-01 -8.448535652e-01 0.000000000e+00
    outer loop
      vertex 1.125705137e+00 1.571135695e-01 -5.000000000e-02
      vertex 1.127778512e+00 1.584265194e-01 1.500000000e-01
      vertex 1.125705137e+00 1.571135695e-01 1.500000000e-01
    endloop
  endfacet
  facet normal 0.000000000e+00 0.000000000e+00 -1.000000000e+00
    outer loop
      vertex 1.100000000e+00 2.000000000e-01 -5.000000000e-02
      vertex 1.127778512e+00 1.584265194e-01 -5.000000000e-02
      vertex 1.125705137e+00 1.571135695e-01 -5.000000000e-02
    endloop
  endfacet
  facet normal 0.000000000e+00 0.000000000e+00 1.000000000e+00
    outer loop
      vertex 1.100000000e+00 2.000000000e-01 1.500000000e-01
      vertex 1.125705137e+00 1.571135695e-01 1.500000000e-01
      vertex 1.127778512e+00 1.584265194e-01 1.500000000e-01
    endloop
  endfacet
  facet normal 5.758081914e-01 -8.175848132e-01 0.000000000e+00
    outer loop
      vertex 1.127778512e+00 1.584265194e-01 -5.000000000e-02
      vertex 1.129784965e+00 1.598396234e-01 -5.000000000e-02
      vertex 1.129784965e+00 1.598396234e-01 1.500000000e-01
    endloop
  endfacet
  facet normal 5.758081914e-01 -8.175848132e-01 0.000000000e+00
    outer loop
      vertex 1.127778512e+00 1.584265194e-01 -5.000000000e-02
      vertex 1.129784965e+00 1.598396234e-01 1.500000000e-01
      vertex 1.127778512e+00 1.584265194e-01 1.500000000e-01
    endloop
  endfacet
  facet normal 0.000000000e+00 0.000000000e+00 -1.000000000e+00
    outer loop
      vertex 1.100000000e+00 2.000000000e-01 -5.000000000e-02
      vertex 1.129784965e+00 1.598396234e-01 -5.000000000e-02
      vertex 1.127778512e+00 1.584265194e-01 -5.000000000e-02
    endloop
  endfacet
  facet normal 0.000000000e+00 0.000000000e+00 1.000000000e+00
    outer loop
      vertex 1.100000000e+00 2.000000000e-01 1.500000000e-01
      vertex 1.127778512e+00 1.584265194e-01 1.500000000e-01
      vertex 1.129784965e+00 1.598396234e-01 1.500000000e-01
    endloop
  endfacet
  facet normal 6.152315906e-01 -7.883464276e-01 0.000000000e+00
    outer loop
      vertex 1.129784965e+00 1.598396234e-01 -5.000000000e-02
      vertex 1.131719664e+00 1.613494773e-01 -5.000000000e-02
      vertex 1.131719664e+00 1.613494773e-01 1.500000000e-01
    endloop
  endfacet
  facet normal 6.152315906e-01 -7.883464276e-01 0.000000000e+00
    outer loop
      vertex 1.129784965e+00 1.598396234e-01 -5.000000000e-02
      vertex 1.131719664e+00 1.613494773e-01 1.500000000e-01
      vertex 1.129784965e+00 1.598396234e-01 1.500000000e-01
    endloop
  endfacet
  facet normal 0.000000000e+00 0.000000000e+00 -1.000000000e+00
    outer loop
      vertex 1.100000000e+00 2.000000000e-01 -5.000000000e-02
      vertex 1.131719664e+00 1.613494773e-01 -5.000000000e-02
      vertex 1.129784965e+00 1.598396234e-01 -5.000000000e-02
    endloop
  endfacet
  facet normal 0.000000000e+00 0.000000000e+00 1.000000000e+00
    outer loop
      vertex 1.100000000e+00 2.000000000e-01 1.500000000e-01
      vertex 1.129784965e+00 1.598396234e-01 1.500000000e-01
      vertex 1.131719664e+00 1.613494773e-01 1.500000000e-01
    endloop
  endfacet
  facet normal 6.531728430e-01 -7.572088465e-01 0.000000000e+00
    outer loop
      vertex 1.131719664e+00 1.613494773e-01 -5.000000000e-02
      vertex 1.133577948e+00 1.629524437e-01 -5.000000000e-02
      vertex 1.133577948e+00 1.629524437e-01 1.500000000e-01
    endloop
  endfacet
  facet normal 6.531728430e-01 -7.572088465e-01 0.000000000e+00
    outer loop
      vertex 1.131719664e+00 1.613494773e-01 -5.000000000e-02
      vertex 1.133577948e+00 1.629524437e-01 1.500000000e-01
      vertex 1.131719664e+00 1.613494773e-01 1.500000000e-01
    endloop
  endfacet
  facet normal 0.000000000e+00 0.000000000e+00 -1.000000000e+00
    outer loop
      vertex 1.100000000e+00 2.000000000e-01 -5.000000000e-02
      vertex 1.133577948e+00 1.629524437e-01 -5.000000000e-02
      vertex 1.131719664e+00 1.613494773e-01 -5.000000000e-02
    endloop
  endfacet
  facet normal 0.000000000e+00 0.000000000e+00 1.000000000e+00
    outer loop
      vertex 1.100000000e+00 2.000000000e-01 1.500000000e-01
      vertex 1.131719664e+00 1.613494773e-01 1.500000000e-01
      vertex 1.133577948e+00 1.629524437e-01 1.500000000e-01
    endloop
  endfacet
  facet normal 6.895405447e-01 -7.242470830e-01 0.000000000e+00
    outer loop
      vertex 1.133577948e+00 1.629524437e-01 -5.000000000e-02
      vertex 1.135355339e+00 1.646446609e-01 -5.000000000e-02
      vertex 1.135355339e+00 1.646446609e-01 1.500000000e-01
    endloop
  endfacet
  facet normal 6.895405447e-01 -7.242470830e-01 0.000000000e+00
    outer loop
      vertex 1.133577948e+00 1.629524437e-01 -5.000000000e-02
      vertex 1.135355339e+00 1.646446609e-01 1.500000000e-01
      vertex 1.133577948e+00 1.629524437e-01 1.500000000e-01
    endloop
  endfacet
  facet normal 0.000000000e+00 0.000000000e+00 -1.000000000e+00
    outer loop
      vertex 1.100000000e+00 2.000000000e-01 -5.000000000e-02
      vertex 1.135355339e+00 1.646446609e-01 -5.000000000e-02
      vertex 1.133577948e+00 1.629524437e-01 -5.000000000e-02
    endloop
  endfacet
  facet normal 0.000000000e+00 0.000000000e+00 1.000000000e+00
    outer loop
      vertex 1.100000000e+00 2.000000000e-01 1.500000000e-01
      vertex 1.133577948e+00 1.629524437e-01 1.500000000e-01
      vertex 1.135355339e+00 1.646446609e-01 1.500000000e-01
    endloop
  endfacet
  facet normal 7.242470830e-01 -6.895405447e-01 0.000000000e+00
    outer loop
      vertex 1.135355339e+00 1.646446609e-01 -5.000000000e-02
      vertex 1.137047556e+00 1.664220523e-01 -5.000000000e-02
      vertex 1.137047556e+00 1.664220523e-01 1.500000000e-01
    endloop
  endfacet
  facet normal 7.242470830e-01 -6.895405447e-01 0.000000000e+00
    outer loop
      vertex 1.135355339e+00 1.646446609e-01 -5.000000000e-02
      vertex 1.137047556e+00 1.664220523e-01 1.500000000e-01
      vertex 1.135355339e+00 1.646446609e-01 1.500000000e-01
    endloop
  endfacet
  facet normal 0.000000000e+00 0.000000000e+00 -1.000000000e+00
    outer loop
      vertex 1.100000000e+00 2.000000000e-01 -5.000000000e-02
      vertex 1.137047556e+00 1.664220523e-01 -5.000000000e-02
      vertex 1.135355339e+00 1.646446609e-01 -5.000000000e-02
    endloop
  endfacet
  facet normal 0.000000000e+00 0.000000000e+00 1.000000000e+00
    outer loop
      vertex 1.100000000e+00 2.000000000e-01 1.500000000e-01
      vertex 1.135355339e+00 1.646446609e-01 1.500000000e-01
      vertex 1.137047556e+00 1.664220523e-01 1.500000000e-01
    endloop
  endfacet
  facet normal 7.572088465e-01 -6.531728430e-01 0.000000000e+00
    outer loop
      vertex 1.137047556e+00 1.664220523e-01 -5.000000000e-02
      vertex 1.138650523e+00 1.682803358e-01 -5.000000000e-02
      vertex 1.138650523e+00 1.682803358e-01 1.500000000e-01
    endloop
  endfacet
  facet normal 7.572088465e-01 -6.531728430e-01 0.000000000e+00
    outer loop
      vertex 1.137047556e+00 1.664220523e-01 -5.000000000e-02
      vertex 1.138650523e+00 1.682803358e-01 1.500000000e-01
      vertex 1.137047556e+00 1.664220523e-01 1.500000000e-01
    endloop
  endfacet
  facet normal 0.000000000e+00 0.000000000e+00 -1.000000000e+00
    outer loop
      vertex 1.100000000e+00 2.000000000e-01 -5.000000000e-02
      vertex 1.138650523e+00 1.682803358e-01 -5.000000000e-02
      vertex 1.137047556e+00 1.664220523e-01 -5.000000000e-02
    endloop
  endfacet
  facet normal 0.000000000e+00 0.000000000e+00 1.000000000e+00
    outer loop
      vertex 1.100000000e+00 2.000000000e-01 1.500000000e-01
      vertex 1.137047556e+00 1.664220523e-01 1.500000000e-01
      vertex 1.138650523e+00 1.682803358e-01 1.500000000e-01
    endloop
  endfacet
  facet normal 7.883464276e-01 -6.152315906e-01 0.000000000e+00
    outer loop
      vertex 1.138650523e+00 1.682803358e-01 -5.000000000e-02
      vertex 1.140160377e+00 1.702150348e-01 -5.000000000e-02
      vertex 1.140160377e+00 1.702150348e-01 1.500000000e-01
    endloop
  endfacet
  facet normal 7.883464276e-01 -6.152315906e-01 0.000000000e+00
    outer loop
      vertex 1.138650523e+00 1.682803358e-01 -5.000000000e-02
      vertex 1.140160377e+00 1.702150348e-01 1.500000000e-01
      vertex 1.138650523e+00 1.682803358e-01 1.500000000e-01
    endloop
  endfacet
  facet normal 0.000000000e+00 0.000000000e+00 -1.000000000e+00
    outer loop
      vertex 1.100000000e+00 2.000000000e-01 -5.000000000e-02
      vertex 1.140160377e+00 1.702150348e-01 -5.000000000e-02
      vertex 1.138650523e+00 1.682803358e-01 -5.000000000e-02
    endloop
  endfacet
  facet normal 0.000000000e+00 0.000000000e+00 1.000000000e+00
    outer loop
      vertex 1.100000000e+00 2.000000000e-01 1.500000000e-01
      vertex 1.138650523e+00 1.682803358e-01 1.500000000e-01
      vertex 1.140160377e+00 1.702150348e-01 1.500000000e-01
    endloop
  endfacet
  facet normal 8.175848132e-01 -5.758081914e-01 0.000000000e+00
    outer loop
      vertex 1.140160377e+00 1.702150348e-01 -5.000000000e-02
      vertex 1.141573481e+00 1.722214883e-01 -5.000000000e-02
      vertex 1.141573481e+00 1.722214883e-01 1.500000000e-01
    endloop
  endfacet
  facet normal 8.175848132e-01 -5.758081914e-01 0.000000000e+00
    outer loop
      vertex 1.140160377e+00 1.702150348e-01 -5.000000000e-02
      vertex 1.141573481e+00 1.722214883e-01 1.500000000e-01
      vertex 1.140160377e+00 1.702150348e-01 1.500000000e-01
    endloop
  endfacet
  facet normal 0.000000000e+00 0.000000000e+00 -1.000000000e+00
    outer loop
      vertex 1.100000000e+00 2.000000000e-01 -5.000000000e-02
      vertex 1.141573481e+00 1.722214883e-01 -5.000000000e-02
      vertex 1.140160377e+00 1.702150348e-01 -5.000000000e-02
    endloop
  endfacet
  facet normal 0.000000000e+00 0.000000000e+00 1.000000000e+00
    outer loop
      vertex 1.100000000e+00 2.000000000e-01 1.500000000e-01
      vertex 1.140160377e+00 1.702150348e-01 1.500000000e-01
      vertex 1.141573481e+00 1.722214883e-01 1.500000000e-01
    endloop
  endfacet
  facet normal 8.448535652e-01 -5.349976199e-01 0.000000000e+00
    outer loop
      vertex 1.141573481e+00 1.722214883e-01 -5.000000000e-02
      vertex 1.142886431e+00 1.742948628e-01 -5.000000000e-02
      vertex 1.142886431e+00 1.742948628e-01 1.500000000e-01
    endloop
  endfacet
  facet normal 8.448535652e-01 -5.349976199e-01 0.000000000e+00
    outer loop
      vertex 1.141573481e+00 1.722214883e-01 -5.000000000e-02
      vertex 1.142886431e+00 1.742948628e-01 1.500000000e-01
      vertex 1.141573481e+00 1.722214883e-01 1.500000000e-01
    endloop
  endfacet
  facet normal 0.000000000e+00 0.000000000e+00 -1.000000000e+00
    outer loop
      vertex 1.100000000e+00 2.000000000e-01 -5.000000000e-02
      vertex 1.142886431e+00 1.742948628e-01 -5.000000000e-02
      vertex 1.141573481e+00 1.722214883e-01 -5.000000000e-02
    endloop
  endfacet
  facet normal 0.000000000e+00 0.000000000e+00 1.000000000e+00
    outer loop
      vertex 1.100000000e+00 2.000000000e-01 1.500000000e-01
      vertex 1.141573481e+00 1.722214883e-01 1.500000000e-01
      vertex 1.142886431e+00 1.742948628e-01 1.500000000e-01
    endloop
  endfacet
  facet normal 8.700869911e-01 -4.928981922e-01 0.000000000e+00
    outer loop
      vertex 1.142886431e+00 1.742948628e-01 -5.000000000e-02
      vertex 1.144096063e+00 1.764301632e-01 -5.000000000e-02
      vertex 1.144096063e+00 1.764301632e-01 1.500000000e-01
    endloop
  endfacet
  facet normal 8.700869911e-01 -4.928981922e-01 0.000000000e+00
    outer loop
      vertex 1.142886431e+00 1.742948628e-01 -5.000000000e-02
      vertex 1.144096063e+00 1.764301632e-01 1.500000000e-01
      vertex 1.142886431e+00 1.742948628e-01 1.500000000e-01
    endloop
  endfacet
  facet normal 0.000000000e+00 0.000000000e+00 -1.000000000e+00
    outer loop
      vertex 1.100000000e+00 2.000000000e-01 -5.000000000e-02
      vertex 1.144096063e+00 1.764301632e-01 -5.000000000e-02
      vertex 1.142886431e+00 1.742948628e-01 -5.000000000e-02
    endloop
  endfacet
  facet normal 0.000000000e+00 0.000000000e+00 1.000000000e+00
    outer loop
      vertex 1.100000000e+00 2.000000000e-01 1.500000000e-01
      vertex 1.142886431e+00 1.742948628e-01 1.500000000e-01
      vertex 1.144096063e+00 1.764301632e-01 1.500000000e-01
    endloop
  endfacet
  facet normal 8.932243012e-01 -4.496113297e-01 0.000000000e+00
    outer loop
      vertex 1.144096063e+00 1.764301632e-01 -5.000000000e-02
      vertex 1.145199465e+00 1.786222453e-01 -5.000000000e-02
      vertex 1.145199465e+00 1.786222453e-01 1.500000000e-01
    endloop
  endfacet
  facet normal 8.932243012e-01 -4.496113297e-01 0.000000000e+00
    outer loop
      vertex 1.144096063e+00 1.764301632e-01 -5.000000000e-02
      vertex 1.145199465e+00 1.786222453e-01 1.500000000e-01
      vertex 1.144096063e+00 1.764301632e-01 1.500000000e-01
    endloop
  endfacet
  facet normal 0.000000000e+00 0.000000000e+00 -1.000000000e+00
    outer loop
      vertex 1.100000000e+00 2.000000000e-01 -5.000000000e-02
      vertex 1.145199465e+00 1.786222453e-01 -5.000000000e-02
      vertex 1.144096063e+00 1.764301632e-01 -5.000000000e-02
    endloop
  endfacet
  facet normal 0.000000000e+00 0.000000000e+00 1.000000000e+00
    outer loop
      vertex 1.100000000e+00 2.000000000e-01 1.500000000e-01
      vertex 1.144096063e+00 1.764301632e-01 1.500000000e-01
      vertex 1.145199465e+00 1.786222453e-01 1.500000000e-01
    endloop
  endfacet
  facet normal 9.142097557e-01 -4.052413140e-01 0.000000000e+00
    outer loop
      vertex 1.145199465e+00 1.786222453e-01 -5.000000000e-02
      vertex 1.146193977e+00 1.808658284e-01 -5.000000000e-02
      vertex 1.146193977e+00 1.808658284e-01 1.500000000e-01
    endloop
  endfacet
  facet normal 9.142097557e-01 -4.052413140e-01 0.000000000e+00
    outer loop
      vertex 1.145199465e+00 1.786222453e-01 -5.000000000e-02
      vertex 1.146193977e+00 1.808658284e-01 1.500000000e-01
      vertex 1.145199465e+00 1.786222453e-01 1.500000000e-01
    endloop
  endfacet
  facet normal 0.000000000e+00 0.000000000e+00 -1.000000000e+00
    outer loop
      vertex 1.100000000e+00 2.000000000e-01 -5.000000000e-02
      vertex 1.146193977e+00 1.808658284e-01 -5.000000000e-02
      vertex 1.145199465e+00 1.786222453e-01 -5.000000000e-02
    endloop
  endfacet
  facet normal 0.000000000e+00 0.000000000e+00 1.000000000e+00
    outer loop
      vertex 1.100000000e+00 2.000000000e-01 1.500000000e-01
      vertex 1.145199465e+00 1.786222453e-01 1.500000000e-01
      vertex 1.146193977e+00 1.808658284e-01 1.500000000e-01
    endloop
  endfacet
  facet normal 9.329927988e-01 -3.598950365e-01 0.000000000e+00
    outer loop
      vertex 1.146193977e+00 1.808658284e-01 -5.000000000e-02
      vertex 1.147077203e+00 1.831555073e-01 -5.000000000e-02
      vertex 1.147077203e+00 1.831555073e-01 1.500000000e-01
    endloop
  endfacet
  facet normal 9.329927988e-01 -3.598950365e-01 0.000000000e+00
    outer loop
      vertex 1.146193977e+00 1.808658284e-01 -5.000000000e-02
      vertex 1.147077203e+00 1.831555073e-01 1.500000000e-01
      vertex 1.146193977e+00 1.808658284e-01 1.500000000e-01
    endloop
  endfacet
  facet normal 0.000000000e+00 0.000000000e+00 -1.000000000e+00
    outer loop
      vertex 1.100000000e+00 2.000000000e-01 -5.000000000e-02
      vertex 1.147077203e+00 1.831555073e-01 -5.000000000e-02
      vertex 1.146193977e+00 1.808658284e-01 -5.000000000e-02
    endloop
  endfacet
  facet normal 0.000000000e+00 0.000000000e+00 1.000000000e+00
    outer loop
      vertex 1.100000000e+00 2.000000000e-01 1.500000000e-01
      vertex 1.146193977e+00 1.808658284e-01 1.500000000e-01
      vertex 1.147077203e+00 1.831555073e-01 1.500000000e-01
    endloop
  endfacet
  facet normal 9.495281806e-01 -3.136817404e-01 0.000000000e+00
    outer loop
      vertex 1.147077203e+00 1.831555073e-01 -5.000000000e-02
      vertex 1.147847017e+00 1.854857661e-01 -5.000000000e-02
      vertex 1.147847017e+00 1.854857661e-01 1.500000000e-01
    endloop
  endfacet
  facet normal 9.495281806e-01 -3.136817404e-01 0.000000000e+00
    outer loop
      vertex 1.147077203e+00 1.831555073e-01 -5.000000000e-02
      vertex 1.147847017e+00 1.854857661e-01 1.500000000e-01
      vertex 1.147077203e+00 1.831555073e-01 1.500000000e-01
    endloop
  endfacet
  facet normal 0.000000000e+00 0.000000000e+00 -1.000000000e+00
    outer loop
      vertex 1.100000000e+00 2.000000000e-01 -5.000000000e-02
      vertex 1.147847017e+00 1.854857661e-01 -5.000000000e-02
      vertex 1.147077203e+00 1.831555073e-01 -5.000000000e-02
    endloop
  endfacet
  facet normal 0.000000000e+00 0.000000000e+00 1.000000000e+00
    outer loop
      vertex 1.100000000e+00 2.000000000e-01 1.500000000e-01
      vertex 1.147077203e+00 1.831555073e-01 1.500000000e-01
      vertex 1.147847017e+00 1.854857661e-01 1.500000000e-01
    endloop
  endfacet
  facet normal 9.637760658e-01 -2.667127575e-01 0.000000000e+00
    outer loop
      vertex 1.147847017e+00 1.854857661e-01 -5.000000000e-02
      vertex 1.148501563e+00 1.878509910e-01 -5.000000000e-02
      vertex 1.148501563e+00 1.878509910e-01 1.500000000e-01
    endloop
  endfacet
  facet normal 9.637760658e-01 -2.667127575e-01 0.000000000e+00
    outer loop
      vertex 1.147847017e+00 1.854857661e-01 -5.000000000e-02
      vertex 1.148501563e+00 1.878509910e-01 1.500000000e-01
      vertex 1.147847017e+00 1.854857661e-01 1.500000000e-01
    endloop
  endfacet
  facet normal 0.000000000e+00 0.000000000e+00 -1.000000000e+00
    outer loop
      vertex 1.100000000e+00 2.000000000e-01 -5.000000000e-02
      vertex 1.148501563e+00 1.878509910e-01 -5.000000000e-02
      vertex 1.147847017e+00 1.854857661e-01 -5.000000000e-02
    endloop
  endfacet
  facet normal 0.000000000e+00 0.000000000e+00 1.000000000e+00
    outer loop
      vertex 1.100000000e+00 2.000000000e-01 1.500000000e-01
      vertex 1.147847017e+00 1.854857661e-01 1.500000000e-01
      vertex 1.148501563e+00 1.878509910e-01 1.500000000e-01
    endloop
  endfacet
  facet normal 9.757021300e-01 -2.191012402e-01 0.000000000e+00
    outer loop
      vertex 1.148501563e+00 1.878509910e-01 -5.000000000e-02
      vertex 1.149039264e+00 1.902454839e-01 -5.000000000e-02
      vertex 1.149039264e+00 1.902454839e-01 1.500000000e-01
    endloop
  endfacet
  facet normal 9.757021300e-01 -2.191012402e-01 0.000000000e+00
    outer loop
      vertex 1.148501563e+00 1.878509910e-01 -5.000000000e-02
      vertex 1.149039264e+00 1.902454839e-01 1.500000000e-01
      vertex 1.148501563e+00 1.878509910e-01 1.500000000e-01
    endloop
  endfacet
  facet normal 0.000000000e+00 0.000000000e+00 -1.000000000e+00
    outer loop
      vertex 1.100000000e+00 2.000000000e-01 -5.000000000e-02
      vertex 1.149039264e+00 1.902454839e-01 -5.000000000e-02
      vertex 1.148501563e+00 1.878509910e-01 -5.000000000e-02
    endloop
  endfacet
  facet normal 0.000000000e+00 0.000000000e+00 1.000000000e+00
    outer loop
      vertex 1.100000000e+00 2.000000000e-01 1.500000000e-01
      vertex 1.148501563e+00 1.878509910e-01 1.500000000e-01
      vertex 1.149039264e+00 1.902454839e-01 1.500000000e-01
    endloop
  endfacet
  facet normal 9.852776424e-01 -1.709618888e-01 0.000000000e+00
    outer loop
      vertex 1.149039264e+00 1.902454839e-01 -5.000000000e-02
      vertex 1.149458825e+00 1.926634763e-01 -5.000000000e-02
      vertex 1.149458825e+00 1.926634763e-01 1.500000000e-01
    endloop
  endfacet
  facet normal 9.852776424e-01 -1.709618888e-01 0.000000000e+00
    outer loop
      vertex 1.149039264e+00 1.902454839e-01 -5.000000000e-02
      vertex 1.149458825e+00 1.926634763e-01 1.500000000e-01
      vertex 1.149039264e+00 1.902454839e-01 1.500000000e-01
    endloop
  endfacet
  facet normal 0.000000000e+00 0.000000000e+00 -1.000000000e+00
    outer loop
      vertex 1.100000000e+00 2.000000000e-01 -5.000000000e-02
      vertex 1.149458825e+00 1.926634763e-01 -5.000000000e-02
      vertex 1.149039264e+00 1.902454839e-01 -5.000000000e-02
    endloop
  endfacet
  facet normal 0.000000000e+00 0.000000000e+00 1.000000000e+00
    outer loop
      vertex 1.100000000e+00 2.000000000e-01 1.500000000e-01
      vertex 1.149039264e+00 1.902454839e-01 1.500000000e-01
      vertex 1.149458825e+00 1.926634763e-01 1.500000000e-01
    endloop
  endfacet
  facet normal 9.924795346e-01 -1.224106752e-01 0.000000000e+00
    outer loop
      vertex 1.149458825e+00 1.926634763e-01 -5.000000000e-02
      vertex 1.149759236e+00 1.950991430e-01 -5.000000000e-02
      vertex 1.149759236e+00 1.950991430e-01 1.500000000e-01
    endloop
  endfacet
  facet normal 9.924795346e-01 -1.224106752e-01 0.000000000e+00
    outer loop
      vertex 1.149458825e+00 1.926634763e-01 -5.000000000e-02
      vertex 1.149759236e+00 1.950991430e-01 1.500000000e-01
      vertex 1.149458825e+00 1.926634763e-01 1.500000000e-01
    endloop
  endfacet
  facet normal 0.000000000e+00 0.000000000e+00 -1.000000000e+00
    outer loop
      vertex 1.100000000e+00 2.000000000e-01 -5.000000000e-02
      vertex 1.149759236e+00 1.950991430e-01 -5.000000000e-02
      vertex 1.149458825e+00 1.926634763e-01 -5.000000000e-02
    endloop
  endfacet
  facet normal 0.000000000e+00 0.000000000e+00 1.000000000e+00
    outer loop
      vertex 1.100000000e+00 2.000000000e-01 1.500000000e-01
      vertex 1.149458825e+00 1.926634763e-01 1.500000000e-01
      vertex 1.149759236e+00 1.950991430e-01 1.500000000e-01
    endloop
  endfacet
  facet normal 9.972904567e-01 -7.356456360e-02 0.000000000e+00
    outer loop
      vertex 1.149759236e+00 1.950991430e-01 -5.000000000e-02
      vertex 1.149939773e+00 1.975466163e-01 -5.000000000e-02
      vertex 1.149939773e+00 1.975466163e-01 1.500000000e-01
    endloop
  endfacet
  facet normal 9.972904567e-01 -7.356456360e-02 0.000000000e+00
    outer loop
      vertex 1.149759236e+00 1.950991430e-01 -5.000000000e-02
      vertex 1.149939773e+00 1.975466163e-01 1.500000000e-01
      vertex 1.149759236e+00 1.950991430e-01 1.500000000e-01
    endloop
  endfacet
  facet normal 0.000000000e+00 0.000000000e+00 -1.000000000e+00
    outer loop
      vertex 1.100000000e+00 2.000000000e-01 -5.000000000e-02
      vertex 1.149939773e+00 1.975466163e-01 -5.000000000e-02
      vertex 1.149759236e+00 1.950991430e-01 -5.000000000e-02
    endloop
  endfacet
  facet normal 0.000000000e+00 0.000000000e+00 1.000000000e+00
    outer loop
      vertex 1.100000000e+00 2.000000000e-01 1.500000000e-01
      vertex 1.149759236e+00 1.950991430e-01 1.500000000e-01
      vertex 1.149939773e+00 1.975466163e-01 1.500000000e-01
    endloop
  endfacet
  facet normal 9.996988187e-01 -2.454122852e-02 0.000000000e+00
    outer loop
      vertex 1.149939773e+00 1.975466163e-01 -5.000000000e-02
      vertex 1.150000000e+00 2.000000000e-01 -5.000000000e-02
      vertex 1.150000000e+00 2.000000000e-01 1.500000000e-01
    endloop
  endfacet
  facet normal 9.996988187e-01 -2.454122852e-02 0.000000000e+00
    outer loop
      vertex 1.149939773e+00 1.975466163e-01 -5.000000000e-02
      vertex 1.150000000e+00 2.000000000e-01 1.500000000e-01
      vertex 1.149939773e+00 1.975466163e-01 1.500000000e-01
    endloop
  endfacet
  facet normal 0.000000000e+00 0.000000000e+00 -1.000000000e+00
    outer loop
      vertex 1.100000000e+00 2.000000000e-01 -5.000000000e-02
      vertex 1.150000000e+00 2.000000000e-01 -5.000000000e-02
      vertex 1.149939773e+00 1.975466163e-01 -5.000000000e-02
    endloop
  endfacet
  facet normal -0.000000000e+00 0.000000000e+00 1.000000000e+00
    outer loop
      vertex 1.100000000e+00 2.000000000e-01 1.500000000e-01
      vertex 1.149939773e+00 1.975466163e-01 1.500000000e-01
      vertex 1.150000000e+00 2.000000000e-01 1.500000000e-01
    endloop
  endfacet
endsolid cylinder
