# iqnils_mesh_2x_dt0.00025_tol1e-06: point-A displacement (m) and drag and lift on the cylinder and plate (N/m), subsampled to 0.001 s
time,drag,lift,ux,uy
4.50000,4.319658e+02,1.360829e+02,-5.278970e-03,-2.990160e-02
4.50100,4.316164e+02,1.363387e+02,-5.228220e-03,-2.939370e-02
4.50200,4.316266e+02,1.377119e+02,-5.166270e-03,-2.885120e-02
4.50300,4.314367e+02,1.409755e+02,-5.093670e-03,-2.827500e-02
4.50400,4.316839e+02,1.442435e+02,-5.010650e-03,-2.766600e-02
4.50500,4.314846e+02,1.476188e+02,-4.917470e-03,-2.702440e-02
4.50600,4.315877e+02,1.498906e+02,-4.814540e-03,-2.635060e-02
4.50700,4.319221e+02,1.529065e+02,-4.702320e-03,-2.564560e-02
4.50800,4.324880e+02,1.561633e+02,-4.580870e-03,-2.490940e-02
4.50900,4.332955e+02,1.594683e+02,-4.450670e-03,-2.414210e-02
4.51000,4.338131e+02,1.618855e+02,-4.312490e-03,-2.334400e-02
4.51100,4.346197e+02,1.649841e+02,-4.166950e-03,-2.251630e-02
4.51200,4.353851e+02,1.673685e+02,-4.014690e-03,-2.166010e-02
4.51300,4.361955e+02,1.693000e+02,-3.856490e-03,-2.077680e-02
4.51400,4.372447e+02,1.713990e+02,-3.693040e-03,-1.986720e-02
4.51500,4.383884e+02,1.733851e+02,-3.524970e-03,-1.893200e-02
4.51600,4.397197e+02,1.748361e+02,-3.353090e-03,-1.797180e-02
4.51700,4.411967e+02,1.755519e+02,-3.178260e-03,-1.698680e-02
4.51800,4.428215e+02,1.767016e+02,-3.001290e-03,-1.597720e-02
4.51900,4.444647e+02,1.777882e+02,-2.822750e-03,-1.494330e-02
4.52000,4.462340e+02,1.780983e+02,-2.643510e-03,-1.388620e-02
4.52100,4.481083e+02,1.777049e+02,-2.464730e-03,-1.280780e-02
4.52200,4.499069e+02,1.766949e+02,-2.287410e-03,-1.170950e-02
4.52300,4.517783e+02,1.754085e+02,-2.112410e-03,-1.059230e-02
4.52400,4.536012e+02,1.740296e+02,-1.940470e-03,-9.457330e-03
4.52500,4.554291e+02,1.732403e+02,-1.772470e-03,-8.305640e-03
4.52600,4.573965e+02,1.725234e+02,-1.609160e-03,-7.138430e-03
4.52700,4.593604e+02,1.719044e+02,-1.451240e-03,-5.956910e-03
4.52800,4.614331e+02,1.712445e+02,-1.299630e-03,-4.762450e-03
4.52900,4.635859e+02,1.704580e+02,-1.155230e-03,-3.556540e-03
4.53000,4.655943e+02,1.681599e+02,-1.018810e-03,-2.340470e-03
4.53100,4.676150e+02,1.645505e+02,-8.911500e-04,-1.115820e-03
4.53200,4.696379e+02,1.610121e+02,-7.728390e-04,1.160490e-04
4.53300,4.715417e+02,1.581943e+02,-6.646280e-04,1.353460e-03
4.53400,4.733813e+02,1.552144e+02,-5.672000e-04,2.594640e-03
4.53500,4.750959e+02,1.524855e+02,-4.811760e-04,3.837570e-03
4.53600,4.768470e+02,1.489090e+02,-4.071110e-04,5.080420e-03
4.53700,4.784979e+02,1.455903e+02,-3.455260e-04,6.321440e-03
4.53800,4.801083e+02,1.417500e+02,-2.967700e-04,7.559100e-03
4.53900,4.817231e+02,1.382935e+02,-2.612070e-04,8.791620e-03
4.54000,4.832065e+02,1.343159e+02,-2.391540e-04,1.001760e-02
4.54100,4.846237e+02,1.301830e+02,-2.309190e-04,1.123540e-02
4.54200,4.858067e+02,1.263601e+02,-2.366470e-04,1.244310e-02
4.54300,4.867539e+02,1.228177e+02,-2.563090e-04,1.363830e-02
4.54400,4.875780e+02,1.180392e+02,-2.897480e-04,1.481890e-02
4.54500,4.882565e+02,1.127704e+02,-3.367300e-04,1.598280e-02
4.54600,4.887475e+02,1.078356e+02,-3.969530e-04,1.712820e-02
4.54700,4.891124e+02,1.024841e+02,-4.701100e-04,1.825360e-02
4.54800,4.893174e+02,9.788027e+01,-5.558750e-04,1.935750e-02
4.54900,4.894300e+02,9.326033e+01,-6.538030e-04,2.043820e-02
4.55000,4.894175e+02,8.884707e+01,-7.633480e-04,2.149430e-02
4.55100,4.893291e+02,8.322600e+01,-8.839490e-04,2.252430e-02
4.55200,4.891105e+02,7.823733e+01,-1.014970e-03,2.352640e-02
4.55300,4.886359e+02,7.187653e+01,-1.155750e-03,2.449910e-02
4.55400,4.879820e+02,6.532505e+01,-1.305550e-03,2.544100e-02
4.55500,4.870737e+02,5.954937e+01,-1.463530e-03,2.635070e-02
4.55600,4.860041e+02,5.395271e+01,-1.628800e-03,2.722700e-02
4.55700,4.848103e+02,4.804677e+01,-1.800410e-03,2.806880e-02
4.55800,4.838435e+02,4.195511e+01,-1.977440e-03,2.887480e-02
4.55900,4.821653e+02,3.754369e+01,-2.159060e-03,2.964400e-02
4.56000,4.808173e+02,3.134645e+01,-2.344400e-03,3.037560e-02
4.56100,4.793429e+02,2.584766e+01,-2.532580e-03,3.106900e-02
4.56200,4.778077e+02,2.005951e+01,-2.722620e-03,3.172350e-02
4.56300,4.762116e+02,1.386413e+01,-2.913590e-03,3.233870e-02
4.56400,4.744636e+02,7.478980e+00,-3.104480e-03,3.291410e-02
4.56500,4.725835e+02,1.876642e+00,-3.294300e-03,3.344910e-02
4.56600,4.705739e+02,-3.981061e+00,-3.482040e-03,3.394300e-02
4.56700,4.685125e+02,-9.457320e+00,-3.666750e-03,3.439560e-02
4.56800,4.664623e+02,-1.524047e+01,-3.847550e-03,3.480690e-02
4.56900,4.645414e+02,-2.111803e+01,-4.023560e-03,3.517680e-02
4.57000,4.626139e+02,-2.667841e+01,-4.194140e-03,3.550570e-02
4.57100,4.608596e+02,-3.202417e+01,-4.358770e-03,3.579370e-02
4.57200,4.589607e+02,-3.778097e+01,-4.516850e-03,3.604090e-02
4.57300,4.573511e+02,-4.205356e+01,-4.667710e-03,3.624800e-02
4.57400,4.555555e+02,-4.872641e+01,-4.811080e-03,3.641580e-02
4.57500,4.538031e+02,-5.344728e+01,-4.946250e-03,3.654420e-02
4.57600,4.519985e+02,-5.848080e+01,-5.072600e-03,3.663310e-02
4.57700,4.504201e+02,-6.446289e+01,-5.188970e-03,3.668030e-02
4.57800,4.487885e+02,-6.937840e+01,-5.294520e-03,3.668490e-02
4.57900,4.472471e+02,-7.716020e+01,-5.388740e-03,3.664740e-02
4.58000,4.462684e+02,-8.136013e+01,-5.471280e-03,3.656850e-02
4.58100,4.444791e+02,-8.490813e+01,-5.541760e-03,3.644860e-02
4.58200,4.434564e+02,-9.363707e+01,-5.600150e-03,3.628880e-02
4.58300,4.424892e+02,-9.744187e+01,-5.646260e-03,3.608940e-02
4.58400,4.413924e+02,-1.014934e+02,-5.679950e-03,3.585060e-02
4.58500,4.404889e+02,-1.045556e+02,-5.701200e-03,3.557320e-02
4.58600,4.392925e+02,-1.088293e+02,-5.709980e-03,3.525770e-02
4.58700,4.390537e+02,-1.166173e+02,-5.706100e-03,3.490450e-02
4.58800,4.381658e+02,-1.225005e+02,-5.689880e-03,3.451440e-02
4.58900,4.378075e+02,-1.276127e+02,-5.661440e-03,3.408780e-02
4.59000,4.374316e+02,-1.297797e+02,-5.620870e-03,3.362520e-02
4.59100,4.372400e+02,-1.308633e+02,-5.568250e-03,3.312720e-02
4.59200,4.369976e+02,-1.340897e+02,-5.503950e-03,3.259440e-02
4.59300,4.369555e+02,-1.360002e+02,-5.428350e-03,3.202750e-02
4.59400,4.373121e+02,-1.392289e+02,-5.341650e-03,3.142690e-02
4.59500,4.368601e+02,-1.424811e+02,-5.244310e-03,3.079310e-02
4.59600,4.370926e+02,-1.452755e+02,-5.136810e-03,3.012640e-02
4.59700,4.373570e+02,-1.484731e+02,-5.019430e-03,2.942760e-02
4.59800,4.376039e+02,-1.519215e+02,-4.892540e-03,2.869760e-02
4.59900,4.380666e+02,-1.551465e+02,-4.756350e-03,2.793640e-02
4.60000,4.387035e+02,-1.582617e+02,-4.611420e-03,2.714420e-02
4.60100,4.393089e+02,-1.613135e+02,-4.458500e-03,2.632170e-02
4.60200,4.399809e+02,-1.640902e+02,-4.298320e-03,2.547000e-02
4.60300,4.408925e+02,-1.667205e+02,-4.131730e-03,2.459050e-02
4.60400,4.418302e+02,-1.693263e+02,-3.959510e-03,2.368430e-02
4.60500,4.429539e+02,-1.715135e+02,-3.782330e-03,2.275250e-02
4.60600,4.443508e+02,-1.737655e+02,-3.600910e-03,2.179550e-02
4.60700,4.456643e+02,-1.744797e+02,-3.416290e-03,2.081370e-02
4.60800,4.471010e+02,-1.749520e+02,-3.229270e-03,1.980750e-02
4.60900,4.485429e+02,-1.752845e+02,-3.040390e-03,1.877700e-02
4.61000,4.499623e+02,-1.758154e+02,-2.850380e-03,1.772290e-02
4.61100,4.515876e+02,-1.758571e+02,-2.660270e-03,1.664670e-02
4.61200,4.533783e+02,-1.746572e+02,-2.471080e-03,1.555030e-02
4.61300,4.551347e+02,-1.734231e+02,-2.283790e-03,1.443510e-02
4.61400,4.568676e+02,-1.713218e+02,-2.099310e-03,1.330200e-02
4.61500,4.585063e+02,-1.677029e+02,-1.918580e-03,1.215230e-02
4.61600,4.605765e+02,-1.689932e+02,-1.742390e-03,1.098710e-02
4.61700,4.622587e+02,-1.675929e+02,-1.571250e-03,9.807560e-03
4.61800,4.640866e+02,-1.664912e+02,-1.406000e-03,8.614640e-03
4.61900,4.659170e+02,-1.655326e+02,-1.247640e-03,7.409950e-03
4.62000,4.678346e+02,-1.635384e+02,-1.096980e-03,6.195200e-03
4.62100,4.695322e+02,-1.601647e+02,-9.546780e-04,4.971910e-03
4.62200,4.712043e+02,-1.564685e+02,-8.213910e-04,3.741530e-03
4.62300,4.729699e+02,-1.516240e+02,-6.979210e-04,2.505520e-03
4.62400,4.747845e+02,-1.481252e+02,-5.849230e-04,1.265630e-03
4.62500,4.765351e+02,-1.445536e+02,-4.830390e-04,2.373880e-05
4.62600,4.781862e+02,-1.418211e+02,-3.929990e-04,-1.218190e-03
4.62700,4.795813e+02,-1.383563e+02,-3.154360e-04,-2.458410e-03
4.62800,4.810327e+02,-1.345878e+02,-2.506480e-04,-3.695090e-03
4.62900,4.823827e+02,-1.301439e+02,-1.988440e-04,-4.926740e-03
4.63000,4.836148e+02,-1.261035e+02,-1.604100e-04,-6.151850e-03
4.63100,4.847661e+02,-1.208680e+02,-1.356750e-04,-7.368930e-03
4.63200,4.857141e+02,-1.165860e+02,-1.248060e-04,-8.576250e-03
4.63300,4.865268e+02,-1.121191e+02,-1.277570e-04,-9.771650e-03
4.63400,4.871509e+02,-1.079359e+02,-1.445320e-04,-1.095280e-02
4.63500,4.876549e+02,-1.036966e+02,-1.749190e-04,-1.211740e-02
4.63600,4.880863e+02,-9.608620e+01,-2.185960e-04,-1.326380e-02
4.63700,4.884619e+02,-9.116380e+01,-2.752640e-04,-1.439010e-02
4.63800,4.883983e+02,-8.735060e+01,-3.447630e-04,-1.549500e-02
4.63900,4.883931e+02,-7.990460e+01,-4.266990e-04,-1.657700e-02
4.64000,4.879343e+02,-7.734827e+01,-5.204910e-04,-1.763480e-02
4.64100,4.875852e+02,-7.104493e+01,-6.255010e-04,-1.866700e-02
4.64200,4.870120e+02,-6.647141e+01,-7.411390e-04,-1.967180e-02
4.64300,4.863240e+02,-6.043458e+01,-8.667270e-04,-2.064740e-02
4.64400,4.855041e+02,-5.380466e+01,-1.001630e-03,-2.159260e-02
4.64500,4.845149e+02,-4.732729e+01,-1.145160e-03,-2.250590e-02
4.64600,4.833984e+02,-4.146173e+01,-1.296570e-03,-2.338620e-02
4.64700,4.821709e+02,-3.535487e+01,-1.455020e-03,-2.423240e-02
4.64800,4.808462e+02,-2.978937e+01,-1.619500e-03,-2.504320e-02
4.64900,4.793888e+02,-2.462813e+01,-1.789170e-03,-2.581780e-02
4.65000,4.778507e+02,-1.915195e+01,-1.963140e-03,-2.655520e-02
4.65100,4.761056e+02,-1.317206e+01,-2.140620e-03,-2.725480e-02
4.65200,4.742577e+02,-7.749373e+00,-2.320560e-03,-2.791610e-02
4.65300,4.723535e+02,-1.532980e+00,-2.502030e-03,-2.853860e-02
4.65400,4.703521e+02,4.420654e+00,-2.684060e-03,-2.912200e-02
4.65500,4.683217e+02,1.003496e+01,-2.865650e-03,-2.966570e-02
4.65600,4.664300e+02,1.580594e+01,-3.045930e-03,-3.016930e-02
4.65700,4.644243e+02,2.126825e+01,-3.224030e-03,-3.063230e-02
4.65800,4.624096e+02,2.665288e+01,-3.399230e-03,-3.105450e-02
4.65900,4.604785e+02,3.204758e+01,-3.570680e-03,-3.143590e-02
4.66000,4.583443e+02,3.685933e+01,-3.737610e-03,-3.177640e-02
4.66100,4.563241e+02,4.206407e+01,-3.899480e-03,-3.207630e-02
4.66200,4.544007e+02,4.602933e+01,-4.055440e-03,-3.233640e-02
4.66300,4.524445e+02,5.199175e+01,-4.205330e-03,-3.255780e-02
4.66400,4.505699e+02,5.678165e+01,-4.348430e-03,-3.274010e-02
4.66500,4.487701e+02,6.137472e+01,-4.484180e-03,-3.288370e-02
4.66600,4.471912e+02,6.805453e+01,-4.611940e-03,-3.298860e-02
4.66700,4.452832e+02,7.239273e+01,-4.730650e-03,-3.305270e-02
4.66800,4.437069e+02,7.729020e+01,-4.839550e-03,-3.307470e-02
4.66900,4.426133e+02,8.290707e+01,-4.938270e-03,-3.305560e-02
4.67000,4.411602e+02,8.899247e+01,-5.026340e-03,-3.299570e-02
4.67100,4.401265e+02,9.448873e+01,-5.103360e-03,-3.289560e-02
4.67200,4.384064e+02,9.584427e+01,-5.169320e-03,-3.275580e-02
4.67300,4.372215e+02,9.957200e+01,-5.224100e-03,-3.257740e-02
4.67400,4.361165e+02,1.012377e+02,-5.267180e-03,-3.236080e-02
4.67500,4.349538e+02,1.071542e+02,-5.298290e-03,-3.210590e-02
4.67600,4.344305e+02,1.131637e+02,-5.317690e-03,-3.181350e-02
4.67700,4.335020e+02,1.193629e+02,-5.325060e-03,-3.148430e-02
4.67800,4.325031e+02,1.240224e+02,-5.320670e-03,-3.111890e-02
4.67900,4.321465e+02,1.261066e+02,-5.304790e-03,-3.071760e-02
4.68000,4.322693e+02,1.308276e+02,-5.277530e-03,-3.028090e-02
4.68100,4.318905e+02,1.322000e+02,-5.239000e-03,-2.980940e-02
4.68200,4.317181e+02,1.332430e+02,-5.189270e-03,-2.930340e-02
4.68300,4.318661e+02,1.352788e+02,-5.128680e-03,-2.876340e-02
4.68400,4.319749e+02,1.373277e+02,-5.057720e-03,-2.819020e-02
4.68500,4.317992e+02,1.412787e+02,-4.976560e-03,-2.758470e-02
4.68600,4.310769e+02,1.444640e+02,-4.885430e-03,-2.694710e-02
4.68700,4.314638e+02,1.463933e+02,-4.784700e-03,-2.627810e-02
4.68800,4.317546e+02,1.494139e+02,-4.674690e-03,-2.557830e-02
4.68900,4.322138e+02,1.522325e+02,-4.555400e-03,-2.484780e-02
4.69000,4.329511e+02,1.550645e+02,-4.427390e-03,-2.408650e-02
4.69100,4.336255e+02,1.580203e+02,-4.291500e-03,-2.329520e-02
4.69200,4.345113e+02,1.610494e+02,-4.148350e-03,-2.247490e-02
4.69300,4.352795e+02,1.633285e+02,-3.998610e-03,-2.162670e-02
4.69400,4.361817e+02,1.651629e+02,-3.843030e-03,-2.075180e-02
4.69500,4.371691e+02,1.673915e+02,-3.682290e-03,-1.985110e-02
4.69600,4.383216e+02,1.691974e+02,-3.516990e-03,-1.892510e-02
4.69700,4.395423e+02,1.705442e+02,-3.347880e-03,-1.797440e-02
4.69800,4.409257e+02,1.714757e+02,-3.175830e-03,-1.699920e-02
4.69900,4.424599e+02,1.726683e+02,-3.001560e-03,-1.599980e-02
4.70000,4.440135e+02,1.736855e+02,-2.825620e-03,-1.497630e-02
4.70100,4.458023e+02,1.738434e+02,-2.648840e-03,-1.393010e-02
4.70200,4.476358e+02,1.731918e+02,-2.472430e-03,-1.286280e-02
4.70300,4.495648e+02,1.725116e+02,-2.297380e-03,-1.177590e-02
4.70400,4.513975e+02,1.712612e+02,-2.124510e-03,-1.067050e-02
4.70500,4.531458e+02,1.700083e+02,-1.954620e-03,-9.547460e-03
4.70600,4.549365e+02,1.694626e+02,-1.788460e-03,-8.408000e-03
4.70700,4.567488e+02,1.689223e+02,-1.626690e-03,-7.253180e-03
4.70800,4.585658e+02,1.681991e+02,-1.470020e-03,-6.084150e-03
4.70900,4.605181e+02,1.677880e+02,-1.319290e-03,-4.902340e-03
4.71000,4.625145e+02,1.668916e+02,-1.175460e-03,-3.709220e-03
4.71100,4.645977e+02,1.644524e+02,-1.039280e-03,-2.506070e-03
4.71200,4.666625e+02,1.610725e+02,-9.113780e-04,-1.294030e-03
4.71300,4.686875e+02,1.574957e+02,-7.926010e-04,-7.477040e-05
4.71400,4.706223e+02,1.544152e+02,-6.836820e-04,1.150030e-03
4.71500,4.725297e+02,1.513739e+02,-5.853130e-04,2.378670e-03
4.71600,4.742721e+02,1.494780e+02,-4.981660e-04,3.609260e-03
4.71700,4.759050e+02,1.471011e+02,-4.228050e-04,4.840030e-03
4.71800,4.774913e+02,1.440645e+02,-3.596640e-04,6.069290e-03
4.71900,4.790419e+02,1.407037e+02,-3.090350e-04,7.295540e-03
4.72000,4.805749e+02,1.366564e+02,-2.711850e-04,8.517080e-03
4.72100,4.820233e+02,1.332387e+02,-2.465140e-04,9.732420e-03
4.72200,4.833959e+02,1.291610e+02,-2.352820e-04,1.094000e-02
4.72300,4.845642e+02,1.248809e+02,-2.376830e-04,1.213790e-02
4.72400,4.856529e+02,1.212013e+02,-2.537190e-04,1.332390e-02
4.72500,4.865295e+02,1.165797e+02,-2.833080e-04,1.449560e-02
4.72600,4.872281e+02,1.120237e+02,-3.262450e-04,1.565120e-02
4.72700,4.877459e+02,1.079345e+02,-3.822430e-04,1.678900e-02
4.72800,4.881619e+02,1.030835e+02,-4.510210e-04,1.790740e-02
4.72900,4.882959e+02,9.848187e+01,-5.322810e-04,1.900520e-02
4.73000,4.883557e+02,9.362207e+01,-6.255790e-04,2.008070e-02
4.73100,4.882713e+02,8.913860e+01,-7.303420e-04,2.113240e-02
4.73200,4.881521e+02,8.380107e+01,-8.460180e-04,2.215870e-02
4.73300,4.879883e+02,7.845640e+01,-9.720630e-04,2.315800e-02
4.73400,4.875851e+02,7.257780e+01,-1.107890e-03,2.412880e-02
4.73500,4.870943e+02,6.593875e+01,-1.252820e-03,2.506970e-02
4.73600,4.863775e+02,6.008713e+01,-1.406110e-03,2.597930e-02
4.73700,4.853771e+02,5.488023e+01,-1.566940e-03,2.685630e-02
4.73800,4.842406e+02,4.945190e+01,-1.734390e-03,2.769950e-02
4.73900,4.830479e+02,4.413163e+01,-1.907520e-03,2.850800e-02
4.74000,4.816249e+02,3.939453e+01,-2.085460e-03,2.928060e-02
4.74100,4.802197e+02,3.380053e+01,-2.267280e-03,3.001670e-02
4.74200,4.787497e+02,2.740949e+01,-2.452090e-03,3.071550e-02
4.74300,4.771654e+02,2.161773e+01,-2.638940e-03,3.137650e-02
4.74400,4.755673e+02,1.545205e+01,-2.826930e-03,3.199910e-02
4.74500,4.740050e+02,8.972413e+00,-3.015190e-03,3.258290e-02
4.74600,4.723029e+02,3.001596e+00,-3.202810e-03,3.312710e-02
4.74700,4.704278e+02,-2.548655e+00,-3.388860e-03,3.363110e-02
4.74800,4.685921e+02,-8.220447e+00,-3.572410e-03,3.409460e-02
4.74900,4.666365e+02,-1.381090e+01,-3.752570e-03,3.451770e-02
4.75000,4.646452e+02,-1.950043e+01,-3.928510e-03,3.490030e-02
4.75100,4.626775e+02,-2.493043e+01,-4.099490e-03,3.524250e-02
4.75200,4.606807e+02,-3.045567e+01,-4.264880e-03,3.554480e-02
4.75300,4.586944e+02,-3.574659e+01,-4.424050e-03,3.580690e-02
4.75400,4.568616e+02,-4.079171e+01,-4.576270e-03,3.602930e-02
4.75500,4.552285e+02,-4.629177e+01,-4.721320e-03,3.621310e-02
4.75600,4.536769e+02,-5.204785e+01,-4.858540e-03,3.635820e-02
4.75700,4.522402e+02,-5.874395e+01,-4.987450e-03,3.646460e-02
4.75800,4.507255e+02,-6.375326e+01,-5.107200e-03,3.653090e-02
4.75900,4.491917e+02,-6.742773e+01,-5.216850e-03,3.655520e-02
4.76000,4.476881e+02,-7.372787e+01,-5.315720e-03,3.653790e-02
4.76100,4.462925e+02,-7.884233e+01,-5.403340e-03,3.647950e-02
4.76200,4.445291e+02,-8.242493e+01,-5.479290e-03,3.638060e-02
4.76300,4.431995e+02,-8.850680e+01,-5.543300e-03,3.624180e-02
4.76400,4.420242e+02,-9.166100e+01,-5.595390e-03,3.606410e-02
4.76500,4.406294e+02,-9.688327e+01,-5.635200e-03,3.584760e-02
4.76600,4.401300e+02,-1.005969e+02,-5.662690e-03,3.559260e-02
4.76700,4.393604e+02,-1.072637e+02,-5.677820e-03,3.529990e-02
4.76800,4.387188e+02,-1.136559e+02,-5.680600e-03,3.496980e-02
4.76900,4.382949e+02,-1.199817e+02,-5.670960e-03,3.460270e-02
4.77000,4.378047e+02,-1.229285e+02,-5.649410e-03,3.419930e-02
4.77100,4.376697e+02,-1.279913e+02,-5.615950e-03,3.376000e-02
4.77200,4.370983e+02,-1.306979e+02,-5.570560e-03,3.328520e-02
4.77300,4.368034e+02,-1.323567e+02,-5.513400e-03,3.277570e-02
4.77400,4.366676e+02,-1.330405e+02,-5.444800e-03,3.223200e-02
4.77500,4.364893e+02,-1.346605e+02,-5.365020e-03,3.165450e-02
4.77600,4.366352e+02,-1.391887e+02,-5.274310e-03,3.104390e-02
4.77700,4.365925e+02,-1.445170e+02,-5.173260e-03,3.040050e-02
4.77800,4.368653e+02,-1.449047e+02,-5.062240e-03,2.972480e-02
4.77900,4.372471e+02,-1.491463e+02,-4.941620e-03,2.901770e-02
4.78000,4.377135e+02,-1.523175e+02,-4.811690e-03,2.827940e-02
4.78100,4.383513e+02,-1.555586e+02,-4.672800e-03,2.751000e-02
4.78200,4.389907e+02,-1.586962e+02,-4.525680e-03,2.670990e-02
4.78300,4.395189e+02,-1.615604e+02,-4.370940e-03,2.588020e-02
4.78400,4.401665e+02,-1.634979e+02,-4.209230e-03,2.502200e-02
4.78500,4.409548e+02,-1.664023e+02,-4.041360e-03,2.413670e-02
4.78600,4.418131e+02,-1.690299e+02,-3.868110e-03,2.322510e-02
4.78700,4.430473e+02,-1.709564e+02,-3.690060e-03,2.228820e-02
4.78800,4.445021e+02,-1.723372e+02,-3.508120e-03,2.132620e-02
4.78900,4.460003e+02,-1.731631e+02,-3.323280e-03,2.033950e-02
4.79000,4.475128e+02,-1.733219e+02,-3.136250e-03,1.932820e-02
4.79100,4.490996e+02,-1.744011e+02,-2.947660e-03,1.829260e-02
4.79200,4.507523e+02,-1.745703e+02,-2.758390e-03,1.723400e-02
4.79300,4.522861e+02,-1.739137e+02,-2.569520e-03,1.615400e-02
4.79400,4.539201e+02,-1.731755e+02,-2.382020e-03,1.505420e-02
4.79500,4.555498e+02,-1.712748e+02,-2.196720e-03,1.393580e-02
4.79600,4.572277e+02,-1.696987e+02,-2.014450e-03,1.279980e-02
4.79700,4.589035e+02,-1.684135e+02,-1.836060e-03,1.164750e-02
4.79800,4.606237e+02,-1.685472e+02,-1.662310e-03,1.047990e-02
4.79900,4.627650e+02,-1.671591e+02,-1.493940e-03,9.298220e-03
4.80000,4.648041e+02,-1.662017e+02,-1.331740e-03,8.103640e-03
4.80100,4.665243e+02,-1.646216e+02,-1.176850e-03,6.897730e-03
4.80200,4.685169e+02,-1.627394e+02,-1.029990e-03,5.682200e-03
4.80300,4.701787e+02,-1.592118e+02,-8.917750e-04,4.458380e-03
4.80400,4.719400e+02,-1.540288e+02,-7.628680e-04,3.227660e-03
4.80500,4.735292e+02,-1.507737e+02,-6.440950e-04,1.991680e-03
4.80600,4.752476e+02,-1.477304e+02,-5.361070e-04,7.522740e-04
4.80700,4.768174e+02,-1.441987e+02,-4.395570e-04,-4.886260e-04
4.80800,4.784121e+02,-1.411172e+02,-3.550040e-04,-1.729150e-03
4.80900,4.799673e+02,-1.377697e+02,-2.829710e-04,-2.967550e-03
4.81000,4.814119e+02,-1.334508e+02,-2.238540e-04,-4.202200e-03
4.81100,4.827607e+02,-1.293228e+02,-1.779310e-04,-5.431380e-03
4.81200,4.841203e+02,-1.252070e+02,-1.455440e-04,-6.653640e-03
4.81300,4.852453e+02,-1.209786e+02,-1.270660e-04,-7.867480e-03
4.81400,4.860309e+02,-1.161070e+02,-1.225250e-04,-9.070900e-03
4.81500,4.868043e+02,-1.125291e+02,-1.317570e-04,-1.026170e-02
4.81600,4.872856e+02,-1.071113e+02,-1.546870e-04,-1.143750e-02
4.81700,4.877661e+02,-1.019834e+02,-1.911250e-04,-1.259630e-02
4.81800,4.880437e+02,-9.629567e+01,-2.407930e-04,-1.373630e-02
4.81900,4.881801e+02,-9.065500e+01,-3.034300e-04,-1.485600e-02
4.82000,4.883060e+02,-8.476640e+01,-3.786900e-04,-1.595390e-02
4.82100,4.882326e+02,-7.827080e+01,-4.661500e-04,-1.702860e-02
4.82200,4.879244e+02,-7.546393e+01,-5.653230e-04,-1.807860e-02
4.82300,4.875350e+02,-7.039940e+01,-6.756090e-04,-1.910250e-02
4.82400,4.869996e+02,-6.641056e+01,-7.963740e-04,-2.009840e-02
4.82500,4.862161e+02,-5.966325e+01,-9.270750e-04,-2.106490e-02
4.82600,4.853081e+02,-5.292971e+01,-1.066960e-03,-2.200070e-02
4.82700,4.842223e+02,-4.676457e+01,-1.215170e-03,-2.290420e-02
4.82800,4.829899e+02,-4.094155e+01,-1.370930e-03,-2.377450e-02
4.82900,4.816727e+02,-3.504362e+01,-1.533340e-03,-2.461030e-02
4.83000,4.803395e+02,-2.969414e+01,-1.701490e-03,-2.541040e-02
4.83100,4.788345e+02,-2.424936e+01,-1.874530e-03,-2.617410e-02
4.83200,4.773313e+02,-1.833551e+01,-2.051550e-03,-2.690030e-02
4.83300,4.755653e+02,-1.247877e+01,-2.231740e-03,-2.758860e-02
4.83400,4.737915e+02,-6.406956e+00,-2.414050e-03,-2.823830e-02
4.83500,4.718097e+02,-2.585855e-01,-2.597550e-03,-2.884910e-02
4.83600,4.698873e+02,5.550985e+00,-2.781250e-03,-2.942050e-02
4.83700,4.678225e+02,1.114979e+01,-2.964290e-03,-2.995220e-02
4.83800,4.657804e+02,1.658577e+01,-3.145670e-03,-3.044350e-02
4.83900,4.637316e+02,2.220177e+01,-3.324440e-03,-3.089410e-02
4.84000,4.616586e+02,2.776803e+01,-3.499900e-03,-3.130390e-02
4.84100,4.596137e+02,3.318093e+01,-3.671180e-03,-3.167290e-02
4.84200,4.576768e+02,3.801370e+01,-3.837740e-03,-3.200100e-02
4.84300,4.554045e+02,4.374485e+01,-3.998830e-03,-3.228870e-02
4.84400,4.538424e+02,4.874463e+01,-4.153890e-03,-3.253690e-02
4.84500,4.518601e+02,5.363767e+01,-4.302590e-03,-3.274620e-02
4.84600,4.500420e+02,5.717864e+01,-4.444230e-03,-3.291630e-02
4.84700,4.485746e+02,6.318829e+01,-4.578290e-03,-3.304760e-02
4.84800,4.467235e+02,7.028387e+01,-4.704050e-03,-3.313980e-02
4.84900,4.449339e+02,7.385847e+01,-4.820480e-03,-3.319010e-02
4.85000,4.434199e+02,7.958640e+01,-4.926820e-03,-3.319840e-02
4.85100,4.418363e+02,8.572407e+01,-5.022560e-03,-3.316550e-02
4.85200,4.406446e+02,9.011440e+01,-5.107220e-03,-3.309190e-02
4.85300,4.391725e+02,9.350687e+01,-5.180550e-03,-3.297780e-02
4.85400,4.378055e+02,9.866867e+01,-5.242770e-03,-3.282440e-02
4.85500,4.367080e+02,1.029751e+02,-5.293560e-03,-3.263220e-02
4.85600,4.359803e+02,1.075059e+02,-5.332320e-03,-3.240140e-02
4.85700,4.342652e+02,1.093487e+02,-5.359080e-03,-3.213230e-02
4.85800,4.338623e+02,1.167939e+02,-5.373940e-03,-3.182560e-02
4.85900,4.334899e+02,1.231035e+02,-5.376660e-03,-3.148200e-02
4.86000,4.327473e+02,1.272443e+02,-5.367630e-03,-3.110190e-02
4.86100,4.322674e+02,1.304531e+02,-5.347070e-03,-3.068560e-02
4.86200,4.320201e+02,1.319493e+02,-5.314930e-03,-3.023370e-02
4.86300,4.318691e+02,1.351271e+02,-5.271140e-03,-2.974670e-02
4.86400,4.315571e+02,1.349020e+02,-5.215860e-03,-2.922490e-02
4.86500,4.317530e+02,1.380694e+02,-5.149640e-03,-2.866900e-02
4.86600,4.318897e+02,1.409275e+02,-5.073050e-03,-2.807990e-02
4.86700,4.317537e+02,1.461258e+02,-4.986160e-03,-2.745810e-02
4.86800,4.316781e+02,1.456737e+02,-4.889270e-03,-2.680400e-02
4.86900,4.317004e+02,1.491087e+02,-4.782830e-03,-2.611820e-02
4.87000,4.322505e+02,1.519376e+02,-4.667050e-03,-2.540120e-02
4.87100,4.328827e+02,1.560044e+02,-4.542080e-03,-2.465300e-02
4.87200,4.335512e+02,1.589386e+02,-4.408680e-03,-2.387370e-02
4.87300,4.342926e+02,1.616185e+02,-4.267650e-03,-2.306420e-02
4.87400,4.350319e+02,1.643636e+02,-4.119480e-03,-2.222550e-02
4.87500,4.358421e+02,1.664742e+02,-3.964790e-03,-2.135900e-02
4.87600,4.368272e+02,1.685211e+02,-3.804380e-03,-2.046570e-02
4.87700,4.379877e+02,1.705369e+02,-3.638930e-03,-1.954650e-02
4.87800,4.392184e+02,1.725296e+02,-3.469180e-03,-1.860170e-02
4.87900,4.405741e+02,1.735343e+02,-3.295900e-03,-1.763190e-02
4.88000,4.420580e+02,1.744317e+02,-3.119960e-03,-1.663740e-02
4.88100,4.435903e+02,1.758726e+02,-2.942020e-03,-1.561810e-02
4.88200,4.452759e+02,1.766763e+02,-2.762670e-03,-1.457470e-02
4.88300,4.472653e+02,1.765509e+02,-2.582980e-03,-1.350870e-02
4.88400,4.491664e+02,1.758712e+02,-2.404180e-03,-1.242200e-02
4.88500,4.509056e+02,1.747627e+02,-2.227250e-03,-1.131580e-02
4.88600,4.527938e+02,1.735243e+02,-2.052930e-03,-1.019090e-02
4.88700,4.546793e+02,1.724421e+02,-1.882010e-03,-9.048600e-03
4.88800,4.565750e+02,1.718775e+02,-1.715290e-03,-7.889960e-03
4.88900,4.584749e+02,1.714195e+02,-1.553550e-03,-6.716200e-03
4.89000,4.604327e+02,1.708240e+02,-1.397530e-03,-5.528620e-03
4.89100,4.624684e+02,1.699184e+02,-1.248140e-03,-4.328630e-03
4.89200,4.645711e+02,1.690651e+02,-1.106280e-03,-3.117680e-03
4.89300,4.666140e+02,1.659323e+02,-9.726700e-04,-1.896970e-03
4.89400,4.686209e+02,1.623882e+02,-8.480340e-04,-6.681220e-04
4.89500,4.706451e+02,1.590908e+02,-7.330270e-04,5.672720e-04
4.89600,4.725615e+02,1.562024e+02,-6.284440e-04,1.807470e-03
4.89700,4.743633e+02,1.539269e+02,-5.349590e-04,3.050610e-03
4.89800,4.760109e+02,1.514431e+02,-4.531250e-04,4.294790e-03
4.89900,4.777079e+02,1.487404e+02,-3.834580e-04,5.538220e-03
4.90000,4.792805e+02,1.459753e+02,-3.264510e-04,6.779230e-03
4.90100,4.808670e+02,1.425382e+02,-2.824180e-04,8.016230e-03
4.90200,4.824233e+02,1.389606e+02,-2.516870e-04,9.247490e-03
4.90300,4.838325e+02,1.359005e+02,-2.345910e-04,1.047160e-02
4.90400,4.851840e+02,1.312741e+02,-2.314080e-04,1.168680e-02
4.90500,4.863174e+02,1.269002e+02,-2.422370e-04,1.289100e-02
4.90600,4.872761e+02,1.230309e+02,-2.669970e-04,1.408170e-02
4.90700,4.880785e+02,1.179668e+02,-3.054720e-04,1.525660e-02
4.90800,4.886463e+02,1.133499e+02,-3.574620e-04,1.641410e-02
4.90900,4.890346e+02,1.090059e+02,-4.226100e-04,1.755250e-02
4.91000,4.893139e+02,1.041940e+02,-5.005680e-04,1.867020e-02
4.91100,4.895531e+02,9.719887e+01,-5.909660e-04,1.976580e-02
4.91200,4.895241e+02,9.198720e+01,-6.933080e-04,2.083770e-02
4.91300,4.893363e+02,8.870327e+01,-8.070050e-04,2.188430e-02
4.91400,4.891370e+02,8.366047e+01,-9.314400e-04,2.290410e-02
4.91500,4.888010e+02,7.795593e+01,-1.066010e-03,2.389550e-02
4.91600,4.882907e+02,7.102107e+01,-1.210080e-03,2.485690e-02
4.91700,4.875904e+02,6.437413e+01,-1.362910e-03,2.578700e-02
4.91800,4.866323e+02,5.928357e+01,-1.523610e-03,2.668450e-02
4.91900,4.854829e+02,5.343103e+01,-1.691280e-03,2.754800e-02
4.92000,4.842479e+02,4.748757e+01,-1.865000e-03,2.837660e-02
4.92100,4.829672e+02,4.190843e+01,-2.043860e-03,2.916920e-02
4.92200,4.816227e+02,3.620994e+01,-2.226930e-03,2.992470e-02
4.92300,4.801008e+02,3.043103e+01,-2.413380e-03,3.064250e-02
4.92400,4.786187e+02,2.419293e+01,-2.602330e-03,3.132190e-02
4.92500,4.770418e+02,1.828214e+01,-2.792750e-03,3.196250e-02
4.92600,4.753698e+02,1.154472e+01,-2.983740e-03,3.256360e-02
4.92700,4.736421e+02,5.495164e+00,-3.174320e-03,3.312490e-02
4.92800,4.717297e+02,-6.933380e-01,-3.363590e-03,3.364560e-02
4.92900,4.697964e+02,-6.497648e+00,-3.550480e-03,3.412510e-02
4.93000,4.677042e+02,-1.227977e+01,-3.734090e-03,3.456360e-02
4.93100,4.656836e+02,-1.801017e+01,-3.913580e-03,3.496090e-02
4.93200,4.637090e+02,-2.376281e+01,-4.088110e-03,3.531720e-02
4.93300,4.618129e+02,-2.946823e+01,-4.257050e-03,3.563280e-02
4.93400,4.599268e+02,-3.508677e+01,-4.419870e-03,3.590780e-02
4.93500,4.581427e+02,-4.058535e+01,-4.575740e-03,3.614220e-02
4.93600,4.564222e+02,-4.602785e+01,-4.724540e-03,3.633740e-02
4.93700,4.547217e+02,-5.155289e+01,-4.865590e-03,3.649330e-02
4.93800,4.532251e+02,-5.642156e+01,-4.998350e-03,3.661010e-02
4.93900,4.515917e+02,-6.301440e+01,-5.122040e-03,3.668690e-02
4.94000,4.499016e+02,-6.774280e+01,-5.235560e-03,3.672130e-02
4.94100,4.481686e+02,-7.337220e+01,-5.338160e-03,3.671340e-02
4.94200,4.468155e+02,-7.937113e+01,-5.429390e-03,3.666380e-02
4.94300,4.454148e+02,-8.335993e+01,-5.508940e-03,3.657310e-02
4.94400,4.437261e+02,-8.829673e+01,-5.576420e-03,3.644190e-02
4.94500,4.428514e+02,-9.488253e+01,-5.631910e-03,3.627110e-02
4.94600,4.417413e+02,-9.801860e+01,-5.675050e-03,3.606090e-02
4.94700,4.409545e+02,-1.042211e+02,-5.705720e-03,3.581190e-02
4.94800,4.399963e+02,-1.080755e+02,-5.723930e-03,3.552460e-02
4.94900,4.392577e+02,-1.143349e+02,-5.729700e-03,3.519940e-02
4.95000,4.388585e+02,-1.204454e+02,-5.722840e-03,3.483690e-02
4.95100,4.382730e+02,-1.271379e+02,-5.703800e-03,3.443760e-02
4.95200,4.374968e+02,-1.300373e+02,-5.672580e-03,3.400210e-02
4.95300,4.371699e+02,-1.318117e+02,-5.629180e-03,3.353080e-02
4.95400,4.369591e+02,-1.324292e+02,-5.573780e-03,3.302420e-02
4.95500,4.369699e+02,-1.341936e+02,-5.506770e-03,3.248310e-02
4.95600,4.368877e+02,-1.375520e+02,-5.428550e-03,3.190790e-02
4.95700,4.371580e+02,-1.415083e+02,-5.339410e-03,3.129910e-02
4.95800,4.367984e+02,-1.438935e+02,-5.239620e-03,3.065750e-02
4.95900,4.372585e+02,-1.470268e+02,-5.129720e-03,2.998320e-02
4.96000,4.373973e+02,-1.514316e+02,-5.010070e-03,2.927720e-02
4.96100,4.377833e+02,-1.541501e+02,-4.880990e-03,2.853980e-02
4.96200,4.383387e+02,-1.570157e+02,-4.742760e-03,2.777120e-02
4.96300,4.388467e+02,-1.593077e+02,-4.596030e-03,2.697160e-02
4.96400,4.395244e+02,-1.628121e+02,-4.441530e-03,2.614200e-02
4.96500,4.402046e+02,-1.651186e+02,-4.279870e-03,2.528360e-02
4.96600,4.410908e+02,-1.673418e+02,-4.111890e-03,2.439760e-02
4.96700,4.420649e+02,-1.691757e+02,-3.938420e-03,2.348530e-02
4.96800,4.431677e+02,-1.717827e+02,-3.760150e-03,2.254750e-02
4.96900,4.444911e+02,-1.734384e+02,-3.577760e-03,2.158470e-02
4.97000,4.456745e+02,-1.737945e+02,-3.392140e-03,2.059710e-02
4.97100,4.475229e+02,-1.758257e+02,-3.204190e-03,1.958490e-02
4.97200,4.488417e+02,-1.752759e+02,-3.014390e-03,1.854830e-02
4.97300,4.503271e+02,-1.756715e+02,-2.823490e-03,1.748820e-02
4.97400,4.518949e+02,-1.750077e+02,-2.632680e-03,1.640660e-02
4.97500,4.535964e+02,-1.738468e+02,-2.443090e-03,1.530500e-02
4.97600,4.554177e+02,-1.723527e+02,-2.255620e-03,1.418470e-02
4.97700,4.572093e+02,-1.700200e+02,-2.071150e-03,1.304660e-02
4.97800,4.588133e+02,-1.691654e+02,-1.890620e-03,1.189190e-02
4.97900,4.608952e+02,-1.683233e+02,-1.714820e-03,1.072200e-02
4.98000,4.625532e+02,-1.678437e+02,-1.544280e-03,9.537890e-03
4.98100,4.644280e+02,-1.668725e+02,-1.379870e-03,8.340700e-03
4.98200,4.664469e+02,-1.651357e+02,-1.222520e-03,7.131960e-03
4.98300,4.680271e+02,-1.630009e+02,-1.073040e-03,5.913420e-03
4.98400,4.696484e+02,-1.588748e+02,-9.320800e-04,4.686540e-03
4.98500,4.714484e+02,-1.548349e+02,-8.003260e-04,3.452740e-03
4.98600,4.732809e+02,-1.511296e+02,-6.785920e-04,2.213610e-03
4.98700,4.750106e+02,-1.474339e+02,-5.675540e-04,9.709480e-04
4.98800,4.767289e+02,-1.439613e+02,-4.678110e-04,-2.733140e-04
4.98900,4.783512e+02,-1.409315e+02,-3.800590e-04,-1.517240e-03
4.99000,4.798458e+02,-1.370787e+02,-3.048320e-04,-2.759110e-03
4.99100,4.811371e+02,-1.347775e+02,-2.424610e-04,-3.997340e-03
4.99200,4.823799e+02,-1.303589e+02,-1.932620e-04,-5.230350e-03
4.99300,4.835666e+02,-1.264872e+02,-1.574900e-04,-6.456540e-03
4.99400,4.846374e+02,-1.211377e+02,-1.354410e-04,-7.674430e-03
4.99500,4.856371e+02,-1.158941e+02,-1.272650e-04,-8.882130e-03
4.99600,4.864089e+02,-1.125026e+02,-1.329260e-04,-1.007740e-02
4.99700,4.870997e+02,-1.079711e+02,-1.524050e-04,-1.125780e-02
4.99800,4.875836e+02,-1.026723e+02,-1.856490e-04,-1.242120e-02
4.99900,4.880376e+02,-9.655233e+01,-2.323720e-04,-1.356610e-02
5.00000,4.883111e+02,-9.198920e+01,-2.921790e-04,-1.469060e-02
5.00100,4.882342e+02,-8.717973e+01,-3.647840e-04,-1.579340e-02
5.00200,4.880043e+02,-8.283380e+01,-4.496980e-04,-1.687310e-02
5.00300,4.876587e+02,-7.780167e+01,-5.463460e-04,-1.792830e-02
5.00400,4.870990e+02,-7.276840e+01,-6.541080e-04,-1.895740e-02
5.00500,4.865668e+02,-6.570541e+01,-7.724080e-04,-1.995880e-02
5.00600,4.858794e+02,-5.917776e+01,-9.006490e-04,-2.093080e-02
5.00700,4.850489e+02,-5.225443e+01,-1.038160e-03,-2.187210e-02
5.00800,4.841657e+02,-4.583893e+01,-1.184140e-03,-2.278140e-02
5.00900,4.831673e+02,-4.026517e+01,-1.337870e-03,-2.365730e-02
5.01000,4.819097e+02,-3.457615e+01,-1.498500e-03,-2.449890e-02
5.01100,4.805971e+02,-2.961777e+01,-1.665030e-03,-2.530470e-02
5.01200,4.789569e+02,-2.499855e+01,-1.836620e-03,-2.607410e-02
5.01300,4.773195e+02,-1.937713e+01,-2.012340e-03,-2.680610e-02
5.01400,4.754502e+02,-1.360589e+01,-2.191330e-03,-2.750020e-02
5.01500,4.732699e+02,-8.737320e+00,-2.372440e-03,-2.815590e-02
5.01600,4.716197e+02,-1.910791e+00,-2.554810e-03,-2.877270e-02
5.01700,4.698435e+02,4.237066e+00,-2.737520e-03,-2.935000e-02
5.01800,4.679460e+02,1.012386e+01,-2.919740e-03,-2.988760e-02
5.01900,4.661009e+02,1.585255e+01,-3.100610e-03,-3.038480e-02
5.02000,4.642321e+02,2.134340e+01,-3.279210e-03,-3.084130e-02
5.02100,4.622683e+02,2.679529e+01,-3.454820e-03,-3.125690e-02
5.02200,4.601890e+02,3.214068e+01,-3.626500e-03,-3.163150e-02
5.02300,4.581441e+02,3.680743e+01,-3.793590e-03,-3.196540e-02
5.02400,4.557038e+02,4.209666e+01,-3.955330e-03,-3.225850e-02
5.02500,4.539644e+02,4.687380e+01,-4.111040e-03,-3.251220e-02
5.02600,4.519266e+02,5.176806e+01,-4.260400e-03,-3.272700e-02
5.02700,4.501024e+02,5.521081e+01,-4.402720e-03,-3.290280e-02
5.02800,4.486291e+02,6.242790e+01,-4.537480e-03,-3.303980e-02
5.02900,4.469375e+02,6.689693e+01,-4.664050e-03,-3.313790e-02
5.03000,4.453310e+02,7.223833e+01,-4.781440e-03,-3.319450e-02
5.03100,4.438766e+02,7.745653e+01,-4.889020e-03,-3.320900e-02
5.03200,4.428353e+02,8.297547e+01,-4.986320e-03,-3.318230e-02
5.03300,4.412257e+02,8.825313e+01,-5.072820e-03,-3.311470e-02
5.03400,4.399998e+02,9.335060e+01,-5.148080e-03,-3.300670e-02
5.03500,4.381669e+02,9.578073e+01,-5.212240e-03,-3.285920e-02
5.03600,4.371367e+02,1.008390e+02,-5.264950e-03,-3.267310e-02
5.03700,4.357725e+02,1.037899e+02,-5.305720e-03,-3.244870e-02
5.03800,4.348008e+02,1.064287e+02,-5.334490e-03,-3.218610e-02
5.03900,4.340979e+02,1.130753e+02,-5.351450e-03,-3.188600e-02
5.04000,4.337054e+02,1.191941e+02,-5.356400e-03,-3.154910e-02
5.04100,4.331650e+02,1.251371e+02,-5.349650e-03,-3.117600e-02
5.04200,4.327159e+02,1.291008e+02,-5.331480e-03,-3.076680e-02
5.04300,4.326553e+02,1.304207e+02,-5.302000e-03,-3.032220e-02
5.04400,4.326131e+02,1.323396e+02,-5.261170e-03,-2.984250e-02
5.04500,4.320810e+02,1.327909e+02,-5.209040e-03,-2.932810e-02
5.04600,4.319803e+02,1.362791e+02,-5.145930e-03,-2.877970e-02
5.04700,4.319249e+02,1.378687e+02,-5.072310e-03,-2.819820e-02
5.04800,4.318865e+02,1.414094e+02,-4.988300e-03,-2.758430e-02
5.04900,4.316621e+02,1.433300e+02,-4.894200e-03,-2.693840e-02
5.05000,4.317945e+02,1.468084e+02,-4.790590e-03,-2.626090e-02
5.05100,4.322288e+02,1.498075e+02,-4.677760e-03,-2.555270e-02
5.05200,4.329167e+02,1.528662e+02,-4.555750e-03,-2.481360e-02
5.05300,4.336342e+02,1.556742e+02,-4.425160e-03,-2.404370e-02
5.05400,4.343373e+02,1.587573e+02,-4.286810e-03,-2.324360e-02
5.05500,4.350931e+02,1.616209e+02,-4.141280e-03,-2.241450e-02
5.05600,4.356880e+02,1.640551e+02,-3.989250e-03,-2.155750e-02
5.05700,4.365420e+02,1.656921e+02,-3.831450e-03,-2.067380e-02
5.05800,4.374999e+02,1.676053e+02,-3.668490e-03,-1.976430e-02
5.05900,4.386781e+02,1.694863e+02,-3.501020e-03,-1.882950e-02
5.06000,4.400203e+02,1.706073e+02,-3.329800e-03,-1.787000e-02
5.06100,4.416381e+02,1.716475e+02,-3.155800e-03,-1.688600e-02
5.06200,4.432703e+02,1.729037e+02,-2.979810e-03,-1.587760e-02
5.06300,4.450158e+02,1.740113e+02,-2.802390e-03,-1.484520e-02
5.06400,4.467935e+02,1.739848e+02,-2.624420e-03,-1.379010e-02
5.06500,4.485377e+02,1.732952e+02,-2.447030e-03,-1.271420e-02
5.06600,4.503385e+02,1.723581e+02,-2.271170e-03,-1.161860e-02
5.06700,4.520809e+02,1.711571e+02,-2.097560e-03,-1.050440e-02
5.06800,4.537909e+02,1.698751e+02,-1.927010e-03,-9.372680e-03
5.06900,4.555144e+02,1.697377e+02,-1.760350e-03,-8.224580e-03
5.07000,4.573658e+02,1.686619e+02,-1.598260e-03,-7.061300e-03
5.07100,4.594476e+02,1.683163e+02,-1.441540e-03,-5.884090e-03
5.07200,4.615526e+02,1.671213e+02,-1.291060e-03,-4.694370e-03
5.07300,4.637262e+02,1.661222e+02,-1.147780e-03,-3.493610e-03
5.07400,4.658591e+02,1.638194e+02,-1.012440e-03,-2.282960e-03
5.07500,4.678496e+02,1.603573e+02,-8.856970e-04,-1.063600e-03
5.07600,4.698076e+02,1.568115e+02,-7.683200e-04,1.627610e-04
5.07700,4.716139e+02,1.535935e+02,-6.610060e-04,1.394500e-03
5.07800,4.733937e+02,1.508303e+02,-5.644160e-04,2.629830e-03
5.07900,4.750398e+02,1.486723e+02,-4.791720e-04,3.866790e-03
5.08000,4.767729e+02,1.458329e+02,-4.058270e-04,5.103570e-03
5.08100,4.784118e+02,1.426982e+02,-3.448590e-04,6.338440e-03
5.08200,4.800671e+02,1.391068e+02,-2.966510e-04,7.569890e-03
5.08300,4.817067e+02,1.349904e+02,-2.615710e-04,8.796180e-03
5.08400,4.832409e+02,1.319460e+02,-2.399820e-04,1.001590e-02
5.08500,4.845356e+02,1.280752e+02,-2.320920e-04,1.122740e-02
5.08600,4.856777e+02,1.239946e+02,-2.380420e-04,1.242890e-02
5.08700,4.865877e+02,1.198268e+02,-2.577510e-04,1.361770e-02
5.08800,4.873387e+02,1.148380e+02,-2.910450e-04,1.479170e-02
5.08900,4.879218e+02,1.101986e+02,-3.377190e-04,1.594920e-02
5.09000,4.883262e+02,1.052764e+02,-3.974680e-04,1.708830e-02
5.09100,4.886759e+02,1.007763e+02,-4.699600e-04,1.820750e-02
5.09200,4.888827e+02,9.596860e+01,-5.549090e-04,1.930530e-02
5.09300,4.890515e+02,9.118467e+01,-6.518620e-04,2.038020e-02
5.09400,4.890927e+02,8.641400e+01,-7.603120e-04,2.143060e-02
5.09500,4.889308e+02,8.186780e+01,-8.797220e-04,2.245500e-02
5.09600,4.886515e+02,7.627440e+01,-1.009500e-03,2.345190e-02
5.09700,4.881369e+02,7.026013e+01,-1.148980e-03,2.441960e-02
5.09800,4.873989e+02,6.373895e+01,-1.297400e-03,2.535690e-02
5.09900,4.865583e+02,5.789697e+01,-1.453940e-03,2.626240e-02
5.10000,4.854728e+02,5.247565e+01,-1.617750e-03,2.713470e-02
5.10100,4.843553e+02,4.682347e+01,-1.787930e-03,2.797260e-02
5.10200,4.831364e+02,4.177574e+01,-1.963620e-03,2.877510e-02
5.10300,4.818586e+02,3.662667e+01,-2.143900e-03,2.954110e-02
5.10400,4.805851e+02,3.073567e+01,-2.327860e-03,3.026980e-02
5.10500,4.791487e+02,2.476685e+01,-2.514720e-03,3.096070e-02
5.10600,4.773226e+02,1.921557e+01,-2.703480e-03,3.161310e-02
5.10700,4.759099e+02,1.269461e+01,-2.893220e-03,3.222660e-02
5.10800,4.741151e+02,6.598368e+00,-3.082940e-03,3.280070e-02
5.10900,4.721716e+02,7.385727e-01,-3.271640e-03,3.333480e-02
5.11000,4.702091e+02,-5.299749e+00,-3.458260e-03,3.382820e-02
5.11100,4.681758e+02,-1.087003e+01,-3.641870e-03,3.428080e-02
5.11200,4.662686e+02,-1.672011e+01,-3.821690e-03,3.469260e-02
5.11300,4.643866e+02,-2.224969e+01,-3.996910e-03,3.506360e-02
5.11400,4.625239e+02,-2.785057e+01,-4.166930e-03,3.539390e-02
5.11500,4.607516e+02,-3.325166e+01,-4.331170e-03,3.568380e-02
5.11600,4.589347e+02,-3.861521e+01,-4.488820e-03,3.593310e-02
5.11700,4.572466e+02,-4.395196e+01,-4.639580e-03,3.614320e-02
5.11800,4.554812e+02,-4.926655e+01,-4.783020e-03,3.631420e-02
5.11900,4.540793e+02,-5.818025e+01,-4.918420e-03,3.644620e-02
5.12000,4.522814e+02,-6.178769e+01,-5.045160e-03,3.653900e-02
5.12100,4.503125e+02,-6.516980e+01,-5.162230e-03,3.659040e-02
5.12200,4.490077e+02,-7.374187e+01,-5.268610e-03,3.659940e-02
5.12300,4.474455e+02,-7.681580e+01,-5.363870e-03,3.656680e-02
5.12400,4.460526e+02,-8.062067e+01,-5.447660e-03,3.649310e-02
5.12500,4.447261e+02,-8.608487e+01,-5.519680e-03,3.637870e-02
5.12600,4.435841e+02,-9.436273e+01,-5.579900e-03,3.622470e-02
5.12700,4.423516e+02,-9.423087e+01,-5.628110e-03,3.603170e-02
5.12800,4.414300e+02,-1.014303e+02,-5.663930e-03,3.579980e-02
5.12900,4.406074e+02,-1.051834e+02,-5.687310e-03,3.552940e-02
5.13000,4.394416e+02,-1.125823e+02,-5.698290e-03,3.522130e-02
5.13100,4.388400e+02,-1.183921e+02,-5.696710e-03,3.487600e-02
5.13200,4.383657e+02,-1.231287e+02,-5.682790e-03,3.449390e-02
5.13300,4.377223e+02,-1.269973e+02,-5.656860e-03,3.407560e-02
5.13400,4.374730e+02,-1.297201e+02,-5.618920e-03,3.362160e-02
5.13500,4.373477e+02,-1.318405e+02,-5.569030e-03,3.313230e-02
5.13600,4.372944e+02,-1.339412e+02,-5.507540e-03,3.260840e-02
5.13700,4.372994e+02,-1.354372e+02,-5.434820e-03,3.205040e-02
5.13800,4.372216e+02,-1.402020e+02,-5.351200e-03,3.145870e-02
5.13900,4.375613e+02,-1.422931e+02,-5.256940e-03,3.083410e-02
5.14000,4.373501e+02,-1.468841e+02,-5.152460e-03,3.017720e-02
5.14100,4.369903e+02,-1.478275e+02,-5.038230e-03,2.948830e-02
5.14200,4.375742e+02,-1.512868e+02,-4.914440e-03,2.876820e-02
5.14300,4.379721e+02,-1.528421e+02,-4.781250e-03,2.801710e-02
5.14400,4.385316e+02,-1.578957e+02,-4.639230e-03,2.723510e-02
5.14500,4.392247e+02,-1.611095e+02,-4.489190e-03,2.642290e-02
5.14600,4.400094e+02,-1.637995e+02,-4.331820e-03,2.558160e-02
5.14700,4.407365e+02,-1.666247e+02,-4.167910e-03,2.471250e-02
5.14800,4.417131e+02,-1.686663e+02,-3.998290e-03,2.381670e-02
5.14900,4.426905e+02,-1.709199e+02,-3.823670e-03,2.289520e-02
5.15000,4.438269e+02,-1.727627e+02,-3.644590e-03,2.194860e-02
5.15100,4.450816e+02,-1.738425e+02,-3.461800e-03,2.097710e-02
5.15200,4.464303e+02,-1.743904e+02,-3.276240e-03,1.998110e-02
5.15300,4.478296e+02,-1.750859e+02,-3.088700e-03,1.896060e-02
5.15400,4.493311e+02,-1.756238e+02,-2.899730e-03,1.791630e-02
5.15500,4.509463e+02,-1.751111e+02,-2.710290e-03,1.684960e-02
5.15600,4.526996e+02,-1.744769e+02,-2.521600e-03,1.576250e-02
5.15700,4.545034e+02,-1.728277e+02,-2.334580e-03,1.465610e-02
5.15800,4.562747e+02,-1.712195e+02,-2.150110e-03,1.353170e-02
5.15900,4.580202e+02,-1.694858e+02,-1.969070e-03,1.239030e-02
5.16000,4.597027e+02,-1.686845e+02,-1.792300e-03,1.123290e-02
5.16100,4.614455e+02,-1.679445e+02,-1.620460e-03,1.006090e-02
5.16200,4.631140e+02,-1.669971e+02,-1.454180e-03,8.875350e-03
5.16300,4.649180e+02,-1.648711e+02,-1.294230e-03,7.677560e-03
5.16400,4.667160e+02,-1.637253e+02,-1.141650e-03,6.469140e-03
5.16500,4.685015e+02,-1.605994e+02,-9.972690e-04,5.251790e-03
5.16600,4.703079e+02,-1.567245e+02,-8.617480e-04,4.026830e-03
5.16700,4.721181e+02,-1.524771e+02,-7.357800e-04,2.795730e-03
5.16800,4.739035e+02,-1.487762e+02,-6.201330e-04,1.560220e-03
5.16900,4.756168e+02,-1.454095e+02,-5.153950e-04,3.220930e-04
5.17000,4.771853e+02,-1.429591e+02,-4.222330e-04,-9.166990e-04
5.17100,4.786336e+02,-1.397535e+02,-3.412250e-04,-2.154400e-03
5.17200,4.800202e+02,-1.366689e+02,-2.728590e-04,-3.389340e-03
5.17300,4.812127e+02,-1.320599e+02,-2.174170e-04,-4.620020e-03
5.17400,4.824976e+02,-1.279096e+02,-1.751110e-04,-5.844900e-03
5.17500,4.836260e+02,-1.231077e+02,-1.462210e-04,-7.062400e-03
5.17600,4.846333e+02,-1.196251e+02,-1.310000e-04,-8.270710e-03
5.17700,4.855755e+02,-1.148827e+02,-1.295760e-04,-9.467770e-03
5.17800,4.863411e+02,-1.104862e+02,-1.420150e-04,-1.065130e-02
5.17900,4.869671e+02,-1.051769e+02,-1.681770e-04,-1.181890e-02
5.18000,4.874055e+02,-1.000929e+02,-2.078600e-04,-1.296900e-02
5.18100,4.876496e+02,-9.494620e+01,-2.606970e-04,-1.409970e-02
5.18200,4.876173e+02,-9.067640e+01,-3.262970e-04,-1.520970e-02
5.18300,4.874970e+02,-8.517600e+01,-4.042810e-04,-1.629750e-02
5.18400,4.871958e+02,-8.011913e+01,-4.942300e-04,-1.736160e-02
5.18500,4.868236e+02,-7.428807e+01,-5.955650e-04,-1.840060e-02
5.18600,4.862432e+02,-7.026813e+01,-7.076970e-04,-1.941300e-02
5.18700,4.856217e+02,-6.430871e+01,-8.299670e-04,-2.039680e-02
5.18800,4.848934e+02,-5.788367e+01,-9.617630e-04,-2.135080e-02
5.18900,4.841258e+02,-5.165397e+01,-1.102400e-03,-2.227360e-02
5.19000,4.831643e+02,-4.561382e+01,-1.251150e-03,-2.316370e-02
5.19100,4.819883e+02,-3.981865e+01,-1.407270e-03,-2.402020e-02
5.19200,4.806738e+02,-3.432671e+01,-1.569840e-03,-2.484170e-02
5.19300,4.792397e+02,-2.922308e+01,-1.737910e-03,-2.562720e-02
5.19400,4.776038e+02,-2.379068e+01,-1.910490e-03,-2.637600e-02
5.19500,4.758763e+02,-1.816914e+01,-2.086690e-03,-2.708740e-02
5.19600,4.740566e+02,-1.253597e+01,-2.265660e-03,-2.776070e-02
5.19700,4.722485e+02,-6.606574e+00,-2.446380e-03,-2.839540e-02
5.19800,4.702979e+02,-5.763880e-01,-2.627980e-03,-2.899090e-02
5.19900,4.685569e+02,4.975901e+00,-2.809490e-03,-2.954700e-02
5.20000,4.666401e+02,1.082404e+01,-2.990100e-03,-3.006310e-02
5.20100,4.647904e+02,1.626329e+01,-3.168760e-03,-3.053880e-02
5.20200,4.628461e+02,2.163885e+01,-3.344820e-03,-3.097390e-02
5.20300,4.608466e+02,2.717628e+01,-3.517350e-03,-3.136830e-02
5.20400,4.587177e+02,3.196260e+01,-3.685680e-03,-3.172200e-02
5.20500,4.565137e+02,3.702274e+01,-3.849080e-03,-3.203510e-02
5.20600,4.545727e+02,4.197444e+01,-4.006640e-03,-3.230820e-02
5.20700,4.526775e+02,4.680799e+01,-4.158130e-03,-3.254250e-02
5.20800,4.508198e+02,5.181921e+01,-4.302940e-03,-3.273770e-02
5.20900,4.492637e+02,5.481516e+01,-4.440580e-03,-3.289400e-02
5.21000,4.478845e+02,6.555077e+01,-4.570560e-03,-3.301170e-02
5.21100,4.461113e+02,6.930487e+01,-4.691950e-03,-3.308930e-02
5.21200,4.445095e+02,7.310220e+01,-4.803860e-03,-3.312470e-02
5.21300,4.431378e+02,7.710260e+01,-4.905740e-03,-3.311860e-02
5.21400,4.416370e+02,8.336313e+01,-4.997060e-03,-3.307160e-02
5.21500,4.406526e+02,8.720460e+01,-5.077390e-03,-3.298410e-02
5.21600,4.387515e+02,9.080380e+01,-5.146570e-03,-3.285660e-02
5.21700,4.373025e+02,9.464327e+01,-5.204590e-03,-3.269020e-02
5.21800,4.362685e+02,9.966720e+01,-5.250970e-03,-3.248550e-02
5.21900,4.353967e+02,1.050791e+02,-5.285360e-03,-3.224280e-02
5.22000,4.341841e+02,1.062088e+02,-5.307850e-03,-3.196210e-02
5.22100,4.338034e+02,1.137005e+02,-5.318510e-03,-3.164420e-02
5.22200,4.333273e+02,1.206499e+02,-5.317220e-03,-3.128980e-02
5.22300,4.328639e+02,1.245714e+02,-5.304480e-03,-3.089920e-02
5.22400,4.325481e+02,1.272831e+02,-5.280430e-03,-3.047290e-02
5.22500,4.323547e+02,1.288626e+02,-5.245080e-03,-3.001120e-02
5.22600,4.321466e+02,1.315287e+02,-5.198350e-03,-2.951460e-02
5.22700,4.318397e+02,1.323507e+02,-5.140410e-03,-2.898370e-02
5.22800,4.318225e+02,1.337997e+02,-5.071830e-03,-2.841910e-02
5.22900,4.316696e+02,1.379657e+02,-4.992920e-03,-2.782170e-02
5.23000,4.317266e+02,1.412002e+02,-4.903760e-03,-2.719230e-02
5.23100,4.317881e+02,1.440673e+02,-4.804860e-03,-2.653120e-02
5.23200,4.319095e+02,1.467663e+02,-4.696760e-03,-2.583880e-02
5.23300,4.325201e+02,1.499971e+02,-4.579530e-03,-2.511560e-02
5.23400,4.332490e+02,1.526889e+02,-4.453370e-03,-2.436130e-02
5.23500,4.339057e+02,1.555421e+02,-4.319100e-03,-2.357660e-02
5.23600,4.346442e+02,1.588169e+02,-4.177400e-03,-2.276220e-02
5.23700,4.353064e+02,1.612599e+02,-4.028840e-03,-2.191930e-02
5.23800,4.360789e+02,1.635582e+02,-3.874120e-03,-2.104920e-02
5.23900,4.370075e+02,1.649673e+02,-3.713990e-03,-2.015280e-02
5.24000,4.380352e+02,1.670459e+02,-3.549160e-03,-1.923090e-02
5.24100,4.392993e+02,1.686427e+02,-3.380230e-03,-1.828390e-02
5.24200,4.408581e+02,1.699165e+02,-3.207950e-03,-1.731220e-02
5.24300,4.425605e+02,1.712422e+02,-3.033350e-03,-1.631610e-02
5.24400,4.441817e+02,1.725900e+02,-2.857130e-03,-1.529550e-02
5.24500,4.458764e+02,1.731199e+02,-2.679920e-03,-1.425130e-02
5.24600,4.477374e+02,1.726827e+02,-2.502780e-03,-1.318530e-02
5.24700,4.495345e+02,1.719101e+02,-2.326820e-03,-1.209910e-02
5.24800,4.512463e+02,1.707351e+02,-2.152870e-03,-1.099380e-02
5.24900,4.528974e+02,1.694541e+02,-1.981590e-03,-9.870420e-03
5.25000,4.547077e+02,1.686110e+02,-1.813810e-03,-8.730110e-03
5.25100,4.565651e+02,1.679127e+02,-1.650350e-03,-7.574060e-03
5.25200,4.584703e+02,1.674341e+02,-1.492020e-03,-6.403520e-03
5.25300,4.605398e+02,1.669309e+02,-1.339520e-03,-5.219790e-03
5.25400,4.626906e+02,1.661666e+02,-1.193750e-03,-4.024260e-03
5.25500,4.648256e+02,1.645919e+02,-1.055620e-03,-2.818170e-03
5.25600,4.668693e+02,1.613172e+02,-9.258420e-04,-1.602660e-03
5.25700,4.688639e+02,1.576844e+02,-8.051590e-04,-3.794010e-04
5.25800,4.707705e+02,1.544279e+02,-6.942670e-04,8.500210e-04
5.25900,4.725331e+02,1.513029e+02,-5.938790e-04,2.083860e-03
5.26000,4.742851e+02,1.485817e+02,-5.045910e-04,3.320180e-03
5.26100,4.759431e+02,1.455658e+02,-4.268900e-04,4.557070e-03
5.26200,4.776271e+02,1.432744e+02,-3.613150e-04,5.792780e-03
5.26300,4.792403e+02,1.394685e+02,-3.083580e-04,7.025750e-03
5.26400,4.809163e+02,1.358890e+02,-2.683980e-04,8.254330e-03
5.26500,4.824750e+02,1.323917e+02,-2.417540e-04,9.476910e-03
5.26600,4.838977e+02,1.287392e+02,-2.286870e-04,1.069210e-02
5.26700,4.851139e+02,1.245729e+02,-2.294660e-04,1.189790e-02
5.26800,4.862077e+02,1.204367e+02,-2.440360e-04,1.309230e-02
5.26900,4.870353e+02,1.159095e+02,-2.722730e-04,1.427270e-02
5.27000,4.876802e+02,1.110064e+02,-3.140190e-04,1.543720e-02
5.27100,4.880696e+02,1.076168e+02,-3.690310e-04,1.658410e-02
5.27200,4.885187e+02,1.016868e+02,-4.369210e-04,1.771160e-02
5.27300,4.887230e+02,9.711253e+01,-5.173670e-04,1.881840e-02
5.27400,4.889403e+02,9.196920e+01,-6.099910e-04,1.990290e-02
5.27500,4.890827e+02,8.735520e+01,-7.143280e-04,2.096340e-02
5.27600,4.890439e+02,8.239920e+01,-8.298710e-04,2.199850e-02
5.27700,4.888435e+02,7.734113e+01,-9.560080e-04,2.300680e-02
5.27800,4.884891e+02,7.128087e+01,-1.092140e-03,2.398640e-02
5.27900,4.879129e+02,6.475885e+01,-1.237560e-03,2.493620e-02
5.28000,4.870264e+02,5.889818e+01,-1.391440e-03,2.585440e-02
5.28100,4.860867e+02,5.332662e+01,-1.552870e-03,2.673990e-02
5.28200,4.848837e+02,4.751371e+01,-1.721020e-03,2.759140e-02
5.28300,4.836984e+02,4.228056e+01,-1.894930e-03,2.840760e-02
5.28400,4.824304e+02,3.723487e+01,-2.073710e-03,2.918750e-02
5.28500,4.811047e+02,3.140335e+01,-2.256440e-03,2.993040e-02
5.28600,4.797405e+02,2.547898e+01,-2.442320e-03,3.063540e-02
5.28700,4.783753e+02,1.869575e+01,-2.630480e-03,3.130190e-02
5.28800,4.767763e+02,1.325037e+01,-2.819940e-03,3.192960e-02
5.28900,4.746782e+02,7.670327e+00,-3.009760e-03,3.251780e-02
5.29000,4.731745e+02,1.185095e+00,-3.198910e-03,3.306610e-02
5.29100,4.711477e+02,-4.749524e+00,-3.386360e-03,3.357350e-02
5.29200,4.691292e+02,-1.053993e+01,-3.571060e-03,3.404000e-02
5.29300,4.670950e+02,-1.606879e+01,-3.752190e-03,3.446540e-02
5.29400,4.652047e+02,-2.176769e+01,-3.928950e-03,3.484970e-02
5.29500,4.632103e+02,-2.737622e+01,-4.100640e-03,3.519320e-02
5.29600,4.614763e+02,-3.256334e+01,-4.266640e-03,3.549600e-02
5.29700,4.595582e+02,-3.818117e+01,-4.426250e-03,3.575780e-02
5.29800,4.580159e+02,-4.196028e+01,-4.578940e-03,3.597970e-02
5.29900,4.562763e+02,-4.951850e+01,-4.724560e-03,3.616230e-02
5.30000,4.546753e+02,-5.363197e+01,-4.862310e-03,3.630560e-02
5.30100,4.532781e+02,-5.958610e+01,-4.991560e-03,3.640980e-02
5.30200,4.511363e+02,-6.440281e+01,-5.111330e-03,3.647290e-02
5.30300,4.495291e+02,-7.289713e+01,-5.220550e-03,3.649320e-02
5.30400,4.477995e+02,-7.468053e+01,-5.318690e-03,3.647160e-02
5.30500,4.465177e+02,-8.103400e+01,-5.405350e-03,3.640840e-02
5.30600,4.452094e+02,-8.513780e+01,-5.480220e-03,3.630420e-02
5.30700,4.438951e+02,-9.166853e+01,-5.543270e-03,3.615970e-02
5.30800,4.430381e+02,-9.597807e+01,-5.594490e-03,3.597580e-02
5.30900,4.418840e+02,-1.005893e+02,-5.633330e-03,3.575290e-02
5.31000,4.406705e+02,-1.038336e+02,-5.659740e-03,3.549120e-02
5.31100,4.401810e+02,-1.102969e+02,-5.673760e-03,3.519120e-02
5.31200,4.394213e+02,-1.172218e+02,-5.675260e-03,3.485370e-02
5.31300,4.387088e+02,-1.233947e+02,-5.664190e-03,3.447920e-02
5.31400,4.379501e+02,-1.269871e+02,-5.641060e-03,3.406820e-02
5.31500,4.376049e+02,-1.300399e+02,-5.605820e-03,3.362110e-02
5.31600,4.374762e+02,-1.314704e+02,-5.558470e-03,3.313850e-02
5.31700,4.372672e+02,-1.337274e+02,-5.499290e-03,3.262100e-02
5.31800,4.373457e+02,-1.374781e+02,-5.428700e-03,3.206900e-02
5.31900,4.376291e+02,-1.391849e+02,-5.347260e-03,3.148320e-02
5.32000,4.379663e+02,-1.443380e+02,-5.255190e-03,3.086400e-02
5.32100,4.373519e+02,-1.468585e+02,-5.152800e-03,3.021230e-02
5.32200,4.374210e+02,-1.494755e+02,-5.040620e-03,2.952830e-02
5.32300,4.375329e+02,-1.533757e+02,-4.918910e-03,2.881300e-02
5.32400,4.378733e+02,-1.563481e+02,-4.787780e-03,2.806650e-02
5.32500,4.384485e+02,-1.591922e+02,-4.647680e-03,2.728890e-02
5.32600,4.390702e+02,-1.624763e+02,-4.499460e-03,2.648080e-02
5.32700,4.398043e+02,-1.652969e+02,-4.343760e-03,2.564330e-02
5.32800,4.406064e+02,-1.675101e+02,-4.181250e-03,2.477760e-02
5.32900,4.415295e+02,-1.698809e+02,-4.012780e-03,2.388500e-02
5.33000,4.426215e+02,-1.722551e+02,-3.839200e-03,2.296640e-02
5.33100,4.436981e+02,-1.739079e+02,-3.661190e-03,2.202250e-02
5.33200,4.449570e+02,-1.752813e+02,-3.479410e-03,2.105390e-02
5.33300,4.462457e+02,-1.758890e+02,-3.294730e-03,2.006060e-02
5.33400,4.475729e+02,-1.765154e+02,-3.107910e-03,1.904300e-02
5.33500,4.490171e+02,-1.772069e+02,-2.919500e-03,1.800130e-02
5.33600,4.506720e+02,-1.772885e+02,-2.730380e-03,1.693690e-02
5.33700,4.523111e+02,-1.766344e+02,-2.541790e-03,1.585170e-02
5.33800,4.540231e+02,-1.750951e+02,-2.354850e-03,1.474700e-02
5.33900,4.559506e+02,-1.734503e+02,-2.170420e-03,1.362430e-02
5.34000,4.577473e+02,-1.718091e+02,-1.989280e-03,1.248450e-02
5.34100,4.593698e+02,-1.715707e+02,-1.812300e-03,1.132870e-02
5.34200,4.611581e+02,-1.700171e+02,-1.640220e-03,1.015830e-02
5.34300,4.628353e+02,-1.695701e+02,-1.473690e-03,8.974320e-03
5.34400,4.646188e+02,-1.685650e+02,-1.313480e-03,7.778060e-03
5.34500,4.664472e+02,-1.665352e+02,-1.160470e-03,6.570930e-03
5.34600,4.681377e+02,-1.634120e+02,-1.015610e-03,5.354670e-03
5.34700,4.698595e+02,-1.588503e+02,-8.794260e-04,4.130780e-03
5.34800,4.717521e+02,-1.546817e+02,-7.525130e-04,2.900660e-03
5.34900,4.735239e+02,-1.508646e+02,-6.357170e-04,1.665960e-03
5.35000,4.752439e+02,-1.472143e+02,-5.298030e-04,4.285000e-04
5.35100,4.768463e+02,-1.439955e+02,-4.354100e-04,-8.097690e-04
5.35200,4.783509e+02,-1.413554e+02,-3.530990e-04,-2.047050e-03
5.35300,4.797122e+02,-1.381952e+02,-2.833240e-04,-3.281650e-03
5.35400,4.810027e+02,-1.344053e+02,-2.263700e-04,-4.511990e-03
5.35500,4.822161e+02,-1.301449e+02,-1.823830e-04,-5.736500e-03
5.35600,4.832959e+02,-1.255709e+02,-1.517070e-04,-6.953710e-03
5.35700,4.843603e+02,-1.206343e+02,-1.347010e-04,-8.161850e-03
5.35800,4.853450e+02,-1.163432e+02,-1.314910e-04,-9.358920e-03
5.35900,4.861232e+02,-1.115453e+02,-1.420160e-04,-1.054270e-02
5.36000,4.866445e+02,-1.075914e+02,-1.661160e-04,-1.171070e-02
5.36100,4.871630e+02,-1.025659e+02,-2.035810e-04,-1.286130e-02
5.36200,4.874215e+02,-9.805493e+01,-2.541850e-04,-1.399250e-02
5.36300,4.875079e+02,-9.281220e+01,-3.176170e-04,-1.510290e-02
5.36400,4.874347e+02,-8.773433e+01,-3.935150e-04,-1.619120e-02
5.36500,4.871327e+02,-8.262420e+01,-4.814460e-04,-1.725580e-02
5.36600,4.867245e+02,-7.721260e+01,-5.807860e-04,-1.829550e-02
5.36700,4.862831e+02,-7.157707e+01,-6.908970e-04,-1.930860e-02
5.36800,4.857513e+02,-6.564827e+01,-8.111670e-04,-2.029340e-02
5.36900,4.850567e+02,-5.915972e+01,-9.410020e-04,-2.124840e-02
5.37000,4.841977e+02,-5.254818e+01,-1.079690e-03,-2.217230e-02
5.37100,4.831778e+02,-4.659324e+01,-1.226510e-03,-2.306360e-02
5.37200,4.819796e+02,-4.089383e+01,-1.380600e-03,-2.392130e-02
5.37300,4.806968e+02,-3.536116e+01,-1.541010e-03,-2.474410e-02
5.37400,4.792698e+02,-3.032912e+01,-1.706880e-03,-2.553110e-02
5.37500,4.776923e+02,-2.479596e+01,-1.877300e-03,-2.628130e-02
5.37600,4.760452e+02,-1.932214e+01,-2.051420e-03,-2.699410e-02
5.37700,4.742881e+02,-1.354978e+01,-2.228420e-03,-2.766880e-02
5.37800,4.725360e+02,-7.599673e+00,-2.407240e-03,-2.830500e-02
5.37900,4.706671e+02,-1.441441e+00,-2.587010e-03,-2.890190e-02
5.38000,4.690003e+02,4.347199e+00,-2.766770e-03,-2.945940e-02
5.38100,4.669742e+02,1.011819e+01,-2.945770e-03,-2.997720e-02
5.38200,4.652385e+02,1.566040e+01,-3.123020e-03,-3.045450e-02
5.38300,4.631710e+02,2.100925e+01,-3.297850e-03,-3.089130e-02
5.38400,4.612660e+02,2.634290e+01,-3.469210e-03,-3.128720e-02
5.38500,4.590558e+02,3.090183e+01,-3.636370e-03,-3.164230e-02
5.38600,4.569755e+02,3.599547e+01,-3.798650e-03,-3.195680e-02
5.38700,4.550007e+02,4.101305e+01,-3.955170e-03,-3.223130e-02
5.38800,4.531336e+02,4.561670e+01,-4.105740e-03,-3.246690e-02
5.38900,4.512633e+02,5.074463e+01,-4.249720e-03,-3.266370e-02
5.39000,4.496481e+02,5.363969e+01,-4.386580e-03,-3.282150e-02
5.39100,4.480674e+02,5.966071e+01,-4.515750e-03,-3.294070e-02
5.39200,4.464572e+02,6.578989e+01,-4.636320e-03,-3.302010e-02
5.39300,4.447527e+02,7.125353e+01,-4.747390e-03,-3.305730e-02
5.39400,4.433876e+02,7.755980e+01,-4.848470e-03,-3.305290e-02
5.39500,4.419387e+02,8.273373e+01,-4.939070e-03,-3.300760e-02
5.39600,4.408769e+02,8.712307e+01,-5.018820e-03,-3.292180e-02
5.39700,4.392103e+02,9.056073e+01,-5.087560e-03,-3.279620e-02
5.39800,4.377308e+02,9.374747e+01,-5.145330e-03,-3.263160e-02
5.39900,4.366329e+02,9.748773e+01,-5.191630e-03,-3.242870e-02
5.40000,4.358917e+02,1.032574e+02,-5.226180e-03,-3.218790e-02
5.40100,4.346953e+02,1.072579e+02,-5.249070e-03,-3.190940e-02
5.40200,4.343541e+02,1.133434e+02,-5.260310e-03,-3.159370e-02
5.40300,4.338103e+02,1.190467e+02,-5.259690e-03,-3.124150e-02
5.40400,4.331054e+02,1.236553e+02,-5.247690e-03,-3.085330e-02
5.40500,4.327899e+02,1.246931e+02,-5.224400e-03,-3.042960e-02
5.40600,4.323614e+02,1.263549e+02,-5.189800e-03,-2.997070e-02
5.40700,4.322979e+02,1.287750e+02,-5.143840e-03,-2.947710e-02
5.40800,4.321689e+02,1.303570e+02,-5.086750e-03,-2.894920e-02
5.40900,4.322071e+02,1.328291e+02,-5.019140e-03,-2.838780e-02
5.41000,4.320463e+02,1.367680e+02,-4.941400e-03,-2.779380e-02
5.41100,4.322797e+02,1.395820e+02,-4.853520e-03,-2.716810e-02
5.41200,4.322567e+02,1.420841e+02,-4.755960e-03,-2.651080e-02
5.41300,4.324086e+02,1.446851e+02,-4.649340e-03,-2.582240e-02
5.41400,4.328815e+02,1.482937e+02,-4.533660e-03,-2.510330e-02
5.41500,4.335335e+02,1.508057e+02,-4.409190e-03,-2.435330e-02
5.41600,4.341967e+02,1.525530e+02,-4.276680e-03,-2.357290e-02
5.41700,4.348036e+02,1.568150e+02,-4.136800e-03,-2.276300e-02
5.41800,4.355370e+02,1.593613e+02,-3.990130e-03,-2.192490e-02
5.41900,4.363361e+02,1.612169e+02,-3.837370e-03,-2.105980e-02
5.42000,4.372769e+02,1.628553e+02,-3.679340e-03,-2.016860e-02
5.42100,4.383606e+02,1.647647e+02,-3.516790e-03,-1.925220e-02
5.42200,4.395731e+02,1.663966e+02,-3.350250e-03,-1.831100e-02
5.42300,4.410191e+02,1.677345e+02,-3.180340e-03,-1.734540e-02
5.42400,4.425621e+02,1.690063e+02,-3.008010e-03,-1.635560e-02
5.42500,4.440694e+02,1.703406e+02,-2.834030e-03,-1.534170e-02
5.42600,4.457831e+02,1.706459e+02,-2.658970e-03,-1.430430e-02
5.42700,4.475094e+02,1.701744e+02,-2.483890e-03,-1.324520e-02
5.42800,4.493089e+02,1.692354e+02,-2.309910e-03,-1.216620e-02
5.42900,4.509880e+02,1.680325e+02,-2.137820e-03,-1.106830e-02
5.43000,4.527631e+02,1.667079e+02,-1.968360e-03,-9.952560e-03
5.43100,4.545616e+02,1.659065e+02,-1.802300e-03,-8.820110e-03
5.43200,4.564781e+02,1.652879e+02,-1.640560e-03,-7.672170e-03
5.43300,4.582935e+02,1.647614e+02,-1.483930e-03,-6.509960e-03
5.43400,4.602821e+02,1.643304e+02,-1.333090e-03,-5.334780e-03
5.43500,4.622849e+02,1.636361e+02,-1.188830e-03,-4.147940e-03
5.43600,4.643213e+02,1.622618e+02,-1.052060e-03,-2.950700e-03
5.43700,4.663767e+02,1.591497e+02,-9.234530e-04,-1.744190e-03
5.43800,4.683521e+02,1.551401e+02,-8.036530e-04,-5.297550e-04
5.43900,4.701751e+02,1.519759e+02,-6.935130e-04,6.906890e-04
5.44000,4.720077e+02,1.491170e+02,-5.936600e-04,1.915360e-03
5.44100,4.737188e+02,1.464727e+02,-5.047290e-04,3.142420e-03
5.44200,4.753435e+02,1.438327e+02,-4.272140e-04,4.370040e-03
5.44300,4.770033e+02,1.413256e+02,-3.615960e-04,5.596490e-03
5.44400,4.785672e+02,1.387300e+02,-3.083670e-04,6.820240e-03
5.44500,4.801301e+02,1.354429e+02,-2.678730e-04,8.039690e-03
5.44600,4.816993e+02,1.318651e+02,-2.404520e-04,9.253260e-03
5.44700,4.830280e+02,1.294317e+02,-2.263530e-04,1.045950e-02
5.44800,4.842477e+02,1.248977e+02,-2.257770e-04,1.165650e-02
5.44900,4.852872e+02,1.208051e+02,-2.387020e-04,1.284250e-02
5.45000,4.861777e+02,1.157007e+02,-2.650950e-04,1.401470e-02
5.45100,4.868777e+02,1.096309e+02,-3.048270e-04,1.517110e-02
5.45200,4.873959e+02,1.060238e+02,-3.576790e-04,1.631000e-02
5.45300,4.877421e+02,1.020942e+02,-4.232980e-04,1.742980e-02
5.45400,4.880431e+02,9.755567e+01,-5.013540e-04,1.852900e-02
5.45500,4.882169e+02,9.303593e+01,-5.914080e-04,1.960620e-02
5.45600,4.882441e+02,8.793067e+01,-6.930210e-04,2.065980e-02
5.45700,4.881445e+02,8.342267e+01,-8.057090e-04,2.168840e-02
5.45800,4.879613e+02,7.799327e+01,-9.288840e-04,2.269030e-02
5.45900,4.875227e+02,7.213373e+01,-1.061930e-03,2.366400e-02
5.46000,4.869795e+02,6.514065e+01,-1.204110e-03,2.460830e-02
5.46100,4.862019e+02,5.927799e+01,-1.354610e-03,2.552140e-02
5.46200,4.853193e+02,5.412308e+01,-1.512610e-03,2.640210e-02
5.46300,4.841966e+02,4.827441e+01,-1.677320e-03,2.724910e-02
5.46400,4.830721e+02,4.286393e+01,-1.847820e-03,2.806130e-02
5.46500,4.818316e+02,3.749089e+01,-2.023240e-03,2.883760e-02
5.46600,4.804653e+02,3.191745e+01,-2.202680e-03,2.957730e-02
5.46700,4.791179e+02,2.606435e+01,-2.385240e-03,3.027960e-02
5.46800,4.777385e+02,1.993310e+01,-2.570060e-03,3.094390e-02
5.46900,4.762420e+02,1.373990e+01,-2.756240e-03,3.156980e-02
5.47000,4.743431e+02,8.060593e+00,-2.942880e-03,3.215690e-02
5.47100,4.725753e+02,2.036794e+00,-3.128960e-03,3.270430e-02
5.47200,4.706107e+02,-3.868648e+00,-3.313450e-03,3.321150e-02
5.47300,4.687533e+02,-9.663200e+00,-3.495330e-03,3.367800e-02
5.47400,4.667609e+02,-1.536209e+01,-3.673800e-03,3.410380e-02
5.47500,4.649327e+02,-2.109755e+01,-3.848130e-03,3.448890e-02
5.47600,4.630309e+02,-2.646139e+01,-4.017610e-03,3.483370e-02
5.47700,4.612349e+02,-3.176761e+01,-4.181670e-03,3.513820e-02
5.47800,4.592907e+02,-3.733833e+01,-4.339430e-03,3.540210e-02
5.47900,4.576239e+02,-4.105247e+01,-4.490470e-03,3.562660e-02
5.48000,4.559639e+02,-4.788963e+01,-4.634500e-03,3.581220e-02
5.48100,4.543041e+02,-5.192957e+01,-4.770830e-03,3.595900e-02
5.48200,4.528872e+02,-6.070357e+01,-4.898860e-03,3.606700e-02
5.48300,4.512167e+02,-6.552094e+01,-5.017680e-03,3.613450e-02
5.48400,4.493497e+02,-7.070833e+01,-5.126320e-03,3.615960e-02
5.48500,4.480019e+02,-7.423860e+01,-5.224200e-03,3.614330e-02
5.48600,4.465691e+02,-8.115287e+01,-5.310840e-03,3.608570e-02
5.48700,4.454937e+02,-8.555207e+01,-5.385860e-03,3.598740e-02
5.48800,4.439716e+02,-9.231400e+01,-5.449260e-03,3.584920e-02
5.48900,4.427631e+02,-9.700033e+01,-5.501100e-03,3.567200e-02
5.49000,4.417319e+02,-1.006785e+02,-5.540960e-03,3.545640e-02
5.49100,4.409031e+02,-1.018543e+02,-5.568590e-03,3.520220e-02
5.49200,4.400001e+02,-1.121599e+02,-5.584090e-03,3.491010e-02
5.49300,4.391685e+02,-1.167397e+02,-5.587390e-03,3.458090e-02
5.49400,4.387496e+02,-1.229521e+02,-5.578290e-03,3.421510e-02
5.49500,4.378485e+02,-1.248355e+02,-5.557350e-03,3.381310e-02
5.49600,4.374035e+02,-1.289856e+02,-5.524540e-03,3.337530e-02
5.49700,4.373034e+02,-1.308162e+02,-5.479850e-03,3.290240e-02
5.49800,4.370287e+02,-1.337088e+02,-5.423480e-03,3.239490e-02
5.49900,4.370185e+02,-1.368079e+02,-5.355830e-03,3.185330e-02
5.50000,4.371051e+02,-1.382505e+02,-5.277450e-03,3.127820e-02
5.50100,4.371983e+02,-1.421859e+02,-5.188570e-03,3.067020e-02
5.50200,4.370752e+02,-1.474723e+02,-5.089500e-03,3.002970e-02
5.50300,4.371357e+02,-1.479335e+02,-4.980660e-03,2.935730e-02
5.50400,4.372059e+02,-1.516353e+02,-4.862510e-03,2.865400e-02
5.50500,4.375449e+02,-1.547334e+02,-4.735090e-03,2.791980e-02
5.50600,4.379940e+02,-1.586496e+02,-4.598830e-03,2.715490e-02
5.50700,4.386266e+02,-1.608915e+02,-4.454570e-03,2.635970e-02
5.50800,4.393165e+02,-1.640007e+02,-4.302900e-03,2.553520e-02
5.50900,4.399944e+02,-1.664841e+02,-4.144420e-03,2.468270e-02
5.51000,4.409083e+02,-1.685386e+02,-3.979970e-03,2.380340e-02
5.51100,4.418684e+02,-1.706547e+02,-3.810360e-03,2.289830e-02
5.51200,4.430021e+02,-1.728127e+02,-3.636220e-03,2.196830e-02
5.51300,4.442105e+02,-1.741723e+02,-3.458280e-03,2.101350e-02
5.51400,4.454736e+02,-1.745655e+02,-3.277370e-03,2.003430e-02
5.51500,4.467657e+02,-1.751959e+02,-3.094220e-03,1.903100e-02
5.51600,4.481831e+02,-1.760810e+02,-2.909360e-03,1.800370e-02
5.51700,4.497180e+02,-1.759263e+02,-2.723600e-03,1.695370e-02
5.51800,4.514039e+02,-1.754632e+02,-2.538130e-03,1.588280e-02
5.51900,4.530255e+02,-1.743213e+02,-2.354080e-03,1.479270e-02
5.52000,4.548277e+02,-1.725101e+02,-2.172300e-03,1.368430e-02
5.52100,4.565393e+02,-1.707019e+02,-1.993550e-03,1.255890e-02
5.52200,4.582021e+02,-1.696921e+02,-1.818700e-03,1.141750e-02
5.52300,4.600087e+02,-1.687443e+02,-1.648500e-03,1.026130e-02
5.52400,4.617563e+02,-1.677971e+02,-1.483630e-03,9.091440e-03
5.52500,4.634205e+02,-1.667277e+02,-1.324840e-03,7.909140e-03
5.52600,4.651575e+02,-1.658117e+02,-1.173020e-03,6.716000e-03
5.52700,4.669737e+02,-1.625897e+02,-1.028920e-03,5.513420e-03
5.52800,4.686844e+02,-1.585874e+02,-8.931420e-04,4.302680e-03
5.52900,4.704497e+02,-1.542518e+02,-7.664430e-04,3.085420e-03
5.53000,4.721806e+02,-1.499731e+02,-6.495590e-04,1.863280e-03
5.53100,4.739435e+02,-1.467093e+02,-5.432460e-04,6.379080e-04
5.53200,4.756013e+02,-1.439242e+02,-4.481660e-04,-5.887620e-04
5.53300,4.771052e+02,-1.413622e+02,-3.648070e-04,-1.814910e-03
5.53400,4.785245e+02,-1.381235e+02,-2.936590e-04,-3.038840e-03
5.53500,4.798501e+02,-1.341143e+02,-2.351120e-04,-4.259040e-03
5.53600,4.811779e+02,-1.293555e+02,-1.893620e-04,-5.473960e-03
5.53700,4.822257e+02,-1.260541e+02,-1.567080e-04,-6.682070e-03
5.53800,4.832802e+02,-1.216313e+02,-1.373950e-04,-7.881910e-03
5.53900,4.841835e+02,-1.164806e+02,-1.315240e-04,-9.071470e-03
5.54000,4.849559e+02,-1.112220e+02,-1.391810e-04,-1.024850e-02
5.54100,4.856073e+02,-1.062725e+02,-1.602770e-04,-1.141080e-02
5.54200,4.862192e+02,-1.009906e+02,-1.946090e-04,-1.255610e-02
5.54300,4.865831e+02,-9.731520e+01,-2.419680e-04,-1.368290e-02
5.54400,4.867736e+02,-9.223713e+01,-3.020690e-04,-1.478950e-02
5.54500,4.868171e+02,-8.708933e+01,-3.745410e-04,-1.587490e-02
5.54600,4.866169e+02,-8.251133e+01,-4.590190e-04,-1.693740e-02
5.54700,4.863143e+02,-7.762367e+01,-5.548920e-04,-1.797570e-02
5.54800,4.858249e+02,-7.262333e+01,-6.615030e-04,-1.898820e-02
5.54900,4.850849e+02,-6.735127e+01,-7.782990e-04,-1.997320e-02
5.55000,4.844381e+02,-6.108459e+01,-9.047100e-04,-2.092920e-02
5.55100,4.836840e+02,-5.467614e+01,-1.040000e-03,-2.185480e-02
5.55200,4.828388e+02,-4.857351e+01,-1.183520e-03,-2.274850e-02
5.55300,4.817635e+02,-4.274595e+01,-1.334570e-03,-2.360920e-02
5.55400,4.807071e+02,-3.715019e+01,-1.492190e-03,-2.443580e-02
5.55500,4.793613e+02,-3.226091e+01,-1.655530e-03,-2.522710e-02
5.55600,4.779397e+02,-2.685644e+01,-1.823760e-03,-2.598230e-02
5.55700,4.763507e+02,-2.149188e+01,-1.995940e-03,-2.670060e-02
5.55800,4.745341e+02,-1.593779e+01,-2.171180e-03,-2.738140e-02
5.55900,4.727927e+02,-1.004451e+01,-2.348390e-03,-2.802410e-02
5.56000,4.708111e+02,-4.110037e+00,-2.526660e-03,-2.862810e-02
5.56100,4.690749e+02,1.741990e+00,-2.705140e-03,-2.919330e-02
5.56200,4.670935e+02,7.354067e+00,-2.882970e-03,-2.971920e-02
5.56300,4.654173e+02,1.283795e+01,-3.059160e-03,-3.020500e-02
5.56400,4.634406e+02,1.840167e+01,-3.233100e-03,-3.065050e-02
5.56500,4.616487e+02,2.353195e+01,-3.403820e-03,-3.105540e-02
5.56600,4.596173e+02,2.834859e+01,-3.570580e-03,-3.141960e-02
5.56700,4.576583e+02,3.340543e+01,-3.732790e-03,-3.174350e-02
5.56800,4.555571e+02,3.857927e+01,-3.889530e-03,-3.202740e-02
5.56900,4.536574e+02,4.337724e+01,-4.040540e-03,-3.227250e-02
5.57000,4.516985e+02,4.825948e+01,-4.185110e-03,-3.247870e-02
5.57100,4.499743e+02,5.189976e+01,-4.322700e-03,-3.264630e-02
5.57200,4.483457e+02,5.744039e+01,-4.452750e-03,-3.277540e-02
5.57300,4.467741e+02,6.301552e+01,-4.574480e-03,-3.286530e-02
5.57400,4.451407e+02,6.966027e+01,-4.686990e-03,-3.291370e-02
5.57500,4.438980e+02,7.651973e+01,-4.789670e-03,-3.292040e-02
5.57600,4.424185e+02,8.020147e+01,-4.882050e-03,-3.288610e-02
5.57700,4.409842e+02,8.414400e+01,-4.963740e-03,-3.281140e-02
5.57800,4.399975e+02,8.751847e+01,-5.034490e-03,-3.269680e-02
5.57900,4.385197e+02,9.240853e+01,-5.094340e-03,-3.254300e-02
5.58000,4.369730e+02,9.637767e+01,-5.142820e-03,-3.235080e-02
5.58100,4.359069e+02,9.995633e+01,-5.179690e-03,-3.212080e-02
5.58200,4.350775e+02,1.074060e+02,-5.204760e-03,-3.185290e-02
5.58300,4.341692e+02,1.114222e+02,-5.218150e-03,-3.154780e-02
5.58400,4.338621e+02,1.169437e+02,-5.219650e-03,-3.120620e-02
5.58500,4.336771e+02,1.225981e+02,-5.209690e-03,-3.082860e-02
5.58600,4.330755e+02,1.251576e+02,-5.188610e-03,-3.041530e-02
5.58700,4.328242e+02,1.264873e+02,-5.156410e-03,-2.996670e-02
5.58800,4.327383e+02,1.286732e+02,-5.112990e-03,-2.948320e-02
5.58900,4.323361e+02,1.313447e+02,-5.058460e-03,-2.896540e-02
5.59000,4.322747e+02,1.328991e+02,-4.993320e-03,-2.841410e-02
5.59100,4.322781e+02,1.362446e+02,-4.918050e-03,-2.783000e-02
5.59200,4.323477e+02,1.401830e+02,-4.832720e-03,-2.721380e-02
5.59300,4.323265e+02,1.406417e+02,-4.737520e-03,-2.656630e-02
5.59400,4.321425e+02,1.440337e+02,-4.633120e-03,-2.588770e-02
5.59500,4.326132e+02,1.482823e+02,-4.519800e-03,-2.517830e-02
5.59600,4.333499e+02,1.510973e+02,-4.397590e-03,-2.443820e-02
5.59700,4.341075e+02,1.539575e+02,-4.267220e-03,-2.366760e-02
5.59800,4.348055e+02,1.572288e+02,-4.129520e-03,-2.286730e-02
5.59900,4.356100e+02,1.601531e+02,-3.985050e-03,-2.203850e-02
5.60000,4.363281e+02,1.622610e+02,-3.834410e-03,-2.118240e-02
5.60100,4.371163e+02,1.641108e+02,-3.678320e-03,-2.030010e-02
5.60200,4.381116e+02,1.656277e+02,-3.517560e-03,-1.939240e-02
5.60300,4.391977e+02,1.674387e+02,-3.352760e-03,-1.845990e-02
5.60400,4.404592e+02,1.689706e+02,-3.184460e-03,-1.750290e-02
5.60500,4.420231e+02,1.704251e+02,-3.013460e-03,-1.652180e-02
5.60600,4.436791e+02,1.718015e+02,-2.840740e-03,-1.551660e-02
5.60700,4.454476e+02,1.725121e+02,-2.666920e-03,-1.448780e-02
5.60800,4.473120e+02,1.722461e+02,-2.492900e-03,-1.343700e-02
5.60900,4.491030e+02,1.714363e+02,-2.319850e-03,-1.236590e-02
5.61000,4.507452e+02,1.702000e+02,-2.148720e-03,-1.127580e-02
5.61100,4.524916e+02,1.689181e+02,-1.980110e-03,-1.016760e-02
5.61200,4.541751e+02,1.678129e+02,-1.814730e-03,-9.042460e-03
5.61300,4.559242e+02,1.671257e+02,-1.653370e-03,-7.901530e-03
5.61400,4.577210e+02,1.666252e+02,-1.496880e-03,-6.746060e-03
5.61500,4.596077e+02,1.658819e+02,-1.346030e-03,-5.577360e-03
5.61600,4.616533e+02,1.653171e+02,-1.201520e-03,-4.396710e-03
5.61700,4.637819e+02,1.638425e+02,-1.064240e-03,-3.205370e-03
5.61800,4.659242e+02,1.609065e+02,-9.349820e-04,-2.004490e-03
5.61900,4.679537e+02,1.570323e+02,-8.144010e-04,-7.953840e-04
5.62000,4.698629e+02,1.534594e+02,-7.032930e-04,4.201140e-04
5.62100,4.716682e+02,1.503817e+02,-6.023750e-04,1.640260e-03
5.62200,4.732654e+02,1.471359e+02,-5.122670e-04,2.863200e-03
5.62300,4.748448e+02,1.446951e+02,-4.334140e-04,4.087090e-03
5.62400,4.764706e+02,1.416463e+02,-3.662360e-04,5.310170e-03
5.62500,4.780115e+02,1.383891e+02,-3.111960e-04,6.530860e-03
5.62600,4.796554e+02,1.349476e+02,-2.687310e-04,7.747610e-03
5.62700,4.811408e+02,1.311639e+02,-2.392410e-04,8.958800e-03
5.62800,4.826040e+02,1.274379e+02,-2.229790e-04,1.016300e-02
5.62900,4.839017e+02,1.235469e+02,-2.201660e-04,1.135840e-02
5.63000,4.850377e+02,1.190525e+02,-2.308650e-04,1.254320e-02
5.63100,4.859469e+02,1.146289e+02,-2.550090e-04,1.371490e-02
5.63200,4.866377e+02,1.095962e+02,-2.924720e-04,1.487120e-02
5.63300,4.871471e+02,1.049385e+02,-3.430550e-04,1.601070e-02
5.63400,4.875047e+02,1.000202e+02,-4.064070e-04,1.713140e-02
5.63500,4.876529e+02,9.564580e+01,-4.821560e-04,1.823200e-02
5.63600,4.878256e+02,9.040207e+01,-5.698870e-04,1.931110e-02
5.63700,4.878967e+02,8.632773e+01,-6.691340e-04,2.036690e-02
5.63800,4.879623e+02,8.122187e+01,-7.794510e-04,2.139790e-02
5.63900,4.877921e+02,7.603573e+01,-9.003530e-04,2.240270e-02
5.64000,4.875011e+02,7.058520e+01,-1.031230e-03,2.337970e-02
5.64100,4.869819e+02,6.407583e+01,-1.171410e-03,2.432740e-02
5.64200,4.862601e+02,5.759881e+01,-1.320090e-03,2.524440e-02
5.64300,4.853543e+02,5.236905e+01,-1.476420e-03,2.612930e-02
5.64400,4.842209e+02,4.677419e+01,-1.639560e-03,2.698080e-02
5.64500,4.830239e+02,4.136595e+01,-1.808590e-03,2.779780e-02
5.64600,4.817483e+02,3.648887e+01,-1.982640e-03,2.857920e-02
5.64700,4.803781e+02,3.098883e+01,-2.160800e-03,2.932410e-02
5.64800,4.789743e+02,2.540695e+01,-2.342190e-03,3.003180e-02
5.64900,4.776268e+02,1.925611e+01,-2.525930e-03,3.070160e-02
5.65000,4.761719e+02,1.340573e+01,-2.711150e-03,3.133310e-02
5.65100,4.745775e+02,7.114480e+00,-2.896990e-03,3.192560e-02
5.65200,4.729149e+02,1.251027e+00,-3.082470e-03,3.247860e-02
5.65300,4.709657e+02,-4.760019e+00,-3.266590e-03,3.299140e-02
5.65400,4.691023e+02,-1.041134e+01,-3.448310e-03,3.346360e-02
5.65500,4.670559e+02,-1.596036e+01,-3.626770e-03,3.389490e-02
5.65600,4.651055e+02,-2.139745e+01,-3.801160e-03,3.428560e-02
5.65700,4.631976e+02,-2.694525e+01,-3.970720e-03,3.463580e-02
5.65800,4.614383e+02,-3.177799e+01,-4.134860e-03,3.494560e-02
5.65900,4.594655e+02,-3.746238e+01,-4.292730e-03,3.521460e-02
5.66000,4.581374e+02,-4.526485e+01,-4.443930e-03,3.544410e-02
5.66100,4.562452e+02,-4.839121e+01,-4.588190e-03,3.563440e-02
5.66200,4.546977e+02,-5.374765e+01,-4.724850e-03,3.578580e-02
5.66300,4.532811e+02,-6.045039e+01,-4.853290e-03,3.589830e-02
5.66400,4.514953e+02,-6.654069e+01,-4.972600e-03,3.597040e-02
5.66500,4.496415e+02,-7.113913e+01,-5.081820e-03,3.600000e-02
5.66600,4.481736e+02,-7.635233e+01,-5.180330e-03,3.598800e-02
5.66700,4.466370e+02,-7.940820e+01,-5.267560e-03,3.593460e-02
5.66800,4.452966e+02,-8.572147e+01,-5.343170e-03,3.584040e-02
5.66900,4.439172e+02,-8.825600e+01,-5.407040e-03,3.570620e-02
5.67000,4.428341e+02,-9.349707e+01,-5.459260e-03,3.553260e-02
5.67100,4.421585e+02,-9.987533e+01,-5.499600e-03,3.532040e-02
5.67200,4.411323e+02,-1.030810e+02,-5.527780e-03,3.506960e-02
5.67300,4.403047e+02,-1.084542e+02,-5.543910e-03,3.478080e-02
5.67400,4.395023e+02,-1.156707e+02,-5.547930e-03,3.445460e-02
5.67500,4.391309e+02,-1.216578e+02,-5.539560e-03,3.409170e-02
5.67600,4.382258e+02,-1.243125e+02,-5.519400e-03,3.369250e-02
5.67700,4.376793e+02,-1.280273e+02,-5.487510e-03,3.325740e-02
5.67800,4.374019e+02,-1.303125e+02,-5.443750e-03,3.278700e-02
5.67900,4.368899e+02,-1.314053e+02,-5.388230e-03,3.228190e-02
5.68000,4.370604e+02,-1.349139e+02,-5.321290e-03,3.174280e-02
5.68100,4.371863e+02,-1.383225e+02,-5.243470e-03,3.116990e-02
5.68200,4.370959e+02,-1.419781e+02,-5.155270e-03,3.056420e-02
5.68300,4.375265e+02,-1.459279e+02,-5.056870e-03,2.992640e-02
5.68400,4.377577e+02,-1.490563e+02,-4.948850e-03,2.925660e-02
5.68500,4.379697e+02,-1.525011e+02,-4.831700e-03,2.855560e-02
5.68600,4.378517e+02,-1.550779e+02,-4.705340e-03,2.782390e-02
5.68700,4.382166e+02,-1.573459e+02,-4.570120e-03,2.706150e-02
5.68800,4.388057e+02,-1.597638e+02,-4.426860e-03,2.626880e-02
5.68900,4.396213e+02,-1.635955e+02,-4.276260e-03,2.544690e-02
5.69000,4.399562e+02,-1.667927e+02,-4.118850e-03,2.459690e-02
5.69100,4.407911e+02,-1.684508e+02,-3.955470e-03,2.372010e-02
5.69200,4.418855e+02,-1.703563e+02,-3.786990e-03,2.281760e-02
5.69300,4.430169e+02,-1.723719e+02,-3.614100e-03,2.189020e-02
5.69400,4.442386e+02,-1.739785e+02,-3.437450e-03,2.093840e-02
5.69500,4.456004e+02,-1.747897e+02,-3.257790e-03,1.996240e-02
5.69600,4.469381e+02,-1.755149e+02,-3.076030e-03,1.896240e-02
5.69700,4.482583e+02,-1.762868e+02,-2.892760e-03,1.793870e-02
5.69800,4.497169e+02,-1.763202e+02,-2.708580e-03,1.689240e-02
5.69900,4.511856e+02,-1.754942e+02,-2.524610e-03,1.582550e-02
5.70000,4.527563e+02,-1.743061e+02,-2.341990e-03,1.473930e-02
5.70100,4.545465e+02,-1.727677e+02,-2.161540e-03,1.363520e-02
5.70200,4.562922e+02,-1.708731e+02,-1.984050e-03,1.251410e-02
5.70300,4.580268e+02,-1.696578e+02,-1.810410e-03,1.137730e-02
5.70400,4.598804e+02,-1.679597e+02,-1.641450e-03,1.022580e-02
5.70500,4.615151e+02,-1.673269e+02,-1.477870e-03,9.060930e-03
5.70600,4.633697e+02,-1.663767e+02,-1.320320e-03,7.883900e-03
5.70700,4.651505e+02,-1.657110e+02,-1.169670e-03,6.696070e-03
5.70800,4.667976e+02,-1.638444e+02,-1.026750e-03,5.498800e-03
5.70900,4.684639e+02,-1.592279e+02,-8.921170e-04,4.293400e-03
5.71000,4.700599e+02,-1.545779e+02,-7.664300e-04,3.081560e-03
5.71100,4.716969e+02,-1.514869e+02,-6.504310e-04,1.864920e-03
5.71200,4.733965e+02,-1.480455e+02,-5.447930e-04,6.451230e-04
5.71300,4.750360e+02,-1.442147e+02,-4.501670e-04,-5.758960e-04
5.71400,4.766173e+02,-1.406535e+02,-3.671330e-04,-1.796350e-03
5.71500,4.781102e+02,-1.369006e+02,-2.962180e-04,-3.014530e-03
5.71600,4.794381e+02,-1.339308e+02,-2.378260e-04,-4.228940e-03
5.71700,4.807443e+02,-1.302304e+02,-1.921080e-04,-5.438090e-03
5.71800,4.817892e+02,-1.264244e+02,-1.593090e-04,-6.640460e-03
5.71900,4.828890e+02,-1.208676e+02,-1.397030e-04,-7.834640e-03
5.72000,4.837547e+02,-1.157427e+02,-1.333830e-04,-9.018710e-03
5.72100,4.844448e+02,-1.116453e+02,-1.403850e-04,-1.019050e-02
5.72200,4.851191e+02,-1.067063e+02,-1.606860e-04,-1.134770e-02
5.72300,4.856195e+02,-1.009621e+02,-1.941420e-04,-1.248820e-02
5.72400,4.860008e+02,-9.644007e+01,-2.404660e-04,-1.361030e-02
5.72500,4.861973e+02,-9.136547e+01,-2.993700e-04,-1.471250e-02
5.72600,4.863113e+02,-8.627180e+01,-3.705470e-04,-1.579360e-02
5.72700,4.860949e+02,-8.144973e+01,-4.536340e-04,-1.685190e-02
5.72800,4.857295e+02,-7.631120e+01,-5.481080e-04,-1.788620e-02
5.72900,4.852760e+02,-7.066280e+01,-6.533460e-04,-1.889500e-02
5.73000,4.847222e+02,-6.501631e+01,-7.688100e-04,-1.987660e-02
5.73100,4.840409e+02,-5.876417e+01,-8.938680e-04,-2.082950e-02
5.73200,4.832867e+02,-5.204157e+01,-1.027760e-03,-2.175230e-02
5.73300,4.824743e+02,-4.585919e+01,-1.169790e-03,-2.264340e-02
5.73400,4.814644e+02,-4.043771e+01,-1.319240e-03,-2.350180e-02
5.73500,4.801264e+02,-3.585493e+01,-1.475260e-03,-2.432640e-02
5.73600,4.789358e+02,-3.033981e+01,-1.636940e-03,-2.511590e-02
5.73700,4.774090e+02,-2.569701e+01,-1.803480e-03,-2.586960e-02
5.73800,4.758635e+02,-2.016974e+01,-1.973980e-03,-2.658670e-02
5.73900,4.741021e+02,-1.461265e+01,-2.147560e-03,-2.726660e-02
5.74000,4.723893e+02,-8.994507e+00,-2.323160e-03,-2.790860e-02
5.74100,4.704597e+02,-3.040196e+00,-2.499910e-03,-2.851240e-02
5.74200,4.687977e+02,2.630203e+00,-2.676960e-03,-2.907760e-02
5.74300,4.668213e+02,8.228580e+00,-2.853460e-03,-2.960360e-02
5.74400,4.651790e+02,1.371066e+01,-3.028430e-03,-3.008990e-02
5.74500,4.632088e+02,1.891989e+01,-3.201190e-03,-3.053610e-02
5.74600,4.614215e+02,2.389282e+01,-3.370830e-03,-3.094180e-02
5.74700,4.594549e+02,2.864395e+01,-3.536630e-03,-3.130730e-02
5.74800,4.574698e+02,3.344579e+01,-3.697970e-03,-3.163250e-02
5.74900,4.554625e+02,3.818499e+01,-3.853920e-03,-3.191780e-02
5.75000,4.535521e+02,4.304701e+01,-4.004270e-03,-3.216460e-02
5.75100,4.516559e+02,4.789065e+01,-4.148280e-03,-3.237260e-02
5.75200,4.500174e+02,5.162887e+01,-4.285450e-03,-3.254210e-02
5.75300,4.483642e+02,5.827761e+01,-4.415180e-03,-3.267340e-02
5.75400,4.469792e+02,6.366078e+01,-4.536720e-03,-3.276560e-02
5.75500,4.452065e+02,6.773300e+01,-4.649130e-03,-3.281640e-02
5.75600,4.437273e+02,7.305880e+01,-4.751790e-03,-3.282590e-02
5.75700,4.423597e+02,7.939507e+01,-4.844190e-03,-3.279440e-02
5.75800,4.412293e+02,8.336953e+01,-4.925940e-03,-3.272280e-02
5.75900,4.398139e+02,8.853493e+01,-4.996900e-03,-3.261130e-02
5.76000,4.383603e+02,9.075760e+01,-5.056980e-03,-3.246090e-02
5.76100,4.370023e+02,9.351373e+01,-5.105780e-03,-3.227220e-02
5.76200,4.358536e+02,9.808053e+01,-5.143220e-03,-3.204590e-02
5.76300,4.352017e+02,1.033983e+02,-5.168920e-03,-3.178190e-02
5.76400,4.342186e+02,1.094058e+02,-5.183030e-03,-3.148080e-02
5.76500,4.340817e+02,1.140795e+02,-5.185400e-03,-3.114320e-02
5.76600,4.333777e+02,1.207441e+02,-5.176470e-03,-3.076980e-02
5.76700,4.329669e+02,1.231301e+02,-5.156450e-03,-3.036090e-02
5.76800,4.323853e+02,1.255920e+02,-5.125360e-03,-2.991690e-02
5.76900,4.324247e+02,1.268018e+02,-5.083080e-03,-2.943810e-02
5.77000,4.323887e+02,1.281696e+02,-5.029810e-03,-2.892520e-02
5.77100,4.321571e+02,1.321281e+02,-4.966000e-03,-2.837890e-02
5.77200,4.321479e+02,1.336611e+02,-4.892060e-03,-2.780000e-02
5.77300,4.320713e+02,1.385789e+02,-4.808180e-03,-2.718920e-02
5.77400,4.322782e+02,1.398111e+02,-4.714560e-03,-2.654720e-02
5.77500,4.321145e+02,1.428650e+02,-4.611750e-03,-2.587440e-02
5.77600,4.325476e+02,1.468563e+02,-4.500010e-03,-2.517090e-02
5.77700,4.331566e+02,1.492262e+02,-4.379490e-03,-2.443680e-02
5.77800,4.339242e+02,1.522616e+02,-4.250810e-03,-2.367230e-02
5.77900,4.345402e+02,1.551705e+02,-4.114790e-03,-2.287840e-02
5.78000,4.353199e+02,1.583471e+02,-3.971990e-03,-2.205610e-02
5.78100,4.360531e+02,1.606221e+02,-3.823010e-03,-2.120670e-02
5.78200,4.368916e+02,1.624665e+02,-3.668590e-03,-2.033100e-02
5.78300,4.379038e+02,1.640043e+02,-3.509510e-03,-1.943020e-02
5.78400,4.389660e+02,1.658164e+02,-3.346380e-03,-1.850460e-02
5.78500,4.402399e+02,1.674895e+02,-3.179810e-03,-1.755480e-02
5.78600,4.417453e+02,1.689655e+02,-3.010530e-03,-1.658090e-02
5.78700,4.433558e+02,1.703616e+02,-2.839450e-03,-1.558310e-02
5.78800,4.449832e+02,1.710754e+02,-2.667230e-03,-1.456190e-02
5.78900,4.468527e+02,1.708953e+02,-2.494710e-03,-1.351860e-02
5.79000,4.488565e+02,1.706976e+02,-2.323040e-03,-1.245510e-02
5.79100,4.502345e+02,1.691385e+02,-2.153100e-03,-1.137270e-02
5.79200,4.519355e+02,1.677847e+02,-1.985560e-03,-1.027230e-02
5.79300,4.536160e+02,1.666211e+02,-1.821130e-03,-9.154860e-03
5.79400,4.553738e+02,1.658839e+02,-1.660620e-03,-8.021740e-03
5.79500,4.571856e+02,1.654382e+02,-1.504840e-03,-6.874110e-03
5.79600,4.590933e+02,1.648024e+02,-1.354540e-03,-5.713240e-03
5.79700,4.610911e+02,1.642595e+02,-1.210500e-03,-4.540420e-03
5.79800,4.631565e+02,1.627582e+02,-1.073520e-03,-3.356870e-03
5.79900,4.652953e+02,1.601766e+02,-9.443910e-04,-2.163690e-03
5.80000,4.673417e+02,1.564707e+02,-8.237440e-04,-9.621340e-04
5.80100,4.691505e+02,1.529816e+02,-7.123800e-04,2.460690e-04
5.80200,4.709526e+02,1.498299e+02,-6.110120e-04,1.459050e-03
5.80300,4.726200e+02,1.467941e+02,-5.202420e-04,2.675060e-03
5.80400,4.741866e+02,1.440280e+02,-4.405440e-04,3.892250e-03
5.80500,4.757893e+02,1.408781e+02,-3.723640e-04,5.108890e-03
5.80600,4.773997e+02,1.377509e+02,-3.161580e-04,6.323380e-03
5.80700,4.789989e+02,1.346030e+02,-2.723370e-04,7.534230e-03
5.80800,4.804841e+02,1.309207e+02,-2.413130e-04,8.739810e-03
5.80900,4.819819e+02,1.273505e+02,-2.233830e-04,9.938760e-03
5.81000,4.833314e+02,1.234346e+02,-2.187240e-04,1.112930e-02
5.81100,4.844461e+02,1.190227e+02,-2.273930e-04,1.230970e-02
5.81200,4.853493e+02,1.144299e+02,-2.493670e-04,1.347750e-02
5.81300,4.861084e+02,1.096805e+02,-2.845360e-04,1.463040e-02
5.81400,4.866325e+02,1.048464e+02,-3.327370e-04,1.576680e-02
5.81500,4.870231e+02,9.976980e+01,-3.936500e-04,1.688490e-02
5.81600,4.873271e+02,9.526947e+01,-4.669240e-04,1.798320e-02
5.81700,4.874939e+02,9.068953e+01,-5.521620e-04,1.906050e-02
5.81800,4.876207e+02,8.816740e+01,-6.489010e-04,2.011500e-02
5.81900,4.877056e+02,8.107573e+01,-7.567330e-04,2.114520e-02
5.82000,4.875712e+02,7.611847e+01,-8.752120e-04,2.214960e-02
5.82100,4.872925e+02,7.102700e+01,-1.003710e-03,2.312670e-02
5.82200,4.867829e+02,6.450291e+01,-1.141530e-03,2.407510e-02
5.82300,4.861111e+02,5.809763e+01,-1.287880e-03,2.499310e-02
5.82400,4.851671e+02,5.273122e+01,-1.441910e-03,2.587950e-02
5.82500,4.840904e+02,4.711310e+01,-1.602790e-03,2.673290e-02
5.82600,4.829397e+02,4.179320e+01,-1.769660e-03,2.755210e-02
5.82700,4.817216e+02,3.678322e+01,-1.941650e-03,2.833610e-02
5.82800,4.804084e+02,3.123431e+01,-2.117890e-03,2.908390e-02
5.82900,4.790607e+02,2.544852e+01,-2.297470e-03,2.979490e-02
5.83000,4.776799e+02,1.970371e+01,-2.479570e-03,3.046830e-02
5.83100,4.762519e+02,1.406503e+01,-2.663330e-03,3.110370e-02
5.83200,4.746634e+02,7.969580e+00,-2.847910e-03,3.170050e-02
5.83300,4.730188e+02,2.025997e+00,-3.032340e-03,3.225820e-02
5.83400,4.710769e+02,-3.618437e+00,-3.215580e-03,3.277590e-02
5.83500,4.692097e+02,-9.405660e+00,-3.396570e-03,3.325320e-02
5.83600,4.671707e+02,-1.499538e+01,-3.574450e-03,3.369000e-02
5.83700,4.652315e+02,-2.058072e+01,-3.748410e-03,3.408620e-02
5.83800,4.633263e+02,-2.602177e+01,-3.917710e-03,3.444220e-02
5.83900,4.615831e+02,-3.080753e+01,-4.081730e-03,3.475800e-02
5.84000,4.596434e+02,-3.650731e+01,-4.239690e-03,3.503320e-02
5.84100,4.581928e+02,-4.059079e+01,-4.391020e-03,3.526870e-02
5.84200,4.564627e+02,-4.774797e+01,-4.535530e-03,3.546530e-02
5.84300,4.550268e+02,-5.474816e+01,-4.672580e-03,3.562300e-02
5.84400,4.533350e+02,-5.851645e+01,-4.801590e-03,3.574200e-02
5.84500,4.518575e+02,-6.391918e+01,-4.921690e-03,3.582120e-02
5.84600,4.498879e+02,-6.972200e+01,-5.031860e-03,3.585810e-02
5.84700,4.477297e+02,-7.340293e+01,-5.131450e-03,3.585340e-02
5.84800,4.468297e+02,-7.976860e+01,-5.219910e-03,3.580740e-02
5.84900,4.455801e+02,-8.373573e+01,-5.296940e-03,3.572060e-02
5.85000,4.443554e+02,-8.867140e+01,-5.362340e-03,3.559350e-02
5.85100,4.434687e+02,-9.289627e+01,-5.416180e-03,3.542700e-02
5.85200,4.422031e+02,-9.787920e+01,-5.458270e-03,3.522210e-02
5.85300,4.411472e+02,-1.009762e+02,-5.488170e-03,3.497870e-02
5.85400,4.403628e+02,-1.066338e+02,-5.506020e-03,3.469710e-02
5.85500,4.395819e+02,-1.145188e+02,-5.511890e-03,3.437810e-02
5.85600,4.392001e+02,-1.219155e+02,-5.505430e-03,3.402220e-02
5.85700,4.384385e+02,-1.237461e+02,-5.487120e-03,3.363010e-02
5.85800,4.375913e+02,-1.278163e+02,-5.457100e-03,3.320210e-02
5.85900,4.374234e+02,-1.296059e+02,-5.415260e-03,3.273860e-02
5.86000,4.370980e+02,-1.334033e+02,-5.361710e-03,3.224050e-02
5.86100,4.370929e+02,-1.351397e+02,-5.296800e-03,3.170820e-02
5.86200,4.371435e+02,-1.375683e+02,-5.221030e-03,3.114220e-02
5.86300,4.373383e+02,-1.417597e+02,-5.134880e-03,3.054320e-02
5.86400,4.372776e+02,-1.446539e+02,-5.038450e-03,2.991210e-02
5.86500,4.372243e+02,-1.466881e+02,-4.932320e-03,2.924890e-02
5.86600,4.374943e+02,-1.509761e+02,-4.817030e-03,2.855460e-02
5.86700,4.375823e+02,-1.542384e+02,-4.692640e-03,2.782950e-02
5.86800,4.381919e+02,-1.569758e+02,-4.559360e-03,2.707380e-02
5.86900,4.385301e+02,-1.602107e+02,-4.417980e-03,2.628780e-02
5.87000,4.392635e+02,-1.633353e+02,-4.269200e-03,2.547260e-02
5.87100,4.399455e+02,-1.663493e+02,-4.113630e-03,2.462910e-02
5.87200,4.407703e+02,-1.683831e+02,-3.952040e-03,2.375860e-02
5.87300,4.417484e+02,-1.702333e+02,-3.785350e-03,2.286230e-02
5.87400,4.427881e+02,-1.724577e+02,-3.614180e-03,2.194100e-02
5.87500,4.439612e+02,-1.742651e+02,-3.439100e-03,2.099520e-02
5.87600,4.452641e+02,-1.750756e+02,-3.260880e-03,2.002540e-02
5.87700,4.465913e+02,-1.759606e+02,-3.080400e-03,1.903170e-02
5.87800,4.478820e+02,-1.766087e+02,-2.898300e-03,1.801420e-02
5.87900,4.493192e+02,-1.767410e+02,-2.715190e-03,1.697410e-02
5.88000,4.508470e+02,-1.760390e+02,-2.532130e-03,1.591300e-02
5.88100,4.524215e+02,-1.753004e+02,-2.350250e-03,1.483260e-02
5.88200,4.541882e+02,-1.735406e+02,-2.170520e-03,1.373410e-02
5.88300,4.559923e+02,-1.718946e+02,-1.993700e-03,1.261860e-02
5.88400,4.577247e+02,-1.703179e+02,-1.820660e-03,1.148720e-02
5.88500,4.595632e+02,-1.692235e+02,-1.652240e-03,1.034100e-02
5.88600,4.612109e+02,-1.683679e+02,-1.489090e-03,9.181260e-03
5.88700,4.629073e+02,-1.673078e+02,-1.331830e-03,8.009150e-03
5.88800,4.646263e+02,-1.660517e+02,-1.181280e-03,6.826070e-03
5.88900,4.663375e+02,-1.637145e+02,-1.038290e-03,5.633420e-03
5.89000,4.680275e+02,-1.599811e+02,-9.034760e-04,4.432530e-03
5.89100,4.696669e+02,-1.555084e+02,-7.774130e-04,3.224910e-03
5.89200,4.713517e+02,-1.517170e+02,-6.608610e-04,2.012360e-03
5.89300,4.730755e+02,-1.479327e+02,-5.545390e-04,7.964330e-04
5.89400,4.747995e+02,-1.447217e+02,-4.591310e-04,-4.210480e-04
5.89500,4.762519e+02,-1.413591e+02,-3.751440e-04,-1.638230e-03
5.89600,4.777779e+02,-1.380708e+02,-3.031320e-04,-2.853410e-03
5.89700,4.790635e+02,-1.344445e+02,-2.435170e-04,-4.065020e-03
5.89800,4.803655e+02,-1.303559e+02,-1.965380e-04,-5.271590e-03
5.89900,4.814591e+02,-1.262915e+02,-1.623610e-04,-6.471560e-03
5.90000,4.823851e+02,-1.218046e+02,-1.412350e-04,-7.663560e-03
5.90100,4.833133e+02,-1.169241e+02,-1.332910e-04,-8.845740e-03
5.90200,4.840719e+02,-1.117169e+02,-1.385540e-04,-1.001600e-02
5.90300,4.847510e+02,-1.070463e+02,-1.569770e-04,-1.117200e-02
5.90400,4.852266e+02,-1.017849e+02,-1.884980e-04,-1.231180e-02
5.90500,4.856447e+02,-9.671893e+01,-2.329810e-04,-1.343340e-02
5.90600,4.858733e+02,-9.215707e+01,-2.901010e-04,-1.453560e-02
5.90700,4.859253e+02,-8.792853e+01,-3.595040e-04,-1.561680e-02
5.90800,4.858973e+02,-8.293640e+01,-4.408230e-04,-1.667570e-02
5.90900,4.855876e+02,-7.829360e+01,-5.335420e-04,-1.771090e-02
5.91000,4.851045e+02,-7.288273e+01,-6.370710e-04,-1.872090e-02
5.91100,4.845519e+02,-6.728660e+01,-7.508400e-04,-1.970420e-02
5.91200,4.838398e+02,-6.127063e+01,-8.742000e-04,-2.065920e-02
5.91300,4.829781e+02,-5.475885e+01,-1.006410e-03,-2.158450e-02
5.91400,4.821624e+02,-4.844646e+01,-1.146720e-03,-2.247850e-02
5.91500,4.812035e+02,-4.274987e+01,-1.294400e-03,-2.334020e-02
5.91600,4.800674e+02,-3.729683e+01,-1.448770e-03,-2.416840e-02
5.91700,4.789121e+02,-3.218073e+01,-1.608990e-03,-2.496190e-02
5.91800,4.774922e+02,-2.680903e+01,-1.774230e-03,-2.571990e-02
5.91900,4.759477e+02,-2.140640e+01,-1.943580e-03,-2.644160e-02
5.92000,4.742644e+02,-1.611994e+01,-2.116170e-03,-2.712630e-02
5.92100,4.725122e+02,-1.050991e+01,-2.291000e-03,-2.777340e-02
5.92200,4.706502e+02,-4.776138e+00,-2.467190e-03,-2.838240e-02
5.92300,4.688317e+02,1.080947e+00,-2.643890e-03,-2.895290e-02
5.92400,4.669633e+02,6.224449e+00,-2.820280e-03,-2.948450e-02
5.92500,4.651369e+02,1.178928e+01,-2.995350e-03,-2.997640e-02
5.92600,4.633450e+02,1.729909e+01,-3.168210e-03,-3.042840e-02
5.92700,4.614983e+02,2.235375e+01,-3.338070e-03,-3.084010e-02
5.92800,4.596541e+02,2.735227e+01,-3.504180e-03,-3.121160e-02
5.92900,4.577042e+02,3.216465e+01,-3.665930e-03,-3.154320e-02
5.93000,4.555396e+02,3.709134e+01,-3.822410e-03,-3.183460e-02
5.93100,4.536567e+02,4.188034e+01,-3.973230e-03,-3.208730e-02
5.93200,4.517594e+02,4.649937e+01,-4.117780e-03,-3.230140e-02
5.93300,4.500577e+02,5.134255e+01,-4.255460e-03,-3.247700e-02
5.93400,4.484957e+02,5.605311e+01,-4.385790e-03,-3.261440e-02
5.93500,4.468947e+02,6.018097e+01,-4.508110e-03,-3.271310e-02
5.93600,4.454385e+02,6.683173e+01,-4.621480e-03,-3.277070e-02
5.93700,4.439389e+02,7.154893e+01,-4.725250e-03,-3.278670e-02
5.93800,4.427300e+02,7.792447e+01,-4.818930e-03,-3.276190e-02
5.93900,4.416367e+02,8.256687e+01,-4.902070e-03,-3.269670e-02
5.94000,4.400966e+02,8.611493e+01,-4.974460e-03,-3.259170e-02
5.94100,4.386451e+02,8.956040e+01,-5.036010e-03,-3.244760e-02
5.94200,4.373517e+02,9.271640e+01,-5.086420e-03,-3.226500e-02
5.94300,4.364115e+02,9.900480e+01,-5.125480e-03,-3.204470e-02
5.94400,4.356141e+02,1.032150e+02,-5.152850e-03,-3.178680e-02
5.94500,4.344195e+02,1.065409e+02,-5.168560e-03,-3.149160e-02
5.94600,4.342383e+02,1.139851e+02,-5.172560e-03,-3.115980e-02
5.94700,4.335981e+02,1.178565e+02,-5.165120e-03,-3.079210e-02
5.94800,4.332620e+02,1.235362e+02,-5.146570e-03,-3.038880e-02
5.94900,4.329701e+02,1.256143e+02,-5.116950e-03,-2.995030e-02
5.95000,4.328664e+02,1.276561e+02,-5.076150e-03,-2.947700e-02
5.95100,4.326113e+02,1.279882e+02,-5.024270e-03,-2.896950e-02
5.95200,4.324543e+02,1.291886e+02,-4.961680e-03,-2.842830e-02
5.95300,4.323149e+02,1.337550e+02,-4.888890e-03,-2.785440e-02
5.95400,4.322133e+02,1.367869e+02,-4.806100e-03,-2.724840e-02
5.95500,4.326239e+02,1.408390e+02,-4.713510e-03,-2.661120e-02
5.95600,4.324600e+02,1.418198e+02,-4.611660e-03,-2.594310e-02
5.95700,4.326339e+02,1.459961e+02,-4.500960e-03,-2.524430e-02
5.95800,4.332783e+02,1.488015e+02,-4.381550e-03,-2.451490e-02
5.95900,4.343022e+02,1.523505e+02,-4.253980e-03,-2.375520e-02
5.96000,4.347891e+02,1.548212e+02,-4.119020e-03,-2.296580e-02
5.96100,4.354294e+02,1.578669e+02,-3.977270e-03,-2.214790e-02
5.96200,4.361833e+02,1.603761e+02,-3.829300e-03,-2.130280e-02
5.96300,4.369319e+02,1.621877e+02,-3.675830e-03,-2.043140e-02
5.96400,4.378583e+02,1.638279e+02,-3.517630e-03,-1.953470e-02
5.96500,4.388784e+02,1.656633e+02,-3.355320e-03,-1.861340e-02
5.96600,4.400833e+02,1.673758e+02,-3.189450e-03,-1.766790e-02
5.96700,4.415989e+02,1.688563e+02,-3.020720e-03,-1.669850e-02
5.96800,4.432479e+02,1.703975e+02,-2.850080e-03,-1.570530e-02
5.96900,4.449620e+02,1.713769e+02,-2.678320e-03,-1.468870e-02
5.97000,4.467389e+02,1.713008e+02,-2.506160e-03,-1.364990e-02
5.97100,4.484625e+02,1.708279e+02,-2.334750e-03,-1.259090e-02
5.97200,4.501261e+02,1.696249e+02,-2.165000e-03,-1.151300e-02
5.97300,4.517927e+02,1.685920e+02,-1.997600e-03,-1.041710e-02
5.97400,4.533967e+02,1.687125e+02,-1.833240e-03,-9.304270e-03
5.97500,4.550835e+02,1.670055e+02,-1.672750e-03,-8.175750e-03
5.97600,4.569047e+02,1.665881e+02,-1.516910e-03,-7.032720e-03
5.97700,4.587905e+02,1.652787e+02,-1.366490e-03,-5.876490e-03
5.97800,4.607465e+02,1.650781e+02,-1.222190e-03,-4.708360e-03
5.97900,4.628544e+02,1.641021e+02,-1.084850e-03,-3.529580e-03
5.98000,4.650017e+02,1.615748e+02,-9.552880e-04,-2.341310e-03
5.98100,4.670317e+02,1.580281e+02,-8.341740e-04,-1.144740e-03
5.98200,4.688407e+02,1.542648e+02,-7.222210e-04,5.867710e-05
5.98300,4.706111e+02,1.514647e+02,-6.201470e-04,1.266940e-03
5.98400,4.722635e+02,1.485621e+02,-5.284860e-04,2.478340e-03
5.98500,4.738025e+02,1.456319e+02,-4.477690e-04,3.691030e-03
5.98600,4.753805e+02,1.423983e+02,-3.784700e-04,4.903330e-03
5.98700,4.769417e+02,1.392222e+02,-3.210140e-04,6.113590e-03
5.98800,4.785155e+02,1.355807e+02,-2.757990e-04,7.320350e-03
5.98900,4.800727e+02,1.320466e+02,-2.431990e-04,8.521980e-03
5.99000,4.815343e+02,1.288637e+02,-2.235240e-04,9.717090e-03
5.99100,4.828595e+02,1.248491e+02,-2.170010e-04,1.090400e-02
5.99200,4.840467e+02,1.204352e+02,-2.237320e-04,1.208100e-02
5.99300,4.849720e+02,1.155355e+02,-2.436880e-04,1.324590e-02
5.99400,4.856533e+02,1.108429e+02,-2.767610e-04,1.439620e-02
5.99500,4.861600e+02,1.060196e+02,-3.226680e-04,1.553020e-02
5.99600,4.865361e+02,1.010359e+02,-3.811290e-04,1.664620e-02
5.99700,4.868389e+02,9.617640e+01,-4.518960e-04,1.774290e-02
5.99800,4.870977e+02,9.110180e+01,-5.347200e-04,1.881880e-02
5.99900,4.873321e+02,8.682667e+01,-6.291320e-04,1.987230e-02
6.00000,4.873945e+02,8.222873e+01,-7.346760e-04,2.090200e-02
6.00100,4.873513e+02,7.706593e+01,-8.508500e-04,2.190620e-02
6.00200,4.871316e+02,7.180260e+01,-9.770310e-04,2.288360e-02
6.00300,4.866524e+02,6.553376e+01,-1.112590e-03,2.383260e-02
6.00400,4.859306e+02,5.888635e+01,-1.256780e-03,2.475200e-02
6.00500,4.850511e+02,5.324393e+01,-1.408800e-03,2.564000e-02
6.00600,4.839587e+02,4.765333e+01,-1.567820e-03,2.649550e-02
6.00700,4.828123e+02,4.230685e+01,-1.732870e-03,2.731740e-02
6.00800,4.816516e+02,3.763243e+01,-1.903100e-03,2.810430e-02
6.00900,4.804099e+02,3.234589e+01,-2.077700e-03,2.885560e-02
6.01000,4.791938e+02,2.622065e+01,-2.255870e-03,2.957050e-02
6.01100,4.779092e+02,2.045651e+01,-2.436840e-03,3.024810e-02
6.01200,4.764650e+02,1.474287e+01,-2.619670e-03,3.088810e-02
6.01300,4.748043e+02,8.946500e+00,-2.803470e-03,3.148980e-02
6.01400,4.731215e+02,2.920511e+00,-2.987240e-03,3.205280e-02
6.01500,4.712689e+02,-3.220725e+00,-3.169990e-03,3.257640e-02
6.01600,4.692349e+02,-8.696867e+00,-3.350660e-03,3.306000e-02
6.01700,4.672763e+02,-1.410533e+01,-3.528420e-03,3.350330e-02
6.01800,4.653663e+02,-1.940071e+01,-3.702410e-03,3.390620e-02
6.01900,4.634767e+02,-2.496269e+01,-3.871920e-03,3.426890e-02
6.02000,4.618518e+02,-3.015677e+01,-4.036290e-03,3.459170e-02
6.02100,4.600253e+02,-3.543012e+01,-4.194910e-03,3.487430e-02
6.02200,4.585326e+02,-3.950781e+01,-4.347050e-03,3.511700e-02
6.02300,4.568599e+02,-4.553413e+01,-4.492600e-03,3.532090e-02
6.02400,4.551369e+02,-5.018636e+01,-4.630890e-03,3.548590e-02
6.02500,4.531630e+02,-5.718725e+01,-4.761270e-03,3.561220e-02
6.02600,4.521126e+02,-6.277174e+01,-4.882920e-03,3.569950e-02
6.02700,4.501251e+02,-6.779453e+01,-4.994810e-03,3.574490e-02
6.02800,4.484285e+02,-7.288020e+01,-5.096210e-03,3.574860e-02
6.02900,4.471061e+02,-7.846340e+01,-5.186600e-03,3.571100e-02
6.03000,4.459570e+02,-8.348640e+01,-5.265690e-03,3.563250e-02
6.03100,4.447738e+02,-8.904407e+01,-5.333110e-03,3.551370e-02
6.03200,4.436387e+02,-9.081153e+01,-5.389030e-03,3.535530e-02
6.03300,4.423611e+02,-9.590247e+01,-5.433330e-03,3.515850e-02
6.03400,4.416892e+02,-9.977140e+01,-5.465480e-03,3.492320e-02
6.03500,4.406097e+02,-1.032181e+02,-5.485550e-03,3.464960e-02
6.03600,4.397866e+02,-1.113560e+02,-5.493560e-03,3.433830e-02
6.03700,4.392568e+02,-1.156477e+02,-5.489290e-03,3.399010e-02
6.03800,4.386135e+02,-1.238514e+02,-5.472940e-03,3.360540e-02
6.03900,4.379208e+02,-1.279800e+02,-5.444810e-03,3.318470e-02
6.04000,4.376295e+02,-1.295531e+02,-5.404900e-03,3.272860e-02
6.04100,4.374590e+02,-1.305345e+02,-5.353300e-03,3.223770e-02
6.04200,4.374483e+02,-1.318415e+02,-5.290350e-03,3.171240e-02
6.04300,4.376098e+02,-1.354470e+02,-5.216540e-03,3.115340e-02
6.04400,4.378029e+02,-1.391586e+02,-5.132370e-03,3.056110e-02
6.04500,4.379031e+02,-1.418477e+02,-5.037890e-03,2.993640e-02
6.04600,4.376974e+02,-1.461753e+02,-4.933490e-03,2.927970e-02
6.04700,4.375257e+02,-1.481185e+02,-4.819700e-03,2.859160e-02
6.04800,4.380533e+02,-1.521701e+02,-4.696730e-03,2.787280e-02
6.04900,4.383919e+02,-1.548615e+02,-4.564810e-03,2.712330e-02
6.05000,4.390091e+02,-1.581428e+02,-4.424650e-03,2.634340e-02
6.05100,4.396352e+02,-1.613799e+02,-4.277050e-03,2.553400e-02
6.05200,4.404603e+02,-1.643217e+02,-4.122580e-03,2.469620e-02
6.05300,4.413648e+02,-1.669238e+02,-3.961980e-03,2.383120e-02
6.05400,4.423761e+02,-1.689566e+02,-3.796160e-03,2.294030e-02
6.05500,4.435005e+02,-1.717932e+02,-3.625860e-03,2.202430e-02
6.05600,4.444828e+02,-1.721359e+02,-3.451650e-03,2.108390e-02
6.05700,4.455473e+02,-1.745747e+02,-3.274210e-03,2.011920e-02
6.05800,4.467900e+02,-1.750786e+02,-3.094360e-03,1.913060e-02
6.05900,4.480799e+02,-1.751122e+02,-2.912770e-03,1.811820e-02
6.06000,4.496191e+02,-1.764242e+02,-2.730090e-03,1.708290e-02
6.06100,4.512075e+02,-1.759535e+02,-2.547390e-03,1.602650e-02
6.06200,4.529900e+02,-1.748947e+02,-2.365820e-03,1.495070e-02
6.06300,4.546713e+02,-1.736286e+02,-2.186360e-03,1.385670e-02
6.06400,4.563850e+02,-1.717425e+02,-2.009740e-03,1.274550e-02
6.06500,4.580950e+02,-1.704450e+02,-1.836730e-03,1.161830e-02
6.06600,4.597557e+02,-1.700201e+02,-1.668140e-03,1.047620e-02
6.06700,4.614283e+02,-1.685955e+02,-1.504680e-03,9.320390e-03
6.06800,4.630927e+02,-1.678049e+02,-1.347010e-03,8.151970e-03
6.06900,4.646959e+02,-1.668407e+02,-1.195900e-03,6.972360e-03
6.07000,4.664517e+02,-1.651053e+02,-1.052160e-03,5.783070e-03
6.07100,4.682318e+02,-1.612849e+02,-9.164730e-04,4.585460e-03
6.07200,4.699393e+02,-1.569719e+02,-7.895120e-04,3.381040e-03
6.07300,4.717060e+02,-1.535483e+02,-6.720260e-04,2.171570e-03
6.07400,4.734489e+02,-1.497820e+02,-5.647530e-04,9.585600e-04
6.07500,4.750640e+02,-1.457829e+02,-4.683610e-04,-2.562130e-04
6.07600,4.765432e+02,-1.423405e+02,-3.833030e-04,-1.470930e-03
6.07700,4.779517e+02,-1.390959e+02,-3.099710e-04,-2.683850e-03
6.07800,4.791760e+02,-1.354356e+02,-2.488140e-04,-3.893390e-03
6.07900,4.803579e+02,-1.317797e+02,-2.001230e-04,-5.098130e-03
6.08000,4.815237e+02,-1.267022e+02,-1.641360e-04,-6.296530e-03
6.08100,4.825301e+02,-1.230785e+02,-1.411730e-04,-7.487190e-03
6.08200,4.835499e+02,-1.188387e+02,-1.313910e-04,-8.668350e-03
6.08300,4.843961e+02,-1.143089e+02,-1.348720e-04,-9.837890e-03
6.08400,4.853233e+02,-1.080127e+02,-1.516130e-04,-1.099360e-02
6.08500,4.857420e+02,-1.040371e+02,-1.814330e-04,-1.213330e-02
6.08600,4.861097e+02,-9.968887e+01,-2.241770e-04,-1.325530e-02
6.08700,4.863081e+02,-9.353273e+01,-2.795880e-04,-1.435820e-02
6.08800,4.863811e+02,-8.818373e+01,-3.472730e-04,-1.544050e-02
6.08900,4.861615e+02,-8.358247e+01,-4.268290e-04,-1.650100e-02
6.09000,4.858553e+02,-7.847080e+01,-5.177380e-04,-1.753820e-02
6.09100,4.854976e+02,-7.178733e+01,-6.194150e-04,-1.855060e-02
6.09200,4.850794e+02,-6.641399e+01,-7.313120e-04,-1.953670e-02
6.09300,4.844139e+02,-6.051199e+01,-8.529400e-04,-2.049480e-02
6.09400,4.838326e+02,-5.384727e+01,-9.837020e-04,-2.142350e-02
6.09500,4.830345e+02,-4.757283e+01,-1.122870e-03,-2.232140e-02
6.09600,4.820293e+02,-4.208937e+01,-1.269710e-03,-2.318740e-02
6.09700,4.808569e+02,-3.678529e+01,-1.423370e-03,-2.402020e-02
6.09800,4.795837e+02,-3.180910e+01,-1.582920e-03,-2.481890e-02
6.09900,4.779787e+02,-2.687863e+01,-1.747520e-03,-2.558250e-02
6.10000,4.763364e+02,-2.148349e+01,-1.916260e-03,-2.631010e-02
6.10100,4.746559e+02,-1.592480e+01,-2.088290e-03,-2.700110e-02
6.10200,4.728779e+02,-1.026001e+01,-2.262750e-03,-2.765500e-02
6.10300,4.712007e+02,-4.120425e+00,-2.438670e-03,-2.827100e-02
6.10400,4.694838e+02,1.885166e+00,-2.615270e-03,-2.884870e-02
6.10500,4.678855e+02,7.818607e+00,-2.791720e-03,-2.938780e-02
6.10600,4.660569e+02,1.344497e+01,-2.967230e-03,-2.988760e-02
6.10700,4.643253e+02,1.881165e+01,-3.140840e-03,-3.034760e-02
6.10800,4.622912e+02,2.371523e+01,-3.311840e-03,-3.076740e-02
6.10900,4.603572e+02,2.871697e+01,-3.479320e-03,-3.114720e-02
6.11000,4.581977e+02,3.342403e+01,-3.642620e-03,-3.148720e-02
6.11100,4.559636e+02,3.828044e+01,-3.800840e-03,-3.178720e-02
6.11200,4.541475e+02,4.296100e+01,-3.953380e-03,-3.204840e-02
6.11300,4.522485e+02,4.780429e+01,-4.099880e-03,-3.227130e-02
6.11400,4.505059e+02,5.271639e+01,-4.239710e-03,-3.245570e-02
6.11500,4.490540e+02,5.614619e+01,-4.372370e-03,-3.260180e-02
6.11600,4.477885e+02,6.109617e+01,-4.497270e-03,-3.270970e-02
6.11700,4.460146e+02,6.871127e+01,-4.613440e-03,-3.277720e-02
6.11800,4.444624e+02,7.364787e+01,-4.720070e-03,-3.280310e-02
6.11900,4.429897e+02,7.811787e+01,-4.816680e-03,-3.278800e-02
6.12000,4.417068e+02,8.482573e+01,-4.902710e-03,-3.273270e-02
6.12100,4.399854e+02,8.749693e+01,-4.977890e-03,-3.263750e-02
6.12200,4.387518e+02,9.007813e+01,-5.042130e-03,-3.250310e-02
6.12300,4.377170e+02,9.542680e+01,-5.095280e-03,-3.233020e-02
6.12400,4.363314e+02,9.835507e+01,-5.137060e-03,-3.211960e-02
6.12500,4.354454e+02,1.041825e+02,-5.167250e-03,-3.187130e-02
6.12600,4.348165e+02,1.087131e+02,-5.185890e-03,-3.158580e-02
6.12700,4.345555e+02,1.137767e+02,-5.193000e-03,-3.126350e-02
6.12800,4.341937e+02,1.201977e+02,-5.188640e-03,-3.090520e-02
6.12900,4.332827e+02,1.218218e+02,-5.173220e-03,-3.051110e-02
6.13000,4.330700e+02,1.243909e+02,-5.146780e-03,-3.008160e-02
6.13100,4.328153e+02,1.259172e+02,-5.109150e-03,-2.961730e-02
6.13200,4.324055e+02,1.282673e+02,-5.060290e-03,-2.911870e-02
6.13300,4.321960e+02,1.306221e+02,-5.000460e-03,-2.858640e-02
6.13400,4.318595e+02,1.334191e+02,-4.930250e-03,-2.802120e-02
6.13500,4.318901e+02,1.364374e+02,-4.849960e-03,-2.742390e-02
6.13600,4.327463e+02,1.406611e+02,-4.759820e-03,-2.679500e-02
6.13700,4.325941e+02,1.426908e+02,-4.660280e-03,-2.613520e-02
6.13800,4.327175e+02,1.442302e+02,-4.551870e-03,-2.544480e-02
6.13900,4.333474e+02,1.487415e+02,-4.434600e-03,-2.472360e-02
6.14000,4.341149e+02,1.513113e+02,-4.308840e-03,-2.397190e-02
6.14100,4.346040e+02,1.544559e+02,-4.175430e-03,-2.319020e-02
6.14200,4.352051e+02,1.575345e+02,-4.035020e-03,-2.237970e-02
6.14300,4.358915e+02,1.600027e+02,-3.888100e-03,-2.154150e-02
6.14400,4.365732e+02,1.614171e+02,-3.735380e-03,-2.067700e-02
6.14500,4.374865e+02,1.637071e+02,-3.577670e-03,-1.978690e-02
6.14600,4.387130e+02,1.655804e+02,-3.415750e-03,-1.887220e-02
6.14700,4.399871e+02,1.673233e+02,-3.250220e-03,-1.793310e-02
6.14800,4.415157e+02,1.689637e+02,-3.081740e-03,-1.697010e-02
6.14900,4.431497e+02,1.706370e+02,-2.911230e-03,-1.598320e-02
6.15000,4.447795e+02,1.717130e+02,-2.739450e-03,-1.497270e-02
6.15100,4.463960e+02,1.718993e+02,-2.566980e-03,-1.393960e-02
6.15200,4.480676e+02,1.712602e+02,-2.394890e-03,-1.288570e-02
6.15300,4.496408e+02,1.700435e+02,-2.224160e-03,-1.181250e-02
6.15400,4.512085e+02,1.689096e+02,-2.055540e-03,-1.072110e-02
6.15500,4.528969e+02,1.677507e+02,-1.889650e-03,-9.612530e-03
6.15600,4.546265e+02,1.671926e+02,-1.727280e-03,-8.487940e-03
6.15700,4.566309e+02,1.664525e+02,-1.569320e-03,-7.348510e-03
6.15800,4.585313e+02,1.666875e+02,-1.416620e-03,-6.195490e-03
6.15900,4.605016e+02,1.658629e+02,-1.269880e-03,-5.030160e-03
6.16000,4.626164e+02,1.649413e+02,-1.129910e-03,-3.853760e-03
6.16100,4.646756e+02,1.634381e+02,-9.975490e-04,-2.667430e-03
6.16200,4.666205e+02,1.600049e+02,-8.734280e-04,-1.472300e-03
6.16300,4.684930e+02,1.565049e+02,-7.581830e-04,-2.697110e-04
6.16400,4.701709e+02,1.540977e+02,-6.525620e-04,9.383940e-04
6.16500,4.718396e+02,1.514643e+02,-5.572410e-04,2.150050e-03
6.16600,4.734879e+02,1.484951e+02,-4.727640e-04,3.363460e-03
6.16700,4.751073e+02,1.450624e+02,-3.995830e-04,4.576920e-03
6.16800,4.767980e+02,1.423129e+02,-3.382120e-04,5.788710e-03
6.16900,4.784969e+02,1.393511e+02,-2.890980e-04,6.997430e-03
6.17000,4.799903e+02,1.357968e+02,-2.526320e-04,8.201490e-03
6.17100,4.815144e+02,1.329005e+02,-2.290950e-04,9.399530e-03
6.17200,4.828476e+02,1.293113e+02,-2.186920e-04,1.059000e-02
6.17300,4.839397e+02,1.252156e+02,-2.215480e-04,1.177110e-02
6.17400,4.848541e+02,1.207501e+02,-2.376170e-04,1.294080e-02
6.17500,4.856339e+02,1.151038e+02,-2.667870e-04,1.409660e-02
6.17600,4.861893e+02,1.104209e+02,-3.089150e-04,1.523670e-02
6.17700,4.866373e+02,1.043850e+02,-3.637550e-04,1.635930e-02
6.17800,4.870367e+02,1.009731e+02,-4.309820e-04,1.746280e-02
6.17900,4.873550e+02,9.509760e+01,-5.103180e-04,1.854590e-02
6.18000,4.876501e+02,9.057947e+01,-6.013870e-04,1.960710e-02
6.18100,4.879458e+02,8.441600e+01,-7.038060e-04,2.064480e-02
6.18200,4.877574e+02,8.061980e+01,-8.171190e-04,2.165750e-02
6.18300,4.875669e+02,7.519573e+01,-9.406810e-04,2.264390e-02
6.18400,4.869908e+02,6.974813e+01,-1.073870e-03,2.360240e-02
6.18500,4.862537e+02,6.296513e+01,-1.215860e-03,2.453170e-02
6.18600,4.854063e+02,5.727221e+01,-1.365850e-03,2.543020e-02
6.18700,4.843817e+02,5.151358e+01,-1.523040e-03,2.629640e-02
6.18800,4.836283e+02,4.392269e+01,-1.686690e-03,2.712930e-02
6.18900,4.823323e+02,4.038897e+01,-1.855990e-03,2.792760e-02
6.19000,4.810361e+02,3.557784e+01,-2.029980e-03,2.869040e-02
6.19100,4.798459e+02,2.983087e+01,-2.207750e-03,2.941700e-02
6.19200,4.785106e+02,2.407867e+01,-2.388540e-03,3.010670e-02
6.19300,4.770479e+02,1.837886e+01,-2.571490e-03,3.075890e-02
6.19400,4.754408e+02,1.222181e+01,-2.755690e-03,3.137320e-02
6.19500,4.736535e+02,6.279783e+00,-2.940240e-03,3.194900e-02
6.19600,4.717410e+02,4.816751e-01,-3.124080e-03,3.248550e-02
6.19700,4.697405e+02,-5.517333e+00,-3.306070e-03,3.298220e-02
6.19800,4.678961e+02,-1.125624e+01,-3.485190e-03,3.343860e-02
6.19900,4.660307e+02,-1.653199e+01,-3.660730e-03,3.385470e-02
6.20000,4.642503e+02,-2.241437e+01,-3.832130e-03,3.423040e-02
6.20100,4.625567e+02,-2.746778e+01,-3.998710e-03,3.456610e-02
6.20200,4.608033e+02,-3.261722e+01,-4.159840e-03,3.486170e-02
6.20300,4.589549e+02,-3.767107e+01,-4.314640e-03,3.511710e-02
6.20400,4.573420e+02,-4.196435e+01,-4.462810e-03,3.533340e-02
6.20500,4.555056e+02,-4.813845e+01,-4.603930e-03,3.551100e-02
6.20600,4.540089e+02,-5.493919e+01,-4.737320e-03,3.564990e-02
6.20700,4.523791e+02,-6.122501e+01,-4.862330e-03,3.575020e-02
6.20800,4.505639e+02,-6.568646e+01,-4.977950e-03,3.580950e-02
6.20900,4.489021e+02,-7.081467e+01,-5.083210e-03,3.582670e-02
6.21000,4.475750e+02,-7.623887e+01,-5.177570e-03,3.580260e-02
6.21100,4.461694e+02,-8.007687e+01,-5.260680e-03,3.573740e-02
6.21200,4.452107e+02,-8.600840e+01,-5.332270e-03,3.563160e-02
6.21300,4.438594e+02,-9.021333e+01,-5.392440e-03,3.548600e-02
6.21400,4.427796e+02,-9.451120e+01,-5.441130e-03,3.530160e-02
6.21500,4.417916e+02,-9.815320e+01,-5.477770e-03,3.507880e-02
6.21600,4.411415e+02,-1.037435e+02,-5.502140e-03,3.481750e-02
6.21700,4.397939e+02,-1.082531e+02,-5.514280e-03,3.451830e-02
6.21800,4.391462e+02,-1.152643e+02,-5.514110e-03,3.418200e-02
6.21900,4.385499e+02,-1.188702e+02,-5.501590e-03,3.380900e-02
6.22000,4.379284e+02,-1.257605e+02,-5.477320e-03,3.339980e-02
6.22100,4.375979e+02,-1.283717e+02,-5.441270e-03,3.295500e-02
6.22200,4.376479e+02,-1.292375e+02,-5.393420e-03,3.247500e-02
6.22300,4.374773e+02,-1.306743e+02,-5.334040e-03,3.196060e-02
6.22400,4.375509e+02,-1.342917e+02,-5.263620e-03,3.141210e-02
6.22500,4.377774e+02,-1.377925e+02,-5.182760e-03,3.083000e-02
6.22600,4.376909e+02,-1.416863e+02,-5.091590e-03,3.021510e-02
6.22700,4.376301e+02,-1.456961e+02,-4.990320e-03,2.956810e-02
6.22800,4.374246e+02,-1.482465e+02,-4.879470e-03,2.888930e-02
6.22900,4.376117e+02,-1.508875e+02,-4.759290e-03,2.817950e-02
6.23000,4.378967e+02,-1.547807e+02,-4.629930e-03,2.743880e-02
6.23100,4.386045e+02,-1.579092e+02,-4.491950e-03,2.666760e-02
6.23200,4.392807e+02,-1.601529e+02,-4.346300e-03,2.586630e-02
6.23300,4.401344e+02,-1.632435e+02,-4.193600e-03,2.503620e-02
6.23400,4.409445e+02,-1.659849e+02,-4.034420e-03,2.417820e-02
6.23500,4.419343e+02,-1.682093e+02,-3.869560e-03,2.329370e-02
6.23600,4.428681e+02,-1.702566e+02,-3.699930e-03,2.238380e-02
6.23700,4.438616e+02,-1.723661e+02,-3.526180e-03,2.144910e-02
6.23800,4.449221e+02,-1.740164e+02,-3.348920e-03,2.048990e-02
6.23900,4.460996e+02,-1.741177e+02,-3.168860e-03,1.950650e-02
6.24000,4.474210e+02,-1.747221e+02,-2.986790e-03,1.849910e-02
6.24100,4.488405e+02,-1.758713e+02,-2.803300e-03,1.746820e-02
6.24200,4.503205e+02,-1.750476e+02,-2.619360e-03,1.641540e-02
6.24300,4.523814e+02,-1.747309e+02,-2.436160e-03,1.534240e-02
6.24400,4.540895e+02,-1.740637e+02,-2.254870e-03,1.425070e-02
6.24500,4.558625e+02,-1.724384e+02,-2.076290e-03,1.314130e-02
6.24600,4.574880e+02,-1.700567e+02,-1.901020e-03,1.201530e-02
6.24700,4.591850e+02,-1.695812e+02,-1.729860e-03,1.087380e-02
6.24800,4.607885e+02,-1.683497e+02,-1.563620e-03,9.717960e-03
6.24900,4.624837e+02,-1.675044e+02,-1.402970e-03,8.548930e-03
6.25000,4.640831e+02,-1.670847e+02,-1.248660e-03,7.368030e-03
6.25100,4.658655e+02,-1.644941e+02,-1.101530e-03,6.176770e-03
6.25200,4.675813e+02,-1.607101e+02,-9.623080e-04,4.976590e-03
6.25300,4.695180e+02,-1.572353e+02,-8.316100e-04,3.768870e-03
6.25400,4.712569e+02,-1.528781e+02,-7.101910e-04,2.555290e-03
6.25500,4.730645e+02,-1.494099e+02,-5.988250e-04,1.337570e-03
6.25600,4.747143e+02,-1.458157e+02,-4.983060e-04,1.173420e-04
6.25700,4.761773e+02,-1.434844e+02,-4.091720e-04,-1.103520e-03
6.25800,4.776063e+02,-1.408046e+02,-3.317170e-04,-2.323280e-03
6.25900,4.787908e+02,-1.377306e+02,-2.663730e-04,-3.540220e-03
6.26000,4.800695e+02,-1.336540e+02,-2.135170e-04,-4.752890e-03
6.26100,4.813102e+02,-1.299753e+02,-1.734070e-04,-5.959700e-03
6.26200,4.825213e+02,-1.236799e+02,-1.463210e-04,-7.159230e-03
6.26300,4.834374e+02,-1.194181e+02,-1.325420e-04,-8.349870e-03
6.26400,4.845003e+02,-1.136582e+02,-1.321530e-04,-9.529530e-03
6.26500,4.852777e+02,-1.099956e+02,-1.451280e-04,-1.069590e-02
6.26600,4.859350e+02,-1.051520e+02,-1.714000e-04,-1.184700e-02
6.26700,4.865155e+02,-1.007193e+02,-2.108660e-04,-1.298080e-02
6.26800,4.867481e+02,-9.450160e+01,-2.633520e-04,-1.409580e-02
6.26900,4.867121e+02,-8.929833e+01,-3.283410e-04,-1.519050e-02
6.27000,4.865818e+02,-8.429133e+01,-4.053670e-04,-1.626360e-02
6.27100,4.863043e+02,-7.982427e+01,-4.939930e-04,-1.731370e-02
6.27200,4.858577e+02,-7.417967e+01,-5.937020e-04,-1.833920e-02
6.27300,4.855067e+02,-6.814953e+01,-7.039280e-04,-1.933870e-02
6.27400,4.849787e+02,-6.258892e+01,-8.241660e-04,-2.031040e-02
6.27500,4.843846e+02,-5.609339e+01,-9.538390e-04,-2.125290e-02
6.27600,4.836292e+02,-4.960192e+01,-1.092180e-03,-2.216480e-02
6.27700,4.827043e+02,-4.349209e+01,-1.238390e-03,-2.304470e-02
6.27800,4.815692e+02,-3.802700e+01,-1.391680e-03,-2.389140e-02
6.27900,4.802575e+02,-3.308254e+01,-1.551200e-03,-2.470390e-02
6.28000,4.786579e+02,-2.840623e+01,-1.716120e-03,-2.548120e-02
6.28100,4.770931e+02,-2.289921e+01,-1.885430e-03,-2.622250e-02
6.28200,4.752704e+02,-1.746989e+01,-2.058250e-03,-2.692700e-02
6.28300,4.735283e+02,-1.138419e+01,-2.233790e-03,-2.759410e-02
6.28400,4.718341e+02,-5.437712e+00,-2.411080e-03,-2.822320e-02
6.28500,4.702296e+02,1.178140e+00,-2.589390e-03,-2.881370e-02
6.28600,4.686873e+02,6.919773e+00,-2.767800e-03,-2.936540e-02
6.28700,4.668348e+02,1.233957e+01,-2.945550e-03,-2.987740e-02
6.28800,4.650457e+02,1.784100e+01,-3.121510e-03,-3.034940e-02
6.28900,4.632717e+02,2.335937e+01,-3.294840e-03,-3.078100e-02
6.29000,4.609185e+02,2.734776e+01,-3.464620e-03,-3.117220e-02
6.29100,4.587175e+02,3.195987e+01,-3.630170e-03,-3.152320e-02
6.29200,4.563468e+02,3.662152e+01,-3.790690e-03,-3.183410e-02
6.29300,4.545202e+02,4.186179e+01,-3.945380e-03,-3.210530e-02
6.29400,4.526584e+02,4.707005e+01,-4.094060e-03,-3.233810e-02
6.29500,4.510095e+02,5.185678e+01,-4.236130e-03,-3.253210e-02
6.29600,4.497263e+02,5.442596e+01,-4.371150e-03,-3.268760e-02
6.29700,4.483413e+02,6.338755e+01,-4.498650e-03,-3.280460e-02
6.29800,4.467467e+02,6.829047e+01,-4.617710e-03,-3.288180e-02
6.29900,4.451571e+02,7.089900e+01,-4.727420e-03,-3.291700e-02
6.30000,4.431822e+02,7.586227e+01,-4.827230e-03,-3.291070e-02
6.30100,4.420293e+02,8.277740e+01,-4.916510e-03,-3.286380e-02
6.30200,4.406182e+02,8.713160e+01,-4.994880e-03,-3.277670e-02
6.30300,4.391155e+02,8.890300e+01,-5.062150e-03,-3.265010e-02
6.30400,4.375921e+02,9.249240e+01,-5.118310e-03,-3.248470e-02
6.30500,4.367057e+02,9.840653e+01,-5.162990e-03,-3.228130e-02
6.30600,4.360393e+02,1.034115e+02,-5.195970e-03,-3.204000e-02
6.30700,4.353068e+02,1.059433e+02,-5.217300e-03,-3.176100e-02
6.30800,4.345549e+02,1.123671e+02,-5.227110e-03,-3.144500e-02
6.30900,4.343953e+02,1.191717e+02,-5.225250e-03,-3.109250e-02
6.31000,4.335027e+02,1.213355e+02,-5.212150e-03,-3.070400e-02
6.31100,4.332365e+02,1.255455e+02,-5.187850e-03,-3.027980e-02
6.31200,4.328665e+02,1.274031e+02,-5.152260e-03,-2.982050e-02
6.31300,4.324832e+02,1.288380e+02,-5.105290e-03,-2.932670e-02
6.31400,4.321467e+02,1.298723e+02,-5.047120e-03,-2.879880e-02
6.31500,4.321787e+02,1.331257e+02,-4.978320e-03,-2.823760e-02
6.31600,4.318885e+02,1.355736e+02,-4.899370e-03,-2.764400e-02
6.31700,4.324757e+02,1.396404e+02,-4.810460e-03,-2.701850e-02
6.31800,4.328734e+02,1.427012e+02,-4.711970e-03,-2.636190e-02
6.31900,4.330255e+02,1.446005e+02,-4.604640e-03,-2.567450e-02
6.32000,4.335285e+02,1.489369e+02,-4.488510e-03,-2.495630e-02
6.32100,4.341669e+02,1.520111e+02,-4.363730e-03,-2.420730e-02
6.32200,4.345719e+02,1.547493e+02,-4.231070e-03,-2.342790e-02
6.32300,4.350983e+02,1.579817e+02,-4.091170e-03,-2.261920e-02
6.32400,4.357806e+02,1.602076e+02,-3.944580e-03,-2.178250e-02
6.32500,4.364859e+02,1.627192e+02,-3.791980e-03,-2.091890e-02
6.32600,4.374289e+02,1.640189e+02,-3.634140e-03,-2.002970e-02
6.32700,4.386107e+02,1.659979e+02,-3.471850e-03,-1.911550e-02
6.32800,4.398877e+02,1.674560e+02,-3.305800e-03,-1.817680e-02
6.32900,4.414034e+02,1.691529e+02,-3.136610e-03,-1.721380e-02
6.33000,4.430895e+02,1.707828e+02,-2.965120e-03,-1.622690e-02
6.33100,4.446357e+02,1.722841e+02,-2.792210e-03,-1.521610e-02
6.33200,4.462387e+02,1.728744e+02,-2.618400e-03,-1.418210e-02
6.33300,4.478531e+02,1.721821e+02,-2.444650e-03,-1.312670e-02
6.33400,4.494581e+02,1.712203e+02,-2.272040e-03,-1.205160e-02
6.33500,4.511058e+02,1.698021e+02,-2.101400e-03,-1.095780e-02
6.33600,4.528537e+02,1.685160e+02,-1.933410e-03,-9.846530e-03
6.33700,4.546535e+02,1.676713e+02,-1.768840e-03,-8.718860e-03
6.33800,4.566091e+02,1.670631e+02,-1.608530e-03,-7.575970e-03
6.33900,4.585962e+02,1.666890e+02,-1.453390e-03,-6.419050e-03
6.34000,4.606667e+02,1.665486e+02,-1.304190e-03,-5.249440e-03
6.34100,4.627466e+02,1.654679e+02,-1.161750e-03,-4.068380e-03
6.34200,4.648255e+02,1.640127e+02,-1.026910e-03,-2.877010e-03
6.34300,4.668382e+02,1.609933e+02,-9.003020e-04,-1.676380e-03
6.34400,4.687623e+02,1.574579e+02,-7.824480e-04,-4.678580e-04
6.34500,4.703882e+02,1.539651e+02,-6.741700e-04,7.466360e-04
6.34600,4.721939e+02,1.506637e+02,-5.761480e-04,1.965230e-03
6.34700,4.738847e+02,1.478143e+02,-4.890260e-04,3.186000e-03
6.34800,4.755000e+02,1.443567e+02,-4.132550e-04,4.407110e-03
6.34900,4.771719e+02,1.418135e+02,-3.493170e-04,5.626800e-03
6.35000,4.788913e+02,1.386025e+02,-2.976670e-04,6.843610e-03
6.35100,4.805139e+02,1.351423e+02,-2.586960e-04,8.056000e-03
6.35200,4.820503e+02,1.315563e+02,-2.327110e-04,9.262520e-03
6.35300,4.833671e+02,1.286307e+02,-2.199930e-04,1.046170e-02
6.35400,4.844931e+02,1.239262e+02,-2.207040e-04,1.165170e-02
6.35500,4.854344e+02,1.194091e+02,-2.347440e-04,1.283060e-02
6.35600,4.862541e+02,1.144405e+02,-2.619990e-04,1.399590e-02
6.35700,4.868541e+02,1.097814e+02,-3.024060e-04,1.514550e-02
6.35800,4.873180e+02,1.057383e+02,-3.557350e-04,1.627750e-02
6.35900,4.877539e+02,1.006169e+02,-4.216970e-04,1.739050e-02
6.36000,4.881165e+02,9.542993e+01,-5.000440e-04,1.848290e-02
6.36100,4.884058e+02,9.086080e+01,-5.903770e-04,1.955330e-02
6.36200,4.885700e+02,8.630120e+01,-6.922330e-04,2.060010e-02
6.36300,4.884752e+02,8.157840e+01,-8.051080e-04,2.162180e-02
6.36400,4.881765e+02,7.647493e+01,-9.284020e-04,2.261700e-02
6.36500,4.876809e+02,7.095700e+01,-1.061530e-03,2.358420e-02
6.36600,4.869671e+02,6.401935e+01,-1.203710e-03,2.452190e-02
6.36700,4.861057e+02,5.777221e+01,-1.354020e-03,2.542880e-02
6.36800,4.851047e+02,5.207949e+01,-1.511640e-03,2.630320e-02
6.36900,4.840235e+02,4.620229e+01,-1.675740e-03,2.714390e-02
6.37000,4.828675e+02,4.148009e+01,-1.845460e-03,2.794990e-02
6.37100,4.816434e+02,3.663312e+01,-2.019960e-03,2.871990e-02
6.37200,4.804034e+02,3.054279e+01,-2.198400e-03,2.945340e-02
6.37300,4.791383e+02,2.449133e+01,-2.379980e-03,3.014970e-02
6.37400,4.775536e+02,1.901791e+01,-2.563750e-03,3.080820e-02
6.37500,4.759200e+02,1.330687e+01,-2.748710e-03,3.142850e-02
6.37600,4.740916e+02,7.211393e+00,-2.934000e-03,3.200990e-02
6.37700,4.722612e+02,1.157495e+00,-3.118610e-03,3.255190e-02
6.37800,4.702171e+02,-4.703491e+00,-3.301520e-03,3.305380e-02
6.37900,4.682871e+02,-1.055977e+01,-3.481710e-03,3.351500e-02
6.38000,4.663769e+02,-1.578942e+01,-3.658430e-03,3.393560e-02
6.38100,4.647027e+02,-2.162806e+01,-3.830870e-03,3.431530e-02
6.38200,4.629644e+02,-2.711382e+01,-3.998430e-03,3.465470e-02
6.38300,4.613051e+02,-3.213307e+01,-4.160520e-03,3.495390e-02
6.38400,4.593631e+02,-3.749018e+01,-4.316410e-03,3.521240e-02
6.38500,4.577974e+02,-4.098873e+01,-4.465630e-03,3.543150e-02
6.38600,4.557825e+02,-4.760950e+01,-4.607890e-03,3.561170e-02
6.38700,4.541787e+02,-5.317104e+01,-4.742350e-03,3.575300e-02
6.38800,4.524457e+02,-5.806983e+01,-4.868300e-03,3.585570e-02
6.38900,4.508538e+02,-6.613788e+01,-4.984780e-03,3.591750e-02
6.39000,4.489999e+02,-7.104307e+01,-5.090920e-03,3.593700e-02
6.39100,4.478169e+02,-7.526060e+01,-5.186190e-03,3.591490e-02
6.39200,4.462981e+02,-7.999973e+01,-5.270200e-03,3.585150e-02
6.39300,4.457453e+02,-8.703260e+01,-5.342540e-03,3.574740e-02
6.39400,4.439381e+02,-9.046760e+01,-5.403310e-03,3.560330e-02
6.39500,4.429864e+02,-9.380520e+01,-5.452520e-03,3.542020e-02
6.39600,4.420099e+02,-9.861813e+01,-5.489680e-03,3.519860e-02
6.39700,4.412422e+02,-1.039971e+02,-5.514690e-03,3.493840e-02
6.39800,4.397889e+02,-1.082739e+02,-5.527590e-03,3.464030e-02
6.39900,4.392377e+02,-1.150743e+02,-5.528160e-03,3.430490e-02
6.40000,4.385359e+02,-1.216191e+02,-5.516290e-03,3.393290e-02
6.40100,4.380533e+02,-1.274769e+02,-5.492580e-03,3.352470e-02
6.40200,4.376443e+02,-1.294228e+02,-5.457130e-03,3.308070e-02
6.40300,4.376369e+02,-1.312645e+02,-5.409980e-03,3.260140e-02
6.40400,4.375613e+02,-1.324979e+02,-5.351360e-03,3.208760e-02
6.40500,4.376150e+02,-1.357589e+02,-5.281630e-03,3.153980e-02
6.40600,4.381187e+02,-1.389459e+02,-5.201290e-03,3.095840e-02
6.40700,4.378528e+02,-1.401631e+02,-5.110500e-03,3.034420e-02
6.40800,4.373975e+02,-1.445570e+02,-5.009620e-03,2.969780e-02
6.40900,4.373775e+02,-1.474091e+02,-4.899140e-03,2.901960e-02
6.41000,4.374987e+02,-1.510027e+02,-4.779360e-03,2.831040e-02
6.41100,4.378609e+02,-1.544686e+02,-4.650370e-03,2.757050e-02
6.41200,4.385757e+02,-1.567291e+02,-4.512640e-03,2.679990e-02
6.41300,4.392329e+02,-1.606453e+02,-4.367090e-03,2.599930e-02
6.41400,4.401091e+02,-1.639481e+02,-4.214480e-03,2.516970e-02
6.41500,4.409240e+02,-1.662759e+02,-4.055460e-03,2.431220e-02
6.41600,4.418820e+02,-1.684637e+02,-3.890870e-03,2.342810e-02
6.41700,4.427341e+02,-1.709391e+02,-3.721410e-03,2.251840e-02
6.41800,4.437741e+02,-1.728077e+02,-3.547660e-03,2.158400e-02
6.41900,4.448709e+02,-1.743250e+02,-3.370290e-03,2.062520e-02
6.42000,4.460649e+02,-1.738937e+02,-3.190110e-03,1.964240e-02
6.42100,4.472657e+02,-1.752048e+02,-3.007790e-03,1.863550e-02
6.42200,4.486790e+02,-1.761414e+02,-2.824020e-03,1.760520e-02
6.42300,4.503612e+02,-1.756708e+02,-2.639740e-03,1.655280e-02
6.42400,4.522390e+02,-1.752807e+02,-2.456150e-03,1.548020e-02
6.42500,4.540482e+02,-1.737228e+02,-2.274330e-03,1.438890e-02
6.42600,4.558120e+02,-1.720637e+02,-2.095160e-03,1.327980e-02
6.42700,4.575383e+02,-1.704265e+02,-1.919380e-03,1.215420e-02
6.42800,4.591691e+02,-1.692406e+02,-1.747740e-03,1.101320e-02
6.42900,4.606899e+02,-1.681217e+02,-1.580940e-03,9.857770e-03
6.43000,4.622896e+02,-1.669334e+02,-1.419630e-03,8.689150e-03
6.43100,4.639476e+02,-1.661073e+02,-1.264600e-03,7.508660e-03
6.43200,4.656525e+02,-1.639919e+02,-1.116670e-03,6.317870e-03
6.43300,4.675384e+02,-1.616151e+02,-9.765710e-04,5.118260e-03
6.43400,4.693899e+02,-1.574470e+02,-8.449360e-04,3.911150e-03
6.43500,4.712475e+02,-1.532237e+02,-7.225010e-04,2.698060e-03
6.43600,4.729327e+02,-1.493771e+02,-6.101060e-04,1.480880e-03
6.43700,4.746559e+02,-1.458204e+02,-5.084040e-04,2.612000e-04
6.43800,4.761241e+02,-1.427033e+02,-4.179910e-04,-9.591440e-04
6.43900,4.774469e+02,-1.383842e+02,-3.392540e-04,-2.178400e-03
6.44000,4.787126e+02,-1.354925e+02,-2.725980e-04,-3.394860e-03
6.44100,4.798949e+02,-1.326337e+02,-2.183380e-04,-4.607000e-03
6.44200,4.810977e+02,-1.272511e+02,-1.768000e-04,-5.813250e-03
6.44300,4.824107e+02,-1.232260e+02,-1.483130e-04,-7.012190e-03
6.44400,4.833043e+02,-1.197170e+02,-1.331010e-04,-8.202260e-03
6.44500,4.843182e+02,-1.151655e+02,-1.312490e-04,-9.381420e-03
6.44600,4.851874e+02,-1.107594e+02,-1.427880e-04,-1.054740e-02
6.44700,4.857865e+02,-1.064847e+02,-1.676290e-04,-1.169810e-02
6.44800,4.863049e+02,-9.965127e+01,-2.056210e-04,-1.283170e-02
6.44900,4.865264e+02,-9.452093e+01,-2.564720e-04,-1.394640e-02
6.45000,4.864689e+02,-8.947647e+01,-3.198570e-04,-1.504090e-02
6.45100,4.863644e+02,-8.412933e+01,-3.952880e-04,-1.611370e-02
6.45200,4.860755e+02,-8.013960e+01,-4.822950e-04,-1.716340e-02
6.45300,4.857205e+02,-7.484033e+01,-5.803790e-04,-1.818870e-02
6.45400,4.853005e+02,-6.985300e+01,-6.890340e-04,-1.918790e-02
6.45500,4.848869e+02,-6.425641e+01,-8.077520e-04,-2.015930e-02
6.45600,4.843430e+02,-5.741653e+01,-9.359610e-04,-2.110160e-02
6.45700,4.835703e+02,-5.100439e+01,-1.072890e-03,-2.201320e-02
6.45800,4.825862e+02,-4.500015e+01,-1.217760e-03,-2.289280e-02
6.45900,4.813442e+02,-3.937633e+01,-1.369770e-03,-2.373930e-02
6.46000,4.800231e+02,-3.403796e+01,-1.527960e-03,-2.455160e-02
6.46100,4.784381e+02,-2.899329e+01,-1.691510e-03,-2.532860e-02
6.46200,4.767860e+02,-2.379855e+01,-1.859510e-03,-2.606970e-02
6.46300,4.751766e+02,-1.824920e+01,-2.031040e-03,-2.677390e-02
6.46400,4.735281e+02,-1.252979e+01,-2.205220e-03,-2.744070e-02
6.46500,4.718705e+02,-6.931673e+00,-2.381160e-03,-2.806960e-02
6.46600,4.702864e+02,-9.302100e-01,-2.558110e-03,-2.866000e-02
6.46700,4.686891e+02,4.829038e+00,-2.735180e-03,-2.921150e-02
6.46800,4.668499e+02,1.042517e+01,-2.911610e-03,-2.972360e-02
6.46900,4.650256e+02,1.601499e+01,-3.086330e-03,-3.019550e-02
6.47000,4.629947e+02,2.076557e+01,-3.258540e-03,-3.062720e-02
6.47100,4.608420e+02,2.549471e+01,-3.427300e-03,-3.101860e-02
6.47200,4.587418e+02,3.047819e+01,-3.591810e-03,-3.136970e-02
6.47300,4.564913e+02,3.575058e+01,-3.751400e-03,-3.168070e-02
6.47400,4.545775e+02,4.070195e+01,-3.905220e-03,-3.195210e-02
6.47500,4.527557e+02,4.592911e+01,-4.053150e-03,-3.218510e-02
6.47600,4.510820e+02,5.060741e+01,-4.194540e-03,-3.237950e-02
6.47700,4.496852e+02,5.441728e+01,-4.328980e-03,-3.253540e-02
6.47800,4.482469e+02,5.934004e+01,-4.455970e-03,-3.265290e-02
6.47900,4.468324e+02,6.689287e+01,-4.574600e-03,-3.273070e-02
6.48000,4.452688e+02,7.213513e+01,-4.683970e-03,-3.276660e-02
6.48100,4.437117e+02,7.699780e+01,-4.783460e-03,-3.276110e-02
6.48200,4.420986e+02,8.066580e+01,-4.872500e-03,-3.271500e-02
6.48300,4.409943e+02,8.630020e+01,-4.950720e-03,-3.262890e-02
6.48400,4.392766e+02,9.109080e+01,-5.017900e-03,-3.250330e-02
6.48500,4.375214e+02,9.302260e+01,-5.074040e-03,-3.233910e-02
6.48600,4.367873e+02,9.607213e+01,-5.118780e-03,-3.213690e-02
6.48700,4.361413e+02,1.034333e+02,-5.151960e-03,-3.189710e-02
6.48800,4.353230e+02,1.063569e+02,-5.173540e-03,-3.161980e-02
6.48900,4.346810e+02,1.129957e+02,-5.183660e-03,-3.130560e-02
6.49000,4.344618e+02,1.186139e+02,-5.182200e-03,-3.095530e-02
6.49100,4.338428e+02,1.232380e+02,-5.169630e-03,-3.056910e-02
6.49200,4.332830e+02,1.253609e+02,-5.146010e-03,-3.014750e-02
6.49300,4.326943e+02,1.267037e+02,-5.111210e-03,-2.969100e-02
6.49400,4.324649e+02,1.282117e+02,-5.065170e-03,-2.920010e-02
6.49500,4.322079e+02,1.313809e+02,-5.008110e-03,-2.867530e-02
6.49600,4.321745e+02,1.335825e+02,-4.940550e-03,-2.811760e-02
6.49700,4.320749e+02,1.357563e+02,-4.862980e-03,-2.752760e-02
6.49800,4.324345e+02,1.389042e+02,-4.775630e-03,-2.690610e-02
6.49900,4.329207e+02,1.420729e+02,-4.678810e-03,-2.625360e-02
6.50000,4.332015e+02,1.472985e+02,-4.573160e-03,-2.557070e-02
6.50100,4.334026e+02,1.491471e+02,-4.458760e-03,-2.485730e-02
6.50200,4.340256e+02,1.521120e+02,-4.335780e-03,-2.411320e-02
6.50300,4.345502e+02,1.532314e+02,-4.205010e-03,-2.333900e-02
6.50400,4.349457e+02,1.575741e+02,-4.067060e-03,-2.253560e-02
6.50500,4.356057e+02,1.601450e+02,-3.922450e-03,-2.170440e-02
6.50600,4.363671e+02,1.624335e+02,-3.771860e-03,-2.084660e-02
6.50700,4.372248e+02,1.637703e+02,-3.616050e-03,-1.996320e-02
6.50800,4.383985e+02,1.658800e+02,-3.455800e-03,-1.905510e-02
6.50900,4.396843e+02,1.675722e+02,-3.291860e-03,-1.812260e-02
6.51000,4.410894e+02,1.690405e+02,-3.124810e-03,-1.716600e-02
6.51100,4.427441e+02,1.706513e+02,-2.955370e-03,-1.618560e-02
6.51200,4.442335e+02,1.721191e+02,-2.784340e-03,-1.518160e-02
6.51300,4.457418e+02,1.726247e+02,-2.612300e-03,-1.415450e-02
6.51400,4.474303e+02,1.718518e+02,-2.440180e-03,-1.310600e-02
6.51500,4.489524e+02,1.707323e+02,-2.269050e-03,-1.203790e-02
6.51600,4.506211e+02,1.693358e+02,-2.099790e-03,-1.095120e-02
6.51700,4.523910e+02,1.681674e+02,-1.933120e-03,-9.847050e-03
6.51800,4.542556e+02,1.671265e+02,-1.769870e-03,-8.726510e-03
6.51900,4.563020e+02,1.665689e+02,-1.610920e-03,-7.590730e-03
6.52000,4.583185e+02,1.661567e+02,-1.457140e-03,-6.440890e-03
6.52100,4.603636e+02,1.656968e+02,-1.309300e-03,-5.278320e-03
6.52200,4.623466e+02,1.652452e+02,-1.168070e-03,-4.104290e-03
6.52300,4.642687e+02,1.635317e+02,-1.034160e-03,-2.919920e-03
6.52400,4.661579e+02,1.605161e+02,-9.082280e-04,-1.726240e-03
6.52500,4.680049e+02,1.567434e+02,-7.908360e-04,-5.245670e-04
6.52600,4.696045e+02,1.535955e+02,-6.827490e-04,6.832830e-04
6.52700,4.713295e+02,1.506819e+02,-5.846790e-04,1.895270e-03
6.52800,4.730811e+02,1.486133e+02,-4.971970e-04,3.109510e-03
6.52900,4.748435e+02,1.459561e+02,-4.207860e-04,4.324220e-03
6.53000,4.765995e+02,1.423689e+02,-3.560030e-04,5.537690e-03
6.53100,4.783339e+02,1.393467e+02,-3.034370e-04,6.748580e-03
6.53200,4.799753e+02,1.363235e+02,-2.634940e-04,7.955410e-03
6.53300,4.813548e+02,1.333421e+02,-2.364890e-04,9.156730e-03
6.53400,4.826605e+02,1.299487e+02,-2.225850e-04,1.035110e-02
6.53500,4.837790e+02,1.262575e+02,-2.219480e-04,1.153670e-02
6.53600,4.846827e+02,1.218951e+02,-2.345070e-04,1.271150e-02
6.53700,4.854597e+02,1.160035e+02,-2.601850e-04,1.387310e-02
6.53800,4.861483e+02,1.114497e+02,-2.989900e-04,1.501940e-02
6.53900,4.866194e+02,1.071686e+02,-3.507230e-04,1.614850e-02
6.54000,4.872014e+02,1.035234e+02,-4.150350e-04,1.725880e-02
6.54100,4.876077e+02,9.877333e+01,-4.916030e-04,1.834890e-02
6.54200,4.879633e+02,9.362593e+01,-5.800370e-04,1.941750e-02
6.54300,4.880865e+02,8.886367e+01,-6.799670e-04,2.046290e-02
6.54400,4.879479e+02,8.415487e+01,-7.908860e-04,2.148380e-02
6.54500,4.876211e+02,7.896773e+01,-9.121640e-04,2.247840e-02
6.54600,4.869413e+02,7.308133e+01,-1.043190e-03,2.344550e-02
6.54700,4.862975e+02,6.665742e+01,-1.183230e-03,2.438360e-02
6.54800,4.856545e+02,6.042571e+01,-1.331400e-03,2.529120e-02
6.54900,4.848068e+02,5.491417e+01,-1.486910e-03,2.616680e-02
6.55000,4.838740e+02,4.920040e+01,-1.649040e-03,2.700900e-02
6.55100,4.828895e+02,4.374111e+01,-1.816990e-03,2.781670e-02
6.55200,4.816845e+02,3.884359e+01,-1.989880e-03,2.858880e-02
6.55300,4.804729e+02,3.293895e+01,-2.166840e-03,2.932480e-02
6.55400,4.790794e+02,2.760231e+01,-2.347040e-03,3.002380e-02
6.55500,4.776903e+02,2.162996e+01,-2.529580e-03,3.068550e-02
6.55600,4.758494e+02,1.570359e+01,-2.713460e-03,3.130910e-02
6.55700,4.740385e+02,9.792940e+00,-2.897800e-03,3.189420e-02
6.55800,4.722300e+02,3.969121e+00,-3.081600e-03,3.244020e-02
6.55900,4.702690e+02,-2.025797e+00,-3.263820e-03,3.294620e-02
6.56000,4.684042e+02,-7.986580e+00,-3.443440e-03,3.341190e-02
6.56100,4.666161e+02,-1.352327e+01,-3.619670e-03,3.383710e-02
6.56200,4.648479e+02,-1.906501e+01,-3.791820e-03,3.422170e-02
6.56300,4.631269e+02,-2.421861e+01,-3.959250e-03,3.456610e-02
6.56400,4.613629e+02,-2.954023e+01,-4.121360e-03,3.487070e-02
6.56500,4.593776e+02,-3.489387e+01,-4.277430e-03,3.513480e-02
6.56600,4.576547e+02,-3.829098e+01,-4.426730e-03,3.535950e-02
6.56700,4.559372e+02,-4.559213e+01,-4.569090e-03,3.554560e-02
6.56800,4.540772e+02,-4.967993e+01,-4.703740e-03,3.569300e-02
6.56900,4.527609e+02,-5.544113e+01,-4.830100e-03,3.580190e-02
6.57000,4.509378e+02,-6.294430e+01,-4.947230e-03,3.587070e-02
6.57100,4.490987e+02,-6.710040e+01,-5.054220e-03,3.589730e-02
6.57200,4.484125e+02,-7.466147e+01,-5.150540e-03,3.588230e-02
6.57300,4.468009e+02,-7.802393e+01,-5.235720e-03,3.582620e-02
6.57400,4.458949e+02,-8.349960e+01,-5.309460e-03,3.572930e-02
6.57500,4.441619e+02,-8.806247e+01,-5.371690e-03,3.559240e-02
6.57600,4.431395e+02,-9.163180e+01,-5.422440e-03,3.541650e-02
6.57700,4.417442e+02,-9.757647e+01,-5.461390e-03,3.520240e-02
6.57800,4.410195e+02,-1.016019e+02,-5.488060e-03,3.494980e-02
6.57900,4.397072e+02,-1.065069e+02,-5.502620e-03,3.465940e-02
6.58000,4.390849e+02,-1.133615e+02,-5.505010e-03,3.433160e-02
6.58100,4.386075e+02,-1.197967e+02,-5.495000e-03,3.396720e-02
6.58200,4.382719e+02,-1.237999e+02,-5.473140e-03,3.356670e-02
6.58300,4.376863e+02,-1.268931e+02,-5.439570e-03,3.313040e-02
6.58400,4.376855e+02,-1.301871e+02,-5.394370e-03,3.265890e-02
6.58500,4.375324e+02,-1.320337e+02,-5.337720e-03,3.215300e-02
6.58600,4.375859e+02,-1.340319e+02,-5.269980e-03,3.161300e-02
6.58700,4.376991e+02,-1.353675e+02,-5.191530e-03,3.103970e-02
6.58800,4.376343e+02,-1.398533e+02,-5.102630e-03,3.043350e-02
6.58900,4.370621e+02,-1.431369e+02,-5.003590e-03,2.979480e-02
6.59000,4.371734e+02,-1.465101e+02,-4.894770e-03,2.912440e-02
6.59100,4.374832e+02,-1.502184e+02,-4.776720e-03,2.842310e-02
6.59200,4.378704e+02,-1.535251e+02,-4.649590e-03,2.769120e-02
6.59300,4.385764e+02,-1.568778e+02,-4.513720e-03,2.692870e-02
6.59400,4.392333e+02,-1.598773e+02,-4.369970e-03,2.613630e-02
6.59500,4.399959e+02,-1.630845e+02,-4.219050e-03,2.531480e-02
6.59600,4.407958e+02,-1.653554e+02,-4.061640e-03,2.446540e-02
6.59700,4.416296e+02,-1.680629e+02,-3.898570e-03,2.358920e-02
6.59800,4.425163e+02,-1.706110e+02,-3.730560e-03,2.268760e-02
6.59900,4.435602e+02,-1.726103e+02,-3.558210e-03,2.176120e-02
6.60000,4.446753e+02,-1.737854e+02,-3.382230e-03,2.081060e-02
6.60100,4.458891e+02,-1.743871e+02,-3.203460e-03,1.983590e-02
6.60200,4.472109e+02,-1.750731e+02,-3.022530e-03,1.883740e-02
6.60300,4.486531e+02,-1.757248e+02,-2.840150e-03,1.781530e-02
6.60400,4.502981e+02,-1.762557e+02,-2.657170e-03,1.677100e-02
6.60500,4.520452e+02,-1.753419e+02,-2.474650e-03,1.570620e-02
6.60600,4.538446e+02,-1.744507e+02,-2.293580e-03,1.462260e-02
6.60700,4.552157e+02,-1.724127e+02,-2.114840e-03,1.352110e-02
6.60800,4.569775e+02,-1.706420e+02,-1.939250e-03,1.240300e-02
6.60900,4.585910e+02,-1.701799e+02,-1.767640e-03,1.126940e-02
6.61000,4.600794e+02,-1.684497e+02,-1.600650e-03,1.012120e-02
6.61100,4.618444e+02,-1.678501e+02,-1.438950e-03,8.959660e-03
6.61200,4.635830e+02,-1.667343e+02,-1.283370e-03,7.786080e-03
6.61300,4.654198e+02,-1.646736e+02,-1.134720e-03,6.602030e-03
6.61400,4.672985e+02,-1.624170e+02,-9.937680e-04,5.408940e-03
6.61500,4.690165e+02,-1.576939e+02,-8.612480e-04,4.208110e-03
6.61600,4.707367e+02,-1.534017e+02,-7.379280e-04,3.001110e-03
6.61700,4.724335e+02,-1.492583e+02,-6.244490e-04,1.789700e-03
6.61800,4.740428e+02,-1.458906e+02,-5.213600e-04,5.754350e-04
6.61900,4.755764e+02,-1.428151e+02,-4.292980e-04,-6.398340e-04
6.62000,4.769031e+02,-1.401573e+02,-3.487620e-04,-1.854330e-03
6.62100,4.782945e+02,-1.369669e+02,-2.802460e-04,-3.066310e-03
6.62200,4.795053e+02,-1.333011e+02,-2.240350e-04,-4.274200e-03
6.62300,4.807837e+02,-1.284732e+02,-1.804380e-04,-5.476460e-03
6.62400,4.819481e+02,-1.232875e+02,-1.496930e-04,-6.671640e-03
6.62500,4.829521e+02,-1.185538e+02,-1.320040e-04,-7.858290e-03
6.62600,4.839790e+02,-1.138898e+02,-1.275320e-04,-9.034470e-03
6.62700,4.847543e+02,-1.105791e+02,-1.363760e-04,-1.019800e-02
6.62800,4.852795e+02,-1.063366e+02,-1.584680e-04,-1.134660e-02
6.62900,4.857487e+02,-1.012349e+02,-1.935500e-04,-1.247850e-02
6.63000,4.859890e+02,-9.419293e+01,-2.413610e-04,-1.359180e-02
6.63100,4.860748e+02,-8.903787e+01,-3.016090e-04,-1.468500e-02
6.63200,4.861364e+02,-8.474373e+01,-3.739280e-04,-1.575700e-02
6.63300,4.859252e+02,-8.030520e+01,-4.579670e-04,-1.680620e-02
6.63400,4.856092e+02,-7.561473e+01,-5.532330e-04,-1.783120e-02
6.63500,4.852849e+02,-6.970047e+01,-6.591390e-04,-1.883070e-02
6.63600,4.848241e+02,-6.411965e+01,-7.750950e-04,-1.980280e-02
6.63700,4.841261e+02,-5.772511e+01,-9.004560e-04,-2.074610e-02
6.63800,4.833455e+02,-5.133481e+01,-1.034510e-03,-2.165920e-02
6.63900,4.823452e+02,-4.496240e+01,-1.176590e-03,-2.254070e-02
6.64000,4.811593e+02,-3.916151e+01,-1.325870e-03,-2.338950e-02
6.64100,4.798959e+02,-3.373635e+01,-1.481460e-03,-2.420440e-02
6.64200,4.784963e+02,-2.865963e+01,-1.642530e-03,-2.498460e-02
6.64300,4.769049e+02,-2.357724e+01,-1.808210e-03,-2.572900e-02
6.64400,4.753916e+02,-1.802112e+01,-1.977620e-03,-2.643690e-02
6.64500,4.737758e+02,-1.268142e+01,-2.149950e-03,-2.710770e-02
6.64600,4.720844e+02,-6.969467e+00,-2.324300e-03,-2.774070e-02
6.64700,4.703593e+02,-9.274233e-01,-2.499830e-03,-2.833540e-02
6.64800,4.686213e+02,4.794327e+00,-2.675610e-03,-2.889180e-02
6.64900,4.667300e+02,1.052084e+01,-2.850820e-03,-2.940900e-02
6.65000,4.648470e+02,1.594261e+01,-3.024400e-03,-2.988660e-02
6.65100,4.628322e+02,2.100517e+01,-3.195600e-03,-3.032420e-02
6.65200,4.608683e+02,2.621991e+01,-3.363550e-03,-3.072160e-02
6.65300,4.588768e+02,3.083207e+01,-3.527510e-03,-3.107890e-02
6.65400,4.567754e+02,3.595463e+01,-3.686820e-03,-3.139610e-02
6.65500,4.549981e+02,4.096335e+01,-3.840590e-03,-3.167380e-02
6.65600,4.530843e+02,4.574535e+01,-3.988730e-03,-3.191310e-02
6.65700,4.512813e+02,5.074421e+01,-4.130550e-03,-3.211410e-02
6.65800,4.497478e+02,5.556975e+01,-4.265540e-03,-3.227670e-02
6.65900,4.479986e+02,6.006021e+01,-4.393140e-03,-3.240120e-02
6.66000,4.465919e+02,6.606274e+01,-4.512520e-03,-3.248640e-02
6.66100,4.449346e+02,7.212707e+01,-4.622740e-03,-3.253020e-02
6.66200,4.433315e+02,7.566547e+01,-4.723210e-03,-3.253290e-02
6.66300,4.418310e+02,8.208713e+01,-4.813410e-03,-3.249520e-02
6.66400,4.407717e+02,8.662020e+01,-4.893040e-03,-3.241750e-02
6.66500,4.393795e+02,8.876000e+01,-4.961920e-03,-3.230020e-02
6.66600,4.380223e+02,9.215693e+01,-5.019960e-03,-3.214430e-02
6.66700,4.372242e+02,9.766347e+01,-5.066870e-03,-3.195040e-02
6.66800,4.360741e+02,9.922487e+01,-5.102490e-03,-3.171900e-02
6.66900,4.351993e+02,1.055271e+02,-5.126580e-03,-3.145010e-02
6.67000,4.342964e+02,1.116923e+02,-5.139220e-03,-3.114420e-02
6.67100,4.339564e+02,1.169397e+02,-5.140220e-03,-3.080220e-02
6.67200,4.333618e+02,1.227457e+02,-5.129960e-03,-3.042460e-02
6.67300,4.327157e+02,1.241954e+02,-5.108660e-03,-3.001150e-02
6.67400,4.324717e+02,1.253399e+02,-5.076170e-03,-2.956370e-02
6.67500,4.322549e+02,1.268581e+02,-5.032460e-03,-2.908150e-02
6.67600,4.322133e+02,1.282311e+02,-4.977790e-03,-2.856530e-02
6.67700,4.320782e+02,1.330771e+02,-4.912680e-03,-2.801600e-02
6.67800,4.321918e+02,1.345479e+02,-4.837690e-03,-2.743430e-02
6.67900,4.321977e+02,1.386599e+02,-4.753020e-03,-2.682090e-02
6.68000,4.323797e+02,1.402793e+02,-4.658900e-03,-2.617640e-02
6.68100,4.325495e+02,1.429416e+02,-4.555760e-03,-2.550150e-02
6.68200,4.328706e+02,1.469323e+02,-4.443880e-03,-2.479600e-02
6.68300,4.334835e+02,1.502182e+02,-4.323230e-03,-2.405980e-02
6.68400,4.340116e+02,1.532248e+02,-4.194580e-03,-2.329340e-02
6.68500,4.345333e+02,1.561982e+02,-4.058710e-03,-2.249770e-02
6.68600,4.352257e+02,1.591611e+02,-3.916100e-03,-2.167400e-02
6.68700,4.360882e+02,1.611485e+02,-3.767400e-03,-2.082350e-02
6.68800,4.370630e+02,1.632029e+02,-3.613380e-03,-1.994720e-02
6.68900,4.382533e+02,1.651201e+02,-3.454840e-03,-1.904600e-02
6.69000,4.394800e+02,1.665871e+02,-3.292570e-03,-1.812020e-02
6.69100,4.407869e+02,1.682663e+02,-3.127120e-03,-1.717010e-02
6.69200,4.422808e+02,1.701152e+02,-2.959130e-03,-1.619590e-02
6.69300,4.437489e+02,1.715992e+02,-2.789430e-03,-1.519790e-02
6.69400,4.452959e+02,1.720274e+02,-2.618670e-03,-1.417680e-02
6.69500,4.470042e+02,1.715035e+02,-2.447690e-03,-1.313400e-02
6.69600,4.486603e+02,1.704684e+02,-2.277590e-03,-1.207130e-02
6.69700,4.502816e+02,1.691500e+02,-2.109250e-03,-1.098990e-02
6.69800,4.520547e+02,1.682155e+02,-1.943400e-03,-9.890800e-03
6.69900,4.538653e+02,1.671035e+02,-1.780810e-03,-8.775030e-03
6.70000,4.557887e+02,1.669946e+02,-1.622280e-03,-7.643820e-03
6.70100,4.576493e+02,1.667305e+02,-1.468630e-03,-6.498330e-03
6.70200,4.595665e+02,1.661757e+02,-1.320660e-03,-5.339850e-03
6.70300,4.615860e+02,1.650124e+02,-1.179090e-03,-4.169740e-03
6.70400,4.634751e+02,1.637509e+02,-1.044670e-03,-2.989130e-03
6.70500,4.654576e+02,1.612063e+02,-9.181220e-04,-1.799080e-03
6.70600,4.673866e+02,1.574211e+02,-8.000560e-04,-6.009000e-04
6.70700,4.692221e+02,1.542843e+02,-6.911690e-04,6.037660e-04
6.70800,4.710608e+02,1.510053e+02,-5.923220e-04,1.812860e-03
6.70900,4.727903e+02,1.485481e+02,-5.041180e-04,3.024400e-03
6.71000,4.745923e+02,1.452374e+02,-4.271560e-04,4.236670e-03
6.71100,4.762008e+02,1.426703e+02,-3.619110e-04,5.448000e-03
6.71200,4.778493e+02,1.394622e+02,-3.087900e-04,6.657000e-03
6.71300,4.794223e+02,1.363043e+02,-2.681030e-04,7.862160e-03
6.71400,4.807935e+02,1.330470e+02,-2.401700e-04,9.062000e-03
6.71500,4.821909e+02,1.293283e+02,-2.252130e-04,1.025510e-02
6.71600,4.832485e+02,1.252795e+02,-2.234190e-04,1.143960e-02
6.71700,4.842433e+02,1.213511e+02,-2.347540e-04,1.261360e-02
6.71800,4.850239e+02,1.161985e+02,-2.590280e-04,1.377460e-02
6.71900,4.857852e+02,1.112629e+02,-2.962080e-04,1.492070e-02
6.72000,4.863766e+02,1.066627e+02,-3.462200e-04,1.604990e-02
6.72100,4.870218e+02,1.016450e+02,-4.088650e-04,1.716070e-02
6.72200,4.874369e+02,9.737007e+01,-4.838920e-04,1.825170e-02
6.72300,4.876419e+02,9.295113e+01,-5.709060e-04,1.932150e-02
6.72400,4.877753e+02,8.904660e+01,-6.693530e-04,2.036850e-02
6.72500,4.877632e+02,8.343593e+01,-7.787360e-04,2.139120e-02
6.72600,4.874791e+02,7.837387e+01,-8.984700e-04,2.238820e-02
6.72700,4.870452e+02,7.317967e+01,-1.028050e-03,2.335780e-02
6.72800,4.864019e+02,6.659014e+01,-1.166850e-03,2.429890e-02
6.72900,4.856584e+02,6.002015e+01,-1.314050e-03,2.520990e-02
6.73000,4.848824e+02,5.422450e+01,-1.468750e-03,2.608910e-02
