# iqnils_mesh_1x: point-A displacement (m) and drag and lift on the cylinder and plate (N/m), subsampled to 0.001 s
time,drag,lift,ux,uy
4.50000,4.496226e+02,2.333105e+02,-1.711990e-03,-1.125990e-02
4.50100,4.514027e+02,2.328775e+02,-1.577930e-03,-1.031970e-02
4.50200,4.528111e+02,2.316527e+02,-1.446690e-03,-9.364310e-03
4.50300,4.546683e+02,2.305823e+02,-1.318770e-03,-8.394610e-03
4.50400,4.559729e+02,2.285651e+02,-1.195020e-03,-7.411490e-03
4.50500,4.578197e+02,2.256783e+02,-1.075720e-03,-6.416190e-03
4.50600,4.591361e+02,2.221339e+02,-9.613690e-04,-5.410120e-03
4.50700,4.605069e+02,2.181460e+02,-8.526320e-04,-4.394640e-03
4.50800,4.620213e+02,2.134005e+02,-7.499860e-04,-3.371160e-03
4.50900,4.635697e+02,2.083051e+02,-6.539240e-04,-2.341030e-03
4.51000,4.652151e+02,2.029456e+02,-5.649740e-04,-1.305460e-03
4.51100,4.666915e+02,1.968640e+02,-4.835210e-04,-2.656540e-04
4.51200,4.681982e+02,1.909756e+02,-4.100180e-04,7.772230e-04
4.51300,4.697237e+02,1.844856e+02,-3.448710e-04,1.822010e-03
4.51400,4.711431e+02,1.778029e+02,-2.884850e-04,2.867520e-03
4.51500,4.725579e+02,1.709173e+02,-2.412200e-04,3.912520e-03
4.51600,4.737409e+02,1.635586e+02,-2.034980e-04,4.955750e-03
4.51700,4.748970e+02,1.562579e+02,-1.754810e-04,5.995830e-03
4.51800,4.756403e+02,1.486449e+02,-1.573810e-04,7.031320e-03
4.51900,4.765220e+02,1.412829e+02,-1.491640e-04,8.060830e-03
4.52000,4.771769e+02,1.335255e+02,-1.508580e-04,9.083050e-03
4.52100,4.778454e+02,1.263037e+02,-1.624260e-04,1.009680e-02
4.52200,4.784685e+02,1.180006e+02,-1.837570e-04,1.110060e-02
4.52300,4.788793e+02,1.104759e+02,-2.147790e-04,1.209340e-02
4.52400,4.792283e+02,1.021828e+02,-2.554130e-04,1.307380e-02
4.52500,4.795020e+02,9.400013e+01,-3.055500e-04,1.404070e-02
4.52600,4.797584e+02,8.557380e+01,-3.650420e-04,1.499290e-02
4.52700,4.798468e+02,7.704067e+01,-4.336730e-04,1.592900e-02
4.52800,4.797657e+02,6.852880e+01,-5.111160e-04,1.684790e-02
4.52900,4.795684e+02,5.976768e+01,-5.969910e-04,1.774830e-02
4.53000,4.790535e+02,5.130992e+01,-6.910350e-04,1.862900e-02
4.53100,4.785210e+02,4.327035e+01,-7.928380e-04,1.948900e-02
4.53200,4.777371e+02,3.541597e+01,-9.017950e-04,2.032720e-02
4.53300,4.768450e+02,2.691072e+01,-1.017350e-03,2.114240e-02
4.53400,4.758853e+02,1.904343e+01,-1.138910e-03,2.193340e-02
4.53500,4.749582e+02,1.046913e+01,-1.265880e-03,2.269900e-02
4.53600,4.737486e+02,3.783733e+00,-1.397560e-03,2.343850e-02
4.53700,4.726805e+02,-4.876071e+00,-1.533400e-03,2.415090e-02
4.53800,4.716150e+02,-1.233535e+01,-1.672700e-03,2.483550e-02
4.53900,4.707182e+02,-2.074453e+01,-1.815090e-03,2.549120e-02
4.54000,4.695316e+02,-2.772069e+01,-1.960060e-03,2.611750e-02
4.54100,4.685556e+02,-3.438982e+01,-2.106880e-03,2.671340e-02
4.54200,4.669845e+02,-4.265753e+01,-2.254730e-03,2.727850e-02
4.54300,4.653825e+02,-4.824644e+01,-2.402900e-03,2.781230e-02
4.54400,4.640207e+02,-5.564421e+01,-2.550530e-03,2.831410e-02
4.54500,4.625246e+02,-6.193367e+01,-2.696920e-03,2.878360e-02
4.54600,4.609756e+02,-6.760313e+01,-2.841360e-03,2.922030e-02
4.54700,4.595327e+02,-7.371127e+01,-2.983300e-03,2.962400e-02
4.54800,4.583566e+02,-7.967280e+01,-3.122040e-03,2.999440e-02
4.54900,4.565334e+02,-8.370547e+01,-3.256790e-03,3.033180e-02
4.55000,4.556075e+02,-9.102987e+01,-3.386900e-03,3.063520e-02
4.55100,4.538335e+02,-9.491593e+01,-3.511900e-03,3.090420e-02
4.55200,4.534083e+02,-1.015040e+02,-3.631360e-03,3.113790e-02
4.55300,4.518425e+02,-1.054535e+02,-3.744650e-03,3.133600e-02
4.55400,4.509611e+02,-1.113985e+02,-3.851210e-03,3.149770e-02
4.55500,4.493726e+02,-1.159394e+02,-3.950420e-03,3.162280e-02
4.55600,4.483393e+02,-1.211263e+02,-4.041720e-03,3.171080e-02
4.55700,4.470733e+02,-1.254599e+02,-4.124340e-03,3.176130e-02
4.55800,4.454579e+02,-1.297617e+02,-4.197570e-03,3.177440e-02
4.55900,4.444476e+02,-1.353068e+02,-4.261030e-03,3.174950e-02
4.56000,4.430442e+02,-1.390205e+02,-4.314350e-03,3.168630e-02
4.56100,4.428703e+02,-1.438579e+02,-4.357150e-03,3.158500e-02
4.56200,4.418469e+02,-1.499102e+02,-4.389560e-03,3.144570e-02
4.56300,4.417560e+02,-1.537294e+02,-4.411260e-03,3.126890e-02
4.56400,4.410411e+02,-1.585437e+02,-4.422080e-03,3.105480e-02
4.56500,4.404968e+02,-1.623998e+02,-4.421910e-03,3.080410e-02
4.56600,4.398915e+02,-1.661036e+02,-4.410840e-03,3.051720e-02
4.56700,4.396775e+02,-1.686928e+02,-4.388750e-03,3.019460e-02
4.56800,4.387849e+02,-1.714171e+02,-4.355950e-03,2.983720e-02
4.56900,4.380556e+02,-1.736570e+02,-4.312900e-03,2.944540e-02
4.57000,4.373975e+02,-1.754633e+02,-4.259780e-03,2.901990e-02
4.57100,4.378031e+02,-1.791401e+02,-4.196480e-03,2.856090e-02
4.57200,4.381987e+02,-1.813325e+02,-4.123220e-03,2.806850e-02
4.57300,4.386237e+02,-1.849037e+02,-4.040460e-03,2.754300e-02
4.57400,4.389944e+02,-1.872799e+02,-3.948870e-03,2.698540e-02
4.57500,4.395543e+02,-1.908177e+02,-3.849170e-03,2.639680e-02
4.57600,4.401179e+02,-1.944814e+02,-3.742060e-03,2.577820e-02
4.57700,4.406100e+02,-1.987513e+02,-3.628030e-03,2.513080e-02
4.57800,4.409557e+02,-2.035617e+02,-3.507750e-03,2.445540e-02
4.57900,4.417319e+02,-2.086546e+02,-3.381580e-03,2.375290e-02
4.58000,4.419217e+02,-2.119239e+02,-3.250100e-03,2.302460e-02
4.58100,4.427897e+02,-2.159440e+02,-3.113770e-03,2.227120e-02
4.58200,4.435982e+02,-2.192347e+02,-2.973260e-03,2.149380e-02
4.58300,4.448667e+02,-2.216599e+02,-2.829200e-03,2.069290e-02
4.58400,4.460595e+02,-2.231258e+02,-2.682220e-03,1.986930e-02
4.58500,4.474581e+02,-2.243183e+02,-2.533020e-03,1.902400e-02
4.58600,4.487734e+02,-2.251017e+02,-2.382500e-03,1.815810e-02
4.58700,4.499126e+02,-2.262485e+02,-2.231630e-03,1.727220e-02
4.58800,4.514146e+02,-2.267781e+02,-2.081120e-03,1.636730e-02
4.58900,4.527998e+02,-2.268844e+02,-1.931730e-03,1.544440e-02
4.59000,4.542400e+02,-2.267139e+02,-1.784220e-03,1.450450e-02
4.59100,4.556913e+02,-2.260386e+02,-1.639340e-03,1.354860e-02
4.59200,4.569687e+02,-2.246856e+02,-1.497720e-03,1.257780e-02
4.59300,4.580965e+02,-2.230143e+02,-1.360050e-03,1.159300e-02
4.59400,4.595934e+02,-2.199685e+02,-1.226740e-03,1.059550e-02
4.59500,4.610490e+02,-2.164240e+02,-1.098270e-03,9.586720e-03
4.59600,4.625195e+02,-2.122765e+02,-9.751940e-04,8.567830e-03
4.59700,4.639279e+02,-2.073134e+02,-8.579400e-04,7.540290e-03
4.59800,4.652947e+02,-2.020591e+02,-7.470600e-04,6.505470e-03
4.59900,4.667465e+02,-1.963372e+02,-6.430250e-04,5.464690e-03
4.60000,4.681530e+02,-1.900377e+02,-5.462760e-04,4.419200e-03
4.60100,4.696335e+02,-1.836852e+02,-4.571940e-04,3.370100e-03
4.60200,4.708092e+02,-1.768682e+02,-3.764060e-04,2.318600e-03
4.60300,4.720558e+02,-1.698504e+02,-3.042150e-04,1.265910e-03
4.60400,4.731311e+02,-1.626379e+02,-2.409350e-04,2.132960e-04
4.60500,4.741583e+02,-1.551948e+02,-1.868660e-04,-8.379040e-04
4.60600,4.750574e+02,-1.475940e+02,-1.423040e-04,-1.886310e-03
4.60700,4.758211e+02,-1.396409e+02,-1.075780e-04,-2.930490e-03
4.60800,4.765821e+02,-1.323497e+02,-8.282170e-05,-3.969050e-03
4.60900,4.772041e+02,-1.237975e+02,-6.828600e-05,-5.000530e-03
4.61000,4.778766e+02,-1.162945e+02,-6.404650e-05,-6.023570e-03
4.61100,4.784513e+02,-1.079757e+02,-7.013390e-05,-7.036900e-03
4.61200,4.787934e+02,-9.984933e+01,-8.652310e-05,-8.039270e-03
4.61300,4.791026e+02,-9.135367e+01,-1.130780e-04,-9.029430e-03
4.61400,4.790803e+02,-8.265133e+01,-1.496240e-04,-1.000620e-02
4.61500,4.789050e+02,-7.399247e+01,-1.959590e-04,-1.096800e-02
4.61600,4.786632e+02,-6.509161e+01,-2.517670e-04,-1.191370e-02
4.61700,4.782879e+02,-5.656777e+01,-3.166850e-04,-1.284200e-02
4.61800,4.778358e+02,-4.753634e+01,-3.902890e-04,-1.375160e-02
4.61900,4.769795e+02,-3.925413e+01,-4.721580e-04,-1.464120e-02
4.62000,4.762349e+02,-3.017621e+01,-5.617710e-04,-1.550990e-02
4.62100,4.753111e+02,-2.314828e+01,-6.585730e-04,-1.635650e-02
4.62200,4.744216e+02,-1.438409e+01,-7.620760e-04,-1.718030e-02
4.62300,4.735011e+02,-6.255026e+00,-8.718420e-04,-1.798030e-02
4.62400,4.724303e+02,1.320609e+00,-9.873400e-04,-1.875550e-02
4.62500,4.713195e+02,9.541000e+00,-1.108050e-03,-1.950460e-02
4.62600,4.701819e+02,1.711826e+01,-1.233480e-03,-2.022670e-02
4.62700,4.689604e+02,2.516491e+01,-1.363120e-03,-2.092080e-02
4.62800,4.678581e+02,3.302937e+01,-1.496530e-03,-2.158600e-02
4.62900,4.665399e+02,3.984229e+01,-1.632940e-03,-2.222190e-02
4.63000,4.650432e+02,4.723999e+01,-1.771820e-03,-2.282750e-02
4.63100,4.636951e+02,5.477073e+01,-1.912260e-03,-2.340210e-02
4.63200,4.620085e+02,6.169308e+01,-2.053540e-03,-2.394540e-02
4.63300,4.602696e+02,6.832247e+01,-2.194960e-03,-2.445670e-02
4.63400,4.585905e+02,7.519733e+01,-2.335850e-03,-2.493580e-02
4.63500,4.570666e+02,8.238853e+01,-2.475570e-03,-2.538210e-02
4.63600,4.551799e+02,8.662793e+01,-2.613350e-03,-2.579560e-02
4.63700,4.539685e+02,9.325193e+01,-2.748550e-03,-2.617620e-02
4.63800,4.527210e+02,9.905373e+01,-2.880480e-03,-2.652400e-02
4.63900,4.513572e+02,1.042894e+02,-3.008540e-03,-2.683800e-02
4.64000,4.501724e+02,1.093080e+02,-3.132140e-03,-2.711740e-02
4.64100,4.487850e+02,1.134962e+02,-3.250650e-03,-2.736140e-02
4.64200,4.473495e+02,1.182665e+02,-3.363570e-03,-2.756970e-02
4.64300,4.460711e+02,1.222545e+02,-3.470120e-03,-2.774170e-02
4.64400,4.445466e+02,1.274868e+02,-3.569690e-03,-2.787720e-02
4.64500,4.432246e+02,1.317460e+02,-3.661550e-03,-2.797590e-02
4.64600,4.419522e+02,1.365378e+02,-3.745130e-03,-2.803750e-02
4.64700,4.408913e+02,1.406833e+02,-3.819910e-03,-2.806160e-02
4.64800,4.395928e+02,1.450669e+02,-3.885530e-03,-2.804810e-02
4.64900,4.389678e+02,1.500754e+02,-3.941550e-03,-2.799670e-02
4.65000,4.377177e+02,1.545628e+02,-3.988110e-03,-2.790700e-02
4.65100,4.375361e+02,1.580615e+02,-4.024930e-03,-2.777970e-02
4.65200,4.368931e+02,1.639813e+02,-4.051960e-03,-2.761490e-02
4.65300,4.362707e+02,1.673561e+02,-4.068980e-03,-2.741340e-02
4.65400,4.356686e+02,1.710692e+02,-4.075860e-03,-2.717570e-02
4.65500,4.350562e+02,1.743443e+02,-4.072530e-03,-2.690230e-02
4.65600,4.348065e+02,1.767214e+02,-4.058900e-03,-2.659360e-02
4.65700,4.341092e+02,1.793796e+02,-4.035040e-03,-2.624970e-02
4.65800,4.338371e+02,1.820117e+02,-4.001210e-03,-2.587150e-02
4.65900,4.327436e+02,1.834524e+02,-3.957820e-03,-2.545970e-02
4.66000,4.328547e+02,1.851181e+02,-3.904750e-03,-2.501490e-02
4.66100,4.333999e+02,1.889321e+02,-3.842020e-03,-2.453720e-02
4.66200,4.339912e+02,1.906553e+02,-3.769850e-03,-2.402660e-02
4.66300,4.343732e+02,1.931057e+02,-3.688900e-03,-2.348400e-02
4.66400,4.348351e+02,1.962338e+02,-3.599910e-03,-2.291040e-02
4.66500,4.354027e+02,2.000059e+02,-3.503560e-03,-2.230690e-02
4.66600,4.358000e+02,2.037817e+02,-3.400450e-03,-2.167460e-02
4.66700,4.362414e+02,2.097911e+02,-3.291040e-03,-2.101430e-02
4.66800,4.366313e+02,2.129770e+02,-3.175780e-03,-2.032690e-02
4.66900,4.372846e+02,2.174210e+02,-3.055130e-03,-1.961350e-02
4.67000,4.381367e+02,2.212535e+02,-2.929700e-03,-1.887510e-02
4.67100,4.391337e+02,2.244396e+02,-2.800270e-03,-1.811250e-02
4.67200,4.405148e+02,2.270420e+02,-2.667450e-03,-1.732640e-02
4.67300,4.417011e+02,2.289622e+02,-2.531970e-03,-1.651750e-02
4.67400,4.431143e+02,2.301990e+02,-2.394520e-03,-1.568660e-02
4.67500,4.445321e+02,2.309819e+02,-2.255820e-03,-1.483470e-02
4.67600,4.461569e+02,2.318463e+02,-2.116570e-03,-1.396290e-02
4.67700,4.473416e+02,2.323601e+02,-1.977670e-03,-1.307200e-02
4.67800,4.487692e+02,2.330806e+02,-1.839780e-03,-1.216300e-02
4.67900,4.501500e+02,2.330259e+02,-1.703610e-03,-1.123680e-02
4.68000,4.517736e+02,2.325504e+02,-1.569700e-03,-1.029450e-02
4.68100,4.531772e+02,2.313951e+02,-1.438630e-03,-9.336930e-03
4.68200,4.546339e+02,2.301250e+02,-1.310930e-03,-8.365210e-03
4.68300,4.560717e+02,2.279895e+02,-1.187250e-03,-7.380410e-03
4.68400,4.575830e+02,2.256001e+02,-1.068180e-03,-6.383650e-03
4.68500,4.594504e+02,2.218775e+02,-9.541580e-04,-5.376290e-03
4.68600,4.610439e+02,2.176161e+02,-8.458090e-04,-4.359720e-03
4.68700,4.624782e+02,2.128637e+02,-7.437540e-04,-3.335310e-03
4.68800,4.641736e+02,2.077827e+02,-6.483540e-04,-2.304380e-03
4.68900,4.657275e+02,2.021942e+02,-5.599690e-04,-1.268130e-03
4.69000,4.670228e+02,1.962626e+02,-4.792100e-04,-2.277080e-04
4.69100,4.685928e+02,1.901543e+02,-4.064330e-04,8.157250e-04
4.69200,4.699193e+02,1.835245e+02,-3.420190e-04,1.860990e-03
4.69300,4.712158e+02,1.769569e+02,-2.862630e-04,2.906890e-03
4.69400,4.725033e+02,1.699161e+02,-2.394340e-04,3.952200e-03
4.69500,4.736109e+02,1.628083e+02,-2.018550e-04,4.995630e-03
4.69600,4.746044e+02,1.554497e+02,-1.738060e-04,6.035740e-03
4.69700,4.756518e+02,1.479661e+02,-1.555340e-04,7.071140e-03
4.69800,4.766357e+02,1.405234e+02,-1.472480e-04,8.100440e-03
4.69900,4.775277e+02,1.331875e+02,-1.490530e-04,9.122340e-03
4.70000,4.782333e+02,1.255433e+02,-1.609290e-04,1.013560e-02
4.70100,4.787781e+02,1.173552e+02,-1.828610e-04,1.113880e-02
4.70200,4.792596e+02,1.096638e+02,-2.147790e-04,1.213080e-02
4.70300,4.795931e+02,1.014378e+02,-2.565340e-04,1.311030e-02
4.70400,4.797979e+02,9.319380e+01,-3.079020e-04,1.407610e-02
4.70500,4.798223e+02,8.484580e+01,-3.685990e-04,1.502700e-02
4.70600,4.797467e+02,7.621027e+01,-4.382880e-04,1.596170e-02
4.70700,4.795535e+02,6.778327e+01,-5.165920e-04,1.687900e-02
4.70800,4.792867e+02,5.924439e+01,-6.030860e-04,1.777780e-02
4.70900,4.787367e+02,5.053298e+01,-6.974890e-04,1.865680e-02
4.71000,4.782041e+02,4.264294e+01,-7.993600e-04,1.951510e-02
4.71100,4.776301e+02,3.403367e+01,-9.082740e-04,2.035140e-02
4.71200,4.768289e+02,2.670447e+01,-1.023770e-03,2.116470e-02
4.71300,4.759683e+02,1.791900e+01,-1.145330e-03,2.195360e-02
4.71400,4.750028e+02,1.025300e+01,-1.272370e-03,2.271700e-02
4.71500,4.739250e+02,2.579946e+00,-1.404240e-03,2.345400e-02
4.71600,4.728851e+02,-5.426624e+00,-1.540360e-03,2.416380e-02
4.71700,4.717486e+02,-1.329991e+01,-1.680100e-03,2.484550e-02
4.71800,4.705682e+02,-2.044738e+01,-1.822820e-03,2.549830e-02
4.71900,4.692675e+02,-2.811167e+01,-1.967880e-03,2.612150e-02
4.72000,4.679226e+02,-3.513164e+01,-2.114560e-03,2.671430e-02
4.72100,4.666177e+02,-4.192541e+01,-2.262190e-03,2.727620e-02
4.72200,4.651514e+02,-4.938733e+01,-2.409900e-03,2.780680e-02
4.72300,4.636551e+02,-5.527122e+01,-2.557110e-03,2.830540e-02
4.72400,4.624367e+02,-6.256359e+01,-2.703000e-03,2.877160e-02
4.72500,4.609973e+02,-6.834300e+01,-2.846990e-03,2.920500e-02
4.72600,4.596208e+02,-7.333573e+01,-2.988530e-03,2.960540e-02
4.72700,4.582811e+02,-7.994440e+01,-3.126800e-03,2.997260e-02
4.72800,4.568100e+02,-8.491320e+01,-3.261210e-03,3.030660e-02
4.72900,4.556655e+02,-9.085740e+01,-3.391160e-03,3.060650e-02
4.73000,4.542323e+02,-9.521453e+01,-3.516060e-03,3.087170e-02
4.73100,4.530315e+02,-1.012184e+02,-3.635290e-03,3.110170e-02
4.73200,4.518914e+02,-1.057759e+02,-3.748130e-03,3.129590e-02
4.73300,4.500933e+02,-1.103063e+02,-3.853740e-03,3.145390e-02
4.73400,4.489239e+02,-1.165365e+02,-3.951780e-03,3.157540e-02
4.73500,4.479416e+02,-1.204825e+02,-4.041630e-03,3.165980e-02
4.73600,4.467157e+02,-1.259135e+02,-4.122740e-03,3.170680e-02
4.73700,4.454515e+02,-1.306661e+02,-4.194690e-03,3.171630e-02
4.73800,4.447155e+02,-1.353494e+02,-4.256950e-03,3.168760e-02
4.73900,4.432897e+02,-1.394331e+02,-4.309100e-03,3.162050e-02
4.74000,4.428976e+02,-1.445137e+02,-4.350810e-03,3.151530e-02
4.74100,4.419532e+02,-1.498359e+02,-4.382050e-03,3.137220e-02
4.74200,4.417847e+02,-1.542719e+02,-4.402510e-03,3.119150e-02
4.74300,4.405803e+02,-1.587423e+02,-4.412340e-03,3.097380e-02
4.74400,4.404958e+02,-1.621043e+02,-4.411260e-03,3.071950e-02
4.74500,4.397730e+02,-1.664564e+02,-4.399480e-03,3.042920e-02
4.74600,4.394225e+02,-1.685787e+02,-4.376920e-03,3.010320e-02
4.74700,4.392239e+02,-1.716103e+02,-4.343730e-03,2.974210e-02
4.74800,4.380486e+02,-1.734596e+02,-4.300420e-03,2.934680e-02
4.74900,4.379423e+02,-1.754892e+02,-4.246990e-03,2.891780e-02
4.75000,4.380373e+02,-1.788399e+02,-4.183310e-03,2.845530e-02
4.75100,4.384025e+02,-1.813672e+02,-4.109580e-03,2.795950e-02
4.75200,4.387371e+02,-1.843117e+02,-4.026320e-03,2.743080e-02
4.75300,4.388427e+02,-1.869391e+02,-3.934120e-03,2.687010e-02
4.75400,4.392193e+02,-1.908118e+02,-3.833670e-03,2.627870e-02
4.75500,4.397335e+02,-1.940047e+02,-3.725660e-03,2.565760e-02
4.75600,4.404277e+02,-1.990050e+02,-3.610650e-03,2.500790e-02
4.75700,4.409309e+02,-2.037803e+02,-3.489280e-03,2.433020e-02
4.75800,4.413578e+02,-2.072251e+02,-3.362210e-03,2.362580e-02
4.75900,4.424555e+02,-2.135305e+02,-3.229940e-03,2.289550e-02
4.76000,4.431905e+02,-2.154446e+02,-3.093170e-03,2.214010e-02
4.76100,4.440533e+02,-2.190500e+02,-2.952560e-03,2.136060e-02
4.76200,4.452640e+02,-2.214165e+02,-2.808710e-03,2.055770e-02
4.76300,4.464127e+02,-2.230619e+02,-2.662280e-03,1.973230e-02
4.76400,4.476975e+02,-2.238281e+02,-2.513800e-03,1.888520e-02
4.76500,4.488113e+02,-2.249030e+02,-2.364100e-03,1.801760e-02
4.76600,4.499194e+02,-2.258703e+02,-2.214100e-03,1.713030e-02
4.76700,4.513904e+02,-2.264631e+02,-2.064450e-03,1.622410e-02
4.76800,4.528491e+02,-2.265488e+02,-1.915860e-03,1.530000e-02
4.76900,4.543255e+02,-2.262696e+02,-1.769090e-03,1.435900e-02
4.77000,4.557905e+02,-2.254713e+02,-1.624800e-03,1.340230e-02
4.77100,4.571151e+02,-2.241918e+02,-1.483640e-03,1.243070e-02
4.77200,4.582064e+02,-2.223463e+02,-1.346460e-03,1.144540e-02
4.77300,4.598752e+02,-2.192913e+02,-1.213650e-03,1.044740e-02
4.77400,4.613089e+02,-2.156117e+02,-1.085720e-03,9.438110e-03
4.77500,4.626379e+02,-2.113231e+02,-9.632020e-04,8.418900e-03
4.77600,4.639761e+02,-2.064213e+02,-8.465990e-04,7.391180e-03
4.77700,4.653787e+02,-2.011966e+02,-7.363780e-04,6.356310e-03
4.77800,4.667601e+02,-1.954671e+02,-6.330290e-04,5.315640e-03
4.77900,4.681330e+02,-1.892361e+02,-5.370220e-04,4.270400e-03
4.78000,4.695843e+02,-1.828613e+02,-4.488260e-04,3.221740e-03
4.78100,4.709183e+02,-1.761141e+02,-3.689160e-04,2.170820e-03
4.78200,4.721131e+02,-1.689875e+02,-2.977030e-04,1.118900e-03
4.78300,4.732569e+02,-1.617378e+02,-2.355110e-04,6.723090e-05
4.78400,4.743326e+02,-1.542584e+02,-1.826900e-04,-9.828590e-04
4.78500,4.753084e+02,-1.465105e+02,-1.395420e-04,-2.030000e-03
4.78600,4.761543e+02,-1.387401e+02,-1.062890e-04,-3.072800e-03
4.78700,4.767475e+02,-1.310440e+02,-8.310500e-05,-4.109830e-03
4.78800,4.773776e+02,-1.230386e+02,-7.003560e-05,-5.139650e-03
4.78900,4.778163e+02,-1.154306e+02,-6.705290e-05,-6.160930e-03
4.79000,4.781842e+02,-1.069153e+02,-7.421630e-05,-7.172400e-03
4.79100,4.785517e+02,-9.904293e+01,-9.147090e-05,-8.172790e-03
4.79200,4.789163e+02,-9.067960e+01,-1.186840e-04,-9.160860e-03
4.79300,4.788735e+02,-8.206913e+01,-1.558390e-04,-1.013540e-02
4.79400,4.788483e+02,-7.352887e+01,-2.027100e-04,-1.109490e-02
4.79500,4.785795e+02,-6.436674e+01,-2.589410e-04,-1.203820e-02
4.79600,4.781680e+02,-5.592472e+01,-3.242100e-04,-1.296400e-02
4.79700,4.777404e+02,-4.682602e+01,-3.981340e-04,-1.387100e-02
4.79800,4.770291e+02,-3.817893e+01,-4.803880e-04,-1.475800e-02
4.79900,4.761759e+02,-3.069905e+01,-5.704800e-04,-1.562390e-02
4.80000,4.754122e+02,-2.172464e+01,-6.678550e-04,-1.646770e-02
4.80100,4.743777e+02,-1.391941e+01,-7.720800e-04,-1.728850e-02
4.80200,4.734782e+02,-5.632310e+00,-8.826390e-04,-1.808540e-02
4.80300,4.722469e+02,1.943739e+00,-9.989360e-04,-1.885740e-02
4.80400,4.711606e+02,1.005032e+01,-1.120320e-03,-1.960340e-02
4.80500,4.700815e+02,1.788448e+01,-1.246350e-03,-2.032220e-02
4.80600,4.688321e+02,2.561574e+01,-1.376340e-03,-2.101320e-02
4.80700,4.675932e+02,3.304985e+01,-1.509880e-03,-2.167530e-02
4.80800,4.662342e+02,4.080996e+01,-1.646250e-03,-2.230780e-02
4.80900,4.648595e+02,4.747001e+01,-1.784960e-03,-2.291010e-02
4.81000,4.635950e+02,5.550647e+01,-1.925170e-03,-2.348130e-02
4.81100,4.617659e+02,6.123027e+01,-2.066210e-03,-2.402110e-02
4.81200,4.602035e+02,6.878033e+01,-2.207270e-03,-2.452890e-02
4.81300,4.584350e+02,7.530280e+01,-2.347730e-03,-2.500450e-02
4.81400,4.568483e+02,8.135193e+01,-2.486880e-03,-2.544730e-02
4.81500,4.552971e+02,8.744693e+01,-2.624170e-03,-2.585730e-02
4.81600,4.540587e+02,9.346020e+01,-2.758800e-03,-2.623460e-02
4.81700,4.523872e+02,9.852833e+01,-2.890110e-03,-2.657900e-02
4.81800,4.512648e+02,1.047518e+02,-3.017420e-03,-2.688960e-02
4.81900,4.495501e+02,1.089527e+02,-3.140160e-03,-2.716560e-02
4.82000,4.486712e+02,1.137165e+02,-3.257700e-03,-2.740630e-02
4.82100,4.467977e+02,1.180797e+02,-3.369550e-03,-2.761130e-02
4.82200,4.461011e+02,1.225871e+02,-3.475080e-03,-2.778010e-02
4.82300,4.442625e+02,1.271952e+02,-3.573790e-03,-2.791250e-02
4.82400,4.436297e+02,1.322082e+02,-3.665050e-03,-2.800800e-02
4.82500,4.420115e+02,1.362655e+02,-3.748290e-03,-2.806650e-02
4.82600,4.413453e+02,1.410989e+02,-3.822980e-03,-2.808740e-02
4.82700,4.401361e+02,1.448327e+02,-3.888620e-03,-2.807050e-02
4.82800,4.390896e+02,1.502591e+02,-3.944830e-03,-2.801560e-02
4.82900,4.380553e+02,1.532982e+02,-3.991220e-03,-2.792260e-02
4.83000,4.375576e+02,1.587077e+02,-4.027610e-03,-2.779180e-02
4.83100,4.362421e+02,1.626729e+02,-4.053760e-03,-2.762370e-02
4.83200,4.357972e+02,1.666970e+02,-4.069490e-03,-2.741900e-02
4.83300,4.351395e+02,1.706571e+02,-4.074870e-03,-2.717830e-02
4.83400,4.349119e+02,1.736896e+02,-4.069690e-03,-2.690210e-02
4.83500,4.342593e+02,1.763271e+02,-4.054200e-03,-2.659060e-02
4.83600,4.342676e+02,1.790210e+02,-4.028500e-03,-2.624430e-02
4.83700,4.337081e+02,1.815208e+02,-3.993020e-03,-2.586390e-02
4.83800,4.334105e+02,1.838614e+02,-3.948330e-03,-2.544990e-02
4.83900,4.334569e+02,1.851865e+02,-3.894490e-03,-2.500290e-02
4.84000,4.338968e+02,1.874189e+02,-3.831450e-03,-2.452300e-02
4.84100,4.345162e+02,1.919696e+02,-3.759370e-03,-2.401030e-02
4.84200,4.345238e+02,1.919581e+02,-3.678760e-03,-2.346560e-02
4.84300,4.350133e+02,1.961955e+02,-3.590130e-03,-2.289010e-02
4.84400,4.350823e+02,1.987075e+02,-3.494130e-03,-2.228490e-02
4.84500,4.358381e+02,2.044592e+02,-3.391150e-03,-2.165110e-02
4.84600,4.357934e+02,2.072916e+02,-3.281790e-03,-2.098940e-02
4.84700,4.367203e+02,2.135648e+02,-3.166460e-03,-2.030080e-02
4.84800,4.372475e+02,2.159157e+02,-3.045600e-03,-1.958640e-02
4.84900,4.383495e+02,2.208673e+02,-2.919850e-03,-1.884710e-02
4.85000,4.392967e+02,2.237830e+02,-2.790040e-03,-1.808360e-02
4.85100,4.407456e+02,2.266060e+02,-2.656860e-03,-1.729670e-02
4.85200,4.419999e+02,2.285515e+02,-2.521070e-03,-1.648700e-02
4.85300,4.434014e+02,2.298101e+02,-2.383410e-03,-1.565540e-02
4.85400,4.447679e+02,2.307204e+02,-2.244750e-03,-1.480280e-02
4.85500,4.462127e+02,2.310105e+02,-2.105760e-03,-1.393040e-02
4.85600,4.475796e+02,2.317033e+02,-1.967010e-03,-1.303920e-02
4.85700,4.486204e+02,2.325037e+02,-1.829250e-03,-1.212990e-02
4.85800,4.499670e+02,2.319796e+02,-1.693080e-03,-1.120380e-02
4.85900,4.516398e+02,2.320184e+02,-1.559190e-03,-1.026150e-02
4.86000,4.531984e+02,2.306266e+02,-1.428270e-03,-9.304230e-03
4.86100,4.549281e+02,2.292478e+02,-1.300950e-03,-8.332800e-03
4.86200,4.565677e+02,2.270518e+02,-1.177810e-03,-7.348410e-03
4.86300,4.579218e+02,2.244990e+02,-1.059500e-03,-6.352040e-03
4.86400,4.596596e+02,2.206489e+02,-9.463980e-04,-5.345100e-03
4.86500,4.612134e+02,2.163384e+02,-8.390230e-04,-4.329040e-03
4.86600,4.628627e+02,2.115610e+02,-7.378340e-04,-3.305250e-03
4.86700,4.642207e+02,2.064649e+02,-6.433150e-04,-2.275040e-03
4.86800,4.656841e+02,2.008150e+02,-5.558560e-04,-1.239640e-03
4.86900,4.671197e+02,1.950278e+02,-4.757890e-04,-2.002170e-04
4.87000,4.683331e+02,1.889184e+02,-4.035440e-04,8.420660e-04
4.87100,4.696999e+02,1.824757e+02,-3.394520e-04,1.886040e-03
4.87200,4.710934e+02,1.757897e+02,-2.839220e-04,2.930510e-03
4.87300,4.724992e+02,1.689086e+02,-2.371640e-04,3.974300e-03
4.87400,4.735407e+02,1.617611e+02,-1.996350e-04,5.016080e-03
4.87500,4.747140e+02,1.542040e+02,-1.717050e-04,6.054470e-03
4.87600,4.758215e+02,1.468084e+02,-1.536630e-04,7.088060e-03
4.87700,4.767182e+02,1.395797e+02,-1.456920e-04,8.115610e-03
4.87800,4.775685e+02,1.318482e+02,-1.479290e-04,9.135740e-03
4.87900,4.782580e+02,1.238579e+02,-1.603950e-04,1.014710e-02
4.88000,4.788261e+02,1.168823e+02,-1.829610e-04,1.114840e-02
4.88100,4.791874e+02,1.080978e+02,-2.155550e-04,1.213840e-02
4.88200,4.795038e+02,1.005900e+02,-2.579380e-04,1.311590e-02
4.88300,4.796761e+02,9.232080e+01,-3.098310e-04,1.407950e-02
4.88400,4.796442e+02,8.389060e+01,-3.709250e-04,1.502830e-02
4.88500,4.795501e+02,7.543633e+01,-4.408740e-04,1.596080e-02
4.88600,4.793710e+02,6.684913e+01,-5.193210e-04,1.687600e-02
4.88700,4.791477e+02,5.824410e+01,-6.058890e-04,1.777250e-02
4.88800,4.786264e+02,4.989707e+01,-7.003280e-04,1.864920e-02
4.88900,4.782437e+02,4.134818e+01,-8.022290e-04,1.950520e-02
4.89000,4.775327e+02,3.358220e+01,-9.111110e-04,2.033920e-02
4.89100,4.767301e+02,2.527472e+01,-1.026500e-03,2.115000e-02
4.89200,4.758724e+02,1.717111e+01,-1.147900e-03,2.193640e-02
4.89300,4.748514e+02,9.404167e+00,-1.274800e-03,2.269730e-02
4.89400,4.738554e+02,1.831918e+00,-1.406580e-03,2.343170e-02
4.89500,4.727287e+02,-5.756847e+00,-1.542490e-03,2.413890e-02
4.89600,4.715511e+02,-1.386372e+01,-1.681850e-03,2.481800e-02
4.89700,4.702109e+02,-2.126331e+01,-1.824060e-03,2.546830e-02
4.89800,4.690411e+02,-2.876176e+01,-1.968470e-03,2.608890e-02
4.89900,4.675333e+02,-3.548121e+01,-2.114410e-03,2.667920e-02
4.90000,4.662865e+02,-4.272729e+01,-2.261260e-03,2.723860e-02
4.90100,4.649588e+02,-5.041197e+01,-2.408350e-03,2.776670e-02
4.90200,4.639060e+02,-5.577554e+01,-2.554990e-03,2.826270e-02
4.90300,4.622663e+02,-6.304699e+01,-2.700390e-03,2.872640e-02
4.90400,4.610360e+02,-6.867167e+01,-2.844100e-03,2.915730e-02
4.90500,4.598775e+02,-7.479600e+01,-2.985400e-03,2.955500e-02
4.90600,4.582404e+02,-7.899647e+01,-3.123400e-03,2.991990e-02
4.90700,4.567233e+02,-8.590887e+01,-3.257490e-03,3.025130e-02
4.90800,4.554240e+02,-9.080653e+01,-3.387040e-03,3.054870e-02
4.90900,4.540552e+02,-9.533893e+01,-3.511330e-03,3.081150e-02
4.91000,4.524025e+02,-1.008720e+02,-3.629520e-03,3.103910e-02
4.91100,4.509349e+02,-1.063557e+02,-3.741170e-03,3.123120e-02
4.91200,4.501465e+02,-1.112302e+02,-3.845740e-03,3.138690e-02
4.91300,4.488562e+02,-1.160761e+02,-3.942770e-03,3.150620e-02
4.91400,4.482789e+02,-1.216988e+02,-4.031720e-03,3.158830e-02
4.91500,4.465441e+02,-1.254122e+02,-4.111970e-03,3.163310e-02
4.91600,4.458807e+02,-1.314153e+02,-4.183140e-03,3.164030e-02
4.91700,4.445981e+02,-1.356761e+02,-4.244820e-03,3.160950e-02
4.91800,4.438207e+02,-1.396431e+02,-4.296490e-03,3.154020e-02
4.91900,4.428323e+02,-1.451815e+02,-4.337890e-03,3.143280e-02
4.92000,4.420446e+02,-1.498547e+02,-4.368750e-03,3.128750e-02
4.92100,4.412576e+02,-1.544975e+02,-4.388770e-03,3.110480e-02
4.92200,4.403437e+02,-1.588983e+02,-4.397830e-03,3.088520e-02
4.92300,4.401374e+02,-1.628917e+02,-4.395880e-03,3.062920e-02
4.92400,4.391961e+02,-1.657289e+02,-4.382920e-03,3.033730e-02
4.92500,4.392785e+02,-1.695623e+02,-4.359180e-03,3.000980e-02
4.92600,4.389276e+02,-1.715467e+02,-4.324920e-03,2.964760e-02
4.92700,4.384208e+02,-1.740327e+02,-4.280730e-03,2.925100e-02
4.92800,4.380409e+02,-1.756343e+02,-4.226840e-03,2.882070e-02
4.92900,4.385813e+02,-1.795169e+02,-4.163050e-03,2.835690e-02
4.93000,4.387573e+02,-1.815164e+02,-4.089510e-03,2.785980e-02
4.93100,4.389795e+02,-1.848675e+02,-4.006560e-03,2.732990e-02
4.93200,4.390184e+02,-1.872440e+02,-3.914770e-03,2.676810e-02
4.93300,4.390722e+02,-1.900296e+02,-3.814820e-03,2.617580e-02
4.93400,4.398113e+02,-1.952342e+02,-3.707200e-03,2.555390e-02
4.93500,4.399751e+02,-1.980997e+02,-3.592480e-03,2.490370e-02
4.93600,4.405595e+02,-2.046661e+02,-3.471230e-03,2.422570e-02
4.93700,4.411761e+02,-2.077588e+02,-3.344100e-03,2.352110e-02
4.93800,4.421415e+02,-2.124929e+02,-3.211720e-03,2.279080e-02
4.93900,4.432015e+02,-2.160279e+02,-3.074840e-03,2.203560e-02
4.94000,4.443039e+02,-2.191823e+02,-2.934190e-03,2.125630e-02
4.94100,4.455099e+02,-2.213971e+02,-2.790450e-03,2.045370e-02
4.94200,4.466341e+02,-2.230025e+02,-2.644330e-03,1.962850e-02
4.94300,4.479637e+02,-2.241178e+02,-2.496390e-03,1.878170e-02
4.94400,4.490288e+02,-2.248567e+02,-2.347390e-03,1.791450e-02
4.94500,4.499963e+02,-2.260117e+02,-2.198120e-03,1.702760e-02
4.94600,4.511987e+02,-2.265283e+02,-2.049180e-03,1.612200e-02
4.94700,4.525933e+02,-2.266433e+02,-1.901280e-03,1.519850e-02
4.94800,4.541114e+02,-2.263113e+02,-1.755180e-03,1.425840e-02
4.94900,4.556775e+02,-2.255665e+02,-1.611610e-03,1.330250e-02
4.95000,4.571315e+02,-2.240985e+02,-1.471250e-03,1.233200e-02
4.95100,4.583127e+02,-2.221879e+02,-1.334850e-03,1.134770e-02
4.95200,4.599613e+02,-2.191047e+02,-1.202860e-03,1.035090e-02
4.95300,4.614669e+02,-2.153918e+02,-1.075810e-03,9.342890e-03
4.95400,4.628181e+02,-2.109401e+02,-9.541860e-04,8.324950e-03
4.95500,4.640675e+02,-2.060710e+02,-8.384980e-04,7.298520e-03
4.95600,4.653603e+02,-2.006923e+02,-7.291920e-04,6.264980e-03
4.95700,4.666507e+02,-1.950104e+02,-6.267440e-04,5.225690e-03
4.95800,4.679388e+02,-1.888397e+02,-5.315370e-04,4.181920e-03
4.95900,4.693223e+02,-1.822813e+02,-4.440320e-04,3.134820e-03
4.96000,4.706822e+02,-1.756946e+02,-3.647100e-04,2.085600e-03
4.96100,4.719356e+02,-1.685485e+02,-2.940280e-04,1.035490e-03
4.96200,4.732054e+02,-1.613431e+02,-2.323820e-04,-1.426610e-05
4.96300,4.744333e+02,-1.538359e+02,-1.801010e-04,-1.062370e-03
4.96400,4.752895e+02,-1.461761e+02,-1.375910e-04,-2.107460e-03
4.96500,4.761697e+02,-1.382963e+02,-1.050240e-04,-3.148150e-03
4.96600,4.767589e+02,-1.304834e+02,-8.256540e-05,-4.183000e-03
4.96700,4.773098e+02,-1.227221e+02,-7.023820e-05,-5.210570e-03
4.96800,4.777331e+02,-1.147825e+02,-6.806400e-05,-6.229530e-03
4.96900,4.781165e+02,-1.066911e+02,-7.597160e-05,-7.238600e-03
4.97000,4.783401e+02,-9.869913e+01,-9.388180e-05,-8.236550e-03
4.97100,4.785759e+02,-9.031520e+01,-1.217120e-04,-9.222160e-03
4.97200,4.786649e+02,-8.180213e+01,-1.593200e-04,-1.019420e-02
4.97300,4.786823e+02,-7.330693e+01,-2.065260e-04,-1.115130e-02
4.97400,4.784417e+02,-6.459003e+01,-2.630740e-04,-1.209210e-02
4.97500,4.781545e+02,-5.548264e+01,-3.285550e-04,-1.301540e-02
4.97600,4.776307e+02,-4.675770e+01,-4.026620e-04,-1.391990e-02
4.97700,4.769560e+02,-3.832993e+01,-4.850600e-04,-1.480450e-02
4.97800,4.761461e+02,-3.048162e+01,-5.752800e-04,-1.566790e-02
4.97900,4.752531e+02,-2.175787e+01,-6.727440e-04,-1.650920e-02
4.98000,4.741969e+02,-1.393049e+01,-7.769670e-04,-1.732750e-02
4.98100,4.732697e+02,-5.601949e+00,-8.875080e-04,-1.812180e-02
4.98200,4.720826e+02,1.886422e+00,-1.003740e-03,-1.889120e-02
4.98300,4.709691e+02,1.003969e+01,-1.125010e-03,-1.963450e-02
4.98400,4.698991e+02,1.768274e+01,-1.250840e-03,-2.035070e-02
4.98500,4.686477e+02,2.583559e+01,-1.380600e-03,-2.103900e-02
4.98600,4.674320e+02,3.282665e+01,-1.513880e-03,-2.169850e-02
4.98700,4.661353e+02,4.089362e+01,-1.649940e-03,-2.232850e-02
4.98800,4.647493e+02,4.732577e+01,-1.788260e-03,-2.292820e-02
4.98900,4.634324e+02,5.553595e+01,-1.928060e-03,-2.349690e-02
4.99000,4.616774e+02,6.132747e+01,-2.068730e-03,-2.403410e-02
4.99100,4.601638e+02,6.850393e+01,-2.209430e-03,-2.453930e-02
4.99200,4.584092e+02,7.502760e+01,-2.349510e-03,-2.501220e-02
4.99300,4.568421e+02,8.096007e+01,-2.488270e-03,-2.545240e-02
4.99400,4.552592e+02,8.705900e+01,-2.625120e-03,-2.585980e-02
4.99500,4.538563e+02,9.258880e+01,-2.759210e-03,-2.623470e-02
4.99600,4.524746e+02,9.843420e+01,-2.889850e-03,-2.657650e-02
4.99700,4.508061e+02,1.039378e+02,-3.016480e-03,-2.688470e-02
4.99800,4.498975e+02,1.085980e+02,-3.138440e-03,-2.715810e-02
4.99900,4.480572e+02,1.133796e+02,-3.255230e-03,-2.739630e-02
5.00000,4.473245e+02,1.177222e+02,-3.366200e-03,-2.759870e-02
5.00100,4.453914e+02,1.223627e+02,-3.470870e-03,-2.776510e-02
5.00200,4.447548e+02,1.269178e+02,-3.568640e-03,-2.789510e-02
5.00300,4.430753e+02,1.316874e+02,-3.659010e-03,-2.798850e-02
5.00400,4.424695e+02,1.363376e+02,-3.741380e-03,-2.804470e-02
5.00500,4.410728e+02,1.401067e+02,-3.815240e-03,-2.806350e-02
5.00600,4.403788e+02,1.450039e+02,-3.880170e-03,-2.804470e-02
5.00700,4.392153e+02,1.495013e+02,-3.935720e-03,-2.798780e-02
5.00800,4.381437e+02,1.533409e+02,-3.981620e-03,-2.789280e-02
5.00900,4.373291e+02,1.574959e+02,-4.017410e-03,-2.776010e-02
5.01000,4.364296e+02,1.629306e+02,-4.042840e-03,-2.759020e-02
5.01100,4.355965e+02,1.667085e+02,-4.057910e-03,-2.738370e-02
5.01200,4.352786e+02,1.696055e+02,-4.062450e-03,-2.714120e-02
5.01300,4.347137e+02,1.735928e+02,-4.056590e-03,-2.686320e-02
5.01400,4.344139e+02,1.757839e+02,-4.040430e-03,-2.655010e-02
5.01500,4.343541e+02,1.786448e+02,-4.014190e-03,-2.620220e-02
5.01600,4.338980e+02,1.809822e+02,-3.978220e-03,-2.582020e-02
5.01700,4.334803e+02,1.836036e+02,-3.933080e-03,-2.540480e-02
5.01800,4.336256e+02,1.850191e+02,-3.878820e-03,-2.495650e-02
5.01900,4.339526e+02,1.881868e+02,-3.815390e-03,-2.447540e-02
5.02000,4.347243e+02,1.904513e+02,-3.743010e-03,-2.396170e-02
5.02100,4.346185e+02,1.924550e+02,-3.662240e-03,-2.341600e-02
5.02200,4.351469e+02,1.955130e+02,-3.573450e-03,-2.283970e-02
5.02300,4.350948e+02,1.985677e+02,-3.477350e-03,-2.223380e-02
5.02400,4.358662e+02,2.036092e+02,-3.374210e-03,-2.159930e-02
5.02500,4.358119e+02,2.070520e+02,-3.264670e-03,-2.093720e-02
5.02600,4.365615e+02,2.122600e+02,-3.149070e-03,-2.024830e-02
5.02700,4.373785e+02,2.162885e+02,-3.028120e-03,-1.953370e-02
5.02800,4.384781e+02,2.198295e+02,-2.902460e-03,-1.879420e-02
5.02900,4.396434e+02,2.234501e+02,-2.772900e-03,-1.803070e-02
5.03000,4.410914e+02,2.263075e+02,-2.640140e-03,-1.724370e-02
5.03100,4.423162e+02,2.279950e+02,-2.504890e-03,-1.643390e-02
5.03200,4.437218e+02,2.295467e+02,-2.367920e-03,-1.560210e-02
5.03300,4.448526e+02,2.295879e+02,-2.229850e-03,-1.474970e-02
5.03400,4.461981e+02,2.307002e+02,-2.091320e-03,-1.387760e-02
5.03500,4.475258e+02,2.315423e+02,-1.953010e-03,-1.298680e-02
5.03600,4.486378e+02,2.314901e+02,-1.815680e-03,-1.207820e-02
5.03700,4.500559e+02,2.316300e+02,-1.680000e-03,-1.115270e-02
5.03800,4.516070e+02,2.309935e+02,-1.546690e-03,-1.021140e-02
5.03900,4.534208e+02,2.300153e+02,-1.416390e-03,-9.254980e-03
5.04000,4.550820e+02,2.283159e+02,-1.289700e-03,-8.284530e-03
5.04100,4.568085e+02,2.261295e+02,-1.167200e-03,-7.301180e-03
5.04200,4.582739e+02,2.235187e+02,-1.049490e-03,-6.305880e-03
5.04300,4.599189e+02,2.197332e+02,-9.370650e-04,-5.300030e-03
5.04400,4.614513e+02,2.151507e+02,-8.304040e-04,-4.285090e-03
5.04500,4.628769e+02,2.104187e+02,-7.299590e-04,-3.262470e-03
5.04600,4.641473e+02,2.052915e+02,-6.361300e-04,-2.233510e-03
5.04700,4.655803e+02,1.997735e+02,-5.492500e-04,-1.199460e-03
5.04800,4.668981e+02,1.940149e+02,-4.697200e-04,-1.615050e-04
5.04900,4.683741e+02,1.879593e+02,-3.979150e-04,8.791750e-04
5.05000,4.697577e+02,1.813443e+02,-3.342310e-04,1.921420e-03
5.05100,4.711123e+02,1.748753e+02,-2.791090e-04,2.964060e-03
5.05200,4.725431e+02,1.677687e+02,-2.329880e-04,4.005910e-03
5.05300,4.738995e+02,1.606100e+02,-1.962390e-04,5.045700e-03
5.05400,4.749577e+02,1.530707e+02,-1.692240e-04,6.082040e-03
5.05500,4.759822e+02,1.455339e+02,-1.521850e-04,7.113620e-03
5.05600,4.768233e+02,1.380200e+02,-1.451800e-04,8.139030e-03
5.05700,4.775230e+02,1.303315e+02,-1.482750e-04,9.156890e-03
5.05800,4.781689e+02,1.230045e+02,-1.614020e-04,1.016600e-02
5.05900,4.785304e+02,1.152731e+02,-1.846380e-04,1.116490e-02
5.06000,4.790517e+02,1.073374e+02,-2.177150e-04,1.215260e-02
5.06100,4.792795e+02,9.931347e+01,-2.603820e-04,1.312760e-02
5.06200,4.793623e+02,9.122927e+01,-3.123510e-04,1.408890e-02
5.06300,4.794232e+02,8.287987e+01,-3.733480e-04,1.503520e-02
5.06400,4.794533e+02,7.441327e+01,-4.431660e-04,1.596520e-02
5.06500,4.794081e+02,6.586199e+01,-5.215390e-04,1.687780e-02
5.06600,4.792345e+02,5.739955e+01,-6.081230e-04,1.777160e-02
5.06700,4.787236e+02,4.899710e+01,-7.026140e-04,1.864570e-02
5.06800,4.781659e+02,4.036349e+01,-8.045990e-04,1.949900e-02
5.06900,4.774242e+02,3.258790e+01,-9.136240e-04,2.033030e-02
5.07000,4.767049e+02,2.434137e+01,-1.029210e-03,2.113840e-02
5.07100,4.757172e+02,1.716499e+01,-1.150710e-03,2.192210e-02
5.07200,4.745684e+02,8.403487e+00,-1.277550e-03,2.268040e-02
5.07300,4.735937e+02,2.836956e-01,-1.409150e-03,2.341220e-02
5.07400,4.725400e+02,-6.689107e+00,-1.544830e-03,2.411680e-02
5.07500,4.714457e+02,-1.466296e+01,-1.683990e-03,2.479340e-02
5.07600,4.701383e+02,-2.196763e+01,-1.825960e-03,2.544110e-02
5.07700,4.688739e+02,-2.951177e+01,-1.970060e-03,2.605920e-02
5.07800,4.674815e+02,-3.647141e+01,-2.115600e-03,2.664700e-02
5.07900,4.661185e+02,-4.369069e+01,-2.261980e-03,2.720400e-02
5.08000,4.650069e+02,-5.007119e+01,-2.408510e-03,2.772960e-02
5.08100,4.634503e+02,-5.730631e+01,-2.554450e-03,2.822330e-02
5.08200,4.621685e+02,-6.282361e+01,-2.699270e-03,2.868450e-02
5.08300,4.608023e+02,-6.951660e+01,-2.842200e-03,2.911300e-02
5.08400,4.593441e+02,-7.423567e+01,-2.982720e-03,2.950850e-02
5.08500,4.581274e+02,-8.065800e+01,-3.120020e-03,2.987100e-02
5.08600,4.566743e+02,-8.627340e+01,-3.253410e-03,3.020030e-02
5.08700,4.555230e+02,-9.111440e+01,-3.382220e-03,3.049540e-02
5.08800,4.540455e+02,-9.666513e+01,-3.505950e-03,3.075580e-02
5.08900,4.527745e+02,-1.011696e+02,-3.623750e-03,3.098090e-02
5.09000,4.511820e+02,-1.069507e+02,-3.735190e-03,3.117040e-02
5.09100,4.501168e+02,-1.112004e+02,-3.839530e-03,3.132390e-02
5.09200,4.489631e+02,-1.167480e+02,-3.936170e-03,3.144090e-02
5.09300,4.477496e+02,-1.216373e+02,-4.024590e-03,3.152110e-02
5.09400,4.463683e+02,-1.256176e+02,-4.103950e-03,3.156410e-02
5.09500,4.450565e+02,-1.314987e+02,-4.174060e-03,3.156970e-02
5.09600,4.443828e+02,-1.355314e+02,-4.234470e-03,3.153740e-02
5.09700,4.432361e+02,-1.401947e+02,-4.284850e-03,3.146680e-02
5.09800,4.428699e+02,-1.452355e+02,-4.324900e-03,3.135800e-02
5.09900,4.417479e+02,-1.507226e+02,-4.354680e-03,3.121140e-02
5.10000,4.417159e+02,-1.546885e+02,-4.373780e-03,3.102730e-02
5.10100,4.405746e+02,-1.597228e+02,-4.382360e-03,3.080630e-02
5.10200,4.404350e+02,-1.626489e+02,-4.380100e-03,3.054890e-02
5.10300,4.397703e+02,-1.670128e+02,-4.367260e-03,3.025560e-02
5.10400,4.394883e+02,-1.698135e+02,-4.343840e-03,2.992680e-02
5.10500,4.390561e+02,-1.719661e+02,-4.310180e-03,2.956330e-02
5.10600,4.385830e+02,-1.739089e+02,-4.266490e-03,2.916560e-02
5.10700,4.376558e+02,-1.761964e+02,-4.212810e-03,2.873430e-02
5.10800,4.380259e+02,-1.794301e+02,-4.148910e-03,2.826970e-02
5.10900,4.383599e+02,-1.819460e+02,-4.074970e-03,2.777200e-02
5.11000,4.387593e+02,-1.846045e+02,-3.991470e-03,2.724160e-02
5.11100,4.388107e+02,-1.874061e+02,-3.899020e-03,2.667960e-02
5.11200,4.392331e+02,-1.910744e+02,-3.798320e-03,2.608690e-02
5.11300,4.397000e+02,-1.943501e+02,-3.690120e-03,2.546490e-02
5.11400,4.403716e+02,-1.993063e+02,-3.574950e-03,2.481430e-02
5.11500,4.409317e+02,-2.036523e+02,-3.453500e-03,2.413610e-02
5.11600,4.412689e+02,-2.088634e+02,-3.326300e-03,2.343120e-02
5.11700,4.422645e+02,-2.126067e+02,-3.194060e-03,2.270080e-02
5.11800,4.433109e+02,-2.165305e+02,-3.057500e-03,2.194550e-02
5.11900,4.442559e+02,-2.192784e+02,-2.917350e-03,2.116620e-02
5.12000,4.454419e+02,-2.217185e+02,-2.774240e-03,2.036370e-02
5.12100,4.465661e+02,-2.232634e+02,-2.628800e-03,1.953870e-02
5.12200,4.479310e+02,-2.241050e+02,-2.481600e-03,1.869230e-02
5.12300,4.490578e+02,-2.248739e+02,-2.333290e-03,1.782560e-02
5.12400,4.500337e+02,-2.258613e+02,-2.184700e-03,1.693950e-02
5.12500,4.513813e+02,-2.264791e+02,-2.036460e-03,1.603460e-02
5.12600,4.527691e+02,-2.264675e+02,-1.889270e-03,1.511210e-02
5.12700,4.542251e+02,-2.261376e+02,-1.743870e-03,1.417290e-02
5.12800,4.556968e+02,-2.253161e+02,-1.600970e-03,1.321800e-02
5.12900,4.571036e+02,-2.238675e+02,-1.461200e-03,1.224850e-02
5.13000,4.583009e+02,-2.220196e+02,-1.325390e-03,1.126520e-02
5.13100,4.599419e+02,-2.188215e+02,-1.193900e-03,1.026950e-02
5.13200,4.613421e+02,-2.152350e+02,-1.067250e-03,9.262590e-03
5.13300,4.626856e+02,-2.108391e+02,-9.459740e-04,8.245850e-03
5.13400,4.639866e+02,-2.059751e+02,-8.306100e-04,7.220710e-03
5.13500,4.653287e+02,-2.006919e+02,-7.216800e-04,6.188570e-03
5.13600,4.666981e+02,-1.950126e+02,-6.197280e-04,5.150780e-03
5.13700,4.681211e+02,-1.887749e+02,-5.251120e-04,4.108580e-03
5.13800,4.694254e+02,-1.823088e+02,-4.383310e-04,3.063110e-03
5.13900,4.707593e+02,-1.755093e+02,-3.598410e-04,2.015570e-03
5.14000,4.720122e+02,-1.683494e+02,-2.900580e-04,9.671670e-04
5.14100,4.732313e+02,-1.610941e+02,-2.293410e-04,-8.085590e-05
5.14200,4.743395e+02,-1.535063e+02,-1.780120e-04,-1.127210e-03
5.14300,4.752291e+02,-1.458335e+02,-1.363310e-04,-2.170510e-03
5.14400,4.759884e+02,-1.378097e+02,-1.045860e-04,-3.209380e-03
5.14500,4.766905e+02,-1.302583e+02,-8.285710e-05,-4.242380e-03
5.14600,4.771908e+02,-1.223683e+02,-7.122450e-05,-5.268070e-03
5.14700,4.776610e+02,-1.145007e+02,-6.964380e-05,-6.285110e-03
5.14800,4.780566e+02,-1.066417e+02,-7.806810e-05,-7.292320e-03
5.14900,4.783470e+02,-9.832647e+01,-9.636530e-05,-8.288380e-03
5.15000,4.785433e+02,-9.009467e+01,-1.244180e-04,-9.272030e-03
5.15100,4.785953e+02,-8.189787e+01,-1.621020e-04,-1.024210e-02
5.15200,4.784859e+02,-7.325747e+01,-2.092900e-04,-1.119720e-02
5.15300,4.782956e+02,-6.442777e+01,-2.657720e-04,-1.213610e-02
5.15400,4.779615e+02,-5.554507e+01,-3.311770e-04,-1.305740e-02
5.15500,4.774527e+02,-4.671937e+01,-4.051760e-04,-1.395990e-02
5.15600,4.768486e+02,-3.829124e+01,-4.874090e-04,-1.484260e-02
5.15700,4.759597e+02,-3.010393e+01,-5.775710e-04,-1.570410e-02
5.15800,4.752903e+02,-2.118198e+01,-6.751300e-04,-1.654350e-02
5.15900,4.743219e+02,-1.379435e+01,-7.796340e-04,-1.735980e-02
5.16000,4.733730e+02,-5.749593e+00,-8.905470e-04,-1.815220e-02
5.16100,4.722485e+02,2.334931e+00,-1.007280e-03,-1.891970e-02
5.16200,4.711126e+02,1.017479e+01,-1.129110e-03,-1.966100e-02
5.16300,4.698581e+02,1.770071e+01,-1.255370e-03,-2.037530e-02
5.16400,4.685509e+02,2.559567e+01,-1.385470e-03,-2.106180e-02
5.16500,4.671954e+02,3.323952e+01,-1.518780e-03,-2.171960e-02
5.16600,4.658470e+02,4.034398e+01,-1.654750e-03,-2.234790e-02
5.16700,4.646363e+02,4.707356e+01,-1.792770e-03,-2.294590e-02
5.16800,4.630432e+02,5.528652e+01,-1.932050e-03,-2.351300e-02
5.16900,4.614748e+02,6.072145e+01,-2.072010e-03,-2.404860e-02
5.17000,4.601043e+02,6.886153e+01,-2.211880e-03,-2.455230e-02
5.17100,4.583726e+02,7.474560e+01,-2.351140e-03,-2.502370e-02
5.17200,4.569194e+02,8.086987e+01,-2.489150e-03,-2.546240e-02
5.17300,4.554391e+02,8.700453e+01,-2.625370e-03,-2.586820e-02
5.17400,4.539643e+02,9.228167e+01,-2.759110e-03,-2.624150e-02
5.17500,4.525692e+02,9.836280e+01,-2.889630e-03,-2.658190e-02
5.17600,4.511238e+02,1.036002e+02,-3.016220e-03,-2.688850e-02
5.17700,4.497827e+02,1.089423e+02,-3.138290e-03,-2.716040e-02
5.17800,4.484011e+02,1.125341e+02,-3.255160e-03,-2.739700e-02
5.17900,4.470797e+02,1.173731e+02,-3.366240e-03,-2.759790e-02
5.18000,4.457615e+02,1.218531e+02,-3.470880e-03,-2.776280e-02
5.18100,4.444134e+02,1.264763e+02,-3.568480e-03,-2.789140e-02
5.18200,4.433307e+02,1.309059e+02,-3.658350e-03,-2.798340e-02
5.18300,4.418081e+02,1.358467e+02,-3.740040e-03,-2.803830e-02
5.18400,4.408825e+02,1.391147e+02,-3.812830e-03,-2.805600e-02
5.18500,4.401785e+02,1.453491e+02,-3.876510e-03,-2.803620e-02
5.18600,4.388676e+02,1.488932e+02,-3.930660e-03,-2.797830e-02
5.18700,4.376585e+02,1.529059e+02,-3.975130e-03,-2.788270e-02
5.18800,4.375305e+02,1.585487e+02,-4.009690e-03,-2.774940e-02
5.18900,4.363302e+02,1.630219e+02,-4.034290e-03,-2.757880e-02
5.19000,4.361317e+02,1.668530e+02,-4.048900e-03,-2.737150e-02
5.19100,4.356943e+02,1.701731e+02,-4.053460e-03,-2.712820e-02
5.19200,4.354138e+02,1.735617e+02,-4.047950e-03,-2.684920e-02
5.19300,4.347108e+02,1.757915e+02,-4.032420e-03,-2.653500e-02
5.19400,4.348143e+02,1.785453e+02,-4.006940e-03,-2.618590e-02
5.19500,4.339567e+02,1.803787e+02,-3.971600e-03,-2.580290e-02
5.19600,4.333647e+02,1.834921e+02,-3.926960e-03,-2.538650e-02
5.19700,4.332599e+02,1.844765e+02,-3.872950e-03,-2.493720e-02
5.19800,4.340095e+02,1.879761e+02,-3.809510e-03,-2.445530e-02
5.19900,4.342443e+02,1.896435e+02,-3.736720e-03,-2.394090e-02
5.20000,4.345017e+02,1.925301e+02,-3.655120e-03,-2.339460e-02
5.20100,4.347771e+02,1.947057e+02,-3.565370e-03,-2.281770e-02
5.20200,4.353257e+02,1.986777e+02,-3.468120e-03,-2.221140e-02
5.20300,4.358671e+02,2.029970e+02,-3.363990e-03,-2.157650e-02
5.20400,4.362662e+02,2.070585e+02,-3.253650e-03,-2.091400e-02
5.20500,4.371134e+02,2.130508e+02,-3.137760e-03,-2.022470e-02
5.20600,4.379111e+02,2.153696e+02,-3.016700e-03,-1.950970e-02
5.20700,4.386407e+02,2.199537e+02,-2.891130e-03,-1.876980e-02
5.20800,4.396537e+02,2.233823e+02,-2.761720e-03,-1.800600e-02
5.20900,4.409637e+02,2.260933e+02,-2.629130e-03,-1.721880e-02
5.21000,4.421901e+02,2.278782e+02,-2.494090e-03,-1.640900e-02
5.21100,4.434993e+02,2.289721e+02,-2.357300e-03,-1.557730e-02
5.21200,4.446592e+02,2.295645e+02,-2.219520e-03,-1.472500e-02
5.21300,4.462629e+02,2.305531e+02,-2.081380e-03,-1.385320e-02
5.21400,4.477781e+02,2.310111e+02,-1.943630e-03,-1.296260e-02
5.21500,4.491005e+02,2.313845e+02,-1.807000e-03,-1.205420e-02
5.21600,4.506157e+02,2.313842e+02,-1.672090e-03,-1.112890e-02
5.21700,4.520945e+02,2.305019e+02,-1.539510e-03,-1.018760e-02
5.21800,4.537536e+02,2.299306e+02,-1.409890e-03,-9.231230e-03
5.21900,4.552405e+02,2.280019e+02,-1.283830e-03,-8.260760e-03
5.22000,4.569667e+02,2.258309e+02,-1.161780e-03,-7.277360e-03
5.22100,4.580079e+02,2.230530e+02,-1.044320e-03,-6.282090e-03
5.22200,4.596641e+02,2.194104e+02,-9.317860e-04,-5.276350e-03
5.22300,4.609418e+02,2.147910e+02,-8.248120e-04,-4.261620e-03
5.22400,4.625531e+02,2.100927e+02,-7.238130e-04,-3.239330e-03
5.22500,4.640762e+02,2.049589e+02,-6.294180e-04,-2.210780e-03
5.22600,4.658514e+02,1.994369e+02,-5.421260e-04,-1.177180e-03
5.22700,4.672735e+02,1.935794e+02,-4.625280e-04,-1.397100e-04
5.22800,4.688873e+02,1.874356e+02,-3.910650e-04,9.005100e-04
5.22900,4.702699e+02,1.807798e+02,-3.281490e-04,1.942320e-03
5.23000,4.715966e+02,1.740805e+02,-2.740710e-04,2.984550e-03
5.23100,4.728663e+02,1.670121e+02,-2.291560e-04,4.025980e-03
5.23200,4.740623e+02,1.597747e+02,-1.936870e-04,5.065340e-03
5.23300,4.750387e+02,1.523215e+02,-1.678880e-04,6.101190e-03
5.23400,4.757547e+02,1.447644e+02,-1.519480e-04,7.132130e-03
5.23500,4.766637e+02,1.374569e+02,-1.458580e-04,8.156810e-03
5.23600,4.773230e+02,1.301447e+02,-1.496220e-04,9.173980e-03
5.23700,4.780122e+02,1.225508e+02,-1.631890e-04,1.018230e-02
5.23800,4.785444e+02,1.143923e+02,-1.864450e-04,1.118050e-02
5.23900,4.789648e+02,1.069601e+02,-2.194320e-04,1.216720e-02
5.24000,4.793921e+02,9.942407e+01,-2.618770e-04,1.314150e-02
5.24100,4.795217e+02,9.066327e+01,-3.136500e-04,1.410190e-02
5.24200,4.795607e+02,8.228347e+01,-3.745870e-04,1.504730e-02
5.24300,4.795373e+02,7.386807e+01,-4.444340e-04,1.597640e-02
5.24400,4.794000e+02,6.520781e+01,-5.229030e-04,1.688800e-02
5.24500,4.791557e+02,5.664950e+01,-6.096320e-04,1.778080e-02
5.24600,4.786355e+02,4.838944e+01,-7.042950e-04,1.865410e-02
5.24700,4.780878e+02,3.974809e+01,-8.065080e-04,1.950660e-02
5.24800,4.773923e+02,3.185817e+01,-9.157990e-04,2.033710e-02
5.24900,4.766136e+02,2.386192e+01,-1.031650e-03,2.114440e-02
5.25000,4.757537e+02,1.582669e+01,-1.153530e-03,2.192740e-02
5.25100,4.746383e+02,7.770480e+00,-1.280880e-03,2.268480e-02
5.25200,4.736169e+02,3.935037e-01,-1.413000e-03,2.341570e-02
5.25300,4.726715e+02,-7.932920e+00,-1.549210e-03,2.411940e-02
5.25400,4.714979e+02,-1.531961e+01,-1.688900e-03,2.479490e-02
5.25500,4.702611e+02,-2.270762e+01,-1.831400e-03,2.544140e-02
5.25600,4.689751e+02,-3.011709e+01,-1.975990e-03,2.605820e-02
5.25700,4.675791e+02,-3.722198e+01,-2.121980e-03,2.664460e-02
5.25800,4.661258e+02,-4.401344e+01,-2.268600e-03,2.720020e-02
5.25900,4.646899e+02,-5.086567e+01,-2.415140e-03,2.772440e-02
5.26000,4.632994e+02,-5.755112e+01,-2.560920e-03,2.821670e-02
5.26100,4.619470e+02,-6.354480e+01,-2.705280e-03,2.867670e-02
5.26200,4.605498e+02,-6.931647e+01,-2.847570e-03,2.910390e-02
5.26300,4.591755e+02,-7.528160e+01,-2.987270e-03,2.949830e-02
5.26400,4.580204e+02,-8.105113e+01,-3.123750e-03,2.985970e-02
5.26500,4.565211e+02,-8.629660e+01,-3.256340e-03,3.018780e-02
5.26600,4.555821e+02,-9.170587e+01,-3.384500e-03,3.048180e-02
5.26700,4.539484e+02,-9.668880e+01,-3.507640e-03,3.074100e-02
5.26800,4.527801e+02,-1.024484e+02,-3.625160e-03,3.096500e-02
5.26900,4.516198e+02,-1.072216e+02,-3.736530e-03,3.115330e-02
5.27000,4.504704e+02,-1.122566e+02,-3.841070e-03,3.130540e-02
5.27100,4.490637e+02,-1.167159e+02,-3.937890e-03,3.142110e-02
5.27200,4.474513e+02,-1.224987e+02,-4.026530e-03,3.149990e-02
5.27300,4.464868e+02,-1.264500e+02,-4.106320e-03,3.154150e-02
5.27400,4.453483e+02,-1.313301e+02,-4.176790e-03,3.154570e-02
5.27500,4.442838e+02,-1.363395e+02,-4.237460e-03,3.151190e-02
5.27600,4.433578e+02,-1.406815e+02,-4.287890e-03,3.143990e-02
5.27700,4.424755e+02,-1.456999e+02,-4.327760e-03,3.132980e-02
5.27800,4.420194e+02,-1.513658e+02,-4.357020e-03,3.118170e-02
5.27900,4.412905e+02,-1.550545e+02,-4.375370e-03,3.099620e-02
5.28000,4.405707e+02,-1.598888e+02,-4.382810e-03,3.077380e-02
5.28100,4.401045e+02,-1.639824e+02,-4.379380e-03,3.051500e-02
5.28200,4.396661e+02,-1.671731e+02,-4.365260e-03,3.022020e-02
5.28300,4.395177e+02,-1.702461e+02,-4.340480e-03,2.989000e-02
5.28400,4.386092e+02,-1.725287e+02,-4.305330e-03,2.952510e-02
5.28500,4.381515e+02,-1.749334e+02,-4.260340e-03,2.912610e-02
5.28600,4.378665e+02,-1.770399e+02,-4.205650e-03,2.869340e-02
5.28700,4.383185e+02,-1.802801e+02,-4.141120e-03,2.822740e-02
5.28800,4.387133e+02,-1.827817e+02,-4.066970e-03,2.772810e-02
5.28900,4.390355e+02,-1.855106e+02,-3.983630e-03,2.719610e-02
5.29000,4.392913e+02,-1.880541e+02,-3.891670e-03,2.663230e-02
5.29100,4.395588e+02,-1.911233e+02,-3.791710e-03,2.603800e-02
5.29200,4.400383e+02,-1.944031e+02,-3.684320e-03,2.541440e-02
5.29300,4.403182e+02,-1.998779e+02,-3.569880e-03,2.476250e-02
5.29400,4.408465e+02,-2.047139e+02,-3.448990e-03,2.408300e-02
5.29500,4.412900e+02,-2.082285e+02,-3.322120e-03,2.337700e-02
5.29600,4.419867e+02,-2.129563e+02,-3.189880e-03,2.264550e-02
5.29700,4.430770e+02,-2.167985e+02,-3.053040e-03,2.188920e-02
5.29800,4.441393e+02,-2.194670e+02,-2.912380e-03,2.110900e-02
5.29900,4.454081e+02,-2.217835e+02,-2.768500e-03,2.030560e-02
5.30000,4.465693e+02,-2.234727e+02,-2.622050e-03,1.947980e-02
5.30100,4.479254e+02,-2.246071e+02,-2.473790e-03,1.863260e-02
5.30200,4.490770e+02,-2.253937e+02,-2.324620e-03,1.776500e-02
5.30300,4.503778e+02,-2.262941e+02,-2.175290e-03,1.687800e-02
5.30400,4.515531e+02,-2.273151e+02,-2.026630e-03,1.597230e-02
5.30500,4.529577e+02,-2.270157e+02,-1.879300e-03,1.504890e-02
5.30600,4.543955e+02,-2.268269e+02,-1.734050e-03,1.410870e-02
5.30700,4.558883e+02,-2.258956e+02,-1.591480e-03,1.315290e-02
5.30800,4.572459e+02,-2.245160e+02,-1.452250e-03,1.218240e-02
5.30900,4.585235e+02,-2.222745e+02,-1.316940e-03,1.119830e-02
5.31000,4.598681e+02,-2.193565e+02,-1.186120e-03,1.020180e-02
5.31100,4.614591e+02,-2.155816e+02,-1.060220e-03,9.194090e-03
5.31200,4.628957e+02,-2.110171e+02,-9.398010e-04,8.176630e-03
5.31300,4.642570e+02,-2.060782e+02,-8.253260e-04,7.150790e-03
5.31400,4.655704e+02,-2.007298e+02,-7.172870e-04,6.117960e-03
5.31500,4.669468e+02,-1.949750e+02,-6.160810e-04,5.079510e-03
5.31600,4.682233e+02,-1.886723e+02,-5.221640e-04,4.036680e-03
5.31700,4.696323e+02,-1.822549e+02,-4.358900e-04,2.990610e-03
5.31800,4.707861e+02,-1.754847e+02,-3.577680e-04,1.942550e-03
5.31900,4.719874e+02,-1.682405e+02,-2.881620e-04,8.936890e-04
5.32000,4.731483e+02,-1.610747e+02,-2.274680e-04,-1.546940e-04
5.32100,4.742991e+02,-1.534704e+02,-1.760290e-04,-1.201320e-03
5.32200,4.750254e+02,-1.457440e+02,-1.342860e-04,-2.244780e-03
5.32300,4.760167e+02,-1.378819e+02,-1.024250e-04,-3.283680e-03
5.32400,4.767301e+02,-1.300943e+02,-8.067100e-05,-4.316610e-03
5.32500,4.773421e+02,-1.223180e+02,-6.913720e-05,-5.342150e-03
5.32600,4.778809e+02,-1.143565e+02,-6.789020e-05,-6.358960e-03
5.32700,4.783231e+02,-1.064667e+02,-7.689050e-05,-7.365850e-03
5.32800,4.786038e+02,-9.800027e+01,-9.604350e-05,-8.361520e-03
5.32900,4.787850e+02,-8.996627e+01,-1.251760e-04,-9.344800e-03
5.33000,4.788929e+02,-8.161460e+01,-1.640310e-04,-1.031450e-02
5.33100,4.785836e+02,-7.263007e+01,-2.124200e-04,-1.126920e-02
5.33200,4.782383e+02,-6.444811e+01,-2.700170e-04,-1.220760e-02
5.33300,4.778845e+02,-5.567299e+01,-3.364790e-04,-1.312820e-02
5.33400,4.774551e+02,-4.668290e+01,-4.113530e-04,-1.403000e-02
5.33500,4.767738e+02,-3.859369e+01,-4.943380e-04,-1.491180e-02
5.33600,4.759765e+02,-2.926715e+01,-5.850050e-04,-1.577250e-02
5.33700,4.752271e+02,-2.203759e+01,-6.830610e-04,-1.661100e-02
5.33800,4.745109e+02,-1.372951e+01,-7.878330e-04,-1.742640e-02
5.33900,4.733883e+02,-5.886465e+00,-8.988730e-04,-1.821780e-02
5.34000,4.721771e+02,2.122989e+00,-1.015560e-03,-1.898410e-02
5.34100,4.710037e+02,9.998660e+00,-1.137250e-03,-1.972430e-02
5.34200,4.697933e+02,1.788331e+01,-1.263330e-03,-2.043740e-02
5.34300,4.685147e+02,2.615143e+01,-1.393290e-03,-2.112270e-02
5.34400,4.670922e+02,3.308113e+01,-1.526510e-03,-2.177920e-02
5.34500,4.657307e+02,3.999239e+01,-1.662400e-03,-2.240630e-02
5.34600,4.645605e+02,4.867270e+01,-1.800430e-03,-2.300300e-02
5.34700,4.631584e+02,5.504188e+01,-1.939990e-03,-2.356870e-02
5.34800,4.617556e+02,6.165908e+01,-2.080330e-03,-2.410280e-02
5.34900,4.602778e+02,6.932013e+01,-2.220710e-03,-2.460500e-02
5.35000,4.584990e+02,7.431047e+01,-2.360580e-03,-2.507470e-02
5.35100,4.570864e+02,8.136587e+01,-2.499160e-03,-2.551170e-02
5.35200,4.554388e+02,8.709433e+01,-2.635840e-03,-2.591590e-02
5.35300,4.538934e+02,9.273140e+01,-2.769760e-03,-2.628760e-02
5.35400,4.522993e+02,9.853073e+01,-2.900250e-03,-2.662620e-02
5.35500,4.508347e+02,1.038050e+02,-3.026610e-03,-2.693100e-02
5.35600,4.495725e+02,1.090229e+02,-3.148300e-03,-2.720090e-02
5.35700,4.483129e+02,1.127227e+02,-3.264640e-03,-2.743550e-02
5.35800,4.467830e+02,1.175168e+02,-3.374940e-03,-2.763440e-02
5.35900,4.458077e+02,1.226722e+02,-3.478650e-03,-2.779730e-02
5.36000,4.441112e+02,1.265415e+02,-3.575230e-03,-2.792390e-02
5.36100,4.433037e+02,1.319545e+02,-3.664270e-03,-2.801390e-02
5.36200,4.421533e+02,1.360146e+02,-3.745240e-03,-2.806690e-02
5.36300,4.411539e+02,1.404517e+02,-3.817760e-03,-2.808250e-02
5.36400,4.404440e+02,1.446022e+02,-3.881350e-03,-2.806050e-02
5.36500,4.392265e+02,1.503187e+02,-3.935670e-03,-2.800050e-02
5.36600,4.380359e+02,1.528029e+02,-3.980400e-03,-2.790240e-02
5.36700,4.374216e+02,1.580526e+02,-4.015110e-03,-2.776680e-02
5.36800,4.365363e+02,1.630872e+02,-4.039530e-03,-2.759390e-02
5.36900,4.356727e+02,1.667348e+02,-4.053670e-03,-2.738430e-02
5.37000,4.355022e+02,1.696182e+02,-4.057380e-03,-2.713870e-02
5.37100,4.347871e+02,1.734743e+02,-4.050800e-03,-2.685760e-02
5.37200,4.345915e+02,1.755527e+02,-4.034010e-03,-2.654140e-02
5.37300,4.343872e+02,1.783635e+02,-4.007140e-03,-2.619040e-02
5.37400,4.338939e+02,1.810069e+02,-3.970580e-03,-2.580550e-02
5.37500,4.335431e+02,1.832811e+02,-3.924800e-03,-2.538730e-02
5.37600,4.337047e+02,1.852796e+02,-3.869740e-03,-2.493620e-02
5.37700,4.341201e+02,1.881925e+02,-3.805450e-03,-2.445230e-02
5.37800,4.346804e+02,1.904346e+02,-3.732190e-03,-2.393590e-02
5.37900,4.347795e+02,1.924609e+02,-3.650490e-03,-2.338770e-02
5.38000,4.352155e+02,1.957259e+02,-3.560870e-03,-2.280880e-02
5.38100,4.353435e+02,1.983767e+02,-3.463940e-03,-2.220060e-02
5.38200,4.359499e+02,2.038035e+02,-3.360040e-03,-2.156390e-02
5.38300,4.360238e+02,2.071759e+02,-3.249780e-03,-2.089960e-02
5.38400,4.368421e+02,2.125280e+02,-3.133700e-03,-2.020860e-02
5.38500,4.377531e+02,2.160537e+02,-3.012430e-03,-1.949200e-02
5.38600,4.389182e+02,2.198598e+02,-2.886590e-03,-1.875050e-02
5.38700,4.398831e+02,2.231403e+02,-2.756840e-03,-1.798510e-02
5.38800,4.411218e+02,2.261037e+02,-2.623810e-03,-1.719620e-02
5.38900,4.422849e+02,2.278146e+02,-2.488220e-03,-1.638460e-02
5.39000,4.435786e+02,2.290665e+02,-2.350820e-03,-1.555130e-02
5.39100,4.449251e+02,2.297461e+02,-2.212440e-03,-1.469720e-02
5.39200,4.463841e+02,2.303329e+02,-2.073810e-03,-1.382360e-02
5.39300,4.479529e+02,2.308017e+02,-1.935700e-03,-1.293150e-02
5.39400,4.491649e+02,2.313127e+02,-1.798850e-03,-1.202170e-02
5.39500,4.505885e+02,2.309883e+02,-1.663760e-03,-1.109500e-02
5.39600,4.521451e+02,2.306357e+02,-1.531030e-03,-1.015250e-02
5.39700,4.536877e+02,2.293571e+02,-1.401300e-03,-9.195070e-03
5.39800,4.553645e+02,2.278719e+02,-1.275180e-03,-8.223650e-03
5.39900,4.569815e+02,2.255783e+02,-1.153250e-03,-7.239410e-03
5.40000,4.583188e+02,2.226951e+02,-1.036100e-03,-6.243380e-03
5.40100,4.598212e+02,2.188747e+02,-9.241720e-04,-5.236930e-03
5.40200,4.613256e+02,2.143066e+02,-8.179840e-04,-4.221540e-03
5.40300,4.629053e+02,2.096513e+02,-7.179740e-04,-3.198660e-03
5.40400,4.643813e+02,2.038487e+02,-6.245750e-04,-2.169510e-03
5.40500,4.659493e+02,1.989645e+02,-5.382780e-04,-1.135390e-03
5.40600,4.674473e+02,1.930421e+02,-4.594770e-04,-9.748500e-05
5.40700,4.688119e+02,1.869644e+02,-3.886280e-04,9.430770e-04
5.40800,4.701708e+02,1.803731e+02,-3.261160e-04,1.985140e-03
5.40900,4.715037e+02,1.736991e+02,-2.723090e-04,3.027530e-03
5.41000,4.728023e+02,1.665475e+02,-2.275070e-04,4.069050e-03
5.41100,4.738260e+02,1.593575e+02,-1.920580e-04,5.108450e-03
5.41200,4.750083e+02,1.520273e+02,-1.661560e-04,6.144290e-03
5.41300,4.757500e+02,1.440671e+02,-1.500900e-04,7.175100e-03
5.41400,4.767723e+02,1.365952e+02,-1.439610e-04,8.199520e-03
5.41500,4.775423e+02,1.296888e+02,-1.478490e-04,9.216280e-03
5.41600,4.781543e+02,1.213920e+02,-1.617530e-04,1.022410e-02
5.41700,4.786679e+02,1.140853e+02,-1.856170e-04,1.122160e-02
5.41800,4.790620e+02,1.059376e+02,-2.193140e-04,1.220770e-02
5.41900,4.793921e+02,9.792333e+01,-2.626620e-04,1.318110e-02
5.42000,4.794903e+02,9.005853e+01,-3.154660e-04,1.414070e-02
5.42100,4.796220e+02,8.138387e+01,-3.774690e-04,1.508510e-02
5.42200,4.795644e+02,7.292227e+01,-4.483790e-04,1.601320e-02
5.42300,4.794045e+02,6.449031e+01,-5.278530e-04,1.692360e-02
5.42400,4.791475e+02,5.598073e+01,-6.154890e-04,1.781510e-02
5.42500,4.786039e+02,4.781535e+01,-7.109130e-04,1.868700e-02
5.42600,4.780382e+02,3.896541e+01,-8.137160e-04,1.953790e-02
5.42700,4.772607e+02,3.140049e+01,-9.234150e-04,2.036670e-02
5.42800,4.764538e+02,2.322073e+01,-1.039500e-03,2.117220e-02
5.42900,4.755857e+02,1.531167e+01,-1.161430e-03,2.195330e-02
5.43000,4.744593e+02,7.214427e+00,-1.288690e-03,2.270880e-02
5.43100,4.734597e+02,-1.694799e-01,-1.420550e-03,2.343780e-02
5.43200,4.724611e+02,-8.596580e+00,-1.556400e-03,2.413950e-02
5.43300,4.712635e+02,-1.574583e+01,-1.695620e-03,2.481300e-02
5.43400,4.700674e+02,-2.342674e+01,-1.837650e-03,2.545760e-02
5.43500,4.687599e+02,-3.081847e+01,-1.981800e-03,2.607250e-02
5.43600,4.674000e+02,-3.778913e+01,-2.127420e-03,2.665700e-02
5.43700,4.660088e+02,-4.491735e+01,-2.273840e-03,2.721080e-02
5.43800,4.647745e+02,-5.139807e+01,-2.420370e-03,2.773300e-02
5.43900,4.632755e+02,-5.857590e+01,-2.566240e-03,2.822330e-02
5.44000,4.619997e+02,-6.381651e+01,-2.710870e-03,2.868110e-02
5.44100,4.606654e+02,-7.070873e+01,-2.853510e-03,2.910610e-02
5.44200,4.591665e+02,-7.538027e+01,-2.993670e-03,2.949810e-02
5.44300,4.580021e+02,-8.138540e+01,-3.130550e-03,2.985730e-02
5.44400,4.567485e+02,-8.784480e+01,-3.263480e-03,3.018290e-02
5.44500,4.551099e+02,-9.072633e+01,-3.391610e-03,3.047440e-02
5.44600,4.537086e+02,-9.828480e+01,-3.514590e-03,3.073120e-02
5.44700,4.525848e+02,-1.018974e+02,-3.631640e-03,3.095280e-02
5.44800,4.512425e+02,-1.077547e+02,-3.742220e-03,3.113860e-02
5.44900,4.500376e+02,-1.120373e+02,-3.845450e-03,3.128830e-02
5.45000,4.483068e+02,-1.180273e+02,-3.940930e-03,3.140170e-02
5.45100,4.475311e+02,-1.225317e+02,-4.028050e-03,3.147820e-02
5.45200,4.460944e+02,-1.276678e+02,-4.106540e-03,3.151760e-02
5.45300,4.455882e+02,-1.316981e+02,-4.175710e-03,3.151950e-02
5.45400,4.440260e+02,-1.377231e+02,-4.235420e-03,3.148340e-02
5.45500,4.437737e+02,-1.407431e+02,-4.285080e-03,3.140910e-02
5.45600,4.426125e+02,-1.471841e+02,-4.324640e-03,3.129650e-02
5.45700,4.423695e+02,-1.511537e+02,-4.353710e-03,3.114600e-02
5.45800,4.413593e+02,-1.564496e+02,-4.372170e-03,3.095800e-02
5.45900,4.407317e+02,-1.600637e+02,-4.379990e-03,3.073310e-02
5.46000,4.401851e+02,-1.635744e+02,-4.376880e-03,3.047200e-02
5.46100,4.396923e+02,-1.674927e+02,-4.362760e-03,3.017500e-02
5.46200,4.389690e+02,-1.706203e+02,-4.337960e-03,2.984260e-02
5.46300,4.387240e+02,-1.721685e+02,-4.302410e-03,2.947570e-02
5.46400,4.377805e+02,-1.756498e+02,-4.256820e-03,2.907460e-02
5.46500,4.375813e+02,-1.767309e+02,-4.201240e-03,2.864020e-02
5.46600,4.381841e+02,-1.809717e+02,-4.135810e-03,2.817250e-02
5.46700,4.389564e+02,-1.828337e+02,-4.060620e-03,2.767160e-02
5.46800,4.391218e+02,-1.856899e+02,-3.976320e-03,2.713800e-02
5.46900,4.392233e+02,-1.881704e+02,-3.883400e-03,2.657290e-02
5.47000,4.398418e+02,-1.923634e+02,-3.782560e-03,2.597720e-02
5.47100,4.397145e+02,-1.939663e+02,-3.674430e-03,2.535230e-02
5.47200,4.407950e+02,-2.013087e+02,-3.559330e-03,2.469900e-02
5.47300,4.404943e+02,-2.040122e+02,-3.438080e-03,2.401820e-02
5.47400,4.415247e+02,-2.097567e+02,-3.310960e-03,2.331100e-02
5.47500,4.417802e+02,-2.124311e+02,-3.178710e-03,2.257840e-02
5.47600,4.432605e+02,-2.178903e+02,-3.041800e-03,2.182100e-02
5.47700,4.439857e+02,-2.197138e+02,-2.901190e-03,2.103980e-02
5.47800,4.454520e+02,-2.220557e+02,-2.757480e-03,2.023540e-02
5.47900,4.468361e+02,-2.238257e+02,-2.611400e-03,1.940860e-02
5.48000,4.481287e+02,-2.247039e+02,-2.463680e-03,1.856050e-02
5.48100,4.493597e+02,-2.256619e+02,-2.315120e-03,1.769210e-02
5.48200,4.505501e+02,-2.264089e+02,-2.166530e-03,1.680430e-02
5.48300,4.518305e+02,-2.272538e+02,-2.018580e-03,1.589790e-02
5.48400,4.531584e+02,-2.270294e+02,-1.871950e-03,1.497380e-02
5.48500,4.544267e+02,-2.264235e+02,-1.727200e-03,1.403310e-02
5.48600,4.558854e+02,-2.258733e+02,-1.585010e-03,1.307680e-02
5.48700,4.570992e+02,-2.240375e+02,-1.445850e-03,1.210600e-02
5.48800,4.584419e+02,-2.222220e+02,-1.310490e-03,1.112170e-02
5.48900,4.597715e+02,-2.190995e+02,-1.179520e-03,1.012510e-02
5.49000,4.614428e+02,-2.153160e+02,-1.053350e-03,9.117390e-03
5.49100,4.628227e+02,-2.108817e+02,-9.326380e-04,8.100030e-03
5.49200,4.643134e+02,-2.059333e+02,-8.179530e-04,7.074330e-03
5.49300,4.657427e+02,-2.004227e+02,-7.098420e-04,6.041710e-03
5.49400,4.671559e+02,-1.946573e+02,-6.087840e-04,5.003520e-03
5.49500,4.684975e+02,-1.883646e+02,-5.152740e-04,3.961000e-03
5.49600,4.699063e+02,-1.818349e+02,-4.297330e-04,2.915290e-03
5.49700,4.711055e+02,-1.749909e+02,-3.525630e-04,1.867650e-03
5.49800,4.721784e+02,-1.678729e+02,-2.840930e-04,8.192960e-04
5.49900,4.732355e+02,-1.606240e+02,-2.246110e-04,-2.285000e-04
5.50000,4.742769e+02,-1.530104e+02,-1.743740e-04,-1.274430e-03
5.50100,4.751535e+02,-1.453141e+02,-1.336840e-04,-2.317120e-03
5.50200,4.759553e+02,-1.375568e+02,-1.027610e-04,-3.355170e-03
5.50300,4.766801e+02,-1.297338e+02,-8.174680e-05,-4.387180e-03
5.50400,4.772303e+02,-1.219264e+02,-7.077070e-05,-5.411730e-03
5.50500,4.777833e+02,-1.139021e+02,-6.992570e-05,-6.427490e-03
5.50600,4.782867e+02,-1.060909e+02,-7.919660e-05,-7.433210e-03
5.50700,4.786371e+02,-9.793867e+01,-9.848920e-05,-8.427680e-03
5.50800,4.788119e+02,-8.952773e+01,-1.276970e-04,-9.409770e-03
5.50900,4.789172e+02,-8.106773e+01,-1.666210e-04,-1.037820e-02
5.51000,4.786732e+02,-7.259760e+01,-2.151060e-04,-1.133170e-02
5.51100,4.783315e+02,-6.362725e+01,-2.729150e-04,-1.226880e-02
5.51200,4.779423e+02,-5.533254e+01,-3.396400e-04,-1.318820e-02
5.51300,4.774063e+02,-4.644265e+01,-4.148710e-04,-1.408860e-02
5.51400,4.767547e+02,-3.805188e+01,-4.981790e-04,-1.496910e-02
5.51500,4.760004e+02,-2.955733e+01,-5.893050e-04,-1.582840e-02
5.51600,4.752648e+02,-2.124330e+01,-6.876350e-04,-1.666540e-02
5.51700,4.742175e+02,-1.347904e+01,-7.927330e-04,-1.747930e-02
5.51800,4.733146e+02,-5.551518e+00,-9.040580e-04,-1.826910e-02
5.51900,4.721649e+02,2.598272e+00,-1.021070e-03,-1.903380e-02
5.52000,4.709943e+02,1.034838e+01,-1.143130e-03,-1.977240e-02
5.52100,4.697720e+02,1.806737e+01,-1.269620e-03,-2.048380e-02
5.52200,4.685120e+02,2.589753e+01,-1.399930e-03,-2.116730e-02
5.52300,4.671801e+02,3.371245e+01,-1.533480e-03,-2.182200e-02
5.52400,4.660296e+02,4.039133e+01,-1.669750e-03,-2.244720e-02
5.52500,4.645785e+02,4.845061e+01,-1.807990e-03,-2.304200e-02
5.52600,4.629673e+02,5.492303e+01,-1.947530e-03,-2.360590e-02
5.52700,4.615381e+02,6.192548e+01,-2.087620e-03,-2.413830e-02
5.52800,4.599149e+02,6.835467e+01,-2.227610e-03,-2.463880e-02
5.52900,4.584040e+02,7.489200e+01,-2.366900e-03,-2.510680e-02
5.53000,4.567887e+02,8.089200e+01,-2.504920e-03,-2.554220e-02
5.53100,4.553175e+02,8.654140e+01,-2.641040e-03,-2.594480e-02
5.53200,4.538070e+02,9.208433e+01,-2.774510e-03,-2.631490e-02
5.53300,4.524719e+02,9.895247e+01,-2.904600e-03,-2.665190e-02
5.53400,4.511569e+02,1.036087e+02,-3.030670e-03,-2.695490e-02
5.53500,4.496783e+02,1.084889e+02,-3.152100e-03,-2.722310e-02
5.53600,4.483815e+02,1.132699e+02,-3.268300e-03,-2.745600e-02
5.53700,4.469693e+02,1.172549e+02,-3.378680e-03,-2.765320e-02
5.53800,4.457486e+02,1.218061e+02,-3.482550e-03,-2.781440e-02
5.53900,4.443622e+02,1.266162e+02,-3.579360e-03,-2.793930e-02
5.54000,4.432775e+02,1.308355e+02,-3.668440e-03,-2.802760e-02
5.54100,4.417624e+02,1.350068e+02,-3.749020e-03,-2.807900e-02
5.54200,4.407895e+02,1.402017e+02,-3.820810e-03,-2.809300e-02
5.54300,4.401045e+02,1.440359e+02,-3.883500e-03,-2.806960e-02
5.54400,4.388871e+02,1.497300e+02,-3.936780e-03,-2.800830e-02
5.54500,4.380317e+02,1.529118e+02,-3.980510e-03,-2.790890e-02
5.54600,4.375726e+02,1.588294e+02,-4.014590e-03,-2.777190e-02
5.54700,4.368243e+02,1.623682e+02,-4.038590e-03,-2.759760e-02
5.54800,4.360890e+02,1.668531e+02,-4.052380e-03,-2.738660e-02
5.54900,4.356153e+02,1.700279e+02,-4.055890e-03,-2.713970e-02
5.55000,4.350447e+02,1.730981e+02,-4.049250e-03,-2.685720e-02
5.55100,4.350784e+02,1.756326e+02,-4.032460e-03,-2.653960e-02
5.55200,4.343130e+02,1.780335e+02,-4.005650e-03,-2.618740e-02
5.55300,4.337849e+02,1.804260e+02,-3.969110e-03,-2.580130e-02
5.55400,4.331917e+02,1.827743e+02,-3.923220e-03,-2.538210e-02
5.55500,4.335859e+02,1.850619e+02,-3.867980e-03,-2.493000e-02
5.55600,4.340019e+02,1.874462e+02,-3.803250e-03,-2.444520e-02
5.55700,4.344843e+02,1.900653e+02,-3.729320e-03,-2.392780e-02
5.55800,4.348069e+02,1.920522e+02,-3.646790e-03,-2.337870e-02
5.55900,4.352787e+02,1.951574e+02,-3.556410e-03,-2.279890e-02
5.56000,4.357047e+02,1.980073e+02,-3.458810e-03,-2.218970e-02
5.56100,4.359859e+02,2.033750e+02,-3.354590e-03,-2.155210e-02
5.56200,4.364565e+02,2.077879e+02,-3.244170e-03,-2.088690e-02
5.56300,4.369503e+02,2.116783e+02,-3.128010e-03,-2.019510e-02
5.56400,4.377882e+02,2.161106e+02,-3.006620e-03,-1.947780e-02
5.56500,4.387131e+02,2.198643e+02,-2.880630e-03,-1.873570e-02
5.56600,4.398408e+02,2.233893e+02,-2.750790e-03,-1.796980e-02
5.56700,4.410591e+02,2.259604e+02,-2.617840e-03,-1.718050e-02
5.56800,4.423871e+02,2.277371e+02,-2.482440e-03,-1.636860e-02
5.56900,4.436471e+02,2.285883e+02,-2.345340e-03,-1.553490e-02
5.57000,4.450493e+02,2.294224e+02,-2.207250e-03,-1.468070e-02
5.57100,4.465673e+02,2.298569e+02,-2.068840e-03,-1.380690e-02
5.57200,4.480851e+02,2.304638e+02,-1.930870e-03,-1.291460e-02
5.57300,4.493008e+02,2.307667e+02,-1.794120e-03,-1.200460e-02
5.57400,4.507595e+02,2.308471e+02,-1.659380e-03,-1.107760e-02
5.57500,4.526084e+02,2.299625e+02,-1.527120e-03,-1.013470e-02
5.57600,4.537725e+02,2.286564e+02,-1.397830e-03,-9.176890e-03
5.57700,4.552917e+02,2.276549e+02,-1.272010e-03,-8.205130e-03
5.57800,4.568539e+02,2.249575e+02,-1.150070e-03,-7.220630e-03
5.57900,4.580933e+02,2.224577e+02,-1.032720e-03,-6.224430e-03
5.58000,4.597689e+02,2.185643e+02,-9.205130e-04,-5.217880e-03
5.58100,4.613267e+02,2.139483e+02,-8.139980e-04,-4.202480e-03
5.58200,4.629136e+02,2.091461e+02,-7.137560e-04,-3.179620e-03
5.58300,4.644596e+02,2.039447e+02,-6.202610e-04,-2.150590e-03
5.58400,4.660185e+02,1.982318e+02,-5.339720e-04,-1.116620e-03
5.58500,4.676079e+02,1.925693e+02,-4.552660e-04,-7.884010e-05
5.58600,4.689641e+02,1.861569e+02,-3.846220e-04,9.615910e-04
5.58700,4.704492e+02,1.798663e+02,-3.225400e-04,2.003540e-03
5.58800,4.717121e+02,1.728329e+02,-2.692720e-04,3.045830e-03
5.58900,4.727557e+02,1.658423e+02,-2.251900e-04,4.087250e-03
5.59000,4.740026e+02,1.585968e+02,-1.905060e-04,5.126540e-03
5.59100,4.750488e+02,1.510603e+02,-1.654950e-04,6.162270e-03
5.59200,4.759819e+02,1.438359e+02,-1.502010e-04,7.193070e-03
5.59300,4.767378e+02,1.362773e+02,-1.447600e-04,8.217480e-03
5.59400,4.775159e+02,1.285473e+02,-1.491360e-04,9.234220e-03
5.59500,4.781591e+02,1.216181e+02,-1.633850e-04,1.024200e-02
5.59600,4.787123e+02,1.130123e+02,-1.874650e-04,1.123950e-02
5.59700,4.790471e+02,1.059511e+02,-2.212680e-04,1.222540e-02
5.59800,4.793419e+02,9.755487e+01,-2.646340e-04,1.319870e-02
5.59900,4.795213e+02,8.944140e+01,-3.173490e-04,1.415800e-02
5.60000,4.795417e+02,8.114513e+01,-3.791970e-04,1.510230e-02
5.60100,4.794638e+02,7.233593e+01,-4.499080e-04,1.603020e-02
5.60200,4.793357e+02,6.372462e+01,-5.291770e-04,1.694040e-02
5.60300,4.789794e+02,5.538557e+01,-6.167250e-04,1.783180e-02
5.60400,4.786191e+02,4.689955e+01,-7.122020e-04,1.870350e-02
5.60500,4.781266e+02,3.828837e+01,-8.152240e-04,1.955440e-02
5.60600,4.773997e+02,3.073893e+01,-9.253000e-04,2.038320e-02
5.60700,4.766026e+02,2.247831e+01,-1.041910e-03,2.118860e-02
5.60800,4.756861e+02,1.470785e+01,-1.164470e-03,2.196950e-02
5.60900,4.746193e+02,6.981833e+00,-1.292380e-03,2.272490e-02
5.61000,4.736414e+02,-1.194593e+00,-1.424980e-03,2.345370e-02
5.61100,4.724610e+02,-8.373453e+00,-1.561560e-03,2.415510e-02
5.61200,4.712307e+02,-1.655044e+01,-1.701490e-03,2.482820e-02
5.61300,4.700148e+02,-2.353729e+01,-1.844100e-03,2.547240e-02
5.61400,4.687311e+02,-3.122125e+01,-1.988740e-03,2.608680e-02
5.61500,4.674130e+02,-3.762011e+01,-2.134700e-03,2.667080e-02
5.61600,4.659363e+02,-4.573287e+01,-2.281250e-03,2.722390e-02
5.61700,4.645731e+02,-5.142972e+01,-2.427810e-03,2.774560e-02
5.61800,4.633334e+02,-5.880385e+01,-2.573550e-03,2.823540e-02
5.61900,4.620685e+02,-6.448976e+01,-2.717990e-03,2.869270e-02
5.62000,4.606639e+02,-7.104660e+01,-2.860430e-03,2.911720e-02
5.62100,4.591203e+02,-7.567300e+01,-3.000420e-03,2.950870e-02
5.62200,4.579981e+02,-8.164260e+01,-3.137060e-03,2.986740e-02
5.62300,4.564699e+02,-8.704653e+01,-3.269610e-03,3.019260e-02
5.62400,4.551717e+02,-9.265153e+01,-3.397550e-03,3.048360e-02
5.62500,4.539685e+02,-9.730033e+01,-3.520170e-03,3.073980e-02
5.62600,4.521507e+02,-1.028603e+02,-3.636990e-03,3.096080e-02
5.62700,4.513185e+02,-1.079775e+02,-3.747390e-03,3.114590e-02
5.62800,4.497797e+02,-1.129414e+02,-3.850820e-03,3.129500e-02
5.62900,4.491238e+02,-1.188351e+02,-3.946730e-03,3.140750e-02
5.63000,4.475392e+02,-1.223964e+02,-4.034420e-03,3.148320e-02
5.63100,4.467325e+02,-1.283549e+02,-4.113330e-03,3.152150e-02
5.63200,4.451555e+02,-1.323411e+02,-4.182940e-03,3.152220e-02
5.63300,4.445647e+02,-1.376991e+02,-4.242870e-03,3.148490e-02
5.63400,4.434782e+02,-1.415685e+02,-4.292710e-03,3.140920e-02
5.63500,4.427676e+02,-1.472171e+02,-4.332250e-03,3.129520e-02
5.63600,4.420444e+02,-1.518147e+02,-4.361220e-03,3.114340e-02
5.63700,4.413986e+02,-1.564764e+02,-4.379390e-03,3.095400e-02
5.63800,4.405957e+02,-1.599115e+02,-4.386500e-03,3.072780e-02
5.63900,4.400419e+02,-1.646311e+02,-4.382340e-03,3.046530e-02
5.64000,4.392820e+02,-1.675438e+02,-4.366910e-03,3.016710e-02
5.64100,4.386670e+02,-1.708540e+02,-4.340720e-03,2.983350e-02
5.64200,4.389919e+02,-1.736257e+02,-4.304130e-03,2.946530e-02
5.64300,4.379825e+02,-1.748535e+02,-4.257650e-03,2.906300e-02
5.64400,4.379163e+02,-1.788990e+02,-4.201380e-03,2.862720e-02
5.64500,4.382686e+02,-1.805909e+02,-4.135300e-03,2.815800e-02
5.64600,4.388705e+02,-1.837356e+02,-4.059630e-03,2.765560e-02
5.64700,4.391860e+02,-1.862415e+02,-3.974940e-03,2.712050e-02
5.64800,4.395252e+02,-1.891415e+02,-3.881920e-03,2.655380e-02
5.64900,4.398272e+02,-1.915637e+02,-3.781240e-03,2.595660e-02
5.65000,4.401998e+02,-1.964424e+02,-3.673390e-03,2.533020e-02
5.65100,4.406870e+02,-2.007366e+02,-3.558830e-03,2.467540e-02
5.65200,4.409325e+02,-2.053733e+02,-3.438030e-03,2.399320e-02
5.65300,4.415434e+02,-2.101408e+02,-3.311230e-03,2.328450e-02
5.65400,4.419077e+02,-2.133337e+02,-3.179130e-03,2.255040e-02
5.65500,4.433111e+02,-2.186449e+02,-3.042240e-03,2.179160e-02
5.65600,4.440405e+02,-2.199272e+02,-2.901370e-03,2.100900e-02
5.65700,4.454515e+02,-2.230143e+02,-2.757290e-03,2.020320e-02
5.65800,4.467145e+02,-2.242279e+02,-2.610690e-03,1.937500e-02
5.65900,4.480597e+02,-2.252744e+02,-2.462320e-03,1.852530e-02
5.66000,4.492644e+02,-2.261461e+02,-2.312940e-03,1.765540e-02
5.66100,4.507021e+02,-2.269375e+02,-2.163370e-03,1.676610e-02
5.66200,4.518602e+02,-2.276897e+02,-2.014420e-03,1.585830e-02
5.66300,4.532148e+02,-2.279033e+02,-1.866880e-03,1.493280e-02
5.66400,4.547315e+02,-2.272744e+02,-1.721420e-03,1.399060e-02
5.66500,4.560763e+02,-2.265169e+02,-1.578730e-03,1.303280e-02
5.66600,4.574993e+02,-2.249816e+02,-1.439560e-03,1.206040e-02
5.66700,4.590369e+02,-2.225467e+02,-1.304480e-03,1.107460e-02
5.66800,4.602836e+02,-2.196336e+02,-1.174010e-03,1.007660e-02
5.66900,4.617176e+02,-2.157734e+02,-1.048580e-03,9.067440e-03
5.67000,4.631763e+02,-2.112963e+02,-9.286400e-04,8.048630e-03
5.67100,4.646013e+02,-2.060681e+02,-8.147550e-04,7.021550e-03
5.67200,4.659301e+02,-2.006418e+02,-7.074120e-04,5.987620e-03
5.67300,4.672755e+02,-1.948689e+02,-6.070680e-04,4.948190e-03
5.67400,4.686346e+02,-1.884465e+02,-5.140690e-04,3.904460e-03
5.67500,4.698963e+02,-1.819917e+02,-4.288310e-04,2.857630e-03
5.67600,4.710997e+02,-1.751125e+02,-3.517270e-04,1.808910e-03
5.67700,4.722179e+02,-1.680457e+02,-2.831340e-04,7.595120e-04
5.67800,4.734001e+02,-1.607703e+02,-2.234050e-04,-2.893210e-04
5.67900,4.744553e+02,-1.531775e+02,-1.729120e-04,-1.336280e-03
5.68000,4.753604e+02,-1.454951e+02,-1.320120e-04,-2.379960e-03
5.68100,4.762137e+02,-1.375477e+02,-1.009930e-04,-3.418990e-03
5.68200,4.769379e+02,-1.298843e+02,-8.006280e-05,-4.451910e-03
5.68300,4.774917e+02,-1.218328e+02,-6.935150e-05,-5.477280e-03
5.68400,4.780656e+02,-1.141033e+02,-6.891190e-05,-6.493790e-03
5.68500,4.785170e+02,-1.060625e+02,-7.870970e-05,-7.500270e-03
5.68600,4.788803e+02,-9.761987e+01,-9.865210e-05,-8.495430e-03
5.68700,4.789666e+02,-8.969620e+01,-1.286100e-04,-9.478070e-03
5.68800,4.790261e+02,-8.097260e+01,-1.683550e-04,-1.044700e-02
5.68900,4.787981e+02,-7.268607e+01,-2.176620e-04,-1.140090e-02
5.69000,4.784660e+02,-6.405735e+01,-2.762630e-04,-1.233820e-02
5.69100,4.780756e+02,-5.491473e+01,-3.437300e-04,-1.325790e-02
5.69200,4.775308e+02,-4.664909e+01,-4.196890e-04,-1.415840e-02
5.69300,4.769432e+02,-3.775543e+01,-5.036470e-04,-1.503900e-02
5.69400,4.760720e+02,-2.963043e+01,-5.952940e-04,-1.589820e-02
5.69500,4.753229e+02,-2.098473e+01,-6.940860e-04,-1.673520e-02
5.69600,4.743331e+02,-1.346440e+01,-7.995710e-04,-1.754890e-02
5.69700,4.734055e+02,-5.602085e+00,-9.112330e-04,-1.833850e-02
5.69800,4.722595e+02,2.799386e+00,-1.028540e-03,-1.910280e-02
5.69900,4.711074e+02,1.050975e+01,-1.150850e-03,-1.984090e-02
5.70000,4.698163e+02,1.803885e+01,-1.277580e-03,-2.055190e-02
5.70100,4.685453e+02,2.606651e+01,-1.408130e-03,-2.123480e-02
5.70200,4.673399e+02,3.421239e+01,-1.541860e-03,-2.188890e-02
5.70300,4.659096e+02,4.052255e+01,-1.678240e-03,-2.251330e-02
5.70400,4.645922e+02,4.803697e+01,-1.816690e-03,-2.310730e-02
5.70500,4.631189e+02,5.563453e+01,-1.956410e-03,-2.367020e-02
5.70600,4.614721e+02,6.188581e+01,-2.096740e-03,-2.420150e-02
5.70700,4.600729e+02,6.865720e+01,-2.236990e-03,-2.470070e-02
5.70800,4.585063e+02,7.479527e+01,-2.376510e-03,-2.516740e-02
5.70900,4.567870e+02,8.118720e+01,-2.514740e-03,-2.560130e-02
5.71000,4.553242e+02,8.653260e+01,-2.651000e-03,-2.600250e-02
5.71100,4.539431e+02,9.262593e+01,-2.784580e-03,-2.637110e-02
5.71200,4.525094e+02,9.852567e+01,-2.914770e-03,-2.670640e-02
5.71300,4.511044e+02,1.037267e+02,-3.040890e-03,-2.700770e-02
5.71400,4.497267e+02,1.087329e+02,-3.162390e-03,-2.727400e-02
5.71500,4.484199e+02,1.127495e+02,-3.278510e-03,-2.750500e-02
5.71600,4.470217e+02,1.174953e+02,-3.388640e-03,-2.770010e-02
5.71700,4.456335e+02,1.219239e+02,-3.492140e-03,-2.785920e-02
5.71800,4.442740e+02,1.265423e+02,-3.588410e-03,-2.798200e-02
5.71900,4.432471e+02,1.311040e+02,-3.676860e-03,-2.806810e-02
5.72000,4.418267e+02,1.351677e+02,-3.756750e-03,-2.811730e-02
5.72100,4.406709e+02,1.402335e+02,-3.827820e-03,-2.812920e-02
5.72200,4.401595e+02,1.444809e+02,-3.889780e-03,-2.810350e-02
5.72300,4.387973e+02,1.499599e+02,-3.942300e-03,-2.804000e-02
5.72400,4.380651e+02,1.532655e+02,-3.985280e-03,-2.793840e-02
5.72500,4.374659e+02,1.587784e+02,-4.018510e-03,-2.779910e-02
5.72600,4.369729e+02,1.638471e+02,-4.041920e-03,-2.762240e-02
5.72700,4.363826e+02,1.662587e+02,-4.055210e-03,-2.740900e-02
5.72800,4.358655e+02,1.708712e+02,-4.058360e-03,-2.715940e-02
5.72900,4.351496e+02,1.731987e+02,-4.051420e-03,-2.687430e-02
5.73000,4.351481e+02,1.753296e+02,-4.034220e-03,-2.655400e-02
5.73100,4.342679e+02,1.787124e+02,-4.006930e-03,-2.619900e-02
5.73200,4.338701e+02,1.803673e+02,-3.969800e-03,-2.581020e-02
5.73300,4.330888e+02,1.826006e+02,-3.923240e-03,-2.538840e-02
5.73400,4.333243e+02,1.849459e+02,-3.867100e-03,-2.493370e-02
5.73500,4.338042e+02,1.876889e+02,-3.801460e-03,-2.444650e-02
5.73600,4.346571e+02,1.904047e+02,-3.726620e-03,-2.392670e-02
5.73700,4.349034e+02,1.920684e+02,-3.643300e-03,-2.337500e-02
5.73800,4.353924e+02,1.952316e+02,-3.552220e-03,-2.279290e-02
5.73900,4.359933e+02,1.990405e+02,-3.454000e-03,-2.218130e-02
5.74000,4.361463e+02,2.026022e+02,-3.349300e-03,-2.154130e-02
5.74100,4.368551e+02,2.085661e+02,-3.238430e-03,-2.087380e-02
5.74200,4.370243e+02,2.115103e+02,-3.121890e-03,-2.017980e-02
5.74300,4.378061e+02,2.162943e+02,-3.000130e-03,-1.946030e-02
5.74400,4.386783e+02,2.199268e+02,-2.873800e-03,-1.871610e-02
5.74500,4.398401e+02,2.234997e+02,-2.743680e-03,-1.794810e-02
5.74600,4.410689e+02,2.256590e+02,-2.610420e-03,-1.715670e-02
5.74700,4.423797e+02,2.276741e+02,-2.474730e-03,-1.634280e-02
5.74800,4.437876e+02,2.285375e+02,-2.337330e-03,-1.550730e-02
5.74900,4.451945e+02,2.292751e+02,-2.198990e-03,-1.465130e-02
5.75000,4.468624e+02,2.298965e+02,-2.060420e-03,-1.377580e-02
5.75100,4.484046e+02,2.304397e+02,-1.922380e-03,-1.288180e-02
5.75200,4.495308e+02,2.307504e+02,-1.785760e-03,-1.197020e-02
5.75300,4.509998e+02,2.303646e+02,-1.651020e-03,-1.104160e-02
5.75400,4.524655e+02,2.301004e+02,-1.518810e-03,-1.009720e-02
5.75500,4.537433e+02,2.284222e+02,-1.389610e-03,-9.137920e-03
5.75600,4.553958e+02,2.272549e+02,-1.263910e-03,-8.164810e-03
5.75700,4.568749e+02,2.246581e+02,-1.142150e-03,-7.179080e-03
5.75800,4.581286e+02,2.220364e+02,-1.025070e-03,-6.181760e-03
5.75900,4.599056e+02,2.181099e+02,-9.131300e-04,-5.174200e-03
5.76000,4.615520e+02,2.135233e+02,-8.069740e-04,-4.157850e-03
5.76100,4.632615e+02,2.085420e+02,-7.071540e-04,-3.134080e-03
5.76200,4.645875e+02,2.033571e+02,-6.142330e-04,-2.104210e-03
5.76300,4.663111e+02,1.976759e+02,-5.286080e-04,-1.069450e-03
5.76400,4.677452e+02,1.917475e+02,-4.506620e-04,-3.096650e-05
5.76500,4.690789e+02,1.854377e+02,-3.807810e-04,1.010060e-03
5.76600,4.703769e+02,1.788450e+02,-3.193030e-04,2.052480e-03
5.76700,4.716122e+02,1.720133e+02,-2.665500e-04,3.095100e-03
5.76800,4.727929e+02,1.648801e+02,-2.228290e-04,4.136730e-03
5.76900,4.739329e+02,1.576282e+02,-1.883860e-04,5.176080e-03
5.77000,4.749129e+02,1.501920e+02,-1.634760e-04,6.211760e-03
5.77100,4.758197e+02,1.426723e+02,-1.483420e-04,7.242330e-03
5.77200,4.767895e+02,1.353380e+02,-1.431360e-04,8.266400e-03
5.77300,4.776503e+02,1.278362e+02,-1.479620e-04,9.282650e-03
5.77400,4.783838e+02,1.204669e+02,-1.627590e-04,1.028990e-02
5.77500,4.788206e+02,1.122486e+02,-1.875500e-04,1.128670e-02
5.77600,4.792819e+02,1.047682e+02,-2.222480e-04,1.227200e-02
5.77700,4.795829e+02,9.658673e+01,-2.667110e-04,1.324450e-02
5.77800,4.797111e+02,8.832773e+01,-3.206980e-04,1.420300e-02
5.77900,4.796972e+02,8.002967e+01,-3.838910e-04,1.514620e-02
5.78000,4.795247e+02,7.147393e+01,-4.559130e-04,1.607290e-02
5.78100,4.792845e+02,6.284623e+01,-5.363360e-04,1.698180e-02
5.78200,4.788546e+02,5.491299e+01,-6.247710e-04,1.787180e-02
5.78300,4.783310e+02,4.650227e+01,-7.206700e-04,1.874210e-02
5.78400,4.777973e+02,3.760413e+01,-8.237880e-04,1.959160e-02
5.78500,4.770410e+02,3.015808e+01,-9.336890e-04,2.041900e-02
5.78600,4.762542e+02,2.225975e+01,-1.049910e-03,2.122300e-02
5.78700,4.752799e+02,1.422617e+01,-1.171970e-03,2.200250e-02
5.78800,4.744053e+02,6.047237e+00,-1.299310e-03,2.275640e-02
5.78900,4.734979e+02,-1.671954e+00,-1.431460e-03,2.348370e-02
5.79000,4.723871e+02,-9.712533e+00,-1.567740e-03,2.418350e-02
5.79100,4.713607e+02,-1.719874e+01,-1.707690e-03,2.485490e-02
5.79200,4.701325e+02,-2.473809e+01,-1.850590e-03,2.549720e-02
5.79300,4.689912e+02,-3.191098e+01,-1.995900e-03,2.610960e-02
5.79400,4.676791e+02,-3.923244e+01,-2.142720e-03,2.669150e-02
5.79500,4.661708e+02,-4.631183e+01,-2.290380e-03,2.724240e-02
5.79600,4.644041e+02,-5.182325e+01,-2.437950e-03,2.776190e-02
5.79700,4.632474e+02,-5.970596e+01,-2.584570e-03,2.824930e-02
5.79800,4.617059e+02,-6.535886e+01,-2.729530e-03,2.870430e-02
5.79900,4.604723e+02,-7.186380e+01,-2.872220e-03,2.912640e-02
5.80000,4.587480e+02,-7.607587e+01,-3.011960e-03,2.951560e-02
5.80100,4.573859e+02,-8.178293e+01,-3.148050e-03,2.987210e-02
5.80200,4.563696e+02,-8.856547e+01,-3.279750e-03,3.019490e-02
5.80300,4.545353e+02,-9.163133e+01,-3.406580e-03,3.048360e-02
5.80400,4.539168e+02,-9.890107e+01,-3.528090e-03,3.073750e-02
5.80500,4.522041e+02,-1.029918e+02,-3.643810e-03,3.095610e-02
5.80600,4.515195e+02,-1.086127e+02,-3.753170e-03,3.113880e-02
5.80700,4.496648e+02,-1.131557e+02,-3.855720e-03,3.128540e-02
5.80800,4.492004e+02,-1.190437e+02,-3.950840e-03,3.139540e-02
5.80900,4.474388e+02,-1.236526e+02,-4.038010e-03,3.146840e-02
5.81000,4.467931e+02,-1.284596e+02,-4.116630e-03,3.150410e-02
5.81100,4.452161e+02,-1.332531e+02,-4.186190e-03,3.150210e-02
5.81200,4.446396e+02,-1.378073e+02,-4.246080e-03,3.146200e-02
5.81300,4.433223e+02,-1.420546e+02,-4.295910e-03,3.138370e-02
5.81400,4.428175e+02,-1.474186e+02,-4.335250e-03,3.126720e-02
5.81500,4.416709e+02,-1.520492e+02,-4.363820e-03,3.111290e-02
5.81600,4.412709e+02,-1.566644e+02,-4.381320e-03,3.092110e-02
5.81700,4.401811e+02,-1.604680e+02,-4.387670e-03,3.069280e-02
5.81800,4.399716e+02,-1.649795e+02,-4.382790e-03,3.042820e-02
5.81900,4.392423e+02,-1.675023e+02,-4.366840e-03,3.012790e-02
5.82000,4.391077e+02,-1.720133e+02,-4.340090e-03,2.979240e-02
5.82100,4.386807e+02,-1.733513e+02,-4.302930e-03,2.942220e-02
5.82200,4.382642e+02,-1.765307e+02,-4.255930e-03,2.901790e-02
5.82300,4.381653e+02,-1.783594e+02,-4.199140e-03,2.858000e-02
5.82400,4.384612e+02,-1.817307e+02,-4.132670e-03,2.810870e-02
5.82500,4.392973e+02,-1.840879e+02,-4.056550e-03,2.760420e-02
5.82600,4.388971e+02,-1.866751e+02,-3.971490e-03,2.706710e-02
5.82700,4.395596e+02,-1.897233e+02,-3.877850e-03,2.649840e-02
5.82800,4.393570e+02,-1.920929e+02,-3.776450e-03,2.589950e-02
5.82900,4.399869e+02,-1.970085e+02,-3.667760e-03,2.527150e-02
5.83000,4.406657e+02,-2.016733e+02,-3.552180e-03,2.461520e-02
5.83100,4.406693e+02,-2.051946e+02,-3.430380e-03,2.393150e-02
5.83200,4.415547e+02,-2.112837e+02,-3.302840e-03,2.322150e-02
5.83300,4.424377e+02,-2.141799e+02,-3.170210e-03,2.248600e-02
5.83400,4.435225e+02,-2.179840e+02,-3.033130e-03,2.172570e-02
5.83500,4.446082e+02,-2.209395e+02,-2.892380e-03,2.094160e-02
5.83600,4.458459e+02,-2.229631e+02,-2.748690e-03,2.013420e-02
5.83700,4.470713e+02,-2.243175e+02,-2.602600e-03,1.930460e-02
5.83800,4.481825e+02,-2.254839e+02,-2.454750e-03,1.845370e-02
5.83900,4.492591e+02,-2.264887e+02,-2.305840e-03,1.758250e-02
5.84000,4.505143e+02,-2.270732e+02,-2.156590e-03,1.669230e-02
5.84100,4.517414e+02,-2.282097e+02,-2.007920e-03,1.578370e-02
5.84200,4.531130e+02,-2.278989e+02,-1.860460e-03,1.485750e-02
5.84300,4.545015e+02,-2.277323e+02,-1.714990e-03,1.391490e-02
5.84400,4.561488e+02,-2.266997e+02,-1.572180e-03,1.295660e-02
5.84500,4.575959e+02,-2.250057e+02,-1.432780e-03,1.198380e-02
5.84600,4.592780e+02,-2.226769e+02,-1.297420e-03,1.099770e-02
5.84700,4.606349e+02,-2.196047e+02,-1.166750e-03,9.999240e-03
5.84800,4.620794e+02,-2.157987e+02,-1.041290e-03,8.989700e-03
5.84900,4.634669e+02,-2.110619e+02,-9.216410e-04,7.970420e-03
5.85000,4.648843e+02,-2.059721e+02,-8.082390e-04,6.942850e-03
5.85100,4.661527e+02,-2.005596e+02,-7.015150e-04,5.908430e-03
5.85200,4.674359e+02,-1.946601e+02,-6.018290e-04,4.868510e-03
5.85300,4.687303e+02,-1.884201e+02,-5.095090e-04,3.824330e-03
5.85400,4.700138e+02,-1.819830e+02,-4.248790e-04,2.777160e-03
5.85500,4.711474e+02,-1.749877e+02,-3.483400e-04,1.728210e-03
5.85600,4.723813e+02,-1.680030e+02,-2.802920e-04,6.786770e-04
5.85700,4.735561e+02,-1.606044e+02,-2.211400e-04,-3.701910e-04
5.85800,4.746857e+02,-1.529719e+02,-1.712660e-04,-1.417090e-03
5.85900,4.756049e+02,-1.451821e+02,-1.309780e-04,-2.460640e-03
5.86000,4.764285e+02,-1.370528e+02,-1.006140e-04,-3.499470e-03
5.86100,4.771884e+02,-1.293790e+02,-8.028080e-05,-4.532130e-03
5.86200,4.777127e+02,-1.213844e+02,-7.010390e-05,-5.557210e-03
5.86300,4.782350e+02,-1.134066e+02,-7.010840e-05,-6.573390e-03
5.86400,4.786099e+02,-1.055281e+02,-8.025910e-05,-7.579430e-03
5.86500,4.788190e+02,-9.738127e+01,-1.005600e-04,-8.574120e-03
5.86600,4.789877e+02,-8.916640e+01,-1.308440e-04,-9.556290e-03
5.86700,4.789999e+02,-8.065893e+01,-1.709140e-04,-1.052460e-02
5.86800,4.788929e+02,-7.244787e+01,-2.205650e-04,-1.147790e-02
5.86900,4.786709e+02,-6.376240e+01,-2.795470e-04,-1.241470e-02
5.87000,4.783091e+02,-5.483820e+01,-3.474940e-04,-1.333360e-02
5.87100,4.777839e+02,-4.597141e+01,-4.239450e-04,-1.423350e-02
5.87200,4.771756e+02,-3.754102e+01,-5.084970e-04,-1.511330e-02
5.87300,4.763174e+02,-2.908705e+01,-6.007710e-04,-1.597160e-02
5.87400,4.754554e+02,-2.106429e+01,-7.002990e-04,-1.680760e-02
5.87500,4.745005e+02,-1.309641e+01,-8.065640e-04,-1.762020e-02
5.87600,4.734243e+02,-5.787807e+00,-9.189560e-04,-1.840840e-02
5.87700,4.722525e+02,2.775811e+00,-1.036830e-03,-1.917150e-02
5.87800,4.710827e+02,1.107216e+01,-1.159580e-03,-1.990830e-02
5.87900,4.696722e+02,1.795827e+01,-1.286570e-03,-2.061790e-02
5.88000,4.684781e+02,2.630593e+01,-1.417230e-03,-2.129960e-02
5.88100,4.673139e+02,3.384190e+01,-1.550930e-03,-2.195240e-02
5.88200,4.658646e+02,4.036998e+01,-1.687160e-03,-2.257550e-02
5.88300,4.644666e+02,4.850088e+01,-1.825330e-03,-2.316820e-02
5.88400,4.631024e+02,5.549240e+01,-1.964930e-03,-2.372960e-02
5.88500,4.616736e+02,6.186367e+01,-2.105220e-03,-2.425940e-02
5.88600,4.603343e+02,6.799500e+01,-2.245540e-03,-2.475690e-02
5.88700,4.586861e+02,7.570607e+01,-2.385200e-03,-2.522190e-02
5.88800,4.568367e+02,7.980540e+01,-2.523710e-03,-2.565410e-02
5.88900,4.556037e+02,8.698360e+01,-2.660230e-03,-2.605360e-02
5.89000,4.540011e+02,9.286340e+01,-2.794010e-03,-2.642050e-02
5.89100,4.523914e+02,9.814553e+01,-2.924230e-03,-2.675410e-02
5.89200,4.509639e+02,1.041491e+02,-3.050280e-03,-2.705340e-02
5.89300,4.496387e+02,1.086685e+02,-3.171560e-03,-2.731770e-02
5.89400,4.480489e+02,1.127074e+02,-3.287260e-03,-2.754670e-02
5.89500,4.468974e+02,1.182705e+02,-3.396980e-03,-2.773990e-02
5.89600,4.455650e+02,1.212686e+02,-3.499860e-03,-2.789710e-02
5.89700,4.442163e+02,1.270139e+02,-3.595490e-03,-2.801800e-02
5.89800,4.431929e+02,1.308933e+02,-3.683330e-03,-2.810240e-02
5.89900,4.423370e+02,1.360983e+02,-3.762890e-03,-2.814960e-02
5.90000,4.412649e+02,1.393307e+02,-3.833600e-03,-2.815930e-02
5.90100,4.399062e+02,1.448536e+02,-3.895370e-03,-2.813150e-02
5.90200,4.390039e+02,1.493782e+02,-3.947660e-03,-2.806560e-02
5.90300,4.382443e+02,1.538814e+02,-3.990230e-03,-2.796150e-02
5.90400,4.370269e+02,1.582813e+02,-4.022840e-03,-2.781980e-02
5.90500,4.368235e+02,1.639086e+02,-4.045530e-03,-2.764060e-02
5.90600,4.362085e+02,1.660079e+02,-4.058000e-03,-2.742460e-02
5.90700,4.355785e+02,1.707228e+02,-4.060330e-03,-2.717280e-02
5.90800,4.352019e+02,1.730447e+02,-4.052490e-03,-2.688540e-02
5.90900,4.350685e+02,1.755263e+02,-4.034550e-03,-2.656300e-02
5.91000,4.345246e+02,1.784986e+02,-4.006710e-03,-2.620620e-02
5.91100,4.343459e+02,1.810697e+02,-3.969170e-03,-2.581550e-02
5.91200,4.334617e+02,1.825841e+02,-3.922260e-03,-2.539170e-02
5.91300,4.335737e+02,1.851338e+02,-3.865830e-03,-2.493510e-02
5.91400,4.339077e+02,1.876207e+02,-3.799990e-03,-2.444590e-02
5.91500,4.346411e+02,1.901299e+02,-3.724880e-03,-2.392420e-02
5.91600,4.345794e+02,1.913479e+02,-3.641180e-03,-2.337080e-02
5.91700,4.350967e+02,1.952345e+02,-3.549500e-03,-2.278680e-02
5.91800,4.356226e+02,1.985441e+02,-3.450550e-03,-2.217360e-02
5.91900,4.359824e+02,2.027676e+02,-3.344980e-03,-2.153200e-02
5.92000,4.365810e+02,2.070573e+02,-3.233360e-03,-2.086290e-02
5.92100,4.373177e+02,2.129650e+02,-3.116330e-03,-2.016720e-02
5.92200,4.382942e+02,2.154043e+02,-2.994240e-03,-1.944610e-02
5.92300,4.391327e+02,2.204900e+02,-2.867730e-03,-1.870020e-02
5.92400,4.401145e+02,2.236093e+02,-2.737440e-03,-1.793040e-02
5.92500,4.412826e+02,2.261320e+02,-2.604090e-03,-1.713730e-02
5.92600,4.425598e+02,2.278521e+02,-2.468400e-03,-1.632160e-02
5.92700,4.437855e+02,2.284771e+02,-2.331090e-03,-1.548430e-02
5.92800,4.451265e+02,2.291509e+02,-2.192820e-03,-1.462670e-02
5.92900,4.466695e+02,2.298377e+02,-2.054260e-03,-1.374980e-02
5.93000,4.481980e+02,2.299869e+02,-1.916140e-03,-1.285440e-02
5.93100,4.494992e+02,2.302900e+02,-1.779280e-03,-1.194150e-02
5.93200,4.510643e+02,2.301180e+02,-1.644310e-03,-1.101170e-02
5.93300,4.526275e+02,2.294664e+02,-1.511850e-03,-1.006600e-02
5.93400,4.541193e+02,2.284315e+02,-1.382560e-03,-9.105290e-03
5.93500,4.557853e+02,2.266124e+02,-1.256990e-03,-8.130710e-03
5.93600,4.572953e+02,2.241552e+02,-1.135640e-03,-7.143420e-03
5.93700,4.585974e+02,2.213510e+02,-1.019030e-03,-6.144570e-03
5.93800,4.600129e+02,2.173541e+02,-9.075820e-04,-5.135510e-03
5.93900,4.615886e+02,2.127899e+02,-8.017920e-04,-4.117720e-03
5.94000,4.629983e+02,2.078173e+02,-7.021500e-04,-3.092670e-03
5.94100,4.644878e+02,2.027709e+02,-6.092660e-04,-2.061660e-03
5.94200,4.661322e+02,1.969921e+02,-5.236360e-04,-1.025900e-03
5.94300,4.677014e+02,1.913037e+02,-4.457240e-04,1.346280e-05
5.94400,4.691866e+02,1.847985e+02,-3.759760e-04,1.055290e-03
5.94500,4.705367e+02,1.781035e+02,-3.148190e-04,2.098460e-03
5.94600,4.719530e+02,1.713207e+02,-2.625160e-04,3.141810e-03
5.94700,4.731585e+02,1.640243e+02,-2.194100e-04,4.184160e-03
5.94800,4.742717e+02,1.566075e+02,-1.858230e-04,5.224250e-03
5.94900,4.753140e+02,1.492389e+02,-1.619200e-04,6.260650e-03
5.95000,4.760861e+02,1.417152e+02,-1.478650e-04,7.291930e-03
5.95100,4.768571e+02,1.341519e+02,-1.437180e-04,8.316670e-03
5.95200,4.776015e+02,1.271343e+02,-1.494450e-04,9.333630e-03
5.95300,4.782563e+02,1.194411e+02,-1.650310e-04,1.034140e-02
5.95400,4.786824e+02,1.116479e+02,-1.903600e-04,1.133880e-02
5.95500,4.791121e+02,1.040339e+02,-2.254600e-04,1.232460e-02
5.95600,4.794757e+02,9.631933e+01,-2.700720e-04,1.329740e-02
5.95700,4.795878e+02,8.802713e+01,-3.240380e-04,1.425620e-02
5.95800,4.795971e+02,7.938347e+01,-3.871650e-04,1.519970e-02
5.95900,4.795555e+02,7.066433e+01,-4.591970e-04,1.612670e-02
5.96000,4.793799e+02,6.199392e+01,-5.398090e-04,1.703570e-02
5.96100,4.790029e+02,5.376253e+01,-6.286650e-04,1.792590e-02
5.96200,4.785707e+02,4.511961e+01,-7.253840e-04,1.879640e-02
5.96300,4.779756e+02,3.658842e+01,-8.295430e-04,1.964590e-02
5.96400,4.771823e+02,2.879954e+01,-9.406930e-04,2.047330e-02
5.96500,4.764052e+02,2.094128e+01,-1.058280e-03,2.127720e-02
5.96600,4.755013e+02,1.304141e+01,-1.181750e-03,2.205660e-02
5.96700,4.745885e+02,5.268203e+00,-1.310470e-03,2.281040e-02
5.96800,4.735121e+02,-3.083330e+00,-1.443870e-03,2.353750e-02
5.96900,4.723582e+02,-1.027201e+01,-1.581290e-03,2.423700e-02
5.97000,4.712706e+02,-1.806555e+01,-1.722050e-03,2.490810e-02
5.97100,4.700351e+02,-2.534111e+01,-1.865480e-03,2.554990e-02
5.97200,4.686433e+02,-3.235264e+01,-2.010890e-03,2.616180e-02
5.97300,4.673098e+02,-3.979036e+01,-2.157560e-03,2.674310e-02
5.97400,4.658317e+02,-4.648803e+01,-2.304760e-03,2.729330e-02
5.97500,4.643524e+02,-5.346170e+01,-2.451800e-03,2.781200e-02
5.97600,4.631021e+02,-6.018991e+01,-2.597950e-03,2.829860e-02
5.97700,4.616587e+02,-6.589718e+01,-2.742570e-03,2.875260e-02
5.97800,4.602943e+02,-7.165140e+01,-2.885050e-03,2.917390e-02
5.97900,4.590836e+02,-7.786493e+01,-3.024890e-03,2.956220e-02
5.98000,4.575999e+02,-8.276487e+01,-3.161370e-03,2.991770e-02
5.98100,4.567469e+02,-8.932327e+01,-3.293740e-03,3.023940e-02
5.98200,4.549061e+02,-9.253160e+01,-3.421470e-03,3.052680e-02
5.98300,4.539151e+02,-9.943380e+01,-3.544010e-03,3.077930e-02
5.98400,4.526809e+02,-1.039799e+02,-3.660840e-03,3.099640e-02
5.98500,4.511169e+02,-1.077890e+02,-3.770990e-03,3.117770e-02
5.98600,4.497685e+02,-1.146631e+02,-3.874120e-03,3.132290e-02
5.98700,4.485922e+02,-1.184177e+02,-3.969490e-03,3.143160e-02
5.98800,4.477173e+02,-1.241259e+02,-4.056480e-03,3.150320e-02
5.98900,4.458069e+02,-1.281053e+02,-4.134610e-03,3.153760e-02
5.99000,4.454653e+02,-1.337861e+02,-4.203280e-03,3.153430e-02
5.99100,4.439955e+02,-1.382158e+02,-4.262180e-03,3.149280e-02
5.99200,4.436747e+02,-1.428119e+02,-4.311100e-03,3.141300e-02
5.99300,4.428397e+02,-1.476617e+02,-4.349540e-03,3.129500e-02
5.99400,4.421730e+02,-1.536884e+02,-4.377360e-03,3.113890e-02
5.99500,4.412990e+02,-1.572351e+02,-4.394340e-03,3.094530e-02
5.99600,4.407019e+02,-1.611823e+02,-4.400210e-03,3.071490e-02
5.99700,4.400879e+02,-1.665650e+02,-4.394900e-03,3.044830e-02
5.99800,4.390427e+02,-1.680740e+02,-4.378500e-03,3.014600e-02
5.99900,4.389671e+02,-1.724833e+02,-4.351130e-03,2.980850e-02
6.00000,4.381156e+02,-1.740518e+02,-4.313230e-03,2.943640e-02
6.00100,4.377675e+02,-1.773099e+02,-4.265460e-03,2.903020e-02
6.00200,4.379093e+02,-1.787978e+02,-4.207750e-03,2.859060e-02
6.00300,4.385991e+02,-1.826222e+02,-4.140430e-03,2.811730e-02
6.00400,4.392009e+02,-1.847447e+02,-4.063730e-03,2.761070e-02
6.00500,4.396680e+02,-1.873316e+02,-3.978230e-03,2.707130e-02
6.00600,4.400547e+02,-1.897546e+02,-3.884610e-03,2.650020e-02
6.00700,4.400071e+02,-1.934410e+02,-3.783430e-03,2.589890e-02
6.00800,4.407697e+02,-1.975363e+02,-3.674960e-03,2.526830e-02
6.00900,4.405692e+02,-2.018161e+02,-3.559570e-03,2.460940e-02
6.01000,4.407147e+02,-2.065185e+02,-3.437670e-03,2.392340e-02
6.01100,4.412111e+02,-2.111843e+02,-3.309690e-03,2.321110e-02
6.01200,4.418049e+02,-2.143357e+02,-3.176270e-03,2.247370e-02
6.01300,4.430733e+02,-2.198418e+02,-3.038060e-03,2.171170e-02
6.01400,4.441325e+02,-2.209655e+02,-2.895930e-03,2.092590e-02
6.01500,4.456920e+02,-2.237281e+02,-2.750660e-03,2.011710e-02
6.01600,4.471233e+02,-2.252357e+02,-2.603030e-03,1.928600e-02
6.01700,4.484787e+02,-2.263030e+02,-2.453890e-03,1.843350e-02
6.01800,4.498314e+02,-2.272387e+02,-2.304040e-03,1.756070e-02
6.01900,4.512587e+02,-2.280302e+02,-2.154300e-03,1.666870e-02
6.02000,4.524179e+02,-2.287883e+02,-2.005500e-03,1.575820e-02
6.02100,4.535481e+02,-2.288947e+02,-1.858280e-03,1.483000e-02
6.02200,4.548242e+02,-2.284187e+02,-1.713200e-03,1.388520e-02
6.02300,4.561157e+02,-2.274562e+02,-1.570780e-03,1.292480e-02
6.02400,4.574798e+02,-2.258169e+02,-1.431680e-03,1.194990e-02
6.02500,4.590130e+02,-2.235451e+02,-1.296520e-03,1.096160e-02
6.02600,4.607337e+02,-2.203423e+02,-1.165900e-03,9.961340e-03
6.02700,4.621789e+02,-2.168439e+02,-1.040510e-03,8.950050e-03
6.02800,4.638111e+02,-2.118707e+02,-9.207850e-04,7.929070e-03
6.02900,4.652482e+02,-2.065792e+02,-8.072230e-04,6.899800e-03
6.03000,4.665933e+02,-2.012249e+02,-7.003120e-04,5.863660e-03
6.03100,4.678477e+02,-1.952049e+02,-6.004220e-04,4.821980e-03
6.03200,4.690685e+02,-1.888471e+02,-5.078910e-04,3.776040e-03
6.03300,4.702229e+02,-1.823425e+02,-4.230810e-04,2.727070e-03
6.03400,4.713102e+02,-1.753041e+02,-3.463700e-04,1.676310e-03
6.03500,4.724628e+02,-1.681866e+02,-2.781270e-04,6.250080e-04
6.03600,4.735239e+02,-1.609029e+02,-2.187780e-04,-4.255800e-04
6.03700,4.746528e+02,-1.530445e+02,-1.687210e-04,-1.474120e-03
6.03800,4.757116e+02,-1.453415e+02,-1.283340e-04,-2.519220e-03
6.03900,4.766977e+02,-1.373971e+02,-9.795580e-05,-3.559510e-03
6.04000,4.775198e+02,-1.295931e+02,-7.785300e-05,-4.593540e-03
6.04100,4.782493e+02,-1.216418e+02,-6.815250e-05,-5.619900e-03
6.04200,4.787811e+02,-1.137798e+02,-6.896200e-05,-6.637290e-03
6.04300,4.791458e+02,-1.055709e+02,-8.018920e-05,-7.644450e-03
6.04400,4.792640e+02,-9.750713e+01,-1.016920e-04,-8.640130e-03
6.04500,4.793041e+02,-8.927213e+01,-1.331810e-04,-9.623140e-03
6.04600,4.792235e+02,-8.068693e+01,-1.744340e-04,-1.059230e-02
6.04700,4.790772e+02,-7.270400e+01,-2.250540e-04,-1.154650e-02
6.04800,4.785999e+02,-6.395841e+01,-2.847320e-04,-1.248400e-02
6.04900,4.782217e+02,-5.501431e+01,-3.530880e-04,-1.340370e-02
6.05000,4.777227e+02,-4.659638e+01,-4.297640e-04,-1.430420e-02
6.05100,4.772462e+02,-3.799746e+01,-5.144090e-04,-1.518450e-02
6.05200,4.764980e+02,-2.961533e+01,-6.067020e-04,-1.604350e-02
6.05300,4.756803e+02,-2.096746e+01,-7.061930e-04,-1.688010e-02
6.05400,4.747148e+02,-1.334319e+01,-8.124820e-04,-1.769330e-02
6.05500,4.737702e+02,-5.414705e+00,-9.251070e-04,-1.848200e-02
6.05600,4.725715e+02,2.182902e+00,-1.043410e-03,-1.924540e-02
6.05700,4.713163e+02,1.065428e+01,-1.166710e-03,-1.998250e-02
6.05800,4.698977e+02,1.834905e+01,-1.294410e-03,-2.069210e-02
6.05900,4.687789e+02,2.684379e+01,-1.425940e-03,-2.137370e-02
6.06000,4.673299e+02,3.333125e+01,-1.560600e-03,-2.202620e-02
6.06100,4.659914e+02,4.086467e+01,-1.697930e-03,-2.264890e-02
6.06200,4.647721e+02,4.852976e+01,-1.837260e-03,-2.324100e-02
6.06300,4.632480e+02,5.548395e+01,-1.977770e-03,-2.380200e-02
6.06400,4.617821e+02,6.148088e+01,-2.118780e-03,-2.433110e-02
6.06500,4.601880e+02,6.913033e+01,-2.259520e-03,-2.482800e-02
6.06600,4.586979e+02,7.510667e+01,-2.399480e-03,-2.529220e-02
6.06700,4.567946e+02,7.979833e+01,-2.538140e-03,-2.572350e-02
6.06800,4.556020e+02,8.709167e+01,-2.674720e-03,-2.612190e-02
6.06900,4.540236e+02,9.288620e+01,-2.808470e-03,-2.648770e-02
6.07000,4.524286e+02,9.812960e+01,-2.938600e-03,-2.682000e-02
6.07100,4.510405e+02,1.041901e+02,-3.064510e-03,-2.711790e-02
6.07200,4.496789e+02,1.084708e+02,-3.185580e-03,-2.738070e-02
6.07300,4.481986e+02,1.128375e+02,-3.301130e-03,-2.760800e-02
6.07400,4.469255e+02,1.178901e+02,-3.410700e-03,-2.779950e-02
6.07500,4.456157e+02,1.216999e+02,-3.513620e-03,-2.795480e-02
6.07600,4.446145e+02,1.271112e+02,-3.609310e-03,-2.807380e-02
6.07700,4.433761e+02,1.313612e+02,-3.697300e-03,-2.815620e-02
6.07800,4.423632e+02,1.354157e+02,-3.776830e-03,-2.820130e-02
6.07900,4.409525e+02,1.395676e+02,-3.847410e-03,-2.820900e-02
6.08000,4.398446e+02,1.446553e+02,-3.908960e-03,-2.817910e-02
6.08100,4.391487e+02,1.491809e+02,-3.961000e-03,-2.811120e-02
6.08200,4.380747e+02,1.538667e+02,-4.003320e-03,-2.800500e-02
6.08300,4.374116e+02,1.588275e+02,-4.035830e-03,-2.786100e-02
6.08400,4.370163e+02,1.629243e+02,-4.058130e-03,-2.767950e-02
6.08500,4.361715e+02,1.668061e+02,-4.070130e-03,-2.746120e-02
6.08600,4.355507e+02,1.704575e+02,-4.071950e-03,-2.720680e-02
6.08700,4.355163e+02,1.728050e+02,-4.063340e-03,-2.691680e-02
6.08800,4.346781e+02,1.759382e+02,-4.044480e-03,-2.659180e-02
6.08900,4.343456e+02,1.784618e+02,-4.015550e-03,-2.623230e-02
6.09000,4.338823e+02,1.806835e+02,-3.976980e-03,-2.583920e-02
6.09100,4.336467e+02,1.831117e+02,-3.929000e-03,-2.541290e-02
6.09200,4.333403e+02,1.855482e+02,-3.871550e-03,-2.495380e-02
6.09300,4.341239e+02,1.883182e+02,-3.804790e-03,-2.446200e-02
6.09400,4.347635e+02,1.901222e+02,-3.728980e-03,-2.393750e-02
6.09500,4.351076e+02,1.922329e+02,-3.644760e-03,-2.338120e-02
6.09600,4.354790e+02,1.953079e+02,-3.552820e-03,-2.279430e-02
6.09700,4.360900e+02,1.984488e+02,-3.453800e-03,-2.217800e-02
6.09800,4.361236e+02,2.032925e+02,-3.348280e-03,-2.153340e-02
6.09900,4.368471e+02,2.080527e+02,-3.236550e-03,-2.086110e-02
6.10000,4.371563e+02,2.116629e+02,-3.119060e-03,-2.016250e-02
6.10100,4.379517e+02,2.163335e+02,-2.996300e-03,-1.943840e-02
6.10200,4.388731e+02,2.201834e+02,-2.868980e-03,-1.868960e-02
6.10300,4.400873e+02,2.236000e+02,-2.737830e-03,-1.791690e-02
6.10400,4.412919e+02,2.259991e+02,-2.603560e-03,-1.712100e-02
6.10500,4.426357e+02,2.278053e+02,-2.466880e-03,-1.630250e-02
6.10600,4.440071e+02,2.286479e+02,-2.328560e-03,-1.546250e-02
6.10700,4.454120e+02,2.293415e+02,-2.189380e-03,-1.460210e-02
6.10800,4.470704e+02,2.299089e+02,-2.050070e-03,-1.372230e-02
6.10900,4.485958e+02,2.299928e+02,-1.911400e-03,-1.282420e-02
6.11000,4.498415e+02,2.304878e+02,-1.774310e-03,-1.190840e-02
6.11100,4.514089e+02,2.299799e+02,-1.639340e-03,-1.097580e-02
6.11200,4.527375e+02,2.291745e+02,-1.506990e-03,-1.002730e-02
6.11300,4.542255e+02,2.283527e+02,-1.377810e-03,-9.063800e-03
6.11400,4.556323e+02,2.262927e+02,-1.252170e-03,-8.086520e-03
6.11500,4.572161e+02,2.242076e+02,-1.130680e-03,-7.096640e-03
6.11600,4.588224e+02,2.213348e+02,-1.013930e-03,-6.095290e-03
6.11700,4.602504e+02,2.171299e+02,-9.024160e-04,-5.083770e-03
6.11800,4.619143e+02,2.128205e+02,-7.966620e-04,-4.063510e-03
6.11900,4.633709e+02,2.075982e+02,-6.972710e-04,-3.035960e-03
6.12000,4.649207e+02,2.024412e+02,-6.047080e-04,-2.002450e-03
6.12100,4.664509e+02,1.968235e+02,-5.193820e-04,-9.641810e-04
6.12200,4.680442e+02,1.909318e+02,-4.418450e-04,7.765160e-05
6.12300,4.694069e+02,1.843803e+02,-3.725380e-04,1.121900e-03
6.12400,4.707740e+02,1.778434e+02,-3.117950e-04,2.167390e-03
6.12500,4.720019e+02,1.707108e+02,-2.599360e-04,3.212970e-03
6.12600,4.731825e+02,1.635795e+02,-2.172350e-04,4.257450e-03
6.12700,4.742399e+02,1.561790e+02,-1.839570e-04,5.299560e-03
6.12800,4.751739e+02,1.486317e+02,-1.602800e-04,6.337870e-03
6.12900,4.760525e+02,1.411827e+02,-1.464590e-04,7.370910e-03
6.13000,4.770618e+02,1.336549e+02,-1.426340e-04,8.397270e-03
6.13100,4.778985e+02,1.263306e+02,-1.488820e-04,9.415640e-03
6.13200,4.786291e+02,1.186711e+02,-1.652370e-04,1.042470e-02
6.13300,4.790901e+02,1.112766e+02,-1.915710e-04,1.142330e-02
6.13400,4.794089e+02,1.030857e+02,-2.277600e-04,1.241020e-02
6.13500,4.797018e+02,9.513107e+01,-2.736320e-04,1.338390e-02
6.13600,4.798564e+02,8.703613e+01,-3.289670e-04,1.434350e-02
6.13700,4.798205e+02,7.862847e+01,-3.935100e-04,1.528760e-02
6.13800,4.796163e+02,6.992553e+01,-4.669420e-04,1.621480e-02
6.13900,4.794102e+02,6.153204e+01,-5.488260e-04,1.712410e-02
6.14000,4.789286e+02,5.291476e+01,-6.387910e-04,1.801430e-02
6.14100,4.784743e+02,4.465187e+01,-7.363940e-04,1.888450e-02
6.14200,4.778869e+02,3.638340e+01,-8.411740e-04,1.973380e-02
6.14300,4.770736e+02,2.832891e+01,-9.527340e-04,2.056070e-02
6.14400,4.762645e+02,2.045322e+01,-1.070600e-03,2.136400e-02
6.14500,4.754697e+02,1.246541e+01,-1.194280e-03,2.214270e-02
6.14600,4.746041e+02,4.526531e+00,-1.323390e-03,2.289560e-02
6.14700,4.735685e+02,-3.364121e+00,-1.457140e-03,2.362160e-02
6.14800,4.723061e+02,-1.126889e+01,-1.594990e-03,2.432000e-02
6.14900,4.712694e+02,-1.867059e+01,-1.736250e-03,2.498970e-02
6.15000,4.700523e+02,-2.621803e+01,-1.880270e-03,2.563010e-02
6.15100,4.687587e+02,-3.351167e+01,-2.026400e-03,2.624030e-02
6.15200,4.673498e+02,-4.032155e+01,-2.173890e-03,2.681990e-02
6.15300,4.658949e+02,-4.755777e+01,-2.321980e-03,2.736830e-02
6.15400,4.643943e+02,-5.418695e+01,-2.469910e-03,2.788490e-02
6.15500,4.630506e+02,-6.082790e+01,-2.616860e-03,2.836930e-02
6.15600,4.616133e+02,-6.659191e+01,-2.762120e-03,2.882120e-02
6.15700,4.602335e+02,-7.301000e+01,-2.905070e-03,2.924020e-02
6.15800,4.587985e+02,-7.810727e+01,-3.045070e-03,2.962620e-02
6.15900,4.575687e+02,-8.364773e+01,-3.181420e-03,2.997910e-02
6.16000,4.559535e+02,-8.928500e+01,-3.313410e-03,3.029820e-02
6.16100,4.550261e+02,-9.391713e+01,-3.440600e-03,3.058280e-02
6.16200,4.535101e+02,-9.973960e+01,-3.562510e-03,3.083240e-02
6.16300,4.526684e+02,-1.048198e+02,-3.678510e-03,3.104650e-02
6.16400,4.507694e+02,-1.091295e+02,-3.788030e-03,3.122460e-02
6.16500,4.501097e+02,-1.150678e+02,-3.890510e-03,3.136650e-02
6.16600,4.485528e+02,-1.197514e+02,-3.985330e-03,3.147180e-02
6.16700,4.477324e+02,-1.249334e+02,-4.071880e-03,3.153990e-02
6.16800,4.460786e+02,-1.293263e+02,-4.149690e-03,3.157080e-02
6.16900,4.455474e+02,-1.349153e+02,-4.218140e-03,3.156370e-02
6.17000,4.440508e+02,-1.383963e+02,-4.276670e-03,3.151830e-02
6.17100,4.434843e+02,-1.435782e+02,-4.324940e-03,3.143470e-02
6.17200,4.422083e+02,-1.487357e+02,-4.362640e-03,3.131290e-02
6.17300,4.419721e+02,-1.536573e+02,-4.389400e-03,3.115310e-02
6.17400,4.407898e+02,-1.578706e+02,-4.405120e-03,3.095590e-02
6.17500,4.405273e+02,-1.619441e+02,-4.409670e-03,3.072190e-02
6.17600,4.397979e+02,-1.668455e+02,-4.403270e-03,3.045170e-02
6.17700,4.396001e+02,-1.692771e+02,-4.386050e-03,3.014580e-02
6.17800,4.393480e+02,-1.726452e+02,-4.358110e-03,2.980460e-02
6.17900,4.388212e+02,-1.753070e+02,-4.319960e-03,2.942850e-02
6.18000,4.382682e+02,-1.780290e+02,-4.272010e-03,2.901840e-02
6.18100,4.384513e+02,-1.795622e+02,-4.213970e-03,2.857460e-02
6.18200,4.384747e+02,-1.829940e+02,-4.146000e-03,2.809730e-02
6.18300,4.388159e+02,-1.854222e+02,-4.068260e-03,2.758690e-02
6.18400,4.389824e+02,-1.877594e+02,-3.981360e-03,2.704380e-02
6.18500,4.391985e+02,-1.901067e+02,-3.886000e-03,2.646940e-02
6.18600,4.397135e+02,-1.942996e+02,-3.782800e-03,2.586480e-02
6.18700,4.400189e+02,-1.974921e+02,-3.672370e-03,2.523110e-02
6.18800,4.406333e+02,-2.035117e+02,-3.555160e-03,2.456920e-02
6.18900,4.411803e+02,-2.072426e+02,-3.431780e-03,2.388000e-02
6.19000,4.418989e+02,-2.122493e+02,-3.302740e-03,2.316460e-02
6.19100,4.428388e+02,-2.163442e+02,-3.168760e-03,2.242360e-02
6.19200,4.438007e+02,-2.194002e+02,-3.030490e-03,2.165790e-02
6.19300,4.448512e+02,-2.223009e+02,-2.888660e-03,2.086830e-02
6.19400,4.459298e+02,-2.239895e+02,-2.743910e-03,2.005570e-02
6.19500,4.470785e+02,-2.256533e+02,-2.596810e-03,1.922080e-02
6.19600,4.481141e+02,-2.265577e+02,-2.448050e-03,1.836490e-02
6.19700,4.494139e+02,-2.273645e+02,-2.298240e-03,1.748890e-02
6.19800,4.508299e+02,-2.284236e+02,-2.148200e-03,1.659400e-02
6.19900,4.522094e+02,-2.289840e+02,-1.998860e-03,1.568090e-02
6.20000,4.536532e+02,-2.291129e+02,-1.850970e-03,1.475040e-02
6.20100,4.551835e+02,-2.286079e+02,-1.705240e-03,1.380330e-02
6.20200,4.566926e+02,-2.274425e+02,-1.562330e-03,1.284050e-02
6.20300,4.581772e+02,-2.256563e+02,-1.422870e-03,1.186320e-02
6.20400,4.595981e+02,-2.232807e+02,-1.287430e-03,1.087260e-02
6.20500,4.610807e+02,-2.199527e+02,-1.156720e-03,9.869830e-03
6.20600,4.624511e+02,-2.161419e+02,-1.031330e-03,8.856170e-03
6.20700,4.638175e+02,-2.115933e+02,-9.117620e-04,7.832960e-03
6.20800,4.651555e+02,-2.063583e+02,-7.984370e-04,6.801670e-03
6.20900,4.664921e+02,-2.008601e+02,-6.917920e-04,5.763740e-03
6.21000,4.678128e+02,-1.950863e+02,-5.922280e-04,4.720480e-03
6.21100,4.691598e+02,-1.887079e+02,-5.000820e-04,3.673150e-03
6.21200,4.704902e+02,-1.822571e+02,-4.158010e-04,2.622950e-03
6.21300,4.717673e+02,-1.752677e+02,-3.398450e-04,1.571100e-03
6.21400,4.729990e+02,-1.679987e+02,-2.726400e-04,5.188220e-04
6.21500,4.741860e+02,-1.604507e+02,-2.145590e-04,-5.326200e-04
6.21600,4.751503e+02,-1.525833e+02,-1.659130e-04,-1.581880e-03
6.21700,4.760056e+02,-1.446621e+02,-1.269790e-04,-2.627560e-03
6.21800,4.768137e+02,-1.366723e+02,-9.796590e-05,-3.668310e-03
6.21900,4.774866e+02,-1.289193e+02,-7.900900e-05,-4.702640e-03
6.22000,4.780615e+02,-1.210497e+02,-7.021080e-05,-5.729170e-03
6.22100,4.785699e+02,-1.131781e+02,-7.162880e-05,-6.746610e-03
6.22200,4.789208e+02,-1.050588e+02,-8.328310e-05,-7.753730e-03
6.22300,4.791942e+02,-9.714867e+01,-1.050260e-04,-8.749290e-03
6.22400,4.792807e+02,-8.837080e+01,-1.366940e-04,-9.732010e-03
6.22500,4.793453e+02,-8.062740e+01,-1.780550e-04,-1.070060e-02
6.22600,4.792115e+02,-7.190607e+01,-2.289290e-04,-1.165400e-02
6.22700,4.789456e+02,-6.319579e+01,-2.891220e-04,-1.259050e-02
6.22800,4.785712e+02,-5.414879e+01,-3.582510e-04,-1.350910e-02
6.22900,4.779186e+02,-4.600483e+01,-4.359720e-04,-1.440810e-02
6.23000,4.774169e+02,-3.667375e+01,-5.217550e-04,-1.528680e-02
6.23100,4.764612e+02,-2.902913e+01,-6.153530e-04,-1.614380e-02
6.23200,4.757370e+02,-2.019049e+01,-7.161660e-04,-1.697810e-02
6.23300,4.746241e+02,-1.339358e+01,-8.236890e-04,-1.778890e-02
6.23400,4.736303e+02,-4.691147e+00,-9.372650e-04,-1.857520e-02
6.23500,4.723387e+02,3.148861e+00,-1.056320e-03,-1.933600e-02
6.23600,4.712439e+02,1.173514e+01,-1.180250e-03,-2.007050e-02
6.23700,4.698572e+02,1.845831e+01,-1.308400e-03,-2.077760e-02
6.23800,4.686472e+02,2.747087e+01,-1.440190e-03,-2.145660e-02
6.23900,4.671895e+02,3.432052e+01,-1.574950e-03,-2.210630e-02
6.24000,4.659223e+02,4.135472e+01,-1.712250e-03,-2.272620e-02
6.24100,4.645863e+02,4.888025e+01,-1.851280e-03,-2.331540e-02
6.24200,4.631429e+02,5.554440e+01,-1.991560e-03,-2.387320e-02
6.24300,4.616165e+02,6.253373e+01,-2.132220e-03,-2.439910e-02
6.24400,4.601208e+02,6.892813e+01,-2.272730e-03,-2.489270e-02
6.24500,4.583901e+02,7.422973e+01,-2.412480e-03,-2.535350e-02
6.24600,4.569063e+02,8.135600e+01,-2.550860e-03,-2.578150e-02
6.24700,4.553630e+02,8.723907e+01,-2.687160e-03,-2.617660e-02
6.24800,4.539182e+02,9.313633e+01,-2.820600e-03,-2.653900e-02
6.24900,4.523351e+02,9.881020e+01,-2.950410e-03,-2.686780e-02
6.25000,4.510772e+02,1.051147e+02,-3.076070e-03,-2.716200e-02
6.25100,4.494692e+02,1.084921e+02,-3.196840e-03,-2.742100e-02
6.25200,4.482176e+02,1.141785e+02,-3.312180e-03,-2.764440e-02
6.25300,4.469575e+02,1.175563e+02,-3.421330e-03,-2.783200e-02
6.25400,4.455124e+02,1.227165e+02,-3.523760e-03,-2.798350e-02
6.25500,4.443615e+02,1.272373e+02,-3.618930e-03,-2.809870e-02
6.25600,4.433600e+02,1.306690e+02,-3.706030e-03,-2.817720e-02
6.25700,4.419329e+02,1.367331e+02,-3.784730e-03,-2.821860e-02
6.25800,4.408850e+02,1.392112e+02,-3.854480e-03,-2.822240e-02
6.25900,4.401454e+02,1.452527e+02,-3.915070e-03,-2.818840e-02
6.26000,4.389003e+02,1.499443e+02,-3.966060e-03,-2.811640e-02
6.26100,4.378491e+02,1.538333e+02,-4.007320e-03,-2.800610e-02
6.26200,4.376573e+02,1.588543e+02,-4.038470e-03,-2.785790e-02
6.26300,4.366371e+02,1.635207e+02,-4.059350e-03,-2.767230e-02
6.26400,4.360896e+02,1.667879e+02,-4.069970e-03,-2.745000e-02
6.26500,4.355287e+02,1.699955e+02,-4.070450e-03,-2.719180e-02
6.26600,4.352895e+02,1.733209e+02,-4.060710e-03,-2.689810e-02
6.26700,4.349345e+02,1.760829e+02,-4.040950e-03,-2.656940e-02
6.26800,4.344717e+02,1.783587e+02,-4.011360e-03,-2.620630e-02
6.26900,4.342332e+02,1.816604e+02,-3.972240e-03,-2.580960e-02
6.27000,4.335196e+02,1.827507e+02,-3.923930e-03,-2.538000e-02
6.27100,4.341632e+02,1.857209e+02,-3.866190e-03,-2.491740e-02
6.27200,4.341763e+02,1.877543e+02,-3.799090e-03,-2.442220e-02
6.27300,4.348453e+02,1.901470e+02,-3.722800e-03,-2.389440e-02
6.27400,4.348273e+02,1.911503e+02,-3.638000e-03,-2.333510e-02
6.27500,4.354475e+02,1.953670e+02,-3.545310e-03,-2.274540e-02
6.27600,4.355967e+02,1.983024e+02,-3.445330e-03,-2.212650e-02
6.27700,4.359520e+02,2.027281e+02,-3.338590e-03,-2.147930e-02
6.27800,4.365714e+02,2.080729e+02,-3.225680e-03,-2.080480e-02
6.27900,4.371781e+02,2.120403e+02,-3.107030e-03,-2.010390e-02
6.28000,4.382547e+02,2.165329e+02,-2.983350e-03,-1.937760e-02
6.28100,4.392023e+02,2.200812e+02,-2.855320e-03,-1.862670e-02
6.28200,4.404669e+02,2.240311e+02,-2.723810e-03,-1.785180e-02
6.28300,4.418019e+02,2.261251e+02,-2.589540e-03,-1.705360e-02
6.28400,4.431451e+02,2.276861e+02,-2.453200e-03,-1.623290e-02
6.28500,4.443414e+02,2.283814e+02,-2.315500e-03,-1.539080e-02
6.28600,4.456843e+02,2.290121e+02,-2.177080e-03,-1.452840e-02
6.28700,4.470648e+02,2.294169e+02,-2.038500e-03,-1.364690e-02
6.28800,4.485179e+02,2.295512e+02,-1.900460e-03,-1.274720e-02
6.28900,4.496729e+02,2.298399e+02,-1.763790e-03,-1.183010e-02
6.29000,4.512371e+02,2.295609e+02,-1.629070e-03,-1.089620e-02
6.29100,4.527425e+02,2.286254e+02,-1.496880e-03,-9.946620e-03
6.29200,4.542926e+02,2.275572e+02,-1.367780e-03,-8.982180e-03
6.29300,4.558857e+02,2.257099e+02,-1.242300e-03,-8.004000e-03
6.29400,4.575137e+02,2.232080e+02,-1.120990e-03,-7.013300e-03
6.29500,4.591572e+02,2.202333e+02,-1.004430e-03,-6.011280e-03
6.29600,4.603929e+02,2.162573e+02,-8.932890e-04,-4.999200e-03
6.29700,4.620994e+02,2.116497e+02,-7.880730e-04,-3.978580e-03
6.29800,4.636134e+02,2.066091e+02,-6.892820e-04,-2.950850e-03
6.29900,4.650885e+02,2.014127e+02,-5.973960e-04,-1.917360e-03
6.30000,4.664951e+02,1.958015e+02,-5.128470e-04,-8.792880e-04
6.30100,4.679183e+02,1.899543e+02,-4.360590e-04,1.621840e-04
6.30200,4.692655e+02,1.835367e+02,-3.673370e-04,1.205880e-03
6.30300,4.706454e+02,1.767815e+02,-3.071030e-04,2.250680e-03
6.30400,4.719541e+02,1.698986e+02,-2.557840e-04,3.295410e-03
6.30500,4.732767e+02,1.624773e+02,-2.137870e-04,4.338920e-03
6.30600,4.745287e+02,1.551165e+02,-1.813750e-04,5.379920e-03
6.30700,4.754874e+02,1.475550e+02,-1.588060e-04,6.417000e-03
6.30800,4.763730e+02,1.400339e+02,-1.461780e-04,7.448780e-03
6.30900,4.772560e+02,1.326942e+02,-1.435600e-04,8.473800e-03
6.31000,4.780098e+02,1.249245e+02,-1.509490e-04,9.490800e-03
6.31100,4.786015e+02,1.178571e+02,-1.682570e-04,1.049840e-02
6.31200,4.789461e+02,1.098205e+02,-1.954790e-04,1.149540e-02
6.31300,4.792896e+02,1.024663e+02,-2.324330e-04,1.248050e-02
6.31400,4.795061e+02,9.450353e+01,-2.788830e-04,1.345250e-02
6.31500,4.795455e+02,8.623760e+01,-3.345650e-04,1.441010e-02
6.31600,4.795120e+02,7.769427e+01,-3.991800e-04,1.535220e-02
6.31700,4.793664e+02,6.920193e+01,-4.724390e-04,1.627740e-02
6.31800,4.791713e+02,6.056064e+01,-5.540730e-04,1.718450e-02
6.31900,4.788411e+02,5.207687e+01,-6.438250e-04,1.807250e-02
6.32000,4.785437e+02,4.339768e+01,-7.414520e-04,1.894050e-02
6.32100,4.780143e+02,3.554809e+01,-8.465460e-04,1.978730e-02
6.32200,4.772638e+02,2.676199e+01,-9.586790e-04,2.061180e-02
6.32300,4.764365e+02,1.928183e+01,-1.077300e-03,2.141250e-02
6.32400,4.755678e+02,1.156333e+01,-1.201810e-03,2.218840e-02
6.32500,4.746079e+02,3.235743e+00,-1.331640e-03,2.293860e-02
6.32600,4.733696e+02,-3.727943e+00,-1.466120e-03,2.366190e-02
6.32700,4.722707e+02,-1.206608e+01,-1.604470e-03,2.435750e-02
6.32800,4.710761e+02,-1.981591e+01,-1.746090e-03,2.502460e-02
6.32900,4.697542e+02,-2.638303e+01,-1.890270e-03,2.566220e-02
6.33000,4.684411e+02,-3.389553e+01,-2.036270e-03,2.626980e-02
6.33100,4.669815e+02,-4.089140e+01,-2.183260e-03,2.684670e-02
6.33200,4.655088e+02,-4.786200e+01,-2.330520e-03,2.739250e-02
6.33300,4.640067e+02,-5.489761e+01,-2.477460e-03,2.790650e-02
6.33400,4.630035e+02,-6.074119e+01,-2.623370e-03,2.838840e-02
6.33500,4.614973e+02,-6.763380e+01,-2.767630e-03,2.883770e-02
6.33600,4.602267e+02,-7.292500e+01,-2.909840e-03,2.925420e-02
6.33700,4.588869e+02,-7.891340e+01,-3.049280e-03,2.963770e-02
6.33800,4.576443e+02,-8.443880e+01,-3.185280e-03,2.998820e-02
6.33900,4.561602e+02,-8.963713e+01,-3.317080e-03,3.030470e-02
6.34000,4.549259e+02,-9.463160e+01,-3.444200e-03,3.058670e-02
6.34100,4.537179e+02,-1.005405e+02,-3.566070e-03,3.083370e-02
6.34200,4.524750e+02,-1.051841e+02,-3.682080e-03,3.104530e-02
6.34300,4.511233e+02,-1.102841e+02,-3.791600e-03,3.122080e-02
6.34400,4.496956e+02,-1.145316e+02,-3.894000e-03,3.136020e-02
6.34500,4.486507e+02,-1.204337e+02,-3.988610e-03,3.146300e-02
6.34600,4.474013e+02,-1.240229e+02,-4.074500e-03,3.152880e-02
6.34700,4.455815e+02,-1.295475e+02,-4.151370e-03,3.155750e-02
6.34800,4.452103e+02,-1.345493e+02,-4.218630e-03,3.154840e-02
6.34900,4.439477e+02,-1.390608e+02,-4.275910e-03,3.150100e-02
6.35000,4.434367e+02,-1.440413e+02,-4.323140e-03,3.141520e-02
6.35100,4.426491e+02,-1.488663e+02,-4.359870e-03,3.129130e-02
6.35200,4.420135e+02,-1.544663e+02,-4.385780e-03,3.112930e-02
6.35300,4.411155e+02,-1.583540e+02,-4.400740e-03,3.092980e-02
6.35400,4.406027e+02,-1.622773e+02,-4.404600e-03,3.069360e-02
6.35500,4.399460e+02,-1.668863e+02,-4.397430e-03,3.042130e-02
6.35600,4.393234e+02,-1.691465e+02,-4.379300e-03,3.011360e-02
6.35700,4.388592e+02,-1.734661e+02,-4.350700e-03,2.977060e-02
6.35800,4.388827e+02,-1.752241e+02,-4.311900e-03,2.939320e-02
6.35900,4.378644e+02,-1.771018e+02,-4.263260e-03,2.898180e-02
6.36000,4.381727e+02,-1.807561e+02,-4.204710e-03,2.853680e-02
6.36100,4.385813e+02,-1.825027e+02,-4.136330e-03,2.805840e-02
6.36200,4.390791e+02,-1.857144e+02,-4.058390e-03,2.754680e-02
6.36300,4.394241e+02,-1.875197e+02,-3.971480e-03,2.700260e-02
6.36400,4.397135e+02,-1.907411e+02,-3.876310e-03,2.642690e-02
6.36500,4.399089e+02,-1.929519e+02,-3.773480e-03,2.582110e-02
6.36600,4.404268e+02,-1.984748e+02,-3.663500e-03,2.518640e-02
6.36700,4.408869e+02,-2.031545e+02,-3.546720e-03,2.452340e-02
6.36800,4.408251e+02,-2.065695e+02,-3.423760e-03,2.383340e-02
6.36900,4.419286e+02,-2.131101e+02,-3.294850e-03,2.311730e-02
6.37000,4.422186e+02,-2.150371e+02,-3.160750e-03,2.237600e-02
6.37100,4.437021e+02,-2.211030e+02,-3.022020e-03,2.161010e-02
6.37200,4.446031e+02,-2.219005e+02,-2.879680e-03,2.082040e-02
6.37300,4.459895e+02,-2.239349e+02,-2.734290e-03,2.000780e-02
6.37400,4.470766e+02,-2.255032e+02,-2.586520e-03,1.917300e-02
6.37500,4.483379e+02,-2.269161e+02,-2.437270e-03,1.831710e-02
6.37600,4.496702e+02,-2.271490e+02,-2.287290e-03,1.744120e-02
6.37700,4.512705e+02,-2.278943e+02,-2.137250e-03,1.654630e-02
6.37800,4.523877e+02,-2.288610e+02,-1.988100e-03,1.563320e-02
6.37900,4.537447e+02,-2.288973e+02,-1.840580e-03,1.470270e-02
6.38000,4.552738e+02,-2.284507e+02,-1.695460e-03,1.375560e-02
6.38100,4.567753e+02,-2.271385e+02,-1.553310e-03,1.279300e-02
6.38200,4.581665e+02,-2.255117e+02,-1.414740e-03,1.181590e-02
6.38300,4.596031e+02,-2.229923e+02,-1.280210e-03,1.082550e-02
6.38400,4.610529e+02,-2.197193e+02,-1.150260e-03,9.823220e-03
6.38500,4.624513e+02,-2.158349e+02,-1.025520e-03,8.810210e-03
6.38600,4.638475e+02,-2.113639e+02,-9.065100e-04,7.787780e-03
6.38700,4.652409e+02,-2.060590e+02,-7.936800e-04,6.757360e-03
6.38800,4.665968e+02,-2.005127e+02,-6.874980e-04,5.720380e-03
6.38900,4.679153e+02,-1.945610e+02,-5.883700e-04,4.678140e-03
6.39000,4.692241e+02,-1.881722e+02,-4.966740e-04,3.631860e-03
6.39100,4.705297e+02,-1.816009e+02,-4.127960e-04,2.582740e-03
6.39200,4.717293e+02,-1.746106e+02,-3.371540e-04,1.531970e-03
6.39300,4.729228e+02,-1.673812e+02,-2.701580e-04,4.807940e-04
6.39400,4.740980e+02,-1.598496e+02,-2.122160e-04,-5.695260e-04
6.39500,4.750793e+02,-1.520556e+02,-1.637040e-04,-1.617640e-03
6.39600,4.759592e+02,-1.441892e+02,-1.249330e-04,-2.662140e-03
6.39700,4.768009e+02,-1.363263e+02,-9.612420e-05,-3.701660e-03
6.39800,4.774328e+02,-1.286203e+02,-7.744780e-05,-4.734750e-03
6.39900,4.780466e+02,-1.206190e+02,-6.901910e-05,-5.759970e-03
6.40000,4.786711e+02,-1.129041e+02,-7.088310e-05,-6.776040e-03
6.40100,4.790402e+02,-1.047835e+02,-8.303120e-05,-7.781750e-03
6.40200,4.793102e+02,-9.645780e+01,-1.053460e-04,-8.775800e-03
6.40300,4.793615e+02,-8.849100e+01,-1.376510e-04,-9.756990e-03
6.40400,4.793881e+02,-7.978640e+01,-1.796880e-04,-1.072410e-02
6.40500,4.791500e+02,-7.176673e+01,-2.311740e-04,-1.167590e-02
6.40600,4.788375e+02,-6.259959e+01,-2.918600e-04,-1.261090e-02
6.40700,4.784110e+02,-5.384287e+01,-3.613440e-04,-1.352790e-02
6.40800,4.777720e+02,-4.564015e+01,-4.392840e-04,-1.442540e-02
6.40900,4.772423e+02,-3.660597e+01,-5.251360e-04,-1.530260e-02
6.41000,4.763465e+02,-2.885942e+01,-6.186180e-04,-1.615820e-02
6.41100,4.755700e+02,-1.995021e+01,-7.192080e-04,-1.699130e-02
6.41200,4.745087e+02,-1.263723e+01,-8.264310e-04,-1.780070e-02
6.41300,4.735203e+02,-4.817042e+00,-9.397460e-04,-1.858570e-02
6.41400,4.723764e+02,3.667961e+00,-1.058630e-03,-1.934520e-02
6.41500,4.711959e+02,1.121158e+01,-1.182420e-03,-2.007820e-02
6.41600,4.699352e+02,1.914061e+01,-1.310530e-03,-2.078380e-02
6.41700,4.686837e+02,2.730409e+01,-1.442360e-03,-2.146120e-02
6.41800,4.672434e+02,3.446469e+01,-1.577260e-03,-2.210940e-02
6.41900,4.658582e+02,4.176906e+01,-1.714640e-03,-2.272770e-02
6.42000,4.645723e+02,4.850509e+01,-1.853880e-03,-2.331530e-02
6.42100,4.630550e+02,5.636377e+01,-1.994180e-03,-2.387170e-02
6.42200,4.614723e+02,6.174933e+01,-2.135000e-03,-2.439610e-02
6.42300,4.601445e+02,6.919627e+01,-2.275510e-03,-2.488830e-02
6.42400,4.584315e+02,7.507373e+01,-2.415140e-03,-2.534770e-02
6.42500,4.565960e+02,8.005500e+01,-2.553360e-03,-2.577430e-02
6.42600,4.554384e+02,8.728360e+01,-2.689310e-03,-2.616810e-02
6.42700,4.538522e+02,9.324773e+01,-2.822320e-03,-2.652920e-02
6.42800,4.522860e+02,9.851100e+01,-2.951630e-03,-2.685670e-02
6.42900,4.509417e+02,1.047015e+02,-3.076740e-03,-2.714970e-02
6.43000,4.495584e+02,1.087321e+02,-3.196970e-03,-2.740750e-02
6.43100,4.480418e+02,1.134556e+02,-3.311660e-03,-2.762970e-02
6.43200,4.468260e+02,1.180884e+02,-3.420310e-03,-2.781600e-02
6.43300,4.455010e+02,1.219486e+02,-3.522180e-03,-2.796630e-02
6.43400,4.444849e+02,1.274827e+02,-3.616760e-03,-2.808020e-02
6.43500,4.430863e+02,1.311213e+02,-3.703530e-03,-2.815760e-02
6.43600,4.423221e+02,1.365066e+02,-3.781960e-03,-2.819780e-02
6.43700,4.410591e+02,1.399737e+02,-3.851600e-03,-2.820040e-02
6.43800,4.401479e+02,1.450229e+02,-3.912210e-03,-2.816530e-02
6.43900,4.392629e+02,1.503987e+02,-3.963350e-03,-2.809210e-02
6.44000,4.380248e+02,1.528963e+02,-4.004390e-03,-2.798070e-02
6.44100,4.371170e+02,1.601081e+02,-4.035360e-03,-2.783150e-02
6.44200,4.366811e+02,1.628727e+02,-4.056040e-03,-2.764480e-02
6.44300,4.361143e+02,1.665143e+02,-4.066240e-03,-2.742160e-02
6.44400,4.355011e+02,1.709272e+02,-4.066180e-03,-2.716230e-02
6.44500,4.351173e+02,1.726768e+02,-4.055870e-03,-2.686760e-02
6.44600,4.347746e+02,1.760616e+02,-4.035490e-03,-2.653800e-02
6.44700,4.345666e+02,1.786062e+02,-4.005240e-03,-2.617400e-02
6.44800,4.340951e+02,1.809111e+02,-3.965410e-03,-2.577660e-02
6.44900,4.337449e+02,1.836956e+02,-3.916550e-03,-2.534600e-02
6.45000,4.342926e+02,1.854194e+02,-3.858370e-03,-2.488270e-02
6.45100,4.343143e+02,1.882759e+02,-3.791080e-03,-2.438670e-02
6.45200,4.349563e+02,1.901323e+02,-3.714650e-03,-2.385820e-02
6.45300,4.348336e+02,1.919722e+02,-3.629900e-03,-2.329830e-02
6.45400,4.355541e+02,1.954404e+02,-3.537170e-03,-2.270800e-02
6.45500,4.355103e+02,1.980785e+02,-3.437230e-03,-2.208870e-02
6.45600,4.360913e+02,2.033242e+02,-3.330620e-03,-2.144120e-02
6.45700,4.363780e+02,2.072585e+02,-3.217800e-03,-2.076640e-02
6.45800,4.373965e+02,2.126158e+02,-3.099310e-03,-2.006530e-02
6.45900,4.383189e+02,2.162643e+02,-2.975830e-03,-1.933880e-02
6.46000,4.393968e+02,2.202695e+02,-2.848050e-03,-1.858770e-02
6.46100,4.405847e+02,2.237311e+02,-2.716740e-03,-1.781270e-02
6.46200,4.419641e+02,2.262848e+02,-2.582600e-03,-1.701440e-02
6.46300,4.432324e+02,2.278464e+02,-2.446400e-03,-1.619350e-02
6.46400,4.444202e+02,2.283378e+02,-2.308860e-03,-1.535120e-02
6.46500,4.456699e+02,2.290127e+02,-2.170480e-03,-1.448880e-02
6.46600,4.470295e+02,2.298229e+02,-2.031880e-03,-1.360710e-02
6.46700,4.484959e+02,2.297500e+02,-1.893760e-03,-1.270740e-02
6.46800,4.496899e+02,2.297204e+02,-1.756940e-03,-1.179030e-02
6.46900,4.511407e+02,2.296756e+02,-1.622100e-03,-1.085660e-02
6.47000,4.528200e+02,2.288951e+02,-1.489820e-03,-9.907190e-03
6.47100,4.544355e+02,2.275875e+02,-1.360720e-03,-8.942900e-03
6.47200,4.560367e+02,2.256710e+02,-1.235400e-03,-7.964860e-03
6.47300,4.578085e+02,2.233781e+02,-1.114410e-03,-6.974260e-03
6.47400,4.594817e+02,2.199619e+02,-9.982610e-04,-5.972410e-03
6.47500,4.607480e+02,2.162841e+02,-8.876770e-04,-4.960440e-03
6.47600,4.622267e+02,2.115901e+02,-7.831340e-04,-3.939900e-03
6.47700,4.637040e+02,2.063377e+02,-6.850580e-04,-2.912270e-03
6.47800,4.650690e+02,2.011882e+02,-5.938880e-04,-1.878910e-03
6.47900,4.665098e+02,1.956294e+02,-5.099620e-04,-8.410110e-04
6.48000,4.677733e+02,1.895758e+02,-4.336020e-04,2.002020e-04
6.48100,4.691927e+02,1.834440e+02,-3.652660e-04,1.243590e-03
6.48200,4.706797e+02,1.767365e+02,-3.053880e-04,2.288010e-03
6.48300,4.721042e+02,1.696677e+02,-2.544100e-04,3.332320e-03
6.48400,4.734304e+02,1.623118e+02,-2.127270e-04,4.375350e-03
6.48500,4.746407e+02,1.547900e+02,-1.806040e-04,5.415830e-03
6.48600,4.755379e+02,1.473779e+02,-1.582820e-04,6.452410e-03
6.48700,4.764711e+02,1.393632e+02,-1.458830e-04,7.483560e-03
6.48800,4.772701e+02,1.324365e+02,-1.434510e-04,8.507930e-03
6.48900,4.778947e+02,1.248919e+02,-1.510210e-04,9.524190e-03
6.49000,4.785006e+02,1.174372e+02,-1.685370e-04,1.053110e-02
6.49100,4.789270e+02,1.099291e+02,-1.959750e-04,1.152730e-02
6.49200,4.792602e+02,1.019790e+02,-2.331310e-04,1.251170e-02
6.49300,4.793944e+02,9.438313e+01,-2.797520e-04,1.348290e-02
6.49400,4.794705e+02,8.590693e+01,-3.356210e-04,1.443980e-02
6.49500,4.795747e+02,7.762760e+01,-4.005330e-04,1.538110e-02
6.49600,4.795456e+02,6.893607e+01,-4.742590e-04,1.630540e-02
6.49700,4.794501e+02,6.021811e+01,-5.565240e-04,1.721160e-02
6.49800,4.790668e+02,5.202539e+01,-6.470110e-04,1.809850e-02
6.49900,4.786867e+02,4.346028e+01,-7.453300e-04,1.896540e-02
6.50000,4.780989e+02,3.524042e+01,-8.510590e-04,1.981110e-02
6.50100,4.773042e+02,2.673127e+01,-9.638050e-04,2.063450e-02
6.50200,4.762780e+02,2.003355e+01,-1.082860e-03,2.143410e-02
6.50300,4.754056e+02,1.121473e+01,-1.207540e-03,2.220890e-02
6.50400,4.743118e+02,3.793093e+00,-1.337190e-03,2.295790e-02
6.50500,4.731807e+02,-4.857213e+00,-1.471330e-03,2.368020e-02
6.50600,4.718459e+02,-1.127717e+01,-1.609200e-03,2.437470e-02
6.50700,4.707840e+02,-1.947719e+01,-1.750260e-03,2.504070e-02
6.50800,4.696713e+02,-2.703187e+01,-1.893850e-03,2.567730e-02
6.50900,4.685984e+02,-3.381531e+01,-2.039390e-03,2.628360e-02
6.51000,4.670308e+02,-4.131321e+01,-2.186080e-03,2.685930e-02
6.51100,4.657506e+02,-4.770038e+01,-2.333350e-03,2.740370e-02
6.51200,4.643879e+02,-5.539120e+01,-2.480460e-03,2.791640e-02
6.51300,4.631115e+02,-6.151766e+01,-2.626750e-03,2.839680e-02
6.51400,4.617028e+02,-6.742860e+01,-2.771560e-03,2.884450e-02
6.51500,4.601937e+02,-7.294427e+01,-2.914320e-03,2.925930e-02
6.51600,4.589516e+02,-7.894193e+01,-3.054230e-03,2.964120e-02
6.51700,4.573521e+02,-8.410153e+01,-3.190470e-03,2.999010e-02
6.51800,4.560277e+02,-8.934747e+01,-3.322240e-03,3.030490e-02
6.51900,4.547405e+02,-9.494267e+01,-3.449080e-03,3.058520e-02
6.52000,4.536579e+02,-9.974767e+01,-3.570400e-03,3.083040e-02
6.52100,4.520662e+02,-1.045973e+02,-3.685640e-03,3.104020e-02
6.52200,4.508271e+02,-1.101469e+02,-3.794190e-03,3.121420e-02
6.52300,4.496331e+02,-1.148203e+02,-3.895500e-03,3.135200e-02
6.52400,4.484302e+02,-1.198734e+02,-3.988960e-03,3.145330e-02
6.52500,4.474955e+02,-1.251405e+02,-4.074000e-03,3.151750e-02
6.52600,4.459140e+02,-1.293699e+02,-4.150150e-03,3.154450e-02
6.52700,4.453942e+02,-1.350597e+02,-4.216940e-03,3.153370e-02
6.52800,4.441101e+02,-1.389597e+02,-4.273850e-03,3.148460e-02
6.52900,4.432927e+02,-1.442329e+02,-4.320820e-03,3.139730e-02
6.53000,4.428811e+02,-1.491359e+02,-4.357330e-03,3.127180e-02
6.53100,4.419133e+02,-1.545095e+02,-4.383070e-03,3.110820e-02
6.53200,4.410516e+02,-1.582349e+02,-4.397930e-03,3.090700e-02
6.53300,4.406171e+02,-1.623192e+02,-4.401660e-03,3.066920e-02
6.53400,4.399057e+02,-1.669125e+02,-4.394420e-03,3.039520e-02
6.53500,4.393447e+02,-1.689147e+02,-4.376100e-03,3.008580e-02
6.53600,4.387718e+02,-1.726166e+02,-4.347090e-03,2.974140e-02
6.53700,4.386279e+02,-1.760320e+02,-4.307800e-03,2.936240e-02
6.53800,4.382150e+02,-1.774203e+02,-4.258680e-03,2.894940e-02
6.53900,4.383196e+02,-1.803113e+02,-4.199620e-03,2.850280e-02
6.54000,4.385345e+02,-1.827331e+02,-4.130780e-03,2.802290e-02
6.54100,4.391418e+02,-1.857095e+02,-4.052340e-03,2.750980e-02
6.54200,4.393705e+02,-1.871108e+02,-3.964950e-03,2.696440e-02
6.54300,4.396383e+02,-1.910319e+02,-3.869250e-03,2.638760e-02
6.54400,4.398629e+02,-1.934457e+02,-3.765880e-03,2.578080e-02
6.54500,4.405157e+02,-1.984359e+02,-3.655170e-03,2.514510e-02
6.54600,4.404475e+02,-2.024916e+02,-3.537840e-03,2.448130e-02
6.54700,4.411862e+02,-2.081065e+02,-3.414410e-03,2.379040e-02
6.54800,4.417232e+02,-2.108547e+02,-3.285360e-03,2.307340e-02
6.54900,4.427509e+02,-2.174029e+02,-3.151240e-03,2.233120e-02
6.55000,4.437015e+02,-2.189979e+02,-3.012770e-03,2.156440e-02
6.55100,4.449822e+02,-2.222700e+02,-2.870660e-03,2.077390e-02
6.55200,4.461593e+02,-2.240842e+02,-2.725710e-03,1.996030e-02
6.55300,4.474125e+02,-2.253133e+02,-2.578500e-03,1.912470e-02
6.55400,4.484175e+02,-2.262562e+02,-2.429740e-03,1.826800e-02
6.55500,4.496288e+02,-2.274795e+02,-2.280140e-03,1.739150e-02
6.55600,4.511717e+02,-2.280763e+02,-2.130460e-03,1.649600e-02
6.55700,4.523655e+02,-2.285555e+02,-1.981640e-03,1.558240e-02
6.55800,4.539275e+02,-2.287976e+02,-1.834360e-03,1.465150e-02
6.55900,4.552337e+02,-2.281690e+02,-1.689200e-03,1.370420e-02
6.56000,4.565165e+02,-2.269361e+02,-1.546820e-03,1.274140e-02
6.56100,4.581715e+02,-2.252241e+02,-1.407880e-03,1.176410e-02
6.56200,4.596563e+02,-2.226360e+02,-1.273040e-03,1.077370e-02
6.56300,4.613224e+02,-2.193358e+02,-1.142920e-03,9.771180e-03
6.56400,4.627261e+02,-2.153419e+02,-1.018180e-03,8.758030e-03
6.56500,4.640144e+02,-2.107356e+02,-8.994450e-04,7.735440e-03
6.56600,4.654607e+02,-2.056338e+02,-7.870490e-04,6.704880e-03
6.56700,4.668154e+02,-1.999392e+02,-6.814430e-04,5.667750e-03
6.56800,4.681383e+02,-1.939885e+02,-5.830020e-04,4.625410e-03
6.56900,4.694531e+02,-1.877401e+02,-4.920740e-04,3.579080e-03
6.57000,4.706737e+02,-1.811105e+02,-4.090380e-04,2.530010e-03
6.57100,4.718381e+02,-1.741509e+02,-3.342680e-04,1.479420e-03
6.57200,4.729886e+02,-1.667899e+02,-2.681140e-04,4.285350e-04
6.57300,4.741267e+02,-1.593533e+02,-2.109310e-04,-6.213720e-04
6.57400,4.750177e+02,-1.516236e+02,-1.629510e-04,-1.668950e-03
6.57500,4.758159e+02,-1.435107e+02,-1.245310e-04,-2.712840e-03
6.57600,4.766923e+02,-1.358131e+02,-9.593140e-05,-3.751650e-03
6.57700,4.774750e+02,-1.278759e+02,-7.736210e-05,-4.783960e-03
6.57800,4.780898e+02,-1.201208e+02,-6.903820e-05,-5.808400e-03
6.57900,4.787311e+02,-1.120489e+02,-7.105740e-05,-6.823650e-03
6.58000,4.790592e+02,-1.042012e+02,-8.341770e-05,-7.828520e-03
6.58100,4.793618e+02,-9.590420e+01,-1.060040e-04,-8.821730e-03
6.58200,4.794339e+02,-8.771067e+01,-1.386660e-04,-9.802040e-03
6.58300,4.795305e+02,-7.942047e+01,-1.811340e-04,-1.076830e-02
6.58400,4.792472e+02,-7.089847e+01,-2.331770e-04,-1.171910e-02
6.58500,4.789371e+02,-6.225545e+01,-2.944630e-04,-1.265310e-02
6.58600,4.783959e+02,-5.347977e+01,-3.646050e-04,-1.356900e-02
6.58700,4.777513e+02,-4.519667e+01,-4.431020e-04,-1.446540e-02
6.58800,4.770760e+02,-3.633545e+01,-5.294480e-04,-1.534130e-02
6.58900,4.762583e+02,-2.836817e+01,-6.232050e-04,-1.619570e-02
6.59000,4.753719e+02,-2.034551e+01,-7.240430e-04,-1.702740e-02
6.59100,4.744996e+02,-1.198224e+01,-8.313680e-04,-1.783550e-02
6.59200,4.734768e+02,-4.000447e+00,-9.449250e-04,-1.861880e-02
6.59300,4.724473e+02,3.341415e+00,-1.063930e-03,-1.937670e-02
6.59400,4.712258e+02,1.215219e+01,-1.187860e-03,-2.010810e-02
6.59500,4.699943e+02,1.987197e+01,-1.316090e-03,-2.081200e-02
6.59600,4.685551e+02,2.651345e+01,-1.447940e-03,-2.148760e-02
6.59700,4.672559e+02,3.533381e+01,-1.582790e-03,-2.213410e-02
6.59800,4.657729e+02,4.198352e+01,-1.720040e-03,-2.275060e-02
6.59900,4.644988e+02,4.983509e+01,-1.859100e-03,-2.333650e-02
6.60000,4.627701e+02,5.542996e+01,-1.999190e-03,-2.389100e-02
6.60100,4.611615e+02,6.258010e+01,-2.139640e-03,-2.441380e-02
6.60200,4.599385e+02,6.860600e+01,-2.279780e-03,-2.490410e-02
6.60300,4.582059e+02,7.574640e+01,-2.418950e-03,-2.536190e-02
6.60400,4.567298e+02,8.055533e+01,-2.556740e-03,-2.578670e-02
6.60500,4.553316e+02,8.724107e+01,-2.692360e-03,-2.617880e-02
6.60600,4.542205e+02,9.394640e+01,-2.825180e-03,-2.653800e-02
6.60700,4.523586e+02,9.894253e+01,-2.954470e-03,-2.686360e-02
6.60800,4.510355e+02,1.046818e+02,-3.079600e-03,-2.715440e-02
6.60900,4.496242e+02,1.092588e+02,-3.199970e-03,-2.741000e-02
6.61000,4.482247e+02,1.133507e+02,-3.314770e-03,-2.762990e-02
6.61100,4.468787e+02,1.182775e+02,-3.423400e-03,-2.781400e-02
6.61200,4.454897e+02,1.221858e+02,-3.525160e-03,-2.796190e-02
6.61300,4.442189e+02,1.269764e+02,-3.619430e-03,-2.807350e-02
6.61400,4.432312e+02,1.311600e+02,-3.705590e-03,-2.814850e-02
6.61500,4.418173e+02,1.362307e+02,-3.783230e-03,-2.818630e-02
6.61600,4.408753e+02,1.397977e+02,-3.851810e-03,-2.818670e-02
6.61700,4.400151e+02,1.451144e+02,-3.911220e-03,-2.814940e-02
6.61800,4.390505e+02,1.502659e+02,-3.961030e-03,-2.807420e-02
6.61900,4.379319e+02,1.536591e+02,-4.000730e-03,-2.796090e-02
6.62000,4.370287e+02,1.603534e+02,-4.030370e-03,-2.780970e-02
6.62100,4.366769e+02,1.634387e+02,-4.049820e-03,-2.762110e-02
6.62200,4.363836e+02,1.672557e+02,-4.059210e-03,-2.739580e-02
6.62300,4.353973e+02,1.702036e+02,-4.058550e-03,-2.713470e-02
6.62400,4.354669e+02,1.737863e+02,-4.047960e-03,-2.683820e-02
6.62500,4.352415e+02,1.766843e+02,-4.027690e-03,-2.650660e-02
6.62600,4.346470e+02,1.774542e+02,-3.997650e-03,-2.614090e-02
6.62700,4.344353e+02,1.817521e+02,-3.958180e-03,-2.574160e-02
6.62800,4.337287e+02,1.834059e+02,-3.909550e-03,-2.530930e-02
6.62900,4.341973e+02,1.859468e+02,-3.851530e-03,-2.484410e-02
6.63000,4.343719e+02,1.880670e+02,-3.784230e-03,-2.434630e-02
6.63100,4.350221e+02,1.901775e+02,-3.707800e-03,-2.381610e-02
6.63200,4.347578e+02,1.916769e+02,-3.622760e-03,-2.325450e-02
6.63300,4.354371e+02,1.951485e+02,-3.529720e-03,-2.266280e-02
6.63400,4.356699e+02,1.988372e+02,-3.429230e-03,-2.204200e-02
6.63500,4.360093e+02,2.030305e+02,-3.321920e-03,-2.139310e-02
6.63600,4.365653e+02,2.075949e+02,-3.208320e-03,-2.071710e-02
6.63700,4.375448e+02,2.128781e+02,-3.089120e-03,-2.001480e-02
6.63800,4.385134e+02,2.163953e+02,-2.965110e-03,-1.928710e-02
6.63900,4.395173e+02,2.196807e+02,-2.836830e-03,-1.853500e-02
6.64000,4.406091e+02,2.243349e+02,-2.705110e-03,-1.775890e-02
6.64100,4.420022e+02,2.259579e+02,-2.570640e-03,-1.695950e-02
6.64200,4.432399e+02,2.276549e+02,-2.434170e-03,-1.613770e-02
6.64300,4.445285e+02,2.284292e+02,-2.296510e-03,-1.529450e-02
6.64400,4.456976e+02,2.288364e+02,-2.158360e-03,-1.443120e-02
6.64500,4.473622e+02,2.293999e+02,-2.020320e-03,-1.354880e-02
6.64600,4.487902e+02,2.291738e+02,-1.882900e-03,-1.264850e-02
6.64700,4.499192e+02,2.298330e+02,-1.746940e-03,-1.173100e-02
6.64800,4.515164e+02,2.293123e+02,-1.612980e-03,-1.079700e-02
6.64900,4.530253e+02,2.285403e+02,-1.481560e-03,-9.847240e-03
6.65000,4.545255e+02,2.273680e+02,-1.353290e-03,-8.882760e-03
6.65100,4.561603e+02,2.253639e+02,-1.228700e-03,-7.904620e-03
6.65200,4.578050e+02,2.229341e+02,-1.108320e-03,-6.913990e-03
6.65300,4.593375e+02,2.194845e+02,-9.926880e-04,-5.912200e-03
6.65400,4.607142e+02,2.155759e+02,-8.823860e-04,-4.900500e-03
6.65500,4.621883e+02,2.110283e+02,-7.779840e-04,-3.880320e-03
6.65600,4.636733e+02,2.057945e+02,-6.799700e-04,-2.853150e-03
6.65700,4.651855e+02,2.006813e+02,-5.888290e-04,-1.820330e-03
6.65800,4.667477e+02,1.949414e+02,-5.049560e-04,-7.830670e-04
6.65900,4.681400e+02,1.891712e+02,-4.288390e-04,2.575040e-04
6.66000,4.694395e+02,1.829354e+02,-3.608100e-04,1.300240e-03
6.66100,4.707231e+02,1.760795e+02,-3.013390e-04,2.343990e-03
6.66200,4.721084e+02,1.690978e+02,-2.508210e-04,3.387580e-03
6.66300,4.735053e+02,1.616174e+02,-2.096370e-04,4.429820e-03
6.66400,4.745731e+02,1.541584e+02,-1.781430e-04,5.469380e-03
6.66500,4.756062e+02,1.464091e+02,-1.565500e-04,6.504840e-03
6.66600,4.764993e+02,1.391906e+02,-1.449220e-04,7.534860e-03
6.66700,4.773389e+02,1.314563e+02,-1.433510e-04,8.557990e-03
6.66800,4.780492e+02,1.237571e+02,-1.518200e-04,9.572940e-03
6.66900,4.786615e+02,1.171662e+02,-1.701900e-04,1.057840e-02
6.67000,4.790127e+02,1.085519e+02,-1.984390e-04,1.157310e-02
6.67100,4.793425e+02,1.016454e+02,-2.363580e-04,1.255590e-02
6.67200,4.795027e+02,9.349647e+01,-2.836750e-04,1.352550e-02
6.67300,4.795091e+02,8.503320e+01,-3.401270e-04,1.448060e-02
6.67400,4.794309e+02,7.712440e+01,-4.054080e-04,1.542000e-02
6.67500,4.792443e+02,6.819460e+01,-4.792140e-04,1.634250e-02
6.67600,4.790688e+02,5.973525e+01,-5.612420e-04,1.724680e-02
6.67700,4.786887e+02,5.153561e+01,-6.512760e-04,1.813190e-02
6.67800,4.783859e+02,4.267172e+01,-7.491030e-04,1.899680e-02
6.67900,4.779517e+02,3.466731e+01,-8.543370e-04,1.984070e-02
6.68000,4.771612e+02,2.631179e+01,-9.665710e-04,2.066210e-02
6.68100,4.762923e+02,1.889699e+01,-1.085260e-03,2.145970e-02
6.68200,4.754474e+02,1.076789e+01,-1.209810e-03,2.223250e-02
6.68300,4.745565e+02,2.812025e+00,-1.339660e-03,2.297950e-02
6.68400,4.733774e+02,-5.284497e+00,-1.474240e-03,2.369960e-02
6.68500,4.719628e+02,-1.160829e+01,-1.612800e-03,2.439200e-02
6.68600,4.709185e+02,-2.031041e+01,-1.754510e-03,2.505580e-02
6.68700,4.697217e+02,-2.781143e+01,-1.898730e-03,2.569010e-02
6.68800,4.682710e+02,-3.384266e+01,-2.044650e-03,2.629430e-02
6.68900,4.667967e+02,-4.141354e+01,-2.191520e-03,2.686780e-02
6.69000,4.652803e+02,-4.835873e+01,-2.338610e-03,2.741020e-02
6.69100,4.640777e+02,-5.473395e+01,-2.485280e-03,2.792080e-02
6.69200,4.626188e+02,-6.185871e+01,-2.630820e-03,2.839920e-02
6.69300,4.614331e+02,-6.720633e+01,-2.774710e-03,2.884500e-02
6.69400,4.600525e+02,-7.383553e+01,-2.916320e-03,2.925800e-02
6.69500,4.588777e+02,-7.872527e+01,-3.055100e-03,2.963820e-02
6.69600,4.571959e+02,-8.457640e+01,-3.190270e-03,2.998530e-02
6.69700,4.561899e+02,-9.019787e+01,-3.321210e-03,3.029830e-02
6.69800,4.550129e+02,-9.496793e+01,-3.447540e-03,3.057660e-02
6.69900,4.536979e+02,-9.965347e+01,-3.568360e-03,3.081980e-02
6.70000,4.520227e+02,-1.057713e+02,-3.683410e-03,3.102760e-02
6.70100,4.508607e+02,-1.088698e+02,-3.791750e-03,3.119950e-02
6.70200,4.493702e+02,-1.152792e+02,-3.892920e-03,3.133550e-02
6.70300,4.485043e+02,-1.198329e+02,-3.986230e-03,3.143490e-02
6.70400,4.468687e+02,-1.247517e+02,-4.071130e-03,3.149740e-02
6.70500,4.463147e+02,-1.299875e+02,-4.147170e-03,3.152260e-02
6.70600,4.452662e+02,-1.337618e+02,-4.213790e-03,3.151010e-02
6.70700,4.443325e+02,-1.393484e+02,-4.270560e-03,3.145940e-02
6.70800,4.433545e+02,-1.434617e+02,-4.317040e-03,3.137040e-02
6.70900,4.425807e+02,-1.497015e+02,-4.353040e-03,3.124320e-02
6.71000,4.419209e+02,-1.531084e+02,-4.377990e-03,3.107800e-02
6.71100,4.410432e+02,-1.589037e+02,-4.391860e-03,3.087530e-02
6.71200,4.401631e+02,-1.620596e+02,-4.394760e-03,3.063610e-02
6.71300,4.398265e+02,-1.660071e+02,-4.386480e-03,3.036090e-02
6.71400,4.390477e+02,-1.701030e+02,-4.367510e-03,3.005050e-02
6.71500,4.391563e+02,-1.726001e+02,-4.337850e-03,2.970510e-02
6.71600,4.383621e+02,-1.745985e+02,-4.297900e-03,2.932530e-02
6.71700,4.381553e+02,-1.780645e+02,-4.248270e-03,2.891170e-02
6.71800,4.384509e+02,-1.798481e+02,-4.188820e-03,2.846440e-02
6.71900,4.387302e+02,-1.829257e+02,-4.119810e-03,2.798390e-02
6.72000,4.393322e+02,-1.854520e+02,-4.041430e-03,2.747020e-02
6.72100,4.395569e+02,-1.869509e+02,-3.954300e-03,2.692400e-02
6.72200,4.397722e+02,-1.908005e+02,-3.859010e-03,2.634660e-02
6.72300,4.399052e+02,-1.930695e+02,-3.756110e-03,2.573920e-02
6.72400,4.407283e+02,-1.984778e+02,-3.645920e-03,2.510280e-02
6.72500,4.404177e+02,-2.018129e+02,-3.529060e-03,2.443860e-02
6.72600,4.411196e+02,-2.078391e+02,-3.405830e-03,2.374740e-02
6.72700,4.414947e+02,-2.108345e+02,-3.276840e-03,2.303030e-02
6.72800,4.426767e+02,-2.170111e+02,-3.142610e-03,2.228810e-02
6.72900,4.433586e+02,-2.184514e+02,-3.003830e-03,2.152150e-02
6.73000,4.447535e+02,-2.224738e+02,-2.861400e-03,2.073140e-02
6.73100,4.460695e+02,-2.236405e+02,-2.716050e-03,1.991830e-02
6.73200,4.473607e+02,-2.251869e+02,-2.568570e-03,1.908310e-02
6.73300,4.485802e+02,-2.260113e+02,-2.419770e-03,1.822700e-02
6.73400,4.499277e+02,-2.270061e+02,-2.270370e-03,1.735090e-02
6.73500,4.514725e+02,-2.278161e+02,-2.121140e-03,1.645590e-02
6.73600,4.527797e+02,-2.281279e+02,-1.972860e-03,1.554290e-02
6.73700,4.538953e+02,-2.282663e+02,-1.826240e-03,1.461250e-02
6.73800,4.554022e+02,-2.280113e+02,-1.681960e-03,1.366570e-02
6.73900,4.567305e+02,-2.263179e+02,-1.540490e-03,1.270350e-02
6.74000,4.580353e+02,-2.247069e+02,-1.402410e-03,1.172690e-02
6.74100,4.594501e+02,-2.222157e+02,-1.268320e-03,1.073720e-02
6.74200,4.611476e+02,-2.186855e+02,-1.138760e-03,9.735580e-03
6.74300,4.625800e+02,-2.147943e+02,-1.014420e-03,8.723360e-03
6.74400,4.639713e+02,-2.103302e+02,-8.959470e-04,7.701810e-03
6.74500,4.654822e+02,-2.050674e+02,-7.837600e-04,6.672360e-03
6.74600,4.668859e+02,-1.994448e+02,-6.782860e-04,5.636380e-03
6.74700,4.681953e+02,-1.934507e+02,-5.799700e-04,4.595170e-03
6.74800,4.695353e+02,-1.871971e+02,-4.891440e-04,3.549950e-03
6.74900,4.706865e+02,-1.805056e+02,-4.062050e-04,2.501960e-03
6.75000,4.718307e+02,-1.735200e+02,-3.315230e-04,1.452410e-03
6.75100,4.729108e+02,-1.663537e+02,-2.654860e-04,4.025560e-04
6.75200,4.740001e+02,-1.587563e+02,-2.084850e-04,-6.463310e-04
6.75300,4.749166e+02,-1.511419e+02,-1.608300e-04,-1.692890e-03
6.75400,4.758543e+02,-1.430366e+02,-1.228100e-04,-2.735740e-03
6.75500,4.767536e+02,-1.352788e+02,-9.467510e-05,-3.773490e-03
6.75600,4.775519e+02,-1.274453e+02,-7.661290e-05,-4.804760e-03
6.75700,4.782234e+02,-1.197069e+02,-6.878750e-05,-5.828160e-03
6.75800,4.787223e+02,-1.115265e+02,-7.135800e-05,-6.842360e-03
6.75900,4.792067e+02,-1.038148e+02,-8.427280e-05,-7.846190e-03
6.76000,4.793679e+02,-9.528973e+01,-1.074710e-04,-8.838350e-03
6.76100,4.795096e+02,-8.746633e+01,-1.406040e-04,-9.817550e-03
6.76200,4.793221e+02,-7.913720e+01,-1.834050e-04,-1.078260e-02
6.76300,4.791761e+02,-7.054060e+01,-2.355980e-04,-1.173240e-02
6.76400,4.788572e+02,-6.195158e+01,-2.968580e-04,-1.266560e-02
6.76500,4.783201e+02,-5.313511e+01,-3.668160e-04,-1.358060e-02
6.76600,4.776526e+02,-4.476310e+01,-4.450190e-04,-1.447620e-02
6.76700,4.769169e+02,-3.638559e+01,-5.310030e-04,-1.535140e-02
6.76800,4.762093e+02,-2.799739e+01,-6.243720e-04,-1.620530e-02
6.76900,4.754645e+02,-1.975293e+01,-7.249960e-04,-1.703640e-02
6.77000,4.746136e+02,-1.204124e+01,-8.321820e-04,-1.784380e-02
6.77100,4.735290e+02,-3.969183e+00,-9.456650e-04,-1.862660e-02
6.77200,4.725493e+02,4.008193e+00,-1.064760e-03,-1.938380e-02
6.77300,4.711830e+02,1.159387e+01,-1.188840e-03,-2.011450e-02
6.77400,4.700012e+02,1.995697e+01,-1.317210e-03,-2.081780e-02
6.77500,4.685739e+02,2.758579e+01,-1.449280e-03,-2.149280e-02
6.77600,4.672041e+02,3.500431e+01,-1.584390e-03,-2.213860e-02
6.77700,4.658765e+02,4.279691e+01,-1.721940e-03,-2.275450e-02
6.77800,4.642281e+02,4.884603e+01,-1.861230e-03,-2.333990e-02
6.77900,4.628499e+02,5.600997e+01,-2.001600e-03,-2.389380e-02
6.78000,4.613039e+02,6.291049e+01,-2.142260e-03,-2.441600e-02
6.78100,4.600665e+02,6.856513e+01,-2.282620e-03,-2.490590e-02
6.78200,4.583062e+02,7.562853e+01,-2.421930e-03,-2.536320e-02
6.78300,4.568742e+02,8.064260e+01,-2.559770e-03,-2.578750e-02
6.78400,4.555649e+02,8.732467e+01,-2.695420e-03,-2.617910e-02
6.78500,4.539842e+02,9.312013e+01,-2.828170e-03,-2.653790e-02
6.78600,4.523856e+02,9.868013e+01,-2.957200e-03,-2.686310e-02
6.78700,4.508641e+02,1.048106e+02,-3.081930e-03,-2.715360e-02
6.78800,4.494046e+02,1.086589e+02,-3.201650e-03,-2.740880e-02
6.78900,4.480307e+02,1.134885e+02,-3.315750e-03,-2.762840e-02
6.79000,4.467227e+02,1.179843e+02,-3.423660e-03,-2.781210e-02
6.79100,4.455231e+02,1.225576e+02,-3.524790e-03,-2.795970e-02
6.79200,4.441763e+02,1.269763e+02,-3.618560e-03,-2.807110e-02
6.79300,4.431086e+02,1.315473e+02,-3.704470e-03,-2.814600e-02
6.79400,4.423305e+02,1.367258e+02,-3.781950e-03,-2.818380e-02
6.79500,4.409189e+02,1.400419e+02,-3.850620e-03,-2.818410e-02
6.79600,4.402499e+02,1.454116e+02,-3.910220e-03,-2.814660e-02
6.79700,4.390134e+02,1.505379e+02,-3.960360e-03,-2.807130e-02
6.79800,4.381145e+02,1.550189e+02,-4.000810e-03,-2.795780e-02
6.79900,4.376271e+02,1.593918e+02,-4.031220e-03,-2.780640e-02
6.80000,4.367249e+02,1.638115e+02,-4.051360e-03,-2.761740e-02
6.80100,4.361307e+02,1.671218e+02,-4.061180e-03,-2.739180e-02
6.80200,4.356127e+02,1.702736e+02,-4.060780e-03,-2.713030e-02
6.80300,4.353771e+02,1.736522e+02,-4.050170e-03,-2.683340e-02
6.80400,4.349935e+02,1.752407e+02,-4.029480e-03,-2.650150e-02
6.80500,4.346955e+02,1.796057e+02,-3.998890e-03,-2.613550e-02
6.80600,4.340883e+02,1.805765e+02,-3.958700e-03,-2.573610e-02
6.80700,4.337636e+02,1.839609e+02,-3.909260e-03,-2.530370e-02
6.80800,4.338643e+02,1.859637e+02,-3.850350e-03,-2.483870e-02
6.80900,4.343202e+02,1.884236e+02,-3.782130e-03,-2.434110e-02
6.81000,4.349612e+02,1.909829e+02,-3.704860e-03,-2.381100e-02
6.81100,4.350063e+02,1.915763e+02,-3.619250e-03,-2.324960e-02
6.81200,4.356593e+02,1.963777e+02,-3.525910e-03,-2.265790e-02
6.81300,4.358699e+02,1.980456e+02,-3.425490e-03,-2.203730e-02
6.81400,4.363229e+02,2.038043e+02,-3.318560e-03,-2.138850e-02
6.81500,4.367444e+02,2.076950e+02,-3.205620e-03,-2.071260e-02
6.81600,4.378447e+02,2.132682e+02,-3.087240e-03,-2.001030e-02
6.81700,4.385809e+02,2.163354e+02,-2.963940e-03,-1.928280e-02
6.81800,4.394303e+02,2.204939e+02,-2.836380e-03,-1.853080e-02
6.81900,4.406433e+02,2.245587e+02,-2.705280e-03,-1.775480e-02
6.82000,4.419888e+02,2.264252e+02,-2.571350e-03,-1.695560e-02
6.82100,4.432387e+02,2.279228e+02,-2.435280e-03,-1.613400e-02
6.82200,4.444137e+02,2.287673e+02,-2.297790e-03,-1.529090e-02
6.82300,4.456897e+02,2.292380e+02,-2.159510e-03,-1.442770e-02
6.82400,4.471849e+02,2.298311e+02,-2.021060e-03,-1.354550e-02
6.82500,4.486743e+02,2.297451e+02,-1.883190e-03,-1.264530e-02
6.82600,4.502381e+02,2.299018e+02,-1.746610e-03,-1.172800e-02
6.82700,4.516338e+02,2.298264e+02,-1.612060e-03,-1.079410e-02
6.82800,4.530182e+02,2.287149e+02,-1.480110e-03,-9.844490e-03
6.82900,4.545468e+02,2.275925e+02,-1.351350e-03,-8.880020e-03
6.83000,4.561269e+02,2.255469e+02,-1.226370e-03,-7.901850e-03
6.83100,4.578280e+02,2.232135e+02,-1.105660e-03,-6.911160e-03
6.83200,4.594745e+02,2.198583e+02,-9.897780e-04,-5.909270e-03
6.83300,4.609465e+02,2.156166e+02,-8.793760e-04,-4.897620e-03
6.83400,4.622997e+02,2.114157e+02,-7.751470e-04,-3.877520e-03
6.83500,4.638133e+02,2.057546e+02,-6.774340e-04,-2.850410e-03
6.83600,4.653315e+02,2.009628e+02,-5.867530e-04,-1.817640e-03
6.83700,4.668056e+02,1.946079e+02,-5.034760e-04,-7.804440e-04
6.83800,4.682834e+02,1.895890e+02,-4.280090e-04,2.600540e-04
6.83900,4.696539e+02,1.829110e+02,-3.606860e-04,1.302680e-03
6.84000,4.709098e+02,1.763636e+02,-3.018880e-04,2.346300e-03
6.84100,4.722383e+02,1.690741e+02,-2.519520e-04,3.389740e-03
6.84200,4.735102e+02,1.617103e+02,-2.112090e-04,4.431840e-03
6.84300,4.745155e+02,1.541168e+02,-1.799050e-04,5.471230e-03
6.84400,4.754294e+02,1.466125e+02,-1.582480e-04,6.506600e-03
6.84500,4.763395e+02,1.391957e+02,-1.464010e-04,7.536490e-03
6.84600,4.771397e+02,1.313990e+02,-1.443960e-04,8.559520e-03
6.84700,4.778550e+02,1.247661e+02,-1.523000e-04,9.574340e-03
6.84800,4.786106e+02,1.163042e+02,-1.700940e-04,1.057970e-02
6.84900,4.790305e+02,1.097460e+02,-1.977120e-04,1.157440e-02
6.85000,4.792835e+02,1.014510e+02,-2.350900e-04,1.255710e-02
6.85100,4.795985e+02,9.391680e+01,-2.819860e-04,1.352660e-02
6.85200,4.796055e+02,8.505287e+01,-3.382170e-04,1.448160e-02
6.85300,4.794916e+02,7.723460e+01,-4.035460e-04,1.542100e-02
6.85400,4.794135e+02,6.857140e+01,-4.776470e-04,1.634330e-02
6.85500,4.792222e+02,5.971693e+01,-5.602010e-04,1.724740e-02
6.85600,4.788441e+02,5.149255e+01,-6.509180e-04,1.813230e-02
6.85700,4.785389e+02,4.285134e+01,-7.494490e-04,1.899710e-02
6.85800,4.779731e+02,3.489949e+01,-8.553310e-04,1.984070e-02
6.85900,4.771658e+02,2.646041e+01,-9.681160e-04,2.066180e-02
6.86000,4.763155e+02,1.897602e+01,-1.087230e-03,2.145930e-02
6.86100,4.753301e+02,1.099647e+01,-1.212070e-03,2.223180e-02
6.86200,4.744247e+02,3.041279e+00,-1.342000e-03,2.297850e-02
6.86300,4.732495e+02,-4.783549e+00,-1.476400e-03,2.369850e-02
6.86400,4.719177e+02,-1.222658e+01,-1.614620e-03,2.439060e-02
6.86500,4.707709e+02,-1.984079e+01,-1.755970e-03,2.505400e-02
6.86600,4.695507e+02,-2.682857e+01,-1.899710e-03,2.568800e-02
6.86700,4.683885e+02,-3.458660e+01,-2.045140e-03,2.629170e-02
6.86800,4.668600e+02,-4.099843e+01,-2.191570e-03,2.686470e-02
6.86900,4.653848e+02,-4.811783e+01,-2.338300e-03,2.740640e-02
6.87000,4.639864e+02,-5.463513e+01,-2.484650e-03,2.791640e-02
6.87100,4.625842e+02,-6.123500e+01,-2.630000e-03,2.839420e-02
6.87200,4.612937e+02,-6.737120e+01,-2.773810e-03,2.883940e-02
6.87300,4.604599e+02,-7.383253e+01,-2.915440e-03,2.925160e-02
6.87400,4.583676e+02,-7.759827e+01,-3.054230e-03,2.963120e-02
6.87500,4.575588e+02,-8.560753e+01,-3.189490e-03,2.997750e-02
6.87600,4.559774e+02,-8.890733e+01,-3.320480e-03,3.028980e-02
6.87700,4.549932e+02,-9.503300e+01,-3.446710e-03,3.056720e-02
6.87800,4.533971e+02,-9.965407e+01,-3.567620e-03,3.080960e-02
6.87900,4.523798e+02,-1.048712e+02,-3.682630e-03,3.101650e-02
6.88000,4.506365e+02,-1.091567e+02,-3.791050e-03,3.118760e-02
6.88100,4.497814e+02,-1.148537e+02,-3.892280e-03,3.132260e-02
6.88200,4.482625e+02,-1.193897e+02,-3.985630e-03,3.142120e-02
6.88300,4.473360e+02,-1.247518e+02,-4.070410e-03,3.148280e-02
6.88400,4.457821e+02,-1.287074e+02,-4.146110e-03,3.150720e-02
6.88500,4.454214e+02,-1.344963e+02,-4.212210e-03,3.149390e-02
6.88600,4.438583e+02,-1.389923e+02,-4.268280e-03,3.144240e-02
6.88700,4.433697e+02,-1.432291e+02,-4.314020e-03,3.135270e-02
6.88800,4.419769e+02,-1.489091e+02,-4.349100e-03,3.122480e-02
6.88900,4.419777e+02,-1.541329e+02,-4.373210e-03,3.105890e-02
6.89000,4.407945e+02,-1.580752e+02,-4.386410e-03,3.085530e-02
6.89100,4.406393e+02,-1.626980e+02,-4.388860e-03,3.061520e-02
6.89200,4.402113e+02,-1.663671e+02,-4.380640e-03,3.033890e-02
6.89300,4.395132e+02,-1.694428e+02,-4.361890e-03,3.002740e-02
6.89400,4.392928e+02,-1.726367e+02,-4.332670e-03,2.968090e-02
6.89500,4.388370e+02,-1.750371e+02,-4.293190e-03,2.930000e-02
6.89600,4.381345e+02,-1.780207e+02,-4.244080e-03,2.888520e-02
6.89700,4.385385e+02,-1.795732e+02,-4.184890e-03,2.843690e-02
6.89800,4.381969e+02,-1.830835e+02,-4.116000e-03,2.795550e-02
6.89900,4.390317e+02,-1.853130e+02,-4.037440e-03,2.744110e-02
6.90000,4.392682e+02,-1.873129e+02,-3.949830e-03,2.689420e-02
6.90100,4.393974e+02,-1.898204e+02,-3.853820e-03,2.631620e-02
6.90200,4.398205e+02,-1.932866e+02,-3.750050e-03,2.570830e-02
6.90300,4.405815e+02,-1.975767e+02,-3.639070e-03,2.507150e-02
6.90400,4.409093e+02,-2.023548e+02,-3.521470e-03,2.440670e-02
6.90500,4.412289e+02,-2.063867e+02,-3.397860e-03,2.371500e-02
6.90600,4.422163e+02,-2.128235e+02,-3.268690e-03,2.299720e-02
6.90700,4.428631e+02,-2.154046e+02,-3.134580e-03,2.225420e-02
6.90800,4.436727e+02,-2.192079e+02,-2.996200e-03,2.148690e-02
6.90900,4.448100e+02,-2.220631e+02,-2.854200e-03,2.069600e-02
6.91000,4.459565e+02,-2.239173e+02,-2.709330e-03,1.988230e-02
6.91100,4.472142e+02,-2.249766e+02,-2.562150e-03,1.904660e-02
6.91200,4.482373e+02,-2.263265e+02,-2.413570e-03,1.819010e-02
6.91300,4.496665e+02,-2.266991e+02,-2.264340e-03,1.731390e-02
6.91400,4.514216e+02,-2.278027e+02,-2.115180e-03,1.641890e-02
6.91500,4.527204e+02,-2.279226e+02,-1.966960e-03,1.550580e-02
6.91600,4.541398e+02,-2.281777e+02,-1.820470e-03,1.457550e-02
6.91700,4.556167e+02,-2.275751e+02,-1.676270e-03,1.362870e-02
6.91800,4.569668e+02,-2.262305e+02,-1.535020e-03,1.266640e-02
6.91900,4.584394e+02,-2.242704e+02,-1.397370e-03,1.168970e-02
6.92000,4.598454e+02,-2.215896e+02,-1.263830e-03,1.069970e-02
6.92100,4.613325e+02,-2.184151e+02,-1.134830e-03,9.697680e-03
6.92200,4.626209e+02,-2.141626e+02,-1.010900e-03,8.685180e-03
6.92300,4.636099e+02,-2.099961e+02,-8.926680e-04,7.663380e-03
6.92400,4.651737e+02,-2.047935e+02,-7.804840e-04,6.633790e-03
6.92500,4.665571e+02,-1.992506e+02,-6.748380e-04,5.597790e-03
6.92600,4.679741e+02,-1.934134e+02,-5.762540e-04,4.556660e-03
6.92700,4.694415e+02,-1.870297e+02,-4.851930e-04,3.511580e-03
6.92800,4.707343e+02,-1.803313e+02,-4.021720e-04,2.463800e-03
6.92900,4.720243e+02,-1.732386e+02,-3.276350e-04,1.414530e-03
6.93000,4.732140e+02,-1.658825e+02,-2.619420e-04,3.649880e-04
6.93100,4.743070e+02,-1.582974e+02,-2.054690e-04,-6.835500e-04
6.93200,4.752155e+02,-1.502105e+02,-1.586100e-04,-1.729750e-03
6.93300,4.762526e+02,-1.426157e+02,-1.215110e-04,-2.772220e-03
6.93400,4.768277e+02,-1.344761e+02,-9.438900e-05,-3.809580e-03
6.93500,4.774800e+02,-1.268276e+02,-7.728270e-05,-4.840440e-03
6.93600,4.779289e+02,-1.191131e+02,-7.019770e-05,-5.863410e-03
6.93700,4.784614e+02,-1.111079e+02,-7.319760e-05,-6.877160e-03
6.93800,4.788473e+02,-1.032823e+02,-8.629200e-05,-7.880430e-03
6.93900,4.791675e+02,-9.547600e+01,-1.093760e-04,-8.872010e-03
6.94000,4.793244e+02,-8.700060e+01,-1.423510e-04,-9.850640e-03
6.94100,4.793947e+02,-7.904007e+01,-1.850090e-04,-1.081510e-02
6.94200,4.792613e+02,-7.052180e+01,-2.370700e-04,-1.176430e-02
6.94300,4.789479e+02,-6.147801e+01,-2.982930e-04,-1.269670e-02
6.94400,4.785072e+02,-5.242617e+01,-3.683850e-04,-1.361090e-02
6.94500,4.778282e+02,-4.440627e+01,-4.469720e-04,-1.450560e-02
6.94600,4.771987e+02,-3.639400e+01,-5.334820e-04,-1.537970e-02
6.94700,4.763855e+02,-2.752242e+01,-6.274780e-04,-1.623240e-02
6.94800,4.753759e+02,-1.948883e+01,-7.285700e-04,-1.706250e-02
6.94900,4.744371e+02,-1.113533e+01,-8.362310e-04,-1.786900e-02
6.95000,4.732168e+02,-4.114754e+00,-9.499010e-04,-1.865080e-02
6.95100,4.720955e+02,4.379365e+00,-1.069000e-03,-1.940720e-02
6.95200,4.709490e+02,1.245933e+01,-1.192910e-03,-2.013700e-02
6.95300,4.699488e+02,1.996297e+01,-1.321160e-03,-2.083940e-02
6.95400,4.686449e+02,2.805315e+01,-1.453100e-03,-2.151350e-02
6.95500,4.673158e+02,3.513337e+01,-1.588260e-03,-2.215820e-02
6.95600,4.659561e+02,4.285797e+01,-1.725880e-03,-2.277300e-02
6.95700,4.644973e+02,4.961689e+01,-1.865320e-03,-2.335710e-02
6.95800,4.631209e+02,5.679973e+01,-2.005840e-03,-2.390970e-02
6.95900,4.613669e+02,6.230351e+01,-2.146670e-03,-2.443040e-02
6.96000,4.598305e+02,6.855200e+01,-2.287130e-03,-2.491890e-02
6.96100,4.582806e+02,7.530973e+01,-2.426520e-03,-2.537460e-02
6.96200,4.565545e+02,8.106687e+01,-2.564280e-03,-2.579740e-02
6.96300,4.551263e+02,8.697387e+01,-2.699630e-03,-2.618770e-02
6.96400,4.536928e+02,9.315373e+01,-2.831850e-03,-2.654520e-02
6.96500,4.522681e+02,9.950173e+01,-2.960310e-03,-2.686900e-02
6.96600,4.507079e+02,1.039636e+02,-3.084370e-03,-2.715820e-02
6.96700,4.494493e+02,1.097421e+02,-3.203610e-03,-2.741200e-02
6.96800,4.481063e+02,1.132683e+02,-3.317230e-03,-2.763020e-02
6.96900,4.468678e+02,1.182105e+02,-3.424760e-03,-2.781260e-02
6.97000,4.455880e+02,1.226402e+02,-3.525610e-03,-2.795890e-02
6.97100,4.444174e+02,1.273191e+02,-3.619300e-03,-2.806890e-02
6.97200,4.434109e+02,1.318141e+02,-3.705390e-03,-2.814230e-02
6.97300,4.423837e+02,1.358345e+02,-3.783080e-03,-2.817870e-02
6.97400,4.409155e+02,1.408706e+02,-3.852060e-03,-2.817750e-02
6.97500,4.403071e+02,1.445045e+02,-3.911770e-03,-2.813860e-02
6.97600,4.387693e+02,1.501990e+02,-3.961700e-03,-2.806180e-02
6.97700,4.379217e+02,1.555441e+02,-4.001730e-03,-2.794700e-02
6.97800,4.372321e+02,1.588136e+02,-4.031470e-03,-2.779420e-02
6.97900,4.367808e+02,1.644512e+02,-4.050910e-03,-2.760390e-02
6.98000,4.360433e+02,1.667283e+02,-4.059920e-03,-2.737690e-02
6.98100,4.357208e+02,1.707199e+02,-4.058560e-03,-2.711410e-02
6.98200,4.349809e+02,1.734035e+02,-4.047010e-03,-2.681590e-02
6.98300,4.349607e+02,1.761199e+02,-4.025440e-03,-2.648290e-02
6.98400,4.346270e+02,1.789067e+02,-3.994090e-03,-2.611580e-02
6.98500,4.342896e+02,1.818397e+02,-3.953380e-03,-2.571530e-02
6.98600,4.339809e+02,1.840497e+02,-3.903790e-03,-2.528180e-02
6.98700,4.343738e+02,1.860125e+02,-3.844890e-03,-2.481550e-02
6.98800,4.344403e+02,1.891063e+02,-3.776840e-03,-2.431650e-02
6.98900,4.348775e+02,1.903675e+02,-3.699810e-03,-2.378530e-02
6.99000,4.351103e+02,1.920944e+02,-3.614280e-03,-2.322270e-02
6.99100,4.354471e+02,1.952885e+02,-3.521000e-03,-2.263010e-02
6.99200,4.358189e+02,1.990827e+02,-3.420620e-03,-2.200850e-02
6.99300,4.361614e+02,2.035083e+02,-3.313710e-03,-2.135890e-02
6.99400,4.368632e+02,2.077235e+02,-3.200740e-03,-2.068230e-02
6.99500,4.377130e+02,2.124772e+02,-3.082230e-03,-1.997940e-02
6.99600,4.385889e+02,2.166806e+02,-2.958690e-03,-1.925140e-02
6.99700,4.395867e+02,2.207902e+02,-2.830920e-03,-1.849880e-02
6.99800,4.408571e+02,2.243073e+02,-2.699710e-03,-1.772240e-02
6.99900,4.422546e+02,2.262811e+02,-2.565670e-03,-1.692270e-02
7.00000,4.433232e+02,2.278310e+02,-2.429470e-03,-1.610060e-02
