# iqnils_mesh_2x_dt0.00025: point-A displacement (m) and drag and lift on the cylinder and plate (N/m), subsampled to 0.001 s
time,drag,lift,ux,uy
4.50000,4.329279e+02,1.282830e+02,-5.149710e-03,-2.964660e-02
4.50100,4.290361e+02,1.245953e+02,-5.100970e-03,-2.915060e-02
4.50200,4.315191e+02,1.468909e+02,-5.040620e-03,-2.862120e-02
4.50300,4.317511e+02,1.389560e+02,-4.969190e-03,-2.805880e-02
4.50400,4.310241e+02,1.347191e+02,-4.887320e-03,-2.746440e-02
4.50500,4.338912e+02,1.494851e+02,-4.795220e-03,-2.683870e-02
4.50600,4.348377e+02,1.447479e+02,-4.694140e-03,-2.618130e-02
4.50700,4.347089e+02,1.414413e+02,-4.585230e-03,-2.549250e-02
4.50800,4.349420e+02,1.589106e+02,-4.468880e-03,-2.477250e-02
4.50900,4.324430e+02,1.614217e+02,-4.344550e-03,-2.402130e-02
4.51000,4.345728e+02,1.509624e+02,-4.212170e-03,-2.323980e-02
4.51100,4.340786e+02,1.633445e+02,-4.072390e-03,-2.242920e-02
4.51200,4.357812e+02,1.619791e+02,-3.925760e-03,-2.159090e-02
4.51300,4.357887e+02,1.609835e+02,-3.773720e-03,-2.072630e-02
4.51400,4.352405e+02,1.666425e+02,-3.617200e-03,-1.983650e-02
4.51500,4.398218e+02,1.708773e+02,-3.457150e-03,-1.892250e-02
4.51600,4.389313e+02,1.790823e+02,-3.293580e-03,-1.798420e-02
4.51700,4.423900e+02,1.730697e+02,-3.126290e-03,-1.702170e-02
4.51800,4.447115e+02,1.745292e+02,-2.956400e-03,-1.603530e-02
4.51900,4.451781e+02,1.774165e+02,-2.784540e-03,-1.502480e-02
4.52000,4.453555e+02,1.759247e+02,-2.611340e-03,-1.399090e-02
4.52100,4.474283e+02,1.744018e+02,-2.437520e-03,-1.293530e-02
4.52200,4.476211e+02,1.735031e+02,-2.264200e-03,-1.186010e-02
4.52300,4.506000e+02,1.719576e+02,-2.092040e-03,-1.076640e-02
4.52400,4.514601e+02,1.754820e+02,-1.922030e-03,-9.655600e-03
4.52500,4.545671e+02,1.696489e+02,-1.755440e-03,-8.528850e-03
4.52600,4.574672e+02,1.670863e+02,-1.594110e-03,-7.387260e-03
4.52700,4.595244e+02,1.684781e+02,-1.439380e-03,-6.231810e-03
4.52800,4.614321e+02,1.676546e+02,-1.291780e-03,-5.063490e-03
4.52900,4.626571e+02,1.684737e+02,-1.151740e-03,-3.883530e-03
4.53000,4.659387e+02,1.663411e+02,-1.019650e-03,-2.693130e-03
4.53100,4.662449e+02,1.628492e+02,-8.959150e-04,-1.493510e-03
4.53200,4.679835e+02,1.588753e+02,-7.807540e-04,-2.864260e-04
4.53300,4.695908e+02,1.616163e+02,-6.749600e-04,9.261410e-04
4.53400,4.716261e+02,1.568033e+02,-5.792650e-04,2.142310e-03
4.53500,4.730885e+02,1.446231e+02,-4.939960e-04,3.360130e-03
4.53600,4.739046e+02,1.567825e+02,-4.192900e-04,4.577660e-03
4.53700,4.769423e+02,1.465481e+02,-3.557930e-04,5.793170e-03
4.53800,4.790675e+02,1.410542e+02,-3.045480e-04,7.005630e-03
4.53900,4.818417e+02,1.368346e+02,-2.661440e-04,8.213810e-03
4.54000,4.823426e+02,1.353329e+02,-2.409590e-04,9.416450e-03
4.54100,4.837835e+02,1.248655e+02,-2.290340e-04,1.061200e-02
4.54200,4.837083e+02,1.333623e+02,-2.299590e-04,1.179900e-02
4.54300,4.846300e+02,1.217855e+02,-2.435600e-04,1.297480e-02
4.54400,4.854288e+02,1.132627e+02,-2.698790e-04,1.413690e-02
4.54500,4.854417e+02,1.165171e+02,-3.091200e-04,1.528280e-02
4.54600,4.865176e+02,1.227584e+02,-3.617930e-04,1.641060e-02
4.54700,4.875817e+02,9.972573e+01,-4.278240e-04,1.751870e-02
4.54800,4.882685e+02,1.052953e+02,-5.063640e-04,1.860560e-02
4.54900,4.889081e+02,1.036575e+02,-5.970780e-04,1.967010e-02
4.55000,4.896878e+02,8.702407e+01,-6.995750e-04,2.071080e-02
4.55100,4.891724e+02,8.589853e+01,-8.136340e-04,2.172660e-02
4.55200,4.884588e+02,7.814887e+01,-9.381900e-04,2.271600e-02
4.55300,4.871839e+02,6.864807e+01,-1.071890e-03,2.367770e-02
4.55400,4.843888e+02,7.518880e+01,-1.213680e-03,2.461030e-02
4.55500,4.847128e+02,5.683087e+01,-1.362920e-03,2.551190e-02
4.55600,4.857081e+02,3.773034e+01,-1.518860e-03,2.638120e-02
4.55700,4.837065e+02,3.455301e+01,-1.680900e-03,2.721670e-02
4.55800,4.827601e+02,4.245937e+01,-1.848480e-03,2.801730e-02
4.55900,4.823172e+02,1.813319e+01,-2.021200e-03,2.878180e-02
4.56000,4.812479e+02,3.034045e+01,-2.197630e-03,2.950990e-02
4.56100,4.804055e+02,1.530669e+01,-2.377460e-03,3.020070e-02
4.56200,4.785322e+02,7.721727e+00,-2.560110e-03,3.085380e-02
4.56300,4.759434e+02,1.006458e+01,-2.744570e-03,3.146890e-02
4.56400,4.730867e+02,1.267457e+01,-2.929640e-03,3.204520e-02
4.56500,4.714395e+02,-4.586530e+00,-3.113340e-03,3.258190e-02
4.56600,4.703963e+02,3.150745e+00,-3.294510e-03,3.307880e-02
4.56700,4.613627e+02,9.143553e+00,-3.472240e-03,3.353500e-02
4.56800,4.679054e+02,-1.431949e+01,-3.646190e-03,3.395060e-02
4.56900,4.642259e+02,-2.455505e+01,-3.816180e-03,3.432540e-02
4.57000,4.653363e+02,-4.132939e+01,-3.981690e-03,3.465950e-02
4.57100,4.623746e+02,-2.837624e+01,-4.142370e-03,3.495330e-02
4.57200,4.602615e+02,-3.626734e+01,-4.297100e-03,3.520700e-02
4.57300,4.588357e+02,-3.795111e+01,-4.445670e-03,3.542200e-02
4.57400,4.555325e+02,-5.255943e+01,-4.587100e-03,3.559830e-02
4.57500,4.538822e+02,-4.445471e+01,-4.719900e-03,3.573630e-02
4.57600,4.512171e+02,-5.496575e+01,-4.844050e-03,3.583600e-02
4.57700,4.494356e+02,-5.777487e+01,-4.958420e-03,3.589470e-02
4.57800,4.439293e+02,-5.607547e+01,-5.062590e-03,3.591110e-02
4.57900,4.465247e+02,-8.202093e+01,-5.155580e-03,3.588590e-02
4.58000,4.458386e+02,-9.312847e+01,-5.236860e-03,3.581950e-02
4.58100,4.450565e+02,-8.296213e+01,-5.306470e-03,3.571250e-02
4.58200,4.444139e+02,-7.705900e+01,-5.364910e-03,3.556560e-02
4.58300,4.440585e+02,-8.416820e+01,-5.412660e-03,3.537940e-02
4.58400,4.452603e+02,-7.259020e+01,-5.449870e-03,3.515440e-02
4.58500,4.428708e+02,-1.062867e+02,-5.476640e-03,3.489010e-02
4.58600,4.389607e+02,-1.150754e+02,-5.492150e-03,3.458760e-02
4.58700,4.417593e+02,-1.083481e+02,-5.494320e-03,3.424820e-02
4.58800,4.382479e+02,-1.131137e+02,-5.482810e-03,3.387280e-02
4.58900,4.370672e+02,-1.244108e+02,-5.458690e-03,3.346160e-02
4.59000,4.406789e+02,-1.278018e+02,-5.422170e-03,3.301520e-02
4.59100,4.361695e+02,-1.277169e+02,-5.373380e-03,3.253410e-02
4.59200,4.367951e+02,-1.065522e+02,-5.312750e-03,3.201910e-02
4.59300,4.406401e+02,-1.207759e+02,-5.240580e-03,3.147060e-02
4.59400,4.367022e+02,-1.319004e+02,-5.157270e-03,3.088880e-02
4.59500,4.352835e+02,-1.417408e+02,-5.063410e-03,3.027460e-02
4.59600,4.386671e+02,-1.469146e+02,-4.960350e-03,2.962800e-02
4.59700,4.392865e+02,-1.342277e+02,-4.849530e-03,2.894880e-02
4.59800,4.362809e+02,-1.535726e+02,-4.730950e-03,2.823800e-02
4.59900,4.386391e+02,-1.575639e+02,-4.603880e-03,2.749630e-02
4.60000,4.404217e+02,-1.490411e+02,-4.468170e-03,2.672370e-02
4.60100,4.394178e+02,-1.537675e+02,-4.324450e-03,2.592110e-02
4.60200,4.393521e+02,-1.558292e+02,-4.173280e-03,2.508960e-02
4.60300,4.395739e+02,-1.657938e+02,-4.015590e-03,2.423110e-02
4.60400,4.405175e+02,-1.649242e+02,-3.852490e-03,2.334660e-02
4.60500,4.417720e+02,-1.649525e+02,-3.684670e-03,2.243730e-02
4.60600,4.433877e+02,-1.678694e+02,-3.512460e-03,2.150370e-02
4.60700,4.451617e+02,-1.670897e+02,-3.336320e-03,2.054620e-02
4.60800,4.466399e+02,-1.665423e+02,-3.157140e-03,1.956470e-02
4.60900,4.493199e+02,-1.711933e+02,-2.975970e-03,1.855910e-02
4.61000,4.507268e+02,-1.651637e+02,-2.793450e-03,1.752990e-02
4.61100,4.506035e+02,-1.656837e+02,-2.610090e-03,1.647830e-02
4.61200,4.512721e+02,-1.791392e+02,-2.426940e-03,1.540620e-02
4.61300,4.519089e+02,-1.707306e+02,-2.245070e-03,1.431550e-02
4.61400,4.543153e+02,-1.677675e+02,-2.065400e-03,1.320710e-02
4.61500,4.557243e+02,-1.608948e+02,-1.889280e-03,1.208230e-02
4.61600,4.587256e+02,-1.601930e+02,-1.717980e-03,1.094220e-02
4.61700,4.610092e+02,-1.592201e+02,-1.552330e-03,9.788060e-03
4.61800,4.632087e+02,-1.592745e+02,-1.392870e-03,8.620900e-03
4.61900,4.648114e+02,-1.598092e+02,-1.240330e-03,7.441780e-03
4.62000,4.661239e+02,-1.620111e+02,-1.095380e-03,6.252250e-03
4.62100,4.680407e+02,-1.502571e+02,-9.586500e-04,5.053830e-03
4.62200,4.688807e+02,-1.607971e+02,-8.305180e-04,3.847990e-03
4.62300,4.702853e+02,-1.465027e+02,-7.112670e-04,2.636210e-03
4.62400,4.714012e+02,-1.398788e+02,-6.012820e-04,1.420350e-03
4.62500,4.731520e+02,-1.363785e+02,-5.009850e-04,2.023040e-04
4.62600,4.749367e+02,-1.352750e+02,-4.112300e-04,-1.015940e-03
4.62700,4.767161e+02,-1.308417e+02,-3.330470e-04,-2.232720e-03
4.62800,4.784919e+02,-1.287882e+02,-2.671220e-04,-3.446520e-03
4.62900,4.802965e+02,-1.219132e+02,-2.138110e-04,-4.656020e-03
4.63000,4.816889e+02,-1.221235e+02,-1.734850e-04,-5.860020e-03
4.63100,4.832017e+02,-1.128204e+02,-1.465290e-04,-7.057160e-03
4.63200,4.834347e+02,-1.210142e+02,-1.329410e-04,-8.245930e-03
4.63300,4.838825e+02,-1.187628e+02,-1.327830e-04,-9.424120e-03
4.63400,4.843097e+02,-1.097334e+02,-1.460450e-04,-1.058950e-02
4.63500,4.850791e+02,-9.500153e+01,-1.725310e-04,-1.173950e-02
4.63600,4.850204e+02,-9.438393e+01,-2.118140e-04,-1.287200e-02
4.63700,4.856413e+02,-9.264200e+01,-2.636270e-04,-1.398550e-02
4.63800,4.853967e+02,-9.598327e+01,-3.277600e-04,-1.507820e-02
4.63900,4.861105e+02,-8.113173e+01,-4.038980e-04,-1.614900e-02
4.64000,4.860337e+02,-8.509693e+01,-4.917910e-04,-1.719660e-02
4.64100,4.860377e+02,-7.616400e+01,-5.911700e-04,-1.821960e-02
4.64200,4.863751e+02,-6.012175e+01,-7.015040e-04,-1.921680e-02
4.64300,4.848136e+02,-6.594727e+01,-8.219500e-04,-2.018670e-02
4.64400,4.839481e+02,-5.700293e+01,-9.514380e-04,-2.112780e-02
4.64500,4.832177e+02,-3.943152e+01,-1.089060e-03,-2.203870e-02
4.64600,4.816632e+02,-4.206363e+01,-1.234310e-03,-2.291800e-02
4.64700,4.807870e+02,-3.279701e+01,-1.386640e-03,-2.376440e-02
4.64800,4.792165e+02,-3.712823e+01,-1.545180e-03,-2.457660e-02
4.64900,4.787355e+02,-1.952852e+01,-1.709330e-03,-2.535360e-02
4.65000,4.785977e+02,-9.238207e+00,-1.878110e-03,-2.609440e-02
4.65100,4.757909e+02,-2.575667e+01,-2.050390e-03,-2.679850e-02
4.65200,4.750750e+02,-1.035847e+01,-2.224990e-03,-2.746530e-02
4.65300,4.730895e+02,-1.174537e+01,-2.401350e-03,-2.809410e-02
4.65400,4.693866e+02,-9.073373e+00,-2.578700e-03,-2.868470e-02
4.65500,4.692359e+02,1.240309e+01,-2.756140e-03,-2.923680e-02
4.65600,4.661166e+02,2.141360e+01,-2.933210e-03,-2.974940e-02
4.65700,4.630231e+02,2.540532e+01,-3.108450e-03,-3.022200e-02
4.65800,4.619515e+02,1.908403e+01,-3.280910e-03,-3.065420e-02
4.65900,4.612248e+02,2.529595e+01,-3.450110e-03,-3.104610e-02
4.66000,4.595259e+02,4.314165e+01,-3.615310e-03,-3.139740e-02
4.66100,4.580064e+02,3.716117e+01,-3.776080e-03,-3.170880e-02
4.66200,4.556145e+02,4.586815e+01,-3.931850e-03,-3.198020e-02
4.66300,4.546137e+02,4.504687e+01,-4.081990e-03,-3.221310e-02
4.66400,4.466117e+02,3.940181e+01,-4.225560e-03,-3.240760e-02
4.66500,4.475558e+02,6.212096e+01,-4.361270e-03,-3.256410e-02
4.66600,4.474776e+02,6.379690e+01,-4.488160e-03,-3.268320e-02
4.66700,4.457751e+02,7.004240e+01,-4.606070e-03,-3.276310e-02
4.66800,4.473493e+02,9.246140e+01,-4.714930e-03,-3.280120e-02
4.66900,4.434641e+02,6.760240e+01,-4.814230e-03,-3.279820e-02
4.67000,4.419957e+02,7.171180e+01,-4.903320e-03,-3.275420e-02
4.67100,4.457565e+02,9.882320e+01,-4.982070e-03,-3.266960e-02
4.67200,4.404211e+02,9.680487e+01,-5.050400e-03,-3.254520e-02
4.67300,4.398241e+02,9.767947e+01,-5.108030e-03,-3.238190e-02
4.67400,4.364669e+02,9.797413e+01,-5.154510e-03,-3.218060e-02
4.67500,4.369952e+02,1.077395e+02,-5.189380e-03,-3.194150e-02
4.67600,4.336043e+02,9.787207e+01,-5.212420e-03,-3.166490e-02
4.67700,4.333755e+02,1.070622e+02,-5.223210e-03,-3.135190e-02
4.67800,4.325377e+02,1.201353e+02,-5.221110e-03,-3.100330e-02
4.67900,4.318555e+02,1.240430e+02,-5.207480e-03,-3.061920e-02
4.68000,4.319045e+02,1.303803e+02,-5.182710e-03,-3.019950e-02
4.68100,4.327912e+02,1.315434e+02,-5.147040e-03,-2.974490e-02
4.68200,4.354918e+02,1.362991e+02,-5.100620e-03,-2.925590e-02
4.68300,4.343863e+02,1.382299e+02,-5.044260e-03,-2.873260e-02
4.68400,4.342129e+02,1.447059e+02,-4.978330e-03,-2.817520e-02
4.68500,4.336364e+02,1.452969e+02,-4.902770e-03,-2.758470e-02
4.68600,4.322367e+02,1.582733e+02,-4.817040e-03,-2.696210e-02
4.68700,4.323847e+02,1.454524e+02,-4.721320e-03,-2.630820e-02
4.68800,4.320504e+02,1.583480e+02,-4.615880e-03,-2.562340e-02
4.68900,4.289785e+02,1.412777e+02,-4.500380e-03,-2.490860e-02
4.69000,4.318766e+02,1.543836e+02,-4.375420e-03,-2.416380e-02
4.69100,4.330420e+02,1.571964e+02,-4.242240e-03,-2.338910e-02
4.69200,4.343956e+02,1.588809e+02,-4.101820e-03,-2.258540e-02
4.69300,4.355098e+02,1.653995e+02,-3.954570e-03,-2.175360e-02
4.69400,4.373241e+02,1.651319e+02,-3.801720e-03,-2.089470e-02
4.69500,4.391919e+02,1.643823e+02,-3.644470e-03,-2.000950e-02
4.69600,4.396463e+02,1.657481e+02,-3.483440e-03,-1.909890e-02
4.69700,4.413720e+02,1.848733e+02,-3.318940e-03,-1.816310e-02
4.69800,4.420064e+02,1.734764e+02,-3.151380e-03,-1.720300e-02
4.69900,4.439614e+02,1.758377e+02,-2.981450e-03,-1.621900e-02
4.70000,4.435735e+02,1.705275e+02,-2.809520e-03,-1.521130e-02
4.70100,4.451607e+02,1.726523e+02,-2.636160e-03,-1.418080e-02
4.70200,4.471277e+02,1.720064e+02,-2.462680e-03,-1.312910e-02
4.70300,4.494362e+02,1.722083e+02,-2.290410e-03,-1.205800e-02
4.70400,4.515557e+02,1.704427e+02,-2.120170e-03,-1.096850e-02
4.70500,4.537965e+02,1.694667e+02,-1.952700e-03,-9.861560e-03
4.70600,4.558210e+02,1.688239e+02,-1.788900e-03,-8.737920e-03
4.70700,4.569440e+02,1.719544e+02,-1.629360e-03,-7.598450e-03
4.70800,4.585024e+02,1.695047e+02,-1.474660e-03,-6.444430e-03
4.70900,4.596017e+02,1.718581e+02,-1.325370e-03,-5.277210e-03
4.71000,4.614679e+02,1.728579e+02,-1.182160e-03,-4.098280e-03
4.71100,4.631623e+02,1.700805e+02,-1.045870e-03,-2.909200e-03
4.71200,4.652279e+02,1.664984e+02,-9.174410e-04,-1.711320e-03
4.71300,4.675745e+02,1.614325e+02,-7.977920e-04,-5.060350e-04
4.71400,4.702557e+02,1.563883e+02,-6.879910e-04,7.049020e-04
4.71500,4.726129e+02,1.529597e+02,-5.887190e-04,1.919960e-03
4.71600,4.745665e+02,1.484695e+02,-5.006400e-04,3.137480e-03
4.71700,4.770023e+02,1.353077e+02,-4.243470e-04,4.355670e-03
4.71800,4.781690e+02,1.447689e+02,-3.602450e-04,5.572920e-03
4.71900,4.797870e+02,1.358681e+02,-3.086940e-04,6.787720e-03
4.72000,4.803732e+02,1.361059e+02,-2.697770e-04,7.998520e-03
4.72100,4.815847e+02,1.266461e+02,-2.435300e-04,9.203370e-03
4.72200,4.823098e+02,1.317101e+02,-2.297970e-04,1.040080e-02
4.72300,4.834007e+02,1.333308e+02,-2.286570e-04,1.158890e-02
4.72400,4.842249e+02,1.230226e+02,-2.405610e-04,1.276560e-02
4.72500,4.858621e+02,1.291438e+02,-2.657410e-04,1.392870e-02
4.72600,4.869829e+02,1.102225e+02,-3.041980e-04,1.507600e-02
4.72700,4.889648e+02,9.567693e+01,-3.558890e-04,1.620580e-02
4.72800,4.884443e+02,1.010825e+02,-4.205180e-04,1.731690e-02
4.72900,4.887183e+02,9.971873e+01,-4.972510e-04,1.840780e-02
4.73000,4.889639e+02,9.007880e+01,-5.857120e-04,1.947720e-02
4.73100,4.873837e+02,8.621133e+01,-6.849430e-04,2.052350e-02
4.73200,4.873902e+02,8.028713e+01,-7.947300e-04,2.154510e-02
4.73300,4.864585e+02,6.792707e+01,-9.149490e-04,2.254000e-02
4.73400,4.869019e+02,6.656377e+01,-1.044890e-03,2.350690e-02
4.73500,4.871727e+02,6.021229e+01,-1.184120e-03,2.444420e-02
4.73600,4.860489e+02,6.124746e+01,-1.331930e-03,2.535020e-02
4.73700,4.869264e+02,6.153231e+01,-1.487490e-03,2.622390e-02
4.73800,4.870289e+02,4.215789e+01,-1.649800e-03,2.706420e-02
4.73900,4.850162e+02,3.298123e+01,-1.817780e-03,2.786990e-02
4.74000,4.818302e+02,3.534953e+01,-1.991120e-03,2.864030e-02
4.74100,4.817637e+02,3.122232e+01,-2.168710e-03,2.937460e-02
4.74200,4.784809e+02,2.804645e+01,-2.349350e-03,3.007210e-02
4.74300,4.765435e+02,6.704013e+00,-2.531690e-03,3.073220e-02
4.74400,4.750920e+02,2.150552e+01,-2.714860e-03,3.135400e-02
4.74500,4.745781e+02,2.312107e+01,-2.898690e-03,3.193690e-02
4.74600,4.727283e+02,1.328038e+01,-3.081910e-03,3.248040e-02
4.74700,4.718427e+02,-1.674857e-01,-3.263770e-03,3.298370e-02
4.74800,4.683333e+02,-1.456286e+01,-3.443350e-03,3.344660e-02
4.74900,4.676003e+02,-1.526338e+01,-3.619220e-03,3.386900e-02
4.75000,4.618909e+02,2.058458e+00,-3.790140e-03,3.425130e-02
4.75100,4.619895e+02,-2.635785e+01,-3.955520e-03,3.459330e-02
4.75200,4.606225e+02,-2.197656e+01,-4.116200e-03,3.489490e-02
4.75300,4.555369e+02,-3.555213e+01,-4.271270e-03,3.515610e-02
4.75400,4.547971e+02,-5.049701e+01,-4.419670e-03,3.537820e-02
4.75500,4.557559e+02,-3.744603e+01,-4.560970e-03,3.556140e-02
4.75600,4.579631e+02,-6.251714e+01,-4.694920e-03,3.570550e-02
4.75700,4.566111e+02,-6.020795e+01,-4.820720e-03,3.581080e-02
4.75800,4.522131e+02,-7.666787e+01,-4.937420e-03,3.587560e-02
4.75900,4.497522e+02,-6.305594e+01,-5.044790e-03,3.589780e-02
4.76000,4.519171e+02,-7.719273e+01,-5.142570e-03,3.587810e-02
4.76100,4.452789e+02,-6.175310e+01,-5.228900e-03,3.581710e-02
4.76200,4.443457e+02,-7.925293e+01,-5.302280e-03,3.571590e-02
4.76300,4.430881e+02,-8.622507e+01,-5.363460e-03,3.557510e-02
4.76400,4.451131e+02,-1.037420e+02,-5.412750e-03,3.539560e-02
4.76500,4.400644e+02,-9.889800e+01,-5.449740e-03,3.517790e-02
4.76600,4.386325e+02,-9.821273e+01,-5.474230e-03,3.492170e-02
4.76700,4.359973e+02,-9.934020e+01,-5.487200e-03,3.462740e-02
4.76800,4.378493e+02,-1.045957e+02,-5.488850e-03,3.429560e-02
4.76900,4.416619e+02,-1.097715e+02,-5.478060e-03,3.392710e-02
4.77000,4.391236e+02,-1.271640e+02,-5.455850e-03,3.352210e-02
4.77100,4.397224e+02,-1.218363e+02,-5.422310e-03,3.308090e-02
4.77200,4.380366e+02,-1.234273e+02,-5.377730e-03,3.260420e-02
4.77300,4.360335e+02,-1.094061e+02,-5.321580e-03,3.209330e-02
4.77400,4.371538e+02,-1.275315e+02,-5.253690e-03,3.154850e-02
4.77500,4.371125e+02,-1.293807e+02,-5.174920e-03,3.097040e-02
4.77600,4.380080e+02,-1.306604e+02,-5.085220e-03,3.035980e-02
4.77700,4.370972e+02,-1.427767e+02,-4.984850e-03,2.971740e-02
4.77800,4.385905e+02,-1.501714e+02,-4.874830e-03,2.904320e-02
4.77900,4.376311e+02,-1.482051e+02,-4.756250e-03,2.833790e-02
4.78000,4.408792e+02,-1.490793e+02,-4.628950e-03,2.760190e-02
4.78100,4.402462e+02,-1.515362e+02,-4.493210e-03,2.683490e-02
4.78200,4.382786e+02,-1.561509e+02,-4.349770e-03,2.603740e-02
4.78300,4.415533e+02,-1.538136e+02,-4.198660e-03,2.521070e-02
4.78400,4.403558e+02,-1.574491e+02,-4.040540e-03,2.435600e-02
4.78500,4.415145e+02,-1.621025e+02,-3.876330e-03,2.347450e-02
4.78600,4.395260e+02,-1.608697e+02,-3.707480e-03,2.256750e-02
4.78700,4.425033e+02,-1.601567e+02,-3.534580e-03,2.163600e-02
4.78800,4.439441e+02,-1.692253e+02,-3.357950e-03,2.068030e-02
4.78900,4.456510e+02,-1.689981e+02,-3.178670e-03,1.970090e-02
4.79000,4.478789e+02,-1.706181e+02,-2.997400e-03,1.869770e-02
4.79100,4.494667e+02,-1.671510e+02,-2.814930e-03,1.767100e-02
4.79200,4.524424e+02,-1.683019e+02,-2.632230e-03,1.662180e-02
4.79300,4.521458e+02,-1.738694e+02,-2.450880e-03,1.555180e-02
4.79400,4.530681e+02,-1.767461e+02,-2.271530e-03,1.446270e-02
4.79500,4.549928e+02,-1.667335e+02,-2.094100e-03,1.335570e-02
4.79600,4.560505e+02,-1.651097e+02,-1.919320e-03,1.223220e-02
4.79700,4.577908e+02,-1.579316e+02,-1.748140e-03,1.109320e-02
4.79800,4.599108e+02,-1.595793e+02,-1.581700e-03,9.940200e-03
4.79900,4.616593e+02,-1.581650e+02,-1.420620e-03,8.774220e-03
4.80000,4.636585e+02,-1.579457e+02,-1.265650e-03,7.596380e-03
4.80100,4.655805e+02,-1.563681e+02,-1.117870e-03,6.408120e-03
4.80200,4.675349e+02,-1.539261e+02,-9.778700e-04,5.210850e-03
4.80300,4.690906e+02,-1.584309e+02,-8.462450e-04,4.005840e-03
4.80400,4.710791e+02,-1.501582e+02,-7.238970e-04,2.794490e-03
4.80500,4.727331e+02,-1.446085e+02,-6.118300e-04,1.578300e-03
4.80600,4.738298e+02,-1.461916e+02,-5.104290e-04,3.590660e-04
4.80700,4.754214e+02,-1.375284e+02,-4.198970e-04,-8.611390e-04
4.80800,4.765227e+02,-1.345146e+02,-3.407540e-04,-2.080200e-03
4.80900,4.787025e+02,-1.193465e+02,-2.737010e-04,-3.296340e-03
4.81000,4.795297e+02,-1.279783e+02,-2.192320e-04,-4.507920e-03
4.81100,4.807411e+02,-1.335473e+02,-1.777570e-04,-5.713540e-03
4.81200,4.821997e+02,-1.219874e+02,-1.495900e-04,-6.911950e-03
4.81300,4.835217e+02,-1.158601e+02,-1.349580e-04,-8.101660e-03
4.81400,4.848071e+02,-1.066714e+02,-1.337050e-04,-9.281060e-03
4.81500,4.845914e+02,-1.132523e+02,-1.454090e-04,-1.044810e-02
4.81600,4.852467e+02,-1.053492e+02,-1.700080e-04,-1.160040e-02
4.81700,4.853290e+02,-9.971127e+01,-2.074810e-04,-1.273590e-02
4.81800,4.855595e+02,-8.805640e+01,-2.575540e-04,-1.385280e-02
4.81900,4.855631e+02,-9.112893e+01,-3.200010e-04,-1.494960e-02
4.82000,4.851098e+02,-8.167427e+01,-3.944890e-04,-1.602490e-02
4.82100,4.862858e+02,-7.420513e+01,-4.806150e-04,-1.707710e-02
4.82200,4.857015e+02,-6.333600e+01,-5.779830e-04,-1.810480e-02
4.82300,4.862374e+02,-6.182829e+01,-6.861240e-04,-1.910660e-02
4.82400,4.856395e+02,-5.505039e+01,-8.045960e-04,-2.008100e-02
4.82500,4.845429e+02,-5.467969e+01,-9.323900e-04,-2.102660e-02
4.82600,4.840753e+02,-4.691127e+01,-1.068760e-03,-2.194210e-02
4.82700,4.830381e+02,-3.474202e+01,-1.213410e-03,-2.282600e-02
4.82800,4.820661e+02,-3.191440e+01,-1.365490e-03,-2.367730e-02
4.82900,4.808345e+02,-2.435251e+01,-1.524370e-03,-2.449450e-02
4.83000,4.789760e+02,-3.477393e+01,-1.689020e-03,-2.527660e-02
4.83100,4.781653e+02,-1.764439e+01,-1.858310e-03,-2.602270e-02
4.83200,4.764269e+02,-1.238085e+01,-2.030930e-03,-2.673180e-02
4.83300,4.738872e+02,-1.282630e+01,-2.205740e-03,-2.740350e-02
4.83400,4.731259e+02,-5.259730e+00,-2.382100e-03,-2.803760e-02
4.83500,4.701388e+02,-9.466200e+00,-2.559370e-03,-2.863350e-02
4.83600,4.684559e+02,1.445880e+01,-2.736920e-03,-2.919100e-02
4.83700,4.690604e+02,2.076133e+01,-2.914100e-03,-2.970950e-02
4.83800,4.652127e+02,1.555519e+01,-3.089720e-03,-3.018850e-02
4.83900,4.642851e+02,2.751162e+01,-3.263040e-03,-3.062730e-02
4.84000,4.607915e+02,3.625255e+01,-3.432850e-03,-3.102610e-02
4.84100,4.602919e+02,3.916124e+01,-3.598240e-03,-3.138460e-02
4.84200,4.560915e+02,1.919352e+01,-3.759110e-03,-3.170270e-02
4.84300,4.544277e+02,3.332035e+01,-3.914880e-03,-3.198090e-02
4.84400,4.552345e+02,6.707940e+01,-4.065120e-03,-3.222010e-02
4.84500,4.517547e+02,5.154495e+01,-4.209090e-03,-3.242080e-02
4.84600,4.512714e+02,4.279692e+01,-4.346190e-03,-3.258270e-02
4.84700,4.453893e+02,4.854019e+01,-4.475570e-03,-3.270700e-02
4.84800,4.434863e+02,8.336613e+01,-4.595770e-03,-3.279260e-02
4.84900,4.442978e+02,7.509013e+01,-4.706560e-03,-3.283700e-02
4.85000,4.446702e+02,6.978747e+01,-4.808020e-03,-3.284030e-02
4.85100,4.409609e+02,7.776647e+01,-4.900180e-03,-3.280260e-02
4.85200,4.421798e+02,9.581720e+01,-4.981990e-03,-3.272440e-02
4.85300,4.407929e+02,8.882653e+01,-5.052840e-03,-3.260620e-02
4.85400,4.409054e+02,1.133487e+02,-5.112600e-03,-3.244890e-02
4.85500,4.392421e+02,1.115100e+02,-5.160520e-03,-3.225360e-02
4.85600,4.374058e+02,1.004913e+02,-5.196350e-03,-3.202070e-02
4.85700,4.411125e+02,1.092827e+02,-5.220510e-03,-3.175020e-02
4.85800,4.313872e+02,1.040753e+02,-5.233700e-03,-3.144270e-02
4.85900,4.333653e+02,1.165579e+02,-5.234520e-03,-3.109920e-02
4.86000,4.314161e+02,1.204970e+02,-5.222930e-03,-3.072030e-02
4.86100,4.313654e+02,1.175605e+02,-5.199340e-03,-3.030580e-02
4.86200,4.322415e+02,1.296629e+02,-5.164470e-03,-2.985640e-02
4.86300,4.322346e+02,1.240390e+02,-5.118740e-03,-2.937230e-02
4.86400,4.302203e+02,1.453810e+02,-5.062570e-03,-2.885370e-02
4.86500,4.323789e+02,1.611960e+02,-4.996750e-03,-2.830120e-02
4.86600,4.333553e+02,1.323059e+02,-4.921170e-03,-2.771560e-02
4.86700,4.324853e+02,1.346750e+02,-4.835840e-03,-2.709810e-02
4.86800,4.327635e+02,1.452618e+02,-4.741000e-03,-2.644900e-02
4.86900,4.322575e+02,1.489945e+02,-4.637700e-03,-2.576870e-02
4.87000,4.338571e+02,1.441133e+02,-4.525810e-03,-2.505790e-02
4.87100,4.334655e+02,1.527056e+02,-4.404760e-03,-2.431700e-02
4.87200,4.335403e+02,1.606925e+02,-4.274650e-03,-2.354610e-02
4.87300,4.338069e+02,1.576921e+02,-4.136270e-03,-2.274630e-02
4.87400,4.345827e+02,1.554956e+02,-3.990430e-03,-2.191820e-02
4.87500,4.356049e+02,1.641191e+02,-3.838200e-03,-2.106300e-02
4.87600,4.360252e+02,1.603063e+02,-3.680910e-03,-2.018160e-02
4.87700,4.386928e+02,1.669185e+02,-3.519410e-03,-1.927480e-02
4.87800,4.395566e+02,1.707594e+02,-3.354010e-03,-1.834310e-02
4.87900,4.405761e+02,1.758602e+02,-3.184830e-03,-1.738700e-02
4.88000,4.428497e+02,1.781332e+02,-3.013100e-03,-1.640680e-02
4.88100,4.451476e+02,1.792919e+02,-2.839940e-03,-1.540270e-02
4.88200,4.455280e+02,1.687937e+02,-2.666250e-03,-1.437500e-02
4.88300,4.467998e+02,1.716500e+02,-2.492570e-03,-1.332520e-02
4.88400,4.478474e+02,1.696989e+02,-2.319720e-03,-1.225540e-02
4.88500,4.503330e+02,1.731411e+02,-2.148540e-03,-1.116680e-02
4.88600,4.523317e+02,1.754685e+02,-1.979710e-03,-1.006080e-02
4.88700,4.548508e+02,1.729877e+02,-1.814230e-03,-8.938190e-03
4.88800,4.574095e+02,1.713933e+02,-1.653510e-03,-7.800070e-03
4.88900,4.593572e+02,1.782703e+02,-1.498710e-03,-6.647630e-03
4.89000,4.612199e+02,1.679966e+02,-1.349810e-03,-5.481950e-03
4.89100,4.624731e+02,1.656332e+02,-1.206750e-03,-4.304410e-03
4.89200,4.636800e+02,1.741630e+02,-1.070180e-03,-3.116360e-03
4.89300,4.656153e+02,1.654451e+02,-9.412000e-04,-1.919050e-03
4.89400,4.673844e+02,1.621847e+02,-8.206160e-04,-7.137610e-04
4.89500,4.689913e+02,1.597772e+02,-7.093100e-04,4.977310e-04
4.89600,4.707222e+02,1.562987e+02,-6.079420e-04,1.713640e-03
4.89700,4.727983e+02,1.541599e+02,-5.170390e-04,2.932230e-03
4.89800,4.751607e+02,1.499434e+02,-4.372120e-04,4.151690e-03
4.89900,4.773285e+02,1.485333e+02,-3.692360e-04,5.370170e-03
4.90000,4.793608e+02,1.431072e+02,-3.141090e-04,6.586220e-03
4.90100,4.811750e+02,1.339079e+02,-2.723630e-04,7.798290e-03
4.90200,4.815079e+02,1.368269e+02,-2.440340e-04,9.004670e-03
4.90300,4.820289e+02,1.362273e+02,-2.287030e-04,1.020380e-02
4.90400,4.836581e+02,1.349797e+02,-2.261930e-04,1.139410e-02
4.90500,4.849536e+02,1.251435e+02,-2.366060e-04,1.257350e-02
4.90600,4.849093e+02,1.258789e+02,-2.602420e-04,1.373980e-02
4.90700,4.859612e+02,1.247531e+02,-2.970790e-04,1.489050e-02
4.90800,4.864692e+02,1.207230e+02,-3.469100e-04,1.602380e-02
4.90900,4.878601e+02,1.005828e+02,-4.095110e-04,1.713830e-02
4.91000,4.882559e+02,1.012713e+02,-4.841170e-04,1.823240e-02
4.91100,4.891266e+02,9.450980e+01,-5.706530e-04,1.930480e-02
4.91200,4.875482e+02,1.059551e+02,-6.686430e-04,2.035430e-02
4.91300,4.886990e+02,7.956633e+01,-7.774880e-04,2.137950e-02
4.91400,4.877385e+02,6.438979e+01,-8.966320e-04,2.237890e-02
4.91500,4.867572e+02,7.536580e+01,-1.025300e-03,2.335070e-02
4.91600,4.878447e+02,5.098326e+01,-1.163060e-03,2.429350e-02
4.91700,4.853907e+02,6.545698e+01,-1.309040e-03,2.520590e-02
4.91800,4.868622e+02,4.711547e+01,-1.462760e-03,2.608610e-02
4.91900,4.844702e+02,5.455524e+01,-1.623690e-03,2.693280e-02
4.92000,4.847790e+02,4.718323e+01,-1.791110e-03,2.774500e-02
4.92100,4.852561e+02,2.946386e+01,-1.964000e-03,2.852130e-02
4.92200,4.814923e+02,2.094535e+01,-2.140910e-03,2.926130e-02
4.92300,4.798823e+02,2.599473e+01,-2.320870e-03,2.996430e-02
4.92400,4.780277e+02,1.225257e+01,-2.503050e-03,3.062980e-02
4.92500,4.753683e+02,2.064119e+01,-2.686460e-03,3.125730e-02
4.92600,4.750425e+02,4.459198e+00,-2.870260e-03,3.184600e-02
4.92700,4.720492e+02,-1.629998e+01,-3.053660e-03,3.239580e-02
4.92800,4.709839e+02,-4.514514e+00,-3.235510e-03,3.290580e-02
4.92900,4.680269e+02,-1.088367e+01,-3.414940e-03,3.337550e-02
4.93000,4.662884e+02,-5.319553e+00,-3.591220e-03,3.380460e-02
4.93100,4.646962e+02,2.772946e-01,-3.763880e-03,3.419310e-02
4.93200,4.637979e+02,-2.950525e+01,-3.932280e-03,3.454040e-02
4.93300,4.611949e+02,-2.463904e+01,-4.095810e-03,3.484730e-02
4.93400,4.618915e+02,-4.342131e+01,-4.253000e-03,3.511390e-02
4.93500,4.583632e+02,-3.560313e+01,-4.402560e-03,3.534150e-02
4.93600,4.586254e+02,-4.397826e+01,-4.544730e-03,3.553030e-02
4.93700,4.546495e+02,-5.620308e+01,-4.679190e-03,3.568030e-02
4.93800,4.546773e+02,-6.836553e+01,-4.805700e-03,3.579170e-02
4.93900,4.503304e+02,-6.783913e+01,-4.923450e-03,3.586310e-02
4.94000,4.503094e+02,-5.365615e+01,-5.031150e-03,3.589200e-02
4.94100,4.494467e+02,-7.161540e+01,-5.128520e-03,3.587880e-02
4.94200,4.441547e+02,-7.648947e+01,-5.214710e-03,3.582430e-02
4.94300,4.466273e+02,-7.583100e+01,-5.289430e-03,3.572920e-02
4.94400,4.459743e+02,-8.877247e+01,-5.352500e-03,3.559390e-02
4.94500,4.443877e+02,-9.525873e+01,-5.404330e-03,3.541950e-02
4.94600,4.399559e+02,-9.360333e+01,-5.444470e-03,3.520680e-02
4.94700,4.383102e+02,-1.035290e+02,-5.471640e-03,3.495570e-02
4.94800,4.380707e+02,-9.436067e+01,-5.486530e-03,3.466690e-02
4.94900,4.391126e+02,-1.078423e+02,-5.489610e-03,3.434080e-02
4.95000,4.399555e+02,-1.157467e+02,-5.480880e-03,3.397820e-02
4.95100,4.386607e+02,-1.223989e+02,-5.460900e-03,3.357930e-02
4.95200,4.377831e+02,-1.228551e+02,-5.429880e-03,3.314430e-02
4.95300,4.383052e+02,-1.298178e+02,-5.388080e-03,3.267360e-02
4.95400,4.353956e+02,-1.095586e+02,-5.334950e-03,3.216770e-02
4.95500,4.375059e+02,-1.226333e+02,-5.270170e-03,3.162720e-02
4.95600,4.366402e+02,-1.418047e+02,-5.193970e-03,3.105310e-02
4.95700,4.353458e+02,-1.221909e+02,-5.106440e-03,3.044620e-02
4.95800,4.352849e+02,-1.314902e+02,-5.007720e-03,2.980760e-02
4.95900,4.346859e+02,-1.521918e+02,-4.898320e-03,2.913750e-02
4.96000,4.360289e+02,-1.495578e+02,-4.778990e-03,2.843670e-02
4.96100,4.348184e+02,-1.467514e+02,-4.650670e-03,2.770550e-02
4.96200,4.382630e+02,-1.559869e+02,-4.513660e-03,2.694370e-02
4.96300,4.396251e+02,-1.559203e+02,-4.369090e-03,2.615130e-02
4.96400,4.409405e+02,-1.598859e+02,-4.218000e-03,2.532920e-02
4.96500,4.431407e+02,-1.672693e+02,-4.061150e-03,2.447850e-02
4.96600,4.424873e+02,-1.678223e+02,-3.899450e-03,2.360050e-02
4.96700,4.425766e+02,-1.583956e+02,-3.733200e-03,2.269650e-02
4.96800,4.432773e+02,-1.631457e+02,-3.562690e-03,2.176750e-02
4.96900,4.449311e+02,-1.629785e+02,-3.388220e-03,2.081430e-02
4.97000,4.450077e+02,-1.662378e+02,-3.210510e-03,1.983730e-02
4.97100,4.463486e+02,-1.669492e+02,-3.030370e-03,1.883690e-02
4.97200,4.480397e+02,-1.693823e+02,-2.848560e-03,1.781320e-02
4.97300,4.500227e+02,-1.677197e+02,-2.665950e-03,1.676730e-02
4.97400,4.518197e+02,-1.687329e+02,-2.483630e-03,1.570100e-02
4.97500,4.538683e+02,-1.677195e+02,-2.302680e-03,1.461560e-02
4.97600,4.554481e+02,-1.649211e+02,-2.123920e-03,1.351190e-02
4.97700,4.577729e+02,-1.608565e+02,-1.948250e-03,1.239100e-02
4.97800,4.585520e+02,-1.656823e+02,-1.776460e-03,1.125390e-02
4.97900,4.596267e+02,-1.608832e+02,-1.609090e-03,1.010190e-02
4.98000,4.612481e+02,-1.587433e+02,-1.446460e-03,8.936490e-03
4.98100,4.625073e+02,-1.565159e+02,-1.289410e-03,7.759020e-03
4.98200,4.644813e+02,-1.548699e+02,-1.139060e-03,6.571010e-03
4.98300,4.665275e+02,-1.567845e+02,-9.965760e-04,5.374040e-03
4.98400,4.686268e+02,-1.531797e+02,-8.629400e-04,4.169510e-03
4.98500,4.710112e+02,-1.483617e+02,-7.389100e-04,2.958670e-03
4.98600,4.732563e+02,-1.443643e+02,-6.253380e-04,1.742890e-03
4.98700,4.750653e+02,-1.392263e+02,-5.228130e-04,5.237590e-04
4.98800,4.764292e+02,-1.351257e+02,-4.316540e-04,-6.968550e-04
4.98900,4.774686e+02,-1.398027e+02,-3.523860e-04,-1.917090e-03
4.99000,4.780838e+02,-1.397355e+02,-2.852540e-04,-3.135050e-03
4.99100,4.793503e+02,-1.288669e+02,-2.302650e-04,-4.349060e-03
4.99200,4.797779e+02,-1.294762e+02,-1.874780e-04,-5.557410e-03
4.99300,4.810557e+02,-1.199338e+02,-1.570870e-04,-6.758680e-03
4.99400,4.823127e+02,-1.134553e+02,-1.393850e-04,-7.951390e-03
4.99500,4.835840e+02,-1.050879e+02,-1.346210e-04,-9.133720e-03
4.99600,4.842919e+02,-1.082508e+02,-1.430800e-04,-1.030360e-02
4.99700,4.857343e+02,-1.009950e+02,-1.649030e-04,-1.145890e-02
4.99800,4.863507e+02,-9.805180e+01,-2.002840e-04,-1.259760e-02
4.99900,4.867758e+02,-1.002537e+02,-2.491140e-04,-1.371800e-02
5.00000,4.876195e+02,-8.228340e+01,-3.107800e-04,-1.481880e-02
5.00100,4.869423e+02,-7.413533e+01,-3.846570e-04,-1.589840e-02
5.00200,4.864670e+02,-8.009560e+01,-4.700290e-04,-1.695540e-02
5.00300,4.852620e+02,-7.080333e+01,-5.662480e-04,-1.798800e-02
5.00400,4.851061e+02,-6.208102e+01,-6.727780e-04,-1.899470e-02
5.00500,4.852197e+02,-5.706799e+01,-7.894840e-04,-1.997390e-02
5.00600,4.838982e+02,-6.118191e+01,-9.160250e-04,-2.092400e-02
5.00700,4.838605e+02,-4.407940e+01,-1.051440e-03,-2.184400e-02
5.00800,4.831554e+02,-3.756373e+01,-1.195130e-03,-2.273250e-02
5.00900,4.820515e+02,-4.285238e+01,-1.346210e-03,-2.358850e-02
5.01000,4.808870e+02,-2.521408e+01,-1.503990e-03,-2.441090e-02
5.01100,4.792522e+02,-2.793094e+01,-1.667150e-03,-2.519850e-02
5.01200,4.790621e+02,-1.916603e+01,-1.835130e-03,-2.595050e-02
5.01300,4.754845e+02,-2.371909e+01,-2.007270e-03,-2.666600e-02
5.01400,4.745843e+02,1.380690e-01,-2.182140e-03,-2.734400e-02
5.01500,4.730614e+02,7.427840e-01,-2.358930e-03,-2.798420e-02
5.01600,4.721931e+02,-4.406089e+00,-2.536890e-03,-2.858620e-02
5.01700,4.699815e+02,-1.154433e+01,-2.715300e-03,-2.914940e-02
5.01800,4.675581e+02,1.188562e+01,-2.892940e-03,-2.967350e-02
5.01900,4.651514e+02,1.517314e+01,-3.069110e-03,-3.015790e-02
5.02000,4.626121e+02,2.026341e+01,-3.243030e-03,-3.060230e-02
5.02100,4.626465e+02,4.022323e+01,-3.414080e-03,-3.100650e-02
5.02200,4.572717e+02,4.566241e+01,-3.581190e-03,-3.137050e-02
5.02300,4.574802e+02,3.630877e+01,-3.743180e-03,-3.169440e-02
5.02400,4.525641e+02,4.082951e+01,-3.899920e-03,-3.197830e-02
5.02500,4.539443e+02,5.597679e+01,-4.050490e-03,-3.222310e-02
5.02600,4.470189e+02,2.402522e+01,-4.194620e-03,-3.242940e-02
5.02700,4.495760e+02,5.430168e+01,-4.331660e-03,-3.259720e-02
5.02800,4.514379e+02,7.303373e+01,-4.461490e-03,-3.272660e-02
5.02900,4.475190e+02,6.641452e+01,-4.583560e-03,-3.281740e-02
5.03000,4.468457e+02,5.911172e+01,-4.696830e-03,-3.286660e-02
5.03100,4.442923e+02,7.945073e+01,-4.800860e-03,-3.287470e-02
5.03200,4.428803e+02,7.483687e+01,-4.894700e-03,-3.284200e-02
5.03300,4.408571e+02,9.525507e+01,-4.977310e-03,-3.276880e-02
5.03400,4.393661e+02,9.679273e+01,-5.048400e-03,-3.265600e-02
5.03500,4.397550e+02,1.014658e+02,-5.108260e-03,-3.250430e-02
5.03600,4.389311e+02,9.730213e+01,-5.157540e-03,-3.231440e-02
5.03700,4.362215e+02,1.024117e+02,-5.195260e-03,-3.208670e-02
5.03800,4.367015e+02,1.066751e+02,-5.220890e-03,-3.182090e-02
5.03900,4.348338e+02,1.187712e+02,-5.234430e-03,-3.151840e-02
5.04000,4.341762e+02,1.180929e+02,-5.235860e-03,-3.117980e-02
5.04100,4.341183e+02,1.224353e+02,-5.226150e-03,-3.080540e-02
5.04200,4.361478e+02,1.340971e+02,-5.206080e-03,-3.039490e-02
5.04300,4.329892e+02,1.367741e+02,-5.176110e-03,-2.994880e-02
5.04400,4.331752e+02,1.234872e+02,-5.135090e-03,-2.946800e-02
5.04500,4.301273e+02,1.270013e+02,-5.082080e-03,-2.895320e-02
5.04600,4.342013e+02,1.404662e+02,-5.017070e-03,-2.840520e-02
5.04700,4.315899e+02,1.371879e+02,-4.941040e-03,-2.782460e-02
5.04800,4.319982e+02,1.504501e+02,-4.854910e-03,-2.721210e-02
5.04900,4.312711e+02,1.379207e+02,-4.759580e-03,-2.656800e-02
5.05000,4.294793e+02,1.481620e+02,-4.655810e-03,-2.589270e-02
5.05100,4.327291e+02,1.502898e+02,-4.542800e-03,-2.518710e-02
5.05200,4.333275e+02,1.556211e+02,-4.420630e-03,-2.445100e-02
5.05300,4.358243e+02,1.537877e+02,-4.290100e-03,-2.368450e-02
5.05400,4.355254e+02,1.622290e+02,-4.152720e-03,-2.288820e-02
5.05500,4.366529e+02,1.782065e+02,-4.009570e-03,-2.206300e-02
5.05600,4.361801e+02,1.616895e+02,-3.860980e-03,-2.121010e-02
5.05700,4.365397e+02,1.681734e+02,-3.706920e-03,-2.033050e-02
5.05800,4.371051e+02,1.546000e+02,-3.547240e-03,-1.942570e-02
5.05900,4.387673e+02,1.664301e+02,-3.382410e-03,-1.849630e-02
5.06000,4.402911e+02,1.701414e+02,-3.213600e-03,-1.754280e-02
5.06100,4.418660e+02,1.736384e+02,-3.042390e-03,-1.656550e-02
5.06200,4.435691e+02,1.740874e+02,-2.869950e-03,-1.556460e-02
5.06300,4.456782e+02,1.704459e+02,-2.696380e-03,-1.454040e-02
5.06400,4.474189e+02,1.744423e+02,-2.522130e-03,-1.349420e-02
5.06500,4.489643e+02,1.754914e+02,-2.348290e-03,-1.242770e-02
5.06600,4.514367e+02,1.730185e+02,-2.175980e-03,-1.134210e-02
5.06700,4.522185e+02,1.731694e+02,-2.006480e-03,-1.023810e-02
5.06800,4.541744e+02,1.682207e+02,-1.840640e-03,-9.116830e-03
5.06900,4.543862e+02,1.734351e+02,-1.678990e-03,-7.979680e-03
5.07000,4.570409e+02,1.709344e+02,-1.521720e-03,-6.828110e-03
5.07100,4.591951e+02,1.676667e+02,-1.369520e-03,-5.663400e-03
5.07200,4.617165e+02,1.691879e+02,-1.223460e-03,-4.486920e-03
5.07300,4.644303e+02,1.655243e+02,-1.085220e-03,-3.299950e-03
5.07400,4.665840e+02,1.616014e+02,-9.557200e-04,-2.103620e-03
5.07500,4.684601e+02,1.585168e+02,-8.351650e-04,-8.990980e-04
5.07600,4.702134e+02,1.597287e+02,-7.238520e-04,3.119390e-04
5.07700,4.724977e+02,1.499368e+02,-6.222050e-04,1.527790e-03
5.07800,4.734100e+02,1.552564e+02,-5.307970e-04,2.746800e-03
5.07900,4.749438e+02,1.435372e+02,-4.504690e-04,3.967060e-03
5.08000,4.764460e+02,1.409608e+02,-3.818430e-04,5.186780e-03
5.08100,4.774026e+02,1.424393e+02,-3.252950e-04,6.404160e-03
5.08200,4.797400e+02,1.233569e+02,-2.807170e-04,7.617610e-03
5.08300,4.808815e+02,1.319942e+02,-2.482870e-04,8.825370e-03
5.08400,4.824972e+02,1.311332e+02,-2.287210e-04,1.002600e-02
5.08500,4.843781e+02,1.258805e+02,-2.227790e-04,1.121790e-02
5.08600,4.856620e+02,1.207523e+02,-2.309920e-04,1.239940e-02
5.08700,4.869657e+02,1.144505e+02,-2.533640e-04,1.356830e-02
5.08800,4.870465e+02,1.189663e+02,-2.895450e-04,1.472230e-02
5.08900,4.880609e+02,1.063547e+02,-3.386130e-04,1.585980e-02
5.09000,4.873747e+02,1.136527e+02,-3.998140e-04,1.697890e-02
5.09100,4.883077e+02,9.710987e+01,-4.727600e-04,1.807820e-02
5.09200,4.883284e+02,8.878087e+01,-5.576300e-04,1.915580e-02
5.09300,4.878161e+02,8.268580e+01,-6.540550e-04,2.021030e-02
5.09400,4.873087e+02,9.041120e+01,-7.615140e-04,2.124010e-02
5.09500,4.875637e+02,8.713587e+01,-8.796020e-04,2.224370e-02
5.09600,4.876302e+02,7.936580e+01,-1.007530e-03,2.321960e-02
5.09700,4.885975e+02,6.083478e+01,-1.144440e-03,2.416650e-02
5.09800,4.876370e+02,6.176094e+01,-1.289900e-03,2.508310e-02
5.09900,4.846012e+02,7.498847e+01,-1.443340e-03,2.596780e-02
5.10000,4.846655e+02,4.996322e+01,-1.603730e-03,2.681970e-02
5.10100,4.833833e+02,4.633462e+01,-1.770230e-03,2.763730e-02
5.10200,4.802587e+02,5.026121e+01,-1.941970e-03,2.841980e-02
5.10300,4.805867e+02,2.805011e+01,-2.117910e-03,2.916620e-02
5.10400,4.800371e+02,2.006476e+01,-2.297090e-03,2.987540e-02
5.10500,4.795846e+02,2.037735e+01,-2.478910e-03,3.054690e-02
5.10600,4.766289e+02,2.684292e+01,-2.662520e-03,3.118010e-02
5.10700,4.765689e+02,7.184740e+00,-2.847080e-03,3.177430e-02
5.10800,4.743070e+02,6.859887e+00,-3.031470e-03,3.232940e-02
5.10900,4.705442e+02,1.325175e+01,-3.214560e-03,3.284490e-02
5.11000,4.682129e+02,-2.242333e+00,-3.395080e-03,3.332010e-02
5.11100,4.642168e+02,-5.373227e+00,-3.571990e-03,3.375510e-02
5.11200,4.656159e+02,-2.383609e+01,-3.744770e-03,3.414960e-02
5.11300,4.642908e+02,-2.368563e+01,-3.912970e-03,3.450350e-02
5.11400,4.641197e+02,-4.701475e+01,-4.076130e-03,3.481670e-02
5.11500,4.615760e+02,-2.903837e+01,-4.233340e-03,3.508960e-02
5.11600,4.533491e+02,-2.361283e+01,-4.383790e-03,3.532290e-02
5.11700,4.578210e+02,-4.974870e+01,-4.527790e-03,3.551730e-02
5.11800,4.536537e+02,-3.854464e+01,-4.664830e-03,3.567270e-02
5.11900,4.542644e+02,-5.406611e+01,-4.793770e-03,3.578950e-02
5.12000,4.521653e+02,-5.157797e+01,-4.913950e-03,3.586680e-02
5.12100,4.499071e+02,-6.393071e+01,-5.024340e-03,3.590180e-02
5.12200,4.511954e+02,-6.404835e+01,-5.123270e-03,3.589480e-02
5.12300,4.460688e+02,-8.025367e+01,-5.210140e-03,3.584680e-02
5.12400,4.444495e+02,-9.594480e+01,-5.285490e-03,3.575790e-02
5.12500,4.441288e+02,-9.485560e+01,-5.349150e-03,3.562900e-02
5.12600,4.432401e+02,-9.613247e+01,-5.401980e-03,3.546060e-02
5.12700,4.425563e+02,-9.256580e+01,-5.443450e-03,3.525340e-02
5.12800,4.423969e+02,-1.021015e+02,-5.473660e-03,3.500720e-02
5.12900,4.472427e+02,-1.245429e+02,-5.492790e-03,3.472220e-02
5.13000,4.425444e+02,-1.206137e+02,-5.500520e-03,3.439930e-02
5.13100,4.407059e+02,-1.138775e+02,-5.496070e-03,3.403950e-02
5.13200,4.418244e+02,-1.255947e+02,-5.479770e-03,3.364320e-02
5.13300,4.356365e+02,-1.238281e+02,-5.451130e-03,3.321100e-02
5.13400,4.369655e+02,-1.223577e+02,-5.408780e-03,3.274420e-02
5.13500,4.348850e+02,-1.306010e+02,-5.353300e-03,3.224340e-02
5.13600,4.328095e+02,-1.254073e+02,-5.285540e-03,3.170890e-02
5.13700,4.351916e+02,-1.375927e+02,-5.206400e-03,3.114110e-02
5.13800,4.360421e+02,-1.432945e+02,-5.117090e-03,3.054050e-02
5.13900,4.368431e+02,-1.389769e+02,-5.017900e-03,2.990780e-02
5.14000,4.383992e+02,-1.462255e+02,-4.909800e-03,2.924270e-02
5.14100,4.387790e+02,-1.611179e+02,-4.793410e-03,2.854580e-02
5.14200,4.406611e+02,-1.453919e+02,-4.669130e-03,2.781800e-02
5.14300,4.397149e+02,-1.501681e+02,-4.537140e-03,2.705870e-02
5.14400,4.382195e+02,-1.382709e+02,-4.397810e-03,2.626850e-02
5.14500,4.389695e+02,-1.626198e+02,-4.250910e-03,2.544850e-02
5.14600,4.380266e+02,-1.556294e+02,-4.095820e-03,2.460060e-02
5.14700,4.389254e+02,-1.668517e+02,-3.933670e-03,2.372630e-02
5.14800,4.403351e+02,-1.644292e+02,-3.765940e-03,2.282670e-02
5.14900,4.422592e+02,-1.663132e+02,-3.593790e-03,2.190270e-02
5.15000,4.439568e+02,-1.699968e+02,-3.418220e-03,2.095470e-02
5.15100,4.462546e+02,-1.704234e+02,-3.239910e-03,1.998280e-02
5.15200,4.484965e+02,-1.659616e+02,-3.059830e-03,1.898660e-02
5.15300,4.520386e+02,-1.696475e+02,-2.878640e-03,1.796630e-02
5.15400,4.512650e+02,-1.763143e+02,-2.696660e-03,1.692250e-02
5.15500,4.518304e+02,-1.707677e+02,-2.514700e-03,1.585700e-02
5.15600,4.521790e+02,-1.767328e+02,-2.333520e-03,1.477180e-02
5.15700,4.530427e+02,-1.672197e+02,-2.153400e-03,1.366830e-02
5.15800,4.540270e+02,-1.610441e+02,-1.974830e-03,1.254810e-02
5.15900,4.559065e+02,-1.656859e+02,-1.799410e-03,1.141230e-02
5.16000,4.586427e+02,-1.637715e+02,-1.628900e-03,1.026210e-02
5.16100,4.614321e+02,-1.628844e+02,-1.464490e-03,9.098840e-03
5.16200,4.645156e+02,-1.620557e+02,-1.306930e-03,7.923320e-03
5.16300,4.673048e+02,-1.608923e+02,-1.157340e-03,6.736740e-03
5.16400,4.688341e+02,-1.636101e+02,-1.016620e-03,5.540390e-03
5.16500,4.705032e+02,-1.534427e+02,-8.849030e-04,4.335700e-03
5.16600,4.710809e+02,-1.522874e+02,-7.621540e-04,3.124120e-03
5.16700,4.712843e+02,-1.505838e+02,-6.487430e-04,1.907310e-03
5.16800,4.717209e+02,-1.471427e+02,-5.450020e-04,6.871030e-04
5.16900,4.729450e+02,-1.407543e+02,-4.510960e-04,-5.342970e-04
5.17000,4.744423e+02,-1.349432e+02,-3.676620e-04,-1.754750e-03
5.17100,4.766909e+02,-1.318053e+02,-2.958200e-04,-2.972460e-03
5.17200,4.789993e+02,-1.291619e+02,-2.363950e-04,-4.185820e-03
5.17300,4.814107e+02,-1.238065e+02,-1.898390e-04,-5.393660e-03
5.17400,4.829173e+02,-1.260105e+02,-1.566970e-04,-6.594950e-03
5.17500,4.844601e+02,-1.178149e+02,-1.377070e-04,-7.788590e-03
5.17600,4.850646e+02,-1.161543e+02,-1.329550e-04,-8.972900e-03
5.17700,4.849061e+02,-1.090541e+02,-1.414750e-04,-1.014580e-02
5.17800,4.847501e+02,-1.030004e+02,-1.626500e-04,-1.130470e-02
5.17900,4.843939e+02,-1.028902e+02,-1.964260e-04,-1.244720e-02
5.18000,4.843488e+02,-9.267420e+01,-2.426920e-04,-1.357130e-02
5.18100,4.845341e+02,-8.919020e+01,-3.009510e-04,-1.467530e-02
5.18200,4.841308e+02,-1.003527e+02,-3.709570e-04,-1.575780e-02
5.18300,4.856879e+02,-7.942407e+01,-4.528830e-04,-1.681730e-02
5.18400,4.866299e+02,-7.347547e+01,-5.466460e-04,-1.785260e-02
5.18500,4.873277e+02,-6.428606e+01,-6.518890e-04,-1.886260e-02
5.18600,4.875143e+02,-7.323067e+01,-7.687020e-04,-1.984590e-02
5.18700,4.875932e+02,-5.600767e+01,-8.971410e-04,-2.080090e-02
5.18800,4.855961e+02,-4.129463e+01,-1.035340e-03,-2.172620e-02
5.18900,4.815003e+02,-4.708291e+01,-1.180520e-03,-2.262050e-02
5.19000,4.799094e+02,-4.593240e+01,-1.331190e-03,-2.348300e-02
5.19100,4.800755e+02,-3.302343e+01,-1.487300e-03,-2.431190e-02
5.19200,4.777447e+02,-2.077752e+01,-1.648680e-03,-2.510560e-02
5.19300,4.762186e+02,-2.755651e+01,-1.814760e-03,-2.586340e-02
5.19400,4.755706e+02,-1.909163e+01,-1.984910e-03,-2.658440e-02
5.19500,4.754470e+02,-6.528665e-01,-2.158060e-03,-2.726790e-02
5.19600,4.737199e+02,-3.638923e+00,-2.333270e-03,-2.791360e-02
5.19700,4.723572e+02,5.042283e+00,-2.509750e-03,-2.852120e-02
5.19800,4.711273e+02,2.078708e+00,-2.687660e-03,-2.909020e-02
5.19900,4.692792e+02,1.621023e+01,-2.866460e-03,-2.961990e-02
5.20000,4.638772e+02,1.607065e+01,-3.044500e-03,-3.011000e-02
5.20100,4.623275e+02,2.350976e+01,-3.219380e-03,-3.056010e-02
5.20200,4.594065e+02,2.586747e+01,-3.390540e-03,-3.097000e-02
5.20300,4.592781e+02,3.568568e+01,-3.557790e-03,-3.133920e-02
5.20400,4.575517e+02,4.148457e+01,-3.720670e-03,-3.166800e-02
5.20500,4.546083e+02,3.183906e+01,-3.878170e-03,-3.195680e-02
5.20600,4.548634e+02,4.579481e+01,-4.029880e-03,-3.220660e-02
5.20700,4.549847e+02,3.850619e+01,-4.176250e-03,-3.241800e-02
5.20800,4.523046e+02,5.460770e+01,-4.316080e-03,-3.259100e-02
5.20900,4.500888e+02,4.153835e+01,-4.448750e-03,-3.272600e-02
5.21000,4.492649e+02,6.693627e+01,-4.573420e-03,-3.282280e-02
5.21100,4.453195e+02,7.463973e+01,-4.688660e-03,-3.287810e-02
5.21200,4.452647e+02,9.015247e+01,-4.793010e-03,-3.289230e-02
5.21300,4.409765e+02,8.879053e+01,-4.885130e-03,-3.286590e-02
5.21400,4.414307e+02,9.276587e+01,-4.965950e-03,-3.279920e-02
5.21500,4.393251e+02,9.299213e+01,-5.036250e-03,-3.269240e-02
5.21600,4.385509e+02,9.583420e+01,-5.096190e-03,-3.254650e-02
5.21700,4.369610e+02,1.015250e+02,-5.145440e-03,-3.236260e-02
5.21800,4.386455e+02,1.029020e+02,-5.184450e-03,-3.214070e-02
5.21900,4.384205e+02,1.128637e+02,-5.213420e-03,-3.188030e-02
5.22000,4.363109e+02,1.258479e+02,-5.232020e-03,-3.158250e-02
5.22100,4.351702e+02,1.161481e+02,-5.239580e-03,-3.124780e-02
5.22200,4.391709e+02,1.319129e+02,-5.236380e-03,-3.087690e-02
5.22300,4.324085e+02,1.326957e+02,-5.221350e-03,-3.047010e-02
5.22400,4.319541e+02,1.400829e+02,-5.193270e-03,-3.002870e-02
5.22500,4.311046e+02,1.198210e+02,-5.151660e-03,-2.955370e-02
5.22600,4.299319e+02,1.403317e+02,-5.097620e-03,-2.904500e-02
5.22700,4.303075e+02,1.317163e+02,-5.032170e-03,-2.850310e-02
5.22800,4.312669e+02,1.344145e+02,-4.955850e-03,-2.792870e-02
5.22900,4.325417e+02,1.425347e+02,-4.869290e-03,-2.732250e-02
5.23000,4.334066e+02,1.431325e+02,-4.773700e-03,-2.668460e-02
5.23100,4.342671e+02,1.452953e+02,-4.669920e-03,-2.601470e-02
5.23200,4.352721e+02,1.448458e+02,-4.558040e-03,-2.531350e-02
5.23300,4.362773e+02,1.510740e+02,-4.438310e-03,-2.458070e-02
5.23400,4.340959e+02,1.599273e+02,-4.311520e-03,-2.381640e-02
5.23500,4.346765e+02,1.456715e+02,-4.177290e-03,-2.302170e-02
5.23600,4.332139e+02,1.691077e+02,-4.035180e-03,-2.219850e-02
5.23700,4.355615e+02,1.685153e+02,-3.885890e-03,-2.134820e-02
5.23800,4.358836e+02,1.637618e+02,-3.730930e-03,-2.047230e-02
5.23900,4.372755e+02,1.668549e+02,-3.571240e-03,-1.957190e-02
5.24000,4.389389e+02,1.686094e+02,-3.407330e-03,-1.864750e-02
5.24100,4.408810e+02,1.725578e+02,-3.239930e-03,-1.769920e-02
5.24200,4.430973e+02,1.759996e+02,-3.070080e-03,-1.672670e-02
5.24300,4.453272e+02,1.729775e+02,-2.898460e-03,-1.573000e-02
5.24400,4.463206e+02,1.840465e+02,-2.725150e-03,-1.470920e-02
5.24500,4.473530e+02,1.777845e+02,-2.551250e-03,-1.366530e-02
5.24600,4.482245e+02,1.788479e+02,-2.377930e-03,-1.260000e-02
5.24700,4.492763e+02,1.702939e+02,-2.205410e-03,-1.151530e-02
5.24800,4.507738e+02,1.756803e+02,-2.034160e-03,-1.041260e-02
5.24900,4.522637e+02,1.712230e+02,-1.865460e-03,-9.293020e-03
5.25000,4.550675e+02,1.714301e+02,-1.700820e-03,-8.157870e-03
5.25100,4.577931e+02,1.697181e+02,-1.541390e-03,-7.008370e-03
5.25200,4.604623e+02,1.703673e+02,-1.388190e-03,-5.845680e-03
5.25300,4.629296e+02,1.718191e+02,-1.242130e-03,-4.670880e-03
5.25400,4.657009e+02,1.746849e+02,-1.103860e-03,-3.485070e-03
5.25500,4.668669e+02,1.724096e+02,-9.737680e-04,-2.289260e-03
5.25600,4.679141e+02,1.663685e+02,-8.519560e-04,-1.084730e-03
5.25700,4.694304e+02,1.562459e+02,-7.392730e-04,1.268810e-04
5.25800,4.702859e+02,1.505786e+02,-6.363810e-04,1.343560e-03
5.25900,4.716467e+02,1.559654e+02,-5.434420e-04,2.563210e-03
5.26000,4.730905e+02,1.512262e+02,-4.609600e-04,3.783640e-03
5.26100,4.753491e+02,1.468482e+02,-3.895850e-04,5.003080e-03
5.26200,4.776307e+02,1.439597e+02,-3.301540e-04,6.219910e-03
5.26300,4.803738e+02,1.401033e+02,-2.834180e-04,7.432980e-03
5.26400,4.826113e+02,1.289679e+02,-2.501290e-04,8.641030e-03
5.26500,4.844755e+02,1.258393e+02,-2.307260e-04,9.842940e-03
5.26600,4.856601e+02,1.235707e+02,-2.252770e-04,1.103720e-02
5.26700,4.854671e+02,1.263763e+02,-2.329510e-04,1.222200e-02
5.26800,4.856528e+02,1.253337e+02,-2.532300e-04,1.339490e-02
5.26900,4.859386e+02,1.105343e+02,-2.860470e-04,1.455310e-02
5.27000,4.857053e+02,1.164885e+02,-3.314270e-04,1.569430e-02
5.27100,4.867101e+02,1.039696e+02,-3.892790e-04,1.681680e-02
5.27200,4.869327e+02,9.875460e+01,-4.595360e-04,1.791870e-02
5.27300,4.874121e+02,1.066389e+02,-5.419120e-04,1.899870e-02
5.27400,4.890879e+02,9.160480e+01,-6.359760e-04,2.005560e-02
5.27500,4.904427e+02,7.234660e+01,-7.413540e-04,2.108800e-02
5.27600,4.894520e+02,9.729227e+01,-8.580720e-04,2.209490e-02
5.27700,4.902093e+02,7.716007e+01,-9.857980e-04,2.307470e-02
5.27800,4.872775e+02,7.778967e+01,-1.123720e-03,2.402620e-02
5.27900,4.865869e+02,6.069754e+01,-1.270210e-03,2.494770e-02
5.28000,4.843721e+02,5.949000e+01,-1.423900e-03,2.583790e-02
5.28100,4.843851e+02,4.787688e+01,-1.583720e-03,2.669540e-02
5.28200,4.818364e+02,5.122099e+01,-1.748950e-03,2.751860e-02
5.28300,4.820134e+02,3.858761e+01,-1.918960e-03,2.830630e-02
5.28400,4.825763e+02,2.423329e+01,-2.093840e-03,2.905750e-02
5.28500,4.795764e+02,4.350624e+01,-2.272740e-03,2.977170e-02
5.28600,4.794914e+02,2.584703e+01,-2.454510e-03,3.044840e-02
5.28700,4.786273e+02,2.007658e+01,-2.638580e-03,3.108700e-02
5.28800,4.770545e+02,1.203712e+01,-2.823570e-03,3.168720e-02
5.28900,4.703525e+02,2.850394e+01,-3.008170e-03,3.224840e-02
5.29000,4.707263e+02,1.728567e+01,-3.190670e-03,3.276990e-02
5.29100,4.675169e+02,-6.179961e+00,-3.370640e-03,3.325130e-02
5.29200,4.675455e+02,-2.551727e+01,-3.546830e-03,3.369240e-02
5.29300,4.639661e+02,-1.424441e+01,-3.718770e-03,3.409290e-02
5.29400,4.621961e+02,-2.240572e+01,-3.886250e-03,3.445250e-02
5.29500,4.616053e+02,-2.765951e+01,-4.048580e-03,3.477160e-02
5.29600,4.605162e+02,-3.247732e+01,-4.205640e-03,3.505030e-02
5.29700,4.598489e+02,-2.479316e+01,-4.357080e-03,3.528950e-02
5.29800,4.596253e+02,-3.877869e+01,-4.503490e-03,3.548960e-02
5.29900,4.602655e+02,-2.925688e+01,-4.645050e-03,3.565050e-02
5.30000,4.577758e+02,-4.773413e+01,-4.780570e-03,3.577240e-02
5.30100,4.526073e+02,-6.847133e+01,-4.907200e-03,3.585510e-02
5.30200,4.489769e+02,-6.096145e+01,-5.022150e-03,3.589590e-02
5.30300,4.438213e+02,-5.039259e+01,-5.124030e-03,3.589500e-02
5.30400,4.447638e+02,-7.226847e+01,-5.212700e-03,3.585330e-02
5.30500,4.455070e+02,-7.853600e+01,-5.289140e-03,3.577080e-02
5.30600,4.376513e+02,-6.243598e+01,-5.353810e-03,3.564790e-02
5.30700,4.407664e+02,-8.916780e+01,-5.407060e-03,3.548580e-02
5.30800,4.425357e+02,-9.216360e+01,-5.447820e-03,3.528540e-02
5.30900,4.423448e+02,-9.697453e+01,-5.475840e-03,3.504660e-02
5.31000,4.460307e+02,-9.618013e+01,-5.492250e-03,3.476930e-02
5.31100,4.424039e+02,-1.125755e+02,-5.498920e-03,3.445390e-02
5.31200,4.422441e+02,-1.139277e+02,-5.495460e-03,3.410080e-02
5.31300,4.373579e+02,-1.278654e+02,-5.480660e-03,3.371080e-02
5.31400,4.363073e+02,-1.193090e+02,-5.453820e-03,3.328460e-02
5.31500,4.373373e+02,-1.216653e+02,-5.414420e-03,3.282330e-02
5.31600,4.331175e+02,-1.232706e+02,-5.362580e-03,3.232730e-02
5.31700,4.378269e+02,-1.211368e+02,-5.299060e-03,3.179770e-02
5.31800,4.367038e+02,-1.393596e+02,-5.225190e-03,3.123480e-02
5.31900,4.381281e+02,-1.413088e+02,-5.141350e-03,3.063910e-02
5.32000,4.366208e+02,-1.426211e+02,-5.046450e-03,3.001160e-02
5.32100,4.400937e+02,-1.436824e+02,-4.941140e-03,2.935240e-02
5.32200,4.431485e+02,-1.608496e+02,-4.826760e-03,2.866140e-02
5.32300,4.384778e+02,-1.546952e+02,-4.704360e-03,2.793880e-02
5.32400,4.388701e+02,-1.404183e+02,-4.573370e-03,2.718460e-02
5.32500,4.373013e+02,-1.540393e+02,-4.433710e-03,2.639940e-02
5.32600,4.390590e+02,-1.610551e+02,-4.285560e-03,2.558410e-02
5.32700,4.398160e+02,-1.658276e+02,-4.129310e-03,2.474050e-02
5.32800,4.400750e+02,-1.621849e+02,-3.965820e-03,2.387010e-02
5.32900,4.404883e+02,-1.627844e+02,-3.797060e-03,2.297440e-02
5.33000,4.423441e+02,-1.632224e+02,-3.624980e-03,2.205400e-02
5.33100,4.436647e+02,-1.658147e+02,-3.449890e-03,2.110940e-02
5.33200,4.456267e+02,-1.680766e+02,-3.271740e-03,2.014100e-02
5.33300,4.478887e+02,-1.688348e+02,-3.091370e-03,1.914870e-02
5.33400,4.483724e+02,-1.669569e+02,-2.909990e-03,1.813220e-02
5.33500,4.507065e+02,-1.701439e+02,-2.728190e-03,1.709210e-02
5.33600,4.538029e+02,-1.742669e+02,-2.546850e-03,1.603020e-02
5.33700,4.511921e+02,-1.620996e+02,-2.366820e-03,1.494850e-02
5.33800,4.534183e+02,-1.706647e+02,-2.188320e-03,1.384840e-02
5.33900,4.542693e+02,-1.649233e+02,-2.011380e-03,1.273130e-02
5.34000,4.564086e+02,-1.622700e+02,-1.836910e-03,1.159850e-02
5.34100,4.586169e+02,-1.618989e+02,-1.666580e-03,1.045120e-02
5.34200,4.609413e+02,-1.622475e+02,-1.501860e-03,9.290500e-03
5.34300,4.633104e+02,-1.609475e+02,-1.343300e-03,8.117220e-03
5.34400,4.653377e+02,-1.604978e+02,-1.191520e-03,6.932480e-03
5.34500,4.674044e+02,-1.588535e+02,-1.047410e-03,5.737600e-03
5.34600,4.691153e+02,-1.617346e+02,-9.115420e-04,4.533930e-03
5.34700,4.702883e+02,-1.553861e+02,-7.844460e-04,3.322940e-03
5.34800,4.714894e+02,-1.534653e+02,-6.670880e-04,2.106390e-03
5.34900,4.727851e+02,-1.404791e+02,-5.602480e-04,8.862310e-04
5.35000,4.740137e+02,-1.393282e+02,-4.642060e-04,-3.354140e-04
5.35100,4.749125e+02,-1.306757e+02,-3.791260e-04,-1.556330e-03
5.35200,4.770158e+02,-1.317849e+02,-3.054500e-04,-2.774830e-03
5.35300,4.790482e+02,-1.292941e+02,-2.442080e-04,-3.989300e-03
5.35400,4.808352e+02,-1.256882e+02,-1.961320e-04,-5.198630e-03
5.35500,4.824815e+02,-1.210449e+02,-1.616350e-04,-6.401620e-03
5.35600,4.837239e+02,-1.309957e+02,-1.410150e-04,-7.597060e-03
5.35700,4.848921e+02,-1.116381e+02,-1.344230e-04,-8.783530e-03
5.35800,4.850360e+02,-1.181809e+02,-1.412640e-04,-9.958880e-03
5.35900,4.854077e+02,-1.069025e+02,-1.609290e-04,-1.112070e-02
5.36000,4.853513e+02,-9.929287e+01,-1.930540e-04,-1.226630e-02
5.36100,4.855916e+02,-8.445127e+01,-2.376020e-04,-1.339370e-02
5.36200,4.855647e+02,-8.138487e+01,-2.943850e-04,-1.450140e-02
5.36300,4.852557e+02,-8.045187e+01,-3.629140e-04,-1.558800e-02
5.36400,4.859100e+02,-7.407740e+01,-4.430910e-04,-1.665190e-02
5.36500,4.857229e+02,-7.682440e+01,-5.346700e-04,-1.769190e-02
5.36600,4.864781e+02,-6.363971e+01,-6.373370e-04,-1.870680e-02
5.36700,4.867303e+02,-5.824253e+01,-7.507230e-04,-1.969510e-02
5.36800,4.862613e+02,-5.140484e+01,-8.744940e-04,-2.065530e-02
5.36900,4.837667e+02,-6.629943e+01,-1.007600e-03,-2.158620e-02
5.37000,4.829945e+02,-5.112533e+01,-1.148870e-03,-2.248610e-02
5.37100,4.817306e+02,-3.449452e+01,-1.297480e-03,-2.335370e-02
5.37200,4.800006e+02,-4.327653e+01,-1.452820e-03,-2.418770e-02
5.37300,4.790985e+02,-2.619237e+01,-1.614400e-03,-2.498680e-02
5.37400,4.780747e+02,-2.007302e+01,-1.781540e-03,-2.575000e-02
5.37500,4.772117e+02,-1.412816e+01,-1.953220e-03,-2.647660e-02
5.37600,4.744403e+02,-1.902402e+01,-2.128180e-03,-2.716600e-02
5.37700,4.740953e+02,-1.229830e+01,-2.305330e-03,-2.781800e-02
5.37800,4.724484e+02,9.818433e+00,-2.483490e-03,-2.843230e-02
5.37900,4.697299e+02,-5.665564e+00,-2.661910e-03,-2.900830e-02
5.38000,4.688884e+02,1.791763e+01,-2.840050e-03,-2.954540e-02
5.38100,4.641743e+02,8.892507e+00,-3.017110e-03,-3.004330e-02
5.38200,4.638021e+02,2.460561e+01,-3.191770e-03,-3.050100e-02
5.38300,4.604966e+02,2.520173e+01,-3.363230e-03,-3.091820e-02
5.38400,4.601377e+02,3.285589e+01,-3.530650e-03,-3.129480e-02
5.38500,4.600260e+02,4.361778e+01,-3.693590e-03,-3.163090e-02
5.38600,4.591716e+02,5.248506e+01,-3.851760e-03,-3.192660e-02
5.38700,4.560076e+02,3.324063e+01,-4.004530e-03,-3.218280e-02
5.38800,4.520875e+02,2.891136e+01,-4.151610e-03,-3.240080e-02
5.38900,4.499256e+02,5.481688e+01,-4.291810e-03,-3.258030e-02
5.39000,4.480424e+02,5.268085e+01,-4.424410e-03,-3.272210e-02
5.39100,4.440611e+02,7.309553e+01,-4.548950e-03,-3.282610e-02
5.39200,4.452635e+02,6.203469e+01,-4.664400e-03,-3.288960e-02
5.39300,4.445127e+02,7.480627e+01,-4.770190e-03,-3.291170e-02
5.39400,4.454055e+02,6.593879e+01,-4.866020e-03,-3.289320e-02
5.39500,4.426165e+02,8.571387e+01,-4.951460e-03,-3.283370e-02
5.39600,4.402449e+02,8.668020e+01,-5.026330e-03,-3.273390e-02
5.39700,4.407049e+02,9.491080e+01,-5.091000e-03,-3.259440e-02
5.39800,4.405419e+02,9.312867e+01,-5.145670e-03,-3.241600e-02
5.39900,4.378749e+02,1.082047e+02,-5.190120e-03,-3.219940e-02
5.40000,4.365706e+02,1.029418e+02,-5.222790e-03,-3.194480e-02
5.40100,4.361703e+02,1.030065e+02,-5.242820e-03,-3.165300e-02
5.40200,4.336585e+02,1.190411e+02,-5.250090e-03,-3.132500e-02
5.40300,4.315298e+02,1.279239e+02,-5.244390e-03,-3.096160e-02
5.40400,4.311367e+02,1.188064e+02,-5.226000e-03,-3.056320e-02
5.40500,4.324649e+02,1.326342e+02,-5.195650e-03,-3.012980e-02
5.40600,4.314554e+02,1.278023e+02,-5.153650e-03,-2.966190e-02
5.40700,4.314551e+02,1.319297e+02,-5.100450e-03,-2.915970e-02
5.40800,4.321402e+02,1.244185e+02,-5.036560e-03,-2.862360e-02
5.40900,4.338576e+02,1.331864e+02,-4.963080e-03,-2.805400e-02
5.41000,4.359220e+02,1.448453e+02,-4.880980e-03,-2.745170e-02
5.41100,4.351997e+02,1.382053e+02,-4.790620e-03,-2.681710e-02
5.41200,4.349061e+02,1.503668e+02,-4.692130e-03,-2.615070e-02
5.41300,4.343455e+02,1.531195e+02,-4.585300e-03,-2.545330e-02
5.41400,4.326533e+02,1.553632e+02,-4.469280e-03,-2.472530e-02
5.41500,4.331797e+02,1.595717e+02,-4.343860e-03,-2.396690e-02
5.41600,4.335368e+02,1.540689e+02,-4.209810e-03,-2.317910e-02
5.41700,4.343889e+02,1.605011e+02,-4.068110e-03,-2.236280e-02
5.41800,4.349074e+02,1.692823e+02,-3.919580e-03,-2.151920e-02
5.41900,4.367255e+02,1.704072e+02,-3.764930e-03,-2.064940e-02
5.42000,4.380288e+02,1.679681e+02,-3.605010e-03,-1.975420e-02
5.42100,4.398717e+02,1.710671e+02,-3.440730e-03,-1.883410e-02
5.42200,4.414318e+02,1.704629e+02,-3.272700e-03,-1.788940e-02
5.42300,4.439198e+02,1.744893e+02,-3.101840e-03,-1.692000e-02
5.42400,4.441199e+02,1.684785e+02,-2.929220e-03,-1.592620e-02
5.42500,4.446978e+02,1.728303e+02,-2.755340e-03,-1.490830e-02
5.42600,4.455779e+02,1.767256e+02,-2.580480e-03,-1.386740e-02
5.42700,4.471955e+02,1.790539e+02,-2.405550e-03,-1.280580e-02
5.42800,4.494344e+02,1.741901e+02,-2.231910e-03,-1.172490e-02
5.42900,4.516373e+02,1.728049e+02,-2.060820e-03,-1.062590e-02
5.43000,4.539425e+02,1.733319e+02,-1.893270e-03,-9.509770e-03
5.43100,4.564385e+02,1.719507e+02,-1.730130e-03,-8.377740e-03
5.43200,4.583205e+02,1.743561e+02,-1.572380e-03,-7.230850e-03
5.43300,4.599773e+02,1.738011e+02,-1.420480e-03,-6.070190e-03
5.43400,4.616879e+02,1.742572e+02,-1.274550e-03,-4.896820e-03
5.43500,4.638084e+02,1.643222e+02,-1.135200e-03,-3.712200e-03
5.43600,4.646211e+02,1.708673e+02,-1.003240e-03,-2.517570e-03
5.43700,4.663879e+02,1.667206e+02,-8.791210e-04,-1.314230e-03
5.43800,4.680594e+02,1.615130e+02,-7.633620e-04,-1.038330e-04
5.43900,4.699305e+02,1.559021e+02,-6.567380e-04,1.111600e-03
5.44000,4.718459e+02,1.551729e+02,-5.600950e-04,2.330340e-03
5.44100,4.741394e+02,1.521142e+02,-4.742510e-04,3.550600e-03
5.44200,4.765394e+02,1.492870e+02,-4.000760e-04,4.770700e-03
5.44300,4.779484e+02,1.500529e+02,-3.384080e-04,5.989100e-03
5.44400,4.797265e+02,1.553791e+02,-2.898390e-04,7.204390e-03
5.44500,4.812454e+02,1.405625e+02,-2.545660e-04,8.415260e-03
5.44600,4.831050e+02,1.335371e+02,-2.325080e-04,9.620010e-03
5.44700,4.835976e+02,1.317214e+02,-2.236850e-04,1.081690e-02
5.44800,4.838639e+02,1.355758e+02,-2.280320e-04,1.200400e-02
5.44900,4.847627e+02,1.266796e+02,-2.454840e-04,1.317920e-02
5.45000,4.855868e+02,1.259729e+02,-2.763770e-04,1.433980e-02
5.45100,4.864193e+02,1.197334e+02,-3.205010e-04,1.548350e-02
5.45200,4.870108e+02,1.210783e+02,-3.773810e-04,1.660890e-02
5.45300,4.886884e+02,9.535267e+01,-4.465870e-04,1.771460e-02
5.45400,4.895213e+02,8.691800e+01,-5.279780e-04,1.879900e-02
5.45500,4.889447e+02,9.809740e+01,-6.212230e-04,1.986120e-02
5.45600,4.893973e+02,7.752773e+01,-7.256650e-04,2.089970e-02
5.45700,4.880237e+02,7.899193e+01,-8.409520e-04,2.191310e-02
5.45800,4.871196e+02,8.292733e+01,-9.662770e-04,2.289940e-02
5.45900,4.861379e+02,8.063740e+01,-1.100700e-03,2.385780e-02
5.46000,4.853552e+02,7.437553e+01,-1.243340e-03,2.478620e-02
5.46100,4.867195e+02,5.004138e+01,-1.393600e-03,2.568290e-02
5.46200,4.862234e+02,3.467807e+01,-1.551450e-03,2.654650e-02
5.46300,4.845271e+02,3.703231e+01,-1.716130e-03,2.737600e-02
5.46400,4.840263e+02,4.360013e+01,-1.886740e-03,2.817030e-02
5.46500,4.830618e+02,4.045293e+01,-2.062420e-03,2.892830e-02
5.46600,4.803871e+02,2.765563e+01,-2.242030e-03,2.964960e-02
5.46700,4.765451e+02,3.256303e+01,-2.423840e-03,3.033370e-02
5.46800,4.783435e+02,1.946302e+01,-2.606990e-03,3.098020e-02
5.46900,4.747561e+02,1.703476e+01,-2.791010e-03,3.158830e-02
5.47000,4.710321e+02,-4.613692e+00,-2.975210e-03,3.215720e-02
5.47100,4.720613e+02,2.586837e+00,-3.158530e-03,3.268620e-02
5.47200,4.689642e+02,-6.748020e-01,-3.340230e-03,3.317480e-02
5.47300,4.701799e+02,-8.833753e-01,-3.519210e-03,3.362270e-02
5.47400,4.677069e+02,-1.803233e+01,-3.694460e-03,3.403020e-02
5.47500,4.681498e+02,-4.233948e+01,-3.865040e-03,3.439670e-02
5.47600,4.649031e+02,-2.476081e+01,-4.030210e-03,3.472260e-02
5.47700,4.608675e+02,-3.288898e+01,-4.189810e-03,3.500840e-02
5.47800,4.585487e+02,-4.092395e+01,-4.342860e-03,3.525450e-02
5.47900,4.562510e+02,-3.509712e+01,-4.488770e-03,3.546220e-02
5.48000,4.548999e+02,-2.895953e+01,-4.627490e-03,3.563070e-02
5.48100,4.526113e+02,-4.115927e+01,-4.758600e-03,3.576050e-02
5.48200,4.517885e+02,-6.720653e+01,-4.881170e-03,3.585180e-02
5.48300,4.506813e+02,-4.981331e+01,-4.994190e-03,3.590110e-02
5.48400,4.527750e+02,-7.057113e+01,-5.097640e-03,3.590750e-02
5.48500,4.498565e+02,-5.857931e+01,-5.191130e-03,3.587180e-02
5.48600,4.477527e+02,-8.380613e+01,-5.273660e-03,3.579500e-02
5.48700,4.441253e+02,-8.186773e+01,-5.344370e-03,3.567760e-02
5.48800,4.415169e+02,-9.697233e+01,-5.402770e-03,3.552100e-02
5.48900,4.400781e+02,-8.609567e+01,-5.448420e-03,3.532620e-02
5.49000,4.422855e+02,-1.015240e+02,-5.481060e-03,3.509340e-02
5.49100,4.398433e+02,-1.220161e+02,-5.501110e-03,3.482260e-02
5.49200,4.389110e+02,-1.118142e+02,-5.509150e-03,3.451430e-02
5.49300,4.385071e+02,-1.128936e+02,-5.504900e-03,3.416920e-02
5.49400,4.397964e+02,-1.186679e+02,-5.488480e-03,3.378780e-02
5.49500,4.405464e+02,-1.315401e+02,-5.460720e-03,3.336980e-02
5.49600,4.379034e+02,-1.257973e+02,-5.422340e-03,3.291570e-02
5.49700,4.398325e+02,-1.312424e+02,-5.373910e-03,3.242580e-02
5.49800,4.376035e+02,-1.394705e+02,-5.315380e-03,3.190070e-02
5.49900,4.386155e+02,-1.378409e+02,-5.245980e-03,3.134130e-02
5.50000,4.389718e+02,-1.440433e+02,-5.165040e-03,3.074890e-02
5.50100,4.358192e+02,-1.477607e+02,-5.072120e-03,3.012460e-02
5.50200,4.362065e+02,-1.420563e+02,-4.968170e-03,2.946880e-02
5.50300,4.360065e+02,-1.304643e+02,-4.854330e-03,2.878200e-02
5.50400,4.360419e+02,-1.480528e+02,-4.731300e-03,2.806490e-02
5.50500,4.369825e+02,-1.492171e+02,-4.599330e-03,2.731740e-02
5.50600,4.389947e+02,-1.622133e+02,-4.458640e-03,2.653940e-02
5.50700,4.405197e+02,-1.641641e+02,-4.310040e-03,2.573150e-02
5.50800,4.406539e+02,-1.615182e+02,-4.154850e-03,2.489440e-02
5.50900,4.430862e+02,-1.558576e+02,-3.994640e-03,2.402920e-02
5.51000,4.434169e+02,-1.588053e+02,-3.830410e-03,2.313700e-02
5.51100,4.418668e+02,-1.671730e+02,-3.662280e-03,2.221920e-02
5.51200,4.419302e+02,-1.649895e+02,-3.489600e-03,2.127680e-02
5.51300,4.438442e+02,-1.707207e+02,-3.312440e-03,2.031070e-02
5.51400,4.461048e+02,-1.760621e+02,-3.131840e-03,1.932110e-02
5.51500,4.459557e+02,-1.746214e+02,-2.949240e-03,1.830800e-02
5.51600,4.483939e+02,-1.723994e+02,-2.765730e-03,1.727200e-02
5.51700,4.499768e+02,-1.648574e+02,-2.582380e-03,1.621460e-02
5.51800,4.522683e+02,-1.736622e+02,-2.399910e-03,1.513740e-02
5.51900,4.545555e+02,-1.734427e+02,-2.218860e-03,1.404180e-02
5.52000,4.564495e+02,-1.725034e+02,-2.040440e-03,1.292850e-02
5.52100,4.591159e+02,-1.625561e+02,-1.865940e-03,1.179840e-02
5.52200,4.594878e+02,-1.706113e+02,-1.696560e-03,1.065260e-02
5.52300,4.608161e+02,-1.600931e+02,-1.532550e-03,9.492590e-03
5.52400,4.623315e+02,-1.630835e+02,-1.373910e-03,8.319650e-03
5.52500,4.636581e+02,-1.639763e+02,-1.220890e-03,7.135300e-03
5.52600,4.651735e+02,-1.619405e+02,-1.074470e-03,5.941240e-03
5.52700,4.671713e+02,-1.595955e+02,-9.359930e-04,4.738950e-03
5.52800,4.696832e+02,-1.525603e+02,-8.066070e-04,3.529750e-03
5.52900,4.716523e+02,-1.494836e+02,-6.874240e-04,2.314920e-03
5.53000,4.736841e+02,-1.430724e+02,-5.788980e-04,1.095940e-03
5.53100,4.753522e+02,-1.443744e+02,-4.810850e-04,-1.255140e-04
5.53200,4.770353e+02,-1.383303e+02,-3.945550e-04,-1.347590e-03
5.53300,4.785241e+02,-1.385862e+02,-3.200150e-04,-2.568370e-03
5.53400,4.793365e+02,-1.288979e+02,-2.580190e-04,-3.785990e-03
5.53500,4.800174e+02,-1.191697e+02,-2.087210e-04,-4.998730e-03
5.53600,4.803999e+02,-1.261901e+02,-1.722060e-04,-6.204980e-03
5.53700,4.819489e+02,-1.185530e+02,-1.482840e-04,-7.403430e-03
5.53800,4.829624e+02,-1.065161e+02,-1.369810e-04,-8.592410e-03
5.53900,4.837053e+02,-1.217137e+02,-1.384510e-04,-9.769960e-03
5.54000,4.854021e+02,-1.040653e+02,-1.533340e-04,-1.093400e-02
5.54100,4.863176e+02,-9.641993e+01,-1.820600e-04,-1.208220e-02
5.54200,4.872145e+02,-9.262747e+01,-2.246320e-04,-1.321290e-02
5.54300,4.872949e+02,-8.833707e+01,-2.804340e-04,-1.432470e-02
5.54400,4.875113e+02,-7.889993e+01,-3.488390e-04,-1.541620e-02
5.54500,4.873089e+02,-6.963780e+01,-4.290020e-04,-1.648570e-02
5.54600,4.855989e+02,-7.876200e+01,-5.198890e-04,-1.753180e-02
5.54700,4.850785e+02,-7.422093e+01,-6.210350e-04,-1.855280e-02
5.54800,4.845552e+02,-6.779240e+01,-7.324780e-04,-1.954720e-02
5.54900,4.835453e+02,-5.538175e+01,-8.538840e-04,-2.051340e-02
5.55000,4.835373e+02,-4.743750e+01,-9.846160e-04,-2.145000e-02
5.55100,4.828403e+02,-5.266010e+01,-1.123930e-03,-2.235560e-02
5.55200,4.831881e+02,-4.213226e+01,-1.271280e-03,-2.322910e-02
5.55300,4.830148e+02,-3.850883e+01,-1.425960e-03,-2.406940e-02
5.55400,4.811826e+02,-2.453863e+01,-1.586970e-03,-2.487540e-02
5.55500,4.806533e+02,-2.301903e+01,-1.753950e-03,-2.564590e-02
5.55600,4.773231e+02,-2.204294e+01,-1.926070e-03,-2.638020e-02
5.55700,4.762256e+02,-1.025550e+01,-2.101440e-03,-2.707720e-02
5.55800,4.736401e+02,1.766223e+00,-2.278570e-03,-2.773640e-02
5.55900,4.725867e+02,-2.237689e+00,-2.456680e-03,-2.835760e-02
5.56000,4.712479e+02,-5.328248e+00,-2.635280e-03,-2.894040e-02
5.56100,4.686953e+02,3.020586e+01,-2.813390e-03,-2.948470e-02
5.56200,4.669701e+02,1.614359e+01,-2.989850e-03,-2.998960e-02
5.56300,4.655661e+02,3.176845e+01,-3.164960e-03,-3.045460e-02
5.56400,4.634115e+02,1.822126e+01,-3.337540e-03,-3.087940e-02
5.56500,4.623227e+02,2.639963e+01,-3.506650e-03,-3.126390e-02
5.56600,4.595681e+02,3.583374e+01,-3.671140e-03,-3.160820e-02
5.56700,4.559601e+02,2.403405e+01,-3.829920e-03,-3.191210e-02
5.56800,4.499511e+02,2.421271e+01,-3.982420e-03,-3.217650e-02
5.56900,4.510333e+02,2.193701e+01,-4.128440e-03,-3.240250e-02
5.57000,4.498679e+02,5.340277e+01,-4.268110e-03,-3.258970e-02
5.57100,4.489389e+02,5.867044e+01,-4.401400e-03,-3.273850e-02
5.57200,4.480539e+02,6.700807e+01,-4.527750e-03,-3.284900e-02
5.57300,4.470691e+02,6.877767e+01,-4.645740e-03,-3.291930e-02
5.57400,4.478710e+02,7.341007e+01,-4.754800e-03,-3.294780e-02
5.57500,4.467268e+02,6.453325e+01,-4.855080e-03,-3.293540e-02
5.57600,4.434582e+02,7.648013e+01,-4.946330e-03,-3.288180e-02
5.57700,4.430667e+02,8.391933e+01,-5.028080e-03,-3.278740e-02
5.57800,4.394214e+02,8.638267e+01,-5.098760e-03,-3.265340e-02
5.57900,4.368730e+02,9.037680e+01,-5.156620e-03,-3.248110e-02
5.58000,4.369599e+02,1.012105e+02,-5.200520e-03,-3.227170e-02
5.58100,4.337495e+02,1.004967e+02,-5.230510e-03,-3.202500e-02
5.58200,4.321834e+02,1.014708e+02,-5.247420e-03,-3.174130e-02
5.58300,4.329712e+02,1.144945e+02,-5.252420e-03,-3.142130e-02
5.58400,4.320737e+02,1.195394e+02,-5.246060e-03,-3.106570e-02
5.58500,4.328248e+02,1.228705e+02,-5.228060e-03,-3.067460e-02
5.58600,4.339093e+02,1.295749e+02,-5.198810e-03,-3.024800e-02
5.58700,4.357156e+02,1.344531e+02,-5.159180e-03,-2.978610e-02
5.58800,4.342129e+02,1.241137e+02,-5.110310e-03,-2.928890e-02
5.58900,4.358939e+02,1.396785e+02,-5.052980e-03,-2.875640e-02
5.59000,4.331900e+02,1.374314e+02,-4.986510e-03,-2.818980e-02
5.59100,4.333036e+02,1.464945e+02,-4.909860e-03,-2.759060e-02
5.59200,4.335145e+02,1.527543e+02,-4.822230e-03,-2.696010e-02
5.59300,4.288414e+02,1.491801e+02,-4.723970e-03,-2.629900e-02
5.59400,4.318104e+02,1.515072e+02,-4.616070e-03,-2.560790e-02
5.59500,4.320537e+02,1.528446e+02,-4.499410e-03,-2.488700e-02
5.59600,4.328547e+02,1.538371e+02,-4.374210e-03,-2.413640e-02
5.59700,4.342981e+02,1.565123e+02,-4.240630e-03,-2.335630e-02
5.59800,4.358155e+02,1.607183e+02,-4.099120e-03,-2.254730e-02
5.59900,4.367007e+02,1.675008e+02,-3.950910e-03,-2.170980e-02
5.60000,4.391028e+02,1.603435e+02,-3.797560e-03,-2.084440e-02
5.60100,4.397917e+02,1.700251e+02,-3.639890e-03,-1.995240e-02
5.60200,4.400094e+02,1.713195e+02,-3.478020e-03,-1.903460e-02
5.60300,4.392495e+02,1.687454e+02,-3.311490e-03,-1.809190e-02
5.60400,4.396618e+02,1.757474e+02,-3.140430e-03,-1.712510e-02
5.60500,4.419603e+02,1.725459e+02,-2.966110e-03,-1.613460e-02
5.60600,4.432698e+02,1.707289e+02,-2.790190e-03,-1.512080e-02
5.60700,4.456120e+02,1.737657e+02,-2.614160e-03,-1.408450e-02
5.60800,4.483379e+02,1.756647e+02,-2.439370e-03,-1.302750e-02
5.60900,4.504565e+02,1.759119e+02,-2.266420e-03,-1.195130e-02
5.61000,4.534916e+02,1.736358e+02,-2.095930e-03,-1.085670e-02
5.61100,4.555402e+02,1.720453e+02,-1.928880e-03,-9.744130e-03
5.61200,4.573560e+02,1.712279e+02,-1.766230e-03,-8.614580e-03
5.61300,4.585501e+02,1.688825e+02,-1.608700e-03,-7.469300e-03
5.61400,4.586196e+02,1.680419e+02,-1.456340e-03,-6.309800e-03
5.61500,4.598781e+02,1.652879e+02,-1.308830e-03,-5.137700e-03
5.61600,4.608615e+02,1.631541e+02,-1.166510e-03,-3.954590e-03
5.61700,4.633075e+02,1.645880e+02,-1.030510e-03,-2.761930e-03
5.61800,4.657948e+02,1.619574e+02,-9.023440e-04,-1.560880e-03
5.61900,4.685525e+02,1.583145e+02,-7.833000e-04,-3.526570e-04
5.62000,4.710491e+02,1.523224e+02,-6.743810e-04,8.611700e-04
5.62100,4.736022e+02,1.509017e+02,-5.759590e-04,2.079190e-03
5.62200,4.757832e+02,1.441091e+02,-4.885560e-04,3.299900e-03
5.62300,4.769383e+02,1.453467e+02,-4.128500e-04,4.521610e-03
5.62400,4.785026e+02,1.426159e+02,-3.495800e-04,5.742350e-03
5.62500,4.797448e+02,1.332159e+02,-2.993020e-04,6.960330e-03
5.62600,4.809975e+02,1.218111e+02,-2.621130e-04,8.173530e-03
5.62700,4.812271e+02,1.311145e+02,-2.377000e-04,9.380230e-03
5.62800,4.823388e+02,1.312080e+02,-2.256540e-04,1.057860e-02
5.62900,4.835627e+02,1.310919e+02,-2.260690e-04,1.176700e-02
5.63000,4.853769e+02,1.237227e+02,-2.397440e-04,1.294330e-02
5.63100,4.862714e+02,1.289173e+02,-2.672220e-04,1.410550e-02
5.63200,4.879431e+02,1.139639e+02,-3.086590e-04,1.525160e-02
5.63300,4.892375e+02,1.163686e+02,-3.640320e-04,1.638050e-02
5.63400,4.898075e+02,1.002371e+02,-4.327830e-04,1.749080e-02
5.63500,4.896869e+02,8.903187e+01,-5.135730e-04,1.858090e-02
5.63600,4.884058e+02,1.001602e+02,-6.052310e-04,1.964940e-02
5.63700,4.885264e+02,7.775273e+01,-7.070780e-04,2.069430e-02
5.63800,4.862879e+02,8.970967e+01,-8.188970e-04,2.171410e-02
5.63900,4.863126e+02,8.590140e+01,-9.407340e-04,2.270670e-02
5.64000,4.863010e+02,7.482613e+01,-1.072450e-03,2.367080e-02
5.64100,4.862219e+02,6.317159e+01,-1.213010e-03,2.460480e-02
5.64200,4.863448e+02,5.634050e+01,-1.361760e-03,2.550740e-02
5.64300,4.871471e+02,4.528969e+01,-1.518100e-03,2.637750e-02
5.64400,4.859900e+02,6.284606e+01,-1.681480e-03,2.721400e-02
5.64500,4.863961e+02,4.058058e+01,-1.851370e-03,2.801560e-02
5.64600,4.825744e+02,3.039388e+01,-2.026720e-03,2.878140e-02
5.64700,4.810845e+02,2.993677e+01,-2.206140e-03,2.951060e-02
5.64800,4.783884e+02,2.717875e+01,-2.387940e-03,3.020270e-02
5.64900,4.777361e+02,-2.916015e-02,-2.571150e-03,3.085710e-02
5.65000,4.766913e+02,-9.447140e+00,-2.755050e-03,3.147300e-02
5.65100,4.735735e+02,3.277524e+00,-2.939150e-03,3.204960e-02
5.65200,4.734876e+02,-1.460571e+00,-3.122990e-03,3.258660e-02
5.65300,4.718489e+02,-9.248073e+00,-3.305760e-03,3.308340e-02
5.65400,4.707968e+02,-1.483097e+01,-3.486420e-03,3.353970e-02
5.65500,4.685374e+02,-2.068781e+01,-3.663950e-03,3.395570e-02
5.65600,4.648367e+02,-2.180445e+01,-3.836240e-03,3.433150e-02
5.65700,4.620361e+02,-3.525838e+01,-4.002260e-03,3.466710e-02
5.65800,4.621075e+02,-3.509113e+01,-4.162270e-03,3.496280e-02
5.65900,4.560377e+02,-3.766594e+01,-4.315430e-03,3.521850e-02
5.66000,4.537989e+02,-4.088189e+01,-4.461640e-03,3.543520e-02
5.66100,4.542547e+02,-4.374952e+01,-4.600460e-03,3.561250e-02
5.66200,4.531988e+02,-5.417824e+01,-4.731820e-03,3.575070e-02
5.66300,4.548408e+02,-6.033397e+01,-4.855050e-03,3.585020e-02
5.66400,4.537555e+02,-6.586471e+01,-4.969940e-03,3.590820e-02
5.66500,4.533737e+02,-7.230253e+01,-5.076920e-03,3.592330e-02
5.66600,4.518759e+02,-7.994580e+01,-5.175800e-03,3.589590e-02
5.66700,4.494216e+02,-7.498493e+01,-5.264830e-03,3.582700e-02
5.66800,4.453145e+02,-8.529233e+01,-5.341570e-03,3.571780e-02
5.66900,4.426062e+02,-8.305393e+01,-5.404860e-03,3.556950e-02
5.67000,4.416643e+02,-9.221333e+01,-5.453880e-03,3.538300e-02
5.67100,4.385073e+02,-9.569160e+01,-5.488950e-03,3.515870e-02
5.67200,4.385377e+02,-9.990827e+01,-5.510720e-03,3.489640e-02
5.67300,4.359467e+02,-1.108676e+02,-5.520180e-03,3.459690e-02
5.67400,4.377282e+02,-1.128483e+02,-5.516920e-03,3.426080e-02
5.67500,4.385101e+02,-1.171428e+02,-5.500870e-03,3.388850e-02
5.67600,4.401714e+02,-1.245245e+02,-5.473390e-03,3.347960e-02
5.67700,4.411387e+02,-1.244313e+02,-5.435620e-03,3.303430e-02
5.67800,4.374293e+02,-1.240260e+02,-5.389000e-03,3.255280e-02
5.67900,4.383951e+02,-1.216039e+02,-5.333210e-03,3.203560e-02
5.68000,4.355049e+02,-1.279385e+02,-5.266970e-03,3.148350e-02
5.68100,4.348294e+02,-1.374754e+02,-5.188420e-03,3.089820e-02
5.68200,4.359661e+02,-1.432688e+02,-5.097580e-03,3.028070e-02
5.68300,4.353860e+02,-1.365308e+02,-4.995630e-03,2.963180e-02
5.68400,4.351075e+02,-1.431443e+02,-4.884190e-03,2.895180e-02
5.68500,4.362564e+02,-1.473853e+02,-4.764260e-03,2.824140e-02
5.68600,4.373615e+02,-1.500724e+02,-4.635770e-03,2.750100e-02
5.68700,4.391647e+02,-1.543063e+02,-4.498600e-03,2.673040e-02
5.68800,4.409992e+02,-1.568452e+02,-4.353160e-03,2.592980e-02
5.68900,4.420412e+02,-1.530209e+02,-4.200980e-03,2.509980e-02
5.69000,4.435278e+02,-1.674569e+02,-4.043670e-03,2.424120e-02
5.69100,4.422276e+02,-1.552408e+02,-3.881910e-03,2.335510e-02
5.69200,4.415166e+02,-1.650912e+02,-3.714510e-03,2.244310e-02
5.69300,4.417054e+02,-1.604458e+02,-3.540870e-03,2.150630e-02
5.69400,4.421270e+02,-1.703238e+02,-3.361570e-03,2.054550e-02
5.69500,4.440202e+02,-1.686695e+02,-3.178350e-03,1.956130e-02
5.69600,4.457571e+02,-1.696349e+02,-2.993220e-03,1.855370e-02
5.69700,4.483311e+02,-1.704534e+02,-2.807790e-03,1.752300e-02
5.69800,4.509571e+02,-1.718277e+02,-2.623150e-03,1.647050e-02
5.69900,4.541553e+02,-1.723522e+02,-2.439990e-03,1.539770e-02
5.70000,4.560629e+02,-1.657458e+02,-2.259200e-03,1.430590e-02
5.70100,4.579194e+02,-1.722101e+02,-2.081700e-03,1.319580e-02
5.70200,4.585433e+02,-1.697323e+02,-1.908470e-03,1.206830e-02
5.70300,4.589115e+02,-1.658555e+02,-1.739680e-03,1.092480e-02
5.70400,4.591635e+02,-1.658548e+02,-1.575210e-03,9.766960e-03
5.70500,4.596103e+02,-1.551793e+02,-1.415010e-03,8.596330e-03
5.70600,4.614789e+02,-1.599099e+02,-1.259780e-03,7.414390e-03
5.70700,4.641009e+02,-1.592426e+02,-1.110950e-03,6.222830e-03
5.70800,4.669719e+02,-1.559374e+02,-9.700570e-04,5.023070e-03
5.70900,4.697491e+02,-1.524162e+02,-8.383740e-04,3.816270e-03
5.71000,4.727449e+02,-1.481739e+02,-7.166370e-04,2.603460e-03
5.71100,4.740292e+02,-1.504491e+02,-6.054860e-04,1.385710e-03
5.71200,4.759634e+02,-1.418020e+02,-5.051680e-04,1.645120e-04
5.71300,4.769528e+02,-1.395242e+02,-4.160710e-04,-1.058220e-03
5.71400,4.772547e+02,-1.335827e+02,-3.384770e-04,-2.280440e-03
5.71500,4.774945e+02,-1.305346e+02,-2.727160e-04,-3.500050e-03
5.71600,4.783302e+02,-1.233743e+02,-2.191170e-04,-4.715180e-03
5.71700,4.791021e+02,-1.272866e+02,-1.777900e-04,-5.923880e-03
5.71800,4.807845e+02,-1.199716e+02,-1.490240e-04,-7.124490e-03
5.71900,4.830678e+02,-1.156141e+02,-1.334680e-04,-8.315490e-03
5.72000,4.850113e+02,-1.120670e+02,-1.318210e-04,-9.495140e-03
5.72100,4.862945e+02,-1.128805e+02,-1.444570e-04,-1.066160e-02
5.72200,4.875605e+02,-1.135859e+02,-1.716410e-04,-1.181290e-02
5.72300,4.880163e+02,-1.009766e+02,-2.133550e-04,-1.294740e-02
5.72400,4.875515e+02,-9.752040e+01,-2.682740e-04,-1.406370e-02
5.72500,4.862839e+02,-9.029860e+01,-3.347810e-04,-1.516040e-02
5.72600,4.854327e+02,-8.640560e+01,-4.121000e-04,-1.623570e-02
5.72700,4.849327e+02,-7.382500e+01,-5.002580e-04,-1.728800e-02
5.72800,4.834975e+02,-8.694913e+01,-5.991330e-04,-1.831530e-02
5.72900,4.842995e+02,-6.226507e+01,-7.082610e-04,-1.931630e-02
5.73000,4.839710e+02,-5.531326e+01,-8.268760e-04,-2.028930e-02
5.73100,4.839537e+02,-4.719872e+01,-9.545120e-04,-2.123270e-02
5.73200,4.847844e+02,-4.269689e+01,-1.090710e-03,-2.214570e-02
5.73300,4.845671e+02,-3.584515e+01,-1.235570e-03,-2.302700e-02
5.73400,4.833725e+02,-4.211902e+01,-1.389080e-03,-2.387550e-02
5.73500,4.815433e+02,-2.440480e+01,-1.550200e-03,-2.469000e-02
5.73600,4.790481e+02,-1.711003e+01,-1.716490e-03,-2.546960e-02
5.73700,4.754178e+02,-2.806848e+01,-1.886030e-03,-2.621320e-02
5.73800,4.750253e+02,-5.496502e+00,-2.058110e-03,-2.691960e-02
5.73900,4.729384e+02,-2.166804e+01,-2.232820e-03,-2.758830e-02
5.74000,4.708213e+02,-1.272079e+01,-2.410090e-03,-2.821870e-02
5.74100,4.705893e+02,1.877085e+00,-2.588980e-03,-2.881030e-02
5.74200,4.699837e+02,9.186747e+00,-2.768290e-03,-2.936300e-02
5.74300,4.691213e+02,3.288743e+01,-2.946790e-03,-2.987660e-02
5.74400,4.665093e+02,3.513305e+01,-3.123530e-03,-3.035050e-02
5.74500,4.656205e+02,1.446843e+01,-3.298260e-03,-3.078460e-02
5.74600,4.587535e+02,1.952617e+01,-3.470300e-03,-3.117870e-02
5.74700,4.591397e+02,3.237040e+01,-3.638160e-03,-3.153250e-02
5.74800,4.557825e+02,3.663961e+01,-3.800220e-03,-3.184640e-02
5.74900,4.562377e+02,5.371720e+01,-3.955320e-03,-3.212050e-02
5.75000,4.515109e+02,3.984813e+01,-4.103250e-03,-3.235610e-02
5.75100,4.504681e+02,4.795437e+01,-4.243830e-03,-3.255310e-02
5.75200,4.504447e+02,5.319310e+01,-4.377280e-03,-3.271130e-02
5.75300,4.495255e+02,5.420688e+01,-4.503590e-03,-3.283150e-02
5.75400,4.493785e+02,4.653868e+01,-4.622130e-03,-3.291200e-02
5.75500,4.472948e+02,7.621140e+01,-4.732440e-03,-3.295060e-02
5.75600,4.468026e+02,8.731607e+01,-4.834720e-03,-3.294800e-02
5.75700,4.454975e+02,9.231927e+01,-4.928220e-03,-3.290420e-02
5.75800,4.412033e+02,1.104291e+02,-5.011430e-03,-3.281950e-02
5.75900,4.406647e+02,1.017894e+02,-5.082910e-03,-3.269520e-02
5.76000,4.376795e+02,9.714420e+01,-5.142010e-03,-3.253260e-02
5.76100,4.355946e+02,1.060177e+02,-5.188710e-03,-3.233240e-02
5.76200,4.315133e+02,1.000959e+02,-5.222990e-03,-3.209460e-02
5.76300,4.338485e+02,1.079193e+02,-5.245260e-03,-3.181950e-02
5.76400,4.336805e+02,1.178196e+02,-5.255650e-03,-3.150790e-02
5.76500,4.332507e+02,1.210862e+02,-5.253560e-03,-3.116070e-02
5.76600,4.361697e+02,1.343762e+02,-5.239480e-03,-3.077820e-02
5.76700,4.348369e+02,1.369698e+02,-5.214280e-03,-3.036000e-02
5.76800,4.346889e+02,1.259794e+02,-5.179000e-03,-2.990630e-02
5.76900,4.349039e+02,1.303010e+02,-5.134190e-03,-2.941720e-02
5.77000,4.326963e+02,1.487367e+02,-5.079730e-03,-2.889320e-02
5.77100,4.359033e+02,1.249827e+02,-5.014550e-03,-2.833500e-02
5.77200,4.333801e+02,1.262570e+02,-4.937830e-03,-2.774390e-02
5.77300,4.321804e+02,1.332775e+02,-4.849950e-03,-2.712120e-02
5.77400,4.321880e+02,1.460657e+02,-4.752220e-03,-2.646750e-02
5.77500,4.305334e+02,1.475805e+02,-4.645800e-03,-2.578340e-02
5.77600,4.333109e+02,1.572873e+02,-4.530810e-03,-2.506930e-02
5.77700,4.331131e+02,1.493405e+02,-4.407210e-03,-2.432530e-02
5.77800,4.347528e+02,1.556361e+02,-4.275380e-03,-2.355140e-02
5.77900,4.366517e+02,1.583535e+02,-4.135790e-03,-2.274820e-02
5.78000,4.369743e+02,1.597977e+02,-3.989420e-03,-2.191620e-02
5.78100,4.377022e+02,1.745340e+02,-3.837690e-03,-2.105640e-02
5.78200,4.379181e+02,1.640073e+02,-3.681410e-03,-2.017000e-02
5.78300,4.377531e+02,1.696698e+02,-3.520220e-03,-1.925810e-02
5.78400,4.387649e+02,1.582199e+02,-3.353870e-03,-1.832140e-02
5.78500,4.400698e+02,1.723753e+02,-3.183360e-03,-1.736050e-02
5.78600,4.419983e+02,1.729940e+02,-3.010110e-03,-1.637580e-02
5.78700,4.438913e+02,1.748796e+02,-2.835510e-03,-1.536730e-02
5.78800,4.459522e+02,1.752919e+02,-2.660390e-03,-1.433580e-02
5.78900,4.482299e+02,1.763521e+02,-2.485910e-03,-1.328290e-02
5.79000,4.505872e+02,1.763588e+02,-2.312880e-03,-1.221000e-02
5.79100,4.528718e+02,1.746743e+02,-2.141860e-03,-1.111820e-02
5.79200,4.544760e+02,1.792811e+02,-1.973550e-03,-1.000820e-02
5.79300,4.552531e+02,1.783764e+02,-1.808940e-03,-8.881020e-03
5.79400,4.563890e+02,1.661069e+02,-1.648740e-03,-7.737940e-03
5.79500,4.576048e+02,1.795831e+02,-1.493090e-03,-6.580650e-03
5.79600,4.592886e+02,1.645215e+02,-1.342290e-03,-5.410640e-03
5.79700,4.611901e+02,1.657446e+02,-1.197380e-03,-4.229470e-03
5.79800,4.639129e+02,1.668169e+02,-1.059650e-03,-3.038490e-03
5.79900,4.664538e+02,1.600653e+02,-9.300150e-04,-1.838830e-03
5.80000,4.691010e+02,1.596089e+02,-8.093660e-04,-6.314830e-04
5.80100,4.713655e+02,1.520160e+02,-6.987590e-04,5.822440e-04
5.80200,4.723641e+02,1.594945e+02,-5.987840e-04,1.800880e-03
5.80300,4.747569e+02,1.529837e+02,-5.096210e-04,3.022820e-03
5.80400,4.757417e+02,1.525717e+02,-4.317740e-04,4.246040e-03
5.80500,4.772086e+02,1.532108e+02,-3.658770e-04,5.468410e-03
5.80600,4.783568e+02,1.432881e+02,-3.123120e-04,6.688130e-03
5.80700,4.797371e+02,1.372279e+02,-2.710980e-04,7.903460e-03
5.80800,4.809849e+02,1.310675e+02,-2.424700e-04,9.112470e-03
5.80900,4.826993e+02,1.219537e+02,-2.269060e-04,1.031360e-02
5.81000,4.844359e+02,1.244729e+02,-2.244900e-04,1.150530e-02
5.81100,4.851291e+02,1.285845e+02,-2.355350e-04,1.268560e-02
5.81200,4.873273e+02,1.218805e+02,-2.603230e-04,1.385230e-02
5.81300,4.885669e+02,1.077474e+02,-2.992800e-04,1.500360e-02
5.81400,4.882543e+02,1.200921e+02,-3.519230e-04,1.613810e-02
5.81500,4.893261e+02,1.007311e+02,-4.174200e-04,1.725400e-02
5.81600,4.885091e+02,9.717293e+01,-4.948290e-04,1.834980e-02
5.81700,4.886753e+02,9.378180e+01,-5.837200e-04,1.942400e-02
5.81800,4.885127e+02,8.222380e+01,-6.833660e-04,2.047480e-02
5.81900,4.873684e+02,8.056320e+01,-7.932860e-04,2.150040e-02
5.82000,4.878156e+02,7.388300e+01,-9.134880e-04,2.249920e-02
5.82100,4.874404e+02,6.318614e+01,-1.043440e-03,2.346960e-02
5.82200,4.877254e+02,6.725967e+01,-1.182150e-03,2.441060e-02
5.82300,4.869159e+02,6.592352e+01,-1.329080e-03,2.532070e-02
5.82400,4.869619e+02,4.060757e+01,-1.483950e-03,2.619880e-02
5.82500,4.854628e+02,5.444680e+01,-1.645850e-03,2.704370e-02
5.82600,4.835478e+02,6.177645e+01,-1.814300e-03,2.785420e-02
5.82700,4.824605e+02,3.805479e+01,-1.988440e-03,2.862910e-02
5.82800,4.815347e+02,1.602577e+01,-2.167160e-03,2.936720e-02
5.82900,4.787078e+02,3.107377e+01,-2.348860e-03,3.006790e-02
5.83000,4.781365e+02,2.669067e+01,-2.532390e-03,3.073050e-02
5.83100,4.784362e+02,3.027319e+00,-2.717050e-03,3.135440e-02
5.83200,4.749565e+02,7.624553e+00,-2.902180e-03,3.193940e-02
5.83300,4.719315e+02,-8.346207e-01,-3.086540e-03,3.248530e-02
5.83400,4.718769e+02,1.315729e+00,-3.269160e-03,3.299130e-02
5.83500,4.699417e+02,-1.070264e+01,-3.449440e-03,3.345700e-02
5.83600,4.676541e+02,8.408953e+00,-3.626760e-03,3.388250e-02
5.83700,4.660875e+02,-1.601257e+01,-3.799510e-03,3.426770e-02
5.83800,4.591599e+02,-2.120985e+01,-3.967060e-03,3.461220e-02
5.83900,4.598753e+02,-1.163648e+01,-4.129300e-03,3.491640e-02
5.84000,4.601686e+02,-3.736802e+01,-4.285450e-03,3.518030e-02
5.84100,4.585465e+02,-4.033523e+01,-4.435110e-03,3.540460e-02
5.84200,4.581017e+02,-4.663423e+01,-4.577750e-03,3.558960e-02
5.84300,4.545517e+02,-4.887059e+01,-4.713420e-03,3.573510e-02
5.84400,4.546820e+02,-5.273618e+01,-4.840680e-03,3.584210e-02
5.84500,4.513591e+02,-6.353669e+01,-4.958570e-03,3.590900e-02
5.84600,4.524545e+02,-6.078847e+01,-5.066030e-03,3.593370e-02
5.84700,4.450868e+02,-6.866293e+01,-5.163070e-03,3.591690e-02
5.84800,4.467383e+02,-6.373993e+01,-5.249080e-03,3.585900e-02
5.84900,4.429627e+02,-8.349007e+01,-5.323570e-03,3.576070e-02
5.85000,4.476101e+02,-9.184247e+01,-5.386640e-03,3.562240e-02
5.85100,4.434874e+02,-9.862813e+01,-5.437750e-03,3.544490e-02
5.85200,4.412023e+02,-9.029913e+01,-5.476640e-03,3.522860e-02
5.85300,4.413599e+02,-9.909420e+01,-5.503270e-03,3.497350e-02
5.85400,4.350107e+02,-9.804467e+01,-5.518280e-03,3.468010e-02
5.85500,4.407045e+02,-1.105451e+02,-5.521620e-03,3.434950e-02
5.85600,4.393184e+02,-1.202501e+02,-5.512740e-03,3.398240e-02
5.85700,4.366339e+02,-1.255179e+02,-5.491970e-03,3.357910e-02
5.85800,4.364018e+02,-1.183029e+02,-5.459400e-03,3.314050e-02
5.85900,4.373737e+02,-1.144050e+02,-5.414550e-03,3.266680e-02
5.86000,4.370803e+02,-1.279082e+02,-5.357410e-03,3.215870e-02
5.86100,4.359319e+02,-1.307302e+02,-5.289370e-03,3.161620e-02
5.86200,4.359637e+02,-1.439566e+02,-5.210960e-03,3.103990e-02
5.86300,4.380572e+02,-1.339660e+02,-5.122500e-03,3.043050e-02
5.86400,4.378196e+02,-1.458775e+02,-5.023830e-03,2.978890e-02
5.86500,4.384299e+02,-1.502515e+02,-4.915500e-03,2.911550e-02
5.86600,4.375549e+02,-1.404680e+02,-4.797860e-03,2.841100e-02
5.86700,4.387348e+02,-1.489789e+02,-4.670800e-03,2.767610e-02
5.86800,4.386792e+02,-1.585895e+02,-4.534930e-03,2.691070e-02
5.86900,4.379098e+02,-1.639181e+02,-4.391500e-03,2.611520e-02
5.87000,4.370982e+02,-1.710067e+02,-4.240900e-03,2.529040e-02
5.87100,4.392452e+02,-1.618673e+02,-4.083250e-03,2.443790e-02
5.87200,4.413245e+02,-1.647273e+02,-3.919280e-03,2.355870e-02
5.87300,4.427390e+02,-1.654841e+02,-3.750480e-03,2.265380e-02
5.87400,4.439844e+02,-1.635731e+02,-3.577710e-03,2.172380e-02
5.87500,4.445710e+02,-1.707983e+02,-3.401760e-03,2.076930e-02
5.87600,4.467501e+02,-1.682436e+02,-3.223160e-03,1.979030e-02
5.87700,4.493214e+02,-1.745729e+02,-3.042530e-03,1.878740e-02
5.87800,4.494936e+02,-1.732129e+02,-2.860030e-03,1.776060e-02
5.87900,4.496901e+02,-1.751556e+02,-2.676020e-03,1.671130e-02
5.88000,4.511142e+02,-1.688702e+02,-2.492210e-03,1.564140e-02
5.88100,4.530949e+02,-1.672943e+02,-2.309970e-03,1.455260e-02
5.88200,4.546460e+02,-1.645119e+02,-2.130270e-03,1.344590e-02
5.88300,4.566916e+02,-1.620335e+02,-1.953430e-03,1.232250e-02
5.88400,4.581379e+02,-1.640660e+02,-1.780270e-03,1.118340e-02
5.88500,4.608273e+02,-1.644575e+02,-1.611790e-03,1.002970e-02
5.88600,4.629330e+02,-1.611231e+02,-1.449110e-03,8.862390e-03
5.88700,4.641141e+02,-1.664941e+02,-1.292990e-03,7.682720e-03
5.88800,4.657079e+02,-1.563065e+02,-1.144210e-03,6.492190e-03
5.88900,4.670054e+02,-1.627425e+02,-1.003240e-03,5.292290e-03
5.89000,4.683005e+02,-1.560552e+02,-8.704010e-04,4.084610e-03
5.89100,4.698446e+02,-1.540084e+02,-7.461510e-04,2.870670e-03
5.89200,4.723019e+02,-1.479059e+02,-6.315420e-04,1.652040e-03
5.89300,4.740457e+02,-1.404848e+02,-5.276990e-04,4.304250e-04
5.89400,4.757451e+02,-1.379241e+02,-4.353940e-04,-7.922870e-04
5.89500,4.774110e+02,-1.361527e+02,-3.549260e-04,-2.014330e-03
5.89600,4.787797e+02,-1.408582e+02,-2.865610e-04,-3.233870e-03
5.89700,4.805169e+02,-1.278550e+02,-2.307610e-04,-4.449520e-03
5.89800,4.817019e+02,-1.226496e+02,-1.878160e-04,-5.659760e-03
5.89900,4.828841e+02,-1.160177e+02,-1.580250e-04,-6.863000e-03
5.90000,4.835867e+02,-1.062997e+02,-1.416100e-04,-8.057730e-03
5.90100,4.838053e+02,-1.133693e+02,-1.383740e-04,-9.242190e-03
5.90200,4.845341e+02,-1.111387e+02,-1.481630e-04,-1.041420e-02
5.90300,4.854027e+02,-9.604120e+01,-1.707690e-04,-1.157130e-02
5.90400,4.858590e+02,-9.151273e+01,-2.060460e-04,-1.271140e-02
5.90500,4.862366e+02,-8.517073e+01,-2.540880e-04,-1.383300e-02
5.90600,4.869347e+02,-8.262500e+01,-3.149470e-04,-1.493440e-02
5.90700,4.872543e+02,-7.590920e+01,-3.885120e-04,-1.601470e-02
5.90800,4.868819e+02,-7.394620e+01,-4.741260e-04,-1.707220e-02
5.90900,4.870899e+02,-6.842700e+01,-5.713290e-04,-1.810560e-02
5.91000,4.861543e+02,-6.983307e+01,-6.794940e-04,-1.911330e-02
5.91100,4.855402e+02,-6.519843e+01,-7.976230e-04,-2.009380e-02
5.91200,4.852419e+02,-4.776493e+01,-9.252010e-04,-2.104540e-02
5.91300,4.826454e+02,-5.071513e+01,-1.061650e-03,-2.196660e-02
5.91400,4.839419e+02,-4.665365e+01,-1.206460e-03,-2.285620e-02
5.91500,4.816489e+02,-4.179480e+01,-1.358690e-03,-2.371280e-02
5.91600,4.814694e+02,-2.329731e+01,-1.517290e-03,-2.453520e-02
5.91700,4.799044e+02,-2.965347e+01,-1.681270e-03,-2.532250e-02
5.91800,4.785319e+02,-1.714198e+01,-1.849840e-03,-2.607390e-02
5.91900,4.761251e+02,-2.731205e+01,-2.022180e-03,-2.678870e-02
5.92000,4.752240e+02,-1.260073e+01,-2.197420e-03,-2.746610e-02
5.92100,4.726151e+02,-7.655467e+00,-2.374920e-03,-2.810550e-02
5.92200,4.712213e+02,7.129140e+00,-2.553640e-03,-2.870670e-02
5.92300,4.682528e+02,-9.307973e+00,-2.732400e-03,-2.926900e-02
5.92400,4.698889e+02,2.592236e+01,-2.910130e-03,-2.979220e-02
5.92500,4.654013e+02,1.488507e+01,-3.085910e-03,-3.027580e-02
5.92600,4.632269e+02,1.602859e+01,-3.259290e-03,-3.071910e-02
5.92700,4.620784e+02,3.254392e+01,-3.429890e-03,-3.112210e-02
5.92800,4.606691e+02,3.454278e+01,-3.597260e-03,-3.148440e-02
5.92900,4.585151e+02,3.934127e+01,-3.760830e-03,-3.180630e-02
5.93000,4.591037e+02,4.521897e+01,-3.919500e-03,-3.208790e-02
5.93100,4.561269e+02,4.498446e+01,-4.072030e-03,-3.233080e-02
5.93200,4.529015e+02,4.713521e+01,-4.217340e-03,-3.253530e-02
5.93300,4.473884e+02,5.025943e+01,-4.355230e-03,-3.270140e-02
5.93400,4.485863e+02,6.106053e+01,-4.485480e-03,-3.282950e-02
5.93500,4.460188e+02,6.977793e+01,-4.607370e-03,-3.291880e-02
5.93600,4.453428e+02,9.211927e+01,-4.719790e-03,-3.296660e-02
5.93700,4.395055e+02,7.458660e+01,-4.822010e-03,-3.297320e-02
5.93800,4.456219e+02,8.367080e+01,-4.913610e-03,-3.293920e-02
5.93900,4.399911e+02,5.513383e+01,-4.994020e-03,-3.286480e-02
5.94000,4.410519e+02,9.053560e+01,-5.064010e-03,-3.275060e-02
5.94100,4.418919e+02,1.064316e+02,-5.124450e-03,-3.259700e-02
5.94200,4.373815e+02,1.071317e+02,-5.174850e-03,-3.240520e-02
5.94300,4.380982e+02,9.970000e+01,-5.214100e-03,-3.217550e-02
5.94400,4.363152e+02,1.084161e+02,-5.241170e-03,-3.190780e-02
5.94500,4.353364e+02,1.096973e+02,-5.256300e-03,-3.160320e-02
5.94600,4.344945e+02,1.173706e+02,-5.258860e-03,-3.126230e-02
5.94700,4.343746e+02,9.870933e+01,-5.249490e-03,-3.088570e-02
5.94800,4.333295e+02,1.272537e+02,-5.228690e-03,-3.047390e-02
5.94900,4.302052e+02,1.292133e+02,-5.196690e-03,-3.002710e-02
5.95000,4.331221e+02,1.353077e+02,-5.152800e-03,-2.954620e-02
5.95100,4.328381e+02,1.393336e+02,-5.097400e-03,-2.903120e-02
5.95200,4.321409e+02,1.360019e+02,-5.031560e-03,-2.848240e-02
5.95300,4.331407e+02,1.440344e+02,-4.956290e-03,-2.790020e-02
5.95400,4.361291e+02,1.606617e+02,-4.871470e-03,-2.728540e-02
5.95500,4.345205e+02,1.425803e+02,-4.777320e-03,-2.663890e-02
5.95600,4.323225e+02,1.493074e+02,-4.674300e-03,-2.596100e-02
5.95700,4.343175e+02,1.474727e+02,-4.561810e-03,-2.525230e-02
5.95800,4.340765e+02,1.494733e+02,-4.439780e-03,-2.451320e-02
5.95900,4.361847e+02,1.443073e+02,-4.309140e-03,-2.374400e-02
5.96000,4.341786e+02,1.623652e+02,-4.171160e-03,-2.294560e-02
5.96100,4.337557e+02,1.703258e+02,-4.026150e-03,-2.211890e-02
5.96200,4.355183e+02,1.678334e+02,-3.874690e-03,-2.126520e-02
5.96300,4.372751e+02,1.682174e+02,-3.717800e-03,-2.038540e-02
5.96400,4.407751e+02,1.677361e+02,-3.556270e-03,-1.948030e-02
5.96500,4.392333e+02,1.703651e+02,-3.391030e-03,-1.855040e-02
5.96600,4.410199e+02,1.706419e+02,-3.222430e-03,-1.759570e-02
5.96700,4.438437e+02,1.706718e+02,-3.051450e-03,-1.661630e-02
5.96800,4.440544e+02,1.704012e+02,-2.878930e-03,-1.561280e-02
5.96900,4.459936e+02,1.751972e+02,-2.704780e-03,-1.458550e-02
5.97000,4.469051e+02,1.742627e+02,-2.529950e-03,-1.353610e-02
5.97100,4.488303e+02,1.718453e+02,-2.355770e-03,-1.246650e-02
5.97200,4.497433e+02,1.696188e+02,-2.183370e-03,-1.137820e-02
5.97300,4.528287e+02,1.738423e+02,-2.013370e-03,-1.027220e-02
5.97400,4.547467e+02,1.723547e+02,-1.846660e-03,-9.149440e-03
5.97500,4.564595e+02,1.737593e+02,-1.684320e-03,-8.010890e-03
5.97600,4.592638e+02,1.672310e+02,-1.527190e-03,-6.857590e-03
5.97700,4.595090e+02,1.773803e+02,-1.375910e-03,-5.690750e-03
5.97800,4.621433e+02,1.743065e+02,-1.230750e-03,-4.511740e-03
5.97900,4.642544e+02,1.707208e+02,-1.092760e-03,-3.321890e-03
5.98000,4.660353e+02,1.631565e+02,-9.621950e-04,-2.122550e-03
5.98100,4.675329e+02,1.633796e+02,-8.395650e-04,-9.151160e-04
5.98200,4.694132e+02,1.580517e+02,-7.258260e-04,2.986730e-04
5.98300,4.704271e+02,1.577804e+02,-6.223380e-04,1.516980e-03
5.98400,4.738215e+02,1.424087e+02,-5.295530e-04,2.738230e-03
5.98500,4.748681e+02,1.519030e+02,-4.480400e-04,3.960540e-03
5.98600,4.764851e+02,1.513135e+02,-3.784310e-04,5.182230e-03
5.98700,4.800157e+02,1.439663e+02,-3.215960e-04,6.401790e-03
5.98800,4.803024e+02,1.401133e+02,-2.779300e-04,7.617800e-03
5.98900,4.819321e+02,1.392300e+02,-2.473030e-04,8.828640e-03
5.99000,4.830284e+02,1.359392e+02,-2.298320e-04,1.003270e-02
5.99100,4.833377e+02,1.386348e+02,-2.254640e-04,1.122810e-02
5.99200,4.844560e+02,1.276288e+02,-2.341510e-04,1.241310e-02
5.99300,4.857660e+02,1.102391e+02,-2.555950e-04,1.358500e-02
5.99400,4.860385e+02,1.168083e+02,-2.902640e-04,1.474150e-02
5.99500,4.870805e+02,1.070945e+02,-3.383120e-04,1.588080e-02
5.99600,4.878799e+02,1.118913e+02,-3.991150e-04,1.700120e-02
5.99700,4.881610e+02,1.088701e+02,-4.723140e-04,1.810130e-02
5.99800,4.893263e+02,9.751620e+01,-5.578720e-04,1.918010e-02
5.99900,4.906249e+02,8.322507e+01,-6.559110e-04,2.023600e-02
6.00000,4.891371e+02,8.433653e+01,-7.655920e-04,2.126750e-02
6.00100,4.886585e+02,8.707273e+01,-8.854980e-04,2.227310e-02
6.00200,4.873119e+02,7.119953e+01,-1.014650e-03,2.325120e-02
6.00300,4.863511e+02,5.914309e+01,-1.152390e-03,2.420020e-02
6.00400,4.873105e+02,5.867817e+01,-1.297790e-03,2.511880e-02
6.00500,4.837733e+02,6.245757e+01,-1.450380e-03,2.600510e-02
6.00600,4.848060e+02,5.076771e+01,-1.609990e-03,2.685820e-02
6.00700,4.833370e+02,5.873620e+01,-1.776570e-03,2.767640e-02
6.00800,4.833392e+02,4.550481e+01,-1.948810e-03,2.845910e-02
6.00900,4.837283e+02,3.653720e+01,-2.125740e-03,2.920530e-02
6.01000,4.815999e+02,2.193874e+01,-2.306840e-03,2.991430e-02
6.01100,4.800905e+02,2.716665e+01,-2.490480e-03,3.058590e-02
6.01200,4.747532e+02,3.382971e+01,-2.674970e-03,3.121940e-02
6.01300,4.735971e+02,1.757287e+01,-2.859360e-03,3.181420e-02
6.01400,4.744308e+02,9.629267e+00,-3.044000e-03,3.236990e-02
6.01500,4.698763e+02,4.130503e-01,-3.227850e-03,3.288570e-02
6.01600,4.687160e+02,1.913139e-01,-3.409040e-03,3.336110e-02
6.01700,4.662798e+02,-8.996367e+00,-3.586860e-03,3.379580e-02
6.01800,4.670769e+02,-8.356593e+00,-3.760640e-03,3.419000e-02
6.01900,4.658467e+02,-2.627393e+01,-3.930040e-03,3.454310e-02
6.02000,4.634446e+02,-2.384383e+01,-4.094500e-03,3.485580e-02
6.02100,4.618011e+02,-4.084371e+01,-4.253560e-03,3.512810e-02
6.02200,4.591060e+02,-4.092727e+01,-4.406610e-03,3.536120e-02
6.02300,4.565041e+02,-4.312293e+01,-4.551750e-03,3.555570e-02
6.02400,4.528033e+02,-5.347981e+01,-4.688320e-03,3.571150e-02
6.02500,4.557583e+02,-6.225078e+01,-4.815580e-03,3.582890e-02
6.02600,4.495905e+02,-6.151473e+01,-4.934310e-03,3.590640e-02
6.02700,4.503766e+02,-6.463015e+01,-5.043410e-03,3.594130e-02
6.02800,4.481217e+02,-6.545687e+01,-5.141920e-03,3.593420e-02
6.02900,4.479848e+02,-8.454320e+01,-5.229610e-03,3.588560e-02
6.03000,4.461660e+02,-7.342860e+01,-5.306080e-03,3.579610e-02
6.03100,4.464957e+02,-9.854247e+01,-5.372260e-03,3.566570e-02
6.03200,4.470231e+02,-8.649760e+01,-5.427720e-03,3.549590e-02
6.03300,4.397926e+02,-8.407193e+01,-5.472150e-03,3.528720e-02
6.03400,4.389019e+02,-9.720507e+01,-5.503800e-03,3.503990e-02
6.03500,4.376066e+02,-1.015469e+02,-5.522780e-03,3.475450e-02
6.03600,4.397769e+02,-1.101282e+02,-5.528530e-03,3.443230e-02
6.03700,4.378402e+02,-1.229004e+02,-5.520890e-03,3.407380e-02
6.03800,4.397085e+02,-1.008468e+02,-5.501080e-03,3.367930e-02
6.03900,4.370717e+02,-1.271647e+02,-5.469590e-03,3.324900e-02
6.04000,4.387743e+02,-1.240779e+02,-5.426260e-03,3.278340e-02
6.04100,4.352456e+02,-1.153241e+02,-5.370980e-03,3.228310e-02
6.04200,4.379577e+02,-1.285778e+02,-5.305080e-03,3.174800e-02
6.04300,4.418373e+02,-1.331696e+02,-5.228980e-03,3.117870e-02
6.04400,4.383193e+02,-1.348108e+02,-5.143250e-03,3.057610e-02
6.04500,4.403807e+02,-1.450730e+02,-5.047400e-03,2.994090e-02
6.04600,4.375823e+02,-1.502307e+02,-4.941940e-03,2.927400e-02
6.04700,4.371083e+02,-1.429659e+02,-4.827170e-03,2.857570e-02
6.04800,4.380515e+02,-1.457223e+02,-4.703030e-03,2.784680e-02
6.04900,4.382475e+02,-1.508354e+02,-4.569710e-03,2.708740e-02
6.05000,4.386419e+02,-1.548163e+02,-4.427920e-03,2.629790e-02
6.05100,4.387715e+02,-1.571695e+02,-4.278420e-03,2.547930e-02
6.05200,4.398525e+02,-1.685227e+02,-4.121230e-03,2.463310e-02
6.05300,4.406500e+02,-1.627386e+02,-3.957350e-03,2.376030e-02
6.05400,4.411537e+02,-1.726941e+02,-3.788850e-03,2.286150e-02
6.05500,4.433742e+02,-1.818200e+02,-3.616860e-03,2.193740e-02
6.05600,4.447362e+02,-1.721015e+02,-3.441810e-03,2.098850e-02
6.05700,4.462441e+02,-1.596616e+02,-3.263640e-03,2.001510e-02
6.05800,4.484427e+02,-1.747672e+02,-3.082760e-03,1.901740e-02
6.05900,4.480789e+02,-1.715014e+02,-2.899720e-03,1.799580e-02
6.06000,4.495479e+02,-1.722485e+02,-2.715310e-03,1.695120e-02
6.06100,4.507827e+02,-1.643880e+02,-2.531390e-03,1.588550e-02
6.06200,4.527927e+02,-1.683971e+02,-2.349350e-03,1.480030e-02
6.06300,4.541525e+02,-1.682138e+02,-2.169910e-03,1.369710e-02
6.06400,4.568159e+02,-1.718727e+02,-1.992840e-03,1.257670e-02
6.06500,4.583052e+02,-1.658075e+02,-1.819020e-03,1.144040e-02
6.06600,4.608802e+02,-1.664101e+02,-1.649990e-03,1.028930e-02
6.06700,4.632756e+02,-1.608711e+02,-1.486980e-03,9.124290e-03
6.06800,4.640401e+02,-1.654171e+02,-1.330390e-03,7.946780e-03
6.06900,4.651489e+02,-1.625669e+02,-1.180640e-03,6.758260e-03
6.07000,4.664986e+02,-1.600270e+02,-1.038000e-03,5.560260e-03
6.07100,4.672407e+02,-1.597119e+02,-9.026740e-04,4.354120e-03
6.07200,4.697698e+02,-1.464931e+02,-7.754000e-04,3.141330e-03
6.07300,4.713401e+02,-1.416189e+02,-6.575370e-04,1.923480e-03
6.07400,4.730998e+02,-1.405859e+02,-5.503290e-04,7.023260e-04
6.07500,4.749853e+02,-1.380107e+02,-4.544310e-04,-5.203160e-04
6.07600,4.770161e+02,-1.350657e+02,-3.701710e-04,-1.742650e-03
6.07700,4.790779e+02,-1.309320e+02,-2.981090e-04,-2.962970e-03
6.07800,4.807849e+02,-1.296788e+02,-2.390340e-04,-4.179880e-03
6.07900,4.817467e+02,-1.296601e+02,-1.934190e-04,-5.391820e-03
6.08000,4.826757e+02,-1.303024e+02,-1.614700e-04,-6.597180e-03
6.08100,4.834706e+02,-1.263340e+02,-1.430850e-04,-7.794510e-03
6.08200,4.837863e+02,-1.148557e+02,-1.379280e-04,-8.981920e-03
6.08300,4.841419e+02,-1.128680e+02,-1.455470e-04,-1.015720e-02
6.08400,4.848009e+02,-1.099033e+02,-1.657540e-04,-1.131790e-02
6.08500,4.856767e+02,-9.916127e+01,-1.986730e-04,-1.246170e-02
6.08600,4.867138e+02,-8.283693e+01,-2.444700e-04,-1.358720e-02
6.08700,4.866491e+02,-9.098727e+01,-3.029010e-04,-1.469320e-02
6.08800,4.867020e+02,-9.037373e+01,-3.735370e-04,-1.577800e-02
6.08900,4.868869e+02,-8.214460e+01,-4.560620e-04,-1.684070e-02
6.09000,4.865591e+02,-8.021587e+01,-5.500340e-04,-1.787950e-02
6.09100,4.863869e+02,-6.717687e+01,-6.548380e-04,-1.889330e-02
6.09200,4.850817e+02,-7.327753e+01,-7.700110e-04,-1.988020e-02
6.09300,4.846593e+02,-6.810053e+01,-8.951460e-04,-2.083870e-02
6.09400,4.839447e+02,-5.240390e+01,-1.029520e-03,-2.176740e-02
6.09500,4.826121e+02,-4.947745e+01,-1.172220e-03,-2.266490e-02
6.09600,4.828847e+02,-4.317118e+01,-1.322430e-03,-2.352980e-02
6.09700,4.810062e+02,-3.905799e+01,-1.479480e-03,-2.436080e-02
6.09800,4.804280e+02,-3.222129e+01,-1.642570e-03,-2.515700e-02
6.09900,4.797418e+02,-1.902339e+01,-1.810890e-03,-2.591710e-02
6.10000,4.777683e+02,-9.395147e+00,-1.983340e-03,-2.664050e-02
6.10100,4.753195e+02,-1.217874e+01,-2.158970e-03,-2.732660e-02
6.10200,4.752250e+02,8.231653e+00,-2.336600e-03,-2.797500e-02
6.10300,4.713326e+02,-1.079256e+00,-2.515130e-03,-2.858510e-02
6.10400,4.696795e+02,-1.297433e+00,-2.693890e-03,-2.915660e-02
6.10500,4.677740e+02,-2.743349e+00,-2.872370e-03,-2.968890e-02
6.10600,4.683887e+02,2.512505e+01,-3.049700e-03,-3.018120e-02
6.10700,4.645700e+02,1.018611e+01,-3.224530e-03,-3.063340e-02
6.10800,4.643402e+02,2.478943e+01,-3.396210e-03,-3.104540e-02
6.10900,4.619444e+02,3.147435e+01,-3.564080e-03,-3.141700e-02
6.11000,4.587487e+02,3.759351e+01,-3.727530e-03,-3.174850e-02
6.11100,4.553919e+02,4.489123e+01,-3.885870e-03,-3.204010e-02
6.11200,4.543506e+02,3.406659e+01,-4.038680e-03,-3.229270e-02
6.11300,4.522248e+02,3.098981e+01,-4.185420e-03,-3.250670e-02
6.11400,4.509669e+02,5.908847e+01,-4.325130e-03,-3.268210e-02
6.11500,4.490411e+02,5.350100e+01,-4.456960e-03,-3.281920e-02
6.11600,4.478805e+02,6.440192e+01,-4.580410e-03,-3.291770e-02
6.11700,4.466047e+02,6.923760e+01,-4.695070e-03,-3.297480e-02
6.11800,4.479736e+02,6.161297e+01,-4.800450e-03,-3.299030e-02
6.11900,4.442524e+02,9.089320e+01,-4.895930e-03,-3.296500e-02
6.12000,4.455861e+02,8.893213e+01,-4.981120e-03,-3.289880e-02
6.12100,4.428661e+02,1.089789e+02,-5.055550e-03,-3.279240e-02
6.12200,4.380356e+02,1.024279e+02,-5.119070e-03,-3.264680e-02
6.12300,4.384728e+02,9.771913e+01,-5.171110e-03,-3.246320e-02
6.12400,4.378312e+02,9.215853e+01,-5.211730e-03,-3.224190e-02
6.12500,4.342197e+02,1.018529e+02,-5.240450e-03,-3.198260e-02
6.12600,4.349332e+02,1.195598e+02,-5.257310e-03,-3.168630e-02
6.12700,4.338613e+02,1.256138e+02,-5.261670e-03,-3.135380e-02
6.12800,4.338839e+02,1.453075e+02,-5.253940e-03,-3.098570e-02
6.12900,4.336773e+02,1.294075e+02,-5.234840e-03,-3.058180e-02
6.13000,4.331677e+02,1.367635e+02,-5.204530e-03,-3.014250e-02
6.13100,4.324553e+02,1.329154e+02,-5.163050e-03,-2.966860e-02
6.13200,4.332798e+02,1.273665e+02,-5.110780e-03,-2.916020e-02
6.13300,4.313048e+02,1.336016e+02,-5.048220e-03,-2.861780e-02
6.13400,4.317289e+02,1.396223e+02,-4.975410e-03,-2.804220e-02
6.13500,4.338510e+02,1.366882e+02,-4.892630e-03,-2.743430e-02
6.13600,4.337045e+02,1.483955e+02,-4.800410e-03,-2.679460e-02
6.13700,4.349194e+02,1.565619e+02,-4.699070e-03,-2.612340e-02
6.13800,4.323577e+02,1.548659e+02,-4.588540e-03,-2.542170e-02
6.13900,4.319164e+02,1.455479e+02,-4.468610e-03,-2.468950e-02
6.14000,4.336260e+02,1.502175e+02,-4.339840e-03,-2.392710e-02
6.14100,4.340386e+02,1.531288e+02,-4.203460e-03,-2.313500e-02
6.14200,4.356401e+02,1.609417e+02,-4.059850e-03,-2.231430e-02
6.14300,4.364442e+02,1.593545e+02,-3.910090e-03,-2.146600e-02
6.14400,4.376318e+02,1.691421e+02,-3.755010e-03,-2.059140e-02
6.14500,4.391489e+02,1.713777e+02,-3.595290e-03,-1.969110e-02
6.14600,4.407025e+02,1.699105e+02,-3.431070e-03,-1.876600e-02
6.14700,4.427361e+02,1.748143e+02,-3.263070e-03,-1.781630e-02
6.14800,4.431087e+02,1.682219e+02,-3.092300e-03,-1.684220e-02
6.14900,4.434536e+02,1.764527e+02,-2.919490e-03,-1.584420e-02
6.15000,4.450394e+02,1.630017e+02,-2.745050e-03,-1.482230e-02
6.15100,4.464154e+02,1.724710e+02,-2.569680e-03,-1.377790e-02
6.15200,4.483735e+02,1.732115e+02,-2.394950e-03,-1.271280e-02
6.15300,4.503963e+02,1.707573e+02,-2.221810e-03,-1.162850e-02
6.15400,4.536467e+02,1.755256e+02,-2.051030e-03,-1.052610e-02
6.15500,4.547411e+02,1.705983e+02,-1.883580e-03,-9.406560e-03
6.15600,4.566457e+02,1.713639e+02,-1.720420e-03,-8.270950e-03
6.15700,4.582560e+02,1.707131e+02,-1.562060e-03,-7.120550e-03
6.15800,4.595473e+02,1.705073e+02,-1.409020e-03,-5.956600e-03
6.15900,4.617887e+02,1.691633e+02,-1.262070e-03,-4.780250e-03
6.16000,4.634883e+02,1.668593e+02,-1.122100e-03,-3.592820e-03
6.16100,4.646807e+02,1.690382e+02,-9.895960e-04,-2.395640e-03
6.16200,4.667491e+02,1.647895e+02,-8.650050e-04,-1.190170e-03
6.16300,4.690399e+02,1.609984e+02,-7.492700e-04,2.210180e-05
6.16400,4.713909e+02,1.559810e+02,-6.437480e-04,1.239300e-03
6.16500,4.734863e+02,1.540408e+02,-5.491960e-04,2.459810e-03
6.16600,4.753443e+02,1.484085e+02,-4.661220e-04,3.681840e-03
6.16700,4.768129e+02,1.599385e+02,-3.949870e-04,4.903590e-03
6.16800,4.782415e+02,1.487213e+02,-3.360710e-04,6.123680e-03
6.16900,4.797318e+02,1.456209e+02,-2.895050e-04,7.340560e-03
6.17000,4.806443e+02,1.483513e+02,-2.554740e-04,8.552520e-03
6.17100,4.825009e+02,1.303178e+02,-2.344200e-04,9.757900e-03
6.17200,4.836452e+02,1.269037e+02,-2.266820e-04,1.095500e-02
6.17300,4.838452e+02,1.316303e+02,-2.321950e-04,1.214210e-02
6.17400,4.848366e+02,1.296805e+02,-2.505950e-04,1.331690e-02
6.17500,4.862749e+02,1.235239e+02,-2.819640e-04,1.447690e-02
6.17600,4.875903e+02,1.075607e+02,-3.264640e-04,1.562020e-02
6.17700,4.887216e+02,1.018237e+02,-3.841890e-04,1.674500e-02
6.17800,4.901717e+02,8.752300e+01,-4.549060e-04,1.785010e-02
6.17900,4.883831e+02,1.034255e+02,-5.380060e-04,1.893400e-02
6.18000,4.891817e+02,9.407647e+01,-6.328280e-04,1.999520e-02
6.18100,4.878117e+02,9.714260e+01,-7.387600e-04,2.103250e-02
6.18200,4.872456e+02,8.800967e+01,-8.549070e-04,2.204410e-02
6.18300,4.890822e+02,5.291223e+01,-9.808180e-04,2.302870e-02
6.18400,4.868487e+02,6.867660e+01,-1.116310e-03,2.398450e-02
6.18500,4.880505e+02,5.069271e+01,-1.260920e-03,2.490980e-02
6.18600,4.864169e+02,6.239909e+01,-1.413720e-03,2.580340e-02
6.18700,4.859648e+02,5.103871e+01,-1.573490e-03,2.666390e-02
6.18800,4.830179e+02,4.856161e+01,-1.739630e-03,2.749010e-02
6.18900,4.826815e+02,5.328351e+01,-1.911220e-03,2.828120e-02
6.19000,4.812468e+02,4.773679e+01,-2.087170e-03,2.903610e-02
6.19100,4.805575e+02,3.240053e+01,-2.266890e-03,2.975430e-02
6.19200,4.787225e+02,3.105960e+01,-2.449640e-03,3.043500e-02
6.19300,4.771219e+02,1.120032e+01,-2.634180e-03,3.107770e-02
6.19400,4.739433e+02,2.021429e+01,-2.819020e-03,3.168190e-02
6.19500,4.760057e+02,1.430661e+01,-3.003290e-03,3.224700e-02
6.19600,4.721837e+02,4.838903e+00,-3.186330e-03,3.277210e-02
6.19700,4.705385e+02,5.489213e+00,-3.367540e-03,3.325670e-02
6.19800,4.678085e+02,-2.434101e+00,-3.546170e-03,3.370060e-02
6.19900,4.666085e+02,-1.039929e+01,-3.721520e-03,3.410390e-02
6.20000,4.665044e+02,-3.927057e+01,-3.892380e-03,3.446650e-02
6.20100,4.626187e+02,-3.875434e+01,-4.057410e-03,3.478890e-02
6.20200,4.586849e+02,-1.840955e+01,-4.216180e-03,3.507100e-02
6.20300,4.562832e+02,-2.287465e+01,-4.368420e-03,3.531360e-02
6.20400,4.566841e+02,-3.180422e+01,-4.514340e-03,3.551720e-02
6.20500,4.564353e+02,-4.593121e+01,-4.653580e-03,3.568160e-02
6.20600,4.529197e+02,-4.372459e+01,-4.785080e-03,3.580740e-02
6.20700,4.561280e+02,-6.282694e+01,-4.907790e-03,3.589400e-02
6.20800,4.509095e+02,-5.932908e+01,-5.020570e-03,3.593860e-02
6.20900,4.497241e+02,-5.890149e+01,-5.122710e-03,3.594110e-02
6.21000,4.491195e+02,-7.862253e+01,-5.214080e-03,3.590180e-02
6.21100,4.475074e+02,-8.547907e+01,-5.294640e-03,3.582150e-02
6.21200,4.459387e+02,-8.718800e+01,-5.364050e-03,3.570070e-02
6.21300,4.447193e+02,-8.756987e+01,-5.421770e-03,3.554090e-02
6.21400,4.433245e+02,-1.061449e+02,-5.467070e-03,3.534240e-02
6.21500,4.411722e+02,-9.987240e+01,-5.499200e-03,3.510540e-02
6.21600,4.398495e+02,-1.181272e+02,-5.518590e-03,3.483050e-02
6.21700,4.407061e+02,-1.101135e+02,-5.526040e-03,3.451810e-02
6.21800,4.384571e+02,-1.166996e+02,-5.521430e-03,3.416870e-02
6.21900,4.388129e+02,-1.189701e+02,-5.505200e-03,3.378290e-02
6.22000,4.381567e+02,-1.264285e+02,-5.477510e-03,3.336050e-02
6.22100,4.374881e+02,-1.295899e+02,-5.438100e-03,3.290240e-02
6.22200,4.397473e+02,-1.157461e+02,-5.387090e-03,3.240960e-02
6.22300,4.405364e+02,-1.100443e+02,-5.325090e-03,3.188230e-02
6.22400,4.383817e+02,-1.313393e+02,-5.252690e-03,3.132080e-02
6.22500,4.423221e+02,-1.500787e+02,-5.170070e-03,3.072610e-02
6.22600,4.381993e+02,-1.493811e+02,-5.076890e-03,3.009910e-02
6.22700,4.358414e+02,-1.518976e+02,-4.973360e-03,2.944040e-02
6.22800,4.353785e+02,-1.459969e+02,-4.859780e-03,2.875040e-02
6.22900,4.368645e+02,-1.422692e+02,-4.736550e-03,2.802970e-02
6.23000,4.383245e+02,-1.488293e+02,-4.604210e-03,2.727850e-02
6.23100,4.368792e+02,-1.371889e+02,-4.463430e-03,2.649690e-02
6.23200,4.392797e+02,-1.534161e+02,-4.315290e-03,2.568560e-02
6.23300,4.408869e+02,-1.593800e+02,-4.160020e-03,2.484570e-02
6.23400,4.407056e+02,-1.577307e+02,-3.998730e-03,2.397850e-02
6.23500,4.419047e+02,-1.585209e+02,-3.832420e-03,2.308520e-02
6.23600,4.423641e+02,-1.714771e+02,-3.661800e-03,2.216650e-02
6.23700,4.431625e+02,-1.797094e+02,-3.487160e-03,2.122290e-02
6.23800,4.454913e+02,-1.634937e+02,-3.309290e-03,2.025500e-02
6.23900,4.464043e+02,-1.731323e+02,-3.128750e-03,1.926310e-02
6.24000,4.473986e+02,-1.670999e+02,-2.946200e-03,1.824740e-02
6.24100,4.493597e+02,-1.680746e+02,-2.762460e-03,1.720860e-02
6.24200,4.508703e+02,-1.675653e+02,-2.578800e-03,1.614830e-02
6.24300,4.529511e+02,-1.680563e+02,-2.396230e-03,1.506820e-02
6.24400,4.547105e+02,-1.659625e+02,-2.215610e-03,1.396960e-02
6.24500,4.562737e+02,-1.700748e+02,-2.037520e-03,1.285370e-02
6.24600,4.580683e+02,-1.623705e+02,-1.862830e-03,1.172130e-02
6.24700,4.602673e+02,-1.714290e+02,-1.692480e-03,1.057370e-02
6.24800,4.611186e+02,-1.699736e+02,-1.527190e-03,9.412030e-03
6.24900,4.624479e+02,-1.659944e+02,-1.367680e-03,8.237380e-03
6.25000,4.641293e+02,-1.633624e+02,-1.214680e-03,7.051090e-03
6.25100,4.660078e+02,-1.620031e+02,-1.068910e-03,5.854720e-03
6.25200,4.681557e+02,-1.560132e+02,-9.311720e-04,4.649840e-03
6.25300,4.701441e+02,-1.530075e+02,-8.022520e-04,3.437980e-03
6.25400,4.722514e+02,-1.473211e+02,-6.831210e-04,2.220650e-03
6.25500,4.737598e+02,-1.452451e+02,-5.745650e-04,9.995190e-04
6.25600,4.755182e+02,-1.385023e+02,-4.770230e-04,-2.236930e-04
6.25700,4.766949e+02,-1.336417e+02,-3.909740e-04,-1.447050e-03
6.25800,4.783605e+02,-1.311219e+02,-3.168160e-04,-2.668820e-03
6.25900,4.793120e+02,-1.347443e+02,-2.550710e-04,-3.887330e-03
6.26000,4.805944e+02,-1.243813e+02,-2.059140e-04,-5.101060e-03
6.26100,4.814241e+02,-1.366992e+02,-1.696500e-04,-6.308350e-03
6.26200,4.828104e+02,-1.171577e+02,-1.464910e-04,-7.507800e-03
6.26300,4.838995e+02,-1.171851e+02,-1.365700e-04,-8.697700e-03
6.26400,4.850943e+02,-1.030241e+02,-1.399700e-04,-9.876080e-03
6.26500,4.862833e+02,-9.661273e+01,-1.568220e-04,-1.104070e-02
6.26600,4.865313e+02,-9.828053e+01,-1.871480e-04,-1.218930e-02
6.26700,4.866658e+02,-9.848480e+01,-2.306790e-04,-1.332020e-02
6.26800,4.872645e+02,-8.560287e+01,-2.869380e-04,-1.443200e-02
6.26900,4.868150e+02,-9.277280e+01,-3.553160e-04,-1.552320e-02
6.27000,4.867424e+02,-8.293227e+01,-4.353650e-04,-1.659250e-02
6.27100,4.853316e+02,-7.933207e+01,-5.266850e-04,-1.763820e-02
6.27200,4.857352e+02,-7.242400e+01,-6.290600e-04,-1.865880e-02
6.27300,4.861594e+02,-5.394591e+01,-7.420810e-04,-1.965290e-02
6.27400,4.856153e+02,-4.847807e+01,-8.651470e-04,-2.061870e-02
6.27500,4.849627e+02,-4.687293e+01,-9.974050e-04,-2.155480e-02
6.27600,4.843988e+02,-3.450916e+01,-1.138170e-03,-2.245970e-02
6.27700,4.829903e+02,-3.963957e+01,-1.286740e-03,-2.333240e-02
6.27800,4.819713e+02,-3.240478e+01,-1.442620e-03,-2.417150e-02
6.27900,4.801377e+02,-2.828732e+01,-1.604750e-03,-2.497620e-02
6.28000,4.782036e+02,-3.125111e+01,-1.771820e-03,-2.574560e-02
6.28100,4.775419e+02,-1.395699e+01,-1.942910e-03,-2.647850e-02
6.28200,4.747007e+02,-1.885780e+01,-2.117350e-03,-2.717440e-02
6.28300,4.742511e+02,-6.854760e+00,-2.294290e-03,-2.783270e-02
6.28400,4.728848e+02,2.564356e-01,-2.473290e-03,-2.845260e-02
6.28500,4.718229e+02,7.989380e+00,-2.653500e-03,-2.903360e-02
6.28600,4.694569e+02,4.330525e+00,-2.833440e-03,-2.957560e-02
6.28700,4.668303e+02,1.505333e+01,-3.011660e-03,-3.007810e-02
6.28800,4.645195e+02,2.658771e+01,-3.187110e-03,-3.054050e-02
6.28900,4.606391e+02,3.769905e+01,-3.359570e-03,-3.096270e-02
6.29000,4.600041e+02,3.002028e+01,-3.528290e-03,-3.134450e-02
6.29100,4.589114e+02,3.431731e+01,-3.692490e-03,-3.168610e-02
6.29200,4.565890e+02,4.388615e+01,-3.852120e-03,-3.198760e-02
6.29300,4.548473e+02,4.942457e+01,-4.006070e-03,-3.224930e-02
6.29400,4.538432e+02,5.723749e+01,-4.153850e-03,-3.247240e-02
6.29500,4.534793e+02,5.911123e+01,-4.295130e-03,-3.265670e-02
6.29600,4.507601e+02,5.654463e+01,-4.429900e-03,-3.280240e-02
6.29700,4.506518e+02,5.039562e+01,-4.557120e-03,-3.290980e-02
6.29800,4.471429e+02,4.811535e+01,-4.675400e-03,-3.297660e-02
6.29900,4.456739e+02,8.347720e+01,-4.783840e-03,-3.300160e-02
6.30000,4.430817e+02,6.488544e+01,-4.882210e-03,-3.298600e-02
6.30100,4.415968e+02,7.436433e+01,-4.969150e-03,-3.293000e-02
6.30200,4.399632e+02,9.867500e+01,-5.044660e-03,-3.283410e-02
6.30300,4.390395e+02,9.114240e+01,-5.109070e-03,-3.269930e-02
6.30400,4.385847e+02,9.723940e+01,-5.162580e-03,-3.252620e-02
6.30500,4.366021e+02,9.656527e+01,-5.204880e-03,-3.231540e-02
6.30600,4.377443e+02,9.824753e+01,-5.236000e-03,-3.206620e-02
6.30700,4.432061e+02,1.141719e+02,-5.256550e-03,-3.177890e-02
6.30800,4.355210e+02,1.113767e+02,-5.266260e-03,-3.145440e-02
6.30900,4.381261e+02,1.159415e+02,-5.264390e-03,-3.109350e-02
6.31000,4.341031e+02,1.091261e+02,-5.250870e-03,-3.069670e-02
6.31100,4.331996e+02,1.155995e+02,-5.225590e-03,-3.026450e-02
6.31200,4.337187e+02,1.312011e+02,-5.188030e-03,-2.979780e-02
6.31300,4.345245e+02,1.300017e+02,-5.138330e-03,-2.929730e-02
6.31400,4.316188e+02,1.380502e+02,-5.077030e-03,-2.876320e-02
6.31500,4.309327e+02,1.386160e+02,-5.004970e-03,-2.819630e-02
6.31600,4.320456e+02,1.404621e+02,-4.922140e-03,-2.759730e-02
6.31700,4.324535e+02,1.439903e+02,-4.829420e-03,-2.696680e-02
6.31800,4.335935e+02,1.464491e+02,-4.727670e-03,-2.630480e-02
6.31900,4.341001e+02,1.519722e+02,-4.617790e-03,-2.561130e-02
6.32000,4.353184e+02,1.524687e+02,-4.499920e-03,-2.488650e-02
6.32100,4.343717e+02,1.505453e+02,-4.374290e-03,-2.413060e-02
6.32200,4.357037e+02,1.599362e+02,-4.241520e-03,-2.334400e-02
6.32300,4.354117e+02,1.612319e+02,-4.101400e-03,-2.252800e-02
6.32400,4.357819e+02,1.499050e+02,-3.954140e-03,-2.168430e-02
6.32500,4.355283e+02,1.729761e+02,-3.800470e-03,-2.081430e-02
6.32600,4.371287e+02,1.658276e+02,-3.641570e-03,-1.991900e-02
6.32700,4.379230e+02,1.702311e+02,-3.478070e-03,-1.899930e-02
6.32800,4.399688e+02,1.715642e+02,-3.310540e-03,-1.805540e-02
6.32900,4.419765e+02,1.746661e+02,-3.139720e-03,-1.708720e-02
6.33000,4.432729e+02,1.742142e+02,-2.966620e-03,-1.609470e-02
6.33100,4.460003e+02,1.768981e+02,-2.792150e-03,-1.507810e-02
6.33200,4.471916e+02,1.810401e+02,-2.616960e-03,-1.403820e-02
6.33300,4.495425e+02,1.716494e+02,-2.442290e-03,-1.297670e-02
6.33400,4.504415e+02,1.668560e+02,-2.269060e-03,-1.189550e-02
6.33500,4.515764e+02,1.693763e+02,-2.097620e-03,-1.079570e-02
6.33600,4.530366e+02,1.696247e+02,-1.928490e-03,-9.678610e-03
6.33700,4.547555e+02,1.652166e+02,-1.762720e-03,-8.545340e-03
6.33800,4.567463e+02,1.727169e+02,-1.601490e-03,-7.397130e-03
6.33900,4.587814e+02,1.719993e+02,-1.445660e-03,-6.235210e-03
6.34000,4.612121e+02,1.710101e+02,-1.295940e-03,-5.060820e-03
6.34100,4.636420e+02,1.707765e+02,-1.153370e-03,-3.875170e-03
6.34200,4.662385e+02,1.682809e+02,-1.018950e-03,-2.679290e-03
6.34300,4.684155e+02,1.617294e+02,-8.934230e-04,-1.474220e-03
6.34400,4.701347e+02,1.631211e+02,-7.771130e-04,-2.614860e-04
6.34500,4.714991e+02,1.475579e+02,-6.707260e-04,9.570230e-04
6.34600,4.723041e+02,1.585210e+02,-5.746460e-04,2.179400e-03
6.34700,4.741147e+02,1.474222e+02,-4.890320e-04,3.403660e-03
6.34800,4.759739e+02,1.342179e+02,-4.142630e-04,4.627780e-03
6.34900,4.765193e+02,1.443445e+02,-3.510600e-04,5.849990e-03
6.35000,4.786533e+02,1.468018e+02,-3.000990e-04,7.068780e-03
6.35100,4.804363e+02,1.395391e+02,-2.617450e-04,8.282770e-03
6.35200,4.824139e+02,1.325085e+02,-2.364030e-04,9.490650e-03
6.35300,4.842248e+02,1.317510e+02,-2.244350e-04,1.069100e-02
6.35400,4.860257e+02,1.225309e+02,-2.264090e-04,1.188200e-02
6.35500,4.870611e+02,1.238542e+02,-2.425630e-04,1.306150e-02
6.35600,4.876019e+02,1.189418e+02,-2.726210e-04,1.422700e-02
6.35700,4.881707e+02,1.056084e+02,-3.161550e-04,1.537630e-02
6.35800,4.874208e+02,1.162977e+02,-3.723220e-04,1.650760e-02
6.35900,4.876503e+02,1.032932e+02,-4.405580e-04,1.761910e-02
6.36000,4.883957e+02,9.513667e+01,-5.204690e-04,1.870930e-02
6.36100,4.869233e+02,1.041744e+02,-6.118540e-04,1.977700e-02
6.36200,4.882195e+02,8.400873e+01,-7.145240e-04,2.082060e-02
6.36300,4.884660e+02,8.985260e+01,-8.281060e-04,2.183850e-02
6.36400,4.876400e+02,8.422673e+01,-9.521530e-04,2.282950e-02
6.36500,4.891623e+02,7.362233e+01,-1.085930e-03,2.379230e-02
6.36600,4.878358e+02,6.114093e+01,-1.228870e-03,2.472520e-02
6.36700,4.874436e+02,5.929019e+01,-1.380330e-03,2.562690e-02
6.36800,4.870369e+02,4.157839e+01,-1.539630e-03,2.649560e-02
6.36900,4.845789e+02,5.156435e+01,-1.705340e-03,2.733040e-02
6.37000,4.831658e+02,4.250775e+01,-1.876180e-03,2.813020e-02
6.37100,4.805857e+02,3.610234e+01,-2.050950e-03,2.889370e-02
6.37200,4.796497e+02,2.404411e+01,-2.228910e-03,2.962040e-02
6.37300,4.786935e+02,2.065053e+01,-2.410040e-03,3.030970e-02
6.37400,4.774349e+02,2.289131e+01,-2.593470e-03,3.096100e-02
6.37500,4.771021e+02,1.030371e+01,-2.778690e-03,3.157350e-02
6.37600,4.750935e+02,2.657893e+01,-2.964790e-03,3.214690e-02
6.37700,4.732927e+02,4.170215e+00,-3.149820e-03,3.268080e-02
6.37800,4.713950e+02,-1.122071e+01,-3.331880e-03,3.317460e-02
6.37900,4.683026e+02,-4.768650e+00,-3.510040e-03,3.362800e-02
6.38000,4.655353e+02,-2.158521e+01,-3.684420e-03,3.404100e-02
6.38100,4.613851e+02,-2.086010e+01,-3.854820e-03,3.441300e-02
6.38200,4.609542e+02,-1.343446e+00,-4.020570e-03,3.474400e-02
6.38300,4.590565e+02,-1.158849e+01,-4.180840e-03,3.503470e-02
6.38400,4.593480e+02,-2.524739e+01,-4.334270e-03,3.528540e-02
6.38500,4.594129e+02,-4.298612e+01,-4.480900e-03,3.549730e-02
6.38600,4.575874e+02,-4.689649e+01,-4.621000e-03,3.567000e-02
6.38700,4.557843e+02,-5.781683e+01,-4.755280e-03,3.580350e-02
6.38800,4.545869e+02,-4.268288e+01,-4.883900e-03,3.589740e-02
6.38900,4.530318e+02,-6.139829e+01,-5.004200e-03,3.594930e-02
6.39000,4.494125e+02,-5.470976e+01,-5.113120e-03,3.595890e-02
6.39100,4.450005e+02,-6.493716e+01,-5.208270e-03,3.592730e-02
6.39200,4.461639e+02,-7.687453e+01,-5.289550e-03,3.585510e-02
6.39300,4.405272e+02,-7.359127e+01,-5.357810e-03,3.574280e-02
6.39400,4.424259e+02,-9.174433e+01,-5.414330e-03,3.559130e-02
6.39500,4.402436e+02,-9.628373e+01,-5.459150e-03,3.540130e-02
6.39600,4.393310e+02,-9.202600e+01,-5.491020e-03,3.517320e-02
6.39700,4.407556e+02,-1.030392e+02,-5.509700e-03,3.490690e-02
6.39800,4.407031e+02,-1.073639e+02,-5.516170e-03,3.460300e-02
6.39900,4.424357e+02,-1.181017e+02,-5.512130e-03,3.426150e-02
6.40000,4.414657e+02,-1.175677e+02,-5.499350e-03,3.388230e-02
6.40100,4.433177e+02,-1.456823e+02,-5.478180e-03,3.346540e-02
6.40200,4.414191e+02,-1.480623e+02,-5.446860e-03,3.301200e-02
6.40300,4.380668e+02,-1.511107e+02,-5.402860e-03,3.252360e-02
6.40400,4.346016e+02,-1.383193e+02,-5.345200e-03,3.200150e-02
6.40500,4.353695e+02,-1.188047e+02,-5.274790e-03,3.144590e-02
6.40600,4.354858e+02,-1.386740e+02,-5.193210e-03,3.085770e-02
6.40700,4.347250e+02,-1.365795e+02,-5.100980e-03,3.023790e-02
6.40800,4.343167e+02,-1.385283e+02,-4.998250e-03,2.958710e-02
6.40900,4.358358e+02,-1.429509e+02,-4.885020e-03,2.890520e-02
6.41000,4.374735e+02,-1.465307e+02,-4.761410e-03,2.819280e-02
6.41100,4.401249e+02,-1.539583e+02,-4.628390e-03,2.744960e-02
6.41200,4.440081e+02,-1.664273e+02,-4.488150e-03,2.667470e-02
6.41300,4.433205e+02,-1.667469e+02,-4.342540e-03,2.586840e-02
6.41400,4.438714e+02,-1.664767e+02,-4.191470e-03,2.503210e-02
6.41500,4.412244e+02,-1.570253e+02,-4.033460e-03,2.416760e-02
6.41600,4.401179e+02,-1.587245e+02,-3.868260e-03,2.327690e-02
6.41700,4.410621e+02,-1.653887e+02,-3.697090e-03,2.236140e-02
6.41800,4.425817e+02,-1.703511e+02,-3.521390e-03,2.142180e-02
6.41900,4.437583e+02,-1.673601e+02,-3.342830e-03,2.045860e-02
6.42000,4.455432e+02,-1.700313e+02,-3.162590e-03,1.947190e-02
6.42100,4.475727e+02,-1.711671e+02,-2.980980e-03,1.846160e-02
6.42200,4.502732e+02,-1.731477e+02,-2.797660e-03,1.742810e-02
6.42300,4.528963e+02,-1.734536e+02,-2.613600e-03,1.637260e-02
6.42400,4.550238e+02,-1.713275e+02,-2.431000e-03,1.529640e-02
6.42500,4.559427e+02,-1.714260e+02,-2.251640e-03,1.420070e-02
6.42600,4.561764e+02,-1.661054e+02,-2.075470e-03,1.308670e-02
6.42700,4.562961e+02,-1.651345e+02,-1.901830e-03,1.195580e-02
6.42800,4.562095e+02,-1.556759e+02,-1.730420e-03,1.080960e-02
6.42900,4.587282e+02,-1.580473e+02,-1.562160e-03,9.649730e-03
6.43000,4.606870e+02,-1.621124e+02,-1.398580e-03,8.477370e-03
6.43100,4.636049e+02,-1.610351e+02,-1.241920e-03,7.293720e-03
6.43200,4.663176e+02,-1.594415e+02,-1.093880e-03,6.100080e-03
6.43300,4.687706e+02,-1.569641e+02,-9.548660e-04,4.897650e-03
6.43400,4.712722e+02,-1.553917e+02,-8.247850e-04,3.687610e-03
6.43500,4.736023e+02,-1.505274e+02,-7.041350e-04,2.471250e-03
6.43600,4.750267e+02,-1.472190e+02,-5.940850e-04,1.250170e-03
6.43700,4.757347e+02,-1.433628e+02,-4.954730e-04,2.625110e-05
6.43800,4.758656e+02,-1.419987e+02,-4.086210e-04,-1.198240e-03
6.43900,4.762636e+02,-1.396279e+02,-3.332420e-04,-2.421180e-03
6.44000,4.771651e+02,-1.295790e+02,-2.692000e-04,-3.640540e-03
6.44100,4.785713e+02,-1.245996e+02,-2.162980e-04,-4.854720e-03
6.44200,4.806101e+02,-1.231351e+02,-1.752120e-04,-6.062320e-03
6.44300,4.828580e+02,-1.193531e+02,-1.474590e-04,-7.262200e-03
6.44400,4.847644e+02,-1.137077e+02,-1.341080e-04,-8.453130e-03
6.44500,4.862061e+02,-1.059503e+02,-1.352680e-04,-9.633440e-03
6.44600,4.874475e+02,-1.142809e+02,-1.505490e-04,-1.080120e-02
6.44700,4.876785e+02,-1.005983e+02,-1.796620e-04,-1.195400e-02
6.44800,4.871017e+02,-9.826240e+01,-2.214530e-04,-1.308980e-02
6.44900,4.862503e+02,-9.596207e+01,-2.752150e-04,-1.420700e-02
6.45000,4.857513e+02,-8.991127e+01,-3.409750e-04,-1.530360e-02
6.45100,4.857941e+02,-7.816153e+01,-4.189040e-04,-1.637810e-02
6.45200,4.850697e+02,-7.348687e+01,-5.084240e-04,-1.742880e-02
6.45300,4.857986e+02,-5.844847e+01,-6.085420e-04,-1.845420e-02
6.45400,4.853991e+02,-6.472663e+01,-7.186400e-04,-1.945280e-02
6.45500,4.859975e+02,-5.245327e+01,-8.384400e-04,-2.042340e-02
6.45600,4.862001e+02,-5.728481e+01,-9.680980e-04,-2.136460e-02
6.45700,4.856269e+02,-5.211944e+01,-1.107450e-03,-2.227530e-02
6.45800,4.854871e+02,-3.289500e+01,-1.256310e-03,-2.315400e-02
6.45900,4.841465e+02,-2.825580e+01,-1.413110e-03,-2.399960e-02
6.46000,4.801778e+02,-3.949145e+01,-1.575190e-03,-2.481100e-02
6.46100,4.786327e+02,-2.242762e+01,-1.741180e-03,-2.558710e-02
6.46200,4.784806e+02,-1.483906e+01,-1.910850e-03,-2.632680e-02
6.46300,4.762848e+02,-6.943067e+00,-2.084110e-03,-2.702900e-02
6.46400,4.737241e+02,-1.793581e+00,-2.260530e-03,-2.769350e-02
6.46500,4.727206e+02,-6.918273e+00,-2.439110e-03,-2.831960e-02
6.46600,4.699391e+02,-9.507427e+00,-2.618640e-03,-2.890730e-02
6.46700,4.693537e+02,1.552843e+01,-2.797350e-03,-2.945640e-02
6.46800,4.679327e+02,1.138562e+01,-2.974100e-03,-2.996630e-02
6.46900,4.641312e+02,-1.913574e+00,-3.148480e-03,-3.043640e-02
6.47000,4.637485e+02,2.939331e+01,-3.320560e-03,-3.086660e-02
6.47100,4.606210e+02,2.872090e+01,-3.490000e-03,-3.125590e-02
6.47200,4.585506e+02,3.027619e+01,-3.655750e-03,-3.160450e-02
6.47300,4.544391e+02,2.106585e+01,-3.816530e-03,-3.191250e-02
6.47400,4.564640e+02,4.271023e+01,-3.971700e-03,-3.218030e-02
6.47500,4.540399e+02,5.961301e+01,-4.121090e-03,-3.240940e-02
6.47600,4.531633e+02,5.730058e+01,-4.264560e-03,-3.259960e-02
6.47700,4.547911e+02,6.838967e+01,-4.401780e-03,-3.275110e-02
6.47800,4.499154e+02,4.327283e+01,-4.531590e-03,-3.286480e-02
6.47900,4.485350e+02,5.605417e+01,-4.652250e-03,-3.293920e-02
6.48000,4.451777e+02,8.598280e+01,-4.762530e-03,-3.297240e-02
6.48100,4.422164e+02,7.036893e+01,-4.861690e-03,-3.296530e-02
6.48200,4.412141e+02,7.482353e+01,-4.949350e-03,-3.291770e-02
6.48300,4.398075e+02,9.612447e+01,-5.025730e-03,-3.282990e-02
6.48400,4.404257e+02,9.689193e+01,-5.091230e-03,-3.270240e-02
6.48500,4.385581e+02,9.732353e+01,-5.145740e-03,-3.253620e-02
6.48600,4.388012e+02,1.012209e+02,-5.189400e-03,-3.233170e-02
6.48700,4.379881e+02,1.117805e+02,-5.222600e-03,-3.208870e-02
6.48800,4.388464e+02,1.106647e+02,-5.245940e-03,-3.180720e-02
6.48900,4.359820e+02,1.167735e+02,-5.259340e-03,-3.148800e-02
6.49000,4.349975e+02,1.327517e+02,-5.260870e-03,-3.113250e-02
6.49100,4.338670e+02,1.201982e+02,-5.250140e-03,-3.074140e-02
6.49200,4.313129e+02,1.230209e+02,-5.226800e-03,-3.031520e-02
6.49300,4.319697e+02,1.272099e+02,-5.190860e-03,-2.985480e-02
6.49400,4.307429e+02,1.332035e+02,-5.142710e-03,-2.936060e-02
6.49500,4.318011e+02,1.301273e+02,-5.083120e-03,-2.883300e-02
6.49600,4.309887e+02,1.340965e+02,-5.012730e-03,-2.827240e-02
6.49700,4.321635e+02,1.409250e+02,-4.931470e-03,-2.767980e-02
6.49800,4.334857e+02,1.482309e+02,-4.839880e-03,-2.705580e-02
6.49900,4.327472e+02,1.555524e+02,-4.739600e-03,-2.640010e-02
6.50000,4.360187e+02,1.413493e+02,-4.631950e-03,-2.571270e-02
6.50100,4.327509e+02,1.548691e+02,-4.517290e-03,-2.499390e-02
6.50200,4.331773e+02,1.332371e+02,-4.394550e-03,-2.424370e-02
6.50300,4.346348e+02,1.513734e+02,-4.263840e-03,-2.346310e-02
6.50400,4.373246e+02,1.610123e+02,-4.124980e-03,-2.265300e-02
6.50500,4.360293e+02,1.612960e+02,-3.978140e-03,-2.181510e-02
6.50600,4.360708e+02,1.684451e+02,-3.824990e-03,-2.095080e-02
6.50700,4.367695e+02,1.714619e+02,-3.666940e-03,-2.006120e-02
6.50800,4.379898e+02,1.688218e+02,-3.504720e-03,-1.914700e-02
6.50900,4.401007e+02,1.694231e+02,-3.338220e-03,-1.820890e-02
6.51000,4.421708e+02,1.719063e+02,-3.168090e-03,-1.724660e-02
6.51100,4.446070e+02,1.706718e+02,-2.995690e-03,-1.626020e-02
6.51200,4.462682e+02,1.743315e+02,-2.822360e-03,-1.524950e-02
6.51300,4.479433e+02,1.766891e+02,-2.648840e-03,-1.421500e-02
6.51400,4.475143e+02,1.765489e+02,-2.475650e-03,-1.315860e-02
6.51500,4.492177e+02,1.736125e+02,-2.303160e-03,-1.208210e-02
6.51600,4.502794e+02,1.726875e+02,-2.131430e-03,-1.098700e-02
6.51700,4.528654e+02,1.779973e+02,-1.961160e-03,-9.874440e-03
6.51800,4.541370e+02,1.705003e+02,-1.794090e-03,-8.745600e-03
6.51900,4.564448e+02,1.692435e+02,-1.631890e-03,-7.601660e-03
6.52000,4.587451e+02,1.697810e+02,-1.475330e-03,-6.443870e-03
6.52100,4.610609e+02,1.707023e+02,-1.324890e-03,-5.273400e-03
6.52200,4.635468e+02,1.719494e+02,-1.181210e-03,-4.091390e-03
6.52300,4.662863e+02,1.703199e+02,-1.045310e-03,-2.898820e-03
6.52400,4.683676e+02,1.628449e+02,-9.182670e-04,-1.696690e-03
6.52500,4.694987e+02,1.633680e+02,-8.006570e-04,-4.865150e-04
6.52600,4.703508e+02,1.601727e+02,-6.929180e-04,7.298920e-04
6.52700,4.710894e+02,1.560995e+02,-5.951140e-04,1.950330e-03
6.52800,4.725945e+02,1.543343e+02,-5.071920e-04,3.172800e-03
6.52900,4.751066e+02,1.536525e+02,-4.295820e-04,4.395230e-03
6.53000,4.766271e+02,1.456061e+02,-3.634300e-04,5.615840e-03
6.53100,4.787376e+02,1.403774e+02,-3.098840e-04,6.833230e-03
6.53200,4.808213e+02,1.354959e+02,-2.693510e-04,8.046060e-03
6.53300,4.824891e+02,1.308383e+02,-2.419210e-04,9.253070e-03
6.53400,4.842607e+02,1.216029e+02,-2.276790e-04,1.045310e-02
6.53500,4.857011e+02,1.215075e+02,-2.270520e-04,1.164450e-02
6.53600,4.862105e+02,1.269123e+02,-2.401000e-04,1.282510e-02
6.53700,4.867481e+02,1.208913e+02,-2.669080e-04,1.399230e-02
6.53800,4.877078e+02,1.056057e+02,-3.072910e-04,1.514390e-02
6.53900,4.874528e+02,1.046925e+02,-3.606230e-04,1.627780e-02
6.54000,4.867863e+02,1.083321e+02,-4.260940e-04,1.739230e-02
6.54100,4.881132e+02,8.951153e+01,-5.030880e-04,1.848570e-02
6.54200,4.882611e+02,9.737040e+01,-5.916490e-04,1.955690e-02
6.54300,4.879224e+02,1.059511e+02,-6.917900e-04,2.060400e-02
6.54400,4.871006e+02,9.960380e+01,-8.031130e-04,2.162600e-02
6.54500,4.885438e+02,8.110460e+01,-9.251130e-04,2.262160e-02
6.54600,4.880550e+02,7.921880e+01,-1.057170e-03,2.358940e-02
6.54700,4.874071e+02,7.016567e+01,-1.198610e-03,2.452780e-02
6.54800,4.872678e+02,5.306187e+01,-1.348150e-03,2.543550e-02
6.54900,4.862361e+02,5.962035e+01,-1.504770e-03,2.631080e-02
6.55000,4.842170e+02,4.937381e+01,-1.667920e-03,2.715250e-02
6.55100,4.816140e+02,5.391898e+01,-1.836780e-03,2.795910e-02
6.55200,4.817647e+02,3.244205e+01,-2.010500e-03,2.872990e-02
6.55300,4.792798e+02,3.595527e+01,-2.188060e-03,2.946370e-02
6.55400,4.771861e+02,2.936495e+01,-2.369070e-03,3.016000e-02
6.55500,4.772139e+02,2.328177e+01,-2.552060e-03,3.081870e-02
6.55600,4.761719e+02,2.177687e+01,-2.736010e-03,3.143900e-02
6.55700,4.748500e+02,1.197037e+01,-2.920190e-03,3.202050e-02
6.55800,4.727983e+02,-3.487603e+00,-3.104090e-03,3.256270e-02
6.55900,4.716974e+02,-2.452729e+01,-3.286730e-03,3.306450e-02
6.56000,4.709006e+02,-5.536659e+00,-3.466570e-03,3.352580e-02
6.56100,4.666851e+02,-9.585967e+00,-3.643010e-03,3.394640e-02
6.56200,4.656520e+02,-3.333287e+01,-3.815280e-03,3.432580e-02
6.56300,4.640965e+02,-2.603302e+01,-3.982230e-03,3.466420e-02
6.56400,4.594455e+02,-1.921669e+01,-4.143620e-03,3.496210e-02
6.56500,4.592306e+02,-3.872650e+01,-4.299150e-03,3.521990e-02
6.56600,4.624460e+02,-6.556373e+01,-4.448780e-03,3.543850e-02
6.56700,4.562773e+02,-4.299839e+01,-4.591120e-03,3.561830e-02
6.56800,4.520010e+02,-5.925919e+01,-4.725410e-03,3.575970e-02
6.56900,4.531367e+02,-5.811749e+01,-4.851380e-03,3.586310e-02
6.57000,4.515510e+02,-5.964907e+01,-4.968240e-03,3.592590e-02
6.57100,4.493151e+02,-7.159727e+01,-5.074680e-03,3.594640e-02
6.57200,4.468853e+02,-6.955527e+01,-5.170110e-03,3.592530e-02
6.57300,4.468439e+02,-7.830173e+01,-5.254650e-03,3.586280e-02
6.57400,4.484070e+02,-8.129047e+01,-5.327860e-03,3.575940e-02
6.57500,4.453499e+02,-8.858160e+01,-5.389410e-03,3.561590e-02
6.57600,4.403543e+02,-8.934147e+01,-5.439440e-03,3.543350e-02
6.57700,4.417310e+02,-6.789300e+01,-5.477940e-03,3.521240e-02
6.57800,4.404027e+02,-9.661940e+01,-5.504060e-03,3.495260e-02
6.57900,4.395322e+02,-1.058959e+02,-5.517460e-03,3.465530e-02
6.58000,4.387391e+02,-1.102607e+02,-5.518140e-03,3.432130e-02
6.58100,4.364481e+02,-1.170363e+02,-5.506380e-03,3.395080e-02
6.58200,4.367962e+02,-1.226571e+02,-5.483020e-03,3.354430e-02
6.58300,4.360575e+02,-1.275645e+02,-5.447870e-03,3.310220e-02
6.58400,4.364399e+02,-1.203604e+02,-5.400870e-03,3.262500e-02
6.58500,4.376145e+02,-1.290175e+02,-5.342730e-03,3.211300e-02
6.58600,4.378025e+02,-1.325001e+02,-5.273650e-03,3.156690e-02
6.58700,4.385469e+02,-1.377993e+02,-5.194430e-03,3.098720e-02
6.58800,4.387587e+02,-1.276296e+02,-5.105760e-03,3.037440e-02
6.58900,4.382009e+02,-1.326681e+02,-5.008150e-03,2.972930e-02
6.59000,4.386730e+02,-1.355157e+02,-4.901410e-03,2.905240e-02
6.59100,4.384061e+02,-1.580386e+02,-4.784970e-03,2.834470e-02
6.59200,4.380049e+02,-1.487076e+02,-4.658460e-03,2.760640e-02
6.59300,4.379837e+02,-1.590765e+02,-4.522420e-03,2.683770e-02
6.59400,4.385016e+02,-1.514313e+02,-4.377660e-03,2.603910e-02
6.59500,4.402132e+02,-1.565646e+02,-4.225020e-03,2.521180e-02
6.59600,4.391384e+02,-1.632761e+02,-4.065340e-03,2.435670e-02
6.59700,4.414029e+02,-1.684115e+02,-3.899810e-03,2.347510e-02
6.59800,4.424609e+02,-1.634881e+02,-3.729130e-03,2.256790e-02
6.59900,4.433477e+02,-1.744189e+02,-3.554380e-03,2.163590e-02
6.60000,4.458331e+02,-1.697675e+02,-3.376480e-03,2.067950e-02
6.60100,4.474735e+02,-1.640537e+02,-3.196700e-03,1.969880e-02
6.60200,4.489815e+02,-1.692053e+02,-3.015500e-03,1.869390e-02
6.60300,4.491279e+02,-1.718583e+02,-2.833250e-03,1.766550e-02
6.60400,4.506743e+02,-1.685291e+02,-2.650400e-03,1.661460e-02
6.60500,4.516255e+02,-1.718823e+02,-2.468180e-03,1.554330e-02
6.60600,4.535551e+02,-1.680855e+02,-2.287590e-03,1.445310e-02
6.60700,4.549949e+02,-1.696066e+02,-2.109360e-03,1.334530e-02
6.60800,4.569951e+02,-1.669446e+02,-1.934220e-03,1.222090e-02
6.60900,4.589781e+02,-1.655604e+02,-1.763070e-03,1.108110e-02
6.61000,4.610393e+02,-1.649055e+02,-1.596640e-03,9.926890e-03
6.61100,4.628124e+02,-1.641381e+02,-1.435600e-03,8.759440e-03
6.61200,4.636775e+02,-1.636541e+02,-1.280560e-03,7.579740e-03
6.61300,4.659797e+02,-1.568523e+02,-1.132380e-03,6.389250e-03
6.61400,4.669798e+02,-1.555633e+02,-9.916100e-04,5.189480e-03
6.61500,4.690741e+02,-1.581022e+02,-8.587310e-04,3.981940e-03
6.61600,4.696182e+02,-1.521421e+02,-7.344330e-04,2.767990e-03
6.61700,4.720065e+02,-1.499216e+02,-6.197280e-04,1.549410e-03
6.61800,4.736597e+02,-1.443780e+02,-5.157550e-04,3.279530e-04
6.61900,4.757822e+02,-1.405375e+02,-4.231990e-04,-8.944010e-04
6.62000,4.777816e+02,-1.367467e+02,-3.427770e-04,-2.115890e-03
6.62100,4.792280e+02,-1.276851e+02,-2.751790e-04,-3.334800e-03
6.62200,4.813136e+02,-1.300128e+02,-2.207340e-04,-4.549540e-03
6.62300,4.821434e+02,-1.320721e+02,-1.797170e-04,-5.758740e-03
6.62400,4.838830e+02,-1.149607e+02,-1.522430e-04,-6.961030e-03
6.62500,4.837625e+02,-1.139207e+02,-1.382810e-04,-8.154750e-03
6.62600,4.844941e+02,-1.109175e+02,-1.376270e-04,-9.338000e-03
6.62700,4.848109e+02,-1.155811e+02,-1.499670e-04,-1.050860e-02
6.62800,4.858453e+02,-8.774700e+01,-1.749490e-04,-1.166420e-02
6.62900,4.856013e+02,-1.001804e+02,-2.123170e-04,-1.280260e-02
6.63000,4.857371e+02,-9.888653e+01,-2.620420e-04,-1.392230e-02
6.63100,4.863595e+02,-9.050113e+01,-3.241380e-04,-1.502180e-02
6.63200,4.871173e+02,-8.466600e+01,-3.984780e-04,-1.609970e-02
6.63300,4.869590e+02,-6.981453e+01,-4.846780e-04,-1.715480e-02
6.63400,4.868466e+02,-7.224233e+01,-5.821680e-04,-1.818570e-02
6.63500,4.857434e+02,-8.052880e+01,-6.903870e-04,-1.919080e-02
6.63600,4.853234e+02,-6.406711e+01,-8.084990e-04,-2.016860e-02
6.63700,4.851277e+02,-5.977546e+01,-9.360540e-04,-2.111750e-02
6.63800,4.843703e+02,-4.372567e+01,-1.072970e-03,-2.203600e-02
6.63900,4.832820e+02,-3.001723e+01,-1.218340e-03,-2.292250e-02
6.64000,4.823995e+02,-3.581849e+01,-1.371280e-03,-2.377620e-02
6.64100,4.809789e+02,-2.977899e+01,-1.530630e-03,-2.459560e-02
6.64200,4.800033e+02,-2.624276e+01,-1.695650e-03,-2.537950e-02
6.64300,4.790032e+02,-3.174295e+01,-1.865740e-03,-2.612770e-02
6.64400,4.764088e+02,-1.809976e+01,-2.039790e-03,-2.683880e-02
6.64500,4.752135e+02,-5.933011e+00,-2.217100e-03,-2.751230e-02
6.64600,4.718951e+02,-1.114184e+01,-2.395830e-03,-2.814790e-02
6.64700,4.715742e+02,-1.775663e+00,-2.574940e-03,-2.874540e-02
6.64800,4.690459e+02,1.467195e+01,-2.753580e-03,-2.930430e-02
6.64900,4.659149e+02,1.362013e+01,-2.930940e-03,-2.982410e-02
6.65000,4.651605e+02,2.518779e+01,-3.106430e-03,-3.030400e-02
6.65100,4.633644e+02,2.772808e+01,-3.279510e-03,-3.074360e-02
6.65200,4.621162e+02,3.078460e+01,-3.449860e-03,-3.114280e-02
6.65300,4.584445e+02,1.402053e+01,-3.616690e-03,-3.150130e-02
6.65400,4.576969e+02,3.311011e+01,-3.779290e-03,-3.181940e-02
6.65500,4.582062e+02,3.444555e+01,-3.936920e-03,-3.209720e-02
6.65600,4.550729e+02,5.143371e+01,-4.088520e-03,-3.233630e-02
6.65700,4.532171e+02,6.521246e+01,-4.233270e-03,-3.253700e-02
6.65800,4.493598e+02,5.634187e+01,-4.370560e-03,-3.269940e-02
6.65900,4.472531e+02,5.846181e+01,-4.500080e-03,-3.282390e-02
6.66000,4.463761e+02,6.159673e+01,-4.621290e-03,-3.290950e-02
6.66100,4.467031e+02,8.643127e+01,-4.733200e-03,-3.295310e-02
6.66200,4.449135e+02,7.477573e+01,-4.835090e-03,-3.295600e-02
6.66300,4.410872e+02,8.094380e+01,-4.926630e-03,-3.291810e-02
6.66400,4.397137e+02,8.465200e+01,-5.007260e-03,-3.283940e-02
6.66500,4.421205e+02,8.817627e+01,-5.077650e-03,-3.272070e-02
6.66600,4.400285e+02,9.450960e+01,-5.137810e-03,-3.256300e-02
6.66700,4.381084e+02,1.074432e+02,-5.187210e-03,-3.236690e-02
6.66800,4.362754e+02,1.028450e+02,-5.224550e-03,-3.213290e-02
6.66900,4.356243e+02,1.022467e+02,-5.249330e-03,-3.186100e-02
6.67000,4.339928e+02,1.140587e+02,-5.261820e-03,-3.155240e-02
6.67100,4.320829e+02,1.103822e+02,-5.261450e-03,-3.120780e-02
6.67200,4.319411e+02,1.207500e+02,-5.249730e-03,-3.082780e-02
6.67300,4.343128e+02,1.299177e+02,-5.226750e-03,-3.041220e-02
6.67400,4.322931e+02,1.262945e+02,-5.193040e-03,-2.996170e-02
6.67500,4.340470e+02,1.341533e+02,-5.148440e-03,-2.947650e-02
6.67600,4.346132e+02,1.345283e+02,-5.093270e-03,-2.895690e-02
6.67700,4.350623e+02,1.358320e+02,-5.028120e-03,-2.840310e-02
6.67800,4.321083e+02,1.385721e+02,-4.952890e-03,-2.781620e-02
6.67900,4.332132e+02,1.516770e+02,-4.867680e-03,-2.719720e-02
6.68000,4.331762e+02,1.541607e+02,-4.772370e-03,-2.654680e-02
6.68100,4.317936e+02,1.531044e+02,-4.667780e-03,-2.586580e-02
6.68200,4.325502e+02,1.390123e+02,-4.553920e-03,-2.515450e-02
6.68300,4.339053e+02,1.582788e+02,-4.430740e-03,-2.441270e-02
6.68400,4.334394e+02,1.617987e+02,-4.299370e-03,-2.364090e-02
6.68500,4.363241e+02,1.592147e+02,-4.160390e-03,-2.283990e-02
6.68600,4.365707e+02,1.661139e+02,-4.014720e-03,-2.201050e-02
6.68700,4.376580e+02,1.646312e+02,-3.862810e-03,-2.115370e-02
6.68800,4.360803e+02,1.617023e+02,-3.705700e-03,-2.027070e-02
6.68900,4.394210e+02,1.663109e+02,-3.543940e-03,-1.936220e-02
6.69000,4.397369e+02,1.739253e+02,-3.378010e-03,-1.842860e-02
6.69100,4.405064e+02,1.644216e+02,-3.208450e-03,-1.747040e-02
6.69200,4.417969e+02,1.766281e+02,-3.035770e-03,-1.648800e-02
6.69300,4.435231e+02,1.756179e+02,-2.861410e-03,-1.548170e-02
6.69400,4.454575e+02,1.804477e+02,-2.686220e-03,-1.445220e-02
6.69500,4.475518e+02,1.779995e+02,-2.511110e-03,-1.340100e-02
6.69600,4.500169e+02,1.763057e+02,-2.337280e-03,-1.232990e-02
6.69700,4.523234e+02,1.759457e+02,-2.166020e-03,-1.124000e-02
6.69800,4.543197e+02,1.757289e+02,-1.998050e-03,-1.013200e-02
6.69900,4.559804e+02,1.692344e+02,-1.833630e-03,-9.006730e-03
6.70000,4.575976e+02,1.806339e+02,-1.673130e-03,-7.865320e-03
6.70100,4.587039e+02,1.697885e+02,-1.517200e-03,-6.709210e-03
6.70200,4.600422e+02,1.717071e+02,-1.366260e-03,-5.539940e-03
6.70300,4.608793e+02,1.717315e+02,-1.220730e-03,-4.359120e-03
6.70400,4.632141e+02,1.679143e+02,-1.081720e-03,-3.168150e-03
6.70500,4.653309e+02,1.654857e+02,-9.505800e-04,-1.968130e-03
6.70600,4.677891e+02,1.610881e+02,-8.281300e-04,-7.603030e-04
6.70700,4.701487e+02,1.599355e+02,-7.150040e-04,4.538530e-04
6.70800,4.726523e+02,1.643086e+02,-6.124300e-04,1.672520e-03
6.70900,4.752029e+02,1.504742e+02,-5.212390e-04,2.894250e-03
6.71000,4.767408e+02,1.430419e+02,-4.419680e-04,4.117250e-03
6.71100,4.790731e+02,1.393353e+02,-3.746740e-04,5.339720e-03
6.71200,4.787526e+02,1.481392e+02,-3.198600e-04,6.559980e-03
6.71300,4.799267e+02,1.308418e+02,-2.775780e-04,7.776300e-03
6.71400,4.805025e+02,1.393905e+02,-2.476760e-04,8.986970e-03
6.71500,4.821767e+02,1.301737e+02,-2.305080e-04,1.019030e-02
6.71600,4.847439e+02,1.236636e+02,-2.265530e-04,1.138430e-02
6.71700,4.850773e+02,1.277239e+02,-2.363780e-04,1.256730e-02
6.71800,4.858633e+02,1.354053e+02,-2.594900e-04,1.373680e-02
6.71900,4.883411e+02,1.102375e+02,-2.959710e-04,1.489080e-02
6.72000,4.882596e+02,1.110805e+02,-3.460010e-04,1.602770e-02
6.72100,4.894861e+02,1.056551e+02,-4.092400e-04,1.714610e-02
6.72200,4.879566e+02,1.112940e+02,-4.849790e-04,1.824460e-02
6.72300,4.882393e+02,9.861667e+01,-5.722990e-04,1.932190e-02
6.72400,4.876519e+02,1.005766e+02,-6.707960e-04,2.037630e-02
6.72500,4.873179e+02,8.405120e+01,-7.798890e-04,2.140600e-02
6.72600,4.879159e+02,7.438933e+01,-8.989930e-04,2.240920e-02
6.72700,4.873910e+02,6.576351e+01,-1.027770e-03,2.338420e-02
6.72800,4.871366e+02,6.717667e+01,-1.165820e-03,2.432960e-02
6.72900,4.878197e+02,5.315456e+01,-1.313000e-03,2.524410e-02
6.73000,4.853255e+02,6.664649e+01,-1.468090e-03,2.612650e-02
6.73100,4.859873e+02,4.393266e+01,-1.629990e-03,2.697550e-02
6.73200,4.850772e+02,4.916553e+01,-1.797940e-03,2.779020e-02
6.73300,4.825163e+02,4.297701e+01,-1.970830e-03,2.856930e-02
6.73400,4.795653e+02,4.922822e+01,-2.147710e-03,2.931230e-02
6.73500,4.776027e+02,5.085108e+01,-2.328090e-03,3.001830e-02
6.73600,4.774404e+02,1.561708e+01,-2.511260e-03,3.068650e-02
6.73700,4.759365e+02,2.172787e+01,-2.696050e-03,3.131600e-02
6.73800,4.753227e+02,4.589823e+00,-2.881360e-03,3.190640e-02
6.73900,4.737916e+02,1.309281e+01,-3.066320e-03,3.245720e-02
6.74000,4.723351e+02,6.461836e+00,-3.249800e-03,3.296780e-02
6.74100,4.693920e+02,-9.231953e+00,-3.430500e-03,3.343820e-02
6.74200,4.696768e+02,-2.352457e+01,-3.607880e-03,3.386800e-02
6.74300,4.651565e+02,-1.328524e+01,-3.781750e-03,3.425710e-02
6.74400,4.608106e+02,-1.740251e+01,-3.950350e-03,3.460570e-02
6.74500,4.618059e+02,-2.303205e+01,-4.112660e-03,3.491420e-02
6.74600,4.593127e+02,-4.007474e+01,-4.268790e-03,3.518230e-02
6.74700,4.573962e+02,-3.755019e+01,-4.418430e-03,3.541130e-02
6.74800,4.569307e+02,-5.276518e+01,-4.560990e-03,3.560120e-02
6.74900,4.563365e+02,-6.830800e+01,-4.696380e-03,3.575170e-02
6.75000,4.550073e+02,-5.370676e+01,-4.824670e-03,3.586320e-02
6.75100,4.540545e+02,-6.117297e+01,-4.945100e-03,3.593420e-02
6.75200,4.535150e+02,-8.418713e+01,-5.055690e-03,3.596250e-02
6.75300,4.492447e+02,-7.023180e+01,-5.155370e-03,3.594920e-02
6.75400,4.500777e+02,-8.172127e+01,-5.243530e-03,3.589500e-02
6.75500,4.412077e+02,-7.027773e+01,-5.319890e-03,3.580030e-02
6.75600,4.413845e+02,-9.227127e+01,-5.383880e-03,3.566570e-02
6.75700,4.450503e+02,-8.519893e+01,-5.435870e-03,3.549260e-02
6.75800,4.416133e+02,-9.598980e+01,-5.475870e-03,3.528110e-02
6.75900,4.405788e+02,-9.923493e+01,-5.503010e-03,3.503110e-02
6.76000,4.408541e+02,-1.081875e+02,-5.517610e-03,3.474320e-02
6.76100,4.405505e+02,-1.112521e+02,-5.520520e-03,3.441780e-02
6.76200,4.408785e+02,-1.261761e+02,-5.511990e-03,3.405530e-02
6.76300,4.415172e+02,-1.126459e+02,-5.492960e-03,3.365590e-02
6.76400,4.400458e+02,-1.234327e+02,-5.463310e-03,3.322020e-02
6.76500,4.394544e+02,-1.210359e+02,-5.422150e-03,3.274880e-02
6.76600,4.389691e+02,-1.384771e+02,-5.368760e-03,3.224240e-02
6.76700,4.368691e+02,-1.404742e+02,-5.303290e-03,3.170220e-02
6.76800,4.354789e+02,-1.380908e+02,-5.226120e-03,3.112860e-02
6.76900,4.331348e+02,-1.375681e+02,-5.137890e-03,3.052230e-02
6.77000,4.385235e+02,-1.329865e+02,-5.038930e-03,2.988450e-02
6.77100,4.354673e+02,-1.379445e+02,-4.929740e-03,2.921510e-02
6.77200,4.357787e+02,-1.459555e+02,-4.810810e-03,2.851470e-02
6.77300,4.380577e+02,-1.494315e+02,-4.682800e-03,2.778370e-02
6.77400,4.396409e+02,-1.515933e+02,-4.546330e-03,2.702180e-02
6.77500,4.403259e+02,-1.620167e+02,-4.402960e-03,2.622900e-02
6.77600,4.403846e+02,-1.759483e+02,-4.253460e-03,2.540630e-02
6.77700,4.423909e+02,-1.648997e+02,-4.097930e-03,2.455520e-02
6.77800,4.423296e+02,-1.657985e+02,-3.936530e-03,2.367710e-02
6.77900,4.441445e+02,-1.755834e+02,-3.769660e-03,2.277310e-02
6.78000,4.422969e+02,-1.657970e+02,-3.597830e-03,2.184430e-02
6.78100,4.440165e+02,-1.647795e+02,-3.421940e-03,2.089130e-02
6.78200,4.450903e+02,-1.665543e+02,-3.243070e-03,1.991460e-02
6.78300,4.466658e+02,-1.676105e+02,-3.061800e-03,1.891430e-02
6.78400,4.482940e+02,-1.717310e+02,-2.878650e-03,1.789040e-02
6.78500,4.505392e+02,-1.727305e+02,-2.694290e-03,1.684400e-02
6.78600,4.522689e+02,-1.728394e+02,-2.510270e-03,1.577670e-02
6.78700,4.549637e+02,-1.724387e+02,-2.328010e-03,1.469000e-02
6.78800,4.561392e+02,-1.674295e+02,-2.148420e-03,1.358490e-02
6.78900,4.572031e+02,-1.646652e+02,-1.972010e-03,1.246240e-02
6.79000,4.577410e+02,-1.658465e+02,-1.799090e-03,1.132380e-02
6.79100,4.594827e+02,-1.628837e+02,-1.630140e-03,1.017040e-02
6.79200,4.608310e+02,-1.590575e+02,-1.465910e-03,9.003620e-03
6.79300,4.630885e+02,-1.608203e+02,-1.307680e-03,7.824700e-03
6.79400,4.653459e+02,-1.576077e+02,-1.156790e-03,6.635070e-03
6.79500,4.674263e+02,-1.538881e+02,-1.014040e-03,5.436210e-03
6.79600,4.694937e+02,-1.533270e+02,-8.799510e-04,4.229480e-03
6.79700,4.717149e+02,-1.479449e+02,-7.551480e-04,3.016180e-03
6.79800,4.735160e+02,-1.500343e+02,-6.403800e-04,1.797780e-03
6.79900,4.750316e+02,-1.415162e+02,-5.363580e-04,5.760000e-04
6.80000,4.759115e+02,-1.488463e+02,-4.437980e-04,-6.473150e-04
6.80100,4.770734e+02,-1.473619e+02,-3.629690e-04,-1.870210e-03
6.80200,4.784153e+02,-1.278754e+02,-2.939470e-04,-3.090810e-03
6.80300,4.791634e+02,-1.303467e+02,-2.368170e-04,-4.307510e-03
6.80400,4.805249e+02,-1.243116e+02,-1.917810e-04,-5.518640e-03
6.80500,4.818425e+02,-1.216225e+02,-1.593680e-04,-6.722630e-03
6.80600,4.832581e+02,-1.141063e+02,-1.402240e-04,-7.918150e-03
6.80700,4.847340e+02,-1.085753e+02,-1.346630e-04,-9.103560e-03
6.80800,4.857695e+02,-1.101010e+02,-1.428120e-04,-1.027680e-02
6.80900,4.870432e+02,-9.467187e+01,-1.648160e-04,-1.143540e-02
6.81000,4.872697e+02,-9.465947e+01,-2.002020e-04,-1.257760e-02
6.81100,4.879754e+02,-8.080433e+01,-2.484570e-04,-1.370180e-02
6.81200,4.871348e+02,-8.584800e+01,-3.092100e-04,-1.480610e-02
6.81300,4.863829e+02,-8.815847e+01,-3.819010e-04,-1.588930e-02
6.81400,4.864499e+02,-7.134187e+01,-4.661670e-04,-1.694950e-02
6.81500,4.859949e+02,-6.981660e+01,-5.616900e-04,-1.798540e-02
6.81600,4.860035e+02,-6.030984e+01,-6.680820e-04,-1.899530e-02
6.81700,4.859216e+02,-5.397291e+01,-7.848100e-04,-1.997780e-02
6.81800,4.853233e+02,-6.174693e+01,-9.111480e-04,-2.093160e-02
6.81900,4.844174e+02,-5.899171e+01,-1.046530e-03,-2.185510e-02
6.82000,4.844773e+02,-3.744371e+01,-1.190320e-03,-2.274720e-02
6.82100,4.832497e+02,-4.616041e+01,-1.341790e-03,-2.360680e-02
6.82200,4.816256e+02,-3.008739e+01,-1.499860e-03,-2.443270e-02
6.82300,4.800631e+02,-2.352558e+01,-1.663600e-03,-2.522380e-02
6.82400,4.790263e+02,-1.225265e+01,-1.832060e-03,-2.597910e-02
6.82500,4.762715e+02,-2.050444e+01,-2.004270e-03,-2.669760e-02
6.82600,4.755801e+02,-6.298939e+00,-2.179440e-03,-2.737870e-02
6.82700,4.736305e+02,-1.325230e+01,-2.357030e-03,-2.802180e-02
6.82800,4.737935e+02,1.211768e+01,-2.535990e-03,-2.862640e-02
6.82900,4.701886e+02,9.506753e+00,-2.715350e-03,-2.919250e-02
6.83000,4.688548e+02,-9.996313e-01,-2.893820e-03,-2.971950e-02
6.83100,4.666547e+02,9.484953e+00,-3.070280e-03,-3.020680e-02
6.83200,4.654521e+02,3.122489e+01,-3.244270e-03,-3.065410e-02
6.83300,4.569059e+02,2.742929e+01,-3.414820e-03,-3.106130e-02
6.83400,4.586607e+02,2.697615e+01,-3.581370e-03,-3.142830e-02
6.83500,4.550876e+02,1.397154e+01,-3.743760e-03,-3.175480e-02
6.83600,4.578157e+02,5.612277e+01,-3.901160e-03,-3.204130e-02
6.83700,4.558513e+02,4.463919e+01,-4.053100e-03,-3.228860e-02
6.83800,4.547507e+02,5.321416e+01,-4.199270e-03,-3.249700e-02
6.83900,4.532201e+02,6.174256e+01,-4.339280e-03,-3.266660e-02
6.84000,4.479884e+02,4.841296e+01,-4.472540e-03,-3.279770e-02
6.84100,4.486697e+02,7.935760e+01,-4.597520e-03,-3.289040e-02
6.84200,4.458934e+02,6.381809e+01,-4.712560e-03,-3.294170e-02
6.84300,4.433745e+02,5.862037e+01,-4.816880e-03,-3.295240e-02
6.84400,4.409429e+02,8.091540e+01,-4.910570e-03,-3.292260e-02
6.84500,4.419213e+02,8.306353e+01,-4.992750e-03,-3.285270e-02
6.84600,4.404549e+02,1.037895e+02,-5.063480e-03,-3.274310e-02
6.84700,4.400588e+02,9.666987e+01,-5.123340e-03,-3.259440e-02
6.84800,4.384143e+02,9.857173e+01,-5.172300e-03,-3.240740e-02
6.84900,4.396378e+02,9.872900e+01,-5.210210e-03,-3.218260e-02
6.85000,4.385618e+02,1.064033e+02,-5.236970e-03,-3.191930e-02
6.85100,4.369704e+02,1.167943e+02,-5.253670e-03,-3.161820e-02
6.85200,4.362488e+02,1.338811e+02,-5.259760e-03,-3.127990e-02
6.85300,4.362804e+02,1.178079e+02,-5.254250e-03,-3.090570e-02
6.85400,4.328574e+02,1.179559e+02,-5.236900e-03,-3.049590e-02
6.85500,4.317607e+02,1.330619e+02,-5.207370e-03,-3.005140e-02
6.85600,4.315853e+02,1.247081e+02,-5.165620e-03,-2.957280e-02
6.85700,4.317907e+02,1.209796e+02,-5.111690e-03,-2.906090e-02
6.85800,4.306666e+02,1.332147e+02,-5.046480e-03,-2.851590e-02
6.85900,4.318368e+02,1.389527e+02,-4.971040e-03,-2.793850e-02
6.86000,4.328589e+02,1.415891e+02,-4.885640e-03,-2.732910e-02
6.86100,4.342914e+02,1.430048e+02,-4.790430e-03,-2.668820e-02
6.86200,4.338287e+02,1.437430e+02,-4.686300e-03,-2.601590e-02
6.86300,4.337060e+02,1.433885e+02,-4.574090e-03,-2.531210e-02
6.86400,4.345940e+02,1.385839e+02,-4.453680e-03,-2.457710e-02
6.86500,4.349623e+02,1.600072e+02,-4.325420e-03,-2.381130e-02
6.86600,4.352229e+02,1.732378e+02,-4.189920e-03,-2.301560e-02
6.86700,4.365051e+02,1.674381e+02,-4.047480e-03,-2.219120e-02
6.86800,4.358751e+02,1.670374e+02,-3.898210e-03,-2.133960e-02
6.86900,4.368240e+02,1.710948e+02,-3.742730e-03,-2.046200e-02
6.87000,4.378228e+02,1.723653e+02,-3.582130e-03,-1.955950e-02
6.87100,4.394449e+02,1.728971e+02,-3.417470e-03,-1.863240e-02
6.87200,4.411177e+02,1.738126e+02,-3.249390e-03,-1.768100e-02
6.87300,4.429500e+02,1.761800e+02,-3.078640e-03,-1.670530e-02
6.87400,4.445981e+02,1.811761e+02,-2.906000e-03,-1.570550e-02
6.87500,4.470589e+02,1.744942e+02,-2.731860e-03,-1.468190e-02
6.87600,4.474823e+02,1.707771e+02,-2.556830e-03,-1.363560e-02
6.87700,4.484281e+02,1.766684e+02,-2.382240e-03,-1.256860e-02
6.87800,4.502409e+02,1.679479e+02,-2.209200e-03,-1.148240e-02
6.87900,4.516526e+02,1.665834e+02,-2.038370e-03,-1.037800e-02
6.88000,4.537522e+02,1.651693e+02,-1.870470e-03,-9.256670e-03
6.88100,4.559287e+02,1.663797e+02,-1.706450e-03,-8.119560e-03
6.88200,4.579245e+02,1.710295e+02,-1.547320e-03,-6.967810e-03
6.88300,4.604644e+02,1.698790e+02,-1.393930e-03,-5.802570e-03
6.88400,4.626998e+02,1.715173e+02,-1.247320e-03,-4.625070e-03
6.88500,4.650485e+02,1.691103e+02,-1.108450e-03,-3.436550e-03
6.88600,4.668542e+02,1.645836e+02,-9.777850e-04,-2.238210e-03
6.88700,4.685783e+02,1.568765e+02,-8.554690e-04,-1.031390e-03
6.88800,4.701515e+02,1.470824e+02,-7.420230e-04,1.822660e-04
6.88900,4.710325e+02,1.603537e+02,-6.383340e-04,1.400820e-03
6.89000,4.728419e+02,1.522955e+02,-5.450710e-04,2.622310e-03
6.89100,4.745751e+02,1.472999e+02,-4.627220e-04,3.844760e-03
6.89200,4.763123e+02,1.435750e+02,-3.918370e-04,5.066450e-03
6.89300,4.780268e+02,1.475675e+02,-3.329360e-04,6.285770e-03
6.89400,4.800213e+02,1.415142e+02,-2.864290e-04,7.501400e-03
6.89500,4.821791e+02,1.375440e+02,-2.528990e-04,8.711860e-03
6.89600,4.832169e+02,1.457061e+02,-2.328960e-04,9.915880e-03
6.89700,4.850441e+02,1.301598e+02,-2.267470e-04,1.111200e-02
6.89800,4.852277e+02,1.331739e+02,-2.342950e-04,1.229830e-02
6.89900,4.863882e+02,1.168900e+02,-2.552020e-04,1.347230e-02
6.90000,4.866457e+02,1.190391e+02,-2.890240e-04,1.463160e-02
6.90100,4.870654e+02,1.048222e+02,-3.353810e-04,1.577400e-02
6.90200,4.879419e+02,1.031900e+02,-3.943410e-04,1.689770e-02
6.90300,4.879402e+02,9.341413e+01,-4.657460e-04,1.800120e-02
6.90400,4.884576e+02,1.025014e+02,-5.494050e-04,1.908310e-02
6.90500,4.885244e+02,9.785133e+01,-6.449760e-04,2.014190e-02
6.90600,4.886129e+02,9.036713e+01,-7.518450e-04,2.117620e-02
6.90700,4.894978e+02,8.498587e+01,-8.693780e-04,2.218470e-02
6.90800,4.878993e+02,9.168773e+01,-9.971070e-04,2.316590e-02
6.90900,4.887073e+02,6.697367e+01,-1.134090e-03,2.411830e-02
6.91000,4.868062e+02,5.752687e+01,-1.279940e-03,2.504050e-02
6.91100,4.865556e+02,5.412908e+01,-1.433740e-03,2.593090e-02
6.91200,4.861525e+02,2.888407e+01,-1.594650e-03,2.678810e-02
6.91300,4.836849e+02,4.581651e+01,-1.761150e-03,2.761090e-02
6.91400,4.815958e+02,5.382480e+01,-1.932620e-03,2.839840e-02
6.91500,4.808862e+02,5.570233e+01,-2.108530e-03,2.914950e-02
6.91600,4.808577e+02,2.703625e+01,-2.287950e-03,2.986360e-02
6.91700,4.785378e+02,3.459241e+01,-2.470170e-03,3.054030e-02
6.91800,4.775213e+02,2.332321e+01,-2.654560e-03,3.117870e-02
6.91900,4.768549e+02,1.004504e+01,-2.840240e-03,3.177850e-02
6.92000,4.723155e+02,1.818782e+01,-3.026020e-03,3.233910e-02
6.92100,4.729788e+02,5.996014e+00,-3.210140e-03,3.285990e-02
6.92200,4.685874e+02,-6.488287e+00,-3.391770e-03,3.334050e-02
6.92300,4.681012e+02,-9.310847e+00,-3.569730e-03,3.378050e-02
6.92400,4.666277e+02,-1.426187e+01,-3.743820e-03,3.417970e-02
6.92500,4.611415e+02,1.252119e+00,-3.912830e-03,3.453770e-02
6.92600,4.622548e+02,-1.462440e+01,-4.076390e-03,3.485540e-02
6.92700,4.608346e+02,-3.133765e+01,-4.234860e-03,3.513240e-02
6.92800,4.594602e+02,-2.971853e+01,-4.386990e-03,3.536990e-02
6.92900,4.575863e+02,-5.699966e+01,-4.532420e-03,3.556890e-02
6.93000,4.557093e+02,-7.188873e+01,-4.670630e-03,3.572910e-02
6.93100,4.529070e+02,-4.274208e+01,-4.801400e-03,3.585090e-02
6.93200,4.528929e+02,-5.659119e+01,-4.923800e-03,3.593340e-02
6.93300,4.516033e+02,-7.115387e+01,-5.036670e-03,3.597360e-02
6.93400,4.494801e+02,-7.572107e+01,-5.139190e-03,3.597150e-02
6.93500,4.487809e+02,-7.821600e+01,-5.230130e-03,3.592790e-02
6.93600,4.476891e+02,-7.584920e+01,-5.309460e-03,3.584320e-02
6.93700,4.480549e+02,-1.012257e+02,-5.376560e-03,3.571830e-02
6.93800,4.440555e+02,-8.599860e+01,-5.431510e-03,3.555450e-02
6.93900,4.406874e+02,-8.125273e+01,-5.474610e-03,3.535240e-02
6.94000,4.394582e+02,-8.890420e+01,-5.505230e-03,3.511180e-02
6.94100,4.418306e+02,-1.135189e+02,-5.523420e-03,3.483310e-02
6.94200,4.410097e+02,-1.234779e+02,-5.529750e-03,3.451680e-02
6.94300,4.384037e+02,-1.168409e+02,-5.523780e-03,3.416360e-02
6.94400,4.394109e+02,-1.267313e+02,-5.506310e-03,3.377380e-02
6.94500,4.386323e+02,-1.206532e+02,-5.477640e-03,3.334800e-02
6.94600,4.365094e+02,-1.282301e+02,-5.437650e-03,3.288650e-02
6.94700,4.412843e+02,-1.480363e+02,-5.386100e-03,3.238990e-02
6.94800,4.386452e+02,-1.331124e+02,-5.323580e-03,3.185900e-02
6.94900,4.395649e+02,-1.420850e+02,-5.250460e-03,3.129410e-02
6.95000,4.387929e+02,-1.350858e+02,-5.166710e-03,3.069640e-02
6.95100,4.367222e+02,-1.431540e+02,-5.072720e-03,3.006670e-02
6.95200,4.370148e+02,-1.285397e+02,-4.968490e-03,2.940560e-02
6.95300,4.354052e+02,-1.427323e+02,-4.854500e-03,2.871320e-02
6.95400,4.384274e+02,-1.572995e+02,-4.730910e-03,2.799050e-02
6.95500,4.383366e+02,-1.417431e+02,-4.597820e-03,2.723720e-02
6.95600,4.397431e+02,-1.448571e+02,-4.456130e-03,2.645340e-02
6.95700,4.395761e+02,-1.605197e+02,-4.306780e-03,2.563970e-02
6.95800,4.405889e+02,-1.565194e+02,-4.150450e-03,2.479720e-02
6.95900,4.424897e+02,-1.601724e+02,-3.988310e-03,2.392700e-02
6.96000,4.423134e+02,-1.687437e+02,-3.821570e-03,2.303030e-02
6.96100,4.431079e+02,-1.608966e+02,-3.650580e-03,2.210860e-02
6.96200,4.451830e+02,-1.628750e+02,-3.475820e-03,2.116230e-02
6.96300,4.460502e+02,-1.730527e+02,-3.297790e-03,2.019210e-02
6.96400,4.467285e+02,-1.808857e+02,-3.116660e-03,1.919800e-02
6.96500,4.475093e+02,-1.674088e+02,-2.933340e-03,1.818010e-02
6.96600,4.492645e+02,-1.651729e+02,-2.748820e-03,1.713920e-02
6.96700,4.505511e+02,-1.707885e+02,-2.564470e-03,1.607670e-02
6.96800,4.526594e+02,-1.694941e+02,-2.381470e-03,1.499450e-02
6.96900,4.547491e+02,-1.670981e+02,-2.200470e-03,1.389400e-02
6.97000,4.571946e+02,-1.644057e+02,-2.022350e-03,1.277600e-02
6.97100,4.594639e+02,-1.624704e+02,-1.848130e-03,1.164150e-02
6.97200,4.611346e+02,-1.589555e+02,-1.678700e-03,1.049160e-02
6.97300,4.625389e+02,-1.660033e+02,-1.514720e-03,9.327760e-03
6.97400,4.632243e+02,-1.680807e+02,-1.356720e-03,8.151000e-03
6.97500,4.648833e+02,-1.697360e+02,-1.205170e-03,6.962820e-03
6.97600,4.662161e+02,-1.570178e+02,-1.060270e-03,5.764690e-03
6.97700,4.675632e+02,-1.519381e+02,-9.227550e-04,4.558180e-03
6.97800,4.695683e+02,-1.509369e+02,-7.938150e-04,3.344780e-03
6.97900,4.717577e+02,-1.462449e+02,-6.745760e-04,2.126100e-03
6.98000,4.737499e+02,-1.478996e+02,-5.658450e-04,9.037880e-04
6.98100,4.757971e+02,-1.437486e+02,-4.682160e-04,-3.203900e-04
6.98200,4.777404e+02,-1.368090e+02,-3.823670e-04,-1.544680e-03
6.98300,4.791915e+02,-1.376924e+02,-3.089210e-04,-2.767150e-03
6.98400,4.803077e+02,-1.364461e+02,-2.481410e-04,-3.986260e-03
6.98500,4.812433e+02,-1.177187e+02,-2.003120e-04,-5.200530e-03
6.98600,4.825743e+02,-1.154199e+02,-1.658680e-04,-6.408320e-03
6.98700,4.826695e+02,-1.213505e+02,-1.446500e-04,-7.608310e-03
6.98800,4.835861e+02,-1.194773e+02,-1.363070e-04,-8.798780e-03
6.98900,4.848695e+02,-1.044915e+02,-1.409570e-04,-9.977920e-03
6.99000,4.858987e+02,-9.521387e+01,-1.588560e-04,-1.114310e-02
6.99100,4.868774e+02,-8.954767e+01,-1.899040e-04,-1.229200e-02
6.99200,4.870233e+02,-9.611507e+01,-2.342180e-04,-1.342300e-02
6.99300,4.871952e+02,-9.715947e+01,-2.919890e-04,-1.453420e-02
6.99400,4.880689e+02,-8.438247e+01,-3.624540e-04,-1.562480e-02
6.99500,4.877141e+02,-7.629180e+01,-4.448030e-04,-1.669320e-02
6.99600,4.870003e+02,-7.412307e+01,-5.381410e-04,-1.773790e-02
6.99700,4.853090e+02,-8.263767e+01,-6.418160e-04,-1.875740e-02
6.99800,4.853494e+02,-6.014377e+01,-7.555250e-04,-1.975020e-02
6.99900,4.844960e+02,-6.276557e+01,-8.790110e-04,-2.071460e-02
7.00000,4.842075e+02,-5.638891e+01,-1.012020e-03,-2.164920e-02
