# iqnils_mesh_4x: point-A displacement (m) and drag and lift on the cylinder and plate (N/m), subsampled to 0.001 s
time,drag,lift,ux,uy
4.50000,4.504918e+02,3.091305e+01,-4.796460e-03,-3.424100e-02
4.50100,4.502387e+02,3.630156e+01,-4.928830e-03,-3.433210e-02
4.50200,4.510839e+02,5.785904e+01,-5.052370e-03,-3.438250e-02
4.50300,4.472925e+02,5.271373e+01,-5.166390e-03,-3.439180e-02
4.50400,4.454215e+02,6.167472e+01,-5.269540e-03,-3.435870e-02
4.50500,4.419046e+02,4.367633e+01,-5.360860e-03,-3.428420e-02
4.50600,4.423799e+02,5.642910e+01,-5.440090e-03,-3.416920e-02
4.50700,4.425361e+02,7.684400e+01,-5.507480e-03,-3.401470e-02
4.50800,4.374476e+02,6.593501e+01,-5.562810e-03,-3.382100e-02
4.50900,4.389156e+02,8.376720e+01,-5.606300e-03,-3.358860e-02
4.51000,4.376171e+02,7.920380e+01,-5.638690e-03,-3.331830e-02
4.51100,4.366105e+02,8.251973e+01,-5.659800e-03,-3.301030e-02
4.51200,4.375748e+02,9.464940e+01,-5.669030e-03,-3.266520e-02
4.51300,4.351967e+02,9.998700e+01,-5.666960e-03,-3.228360e-02
4.51400,4.369445e+02,1.088486e+02,-5.653460e-03,-3.186580e-02
4.51500,4.343875e+02,1.084899e+02,-5.628290e-03,-3.141280e-02
4.51600,4.297759e+02,1.088889e+02,-5.590520e-03,-3.092550e-02
4.51700,4.320537e+02,1.296020e+02,-5.540370e-03,-3.040450e-02
4.51800,4.292687e+02,1.146467e+02,-5.478240e-03,-2.985050e-02
4.51900,4.294875e+02,1.146039e+02,-5.404390e-03,-2.926440e-02
4.52000,4.299137e+02,1.211493e+02,-5.319510e-03,-2.864650e-02
4.52100,4.311245e+02,1.225902e+02,-5.224320e-03,-2.799730e-02
4.52200,4.316680e+02,1.366963e+02,-5.119870e-03,-2.731710e-02
4.52300,4.325557e+02,1.447416e+02,-5.006450e-03,-2.660630e-02
4.52400,4.360630e+02,1.424483e+02,-4.884360e-03,-2.586550e-02
4.52500,4.343911e+02,1.427409e+02,-4.755030e-03,-2.509520e-02
4.52600,4.327036e+02,1.556885e+02,-4.618450e-03,-2.429610e-02
4.52700,4.340059e+02,1.473926e+02,-4.474230e-03,-2.346830e-02
4.52800,4.331157e+02,1.472433e+02,-4.322650e-03,-2.261260e-02
4.52900,4.340473e+02,1.609867e+02,-4.164460e-03,-2.172970e-02
4.53000,4.340979e+02,1.611604e+02,-4.000670e-03,-2.082100e-02
4.53100,4.343819e+02,1.659286e+02,-3.832050e-03,-1.988730e-02
4.53200,4.373460e+02,1.598255e+02,-3.659500e-03,-1.892970e-02
4.53300,4.401994e+02,1.691665e+02,-3.483860e-03,-1.794890e-02
4.53400,4.416484e+02,1.669794e+02,-3.305680e-03,-1.694520e-02
4.53500,4.429357e+02,1.633793e+02,-3.125640e-03,-1.591910e-02
4.53600,4.454614e+02,1.691620e+02,-2.944560e-03,-1.487070e-02
4.53700,4.456093e+02,1.745407e+02,-2.763490e-03,-1.379990e-02
4.53800,4.473121e+02,1.719218e+02,-2.582860e-03,-1.270780e-02
4.53900,4.478295e+02,1.606153e+02,-2.402930e-03,-1.159570e-02
4.54000,4.494467e+02,1.726273e+02,-2.224240e-03,-1.046510e-02
4.54100,4.504494e+02,1.688572e+02,-2.047730e-03,-9.317050e-03
4.54200,4.530253e+02,1.640643e+02,-1.874540e-03,-8.152770e-03
4.54300,4.552503e+02,1.640107e+02,-1.706040e-03,-6.973460e-03
4.54400,4.584399e+02,1.639010e+02,-1.543350e-03,-5.780360e-03
4.54500,4.606957e+02,1.629169e+02,-1.387330e-03,-4.574350e-03
4.54600,4.636439e+02,1.552800e+02,-1.238490e-03,-3.356360e-03
4.54700,4.658291e+02,1.547121e+02,-1.097410e-03,-2.127590e-03
4.54800,4.683097e+02,1.487237e+02,-9.650080e-04,-8.893540e-04
4.54900,4.693501e+02,1.471901e+02,-8.421630e-04,3.568780e-04
4.55000,4.700481e+02,1.562792e+02,-7.295690e-04,1.609600e-03
4.55100,4.722387e+02,1.480385e+02,-6.276880e-04,2.867470e-03
4.55200,4.738650e+02,1.421591e+02,-5.370540e-04,4.128770e-03
4.55300,4.761139e+02,1.404677e+02,-4.581550e-04,5.391520e-03
4.55400,4.786049e+02,1.365336e+02,-3.918210e-04,6.653720e-03
4.55500,4.810914e+02,1.281762e+02,-3.386890e-04,7.913400e-03
4.55600,4.831287e+02,1.297726e+02,-2.993130e-04,9.168830e-03
4.55700,4.849905e+02,1.219025e+02,-2.740320e-04,1.041830e-02
4.55800,4.867412e+02,1.183857e+02,-2.631100e-04,1.166020e-02
4.55900,4.874157e+02,1.235811e+02,-2.665610e-04,1.289310e-02
4.56000,4.885791e+02,1.118665e+02,-2.843150e-04,1.411530e-02
4.56100,4.893265e+02,1.083610e+02,-3.161950e-04,1.532510e-02
4.56200,4.884899e+02,1.228649e+02,-3.620910e-04,1.651990e-02
4.56300,4.906347e+02,9.889640e+01,-4.217930e-04,1.769730e-02
4.56400,4.911128e+02,9.874933e+01,-4.950010e-04,1.885500e-02
4.56500,4.924765e+02,8.545213e+01,-5.817240e-04,1.999080e-02
4.56600,4.928387e+02,7.755947e+01,-6.818830e-04,2.110260e-02
4.56700,4.926909e+02,9.066507e+01,-7.949880e-04,2.218880e-02
4.56800,4.932583e+02,8.640647e+01,-9.205040e-04,2.324760e-02
4.56900,4.921802e+02,8.361307e+01,-1.057610e-03,2.427790e-02
4.57000,4.924314e+02,7.764480e+01,-1.205330e-03,2.527840e-02
4.57100,4.937797e+02,5.215973e+01,-1.362680e-03,2.624730e-02
4.57200,4.897714e+02,6.252580e+01,-1.528570e-03,2.718300e-02
4.57300,4.868069e+02,8.367487e+01,-1.702300e-03,2.808430e-02
4.57400,4.872653e+02,6.295382e+01,-1.883540e-03,2.894960e-02
4.57500,4.862279e+02,5.692513e+01,-2.071430e-03,2.977730e-02
4.57600,4.856149e+02,5.113285e+01,-2.264650e-03,3.056640e-02
4.57700,4.856670e+02,3.753704e+01,-2.462190e-03,3.131580e-02
4.57800,4.832396e+02,2.077574e+01,-2.662710e-03,3.202400e-02
4.57900,4.813117e+02,3.495469e+01,-2.864420e-03,3.269080e-02
4.58000,4.756338e+02,4.484931e+01,-3.065680e-03,3.331580e-02
4.58100,4.757691e+02,3.221363e+01,-3.266050e-03,3.389860e-02
4.58200,4.737632e+02,2.379981e+01,-3.465660e-03,3.443840e-02
4.58300,4.716394e+02,2.504190e+01,-3.663190e-03,3.493510e-02
4.58400,4.676085e+02,3.025225e+01,-3.857360e-03,3.538890e-02
4.58500,4.673062e+02,3.545937e+01,-4.047500e-03,3.579920e-02
4.58600,4.685729e+02,-3.118641e+00,-4.232240e-03,3.616570e-02
4.58700,4.659701e+02,-3.334801e+00,-4.410460e-03,3.648840e-02
4.58800,4.643151e+02,-1.757904e+00,-4.581390e-03,3.676680e-02
4.58900,4.620547e+02,-2.950153e-02,-4.745220e-03,3.700120e-02
4.59000,4.584891e+02,-9.775613e+00,-4.901140e-03,3.719200e-02
4.59100,4.547883e+02,1.686297e+00,-5.047770e-03,3.733990e-02
4.59200,4.554088e+02,-1.368512e+01,-5.184230e-03,3.744540e-02
4.59300,4.530785e+02,-3.343126e+01,-5.310890e-03,3.750970e-02
4.59400,4.511036e+02,-2.623864e+01,-5.427100e-03,3.753330e-02
4.59500,4.528761e+02,-1.222625e+01,-5.531920e-03,3.751480e-02
4.59600,4.483324e+02,-4.840693e+01,-5.625370e-03,3.745360e-02
4.59700,4.498265e+02,-5.232103e+01,-5.707830e-03,3.735040e-02
4.59800,4.455221e+02,-5.893267e+01,-5.778880e-03,3.720600e-02
4.59900,4.476111e+02,-7.029740e+01,-5.838120e-03,3.702090e-02
4.60000,4.455879e+02,-7.919533e+01,-5.885770e-03,3.679540e-02
4.60100,4.469187e+02,-6.307577e+01,-5.920730e-03,3.653030e-02
4.60200,4.414724e+02,-7.890453e+01,-5.942200e-03,3.622690e-02
4.60300,4.392151e+02,-8.583980e+01,-5.949440e-03,3.588600e-02
4.60400,4.375571e+02,-9.822360e+01,-5.943090e-03,3.550860e-02
4.60500,4.365909e+02,-8.710980e+01,-5.923570e-03,3.509530e-02
4.60600,4.346952e+02,-1.052053e+02,-5.891210e-03,3.464680e-02
4.60700,4.365069e+02,-1.067769e+02,-5.846270e-03,3.416350e-02
4.60800,4.324716e+02,-1.038104e+02,-5.789720e-03,3.364550e-02
4.60900,4.376079e+02,-1.224461e+02,-5.721660e-03,3.309340e-02
4.61000,4.381352e+02,-1.230221e+02,-5.642440e-03,3.250780e-02
4.61100,4.368889e+02,-1.064980e+02,-5.553130e-03,3.188880e-02
4.61200,4.399547e+02,-1.356228e+02,-5.454900e-03,3.123640e-02
4.61300,4.375903e+02,-1.465523e+02,-5.347580e-03,3.055150e-02
4.61400,4.372693e+02,-1.449215e+02,-5.230630e-03,2.983520e-02
4.61500,4.359186e+02,-1.225095e+02,-5.104230e-03,2.908850e-02
4.61600,4.365099e+02,-1.301678e+02,-4.968510e-03,2.831270e-02
4.61700,4.353400e+02,-1.386065e+02,-4.824000e-03,2.750900e-02
4.61800,4.365076e+02,-1.495723e+02,-4.671250e-03,2.667790e-02
4.61900,4.374525e+02,-1.537042e+02,-4.511480e-03,2.581930e-02
4.62000,4.387110e+02,-1.555532e+02,-4.345400e-03,2.493370e-02
4.62100,4.402357e+02,-1.582990e+02,-4.173420e-03,2.402190e-02
4.62200,4.421890e+02,-1.608478e+02,-3.996250e-03,2.308470e-02
4.62300,4.438196e+02,-1.638732e+02,-3.815110e-03,2.212250e-02
4.62400,4.462965e+02,-1.604714e+02,-3.630620e-03,2.113580e-02
4.62500,4.462884e+02,-1.617755e+02,-3.443260e-03,2.012510e-02
4.62600,4.445672e+02,-1.621998e+02,-3.253600e-03,1.909180e-02
4.62700,4.450477e+02,-1.549581e+02,-3.062420e-03,1.803670e-02
4.62800,4.485360e+02,-1.612501e+02,-2.870270e-03,1.696030e-02
4.62900,4.491149e+02,-1.580199e+02,-2.677970e-03,1.586350e-02
4.63000,4.509873e+02,-1.594588e+02,-2.487000e-03,1.474780e-02
4.63100,4.531577e+02,-1.572893e+02,-2.298570e-03,1.361430e-02
4.63200,4.555003e+02,-1.597677e+02,-2.113410e-03,1.246390e-02
4.63300,4.582390e+02,-1.548397e+02,-1.932360e-03,1.129750e-02
4.63400,4.605443e+02,-1.544027e+02,-1.756380e-03,1.011600e-02
4.63500,4.621781e+02,-1.538614e+02,-1.586290e-03,8.920040e-03
4.63600,4.633757e+02,-1.558351e+02,-1.422520e-03,7.710790e-03
4.63700,4.641857e+02,-1.440812e+02,-1.265530e-03,6.489630e-03
4.63800,4.653317e+02,-1.434211e+02,-1.115880e-03,5.258080e-03
4.63900,4.667805e+02,-1.413785e+02,-9.742100e-04,4.017730e-03
4.64000,4.682629e+02,-1.441253e+02,-8.412520e-04,2.770410e-03
4.64100,4.704261e+02,-1.436853e+02,-7.180130e-04,1.517780e-03
4.64200,4.728226e+02,-1.326504e+02,-6.054210e-04,2.611940e-04
4.64300,4.752943e+02,-1.283385e+02,-5.041860e-04,-9.981280e-04
4.64400,4.777907e+02,-1.205117e+02,-4.149290e-04,-2.258790e-03
4.64500,4.799453e+02,-1.197331e+02,-3.384050e-04,-3.519190e-03
4.64600,4.819067e+02,-1.100855e+02,-2.752200e-04,-4.777620e-03
4.64700,4.829686e+02,-1.131971e+02,-2.257220e-04,-6.032510e-03
4.64800,4.836802e+02,-1.057301e+02,-1.901680e-04,-7.281860e-03
4.64900,4.846857e+02,-1.027487e+02,-1.686570e-04,-8.523560e-03
4.65000,4.848995e+02,-9.918173e+01,-1.611330e-04,-9.755480e-03
4.65100,4.862229e+02,-8.730587e+01,-1.675600e-04,-1.097580e-02
4.65200,4.875462e+02,-8.281427e+01,-1.882110e-04,-1.218240e-02
4.65300,4.880192e+02,-8.838120e+01,-2.232240e-04,-1.337320e-02
4.65400,4.897029e+02,-7.040400e+01,-2.726170e-04,-1.454630e-02
4.65500,4.899591e+02,-8.001827e+01,-3.361600e-04,-1.569950e-02
4.65600,4.899537e+02,-8.587393e+01,-4.137520e-04,-1.683120e-02
4.65700,4.915335e+02,-6.518169e+01,-5.049560e-04,-1.793970e-02
4.65800,4.905979e+02,-7.057133e+01,-6.090380e-04,-1.902360e-02
4.65900,4.901333e+02,-5.857062e+01,-7.251610e-04,-2.008130e-02
4.66000,4.885290e+02,-6.076981e+01,-8.524460e-04,-2.111090e-02
4.66100,4.870515e+02,-5.634769e+01,-9.901060e-04,-2.211060e-02
4.66200,4.863823e+02,-4.869977e+01,-1.137440e-03,-2.307900e-02
4.66300,4.859710e+02,-4.713062e+01,-1.294000e-03,-2.401420e-02
4.66400,4.850503e+02,-3.413405e+01,-1.459050e-03,-2.491450e-02
4.66500,4.834872e+02,-4.097299e+01,-1.631390e-03,-2.577870e-02
4.66600,4.822823e+02,-4.438378e+01,-1.810280e-03,-2.660550e-02
4.66700,4.829125e+02,-3.146597e+01,-1.994990e-03,-2.739420e-02
4.66800,4.805049e+02,-2.415729e+01,-2.184340e-03,-2.814390e-02
4.66900,4.788535e+02,-2.451115e+01,-2.376810e-03,-2.885400e-02
4.67000,4.776738e+02,-2.164633e+01,-2.571710e-03,-2.952350e-02
4.67100,4.730133e+02,-2.057685e+01,-2.768170e-03,-3.015180e-02
4.67200,4.718611e+02,-1.580605e+01,-2.964690e-03,-3.073830e-02
4.67300,4.697877e+02,-1.908968e+00,-3.160520e-03,-3.128230e-02
4.67400,4.688759e+02,-1.097623e+01,-3.354600e-03,-3.178340e-02
4.67500,4.671361e+02,9.940460e+00,-3.546080e-03,-3.224130e-02
4.67600,4.649753e+02,1.924085e+01,-3.733460e-03,-3.265590e-02
4.67700,4.630954e+02,1.147621e+01,-3.915510e-03,-3.302730e-02
4.67800,4.608640e+02,1.836967e+01,-4.092110e-03,-3.335570e-02
4.67900,4.556825e+02,1.266452e+01,-4.262380e-03,-3.364070e-02
4.68000,4.557345e+02,4.273217e+00,-4.425830e-03,-3.388300e-02
4.68100,4.537334e+02,2.519533e+01,-4.581310e-03,-3.408290e-02
4.68200,4.559621e+02,3.380687e+01,-4.728850e-03,-3.424060e-02
4.68300,4.511707e+02,2.734523e+01,-4.867670e-03,-3.435650e-02
4.68400,4.499543e+02,4.086627e+01,-4.997080e-03,-3.443110e-02
4.68500,4.467149e+02,3.718676e+01,-5.117180e-03,-3.446480e-02
4.68600,4.475086e+02,4.705165e+01,-5.226830e-03,-3.445640e-02
4.68700,4.466725e+02,6.190056e+01,-5.325700e-03,-3.440510e-02
4.68800,4.421789e+02,5.372425e+01,-5.413030e-03,-3.431260e-02
4.68900,4.389521e+02,7.784833e+01,-5.488470e-03,-3.417940e-02
4.69000,4.397954e+02,7.047447e+01,-5.551890e-03,-3.400650e-02
4.69100,4.381746e+02,8.661073e+01,-5.603110e-03,-3.379470e-02
4.69200,4.359211e+02,7.298633e+01,-5.642590e-03,-3.354460e-02
4.69300,4.373925e+02,9.020340e+01,-5.669640e-03,-3.325700e-02
4.69400,4.337015e+02,8.219653e+01,-5.685010e-03,-3.293220e-02
4.69500,4.365306e+02,9.067780e+01,-5.688150e-03,-3.257100e-02
4.69600,4.346487e+02,9.904007e+01,-5.679430e-03,-3.217370e-02
4.69700,4.359579e+02,8.978020e+01,-5.659090e-03,-3.174060e-02
4.69800,4.370151e+02,1.123907e+02,-5.627010e-03,-3.127250e-02
4.69900,4.342683e+02,1.190772e+02,-5.583400e-03,-3.076980e-02
4.70000,4.330143e+02,1.192333e+02,-5.527810e-03,-3.023330e-02
4.70100,4.308901e+02,1.197583e+02,-5.460660e-03,-2.966370e-02
4.70200,4.315687e+02,1.247973e+02,-5.381990e-03,-2.906180e-02
4.70300,4.301425e+02,1.282437e+02,-5.292930e-03,-2.842800e-02
4.70400,4.301782e+02,1.361840e+02,-5.193690e-03,-2.776310e-02
4.70500,4.298105e+02,1.392295e+02,-5.084620e-03,-2.706770e-02
4.70600,4.312051e+02,1.361986e+02,-4.966760e-03,-2.634220e-02
4.70700,4.327631e+02,1.472145e+02,-4.840510e-03,-2.558730e-02
4.70800,4.338517e+02,1.511043e+02,-4.706890e-03,-2.480360e-02
4.70900,4.343558e+02,1.572983e+02,-4.566330e-03,-2.399100e-02
4.71000,4.337952e+02,1.601594e+02,-4.419280e-03,-2.314990e-02
4.71100,4.349483e+02,1.704495e+02,-4.266090e-03,-2.228060e-02
4.71200,4.361969e+02,1.615885e+02,-4.106820e-03,-2.138450e-02
4.71300,4.365153e+02,1.647977e+02,-3.941960e-03,-2.046260e-02
4.71400,4.363366e+02,1.634107e+02,-3.772090e-03,-1.951620e-02
4.71500,4.375593e+02,1.627491e+02,-3.597930e-03,-1.854610e-02
4.71600,4.395308e+02,1.605151e+02,-3.420120e-03,-1.755300e-02
4.71700,4.402658e+02,1.631877e+02,-3.239390e-03,-1.653750e-02
4.71800,4.421157e+02,1.635893e+02,-3.056920e-03,-1.550010e-02
4.71900,4.441333e+02,1.645150e+02,-2.873410e-03,-1.444080e-02
4.72000,4.465629e+02,1.661942e+02,-2.689690e-03,-1.335980e-02
4.72100,4.486763e+02,1.655231e+02,-2.507060e-03,-1.225820e-02
4.72200,4.500852e+02,1.662516e+02,-2.326330e-03,-1.113720e-02
4.72300,4.523421e+02,1.633593e+02,-2.148240e-03,-9.997710e-03
4.72400,4.547571e+02,1.662633e+02,-1.973450e-03,-8.840870e-03
4.72500,4.548925e+02,1.555063e+02,-1.802740e-03,-7.667870e-03
4.72600,4.568665e+02,1.585689e+02,-1.637070e-03,-6.480020e-03
4.72700,4.579255e+02,1.637469e+02,-1.477370e-03,-5.278600e-03
4.72800,4.604927e+02,1.625569e+02,-1.324360e-03,-4.064920e-03
4.72900,4.632455e+02,1.584944e+02,-1.178840e-03,-2.840230e-03
4.73000,4.657759e+02,1.577551e+02,-1.041690e-03,-1.605850e-03
4.73100,4.683981e+02,1.554837e+02,-9.136790e-04,-3.632030e-04
4.73200,4.709291e+02,1.517113e+02,-7.955810e-04,8.863960e-04
4.73300,4.731031e+02,1.435608e+02,-6.879690e-04,2.141780e-03
4.73400,4.747459e+02,1.386433e+02,-5.912980e-04,3.401800e-03
4.73500,4.765413e+02,1.264468e+02,-5.059940e-04,4.664730e-03
4.73600,4.773677e+02,1.298575e+02,-4.324590e-04,5.928670e-03
4.73700,4.793897e+02,1.262870e+02,-3.711590e-04,7.191430e-03
4.73800,4.799619e+02,1.347560e+02,-3.227990e-04,8.451190e-03
4.73900,4.821551e+02,1.277162e+02,-2.880240e-04,9.706000e-03
4.74000,4.838486e+02,1.241129e+02,-2.671140e-04,1.095400e-02
4.74100,4.861419e+02,1.218089e+02,-2.604740e-04,1.219340e-02
4.74200,4.872615e+02,1.238961e+02,-2.684850e-04,1.342250e-02
4.74300,4.899266e+02,1.102671e+02,-2.913180e-04,1.463970e-02
4.74400,4.909503e+02,1.148196e+02,-3.293810e-04,1.584310e-02
4.74500,4.926023e+02,9.960180e+01,-3.826600e-04,1.703060e-02
4.74600,4.928747e+02,9.787040e+01,-4.504900e-04,1.819970e-02
4.74700,4.925875e+02,9.711767e+01,-5.320600e-04,1.934850e-02
4.74800,4.923727e+02,9.508973e+01,-6.264220e-04,2.047480e-02
4.74900,4.913423e+02,9.211020e+01,-7.329670e-04,2.157680e-02
4.75000,4.916460e+02,8.315153e+01,-8.513660e-04,2.265240e-02
4.75100,4.907517e+02,8.389960e+01,-9.816070e-04,2.370030e-02
4.75200,4.913300e+02,7.769140e+01,-1.122910e-03,2.471840e-02
4.75300,4.912471e+02,7.099433e+01,-1.274900e-03,2.570550e-02
4.75400,4.914111e+02,6.369711e+01,-1.436440e-03,2.666000e-02
4.75500,4.906342e+02,7.128000e+01,-1.606100e-03,2.758050e-02
4.75600,4.901082e+02,5.717775e+01,-1.783010e-03,2.846590e-02
4.75700,4.886147e+02,4.113496e+01,-1.966360e-03,2.931480e-02
4.75800,4.856447e+02,7.330920e+01,-2.155440e-03,3.012620e-02
4.75900,4.849677e+02,4.174833e+01,-2.349170e-03,3.089910e-02
4.76000,4.820036e+02,4.512427e+01,-2.546770e-03,3.163200e-02
4.76100,4.781563e+02,6.954280e+01,-2.747090e-03,3.232400e-02
4.76200,4.796378e+02,3.839602e+01,-2.948520e-03,3.297440e-02
4.76300,4.776730e+02,4.211913e+01,-3.150460e-03,3.358220e-02
4.76400,4.789979e+02,2.128561e+01,-3.352270e-03,3.414680e-02
4.76500,4.768437e+02,2.413495e+01,-3.553020e-03,3.466790e-02
4.76600,4.749171e+02,2.752592e+01,-3.751450e-03,3.514530e-02
4.76700,4.702772e+02,3.267812e+01,-3.945610e-03,3.557950e-02
4.76800,4.673009e+02,1.030894e+01,-4.134290e-03,3.597030e-02
4.76900,4.658089e+02,1.872797e+01,-4.316350e-03,3.631790e-02
4.77000,4.613295e+02,-2.528530e+00,-4.491400e-03,3.662170e-02
4.77100,4.609070e+02,-2.441174e+01,-4.659140e-03,3.688200e-02
4.77200,4.574711e+02,-1.492688e+01,-4.819310e-03,3.709850e-02
4.77300,4.551119e+02,-4.119579e+01,-4.971040e-03,3.727150e-02
4.77400,4.531560e+02,-4.009109e+01,-5.113060e-03,3.740160e-02
4.77500,4.563661e+02,-2.750187e+01,-5.245370e-03,3.748940e-02
4.77600,4.604439e+02,-4.812255e+01,-5.368380e-03,3.753560e-02
4.77700,4.565442e+02,-3.788175e+01,-5.481540e-03,3.754020e-02
4.77800,4.494165e+02,-4.246263e+01,-5.583180e-03,3.750150e-02
4.77900,4.482057e+02,-4.900149e+01,-5.673030e-03,3.742050e-02
4.78000,4.438155e+02,-4.701787e+01,-5.750240e-03,3.729830e-02
4.78100,4.441317e+02,-5.603997e+01,-5.814030e-03,3.713610e-02
4.78200,4.406613e+02,-6.067481e+01,-5.864520e-03,3.693410e-02
4.78300,4.399269e+02,-7.142393e+01,-5.902560e-03,3.669300e-02
4.78400,4.412975e+02,-7.850393e+01,-5.928850e-03,3.641320e-02
4.78500,4.412717e+02,-8.355113e+01,-5.943300e-03,3.609510e-02
4.78600,4.419781e+02,-8.687067e+01,-5.945390e-03,3.573930e-02
4.78700,4.421057e+02,-9.405493e+01,-5.935610e-03,3.534630e-02
4.78800,4.411892e+02,-9.051793e+01,-5.914010e-03,3.491670e-02
4.78900,4.418399e+02,-1.001849e+02,-5.879990e-03,3.445120e-02
4.79000,4.384203e+02,-1.027493e+02,-5.833770e-03,3.395070e-02
4.79100,4.351103e+02,-9.808447e+01,-5.775830e-03,3.341560e-02
4.79200,4.353833e+02,-1.045759e+02,-5.706030e-03,3.284700e-02
4.79300,4.354822e+02,-1.117062e+02,-5.623740e-03,3.224580e-02
4.79400,4.350239e+02,-1.192456e+02,-5.529510e-03,3.161280e-02
4.79500,4.350943e+02,-1.336617e+02,-5.424200e-03,3.094850e-02
4.79600,4.357361e+02,-1.368981e+02,-5.308770e-03,3.025300e-02
4.79700,4.367202e+02,-1.409508e+02,-5.184090e-03,2.952680e-02
4.79800,4.379763e+02,-1.454973e+02,-5.051050e-03,2.877040e-02
4.79900,4.400924e+02,-1.444413e+02,-4.910720e-03,2.798460e-02
4.80000,4.394779e+02,-1.391693e+02,-4.763150e-03,2.716970e-02
4.80100,4.399907e+02,-1.537090e+02,-4.608050e-03,2.632620e-02
4.80200,4.405833e+02,-1.565895e+02,-4.446270e-03,2.545440e-02
4.80300,4.403468e+02,-1.502554e+02,-4.278360e-03,2.455540e-02
4.80400,4.405227e+02,-1.538193e+02,-4.104940e-03,2.363020e-02
4.80500,4.390393e+02,-1.654714e+02,-3.926570e-03,2.268020e-02
4.80600,4.414817e+02,-1.590461e+02,-3.744060e-03,2.170640e-02
4.80700,4.428869e+02,-1.593373e+02,-3.558050e-03,2.070970e-02
4.80800,4.447061e+02,-1.624618e+02,-3.369190e-03,1.969060e-02
4.80900,4.471053e+02,-1.633267e+02,-3.178750e-03,1.864960e-02
4.81000,4.490530e+02,-1.640269e+02,-2.987820e-03,1.758690e-02
4.81100,4.502249e+02,-1.693821e+02,-2.797010e-03,1.650260e-02
4.81200,4.505520e+02,-1.550951e+02,-2.606730e-03,1.539790e-02
4.81300,4.532369e+02,-1.589339e+02,-2.417630e-03,1.427390e-02
4.81400,4.536195e+02,-1.632280e+02,-2.230380e-03,1.313190e-02
4.81500,4.547936e+02,-1.544864e+02,-2.045850e-03,1.197310e-02
4.81600,4.565445e+02,-1.500468e+02,-1.865120e-03,1.079870e-02
4.81700,4.583668e+02,-1.490807e+02,-1.689400e-03,9.609740e-03
4.81800,4.606579e+02,-1.508857e+02,-1.519560e-03,8.407630e-03
4.81900,4.631411e+02,-1.475322e+02,-1.356400e-03,7.193550e-03
4.82000,4.657835e+02,-1.453532e+02,-1.200750e-03,5.968670e-03
4.82100,4.686089e+02,-1.428423e+02,-1.053740e-03,4.734160e-03
4.82200,4.708480e+02,-1.427873e+02,-9.163710e-04,3.491320e-03
4.82300,4.719379e+02,-1.333959e+02,-7.890600e-04,2.241650e-03
4.82400,4.735655e+02,-1.419837e+02,-6.721340e-04,9.864940e-04
4.82500,4.742904e+02,-1.301051e+02,-5.658490e-04,-2.727750e-04
4.82600,4.756235e+02,-1.269126e+02,-4.705300e-04,-1.534470e-03
4.82700,4.766951e+02,-1.170197e+02,-3.866400e-04,-2.796750e-03
4.82800,4.779855e+02,-1.199693e+02,-3.150570e-04,-4.057620e-03
4.82900,4.800887e+02,-1.125927e+02,-2.565640e-04,-5.315040e-03
4.83000,4.818887e+02,-1.090643e+02,-2.115430e-04,-6.567190e-03
4.83100,4.839937e+02,-1.061563e+02,-1.803080e-04,-7.812360e-03
4.83200,4.859186e+02,-1.027719e+02,-1.633610e-04,-9.048870e-03
4.83300,4.876431e+02,-1.018514e+02,-1.611040e-04,-1.027520e-02
4.83400,4.889364e+02,-9.334187e+01,-1.739130e-04,-1.148990e-02
4.83500,4.898536e+02,-7.819353e+01,-2.017290e-04,-1.269100e-02
4.83600,4.892022e+02,-9.289167e+01,-2.440570e-04,-1.387640e-02
4.83700,4.888000e+02,-8.943993e+01,-3.002500e-04,-1.504380e-02
4.83800,4.895433e+02,-6.762147e+01,-3.696570e-04,-1.619090e-02
4.83900,4.889707e+02,-6.877400e+01,-4.519340e-04,-1.731590e-02
4.84000,4.885017e+02,-8.235840e+01,-5.471200e-04,-1.841660e-02
4.84100,4.889383e+02,-7.118240e+01,-6.551060e-04,-1.949110e-02
4.84200,4.897331e+02,-5.889637e+01,-7.754170e-04,-2.053780e-02
4.84300,4.894538e+02,-6.322798e+01,-9.073960e-04,-2.155520e-02
4.84400,4.905665e+02,-4.949251e+01,-1.050120e-03,-2.254170e-02
4.84500,4.886695e+02,-4.631103e+01,-1.202370e-03,-2.349610e-02
4.84600,4.868894e+02,-5.545556e+01,-1.363010e-03,-2.441710e-02
4.84700,4.844629e+02,-4.239205e+01,-1.531240e-03,-2.530340e-02
4.84800,4.827733e+02,-3.145238e+01,-1.706240e-03,-2.615360e-02
4.84900,4.808357e+02,-4.044234e+01,-1.887520e-03,-2.696660e-02
4.85000,4.802039e+02,-2.615595e+01,-2.074330e-03,-2.774150e-02
4.85100,4.782498e+02,-2.046493e+01,-2.265560e-03,-2.847660e-02
4.85200,4.790838e+02,-8.914220e+00,-2.460000e-03,-2.917110e-02
4.85300,4.774904e+02,-1.341676e+01,-2.656100e-03,-2.982440e-02
4.85400,4.747343e+02,-2.090932e+01,-2.852780e-03,-3.043590e-02
4.85500,4.768038e+02,-1.225722e+00,-3.049220e-03,-3.100500e-02
4.85600,4.710867e+02,2.010500e+00,-3.244270e-03,-3.153170e-02
4.85700,4.667751e+02,-5.828579e+00,-3.437080e-03,-3.201560e-02
4.85800,4.636207e+02,-6.704627e+00,-3.627080e-03,-3.245670e-02
4.85900,4.629111e+02,7.060680e+00,-3.813320e-03,-3.285490e-02
4.86000,4.597147e+02,2.564471e+01,-3.994440e-03,-3.320990e-02
4.86100,4.587270e+02,1.168980e+01,-4.169210e-03,-3.352180e-02
4.86200,4.590456e+02,2.361399e+01,-4.337390e-03,-3.379040e-02
4.86300,4.563700e+02,3.051818e+01,-4.498090e-03,-3.401590e-02
4.86400,4.533015e+02,1.940007e+01,-4.650480e-03,-3.419880e-02
4.86500,4.516561e+02,1.169015e+01,-4.794350e-03,-3.433940e-02
4.86600,4.497967e+02,3.107081e+01,-4.929740e-03,-3.443780e-02
4.86700,4.518804e+02,5.167107e+01,-5.056170e-03,-3.449510e-02
4.86800,4.457237e+02,4.261160e+01,-5.172270e-03,-3.451180e-02
4.86900,4.449295e+02,4.782518e+01,-5.277300e-03,-3.448640e-02
4.87000,4.433004e+02,4.647851e+01,-5.371230e-03,-3.441920e-02
4.87100,4.409051e+02,6.421805e+01,-5.453630e-03,-3.431160e-02
4.87200,4.408872e+02,5.697403e+01,-5.524140e-03,-3.416400e-02
4.87300,4.373421e+02,7.013633e+01,-5.583420e-03,-3.397700e-02
4.87400,4.388938e+02,7.106687e+01,-5.631440e-03,-3.375090e-02
4.87500,4.374627e+02,9.929100e+01,-5.667550e-03,-3.348650e-02
4.87600,4.370650e+02,7.372113e+01,-5.690830e-03,-3.318430e-02
4.87700,4.330001e+02,9.813707e+01,-5.701310e-03,-3.284480e-02
4.87800,4.353608e+02,1.053640e+02,-5.699550e-03,-3.246880e-02
4.87900,4.326077e+02,1.008019e+02,-5.685440e-03,-3.205720e-02
4.88000,4.305045e+02,1.151740e+02,-5.659130e-03,-3.161060e-02
4.88100,4.316327e+02,1.028824e+02,-5.621300e-03,-3.112970e-02
4.88200,4.316753e+02,1.170567e+02,-5.572190e-03,-3.061490e-02
4.88300,4.320104e+02,1.238621e+02,-5.511690e-03,-3.006660e-02
4.88400,4.311303e+02,1.279397e+02,-5.440330e-03,-2.948520e-02
4.88500,4.341452e+02,1.273001e+02,-5.358650e-03,-2.887100e-02
4.88600,4.365900e+02,1.338831e+02,-5.267270e-03,-2.822480e-02
4.88700,4.333154e+02,1.339939e+02,-5.166450e-03,-2.754690e-02
4.88800,4.372273e+02,1.443731e+02,-5.056380e-03,-2.683830e-02
4.88900,4.346757e+02,1.274368e+02,-4.937050e-03,-2.609950e-02
4.89000,4.319679e+02,1.510179e+02,-4.809020e-03,-2.533180e-02
4.89100,4.315621e+02,1.442011e+02,-4.672350e-03,-2.453580e-02
4.89200,4.322562e+02,1.425178e+02,-4.527520e-03,-2.371180e-02
4.89300,4.323561e+02,1.574841e+02,-4.375400e-03,-2.286010e-02
4.89400,4.340936e+02,1.643938e+02,-4.216670e-03,-2.198140e-02
4.89500,4.353865e+02,1.627029e+02,-4.052250e-03,-2.107670e-02
4.89600,4.372211e+02,1.678299e+02,-3.883110e-03,-2.014680e-02
4.89700,4.384327e+02,1.678662e+02,-3.710090e-03,-1.919220e-02
4.89800,4.405630e+02,1.664019e+02,-3.533900e-03,-1.821340e-02
4.89900,4.427045e+02,1.730175e+02,-3.355260e-03,-1.721070e-02
4.90000,4.430003e+02,1.612731e+02,-3.174760e-03,-1.618500e-02
4.90100,4.431575e+02,1.658322e+02,-2.992900e-03,-1.513670e-02
4.90200,4.453275e+02,1.589069e+02,-2.810220e-03,-1.406620e-02
4.90300,4.468339e+02,1.686925e+02,-2.627370e-03,-1.297490e-02
4.90400,4.475723e+02,1.635411e+02,-2.445390e-03,-1.186420e-02
4.90500,4.492941e+02,1.693149e+02,-2.265330e-03,-1.073530e-02
4.90600,4.514266e+02,1.686354e+02,-2.088090e-03,-9.589160e-03
4.90700,4.538150e+02,1.671099e+02,-1.914420e-03,-8.426620e-03
4.90800,4.564952e+02,1.656182e+02,-1.745340e-03,-7.248510e-03
4.90900,4.590511e+02,1.641505e+02,-1.581890e-03,-6.055790e-03
4.91000,4.612727e+02,1.603361e+02,-1.424810e-03,-4.849450e-03
4.91100,4.631668e+02,1.536623e+02,-1.274560e-03,-3.630590e-03
4.91200,4.638078e+02,1.669801e+02,-1.131850e-03,-2.400570e-03
4.91300,4.656748e+02,1.585468e+02,-9.972540e-04,-1.160940e-03
4.91400,4.679462e+02,1.469313e+02,-8.714090e-04,8.674210e-05
4.91500,4.697196e+02,1.474907e+02,-7.552000e-04,1.340910e-03
4.91600,4.718629e+02,1.406968e+02,-6.495050e-04,2.600140e-03
4.91700,4.743901e+02,1.370060e+02,-5.552190e-04,3.862900e-03
4.91800,4.768698e+02,1.347097e+02,-4.729340e-04,5.127470e-03
4.91900,4.792421e+02,1.343471e+02,-4.033600e-04,6.391980e-03
4.92000,4.815419e+02,1.293677e+02,-3.471900e-04,7.654630e-03
4.92100,4.837837e+02,1.258691e+02,-3.048630e-04,8.913800e-03
4.92200,4.846929e+02,1.311702e+02,-2.768350e-04,1.016780e-02
4.92300,4.864261e+02,1.189346e+02,-2.633460e-04,1.141470e-02
4.92400,4.865903e+02,1.270465e+02,-2.643970e-04,1.265260e-02
4.92500,4.878239e+02,1.188594e+02,-2.796000e-04,1.387970e-02
4.92600,4.888009e+02,1.073011e+02,-3.086800e-04,1.509390e-02
4.92700,4.892469e+02,1.149165e+02,-3.518480e-04,1.629290e-02
4.92800,4.906155e+02,1.002857e+02,-4.089960e-04,1.747450e-02
4.92900,4.905901e+02,1.044863e+02,-4.800300e-04,1.863640e-02
4.93000,4.928561e+02,8.343433e+01,-5.649790e-04,1.977700e-02
4.93100,4.927119e+02,9.351933e+01,-6.634020e-04,2.089440e-02
4.93200,4.933145e+02,9.335753e+01,-7.748730e-04,2.198710e-02
4.93300,4.919505e+02,1.091435e+02,-8.986610e-04,2.305350e-02
4.93400,4.938009e+02,6.101133e+01,-1.033650e-03,2.409180e-02
4.93500,4.904970e+02,8.455373e+01,-1.179040e-03,2.510040e-02
4.93600,4.914699e+02,5.766623e+01,-1.334280e-03,2.607760e-02
4.93700,4.915209e+02,5.288529e+01,-1.498760e-03,2.702170e-02
4.93800,4.893334e+02,5.318993e+01,-1.671640e-03,2.793070e-02
4.93900,4.893314e+02,3.438193e+01,-1.852230e-03,2.880340e-02
4.94000,4.867949e+02,6.013649e+01,-2.039210e-03,2.963870e-02
4.94100,4.867779e+02,4.284173e+01,-2.231500e-03,3.043560e-02
4.94200,4.853747e+02,4.419884e+01,-2.428040e-03,3.119270e-02
4.94300,4.846901e+02,4.826877e+01,-2.627910e-03,3.190930e-02
4.94400,4.811869e+02,3.420082e+01,-2.829730e-03,3.258460e-02
4.94500,4.780450e+02,4.650165e+01,-3.032360e-03,3.321820e-02
4.94600,4.769603e+02,1.456410e+01,-3.234620e-03,3.380970e-02
4.94700,4.748615e+02,1.992264e+01,-3.435430e-03,3.435860e-02
4.94800,4.713118e+02,1.761077e+01,-3.633830e-03,3.486440e-02
4.94900,4.675987e+02,2.111023e+01,-3.828980e-03,3.532670e-02
4.95000,4.696629e+02,1.275509e+01,-4.020310e-03,3.574510e-02
4.95100,4.680293e+02,7.127887e-02,-4.206770e-03,3.611950e-02
4.95200,4.665965e+02,1.704928e+01,-4.387150e-03,3.644970e-02
4.95300,4.647929e+02,-2.419652e+00,-4.560530e-03,3.673590e-02
4.95400,4.591715e+02,5.400539e+00,-4.726160e-03,3.697870e-02
4.95500,4.578713e+02,-1.917302e+01,-4.883280e-03,3.717830e-02
4.95600,4.558633e+02,-2.622850e+01,-5.031110e-03,3.733510e-02
4.95700,4.555589e+02,-8.847827e+00,-5.169690e-03,3.744940e-02
4.95800,4.544303e+02,-2.484257e+01,-5.298830e-03,3.752190e-02
4.95900,4.521736e+02,-4.701323e+01,-5.417940e-03,3.755320e-02
4.96000,4.544531e+02,-4.769432e+01,-5.525910e-03,3.754200e-02
4.96100,4.508754e+02,-4.112957e+01,-5.622630e-03,3.748730e-02
4.96200,4.514621e+02,-5.570848e+01,-5.707830e-03,3.739040e-02
4.96300,4.487424e+02,-6.519102e+01,-5.781790e-03,3.725180e-02
4.96400,4.460558e+02,-7.147880e+01,-5.843810e-03,3.707250e-02
4.96500,4.487082e+02,-8.154587e+01,-5.893180e-03,3.685350e-02
4.96600,4.417461e+02,-6.692673e+01,-5.928860e-03,3.659550e-02
4.96700,4.358754e+02,-6.078236e+01,-5.950600e-03,3.629970e-02
4.96800,4.390805e+02,-7.128500e+01,-5.958840e-03,3.596620e-02
4.96900,4.382338e+02,-8.999633e+01,-5.954030e-03,3.559610e-02
4.97000,4.363005e+02,-1.017867e+02,-5.936700e-03,3.518980e-02
4.97100,4.387428e+02,-1.032905e+02,-5.906870e-03,3.474800e-02
4.97200,4.383864e+02,-1.051789e+02,-5.865120e-03,3.427090e-02
4.97300,4.384296e+02,-1.140010e+02,-5.811780e-03,3.375900e-02
4.97400,4.393046e+02,-1.012574e+02,-5.747380e-03,3.321230e-02
4.97500,4.413077e+02,-9.672813e+01,-5.672930e-03,3.263130e-02
4.97600,4.393768e+02,-1.346973e+02,-5.588650e-03,3.201650e-02
4.97700,4.382140e+02,-1.330498e+02,-5.494070e-03,3.136890e-02
4.97800,4.337211e+02,-1.141201e+02,-5.388970e-03,3.068940e-02
4.97900,4.376032e+02,-1.325573e+02,-5.273250e-03,2.997920e-02
4.98000,4.356484e+02,-1.285169e+02,-5.147500e-03,2.923880e-02
4.98100,4.355073e+02,-1.456845e+02,-5.012340e-03,2.846940e-02
4.98200,4.348447e+02,-1.368751e+02,-4.868450e-03,2.767190e-02
4.98300,4.369042e+02,-1.477747e+02,-4.716510e-03,2.684670e-02
4.98400,4.383239e+02,-1.502239e+02,-4.557130e-03,2.599340e-02
4.98500,4.397841e+02,-1.529558e+02,-4.390930e-03,2.511250e-02
4.98600,4.411714e+02,-1.578525e+02,-4.218690e-03,2.420470e-02
4.98700,4.424554e+02,-1.649904e+02,-4.041630e-03,2.327080e-02
4.98800,4.447035e+02,-1.690949e+02,-3.860510e-03,2.231160e-02
4.98900,4.433734e+02,-1.656771e+02,-3.675680e-03,2.132810e-02
4.99000,4.446119e+02,-1.616943e+02,-3.487910e-03,2.032080e-02
4.99100,4.432509e+02,-1.616802e+02,-3.297930e-03,1.929090e-02
4.99200,4.451993e+02,-1.667981e+02,-3.106700e-03,1.823910e-02
4.99300,4.479015e+02,-1.644572e+02,-2.914810e-03,1.716580e-02
4.99400,4.497463e+02,-1.639733e+02,-2.723230e-03,1.607180e-02
4.99500,4.519803e+02,-1.633939e+02,-2.532990e-03,1.495850e-02
4.99600,4.539926e+02,-1.629849e+02,-2.345070e-03,1.382710e-02
4.99700,4.565247e+02,-1.651785e+02,-2.160110e-03,1.267830e-02
4.99800,4.585121e+02,-1.677965e+02,-1.978680e-03,1.151320e-02
4.99900,4.593467e+02,-1.578299e+02,-1.801610e-03,1.033260e-02
5.00000,4.605223e+02,-1.517842e+02,-1.629550e-03,9.137530e-03
5.00100,4.623037e+02,-1.441685e+02,-1.463080e-03,7.929240e-03
5.00200,4.628642e+02,-1.510473e+02,-1.302850e-03,6.709110e-03
5.00300,4.647260e+02,-1.476227e+02,-1.149840e-03,5.478600e-03
5.00400,4.667936e+02,-1.445297e+02,-1.004890e-03,4.239190e-03
5.00500,4.691399e+02,-1.409934e+02,-8.690050e-04,2.992480e-03
5.00600,4.713510e+02,-1.390479e+02,-7.430910e-04,1.740020e-03
5.00700,4.736491e+02,-1.361171e+02,-6.279120e-04,4.829310e-04
5.00800,4.759799e+02,-1.270898e+02,-5.243250e-04,-7.776600e-04
5.00900,4.776076e+02,-1.292171e+02,-4.328610e-04,-2.040290e-03
5.01000,4.793129e+02,-1.232129e+02,-3.539930e-04,-3.303230e-03
5.01100,4.801877e+02,-1.280383e+02,-2.882740e-04,-4.564520e-03
5.01200,4.816297e+02,-1.283431e+02,-2.360850e-04,-5.822100e-03
5.01300,4.824311e+02,-1.148219e+02,-1.975860e-04,-7.074260e-03
5.01400,4.843643e+02,-1.040906e+02,-1.729860e-04,-8.318770e-03
5.01500,4.853178e+02,-1.019380e+02,-1.625020e-04,-9.553700e-03
5.01600,4.868792e+02,-9.421613e+01,-1.663600e-04,-1.077720e-02
5.01700,4.877209e+02,-9.445300e+01,-1.846660e-04,-1.198750e-02
5.01800,4.890831e+02,-8.656513e+01,-2.174450e-04,-1.318270e-02
5.01900,4.891515e+02,-9.609147e+01,-2.647340e-04,-1.436080e-02
5.02000,4.905463e+02,-6.976933e+01,-3.261870e-04,-1.551990e-02
5.02100,4.910671e+02,-6.870367e+01,-4.014350e-04,-1.665810e-02
5.02200,4.899657e+02,-7.865780e+01,-4.900140e-04,-1.777380e-02
5.02300,4.890762e+02,-7.510393e+01,-5.912750e-04,-1.886520e-02
5.02400,4.893031e+02,-6.804867e+01,-7.045290e-04,-1.993040e-02
5.02500,4.885208e+02,-5.569718e+01,-8.291460e-04,-2.096770e-02
5.02600,4.881914e+02,-6.194080e+01,-9.647030e-04,-2.197520e-02
5.02700,4.860309e+02,-7.269753e+01,-1.110640e-03,-2.295110e-02
5.02800,4.874222e+02,-4.498605e+01,-1.266070e-03,-2.389400e-02
5.02900,4.860674e+02,-5.904691e+01,-1.429850e-03,-2.480230e-02
5.03000,4.840875e+02,-5.693309e+01,-1.601240e-03,-2.567470e-02
5.03100,4.840485e+02,-4.471723e+01,-1.779370e-03,-2.651040e-02
5.03200,4.824199e+02,-3.274627e+01,-1.963390e-03,-2.730820e-02
5.03300,4.802719e+02,-4.403621e+01,-2.152190e-03,-2.806720e-02
5.03400,4.785993e+02,-2.730930e+01,-2.345000e-03,-2.878660e-02
5.03500,4.765107e+02,-2.586037e+01,-2.540360e-03,-2.946510e-02
5.03600,4.734525e+02,-2.426570e+01,-2.737020e-03,-3.010240e-02
5.03700,4.735550e+02,-1.665442e+01,-2.934050e-03,-3.069770e-02
5.03800,4.716916e+02,-6.626825e+00,-3.130710e-03,-3.125040e-02
5.03900,4.706657e+02,5.243301e+00,-3.325910e-03,-3.176000e-02
5.04000,4.660594e+02,-4.782591e+00,-3.518290e-03,-3.222660e-02
5.04100,4.618442e+02,-2.670211e+01,-3.706870e-03,-3.265020e-02
5.04200,4.613261e+02,7.332853e-01,-3.890240e-03,-3.303100e-02
5.04300,4.605272e+02,9.822120e+00,-4.067810e-03,-3.336870e-02
5.04400,4.584663e+02,2.011891e+01,-4.239620e-03,-3.366330e-02
5.04500,4.579018e+02,3.145985e+01,-4.405210e-03,-3.391490e-02
5.04600,4.543431e+02,1.985098e+01,-4.563840e-03,-3.412370e-02
5.04700,4.542757e+02,4.178488e+01,-4.714180e-03,-3.429000e-02
5.04800,4.509851e+02,1.143133e+01,-4.855330e-03,-3.441400e-02
5.04900,4.511054e+02,4.958063e+01,-4.987090e-03,-3.449620e-02
5.05000,4.487867e+02,4.998984e+01,-5.108970e-03,-3.453750e-02
5.05100,4.427834e+02,3.767053e+01,-5.220970e-03,-3.453710e-02
5.05200,4.443533e+02,4.717972e+01,-5.322350e-03,-3.449390e-02
5.05300,4.443071e+02,7.170020e+01,-5.412730e-03,-3.440890e-02
5.05400,4.423619e+02,7.611273e+01,-5.491230e-03,-3.428350e-02
5.05500,4.406647e+02,8.997640e+01,-5.556880e-03,-3.411860e-02
5.05600,4.375945e+02,6.839053e+01,-5.610210e-03,-3.391510e-02
5.05700,4.377782e+02,8.190300e+01,-5.651270e-03,-3.367330e-02
5.05800,4.364257e+02,8.445827e+01,-5.680650e-03,-3.339380e-02
5.05900,4.356619e+02,9.574480e+01,-5.698560e-03,-3.307680e-02
5.06000,4.364774e+02,8.887773e+01,-5.704820e-03,-3.272280e-02
5.06100,4.349671e+02,9.990327e+01,-5.699150e-03,-3.233230e-02
5.06200,4.347632e+02,1.127708e+02,-5.681030e-03,-3.190610e-02
5.06300,4.308135e+02,9.219933e+01,-5.650740e-03,-3.144470e-02
5.06400,4.327061e+02,1.161548e+02,-5.608960e-03,-3.094880e-02
5.06500,4.283349e+02,1.118316e+02,-5.556280e-03,-3.041880e-02
5.06600,4.316665e+02,1.189081e+02,-5.492910e-03,-2.985560e-02
5.06700,4.314108e+02,1.184357e+02,-5.418450e-03,-2.925980e-02
5.06800,4.286523e+02,1.209439e+02,-5.332690e-03,-2.863200e-02
5.06900,4.297908e+02,1.238777e+02,-5.235830e-03,-2.797280e-02
5.07000,4.304066e+02,1.449802e+02,-5.128600e-03,-2.728290e-02
5.07100,4.315961e+02,1.448315e+02,-5.012050e-03,-2.656270e-02
5.07200,4.336179e+02,1.542957e+02,-4.887280e-03,-2.581260e-02
5.07300,4.317379e+02,1.553585e+02,-4.754750e-03,-2.503360e-02
5.07400,4.335151e+02,1.562032e+02,-4.614530e-03,-2.422630e-02
5.07500,4.350805e+02,1.495330e+02,-4.466810e-03,-2.339050e-02
5.07600,4.352575e+02,1.477757e+02,-4.312320e-03,-2.252670e-02
5.07700,4.369062e+02,1.392113e+02,-4.152310e-03,-2.163600e-02
5.07800,4.383816e+02,1.535430e+02,-3.987710e-03,-2.071900e-02
5.07900,4.375155e+02,1.650892e+02,-3.818940e-03,-1.977690e-02
5.08000,4.379751e+02,1.656402e+02,-3.646070e-03,-1.881060e-02
5.08100,4.388089e+02,1.610748e+02,-3.469390e-03,-1.782100e-02
5.08200,4.406235e+02,1.701157e+02,-3.289140e-03,-1.680870e-02
5.08300,4.415051e+02,1.712911e+02,-3.106730e-03,-1.577420e-02
5.08400,4.431565e+02,1.693407e+02,-2.923360e-03,-1.471760e-02
5.08500,4.451872e+02,1.674229e+02,-2.739820e-03,-1.363910e-02
5.08600,4.473099e+02,1.648649e+02,-2.556940e-03,-1.253990e-02
5.08700,4.495380e+02,1.661145e+02,-2.375410e-03,-1.142140e-02
5.08800,4.521994e+02,1.656248e+02,-2.195940e-03,-1.028460e-02
5.08900,4.540112e+02,1.618633e+02,-2.019420e-03,-9.130490e-03
5.09000,4.555396e+02,1.644979e+02,-1.846990e-03,-7.960080e-03
5.09100,4.570613e+02,1.646491e+02,-1.679650e-03,-6.774500e-03
5.09200,4.587299e+02,1.585316e+02,-1.518180e-03,-5.574830e-03
5.09300,4.603662e+02,1.606801e+02,-1.363060e-03,-4.362250e-03
5.09400,4.623295e+02,1.611473e+02,-1.214890e-03,-3.137940e-03
5.09500,4.648065e+02,1.593839e+02,-1.074640e-03,-1.903300e-03
5.09600,4.674845e+02,1.558103e+02,-9.433670e-04,-6.599510e-04
5.09700,4.700367e+02,1.519835e+02,-8.219710e-04,5.905420e-04
5.09800,4.725135e+02,1.437646e+02,-7.112140e-04,1.846900e-03
5.09900,4.736689e+02,1.476928e+02,-6.115780e-04,3.107830e-03
5.10000,4.764102e+02,1.283544e+02,-5.233570e-04,4.371870e-03
5.10100,4.778780e+02,1.396805e+02,-4.470290e-04,5.637240e-03
5.10200,4.790989e+02,1.327490e+02,-3.831470e-04,6.902080e-03
5.10300,4.807931e+02,1.351698e+02,-3.323390e-04,8.164520e-03
5.10400,4.818773e+02,1.293553e+02,-2.951720e-04,9.422740e-03
5.10500,4.841629e+02,1.180214e+02,-2.718330e-04,1.067480e-02
5.10600,4.856415e+02,1.268703e+02,-2.624920e-04,1.191870e-02
5.10700,4.875381e+02,1.188154e+02,-2.674390e-04,1.315280e-02
5.10800,4.883546e+02,1.191839e+02,-2.870660e-04,1.437530e-02
5.10900,4.907705e+02,1.084189e+02,-3.215530e-04,1.558420e-02
5.11000,4.918133e+02,1.001007e+02,-3.709870e-04,1.677720e-02
5.11100,4.928255e+02,9.362193e+01,-4.349850e-04,1.795240e-02
5.11200,4.922011e+02,1.051557e+02,-5.130650e-04,1.910740e-02
5.11300,4.926648e+02,9.403120e+01,-6.043920e-04,2.024040e-02
5.11400,4.932257e+02,7.396913e+01,-7.083480e-04,2.134940e-02
5.11500,4.921552e+02,7.544267e+01,-8.245500e-04,2.243280e-02
5.11600,4.925351e+02,6.664619e+01,-9.524690e-04,2.348880e-02
5.11700,4.914869e+02,7.050067e+01,-1.091440e-03,2.451550e-02
5.11800,4.916444e+02,7.687107e+01,-1.240970e-03,2.551160e-02
5.11900,4.909715e+02,8.399853e+01,-1.400640e-03,2.647510e-02
5.12000,4.906297e+02,7.713273e+01,-1.569380e-03,2.740480e-02
5.12100,4.895710e+02,7.385527e+01,-1.746230e-03,2.829910e-02
5.12200,4.891089e+02,5.738009e+01,-1.930310e-03,2.915690e-02
5.12300,4.864845e+02,6.041395e+01,-2.119750e-03,2.997720e-02
5.12400,4.861403e+02,4.625093e+01,-2.313430e-03,3.075880e-02
5.12500,4.827863e+02,4.987762e+01,-2.510760e-03,3.150090e-02
5.12600,4.810062e+02,4.209251e+01,-2.710930e-03,3.220210e-02
5.12700,4.788557e+02,3.501637e+01,-2.913210e-03,3.286170e-02
5.12800,4.758541e+02,4.424296e+01,-3.116340e-03,3.347880e-02
5.12900,4.775935e+02,1.889087e+01,-3.318960e-03,3.405320e-02
5.13000,4.755948e+02,1.967240e+01,-3.519730e-03,3.458420e-02
5.13100,4.743263e+02,1.276033e+01,-3.717830e-03,3.507170e-02
5.13200,4.695055e+02,2.170871e+01,-3.911330e-03,3.551580e-02
5.13300,4.674300e+02,1.598264e+01,-4.099490e-03,3.591650e-02
5.13400,4.631856e+02,2.702104e+01,-4.282070e-03,3.627320e-02
5.13500,4.618071e+02,3.871029e+00,-4.458450e-03,3.658640e-02
5.13600,4.623645e+02,-2.849042e+01,-4.628110e-03,3.685570e-02
5.13700,4.575866e+02,-1.580918e+00,-4.790030e-03,3.708120e-02
5.13800,4.591138e+02,-5.977195e+00,-4.943740e-03,3.726360e-02
5.13900,4.579957e+02,-1.446974e+01,-5.088440e-03,3.740290e-02
5.14000,4.576373e+02,-3.389547e+01,-5.224220e-03,3.749950e-02
5.14100,4.576309e+02,-3.812649e+01,-5.351420e-03,3.755420e-02
5.14200,4.563755e+02,-4.461648e+01,-5.470070e-03,3.756680e-02
5.14300,4.521035e+02,-4.223401e+01,-5.578020e-03,3.753570e-02
5.14400,4.497337e+02,-4.414927e+01,-5.672820e-03,3.746240e-02
5.14500,4.457234e+02,-5.417346e+01,-5.753460e-03,3.734810e-02
5.14600,4.422295e+02,-3.586389e+01,-5.820090e-03,3.719380e-02
5.14700,4.444509e+02,-7.286313e+01,-5.872920e-03,3.700020e-02
5.14800,4.395135e+02,-6.134563e+01,-5.912720e-03,3.676750e-02
5.14900,4.393835e+02,-7.103700e+01,-5.940210e-03,3.649620e-02
5.15000,4.403806e+02,-8.352527e+01,-5.954900e-03,3.618690e-02
5.15100,4.400657e+02,-8.540440e+01,-5.956360e-03,3.584020e-02
5.15200,4.416281e+02,-9.087447e+01,-5.945290e-03,3.545630e-02
5.15300,4.435265e+02,-9.741380e+01,-5.923470e-03,3.503520e-02
5.15400,4.424959e+02,-1.060771e+02,-5.891610e-03,3.457740e-02
5.15500,4.407480e+02,-1.029753e+02,-5.849730e-03,3.408360e-02
5.15600,4.392654e+02,-1.042817e+02,-5.797110e-03,3.355460e-02
5.15700,4.359714e+02,-9.762600e+01,-5.732470e-03,3.299160e-02
5.15800,4.349883e+02,-1.060684e+02,-5.655040e-03,3.239580e-02
5.15900,4.357531e+02,-1.261570e+02,-5.564770e-03,3.176820e-02
5.16000,4.333449e+02,-1.239089e+02,-5.463240e-03,3.110940e-02
5.16100,4.347269e+02,-1.314221e+02,-5.351590e-03,3.041960e-02
5.16200,4.337332e+02,-1.378702e+02,-5.230170e-03,2.969960e-02
5.16300,4.358105e+02,-1.391068e+02,-5.098690e-03,2.895000e-02
5.16400,4.371499e+02,-1.457725e+02,-4.958100e-03,2.817150e-02
5.16500,4.390957e+02,-1.486216e+02,-4.809530e-03,2.736430e-02
5.16600,4.409021e+02,-1.526977e+02,-4.653860e-03,2.652810e-02
5.16700,4.411445e+02,-1.450655e+02,-4.492440e-03,2.566290e-02
5.16800,4.412367e+02,-1.586516e+02,-4.325900e-03,2.476950e-02
5.16900,4.406513e+02,-1.575409e+02,-4.154040e-03,2.384930e-02
5.17000,4.419350e+02,-1.539769e+02,-3.976340e-03,2.290400e-02
5.17100,4.408795e+02,-1.564681e+02,-3.793360e-03,2.193450e-02
5.17200,4.427943e+02,-1.582585e+02,-3.606680e-03,2.094180e-02
5.17300,4.436445e+02,-1.587848e+02,-3.417950e-03,1.992640e-02
5.17400,4.445019e+02,-1.619007e+02,-3.227850e-03,1.888930e-02
5.17500,4.471379e+02,-1.658742e+02,-3.036760e-03,1.783100e-02
5.17600,4.496609e+02,-1.617184e+02,-2.845290e-03,1.675140e-02
5.17700,4.522515e+02,-1.625450e+02,-2.654360e-03,1.565150e-02
5.17800,4.542187e+02,-1.633359e+02,-2.465130e-03,1.453230e-02
5.17900,4.555407e+02,-1.596462e+02,-2.278580e-03,1.339440e-02
5.18000,4.563040e+02,-1.576092e+02,-2.095510e-03,1.223900e-02
5.18100,4.571637e+02,-1.542761e+02,-1.915930e-03,1.106720e-02
5.18200,4.571809e+02,-1.608419e+02,-1.739930e-03,9.880690e-03
5.18300,4.596350e+02,-1.472183e+02,-1.568200e-03,8.680580e-03
5.18400,4.612449e+02,-1.434933e+02,-1.402190e-03,7.468120e-03
5.18500,4.635407e+02,-1.472287e+02,-1.243430e-03,6.244530e-03
5.18600,4.661601e+02,-1.438937e+02,-1.093200e-03,5.011080e-03
5.18700,4.685621e+02,-1.439598e+02,-9.520950e-04,3.769210e-03
5.18800,4.717727e+02,-1.433404e+02,-8.206320e-04,2.520310e-03
5.18900,4.734927e+02,-1.483196e+02,-6.993830e-04,1.265510e-03
5.19000,4.754539e+02,-1.370907e+02,-5.890040e-04,5.943900e-06
5.19100,4.768775e+02,-1.266623e+02,-4.904170e-04,-1.256880e-03
5.19200,4.775473e+02,-1.232362e+02,-4.040590e-04,-2.521060e-03
5.19300,4.785809e+02,-1.284660e+02,-3.304160e-04,-3.784500e-03
5.19400,4.794237e+02,-1.182803e+02,-2.695180e-04,-5.045000e-03
5.19500,4.806119e+02,-1.205271e+02,-2.216100e-04,-6.300700e-03
5.19600,4.826957e+02,-1.127711e+02,-1.870580e-04,-7.549640e-03
5.19700,4.846909e+02,-1.079709e+02,-1.665950e-04,-8.789940e-03
5.19800,4.866663e+02,-1.030585e+02,-1.609420e-04,-1.001990e-02
5.19900,4.879902e+02,-9.997740e+01,-1.703260e-04,-1.123820e-02
5.20000,4.896329e+02,-9.117453e+01,-1.947570e-04,-1.244310e-02
5.20100,4.893189e+02,-1.117044e+02,-2.341880e-04,-1.363290e-02
5.20200,4.901545e+02,-9.284287e+01,-2.879080e-04,-1.480550e-02
5.20300,4.898172e+02,-8.604320e+01,-3.550930e-04,-1.595880e-02
5.20400,4.892235e+02,-7.968040e+01,-4.352570e-04,-1.709080e-02
5.20500,4.883591e+02,-7.184553e+01,-5.280520e-04,-1.819920e-02
5.20600,4.880997e+02,-7.441807e+01,-6.331870e-04,-1.928220e-02
5.20700,4.889522e+02,-6.309179e+01,-7.503320e-04,-2.033770e-02
5.20800,4.886373e+02,-5.346623e+01,-8.790650e-04,-2.136420e-02
5.20900,4.884541e+02,-5.998634e+01,-1.018630e-03,-2.236000e-02
5.21000,4.888549e+02,-5.032423e+01,-1.168320e-03,-2.332380e-02
5.21100,4.880608e+02,-4.492997e+01,-1.327420e-03,-2.425400e-02
5.21200,4.869071e+02,-4.571860e+01,-1.494710e-03,-2.514930e-02
5.21300,4.850561e+02,-3.469117e+01,-1.669070e-03,-2.600880e-02
5.21400,4.818646e+02,-3.282440e+01,-1.849500e-03,-2.683140e-02
5.21500,4.808912e+02,-4.508478e+01,-2.035240e-03,-2.761600e-02
5.21600,4.788248e+02,-2.922200e+01,-2.225650e-03,-2.836140e-02
5.21700,4.769771e+02,-3.361537e+01,-2.419860e-03,-2.906640e-02
5.21800,4.755117e+02,-2.325780e+01,-2.616850e-03,-2.973030e-02
5.21900,4.757225e+02,-1.385451e+01,-2.815090e-03,-3.035220e-02
5.22000,4.737283e+02,-9.706353e+00,-3.013270e-03,-3.093180e-02
5.22100,4.724286e+02,6.635821e-01,-3.209820e-03,-3.146870e-02
5.22200,4.691032e+02,-1.244849e+01,-3.403610e-03,-3.196290e-02
5.22300,4.650099e+02,-6.127207e+00,-3.594120e-03,-3.241460e-02
5.22400,4.639923e+02,1.267666e+00,-3.780820e-03,-3.282330e-02
5.22500,4.604156e+02,1.930541e+01,-3.962800e-03,-3.318930e-02
5.22600,4.593747e+02,1.709823e+01,-4.139300e-03,-3.351180e-02
5.22700,4.582471e+02,7.678027e+00,-4.309360e-03,-3.379120e-02
5.22800,4.560777e+02,-6.914973e-01,-4.471930e-03,-3.402720e-02
5.22900,4.570393e+02,4.163536e+01,-4.626560e-03,-3.422000e-02
5.23000,4.518289e+02,4.925532e+01,-4.773070e-03,-3.436980e-02
5.23100,4.516327e+02,2.157274e+01,-4.911740e-03,-3.447690e-02
5.23200,4.502869e+02,4.281841e+01,-5.041800e-03,-3.454230e-02
5.23300,4.473866e+02,3.120318e+01,-5.162470e-03,-3.456690e-02
5.23400,4.460727e+02,4.914961e+01,-5.271940e-03,-3.454920e-02
5.23500,4.433525e+02,6.110322e+01,-5.368860e-03,-3.448980e-02
5.23600,4.413788e+02,4.218294e+01,-5.452940e-03,-3.439000e-02
5.23700,4.382913e+02,6.495659e+01,-5.524820e-03,-3.425060e-02
5.23800,4.385103e+02,7.473553e+01,-5.585090e-03,-3.407210e-02
5.23900,4.375893e+02,8.059560e+01,-5.633780e-03,-3.385500e-02
5.24000,4.371854e+02,8.859033e+01,-5.670240e-03,-3.359950e-02
5.24100,4.370252e+02,8.065780e+01,-5.694500e-03,-3.330630e-02
5.24200,4.366133e+02,8.418780e+01,-5.706760e-03,-3.297540e-02
5.24300,4.356943e+02,9.684133e+01,-5.707360e-03,-3.260740e-02
5.24400,4.378461e+02,9.509360e+01,-5.696850e-03,-3.220250e-02
5.24500,4.349124e+02,1.086430e+02,-5.675740e-03,-3.176160e-02
5.24600,4.338491e+02,1.291619e+02,-5.643560e-03,-3.128550e-02
5.24700,4.339326e+02,1.386471e+02,-5.599450e-03,-3.077540e-02
5.24800,4.305507e+02,1.327009e+02,-5.543020e-03,-3.023210e-02
5.24900,4.333032e+02,1.338694e+02,-5.474330e-03,-2.965630e-02
5.25000,4.268323e+02,1.067191e+02,-5.394480e-03,-2.904840e-02
5.25100,4.302805e+02,1.239273e+02,-5.304110e-03,-2.840910e-02
5.25200,4.296298e+02,1.378473e+02,-5.203790e-03,-2.773860e-02
5.25300,4.309331e+02,1.422119e+02,-5.093780e-03,-2.703750e-02
5.25400,4.319258e+02,1.437811e+02,-4.974230e-03,-2.630610e-02
5.25500,4.332365e+02,1.535843e+02,-4.845800e-03,-2.554530e-02
5.25600,4.343079e+02,1.471285e+02,-4.709340e-03,-2.475570e-02
5.25700,4.370015e+02,1.397467e+02,-4.565860e-03,-2.393750e-02
5.25800,4.343373e+02,1.607559e+02,-4.416040e-03,-2.309050e-02
5.25900,4.337471e+02,1.632664e+02,-4.260340e-03,-2.221590e-02
5.26000,4.359070e+02,1.692105e+02,-4.098830e-03,-2.131470e-02
5.26100,4.362790e+02,1.541234e+02,-3.931700e-03,-2.038800e-02
5.26200,4.367870e+02,1.670481e+02,-3.759620e-03,-1.943690e-02
5.26300,4.385593e+02,1.694081e+02,-3.583460e-03,-1.846190e-02
5.26400,4.394652e+02,1.676907e+02,-3.404310e-03,-1.746340e-02
5.26500,4.410235e+02,1.716467e+02,-3.223040e-03,-1.644210e-02
5.26600,4.430461e+02,1.686089e+02,-3.040560e-03,-1.539850e-02
5.26700,4.446938e+02,1.715757e+02,-2.857480e-03,-1.433260e-02
5.26800,4.466502e+02,1.742999e+02,-2.674220e-03,-1.324510e-02
5.26900,4.489219e+02,1.713833e+02,-2.491640e-03,-1.213750e-02
5.27000,4.509014e+02,1.657901e+02,-2.310980e-03,-1.101090e-02
5.27100,4.524361e+02,1.636441e+02,-2.133280e-03,-9.866410e-03
5.27200,4.549411e+02,1.599316e+02,-1.959060e-03,-8.705200e-03
5.27300,4.552492e+02,1.574315e+02,-1.788850e-03,-7.528230e-03
5.27400,4.572267e+02,1.630774e+02,-1.623410e-03,-6.336660e-03
5.27500,4.590141e+02,1.621513e+02,-1.463540e-03,-5.131600e-03
5.27600,4.612757e+02,1.612053e+02,-1.310040e-03,-3.914100e-03
5.27700,4.638315e+02,1.590301e+02,-1.164040e-03,-2.685360e-03
5.27800,4.661867e+02,1.594557e+02,-1.026840e-03,-1.446710e-03
5.27900,4.687085e+02,1.568095e+02,-8.990600e-04,-1.997170e-04
5.28000,4.704679e+02,1.505566e+02,-7.810250e-04,1.054180e-03
5.28100,4.729033e+02,1.472095e+02,-6.733010e-04,2.313670e-03
5.28200,4.746838e+02,1.473448e+02,-5.767610e-04,3.577380e-03
5.28300,4.764795e+02,1.364505e+02,-4.922020e-04,4.843590e-03
5.28400,4.784890e+02,1.310155e+02,-4.201880e-04,6.110430e-03
5.28500,4.795588e+02,1.384465e+02,-3.612960e-04,7.375790e-03
5.28600,4.815740e+02,1.313917e+02,-3.157670e-04,8.637840e-03
5.28700,4.836583e+02,1.229579e+02,-2.837820e-04,9.894850e-03
5.28800,4.856884e+02,1.210464e+02,-2.656240e-04,1.114490e-02
5.28900,4.872638e+02,1.202266e+02,-2.617930e-04,1.238620e-02
5.29000,4.890416e+02,1.106079e+02,-2.729100e-04,1.361700e-02
5.29100,4.899885e+02,1.188918e+02,-2.990310e-04,1.483570e-02
5.29200,4.911375e+02,1.019630e+02,-3.400380e-04,1.604000e-02
5.29300,4.912208e+02,1.169064e+02,-3.954260e-04,1.722780e-02
5.29400,4.921893e+02,1.114011e+02,-4.646820e-04,1.839680e-02
5.29500,4.913574e+02,1.071600e+02,-5.473920e-04,1.954490e-02
5.29600,4.924116e+02,9.728987e+01,-6.431550e-04,2.067020e-02
5.29700,4.919273e+02,8.212993e+01,-7.515890e-04,2.177080e-02
5.29800,4.918544e+02,8.883480e+01,-8.720790e-04,2.284510e-02
5.29900,4.922426e+02,8.214527e+01,-1.004310e-03,2.389140e-02
5.30000,4.904735e+02,8.573640e+01,-1.147240e-03,2.490800e-02
5.30100,4.924728e+02,6.973053e+01,-1.300140e-03,2.589350e-02
5.30200,4.905368e+02,8.407460e+01,-1.462910e-03,2.684580e-02
5.30300,4.905509e+02,6.251175e+01,-1.634720e-03,2.776370e-02
5.30400,4.901915e+02,6.374651e+01,-1.814670e-03,2.864560e-02
5.30500,4.876417e+02,5.795757e+01,-2.001290e-03,2.949040e-02
5.30600,4.869595e+02,4.570925e+01,-2.193100e-03,3.029690e-02
5.30700,4.815003e+02,7.701653e+01,-2.389140e-03,3.106420e-02
5.30800,4.818390e+02,4.147523e+01,-2.588240e-03,3.179140e-02
5.30900,4.807906e+02,4.915647e+01,-2.789750e-03,3.247690e-02
5.31000,4.786707e+02,5.139486e+01,-2.993320e-03,3.312020e-02
5.31100,4.797103e+02,1.725282e+01,-3.197720e-03,3.372100e-02
5.31200,4.775530e+02,1.397177e+01,-3.401290e-03,3.427870e-02
5.31300,4.754541e+02,1.412339e+01,-3.602460e-03,3.479320e-02
5.31400,4.735929e+02,2.620073e+01,-3.799570e-03,3.526450e-02
5.31500,4.673195e+02,2.125957e+01,-3.991510e-03,3.569260e-02
5.31600,4.672765e+02,5.383965e+00,-4.177580e-03,3.607720e-02
5.31700,4.637481e+02,5.047018e+00,-4.357960e-03,3.641800e-02
5.31800,4.619337e+02,4.501703e+00,-4.532050e-03,3.671480e-02
5.31900,4.611666e+02,1.605507e+01,-4.699370e-03,3.696770e-02
5.32000,4.586847e+02,-2.561369e+01,-4.858360e-03,3.717700e-02
5.32100,4.560084e+02,-2.180806e+01,-5.007880e-03,3.734330e-02
5.32200,4.584745e+02,-2.114481e+01,-5.148410e-03,3.746670e-02
5.32300,4.547509e+02,-3.319283e+00,-5.280010e-03,3.754770e-02
5.32400,4.534219e+02,-2.681713e+01,-5.402620e-03,3.758730e-02
5.32500,4.494731e+02,-3.729696e+01,-5.515780e-03,3.758430e-02
5.32600,4.462593e+02,-1.611259e+01,-5.617670e-03,3.753770e-02
5.32700,4.472846e+02,-5.234709e+01,-5.706810e-03,3.744920e-02
5.32800,4.476922e+02,-4.237106e+01,-5.782180e-03,3.731980e-02
5.32900,4.441620e+02,-6.840767e+01,-5.844400e-03,3.715020e-02
5.33000,4.442618e+02,-6.066071e+01,-5.894200e-03,3.694080e-02
5.33100,4.435946e+02,-6.193341e+01,-5.931850e-03,3.669240e-02
5.33200,4.389951e+02,-8.117700e+01,-5.956970e-03,3.640570e-02
5.33300,4.410530e+02,-7.646173e+01,-5.969200e-03,3.608120e-02
5.33400,4.383171e+02,-7.580720e+01,-5.968530e-03,3.571940e-02
5.33500,4.411421e+02,-9.938727e+01,-5.954910e-03,3.532050e-02
5.33600,4.379721e+02,-1.078801e+02,-5.929050e-03,3.488530e-02
5.33700,4.394305e+02,-9.926433e+01,-5.891890e-03,3.441440e-02
5.33800,4.381063e+02,-1.160165e+02,-5.843640e-03,3.390840e-02
5.33900,4.366708e+02,-1.187054e+02,-5.783510e-03,3.336780e-02
5.34000,4.362974e+02,-1.155175e+02,-5.711110e-03,3.279380e-02
5.34100,4.370294e+02,-1.150163e+02,-5.626790e-03,3.218690e-02
5.34200,4.397379e+02,-1.104157e+02,-5.531480e-03,3.154770e-02
5.34300,4.358862e+02,-1.334808e+02,-5.425980e-03,3.087680e-02
5.34400,4.359064e+02,-1.268859e+02,-5.311020e-03,3.017490e-02
5.34500,4.369632e+02,-1.308223e+02,-5.186970e-03,2.944250e-02
5.34600,4.375461e+02,-1.432249e+02,-5.054080e-03,2.868030e-02
5.34700,4.385759e+02,-1.491905e+02,-4.912310e-03,2.788930e-02
5.34800,4.379367e+02,-1.557739e+02,-4.762450e-03,2.707010e-02
5.34900,4.383827e+02,-1.479985e+02,-4.605550e-03,2.622240e-02
5.35000,4.415739e+02,-1.680191e+02,-4.442140e-03,2.534670e-02
5.35100,4.399233e+02,-1.525435e+02,-4.272850e-03,2.444390e-02
5.35200,4.410099e+02,-1.689281e+02,-4.097970e-03,2.351510e-02
5.35300,4.411741e+02,-1.572632e+02,-3.918120e-03,2.256140e-02
5.35400,4.437248e+02,-1.563816e+02,-3.733990e-03,2.158370e-02
5.35500,4.440331e+02,-1.628633e+02,-3.546560e-03,2.058290e-02
5.35600,4.447722e+02,-1.701611e+02,-3.357070e-03,1.955950e-02
5.35700,4.471750e+02,-1.593729e+02,-3.166220e-03,1.851410e-02
5.35800,4.481220e+02,-1.668448e+02,-2.974790e-03,1.744690e-02
5.35900,4.503797e+02,-1.507099e+02,-2.783020e-03,1.635820e-02
5.36000,4.517504e+02,-1.595271e+02,-2.592170e-03,1.524960e-02
5.36100,4.541488e+02,-1.563979e+02,-2.402790e-03,1.412200e-02
5.36200,4.544905e+02,-1.609715e+02,-2.215470e-03,1.297660e-02
5.36300,4.559947e+02,-1.588743e+02,-2.031330e-03,1.181460e-02
5.36400,4.580947e+02,-1.624648e+02,-1.851280e-03,1.063710e-02
5.36500,4.588581e+02,-1.556087e+02,-1.676170e-03,9.445250e-03
5.36600,4.604673e+02,-1.590677e+02,-1.506660e-03,8.240220e-03
5.36700,4.636622e+02,-1.569185e+02,-1.343910e-03,7.023100e-03
5.36800,4.654829e+02,-1.487943e+02,-1.188710e-03,5.795180e-03
5.36900,4.676057e+02,-1.486717e+02,-1.041910e-03,4.557700e-03
5.37000,4.700557e+02,-1.432564e+02,-9.044110e-04,3.312110e-03
5.37100,4.718836e+02,-1.392029e+02,-7.769760e-04,2.059830e-03
5.37200,4.733555e+02,-1.378929e+02,-6.602380e-04,8.021570e-04
5.37300,4.750163e+02,-1.281033e+02,-5.546000e-04,-4.595330e-04
5.37400,4.764549e+02,-1.330551e+02,-4.605160e-04,-1.723610e-03
5.37500,4.781815e+02,-1.193129e+02,-3.785810e-04,-2.988140e-03
5.37600,4.792855e+02,-1.159855e+02,-3.092560e-04,-4.251220e-03
5.37700,4.811887e+02,-1.129970e+02,-2.530080e-04,-5.510820e-03
5.37800,4.821168e+02,-1.151551e+02,-2.101920e-04,-6.765140e-03
5.37900,4.846029e+02,-9.586593e+01,-1.812750e-04,-8.012210e-03
5.38000,4.858411e+02,-9.906120e+01,-1.663810e-04,-9.250240e-03
5.38100,4.870283e+02,-9.648327e+01,-1.658870e-04,-1.047770e-02
5.38200,4.875991e+02,-1.062857e+02,-1.798630e-04,-1.169290e-02
5.38300,4.885611e+02,-8.991427e+01,-2.084170e-04,-1.289400e-02
5.38400,4.901558e+02,-7.836707e+01,-2.514880e-04,-1.407890e-02
5.38500,4.899284e+02,-8.450380e+01,-3.090170e-04,-1.524530e-02
5.38600,4.904691e+02,-6.750307e+01,-3.801940e-04,-1.639120e-02
5.38700,4.893445e+02,-7.688527e+01,-4.646010e-04,-1.751480e-02
5.38800,4.892765e+02,-7.389987e+01,-5.620670e-04,-1.861400e-02
5.38900,4.895587e+02,-6.629696e+01,-6.721290e-04,-1.968710e-02
5.39000,4.896241e+02,-6.410717e+01,-7.942430e-04,-2.073260e-02
5.39100,4.895491e+02,-5.179470e+01,-9.279790e-04,-2.174860e-02
5.39200,4.889219e+02,-6.162557e+01,-1.072920e-03,-2.273360e-02
5.39300,4.882569e+02,-5.696887e+01,-1.227840e-03,-2.368620e-02
5.39400,4.862140e+02,-4.983237e+01,-1.391130e-03,-2.460480e-02
5.39500,4.859055e+02,-4.345703e+01,-1.561590e-03,-2.548820e-02
5.39600,4.832028e+02,-5.050825e+01,-1.738680e-03,-2.633510e-02
5.39700,4.816877e+02,-3.860443e+01,-1.921690e-03,-2.714450e-02
5.39800,4.812350e+02,-2.794587e+01,-2.109780e-03,-2.791540e-02
5.39900,4.781967e+02,-2.721423e+01,-2.302160e-03,-2.864640e-02
5.40000,4.774801e+02,-2.117089e+01,-2.497390e-03,-2.933670e-02
5.40100,4.751540e+02,-2.366583e+01,-2.694330e-03,-2.998540e-02
5.40200,4.742674e+02,-1.207121e+01,-2.891500e-03,-3.059230e-02
5.40300,4.726916e+02,-6.050588e+00,-3.087910e-03,-3.115680e-02
5.40400,4.702611e+02,-1.441167e+01,-3.282990e-03,-3.167860e-02
5.40500,4.658221e+02,-6.758460e+00,-3.475380e-03,-3.215760e-02
5.40600,4.654185e+02,-5.947643e+00,-3.664630e-03,-3.259370e-02
5.40700,4.618158e+02,1.389729e+01,-3.849830e-03,-3.298690e-02
5.40800,4.604461e+02,7.912653e-01,-4.030360e-03,-3.333680e-02
5.40900,4.587349e+02,6.584290e+00,-4.205280e-03,-3.364350e-02
5.41000,4.594153e+02,3.172485e+01,-4.373690e-03,-3.390680e-02
5.41100,4.582322e+02,3.327461e+01,-4.535170e-03,-3.412680e-02
5.41200,4.558644e+02,3.824197e+01,-4.688880e-03,-3.430400e-02
5.41300,4.500902e+02,3.875167e+01,-4.833990e-03,-3.443870e-02
5.41400,4.473347e+02,3.013137e+01,-4.969550e-03,-3.453160e-02
5.41500,4.472411e+02,4.258571e+01,-5.095260e-03,-3.458380e-02
5.41600,4.440867e+02,3.895268e+01,-5.210130e-03,-3.459510e-02
5.41700,4.434399e+02,4.261547e+01,-5.313610e-03,-3.456400e-02
5.41800,4.427350e+02,6.647166e+01,-5.405860e-03,-3.449120e-02
5.41900,4.388998e+02,7.010747e+01,-5.486240e-03,-3.437750e-02
5.42000,4.401941e+02,6.206179e+01,-5.554720e-03,-3.422420e-02
5.42100,4.417505e+02,6.789507e+01,-5.611600e-03,-3.403160e-02
5.42200,4.396068e+02,8.075467e+01,-5.656860e-03,-3.379990e-02
5.42300,4.381785e+02,8.687580e+01,-5.690760e-03,-3.352990e-02
5.42400,4.391928e+02,8.325947e+01,-5.713320e-03,-3.322170e-02
5.42500,4.362592e+02,9.632133e+01,-5.724220e-03,-3.287620e-02
5.42600,4.339187e+02,1.090565e+02,-5.722360e-03,-3.249410e-02
5.42700,4.281780e+02,8.415220e+01,-5.707180e-03,-3.207630e-02
5.42800,4.291854e+02,9.791053e+01,-5.679190e-03,-3.162370e-02
5.42900,4.293154e+02,1.145339e+02,-5.639090e-03,-3.113700e-02
5.43000,4.306951e+02,1.199020e+02,-5.587830e-03,-3.061660e-02
5.43100,4.308525e+02,1.223408e+02,-5.525510e-03,-3.006310e-02
5.43200,4.317750e+02,1.251089e+02,-5.452590e-03,-2.947690e-02
5.43300,4.328151e+02,1.295669e+02,-5.369450e-03,-2.885820e-02
5.43400,4.309406e+02,1.224417e+02,-5.276430e-03,-2.820750e-02
5.43500,4.340459e+02,1.439218e+02,-5.173880e-03,-2.752520e-02
5.43600,4.334719e+02,1.455896e+02,-5.062580e-03,-2.681170e-02
5.43700,4.330799e+02,1.447607e+02,-4.942580e-03,-2.606770e-02
5.43800,4.323287e+02,1.428809e+02,-4.813680e-03,-2.529450e-02
5.43900,4.358190e+02,1.451318e+02,-4.675820e-03,-2.449310e-02
5.44000,4.306667e+02,1.462789e+02,-4.529310e-03,-2.366370e-02
5.44100,4.328540e+02,1.589742e+02,-4.374880e-03,-2.280680e-02
5.44200,4.332215e+02,1.585263e+02,-4.213900e-03,-2.192320e-02
5.44300,4.348259e+02,1.586472e+02,-4.047540e-03,-2.101380e-02
5.44400,4.366087e+02,1.630237e+02,-3.876590e-03,-2.007950e-02
5.44500,4.393539e+02,1.644605e+02,-3.702030e-03,-1.912080e-02
5.44600,4.409639e+02,1.645078e+02,-3.524740e-03,-1.813790e-02
5.44700,4.433132e+02,1.681600e+02,-3.345280e-03,-1.713100e-02
5.44800,4.459131e+02,1.747373e+02,-3.164410e-03,-1.610080e-02
5.44900,4.461104e+02,1.668347e+02,-2.982600e-03,-1.504770e-02
5.45000,4.453261e+02,1.701079e+02,-2.800160e-03,-1.397210e-02
5.45100,4.457401e+02,1.721547e+02,-2.617520e-03,-1.287540e-02
5.45200,4.466547e+02,1.675507e+02,-2.435230e-03,-1.175930e-02
5.45300,4.495001e+02,1.624554e+02,-2.254580e-03,-1.062530e-02
5.45400,4.518875e+02,1.598391e+02,-2.076720e-03,-9.474340e-03
5.45500,4.538221e+02,1.639269e+02,-1.902670e-03,-8.307430e-03
5.45600,4.569941e+02,1.637182e+02,-1.733410e-03,-7.125330e-03
5.45700,4.596057e+02,1.648027e+02,-1.569970e-03,-5.928840e-03
5.45800,4.627642e+02,1.625724e+02,-1.412980e-03,-4.718800e-03
5.45900,4.641103e+02,1.615677e+02,-1.262790e-03,-3.496100e-03
5.46000,4.659789e+02,1.565671e+02,-1.120220e-03,-2.262010e-03
5.46100,4.666929e+02,1.563195e+02,-9.858700e-04,-1.018200e-03
5.46200,4.678786e+02,1.524191e+02,-8.604170e-04,2.335610e-04
5.46300,4.696079e+02,1.501345e+02,-7.446010e-04,1.491680e-03
5.46400,4.716073e+02,1.456579e+02,-6.393490e-04,2.754590e-03
5.46500,4.740567e+02,1.420363e+02,-5.455930e-04,4.020660e-03
5.46600,4.769760e+02,1.360362e+02,-4.640610e-04,5.288100e-03
5.46700,4.797229e+02,1.339727e+02,-3.954600e-04,6.555020e-03
5.46800,4.827924e+02,1.293859e+02,-3.407700e-04,7.819700e-03
5.46900,4.841725e+02,1.464330e+02,-3.005130e-04,9.080590e-03
5.47000,4.864622e+02,1.272851e+02,-2.748140e-04,1.033620e-02
5.47100,4.878085e+02,1.179328e+02,-2.637860e-04,1.158490e-02
5.47200,4.888855e+02,1.012735e+02,-2.671770e-04,1.282460e-02
5.47300,4.878849e+02,1.211019e+02,-2.845460e-04,1.405360e-02
5.47400,4.886174e+02,1.138297e+02,-3.155850e-04,1.526970e-02
5.47500,4.898356e+02,9.759993e+01,-3.604410e-04,1.647000e-02
5.47600,4.897753e+02,1.062124e+02,-4.191650e-04,1.765250e-02
5.47700,4.909478e+02,9.850947e+01,-4.916130e-04,1.881490e-02
5.47800,4.934833e+02,8.507280e+01,-5.777000e-04,1.995500e-02
5.47900,4.929980e+02,9.356473e+01,-6.772790e-04,2.107160e-02
5.48000,4.942866e+02,8.560427e+01,-7.901500e-04,2.216290e-02
5.48100,4.953695e+02,7.221513e+01,-9.159710e-04,2.322760e-02
5.48200,4.946536e+02,7.366193e+01,-1.053780e-03,2.426410e-02
5.48300,4.925167e+02,8.104307e+01,-1.202160e-03,2.527110e-02
5.48400,4.920565e+02,6.099367e+01,-1.359810e-03,2.624650e-02
5.48500,4.890979e+02,6.673307e+01,-1.526060e-03,2.718850e-02
5.48600,4.881821e+02,5.543307e+01,-1.700120e-03,2.809540e-02
5.48700,4.882995e+02,5.952185e+01,-1.881590e-03,2.896560e-02
5.48800,4.840429e+02,7.920227e+01,-2.069680e-03,2.979780e-02
5.48900,4.851127e+02,4.792195e+01,-2.263220e-03,3.059080e-02
5.49000,4.858321e+02,2.703459e+01,-2.460970e-03,3.134360e-02
5.49100,4.849586e+02,4.468935e+01,-2.661990e-03,3.205550e-02
5.49200,4.840433e+02,4.216216e+01,-2.865580e-03,3.272570e-02
5.49300,4.804319e+02,4.133206e+01,-3.070410e-03,3.335390e-02
5.49400,4.770186e+02,4.877406e+01,-3.274510e-03,3.394000e-02
5.49500,4.734372e+02,2.379347e+01,-3.476190e-03,3.448370e-02
5.49600,4.715159e+02,2.039901e+01,-3.674870e-03,3.498470e-02
5.49700,4.687851e+02,1.052445e+01,-3.869830e-03,3.544240e-02
5.49800,4.692339e+02,1.256901e+01,-4.059990e-03,3.585630e-02
5.49900,4.660335e+02,3.826797e+00,-4.244850e-03,3.622610e-02
5.50000,4.629637e+02,4.302553e+00,-4.423870e-03,3.655150e-02
5.50100,4.664721e+02,-3.324637e+00,-4.595930e-03,3.683280e-02
5.50200,4.641851e+02,-1.338927e+01,-4.760670e-03,3.707010e-02
5.50300,4.592105e+02,5.448272e+00,-4.917850e-03,3.726370e-02
5.50400,4.581899e+02,-1.238445e+01,-5.067500e-03,3.741390e-02
5.50500,4.596976e+02,-3.885141e+01,-5.207540e-03,3.752180e-02
5.50600,4.553247e+02,-3.899517e+01,-5.336380e-03,3.758810e-02
5.50700,4.496271e+02,-1.886535e+01,-5.453800e-03,3.761360e-02
5.50800,4.500689e+02,-4.593937e+01,-5.559700e-03,3.759640e-02
5.50900,4.504693e+02,-5.822622e+01,-5.653900e-03,3.753630e-02
5.51000,4.471954e+02,-5.004427e+01,-5.736190e-03,3.743420e-02
5.51100,4.465746e+02,-5.917919e+01,-5.806900e-03,3.729100e-02
5.51200,4.470699e+02,-6.889747e+01,-5.865850e-03,3.710730e-02
5.51300,4.468585e+02,-7.684147e+01,-5.912230e-03,3.688380e-02
5.51400,4.483585e+02,-9.613247e+01,-5.946310e-03,3.662100e-02
5.51500,4.452599e+02,-8.651733e+01,-5.969030e-03,3.631950e-02
5.51600,4.426607e+02,-8.989373e+01,-5.980200e-03,3.597980e-02
5.51700,4.453535e+02,-9.210300e+01,-5.978520e-03,3.560290e-02
5.51800,4.383791e+02,-1.018746e+02,-5.963140e-03,3.518990e-02
5.51900,4.359687e+02,-9.625660e+01,-5.933930e-03,3.474190e-02
5.52000,4.369923e+02,-1.074567e+02,-5.891670e-03,3.425920e-02
5.52100,4.368946e+02,-1.079366e+02,-5.836870e-03,3.374190e-02
5.52200,4.366097e+02,-1.071201e+02,-5.769530e-03,3.319090e-02
5.52300,4.327735e+02,-1.266966e+02,-5.690580e-03,3.260670e-02
5.52400,4.374190e+02,-1.221018e+02,-5.600650e-03,3.198950e-02
5.52500,4.382778e+02,-1.216243e+02,-5.500480e-03,3.133970e-02
5.52600,4.380511e+02,-1.301525e+02,-5.390800e-03,3.065790e-02
5.52700,4.423585e+02,-1.414247e+02,-5.272300e-03,2.994440e-02
5.52800,4.384879e+02,-1.376544e+02,-5.145520e-03,2.920000e-02
5.52900,4.386015e+02,-1.370969e+02,-5.010160e-03,2.842600e-02
5.53000,4.381537e+02,-1.427923e+02,-4.866130e-03,2.762350e-02
5.53100,4.376476e+02,-1.426828e+02,-4.713920e-03,2.679280e-02
5.53200,4.389679e+02,-1.527979e+02,-4.554430e-03,2.593390e-02
5.53300,4.378375e+02,-1.564755e+02,-4.389050e-03,2.504760e-02
5.53400,4.413964e+02,-1.553349e+02,-4.217680e-03,2.413520e-02
5.53500,4.406408e+02,-1.540927e+02,-4.041060e-03,2.319780e-02
5.53600,4.407117e+02,-1.659789e+02,-3.860100e-03,2.223620e-02
5.53700,4.443537e+02,-1.645130e+02,-3.675430e-03,2.125100e-02
5.53800,4.455075e+02,-1.724103e+02,-3.488070e-03,2.024210e-02
5.53900,4.479488e+02,-1.641305e+02,-3.298690e-03,1.921050e-02
5.54000,4.473808e+02,-1.647639e+02,-3.107930e-03,1.815650e-02
5.54100,4.472001e+02,-1.611051e+02,-2.915880e-03,1.708050e-02
5.54200,4.477614e+02,-1.626854e+02,-2.722900e-03,1.598330e-02
5.54300,4.499729e+02,-1.605058e+02,-2.530130e-03,1.486670e-02
5.54400,4.522611e+02,-1.654055e+02,-2.339090e-03,1.373160e-02
5.54500,4.542327e+02,-1.586020e+02,-2.151120e-03,1.257920e-02
5.54600,4.566005e+02,-1.556256e+02,-1.967180e-03,1.141060e-02
5.54700,4.592431e+02,-1.513636e+02,-1.788160e-03,1.022700e-02
5.54800,4.620029e+02,-1.503692e+02,-1.614930e-03,9.029360e-03
5.54900,4.643024e+02,-1.501802e+02,-1.448480e-03,7.818510e-03
5.55000,4.659178e+02,-1.475085e+02,-1.289560e-03,6.595610e-03
5.55100,4.675945e+02,-1.492125e+02,-1.138780e-03,5.361950e-03
5.55200,4.683460e+02,-1.468873e+02,-9.965720e-04,4.119130e-03
5.55300,4.688198e+02,-1.447005e+02,-8.633030e-04,2.868940e-03
5.55400,4.706611e+02,-1.314223e+02,-7.394140e-04,1.612960e-03
5.55500,4.729116e+02,-1.312622e+02,-6.255270e-04,3.524780e-04
5.55600,4.745938e+02,-1.253666e+02,-5.225760e-04,-9.110510e-04
5.55700,4.765787e+02,-1.223553e+02,-4.314040e-04,-2.175910e-03
5.55800,4.787566e+02,-1.187217e+02,-3.527250e-04,-3.440250e-03
5.55900,4.809049e+02,-1.160395e+02,-2.870620e-04,-4.702260e-03
5.56000,4.829282e+02,-1.142047e+02,-2.349270e-04,-5.960410e-03
5.56100,4.847140e+02,-1.066282e+02,-1.968210e-04,-7.213110e-03
5.56200,4.857644e+02,-1.074683e+02,-1.731430e-04,-8.458680e-03
5.56300,4.859551e+02,-1.169442e+02,-1.640360e-04,-9.695220e-03
5.56400,4.874096e+02,-9.368527e+01,-1.693310e-04,-1.092090e-02
5.56500,4.878851e+02,-8.729493e+01,-1.889020e-04,-1.213370e-02
5.56600,4.880379e+02,-9.222967e+01,-2.225420e-04,-1.333140e-02
5.56700,4.887853e+02,-8.732947e+01,-2.703120e-04,-1.451170e-02
5.56800,4.895727e+02,-8.086673e+01,-3.322650e-04,-1.567220e-02
5.56900,4.885609e+02,-9.809607e+01,-4.081360e-04,-1.681090e-02
5.57000,4.907126e+02,-7.259107e+01,-4.977330e-04,-1.792620e-02
5.57100,4.913799e+02,-6.128633e+01,-6.004760e-04,-1.901630e-02
5.57200,4.911375e+02,-5.132055e+01,-7.157660e-04,-2.007990e-02
5.57300,4.900325e+02,-6.806040e+01,-8.428390e-04,-2.111530e-02
5.57400,4.872707e+02,-7.384153e+01,-9.806980e-04,-2.212130e-02
5.57500,4.876326e+02,-5.666252e+01,-1.128540e-03,-2.309630e-02
5.57600,4.886560e+02,-3.605345e+01,-1.285900e-03,-2.403840e-02
5.57700,4.855011e+02,-6.043597e+01,-1.452110e-03,-2.494600e-02
5.57800,4.851524e+02,-4.562499e+01,-1.625640e-03,-2.581770e-02
5.57900,4.830505e+02,-3.598857e+01,-1.806300e-03,-2.665210e-02
5.58000,4.831799e+02,-3.305739e+01,-1.992540e-03,-2.744850e-02
5.58100,4.802462e+02,-2.818049e+01,-2.183180e-03,-2.820590e-02
5.58200,4.802673e+02,-2.801126e+01,-2.377110e-03,-2.892310e-02
5.58300,4.763637e+02,-2.310158e+01,-2.573330e-03,-2.959930e-02
5.58400,4.753046e+02,-2.513311e+01,-2.770330e-03,-3.023420e-02
5.58500,4.716650e+02,-2.547733e+01,-2.967330e-03,-3.082730e-02
5.58600,4.698405e+02,-1.777027e+01,-3.163590e-03,-3.137790e-02
5.58700,4.680807e+02,-1.340867e+01,-3.357820e-03,-3.188570e-02
5.58800,4.661284e+02,-8.497067e+00,-3.549780e-03,-3.235040e-02
5.58900,4.659555e+02,8.993760e+00,-3.738390e-03,-3.277190e-02
5.59000,4.627529e+02,3.510447e+00,-3.922950e-03,-3.314970e-02
5.59100,4.599275e+02,-3.286398e+00,-4.102420e-03,-3.348360e-02
5.59200,4.603069e+02,1.580501e+01,-4.275450e-03,-3.377410e-02
5.59300,4.580661e+02,2.729546e+01,-4.441160e-03,-3.402140e-02
5.59400,4.556186e+02,7.520967e+00,-4.599050e-03,-3.422580e-02
5.59500,4.526757e+02,3.339102e+01,-4.748820e-03,-3.438790e-02
5.59600,4.460160e+02,1.226343e+01,-4.889920e-03,-3.450790e-02
5.59700,4.488927e+02,3.309640e+01,-5.022280e-03,-3.458670e-02
5.59800,4.508734e+02,3.982462e+01,-5.145080e-03,-3.462510e-02
5.59900,4.452327e+02,3.993857e+01,-5.256910e-03,-3.462220e-02
5.60000,4.421173e+02,5.486474e+01,-5.357290e-03,-3.457700e-02
5.60100,4.434317e+02,5.432797e+01,-5.446350e-03,-3.449020e-02
5.60200,4.447155e+02,6.715613e+01,-5.524100e-03,-3.436230e-02
5.60300,4.426715e+02,7.962127e+01,-5.590380e-03,-3.419410e-02
5.60400,4.358437e+02,8.575833e+01,-5.644830e-03,-3.398640e-02
5.60500,4.378709e+02,6.828267e+01,-5.686410e-03,-3.374000e-02
5.60600,4.359019e+02,8.403013e+01,-5.714750e-03,-3.345580e-02
5.60700,4.360073e+02,1.120653e+02,-5.730030e-03,-3.313440e-02
5.60800,4.313688e+02,7.132160e+01,-5.732770e-03,-3.277660e-02
5.60900,4.326483e+02,1.017317e+02,-5.723710e-03,-3.238280e-02
5.61000,4.331125e+02,1.061907e+02,-5.703200e-03,-3.195380e-02
5.61100,4.336125e+02,1.117247e+02,-5.671440e-03,-3.149000e-02
5.61200,4.350400e+02,1.218637e+02,-5.628890e-03,-3.099180e-02
5.61300,4.344654e+02,1.154035e+02,-5.575510e-03,-3.045930e-02
5.61400,4.347093e+02,1.204009e+02,-5.511460e-03,-2.989280e-02
5.61500,4.347338e+02,1.137988e+02,-5.437200e-03,-2.929330e-02
5.61600,4.324156e+02,1.261836e+02,-5.352720e-03,-2.866140e-02
5.61700,4.310619e+02,1.382743e+02,-5.258000e-03,-2.799800e-02
5.61800,4.316366e+02,1.272334e+02,-5.152790e-03,-2.730390e-02
5.61900,4.333017e+02,1.325354e+02,-5.037550e-03,-2.657950e-02
5.62000,4.301655e+02,1.291818e+02,-4.912410e-03,-2.582570e-02
5.62100,4.297493e+02,1.436643e+02,-4.778080e-03,-2.504370e-02
5.62200,4.312928e+02,1.394709e+02,-4.635180e-03,-2.423360e-02
5.62300,4.330918e+02,1.476709e+02,-4.484450e-03,-2.339570e-02
5.62400,4.345285e+02,1.531179e+02,-4.326980e-03,-2.252990e-02
5.62500,4.354136e+02,1.553299e+02,-4.163830e-03,-2.163700e-02
5.62600,4.361564e+02,1.560153e+02,-3.995810e-03,-2.071760e-02
5.62700,4.387193e+02,1.652421e+02,-3.823660e-03,-1.977270e-02
5.62800,4.400880e+02,1.695153e+02,-3.648220e-03,-1.880290e-02
5.62900,4.408232e+02,1.694077e+02,-3.470030e-03,-1.780910e-02
5.63000,4.411514e+02,1.754415e+02,-3.289630e-03,-1.679210e-02
5.63100,4.424611e+02,1.671362e+02,-3.107810e-03,-1.575290e-02
5.63200,4.441777e+02,1.694760e+02,-2.925230e-03,-1.469180e-02
5.63300,4.456595e+02,1.654561e+02,-2.742460e-03,-1.360940e-02
5.63400,4.472437e+02,1.626774e+02,-2.560230e-03,-1.250700e-02
5.63500,4.498203e+02,1.652961e+02,-2.379310e-03,-1.138570e-02
5.63600,4.518570e+02,1.626796e+02,-2.200620e-03,-1.024640e-02
5.63700,4.531963e+02,1.704190e+02,-2.024790e-03,-9.089650e-03
5.63800,4.550873e+02,1.673129e+02,-1.852480e-03,-7.916400e-03
5.63900,4.573944e+02,1.630035e+02,-1.684610e-03,-6.727600e-03
5.64000,4.600127e+02,1.679176e+02,-1.522090e-03,-5.524510e-03
5.64100,4.603107e+02,1.641157e+02,-1.365480e-03,-4.308370e-03
5.64200,4.623073e+02,1.588349e+02,-1.215680e-03,-3.080400e-03
5.64300,4.646325e+02,1.577367e+02,-1.073760e-03,-1.842060e-03
5.64400,4.678039e+02,1.602932e+02,-9.408800e-04,-5.949220e-04
5.64500,4.695518e+02,1.536077e+02,-8.178900e-04,6.594140e-04
5.64600,4.720971e+02,1.501707e+02,-7.055700e-04,1.919460e-03
5.64700,4.750831e+02,1.432437e+02,-6.048640e-04,3.183940e-03
5.64800,4.762468e+02,1.470097e+02,-5.164480e-04,4.451380e-03
5.64900,4.790794e+02,1.415329e+02,-4.406060e-04,5.720060e-03
5.65000,4.803055e+02,1.360079e+02,-3.779260e-04,6.988180e-03
5.65100,4.816039e+02,1.379319e+02,-3.287980e-04,8.253730e-03
5.65200,4.836119e+02,1.326908e+02,-2.934930e-04,9.514900e-03
5.65300,4.845044e+02,1.251722e+02,-2.721960e-04,1.076980e-02
5.65400,4.854476e+02,1.274323e+02,-2.650760e-04,1.201620e-02
5.65500,4.879334e+02,1.181268e+02,-2.721400e-04,1.325240e-02
5.65600,4.894159e+02,1.048252e+02,-2.935840e-04,1.447660e-02
5.65700,4.900957e+02,1.163571e+02,-3.293470e-04,1.568680e-02
5.65800,4.902402e+02,1.268129e+02,-3.793020e-04,1.688100e-02
5.65900,4.926473e+02,9.685087e+01,-4.435990e-04,1.805710e-02
5.66000,4.933481e+02,9.624413e+01,-5.218900e-04,1.921320e-02
5.66100,4.917929e+02,1.006059e+02,-6.134040e-04,2.034750e-02
5.66200,4.929822e+02,7.747473e+01,-7.173650e-04,2.145810e-02
5.66300,4.922176e+02,8.451000e+01,-8.336590e-04,2.254300e-02
5.66400,4.911625e+02,9.871147e+01,-9.618870e-04,2.360040e-02
5.66500,4.912155e+02,8.533000e+01,-1.101520e-03,2.462830e-02
5.66600,4.907847e+02,7.985493e+01,-1.252030e-03,2.562480e-02
5.66700,4.896789e+02,9.739180e+01,-1.412800e-03,2.658850e-02
5.66800,4.899925e+02,7.210887e+01,-1.582790e-03,2.751770e-02
5.66900,4.909565e+02,6.037657e+01,-1.761030e-03,2.841100e-02
5.67000,4.894314e+02,4.825412e+01,-1.946650e-03,2.926720e-02
5.67100,4.888133e+02,5.421127e+01,-2.138410e-03,3.008540e-02
5.67200,4.863655e+02,4.494475e+01,-2.334820e-03,3.086460e-02
5.67300,4.838484e+02,4.406835e+01,-2.534450e-03,3.160410e-02
5.67400,4.831537e+02,2.973114e+01,-2.736220e-03,3.230290e-02
5.67500,4.798396e+02,5.265055e+01,-2.939560e-03,3.296020e-02
5.67600,4.781078e+02,3.660660e+01,-3.142970e-03,3.357530e-02
5.67700,4.766527e+02,2.783413e+01,-3.345640e-03,3.414740e-02
5.67800,4.783324e+02,6.285587e+00,-3.546680e-03,3.467620e-02
5.67900,4.735426e+02,2.347593e+01,-3.744880e-03,3.516140e-02
5.68000,4.725719e+02,5.358452e+00,-3.938510e-03,3.560290e-02
5.68100,4.689665e+02,5.012002e+00,-4.126780e-03,3.600060e-02
5.68200,4.673775e+02,1.018029e+01,-4.309420e-03,3.635460e-02
5.68300,4.614137e+02,1.811927e+00,-4.485520e-03,3.666470e-02
5.68400,4.628431e+02,-8.253927e-01,-4.654970e-03,3.693110e-02
5.68500,4.613814e+02,-1.791341e+01,-4.817330e-03,3.715330e-02
5.68600,4.588156e+02,-2.272117e+01,-4.971920e-03,3.733210e-02
5.68700,4.600143e+02,-1.416136e+01,-5.117700e-03,3.746780e-02
5.68800,4.545960e+02,-2.789859e+01,-5.253530e-03,3.756060e-02
5.68900,4.550313e+02,-5.122350e+01,-5.379630e-03,3.761180e-02
5.69000,4.531315e+02,-4.049081e+01,-5.495300e-03,3.762110e-02
5.69100,4.477188e+02,-4.403219e+01,-5.599330e-03,3.758710e-02
5.69200,4.475169e+02,-4.981241e+01,-5.691020e-03,3.751090e-02
5.69300,4.435014e+02,-5.913906e+01,-5.770290e-03,3.739350e-02
5.69400,4.443299e+02,-6.266625e+01,-5.837070e-03,3.723570e-02
5.69500,4.452161e+02,-6.401015e+01,-5.890930e-03,3.703810e-02
5.69600,4.432761e+02,-6.580756e+01,-5.931990e-03,3.680130e-02
5.69700,4.427004e+02,-6.423808e+01,-5.960590e-03,3.652580e-02
5.69800,4.421996e+02,-8.695513e+01,-5.976580e-03,3.621230e-02
5.69900,4.386285e+02,-8.437720e+01,-5.980200e-03,3.586080e-02
5.70000,4.405445e+02,-9.426220e+01,-5.971410e-03,3.547240e-02
5.70100,4.388647e+02,-9.148180e+01,-5.950260e-03,3.504710e-02
5.70200,4.403906e+02,-1.045301e+02,-5.916670e-03,3.458590e-02
5.70300,4.366334e+02,-9.823260e+01,-5.870370e-03,3.408960e-02
5.70400,4.362085e+02,-1.173953e+02,-5.811560e-03,3.355910e-02
5.70500,4.382007e+02,-1.322328e+02,-5.741120e-03,3.299480e-02
5.70600,4.332621e+02,-1.273080e+02,-5.659620e-03,3.239740e-02
5.70700,4.377413e+02,-1.243315e+02,-5.568130e-03,3.176750e-02
5.70800,4.394437e+02,-1.289024e+02,-5.466850e-03,3.110550e-02
5.70900,4.370727e+02,-1.204308e+02,-5.356320e-03,3.041200e-02
5.71000,4.393488e+02,-1.330015e+02,-5.236620e-03,2.968770e-02
5.71100,4.366277e+02,-1.447150e+02,-5.107640e-03,2.893280e-02
5.71200,4.383407e+02,-1.427819e+02,-4.969300e-03,2.814900e-02
5.71300,4.388455e+02,-1.557157e+02,-4.822250e-03,2.733670e-02
5.71400,4.365594e+02,-1.453819e+02,-4.666970e-03,2.649620e-02
5.71500,4.366317e+02,-1.524163e+02,-4.504040e-03,2.562810e-02
5.71600,4.375425e+02,-1.546379e+02,-4.334160e-03,2.473310e-02
5.71700,4.388075e+02,-1.542137e+02,-4.158440e-03,2.381240e-02
5.71800,4.416440e+02,-1.563504e+02,-3.977970e-03,2.286670e-02
5.71900,4.438997e+02,-1.604905e+02,-3.793840e-03,2.189660e-02
5.72000,4.460023e+02,-1.605945e+02,-3.607140e-03,2.090280e-02
5.72100,4.465749e+02,-1.664717e+02,-3.419040e-03,1.988550e-02
5.72200,4.480238e+02,-1.597503e+02,-3.230170e-03,1.884530e-02
5.72300,4.497026e+02,-1.685292e+02,-3.040310e-03,1.778270e-02
5.72400,4.488635e+02,-1.600102e+02,-2.849270e-03,1.669810e-02
5.72500,4.495669e+02,-1.683001e+02,-2.657750e-03,1.559280e-02
5.72600,4.506345e+02,-1.663103e+02,-2.466940e-03,1.446850e-02
5.72700,4.520549e+02,-1.617414e+02,-2.277960e-03,1.332650e-02
5.72800,4.532055e+02,-1.544329e+02,-2.091930e-03,1.216810e-02
5.72900,4.566563e+02,-1.549753e+02,-1.909990e-03,1.099430e-02
5.73000,4.598613e+02,-1.536730e+02,-1.733130e-03,9.806380e-03
5.73100,4.627414e+02,-1.496549e+02,-1.562030e-03,8.604970e-03
5.73200,4.653313e+02,-1.485641e+02,-1.397570e-03,7.390950e-03
5.73300,4.670817e+02,-1.451238e+02,-1.240720e-03,6.165230e-03
5.73400,4.678780e+02,-1.464974e+02,-1.092150e-03,4.928860e-03
5.73500,4.687261e+02,-1.391909e+02,-9.521040e-04,3.683260e-03
5.73600,4.691844e+02,-1.381609e+02,-8.208470e-04,2.430160e-03
5.73700,4.701813e+02,-1.364648e+02,-6.990080e-04,1.171140e-03
5.73800,4.721957e+02,-1.321095e+02,-5.874780e-04,-9.211440e-05
5.73900,4.746878e+02,-1.250558e+02,-4.872990e-04,-1.357770e-03
5.74000,4.775156e+02,-1.234359e+02,-3.996010e-04,-2.623930e-03
5.74100,4.802399e+02,-1.211753e+02,-3.253600e-04,-3.888730e-03
5.74200,4.825553e+02,-1.194378e+02,-2.650140e-04,-5.150480e-03
5.74300,4.850410e+02,-1.057439e+02,-2.187650e-04,-6.407540e-03
5.74400,4.862812e+02,-1.078424e+02,-1.868370e-04,-7.658260e-03
5.74500,4.869783e+02,-1.014419e+02,-1.692390e-04,-8.900950e-03
5.74600,4.865870e+02,-1.038729e+02,-1.657930e-04,-1.013400e-02
5.74700,4.866159e+02,-9.626100e+01,-1.765100e-04,-1.135560e-02
5.74800,4.864694e+02,-9.838927e+01,-2.013480e-04,-1.256380e-02
5.74900,4.874995e+02,-8.344107e+01,-2.402270e-04,-1.375620e-02
5.75000,4.885011e+02,-8.505653e+01,-2.928890e-04,-1.493040e-02
5.75100,4.894852e+02,-7.368447e+01,-3.591790e-04,-1.608420e-02
5.75200,4.899541e+02,-8.470247e+01,-4.390100e-04,-1.721570e-02
5.75300,4.902223e+02,-8.745873e+01,-5.324130e-04,-1.832310e-02
5.75400,4.916041e+02,-6.533275e+01,-6.390900e-04,-1.940480e-02
5.75500,4.923795e+02,-6.358749e+01,-7.588660e-04,-2.045960e-02
5.75600,4.916641e+02,-5.309377e+01,-8.910530e-04,-2.148600e-02
5.75700,4.893467e+02,-5.254621e+01,-1.033810e-03,-2.248250e-02
5.75800,4.866986e+02,-6.177539e+01,-1.185790e-03,-2.344750e-02
5.75900,4.862577e+02,-4.700454e+01,-1.346140e-03,-2.437920e-02
5.76000,4.850989e+02,-4.357946e+01,-1.514630e-03,-2.527580e-02
5.76100,4.837905e+02,-5.318563e+01,-1.690450e-03,-2.613610e-02
5.76200,4.823972e+02,-4.021427e+01,-1.872590e-03,-2.695850e-02
5.76300,4.824022e+02,-2.712660e+01,-2.060300e-03,-2.774200e-02
5.76400,4.829565e+02,-2.418184e+01,-2.252290e-03,-2.848550e-02
5.76500,4.794165e+02,-1.887793e+01,-2.447110e-03,-2.918840e-02
5.76600,4.755450e+02,-2.549341e+01,-2.643370e-03,-2.985000e-02
5.76700,4.705481e+02,-4.848531e+01,-2.840360e-03,-3.047010e-02
5.76800,4.689257e+02,-2.783077e+01,-3.037250e-03,-3.104820e-02
5.76900,4.707332e+02,-2.952026e+01,-3.233210e-03,-3.158420e-02
5.77000,4.682511e+02,-2.076916e+01,-3.427290e-03,-3.207740e-02
5.77100,4.658581e+02,6.128529e+00,-3.618840e-03,-3.252770e-02
5.77200,4.636598e+02,8.055340e+00,-3.806960e-03,-3.293470e-02
5.77300,4.622012e+02,-2.613690e+00,-3.990280e-03,-3.329810e-02
5.77400,4.632082e+02,1.864153e+01,-4.168360e-03,-3.361790e-02
5.77500,4.564624e+02,1.835794e+01,-4.340520e-03,-3.389390e-02
5.77600,4.556568e+02,6.182661e-01,-4.505420e-03,-3.412650e-02
5.77700,4.522311e+02,3.450137e+01,-4.661600e-03,-3.431640e-02
5.77800,4.516897e+02,2.092950e+01,-4.808470e-03,-3.446400e-02
5.77900,4.479367e+02,2.244495e+01,-4.946130e-03,-3.457000e-02
5.78000,4.469071e+02,2.941864e+01,-5.074090e-03,-3.463480e-02
5.78100,4.500899e+02,4.741676e+01,-5.192000e-03,-3.465920e-02
5.78200,4.506559e+02,5.310730e+01,-5.299050e-03,-3.464140e-02
5.78300,4.457961e+02,5.531120e+01,-5.394660e-03,-3.458130e-02
5.78400,4.437377e+02,6.368453e+01,-5.478590e-03,-3.448010e-02
5.78500,4.424882e+02,6.421747e+01,-5.551130e-03,-3.433830e-02
5.78600,4.410502e+02,7.956227e+01,-5.613020e-03,-3.415650e-02
5.78700,4.389859e+02,6.848260e+01,-5.664080e-03,-3.393510e-02
5.78800,4.397917e+02,9.318980e+01,-5.703500e-03,-3.367440e-02
5.78900,4.355899e+02,9.402567e+01,-5.730250e-03,-3.337620e-02
5.79000,4.359737e+02,9.248240e+01,-5.743800e-03,-3.304110e-02
5.79100,4.301692e+02,7.393620e+01,-5.744370e-03,-3.267010e-02
5.79200,4.341959e+02,9.772793e+01,-5.732260e-03,-3.226390e-02
5.79300,4.329276e+02,1.017719e+02,-5.708040e-03,-3.182300e-02
5.79400,4.300891e+02,1.134287e+02,-5.672200e-03,-3.134770e-02
5.79500,4.332982e+02,1.152651e+02,-5.624630e-03,-3.083830e-02
5.79600,4.306516e+02,1.180726e+02,-5.565400e-03,-3.029520e-02
5.79700,4.334726e+02,1.219761e+02,-5.494790e-03,-2.971860e-02
5.79800,4.349111e+02,1.277350e+02,-5.413910e-03,-2.910870e-02
5.79900,4.338039e+02,1.247442e+02,-5.323260e-03,-2.846610e-02
5.80000,4.338346e+02,1.383057e+02,-5.223510e-03,-2.779150e-02
5.80100,4.335885e+02,1.354742e+02,-5.114590e-03,-2.708570e-02
5.80200,4.310735e+02,1.489863e+02,-4.996200e-03,-2.634980e-02
5.80300,4.322733e+02,1.501653e+02,-4.868730e-03,-2.558500e-02
5.80400,4.339324e+02,1.467753e+02,-4.732400e-03,-2.479200e-02
5.80500,4.325542e+02,1.479463e+02,-4.588280e-03,-2.397100e-02
5.80600,4.337949e+02,1.518047e+02,-4.437040e-03,-2.312230e-02
5.80700,4.338172e+02,1.616579e+02,-4.279210e-03,-2.224650e-02
5.80800,4.352637e+02,1.636581e+02,-4.115510e-03,-2.134450e-02
5.80900,4.371149e+02,1.666216e+02,-3.946760e-03,-2.041690e-02
5.81000,4.384238e+02,1.686743e+02,-3.773880e-03,-1.946450e-02
5.81100,4.408637e+02,1.663631e+02,-3.597530e-03,-1.848750e-02
5.81200,4.418146e+02,1.751304e+02,-3.418570e-03,-1.748640e-02
5.81300,4.426179e+02,1.669437e+02,-3.237480e-03,-1.646210e-02
5.81400,4.435067e+02,1.663291e+02,-3.054560e-03,-1.541530e-02
5.81500,4.438956e+02,1.643728e+02,-2.870270e-03,-1.434630e-02
5.81600,4.460111e+02,1.634932e+02,-2.685590e-03,-1.325630e-02
5.81700,4.470819e+02,1.713134e+02,-2.501850e-03,-1.214640e-02
5.81800,4.491765e+02,1.701570e+02,-2.319820e-03,-1.101790e-02
5.81900,4.515105e+02,1.692640e+02,-2.140290e-03,-9.871550e-03
5.82000,4.539195e+02,1.688603e+02,-1.964300e-03,-8.708310e-03
5.82100,4.568898e+02,1.663423e+02,-1.792920e-03,-7.529050e-03
5.82200,4.591304e+02,1.665187e+02,-1.627090e-03,-6.334790e-03
5.82300,4.614663e+02,1.639270e+02,-1.467480e-03,-5.126670e-03
5.82400,4.632585e+02,1.526730e+02,-1.314760e-03,-3.905910e-03
5.82500,4.647631e+02,1.553949e+02,-1.169510e-03,-2.673910e-03
5.82600,4.659697e+02,1.631949e+02,-1.032170e-03,-1.432250e-03
5.82700,4.679855e+02,1.516369e+02,-9.034660e-04,-1.825080e-04
5.82800,4.696147e+02,1.446406e+02,-7.843850e-04,1.073860e-03
5.82900,4.719787e+02,1.435329e+02,-6.759420e-04,2.335600e-03
5.83000,4.744323e+02,1.436075e+02,-5.788210e-04,3.601300e-03
5.83100,4.768979e+02,1.421343e+02,-4.936600e-04,4.869340e-03
5.83200,4.799112e+02,1.344352e+02,-4.211000e-04,6.138000e-03
5.83300,4.816795e+02,1.355556e+02,-3.617950e-04,7.405550e-03
5.83400,4.836738e+02,1.213710e+02,-3.162130e-04,8.670210e-03
5.83500,4.848557e+02,1.302900e+02,-2.847360e-04,9.930280e-03
5.83600,4.855997e+02,1.293633e+02,-2.676550e-04,1.118370e-02
5.83700,4.870347e+02,1.188240e+02,-2.648290e-04,1.242870e-02
5.83800,4.878426e+02,1.133329e+02,-2.761800e-04,1.366300e-02
5.83900,4.893575e+02,1.013561e+02,-3.017030e-04,1.488490e-02
5.84000,4.902817e+02,1.066948e+02,-3.415220e-04,1.609160e-02
5.84100,4.921279e+02,9.055340e+01,-3.958370e-04,1.728110e-02
5.84200,4.919009e+02,1.109824e+02,-4.645160e-04,1.845130e-02
5.84300,4.936936e+02,9.706347e+01,-5.474420e-04,1.960020e-02
5.84400,4.940372e+02,8.818913e+01,-6.440110e-04,2.072620e-02
5.84500,4.944139e+02,8.697487e+01,-7.536780e-04,2.182760e-02
5.84600,4.937937e+02,8.476440e+01,-8.757410e-04,2.290270e-02
5.84700,4.926067e+02,9.172987e+01,-1.009510e-03,2.394980e-02
5.84800,4.920573e+02,8.233073e+01,-1.154260e-03,2.496740e-02
5.84900,4.916553e+02,7.310200e+01,-1.309170e-03,2.595360e-02
5.85000,4.886439e+02,8.511780e+01,-1.473460e-03,2.690670e-02
5.85100,4.896428e+02,6.453885e+01,-1.645920e-03,2.782510e-02
5.85200,4.888000e+02,6.543511e+01,-1.825820e-03,2.870730e-02
5.85300,4.892186e+02,5.634863e+01,-2.012320e-03,2.955210e-02
5.85400,4.878212e+02,3.945596e+01,-2.204620e-03,3.035820e-02
5.85500,4.848041e+02,5.857043e+01,-2.401420e-03,3.112480e-02
5.85600,4.841636e+02,4.525525e+01,-2.601680e-03,3.185080e-02
5.85700,4.822505e+02,4.413380e+01,-2.803820e-03,3.253540e-02
5.85800,4.792961e+02,3.204995e+01,-3.006420e-03,3.317830e-02
5.85900,4.768441e+02,4.320807e+01,-3.208790e-03,3.377900e-02
5.86000,4.728348e+02,5.394664e+01,-3.410000e-03,3.433660e-02
5.86100,4.730040e+02,1.870111e+01,-3.609330e-03,3.485060e-02
5.86200,4.723041e+02,2.259553e+01,-3.806230e-03,3.532100e-02
5.86300,4.641301e+02,4.305832e+01,-3.999550e-03,3.574720e-02
5.86400,4.691358e+02,1.100043e+01,-4.187740e-03,3.612950e-02
5.86500,4.673303e+02,-1.501357e+00,-4.369920e-03,3.646760e-02
5.86600,4.668726e+02,-2.245031e+01,-4.545490e-03,3.676170e-02
5.86700,4.591320e+02,-1.893132e+00,-4.713570e-03,3.701200e-02
5.86800,4.614634e+02,-1.191215e+01,-4.873970e-03,3.721880e-02
5.86900,4.570197e+02,-1.127159e+01,-5.025980e-03,3.738270e-02
5.87000,4.547751e+02,-1.078145e+01,-5.169080e-03,3.750380e-02
5.87100,4.559223e+02,-2.803652e+01,-5.301630e-03,3.758270e-02
5.87200,4.526439e+02,-3.729955e+01,-5.423180e-03,3.762050e-02
5.87300,4.524220e+02,-4.033387e+01,-5.533030e-03,3.761630e-02
5.87400,4.519456e+02,-6.128983e+01,-5.631070e-03,3.756850e-02
5.87500,4.438302e+02,-3.722379e+01,-5.717540e-03,3.747840e-02
5.87600,4.482535e+02,-5.394371e+01,-5.792060e-03,3.734700e-02
5.87700,4.454842e+02,-5.950168e+01,-5.854930e-03,3.717460e-02
5.87800,4.444961e+02,-6.350867e+01,-5.905010e-03,3.696210e-02
5.87900,4.426386e+02,-6.742473e+01,-5.941510e-03,3.671050e-02
5.88000,4.416369e+02,-6.170877e+01,-5.964900e-03,3.642050e-02
5.88100,4.416161e+02,-8.575233e+01,-5.976110e-03,3.609260e-02
5.88200,4.416980e+02,-9.809233e+01,-5.975160e-03,3.572720e-02
5.88300,4.391155e+02,-9.104380e+01,-5.961540e-03,3.532550e-02
5.88400,4.353899e+02,-9.732740e+01,-5.935900e-03,3.488780e-02
5.88500,4.343723e+02,-9.887340e+01,-5.898030e-03,3.441450e-02
5.88600,4.372901e+02,-1.019468e+02,-5.848270e-03,3.390630e-02
5.88700,4.392789e+02,-1.123608e+02,-5.786540e-03,3.336370e-02
5.88800,4.375261e+02,-1.221741e+02,-5.713800e-03,3.278730e-02
5.88900,4.363264e+02,-1.178495e+02,-5.629990e-03,3.217780e-02
5.89000,4.352861e+02,-1.460215e+02,-5.534930e-03,3.153590e-02
5.89100,4.348239e+02,-1.204458e+02,-5.429170e-03,3.086260e-02
5.89200,4.359334e+02,-1.380485e+02,-5.313490e-03,3.015800e-02
5.89300,4.380535e+02,-1.377456e+02,-5.188940e-03,2.942260e-02
5.89400,4.379123e+02,-1.352385e+02,-5.055120e-03,2.865770e-02
5.89500,4.362453e+02,-1.446382e+02,-4.913190e-03,2.786390e-02
5.89600,4.372655e+02,-1.462802e+02,-4.763250e-03,2.704160e-02
5.89700,4.389117e+02,-1.447091e+02,-4.605890e-03,2.619100e-02
5.89800,4.402680e+02,-1.511266e+02,-4.441190e-03,2.531280e-02
5.89900,4.397374e+02,-1.576291e+02,-4.270520e-03,2.440770e-02
5.90000,4.418033e+02,-1.454539e+02,-4.094760e-03,2.347700e-02
5.90100,4.413629e+02,-1.544889e+02,-3.914370e-03,2.252160e-02
5.90200,4.427451e+02,-1.585552e+02,-3.729820e-03,2.154230e-02
5.90300,4.429200e+02,-1.585453e+02,-3.541750e-03,2.053970e-02
5.90400,4.444748e+02,-1.549921e+02,-3.351560e-03,1.951430e-02
5.90500,4.473205e+02,-1.622097e+02,-3.160120e-03,1.846700e-02
5.90600,4.471124e+02,-1.636996e+02,-2.968010e-03,1.739800e-02
5.90700,4.508908e+02,-1.604595e+02,-2.776170e-03,1.630760e-02
5.90800,4.518717e+02,-1.616611e+02,-2.585510e-03,1.519720e-02
5.90900,4.534602e+02,-1.564224e+02,-2.396250e-03,1.406780e-02
5.91000,4.545723e+02,-1.606193e+02,-2.209140e-03,1.292050e-02
5.91100,4.571514e+02,-1.548585e+02,-2.025490e-03,1.175640e-02
5.91200,4.576537e+02,-1.468837e+02,-1.846370e-03,1.057640e-02
5.91300,4.593339e+02,-1.496547e+02,-1.672260e-03,9.381930e-03
5.91400,4.616873e+02,-1.490526e+02,-1.503550e-03,8.174280e-03
5.91500,4.633963e+02,-1.491381e+02,-1.341180e-03,6.954630e-03
5.91600,4.658717e+02,-1.438027e+02,-1.186090e-03,5.724250e-03
5.91700,4.675899e+02,-1.410443e+02,-1.039150e-03,4.484500e-03
5.91800,4.702603e+02,-1.537139e+02,-9.014450e-04,3.236890e-03
5.91900,4.712938e+02,-1.340333e+02,-7.740290e-04,1.982700e-03
5.92000,4.733587e+02,-1.291829e+02,-6.572680e-04,7.233100e-04
5.92100,4.748396e+02,-1.337307e+02,-5.511610e-04,-5.399280e-04
5.92200,4.763417e+02,-1.230634e+02,-4.563880e-04,-1.805450e-03
5.92300,4.783587e+02,-1.179969e+02,-3.738470e-04,-3.071400e-03
5.92400,4.800017e+02,-1.197065e+02,-3.043120e-04,-4.335850e-03
5.92500,4.813694e+02,-1.129965e+02,-2.484050e-04,-5.596930e-03
5.92600,4.833239e+02,-1.068343e+02,-2.064670e-04,-6.852830e-03
5.92700,4.846160e+02,-1.064176e+02,-1.787450e-04,-8.101760e-03
5.92800,4.861224e+02,-9.954553e+01,-1.652500e-04,-9.341750e-03
5.92900,4.874938e+02,-9.507960e+01,-1.660850e-04,-1.057100e-02
5.93000,4.883358e+02,-9.408800e+01,-1.814910e-04,-1.178800e-02
5.93100,4.884744e+02,-1.143849e+02,-2.116400e-04,-1.299050e-02
5.93200,4.893791e+02,-9.058447e+01,-2.564070e-04,-1.417660e-02
5.93300,4.903275e+02,-7.554320e+01,-3.153650e-04,-1.534390e-02
5.93400,4.897785e+02,-8.441940e+01,-3.880920e-04,-1.649070e-02
5.93500,4.898450e+02,-7.961207e+01,-4.739170e-04,-1.761490e-02
5.93600,4.907247e+02,-6.293593e+01,-5.726190e-04,-1.871470e-02
5.93700,4.897714e+02,-7.175867e+01,-6.836010e-04,-1.978820e-02
5.93800,4.905126e+02,-5.482095e+01,-8.065680e-04,-2.083370e-02
5.93900,4.892667e+02,-4.920891e+01,-9.409820e-04,-2.184970e-02
5.94000,4.885063e+02,-5.806381e+01,-1.085900e-03,-2.283470e-02
5.94100,4.878731e+02,-4.298207e+01,-1.240590e-03,-2.378710e-02
5.94200,4.873343e+02,-2.902386e+01,-1.403960e-03,-2.470540e-02
5.94300,4.854321e+02,-4.030045e+01,-1.575100e-03,-2.558830e-02
5.94400,4.846327e+02,-2.260522e+01,-1.753200e-03,-2.643450e-02
5.94500,4.822852e+02,-3.502308e+01,-1.937440e-03,-2.724320e-02
5.94600,4.809519e+02,-3.549852e+01,-2.126880e-03,-2.801320e-02
5.94700,4.803080e+02,-1.231730e+01,-2.320340e-03,-2.874350e-02
5.94800,4.782127e+02,-1.844872e+01,-2.516610e-03,-2.943290e-02
5.94900,4.785071e+02,-4.992357e+00,-2.714540e-03,-3.008060e-02
5.95000,4.733795e+02,-1.053643e+01,-2.913070e-03,-3.068620e-02
5.95100,4.712815e+02,-1.357549e+01,-3.111030e-03,-3.124920e-02
5.95200,4.686257e+02,-1.118318e+01,-3.307630e-03,-3.176920e-02
5.95300,4.692537e+02,-9.743700e+00,-3.501850e-03,-3.224610e-02
5.95400,4.663914e+02,5.587951e+00,-3.692480e-03,-3.268000e-02
5.95500,4.628429e+02,-5.245253e+00,-3.878380e-03,-3.307080e-02
5.95600,4.609369e+02,3.001197e+01,-4.058790e-03,-3.341830e-02
5.95700,4.569816e+02,1.171031e+01,-4.232790e-03,-3.372260e-02
5.95800,4.571850e+02,1.433264e+01,-4.399960e-03,-3.398360e-02
5.95900,4.548067e+02,2.967217e+01,-4.559930e-03,-3.420160e-02
5.96000,4.568603e+02,2.119423e+01,-4.712220e-03,-3.437680e-02
5.96100,4.535122e+02,3.769635e+01,-4.856300e-03,-3.450930e-02
5.96200,4.522529e+02,3.884981e+01,-4.991350e-03,-3.459980e-02
5.96300,4.492023e+02,3.105599e+01,-5.116590e-03,-3.464940e-02
5.96400,4.478575e+02,5.806357e+01,-5.231920e-03,-3.465770e-02
5.96500,4.454741e+02,5.327135e+01,-5.336220e-03,-3.462340e-02
5.96600,4.442479e+02,6.486391e+01,-5.429280e-03,-3.454730e-02
5.96700,4.409224e+02,6.893167e+01,-5.510730e-03,-3.443070e-02
5.96800,4.417684e+02,7.600693e+01,-5.580410e-03,-3.427400e-02
5.96900,4.395385e+02,6.399049e+01,-5.637760e-03,-3.407820e-02
5.97000,4.386631e+02,8.889373e+01,-5.682560e-03,-3.384350e-02
5.97100,4.371442e+02,8.229307e+01,-5.714750e-03,-3.357090e-02
5.97200,4.351439e+02,9.522773e+01,-5.734900e-03,-3.326050e-02
5.97300,4.324801e+02,6.581065e+01,-5.742780e-03,-3.291290e-02
5.97400,4.335222e+02,8.906967e+01,-5.738570e-03,-3.252890e-02
5.97500,4.330725e+02,1.169497e+02,-5.722240e-03,-3.210920e-02
5.97600,4.362749e+02,1.303109e+02,-5.694310e-03,-3.165470e-02
5.97700,4.314605e+02,1.187344e+02,-5.654740e-03,-3.116560e-02
5.97800,4.337443e+02,1.036868e+02,-5.603660e-03,-3.064230e-02
5.97900,4.325620e+02,1.231643e+02,-5.541460e-03,-3.008550e-02
5.98000,4.303887e+02,1.330716e+02,-5.468540e-03,-2.949590e-02
5.98100,4.317781e+02,1.252315e+02,-5.385020e-03,-2.887420e-02
5.98200,4.323563e+02,1.280355e+02,-5.290990e-03,-2.822080e-02
5.98300,4.315946e+02,1.368567e+02,-5.187000e-03,-2.753640e-02
5.98400,4.329863e+02,1.214787e+02,-5.073850e-03,-2.682150e-02
5.98500,4.318039e+02,1.505345e+02,-4.951540e-03,-2.607660e-02
5.98600,4.325987e+02,1.600277e+02,-4.820780e-03,-2.530270e-02
5.98700,4.337860e+02,1.572497e+02,-4.681970e-03,-2.450030e-02
5.98800,4.332276e+02,1.577408e+02,-4.535730e-03,-2.366940e-02
5.98900,4.343990e+02,1.594456e+02,-4.382290e-03,-2.281050e-02
5.99000,4.345229e+02,1.466562e+02,-4.222400e-03,-2.192440e-02
5.99100,4.348797e+02,1.488568e+02,-4.056960e-03,-2.101230e-02
5.99200,4.359042e+02,1.723177e+02,-3.886670e-03,-2.007490e-02
5.99300,4.375355e+02,1.740232e+02,-3.712410e-03,-1.911290e-02
5.99400,4.417406e+02,1.721195e+02,-3.534720e-03,-1.812700e-02
5.99500,4.408154e+02,1.668456e+02,-3.354520e-03,-1.711770e-02
5.99600,4.428689e+02,1.676727e+02,-3.172240e-03,-1.608570e-02
5.99700,4.432081e+02,1.621681e+02,-2.988520e-03,-1.503130e-02
5.99800,4.452063e+02,1.637619e+02,-2.803860e-03,-1.395510e-02
5.99900,4.474807e+02,1.661125e+02,-2.619590e-03,-1.285820e-02
6.00000,4.488696e+02,1.714764e+02,-2.436800e-03,-1.174180e-02
6.00100,4.508085e+02,1.684452e+02,-2.256220e-03,-1.060680e-02
6.00200,4.526304e+02,1.740135e+02,-2.078560e-03,-9.454200e-03
6.00300,4.550343e+02,1.661473e+02,-1.904360e-03,-8.285060e-03
6.00400,4.566611e+02,1.658791e+02,-1.734380e-03,-7.100500e-03
6.00500,4.599938e+02,1.571821e+02,-1.569650e-03,-5.901580e-03
6.00600,4.607824e+02,1.553473e+02,-1.411520e-03,-4.689480e-03
6.00700,4.628167e+02,1.717317e+02,-1.260810e-03,-3.465310e-03
6.00800,4.647251e+02,1.620230e+02,-1.118070e-03,-2.230240e-03
6.00900,4.663930e+02,1.591558e+02,-9.839400e-04,-9.858780e-04
6.01000,4.697663e+02,1.498742e+02,-8.588150e-04,2.662990e-04
6.01100,4.712709e+02,1.505461e+02,-7.438140e-04,1.524890e-03
6.01200,4.739311e+02,1.475085e+02,-6.398130e-04,2.788540e-03
6.01300,4.760126e+02,1.386122e+02,-5.477160e-04,4.055780e-03
6.01400,4.775897e+02,1.426489e+02,-4.679110e-04,5.324670e-03
6.01500,4.794491e+02,1.503031e+02,-4.007420e-04,6.593190e-03
6.01600,4.804657e+02,1.370849e+02,-3.462360e-04,7.859660e-03
6.01700,4.819220e+02,1.429141e+02,-3.046440e-04,9.122230e-03
6.01800,4.844570e+02,1.218405e+02,-2.769110e-04,1.037920e-02
6.01900,4.866303e+02,1.141093e+02,-2.636990e-04,1.162860e-02
6.02000,4.872066e+02,1.258579e+02,-2.654290e-04,1.286870e-02
6.02100,4.896213e+02,1.076102e+02,-2.819650e-04,1.409780e-02
6.02200,4.914405e+02,8.920900e+01,-3.131530e-04,1.531360e-02
6.02300,4.924101e+02,9.185533e+01,-3.585590e-04,1.651400e-02
6.02400,4.926115e+02,1.029495e+02,-4.182790e-04,1.769690e-02
6.02500,4.932155e+02,9.381773e+01,-4.921810e-04,1.885980e-02
6.02600,4.931287e+02,9.785973e+01,-5.800810e-04,2.000100e-02
6.02700,4.939240e+02,8.604633e+01,-6.816810e-04,2.111880e-02
6.02800,4.934572e+02,7.948867e+01,-7.961250e-04,2.221140e-02
6.02900,4.920827e+02,8.922473e+01,-9.223320e-04,2.327680e-02
6.03000,4.926295e+02,8.089213e+01,-1.059790e-03,2.431350e-02
6.03100,4.915280e+02,9.152960e+01,-1.207910e-03,2.531970e-02
6.03200,4.919504e+02,6.346303e+01,-1.366180e-03,2.629370e-02
6.03300,4.913712e+02,5.523548e+01,-1.533760e-03,2.723400e-02
6.03400,4.897848e+02,7.166620e+01,-1.709420e-03,2.813910e-02
6.03500,4.881919e+02,6.149442e+01,-1.891780e-03,2.900770e-02
6.03600,4.876743e+02,5.605042e+01,-2.079820e-03,2.983880e-02
6.03700,4.857203e+02,4.841264e+01,-2.273110e-03,3.063120e-02
6.03800,4.848595e+02,4.019993e+01,-2.470640e-03,3.138380e-02
6.03900,4.830785e+02,5.588115e+01,-2.671360e-03,3.209530e-02
6.04000,4.813129e+02,4.045509e+01,-2.874100e-03,3.276500e-02
6.04100,4.794085e+02,4.418032e+01,-3.077540e-03,3.339260e-02
6.04200,4.787817e+02,3.013105e+01,-3.280330e-03,3.397740e-02
6.04300,4.726511e+02,5.170605e+01,-3.481150e-03,3.451930e-02
6.04400,4.730073e+02,2.751242e+01,-3.679350e-03,3.501780e-02
6.04500,4.720456e+02,2.671604e+01,-3.874970e-03,3.547260e-02
6.04600,4.705801e+02,7.725587e+00,-4.066470e-03,3.588330e-02
6.04700,4.691312e+02,1.053326e+01,-4.252730e-03,3.625010e-02
6.04800,4.660107e+02,5.704184e+00,-4.433010e-03,3.657270e-02
6.04900,4.650985e+02,1.852134e+00,-4.606190e-03,3.685110e-02
6.05000,4.615693e+02,-7.492547e+00,-4.771040e-03,3.708600e-02
6.05100,4.598323e+02,-5.876476e+00,-4.927430e-03,3.727750e-02
6.05200,4.584901e+02,-2.468615e+01,-5.075040e-03,3.742570e-02
6.05300,4.586432e+02,-3.493881e+01,-5.213280e-03,3.753120e-02
6.05400,4.538097e+02,-1.223351e+01,-5.341530e-03,3.759510e-02
6.05500,4.539566e+02,-2.928107e+01,-5.459020e-03,3.761760e-02
6.05600,4.496911e+02,-3.467941e+01,-5.565060e-03,3.759710e-02
6.05700,4.494223e+02,-5.095259e+01,-5.659060e-03,3.753380e-02
6.05800,4.480043e+02,-4.217085e+01,-5.740810e-03,3.742890e-02
6.05900,4.475811e+02,-5.906880e+01,-5.810750e-03,3.728310e-02
6.06000,4.507364e+02,-6.630653e+01,-5.869120e-03,3.709690e-02
6.06100,4.442143e+02,-6.751247e+01,-5.915000e-03,3.687090e-02
6.06200,4.401581e+02,-8.024560e+01,-5.948110e-03,3.660600e-02
6.06300,4.428053e+02,-7.738340e+01,-5.968650e-03,3.630250e-02
6.06400,4.416046e+02,-8.537240e+01,-5.976440e-03,3.596120e-02
6.06500,4.388513e+02,-9.315213e+01,-5.971460e-03,3.558290e-02
6.06600,4.350459e+02,-9.369227e+01,-5.953840e-03,3.516820e-02
6.06700,4.374835e+02,-9.239367e+01,-5.924230e-03,3.471780e-02
6.06800,4.375075e+02,-1.075920e+02,-5.882450e-03,3.423230e-02
6.06900,4.334329e+02,-1.030120e+02,-5.828540e-03,3.371220e-02
6.07000,4.374991e+02,-1.145609e+02,-5.762480e-03,3.315830e-02
6.07100,4.377832e+02,-1.269264e+02,-5.684650e-03,3.257100e-02
6.07200,4.345227e+02,-1.123880e+02,-5.595930e-03,3.195060e-02
6.07300,4.367569e+02,-1.194628e+02,-5.496660e-03,3.129790e-02
6.07400,4.369243e+02,-1.387185e+02,-5.387190e-03,3.061360e-02
6.07500,4.395823e+02,-1.312993e+02,-5.268130e-03,2.989830e-02
6.07600,4.369989e+02,-1.370625e+02,-5.139970e-03,2.915260e-02
6.07700,4.379310e+02,-1.479611e+02,-5.003000e-03,2.837760e-02
6.07800,4.370828e+02,-1.484147e+02,-4.857950e-03,2.757410e-02
6.07900,4.374827e+02,-1.633460e+02,-4.705360e-03,2.674210e-02
6.08000,4.385552e+02,-1.535011e+02,-4.545720e-03,2.588190e-02
6.08100,4.399626e+02,-1.509173e+02,-4.379720e-03,2.499410e-02
6.08200,4.397241e+02,-1.516784e+02,-4.207790e-03,2.407990e-02
6.08300,4.409717e+02,-1.534779e+02,-4.030750e-03,2.314050e-02
6.08400,4.420480e+02,-1.343367e+02,-3.849290e-03,2.217660e-02
6.08500,4.426065e+02,-1.518134e+02,-3.664090e-03,2.118890e-02
6.08600,4.435955e+02,-1.707445e+02,-3.475790e-03,2.017820e-02
6.08700,4.469015e+02,-1.672394e+02,-3.285370e-03,1.914510e-02
6.08800,4.472193e+02,-1.604371e+02,-3.093800e-03,1.809010e-02
6.08900,4.490018e+02,-1.643201e+02,-2.901530e-03,1.701330e-02
6.09000,4.502427e+02,-1.587031e+02,-2.709470e-03,1.591570e-02
6.09100,4.516438e+02,-1.582262e+02,-2.518530e-03,1.479860e-02
6.09200,4.535269e+02,-1.591550e+02,-2.329640e-03,1.366310e-02
6.09300,4.554586e+02,-1.615685e+02,-2.143500e-03,1.251010e-02
6.09400,4.560897e+02,-1.478309e+02,-1.960740e-03,1.134100e-02
6.09500,4.586738e+02,-1.510837e+02,-1.782370e-03,1.015650e-02
6.09600,4.608407e+02,-1.484515e+02,-1.609480e-03,8.957730e-03
6.09700,4.622061e+02,-1.431046e+02,-1.442850e-03,7.745970e-03
6.09800,4.642039e+02,-1.522387e+02,-1.283160e-03,6.522530e-03
6.09900,4.665973e+02,-1.445586e+02,-1.131450e-03,5.288620e-03
6.10000,4.685216e+02,-1.418435e+02,-9.884620e-04,4.045700e-03
6.10100,4.705347e+02,-1.422835e+02,-8.546460e-04,2.795380e-03
6.10200,4.727356e+02,-1.325643e+02,-7.309140e-04,1.539140e-03
6.10300,4.742831e+02,-1.349392e+02,-6.179860e-04,2.782270e-04
6.10400,4.756139e+02,-1.191961e+02,-5.166670e-04,-9.861010e-04
6.10500,4.770287e+02,-1.261031e+02,-4.271490e-04,-2.252100e-03
6.10600,4.781435e+02,-1.234519e+02,-3.497510e-04,-3.517840e-03
6.10700,4.802787e+02,-1.181755e+02,-2.850120e-04,-4.781410e-03
6.10800,4.816363e+02,-1.190473e+02,-2.335460e-04,-6.041040e-03
6.10900,4.834326e+02,-1.104301e+02,-1.957310e-04,-7.294900e-03
6.11000,4.847996e+02,-1.039026e+02,-1.720710e-04,-8.541070e-03
6.11100,4.870626e+02,-8.877393e+01,-1.631020e-04,-9.777710e-03
6.11200,4.875423e+02,-9.830140e+01,-1.689460e-04,-1.100320e-02
6.11300,4.889849e+02,-8.808313e+01,-1.893390e-04,-1.221580e-02
6.11400,4.904000e+02,-8.184713e+01,-2.244660e-04,-1.341330e-02
6.11500,4.901664e+02,-8.893047e+01,-2.743060e-04,-1.459350e-02
6.11600,4.903461e+02,-9.358153e+01,-3.384410e-04,-1.575430e-02
6.11700,4.902977e+02,-8.889180e+01,-4.162880e-04,-1.689360e-02
6.11800,4.897613e+02,-7.560987e+01,-5.071200e-04,-1.800960e-02
6.11900,4.900509e+02,-6.802580e+01,-6.106020e-04,-1.910060e-02
6.12000,4.884765e+02,-7.047353e+01,-7.262020e-04,-2.016480e-02
6.12100,4.893756e+02,-6.240895e+01,-8.535220e-04,-2.120060e-02
6.12200,4.885479e+02,-5.806943e+01,-9.919850e-04,-2.220620e-02
6.12300,4.884983e+02,-5.263689e+01,-1.140630e-03,-2.318020e-02
6.12400,4.873399e+02,-5.738269e+01,-1.298450e-03,-2.412110e-02
6.12500,4.868274e+02,-5.362689e+01,-1.464760e-03,-2.502720e-02
6.12600,4.840018e+02,-5.511771e+01,-1.638730e-03,-2.589740e-02
6.12700,4.843060e+02,-3.569207e+01,-1.819550e-03,-2.673060e-02
6.12800,4.810542e+02,-5.193705e+01,-2.006100e-03,-2.752570e-02
6.12900,4.802598e+02,-3.591810e+01,-2.197160e-03,-2.828180e-02
6.13000,4.791057e+02,-2.241857e+01,-2.391640e-03,-2.899770e-02
6.13100,4.769022e+02,-1.434032e+01,-2.588380e-03,-2.967270e-02
6.13200,4.759820e+02,-1.513935e+01,-2.786420e-03,-3.030600e-02
6.13300,4.728771e+02,-1.855540e+01,-2.985020e-03,-3.089700e-02
6.13400,4.714406e+02,-6.720693e+00,-3.182940e-03,-3.144530e-02
6.13500,4.703047e+02,-1.294435e+00,-3.379370e-03,-3.195040e-02
6.13600,4.678085e+02,-5.563911e+00,-3.573230e-03,-3.241250e-02
6.13700,4.651075e+02,-8.479447e+00,-3.762900e-03,-3.283130e-02
6.13800,4.670722e+02,2.289061e+01,-3.947410e-03,-3.320700e-02
6.13900,4.596011e+02,1.136375e+01,-4.125380e-03,-3.353940e-02
6.14000,4.619477e+02,3.275881e+01,-4.297020e-03,-3.382830e-02
6.14100,4.554117e+02,1.373466e+01,-4.462020e-03,-3.407390e-02
6.14200,4.528866e+02,7.363880e+00,-4.619360e-03,-3.427650e-02
6.14300,4.529323e+02,1.574845e+01,-4.768990e-03,-3.443650e-02
6.14400,4.543862e+02,4.460704e+01,-4.909850e-03,-3.455430e-02
6.14500,4.487721e+02,4.167903e+01,-5.041280e-03,-3.463020e-02
6.14600,4.488599e+02,3.390230e+01,-5.162720e-03,-3.466550e-02
6.14700,4.462372e+02,6.307929e+01,-5.273780e-03,-3.465890e-02
6.14800,4.439709e+02,5.508075e+01,-5.374100e-03,-3.460940e-02
6.14900,4.393411e+02,7.008367e+01,-5.462780e-03,-3.451850e-02
6.15000,4.421163e+02,5.848987e+01,-5.539470e-03,-3.438720e-02
6.15100,4.393393e+02,7.148747e+01,-5.604050e-03,-3.421610e-02
6.15200,4.406128e+02,5.679860e+01,-5.656570e-03,-3.400590e-02
6.15300,4.360093e+02,6.717813e+01,-5.696750e-03,-3.375730e-02
6.15400,4.341038e+02,7.906533e+01,-5.724720e-03,-3.347100e-02
6.15500,4.356104e+02,8.023813e+01,-5.741010e-03,-3.314730e-02
6.15600,4.377774e+02,8.339820e+01,-5.745520e-03,-3.278660e-02
6.15700,4.300644e+02,7.090447e+01,-5.738190e-03,-3.238940e-02
6.15800,4.359130e+02,1.142965e+02,-5.718990e-03,-3.195670e-02
6.15900,4.340639e+02,1.097169e+02,-5.687840e-03,-3.148870e-02
6.16000,4.338123e+02,1.244923e+02,-5.644670e-03,-3.098610e-02
6.16100,4.318927e+02,1.329627e+02,-5.589270e-03,-3.044970e-02
6.16200,4.304015e+02,1.172836e+02,-5.522250e-03,-2.988070e-02
6.16300,4.314536e+02,1.368476e+02,-5.444180e-03,-2.927920e-02
6.16400,4.311963e+02,1.343344e+02,-5.355520e-03,-2.864600e-02
6.16500,4.312758e+02,1.387018e+02,-5.256650e-03,-2.798160e-02
6.16600,4.304022e+02,1.397841e+02,-5.148010e-03,-2.728630e-02
6.16700,4.337235e+02,1.478787e+02,-5.030330e-03,-2.656070e-02
6.16800,4.312135e+02,1.475018e+02,-4.904280e-03,-2.580530e-02
6.16900,4.295666e+02,1.470984e+02,-4.770490e-03,-2.502100e-02
6.17000,4.337905e+02,1.604641e+02,-4.629410e-03,-2.420790e-02
6.17100,4.357031e+02,1.466731e+02,-4.481460e-03,-2.336630e-02
6.17200,4.356177e+02,1.628609e+02,-4.326670e-03,-2.249670e-02
6.17300,4.335023e+02,1.549325e+02,-4.165540e-03,-2.160040e-02
6.17400,4.356279e+02,1.718621e+02,-3.998820e-03,-2.067810e-02
6.17500,4.388378e+02,1.604945e+02,-3.827260e-03,-1.973110e-02
6.17600,4.385312e+02,1.699049e+02,-3.651660e-03,-1.876010e-02
6.17700,4.389650e+02,1.690344e+02,-3.472780e-03,-1.776580e-02
6.17800,4.414697e+02,1.666381e+02,-3.291430e-03,-1.674870e-02
6.17900,4.431993e+02,1.674712e+02,-3.108330e-03,-1.570940e-02
6.18000,4.439313e+02,1.747437e+02,-2.924160e-03,-1.464790e-02
6.18100,4.459433e+02,1.721436e+02,-2.739460e-03,-1.356460e-02
6.18200,4.482823e+02,1.701049e+02,-2.555360e-03,-1.246060e-02
6.18300,4.494731e+02,1.689370e+02,-2.372650e-03,-1.133730e-02
6.18400,4.506929e+02,1.715557e+02,-2.192160e-03,-1.019560e-02
6.18500,4.531792e+02,1.553097e+02,-2.014810e-03,-9.036550e-03
6.18600,4.548458e+02,1.622173e+02,-1.841630e-03,-7.861340e-03
6.18700,4.575283e+02,1.583143e+02,-1.673660e-03,-6.671230e-03
6.18800,4.601619e+02,1.564531e+02,-1.511740e-03,-5.467390e-03
6.18900,4.624907e+02,1.567115e+02,-1.356670e-03,-4.250860e-03
6.19000,4.647906e+02,1.551835e+02,-1.209260e-03,-3.022760e-03
6.19100,4.663891e+02,1.603500e+02,-1.070100e-03,-1.784370e-03
6.19200,4.685013e+02,1.514804e+02,-9.398580e-04,-5.372010e-04
6.19300,4.704836e+02,1.564933e+02,-8.190610e-04,7.172850e-04
6.19400,4.713177e+02,1.546080e+02,-7.085430e-04,1.977790e-03
6.19500,4.740031e+02,1.393489e+02,-6.089240e-04,3.242860e-03
6.19600,4.757139e+02,1.365338e+02,-5.206510e-04,4.510850e-03
6.19700,4.773743e+02,1.366015e+02,-4.442660e-04,5.779830e-03
6.19800,4.794783e+02,1.328687e+02,-3.803720e-04,7.047820e-03
6.19900,4.818723e+02,1.288949e+02,-3.296570e-04,8.312900e-03
6.20000,4.839751e+02,1.235941e+02,-2.928120e-04,9.573320e-03
6.20100,4.860621e+02,1.179895e+02,-2.703990e-04,1.082730e-02
6.20200,4.878361e+02,1.198959e+02,-2.628960e-04,1.207300e-02
6.20300,4.883463e+02,1.271212e+02,-2.701630e-04,1.330910e-02
6.20400,4.889067e+02,1.299443e+02,-2.921100e-04,1.453350e-02
6.20500,4.911675e+02,1.076733e+02,-3.284760e-04,1.574450e-02
6.20600,4.911123e+02,1.085447e+02,-3.792690e-04,1.693950e-02
6.20700,4.925772e+02,9.762760e+01,-4.445420e-04,1.811620e-02
6.20800,4.918031e+02,1.039942e+02,-5.238150e-04,1.927240e-02
6.20900,4.928079e+02,9.570067e+01,-6.165660e-04,2.040610e-02
6.21000,4.922075e+02,9.367767e+01,-7.223120e-04,2.151530e-02
6.21100,4.919800e+02,8.876133e+01,-8.401990e-04,2.259830e-02
6.21200,4.931067e+02,8.781060e+01,-9.697100e-04,2.365330e-02
6.21300,4.908707e+02,9.311700e+01,-1.110850e-03,2.467880e-02
6.21400,4.923438e+02,7.918733e+01,-1.262510e-03,2.567340e-02
6.21500,4.915306e+02,6.116285e+01,-1.424250e-03,2.663510e-02
6.21600,4.899027e+02,6.939353e+01,-1.594710e-03,2.756310e-02
6.21700,4.904671e+02,4.851309e+01,-1.772850e-03,2.845540e-02
6.21800,4.883877e+02,6.160891e+01,-1.957750e-03,2.931100e-02
6.21900,4.869573e+02,5.606957e+01,-2.148240e-03,3.012860e-02
6.22000,4.845147e+02,4.230420e+01,-2.343500e-03,3.090700e-02
6.22100,4.834705e+02,4.477021e+01,-2.542070e-03,3.164520e-02
6.22200,4.824066e+02,4.881437e+01,-2.743070e-03,3.234230e-02
6.22300,4.802557e+02,3.123885e+01,-2.945520e-03,3.299760e-02
6.22400,4.800487e+02,3.785117e+01,-3.148680e-03,3.361020e-02
6.22500,4.764207e+02,2.209943e+01,-3.351960e-03,3.417970e-02
6.22600,4.756941e+02,2.787066e+01,-3.553740e-03,3.470580e-02
6.22700,4.730257e+02,1.853701e+01,-3.753080e-03,3.518850e-02
6.22800,4.751907e+02,5.739341e+00,-3.948450e-03,3.562770e-02
6.22900,4.682711e+02,1.289545e+01,-4.138570e-03,3.602310e-02
6.23000,4.659358e+02,1.780064e+01,-4.322320e-03,3.637470e-02
6.23100,4.651199e+02,-1.023857e+01,-4.498690e-03,3.668240e-02
6.23200,4.560377e+02,1.416278e+01,-4.667980e-03,3.694600e-02
6.23300,4.600017e+02,-4.389522e+00,-4.828720e-03,3.716600e-02
6.23400,4.547972e+02,-1.129786e+01,-4.981260e-03,3.734260e-02
6.23500,4.585149e+02,-1.954468e+01,-5.124430e-03,3.747620e-02
6.23600,4.562554e+02,-1.989275e+01,-5.258790e-03,3.756730e-02
6.23700,4.570102e+02,-2.956685e+01,-5.384190e-03,3.761670e-02
6.23800,4.554543e+02,-3.714251e+01,-5.499580e-03,3.762440e-02
6.23900,4.493724e+02,-5.173387e+01,-5.604010e-03,3.758850e-02
6.24000,4.481552e+02,-2.836320e+01,-5.696000e-03,3.751040e-02
6.24100,4.459628e+02,-4.929422e+01,-5.775710e-03,3.739070e-02
6.24200,4.449447e+02,-4.951562e+01,-5.841750e-03,3.723060e-02
6.24300,4.411560e+02,-6.131738e+01,-5.895120e-03,3.703040e-02
6.24400,4.435536e+02,-7.055933e+01,-5.935550e-03,3.679080e-02
6.24500,4.406581e+02,-7.712113e+01,-5.963070e-03,3.651260e-02
6.24600,4.388019e+02,-6.299875e+01,-5.977640e-03,3.619640e-02
6.24700,4.409791e+02,-9.030900e+01,-5.979310e-03,3.584290e-02
6.24800,4.421983e+02,-8.124967e+01,-5.969250e-03,3.545230e-02
6.24900,4.412515e+02,-9.612880e+01,-5.947830e-03,3.502480e-02
6.25000,4.429161e+02,-1.050638e+02,-5.915100e-03,3.456120e-02
6.25100,4.412967e+02,-1.083661e+02,-5.870310e-03,3.406260e-02
6.25200,4.369396e+02,-1.178870e+02,-5.812950e-03,3.352950e-02
6.25300,4.358471e+02,-1.135404e+02,-5.742740e-03,3.296270e-02
6.25400,4.347283e+02,-1.129993e+02,-5.659930e-03,3.236320e-02
6.25500,4.375758e+02,-1.313305e+02,-5.566060e-03,3.173130e-02
6.25600,4.341143e+02,-1.280926e+02,-5.461960e-03,3.106770e-02
6.25700,4.343397e+02,-1.276845e+02,-5.348130e-03,3.037320e-02
6.25800,4.373447e+02,-1.354135e+02,-5.224830e-03,2.964820e-02
6.25900,4.375962e+02,-1.384959e+02,-5.092840e-03,2.889330e-02
6.26000,4.402313e+02,-1.455909e+02,-4.953190e-03,2.810920e-02
6.26100,4.424753e+02,-1.508715e+02,-4.807350e-03,2.729600e-02
6.26200,4.431933e+02,-1.558739e+02,-4.655370e-03,2.645380e-02
6.26300,4.406581e+02,-1.523779e+02,-4.496770e-03,2.558290e-02
6.26400,4.417630e+02,-1.647547e+02,-4.330730e-03,2.468480e-02
6.26500,4.388457e+02,-1.616905e+02,-4.157260e-03,2.376090e-02
6.26600,4.368913e+02,-1.544321e+02,-3.977380e-03,2.281230e-02
6.26700,4.395722e+02,-1.574823e+02,-3.792460e-03,2.183980e-02
6.26800,4.407365e+02,-1.621126e+02,-3.604150e-03,2.084420e-02
6.26900,4.429603e+02,-1.618359e+02,-3.413400e-03,1.982630e-02
6.27000,4.459653e+02,-1.609879e+02,-3.221070e-03,1.878660e-02
6.27100,4.492307e+02,-1.617042e+02,-3.027680e-03,1.772530e-02
6.27200,4.513527e+02,-1.578256e+02,-2.834370e-03,1.664220e-02
6.27300,4.543442e+02,-1.539526e+02,-2.642700e-03,1.553810e-02
6.27400,4.552695e+02,-1.606414e+02,-2.453590e-03,1.441410e-02
6.27500,4.549345e+02,-1.561876e+02,-2.267140e-03,1.327150e-02
6.27600,4.550325e+02,-1.521130e+02,-2.083130e-03,1.211160e-02
6.27700,4.562610e+02,-1.631699e+02,-1.901980e-03,1.093560e-02
6.27800,4.566880e+02,-1.565814e+02,-1.724610e-03,9.744920e-03
6.27900,4.591589e+02,-1.501464e+02,-1.552620e-03,8.540860e-03
6.28000,4.619720e+02,-1.487719e+02,-1.387620e-03,7.324820e-03
6.28100,4.651693e+02,-1.463015e+02,-1.230570e-03,6.098100e-03
6.28200,4.684409e+02,-1.449941e+02,-1.082150e-03,4.861880e-03
6.28300,4.714088e+02,-1.426872e+02,-9.428420e-04,3.617320e-03
6.28400,4.734493e+02,-1.416996e+02,-8.133450e-04,2.365570e-03
6.28500,4.745587e+02,-1.393591e+02,-6.941740e-04,1.107750e-03
6.28600,4.749183e+02,-1.341521e+02,-5.856450e-04,-1.549090e-04
6.28700,4.749861e+02,-1.331145e+02,-4.881270e-04,-1.420850e-03
6.28800,4.758817e+02,-1.154029e+02,-4.020540e-04,-2.688000e-03
6.28900,4.770583e+02,-1.141775e+02,-3.277080e-04,-3.954230e-03
6.29000,4.787173e+02,-1.163744e+02,-2.657680e-04,-5.217350e-03
6.29100,4.810118e+02,-1.135453e+02,-2.171780e-04,-6.475280e-03
6.29200,4.842017e+02,-1.084566e+02,-1.829750e-04,-7.726180e-03
6.29300,4.867923e+02,-1.041475e+02,-1.637940e-04,-8.968300e-03
6.29400,4.891451e+02,-9.832207e+01,-1.600110e-04,-1.020010e-02
6.29500,4.909443e+02,-9.734640e+01,-1.719490e-04,-1.142030e-02
6.29600,4.906679e+02,-9.677527e+01,-1.992150e-04,-1.262730e-02
6.29700,4.895387e+02,-9.830993e+01,-2.407840e-04,-1.381920e-02
6.29800,4.900109e+02,-8.085807e+01,-2.958480e-04,-1.499350e-02
6.29900,4.881639e+02,-9.094587e+01,-3.644630e-04,-1.614810e-02
6.30000,4.887565e+02,-7.377387e+01,-4.464740e-04,-1.728070e-02
6.30100,4.881802e+02,-7.215347e+01,-5.414490e-04,-1.838920e-02
6.30200,4.877251e+02,-8.692940e+01,-6.487010e-04,-1.947160e-02
6.30300,4.891614e+02,-6.550025e+01,-7.676130e-04,-2.052650e-02
6.30400,4.893925e+02,-5.923510e+01,-8.978380e-04,-2.155200e-02
6.30500,4.913797e+02,-5.539877e+01,-1.039160e-03,-2.254680e-02
6.30600,4.911222e+02,-4.753183e+01,-1.191790e-03,-2.350940e-02
6.30700,4.899735e+02,-5.651238e+01,-1.355170e-03,-2.443860e-02
6.30800,4.863532e+02,-6.664923e+01,-1.527210e-03,-2.533290e-02
6.30900,4.841010e+02,-4.985953e+01,-1.705150e-03,-2.619180e-02
6.31000,4.821225e+02,-2.763045e+01,-1.887390e-03,-2.701400e-02
6.31100,4.781071e+02,-4.292570e+01,-2.073770e-03,-2.779790e-02
6.31200,4.774545e+02,-3.221428e+01,-2.264320e-03,-2.854250e-02
6.31300,4.781583e+02,-1.129212e+01,-2.458840e-03,-2.924600e-02
6.31400,4.751657e+02,-2.171233e+01,-2.655950e-03,-2.990810e-02
6.31500,4.731398e+02,-2.933278e+01,-2.854010e-03,-3.052790e-02
6.31600,4.726747e+02,-2.984993e+01,-3.051700e-03,-3.110520e-02
6.31700,4.745567e+02,-4.226965e+00,-3.248550e-03,-3.163910e-02
6.31800,4.723019e+02,-9.511327e+00,-3.444730e-03,-3.213010e-02
6.31900,4.691642e+02,3.587685e+00,-3.639250e-03,-3.257790e-02
6.32000,4.627631e+02,-8.669240e-01,-3.829780e-03,-3.298280e-02
6.32100,4.608846e+02,9.808947e+00,-4.014160e-03,-3.334460e-02
6.32200,4.563991e+02,2.402757e+01,-4.191070e-03,-3.366360e-02
6.32300,4.560049e+02,2.451733e+01,-4.360180e-03,-3.393950e-02
6.32400,4.535931e+02,2.424558e+01,-4.521560e-03,-3.417230e-02
6.32500,4.517236e+02,2.479063e+01,-4.675500e-03,-3.436200e-02
6.32600,4.520413e+02,3.197040e+01,-4.821150e-03,-3.450910e-02
6.32700,4.513411e+02,3.761574e+01,-4.958090e-03,-3.461410e-02
6.32800,4.510380e+02,3.383284e+01,-5.085950e-03,-3.467770e-02
6.32900,4.491753e+02,3.795182e+01,-5.204960e-03,-3.470010e-02
6.33000,4.491024e+02,5.886889e+01,-5.315170e-03,-3.467950e-02
6.33100,4.463830e+02,7.666040e+01,-5.415790e-03,-3.461590e-02
6.33200,4.430691e+02,7.279013e+01,-5.504750e-03,-3.451110e-02
6.33300,4.421500e+02,5.812176e+01,-5.580420e-03,-3.436640e-02
6.33400,4.373068e+02,7.209100e+01,-5.642000e-03,-3.418270e-02
6.33500,4.357295e+02,7.517527e+01,-5.689690e-03,-3.396040e-02
6.33600,4.326582e+02,7.705647e+01,-5.724300e-03,-3.370010e-02
6.33700,4.350997e+02,8.903447e+01,-5.746860e-03,-3.340220e-02
6.33800,4.345372e+02,9.065293e+01,-5.757550e-03,-3.306720e-02
6.33900,4.353433e+02,9.455093e+01,-5.756090e-03,-3.269580e-02
6.34000,4.334370e+02,9.426120e+01,-5.742220e-03,-3.228850e-02
6.34100,4.346989e+02,1.234199e+02,-5.716630e-03,-3.184580e-02
6.34200,4.361136e+02,1.171259e+02,-5.680550e-03,-3.136790e-02
6.34300,4.333013e+02,1.390735e+02,-5.634240e-03,-3.085520e-02
6.34400,4.332813e+02,1.337884e+02,-5.577030e-03,-3.030850e-02
6.34500,4.337557e+02,1.384427e+02,-5.508380e-03,-2.972840e-02
6.34600,4.303169e+02,1.385763e+02,-5.428100e-03,-2.911580e-02
6.34700,4.290009e+02,1.323064e+02,-5.336340e-03,-2.847130e-02
6.34800,4.303527e+02,1.355270e+02,-5.234060e-03,-2.779590e-02
6.34900,4.309409e+02,1.393679e+02,-5.122630e-03,-2.709000e-02
6.35000,4.321073e+02,1.444929e+02,-5.003000e-03,-2.635440e-02
6.35100,4.339899e+02,1.478970e+02,-4.875440e-03,-2.558990e-02
6.35200,4.335778e+02,1.526053e+02,-4.740140e-03,-2.479700e-02
6.35300,4.358066e+02,1.587671e+02,-4.597540e-03,-2.397540e-02
6.35400,4.352954e+02,1.563774e+02,-4.448010e-03,-2.312480e-02
6.35500,4.336737e+02,1.649511e+02,-4.291820e-03,-2.224610e-02
6.35600,4.359061e+02,1.630952e+02,-4.128770e-03,-2.134030e-02
6.35700,4.351676e+02,1.589243e+02,-3.959340e-03,-2.040890e-02
6.35800,4.352272e+02,1.634858e+02,-3.784250e-03,-1.945280e-02
6.35900,4.364071e+02,1.649328e+02,-3.604490e-03,-1.847290e-02
6.36000,4.384957e+02,1.657934e+02,-3.421310e-03,-1.746990e-02
6.36100,4.411357e+02,1.647763e+02,-3.236260e-03,-1.644460e-02
6.36200,4.442431e+02,1.675013e+02,-3.050660e-03,-1.539720e-02
6.36300,4.469929e+02,1.680215e+02,-2.865280e-03,-1.432770e-02
6.36400,4.487132e+02,1.737308e+02,-2.680770e-03,-1.323670e-02
6.36500,4.515311e+02,1.687719e+02,-2.497970e-03,-1.212520e-02
6.36600,4.528231e+02,1.624002e+02,-2.317630e-03,-1.099420e-02
6.36700,4.531081e+02,1.640190e+02,-2.140080e-03,-9.844590e-03
6.36800,4.535205e+02,1.625305e+02,-1.965680e-03,-8.677680e-03
6.36900,4.548745e+02,1.606089e+02,-1.794890e-03,-7.494820e-03
6.37000,4.565091e+02,1.574131e+02,-1.628670e-03,-6.297410e-03
6.37100,4.585721e+02,1.571947e+02,-1.467960e-03,-5.086910e-03
6.37200,4.614082e+02,1.569823e+02,-1.313750e-03,-3.864720e-03
6.37300,4.647685e+02,1.565317e+02,-1.167220e-03,-2.632140e-03
6.37400,4.674496e+02,1.578490e+02,-1.029540e-03,-1.390440e-03
6.37500,4.703994e+02,1.548004e+02,-9.014010e-04,-1.408210e-04
6.37600,4.728869e+02,1.545793e+02,-7.833960e-04,1.115900e-03
6.37700,4.742254e+02,1.463490e+02,-6.759660e-04,2.378880e-03
6.37800,4.754195e+02,1.409495e+02,-5.795140e-04,3.646820e-03
6.37900,4.767689e+02,1.319905e+02,-4.944260e-04,4.917900e-03
6.38000,4.774705e+02,1.307634e+02,-4.212100e-04,6.189930e-03
6.38100,4.783562e+02,1.331811e+02,-3.607520e-04,7.460500e-03
6.38200,4.809382e+02,1.291663e+02,-3.138230e-04,8.727400e-03
6.38300,4.832548e+02,1.277035e+02,-2.809770e-04,9.988540e-03
6.38400,4.864230e+02,1.206561e+02,-2.627290e-04,1.124190e-02
6.38500,4.888517e+02,1.163348e+02,-2.596420e-04,1.248590e-02
6.38600,4.910163e+02,1.177110e+02,-2.719820e-04,1.371880e-02
6.38700,4.927307e+02,1.164446e+02,-2.999050e-04,1.493930e-02
6.38800,4.924516e+02,1.209439e+02,-3.435060e-04,1.614560e-02
6.38900,4.933115e+02,9.771427e+01,-4.017240e-04,1.733540e-02
6.39000,4.924005e+02,9.907927e+01,-4.732170e-04,1.850680e-02
6.39100,4.902288e+02,1.064570e+02,-5.572370e-04,1.965760e-02
6.39200,4.908369e+02,9.791733e+01,-6.537290e-04,2.078560e-02
6.39300,4.908709e+02,8.668567e+01,-7.626520e-04,2.188850e-02
6.39400,4.911613e+02,8.124900e+01,-8.835940e-04,2.296450e-02
6.39500,4.914795e+02,7.456920e+01,-1.016030e-03,2.401150e-02
6.39600,4.916659e+02,8.094367e+01,-1.159450e-03,2.502800e-02
6.39700,4.942796e+02,7.432847e+01,-1.313150e-03,2.601250e-02
6.39800,4.940602e+02,6.148513e+01,-1.476910e-03,2.696360e-02
6.39900,4.928506e+02,8.196420e+01,-1.650770e-03,2.788010e-02
6.40000,4.924135e+02,5.709808e+01,-1.833760e-03,2.876060e-02
6.40100,4.880409e+02,5.730199e+01,-2.023840e-03,2.960410e-02
6.40200,4.870301e+02,4.474913e+01,-2.217880e-03,3.041000e-02
6.40300,4.823937e+02,5.305719e+01,-2.414880e-03,3.117670e-02
6.40400,4.822679e+02,4.799364e+01,-2.614380e-03,3.190280e-02
6.40500,4.815030e+02,3.400760e+01,-2.815920e-03,3.258720e-02
6.40600,4.790539e+02,3.431517e+01,-3.019580e-03,3.322860e-02
6.40700,4.786162e+02,3.298267e+01,-3.223370e-03,3.382670e-02
6.40800,4.766240e+02,2.745559e+01,-3.426040e-03,3.438120e-02
6.40900,4.765635e+02,2.145483e+01,-3.625800e-03,3.489240e-02
6.41000,4.732575e+02,1.860754e+01,-3.822130e-03,3.536040e-02
6.41100,4.711471e+02,3.023855e+01,-4.014490e-03,3.578490e-02
6.41200,4.679777e+02,6.744827e+00,-4.202650e-03,3.616580e-02
6.41300,4.645414e+02,7.522233e+00,-4.385290e-03,3.650300e-02
6.41400,4.626938e+02,-5.211963e+00,-4.560550e-03,3.679670e-02
6.41500,4.586181e+02,-1.873693e+00,-4.727680e-03,3.704670e-02
6.41600,4.628716e+02,-2.104445e+01,-4.885980e-03,3.725300e-02
6.41700,4.577885e+02,-2.100545e+01,-5.035450e-03,3.741600e-02
6.41800,4.584982e+02,-2.815057e+01,-5.176150e-03,3.753550e-02
6.41900,4.573380e+02,-3.090963e+01,-5.308180e-03,3.761230e-02
6.42000,4.564337e+02,-4.454443e+01,-5.431270e-03,3.764730e-02
6.42100,4.536548e+02,-3.908901e+01,-5.544120e-03,3.763970e-02
6.42200,4.518021e+02,-3.497883e+01,-5.644970e-03,3.758900e-02
6.42300,4.487083e+02,-3.430697e+01,-5.732520e-03,3.749680e-02
6.42400,4.469288e+02,-6.089289e+01,-5.806970e-03,3.736380e-02
6.42500,4.419021e+02,-5.804743e+01,-5.868290e-03,3.719110e-02
6.42600,4.456958e+02,-6.889880e+01,-5.916840e-03,3.697900e-02
6.42700,4.403030e+02,-6.936433e+01,-5.952640e-03,3.672760e-02
6.42800,4.411549e+02,-7.813793e+01,-5.975680e-03,3.643740e-02
6.42900,4.415177e+02,-8.063360e+01,-5.986020e-03,3.610910e-02
6.43000,4.426603e+02,-8.812413e+01,-5.984000e-03,3.574310e-02
6.43100,4.425875e+02,-8.955060e+01,-5.970360e-03,3.534000e-02
6.43200,4.414608e+02,-1.086428e+02,-5.946030e-03,3.490020e-02
6.43300,4.416203e+02,-9.359360e+01,-5.910990e-03,3.442440e-02
6.43400,4.413962e+02,-9.163333e+01,-5.864660e-03,3.391370e-02
6.43500,4.373887e+02,-1.038314e+02,-5.805530e-03,3.336890e-02
6.43600,4.359931e+02,-1.091687e+02,-5.733170e-03,3.279100e-02
6.43700,4.340204e+02,-1.261139e+02,-5.647830e-03,3.218090e-02
6.43800,4.326169e+02,-1.203059e+02,-5.550620e-03,3.153890e-02
6.43900,4.336799e+02,-1.260349e+02,-5.442650e-03,3.086550e-02
6.44000,4.341997e+02,-1.330782e+02,-5.324470e-03,3.016140e-02
6.44100,4.361697e+02,-1.370227e+02,-5.196910e-03,2.942680e-02
6.44200,4.383093e+02,-1.411145e+02,-5.060770e-03,2.866230e-02
6.44300,4.398052e+02,-1.478732e+02,-4.916970e-03,2.786890e-02
6.44400,4.419287e+02,-1.448756e+02,-4.766330e-03,2.704650e-02
6.44500,4.428933e+02,-1.615567e+02,-4.609820e-03,2.619490e-02
6.44600,4.402755e+02,-1.493026e+02,-4.447550e-03,2.531480e-02
6.44700,4.417507e+02,-1.652793e+02,-4.279020e-03,2.440790e-02
6.44800,4.402162e+02,-1.555687e+02,-4.104300e-03,2.347530e-02
6.44900,4.405215e+02,-1.519299e+02,-3.924050e-03,2.251830e-02
6.45000,4.406911e+02,-1.538714e+02,-3.739280e-03,2.153750e-02
6.45100,4.423021e+02,-1.586289e+02,-3.551160e-03,2.053370e-02
6.45200,4.441983e+02,-1.620647e+02,-3.360730e-03,1.950760e-02
6.45300,4.469414e+02,-1.623566e+02,-3.168910e-03,1.845980e-02
6.45400,4.493322e+02,-1.600057e+02,-2.976370e-03,1.739030e-02
6.45500,4.513714e+02,-1.597502e+02,-2.783690e-03,1.629940e-02
6.45600,4.536762e+02,-1.590142e+02,-2.592000e-03,1.518850e-02
6.45700,4.546541e+02,-1.580829e+02,-2.402500e-03,1.405830e-02
6.45800,4.551090e+02,-1.559493e+02,-2.215630e-03,1.290970e-02
6.45900,4.556523e+02,-1.540640e+02,-2.031590e-03,1.174410e-02
6.46000,4.569889e+02,-1.551327e+02,-1.850910e-03,1.056250e-02
6.46100,4.573183e+02,-1.524046e+02,-1.674670e-03,9.366420e-03
6.46200,4.607388e+02,-1.502691e+02,-1.504070e-03,8.157130e-03
6.46300,4.631486e+02,-1.464350e+02,-1.340310e-03,6.936020e-03
6.46400,4.660109e+02,-1.457197e+02,-1.184580e-03,5.704400e-03
6.46500,4.690829e+02,-1.438585e+02,-1.038000e-03,4.463510e-03
6.46600,4.714261e+02,-1.398791e+02,-9.010920e-04,3.214720e-03
6.46700,4.737906e+02,-1.393348e+02,-7.741530e-04,1.959370e-03
6.46800,4.749107e+02,-1.353987e+02,-6.578490e-04,6.985290e-04
6.46900,4.762440e+02,-1.306453e+02,-5.526510e-04,-5.664660e-04
6.47000,4.763685e+02,-1.260758e+02,-4.588530e-04,-1.833890e-03
6.47100,4.766477e+02,-1.266235e+02,-3.767380e-04,-3.101710e-03
6.47200,4.781443e+02,-1.210061e+02,-3.069830e-04,-4.367890e-03
6.47300,4.800235e+02,-1.159511e+02,-2.503010e-04,-5.630390e-03
6.47400,4.821455e+02,-1.121587e+02,-2.071630e-04,-6.887360e-03
6.47500,4.847608e+02,-1.075284e+02,-1.781960e-04,-8.136930e-03
6.47600,4.871599e+02,-1.003950e+02,-1.640570e-04,-9.377340e-03
6.47700,4.891792e+02,-9.451540e+01,-1.652620e-04,-1.060710e-02
6.47800,4.901273e+02,-9.951133e+01,-1.816740e-04,-1.182470e-02
6.47900,4.903138e+02,-9.542013e+01,-2.129690e-04,-1.302810e-02
6.48000,4.896541e+02,-9.425360e+01,-2.584980e-04,-1.421540e-02
6.48100,4.889671e+02,-1.003847e+02,-3.176710e-04,-1.538430e-02
6.48200,4.887061e+02,-9.063867e+01,-3.901890e-04,-1.653270e-02
6.48300,4.893531e+02,-6.916020e+01,-4.759410e-04,-1.765840e-02
6.48400,4.884343e+02,-7.929107e+01,-5.748270e-04,-1.875950e-02
6.48500,4.894185e+02,-6.436153e+01,-6.863580e-04,-1.983390e-02
6.48600,4.899141e+02,-5.524785e+01,-8.099010e-04,-2.088000e-02
6.48700,4.896279e+02,-7.249353e+01,-9.447720e-04,-2.189600e-02
6.48800,4.907889e+02,-5.446620e+01,-1.090490e-03,-2.288060e-02
6.48900,4.899930e+02,-4.576299e+01,-1.246310e-03,-2.383240e-02
6.49000,4.873825e+02,-5.347057e+01,-1.411010e-03,-2.475010e-02
6.49100,4.854247e+02,-3.905519e+01,-1.583190e-03,-2.563250e-02
6.49200,4.825936e+02,-4.539135e+01,-1.761710e-03,-2.647890e-02
6.49300,4.818519e+02,-3.835349e+01,-1.945950e-03,-2.728800e-02
6.49400,4.801542e+02,-2.267714e+01,-2.135200e-03,-2.805820e-02
6.49500,4.784651e+02,-2.977721e+01,-2.328380e-03,-2.878860e-02
6.49600,4.793664e+02,-3.504355e+00,-2.524850e-03,-2.947790e-02
6.49700,4.766855e+02,-3.201452e+01,-2.723450e-03,-3.012530e-02
6.49800,4.757075e+02,-2.227898e+01,-2.922640e-03,-3.073030e-02
6.49900,4.740547e+02,-1.474760e+01,-3.121130e-03,-3.129260e-02
6.50000,4.713153e+02,1.420073e-01,-3.317830e-03,-3.181190e-02
6.50100,4.650125e+02,-2.396639e+01,-3.511820e-03,-3.228820e-02
6.50200,4.639747e+02,-1.757697e+01,-3.702140e-03,-3.272180e-02
6.50300,4.629527e+02,2.437161e+01,-3.888170e-03,-3.311220e-02
6.50400,4.603273e+02,2.322917e+01,-4.069060e-03,-3.345900e-02
6.50500,4.589963e+02,1.038682e+01,-4.243830e-03,-3.376220e-02
6.50600,4.589307e+02,1.084474e+01,-4.411740e-03,-3.402220e-02
6.50700,4.569986e+02,2.176463e+01,-4.571880e-03,-3.423890e-02
6.50800,4.554851e+02,2.480197e+01,-4.724500e-03,-3.441250e-02
6.50900,4.532844e+02,2.590707e+01,-4.869310e-03,-3.454350e-02
6.51000,4.508428e+02,1.883894e+01,-5.005450e-03,-3.463210e-02
6.51100,4.488289e+02,3.845382e+01,-5.131900e-03,-3.467980e-02
6.51200,4.463219e+02,4.489218e+01,-5.247420e-03,-3.468670e-02
6.51300,4.439221e+02,4.884080e+01,-5.350800e-03,-3.465130e-02
6.51400,4.400095e+02,5.247775e+01,-5.441890e-03,-3.457490e-02
6.51500,4.397231e+02,7.163080e+01,-5.521260e-03,-3.445830e-02
6.51600,4.397204e+02,6.910427e+01,-5.589260e-03,-3.430210e-02
6.51700,4.410096e+02,7.394240e+01,-5.645860e-03,-3.410670e-02
6.51800,4.401961e+02,8.183747e+01,-5.690830e-03,-3.387240e-02
6.51900,4.358930e+02,7.993333e+01,-5.724080e-03,-3.359980e-02
6.52000,4.419917e+02,1.055559e+02,-5.745880e-03,-3.328870e-02
6.52100,4.398541e+02,9.385080e+01,-5.755830e-03,-3.293970e-02
6.52200,4.381331e+02,9.541367e+01,-5.753530e-03,-3.255380e-02
6.52300,4.331577e+02,1.010949e+02,-5.738730e-03,-3.213210e-02
6.52400,4.337417e+02,1.094524e+02,-5.710570e-03,-3.167590e-02
6.52500,4.301411e+02,1.155102e+02,-5.669490e-03,-3.118590e-02
6.52600,4.300855e+02,1.217067e+02,-5.616380e-03,-3.066240e-02
6.52700,4.296465e+02,1.226087e+02,-5.551780e-03,-3.010610e-02
6.52800,4.304607e+02,1.257362e+02,-5.476670e-03,-2.951730e-02
6.52900,4.324533e+02,1.304455e+02,-5.391530e-03,-2.889630e-02
6.53000,4.339260e+02,1.361841e+02,-5.297140e-03,-2.824360e-02
6.53100,4.350511e+02,1.374825e+02,-5.194010e-03,-2.755910e-02
6.53200,4.360175e+02,1.449009e+02,-5.082620e-03,-2.684330e-02
6.53300,4.341119e+02,1.565845e+02,-4.963110e-03,-2.609660e-02
6.53400,4.341547e+02,1.475857e+02,-4.835000e-03,-2.532050e-02
6.53500,4.324455e+02,1.576715e+02,-4.697950e-03,-2.451570e-02
6.53600,4.312619e+02,1.579711e+02,-4.551750e-03,-2.368290e-02
6.53700,4.327212e+02,1.529633e+02,-4.397450e-03,-2.282250e-02
6.53800,4.325835e+02,1.560447e+02,-4.236110e-03,-2.193560e-02
6.53900,4.337525e+02,1.611272e+02,-4.068760e-03,-2.102350e-02
6.54000,4.361847e+02,1.629281e+02,-3.896680e-03,-2.008680e-02
6.54100,4.389238e+02,1.656278e+02,-3.720840e-03,-1.912600e-02
6.54200,4.419359e+02,1.669449e+02,-3.541960e-03,-1.814140e-02
6.54300,4.442715e+02,1.677181e+02,-3.361310e-03,-1.713300e-02
6.54400,4.456805e+02,1.707145e+02,-3.179670e-03,-1.610070e-02
6.54500,4.460558e+02,1.666645e+02,-2.997220e-03,-1.504510e-02
6.54600,4.461957e+02,1.665717e+02,-2.813800e-03,-1.396670e-02
6.54700,4.464283e+02,1.642289e+02,-2.629840e-03,-1.286740e-02
6.54800,4.468664e+02,1.728795e+02,-2.446090e-03,-1.174870e-02
6.54900,4.479759e+02,1.710202e+02,-2.263890e-03,-1.061210e-02
6.55000,4.508971e+02,1.649405e+02,-2.084450e-03,-9.458870e-03
6.55100,4.538968e+02,1.623708e+02,-1.909110e-03,-8.289810e-03
6.55200,4.570897e+02,1.616097e+02,-1.739020e-03,-7.105780e-03
6.55300,4.608282e+02,1.613439e+02,-1.574900e-03,-5.907580e-03
6.55400,4.644663e+02,1.622135e+02,-1.417660e-03,-4.695820e-03
6.55500,4.656992e+02,1.583495e+02,-1.267990e-03,-3.471180e-03
6.55600,4.669147e+02,1.584348e+02,-1.126240e-03,-2.234740e-03
6.55700,4.676876e+02,1.538721e+02,-9.926420e-04,-9.880780e-04
6.55800,4.685160e+02,1.480072e+02,-8.675880e-04,2.669480e-04
6.55900,4.694432e+02,1.480947e+02,-7.516740e-04,1.528660e-03
6.56000,4.704077e+02,1.450783e+02,-6.456450e-04,2.795290e-03
6.56100,4.733419e+02,1.397341e+02,-5.508260e-04,4.064960e-03
6.56200,4.766682e+02,1.358387e+02,-4.683960e-04,5.335720e-03
6.56300,4.798165e+02,1.337068e+02,-3.990060e-04,6.605600e-03
6.56400,4.832107e+02,1.306566e+02,-3.434080e-04,7.872980e-03
6.56500,4.855450e+02,1.302465e+02,-3.022110e-04,9.136450e-03
6.56600,4.887653e+02,1.092884e+02,-2.759670e-04,1.039460e-02
6.56700,4.880643e+02,1.242855e+02,-2.646110e-04,1.164600e-02
6.56800,4.884628e+02,1.178081e+02,-2.678080e-04,1.288890e-02
6.56900,4.880496e+02,1.269633e+02,-2.852640e-04,1.412130e-02
6.57000,4.884051e+02,1.130062e+02,-3.167740e-04,1.534080e-02
6.57100,4.887755e+02,1.136107e+02,-3.622080e-04,1.654480e-02
6.57200,4.893272e+02,1.097569e+02,-4.214590e-04,1.773040e-02
6.57300,4.911698e+02,9.870873e+01,-4.944780e-04,1.889540e-02
6.57400,4.926434e+02,9.350127e+01,-5.813100e-04,2.003780e-02
6.57500,4.946528e+02,8.630060e+01,-6.816790e-04,2.115600e-02
6.57600,4.951489e+02,9.178967e+01,-7.954410e-04,2.224860e-02
6.57700,4.966081e+02,8.354387e+01,-9.225440e-04,2.331430e-02
6.57800,4.947376e+02,1.025367e+02,-1.062780e-03,2.435150e-02
6.57900,4.942461e+02,7.365500e+01,-1.214240e-03,2.535880e-02
6.58000,4.910934e+02,7.969180e+01,-1.374630e-03,2.633460e-02
6.58100,4.910530e+02,3.759898e+01,-1.542510e-03,2.727710e-02
6.58200,4.873811e+02,7.018860e+01,-1.717190e-03,2.818470e-02
6.58300,4.869652e+02,5.149613e+01,-1.899060e-03,2.905500e-02
6.58400,4.847985e+02,6.315059e+01,-2.087290e-03,2.988710e-02
6.58500,4.829717e+02,6.259227e+01,-2.280920e-03,3.067970e-02
6.58600,4.821969e+02,6.235691e+01,-2.478470e-03,3.143170e-02
6.58700,4.848989e+02,3.556693e+01,-2.678590e-03,3.214260e-02
6.58800,4.836447e+02,4.243127e+01,-2.880590e-03,3.281190e-02
6.58900,4.812159e+02,4.388341e+01,-3.083910e-03,3.343920e-02
6.59000,4.795531e+02,4.422477e+01,-3.288110e-03,3.402390e-02
6.59100,4.727947e+02,3.900748e+01,-3.491650e-03,3.456600e-02
6.59200,4.730032e+02,2.146977e+01,-3.692350e-03,3.506510e-02
6.59300,4.691605e+02,1.603933e+01,-3.888520e-03,3.552120e-02
6.59400,4.678433e+02,1.677719e+01,-4.079460e-03,3.593330e-02
6.59500,4.665917e+02,1.480452e+01,-4.265060e-03,3.630100e-02
6.59600,4.634513e+02,-1.584174e+00,-4.444730e-03,3.662390e-02
6.59700,4.657872e+02,-2.425244e+01,-4.617700e-03,3.690220e-02
6.59800,4.651531e+02,-5.544044e+00,-4.783420e-03,3.713640e-02
6.59900,4.620885e+02,-1.819607e+01,-4.940940e-03,3.732680e-02
6.60000,4.583229e+02,1.665663e+00,-5.089680e-03,3.747440e-02
6.60100,4.572149e+02,-4.255785e+01,-5.228950e-03,3.757980e-02
6.60200,4.531530e+02,-4.387181e+01,-5.358170e-03,3.764380e-02
6.60300,4.509021e+02,-5.536273e+01,-5.476870e-03,3.766700e-02
6.60400,4.481075e+02,-3.712895e+01,-5.583280e-03,3.764760e-02
6.60500,4.416716e+02,-4.826351e+01,-5.677150e-03,3.758500e-02
6.60600,4.462307e+02,-5.292722e+01,-5.758460e-03,3.748050e-02
6.60700,4.455058e+02,-5.585183e+01,-5.827500e-03,3.733480e-02
6.60800,4.455611e+02,-6.264822e+01,-5.884360e-03,3.714860e-02
6.60900,4.454878e+02,-6.536107e+01,-5.929350e-03,3.692240e-02
6.61000,4.443269e+02,-7.278453e+01,-5.962580e-03,3.665690e-02
6.61100,4.446189e+02,-7.199700e+01,-5.984050e-03,3.635290e-02
6.61200,4.440824e+02,-8.975893e+01,-5.994050e-03,3.601070e-02
6.61300,4.413463e+02,-1.070501e+02,-5.992190e-03,3.563150e-02
6.61400,4.407378e+02,-9.791220e+01,-5.977580e-03,3.521610e-02
6.61500,4.373355e+02,-8.381820e+01,-5.949810e-03,3.476550e-02
6.61600,4.391667e+02,-1.044318e+02,-5.908530e-03,3.428030e-02
6.61700,4.358496e+02,-9.957880e+01,-5.854160e-03,3.376090e-02
6.61800,4.326138e+02,-1.165681e+02,-5.787020e-03,3.320780e-02
6.61900,4.352451e+02,-1.128644e+02,-5.707780e-03,3.262160e-02
6.62000,4.353567e+02,-1.223943e+02,-5.617340e-03,3.200270e-02
6.62100,4.366237e+02,-1.245425e+02,-5.516360e-03,3.135170e-02
6.62200,4.376546e+02,-1.297489e+02,-5.405490e-03,3.066910e-02
6.62300,4.397551e+02,-1.328264e+02,-5.285700e-03,2.995530e-02
6.62400,4.398539e+02,-1.338173e+02,-5.158000e-03,2.921080e-02
6.62500,4.400351e+02,-1.419705e+02,-5.022900e-03,2.843660e-02
6.62600,4.379061e+02,-1.294877e+02,-4.880660e-03,2.763350e-02
6.62700,4.424029e+02,-1.521363e+02,-4.730580e-03,2.680180e-02
6.62800,4.388409e+02,-1.494533e+02,-4.572410e-03,2.594150e-02
6.62900,4.378324e+02,-1.652494e+02,-4.406990e-03,2.505360e-02
6.63000,4.401373e+02,-1.534355e+02,-4.234780e-03,2.413960e-02
6.63100,4.395923e+02,-1.563273e+02,-4.057170e-03,2.320050e-02
6.63200,4.414951e+02,-1.579661e+02,-3.874960e-03,2.223740e-02
6.63300,4.424621e+02,-1.602023e+02,-3.689040e-03,2.125080e-02
6.63400,4.461075e+02,-1.651221e+02,-3.499820e-03,2.024130e-02
6.63500,4.464610e+02,-1.621717e+02,-3.308170e-03,1.920950e-02
6.63600,4.492609e+02,-1.602608e+02,-3.115310e-03,1.815540e-02
6.63700,4.492380e+02,-1.603903e+02,-2.922060e-03,1.707910e-02
6.63800,4.504883e+02,-1.553811e+02,-2.729020e-03,1.598130e-02
6.63900,4.511180e+02,-1.586526e+02,-2.536720e-03,1.486340e-02
6.64000,4.527776e+02,-1.630297e+02,-2.346110e-03,1.372670e-02
6.64100,4.540810e+02,-1.610882e+02,-2.158110e-03,1.257240e-02
6.64200,4.561936e+02,-1.568987e+02,-1.973990e-03,1.140160e-02
6.64300,4.590419e+02,-1.521699e+02,-1.794920e-03,1.021560e-02
6.64400,4.615673e+02,-1.491760e+02,-1.622040e-03,9.015500e-03
6.64500,4.637746e+02,-1.520455e+02,-1.455910e-03,7.802690e-03
6.64600,4.665970e+02,-1.453714e+02,-1.297040e-03,6.578340e-03
6.64700,4.683011e+02,-1.467471e+02,-1.146100e-03,5.343650e-03
6.64800,4.696793e+02,-1.421045e+02,-1.003890e-03,4.099880e-03
6.64900,4.711615e+02,-1.394903e+02,-8.708740e-04,2.848480e-03
6.65000,4.715309e+02,-1.363235e+02,-7.472310e-04,1.590730e-03
6.65100,4.728803e+02,-1.288877e+02,-6.331380e-04,3.278590e-04
6.65200,4.735233e+02,-1.325183e+02,-5.291270e-04,-9.385950e-04
6.65300,4.753743e+02,-1.280532e+02,-4.360820e-04,-2.206770e-03
6.65400,4.776107e+02,-1.227950e+02,-3.550270e-04,-3.474670e-03
6.65500,4.799763e+02,-1.179265e+02,-2.871680e-04,-4.740300e-03
6.65600,4.823181e+02,-1.158486e+02,-2.332500e-04,-6.001840e-03
6.65700,4.849432e+02,-1.063105e+02,-1.939140e-04,-7.257670e-03
6.65800,4.864212e+02,-1.126910e+02,-1.694080e-04,-8.506130e-03
6.65900,4.883172e+02,-1.041421e+02,-1.600310e-04,-9.745590e-03
6.66000,4.897336e+02,-9.329160e+01,-1.660960e-04,-1.097440e-02
6.66100,4.898889e+02,-9.561080e+01,-1.874510e-04,-1.219080e-02
6.66200,4.892348e+02,-1.008286e+02,-2.235860e-04,-1.339250e-02
6.66300,4.891585e+02,-9.872773e+01,-2.738870e-04,-1.457690e-02
6.66400,4.894212e+02,-8.435660e+01,-3.378640e-04,-1.574190e-02
6.66500,4.898367e+02,-7.477353e+01,-4.152400e-04,-1.688520e-02
6.66600,4.910559e+02,-6.062842e+01,-5.059020e-04,-1.800470e-02
6.66700,4.901480e+02,-8.370833e+01,-6.095610e-04,-1.909870e-02
6.66800,4.918013e+02,-6.059979e+01,-7.255910e-04,-2.016570e-02
6.66900,4.909147e+02,-6.266846e+01,-8.535090e-04,-2.120420e-02
6.67000,4.893079e+02,-7.048540e+01,-9.923120e-04,-2.221270e-02
6.67100,4.885498e+02,-6.253187e+01,-1.140650e-03,-2.319020e-02
6.67200,4.879043e+02,-4.482397e+01,-1.297880e-03,-2.413480e-02
6.67300,4.855150e+02,-4.091205e+01,-1.463510e-03,-2.504510e-02
6.67400,4.837894e+02,-5.063231e+01,-1.637020e-03,-2.591980e-02
6.67500,4.835686e+02,-2.778759e+01,-1.817730e-03,-2.675760e-02
6.67600,4.820849e+02,-3.268220e+01,-2.004450e-03,-2.755720e-02
6.67700,4.815660e+02,-2.860523e+01,-2.196130e-03,-2.831730e-02
6.67800,4.806249e+02,-1.681287e+01,-2.391520e-03,-2.903690e-02
6.67900,4.791522e+02,-3.569595e+01,-2.589240e-03,-2.971500e-02
6.68000,4.771781e+02,-1.070888e+01,-2.788330e-03,-3.035100e-02
6.68100,4.746934e+02,-3.593574e+00,-2.988050e-03,-3.094460e-02
6.68200,4.718672e+02,-7.514793e+00,-3.187290e-03,-3.149520e-02
6.68300,4.695975e+02,-3.867918e+00,-3.384860e-03,-3.200310e-02
6.68400,4.683352e+02,7.898913e+00,-3.579660e-03,-3.246790e-02
6.68500,4.649917e+02,-1.007363e+01,-3.770370e-03,-3.288960e-02
6.68600,4.634883e+02,1.562069e+01,-3.956090e-03,-3.326790e-02
6.68700,4.629176e+02,2.534822e+01,-4.136170e-03,-3.360230e-02
6.68800,4.603753e+02,3.084654e+01,-4.309940e-03,-3.389330e-02
6.68900,4.579062e+02,1.595551e+01,-4.476440e-03,-3.414100e-02
6.69000,4.561513e+02,2.873231e+01,-4.634990e-03,-3.434560e-02
6.69100,4.514064e+02,2.837139e+01,-4.785150e-03,-3.450760e-02
6.69200,4.526534e+02,3.566996e+01,-4.926450e-03,-3.462740e-02
6.69300,4.502869e+02,4.293781e+01,-5.058530e-03,-3.470560e-02
6.69400,4.482952e+02,3.873508e+01,-5.180580e-03,-3.474350e-02
6.69500,4.464635e+02,4.626631e+01,-5.292360e-03,-3.474000e-02
6.69600,4.442715e+02,4.842755e+01,-5.392820e-03,-3.469370e-02
6.69700,4.458399e+02,6.397204e+01,-5.481700e-03,-3.460610e-02
6.69800,4.427738e+02,6.998507e+01,-5.559350e-03,-3.447780e-02
6.69900,4.431098e+02,8.763073e+01,-5.625820e-03,-3.430920e-02
6.70000,4.414714e+02,7.073320e+01,-5.680870e-03,-3.410090e-02
6.70100,4.400403e+02,6.676867e+01,-5.723530e-03,-3.385370e-02
6.70200,4.382039e+02,8.773660e+01,-5.753780e-03,-3.356830e-02
6.70300,4.363467e+02,9.284913e+01,-5.771480e-03,-3.324500e-02
6.70400,4.363751e+02,9.247007e+01,-5.776480e-03,-3.288480e-02
6.70500,4.339091e+02,1.026332e+02,-5.769180e-03,-3.248860e-02
6.70600,4.344650e+02,9.788493e+01,-5.749630e-03,-3.205730e-02
6.70700,4.328699e+02,1.047973e+02,-5.717980e-03,-3.159150e-02
6.70800,4.316563e+02,1.163715e+02,-5.674370e-03,-3.109190e-02
6.70900,4.322019e+02,1.256703e+02,-5.618920e-03,-3.055850e-02
6.71000,4.323056e+02,1.182673e+02,-5.552310e-03,-2.999190e-02
6.71100,4.341430e+02,1.114653e+02,-5.475110e-03,-2.939230e-02
6.71200,4.328586e+02,1.293979e+02,-5.387620e-03,-2.876010e-02
6.71300,4.357657e+02,1.390821e+02,-5.290210e-03,-2.809610e-02
6.71400,4.364742e+02,1.284554e+02,-5.183250e-03,-2.740080e-02
6.71500,4.309044e+02,1.392839e+02,-5.066840e-03,-2.667470e-02
6.71600,4.338891e+02,1.438985e+02,-4.941400e-03,-2.591900e-02
6.71700,4.314533e+02,1.527311e+02,-4.807620e-03,-2.513450e-02
6.71800,4.309909e+02,1.601739e+02,-4.666110e-03,-2.432180e-02
6.71900,4.354697e+02,1.672994e+02,-4.517290e-03,-2.348100e-02
6.72000,4.343875e+02,1.636625e+02,-4.361570e-03,-2.261240e-02
6.72100,4.351421e+02,1.581717e+02,-4.199550e-03,-2.171710e-02
6.72200,4.362375e+02,1.675888e+02,-4.032030e-03,-2.079590e-02
6.72300,4.371778e+02,1.673117e+02,-3.859770e-03,-1.984990e-02
6.72400,4.383096e+02,1.709071e+02,-3.683660e-03,-1.887940e-02
6.72500,4.406530e+02,1.678935e+02,-3.504500e-03,-1.788510e-02
6.72600,4.411071e+02,1.733067e+02,-3.322890e-03,-1.686730e-02
6.72700,4.431029e+02,1.694783e+02,-3.139400e-03,-1.582700e-02
6.72800,4.444759e+02,1.658065e+02,-2.954550e-03,-1.476430e-02
6.72900,4.458750e+02,1.690559e+02,-2.769130e-03,-1.367990e-02
6.73000,4.480280e+02,1.657651e+02,-2.584210e-03,-1.257520e-02
6.73100,4.479856e+02,1.602435e+02,-2.400800e-03,-1.145150e-02
6.73200,4.516819e+02,1.661267e+02,-2.219930e-03,-1.030950e-02
6.73300,4.534547e+02,1.614965e+02,-2.042300e-03,-9.150140e-03
6.73400,4.559551e+02,1.604802e+02,-1.868470e-03,-7.974230e-03
6.73500,4.581339e+02,1.598326e+02,-1.699240e-03,-6.782830e-03
6.73600,4.604198e+02,1.604621e+02,-1.535670e-03,-5.577040e-03
6.73700,4.626537e+02,1.572364e+02,-1.378640e-03,-4.358050e-03
6.73800,4.637817e+02,1.527357e+02,-1.228930e-03,-3.127150e-03
6.73900,4.657173e+02,1.496759e+02,-1.087450e-03,-1.885790e-03
6.74000,4.681083e+02,1.469009e+02,-9.549930e-04,-6.356190e-04
6.74100,4.704806e+02,1.464024e+02,-8.320830e-04,6.218080e-04
6.74200,4.724045e+02,1.544350e+02,-7.194380e-04,1.885120e-03
6.74300,4.741514e+02,1.482126e+02,-6.177960e-04,3.152950e-03
6.74400,4.763646e+02,1.360349e+02,-5.279520e-04,4.423850e-03
6.74500,4.783728e+02,1.423371e+02,-4.506270e-04,5.696090e-03
6.74600,4.807461e+02,1.375329e+02,-3.862880e-04,6.967810e-03
6.74700,4.825262e+02,1.336399e+02,-3.353750e-04,8.237060e-03
6.74800,4.837913e+02,1.341203e+02,-2.981880e-04,9.502150e-03
6.74900,4.859147e+02,1.225123e+02,-2.750580e-04,1.076120e-02
6.75000,4.881823e+02,1.061549e+02,-2.662420e-04,1.201230e-02
6.75100,4.892341e+02,1.048620e+02,-2.720250e-04,1.325350e-02
6.75200,4.898553e+02,1.109378e+02,-2.925600e-04,1.448300e-02
6.75300,4.902518e+02,1.181121e+02,-3.278360e-04,1.569840e-02
6.75400,4.916806e+02,1.085461e+02,-3.775680e-04,1.689770e-02
6.75500,4.918643e+02,1.133805e+02,-4.416140e-04,1.807830e-02
6.75600,4.925001e+02,1.049431e+02,-5.196100e-04,1.923860e-02
6.75700,4.936720e+02,8.970693e+01,-6.113030e-04,2.037660e-02
6.75800,4.924807e+02,1.042177e+02,-7.163990e-04,2.149010e-02
6.75900,4.932689e+02,9.513687e+01,-8.343100e-04,2.257810e-02
6.76000,4.931624e+02,8.221880e+01,-9.642480e-04,2.363840e-02
6.76100,4.901535e+02,9.800907e+01,-1.105480e-03,2.466910e-02
6.76200,4.932273e+02,7.378947e+01,-1.257220e-03,2.566880e-02
6.76300,4.909580e+02,7.352833e+01,-1.418800e-03,2.663550e-02
6.76400,4.914449e+02,5.110699e+01,-1.589420e-03,2.756770e-02
6.76500,4.897773e+02,5.406948e+01,-1.768070e-03,2.846410e-02
6.76600,4.887315e+02,4.388791e+01,-1.953720e-03,2.932340e-02
6.76700,4.878893e+02,4.221086e+01,-2.145230e-03,3.014470e-02
6.76800,4.866195e+02,6.138430e+01,-2.341240e-03,3.092670e-02
6.76900,4.866479e+02,3.420426e+01,-2.540810e-03,3.166860e-02
6.77000,4.819299e+02,4.135631e+01,-2.743140e-03,3.236960e-02
6.77100,4.758185e+02,4.970977e+01,-2.947100e-03,3.302870e-02
6.77200,4.810549e+02,1.579827e+01,-3.151280e-03,3.364530e-02
6.77300,4.764596e+02,2.957959e+01,-3.354640e-03,3.421890e-02
6.77400,4.730611e+02,1.588918e+01,-3.555770e-03,3.474910e-02
6.77500,4.721925e+02,2.188135e+01,-3.754320e-03,3.523570e-02
6.77600,4.739473e+02,9.597773e+00,-3.949310e-03,3.567830e-02
6.77700,4.678699e+02,1.370457e+01,-4.139790e-03,3.607680e-02
6.77800,4.687872e+02,3.664697e-01,-4.324470e-03,3.643100e-02
6.77900,4.620540e+02,3.980663e+00,-4.503010e-03,3.674100e-02
6.78000,4.583196e+02,3.149889e+00,-4.674640e-03,3.700660e-02
6.78100,4.612874e+02,-1.168991e+01,-4.838350e-03,3.722840e-02
6.78200,4.574395e+02,-9.817753e+00,-4.993900e-03,3.740660e-02
6.78300,4.578752e+02,-1.619211e+01,-5.140450e-03,3.754200e-02
6.78400,4.539346e+02,-2.369519e+01,-5.277310e-03,3.763480e-02
6.78500,4.553456e+02,-2.713981e+01,-5.403310e-03,3.768590e-02
6.78600,4.522777e+02,-3.848444e+01,-5.518460e-03,3.769540e-02
6.78700,4.523124e+02,-4.790640e+01,-5.621600e-03,3.766160e-02
6.78800,4.484679e+02,-4.141620e+01,-5.712840e-03,3.758480e-02
6.78900,4.440733e+02,-4.254840e+01,-5.792140e-03,3.746640e-02
6.79000,4.464627e+02,-4.601981e+01,-5.858750e-03,3.730720e-02
6.79100,4.450803e+02,-6.979893e+01,-5.912860e-03,3.710780e-02
6.79200,4.458592e+02,-6.516633e+01,-5.953770e-03,3.686880e-02
6.79300,4.463459e+02,-8.221773e+01,-5.982120e-03,3.659120e-02
6.79400,4.429417e+02,-8.228387e+01,-5.997660e-03,3.627540e-02
6.79500,4.390667e+02,-8.144253e+01,-6.000940e-03,3.592190e-02
6.79600,4.467693e+02,-1.013124e+02,-5.991670e-03,3.553130e-02
6.79700,4.389607e+02,-9.844347e+01,-5.969760e-03,3.510440e-02
6.79800,4.401869e+02,-1.194689e+02,-5.935840e-03,3.464190e-02
6.79900,4.382797e+02,-1.014968e+02,-5.889480e-03,3.414460e-02
6.80000,4.369878e+02,-1.135293e+02,-5.831780e-03,3.361260e-02
6.80100,4.365667e+02,-1.215782e+02,-5.762830e-03,3.304670e-02
6.80200,4.404995e+02,-1.297526e+02,-5.683300e-03,3.244730e-02
6.80300,4.390945e+02,-1.302576e+02,-5.593150e-03,3.181520e-02
6.80400,4.371177e+02,-1.223805e+02,-5.492460e-03,3.115110e-02
6.80500,4.385817e+02,-1.235816e+02,-5.381060e-03,3.045580e-02
6.80600,4.367059e+02,-1.249226e+02,-5.259270e-03,2.973000e-02
6.80700,4.359879e+02,-1.494464e+02,-5.127750e-03,2.897440e-02
6.80800,4.369602e+02,-1.458565e+02,-4.987300e-03,2.818980e-02
6.80900,4.365080e+02,-1.489523e+02,-4.838740e-03,2.737690e-02
6.81000,4.365263e+02,-1.416645e+02,-4.682490e-03,2.653570e-02
6.81100,4.374564e+02,-1.560676e+02,-4.519060e-03,2.566650e-02
6.81200,4.402665e+02,-1.569214e+02,-4.349270e-03,2.477010e-02
6.81300,4.430713e+02,-1.658457e+02,-4.174100e-03,2.384730e-02
6.81400,4.438310e+02,-1.560058e+02,-3.994590e-03,2.289920e-02
6.81500,4.440573e+02,-1.638395e+02,-3.811550e-03,2.192640e-02
6.81600,4.442411e+02,-1.513580e+02,-3.625660e-03,2.092950e-02
6.81700,4.450483e+02,-1.552759e+02,-3.437080e-03,1.990960e-02
6.81800,4.458833e+02,-1.655199e+02,-3.246300e-03,1.886750e-02
6.81900,4.473809e+02,-1.521148e+02,-3.054090e-03,1.780340e-02
6.82000,4.490241e+02,-1.563153e+02,-2.861090e-03,1.671780e-02
6.82100,4.506272e+02,-1.572665e+02,-2.668530e-03,1.561180e-02
6.82200,4.523030e+02,-1.599079e+02,-2.477470e-03,1.448690e-02
6.82300,4.545095e+02,-1.578242e+02,-2.288830e-03,1.334410e-02
6.82400,4.568245e+02,-1.556269e+02,-2.103310e-03,1.218430e-02
6.82500,4.585039e+02,-1.562689e+02,-1.921610e-03,1.100850e-02
6.82600,4.599171e+02,-1.596563e+02,-1.744460e-03,9.817490e-03
6.82700,4.619829e+02,-1.475826e+02,-1.572620e-03,8.612440e-03
6.82800,4.631647e+02,-1.397111e+02,-1.406960e-03,7.394560e-03
6.82900,4.640225e+02,-1.435540e+02,-1.248240e-03,6.165110e-03
6.83000,4.663479e+02,-1.410623e+02,-1.097350e-03,4.925490e-03
6.83100,4.679557e+02,-1.369153e+02,-9.551460e-04,3.677290e-03
6.83200,4.703825e+02,-1.380322e+02,-8.224240e-04,2.422130e-03
6.83300,4.728318e+02,-1.330016e+02,-7.000980e-04,1.161460e-03
6.83400,4.754009e+02,-1.283411e+02,-5.890550e-04,-1.034120e-04
6.83500,4.775459e+02,-1.250361e+02,-4.900400e-04,-1.371050e-03
6.83600,4.793275e+02,-1.256797e+02,-4.036290e-04,-2.639760e-03
6.83700,4.804333e+02,-1.284963e+02,-3.303370e-04,-3.907750e-03
6.83800,4.823069e+02,-1.118865e+02,-2.704350e-04,-5.173160e-03
6.83900,4.831915e+02,-1.124457e+02,-2.240620e-04,-6.434100e-03
6.84000,4.842321e+02,-1.051240e+02,-1.913360e-04,-7.688860e-03
6.84100,4.854390e+02,-1.001569e+02,-1.725850e-04,-8.935430e-03
6.84200,4.863205e+02,-9.923867e+01,-1.680240e-04,-1.017190e-02
6.84300,4.867475e+02,-9.871340e+01,-1.777300e-04,-1.139660e-02
6.84400,4.886443e+02,-9.182073e+01,-2.018240e-04,-1.260760e-02
6.84500,4.902373e+02,-7.739940e+01,-2.405150e-04,-1.380270e-02
6.84600,4.906607e+02,-8.432813e+01,-2.936950e-04,-1.497980e-02
6.84700,4.899896e+02,-9.890993e+01,-3.612440e-04,-1.613690e-02
6.84800,4.917694e+02,-7.448200e+01,-4.426510e-04,-1.727230e-02
6.84900,4.912237e+02,-7.280193e+01,-5.374860e-04,-1.838390e-02
6.85000,4.904369e+02,-7.399367e+01,-6.451500e-04,-1.947020e-02
6.85100,4.896981e+02,-7.297433e+01,-7.647920e-04,-2.052940e-02
6.85200,4.894109e+02,-6.310225e+01,-8.959460e-04,-2.155990e-02
6.85300,4.890841e+02,-5.686803e+01,-1.038170e-03,-2.255970e-02
6.85400,4.882457e+02,-4.968847e+01,-1.190590e-03,-2.352730e-02
6.85500,4.870303e+02,-5.786484e+01,-1.352300e-03,-2.446100e-02
6.85600,4.867498e+02,-4.452219e+01,-1.522410e-03,-2.535920e-02
6.85700,4.852471e+02,-5.465404e+01,-1.699920e-03,-2.622070e-02
6.85800,4.845647e+02,-3.211755e+01,-1.883640e-03,-2.704470e-02
6.85900,4.834466e+02,-2.088221e+01,-2.072450e-03,-2.783000e-02
6.86000,4.810045e+02,-3.765005e+01,-2.265350e-03,-2.857600e-02
6.86100,4.780705e+02,-2.715617e+01,-2.461400e-03,-2.928170e-02
6.86200,4.753351e+02,-3.418059e+01,-2.659540e-03,-2.994620e-02
6.86300,4.723172e+02,-3.161697e+01,-2.858630e-03,-3.056890e-02
6.86400,4.730024e+02,-3.838647e+00,-3.057480e-03,-3.114930e-02
6.86500,4.702683e+02,-1.148663e+01,-3.255310e-03,-3.168670e-02
6.86600,4.680231e+02,-2.379502e+01,-3.451120e-03,-3.218080e-02
6.86700,4.682089e+02,3.956639e+00,-3.643720e-03,-3.263160e-02
6.86800,4.652795e+02,-1.455311e+01,-3.832460e-03,-3.303860e-02
6.86900,4.634063e+02,4.082941e+00,-4.016520e-03,-3.340200e-02
6.87000,4.612221e+02,8.109187e+00,-4.194730e-03,-3.372170e-02
6.87100,4.596176e+02,1.386491e+01,-4.366370e-03,-3.399820e-02
6.87200,4.559503e+02,2.184088e+01,-4.530810e-03,-3.423150e-02
6.87300,4.541846e+02,1.136312e+01,-4.687510e-03,-3.442200e-02
6.87400,4.530718e+02,3.316047e+01,-4.835750e-03,-3.457010e-02
6.87500,4.520714e+02,2.560208e+01,-4.974970e-03,-3.467590e-02
6.87600,4.494195e+02,4.224493e+01,-5.104700e-03,-3.474030e-02
6.87700,4.470791e+02,3.550411e+01,-5.223850e-03,-3.476390e-02
6.87800,4.461223e+02,5.491065e+01,-5.331760e-03,-3.474520e-02
6.87900,4.444292e+02,6.255776e+01,-5.428300e-03,-3.468410e-02
6.88000,4.437299e+02,6.523799e+01,-5.513600e-03,-3.458170e-02
6.88100,4.422998e+02,7.310807e+01,-5.587580e-03,-3.443880e-02
6.88200,4.401134e+02,7.514647e+01,-5.649780e-03,-3.425630e-02
6.88300,4.386286e+02,9.225720e+01,-5.699940e-03,-3.403490e-02
6.88400,4.380585e+02,1.061526e+02,-5.737440e-03,-3.377520e-02
6.88500,4.378477e+02,7.636413e+01,-5.762420e-03,-3.347800e-02
6.88600,4.365434e+02,7.989093e+01,-5.775350e-03,-3.314340e-02
6.88700,4.355328e+02,1.084037e+02,-5.776570e-03,-3.277210e-02
6.88800,4.324955e+02,1.249286e+02,-5.765770e-03,-3.236450e-02
6.88900,4.331457e+02,1.186405e+02,-5.742780e-03,-3.192140e-02
6.89000,4.336988e+02,1.068667e+02,-5.707500e-03,-3.144350e-02
6.89100,4.320801e+02,1.159052e+02,-5.660310e-03,-3.093130e-02
6.89200,4.314598e+02,1.177874e+02,-5.601570e-03,-3.038550e-02
6.89300,4.313493e+02,1.257409e+02,-5.531750e-03,-2.980690e-02
6.89400,4.325981e+02,1.379318e+02,-5.451580e-03,-2.919550e-02
6.89500,4.317953e+02,1.365601e+02,-5.361340e-03,-2.855240e-02
6.89600,4.313341e+02,1.389360e+02,-5.261250e-03,-2.787820e-02
6.89700,4.339163e+02,1.301233e+02,-5.151360e-03,-2.717310e-02
6.89800,4.303889e+02,1.486009e+02,-5.031940e-03,-2.643780e-02
6.89900,4.324993e+02,1.470684e+02,-4.903580e-03,-2.567320e-02
6.90000,4.331715e+02,1.441715e+02,-4.766930e-03,-2.487990e-02
6.90100,4.346414e+02,1.575421e+02,-4.622390e-03,-2.405820e-02
6.90200,4.341904e+02,1.567173e+02,-4.470520e-03,-2.320830e-02
6.90300,4.344219e+02,1.566851e+02,-4.311860e-03,-2.233090e-02
6.90400,4.358370e+02,1.576048e+02,-4.147000e-03,-2.142690e-02
6.90500,4.354494e+02,1.554030e+02,-3.976990e-03,-2.049730e-02
6.90600,4.384089e+02,1.626099e+02,-3.802910e-03,-1.954300e-02
6.90700,4.398401e+02,1.629412e+02,-3.625760e-03,-1.856460e-02
6.90800,4.402200e+02,1.630341e+02,-3.446220e-03,-1.756250e-02
6.90900,4.413247e+02,1.711176e+02,-3.264830e-03,-1.653740e-02
6.91000,4.445074e+02,1.681307e+02,-3.081820e-03,-1.548980e-02
6.91100,4.474891e+02,1.829823e+02,-2.897580e-03,-1.441990e-02
6.91200,4.471279e+02,1.674555e+02,-2.712910e-03,-1.332840e-02
6.91300,4.481843e+02,1.677352e+02,-2.528860e-03,-1.221680e-02
6.91400,4.498051e+02,1.718487e+02,-2.346330e-03,-1.108640e-02
6.91500,4.510927e+02,1.712994e+02,-2.166040e-03,-9.938000e-03
6.91600,4.531907e+02,1.686834e+02,-1.988740e-03,-8.772890e-03
6.91700,4.554651e+02,1.670913e+02,-1.815410e-03,-7.592000e-03
6.91800,4.581225e+02,1.653558e+02,-1.647100e-03,-6.396400e-03
6.91900,4.606693e+02,1.647095e+02,-1.485050e-03,-5.187060e-03
6.92000,4.634745e+02,1.569525e+02,-1.330280e-03,-3.964900e-03
6.92100,4.644192e+02,1.637471e+02,-1.183350e-03,-2.731070e-03
6.92200,4.670745e+02,1.566767e+02,-1.044750e-03,-1.486970e-03
6.92300,4.689034e+02,1.592943e+02,-9.151200e-04,-2.341090e-04
6.92400,4.706544e+02,1.545656e+02,-7.952640e-04,1.025900e-03
6.92500,4.726379e+02,1.457359e+02,-6.858760e-04,2.291560e-03
6.92600,4.748699e+02,1.532923e+02,-5.877740e-04,3.561340e-03
6.92700,4.763423e+02,1.439621e+02,-5.016490e-04,4.833480e-03
6.92800,4.786282e+02,1.403849e+02,-4.281450e-04,6.106070e-03
6.92900,4.808580e+02,1.385395e+02,-3.677750e-04,7.377150e-03
6.93000,4.833842e+02,1.297289e+02,-3.210430e-04,8.644830e-03
6.93100,4.854813e+02,1.267409e+02,-2.884130e-04,9.907460e-03
6.93200,4.868689e+02,1.325839e+02,-2.703600e-04,1.116330e-02
6.93300,4.880935e+02,1.234861e+02,-2.670640e-04,1.241060e-02
6.93400,4.887007e+02,1.262823e+02,-2.783760e-04,1.364760e-02
6.93500,4.896242e+02,1.186477e+02,-3.041310e-04,1.487250e-02
6.93600,4.901073e+02,1.170371e+02,-3.441240e-04,1.608300e-02
6.93700,4.901603e+02,1.203562e+02,-3.982320e-04,1.727690e-02
6.93800,4.925810e+02,8.785547e+01,-4.660870e-04,1.845170e-02
6.93900,4.923871e+02,9.493367e+01,-5.476460e-04,1.960540e-02
6.94000,4.927248e+02,9.214713e+01,-6.428170e-04,2.073600e-02
6.94100,4.936653e+02,9.309400e+01,-7.513220e-04,2.184180e-02
6.94200,4.921347e+02,1.015319e+02,-8.727320e-04,2.292070e-02
6.94300,4.940704e+02,8.011687e+01,-1.006370e-03,2.397130e-02
6.94400,4.940709e+02,6.435287e+01,-1.151550e-03,2.499190e-02
6.94500,4.926608e+02,7.897833e+01,-1.307100e-03,2.598110e-02
6.94600,4.924101e+02,6.522713e+01,-1.472100e-03,2.693750e-02
6.94700,4.917429e+02,6.498021e+01,-1.645280e-03,2.785940e-02
6.94800,4.889707e+02,5.537479e+01,-1.825730e-03,2.874500e-02
6.94900,4.869647e+02,5.787538e+01,-2.013010e-03,2.959320e-02
6.95000,4.871147e+02,3.873532e+01,-2.206220e-03,3.040260e-02
6.95100,4.860411e+02,5.154271e+01,-2.403890e-03,3.117220e-02
6.95200,4.844411e+02,5.634338e+01,-2.605190e-03,3.190080e-02
6.95300,4.823727e+02,4.954673e+01,-2.808680e-03,3.258780e-02
6.95400,4.831915e+02,2.915815e+01,-3.013110e-03,3.323270e-02
6.95500,4.782858e+02,4.297423e+01,-3.217010e-03,3.383490e-02
6.95600,4.767672e+02,2.652605e+01,-3.419530e-03,3.439440e-02
6.95700,4.754071e+02,1.034967e+01,-3.619890e-03,3.491060e-02
6.95800,4.693935e+02,1.561484e+01,-3.817280e-03,3.538330e-02
6.95900,4.658225e+02,3.231891e+01,-4.011120e-03,3.581200e-02
6.96000,4.675282e+02,6.040581e+00,-4.199910e-03,3.619670e-02
6.96100,4.671337e+02,8.683160e+00,-4.382830e-03,3.653720e-02
6.96200,4.601348e+02,1.628421e+01,-4.559090e-03,3.683340e-02
6.96300,4.623904e+02,3.048507e+00,-4.727370e-03,3.708580e-02
6.96400,4.630553e+02,-4.320877e+00,-4.887630e-03,3.729440e-02
6.96500,4.588416e+02,-1.502153e+01,-5.039900e-03,3.745950e-02
6.96600,4.582409e+02,-2.092007e+01,-5.183430e-03,3.758140e-02
6.96700,4.542817e+02,-2.359171e+01,-5.316840e-03,3.766100e-02
6.96800,4.504689e+02,-3.483941e+01,-5.439530e-03,3.769950e-02
6.96900,4.510335e+02,-3.020667e+01,-5.550510e-03,3.769640e-02
6.97000,4.452413e+02,-2.181499e+01,-5.649610e-03,3.765000e-02
6.97100,4.459761e+02,-4.574848e+01,-5.736650e-03,3.756140e-02
6.97200,4.487301e+02,-7.043480e+01,-5.812120e-03,3.743110e-02
6.97300,4.470112e+02,-7.768547e+01,-5.875960e-03,3.726000e-02
6.97400,4.462103e+02,-6.848013e+01,-5.927980e-03,3.704830e-02
6.97500,4.472164e+02,-7.309640e+01,-5.967410e-03,3.679720e-02
6.97600,4.444840e+02,-8.305747e+01,-5.993900e-03,3.650710e-02
6.97700,4.411952e+02,-8.668673e+01,-6.007590e-03,3.617890e-02
6.97800,4.410988e+02,-9.199047e+01,-6.007980e-03,3.581360e-02
6.97900,4.385193e+02,-9.310107e+01,-5.995190e-03,3.541200e-02
6.98000,4.401731e+02,-1.034069e+02,-5.968920e-03,3.497490e-02
6.98100,4.347697e+02,-1.102995e+02,-5.929430e-03,3.450310e-02
6.98200,4.352483e+02,-1.082001e+02,-5.877670e-03,3.399680e-02
6.98300,4.357733e+02,-1.111061e+02,-5.814030e-03,3.345610e-02
6.98400,4.371901e+02,-1.160147e+02,-5.739270e-03,3.288160e-02
6.98500,4.386390e+02,-1.221829e+02,-5.654400e-03,3.227360e-02
6.98600,4.399352e+02,-1.272264e+02,-5.560060e-03,3.163260e-02
6.98700,4.396179e+02,-1.314529e+02,-5.456550e-03,3.095930e-02
6.98800,4.413309e+02,-1.519591e+02,-5.343780e-03,3.025410e-02
6.98900,4.414816e+02,-1.356278e+02,-5.222100e-03,2.951790e-02
6.99000,4.409561e+02,-1.405561e+02,-5.091410e-03,2.875180e-02
6.99100,4.366801e+02,-1.516075e+02,-4.951450e-03,2.795690e-02
6.99200,4.365099e+02,-1.438108e+02,-4.802490e-03,2.713420e-02
6.99300,4.331161e+02,-1.573831e+02,-4.644720e-03,2.628400e-02
6.99400,4.371012e+02,-1.556832e+02,-4.478970e-03,2.540680e-02
6.99500,4.379430e+02,-1.535129e+02,-4.306190e-03,2.450350e-02
6.99600,4.395144e+02,-1.568871e+02,-4.127660e-03,2.357490e-02
6.99700,4.422766e+02,-1.591413e+02,-3.944850e-03,2.262140e-02
6.99800,4.450940e+02,-1.614243e+02,-3.758930e-03,2.164340e-02
6.99900,4.445592e+02,-1.660791e+02,-3.570610e-03,2.064110e-02
7.00000,4.475347e+02,-1.599671e+02,-3.380450e-03,1.961530e-02
