# Turek & Hron FSI2 reference time history (Featflow FSI benchmark, ref_fsi2.point,
# level 4, dt = 0.0005 s), subsampled to every second sample (0.001 s).
# Source: https://wwwold.mathematik.tu-dortmund.de/~featflow/media/fsi/data/fsi2/0p0005/ref_fsi2.point
# drag and lift are the sum of the cylinder and plate contributions per unit depth (N/m);
# ux and uy are the displacements of point A (m).
time,drag,lift,ux,uy
10.00000,1.771636e+02,-8.668563e+01,-2.556556e-02,-4.997461e-02
10.00100,1.776510e+02,-8.157337e+01,-2.546811e-02,-4.936396e-02
10.00200,1.759244e+02,-8.796637e+01,-2.536821e-02,-4.875062e-02
10.00300,1.743892e+02,-9.514352e+01,-2.526274e-02,-4.813105e-02
10.00400,1.727546e+02,-9.420309e+01,-2.515343e-02,-4.750672e-02
10.00500,1.727376e+02,-9.589548e+01,-2.504162e-02,-4.688020e-02
10.00600,1.705266e+02,-9.610707e+01,-2.492351e-02,-4.624626e-02
10.00700,1.696769e+02,-9.940103e+01,-2.480127e-02,-4.560792e-02
10.00800,1.682736e+02,-9.774315e+01,-2.467641e-02,-4.496704e-02
10.00900,1.679880e+02,-1.038736e+02,-2.454525e-02,-4.431917e-02
10.01000,1.646890e+02,-1.112220e+02,-2.440874e-02,-4.366565e-02
10.01100,1.668490e+02,-1.045435e+02,-2.427015e-02,-4.301019e-02
10.01200,1.630376e+02,-1.107700e+02,-2.412467e-02,-4.234769e-02
10.01300,1.635020e+02,-1.150444e+02,-2.397356e-02,-4.167901e-02
10.01400,1.624144e+02,-1.142895e+02,-2.381982e-02,-4.100726e-02
10.01500,1.609521e+02,-1.153948e+02,-2.365976e-02,-4.033044e-02
10.01600,1.588595e+02,-1.172121e+02,-2.349333e-02,-3.964532e-02
10.01700,1.600684e+02,-1.187348e+02,-2.332398e-02,-3.895693e-02
10.01800,1.568052e+02,-1.155202e+02,-2.314761e-02,-3.826454e-02
10.01900,1.564875e+02,-1.236460e+02,-2.296575e-02,-3.756296e-02
10.02000,1.564538e+02,-1.236413e+02,-2.277931e-02,-3.685754e-02
10.02100,1.529670e+02,-1.199572e+02,-2.258639e-02,-3.614807e-02
10.02200,1.545700e+02,-1.270208e+02,-2.238896e-02,-3.543001e-02
10.02300,1.521370e+02,-1.208065e+02,-2.218473e-02,-3.470586e-02
10.02400,1.508733e+02,-1.298365e+02,-2.197489e-02,-3.397870e-02
10.02500,1.528473e+02,-1.293180e+02,-2.176089e-02,-3.324341e-02
10.02600,1.499185e+02,-1.276405e+02,-2.154004e-02,-3.250218e-02
10.02700,1.472091e+02,-1.361785e+02,-2.131337e-02,-3.175554e-02
10.02800,1.512575e+02,-1.271829e+02,-2.108175e-02,-3.100212e-02
10.02900,1.458943e+02,-1.323266e+02,-2.084562e-02,-3.024298e-02
10.03000,1.464767e+02,-1.343874e+02,-2.060026e-02,-2.947640e-02
10.03100,1.486758e+02,-1.338310e+02,-2.035352e-02,-2.870460e-02
10.03200,1.442878e+02,-1.387880e+02,-2.009999e-02,-2.792594e-02
10.03300,1.451097e+02,-1.273522e+02,-1.983959e-02,-2.714008e-02
10.03400,1.436587e+02,-1.460941e+02,-1.957568e-02,-2.634938e-02
10.03500,1.429424e+02,-1.283331e+02,-1.930699e-02,-2.555013e-02
10.03600,1.445762e+02,-1.383174e+02,-1.903209e-02,-2.474604e-02
10.03700,1.408705e+02,-1.377756e+02,-1.875197e-02,-2.393343e-02
10.03800,1.433423e+02,-1.351101e+02,-1.846998e-02,-2.311658e-02
10.03900,1.427581e+02,-1.450874e+02,-1.818045e-02,-2.229024e-02
10.04000,1.411651e+02,-1.244921e+02,-1.788753e-02,-2.145988e-02
10.04100,1.400952e+02,-1.527286e+02,-1.759194e-02,-2.062170e-02
10.04200,1.417571e+02,-1.371192e+02,-1.729092e-02,-1.977651e-02
10.04300,1.419166e+02,-1.342065e+02,-1.698657e-02,-1.892644e-02
10.04400,1.388346e+02,-1.446719e+02,-1.667952e-02,-1.806802e-02
10.04500,1.394383e+02,-1.390966e+02,-1.636893e-02,-1.720481e-02
10.04600,1.414773e+02,-1.381100e+02,-1.605564e-02,-1.633341e-02
10.04700,1.400342e+02,-1.337396e+02,-1.573871e-02,-1.545713e-02
10.04800,1.370963e+02,-1.609922e+02,-1.542138e-02,-1.457475e-02
10.04900,1.414169e+02,-1.230058e+02,-1.510067e-02,-1.368409e-02
10.05000,1.387235e+02,-1.460855e+02,-1.477893e-02,-1.279025e-02
10.05100,1.387604e+02,-1.537611e+02,-1.445472e-02,-1.188765e-02
10.05200,1.375748e+02,-1.238023e+02,-1.413141e-02,-1.098165e-02
10.05300,1.411977e+02,-1.550702e+02,-1.380526e-02,-1.006758e-02
10.05400,1.373684e+02,-1.377856e+02,-1.348018e-02,-9.149989e-03
10.05500,1.403751e+02,-1.430513e+02,-1.315450e-02,-8.226096e-03
10.05600,1.381232e+02,-1.411927e+02,-1.282799e-02,-7.296169e-03
10.05700,1.397108e+02,-1.417845e+02,-1.250424e-02,-6.362622e-03
10.05800,1.411154e+02,-1.525035e+02,-1.217896e-02,-5.422293e-03
10.05900,1.391892e+02,-1.346207e+02,-1.185608e-02,-4.479293e-03
10.06000,1.399454e+02,-1.558384e+02,-1.153485e-02,-3.529267e-03
10.06100,1.412717e+02,-1.411819e+02,-1.121523e-02,-2.576548e-03
10.06200,1.401168e+02,-1.466474e+02,-1.089746e-02,-1.619005e-03
10.06300,1.396595e+02,-1.503260e+02,-1.058182e-02,-6.566532e-04
10.06400,1.423539e+02,-1.466220e+02,-1.027065e-02,3.082344e-04
10.06500,1.417713e+02,-1.576238e+02,-9.960808e-03,1.277685e-03
10.06600,1.420076e+02,-1.390100e+02,-9.654775e-03,2.250583e-03
10.06700,1.415472e+02,-1.610618e+02,-9.353054e-03,3.225870e-03
10.06800,1.433952e+02,-1.488696e+02,-9.055037e-03,4.204624e-03
10.06900,1.443591e+02,-1.488871e+02,-8.760570e-03,5.185877e-03
10.07000,1.428898e+02,-1.674892e+02,-8.471092e-03,6.169779e-03
10.07100,1.439672e+02,-1.484564e+02,-8.186565e-03,7.155730e-03
10.07200,1.472100e+02,-1.630366e+02,-7.906415e-03,8.143776e-03
10.07300,1.431198e+02,-1.562536e+02,-7.631968e-03,9.133529e-03
10.07400,1.462888e+02,-1.677330e+02,-7.362415e-03,1.012456e-02
10.07500,1.486093e+02,-1.604159e+02,-7.098575e-03,1.111703e-02
10.07600,1.447206e+02,-1.595036e+02,-6.841392e-03,1.211019e-02
10.07700,1.505312e+02,-1.811072e+02,-6.588607e-03,1.310430e-02
10.07800,1.481639e+02,-1.507785e+02,-6.343689e-03,1.409880e-02
10.07900,1.492092e+02,-1.783302e+02,-6.104234e-03,1.509394e-02
10.08000,1.518557e+02,-1.752039e+02,-5.871298e-03,1.608847e-02
10.08100,1.515218e+02,-1.701217e+02,-5.645144e-03,1.708334e-02
10.08200,1.515337e+02,-1.796378e+02,-5.425750e-03,1.807729e-02
10.08300,1.531814e+02,-1.675946e+02,-5.213876e-03,1.907060e-02
10.08400,1.549212e+02,-1.891459e+02,-5.007642e-03,2.006320e-02
10.08500,1.540877e+02,-1.704735e+02,-4.810377e-03,2.105474e-02
10.08600,1.566592e+02,-1.848999e+02,-4.618904e-03,2.204535e-02
10.08700,1.582119e+02,-1.895236e+02,-4.435960e-03,2.303381e-02
10.08800,1.564937e+02,-1.772881e+02,-4.259408e-03,2.402137e-02
10.08900,1.604398e+02,-1.912006e+02,-4.091066e-03,2.500697e-02
10.09000,1.592792e+02,-1.842546e+02,-3.930838e-03,2.599099e-02
10.09100,1.626306e+02,-1.961078e+02,-3.776799e-03,2.697196e-02
10.09200,1.624219e+02,-1.865560e+02,-3.632084e-03,2.795165e-02
10.09300,1.638389e+02,-1.964725e+02,-3.494478e-03,2.892858e-02
10.09400,1.656956e+02,-1.979581e+02,-3.365566e-03,2.990308e-02
10.09500,1.650457e+02,-1.889642e+02,-3.243145e-03,3.087522e-02
10.09600,1.682734e+02,-2.069202e+02,-3.130268e-03,3.184328e-02
10.09700,1.669515e+02,-1.948850e+02,-3.024667e-03,3.281030e-02
10.09800,1.709339e+02,-2.024446e+02,-2.927940e-03,3.377281e-02
10.09900,1.710488e+02,-2.020737e+02,-2.838682e-03,3.473228e-02
10.10000,1.712516e+02,-1.989401e+02,-2.757865e-03,3.568919e-02
10.10100,1.755976e+02,-2.093604e+02,-2.685628e-03,3.664198e-02
10.10200,1.744775e+02,-1.969458e+02,-2.622069e-03,3.759110e-02
10.10300,1.773050e+02,-2.129757e+02,-2.565892e-03,3.853585e-02
10.10400,1.788495e+02,-2.011743e+02,-2.518509e-03,3.947872e-02
10.10500,1.797607e+02,-2.048937e+02,-2.480108e-03,4.041445e-02
10.10600,1.812745e+02,-2.094027e+02,-2.449632e-03,4.134848e-02
10.10700,1.839048e+02,-2.044921e+02,-2.427546e-03,4.227758e-02
10.10800,1.852861e+02,-2.149305e+02,-2.414535e-03,4.320121e-02
10.10900,1.849185e+02,-2.054012e+02,-2.409567e-03,4.412097e-02
10.11000,1.898648e+02,-2.149778e+02,-2.412738e-03,4.503591e-02
10.11100,1.890748e+02,-2.087838e+02,-2.425879e-03,4.594560e-02
10.11200,1.900367e+02,-2.077739e+02,-2.446174e-03,4.684897e-02
10.11300,1.944780e+02,-2.171989e+02,-2.476033e-03,4.774873e-02
10.11400,1.948865e+02,-2.059133e+02,-2.513596e-03,4.864122e-02
10.11500,1.957749e+02,-2.139511e+02,-2.560915e-03,4.952778e-02
10.11600,1.992552e+02,-2.096133e+02,-2.615578e-03,5.040935e-02
10.11700,2.003636e+02,-2.093994e+02,-2.679914e-03,5.128324e-02
10.11800,2.018807e+02,-2.123007e+02,-2.751856e-03,5.215134e-02
10.11900,2.054019e+02,-2.080722e+02,-2.833077e-03,5.301148e-02
10.12000,2.072402e+02,-2.159662e+02,-2.922118e-03,5.386614e-02
10.12100,2.067146e+02,-2.047279e+02,-3.020401e-03,5.471141e-02
10.12200,2.123706e+02,-2.104686e+02,-3.126842e-03,5.554992e-02
10.12300,2.117198e+02,-2.142863e+02,-3.241572e-03,5.638071e-02
10.12400,2.133886e+02,-2.054464e+02,-3.364423e-03,5.720252e-02
10.12500,2.196814e+02,-2.150712e+02,-3.497281e-03,5.801588e-02
10.12600,2.162072e+02,-2.075183e+02,-3.636579e-03,5.882078e-02
10.12700,2.221280e+02,-2.149800e+02,-3.784526e-03,5.961679e-02
10.12800,2.224535e+02,-2.018224e+02,-3.942605e-03,6.040206e-02
10.12900,2.249718e+02,-2.153941e+02,-4.106607e-03,6.117890e-02
10.13000,2.290007e+02,-2.146573e+02,-4.279198e-03,6.194535e-02
10.13100,2.282007e+02,-2.015174e+02,-4.461376e-03,6.269997e-02
10.13200,2.321872e+02,-2.197028e+02,-4.650255e-03,6.344560e-02
10.13300,2.350366e+02,-2.071315e+02,-4.846057e-03,6.417943e-02
10.13400,2.353566e+02,-2.065152e+02,-5.051965e-03,6.490163e-02
10.13500,2.380495e+02,-2.153358e+02,-5.264320e-03,6.561191e-02
10.13600,2.433635e+02,-2.100628e+02,-5.483574e-03,6.631173e-02
10.13700,2.418889e+02,-2.124361e+02,-5.711492e-03,6.699719e-02
10.13800,2.449511e+02,-2.081441e+02,-5.946318e-03,6.767074e-02
10.13900,2.489871e+02,-2.197797e+02,-6.187874e-03,6.833225e-02
10.14000,2.487826e+02,-2.069773e+02,-6.436739e-03,6.897940e-02
10.14100,2.529251e+02,-2.161066e+02,-6.693132e-03,6.961325e-02
10.14200,2.554751e+02,-2.195313e+02,-6.954795e-03,7.023386e-02
10.14300,2.540624e+02,-2.101513e+02,-7.224037e-03,7.084076e-02
10.14400,2.603966e+02,-2.192448e+02,-7.499674e-03,7.143212e-02
10.14500,2.600424e+02,-2.163757e+02,-7.780307e-03,7.200997e-02
10.14600,2.632738e+02,-2.203998e+02,-8.067764e-03,7.257339e-02
10.14700,2.663552e+02,-2.212410e+02,-8.360369e-03,7.312071e-02
10.14800,2.655417e+02,-2.192732e+02,-8.658892e-03,7.365322e-02
10.14900,2.693543e+02,-2.243408e+02,-8.961957e-03,7.417111e-02
10.15000,2.702599e+02,-2.173761e+02,-9.270159e-03,7.467277e-02
10.15100,2.724468e+02,-2.290780e+02,-9.583072e-03,7.515829e-02
10.15200,2.730038e+02,-2.213314e+02,-9.900362e-03,7.562886e-02
10.15300,2.777171e+02,-2.268751e+02,-1.022137e-02,7.608337e-02
10.15400,2.757146e+02,-2.313292e+02,-1.054648e-02,7.652077e-02
10.15500,2.789763e+02,-2.217826e+02,-1.087567e-02,7.694297e-02
10.15600,2.804783e+02,-2.332507e+02,-1.120679e-02,7.734879e-02
10.15700,2.820610e+02,-2.279569e+02,-1.154199e-02,7.773761e-02
10.15800,2.816759e+02,-2.342135e+02,-1.187962e-02,7.811013e-02
10.15900,2.856340e+02,-2.301671e+02,-1.221882e-02,7.846679e-02
10.16000,2.832057e+02,-2.305922e+02,-1.256098e-02,7.880600e-02
10.16100,2.876103e+02,-2.391647e+02,-1.290485e-02,7.912860e-02
10.16200,2.846006e+02,-2.232439e+02,-1.324916e-02,7.943572e-02
10.16300,2.901231e+02,-2.416737e+02,-1.359548e-02,7.972492e-02
10.16400,2.862727e+02,-2.309390e+02,-1.394308e-02,7.999778e-02
10.16500,2.894392e+02,-2.294423e+02,-1.428975e-02,8.025468e-02
10.16600,2.893975e+02,-2.365423e+02,-1.463736e-02,8.049495e-02
10.16700,2.867211e+02,-2.296704e+02,-1.498567e-02,8.071764e-02
10.16800,2.927175e+02,-2.357520e+02,-1.533237e-02,8.092519e-02
10.16900,2.885348e+02,-2.284217e+02,-1.567860e-02,8.111604e-02
10.17000,2.887384e+02,-2.353104e+02,-1.602431e-02,8.128967e-02
10.17100,2.888462e+02,-2.276370e+02,-1.636844e-02,8.144778e-02
10.17200,2.900782e+02,-2.221125e+02,-1.671041e-02,8.158951e-02
10.17300,2.863156e+02,-2.347333e+02,-1.705098e-02,8.171532e-02
10.17400,2.895259e+02,-2.171052e+02,-1.738917e-02,8.182435e-02
10.17500,2.869844e+02,-2.266221e+02,-1.772513e-02,8.191842e-02
10.17600,2.871190e+02,-2.175781e+02,-1.805778e-02,8.199597e-02
10.17700,2.843615e+02,-2.151544e+02,-1.838755e-02,8.205829e-02
10.17800,2.854265e+02,-2.169726e+02,-1.871409e-02,8.210470e-02
10.17900,2.828450e+02,-2.065463e+02,-1.903686e-02,8.213615e-02
10.18000,2.853620e+02,-2.126829e+02,-1.935506e-02,8.215190e-02
10.18100,2.788992e+02,-2.015889e+02,-1.966990e-02,8.215260e-02
10.18200,2.803304e+02,-1.985192e+02,-1.998014e-02,8.213895e-02
10.18300,2.815255e+02,-1.993099e+02,-2.028512e-02,8.210980e-02
10.18400,2.738052e+02,-1.872845e+02,-2.058557e-02,8.206674e-02
10.18500,2.780511e+02,-1.917296e+02,-2.088057e-02,8.200918e-02
10.18600,2.741490e+02,-1.810518e+02,-2.117058e-02,8.193682e-02
10.18700,2.725816e+02,-1.786822e+02,-2.145414e-02,8.185074e-02
10.18800,2.692257e+02,-1.708450e+02,-2.173186e-02,8.175147e-02
10.18900,2.707188e+02,-1.698409e+02,-2.200444e-02,8.163767e-02
10.19000,2.659696e+02,-1.657779e+02,-2.226994e-02,8.151064e-02
10.19100,2.684676e+02,-1.531643e+02,-2.252897e-02,8.137148e-02
10.19200,2.617354e+02,-1.598885e+02,-2.278218e-02,8.121857e-02
10.19300,2.634525e+02,-1.438118e+02,-2.302799e-02,8.105272e-02
10.19400,2.579985e+02,-1.397423e+02,-2.326720e-02,8.087525e-02
10.19500,2.585243e+02,-1.412519e+02,-2.349947e-02,8.068521e-02
10.19600,2.556450e+02,-1.283547e+02,-2.372437e-02,8.048296e-02
10.19700,2.565418e+02,-1.298912e+02,-2.394256e-02,8.026937e-02
10.19800,2.495734e+02,-1.157418e+02,-2.415325e-02,8.004408e-02
10.19900,2.514571e+02,-1.164822e+02,-2.435628e-02,7.980760e-02
10.20000,2.489572e+02,-1.090376e+02,-2.455258e-02,7.955968e-02
10.20100,2.441381e+02,-9.944859e+01,-2.474142e-02,7.930143e-02
10.20200,2.477040e+02,-1.021172e+02,-2.492219e-02,7.903275e-02
10.20300,2.411585e+02,-8.810650e+01,-2.509626e-02,7.875305e-02
10.20400,2.412490e+02,-8.792911e+01,-2.526256e-02,7.846359e-02
10.20500,2.381865e+02,-7.736654e+01,-2.542165e-02,7.816447e-02
10.20600,2.382795e+02,-7.590272e+01,-2.557314e-02,7.785511e-02
10.20700,2.354991e+02,-7.542702e+01,-2.571717e-02,7.753675e-02
10.20800,2.352101e+02,-5.831185e+01,-2.585433e-02,7.720868e-02
10.20900,2.317479e+02,-6.640311e+01,-2.598406e-02,7.687212e-02
10.21000,2.302165e+02,-4.873713e+01,-2.610647e-02,7.652630e-02
10.21100,2.283170e+02,-5.224838e+01,-2.622206e-02,7.617212e-02
10.21200,2.280531e+02,-4.438706e+01,-2.633114e-02,7.580964e-02
10.21300,2.262303e+02,-3.845622e+01,-2.643275e-02,7.543868e-02
10.21400,2.261196e+02,-4.028848e+01,-2.652736e-02,7.506050e-02
10.21500,2.215026e+02,-2.479049e+01,-2.661649e-02,7.467351e-02
10.21600,2.219656e+02,-3.054538e+01,-2.669845e-02,7.427955e-02
10.21700,2.195569e+02,-2.101149e+01,-2.677350e-02,7.387846e-02
10.21800,2.187791e+02,-1.854657e+01,-2.684295e-02,7.346974e-02
10.21900,2.194640e+02,-1.619973e+01,-2.690669e-02,7.305387e-02
10.22000,2.139791e+02,-7.853056e+00,-2.696365e-02,7.263169e-02
10.22100,2.172683e+02,-9.804192e+00,-2.701456e-02,7.220278e-02
10.22200,2.107687e+02,3.886733e+00,-2.706080e-02,7.176674e-02
10.22300,2.143898e+02,-6.727933e+00,-2.710091e-02,7.132531e-02
10.22400,2.108034e+02,7.550095e+00,-2.713522e-02,7.087729e-02
10.22500,2.116156e+02,9.953525e+00,-2.716493e-02,7.042316e-02
10.22600,2.080593e+02,5.561136e+00,-2.718921e-02,6.996347e-02
10.22700,2.085292e+02,2.191478e+01,-2.720831e-02,6.949801e-02
10.22800,2.058773e+02,1.332007e+01,-2.722262e-02,6.902672e-02
10.22900,2.084008e+02,2.209863e+01,-2.723226e-02,6.855088e-02
10.23000,2.047690e+02,2.152746e+01,-2.723728e-02,6.806900e-02
10.23100,2.043805e+02,2.731775e+01,-2.723799e-02,6.758232e-02
10.23200,2.042326e+02,3.403857e+01,-2.723392e-02,6.709101e-02
10.23300,2.017108e+02,2.902267e+01,-2.722594e-02,6.659468e-02
10.23400,1.989860e+02,4.333922e+01,-2.721385e-02,6.609303e-02
10.23500,2.039351e+02,3.342797e+01,-2.719724e-02,6.558751e-02
10.23600,1.995232e+02,4.298362e+01,-2.717706e-02,6.507699e-02
10.23700,1.969899e+02,4.583124e+01,-2.715295e-02,6.456194e-02
10.23800,1.999735e+02,4.366144e+01,-2.712504e-02,6.404245e-02
10.23900,1.948404e+02,5.143749e+01,-2.709338e-02,6.351895e-02
10.24000,1.971009e+02,4.664774e+01,-2.705826e-02,6.299090e-02
10.24100,1.942862e+02,5.723071e+01,-2.701930e-02,6.245834e-02
10.24200,1.950851e+02,5.162923e+01,-2.697727e-02,6.192192e-02
10.24300,1.935971e+02,5.978107e+01,-2.693089e-02,6.138140e-02
10.24400,1.919884e+02,6.486526e+01,-2.688173e-02,6.083633e-02
10.24500,1.901602e+02,5.437668e+01,-2.682939e-02,6.028743e-02
10.24600,1.922941e+02,7.105295e+01,-2.677330e-02,5.973455e-02
10.24700,1.905209e+02,6.334866e+01,-2.671377e-02,5.917742e-02
10.24800,1.869285e+02,7.178191e+01,-2.665129e-02,5.861637e-02
10.24900,1.882829e+02,7.058541e+01,-2.658557e-02,5.805132e-02
10.25000,1.861908e+02,7.445793e+01,-2.651600e-02,5.748189e-02
10.25100,1.858611e+02,7.784458e+01,-2.644328e-02,5.690874e-02
10.25200,1.850617e+02,7.084428e+01,-2.636790e-02,5.633139e-02
10.25300,1.844342e+02,8.529106e+01,-2.628836e-02,5.574952e-02
10.25400,1.831966e+02,8.039384e+01,-2.620545e-02,5.516385e-02
10.25500,1.816992e+02,8.283344e+01,-2.611936e-02,5.457415e-02
10.25600,1.784874e+02,8.783739e+01,-2.602974e-02,5.397975e-02
10.25700,1.817653e+02,8.518592e+01,-2.593634e-02,5.338113e-02
10.25800,1.782343e+02,9.219486e+01,-2.583948e-02,5.277849e-02
10.25900,1.779936e+02,8.785853e+01,-2.573896e-02,5.217149e-02
10.26000,1.756408e+02,9.875886e+01,-2.563440e-02,5.155988e-02
10.26100,1.761388e+02,9.492707e+01,-2.552636e-02,5.094363e-02
10.26200,1.723319e+02,9.613477e+01,-2.541427e-02,5.032374e-02
10.26300,1.740818e+02,1.039338e+02,-2.529825e-02,4.969838e-02
10.26400,1.715954e+02,9.819880e+01,-2.517774e-02,4.906872e-02
10.26500,1.708961e+02,1.076928e+02,-2.505361e-02,4.843451e-02
10.26600,1.686126e+02,1.037569e+02,-2.492488e-02,4.779549e-02
10.26700,1.678346e+02,1.089922e+02,-2.479167e-02,4.715190e-02
10.26800,1.667165e+02,1.092725e+02,-2.465423e-02,4.650282e-02
10.26900,1.676625e+02,1.080808e+02,-2.451234e-02,4.584939e-02
10.27000,1.635978e+02,1.176278e+02,-2.436529e-02,4.519089e-02
10.27100,1.637418e+02,1.115511e+02,-2.421382e-02,4.452696e-02
10.27200,1.621622e+02,1.208796e+02,-2.405777e-02,4.385831e-02
10.27300,1.607742e+02,1.144062e+02,-2.389633e-02,4.318466e-02
10.27400,1.605273e+02,1.202894e+02,-2.373015e-02,4.250522e-02
10.27500,1.597149e+02,1.210248e+02,-2.355901e-02,4.182052e-02
10.27600,1.589965e+02,1.190011e+02,-2.338226e-02,4.113089e-02
10.27700,1.562732e+02,1.274781e+02,-2.320054e-02,4.043510e-02
10.27800,1.556401e+02,1.223657e+02,-2.301354e-02,3.973397e-02
10.27900,1.545321e+02,1.277343e+02,-2.282103e-02,3.902765e-02
10.28000,1.549483e+02,1.271959e+02,-2.262319e-02,3.831504e-02
10.28100,1.521316e+02,1.282748e+02,-2.241986e-02,3.759667e-02
10.28200,1.532985e+02,1.366432e+02,-2.221109e-02,3.687287e-02
10.28300,1.502404e+02,1.277628e+02,-2.199657e-02,3.614284e-02
10.28400,1.497332e+02,1.360945e+02,-2.177672e-02,3.540661e-02
10.28500,1.490879e+02,1.327664e+02,-2.155141e-02,3.466462e-02
10.28600,1.488128e+02,1.354993e+02,-2.132032e-02,3.391646e-02
10.28700,1.477585e+02,1.355448e+02,-2.108361e-02,3.316196e-02
10.28800,1.465017e+02,1.354039e+02,-2.084219e-02,3.240128e-02
10.28900,1.448440e+02,1.404560e+02,-2.059492e-02,3.163448e-02
10.29000,1.461739e+02,1.325272e+02,-2.034180e-02,3.086144e-02
10.29100,1.448668e+02,1.415658e+02,-2.008424e-02,3.008148e-02
10.29200,1.432766e+02,1.383167e+02,-1.982136e-02,2.929556e-02
10.29300,1.453297e+02,1.406686e+02,-1.955246e-02,2.850323e-02
10.29400,1.413845e+02,1.434037e+02,-1.927965e-02,2.770397e-02
10.29500,1.411195e+02,1.370203e+02,-1.900170e-02,2.689877e-02
10.29600,1.417252e+02,1.458949e+02,-1.871855e-02,2.608701e-02
10.29700,1.424216e+02,1.394862e+02,-1.843143e-02,2.526838e-02
10.29800,1.389857e+02,1.447673e+02,-1.813990e-02,2.444367e-02
10.29900,1.412866e+02,1.439572e+02,-1.784392e-02,2.361265e-02
10.30000,1.380624e+02,1.425570e+02,-1.754419e-02,2.277475e-02
10.30100,1.398433e+02,1.466896e+02,-1.724068e-02,2.193083e-02
10.30200,1.386111e+02,1.404106e+02,-1.693362e-02,2.108056e-02
10.30300,1.388966e+02,1.478374e+02,-1.662330e-02,2.022382e-02
10.30400,1.387120e+02,1.440069e+02,-1.630975e-02,1.936078e-02
10.30500,1.387470e+02,1.446395e+02,-1.599376e-02,1.849190e-02
10.30600,1.362492e+02,1.460493e+02,-1.567470e-02,1.761660e-02
10.30700,1.386384e+02,1.431491e+02,-1.535389e-02,1.673533e-02
10.30800,1.382344e+02,1.489296e+02,-1.503093e-02,1.584823e-02
10.30900,1.367445e+02,1.419338e+02,-1.470628e-02,1.495533e-02
10.31000,1.380404e+02,1.501195e+02,-1.438006e-02,1.405663e-02
10.31100,1.367481e+02,1.460132e+02,-1.405324e-02,1.315193e-02
10.31200,1.374061e+02,1.435590e+02,-1.372524e-02,1.224230e-02
10.31300,1.377234e+02,1.500824e+02,-1.339632e-02,1.132674e-02
10.31400,1.370243e+02,1.457740e+02,-1.306824e-02,1.040614e-02
10.31500,1.380408e+02,1.499708e+02,-1.273994e-02,9.480348e-03
10.31600,1.389349e+02,1.484638e+02,-1.241170e-02,8.549634e-03
10.31700,1.354890e+02,1.511977e+02,-1.208473e-02,7.614052e-03
10.31800,1.392921e+02,1.495978e+02,-1.175909e-02,6.673936e-03
10.31900,1.393505e+02,1.496916e+02,-1.143439e-02,5.729377e-03
10.32000,1.386855e+02,1.554292e+02,-1.111134e-02,4.780498e-03
10.32100,1.392679e+02,1.499464e+02,-1.079135e-02,3.827556e-03
10.32200,1.408272e+02,1.567489e+02,-1.047304e-02,2.870618e-03
10.32300,1.389935e+02,1.528087e+02,-1.015694e-02,1.910280e-03
10.32400,1.395501e+02,1.542770e+02,-9.844749e-03,9.461219e-04
10.32500,1.405934e+02,1.588044e+02,-9.535810e-03,-2.114379e-05
10.32600,1.411473e+02,1.544903e+02,-9.229681e-03,-9.911972e-04
10.32700,1.415363e+02,1.610420e+02,-8.927873e-03,-1.964603e-03
10.32800,1.407903e+02,1.580040e+02,-8.630445e-03,-2.940168e-03
10.32900,1.433371e+02,1.619794e+02,-8.336587e-03,-3.918029e-03
10.33000,1.430000e+02,1.639858e+02,-8.048085e-03,-4.898447e-03
10.33100,1.434536e+02,1.644785e+02,-7.764046e-03,-5.880543e-03
10.33200,1.446008e+02,1.714375e+02,-7.485176e-03,-6.864168e-03
10.33300,1.452098e+02,1.647151e+02,-7.211697e-03,-7.849748e-03
10.33400,1.448843e+02,1.727997e+02,-6.943604e-03,-8.836052e-03
10.33500,1.461478e+02,1.706467e+02,-6.681208e-03,-9.823452e-03
10.33600,1.467854e+02,1.709391e+02,-6.425114e-03,-1.081169e-02
10.33700,1.492094e+02,1.768430e+02,-6.174644e-03,-1.180023e-02
10.33800,1.481281e+02,1.746684e+02,-5.930683e-03,-1.278910e-02
10.33900,1.495561e+02,1.793669e+02,-5.693166e-03,-1.377805e-02
10.34000,1.503424e+02,1.757022e+02,-5.462191e-03,-1.476671e-02
10.34100,1.511006e+02,1.843160e+02,-5.238165e-03,-1.575525e-02
10.34200,1.522187e+02,1.835663e+02,-5.020549e-03,-1.674275e-02
10.34300,1.531593e+02,1.821730e+02,-4.810109e-03,-1.772966e-02
10.34400,1.536123e+02,1.903506e+02,-4.607467e-03,-1.871572e-02
10.34500,1.548792e+02,1.859899e+02,-4.410999e-03,-1.970022e-02
10.34600,1.556538e+02,1.908565e+02,-4.222025e-03,-2.068349e-02
10.34700,1.555279e+02,1.910078e+02,-4.041472e-03,-2.166533e-02
10.34800,1.593311e+02,1.956959e+02,-3.867475e-03,-2.264543e-02
10.34900,1.590817e+02,1.967880e+02,-3.701053e-03,-2.362347e-02
10.35000,1.589161e+02,1.927800e+02,-3.543012e-03,-2.459961e-02
10.35100,1.622680e+02,2.023980e+02,-3.392418e-03,-2.557360e-02
10.35200,1.626957e+02,1.973880e+02,-3.249590e-03,-2.654473e-02
10.35300,1.629560e+02,2.020963e+02,-3.114720e-03,-2.751374e-02
10.35400,1.655843e+02,2.032918e+02,-2.987849e-03,-2.847984e-02
10.35500,1.656366e+02,2.017052e+02,-2.869167e-03,-2.944294e-02
10.35600,1.674714e+02,2.066681e+02,-2.758356e-03,-3.040333e-02
10.35700,1.683748e+02,2.006908e+02,-2.655456e-03,-3.136029e-02
10.35800,1.697499e+02,2.085953e+02,-2.561413e-03,-3.231400e-02
10.35900,1.712807e+02,2.070241e+02,-2.475258e-03,-3.326430e-02
10.36000,1.733302e+02,2.089714e+02,-2.397092e-03,-3.421098e-02
10.36100,1.736868e+02,2.106956e+02,-2.327656e-03,-3.515397e-02
10.36200,1.749576e+02,2.069899e+02,-2.266356e-03,-3.609302e-02
10.36300,1.768541e+02,2.152409e+02,-2.213620e-03,-3.702822e-02
10.36400,1.774369e+02,2.093823e+02,-2.169238e-03,-3.795913e-02
10.36500,1.802733e+02,2.126174e+02,-2.132969e-03,-3.888556e-02
10.36600,1.809182e+02,2.142758e+02,-2.105563e-03,-3.980767e-02
10.36700,1.825868e+02,2.124785e+02,-2.086774e-03,-4.072520e-02
10.36800,1.854110e+02,2.145522e+02,-2.075744e-03,-4.163765e-02
10.36900,1.851253e+02,2.109944e+02,-2.073944e-03,-4.254529e-02
10.37000,1.877018e+02,2.184774e+02,-2.080538e-03,-4.344775e-02
10.37100,1.900499e+02,2.125018e+02,-2.095301e-03,-4.434468e-02
10.37200,1.905682e+02,2.125650e+02,-2.118740e-03,-4.523627e-02
10.37300,1.923017e+02,2.161780e+02,-2.151019e-03,-4.612199e-02
10.37400,1.938919e+02,2.104235e+02,-2.191697e-03,-4.700185e-02
10.37500,1.965746e+02,2.146716e+02,-2.240707e-03,-4.787550e-02
10.37600,1.977272e+02,2.116207e+02,-2.298281e-03,-4.874270e-02
10.37700,1.993852e+02,2.157612e+02,-2.364598e-03,-4.960341e-02
10.37800,2.015800e+02,2.120771e+02,-2.439518e-03,-5.045707e-02
10.37900,2.039845e+02,2.118484e+02,-2.522544e-03,-5.130375e-02
10.38000,2.051616e+02,2.178038e+02,-2.614372e-03,-5.214321e-02
10.38100,2.068480e+02,2.105312e+02,-2.714820e-03,-5.297503e-02
10.38200,2.100276e+02,2.155532e+02,-2.823474e-03,-5.379900e-02
10.38300,2.112196e+02,2.124940e+02,-2.940552e-03,-5.461501e-02
10.38400,2.133079e+02,2.117689e+02,-3.066285e-03,-5.542259e-02
10.38500,2.158243e+02,2.124023e+02,-3.200397e-03,-5.622147e-02
10.38600,2.175211e+02,2.100942e+02,-3.342816e-03,-5.701161e-02
10.38700,2.203183e+02,2.159425e+02,-3.493454e-03,-5.779260e-02
10.38800,2.212726e+02,2.095874e+02,-3.652546e-03,-5.856412e-02
10.38900,2.246592e+02,2.136578e+02,-3.819884e-03,-5.932593e-02
10.39000,2.261531e+02,2.128270e+02,-3.995324e-03,-6.007777e-02
10.39100,2.275489e+02,2.115170e+02,-4.178972e-03,-6.081939e-02
10.39200,2.308287e+02,2.152795e+02,-4.370584e-03,-6.155010e-02
10.39300,2.323518e+02,2.102041e+02,-4.570089e-03,-6.227015e-02
10.39400,2.351393e+02,2.168533e+02,-4.777620e-03,-6.297890e-02
10.39500,2.370265e+02,2.120184e+02,-4.992754e-03,-6.367617e-02
10.39600,2.390857e+02,2.131219e+02,-5.215890e-03,-6.436163e-02
10.39700,2.415163e+02,2.168101e+02,-5.446384e-03,-6.503515e-02
10.39800,2.433659e+02,2.143962e+02,-5.684143e-03,-6.569628e-02
10.39900,2.460511e+02,2.179579e+02,-5.929581e-03,-6.634466e-02
10.40000,2.484342e+02,2.146412e+02,-6.181965e-03,-6.698033e-02
10.40100,2.507329e+02,2.212395e+02,-6.441304e-03,-6.760274e-02
10.40200,2.521833e+02,2.180187e+02,-6.707640e-03,-6.821151e-02
10.40300,2.548795e+02,2.178755e+02,-6.980495e-03,-6.880689e-02
10.40400,2.568281e+02,2.243707e+02,-7.259680e-03,-6.938818e-02
10.40500,2.573249e+02,2.180646e+02,-7.545252e-03,-6.995522e-02
10.40600,2.611888e+02,2.227947e+02,-7.836835e-03,-7.050795e-02
10.40700,2.624929e+02,2.236306e+02,-8.134101e-03,-7.104595e-02
10.40800,2.644275e+02,2.255289e+02,-8.436980e-03,-7.156906e-02
10.40900,2.661421e+02,2.275643e+02,-8.745315e-03,-7.207732e-02
10.41000,2.674121e+02,2.253729e+02,-9.058428e-03,-7.257033e-02
10.41100,2.703888e+02,2.311659e+02,-9.376492e-03,-7.304777e-02
10.41200,2.709602e+02,2.267582e+02,-9.699052e-03,-7.350983e-02
10.41300,2.723719e+02,2.319852e+02,-1.002596e-02,-7.395613e-02
10.41400,2.746171e+02,2.325433e+02,-1.035670e-02,-7.438661e-02
10.41500,2.757008e+02,2.320909e+02,-1.069116e-02,-7.480102e-02
10.41600,2.770209e+02,2.366055e+02,-1.102883e-02,-7.519976e-02
10.41700,2.784753e+02,2.316312e+02,-1.136981e-02,-7.558222e-02
10.41800,2.801535e+02,2.373933e+02,-1.171355e-02,-7.594830e-02
10.41900,2.806732e+02,2.357093e+02,-1.205960e-02,-7.629846e-02
10.42000,2.814001e+02,2.360435e+02,-1.240776e-02,-7.663222e-02
10.42100,2.824188e+02,2.371560e+02,-1.275785e-02,-7.694940e-02
10.42200,2.827872e+02,2.340922e+02,-1.310949e-02,-7.725042e-02
10.42300,2.845285e+02,2.377451e+02,-1.346205e-02,-7.753505e-02
10.42400,2.838063e+02,2.333284e+02,-1.381554e-02,-7.780306e-02
10.42500,2.854619e+02,2.372581e+02,-1.416986e-02,-7.805457e-02
10.42600,2.850181e+02,2.358169e+02,-1.452399e-02,-7.828986e-02
10.42700,2.840232e+02,2.323817e+02,-1.487798e-02,-7.850869e-02
10.42800,2.852871e+02,2.363594e+02,-1.523180e-02,-7.871104e-02
10.42900,2.852566e+02,2.320723e+02,-1.558467e-02,-7.889720e-02
10.43000,2.852444e+02,2.340615e+02,-1.593631e-02,-7.906707e-02
10.43100,2.845408e+02,2.300208e+02,-1.628666e-02,-7.922045e-02
10.43200,2.844269e+02,2.298937e+02,-1.663536e-02,-7.935795e-02
10.43300,2.845147e+02,2.286886e+02,-1.698152e-02,-7.947940e-02
10.43400,2.830089e+02,2.223099e+02,-1.732562e-02,-7.958467e-02
10.43500,2.827108e+02,2.257843e+02,-1.766712e-02,-7.967417e-02
10.43600,2.820867e+02,2.193498e+02,-1.800542e-02,-7.974802e-02
10.43700,2.805228e+02,2.192215e+02,-1.834028e-02,-7.980622e-02
10.43800,2.794131e+02,2.146406e+02,-1.867192e-02,-7.984892e-02
10.43900,2.790898e+02,2.094187e+02,-1.899946e-02,-7.987628e-02
10.44000,2.787112e+02,2.101394e+02,-1.932269e-02,-7.988844e-02
10.44100,2.756586e+02,2.022217e+02,-1.964158e-02,-7.988551e-02
10.44200,2.753024e+02,2.014222e+02,-1.995580e-02,-7.986780e-02
10.44300,2.733982e+02,1.960343e+02,-2.026497e-02,-7.983517e-02
10.44400,2.721249e+02,1.914072e+02,-2.056895e-02,-7.978820e-02
10.44500,2.705175e+02,1.887030e+02,-2.086746e-02,-7.972697e-02
10.44600,2.691063e+02,1.821648e+02,-2.116016e-02,-7.965151e-02
10.44700,2.687355e+02,1.817331e+02,-2.144716e-02,-7.956200e-02
10.44800,2.658802e+02,1.735089e+02,-2.172788e-02,-7.945885e-02
10.44900,2.640799e+02,1.710441e+02,-2.200230e-02,-7.934228e-02
10.45000,2.626921e+02,1.645737e+02,-2.227043e-02,-7.921225e-02
10.45100,2.604824e+02,1.576827e+02,-2.253182e-02,-7.906924e-02
10.45200,2.594365e+02,1.557491e+02,-2.278636e-02,-7.891363e-02
10.45300,2.570944e+02,1.469746e+02,-2.303406e-02,-7.874521e-02
10.45400,2.554526e+02,1.441399e+02,-2.327485e-02,-7.856438e-02
10.45500,2.534541e+02,1.350976e+02,-2.350833e-02,-7.837165e-02
10.45600,2.516172e+02,1.311074e+02,-2.373459e-02,-7.816710e-02
10.45700,2.498024e+02,1.274572e+02,-2.395367e-02,-7.795063e-02
10.45800,2.475140e+02,1.185500e+02,-2.416552e-02,-7.772268e-02
10.45900,2.459541e+02,1.173129e+02,-2.436961e-02,-7.748402e-02
10.46000,2.434883e+02,1.098996e+02,-2.456634e-02,-7.723406e-02
10.46100,2.426190e+02,1.048819e+02,-2.475597e-02,-7.697327e-02
10.46200,2.406170e+02,9.845596e+01,-2.493782e-02,-7.670224e-02
10.46300,2.394732e+02,9.481270e+01,-2.511211e-02,-7.642100e-02
10.46400,2.376592e+02,9.176682e+01,-2.527928e-02,-7.612957e-02
10.46500,2.351041e+02,8.186786e+01,-2.543897e-02,-7.582829e-02
10.46600,2.340372e+02,8.053923e+01,-2.559132e-02,-7.551776e-02
10.46700,2.327459e+02,7.360315e+01,-2.573636e-02,-7.519764e-02
10.46800,2.304973e+02,6.746448e+01,-2.587421e-02,-7.486855e-02
10.46900,2.299483e+02,6.364072e+01,-2.600499e-02,-7.453053e-02
10.47000,2.281962e+02,5.746397e+01,-2.612861e-02,-7.418379e-02
10.47100,2.263466e+02,5.479092e+01,-2.624529e-02,-7.382851e-02
10.47200,2.244979e+02,4.597184e+01,-2.635526e-02,-7.346497e-02
10.47300,2.238550e+02,4.468993e+01,-2.645838e-02,-7.309337e-02
10.47400,2.217546e+02,3.986984e+01,-2.655483e-02,-7.271384e-02
10.47500,2.206738e+02,3.487748e+01,-2.664501e-02,-7.232668e-02
10.47600,2.194436e+02,3.323559e+01,-2.672864e-02,-7.193195e-02
10.47700,2.175471e+02,2.649717e+01,-2.680609e-02,-7.152989e-02
10.47800,2.178409e+02,2.422949e+01,-2.687748e-02,-7.112079e-02
10.47900,2.157497e+02,1.820190e+01,-2.694272e-02,-7.070481e-02
10.48000,2.144372e+02,1.626996e+01,-2.700241e-02,-7.028175e-02
10.48100,2.138564e+02,1.221753e+01,-2.705631e-02,-6.985218e-02
10.48200,2.121345e+02,6.705916e+00,-2.710435e-02,-6.941637e-02
10.48300,2.111015e+02,5.504279e+00,-2.714721e-02,-6.897410e-02
10.48400,2.105618e+02,-2.035281e+00,-2.718503e-02,-6.852555e-02
10.48500,2.098218e+02,-1.693186e+00,-2.721728e-02,-6.807129e-02
10.48600,2.089679e+02,-6.086696e+00,-2.724461e-02,-6.761115e-02
10.48700,2.073023e+02,-9.851313e+00,-2.726724e-02,-6.714506e-02
10.48800,2.059558e+02,-1.125837e+01,-2.728501e-02,-6.667355e-02
10.48900,2.057576e+02,-1.716421e+01,-2.729804e-02,-6.619662e-02
10.49000,2.047295e+02,-1.887303e+01,-2.730665e-02,-6.571425e-02
10.49100,2.032593e+02,-2.312906e+01,-2.731083e-02,-6.522670e-02
10.49200,2.035475e+02,-2.403949e+01,-2.731081e-02,-6.473416e-02
10.49300,2.024230e+02,-2.801979e+01,-2.730663e-02,-6.423656e-02
10.49400,2.009376e+02,-3.209586e+01,-2.729836e-02,-6.373404e-02
10.49500,2.007150e+02,-3.133278e+01,-2.728618e-02,-6.322676e-02
10.49600,1.990464e+02,-3.755191e+01,-2.726997e-02,-6.271471e-02
10.49700,1.994429e+02,-3.809737e+01,-2.725002e-02,-6.219795e-02
10.49800,1.974734e+02,-4.054032e+01,-2.722628e-02,-6.167671e-02
10.49900,1.963848e+02,-4.228271e+01,-2.719900e-02,-6.115079e-02
10.50000,1.967767e+02,-4.678636e+01,-2.716813e-02,-6.062047e-02
10.50100,1.957667e+02,-5.076312e+01,-2.713350e-02,-6.008573e-02
10.50200,1.944048e+02,-4.952560e+01,-2.709554e-02,-5.954663e-02
10.50300,1.941505e+02,-5.544302e+01,-2.705432e-02,-5.900304e-02
10.50400,1.923165e+02,-5.652741e+01,-2.700927e-02,-5.845528e-02
10.50500,1.915853e+02,-5.882779e+01,-2.696102e-02,-5.790324e-02
10.50600,1.908116e+02,-6.154027e+01,-2.690946e-02,-5.734677e-02
10.50700,1.897484e+02,-6.328269e+01,-2.685446e-02,-5.678611e-02
10.50800,1.891426e+02,-6.764739e+01,-2.679604e-02,-5.622112e-02
10.50900,1.881558e+02,-6.559562e+01,-2.673427e-02,-5.565190e-02
10.51000,1.859929e+02,-6.974501e+01,-2.666909e-02,-5.507838e-02
10.51100,1.866371e+02,-7.289046e+01,-2.660057e-02,-5.450047e-02
10.51200,1.851259e+02,-7.412053e+01,-2.652847e-02,-5.391831e-02
10.51300,1.831823e+02,-7.633757e+01,-2.645291e-02,-5.333203e-02
10.51400,1.833493e+02,-7.816085e+01,-2.637389e-02,-5.274114e-02
10.51500,1.820854e+02,-8.221304e+01,-2.629116e-02,-5.214601e-02
10.51600,1.804019e+02,-8.112838e+01,-2.620475e-02,-5.154660e-02
10.51700,1.797431e+02,-8.538378e+01,-2.611481e-02,-5.094256e-02
10.51800,1.787182e+02,-8.942629e+01,-2.602090e-02,-5.033400e-02
10.51900,1.773962e+02,-8.899996e+01,-2.592307e-02,-4.972122e-02
10.52000,1.757029e+02,-9.280928e+01,-2.582138e-02,-4.910384e-02
10.52100,1.746462e+02,-9.377965e+01,-2.571566e-02,-4.848172e-02
10.52200,1.743728e+02,-9.748989e+01,-2.560582e-02,-4.785512e-02
10.52300,1.725854e+02,-9.677565e+01,-2.549168e-02,-4.722398e-02
10.52400,1.712587e+02,-9.990362e+01,-2.537337e-02,-4.658793e-02
10.52500,1.711732e+02,-1.032508e+02,-2.525062e-02,-4.594707e-02
10.52600,1.691353e+02,-1.015866e+02,-2.512327e-02,-4.530161e-02
10.52700,1.672183e+02,-1.053271e+02,-2.499123e-02,-4.465121e-02
10.52800,1.668699e+02,-1.076707e+02,-2.485470e-02,-4.399560e-02
10.52900,1.654849e+02,-1.097982e+02,-2.471321e-02,-4.333519e-02
10.53000,1.649723e+02,-1.105909e+02,-2.456668e-02,-4.266970e-02
10.53100,1.636722e+02,-1.124705e+02,-2.441524e-02,-4.199880e-02
10.53200,1.618870e+02,-1.153611e+02,-2.425870e-02,-4.132287e-02
10.53300,1.624303e+02,-1.138316e+02,-2.409673e-02,-4.064165e-02
10.53400,1.601663e+02,-1.180188e+02,-2.392959e-02,-3.995488e-02
10.53500,1.584543e+02,-1.190581e+02,-2.375711e-02,-3.926261e-02
10.53600,1.585067e+02,-1.212396e+02,-2.357904e-02,-3.856494e-02
10.53700,1.569444e+02,-1.223582e+02,-2.339543e-02,-3.786145e-02
10.53800,1.550554e+02,-1.233126e+02,-2.320615e-02,-3.715228e-02
10.53900,1.557368e+02,-1.274629e+02,-2.301123e-02,-3.643739e-02
10.54000,1.543238e+02,-1.258748e+02,-2.281072e-02,-3.571638e-02
10.54100,1.536593e+02,-1.291074e+02,-2.260432e-02,-3.498963e-02
10.54200,1.520009e+02,-1.304764e+02,-2.239220e-02,-3.425682e-02
10.54300,1.507600e+02,-1.301433e+02,-2.217429e-02,-3.351784e-02
10.54400,1.505831e+02,-1.316590e+02,-2.195051e-02,-3.277271e-02
10.54500,1.496745e+02,-1.301274e+02,-2.172110e-02,-3.202131e-02
10.54600,1.480166e+02,-1.333078e+02,-2.148573e-02,-3.126358e-02
10.54700,1.490047e+02,-1.320182e+02,-2.124474e-02,-3.049938e-02
10.54800,1.471023e+02,-1.332798e+02,-2.099813e-02,-2.972882e-02
10.54900,1.455874e+02,-1.347441e+02,-2.074572e-02,-2.895191e-02
10.55000,1.462658e+02,-1.354249e+02,-2.048784e-02,-2.816819e-02
10.55100,1.456000e+02,-1.371962e+02,-2.022465e-02,-2.737797e-02
10.55200,1.445997e+02,-1.367285e+02,-1.995587e-02,-2.658119e-02
10.55300,1.444369e+02,-1.401998e+02,-1.968195e-02,-2.577760e-02
10.55400,1.433164e+02,-1.385532e+02,-1.940304e-02,-2.496721e-02
10.55500,1.431491e+02,-1.379570e+02,-1.911899e-02,-2.415035e-02
10.55600,1.427623e+02,-1.403314e+02,-1.883032e-02,-2.332666e-02
10.55700,1.416242e+02,-1.390671e+02,-1.853710e-02,-2.249618e-02
10.55800,1.421408e+02,-1.409460e+02,-1.823933e-02,-2.165906e-02
10.55900,1.408766e+02,-1.397564e+02,-1.793753e-02,-2.081529e-02
10.56000,1.400450e+02,-1.421941e+02,-1.763176e-02,-1.996479e-02
10.56100,1.409661e+02,-1.406913e+02,-1.732216e-02,-1.910765e-02
10.56200,1.404124e+02,-1.392554e+02,-1.700923e-02,-1.824400e-02
10.56300,1.397367e+02,-1.419085e+02,-1.669310e-02,-1.737375e-02
10.56400,1.401703e+02,-1.399051e+02,-1.637395e-02,-1.649694e-02
10.56500,1.391727e+02,-1.411471e+02,-1.605218e-02,-1.561380e-02
10.56600,1.389775e+02,-1.413255e+02,-1.572796e-02,-1.472435e-02
10.56700,1.393701e+02,-1.424718e+02,-1.540180e-02,-1.382844e-02
10.56800,1.389332e+02,-1.421832e+02,-1.507386e-02,-1.292643e-02
10.56900,1.396882e+02,-1.418641e+02,-1.474436e-02,-1.201842e-02
10.57000,1.396257e+02,-1.450409e+02,-1.441384e-02,-1.110435e-02
10.57100,1.391358e+02,-1.419988e+02,-1.408249e-02,-1.018441e-02
10.57200,1.394946e+02,-1.435951e+02,-1.375068e-02,-9.258877e-03
10.57300,1.397245e+02,-1.441128e+02,-1.341888e-02,-8.327823e-03
10.57400,1.390760e+02,-1.441197e+02,-1.308713e-02,-7.391243e-03
10.57500,1.398809e+02,-1.452168e+02,-1.275597e-02,-6.449508e-03
10.57600,1.396266e+02,-1.443962e+02,-1.242578e-02,-5.502689e-03
10.57700,1.399768e+02,-1.469563e+02,-1.209665e-02,-4.551017e-03
10.57800,1.396070e+02,-1.456451e+02,-1.176909e-02,-3.594581e-03
10.57900,1.405148e+02,-1.462500e+02,-1.144354e-02,-2.633655e-03
10.58000,1.413999e+02,-1.484196e+02,-1.112008e-02,-1.668465e-03
10.58100,1.408273e+02,-1.484618e+02,-1.079911e-02,-6.991479e-04
10.58200,1.405100e+02,-1.502683e+02,-1.048113e-02,2.739936e-04
10.58300,1.418547e+02,-1.493853e+02,-1.016625e-02,1.250803e-03
10.58400,1.418916e+02,-1.530488e+02,-9.854736e-03,2.231014e-03
10.58500,1.420763e+02,-1.533462e+02,-9.546929e-03,3.214356e-03
10.58600,1.430674e+02,-1.532812e+02,-9.243269e-03,4.200734e-03
10.58700,1.433270e+02,-1.562638e+02,-8.943933e-03,5.189863e-03
10.58800,1.438100e+02,-1.574962e+02,-8.648929e-03,6.181283e-03
10.58900,1.441554e+02,-1.592619e+02,-8.358968e-03,7.174990e-03
10.59000,1.446580e+02,-1.586406e+02,-8.074088e-03,8.170717e-03
10.59100,1.462051e+02,-1.623348e+02,-7.794344e-03,9.168013e-03
10.59200,1.463783e+02,-1.635459e+02,-7.520196e-03,1.016682e-02
10.59300,1.460393e+02,-1.620651e+02,-7.251802e-03,1.116693e-02
10.59400,1.480702e+02,-1.661240e+02,-6.989238e-03,1.216796e-02
10.59500,1.485847e+02,-1.662714e+02,-6.732927e-03,1.316966e-02
10.59600,1.489838e+02,-1.683200e+02,-6.482721e-03,1.417183e-02
10.59700,1.499168e+02,-1.699511e+02,-6.239024e-03,1.517430e-02
10.59800,1.507916e+02,-1.728982e+02,-6.002210e-03,1.617669e-02
10.59900,1.517544e+02,-1.755307e+02,-5.771923e-03,1.717874e-02
10.60000,1.522719e+02,-1.755341e+02,-5.548478e-03,1.818046e-02
10.60100,1.531591e+02,-1.798201e+02,-5.332436e-03,1.918150e-02
10.60200,1.550446e+02,-1.804925e+02,-5.123427e-03,2.018160e-02
10.60300,1.556334e+02,-1.817109e+02,-4.921420e-03,2.118071e-02
10.60400,1.553677e+02,-1.839968e+02,-4.727018e-03,2.217854e-02
10.60500,1.574130e+02,-1.855022e+02,-4.540249e-03,2.317491e-02
10.60600,1.585999e+02,-1.883814e+02,-4.360860e-03,2.416962e-02
10.60700,1.587441e+02,-1.874894e+02,-4.189069e-03,2.516254e-02
10.60800,1.605040e+02,-1.915713e+02,-4.025266e-03,2.615359e-02
10.60900,1.620641e+02,-1.930044e+02,-3.869394e-03,2.714239e-02
10.61000,1.625796e+02,-1.934407e+02,-3.721148e-03,2.812899e-02
10.61100,1.638683e+02,-1.956043e+02,-3.580943e-03,2.911311e-02
10.61200,1.648042e+02,-1.964907e+02,-3.448960e-03,3.009464e-02
10.61300,1.667197e+02,-1.989104e+02,-3.324871e-03,3.107347e-02
10.61400,1.674237e+02,-1.977949e+02,-3.208930e-03,3.204949e-02
10.61500,1.684563e+02,-2.004994e+02,-3.101431e-03,3.302251e-02
10.61600,1.706005e+02,-2.032108e+02,-3.002175e-03,3.399238e-02
10.61700,1.717261e+02,-2.025282e+02,-2.911047e-03,3.495899e-02
10.61800,1.726851e+02,-2.050816e+02,-2.828439e-03,3.592221e-02
10.61900,1.747627e+02,-2.056314e+02,-2.754293e-03,3.688193e-02
10.62000,1.760406e+02,-2.075932e+02,-2.688473e-03,3.783786e-02
10.62100,1.769671e+02,-2.069897e+02,-2.631150e-03,3.879008e-02
10.62200,1.792271e+02,-2.085102e+02,-2.582312e-03,3.973829e-02
10.62300,1.801567e+02,-2.102700e+02,-2.542023e-03,4.068240e-02
10.62400,1.814087e+02,-2.083593e+02,-2.510419e-03,4.162228e-02
10.62500,1.838699e+02,-2.104624e+02,-2.487324e-03,4.255775e-02
10.62600,1.846677e+02,-2.104145e+02,-2.472710e-03,4.348865e-02
10.62700,1.864137e+02,-2.109760e+02,-2.466920e-03,4.441471e-02
10.62800,1.886859e+02,-2.109134e+02,-2.469809e-03,4.533581e-02
10.62900,1.898097e+02,-2.109139e+02,-2.481048e-03,4.625179e-02
10.63000,1.917960e+02,-2.127986e+02,-2.501090e-03,4.716236e-02
10.63100,1.936680e+02,-2.105440e+02,-2.530030e-03,4.806741e-02
10.63200,1.956109e+02,-2.126024e+02,-2.567396e-03,4.896668e-02
10.63300,1.974100e+02,-2.127040e+02,-2.613278e-03,4.985993e-02
10.63400,1.988972e+02,-2.121704e+02,-2.668136e-03,5.074693e-02
10.63500,2.011259e+02,-2.124989e+02,-2.731729e-03,5.162749e-02
10.63600,2.034702e+02,-2.122501e+02,-2.803643e-03,5.250134e-02
10.63700,2.051009e+02,-2.140952e+02,-2.884333e-03,5.336826e-02
10.63800,2.068949e+02,-2.120400e+02,-2.973920e-03,5.422785e-02
10.63900,2.095041e+02,-2.126122e+02,-3.071806e-03,5.507995e-02
10.64000,2.110448e+02,-2.129901e+02,-3.178106e-03,5.592436e-02
10.64100,2.129260e+02,-2.109886e+02,-3.293312e-03,5.676071e-02
10.64200,2.153149e+02,-2.110936e+02,-3.417002e-03,5.758859e-02
10.64300,2.171651e+02,-2.100670e+02,-3.548979e-03,5.840796e-02
10.64400,2.198467e+02,-2.114228e+02,-3.689583e-03,5.921837e-02
10.64500,2.215754e+02,-2.093308e+02,-3.838620e-03,6.001944e-02
10.64600,2.238207e+02,-2.096506e+02,-3.995875e-03,6.081102e-02
10.64700,2.265730e+02,-2.117437e+02,-4.161487e-03,6.159270e-02
10.64800,2.282584e+02,-2.101579e+02,-4.335305e-03,6.236412e-02
10.64900,2.306175e+02,-2.107072e+02,-4.517281e-03,6.312507e-02
10.65000,2.332882e+02,-2.105711e+02,-4.707409e-03,6.387510e-02
10.65100,2.353703e+02,-2.119040e+02,-4.905545e-03,6.461407e-02
10.65200,2.369980e+02,-2.111762e+02,-5.111421e-03,6.534150e-02
10.65300,2.391142e+02,-2.115674e+02,-5.325342e-03,6.605701e-02
10.65400,2.421866e+02,-2.144386e+02,-5.546875e-03,6.676045e-02
10.65500,2.443552e+02,-2.121758e+02,-5.775717e-03,6.745141e-02
10.65600,2.461375e+02,-2.131318e+02,-6.012178e-03,6.812959e-02
10.65700,2.490026e+02,-2.145077e+02,-6.256025e-03,6.879476e-02
10.65800,2.516725e+02,-2.151444e+02,-6.506755e-03,6.944662e-02
10.65900,2.533548e+02,-2.152346e+02,-6.764471e-03,7.008490e-02
10.66000,2.557744e+02,-2.156659e+02,-7.029160e-03,7.070923e-02
10.66100,2.587256e+02,-2.181736e+02,-7.300392e-03,7.131931e-02
10.66200,2.598052e+02,-2.166712e+02,-7.577899e-03,7.191514e-02
10.66300,2.621509e+02,-2.177419e+02,-7.861593e-03,7.249627e-02
10.66400,2.646301e+02,-2.196563e+02,-8.151442e-03,7.306238e-02
10.66500,2.667220e+02,-2.199530e+02,-8.446913e-03,7.361345e-02
10.66600,2.689305e+02,-2.218437e+02,-8.747799e-03,7.414917e-02
10.66700,2.706226e+02,-2.220812e+02,-9.054061e-03,7.466929e-02
10.66800,2.728267e+02,-2.251595e+02,-9.365218e-03,7.517375e-02
10.66900,2.743370e+02,-2.257470e+02,-9.681013e-03,7.566235e-02
10.67000,2.754215e+02,-2.268376e+02,-1.000150e-02,7.613489e-02
10.67100,2.779335e+02,-2.288085e+02,-1.032606e-02,7.659126e-02
10.67200,2.795893e+02,-2.284027e+02,-1.065447e-02,7.703137e-02
10.67300,2.803667e+02,-2.297543e+02,-1.098665e-02,7.745511e-02
10.67400,2.823171e+02,-2.302041e+02,-1.132201e-02,7.786237e-02
10.67500,2.838044e+02,-2.325262e+02,-1.166035e-02,7.825305e-02
10.67600,2.847498e+02,-2.330607e+02,-1.200149e-02,7.862705e-02
10.67700,2.863008e+02,-2.329163e+02,-1.234502e-02,7.898443e-02
10.67800,2.876178e+02,-2.350649e+02,-1.269065e-02,7.932500e-02
10.67900,2.875736e+02,-2.336989e+02,-1.303808e-02,7.964884e-02
10.68000,2.888139e+02,-2.343966e+02,-1.338693e-02,7.995593e-02
10.68100,2.891301e+02,-2.355649e+02,-1.373704e-02,8.024611e-02
10.68200,2.904885e+02,-2.359273e+02,-1.408799e-02,8.051959e-02
10.68300,2.914811e+02,-2.353719e+02,-1.443946e-02,8.077631e-02
10.68400,2.910107e+02,-2.349256e+02,-1.479121e-02,8.101626e-02
10.68500,2.916741e+02,-2.370300e+02,-1.514281e-02,8.123952e-02
10.68600,2.919229e+02,-2.349171e+02,-1.549404e-02,8.144608e-02
10.68700,2.913162e+02,-2.340163e+02,-1.584456e-02,8.163607e-02
10.68800,2.916135e+02,-2.336802e+02,-1.619395e-02,8.180946e-02
10.68900,2.917350e+02,-2.315216e+02,-1.654214e-02,8.196632e-02
10.69000,2.912920e+02,-2.299153e+02,-1.688863e-02,8.210686e-02
10.69100,2.907242e+02,-2.275199e+02,-1.723303e-02,8.223115e-02
10.69200,2.898869e+02,-2.274705e+02,-1.757531e-02,8.233914e-02
10.69300,2.895864e+02,-2.240468e+02,-1.791505e-02,8.243100e-02
10.69400,2.890979e+02,-2.207267e+02,-1.825176e-02,8.250696e-02
10.69500,2.879353e+02,-2.191200e+02,-1.858533e-02,8.256708e-02
10.69600,2.867034e+02,-2.156678e+02,-1.891555e-02,8.261146e-02
10.69700,2.860905e+02,-2.129809e+02,-1.924201e-02,8.264027e-02
10.69800,2.844094e+02,-2.093547e+02,-1.956440e-02,8.265369e-02
10.69900,2.836497e+02,-2.067764e+02,-1.988255e-02,8.265189e-02
10.70000,2.825610e+02,-2.025513e+02,-2.019621e-02,8.263492e-02
10.70100,2.808999e+02,-1.966810e+02,-2.050498e-02,8.260313e-02
10.70200,2.793073e+02,-1.938975e+02,-2.080863e-02,8.255663e-02
10.70300,2.775171e+02,-1.896477e+02,-2.110698e-02,8.249550e-02
10.70400,2.764564e+02,-1.853065e+02,-2.139979e-02,8.242004e-02
10.70500,2.748789e+02,-1.801509e+02,-2.168675e-02,8.233048e-02
10.70600,2.729476e+02,-1.761263e+02,-2.196774e-02,8.222704e-02
10.70700,2.710267e+02,-1.707030e+02,-2.224260e-02,8.210986e-02
10.70800,2.686478e+02,-1.637053e+02,-2.251110e-02,8.197912e-02
10.70900,2.665008e+02,-1.597003e+02,-2.277292e-02,8.183524e-02
10.71000,2.653864e+02,-1.534062e+02,-2.302801e-02,8.167832e-02
10.71100,2.635833e+02,-1.470819e+02,-2.327639e-02,8.150848e-02
10.71200,2.616295e+02,-1.408414e+02,-2.351769e-02,8.132621e-02
10.71300,2.595100e+02,-1.359392e+02,-2.375179e-02,8.113167e-02
10.71400,2.574930e+02,-1.316724e+02,-2.397873e-02,8.092490e-02
10.71500,2.554021e+02,-1.250738e+02,-2.419835e-02,8.070633e-02
10.71600,2.536977e+02,-1.207680e+02,-2.441054e-02,8.047624e-02
10.71700,2.514066e+02,-1.151066e+02,-2.461529e-02,8.023470e-02
10.71800,2.498008e+02,-1.079669e+02,-2.481257e-02,7.998212e-02
10.71900,2.474804e+02,-1.026657e+02,-2.500230e-02,7.971871e-02
10.72000,2.451498e+02,-9.790206e+01,-2.518451e-02,7.944455e-02
10.72100,2.442989e+02,-9.245693e+01,-2.535914e-02,7.916004e-02
10.72200,2.424512e+02,-8.568257e+01,-2.552619e-02,7.886538e-02
10.72300,2.403830e+02,-8.112144e+01,-2.568576e-02,7.856077e-02
10.72400,2.385961e+02,-7.547364e+01,-2.583782e-02,7.824645e-02
10.72500,2.363580e+02,-6.893824e+01,-2.598246e-02,7.792265e-02
10.72600,2.347269e+02,-6.430455e+01,-2.611970e-02,7.758964e-02
10.72700,2.334187e+02,-5.893439e+01,-2.624966e-02,7.724759e-02
10.72800,2.316040e+02,-5.386654e+01,-2.637247e-02,7.689667e-02
10.72900,2.301397e+02,-4.696618e+01,-2.648807e-02,7.653727e-02
10.73000,2.279507e+02,-4.268652e+01,-2.659662e-02,7.616946e-02
10.73100,2.259975e+02,-3.919158e+01,-2.669835e-02,7.579343e-02
10.73200,2.252277e+02,-3.349562e+01,-2.679314e-02,7.540950e-02
10.73300,2.240503e+02,-2.974726e+01,-2.688132e-02,7.501781e-02
10.73400,2.220328e+02,-2.605347e+01,-2.696299e-02,7.461847e-02
10.73500,2.211345e+02,-2.163345e+01,-2.703813e-02,7.421187e-02
10.73600,2.192935e+02,-1.678477e+01,-2.710694e-02,7.379810e-02
10.73700,2.177703e+02,-1.338178e+01,-2.716974e-02,7.337726e-02
10.73800,2.171873e+02,-9.966199e+00,-2.722641e-02,7.294971e-02
10.73900,2.159903e+02,-4.779941e+00,-2.727717e-02,7.251558e-02
10.74000,2.150302e+02,-1.010764e+00,-2.732231e-02,7.207500e-02
10.74100,2.133164e+02,3.212614e+00,-2.736184e-02,7.162815e-02
10.74200,2.117673e+02,7.146518e+00,-2.739586e-02,7.117520e-02
10.74300,2.114730e+02,1.066795e+01,-2.742460e-02,7.071635e-02
10.74400,2.105434e+02,1.348736e+01,-2.744818e-02,7.025173e-02
10.74500,2.088981e+02,1.605788e+01,-2.746679e-02,6.978146e-02
10.74600,2.082913e+02,2.076619e+01,-2.748052e-02,6.930577e-02
10.74700,2.068002e+02,2.316464e+01,-2.748941e-02,6.882482e-02
10.74800,2.054020e+02,2.600829e+01,-2.749379e-02,6.833865e-02
10.74900,2.047964e+02,3.017544e+01,-2.749370e-02,6.784739e-02
10.75000,2.042281e+02,3.283329e+01,-2.748913e-02,6.735119e-02
10.75100,2.033853e+02,3.498352e+01,-2.748033e-02,6.685024e-02
10.75200,2.022860e+02,3.718988e+01,-2.746746e-02,6.634452e-02
10.75300,2.005509e+02,4.051926e+01,-2.745048e-02,6.583416e-02
10.75400,2.002618e+02,4.232220e+01,-2.742953e-02,6.531934e-02
10.75500,1.996803e+02,4.410210e+01,-2.740477e-02,6.480007e-02
10.75600,1.984524e+02,4.758840e+01,-2.737627e-02,6.427637e-02
10.75700,1.977981e+02,5.078666e+01,-2.734409e-02,6.374833e-02
10.75800,1.966088e+02,5.350424e+01,-2.730819e-02,6.321607e-02
10.75900,1.953389e+02,5.545963e+01,-2.726877e-02,6.267963e-02
10.76000,1.946918e+02,5.875431e+01,-2.722598e-02,6.213894e-02
10.76100,1.945166e+02,6.116069e+01,-2.717963e-02,6.159415e-02
10.76200,1.940593e+02,6.224888e+01,-2.712989e-02,6.104536e-02
10.76300,1.925827e+02,6.461510e+01,-2.707691e-02,6.049244e-02
10.76400,1.909431e+02,6.706520e+01,-2.702053e-02,5.993541e-02
10.76500,1.905318e+02,6.956092e+01,-2.696079e-02,5.937441e-02
10.76600,1.895036e+02,7.074880e+01,-2.689780e-02,5.880936e-02
10.76700,1.882729e+02,7.309230e+01,-2.683157e-02,5.824024e-02
10.76800,1.877280e+02,7.578651e+01,-2.676207e-02,5.766702e-02
10.76900,1.866504e+02,7.703784e+01,-2.668917e-02,5.708976e-02
10.77000,1.848931e+02,7.987677e+01,-2.661289e-02,5.650849e-02
10.77100,1.842151e+02,8.261304e+01,-2.653340e-02,5.592294e-02
10.77200,1.839069e+02,8.461696e+01,-2.645042e-02,5.533328e-02
10.77300,1.833069e+02,8.582953e+01,-2.636387e-02,5.473960e-02
10.77400,1.817100e+02,8.800617e+01,-2.627401e-02,5.414154e-02
10.77500,1.801128e+02,9.051530e+01,-2.618063e-02,5.353911e-02
10.77600,1.792901e+02,9.203864e+01,-2.608348e-02,5.293258e-02
10.77700,1.777397e+02,9.490743e+01,-2.598266e-02,5.232167e-02
10.77800,1.766156e+02,9.730598e+01,-2.587820e-02,5.170624e-02
10.77900,1.762429e+02,9.920797e+01,-2.576985e-02,5.108643e-02
10.78000,1.748237e+02,1.007293e+02,-2.565748e-02,5.046217e-02
10.78100,1.728761e+02,1.031413e+02,-2.554112e-02,4.983337e-02
10.78200,1.718733e+02,1.054037e+02,-2.542075e-02,4.919986e-02
10.78300,1.709867e+02,1.060167e+02,-2.529614e-02,4.856168e-02
10.78400,1.704332e+02,1.082106e+02,-2.516712e-02,4.791886e-02
10.78500,1.690853e+02,1.095609e+02,-2.503383e-02,4.727117e-02
10.78600,1.670394e+02,1.107046e+02,-2.489606e-02,4.661856e-02
10.78700,1.660635e+02,1.132869e+02,-2.475357e-02,4.596116e-02
10.78800,1.652390e+02,1.155016e+02,-2.460641e-02,4.529871e-02
10.78900,1.639307e+02,1.174253e+02,-2.445450e-02,4.463112e-02
10.79000,1.636217e+02,1.185510e+02,-2.429762e-02,4.395840e-02
10.79100,1.624741e+02,1.202487e+02,-2.413576e-02,4.328046e-02
10.79200,1.605855e+02,1.216871e+02,-2.396881e-02,4.259722e-02
10.79300,1.594126e+02,1.231949e+02,-2.379667e-02,4.190860e-02
10.79400,1.584357e+02,1.252929e+02,-2.361936e-02,4.121447e-02
10.79500,1.576665e+02,1.268197e+02,-2.343667e-02,4.051487e-02
10.79600,1.564913e+02,1.283691e+02,-2.324851e-02,3.980972e-02
10.79700,1.547477e+02,1.290320e+02,-2.305502e-02,3.909877e-02
10.79800,1.539619e+02,1.312173e+02,-2.285600e-02,3.838210e-02
10.79900,1.530271e+02,1.329891e+02,-2.265126e-02,3.765965e-02
10.80000,1.514902e+02,1.332375e+02,-2.244101e-02,3.693122e-02
10.80100,1.515486e+02,1.347916e+02,-2.222519e-02,3.619680e-02
10.80200,1.508167e+02,1.355101e+02,-2.200367e-02,3.545637e-02
10.80300,1.489254e+02,1.362530e+02,-2.177648e-02,3.470987e-02
10.80400,1.483138e+02,1.372670e+02,-2.154373e-02,3.395712e-02
10.80500,1.478382e+02,1.385046e+02,-2.130543e-02,3.319813e-02
10.80600,1.466841e+02,1.396776e+02,-2.106145e-02,3.243294e-02
10.80700,1.463353e+02,1.402639e+02,-2.081193e-02,3.166137e-02
10.80800,1.455918e+02,1.412976e+02,-2.055705e-02,3.088334e-02
10.80900,1.445448e+02,1.419859e+02,-2.029664e-02,3.009900e-02
10.81000,1.438029e+02,1.430824e+02,-2.003090e-02,2.930819e-02
10.81100,1.432563e+02,1.435709e+02,-1.976011e-02,2.851070e-02
10.81200,1.431515e+02,1.437759e+02,-1.948418e-02,2.770680e-02
10.81300,1.425331e+02,1.443513e+02,-1.920318e-02,2.689644e-02
10.81400,1.413129e+02,1.439122e+02,-1.891748e-02,2.607941e-02
10.81500,1.407989e+02,1.446957e+02,-1.862715e-02,2.525584e-02
10.81600,1.404576e+02,1.452053e+02,-1.833226e-02,2.442583e-02
10.81700,1.400360e+02,1.454912e+02,-1.803311e-02,2.358925e-02
10.81800,1.401123e+02,1.459380e+02,-1.772994e-02,2.274610e-02
10.81900,1.396479e+02,1.458385e+02,-1.742287e-02,2.189656e-02
10.82000,1.390758e+02,1.467314e+02,-1.711212e-02,2.104061e-02
10.82100,1.386312e+02,1.466512e+02,-1.679806e-02,2.017819e-02
10.82200,1.383128e+02,1.468909e+02,-1.648092e-02,1.930945e-02
10.82300,1.384312e+02,1.473033e+02,-1.616084e-02,1.843455e-02
10.82400,1.383945e+02,1.475546e+02,-1.583816e-02,1.755335e-02
10.82500,1.378422e+02,1.479521e+02,-1.551322e-02,1.666601e-02
10.82600,1.376024e+02,1.486382e+02,-1.518621e-02,1.577273e-02
10.82700,1.373593e+02,1.501443e+02,-1.485747e-02,1.487350e-02
10.82800,1.374127e+02,1.501237e+02,-1.452732e-02,1.396836e-02
10.82900,1.377175e+02,1.500550e+02,-1.419610e-02,1.305754e-02
10.83000,1.378088e+02,1.504096e+02,-1.386411e-02,1.214111e-02
10.83100,1.378880e+02,1.502621e+02,-1.353161e-02,1.121921e-02
10.83200,1.377147e+02,1.503161e+02,-1.319892e-02,1.029202e-02
10.83300,1.376316e+02,1.503393e+02,-1.286652e-02,9.359625e-03
10.83400,1.383143e+02,1.514887e+02,-1.253462e-02,8.422198e-03
10.83500,1.383619e+02,1.515704e+02,-1.220350e-02,7.479946e-03
10.83600,1.381353e+02,1.514560e+02,-1.187360e-02,6.532982e-03
10.83700,1.387509e+02,1.529788e+02,-1.154522e-02,5.581502e-03
10.83800,1.387788e+02,1.539982e+02,-1.121859e-02,4.625732e-03
10.83900,1.390413e+02,1.548672e+02,-1.089413e-02,3.665803e-03
10.84000,1.399347e+02,1.556869e+02,-1.057218e-02,2.701915e-03
10.84100,1.401778e+02,1.572499e+02,-1.025299e-02,1.734329e-03
10.84200,1.402930e+02,1.583663e+02,-9.936803e-03,7.632349e-04
10.84300,1.407857e+02,1.592477e+02,-9.624019e-03,-2.111838e-04
10.84400,1.411191e+02,1.615317e+02,-9.314966e-03,-1.188691e-03
10.84500,1.418881e+02,1.629740e+02,-9.009751e-03,-2.168975e-03
10.84600,1.424270e+02,1.641219e+02,-8.708710e-03,-3.151879e-03
10.84700,1.427925e+02,1.649936e+02,-8.412273e-03,-4.137208e-03
10.84800,1.434919e+02,1.666068e+02,-8.120524e-03,-5.124657e-03
10.84900,1.437698e+02,1.683485e+02,-7.833667e-03,-6.113974e-03
10.85000,1.444090e+02,1.690754e+02,-7.552115e-03,-7.104984e-03
10.85100,1.457148e+02,1.705523e+02,-7.275969e-03,-8.097368e-03
10.85200,1.461420e+02,1.718794e+02,-7.005484e-03,-9.090889e-03
10.85300,1.466538e+02,1.734058e+02,-6.740889e-03,-1.008535e-02
10.85400,1.475005e+02,1.751104e+02,-6.482288e-03,-1.108049e-02
10.85500,1.479676e+02,1.770078e+02,-6.229929e-03,-1.207604e-02
10.85600,1.491908e+02,1.796612e+02,-5.983994e-03,-1.307182e-02
10.85700,1.502541e+02,1.810812e+02,-5.744570e-03,-1.406757e-02
10.85800,1.508313e+02,1.829420e+02,-5.511959e-03,-1.506307e-02
10.85900,1.520611e+02,1.850111e+02,-5.286244e-03,-1.605807e-02
10.86000,1.529015e+02,1.868680e+02,-5.067421e-03,-1.705234e-02
10.86100,1.532492e+02,1.884500e+02,-4.855758e-03,-1.804575e-02
10.86200,1.545802e+02,1.898615e+02,-4.651423e-03,-1.903806e-02
10.86300,1.556546e+02,1.920467e+02,-4.454404e-03,-2.002904e-02
10.86400,1.562431e+02,1.932797e+02,-4.264771e-03,-2.101858e-02
10.86500,1.573109e+02,1.951513e+02,-4.082737e-03,-2.200646e-02
10.86600,1.583992e+02,1.972590e+02,-3.908447e-03,-2.299244e-02
10.86700,1.595534e+02,1.986365e+02,-3.741824e-03,-2.397639e-02
10.86800,1.605944e+02,2.002802e+02,-3.582938e-03,-2.495816e-02
10.86900,1.614918e+02,2.012693e+02,-3.432084e-03,-2.593756e-02
10.87000,1.630918e+02,2.026829e+02,-3.289210e-03,-2.691441e-02
10.87100,1.642821e+02,2.038509e+02,-3.154213e-03,-2.788857e-02
10.87200,1.652009e+02,2.053172e+02,-3.027324e-03,-2.885992e-02
10.87300,1.668682e+02,2.069414e+02,-2.908712e-03,-2.982827e-02
10.87400,1.681817e+02,2.080119e+02,-2.798225e-03,-3.079347e-02
10.87500,1.693082e+02,2.098836e+02,-2.695918e-03,-3.175540e-02
10.87600,1.705524e+02,2.109442e+02,-2.601956e-03,-3.271389e-02
10.87700,1.718067e+02,2.118246e+02,-2.516345e-03,-3.366883e-02
10.87800,1.734488e+02,2.126859e+02,-2.439021e-03,-3.462010e-02
10.87900,1.748894e+02,2.130365e+02,-2.370083e-03,-3.556752e-02
10.88000,1.759400e+02,2.138505e+02,-2.309624e-03,-3.651098e-02
10.88100,1.775667e+02,2.141177e+02,-2.257682e-03,-3.745031e-02
10.88200,1.790975e+02,2.148067e+02,-2.214157e-03,-3.838539e-02
10.88300,1.802139e+02,2.150119e+02,-2.179041e-03,-3.931603e-02
10.88400,1.818343e+02,2.155260e+02,-2.152586e-03,-4.024208e-02
10.88500,1.836664e+02,2.161936e+02,-2.134717e-03,-4.116336e-02
10.88600,1.853139e+02,2.161538e+02,-2.125233e-03,-4.207974e-02
10.88700,1.868311e+02,2.168857e+02,-2.124345e-03,-4.299104e-02
10.88800,1.881822e+02,2.168539e+02,-2.132183e-03,-4.389711e-02
10.88900,1.901822e+02,2.166965e+02,-2.148543e-03,-4.479772e-02
10.89000,1.919174e+02,2.167682e+02,-2.173419e-03,-4.569272e-02
10.89100,1.932960e+02,2.167594e+02,-2.206975e-03,-4.658186e-02
10.89200,1.955212e+02,2.169274e+02,-2.249182e-03,-4.746496e-02
10.89300,1.974179e+02,2.165243e+02,-2.299897e-03,-4.834183e-02
10.89400,1.988373e+02,2.169043e+02,-2.359122e-03,-4.921225e-02
10.89500,2.007781e+02,2.167515e+02,-2.427050e-03,-5.007598e-02
10.89600,2.027281e+02,2.164033e+02,-2.503601e-03,-5.093277e-02
10.89700,2.046421e+02,2.165292e+02,-2.588578e-03,-5.178250e-02
10.89800,2.065015e+02,2.159908e+02,-2.682147e-03,-5.262482e-02
10.89900,2.082040e+02,2.156373e+02,-2.784371e-03,-5.345944e-02
10.90000,2.102704e+02,2.147158e+02,-2.895049e-03,-5.428623e-02
10.90100,2.123921e+02,2.142605e+02,-3.014156e-03,-5.510487e-02
10.90200,2.140502e+02,2.142277e+02,-3.141792e-03,-5.591506e-02
10.90300,2.161328e+02,2.140752e+02,-3.277920e-03,-5.671656e-02
10.90400,2.185880e+02,2.146347e+02,-3.422463e-03,-5.750912e-02
10.90500,2.208215e+02,2.144357e+02,-3.575298e-03,-5.829246e-02
10.90600,2.229929e+02,2.145167e+02,-3.736483e-03,-5.906625e-02
10.90700,2.250346e+02,2.145284e+02,-3.906052e-03,-5.983014e-02
10.90800,2.275057e+02,2.146071e+02,-4.083777e-03,-6.058395e-02
10.90900,2.297292e+02,2.147877e+02,-4.269590e-03,-6.132734e-02
10.91000,2.314623e+02,2.147313e+02,-4.463623e-03,-6.205995e-02
10.91100,2.341073e+02,2.155160e+02,-4.665680e-03,-6.278156e-02
10.91200,2.364613e+02,2.155632e+02,-4.875550e-03,-6.349187e-02
10.91300,2.380452e+02,2.157617e+02,-5.093228e-03,-6.419053e-02
10.91400,2.405743e+02,2.164215e+02,-5.318699e-03,-6.487728e-02
10.91500,2.432269e+02,2.169477e+02,-5.551757e-03,-6.555183e-02
10.91600,2.451753e+02,2.174780e+02,-5.792242e-03,-6.621389e-02
10.91700,2.470526e+02,2.171798e+02,-6.040100e-03,-6.686317e-02
10.91800,2.492956e+02,2.178581e+02,-6.295198e-03,-6.749938e-02
10.91900,2.516114e+02,2.187005e+02,-6.557252e-03,-6.812226e-02
10.92000,2.537111e+02,2.193377e+02,-6.826117e-03,-6.873156e-02
10.92100,2.556351e+02,2.205688e+02,-7.101733e-03,-6.932695e-02
10.92200,2.579803e+02,2.219179e+02,-7.383762e-03,-6.990824e-02
10.92300,2.601241e+02,2.235801e+02,-7.671980e-03,-7.047521e-02
10.92400,2.617727e+02,2.242657e+02,-7.966290e-03,-7.102756e-02
10.92500,2.641844e+02,2.256543e+02,-8.266450e-03,-7.156513e-02
10.92600,2.664003e+02,2.273221e+02,-8.572127e-03,-7.208770e-02
10.92700,2.679114e+02,2.280521e+02,-8.883123e-03,-7.259505e-02
10.92800,2.697130e+02,2.290951e+02,-9.199177e-03,-7.308702e-02
10.92900,2.712516e+02,2.298103e+02,-9.520017e-03,-7.356339e-02
10.93000,2.727407e+02,2.308022e+02,-9.845377e-03,-7.402406e-02
10.93100,2.745310e+02,2.315659e+02,-1.017494e-02,-7.446888e-02
10.93200,2.759926e+02,2.323891e+02,-1.050845e-02,-7.489771e-02
10.93300,2.775351e+02,2.336013e+02,-1.084561e-02,-7.531047e-02
10.93400,2.788903e+02,2.344833e+02,-1.118611e-02,-7.570705e-02
10.93500,2.797054e+02,2.355520e+02,-1.152964e-02,-7.608731e-02
10.93600,2.808198e+02,2.360803e+02,-1.187593e-02,-7.645120e-02
10.93700,2.822981e+02,2.368958e+02,-1.222464e-02,-7.679864e-02
10.93800,2.833326e+02,2.373797e+02,-1.257540e-02,-7.712962e-02
10.93900,2.839861e+02,2.374363e+02,-1.292793e-02,-7.744411e-02
10.94000,2.846278e+02,2.383318e+02,-1.328192e-02,-7.774199e-02
10.94100,2.853217e+02,2.382794e+02,-1.363700e-02,-7.802331e-02
10.94200,2.859141e+02,2.382311e+02,-1.399284e-02,-7.828809e-02
10.94300,2.861597e+02,2.383938e+02,-1.434918e-02,-7.853627e-02
10.94400,2.867862e+02,2.382681e+02,-1.470567e-02,-7.876788e-02
10.94500,2.870251e+02,2.377411e+02,-1.506192e-02,-7.898298e-02
10.94600,2.863966e+02,2.365312e+02,-1.541765e-02,-7.918156e-02
10.94700,2.864357e+02,2.353540e+02,-1.577254e-02,-7.936370e-02
10.94800,2.865934e+02,2.334521e+02,-1.612624e-02,-7.952942e-02
10.94900,2.860601e+02,2.316867e+02,-1.647838e-02,-7.967885e-02
10.95000,2.856216e+02,2.302175e+02,-1.682869e-02,-7.981205e-02
10.95100,2.852699e+02,2.285859e+02,-1.717687e-02,-7.992906e-02
10.95200,2.846732e+02,2.268080e+02,-1.752257e-02,-8.003001e-02
10.95300,2.838951e+02,2.241484e+02,-1.786547e-02,-8.011504e-02
10.95400,2.831470e+02,2.216048e+02,-1.820529e-02,-8.018417e-02
10.95500,2.824996e+02,2.188016e+02,-1.854172e-02,-8.023759e-02
10.95600,2.814196e+02,2.159872e+02,-1.887442e-02,-8.027547e-02
10.95700,2.798664e+02,2.131820e+02,-1.920310e-02,-8.029791e-02
10.95800,2.786173e+02,2.094326e+02,-1.952753e-02,-8.030505e-02
10.95900,2.776161e+02,2.060363e+02,-1.984740e-02,-8.029706e-02
10.96000,2.763168e+02,2.022150e+02,-2.016241e-02,-8.027415e-02
10.96100,2.750778e+02,1.980300e+02,-2.047237e-02,-8.023646e-02
10.96200,2.735618e+02,1.940370e+02,-2.077697e-02,-8.018416e-02
10.96300,2.718154e+02,1.897291e+02,-2.107596e-02,-8.011750e-02
10.96400,2.701931e+02,1.851201e+02,-2.136918e-02,-8.003665e-02
10.96500,2.684359e+02,1.796800e+02,-2.165640e-02,-7.994178e-02
10.96600,2.668096e+02,1.743136e+02,-2.193740e-02,-7.983319e-02
10.96700,2.649530e+02,1.692143e+02,-2.221200e-02,-7.971108e-02
10.96800,2.627336e+02,1.643245e+02,-2.248001e-02,-7.957565e-02
10.96900,2.609825e+02,1.589354e+02,-2.274126e-02,-7.942718e-02
10.97000,2.592997e+02,1.530883e+02,-2.299562e-02,-7.926584e-02
10.97100,2.575153e+02,1.481063e+02,-2.324300e-02,-7.909189e-02
10.97200,2.559106e+02,1.427915e+02,-2.348324e-02,-7.890558e-02
10.97300,2.539971e+02,1.375951e+02,-2.371622e-02,-7.870715e-02
10.97400,2.518918e+02,1.329064e+02,-2.394191e-02,-7.849681e-02
10.97500,2.500641e+02,1.274756e+02,-2.416020e-02,-7.827484e-02
10.97600,2.482285e+02,1.215335e+02,-2.437100e-02,-7.804146e-02
10.97700,2.465352e+02,1.152718e+02,-2.457431e-02,-7.779687e-02
10.97800,2.448811e+02,1.097584e+02,-2.477010e-02,-7.754135e-02
10.97900,2.427053e+02,1.043619e+02,-2.495830e-02,-7.727516e-02
10.98000,2.408749e+02,9.881734e+01,-2.513897e-02,-7.699852e-02
10.98100,2.392468e+02,9.369822e+01,-2.531213e-02,-7.671164e-02
10.98200,2.373247e+02,8.816300e+01,-2.547778e-02,-7.641476e-02
10.98300,2.360259e+02,8.256688e+01,-2.563599e-02,-7.610811e-02
10.98400,2.345443e+02,7.730028e+01,-2.578678e-02,-7.579193e-02
10.98500,2.325148e+02,7.266693e+01,-2.593022e-02,-7.546645e-02
10.98600,2.309937e+02,6.727360e+01,-2.606637e-02,-7.513189e-02
10.98700,2.295081e+02,6.161694e+01,-2.619534e-02,-7.478844e-02
10.98800,2.278873e+02,5.711329e+01,-2.631726e-02,-7.443628e-02
10.98900,2.264835e+02,5.237700e+01,-2.643214e-02,-7.407571e-02
10.99000,2.248468e+02,4.778238e+01,-2.654009e-02,-7.370692e-02
10.99100,2.233567e+02,4.359848e+01,-2.664133e-02,-7.333007e-02
10.99200,2.222421e+02,3.938211e+01,-2.673592e-02,-7.294534e-02
10.99300,2.208741e+02,3.465760e+01,-2.682395e-02,-7.255299e-02
10.99400,2.197405e+02,2.958276e+01,-2.690562e-02,-7.215317e-02
10.99500,2.185957e+02,2.552804e+01,-2.698104e-02,-7.174605e-02
10.99600,2.168904e+02,2.170559e+01,-2.705030e-02,-7.133186e-02
10.99700,2.156008e+02,1.756961e+01,-2.711356e-02,-7.091076e-02
10.99800,2.145469e+02,1.340232e+01,-2.717101e-02,-7.048289e-02
10.99900,2.134373e+02,9.418609e+00,-2.722278e-02,-7.004845e-02
11.00000,2.126383e+02,5.719346e+00,-2.726897e-02,-6.960762e-02
11.00100,2.115075e+02,2.110082e+00,-2.730974e-02,-6.916057e-02
11.00200,2.103374e+02,-8.319127e-01,-2.734528e-02,-6.870742e-02
11.00300,2.094564e+02,-3.930929e+00,-2.737569e-02,-6.824830e-02
11.00400,2.083997e+02,-7.284806e+00,-2.740106e-02,-6.778341e-02
11.00500,2.075746e+02,-1.056299e+01,-2.742160e-02,-6.731289e-02
11.00600,2.067677e+02,-1.381825e+01,-2.743746e-02,-6.683682e-02
11.00700,2.056079e+02,-1.665392e+01,-2.744870e-02,-6.635540e-02
11.00800,2.048165e+02,-1.981341e+01,-2.745546e-02,-6.586875e-02
11.00900,2.041159e+02,-2.281808e+01,-2.745789e-02,-6.537694e-02
11.01000,2.031449e+02,-2.584887e+01,-2.745612e-02,-6.488008e-02
11.01100,2.025612e+02,-2.899257e+01,-2.745023e-02,-6.437830e-02
11.01200,2.018135e+02,-3.137703e+01,-2.744029e-02,-6.387173e-02
11.01300,2.006197e+02,-3.383319e+01,-2.742646e-02,-6.336042e-02
11.01400,1.997132e+02,-3.690655e+01,-2.740887e-02,-6.284438e-02
11.01500,1.989616e+02,-4.049729e+01,-2.738749e-02,-6.232378e-02
11.01600,1.981977e+02,-4.373270e+01,-2.736241e-02,-6.179872e-02
11.01700,1.970821e+02,-4.655564e+01,-2.733382e-02,-6.126915e-02
11.01800,1.958813e+02,-4.915259e+01,-2.730166e-02,-6.073517e-02
11.01900,1.953223e+02,-5.080293e+01,-2.726597e-02,-6.019691e-02
11.02000,1.945198e+02,-5.255541e+01,-2.722691e-02,-5.965430e-02
11.02100,1.935422e+02,-5.499340e+01,-2.718452e-02,-5.910738e-02
11.02200,1.931765e+02,-5.762444e+01,-2.713876e-02,-5.855625e-02
11.02300,1.922834e+02,-5.965295e+01,-2.708964e-02,-5.800091e-02
11.02400,1.908397e+02,-6.177081e+01,-2.703723e-02,-5.744137e-02
11.02500,1.898720e+02,-6.434353e+01,-2.698158e-02,-5.687760e-02
11.02600,1.891114e+02,-6.629011e+01,-2.692256e-02,-5.630964e-02
11.02700,1.881703e+02,-6.871429e+01,-2.686017e-02,-5.573757e-02
11.02800,1.869909e+02,-7.130628e+01,-2.679455e-02,-5.516123e-02
11.02900,1.859265e+02,-7.328991e+01,-2.672562e-02,-5.458067e-02
11.03000,1.853311e+02,-7.514241e+01,-2.665318e-02,-5.399598e-02
11.03100,1.842232e+02,-7.727746e+01,-2.657735e-02,-5.340702e-02
11.03200,1.829755e+02,-8.019826e+01,-2.649811e-02,-5.281372e-02
11.03300,1.823876e+02,-8.263013e+01,-2.641526e-02,-5.221618e-02
11.03400,1.810698e+02,-8.432865e+01,-2.632878e-02,-5.161432e-02
11.03500,1.794082e+02,-8.646869e+01,-2.623867e-02,-5.100807e-02
11.03600,1.783743e+02,-8.876876e+01,-2.614482e-02,-5.039741e-02
11.03700,1.772712e+02,-9.059970e+01,-2.604709e-02,-4.978236e-02
11.03800,1.762644e+02,-9.291077e+01,-2.594541e-02,-4.916285e-02
11.03900,1.751750e+02,-9.590719e+01,-2.583981e-02,-4.853877e-02
11.04000,1.737308e+02,-9.750243e+01,-2.573012e-02,-4.791009e-02
11.04100,1.729089e+02,-9.837319e+01,-2.561613e-02,-4.727686e-02
11.04200,1.718465e+02,-9.997015e+01,-2.549787e-02,-4.663891e-02
11.04300,1.702892e+02,-1.018841e+02,-2.537529e-02,-4.599615e-02
11.04400,1.694863e+02,-1.041765e+02,-2.524810e-02,-4.534866e-02
11.04500,1.684173e+02,-1.064590e+02,-2.511623e-02,-4.469629e-02
11.04600,1.666370e+02,-1.089593e+02,-2.497972e-02,-4.403892e-02
11.04700,1.655502e+02,-1.110423e+02,-2.483834e-02,-4.337657e-02
11.04800,1.647389e+02,-1.125279e+02,-2.469199e-02,-4.270916e-02
11.04900,1.636872e+02,-1.145619e+02,-2.454057e-02,-4.203657e-02
11.05000,1.625103e+02,-1.163081e+02,-2.438404e-02,-4.135874e-02
11.05100,1.612080e+02,-1.174559e+02,-2.422227e-02,-4.067556e-02
11.05200,1.602711e+02,-1.188136e+02,-2.405508e-02,-3.998701e-02
11.05300,1.591524e+02,-1.204314e+02,-2.388244e-02,-3.929299e-02
11.05400,1.578058e+02,-1.219011e+02,-2.370433e-02,-3.859337e-02
11.05500,1.572240e+02,-1.238691e+02,-2.352059e-02,-3.788809e-02
11.05600,1.562762e+02,-1.259205e+02,-2.333111e-02,-3.717709e-02
11.05700,1.545725e+02,-1.267367e+02,-2.313596e-02,-3.646025e-02
11.05800,1.536498e+02,-1.273268e+02,-2.293506e-02,-3.573749e-02
11.05900,1.530134e+02,-1.280447e+02,-2.272830e-02,-3.500875e-02
11.06000,1.520647e+02,-1.291994e+02,-2.251566e-02,-3.427393e-02
11.06100,1.513361e+02,-1.309462e+02,-2.229717e-02,-3.353295e-02
11.06200,1.505413e+02,-1.323237e+02,-2.207284e-02,-3.278572e-02
11.06300,1.495329e+02,-1.335980e+02,-2.184257e-02,-3.203222e-02
11.06400,1.484776e+02,-1.345047e+02,-2.160643e-02,-3.127234e-02
11.06500,1.475919e+02,-1.350102e+02,-2.136453e-02,-3.050598e-02
11.06600,1.473139e+02,-1.359288e+02,-2.111682e-02,-2.973315e-02
11.06700,1.468008e+02,-1.370922e+02,-2.086335e-02,-2.895378e-02
11.06800,1.457586e+02,-1.378280e+02,-2.060428e-02,-2.816775e-02
11.06900,1.451371e+02,-1.381298e+02,-2.033970e-02,-2.737505e-02
11.07000,1.446979e+02,-1.385718e+02,-2.006963e-02,-2.657566e-02
11.07100,1.441132e+02,-1.387329e+02,-1.979424e-02,-2.576955e-02
11.07200,1.435155e+02,-1.390169e+02,-1.951371e-02,-2.495665e-02
11.07300,1.428718e+02,-1.395167e+02,-1.922820e-02,-2.413699e-02
11.07400,1.422942e+02,-1.398716e+02,-1.893776e-02,-2.331059e-02
11.07500,1.416532e+02,-1.401101e+02,-1.864267e-02,-2.247739e-02
11.07600,1.411377e+02,-1.402956e+02,-1.834318e-02,-2.163741e-02
11.07700,1.412965e+02,-1.413185e+02,-1.803941e-02,-2.079069e-02
11.07800,1.411472e+02,-1.421304e+02,-1.773162e-02,-1.993724e-02
11.07900,1.404088e+02,-1.420028e+02,-1.742011e-02,-1.907708e-02
11.08000,1.400912e+02,-1.421123e+02,-1.710508e-02,-1.821027e-02
11.08100,1.400993e+02,-1.423079e+02,-1.678676e-02,-1.733686e-02
11.08200,1.400209e+02,-1.420943e+02,-1.646543e-02,-1.645689e-02
11.08300,1.399000e+02,-1.421276e+02,-1.614145e-02,-1.557042e-02
11.08400,1.397685e+02,-1.432398e+02,-1.581512e-02,-1.467754e-02
11.08500,1.395815e+02,-1.440666e+02,-1.548664e-02,-1.377835e-02
11.08600,1.390087e+02,-1.437669e+02,-1.515638e-02,-1.287294e-02
11.08700,1.387582e+02,-1.436368e+02,-1.482474e-02,-1.196142e-02
11.08800,1.393176e+02,-1.436656e+02,-1.449197e-02,-1.104391e-02
11.08900,1.393394e+02,-1.433683e+02,-1.415838e-02,-1.012055e-02
11.09000,1.390266e+02,-1.432278e+02,-1.382435e-02,-9.191448e-03
11.09100,1.393118e+02,-1.440001e+02,-1.349024e-02,-8.256757e-03
11.09200,1.393482e+02,-1.448143e+02,-1.315633e-02,-7.316653e-03
11.09300,1.392545e+02,-1.450947e+02,-1.282295e-02,-6.371295e-03
11.09400,1.396423e+02,-1.461074e+02,-1.249051e-02,-5.420835e-03
11.09500,1.398737e+02,-1.472125e+02,-1.215937e-02,-4.465474e-03
11.09600,1.399966e+02,-1.478281e+02,-1.182978e-02,-3.505410e-03
11.09700,1.400957e+02,-1.482863e+02,-1.150212e-02,-2.540815e-03
11.09800,1.403276e+02,-1.490022e+02,-1.117676e-02,-1.571905e-03
11.09900,1.411318e+02,-1.498553e+02,-1.085394e-02,-5.989405e-04
11.10000,1.417235e+02,-1.505017e+02,-1.053399e-02,3.778785e-04
11.10100,1.419678e+02,-1.516962e+02,-1.021731e-02,1.358365e-03
11.10200,1.424996e+02,-1.529652e+02,-9.904129e-03,2.342265e-03
11.10300,1.427488e+02,-1.537450e+02,-9.594704e-03,3.329305e-03
11.10400,1.429420e+02,-1.546389e+02,-9.289388e-03,4.319255e-03
11.10500,1.436783e+02,-1.560813e+02,-8.988488e-03,5.311901e-03
11.10600,1.442200e+02,-1.577229e+02,-8.692222e-03,6.306948e-03
11.10700,1.445137e+02,-1.589143e+02,-8.400819e-03,7.304152e-03
11.10800,1.449147e+02,-1.605091e+02,-8.114565e-03,8.303298e-03
11.10900,1.454045e+02,-1.623998e+02,-7.833704e-03,9.304113e-03
11.11000,1.463522e+02,-1.637309e+02,-7.558417e-03,1.030632e-02
11.11100,1.473213e+02,-1.649741e+02,-7.288916e-03,1.130969e-02
11.11200,1.478994e+02,-1.667633e+02,-7.025443e-03,1.231397e-02
11.11300,1.487614e+02,-1.690476e+02,-6.768195e-03,1.331890e-02
11.11400,1.495149e+02,-1.709315e+02,-6.517294e-03,1.432423e-02
11.11500,1.500487e+02,-1.730844e+02,-6.272908e-03,1.532973e-02
11.11600,1.511089e+02,-1.756578e+02,-6.035268e-03,1.633517e-02
11.11700,1.521661e+02,-1.773852e+02,-5.804485e-03,1.734030e-02
11.11800,1.528519e+02,-1.786893e+02,-5.580649e-03,1.834492e-02
11.11900,1.536522e+02,-1.801015e+02,-5.363956e-03,1.934885e-02
11.12000,1.545822e+02,-1.816407e+02,-5.154537e-03,2.035184e-02
11.12100,1.556101e+02,-1.831743e+02,-4.952423e-03,2.135368e-02
11.12200,1.566437e+02,-1.850748e+02,-4.757741e-03,2.235421e-02
11.12300,1.576424e+02,-1.873781e+02,-4.570651e-03,2.335326e-02
11.12400,1.587867e+02,-1.893798e+02,-4.391253e-03,2.435062e-02
11.12500,1.597441e+02,-1.912035e+02,-4.219553e-03,2.534613e-02
11.12600,1.605431e+02,-1.928168e+02,-4.055630e-03,2.633964e-02
11.12700,1.618468e+02,-1.942702e+02,-3.899673e-03,2.733098e-02
11.12800,1.632458e+02,-1.956515e+02,-3.751684e-03,2.831998e-02
11.12900,1.643660e+02,-1.971464e+02,-3.611638e-03,2.930653e-02
11.13000,1.656074e+02,-1.991073e+02,-3.479744e-03,3.029047e-02
11.13100,1.668701e+02,-2.008677e+02,-3.356054e-03,3.127168e-02
11.13200,1.681132e+02,-2.026500e+02,-3.240500e-03,3.224998e-02
11.13300,1.694976e+02,-2.042774e+02,-3.133202e-03,3.322528e-02
11.13400,1.708316e+02,-2.051218e+02,-3.034251e-03,3.419743e-02
11.13500,1.720991e+02,-2.057408e+02,-2.943657e-03,3.516627e-02
11.13600,1.733914e+02,-2.066804e+02,-2.861456e-03,3.613171e-02
11.13700,1.747445e+02,-2.078545e+02,-2.787667e-03,3.709362e-02
11.13800,1.761815e+02,-2.085475e+02,-2.722387e-03,3.805185e-02
11.13900,1.777421e+02,-2.094289e+02,-2.665644e-03,3.900627e-02
11.14000,1.793095e+02,-2.105257e+02,-2.617357e-03,3.995671e-02
11.14100,1.806547e+02,-2.107583e+02,-2.577650e-03,4.090303e-02
11.14200,1.820526e+02,-2.108351e+02,-2.546621e-03,4.184508e-02
11.14300,1.837933e+02,-2.116398e+02,-2.524152e-03,4.278270e-02
11.14400,1.855102e+02,-2.127304e+02,-2.510258e-03,4.371572e-02
11.14500,1.870815e+02,-2.131771e+02,-2.505048e-03,4.464396e-02
11.14600,1.889488e+02,-2.137301e+02,-2.508528e-03,4.556724e-02
11.14700,1.907796e+02,-2.147649e+02,-2.520664e-03,4.648535e-02
11.14800,1.923310e+02,-2.149300e+02,-2.541438e-03,4.739811e-02
11.14900,1.941102e+02,-2.146585e+02,-2.570928e-03,4.830529e-02
11.15000,1.960632e+02,-2.146478e+02,-2.609144e-03,4.920667e-02
11.15100,1.979771e+02,-2.145840e+02,-2.655948e-03,5.010207e-02
11.15200,1.998394e+02,-2.142089e+02,-2.711424e-03,5.099122e-02
11.15300,2.017133e+02,-2.141319e+02,-2.775675e-03,5.187386e-02
11.15400,2.038451e+02,-2.146598e+02,-2.848532e-03,5.274978e-02
11.15500,2.058330e+02,-2.144898e+02,-2.929967e-03,5.361873e-02
11.15600,2.075807e+02,-2.137875e+02,-3.020112e-03,5.448040e-02
11.15700,2.096113e+02,-2.130537e+02,-3.118880e-03,5.533452e-02
11.15800,2.117021e+02,-2.122573e+02,-3.226176e-03,5.618084e-02
11.15900,2.135912e+02,-2.116633e+02,-3.342037e-03,5.701907e-02
11.16000,2.156040e+02,-2.116250e+02,-3.466453e-03,5.784890e-02
11.16100,2.177988e+02,-2.123242e+02,-3.599379e-03,5.867002e-02
11.16200,2.200326e+02,-2.126729e+02,-3.740714e-03,5.948215e-02
11.16300,2.222285e+02,-2.126161e+02,-3.890428e-03,6.028498e-02
11.16400,2.243788e+02,-2.126944e+02,-4.048583e-03,6.107814e-02
11.16500,2.268348e+02,-2.125647e+02,-4.215049e-03,6.186138e-02
11.16600,2.291911e+02,-2.121638e+02,-4.389670e-03,6.263436e-02
11.16700,2.310185e+02,-2.118326e+02,-4.572514e-03,6.339673e-02
11.16800,2.333161e+02,-2.120147e+02,-4.763493e-03,6.414818e-02
11.16900,2.359973e+02,-2.120475e+02,-4.962412e-03,6.488840e-02
11.17000,2.381325e+02,-2.119784e+02,-5.169237e-03,6.561705e-02
11.17100,2.402720e+02,-2.125234e+02,-5.383914e-03,6.633383e-02
11.17200,2.427788e+02,-2.129207e+02,-5.606286e-03,6.703840e-02
11.17300,2.451346e+02,-2.129571e+02,-5.836196e-03,6.773047e-02
11.17400,2.473171e+02,-2.132344e+02,-6.073521e-03,6.840973e-02
11.17500,2.495999e+02,-2.141002e+02,-6.318216e-03,6.907582e-02
11.17600,2.519925e+02,-2.149265e+02,-6.570078e-03,6.972850e-02
11.17700,2.541507e+02,-2.156903e+02,-6.828817e-03,7.036752e-02
11.17800,2.561598e+02,-2.170233e+02,-7.094383e-03,7.099254e-02
11.17900,2.586003e+02,-2.180363e+02,-7.366629e-03,7.160327e-02
11.18000,2.611857e+02,-2.185397e+02,-7.645230e-03,7.219950e-02
11.18100,2.632968e+02,-2.194179e+02,-7.930007e-03,7.278098e-02
11.18200,2.654100e+02,-2.208632e+02,-8.220814e-03,7.334744e-02
11.18300,2.675888e+02,-2.220915e+02,-8.517375e-03,7.389867e-02
11.18400,2.695238e+02,-2.230630e+02,-8.819431e-03,7.443447e-02
11.18500,2.714978e+02,-2.245282e+02,-9.126734e-03,7.495465e-02
11.18600,2.734471e+02,-2.255494e+02,-9.439075e-03,7.545900e-02
11.18700,2.752634e+02,-2.258199e+02,-9.756187e-03,7.594738e-02
11.18800,2.769684e+02,-2.265773e+02,-1.007773e-02,7.641968e-02
11.18900,2.783811e+02,-2.277782e+02,-1.040348e-02,7.687572e-02
11.19000,2.798408e+02,-2.287947e+02,-1.073317e-02,7.731536e-02
11.19100,2.816392e+02,-2.299985e+02,-1.106648e-02,7.773853e-02
11.19200,2.833595e+02,-2.319540e+02,-1.140310e-02,7.814514e-02
11.19300,2.847607e+02,-2.336034e+02,-1.174278e-02,7.853510e-02
11.19400,2.860728e+02,-2.345172e+02,-1.208522e-02,7.890831e-02
11.19500,2.873087e+02,-2.353997e+02,-1.243008e-02,7.926475e-02
11.19600,2.881995e+02,-2.360774e+02,-1.277701e-02,7.960439e-02
11.19700,2.890705e+02,-2.363688e+02,-1.312576e-02,7.992717e-02
11.19800,2.901720e+02,-2.365406e+02,-1.347603e-02,8.023305e-02
11.19900,2.909939e+02,-2.372481e+02,-1.382746e-02,8.052208e-02
11.20000,2.912926e+02,-2.378205e+02,-1.417972e-02,8.079424e-02
11.20100,2.917977e+02,-2.375411e+02,-1.453256e-02,8.104954e-02
11.20200,2.925061e+02,-2.372953e+02,-1.488563e-02,8.128797e-02
11.20300,2.927968e+02,-2.367848e+02,-1.523859e-02,8.150961e-02
11.20400,2.928744e+02,-2.355652e+02,-1.559114e-02,8.171451e-02
11.20500,2.928855e+02,-2.344007e+02,-1.594300e-02,8.190267e-02
11.20600,2.926336e+02,-2.335708e+02,-1.629381e-02,8.207420e-02
11.20700,2.921850e+02,-2.323369e+02,-1.664323e-02,8.222919e-02
11.20800,2.918652e+02,-2.307269e+02,-1.699100e-02,8.236767e-02
11.20900,2.917755e+02,-2.294481e+02,-1.733680e-02,8.248974e-02
11.21000,2.913410e+02,-2.277514e+02,-1.768028e-02,8.259554e-02
11.21100,2.904456e+02,-2.252786e+02,-1.802116e-02,8.268516e-02
11.21200,2.897314e+02,-2.228098e+02,-1.835917e-02,8.275870e-02
11.21300,2.889698e+02,-2.206000e+02,-1.869399e-02,8.281631e-02
11.21400,2.879571e+02,-2.180083e+02,-1.902529e-02,8.285814e-02
11.21500,2.869556e+02,-2.145733e+02,-1.935280e-02,8.288431e-02
11.21600,2.857137e+02,-2.112673e+02,-1.967625e-02,8.289497e-02
11.21700,2.841015e+02,-2.076836e+02,-1.999537e-02,8.289027e-02
11.21800,2.825568e+02,-2.030463e+02,-2.030983e-02,8.287042e-02
11.21900,2.812046e+02,-1.985357e+02,-2.061940e-02,8.283558e-02
11.22000,2.800877e+02,-1.944889e+02,-2.092385e-02,8.278592e-02
11.22100,2.788159e+02,-1.901247e+02,-2.122290e-02,8.272165e-02
11.22200,2.768828e+02,-1.853682e+02,-2.151629e-02,8.264297e-02
11.22300,2.749835e+02,-1.807110e+02,-2.180385e-02,8.255006e-02
11.22400,2.733512e+02,-1.758740e+02,-2.208532e-02,8.244316e-02
11.22500,2.715437e+02,-1.703739e+02,-2.236050e-02,8.232250e-02
11.22600,2.698348e+02,-1.646123e+02,-2.262920e-02,8.218831e-02
11.22700,2.680120e+02,-1.589646e+02,-2.289128e-02,8.204080e-02
11.22800,2.656794e+02,-1.534247e+02,-2.314656e-02,8.188020e-02
11.22900,2.634204e+02,-1.478010e+02,-2.339486e-02,8.170677e-02
11.23000,2.615675e+02,-1.425778e+02,-2.363606e-02,8.152074e-02
11.23100,2.599994e+02,-1.376641e+02,-2.387007e-02,8.132233e-02
11.23200,2.582816e+02,-1.320649e+02,-2.409672e-02,8.111181e-02
11.23300,2.561701e+02,-1.261706e+02,-2.431594e-02,8.088944e-02
11.23400,2.540479e+02,-1.200770e+02,-2.452771e-02,8.065542e-02
11.23500,2.519406e+02,-1.135721e+02,-2.473194e-02,8.040999e-02
11.23600,2.496495e+02,-1.072767e+02,-2.492855e-02,8.015346e-02
11.23700,2.476667e+02,-1.015022e+02,-2.511754e-02,7.988606e-02
11.23800,2.457718e+02,-9.590368e+01,-2.529889e-02,7.960798e-02
11.23900,2.435222e+02,-8.999152e+01,-2.547259e-02,7.931947e-02
11.24000,2.416396e+02,-8.419500e+01,-2.563865e-02,7.902081e-02
11.24100,2.401877e+02,-7.878049e+01,-2.579708e-02,7.871221e-02
11.24200,2.386814e+02,-7.341270e+01,-2.594799e-02,7.839387e-02
11.24300,2.370962e+02,-6.800844e+01,-2.609139e-02,7.806609e-02
11.24400,2.352333e+02,-6.283940e+01,-2.622730e-02,7.772908e-02
11.24500,2.330623e+02,-5.786021e+01,-2.635588e-02,7.738304e-02
11.24600,2.309755e+02,-5.264027e+01,-2.647719e-02,7.702819e-02
11.24700,2.292735e+02,-4.767163e+01,-2.659127e-02,7.666481e-02
11.24800,2.280448e+02,-4.306829e+01,-2.669827e-02,7.629308e-02
11.24900,2.267265e+02,-3.817885e+01,-2.679833e-02,7.591318e-02
11.25000,2.250730e+02,-3.321521e+01,-2.689154e-02,7.552535e-02
11.25100,2.234375e+02,-2.864018e+01,-2.697798e-02,7.512983e-02
11.25200,2.219317e+02,-2.431255e+01,-2.705783e-02,7.472679e-02
11.25300,2.206030e+02,-1.984906e+01,-2.713125e-02,7.431640e-02
11.25400,2.195035e+02,-1.556225e+01,-2.719834e-02,7.389892e-02
11.25500,2.182126e+02,-1.143308e+01,-2.725921e-02,7.347454e-02
11.25600,2.166863e+02,-6.701542e+00,-2.731407e-02,7.304339e-02
11.25700,2.152173e+02,-2.047247e+00,-2.736305e-02,7.260568e-02
11.25800,2.140078e+02,1.702390e+00,-2.740626e-02,7.216159e-02
11.25900,2.131750e+02,4.902602e+00,-2.744388e-02,7.171132e-02
11.26000,2.122050e+02,8.155203e+00,-2.747608e-02,7.125502e-02
11.26100,2.109149e+02,1.125262e+01,-2.750295e-02,7.079287e-02
11.26200,2.097871e+02,1.411622e+01,-2.752466e-02,7.032506e-02
11.26300,2.088174e+02,1.743789e+01,-2.754140e-02,6.985168e-02
11.26400,2.079127e+02,2.103152e+01,-2.755327e-02,6.937289e-02
11.26500,2.071382e+02,2.425771e+01,-2.756038e-02,6.888887e-02
11.26600,2.061579e+02,2.733784e+01,-2.756288e-02,6.839974e-02
11.26700,2.048567e+02,3.086002e+01,-2.756093e-02,6.790564e-02
11.26800,2.033354e+02,3.413867e+01,-2.755464e-02,6.740668e-02
11.26900,2.022388e+02,3.657031e+01,-2.754410e-02,6.690297e-02
11.27000,2.019163e+02,3.904799e+01,-2.752945e-02,6.639464e-02
11.27100,2.014684e+02,4.177031e+01,-2.751082e-02,6.588176e-02
11.27200,2.005048e+02,4.452122e+01,-2.748829e-02,6.536440e-02
11.27300,1.995991e+02,4.752920e+01,-2.746192e-02,6.484271e-02
11.27400,1.984644e+02,5.048258e+01,-2.743185e-02,6.431672e-02
11.27500,1.973007e+02,5.298644e+01,-2.739814e-02,6.378648e-02
11.27600,1.966937e+02,5.493560e+01,-2.736085e-02,6.325208e-02
11.27700,1.959970e+02,5.682397e+01,-2.732005e-02,6.271356e-02
11.27800,1.949670e+02,5.893947e+01,-2.727584e-02,6.217094e-02
11.27900,1.939924e+02,6.100724e+01,-2.722824e-02,6.162427e-02
11.28000,1.931327e+02,6.310222e+01,-2.717728e-02,6.107358e-02
11.28100,1.925204e+02,6.542590e+01,-2.712302e-02,6.051888e-02
11.28200,1.917875e+02,6.758775e+01,-2.706551e-02,5.996018e-02
11.28300,1.906442e+02,6.952003e+01,-2.700473e-02,5.939748e-02
11.28400,1.894329e+02,7.220023e+01,-2.694067e-02,5.883082e-02
11.28500,1.880560e+02,7.516071e+01,-2.687338e-02,5.826016e-02
11.28600,1.868725e+02,7.747937e+01,-2.680289e-02,5.768544e-02
11.28700,1.863035e+02,7.959131e+01,-2.672911e-02,5.710671e-02
11.28800,1.856271e+02,8.178767e+01,-2.665202e-02,5.652393e-02
11.28900,1.845861e+02,8.393982e+01,-2.657164e-02,5.593703e-02
11.29000,1.835581e+02,8.577228e+01,-2.648793e-02,5.534602e-02
11.29100,1.824171e+02,8.746974e+01,-2.640078e-02,5.475089e-02
11.29200,1.814125e+02,8.939445e+01,-2.631020e-02,5.415155e-02
11.29300,1.805794e+02,9.104369e+01,-2.621614e-02,5.354796e-02
11.29400,1.795416e+02,9.268026e+01,-2.611850e-02,5.294011e-02
11.29500,1.784205e+02,9.504831e+01,-2.601719e-02,5.232795e-02
11.29600,1.770800e+02,9.761272e+01,-2.591218e-02,5.171142e-02
11.29700,1.755957e+02,9.957953e+01,-2.580340e-02,5.109042e-02
11.29800,1.745700e+02,1.013413e+02,-2.569071e-02,5.046496e-02
11.29900,1.736607e+02,1.030278e+02,-2.557403e-02,4.983499e-02
11.30000,1.723788e+02,1.044425e+02,-2.545330e-02,4.920039e-02
11.30100,1.710994e+02,1.062885e+02,-2.532842e-02,4.856114e-02
11.30200,1.700100e+02,1.085063e+02,-2.519924e-02,4.791718e-02
11.30300,1.690407e+02,1.106600e+02,-2.506569e-02,4.726844e-02
11.30400,1.679770e+02,1.127332e+02,-2.492769e-02,4.661481e-02
11.30500,1.667486e+02,1.147798e+02,-2.478510e-02,4.595625e-02
11.30600,1.653833e+02,1.168140e+02,-2.463779e-02,4.529272e-02
11.30700,1.637471e+02,1.183874e+02,-2.448571e-02,4.462413e-02
11.30800,1.622259e+02,1.198237e+02,-2.432877e-02,4.395037e-02
11.30900,1.615035e+02,1.214894e+02,-2.416684e-02,4.327138e-02
11.31000,1.609459e+02,1.227917e+02,-2.399980e-02,4.258711e-02
11.31100,1.599350e+02,1.237946e+02,-2.382762e-02,4.189745e-02
11.31200,1.587441e+02,1.253121e+02,-2.365022e-02,4.120233e-02
11.31300,1.574450e+02,1.270904e+02,-2.346745e-02,4.050170e-02
11.31400,1.560270e+02,1.283525e+02,-2.327925e-02,3.979548e-02
11.31500,1.547977e+02,1.296482e+02,-2.308563e-02,3.908353e-02
11.31600,1.539179e+02,1.312363e+02,-2.288649e-02,3.836580e-02
11.31700,1.531367e+02,1.324830e+02,-2.268174e-02,3.764225e-02
11.31800,1.521063e+02,1.335697e+02,-2.247138e-02,3.691279e-02
11.31900,1.511019e+02,1.348512e+02,-2.225541e-02,3.617732e-02
11.32000,1.504331e+02,1.361759e+02,-2.203377e-02,3.543580e-02
11.32100,1.496185e+02,1.371087e+02,-2.180643e-02,3.468817e-02
11.32200,1.485791e+02,1.380517e+02,-2.157345e-02,3.393433e-02
11.32300,1.475439e+02,1.393882e+02,-2.133486e-02,3.317423e-02
11.32400,1.465140e+02,1.404587e+02,-2.109064e-02,3.240783e-02
11.32500,1.456956e+02,1.411491e+02,-2.084084e-02,3.163508e-02
11.32600,1.451165e+02,1.418696e+02,-2.058556e-02,3.085589e-02
11.32700,1.445562e+02,1.424464e+02,-2.032485e-02,3.007026e-02
11.32800,1.440362e+02,1.425091e+02,-2.005876e-02,2.927814e-02
11.32900,1.431946e+02,1.425245e+02,-1.978743e-02,2.847950e-02
11.33000,1.422460e+02,1.429832e+02,-1.951101e-02,2.767431e-02
11.33100,1.418937e+02,1.434425e+02,-1.922958e-02,2.686256e-02
11.33200,1.416524e+02,1.438300e+02,-1.894328e-02,2.604425e-02
11.33300,1.411634e+02,1.445492e+02,-1.865233e-02,2.521937e-02
11.33400,1.407062e+02,1.456270e+02,-1.835689e-02,2.438792e-02
11.33500,1.400589e+02,1.463602e+02,-1.805711e-02,2.354991e-02
11.33600,1.393596e+02,1.466552e+02,-1.775319e-02,2.270538e-02
11.33700,1.389705e+02,1.471255e+02,-1.744540e-02,2.185434e-02
11.33800,1.386941e+02,1.475024e+02,-1.713396e-02,2.099683e-02
11.33900,1.385649e+02,1.474610e+02,-1.681908e-02,2.013290e-02
11.34000,1.383194e+02,1.473779e+02,-1.650103e-02,1.926261e-02
11.34100,1.379924e+02,1.476078e+02,-1.618011e-02,1.838601e-02
11.34200,1.380609e+02,1.479374e+02,-1.585656e-02,1.750318e-02
11.34300,1.380500e+02,1.481105e+02,-1.553065e-02,1.661420e-02
11.34400,1.377318e+02,1.485363e+02,-1.520269e-02,1.571916e-02
11.34500,1.376562e+02,1.490138e+02,-1.487303e-02,1.481813e-02
11.34600,1.374466e+02,1.491427e+02,-1.454191e-02,1.391122e-02
11.34700,1.371602e+02,1.491531e+02,-1.420965e-02,1.299857e-02
11.34800,1.373912e+02,1.492942e+02,-1.387663e-02,1.208028e-02
11.34900,1.377797e+02,1.495698e+02,-1.354314e-02,1.115649e-02
11.35000,1.380577e+02,1.499584e+02,-1.320948e-02,1.022736e-02
11.35100,1.382081e+02,1.505795e+02,-1.287603e-02,9.292999e-03
11.35200,1.381249e+02,1.512959e+02,-1.254311e-02,8.353585e-03
11.35300,1.381712e+02,1.521981e+02,-1.221104e-02,7.409289e-03
11.35400,1.383578e+02,1.533929e+02,-1.188013e-02,6.460277e-03
11.35500,1.385148e+02,1.545740e+02,-1.155075e-02,5.506724e-03
11.35600,1.389104e+02,1.555274e+02,-1.122325e-02,4.548804e-03
11.35700,1.392669e+02,1.562032e+02,-1.089789e-02,3.586735e-03
11.35800,1.394963e+02,1.568524e+02,-1.057499e-02,2.620733e-03
11.35900,1.399129e+02,1.574279e+02,-1.025492e-02,1.650973e-03
11.36000,1.403883e+02,1.580938e+02,-9.937980e-03,6.776847e-04
11.36100,1.408736e+02,1.592979e+02,-9.624419e-03,-2.988840e-04
11.36200,1.413210e+02,1.605990e+02,-9.314570e-03,-1.278536e-03
11.36300,1.416915e+02,1.617824e+02,-9.008734e-03,-2.261043e-03
11.36400,1.423640e+02,1.632726e+02,-8.707149e-03,-3.246151e-03
11.36500,1.430769e+02,1.650210e+02,-8.410075e-03,-4.233622e-03
11.36600,1.435134e+02,1.666830e+02,-8.117792e-03,-5.223220e-03
11.36700,1.441475e+02,1.683052e+02,-7.830580e-03,-6.214694e-03
11.36800,1.447958e+02,1.700599e+02,-7.548647e-03,-7.207779e-03
11.36900,1.452233e+02,1.716392e+02,-7.272176e-03,-8.202221e-03
11.37000,1.459451e+02,1.731885e+02,-7.001455e-03,-9.197806e-03
11.37100,1.469635e+02,1.750382e+02,-6.736695e-03,-1.019428e-02
11.37200,1.478965e+02,1.770636e+02,-6.478000e-03,-1.119138e-02
11.37300,1.487129e+02,1.788910e+02,-6.225594e-03,-1.218888e-02
11.37400,1.494342e+02,1.804313e+02,-5.979703e-03,-1.318654e-02
11.37500,1.501606e+02,1.821264e+02,-5.740431e-03,-1.418410e-02
11.37600,1.508087e+02,1.838118e+02,-5.507923e-03,-1.518133e-02
11.37700,1.515888e+02,1.853227e+02,-5.282372e-03,-1.617803e-02
11.37800,1.527449e+02,1.869737e+02,-5.063914e-03,-1.717397e-02
11.37900,1.537917e+02,1.885939e+02,-4.852636e-03,-1.816891e-02
11.38000,1.546467e+02,1.900141e+02,-4.648636e-03,-1.916266e-02
11.38100,1.557258e+02,1.915902e+02,-4.452076e-03,-2.015502e-02
11.38200,1.568124e+02,1.938079e+02,-4.263059e-03,-2.114579e-02
11.38300,1.577931e+02,1.963834e+02,-4.081611e-03,-2.213479e-02
11.38400,1.587986e+02,1.986755e+02,-3.907868e-03,-2.312184e-02
11.38500,1.597948e+02,2.005049e+02,-3.741954e-03,-2.410675e-02
11.38600,1.609710e+02,2.019796e+02,-3.583867e-03,-2.508934e-02
11.38700,1.622628e+02,2.032459e+02,-3.433699e-03,-2.606946e-02
11.38800,1.635228e+02,2.043701e+02,-3.291554e-03,-2.704696e-02
11.38900,1.648723e+02,2.056845e+02,-3.157454e-03,-2.802166e-02
11.39000,1.660430e+02,2.070883e+02,-3.031466e-03,-2.899343e-02
11.39100,1.670153e+02,2.082266e+02,-2.913639e-03,-2.996212e-02
11.39200,1.682101e+02,2.094828e+02,-2.804026e-03,-3.092758e-02
11.39300,1.694995e+02,2.109199e+02,-2.702700e-03,-3.188966e-02
11.39400,1.708084e+02,2.121607e+02,-2.609640e-03,-3.284825e-02
11.39500,1.721749e+02,2.129793e+02,-2.524897e-03,-3.380320e-02
11.39600,1.735282e+02,2.134749e+02,-2.448577e-03,-3.475437e-02
11.39700,1.750004e+02,2.137436e+02,-2.380636e-03,-3.570162e-02
11.39800,1.763715e+02,2.139179e+02,-2.321087e-03,-3.664481e-02
11.39900,1.776485e+02,2.145662e+02,-2.270037e-03,-3.758380e-02
11.40000,1.792768e+02,2.157093e+02,-2.227479e-03,-3.851842e-02
11.40100,1.808915e+02,2.166577e+02,-2.193390e-03,-3.944854e-02
11.40200,1.822728e+02,2.170998e+02,-2.167799e-03,-4.037402e-02
11.40300,1.839056e+02,2.173943e+02,-2.150748e-03,-4.129468e-02
11.40400,1.856024e+02,2.178365e+02,-2.142253e-03,-4.221037e-02
11.40500,1.871077e+02,2.181859e+02,-2.142278e-03,-4.312092e-02
11.40600,1.886799e+02,2.185178e+02,-2.150859e-03,-4.402617e-02
11.40700,1.903129e+02,2.187356e+02,-2.168056e-03,-4.492592e-02
11.40800,1.919631e+02,2.184330e+02,-2.193787e-03,-4.582000e-02
11.40900,1.936345e+02,2.178090e+02,-2.228042e-03,-4.670822e-02
11.41000,1.953629e+02,2.173968e+02,-2.270915e-03,-4.759039e-02
11.41100,1.972821e+02,2.173522e+02,-2.322358e-03,-4.846629e-02
11.41200,1.991201e+02,2.172332e+02,-2.382313e-03,-4.933574e-02
11.41300,2.008321e+02,2.169757e+02,-2.450829e-03,-5.019852e-02
11.41400,2.027342e+02,2.167826e+02,-2.527911e-03,-5.105438e-02
11.41500,2.046836e+02,2.166250e+02,-2.613518e-03,-5.190309e-02
11.41600,2.066484e+02,2.165362e+02,-2.707624e-03,-5.274443e-02
11.41700,2.086821e+02,2.163368e+02,-2.810238e-03,-5.357815e-02
11.41800,2.106317e+02,2.159210e+02,-2.921368e-03,-5.440400e-02
11.41900,2.126863e+02,2.153879e+02,-3.040949e-03,-5.522173e-02
11.42000,2.148149e+02,2.150280e+02,-3.168936e-03,-5.603109e-02
11.42100,2.167657e+02,2.150450e+02,-3.305354e-03,-5.683179e-02
11.42200,2.188820e+02,2.153509e+02,-3.450186e-03,-5.762355e-02
11.42300,2.211990e+02,2.157903e+02,-3.603341e-03,-5.840611e-02
11.42400,2.232905e+02,2.158723e+02,-3.764777e-03,-5.917918e-02
11.42500,2.253071e+02,2.153783e+02,-3.934492e-03,-5.994245e-02
11.42600,2.274378e+02,2.147480e+02,-4.112427e-03,-6.069564e-02
11.42700,2.295614e+02,2.143917e+02,-4.298473e-03,-6.143846e-02
11.42800,2.316437e+02,2.143345e+02,-4.492578e-03,-6.217062e-02
11.42900,2.338148e+02,2.143497e+02,-4.694725e-03,-6.289179e-02
11.43000,2.362119e+02,2.146827e+02,-4.904781e-03,-6.360169e-02
11.43100,2.385533e+02,2.154267e+02,-5.122599e-03,-6.430004e-02
11.43200,2.406869e+02,2.161956e+02,-5.348144e-03,-6.498653e-02
11.43300,2.429977e+02,2.168307e+02,-5.581330e-03,-6.566085e-02
11.43400,2.453554e+02,2.174646e+02,-5.821959e-03,-6.632271e-02
11.43500,2.474639e+02,2.180751e+02,-6.069900e-03,-6.697185e-02
11.43600,2.495742e+02,2.185090e+02,-6.325060e-03,-6.760796e-02
11.43700,2.517787e+02,2.191773e+02,-6.587256e-03,-6.823076e-02
11.43800,2.539337e+02,2.204305e+02,-6.856276e-03,-6.884000e-02
11.43900,2.560025e+02,2.218693e+02,-7.131970e-03,-6.943542e-02
11.44000,2.580531e+02,2.229857e+02,-7.414167e-03,-7.001674e-02
11.44100,2.602056e+02,2.237072e+02,-7.702620e-03,-7.058373e-02
11.44200,2.623106e+02,2.244766e+02,-7.997099e-03,-7.113618e-02
11.44300,2.641900e+02,2.253194e+02,-8.297414e-03,-7.167384e-02
11.44400,2.661157e+02,2.260824e+02,-8.603334e-03,-7.219649e-02
11.44500,2.681005e+02,2.270423e+02,-8.914589e-03,-7.270395e-02
11.44600,2.699008e+02,2.280512e+02,-9.230914e-03,-7.319603e-02
11.44700,2.715484e+02,2.289027e+02,-9.552048e-03,-7.367256e-02
11.44800,2.731071e+02,2.298676e+02,-9.877721e-03,-7.413337e-02
11.44900,2.746132e+02,2.311330e+02,-1.020764e-02,-7.457833e-02
11.45000,2.760380e+02,2.324209e+02,-1.054152e-02,-7.500732e-02
11.45100,2.774630e+02,2.335644e+02,-1.087908e-02,-7.542019e-02
11.45200,2.791539e+02,2.347706e+02,-1.122001e-02,-7.581685e-02
11.45300,2.806877e+02,2.360209e+02,-1.156398e-02,-7.619723e-02
11.45400,2.816923e+02,2.372082e+02,-1.191070e-02,-7.656121e-02
11.45500,2.826882e+02,2.380893e+02,-1.225986e-02,-7.690873e-02
11.45600,2.836922e+02,2.384411e+02,-1.261114e-02,-7.723974e-02
11.45700,2.843298e+02,2.381699e+02,-1.296417e-02,-7.755421e-02
11.45800,2.849116e+02,2.375711e+02,-1.331867e-02,-7.785209e-02
11.45900,2.856056e+02,2.373954e+02,-1.367432e-02,-7.813334e-02
11.46000,2.861172e+02,2.376384e+02,-1.403076e-02,-7.839799e-02
11.46100,2.864611e+02,2.378214e+02,-1.438763e-02,-7.864605e-02
11.46200,2.868252e+02,2.378574e+02,-1.474466e-02,-7.887749e-02
11.46300,2.872215e+02,2.374832e+02,-1.510152e-02,-7.909233e-02
11.46400,2.873264e+02,2.365830e+02,-1.545782e-02,-7.929066e-02
11.46500,2.870438e+02,2.355028e+02,-1.581327e-02,-7.947250e-02
11.46600,2.868100e+02,2.344861e+02,-1.616756e-02,-7.963789e-02
11.46700,2.866145e+02,2.332656e+02,-1.652033e-02,-7.978692e-02
11.46800,2.862020e+02,2.316735e+02,-1.687125e-02,-7.991966e-02
11.46900,2.857774e+02,2.299541e+02,-1.722001e-02,-8.003619e-02
11.47000,2.852755e+02,2.282055e+02,-1.756631e-02,-8.013660e-02
11.47100,2.845092e+02,2.261859e+02,-1.790980e-02,-8.022101e-02
11.47200,2.835689e+02,2.235852e+02,-1.825017e-02,-8.028953e-02
11.47300,2.825428e+02,2.205010e+02,-1.858715e-02,-8.034227e-02
11.47400,2.816067e+02,2.169952e+02,-1.892042e-02,-8.037939e-02
11.47500,2.806633e+02,2.131761e+02,-1.924966e-02,-8.040103e-02
11.47600,2.794120e+02,2.096754e+02,-1.957460e-02,-8.040734e-02
11.47700,2.779614e+02,2.064514e+02,-1.989499e-02,-8.039846e-02
11.47800,2.764229e+02,2.028176e+02,-2.021054e-02,-8.037458e-02
11.47900,2.747715e+02,1.985954e+02,-2.052097e-02,-8.033589e-02
11.48000,2.732961e+02,1.940562e+02,-2.082604e-02,-8.028258e-02
11.48100,2.719596e+02,1.894244e+02,-2.112551e-02,-8.021483e-02
11.48200,2.704742e+02,1.848804e+02,-2.141915e-02,-8.013285e-02
11.48300,2.688942e+02,1.805773e+02,-2.170674e-02,-8.003687e-02
11.48400,2.672772e+02,1.761196e+02,-2.198809e-02,-7.992708e-02
11.48500,2.655529e+02,1.710690e+02,-2.226303e-02,-7.980369e-02
11.48600,2.636869e+02,1.656425e+02,-2.253136e-02,-7.966697e-02
11.48700,2.616636e+02,1.602817e+02,-2.279289e-02,-7.951713e-02
11.48800,2.596339e+02,1.549989e+02,-2.304751e-02,-7.935441e-02
11.48900,2.576353e+02,1.495382e+02,-2.329507e-02,-7.917903e-02
11.49000,2.557648e+02,1.440288e+02,-2.353544e-02,-7.899126e-02
11.49100,2.542058e+02,1.385044e+02,-2.376854e-02,-7.879133e-02
11.49200,2.526002e+02,1.328907e+02,-2.399428e-02,-7.857945e-02
11.49300,2.506344e+02,1.273488e+02,-2.421258e-02,-7.835589e-02
11.49400,2.485453e+02,1.217792e+02,-2.442335e-02,-7.812092e-02
11.49500,2.464230e+02,1.158813e+02,-2.462658e-02,-7.787474e-02
11.49600,2.443026e+02,1.097050e+02,-2.482226e-02,-7.761758e-02
11.49700,2.424488e+02,1.037748e+02,-2.501035e-02,-7.734971e-02
11.49800,2.408331e+02,9.845482e+01,-2.519082e-02,-7.707138e-02
11.49900,2.392495e+02,9.365413e+01,-2.536373e-02,-7.678279e-02
11.50000,2.376198e+02,8.905337e+01,-2.552911e-02,-7.648417e-02
11.50100,2.360085e+02,8.408455e+01,-2.568697e-02,-7.617578e-02
11.50200,2.344561e+02,7.851324e+01,-2.583736e-02,-7.585786e-02
11.50300,2.328132e+02,7.273475e+01,-2.598037e-02,-7.553060e-02
11.50400,2.311152e+02,6.728752e+01,-2.611607e-02,-7.519421e-02
11.50500,2.294771e+02,6.229542e+01,-2.624453e-02,-7.484895e-02
11.50600,2.277830e+02,5.744397e+01,-2.636585e-02,-7.449500e-02
11.50700,2.262415e+02,5.264206e+01,-2.648013e-02,-7.413257e-02
11.50800,2.249741e+02,4.794039e+01,-2.658748e-02,-7.376189e-02
11.50900,2.235671e+02,4.322598e+01,-2.668799e-02,-7.338315e-02
11.51000,2.219898e+02,3.850763e+01,-2.678181e-02,-7.299655e-02
11.51100,2.205479e+02,3.406743e+01,-2.686909e-02,-7.260228e-02
11.51200,2.193240e+02,2.977725e+01,-2.694991e-02,-7.220053e-02
11.51300,2.183206e+02,2.516084e+01,-2.702444e-02,-7.179150e-02
11.51400,2.173484e+02,2.069173e+01,-2.709283e-02,-7.137536e-02
11.51500,2.162085e+02,1.692650e+01,-2.715520e-02,-7.095229e-02
11.51600,2.149493e+02,1.342724e+01,-2.721168e-02,-7.052250e-02
11.51700,2.135219e+02,9.666707e+00,-2.726245e-02,-7.008613e-02
11.51800,2.121090e+02,5.746746e+00,-2.730766e-02,-6.964335e-02
11.51900,2.110397e+02,1.991377e+00,-2.734743e-02,-6.919434e-02
11.52000,2.101840e+02,-1.630152e+00,-2.738192e-02,-6.873925e-02
11.52100,2.093672e+02,-4.987261e+00,-2.741128e-02,-6.827823e-02
11.52200,2.085371e+02,-7.783116e+00,-2.743564e-02,-6.781145e-02
11.52300,2.076603e+02,-1.048801e+01,-2.745513e-02,-6.733903e-02
11.52400,2.068184e+02,-1.383904e+01,-2.746991e-02,-6.686111e-02
11.52500,2.058178e+02,-1.761769e+01,-2.748010e-02,-6.637784e-02
11.52600,2.046538e+02,-2.119272e+01,-2.748583e-02,-6.588932e-02
11.52700,2.036569e+02,-2.453160e+01,-2.748721e-02,-6.539569e-02
11.52800,2.026984e+02,-2.760416e+01,-2.748438e-02,-6.489706e-02
11.52900,2.018085e+02,-3.036884e+01,-2.747745e-02,-6.439351e-02
11.53000,2.012980e+02,-3.310413e+01,-2.746650e-02,-6.388516e-02
11.53100,2.007554e+02,-3.580259e+01,-2.745164e-02,-6.337211e-02
11.53200,1.998264e+02,-3.844872e+01,-2.743299e-02,-6.285442e-02
11.53300,1.987939e+02,-4.109928e+01,-2.741062e-02,-6.233218e-02
11.53400,1.978267e+02,-4.380452e+01,-2.738460e-02,-6.180546e-02
11.53500,1.969868e+02,-4.660766e+01,-2.735501e-02,-6.127433e-02
11.53600,1.962446e+02,-4.916676e+01,-2.732193e-02,-6.073884e-02
11.53700,1.955099e+02,-5.129950e+01,-2.728541e-02,-6.019904e-02
11.53800,1.947591e+02,-5.321007e+01,-2.724548e-02,-5.965498e-02
11.53900,1.937987e+02,-5.503966e+01,-2.720222e-02,-5.910670e-02
11.54000,1.927585e+02,-5.712763e+01,-2.715565e-02,-5.855420e-02
11.54100,1.919438e+02,-5.989548e+01,-2.710578e-02,-5.799753e-02
11.54200,1.910620e+02,-6.293756e+01,-2.705263e-02,-5.743672e-02
11.54300,1.900347e+02,-6.564470e+01,-2.699623e-02,-5.687175e-02
11.54400,1.891097e+02,-6.806667e+01,-2.693658e-02,-5.630264e-02
11.54500,1.881687e+02,-7.024951e+01,-2.687364e-02,-5.572940e-02
11.54600,1.871996e+02,-7.225812e+01,-2.680741e-02,-5.515202e-02
11.54700,1.862042e+02,-7.430470e+01,-2.673787e-02,-5.457048e-02
11.54800,1.850358e+02,-7.642537e+01,-2.666498e-02,-5.398478e-02
11.54900,1.838526e+02,-7.860986e+01,-2.658869e-02,-5.339489e-02
11.55000,1.827108e+02,-8.067735e+01,-2.650896e-02,-5.280080e-02
11.55100,1.816391e+02,-8.268364e+01,-2.642576e-02,-5.220246e-02
11.55200,1.808787e+02,-8.487211e+01,-2.633898e-02,-5.159984e-02
11.55300,1.801814e+02,-8.702834e+01,-2.624856e-02,-5.099293e-02
11.55400,1.791202e+02,-8.909073e+01,-2.615445e-02,-5.038168e-02
11.55500,1.776700e+02,-9.133013e+01,-2.605655e-02,-4.976605e-02
11.55600,1.760732e+02,-9.367040e+01,-2.595477e-02,-4.914600e-02
11.55700,1.746884e+02,-9.592678e+01,-2.584901e-02,-4.852149e-02
11.55800,1.735486e+02,-9.822574e+01,-2.573920e-02,-4.789244e-02
11.55900,1.725630e+02,-1.004261e+02,-2.562522e-02,-4.725881e-02
11.56000,1.717269e+02,-1.022198e+02,-2.550695e-02,-4.662055e-02
11.56100,1.706756e+02,-1.037527e+02,-2.538431e-02,-4.597759e-02
11.56200,1.694022e+02,-1.055059e+02,-2.525719e-02,-4.532988e-02
11.56300,1.682885e+02,-1.076524e+02,-2.512548e-02,-4.467732e-02
11.56400,1.671035e+02,-1.097789e+02,-2.498904e-02,-4.401987e-02
11.56500,1.656843e+02,-1.117054e+02,-2.484778e-02,-4.335745e-02
11.56600,1.643269e+02,-1.135541e+02,-2.470160e-02,-4.268998e-02
11.56700,1.630952e+02,-1.150332e+02,-2.455036e-02,-4.201737e-02
11.56800,1.620644e+02,-1.160858e+02,-2.439397e-02,-4.133957e-02
11.56900,1.612405e+02,-1.172373e+02,-2.423234e-02,-4.065645e-02
11.57000,1.603992e+02,-1.186854e+02,-2.406538e-02,-3.996794e-02
11.57100,1.593871e+02,-1.202108e+02,-2.389295e-02,-3.927399e-02
11.57200,1.580808e+02,-1.219246e+02,-2.371501e-02,-3.857449e-02
11.57300,1.567743e+02,-1.239700e+02,-2.353148e-02,-3.786934e-02
11.57400,1.558553e+02,-1.259018e+02,-2.334227e-02,-3.715846e-02
11.57500,1.550071e+02,-1.273973e+02,-2.314731e-02,-3.644178e-02
11.57600,1.540607e+02,-1.286724e+02,-2.294655e-02,-3.571919e-02
11.57700,1.531560e+02,-1.298349e+02,-2.273995e-02,-3.499059e-02
11.57800,1.520932e+02,-1.307819e+02,-2.252747e-02,-3.425593e-02
11.57900,1.510296e+02,-1.317795e+02,-2.230909e-02,-3.351512e-02
11.58000,1.502341e+02,-1.330421e+02,-2.208484e-02,-3.276806e-02
11.58100,1.495646e+02,-1.341662e+02,-2.185470e-02,-3.201467e-02
11.58200,1.489270e+02,-1.349371e+02,-2.161864e-02,-3.125491e-02
11.58300,1.481231e+02,-1.355874e+02,-2.137672e-02,-3.048869e-02
11.58400,1.471669e+02,-1.362154e+02,-2.112900e-02,-2.971594e-02
11.58500,1.464740e+02,-1.366902e+02,-2.087552e-02,-2.893660e-02
11.58600,1.458427e+02,-1.370893e+02,-2.061637e-02,-2.815063e-02
11.58700,1.450338e+02,-1.376956e+02,-2.035165e-02,-2.735797e-02
11.58800,1.443311e+02,-1.383675e+02,-2.008147e-02,-2.655857e-02
11.58900,1.436865e+02,-1.388669e+02,-1.980592e-02,-2.575243e-02
11.59000,1.431206e+02,-1.393698e+02,-1.952513e-02,-2.493950e-02
11.59100,1.428638e+02,-1.399624e+02,-1.923931e-02,-2.411973e-02
11.59200,1.427214e+02,-1.404789e+02,-1.894861e-02,-2.329314e-02
11.59300,1.423956e+02,-1.409285e+02,-1.865318e-02,-2.245973e-02
11.59400,1.417152e+02,-1.415036e+02,-1.835325e-02,-2.161951e-02
11.59500,1.408714e+02,-1.421621e+02,-1.804906e-02,-2.077249e-02
11.59600,1.403731e+02,-1.426067e+02,-1.774080e-02,-1.991869e-02
11.59700,1.401336e+02,-1.425926e+02,-1.742870e-02,-1.905815e-02
11.59800,1.399704e+02,-1.422796e+02,-1.711306e-02,-1.819088e-02
11.59900,1.399848e+02,-1.419623e+02,-1.679415e-02,-1.731695e-02
11.60000,1.398558e+02,-1.417222e+02,-1.647221e-02,-1.643642e-02
11.60100,1.395093e+02,-1.418434e+02,-1.614754e-02,-1.554937e-02
11.60200,1.393384e+02,-1.424019e+02,-1.582048e-02,-1.465587e-02
11.60300,1.392849e+02,-1.430342e+02,-1.549131e-02,-1.375600e-02
11.60400,1.392023e+02,-1.435424e+02,-1.516031e-02,-1.284987e-02
11.60500,1.391114e+02,-1.438106e+02,-1.482786e-02,-1.193759e-02
11.60600,1.390235e+02,-1.438350e+02,-1.449429e-02,-1.101925e-02
11.60700,1.390812e+02,-1.438244e+02,-1.415990e-02,-1.009502e-02
11.60800,1.392251e+02,-1.438772e+02,-1.382503e-02,-9.165020e-03
11.60900,1.393679e+02,-1.440407e+02,-1.349006e-02,-8.229379e-03
11.61000,1.395547e+02,-1.445058e+02,-1.315534e-02,-7.288265e-03
11.61100,1.396067e+02,-1.452943e+02,-1.282118e-02,-6.341853e-03
11.61200,1.395779e+02,-1.461192e+02,-1.248791e-02,-5.390324e-03
11.61300,1.397915e+02,-1.467354e+02,-1.215592e-02,-4.433850e-03
11.61400,1.401902e+02,-1.471645e+02,-1.182555e-02,-3.472621e-03
11.61500,1.405958e+02,-1.476097e+02,-1.149709e-02,-2.506853e-03
11.61600,1.408291e+02,-1.481412e+02,-1.117090e-02,-1.536743e-03
11.61700,1.408881e+02,-1.488781e+02,-1.084733e-02,-5.625100e-04
11.61800,1.411092e+02,-1.500032e+02,-1.052668e-02,4.156013e-04
11.61900,1.415243e+02,-1.510936e+02,-1.020926e-02,1.397374e-03
11.62000,1.420353e+02,-1.518720e+02,-9.895401e-03,2.382584e-03
11.62100,1.427161e+02,-1.528225e+02,-9.585397e-03,3.370972e-03
11.62200,1.432819e+02,-1.541031e+02,-9.279520e-03,4.362286e-03
11.62300,1.436195e+02,-1.555090e+02,-8.978036e-03,5.356273e-03
11.62400,1.440641e+02,-1.571695e+02,-8.681238e-03,6.352687e-03
11.62500,1.446327e+02,-1.591579e+02,-8.389397e-03,7.351277e-03
11.62600,1.451904e+02,-1.610393e+02,-8.102714e-03,8.351773e-03
11.62700,1.457409e+02,-1.625907e+02,-7.821450e-03,9.353926e-03
11.62800,1.463429e+02,-1.641560e+02,-7.545875e-03,1.035748e-02
11.62900,1.470872e+02,-1.658573e+02,-7.276147e-03,1.136216e-02
11.63000,1.479000e+02,-1.673335e+02,-7.012448e-03,1.236772e-02
11.63100,1.487675e+02,-1.686610e+02,-6.755015e-03,1.337391e-02
11.63200,1.497348e+02,-1.705076e+02,-6.504024e-03,1.438050e-02
11.63300,1.505099e+02,-1.727982e+02,-6.259614e-03,1.538722e-02
11.63400,1.511156e+02,-1.749063e+02,-6.021947e-03,1.639385e-02
11.63500,1.518986e+02,-1.768522e+02,-5.791201e-03,1.740017e-02
11.63600,1.527919e+02,-1.787238e+02,-5.567513e-03,1.840593e-02
11.63700,1.537264e+02,-1.802227e+02,-5.350967e-03,1.941094e-02
11.63800,1.547411e+02,-1.814896e+02,-5.141700e-03,2.041499e-02
11.63900,1.557146e+02,-1.831957e+02,-4.939870e-03,2.141789e-02
11.64000,1.567046e+02,-1.854980e+02,-4.745541e-03,2.241942e-02
11.64100,1.577608e+02,-1.878194e+02,-4.558794e-03,2.341941e-02
11.64200,1.588572e+02,-1.898611e+02,-4.379770e-03,2.441767e-02
11.64300,1.600593e+02,-1.917416e+02,-4.208541e-03,2.541403e-02
11.64400,1.611901e+02,-1.934273e+02,-4.045151e-03,2.640833e-02
11.64500,1.621792e+02,-1.948575e+02,-3.889690e-03,2.740043e-02
11.64600,1.632955e+02,-1.963001e+02,-3.742250e-03,2.839016e-02
11.64700,1.645608e+02,-1.979036e+02,-3.602896e-03,2.937738e-02
11.64800,1.658219e+02,-1.994554e+02,-3.471665e-03,3.036194e-02
11.64900,1.670545e+02,-2.009800e+02,-3.348623e-03,3.134371e-02
11.65000,1.683024e+02,-2.025807e+02,-3.233855e-03,3.232255e-02
11.65100,1.696315e+02,-2.040698e+02,-3.127380e-03,3.329833e-02
11.65200,1.709315e+02,-2.052864e+02,-3.029218e-03,3.427091e-02
11.65300,1.722112e+02,-2.063106e+02,-2.939462e-03,3.524017e-02
11.65400,1.736657e+02,-2.072900e+02,-2.858157e-03,3.620596e-02
11.65500,1.750903e+02,-2.083197e+02,-2.785299e-03,3.716816e-02
11.65600,1.763895e+02,-2.095429e+02,-2.720933e-03,3.812664e-02
11.65700,1.778907e+02,-2.108547e+02,-2.665119e-03,3.908125e-02
11.65800,1.795284e+02,-2.118268e+02,-2.617870e-03,4.003183e-02
11.65900,1.810795e+02,-2.123402e+02,-2.579179e-03,4.097825e-02
11.66000,1.826771e+02,-2.127149e+02,-2.549088e-03,4.192035e-02
11.66100,1.843581e+02,-2.132059e+02,-2.527645e-03,4.285796e-02
11.66200,1.859878e+02,-2.137835e+02,-2.514838e-03,4.379092e-02
11.66300,1.875510e+02,-2.144622e+02,-2.510666e-03,4.471905e-02
11.66400,1.891707e+02,-2.151224e+02,-2.515181e-03,4.564216e-02
11.66500,1.908994e+02,-2.153253e+02,-2.528377e-03,4.656006e-02
11.66600,1.926082e+02,-2.150316e+02,-2.550214e-03,4.747255e-02
11.66700,1.942981e+02,-2.146678e+02,-2.580718e-03,4.837944e-02
11.66800,1.960897e+02,-2.144246e+02,-2.619915e-03,4.928049e-02
11.66900,1.979197e+02,-2.142256e+02,-2.667770e-03,5.017549e-02
11.67000,1.997994e+02,-2.142299e+02,-2.724263e-03,5.106420e-02
11.67100,2.017766e+02,-2.145360e+02,-2.789414e-03,5.194638e-02
11.67200,2.037585e+02,-2.148393e+02,-2.863220e-03,5.282178e-02
11.67300,2.057930e+02,-2.149757e+02,-2.945640e-03,5.369015e-02
11.67400,2.078532e+02,-2.149233e+02,-3.036639e-03,5.455123e-02
11.67500,2.098084e+02,-2.144942e+02,-3.136214e-03,5.540473e-02
11.67600,2.117943e+02,-2.137756e+02,-3.244351e-03,5.625037e-02
11.67700,2.138789e+02,-2.132692e+02,-3.360998e-03,5.708787e-02
11.67800,2.159492e+02,-2.131655e+02,-3.486127e-03,5.791694e-02
11.67900,2.180743e+02,-2.131411e+02,-3.619727e-03,5.873727e-02
11.68000,2.203279e+02,-2.130555e+02,-3.761738e-03,5.954855e-02
11.68100,2.225713e+02,-2.128708e+02,-3.912088e-03,6.035049e-02
11.68200,2.246712e+02,-2.123706e+02,-4.070742e-03,6.114277e-02
11.68300,2.267621e+02,-2.116907e+02,-4.237669e-03,6.192506e-02
11.68400,2.290351e+02,-2.113233e+02,-4.412788e-03,6.269706e-02
11.68500,2.313295e+02,-2.113937e+02,-4.596013e-03,6.345845e-02
11.68600,2.335396e+02,-2.115592e+02,-4.787288e-03,6.420890e-02
11.68700,2.358577e+02,-2.118009e+02,-4.986533e-03,6.494809e-02
11.68800,2.381900e+02,-2.122881e+02,-5.193618e-03,6.567570e-02
11.68900,2.404002e+02,-2.127217e+02,-5.408448e-03,6.639141e-02
11.69000,2.426697e+02,-2.129065e+02,-5.630945e-03,6.709490e-02
11.69100,2.449832e+02,-2.131533e+02,-5.860971e-03,6.778586e-02
11.69200,2.472363e+02,-2.136334e+02,-6.098371e-03,6.846401e-02
11.69300,2.495033e+02,-2.141829e+02,-6.343030e-03,6.912902e-02
11.69400,2.518535e+02,-2.148842e+02,-6.594803e-03,6.978060e-02
11.69500,2.543371e+02,-2.158841e+02,-6.853495e-03,7.041847e-02
11.69600,2.567785e+02,-2.168426e+02,-7.118929e-03,7.104235e-02
11.69700,2.589498e+02,-2.174209e+02,-7.390946e-03,7.165198e-02
11.69800,2.610037e+02,-2.178405e+02,-7.669344e-03,7.224709e-02
11.69900,2.630902e+02,-2.185313e+02,-7.953897e-03,7.282745e-02
11.70000,2.651616e+02,-2.195043e+02,-8.244399e-03,7.339282e-02
11.70100,2.672923e+02,-2.206228e+02,-8.540637e-03,7.394297e-02
11.70200,2.694718e+02,-2.220137e+02,-8.842361e-03,7.447771e-02
11.70300,2.715157e+02,-2.234021e+02,-9.149312e-03,7.499685e-02
11.70400,2.733089e+02,-2.243726e+02,-9.461249e-03,7.550021e-02
11.70500,2.749639e+02,-2.252047e+02,-9.777927e-03,7.598762e-02
11.70600,2.767172e+02,-2.262880e+02,-1.009907e-02,7.645893e-02
11.70700,2.784741e+02,-2.275161e+02,-1.042438e-02,7.691401e-02
11.70800,2.800514e+02,-2.288253e+02,-1.075360e-02,7.735276e-02
11.70900,2.816732e+02,-2.304099e+02,-1.108644e-02,7.777504e-02
11.71000,2.833279e+02,-2.321250e+02,-1.142260e-02,7.818078e-02
11.71100,2.847355e+02,-2.335552e+02,-1.176178e-02,7.856990e-02
11.71200,2.860360e+02,-2.345468e+02,-1.210369e-02,7.894232e-02
11.71300,2.873058e+02,-2.351702e+02,-1.244804e-02,7.929798e-02
11.71400,2.882830e+02,-2.354428e+02,-1.279451e-02,7.963686e-02
11.71500,2.889713e+02,-2.354901e+02,-1.314277e-02,7.995892e-02
11.71600,2.897039e+02,-2.357401e+02,-1.349255e-02,8.026414e-02
11.71700,2.906105e+02,-2.363115e+02,-1.384352e-02,8.055250e-02
11.71800,2.914147e+02,-2.368037e+02,-1.419534e-02,8.082403e-02
11.71900,2.919136e+02,-2.369879e+02,-1.454773e-02,8.107873e-02
11.72000,2.922648e+02,-2.368068e+02,-1.490039e-02,8.131661e-02
11.72100,2.924951e+02,-2.362273e+02,-1.525296e-02,8.153772e-02
11.72200,2.925683e+02,-2.354101e+02,-1.560514e-02,8.174212e-02
11.72300,2.926926e+02,-2.345666e+02,-1.595663e-02,8.192984e-02
11.72400,2.928540e+02,-2.336928e+02,-1.630710e-02,8.210094e-02
11.72500,2.927803e+02,-2.326511e+02,-1.665625e-02,8.225551e-02
11.72600,2.924060e+02,-2.313982e+02,-1.700376e-02,8.239362e-02
11.72700,2.918517e+02,-2.298577e+02,-1.734933e-02,8.251534e-02
11.72800,2.912917e+02,-2.279112e+02,-1.769263e-02,8.262078e-02
11.72900,2.907092e+02,-2.256050e+02,-1.803335e-02,8.271005e-02
11.73000,2.899270e+02,-2.230784e+02,-1.837119e-02,8.278327e-02
11.73100,2.890027e+02,-2.203010e+02,-1.870588e-02,8.284055e-02
11.73200,2.880105e+02,-2.172829e+02,-1.903709e-02,8.288203e-02
11.73300,2.869143e+02,-2.142713e+02,-1.936453e-02,8.290786e-02
11.73400,2.858120e+02,-2.111317e+02,-1.968793e-02,8.291819e-02
11.73500,2.846881e+02,-2.074021e+02,-2.000700e-02,8.291315e-02
11.73600,2.833099e+02,-2.031868e+02,-2.032145e-02,8.289294e-02
11.73700,2.816117e+02,-1.988830e+02,-2.063103e-02,8.285774e-02
11.73800,2.798090e+02,-1.944890e+02,-2.093548e-02,8.280771e-02
11.73900,2.781977e+02,-1.900018e+02,-2.123456e-02,8.274304e-02
11.74000,2.767693e+02,-1.856947e+02,-2.152802e-02,8.266396e-02
11.74100,2.752786e+02,-1.813663e+02,-2.181562e-02,8.257067e-02
11.74200,2.736200e+02,-1.764412e+02,-2.209716e-02,8.246336e-02
11.74300,2.717422e+02,-1.710036e+02,-2.237243e-02,8.234226e-02
11.74400,2.697224e+02,-1.654842e+02,-2.264122e-02,8.220760e-02
11.74500,2.678157e+02,-1.598606e+02,-2.290337e-02,8.205961e-02
11.74600,2.659615e+02,-1.540712e+02,-2.315872e-02,8.189850e-02
11.74700,2.639795e+02,-1.484049e+02,-2.340709e-02,8.172452e-02
11.74800,2.619213e+02,-1.429133e+02,-2.364835e-02,8.153793e-02
11.74900,2.598078e+02,-1.372761e+02,-2.388238e-02,8.133895e-02
11.75000,2.577343e+02,-1.314231e+02,-2.410907e-02,8.112782e-02
11.75100,2.558005e+02,-1.254734e+02,-2.432832e-02,8.090479e-02
11.75200,2.538593e+02,-1.193095e+02,-2.454006e-02,8.067011e-02
11.75300,2.518057e+02,-1.129631e+02,-2.474423e-02,8.042400e-02
11.75400,2.496950e+02,-1.069375e+02,-2.494079e-02,8.016673e-02
11.75500,2.476548e+02,-1.014701e+02,-2.512969e-02,7.989853e-02
11.75600,2.458419e+02,-9.624931e+01,-2.531092e-02,7.961966e-02
11.75700,2.441520e+02,-9.111206e+01,-2.548449e-02,7.933034e-02
11.75800,2.423826e+02,-8.593252e+01,-2.565040e-02,7.903081e-02
11.75900,2.404337e+02,-8.040728e+01,-2.580867e-02,7.872133e-02
11.76000,2.382729e+02,-7.458591e+01,-2.595935e-02,7.840212e-02
11.76100,2.362329e+02,-6.885487e+01,-2.610251e-02,7.807341e-02
11.76200,2.346334e+02,-6.337650e+01,-2.623819e-02,7.773544e-02
11.76300,2.332175e+02,-5.794688e+01,-2.636647e-02,7.738844e-02
11.76400,2.317021e+02,-5.251114e+01,-2.648744e-02,7.703261e-02
11.76500,2.300022e+02,-4.731129e+01,-2.660122e-02,7.666820e-02
11.76600,2.281242e+02,-4.231136e+01,-2.670786e-02,7.629542e-02
11.76700,2.263538e+02,-3.728555e+01,-2.680751e-02,7.591449e-02
11.76800,2.248121e+02,-3.245855e+01,-2.690029e-02,7.552560e-02
11.76900,2.233534e+02,-2.801322e+01,-2.698631e-02,7.512898e-02
11.77000,2.219378e+02,-2.363670e+01,-2.706570e-02,7.472484e-02
11.77100,2.205400e+02,-1.931873e+01,-2.713861e-02,7.431338e-02
11.77200,2.192092e+02,-1.531113e+01,-2.720519e-02,7.389477e-02
11.77300,2.180563e+02,-1.139849e+01,-2.726557e-02,7.346924e-02
11.77400,2.169401e+02,-7.265036e+00,-2.731990e-02,7.303697e-02
11.77500,2.156808e+02,-3.059107e+00,-2.736832e-02,7.259814e-02
11.77600,2.142216e+02,8.810960e-01,-2.741099e-02,7.215296e-02
11.77700,2.127161e+02,4.543838e+00,-2.744804e-02,7.170159e-02
11.77800,2.114984e+02,8.027306e+00,-2.747964e-02,7.124421e-02
11.77900,2.105417e+02,1.126338e+01,-2.750593e-02,7.078098e-02
11.78000,2.096375e+02,1.451278e+01,-2.752707e-02,7.031206e-02
11.78100,2.087549e+02,1.813787e+01,-2.754319e-02,6.983762e-02
11.78200,2.076681e+02,2.184849e+01,-2.755443e-02,6.935782e-02
11.78300,2.063745e+02,2.526890e+01,-2.756093e-02,6.887278e-02
11.78400,2.053222e+02,2.847909e+01,-2.756282e-02,6.838266e-02
11.78500,2.045455e+02,3.143627e+01,-2.756023e-02,6.788758e-02
11.78600,2.037499e+02,3.403415e+01,-2.755330e-02,6.738766e-02
11.78700,2.028289e+02,3.652381e+01,-2.754216e-02,6.688302e-02
11.78800,2.017970e+02,3.908858e+01,-2.752689e-02,6.637377e-02
11.78900,2.007753e+02,4.166576e+01,-2.750761e-02,6.586001e-02
11.79000,1.998798e+02,4.424601e+01,-2.748442e-02,6.534183e-02
11.79100,1.991365e+02,4.695619e+01,-2.745744e-02,6.481931e-02
11.79200,1.984452e+02,4.975771e+01,-2.742673e-02,6.429253e-02
11.79300,1.975366e+02,5.235209e+01,-2.739240e-02,6.376155e-02
11.79400,1.964954e+02,5.471140e+01,-2.735452e-02,6.322642e-02
11.79500,1.956573e+02,5.703888e+01,-2.731316e-02,6.268720e-02
11.79600,1.949104e+02,5.934780e+01,-2.726835e-02,6.214394e-02
11.79700,1.940380e+02,6.171183e+01,-2.722017e-02,6.159666e-02
11.79800,1.930418e+02,6.425226e+01,-2.716868e-02,6.104538e-02
11.79900,1.919670e+02,6.676514e+01,-2.711388e-02,6.049013e-02
11.80000,1.909837e+02,6.907943e+01,-2.705582e-02,5.993093e-02
11.80100,1.901645e+02,7.131074e+01,-2.699454e-02,5.936776e-02
11.80200,1.894718e+02,7.346295e+01,-2.693004e-02,5.880062e-02
11.80300,1.888474e+02,7.546091e+01,-2.686229e-02,5.822952e-02
11.80400,1.879328e+02,7.741107e+01,-2.679131e-02,5.765444e-02
11.80500,1.866469e+02,7.942099e+01,-2.671711e-02,5.707534e-02
11.80600,1.854469e+02,8.136293e+01,-2.663964e-02,5.649223e-02
11.80700,1.844634e+02,8.311524e+01,-2.655888e-02,5.590506e-02
11.80800,1.835011e+02,8.496390e+01,-2.647480e-02,5.531380e-02
11.80900,1.824987e+02,8.706369e+01,-2.638736e-02,5.471842e-02
11.81000,1.814440e+02,8.912708e+01,-2.629649e-02,5.411886e-02
11.81100,1.803459e+02,9.121515e+01,-2.620213e-02,5.351511e-02
11.81200,1.791661e+02,9.361178e+01,-2.610424e-02,5.290710e-02
11.81300,1.780152e+02,9.607180e+01,-2.600274e-02,5.229478e-02
11.81400,1.770307e+02,9.820253e+01,-2.589755e-02,5.167812e-02
11.81500,1.758346e+02,1.001003e+02,-2.578859e-02,5.105706e-02
11.81600,1.743239e+02,1.019739e+02,-2.567578e-02,5.043155e-02
11.81700,1.730591e+02,1.037132e+02,-2.555902e-02,4.980151e-02
11.81800,1.721040e+02,1.053376e+02,-2.543820e-02,4.916690e-02
11.81900,1.711551e+02,1.072241e+02,-2.531324e-02,4.852766e-02
11.82000,1.701863e+02,1.094023e+02,-2.518405e-02,4.788370e-02
11.82100,1.690826e+02,1.114338e+02,-2.505051e-02,4.723499e-02
11.82200,1.677763e+02,1.133013e+02,-2.491253e-02,4.658144e-02
11.82300,1.664300e+02,1.152529e+02,-2.477001e-02,4.592298e-02
11.82400,1.652136e+02,1.170495e+02,-2.462283e-02,4.525953e-02
11.82500,1.641808e+02,1.184637e+02,-2.447087e-02,4.459105e-02
11.82600,1.630855e+02,1.197159e+02,-2.431406e-02,4.391744e-02
11.82700,1.618074e+02,1.209983e+02,-2.415230e-02,4.323862e-02
11.82800,1.606080e+02,1.222991e+02,-2.398550e-02,4.255453e-02
11.82900,1.594888e+02,1.237479e+02,-2.381355e-02,4.186509e-02
11.83000,1.583467e+02,1.255128e+02,-2.363639e-02,4.117022e-02
11.83100,1.572888e+02,1.273016e+02,-2.345392e-02,4.046983e-02
11.83200,1.562496e+02,1.288042e+02,-2.326606e-02,3.976385e-02
11.83300,1.551810e+02,1.302225e+02,-2.307275e-02,3.905221e-02
11.83400,1.541659e+02,1.316911e+02,-2.287395e-02,3.833482e-02
11.83500,1.531906e+02,1.330489e+02,-2.266960e-02,3.761159e-02
11.83600,1.522618e+02,1.342996e+02,-2.245963e-02,3.688247e-02
11.83700,1.512466e+02,1.354577e+02,-2.224405e-02,3.614737e-02
11.83800,1.500736e+02,1.363495e+02,-2.202284e-02,3.540622e-02
11.83900,1.490648e+02,1.370620e+02,-2.179597e-02,3.465896e-02
11.84000,1.483203e+02,1.378983e+02,-2.156344e-02,3.390552e-02
11.84100,1.476730e+02,1.389211e+02,-2.132528e-02,3.314584e-02
11.84200,1.471073e+02,1.399314e+02,-2.108152e-02,3.237985e-02
11.84300,1.464512e+02,1.407553e+02,-2.083220e-02,3.160751e-02
11.84400,1.455151e+02,1.414281e+02,-2.057735e-02,3.082876e-02
11.84500,1.444637e+02,1.420409e+02,-2.031708e-02,3.004357e-02
11.84600,1.435552e+02,1.427012e+02,-2.005147e-02,2.925189e-02
11.84700,1.428827e+02,1.434679e+02,-1.978061e-02,2.845371e-02
11.84800,1.422896e+02,1.441397e+02,-1.950462e-02,2.764900e-02
11.84900,1.416822e+02,1.446474e+02,-1.922364e-02,2.683772e-02
11.85000,1.411974e+02,1.451878e+02,-1.893779e-02,2.601988e-02
11.85100,1.407816e+02,1.457540e+02,-1.864724e-02,2.519549e-02
11.85200,1.403668e+02,1.462351e+02,-1.835217e-02,2.436452e-02
11.85300,1.400735e+02,1.465993e+02,-1.805278e-02,2.352700e-02
11.85400,1.397554e+02,1.466611e+02,-1.774926e-02,2.268296e-02
11.85500,1.392805e+02,1.463540e+02,-1.744180e-02,2.183242e-02
11.85600,1.388430e+02,1.460449e+02,-1.713068e-02,2.097541e-02
11.85700,1.385365e+02,1.461171e+02,-1.681611e-02,2.011197e-02
11.85800,1.383103e+02,1.465827e+02,-1.649834e-02,1.924216e-02
11.85900,1.380917e+02,1.471038e+02,-1.617764e-02,1.836603e-02
11.86000,1.378450e+02,1.474614e+02,-1.585431e-02,1.748364e-02
11.86100,1.376560e+02,1.477939e+02,-1.552859e-02,1.659510e-02
11.86200,1.375124e+02,1.481390e+02,-1.520078e-02,1.570048e-02
11.86300,1.374229e+02,1.485114e+02,-1.487122e-02,1.479986e-02
11.86400,1.374941e+02,1.490545e+02,-1.454021e-02,1.389335e-02
11.86500,1.375630e+02,1.495577e+02,-1.420803e-02,1.298108e-02
11.86600,1.375134e+02,1.497344e+02,-1.387502e-02,1.206315e-02
11.86700,1.375061e+02,1.498449e+02,-1.354152e-02,1.113970e-02
11.86800,1.376002e+02,1.502990e+02,-1.320785e-02,1.021086e-02
11.86900,1.377824e+02,1.510626e+02,-1.287433e-02,9.276780e-03
11.87000,1.380033e+02,1.518387e+02,-1.254131e-02,8.337620e-03
11.87100,1.382008e+02,1.525186e+02,-1.220913e-02,7.393531e-03
11.87200,1.384602e+02,1.531364e+02,-1.187810e-02,6.444698e-03
11.87300,1.387311e+02,1.536371e+02,-1.154854e-02,5.491295e-03
11.87400,1.389705e+02,1.541730e+02,-1.122083e-02,4.533494e-03
11.87500,1.393397e+02,1.550556e+02,-1.089526e-02,3.571498e-03
11.87600,1.396959e+02,1.560068e+02,-1.057215e-02,2.605519e-03
11.87700,1.398748e+02,1.566862e+02,-1.025182e-02,1.635758e-03
11.87800,1.401428e+02,1.575687e+02,-9.934582e-03,6.624260e-04
11.87900,1.406475e+02,1.590658e+02,-9.620746e-03,-3.142534e-04
11.88000,1.412747e+02,1.608839e+02,-9.310589e-03,-1.294053e-03
11.88100,1.419405e+02,1.627325e+02,-9.004415e-03,-2.276745e-03
11.88200,1.425666e+02,1.645447e+02,-8.702525e-03,-3.262096e-03
11.88300,1.430989e+02,1.660683e+02,-8.405156e-03,-4.249848e-03
11.88400,1.435101e+02,1.671894e+02,-8.112554e-03,-5.239752e-03
11.88500,1.439341e+02,1.683643e+02,-7.825007e-03,-6.231578e-03
11.88600,1.445735e+02,1.699210e+02,-7.542753e-03,-7.225072e-03
11.88700,1.453034e+02,1.714689e+02,-7.265991e-03,-8.219973e-03
11.88800,1.460315e+02,1.727090e+02,-6.994950e-03,-9.216041e-03
11.88900,1.469129e+02,1.740038e+02,-6.729862e-03,-1.021303e-02
11.89000,1.478414e+02,1.755944e+02,-6.470905e-03,-1.121069e-02
11.89100,1.486731e+02,1.773233e+02,-6.218247e-03,-1.220877e-02
11.89200,1.494833e+02,1.792121e+02,-5.972087e-03,-1.320703e-02
11.89300,1.502473e+02,1.812633e+02,-5.732604e-03,-1.420523e-02
11.89400,1.509753e+02,1.831970e+02,-5.499923e-03,-1.520314e-02
11.89500,1.517777e+02,1.849863e+02,-5.274178e-03,-1.620052e-02
11.89600,1.527021e+02,1.869863e+02,-5.055537e-03,-1.719716e-02
11.89700,1.537630e+02,1.892882e+02,-4.844129e-03,-1.819284e-02
11.89800,1.548392e+02,1.914962e+02,-4.640045e-03,-1.918733e-02
11.89900,1.558260e+02,1.933587e+02,-4.443403e-03,-2.018045e-02
11.90000,1.568244e+02,1.950405e+02,-4.254325e-03,-2.117197e-02
11.90100,1.578661e+02,1.967233e+02,-4.072897e-03,-2.216172e-02
11.90200,1.589362e+02,1.984425e+02,-3.899194e-03,-2.314950e-02
11.90300,1.600771e+02,2.001805e+02,-3.733313e-03,-2.413513e-02
11.90400,1.612436e+02,2.017982e+02,-3.575341e-03,-2.511843e-02
11.90500,1.623759e+02,2.031101e+02,-3.425330e-03,-2.609925e-02
11.90600,1.634620e+02,2.042122e+02,-3.283329e-03,-2.707741e-02
11.90700,1.645728e+02,2.054205e+02,-3.149423e-03,-2.805275e-02
11.90800,1.658327e+02,2.069079e+02,-3.023679e-03,-2.902513e-02
11.90900,1.671491e+02,2.085555e+02,-2.906125e-03,-2.999440e-02
11.91000,1.684181e+02,2.100493e+02,-2.796812e-03,-3.096041e-02
11.91100,1.697451e+02,2.111887e+02,-2.695802e-03,-3.192302e-02
11.91200,1.710967e+02,2.120772e+02,-2.603123e-03,-3.288208e-02
11.91300,1.723929e+02,2.129004e+02,-2.518788e-03,-3.383745e-02
11.91400,1.737176e+02,2.136490e+02,-2.442852e-03,-3.478900e-02
11.91500,1.750798e+02,2.142551e+02,-2.375362e-03,-3.573658e-02
11.91600,1.764379e+02,2.148432e+02,-2.316322e-03,-3.668004e-02
11.91700,1.778407e+02,2.155526e+02,-2.265744e-03,-3.761926e-02
11.91800,1.793648e+02,2.163736e+02,-2.223678e-03,-3.855408e-02
11.91900,1.810029e+02,2.172601e+02,-2.190138e-03,-3.948434e-02
11.92000,1.826058e+02,2.180815e+02,-2.165117e-03,-4.040989e-02
11.92100,1.841286e+02,2.185027e+02,-2.148633e-03,-4.133059e-02
11.92200,1.856585e+02,2.183368e+02,-2.140719e-03,-4.224626e-02
11.92300,1.871959e+02,2.179484e+02,-2.141370e-03,-4.315673e-02
11.92400,1.887887e+02,2.177717e+02,-2.150576e-03,-4.406185e-02
11.92500,1.904784e+02,2.177549e+02,-2.168352e-03,-4.496144e-02
11.92600,1.921765e+02,2.177463e+02,-2.194710e-03,-4.585530e-02
11.92700,1.939128e+02,2.178269e+02,-2.229629e-03,-4.674325e-02
11.92800,1.957026e+02,2.179415e+02,-2.273106e-03,-4.762510e-02
11.92900,1.974600e+02,2.179085e+02,-2.325153e-03,-4.850065e-02
11.93000,1.992723e+02,2.178910e+02,-2.385762e-03,-4.936969e-02
11.93100,2.011656e+02,2.180611e+02,-2.454912e-03,-5.023200e-02
11.93200,2.030186e+02,2.181027e+02,-2.532592e-03,-5.108736e-02
11.93300,2.048858e+02,2.177987e+02,-2.618802e-03,-5.193555e-02
11.93400,2.068500e+02,2.174453e+02,-2.713525e-03,-5.277632e-02
11.93500,2.088482e+02,2.171898e+02,-2.816730e-03,-5.360946e-02
11.93600,2.108066e+02,2.167834e+02,-2.928403e-03,-5.443469e-02
11.93700,2.127619e+02,2.162213e+02,-3.048534e-03,-5.525177e-02
11.93800,2.148074e+02,2.157435e+02,-3.177084e-03,-5.606043e-02
11.93900,2.168575e+02,2.153553e+02,-3.314019e-03,-5.686042e-02
11.94000,2.188470e+02,2.150839e+02,-3.459325e-03,-5.765147e-02
11.94100,2.209490e+02,2.151221e+02,-3.612964e-03,-5.843330e-02
11.94200,2.231361e+02,2.153234e+02,-3.774876e-03,-5.920562e-02
11.94300,2.252531e+02,2.152440e+02,-3.945014e-03,-5.996816e-02
11.94400,2.274186e+02,2.148676e+02,-4.123343e-03,-6.072061e-02
11.94500,2.296758e+02,2.146107e+02,-4.309798e-03,-6.146268e-02
11.94600,2.318939e+02,2.146876e+02,-4.504292e-03,-6.219410e-02
11.94700,2.340806e+02,2.150993e+02,-4.706758e-03,-6.291455e-02
11.94800,2.362918e+02,2.158223e+02,-4.917126e-03,-6.362374e-02
11.94900,2.385615e+02,2.166092e+02,-5.135281e-03,-6.432138e-02
11.95000,2.408639e+02,2.171507e+02,-5.361114e-03,-6.500716e-02
11.95100,2.431149e+02,2.174887e+02,-5.594529e-03,-6.568079e-02
11.95200,2.453516e+02,2.178193e+02,-5.835397e-03,-6.634198e-02
11.95300,2.475652e+02,2.181357e+02,-6.083566e-03,-6.699045e-02
11.95400,2.496545e+02,2.184408e+02,-6.338895e-03,-6.762591e-02
11.95500,2.517060e+02,2.189378e+02,-6.601234e-03,-6.824808e-02
11.95600,2.538393e+02,2.197697e+02,-6.870409e-03,-6.885670e-02
11.95700,2.559979e+02,2.208506e+02,-7.146229e-03,-6.945151e-02
11.95800,2.580891e+02,2.220134e+02,-7.428504e-03,-7.003226e-02
11.95900,2.601192e+02,2.230995e+02,-7.717041e-03,-7.059870e-02
11.96000,2.621671e+02,2.239304e+02,-8.011610e-03,-7.115059e-02
11.96100,2.641737e+02,2.245764e+02,-8.311972e-03,-7.168772e-02
11.96200,2.660525e+02,2.254373e+02,-8.617907e-03,-7.220987e-02
11.96300,2.679311e+02,2.267140e+02,-8.929172e-03,-7.271684e-02
11.96400,2.698119e+02,2.281791e+02,-9.245497e-03,-7.320846e-02
11.96500,2.715285e+02,2.295570e+02,-9.566610e-03,-7.368454e-02
11.96600,2.731821e+02,2.307536e+02,-9.892242e-03,-7.414494e-02
11.96700,2.748810e+02,2.317757e+02,-1.022212e-02,-7.458949e-02
11.96800,2.764402e+02,2.327069e+02,-1.055595e-02,-7.501808e-02
11.96900,2.777609e+02,2.336649e+02,-1.089344e-02,-7.543057e-02
11.97000,2.789884e+02,2.346050e+02,-1.123429e-02,-7.582687e-02
11.97100,2.802283e+02,2.353412e+02,-1.157818e-02,-7.620688e-02
11.97200,2.813993e+02,2.358228e+02,-1.192481e-02,-7.657052e-02
11.97300,2.824393e+02,2.361538e+02,-1.227386e-02,-7.691772e-02
11.97400,2.833924e+02,2.364098e+02,-1.262502e-02,-7.724841e-02
11.97500,2.841964e+02,2.366448e+02,-1.297795e-02,-7.756258e-02
11.97600,2.848263e+02,2.369198e+02,-1.333232e-02,-7.786017e-02
11.97700,2.854561e+02,2.372297e+02,-1.368783e-02,-7.814117e-02
11.97800,2.861223e+02,2.376068e+02,-1.404413e-02,-7.840555e-02
11.97900,2.866755e+02,2.380749e+02,-1.440089e-02,-7.865333e-02
11.98000,2.870182e+02,2.383637e+02,-1.475778e-02,-7.888454e-02
11.98100,2.871494e+02,2.380431e+02,-1.511449e-02,-7.909917e-02
11.98200,2.871619e+02,2.370072e+02,-1.547068e-02,-7.929727e-02
11.98300,2.870817e+02,2.355080e+02,-1.582600e-02,-7.947890e-02
11.98400,2.868598e+02,2.337944e+02,-1.618013e-02,-7.964408e-02
11.98500,2.865750e+02,2.320937e+02,-1.653276e-02,-7.979289e-02
11.98600,2.862265e+02,2.306016e+02,-1.688355e-02,-7.992541e-02
11.98700,2.856793e+02,2.291182e+02,-1.723216e-02,-8.004173e-02
11.98800,2.849957e+02,2.271919e+02,-1.757831e-02,-8.014194e-02
11.98900,2.842937e+02,2.247552e+02,-1.792166e-02,-8.022614e-02
11.99000,2.835059e+02,2.220622e+02,-1.826191e-02,-8.029444e-02
11.99100,2.825373e+02,2.191703e+02,-1.859874e-02,-8.034699e-02
11.99200,2.814451e+02,2.160285e+02,-1.893187e-02,-8.038390e-02
11.99300,2.803750e+02,2.127973e+02,-1.926099e-02,-8.040532e-02
11.99400,2.792988e+02,2.096266e+02,-1.958580e-02,-8.041141e-02
11.99500,2.780981e+02,2.063701e+02,-1.990604e-02,-8.040234e-02
11.99600,2.768021e+02,2.028515e+02,-2.022146e-02,-8.037825e-02
11.99700,2.753429e+02,1.990864e+02,-2.053177e-02,-8.033936e-02
11.99800,2.736394e+02,1.949541e+02,-2.083672e-02,-8.028584e-02
11.99900,2.719341e+02,1.902926e+02,-2.113609e-02,-8.021788e-02
12.00000,2.703861e+02,1.854177e+02,-2.142964e-02,-8.013569e-02
12.00100,2.688409e+02,1.807052e+02,-2.171715e-02,-8.003948e-02
12.00200,2.671799e+02,1.760034e+02,-2.199840e-02,-7.992946e-02
12.00300,2.653892e+02,1.710353e+02,-2.227322e-02,-7.980585e-02
12.00400,2.635304e+02,1.657786e+02,-2.254144e-02,-7.966887e-02
12.00500,2.616901e+02,1.602536e+02,-2.280288e-02,-7.951878e-02
12.00600,2.598529e+02,1.545276e+02,-2.305739e-02,-7.935580e-02
12.00700,2.579936e+02,1.489018e+02,-2.330485e-02,-7.918016e-02
12.00800,2.560647e+02,1.435911e+02,-2.354513e-02,-7.899210e-02
12.00900,2.540347e+02,1.383739e+02,-2.377813e-02,-7.879187e-02
12.01000,2.520547e+02,1.329522e+02,-2.400376e-02,-7.857971e-02
12.01100,2.502344e+02,1.273535e+02,-2.422195e-02,-7.835585e-02
12.01200,2.484921e+02,1.216580e+02,-2.443264e-02,-7.812055e-02
12.01300,2.467124e+02,1.158462e+02,-2.463578e-02,-7.787405e-02
12.01400,2.448229e+02,1.100946e+02,-2.483134e-02,-7.761659e-02
12.01500,2.429216e+02,1.046180e+02,-2.501932e-02,-7.734840e-02
12.01600,2.411557e+02,9.939006e+01,-2.519971e-02,-7.706971e-02
12.01700,2.394694e+02,9.433675e+01,-2.537250e-02,-7.678078e-02
12.01800,2.377808e+02,8.938455e+01,-2.553775e-02,-7.648182e-02
12.01900,2.360349e+02,8.431751e+01,-2.569549e-02,-7.617306e-02
12.02000,2.341569e+02,7.886625e+01,-2.584575e-02,-7.585474e-02
12.02100,2.322938e+02,7.301587e+01,-2.598861e-02,-7.552708e-02
12.02200,2.306505e+02,6.713716e+01,-2.612414e-02,-7.519029e-02
12.02300,2.291858e+02,6.166542e+01,-2.625243e-02,-7.484460e-02
12.02400,2.277655e+02,5.677401e+01,-2.637354e-02,-7.449022e-02
12.02500,2.262898e+02,5.236163e+01,-2.648761e-02,-7.412735e-02
12.02600,2.247730e+02,4.813163e+01,-2.659473e-02,-7.375620e-02
12.02700,2.233503e+02,4.376762e+01,-2.669501e-02,-7.337698e-02
12.02800,2.220695e+02,3.916488e+01,-2.678857e-02,-7.298989e-02
12.02900,2.208547e+02,3.443952e+01,-2.687556e-02,-7.259511e-02
12.03000,2.196038e+02,2.980322e+01,-2.695610e-02,-7.219284e-02
12.03100,2.183056e+02,2.543007e+01,-2.703031e-02,-7.178327e-02
12.03200,2.170750e+02,2.132504e+01,-2.709835e-02,-7.136658e-02
12.03300,2.159225e+02,1.739188e+01,-2.716036e-02,-7.094296e-02
12.03400,2.147895e+02,1.355175e+01,-2.721648e-02,-7.051257e-02
12.03500,2.136750e+02,9.742517e+00,-2.726685e-02,-7.007560e-02
12.03600,2.124584e+02,5.928545e+00,-2.731162e-02,-6.963221e-02
12.03700,2.111254e+02,2.080862e+00,-2.735095e-02,-6.918256e-02
12.03800,2.099569e+02,-1.716518e+00,-2.738497e-02,-6.872682e-02
12.03900,2.090761e+02,-5.263608e+00,-2.741382e-02,-6.826513e-02
12.04000,2.083195e+02,-8.558351e+00,-2.743767e-02,-6.779765e-02
12.04100,2.075258e+02,-1.177438e+01,-2.745663e-02,-6.732451e-02
12.04200,2.066314e+02,-1.499281e+01,-2.747084e-02,-6.684585e-02
12.04300,2.056625e+02,-1.825818e+01,-2.748044e-02,-6.636182e-02
12.04400,2.046747e+02,-2.158278e+01,-2.748555e-02,-6.587254e-02
12.04500,2.037622e+02,-2.478077e+01,-2.748632e-02,-6.537811e-02
12.04600,2.029624e+02,-2.760961e+01,-2.748284e-02,-6.487867e-02
12.04700,2.021070e+02,-3.004419e+01,-2.747525e-02,-6.437431e-02
12.04800,2.011648e+02,-3.229740e+01,-2.746364e-02,-6.386513e-02
12.04900,2.003327e+02,-3.463836e+01,-2.744812e-02,-6.335123e-02
12.05000,1.996122e+02,-3.726253e+01,-2.742877e-02,-6.283271e-02
12.05100,1.988845e+02,-4.025258e+01,-2.740569e-02,-6.230962e-02
12.05200,1.980837e+02,-4.344141e+01,-2.737898e-02,-6.178205e-02
12.05300,1.971437e+02,-4.648292e+01,-2.734869e-02,-6.125006e-02
12.05400,1.961569e+02,-4.920186e+01,-2.731490e-02,-6.071372e-02
12.05500,1.952499e+02,-5.158107e+01,-2.727767e-02,-6.017306e-02
12.05600,1.944191e+02,-5.367996e+01,-2.723705e-02,-5.962813e-02
12.05700,1.936193e+02,-5.580658e+01,-2.719307e-02,-5.907898e-02
12.05800,1.926776e+02,-5.828399e+01,-2.714578e-02,-5.852563e-02
12.05900,1.915510e+02,-6.105633e+01,-2.709521e-02,-5.796810e-02
12.06000,1.905282e+02,-6.380636e+01,-2.704136e-02,-5.740643e-02
12.06100,1.897154e+02,-6.629924e+01,-2.698425e-02,-5.684062e-02
12.06200,1.889715e+02,-6.847118e+01,-2.692389e-02,-5.627067e-02
12.06300,1.882158e+02,-7.031570e+01,-2.686027e-02,-5.569660e-02
12.06400,1.873369e+02,-7.195780e+01,-2.679336e-02,-5.511840e-02
12.06500,1.862555e+02,-7.374830e+01,-2.672314e-02,-5.453606e-02
12.06600,1.850496e+02,-7.589460e+01,-2.664960e-02,-5.394957e-02
12.06700,1.838898e+02,-7.827580e+01,-2.657268e-02,-5.335890e-02
12.06800,1.828722e+02,-8.081523e+01,-2.649234e-02,-5.276404e-02
12.06900,1.817984e+02,-8.347868e+01,-2.640852e-02,-5.216498e-02
12.07000,1.805607e+02,-8.602193e+01,-2.632117e-02,-5.156167e-02
12.07100,1.794233e+02,-8.823490e+01,-2.623021e-02,-5.095409e-02
12.07200,1.784239e+02,-9.021648e+01,-2.613556e-02,-5.034221e-02
12.07300,1.773752e+02,-9.221003e+01,-2.603715e-02,-4.972598e-02
12.07400,1.763038e+02,-9.430609e+01,-2.593491e-02,-4.910535e-02
12.07500,1.751709e+02,-9.642395e+01,-2.582871e-02,-4.848028e-02
12.07600,1.738704e+02,-9.845912e+01,-2.571847e-02,-4.785073e-02
12.07700,1.725617e+02,-1.002531e+02,-2.560411e-02,-4.721663e-02
12.07800,1.714574e+02,-1.017207e+02,-2.548550e-02,-4.657793e-02
12.07900,1.705158e+02,-1.031286e+02,-2.536254e-02,-4.593457e-02
12.08000,1.694638e+02,-1.048611e+02,-2.523511e-02,-4.528648e-02
12.08100,1.681871e+02,-1.069993e+02,-2.510313e-02,-4.463360e-02
12.08200,1.669127e+02,-1.093302e+02,-2.496646e-02,-4.397585e-02
12.08300,1.657612e+02,-1.115486e+02,-2.482501e-02,-4.331317e-02
12.08400,1.646485e+02,-1.134247e+02,-2.467865e-02,-4.264546e-02
12.08500,1.635584e+02,-1.149311e+02,-2.452729e-02,-4.197266e-02
12.08600,1.624293e+02,-1.162758e+02,-2.437081e-02,-4.129468e-02
12.08700,1.611931e+02,-1.177559e+02,-2.420912e-02,-4.061145e-02
12.08800,1.599683e+02,-1.194519e+02,-2.404211e-02,-3.992287e-02
12.08900,1.589202e+02,-1.212653e+02,-2.386971e-02,-3.922885e-02
12.09000,1.580430e+02,-1.231739e+02,-2.369180e-02,-3.852933e-02
12.09100,1.571064e+02,-1.250886e+02,-2.350833e-02,-3.782420e-02
12.09200,1.559742e+02,-1.267670e+02,-2.331921e-02,-3.711337e-02
12.09300,1.548321e+02,-1.280303e+02,-2.312437e-02,-3.639676e-02
12.09400,1.538112e+02,-1.288349e+02,-2.292377e-02,-3.567428e-02
12.09500,1.528674e+02,-1.293631e+02,-2.271736e-02,-3.494583e-02
12.09600,1.520069e+02,-1.300296e+02,-2.250510e-02,-3.421133e-02
12.09700,1.511640e+02,-1.311174e+02,-2.228696e-02,-3.347070e-02
12.09800,1.502094e+02,-1.325604e+02,-2.206294e-02,-3.272385e-02
12.09900,1.492210e+02,-1.340513e+02,-2.183304e-02,-3.197071e-02
12.10000,1.484317e+02,-1.352260e+02,-2.159727e-02,-3.121119e-02
12.10100,1.478970e+02,-1.359180e+02,-2.135566e-02,-3.044524e-02
12.10200,1.473663e+02,-1.363233e+02,-2.110825e-02,-2.967278e-02
12.10300,1.466527e+02,-1.368586e+02,-2.085512e-02,-2.889375e-02
12.10400,1.458435e+02,-1.377042e+02,-2.059631e-02,-2.810810e-02
12.10500,1.450152e+02,-1.385966e+02,-2.033194e-02,-2.731578e-02
12.10600,1.442528e+02,-1.393246e+02,-2.006210e-02,-2.651674e-02
12.10700,1.436861e+02,-1.399352e+02,-1.978691e-02,-2.571095e-02
12.10800,1.432123e+02,-1.403564e+02,-1.950651e-02,-2.489838e-02
12.10900,1.426999e+02,-1.405518e+02,-1.922105e-02,-2.407901e-02
12.11000,1.422349e+02,-1.407326e+02,-1.893071e-02,-2.325283e-02
12.11100,1.419057e+02,-1.409455e+02,-1.863567e-02,-2.241983e-02
12.11200,1.416987e+02,-1.410563e+02,-1.833612e-02,-2.158003e-02
12.11300,1.414749e+02,-1.411582e+02,-1.803227e-02,-2.073342e-02
12.11400,1.410903e+02,-1.414417e+02,-1.772438e-02,-1.988002e-02
12.11500,1.406054e+02,-1.418135e+02,-1.741266e-02,-1.901988e-02
12.11600,1.401440e+02,-1.419860e+02,-1.709736e-02,-1.815304e-02
12.11700,1.398108e+02,-1.419330e+02,-1.677877e-02,-1.727953e-02
12.11800,1.396740e+02,-1.419476e+02,-1.645716e-02,-1.639941e-02
12.11900,1.395880e+02,-1.422309e+02,-1.613281e-02,-1.551276e-02
12.12000,1.394092e+02,-1.428137e+02,-1.580602e-02,-1.461966e-02
12.12100,1.392106e+02,-1.436087e+02,-1.547712e-02,-1.372018e-02
12.12200,1.390920e+02,-1.442274e+02,-1.514640e-02,-1.281442e-02
12.12300,1.391041e+02,-1.442750e+02,-1.481421e-02,-1.190250e-02
12.12400,1.391842e+02,-1.438867e+02,-1.448086e-02,-1.098453e-02
12.12500,1.392008e+02,-1.435641e+02,-1.414670e-02,-1.006063e-02
12.12600,1.391616e+02,-1.436292e+02,-1.381205e-02,-9.130944e-03
12.12700,1.391052e+02,-1.440694e+02,-1.347726e-02,-8.195626e-03
12.12800,1.391035e+02,-1.447713e+02,-1.314269e-02,-7.254824e-03
12.12900,1.393156e+02,-1.455996e+02,-1.280869e-02,-6.308709e-03
12.13000,1.396407e+02,-1.462920e+02,-1.247558e-02,-5.357463e-03
12.13100,1.398487e+02,-1.467049e+02,-1.214371e-02,-4.401261e-03
12.13200,1.399947e+02,-1.470004e+02,-1.181344e-02,-3.440291e-03
12.13300,1.402022e+02,-1.472663e+02,-1.148510e-02,-2.474758e-03
12.13400,1.404740e+02,-1.474933e+02,-1.115901e-02,-1.504874e-03
12.13500,1.408135e+02,-1.479817e+02,-1.083551e-02,-5.308532e-04
12.13600,1.412105e+02,-1.490594e+02,-1.051493e-02,4.470794e-04
12.13700,1.416111e+02,-1.505717e+02,-1.019757e-02,1.428687e-03
12.13800,1.419768e+02,-1.521236e+02,-9.883739e-03,2.413731e-03
12.13900,1.424020e+02,-1.535149e+02,-9.573752e-03,3.401978e-03
12.14000,1.430139e+02,-1.547239e+02,-9.267901e-03,4.393179e-03
12.14100,1.436900e+02,-1.558367e+02,-8.966444e-03,5.387070e-03
12.14200,1.442686e+02,-1.571178e+02,-8.669656e-03,6.383399e-03
12.14300,1.447992e+02,-1.587588e+02,-8.377817e-03,7.381913e-03
12.14400,1.453183e+02,-1.605353e+02,-8.091167e-03,8.382347e-03
12.14500,1.458433e+02,-1.620918e+02,-7.809929e-03,9.384439e-03
12.14600,1.464760e+02,-1.634219e+02,-7.534343e-03,1.038794e-02
12.14700,1.472163e+02,-1.647562e+02,-7.264624e-03,1.139258e-02
12.14800,1.479673e+02,-1.662579e+02,-7.000957e-03,1.239811e-02
12.14900,1.487047e+02,-1.680164e+02,-6.743536e-03,1.340427e-02
12.15000,1.494954e+02,-1.700357e+02,-6.492557e-03,1.441083e-02
12.15100,1.503959e+02,-1.721742e+02,-6.248189e-03,1.541753e-02
12.15200,1.513335e+02,-1.742807e+02,-6.010575e-03,1.642415e-02
12.15300,1.521987e+02,-1.763008e+02,-5.779867e-03,1.743045e-02
12.15400,1.529899e+02,-1.782061e+02,-5.556220e-03,1.843621e-02
12.15500,1.537666e+02,-1.799777e+02,-5.339755e-03,1.944122e-02
12.15600,1.546057e+02,-1.817033e+02,-5.130577e-03,2.044526e-02
12.15700,1.555687e+02,-1.835607e+02,-4.928813e-03,2.144813e-02
12.15800,1.566523e+02,-1.856775e+02,-4.734580e-03,2.244964e-02
12.15900,1.577870e+02,-1.879855e+02,-4.547960e-03,2.344960e-02
12.16000,1.588658e+02,-1.901753e+02,-4.369047e-03,2.444783e-02
12.16100,1.599085e+02,-1.919131e+02,-4.197937e-03,2.544416e-02
12.16200,1.610346e+02,-1.931506e+02,-4.034714e-03,2.643842e-02
12.16300,1.622002e+02,-1.941529e+02,-3.879440e-03,2.743047e-02
12.16400,1.633283e+02,-1.952833e+02,-3.732185e-03,2.842015e-02
12.16500,1.644909e+02,-1.968042e+02,-3.593033e-03,2.940731e-02
12.16600,1.657126e+02,-1.987389e+02,-3.462036e-03,3.039181e-02
12.16700,1.669645e+02,-2.008259e+02,-3.339234e-03,3.137350e-02
12.16800,1.682882e+02,-2.027319e+02,-3.224697e-03,3.235227e-02
12.16900,1.696970e+02,-2.043340e+02,-3.118491e-03,3.332796e-02
12.17000,1.711164e+02,-2.056565e+02,-3.020644e-03,3.430046e-02
12.17100,1.724763e+02,-2.066953e+02,-2.931196e-03,3.526962e-02
12.17200,1.738269e+02,-2.075430e+02,-2.850208e-03,3.623532e-02
12.17300,1.752479e+02,-2.084467e+02,-2.777714e-03,3.719742e-02
12.17400,1.766891e+02,-2.095130e+02,-2.713728e-03,3.815578e-02
12.17500,1.781306e+02,-2.106103e+02,-2.658287e-03,3.911026e-02
12.17600,1.796322e+02,-2.116134e+02,-2.611433e-03,4.006072e-02
12.17700,1.811596e+02,-2.124484e+02,-2.573185e-03,4.100699e-02
12.17800,1.826999e+02,-2.129947e+02,-2.543550e-03,4.194894e-02
12.17900,1.843011e+02,-2.132675e+02,-2.522559e-03,4.288639e-02
12.18000,1.859431e+02,-2.135659e+02,-2.510238e-03,4.381917e-02
12.18100,1.876286e+02,-2.140893e+02,-2.506585e-03,4.474711e-02
12.18200,1.893530e+02,-2.146159e+02,-2.511604e-03,4.567002e-02
12.18300,1.910618e+02,-2.148864e+02,-2.525311e-03,4.658771e-02
12.18400,1.927921e+02,-2.149620e+02,-2.547704e-03,4.749998e-02
12.18500,1.945690e+02,-2.149664e+02,-2.578775e-03,4.840662e-02
12.18600,1.963478e+02,-2.149392e+02,-2.618527e-03,4.930742e-02
12.18700,1.981758e+02,-2.150646e+02,-2.666964e-03,5.020215e-02
12.18800,2.000976e+02,-2.155083e+02,-2.724072e-03,5.109057e-02
12.18900,2.020557e+02,-2.160267e+02,-2.789826e-03,5.197245e-02
12.19000,2.040057e+02,-2.162449e+02,-2.864215e-03,5.284754e-02
12.19100,2.059686e+02,-2.161090e+02,-2.947234e-03,5.371558e-02
12.19200,2.079713e+02,-2.156465e+02,-3.038853e-03,5.457630e-02
12.19300,2.099596e+02,-2.147510e+02,-3.139039e-03,5.542943e-02
12.19400,2.118995e+02,-2.136111e+02,-3.247777e-03,5.627469e-02
12.19500,2.138916e+02,-2.127694e+02,-3.365041e-03,5.711179e-02
12.19600,2.159639e+02,-2.124957e+02,-3.490782e-03,5.794044e-02
12.19700,2.180596e+02,-2.126314e+02,-3.624961e-03,5.876034e-02
12.19800,2.202355e+02,-2.129447e+02,-3.767545e-03,5.957118e-02
12.19900,2.224967e+02,-2.131585e+02,-3.918486e-03,6.037266e-02
12.20000,2.247255e+02,-2.129618e+02,-4.077718e-03,6.116446e-02
12.20100,2.269055e+02,-2.123970e+02,-4.245187e-03,6.194627e-02
12.20200,2.291037e+02,-2.118940e+02,-4.420839e-03,6.271775e-02
12.20300,2.313544e+02,-2.117532e+02,-4.604591e-03,6.347860e-02
12.20400,2.336612e+02,-2.119429e+02,-4.796356e-03,6.422850e-02
12.20500,2.360021e+02,-2.123298e+02,-4.996060e-03,6.496713e-02
12.20600,2.383615e+02,-2.127697e+02,-5.203608e-03,6.569415e-02
12.20700,2.407012e+02,-2.131141e+02,-5.418882e-03,6.640926e-02
12.20800,2.429531e+02,-2.133187e+02,-5.641773e-03,6.711214e-02
12.20900,2.451385e+02,-2.134515e+02,-5.872171e-03,6.780248e-02
12.21000,2.473501e+02,-2.135960e+02,-6.109940e-03,6.847998e-02
12.21100,2.496098e+02,-2.138682e+02,-6.354924e-03,6.914433e-02
12.21200,2.518725e+02,-2.144102e+02,-6.606969e-03,6.979525e-02
12.21300,2.541481e+02,-2.152356e+02,-6.865920e-03,7.043245e-02
12.21400,2.564794e+02,-2.161977e+02,-7.131600e-03,7.105565e-02
12.21500,2.587911e+02,-2.171320e+02,-7.403817e-03,7.166459e-02
12.21600,2.609969e+02,-2.179583e+02,-7.682380e-03,7.225902e-02
12.21700,2.631640e+02,-2.187465e+02,-7.967084e-03,7.283867e-02
12.21800,2.653128e+02,-2.197257e+02,-8.257705e-03,7.340334e-02
12.21900,2.673587e+02,-2.210526e+02,-8.554018e-03,7.395281e-02
12.22000,2.693487e+02,-2.225630e+02,-8.855790e-03,7.448687e-02
12.22100,2.713683e+02,-2.239218e+02,-9.162775e-03,7.500533e-02
12.22200,2.733292e+02,-2.249476e+02,-9.474718e-03,7.550801e-02
12.22300,2.751154e+02,-2.257108e+02,-9.791356e-03,7.599476e-02
12.22400,2.767856e+02,-2.264349e+02,-1.011243e-02,7.646542e-02
12.22500,2.784664e+02,-2.273777e+02,-1.043767e-02,7.691986e-02
12.22600,2.801437e+02,-2.286795e+02,-1.076678e-02,7.735797e-02
12.22700,2.817456e+02,-2.301974e+02,-1.109948e-02,7.777964e-02
12.22800,2.832650e+02,-2.316309e+02,-1.143549e-02,7.818478e-02
12.22900,2.846315e+02,-2.328064e+02,-1.177450e-02,7.857331e-02
12.23000,2.857824e+02,-2.336360e+02,-1.211622e-02,7.894516e-02
12.23100,2.868242e+02,-2.340487e+02,-1.246035e-02,7.930029e-02
12.23200,2.878525e+02,-2.341839e+02,-1.280659e-02,7.963864e-02
12.23300,2.888379e+02,-2.343712e+02,-1.315462e-02,7.996021e-02
12.23400,2.897253e+02,-2.348405e+02,-1.350413e-02,8.026496e-02
12.23500,2.905031e+02,-2.356290e+02,-1.385483e-02,8.055290e-02
12.23600,2.912235e+02,-2.365810e+02,-1.420640e-02,8.082401e-02
12.23700,2.918664e+02,-2.373035e+02,-1.455853e-02,8.107833e-02
12.23800,2.923330e+02,-2.373786e+02,-1.491089e-02,8.131587e-02
12.23900,2.926455e+02,-2.367508e+02,-1.526319e-02,8.153666e-02
12.24000,2.928152e+02,-2.357430e+02,-1.561510e-02,8.174076e-02
12.24100,2.927520e+02,-2.346405e+02,-1.596631e-02,8.192822e-02
12.24200,2.925330e+02,-2.335120e+02,-1.631651e-02,8.209909e-02
12.24300,2.923237e+02,-2.323657e+02,-1.666539e-02,8.225343e-02
12.24400,2.920930e+02,-2.310902e+02,-1.701263e-02,8.239135e-02
12.24500,2.917164e+02,-2.294610e+02,-1.735792e-02,8.251291e-02
12.24600,2.911749e+02,-2.274588e+02,-1.770097e-02,8.261822e-02
12.24700,2.905210e+02,-2.252397e+02,-1.804146e-02,8.270738e-02
12.24800,2.897425e+02,-2.228138e+02,-1.837909e-02,8.278051e-02
12.24900,2.888395e+02,-2.200999e+02,-1.871356e-02,8.283773e-02
12.25000,2.879203e+02,-2.171593e+02,-1.904457e-02,8.287917e-02
12.25100,2.869538e+02,-2.140874e+02,-1.937183e-02,8.290498e-02
12.25200,2.857935e+02,-2.107846e+02,-1.969505e-02,8.291530e-02
12.25300,2.845241e+02,-2.070851e+02,-2.001396e-02,8.291029e-02
12.25400,2.832568e+02,-2.030400e+02,-2.032829e-02,8.289012e-02
12.25500,2.818700e+02,-1.988153e+02,-2.063776e-02,8.285495e-02
12.25600,2.802893e+02,-1.944994e+02,-2.094212e-02,8.280499e-02
12.25700,2.785892e+02,-1.902124e+02,-2.124112e-02,8.274041e-02
12.25800,2.768350e+02,-1.859763e+02,-2.153451e-02,8.266141e-02
12.25900,2.750801e+02,-1.814666e+02,-2.182207e-02,8.256820e-02
12.26000,2.733679e+02,-1.763568e+02,-2.210358e-02,8.246099e-02
12.26100,2.716694e+02,-1.707263e+02,-2.237883e-02,8.234000e-02
12.26200,2.698669e+02,-1.648861e+02,-2.264763e-02,8.220544e-02
12.26300,2.678850e+02,-1.590917e+02,-2.290978e-02,8.205754e-02
12.26400,2.658368e+02,-1.535081e+02,-2.316514e-02,8.189654e-02
12.26500,2.638619e+02,-1.481628e+02,-2.341354e-02,8.172266e-02
12.26600,2.619403e+02,-1.428679e+02,-2.365485e-02,8.153615e-02
12.26700,2.599874e+02,-1.374081e+02,-2.388893e-02,8.133725e-02
12.26800,2.579467e+02,-1.317522e+02,-2.411568e-02,8.112619e-02
12.26900,2.558224e+02,-1.259086e+02,-2.433501e-02,8.090323e-02
12.27000,2.536925e+02,-1.198352e+02,-2.454684e-02,8.066861e-02
12.27100,2.516572e+02,-1.136561e+02,-2.475109e-02,8.042256e-02
12.27200,2.497827e+02,-1.076587e+02,-2.494773e-02,8.016532e-02
12.27300,2.480058e+02,-1.020155e+02,-2.513673e-02,7.989715e-02
12.27400,2.461667e+02,-9.667037e+01,-2.531805e-02,7.961829e-02
12.27500,2.442340e+02,-9.138980e+01,-2.549170e-02,7.932898e-02
12.27600,2.422935e+02,-8.589589e+01,-2.565771e-02,7.902944e-02
12.27700,2.403738e+02,-8.007972e+01,-2.581609e-02,7.871993e-02
12.27800,2.384592e+02,-7.409185e+01,-2.596687e-02,7.840067e-02
12.27900,2.365495e+02,-6.821346e+01,-2.611011e-02,7.807189e-02
12.28000,2.346674e+02,-6.265520e+01,-2.624587e-02,7.773383e-02
12.28100,2.328607e+02,-5.743008e+01,-2.637422e-02,7.738671e-02
12.28200,2.311868e+02,-5.237223e+01,-2.649525e-02,7.703076e-02
12.28300,2.296618e+02,-4.734978e+01,-2.660906e-02,7.666618e-02
12.28400,2.281884e+02,-4.245124e+01,-2.671574e-02,7.629321e-02
12.28500,2.266600e+02,-3.780107e+01,-2.681541e-02,7.591207e-02
12.28600,2.251022e+02,-3.332685e+01,-2.690820e-02,7.552296e-02
12.28700,2.235693e+02,-2.890649e+01,-2.699422e-02,7.512608e-02
12.28800,2.221124e+02,-2.451119e+01,-2.707361e-02,7.472165e-02
12.28900,2.207727e+02,-2.010769e+01,-2.714650e-02,7.430988e-02
12.29000,2.194407e+02,-1.565631e+01,-2.721303e-02,7.389095e-02
12.29100,2.180290e+02,-1.120525e+01,-2.727336e-02,7.346507e-02
12.29200,2.166517e+02,-6.849941e+00,-2.732761e-02,7.303244e-02
12.29300,2.153863e+02,-2.629938e+00,-2.737595e-02,7.259325e-02
12.29400,2.141969e+02,1.405703e+00,-2.741852e-02,7.214766e-02
12.29500,2.130486e+02,5.059676e+00,-2.745547e-02,7.169586e-02
12.29600,2.118903e+02,8.221343e+00,-2.748695e-02,7.123803e-02
12.29700,2.106887e+02,1.117908e+01,-2.751311e-02,7.077435e-02
12.29800,2.094859e+02,1.433996e+01,-2.753409e-02,7.030497e-02
12.29900,2.083930e+02,1.782748e+01,-2.755004e-02,6.983005e-02
12.30000,2.074580e+02,2.151009e+01,-2.756110e-02,6.934974e-02
12.30100,2.065264e+02,2.511298e+01,-2.756740e-02,6.886420e-02
12.30200,2.054928e+02,2.832309e+01,-2.756908e-02,6.837356e-02
12.30300,2.044641e+02,3.104694e+01,-2.756628e-02,6.787795e-02
12.30400,2.034996e+02,3.352235e+01,-2.755910e-02,6.737750e-02
12.30500,2.026044e+02,3.605576e+01,-2.754769e-02,6.687233e-02
12.30600,2.017970e+02,3.872262e+01,-2.753215e-02,6.636253e-02
12.30700,2.009658e+02,4.148546e+01,-2.751258e-02,6.584821e-02
12.30800,2.000071e+02,4.440189e+01,-2.748910e-02,6.532947e-02
12.30900,1.989799e+02,4.743029e+01,-2.746180e-02,6.480638e-02
12.31000,1.980143e+02,5.036384e+01,-2.743077e-02,6.427903e-02
12.31100,1.972112e+02,5.309784e+01,-2.739609e-02,6.374748e-02
12.31200,1.964950e+02,5.558813e+01,-2.735784e-02,6.321179e-02
12.31300,1.957051e+02,5.776347e+01,-2.731610e-02,6.267201e-02
12.31400,1.948450e+02,5.976403e+01,-2.727091e-02,6.212819e-02
12.31500,1.939498e+02,6.190458e+01,-2.722234e-02,6.158035e-02
12.31600,1.929918e+02,6.427622e+01,-2.717043e-02,6.102852e-02
12.31700,1.920180e+02,6.664844e+01,-2.711523e-02,6.047271e-02
12.31800,1.910622e+02,6.881853e+01,-2.705675e-02,5.991295e-02
12.31900,1.900856e+02,7.084272e+01,-2.699502e-02,5.934924e-02
12.32000,1.891088e+02,7.286361e+01,-2.693005e-02,5.878157e-02
12.32100,1.882330e+02,7.497224e+01,-2.686185e-02,5.820994e-02
12.32200,1.874918e+02,7.722766e+01,-2.679041e-02,5.763432e-02
12.32300,1.867146e+02,7.953337e+01,-2.671571e-02,5.705471e-02
12.32400,1.857283e+02,8.166267e+01,-2.663776e-02,5.647108e-02
12.32500,1.845944e+02,8.357179e+01,-2.655651e-02,5.588339e-02
12.32600,1.834105e+02,8.544706e+01,-2.647193e-02,5.529163e-02
12.32700,1.822068e+02,8.746241e+01,-2.638397e-02,5.469575e-02
12.32800,1.810834e+02,8.964382e+01,-2.629260e-02,5.409571e-02
12.32900,1.800673e+02,9.189941e+01,-2.619774e-02,5.349146e-02
12.33000,1.790224e+02,9.413569e+01,-2.609934e-02,5.288298e-02
12.33100,1.778967e+02,9.631496e+01,-2.599732e-02,5.227021e-02
12.33200,1.768024e+02,9.841092e+01,-2.589162e-02,5.165308e-02
12.33300,1.758002e+02,1.003492e+02,-2.578214e-02,5.103156e-02
12.33400,1.747955e+02,1.020236e+02,-2.566881e-02,5.040559e-02
12.33500,1.737016e+02,1.034861e+02,-2.555154e-02,4.977511e-02
12.33600,1.725321e+02,1.050233e+02,-2.543023e-02,4.914006e-02
12.33700,1.713043e+02,1.069126e+02,-2.530477e-02,4.850038e-02
12.33800,1.700483e+02,1.092124e+02,-2.517509e-02,4.785600e-02
12.33900,1.688344e+02,1.117240e+02,-2.504107e-02,4.720686e-02
12.34000,1.676573e+02,1.140535e+02,-2.490260e-02,4.655289e-02
12.34100,1.664326e+02,1.158946e+02,-2.475959e-02,4.589402e-02
12.34200,1.651404e+02,1.172897e+02,-2.461194e-02,4.523019e-02
12.34300,1.638917e+02,1.185311e+02,-2.445955e-02,4.456131e-02
12.34400,1.627783e+02,1.198769e+02,-2.430230e-02,4.388731e-02
12.34500,1.617120e+02,1.213771e+02,-2.414011e-02,4.320812e-02
12.34600,1.606002e+02,1.229511e+02,-2.397289e-02,4.252365e-02
12.34700,1.594756e+02,1.245596e+02,-2.380055e-02,4.183384e-02
12.34800,1.583258e+02,1.262090e+02,-2.362299e-02,4.113861e-02
12.34900,1.571527e+02,1.278946e+02,-2.344014e-02,4.043788e-02
12.35000,1.560891e+02,1.295399e+02,-2.325194e-02,3.973156e-02
12.35100,1.551741e+02,1.309628e+02,-2.305831e-02,3.901958e-02
12.35200,1.542626e+02,1.320857e+02,-2.285919e-02,3.830188e-02
12.35300,1.532504e+02,1.330736e+02,-2.265455e-02,3.757835e-02
12.35400,1.522079e+02,1.340961e+02,-2.244433e-02,3.684894e-02
12.35500,1.512203e+02,1.351562e+02,-2.222851e-02,3.611357e-02
12.35600,1.502273e+02,1.361988e+02,-2.200706e-02,3.537217e-02
12.35700,1.492174e+02,1.371800e+02,-2.177999e-02,3.462466e-02
12.35800,1.483088e+02,1.380579e+02,-2.154730e-02,3.387099e-02
12.35900,1.474939e+02,1.389102e+02,-2.130899e-02,3.311109e-02
12.36000,1.467311e+02,1.399587e+02,-2.106510e-02,3.234490e-02
12.36100,1.460940e+02,1.412001e+02,-2.081568e-02,3.157237e-02
12.36200,1.455146e+02,1.422302e+02,-2.056078e-02,3.079346e-02
12.36300,1.448085e+02,1.427837e+02,-2.030046e-02,3.000812e-02
12.36400,1.439616e+02,1.430546e+02,-2.003483e-02,2.921632e-02
12.36500,1.431093e+02,1.432811e+02,-1.976397e-02,2.841802e-02
12.36600,1.423850e+02,1.435794e+02,-1.948800e-02,2.761321e-02
12.36700,1.418075e+02,1.441052e+02,-1.920705e-02,2.680187e-02
12.36800,1.413161e+02,1.448468e+02,-1.892127e-02,2.598397e-02
12.36900,1.408926e+02,1.455182e+02,-1.863082e-02,2.515953e-02
12.37000,1.404871e+02,1.459563e+02,-1.833586e-02,2.432855e-02
12.37100,1.400394e+02,1.462781e+02,-1.803660e-02,2.349104e-02
12.37200,1.396104e+02,1.465371e+02,-1.773323e-02,2.264701e-02
12.37300,1.392389e+02,1.466252e+02,-1.742595e-02,2.179651e-02
12.37400,1.388755e+02,1.465861e+02,-1.711500e-02,2.093956e-02
12.37500,1.385147e+02,1.466510e+02,-1.680063e-02,2.007620e-02
12.37600,1.381915e+02,1.469566e+02,-1.648307e-02,1.920648e-02
12.37700,1.379313e+02,1.475027e+02,-1.616260e-02,1.833047e-02
12.37800,1.377196e+02,1.482109e+02,-1.583949e-02,1.744823e-02
12.37900,1.375318e+02,1.488387e+02,-1.551402e-02,1.655984e-02
12.38000,1.374086e+02,1.491171e+02,-1.518648e-02,1.566538e-02
12.38100,1.373658e+02,1.490738e+02,-1.485717e-02,1.476496e-02
12.38200,1.373833e+02,1.489993e+02,-1.452640e-02,1.385866e-02
12.38300,1.375046e+02,1.491016e+02,-1.419449e-02,1.294659e-02
12.38400,1.376911e+02,1.493629e+02,-1.386174e-02,1.202890e-02
12.38500,1.377930e+02,1.497116e+02,-1.352849e-02,1.110569e-02
12.38600,1.377844e+02,1.501440e+02,-1.319508e-02,1.017709e-02
12.38700,1.377601e+02,1.506767e+02,-1.286182e-02,9.243271e-03
12.38800,1.377942e+02,1.513468e+02,-1.252905e-02,8.304373e-03
12.38900,1.379434e+02,1.521953e+02,-1.219710e-02,7.360556e-03
12.39000,1.382385e+02,1.531251e+02,-1.186630e-02,6.411987e-03
12.39100,1.386219e+02,1.539192e+02,-1.153698e-02,5.458846e-03
12.39200,1.389896e+02,1.545108e+02,-1.120947e-02,4.501318e-03
12.39300,1.393285e+02,1.550766e+02,-1.088409e-02,3.539590e-03
12.39400,1.396885e+02,1.557977e+02,-1.056117e-02,2.573865e-03
12.39500,1.400429e+02,1.567033e+02,-1.024102e-02,1.604352e-03
12.39600,1.403735e+02,1.577789e+02,-9.923946e-03,6.312661e-04
12.39700,1.407492e+02,1.590485e+02,-9.610264e-03,-3.451796e-04
12.39800,1.412095e+02,1.605120e+02,-9.300263e-03,-1.324757e-03
12.39900,1.417588e+02,1.621056e+02,-8.994224e-03,-2.307231e-03
12.40000,1.423901e+02,1.637183e+02,-8.692436e-03,-3.292371e-03
12.40100,1.430314e+02,1.652188e+02,-8.395175e-03,-4.279933e-03
12.40200,1.436035e+02,1.665136e+02,-8.102688e-03,-5.269669e-03
12.40300,1.441076e+02,1.676285e+02,-7.815225e-03,-6.261339e-03
12.40400,1.446300e+02,1.687792e+02,-7.533038e-03,-7.254697e-03
12.40500,1.452664e+02,1.702735e+02,-7.256351e-03,-8.249493e-03
12.40600,1.460218e+02,1.722151e+02,-6.985377e-03,-9.245476e-03
12.40700,1.468451e+02,1.743989e+02,-6.720328e-03,-1.024240e-02
12.40800,1.476915e+02,1.765813e+02,-6.461410e-03,-1.124002e-02
12.40900,1.485222e+02,1.786737e+02,-6.208808e-03,-1.223808e-02
12.41000,1.493412e+02,1.806235e+02,-5.962684e-03,-1.323635e-02
12.41100,1.501742e+02,1.823793e+02,-5.723211e-03,-1.423458e-02
12.41200,1.510354e+02,1.840178e+02,-5.490558e-03,-1.523255e-02
12.41300,1.519342e+02,1.856461e+02,-5.264862e-03,-1.623001e-02
12.41400,1.528363e+02,1.872450e+02,-5.046256e-03,-1.722675e-02
12.41500,1.537448e+02,1.888363e+02,-4.834878e-03,-1.822255e-02
12.41600,1.547352e+02,1.905736e+02,-4.630842e-03,-1.921720e-02
12.41700,1.557745e+02,1.924647e+02,-4.434253e-03,-2.021048e-02
12.41800,1.567887e+02,1.943210e+02,-4.245218e-03,-2.120219e-02
12.41900,1.578315e+02,1.960721e+02,-4.063846e-03,-2.219214e-02
12.42000,1.589377e+02,1.977850e+02,-3.890225e-03,-2.318014e-02
12.42100,1.600762e+02,1.994380e+02,-3.724424e-03,-2.416601e-02
12.42200,1.612557e+02,2.009934e+02,-3.566527e-03,-2.514958e-02
12.42300,1.624632e+02,2.025347e+02,-3.416618e-03,-2.613066e-02
12.42400,1.636292e+02,2.040838e+02,-3.274750e-03,-2.710909e-02
12.42500,1.647249e+02,2.055401e+02,-3.140978e-03,-2.808471e-02
12.42600,1.658335e+02,2.069471e+02,-3.015373e-03,-2.905737e-02
12.42700,1.670645e+02,2.084455e+02,-2.897986e-03,-3.002692e-02
12.42800,1.683988e+02,2.099431e+02,-2.788854e-03,-3.099320e-02
12.42900,1.697704e+02,2.112226e+02,-2.688028e-03,-3.195607e-02
12.43000,1.711730e+02,2.122427e+02,-2.595559e-03,-3.291539e-02
12.43100,1.725628e+02,2.130250e+02,-2.511475e-03,-3.387101e-02
12.43200,1.739026e+02,2.135403e+02,-2.435799e-03,-3.482279e-02
12.43300,1.752440e+02,2.139186e+02,-2.368564e-03,-3.577058e-02
12.43400,1.766196e+02,2.144312e+02,-2.309807e-03,-3.671424e-02
12.43500,1.780316e+02,2.151748e+02,-2.259546e-03,-3.765363e-02
12.43600,1.794937e+02,2.160458e+02,-2.217797e-03,-3.858859e-02
12.43700,1.810026e+02,2.169568e+02,-2.184587e-03,-3.951897e-02
12.43800,1.825569e+02,2.178012e+02,-2.159928e-03,-4.044461e-02
12.43900,1.841277e+02,2.183478e+02,-2.143824e-03,-4.136537e-02
12.44000,1.856595e+02,2.184776e+02,-2.136288e-03,-4.228107e-02
12.44100,1.871809e+02,2.183540e+02,-2.137337e-03,-4.319154e-02
12.44200,1.887679e+02,2.181819e+02,-2.146974e-03,-4.409661e-02
12.44300,1.904371e+02,2.180421e+02,-2.165190e-03,-4.499611e-02
12.44400,1.921792e+02,2.180086e+02,-2.191982e-03,-4.588985e-02
12.44500,1.939950e+02,2.181308e+02,-2.227360e-03,-4.677764e-02
12.44600,1.958521e+02,2.183031e+02,-2.271315e-03,-4.765929e-02
12.44700,1.976871e+02,2.183834e+02,-2.323836e-03,-4.853459e-02
12.44800,1.994981e+02,2.183621e+02,-2.384925e-03,-4.940334e-02
12.44900,2.013415e+02,2.182447e+02,-2.454575e-03,-5.026532e-02
12.45000,2.032061e+02,2.179475e+02,-2.532761e-03,-5.112031e-02
12.45100,2.050528e+02,2.174657e+02,-2.619467e-03,-5.196809e-02
12.45200,2.069265e+02,2.169423e+02,-2.714689e-03,-5.280841e-02
12.45300,2.088687e+02,2.164773e+02,-2.818408e-03,-5.364105e-02
12.45400,2.108583e+02,2.160893e+02,-2.930596e-03,-5.446575e-02
12.45500,2.128825e+02,2.158384e+02,-3.051231e-03,-5.528227e-02
12.45600,2.149390e+02,2.157584e+02,-3.180296e-03,-5.609033e-02
12.45700,2.170113e+02,2.157895e+02,-3.317751e-03,-5.688968e-02
12.45800,2.190947e+02,2.158925e+02,-3.463555e-03,-5.768004e-02
12.45900,2.212133e+02,2.160367e+02,-3.617679e-03,-5.846115e-02
12.46000,2.233862e+02,2.160900e+02,-3.780081e-03,-5.923272e-02
12.46100,2.255781e+02,2.159139e+02,-3.950704e-03,-5.999447e-02
12.46200,2.277403e+02,2.155263e+02,-4.129495e-03,-6.074612e-02
12.46300,2.298783e+02,2.151090e+02,-4.316398e-03,-6.148737e-02
12.46400,2.320366e+02,2.149221e+02,-4.511340e-03,-6.221793e-02
12.46500,2.342438e+02,2.151429e+02,-4.714238e-03,-6.293751e-02
12.46600,2.364645e+02,2.157090e+02,-4.925006e-03,-6.364581e-02
12.46700,2.386571e+02,2.163862e+02,-5.143554e-03,-6.434254e-02
12.46800,2.408406e+02,2.169829e+02,-5.369774e-03,-6.502741e-02
12.46900,2.430030e+02,2.174290e+02,-5.603544e-03,-6.570012e-02
12.47000,2.451197e+02,2.177460e+02,-5.844747e-03,-6.636039e-02
12.47100,2.472695e+02,2.180701e+02,-6.093249e-03,-6.700792e-02
12.47200,2.494841e+02,2.185747e+02,-6.348892e-03,-6.764245e-02
12.47300,2.516766e+02,2.192832e+02,-6.611513e-03,-6.826369e-02
12.47400,2.538494e+02,2.201470e+02,-6.880946e-03,-6.887138e-02
12.47500,2.560718e+02,2.212137e+02,-7.157009e-03,-6.946525e-02
12.47600,2.582911e+02,2.224418e+02,-7.439504e-03,-7.004507e-02
12.47700,2.603861e+02,2.235841e+02,-7.728227e-03,-7.061058e-02
12.47800,2.623333e+02,2.244864e+02,-8.022966e-03,-7.116156e-02
12.47900,2.642026e+02,2.252391e+02,-8.323491e-03,-7.169779e-02
12.48000,2.660374e+02,2.259740e+02,-8.629556e-03,-7.221906e-02
12.48100,2.678696e+02,2.267817e+02,-8.940920e-03,-7.272517e-02
12.48200,2.697540e+02,2.277694e+02,-9.257333e-03,-7.321594e-02
12.48300,2.716145e+02,2.289449e+02,-9.578521e-03,-7.369118e-02
12.48400,2.732877e+02,2.301211e+02,-9.904207e-03,-7.415076e-02
12.48500,2.747825e+02,2.311647e+02,-1.023412e-02,-7.459451e-02
12.48600,2.762217e+02,2.321974e+02,-1.056796e-02,-7.502231e-02
12.48700,2.776385e+02,2.333221e+02,-1.090543e-02,-7.543405e-02
12.48800,2.789947e+02,2.344188e+02,-1.124624e-02,-7.582961e-02
12.48900,2.802549e+02,2.353659e+02,-1.159008e-02,-7.620890e-02
12.49000,2.814014e+02,2.361187e+02,-1.193664e-02,-7.657183e-02
12.49100,2.824048e+02,2.365943e+02,-1.228560e-02,-7.691834e-02
12.49200,2.832557e+02,2.368084e+02,-1.263665e-02,-7.724838e-02
12.49300,2.840459e+02,2.369672e+02,-1.298946e-02,-7.756190e-02
12.49400,2.848332e+02,2.372150e+02,-1.334370e-02,-7.785887e-02
12.49500,2.855296e+02,2.374875e+02,-1.369906e-02,-7.813927e-02
12.49600,2.860983e+02,2.376927e+02,-1.405519e-02,-7.840309e-02
12.49700,2.865902e+02,2.377882e+02,-1.441178e-02,-7.865032e-02
12.49800,2.869525e+02,2.376168e+02,-1.476850e-02,-7.888099e-02
12.49900,2.870881e+02,2.369556e+02,-1.512500e-02,-7.909511e-02
12.50000,2.870222e+02,2.357794e+02,-1.548097e-02,-7.929272e-02
12.50100,2.868341e+02,2.342492e+02,-1.583607e-02,-7.947387e-02
12.50200,2.865521e+02,2.325691e+02,-1.618997e-02,-7.963861e-02
12.50300,2.862273e+02,2.309967e+02,-1.654235e-02,-7.978700e-02
12.50400,2.859333e+02,2.296928e+02,-1.689288e-02,-7.991912e-02
12.50500,2.855808e+02,2.284834e+02,-1.724125e-02,-8.003504e-02
12.50600,2.849920e+02,2.270031e+02,-1.758712e-02,-8.013488e-02
12.50700,2.841955e+02,2.250114e+02,-1.793020e-02,-8.021873e-02
12.50800,2.833429e+02,2.224679e+02,-1.827017e-02,-8.028671e-02
12.50900,2.824603e+02,2.194700e+02,-1.860671e-02,-8.033894e-02
12.51000,2.815112e+02,2.161930e+02,-1.893954e-02,-8.037556e-02
12.51100,2.804779e+02,2.127911e+02,-1.926837e-02,-8.039671e-02
12.51200,2.793047e+02,2.093074e+02,-1.959290e-02,-8.040255e-02
12.51300,2.779626e+02,2.057060e+02,-1.991287e-02,-8.039323e-02
12.51400,2.765343e+02,2.019625e+02,-2.022799e-02,-8.036894e-02
12.51500,2.750931e+02,1.980423e+02,-2.053802e-02,-8.032984e-02
12.51600,2.735796e+02,1.938622e+02,-2.084269e-02,-8.027614e-02
12.51700,2.719252e+02,1.894011e+02,-2.114178e-02,-8.020802e-02
12.51800,2.701863e+02,1.847591e+02,-2.143505e-02,-8.012569e-02
12.51900,2.684586e+02,1.800335e+02,-2.172229e-02,-8.002935e-02
12.52000,2.667796e+02,1.752413e+02,-2.200330e-02,-7.991921e-02
12.52100,2.651296e+02,1.703481e+02,-2.227788e-02,-7.979551e-02
12.52200,2.634437e+02,1.652788e+02,-2.254587e-02,-7.965847e-02
12.52300,2.616624e+02,1.599822e+02,-2.280709e-02,-7.950832e-02
12.52400,2.597899e+02,1.545542e+02,-2.306139e-02,-7.934530e-02
12.52500,2.579046e+02,1.491785e+02,-2.330866e-02,-7.916963e-02
12.52600,2.560917e+02,1.439299e+02,-2.354876e-02,-7.898156e-02
12.52700,2.543125e+02,1.387204e+02,-2.378160e-02,-7.878132e-02
12.52800,2.524428e+02,1.333761e+02,-2.400708e-02,-7.856917e-02
12.52900,2.504610e+02,1.277455e+02,-2.422513e-02,-7.834534e-02
12.53000,2.484534e+02,1.218365e+02,-2.443570e-02,-7.811007e-02
12.53100,2.465047e+02,1.158450e+02,-2.463874e-02,-7.786361e-02
12.53200,2.446637e+02,1.099855e+02,-2.483421e-02,-7.760619e-02
12.53300,2.429193e+02,1.043666e+02,-2.502212e-02,-7.733806e-02
12.53400,2.412047e+02,9.904532e+01,-2.520245e-02,-7.705944e-02
12.53500,2.394630e+02,9.401075e+01,-2.537521e-02,-7.677058e-02
12.53600,2.377075e+02,8.906948e+01,-2.554043e-02,-7.647170e-02
12.53700,2.359825e+02,8.397346e+01,-2.569815e-02,-7.616302e-02
12.53800,2.342460e+02,7.865156e+01,-2.584842e-02,-7.584479e-02
12.53900,2.324396e+02,7.314275e+01,-2.599130e-02,-7.551722e-02
12.54000,2.306482e+02,6.753721e+01,-2.612686e-02,-7.518053e-02
12.54100,2.290110e+02,6.212386e+01,-2.625519e-02,-7.483494e-02
12.54200,2.275949e+02,5.720868e+01,-2.637637e-02,-7.448065e-02
12.54300,2.263723e+02,5.273234e+01,-2.649050e-02,-7.411788e-02
12.54400,2.251712e+02,4.838027e+01,-2.659769e-02,-7.374683e-02
12.54500,2.238030e+02,4.394043e+01,-2.669806e-02,-7.336770e-02
12.54600,2.222738e+02,3.935069e+01,-2.679171e-02,-7.298070e-02
12.54700,2.207271e+02,3.462286e+01,-2.687879e-02,-7.258601e-02
12.54800,2.192991e+02,2.989542e+01,-2.695943e-02,-7.218383e-02
12.54900,2.180381e+02,2.538383e+01,-2.703375e-02,-7.177434e-02
12.55000,2.168650e+02,2.115397e+01,-2.710189e-02,-7.135773e-02
12.55100,2.156810e+02,1.711129e+01,-2.716400e-02,-7.093418e-02
12.55200,2.144871e+02,1.322925e+01,-2.722022e-02,-7.050386e-02
12.55300,2.133629e+02,9.527178e+00,-2.727070e-02,-7.006694e-02
12.55400,2.123594e+02,5.911167e+00,-2.731557e-02,-6.962359e-02
12.55500,2.114183e+02,2.313276e+00,-2.735498e-02,-6.917398e-02
12.55600,2.104574e+02,-1.191138e+00,-2.738908e-02,-6.871825e-02
12.55700,2.094728e+02,-4.549635e+00,-2.741801e-02,-6.825657e-02
12.55800,2.084890e+02,-7.808122e+00,-2.744191e-02,-6.778908e-02
12.55900,2.075428e+02,-1.102990e+01,-2.746092e-02,-6.731591e-02
12.56000,2.066560e+02,-1.430365e+01,-2.747518e-02,-6.683721e-02
12.56100,2.057476e+02,-1.773689e+01,-2.748481e-02,-6.635312e-02
12.56200,2.047383e+02,-2.126783e+01,-2.748994e-02,-6.586375e-02
12.56300,2.036919e+02,-2.458296e+01,-2.749071e-02,-6.536923e-02
12.56400,2.027361e+02,-2.743659e+01,-2.748722e-02,-6.486967e-02
12.56500,2.019285e+02,-2.992586e+01,-2.747960e-02,-6.436518e-02
12.56600,2.011962e+02,-3.230485e+01,-2.746794e-02,-6.385585e-02
12.56700,2.003996e+02,-3.478800e+01,-2.745236e-02,-6.334178e-02
12.56800,1.994916e+02,-3.755926e+01,-2.743294e-02,-6.282305e-02
12.56900,1.985494e+02,-4.063022e+01,-2.740978e-02,-6.229975e-02
12.57000,1.976821e+02,-4.374271e+01,-2.738296e-02,-6.177193e-02
12.57100,1.969504e+02,-4.662425e+01,-2.735255e-02,-6.123968e-02
12.57200,1.962985e+02,-4.920224e+01,-2.731861e-02,-6.070304e-02
12.57300,1.955726e+02,-5.150897e+01,-2.728121e-02,-6.016208e-02
12.57400,1.946825e+02,-5.359019e+01,-2.724041e-02,-5.961683e-02
12.57500,1.937043e+02,-5.559729e+01,-2.719623e-02,-5.906732e-02
12.57600,1.927383e+02,-5.778918e+01,-2.714873e-02,-5.851360e-02
12.57700,1.917587e+02,-6.031560e+01,-2.709792e-02,-5.795569e-02
12.57800,1.907325e+02,-6.308931e+01,-2.704383e-02,-5.739360e-02
12.57900,1.897249e+02,-6.586307e+01,-2.698646e-02,-5.682736e-02
12.58000,1.887863e+02,-6.836300e+01,-2.692582e-02,-5.625697e-02
12.58100,1.879147e+02,-7.047505e+01,-2.686189e-02,-5.568243e-02
12.58200,1.870993e+02,-7.235392e+01,-2.679468e-02,-5.510375e-02
12.58300,1.862546e+02,-7.428206e+01,-2.672414e-02,-5.452091e-02
12.58400,1.852242e+02,-7.645562e+01,-2.665025e-02,-5.393391e-02
12.58500,1.839708e+02,-7.886857e+01,-2.657298e-02,-5.334273e-02
12.58600,1.826712e+02,-8.131280e+01,-2.649228e-02,-5.274735e-02
12.58700,1.815097e+02,-8.356107e+01,-2.640809e-02,-5.214775e-02
12.58800,1.804752e+02,-8.560329e+01,-2.632035e-02,-5.154390e-02
12.58900,1.794665e+02,-8.761694e+01,-2.622901e-02,-5.093578e-02
12.59000,1.784073e+02,-8.970616e+01,-2.613397e-02,-5.032333e-02
12.59100,1.772428e+02,-9.182403e+01,-2.603515e-02,-4.970654e-02
12.59200,1.760244e+02,-9.394142e+01,-2.593248e-02,-4.908536e-02
12.59300,1.748832e+02,-9.606626e+01,-2.582587e-02,-4.845973e-02
12.59400,1.738367e+02,-9.813725e+01,-2.571520e-02,-4.782961e-02
12.59500,1.727706e+02,-1.001124e+02,-2.560039e-02,-4.719495e-02
12.59600,1.715877e+02,-1.020411e+02,-2.548135e-02,-4.655568e-02
12.59700,1.703305e+02,-1.039505e+02,-2.535795e-02,-4.591176e-02
12.59800,1.691183e+02,-1.058635e+02,-2.523010e-02,-4.526311e-02
12.59900,1.679584e+02,-1.079004e+02,-2.509768e-02,-4.460968e-02
12.60000,1.667931e+02,-1.101303e+02,-2.496059e-02,-4.395139e-02
12.60100,1.656295e+02,-1.123595e+02,-2.481871e-02,-4.328816e-02
12.60200,1.644684e+02,-1.142572e+02,-2.467193e-02,-4.261994e-02
12.60300,1.633360e+02,-1.156657e+02,-2.452015e-02,-4.194664e-02
12.60400,1.623250e+02,-1.166940e+02,-2.436328e-02,-4.126817e-02
12.60500,1.614042e+02,-1.176375e+02,-2.420120e-02,-4.058446e-02
12.60600,1.603963e+02,-1.188644e+02,-2.403382e-02,-3.989542e-02
12.60700,1.592137e+02,-1.205580e+02,-2.386105e-02,-3.920097e-02
12.60800,1.579660e+02,-1.225242e+02,-2.368280e-02,-3.850102e-02
12.60900,1.568157e+02,-1.244074e+02,-2.349899e-02,-3.779548e-02
12.61000,1.558020e+02,-1.260151e+02,-2.330955e-02,-3.708425e-02
12.61100,1.548853e+02,-1.273357e+02,-2.311442e-02,-3.636726e-02
12.61200,1.540172e+02,-1.284246e+02,-2.291353e-02,-3.564441e-02
12.61300,1.530848e+02,-1.294140e+02,-2.270684e-02,-3.491561e-02
12.61400,1.520552e+02,-1.304831e+02,-2.249433e-02,-3.418079e-02
12.61500,1.510817e+02,-1.316962e+02,-2.227596e-02,-3.343984e-02
12.61600,1.502393e+02,-1.329880e+02,-2.205173e-02,-3.269270e-02
12.61700,1.494361e+02,-1.343014e+02,-2.182163e-02,-3.193929e-02
12.61800,1.486235e+02,-1.355343e+02,-2.158569e-02,-3.117952e-02
12.61900,1.478362e+02,-1.364702e+02,-2.134393e-02,-3.041333e-02
12.62000,1.471027e+02,-1.370286e+02,-2.109639e-02,-2.964065e-02
12.62100,1.464187e+02,-1.374192e+02,-2.084314e-02,-2.886143e-02
12.62200,1.457593e+02,-1.378803e+02,-2.058426e-02,-2.807560e-02
12.62300,1.450935e+02,-1.384668e+02,-2.031982e-02,-2.728312e-02
12.62400,1.443864e+02,-1.391178e+02,-2.004994e-02,-2.648396e-02
12.62500,1.436777e+02,-1.397134e+02,-1.977472e-02,-2.567806e-02
12.62600,1.431054e+02,-1.401186e+02,-1.949433e-02,-2.486541e-02
12.62700,1.427162e+02,-1.403683e+02,-1.920889e-02,-2.404597e-02
12.62800,1.423899e+02,-1.406936e+02,-1.891859e-02,-2.321974e-02
12.62900,1.420067e+02,-1.412280e+02,-1.862360e-02,-2.238671e-02
12.63000,1.415584e+02,-1.418690e+02,-1.832413e-02,-2.154688e-02
12.63100,1.411121e+02,-1.424563e+02,-1.802037e-02,-2.070028e-02
12.63200,1.407377e+02,-1.428614e+02,-1.771257e-02,-1.984691e-02
12.63300,1.404725e+02,-1.429897e+02,-1.740097e-02,-1.898680e-02
12.63400,1.402863e+02,-1.428789e+02,-1.708581e-02,-1.812000e-02
12.63500,1.400591e+02,-1.426850e+02,-1.676736e-02,-1.724655e-02
12.63600,1.397306e+02,-1.425392e+02,-1.644589e-02,-1.636651e-02
12.63700,1.394144e+02,-1.425301e+02,-1.612170e-02,-1.547994e-02
12.63800,1.392166e+02,-1.427324e+02,-1.579509e-02,-1.458693e-02
12.63900,1.391126e+02,-1.431195e+02,-1.546636e-02,-1.368755e-02
12.64000,1.390667e+02,-1.435024e+02,-1.513583e-02,-1.278191e-02
12.64100,1.390855e+02,-1.436593e+02,-1.480383e-02,-1.187012e-02
12.64200,1.391569e+02,-1.435384e+02,-1.447067e-02,-1.095228e-02
12.64300,1.392551e+02,-1.433167e+02,-1.413670e-02,-1.002854e-02
12.64400,1.393794e+02,-1.432937e+02,-1.380226e-02,-9.099012e-03
12.64500,1.394971e+02,-1.436980e+02,-1.346769e-02,-8.163860e-03
12.64600,1.395206e+02,-1.445178e+02,-1.313332e-02,-7.223235e-03
12.64700,1.394711e+02,-1.455223e+02,-1.279951e-02,-6.277296e-03
12.64800,1.395040e+02,-1.464247e+02,-1.246661e-02,-5.326221e-03
12.64900,1.396978e+02,-1.470350e+02,-1.213495e-02,-4.370194e-03
12.65000,1.400158e+02,-1.473727e+02,-1.180487e-02,-3.409407e-03
12.65100,1.403900e+02,-1.476508e+02,-1.147672e-02,-2.444055e-03
12.65200,1.407309e+02,-1.480864e+02,-1.115082e-02,-1.474351e-03
12.65300,1.410051e+02,-1.487673e+02,-1.082750e-02,-5.005130e-04
12.65400,1.412817e+02,-1.497043e+02,-1.050709e-02,4.772366e-04
12.65500,1.416402e+02,-1.508827e+02,-1.018991e-02,1.458668e-03
12.65600,1.420926e+02,-1.521949e+02,-9.876247e-03,2.443541e-03
12.65700,1.425755e+02,-1.534612e+02,-9.566412e-03,3.431611e-03
12.65800,1.430389e+02,-1.546369e+02,-9.260700e-03,4.422635e-03
12.65900,1.435090e+02,-1.558671e+02,-8.959389e-03,5.416356e-03
12.66000,1.440143e+02,-1.572692e+02,-8.662745e-03,6.412518e-03
12.66100,1.445620e+02,-1.588375e+02,-8.371032e-03,7.410864e-03
12.66200,1.451559e+02,-1.605273e+02,-8.084500e-03,8.411136e-03
12.66300,1.457647e+02,-1.622270e+02,-7.803383e-03,9.413072e-03
12.66400,1.463742e+02,-1.637592e+02,-7.527899e-03,1.041641e-02
12.66500,1.470274e+02,-1.651164e+02,-7.258265e-03,1.142091e-02
12.66600,1.477682e+02,-1.665560e+02,-6.994687e-03,1.242630e-02
12.66700,1.485948e+02,-1.682983e+02,-6.737353e-03,1.343234e-02
12.66800,1.494393e+02,-1.703005e+02,-6.486442e-03,1.443878e-02
12.66900,1.502546e+02,-1.724145e+02,-6.242131e-03,1.544538e-02
12.67000,1.510897e+02,-1.745045e+02,-6.004579e-03,1.645191e-02
12.67100,1.519745e+02,-1.763874e+02,-5.773928e-03,1.745812e-02
12.67200,1.528938e+02,-1.779715e+02,-5.550317e-03,1.846380e-02
12.67300,1.538611e+02,-1.794156e+02,-5.333883e-03,1.946873e-02
12.67400,1.548442e+02,-1.809397e+02,-5.124747e-03,2.047271e-02
12.67500,1.557851e+02,-1.826498e+02,-4.923018e-03,2.147553e-02
12.67600,1.567339e+02,-1.846358e+02,-4.728806e-03,2.247699e-02
12.67700,1.577776e+02,-1.869258e+02,-4.542217e-03,2.347691e-02
12.67800,1.589100e+02,-1.892830e+02,-4.363335e-03,2.447512e-02
12.67900,1.600674e+02,-1.913488e+02,-4.192246e-03,2.547143e-02
12.68000,1.612171e+02,-1.930077e+02,-4.029039e-03,2.646569e-02
12.68100,1.623615e+02,-1.944055e+02,-3.873792e-03,2.745774e-02
12.68200,1.634984e+02,-1.957453e+02,-3.726568e-03,2.844742e-02
12.68300,1.646518e+02,-1.972457e+02,-3.587438e-03,2.943459e-02
12.68400,1.658634e+02,-1.990414e+02,-3.456469e-03,3.041911e-02
12.68500,1.671085e+02,-2.009630e+02,-3.333715e-03,3.140083e-02
12.68600,1.683524e+02,-2.026728e+02,-3.219224e-03,3.237964e-02
12.68700,1.696314e+02,-2.040440e+02,-3.113056e-03,3.335538e-02
12.68800,1.709730e+02,-2.051732e+02,-3.015264e-03,3.432794e-02
12.68900,1.723525e+02,-2.061534e+02,-2.925888e-03,3.529717e-02
12.69000,1.737458e+02,-2.070615e+02,-2.844969e-03,3.626294e-02
12.69100,1.751483e+02,-2.080160e+02,-2.772549e-03,3.722511e-02
12.69200,1.765717e+02,-2.090758e+02,-2.708663e-03,3.818356e-02
12.69300,1.780346e+02,-2.101807e+02,-2.653333e-03,3.913812e-02
12.69400,1.795560e+02,-2.112409e+02,-2.606592e-03,4.008867e-02
12.69500,1.811500e+02,-2.121731e+02,-2.568472e-03,4.103504e-02
12.69600,1.827975e+02,-2.128889e+02,-2.538993e-03,4.197708e-02
12.69700,1.844534e+02,-2.133978e+02,-2.518169e-03,4.291463e-02
12.69800,1.860987e+02,-2.138633e+02,-2.506019e-03,4.384751e-02
12.69900,1.877578e+02,-2.144317e+02,-2.502558e-03,4.477554e-02
12.70000,1.894496e+02,-2.150545e+02,-2.507793e-03,4.569855e-02
12.70100,1.911531e+02,-2.155216e+02,-2.521725e-03,4.661633e-02
12.70200,1.928660e+02,-2.156364e+02,-2.544365e-03,4.752869e-02
12.70300,1.946231e+02,-2.153965e+02,-2.575712e-03,4.843541e-02
12.70400,1.964262e+02,-2.150415e+02,-2.615756e-03,4.933628e-02
12.70500,1.982696e+02,-2.148698e+02,-2.664491e-03,5.023107e-02
12.70600,2.001757e+02,-2.149862e+02,-2.721914e-03,5.111955e-02
12.70700,2.021242e+02,-2.152440e+02,-2.788010e-03,5.200148e-02
12.70800,2.040631e+02,-2.154023e+02,-2.862759e-03,5.287660e-02
12.70900,2.059843e+02,-2.153039e+02,-2.946148e-03,5.374465e-02
12.71000,2.079164e+02,-2.149363e+02,-3.038160e-03,5.460537e-02
12.71100,2.098875e+02,-2.144114e+02,-3.138765e-03,5.545849e-02
12.71200,2.119091e+02,-2.138897e+02,-3.247932e-03,5.630372e-02
12.71300,2.139930e+02,-2.134868e+02,-3.365635e-03,5.714077e-02
12.71400,2.161604e+02,-2.132752e+02,-3.491838e-03,5.796935e-02
12.71500,2.183949e+02,-2.133152e+02,-3.626494e-03,5.878916e-02
12.71600,2.206454e+02,-2.135493e+02,-3.769559e-03,5.959988e-02
12.71700,2.228734e+02,-2.137317e+02,-3.920993e-03,6.040121e-02
12.71800,2.250585e+02,-2.136072e+02,-4.080735e-03,6.119284e-02
12.71900,2.272052e+02,-2.131212e+02,-4.248721e-03,6.197444e-02
12.72000,2.293369e+02,-2.124573e+02,-4.424884e-03,6.274571e-02
12.72100,2.314958e+02,-2.119466e+02,-4.609157e-03,6.350631e-02
12.72200,2.337448e+02,-2.118441e+02,-4.801456e-03,6.425592e-02
12.72300,2.360761e+02,-2.121052e+02,-5.001690e-03,6.499423e-02
12.72400,2.384149e+02,-2.124594e+02,-5.209766e-03,6.572091e-02
12.72500,2.407475e+02,-2.127178e+02,-5.425579e-03,6.643566e-02
12.72600,2.430683e+02,-2.129165e+02,-5.649006e-03,6.713814e-02
12.72700,2.453212e+02,-2.131990e+02,-5.879921e-03,6.782807e-02
12.72800,2.475296e+02,-2.136888e+02,-6.118195e-03,6.850512e-02
12.72900,2.497782e+02,-2.144142e+02,-6.363685e-03,6.916899e-02
12.73000,2.520722e+02,-2.152513e+02,-6.616230e-03,6.981940e-02
12.73100,2.543737e+02,-2.160573e+02,-6.875666e-03,7.045605e-02
12.73200,2.566768e+02,-2.168533e+02,-7.141815e-03,7.107868e-02
12.73300,2.589600e+02,-2.177005e+02,-7.414488e-03,7.168701e-02
12.73400,2.611548e+02,-2.185320e+02,-7.693482e-03,7.228081e-02
12.73500,2.632433e+02,-2.193015e+02,-7.978593e-03,7.285981e-02
12.73600,2.653025e+02,-2.201108e+02,-8.269606e-03,7.342381e-02
12.73700,2.673652e+02,-2.210716e+02,-8.566289e-03,7.397257e-02
12.73800,2.693762e+02,-2.221980e+02,-8.868404e-03,7.450590e-02
12.73900,2.713209e+02,-2.234250e+02,-9.175710e-03,7.502361e-02
12.74000,2.732102e+02,-2.246015e+02,-9.487951e-03,7.552552e-02
12.74100,2.750095e+02,-2.255553e+02,-9.804862e-03,7.601148e-02
12.74200,2.767197e+02,-2.263237e+02,-1.012618e-02,7.648134e-02
12.74300,2.784082e+02,-2.272224e+02,-1.045163e-02,7.693497e-02
12.74400,2.801084e+02,-2.285036e+02,-1.078093e-02,7.737225e-02
12.74500,2.817745e+02,-2.300678e+02,-1.111380e-02,7.779308e-02
12.74600,2.833407e+02,-2.316211e+02,-1.144994e-02,7.819738e-02
12.74700,2.847784e+02,-2.329210e+02,-1.178905e-02,7.858506e-02
12.74800,2.860575e+02,-2.338389e+02,-1.213085e-02,7.895606e-02
12.74900,2.871333e+02,-2.344151e+02,-1.247502e-02,7.931033e-02
12.75000,2.880456e+02,-2.348452e+02,-1.282128e-02,7.964784e-02
12.75100,2.889036e+02,-2.352736e+02,-1.316931e-02,7.996854e-02
12.75200,2.897412e+02,-2.356837e+02,-1.351880e-02,8.027244e-02
12.75300,2.905214e+02,-2.360320e+02,-1.386943e-02,8.055952e-02
12.75400,2.912306e+02,-2.363302e+02,-1.422091e-02,8.082979e-02
12.75500,2.918315e+02,-2.365236e+02,-1.457291e-02,8.108326e-02
12.75600,2.922304e+02,-2.364401e+02,-1.492513e-02,8.131997e-02
12.75700,2.924104e+02,-2.359564e+02,-1.527725e-02,8.153995e-02
12.75800,2.924719e+02,-2.351205e+02,-1.562897e-02,8.174323e-02
12.75900,2.924717e+02,-2.340941e+02,-1.597997e-02,8.192989e-02
12.76000,2.923854e+02,-2.330485e+02,-1.632994e-02,8.209998e-02
12.76100,2.922207e+02,-2.320298e+02,-1.667857e-02,8.225357e-02
12.76200,2.919867e+02,-2.308683e+02,-1.702555e-02,8.239075e-02
12.76300,2.916246e+02,-2.293267e+02,-1.737057e-02,8.251159e-02
12.76400,2.911002e+02,-2.273305e+02,-1.771332e-02,8.261620e-02
12.76500,2.904539e+02,-2.249888e+02,-1.805350e-02,8.270469e-02
12.76600,2.897040e+02,-2.224635e+02,-1.839080e-02,8.277717e-02
12.76700,2.888288e+02,-2.198286e+02,-1.872494e-02,8.283378e-02
12.76800,2.878566e+02,-2.169954e+02,-1.905562e-02,8.287463e-02
12.76900,2.868359e+02,-2.138197e+02,-1.938254e-02,8.289986e-02
12.77000,2.857315e+02,-2.102775e+02,-1.970542e-02,8.290964e-02
12.77100,2.844789e+02,-2.064635e+02,-2.002398e-02,8.290412e-02
12.77200,2.830767e+02,-2.024655e+02,-2.033795e-02,8.288345e-02
12.77300,2.815549e+02,-1.983207e+02,-2.064707e-02,8.284783e-02
12.77400,2.799567e+02,-1.940561e+02,-2.095107e-02,8.279743e-02
12.77500,2.783399e+02,-1.897012e+02,-2.124972e-02,8.273245e-02
12.77600,2.767262e+02,-1.852527e+02,-2.154276e-02,8.265307e-02
12.77700,2.750839e+02,-1.806579e+02,-2.182998e-02,8.255951e-02
12.77800,2.733555e+02,-1.758150e+02,-2.211115e-02,8.245197e-02
12.77900,2.715153e+02,-1.705956e+02,-2.238606e-02,8.233068e-02
12.78000,2.696135e+02,-1.649893e+02,-2.265453e-02,8.219584e-02
12.78100,2.677034e+02,-1.592223e+02,-2.291637e-02,8.204769e-02
12.78200,2.657878e+02,-1.535752e+02,-2.317141e-02,8.188646e-02
12.78300,2.638716e+02,-1.481186e+02,-2.341951e-02,8.171239e-02
12.78400,2.619480e+02,-1.427181e+02,-2.366053e-02,8.152570e-02
12.78500,2.599743e+02,-1.371790e+02,-2.389434e-02,8.132664e-02
12.78600,2.579280e+02,-1.313655e+02,-2.412084e-02,8.111544e-02
12.78700,2.558231e+02,-1.253180e+02,-2.433991e-02,8.089236e-02
12.78800,2.536874e+02,-1.192423e+02,-2.455150e-02,8.065763e-02
12.78900,2.515635e+02,-1.133027e+02,-2.475553e-02,8.041150e-02
12.79000,2.495221e+02,-1.074850e+02,-2.495195e-02,8.015420e-02
12.79100,2.476392e+02,-1.017305e+02,-2.514074e-02,7.988598e-02
12.79200,2.458970e+02,-9.607499e+01,-2.532189e-02,7.960707e-02
12.79300,2.441752e+02,-9.053499e+01,-2.549537e-02,7.931772e-02
12.79400,2.423769e+02,-8.502665e+01,-2.566120e-02,7.901816e-02
12.79500,2.404675e+02,-7.949427e+01,-2.581942e-02,7.870862e-02
12.79600,2.384733e+02,-7.393944e+01,-2.597005e-02,7.838935e-02
12.79700,2.365109e+02,-6.837756e+01,-2.611315e-02,7.806057e-02
12.79800,2.346830e+02,-6.292728e+01,-2.624878e-02,7.772251e-02
12.79900,2.329810e+02,-5.774507e+01,-2.637702e-02,7.737539e-02
12.80000,2.313535e+02,-5.277668e+01,-2.649795e-02,7.701945e-02
12.80100,2.297664e+02,-4.779921e+01,-2.661167e-02,7.665489e-02
12.80200,2.282070e+02,-4.271802e+01,-2.671827e-02,7.628194e-02
12.80300,2.266788e+02,-3.765392e+01,-2.681787e-02,7.590081e-02
12.80400,2.251735e+02,-3.277941e+01,-2.691059e-02,7.551171e-02
12.80500,2.236724e+02,-2.818666e+01,-2.699655e-02,7.511485e-02
12.80600,2.221744e+02,-2.385009e+01,-2.707589e-02,7.471043e-02
12.80700,2.207035e+02,-1.961641e+01,-2.714874e-02,7.429866e-02
12.80800,2.192958e+02,-1.532696e+01,-2.721524e-02,7.387974e-02
12.80900,2.179568e+02,-1.101896e+01,-2.727553e-02,7.345387e-02
12.81000,2.166486e+02,-6.866791e+00,-2.732975e-02,7.302123e-02
12.81100,2.153371e+02,-2.940565e+00,-2.737806e-02,7.258201e-02
12.81200,2.140332e+02,8.118806e-01,-2.742061e-02,7.213640e-02
12.81300,2.127948e+02,4.428971e+00,-2.745754e-02,7.168458e-02
12.81400,2.116761e+02,7.917927e+00,-2.748900e-02,7.122671e-02
12.81500,2.106636e+02,1.129959e+01,-2.751514e-02,7.076297e-02
12.81600,2.096837e+02,1.461595e+01,-2.753610e-02,7.029353e-02
12.81700,2.086570e+02,1.794026e+01,-2.755203e-02,6.981855e-02
12.81800,2.075595e+02,2.135777e+01,-2.756307e-02,6.933816e-02
12.81900,2.064546e+02,2.484304e+01,-2.756935e-02,6.885254e-02
12.82000,2.054293e+02,2.818572e+01,-2.757101e-02,6.836180e-02
12.82100,2.045001e+02,3.117783e+01,-2.756819e-02,6.786608e-02
12.82200,2.036144e+02,3.385374e+01,-2.756100e-02,6.736551e-02
12.82300,2.027202e+02,3.643901e+01,-2.754956e-02,6.686021e-02
12.82400,2.018047e+02,3.913243e+01,-2.753399e-02,6.635028e-02
12.82500,2.008793e+02,4.198331e+01,-2.751440e-02,6.583582e-02
12.82600,1.999648e+02,4.486921e+01,-2.749088e-02,6.531693e-02
12.82700,1.990629e+02,4.758347e+01,-2.746354e-02,6.479369e-02
12.82800,1.981453e+02,5.003141e+01,-2.743248e-02,6.426618e-02
12.82900,1.972324e+02,5.232006e+01,-2.739776e-02,6.373445e-02
12.83000,1.963910e+02,5.460875e+01,-2.735946e-02,6.319858e-02
12.83100,1.956105e+02,5.693803e+01,-2.731765e-02,6.265861e-02
12.83200,1.948152e+02,5.925916e+01,-2.727240e-02,6.211458e-02
12.83300,1.939465e+02,6.154630e+01,-2.722375e-02,6.156652e-02
12.83400,1.929680e+02,6.382985e+01,-2.717175e-02,6.101446e-02
12.83500,1.919158e+02,6.616185e+01,-2.711644e-02,6.045843e-02
12.83600,1.909078e+02,6.853552e+01,-2.705786e-02,5.989842e-02
12.83700,1.900185e+02,7.085866e+01,-2.699601e-02,5.933446e-02
12.83800,1.892054e+02,7.307157e+01,-2.693091e-02,5.876653e-02
12.83900,1.883676e+02,7.523349e+01,-2.686256e-02,5.819463e-02
12.84000,1.874512e+02,7.744003e+01,-2.679097e-02,5.761874e-02
12.84100,1.864713e+02,7.971151e+01,-2.671612e-02,5.703885e-02
12.84200,1.854415e+02,8.196482e+01,-2.663800e-02,5.645492e-02
12.84300,1.843853e+02,8.405879e+01,-2.655656e-02,5.586695e-02
12.84400,1.833400e+02,8.591430e+01,-2.647179e-02,5.527488e-02
12.84500,1.822809e+02,8.764305e+01,-2.638362e-02,5.467870e-02
12.84600,1.811851e+02,8.949463e+01,-2.629202e-02,5.407835e-02
12.84700,1.801026e+02,9.159608e+01,-2.619693e-02,5.347379e-02
12.84800,1.790557e+02,9.383175e+01,-2.609829e-02,5.286498e-02
12.84900,1.779980e+02,9.602460e+01,-2.599602e-02,5.225187e-02
12.85000,1.768795e+02,9.808359e+01,-2.589005e-02,5.163441e-02
12.85100,1.757070e+02,9.999626e+01,-2.578030e-02,5.101254e-02
12.85200,1.745482e+02,1.018422e+02,-2.566667e-02,5.038622e-02
12.85300,1.734337e+02,1.037431e+02,-2.554909e-02,4.975538e-02
12.85400,1.723316e+02,1.057171e+02,-2.542745e-02,4.911996e-02
12.85500,1.712097e+02,1.076898e+02,-2.530167e-02,4.847990e-02
12.85600,1.700033e+02,1.096470e+02,-2.517164e-02,4.783514e-02
12.85700,1.686707e+02,1.116217e+02,-2.503727e-02,4.718562e-02
12.85800,1.673138e+02,1.135453e+02,-2.489845e-02,4.653126e-02
12.85900,1.660635e+02,1.152888e+02,-2.475508e-02,4.587199e-02
12.86000,1.649335e+02,1.168364e+02,-2.460706e-02,4.520775e-02
12.86100,1.638782e+02,1.182851e+02,-2.445429e-02,4.453846e-02
12.86200,1.628648e+02,1.197512e+02,-2.429667e-02,4.386405e-02
12.86300,1.618525e+02,1.213523e+02,-2.413410e-02,4.318444e-02
12.86400,1.607817e+02,1.231206e+02,-2.396649e-02,4.249956e-02
12.86500,1.596451e+02,1.249029e+02,-2.379376e-02,4.180932e-02
12.86600,1.584982e+02,1.264977e+02,-2.361581e-02,4.111366e-02
12.86700,1.573551e+02,1.278798e+02,-2.343258e-02,4.041249e-02
12.86800,1.562130e+02,1.291821e+02,-2.324398e-02,3.970574e-02
12.86900,1.551376e+02,1.305009e+02,-2.304997e-02,3.899332e-02
12.87000,1.541544e+02,1.318349e+02,-2.285047e-02,3.827517e-02
12.87100,1.531830e+02,1.331616e+02,-2.264544e-02,3.755120e-02
12.87200,1.521638e+02,1.344362e+02,-2.243484e-02,3.682134e-02
12.87300,1.511173e+02,1.355891e+02,-2.221866e-02,3.608551e-02
12.87400,1.500911e+02,1.366181e+02,-2.199685e-02,3.534366e-02
12.87500,1.491336e+02,1.375901e+02,-2.176943e-02,3.459571e-02
12.87600,1.482877e+02,1.385331e+02,-2.153640e-02,3.384159e-02
12.87700,1.475474e+02,1.394351e+02,-2.129777e-02,3.308125e-02
12.87800,1.468388e+02,1.403106e+02,-2.105357e-02,3.231463e-02
12.87900,1.461006e+02,1.411677e+02,-2.080385e-02,3.154167e-02
12.88000,1.453457e+02,1.419457e+02,-2.054867e-02,3.076234e-02
12.88100,1.446031e+02,1.425690e+02,-2.028809e-02,2.997659e-02
12.88200,1.438698e+02,1.430355e+02,-2.002222e-02,2.918439e-02
12.88300,1.431376e+02,1.434178e+02,-1.975114e-02,2.838571e-02
12.88400,1.424259e+02,1.438352e+02,-1.947498e-02,2.758051e-02
12.88500,1.417731e+02,1.443925e+02,-1.919386e-02,2.676880e-02
12.88600,1.412018e+02,1.450616e+02,-1.890792e-02,2.595055e-02
12.88700,1.407219e+02,1.456957e+02,-1.861733e-02,2.512577e-02
12.88800,1.403263e+02,1.461806e+02,-1.832226e-02,2.429445e-02
12.88900,1.399566e+02,1.464751e+02,-1.802290e-02,2.345662e-02
12.89000,1.395778e+02,1.465949e+02,-1.771945e-02,2.261229e-02
12.89100,1.392423e+02,1.466440e+02,-1.741213e-02,2.176149e-02
12.89200,1.389806e+02,1.467478e+02,-1.710116e-02,2.090426e-02
12.89300,1.387418e+02,1.469440e+02,-1.678678e-02,2.004063e-02
12.89400,1.384758e+02,1.472178e+02,-1.646924e-02,1.917068e-02
12.89500,1.381776e+02,1.475648e+02,-1.614882e-02,1.829445e-02
12.89600,1.378710e+02,1.479445e+02,-1.582578e-02,1.741201e-02
12.89700,1.376031e+02,1.482629e+02,-1.550039e-02,1.652345e-02
12.89800,1.374440e+02,1.484838e+02,-1.517297e-02,1.562886e-02
12.89900,1.374246e+02,1.486829e+02,-1.484380e-02,1.472831e-02
12.90000,1.374752e+02,1.489573e+02,-1.451319e-02,1.382192e-02
12.90100,1.375285e+02,1.493650e+02,-1.418146e-02,1.290979e-02
12.90200,1.375962e+02,1.499060e+02,-1.384892e-02,1.199204e-02
12.90300,1.376651e+02,1.504799e+02,-1.351590e-02,1.106880e-02
12.90400,1.377009e+02,1.509685e+02,-1.318272e-02,1.014021e-02
12.90500,1.377372e+02,1.513798e+02,-1.284970e-02,9.206415e-03
12.90600,1.378254e+02,1.518075e+02,-1.251719e-02,8.267559e-03
12.90700,1.379923e+02,1.523132e+02,-1.218551e-02,7.323806e-03
12.90800,1.382554e+02,1.529251e+02,-1.185498e-02,6.375324e-03
12.90900,1.385960e+02,1.536526e+02,-1.152595e-02,5.422290e-03
12.91000,1.389585e+02,1.544550e+02,-1.119874e-02,4.464891e-03
12.91100,1.392818e+02,1.552796e+02,-1.087367e-02,3.503318e-03
12.91200,1.395546e+02,1.561476e+02,-1.055106e-02,2.537770e-03
12.91300,1.398485e+02,1.571111e+02,-1.023123e-02,1.568452e-03
12.91400,1.402349e+02,1.581561e+02,-9.914484e-03,5.955806e-04
12.91500,1.407219e+02,1.592786e+02,-9.601118e-03,-3.806272e-04
12.91600,1.412831e+02,1.605625e+02,-9.291433e-03,-1.359947e-03
12.91700,1.418648e+02,1.620316e+02,-8.985717e-03,-2.342148e-03
12.91800,1.424177e+02,1.635525e+02,-8.684244e-03,-3.326996e-03
12.91900,1.429520e+02,1.649980e+02,-8.387285e-03,-4.314254e-03
12.92000,1.435157e+02,1.663694e+02,-8.095102e-03,-5.303680e-03
12.92100,1.441404e+02,1.677314e+02,-7.807941e-03,-6.295030e-03
12.92200,1.448128e+02,1.691811e+02,-7.526041e-03,-7.288059e-03
12.92300,1.455099e+02,1.708546e+02,-7.249632e-03,-8.282522e-03
12.92400,1.462455e+02,1.727758e+02,-6.978933e-03,-9.278172e-03
12.92500,1.470174e+02,1.747550e+02,-6.714148e-03,-1.027476e-02
12.92600,1.477882e+02,1.765960e+02,-6.455476e-03,-1.127205e-02
12.92700,1.485522e+02,1.782928e+02,-6.203106e-03,-1.226979e-02
12.92800,1.493180e+02,1.799240e+02,-5.957215e-03,-1.326773e-02
12.92900,1.500808e+02,1.815450e+02,-5.717964e-03,-1.426565e-02
12.93000,1.508792e+02,1.832348e+02,-5.485511e-03,-1.526330e-02
12.93100,1.517698e+02,1.850586e+02,-5.260007e-03,-1.626047e-02
12.93200,1.527411e+02,1.869897e+02,-5.041586e-03,-1.725692e-02
12.93300,1.537418e+02,1.889870e+02,-4.830377e-03,-1.825244e-02
12.93400,1.547571e+02,1.910431e+02,-4.626502e-03,-1.924682e-02
12.93500,1.557965e+02,1.930711e+02,-4.430075e-03,-2.023984e-02
12.93600,1.568528e+02,1.949121e+02,-4.241192e-03,-2.123130e-02
12.93700,1.579283e+02,1.965372e+02,-4.059953e-03,-2.222103e-02
12.93800,1.590369e+02,1.980816e+02,-3.886453e-03,-2.320881e-02
12.93900,1.601589e+02,1.996540e+02,-3.720776e-03,-2.419449e-02
12.94000,1.612694e+02,2.012583e+02,-3.562995e-03,-2.517788e-02
12.94100,1.623820e+02,2.028448e+02,-3.413187e-03,-2.615881e-02
12.94200,1.635140e+02,2.043193e+02,-3.271422e-03,-2.713711e-02
12.94300,1.646639e+02,2.056167e+02,-3.137757e-03,-2.811262e-02
12.94400,1.658366e+02,2.068258e+02,-3.012247e-03,-2.908520e-02
12.94500,1.670572e+02,2.081023e+02,-2.894951e-03,-3.005468e-02
12.94600,1.683496e+02,2.094475e+02,-2.785917e-03,-3.102091e-02
12.94700,1.697065e+02,2.107042e+02,-2.685185e-03,-3.198376e-02
12.94800,1.710997e+02,2.117447e+02,-2.592798e-03,-3.294307e-02
12.94900,1.724979e+02,2.125741e+02,-2.508797e-03,-3.389869e-02
12.95000,1.738725e+02,2.132933e+02,-2.433215e-03,-3.485049e-02
12.95100,1.752249e+02,2.140138e+02,-2.366081e-03,-3.579831e-02
12.95200,1.765942e+02,2.147690e+02,-2.307424e-03,-3.674201e-02
12.95300,1.780232e+02,2.154987e+02,-2.257270e-03,-3.768144e-02
12.95400,1.795264e+02,2.161426e+02,-2.215637e-03,-3.861645e-02
12.95500,1.810730e+02,2.167046e+02,-2.182538e-03,-3.954690e-02
12.95600,1.826292e+02,2.172008e+02,-2.157994e-03,-4.047261e-02
12.95700,1.841938e+02,2.176009e+02,-2.142019e-03,-4.139343e-02
12.95800,1.857594e+02,2.178412e+02,-2.134620e-03,-4.230920e-02
12.95900,1.873282e+02,2.178906e+02,-2.135805e-03,-4.321974e-02
12.96000,1.889451e+02,2.178364e+02,-2.145582e-03,-4.412488e-02
12.96100,1.906319e+02,2.178685e+02,-2.163953e-03,-4.502445e-02
12.96200,1.923725e+02,2.180898e+02,-2.190913e-03,-4.591825e-02
12.96300,1.941568e+02,2.183806e+02,-2.226465e-03,-4.680611e-02
12.96400,1.959631e+02,2.185212e+02,-2.270608e-03,-4.768781e-02
12.96500,1.977602e+02,2.184025e+02,-2.323333e-03,-4.856316e-02
12.96600,1.995429e+02,2.180834e+02,-2.384628e-03,-4.943195e-02
12.96700,2.013385e+02,2.177181e+02,-2.454489e-03,-5.029396e-02
12.96800,2.031898e+02,2.174462e+02,-2.532905e-03,-5.114896e-02
12.96900,2.051065e+02,2.172844e+02,-2.619856e-03,-5.199673e-02
12.97000,2.070550e+02,2.171215e+02,-2.715329e-03,-5.283703e-02
12.97100,2.090146e+02,2.168784e+02,-2.819310e-03,-5.366962e-02
12.97200,2.109879e+02,2.166223e+02,-2.931774e-03,-5.449426e-02
12.97300,2.129845e+02,2.164406e+02,-3.052694e-03,-5.531068e-02
12.97400,2.150162e+02,2.162971e+02,-3.182045e-03,-5.611864e-02
12.97500,2.170794e+02,2.161096e+02,-3.319800e-03,-5.691785e-02
12.97600,2.191636e+02,2.158680e+02,-3.465921e-03,-5.770807e-02
12.97700,2.212570e+02,2.156188e+02,-3.620367e-03,-5.848900e-02
12.97800,2.233541e+02,2.154347e+02,-3.783098e-03,-5.926038e-02
12.97900,2.254875e+02,2.153793e+02,-3.954064e-03,-6.002191e-02
12.98000,2.276720e+02,2.154206e+02,-4.133204e-03,-6.077332e-02
12.98100,2.298578e+02,2.154596e+02,-4.320455e-03,-6.151431e-02
12.98200,2.320327e+02,2.155071e+02,-4.515752e-03,-6.224458e-02
12.98300,2.342439e+02,2.157047e+02,-4.719017e-03,-6.296385e-02
12.98400,2.364947e+02,2.161206e+02,-4.930156e-03,-6.367182e-02
12.98500,2.387537e+02,2.166530e+02,-5.149075e-03,-6.436819e-02
12.98600,2.410115e+02,2.171446e+02,-5.375669e-03,-6.505268e-02
12.98700,2.432469e+02,2.174894e+02,-5.609818e-03,-6.572499e-02
12.98800,2.454248e+02,2.177040e+02,-5.851394e-03,-6.638483e-02
12.98900,2.475664e+02,2.179797e+02,-6.100261e-03,-6.703192e-02
12.99000,2.497411e+02,2.185342e+02,-6.356271e-03,-6.766598e-02
12.99100,2.519608e+02,2.193837e+02,-6.619259e-03,-6.828673e-02
12.99200,2.541655e+02,2.203846e+02,-6.889052e-03,-6.889392e-02
12.99300,2.563199e+02,2.214242e+02,-7.165472e-03,-6.948727e-02
12.99400,2.584272e+02,2.224546e+02,-7.448320e-03,-7.006655e-02
12.99500,2.604786e+02,2.234472e+02,-7.737387e-03,-7.063152e-02
12.99600,2.624686e+02,2.244033e+02,-8.032455e-03,-7.118193e-02
12.99700,2.644088e+02,2.253403e+02,-8.333300e-03,-7.171758e-02
12.99800,2.662886e+02,2.262689e+02,-8.639681e-03,-7.223826e-02
12.99900,2.680839e+02,2.272441e+02,-8.951350e-03,-7.274377e-02
13.00000,2.698114e+02,2.283673e+02,-9.268049e-03,-7.323392e-02
13.00100,2.715193e+02,2.296389e+02,-9.589513e-03,-7.370855e-02
13.00200,2.732117e+02,2.308950e+02,-9.915465e-03,-7.416751e-02
13.00300,2.748317e+02,2.319739e+02,-1.024562e-02,-7.461063e-02
13.00400,2.763361e+02,2.328623e+02,-1.057971e-02,-7.503780e-02
13.00500,2.777356e+02,2.336498e+02,-1.091741e-02,-7.544890e-02
13.00600,2.790471e+02,2.344368e+02,-1.125844e-02,-7.584381e-02
13.00700,2.802626e+02,2.352659e+02,-1.160247e-02,-7.622245e-02
13.00800,2.813774e+02,2.360527e+02,-1.194921e-02,-7.658473e-02
13.00900,2.823870e+02,2.366463e+02,-1.229833e-02,-7.693059e-02
13.01000,2.832682e+02,2.370075e+02,-1.264951e-02,-7.725998e-02
13.01100,2.840444e+02,2.372442e+02,-1.300244e-02,-7.757284e-02
13.01200,2.847941e+02,2.374557e+02,-1.335680e-02,-7.786915e-02
13.01300,2.855215e+02,2.376287e+02,-1.371225e-02,-7.814888e-02
13.01400,2.861368e+02,2.376844e+02,-1.406846e-02,-7.841204e-02
13.01500,2.865807e+02,2.375465e+02,-1.442510e-02,-7.865862e-02
13.01600,2.868470e+02,2.371644e+02,-1.478185e-02,-7.888863e-02
13.01700,2.869433e+02,2.365318e+02,-1.513837e-02,-7.910210e-02
13.01800,2.869088e+02,2.356720e+02,-1.549433e-02,-7.929907e-02
13.01900,2.867975e+02,2.345938e+02,-1.584942e-02,-7.947958e-02
13.02000,2.866152e+02,2.333128e+02,-1.620328e-02,-7.964368e-02
13.02100,2.863238e+02,2.318968e+02,-1.655561e-02,-7.979145e-02
13.02200,2.859210e+02,2.303933e+02,-1.690608e-02,-7.992295e-02
13.02300,2.854495e+02,2.287394e+02,-1.725436e-02,-8.003827e-02
13.02400,2.849056e+02,2.267882e+02,-1.760013e-02,-8.013750e-02
13.02500,2.842363e+02,2.243952e+02,-1.794309e-02,-8.022076e-02
13.02600,2.834211e+02,2.215320e+02,-1.828292e-02,-8.028815e-02
13.02700,2.824681e+02,2.183653e+02,-1.861932e-02,-8.033980e-02
13.02800,2.813975e+02,2.151410e+02,-1.895198e-02,-8.037585e-02
13.02900,2.802582e+02,2.119702e+02,-1.928062e-02,-8.039645e-02
13.03000,2.790825e+02,2.087857e+02,-1.960494e-02,-8.040174e-02
13.03100,2.778489e+02,2.054511e+02,-1.992468e-02,-8.039188e-02
13.03200,2.765114e+02,2.018451e+02,-2.023957e-02,-8.036706e-02
13.03300,2.750525e+02,1.979003e+02,-2.054934e-02,-8.032744e-02
13.03400,2.735146e+02,1.936364e+02,-2.085376e-02,-8.027323e-02
13.03500,2.719365e+02,1.891365e+02,-2.115258e-02,-8.020461e-02
13.03600,2.702955e+02,1.844635e+02,-2.144557e-02,-8.012180e-02
13.03700,2.685768e+02,1.796562e+02,-2.173252e-02,-8.002500e-02
13.03800,2.668123e+02,1.747926e+02,-2.201324e-02,-7.991443e-02
13.03900,2.650346e+02,1.699213e+02,-2.228752e-02,-7.979030e-02
13.04000,2.632732e+02,1.649583e+02,-2.255520e-02,-7.965285e-02
13.04100,2.615411e+02,1.597912e+02,-2.281611e-02,-7.950231e-02
13.04200,2.597934e+02,1.544273e+02,-2.307011e-02,-7.933890e-02
13.04300,2.579609e+02,1.489640e+02,-2.331707e-02,-7.916287e-02
13.04400,2.560323e+02,1.434982e+02,-2.355686e-02,-7.897445e-02
13.04500,2.540661e+02,1.380862e+02,-2.378939e-02,-7.877389e-02
13.04600,2.521091e+02,1.326901e+02,-2.401456e-02,-7.856141e-02
13.04700,2.501566e+02,1.271743e+02,-2.423231e-02,-7.833728e-02
13.04800,2.482099e+02,1.214636e+02,-2.444258e-02,-7.810172e-02
13.04900,2.462971e+02,1.156808e+02,-2.464532e-02,-7.785499e-02
13.05000,2.444468e+02,1.100220e+02,-2.484051e-02,-7.759731e-02
13.05100,2.426958e+02,1.045652e+02,-2.502813e-02,-7.732893e-02
13.05200,2.410495e+02,9.927680e+01,-2.520819e-02,-7.705009e-02
13.05300,2.394290e+02,9.406854e+01,-2.538069e-02,-7.676101e-02
13.05400,2.377375e+02,8.880763e+01,-2.554567e-02,-7.646194e-02
13.05500,2.359572e+02,8.341303e+01,-2.570316e-02,-7.615309e-02
13.05600,2.341475e+02,7.793158e+01,-2.585321e-02,-7.583470e-02
13.05700,2.323899e+02,7.245595e+01,-2.599589e-02,-7.550698e-02
13.05800,2.307415e+02,6.706751e+01,-2.613126e-02,-7.517016e-02
13.05900,2.292046e+02,6.188803e+01,-2.625941e-02,-7.482445e-02
13.06000,2.277379e+02,5.704050e+01,-2.638043e-02,-7.447007e-02
13.06100,2.263095e+02,5.250480e+01,-2.649441e-02,-7.410721e-02
13.06200,2.249236e+02,4.809916e+01,-2.660147e-02,-7.373609e-02
13.06300,2.235818e+02,4.361731e+01,-2.670172e-02,-7.335691e-02
13.06400,2.222544e+02,3.895613e+01,-2.679528e-02,-7.296986e-02
13.06500,2.209049e+02,3.418775e+01,-2.688227e-02,-7.257513e-02
13.06600,2.195350e+02,2.954276e+01,-2.696283e-02,-7.217293e-02
13.06700,2.181949e+02,2.523471e+01,-2.703708e-02,-7.176343e-02
13.06800,2.169347e+02,2.127930e+01,-2.710518e-02,-7.134681e-02
13.06900,2.157626e+02,1.751863e+01,-2.716725e-02,-7.092326e-02
13.07000,2.146489e+02,1.377588e+01,-2.722344e-02,-7.049295e-02
13.07100,2.135451e+02,9.961104e+00,-2.727389e-02,-7.005605e-02
13.07200,2.124355e+02,6.090732e+00,-2.731876e-02,-6.961273e-02
13.07300,2.113644e+02,2.250949e+00,-2.735817e-02,-6.916315e-02
13.07400,2.103642e+02,-1.471034e+00,-2.739229e-02,-6.870746e-02
13.07500,2.094027e+02,-5.031396e+00,-2.742124e-02,-6.824583e-02
13.07600,2.084205e+02,-8.408992e+00,-2.744518e-02,-6.777839e-02
13.07700,2.073921e+02,-1.159588e+01,-2.746423e-02,-6.730528e-02
13.07800,2.063557e+02,-1.464942e+01,-2.747853e-02,-6.682665e-02
13.07900,2.053804e+02,-1.768670e+01,-2.748821e-02,-6.634263e-02
13.08000,2.045098e+02,-2.077951e+01,-2.749340e-02,-6.585332e-02
13.08100,2.037275e+02,-2.388575e+01,-2.749422e-02,-6.535887e-02
13.08200,2.029509e+02,-2.688596e+01,-2.749079e-02,-6.485937e-02
13.08300,2.021191e+02,-2.968925e+01,-2.748322e-02,-6.435493e-02
13.08400,2.012609e+02,-3.234029e+01,-2.747162e-02,-6.384565e-02
13.08500,2.004128e+02,-3.501658e+01,-2.745608e-02,-6.333162e-02
13.08600,1.995730e+02,-3.787860e+01,-2.743671e-02,-6.281292e-02
13.08700,1.987390e+02,-4.090505e+01,-2.741359e-02,-6.228963e-02
13.08800,1.978922e+02,-4.389382e+01,-2.738679e-02,-6.176183e-02
13.08900,1.970225e+02,-4.662742e+01,-2.735641e-02,-6.122958e-02
13.09000,1.961719e+02,-4.902203e+01,-2.732249e-02,-6.069293e-02
13.09100,1.953640e+02,-5.117303e+01,-2.728510e-02,-6.015194e-02
13.09200,1.945506e+02,-5.330431e+01,-2.724430e-02,-5.960665e-02
13.09300,1.936599e+02,-5.560603e+01,-2.720012e-02,-5.905709e-02
13.09400,1.926700e+02,-5.810586e+01,-2.715260e-02,-5.850331e-02
13.09500,1.916396e+02,-6.072629e+01,-2.710177e-02,-5.794532e-02
13.09600,1.906468e+02,-6.336952e+01,-2.704764e-02,-5.738314e-02
13.09700,1.897275e+02,-6.590283e+01,-2.699022e-02,-5.681680e-02
13.09800,1.888689e+02,-6.818865e+01,-2.692952e-02,-5.624628e-02
13.09900,1.880023e+02,-7.020036e+01,-2.686552e-02,-5.567161e-02
13.10000,1.870623e+02,-7.206666e+01,-2.679822e-02,-5.509277e-02
13.10100,1.860631e+02,-7.399295e+01,-2.672758e-02,-5.450976e-02
13.10200,1.850440e+02,-7.616180e+01,-2.665358e-02,-5.392257e-02
13.10300,1.839982e+02,-7.863948e+01,-2.657618e-02,-5.333118e-02
13.10400,1.828899e+02,-8.128410e+01,-2.649533e-02,-5.273557e-02
13.10500,1.816999e+02,-8.381217e+01,-2.641097e-02,-5.213573e-02
13.10600,1.804681e+02,-8.604642e+01,-2.632305e-02,-5.153162e-02
13.10700,1.792710e+02,-8.803973e+01,-2.623149e-02,-5.092321e-02
13.10800,1.781554e+02,-8.995911e+01,-2.613623e-02,-5.031047e-02
13.10900,1.771185e+02,-9.194641e+01,-2.603718e-02,-4.969336e-02
13.11000,1.761029e+02,-9.404951e+01,-2.593426e-02,-4.907184e-02
13.11100,1.750387e+02,-9.619530e+01,-2.582738e-02,-4.844587e-02
13.11200,1.739288e+02,-9.826051e+01,-2.571644e-02,-4.781539e-02
13.11300,1.728165e+02,-1.002013e+02,-2.560135e-02,-4.718035e-02
13.11400,1.716892e+02,-1.020661e+02,-2.548199e-02,-4.654071e-02
13.11500,1.704982e+02,-1.038996e+02,-2.535828e-02,-4.589639e-02
13.11600,1.692292e+02,-1.057283e+02,-2.523010e-02,-4.524734e-02
13.11700,1.679137e+02,-1.076063e+02,-2.509733e-02,-4.459350e-02
13.11800,1.666172e+02,-1.095628e+02,-2.495989e-02,-4.393479e-02
13.11900,1.654235e+02,-1.115349e+02,-2.481764e-02,-4.327113e-02
13.12000,1.643636e+02,-1.134154e+02,-2.467049e-02,-4.260247e-02
13.12100,1.633544e+02,-1.151236e+02,-2.451833e-02,-4.192871e-02
13.12200,1.622900e+02,-1.166478e+02,-2.436106e-02,-4.124978e-02
13.12300,1.611620e+02,-1.180893e+02,-2.419858e-02,-4.056560e-02
13.12400,1.600225e+02,-1.196301e+02,-2.403079e-02,-3.987609e-02
13.12500,1.589025e+02,-1.213763e+02,-2.385760e-02,-3.918115e-02
13.12600,1.578154e+02,-1.232259e+02,-2.367892e-02,-3.848070e-02
13.12700,1.567699e+02,-1.249372e+02,-2.349469e-02,-3.777466e-02
13.12800,1.557602e+02,-1.263257e+02,-2.330482e-02,-3.706293e-02
13.12900,1.547865e+02,-1.273818e+02,-2.310925e-02,-3.634544e-02
13.13000,1.538755e+02,-1.282565e+02,-2.290794e-02,-3.562208e-02
13.13100,1.530247e+02,-1.291700e+02,-2.270083e-02,-3.489278e-02
13.13200,1.521579e+02,-1.302821e+02,-2.248789e-02,-3.415745e-02
13.13300,1.512154e+02,-1.316079e+02,-2.226911e-02,-3.341601e-02
13.13400,1.502398e+02,-1.330302e+02,-2.204447e-02,-3.266837e-02
13.13500,1.493228e+02,-1.343670e+02,-2.181397e-02,-3.191446e-02
13.13600,1.485189e+02,-1.354525e+02,-2.157764e-02,-3.115420e-02
13.13700,1.478118e+02,-1.362068e+02,-2.133550e-02,-3.038753e-02
13.13800,1.471364e+02,-1.366813e+02,-2.108759e-02,-2.961438e-02
13.13900,1.464411e+02,-1.370564e+02,-2.083399e-02,-2.883468e-02
13.14000,1.457247e+02,-1.375544e+02,-2.057475e-02,-2.804839e-02
13.14100,1.450424e+02,-1.383074e+02,-2.030998e-02,-2.725545e-02
13.14200,1.444591e+02,-1.392596e+02,-2.003977e-02,-2.645582e-02
13.14300,1.439517e+02,-1.401774e+02,-1.976425e-02,-2.564946e-02
13.14400,1.434362e+02,-1.408281e+02,-1.948356e-02,-2.483635e-02
13.14500,1.428913e+02,-1.411699e+02,-1.919785e-02,-2.401647e-02
13.14600,1.423553e+02,-1.413249e+02,-1.890729e-02,-2.318981e-02
13.14700,1.418712e+02,-1.414418e+02,-1.861206e-02,-2.235636e-02
13.14800,1.414740e+02,-1.416205e+02,-1.831237e-02,-2.151612e-02
13.14900,1.411539e+02,-1.418616e+02,-1.800842e-02,-2.066911e-02
13.15000,1.408513e+02,-1.420724e+02,-1.770044e-02,-1.981535e-02
13.15100,1.405209e+02,-1.421912e+02,-1.738868e-02,-1.895487e-02
13.15200,1.401814e+02,-1.422707e+02,-1.707339e-02,-1.808771e-02
13.15300,1.398821e+02,-1.423956e+02,-1.675483e-02,-1.721392e-02
13.15400,1.396273e+02,-1.425986e+02,-1.643329e-02,-1.633355e-02
13.15500,1.393979e+02,-1.428980e+02,-1.610904e-02,-1.544668e-02
13.15600,1.392186e+02,-1.433036e+02,-1.578239e-02,-1.455337e-02
13.15700,1.391186e+02,-1.437372e+02,-1.545365e-02,-1.365372e-02
13.15800,1.391015e+02,-1.440539e+02,-1.512313e-02,-1.274782e-02
13.15900,1.391668e+02,-1.441534e+02,-1.479114e-02,-1.183577e-02
13.16000,1.392682e+02,-1.440249e+02,-1.445803e-02,-1.091770e-02
13.16100,1.393220e+02,-1.437845e+02,-1.412413e-02,-9.993731e-03
13.16200,1.393083e+02,-1.436964e+02,-1.378976e-02,-9.063995e-03
13.16300,1.392851e+02,-1.440076e+02,-1.345529e-02,-8.128643e-03
13.16400,1.393158e+02,-1.447138e+02,-1.312105e-02,-7.187830e-03
13.16500,1.394200e+02,-1.455630e+02,-1.278737e-02,-6.241722e-03
13.16600,1.395771e+02,-1.462766e+02,-1.245462e-02,-5.290491e-03
13.16700,1.397689e+02,-1.467335e+02,-1.212313e-02,-4.334322e-03
13.16800,1.400006e+02,-1.470187e+02,-1.179324e-02,-3.373409e-03
13.16900,1.402906e+02,-1.473696e+02,-1.146528e-02,-2.407954e-03
13.17000,1.406559e+02,-1.480184e+02,-1.113959e-02,-1.438165e-03
13.17100,1.410709e+02,-1.490213e+02,-1.081650e-02,-4.642584e-04
13.17200,1.414674e+02,-1.502667e+02,-1.049632e-02,5.135415e-04
13.17300,1.418113e+02,-1.516157e+02,-1.017939e-02,1.495005e-03
13.17400,1.421413e+02,-1.529533e+02,-9.865989e-03,2.479896e-03
13.17500,1.425179e+02,-1.541641e+02,-9.556429e-03,3.467970e-03
13.17600,1.429649e+02,-1.551871e+02,-9.250993e-03,4.458979e-03
13.17700,1.434696e+02,-1.560998e+02,-8.949962e-03,5.452673e-03
13.17800,1.440130e+02,-1.570949e+02,-8.653605e-03,6.448796e-03
13.17900,1.445818e+02,-1.583646e+02,-8.362179e-03,7.447091e-03
13.18000,1.451828e+02,-1.599845e+02,-8.075932e-03,8.447300e-03
13.18100,1.458487e+02,-1.618421e+02,-7.795101e-03,9.449164e-03
13.18200,1.465845e+02,-1.636896e+02,-7.519910e-03,1.045243e-02
13.18300,1.473382e+02,-1.653553e+02,-7.250569e-03,1.145683e-02
13.18400,1.480684e+02,-1.669054e+02,-6.987281e-03,1.246213e-02
13.18500,1.487927e+02,-1.685470e+02,-6.730239e-03,1.346806e-02
13.18600,1.495407e+02,-1.704113e+02,-6.479622e-03,1.447439e-02
13.18700,1.503228e+02,-1.724534e+02,-6.235596e-03,1.548085e-02
13.18800,1.511516e+02,-1.745015e+02,-5.998324e-03,1.648723e-02
13.18900,1.520275e+02,-1.763941e+02,-5.767954e-03,1.749330e-02
13.19000,1.529209e+02,-1.781207e+02,-5.544623e-03,1.849882e-02
13.19100,1.538223e+02,-1.798247e+02,-5.328460e-03,1.950358e-02
13.19200,1.547546e+02,-1.816447e+02,-5.119592e-03,2.050738e-02
13.19300,1.557190e+02,-1.835902e+02,-4.918129e-03,2.151001e-02
13.19400,1.567015e+02,-1.855868e+02,-4.724175e-03,2.251128e-02
13.19500,1.577105e+02,-1.875583e+02,-4.537833e-03,2.351101e-02
13.19600,1.587649e+02,-1.894260e+02,-4.359196e-03,2.450902e-02
13.19700,1.598723e+02,-1.911032e+02,-4.188347e-03,2.550514e-02
13.19800,1.610179e+02,-1.925423e+02,-4.025368e-03,2.649920e-02
13.19900,1.621760e+02,-1.937935e+02,-3.870338e-03,2.749105e-02
13.20000,1.633358e+02,-1.950357e+02,-3.723330e-03,2.848054e-02
13.20100,1.645068e+02,-1.965241e+02,-3.584407e-03,2.946753e-02
13.20200,1.657201e+02,-1.984140e+02,-3.453636e-03,3.045186e-02
13.20300,1.670098e+02,-2.005906e+02,-3.331077e-03,3.143340e-02
13.20400,1.683656e+02,-2.027015e+02,-3.216782e-03,3.241202e-02
13.20500,1.697404e+02,-2.043884e+02,-3.110801e-03,3.338757e-02
13.20600,1.711032e+02,-2.055326e+02,-3.013183e-03,3.435994e-02
13.20700,1.724617e+02,-2.063212e+02,-2.923976e-03,3.532897e-02
13.20800,1.738499e+02,-2.070754e+02,-2.843222e-03,3.629455e-02
13.20900,1.752874e+02,-2.079957e+02,-2.770960e-03,3.725654e-02
13.21000,1.767660e+02,-2.090670e+02,-2.707227e-03,3.821479e-02
13.21100,1.782721e+02,-2.101612e+02,-2.652056e-03,3.916916e-02
13.21200,1.797840e+02,-2.111577e+02,-2.605470e-03,4.011951e-02
13.21300,1.812899e+02,-2.119906e+02,-2.567495e-03,4.106569e-02
13.21400,1.828235e+02,-2.126579e+02,-2.538158e-03,4.200755e-02
13.21500,1.844152e+02,-2.131940e+02,-2.517476e-03,4.294491e-02
13.21600,1.860576e+02,-2.136284e+02,-2.505465e-03,4.387761e-02
13.21700,1.877464e+02,-2.140049e+02,-2.502141e-03,4.480547e-02
13.21800,1.894767e+02,-2.144044e+02,-2.507516e-03,4.572831e-02
13.21900,1.912216e+02,-2.148569e+02,-2.521592e-03,4.664592e-02
13.22000,1.929602e+02,-2.152568e+02,-2.544373e-03,4.755811e-02
13.22100,1.946971e+02,-2.154575e+02,-2.575860e-03,4.846468e-02
13.22200,1.964583e+02,-2.154336e+02,-2.616052e-03,4.936539e-02
13.22300,1.982752e+02,-2.153081e+02,-2.664942e-03,5.026003e-02
13.22400,2.001626e+02,-2.152450e+02,-2.722521e-03,5.114836e-02
13.22500,2.021138e+02,-2.153137e+02,-2.788780e-03,5.203012e-02
13.22600,2.040961e+02,-2.154087e+02,-2.863701e-03,5.290508e-02
13.22700,2.060666e+02,-2.153155e+02,-2.947264e-03,5.377296e-02
13.22800,2.080166e+02,-2.149118e+02,-3.039450e-03,5.463351e-02
13.22900,2.099775e+02,-2.143034e+02,-3.140237e-03,5.548645e-02
13.23000,2.119848e+02,-2.137343e+02,-3.249597e-03,5.633149e-02
13.23100,2.140535e+02,-2.133860e+02,-3.367498e-03,5.716835e-02
13.23200,2.161786e+02,-2.132784e+02,-3.493907e-03,5.799673e-02
13.23300,2.183519e+02,-2.132993e+02,-3.628783e-03,5.881634e-02
13.23400,2.205618e+02,-2.132860e+02,-3.772079e-03,5.962686e-02
13.23500,2.227806e+02,-2.131292e+02,-3.923745e-03,6.042798e-02
13.23600,2.249926e+02,-2.128318e+02,-4.083729e-03,6.121940e-02
13.23700,2.272050e+02,-2.124649e+02,-4.251971e-03,6.200078e-02
13.23800,2.294161e+02,-2.121246e+02,-4.428401e-03,6.277182e-02
13.23900,2.316340e+02,-2.119540e+02,-4.612946e-03,6.353219e-02
13.24000,2.339009e+02,-2.121022e+02,-4.805528e-03,6.428156e-02
13.24100,2.362349e+02,-2.125780e+02,-5.006053e-03,6.501961e-02
13.24200,2.385920e+02,-2.131914e+02,-5.214421e-03,6.574603e-02
13.24300,2.409253e+02,-2.136814e+02,-5.430529e-03,6.646048e-02
13.24400,2.432213e+02,-2.138857e+02,-5.654261e-03,6.716266e-02
13.24500,2.454767e+02,-2.138390e+02,-5.885491e-03,6.785226e-02
13.24600,2.477035e+02,-2.137734e+02,-6.124081e-03,6.852897e-02
13.24700,2.499377e+02,-2.139712e+02,-6.369888e-03,6.919248e-02
13.24800,2.522014e+02,-2.145509e+02,-6.622751e-03,6.984251e-02
13.24900,2.544803e+02,-2.154208e+02,-6.882500e-03,7.047877e-02
13.25000,2.567539e+02,-2.164191e+02,-7.148960e-03,7.110099e-02
13.25100,2.590165e+02,-2.174398e+02,-7.421945e-03,7.170890e-02
13.25200,2.612564e+02,-2.184583e+02,-7.701255e-03,7.230225e-02
13.25300,2.634411e+02,-2.194988e+02,-7.986679e-03,7.288080e-02
13.25400,2.655479e+02,-2.205742e+02,-8.278000e-03,7.344432e-02
13.25500,2.675880e+02,-2.216602e+02,-8.574988e-03,7.399260e-02
13.25600,2.695769e+02,-2.227375e+02,-8.877403e-03,7.452543e-02
13.25700,2.715097e+02,-2.238106e+02,-9.184998e-03,7.504262e-02
13.25800,2.733762e+02,-2.248701e+02,-9.497519e-03,7.554400e-02
13.25900,2.751716e+02,-2.258916e+02,-9.814706e-03,7.602941e-02
13.26000,2.768984e+02,-2.268903e+02,-1.013629e-02,7.649870e-02
13.26100,2.785719e+02,-2.279346e+02,-1.046199e-02,7.695175e-02
13.26200,2.802172e+02,-2.290950e+02,-1.079152e-02,7.738844e-02
13.26300,2.818352e+02,-2.303826e+02,-1.112461e-02,7.780866e-02
13.26400,2.833599e+02,-2.316985e+02,-1.146096e-02,7.821233e-02
13.26500,2.847099e+02,-2.328418e+02,-1.180026e-02,7.859936e-02
13.26600,2.858815e+02,-2.336444e+02,-1.214224e-02,7.896971e-02
13.26700,2.869228e+02,-2.341313e+02,-1.248657e-02,7.932330e-02
13.26800,2.878761e+02,-2.344992e+02,-1.283297e-02,7.966013e-02
13.26900,2.887887e+02,-2.349445e+02,-1.318111e-02,7.998014e-02
13.27000,2.896834e+02,-2.355314e+02,-1.353070e-02,8.028335e-02
13.27100,2.905219e+02,-2.361691e+02,-1.388143e-02,8.056973e-02
13.27200,2.912565e+02,-2.366680e+02,-1.423298e-02,8.083930e-02
13.27300,2.918675e+02,-2.368497e+02,-1.458504e-02,8.109207e-02
13.27400,2.923313e+02,-2.366377e+02,-1.493730e-02,8.132807e-02
13.27500,2.926089e+02,-2.360598e+02,-1.528945e-02,8.154734e-02
13.27600,2.926908e+02,-2.351978e+02,-1.564117e-02,8.174992e-02
13.27700,2.926266e+02,-2.341585e+02,-1.599215e-02,8.193587e-02
13.27800,2.924768e+02,-2.330525e+02,-1.634208e-02,8.210525e-02
13.27900,2.922655e+02,-2.319206e+02,-1.669066e-02,8.225813e-02
13.28000,2.919921e+02,-2.306774e+02,-1.703756e-02,8.239459e-02
13.28100,2.916272e+02,-2.291595e+02,-1.738248e-02,8.251473e-02
13.28200,2.911166e+02,-2.272278e+02,-1.772511e-02,8.261864e-02
13.28300,2.904435e+02,-2.248605e+02,-1.806516e-02,8.270644e-02
13.28400,2.896436e+02,-2.221899e+02,-1.840231e-02,8.277823e-02
13.28500,2.887501e+02,-2.194025e+02,-1.873628e-02,8.283414e-02
13.28600,2.877647e+02,-2.165716e+02,-1.906677e-02,8.287432e-02
13.28700,2.866777e+02,-2.136170e+02,-1.939349e-02,8.289889e-02
13.28800,2.854982e+02,-2.104064e+02,-1.971615e-02,8.290801e-02
13.28900,2.842453e+02,-2.068588e+02,-2.003449e-02,8.290185e-02
13.29000,2.829203e+02,-2.029817e+02,-2.034822e-02,8.288056e-02
13.29100,2.815183e+02,-1.988450e+02,-2.065709e-02,8.284433e-02
13.29200,2.800326e+02,-1.945083e+02,-2.096083e-02,8.279335e-02
13.29300,2.784395e+02,-1.899646e+02,-2.125920e-02,8.272779e-02
13.29400,2.767349e+02,-1.851690e+02,-2.155197e-02,8.264786e-02
13.29500,2.749590e+02,-1.801174e+02,-2.183890e-02,8.255376e-02
13.29600,2.731366e+02,-1.748574e+02,-2.211978e-02,8.244571e-02
13.29700,2.712526e+02,-1.694430e+02,-2.239440e-02,8.232391e-02
13.29800,2.693134e+02,-1.639394e+02,-2.266256e-02,8.218860e-02
13.29900,2.673696e+02,-1.584475e+02,-2.292410e-02,8.203999e-02
13.30000,2.654651e+02,-1.530599e+02,-2.317885e-02,8.187831e-02
13.30100,2.636073e+02,-1.477868e+02,-2.342664e-02,8.170381e-02
13.30200,2.617736e+02,-1.425288e+02,-2.366735e-02,8.151671e-02
13.30300,2.599043e+02,-1.371088e+02,-2.390085e-02,8.131727e-02
13.30400,2.579329e+02,-1.313599e+02,-2.412703e-02,8.110571e-02
13.30500,2.558630e+02,-1.252607e+02,-2.434580e-02,8.088228e-02
13.30600,2.537731e+02,-1.190026e+02,-2.455708e-02,8.064722e-02
13.30700,2.517291e+02,-1.128718e+02,-2.476081e-02,8.040077e-02
13.30800,2.497409e+02,-1.070439e+02,-2.495695e-02,8.014318e-02
13.30900,2.477954e+02,-1.014999e+02,-2.514546e-02,7.987469e-02
13.31000,2.458802e+02,-9.608619e+01,-2.532632e-02,7.959553e-02
13.31100,2.439858e+02,-9.062434e+01,-2.549954e-02,7.930594e-02
13.31200,2.421156e+02,-8.501304e+01,-2.566512e-02,7.900617e-02
13.31300,2.402717e+02,-7.927295e+01,-2.582308e-02,7.869644e-02
13.31400,2.384246e+02,-7.350303e+01,-2.597348e-02,7.837699e-02
13.31500,2.365487e+02,-6.781652e+01,-2.611635e-02,7.804805e-02
13.31600,2.346735e+02,-6.232011e+01,-2.625176e-02,7.770985e-02
13.31700,2.328623e+02,-5.709112e+01,-2.637979e-02,7.736260e-02
13.31800,2.311594e+02,-5.212705e+01,-2.650053e-02,7.700654e-02
13.31900,2.295619e+02,-4.733618e+01,-2.661405e-02,7.664187e-02
13.32000,2.280305e+02,-4.259330e+01,-2.672048e-02,7.626883e-02
13.32100,2.265325e+02,-3.781997e+01,-2.681991e-02,7.588761e-02
13.32200,2.250598e+02,-3.305148e+01,-2.691247e-02,7.549844e-02
13.32300,2.236143e+02,-2.841034e+01,-2.699829e-02,7.510152e-02
13.32400,2.221899e+02,-2.397170e+01,-2.707748e-02,7.469706e-02
13.32500,2.207540e+02,-1.968193e+01,-2.715020e-02,7.428526e-02
13.32600,2.192798e+02,-1.542108e+01,-2.721658e-02,7.386631e-02
13.32700,2.178075e+02,-1.111248e+01,-2.727677e-02,7.344041e-02
13.32800,2.164141e+02,-6.791437e+00,-2.733090e-02,7.300776e-02
13.32900,2.151447e+02,-2.598025e+00,-2.737913e-02,7.256853e-02
13.33000,2.139948e+02,1.324276e+00,-2.742161e-02,7.212292e-02
13.33100,2.129180e+02,4.950309e+00,-2.745848e-02,7.167110e-02
13.33200,2.118588e+02,8.384585e+00,-2.748988e-02,7.121326e-02
13.33300,2.107958e+02,1.175285e+01,-2.751598e-02,7.074954e-02
13.33400,2.097420e+02,1.511666e+01,-2.753691e-02,7.028013e-02
13.33500,2.087081e+02,1.847721e+01,-2.755282e-02,6.980516e-02
13.33600,2.076713e+02,2.178871e+01,-2.756384e-02,6.932481e-02
13.33700,2.066075e+02,2.497089e+01,-2.757011e-02,6.883921e-02
13.33800,2.055476e+02,2.795917e+01,-2.757178e-02,6.834850e-02
13.33900,2.045425e+02,3.074128e+01,-2.756895e-02,6.785281e-02
13.34000,2.036077e+02,3.336776e+01,-2.756177e-02,6.735226e-02
13.34100,2.027270e+02,3.597033e+01,-2.755034e-02,6.684698e-02
13.34200,2.018459e+02,3.872403e+01,-2.753478e-02,6.633708e-02
13.34300,2.009002e+02,4.171582e+01,-2.751521e-02,6.582264e-02
13.34400,1.999000e+02,4.484397e+01,-2.749172e-02,6.530377e-02
13.34500,1.989191e+02,4.787342e+01,-2.746441e-02,6.478054e-02
13.34600,1.980048e+02,5.059541e+01,-2.743338e-02,6.425304e-02
13.34700,1.971481e+02,5.294300e+01,-2.739869e-02,6.372132e-02
13.34800,1.963142e+02,5.501498e+01,-2.736043e-02,6.318545e-02
13.34900,1.954816e+02,5.702182e+01,-2.731866e-02,6.264548e-02
13.35000,1.946538e+02,5.914585e+01,-2.727344e-02,6.210144e-02
13.35100,1.938396e+02,6.142639e+01,-2.722484e-02,6.155338e-02
13.35200,1.930317e+02,6.380125e+01,-2.717288e-02,6.100131e-02
13.35300,1.921891e+02,6.620320e+01,-2.711761e-02,6.044526e-02
13.35400,1.912591e+02,6.857328e+01,-2.705905e-02,5.988523e-02
13.35500,1.902459e+02,7.085392e+01,-2.699724e-02,5.932124e-02
13.35600,1.892151e+02,7.302763e+01,-2.693217e-02,5.875328e-02
13.35700,1.882212e+02,7.513161e+01,-2.686385e-02,5.818133e-02
13.35800,1.872664e+02,7.721680e+01,-2.679228e-02,5.760540e-02
13.35900,1.863202e+02,7.931842e+01,-2.671744e-02,5.702545e-02
13.36000,1.853555e+02,8.144909e+01,-2.663932e-02,5.644147e-02
13.36100,1.843638e+02,8.357979e+01,-2.655788e-02,5.585342e-02
13.36200,1.833465e+02,8.566084e+01,-2.647309e-02,5.526128e-02
13.36300,1.823039e+02,8.770153e+01,-2.638491e-02,5.466501e-02
13.36400,1.812201e+02,8.978490e+01,-2.629329e-02,5.406456e-02
13.36500,1.800721e+02,9.197362e+01,-2.619817e-02,5.345991e-02
13.36600,1.788812e+02,9.423121e+01,-2.609948e-02,5.285099e-02
13.36700,1.777196e+02,9.643672e+01,-2.599715e-02,5.223777e-02
13.36800,1.766328e+02,9.845702e+01,-2.589112e-02,5.162019e-02
13.36900,1.755959e+02,1.002337e+02,-2.578129e-02,5.099820e-02
13.37000,1.745571e+02,1.018394e+02,-2.566757e-02,5.037175e-02
13.37100,1.734765e+02,1.034377e+02,-2.554990e-02,4.974077e-02
13.37200,1.723321e+02,1.051735e+02,-2.542815e-02,4.910520e-02
13.37300,1.711396e+02,1.071103e+02,-2.530225e-02,4.846499e-02
13.37400,1.699349e+02,1.092262e+02,-2.517210e-02,4.782006e-02
13.37500,1.687176e+02,1.114157e+02,-2.503758e-02,4.717036e-02
13.37600,1.674713e+02,1.135253e+02,-2.489860e-02,4.651581e-02
13.37700,1.662252e+02,1.154324e+02,-2.475505e-02,4.585635e-02
13.37800,1.650342e+02,1.171024e+02,-2.460685e-02,4.519190e-02
13.37900,1.639230e+02,1.186050e+02,-2.445387e-02,4.452240e-02
13.38000,1.628703e+02,1.200900e+02,-2.429604e-02,4.384776e-02
13.38100,1.618246e+02,1.216907e+02,-2.413325e-02,4.316792e-02
13.38200,1.607351e+02,1.234144e+02,-2.396540e-02,4.248279e-02
13.38300,1.595818e+02,1.251319e+02,-2.379242e-02,4.179230e-02
13.38400,1.583959e+02,1.266832e+02,-2.361422e-02,4.109637e-02
13.38500,1.572316e+02,1.279953e+02,-2.343071e-02,4.039492e-02
13.38600,1.561038e+02,1.291200e+02,-2.324184e-02,3.968788e-02
13.38700,1.549996e+02,1.301923e+02,-2.304753e-02,3.897517e-02
13.38800,1.539330e+02,1.313313e+02,-2.284773e-02,3.825670e-02
13.38900,1.529324e+02,1.325636e+02,-2.264240e-02,3.753242e-02
13.39000,1.520050e+02,1.338516e+02,-2.243149e-02,3.680223e-02
13.39100,1.511279e+02,1.351593e+02,-2.221498e-02,3.606607e-02
13.39200,1.502544e+02,1.364512e+02,-2.199285e-02,3.532387e-02
13.39300,1.493493e+02,1.376718e+02,-2.176509e-02,3.457556e-02
13.39400,1.484173e+02,1.387667e+02,-2.153172e-02,3.382108e-02
13.39500,1.475013e+02,1.397141e+02,-2.129274e-02,3.306037e-02
13.39600,1.466564e+02,1.405384e+02,-2.104820e-02,3.229336e-02
13.39700,1.458902e+02,1.412885e+02,-2.079814e-02,3.152002e-02
13.39800,1.451602e+02,1.419949e+02,-2.054262e-02,3.074029e-02
13.39900,1.444490e+02,1.426363e+02,-2.028171e-02,2.995414e-02
13.40000,1.437724e+02,1.431578e+02,-2.001549e-02,2.916152e-02
13.40100,1.431339e+02,1.435610e+02,-1.974408e-02,2.836242e-02
13.40200,1.425325e+02,1.439560e+02,-1.946758e-02,2.755681e-02
13.40300,1.419656e+02,1.444654e+02,-1.918614e-02,2.674467e-02
13.40400,1.414176e+02,1.450919e+02,-1.889989e-02,2.592600e-02
13.40500,1.408857e+02,1.457101e+02,-1.860900e-02,2.510079e-02
13.40600,1.403983e+02,1.461603e+02,-1.831364e-02,2.426905e-02
13.40700,1.399811e+02,1.463620e+02,-1.801400e-02,2.343080e-02
13.40800,1.396150e+02,1.463909e+02,-1.771029e-02,2.258605e-02
13.40900,1.392589e+02,1.464384e+02,-1.740271e-02,2.173483e-02
13.41000,1.389056e+02,1.466576e+02,-1.709151e-02,2.087719e-02
13.41100,1.385737e+02,1.470615e+02,-1.677691e-02,2.001316e-02
13.41200,1.382761e+02,1.475802e+02,-1.645917e-02,1.914280e-02
13.41300,1.380275e+02,1.481418e+02,-1.613855e-02,1.826617e-02
13.41400,1.378311e+02,1.486631e+02,-1.581534e-02,1.738333e-02
13.41500,1.376628e+02,1.490457e+02,-1.548981e-02,1.649438e-02
13.41600,1.375172e+02,1.492248e+02,-1.516226e-02,1.559939e-02
13.41700,1.374320e+02,1.492011e+02,-1.483298e-02,1.469847e-02
13.41800,1.374403e+02,1.490635e+02,-1.450228e-02,1.379170e-02
13.41900,1.375282e+02,1.490003e+02,-1.417047e-02,1.287922e-02
13.42000,1.376449e+02,1.491969e+02,-1.383788e-02,1.196113e-02
13.42100,1.377421e+02,1.496783e+02,-1.350482e-02,1.103756e-02
13.42200,1.378048e+02,1.503007e+02,-1.317163e-02,1.010865e-02
13.42300,1.378548e+02,1.509144e+02,-1.283863e-02,9.174550e-03
13.42400,1.379322e+02,1.514968e+02,-1.250615e-02,8.235409e-03
13.42500,1.380663e+02,1.521315e+02,-1.217453e-02,7.291390e-03
13.42600,1.382601e+02,1.529021e+02,-1.184408e-02,6.342663e-03
13.42700,1.385085e+02,1.538054e+02,-1.151515e-02,5.389404e-03
13.42800,1.388220e+02,1.547512e+02,-1.118805e-02,4.431799e-03
13.42900,1.392086e+02,1.556548e+02,-1.086312e-02,3.470039e-03
13.43000,1.396416e+02,1.565319e+02,-1.054066e-02,2.504326e-03
13.43100,1.400799e+02,1.574846e+02,-1.022099e-02,1.534863e-03
13.43200,1.405048e+02,1.585925e+02,-9.904422e-03,5.618641e-04
13.43300,1.409215e+02,1.598282e+02,-9.591253e-03,-4.144520e-04
13.43400,1.413538e+02,1.610950e+02,-9.281778e-03,-1.393860e-03
13.43500,1.418330e+02,1.623363e+02,-8.976283e-03,-2.376132e-03
13.43600,1.423644e+02,1.635790e+02,-8.675044e-03,-3.361032e-03
13.43700,1.429205e+02,1.648753e+02,-8.378328e-03,-4.348321e-03
13.43800,1.434845e+02,1.662402e+02,-8.086393e-03,-5.337760e-03
13.43900,1.440747e+02,1.676650e+02,-7.799491e-03,-6.329104e-03
13.44000,1.447160e+02,1.691767e+02,-7.517859e-03,-7.322108e-03
13.44100,1.454108e+02,1.708542e+02,-7.241724e-03,-8.316525e-03
13.44200,1.461507e+02,1.727632e+02,-6.971304e-03,-9.312108e-03
13.44300,1.469226e+02,1.748586e+02,-6.706806e-03,-1.030861e-02
13.44400,1.476997e+02,1.769583e+02,-6.448425e-03,-1.130579e-02
13.44500,1.484756e+02,1.788524e+02,-6.196344e-03,-1.230340e-02
13.44600,1.492802e+02,1.804789e+02,-5.950741e-03,-1.330120e-02
13.44700,1.501297e+02,1.819831e+02,-5.711780e-03,-1.429896e-02
13.44800,1.510159e+02,1.835894e+02,-5.479616e-03,-1.529645e-02
13.44900,1.519389e+02,1.854176e+02,-5.254398e-03,-1.629344e-02
13.45000,1.529035e+02,1.874166e+02,-5.036263e-03,-1.728971e-02
13.45100,1.539064e+02,1.894360e+02,-4.825337e-03,-1.828503e-02
13.45200,1.549339e+02,1.913458e+02,-4.621739e-03,-1.927921e-02
13.45300,1.559624e+02,1.931091e+02,-4.425581e-03,-2.027203e-02
13.45400,1.569731e+02,1.947560e+02,-4.236969e-03,-2.126330e-02
13.45500,1.579659e+02,1.963068e+02,-4.055997e-03,-2.225283e-02
13.45600,1.589670e+02,1.977615e+02,-3.882756e-03,-2.324041e-02
13.45700,1.600249e+02,1.991687e+02,-3.717333e-03,-2.422589e-02
13.45800,1.611640e+02,2.006414e+02,-3.559803e-03,-2.520907e-02
13.45900,1.623585e+02,2.022622e+02,-3.410239e-03,-2.618979e-02
13.46000,1.635691e+02,2.040014e+02,-3.268710e-03,-2.716789e-02
13.46100,1.647759e+02,2.057365e+02,-3.135279e-03,-2.814321e-02
13.46200,1.659823e+02,2.073314e+02,-3.010002e-03,-2.911559e-02
13.46300,1.672072e+02,2.087164e+02,-2.892930e-03,-3.008488e-02
13.46400,1.684708e+02,2.099218e+02,-2.784111e-03,-3.105093e-02
13.46500,1.697806e+02,2.110061e+02,-2.683592e-03,-3.201359e-02
13.46600,1.711195e+02,2.119489e+02,-2.591414e-03,-3.297271e-02
13.46700,1.724625e+02,2.126741e+02,-2.507615e-03,-3.392817e-02
13.46800,1.738115e+02,2.131911e+02,-2.432233e-03,-3.487980e-02
13.46900,1.751827e+02,2.136438e+02,-2.365296e-03,-3.582746e-02
13.47000,1.765796e+02,2.142099e+02,-2.306830e-03,-3.677102e-02
13.47100,1.780131e+02,2.149780e+02,-2.256859e-03,-3.771031e-02
13.47200,1.794981e+02,2.158905e+02,-2.215408e-03,-3.864520e-02
13.47300,1.810246e+02,2.167698e+02,-2.182492e-03,-3.957552e-02
13.47400,1.825737e+02,2.174384e+02,-2.158127e-03,-4.050113e-02
13.47500,1.841420e+02,2.178418e+02,-2.142329e-03,-4.142185e-02
13.47600,1.857307e+02,2.180418e+02,-2.135107e-03,-4.233752e-02
13.47700,1.873418e+02,2.181189e+02,-2.136468e-03,-4.324797e-02
13.47800,1.889871e+02,2.181362e+02,-2.146417e-03,-4.415303e-02
13.47900,1.906820e+02,2.181613e+02,-2.164958e-03,-4.505252e-02
13.48000,1.924287e+02,2.182495e+02,-2.192092e-03,-4.594624e-02
13.48100,1.942133e+02,2.183980e+02,-2.227815e-03,-4.683401e-02
13.48200,1.960157e+02,2.185264e+02,-2.272127e-03,-4.771563e-02
13.48300,1.978206e+02,2.185000e+02,-2.325022e-03,-4.859090e-02
13.48400,1.996215e+02,2.182123e+02,-2.386493e-03,-4.945959e-02
13.48500,2.014254e+02,2.176906e+02,-2.456530e-03,-5.032150e-02
13.48600,2.032528e+02,2.171058e+02,-2.535121e-03,-5.117640e-02
13.48700,2.051245e+02,2.166503e+02,-2.622254e-03,-5.202407e-02
13.48800,2.070452e+02,2.164039e+02,-2.717912e-03,-5.286427e-02
13.48900,2.090020e+02,2.163110e+02,-2.822077e-03,-5.369675e-02
13.49000,2.109853e+02,2.162606e+02,-2.934730e-03,-5.452127e-02
13.49100,2.129990e+02,2.161761e+02,-3.055846e-03,-5.533758e-02
13.49200,2.150486e+02,2.160498e+02,-3.185398e-03,-5.614541e-02
13.49300,2.171330e+02,2.159110e+02,-3.323355e-03,-5.694450e-02
13.49400,2.192528e+02,2.157730e+02,-3.469685e-03,-5.773457e-02
13.49500,2.214022e+02,2.156249e+02,-3.624347e-03,-5.851535e-02
13.49600,2.235597e+02,2.154743e+02,-3.787296e-03,-5.928656e-02
13.49700,2.257139e+02,2.153704e+02,-3.958482e-03,-6.004791e-02
13.49800,2.278753e+02,2.153635e+02,-4.137850e-03,-6.079912e-02
13.49900,2.300478e+02,2.154618e+02,-4.325333e-03,-6.153989e-02
13.50000,2.322276e+02,2.156399e+02,-4.520863e-03,-6.226993e-02
13.50100,2.344214e+02,2.158726e+02,-4.724361e-03,-6.298894e-02
13.50200,2.366327e+02,2.161535e+02,-4.935740e-03,-6.369663e-02
13.50300,2.388501e+02,2.164804e+02,-5.154902e-03,-6.439272e-02
13.50400,2.410599e+02,2.168259e+02,-5.381740e-03,-6.507690e-02
13.50500,2.432504e+02,2.171435e+02,-5.616137e-03,-6.574888e-02
13.50600,2.454143e+02,2.174346e+02,-5.857964e-03,-6.640837e-02
13.50700,2.475557e+02,2.178028e+02,-6.107082e-03,-6.705510e-02
13.50800,2.496979e+02,2.184076e+02,-6.363341e-03,-6.768879e-02
13.50900,2.518777e+02,2.193555e+02,-6.626579e-03,-6.830915e-02
13.51000,2.541097e+02,2.206160e+02,-6.896623e-03,-6.891593e-02
13.51100,2.563563e+02,2.220130e+02,-7.173289e-03,-6.950886e-02
13.51200,2.585520e+02,2.233135e+02,-7.456383e-03,-7.008771e-02
13.51300,2.606425e+02,2.243685e+02,-7.745696e-03,-7.065222e-02
13.51400,2.626043e+02,2.251704e+02,-8.041007e-03,-7.120217e-02
13.51500,2.644562e+02,2.258036e+02,-8.342089e-03,-7.173734e-02
13.51600,2.662503e+02,2.263952e+02,-8.648702e-03,-7.225752e-02
13.51700,2.680354e+02,2.270909e+02,-8.960598e-03,-7.276252e-02
13.51800,2.698162e+02,2.279992e+02,-9.277517e-03,-7.325215e-02
13.51900,2.715639e+02,2.291340e+02,-9.599194e-03,-7.372624e-02
13.52000,2.732629e+02,2.304125e+02,-9.925354e-03,-7.418464e-02
13.52100,2.749036e+02,2.316888e+02,-1.025571e-02,-7.462721e-02
13.52200,2.764574e+02,2.328133e+02,-1.058998e-02,-7.505381e-02
13.52300,2.779089e+02,2.337271e+02,-1.092786e-02,-7.546432e-02
13.52400,2.792616e+02,2.345030e+02,-1.126905e-02,-7.585864e-02
13.52500,2.805009e+02,2.352528e+02,-1.161325e-02,-7.623668e-02
13.52600,2.816124e+02,2.360085e+02,-1.196013e-02,-7.659836e-02
13.52700,2.826129e+02,2.367180e+02,-1.230939e-02,-7.694362e-02
13.52800,2.835187e+02,2.373145e+02,-1.266071e-02,-7.727239e-02
13.52900,2.843238e+02,2.377661e+02,-1.301376e-02,-7.758464e-02
13.53000,2.850277e+02,2.380867e+02,-1.336822e-02,-7.788033e-02
13.53100,2.856459e+02,2.382949e+02,-1.372376e-02,-7.815944e-02
13.53200,2.861739e+02,2.383457e+02,-1.408006e-02,-7.842197e-02
13.53300,2.865755e+02,2.381296e+02,-1.443677e-02,-7.866793e-02
13.53400,2.868202e+02,2.375667e+02,-1.479357e-02,-7.889731e-02
13.53500,2.869028e+02,2.366762e+02,-1.515014e-02,-7.911015e-02
13.53600,2.868306e+02,2.355443e+02,-1.550614e-02,-7.930648e-02
13.53700,2.866349e+02,2.342571e+02,-1.586123e-02,-7.948635e-02
13.53800,2.863755e+02,2.328784e+02,-1.621510e-02,-7.964981e-02
13.53900,2.860941e+02,2.314456e+02,-1.656741e-02,-7.979693e-02
13.54000,2.857809e+02,2.299571e+02,-1.691784e-02,-7.992778e-02
13.54100,2.853962e+02,2.283639e+02,-1.726607e-02,-8.004245e-02
13.54200,2.849011e+02,2.265610e+02,-1.761178e-02,-8.014105e-02
13.54300,2.842634e+02,2.244021e+02,-1.795466e-02,-8.022366e-02
13.54400,2.834608e+02,2.217881e+02,-1.829438e-02,-8.029042e-02
13.54500,2.824977e+02,2.187656e+02,-1.863067e-02,-8.034144e-02
13.54600,2.814045e+02,2.155138e+02,-1.896320e-02,-8.037686e-02
13.54700,2.802131e+02,2.122170e+02,-1.929170e-02,-8.039683e-02
13.54800,2.789537e+02,2.089322e+02,-1.961587e-02,-8.040150e-02
13.54900,2.776598e+02,2.055518e+02,-1.993544e-02,-8.039104e-02
13.55000,2.763365e+02,2.018894e+02,-2.025015e-02,-8.036562e-02
13.55100,2.749454e+02,1.978228e+02,-2.055973e-02,-8.032541e-02
13.55200,2.734536e+02,1.933671e+02,-2.086393e-02,-8.027061e-02
13.55300,2.718675e+02,1.886350e+02,-2.116253e-02,-8.020142e-02
13.55400,2.702120e+02,1.837610e+02,-2.145528e-02,-8.011804e-02
13.55500,2.685155e+02,1.788553e+02,-2.174198e-02,-8.002067e-02
13.55600,2.668035e+02,1.739859e+02,-2.202242e-02,-7.990954e-02
13.55700,2.650703e+02,1.691762e+02,-2.229642e-02,-7.978487e-02
13.55800,2.632854e+02,1.643995e+02,-2.256380e-02,-7.964687e-02
13.55900,2.614464e+02,1.595707e+02,-2.282441e-02,-7.949579e-02
13.56000,2.595909e+02,1.545695e+02,-2.307809e-02,-7.933186e-02
13.56100,2.577535e+02,1.493169e+02,-2.332472e-02,-7.915531e-02
13.56200,2.559360e+02,1.438392e+02,-2.356418e-02,-7.896639e-02
13.56300,2.541120e+02,1.382363e+02,-2.379637e-02,-7.876534e-02
13.56400,2.522432e+02,1.325847e+02,-2.402120e-02,-7.855240e-02
13.56500,2.502997e+02,1.268899e+02,-2.423860e-02,-7.832781e-02
13.56600,2.482940e+02,1.211289e+02,-2.444852e-02,-7.809180e-02
13.56700,2.462857e+02,1.153253e+02,-2.465091e-02,-7.784464e-02
13.56800,2.443384e+02,1.095819e+02,-2.484575e-02,-7.758654e-02
13.56900,2.424913e+02,1.040253e+02,-2.503303e-02,-7.731776e-02
13.57000,2.407605e+02,9.869761e+01,-2.521274e-02,-7.703853e-02
13.57100,2.391262e+02,9.350530e+01,-2.538490e-02,-7.674908e-02
13.57200,2.375300e+02,8.828918e+01,-2.554953e-02,-7.644964e-02
13.57300,2.359035e+02,8.295059e+01,-2.570669e-02,-7.614044e-02
13.57400,2.342028e+02,7.751442e+01,-2.585640e-02,-7.582171e-02
13.57500,2.324393e+02,7.209481e+01,-2.599875e-02,-7.549368e-02
13.57600,2.306816e+02,6.682511e+01,-2.613379e-02,-7.515654e-02
13.57700,2.290156e+02,6.179605e+01,-2.626162e-02,-7.481054e-02
13.57800,2.274980e+02,5.702252e+01,-2.638233e-02,-7.445586e-02
13.57900,2.261203e+02,5.246003e+01,-2.649601e-02,-7.409273e-02
13.58000,2.248141e+02,4.802209e+01,-2.660278e-02,-7.372135e-02
13.58100,2.235133e+02,4.356960e+01,-2.670275e-02,-7.334192e-02
13.58200,2.221907e+02,3.896335e+01,-2.679604e-02,-7.295464e-02
13.58300,2.208445e+02,3.418587e+01,-2.688278e-02,-7.255971e-02
13.58400,2.194889e+02,2.938318e+01,-2.696309e-02,-7.215730e-02
13.58500,2.181449e+02,2.477422e+01,-2.703712e-02,-7.174763e-02
13.58600,2.168308e+02,2.052319e+01,-2.710501e-02,-7.133085e-02
13.58700,2.155716e+02,1.664847e+01,-2.716688e-02,-7.090715e-02
13.58800,2.144018e+02,1.301023e+01,-2.722289e-02,-7.047671e-02
13.58900,2.133427e+02,9.417556e+00,-2.727318e-02,-7.003970e-02
13.59000,2.123750e+02,5.783545e+00,-2.731789e-02,-6.959627e-02
13.59100,2.114450e+02,2.158785e+00,-2.735717e-02,-6.914660e-02
13.59200,2.105060e+02,-1.374475e+00,-2.739116e-02,-6.869084e-02
13.59300,2.095396e+02,-4.783322e+00,-2.742000e-02,-6.822914e-02
13.59400,2.085475e+02,-8.078171e+00,-2.744383e-02,-6.776164e-02
13.59500,2.075449e+02,-1.129222e+01,-2.746278e-02,-6.728849e-02
13.59600,2.065430e+02,-1.445983e+01,-2.747700e-02,-6.680983e-02
13.59700,2.055402e+02,-1.759207e+01,-2.748661e-02,-6.632577e-02
13.59800,2.045572e+02,-2.069245e+01,-2.749173e-02,-6.583645e-02
13.59900,2.036459e+02,-2.378095e+01,-2.749250e-02,-6.534199e-02
13.60000,2.028379e+02,-2.686185e+01,-2.748904e-02,-6.484249e-02
13.60100,2.021072e+02,-2.988862e+01,-2.748144e-02,-6.433806e-02
13.60200,2.013798e+02,-3.280896e+01,-2.746982e-02,-6.382880e-02
13.60300,2.005721e+02,-3.563484e+01,-2.745428e-02,-6.331481e-02
13.60400,1.996463e+02,-3.842758e+01,-2.743491e-02,-6.279615e-02
13.60500,1.986417e+02,-4.121587e+01,-2.741181e-02,-6.227291e-02
13.60600,1.976443e+02,-4.394608e+01,-2.738504e-02,-6.174517e-02
13.60700,1.967224e+02,-4.650454e+01,-2.735468e-02,-6.121297e-02
13.60800,1.958889e+02,-4.880446e+01,-2.732080e-02,-6.067639e-02
13.60900,1.951176e+02,-5.089392e+01,-2.728345e-02,-6.013546e-02
13.61000,1.943732e+02,-5.297154e+01,-2.724269e-02,-5.959023e-02
13.61100,1.936162e+02,-5.525461e+01,-2.719855e-02,-5.904074e-02
13.61200,1.928007e+02,-5.782337e+01,-2.715108e-02,-5.848702e-02
13.61300,1.918962e+02,-6.058753e+01,-2.710029e-02,-5.792908e-02
13.61400,1.909085e+02,-6.336555e+01,-2.704620e-02,-5.736696e-02
13.61500,1.898757e+02,-6.598868e+01,-2.698882e-02,-5.680065e-02
13.61600,1.888523e+02,-6.837559e+01,-2.692816e-02,-5.623018e-02
13.61700,1.878801e+02,-7.054570e+01,-2.686420e-02,-5.565555e-02
13.61800,1.869469e+02,-7.258172e+01,-2.679693e-02,-5.507674e-02
13.61900,1.859873e+02,-7.459854e+01,-2.672633e-02,-5.449376e-02
13.62000,1.849468e+02,-7.672180e+01,-2.665236e-02,-5.390659e-02
13.62100,1.838353e+02,-7.902887e+01,-2.657498e-02,-5.331522e-02
13.62200,1.827070e+02,-8.147782e+01,-2.649415e-02,-5.271963e-02
13.62300,1.816024e+02,-8.390925e+01,-2.640982e-02,-5.211979e-02
13.62400,1.805290e+02,-8.614377e+01,-2.632191e-02,-5.151568e-02
13.62500,1.794654e+02,-8.810387e+01,-2.623036e-02,-5.090727e-02
13.62600,1.783720e+02,-8.986983e+01,-2.613510e-02,-5.029451e-02
13.62700,1.772393e+02,-9.162348e+01,-2.603604e-02,-4.967738e-02
13.62800,1.761073e+02,-9.350836e+01,-2.593310e-02,-4.905582e-02
13.62900,1.750030e+02,-9.553013e+01,-2.582619e-02,-4.842980e-02
13.63000,1.739024e+02,-9.760038e+01,-2.571521e-02,-4.779926e-02
13.63100,1.727702e+02,-9.965077e+01,-2.560006e-02,-4.716415e-02
13.63200,1.715873e+02,-1.016861e+02,-2.548064e-02,-4.652442e-02
13.63300,1.703521e+02,-1.037586e+02,-2.535684e-02,-4.588001e-02
13.63400,1.690819e+02,-1.058996e+02,-2.522856e-02,-4.523085e-02
13.63500,1.678018e+02,-1.080584e+02,-2.509569e-02,-4.457687e-02
13.63600,1.665341e+02,-1.101271e+02,-2.495812e-02,-4.391802e-02
13.63700,1.653030e+02,-1.120265e+02,-2.481575e-02,-4.325422e-02
13.63800,1.641499e+02,-1.137415e+02,-2.466845e-02,-4.258540e-02
13.63900,1.631175e+02,-1.152886e+02,-2.451614e-02,-4.191147e-02
13.64000,1.621924e+02,-1.167076e+02,-2.435871e-02,-4.123236e-02
13.64100,1.612883e+02,-1.180879e+02,-2.419606e-02,-4.054799e-02
13.64200,1.603110e+02,-1.195465e+02,-2.402808e-02,-3.985828e-02
13.64300,1.592188e+02,-1.211535e+02,-2.385470e-02,-3.916313e-02
13.64400,1.580392e+02,-1.228817e+02,-2.367582e-02,-3.846247e-02
13.64500,1.568510e+02,-1.245948e+02,-2.349137e-02,-3.775621e-02
13.64600,1.557287e+02,-1.260955e+02,-2.330127e-02,-3.704424e-02
13.64700,1.546956e+02,-1.272745e+02,-2.310547e-02,-3.632650e-02
13.64800,1.537272e+02,-1.282336e+02,-2.290391e-02,-3.560289e-02
13.64900,1.527946e+02,-1.292152e+02,-2.269655e-02,-3.487332e-02
13.65000,1.518971e+02,-1.304072e+02,-2.248336e-02,-3.413771e-02
13.65100,1.510424e+02,-1.318176e+02,-2.226431e-02,-3.339597e-02
13.65200,1.502152e+02,-1.332883e+02,-2.203939e-02,-3.264804e-02
13.65300,1.493962e+02,-1.346030e+02,-2.180862e-02,-3.189382e-02
13.65400,1.485842e+02,-1.356147e+02,-2.157200e-02,-3.113325e-02
13.65500,1.477885e+02,-1.363149e+02,-2.132957e-02,-3.036626e-02
13.65600,1.470299e+02,-1.368038e+02,-2.108138e-02,-2.959278e-02
13.65700,1.463298e+02,-1.372080e+02,-2.082749e-02,-2.881275e-02
13.65800,1.456792e+02,-1.376377e+02,-2.056796e-02,-2.802611e-02
13.65900,1.450525e+02,-1.381784e+02,-2.030291e-02,-2.723283e-02
13.66000,1.444500e+02,-1.388570e+02,-2.003242e-02,-2.643286e-02
13.66100,1.438945e+02,-1.396033e+02,-1.975663e-02,-2.562617e-02
13.66200,1.433903e+02,-1.402794e+02,-1.947567e-02,-2.481273e-02
13.66300,1.429097e+02,-1.407725e+02,-1.918970e-02,-2.399251e-02
13.66400,1.424157e+02,-1.410775e+02,-1.889889e-02,-2.316551e-02
13.66500,1.418892e+02,-1.413025e+02,-1.860342e-02,-2.233172e-02
13.66600,1.413515e+02,-1.415799e+02,-1.830348e-02,-2.149114e-02
13.66700,1.408705e+02,-1.419457e+02,-1.799931e-02,-2.064380e-02
13.66800,1.405149e+02,-1.423068e+02,-1.769112e-02,-1.978970e-02
13.66900,1.402915e+02,-1.425455e+02,-1.737915e-02,-1.892888e-02
13.67000,1.401476e+02,-1.426451e+02,-1.706365e-02,-1.806138e-02
13.67100,1.400231e+02,-1.427039e+02,-1.674491e-02,-1.718725e-02
13.67200,1.398800e+02,-1.428454e+02,-1.642319e-02,-1.630654e-02
13.67300,1.397049e+02,-1.431125e+02,-1.609879e-02,-1.541934e-02
13.67400,1.395093e+02,-1.434220e+02,-1.577199e-02,-1.452570e-02
13.67500,1.393195e+02,-1.436276e+02,-1.544312e-02,-1.362573e-02
13.67600,1.391621e+02,-1.436443e+02,-1.511249e-02,-1.271951e-02
13.67700,1.390667e+02,-1.435069e+02,-1.478042e-02,-1.180717e-02
13.67800,1.390611e+02,-1.433329e+02,-1.444724e-02,-1.088880e-02
13.67900,1.391466e+02,-1.432663e+02,-1.411328e-02,-9.964549e-03
13.68000,1.392821e+02,-1.434406e+02,-1.377889e-02,-9.034544e-03
13.68100,1.394052e+02,-1.439396e+02,-1.344440e-02,-8.098933e-03
13.68200,1.394841e+02,-1.447537e+02,-1.311015e-02,-7.157872e-03
13.68300,1.395415e+02,-1.457507e+02,-1.277650e-02,-6.211528e-03
13.68400,1.396250e+02,-1.467001e+02,-1.244379e-02,-5.260075e-03
13.68500,1.397753e+02,-1.473871e+02,-1.211235e-02,-4.303694e-03
13.68600,1.400112e+02,-1.477665e+02,-1.178252e-02,-3.342577e-03
13.68700,1.403153e+02,-1.480101e+02,-1.145465e-02,-2.376925e-03
13.68800,1.406533e+02,-1.483942e+02,-1.112906e-02,-1.406949e-03
13.68900,1.410117e+02,-1.491217e+02,-1.080609e-02,-4.328656e-04
13.69000,1.413921e+02,-1.502004e+02,-1.048606e-02,5.450988e-04
13.69100,1.417884e+02,-1.514571e+02,-1.016927e-02,1.526713e-03
13.69200,1.421916e+02,-1.526880e+02,-9.856033e-03,2.511740e-03
13.69300,1.426040e+02,-1.538126e+02,-9.546649e-03,3.499938e-03
13.69400,1.430372e+02,-1.548881e+02,-9.241405e-03,4.491058e-03
13.69500,1.435037e+02,-1.560170e+02,-8.940577e-03,5.484848e-03
13.69600,1.440173e+02,-1.572814e+02,-8.644435e-03,6.481051e-03
13.69700,1.445892e+02,-1.587245e+02,-8.353238e-03,7.479411e-03
13.69800,1.452131e+02,-1.603386e+02,-8.067230e-03,8.479667e-03
13.69900,1.458785e+02,-1.620737e+02,-7.786648e-03,9.481564e-03
13.70000,1.465887e+02,-1.638662e+02,-7.511715e-03,1.048484e-02
13.70100,1.473346e+02,-1.656524e+02,-7.242642e-03,1.148925e-02
13.70200,1.480833e+02,-1.673887e+02,-6.979630e-03,1.249453e-02
13.70300,1.488112e+02,-1.691018e+02,-6.722869e-03,1.350043e-02
13.70400,1.495206e+02,-1.708815e+02,-6.472539e-03,1.450671e-02
13.70500,1.502374e+02,-1.727721e+02,-6.228805e-03,1.551313e-02
13.70600,1.510052e+02,-1.746921e+02,-5.991827e-03,1.651945e-02
13.70700,1.518612e+02,-1.765008e+02,-5.761752e-03,1.752544e-02
13.70800,1.528104e+02,-1.781275e+02,-5.538720e-03,1.853088e-02
13.70900,1.538233e+02,-1.796365e+02,-5.322860e-03,1.953555e-02
13.71000,1.548597e+02,-1.812046e+02,-5.114292e-03,2.053926e-02
13.71100,1.558974e+02,-1.830138e+02,-4.913130e-03,2.154179e-02
13.71200,1.569311e+02,-1.850995e+02,-4.719480e-03,2.254295e-02
13.71300,1.579589e+02,-1.873002e+02,-4.533438e-03,2.354255e-02
13.71400,1.589898e+02,-1.893870e+02,-4.355098e-03,2.454043e-02
13.71500,1.600443e+02,-1.912279e+02,-4.184549e-03,2.553641e-02
13.71600,1.611365e+02,-1.928353e+02,-4.021871e-03,2.653032e-02
13.71700,1.622695e+02,-1.943236e+02,-3.867139e-03,2.752201e-02
13.71800,1.634452e+02,-1.958499e+02,-3.720425e-03,2.851134e-02
13.71900,1.646617e+02,-1.975345e+02,-3.581795e-03,2.949814e-02
13.72000,1.659085e+02,-1.993819e+02,-3.451310e-03,3.048229e-02
13.72100,1.671764e+02,-2.012721e+02,-3.329029e-03,3.146364e-02
13.72200,1.684673e+02,-2.030154e+02,-3.215008e-03,3.244207e-02
13.72300,1.697784e+02,-2.044238e+02,-3.109300e-03,3.341743e-02
13.72400,1.710945e+02,-2.054077e+02,-3.011951e-03,3.438959e-02
13.72500,1.724142e+02,-2.060653e+02,-2.923008e-03,3.535843e-02
13.72600,1.737580e+02,-2.066510e+02,-2.842513e-03,3.632381e-02
13.72700,1.751446e+02,-2.074185e+02,-2.770502e-03,3.728560e-02
13.72800,1.765834e+02,-2.084719e+02,-2.707011e-03,3.824366e-02
13.72900,1.780803e+02,-2.097254e+02,-2.652073e-03,3.919784e-02
13.73000,1.796261e+02,-2.109754e+02,-2.605717e-03,4.014799e-02
13.73100,1.811995e+02,-2.120368e+02,-2.567968e-03,4.109398e-02
13.73200,1.827939e+02,-2.128500e+02,-2.538851e-03,4.203563e-02
13.73300,1.844181e+02,-2.134722e+02,-2.518386e-03,4.297279e-02
13.73400,1.860755e+02,-2.139882e+02,-2.506588e-03,4.390529e-02
13.73500,1.877629e+02,-2.144419e+02,-2.503470e-03,4.483295e-02
13.73600,1.894781e+02,-2.148241e+02,-2.509041e-03,4.575557e-02
13.73700,1.912180e+02,-2.150897e+02,-2.523309e-03,4.667298e-02
13.73800,1.929798e+02,-2.152001e+02,-2.546277e-03,4.758495e-02
13.73900,1.947613e+02,-2.151627e+02,-2.577945e-03,4.849130e-02
13.74000,1.965636e+02,-2.150331e+02,-2.618312e-03,4.939180e-02
13.74100,1.983931e+02,-2.148937e+02,-2.667373e-03,5.028622e-02
13.74200,2.002584e+02,-2.148232e+02,-2.725119e-03,5.117433e-02
13.74300,2.021643e+02,-2.148426e+02,-2.791541e-03,5.205588e-02
13.74400,2.041101e+02,-2.148785e+02,-2.866624e-03,5.293062e-02
13.74500,2.060856e+02,-2.148057e+02,-2.950351e-03,5.379830e-02
13.74600,2.080768e+02,-2.145436e+02,-3.042700e-03,5.465864e-02
13.74700,2.100805e+02,-2.141237e+02,-3.143646e-03,5.551137e-02
13.74800,2.121135e+02,-2.136906e+02,-3.253164e-03,5.635621e-02
13.74900,2.142002e+02,-2.134221e+02,-3.371222e-03,5.719286e-02
13.75000,2.163459e+02,-2.134037e+02,-3.497786e-03,5.802104e-02
13.75100,2.185332e+02,-2.135595e+02,-3.632817e-03,5.884044e-02
13.75200,2.207397e+02,-2.137051e+02,-3.776273e-03,5.965075e-02
13.75300,2.229415e+02,-2.136656e+02,-3.928101e-03,6.045165e-02
13.75400,2.251213e+02,-2.133663e+02,-4.088247e-03,6.124284e-02
13.75500,2.272845e+02,-2.128676e+02,-4.256652e-03,6.202400e-02
13.75600,2.294501e+02,-2.123420e+02,-4.433248e-03,6.279480e-02
13.75700,2.316364e+02,-2.119869e+02,-4.617962e-03,6.355492e-02
13.75800,2.338655e+02,-2.119232e+02,-4.810712e-03,6.430405e-02
13.75900,2.361534e+02,-2.121470e+02,-5.011408e-03,6.504185e-02
13.76000,2.384908e+02,-2.125446e+02,-5.219952e-03,6.576800e-02
13.76100,2.408410e+02,-2.129487e+02,-5.436238e-03,6.648220e-02
13.76200,2.431626e+02,-2.132375e+02,-5.660150e-03,6.718411e-02
13.76300,2.454446e+02,-2.134292e+02,-5.891563e-03,6.787344e-02
13.76400,2.477129e+02,-2.136751e+02,-6.130340e-03,6.854986e-02
13.76500,2.499996e+02,-2.141425e+02,-6.376335e-03,6.921309e-02
13.76600,2.523166e+02,-2.148980e+02,-6.629391e-03,6.986283e-02
13.76700,2.546475e+02,-2.158784e+02,-6.889340e-03,7.049879e-02
13.76800,2.569497e+02,-2.169367e+02,-7.156002e-03,7.112071e-02
13.76900,2.591838e+02,-2.179324e+02,-7.429188e-03,7.172831e-02
13.77000,2.613462e+02,-2.188205e+02,-7.708700e-03,7.232133e-02
13.77100,2.634620e+02,-2.196545e+02,-7.994327e-03,7.289955e-02
13.77200,2.655493e+02,-2.205080e+02,-8.285850e-03,7.346273e-02
13.77300,2.676042e+02,-2.214190e+02,-8.583037e-03,7.401065e-02
13.77400,2.696166e+02,-2.223957e+02,-8.885651e-03,7.454311e-02
13.77500,2.715746e+02,-2.234270e+02,-9.193442e-03,7.505993e-02
13.77600,2.734591e+02,-2.244907e+02,-9.506156e-03,7.556092e-02
13.77700,2.752625e+02,-2.255812e+02,-9.823531e-03,7.604593e-02
13.77800,2.769966e+02,-2.267232e+02,-1.014530e-02,7.651481e-02
13.77900,2.786695e+02,-2.279504e+02,-1.047118e-02,7.696743e-02
13.78000,2.802899e+02,-2.292815e+02,-1.080089e-02,7.740369e-02
13.78100,2.818769e+02,-2.306913e+02,-1.113415e-02,7.782346e-02
13.78200,2.834227e+02,-2.320703e+02,-1.147066e-02,7.822668e-02
13.78300,2.848694e+02,-2.332415e+02,-1.181013e-02,7.861325e-02
13.78400,2.861527e+02,-2.340715e+02,-1.215226e-02,7.898312e-02
13.78500,2.872505e+02,-2.345713e+02,-1.249674e-02,7.933625e-02
13.78600,2.881876e+02,-2.348922e+02,-1.284328e-02,7.967259e-02
13.78700,2.890199e+02,-2.352319e+02,-1.319156e-02,7.999211e-02
13.78800,2.898050e+02,-2.357102e+02,-1.354128e-02,8.029481e-02
13.78900,2.905598e+02,-2.362790e+02,-1.389212e-02,8.058069e-02
13.79000,2.912449e+02,-2.367466e+02,-1.424377e-02,8.084973e-02
13.79100,2.918069e+02,-2.369100e+02,-1.459593e-02,8.110197e-02
13.79200,2.922229e+02,-2.366712e+02,-1.494827e-02,8.133743e-02
13.79300,2.924916e+02,-2.360553e+02,-1.530048e-02,8.155614e-02
13.79400,2.926084e+02,-2.351660e+02,-1.565226e-02,8.175816e-02
13.79500,2.925760e+02,-2.341284e+02,-1.600328e-02,8.194353e-02
13.79600,2.924207e+02,-2.330334e+02,-1.635323e-02,8.211233e-02
13.79700,2.921795e+02,-2.318991e+02,-1.670182e-02,8.226463e-02
13.79800,2.918779e+02,-2.306638e+02,-1.704871e-02,8.240050e-02
13.79900,2.915180e+02,-2.292072e+02,-1.739362e-02,8.252004e-02
13.80000,2.910702e+02,-2.274011e+02,-1.773622e-02,8.262335e-02
13.80100,2.904867e+02,-2.251856e+02,-1.807622e-02,8.271054e-02
13.80200,2.897453e+02,-2.226090e+02,-1.841332e-02,8.278173e-02
13.80300,2.888744e+02,-2.197836e+02,-1.874723e-02,8.283705e-02
13.80400,2.879160e+02,-2.167925e+02,-1.907763e-02,8.287662e-02
13.80500,2.868691e+02,-2.136283e+02,-1.940426e-02,8.290060e-02
13.80600,2.856941e+02,-2.102026e+02,-1.972681e-02,8.290912e-02
13.80700,2.843600e+02,-2.064316e+02,-2.004502e-02,8.290236e-02
13.80800,2.828739e+02,-2.023331e+02,-2.035861e-02,8.288048e-02
13.80900,2.812875e+02,-1.980226e+02,-2.066732e-02,8.284365e-02
13.81000,2.796799e+02,-1.936116e+02,-2.097089e-02,8.279207e-02
13.81100,2.780975e+02,-1.891347e+02,-2.126908e-02,8.272592e-02
13.81200,2.765203e+02,-1.845571e+02,-2.156164e-02,8.264540e-02
13.81300,2.748975e+02,-1.798133e+02,-2.184836e-02,8.255071e-02
13.81400,2.731908e+02,-1.748593e+02,-2.212901e-02,8.244207e-02
13.81500,2.713855e+02,-1.697136e+02,-2.240340e-02,8.231970e-02
13.81600,2.694859e+02,-1.644396e+02,-2.267131e-02,8.218382e-02
13.81700,2.675144e+02,-1.590920e+02,-2.293259e-02,8.203465e-02
13.81800,2.655109e+02,-1.536966e+02,-2.318707e-02,8.187243e-02
13.81900,2.635227e+02,-1.482554e+02,-2.343459e-02,8.169740e-02
13.82000,2.615843e+02,-1.427283e+02,-2.367502e-02,8.150978e-02
13.82100,2.596941e+02,-1.370261e+02,-2.390823e-02,8.130982e-02
13.82200,2.578005e+02,-1.310747e+02,-2.413412e-02,8.109777e-02
13.82300,2.558305e+02,-1.248944e+02,-2.435260e-02,8.087385e-02
13.82400,2.537531e+02,-1.186166e+02,-2.456359e-02,8.063832e-02
13.82500,2.516112e+02,-1.124385e+02,-2.476702e-02,8.039141e-02
13.82600,2.494902e+02,-1.065324e+02,-2.496286e-02,8.013338e-02
13.82700,2.474612e+02,-1.009362e+02,-2.515106e-02,7.986445e-02
13.82800,2.455388e+02,-9.552269e+01,-2.533162e-02,7.958487e-02
13.82900,2.436881e+02,-9.010209e+01,-2.550452e-02,7.929488e-02
13.83000,2.418702e+02,-8.455964e+01,-2.566979e-02,7.899471e-02
13.83100,2.400710e+02,-7.890524e+01,-2.582745e-02,7.868459e-02
13.83200,2.382987e+02,-7.323353e+01,-2.597754e-02,7.836477e-02
13.83300,2.365585e+02,-6.766291e+01,-2.612011e-02,7.803547e-02
13.83400,2.348353e+02,-6.228019e+01,-2.625522e-02,7.769691e-02
13.83500,2.331138e+02,-5.710214e+01,-2.638296e-02,7.734933e-02
13.83600,2.314035e+02,-5.208950e+01,-2.650339e-02,7.699295e-02
13.83700,2.297273e+02,-4.719021e+01,-2.661663e-02,7.662798e-02
13.83800,2.280990e+02,-4.235119e+01,-2.672278e-02,7.625465e-02
13.83900,2.265153e+02,-3.752740e+01,-2.682193e-02,7.587316e-02
13.84000,2.249583e+02,-3.272377e+01,-2.691423e-02,7.548373e-02
13.84100,2.234201e+02,-2.800502e+01,-2.699979e-02,7.508656e-02
13.84200,2.219235e+02,-2.343711e+01,-2.707874e-02,7.468187e-02
13.84300,2.205001e+02,-1.903370e+01,-2.715122e-02,7.426985e-02
13.84400,2.191472e+02,-1.476064e+01,-2.721737e-02,7.385069e-02
13.84500,2.178262e+02,-1.057646e+01,-2.727732e-02,7.342460e-02
13.84600,2.165052e+02,-6.481663e+00,-2.733124e-02,7.299177e-02
13.84700,2.151948e+02,-2.541426e+00,-2.737925e-02,7.255237e-02
13.84800,2.139430e+02,1.164980e+00,-2.742152e-02,7.210660e-02
13.84900,2.128010e+02,4.635073e+00,-2.745819e-02,7.165463e-02
13.85000,2.117780e+02,7.968363e+00,-2.748941e-02,7.119664e-02
13.85100,2.108193e+02,1.130077e+01,-2.751533e-02,7.073279e-02
13.85200,2.098418e+02,1.472455e+01,-2.753608e-02,7.026325e-02
13.85300,2.087941e+02,1.824392e+01,-2.755182e-02,6.978818e-02
13.85400,2.076733e+02,2.177469e+01,-2.756268e-02,6.930772e-02
13.85500,2.065063e+02,2.519637e+01,-2.756881e-02,6.882202e-02
13.85600,2.053366e+02,2.842281e+01,-2.757032e-02,6.833123e-02
13.85700,2.042133e+02,3.143024e+01,-2.756737e-02,6.783546e-02
13.85800,2.031803e+02,3.424831e+01,-2.756006e-02,6.733485e-02
13.85900,2.022691e+02,3.695306e+01,-2.754852e-02,6.682951e-02
13.86000,2.014800e+02,3.964480e+01,-2.753286e-02,6.631955e-02
13.86100,2.007635e+02,4.238844e+01,-2.751319e-02,6.580506e-02
13.86200,2.000393e+02,4.515830e+01,-2.748961e-02,6.528614e-02
13.86300,1.992455e+02,4.784434e+01,-2.746222e-02,6.476288e-02
13.86400,1.983756e+02,5.032561e+01,-2.743110e-02,6.423534e-02
13.86500,1.974701e+02,5.256278e+01,-2.739634e-02,6.370360e-02
13.86600,1.965675e+02,5.464053e+01,-2.735801e-02,6.316770e-02
13.86700,1.956735e+02,5.672196e+01,-2.731618e-02,6.262770e-02
13.86800,1.947711e+02,5.894477e+01,-2.727092e-02,6.208364e-02
13.86900,1.938431e+02,6.134116e+01,-2.722226e-02,6.153556e-02
13.87000,1.928964e+02,6.384031e+01,-2.717025e-02,6.098347e-02
13.87100,1.919629e+02,6.633296e+01,-2.711494e-02,6.042739e-02
13.87200,1.910594e+02,6.873865e+01,-2.705634e-02,5.986735e-02
13.87300,1.901610e+02,7.103354e+01,-2.699449e-02,5.930333e-02
13.87400,1.892315e+02,7.322938e+01,-2.692938e-02,5.873535e-02
13.87500,1.882609e+02,7.534468e+01,-2.686104e-02,5.816338e-02
13.87600,1.872650e+02,7.741005e+01,-2.678944e-02,5.758743e-02
13.87700,1.862606e+02,7.947172e+01,-2.671458e-02,5.700746e-02
13.87800,1.852567e+02,8.155947e+01,-2.663644e-02,5.642345e-02
13.87900,1.842574e+02,8.366200e+01,-2.655498e-02,5.583539e-02
13.88000,1.832584e+02,8.574623e+01,-2.647018e-02,5.524323e-02
13.88100,1.822598e+02,8.779653e+01,-2.638198e-02,5.464694e-02
13.88200,1.812708e+02,8.983572e+01,-2.629034e-02,5.404647e-02
13.88300,1.802723e+02,9.190929e+01,-2.619519e-02,5.344180e-02
13.88400,1.792038e+02,9.403614e+01,-2.609648e-02,5.283286e-02
13.88500,1.780239e+02,9.616210e+01,-2.599413e-02,5.221961e-02
13.88600,1.767533e+02,9.818269e+01,-2.588806e-02,5.160199e-02
13.88700,1.754601e+02,1.000428e+02,-2.577820e-02,5.097996e-02
13.88800,1.742234e+02,1.018049e+02,-2.566445e-02,5.035346e-02
13.88900,1.730885e+02,1.036054e+02,-2.554673e-02,4.972243e-02
13.89000,1.720333e+02,1.055562e+02,-2.542494e-02,4.908681e-02
13.89100,1.709853e+02,1.076708e+02,-2.529899e-02,4.844654e-02
13.89200,1.698814e+02,1.098480e+02,-2.516877e-02,4.780156e-02
13.89300,1.687083e+02,1.119330e+02,-2.503419e-02,4.715180e-02
13.89400,1.674879e+02,1.138176e+02,-2.489514e-02,4.649718e-02
13.89500,1.662453e+02,1.154819e+02,-2.475152e-02,4.583765e-02
13.89600,1.650092e+02,1.169623e+02,-2.460323e-02,4.517312e-02
13.89700,1.638148e+02,1.183271e+02,-2.445018e-02,4.450354e-02
13.89800,1.626847e+02,1.196807e+02,-2.429225e-02,4.382881e-02
13.89900,1.616184e+02,1.211340e+02,-2.412936e-02,4.314888e-02
13.90000,1.605908e+02,1.227378e+02,-2.396141e-02,4.246365e-02
13.90100,1.595550e+02,1.244520e+02,-2.378831e-02,4.177306e-02
13.90200,1.584676e+02,1.261683e+02,-2.360998e-02,4.107702e-02
13.90300,1.573268e+02,1.277640e+02,-2.342635e-02,4.037546e-02
13.90400,1.561773e+02,1.291859e+02,-2.323734e-02,3.966830e-02
13.90500,1.550660e+02,1.304988e+02,-2.304289e-02,3.895546e-02
13.90600,1.540026e+02,1.318167e+02,-2.284294e-02,3.823685e-02
13.90700,1.529749e+02,1.331816e+02,-2.263744e-02,3.751241e-02
13.90800,1.519817e+02,1.345283e+02,-2.242636e-02,3.678206e-02
13.90900,1.510348e+02,1.357528e+02,-2.220967e-02,3.604573e-02
13.91000,1.501471e+02,1.368008e+02,-2.198735e-02,3.530335e-02
13.91100,1.493191e+02,1.377009e+02,-2.175941e-02,3.455486e-02
13.91200,1.485175e+02,1.385296e+02,-2.152584e-02,3.380018e-02
13.91300,1.476879e+02,1.393399e+02,-2.128666e-02,3.303926e-02
13.91400,1.468093e+02,1.401251e+02,-2.104191e-02,3.227205e-02
13.91500,1.459171e+02,1.408501e+02,-2.079164e-02,3.149850e-02
13.91600,1.450649e+02,1.415072e+02,-2.053591e-02,3.071855e-02
13.91700,1.442893e+02,1.421274e+02,-2.027478e-02,2.993217e-02
13.91800,1.436042e+02,1.427452e+02,-2.000835e-02,2.913932e-02
13.91900,1.430033e+02,1.433693e+02,-1.973672e-02,2.833998e-02
13.92000,1.424692e+02,1.439925e+02,-1.946001e-02,2.753412e-02
13.92100,1.419821e+02,1.446168e+02,-1.917835e-02,2.672172e-02
13.92200,1.415156e+02,1.452494e+02,-1.889188e-02,2.590279e-02
13.92300,1.410295e+02,1.458651e+02,-1.860077e-02,2.507731e-02
13.92400,1.404887e+02,1.463873e+02,-1.830519e-02,2.424529e-02
13.92500,1.399034e+02,1.467283e+02,-1.800534e-02,2.340674e-02
13.92600,1.393385e+02,1.468686e+02,-1.770141e-02,2.256169e-02
13.92700,1.388727e+02,1.468986e+02,-1.739363e-02,2.171018e-02
13.92800,1.385509e+02,1.469744e+02,-1.708222e-02,2.085222e-02
13.92900,1.383616e+02,1.472082e+02,-1.676743e-02,1.998788e-02
13.93000,1.382456e+02,1.475814e+02,-1.644951e-02,1.911720e-02
13.93100,1.381383e+02,1.479616e+02,-1.612872e-02,1.824026e-02
13.93200,1.380106e+02,1.482139e+02,-1.580534e-02,1.735711e-02
13.93300,1.378693e+02,1.483055e+02,-1.547965e-02,1.646785e-02
13.93400,1.377330e+02,1.483110e+02,-1.515195e-02,1.557255e-02
13.93500,1.376164e+02,1.483460e+02,-1.482254e-02,1.467131e-02
13.93600,1.375324e+02,1.485062e+02,-1.449172e-02,1.376423e-02
13.93700,1.374999e+02,1.488413e+02,-1.415981e-02,1.285143e-02
13.93800,1.375294e+02,1.493532e+02,-1.382713e-02,1.193303e-02
13.93900,1.376086e+02,1.500140e+02,-1.349399e-02,1.100916e-02
13.94000,1.377144e+02,1.507763e+02,-1.316074e-02,1.007994e-02
13.94100,1.378265e+02,1.515599e+02,-1.282769e-02,9.145543e-03
13.94200,1.379445e+02,1.522743e+02,-1.249518e-02,8.206106e-03
13.94300,1.380995e+02,1.528886e+02,-1.216354e-02,7.261794e-03
13.94400,1.383256e+02,1.534543e+02,-1.183309e-02,6.312778e-03
13.94500,1.386200e+02,1.540437e+02,-1.150417e-02,5.359235e-03
13.94600,1.389502e+02,1.546915e+02,-1.117710e-02,4.401353e-03
13.94700,1.392897e+02,1.553942e+02,-1.085221e-02,3.439325e-03
13.94800,1.396403e+02,1.561403e+02,-1.052981e-02,2.473352e-03
13.94900,1.400262e+02,1.569535e+02,-1.021022e-02,1.503643e-03
13.95000,1.404699e+02,1.579188e+02,-9.893749e-03,5.304119e-04
13.95100,1.409654e+02,1.591279e+02,-9.580693e-03,-4.461210e-04
13.95200,1.414725e+02,1.605814e+02,-9.271348e-03,-1.425730e-03
13.95300,1.419502e+02,1.621756e+02,-8.965998e-03,-2.408184e-03
13.95400,1.423997e+02,1.637853e+02,-8.664921e-03,-3.393249e-03
13.95500,1.428598e+02,1.653386e+02,-8.368382e-03,-4.380687e-03
13.95600,1.433720e+02,1.668373e+02,-8.076639e-03,-5.370258e-03
13.95700,1.439636e+02,1.683405e+02,-7.789940e-03,-6.361719e-03
13.95800,1.446407e+02,1.699145e+02,-7.508523e-03,-7.354824e-03
13.95900,1.453891e+02,1.715788e+02,-7.232613e-03,-8.349327e-03
13.96000,1.461897e+02,1.733084e+02,-6.962429e-03,-9.344980e-03
13.96100,1.470243e+02,1.750705e+02,-6.698175e-03,-1.034154e-02
13.96200,1.478658e+02,1.768279e+02,-6.440047e-03,-1.133876e-02
13.96300,1.486840e+02,1.785310e+02,-6.188229e-03,-1.233639e-02
13.96400,1.494690e+02,1.801581e+02,-5.942898e-03,-1.333420e-02
13.96500,1.502464e+02,1.817588e+02,-5.704218e-03,-1.433196e-02
13.96600,1.510629e+02,1.834289e+02,-5.472344e-03,-1.532942e-02
13.96700,1.519513e+02,1.852468e+02,-5.247419e-03,-1.632637e-02
13.96800,1.529110e+02,1.872264e+02,-5.029581e-03,-1.732258e-02
13.96900,1.539149e+02,1.892940e+02,-4.818957e-03,-1.831782e-02
13.97000,1.549280e+02,1.913146e+02,-4.615666e-03,-1.931190e-02
13.97100,1.559309e+02,1.931833e+02,-4.419818e-03,-2.030461e-02
13.97200,1.569320e+02,1.949004e+02,-4.231518e-03,-2.129575e-02
13.97300,1.579498e+02,1.965426e+02,-4.050862e-03,-2.228512e-02
13.97400,1.589913e+02,1.981801e+02,-3.877939e-03,-2.327255e-02
13.97500,1.600575e+02,1.998348e+02,-3.712832e-03,-2.425785e-02
13.97600,1.611591e+02,2.014867e+02,-3.555619e-03,-2.524085e-02
13.97700,1.623091e+02,2.030865e+02,-3.406371e-03,-2.622138e-02
13.97800,1.635093e+02,2.045780e+02,-3.265155e-03,-2.719929e-02
13.97900,1.647492e+02,2.059293e+02,-3.132033e-03,-2.817439e-02
13.98000,1.660117e+02,2.071425e+02,-3.007063e-03,-2.914656e-02
13.98100,1.672804e+02,2.082432e+02,-2.890297e-03,-3.011563e-02
13.98200,1.685532e+02,2.092752e+02,-2.781784e-03,-3.108145e-02
13.98300,1.698443e+02,2.102841e+02,-2.681568e-03,-3.204389e-02
13.98400,1.711616e+02,2.112841e+02,-2.589691e-03,-3.300279e-02
13.98500,1.724939e+02,2.122491e+02,-2.506188e-03,-3.395800e-02
13.98600,1.738340e+02,2.131484e+02,-2.431096e-03,-3.490940e-02
13.98700,1.751975e+02,2.139927e+02,-2.364445e-03,-3.585682e-02
13.98800,1.766111e+02,2.148351e+02,-2.306262e-03,-3.680013e-02
13.98900,1.780941e+02,2.157188e+02,-2.256572e-03,-3.773917e-02
13.99000,1.796442e+02,2.166145e+02,-2.215395e-03,-3.867381e-02
13.99100,1.812289e+02,2.174100e+02,-2.182750e-03,-3.960387e-02
13.99200,1.828068e+02,2.179720e+02,-2.158651e-03,-4.052921e-02
13.99300,1.843584e+02,2.182281e+02,-2.143112e-03,-4.144966e-02
13.99400,1.858949e+02,2.182054e+02,-2.136142e-03,-4.236507e-02
13.99500,1.874477e+02,2.180159e+02,-2.137752e-03,-4.327526e-02
13.99600,1.890469e+02,2.178005e+02,-2.147945e-03,-4.418005e-02
13.99700,1.907050e+02,2.176632e+02,-2.166726e-03,-4.507928e-02
13.99800,1.924198e+02,2.176418e+02,-2.194095e-03,-4.597275e-02
13.99900,1.941791e+02,2.177176e+02,-2.230052e-03,-4.686026e-02
14.00000,1.959635e+02,2.178246e+02,-2.274592e-03,-4.774163e-02
14.00100,1.977556e+02,2.178656e+02,-2.327709e-03,-4.861665e-02
14.00200,1.995504e+02,2.177721e+02,-2.389398e-03,-4.948509e-02
14.00300,2.013572e+02,2.175595e+02,-2.459648e-03,-5.034675e-02
14.00400,2.031945e+02,2.173138e+02,-2.538448e-03,-5.120141e-02
14.00500,2.050814e+02,2.171270e+02,-2.625785e-03,-5.204883e-02
14.00600,2.070293e+02,2.170343e+02,-2.721646e-03,-5.288878e-02
14.00700,2.090301e+02,2.169815e+02,-2.826011e-03,-5.372101e-02
14.00800,2.110591e+02,2.168592e+02,-2.938859e-03,-5.454528e-02
14.00900,2.130990e+02,2.165990e+02,-3.060168e-03,-5.536133e-02
14.01000,2.151468e+02,2.162358e+02,-3.189911e-03,-5.616889e-02
14.01100,2.172040e+02,2.158645e+02,-3.328055e-03,-5.696771e-02
14.01200,2.192765e+02,2.155577e+02,-3.474568e-03,-5.775751e-02
14.01300,2.213740e+02,2.153354e+02,-3.629410e-03,-5.853802e-02
14.01400,2.235013e+02,2.151821e+02,-3.792538e-03,-5.930895e-02
14.01500,2.256571e+02,2.150763e+02,-3.963901e-03,-6.007002e-02
14.01600,2.278374e+02,2.150185e+02,-4.143445e-03,-6.082094e-02
14.01700,2.300354e+02,2.150357e+02,-4.331106e-03,-6.156142e-02
14.01800,2.322431e+02,2.151512e+02,-4.526814e-03,-6.229117e-02
14.01900,2.344534e+02,2.153684e+02,-4.730488e-03,-6.300990e-02
14.02000,2.366666e+02,2.156936e+02,-4.942042e-03,-6.371730e-02
14.02100,2.388927e+02,2.161425e+02,-5.161377e-03,-6.441308e-02
14.02200,2.411365e+02,2.167029e+02,-5.388386e-03,-6.509696e-02
14.02300,2.433897e+02,2.173147e+02,-5.622953e-03,-6.576863e-02
14.02400,2.456404e+02,2.179141e+02,-5.864950e-03,-6.642781e-02
14.02500,2.478780e+02,2.184928e+02,-6.114237e-03,-6.707421e-02
14.02600,2.500876e+02,2.191120e+02,-6.370664e-03,-6.770755e-02
14.02700,2.522552e+02,2.198587e+02,-6.634067e-03,-6.832757e-02
14.02800,2.543759e+02,2.207667e+02,-6.904275e-03,-6.893399e-02
14.02900,2.564490e+02,2.217589e+02,-7.181102e-03,-6.952656e-02
14.03000,2.584730e+02,2.226912e+02,-7.464351e-03,-7.010503e-02
14.03100,2.604555e+02,2.234765e+02,-7.753815e-03,-7.066915e-02
14.03200,2.624127e+02,2.241621e+02,-8.049276e-03,-7.121871e-02
14.03300,2.643488e+02,2.248922e+02,-8.350504e-03,-7.175348e-02
14.03400,2.662520e+02,2.258101e+02,-8.657260e-03,-7.227325e-02
14.03500,2.681147e+02,2.269773e+02,-8.969296e-03,-7.277784e-02
14.03600,2.699333e+02,2.283483e+02,-9.286354e-03,-7.326706e-02
14.03700,2.716957e+02,2.298118e+02,-9.608166e-03,-7.374073e-02
14.03800,2.733879e+02,2.312499e+02,-9.934458e-03,-7.419871e-02
14.03900,2.749998e+02,2.325590e+02,-1.026495e-02,-7.464085e-02
14.04000,2.765176e+02,2.336525e+02,-1.059934e-02,-7.506702e-02
14.04100,2.779311e+02,2.344927e+02,-1.093734e-02,-7.547709e-02
14.04200,2.792467e+02,2.351246e+02,-1.127864e-02,-7.587097e-02
14.04300,2.804725e+02,2.356514e+02,-1.162294e-02,-7.624856e-02
14.04400,2.815990e+02,2.361613e+02,-1.196992e-02,-7.660978e-02
14.04500,2.826072e+02,2.366640e+02,-1.231928e-02,-7.695457e-02
14.04600,2.834884e+02,2.370885e+02,-1.267068e-02,-7.728288e-02
14.04700,2.842514e+02,2.373520e+02,-1.302381e-02,-7.759465e-02
14.04800,2.849117e+02,2.374444e+02,-1.337834e-02,-7.788986e-02
14.04900,2.854830e+02,2.374349e+02,-1.373394e-02,-7.816850e-02
14.05000,2.859731e+02,2.373907e+02,-1.409029e-02,-7.843054e-02
14.05100,2.863779e+02,2.372959e+02,-1.444705e-02,-7.867600e-02
14.05200,2.866871e+02,2.370520e+02,-1.480389e-02,-7.890490e-02
14.05300,2.868984e+02,2.365523e+02,-1.516049e-02,-7.911725e-02
14.05400,2.870132e+02,2.357645e+02,-1.551651e-02,-7.931309e-02
14.05500,2.870182e+02,2.347434e+02,-1.587163e-02,-7.949246e-02
14.05600,2.868893e+02,2.335629e+02,-1.622550e-02,-7.965543e-02
14.05700,2.866125e+02,2.322418e+02,-1.657781e-02,-7.980206e-02
14.05800,2.861915e+02,2.307382e+02,-1.692824e-02,-7.993242e-02
14.05900,2.856373e+02,2.289891e+02,-1.727645e-02,-8.004661e-02
14.06000,2.849624e+02,2.269384e+02,-1.762213e-02,-8.014470e-02
14.06100,2.841795e+02,2.245446e+02,-1.796498e-02,-8.022683e-02
14.06200,2.832947e+02,2.217953e+02,-1.830466e-02,-8.029309e-02
14.06300,2.823092e+02,2.187239e+02,-1.864089e-02,-8.034361e-02
14.06400,2.812365e+02,2.154159e+02,-1.897336e-02,-8.037854e-02
14.06500,2.800937e+02,2.119954e+02,-1.930178e-02,-8.039801e-02
14.06600,2.788780e+02,2.085603e+02,-1.962586e-02,-8.040219e-02
14.06700,2.775772e+02,2.050950e+02,-1.994533e-02,-8.039123e-02
14.06800,2.761934e+02,2.014644e+02,-2.025992e-02,-8.036531e-02
14.06900,2.747472e+02,1.975205e+02,-2.056938e-02,-8.032461e-02
14.07000,2.732668e+02,1.932180e+02,-2.087345e-02,-8.026932e-02
14.07100,2.717722e+02,1.886452e+02,-2.117189e-02,-8.019964e-02
14.07200,2.702548e+02,1.839624e+02,-2.146449e-02,-8.011577e-02
14.07300,2.686768e+02,1.792873e+02,-2.175103e-02,-8.001792e-02
14.07400,2.669993e+02,1.746131e+02,-2.203130e-02,-7.990631e-02
14.07500,2.652141e+02,1.698360e+02,-2.230512e-02,-7.978117e-02
14.07600,2.633437e+02,1.648551e+02,-2.257231e-02,-7.964271e-02
14.07700,2.614159e+02,1.596315e+02,-2.283272e-02,-7.949117e-02
14.07800,2.594534e+02,1.541799e+02,-2.308620e-02,-7.932679e-02
14.07900,2.574817e+02,1.485537e+02,-2.333261e-02,-7.914980e-02
14.08000,2.555294e+02,1.428410e+02,-2.357185e-02,-7.896043e-02
14.08100,2.536201e+02,1.371397e+02,-2.380380e-02,-7.875894e-02
14.08200,2.517639e+02,1.315280e+02,-2.402839e-02,-7.854556e-02
14.08300,2.499521e+02,1.260425e+02,-2.424554e-02,-7.832053e-02
14.08400,2.481616e+02,1.206593e+02,-2.445520e-02,-7.808410e-02
14.08500,2.463721e+02,1.153039e+02,-2.465733e-02,-7.783651e-02
14.08600,2.445817e+02,1.099173e+02,-2.485190e-02,-7.757800e-02
14.08700,2.428008e+02,1.045124e+02,-2.503889e-02,-7.730881e-02
14.08800,2.410305e+02,9.914217e+01,-2.521832e-02,-7.702917e-02
14.08900,2.392603e+02,9.381736e+01,-2.539019e-02,-7.673931e-02
14.09000,2.374898e+02,8.848053e+01,-2.555453e-02,-7.643948e-02
14.09100,2.357386e+02,8.306106e+01,-2.571139e-02,-7.612990e-02
14.09200,2.340340e+02,7.754840e+01,-2.586081e-02,-7.581079e-02
14.09300,2.323936e+02,7.202463e+01,-2.600287e-02,-7.548238e-02
14.09400,2.308092e+02,6.663438e+01,-2.613763e-02,-7.514489e-02
14.09500,2.292479e+02,6.149846e+01,-2.626517e-02,-7.479853e-02
14.09600,2.276833e+02,5.663412e+01,-2.638559e-02,-7.444351e-02
14.09700,2.261235e+02,5.195862e+01,-2.649898e-02,-7.408005e-02
14.09800,2.246017e+02,4.736091e+01,-2.660547e-02,-7.370834e-02
14.09900,2.231502e+02,4.276275e+01,-2.670516e-02,-7.332859e-02
14.10000,2.217832e+02,3.814175e+01,-2.679817e-02,-7.294100e-02
14.10100,2.204926e+02,3.353528e+01,-2.688463e-02,-7.254576e-02
14.10200,2.192611e+02,2.902979e+01,-2.696467e-02,-7.214306e-02
14.10300,2.180776e+02,2.473118e+01,-2.703843e-02,-7.173309e-02
14.10400,2.169324e+02,2.071777e+01,-2.710605e-02,-7.131602e-02
14.10500,2.158031e+02,1.698540e+01,-2.716767e-02,-7.089205e-02
14.10600,2.146619e+02,1.342302e+01,-2.722342e-02,-7.046134e-02
14.10700,2.135042e+02,9.861919e+00,-2.727347e-02,-7.002407e-02
14.10800,2.123596e+02,6.179454e+00,-2.731794e-02,-6.958040e-02
14.10900,2.112700e+02,2.376654e+00,-2.735699e-02,-6.913049e-02
14.11000,2.102597e+02,-1.432824e+00,-2.739076e-02,-6.867450e-02
14.11100,2.093174e+02,-5.109969e+00,-2.741938e-02,-6.821258e-02
14.11200,2.084001e+02,-8.585298e+00,-2.744301e-02,-6.774488e-02
14.11300,2.074655e+02,-1.188948e+01,-2.746177e-02,-6.727154e-02
14.11400,2.065044e+02,-1.510106e+01,-2.747581e-02,-6.679269e-02
14.11500,2.055342e+02,-1.827086e+01,-2.748525e-02,-6.630846e-02
14.11600,2.045749e+02,-2.139378e+01,-2.749021e-02,-6.581898e-02
14.11700,2.036381e+02,-2.443056e+01,-2.749083e-02,-6.532437e-02
14.11800,2.027320e+02,-2.734445e+01,-2.748721e-02,-6.482473e-02
14.11900,2.018693e+02,-3.012698e+01,-2.747947e-02,-6.432017e-02
14.12000,2.010606e+02,-3.279816e+01,-2.746772e-02,-6.381078e-02
14.12100,2.002976e+02,-3.539389e+01,-2.745206e-02,-6.329666e-02
14.12200,1.995513e+02,-3.796316e+01,-2.743257e-02,-6.277789e-02
14.12300,1.987832e+02,-4.055842e+01,-2.740935e-02,-6.225455e-02
14.12400,1.979678e+02,-4.320176e+01,-2.738248e-02,-6.172671e-02
14.12500,1.971121e+02,-4.586058e+01,-2.735203e-02,-6.119442e-02
14.12600,1.962381e+02,-4.847338e+01,-2.731806e-02,-6.065776e-02
14.12700,1.953505e+02,-5.100943e+01,-2.728063e-02,-6.011676e-02
14.12800,1.944367e+02,-5.350506e+01,-2.723979e-02,-5.957146e-02
14.12900,1.934924e+02,-5.604216e+01,-2.719559e-02,-5.902191e-02
14.13000,1.925357e+02,-5.868097e+01,-2.714806e-02,-5.846814e-02
14.13100,1.915995e+02,-6.138688e+01,-2.709722e-02,-5.791016e-02
14.13200,1.907055e+02,-6.401999e+01,-2.704309e-02,-5.734800e-02
14.13300,1.898367e+02,-6.642536e+01,-2.698567e-02,-5.678167e-02
14.13400,1.889368e+02,-6.854794e+01,-2.692497e-02,-5.621117e-02
14.13500,1.879541e+02,-7.046607e+01,-2.686098e-02,-5.563651e-02
14.13600,1.868906e+02,-7.233780e+01,-2.679368e-02,-5.505768e-02
14.13700,1.857954e+02,-7.431778e+01,-2.672305e-02,-5.447468e-02
14.13800,1.847197e+02,-7.648820e+01,-2.664905e-02,-5.388750e-02
14.13900,1.836914e+02,-7.883115e+01,-2.657165e-02,-5.329611e-02
14.14000,1.827074e+02,-8.125242e+01,-2.649080e-02,-5.270050e-02
14.14100,1.817349e+02,-8.363188e+01,-2.640643e-02,-5.210065e-02
14.14200,1.807365e+02,-8.586865e+01,-2.631850e-02,-5.149652e-02
14.14300,1.796879e+02,-8.792111e+01,-2.622692e-02,-5.088808e-02
14.14400,1.785697e+02,-8.984226e+01,-2.613163e-02,-5.027531e-02
14.14500,1.773675e+02,-9.176422e+01,-2.603254e-02,-4.965815e-02
14.14600,1.760934e+02,-9.381180e+01,-2.592957e-02,-4.903657e-02
14.14700,1.747952e+02,-9.601465e+01,-2.582263e-02,-4.841053e-02
14.14800,1.735302e+02,-9.829027e+01,-2.571161e-02,-4.777997e-02
14.14900,1.723299e+02,-1.004991e+02,-2.559642e-02,-4.714484e-02
14.15000,1.711898e+02,-1.025347e+02,-2.547696e-02,-4.650508e-02
14.15100,1.700821e+02,-1.043919e+02,-2.535313e-02,-4.586063e-02
14.15200,1.689771e+02,-1.061505e+02,-2.522480e-02,-4.521144e-02
14.15300,1.678652e+02,-1.078883e+02,-2.509188e-02,-4.455743e-02
14.15400,1.667589e+02,-1.096180e+02,-2.495425e-02,-4.389854e-02
14.15500,1.656660e+02,-1.113081e+02,-2.481181e-02,-4.323469e-02
14.15600,1.645696e+02,-1.129381e+02,-2.466445e-02,-4.256582e-02
14.15700,1.634497e+02,-1.145277e+02,-2.451206e-02,-4.189183e-02
14.15800,1.623093e+02,-1.161314e+02,-2.435455e-02,-4.121266e-02
14.15900,1.611705e+02,-1.178086e+02,-2.419180e-02,-4.052821e-02
14.16000,1.600517e+02,-1.195825e+02,-2.402372e-02,-3.983842e-02
14.16100,1.589559e+02,-1.214214e+02,-2.385023e-02,-3.914318e-02
14.16200,1.578707e+02,-1.232537e+02,-2.367123e-02,-3.844242e-02
14.16300,1.567794e+02,-1.249872e+02,-2.348666e-02,-3.773605e-02
14.16400,1.556839e+02,-1.265270e+02,-2.329644e-02,-3.702397e-02
14.16500,1.546132e+02,-1.278165e+02,-2.310050e-02,-3.630611e-02
14.16600,1.535987e+02,-1.288824e+02,-2.289880e-02,-3.558238e-02
14.16700,1.526468e+02,-1.298372e+02,-2.269129e-02,-3.485268e-02
14.16800,1.517521e+02,-1.308187e+02,-2.247795e-02,-3.411694e-02
14.16900,1.509201e+02,-1.319005e+02,-2.225874e-02,-3.337506e-02
14.17000,1.501556e+02,-1.330369e+02,-2.203366e-02,-3.262697e-02
14.17100,1.494465e+02,-1.340961e+02,-2.180271e-02,-3.187260e-02
14.17200,1.487614e+02,-1.349628e+02,-2.156592e-02,-3.111186e-02
14.17300,1.480526e+02,-1.356254e+02,-2.132331e-02,-3.034470e-02
14.17400,1.472798e+02,-1.361873e+02,-2.107494e-02,-2.957104e-02
14.17500,1.464478e+02,-1.367997e+02,-2.082086e-02,-2.879082e-02
14.17600,1.456114e+02,-1.375638e+02,-2.056114e-02,-2.800400e-02
14.17700,1.448396e+02,-1.384711e+02,-2.029589e-02,-2.721052e-02
14.17800,1.441759e+02,-1.394174e+02,-2.002521e-02,-2.641034e-02
14.17900,1.436248e+02,-1.402643e+02,-1.974922e-02,-2.560343e-02
14.18000,1.431625e+02,-1.408971e+02,-1.946807e-02,-2.478977e-02
14.18100,1.427512e+02,-1.412648e+02,-1.918190e-02,-2.396933e-02
14.18200,1.423545e+02,-1.414040e+02,-1.889089e-02,-2.314210e-02
14.18300,1.419530e+02,-1.414255e+02,-1.859522e-02,-2.230807e-02
14.18400,1.415427e+02,-1.414591e+02,-1.829510e-02,-2.146726e-02
14.18500,1.411317e+02,-1.415870e+02,-1.799073e-02,-2.061966e-02
14.18600,1.407439e+02,-1.418090e+02,-1.768236e-02,-1.976532e-02
14.18700,1.404108e+02,-1.420544e+02,-1.737021e-02,-1.890425e-02
14.18800,1.401476e+02,-1.422427e+02,-1.705455e-02,-1.803651e-02
14.18900,1.399434e+02,-1.423539e+02,-1.673564e-02,-1.716212e-02
14.19000,1.397719e+02,-1.424443e+02,-1.641376e-02,-1.628117e-02
14.19100,1.396140e+02,-1.425901e+02,-1.608921e-02,-1.539371e-02
14.19200,1.394658e+02,-1.428178e+02,-1.576227e-02,-1.449983e-02
14.19300,1.393320e+02,-1.430920e+02,-1.543327e-02,-1.359960e-02
14.19400,1.392200e+02,-1.433541e+02,-1.510252e-02,-1.269314e-02
14.19500,1.391314e+02,-1.435704e+02,-1.477033e-02,-1.178054e-02
14.19600,1.390619e+02,-1.437653e+02,-1.443705e-02,-1.086193e-02
14.19700,1.390207e+02,-1.440171e+02,-1.410300e-02,-9.937431e-03
14.19800,1.390356e+02,-1.443974e+02,-1.376853e-02,-9.007180e-03
14.19900,1.391287e+02,-1.449123e+02,-1.343397e-02,-8.071324e-03
14.20000,1.392989e+02,-1.455012e+02,-1.309967e-02,-7.130020e-03
14.20100,1.395247e+02,-1.460690e+02,-1.276597e-02,-6.183434e-03
14.20200,1.397724e+02,-1.465200e+02,-1.243323e-02,-5.231742e-03
14.20300,1.400118e+02,-1.468110e+02,-1.210177e-02,-4.275127e-03
14.20400,1.402323e+02,-1.470106e+02,-1.177194e-02,-3.313784e-03
14.20500,1.404447e+02,-1.472911e+02,-1.144409e-02,-2.347914e-03
14.20600,1.406699e+02,-1.478398e+02,-1.111853e-02,-1.377728e-03
14.20700,1.409318e+02,-1.487629e+02,-1.079560e-02,-4.034428e-04
14.20800,1.412555e+02,-1.500304e+02,-1.047562e-02,5.747149e-04
14.20900,1.416561e+02,-1.514799e+02,-1.015890e-02,1.556513e-03
14.21000,1.421259e+02,-1.529024e+02,-9.845744e-03,2.541714e-03
14.21100,1.426391e+02,-1.541700e+02,-9.536457e-03,3.530074e-03
14.21200,1.431645e+02,-1.552981e+02,-9.231324e-03,4.521347e-03
14.21300,1.436787e+02,-1.564033e+02,-8.930622e-03,5.515281e-03
14.21400,1.441807e+02,-1.576171e+02,-8.634617e-03,6.511620e-03
14.21500,1.446958e+02,-1.590162e+02,-8.343569e-03,7.510109e-03
14.21600,1.452561e+02,-1.605890e+02,-8.057721e-03,8.510487e-03
14.21700,1.458786e+02,-1.622522e+02,-7.777310e-03,9.512497e-03
14.21800,1.465607e+02,-1.639074e+02,-7.502558e-03,1.051588e-02
14.21900,1.472872e+02,-1.654986e+02,-7.233677e-03,1.152038e-02
14.22000,1.480395e+02,-1.670358e+02,-6.970868e-03,1.252575e-02
14.22100,1.488038e+02,-1.685913e+02,-6.714320e-03,1.353172e-02
14.22200,1.495771e+02,-1.702649e+02,-6.464212e-03,1.453807e-02
14.22300,1.503660e+02,-1.721180e+02,-6.220712e-03,1.554454e-02
14.22400,1.511807e+02,-1.741251e+02,-5.983976e-03,1.655090e-02
14.22500,1.520292e+02,-1.761915e+02,-5.754153e-03,1.755692e-02
14.22600,1.529185e+02,-1.782238e+02,-5.531379e-03,1.856237e-02
14.22700,1.538534e+02,-1.801907e+02,-5.315785e-03,1.956705e-02
14.22800,1.548311e+02,-1.821311e+02,-5.107489e-03,2.057074e-02
14.22900,1.558460e+02,-1.841031e+02,-4.906605e-03,2.157325e-02
14.23000,1.568957e+02,-1.861131e+02,-4.713240e-03,2.257438e-02
14.23100,1.579729e+02,-1.880872e+02,-4.527491e-03,2.357394e-02
14.23200,1.590600e+02,-1.899197e+02,-4.349450e-03,2.457177e-02
14.23300,1.601409e+02,-1.915549e+02,-4.179202e-03,2.556769e-02
14.23400,1.612113e+02,-1.930294e+02,-4.016827e-03,2.656154e-02
14.23500,1.622826e+02,-1.944457e+02,-3.862401e-03,2.755316e-02
14.23600,1.633820e+02,-1.959102e+02,-3.715995e-03,2.854241e-02
14.23700,1.645437e+02,-1.974780e+02,-3.577675e-03,2.952913e-02
14.23800,1.657871e+02,-1.991278e+02,-3.447504e-03,3.051319e-02
14.23900,1.671007e+02,-2.007696e+02,-3.325541e-03,3.149445e-02
14.24000,1.684528e+02,-2.022826e+02,-3.211840e-03,3.247276e-02
14.24100,1.698136e+02,-2.035737e+02,-3.106453e-03,3.344801e-02
14.24200,1.711658e+02,-2.046387e+02,-3.009427e-03,3.442005e-02
14.24300,1.725118e+02,-2.055866e+02,-2.920805e-03,3.538876e-02
14.24400,1.738754e+02,-2.065985e+02,-2.840630e-03,3.635399e-02
14.24500,1.752839e+02,-2.078226e+02,-2.768939e-03,3.731563e-02
14.24600,1.767506e+02,-2.092650e+02,-2.705767e-03,3.827352e-02
14.24700,1.782717e+02,-2.107581e+02,-2.651147e-03,3.922753e-02
14.24800,1.798297e+02,-2.120507e+02,-2.605108e-03,4.017751e-02
14.24900,1.814035e+02,-2.129586e+02,-2.567677e-03,4.112331e-02
14.25000,1.829801e+02,-2.134601e+02,-2.538873e-03,4.206478e-02
14.25100,1.845589e+02,-2.136776e+02,-2.518717e-03,4.300174e-02
14.25200,1.861496e+02,-2.137846e+02,-2.507224e-03,4.393403e-02
14.25300,1.877668e+02,-2.139124e+02,-2.504407e-03,4.486147e-02
14.25400,1.894211e+02,-2.141067e+02,-2.510276e-03,4.578388e-02
14.25500,1.911199e+02,-2.143494e+02,-2.524838e-03,4.670106e-02
14.25600,1.928707e+02,-2.146061e+02,-2.548097e-03,4.761281e-02
14.25700,1.946752e+02,-2.148453e+02,-2.580053e-03,4.851892e-02
14.25800,1.965261e+02,-2.150339e+02,-2.620702e-03,4.941918e-02
14.25900,1.984115e+02,-2.151534e+02,-2.670041e-03,5.031335e-02
14.26000,2.003230e+02,-2.152177e+02,-2.728060e-03,5.120120e-02
14.26100,2.022563e+02,-2.152476e+02,-2.794748e-03,5.208249e-02
14.26200,2.042099e+02,-2.152292e+02,-2.870091e-03,5.295696e-02
14.26300,2.061856e+02,-2.151128e+02,-2.954073e-03,5.382436e-02
14.26400,2.081841e+02,-2.148503e+02,-3.046672e-03,5.468441e-02
14.26500,2.102020e+02,-2.144445e+02,-3.147864e-03,5.553684e-02
14.26600,2.122395e+02,-2.139826e+02,-3.257622e-03,5.638137e-02
14.26700,2.143051e+02,-2.136015e+02,-3.375915e-03,5.721771e-02
14.26800,2.164043e+02,-2.133812e+02,-3.502708e-03,5.804557e-02
14.26900,2.185311e+02,-2.132662e+02,-3.637961e-03,5.886463e-02
14.27000,2.206739e+02,-2.131111e+02,-3.781632e-03,5.967461e-02
14.27100,2.228237e+02,-2.128056e+02,-3.933671e-03,6.047518e-02
14.27200,2.249822e+02,-2.123647e+02,-4.094025e-03,6.126603e-02
14.27300,2.271651e+02,-2.119266e+02,-4.262632e-03,6.204684e-02
14.27400,2.293937e+02,-2.116712e+02,-4.439426e-03,6.281730e-02
14.27500,2.316790e+02,-2.117143e+02,-4.624335e-03,6.357707e-02
14.27600,2.340117e+02,-2.120485e+02,-4.817275e-03,6.432584e-02
14.27700,2.363656e+02,-2.125651e+02,-5.018158e-03,6.506327e-02
14.27800,2.387137e+02,-2.131183e+02,-5.226885e-03,6.578906e-02
14.27900,2.410389e+02,-2.135776e+02,-5.443348e-03,6.650288e-02
14.28000,2.433334e+02,-2.138690e+02,-5.667432e-03,6.720441e-02
14.28100,2.456002e+02,-2.140142e+02,-5.899011e-03,6.789335e-02
14.28200,2.478560e+02,-2.141373e+02,-6.137950e-03,6.856938e-02
14.28300,2.501197e+02,-2.144085e+02,-6.384103e-03,6.923221e-02
14.28400,2.523976e+02,-2.149445e+02,-6.637312e-03,6.988154e-02
14.28500,2.546781e+02,-2.157314e+02,-6.897410e-03,7.051709e-02
14.28600,2.569342e+02,-2.166336e+02,-7.164218e-03,7.113859e-02
14.28700,2.591332e+02,-2.174936e+02,-7.437545e-03,7.174577e-02
14.28800,2.612604e+02,-2.182508e+02,-7.717193e-03,7.233838e-02
14.28900,2.633370e+02,-2.189800e+02,-8.002950e-03,7.291618e-02
14.29000,2.654032e+02,-2.198189e+02,-8.294598e-03,7.347893e-02
14.29100,2.674805e+02,-2.208600e+02,-8.591906e-03,7.402642e-02
14.29200,2.695573e+02,-2.220975e+02,-8.894638e-03,7.455845e-02
14.29300,2.716014e+02,-2.234534e+02,-9.202545e-03,7.507483e-02
14.29400,2.735772e+02,-2.248429e+02,-9.515370e-03,7.557538e-02
14.29500,2.754627e+02,-2.262181e+02,-9.832851e-03,7.605996e-02
14.29600,2.772580e+02,-2.275583e+02,-1.015472e-02,7.652840e-02
14.29700,2.789673e+02,-2.288382e+02,-1.048069e-02,7.698058e-02
14.29800,2.805805e+02,-2.300195e+02,-1.081050e-02,7.741639e-02
14.29900,2.820816e+02,-2.310663e+02,-1.114384e-02,7.783572e-02
14.30000,2.834672e+02,-2.319590e+02,-1.148043e-02,7.823849e-02
14.30100,2.847497e+02,-2.326954e+02,-1.181997e-02,7.862461e-02
14.30200,2.859441e+02,-2.332903e+02,-1.216217e-02,7.899403e-02
14.30300,2.870580e+02,-2.337879e+02,-1.250671e-02,7.934670e-02
14.30400,2.880923e+02,-2.342734e+02,-1.285330e-02,7.968257e-02
14.30500,2.890450e+02,-2.348494e+02,-1.320163e-02,8.000164e-02
14.30600,2.899110e+02,-2.355607e+02,-1.355138e-02,8.030387e-02
14.30700,2.906833e+02,-2.363241e+02,-1.390226e-02,8.058927e-02
14.30800,2.913473e+02,-2.369397e+02,-1.425394e-02,8.085785e-02
14.30900,2.918750e+02,-2.371907e+02,-1.460611e-02,8.110962e-02
14.31000,2.922428e+02,-2.369623e+02,-1.495846e-02,8.134461e-02
14.31100,2.924603e+02,-2.363047e+02,-1.531068e-02,8.156285e-02
14.31200,2.925672e+02,-2.353915e+02,-1.566246e-02,8.176440e-02
14.31300,2.925993e+02,-2.343962e+02,-1.601347e-02,8.194930e-02
14.31400,2.925606e+02,-2.333839e+02,-1.636342e-02,8.211763e-02
14.31500,2.924230e+02,-2.322966e+02,-1.671198e-02,8.226945e-02
14.31600,2.921442e+02,-2.310087e+02,-1.705885e-02,8.240484e-02
14.31700,2.916952e+02,-2.293927e+02,-1.740371e-02,8.252391e-02
14.31800,2.910838e+02,-2.273667e+02,-1.774627e-02,8.262674e-02
14.31900,2.903461e+02,-2.249285e+02,-1.808622e-02,8.271346e-02
14.32000,2.895130e+02,-2.221576e+02,-1.842325e-02,8.278416e-02
14.32100,2.885992e+02,-2.191768e+02,-1.875708e-02,8.283899e-02
14.32200,2.876125e+02,-2.160949e+02,-1.908740e-02,8.287808e-02
14.32300,2.865549e+02,-2.129518e+02,-1.941392e-02,8.290156e-02
14.32400,2.854181e+02,-2.096926e+02,-1.973637e-02,8.290960e-02
14.32500,2.841887e+02,-2.062090e+02,-2.005446e-02,8.290235e-02
14.32600,2.828552e+02,-2.024295e+02,-2.036793e-02,8.287997e-02
14.32700,2.814142e+02,-1.983709e+02,-2.067650e-02,8.284266e-02
14.32800,2.798795e+02,-1.941041e+02,-2.097993e-02,8.279059e-02
14.32900,2.782811e+02,-1.896812e+02,-2.127797e-02,8.272396e-02
14.33000,2.766436e+02,-1.850909e+02,-2.157037e-02,8.264296e-02
14.33100,2.749642e+02,-1.802714e+02,-2.185692e-02,8.254780e-02
14.33200,2.732213e+02,-1.751755e+02,-2.213740e-02,8.243869e-02
14.33300,2.714025e+02,-1.698302e+02,-2.241159e-02,8.231585e-02
14.33400,2.695170e+02,-1.643296e+02,-2.267932e-02,8.217950e-02
14.33500,2.675854e+02,-1.587694e+02,-2.294041e-02,8.202988e-02
14.33600,2.656227e+02,-1.531946e+02,-2.319468e-02,8.186720e-02
14.33700,2.636271e+02,-1.475955e+02,-2.344198e-02,8.169171e-02
14.33800,2.615861e+02,-1.419301e+02,-2.368219e-02,8.150365e-02
14.33900,2.595010e+02,-1.361534e+02,-2.391517e-02,8.130324e-02
14.34000,2.574065e+02,-1.302521e+02,-2.414082e-02,8.109074e-02
14.34100,2.553531e+02,-1.242687e+02,-2.435905e-02,8.086638e-02
14.34200,2.533713e+02,-1.182997e+02,-2.456979e-02,8.063041e-02
14.34300,2.514549e+02,-1.124663e+02,-2.477296e-02,8.038307e-02
14.34400,2.495752e+02,-1.068575e+02,-2.496854e-02,8.012461e-02
14.34500,2.477007e+02,-1.014608e+02,-2.515648e-02,7.985527e-02
14.34600,2.458100e+02,-9.613898e+01,-2.533678e-02,7.957528e-02
14.34700,2.438976e+02,-9.069499e+01,-2.550942e-02,7.928489e-02
14.34800,2.419710e+02,-8.499505e+01,-2.567442e-02,7.898433e-02
14.34900,2.400438e+02,-7.905991e+01,-2.583182e-02,7.867383e-02
14.35000,2.381403e+02,-7.305536e+01,-2.598164e-02,7.835363e-02
14.35100,2.362989e+02,-6.719573e+01,-2.612395e-02,7.802397e-02
14.35200,2.345479e+02,-6.163447e+01,-2.625880e-02,7.768505e-02
14.35300,2.328807e+02,-5.640702e+01,-2.638627e-02,7.733712e-02
14.35400,2.312579e+02,-5.144714e+01,-2.650645e-02,7.698040e-02
14.35500,2.296316e+02,-4.664836e+01,-2.661943e-02,7.661509e-02
14.35600,2.279766e+02,-4.191810e+01,-2.672531e-02,7.624143e-02
14.35700,2.263113e+02,-3.720247e+01,-2.682421e-02,7.585962e-02
14.35800,2.246869e+02,-3.249566e+01,-2.691625e-02,7.546987e-02
14.35900,2.231526e+02,-2.784121e+01,-2.700156e-02,7.507240e-02
14.36000,2.217292e+02,-2.331362e+01,-2.708026e-02,7.466741e-02
14.36100,2.204073e+02,-1.897423e+01,-2.715249e-02,7.425510e-02
14.36200,2.191606e+02,-1.482669e+01,-2.721840e-02,7.383566e-02
14.36300,2.179559e+02,-1.081526e+01,-2.727812e-02,7.340930e-02
14.36400,2.167600e+02,-6.872985e+00,-2.733180e-02,7.297620e-02
14.36500,2.155462e+02,-2.973683e+00,-2.737960e-02,7.253655e-02
14.36600,2.143004e+02,8.592771e-01,-2.742165e-02,7.209054e-02
14.36700,2.130298e+02,4.593343e+00,-2.745810e-02,7.163834e-02
14.36800,2.117656e+02,8.238234e+00,-2.748911e-02,7.118013e-02
14.36900,2.105456e+02,1.185284e+01,-2.751483e-02,7.071607e-02
14.37000,2.093905e+02,1.548854e+01,-2.753538e-02,7.024632e-02
14.37100,2.082993e+02,1.911939e+01,-2.755093e-02,6.977105e-02
14.37200,2.072612e+02,2.263458e+01,-2.756161e-02,6.929040e-02
14.37300,2.062702e+02,2.590603e+01,-2.756755e-02,6.880453e-02
14.37400,2.053288e+02,2.886707e+01,-2.756889e-02,6.831356e-02
14.37500,2.044348e+02,3.154694e+01,-2.756577e-02,6.781762e-02
14.37600,2.035682e+02,3.405612e+01,-2.755829e-02,6.731685e-02
14.37700,2.026968e+02,3.653438e+01,-2.754659e-02,6.681136e-02
14.37800,2.017974e+02,3.909021e+01,-2.753077e-02,6.630125e-02
14.37900,2.008775e+02,4.177101e+01,-2.751094e-02,6.578662e-02
14.38000,1.999671e+02,4.456005e+01,-2.748722e-02,6.526757e-02
14.38100,1.990864e+02,4.737628e+01,-2.745968e-02,6.474417e-02
14.38200,1.982264e+02,5.009777e+01,-2.742842e-02,6.421651e-02
14.38300,1.973573e+02,5.263180e+01,-2.739353e-02,6.368464e-02
14.38400,1.964505e+02,5.498561e+01,-2.735508e-02,6.314863e-02
14.38500,1.954998e+02,5.726665e+01,-2.731313e-02,6.260853e-02
14.38600,1.945275e+02,5.960722e+01,-2.726774e-02,6.206436e-02
14.38700,1.935663e+02,6.207267e+01,-2.721897e-02,6.151618e-02
14.38800,1.926351e+02,6.461232e+01,-2.716686e-02,6.096400e-02
14.38900,1.917380e+02,6.708742e+01,-2.711144e-02,6.040783e-02
14.39000,1.908769e+02,6.936718e+01,-2.705275e-02,5.984770e-02
14.39100,1.900488e+02,7.141682e+01,-2.699080e-02,5.928360e-02
14.39200,1.892324e+02,7.330213e+01,-2.692560e-02,5.871554e-02
14.39300,1.883909e+02,7.512981e+01,-2.685716e-02,5.814349e-02
14.39400,1.874884e+02,7.699460e+01,-2.678547e-02,5.756745e-02
14.39500,1.865051e+02,7.896026e+01,-2.671053e-02,5.698741e-02
14.39600,1.854492e+02,8.105787e+01,-2.663230e-02,5.640333e-02
14.39700,1.843554e+02,8.328564e+01,-2.655075e-02,5.581518e-02
14.39800,1.832582e+02,8.560754e+01,-2.646587e-02,5.522294e-02
14.39900,1.821678e+02,8.795730e+01,-2.637759e-02,5.462657e-02
14.40000,1.810788e+02,9.026067e+01,-2.628587e-02,5.402604e-02
14.40100,1.799902e+02,9.246965e+01,-2.619065e-02,5.342128e-02
14.40200,1.789075e+02,9.457452e+01,-2.609186e-02,5.281227e-02
14.40300,1.778315e+02,9.657916e+01,-2.598943e-02,5.219895e-02
14.40400,1.767499e+02,9.847695e+01,-2.588330e-02,5.158127e-02
14.40500,1.756397e+02,1.002639e+02,-2.577336e-02,5.095918e-02
14.40600,1.744840e+02,1.019733e+02,-2.565954e-02,5.033262e-02
14.40700,1.732894e+02,1.036870e+02,-2.554175e-02,4.970153e-02
14.40800,1.720866e+02,1.055004e+02,-2.541990e-02,4.906585e-02
14.40900,1.709073e+02,1.074553e+02,-2.529387e-02,4.842551e-02
14.41000,1.697572e+02,1.094935e+02,-2.516358e-02,4.778046e-02
14.41100,1.686200e+02,1.114831e+02,-2.502892e-02,4.713063e-02
14.41200,1.674803e+02,1.133080e+02,-2.488980e-02,4.647595e-02
14.41300,1.663327e+02,1.149460e+02,-2.474610e-02,4.581635e-02
14.41400,1.651762e+02,1.164739e+02,-2.459773e-02,4.515175e-02
14.41500,1.640082e+02,1.180114e+02,-2.444459e-02,4.448209e-02
14.41600,1.628224e+02,1.196543e+02,-2.428658e-02,4.380730e-02
14.41700,1.616155e+02,1.214363e+02,-2.412360e-02,4.312728e-02
14.41800,1.604043e+02,1.233232e+02,-2.395556e-02,4.244198e-02
14.41900,1.592280e+02,1.252277e+02,-2.378237e-02,4.175131e-02
14.42000,1.581203e+02,1.270324e+02,-2.360395e-02,4.105520e-02
14.42100,1.570786e+02,1.286252e+02,-2.342023e-02,4.035356e-02
14.42200,1.560700e+02,1.299478e+02,-2.323112e-02,3.964631e-02
14.42300,1.550618e+02,1.310313e+02,-2.303657e-02,3.893338e-02
14.42400,1.540395e+02,1.319864e+02,-2.283651e-02,3.821469e-02
14.42500,1.530079e+02,1.329441e+02,-2.263091e-02,3.749017e-02
14.42600,1.519866e+02,1.339800e+02,-2.241973e-02,3.675973e-02
14.42700,1.509935e+02,1.350787e+02,-2.220294e-02,3.602331e-02
14.42800,1.500358e+02,1.361717e+02,-2.198051e-02,3.528084e-02
14.42900,1.491230e+02,1.372082e+02,-2.175245e-02,3.453224e-02
14.43000,1.482728e+02,1.381839e+02,-2.151877e-02,3.377747e-02
14.43100,1.474912e+02,1.391190e+02,-2.127948e-02,3.301644e-02
14.43200,1.467578e+02,1.400250e+02,-2.103461e-02,3.224912e-02
14.43300,1.460359e+02,1.408909e+02,-2.078422e-02,3.147545e-02
14.43400,1.452976e+02,1.416943e+02,-2.052836e-02,3.069538e-02
14.43500,1.445417e+02,1.424292e+02,-2.026711e-02,2.990888e-02
14.43600,1.437913e+02,1.431160e+02,-2.000055e-02,2.911590e-02
14.43700,1.430788e+02,1.437767e+02,-1.972880e-02,2.831642e-02
14.43800,1.424258e+02,1.444052e+02,-1.945196e-02,2.751043e-02
14.43900,1.418326e+02,1.449704e+02,-1.917017e-02,2.669789e-02
14.44000,1.412930e+02,1.454396e+02,-1.888357e-02,2.587881e-02
14.44100,1.408068e+02,1.457904e+02,-1.859234e-02,2.505319e-02
14.44200,1.403706e+02,1.460160e+02,-1.829664e-02,2.422102e-02
14.44300,1.399663e+02,1.461337e+02,-1.799667e-02,2.338233e-02
14.44400,1.395680e+02,1.461939e+02,-1.769263e-02,2.253713e-02
14.44500,1.391636e+02,1.462788e+02,-1.738473e-02,2.168546e-02
14.44600,1.387688e+02,1.464827e+02,-1.707321e-02,2.082735e-02
14.44700,1.384216e+02,1.468641e+02,-1.675831e-02,1.996285e-02
14.44800,1.381598e+02,1.473954e+02,-1.644029e-02,1.909201e-02
14.44900,1.379915e+02,1.479604e+02,-1.611940e-02,1.821489e-02
14.45000,1.378859e+02,1.484207e+02,-1.579592e-02,1.733158e-02
14.45100,1.378000e+02,1.487005e+02,-1.547014e-02,1.644213e-02
14.45200,1.377120e+02,1.488238e+02,-1.514236e-02,1.554665e-02
14.45300,1.376235e+02,1.488910e+02,-1.481286e-02,1.464523e-02
14.45400,1.375440e+02,1.490233e+02,-1.448197e-02,1.373797e-02
14.45500,1.374829e+02,1.493022e+02,-1.414999e-02,1.282498e-02
14.45600,1.374492e+02,1.497391e+02,-1.381725e-02,1.190639e-02
14.45700,1.374560e+02,1.502882e+02,-1.348407e-02,1.098233e-02
14.45800,1.375255e+02,1.508777e+02,-1.315077e-02,1.005293e-02
14.45900,1.376776e+02,1.514326e+02,-1.281769e-02,9.118338e-03
14.46000,1.379085e+02,1.518994e+02,-1.248515e-02,8.178713e-03
14.46100,1.381867e+02,1.522830e+02,-1.215350e-02,7.234216e-03
14.46200,1.384764e+02,1.526601e+02,-1.182305e-02,6.285017e-03
14.46300,1.387603e+02,1.531413e+02,-1.149413e-02,5.331294e-03
14.46400,1.390440e+02,1.538170e+02,-1.116708e-02,4.373233e-03
14.46500,1.393433e+02,1.547254e+02,-1.084222e-02,3.411030e-03
14.46600,1.396704e+02,1.558525e+02,-1.051986e-02,2.444883e-03
14.46700,1.400288e+02,1.571546e+02,-1.020032e-02,1.475002e-03
14.46800,1.404204e+02,1.585855e+02,-9.883903e-03,5.016004e-04
14.46900,1.408535e+02,1.600986e+02,-9.570916e-03,-4.751007e-04
14.47000,1.413369e+02,1.616277e+02,-9.261649e-03,-1.454876e-03
14.47100,1.418660e+02,1.630875e+02,-8.956388e-03,-2.437493e-03
14.47200,1.424211e+02,1.644147e+02,-8.655409e-03,-3.422717e-03
14.47300,1.429839e+02,1.656161e+02,-8.358981e-03,-4.410309e-03
14.47400,1.435531e+02,1.667743e+02,-8.067360e-03,-5.400026e-03
14.47500,1.441470e+02,1.680042e+02,-7.780794e-03,-6.391623e-03
14.47600,1.447895e+02,1.693962e+02,-7.499520e-03,-7.384855e-03
14.47700,1.454916e+02,1.709820e+02,-7.223764e-03,-8.379475e-03
14.47800,1.462459e+02,1.727341e+02,-6.953743e-03,-9.375236e-03
14.47900,1.470336e+02,1.745898e+02,-6.689663e-03,-1.037189e-02
14.48000,1.478390e+02,1.764791e+02,-6.431719e-03,-1.136920e-02
14.48100,1.486548e+02,1.783460e+02,-6.180095e-03,-1.236691e-02
14.48200,1.494763e+02,1.801656e+02,-5.934966e-03,-1.336480e-02
14.48300,1.502987e+02,1.819617e+02,-5.696496e-03,-1.436261e-02
14.48400,1.511266e+02,1.838047e+02,-5.464840e-03,-1.536012e-02
14.48500,1.519782e+02,1.857643e+02,-5.240142e-03,-1.635711e-02
14.48600,1.528763e+02,1.878400e+02,-5.022537e-03,-1.735334e-02
14.48700,1.538356e+02,1.899361e+02,-4.812153e-03,-1.834861e-02
14.48800,1.548501e+02,1.919094e+02,-4.609108e-03,-1.934269e-02
14.48900,1.558935e+02,1.936539e+02,-4.413511e-03,-2.033540e-02
14.49000,1.569399e+02,1.951618e+02,-4.225467e-03,-2.132652e-02
14.49100,1.579861e+02,1.965226e+02,-4.045073e-03,-2.231588e-02
14.49200,1.590489e+02,1.978615e+02,-3.872417e-03,-2.330327e-02
14.49300,1.601449e+02,1.992650e+02,-3.707582e-03,-2.428853e-02
14.49400,1.612772e+02,2.007570e+02,-3.550646e-03,-2.527148e-02
14.49500,1.624374e+02,2.023264e+02,-3.401680e-03,-2.625195e-02
14.49600,1.636158e+02,2.039499e+02,-3.260750e-03,-2.722977e-02
14.49700,1.648109e+02,2.055857e+02,-3.127916e-03,-2.820480e-02
14.49800,1.660328e+02,2.071686e+02,-3.003237e-03,-2.917687e-02
14.49900,1.672912e+02,2.086284e+02,-2.886764e-03,-3.014583e-02
14.50000,1.685836e+02,2.099203e+02,-2.778546e-03,-3.111154e-02
14.50100,1.699000e+02,2.110427e+02,-2.678627e-03,-3.207385e-02
14.50200,1.712331e+02,2.120316e+02,-2.587048e-03,-3.303261e-02
14.50300,1.725808e+02,2.129280e+02,-2.503848e-03,-3.398768e-02
14.50400,1.739452e+02,2.137494e+02,-2.429057e-03,-3.493892e-02
14.50500,1.753310e+02,2.144988e+02,-2.362707e-03,-3.588618e-02
14.50600,1.767447e+02,2.151922e+02,-2.304825e-03,-3.682931e-02
14.50700,1.781931e+02,2.158539e+02,-2.255434e-03,-3.776818e-02
14.50800,1.796782e+02,2.164758e+02,-2.214557e-03,-3.870263e-02
14.50900,1.811950e+02,2.169952e+02,-2.182210e-03,-3.963250e-02
14.51000,1.827339e+02,2.173281e+02,-2.158410e-03,-4.055765e-02
14.51100,1.842858e+02,2.174388e+02,-2.143170e-03,-4.147790e-02
14.51200,1.858491e+02,2.173926e+02,-2.136499e-03,-4.239310e-02
14.51300,1.874365e+02,2.173411e+02,-2.138406e-03,-4.330308e-02
14.51400,1.890666e+02,2.174351e+02,-2.148894e-03,-4.420765e-02
14.51500,1.907491e+02,2.177257e+02,-2.167967e-03,-4.510665e-02
14.51600,1.924792e+02,2.181405e+02,-2.195626e-03,-4.599988e-02
14.51700,1.942445e+02,2.185397e+02,-2.231868e-03,-4.688715e-02
14.51800,1.960321e+02,2.187889e+02,-2.276692e-03,-4.776826e-02
14.51900,1.978323e+02,2.188022e+02,-2.330090e-03,-4.864302e-02
14.52000,1.996423e+02,2.185601e+02,-2.392057e-03,-4.951120e-02
14.52100,2.014671e+02,2.181076e+02,-2.462582e-03,-5.037260e-02
14.52200,2.033153e+02,2.175395e+02,-2.541654e-03,-5.122698e-02
14.52300,2.051982e+02,2.169793e+02,-2.629261e-03,-5.207412e-02
14.52400,2.071269e+02,2.165386e+02,-2.725386e-03,-5.291379e-02
14.52500,2.091046e+02,2.162604e+02,-2.830012e-03,-5.374573e-02
14.52600,2.111197e+02,2.160950e+02,-2.943117e-03,-5.456970e-02
14.52700,2.131538e+02,2.159466e+02,-3.064679e-03,-5.538545e-02
14.52800,2.151949e+02,2.157540e+02,-3.194670e-03,-5.619271e-02
14.52900,2.172443e+02,2.155316e+02,-3.333062e-03,-5.699123e-02
14.53000,2.193132e+02,2.153431e+02,-3.479819e-03,-5.778071e-02
14.53100,2.214131e+02,2.152402e+02,-3.634902e-03,-5.856090e-02
14.53200,2.235479e+02,2.152236e+02,-3.798266e-03,-5.933151e-02
14.53300,2.257145e+02,2.152567e+02,-3.969862e-03,-6.009225e-02
14.53400,2.279064e+02,2.153160e+02,-4.149634e-03,-6.084284e-02
14.53500,2.301174e+02,2.154197e+02,-4.337517e-03,-6.158299e-02
14.53600,2.323430e+02,2.156055e+02,-4.533443e-03,-6.231239e-02
14.53700,2.345770e+02,2.158831e+02,-4.737331e-03,-6.303076e-02
14.53800,2.368085e+02,2.162151e+02,-4.949093e-03,-6.373780e-02
14.53900,2.390291e+02,2.165460e+02,-5.168633e-03,-6.443322e-02
14.54000,2.412360e+02,2.168488e+02,-5.395842e-03,-6.511672e-02
14.54100,2.434272e+02,2.171441e+02,-5.630603e-03,-6.578801e-02
14.54200,2.456006e+02,2.174856e+02,-5.872788e-03,-6.644681e-02
14.54300,2.477602e+02,2.179354e+02,-6.122259e-03,-6.709282e-02
14.54400,2.499168e+02,2.185473e+02,-6.378864e-03,-6.772577e-02
14.54500,2.520797e+02,2.193523e+02,-6.642442e-03,-6.834538e-02
14.54600,2.542479e+02,2.203420e+02,-6.912818e-03,-6.895140e-02
14.54700,2.564054e+02,2.214549e+02,-7.189808e-03,-6.954357e-02
14.54800,2.585228e+02,2.225839e+02,-7.473214e-03,-7.012162e-02
14.54900,2.605726e+02,2.236240e+02,-7.762831e-03,-7.068533e-02
14.55000,2.625516e+02,2.245424e+02,-8.058439e-03,-7.123447e-02
14.55100,2.644824e+02,2.254121e+02,-8.359809e-03,-7.176881e-02
14.55200,2.663896e+02,2.263668e+02,-8.666700e-03,-7.228815e-02
14.55300,2.682782e+02,2.275044e+02,-8.978863e-03,-7.279230e-02
14.55400,2.701299e+02,2.288153e+02,-9.296039e-03,-7.328108e-02
14.55500,2.719120e+02,2.301838e+02,-9.617961e-03,-7.375431e-02
14.55600,2.735935e+02,2.314519e+02,-9.944354e-03,-7.421184e-02
14.55700,2.751576e+02,2.324998e+02,-1.027493e-02,-7.465352e-02
14.55800,2.766033e+02,2.332954e+02,-1.060941e-02,-7.507922e-02
14.55900,2.779380e+02,2.338870e+02,-1.094749e-02,-7.548884e-02
14.56000,2.791716e+02,2.343637e+02,-1.128887e-02,-7.588225e-02
14.56100,2.803214e+02,2.348220e+02,-1.163324e-02,-7.625938e-02
14.56200,2.814091e+02,2.353408e+02,-1.198028e-02,-7.662014e-02
14.56300,2.824430e+02,2.359516e+02,-1.232969e-02,-7.696446e-02
14.56400,2.834069e+02,2.366204e+02,-1.268113e-02,-7.729230e-02
14.56500,2.842737e+02,2.372628e+02,-1.303430e-02,-7.760360e-02
14.56600,2.850220e+02,2.377835e+02,-1.338886e-02,-7.789835e-02
14.56700,2.856449e+02,2.381099e+02,-1.374448e-02,-7.817651e-02
14.56800,2.861499e+02,2.382038e+02,-1.410085e-02,-7.843809e-02
14.56900,2.865487e+02,2.380492e+02,-1.445761e-02,-7.868309e-02
14.57000,2.868398e+02,2.376284e+02,-1.481446e-02,-7.891152e-02
14.57100,2.870082e+02,2.369190e+02,-1.517105e-02,-7.912340e-02
14.57200,2.870456e+02,2.359243e+02,-1.552706e-02,-7.931877e-02
14.57300,2.869598e+02,2.346960e+02,-1.588214e-02,-7.949768e-02
14.57400,2.867614e+02,2.333135e+02,-1.623599e-02,-7.966018e-02
14.57500,2.864515e+02,2.318318e+02,-1.658826e-02,-7.980635e-02
14.57600,2.860255e+02,2.302429e+02,-1.693863e-02,-7.993624e-02
14.57700,2.854770e+02,2.284761e+02,-1.728678e-02,-8.004996e-02
14.57800,2.848036e+02,2.264388e+02,-1.763240e-02,-8.014760e-02
14.57900,2.840162e+02,2.240730e+02,-1.797517e-02,-8.022926e-02
14.58000,2.831365e+02,2.213895e+02,-1.831478e-02,-8.029506e-02
14.58100,2.821838e+02,2.184593e+02,-1.865092e-02,-8.034513e-02
14.58200,2.811725e+02,2.153753e+02,-1.898330e-02,-8.037961e-02
14.58300,2.801156e+02,2.122111e+02,-1.931162e-02,-8.039864e-02
14.58400,2.790158e+02,2.089844e+02,-1.963559e-02,-8.040237e-02
14.58500,2.778510e+02,2.056352e+02,-1.995495e-02,-8.039098e-02
14.58600,2.765768e+02,2.020429e+02,-2.026943e-02,-8.036462e-02
14.58700,2.751521e+02,1.980837e+02,-2.057876e-02,-8.032349e-02
14.58800,2.735686e+02,1.937008e+02,-2.088269e-02,-8.026778e-02
14.58900,2.718638e+02,1.889458e+02,-2.118100e-02,-8.019767e-02
14.59000,2.701049e+02,1.839635e+02,-2.147345e-02,-8.011338e-02
14.59100,2.683497e+02,1.789196e+02,-2.175983e-02,-8.001511e-02
14.59200,2.666112e+02,1.739162e+02,-2.203994e-02,-7.990309e-02
14.59300,2.648601e+02,1.689562e+02,-2.231359e-02,-7.977753e-02
14.59400,2.630627e+02,1.639721e+02,-2.258061e-02,-7.963867e-02
14.59500,2.612115e+02,1.588873e+02,-2.284084e-02,-7.948673e-02
14.59600,2.593257e+02,1.536623e+02,-2.309413e-02,-7.932194e-02
14.59700,2.574346e+02,1.483057e+02,-2.334035e-02,-7.914456e-02
14.59800,2.555596e+02,1.428584e+02,-2.357939e-02,-7.895480e-02
14.59900,2.537078e+02,1.373705e+02,-2.381114e-02,-7.875293e-02
14.60000,2.518775e+02,1.318830e+02,-2.403553e-02,-7.853917e-02
14.60100,2.500661e+02,1.264150e+02,-2.425247e-02,-7.831377e-02
14.60200,2.482678e+02,1.209593e+02,-2.446192e-02,-7.807697e-02
14.60300,2.464661e+02,1.154934e+02,-2.466383e-02,-7.782902e-02
14.60400,2.446404e+02,1.099973e+02,-2.485818e-02,-7.757015e-02
14.60500,2.427860e+02,1.044676e+02,-2.504495e-02,-7.730061e-02
14.60600,2.409200e+02,9.892064e+01,-2.522415e-02,-7.702062e-02
14.60700,2.390695e+02,9.337611e+01,-2.539580e-02,-7.673042e-02
14.60800,2.372574e+02,8.783707e+01,-2.555991e-02,-7.643025e-02
14.60900,2.354958e+02,8.229859e+01,-2.571653e-02,-7.612033e-02
14.61000,2.337888e+02,7.678581e+01,-2.586572e-02,-7.580089e-02
14.61100,2.321456e+02,7.137594e+01,-2.600753e-02,-7.547216e-02
14.61200,2.305823e+02,6.617411e+01,-2.614205e-02,-7.513434e-02
14.61300,2.291025e+02,6.125736e+01,-2.626935e-02,-7.478765e-02
14.61400,2.276824e+02,5.662301e+01,-2.638952e-02,-7.443232e-02
14.61500,2.262791e+02,5.217581e+01,-2.650268e-02,-7.406854e-02
14.61600,2.248567e+02,4.776912e+01,-2.660892e-02,-7.369653e-02
14.61700,2.234087e+02,4.327959e+01,-2.670836e-02,-7.331647e-02
14.61800,2.219589e+02,3.866535e+01,-2.680113e-02,-7.292858e-02
14.61900,2.205438e+02,3.397538e+01,-2.688735e-02,-7.253305e-02
