/*--------------------------------*- C++ -*----------------------------------*\
| =========                 |                                                 |
| \\      /  F ield         | foam-extend: Open Source CFD                    |
|  \\    /   O peration     | Version:     4.1                                |
|   \\  /    A nd           | Web:         http://www.foam-extend.org         |
|    \\/     M anipulation  |                                                 |
\*---------------------------------------------------------------------------*/
FoamFile
{
    version     2.0;
    format      ascii;
    class       volVectorField;
    location    "0.195";
    object      DD;
}
// * * * * * * * * * * * * * * * * * * * * * * * * * * * * * * * * * * * * * //

dimensions      [0 1 0 0 0 0 0];

internalField   nonuniform List<vector> 
5120
(
(3.29665e-10 3.15516e-10 2.80389e-10)
(9.34599e-10 5.86449e-10 6.88944e-10)
(1.53716e-09 7.14785e-10 1.18936e-09)
(2.11921e-09 7.86087e-10 1.87094e-09)
(2.67626e-09 8.26707e-10 2.75197e-09)
(3.20295e-09 8.49312e-10 3.83514e-09)
(3.69339e-09 8.60874e-10 5.11854e-09)
(4.14199e-09 8.65363e-10 6.59839e-09)
(4.54371e-09 8.65179e-10 8.27013e-09)
(4.89407e-09 8.61818e-10 1.01289e-08)
(5.18913e-09 8.5622e-10 1.21695e-08)
(5.42545e-09 8.48985e-10 1.4387e-08)
(5.60003e-09 8.40502e-10 1.67762e-08)
(5.71028e-09 8.31031e-10 1.93319e-08)
(5.75398e-09 8.20748e-10 2.20492e-08)
(5.72923e-09 8.09779e-10 2.49231e-08)
(5.63443e-09 7.98216e-10 2.79487e-08)
(5.46825e-09 7.86126e-10 3.11212e-08)
(5.22964e-09 7.73562e-10 3.44358e-08)
(4.91778e-09 7.60566e-10 3.78878e-08)
(4.53208e-09 7.47173e-10 4.14726e-08)
(4.07216e-09 7.33411e-10 4.51857e-08)
(3.53786e-09 7.19306e-10 4.90224e-08)
(2.92918e-09 7.04882e-10 5.29785e-08)
(2.24634e-09 6.90161e-10 5.70495e-08)
(1.48969e-09 6.75164e-10 6.12313e-08)
(6.59767e-10 6.59912e-10 6.55196e-08)
(-2.42755e-10 6.44424e-10 6.99104e-08)
(-1.21707e-09 6.2872e-10 7.43995e-08)
(-2.26222e-09 6.12822e-10 7.89831e-08)
(-3.37717e-09 5.96748e-10 8.36573e-08)
(-4.56073e-09 5.80518e-10 8.84183e-08)
(-5.81165e-09 5.64154e-10 9.32624e-08)
(-7.12856e-09 5.47674e-10 9.81861e-08)
(-8.51002e-09 5.31098e-10 1.03186e-07)
(-9.95451e-09 5.14447e-10 1.08258e-07)
(-1.14604e-08 4.97741e-10 1.13399e-07)
(-1.30262e-08 4.81e-10 1.18607e-07)
(-1.465e-08 4.64242e-10 1.23877e-07)
(-1.63302e-08 4.4749e-10 1.29207e-07)
(-1.80649e-08 4.30761e-10 1.34593e-07)
(-1.98524e-08 4.14076e-10 1.40033e-07)
(-2.16908e-08 3.97455e-10 1.45524e-07)
(-2.35783e-08 3.80916e-10 1.51063e-07)
(-2.55129e-08 3.64481e-10 1.56647e-07)
(-2.74927e-08 3.48168e-10 1.62273e-07)
(-2.9516e-08 3.31997e-10 1.6794e-07)
(-3.15807e-08 3.15987e-10 1.73644e-07)
(-3.36849e-08 3.00158e-10 1.79384e-07)
(-3.58269e-08 2.84528e-10 1.85156e-07)
(-3.80047e-08 2.69117e-10 1.90959e-07)
(-4.02164e-08 2.53945e-10 1.9679e-07)
(-4.24602e-08 2.39029e-10 2.02648e-07)
(-4.47342e-08 2.24389e-10 2.08529e-07)
(-4.70368e-08 2.10043e-10 2.14433e-07)
(-4.93661e-08 1.96011e-10 2.20357e-07)
(-5.17205e-08 1.8231e-10 2.263e-07)
(-5.40981e-08 1.6896e-10 2.32259e-07)
(-5.64974e-08 1.55977e-10 2.38233e-07)
(-5.89167e-08 1.43381e-10 2.44221e-07)
(-6.13545e-08 1.3119e-10 2.5022e-07)
(-6.38091e-08 1.1942e-10 2.5623e-07)
(-6.62793e-08 1.08091e-10 2.62248e-07)
(-6.87634e-08 9.72185e-11 2.68274e-07)
(-7.12602e-08 8.68208e-11 2.74307e-07)
(-7.37682e-08 7.69152e-11 2.80344e-07)
(-7.62863e-08 6.75189e-11 2.86386e-07)
(-7.88131e-08 5.86491e-11 2.9243e-07)
(-8.13475e-08 5.03236e-11 2.98477e-07)
(-8.38884e-08 4.25602e-11 3.04524e-07)
(-8.64348e-08 3.53772e-11 3.10572e-07)
(-8.89855e-08 2.87936e-11 3.1662e-07)
(-9.15398e-08 2.28286e-11 3.22666e-07)
(-9.40967e-08 1.75007e-11 3.28711e-07)
(-9.66554e-08 1.28249e-11 3.34754e-07)
(-9.92151e-08 8.80734e-12 3.40794e-07)
(-1.01775e-07 5.42945e-12 3.46832e-07)
(-1.04335e-07 2.61419e-12 3.52867e-07)
(-1.06894e-07 1.91177e-13 3.58899e-07)
(-1.09452e-07 -1.96522e-12 3.64928e-07)
(2.83414e-10 1.57501e-10 3.89587e-10)
(8.72043e-10 3.47183e-10 8.55472e-10)
(1.47736e-09 4.58438e-10 1.38393e-09)
(2.06301e-09 5.24289e-10 2.09005e-09)
(2.6213e-09 5.62115e-10 2.98884e-09)
(3.14726e-09 5.83184e-10 4.08311e-09)
(3.63554e-09 5.94232e-10 5.37264e-09)
(4.08112e-09 5.99125e-10 6.85499e-09)
(4.47941e-09 6.00118e-10 8.52663e-09)
(4.82623e-09 5.98558e-10 1.03834e-08)
(5.11783e-09 5.95256e-10 1.24208e-08)
(5.3509e-09 5.90708e-10 1.46341e-08)
(5.52251e-09 5.85227e-10 1.70185e-08)
(5.63011e-09 5.79012e-10 1.95692e-08)
(5.67148e-09 5.72197e-10 2.22811e-08)
(5.64472e-09 5.64876e-10 2.51495e-08)
(5.54823e-09 5.57113e-10 2.81695e-08)
(5.38069e-09 5.48959e-10 3.13363e-08)
(5.14101e-09 5.40452e-10 3.46452e-08)
(4.82837e-09 5.31622e-10 3.80916e-08)
(4.44217e-09 5.22494e-10 4.16707e-08)
(3.98201e-09 5.1309e-10 4.53782e-08)
(3.44773e-09 5.03427e-10 4.92094e-08)
(2.83931e-09 4.93524e-10 5.316e-08)
(2.15695e-09 4.83396e-10 5.72256e-08)
(1.40101e-09 4.73058e-10 6.1402e-08)
(5.71988e-10 4.62526e-10 6.5685e-08)
(-3.29443e-10 4.51813e-10 7.00704e-08)
(-1.30249e-09 4.40935e-10 7.45544e-08)
(-2.34621e-09 4.29906e-10 7.91329e-08)
(-3.45958e-09 4.18741e-10 8.3802e-08)
(-4.64143e-09 4.07454e-10 8.85581e-08)
(-5.8905e-09 3.9606e-10 9.33974e-08)
(-7.20546e-09 3.84574e-10 9.83162e-08)
(-8.58485e-09 3.73009e-10 1.03311e-07)
(-1.00272e-08 3.61381e-10 1.08379e-07)
(-1.15309e-08 3.49704e-10 1.13516e-07)
(-1.30943e-08 3.37993e-10 1.18719e-07)
(-1.47158e-08 3.26262e-10 1.23984e-07)
(-1.63935e-08 3.14526e-10 1.2931e-07)
(-1.81258e-08 3.02799e-10 1.34692e-07)
(-1.99108e-08 2.91096e-10 1.40128e-07)
(-2.17467e-08 2.79431e-10 1.45614e-07)
(-2.36316e-08 2.67818e-10 1.51149e-07)
(-2.55637e-08 2.56271e-10 1.56729e-07)
(-2.7541e-08 2.44805e-10 1.62352e-07)
(-2.95617e-08 2.33434e-10 1.68015e-07)
(-3.16239e-08 2.22172e-10 1.73716e-07)
(-3.37257e-08 2.11034e-10 1.79452e-07)
(-3.58651e-08 2.00032e-10 1.85221e-07)
(-3.80405e-08 1.89181e-10 1.9102e-07)
(-4.02498e-08 1.78494e-10 1.96848e-07)
(-4.24912e-08 1.67987e-10 2.02702e-07)
(-4.4763e-08 1.57671e-10 2.0858e-07)
(-4.70633e-08 1.47562e-10 2.14481e-07)
(-4.93905e-08 1.37672e-10 2.20402e-07)
(-5.17427e-08 1.28014e-10 2.26342e-07)
(-5.41182e-08 1.18603e-10 2.32298e-07)
(-5.65155e-08 1.09451e-10 2.38269e-07)
(-5.89329e-08 1.00571e-10 2.44254e-07)
(-6.13689e-08 9.19775e-11 2.50251e-07)
(-6.38218e-08 8.3682e-11 2.56258e-07)
(-6.62903e-08 7.56977e-11 2.62274e-07)
(-6.87729e-08 6.80374e-11 2.68298e-07)
(-7.12682e-08 6.07137e-11 2.74328e-07)
(-7.37749e-08 5.37392e-11 2.80363e-07)
(-7.62916e-08 4.71266e-11 2.86403e-07)
(-7.88173e-08 4.08887e-11 2.92445e-07)
(-8.13506e-08 3.50385e-11 2.9849e-07)
(-8.38906e-08 2.95896e-11 3.04536e-07)
(-8.64361e-08 2.45559e-11 3.10582e-07)
(-8.89861e-08 1.99518e-11 3.16628e-07)
(-9.15397e-08 1.5792e-11 3.22673e-07)
(-9.4096e-08 1.20899e-11 3.28717e-07)
(-9.66543e-08 8.85521e-12 3.34759e-07)
(-9.92137e-08 6.08775e-12 3.40798e-07)
(-1.01773e-07 3.76731e-12 3.46835e-07)
(-1.04333e-07 1.83549e-12 3.52869e-07)
(-1.06892e-07 1.8471e-13 3.58901e-07)
(-1.0945e-07 -1.28843e-12 3.6493e-07)
(2.77842e-10 7.72431e-11 4.53542e-10)
(8.50285e-10 1.86078e-10 9.62574e-10)
(1.44897e-09 2.56008e-10 1.50483e-09)
(2.03167e-09 2.99721e-10 2.22094e-09)
(2.58809e-09 3.2587e-10 3.12864e-09)
(3.11228e-09 3.40855e-10 4.22988e-09)
(3.59857e-09 3.48945e-10 5.52416e-09)
(4.04192e-09 3.52781e-10 7.00922e-09)
(4.43784e-09 3.53954e-10 8.68187e-09)
(4.78228e-09 3.53414e-10 1.05383e-08)
(5.07158e-09 3.51731e-10 1.25745e-08)
(5.30249e-09 3.49249e-10 1.47858e-08)
(5.47213e-09 3.46178e-10 1.71678e-08)
(5.57795e-09 3.42649e-10 1.97155e-08)
(5.61776e-09 3.38749e-10 2.24244e-08)
(5.58965e-09 3.34536e-10 2.52896e-08)
(5.49202e-09 3.30052e-10 2.83063e-08)
(5.32354e-09 3.25327e-10 3.14697e-08)
(5.08312e-09 3.20385e-10 3.47753e-08)
(4.76993e-09 3.15244e-10 3.82182e-08)
(4.38335e-09 3.0992e-10 4.17939e-08)
(3.92299e-09 3.04425e-10 4.5498e-08)
(3.38867e-09 2.9877e-10 4.93258e-08)
(2.78037e-09 2.92967e-10 5.3273e-08)
(2.09828e-09 2.87024e-10 5.73352e-08)
(1.34274e-09 2.80952e-10 6.15083e-08)
(5.14263e-10 2.74758e-10 6.5788e-08)
(-3.86504e-10 2.68452e-10 7.01702e-08)
(-1.35877e-09 2.62043e-10 7.4651e-08)
(-2.40161e-09 2.55539e-10 7.92263e-08)
(-3.51399e-09 2.48949e-10 8.38923e-08)
(-4.69475e-09 2.42282e-10 8.86453e-08)
(-5.94266e-09 2.35547e-10 9.34815e-08)
(-7.25637e-09 2.28753e-10 9.83973e-08)
(-8.63446e-09 2.21908e-10 1.03389e-07)
(-1.00754e-08 2.15021e-10 1.08454e-07)
(-1.15777e-08 2.08102e-10 1.13588e-07)
(-1.31396e-08 2.01158e-10 1.18788e-07)
(-1.47596e-08 1.942e-10 1.24051e-07)
(-1.64358e-08 1.87235e-10 1.29374e-07)
(-1.81665e-08 1.80272e-10 1.34753e-07)
(-1.99499e-08 1.73321e-10 1.40186e-07)
(-2.17841e-08 1.66389e-10 1.45671e-07)
(-2.36674e-08 1.59486e-10 1.51203e-07)
(-2.55978e-08 1.5262e-10 1.56781e-07)
(-2.75735e-08 1.458e-10 1.62401e-07)
(-2.95925e-08 1.39034e-10 1.68062e-07)
(-3.16531e-08 1.32332e-10 1.7376e-07)
(-3.37532e-08 1.25701e-10 1.79493e-07)
(-3.5891e-08 1.1915e-10 1.8526e-07)
(-3.80648e-08 1.12687e-10 1.91057e-07)
(-4.02725e-08 1.06322e-10 1.96883e-07)
(-4.25124e-08 1.00061e-10 2.02735e-07)
(-4.47827e-08 9.39144e-11 2.08612e-07)
(-4.70815e-08 8.78894e-11 2.1451e-07)
(-4.94072e-08 8.19943e-11 2.20429e-07)
(-5.1758e-08 7.62375e-11 2.26367e-07)
(-5.41322e-08 7.06269e-11 2.32322e-07)
(-5.65282e-08 6.51706e-11 2.38291e-07)
(-5.89444e-08 5.98766e-11 2.44274e-07)
(-6.13791e-08 5.47528e-11 2.50269e-07)
(-6.38309e-08 4.98069e-11 2.56275e-07)
(-6.62983e-08 4.50468e-11 2.6229e-07)
(-6.87798e-08 4.04802e-11 2.68312e-07)
(-7.12741e-08 3.61148e-11 2.74341e-07)
(-7.37799e-08 3.19583e-11 2.80375e-07)
(-7.62958e-08 2.80184e-11 2.86413e-07)
(-7.88206e-08 2.4303e-11 2.92454e-07)
(-8.13532e-08 2.08201e-11 2.98498e-07)
(-8.38925e-08 1.75782e-11 3.04542e-07)
(-8.64374e-08 1.45859e-11 3.10588e-07)
(-8.89869e-08 1.18522e-11 3.16633e-07)
(-9.154e-08 9.38605e-12 3.22677e-07)
(-9.40959e-08 7.19541e-12 3.2872e-07)
(-9.66538e-08 5.28514e-12 3.34761e-07)
(-9.92129e-08 3.65339e-12 3.408e-07)
(-1.01773e-07 2.28554e-12 3.46837e-07)
(-1.04332e-07 1.14565e-12 3.52871e-07)
(-1.06891e-07 1.77306e-13 3.58902e-07)
(-1.09449e-07 -6.7797e-13 3.64932e-07)
(2.76506e-10 2.35016e-11 4.7941e-10)
(8.43091e-10 5.82412e-11 1.0089e-09)
(1.4382e-09 8.17853e-11 1.55971e-09)
(2.01836e-09 9.70495e-11 2.28148e-09)
(2.57296e-09 1.06405e-10 3.1937e-09)
(3.09572e-09 1.11859e-10 4.29845e-09)
(3.58072e-09 1.14853e-10 5.59529e-09)
(4.02281e-09 1.16318e-10 7.08199e-09)
(4.41748e-09 1.16828e-10 8.75547e-09)
(4.76068e-09 1.1673e-10 1.06121e-08)
(5.04881e-09 1.16229e-10 1.26479e-08)
(5.27863e-09 1.1545e-10 1.48585e-08)
(5.44727e-09 1.14468e-10 1.72394e-08)
(5.55219e-09 1.1333e-10 1.97859e-08)
(5.59121e-09 1.12066e-10 2.24934e-08)
(5.56242e-09 1.10696e-10 2.53571e-08)
(5.46421e-09 1.09234e-10 2.83722e-08)
(5.29524e-09 1.0769e-10 3.15341e-08)
(5.05444e-09 1.06073e-10 3.4838e-08)
(4.74095e-09 1.04389e-10 3.82794e-08)
(4.35417e-09 1.02642e-10 4.18535e-08)
(3.8937e-09 1.00838e-10 4.55558e-08)
(3.35934e-09 9.89799e-11 4.9382e-08)
(2.75109e-09 9.70713e-11 5.33276e-08)
(2.06911e-09 9.51154e-11 5.73883e-08)
(1.31376e-09 9.31154e-11 6.15597e-08)
(4.85531e-10 9.10742e-11 6.58379e-08)
(-4.14923e-10 8.89948e-11 7.02185e-08)
(-1.38682e-09 8.68801e-11 7.46977e-08)
(-2.42923e-09 8.47331e-11 7.92715e-08)
(-3.54113e-09 8.25568e-11 8.3936e-08)
(-4.72138e-09 8.0354e-11 8.86875e-08)
(-5.96872e-09 7.81278e-11 9.35222e-08)
(-7.28183e-09 7.58811e-11 9.84366e-08)
(-8.65928e-09 7.36169e-11 1.03427e-07)
(-1.00996e-08 7.13381e-11 1.0849e-07)
(-1.16011e-08 6.90477e-11 1.13623e-07)
(-1.31624e-08 6.67487e-11 1.18822e-07)
(-1.47815e-08 6.4444e-11 1.24083e-07)
(-1.6457e-08 6.21366e-11 1.29405e-07)
(-1.81869e-08 5.98294e-11 1.34783e-07)
(-1.99695e-08 5.75254e-11 1.40215e-07)
(-2.1803e-08 5.52275e-11 1.45698e-07)
(-2.36854e-08 5.29386e-11 1.51229e-07)
(-2.5615e-08 5.06616e-11 1.56805e-07)
(-2.75899e-08 4.83994e-11 1.62424e-07)
(-2.96081e-08 4.61549e-11 1.68084e-07)
(-3.16678e-08 4.3931e-11 1.73781e-07)
(-3.37671e-08 4.17305e-11 1.79514e-07)
(-3.59042e-08 3.95563e-11 1.85279e-07)
(-3.80771e-08 3.74112e-11 1.91075e-07)
(-4.02841e-08 3.5298e-11 1.969e-07)
(-4.25232e-08 3.32195e-11 2.02751e-07)
(-4.47927e-08 3.11786e-11 2.08626e-07)
(-4.70908e-08 2.9178e-11 2.14524e-07)
(-4.94158e-08 2.72204e-11 2.20442e-07)
(-5.17659e-08 2.53086e-11 2.26379e-07)
(-5.41394e-08 2.34452e-11 2.32333e-07)
(-5.65348e-08 2.16331e-11 2.38302e-07)
(-5.89503e-08 1.98748e-11 2.44284e-07)
(-6.13844e-08 1.8173e-11 2.50278e-07)
(-6.38356e-08 1.65304e-11 2.56283e-07)
(-6.63024e-08 1.49494e-11 2.62297e-07)
(-6.87834e-08 1.34329e-11 2.68318e-07)
(-7.12773e-08 1.19832e-11 2.74346e-07)
(-7.37825e-08 1.0603e-11 2.8038e-07)
(-7.6298e-08 9.29494e-12 2.86417e-07)
(-7.88224e-08 8.06164e-12 2.92458e-07)
(-8.13547e-08 6.90583e-12 2.98501e-07)
(-8.38936e-08 5.83035e-12 3.04545e-07)
(-8.64382e-08 4.83815e-12 3.1059e-07)
(-8.89874e-08 3.93228e-12 3.16635e-07)
(-9.15403e-08 3.11573e-12 3.22679e-07)
(-9.4096e-08 2.39108e-12 3.28722e-07)
(-9.66537e-08 1.75975e-12 3.34762e-07)
(-9.92126e-08 1.22077e-12 3.40801e-07)
(-1.01772e-07 7.68834e-13 3.46838e-07)
(-1.04332e-07 3.91951e-13 3.52872e-07)
(-1.0689e-07 7.24143e-14 3.58903e-07)
(-1.09448e-07 -2.08399e-13 3.64933e-07)
(2.76506e-10 -2.35016e-11 4.7941e-10)
(8.43091e-10 -5.82412e-11 1.0089e-09)
(1.4382e-09 -8.17853e-11 1.55971e-09)
(2.01836e-09 -9.70495e-11 2.28148e-09)
(2.57296e-09 -1.06405e-10 3.1937e-09)
(3.09572e-09 -1.11859e-10 4.29845e-09)
(3.58072e-09 -1.14853e-10 5.59529e-09)
(4.02281e-09 -1.16318e-10 7.08199e-09)
(4.41748e-09 -1.16828e-10 8.75547e-09)
(4.76068e-09 -1.1673e-10 1.06121e-08)
(5.04881e-09 -1.16229e-10 1.26479e-08)
(5.27863e-09 -1.1545e-10 1.48585e-08)
(5.44727e-09 -1.14468e-10 1.72394e-08)
(5.55219e-09 -1.1333e-10 1.97859e-08)
(5.59121e-09 -1.12066e-10 2.24934e-08)
(5.56242e-09 -1.10696e-10 2.53571e-08)
(5.46421e-09 -1.09234e-10 2.83722e-08)
(5.29524e-09 -1.0769e-10 3.15341e-08)
(5.05444e-09 -1.06073e-10 3.4838e-08)
(4.74095e-09 -1.04389e-10 3.82794e-08)
(4.35417e-09 -1.02642e-10 4.18535e-08)
(3.8937e-09 -1.00838e-10 4.55558e-08)
(3.35934e-09 -9.89799e-11 4.9382e-08)
(2.75109e-09 -9.70713e-11 5.33276e-08)
(2.06911e-09 -9.51154e-11 5.73883e-08)
(1.31376e-09 -9.31154e-11 6.15597e-08)
(4.85531e-10 -9.10742e-11 6.58379e-08)
(-4.14923e-10 -8.89948e-11 7.02185e-08)
(-1.38682e-09 -8.68801e-11 7.46977e-08)
(-2.42923e-09 -8.47332e-11 7.92715e-08)
(-3.54113e-09 -8.25568e-11 8.3936e-08)
(-4.72138e-09 -8.03541e-11 8.86875e-08)
(-5.96872e-09 -7.81279e-11 9.35222e-08)
(-7.28183e-09 -7.58812e-11 9.84366e-08)
(-8.65928e-09 -7.36169e-11 1.03427e-07)
(-1.00996e-08 -7.13381e-11 1.0849e-07)
(-1.16011e-08 -6.90478e-11 1.13623e-07)
(-1.31624e-08 -6.67487e-11 1.18822e-07)
(-1.47815e-08 -6.44441e-11 1.24083e-07)
(-1.6457e-08 -6.21367e-11 1.29405e-07)
(-1.81869e-08 -5.98295e-11 1.34783e-07)
(-1.99695e-08 -5.75255e-11 1.40215e-07)
(-2.1803e-08 -5.52276e-11 1.45698e-07)
(-2.36854e-08 -5.29387e-11 1.51229e-07)
(-2.5615e-08 -5.06617e-11 1.56805e-07)
(-2.75899e-08 -4.83995e-11 1.62424e-07)
(-2.96081e-08 -4.6155e-11 1.68084e-07)
(-3.16678e-08 -4.39311e-11 1.73781e-07)
(-3.37671e-08 -4.17306e-11 1.79514e-07)
(-3.59042e-08 -3.95564e-11 1.85279e-07)
(-3.80771e-08 -3.74112e-11 1.91075e-07)
(-4.02841e-08 -3.52981e-11 1.969e-07)
(-4.25232e-08 -3.32196e-11 2.02751e-07)
(-4.47927e-08 -3.11787e-11 2.08626e-07)
(-4.70908e-08 -2.91781e-11 2.14524e-07)
(-4.94158e-08 -2.72205e-11 2.20442e-07)
(-5.17659e-08 -2.53087e-11 2.26379e-07)
(-5.41394e-08 -2.34453e-11 2.32333e-07)
(-5.65348e-08 -2.16332e-11 2.38302e-07)
(-5.89503e-08 -1.98749e-11 2.44284e-07)
(-6.13844e-08 -1.81731e-11 2.50278e-07)
(-6.38356e-08 -1.65305e-11 2.56283e-07)
(-6.63024e-08 -1.49496e-11 2.62297e-07)
(-6.87834e-08 -1.3433e-11 2.68318e-07)
(-7.12773e-08 -1.19833e-11 2.74346e-07)
(-7.37825e-08 -1.06031e-11 2.8038e-07)
(-7.6298e-08 -9.29507e-12 2.86417e-07)
(-7.88224e-08 -8.06178e-12 2.92458e-07)
(-8.13547e-08 -6.90597e-12 2.98501e-07)
(-8.38936e-08 -5.83049e-12 3.04545e-07)
(-8.64382e-08 -4.8383e-12 3.1059e-07)
(-8.89874e-08 -3.93243e-12 3.16635e-07)
(-9.15403e-08 -3.11589e-12 3.22679e-07)
(-9.4096e-08 -2.39124e-12 3.28722e-07)
(-9.66537e-08 -1.75991e-12 3.34762e-07)
(-9.92126e-08 -1.22093e-12 3.40801e-07)
(-1.01772e-07 -7.68999e-13 3.46838e-07)
(-1.04332e-07 -3.92123e-13 3.52872e-07)
(-1.0689e-07 -7.25971e-14 3.58903e-07)
(-1.09448e-07 2.082e-13 3.64933e-07)
(2.77842e-10 -7.72431e-11 4.53542e-10)
(8.50285e-10 -1.86078e-10 9.62574e-10)
(1.44897e-09 -2.56008e-10 1.50483e-09)
(2.03167e-09 -2.99721e-10 2.22094e-09)
(2.58809e-09 -3.2587e-10 3.12864e-09)
(3.11228e-09 -3.40855e-10 4.22988e-09)
(3.59857e-09 -3.48945e-10 5.52416e-09)
(4.04192e-09 -3.52781e-10 7.00922e-09)
(4.43784e-09 -3.53954e-10 8.68187e-09)
(4.78228e-09 -3.53414e-10 1.05383e-08)
(5.07158e-09 -3.51731e-10 1.25745e-08)
(5.30249e-09 -3.49249e-10 1.47858e-08)
(5.47213e-09 -3.46178e-10 1.71678e-08)
(5.57795e-09 -3.42649e-10 1.97155e-08)
(5.61776e-09 -3.38749e-10 2.24244e-08)
(5.58965e-09 -3.34536e-10 2.52896e-08)
(5.49202e-09 -3.30052e-10 2.83063e-08)
(5.32354e-09 -3.25327e-10 3.14697e-08)
(5.08312e-09 -3.20385e-10 3.47753e-08)
(4.76993e-09 -3.15244e-10 3.82182e-08)
(4.38335e-09 -3.0992e-10 4.17939e-08)
(3.92299e-09 -3.04425e-10 4.5498e-08)
(3.38867e-09 -2.9877e-10 4.93258e-08)
(2.78037e-09 -2.92967e-10 5.3273e-08)
(2.09828e-09 -2.87025e-10 5.73352e-08)
(1.34274e-09 -2.80952e-10 6.15083e-08)
(5.14263e-10 -2.74758e-10 6.5788e-08)
(-3.86504e-10 -2.68452e-10 7.01702e-08)
(-1.35877e-09 -2.62043e-10 7.4651e-08)
(-2.40161e-09 -2.55539e-10 7.92263e-08)
(-3.51399e-09 -2.48949e-10 8.38923e-08)
(-4.69475e-09 -2.42282e-10 8.86453e-08)
(-5.94266e-09 -2.35547e-10 9.34815e-08)
(-7.25637e-09 -2.28753e-10 9.83973e-08)
(-8.63446e-09 -2.21908e-10 1.03389e-07)
(-1.00754e-08 -2.15021e-10 1.08454e-07)
(-1.15777e-08 -2.08102e-10 1.13588e-07)
(-1.31396e-08 -2.01158e-10 1.18788e-07)
(-1.47596e-08 -1.942e-10 1.24051e-07)
(-1.64358e-08 -1.87235e-10 1.29374e-07)
(-1.81665e-08 -1.80272e-10 1.34753e-07)
(-1.99499e-08 -1.73321e-10 1.40186e-07)
(-2.17841e-08 -1.66389e-10 1.45671e-07)
(-2.36674e-08 -1.59486e-10 1.51203e-07)
(-2.55978e-08 -1.5262e-10 1.56781e-07)
(-2.75735e-08 -1.458e-10 1.62401e-07)
(-2.95925e-08 -1.39034e-10 1.68062e-07)
(-3.16531e-08 -1.32332e-10 1.7376e-07)
(-3.37532e-08 -1.25701e-10 1.79493e-07)
(-3.5891e-08 -1.1915e-10 1.8526e-07)
(-3.80648e-08 -1.12687e-10 1.91057e-07)
(-4.02725e-08 -1.06322e-10 1.96883e-07)
(-4.25124e-08 -1.00061e-10 2.02735e-07)
(-4.47827e-08 -9.39145e-11 2.08612e-07)
(-4.70815e-08 -8.78895e-11 2.1451e-07)
(-4.94072e-08 -8.19944e-11 2.20429e-07)
(-5.1758e-08 -7.62376e-11 2.26367e-07)
(-5.41322e-08 -7.0627e-11 2.32322e-07)
(-5.65282e-08 -6.51707e-11 2.38291e-07)
(-5.89444e-08 -5.98767e-11 2.44274e-07)
(-6.13791e-08 -5.47529e-11 2.50269e-07)
(-6.38309e-08 -4.9807e-11 2.56275e-07)
(-6.62983e-08 -4.50469e-11 2.6229e-07)
(-6.87798e-08 -4.04803e-11 2.68312e-07)
(-7.12741e-08 -3.61149e-11 2.74341e-07)
(-7.37799e-08 -3.19584e-11 2.80375e-07)
(-7.62958e-08 -2.80185e-11 2.86413e-07)
(-7.88206e-08 -2.43031e-11 2.92454e-07)
(-8.13532e-08 -2.08203e-11 2.98498e-07)
(-8.38925e-08 -1.75783e-11 3.04542e-07)
(-8.64374e-08 -1.4586e-11 3.10588e-07)
(-8.89869e-08 -1.18523e-11 3.16633e-07)
(-9.154e-08 -9.38621e-12 3.22677e-07)
(-9.40959e-08 -7.19557e-12 3.2872e-07)
(-9.66538e-08 -5.2853e-12 3.34761e-07)
(-9.92129e-08 -3.65356e-12 3.408e-07)
(-1.01773e-07 -2.28572e-12 3.46837e-07)
(-1.04332e-07 -1.14582e-12 3.52871e-07)
(-1.06891e-07 -1.77485e-13 3.58902e-07)
(-1.09449e-07 6.77783e-13 3.64932e-07)
(2.83414e-10 -1.57501e-10 3.89587e-10)
(8.72043e-10 -3.47183e-10 8.55472e-10)
(1.47736e-09 -4.58438e-10 1.38393e-09)
(2.06301e-09 -5.24289e-10 2.09005e-09)
(2.6213e-09 -5.62115e-10 2.98884e-09)
(3.14726e-09 -5.83184e-10 4.08311e-09)
(3.63554e-09 -5.94232e-10 5.37264e-09)
(4.08112e-09 -5.99125e-10 6.85499e-09)
(4.47941e-09 -6.00118e-10 8.52663e-09)
(4.82623e-09 -5.98558e-10 1.03834e-08)
(5.11783e-09 -5.95256e-10 1.24208e-08)
(5.3509e-09 -5.90708e-10 1.46341e-08)
(5.52251e-09 -5.85227e-10 1.70185e-08)
(5.63011e-09 -5.79012e-10 1.95692e-08)
(5.67148e-09 -5.72197e-10 2.22811e-08)
(5.64472e-09 -5.64876e-10 2.51495e-08)
(5.54823e-09 -5.57113e-10 2.81695e-08)
(5.38069e-09 -5.48959e-10 3.13363e-08)
(5.14101e-09 -5.40452e-10 3.46452e-08)
(4.82837e-09 -5.31622e-10 3.80916e-08)
(4.44217e-09 -5.22494e-10 4.16707e-08)
(3.98201e-09 -5.1309e-10 4.53782e-08)
(3.44773e-09 -5.03427e-10 4.92094e-08)
(2.83931e-09 -4.93524e-10 5.316e-08)
(2.15695e-09 -4.83396e-10 5.72256e-08)
(1.40101e-09 -4.73058e-10 6.1402e-08)
(5.71988e-10 -4.62526e-10 6.5685e-08)
(-3.29443e-10 -4.51813e-10 7.00704e-08)
(-1.30249e-09 -4.40935e-10 7.45544e-08)
(-2.34621e-09 -4.29906e-10 7.91329e-08)
(-3.45958e-09 -4.18741e-10 8.3802e-08)
(-4.64143e-09 -4.07454e-10 8.85581e-08)
(-5.8905e-09 -3.9606e-10 9.33974e-08)
(-7.20546e-09 -3.84574e-10 9.83162e-08)
(-8.58485e-09 -3.73009e-10 1.03311e-07)
(-1.00272e-08 -3.61381e-10 1.08379e-07)
(-1.15309e-08 -3.49704e-10 1.13516e-07)
(-1.30943e-08 -3.37993e-10 1.18719e-07)
(-1.47158e-08 -3.26262e-10 1.23984e-07)
(-1.63935e-08 -3.14526e-10 1.2931e-07)
(-1.81258e-08 -3.02799e-10 1.34692e-07)
(-1.99108e-08 -2.91096e-10 1.40128e-07)
(-2.17467e-08 -2.79431e-10 1.45614e-07)
(-2.36316e-08 -2.67818e-10 1.51149e-07)
(-2.55637e-08 -2.56271e-10 1.56729e-07)
(-2.7541e-08 -2.44805e-10 1.62352e-07)
(-2.95617e-08 -2.33434e-10 1.68015e-07)
(-3.16239e-08 -2.22172e-10 1.73716e-07)
(-3.37257e-08 -2.11034e-10 1.79452e-07)
(-3.58651e-08 -2.00032e-10 1.85221e-07)
(-3.80405e-08 -1.89181e-10 1.9102e-07)
(-4.02498e-08 -1.78495e-10 1.96848e-07)
(-4.24912e-08 -1.67987e-10 2.02702e-07)
(-4.4763e-08 -1.57671e-10 2.0858e-07)
(-4.70633e-08 -1.47562e-10 2.14481e-07)
(-4.93905e-08 -1.37672e-10 2.20402e-07)
(-5.17427e-08 -1.28014e-10 2.26342e-07)
(-5.41182e-08 -1.18603e-10 2.32298e-07)
(-5.65155e-08 -1.09451e-10 2.38269e-07)
(-5.89329e-08 -1.00572e-10 2.44254e-07)
(-6.13689e-08 -9.19776e-11 2.50251e-07)
(-6.38218e-08 -8.36821e-11 2.56258e-07)
(-6.62903e-08 -7.56978e-11 2.62274e-07)
(-6.87729e-08 -6.80375e-11 2.68298e-07)
(-7.12682e-08 -6.07138e-11 2.74328e-07)
(-7.37749e-08 -5.37393e-11 2.80363e-07)
(-7.62916e-08 -4.71267e-11 2.86403e-07)
(-7.88173e-08 -4.08888e-11 2.92445e-07)
(-8.13506e-08 -3.50387e-11 2.9849e-07)
(-8.38906e-08 -2.95897e-11 3.04536e-07)
(-8.64361e-08 -2.4556e-11 3.10582e-07)
(-8.89861e-08 -1.99519e-11 3.16628e-07)
(-9.15397e-08 -1.57921e-11 3.22673e-07)
(-9.4096e-08 -1.20901e-11 3.28717e-07)
(-9.66543e-08 -8.85538e-12 3.34759e-07)
(-9.92137e-08 -6.08793e-12 3.40798e-07)
(-1.01773e-07 -3.76749e-12 3.46835e-07)
(-1.04333e-07 -1.83567e-12 3.52869e-07)
(-1.06892e-07 -1.84886e-13 3.58901e-07)
(-1.0945e-07 1.28826e-12 3.6493e-07)
(3.29665e-10 -3.15516e-10 2.80389e-10)
(9.34599e-10 -5.86449e-10 6.88944e-10)
(1.53716e-09 -7.14785e-10 1.18936e-09)
(2.11921e-09 -7.86087e-10 1.87094e-09)
(2.67626e-09 -8.26707e-10 2.75197e-09)
(3.20295e-09 -8.49312e-10 3.83514e-09)
(3.69339e-09 -8.60874e-10 5.11854e-09)
(4.14199e-09 -8.65363e-10 6.59839e-09)
(4.54371e-09 -8.65179e-10 8.27013e-09)
(4.89407e-09 -8.61818e-10 1.01289e-08)
(5.18913e-09 -8.5622e-10 1.21695e-08)
(5.42545e-09 -8.48985e-10 1.4387e-08)
(5.60003e-09 -8.40502e-10 1.67762e-08)
(5.71028e-09 -8.31031e-10 1.93319e-08)
(5.75398e-09 -8.20748e-10 2.20492e-08)
(5.72923e-09 -8.09779e-10 2.49231e-08)
(5.63443e-09 -7.98216e-10 2.79487e-08)
(5.46825e-09 -7.86126e-10 3.11212e-08)
(5.22964e-09 -7.73562e-10 3.44358e-08)
(4.91778e-09 -7.60566e-10 3.78878e-08)
(4.53208e-09 -7.47173e-10 4.14726e-08)
(4.07216e-09 -7.33411e-10 4.51857e-08)
(3.53786e-09 -7.19306e-10 4.90224e-08)
(2.92918e-09 -7.04882e-10 5.29785e-08)
(2.24634e-09 -6.90161e-10 5.70495e-08)
(1.48969e-09 -6.75164e-10 6.12313e-08)
(6.59767e-10 -6.59912e-10 6.55196e-08)
(-2.42755e-10 -6.44424e-10 6.99104e-08)
(-1.21707e-09 -6.2872e-10 7.43995e-08)
(-2.26222e-09 -6.12822e-10 7.89831e-08)
(-3.37717e-09 -5.96748e-10 8.36573e-08)
(-4.56073e-09 -5.80518e-10 8.84183e-08)
(-5.81165e-09 -5.64154e-10 9.32624e-08)
(-7.12856e-09 -5.47674e-10 9.81861e-08)
(-8.51002e-09 -5.31098e-10 1.03186e-07)
(-9.95451e-09 -5.14447e-10 1.08258e-07)
(-1.14604e-08 -4.97741e-10 1.13399e-07)
(-1.30262e-08 -4.81e-10 1.18607e-07)
(-1.465e-08 -4.64243e-10 1.23877e-07)
(-1.63302e-08 -4.4749e-10 1.29207e-07)
(-1.80649e-08 -4.30761e-10 1.34593e-07)
(-1.98524e-08 -4.14076e-10 1.40033e-07)
(-2.16908e-08 -3.97455e-10 1.45524e-07)
(-2.35783e-08 -3.80917e-10 1.51063e-07)
(-2.55129e-08 -3.64481e-10 1.56647e-07)
(-2.74927e-08 -3.48168e-10 1.62273e-07)
(-2.9516e-08 -3.31997e-10 1.6794e-07)
(-3.15807e-08 -3.15987e-10 1.73644e-07)
(-3.36849e-08 -3.00158e-10 1.79384e-07)
(-3.58269e-08 -2.84528e-10 1.85156e-07)
(-3.80047e-08 -2.69118e-10 1.90959e-07)
(-4.02164e-08 -2.53945e-10 1.9679e-07)
(-4.24602e-08 -2.39029e-10 2.02648e-07)
(-4.47342e-08 -2.24389e-10 2.08529e-07)
(-4.70368e-08 -2.10043e-10 2.14433e-07)
(-4.93661e-08 -1.96011e-10 2.20357e-07)
(-5.17205e-08 -1.8231e-10 2.263e-07)
(-5.40981e-08 -1.6896e-10 2.32259e-07)
(-5.64974e-08 -1.55977e-10 2.38233e-07)
(-5.89167e-08 -1.43381e-10 2.44221e-07)
(-6.13545e-08 -1.3119e-10 2.5022e-07)
(-6.38091e-08 -1.19421e-10 2.5623e-07)
(-6.62793e-08 -1.08091e-10 2.62248e-07)
(-6.87634e-08 -9.72186e-11 2.68274e-07)
(-7.12602e-08 -8.6821e-11 2.74307e-07)
(-7.37682e-08 -7.69154e-11 2.80344e-07)
(-7.62863e-08 -6.7519e-11 2.86386e-07)
(-7.88131e-08 -5.86493e-11 2.9243e-07)
(-8.13475e-08 -5.03238e-11 2.98477e-07)
(-8.38884e-08 -4.25603e-11 3.04524e-07)
(-8.64348e-08 -3.53773e-11 3.10572e-07)
(-8.89855e-08 -2.87937e-11 3.1662e-07)
(-9.15398e-08 -2.28287e-11 3.22666e-07)
(-9.40967e-08 -1.75008e-11 3.28711e-07)
(-9.66554e-08 -1.28251e-11 3.34754e-07)
(-9.92151e-08 -8.80751e-12 3.40794e-07)
(-1.01775e-07 -5.42964e-12 3.46832e-07)
(-1.04335e-07 -2.61438e-12 3.52867e-07)
(-1.06894e-07 -1.91352e-13 3.58899e-07)
(-1.09452e-07 1.96507e-12 3.64928e-07)
(1.91675e-10 2.8556e-10 5.84775e-11)
(6.04262e-10 4.21891e-10 3.63721e-10)
(1.03423e-09 4.52566e-10 8.43168e-10)
(1.4473e-09 4.71998e-10 1.51158e-09)
(1.83487e-09 4.85963e-10 2.37622e-09)
(2.19182e-09 4.95148e-10 3.43873e-09)
(2.51289e-09 5.01054e-10 4.69748e-09)
(2.79318e-09 5.04664e-10 6.14907e-09)
(3.02826e-09 5.06607e-10 7.78923e-09)
(3.21416e-09 5.07287e-10 9.61329e-09)
(3.34733e-09 5.0695e-10 1.16164e-08)
(3.42462e-09 5.05749e-10 1.37937e-08)
(3.44326e-09 5.03783e-10 1.61402e-08)
(3.40083e-09 5.01126e-10 1.86512e-08)
(3.29522e-09 4.97838e-10 2.13217e-08)
(3.12461e-09 4.93968e-10 2.41471e-08)
(2.88745e-09 4.89561e-10 2.71228e-08)
(2.58246e-09 4.84653e-10 3.0244e-08)
(2.20859e-09 4.79279e-10 3.35062e-08)
(1.76503e-09 4.73468e-10 3.6905e-08)
(1.25118e-09 4.67246e-10 4.04359e-08)
(6.66655e-10 4.60636e-10 4.40945e-08)
(1.12735e-11 4.53659e-10 4.78765e-08)
(-7.1497e-10 4.46333e-10 5.17778e-08)
(-1.5119e-09 4.38679e-10 5.5794e-08)
(-2.37918e-09 4.30712e-10 5.9921e-08)
(-3.31632e-09 4.22451e-10 6.41549e-08)
(-4.32267e-09 4.13913e-10 6.84917e-08)
(-5.39746e-09 4.05113e-10 7.29274e-08)
(-6.53978e-09 3.9607e-10 7.74583e-08)
(-7.74863e-09 3.86801e-10 8.20805e-08)
(-9.02287e-09 3.77321e-10 8.67905e-08)
(-1.03613e-08 3.67649e-10 9.15845e-08)
(-1.17626e-08 3.57801e-10 9.64592e-08)
(-1.32253e-08 3.47794e-10 1.01411e-07)
(-1.4748e-08 3.37646e-10 1.06437e-07)
(-1.63291e-08 3.27374e-10 1.11533e-07)
(-1.79672e-08 3.16994e-10 1.16696e-07)
(-1.96604e-08 3.06524e-10 1.21923e-07)
(-2.14071e-08 2.95982e-10 1.27212e-07)
(-2.32056e-08 2.85383e-10 1.32558e-07)
(-2.5054e-08 2.74746e-10 1.3796e-07)
(-2.69507e-08 2.64086e-10 1.43414e-07)
(-2.88938e-08 2.53421e-10 1.48918e-07)
(-3.08814e-08 2.42767e-10 1.54468e-07)
(-3.29118e-08 2.32142e-10 1.60063e-07)
(-3.4983e-08 2.21562e-10 1.65699e-07)
(-3.70932e-08 2.11043e-10 1.71375e-07)
(-3.92406e-08 2.00602e-10 1.77087e-07)
(-4.14234e-08 1.90255e-10 1.82833e-07)
(-4.36396e-08 1.80018e-10 1.88612e-07)
(-4.58876e-08 1.69908e-10 1.9442e-07)
(-4.81655e-08 1.59941e-10 2.00256e-07)
(-5.04715e-08 1.50131e-10 2.06118e-07)
(-5.2804e-08 1.40496e-10 2.12004e-07)
(-5.51612e-08 1.3105e-10 2.17911e-07)
(-5.75414e-08 1.2181e-10 2.23838e-07)
(-5.9943e-08 1.1279e-10 2.29783e-07)
(-6.23644e-08 1.04005e-10 2.35745e-07)
(-6.48041e-08 9.54712e-11 2.41721e-07)
(-6.72604e-08 8.72025e-11 2.47709e-07)
(-6.97321e-08 7.92137e-11 2.5371e-07)
(-7.22176e-08 7.15192e-11 2.5972e-07)
(-7.47155e-08 6.41334e-11 2.65739e-07)
(-7.72246e-08 5.70704e-11 2.71766e-07)
(-7.97436e-08 5.03442e-11 2.77798e-07)
(-8.22712e-08 4.39688e-11 2.83835e-07)
(-8.48063e-08 3.79581e-11 2.89876e-07)
(-8.73479e-08 3.23262e-11 2.9592e-07)
(-8.98948e-08 2.70872e-11 3.01966e-07)
(-9.24461e-08 2.22558e-11 3.08012e-07)
(-9.50008e-08 1.78465e-11 3.14059e-07)
(-9.75582e-08 1.38736e-11 3.20105e-07)
(-1.00117e-07 1.03493e-11 3.2615e-07)
(-1.02678e-07 7.2809e-12 3.32193e-07)
(-1.05238e-07 4.66377e-12 3.38235e-07)
(-1.07799e-07 2.46728e-12 3.44273e-07)
(-1.10359e-07 5.93293e-13 3.50309e-07)
(-1.12918e-07 -1.15054e-12 3.56342e-07)
(-1.15476e-07 -2.78352e-12 3.62372e-07)
(1.41879e-10 1.42204e-10 1.10506e-10)
(5.47026e-10 2.468e-10 4.89566e-10)
(9.83797e-10 2.926e-10 1.01846e-09)
(1.39928e-09 3.18861e-10 1.72089e-09)
(1.78549e-09 3.34121e-10 2.60815e-09)
(2.1394e-09 3.43025e-10 3.68483e-09)
(2.45658e-09 3.48353e-10 4.95161e-09)
(2.7326e-09 3.51522e-10 6.40682e-09)
(2.96339e-09 3.53293e-10 8.04751e-09)
(3.14517e-09 3.54091e-10 9.86996e-09)
(3.2745e-09 3.54146e-10 1.187e-08)
(3.3483e-09 3.53589e-10 1.40432e-08)
(3.36382e-09 3.52494e-10 1.6385e-08)
(3.31864e-09 3.50913e-10 1.88908e-08)
(3.21063e-09 3.48885e-10 2.15559e-08)
(3.03797e-09 3.4644e-10 2.43758e-08)
(2.7991e-09 3.43608e-10 2.73457e-08)
(2.49272e-09 3.40414e-10 3.04612e-08)
(2.11776e-09 3.3688e-10 3.37177e-08)
(1.67341e-09 3.33025e-10 3.71108e-08)
(1.15905e-09 3.28869e-10 4.0636e-08)
(5.74296e-10 3.24426e-10 4.42889e-08)
(-8.10672e-11 3.19712e-10 4.80653e-08)
(-8.07049e-10 3.1474e-10 5.1961e-08)
(-1.60349e-09 3.09523e-10 5.59717e-08)
(-2.47006e-09 3.04075e-10 6.00933e-08)
(-3.40629e-09 2.98406e-10 6.43218e-08)
(-4.41153e-09 2.92529e-10 6.86533e-08)
(-5.48504e-09 2.86457e-10 7.30838e-08)
(-6.62593e-09 2.80202e-10 7.76095e-08)
(-7.83318e-09 2.73775e-10 8.22266e-08)
(-9.10569e-09 2.67189e-10 8.69316e-08)
(-1.04422e-08 2.60456e-10 9.17207e-08)
(-1.18415e-08 2.53589e-10 9.65905e-08)
(-1.33022e-08 2.466e-10 1.01538e-07)
(-1.48227e-08 2.39501e-10 1.06558e-07)
(-1.64016e-08 2.32306e-10 1.1165e-07)
(-1.80373e-08 2.25026e-10 1.16809e-07)
(-1.97281e-08 2.17673e-10 1.22032e-07)
(-2.14723e-08 2.10261e-10 1.27316e-07)
(-2.32683e-08 2.02801e-10 1.32658e-07)
(-2.51143e-08 1.95307e-10 1.38056e-07)
(-2.70084e-08 1.87789e-10 1.43506e-07)
(-2.89489e-08 1.80262e-10 1.49005e-07)
(-3.0934e-08 1.72736e-10 1.54552e-07)
(-3.29617e-08 1.65224e-10 1.60142e-07)
(-3.50304e-08 1.57738e-10 1.65775e-07)
(-3.71381e-08 1.50291e-10 1.71446e-07)
(-3.92829e-08 1.42894e-10 1.77155e-07)
(-4.14632e-08 1.35558e-10 1.82898e-07)
(-4.36769e-08 1.28297e-10 1.88673e-07)
(-4.59225e-08 1.21122e-10 1.94478e-07)
(-4.8198e-08 1.14044e-10 2.00311e-07)
(-5.05017e-08 1.07074e-10 2.0617e-07)
(-5.28318e-08 1.00226e-10 2.12052e-07)
(-5.51868e-08 9.35086e-11 2.17956e-07)
(-5.75648e-08 8.69348e-11 2.2388e-07)
(-5.99643e-08 8.05152e-11 2.29822e-07)
(-6.23837e-08 7.42609e-11 2.35781e-07)
(-6.48214e-08 6.81828e-11 2.41754e-07)
(-6.7276e-08 6.22917e-11 2.4774e-07)
(-6.97458e-08 5.65982e-11 2.53738e-07)
(-7.22296e-08 5.1113e-11 2.59746e-07)
(-7.4726e-08 4.58463e-11 2.65763e-07)
(-7.72335e-08 4.08087e-11 2.71787e-07)
(-7.97511e-08 3.60102e-11 2.77817e-07)
(-8.22774e-08 3.14613e-11 2.83852e-07)
(-8.48113e-08 2.71722e-11 2.89891e-07)
(-8.73518e-08 2.31533e-11 2.95933e-07)
(-8.98977e-08 1.94155e-11 3.01977e-07)
(-9.2448e-08 1.59696e-11 3.08022e-07)
(-9.5002e-08 1.28268e-11 3.14067e-07)
(-9.75587e-08 9.99761e-12 3.20112e-07)
(-1.00117e-07 7.49072e-12 3.26156e-07)
(-1.02677e-07 5.30986e-12 3.32198e-07)
(-1.05237e-07 3.44836e-12 3.38238e-07)
(-1.07798e-07 1.88008e-12 3.44276e-07)
(-1.10357e-07 5.41312e-13 3.50311e-07)
(-1.12916e-07 -6.74345e-13 3.56344e-07)
(-1.15474e-07 -1.83149e-12 3.62373e-07)
(1.31049e-10 6.69626e-11 1.37836e-10)
(5.20093e-10 1.31926e-10 5.58423e-10)
(9.53231e-10 1.65042e-10 1.11483e-09)
(1.36812e-09 1.84692e-10 1.83776e-09)
(1.75324e-09 1.96364e-10 2.74038e-09)
(2.10536e-09 2.03136e-10 3.82795e-09)
(2.42024e-09 2.07064e-10 5.1019e-09)
(2.69369e-09 2.09323e-10 6.56131e-09)
(2.92183e-09 2.1056e-10 8.20395e-09)
(3.10102e-09 2.11131e-10 1.00267e-08)
(3.2279e-09 2.11225e-10 1.20258e-08)
(3.29944e-09 2.10941e-10 1.41972e-08)
(3.31291e-09 2.10336e-10 1.65366e-08)
(3.26591e-09 2.09441e-10 1.90396e-08)
(3.15631e-09 2.0828e-10 2.17017e-08)
(2.98228e-09 2.06873e-10 2.45183e-08)
(2.74225e-09 2.05233e-10 2.74849e-08)
(2.43492e-09 2.03377e-10 3.0597e-08)
(2.05921e-09 2.01317e-10 3.38501e-08)
(1.6143e-09 1.99064e-10 3.72397e-08)
(1.09956e-09 1.96628e-10 4.07614e-08)
(5.14596e-10 1.9402e-10 4.44109e-08)
(-1.40807e-10 1.91248e-10 4.81839e-08)
(-8.66671e-10 1.88319e-10 5.20761e-08)
(-1.66284e-09 1.85242e-10 5.60834e-08)
(-2.52901e-09 1.82024e-10 6.02016e-08)
(-3.46469e-09 1.78672e-10 6.44268e-08)
(-4.46927e-09 1.75194e-10 6.8755e-08)
(-5.54199e-09 1.71596e-10 7.31822e-08)
(-6.68198e-09 1.67886e-10 7.77047e-08)
(-7.88824e-09 1.64072e-10 8.23187e-08)
(-9.15966e-09 1.6016e-10 8.70205e-08)
(-1.0495e-08 1.56158e-10 9.18065e-08)
(-1.18931e-08 1.52073e-10 9.66733e-08)
(-1.33524e-08 1.47913e-10 1.01617e-07)
(-1.48715e-08 1.43685e-10 1.06635e-07)
(-1.6449e-08 1.39397e-10 1.11724e-07)
(-1.80832e-08 1.35056e-10 1.1688e-07)
(-1.97725e-08 1.30669e-10 1.221e-07)
(-2.15152e-08 1.26245e-10 1.27381e-07)
(-2.33095e-08 1.21791e-10 1.32721e-07)
(-2.51539e-08 1.17313e-10 1.38116e-07)
(-2.70464e-08 1.12821e-10 1.43563e-07)
(-2.89852e-08 1.0832e-10 1.4906e-07)
(-3.09686e-08 1.03818e-10 1.54604e-07)
(-3.29947e-08 9.93236e-11 1.60192e-07)
(-3.50617e-08 9.48429e-11 1.65822e-07)
(-3.71677e-08 9.03837e-11 1.71492e-07)
(-3.93109e-08 8.59531e-11 1.77198e-07)
(-4.14895e-08 8.15583e-11 1.82938e-07)
(-4.37017e-08 7.72065e-11 1.88711e-07)
(-4.59456e-08 7.29048e-11 1.94514e-07)
(-4.82196e-08 6.86604e-11 2.00345e-07)
(-5.05217e-08 6.44802e-11 2.06202e-07)
(-5.28504e-08 6.03711e-11 2.12082e-07)
(-5.52039e-08 5.63401e-11 2.17984e-07)
(-5.75805e-08 5.2394e-11 2.23906e-07)
(-5.99787e-08 4.85395e-11 2.29847e-07)
(-6.23967e-08 4.47834e-11 2.35803e-07)
(-6.48332e-08 4.11323e-11 2.41775e-07)
(-6.72865e-08 3.75927e-11 2.4776e-07)
(-6.97552e-08 3.4171e-11 2.53756e-07)
(-7.22378e-08 3.08737e-11 2.59762e-07)
(-7.47331e-08 2.77071e-11 2.65777e-07)
(-7.72397e-08 2.46774e-11 2.718e-07)
(-7.97563e-08 2.1791e-11 2.77829e-07)
(-8.22818e-08 1.90541e-11 2.83863e-07)
(-8.48149e-08 1.64731e-11 2.89901e-07)
(-8.73546e-08 1.40543e-11 2.95941e-07)
(-8.98998e-08 1.18045e-11 3.01984e-07)
(-9.24496e-08 9.7304e-12 3.08028e-07)
(-9.5003e-08 7.83887e-12 3.14072e-07)
(-9.75592e-08 6.1363e-12 3.20116e-07)
(-1.00117e-07 4.62765e-12 3.26159e-07)
(-1.02677e-07 3.31443e-12 3.32201e-07)
(-1.05237e-07 2.19157e-12 3.38241e-07)
(-1.07797e-07 1.24234e-12 3.44278e-07)
(-1.10356e-07 4.30601e-13 3.50313e-07)
(-1.12915e-07 -2.93435e-13 3.56345e-07)
(-1.15473e-07 -9.70505e-13 3.62375e-07)
(1.27462e-10 1.95796e-11 1.48902e-10)
(5.09583e-10 4.07475e-11 5.88004e-10)
(9.4018e-10 5.27217e-11 1.15741e-09)
(1.35382e-09 6.00909e-11 1.89035e-09)
(1.73786e-09 6.45061e-11 2.80068e-09)
(2.08885e-09 6.70652e-11 3.89396e-09)
(2.40252e-09 6.85357e-11 5.17189e-09)
(2.6747e-09 6.9371e-11 6.63386e-09)
(2.90153e-09 6.98254e-11 8.2779e-09)
(3.07944e-09 7.00384e-11 1.01011e-08)
(3.20511e-09 7.00842e-11 1.21001e-08)
(3.27552e-09 7.00013e-11 1.42709e-08)
(3.28798e-09 6.98106e-11 1.66094e-08)
(3.24006e-09 6.95239e-11 1.91112e-08)
(3.12966e-09 6.91491e-11 2.17719e-08)
(2.95494e-09 6.86923e-11 2.4587e-08)
(2.71432e-09 6.81585e-11 2.75521e-08)
(2.40651e-09 6.75524e-11 3.06626e-08)
(2.03041e-09 6.68782e-11 3.3914e-08)
(1.58521e-09 6.61397e-11 3.7302e-08)
(1.07027e-09 6.53401e-11 4.08221e-08)
(4.85186e-10 6.44827e-11 4.44699e-08)
(-1.70252e-10 6.35703e-11 4.82412e-08)
(-8.96073e-10 6.26055e-11 5.21318e-08)
(-1.69213e-09 6.1591e-11 5.61375e-08)
(-2.55811e-09 6.05291e-11 6.02541e-08)
(-3.49354e-09 5.94223e-11 6.44777e-08)
(-4.4978e-09 5.8273e-11 6.88043e-08)
(-5.57015e-09 5.70835e-11 7.32299e-08)
(-6.70972e-09 5.58562e-11 7.77509e-08)
(-7.9155e-09 5.45937e-11 8.23633e-08)
(-9.18639e-09 5.32983e-11 8.70636e-08)
(-1.05212e-08 5.19725e-11 9.18481e-08)
(-1.19186e-08 5.06187e-11 9.67134e-08)
(-1.33773e-08 4.92394e-11 1.01656e-07)
(-1.48958e-08 4.78372e-11 1.06672e-07)
(-1.64725e-08 4.64145e-11 1.1176e-07)
(-1.8106e-08 4.49739e-11 1.16914e-07)
(-1.97945e-08 4.35177e-11 1.22133e-07)
(-2.15364e-08 4.20486e-11 1.27413e-07)
(-2.33301e-08 4.05691e-11 1.32751e-07)
(-2.51736e-08 3.90816e-11 1.38145e-07)
(-2.70653e-08 3.75886e-11 1.43591e-07)
(-2.90033e-08 3.60926e-11 1.49087e-07)
(-3.09859e-08 3.45961e-11 1.54629e-07)
(-3.30112e-08 3.31015e-11 1.60216e-07)
(-3.50773e-08 3.16114e-11 1.65845e-07)
(-3.71825e-08 3.01281e-11 1.71513e-07)
(-3.93249e-08 2.8654e-11 1.77218e-07)
(-4.15027e-08 2.71917e-11 1.82958e-07)
(-4.37141e-08 2.57434e-11 1.8873e-07)
(-4.59572e-08 2.43116e-11 1.94532e-07)
(-4.82304e-08 2.28986e-11 2.00362e-07)
(-5.05318e-08 2.15068e-11 2.06217e-07)
(-5.28597e-08 2.01386e-11 2.12097e-07)
(-5.52125e-08 1.87961e-11 2.17998e-07)
(-5.75884e-08 1.74818e-11 2.23919e-07)
(-5.99859e-08 1.61978e-11 2.29858e-07)
(-6.24033e-08 1.49465e-11 2.35814e-07)
(-6.48391e-08 1.373e-11 2.41785e-07)
(-6.72918e-08 1.25506e-11 2.47769e-07)
(-6.97599e-08 1.14103e-11 2.53764e-07)
(-7.2242e-08 1.03114e-11 2.5977e-07)
(-7.47368e-08 9.25588e-12 2.65784e-07)
(-7.72429e-08 8.24598e-12 2.71806e-07)
(-7.9759e-08 7.28376e-12 2.77835e-07)
(-8.22841e-08 6.37132e-12 2.83868e-07)
(-8.48168e-08 5.5108e-12 2.89905e-07)
(-8.73561e-08 4.7044e-12 2.95945e-07)
(-8.9901e-08 3.95436e-12 3.01988e-07)
(-9.24504e-08 3.26298e-12 3.08031e-07)
(-9.50036e-08 2.63257e-12 3.14075e-07)
(-9.75595e-08 2.06525e-12 3.20119e-07)
(-1.00117e-07 1.5626e-12 3.26161e-07)
(-1.02677e-07 1.12493e-12 3.32202e-07)
(-1.05237e-07 7.50335e-13 3.38242e-07)
(-1.07797e-07 4.33084e-13 3.44279e-07)
(-1.10356e-07 1.61611e-13 3.50314e-07)
(-1.12915e-07 -7.91999e-14 3.56346e-07)
(-1.15472e-07 -3.03866e-13 3.62376e-07)
(1.27462e-10 -1.95796e-11 1.48902e-10)
(5.09583e-10 -4.07475e-11 5.88004e-10)
(9.4018e-10 -5.27217e-11 1.15741e-09)
(1.35382e-09 -6.00909e-11 1.89035e-09)
(1.73786e-09 -6.45061e-11 2.80068e-09)
(2.08885e-09 -6.70652e-11 3.89396e-09)
(2.40252e-09 -6.85357e-11 5.17189e-09)
(2.6747e-09 -6.93711e-11 6.63386e-09)
(2.90153e-09 -6.98254e-11 8.2779e-09)
(3.07944e-09 -7.00384e-11 1.01011e-08)
(3.20511e-09 -7.00842e-11 1.21001e-08)
(3.27552e-09 -7.00014e-11 1.42709e-08)
(3.28798e-09 -6.98106e-11 1.66094e-08)
(3.24006e-09 -6.95239e-11 1.91112e-08)
(3.12966e-09 -6.91491e-11 2.17719e-08)
(2.95494e-09 -6.86923e-11 2.4587e-08)
(2.71432e-09 -6.81585e-11 2.75521e-08)
(2.40651e-09 -6.75525e-11 3.06626e-08)
(2.03041e-09 -6.68783e-11 3.3914e-08)
(1.58521e-09 -6.61397e-11 3.7302e-08)
(1.07027e-09 -6.53401e-11 4.08221e-08)
(4.85186e-10 -6.44827e-11 4.44699e-08)
(-1.70252e-10 -6.35703e-11 4.82412e-08)
(-8.96073e-10 -6.26056e-11 5.21318e-08)
(-1.69213e-09 -6.1591e-11 5.61375e-08)
(-2.55811e-09 -6.05291e-11 6.02541e-08)
(-3.49354e-09 -5.94223e-11 6.44777e-08)
(-4.4978e-09 -5.8273e-11 6.88043e-08)
(-5.57015e-09 -5.70835e-11 7.32299e-08)
(-6.70972e-09 -5.58563e-11 7.77509e-08)
(-7.9155e-09 -5.45937e-11 8.23633e-08)
(-9.18639e-09 -5.32983e-11 8.70636e-08)
(-1.05212e-08 -5.19725e-11 9.18481e-08)
(-1.19186e-08 -5.06187e-11 9.67134e-08)
(-1.33773e-08 -4.92395e-11 1.01656e-07)
(-1.48958e-08 -4.78372e-11 1.06672e-07)
(-1.64725e-08 -4.64146e-11 1.1176e-07)
(-1.8106e-08 -4.49739e-11 1.16914e-07)
(-1.97945e-08 -4.35178e-11 1.22133e-07)
(-2.15364e-08 -4.20487e-11 1.27413e-07)
(-2.33301e-08 -4.05691e-11 1.32751e-07)
(-2.51736e-08 -3.90816e-11 1.38145e-07)
(-2.70653e-08 -3.75886e-11 1.43591e-07)
(-2.90033e-08 -3.60927e-11 1.49087e-07)
(-3.09859e-08 -3.45962e-11 1.54629e-07)
(-3.30112e-08 -3.31016e-11 1.60216e-07)
(-3.50773e-08 -3.16115e-11 1.65845e-07)
(-3.71825e-08 -3.01281e-11 1.71513e-07)
(-3.93249e-08 -2.86541e-11 1.77218e-07)
(-4.15027e-08 -2.71917e-11 1.82958e-07)
(-4.37141e-08 -2.57435e-11 1.8873e-07)
(-4.59572e-08 -2.43117e-11 1.94532e-07)
(-4.82304e-08 -2.28987e-11 2.00362e-07)
(-5.05318e-08 -2.15069e-11 2.06217e-07)
(-5.28597e-08 -2.01386e-11 2.12097e-07)
(-5.52125e-08 -1.87962e-11 2.17998e-07)
(-5.75884e-08 -1.74819e-11 2.23919e-07)
(-5.99859e-08 -1.61979e-11 2.29858e-07)
(-6.24033e-08 -1.49466e-11 2.35814e-07)
(-6.48391e-08 -1.37301e-11 2.41785e-07)
(-6.72918e-08 -1.25507e-11 2.47769e-07)
(-6.97599e-08 -1.14104e-11 2.53764e-07)
(-7.2242e-08 -1.03115e-11 2.5977e-07)
(-7.47368e-08 -9.256e-12 2.65784e-07)
(-7.72429e-08 -8.2461e-12 2.71806e-07)
(-7.9759e-08 -7.28388e-12 2.77835e-07)
(-8.22841e-08 -6.37144e-12 2.83868e-07)
(-8.48168e-08 -5.51093e-12 2.89905e-07)
(-8.73561e-08 -4.70453e-12 2.95945e-07)
(-8.9901e-08 -3.95449e-12 3.01988e-07)
(-9.24504e-08 -3.26312e-12 3.08031e-07)
(-9.50036e-08 -2.63271e-12 3.14075e-07)
(-9.75595e-08 -2.0654e-12 3.20119e-07)
(-1.00117e-07 -1.56274e-12 3.26161e-07)
(-1.02677e-07 -1.12508e-12 3.32202e-07)
(-1.05237e-07 -7.50489e-13 3.38242e-07)
(-1.07797e-07 -4.33244e-13 3.44279e-07)
(-1.10356e-07 -1.61777e-13 3.50314e-07)
(-1.12915e-07 7.903e-14 3.56346e-07)
(-1.15472e-07 3.0369e-13 3.62376e-07)
(1.31049e-10 -6.69626e-11 1.37836e-10)
(5.20093e-10 -1.31926e-10 5.58423e-10)
(9.53231e-10 -1.65042e-10 1.11483e-09)
(1.36812e-09 -1.84692e-10 1.83776e-09)
(1.75324e-09 -1.96364e-10 2.74038e-09)
(2.10536e-09 -2.03136e-10 3.82795e-09)
(2.42024e-09 -2.07064e-10 5.1019e-09)
(2.69369e-09 -2.09323e-10 6.56131e-09)
(2.92183e-09 -2.1056e-10 8.20395e-09)
(3.10102e-09 -2.11131e-10 1.00267e-08)
(3.2279e-09 -2.11225e-10 1.20258e-08)
(3.29944e-09 -2.10941e-10 1.41972e-08)
(3.31291e-09 -2.10336e-10 1.65366e-08)
(3.26591e-09 -2.09441e-10 1.90396e-08)
(3.15631e-09 -2.0828e-10 2.17017e-08)
(2.98228e-09 -2.06873e-10 2.45183e-08)
(2.74225e-09 -2.05233e-10 2.74849e-08)
(2.43492e-09 -2.03377e-10 3.0597e-08)
(2.05921e-09 -2.01317e-10 3.38501e-08)
(1.6143e-09 -1.99064e-10 3.72397e-08)
(1.09956e-09 -1.96628e-10 4.07614e-08)
(5.14596e-10 -1.9402e-10 4.44109e-08)
(-1.40807e-10 -1.91248e-10 4.81839e-08)
(-8.66671e-10 -1.88319e-10 5.20761e-08)
(-1.66284e-09 -1.85242e-10 5.60834e-08)
(-2.52901e-09 -1.82024e-10 6.02016e-08)
(-3.46469e-09 -1.78672e-10 6.44268e-08)
(-4.46927e-09 -1.75194e-10 6.8755e-08)
(-5.54199e-09 -1.71596e-10 7.31822e-08)
(-6.68198e-09 -1.67886e-10 7.77047e-08)
(-7.88824e-09 -1.64072e-10 8.23187e-08)
(-9.15966e-09 -1.6016e-10 8.70205e-08)
(-1.0495e-08 -1.56158e-10 9.18065e-08)
(-1.18931e-08 -1.52073e-10 9.66733e-08)
(-1.33524e-08 -1.47913e-10 1.01617e-07)
(-1.48715e-08 -1.43685e-10 1.06635e-07)
(-1.6449e-08 -1.39397e-10 1.11724e-07)
(-1.80832e-08 -1.35056e-10 1.1688e-07)
(-1.97725e-08 -1.30669e-10 1.221e-07)
(-2.15152e-08 -1.26245e-10 1.27381e-07)
(-2.33095e-08 -1.21791e-10 1.32721e-07)
(-2.51539e-08 -1.17313e-10 1.38116e-07)
(-2.70464e-08 -1.12821e-10 1.43563e-07)
(-2.89852e-08 -1.0832e-10 1.4906e-07)
(-3.09686e-08 -1.03818e-10 1.54604e-07)
(-3.29947e-08 -9.93236e-11 1.60192e-07)
(-3.50617e-08 -9.4843e-11 1.65822e-07)
(-3.71677e-08 -9.03838e-11 1.71492e-07)
(-3.93109e-08 -8.59531e-11 1.77198e-07)
(-4.14895e-08 -8.15583e-11 1.82938e-07)
(-4.37017e-08 -7.72066e-11 1.88711e-07)
(-4.59456e-08 -7.29049e-11 1.94514e-07)
(-4.82196e-08 -6.86605e-11 2.00345e-07)
(-5.05217e-08 -6.44802e-11 2.06202e-07)
(-5.28504e-08 -6.03712e-11 2.12082e-07)
(-5.52039e-08 -5.63402e-11 2.17984e-07)
(-5.75805e-08 -5.23941e-11 2.23906e-07)
(-5.99787e-08 -4.85396e-11 2.29847e-07)
(-6.23967e-08 -4.47835e-11 2.35803e-07)
(-6.48332e-08 -4.11324e-11 2.41775e-07)
(-6.72865e-08 -3.75928e-11 2.4776e-07)
(-6.97552e-08 -3.41711e-11 2.53756e-07)
(-7.22378e-08 -3.08738e-11 2.59762e-07)
(-7.47331e-08 -2.77072e-11 2.65777e-07)
(-7.72397e-08 -2.46775e-11 2.718e-07)
(-7.97563e-08 -2.17911e-11 2.77829e-07)
(-8.22818e-08 -1.90542e-11 2.83863e-07)
(-8.48149e-08 -1.64732e-11 2.89901e-07)
(-8.73546e-08 -1.40544e-11 2.95941e-07)
(-8.98998e-08 -1.18046e-11 3.01984e-07)
(-9.24496e-08 -9.73053e-12 3.08028e-07)
(-9.5003e-08 -7.83901e-12 3.14072e-07)
(-9.75592e-08 -6.13644e-12 3.20116e-07)
(-1.00117e-07 -4.62779e-12 3.26159e-07)
(-1.02677e-07 -3.31458e-12 3.32201e-07)
(-1.05237e-07 -2.19172e-12 3.38241e-07)
(-1.07797e-07 -1.2425e-12 3.44278e-07)
(-1.10356e-07 -4.30767e-13 3.50313e-07)
(-1.12915e-07 2.93266e-13 3.56345e-07)
(-1.15473e-07 9.70331e-13 3.62375e-07)
(1.41879e-10 -1.42204e-10 1.10506e-10)
(5.47026e-10 -2.468e-10 4.89566e-10)
(9.83797e-10 -2.926e-10 1.01846e-09)
(1.39928e-09 -3.18861e-10 1.72089e-09)
(1.78549e-09 -3.34121e-10 2.60815e-09)
(2.1394e-09 -3.43025e-10 3.68483e-09)
(2.45658e-09 -3.48353e-10 4.95161e-09)
(2.7326e-09 -3.51522e-10 6.40682e-09)
(2.96339e-09 -3.53293e-10 8.04751e-09)
(3.14517e-09 -3.54091e-10 9.86996e-09)
(3.2745e-09 -3.54146e-10 1.187e-08)
(3.3483e-09 -3.53589e-10 1.40432e-08)
(3.36382e-09 -3.52494e-10 1.6385e-08)
(3.31864e-09 -3.50913e-10 1.88908e-08)
(3.21063e-09 -3.48885e-10 2.15559e-08)
(3.03797e-09 -3.4644e-10 2.43758e-08)
(2.7991e-09 -3.43608e-10 2.73457e-08)
(2.49272e-09 -3.40414e-10 3.04612e-08)
(2.11776e-09 -3.3688e-10 3.37177e-08)
(1.67341e-09 -3.33025e-10 3.71108e-08)
(1.15905e-09 -3.28869e-10 4.0636e-08)
(5.74296e-10 -3.24426e-10 4.42889e-08)
(-8.10672e-11 -3.19712e-10 4.80653e-08)
(-8.07049e-10 -3.1474e-10 5.1961e-08)
(-1.60349e-09 -3.09523e-10 5.59717e-08)
(-2.47006e-09 -3.04075e-10 6.00933e-08)
(-3.40629e-09 -2.98406e-10 6.43218e-08)
(-4.41153e-09 -2.92529e-10 6.86533e-08)
(-5.48504e-09 -2.86457e-10 7.30838e-08)
(-6.62593e-09 -2.80202e-10 7.76095e-08)
(-7.83318e-09 -2.73775e-10 8.22266e-08)
(-9.10569e-09 -2.67189e-10 8.69316e-08)
(-1.04422e-08 -2.60456e-10 9.17207e-08)
(-1.18415e-08 -2.53589e-10 9.65905e-08)
(-1.33022e-08 -2.466e-10 1.01538e-07)
(-1.48227e-08 -2.39501e-10 1.06558e-07)
(-1.64016e-08 -2.32306e-10 1.1165e-07)
(-1.80373e-08 -2.25026e-10 1.16809e-07)
(-1.97281e-08 -2.17673e-10 1.22032e-07)
(-2.14723e-08 -2.10261e-10 1.27316e-07)
(-2.32683e-08 -2.02801e-10 1.32658e-07)
(-2.51143e-08 -1.95307e-10 1.38056e-07)
(-2.70084e-08 -1.87789e-10 1.43506e-07)
(-2.89489e-08 -1.80262e-10 1.49005e-07)
(-3.0934e-08 -1.72736e-10 1.54552e-07)
(-3.29617e-08 -1.65224e-10 1.60142e-07)
(-3.50304e-08 -1.57738e-10 1.65775e-07)
(-3.71381e-08 -1.50291e-10 1.71446e-07)
(-3.92829e-08 -1.42894e-10 1.77155e-07)
(-4.14632e-08 -1.35558e-10 1.82898e-07)
(-4.36769e-08 -1.28297e-10 1.88673e-07)
(-4.59225e-08 -1.21122e-10 1.94478e-07)
(-4.8198e-08 -1.14044e-10 2.00311e-07)
(-5.05017e-08 -1.07074e-10 2.0617e-07)
(-5.28318e-08 -1.00226e-10 2.12052e-07)
(-5.51868e-08 -9.35087e-11 2.17956e-07)
(-5.75648e-08 -8.69349e-11 2.2388e-07)
(-5.99643e-08 -8.05153e-11 2.29822e-07)
(-6.23837e-08 -7.4261e-11 2.35781e-07)
(-6.48214e-08 -6.81829e-11 2.41754e-07)
(-6.7276e-08 -6.22918e-11 2.4774e-07)
(-6.97458e-08 -5.65983e-11 2.53738e-07)
(-7.22296e-08 -5.11131e-11 2.59746e-07)
(-7.4726e-08 -4.58465e-11 2.65763e-07)
(-7.72335e-08 -4.08088e-11 2.71787e-07)
(-7.97511e-08 -3.60103e-11 2.77817e-07)
(-8.22774e-08 -3.14614e-11 2.83852e-07)
(-8.48113e-08 -2.71723e-11 2.89891e-07)
(-8.73518e-08 -2.31535e-11 2.95933e-07)
(-8.98977e-08 -1.94156e-11 3.01977e-07)
(-9.2448e-08 -1.59698e-11 3.08022e-07)
(-9.5002e-08 -1.2827e-11 3.14067e-07)
(-9.75587e-08 -9.99775e-12 3.20112e-07)
(-1.00117e-07 -7.49087e-12 3.26156e-07)
(-1.02677e-07 -5.31002e-12 3.32198e-07)
(-1.05237e-07 -3.44851e-12 3.38238e-07)
(-1.07798e-07 -1.88024e-12 3.44276e-07)
(-1.10357e-07 -5.41477e-13 3.50311e-07)
(-1.12916e-07 6.74178e-13 3.56344e-07)
(-1.15474e-07 1.83132e-12 3.62373e-07)
(1.91675e-10 -2.8556e-10 5.84775e-11)
(6.04262e-10 -4.21891e-10 3.63721e-10)
(1.03423e-09 -4.52566e-10 8.43168e-10)
(1.4473e-09 -4.71998e-10 1.51158e-09)
(1.83487e-09 -4.85963e-10 2.37622e-09)
(2.19182e-09 -4.95148e-10 3.43873e-09)
(2.51289e-09 -5.01054e-10 4.69748e-09)
(2.79318e-09 -5.04664e-10 6.14907e-09)
(3.02826e-09 -5.06607e-10 7.78923e-09)
(3.21416e-09 -5.07287e-10 9.61329e-09)
(3.34733e-09 -5.0695e-10 1.16164e-08)
(3.42462e-09 -5.05749e-10 1.37937e-08)
(3.44326e-09 -5.03783e-10 1.61402e-08)
(3.40083e-09 -5.01126e-10 1.86512e-08)
(3.29522e-09 -4.97838e-10 2.13217e-08)
(3.12461e-09 -4.93968e-10 2.41471e-08)
(2.88745e-09 -4.89561e-10 2.71228e-08)
(2.58246e-09 -4.84653e-10 3.0244e-08)
(2.20859e-09 -4.79279e-10 3.35062e-08)
(1.76503e-09 -4.73468e-10 3.6905e-08)
(1.25118e-09 -4.67246e-10 4.04359e-08)
(6.66655e-10 -4.60636e-10 4.40945e-08)
(1.12735e-11 -4.53659e-10 4.78765e-08)
(-7.1497e-10 -4.46333e-10 5.17778e-08)
(-1.5119e-09 -4.38679e-10 5.5794e-08)
(-2.37918e-09 -4.30712e-10 5.9921e-08)
(-3.31632e-09 -4.22451e-10 6.41549e-08)
(-4.32267e-09 -4.13913e-10 6.84917e-08)
(-5.39746e-09 -4.05113e-10 7.29274e-08)
(-6.53978e-09 -3.9607e-10 7.74583e-08)
(-7.74863e-09 -3.86801e-10 8.20805e-08)
(-9.02287e-09 -3.77321e-10 8.67905e-08)
(-1.03613e-08 -3.67649e-10 9.15845e-08)
(-1.17626e-08 -3.57801e-10 9.64592e-08)
(-1.32253e-08 -3.47794e-10 1.01411e-07)
(-1.4748e-08 -3.37646e-10 1.06437e-07)
(-1.63291e-08 -3.27374e-10 1.11533e-07)
(-1.79672e-08 -3.16994e-10 1.16696e-07)
(-1.96604e-08 -3.06524e-10 1.21923e-07)
(-2.14071e-08 -2.95982e-10 1.27212e-07)
(-2.32056e-08 -2.85383e-10 1.32558e-07)
(-2.5054e-08 -2.74746e-10 1.3796e-07)
(-2.69507e-08 -2.64086e-10 1.43414e-07)
(-2.88938e-08 -2.53421e-10 1.48918e-07)
(-3.08814e-08 -2.42767e-10 1.54468e-07)
(-3.29118e-08 -2.32142e-10 1.60063e-07)
(-3.4983e-08 -2.21562e-10 1.65699e-07)
(-3.70932e-08 -2.11043e-10 1.71375e-07)
(-3.92406e-08 -2.00602e-10 1.77087e-07)
(-4.14234e-08 -1.90255e-10 1.82833e-07)
(-4.36396e-08 -1.80018e-10 1.88612e-07)
(-4.58876e-08 -1.69908e-10 1.9442e-07)
(-4.81655e-08 -1.59941e-10 2.00256e-07)
(-5.04715e-08 -1.50131e-10 2.06118e-07)
(-5.2804e-08 -1.40496e-10 2.12004e-07)
(-5.51612e-08 -1.3105e-10 2.17911e-07)
(-5.75414e-08 -1.2181e-10 2.23838e-07)
(-5.9943e-08 -1.1279e-10 2.29783e-07)
(-6.23644e-08 -1.04005e-10 2.35745e-07)
(-6.48041e-08 -9.54713e-11 2.41721e-07)
(-6.72604e-08 -8.72026e-11 2.47709e-07)
(-6.97321e-08 -7.92138e-11 2.5371e-07)
(-7.22176e-08 -7.15193e-11 2.5972e-07)
(-7.47155e-08 -6.41336e-11 2.65739e-07)
(-7.72246e-08 -5.70706e-11 2.71766e-07)
(-7.97436e-08 -5.03444e-11 2.77798e-07)
(-8.22712e-08 -4.39689e-11 2.83835e-07)
(-8.48063e-08 -3.79582e-11 2.89876e-07)
(-8.73479e-08 -3.23263e-11 2.9592e-07)
(-8.98948e-08 -2.70874e-11 3.01966e-07)
(-9.24461e-08 -2.2256e-11 3.08012e-07)
(-9.50008e-08 -1.78467e-11 3.14059e-07)
(-9.75582e-08 -1.38737e-11 3.20105e-07)
(-1.00117e-07 -1.03495e-11 3.2615e-07)
(-1.02678e-07 -7.28106e-12 3.32193e-07)
(-1.05238e-07 -4.66393e-12 3.38235e-07)
(-1.07799e-07 -2.46745e-12 3.44273e-07)
(-1.10359e-07 -5.93461e-13 3.50309e-07)
(-1.12918e-07 1.15036e-12 3.56342e-07)
(-1.15476e-07 2.78335e-12 3.62372e-07)
(9.9067e-11 1.72708e-10 -6.14415e-11)
(3.19627e-10 2.14522e-10 1.50997e-10)
(5.62072e-10 1.88344e-10 5.90139e-10)
(7.9619e-10 1.70687e-10 1.23428e-09)
(1.00924e-09 1.6321e-10 2.07946e-09)
(1.19386e-09 1.61617e-10 3.12193e-09)
(1.34411e-09 1.6349e-10 4.35789e-09)
(1.4551e-09 1.67294e-10 5.78327e-09)
(1.52268e-09 1.72057e-10 7.39371e-09)
(1.54321e-09 1.77166e-10 9.18464e-09)
(1.51351e-09 1.82229e-10 1.11514e-08)
(1.43074e-09 1.87002e-10 1.32893e-08)
(1.29237e-09 1.91347e-10 1.55938e-08)
(1.09619e-09 1.95194e-10 1.80602e-08)
(8.402e-10 1.9852e-10 2.06841e-08)
(5.22699e-10 2.01325e-10 2.34609e-08)
(1.42204e-10 2.03626e-10 2.63863e-08)
(-3.0253e-10 2.05444e-10 2.94559e-08)
(-8.12524e-10 2.06803e-10 3.26653e-08)
(-1.38858e-09 2.07725e-10 3.60103e-08)
(-2.0313e-09 2.08232e-10 3.94866e-08)
(-2.74107e-09 2.08341e-10 4.30901e-08)
(-3.51809e-09 2.08069e-10 4.68167e-08)
(-4.36241e-09 2.07433e-10 5.06621e-08)
(-5.27385e-09 2.06445e-10 5.46226e-08)
(-6.25213e-09 2.0512e-10 5.8694e-08)
(-7.29677e-09 2.03471e-10 6.28724e-08)
(-8.40717e-09 2.01511e-10 6.71541e-08)
(-9.5826e-09 1.99252e-10 7.15353e-08)
(-1.08222e-08 1.96709e-10 7.60123e-08)
(-1.2125e-08 1.93893e-10 8.05813e-08)
(-1.34899e-08 1.90818e-10 8.5239e-08)
(-1.49157e-08 1.87498e-10 8.99816e-08)
(-1.64012e-08 1.83945e-10 9.48059e-08)
(-1.79451e-08 1.80175e-10 9.97084e-08)
(-1.95458e-08 1.76199e-10 1.04686e-07)
(-2.12019e-08 1.72033e-10 1.09735e-07)
(-2.29119e-08 1.67689e-10 1.14853e-07)
(-2.46742e-08 1.63182e-10 1.20036e-07)
(-2.64871e-08 1.58526e-10 1.25282e-07)
(-2.83489e-08 1.53734e-10 1.30587e-07)
(-3.0258e-08 1.4882e-10 1.35949e-07)
(-3.22125e-08 1.43799e-10 1.41365e-07)
(-3.42108e-08 1.38683e-10 1.46831e-07)
(-3.6251e-08 1.33487e-10 1.52346e-07)
(-3.83314e-08 1.28224e-10 1.57907e-07)
(-4.04501e-08 1.22908e-10 1.63511e-07)
(-4.26054e-08 1.17553e-10 1.69156e-07)
(-4.47955e-08 1.12171e-10 1.74839e-07)
(-4.70185e-08 1.06777e-10 1.80558e-07)
(-4.92728e-08 1.01383e-10 1.86311e-07)
(-5.15566e-08 9.60034e-11 1.92095e-07)
(-5.38682e-08 9.06502e-11 1.97908e-07)
(-5.62058e-08 8.53367e-11 2.03748e-07)
(-5.85677e-08 8.00756e-11 2.09614e-07)
(-6.09524e-08 7.48795e-11 2.15502e-07)
(-6.33581e-08 6.9761e-11 2.21412e-07)
(-6.57834e-08 6.47323e-11 2.27341e-07)
(-6.82267e-08 5.98055e-11 2.33288e-07)
(-7.06864e-08 5.49927e-11 2.39251e-07)
(-7.31612e-08 5.03054e-11 2.45227e-07)
(-7.56497e-08 4.57554e-11 2.51217e-07)
(-7.81503e-08 4.13539e-11 2.57217e-07)
(-8.0662e-08 3.71122e-11 2.63228e-07)
(-8.31834e-08 3.30411e-11 2.69246e-07)
(-8.57133e-08 2.91515e-11 2.75272e-07)
(-8.82506e-08 2.54541e-11 2.81303e-07)
(-9.07941e-08 2.19593e-11 2.87339e-07)
(-9.33429e-08 1.86779e-11 2.93379e-07)
(-9.5896e-08 1.56202e-11 2.99421e-07)
(-9.84525e-08 1.27972e-11 3.05464e-07)
(-1.01012e-07 1.02193e-11 3.11509e-07)
(-1.03572e-07 7.89675e-12 3.17553e-07)
(-1.06134e-07 5.83813e-12 3.23597e-07)
(-1.08697e-07 4.04707e-12 3.29639e-07)
(-1.11259e-07 2.51635e-12 3.3568e-07)
(-1.13821e-07 1.21178e-12 3.41718e-07)
(-1.16381e-07 2.40655e-14 3.47754e-07)
(-1.18941e-07 -1.21028e-12 3.53786e-07)
(-1.21498e-07 -2.20537e-12 3.59816e-07)
(6.91089e-11 8.5249e-11 -3.7488e-11)
(2.86529e-10 1.20937e-10 2.63464e-10)
(5.31561e-10 1.18422e-10 7.62105e-10)
(7.62873e-10 1.12438e-10 1.44276e-09)
(9.69752e-10 1.08565e-10 2.31093e-09)
(1.14738e-09 1.07381e-10 3.36728e-09)
(1.29079e-09 1.08405e-10 4.61069e-09)
(1.39543e-09 1.10885e-10 6.03909e-09)
(1.45731e-09 1.14194e-10 7.6495e-09)
(1.47283e-09 1.17879e-10 9.43835e-09)
(1.43874e-09 1.21631e-10 1.14017e-08)
(1.35215e-09 1.25246e-10 1.35352e-08)
(1.21049e-09 1.286e-10 1.58348e-08)
(1.01147e-09 1.31628e-10 1.82959e-08)
(7.53061e-10 1.34299e-10 2.09142e-08)
(4.33521e-10 1.36605e-10 2.36854e-08)
(5.13406e-11 1.38552e-10 2.66051e-08)
(-3.94747e-10 1.40152e-10 2.96688e-08)
(-9.0578e-10 1.4142e-10 3.28725e-08)
(-1.48258e-09 1.4237e-10 3.62117e-08)
(-2.12575e-09 1.43015e-10 3.96823e-08)
(-2.83571e-09 1.43369e-10 4.32801e-08)
(-3.61268e-09 1.43443e-10 4.7001e-08)
(-4.45668e-09 1.43248e-10 5.08409e-08)
(-5.36759e-09 1.42793e-10 5.47959e-08)
(-6.34512e-09 1.42089e-10 5.88618e-08)
(-7.3888e-09 1.41144e-10 6.30349e-08)
(-8.49806e-09 1.39969e-10 6.73113e-08)
(-9.67218e-09 1.38571e-10 7.16873e-08)
(-1.09103e-08 1.36961e-10 7.61591e-08)
(-1.22115e-08 1.35149e-10 8.07231e-08)
(-1.35746e-08 1.33143e-10 8.53757e-08)
(-1.49985e-08 1.30953e-10 9.01135e-08)
(-1.6482e-08 1.2859e-10 9.49329e-08)
(-1.80237e-08 1.26062e-10 9.98307e-08)
(-1.96223e-08 1.23381e-10 1.04804e-07)
(-2.12761e-08 1.20555e-10 1.09848e-07)
(-2.29837e-08 1.17596e-10 1.14961e-07)
(-2.47436e-08 1.14513e-10 1.2014e-07)
(-2.6554e-08 1.11316e-10 1.25382e-07)
(-2.84133e-08 1.08015e-10 1.30683e-07)
(-3.03198e-08 1.04622e-10 1.3604e-07)
(-3.22718e-08 1.01144e-10 1.41452e-07)
(-3.42675e-08 9.75937e-11 1.46915e-07)
(-3.63051e-08 9.39798e-11 1.52426e-07)
(-3.83829e-08 9.03127e-11 1.57983e-07)
(-4.0499e-08 8.66022e-11 1.63583e-07)
(-4.26517e-08 8.28584e-11 1.69225e-07)
(-4.48392e-08 7.90909e-11 1.74904e-07)
(-4.70598e-08 7.53097e-11 1.8062e-07)
(-4.93116e-08 7.15244e-11 1.86369e-07)
(-5.15929e-08 6.77446e-11 1.92149e-07)
(-5.3902e-08 6.39799e-11 1.97959e-07)
(-5.62372e-08 6.02396e-11 2.03797e-07)
(-5.85969e-08 5.65332e-11 2.09659e-07)
(-6.09793e-08 5.28698e-11 2.15545e-07)
(-6.33829e-08 4.92586e-11 2.21452e-07)
(-6.5806e-08 4.57086e-11 2.27378e-07)
(-6.82472e-08 4.22286e-11 2.33322e-07)
(-7.0705e-08 3.88273e-11 2.39282e-07)
(-7.31779e-08 3.55134e-11 2.45256e-07)
(-7.56645e-08 3.22953e-11 2.51243e-07)
(-7.81635e-08 2.91813e-11 2.57242e-07)
(-8.06735e-08 2.61796e-11 2.6325e-07)
(-8.31934e-08 2.32982e-11 2.69266e-07)
(-8.57218e-08 2.05451e-11 2.75289e-07)
(-8.82577e-08 1.7928e-11 2.81319e-07)
(-9.08e-08 1.54548e-11 2.87353e-07)
(-9.33477e-08 1.31334e-11 2.93391e-07)
(-9.58997e-08 1.09716e-11 2.99431e-07)
(-9.84553e-08 8.97743e-12 3.05473e-07)
(-1.01013e-07 7.15888e-12 3.11516e-07)
(-1.03574e-07 5.52332e-12 3.1756e-07)
(-1.06135e-07 4.07646e-12 3.23602e-07)
(-1.08697e-07 2.81967e-12 3.29644e-07)
(-1.11258e-07 1.74548e-12 3.35683e-07)
(-1.1382e-07 8.29299e-13 3.41721e-07)
(-1.1638e-07 1.1246e-14 3.47756e-07)
(-1.18939e-07 -7.86355e-13 3.53788e-07)
(-1.21496e-07 -1.51431e-12 3.59817e-07)
(6.15455e-11 3.97444e-11 -3.3484e-11)
(2.66971e-10 6.34505e-11 3.09008e-10)
(5.0846e-10 6.61114e-11 8.46478e-10)
(7.3814e-10 6.49011e-11 1.55545e-09)
(9.42396e-10 6.3723e-11 2.44308e-09)
(1.11658e-09 6.34164e-11 3.51229e-09)
(1.25621e-09 6.40774e-11 4.76366e-09)
(1.3571e-09 6.54889e-11 6.19647e-09)
(1.41544e-09 6.73795e-11 7.80875e-09)
(1.42773e-09 6.95165e-11 9.59767e-09)
(1.39076e-09 7.17228e-11 1.15598e-08)
(1.30163e-09 7.38745e-11 1.36914e-08)
(1.15775e-09 7.58921e-11 1.59883e-08)
(9.568e-10 7.77295e-11 1.84464e-08)
(6.96744e-10 7.93637e-11 2.10615e-08)
(3.75808e-10 8.07866e-11 2.38293e-08)
(-7.5333e-12 8.19987e-11 2.67454e-08)
(-4.54562e-10 8.30055e-11 2.98057e-08)
(-9.6633e-10 8.38141e-11 3.30057e-08)
(-1.54367e-09 8.44325e-11 3.63413e-08)
(-2.1872e-09 8.48685e-11 3.98084e-08)
(-2.89733e-09 8.51292e-11 4.34026e-08)
(-3.6743e-09 8.52214e-11 4.71199e-08)
(-4.51816e-09 8.51511e-11 5.09563e-08)
(-5.42877e-09 8.49244e-11 5.49077e-08)
(-6.40585e-09 8.45467e-11 5.89702e-08)
(-7.44896e-09 8.40237e-11 6.31399e-08)
(-8.55752e-09 8.33607e-11 6.74129e-08)
(-9.73081e-09 8.25634e-11 7.17855e-08)
(-1.0968e-08 8.16373e-11 7.6254e-08)
(-1.22681e-08 8.05879e-11 8.08148e-08)
(-1.36301e-08 7.94211e-11 8.54642e-08)
(-1.50529e-08 7.81427e-11 9.01988e-08)
(-1.65351e-08 7.67584e-11 9.50152e-08)
(-1.80754e-08 7.52742e-11 9.99099e-08)
(-1.96725e-08 7.36961e-11 1.0488e-07)
(-2.13249e-08 7.20301e-11 1.09921e-07)
(-2.3031e-08 7.02823e-11 1.15032e-07)
(-2.47893e-08 6.84588e-11 1.20208e-07)
(-2.65981e-08 6.65655e-11 1.25447e-07)
(-2.84558e-08 6.46087e-11 1.30745e-07)
(-3.03607e-08 6.25944e-11 1.361e-07)
(-3.2311e-08 6.05287e-11 1.41509e-07)
(-3.4305e-08 5.84176e-11 1.46969e-07)
(-3.63409e-08 5.62673e-11 1.52478e-07)
(-3.8417e-08 5.40838e-11 1.58032e-07)
(-4.05314e-08 5.1873e-11 1.6363e-07)
(-4.26825e-08 4.9641e-11 1.69269e-07)
(-4.48683e-08 4.73937e-11 1.74946e-07)
(-4.70872e-08 4.51371e-11 1.80659e-07)
(-4.93374e-08 4.28769e-11 1.86406e-07)
(-5.16171e-08 4.0619e-11 1.92185e-07)
(-5.39246e-08 3.83692e-11 1.97993e-07)
(-5.62583e-08 3.61331e-11 2.03828e-07)
(-5.86164e-08 3.39165e-11 2.09688e-07)
(-6.09973e-08 3.17249e-11 2.15572e-07)
(-6.33995e-08 2.95638e-11 2.21477e-07)
(-6.58212e-08 2.74387e-11 2.27402e-07)
(-6.82611e-08 2.53549e-11 2.33344e-07)
(-7.07176e-08 2.33178e-11 2.39302e-07)
(-7.31892e-08 2.13325e-11 2.45275e-07)
(-7.56746e-08 1.94041e-11 2.5126e-07)
(-7.81725e-08 1.75377e-11 2.57257e-07)
(-8.06814e-08 1.57383e-11 2.63264e-07)
(-8.32002e-08 1.40107e-11 2.69279e-07)
(-8.57277e-08 1.23598e-11 2.75301e-07)
(-8.82627e-08 1.07902e-11 2.81329e-07)
(-9.08042e-08 9.30694e-12 2.87362e-07)
(-9.3351e-08 7.91467e-12 2.93399e-07)
(-9.59024e-08 6.6183e-12 2.99438e-07)
(-9.84573e-08 5.42274e-12 3.05479e-07)
(-1.01015e-07 4.33283e-12 3.11521e-07)
(-1.03575e-07 3.35298e-12 3.17564e-07)
(-1.06135e-07 2.48638e-12 3.23606e-07)
(-1.08697e-07 1.73349e-12 3.29646e-07)
(-1.11258e-07 1.0896e-12 3.35685e-07)
(-1.13819e-07 5.40403e-13 3.41723e-07)
(-1.16379e-07 5.49795e-14 3.47757e-07)
(-1.18938e-07 -3.9649e-13 3.53789e-07)
(-1.21496e-07 -8.13539e-13 3.59819e-07)
(5.88239e-11 1.12908e-11 -3.17172e-11)
(2.58569e-10 1.91032e-11 3.27912e-10)
(4.97684e-10 2.08473e-11 8.82693e-10)
(7.26018e-10 2.10394e-11 1.60544e-09)
(9.28826e-10 2.09313e-11 2.50325e-09)
(1.10136e-09 2.09369e-11 3.57958e-09)
(1.23922e-09 2.11832e-11 4.83565e-09)
(1.33834e-09 2.16482e-11 6.2713e-09)
(1.39498e-09 2.22646e-11 7.88505e-09)
(1.40569e-09 2.29644e-11 9.67444e-09)
(1.36729e-09 2.36916e-11 1.16363e-08)
(1.27689e-09 2.44051e-11 1.37671e-08)
(1.13189e-09 2.50778e-11 1.6063e-08)
(9.29968e-10 2.56933e-11 1.85198e-08)
(6.69077e-10 2.62431e-11 2.11334e-08)
(3.47431e-10 2.67239e-11 2.38996e-08)
(-3.65017e-11 2.71352e-11 2.6814e-08)
(-4.84012e-10 2.74785e-11 2.98726e-08)
(-9.96159e-10 2.77562e-11 3.30709e-08)
(-1.57378e-09 2.79705e-11 3.64048e-08)
(-2.2175e-09 2.81241e-11 3.98701e-08)
(-2.92773e-09 2.82192e-11 4.34626e-08)
(-3.70472e-09 2.82581e-11 4.71782e-08)
(-4.54852e-09 2.82427e-11 5.10128e-08)
(-5.45899e-09 2.81749e-11 5.49625e-08)
(-6.43586e-09 2.80567e-11 5.90233e-08)
(-7.4787e-09 2.78899e-11 6.31913e-08)
(-8.58692e-09 2.76762e-11 6.74627e-08)
(-9.75982e-09 2.74175e-11 7.18337e-08)
(-1.09966e-08 2.71157e-11 7.63006e-08)
(-1.22962e-08 2.67726e-11 8.08598e-08)
(-1.36577e-08 2.639e-11 8.55076e-08)
(-1.50798e-08 2.597e-11 9.02407e-08)
(-1.65614e-08 2.55145e-11 9.50556e-08)
(-1.81011e-08 2.50254e-11 9.99488e-08)
(-1.96975e-08 2.45048e-11 1.04917e-07)
(-2.13492e-08 2.39546e-11 1.09957e-07)
(-2.30545e-08 2.33769e-11 1.15066e-07)
(-2.4812e-08 2.27737e-11 1.20241e-07)
(-2.66201e-08 2.2147e-11 1.25478e-07)
(-2.8477e-08 2.14989e-11 1.30775e-07)
(-3.0381e-08 2.08314e-11 1.36129e-07)
(-3.23305e-08 2.01465e-11 1.41537e-07)
(-3.43236e-08 1.94463e-11 1.46996e-07)
(-3.63587e-08 1.87328e-11 1.52503e-07)
(-3.8434e-08 1.8008e-11 1.58056e-07)
(-4.05476e-08 1.7274e-11 1.63653e-07)
(-4.26978e-08 1.65326e-11 1.69291e-07)
(-4.48828e-08 1.57859e-11 1.74967e-07)
(-4.71009e-08 1.5036e-11 1.80679e-07)
(-4.93502e-08 1.42846e-11 1.86425e-07)
(-5.16292e-08 1.35339e-11 1.92202e-07)
(-5.39359e-08 1.27857e-11 1.98009e-07)
(-5.62688e-08 1.20419e-11 2.03843e-07)
(-5.86262e-08 1.13045e-11 2.09703e-07)
(-6.10064e-08 1.05752e-11 2.15586e-07)
(-6.34078e-08 9.85599e-12 2.2149e-07)
(-6.58289e-08 9.14864e-12 2.27413e-07)
(-6.82681e-08 8.45494e-12 2.33355e-07)
(-7.07239e-08 7.77667e-12 2.39312e-07)
(-7.31949e-08 7.11558e-12 2.45284e-07)
(-7.56797e-08 6.47338e-12 2.51269e-07)
(-7.8177e-08 5.85175e-12 2.57265e-07)
(-8.06854e-08 5.25236e-12 2.63271e-07)
(-8.32037e-08 4.67685e-12 2.69285e-07)
(-8.57307e-08 4.12683e-12 2.75306e-07)
(-8.82653e-08 3.60391e-12 2.81334e-07)
(-9.08063e-08 3.10971e-12 2.87366e-07)
(-9.33528e-08 2.64585e-12 2.93403e-07)
(-9.59038e-08 2.21398e-12 2.99441e-07)
(-9.84584e-08 1.81576e-12 3.05482e-07)
(-1.01016e-07 1.4528e-12 3.11524e-07)
(-1.03575e-07 1.12655e-12 3.17566e-07)
(-1.06136e-07 8.38028e-13 3.23607e-07)
(-1.08697e-07 5.8727e-13 3.29648e-07)
(-1.11258e-07 3.72642e-13 3.35687e-07)
(-1.13819e-07 1.89527e-13 3.41724e-07)
(-1.16379e-07 2.85731e-14 3.47758e-07)
(-1.18938e-07 -1.1905e-13 3.5379e-07)
(-1.21495e-07 -2.58806e-13 3.5982e-07)
(5.88239e-11 -1.12908e-11 -3.17172e-11)
(2.58569e-10 -1.91032e-11 3.27912e-10)
(4.97684e-10 -2.08473e-11 8.82693e-10)
(7.26018e-10 -2.10394e-11 1.60544e-09)
(9.28826e-10 -2.09313e-11 2.50325e-09)
(1.10136e-09 -2.09369e-11 3.57958e-09)
(1.23922e-09 -2.11832e-11 4.83565e-09)
(1.33834e-09 -2.16482e-11 6.2713e-09)
(1.39498e-09 -2.22646e-11 7.88505e-09)
(1.40569e-09 -2.29644e-11 9.67444e-09)
(1.36729e-09 -2.36916e-11 1.16363e-08)
(1.27689e-09 -2.44051e-11 1.37671e-08)
(1.13189e-09 -2.50778e-11 1.6063e-08)
(9.29968e-10 -2.56933e-11 1.85198e-08)
(6.69077e-10 -2.62432e-11 2.11334e-08)
(3.47431e-10 -2.67239e-11 2.38996e-08)
(-3.65017e-11 -2.71352e-11 2.6814e-08)
(-4.84012e-10 -2.74786e-11 2.98726e-08)
(-9.96159e-10 -2.77562e-11 3.30709e-08)
(-1.57378e-09 -2.79705e-11 3.64048e-08)
(-2.2175e-09 -2.81241e-11 3.98701e-08)
(-2.92773e-09 -2.82192e-11 4.34626e-08)
(-3.70472e-09 -2.82581e-11 4.71782e-08)
(-4.54852e-09 -2.82427e-11 5.10128e-08)
(-5.45899e-09 -2.81749e-11 5.49625e-08)
(-6.43586e-09 -2.80568e-11 5.90233e-08)
(-7.4787e-09 -2.78899e-11 6.31913e-08)
(-8.58692e-09 -2.76763e-11 6.74627e-08)
(-9.75982e-09 -2.74176e-11 7.18337e-08)
(-1.09966e-08 -2.71157e-11 7.63006e-08)
(-1.22962e-08 -2.67726e-11 8.08598e-08)
(-1.36577e-08 -2.639e-11 8.55076e-08)
(-1.50798e-08 -2.597e-11 9.02407e-08)
(-1.65614e-08 -2.55145e-11 9.50556e-08)
(-1.81011e-08 -2.50254e-11 9.99488e-08)
(-1.96975e-08 -2.45048e-11 1.04917e-07)
(-2.13492e-08 -2.39546e-11 1.09957e-07)
(-2.30545e-08 -2.33769e-11 1.15066e-07)
(-2.4812e-08 -2.27737e-11 1.20241e-07)
(-2.66201e-08 -2.2147e-11 1.25478e-07)
(-2.8477e-08 -2.14989e-11 1.30775e-07)
(-3.0381e-08 -2.08314e-11 1.36129e-07)
(-3.23305e-08 -2.01466e-11 1.41537e-07)
(-3.43236e-08 -1.94464e-11 1.46996e-07)
(-3.63587e-08 -1.87329e-11 1.52503e-07)
(-3.8434e-08 -1.80081e-11 1.58056e-07)
(-4.05476e-08 -1.7274e-11 1.63653e-07)
(-4.26978e-08 -1.65326e-11 1.69291e-07)
(-4.48828e-08 -1.5786e-11 1.74967e-07)
(-4.71009e-08 -1.5036e-11 1.80679e-07)
(-4.93502e-08 -1.42847e-11 1.86425e-07)
(-5.16292e-08 -1.3534e-11 1.92202e-07)
(-5.39359e-08 -1.27858e-11 1.98009e-07)
(-5.62688e-08 -1.2042e-11 2.03843e-07)
(-5.86262e-08 -1.13046e-11 2.09703e-07)
(-6.10064e-08 -1.05753e-11 2.15586e-07)
(-6.34078e-08 -9.85608e-12 2.2149e-07)
(-6.58289e-08 -9.14872e-12 2.27413e-07)
(-6.82681e-08 -8.45503e-12 2.33355e-07)
(-7.07239e-08 -7.77676e-12 2.39312e-07)
(-7.31949e-08 -7.11567e-12 2.45284e-07)
(-7.56797e-08 -6.47347e-12 2.51269e-07)
(-7.8177e-08 -5.85185e-12 2.57265e-07)
(-8.06854e-08 -5.25246e-12 2.63271e-07)
(-8.32037e-08 -4.67695e-12 2.69285e-07)
(-8.57307e-08 -4.12694e-12 2.75306e-07)
(-8.82653e-08 -3.60402e-12 2.81334e-07)
(-9.08063e-08 -3.10983e-12 2.87366e-07)
(-9.33528e-08 -2.64597e-12 2.93403e-07)
(-9.59038e-08 -2.21411e-12 2.99441e-07)
(-9.84584e-08 -1.81588e-12 3.05482e-07)
(-1.01016e-07 -1.45293e-12 3.11524e-07)
(-1.03575e-07 -1.12669e-12 3.17566e-07)
(-1.06136e-07 -8.38165e-13 3.23607e-07)
(-1.08697e-07 -5.87411e-13 3.29648e-07)
(-1.11258e-07 -3.72787e-13 3.35687e-07)
(-1.13819e-07 -1.89675e-13 3.41724e-07)
(-1.16379e-07 -2.87267e-14 3.47758e-07)
(-1.18938e-07 1.18891e-13 3.5379e-07)
(-1.21495e-07 2.58642e-13 3.5982e-07)
(6.15455e-11 -3.97444e-11 -3.3484e-11)
(2.66971e-10 -6.34505e-11 3.09008e-10)
(5.0846e-10 -6.61114e-11 8.46478e-10)
(7.3814e-10 -6.49011e-11 1.55545e-09)
(9.42396e-10 -6.3723e-11 2.44308e-09)
(1.11658e-09 -6.34164e-11 3.51229e-09)
(1.25621e-09 -6.40774e-11 4.76366e-09)
(1.3571e-09 -6.5489e-11 6.19647e-09)
(1.41544e-09 -6.73795e-11 7.80875e-09)
(1.42773e-09 -6.95165e-11 9.59767e-09)
(1.39076e-09 -7.17228e-11 1.15598e-08)
(1.30163e-09 -7.38745e-11 1.36914e-08)
(1.15775e-09 -7.58921e-11 1.59883e-08)
(9.568e-10 -7.77295e-11 1.84464e-08)
(6.96744e-10 -7.93637e-11 2.10615e-08)
(3.75808e-10 -8.07866e-11 2.38293e-08)
(-7.5333e-12 -8.19987e-11 2.67454e-08)
(-4.54562e-10 -8.30055e-11 2.98057e-08)
(-9.6633e-10 -8.38141e-11 3.30057e-08)
(-1.54367e-09 -8.44325e-11 3.63413e-08)
(-2.1872e-09 -8.48685e-11 3.98084e-08)
(-2.89733e-09 -8.51292e-11 4.34026e-08)
(-3.6743e-09 -8.52214e-11 4.71199e-08)
(-4.51816e-09 -8.51512e-11 5.09563e-08)
(-5.42877e-09 -8.49244e-11 5.49077e-08)
(-6.40585e-09 -8.45467e-11 5.89702e-08)
(-7.44896e-09 -8.40237e-11 6.31399e-08)
(-8.55752e-09 -8.33608e-11 6.74129e-08)
(-9.73081e-09 -8.25634e-11 7.17855e-08)
(-1.0968e-08 -8.16373e-11 7.6254e-08)
(-1.22681e-08 -8.0588e-11 8.08148e-08)
(-1.36301e-08 -7.94212e-11 8.54642e-08)
(-1.50529e-08 -7.81427e-11 9.01988e-08)
(-1.65351e-08 -7.67584e-11 9.50152e-08)
(-1.80754e-08 -7.52742e-11 9.99099e-08)
(-1.96725e-08 -7.36961e-11 1.0488e-07)
(-2.13249e-08 -7.20302e-11 1.09921e-07)
(-2.3031e-08 -7.02824e-11 1.15032e-07)
(-2.47893e-08 -6.84588e-11 1.20208e-07)
(-2.65981e-08 -6.65656e-11 1.25447e-07)
(-2.84558e-08 -6.46087e-11 1.30745e-07)
(-3.03607e-08 -6.25944e-11 1.361e-07)
(-3.2311e-08 -6.05287e-11 1.41509e-07)
(-3.4305e-08 -5.84177e-11 1.46969e-07)
(-3.63409e-08 -5.62674e-11 1.52478e-07)
(-3.8417e-08 -5.40838e-11 1.58032e-07)
(-4.05314e-08 -5.18731e-11 1.6363e-07)
(-4.26825e-08 -4.96411e-11 1.69269e-07)
(-4.48683e-08 -4.73938e-11 1.74946e-07)
(-4.70872e-08 -4.51371e-11 1.80659e-07)
(-4.93374e-08 -4.28769e-11 1.86406e-07)
(-5.16171e-08 -4.06191e-11 1.92185e-07)
(-5.39246e-08 -3.83692e-11 1.97993e-07)
(-5.62583e-08 -3.61332e-11 2.03828e-07)
(-5.86164e-08 -3.39166e-11 2.09688e-07)
(-6.09973e-08 -3.1725e-11 2.15572e-07)
(-6.33995e-08 -2.95639e-11 2.21477e-07)
(-6.58212e-08 -2.74388e-11 2.27402e-07)
(-6.82611e-08 -2.5355e-11 2.33344e-07)
(-7.07176e-08 -2.33179e-11 2.39302e-07)
(-7.31892e-08 -2.13325e-11 2.45275e-07)
(-7.56746e-08 -1.94042e-11 2.5126e-07)
(-7.81725e-08 -1.75378e-11 2.57257e-07)
(-8.06814e-08 -1.57384e-11 2.63264e-07)
(-8.32002e-08 -1.40108e-11 2.69279e-07)
(-8.57277e-08 -1.23599e-11 2.75301e-07)
(-8.82627e-08 -1.07904e-11 2.81329e-07)
(-9.08042e-08 -9.30705e-12 2.87362e-07)
(-9.3351e-08 -7.91479e-12 2.93399e-07)
(-9.59024e-08 -6.61842e-12 2.99438e-07)
(-9.84573e-08 -5.42286e-12 3.05479e-07)
(-1.01015e-07 -4.33296e-12 3.11521e-07)
(-1.03575e-07 -3.35311e-12 3.17564e-07)
(-1.06135e-07 -2.48652e-12 3.23606e-07)
(-1.08697e-07 -1.73363e-12 3.29646e-07)
(-1.11258e-07 -1.08974e-12 3.35685e-07)
(-1.13819e-07 -5.40552e-13 3.41723e-07)
(-1.16379e-07 -5.51331e-14 3.47757e-07)
(-1.18938e-07 3.96331e-13 3.53789e-07)
(-1.21496e-07 8.13375e-13 3.59819e-07)
(6.91089e-11 -8.5249e-11 -3.7488e-11)
(2.86529e-10 -1.20937e-10 2.63464e-10)
(5.31561e-10 -1.18422e-10 7.62105e-10)
(7.62873e-10 -1.12438e-10 1.44276e-09)
(9.69752e-10 -1.08565e-10 2.31093e-09)
(1.14738e-09 -1.07381e-10 3.36728e-09)
(1.29079e-09 -1.08405e-10 4.61069e-09)
(1.39543e-09 -1.10885e-10 6.03909e-09)
(1.45731e-09 -1.14194e-10 7.6495e-09)
(1.47283e-09 -1.17879e-10 9.43835e-09)
(1.43874e-09 -1.21631e-10 1.14017e-08)
(1.35215e-09 -1.25246e-10 1.35352e-08)
(1.21049e-09 -1.286e-10 1.58348e-08)
(1.01147e-09 -1.31628e-10 1.82959e-08)
(7.53061e-10 -1.34299e-10 2.09142e-08)
(4.33521e-10 -1.36605e-10 2.36854e-08)
(5.13406e-11 -1.38552e-10 2.66051e-08)
(-3.94747e-10 -1.40152e-10 2.96688e-08)
(-9.0578e-10 -1.4142e-10 3.28725e-08)
(-1.48258e-09 -1.4237e-10 3.62117e-08)
(-2.12575e-09 -1.43015e-10 3.96823e-08)
(-2.83571e-09 -1.43369e-10 4.32801e-08)
(-3.61268e-09 -1.43443e-10 4.7001e-08)
(-4.45668e-09 -1.43248e-10 5.08409e-08)
(-5.36759e-09 -1.42793e-10 5.47959e-08)
(-6.34512e-09 -1.42089e-10 5.88618e-08)
(-7.3888e-09 -1.41144e-10 6.30349e-08)
(-8.49806e-09 -1.39969e-10 6.73113e-08)
(-9.67218e-09 -1.38571e-10 7.16873e-08)
(-1.09103e-08 -1.36961e-10 7.61591e-08)
(-1.22115e-08 -1.35149e-10 8.07231e-08)
(-1.35746e-08 -1.33143e-10 8.53757e-08)
(-1.49985e-08 -1.30953e-10 9.01135e-08)
(-1.6482e-08 -1.2859e-10 9.49329e-08)
(-1.80237e-08 -1.26062e-10 9.98307e-08)
(-1.96223e-08 -1.23381e-10 1.04804e-07)
(-2.12761e-08 -1.20555e-10 1.09848e-07)
(-2.29837e-08 -1.17596e-10 1.14961e-07)
(-2.47436e-08 -1.14513e-10 1.2014e-07)
(-2.6554e-08 -1.11316e-10 1.25382e-07)
(-2.84133e-08 -1.08016e-10 1.30683e-07)
(-3.03198e-08 -1.04622e-10 1.3604e-07)
(-3.22718e-08 -1.01144e-10 1.41452e-07)
(-3.42675e-08 -9.75937e-11 1.46915e-07)
(-3.63051e-08 -9.39798e-11 1.52426e-07)
(-3.83829e-08 -9.03127e-11 1.57983e-07)
(-4.0499e-08 -8.66023e-11 1.63583e-07)
(-4.26517e-08 -8.28584e-11 1.69225e-07)
(-4.48392e-08 -7.9091e-11 1.74904e-07)
(-4.70598e-08 -7.53098e-11 1.8062e-07)
(-4.93116e-08 -7.15245e-11 1.86369e-07)
(-5.15929e-08 -6.77447e-11 1.92149e-07)
(-5.3902e-08 -6.39799e-11 1.97959e-07)
(-5.62372e-08 -6.02397e-11 2.03797e-07)
(-5.85969e-08 -5.65333e-11 2.09659e-07)
(-6.09793e-08 -5.28699e-11 2.15545e-07)
(-6.33829e-08 -4.92587e-11 2.21452e-07)
(-6.5806e-08 -4.57087e-11 2.27378e-07)
(-6.82472e-08 -4.22287e-11 2.33322e-07)
(-7.0705e-08 -3.88274e-11 2.39282e-07)
(-7.31779e-08 -3.55135e-11 2.45256e-07)
(-7.56645e-08 -3.22954e-11 2.51243e-07)
(-7.81635e-08 -2.91814e-11 2.57242e-07)
(-8.06735e-08 -2.61797e-11 2.6325e-07)
(-8.31934e-08 -2.32983e-11 2.69266e-07)
(-8.57218e-08 -2.05452e-11 2.75289e-07)
(-8.82577e-08 -1.79281e-11 2.81319e-07)
(-9.08e-08 -1.54549e-11 2.87353e-07)
(-9.33477e-08 -1.31335e-11 2.93391e-07)
(-9.58997e-08 -1.09717e-11 2.99431e-07)
(-9.84553e-08 -8.97756e-12 3.05473e-07)
(-1.01013e-07 -7.15901e-12 3.11516e-07)
(-1.03574e-07 -5.52346e-12 3.1756e-07)
(-1.06135e-07 -4.0766e-12 3.23602e-07)
(-1.08697e-07 -2.81981e-12 3.29644e-07)
(-1.11258e-07 -1.74563e-12 3.35683e-07)
(-1.1382e-07 -8.29448e-13 3.41721e-07)
(-1.1638e-07 -1.1399e-14 3.47756e-07)
(-1.18939e-07 7.862e-13 3.53788e-07)
(-1.21496e-07 1.51415e-12 3.59817e-07)
(9.9067e-11 -1.72708e-10 -6.14415e-11)
(3.19627e-10 -2.14522e-10 1.50997e-10)
(5.62072e-10 -1.88344e-10 5.90139e-10)
(7.9619e-10 -1.70687e-10 1.23428e-09)
(1.00924e-09 -1.6321e-10 2.07946e-09)
(1.19386e-09 -1.61617e-10 3.12193e-09)
(1.34411e-09 -1.6349e-10 4.35789e-09)
(1.4551e-09 -1.67294e-10 5.78327e-09)
(1.52268e-09 -1.72057e-10 7.39371e-09)
(1.54321e-09 -1.77166e-10 9.18464e-09)
(1.51351e-09 -1.82229e-10 1.11514e-08)
(1.43074e-09 -1.87002e-10 1.32893e-08)
(1.29237e-09 -1.91347e-10 1.55938e-08)
(1.09619e-09 -1.95194e-10 1.80602e-08)
(8.402e-10 -1.9852e-10 2.06841e-08)
(5.22699e-10 -2.01325e-10 2.34609e-08)
(1.42204e-10 -2.03626e-10 2.63863e-08)
(-3.0253e-10 -2.05444e-10 2.94559e-08)
(-8.12524e-10 -2.06803e-10 3.26653e-08)
(-1.38858e-09 -2.07725e-10 3.60103e-08)
(-2.0313e-09 -2.08232e-10 3.94866e-08)
(-2.74107e-09 -2.08341e-10 4.30901e-08)
(-3.51809e-09 -2.08069e-10 4.68167e-08)
(-4.36241e-09 -2.07433e-10 5.06621e-08)
(-5.27385e-09 -2.06445e-10 5.46226e-08)
(-6.25213e-09 -2.0512e-10 5.8694e-08)
(-7.29677e-09 -2.03471e-10 6.28724e-08)
(-8.40717e-09 -2.01511e-10 6.71541e-08)
(-9.5826e-09 -1.99252e-10 7.15353e-08)
(-1.08222e-08 -1.96709e-10 7.60123e-08)
(-1.2125e-08 -1.93893e-10 8.05813e-08)
(-1.34899e-08 -1.90818e-10 8.5239e-08)
(-1.49157e-08 -1.87498e-10 8.99816e-08)
(-1.64012e-08 -1.83945e-10 9.48059e-08)
(-1.79451e-08 -1.80175e-10 9.97084e-08)
(-1.95458e-08 -1.76199e-10 1.04686e-07)
(-2.12019e-08 -1.72033e-10 1.09735e-07)
(-2.29119e-08 -1.67689e-10 1.14853e-07)
(-2.46742e-08 -1.63183e-10 1.20036e-07)
(-2.64871e-08 -1.58526e-10 1.25282e-07)
(-2.83489e-08 -1.53734e-10 1.30587e-07)
(-3.0258e-08 -1.48821e-10 1.35949e-07)
(-3.22125e-08 -1.43799e-10 1.41365e-07)
(-3.42108e-08 -1.38683e-10 1.46831e-07)
(-3.6251e-08 -1.33487e-10 1.52346e-07)
(-3.83314e-08 -1.28224e-10 1.57907e-07)
(-4.04501e-08 -1.22908e-10 1.63511e-07)
(-4.26054e-08 -1.17553e-10 1.69156e-07)
(-4.47955e-08 -1.12171e-10 1.74839e-07)
(-4.70185e-08 -1.06777e-10 1.80558e-07)
(-4.92728e-08 -1.01383e-10 1.86311e-07)
(-5.15566e-08 -9.60034e-11 1.92095e-07)
(-5.38682e-08 -9.06502e-11 1.97908e-07)
(-5.62058e-08 -8.53367e-11 2.03748e-07)
(-5.85677e-08 -8.00756e-11 2.09614e-07)
(-6.09524e-08 -7.48796e-11 2.15502e-07)
(-6.33581e-08 -6.97611e-11 2.21412e-07)
(-6.57834e-08 -6.47324e-11 2.27341e-07)
(-6.82267e-08 -5.98056e-11 2.33288e-07)
(-7.06864e-08 -5.49927e-11 2.39251e-07)
(-7.31612e-08 -5.03055e-11 2.45227e-07)
(-7.56497e-08 -4.57555e-11 2.51217e-07)
(-7.81503e-08 -4.1354e-11 2.57217e-07)
(-8.0662e-08 -3.71123e-11 2.63228e-07)
(-8.31834e-08 -3.30412e-11 2.69246e-07)
(-8.57133e-08 -2.91516e-11 2.75272e-07)
(-8.82506e-08 -2.54542e-11 2.81303e-07)
(-9.07941e-08 -2.19595e-11 2.87339e-07)
(-9.33429e-08 -1.8678e-11 2.93379e-07)
(-9.5896e-08 -1.56204e-11 2.99421e-07)
(-9.84525e-08 -1.27973e-11 3.05464e-07)
(-1.01012e-07 -1.02194e-11 3.11509e-07)
(-1.03572e-07 -7.89687e-12 3.17553e-07)
(-1.06134e-07 -5.83826e-12 3.23597e-07)
(-1.08697e-07 -4.04721e-12 3.29639e-07)
(-1.11259e-07 -2.51649e-12 3.3568e-07)
(-1.13821e-07 -1.21192e-12 3.41718e-07)
(-1.16381e-07 -2.42188e-14 3.47754e-07)
(-1.18941e-07 1.21012e-12 3.53786e-07)
(-1.21498e-07 2.20519e-12 3.59816e-07)
(9.01675e-12 -5.70116e-13 -1.24929e-10)
(5.42596e-11 -5.23441e-11 1.86341e-11)
(1.1058e-10 -1.03898e-10 4.18059e-10)
(1.61795e-10 -1.36936e-10 1.03473e-09)
(1.95775e-10 -1.54152e-10 1.85724e-09)
(2.04088e-10 -1.60322e-10 2.87751e-09)
(1.8033e-10 -1.59156e-10 4.0895e-09)
(1.19469e-10 -1.53405e-10 5.48811e-09)
(1.74513e-11 -1.45002e-10 7.06851e-09)
(-1.29112e-10 -1.35238e-10 8.826e-09)
(-3.23144e-10 -1.24937e-10 1.0756e-08)
(-5.67228e-10 -1.14598e-10 1.28541e-08)
(-8.63671e-10 -1.04505e-10 1.51159e-08)
(-1.21455e-09 -9.48053e-11 1.75372e-08)
(-1.6217e-09 -8.55613e-11 2.01136e-08)
(-2.08677e-09 -7.67907e-11 2.2841e-08)
(-2.61118e-09 -6.84867e-11 2.57152e-08)
(-3.19615e-09 -6.06324e-11 2.87321e-08)
(-3.84267e-09 -5.32078e-11 3.18877e-08)
(-4.55155e-09 -4.61936e-11 3.51779e-08)
(-5.3234e-09 -3.95729e-11 3.85986e-08)
(-6.15861e-09 -3.33311e-11 4.21458e-08)
(-7.05741e-09 -2.7456e-11 4.58157e-08)
(-8.01986e-09 -2.1937e-11 4.96043e-08)
(-9.04583e-09 -1.67647e-11 5.35078e-08)
(-1.0135e-08 -1.19306e-11 5.75224e-08)
(-1.12871e-08 -7.42643e-12 6.16442e-08)
(-1.25014e-08 -3.24416e-12 6.58697e-08)
(-1.37773e-08 6.24311e-13 7.01951e-08)
(-1.51139e-08 4.18721e-12 7.4617e-08)
(-1.65104e-08 7.45298e-12 7.91316e-08)
(-1.79656e-08 1.04303e-11 8.37357e-08)
(-1.94786e-08 1.31279e-11 8.84257e-08)
(-2.10479e-08 1.55551e-11 9.31984e-08)
(-2.26725e-08 1.77211e-11 9.80504e-08)
(-2.43508e-08 1.96354e-11 1.02979e-07)
(-2.60814e-08 2.13075e-11 1.0798e-07)
(-2.7863e-08 2.27473e-11 1.13051e-07)
(-2.96938e-08 2.39646e-11 1.18189e-07)
(-3.15724e-08 2.49694e-11 1.2339e-07)
(-3.34971e-08 2.57716e-11 1.28653e-07)
(-3.54662e-08 2.63814e-11 1.33974e-07)
(-3.74781e-08 2.68088e-11 1.3935e-07)
(-3.9531e-08 2.7064e-11 1.44778e-07)
(-4.16233e-08 2.71569e-11 1.50257e-07)
(-4.37532e-08 2.70978e-11 1.55783e-07)
(-4.59189e-08 2.68968e-11 1.61353e-07)
(-4.81188e-08 2.65637e-11 1.66966e-07)
(-5.0351e-08 2.61086e-11 1.72619e-07)
(-5.2614e-08 2.55415e-11 1.78309e-07)
(-5.49059e-08 2.4872e-11 1.84035e-07)
(-5.72251e-08 2.41101e-11 1.89793e-07)
(-5.95698e-08 2.32652e-11 1.95582e-07)
(-6.19386e-08 2.2347e-11 2.014e-07)
(-6.43296e-08 2.13648e-11 2.07244e-07)
(-6.67414e-08 2.03278e-11 2.13113e-07)
(-6.91724e-08 1.92453e-11 2.19005e-07)
(-7.16211e-08 1.81262e-11 2.24917e-07)
(-7.40859e-08 1.69792e-11 2.30848e-07)
(-7.65656e-08 1.58129e-11 2.36796e-07)
(-7.90586e-08 1.46359e-11 2.4276e-07)
(-8.15636e-08 1.34562e-11 2.48737e-07)
(-8.40794e-08 1.22818e-11 2.54727e-07)
(-8.66047e-08 1.11206e-11 2.60728e-07)
(-8.91383e-08 9.98004e-12 2.66738e-07)
(-9.16791e-08 8.86745e-12 2.72755e-07)
(-9.4226e-08 7.78992e-12 2.7878e-07)
(-9.67781e-08 6.75435e-12 2.8481e-07)
(-9.93343e-08 5.76746e-12 2.90845e-07)
(-1.01894e-07 4.83588e-12 2.96882e-07)
(-1.04456e-07 3.9662e-12 3.02922e-07)
(-1.07019e-07 3.16496e-12 3.08964e-07)
(-1.09584e-07 2.43862e-12 3.15006e-07)
(-1.12149e-07 1.79308e-12 3.21047e-07)
(-1.14713e-07 1.23237e-12 3.27088e-07)
(-1.17278e-07 7.56296e-13 3.33128e-07)
(-1.19841e-07 3.5113e-13 3.39165e-07)
(-1.22402e-07 -4.70094e-14 3.452e-07)
(-1.24962e-07 -4.95233e-13 3.51233e-07)
(-1.27519e-07 -4.60893e-13 3.57262e-07)
(1.17753e-11 -3.99893e-12 -9.90255e-11)
(5.46831e-11 -4.21436e-11 1.36214e-10)
(1.04033e-10 -7.85622e-11 5.95068e-10)
(1.44571e-10 -1.0342e-10 1.2465e-09)
(1.66655e-10 -1.17493e-10 2.08985e-09)
(1.63685e-10 -1.23293e-10 3.12193e-09)
(1.29975e-10 -1.23311e-10 4.33962e-09)
(6.06394e-11 -1.1961e-10 5.73985e-09)
(-4.84732e-11 -1.13704e-10 7.31919e-09)
(-2.00941e-10 -1.06626e-10 9.07388e-09)
(-3.99892e-10 -9.90435e-11 1.1e-08)
(-6.4809e-10 -9.13664e-11 1.30934e-08)
(-9.47987e-10 -8.38298e-11 1.53501e-08)
(-1.30177e-09 -7.65582e-11 1.7766e-08)
(-1.71136e-09 -6.96082e-11 2.03368e-08)
(-2.17846e-09 -6.29985e-11 2.30586e-08)
(-2.70453e-09 -5.67278e-11 2.59271e-08)
(-3.29082e-09 -5.07855e-11 2.89383e-08)
(-3.93835e-09 -4.51584e-11 3.20882e-08)
(-4.64794e-09 -3.98332e-11 3.53726e-08)
(-5.4202e-09 -3.4798e-11 3.87877e-08)
(-6.25557e-09 -3.00425e-11 4.23293e-08)
(-7.15428e-09 -2.55582e-11 4.59937e-08)
(-8.11638e-09 -2.13374e-11 4.97768e-08)
(-9.14179e-09 -1.73736e-11 5.36748e-08)
(-1.02302e-08 -1.36607e-11 5.7684e-08)
(-1.13813e-08 -1.01927e-11 6.18005e-08)
(-1.25944e-08 -6.96388e-12 6.60208e-08)
(-1.3869e-08 -3.96837e-12 7.03411e-08)
(-1.52041e-08 -1.20016e-12 7.47578e-08)
(-1.65989e-08 1.3469e-12 7.92675e-08)
(-1.80524e-08 3.67915e-12 8.38667e-08)
(-1.95634e-08 5.80311e-12 8.85519e-08)
(-2.11307e-08 7.72547e-12 9.33198e-08)
(-2.27531e-08 9.45306e-12 9.81672e-08)
(-2.44292e-08 1.09929e-11 1.03091e-07)
(-2.61576e-08 1.2352e-11 1.08087e-07)
(-2.79367e-08 1.35376e-11 1.13154e-07)
(-2.97651e-08 1.4557e-11 1.18288e-07)
(-3.16412e-08 1.54175e-11 1.23485e-07)
(-3.35634e-08 1.61264e-11 1.28744e-07)
(-3.55299e-08 1.66913e-11 1.3406e-07)
(-3.75392e-08 1.71195e-11 1.39432e-07)
(-3.95895e-08 1.74185e-11 1.44857e-07)
(-4.16792e-08 1.75958e-11 1.50332e-07)
(-4.38065e-08 1.76587e-11 1.55854e-07)
(-4.59696e-08 1.76148e-11 1.61421e-07)
(-4.81669e-08 1.74713e-11 1.67031e-07)
(-5.03965e-08 1.72357e-11 1.7268e-07)
(-5.26569e-08 1.69152e-11 1.78367e-07)
(-5.49463e-08 1.65172e-11 1.84089e-07)
(-5.7263e-08 1.60487e-11 1.89844e-07)
(-5.96053e-08 1.55168e-11 1.9563e-07)
(-6.19717e-08 1.49287e-11 2.01445e-07)
(-6.43604e-08 1.42912e-11 2.07286e-07)
(-6.67699e-08 1.36112e-11 2.13152e-07)
(-6.91987e-08 1.28954e-11 2.19041e-07)
(-7.16452e-08 1.21503e-11 2.2495e-07)
(-7.41079e-08 1.13825e-11 2.30879e-07)
(-7.65856e-08 1.05983e-11 2.36825e-07)
(-7.90766e-08 9.80389e-12 2.42786e-07)
(-8.15798e-08 9.00535e-12 2.48761e-07)
(-8.40938e-08 8.20856e-12 2.54749e-07)
(-8.66174e-08 7.41925e-12 2.60747e-07)
(-8.91495e-08 6.64298e-12 2.66755e-07)
(-9.16888e-08 5.88516e-12 2.72771e-07)
(-9.42343e-08 5.15102e-12 2.78794e-07)
(-9.6785e-08 4.44568e-12 2.84822e-07)
(-9.934e-08 3.77414e-12 2.90855e-07)
(-1.01898e-07 3.14133e-12 2.96891e-07)
(-1.04459e-07 2.55214e-12 3.0293e-07)
(-1.07022e-07 2.01138e-12 3.0897e-07)
(-1.09586e-07 1.5237e-12 3.15011e-07)
(-1.1215e-07 1.09302e-12 3.21052e-07)
(-1.14714e-07 7.21502e-13 3.27092e-07)
(-1.17278e-07 4.07714e-13 3.3313e-07)
(-1.1984e-07 1.42886e-13 3.39167e-07)
(-1.22401e-07 -1.01652e-13 3.45202e-07)
(-1.24961e-07 -3.4392e-13 3.51234e-07)
(-1.27518e-07 -4.41524e-13 3.57263e-07)
(1.09427e-11 -3.92675e-12 -1.02173e-10)
(5.06568e-11 -2.58873e-11 1.75364e-10)
(9.57997e-11 -4.70378e-11 6.7856e-10)
(1.31017e-10 -6.20475e-11 1.36163e-09)
(1.46923e-10 -7.09341e-11 2.22553e-09)
(1.37623e-10 -7.49038e-11 3.27043e-09)
(9.79334e-11 -7.53156e-11 4.49557e-09)
(2.32202e-11 -7.33723e-11 5.89955e-09)
(-9.05822e-11 -6.9995e-11 7.48013e-09)
(-2.47066e-10 -6.58301e-11 9.23435e-09)
(-4.49423e-10 -6.13042e-11 1.11588e-08)
(-7.00497e-10 -5.66834e-11 1.32499e-08)
(-1.00282e-09 -5.21233e-11 1.55037e-08)
(-1.35864e-09 -4.77083e-11 1.79163e-08)
(-1.76994e-09 -4.34787e-11 2.04837e-08)
(-2.23846e-09 -3.94494e-11 2.32019e-08)
(-2.76569e-09 -3.56218e-11 2.60667e-08)
(-3.3529e-09 -3.1991e-11 2.90743e-08)
(-4.00114e-09 -2.85498e-11 3.22204e-08)
(-4.71124e-09 -2.52907e-11 3.55012e-08)
(-5.48383e-09 -2.22066e-11 3.89125e-08)
(-6.31933e-09 -1.92918e-11 4.24505e-08)
(-7.21801e-09 -1.65412e-11 4.61112e-08)
(-8.17993e-09 -1.39503e-11 4.98907e-08)
(-9.20499e-09 -1.15152e-11 5.37851e-08)
(-1.0293e-08 -9.23241e-12 5.77908e-08)
(-1.14434e-08 -7.09834e-12 6.19038e-08)
(-1.26558e-08 -5.10957e-12 6.61206e-08)
(-1.39295e-08 -3.26262e-12 7.04375e-08)
(-1.52636e-08 -1.55389e-12 7.4851e-08)
(-1.66574e-08 2.03003e-14 7.93574e-08)
(-1.81097e-08 1.46377e-12 8.39533e-08)
(-1.96194e-08 2.78044e-12 8.86353e-08)
(-2.11855e-08 3.97434e-12 9.34002e-08)
(-2.28065e-08 5.04961e-12 9.82445e-08)
(-2.44811e-08 6.01047e-12 1.03165e-07)
(-2.6208e-08 6.8612e-12 1.08159e-07)
(-2.79856e-08 7.60616e-12 1.13222e-07)
(-2.98124e-08 8.24974e-12 1.18353e-07)
(-3.16868e-08 8.7964e-12 1.23548e-07)
(-3.36073e-08 9.2506e-12 1.28804e-07)
(-3.55722e-08 9.61684e-12 1.34118e-07)
(-3.75798e-08 9.89963e-12 1.39487e-07)
(-3.96284e-08 1.01035e-11 1.44909e-07)
(-4.17163e-08 1.02329e-11 1.50382e-07)
(-4.38419e-08 1.02925e-11 1.55901e-07)
(-4.60033e-08 1.02867e-11 1.61466e-07)
(-4.81989e-08 1.02199e-11 1.67073e-07)
(-5.04268e-08 1.00967e-11 1.7272e-07)
(-5.26855e-08 9.92153e-12 1.78405e-07)
(-5.49733e-08 9.69871e-12 1.84125e-07)
(-5.72883e-08 9.43262e-12 1.89878e-07)
(-5.9629e-08 9.12759e-12 1.95662e-07)
(-6.19938e-08 8.78788e-12 2.01475e-07)
(-6.4381e-08 8.41769e-12 2.07314e-07)
(-6.6789e-08 8.02118e-12 2.13178e-07)
(-6.92163e-08 7.60242e-12 2.19065e-07)
(-7.16614e-08 7.16544e-12 2.24973e-07)
(-7.41228e-08 6.71415e-12 2.309e-07)
(-7.6599e-08 6.25243e-12 2.36844e-07)
(-7.90888e-08 5.78403e-12 2.42803e-07)
(-8.15908e-08 5.31264e-12 2.48777e-07)
(-8.41036e-08 4.84183e-12 2.54763e-07)
(-8.66261e-08 4.3751e-12 2.6076e-07)
(-8.91571e-08 3.91582e-12 2.66767e-07)
(-9.16954e-08 3.46728e-12 2.72782e-07)
(-9.424e-08 3.03268e-12 2.78803e-07)
(-9.67898e-08 2.61514e-12 2.8483e-07)
(-9.9344e-08 2.21773e-12 2.90862e-07)
(-1.01902e-07 1.84346e-12 2.96898e-07)
(-1.04462e-07 1.49531e-12 3.02935e-07)
(-1.07024e-07 1.1762e-12 3.08975e-07)
(-1.09587e-07 8.88883e-13 3.15015e-07)
(-1.12151e-07 6.35622e-13 3.21055e-07)
(-1.14715e-07 4.17603e-13 3.27094e-07)
(-1.17278e-07 2.34097e-13 3.33132e-07)
(-1.1984e-07 8.00196e-14 3.39169e-07)
(-1.22401e-07 -5.84714e-14 3.45203e-07)
(-1.24961e-07 -1.80597e-13 3.51235e-07)
(-1.27518e-07 -2.52168e-13 3.57264e-07)
(1.02857e-11 -1.62977e-12 -1.036e-10)
(4.8037e-11 -8.78014e-12 1.91074e-10)
(9.10338e-11 -1.56391e-11 7.14182e-10)
(1.23818e-10 -2.06155e-11 1.41299e-09)
(1.36961e-10 -2.36443e-11 2.28805e-09)
(1.24784e-10 -2.50569e-11 3.3404e-09)
(8.22983e-11 -2.52724e-11 4.5702e-09)
(4.99848e-12 -2.46812e-11 5.97682e-09)
(-1.11114e-10 -2.35913e-11 7.55859e-09)
(-2.69613e-10 -2.22224e-11 9.313e-09)
(-4.73701e-10 -2.07216e-11 1.1237e-08)
(-7.26247e-10 -1.91815e-11 1.33271e-08)
(-1.02982e-09 -1.76569e-11 1.55796e-08)
(-1.38669e-09 -1.61779e-11 1.79907e-08)
(-1.79887e-09 -1.47592e-11 2.05565e-08)
(-2.26812e-09 -1.34064e-11 2.32729e-08)
(-2.79595e-09 -1.21205e-11 2.6136e-08)
(-3.38364e-09 -1.09001e-11 2.91417e-08)
(-4.03224e-09 -9.74303e-12 3.22861e-08)
(-4.74261e-09 -8.64671e-12 3.5565e-08)
(-5.51536e-09 -7.60895e-12 3.89745e-08)
(-6.35095e-09 -6.62779e-12 4.25107e-08)
(-7.24962e-09 -5.70156e-12 4.61695e-08)
(-8.21146e-09 -4.8288e-12 4.99472e-08)
(-9.23636e-09 -4.00823e-12 5.38399e-08)
(-1.03241e-08 -3.23865e-12 5.78438e-08)
(-1.14742e-08 -2.51892e-12 6.19552e-08)
(-1.26863e-08 -1.84789e-12 6.61703e-08)
(-1.39595e-08 -1.22441e-12 7.04855e-08)
(-1.52932e-08 -6.47279e-13 7.48973e-08)
(-1.66864e-08 -1.15279e-13 7.9402e-08)
(-1.81382e-08 3.72863e-13 8.39964e-08)
(-1.96473e-08 8.18457e-13 8.86768e-08)
(-2.12127e-08 1.22285e-12 9.34401e-08)
(-2.2833e-08 1.58742e-12 9.82829e-08)
(-2.45069e-08 1.91358e-12 1.03202e-07)
(-2.62331e-08 2.20275e-12 1.08194e-07)
(-2.80099e-08 2.45641e-12 1.13257e-07)
(-2.98359e-08 2.67602e-12 1.18386e-07)
(-3.17096e-08 2.86306e-12 1.23579e-07)
(-3.36292e-08 3.01904e-12 1.28834e-07)
(-3.55933e-08 3.14546e-12 1.34146e-07)
(-3.76e-08 3.24384e-12 1.39515e-07)
(-3.96478e-08 3.31567e-12 1.44935e-07)
(-4.17349e-08 3.36249e-12 1.50407e-07)
(-4.38596e-08 3.3858e-12 1.55925e-07)
(-4.60201e-08 3.38711e-12 1.61489e-07)
(-4.82148e-08 3.36792e-12 1.67094e-07)
(-5.0442e-08 3.32972e-12 1.7274e-07)
(-5.26998e-08 3.27401e-12 1.78424e-07)
(-5.49867e-08 3.20226e-12 1.84143e-07)
(-5.7301e-08 3.11592e-12 1.89895e-07)
(-5.96409e-08 3.01645e-12 1.95678e-07)
(-6.20049e-08 2.90527e-12 2.0149e-07)
(-6.43913e-08 2.78379e-12 2.07328e-07)
(-6.67985e-08 2.65341e-12 2.13191e-07)
(-6.92251e-08 2.51548e-12 2.19077e-07)
(-7.16695e-08 2.37137e-12 2.24984e-07)
(-7.41302e-08 2.22238e-12 2.3091e-07)
(-7.66058e-08 2.06982e-12 2.36853e-07)
(-7.9095e-08 1.91494e-12 2.42812e-07)
(-8.15963e-08 1.75897e-12 2.48785e-07)
(-8.41086e-08 1.60313e-12 2.5477e-07)
(-8.66305e-08 1.44857e-12 2.60767e-07)
(-8.91609e-08 1.29643e-12 2.66773e-07)
(-9.16987e-08 1.14783e-12 2.72787e-07)
(-9.42429e-08 1.00382e-12 2.78808e-07)
(-9.67923e-08 8.65469e-13 2.84835e-07)
(-9.9346e-08 7.33799e-13 2.90866e-07)
(-1.01903e-07 6.09828e-13 2.96901e-07)
(-1.04463e-07 4.94559e-13 3.02938e-07)
(-1.07025e-07 3.88968e-13 3.08977e-07)
(-1.09588e-07 2.93962e-13 3.15017e-07)
(-1.12151e-07 2.10271e-13 3.21056e-07)
(-1.14715e-07 1.3826e-13 3.27095e-07)
(-1.17278e-07 7.76912e-14 3.33133e-07)
(-1.1984e-07 2.70187e-14 3.3917e-07)
(-1.22401e-07 -1.77672e-14 3.45204e-07)
(-1.2496e-07 -5.66976e-14 3.51236e-07)
(-1.27518e-07 -8.72917e-14 3.57265e-07)
(1.02857e-11 1.62977e-12 -1.036e-10)
(4.8037e-11 8.78014e-12 1.91074e-10)
(9.10338e-11 1.56391e-11 7.14182e-10)
(1.23818e-10 2.06155e-11 1.41299e-09)
(1.36961e-10 2.36443e-11 2.28805e-09)
(1.24784e-10 2.50569e-11 3.3404e-09)
(8.22983e-11 2.52724e-11 4.5702e-09)
(4.99848e-12 2.46812e-11 5.97682e-09)
(-1.11114e-10 2.35913e-11 7.55859e-09)
(-2.69613e-10 2.22224e-11 9.313e-09)
(-4.73701e-10 2.07216e-11 1.1237e-08)
(-7.26247e-10 1.91815e-11 1.33271e-08)
(-1.02982e-09 1.76569e-11 1.55796e-08)
(-1.38669e-09 1.61779e-11 1.79907e-08)
(-1.79887e-09 1.47592e-11 2.05565e-08)
(-2.26812e-09 1.34064e-11 2.32729e-08)
(-2.79595e-09 1.21205e-11 2.6136e-08)
(-3.38364e-09 1.09001e-11 2.91417e-08)
(-4.03224e-09 9.74302e-12 3.22861e-08)
(-4.74261e-09 8.64671e-12 3.5565e-08)
(-5.51536e-09 7.60895e-12 3.89745e-08)
(-6.35095e-09 6.62778e-12 4.25107e-08)
(-7.24962e-09 5.70155e-12 4.61695e-08)
(-8.21146e-09 4.82879e-12 4.99472e-08)
(-9.23636e-09 4.00822e-12 5.38399e-08)
(-1.03241e-08 3.23864e-12 5.78438e-08)
(-1.14742e-08 2.51891e-12 6.19552e-08)
(-1.26863e-08 1.84788e-12 6.61703e-08)
(-1.39595e-08 1.22439e-12 7.04855e-08)
(-1.52932e-08 6.47265e-13 7.48973e-08)
(-1.66864e-08 1.15263e-13 7.9402e-08)
(-1.81382e-08 -3.7288e-13 8.39964e-08)
(-1.96473e-08 -8.18475e-13 8.86768e-08)
(-2.12127e-08 -1.22287e-12 9.34401e-08)
(-2.2833e-08 -1.58744e-12 9.82829e-08)
(-2.45069e-08 -1.9136e-12 1.03202e-07)
(-2.62331e-08 -2.20278e-12 1.08194e-07)
(-2.80099e-08 -2.45644e-12 1.13257e-07)
(-2.98359e-08 -2.67605e-12 1.18386e-07)
(-3.17096e-08 -2.86309e-12 1.23579e-07)
(-3.36292e-08 -3.01907e-12 1.28834e-07)
(-3.55933e-08 -3.1455e-12 1.34146e-07)
(-3.76e-08 -3.24387e-12 1.39515e-07)
(-3.96478e-08 -3.31571e-12 1.44935e-07)
(-4.17349e-08 -3.36253e-12 1.50407e-07)
(-4.38596e-08 -3.38584e-12 1.55925e-07)
(-4.60201e-08 -3.38715e-12 1.61489e-07)
(-4.82148e-08 -3.36796e-12 1.67094e-07)
(-5.0442e-08 -3.32977e-12 1.7274e-07)
(-5.26998e-08 -3.27406e-12 1.78424e-07)
(-5.49867e-08 -3.20231e-12 1.84143e-07)
(-5.7301e-08 -3.11597e-12 1.89895e-07)
(-5.96409e-08 -3.0165e-12 1.95678e-07)
(-6.20049e-08 -2.90533e-12 2.0149e-07)
(-6.43913e-08 -2.78385e-12 2.07328e-07)
(-6.67985e-08 -2.65347e-12 2.13191e-07)
(-6.92251e-08 -2.51555e-12 2.19077e-07)
(-7.16695e-08 -2.37144e-12 2.24984e-07)
(-7.41302e-08 -2.22246e-12 2.3091e-07)
(-7.66058e-08 -2.06989e-12 2.36853e-07)
(-7.9095e-08 -1.91502e-12 2.42812e-07)
(-8.15963e-08 -1.75905e-12 2.48785e-07)
(-8.41086e-08 -1.60321e-12 2.5477e-07)
(-8.66305e-08 -1.44866e-12 2.60767e-07)
(-8.91609e-08 -1.29652e-12 2.66773e-07)
(-9.16987e-08 -1.14792e-12 2.72787e-07)
(-9.42429e-08 -1.00392e-12 2.78808e-07)
(-9.67923e-08 -8.65569e-13 2.84835e-07)
(-9.9346e-08 -7.33902e-13 2.90866e-07)
(-1.01903e-07 -6.09934e-13 2.96901e-07)
(-1.04463e-07 -4.94669e-13 3.02938e-07)
(-1.07025e-07 -3.89081e-13 3.08977e-07)
(-1.09588e-07 -2.9408e-13 3.15017e-07)
(-1.12151e-07 -2.10396e-13 3.21056e-07)
(-1.14715e-07 -1.38389e-13 3.27095e-07)
(-1.17278e-07 -7.78255e-14 3.33133e-07)
(-1.1984e-07 -2.71579e-14 3.3917e-07)
(-1.22401e-07 1.76234e-14 3.45204e-07)
(-1.2496e-07 5.65482e-14 3.51236e-07)
(-1.27518e-07 8.71384e-14 3.57265e-07)
(1.09427e-11 3.92675e-12 -1.02173e-10)
(5.06568e-11 2.58873e-11 1.75364e-10)
(9.57997e-11 4.70378e-11 6.7856e-10)
(1.31017e-10 6.20475e-11 1.36163e-09)
(1.46923e-10 7.09341e-11 2.22553e-09)
(1.37623e-10 7.49038e-11 3.27043e-09)
(9.79334e-11 7.53156e-11 4.49557e-09)
(2.32202e-11 7.33723e-11 5.89955e-09)
(-9.05822e-11 6.9995e-11 7.48013e-09)
(-2.47066e-10 6.58301e-11 9.23435e-09)
(-4.49423e-10 6.13042e-11 1.11588e-08)
(-7.00497e-10 5.66834e-11 1.32499e-08)
(-1.00282e-09 5.21233e-11 1.55037e-08)
(-1.35864e-09 4.77083e-11 1.79163e-08)
(-1.76994e-09 4.34787e-11 2.04837e-08)
(-2.23846e-09 3.94494e-11 2.32019e-08)
(-2.76569e-09 3.56218e-11 2.60667e-08)
(-3.3529e-09 3.1991e-11 2.90743e-08)
(-4.00114e-09 2.85498e-11 3.22204e-08)
(-4.71124e-09 2.52907e-11 3.55012e-08)
(-5.48383e-09 2.22066e-11 3.89125e-08)
(-6.31933e-09 1.92918e-11 4.24505e-08)
(-7.21801e-09 1.65412e-11 4.61112e-08)
(-8.17993e-09 1.39503e-11 4.98907e-08)
(-9.20499e-09 1.15152e-11 5.37851e-08)
(-1.0293e-08 9.2324e-12 5.77908e-08)
(-1.14434e-08 7.09833e-12 6.19038e-08)
(-1.26558e-08 5.10956e-12 6.61206e-08)
(-1.39295e-08 3.2626e-12 7.04375e-08)
(-1.52636e-08 1.55388e-12 7.4851e-08)
(-1.66574e-08 -2.03155e-14 7.93574e-08)
(-1.81097e-08 -1.46378e-12 8.39533e-08)
(-1.96194e-08 -2.78045e-12 8.86353e-08)
(-2.11855e-08 -3.97436e-12 9.34002e-08)
(-2.28065e-08 -5.04963e-12 9.82445e-08)
(-2.44811e-08 -6.01049e-12 1.03165e-07)
(-2.6208e-08 -6.86122e-12 1.08159e-07)
(-2.79856e-08 -7.60618e-12 1.13222e-07)
(-2.98124e-08 -8.24977e-12 1.18353e-07)
(-3.16868e-08 -8.79643e-12 1.23548e-07)
(-3.36073e-08 -9.25063e-12 1.28804e-07)
(-3.55722e-08 -9.61687e-12 1.34118e-07)
(-3.75798e-08 -9.89967e-12 1.39487e-07)
(-3.96284e-08 -1.01035e-11 1.44909e-07)
(-4.17163e-08 -1.0233e-11 1.50382e-07)
(-4.38419e-08 -1.02925e-11 1.55901e-07)
(-4.60033e-08 -1.02867e-11 1.61466e-07)
(-4.81989e-08 -1.022e-11 1.67073e-07)
(-5.04268e-08 -1.00968e-11 1.7272e-07)
(-5.26855e-08 -9.92158e-12 1.78405e-07)
(-5.49733e-08 -9.69876e-12 1.84125e-07)
(-5.72883e-08 -9.43268e-12 1.89878e-07)
(-5.9629e-08 -9.12765e-12 1.95662e-07)
(-6.19938e-08 -8.78794e-12 2.01475e-07)
(-6.4381e-08 -8.41776e-12 2.07314e-07)
(-6.6789e-08 -8.02124e-12 2.13178e-07)
(-6.92163e-08 -7.60249e-12 2.19065e-07)
(-7.16614e-08 -7.16551e-12 2.24973e-07)
(-7.41228e-08 -6.71423e-12 2.309e-07)
(-7.6599e-08 -6.2525e-12 2.36844e-07)
(-7.90888e-08 -5.78411e-12 2.42803e-07)
(-8.15908e-08 -5.31272e-12 2.48777e-07)
(-8.41036e-08 -4.84192e-12 2.54763e-07)
(-8.66261e-08 -4.37519e-12 2.6076e-07)
(-8.91571e-08 -3.91591e-12 2.66767e-07)
(-9.16954e-08 -3.46737e-12 2.72782e-07)
(-9.424e-08 -3.03278e-12 2.78803e-07)
(-9.67898e-08 -2.61525e-12 2.8483e-07)
(-9.9344e-08 -2.21784e-12 2.90862e-07)
(-1.01902e-07 -1.84357e-12 2.96898e-07)
(-1.04462e-07 -1.49542e-12 3.02935e-07)
(-1.07024e-07 -1.17632e-12 3.08975e-07)
(-1.09587e-07 -8.89003e-13 3.15015e-07)
(-1.12151e-07 -6.35747e-13 3.21055e-07)
(-1.14715e-07 -4.17732e-13 3.27094e-07)
(-1.17278e-07 -2.34229e-13 3.33132e-07)
(-1.1984e-07 -8.0157e-14 3.39169e-07)
(-1.22401e-07 5.83287e-14 3.45203e-07)
(-1.24961e-07 1.80449e-13 3.51235e-07)
(-1.27518e-07 2.52015e-13 3.57264e-07)
(1.17753e-11 3.99893e-12 -9.90255e-11)
(5.46831e-11 4.21436e-11 1.36214e-10)
(1.04033e-10 7.85622e-11 5.95068e-10)
(1.44571e-10 1.0342e-10 1.2465e-09)
(1.66655e-10 1.17493e-10 2.08985e-09)
(1.63685e-10 1.23293e-10 3.12193e-09)
(1.29975e-10 1.23311e-10 4.33962e-09)
(6.06394e-11 1.1961e-10 5.73985e-09)
(-4.84732e-11 1.13704e-10 7.31919e-09)
(-2.00941e-10 1.06626e-10 9.07388e-09)
(-3.99892e-10 9.90435e-11 1.1e-08)
(-6.4809e-10 9.13664e-11 1.30934e-08)
(-9.47987e-10 8.38298e-11 1.53501e-08)
(-1.30177e-09 7.65582e-11 1.7766e-08)
(-1.71136e-09 6.96082e-11 2.03368e-08)
(-2.17846e-09 6.29985e-11 2.30586e-08)
(-2.70453e-09 5.67278e-11 2.59271e-08)
(-3.29082e-09 5.07855e-11 2.89383e-08)
(-3.93835e-09 4.51584e-11 3.20882e-08)
(-4.64794e-09 3.98332e-11 3.53726e-08)
(-5.4202e-09 3.4798e-11 3.87877e-08)
(-6.25557e-09 3.00425e-11 4.23293e-08)
(-7.15428e-09 2.55582e-11 4.59937e-08)
(-8.11638e-09 2.13374e-11 4.97768e-08)
(-9.14179e-09 1.73736e-11 5.36748e-08)
(-1.02302e-08 1.36607e-11 5.7684e-08)
(-1.13813e-08 1.01927e-11 6.18005e-08)
(-1.25944e-08 6.96387e-12 6.60208e-08)
(-1.3869e-08 3.96836e-12 7.03411e-08)
(-1.52041e-08 1.20015e-12 7.47578e-08)
(-1.65989e-08 -1.34691e-12 7.92675e-08)
(-1.80524e-08 -3.67916e-12 8.38667e-08)
(-1.95634e-08 -5.80312e-12 8.85519e-08)
(-2.11307e-08 -7.72548e-12 9.33198e-08)
(-2.27531e-08 -9.45308e-12 9.81672e-08)
(-2.44292e-08 -1.09929e-11 1.03091e-07)
(-2.61576e-08 -1.2352e-11 1.08087e-07)
(-2.79367e-08 -1.35376e-11 1.13154e-07)
(-2.97651e-08 -1.4557e-11 1.18288e-07)
(-3.16412e-08 -1.54175e-11 1.23485e-07)
(-3.35634e-08 -1.61265e-11 1.28744e-07)
(-3.55299e-08 -1.66913e-11 1.3406e-07)
(-3.75392e-08 -1.71196e-11 1.39432e-07)
(-3.95895e-08 -1.74186e-11 1.44857e-07)
(-4.16792e-08 -1.75958e-11 1.50332e-07)
(-4.38065e-08 -1.76588e-11 1.55854e-07)
(-4.59696e-08 -1.76148e-11 1.61421e-07)
(-4.81669e-08 -1.74713e-11 1.67031e-07)
(-5.03965e-08 -1.72357e-11 1.7268e-07)
(-5.26569e-08 -1.69153e-11 1.78367e-07)
(-5.49463e-08 -1.65172e-11 1.84089e-07)
(-5.7263e-08 -1.60487e-11 1.89844e-07)
(-5.96053e-08 -1.55169e-11 1.9563e-07)
(-6.19717e-08 -1.49288e-11 2.01445e-07)
(-6.43604e-08 -1.42913e-11 2.07286e-07)
(-6.67699e-08 -1.36113e-11 2.13152e-07)
(-6.91987e-08 -1.28954e-11 2.19041e-07)
(-7.16452e-08 -1.21504e-11 2.2495e-07)
(-7.41079e-08 -1.13826e-11 2.30879e-07)
(-7.65856e-08 -1.05984e-11 2.36825e-07)
(-7.90766e-08 -9.80397e-12 2.42786e-07)
(-8.15798e-08 -9.00543e-12 2.48761e-07)
(-8.40938e-08 -8.20865e-12 2.54749e-07)
(-8.66174e-08 -7.41934e-12 2.60747e-07)
(-8.91495e-08 -6.64308e-12 2.66755e-07)
(-9.16888e-08 -5.88525e-12 2.72771e-07)
(-9.42343e-08 -5.15112e-12 2.78794e-07)
(-9.6785e-08 -4.44578e-12 2.84822e-07)
(-9.934e-08 -3.77424e-12 2.90855e-07)
(-1.01898e-07 -3.14144e-12 2.96891e-07)
(-1.04459e-07 -2.55225e-12 3.0293e-07)
(-1.07022e-07 -2.0115e-12 3.0897e-07)
(-1.09586e-07 -1.52381e-12 3.15011e-07)
(-1.1215e-07 -1.09315e-12 3.21052e-07)
(-1.14714e-07 -7.21627e-13 3.27092e-07)
(-1.17278e-07 -4.07844e-13 3.3313e-07)
(-1.1984e-07 -1.4302e-13 3.39167e-07)
(-1.22401e-07 1.01512e-13 3.45202e-07)
(-1.24961e-07 3.43776e-13 3.51234e-07)
(-1.27518e-07 4.41374e-13 3.57263e-07)
(9.01675e-12 5.70116e-13 -1.24929e-10)
(5.42596e-11 5.23441e-11 1.86341e-11)
(1.1058e-10 1.03898e-10 4.18059e-10)
(1.61795e-10 1.36936e-10 1.03473e-09)
(1.95775e-10 1.54152e-10 1.85724e-09)
(2.04088e-10 1.60322e-10 2.87751e-09)
(1.8033e-10 1.59156e-10 4.0895e-09)
(1.19469e-10 1.53405e-10 5.48811e-09)
(1.74513e-11 1.45002e-10 7.06851e-09)
(-1.29112e-10 1.35238e-10 8.826e-09)
(-3.23144e-10 1.24937e-10 1.0756e-08)
(-5.67228e-10 1.14598e-10 1.28541e-08)
(-8.63671e-10 1.04505e-10 1.51159e-08)
(-1.21455e-09 9.48053e-11 1.75372e-08)
(-1.6217e-09 8.55613e-11 2.01136e-08)
(-2.08677e-09 7.67907e-11 2.2841e-08)
(-2.61118e-09 6.84867e-11 2.57152e-08)
(-3.19615e-09 6.06324e-11 2.87321e-08)
(-3.84267e-09 5.32078e-11 3.18877e-08)
(-4.55155e-09 4.61936e-11 3.51779e-08)
(-5.3234e-09 3.95729e-11 3.85986e-08)
(-6.15861e-09 3.33311e-11 4.21458e-08)
(-7.05741e-09 2.7456e-11 4.58157e-08)
(-8.01986e-09 2.1937e-11 4.96043e-08)
(-9.04583e-09 1.67647e-11 5.35078e-08)
(-1.0135e-08 1.19306e-11 5.75224e-08)
(-1.12871e-08 7.42642e-12 6.16442e-08)
(-1.25014e-08 3.24415e-12 6.58697e-08)
(-1.37773e-08 -6.24325e-13 7.01951e-08)
(-1.51139e-08 -4.18723e-12 7.4617e-08)
(-1.65104e-08 -7.45299e-12 7.91316e-08)
(-1.79656e-08 -1.04303e-11 8.37357e-08)
(-1.94786e-08 -1.3128e-11 8.84257e-08)
(-2.10479e-08 -1.55551e-11 9.31984e-08)
(-2.26725e-08 -1.77211e-11 9.80504e-08)
(-2.43508e-08 -1.96354e-11 1.02979e-07)
(-2.60814e-08 -2.13075e-11 1.0798e-07)
(-2.7863e-08 -2.27473e-11 1.13051e-07)
(-2.96938e-08 -2.39646e-11 1.18189e-07)
(-3.15724e-08 -2.49694e-11 1.2339e-07)
(-3.34971e-08 -2.57717e-11 1.28653e-07)
(-3.54662e-08 -2.63814e-11 1.33974e-07)
(-3.74781e-08 -2.68089e-11 1.3935e-07)
(-3.9531e-08 -2.7064e-11 1.44778e-07)
(-4.16233e-08 -2.7157e-11 1.50257e-07)
(-4.37532e-08 -2.70979e-11 1.55783e-07)
(-4.59189e-08 -2.68968e-11 1.61353e-07)
(-4.81188e-08 -2.65638e-11 1.66966e-07)
(-5.0351e-08 -2.61087e-11 1.72619e-07)
(-5.2614e-08 -2.55415e-11 1.78309e-07)
(-5.49059e-08 -2.48721e-11 1.84035e-07)
(-5.72251e-08 -2.41101e-11 1.89793e-07)
(-5.95698e-08 -2.32653e-11 1.95582e-07)
(-6.19386e-08 -2.2347e-11 2.014e-07)
(-6.43296e-08 -2.13648e-11 2.07244e-07)
(-6.67414e-08 -2.03279e-11 2.13113e-07)
(-6.91724e-08 -1.92454e-11 2.19005e-07)
(-7.16211e-08 -1.81262e-11 2.24917e-07)
(-7.40859e-08 -1.69793e-11 2.30848e-07)
(-7.65656e-08 -1.5813e-11 2.36796e-07)
(-7.90586e-08 -1.46359e-11 2.4276e-07)
(-8.15636e-08 -1.34562e-11 2.48737e-07)
(-8.40794e-08 -1.22819e-11 2.54727e-07)
(-8.66047e-08 -1.11207e-11 2.60728e-07)
(-8.91383e-08 -9.98013e-12 2.66738e-07)
(-9.16791e-08 -8.86755e-12 2.72755e-07)
(-9.4226e-08 -7.79003e-12 2.7878e-07)
(-9.67781e-08 -6.75445e-12 2.8481e-07)
(-9.93343e-08 -5.76757e-12 2.90845e-07)
(-1.01894e-07 -4.836e-12 2.96882e-07)
(-1.04456e-07 -3.96632e-12 3.02922e-07)
(-1.07019e-07 -3.16508e-12 3.08964e-07)
(-1.09584e-07 -2.43874e-12 3.15006e-07)
(-1.12149e-07 -1.7932e-12 3.21047e-07)
(-1.14713e-07 -1.23249e-12 3.27088e-07)
(-1.17278e-07 -7.56428e-13 3.33128e-07)
(-1.19841e-07 -3.51264e-13 3.39165e-07)
(-1.22402e-07 4.68729e-14 3.452e-07)
(-1.24962e-07 4.95088e-13 3.51233e-07)
(-1.27519e-07 4.6073e-13 3.57262e-07)
(-8.67936e-11 -1.97853e-10 -1.4353e-10)
(-2.11092e-10 -3.44774e-10 -2.91806e-11)
(-3.40096e-10 -4.07666e-10 3.41087e-10)
(-4.73229e-10 -4.44821e-10 9.30544e-10)
(-6.20719e-10 -4.64199e-10 1.72782e-09)
(-7.91705e-10 -4.6984e-10 2.72321e-09)
(-9.92663e-10 -4.66081e-10 3.90908e-09)
(-1.22846e-09 -4.56447e-10 5.27918e-09)
(-1.50289e-09 -4.4346e-10 6.828e-09)
(-1.81902e-09 -4.2878e-10 8.55059e-09)
(-2.17948e-09 -4.13425e-10 1.04424e-08)
(-2.58663e-09 -3.9798e-10 1.24991e-08)
(-3.04261e-09 -3.82758e-10 1.47167e-08)
(-3.54936e-09 -3.67906e-10 1.7091e-08)
(-4.10866e-09 -3.5348e-10 1.96183e-08)
(-4.7221e-09 -3.39486e-10 2.22945e-08)
(-5.39107e-09 -3.2591e-10 2.51159e-08)
(-6.11677e-09 -3.1273e-10 2.80785e-08)
(-6.90021e-09 -2.99927e-10 3.11785e-08)
(-7.7422e-09 -2.87483e-10 3.44121e-08)
(-8.64336e-09 -2.75382e-10 3.77754e-08)
(-9.60411e-09 -2.63616e-10 4.12648e-08)
(-1.06247e-08 -2.52178e-10 4.48763e-08)
(-1.17052e-08 -2.41062e-10 4.86064e-08)
(-1.28456e-08 -2.30265e-10 5.24513e-08)
(-1.40456e-08 -2.19784e-10 5.64074e-08)
(-1.53048e-08 -2.09617e-10 6.0471e-08)
(-1.66227e-08 -1.9976e-10 6.46386e-08)
(-1.79986e-08 -1.90212e-10 6.89067e-08)
(-1.94318e-08 -1.8097e-10 7.32718e-08)
(-2.09215e-08 -1.7203e-10 7.77305e-08)
(-2.24666e-08 -1.6339e-10 8.22795e-08)
(-2.4066e-08 -1.55045e-10 8.69154e-08)
(-2.57187e-08 -1.4699e-10 9.1635e-08)
(-2.74233e-08 -1.39223e-10 9.6435e-08)
(-2.91785e-08 -1.31738e-10 1.01312e-07)
(-3.0983e-08 -1.2453e-10 1.06264e-07)
(-3.28353e-08 -1.17594e-10 1.11287e-07)
(-3.4734e-08 -1.10925e-10 1.16378e-07)
(-3.66776e-08 -1.04517e-10 1.21534e-07)
(-3.86643e-08 -9.83647e-11 1.26753e-07)
(-4.06927e-08 -9.24624e-11 1.32031e-07)
(-4.27612e-08 -8.68044e-11 1.37366e-07)
(-4.4868e-08 -8.13846e-11 1.42755e-07)
(-4.70116e-08 -7.61972e-11 1.48196e-07)
(-4.91901e-08 -7.12361e-11 1.53686e-07)
(-5.14021e-08 -6.64955e-11 1.59222e-07)
(-5.36458e-08 -6.19693e-11 1.64802e-07)
(-5.59194e-08 -5.76514e-11 1.70423e-07)
(-5.82215e-08 -5.35361e-11 1.76083e-07)
(-6.05502e-08 -4.96173e-11 1.81781e-07)
(-6.2904e-08 -4.58891e-11 1.87512e-07)
(-6.52813e-08 -4.23459e-11 1.93276e-07)
(-6.76805e-08 -3.89819e-11 1.9907e-07)
(-7.00999e-08 -3.57915e-11 2.04892e-07)
(-7.25382e-08 -3.27693e-11 2.1074e-07)
(-7.49938e-08 -2.99097e-11 2.16612e-07)
(-7.74652e-08 -2.72078e-11 2.22507e-07)
(-7.99511e-08 -2.46583e-11 2.28421e-07)
(-8.245e-08 -2.22564e-11 2.34354e-07)
(-8.49607e-08 -1.99973e-11 2.40304e-07)
(-8.74818e-08 -1.78767e-11 2.46268e-07)
(-9.00122e-08 -1.58901e-11 2.52246e-07)
(-9.25507e-08 -1.40335e-11 2.58237e-07)
(-9.50961e-08 -1.23032e-11 2.64237e-07)
(-9.76475e-08 -1.06956e-11 2.70246e-07)
(-1.00204e-07 -9.20753e-12 2.76264e-07)
(-1.02764e-07 -7.83608e-12 2.82287e-07)
(-1.05327e-07 -6.57865e-12 2.88316e-07)
(-1.07893e-07 -5.43296e-12 2.94349e-07)
(-1.1046e-07 -4.39688e-12 3.00384e-07)
(-1.13028e-07 -3.46835e-12 3.06422e-07)
(-1.15596e-07 -2.64491e-12 3.12461e-07)
(-1.18164e-07 -1.92305e-12 3.18501e-07)
(-1.20731e-07 -1.29694e-12 3.24539e-07)
(-1.23297e-07 -7.55069e-13 3.30577e-07)
(-1.25861e-07 -2.78098e-13 3.36614e-07)
(-1.28423e-07 1.46488e-13 3.42648e-07)
(-1.30984e-07 5.95005e-13 3.4868e-07)
(-1.33541e-07 1.68984e-12 3.54709e-07)
(-4.13258e-11 -1.06925e-10 -1.01384e-10)
(-1.7164e-10 -2.22541e-10 1.05854e-10)
(-3.21526e-10 -2.86237e-10 5.30344e-10)
(-4.7507e-10 -3.22174e-10 1.15007e-09)
(-6.40745e-10 -3.40181e-10 1.96447e-09)
(-8.27361e-10 -3.46093e-10 2.96857e-09)
(-1.04122e-09 -3.44152e-10 4.15769e-09)
(-1.2874e-09 -3.37391e-10 5.52757e-09)
(-1.57011e-09 -3.279e-10 7.07402e-09)
(-1.89284e-09 -3.17035e-10 8.79292e-09)
(-2.25862e-09 -3.0562e-10 1.06802e-08)
(-2.6701e-09 -2.94129e-10 1.2732e-08)
(-3.12963e-09 -2.82807e-10 1.49442e-08)
(-3.63932e-09 -2.71772e-10 1.73131e-08)
(-4.20106e-09 -2.61063e-10 1.98348e-08)
(-4.8165e-09 -2.50685e-10 2.25054e-08)
(-5.48711e-09 -2.40624e-10 2.53211e-08)
(-6.2141e-09 -2.30863e-10 2.8278e-08)
(-6.99852e-09 -2.21384e-10 3.13723e-08)
(-7.84118e-09 -2.12174e-10 3.46003e-08)
(-8.74273e-09 -2.03221e-10 3.79581e-08)
(-9.70361e-09 -1.94517e-10 4.14419e-08)
(-1.07241e-08 -1.86057e-10 4.50479e-08)
(-1.18042e-08 -1.77838e-10 4.87726e-08)
(-1.2944e-08 -1.69856e-10 5.26121e-08)
(-1.41432e-08 -1.62109e-10 5.65628e-08)
(-1.54014e-08 -1.54596e-10 6.06212e-08)
(-1.67181e-08 -1.47314e-10 6.47837e-08)
(-1.80926e-08 -1.40262e-10 6.90467e-08)
(-1.95244e-08 -1.33438e-10 7.34068e-08)
(-2.10123e-08 -1.26838e-10 7.78606e-08)
(-2.25556e-08 -1.20462e-10 8.24048e-08)
(-2.41531e-08 -1.14304e-10 8.70359e-08)
(-2.58037e-08 -1.08363e-10 9.17509e-08)
(-2.75061e-08 -1.02636e-10 9.65463e-08)
(-2.92591e-08 -9.71173e-11 1.01419e-07)
(-3.10613e-08 -9.18047e-11 1.06366e-07)
(-3.29112e-08 -8.6694e-11 1.11385e-07)
(-3.48075e-08 -8.17812e-11 1.16472e-07)
(-3.67485e-08 -7.70621e-11 1.21624e-07)
(-3.87327e-08 -7.25324e-11 1.26839e-07)
(-4.07585e-08 -6.81878e-11 1.32113e-07)
(-4.28244e-08 -6.40241e-11 1.37444e-07)
(-4.49286e-08 -6.00366e-11 1.4283e-07)
(-4.70695e-08 -5.6221e-11 1.48267e-07)
(-4.92454e-08 -5.25727e-11 1.53753e-07)
(-5.14548e-08 -4.90873e-11 1.59285e-07)
(-5.36958e-08 -4.57602e-11 1.64862e-07)
(-5.59669e-08 -4.25869e-11 1.7048e-07)
(-5.82663e-08 -3.95629e-11 1.76137e-07)
(-6.05925e-08 -3.66839e-11 1.81831e-07)
(-6.29438e-08 -3.39453e-11 1.87559e-07)
(-6.53186e-08 -3.13428e-11 1.9332e-07)
(-6.77153e-08 -2.88722e-11 1.99112e-07)
(-7.01325e-08 -2.65293e-11 2.04931e-07)
(-7.25684e-08 -2.43098e-11 2.10776e-07)
(-7.50217e-08 -2.22098e-11 2.16646e-07)
(-7.74909e-08 -2.02254e-11 2.22537e-07)
(-7.99747e-08 -1.83527e-11 2.28449e-07)
(-8.24715e-08 -1.6588e-11 2.3438e-07)
(-8.49802e-08 -1.49278e-11 2.40327e-07)
(-8.74995e-08 -1.33687e-11 2.4629e-07)
(-9.00281e-08 -1.19074e-11 2.52266e-07)
(-9.25648e-08 -1.05409e-11 2.58254e-07)
(-9.51086e-08 -9.26638e-12 2.64252e-07)
(-9.76583e-08 -8.0811e-12 2.7026e-07)
(-1.00213e-07 -6.98267e-12 2.76276e-07)
(-1.02772e-07 -5.96892e-12 2.82298e-07)
(-1.05334e-07 -5.03792e-12 2.88325e-07)
(-1.07898e-07 -4.18795e-12 2.94356e-07)
(-1.10464e-07 -3.41749e-12 3.00391e-07)
(-1.13031e-07 -2.72502e-12 3.06427e-07)
(-1.15599e-07 -2.10877e-12 3.12465e-07)
(-1.18166e-07 -1.56619e-12 3.18504e-07)
(-1.20732e-07 -1.09311e-12 3.24542e-07)
(-1.23297e-07 -6.81591e-13 3.30579e-07)
(-1.25861e-07 -3.17547e-13 3.36615e-07)
(-1.28423e-07 1.50026e-14 3.42649e-07)
(-1.30983e-07 3.64805e-13 3.48681e-07)
(-1.33541e-07 9.19429e-13 3.54709e-07)
(-3.22788e-11 -5.51105e-11 -9.7424e-11)
(-1.55523e-10 -1.25513e-10 1.56322e-10)
(-3.11341e-10 -1.67338e-10 6.24834e-10)
(-4.75545e-10 -1.91826e-10 1.27432e-09)
(-6.52034e-10 -2.04578e-10 2.10725e-09)
(-8.48444e-10 -2.09262e-10 3.12236e-09)
(-1.07078e-09 -2.08695e-10 4.31738e-09)
(-1.32409e-09 -2.04914e-10 5.68975e-09)
(-1.61267e-09 -1.99305e-10 7.23644e-09)
(-1.94021e-09 -1.92764e-10 8.95409e-09)
(-2.30989e-09 -1.85838e-10 1.08392e-08)
(-2.72455e-09 -1.78841e-10 1.28881e-08)
(-3.18669e-09 -1.71938e-10 1.50971e-08)
(-3.69852e-09 -1.65206e-10 1.74625e-08)
(-4.26201e-09 -1.58674e-10 1.99806e-08)
(-4.87889e-09 -1.52345e-10 2.26474e-08)
(-5.55065e-09 -1.46212e-10 2.54593e-08)
(-6.27856e-09 -1.40263e-10 2.84125e-08)
(-7.06366e-09 -1.34488e-10 3.1503e-08)
(-7.9068e-09 -1.28878e-10 3.47272e-08)
(-8.80864e-09 -1.23425e-10 3.80812e-08)
(-9.76962e-09 -1.18125e-10 4.15612e-08)
(-1.079e-08 -1.12975e-10 4.51636e-08)
(-1.187e-08 -1.07971e-10 4.88845e-08)
(-1.30093e-08 -1.03112e-10 5.27204e-08)
(-1.4208e-08 -9.83972e-11 5.66676e-08)
(-1.54655e-08 -9.38252e-11 6.07224e-08)
(-1.67814e-08 -8.93948e-11 6.48814e-08)
(-1.81551e-08 -8.51049e-11 6.9141e-08)
(-1.95858e-08 -8.09541e-11 7.34978e-08)
(-2.10727e-08 -7.6941e-11 7.79483e-08)
(-2.26148e-08 -7.30639e-11 8.24892e-08)
(-2.4211e-08 -6.93211e-11 8.71171e-08)
(-2.58602e-08 -6.57105e-11 9.18289e-08)
(-2.75612e-08 -6.22301e-11 9.66213e-08)
(-2.93127e-08 -5.88777e-11 1.01491e-07)
(-3.11134e-08 -5.56509e-11 1.06435e-07)
(-3.29617e-08 -5.25475e-11 1.11451e-07)
(-3.48563e-08 -4.95648e-11 1.16535e-07)
(-3.67957e-08 -4.67003e-11 1.21685e-07)
(-3.87782e-08 -4.39515e-11 1.26896e-07)
(-4.08023e-08 -4.13156e-11 1.32168e-07)
(-4.28664e-08 -3.87899e-11 1.37497e-07)
(-4.49689e-08 -3.63717e-11 1.4288e-07)
(-4.7108e-08 -3.40583e-11 1.48315e-07)
(-4.92822e-08 -3.18468e-11 1.53798e-07)
(-5.14898e-08 -2.97345e-11 1.59328e-07)
(-5.37291e-08 -2.77185e-11 1.64902e-07)
(-5.59985e-08 -2.57963e-11 1.70518e-07)
(-5.82962e-08 -2.39648e-11 1.76173e-07)
(-6.06207e-08 -2.22216e-11 1.81865e-07)
(-6.29703e-08 -2.05637e-11 1.87591e-07)
(-6.53435e-08 -1.89885e-11 1.9335e-07)
(-6.77386e-08 -1.74935e-11 1.9914e-07)
(-7.01542e-08 -1.6076e-11 2.04957e-07)
(-7.25886e-08 -1.47334e-11 2.108e-07)
(-7.50404e-08 -1.34633e-11 2.16668e-07)
(-7.75082e-08 -1.22633e-11 2.22558e-07)
(-7.99905e-08 -1.1131e-11 2.28468e-07)
(-8.2486e-08 -1.00642e-11 2.34397e-07)
(-8.49934e-08 -9.06058e-12 2.40343e-07)
(-8.75114e-08 -8.11815e-12 2.46304e-07)
(-9.00387e-08 -7.23488e-12 2.52279e-07)
(-9.25743e-08 -6.40892e-12 2.58266e-07)
(-9.5117e-08 -5.63848e-12 2.64263e-07)
(-9.76657e-08 -4.92195e-12 2.7027e-07)
(-1.0022e-07 -4.25785e-12 2.76284e-07)
(-1.02777e-07 -3.64485e-12 2.82305e-07)
(-1.05339e-07 -3.08176e-12 2.88331e-07)
(-1.07902e-07 -2.56756e-12 2.94362e-07)
(-1.10468e-07 -2.10132e-12 3.00395e-07)
(-1.13034e-07 -1.6821e-12 3.06431e-07)
(-1.156e-07 -1.30881e-12 3.12469e-07)
(-1.18167e-07 -9.79866e-13 3.18506e-07)
(-1.20733e-07 -6.92615e-13 3.24544e-07)
(-1.23298e-07 -4.42198e-13 3.30581e-07)
(-1.25861e-07 -2.21117e-13 3.36616e-07)
(-1.28423e-07 -2.03432e-14 3.4265e-07)
(-1.30983e-07 1.91877e-13 3.48681e-07)
(-1.33541e-07 4.67698e-13 3.5471e-07)
(-2.97636e-11 -1.67434e-11 -9.56133e-11)
(-1.50383e-10 -3.99069e-11 1.77664e-10)
(-3.08261e-10 -5.45645e-11 6.66476e-10)
(-4.76565e-10 -6.33919e-11 1.33114e-09)
(-6.57628e-10 -6.80791e-11 2.17443e-09)
(-8.58493e-10 -6.98994e-11 3.19621e-09)
(-1.08488e-09 -6.98547e-11 4.39518e-09)
(-1.34172e-09 -6.8667e-11 5.76957e-09)
(-1.6333e-09 -6.6827e-11 7.31693e-09)
(-1.96331e-09 -6.46517e-11 9.03435e-09)
(-2.33505e-09 -6.23346e-11 1.09186e-08)
(-2.75138e-09 -5.99871e-11 1.29663e-08)
(-3.21489e-09 -5.76684e-11 1.51738e-08)
(-3.72785e-09 -5.54064e-11 1.75375e-08)
(-4.29226e-09 -5.32115e-11 2.00538e-08)
(-4.9099e-09 -5.10853e-11 2.27188e-08)
(-5.58226e-09 -4.90252e-11 2.55289e-08)
(-6.31063e-09 -4.70274e-11 2.84801e-08)
(-7.09609e-09 -4.50883e-11 3.15687e-08)
(-7.93949e-09 -4.32047e-11 3.4791e-08)
(-8.84147e-09 -4.13742e-11 3.81431e-08)
(-9.80252e-09 -3.95952e-11 4.16213e-08)
(-1.08229e-08 -3.78663e-11 4.52217e-08)
(-1.19027e-08 -3.61869e-11 4.89409e-08)
(-1.30419e-08 -3.45563e-11 5.27749e-08)
(-1.42403e-08 -3.2974e-11 5.67203e-08)
(-1.54975e-08 -3.14398e-11 6.07734e-08)
(-1.6813e-08 -2.99533e-11 6.49306e-08)
(-1.81863e-08 -2.85139e-11 6.91885e-08)
(-1.96165e-08 -2.71214e-11 7.35435e-08)
(-2.11028e-08 -2.57752e-11 7.79924e-08)
(-2.26443e-08 -2.44747e-11 8.25316e-08)
(-2.42399e-08 -2.32194e-11 8.7158e-08)
(-2.58884e-08 -2.20085e-11 9.18682e-08)
(-2.75887e-08 -2.08415e-11 9.66591e-08)
(-2.93395e-08 -1.97174e-11 1.01527e-07)
(-3.11394e-08 -1.86357e-11 1.0647e-07)
(-3.29869e-08 -1.75953e-11 1.11484e-07)
(-3.48807e-08 -1.65956e-11 1.16567e-07)
(-3.68192e-08 -1.56356e-11 1.21715e-07)
(-3.88009e-08 -1.47145e-11 1.26926e-07)
(-4.08242e-08 -1.38313e-11 1.32196e-07)
(-4.28874e-08 -1.29851e-11 1.37523e-07)
(-4.4989e-08 -1.21751e-11 1.42905e-07)
(-4.71273e-08 -1.14002e-11 1.48339e-07)
(-4.93006e-08 -1.06596e-11 1.53821e-07)
(-5.15074e-08 -9.95225e-12 1.5935e-07)
(-5.37458e-08 -9.27729e-12 1.64923e-07)
(-5.60143e-08 -8.63375e-12 1.70538e-07)
(-5.83112e-08 -8.02071e-12 1.76191e-07)
(-6.06348e-08 -7.43724e-12 1.81882e-07)
(-6.29836e-08 -6.88243e-12 1.87608e-07)
(-6.5356e-08 -6.35536e-12 1.93366e-07)
(-6.77503e-08 -5.85516e-12 1.99154e-07)
(-7.0165e-08 -5.38095e-12 2.0497e-07)
(-7.25987e-08 -4.93186e-12 2.10813e-07)
(-7.50497e-08 -4.50706e-12 2.1668e-07)
(-7.75168e-08 -4.10574e-12 2.22569e-07)
(-7.99984e-08 -3.7271e-12 2.28478e-07)
(-8.24932e-08 -3.37037e-12 2.34406e-07)
(-8.5e-08 -3.03482e-12 2.40351e-07)
(-8.75173e-08 -2.71974e-12 2.46312e-07)
(-9.00441e-08 -2.42446e-12 2.52286e-07)
(-9.25791e-08 -2.14835e-12 2.58272e-07)
(-9.51212e-08 -1.8908e-12 2.64269e-07)
(-9.76694e-08 -1.65128e-12 2.70274e-07)
(-1.00223e-07 -1.42929e-12 2.76288e-07)
(-1.0278e-07 -1.22438e-12 2.82309e-07)
(-1.05341e-07 -1.03615e-12 2.88334e-07)
(-1.07904e-07 -8.64265e-13 2.94364e-07)
(-1.10469e-07 -7.08405e-13 3.00398e-07)
(-1.13035e-07 -5.68259e-13 3.06433e-07)
(-1.15601e-07 -4.43448e-13 3.1247e-07)
(-1.18168e-07 -3.33426e-13 3.18508e-07)
(-1.20733e-07 -2.37277e-13 3.24545e-07)
(-1.23298e-07 -1.53354e-13 3.30582e-07)
(-1.25861e-07 -7.92177e-14 3.36617e-07)
(-1.28423e-07 -1.20281e-14 3.42651e-07)
(-1.30983e-07 5.70594e-14 3.48682e-07)
(-1.33541e-07 1.35933e-13 3.54711e-07)
(-2.97636e-11 1.67434e-11 -9.56133e-11)
(-1.50383e-10 3.99069e-11 1.77664e-10)
(-3.08261e-10 5.45645e-11 6.66476e-10)
(-4.76565e-10 6.33919e-11 1.33114e-09)
(-6.57628e-10 6.80791e-11 2.17443e-09)
(-8.58493e-10 6.98994e-11 3.19621e-09)
(-1.08488e-09 6.98547e-11 4.39518e-09)
(-1.34172e-09 6.8667e-11 5.76957e-09)
(-1.6333e-09 6.6827e-11 7.31693e-09)
(-1.96331e-09 6.46517e-11 9.03435e-09)
(-2.33505e-09 6.23346e-11 1.09186e-08)
(-2.75138e-09 5.99871e-11 1.29663e-08)
(-3.21489e-09 5.76684e-11 1.51738e-08)
(-3.72785e-09 5.54064e-11 1.75375e-08)
(-4.29226e-09 5.32115e-11 2.00538e-08)
(-4.9099e-09 5.10853e-11 2.27188e-08)
(-5.58226e-09 4.90252e-11 2.55289e-08)
(-6.31063e-09 4.70274e-11 2.84801e-08)
(-7.09609e-09 4.50883e-11 3.15687e-08)
(-7.93949e-09 4.32047e-11 3.4791e-08)
(-8.84147e-09 4.13742e-11 3.81431e-08)
(-9.80252e-09 3.95952e-11 4.16213e-08)
(-1.08229e-08 3.78663e-11 4.52217e-08)
(-1.19027e-08 3.61869e-11 4.89409e-08)
(-1.30419e-08 3.45563e-11 5.27749e-08)
(-1.42403e-08 3.2974e-11 5.67203e-08)
(-1.54975e-08 3.14398e-11 6.07734e-08)
(-1.6813e-08 2.99533e-11 6.49306e-08)
(-1.81863e-08 2.85139e-11 6.91885e-08)
(-1.96165e-08 2.71214e-11 7.35435e-08)
(-2.11028e-08 2.57752e-11 7.79924e-08)
(-2.26443e-08 2.44747e-11 8.25316e-08)
(-2.42399e-08 2.32194e-11 8.7158e-08)
(-2.58884e-08 2.20085e-11 9.18682e-08)
(-2.75887e-08 2.08415e-11 9.66591e-08)
(-2.93395e-08 1.97174e-11 1.01527e-07)
(-3.11394e-08 1.86357e-11 1.0647e-07)
(-3.29869e-08 1.75953e-11 1.11484e-07)
(-3.48807e-08 1.65956e-11 1.16567e-07)
(-3.68192e-08 1.56356e-11 1.21715e-07)
(-3.88009e-08 1.47145e-11 1.26926e-07)
(-4.08242e-08 1.38313e-11 1.32196e-07)
(-4.28874e-08 1.29851e-11 1.37523e-07)
(-4.4989e-08 1.2175e-11 1.42905e-07)
(-4.71273e-08 1.14002e-11 1.48339e-07)
(-4.93006e-08 1.06595e-11 1.53821e-07)
(-5.15074e-08 9.95222e-12 1.5935e-07)
(-5.37458e-08 9.27725e-12 1.64923e-07)
(-5.60143e-08 8.63371e-12 1.70538e-07)
(-5.83112e-08 8.02067e-12 1.76191e-07)
(-6.06348e-08 7.4372e-12 1.81882e-07)
(-6.29836e-08 6.88238e-12 1.87608e-07)
(-6.5356e-08 6.35532e-12 1.93366e-07)
(-6.77503e-08 5.85511e-12 1.99154e-07)
(-7.0165e-08 5.3809e-12 2.0497e-07)
(-7.25987e-08 4.93181e-12 2.10813e-07)
(-7.50497e-08 4.50701e-12 2.1668e-07)
(-7.75168e-08 4.10568e-12 2.22569e-07)
(-7.99984e-08 3.72704e-12 2.28478e-07)
(-8.24932e-08 3.37031e-12 2.34406e-07)
(-8.5e-08 3.03475e-12 2.40351e-07)
(-8.75173e-08 2.71967e-12 2.46312e-07)
(-9.00441e-08 2.42439e-12 2.52286e-07)
(-9.25791e-08 2.14827e-12 2.58272e-07)
(-9.51212e-08 1.89072e-12 2.64269e-07)
(-9.76694e-08 1.6512e-12 2.70274e-07)
(-1.00223e-07 1.4292e-12 2.76288e-07)
(-1.0278e-07 1.22429e-12 2.82309e-07)
(-1.05341e-07 1.03606e-12 2.88334e-07)
(-1.07904e-07 8.64168e-13 2.94364e-07)
(-1.10469e-07 7.08305e-13 3.00398e-07)
(-1.13035e-07 5.68156e-13 3.06433e-07)
(-1.15601e-07 4.43343e-13 3.1247e-07)
(-1.18168e-07 3.33317e-13 3.18508e-07)
(-1.20733e-07 2.37163e-13 3.24545e-07)
(-1.23298e-07 1.53236e-13 3.30582e-07)
(-1.25861e-07 7.90942e-14 3.36617e-07)
(-1.28423e-07 1.18997e-14 3.42651e-07)
(-1.30983e-07 -5.7194e-14 3.48682e-07)
(-1.33541e-07 -1.36072e-13 3.54711e-07)
(-3.22788e-11 5.51105e-11 -9.7424e-11)
(-1.55523e-10 1.25513e-10 1.56322e-10)
(-3.11341e-10 1.67338e-10 6.24834e-10)
(-4.75545e-10 1.91826e-10 1.27432e-09)
(-6.52034e-10 2.04578e-10 2.10725e-09)
(-8.48444e-10 2.09262e-10 3.12236e-09)
(-1.07078e-09 2.08695e-10 4.31738e-09)
(-1.32409e-09 2.04914e-10 5.68975e-09)
(-1.61267e-09 1.99305e-10 7.23644e-09)
(-1.94021e-09 1.92764e-10 8.95409e-09)
(-2.30989e-09 1.85838e-10 1.08392e-08)
(-2.72455e-09 1.78841e-10 1.28881e-08)
(-3.18669e-09 1.71938e-10 1.50971e-08)
(-3.69852e-09 1.65206e-10 1.74625e-08)
(-4.26201e-09 1.58674e-10 1.99806e-08)
(-4.87889e-09 1.52345e-10 2.26474e-08)
(-5.55065e-09 1.46212e-10 2.54593e-08)
(-6.27856e-09 1.40263e-10 2.84125e-08)
(-7.06366e-09 1.34488e-10 3.1503e-08)
(-7.9068e-09 1.28878e-10 3.47272e-08)
(-8.80864e-09 1.23425e-10 3.80812e-08)
(-9.76962e-09 1.18125e-10 4.15612e-08)
(-1.079e-08 1.12975e-10 4.51636e-08)
(-1.187e-08 1.07971e-10 4.88845e-08)
(-1.30093e-08 1.03112e-10 5.27204e-08)
(-1.4208e-08 9.83972e-11 5.66676e-08)
(-1.54655e-08 9.38252e-11 6.07224e-08)
(-1.67814e-08 8.93948e-11 6.48814e-08)
(-1.81551e-08 8.51049e-11 6.9141e-08)
(-1.95858e-08 8.09541e-11 7.34978e-08)
(-2.10727e-08 7.6941e-11 7.79483e-08)
(-2.26148e-08 7.30639e-11 8.24892e-08)
(-2.4211e-08 6.9321e-11 8.71171e-08)
(-2.58602e-08 6.57104e-11 9.18289e-08)
(-2.75612e-08 6.223e-11 9.66213e-08)
(-2.93127e-08 5.88776e-11 1.01491e-07)
(-3.11134e-08 5.56509e-11 1.06435e-07)
(-3.29617e-08 5.25474e-11 1.11451e-07)
(-3.48563e-08 4.95648e-11 1.16535e-07)
(-3.67957e-08 4.67003e-11 1.21685e-07)
(-3.87782e-08 4.39515e-11 1.26896e-07)
(-4.08023e-08 4.13156e-11 1.32168e-07)
(-4.28664e-08 3.87899e-11 1.37497e-07)
(-4.49689e-08 3.63717e-11 1.4288e-07)
(-4.7108e-08 3.40582e-11 1.48315e-07)
(-4.92822e-08 3.18467e-11 1.53798e-07)
(-5.14898e-08 2.97344e-11 1.59328e-07)
(-5.37291e-08 2.77185e-11 1.64902e-07)
(-5.59985e-08 2.57962e-11 1.70518e-07)
(-5.82962e-08 2.39648e-11 1.76173e-07)
(-6.06207e-08 2.22215e-11 1.81865e-07)
(-6.29703e-08 2.05636e-11 1.87591e-07)
(-6.53435e-08 1.89885e-11 1.9335e-07)
(-6.77386e-08 1.74935e-11 1.9914e-07)
(-7.01542e-08 1.60759e-11 2.04957e-07)
(-7.25886e-08 1.47334e-11 2.108e-07)
(-7.50404e-08 1.34633e-11 2.16668e-07)
(-7.75082e-08 1.22633e-11 2.22558e-07)
(-7.99905e-08 1.1131e-11 2.28468e-07)
(-8.2486e-08 1.00641e-11 2.34397e-07)
(-8.49934e-08 9.06051e-12 2.40343e-07)
(-8.75114e-08 8.11808e-12 2.46304e-07)
(-9.00387e-08 7.23481e-12 2.52279e-07)
(-9.25743e-08 6.40884e-12 2.58266e-07)
(-9.5117e-08 5.6384e-12 2.64263e-07)
(-9.76657e-08 4.92187e-12 2.7027e-07)
(-1.0022e-07 4.25777e-12 2.76284e-07)
(-1.02777e-07 3.64476e-12 2.82305e-07)
(-1.05339e-07 3.08167e-12 2.88331e-07)
(-1.07902e-07 2.56747e-12 2.94362e-07)
(-1.10468e-07 2.10122e-12 3.00395e-07)
(-1.13034e-07 1.682e-12 3.06431e-07)
(-1.156e-07 1.30871e-12 3.12469e-07)
(-1.18167e-07 9.79757e-13 3.18506e-07)
(-1.20733e-07 6.92501e-13 3.24544e-07)
(-1.23298e-07 4.4208e-13 3.30581e-07)
(-1.25861e-07 2.20995e-13 3.36616e-07)
(-1.28423e-07 2.02161e-14 3.4265e-07)
(-1.30983e-07 -1.92011e-13 3.48681e-07)
(-1.33541e-07 -4.67837e-13 3.5471e-07)
(-4.13258e-11 1.06925e-10 -1.01384e-10)
(-1.7164e-10 2.22541e-10 1.05854e-10)
(-3.21526e-10 2.86237e-10 5.30344e-10)
(-4.7507e-10 3.22174e-10 1.15007e-09)
(-6.40745e-10 3.40181e-10 1.96447e-09)
(-8.27361e-10 3.46093e-10 2.96857e-09)
(-1.04122e-09 3.44152e-10 4.15769e-09)
(-1.2874e-09 3.37391e-10 5.52757e-09)
(-1.57011e-09 3.279e-10 7.07402e-09)
(-1.89284e-09 3.17035e-10 8.79292e-09)
(-2.25862e-09 3.0562e-10 1.06802e-08)
(-2.6701e-09 2.94129e-10 1.2732e-08)
(-3.12963e-09 2.82807e-10 1.49442e-08)
(-3.63932e-09 2.71772e-10 1.73131e-08)
(-4.20106e-09 2.61063e-10 1.98348e-08)
(-4.8165e-09 2.50685e-10 2.25054e-08)
(-5.48711e-09 2.40624e-10 2.53211e-08)
(-6.2141e-09 2.30863e-10 2.8278e-08)
(-6.99852e-09 2.21384e-10 3.13723e-08)
(-7.84118e-09 2.12174e-10 3.46003e-08)
(-8.74273e-09 2.03221e-10 3.79581e-08)
(-9.70361e-09 1.94517e-10 4.14419e-08)
(-1.07241e-08 1.86057e-10 4.50479e-08)
(-1.18042e-08 1.77838e-10 4.87726e-08)
(-1.2944e-08 1.69856e-10 5.26121e-08)
(-1.41432e-08 1.62109e-10 5.65628e-08)
(-1.54014e-08 1.54596e-10 6.06212e-08)
(-1.67181e-08 1.47314e-10 6.47837e-08)
(-1.80926e-08 1.40262e-10 6.90467e-08)
(-1.95244e-08 1.33438e-10 7.34068e-08)
(-2.10123e-08 1.26838e-10 7.78606e-08)
(-2.25556e-08 1.20462e-10 8.24048e-08)
(-2.41531e-08 1.14304e-10 8.70359e-08)
(-2.58037e-08 1.08363e-10 9.17509e-08)
(-2.75061e-08 1.02636e-10 9.65463e-08)
(-2.92591e-08 9.71173e-11 1.01419e-07)
(-3.10613e-08 9.18047e-11 1.06366e-07)
(-3.29112e-08 8.6694e-11 1.11385e-07)
(-3.48075e-08 8.17812e-11 1.16472e-07)
(-3.67485e-08 7.7062e-11 1.21624e-07)
(-3.87327e-08 7.25324e-11 1.26839e-07)
(-4.07585e-08 6.81878e-11 1.32113e-07)
(-4.28244e-08 6.4024e-11 1.37444e-07)
(-4.49286e-08 6.00366e-11 1.4283e-07)
(-4.70695e-08 5.6221e-11 1.48267e-07)
(-4.92454e-08 5.25727e-11 1.53753e-07)
(-5.14548e-08 4.90873e-11 1.59285e-07)
(-5.36958e-08 4.57601e-11 1.64862e-07)
(-5.59669e-08 4.25868e-11 1.7048e-07)
(-5.82663e-08 3.95629e-11 1.76137e-07)
(-6.05925e-08 3.66838e-11 1.81831e-07)
(-6.29438e-08 3.39452e-11 1.87559e-07)
(-6.53186e-08 3.13428e-11 1.9332e-07)
(-6.77153e-08 2.88722e-11 1.99112e-07)
(-7.01325e-08 2.65292e-11 2.04931e-07)
(-7.25684e-08 2.43098e-11 2.10776e-07)
(-7.50217e-08 2.22098e-11 2.16646e-07)
(-7.74909e-08 2.02253e-11 2.22537e-07)
(-7.99747e-08 1.83526e-11 2.28449e-07)
(-8.24715e-08 1.65879e-11 2.3438e-07)
(-8.49802e-08 1.49277e-11 2.40327e-07)
(-8.74995e-08 1.33686e-11 2.4629e-07)
(-9.00281e-08 1.19074e-11 2.52266e-07)
(-9.25648e-08 1.05409e-11 2.58254e-07)
(-9.51086e-08 9.2663e-12 2.64252e-07)
(-9.76583e-08 8.08101e-12 2.7026e-07)
(-1.00213e-07 6.98258e-12 2.76276e-07)
(-1.02772e-07 5.96883e-12 2.82298e-07)
(-1.05334e-07 5.03782e-12 2.88325e-07)
(-1.07898e-07 4.18786e-12 2.94356e-07)
(-1.10464e-07 3.41739e-12 3.00391e-07)
(-1.13031e-07 2.72492e-12 3.06427e-07)
(-1.15599e-07 2.10866e-12 3.12465e-07)
(-1.18166e-07 1.56608e-12 3.18504e-07)
(-1.20732e-07 1.093e-12 3.24542e-07)
(-1.23297e-07 6.8147e-13 3.30579e-07)
(-1.25861e-07 3.17421e-13 3.36615e-07)
(-1.28423e-07 -1.51315e-14 3.42649e-07)
(-1.30983e-07 -3.64939e-13 3.48681e-07)
(-1.33541e-07 -9.19571e-13 3.54709e-07)
(-8.67936e-11 1.97853e-10 -1.4353e-10)
(-2.11092e-10 3.44774e-10 -2.91806e-11)
(-3.40096e-10 4.07666e-10 3.41087e-10)
(-4.73229e-10 4.44821e-10 9.30544e-10)
(-6.20719e-10 4.64199e-10 1.72782e-09)
(-7.91705e-10 4.6984e-10 2.72321e-09)
(-9.92663e-10 4.66081e-10 3.90908e-09)
(-1.22846e-09 4.56447e-10 5.27918e-09)
(-1.50289e-09 4.4346e-10 6.828e-09)
(-1.81902e-09 4.2878e-10 8.55059e-09)
(-2.17948e-09 4.13425e-10 1.04424e-08)
(-2.58663e-09 3.9798e-10 1.24991e-08)
(-3.04261e-09 3.82758e-10 1.47167e-08)
(-3.54936e-09 3.67906e-10 1.7091e-08)
(-4.10866e-09 3.5348e-10 1.96183e-08)
(-4.7221e-09 3.39486e-10 2.22945e-08)
(-5.39107e-09 3.2591e-10 2.51159e-08)
(-6.11677e-09 3.1273e-10 2.80785e-08)
(-6.90021e-09 2.99927e-10 3.11785e-08)
(-7.7422e-09 2.87483e-10 3.44121e-08)
(-8.64336e-09 2.75382e-10 3.77754e-08)
(-9.60411e-09 2.63616e-10 4.12648e-08)
(-1.06247e-08 2.52178e-10 4.48763e-08)
(-1.17052e-08 2.41062e-10 4.86064e-08)
(-1.28456e-08 2.30265e-10 5.24513e-08)
(-1.40456e-08 2.19784e-10 5.64074e-08)
(-1.53048e-08 2.09617e-10 6.0471e-08)
(-1.66227e-08 1.9976e-10 6.46386e-08)
(-1.79986e-08 1.90212e-10 6.89067e-08)
(-1.94318e-08 1.8097e-10 7.32718e-08)
(-2.09215e-08 1.7203e-10 7.77305e-08)
(-2.24666e-08 1.6339e-10 8.22795e-08)
(-2.4066e-08 1.55045e-10 8.69154e-08)
(-2.57187e-08 1.4699e-10 9.1635e-08)
(-2.74233e-08 1.39223e-10 9.6435e-08)
(-2.91785e-08 1.31738e-10 1.01312e-07)
(-3.0983e-08 1.2453e-10 1.06264e-07)
(-3.28353e-08 1.17594e-10 1.11287e-07)
(-3.4734e-08 1.10925e-10 1.16378e-07)
(-3.66776e-08 1.04517e-10 1.21534e-07)
(-3.86643e-08 9.83646e-11 1.26753e-07)
(-4.06927e-08 9.24624e-11 1.32031e-07)
(-4.27612e-08 8.68043e-11 1.37366e-07)
(-4.4868e-08 8.13846e-11 1.42755e-07)
(-4.70116e-08 7.61972e-11 1.48196e-07)
(-4.91901e-08 7.12361e-11 1.53686e-07)
(-5.14021e-08 6.64955e-11 1.59222e-07)
(-5.36458e-08 6.19692e-11 1.64802e-07)
(-5.59194e-08 5.76514e-11 1.70423e-07)
(-5.82215e-08 5.3536e-11 1.76083e-07)
(-6.05502e-08 4.96172e-11 1.81781e-07)
(-6.2904e-08 4.58891e-11 1.87512e-07)
(-6.52813e-08 4.23459e-11 1.93276e-07)
(-6.76805e-08 3.89819e-11 1.9907e-07)
(-7.00999e-08 3.57915e-11 2.04892e-07)
(-7.25382e-08 3.27692e-11 2.1074e-07)
(-7.49938e-08 2.99097e-11 2.16612e-07)
(-7.74652e-08 2.72077e-11 2.22507e-07)
(-7.99511e-08 2.46582e-11 2.28421e-07)
(-8.245e-08 2.22563e-11 2.34354e-07)
(-8.49607e-08 1.99973e-11 2.40304e-07)
(-8.74818e-08 1.78766e-11 2.46268e-07)
(-9.00122e-08 1.589e-11 2.52246e-07)
(-9.25507e-08 1.40334e-11 2.58237e-07)
(-9.50961e-08 1.23031e-11 2.64237e-07)
(-9.76475e-08 1.06955e-11 2.70246e-07)
(-1.00204e-07 9.20745e-12 2.76264e-07)
(-1.02764e-07 7.83599e-12 2.82287e-07)
(-1.05327e-07 6.57856e-12 2.88316e-07)
(-1.07893e-07 5.43286e-12 2.94349e-07)
(-1.1046e-07 4.39678e-12 3.00384e-07)
(-1.13028e-07 3.46824e-12 3.06422e-07)
(-1.15596e-07 2.64479e-12 3.12461e-07)
(-1.18164e-07 1.92294e-12 3.18501e-07)
(-1.20731e-07 1.29682e-12 3.24539e-07)
(-1.23297e-07 7.54951e-13 3.30577e-07)
(-1.25861e-07 2.77974e-13 3.36614e-07)
(-1.28423e-07 -1.46617e-13 3.42648e-07)
(-1.30984e-07 -5.95141e-13 3.4868e-07)
(-1.33541e-07 -1.68999e-12 3.54709e-07)
(-1.92242e-10 -3.88918e-10 -1.07055e-10)
(-4.94929e-10 -6.3321e-10 1.80839e-11)
(-8.10211e-10 -7.09498e-10 3.6701e-10)
(-1.12693e-09 -7.50089e-10 9.28642e-10)
(-1.45625e-09 -7.68711e-10 1.69852e-09)
(-1.80844e-09 -7.70499e-10 2.6668e-09)
(-2.18943e-09 -7.61513e-10 3.82435e-09)
(-2.60329e-09 -7.46309e-10 5.16363e-09)
(-3.0531e-09 -7.27861e-10 6.67845e-09)
(-3.54142e-09 -7.07966e-10 8.36359e-09)
(-4.07054e-09 -6.87631e-10 1.02146e-08)
(-4.64257e-09 -6.67376e-10 1.22273e-08)
(-5.25954e-09 -6.47441e-10 1.43979e-08)
(-5.92334e-09 -6.27911e-10 1.67228e-08)
(-6.6357e-09 -6.08797e-10 1.91984e-08)
(-7.3982e-09 -5.90076e-10 2.18209e-08)
(-8.21226e-09 -5.71715e-10 2.45869e-08)
(-9.07909e-09 -5.53684e-10 2.74928e-08)
(-9.9997e-09 -5.3596e-10 3.05348e-08)
(-1.09749e-08 -5.18526e-10 3.37095e-08)
(-1.20054e-08 -5.01374e-10 3.70133e-08)
(-1.30917e-08 -4.84497e-10 4.04425e-08)
(-1.42339e-08 -4.67895e-10 4.39935e-08)
(-1.54322e-08 -4.5157e-10 4.76629e-08)
(-1.66867e-08 -4.35523e-10 5.14471e-08)
(-1.7997e-08 -4.19758e-10 5.53426e-08)
(-1.93629e-08 -4.0428e-10 5.9346e-08)
(-2.07838e-08 -3.8909e-10 6.34538e-08)
(-2.22592e-08 -3.74192e-10 6.76626e-08)
(-2.37884e-08 -3.5959e-10 7.19692e-08)
(-2.53706e-08 -3.45285e-10 7.63701e-08)
(-2.70048e-08 -3.3128e-10 8.08622e-08)
(-2.86899e-08 -3.17575e-10 8.54422e-08)
(-3.0425e-08 -3.04172e-10 9.0107e-08)
(-3.22089e-08 -2.91071e-10 9.48534e-08)
(-3.40401e-08 -2.78273e-10 9.96784e-08)
(-3.59176e-08 -2.65778e-10 1.04579e-07)
(-3.78398e-08 -2.53584e-10 1.09552e-07)
(-3.98054e-08 -2.41693e-10 1.14595e-07)
(-4.18129e-08 -2.30103e-10 1.19704e-07)
(-4.38608e-08 -2.18812e-10 1.24878e-07)
(-4.59475e-08 -2.07821e-10 1.30112e-07)
(-4.80715e-08 -1.97127e-10 1.35405e-07)
(-5.02313e-08 -1.86729e-10 1.40754e-07)
(-5.24251e-08 -1.76625e-10 1.46155e-07)
(-5.46514e-08 -1.66815e-10 1.51608e-07)
(-5.69086e-08 -1.57295e-10 1.57108e-07)
(-5.9195e-08 -1.48065e-10 1.62654e-07)
(-6.15091e-08 -1.39123e-10 1.68242e-07)
(-6.38493e-08 -1.30467e-10 1.73872e-07)
(-6.62139e-08 -1.22094e-10 1.7954e-07)
(-6.86014e-08 -1.14005e-10 1.85244e-07)
(-7.10103e-08 -1.06196e-10 1.90981e-07)
(-7.3439e-08 -9.86659e-11 1.96751e-07)
(-7.5886e-08 -9.14136e-11 2.0255e-07)
(-7.83498e-08 -8.44375e-11 2.08376e-07)
(-8.08291e-08 -7.77361e-11 2.14228e-07)
(-8.33225e-08 -7.13082e-11 2.20104e-07)
(-8.58285e-08 -6.51528e-11 2.26001e-07)
(-8.83459e-08 -5.92688e-11 2.31918e-07)
(-9.08735e-08 -5.36556e-11 2.37853e-07)
(-9.341e-08 -4.83124e-11 2.43804e-07)
(-9.59543e-08 -4.32391e-11 2.4977e-07)
(-9.85052e-08 -3.84354e-11 2.55749e-07)
(-1.01062e-07 -3.39015e-11 2.6174e-07)
(-1.03623e-07 -2.9638e-11 2.6774e-07)
(-1.06188e-07 -2.56458e-11 2.73749e-07)
(-1.08756e-07 -2.1926e-11 2.79766e-07)
(-1.11326e-07 -1.84805e-11 2.85789e-07)
(-1.13897e-07 -1.53114e-11 2.91816e-07)
(-1.16469e-07 -1.24216e-11 2.97847e-07)
(-1.1904e-07 -9.81366e-12 3.03881e-07)
(-1.21612e-07 -7.48984e-12 3.09917e-07)
(-1.24182e-07 -5.4502e-12 3.15954e-07)
(-1.26751e-07 -3.68933e-12 3.21991e-07)
(-1.29318e-07 -2.18866e-12 3.28027e-07)
(-1.31884e-07 -9.03957e-13 3.34062e-07)
(-1.34447e-07 2.43405e-13 3.40096e-07)
(-1.37007e-07 1.43252e-12 3.46127e-07)
(-1.39565e-07 3.21322e-12 3.52156e-07)
(-1.00397e-10 -2.07005e-10 -3.92759e-11)
(-4.16526e-10 -4.02015e-10 1.80338e-10)
(-7.68015e-10 -4.94364e-10 5.753e-10)
(-1.1152e-09 -5.40019e-10 1.16056e-09)
(-1.46909e-09 -5.59264e-10 1.94248e-09)
(-1.8411e-09 -5.62564e-10 2.91552e-09)
(-2.23764e-09 -5.5653e-10 4.07335e-09)
(-2.66345e-09 -5.45304e-10 5.41029e-09)
(-3.12242e-09 -5.31452e-10 6.92126e-09)
(-3.61781e-09 -5.16482e-10 8.60172e-09)
(-4.15246e-09 -5.01223e-10 1.04475e-08)
(-4.7289e-09 -4.8609e-10 1.24549e-08)
(-5.34943e-09 -4.71263e-10 1.462e-08)
(-6.01614e-09 -4.56796e-10 1.69392e-08)
(-6.7309e-09 -4.42684e-10 1.94091e-08)
(-7.49538e-09 -4.28896e-10 2.2026e-08)
(-8.31102e-09 -4.15401e-10 2.47863e-08)
(-9.17909e-09 -4.02168e-10 2.76864e-08)
(-1.01006e-08 -3.89174e-10 3.07228e-08)
(-1.10765e-08 -3.76404e-10 3.38919e-08)
(-1.21073e-08 -3.63849e-10 3.719e-08)
(-1.31936e-08 -3.51502e-10 4.06136e-08)
(-1.43357e-08 -3.39363e-10 4.41592e-08)
(-1.55336e-08 -3.27432e-10 4.78232e-08)
(-1.67874e-08 -3.1571e-10 5.1602e-08)
(-1.80969e-08 -3.042e-10 5.54922e-08)
(-1.94617e-08 -2.92903e-10 5.94903e-08)
(-2.08814e-08 -2.81823e-10 6.3593e-08)
(-2.23554e-08 -2.70962e-10 6.77968e-08)
(-2.38831e-08 -2.60321e-10 7.20984e-08)
(-2.54635e-08 -2.49901e-10 7.64945e-08)
(-2.70958e-08 -2.39705e-10 8.09818e-08)
(-2.8779e-08 -2.29732e-10 8.55571e-08)
(-3.0512e-08 -2.19984e-10 9.02173e-08)
(-3.22936e-08 -2.1046e-10 9.49593e-08)
(-3.41227e-08 -2.01161e-10 9.97799e-08)
(-3.59977e-08 -1.92086e-10 1.04676e-07)
(-3.79176e-08 -1.83234e-10 1.09645e-07)
(-3.98807e-08 -1.74606e-10 1.14684e-07)
(-4.18856e-08 -1.662e-10 1.19789e-07)
(-4.39309e-08 -1.58015e-10 1.24958e-07)
(-4.6015e-08 -1.50051e-10 1.30189e-07)
(-4.81364e-08 -1.42305e-10 1.35478e-07)
(-5.02935e-08 -1.34777e-10 1.40823e-07)
(-5.24847e-08 -1.27466e-10 1.46221e-07)
(-5.47083e-08 -1.20369e-10 1.5167e-07)
(-5.69629e-08 -1.13486e-10 1.57167e-07)
(-5.92467e-08 -1.06815e-10 1.62709e-07)
(-6.15581e-08 -1.00354e-10 1.68295e-07)
(-6.38957e-08 -9.41021e-11 1.73921e-07)
(-6.62577e-08 -8.80578e-11 1.79586e-07)
(-6.86427e-08 -8.22194e-11 1.85287e-07)
(-7.10491e-08 -7.65857e-11 1.91022e-07)
(-7.34753e-08 -7.1155e-11 1.96789e-07)
(-7.59199e-08 -6.59262e-11 2.02585e-07)
(-7.83814e-08 -6.08979e-11 2.08409e-07)
(-8.08584e-08 -5.60689e-11 2.14258e-07)
(-8.33495e-08 -5.14382e-11 2.20131e-07)
(-8.58534e-08 -4.70048e-11 2.26026e-07)
(-8.83687e-08 -4.27677e-11 2.31941e-07)
(-9.08943e-08 -3.87263e-11 2.37874e-07)
(-9.34289e-08 -3.48799e-11 2.43823e-07)
(-9.59713e-08 -3.12281e-11 2.49787e-07)
(-9.85204e-08 -2.77707e-11 2.55764e-07)
(-1.01075e-07 -2.45077e-11 2.61753e-07)
(-1.03635e-07 -2.14393e-11 2.67752e-07)
(-1.06198e-07 -1.8566e-11 2.7376e-07)
(-1.08765e-07 -1.58888e-11 2.79775e-07)
(-1.11333e-07 -1.34089e-11 2.85796e-07)
(-1.13903e-07 -1.1128e-11 2.91822e-07)
(-1.16474e-07 -9.04818e-12 2.97852e-07)
(-1.19045e-07 -7.17146e-12 3.03886e-07)
(-1.21615e-07 -5.49941e-12 3.0992e-07)
(-1.24184e-07 -4.03172e-12 3.15956e-07)
(-1.26753e-07 -2.76366e-12 3.21993e-07)
(-1.29319e-07 -1.68085e-12 3.28028e-07)
(-1.31884e-07 -7.51449e-13 3.34063e-07)
(-1.34447e-07 7.80314e-14 3.40096e-07)
(-1.37007e-07 9.06269e-13 3.46127e-07)
(-1.39565e-07 1.92185e-12 3.52156e-07)
(-8.13751e-11 -1.05143e-10 -1.48056e-11)
(-3.81749e-10 -2.25204e-10 2.58601e-10)
(-7.41068e-10 -2.88603e-10 6.915e-10)
(-1.10386e-09 -3.21713e-10 1.29977e-09)
(-1.47284e-09 -3.3652e-10 2.09548e-09)
(-1.85788e-09 -3.40076e-10 3.07625e-09)
(-2.26522e-09 -3.3709e-10 4.23764e-09)
(-2.69975e-09 -3.30506e-10 5.57538e-09)
(-3.16565e-09 -3.22111e-10 7.08535e-09)
(-3.66651e-09 -3.12941e-10 8.76369e-09)
(-4.20548e-09 -3.03565e-10 1.06067e-08)
(-4.78535e-09 -2.94268e-10 1.26107e-08)
(-5.40862e-09 -2.8517e-10 1.47723e-08)
(-6.07754e-09 -2.7631e-10 1.70879e-08)
(-6.79409e-09 -2.67683e-10 1.95539e-08)
(-7.56e-09 -2.59268e-10 2.21669e-08)
(-8.37679e-09 -2.51042e-10 2.49234e-08)
(-9.24575e-09 -2.42984e-10 2.78196e-08)
(-1.0168e-08 -2.35077e-10 3.08521e-08)
(-1.11443e-08 -2.27312e-10 3.40173e-08)
(-1.21754e-08 -2.19681e-10 3.73116e-08)
(-1.32617e-08 -2.1218e-10 4.07314e-08)
(-1.44037e-08 -2.04808e-10 4.42732e-08)
(-1.56014e-08 -1.97564e-10 4.79334e-08)
(-1.68547e-08 -1.9045e-10 5.17085e-08)
(-1.81636e-08 -1.83467e-10 5.55951e-08)
(-1.95278e-08 -1.76616e-10 5.95897e-08)
(-2.09466e-08 -1.69899e-10 6.36888e-08)
(-2.24197e-08 -1.63316e-10 6.78892e-08)
(-2.39463e-08 -1.56869e-10 7.21874e-08)
(-2.55256e-08 -1.50558e-10 7.65801e-08)
(-2.71567e-08 -1.44385e-10 8.10641e-08)
(-2.88386e-08 -1.38349e-10 8.56363e-08)
(-3.05702e-08 -1.32452e-10 9.02933e-08)
(-3.23503e-08 -1.26692e-10 9.50322e-08)
(-3.41778e-08 -1.2107e-10 9.98498e-08)
(-3.60513e-08 -1.15585e-10 1.04743e-07)
(-3.79695e-08 -1.10237e-10 1.09709e-07)
(-3.99309e-08 -1.05026e-10 1.14745e-07)
(-4.19342e-08 -9.99513e-11 1.19847e-07)
(-4.39778e-08 -9.50116e-11 1.25014e-07)
(-4.60602e-08 -9.02064e-11 1.30242e-07)
(-4.81798e-08 -8.5535e-11 1.35529e-07)
(-5.03351e-08 -8.09963e-11 1.40871e-07)
(-5.25245e-08 -7.65895e-11 1.46267e-07)
(-5.47463e-08 -7.23136e-11 1.51713e-07)
(-5.69991e-08 -6.81677e-11 1.57208e-07)
(-5.92812e-08 -6.41507e-11 1.62748e-07)
(-6.15909e-08 -6.02617e-11 1.68331e-07)
(-6.39267e-08 -5.64996e-11 1.73956e-07)
(-6.6287e-08 -5.28634e-11 1.79618e-07)
(-6.86703e-08 -4.93521e-11 1.85317e-07)
(-7.1075e-08 -4.59649e-11 1.9105e-07)
(-7.34996e-08 -4.27006e-11 1.96815e-07)
(-7.59426e-08 -3.95586e-11 2.02609e-07)
(-7.84025e-08 -3.65378e-11 2.08432e-07)
(-8.0878e-08 -3.36376e-11 2.14279e-07)
(-8.33676e-08 -3.08571e-11 2.20151e-07)
(-8.58701e-08 -2.81956e-11 2.26044e-07)
(-8.8384e-08 -2.56527e-11 2.31957e-07)
(-9.09082e-08 -2.32278e-11 2.37889e-07)
(-9.34415e-08 -2.09204e-11 2.43836e-07)
(-9.59826e-08 -1.87302e-11 2.49799e-07)
(-9.85306e-08 -1.6657e-11 2.55775e-07)
(-1.01084e-07 -1.47008e-11 2.61762e-07)
(-1.03643e-07 -1.28617e-11 2.6776e-07)
(-1.06205e-07 -1.114e-11 2.73767e-07)
(-1.08771e-07 -9.53631e-12 2.79781e-07)
(-1.11338e-07 -8.05133e-12 2.85801e-07)
(-1.13907e-07 -6.68614e-12 2.91827e-07)
(-1.16477e-07 -5.44199e-12 2.97856e-07)
(-1.19047e-07 -4.32011e-12 3.03889e-07)
(-1.21617e-07 -3.32136e-12 3.09923e-07)
(-1.24186e-07 -2.44529e-12 3.15958e-07)
(-1.26754e-07 -1.68863e-12 3.21994e-07)
(-1.2932e-07 -1.04245e-12 3.2803e-07)
(-1.31885e-07 -4.89028e-13 3.34064e-07)
(-1.34447e-07 1.89129e-16 3.40097e-07)
(-1.37007e-07 4.78948e-13 3.46128e-07)
(-1.39566e-07 1.00624e-12 3.52157e-07)
(-7.59895e-11 -3.1612e-11 -3.40343e-12)
(-3.6989e-10 -7.13067e-11 2.94166e-10)
(-7.31069e-10 -9.40304e-11 7.45234e-10)
(-1.0993e-09 -1.06369e-10 1.36553e-09)
(-1.47442e-09 -1.12063e-10 2.16915e-09)
(-1.86535e-09 -1.13639e-10 3.15486e-09)
(-2.27791e-09 -1.12823e-10 4.31896e-09)
(-2.71685e-09 -1.10694e-10 5.6578e-09)
(-3.18637e-09 -1.07902e-10 7.16779e-09)
(-3.69015e-09 -1.04824e-10 8.84541e-09)
(-4.23144e-09 -1.01665e-10 1.06872e-08)
(-4.81316e-09 -9.85295e-11 1.26898e-08)
(-5.43793e-09 -9.54626e-11 1.48496e-08)
(-6.10804e-09 -9.24779e-11 1.71634e-08)
(-6.82554e-09 -8.95743e-11 1.96276e-08)
(-7.59222e-09 -8.67445e-11 2.22386e-08)
(-8.40961e-09 -8.39802e-11 2.49931e-08)
(-9.27904e-09 -8.12739e-11 2.78874e-08)
(-1.02016e-08 -7.86199e-11 3.09179e-08)
(-1.11781e-08 -7.6014e-11 3.40811e-08)
(-1.22094e-08 -7.34539e-11 3.73735e-08)
(-1.32958e-08 -7.09381e-11 4.07913e-08)
(-1.44377e-08 -6.84659e-11 4.43312e-08)
(-1.56352e-08 -6.60373e-11 4.79895e-08)
(-1.68884e-08 -6.36526e-11 5.17628e-08)
(-1.8197e-08 -6.1312e-11 5.56475e-08)
(-1.95608e-08 -5.90162e-11 5.96403e-08)
(-2.09793e-08 -5.67654e-11 6.37376e-08)
(-2.24519e-08 -5.45602e-11 6.79362e-08)
(-2.3978e-08 -5.24008e-11 7.22327e-08)
(-2.55567e-08 -5.02875e-11 7.66238e-08)
(-2.71871e-08 -4.82205e-11 8.11061e-08)
(-2.88684e-08 -4.62e-11 8.56767e-08)
(-3.05993e-08 -4.4226e-11 9.03321e-08)
(-3.23787e-08 -4.22984e-11 9.50694e-08)
(-3.42054e-08 -4.04173e-11 9.98854e-08)
(-3.60781e-08 -3.85825e-11 1.04777e-07)
(-3.79955e-08 -3.67939e-11 1.09742e-07)
(-3.99561e-08 -3.50513e-11 1.14776e-07)
(-4.19585e-08 -3.33545e-11 1.19877e-07)
(-4.40013e-08 -3.17032e-11 1.25043e-07)
(-4.60828e-08 -3.00971e-11 1.30269e-07)
(-4.82015e-08 -2.8536e-11 1.35555e-07)
(-5.03559e-08 -2.70196e-11 1.40896e-07)
(-5.25444e-08 -2.55474e-11 1.4629e-07)
(-5.47654e-08 -2.41192e-11 1.51736e-07)
(-5.70173e-08 -2.27347e-11 1.57229e-07)
(-5.92984e-08 -2.13934e-11 1.62768e-07)
(-6.16073e-08 -2.00951e-11 1.6835e-07)
(-6.39422e-08 -1.88393e-11 1.73973e-07)
(-6.63017e-08 -1.76257e-11 1.79635e-07)
(-6.86841e-08 -1.6454e-11 1.85333e-07)
(-7.1088e-08 -1.53239e-11 1.91065e-07)
(-7.35117e-08 -1.4235e-11 1.96829e-07)
(-7.59539e-08 -1.31869e-11 2.02622e-07)
(-7.84131e-08 -1.21795e-11 2.08443e-07)
(-8.08878e-08 -1.12124e-11 2.1429e-07)
(-8.33767e-08 -1.02853e-11 2.20161e-07)
(-8.58784e-08 -9.39806e-12 2.26053e-07)
(-8.83917e-08 -8.55042e-12 2.31966e-07)
(-9.09152e-08 -7.7422e-12 2.37896e-07)
(-9.34478e-08 -6.97324e-12 2.43843e-07)
(-9.59884e-08 -6.24344e-12 2.49805e-07)
(-9.85357e-08 -5.55271e-12 2.55781e-07)
(-1.01089e-07 -4.90104e-12 2.61768e-07)
(-1.03647e-07 -4.28846e-12 2.67765e-07)
(-1.06209e-07 -3.71507e-12 2.73771e-07)
(-1.08774e-07 -3.18105e-12 2.79784e-07)
(-1.11341e-07 -2.68668e-12 2.85804e-07)
(-1.1391e-07 -2.23232e-12 2.91829e-07)
(-1.16479e-07 -1.81838e-12 2.97858e-07)
(-1.19049e-07 -1.44527e-12 3.0389e-07)
(-1.21618e-07 -1.11323e-12 3.09924e-07)
(-1.24187e-07 -8.22068e-13 3.1596e-07)
(-1.26754e-07 -5.7057e-13 3.21995e-07)
(-1.29321e-07 -3.55675e-13 3.2803e-07)
(-1.31885e-07 -1.71656e-13 3.34064e-07)
(-1.34447e-07 -9.731e-15 3.40097e-07)
(-1.37007e-07 1.45564e-13 3.46128e-07)
(-1.39566e-07 3.0632e-13 3.52157e-07)
(-7.59895e-11 3.1612e-11 -3.40343e-12)
(-3.6989e-10 7.13067e-11 2.94166e-10)
(-7.31069e-10 9.40304e-11 7.45234e-10)
(-1.0993e-09 1.06369e-10 1.36553e-09)
(-1.47442e-09 1.12063e-10 2.16915e-09)
(-1.86535e-09 1.13639e-10 3.15486e-09)
(-2.27791e-09 1.12823e-10 4.31896e-09)
(-2.71685e-09 1.10694e-10 5.6578e-09)
(-3.18637e-09 1.07902e-10 7.16779e-09)
(-3.69015e-09 1.04824e-10 8.84541e-09)
(-4.23144e-09 1.01665e-10 1.06872e-08)
(-4.81316e-09 9.85295e-11 1.26898e-08)
(-5.43793e-09 9.54626e-11 1.48496e-08)
(-6.10804e-09 9.24779e-11 1.71634e-08)
(-6.82554e-09 8.95743e-11 1.96276e-08)
(-7.59222e-09 8.67445e-11 2.22386e-08)
(-8.40961e-09 8.39802e-11 2.49931e-08)
(-9.27904e-09 8.12739e-11 2.78874e-08)
(-1.02016e-08 7.86199e-11 3.09179e-08)
(-1.11781e-08 7.6014e-11 3.40811e-08)
(-1.22094e-08 7.34539e-11 3.73735e-08)
(-1.32958e-08 7.09381e-11 4.07913e-08)
(-1.44377e-08 6.84659e-11 4.43312e-08)
(-1.56352e-08 6.60373e-11 4.79895e-08)
(-1.68884e-08 6.36526e-11 5.17628e-08)
(-1.8197e-08 6.13121e-11 5.56475e-08)
(-1.95608e-08 5.90162e-11 5.96403e-08)
(-2.09793e-08 5.67654e-11 6.37376e-08)
(-2.24519e-08 5.45602e-11 6.79362e-08)
(-2.3978e-08 5.24008e-11 7.22327e-08)
(-2.55567e-08 5.02875e-11 7.66238e-08)
(-2.71871e-08 4.82205e-11 8.11061e-08)
(-2.88684e-08 4.62e-11 8.56767e-08)
(-3.05993e-08 4.4226e-11 9.03321e-08)
(-3.23787e-08 4.22984e-11 9.50694e-08)
(-3.42054e-08 4.04173e-11 9.98854e-08)
(-3.60781e-08 3.85825e-11 1.04777e-07)
(-3.79955e-08 3.67939e-11 1.09742e-07)
(-3.99561e-08 3.50513e-11 1.14776e-07)
(-4.19585e-08 3.33545e-11 1.19877e-07)
(-4.40013e-08 3.17032e-11 1.25043e-07)
(-4.60828e-08 3.00971e-11 1.30269e-07)
(-4.82015e-08 2.8536e-11 1.35555e-07)
(-5.03559e-08 2.70195e-11 1.40896e-07)
(-5.25444e-08 2.55474e-11 1.4629e-07)
(-5.47654e-08 2.41192e-11 1.51736e-07)
(-5.70173e-08 2.27347e-11 1.57229e-07)
(-5.92984e-08 2.13934e-11 1.62768e-07)
(-6.16073e-08 2.0095e-11 1.6835e-07)
(-6.39422e-08 1.88393e-11 1.73973e-07)
(-6.63017e-08 1.76257e-11 1.79635e-07)
(-6.86841e-08 1.6454e-11 1.85333e-07)
(-7.1088e-08 1.53239e-11 1.91065e-07)
(-7.35117e-08 1.42349e-11 1.96829e-07)
(-7.59539e-08 1.31869e-11 2.02622e-07)
(-7.84131e-08 1.21794e-11 2.08443e-07)
(-8.08878e-08 1.12123e-11 2.1429e-07)
(-8.33767e-08 1.02853e-11 2.20161e-07)
(-8.58784e-08 9.39801e-12 2.26053e-07)
(-8.83917e-08 8.55037e-12 2.31966e-07)
(-9.09152e-08 7.74214e-12 2.37896e-07)
(-9.34478e-08 6.97318e-12 2.43843e-07)
(-9.59884e-08 6.24338e-12 2.49805e-07)
(-9.85357e-08 5.55265e-12 2.55781e-07)
(-1.01089e-07 4.90097e-12 2.61768e-07)
(-1.03647e-07 4.28838e-12 2.67765e-07)
(-1.06209e-07 3.71499e-12 2.73771e-07)
(-1.08774e-07 3.18097e-12 2.79784e-07)
(-1.11341e-07 2.6866e-12 2.85804e-07)
(-1.1391e-07 2.23223e-12 2.91829e-07)
(-1.16479e-07 1.81829e-12 2.97858e-07)
(-1.19049e-07 1.44517e-12 3.0389e-07)
(-1.21618e-07 1.11314e-12 3.09924e-07)
(-1.24187e-07 8.21971e-13 3.1596e-07)
(-1.26754e-07 5.70471e-13 3.21995e-07)
(-1.29321e-07 3.55572e-13 3.2803e-07)
(-1.31885e-07 1.71548e-13 3.34064e-07)
(-1.34447e-07 9.61801e-15 3.40097e-07)
(-1.37007e-07 -1.45682e-13 3.46128e-07)
(-1.39566e-07 -3.06445e-13 3.52157e-07)
(-8.13751e-11 1.05143e-10 -1.48056e-11)
(-3.81749e-10 2.25204e-10 2.58601e-10)
(-7.41068e-10 2.88603e-10 6.915e-10)
(-1.10386e-09 3.21713e-10 1.29977e-09)
(-1.47284e-09 3.3652e-10 2.09548e-09)
(-1.85788e-09 3.40076e-10 3.07625e-09)
(-2.26522e-09 3.3709e-10 4.23764e-09)
(-2.69975e-09 3.30506e-10 5.57538e-09)
(-3.16565e-09 3.22111e-10 7.08535e-09)
(-3.66651e-09 3.12941e-10 8.76369e-09)
(-4.20548e-09 3.03565e-10 1.06067e-08)
(-4.78535e-09 2.94268e-10 1.26107e-08)
(-5.40862e-09 2.8517e-10 1.47723e-08)
(-6.07754e-09 2.7631e-10 1.70879e-08)
(-6.79409e-09 2.67683e-10 1.95539e-08)
(-7.56e-09 2.59268e-10 2.21669e-08)
(-8.37679e-09 2.51042e-10 2.49234e-08)
(-9.24575e-09 2.42984e-10 2.78196e-08)
(-1.0168e-08 2.35077e-10 3.08521e-08)
(-1.11443e-08 2.27312e-10 3.40173e-08)
(-1.21754e-08 2.19681e-10 3.73116e-08)
(-1.32617e-08 2.1218e-10 4.07314e-08)
(-1.44037e-08 2.04808e-10 4.42732e-08)
(-1.56014e-08 1.97564e-10 4.79334e-08)
(-1.68547e-08 1.9045e-10 5.17085e-08)
(-1.81636e-08 1.83467e-10 5.55951e-08)
(-1.95278e-08 1.76616e-10 5.95897e-08)
(-2.09466e-08 1.69899e-10 6.36888e-08)
(-2.24197e-08 1.63316e-10 6.78892e-08)
(-2.39463e-08 1.56869e-10 7.21874e-08)
(-2.55256e-08 1.50558e-10 7.65801e-08)
(-2.71567e-08 1.44385e-10 8.10641e-08)
(-2.88386e-08 1.38349e-10 8.56363e-08)
(-3.05702e-08 1.32452e-10 9.02933e-08)
(-3.23503e-08 1.26692e-10 9.50322e-08)
(-3.41778e-08 1.2107e-10 9.98498e-08)
(-3.60513e-08 1.15585e-10 1.04743e-07)
(-3.79695e-08 1.10237e-10 1.09709e-07)
(-3.99309e-08 1.05026e-10 1.14745e-07)
(-4.19342e-08 9.99513e-11 1.19847e-07)
(-4.39778e-08 9.50116e-11 1.25014e-07)
(-4.60602e-08 9.02064e-11 1.30242e-07)
(-4.81798e-08 8.55349e-11 1.35529e-07)
(-5.03351e-08 8.09963e-11 1.40871e-07)
(-5.25245e-08 7.65895e-11 1.46267e-07)
(-5.47463e-08 7.23136e-11 1.51713e-07)
(-5.69991e-08 6.81677e-11 1.57208e-07)
(-5.92812e-08 6.41507e-11 1.62748e-07)
(-6.15909e-08 6.02617e-11 1.68331e-07)
(-6.39267e-08 5.64996e-11 1.73956e-07)
(-6.6287e-08 5.28634e-11 1.79618e-07)
(-6.86703e-08 4.93521e-11 1.85317e-07)
(-7.1075e-08 4.59648e-11 1.9105e-07)
(-7.34996e-08 4.27006e-11 1.96815e-07)
(-7.59426e-08 3.95585e-11 2.02609e-07)
(-7.84025e-08 3.65378e-11 2.08432e-07)
(-8.0878e-08 3.36375e-11 2.14279e-07)
(-8.33676e-08 3.0857e-11 2.20151e-07)
(-8.58701e-08 2.81956e-11 2.26044e-07)
(-8.8384e-08 2.56527e-11 2.31957e-07)
(-9.09082e-08 2.32277e-11 2.37889e-07)
(-9.34415e-08 2.09203e-11 2.43836e-07)
(-9.59826e-08 1.87301e-11 2.49799e-07)
(-9.85306e-08 1.66569e-11 2.55775e-07)
(-1.01084e-07 1.47007e-11 2.61762e-07)
(-1.03643e-07 1.28617e-11 2.6776e-07)
(-1.06205e-07 1.114e-11 2.73767e-07)
(-1.08771e-07 9.53624e-12 2.79781e-07)
(-1.11338e-07 8.05125e-12 2.85801e-07)
(-1.13907e-07 6.68606e-12 2.91827e-07)
(-1.16477e-07 5.4419e-12 2.97856e-07)
(-1.19047e-07 4.32002e-12 3.03889e-07)
(-1.21617e-07 3.32126e-12 3.09923e-07)
(-1.24186e-07 2.44519e-12 3.15958e-07)
(-1.26754e-07 1.68853e-12 3.21994e-07)
(-1.2932e-07 1.04234e-12 3.2803e-07)
(-1.31885e-07 4.88919e-13 3.34064e-07)
(-1.34447e-07 -3.02818e-16 3.40097e-07)
(-1.37007e-07 -4.79069e-13 3.46128e-07)
(-1.39566e-07 -1.00636e-12 3.52157e-07)
(-1.00397e-10 2.07005e-10 -3.92759e-11)
(-4.16526e-10 4.02015e-10 1.80338e-10)
(-7.68015e-10 4.94364e-10 5.753e-10)
(-1.1152e-09 5.40019e-10 1.16056e-09)
(-1.46909e-09 5.59264e-10 1.94248e-09)
(-1.8411e-09 5.62564e-10 2.91552e-09)
(-2.23764e-09 5.5653e-10 4.07335e-09)
(-2.66345e-09 5.45304e-10 5.41029e-09)
(-3.12242e-09 5.31452e-10 6.92126e-09)
(-3.61781e-09 5.16482e-10 8.60172e-09)
(-4.15246e-09 5.01223e-10 1.04475e-08)
(-4.7289e-09 4.8609e-10 1.24549e-08)
(-5.34943e-09 4.71263e-10 1.462e-08)
(-6.01614e-09 4.56796e-10 1.69392e-08)
(-6.7309e-09 4.42684e-10 1.94091e-08)
(-7.49538e-09 4.28896e-10 2.2026e-08)
(-8.31102e-09 4.15401e-10 2.47863e-08)
(-9.17909e-09 4.02168e-10 2.76864e-08)
(-1.01006e-08 3.89174e-10 3.07228e-08)
(-1.10765e-08 3.76404e-10 3.38919e-08)
(-1.21073e-08 3.63849e-10 3.719e-08)
(-1.31936e-08 3.51502e-10 4.06136e-08)
(-1.43357e-08 3.39363e-10 4.41592e-08)
(-1.55336e-08 3.27432e-10 4.78232e-08)
(-1.67874e-08 3.1571e-10 5.1602e-08)
(-1.80969e-08 3.042e-10 5.54922e-08)
(-1.94617e-08 2.92903e-10 5.94903e-08)
(-2.08814e-08 2.81823e-10 6.3593e-08)
(-2.23554e-08 2.70962e-10 6.77968e-08)
(-2.38831e-08 2.60321e-10 7.20984e-08)
(-2.54635e-08 2.49901e-10 7.64945e-08)
(-2.70958e-08 2.39705e-10 8.09818e-08)
(-2.8779e-08 2.29732e-10 8.55571e-08)
(-3.0512e-08 2.19984e-10 9.02173e-08)
(-3.22936e-08 2.1046e-10 9.49593e-08)
(-3.41227e-08 2.01161e-10 9.97799e-08)
(-3.59977e-08 1.92086e-10 1.04676e-07)
(-3.79176e-08 1.83234e-10 1.09645e-07)
(-3.98807e-08 1.74606e-10 1.14684e-07)
(-4.18856e-08 1.662e-10 1.19789e-07)
(-4.39309e-08 1.58015e-10 1.24958e-07)
(-4.6015e-08 1.50051e-10 1.30189e-07)
(-4.81364e-08 1.42305e-10 1.35478e-07)
(-5.02935e-08 1.34777e-10 1.40823e-07)
(-5.24847e-08 1.27466e-10 1.46221e-07)
(-5.47083e-08 1.20369e-10 1.5167e-07)
(-5.69629e-08 1.13486e-10 1.57167e-07)
(-5.92467e-08 1.06815e-10 1.62709e-07)
(-6.15581e-08 1.00354e-10 1.68295e-07)
(-6.38957e-08 9.4102e-11 1.73921e-07)
(-6.62577e-08 8.80577e-11 1.79586e-07)
(-6.86427e-08 8.22194e-11 1.85287e-07)
(-7.10491e-08 7.65856e-11 1.91022e-07)
(-7.34753e-08 7.1155e-11 1.96789e-07)
(-7.59199e-08 6.59261e-11 2.02585e-07)
(-7.83814e-08 6.08978e-11 2.08409e-07)
(-8.08584e-08 5.60689e-11 2.14258e-07)
(-8.33495e-08 5.14382e-11 2.20131e-07)
(-8.58534e-08 4.70047e-11 2.26026e-07)
(-8.83687e-08 4.27677e-11 2.31941e-07)
(-9.08943e-08 3.87262e-11 2.37874e-07)
(-9.34289e-08 3.48799e-11 2.43823e-07)
(-9.59713e-08 3.12281e-11 2.49787e-07)
(-9.85204e-08 2.77707e-11 2.55764e-07)
(-1.01075e-07 2.45076e-11 2.61753e-07)
(-1.03635e-07 2.14392e-11 2.67752e-07)
(-1.06198e-07 1.85659e-11 2.7376e-07)
(-1.08765e-07 1.58887e-11 2.79775e-07)
(-1.11333e-07 1.34088e-11 2.85796e-07)
(-1.13903e-07 1.11279e-11 2.91822e-07)
(-1.16474e-07 9.04809e-12 2.97852e-07)
(-1.19045e-07 7.17137e-12 3.03886e-07)
(-1.21615e-07 5.49931e-12 3.0992e-07)
(-1.24184e-07 4.03161e-12 3.15956e-07)
(-1.26753e-07 2.76356e-12 3.21993e-07)
(-1.29319e-07 1.68074e-12 3.28028e-07)
(-1.31884e-07 7.51332e-13 3.34063e-07)
(-1.34447e-07 -7.81539e-14 3.40096e-07)
(-1.37007e-07 -9.06393e-13 3.46127e-07)
(-1.39565e-07 -1.92198e-12 3.52156e-07)
(-1.92242e-10 3.88918e-10 -1.07055e-10)
(-4.94929e-10 6.3321e-10 1.80839e-11)
(-8.10211e-10 7.09498e-10 3.6701e-10)
(-1.12693e-09 7.50089e-10 9.28642e-10)
(-1.45625e-09 7.68711e-10 1.69852e-09)
(-1.80844e-09 7.70499e-10 2.6668e-09)
(-2.18943e-09 7.61513e-10 3.82435e-09)
(-2.60329e-09 7.46309e-10 5.16363e-09)
(-3.0531e-09 7.27861e-10 6.67845e-09)
(-3.54142e-09 7.07966e-10 8.36359e-09)
(-4.07054e-09 6.87631e-10 1.02146e-08)
(-4.64257e-09 6.67376e-10 1.22273e-08)
(-5.25954e-09 6.47441e-10 1.43979e-08)
(-5.92334e-09 6.27911e-10 1.67228e-08)
(-6.6357e-09 6.08797e-10 1.91984e-08)
(-7.3982e-09 5.90076e-10 2.18209e-08)
(-8.21226e-09 5.71715e-10 2.45869e-08)
(-9.07909e-09 5.53684e-10 2.74928e-08)
(-9.9997e-09 5.3596e-10 3.05348e-08)
(-1.09749e-08 5.18526e-10 3.37095e-08)
(-1.20054e-08 5.01374e-10 3.70133e-08)
(-1.30917e-08 4.84497e-10 4.04425e-08)
(-1.42339e-08 4.67895e-10 4.39935e-08)
(-1.54322e-08 4.5157e-10 4.76629e-08)
(-1.66867e-08 4.35523e-10 5.14471e-08)
(-1.7997e-08 4.19758e-10 5.53426e-08)
(-1.93629e-08 4.0428e-10 5.9346e-08)
(-2.07838e-08 3.8909e-10 6.34538e-08)
(-2.22592e-08 3.74192e-10 6.76626e-08)
(-2.37884e-08 3.5959e-10 7.19692e-08)
(-2.53706e-08 3.45285e-10 7.63701e-08)
(-2.70048e-08 3.3128e-10 8.08622e-08)
(-2.86899e-08 3.17575e-10 8.54422e-08)
(-3.0425e-08 3.04172e-10 9.0107e-08)
(-3.22089e-08 2.91071e-10 9.48534e-08)
(-3.40401e-08 2.78273e-10 9.96784e-08)
(-3.59176e-08 2.65778e-10 1.04579e-07)
(-3.78398e-08 2.53584e-10 1.09552e-07)
(-3.98054e-08 2.41693e-10 1.14595e-07)
(-4.18129e-08 2.30103e-10 1.19704e-07)
(-4.38608e-08 2.18812e-10 1.24878e-07)
(-4.59475e-08 2.07821e-10 1.30112e-07)
(-4.80715e-08 1.97127e-10 1.35405e-07)
(-5.02313e-08 1.86729e-10 1.40754e-07)
(-5.24251e-08 1.76625e-10 1.46155e-07)
(-5.46514e-08 1.66815e-10 1.51608e-07)
(-5.69086e-08 1.57295e-10 1.57108e-07)
(-5.9195e-08 1.48065e-10 1.62654e-07)
(-6.15091e-08 1.39123e-10 1.68242e-07)
(-6.38493e-08 1.30467e-10 1.73872e-07)
(-6.62139e-08 1.22094e-10 1.7954e-07)
(-6.86014e-08 1.14005e-10 1.85244e-07)
(-7.10103e-08 1.06196e-10 1.90981e-07)
(-7.3439e-08 9.86658e-11 1.96751e-07)
(-7.5886e-08 9.14136e-11 2.0255e-07)
(-7.83498e-08 8.44374e-11 2.08376e-07)
(-8.08291e-08 7.77361e-11 2.14228e-07)
(-8.33225e-08 7.13082e-11 2.20104e-07)
(-8.58285e-08 6.51527e-11 2.26001e-07)
(-8.83459e-08 5.92688e-11 2.31918e-07)
(-9.08735e-08 5.36555e-11 2.37853e-07)
(-9.341e-08 4.83124e-11 2.43804e-07)
(-9.59543e-08 4.3239e-11 2.4977e-07)
(-9.85052e-08 3.84353e-11 2.55749e-07)
(-1.01062e-07 3.39015e-11 2.6174e-07)
(-1.03623e-07 2.9638e-11 2.6774e-07)
(-1.06188e-07 2.56457e-11 2.73749e-07)
(-1.08756e-07 2.19259e-11 2.79766e-07)
(-1.11326e-07 1.84804e-11 2.85789e-07)
(-1.13897e-07 1.53114e-11 2.91816e-07)
(-1.16469e-07 1.24215e-11 2.97847e-07)
(-1.1904e-07 9.81357e-12 3.03881e-07)
(-1.21612e-07 7.48974e-12 3.09917e-07)
(-1.24182e-07 5.4501e-12 3.15954e-07)
(-1.26751e-07 3.68922e-12 3.21991e-07)
(-1.29318e-07 2.18856e-12 3.28027e-07)
(-1.31884e-07 9.03849e-13 3.34062e-07)
(-1.34447e-07 -2.43517e-13 3.40096e-07)
(-1.37007e-07 -1.43264e-12 3.46127e-07)
(-1.39565e-07 -3.21336e-12 3.52156e-07)
(-3.12096e-10 -5.51504e-10 8.76434e-12)
(-8.15555e-10 -9.01666e-10 1.74e-10)
(-1.31645e-09 -1.0062e-09 5.02237e-10)
(-1.81303e-09 -1.05466e-09 1.03513e-09)
(-2.32425e-09 -1.07132e-09 1.77739e-09)
(-2.86055e-09 -1.06703e-09 2.718e-09)
(-3.42552e-09 -1.05105e-09 3.84572e-09)
(-4.02133e-09 -1.02916e-09 5.15177e-09)
(-4.64993e-09 -1.00465e-09 6.62956e-09)
(-5.31326e-09 -9.79277e-10 8.27391e-09)
(-6.01327e-09 -9.53906e-10 1.00806e-08)
(-6.75198e-09 -9.28896e-10 1.20458e-08)
(-7.53136e-09 -9.04359e-10 1.41662e-08)
(-8.35332e-09 -8.80287e-10 1.64383e-08)
(-9.21963e-09 -8.56627e-10 1.8859e-08)
(-1.01319e-08 -8.33319e-10 2.14247e-08)
(-1.10916e-08 -8.10312e-10 2.41324e-08)
(-1.20999e-08 -7.87566e-10 2.69785e-08)
(-1.31579e-08 -7.65056e-10 2.99598e-08)
(-1.42665e-08 -7.42769e-10 3.30728e-08)
(-1.54264e-08 -7.20701e-10 3.63142e-08)
(-1.66379e-08 -6.98852e-10 3.96805e-08)
(-1.79016e-08 -6.77228e-10 4.31685e-08)
(-1.92174e-08 -6.55837e-10 4.67746e-08)
(-2.05855e-08 -6.34687e-10 5.04956e-08)
(-2.20057e-08 -6.13788e-10 5.43282e-08)
(-2.34777e-08 -5.9315e-10 5.8269e-08)
(-2.5001e-08 -5.72781e-10 6.23147e-08)
(-2.65752e-08 -5.5269e-10 6.6462e-08)
(-2.81996e-08 -5.32884e-10 7.07079e-08)
(-2.98733e-08 -5.13372e-10 7.5049e-08)
(-3.15957e-08 -4.94161e-10 7.94822e-08)
(-3.33657e-08 -4.75256e-10 8.40044e-08)
(-3.51822e-08 -4.56663e-10 8.86125e-08)
(-3.70442e-08 -4.38387e-10 9.33035e-08)
(-3.89504e-08 -4.20435e-10 9.80743e-08)
(-4.08997e-08 -4.0281e-10 1.02922e-07)
(-4.28907e-08 -3.85516e-10 1.07844e-07)
(-4.4922e-08 -3.68557e-10 1.12837e-07)
(-4.69923e-08 -3.51937e-10 1.17898e-07)
(-4.91e-08 -3.3566e-10 1.23024e-07)
(-5.12439e-08 -3.19728e-10 1.28214e-07)
(-5.34222e-08 -3.04145e-10 1.33463e-07)
(-5.56336e-08 -2.88913e-10 1.3877e-07)
(-5.78764e-08 -2.74035e-10 1.44131e-07)
(-6.01492e-08 -2.59514e-10 1.49545e-07)
(-6.24503e-08 -2.45352e-10 1.55008e-07)
(-6.47783e-08 -2.31551e-10 1.60518e-07)
(-6.71316e-08 -2.18115e-10 1.66073e-07)
(-6.95086e-08 -2.05045e-10 1.71671e-07)
(-7.19078e-08 -1.92343e-10 1.77308e-07)
(-7.43278e-08 -1.80012e-10 1.82984e-07)
(-7.6767e-08 -1.68055e-10 1.88694e-07)
(-7.92239e-08 -1.56474e-10 1.94438e-07)
(-8.16972e-08 -1.45271e-10 2.00213e-07)
(-8.41855e-08 -1.34448e-10 2.06018e-07)
(-8.66873e-08 -1.2401e-10 2.11849e-07)
(-8.92014e-08 -1.13957e-10 2.17705e-07)
(-9.17264e-08 -1.04294e-10 2.23584e-07)
(-9.42612e-08 -9.50235e-11 2.29484e-07)
(-9.68045e-08 -8.61483e-11 2.35404e-07)
(-9.93553e-08 -7.76721e-11 2.41341e-07)
(-1.01912e-07 -6.95985e-11 2.47295e-07)
(-1.04475e-07 -6.19315e-11 2.53262e-07)
(-1.07041e-07 -5.46752e-11 2.59242e-07)
(-1.09612e-07 -4.78342e-11 2.65234e-07)
(-1.12184e-07 -4.14135e-11 2.71235e-07)
(-1.14759e-07 -3.54186e-11 2.77244e-07)
(-1.17334e-07 -2.98558e-11 2.83261e-07)
(-1.1991e-07 -2.47317e-11 2.89283e-07)
(-1.22485e-07 -2.00539e-11 2.95309e-07)
(-1.2506e-07 -1.58304e-11 3.0134e-07)
(-1.27634e-07 -1.20689e-11 3.07372e-07)
(-1.30206e-07 -8.77513e-12 3.13406e-07)
(-1.32776e-07 -5.94942e-12 3.19441e-07)
(-1.35344e-07 -3.57851e-12 3.25476e-07)
(-1.3791e-07 -1.6192e-12 3.31509e-07)
(-1.40473e-07 2.55865e-14 3.37542e-07)
(-1.43033e-07 1.55957e-12 3.43573e-07)
(-1.45592e-07 3.359e-12 3.49602e-07)
(-1.80431e-10 -2.9251e-10 1.06878e-10)
(-7.067e-10 -5.70616e-10 3.70621e-10)
(-1.25709e-09 -6.99204e-10 7.36888e-10)
(-1.79209e-09 -7.56855e-10 1.28551e-09)
(-2.33293e-09 -7.76563e-10 2.03323e-09)
(-2.89237e-09 -7.75854e-10 2.9737e-09)
(-3.47485e-09 -7.64578e-10 4.09827e-09)
(-4.08368e-09 -7.48147e-10 5.39964e-09)
(-4.72197e-09 -7.29533e-10 6.87202e-09)
(-5.39257e-09 -7.10291e-10 8.51068e-09)
(-6.09819e-09 -6.91159e-10 1.03115e-08)
(-6.84129e-09 -6.7243e-10 1.2271e-08)
(-7.6242e-09 -6.54177e-10 1.43855e-08)
(-8.44903e-09 -6.36371e-10 1.66518e-08)
(-9.31768e-09 -6.18948e-10 1.90666e-08)
(-1.02319e-08 -6.01843e-10 2.16265e-08)
(-1.11931e-08 -5.85e-10 2.43284e-08)
(-1.22026e-08 -5.68378e-10 2.71687e-08)
(-1.32615e-08 -5.51951e-10 3.01442e-08)
(-1.43706e-08 -5.35703e-10 3.32515e-08)
(-1.55308e-08 -5.19627e-10 3.64872e-08)
(-1.67424e-08 -5.03721e-10 3.98479e-08)
(-1.80058e-08 -4.87988e-10 4.33302e-08)
(-1.93211e-08 -4.72432e-10 4.69309e-08)
(-2.06885e-08 -4.57061e-10 5.06465e-08)
(-2.21078e-08 -4.41879e-10 5.44737e-08)
(-2.35786e-08 -4.26895e-10 5.84092e-08)
(-2.51007e-08 -4.12114e-10 6.24498e-08)
(-2.66734e-08 -3.97542e-10 6.65921e-08)
(-2.82961e-08 -3.83186e-10 7.0833e-08)
(-2.99681e-08 -3.69049e-10 7.51692e-08)
(-3.16886e-08 -3.55138e-10 7.95976e-08)
(-3.34565e-08 -3.41456e-10 8.41151e-08)
(-3.52709e-08 -3.28007e-10 8.87187e-08)
(-3.71307e-08 -3.14794e-10 9.34052e-08)
(-3.90346e-08 -3.01822e-10 9.81716e-08)
(-4.09815e-08 -2.89093e-10 1.03015e-07)
(-4.297e-08 -2.76609e-10 1.07933e-07)
(-4.49988e-08 -2.64374e-10 1.12921e-07)
(-4.70665e-08 -2.52389e-10 1.17978e-07)
(-4.91716e-08 -2.40657e-10 1.23101e-07)
(-5.13128e-08 -2.2918e-10 1.28287e-07)
(-5.34885e-08 -2.17959e-10 1.33532e-07)
(-5.56972e-08 -2.06996e-10 1.38835e-07)
(-5.79373e-08 -1.96292e-10 1.44193e-07)
(-6.02074e-08 -1.85851e-10 1.49604e-07)
(-6.25059e-08 -1.75671e-10 1.55063e-07)
(-6.48312e-08 -1.65757e-10 1.60571e-07)
(-6.71818e-08 -1.56107e-10 1.66123e-07)
(-6.95562e-08 -1.46725e-10 1.71717e-07)
(-7.19528e-08 -1.37611e-10 1.77352e-07)
(-7.43702e-08 -1.28766e-10 1.83024e-07)
(-7.68069e-08 -1.20193e-10 1.88732e-07)
(-7.92614e-08 -1.11892e-10 1.94473e-07)
(-8.17322e-08 -1.03865e-10 2.00246e-07)
(-8.42181e-08 -9.6114e-11 2.06047e-07)
(-8.67176e-08 -8.86401e-11 2.11876e-07)
(-8.92294e-08 -8.14451e-11 2.1773e-07)
(-9.17523e-08 -7.45308e-11 2.23607e-07)
(-9.4285e-08 -6.78993e-11 2.29505e-07)
(-9.68262e-08 -6.15526e-11 2.35423e-07)
(-9.9375e-08 -5.54929e-11 2.41358e-07)
(-1.0193e-07 -4.97226e-11 2.4731e-07)
(-1.04491e-07 -4.42443e-11 2.53275e-07)
(-1.07056e-07 -3.90609e-11 2.59254e-07)
(-1.09624e-07 -3.41755e-11 2.65244e-07)
(-1.12195e-07 -2.95917e-11 2.71243e-07)
(-1.14768e-07 -2.53134e-11 2.77251e-07)
(-1.17342e-07 -2.13451e-11 2.83267e-07)
(-1.19917e-07 -1.7692e-11 2.89288e-07)
(-1.22491e-07 -1.43596e-11 2.95313e-07)
(-1.25065e-07 -1.13541e-11 3.01343e-07)
(-1.27637e-07 -8.68098e-12 3.07374e-07)
(-1.30209e-07 -6.34393e-12 3.13408e-07)
(-1.32778e-07 -4.34148e-12 3.19442e-07)
(-1.35345e-07 -2.66073e-12 3.25476e-07)
(-1.3791e-07 -1.26693e-12 3.3151e-07)
(-1.40473e-07 -9.26632e-14 3.37542e-07)
(-1.43034e-07 9.78031e-13 3.43573e-07)
(-1.45592e-07 2.11334e-12 3.49602e-07)
(-1.57136e-10 -1.48315e-10 1.63226e-10)
(-6.63335e-10 -3.19635e-10 4.89144e-10)
(-1.22165e-09 -4.08546e-10 8.82776e-10)
(-1.77385e-09 -4.51406e-10 1.44444e-09)
(-2.33179e-09 -4.67632e-10 2.19933e-09)
(-2.90626e-09 -4.69118e-10 3.14318e-09)
(-3.50118e-09 -4.62976e-10 4.2684e-09)
(-4.11989e-09 -4.5313e-10 5.56861e-09)
(-4.76587e-09 -4.41704e-10 7.03868e-09)
(-5.44243e-09 -4.29806e-10 8.67433e-09)
(-6.15265e-09 -4.17966e-10 1.04718e-08)
(-6.89936e-09 -4.06398e-10 1.24276e-08)
(-7.68511e-09 -3.95157e-10 1.45383e-08)
(-8.5122e-09 -3.84226e-10 1.68008e-08)
(-9.38266e-09 -3.73559e-10 1.92116e-08)
(-1.02983e-08 -3.63111e-10 2.17676e-08)
(-1.12606e-08 -3.52841e-10 2.44655e-08)
(-1.2271e-08 -3.4272e-10 2.73019e-08)
(-1.33306e-08 -3.32727e-10 3.02734e-08)
(-1.44402e-08 -3.2285e-10 3.33768e-08)
(-1.56005e-08 -3.13084e-10 3.66085e-08)
(-1.68122e-08 -3.03426e-10 3.99654e-08)
(-1.80755e-08 -2.93877e-10 4.34439e-08)
(-1.93906e-08 -2.8444e-10 4.70408e-08)
(-2.07575e-08 -2.75118e-10 5.07527e-08)
(-2.21762e-08 -2.65915e-10 5.45762e-08)
(-2.36463e-08 -2.56835e-10 5.85082e-08)
(-2.51675e-08 -2.47882e-10 6.25451e-08)
(-2.67392e-08 -2.39059e-10 6.6684e-08)
(-2.83609e-08 -2.3037e-10 7.09214e-08)
(-3.00317e-08 -2.21817e-10 7.52543e-08)
(-3.17509e-08 -2.13404e-10 7.96794e-08)
(-3.35175e-08 -2.05133e-10 8.41937e-08)
(-3.53305e-08 -1.97007e-10 8.8794e-08)
(-3.71887e-08 -1.89027e-10 9.34774e-08)
(-3.90911e-08 -1.81194e-10 9.82408e-08)
(-4.10364e-08 -1.73512e-10 1.03081e-07)
(-4.30232e-08 -1.65981e-10 1.07996e-07)
(-4.50503e-08 -1.58603e-10 1.12982e-07)
(-4.71163e-08 -1.51379e-10 1.18036e-07)
(-4.92197e-08 -1.4431e-10 1.23156e-07)
(-5.13591e-08 -1.37397e-10 1.28339e-07)
(-5.3533e-08 -1.30641e-10 1.33582e-07)
(-5.57399e-08 -1.24043e-10 1.38883e-07)
(-5.79782e-08 -1.17603e-10 1.44238e-07)
(-6.02465e-08 -1.11324e-10 1.49646e-07)
(-6.25432e-08 -1.05204e-10 1.55104e-07)
(-6.48667e-08 -9.92459e-11 1.60609e-07)
(-6.72155e-08 -9.34492e-11 1.66158e-07)
(-6.95881e-08 -8.78147e-11 1.71751e-07)
(-7.1983e-08 -8.23433e-11 1.77383e-07)
(-7.43987e-08 -7.70356e-11 1.83054e-07)
(-7.68337e-08 -7.18922e-11 1.8876e-07)
(-7.92865e-08 -6.6914e-11 1.94499e-07)
(-8.17557e-08 -6.21017e-11 2.0027e-07)
(-8.424e-08 -5.74561e-11 2.06069e-07)
(-8.67379e-08 -5.29781e-11 2.11896e-07)
(-8.92482e-08 -4.86685e-11 2.17749e-07)
(-9.17696e-08 -4.45283e-11 2.23624e-07)
(-9.43008e-08 -4.05587e-11 2.29521e-07)
(-9.68408e-08 -3.67607e-11 2.35437e-07)
(-9.93882e-08 -3.31355e-11 2.41371e-07)
(-1.01942e-07 -2.96845e-11 2.47321e-07)
(-1.04501e-07 -2.64093e-11 2.53286e-07)
(-1.07065e-07 -2.33114e-11 2.59263e-07)
(-1.09633e-07 -2.03927e-11 2.65252e-07)
(-1.12203e-07 -1.76552e-11 2.7125e-07)
(-1.14775e-07 -1.51015e-11 2.77257e-07)
(-1.17348e-07 -1.27343e-11 2.83272e-07)
(-1.19921e-07 -1.05567e-11 2.89292e-07)
(-1.22495e-07 -8.57221e-12 2.95317e-07)
(-1.25068e-07 -6.78449e-12 3.01345e-07)
(-1.2764e-07 -5.19679e-12 3.07377e-07)
(-1.3021e-07 -3.8109e-12 3.1341e-07)
(-1.32779e-07 -2.62499e-12 3.19443e-07)
(-1.35346e-07 -1.63005e-12 3.25477e-07)
(-1.37911e-07 -8.05022e-13 3.31511e-07)
(-1.40474e-07 -1.12152e-13 3.37543e-07)
(-1.43034e-07 5.10747e-13 3.43573e-07)
(-1.45592e-07 1.12862e-12 3.49602e-07)
(-1.51762e-10 -4.4718e-11 1.89432e-10)
(-6.49852e-10 -1.01528e-10 5.45184e-10)
(-1.20899e-09 -1.33379e-10 9.52686e-10)
(-1.76629e-09 -1.49444e-10 1.5214e-09)
(-2.33075e-09 -1.55858e-10 2.2807e-09)
(-2.91186e-09 -1.56838e-10 3.22717e-09)
(-3.51278e-09 -1.54989e-10 4.35355e-09)
(-4.13654e-09 -1.51759e-10 5.65381e-09)
(-4.7866e-09 -1.47932e-10 7.12318e-09)
(-5.46639e-09 -1.43918e-10 8.75763e-09)
(-6.17915e-09 -1.39915e-10 1.05536e-08)
(-6.92785e-09 -1.36003e-10 1.25076e-08)
(-7.71517e-09 -1.32207e-10 1.46166e-08)
(-8.5435e-09 -1.2852e-10 1.68771e-08)
(-9.41495e-09 -1.24927e-10 1.9286e-08)
(-1.03314e-08 -1.21412e-10 2.184e-08)
(-1.12943e-08 -1.17961e-10 2.45359e-08)
(-1.23052e-08 -1.14561e-10 2.73702e-08)
(-1.33651e-08 -1.11207e-10 3.03398e-08)
(-1.44749e-08 -1.07893e-10 3.34411e-08)
(-1.56354e-08 -1.04618e-10 3.66709e-08)
(-1.68471e-08 -1.01379e-10 4.00258e-08)
(-1.81103e-08 -9.81782e-11 4.35024e-08)
(-1.94253e-08 -9.50152e-11 4.70974e-08)
(-2.0792e-08 -9.18913e-11 5.08073e-08)
(-2.22104e-08 -8.88079e-11 5.4629e-08)
(-2.36801e-08 -8.57663e-11 5.85591e-08)
(-2.52009e-08 -8.27677e-11 6.25942e-08)
(-2.67722e-08 -7.98132e-11 6.67313e-08)
(-2.83933e-08 -7.69041e-11 7.0967e-08)
(-3.00636e-08 -7.40413e-11 7.52981e-08)
(-3.17821e-08 -7.12258e-11 7.97216e-08)
(-3.3548e-08 -6.84583e-11 8.42342e-08)
(-3.53603e-08 -6.57395e-11 8.88329e-08)
(-3.72178e-08 -6.30703e-11 9.35148e-08)
(-3.91194e-08 -6.04511e-11 9.82766e-08)
(-4.10638e-08 -5.78824e-11 1.03116e-07)
(-4.30499e-08 -5.53649e-11 1.08029e-07)
(-4.50761e-08 -5.28988e-11 1.13013e-07)
(-4.71412e-08 -5.04846e-11 1.18066e-07)
(-4.92438e-08 -4.81227e-11 1.23185e-07)
(-5.13823e-08 -4.58134e-11 1.28366e-07)
(-5.35553e-08 -4.35569e-11 1.33608e-07)
(-5.57612e-08 -4.13536e-11 1.38907e-07)
(-5.79987e-08 -3.92036e-11 1.44262e-07)
(-6.0266e-08 -3.71073e-11 1.49668e-07)
(-6.25618e-08 -3.50648e-11 1.55125e-07)
(-6.48844e-08 -3.30763e-11 1.60628e-07)
(-6.72324e-08 -3.11421e-11 1.66177e-07)
(-6.96041e-08 -2.92624e-11 1.71768e-07)
(-7.19981e-08 -2.74373e-11 1.774e-07)
(-7.44129e-08 -2.56671e-11 1.83069e-07)
(-7.6847e-08 -2.39519e-11 1.88774e-07)
(-7.9299e-08 -2.22921e-11 1.94512e-07)
(-8.17674e-08 -2.06878e-11 2.00282e-07)
(-8.42509e-08 -1.91392e-11 2.06081e-07)
(-8.67481e-08 -1.76468e-11 2.11907e-07)
(-8.92576e-08 -1.62106e-11 2.17758e-07)
(-9.17782e-08 -1.48311e-11 2.23633e-07)
(-9.43088e-08 -1.35086e-11 2.29529e-07)
(-9.6848e-08 -1.22434e-11 2.35445e-07)
(-9.93948e-08 -1.10359e-11 2.41378e-07)
(-1.01948e-07 -9.88665e-12 2.47327e-07)
(-1.04507e-07 -8.79601e-12 2.53291e-07)
(-1.0707e-07 -7.76457e-12 2.59268e-07)
(-1.09637e-07 -6.79294e-12 2.65256e-07)
(-1.12206e-07 -5.88182e-12 2.71254e-07)
(-1.14778e-07 -5.03202e-12 2.77261e-07)
(-1.1735e-07 -4.24448e-12 2.83274e-07)
(-1.19924e-07 -3.52026e-12 2.89294e-07)
(-1.22497e-07 -2.86055e-12 2.95319e-07)
(-1.25069e-07 -2.26656e-12 3.01347e-07)
(-1.27641e-07 -1.73933e-12 3.07378e-07)
(-1.30211e-07 -1.27934e-12 3.13411e-07)
(-1.3278e-07 -8.85771e-13 3.19444e-07)
(-1.35347e-07 -5.55351e-13 3.25478e-07)
(-1.37911e-07 -2.81012e-13 3.31511e-07)
(-1.40474e-07 -5.07867e-14 3.37543e-07)
(-1.43034e-07 1.54249e-13 3.43574e-07)
(-1.45593e-07 3.51088e-13 3.49602e-07)
(-1.51762e-10 4.4718e-11 1.89432e-10)
(-6.49852e-10 1.01528e-10 5.45184e-10)
(-1.20899e-09 1.33379e-10 9.52686e-10)
(-1.76629e-09 1.49444e-10 1.5214e-09)
(-2.33075e-09 1.55858e-10 2.2807e-09)
(-2.91186e-09 1.56838e-10 3.22717e-09)
(-3.51278e-09 1.54989e-10 4.35355e-09)
(-4.13654e-09 1.51759e-10 5.65381e-09)
(-4.7866e-09 1.47932e-10 7.12318e-09)
(-5.46639e-09 1.43918e-10 8.75763e-09)
(-6.17915e-09 1.39915e-10 1.05536e-08)
(-6.92785e-09 1.36003e-10 1.25076e-08)
(-7.71517e-09 1.32207e-10 1.46166e-08)
(-8.5435e-09 1.2852e-10 1.68771e-08)
(-9.41495e-09 1.24927e-10 1.9286e-08)
(-1.03314e-08 1.21412e-10 2.184e-08)
(-1.12943e-08 1.17961e-10 2.45359e-08)
(-1.23052e-08 1.14561e-10 2.73702e-08)
(-1.33651e-08 1.11207e-10 3.03398e-08)
(-1.44749e-08 1.07894e-10 3.34411e-08)
(-1.56354e-08 1.04618e-10 3.66709e-08)
(-1.68471e-08 1.01379e-10 4.00258e-08)
(-1.81103e-08 9.81782e-11 4.35024e-08)
(-1.94253e-08 9.50152e-11 4.70974e-08)
(-2.0792e-08 9.18913e-11 5.08073e-08)
(-2.22104e-08 8.88079e-11 5.4629e-08)
(-2.36801e-08 8.57663e-11 5.85591e-08)
(-2.52009e-08 8.27677e-11 6.25942e-08)
(-2.67722e-08 7.98133e-11 6.67313e-08)
(-2.83933e-08 7.69041e-11 7.0967e-08)
(-3.00636e-08 7.40414e-11 7.52981e-08)
(-3.17821e-08 7.12258e-11 7.97216e-08)
(-3.3548e-08 6.84583e-11 8.42342e-08)
(-3.53603e-08 6.57396e-11 8.88329e-08)
(-3.72178e-08 6.30703e-11 9.35148e-08)
(-3.91194e-08 6.04511e-11 9.82766e-08)
(-4.10638e-08 5.78824e-11 1.03116e-07)
(-4.30499e-08 5.53649e-11 1.08029e-07)
(-4.50761e-08 5.28988e-11 1.13013e-07)
(-4.71412e-08 5.04846e-11 1.18066e-07)
(-4.92438e-08 4.81227e-11 1.23185e-07)
(-5.13823e-08 4.58134e-11 1.28366e-07)
(-5.35553e-08 4.35569e-11 1.33608e-07)
(-5.57612e-08 4.13536e-11 1.38907e-07)
(-5.79987e-08 3.92036e-11 1.44262e-07)
(-6.0266e-08 3.71073e-11 1.49668e-07)
(-6.25618e-08 3.50648e-11 1.55125e-07)
(-6.48844e-08 3.30763e-11 1.60628e-07)
(-6.72324e-08 3.11421e-11 1.66177e-07)
(-6.96041e-08 2.92624e-11 1.71768e-07)
(-7.19981e-08 2.74373e-11 1.774e-07)
(-7.44129e-08 2.5667e-11 1.83069e-07)
(-7.6847e-08 2.39519e-11 1.88774e-07)
(-7.9299e-08 2.22921e-11 1.94512e-07)
(-8.17674e-08 2.06877e-11 2.00282e-07)
(-8.42509e-08 1.91392e-11 2.06081e-07)
(-8.67481e-08 1.76467e-11 2.11907e-07)
(-8.92576e-08 1.62106e-11 2.17758e-07)
(-9.17782e-08 1.48311e-11 2.23633e-07)
(-9.43088e-08 1.35086e-11 2.29529e-07)
(-9.6848e-08 1.22434e-11 2.35445e-07)
(-9.93948e-08 1.10359e-11 2.41378e-07)
(-1.01948e-07 9.8866e-12 2.47327e-07)
(-1.04507e-07 8.79596e-12 2.53291e-07)
(-1.0707e-07 7.76451e-12 2.59268e-07)
(-1.09637e-07 6.79288e-12 2.65256e-07)
(-1.12206e-07 5.88176e-12 2.71254e-07)
(-1.14778e-07 5.03196e-12 2.77261e-07)
(-1.1735e-07 4.24441e-12 2.83274e-07)
(-1.19924e-07 3.52019e-12 2.89294e-07)
(-1.22497e-07 2.86048e-12 2.95319e-07)
(-1.25069e-07 2.26648e-12 3.01347e-07)
(-1.27641e-07 1.73925e-12 3.07378e-07)
(-1.30211e-07 1.27925e-12 3.13411e-07)
(-1.3278e-07 8.85683e-13 3.19444e-07)
(-1.35347e-07 5.55257e-13 3.25478e-07)
(-1.37911e-07 2.80914e-13 3.31511e-07)
(-1.40474e-07 5.06885e-14 3.37543e-07)
(-1.43034e-07 -1.5435e-13 3.43574e-07)
(-1.45593e-07 -3.51206e-13 3.49602e-07)
(-1.57136e-10 1.48315e-10 1.63226e-10)
(-6.63335e-10 3.19635e-10 4.89144e-10)
(-1.22165e-09 4.08546e-10 8.82776e-10)
(-1.77385e-09 4.51406e-10 1.44444e-09)
(-2.33179e-09 4.67632e-10 2.19933e-09)
(-2.90626e-09 4.69118e-10 3.14318e-09)
(-3.50118e-09 4.62976e-10 4.2684e-09)
(-4.11989e-09 4.5313e-10 5.56861e-09)
(-4.76587e-09 4.41704e-10 7.03868e-09)
(-5.44243e-09 4.29806e-10 8.67433e-09)
(-6.15265e-09 4.17966e-10 1.04718e-08)
(-6.89936e-09 4.06398e-10 1.24276e-08)
(-7.68511e-09 3.95157e-10 1.45383e-08)
(-8.5122e-09 3.84226e-10 1.68008e-08)
(-9.38266e-09 3.73559e-10 1.92116e-08)
(-1.02983e-08 3.63111e-10 2.17676e-08)
(-1.12606e-08 3.52841e-10 2.44655e-08)
(-1.2271e-08 3.4272e-10 2.73019e-08)
(-1.33306e-08 3.32727e-10 3.02734e-08)
(-1.44402e-08 3.2285e-10 3.33768e-08)
(-1.56005e-08 3.13084e-10 3.66085e-08)
(-1.68122e-08 3.03426e-10 3.99654e-08)
(-1.80755e-08 2.93877e-10 4.34439e-08)
(-1.93906e-08 2.8444e-10 4.70408e-08)
(-2.07575e-08 2.75118e-10 5.07527e-08)
(-2.21762e-08 2.65915e-10 5.45762e-08)
(-2.36463e-08 2.56835e-10 5.85082e-08)
(-2.51675e-08 2.47882e-10 6.25451e-08)
(-2.67392e-08 2.39059e-10 6.6684e-08)
(-2.83609e-08 2.3037e-10 7.09214e-08)
(-3.00317e-08 2.21817e-10 7.52543e-08)
(-3.17509e-08 2.13404e-10 7.96794e-08)
(-3.35175e-08 2.05133e-10 8.41937e-08)
(-3.53305e-08 1.97007e-10 8.8794e-08)
(-3.71887e-08 1.89027e-10 9.34774e-08)
(-3.90911e-08 1.81194e-10 9.82408e-08)
(-4.10364e-08 1.73512e-10 1.03081e-07)
(-4.30232e-08 1.65981e-10 1.07996e-07)
(-4.50503e-08 1.58603e-10 1.12982e-07)
(-4.71163e-08 1.51379e-10 1.18036e-07)
(-4.92197e-08 1.4431e-10 1.23156e-07)
(-5.13591e-08 1.37397e-10 1.28339e-07)
(-5.3533e-08 1.30641e-10 1.33582e-07)
(-5.57399e-08 1.24043e-10 1.38883e-07)
(-5.79782e-08 1.17603e-10 1.44238e-07)
(-6.02465e-08 1.11324e-10 1.49646e-07)
(-6.25432e-08 1.05204e-10 1.55104e-07)
(-6.48667e-08 9.92459e-11 1.60609e-07)
(-6.72155e-08 9.34491e-11 1.66158e-07)
(-6.95881e-08 8.78147e-11 1.71751e-07)
(-7.1983e-08 8.23433e-11 1.77383e-07)
(-7.43987e-08 7.70355e-11 1.83054e-07)
(-7.68337e-08 7.18922e-11 1.8876e-07)
(-7.92865e-08 6.6914e-11 1.94499e-07)
(-8.17557e-08 6.21017e-11 2.0027e-07)
(-8.424e-08 5.74561e-11 2.06069e-07)
(-8.67379e-08 5.2978e-11 2.11896e-07)
(-8.92482e-08 4.86684e-11 2.17749e-07)
(-9.17696e-08 4.45283e-11 2.23624e-07)
(-9.43008e-08 4.05586e-11 2.29521e-07)
(-9.68408e-08 3.67606e-11 2.35437e-07)
(-9.93882e-08 3.31354e-11 2.41371e-07)
(-1.01942e-07 2.96845e-11 2.47321e-07)
(-1.04501e-07 2.64092e-11 2.53286e-07)
(-1.07065e-07 2.33113e-11 2.59263e-07)
(-1.09633e-07 2.03926e-11 2.65252e-07)
(-1.12203e-07 1.76552e-11 2.7125e-07)
(-1.14775e-07 1.51015e-11 2.77257e-07)
(-1.17348e-07 1.27342e-11 2.83272e-07)
(-1.19921e-07 1.05566e-11 2.89292e-07)
(-1.22495e-07 8.57214e-12 2.95317e-07)
(-1.25068e-07 6.78441e-12 3.01345e-07)
(-1.2764e-07 5.19671e-12 3.07377e-07)
(-1.3021e-07 3.81081e-12 3.1341e-07)
(-1.32779e-07 2.6249e-12 3.19443e-07)
(-1.35346e-07 1.62996e-12 3.25477e-07)
(-1.37911e-07 8.04925e-13 3.31511e-07)
(-1.40474e-07 1.1205e-13 3.37543e-07)
(-1.43034e-07 -5.10859e-13 3.43573e-07)
(-1.45592e-07 -1.12873e-12 3.49602e-07)
(-1.80431e-10 2.9251e-10 1.06878e-10)
(-7.067e-10 5.70616e-10 3.70621e-10)
(-1.25709e-09 6.99204e-10 7.36888e-10)
(-1.79209e-09 7.56855e-10 1.28551e-09)
(-2.33293e-09 7.76563e-10 2.03323e-09)
(-2.89237e-09 7.75854e-10 2.9737e-09)
(-3.47485e-09 7.64578e-10 4.09827e-09)
(-4.08368e-09 7.48147e-10 5.39964e-09)
(-4.72197e-09 7.29533e-10 6.87202e-09)
(-5.39257e-09 7.10291e-10 8.51068e-09)
(-6.09819e-09 6.91159e-10 1.03115e-08)
(-6.84129e-09 6.7243e-10 1.2271e-08)
(-7.6242e-09 6.54177e-10 1.43855e-08)
(-8.44903e-09 6.36371e-10 1.66518e-08)
(-9.31768e-09 6.18948e-10 1.90666e-08)
(-1.02319e-08 6.01843e-10 2.16265e-08)
(-1.11931e-08 5.85e-10 2.43284e-08)
(-1.22026e-08 5.68378e-10 2.71687e-08)
(-1.32615e-08 5.51951e-10 3.01442e-08)
(-1.43706e-08 5.35703e-10 3.32515e-08)
(-1.55308e-08 5.19627e-10 3.64872e-08)
(-1.67424e-08 5.03721e-10 3.98479e-08)
(-1.80058e-08 4.87988e-10 4.33302e-08)
(-1.93211e-08 4.72432e-10 4.69309e-08)
(-2.06885e-08 4.57061e-10 5.06465e-08)
(-2.21078e-08 4.41879e-10 5.44737e-08)
(-2.35786e-08 4.26895e-10 5.84092e-08)
(-2.51007e-08 4.12114e-10 6.24498e-08)
(-2.66734e-08 3.97542e-10 6.65921e-08)
(-2.82961e-08 3.83186e-10 7.0833e-08)
(-2.99681e-08 3.69049e-10 7.51692e-08)
(-3.16886e-08 3.55138e-10 7.95976e-08)
(-3.34565e-08 3.41456e-10 8.41151e-08)
(-3.52709e-08 3.28007e-10 8.87187e-08)
(-3.71307e-08 3.14794e-10 9.34052e-08)
(-3.90346e-08 3.01822e-10 9.81716e-08)
(-4.09815e-08 2.89093e-10 1.03015e-07)
(-4.297e-08 2.76609e-10 1.07933e-07)
(-4.49988e-08 2.64374e-10 1.12921e-07)
(-4.70665e-08 2.52389e-10 1.17978e-07)
(-4.91716e-08 2.40657e-10 1.23101e-07)
(-5.13128e-08 2.2918e-10 1.28287e-07)
(-5.34885e-08 2.17959e-10 1.33532e-07)
(-5.56972e-08 2.06996e-10 1.38835e-07)
(-5.79373e-08 1.96292e-10 1.44193e-07)
(-6.02074e-08 1.85851e-10 1.49604e-07)
(-6.25059e-08 1.75671e-10 1.55063e-07)
(-6.48312e-08 1.65757e-10 1.60571e-07)
(-6.71818e-08 1.56107e-10 1.66123e-07)
(-6.95562e-08 1.46725e-10 1.71717e-07)
(-7.19528e-08 1.37611e-10 1.77352e-07)
(-7.43702e-08 1.28766e-10 1.83024e-07)
(-7.68069e-08 1.20193e-10 1.88732e-07)
(-7.92614e-08 1.11892e-10 1.94473e-07)
(-8.17322e-08 1.03865e-10 2.00246e-07)
(-8.42181e-08 9.6114e-11 2.06047e-07)
(-8.67176e-08 8.864e-11 2.11876e-07)
(-8.92294e-08 8.1445e-11 2.1773e-07)
(-9.17523e-08 7.45308e-11 2.23607e-07)
(-9.4285e-08 6.78993e-11 2.29505e-07)
(-9.68262e-08 6.15526e-11 2.35423e-07)
(-9.9375e-08 5.54929e-11 2.41358e-07)
(-1.0193e-07 4.97226e-11 2.4731e-07)
(-1.04491e-07 4.42443e-11 2.53275e-07)
(-1.07056e-07 3.90609e-11 2.59254e-07)
(-1.09624e-07 3.41755e-11 2.65244e-07)
(-1.12195e-07 2.95916e-11 2.71243e-07)
(-1.14768e-07 2.53133e-11 2.77251e-07)
(-1.17342e-07 2.13451e-11 2.83267e-07)
(-1.19917e-07 1.76919e-11 2.89288e-07)
(-1.22491e-07 1.43596e-11 2.95313e-07)
(-1.25065e-07 1.1354e-11 3.01343e-07)
(-1.27637e-07 8.6809e-12 3.07374e-07)
(-1.30209e-07 6.34384e-12 3.13408e-07)
(-1.32778e-07 4.34139e-12 3.19442e-07)
(-1.35345e-07 2.66063e-12 3.25476e-07)
(-1.3791e-07 1.26683e-12 3.3151e-07)
(-1.40473e-07 9.25503e-14 3.37542e-07)
(-1.43034e-07 -9.78147e-13 3.43573e-07)
(-1.45592e-07 -2.11344e-12 3.49602e-07)
(-3.12096e-10 5.51504e-10 8.76434e-12)
(-8.15555e-10 9.01666e-10 1.74e-10)
(-1.31645e-09 1.0062e-09 5.02237e-10)
(-1.81303e-09 1.05466e-09 1.03513e-09)
(-2.32425e-09 1.07132e-09 1.77739e-09)
(-2.86055e-09 1.06703e-09 2.718e-09)
(-3.42552e-09 1.05105e-09 3.84572e-09)
(-4.02133e-09 1.02916e-09 5.15177e-09)
(-4.64993e-09 1.00465e-09 6.62956e-09)
(-5.31326e-09 9.79277e-10 8.27391e-09)
(-6.01327e-09 9.53906e-10 1.00806e-08)
(-6.75198e-09 9.28896e-10 1.20458e-08)
(-7.53136e-09 9.04359e-10 1.41662e-08)
(-8.35332e-09 8.80287e-10 1.64383e-08)
(-9.21963e-09 8.56627e-10 1.8859e-08)
(-1.01319e-08 8.33319e-10 2.14247e-08)
(-1.10916e-08 8.10312e-10 2.41324e-08)
(-1.20999e-08 7.87566e-10 2.69785e-08)
(-1.31579e-08 7.65056e-10 2.99598e-08)
(-1.42665e-08 7.42769e-10 3.30728e-08)
(-1.54264e-08 7.20701e-10 3.63142e-08)
(-1.66379e-08 6.98852e-10 3.96805e-08)
(-1.79016e-08 6.77228e-10 4.31685e-08)
(-1.92174e-08 6.55837e-10 4.67746e-08)
(-2.05855e-08 6.34687e-10 5.04956e-08)
(-2.20057e-08 6.13788e-10 5.43282e-08)
(-2.34777e-08 5.9315e-10 5.8269e-08)
(-2.5001e-08 5.72781e-10 6.23147e-08)
(-2.65752e-08 5.5269e-10 6.6462e-08)
(-2.81996e-08 5.32884e-10 7.07079e-08)
(-2.98733e-08 5.13372e-10 7.5049e-08)
(-3.15957e-08 4.94161e-10 7.94822e-08)
(-3.33657e-08 4.75256e-10 8.40044e-08)
(-3.51822e-08 4.56663e-10 8.86125e-08)
(-3.70442e-08 4.38387e-10 9.33035e-08)
(-3.89504e-08 4.20435e-10 9.80743e-08)
(-4.08997e-08 4.0281e-10 1.02922e-07)
(-4.28907e-08 3.85516e-10 1.07844e-07)
(-4.4922e-08 3.68557e-10 1.12837e-07)
(-4.69923e-08 3.51937e-10 1.17898e-07)
(-4.91e-08 3.3566e-10 1.23024e-07)
(-5.12439e-08 3.19728e-10 1.28214e-07)
(-5.34222e-08 3.04145e-10 1.33463e-07)
(-5.56336e-08 2.88913e-10 1.3877e-07)
(-5.78764e-08 2.74035e-10 1.44131e-07)
(-6.01492e-08 2.59514e-10 1.49545e-07)
(-6.24503e-08 2.45352e-10 1.55008e-07)
(-6.47783e-08 2.31551e-10 1.60518e-07)
(-6.71316e-08 2.18115e-10 1.66073e-07)
(-6.95086e-08 2.05045e-10 1.71671e-07)
(-7.19078e-08 1.92343e-10 1.77308e-07)
(-7.43278e-08 1.80012e-10 1.82984e-07)
(-7.6767e-08 1.68055e-10 1.88694e-07)
(-7.92239e-08 1.56474e-10 1.94438e-07)
(-8.16972e-08 1.45271e-10 2.00213e-07)
(-8.41855e-08 1.34448e-10 2.06018e-07)
(-8.66873e-08 1.2401e-10 2.11849e-07)
(-8.92014e-08 1.13957e-10 2.17705e-07)
(-9.17264e-08 1.04294e-10 2.23584e-07)
(-9.42612e-08 9.50235e-11 2.29484e-07)
(-9.68045e-08 8.61483e-11 2.35404e-07)
(-9.93553e-08 7.76721e-11 2.41341e-07)
(-1.01912e-07 6.95985e-11 2.47295e-07)
(-1.04475e-07 6.19314e-11 2.53262e-07)
(-1.07041e-07 5.46751e-11 2.59242e-07)
(-1.09612e-07 4.78341e-11 2.65234e-07)
(-1.12184e-07 4.14134e-11 2.71235e-07)
(-1.14759e-07 3.54186e-11 2.77244e-07)
(-1.17334e-07 2.98557e-11 2.83261e-07)
(-1.1991e-07 2.47316e-11 2.89283e-07)
(-1.22485e-07 2.00539e-11 2.95309e-07)
(-1.2506e-07 1.58304e-11 3.0134e-07)
(-1.27634e-07 1.20688e-11 3.07372e-07)
(-1.30206e-07 8.77504e-12 3.13406e-07)
(-1.32776e-07 5.94933e-12 3.19441e-07)
(-1.35344e-07 3.57842e-12 3.25476e-07)
(-1.3791e-07 1.6191e-12 3.31509e-07)
(-1.40473e-07 -2.56828e-14 3.37542e-07)
(-1.43033e-07 -1.55968e-12 3.43573e-07)
(-1.45592e-07 -3.35913e-12 3.49602e-07)
(-5.01653e-10 -7.12866e-10 2.82675e-10)
(-1.17374e-09 -1.18974e-09 4.83332e-10)
(-1.84082e-09 -1.31572e-09 7.52448e-10)
(-2.5239e-09 -1.36301e-09 1.25131e-09)
(-3.22928e-09 -1.37494e-09 1.9689e-09)
(-3.95979e-09 -1.36386e-09 2.88203e-09)
(-4.71595e-09 -1.34014e-09 3.97701e-09)
(-5.49867e-09 -1.31071e-09 5.24525e-09)
(-6.30939e-09 -1.27931e-09 6.68071e-09)
(-7.14993e-09 -1.24767e-09 8.27879e-09)
(-8.02233e-09 -1.21648e-09 1.00357e-08)
(-8.92873e-09 -1.18594e-09 1.19483e-08)
(-9.87121e-09 -1.15603e-09 1.40132e-08)
(-1.08518e-08 -1.12665e-09 1.62277e-08)
(-1.18723e-08 -1.09769e-09 1.85887e-08)
(-1.29345e-08 -1.06905e-09 2.10931e-08)
(-1.40397e-08 -1.04068e-09 2.3738e-08)
(-1.51894e-08 -1.01252e-09 2.65202e-08)
(-1.63845e-08 -9.84565e-10 2.94365e-08)
(-1.7626e-08 -9.56792e-10 3.24838e-08)
(-1.89146e-08 -9.29211e-10 3.5659e-08)
(-2.02509e-08 -9.01829e-10 3.89588e-08)
(-2.16352e-08 -8.74662e-10 4.23801e-08)
(-2.30677e-08 -8.47723e-10 4.59196e-08)
(-2.45485e-08 -8.2103e-10 4.95742e-08)
(-2.60776e-08 -7.94598e-10 5.33407e-08)
(-2.76545e-08 -7.68442e-10 5.72158e-08)
(-2.92792e-08 -7.42578e-10 6.11966e-08)
(-3.09509e-08 -7.17019e-10 6.52797e-08)
(-3.26692e-08 -6.91779e-10 6.94623e-08)
(-3.44334e-08 -6.66868e-10 7.3741e-08)
(-3.62426e-08 -6.42299e-10 7.8113e-08)
(-3.80961e-08 -6.18082e-10 8.25751e-08)
(-3.99927e-08 -5.94227e-10 8.71245e-08)
(-4.19315e-08 -5.70742e-10 9.1758e-08)
(-4.39114e-08 -5.47637e-10 9.64729e-08)
(-4.59311e-08 -5.24919e-10 1.01266e-07)
(-4.79895e-08 -5.02596e-10 1.06135e-07)
(-5.00851e-08 -4.80675e-10 1.11076e-07)
(-5.22168e-08 -4.59163e-10 1.16088e-07)
(-5.43831e-08 -4.38065e-10 1.21166e-07)
(-5.65827e-08 -4.17388e-10 1.26309e-07)
(-5.8814e-08 -3.97138e-10 1.31514e-07)
(-6.10757e-08 -3.7732e-10 1.36777e-07)
(-6.33662e-08 -3.57939e-10 1.42097e-07)
(-6.56841e-08 -3.39002e-10 1.47472e-07)
(-6.8028e-08 -3.20511e-10 1.52897e-07)
(-7.03962e-08 -3.02474e-10 1.58372e-07)
(-7.27874e-08 -2.84894e-10 1.63893e-07)
(-7.52e-08 -2.67776e-10 1.69458e-07)
(-7.76326e-08 -2.51126e-10 1.75064e-07)
(-8.00838e-08 -2.34947e-10 1.80711e-07)
(-8.25521e-08 -2.19246e-10 1.86394e-07)
(-8.50362e-08 -2.04026e-10 1.92112e-07)
(-8.75346e-08 -1.89294e-10 1.97863e-07)
(-9.00461e-08 -1.75054e-10 2.03645e-07)
(-9.25693e-08 -1.61312e-10 2.09455e-07)
(-9.5103e-08 -1.48072e-10 2.15292e-07)
(-9.76459e-08 -1.35342e-10 2.21153e-07)
(-1.00197e-07 -1.23126e-10 2.27037e-07)
(-1.02755e-07 -1.11431e-10 2.32942e-07)
(-1.05319e-07 -1.00264e-10 2.38865e-07)
(-1.07888e-07 -8.96303e-11 2.44806e-07)
(-1.1046e-07 -7.95376e-11 2.50763e-07)
(-1.13036e-07 -6.99932e-11 2.56733e-07)
(-1.15614e-07 -6.1005e-11 2.62715e-07)
(-1.18194e-07 -5.25813e-11 2.68709e-07)
(-1.20774e-07 -4.47313e-11 2.74712e-07)
(-1.23354e-07 -3.74647e-11 2.80722e-07)
(-1.25933e-07 -3.07926e-11 2.8674e-07)
(-1.28512e-07 -2.47271e-11 2.92762e-07)
(-1.31088e-07 -1.92815e-11 2.98789e-07)
(-1.33663e-07 -1.44698e-11 3.04819e-07)
(-1.36236e-07 -1.03058e-11 3.10852e-07)
(-1.38807e-07 -6.80063e-12 3.16885e-07)
(-1.41375e-07 -3.95663e-12 3.22919e-07)
(-1.4394e-07 -1.75551e-12 3.28953e-07)
(-1.46502e-07 -1.37478e-13 3.34985e-07)
(-1.49063e-07 1.04431e-12 3.41016e-07)
(-1.51621e-07 2.09549e-12 3.47046e-07)
(-3.61434e-10 -3.88068e-10 4.26767e-10)
(-1.0555e-09 -7.57322e-10 7.29751e-10)
(-1.77528e-09 -9.14761e-10 1.02186e-09)
(-2.49974e-09 -9.77782e-10 1.52527e-09)
(-3.23698e-09 -9.95659e-10 2.24063e-09)
(-3.99205e-09 -9.90481e-10 3.14832e-09)
(-4.76656e-09 -9.73867e-10 4.2366e-09)
(-5.5627e-09 -9.52142e-10 5.49781e-09)
(-6.38326e-09 -9.28629e-10 6.92636e-09)
(-7.23113e-09 -9.04912e-10 8.51779e-09)
(-8.10912e-09 -8.81638e-10 1.02683e-08)
(-9.01988e-09 -8.58993e-10 1.21747e-08)
(-9.96586e-09 -8.36951e-10 1.42336e-08)
(-1.09493e-08 -8.15414e-10 1.64421e-08)
(-1.19721e-08 -7.94275e-10 1.87971e-08)
(-1.30362e-08 -7.73438e-10 2.12956e-08)
(-1.41429e-08 -7.52836e-10 2.39346e-08)
(-1.52937e-08 -7.32422e-10 2.67108e-08)
(-1.64897e-08 -7.1217e-10 2.96213e-08)
(-1.77318e-08 -6.92067e-10 3.26629e-08)
(-1.90207e-08 -6.72112e-10 3.58323e-08)
(-2.03569e-08 -6.52308e-10 3.91264e-08)
(-2.1741e-08 -6.32663e-10 4.2542e-08)
(-2.3173e-08 -6.13187e-10 4.6076e-08)
(-2.46531e-08 -5.93893e-10 4.97251e-08)
(-2.61811e-08 -5.7479e-10 5.34861e-08)
(-2.7757e-08 -5.55889e-10 5.7356e-08)
(-2.93803e-08 -5.37202e-10 6.13316e-08)
(-3.10505e-08 -5.18737e-10 6.54096e-08)
(-3.27672e-08 -5.00505e-10 6.95871e-08)
(-3.45296e-08 -4.82513e-10 7.3861e-08)
(-3.63369e-08 -4.64769e-10 7.82282e-08)
(-3.81882e-08 -4.47281e-10 8.26856e-08)
(-4.00827e-08 -4.30055e-10 8.72304e-08)
(-4.20193e-08 -4.13098e-10 9.18594e-08)
(-4.39968e-08 -3.96416e-10 9.65699e-08)
(-4.60141e-08 -3.80014e-10 1.01359e-07)
(-4.80699e-08 -3.63898e-10 1.06223e-07)
(-5.0163e-08 -3.48073e-10 1.11161e-07)
(-5.22921e-08 -3.32542e-10 1.16168e-07)
(-5.44558e-08 -3.17311e-10 1.21243e-07)
(-5.66527e-08 -3.02384e-10 1.26382e-07)
(-5.88813e-08 -2.87764e-10 1.31583e-07)
(-6.11403e-08 -2.73456e-10 1.36843e-07)
(-6.34281e-08 -2.59464e-10 1.42159e-07)
(-6.57433e-08 -2.4579e-10 1.4753e-07)
(-6.80844e-08 -2.32439e-10 1.52952e-07)
(-7.045e-08 -2.19415e-10 1.58424e-07)
(-7.28384e-08 -2.06719e-10 1.63941e-07)
(-7.52484e-08 -1.94357e-10 1.69503e-07)
(-7.76784e-08 -1.82331e-10 1.75107e-07)
(-8.0127e-08 -1.70645e-10 1.80751e-07)
(-8.25928e-08 -1.59302e-10 1.86431e-07)
(-8.50743e-08 -1.48306e-10 1.92147e-07)
(-8.75703e-08 -1.3766e-10 1.97895e-07)
(-9.00794e-08 -1.27369e-10 2.03674e-07)
(-9.26002e-08 -1.17435e-10 2.09482e-07)
(-9.51316e-08 -1.07864e-10 2.15317e-07)
(-9.76724e-08 -9.86582e-11 2.21176e-07)
(-1.00221e-07 -8.98227e-11 2.27057e-07)
(-1.02777e-07 -8.13617e-11 2.3296e-07)
(-1.05339e-07 -7.32796e-11 2.38882e-07)
(-1.07906e-07 -6.55813e-11 2.44821e-07)
(-1.10477e-07 -5.82717e-11 2.50776e-07)
(-1.13051e-07 -5.13561e-11 2.56744e-07)
(-1.15627e-07 -4.48403e-11 2.62725e-07)
(-1.18205e-07 -3.87302e-11 2.68717e-07)
(-1.20783e-07 -3.30326e-11 2.74719e-07)
(-1.23362e-07 -2.7755e-11 2.80728e-07)
(-1.2594e-07 -2.29055e-11 2.86744e-07)
(-1.28517e-07 -1.84934e-11 2.92766e-07)
(-1.31093e-07 -1.45287e-11 2.98792e-07)
(-1.33667e-07 -1.10217e-11 3.04821e-07)
(-1.36239e-07 -7.98145e-12 3.10853e-07)
(-1.38809e-07 -5.41286e-12 3.16886e-07)
(-1.41376e-07 -3.31058e-12 3.2292e-07)
(-1.4394e-07 -1.64858e-12 3.28953e-07)
(-1.46503e-07 -3.66631e-13 3.34985e-07)
(-1.49063e-07 6.4482e-13 3.41016e-07)
(-1.51621e-07 1.56225e-12 3.47046e-07)
(-3.60565e-10 -2.01225e-10 5.38343e-10)
(-1.02094e-09 -4.27593e-10 9.0811e-10)
(-1.73962e-09 -5.36552e-10 1.2038e-09)
(-2.47897e-09 -5.84438e-10 1.70547e-09)
(-3.23363e-09 -6.00273e-10 2.42068e-09)
(-4.00443e-09 -5.99358e-10 3.32733e-09)
(-4.79194e-09 -5.90148e-10 4.41325e-09)
(-5.59838e-09 -5.77189e-10 5.67126e-09)
(-6.42692e-09 -5.62846e-10 7.09619e-09)
(-7.28092e-09 -5.48267e-10 8.68382e-09)
(-8.16364e-09 -5.33942e-10 1.04305e-08)
(-9.07807e-09 -5.20026e-10 1.23329e-08)
(-1.00269e-08 -5.06517e-10 1.43879e-08)
(-1.10126e-08 -4.93356e-10 1.65924e-08)
(-1.20373e-08 -4.8047e-10 1.89435e-08)
(-1.31028e-08 -4.67795e-10 2.1438e-08)
(-1.42107e-08 -4.55282e-10 2.4073e-08)
(-1.53624e-08 -4.42897e-10 2.68453e-08)
(-1.6559e-08 -4.30619e-10 2.97518e-08)
(-1.78015e-08 -4.18439e-10 3.27894e-08)
(-1.90907e-08 -4.06352e-10 3.59549e-08)
(-2.0427e-08 -3.94361e-10 3.92452e-08)
(-2.18109e-08 -3.82468e-10 4.2657e-08)
(-2.32426e-08 -3.70681e-10 4.61871e-08)
(-2.47223e-08 -3.59004e-10 4.98325e-08)
(-2.62498e-08 -3.47446e-10 5.35899e-08)
(-2.78249e-08 -3.36011e-10 5.74561e-08)
(-2.94473e-08 -3.24708e-10 6.14281e-08)
(-3.11166e-08 -3.1354e-10 6.55027e-08)
(-3.28322e-08 -3.02515e-10 6.96767e-08)
(-3.45934e-08 -2.91636e-10 7.39472e-08)
(-3.63995e-08 -2.80909e-10 7.83111e-08)
(-3.82495e-08 -2.70337e-10 8.27653e-08)
(-4.01425e-08 -2.59926e-10 8.73068e-08)
(-4.20776e-08 -2.49678e-10 9.19328e-08)
(-4.40535e-08 -2.39597e-10 9.66402e-08)
(-4.60692e-08 -2.29687e-10 1.01426e-07)
(-4.81234e-08 -2.1995e-10 1.06288e-07)
(-5.02149e-08 -2.10389e-10 1.11222e-07)
(-5.23422e-08 -2.01008e-10 1.16227e-07)
(-5.45041e-08 -1.91808e-10 1.21299e-07)
(-5.66992e-08 -1.82792e-10 1.26435e-07)
(-5.89261e-08 -1.73963e-10 1.31633e-07)
(-6.11832e-08 -1.65323e-10 1.36891e-07)
(-6.34692e-08 -1.56874e-10 1.42205e-07)
(-6.57826e-08 -1.48618e-10 1.47574e-07)
(-6.81219e-08 -1.40557e-10 1.52993e-07)
(-7.04856e-08 -1.32693e-10 1.58462e-07)
(-7.28723e-08 -1.25028e-10 1.63978e-07)
(-7.52805e-08 -1.17565e-10 1.69538e-07)
(-7.77087e-08 -1.10305e-10 1.75139e-07)
(-8.01556e-08 -1.03251e-10 1.80781e-07)
(-8.26197e-08 -9.64035e-11 1.86459e-07)
(-8.50995e-08 -8.97657e-11 1.92173e-07)
(-8.75939e-08 -8.33396e-11 1.9792e-07)
(-9.01013e-08 -7.71272e-11 2.03697e-07)
(-9.26206e-08 -7.11309e-11 2.09503e-07)
(-9.51505e-08 -6.53528e-11 2.15336e-07)
(-9.76897e-08 -5.97954e-11 2.21193e-07)
(-1.00237e-07 -5.44612e-11 2.27073e-07)
(-1.02792e-07 -4.93528e-11 2.32975e-07)
(-1.05352e-07 -4.44727e-11 2.38895e-07)
(-1.07918e-07 -3.98239e-11 2.44833e-07)
(-1.10488e-07 -3.54093e-11 2.50786e-07)
(-1.1306e-07 -3.1232e-11 2.56754e-07)
(-1.15636e-07 -2.72956e-11 2.62733e-07)
(-1.18212e-07 -2.36037e-11 2.68724e-07)
(-1.2079e-07 -2.01604e-11 2.74725e-07)
(-1.23367e-07 -1.69704e-11 2.80733e-07)
(-1.25945e-07 -1.40386e-11 2.86749e-07)
(-1.28521e-07 -1.1371e-11 2.92769e-07)
(-1.31096e-07 -8.97346e-12 2.98795e-07)
(-1.33669e-07 -6.8522e-12 3.04824e-07)
(-1.36241e-07 -5.01202e-12 3.10855e-07)
(-1.3881e-07 -3.45428e-12 3.16887e-07)
(-1.41377e-07 -2.17286e-12 3.22921e-07)
(-1.43941e-07 -1.14837e-12 3.28953e-07)
(-1.46503e-07 -3.41371e-13 3.34986e-07)
(-1.49063e-07 3.1339e-13 3.41017e-07)
(-1.51621e-07 9.00946e-13 3.47046e-07)
(-3.67601e-10 -6.15982e-11 5.88146e-10)
(-1.01415e-09 -1.36852e-10 9.92885e-10)
(-1.72817e-09 -1.75796e-10 1.2923e-09)
(-2.47053e-09 -1.93806e-10 1.79366e-09)
(-3.2314e-09 -2.00218e-10 2.50946e-09)
(-4.00903e-09 -2.00462e-10 3.41647e-09)
(-4.80279e-09 -1.97628e-10 4.502e-09)
(-5.61448e-09 -1.93381e-10 5.75901e-09)
(-6.44726e-09 -1.88592e-10 7.18253e-09)
(-7.30461e-09 -1.83689e-10 8.76851e-09)
(-8.18994e-09 -1.7886e-10 1.05134e-08)
(-9.1064e-09 -1.74167e-10 1.24139e-08)
(-1.00569e-08 -1.69615e-10 1.4467e-08)
(-1.10438e-08 -1.65186e-10 1.66695e-08)
(-1.20695e-08 -1.60854e-10 1.90186e-08)
(-1.31358e-08 -1.56598e-10 2.15112e-08)
(-1.42443e-08 -1.524e-10 2.41441e-08)
(-1.53965e-08 -1.48247e-10 2.69144e-08)
(-1.65934e-08 -1.44131e-10 2.98189e-08)
(-1.78362e-08 -1.4005e-10 3.28545e-08)
(-1.91254e-08 -1.36001e-10 3.6018e-08)
(-2.04618e-08 -1.31985e-10 3.93063e-08)
(-2.18457e-08 -1.28002e-10 4.27162e-08)
(-2.32773e-08 -1.24055e-10 4.62444e-08)
(-2.47567e-08 -1.20145e-10 4.98879e-08)
(-2.62839e-08 -1.16275e-10 5.36434e-08)
(-2.78587e-08 -1.12447e-10 5.75078e-08)
(-2.94807e-08 -1.08663e-10 6.14779e-08)
(-3.11495e-08 -1.04925e-10 6.55507e-08)
(-3.28646e-08 -1.01235e-10 6.9723e-08)
(-3.46252e-08 -9.75935e-11 7.39918e-08)
(-3.64306e-08 -9.40034e-11 7.8354e-08)
(-3.828e-08 -9.04657e-11 8.28065e-08)
(-4.01723e-08 -8.69818e-11 8.73464e-08)
(-4.21066e-08 -8.35527e-11 9.19708e-08)
(-4.40818e-08 -8.01798e-11 9.66766e-08)
(-4.60967e-08 -7.68641e-11 1.01461e-07)
(-4.815e-08 -7.36066e-11 1.06321e-07)
(-5.02406e-08 -7.04082e-11 1.11254e-07)
(-5.23671e-08 -6.72699e-11 1.16257e-07)
(-5.45281e-08 -6.41925e-11 1.21328e-07)
(-5.67223e-08 -6.11769e-11 1.26463e-07)
(-5.89483e-08 -5.82237e-11 1.3166e-07)
(-6.12045e-08 -5.53338e-11 1.36916e-07)
(-6.34896e-08 -5.25078e-11 1.42229e-07)
(-6.58021e-08 -4.97465e-11 1.47596e-07)
(-6.81405e-08 -4.70506e-11 1.53015e-07)
(-7.05033e-08 -4.44207e-11 1.58483e-07)
(-7.28891e-08 -4.18575e-11 1.63997e-07)
(-7.52964e-08 -3.93617e-11 1.69556e-07)
(-7.77238e-08 -3.69338e-11 1.75156e-07)
(-8.01697e-08 -3.45747e-11 1.80797e-07)
(-8.2633e-08 -3.2285e-11 1.86474e-07)
(-8.5112e-08 -3.00653e-11 1.92187e-07)
(-8.76055e-08 -2.79163e-11 1.97932e-07)
(-9.01121e-08 -2.58389e-11 2.03709e-07)
(-9.26306e-08 -2.38336e-11 2.09514e-07)
(-9.51598e-08 -2.19014e-11 2.15346e-07)
(-9.76983e-08 -2.00429e-11 2.21203e-07)
(-1.00245e-07 -1.82589e-11 2.27082e-07)
(-1.02799e-07 -1.65505e-11 2.32983e-07)
(-1.05359e-07 -1.49183e-11 2.38902e-07)
(-1.07924e-07 -1.33634e-11 2.44839e-07)
(-1.10493e-07 -1.18867e-11 2.50792e-07)
(-1.13065e-07 -1.04894e-11 2.56759e-07)
(-1.1564e-07 -9.17246e-12 2.62738e-07)
(-1.18216e-07 -7.93725e-12 2.68728e-07)
(-1.20793e-07 -6.78512e-12 2.74728e-07)
(-1.2337e-07 -5.71763e-12 2.80736e-07)
(-1.25947e-07 -4.73651e-12 2.86751e-07)
(-1.28523e-07 -3.8437e-12 2.92772e-07)
(-1.31098e-07 -3.04125e-12 2.98797e-07)
(-1.33671e-07 -2.33112e-12 3.04825e-07)
(-1.36242e-07 -1.71479e-12 3.10856e-07)
(-1.3881e-07 -1.19236e-12 3.16888e-07)
(-1.41377e-07 -7.61275e-13 3.22921e-07)
(-1.43941e-07 -4.1451e-13 3.28954e-07)
(-1.46503e-07 -1.38644e-13 3.34986e-07)
(-1.49063e-07 8.74954e-14 3.41017e-07)
(-1.51622e-07 2.88732e-13 3.47046e-07)
(-3.67601e-10 6.15982e-11 5.88146e-10)
(-1.01415e-09 1.36852e-10 9.92885e-10)
(-1.72817e-09 1.75796e-10 1.2923e-09)
(-2.47053e-09 1.93806e-10 1.79366e-09)
(-3.2314e-09 2.00218e-10 2.50946e-09)
(-4.00903e-09 2.00462e-10 3.41647e-09)
(-4.80279e-09 1.97628e-10 4.502e-09)
(-5.61448e-09 1.93381e-10 5.75901e-09)
(-6.44726e-09 1.88592e-10 7.18253e-09)
(-7.30461e-09 1.8369e-10 8.76851e-09)
(-8.18994e-09 1.7886e-10 1.05134e-08)
(-9.1064e-09 1.74167e-10 1.24139e-08)
(-1.00569e-08 1.69615e-10 1.4467e-08)
(-1.10438e-08 1.65186e-10 1.66695e-08)
(-1.20695e-08 1.60854e-10 1.90186e-08)
(-1.31358e-08 1.56598e-10 2.15112e-08)
(-1.42443e-08 1.524e-10 2.41441e-08)
(-1.53965e-08 1.48247e-10 2.69144e-08)
(-1.65934e-08 1.44131e-10 2.98189e-08)
(-1.78362e-08 1.4005e-10 3.28545e-08)
(-1.91254e-08 1.36001e-10 3.6018e-08)
(-2.04618e-08 1.31985e-10 3.93063e-08)
(-2.18457e-08 1.28002e-10 4.27162e-08)
(-2.32773e-08 1.24055e-10 4.62444e-08)
(-2.47567e-08 1.20145e-10 4.98879e-08)
(-2.62839e-08 1.16275e-10 5.36434e-08)
(-2.78587e-08 1.12447e-10 5.75078e-08)
(-2.94807e-08 1.08663e-10 6.14779e-08)
(-3.11495e-08 1.04925e-10 6.55507e-08)
(-3.28646e-08 1.01235e-10 6.9723e-08)
(-3.46252e-08 9.75935e-11 7.39918e-08)
(-3.64306e-08 9.40035e-11 7.8354e-08)
(-3.828e-08 9.04658e-11 8.28065e-08)
(-4.01723e-08 8.69818e-11 8.73464e-08)
(-4.21066e-08 8.35528e-11 9.19708e-08)
(-4.40818e-08 8.01798e-11 9.66766e-08)
(-4.60967e-08 7.68641e-11 1.01461e-07)
(-4.815e-08 7.36066e-11 1.06321e-07)
(-5.02406e-08 7.04082e-11 1.11254e-07)
(-5.23671e-08 6.72699e-11 1.16257e-07)
(-5.45281e-08 6.41926e-11 1.21328e-07)
(-5.67223e-08 6.11769e-11 1.26463e-07)
(-5.89483e-08 5.82237e-11 1.3166e-07)
(-6.12045e-08 5.53338e-11 1.36916e-07)
(-6.34896e-08 5.25078e-11 1.42229e-07)
(-6.58021e-08 4.97465e-11 1.47596e-07)
(-6.81405e-08 4.70506e-11 1.53015e-07)
(-7.05033e-08 4.44207e-11 1.58483e-07)
(-7.28891e-08 4.18575e-11 1.63997e-07)
(-7.52964e-08 3.93616e-11 1.69556e-07)
(-7.77238e-08 3.69338e-11 1.75156e-07)
(-8.01697e-08 3.45747e-11 1.80797e-07)
(-8.2633e-08 3.22849e-11 1.86474e-07)
(-8.5112e-08 3.00652e-11 1.92187e-07)
(-8.76055e-08 2.79163e-11 1.97932e-07)
(-9.01121e-08 2.58388e-11 2.03709e-07)
(-9.26306e-08 2.38336e-11 2.09514e-07)
(-9.51598e-08 2.19013e-11 2.15346e-07)
(-9.76983e-08 2.00428e-11 2.21203e-07)
(-1.00245e-07 1.82589e-11 2.27082e-07)
(-1.02799e-07 1.65504e-11 2.32983e-07)
(-1.05359e-07 1.49183e-11 2.38902e-07)
(-1.07924e-07 1.33634e-11 2.44839e-07)
(-1.10493e-07 1.18867e-11 2.50792e-07)
(-1.13065e-07 1.04893e-11 2.56759e-07)
(-1.1564e-07 9.17242e-12 2.62738e-07)
(-1.18216e-07 7.9372e-12 2.68728e-07)
(-1.20793e-07 6.78507e-12 2.74728e-07)
(-1.2337e-07 5.71757e-12 2.80736e-07)
(-1.25947e-07 4.73645e-12 2.86751e-07)
(-1.28523e-07 3.84363e-12 2.92772e-07)
(-1.31098e-07 3.04118e-12 2.98797e-07)
(-1.33671e-07 2.33105e-12 3.04825e-07)
(-1.36242e-07 1.71471e-12 3.10856e-07)
(-1.3881e-07 1.19228e-12 3.16888e-07)
(-1.41377e-07 7.61191e-13 3.22921e-07)
(-1.43941e-07 4.14426e-13 3.28954e-07)
(-1.46503e-07 1.38561e-13 3.34986e-07)
(-1.49063e-07 -8.7622e-14 3.41017e-07)
(-1.51622e-07 -2.88964e-13 3.47046e-07)
(-3.60565e-10 2.01225e-10 5.38343e-10)
(-1.02094e-09 4.27593e-10 9.0811e-10)
(-1.73962e-09 5.36552e-10 1.2038e-09)
(-2.47897e-09 5.84438e-10 1.70547e-09)
(-3.23363e-09 6.00273e-10 2.42068e-09)
(-4.00443e-09 5.99358e-10 3.32733e-09)
(-4.79194e-09 5.90148e-10 4.41325e-09)
(-5.59838e-09 5.77189e-10 5.67126e-09)
(-6.42692e-09 5.62846e-10 7.09619e-09)
(-7.28092e-09 5.48267e-10 8.68382e-09)
(-8.16364e-09 5.33942e-10 1.04305e-08)
(-9.07807e-09 5.20026e-10 1.23329e-08)
(-1.00269e-08 5.06517e-10 1.43879e-08)
(-1.10126e-08 4.93356e-10 1.65924e-08)
(-1.20373e-08 4.8047e-10 1.89435e-08)
(-1.31028e-08 4.67795e-10 2.1438e-08)
(-1.42107e-08 4.55282e-10 2.4073e-08)
(-1.53624e-08 4.42897e-10 2.68453e-08)
(-1.6559e-08 4.30619e-10 2.97518e-08)
(-1.78015e-08 4.18439e-10 3.27894e-08)
(-1.90907e-08 4.06352e-10 3.59549e-08)
(-2.0427e-08 3.94361e-10 3.92452e-08)
(-2.18109e-08 3.82468e-10 4.2657e-08)
(-2.32426e-08 3.70681e-10 4.61871e-08)
(-2.47223e-08 3.59004e-10 4.98325e-08)
(-2.62498e-08 3.47446e-10 5.35899e-08)
(-2.78249e-08 3.36012e-10 5.74561e-08)
(-2.94473e-08 3.24708e-10 6.14281e-08)
(-3.11166e-08 3.1354e-10 6.55027e-08)
(-3.28322e-08 3.02515e-10 6.96767e-08)
(-3.45934e-08 2.91636e-10 7.39472e-08)
(-3.63995e-08 2.80909e-10 7.83111e-08)
(-3.82495e-08 2.70337e-10 8.27653e-08)
(-4.01425e-08 2.59926e-10 8.73068e-08)
(-4.20776e-08 2.49678e-10 9.19328e-08)
(-4.40535e-08 2.39597e-10 9.66402e-08)
(-4.60692e-08 2.29687e-10 1.01426e-07)
(-4.81234e-08 2.1995e-10 1.06288e-07)
(-5.02149e-08 2.10389e-10 1.11222e-07)
(-5.23422e-08 2.01008e-10 1.16227e-07)
(-5.45041e-08 1.91808e-10 1.21299e-07)
(-5.66992e-08 1.82792e-10 1.26435e-07)
(-5.89261e-08 1.73963e-10 1.31633e-07)
(-6.11832e-08 1.65323e-10 1.36891e-07)
(-6.34692e-08 1.56874e-10 1.42205e-07)
(-6.57826e-08 1.48618e-10 1.47574e-07)
(-6.81219e-08 1.40557e-10 1.52993e-07)
(-7.04856e-08 1.32693e-10 1.58462e-07)
(-7.28723e-08 1.25028e-10 1.63978e-07)
(-7.52805e-08 1.17565e-10 1.69538e-07)
(-7.77087e-08 1.10305e-10 1.75139e-07)
(-8.01556e-08 1.03251e-10 1.80781e-07)
(-8.26197e-08 9.64035e-11 1.86459e-07)
(-8.50995e-08 8.97657e-11 1.92173e-07)
(-8.75939e-08 8.33396e-11 1.9792e-07)
(-9.01013e-08 7.71272e-11 2.03697e-07)
(-9.26206e-08 7.11308e-11 2.09503e-07)
(-9.51505e-08 6.53528e-11 2.15336e-07)
(-9.76897e-08 5.97954e-11 2.21193e-07)
(-1.00237e-07 5.44612e-11 2.27073e-07)
(-1.02792e-07 4.93527e-11 2.32975e-07)
(-1.05352e-07 4.44727e-11 2.38895e-07)
(-1.07918e-07 3.98239e-11 2.44833e-07)
(-1.10488e-07 3.54092e-11 2.50786e-07)
(-1.1306e-07 3.1232e-11 2.56754e-07)
(-1.15636e-07 2.72956e-11 2.62733e-07)
(-1.18212e-07 2.36037e-11 2.68724e-07)
(-1.2079e-07 2.01604e-11 2.74725e-07)
(-1.23367e-07 1.69703e-11 2.80733e-07)
(-1.25945e-07 1.40386e-11 2.86749e-07)
(-1.28521e-07 1.13709e-11 2.92769e-07)
(-1.31096e-07 8.97339e-12 2.98795e-07)
(-1.33669e-07 6.85213e-12 3.04824e-07)
(-1.36241e-07 5.01195e-12 3.10855e-07)
(-1.3881e-07 3.4542e-12 3.16887e-07)
(-1.41377e-07 2.17278e-12 3.22921e-07)
(-1.43941e-07 1.14829e-12 3.28953e-07)
(-1.46503e-07 3.41274e-13 3.34986e-07)
(-1.49063e-07 -3.13491e-13 3.41017e-07)
(-1.51621e-07 -9.00989e-13 3.47046e-07)
(-3.61434e-10 3.88068e-10 4.26767e-10)
(-1.0555e-09 7.57322e-10 7.29751e-10)
(-1.77528e-09 9.14761e-10 1.02186e-09)
(-2.49974e-09 9.77782e-10 1.52527e-09)
(-3.23698e-09 9.95659e-10 2.24063e-09)
(-3.99205e-09 9.90481e-10 3.14832e-09)
(-4.76656e-09 9.73867e-10 4.2366e-09)
(-5.5627e-09 9.52142e-10 5.49781e-09)
(-6.38326e-09 9.28629e-10 6.92636e-09)
(-7.23113e-09 9.04912e-10 8.51779e-09)
(-8.10912e-09 8.81638e-10 1.02683e-08)
(-9.01988e-09 8.58993e-10 1.21747e-08)
(-9.96586e-09 8.36951e-10 1.42336e-08)
(-1.09493e-08 8.15414e-10 1.64421e-08)
(-1.19721e-08 7.94275e-10 1.87971e-08)
(-1.30362e-08 7.73438e-10 2.12956e-08)
(-1.41429e-08 7.52836e-10 2.39346e-08)
(-1.52937e-08 7.32422e-10 2.67108e-08)
(-1.64897e-08 7.1217e-10 2.96213e-08)
(-1.77318e-08 6.92067e-10 3.26629e-08)
(-1.90207e-08 6.72112e-10 3.58323e-08)
(-2.03569e-08 6.52308e-10 3.91264e-08)
(-2.1741e-08 6.32663e-10 4.2542e-08)
(-2.3173e-08 6.13187e-10 4.6076e-08)
(-2.46531e-08 5.93893e-10 4.97251e-08)
(-2.61811e-08 5.7479e-10 5.34861e-08)
(-2.7757e-08 5.55889e-10 5.7356e-08)
(-2.93803e-08 5.37202e-10 6.13316e-08)
(-3.10505e-08 5.18737e-10 6.54096e-08)
(-3.27672e-08 5.00505e-10 6.95871e-08)
(-3.45296e-08 4.82513e-10 7.3861e-08)
(-3.63369e-08 4.64769e-10 7.82282e-08)
(-3.81882e-08 4.47281e-10 8.26856e-08)
(-4.00827e-08 4.30055e-10 8.72304e-08)
(-4.20193e-08 4.13098e-10 9.18594e-08)
(-4.39968e-08 3.96416e-10 9.65699e-08)
(-4.60141e-08 3.80014e-10 1.01359e-07)
(-4.80699e-08 3.63898e-10 1.06223e-07)
(-5.0163e-08 3.48073e-10 1.11161e-07)
(-5.22921e-08 3.32542e-10 1.16168e-07)
(-5.44558e-08 3.17311e-10 1.21243e-07)
(-5.66527e-08 3.02384e-10 1.26382e-07)
(-5.88813e-08 2.87764e-10 1.31583e-07)
(-6.11403e-08 2.73456e-10 1.36843e-07)
(-6.34281e-08 2.59464e-10 1.42159e-07)
(-6.57433e-08 2.4579e-10 1.4753e-07)
(-6.80844e-08 2.32439e-10 1.52952e-07)
(-7.045e-08 2.19415e-10 1.58424e-07)
(-7.28384e-08 2.06719e-10 1.63941e-07)
(-7.52484e-08 1.94357e-10 1.69503e-07)
(-7.76784e-08 1.82331e-10 1.75107e-07)
(-8.0127e-08 1.70645e-10 1.80751e-07)
(-8.25928e-08 1.59302e-10 1.86431e-07)
(-8.50743e-08 1.48306e-10 1.92147e-07)
(-8.75703e-08 1.3766e-10 1.97895e-07)
(-9.00794e-08 1.27369e-10 2.03674e-07)
(-9.26002e-08 1.17435e-10 2.09482e-07)
(-9.51316e-08 1.07864e-10 2.15317e-07)
(-9.76724e-08 9.86581e-11 2.21176e-07)
(-1.00221e-07 8.98227e-11 2.27057e-07)
(-1.02777e-07 8.13616e-11 2.3296e-07)
(-1.05339e-07 7.32796e-11 2.38882e-07)
(-1.07906e-07 6.55813e-11 2.44821e-07)
(-1.10477e-07 5.82717e-11 2.50776e-07)
(-1.13051e-07 5.13561e-11 2.56744e-07)
(-1.15627e-07 4.48402e-11 2.62725e-07)
(-1.18205e-07 3.87301e-11 2.68717e-07)
(-1.20783e-07 3.30326e-11 2.74719e-07)
(-1.23362e-07 2.77549e-11 2.80728e-07)
(-1.2594e-07 2.29055e-11 2.86744e-07)
(-1.28517e-07 1.84934e-11 2.92766e-07)
(-1.31093e-07 1.45287e-11 2.98792e-07)
(-1.33667e-07 1.10216e-11 3.04821e-07)
(-1.36239e-07 7.98138e-12 3.10853e-07)
(-1.38809e-07 5.41278e-12 3.16886e-07)
(-1.41376e-07 3.3105e-12 3.2292e-07)
(-1.4394e-07 1.64848e-12 3.28953e-07)
(-1.46503e-07 3.66531e-13 3.34985e-07)
(-1.49063e-07 -6.449e-13 3.41016e-07)
(-1.51621e-07 -1.56228e-12 3.47046e-07)
(-5.01653e-10 7.12866e-10 2.82675e-10)
(-1.17374e-09 1.18974e-09 4.83332e-10)
(-1.84082e-09 1.31572e-09 7.52448e-10)
(-2.5239e-09 1.36301e-09 1.25131e-09)
(-3.22928e-09 1.37494e-09 1.9689e-09)
(-3.95979e-09 1.36386e-09 2.88203e-09)
(-4.71595e-09 1.34014e-09 3.97701e-09)
(-5.49867e-09 1.31071e-09 5.24525e-09)
(-6.30939e-09 1.27931e-09 6.68071e-09)
(-7.14993e-09 1.24767e-09 8.27879e-09)
(-8.02233e-09 1.21648e-09 1.00357e-08)
(-8.92873e-09 1.18594e-09 1.19483e-08)
(-9.87121e-09 1.15603e-09 1.40132e-08)
(-1.08518e-08 1.12665e-09 1.62277e-08)
(-1.18723e-08 1.09769e-09 1.85887e-08)
(-1.29345e-08 1.06905e-09 2.10931e-08)
(-1.40397e-08 1.04068e-09 2.3738e-08)
(-1.51894e-08 1.01253e-09 2.65202e-08)
(-1.63845e-08 9.84565e-10 2.94365e-08)
(-1.7626e-08 9.56792e-10 3.24838e-08)
(-1.89146e-08 9.29211e-10 3.5659e-08)
(-2.02509e-08 9.01829e-10 3.89588e-08)
(-2.16352e-08 8.74662e-10 4.23801e-08)
(-2.30677e-08 8.47723e-10 4.59196e-08)
(-2.45485e-08 8.2103e-10 4.95742e-08)
(-2.60776e-08 7.94598e-10 5.33407e-08)
(-2.76545e-08 7.68442e-10 5.72158e-08)
(-2.92792e-08 7.42578e-10 6.11966e-08)
(-3.09509e-08 7.17019e-10 6.52797e-08)
(-3.26692e-08 6.91779e-10 6.94623e-08)
(-3.44334e-08 6.66868e-10 7.3741e-08)
(-3.62426e-08 6.42299e-10 7.8113e-08)
(-3.80961e-08 6.18082e-10 8.25751e-08)
(-3.99927e-08 5.94227e-10 8.71245e-08)
(-4.19315e-08 5.70743e-10 9.1758e-08)
(-4.39114e-08 5.47637e-10 9.64729e-08)
(-4.59311e-08 5.24919e-10 1.01266e-07)
(-4.79895e-08 5.02596e-10 1.06135e-07)
(-5.00851e-08 4.80675e-10 1.11076e-07)
(-5.22168e-08 4.59163e-10 1.16088e-07)
(-5.43831e-08 4.38065e-10 1.21166e-07)
(-5.65827e-08 4.17388e-10 1.26309e-07)
(-5.8814e-08 3.97138e-10 1.31514e-07)
(-6.10757e-08 3.7732e-10 1.36777e-07)
(-6.33662e-08 3.57939e-10 1.42097e-07)
(-6.56841e-08 3.39002e-10 1.47472e-07)
(-6.8028e-08 3.20511e-10 1.52897e-07)
(-7.03962e-08 3.02474e-10 1.58372e-07)
(-7.27874e-08 2.84894e-10 1.63893e-07)
(-7.52e-08 2.67776e-10 1.69458e-07)
(-7.76326e-08 2.51126e-10 1.75064e-07)
(-8.00838e-08 2.34947e-10 1.80711e-07)
(-8.25521e-08 2.19246e-10 1.86394e-07)
(-8.50362e-08 2.04026e-10 1.92112e-07)
(-8.75346e-08 1.89294e-10 1.97863e-07)
(-9.00461e-08 1.75054e-10 2.03645e-07)
(-9.25693e-08 1.61312e-10 2.09455e-07)
(-9.5103e-08 1.48072e-10 2.15292e-07)
(-9.76459e-08 1.35342e-10 2.21153e-07)
(-1.00197e-07 1.23126e-10 2.27037e-07)
(-1.02755e-07 1.11431e-10 2.32942e-07)
(-1.05319e-07 1.00264e-10 2.38865e-07)
(-1.07888e-07 8.96303e-11 2.44806e-07)
(-1.1046e-07 7.95376e-11 2.50763e-07)
(-1.13036e-07 6.99932e-11 2.56733e-07)
(-1.15614e-07 6.1005e-11 2.62715e-07)
(-1.18194e-07 5.25813e-11 2.68709e-07)
(-1.20774e-07 4.47312e-11 2.74712e-07)
(-1.23354e-07 3.74647e-11 2.80722e-07)
(-1.25933e-07 3.07926e-11 2.8674e-07)
(-1.28512e-07 2.47271e-11 2.92762e-07)
(-1.31088e-07 1.92814e-11 2.98789e-07)
(-1.33663e-07 1.44697e-11 3.04819e-07)
(-1.36236e-07 1.03057e-11 3.10852e-07)
(-1.38807e-07 6.80055e-12 3.16885e-07)
(-1.41375e-07 3.95653e-12 3.22919e-07)
(-1.4394e-07 1.75542e-12 3.28953e-07)
(-1.46502e-07 1.37402e-13 3.34985e-07)
(-1.49063e-07 -1.04438e-12 3.41016e-07)
(-1.51621e-07 -2.0956e-12 3.47046e-07)
)
;

boundaryField
{
    left
    {
        nonOrthogonalCorrections true;
        type            fixedDisplacement;
        value           uniform (0 0 0);
    }
    right
    {
        type            tractionPressureDisplacement;
        gradient        nonuniform List<vector> 
64
(
(-2.04572e-05 -1.62155e-08 4.82243e-05)
(-2.04573e-05 -1.13619e-08 4.82253e-05)
(-2.04577e-05 -6.51774e-09 4.82259e-05)
(-2.04578e-05 -2.10751e-09 4.82263e-05)
(-2.04578e-05 2.10738e-09 4.82263e-05)
(-2.04577e-05 6.51772e-09 4.82259e-05)
(-2.04573e-05 1.1362e-08 4.82253e-05)
(-2.04572e-05 1.62158e-08 4.82243e-05)
(-2.04524e-05 -1.18112e-08 4.82163e-05)
(-2.04526e-05 -1.00736e-08 4.82201e-05)
(-2.04532e-05 -5.95115e-09 4.82215e-05)
(-2.04535e-05 -1.92524e-09 4.82222e-05)
(-2.04535e-05 1.92517e-09 4.82222e-05)
(-2.04532e-05 5.9511e-09 4.82215e-05)
(-2.04526e-05 1.00735e-08 4.82201e-05)
(-2.04524e-05 1.18113e-08 4.82163e-05)
(-2.0446e-05 -3.47698e-09 4.82015e-05)
(-2.04466e-05 -6.68421e-09 4.82077e-05)
(-2.04481e-05 -4.35528e-09 4.82102e-05)
(-2.04487e-05 -1.42784e-09 4.82113e-05)
(-2.04487e-05 1.42785e-09 4.82113e-05)
(-2.04481e-05 4.35524e-09 4.82102e-05)
(-2.04466e-05 6.68413e-09 4.82077e-05)
(-2.0446e-05 3.4768e-09 4.82015e-05)
(-2.04431e-05 6.81497e-09 4.81903e-05)
(-2.04444e-05 -1.80747e-09 4.81972e-05)
(-2.04466e-05 -1.93575e-09 4.82001e-05)
(-2.04475e-05 -6.70761e-10 4.82015e-05)
(-2.04475e-05 6.70742e-10 4.82015e-05)
(-2.04466e-05 1.93571e-09 4.82001e-05)
(-2.04444e-05 1.80739e-09 4.81972e-05)
(-2.04431e-05 -6.81522e-09 4.81903e-05)
(-2.04459e-05 1.51761e-08 4.81898e-05)
(-2.04476e-05 3.28379e-09 4.81951e-05)
(-2.04501e-05 7.81653e-10 4.81977e-05)
(-2.04512e-05 1.86616e-10 4.81989e-05)
(-2.04512e-05 -1.86678e-10 4.81989e-05)
(-2.04501e-05 -7.81687e-10 4.81977e-05)
(-2.04476e-05 -3.28383e-09 4.81951e-05)
(-2.04459e-05 -1.51762e-08 4.81898e-05)
(-2.04529e-05 1.83676e-08 4.82001e-05)
(-2.04546e-05 7.04391e-09 4.82021e-05)
(-2.04566e-05 3.09912e-09 4.82038e-05)
(-2.04575e-05 9.37374e-10 4.82047e-05)
(-2.04575e-05 -9.37456e-10 4.82047e-05)
(-2.04566e-05 -3.09918e-09 4.82038e-05)
(-2.04546e-05 -7.04396e-09 4.82021e-05)
(-2.04529e-05 -1.83676e-08 4.82001e-05)
(-2.04604e-05 1.51554e-08 4.82171e-05)
(-2.04616e-05 8.46548e-09 4.82159e-05)
(-2.04625e-05 4.48394e-09 4.82165e-05)
(-2.04629e-05 1.41973e-09 4.8217e-05)
(-2.04629e-05 -1.41976e-09 4.8217e-05)
(-2.04625e-05 -4.48398e-09 4.82165e-05)
(-2.04616e-05 -8.46551e-09 4.82159e-05)
(-2.04604e-05 -1.51555e-08 4.82171e-05)
(-2.04638e-05 8.42962e-09 4.82328e-05)
(-2.04632e-05 7.60474e-09 4.82296e-05)
(-2.04626e-05 4.74193e-09 4.82288e-05)
(-2.04625e-05 1.55979e-09 4.82284e-05)
(-2.04625e-05 -1.56034e-09 4.82284e-05)
(-2.04626e-05 -4.74152e-09 4.82288e-05)
(-2.04632e-05 -7.60424e-09 4.82296e-05)
(-2.04638e-05 -8.43022e-09 4.82328e-05)
)
;
        value           nonuniform List<vector> 
64
(
(-1.10731e-07 -2.97869e-12 3.67942e-07)
(-1.10729e-07 -1.99854e-12 3.67944e-07)
(-1.10727e-07 -1.08533e-12 3.67946e-07)
(-1.10727e-07 -3.40117e-13 3.67947e-07)
(-1.10727e-07 3.3991e-13 3.67947e-07)
(-1.10727e-07 1.08514e-12 3.67946e-07)
(-1.10729e-07 1.99838e-12 3.67944e-07)
(-1.10731e-07 2.97855e-12 3.67942e-07)
(-1.16754e-07 -3.52172e-12 3.65385e-07)
(-1.16752e-07 -2.46108e-12 3.65387e-07)
(-1.16751e-07 -1.34245e-12 3.65389e-07)
(-1.16751e-07 -4.24193e-13 3.6539e-07)
(-1.16751e-07 4.24013e-13 3.6539e-07)
(-1.16751e-07 1.34227e-12 3.65389e-07)
(-1.16752e-07 2.46091e-12 3.65387e-07)
(-1.16754e-07 3.52156e-12 3.65385e-07)
(-1.22776e-07 -2.42263e-12 3.62828e-07)
(-1.22775e-07 -1.93205e-12 3.6283e-07)
(-1.22774e-07 -1.08573e-12 3.62832e-07)
(-1.22774e-07 -3.48043e-13 3.62833e-07)
(-1.22774e-07 3.47879e-13 3.62833e-07)
(-1.22774e-07 1.08557e-12 3.62832e-07)
(-1.22775e-07 1.93188e-12 3.6283e-07)
(-1.22776e-07 2.42244e-12 3.62828e-07)
(-1.28797e-07 -3.48335e-14 3.60274e-07)
(-1.28796e-07 -5.54433e-13 3.60275e-07)
(-1.28796e-07 -3.73124e-13 3.60276e-07)
(-1.28796e-07 -1.29206e-13 3.60277e-07)
(-1.28796e-07 1.29052e-13 3.60277e-07)
(-1.28796e-07 3.72969e-13 3.60276e-07)
(-1.28796e-07 5.54278e-13 3.60275e-07)
(-1.28797e-07 3.46551e-14 3.60274e-07)
(-1.34819e-07 2.63847e-12 3.57721e-07)
(-1.34819e-07 1.12472e-12 3.57721e-07)
(-1.34819e-07 5.16578e-13 3.57722e-07)
(-1.34819e-07 1.47605e-13 3.57723e-07)
(-1.34819e-07 -1.47748e-13 3.57723e-07)
(-1.34819e-07 -5.1672e-13 3.57722e-07)
(-1.34819e-07 -1.12487e-12 3.57721e-07)
(-1.34819e-07 -2.63862e-12 3.57721e-07)
(-1.40844e-07 4.36124e-12 3.55168e-07)
(-1.40844e-07 2.36212e-12 3.55169e-07)
(-1.40844e-07 1.19994e-12 3.55169e-07)
(-1.40844e-07 3.64909e-13 3.5517e-07)
(-1.40844e-07 -3.65039e-13 3.5517e-07)
(-1.40844e-07 -1.20007e-12 3.55169e-07)
(-1.40844e-07 -2.36225e-12 3.55169e-07)
(-1.40844e-07 -4.36138e-12 3.55168e-07)
(-1.46871e-07 4.3062e-12 3.52615e-07)
(-1.46871e-07 2.64243e-12 3.52615e-07)
(-1.46871e-07 1.40887e-12 3.52616e-07)
(-1.46872e-07 4.39821e-13 3.52616e-07)
(-1.46872e-07 -4.39941e-13 3.52616e-07)
(-1.46871e-07 -1.40898e-12 3.52616e-07)
(-1.46871e-07 -2.64254e-12 3.52615e-07)
(-1.46871e-07 -4.30633e-12 3.52615e-07)
(-1.529e-07 2.62235e-12 3.50061e-07)
(-1.529e-07 2.03755e-12 3.5006e-07)
(-1.529e-07 1.19732e-12 3.5006e-07)
(-1.529e-07 3.86219e-13 3.5006e-07)
(-1.529e-07 -3.86487e-13 3.5006e-07)
(-1.529e-07 -1.19734e-12 3.5006e-07)
(-1.529e-07 -2.03755e-12 3.5006e-07)
(-1.529e-07 -2.62251e-12 3.50061e-07)
)
;
        traction        uniform (0 0 0);
        pressure        uniform 0;
        secondaryGradient nonuniform List<vector> 
64
(
(-2.04573e-05 -1.62155e-08 4.82243e-05)
(-2.04574e-05 -1.13619e-08 4.82253e-05)
(-2.04577e-05 -6.51774e-09 4.82259e-05)
(-2.04578e-05 -2.10751e-09 4.82263e-05)
(-2.04578e-05 2.10738e-09 4.82263e-05)
(-2.04577e-05 6.51772e-09 4.82259e-05)
(-2.04574e-05 1.1362e-08 4.82253e-05)
(-2.04573e-05 1.62158e-08 4.82243e-05)
(-2.04524e-05 -1.18112e-08 4.82163e-05)
(-2.04525e-05 -1.00736e-08 4.82201e-05)
(-2.04531e-05 -5.95115e-09 4.82215e-05)
(-2.04534e-05 -1.92524e-09 4.82222e-05)
(-2.04534e-05 1.92517e-09 4.82222e-05)
(-2.04531e-05 5.9511e-09 4.82215e-05)
(-2.04525e-05 1.00735e-08 4.82201e-05)
(-2.04524e-05 1.18113e-08 4.82163e-05)
(-2.0446e-05 -3.47698e-09 4.82015e-05)
(-2.04466e-05 -6.68421e-09 4.82077e-05)
(-2.0448e-05 -4.35528e-09 4.82102e-05)
(-2.04487e-05 -1.42784e-09 4.82113e-05)
(-2.04487e-05 1.42785e-09 4.82113e-05)
(-2.0448e-05 4.35524e-09 4.82102e-05)
(-2.04466e-05 6.68413e-09 4.82077e-05)
(-2.0446e-05 3.4768e-09 4.82015e-05)
(-2.04431e-05 6.81497e-09 4.81903e-05)
(-2.04444e-05 -1.80747e-09 4.81972e-05)
(-2.04466e-05 -1.93575e-09 4.82001e-05)
(-2.04475e-05 -6.70761e-10 4.82015e-05)
(-2.04475e-05 6.70742e-10 4.82015e-05)
(-2.04466e-05 1.93571e-09 4.82001e-05)
(-2.04444e-05 1.80739e-09 4.81972e-05)
(-2.04431e-05 -6.81522e-09 4.81903e-05)
(-2.04459e-05 1.51761e-08 4.81898e-05)
(-2.04476e-05 3.28379e-09 4.81951e-05)
(-2.04501e-05 7.81653e-10 4.81977e-05)
(-2.04512e-05 1.86616e-10 4.81989e-05)
(-2.04512e-05 -1.86678e-10 4.81989e-05)
(-2.04501e-05 -7.81687e-10 4.81977e-05)
(-2.04476e-05 -3.28383e-09 4.81951e-05)
(-2.04459e-05 -1.51762e-08 4.81898e-05)
(-2.04529e-05 1.83676e-08 4.82001e-05)
(-2.04547e-05 7.04391e-09 4.82021e-05)
(-2.04567e-05 3.09912e-09 4.82038e-05)
(-2.04576e-05 9.37374e-10 4.82047e-05)
(-2.04576e-05 -9.37456e-10 4.82047e-05)
(-2.04567e-05 -3.09918e-09 4.82038e-05)
(-2.04547e-05 -7.04396e-09 4.82021e-05)
(-2.04529e-05 -1.83676e-08 4.82001e-05)
(-2.04605e-05 1.51554e-08 4.82171e-05)
(-2.04617e-05 8.46548e-09 4.82159e-05)
(-2.04626e-05 4.48394e-09 4.82165e-05)
(-2.0463e-05 1.41973e-09 4.8217e-05)
(-2.0463e-05 -1.41976e-09 4.8217e-05)
(-2.04626e-05 -4.48398e-09 4.82165e-05)
(-2.04617e-05 -8.46551e-09 4.82159e-05)
(-2.04605e-05 -1.51555e-08 4.82171e-05)
(-2.04639e-05 8.42962e-09 4.82328e-05)
(-2.04632e-05 7.60474e-09 4.82296e-05)
(-2.04627e-05 4.74193e-09 4.82288e-05)
(-2.04626e-05 1.55979e-09 4.82284e-05)
(-2.04626e-05 -1.56034e-09 4.82284e-05)
(-2.04627e-05 -4.74152e-09 4.82288e-05)
(-2.04632e-05 -7.60424e-09 4.82296e-05)
(-2.04639e-05 -8.43022e-09 4.82328e-05)
)
;
    }
    back
    {
        type            tractionPressureDisplacement;
        gradient        nonuniform List<vector> 
640
(
(3.71924e-06 -2.98514e-06 -4.17303e-07)
(3.07955e-06 -2.36177e-06 -6.26869e-07)
(1.7892e-06 -1.1488e-06 -1.37287e-06)
(-2.39171e-07 1.13285e-07 -1.84618e-06)
(-2.72226e-06 1.38489e-06 -2.00629e-06)
(-5.3895e-06 2.60863e-06 -1.90211e-06)
(-8.02638e-06 3.61049e-06 -1.8073e-06)
(-1.09896e-05 4.599e-06 -1.79973e-06)
(1.6595e-06 -2.37422e-06 -1.56311e-06)
(7.27605e-07 -1.35196e-06 -1.75794e-06)
(1.23609e-07 -5.4791e-07 -2.28361e-06)
(-3.62432e-07 2.03757e-07 -2.71498e-06)
(-8.19225e-07 8.16362e-07 -2.82924e-06)
(-1.3286e-06 1.35051e-06 -2.72264e-06)
(-1.99802e-06 1.78587e-06 -2.72202e-06)
(-2.82076e-06 2.32155e-06 -2.76849e-06)
(9.40881e-07 -2.15634e-06 -2.39145e-06)
(3.40026e-07 -1.17705e-06 -2.49896e-06)
(-3.36942e-08 -4.827e-07 -2.64504e-06)
(-1.71079e-07 1.84808e-07 -2.82402e-06)
(-2.0031e-07 7.86142e-07 -2.85261e-06)
(-2.45083e-07 1.3775e-06 -2.80844e-06)
(-3.9736e-07 1.97782e-06 -2.84243e-06)
(-4.96751e-07 2.57818e-06 -2.92287e-06)
(7.15912e-07 -2.19692e-06 -2.84476e-06)
(4.12984e-07 -1.22734e-06 -2.88906e-06)
(1.76221e-07 -5.24053e-07 -2.8529e-06)
(8.27085e-08 1.6889e-07 -2.87436e-06)
(6.54686e-08 8.1997e-07 -2.84984e-06)
(5.99218e-08 1.46483e-06 -2.82543e-06)
(3.62976e-08 2.12677e-06 -2.83395e-06)
(7.16488e-08 2.75511e-06 -2.88052e-06)
(6.41784e-07 -2.22824e-06 -3.07816e-06)
(4.91892e-07 -1.25567e-06 -3.08951e-06)
(3.54539e-07 -5.47464e-07 -2.96933e-06)
(2.92547e-07 1.56275e-07 -2.90359e-06)
(2.81808e-07 8.25566e-07 -2.83403e-06)
(3.00372e-07 1.48725e-06 -2.78911e-06)
(3.39669e-07 2.15885e-06 -2.77091e-06)
(4.05038e-07 2.79487e-06 -2.80131e-06)
(6.31676e-07 -2.25018e-06 -3.19464e-06)
(5.60702e-07 -1.27726e-06 -3.18351e-06)
(4.86474e-07 -5.68516e-07 -3.01809e-06)
(4.54446e-07 1.42148e-07 -2.90127e-06)
(4.58461e-07 8.20897e-07 -2.79365e-06)
(4.94706e-07 1.49037e-06 -2.72009e-06)
(5.58036e-07 2.16341e-06 -2.68147e-06)
(6.42603e-07 2.79178e-06 -2.70219e-06)
(6.51493e-07 -2.2605e-06 -3.24201e-06)
(6.25956e-07 -1.29212e-06 -3.21297e-06)
(5.89393e-07 -5.87299e-07 -3.02094e-06)
(5.79034e-07 1.26071e-07 -2.87335e-06)
(5.93368e-07 8.09157e-07 -2.73804e-06)
(6.35042e-07 1.4817e-06 -2.64193e-06)
(7.00319e-07 2.15396e-06 -2.58736e-06)
(7.90628e-07 2.77035e-06 -2.5998e-06)
(6.85077e-07 -2.26085e-06 -3.24589e-06)
(6.86783e-07 -1.30065e-06 -3.20222e-06)
(6.71986e-07 -6.03082e-07 -2.994e-06)
(6.75195e-07 1.08788e-07 -2.82849e-06)
(6.94316e-07 7.91628e-07 -2.67582e-06)
(7.34421e-07 1.46295e-06 -2.56549e-06)
(7.93371e-07 2.13188e-06 -2.49945e-06)
(8.79316e-07 2.73545e-06 -2.50471e-06)
(7.24396e-07 -2.25321e-06 -3.22153e-06)
(7.42521e-07 -1.30402e-06 -3.16619e-06)
(7.39605e-07 -6.15951e-07 -2.94847e-06)
(7.50239e-07 9.10739e-08 -2.77372e-06)
(7.70375e-07 7.70092e-07 -2.61203e-06)
(8.06307e-07 1.43688e-06 -2.49423e-06)
(8.57204e-07 2.10041e-06 -2.42039e-06)
(9.35691e-07 2.69078e-06 -2.41938e-06)
(7.65011e-07 -2.23927e-06 -3.17866e-06)
(7.92875e-07 -1.30316e-06 -3.11434e-06)
(7.95789e-07 -6.26099e-07 -2.89187e-06)
(8.09856e-07 7.35655e-08 -2.71379e-06)
(8.29063e-07 7.46103e-07 -2.54896e-06)
(8.60527e-07 1.40596e-06 -2.42827e-06)
(9.04142e-07 2.0626e-06 -2.34897e-06)
(9.75706e-07 2.63957e-06 -2.34224e-06)
(8.04378e-07 -2.22036e-06 -3.12371e-06)
(8.37788e-07 -1.29881e-06 -3.05277e-06)
(8.42957e-07 -6.33767e-07 -2.82895e-06)
(8.58189e-07 5.67069e-08 -2.65147e-06)
(8.75781e-07 7.20852e-07 -2.48732e-06)
(9.03441e-07 1.37208e-06 -2.36649e-06)
(9.41209e-07 2.02078e-06 -2.28301e-06)
(1.00732e-06 2.58424e-06 -2.27086e-06)
(8.41096e-07 -2.19757e-06 -3.06103e-06)
(8.77431e-07 -1.29161e-06 -2.98538e-06)
(8.82851e-07 -6.3923e-07 -2.76264e-06)
(8.98129e-07 4.07573e-08 -2.58824e-06)
(9.14095e-07 6.9516e-07 -2.42705e-06)
(9.38866e-07 1.33657e-06 -2.30759e-06)
(9.72135e-07 1.97656e-06 -2.22055e-06)
(1.03418e-06 2.5264e-06 -2.20313e-06)
(8.74446e-07 -2.17173e-06 -2.99352e-06)
(9.12095e-07 -1.28205e-06 -2.91466e-06)
(9.16733e-07 -6.42758e-07 -2.69463e-06)
(9.31613e-07 2.58355e-08 -2.5248e-06)
(9.46243e-07 6.6955e-07 -2.36781e-06)
(9.6897e-07 1.3003e-06 -2.25047e-06)
(9.98779e-07 1.931e-06 -2.16012e-06)
(1.05777e-06 2.46709e-06 -2.13754e-06)
(9.04099e-07 -2.14351e-06 -2.92312e-06)
(9.42093e-07 -1.27054e-06 -2.84215e-06)
(9.45488e-07 -6.44596e-07 -2.62591e-06)
(9.59895e-07 1.19672e-08 -2.46145e-06)
(9.73565e-07 6.44324e-07 -2.30926e-06)
(9.94924e-07 1.2638e-06 -2.19433e-06)
(1.02199e-06 1.88477e-06 -2.10079e-06)
(1.07858e-06 2.40697e-06 -2.07314e-06)
(9.29942e-07 -2.11336e-06 -2.85113e-06)
(9.67716e-07 -1.2574e-06 -2.76885e-06)
(9.69732e-07 -6.44963e-07 -2.55704e-06)
(9.83762e-07 -8.78515e-10 -2.39831e-06)
(9.96833e-07 6.19644e-07 -2.25113e-06)
(1.01732e-06 1.2274e-06 -2.13867e-06)
(1.04209e-06 1.83825e-06 -2.04199e-06)
(1.09667e-06 2.34643e-06 -2.00938e-06)
(9.51985e-07 -2.08165e-06 -2.77841e-06)
(9.89219e-07 -1.24286e-06 -2.69535e-06)
(9.89891e-07 -6.44043e-07 -2.48833e-06)
(1.00371e-06 -1.27606e-08 -2.33542e-06)
(1.01648e-06 5.95577e-07 -2.19324e-06)
(1.03644e-06 1.19127e-06 -2.0832e-06)
(1.05919e-06 1.79171e-06 -1.98346e-06)
(1.11193e-06 2.28574e-06 -1.94603e-06)
(9.70299e-07 -2.04864e-06 -2.70551e-06)
(1.00682e-06 -1.22713e-06 -2.62206e-06)
(1.00627e-06 -6.41991e-07 -2.41997e-06)
(1.02004e-06 -2.37478e-08 -2.27281e-06)
(1.03276e-06 5.72144e-07 -2.13552e-06)
(1.05243e-06 1.15551e-06 -2.02782e-06)
(1.07328e-06 1.74527e-06 -1.9251e-06)
(1.12423e-06 2.22507e-06 -1.88301e-06)
(9.84994e-07 -2.01451e-06 -2.63284e-06)
(1.02073e-06 -1.21033e-06 -2.54922e-06)
(1.01909e-06 -6.38932e-07 -2.35209e-06)
(1.03298e-06 -3.39078e-08 -2.21052e-06)
(1.04583e-06 5.49336e-07 -2.07793e-06)
(1.06535e-06 1.12017e-06 -1.97249e-06)
(1.08439e-06 1.69901e-06 -1.86693e-06)
(1.13352e-06 2.16453e-06 -1.82038e-06)
(9.962e-07 -1.97942e-06 -2.56063e-06)
(1.0311e-06 -1.1926e-06 -2.477e-06)
(1.02853e-06 -6.34967e-07 -2.28477e-06)
(1.04268e-06 -4.33017e-08 -2.14858e-06)
(1.05579e-06 5.27136e-07 -2.02052e-06)
(1.07527e-06 1.08527e-06 -1.91727e-06)
(1.09252e-06 1.65299e-06 -1.80903e-06)
(1.13979e-06 2.1042e-06 -1.75823e-06)
(1.00406e-06 -1.94348e-06 -2.48907e-06)
(1.03813e-06 -1.17402e-06 -2.40553e-06)
(1.03477e-06 -6.30178e-07 -2.21809e-06)
(1.04927e-06 -5.1982e-08 -2.08706e-06)
(1.06275e-06 5.05522e-07 -1.96334e-06)
(1.08225e-06 1.05082e-06 -1.86222e-06)
(1.09775e-06 1.60724e-06 -1.7515e-06)
(1.14307e-06 2.04414e-06 -1.69667e-06)
(1.00872e-06 -1.90676e-06 -2.41827e-06)
(1.04197e-06 -1.15466e-06 -2.3349e-06)
(1.03795e-06 -6.2463e-07 -2.15212e-06)
(1.05289e-06 -5.99919e-08 -2.02602e-06)
(1.06681e-06 4.84476e-07 -1.90647e-06)
(1.08639e-06 1.01683e-06 -1.80743e-06)
(1.10014e-06 1.56179e-06 -1.69444e-06)
(1.14347e-06 1.9844e-06 -1.63584e-06)
(1.01033e-06 -1.86933e-06 -2.34833e-06)
(1.04278e-06 -1.13458e-06 -2.26516e-06)
(1.03822e-06 -6.18377e-07 -2.0869e-06)
(1.05367e-06 -6.73669e-08 -1.96552e-06)
(1.06809e-06 4.63982e-07 -1.84997e-06)
(1.08777e-06 9.83298e-07 -1.75299e-06)
(1.09982e-06 1.51665e-06 -1.63795e-06)
(1.1411e-06 1.92504e-06 -1.57584e-06)
(1.00907e-06 -1.83127e-06 -2.27931e-06)
(1.04074e-06 -1.11385e-06 -2.19637e-06)
(1.03573e-06 -6.11463e-07 -2.0225e-06)
(1.05173e-06 -7.41359e-08 -1.90563e-06)
(1.0667e-06 4.44029e-07 -1.79393e-06)
(1.08652e-06 9.50241e-07 -1.69897e-06)
(1.09689e-06 1.47185e-06 -1.58212e-06)
(1.1361e-06 1.8661e-06 -1.51675e-06)
(1.00508e-06 -1.79261e-06 -2.21125e-06)
(1.03599e-06 -1.0925e-06 -2.12859e-06)
(1.03064e-06 -6.03926e-07 -1.95896e-06)
(1.04723e-06 -8.03228e-08 -1.84639e-06)
(1.06277e-06 4.24607e-07 -1.73839e-06)
(1.08276e-06 9.17664e-07 -1.64545e-06)
(1.09151e-06 1.42741e-06 -1.52702e-06)
(1.12863e-06 1.80763e-06 -1.45868e-06)
(9.98536e-07 -1.75341e-06 -2.1442e-06)
(1.0287e-06 -1.07058e-06 -2.06183e-06)
(1.02309e-06 -5.95799e-07 -1.89632e-06)
(1.0403e-06 -8.59477e-08 -1.78786e-06)
(1.05643e-06 4.0571e-07 -1.68343e-06)
(1.07661e-06 8.85577e-07 -1.59249e-06)
(1.0838e-06 1.38336e-06 -1.47273e-06)
(1.11884e-06 1.74965e-06 -1.40167e-06)
(9.8959e-07 -1.71371e-06 -2.07817e-06)
(1.01904e-06 -1.04812e-06 -1.99614e-06)
(1.01325e-06 -5.87112e-07 -1.83461e-06)
(1.03108e-06 -9.10284e-08 -1.73008e-06)
(1.04782e-06 3.87335e-07 -1.6291e-06)
(1.06821e-06 8.53989e-07 -1.54014e-06)
(1.07391e-06 1.33971e-06 -1.41929e-06)
(1.10689e-06 1.69222e-06 -1.34578e-06)
(9.78402e-07 -1.67355e-06 -2.0132e-06)
(1.00717e-06 -1.02518e-06 -1.93153e-06)
(1.00125e-06 -5.77893e-07 -1.77386e-06)
(1.01971e-06 -9.55808e-08 -1.67309e-06)
(1.03708e-06 3.69478e-07 -1.57544e-06)
(1.05769e-06 8.22912e-07 -1.48846e-06)
(1.06198e-06 1.29649e-06 -1.36674e-06)
(1.09293e-06 1.63537e-06 -1.29105e-06)
(9.65129e-07 -1.63299e-06 -1.94929e-06)
(9.93229e-07 -1.00178e-06 -1.86801e-06)
(9.87257e-07 -5.6817e-07 -1.7141e-06)
(1.00635e-06 -9.96201e-08 -1.61693e-06)
(1.02434e-06 3.52135e-07 -1.52248e-06)
(1.04519e-06 7.92355e-07 -1.43747e-06)
(1.04815e-06 1.25373e-06 -1.31513e-06)
(1.07713e-06 1.57914e-06 -1.23752e-06)
(9.49925e-07 -1.59205e-06 -1.88645e-06)
(9.77383e-07 -9.77968e-07 -1.8056e-06)
(9.71411e-07 -5.57969e-07 -1.65534e-06)
(9.91125e-07 -1.03161e-07 -1.56162e-06)
(1.00974e-06 3.35304e-07 -1.47027e-06)
(1.03083e-06 7.6233e-07 -1.38721e-06)
(1.03257e-06 1.21143e-06 -1.26447e-06)
(1.05964e-06 1.52356e-06 -1.1852e-06)
(9.32938e-07 -1.55079e-06 -1.8247e-06)
(9.59778e-07 -9.5377e-07 -1.74431e-06)
(9.53858e-07 -5.47315e-07 -1.59761e-06)
(9.7418e-07 -1.06218e-07 -1.50718e-06)
(9.93415e-07 3.18982e-07 -1.41882e-06)
(1.01476e-06 7.32845e-07 -1.3377e-06)
(1.01536e-06 1.16962e-06 -1.21479e-06)
(1.04058e-06 1.46867e-06 -1.13412e-06)
(9.14313e-07 -1.50925e-06 -1.76402e-06)
(9.4056e-07 -9.29226e-07 -1.68414e-06)
(9.34738e-07 -5.36234e-07 -1.5409e-06)
(9.55651e-07 -1.08805e-07 -1.45362e-06)
(9.7549e-07 3.03166e-07 -1.36816e-06)
(9.97096e-07 7.03908e-07 -1.28898e-06)
(9.96659e-07 1.12832e-06 -1.16611e-06)
(1.02011e-06 1.4145e-06 -1.08427e-06)
(8.94193e-07 -1.46746e-06 -1.70443e-06)
(9.1987e-07 -9.04371e-07 -1.62508e-06)
(9.14189e-07 -5.24751e-07 -1.48522e-06)
(9.3567e-07 -1.10938e-07 -1.40098e-06)
(9.56095e-07 2.87852e-07 -1.31831e-06)
(9.77964e-07 6.75528e-07 -1.24104e-06)
(9.76595e-07 1.08756e-06 -1.11843e-06)
(9.98363e-07 1.36106e-06 -1.03568e-06)
(8.72714e-07 -1.42547e-06 -1.64591e-06)
(8.97846e-07 -8.7924e-07 -1.56714e-06)
(8.92343e-07 -5.12893e-07 -1.43059e-06)
(9.14366e-07 -1.12631e-07 -1.34924e-06)
(9.35357e-07 2.73035e-07 -1.26928e-06)
(9.57488e-07 6.47711e-07 -1.19392e-06)
(9.55289e-07 1.04734e-06 -1.07176e-06)
(9.75458e-07 1.30841e-06 -9.88327e-07)
(8.50008e-07 -1.38332e-06 -1.58846e-06)
(8.74618e-07 -8.53869e-07 -1.51031e-06)
(8.6933e-07 -5.00685e-07 -1.37699e-06)
(8.91864e-07 -1.139e-07 -1.29843e-06)
(9.13397e-07 2.58711e-07 -1.22108e-06)
(9.35786e-07 6.20464e-07 -1.14761e-06)
(9.3286e-07 1.00768e-06 -1.02611e-06)
(9.51522e-07 1.25655e-06 -9.42221e-07)
(8.26204e-07 -1.34106e-06 -1.53207e-06)
(8.50316e-07 -8.28293e-07 -1.45459e-06)
(8.45274e-07 -4.88153e-07 -1.32443e-06)
(8.68286e-07 -1.14761e-07 -1.24854e-06)
(8.90333e-07 2.44874e-07 -1.17373e-06)
(9.12973e-07 5.9379e-07 -1.10213e-06)
(9.09424e-07 9.686e-07 -9.81469e-07)
(9.26672e-07 1.20551e-06 -8.9735e-07)
(8.01427e-07 -1.29873e-06 -1.47673e-06)
(8.25063e-07 -8.02545e-07 -1.39995e-06)
(8.20295e-07 -4.75323e-07 -1.2729e-06)
(8.43749e-07 -1.15229e-07 -1.19958e-06)
(8.66281e-07 2.31517e-07 -1.12722e-06)
(8.89161e-07 5.67696e-07 -1.05748e-06)
(8.8509e-07 9.30117e-07 -9.37849e-07)
(9.01021e-07 1.15532e-06 -8.53706e-07)
(7.75794e-07 -1.25636e-06 -1.42243e-06)
(7.98978e-07 -7.76662e-07 -1.3464e-06)
(7.94509e-07 -4.62221e-07 -1.2224e-06)
(8.18368e-07 -1.15322e-07 -1.15155e-06)
(8.4135e-07 2.18636e-07 -1.08157e-06)
(8.64459e-07 5.42183e-07 -1.01367e-06)
(8.59965e-07 8.92242e-07 -8.95242e-07)
(8.74677e-07 1.10599e-06 -8.11277e-07)
(7.49424e-07 -1.21401e-06 -1.36915e-06)
(7.72175e-07 -7.50677e-07 -1.29392e-06)
(7.6803e-07 -4.48874e-07 -1.17293e-06)
(7.92252e-07 -1.15055e-07 -1.10445e-06)
(8.1565e-07 2.06221e-07 -1.03677e-06)
(8.38971e-07 5.17255e-07 -9.70704e-07)
(8.34152e-07 8.54989e-07 -8.53642e-07)
(8.47741e-07 1.05754e-06 -7.7005e-07)
(7.22425e-07 -1.17171e-06 -1.31689e-06)
(7.44766e-07 -7.24625e-07 -1.2425e-06)
(7.40963e-07 -4.35307e-07 -1.12446e-06)
(7.65508e-07 -1.14446e-07 -1.05827e-06)
(7.89283e-07 1.94267e-07 -9.92828e-07)
(8.128e-07 4.92913e-07 -9.28576e-07)
(8.07748e-07 8.18373e-07 -8.13043e-07)
(8.20311e-07 1.01e-06 -7.30008e-07)
(6.94906e-07 -1.12951e-06 -1.26563e-06)
(7.16858e-07 -6.98541e-07 -1.19212e-06)
(7.13413e-07 -4.21548e-07 -1.07701e-06)
(7.38239e-07 -1.13511e-07 -1.01302e-06)
(7.6235e-07 1.82766e-07 -9.49747e-07)
(7.86043e-07 4.6916e-07 -8.8729e-07)
(7.80849e-07 7.82404e-07 -7.73439e-07)
(7.92481e-07 9.63384e-07 -6.91137e-07)
(6.66971e-07 -1.08745e-06 -1.21535e-06)
(6.88551e-07 -6.72457e-07 -1.14278e-06)
(6.8548e-07 -4.07621e-07 -1.03055e-06)
(7.10541e-07 -1.12268e-07 -9.6869e-07)
(7.34949e-07 1.71708e-07 -9.07524e-07)
(7.58795e-07 4.45996e-07 -8.46847e-07)
(7.53544e-07 7.47096e-07 -7.34821e-07)
(7.64338e-07 9.177e-07 -6.53419e-07)
(6.38718e-07 -1.04557e-06 -1.16605e-06)
(6.59944e-07 -6.46409e-07 -1.09446e-06)
(6.57259e-07 -3.93555e-07 -9.85078e-07)
(6.82512e-07 -1.10735e-07 -9.25278e-07)
(7.07173e-07 1.61087e-07 -8.6616e-07)
(7.31148e-07 4.23422e-07 -8.07247e-07)
(7.25921e-07 7.1246e-07 -6.97182e-07)
(7.35966e-07 8.72965e-07 -6.16836e-07)
(6.10244e-07 -1.00392e-06 -1.11771e-06)
(6.31133e-07 -6.2043e-07 -1.04715e-06)
(6.28843e-07 -3.79374e-07 -9.40588e-07)
(6.54241e-07 -1.08928e-07 -8.82779e-07)
(6.79112e-07 1.50893e-07 -8.25655e-07)
(7.03189e-07 4.01437e-07 -7.68488e-07)
(6.98063e-07 6.78507e-07 -6.60513e-07)
(7.07445e-07 8.29194e-07 -5.81371e-07)
(5.81641e-07 -9.62541e-07 -1.07032e-06)
(6.02207e-07 -5.94555e-07 -1.00083e-06)
(6.00318e-07 -3.65106e-07 -8.9707e-07)
(6.25816e-07 -1.06865e-07 -8.41191e-07)
(6.50852e-07 1.41117e-07 -7.86008e-07)
(6.75004e-07 3.80041e-07 -7.30572e-07)
(6.70048e-07 6.45248e-07 -6.24806e-07)
(6.78851e-07 7.864e-07 -5.47008e-07)
(5.52996e-07 -9.21474e-07 -1.02387e-06)
(5.73253e-07 -5.68815e-07 -9.55505e-07)
(5.7177e-07 -3.50776e-07 -8.54517e-07)
(5.97322e-07 -1.04565e-07 -8.00511e-07)
(6.22476e-07 1.31751e-07 -7.47218e-07)
(6.46673e-07 3.59235e-07 -6.93498e-07)
(6.41952e-07 6.12693e-07 -5.90053e-07)
(6.50254e-07 7.44595e-07 -5.13728e-07)
(5.24394e-07 -8.80762e-07 -9.78341e-07)
(5.44354e-07 -5.43246e-07 -9.11152e-07)
(5.4328e-07 -3.36411e-07 -8.12922e-07)
(5.68838e-07 -1.02044e-07 -7.60734e-07)
(5.94065e-07 1.22786e-07 -7.09287e-07)
(6.18276e-07 3.39016e-07 -6.57266e-07)
(6.13849e-07 5.80852e-07 -5.56247e-07)
(6.21722e-07 7.03791e-07 -4.81515e-07)
(4.95917e-07 -8.40449e-07 -9.33735e-07)
(5.15589e-07 -5.17879e-07 -8.67765e-07)
(5.14923e-07 -3.22037e-07 -7.72278e-07)
(5.40443e-07 -9.93196e-08 -7.21861e-07)
(5.65695e-07 1.14212e-07 -6.72215e-07)
(5.89887e-07 3.19383e-07 -6.21877e-07)
(5.85806e-07 5.49737e-07 -5.23381e-07)
(5.9332e-07 6.63999e-07 -4.50353e-07)
(4.67642e-07 -8.00577e-07 -8.90042e-07)
(4.87035e-07 -4.92748e-07 -8.25338e-07)
(4.86775e-07 -3.0768e-07 -7.3258e-07)
(5.12208e-07 -9.64103e-08 -6.83888e-07)
(5.37439e-07 1.0602e-07 -6.36002e-07)
(5.61577e-07 3.00336e-07 -5.87333e-07)
(5.5789e-07 5.19356e-07 -4.91449e-07)
(5.65106e-07 6.25229e-07 -4.20229e-07)
(4.39644e-07 -7.61188e-07 -8.47254e-07)
(4.58764e-07 -4.67887e-07 -7.83863e-07)
(4.58904e-07 -2.93366e-07 -6.93823e-07)
(4.84206e-07 -9.33333e-08 -6.46816e-07)
(5.09367e-07 9.82014e-08 -6.00652e-07)
(5.33417e-07 2.81873e-07 -5.53636e-07)
(5.30163e-07 4.89719e-07 -4.60445e-07)
(5.37139e-07 5.87493e-07 -3.91128e-07)
(4.11995e-07 -7.22326e-07 -8.05368e-07)
(4.30846e-07 -4.43327e-07 -7.43335e-07)
(4.31379e-07 -2.7912e-07 -6.56006e-07)
(4.56503e-07 -9.01061e-08 -6.10644e-07)
(4.81547e-07 9.07466e-08 -5.66168e-07)
(5.05472e-07 2.63992e-07 -5.20791e-07)
(5.02685e-07 4.60836e-07 -4.30367e-07)
(5.09471e-07 5.50799e-07 -3.63038e-07)
(3.84761e-07 -6.84032e-07 -7.6438e-07)
(4.03345e-07 -4.191e-07 -7.0375e-07)
(4.04262e-07 -2.64967e-07 -6.19126e-07)
(4.29162e-07 -8.67459e-08 -5.75376e-07)
(4.54042e-07 8.36464e-08 -5.32552e-07)
(4.77804e-07 2.46693e-07 -4.888e-07)
(4.75512e-07 4.32717e-07 -4.01212e-07)
(4.82154e-07 5.1516e-07 -3.35949e-07)
(3.58007e-07 -6.46348e-07 -7.24288e-07)
(3.76325e-07 -3.9524e-07 -6.65106e-07)
(3.77614e-07 -2.50934e-07 -5.83182e-07)
(4.02246e-07 -8.32701e-08 -5.41012e-07)
(4.26913e-07 7.68918e-08 -4.99812e-07)
(4.50475e-07 2.29973e-07 -4.57671e-07)
(4.48697e-07 4.05372e-07 -3.72979e-07)
(4.55235e-07 4.80584e-07 -3.09852e-07)
(3.31796e-07 -6.09317e-07 -6.85092e-07)
(3.49845e-07 -3.71779e-07 -6.27402e-07)
(3.51493e-07 -2.37046e-07 -5.48176e-07)
(3.75811e-07 -7.96955e-08 -5.07558e-07)
(4.00218e-07 7.0474e-08 -4.67952e-07)
(4.2354e-07 2.13831e-07 -4.27409e-07)
(4.22293e-07 3.78809e-07 -3.45667e-07)
(4.28758e-07 4.47081e-07 -2.84739e-07)
(3.06186e-07 -5.7298e-07 -6.46795e-07)
(3.23962e-07 -3.48747e-07 -5.9064e-07)
(3.25953e-07 -2.23326e-07 -5.1411e-07)
(3.49912e-07 -7.60392e-08 -4.75019e-07)
(3.74011e-07 6.43841e-08 -4.3698e-07)
(3.97054e-07 1.98266e-07 -3.98024e-07)
(3.96346e-07 3.53038e-07 -3.19278e-07)
(4.02766e-07 4.14662e-07 -2.60604e-07)
(2.81232e-07 -5.37378e-07 -6.094e-07)
(2.9873e-07 -3.26178e-07 -5.54821e-07)
(3.01044e-07 -2.09801e-07 -4.80988e-07)
(3.24602e-07 -7.23178e-08 -4.43401e-07)
(3.48346e-07 5.86135e-08 -4.06906e-07)
(3.7107e-07 1.83277e-07 -3.69524e-07)
(3.70902e-07 3.2807e-07 -2.93816e-07)
(3.77297e-07 3.83338e-07 -2.37444e-07)
(2.56988e-07 -5.02553e-07 -5.72913e-07)
(2.74198e-07 -3.04101e-07 -5.1995e-07)
(2.76817e-07 -1.96494e-07 -4.48815e-07)
(2.99929e-07 -6.85476e-08 -4.12712e-07)
(3.23272e-07 5.31539e-08 -3.7774e-07)
(3.45634e-07 1.68863e-07 -3.41919e-07)
(3.46005e-07 3.03914e-07 -2.69286e-07)
(3.5239e-07 3.53119e-07 -2.15257e-07)
(2.33503e-07 -4.68545e-07 -5.3734e-07)
(2.50416e-07 -2.82549e-07 -4.86033e-07)
(2.53316e-07 -1.83429e-07 -4.17599e-07)
(2.75939e-07 -6.4745e-08 -3.82962e-07)
(2.98835e-07 4.7997e-08 -3.49492e-07)
(3.20796e-07 1.55023e-07 -3.15224e-07)
(3.21695e-07 2.8058e-07 -2.45694e-07)
(3.28078e-07 3.24016e-07 -1.94043e-07)
(2.10825e-07 -4.35395e-07 -5.0269e-07)
(2.27427e-07 -2.61551e-07 -4.53078e-07)
(2.30585e-07 -1.70631e-07 -3.87348e-07)
(2.52677e-07 -6.09257e-08 -3.54162e-07)
(2.75079e-07 4.31351e-08 -3.22176e-07)
(2.96596e-07 1.41757e-07 -2.8945e-07)
(2.98011e-07 2.58078e-07 -2.23048e-07)
(3.04395e-07 2.9604e-07 -1.73805e-07)
(1.88997e-07 -4.03143e-07 -4.68975e-07)
(2.05275e-07 -2.4114e-07 -4.21093e-07)
(2.08665e-07 -1.58124e-07 -3.58072e-07)
(2.30184e-07 -5.71055e-08 -3.26324e-07)
(2.52046e-07 3.85604e-08 -2.95806e-07)
(2.73078e-07 1.29065e-07 -2.64613e-07)
(2.74988e-07 2.3642e-07 -2.01359e-07)
(2.8137e-07 2.69205e-07 -1.54546e-07)
(1.68063e-07 -3.71828e-07 -4.36205e-07)
(1.83999e-07 -2.21344e-07 -3.9009e-07)
(1.87592e-07 -1.45929e-07 -3.29783e-07)
(2.08497e-07 -5.32996e-08 -2.99462e-07)
(2.29775e-07 3.42656e-08 -2.70397e-07)
(2.5028e-07 1.16947e-07 -2.40729e-07)
(2.5266e-07 2.15614e-07 -1.80637e-07)
(2.59033e-07 2.43522e-07 -1.36273e-07)
(1.4806e-07 -3.4149e-07 -4.04396e-07)
(1.63636e-07 -2.02195e-07 -3.60082e-07)
(1.67403e-07 -1.34071e-07 -3.02494e-07)
(1.87653e-07 -4.95231e-08 -2.73592e-07)
(2.08303e-07 3.0244e-08 -2.45968e-07)
(2.28238e-07 1.05403e-07 -2.17816e-07)
(2.31059e-07 1.95674e-07 -1.60896e-07)
(2.37409e-07 2.19004e-07 -1.18993e-07)
(1.29027e-07 -3.12167e-07 -3.73562e-07)
(1.44222e-07 -1.83721e-07 -3.31082e-07)
(1.48132e-07 -1.22571e-07 -2.7622e-07)
(1.67686e-07 -4.57904e-08 -2.48729e-07)
(1.87663e-07 2.64887e-08 -2.22535e-07)
(2.06987e-07 9.44349e-08 -1.95892e-07)
(2.10214e-07 1.76609e-07 -1.42151e-07)
(2.16522e-07 1.95665e-07 -1.02717e-07)
(1.10998e-07 -2.83898e-07 -3.4372e-07)
(1.25789e-07 -1.65953e-07 -3.03107e-07)
(1.29809e-07 -1.11452e-07 -2.50978e-07)
(1.48627e-07 -4.21158e-08 -2.24893e-07)
(1.67888e-07 2.29937e-08 -2.0012e-07)
(1.86557e-07 8.40433e-08 -1.7498e-07)
(1.90153e-07 1.58431e-07 -1.24418e-07)
(1.96396e-07 1.73518e-07 -8.74562e-08)
(9.40047e-08 -2.56721e-07 -3.1489e-07)
(1.08369e-07 -1.48918e-07 -2.76173e-07)
(1.12463e-07 -1.00736e-07 -2.26785e-07)
(1.30506e-07 -3.85131e-08 -2.02102e-07)
(1.49007e-07 1.97533e-08 -1.78743e-07)
(1.66979e-07 7.42303e-08 -1.55101e-07)
(1.70901e-07 1.41152e-07 -1.07716e-07)
(1.77051e-07 1.52579e-07 -7.32264e-08)
(7.80784e-08 -2.30674e-07 -2.8709e-07)
(9.19886e-08 -1.32647e-07 -2.503e-07)
(9.61218e-08 -9.04441e-08 -2.03661e-07)
(1.1335e-07 -3.49955e-08 -1.80379e-07)
(1.31048e-07 1.6762e-08 -1.58428e-07)
(1.4828e-07 6.49983e-08 -1.36279e-07)
(1.52482e-07 1.24785e-07 -9.20669e-08)
(1.58506e-07 1.32865e-07 -6.00439e-08)
(6.32473e-08 -2.05792e-07 -2.60343e-07)
(7.66764e-08 -1.17167e-07 -2.25507e-07)
(8.0811e-08 -8.05968e-08 -1.81627e-07)
(9.71858e-08 -3.15762e-08 -1.59746e-07)
(1.14038e-07 1.40151e-08 -1.39198e-07)
(1.30486e-07 5.63501e-08 -1.1854e-07)
(1.34918e-07 1.09341e-07 -7.74919e-08)
(1.4078e-07 1.14392e-07 -4.79277e-08)
(4.9539e-08 -1.82112e-07 -2.3467e-07)
(6.24577e-08 -1.02505e-07 -2.01815e-07)
(6.65552e-08 -7.12147e-08 -1.60704e-07)
(8.20375e-08 -2.82675e-08 -1.40227e-07)
(9.80004e-08 1.15081e-08 -1.21082e-07)
(1.1362e-07 4.8289e-08 -1.0191e-07)
(1.18228e-07 9.48346e-08 -6.4016e-08)
(1.23887e-07 9.71754e-08 -3.68989e-08)
(3.69798e-08 -1.59669e-07 -2.10094e-07)
(4.93574e-08 -8.86896e-08 -1.79247e-07)
(5.33779e-08 -6.23176e-08 -1.40917e-07)
(6.7929e-08 -2.50815e-08 -1.2185e-07)
(8.29592e-08 9.23691e-09 -1.04106e-07)
(9.77058e-08 4.08185e-08 -8.64203e-08)
(1.02431e-07 8.12778e-08 -5.16663e-08)
(1.0784e-07 8.12347e-08 -2.69819e-08)
(2.55962e-08 -1.38497e-07 -1.86641e-07)
(3.73995e-08 -7.57467e-08 -1.57826e-07)
(4.13022e-08 -5.39249e-08 -1.22291e-07)
(5.48832e-08 -2.20298e-08 -1.0464e-07)
(6.8937e-08 7.19793e-09 -8.83019e-08)
(8.27637e-08 3.39429e-08 -7.2102e-08)
(8.75447e-08 6.8684e-08 -4.04732e-08)
(9.26522e-08 6.65882e-08 -1.82043e-08)
(1.5415e-08 -1.18626e-07 -1.64336e-07)
(2.66078e-08 -6.3702e-08 -1.37578e-07)
(3.03506e-08 -4.60553e-08 -1.04853e-07)
(4.29231e-08 -1.91237e-08 -8.86295e-08)
(5.59564e-08 5.38764e-09 -7.37018e-08)
(6.8815e-08 2.76663e-08 -5.89897e-08)
(7.35852e-08 5.7066e-08 -3.04701e-08)
(7.8333e-08 5.3255e-08 -1.05977e-08)
(6.46429e-09 -1.00087e-07 -1.43211e-07)
(1.70053e-08 -5.25801e-08 -1.1853e-07)
(2.0545e-08 -3.87271e-08 -8.8632e-08)
(3.20714e-08 -1.63744e-08 -7.38488e-08)
(4.40404e-08 3.80247e-09 -6.03398e-08)
(5.58817e-08 2.19928e-08 -4.71192e-08)
(6.0571e-08 4.6436e-08 -2.16936e-08)
(6.48937e-08 4.1256e-08 -4.19863e-09)
(-1.22631e-09 -8.29045e-08 -1.23301e-07)
(8.61343e-09 -4.24045e-08 -1.00714e-07)
(1.19048e-08 -3.19578e-08 -7.36591e-08)
(2.23496e-08 -1.37932e-08 -6.03309e-08)
(3.32134e-08 2.43821e-09 -4.82501e-08)
(4.39893e-08 1.69259e-08 -3.65269e-08)
(4.8525e-08 3.68051e-08 -1.41831e-08)
(5.23489e-08 3.06139e-08 9.50926e-10)
(-7.62565e-09 -6.71013e-08 -1.04654e-07)
(1.44786e-09 -3.31974e-08 -8.41701e-08)
(4.44172e-09 -2.57643e-08 -5.99708e-08)
(1.37743e-08 -1.13918e-08 -4.81083e-08)
(2.35006e-08 1.28869e-09 -3.7463e-08)
(3.31702e-08 1.24667e-08 -2.72448e-08)
(3.7481e-08 2.8182e-08 -7.97853e-09)
(4.07222e-08 2.13546e-08 4.80314e-09)
(-1.27033e-08 -5.26923e-08 -8.73417e-08)
(-4.4896e-09 -2.49789e-08 -6.89545e-08)
(-1.85151e-09 -2.01623e-08 -4.76112e-08)
(6.34771e-09 -9.18427e-09 -3.72094e-08)
(1.49267e-08 3.42673e-10 -2.79951e-08)
(2.34718e-08 8.61077e-09 -1.92902e-08)
(2.74952e-08 2.05713e-08 -3.11505e-09)
(3.00577e-08 1.35106e-08 7.30327e-09)
(-1.64383e-08 -3.96886e-08 -7.14837e-08)
(-9.2262e-09 -1.77661e-08 -5.51595e-08)
(-7.02469e-09 -1.51631e-08 -3.66409e-08)
(3.82956e-11 -7.18615e-09 -2.76492e-08)
(7.5133e-09 -4.2036e-10 -1.98249e-08)
(1.49742e-08 5.34122e-09 -1.26413e-08)
(1.86744e-08 1.39705e-08 3.89672e-10)
(2.04447e-08 7.13019e-09 8.38968e-09)
(-1.88593e-08 -2.81021e-08 -5.72896e-08)
(-1.28589e-08 -1.15603e-08 -4.29485e-08)
(-1.12359e-08 -1.07558e-08 -2.71634e-08)
(-5.28294e-09 -5.40561e-09 -1.9418e-08)
(1.25034e-09 -1.03085e-09 -1.28507e-08)
(7.81341e-09 2.62128e-09 -7.18935e-09)
(1.12344e-08 8.37056e-09 2.56282e-09)
(1.20728e-08 2.30014e-09 7.99367e-09)
(-2.01685e-08 -1.79495e-08 -4.51293e-08)
(-1.57011e-08 -6.36688e-09 -3.26752e-08)
(-1.49598e-08 -6.96207e-09 -1.9434e-08)
(-1.006e-08 -3.93389e-09 -1.25011e-08)
(-4.05799e-09 -1.63192e-09 -6.83574e-09)
(2.14166e-09 3.06739e-10 -2.65726e-09)
(5.57402e-09 3.72119e-09 3.53417e-09)
(5.33624e-09 -8.42651e-10 6.02688e-09)
(-2.0867e-08 -9.42206e-09 -3.5549e-08)
(-1.83093e-08 -2.36434e-09 -2.50226e-08)
(-1.88646e-08 -4.08114e-09 -1.37835e-08)
(-1.48808e-08 -3.29651e-09 -6.5851e-09)
(-8.63336e-09 -2.85257e-09 -1.03652e-09)
(-1.74003e-09 -2.15257e-09 1.72883e-09)
(2.42669e-09 -2.03257e-10 3.71232e-09)
(1.06762e-09 -2.0716e-09 2.37809e-09)
(-2.10366e-08 -1.5985e-09 -2.87474e-08)
(-2.02201e-08 2.12169e-09 -1.98668e-08)
(-2.14622e-08 5.83013e-10 -8.71651e-09)
(-1.76589e-08 -4.76387e-10 8.36014e-10)
(-1.03266e-08 -2.2395e-09 7.12828e-09)
(-2.01275e-09 -3.49054e-09 7.78427e-09)
(3.18195e-09 -3.29417e-09 3.75145e-09)
(8.13724e-10 -1.18816e-09 -2.9587e-09)
(-2.07645e-08 4.53785e-09 -2.42358e-08)
(-2.13916e-08 7.2576e-09 -1.41327e-08)
(-2.17615e-08 4.96581e-09 2.33338e-10)
(-1.7022e-08 1.68051e-10 1.29181e-08)
(-8.2283e-09 -5.58279e-09 1.82958e-08)
(1.31667e-09 -9.61533e-09 1.38027e-08)
(6.98745e-09 -9.93667e-09 1.58976e-09)
(4.36133e-09 -1.06984e-09 -9.64889e-09)
)
;
        value           nonuniform List<vector> 
640
(
(5.54312e-10 -4.96911e-10 2.45118e-10)
(3.81075e-10 -4.30154e-10 1.57435e-11)
(2.09787e-10 -2.43185e-10 -1.48373e-10)
(-6.13773e-12 7.91028e-12 -2.40454e-10)
(-2.57292e-10 2.86217e-10 -2.68888e-10)
(-5.30753e-10 5.58424e-10 -2.25166e-10)
(-8.18939e-10 7.91238e-10 -9.98815e-11)
(-1.2012e-09 1.02646e-09 1.85793e-10)
(1.03821e-09 -7.35131e-10 5.90649e-10)
(6.49745e-10 -5.06205e-10 2.53878e-10)
(3.26892e-10 -2.48099e-10 8.27906e-12)
(3.07215e-11 6.60871e-11 -1.51096e-10)
(-2.63166e-10 3.96733e-10 -2.06092e-10)
(-5.78347e-10 7.18149e-10 -1.52226e-10)
(-9.40259e-10 1.01349e-09 3.62801e-12)
(-1.34989e-09 1.33484e-09 3.10388e-10)
(1.59547e-09 -8.49475e-10 1.03932e-09)
(1.05474e-09 -5.256e-10 6.86802e-10)
(5.59075e-10 -2.17872e-10 4.24741e-10)
(9.87448e-11 1.16225e-10 2.41448e-10)
(-3.53733e-10 4.57548e-10 1.62658e-10)
(-8.26394e-10 7.96218e-10 1.9138e-10)
(-1.34195e-09 1.13036e-09 3.24588e-10)
(-1.87229e-09 1.47708e-09 5.69986e-10)
(2.16334e-09 -9.23279e-10 1.6925e-09)
(1.4719e-09 -5.48098e-10 1.33057e-09)
(8.06003e-10 -2.02848e-10 1.05567e-09)
(1.65652e-10 1.4813e-10 8.54852e-10)
(-4.70396e-10 4.96677e-10 7.52277e-10)
(-1.12428e-09 8.42186e-10 7.52e-10)
(-1.81165e-09 1.18805e-09 8.58072e-10)
(-2.51969e-09 1.5353e-09 1.0714e-09)
(2.71575e-09 -9.65845e-10 2.55912e-09)
(1.86412e-09 -5.63806e-10 2.18269e-09)
(1.02999e-09 -1.96866e-10 1.89354e-09)
(2.12618e-10 1.64474e-10 1.67547e-09)
(-6.04459e-10 5.16313e-10 1.55044e-09)
(-1.43867e-09 8.6214e-10 1.52399e-09)
(-2.30393e-09 1.20665e-09 1.60403e-09)
(-3.20401e-09 1.54967e-09 1.79361e-09)
(3.24176e-09 -9.89821e-10 3.63515e-09)
(2.22514e-09 -5.74351e-10 3.23934e-09)
(1.2227e-09 -1.9663e-10 2.93293e-09)
(2.30953e-10 1.69697e-10 2.69583e-09)
(-7.64468e-10 5.21592e-10 2.54826e-09)
(-1.77877e-09 8.6406e-10 2.49646e-09)
(-2.82663e-09 1.2026e-09 2.55007e-09)
(-3.91959e-09 1.53839e-09 2.71269e-09)
(3.73336e-09 -1.00203e-09 4.91569e-09)
(2.55009e-09 -5.81212e-10 4.49625e-09)
(1.37926e-09 -1.99719e-10 4.16868e-09)
(2.149e-10 1.67474e-10 3.90952e-09)
(-9.57046e-10 5.17045e-10 3.73756e-09)
(-2.15104e-09 8.5448e-10 3.65882e-09)
(-3.38276e-09 1.18598e-09 3.68357e-09)
(-4.6665e-09 1.51331e-09 3.81393e-09)
(4.18398e-09 -1.00655e-09 6.39537e-09)
(2.83402e-09 -5.85388e-10 5.9485e-09)
(1.49531e-09 -2.04549e-10 5.59572e-09)
(1.59977e-10 1.60601e-10 5.31089e-09)
(-1.18659e-09 5.06273e-10 5.1115e-09)
(-2.55874e-09 8.38062e-10 5.00284e-09)
(-3.97281e-09 1.16267e-09 4.99507e-09)
(-5.44369e-09 1.48169e-09 5.08804e-09)
(4.58808e-09 -1.0059e-09 8.0687e-09)
(3.07244e-09 -5.87575e-10 7.5909e-09)
(1.56703e-09 -2.10151e-10 7.20897e-09)
(6.25809e-11 1.51057e-10 6.89468e-09)
(-1.45631e-09 4.91906e-10 6.66428e-09)
(-3.00411e-09 8.17954e-10 6.52207e-09)
(-4.59748e-09 1.13616e-09 6.47776e-09)
(-6.25091e-09 1.44748e-09 6.52879e-09)
(4.9409e-09 -1.00168e-09 9.93016e-09)
(3.26135e-09 -5.88233e-10 9.41818e-09)
(1.591e-09 -2.15925e-10 9.00341e-09)
(-8.03221e-11 1.4017e-10 8.65589e-09)
(-1.76882e-09 4.75701e-10 8.39078e-09)
(-3.48911e-09 7.96102e-10 8.21131e-09)
(-5.25793e-09 1.1084e-09 8.12656e-09)
(-7.08898e-09 1.41263e-09 8.13167e-09)
(5.23835e-09 -9.94904e-10 1.19743e-08)
(3.39721e-09 -5.87654e-10 1.14251e-08)
(1.56417e-09 -2.21494e-10 1.09741e-08)
(-2.71398e-10 1.28791e-10 1.05898e-08)
(-2.12642e-09 4.58746e-10 1.02864e-08)
(-4.0156e-09 7.73631e-10 1.00661e-08)
(-5.95568e-09 1.0804e-09 9.93732e-09)
(-7.95943e-09 1.37798e-09 9.89304e-09)
(5.4769e-09 -9.86252e-10 1.41957e-08)
(3.47687e-09 -5.8603e-10 1.36066e-08)
(1.48383e-09 -2.26633e-10 1.31161e-08)
(-5.13049e-10 1.17435e-10 1.26918e-08)
(-2.53124e-09 4.41678e-10 1.23469e-08)
(-4.58549e-09 7.51141e-10 1.20825e-08)
(-6.69251e-09 1.05261e-09 1.19064e-08)
(-8.86416e-09 1.34382e-09 1.18098e-08)
(5.6535e-09 -9.76161e-10 1.65891e-08)
(3.49758e-09 -5.83491e-10 1.59575e-08)
(1.34752e-09 -2.31219e-10 1.54248e-08)
(-8.07459e-10 1.06391e-10 1.49576e-08)
(-2.98526e-09 4.2484e-10 1.45681e-08)
(-5.20064e-09 7.28926e-10 1.42567e-08)
(-7.47028e-09 1.02521e-09 1.40305e-08)
(-9.80518e-09 1.31021e-09 1.38788e-08)
(5.76555e-09 -9.64931e-10 1.91493e-08)
(3.45694e-09 -5.80139e-10 1.8473e-08)
(1.15308e-09 -2.352e-10 1.78955e-08)
(-1.15662e-09 9.58087e-11 1.73827e-08)
(-3.49036e-09 4.08399e-10 1.69461e-08)
(-5.86287e-09 7.07105e-10 1.6585e-08)
(-8.29083e-09 9.98242e-10 1.63064e-08)
(-1.07845e-08 1.27707e-09 1.60973e-08)
(5.81081e-09 -9.5277e-10 2.18711e-08)
(3.35286e-09 -5.76052e-10 2.11481e-08)
(8.98558e-10 -2.38566e-10 2.05236e-08)
(-1.56233e-09 8.57474e-11 1.9963e-08)
(-4.04826e-09 3.92418e-10 1.94769e-08)
(-6.57388e-09 6.85706e-10 1.9064e-08)
(-9.15591e-09 9.71665e-10 1.87306e-08)
(-1.18039e-08 1.24432e-09 1.84622e-08)
(5.78739e-09 -9.39824e-10 2.47496e-08)
(3.18353e-09 -5.71294e-10 2.39781e-08)
(5.82277e-10 -2.4133e-10 2.33048e-08)
(-2.0262e-09 7.62207e-11 2.26943e-08)
(-4.66051e-09 3.76909e-10 2.21567e-08)
(-7.33524e-09 6.64717e-10 2.169e-08)
(-1.00671e-08 9.4544e-10 2.13e-08)
(-1.2865e-08 1.2119e-09 2.09706e-08)
(5.69369e-09 -9.26202e-10 2.77798e-08)
(2.94741e-09 -5.65923e-10 2.69582e-08)
(2.02773e-10 -2.43517e-10 2.62344e-08)
(-2.54963e-09 6.72175e-11 2.55724e-08)
(-5.3285e-09 3.61858e-10 2.49817e-08)
(-8.14835e-09 6.44112e-10 2.44594e-08)
(-1.1026e-08 9.19521e-10 2.40112e-08)
(-1.39695e-08 1.17973e-09 2.36193e-08)
(5.5284e-09 -9.11984e-10 3.09569e-08)
(2.64325e-09 -5.59985e-10 3.0084e-08)
(-2.41184e-10 -2.45158e-10 2.93082e-08)
(-3.13382e-09 5.87163e-11 2.85932e-08)
(-6.05341e-09 3.47243e-10 2.79478e-08)
(-9.0144e-09 6.23864e-10 2.73687e-08)
(-1.20336e-08 8.93876e-10 2.6861e-08)
(-1.51186e-08 1.1478e-09 2.64053e-08)
(5.29046e-09 -8.97231e-10 3.4276e-08)
(2.26999e-09 -5.53521e-10 3.33507e-08)
(-7.50604e-10 -2.46283e-10 3.25218e-08)
(-3.77976e-09 5.06931e-11 3.17527e-08)
(-6.83626e-09 3.33043e-10 3.10514e-08)
(-9.93443e-09 6.03951e-10 3.04142e-08)
(-1.30911e-08 8.68483e-10 2.98458e-08)
(-1.63133e-08 1.11607e-09 2.93255e-08)
(4.97906e-09 -8.81992e-10 3.77325e-08)
(1.82684e-09 -5.46566e-10 3.6754e-08)
(-1.32628e-09 -2.46919e-10 3.58709e-08)
(-4.48825e-09 4.31256e-11 3.50466e-08)
(-7.67783e-09 3.19238e-10 3.42885e-08)
(-1.09092e-08 5.84356e-10 3.35923e-08)
(-1.41994e-08 8.4333e-10 3.29624e-08)
(-1.75546e-08 1.08454e-09 3.23767e-08)
(4.59363e-09 -8.66307e-10 4.13217e-08)
(1.31322e-09 -5.3915e-10 4.02893e-08)
(-1.9688e-09 -2.47091e-10 3.93514e-08)
(-5.25987e-09 3.59938e-11 3.84711e-08)
(-8.57874e-09 3.05814e-10 3.76554e-08)
(-1.19395e-08 5.65071e-10 3.68994e-08)
(-1.53591e-08 8.18414e-10 3.62073e-08)
(-1.88432e-08 1.05323e-09 3.55556e-08)
(4.1338e-09 -8.50209e-10 4.50391e-08)
(7.28745e-10 -5.31301e-10 4.39522e-08)
(-2.67854e-09 -2.46821e-10 4.2959e-08)
(-6.09503e-09 2.92811e-11 4.20222e-08)
(-9.53942e-09 2.92759e-10 4.11483e-08)
(-1.30257e-08 5.46092e-10 4.0332e-08)
(-1.65707e-08 7.93738e-10 3.95772e-08)
(-2.01796e-08 1.02214e-09 3.88592e-08)
(3.5994e-09 -8.33728e-10 4.88802e-08)
(7.32399e-11 -5.23042e-10 4.77386e-08)
(-3.45572e-09 -2.46128e-10 4.66895e-08)
(-6.99395e-09 2.29732e-11 4.56958e-08)
(-1.05601e-08 2.80065e-10 4.47633e-08)
(-1.4168e-08 5.27417e-10 4.38864e-08)
(-1.78345e-08 7.69308e-10 4.30686e-08)
(-2.15642e-08 9.91286e-10 4.22841e-08)
(2.99046e-09 -8.16891e-10 5.28406e-08)
(-6.53288e-10 -5.14397e-10 5.1644e-08)
(-4.30033e-09 -2.45031e-10 5.0539e-08)
(-7.95667e-09 1.70583e-11 4.94881e-08)
(-1.16409e-08 2.67728e-10 4.84969e-08)
(-1.53666e-08 5.09048e-10 4.75591e-08)
(-1.91507e-08 7.45133e-10 4.66782e-08)
(-2.29972e-08 9.60693e-10 4.58273e-08)
(2.3072e-09 -7.99722e-10 5.69158e-08)
(-1.45065e-09 -5.05386e-10 5.56644e-08)
(-5.21222e-09 -2.43545e-10 5.45033e-08)
(-8.98306e-09 1.15256e-11 5.33952e-08)
(-1.27816e-08 2.55742e-10 5.23452e-08)
(-1.66214e-08 4.90989e-10 5.13466e-08)
(-2.05192e-08 7.21225e-10 5.04026e-08)
(-2.44786e-08 9.30377e-10 4.94854e-08)
(1.55e-09 -7.82246e-10 6.11018e-08)
(-2.31851e-09 -4.96029e-10 5.97956e-08)
(-6.19108e-09 -2.41687e-10 5.85786e-08)
(-1.00728e-08 6.36546e-12 5.74134e-08)
(-1.39821e-08 2.44105e-10 5.63046e-08)
(-1.79322e-08 4.73244e-10 5.52453e-08)
(-2.194e-08 6.97592e-10 5.42384e-08)
(-2.60083e-08 9.00356e-10 5.32553e-08)
(7.19376e-10 -7.64486e-10 6.53941e-08)
(-3.25636e-09 -4.86347e-10 6.40335e-08)
(-7.23644e-09 -2.39471e-10 6.27608e-08)
(-1.12256e-08 1.56863e-12 6.15388e-08)
(-1.52419e-08 2.32815e-10 6.03716e-08)
(-1.92987e-08 4.55816e-10 5.92519e-08)
(-2.34127e-08 6.74248e-10 5.81825e-08)
(-2.75862e-08 8.70649e-10 5.71339e-08)
(-1.83971e-10 -7.46465e-10 6.97889e-08)
(-4.26354e-09 -4.76358e-10 6.83743e-08)
(-8.34768e-09 -2.36911e-10 6.70463e-08)
(-1.24407e-08 -2.87388e-12 6.57678e-08)
(-1.65606e-08 2.21867e-10 6.45425e-08)
(-2.07204e-08 4.3871e-10 6.33629e-08)
(-2.49369e-08 6.51201e-10 6.22314e-08)
(-2.92117e-08 8.41271e-10 6.1118e-08)
(-1.15922e-09 -7.28205e-10 7.42819e-08)
(-5.33927e-09 -4.66081e-10 7.28139e-08)
(-9.52405e-09 -2.34023e-10 7.14311e-08)
(-1.37175e-08 -6.97107e-12 7.00967e-08)
(-1.79374e-08 2.11261e-10 6.88139e-08)
(-2.21967e-08 4.2193e-10 6.75748e-08)
(-2.6512e-08 6.28461e-10 6.63819e-08)
(-3.08846e-08 8.12239e-10 6.52044e-08)
(-2.20543e-09 -7.09729e-10 7.88694e-08)
(-6.48265e-09 -4.55537e-10 7.73486e-08)
(-1.07647e-08 -2.30821e-10 7.59117e-08)
(-1.50551e-08 -1.07321e-11 7.45219e-08)
(-1.93717e-08 2.00992e-10 7.31822e-08)
(-2.37269e-08 4.05479e-10 7.18845e-08)
(-2.81374e-08 6.06039e-10 7.06309e-08)
(-3.26041e-08 7.83568e-10 6.93901e-08)
(-3.32153e-09 -6.9106e-10 8.35474e-08)
(-7.69265e-09 -4.44743e-10 8.19746e-08)
(-1.20686e-08 -2.2732e-10 8.04843e-08)
(-1.64527e-08 -1.41663e-11 7.90399e-08)
(-2.08624e-08 1.91058e-10 7.76441e-08)
(-2.53101e-08 3.8936e-10 7.62885e-08)
(-2.98123e-08 5.83942e-10 7.4975e-08)
(-3.43695e-08 7.55272e-10 7.3672e-08)
(-4.50634e-09 -6.7222e-10 8.83122e-08)
(-8.96812e-09 -4.3372e-10 8.66883e-08)
(-1.34348e-08 -2.23534e-10 8.51454e-08)
(-1.79092e-08 -1.72833e-11 8.36473e-08)
(-2.24086e-08 1.81455e-10 8.21962e-08)
(-2.69454e-08 3.73575e-10 8.07836e-08)
(-3.15359e-08 5.62178e-10 7.94112e-08)
(-3.61801e-08 7.27364e-10 7.80471e-08)
(-5.75858e-09 -6.53232e-10 9.316e-08)
(-1.03078e-08 -4.22486e-10 9.1486e-08)
(-1.48619e-08 -2.19479e-10 8.98915e-08)
(-1.94234e-08 -2.00929e-11 8.83406e-08)
(-2.40093e-08 1.72178e-10 8.68352e-08)
(-2.86319e-08 3.58127e-10 8.53665e-08)
(-3.33071e-08 5.40756e-10 8.39363e-08)
(-3.80349e-08 6.99856e-10 8.25122e-08)
(-7.07689e-09 -6.34119e-10 9.80872e-08)
(-1.17105e-08 -4.11061e-10 9.63642e-08)
(-1.63488e-08 -2.1517e-10 9.47192e-08)
(-2.09941e-08 -2.26052e-11 9.31164e-08)
(-2.56633e-08 1.63224e-10 9.15577e-08)
(-3.03683e-08 3.43016e-10 9.00342e-08)
(-3.5125e-08 5.19681e-10 8.85473e-08)
(-3.99331e-08 6.7276e-10 8.70644e-08)
(-8.45981e-09 -6.14903e-10 1.0309e-07)
(-1.31747e-08 -3.99464e-10 1.01319e-07)
(-1.78941e-08 -2.10622e-10 9.9625e-08)
(-2.262e-08 -2.48304e-11 9.79716e-08)
(-2.73693e-08 1.54587e-10 9.63608e-08)
(-3.21535e-08 3.28243e-10 9.47835e-08)
(-3.69884e-08 4.9896e-10 9.32411e-08)
(-4.18734e-08 6.46086e-10 9.17008e-08)
(-9.90582e-09 -5.95608e-10 1.08166e-07)
(-1.46989e-08 -3.87714e-10 1.06348e-07)
(-1.94963e-08 -2.0585e-10 1.04606e-07)
(-2.42998e-08 -2.6779e-11 1.02903e-07)
(-2.9126e-08 1.46262e-10 1.01241e-07)
(-3.39862e-08 3.1381e-10 9.96113e-08)
(-3.88962e-08 4.78599e-10 9.80146e-08)
(-4.38549e-08 6.19844e-10 9.64183e-08)
(-1.14133e-08 -5.76254e-10 1.13311e-07)
(-1.62816e-08 -3.75831e-10 1.11448e-07)
(-2.1154e-08 -2.0087e-10 1.09658e-07)
(-2.6032e-08 -2.84618e-11 1.07907e-07)
(-3.0932e-08 1.38244e-10 1.06196e-07)
(-3.58651e-08 2.99716e-10 1.04515e-07)
(-4.0847e-08 4.58604e-10 1.02865e-07)
(-4.58762e-08 5.94043e-10 1.01214e-07)
(-1.29807e-08 -5.56866e-10 1.18522e-07)
(-1.79212e-08 -3.63835e-10 1.16615e-07)
(-2.28656e-08 -1.95697e-10 1.14779e-07)
(-2.78151e-08 -2.98895e-11 1.12981e-07)
(-3.27859e-08 1.30528e-10 1.11221e-07)
(-3.77889e-08 2.8596e-10 1.0949e-07)
(-4.28395e-08 4.38979e-10 1.07789e-07)
(-4.79362e-08 5.68693e-10 1.06086e-07)
(-1.46062e-08 -5.37466e-10 1.23795e-07)
(-1.96161e-08 -3.51743e-10 1.21845e-07)
(-2.46295e-08 -1.90346e-10 1.19965e-07)
(-2.96476e-08 -3.1073e-11 1.18122e-07)
(-3.46862e-08 1.23108e-10 1.16315e-07)
(-3.97561e-08 2.72544e-10 1.14536e-07)
(-4.48724e-08 4.19729e-10 1.12785e-07)
(-5.00336e-08 5.43801e-10 1.11029e-07)
(-1.6288e-08 -5.18076e-10 1.29128e-07)
(-2.13644e-08 -3.39576e-10 1.27137e-07)
(-2.6444e-08 -1.84834e-10 1.25214e-07)
(-3.15278e-08 -3.20234e-11 1.23326e-07)
(-3.66313e-08 1.15978e-10 1.21474e-07)
(-4.17652e-08 2.59465e-10 1.19648e-07)
(-4.69443e-08 4.00859e-10 1.17848e-07)
(-5.2167e-08 5.19374e-10 1.16043e-07)
(-1.80245e-08 -4.9872e-10 1.34518e-07)
(-2.31646e-08 -3.27353e-10 1.32487e-07)
(-2.83075e-08 -1.79175e-10 1.30522e-07)
(-3.34542e-08 -3.27517e-11 1.28592e-07)
(-3.86197e-08 1.09131e-10 1.26695e-07)
(-4.38147e-08 2.46724e-10 1.24824e-07)
(-4.90538e-08 3.82373e-10 1.22977e-07)
(-5.43351e-08 4.95422e-10 1.21124e-07)
(-1.98137e-08 -4.79418e-10 1.39961e-07)
(-2.50148e-08 -3.15093e-10 1.37891e-07)
(-3.02183e-08 -1.73386e-10 1.35887e-07)
(-3.5425e-08 -3.32692e-11 1.33915e-07)
(-4.06498e-08 1.02562e-10 1.31976e-07)
(-4.59031e-08 2.34318e-10 1.30061e-07)
(-5.11993e-08 3.64274e-10 1.28169e-07)
(-5.65364e-08 4.71949e-10 1.26269e-07)
(-2.16539e-08 -4.60194e-10 1.45454e-07)
(-2.69132e-08 -3.02814e-10 1.43348e-07)
(-3.21746e-08 -1.67481e-10 1.41305e-07)
(-3.74386e-08 -3.35869e-11 1.39294e-07)
(-4.272e-08 9.62634e-11 1.37314e-07)
(-4.80288e-08 2.22247e-10 1.35356e-07)
(-5.33793e-08 3.46567e-10 1.33421e-07)
(-5.87695e-08 4.48963e-10 1.31476e-07)
(-2.35431e-08 -4.4107e-10 1.50996e-07)
(-2.8858e-08 -2.90537e-10 1.48855e-07)
(-3.41745e-08 -1.61477e-10 1.46775e-07)
(-3.94932e-08 -3.37162e-11 1.44725e-07)
(-4.48285e-08 9.02299e-11 1.42706e-07)
(-5.01903e-08 2.10509e-10 1.40707e-07)
(-5.55924e-08 3.29255e-10 1.3873e-07)
(-6.1033e-08 4.26471e-10 1.36742e-07)
(-2.54794e-08 -4.22069e-10 1.56583e-07)
(-3.08474e-08 -2.78279e-10 1.54408e-07)
(-3.62165e-08 -1.55388e-10 1.52293e-07)
(-4.15872e-08 -3.36682e-11 1.50206e-07)
(-4.69738e-08 8.44545e-11 1.48149e-07)
(-5.23858e-08 1.99102e-10 1.46111e-07)
(-5.78369e-08 3.12341e-10 1.44093e-07)
(-6.33253e-08 4.04478e-10 1.42064e-07)
(-2.74611e-08 -4.03212e-10 1.62213e-07)
(-3.28794e-08 -2.6606e-10 1.60006e-07)
(-3.82985e-08 -1.4923e-10 1.57856e-07)
(-4.37188e-08 -3.34541e-11 1.55735e-07)
(-4.91541e-08 7.89307e-11 1.53641e-07)
(-5.46138e-08 1.88025e-10 1.51566e-07)
(-6.01114e-08 2.95828e-10 1.49509e-07)
(-6.5645e-08 3.8299e-10 1.47441e-07)
(-2.9486e-08 -3.84521e-10 1.67882e-07)
(-3.49524e-08 -2.53898e-10 1.65645e-07)
(-4.0419e-08 -1.43018e-10 1.63463e-07)
(-4.58862e-08 -3.30852e-11 1.61308e-07)
(-5.13678e-08 7.36519e-11 1.59179e-07)
(-5.68727e-08 1.77276e-10 1.57068e-07)
(-6.24143e-08 2.7972e-10 1.54974e-07)
(-6.79906e-08 3.62012e-10 1.52868e-07)
(-3.15525e-08 -3.6602e-10 1.73589e-07)
(-3.70643e-08 -2.41811e-10 1.71323e-07)
(-4.2576e-08 -1.36767e-10 1.6911e-07)
(-4.80878e-08 -3.25725e-11 1.66923e-07)
(-5.36131e-08 6.86116e-11 1.64761e-07)
(-5.91609e-08 1.66854e-10 1.62616e-07)
(-6.4744e-08 2.6402e-10 1.60487e-07)
(-7.03606e-08 3.41552e-10 1.58344e-07)
(-3.36584e-08 -3.47729e-10 1.79332e-07)
(-3.92134e-08 -2.29819e-10 1.77037e-07)
(-4.47677e-08 -1.30493e-10 1.74795e-07)
(-5.03218e-08 -3.19271e-11 1.72578e-07)
(-5.58885e-08 6.38032e-11 1.70385e-07)
(-6.14767e-08 1.56756e-10 1.68207e-07)
(-6.70989e-08 2.4873e-10 1.66044e-07)
(-7.27535e-08 3.21613e-10 1.63867e-07)
(-3.58021e-08 -3.2967e-10 1.85106e-07)
(-4.13978e-08 -2.1794e-10 1.82786e-07)
(-4.69925e-08 -1.2421e-10 1.80517e-07)
(-5.25864e-08 -3.11601e-11 1.78271e-07)
(-5.81922e-08 5.92202e-11 1.76048e-07)
(-6.38186e-08 1.4698e-10 1.73839e-07)
(-6.94776e-08 2.33853e-10 1.71643e-07)
(-7.51679e-08 3.02202e-10 1.69434e-07)
(-3.79815e-08 -3.11867e-10 1.90912e-07)
(-4.36157e-08 -2.06192e-10 1.88568e-07)
(-4.92484e-08 -1.17933e-10 1.86272e-07)
(-5.48799e-08 -3.02823e-11 1.83998e-07)
(-6.05226e-08 5.4856e-11 1.81747e-07)
(-6.61849e-08 1.37525e-10 1.79509e-07)
(-7.18785e-08 2.19394e-10 1.77283e-07)
(-7.76022e-08 2.83324e-10 1.75043e-07)
(-4.01948e-08 -2.94339e-10 1.96746e-07)
(-4.58653e-08 -1.94593e-10 1.94379e-07)
(-5.15338e-08 -1.11678e-10 1.92058e-07)
(-5.72007e-08 -2.93046e-11 1.89759e-07)
(-6.28781e-08 5.07043e-11 1.87481e-07)
(-6.8574e-08 1.28389e-10 1.85214e-07)
(-7.43001e-08 2.05353e-10 1.8296e-07)
(-8.00551e-08 2.64985e-10 1.8069e-07)
(-4.24402e-08 -2.77109e-10 2.02606e-07)
(-4.81448e-08 -1.83161e-10 2.00217e-07)
(-5.38469e-08 -1.05458e-10 1.97873e-07)
(-5.95471e-08 -2.82377e-11 1.9555e-07)
(-6.5257e-08 4.67587e-11 1.93246e-07)
(-7.09845e-08 1.19569e-10 1.90954e-07)
(-7.67409e-08 1.91735e-10 1.88672e-07)
(-8.2525e-08 2.4719e-10 1.86375e-07)
(-4.47159e-08 -2.60198e-10 2.0849e-07)
(-5.04523e-08 -1.71915e-10 2.06081e-07)
(-5.6186e-08 -9.92879e-11 2.03716e-07)
(-6.19174e-08 -2.70922e-11 2.0137e-07)
(-6.76577e-08 4.30129e-11 1.99042e-07)
(-7.34148e-08 1.11065e-10 1.96725e-07)
(-7.91995e-08 1.78542e-10 1.94418e-07)
(-8.50107e-08 2.29944e-10 1.92095e-07)
(-4.702e-08 -2.43627e-10 2.14396e-07)
(-5.27863e-08 -1.60871e-10 2.11969e-07)
(-5.85495e-08 -9.31825e-11 2.09584e-07)
(-6.43099e-08 -2.58785e-11 2.07216e-07)
(-7.00787e-08 3.94608e-11 2.04866e-07)
(-7.58634e-08 1.02875e-10 2.02526e-07)
(-8.16743e-08 1.65778e-10 2.00195e-07)
(-8.75107e-08 2.13254e-10 1.97848e-07)
(-4.93508e-08 -2.27419e-10 2.20322e-07)
(-5.51449e-08 -1.50047e-10 2.17879e-07)
(-6.09356e-08 -8.71557e-11 2.15474e-07)
(-6.67232e-08 -2.46069e-11 2.13087e-07)
(-7.25185e-08 3.60963e-11 2.10716e-07)
(-7.83288e-08 9.49972e-11 2.08354e-07)
(-8.41641e-08 1.53445e-10 2.06e-07)
(-9.00238e-08 1.97125e-10 2.03631e-07)
(-5.17065e-08 -2.11593e-10 2.26267e-07)
(-5.75266e-08 -1.39461e-10 2.23808e-07)
(-6.33428e-08 -8.12215e-11 2.21386e-07)
(-6.91557e-08 -2.32876e-11 2.1898e-07)
(-7.49756e-08 3.29137e-11 2.1659e-07)
(-8.08095e-08 8.74299e-11 2.14208e-07)
(-8.66674e-08 1.41548e-10 2.11833e-07)
(-9.25485e-08 1.81563e-10 2.09442e-07)
(-5.40855e-08 -1.9617e-10 2.32228e-07)
(-5.99296e-08 -1.2913e-10 2.29755e-07)
(-6.57695e-08 -7.53936e-11 2.27317e-07)
(-7.16057e-08 -2.19305e-11 2.24894e-07)
(-7.74484e-08 2.99071e-11 2.22486e-07)
(-8.33043e-08 8.01721e-11 2.20085e-07)
(-8.91829e-08 1.30089e-10 2.1769e-07)
(-9.50837e-08 1.66576e-10 2.1528e-07)
(-5.64861e-08 -1.81172e-10 2.38204e-07)
(-6.23523e-08 -1.1907e-10 2.35718e-07)
(-6.82141e-08 -6.96857e-11 2.33266e-07)
(-7.4072e-08 -2.05454e-11 2.30827e-07)
(-7.99357e-08 2.70711e-11 2.28402e-07)
(-8.58118e-08 7.32227e-11 2.25984e-07)
(-9.17094e-08 1.19072e-10 2.23571e-07)
(-9.76281e-08 1.52168e-10 2.21143e-07)
(-5.89067e-08 -1.66619e-10 2.44194e-07)
(-6.47932e-08 -1.093e-10 2.41696e-07)
(-7.06751e-08 -6.41112e-11 2.3923e-07)
(-7.65529e-08 -1.91419e-11 2.36777e-07)
(-8.2436e-08 2.44002e-11 2.34337e-07)
(-8.83306e-08 6.65807e-11 2.31902e-07)
(-9.42455e-08 1.085e-10 2.29473e-07)
(-1.00181e-07 1.38347e-10 2.27028e-07)
(-6.13457e-08 -1.52532e-10 2.50195e-07)
(-6.72508e-08 -9.98355e-11 2.47687e-07)
(-7.31511e-08 -5.86833e-11 2.45209e-07)
(-7.90472e-08 -1.77292e-11 2.42743e-07)
(-8.49479e-08 2.18893e-11 2.40288e-07)
(-9.08595e-08 6.02454e-11 2.37839e-07)
(-9.67902e-08 9.83787e-11 2.35394e-07)
(-1.0274e-07 1.2512e-10 2.32934e-07)
(-6.38016e-08 -1.3893e-10 2.56207e-07)
(-6.97236e-08 -9.06929e-11 2.53689e-07)
(-7.56407e-08 -5.34149e-11 2.512e-07)
(-8.15534e-08 -1.63167e-11 2.48722e-07)
(-8.74703e-08 1.95336e-11 2.46254e-07)
(-9.33973e-08 5.42163e-11 2.43792e-07)
(-9.93422e-08 8.87108e-11 2.41332e-07)
(-1.05305e-07 1.12494e-10 2.38858e-07)
(-6.62728e-08 -1.25833e-10 2.62227e-07)
(-7.22102e-08 -8.18885e-11 2.59701e-07)
(-7.81425e-08 -4.83188e-11 2.57202e-07)
(-8.40703e-08 -1.4913e-11 2.54713e-07)
(-9.00019e-08 1.73282e-11 2.52234e-07)
(-9.59428e-08 4.84931e-11 2.49759e-07)
(-1.01901e-07 7.95009e-11 2.47287e-07)
(-1.07875e-07 1.00476e-10 2.448e-07)
(-6.87579e-08 -1.13263e-10 2.68255e-07)
(-7.47092e-08 -7.34387e-11 2.65722e-07)
(-8.06552e-08 -4.34076e-11 2.63214e-07)
(-8.65967e-08 -1.35269e-11 2.60715e-07)
(-9.25415e-08 1.52688e-11 2.58225e-07)
(-9.8495e-08 4.30758e-11 2.55739e-07)
(-1.04464e-07 7.07538e-11 2.53255e-07)
(-1.10449e-07 8.90744e-11 2.50758e-07)
(-7.12557e-08 -1.01237e-10 2.74289e-07)
(-7.72192e-08 -6.53592e-11 2.7175e-07)
(-8.31776e-08 -3.86935e-11 2.69234e-07)
(-8.91314e-08 -1.21667e-11 2.66726e-07)
(-9.50881e-08 1.33513e-11 2.64227e-07)
(-1.01053e-07 3.79647e-11 2.61731e-07)
(-1.07032e-07 6.24744e-11 2.59237e-07)
(-1.13026e-07 7.82978e-11 2.56729e-07)
(-7.37646e-08 -8.97766e-11 2.80328e-07)
(-7.97391e-08 -5.76659e-11 2.77784e-07)
(-8.57084e-08 -3.41886e-11 2.75261e-07)
(-9.16732e-08 -1.08406e-11 2.72745e-07)
(-9.76405e-08 1.15719e-11 2.70238e-07)
(-1.03615e-07 3.31604e-11 2.67733e-07)
(-1.09603e-07 5.46681e-11 2.65229e-07)
(-1.15605e-07 6.81549e-11 2.62712e-07)
(-7.62835e-08 -7.89004e-11 2.86371e-07)
(-8.22676e-08 -5.03744e-11 2.83823e-07)
(-8.82465e-08 -2.99049e-11 2.81293e-07)
(-9.4221e-08 -9.55648e-12 2.78771e-07)
(-1.00198e-07 9.92696e-12 2.76256e-07)
(-1.06181e-07 2.86641e-11 2.73743e-07)
(-1.12177e-07 4.73407e-11 2.71231e-07)
(-1.18186e-07 5.86552e-11 2.68706e-07)
(-7.8811e-08 -6.8628e-11 2.92417e-07)
(-8.48035e-08 -4.35005e-11 2.89865e-07)
(-9.07909e-08 -2.58542e-11 2.87331e-07)
(-9.67739e-08 -8.32189e-12 2.84803e-07)
(-1.02759e-07 8.41344e-12 2.82281e-07)
(-1.0875e-07 2.44773e-11 2.7976e-07)
(-1.14752e-07 4.04985e-11 2.77241e-07)
(-1.20767e-07 4.98088e-11 2.7471e-07)
(-8.13461e-08 -5.89793e-11 2.98465e-07)
(-8.73457e-08 -3.70599e-11 2.9591e-07)
(-9.33404e-08 -2.20482e-11 2.93371e-07)
(-9.93309e-08 -7.14436e-12 2.90838e-07)
(-1.05323e-07 7.0285e-12 2.8831e-07)
(-1.11321e-07 2.0602e-11 2.85784e-07)
(-1.17329e-07 3.41485e-11 2.83258e-07)
(-1.23348e-07 4.16267e-11 2.80721e-07)
(-8.38877e-08 -4.9974e-11 3.04514e-07)
(-8.98933e-08 -3.10683e-11 3.01957e-07)
(-9.58942e-08 -1.84988e-11 2.99414e-07)
(-1.01891e-07 -6.03121e-12 2.96877e-07)
(-1.07889e-07 5.7696e-12 2.94344e-07)
(-1.13893e-07 1.70406e-11 2.91812e-07)
(-1.19905e-07 2.82983e-11 2.89281e-07)
(-1.25928e-07 3.41213e-11 2.86739e-07)
(-8.64345e-08 -4.16324e-11 3.10564e-07)
(-9.24451e-08 -2.55419e-11 3.08005e-07)
(-9.84513e-08 -1.52177e-11 3.05459e-07)
(-1.04454e-07 -4.98974e-12 3.02918e-07)
(-1.10457e-07 4.63442e-12 3.00381e-07)
(-1.16465e-07 1.37961e-11 2.97844e-07)
(-1.22482e-07 2.29561e-11 2.95308e-07)
(-1.28507e-07 2.73058e-11 2.92762e-07)
(-8.89858e-08 -3.3975e-11 3.16612e-07)
(-9.50004e-08 -2.04968e-11 3.14053e-07)
(-1.01011e-07 -1.22168e-11 3.11504e-07)
(-1.07018e-07 -4.02719e-12 3.0896e-07)
(-1.13026e-07 3.6206e-12 3.06419e-07)
(-1.19038e-07 1.08714e-11 3.03879e-07)
(-1.25057e-07 1.81307e-11 3.01339e-07)
(-1.31085e-07 2.1195e-11 2.98789e-07)
(-9.15404e-08 -2.70224e-11 3.2266e-07)
(-9.75582e-08 -1.59484e-11 3.201e-07)
(-1.03572e-07 -9.50719e-12 3.1755e-07)
(-1.09583e-07 -3.15077e-12 3.15003e-07)
(-1.15595e-07 2.72529e-12 3.12459e-07)
(-1.2161e-07 8.26891e-12 3.09916e-07)
(-1.27632e-07 1.38302e-11 3.07372e-07)
(-1.33661e-07 1.58045e-11 3.0482e-07)
(-9.40976e-08 -2.07939e-11 3.28706e-07)
(-1.00118e-07 -1.19106e-11 3.26146e-07)
(-1.06134e-07 -7.09845e-12 3.23594e-07)
(-1.12148e-07 -2.36726e-12 3.21045e-07)
(-1.18163e-07 1.94431e-12 3.18499e-07)
(-1.24181e-07 5.98825e-12 3.15953e-07)
(-1.30204e-07 1.00607e-11 3.13406e-07)
(-1.36234e-07 1.11503e-11 3.10852e-07)
(-9.66565e-08 -1.53055e-11 3.3475e-07)
(-1.02678e-07 -8.39141e-12 3.3219e-07)
(-1.08697e-07 -4.99493e-12 3.29637e-07)
(-1.14713e-07 -1.68166e-12 3.27087e-07)
(-1.2073e-07 1.27052e-12 3.24538e-07)
(-1.2675e-07 4.02303e-12 3.2199e-07)
(-1.32775e-07 6.82249e-12 3.19441e-07)
(-1.38805e-07 7.24624e-12 3.16886e-07)
(-9.92164e-08 -1.05638e-11 3.40791e-07)
(-1.05239e-07 -5.38644e-12 3.38232e-07)
(-1.1126e-07 -3.18875e-12 3.35678e-07)
(-1.17278e-07 -1.0943e-12 3.33127e-07)
(-1.23297e-07 6.90501e-13 3.30577e-07)
(-1.29318e-07 2.35237e-12 3.28027e-07)
(-1.35343e-07 4.10157e-12 3.25476e-07)
(-1.41374e-07 4.10033e-12 3.2292e-07)
(-1.01777e-07 -6.55143e-12 3.46829e-07)
(-1.078e-07 -2.86538e-12 3.44271e-07)
(-1.13821e-07 -1.64707e-12 3.41717e-07)
(-1.19841e-07 -5.97144e-13 3.39165e-07)
(-1.25861e-07 1.75969e-13 3.36613e-07)
(-1.31883e-07 9.23011e-13 3.34062e-07)
(-1.37909e-07 1.85168e-12 3.3151e-07)
(-1.43939e-07 1.70277e-12 3.28953e-07)
(-1.04336e-07 -3.20323e-12 3.52865e-07)
(-1.1036e-07 -7.41237e-13 3.50307e-07)
(-1.16382e-07 -2.79291e-13 3.47753e-07)
(-1.22403e-07 -1.59157e-13 3.452e-07)
(-1.28424e-07 -3.24901e-13 3.42648e-07)
(-1.34447e-07 -3.78055e-13 3.40096e-07)
(-1.40472e-07 -3.8388e-14 3.37542e-07)
(-1.46502e-07 7.92728e-15 3.34985e-07)
(-1.06895e-07 -2.91244e-13 3.58897e-07)
(-1.12919e-07 1.28297e-12 3.5634e-07)
(-1.18942e-07 1.24658e-12 3.53786e-07)
(-1.24963e-07 4.65338e-13 3.51233e-07)
(-1.30984e-07 -7.35086e-13 3.48681e-07)
(-1.37007e-07 -1.65079e-12 3.46128e-07)
(-1.43033e-07 -1.76556e-12 3.43573e-07)
(-1.49062e-07 -1.11864e-12 3.41016e-07)
(-1.09453e-07 2.24869e-12 3.64927e-07)
(-1.15477e-07 3.23695e-12 3.62371e-07)
(-1.21499e-07 2.51559e-12 3.59816e-07)
(-1.2752e-07 4.71311e-13 3.57263e-07)
(-1.33541e-07 -2.03884e-12 3.5471e-07)
(-1.39565e-07 -3.81429e-12 3.52157e-07)
(-1.45591e-07 -3.98018e-12 3.49602e-07)
(-1.51621e-07 -2.16247e-12 3.47045e-07)
)
;
        traction        uniform (0 0 0);
        pressure        uniform 0;
        secondaryGradient nonuniform List<vector> 
640
(
(3.71924e-06 -2.98514e-06 -4.17303e-07)
(3.07955e-06 -2.36177e-06 -6.26869e-07)
(1.7892e-06 -1.1488e-06 -1.37287e-06)
(-2.39171e-07 1.13286e-07 -1.84618e-06)
(-2.72226e-06 1.38489e-06 -2.00629e-06)
(-5.3895e-06 2.60863e-06 -1.90211e-06)
(-8.02638e-06 3.6105e-06 -1.8073e-06)
(-1.09896e-05 4.599e-06 -1.79973e-06)
(1.6595e-06 -2.37422e-06 -1.56311e-06)
(7.27605e-07 -1.35196e-06 -1.75794e-06)
(1.23609e-07 -5.47911e-07 -2.28361e-06)
(-3.62432e-07 2.03758e-07 -2.71498e-06)
(-8.19225e-07 8.16362e-07 -2.82924e-06)
(-1.3286e-06 1.35051e-06 -2.72264e-06)
(-1.99802e-06 1.78588e-06 -2.72202e-06)
(-2.82076e-06 2.32154e-06 -2.76849e-06)
(9.40881e-07 -2.15634e-06 -2.39145e-06)
(3.40026e-07 -1.17706e-06 -2.49896e-06)
(-3.36942e-08 -4.82703e-07 -2.64504e-06)
(-1.71079e-07 1.84807e-07 -2.82402e-06)
(-2.0031e-07 7.86143e-07 -2.85261e-06)
(-2.45083e-07 1.3775e-06 -2.80844e-06)
(-3.9736e-07 1.97783e-06 -2.84243e-06)
(-4.96751e-07 2.57818e-06 -2.92287e-06)
(7.15912e-07 -2.19692e-06 -2.84476e-06)
(4.12984e-07 -1.22735e-06 -2.88906e-06)
(1.76221e-07 -5.24058e-07 -2.8529e-06)
(8.27085e-08 1.68888e-07 -2.87436e-06)
(6.54686e-08 8.1997e-07 -2.84984e-06)
(5.99218e-08 1.46484e-06 -2.82543e-06)
(3.62976e-08 2.12678e-06 -2.83395e-06)
(7.16488e-08 2.75511e-06 -2.88052e-06)
(6.41784e-07 -2.22824e-06 -3.07816e-06)
(4.91892e-07 -1.25568e-06 -3.08951e-06)
(3.54539e-07 -5.4747e-07 -2.96933e-06)
(2.92547e-07 1.56272e-07 -2.90359e-06)
(2.81808e-07 8.25566e-07 -2.83403e-06)
(3.00372e-07 1.48725e-06 -2.78911e-06)
(3.39669e-07 2.15886e-06 -2.77091e-06)
(4.05038e-07 2.79487e-06 -2.80131e-06)
(6.31676e-07 -2.25017e-06 -3.19464e-06)
(5.60702e-07 -1.27727e-06 -3.18351e-06)
(4.86474e-07 -5.68522e-07 -3.01809e-06)
(4.54446e-07 1.42145e-07 -2.90127e-06)
(4.58461e-07 8.20897e-07 -2.79365e-06)
(4.94706e-07 1.49038e-06 -2.72009e-06)
(5.58036e-07 2.16342e-06 -2.68147e-06)
(6.42603e-07 2.79178e-06 -2.70219e-06)
(6.51493e-07 -2.2605e-06 -3.24201e-06)
(6.25956e-07 -1.29213e-06 -3.21297e-06)
(5.89393e-07 -5.87305e-07 -3.02094e-06)
(5.79034e-07 1.26069e-07 -2.87335e-06)
(5.93368e-07 8.09157e-07 -2.73804e-06)
(6.35042e-07 1.48171e-06 -2.64193e-06)
(7.00319e-07 2.15397e-06 -2.58736e-06)
(7.90628e-07 2.77036e-06 -2.5998e-06)
(6.85077e-07 -2.26084e-06 -3.24589e-06)
(6.86783e-07 -1.30066e-06 -3.20222e-06)
(6.71986e-07 -6.03087e-07 -2.994e-06)
(6.75195e-07 1.08785e-07 -2.82849e-06)
(6.94316e-07 7.91628e-07 -2.67582e-06)
(7.34421e-07 1.46295e-06 -2.56549e-06)
(7.93371e-07 2.13189e-06 -2.49945e-06)
(8.79316e-07 2.73545e-06 -2.50471e-06)
(7.24396e-07 -2.25321e-06 -3.22153e-06)
(7.42521e-07 -1.30403e-06 -3.16619e-06)
(7.39605e-07 -6.15956e-07 -2.94847e-06)
(7.50239e-07 9.10717e-08 -2.77372e-06)
(7.70375e-07 7.70091e-07 -2.61203e-06)
(8.06307e-07 1.43688e-06 -2.49423e-06)
(8.57204e-07 2.10042e-06 -2.42039e-06)
(9.35691e-07 2.69078e-06 -2.41938e-06)
(7.65011e-07 -2.23926e-06 -3.17866e-06)
(7.92875e-07 -1.30317e-06 -3.11434e-06)
(7.95789e-07 -6.26104e-07 -2.89187e-06)
(8.09856e-07 7.35634e-08 -2.71379e-06)
(8.29063e-07 7.46103e-07 -2.54896e-06)
(8.60527e-07 1.40596e-06 -2.42827e-06)
(9.04142e-07 2.06261e-06 -2.34897e-06)
(9.75706e-07 2.63957e-06 -2.34224e-06)
(8.04378e-07 -2.22035e-06 -3.12371e-06)
(8.37788e-07 -1.29882e-06 -3.05277e-06)
(8.42957e-07 -6.33772e-07 -2.82895e-06)
(8.58189e-07 5.67051e-08 -2.65147e-06)
(8.75781e-07 7.20852e-07 -2.48732e-06)
(9.03441e-07 1.37208e-06 -2.36649e-06)
(9.41209e-07 2.02079e-06 -2.28301e-06)
(1.00732e-06 2.58424e-06 -2.27086e-06)
(8.41096e-07 -2.19756e-06 -3.06103e-06)
(8.77431e-07 -1.29162e-06 -2.98538e-06)
(8.82851e-07 -6.39235e-07 -2.76264e-06)
(8.98129e-07 4.07557e-08 -2.58824e-06)
(9.14095e-07 6.9516e-07 -2.42705e-06)
(9.38866e-07 1.33657e-06 -2.30759e-06)
(9.72135e-07 1.97657e-06 -2.22055e-06)
(1.03418e-06 2.5264e-06 -2.20313e-06)
(8.74446e-07 -2.17173e-06 -2.99352e-06)
(9.12095e-07 -1.28206e-06 -2.91466e-06)
(9.16733e-07 -6.42761e-07 -2.69463e-06)
(9.31613e-07 2.58341e-08 -2.5248e-06)
(9.46243e-07 6.6955e-07 -2.36781e-06)
(9.6897e-07 1.3003e-06 -2.25047e-06)
(9.98779e-07 1.93101e-06 -2.16012e-06)
(1.05777e-06 2.4671e-06 -2.13754e-06)
(9.04099e-07 -2.1435e-06 -2.92312e-06)
(9.42093e-07 -1.27055e-06 -2.84215e-06)
(9.45488e-07 -6.44599e-07 -2.62591e-06)
(9.59895e-07 1.1966e-08 -2.46145e-06)
(9.73565e-07 6.44325e-07 -2.30926e-06)
(9.94924e-07 1.2638e-06 -2.19433e-06)
(1.02199e-06 1.88478e-06 -2.10079e-06)
(1.07858e-06 2.40697e-06 -2.07314e-06)
(9.29942e-07 -2.11335e-06 -2.85113e-06)
(9.67716e-07 -1.25741e-06 -2.76885e-06)
(9.69732e-07 -6.44965e-07 -2.55704e-06)
(9.83762e-07 -8.79331e-10 -2.39831e-06)
(9.96833e-07 6.19645e-07 -2.25113e-06)
(1.01732e-06 1.2274e-06 -2.13867e-06)
(1.04209e-06 1.83826e-06 -2.04199e-06)
(1.09667e-06 2.34644e-06 -2.00938e-06)
(9.51985e-07 -2.08164e-06 -2.77841e-06)
(9.89219e-07 -1.24287e-06 -2.69535e-06)
(9.89891e-07 -6.44045e-07 -2.48833e-06)
(1.00371e-06 -1.27611e-08 -2.33542e-06)
(1.01648e-06 5.95578e-07 -2.19324e-06)
(1.03644e-06 1.19127e-06 -2.0832e-06)
(1.05919e-06 1.79172e-06 -1.98346e-06)
(1.11193e-06 2.28575e-06 -1.94603e-06)
(9.70299e-07 -2.04863e-06 -2.70551e-06)
(1.00682e-06 -1.22713e-06 -2.62206e-06)
(1.00627e-06 -6.41992e-07 -2.41997e-06)
(1.02004e-06 -2.3748e-08 -2.27281e-06)
(1.03276e-06 5.72145e-07 -2.13552e-06)
(1.05243e-06 1.15552e-06 -2.02782e-06)
(1.07328e-06 1.74528e-06 -1.9251e-06)
(1.12423e-06 2.22508e-06 -1.88301e-06)
(9.84994e-07 -2.0145e-06 -2.63284e-06)
(1.02073e-06 -1.21034e-06 -2.54922e-06)
(1.01909e-06 -6.38933e-07 -2.35209e-06)
(1.03298e-06 -3.39077e-08 -2.21052e-06)
(1.04583e-06 5.49338e-07 -2.07793e-06)
(1.06535e-06 1.12018e-06 -1.97249e-06)
(1.08439e-06 1.69902e-06 -1.86693e-06)
(1.13352e-06 2.16454e-06 -1.82038e-06)
(9.962e-07 -1.97941e-06 -2.56063e-06)
(1.0311e-06 -1.19261e-06 -2.477e-06)
(1.02853e-06 -6.34967e-07 -2.28477e-06)
(1.04268e-06 -4.33013e-08 -2.14858e-06)
(1.05579e-06 5.27137e-07 -2.02052e-06)
(1.07527e-06 1.08528e-06 -1.91727e-06)
(1.09252e-06 1.653e-06 -1.80903e-06)
(1.13979e-06 2.10421e-06 -1.75823e-06)
(1.00406e-06 -1.94346e-06 -2.48907e-06)
(1.03813e-06 -1.17402e-06 -2.40553e-06)
(1.03477e-06 -6.30178e-07 -2.21809e-06)
(1.04927e-06 -5.19812e-08 -2.08706e-06)
(1.06275e-06 5.05524e-07 -1.96334e-06)
(1.08225e-06 1.05083e-06 -1.86222e-06)
(1.09775e-06 1.60725e-06 -1.7515e-06)
(1.14307e-06 2.04415e-06 -1.69667e-06)
(1.00872e-06 -1.90674e-06 -2.41827e-06)
(1.04197e-06 -1.15466e-06 -2.3349e-06)
(1.03795e-06 -6.24629e-07 -2.15212e-06)
(1.05289e-06 -5.99908e-08 -2.02602e-06)
(1.06681e-06 4.84478e-07 -1.90647e-06)
(1.08639e-06 1.01683e-06 -1.80743e-06)
(1.10014e-06 1.5618e-06 -1.69444e-06)
(1.14347e-06 1.98441e-06 -1.63584e-06)
(1.01033e-06 -1.86932e-06 -2.34833e-06)
(1.04278e-06 -1.13459e-06 -2.26516e-06)
(1.03822e-06 -6.18375e-07 -2.0869e-06)
(1.05367e-06 -6.73655e-08 -1.96552e-06)
(1.06809e-06 4.63985e-07 -1.84997e-06)
(1.08777e-06 9.83306e-07 -1.75299e-06)
(1.09982e-06 1.51666e-06 -1.63795e-06)
(1.1411e-06 1.92505e-06 -1.57584e-06)
(1.00907e-06 -1.83125e-06 -2.27931e-06)
(1.04074e-06 -1.11385e-06 -2.19637e-06)
(1.03573e-06 -6.11461e-07 -2.0225e-06)
(1.05173e-06 -7.41341e-08 -1.90563e-06)
(1.0667e-06 4.44031e-07 -1.79393e-06)
(1.08652e-06 9.50249e-07 -1.69897e-06)
(1.09689e-06 1.47186e-06 -1.58212e-06)
(1.1361e-06 1.86612e-06 -1.51675e-06)
(1.00508e-06 -1.79259e-06 -2.21125e-06)
(1.03599e-06 -1.0925e-06 -2.12859e-06)
(1.03064e-06 -6.03923e-07 -1.95896e-06)
(1.04723e-06 -8.03207e-08 -1.84639e-06)
(1.06277e-06 4.2461e-07 -1.73839e-06)
(1.08276e-06 9.17673e-07 -1.64545e-06)
(1.09151e-06 1.42742e-06 -1.52702e-06)
(1.12863e-06 1.80764e-06 -1.45868e-06)
(9.98536e-07 -1.75339e-06 -2.1442e-06)
(1.0287e-06 -1.07058e-06 -2.06183e-06)
(1.02309e-06 -5.95795e-07 -1.89632e-06)
(1.0403e-06 -8.59453e-08 -1.78786e-06)
(1.05643e-06 4.05714e-07 -1.68343e-06)
(1.07661e-06 8.85586e-07 -1.59249e-06)
(1.0838e-06 1.38337e-06 -1.47273e-06)
(1.11884e-06 1.74967e-06 -1.40167e-06)
(9.8959e-07 -1.71368e-06 -2.07817e-06)
(1.01904e-06 -1.04813e-06 -1.99614e-06)
(1.01325e-06 -5.87107e-07 -1.83461e-06)
(1.03108e-06 -9.10256e-08 -1.73008e-06)
(1.04782e-06 3.87339e-07 -1.6291e-06)
(1.06821e-06 8.53999e-07 -1.54014e-06)
(1.07391e-06 1.33972e-06 -1.41929e-06)
(1.10689e-06 1.69224e-06 -1.34578e-06)
(9.78402e-07 -1.67353e-06 -2.0132e-06)
(1.00717e-06 -1.02518e-06 -1.93153e-06)
(1.00125e-06 -5.77888e-07 -1.77386e-06)
(1.01971e-06 -9.55778e-08 -1.67309e-06)
(1.03708e-06 3.69481e-07 -1.57544e-06)
(1.05769e-06 8.22922e-07 -1.48846e-06)
(1.06198e-06 1.29651e-06 -1.36674e-06)
(1.09293e-06 1.63539e-06 -1.29105e-06)
(9.65129e-07 -1.63296e-06 -1.94929e-06)
(9.93229e-07 -1.00178e-06 -1.86801e-06)
(9.87257e-07 -5.68165e-07 -1.7141e-06)
(1.00635e-06 -9.96168e-08 -1.61693e-06)
(1.02434e-06 3.52139e-07 -1.52248e-06)
(1.04519e-06 7.92366e-07 -1.43747e-06)
(1.04815e-06 1.25374e-06 -1.31513e-06)
(1.07713e-06 1.57916e-06 -1.23752e-06)
(9.49925e-07 -1.59203e-06 -1.88645e-06)
(9.77383e-07 -9.77968e-07 -1.8056e-06)
(9.71411e-07 -5.57963e-07 -1.65534e-06)
(9.91125e-07 -1.03157e-07 -1.56162e-06)
(1.00974e-06 3.35308e-07 -1.47027e-06)
(1.03083e-06 7.6234e-07 -1.38721e-06)
(1.03257e-06 1.21144e-06 -1.26447e-06)
(1.05964e-06 1.52358e-06 -1.1852e-06)
(9.32938e-07 -1.55077e-06 -1.8247e-06)
(9.59778e-07 -9.5377e-07 -1.74431e-06)
(9.53858e-07 -5.47308e-07 -1.59761e-06)
(9.7418e-07 -1.06214e-07 -1.50718e-06)
(9.93415e-07 3.18987e-07 -1.41882e-06)
(1.01476e-06 7.32856e-07 -1.3377e-06)
(1.01536e-06 1.16963e-06 -1.21479e-06)
(1.04058e-06 1.46869e-06 -1.13412e-06)
(9.14313e-07 -1.50922e-06 -1.76402e-06)
(9.4056e-07 -9.29225e-07 -1.68414e-06)
(9.34738e-07 -5.36226e-07 -1.5409e-06)
(9.55651e-07 -1.08801e-07 -1.45362e-06)
(9.7549e-07 3.03171e-07 -1.36816e-06)
(9.97096e-07 7.03919e-07 -1.28898e-06)
(9.96659e-07 1.12834e-06 -1.16611e-06)
(1.02011e-06 1.41452e-06 -1.08427e-06)
(8.94193e-07 -1.46743e-06 -1.70443e-06)
(9.1987e-07 -9.0437e-07 -1.62508e-06)
(9.14189e-07 -5.24743e-07 -1.48522e-06)
(9.3567e-07 -1.10933e-07 -1.40098e-06)
(9.56095e-07 2.87857e-07 -1.31831e-06)
(9.77964e-07 6.7554e-07 -1.24104e-06)
(9.76595e-07 1.08757e-06 -1.11843e-06)
(9.98363e-07 1.36109e-06 -1.03568e-06)
(8.72714e-07 -1.42544e-06 -1.64591e-06)
(8.97846e-07 -8.79239e-07 -1.56714e-06)
(8.92343e-07 -5.12884e-07 -1.43059e-06)
(9.14366e-07 -1.12626e-07 -1.34924e-06)
(9.35357e-07 2.7304e-07 -1.26928e-06)
(9.57488e-07 6.47723e-07 -1.19392e-06)
(9.55289e-07 1.04735e-06 -1.07176e-06)
(9.75458e-07 1.30843e-06 -9.88327e-07)
(8.50008e-07 -1.38329e-06 -1.58846e-06)
(8.74618e-07 -8.53867e-07 -1.51031e-06)
(8.6933e-07 -5.00676e-07 -1.37699e-06)
(8.91864e-07 -1.13895e-07 -1.29843e-06)
(9.13397e-07 2.58716e-07 -1.22108e-06)
(9.35786e-07 6.20476e-07 -1.14761e-06)
(9.3286e-07 1.00769e-06 -1.02611e-06)
(9.51522e-07 1.25657e-06 -9.42221e-07)
(8.26204e-07 -1.34103e-06 -1.53207e-06)
(8.50316e-07 -8.2829e-07 -1.45459e-06)
(8.45274e-07 -4.88143e-07 -1.32443e-06)
(8.68286e-07 -1.14755e-07 -1.24854e-06)
(8.90333e-07 2.44879e-07 -1.17373e-06)
(9.12973e-07 5.93803e-07 -1.10213e-06)
(9.09424e-07 9.68613e-07 -9.81469e-07)
(9.26672e-07 1.20553e-06 -8.9735e-07)
(8.01427e-07 -1.29869e-06 -1.47673e-06)
(8.25063e-07 -8.02542e-07 -1.39995e-06)
(8.20295e-07 -4.75313e-07 -1.2729e-06)
(8.43749e-07 -1.15224e-07 -1.19958e-06)
(8.66281e-07 2.31523e-07 -1.12722e-06)
(8.89161e-07 5.67709e-07 -1.05748e-06)
(8.8509e-07 9.30129e-07 -9.37849e-07)
(9.01021e-07 1.15534e-06 -8.53706e-07)
(7.75794e-07 -1.25633e-06 -1.42243e-06)
(7.98978e-07 -7.76659e-07 -1.3464e-06)
(7.94509e-07 -4.62211e-07 -1.2224e-06)
(8.18368e-07 -1.15316e-07 -1.15155e-06)
(8.4135e-07 2.18642e-07 -1.08157e-06)
(8.64459e-07 5.42196e-07 -1.01367e-06)
(8.59965e-07 8.92255e-07 -8.95242e-07)
(8.74677e-07 1.10601e-06 -8.11277e-07)
(7.49424e-07 -1.21397e-06 -1.36915e-06)
(7.72175e-07 -7.50673e-07 -1.29392e-06)
(7.6803e-07 -4.48863e-07 -1.17293e-06)
(7.92252e-07 -1.15049e-07 -1.10445e-06)
(8.1565e-07 2.06228e-07 -1.03677e-06)
(8.38971e-07 5.17269e-07 -9.70704e-07)
(8.34152e-07 8.55002e-07 -8.53642e-07)
(8.47741e-07 1.05757e-06 -7.7005e-07)
(7.22425e-07 -1.17167e-06 -1.31689e-06)
(7.44766e-07 -7.24621e-07 -1.2425e-06)
(7.40963e-07 -4.35295e-07 -1.12446e-06)
(7.65508e-07 -1.14439e-07 -1.05827e-06)
(7.89283e-07 1.94274e-07 -9.92828e-07)
(8.128e-07 4.92928e-07 -9.28576e-07)
(8.07748e-07 8.18386e-07 -8.13043e-07)
(8.20311e-07 1.01003e-06 -7.30008e-07)
(6.94906e-07 -1.12947e-06 -1.26563e-06)
(7.16858e-07 -6.98536e-07 -1.19212e-06)
(7.13413e-07 -4.21535e-07 -1.07701e-06)
(7.38239e-07 -1.13505e-07 -1.01302e-06)
(7.6235e-07 1.82772e-07 -9.49747e-07)
(7.86043e-07 4.69175e-07 -8.8729e-07)
(7.80849e-07 7.82418e-07 -7.73439e-07)
(7.92481e-07 9.63415e-07 -6.91137e-07)
(6.66971e-07 -1.08741e-06 -1.21535e-06)
(6.88551e-07 -6.72452e-07 -1.14278e-06)
(6.8548e-07 -4.07609e-07 -1.03055e-06)
(7.10541e-07 -1.12262e-07 -9.6869e-07)
(7.34949e-07 1.71715e-07 -9.07524e-07)
(7.58795e-07 4.46011e-07 -8.46847e-07)
(7.53544e-07 7.4711e-07 -7.34821e-07)
(7.64338e-07 9.17731e-07 -6.53419e-07)
(6.38718e-07 -1.04553e-06 -1.16605e-06)
(6.59944e-07 -6.46404e-07 -1.09446e-06)
(6.57259e-07 -3.93541e-07 -9.85078e-07)
(6.82512e-07 -1.10728e-07 -9.25278e-07)
(7.07173e-07 1.61094e-07 -8.6616e-07)
(7.31148e-07 4.23437e-07 -8.07247e-07)
(7.25921e-07 7.12474e-07 -6.97182e-07)
(7.35966e-07 8.72997e-07 -6.16836e-07)
(6.10244e-07 -1.00388e-06 -1.11771e-06)
(6.31133e-07 -6.20425e-07 -1.04715e-06)
(6.28843e-07 -3.7936e-07 -9.40588e-07)
(6.54241e-07 -1.08921e-07 -8.82779e-07)
(6.79112e-07 1.509e-07 -8.25655e-07)
(7.03189e-07 4.01452e-07 -7.68488e-07)
(6.98063e-07 6.78521e-07 -6.60513e-07)
(7.07445e-07 8.29227e-07 -5.81371e-07)
(5.81641e-07 -9.62502e-07 -1.07032e-06)
(6.02207e-07 -5.94548e-07 -1.00083e-06)
(6.00318e-07 -3.65092e-07 -8.9707e-07)
(6.25816e-07 -1.06858e-07 -8.41191e-07)
(6.50852e-07 1.41125e-07 -7.86008e-07)
(6.75004e-07 3.80057e-07 -7.30572e-07)
(6.70048e-07 6.45262e-07 -6.24806e-07)
(6.78851e-07 7.86434e-07 -5.47008e-07)
(5.52996e-07 -9.21434e-07 -1.02387e-06)
(5.73253e-07 -5.68809e-07 -9.55505e-07)
(5.7177e-07 -3.50762e-07 -8.54517e-07)
(5.97322e-07 -1.04557e-07 -8.00511e-07)
(6.22476e-07 1.31759e-07 -7.47218e-07)
(6.46673e-07 3.59251e-07 -6.93498e-07)
(6.41952e-07 6.12707e-07 -5.90053e-07)
(6.50254e-07 7.4463e-07 -5.13728e-07)
(5.24394e-07 -8.80721e-07 -9.78341e-07)
(5.44354e-07 -5.43239e-07 -9.11152e-07)
(5.4328e-07 -3.36397e-07 -8.12922e-07)
(5.68838e-07 -1.02036e-07 -7.60734e-07)
(5.94065e-07 1.22794e-07 -7.09287e-07)
(6.18276e-07 3.39032e-07 -6.57266e-07)
(6.13849e-07 5.80867e-07 -5.56247e-07)
(6.21722e-07 7.03827e-07 -4.81515e-07)
(4.95917e-07 -8.40408e-07 -9.33735e-07)
(5.15589e-07 -5.17872e-07 -8.67765e-07)
(5.14923e-07 -3.22022e-07 -7.72278e-07)
(5.40443e-07 -9.93115e-08 -7.21861e-07)
(5.65695e-07 1.1422e-07 -6.72215e-07)
(5.89887e-07 3.194e-07 -6.21877e-07)
(5.85806e-07 5.49751e-07 -5.23381e-07)
(5.9332e-07 6.64035e-07 -4.50353e-07)
(4.67642e-07 -8.00535e-07 -8.90042e-07)
(4.87035e-07 -4.92741e-07 -8.25338e-07)
(4.86775e-07 -3.07665e-07 -7.3258e-07)
(5.12208e-07 -9.64021e-08 -6.83888e-07)
(5.37439e-07 1.06028e-07 -6.36002e-07)
(5.61577e-07 3.00353e-07 -5.87333e-07)
(5.5789e-07 5.1937e-07 -4.91449e-07)
(5.65106e-07 6.25266e-07 -4.20229e-07)
(4.39644e-07 -7.61146e-07 -8.47254e-07)
(4.58764e-07 -4.67879e-07 -7.83863e-07)
(4.58904e-07 -2.9335e-07 -6.93823e-07)
(4.84206e-07 -9.3325e-08 -6.46816e-07)
(5.09367e-07 9.82098e-08 -6.00652e-07)
(5.33417e-07 2.8189e-07 -5.53636e-07)
(5.30163e-07 4.89734e-07 -4.60445e-07)
(5.37139e-07 5.87531e-07 -3.91128e-07)
(4.11995e-07 -7.22283e-07 -8.05368e-07)
(4.30846e-07 -4.43318e-07 -7.43335e-07)
(4.31379e-07 -2.79103e-07 -6.56006e-07)
(4.56503e-07 -9.00976e-08 -6.10644e-07)
(4.81547e-07 9.07551e-08 -5.66168e-07)
(5.05472e-07 2.64009e-07 -5.20791e-07)
(5.02685e-07 4.60851e-07 -4.30367e-07)
(5.09471e-07 5.50838e-07 -3.63038e-07)
(3.84761e-07 -6.83988e-07 -7.6438e-07)
(4.03345e-07 -4.19092e-07 -7.0375e-07)
(4.04262e-07 -2.64951e-07 -6.19126e-07)
(4.29162e-07 -8.67373e-08 -5.75376e-07)
(4.54042e-07 8.3655e-08 -5.32552e-07)
(4.77804e-07 2.4671e-07 -4.888e-07)
(4.75512e-07 4.32732e-07 -4.01212e-07)
(4.82154e-07 5.15199e-07 -3.35949e-07)
(3.58007e-07 -6.46304e-07 -7.24288e-07)
(3.76325e-07 -3.95232e-07 -6.65106e-07)
(3.77614e-07 -2.50917e-07 -5.83182e-07)
(4.02246e-07 -8.32613e-08 -5.41012e-07)
(4.26913e-07 7.69005e-08 -4.99812e-07)
(4.50475e-07 2.2999e-07 -4.57671e-07)
(4.48697e-07 4.05386e-07 -3.72979e-07)
(4.55235e-07 4.80624e-07 -3.09852e-07)
(3.31796e-07 -6.09273e-07 -6.85092e-07)
(3.49845e-07 -3.7177e-07 -6.27402e-07)
(3.51493e-07 -2.37028e-07 -5.48176e-07)
(3.75811e-07 -7.96866e-08 -5.07558e-07)
(4.00218e-07 7.04829e-08 -4.67952e-07)
(4.2354e-07 2.13849e-07 -4.27409e-07)
(4.22293e-07 3.78823e-07 -3.45667e-07)
(4.28758e-07 4.47122e-07 -2.84739e-07)
(3.06186e-07 -5.72936e-07 -6.46795e-07)
(3.23962e-07 -3.48738e-07 -5.9064e-07)
(3.25953e-07 -2.23309e-07 -5.1411e-07)
(3.49912e-07 -7.60302e-08 -4.75019e-07)
(3.74011e-07 6.43931e-08 -4.3698e-07)
(3.97054e-07 1.98284e-07 -3.98024e-07)
(3.96346e-07 3.53053e-07 -3.19278e-07)
(4.02766e-07 4.14704e-07 -2.60604e-07)
(2.81232e-07 -5.37334e-07 -6.094e-07)
(2.9873e-07 -3.26168e-07 -5.54821e-07)
(3.01044e-07 -2.09783e-07 -4.80988e-07)
(3.24602e-07 -7.23086e-08 -4.43401e-07)
(3.48346e-07 5.86226e-08 -4.06906e-07)
(3.7107e-07 1.83295e-07 -3.69524e-07)
(3.70902e-07 3.28085e-07 -2.93816e-07)
(3.77297e-07 3.8338e-07 -2.37444e-07)
(2.56988e-07 -5.02508e-07 -5.72913e-07)
(2.74198e-07 -3.04091e-07 -5.1995e-07)
(2.76817e-07 -1.96476e-07 -4.48815e-07)
(2.99929e-07 -6.85384e-08 -4.12712e-07)
(3.23272e-07 5.3163e-08 -3.7774e-07)
(3.45634e-07 1.68881e-07 -3.41919e-07)
(3.46005e-07 3.03929e-07 -2.69286e-07)
(3.5239e-07 3.53161e-07 -2.15257e-07)
(2.33503e-07 -4.685e-07 -5.3734e-07)
(2.50416e-07 -2.82539e-07 -4.86033e-07)
(2.53316e-07 -1.83411e-07 -4.17599e-07)
(2.75939e-07 -6.47357e-08 -3.82962e-07)
(2.98835e-07 4.80063e-08 -3.49492e-07)
(3.20796e-07 1.55042e-07 -3.15224e-07)
(3.21695e-07 2.80595e-07 -2.45694e-07)
(3.28078e-07 3.24059e-07 -1.94043e-07)
(2.10825e-07 -4.35349e-07 -5.0269e-07)
(2.27427e-07 -2.61541e-07 -4.53078e-07)
(2.30585e-07 -1.70613e-07 -3.87348e-07)
(2.52677e-07 -6.09164e-08 -3.54162e-07)
(2.75079e-07 4.31444e-08 -3.22176e-07)
(2.96596e-07 1.41776e-07 -2.8945e-07)
(2.98011e-07 2.58093e-07 -2.23048e-07)
(3.04395e-07 2.96084e-07 -1.73805e-07)
(1.88997e-07 -4.03097e-07 -4.68975e-07)
(2.05275e-07 -2.41129e-07 -4.21093e-07)
(2.08665e-07 -1.58105e-07 -3.58072e-07)
(2.30184e-07 -5.70961e-08 -3.26324e-07)
(2.52046e-07 3.85697e-08 -2.95806e-07)
(2.73078e-07 1.29084e-07 -2.64613e-07)
(2.74988e-07 2.36435e-07 -2.01359e-07)
(2.8137e-07 2.6925e-07 -1.54546e-07)
(1.68063e-07 -3.71782e-07 -4.36205e-07)
(1.83999e-07 -2.21334e-07 -3.9009e-07)
(1.87592e-07 -1.4591e-07 -3.29783e-07)
(2.08497e-07 -5.32901e-08 -2.99462e-07)
(2.29775e-07 3.42751e-08 -2.70397e-07)
(2.5028e-07 1.16966e-07 -2.40729e-07)
(2.5266e-07 2.15629e-07 -1.80637e-07)
(2.59033e-07 2.43567e-07 -1.36273e-07)
(1.4806e-07 -3.41444e-07 -4.04396e-07)
(1.63636e-07 -2.02184e-07 -3.60082e-07)
(1.67403e-07 -1.34052e-07 -3.02494e-07)
(1.87653e-07 -4.95135e-08 -2.73592e-07)
(2.08303e-07 3.02535e-08 -2.45968e-07)
(2.28238e-07 1.05422e-07 -2.17816e-07)
(2.31059e-07 1.95689e-07 -1.60896e-07)
(2.37409e-07 2.1905e-07 -1.18993e-07)
(1.29027e-07 -3.12121e-07 -3.73562e-07)
(1.44222e-07 -1.8371e-07 -3.31082e-07)
(1.48132e-07 -1.22552e-07 -2.7622e-07)
(1.67686e-07 -4.57808e-08 -2.48729e-07)
(1.87663e-07 2.64983e-08 -2.22535e-07)
(2.06987e-07 9.4454e-08 -1.95892e-07)
(2.10214e-07 1.76624e-07 -1.42151e-07)
(2.16522e-07 1.9571e-07 -1.02717e-07)
(1.10998e-07 -2.83852e-07 -3.4372e-07)
(1.25789e-07 -1.65942e-07 -3.03107e-07)
(1.29809e-07 -1.11433e-07 -2.50978e-07)
(1.48627e-07 -4.21061e-08 -2.24893e-07)
(1.67888e-07 2.30033e-08 -2.0012e-07)
(1.86557e-07 8.40625e-08 -1.7498e-07)
(1.90153e-07 1.58446e-07 -1.24418e-07)
(1.96396e-07 1.73564e-07 -8.74562e-08)
(9.40047e-08 -2.56675e-07 -3.1489e-07)
(1.08369e-07 -1.48907e-07 -2.76173e-07)
(1.12463e-07 -1.00717e-07 -2.26785e-07)
(1.30506e-07 -3.85033e-08 -2.02102e-07)
(1.49007e-07 1.97629e-08 -1.78743e-07)
(1.66979e-07 7.42497e-08 -1.55101e-07)
(1.70901e-07 1.41167e-07 -1.07716e-07)
(1.77051e-07 1.52626e-07 -7.32264e-08)
(7.80784e-08 -2.30627e-07 -2.8709e-07)
(9.19886e-08 -1.32636e-07 -2.503e-07)
(9.61218e-08 -9.04245e-08 -2.03661e-07)
(1.1335e-07 -3.49857e-08 -1.80379e-07)
(1.31048e-07 1.67718e-08 -1.58428e-07)
(1.4828e-07 6.50178e-08 -1.36279e-07)
(1.52482e-07 1.248e-07 -9.20669e-08)
(1.58506e-07 1.32912e-07 -6.00439e-08)
(6.32473e-08 -2.05745e-07 -2.60343e-07)
(7.66764e-08 -1.17155e-07 -2.25507e-07)
(8.0811e-08 -8.0577e-08 -1.81627e-07)
(9.71858e-08 -3.15664e-08 -1.59746e-07)
(1.14038e-07 1.40249e-08 -1.39198e-07)
(1.30486e-07 5.63697e-08 -1.1854e-07)
(1.34918e-07 1.09356e-07 -7.74919e-08)
(1.4078e-07 1.14439e-07 -4.79277e-08)
(4.9539e-08 -1.82065e-07 -2.3467e-07)
(6.24577e-08 -1.02494e-07 -2.01815e-07)
(6.65552e-08 -7.11947e-08 -1.60704e-07)
(8.20375e-08 -2.82576e-08 -1.40227e-07)
(9.80004e-08 1.1518e-08 -1.21082e-07)
(1.1362e-07 4.83086e-08 -1.0191e-07)
(1.18228e-07 9.48497e-08 -6.4016e-08)
(1.23887e-07 9.72228e-08 -3.68989e-08)
(3.69798e-08 -1.59622e-07 -2.10094e-07)
(4.93574e-08 -8.86782e-08 -1.79247e-07)
(5.33779e-08 -6.22975e-08 -1.40917e-07)
(6.7929e-08 -2.50715e-08 -1.2185e-07)
(8.29592e-08 9.24691e-09 -1.04106e-07)
(9.77058e-08 4.08383e-08 -8.64203e-08)
(1.02431e-07 8.12929e-08 -5.16663e-08)
(1.0784e-07 8.12824e-08 -2.69819e-08)
(2.55962e-08 -1.3845e-07 -1.86641e-07)
(3.73995e-08 -7.57351e-08 -1.57826e-07)
(4.13022e-08 -5.39047e-08 -1.22291e-07)
(5.48832e-08 -2.20198e-08 -1.0464e-07)
(6.8937e-08 7.20806e-09 -8.83019e-08)
(8.27637e-08 3.39629e-08 -7.2102e-08)
(8.75447e-08 6.86991e-08 -4.04732e-08)
(9.26522e-08 6.6636e-08 -1.82043e-08)
(1.5415e-08 -1.18579e-07 -1.64336e-07)
(2.66078e-08 -6.36903e-08 -1.37578e-07)
(3.03506e-08 -4.6035e-08 -1.04853e-07)
(4.29231e-08 -1.91136e-08 -8.86295e-08)
(5.59564e-08 5.39793e-09 -7.37018e-08)
(6.8815e-08 2.76866e-08 -5.89897e-08)
(7.35852e-08 5.70812e-08 -3.04701e-08)
(7.8333e-08 5.3303e-08 -1.05977e-08)
(6.46429e-09 -1.0004e-07 -1.43211e-07)
(1.70053e-08 -5.25684e-08 -1.1853e-07)
(2.0545e-08 -3.87067e-08 -8.8632e-08)
(3.20714e-08 -1.63642e-08 -7.38488e-08)
(4.40404e-08 3.81298e-09 -6.03398e-08)
(5.58817e-08 2.20135e-08 -4.71192e-08)
(6.0571e-08 4.64514e-08 -2.16936e-08)
(6.48937e-08 4.13043e-08 -4.19863e-09)
(-1.22631e-09 -8.28576e-08 -1.23301e-07)
(8.61343e-09 -4.23927e-08 -1.00714e-07)
(1.19048e-08 -3.19373e-08 -7.36591e-08)
(2.23496e-08 -1.37828e-08 -6.03309e-08)
(3.32134e-08 2.44903e-09 -4.82501e-08)
(4.39893e-08 1.69472e-08 -3.65269e-08)
(4.8525e-08 3.68209e-08 -1.41831e-08)
(5.23489e-08 3.06625e-08 9.50926e-10)
(-7.62565e-09 -6.70542e-08 -1.04654e-07)
(1.44786e-09 -3.31854e-08 -8.41701e-08)
(4.44172e-09 -2.57438e-08 -5.99708e-08)
(1.37743e-08 -1.13813e-08 -4.81083e-08)
(2.35006e-08 1.29995e-09 -3.7463e-08)
(3.31702e-08 1.24889e-08 -2.72448e-08)
(3.7481e-08 2.81984e-08 -7.97853e-09)
(4.07222e-08 2.14038e-08 4.80314e-09)
(-1.27033e-08 -5.26448e-08 -8.73417e-08)
(-4.4896e-09 -2.49669e-08 -6.89545e-08)
(-1.85151e-09 -2.01419e-08 -4.76112e-08)
(6.34771e-09 -9.1737e-09 -3.72094e-08)
(1.49267e-08 3.54457e-10 -2.79951e-08)
(2.34718e-08 8.63413e-09 -1.92902e-08)
(2.74952e-08 2.05887e-08 -3.11505e-09)
(3.00577e-08 1.35608e-08 7.30327e-09)
(-1.64383e-08 -3.96404e-08 -7.14837e-08)
(-9.2262e-09 -1.77543e-08 -5.51595e-08)
(-7.02469e-09 -1.51429e-08 -3.66409e-08)
(3.82956e-11 -7.17555e-09 -2.76492e-08)
(7.5133e-09 -4.08042e-10 -1.98249e-08)
(1.49742e-08 5.36599e-09 -1.26413e-08)
(1.86744e-08 1.39895e-08 3.89672e-10)
(2.04447e-08 7.18253e-09 8.38968e-09)
(-1.88593e-08 -2.80533e-08 -5.72896e-08)
(-1.28589e-08 -1.15495e-08 -4.29485e-08)
(-1.12359e-08 -1.07359e-08 -2.71634e-08)
(-5.28294e-09 -5.39502e-09 -1.9418e-08)
(1.25034e-09 -1.01816e-09 -1.28507e-08)
(7.81341e-09 2.64733e-09 -7.18935e-09)
(1.12344e-08 8.392e-09 2.56282e-09)
(1.20728e-08 2.35795e-09 7.99367e-09)
(-2.01685e-08 -1.79012e-08 -4.51293e-08)
(-1.57011e-08 -6.35824e-09 -3.26752e-08)
(-1.49598e-08 -6.94219e-09 -1.9434e-08)
(-1.006e-08 -3.92353e-09 -1.25011e-08)
(-4.05799e-09 -1.61983e-09 -6.83574e-09)
(2.14166e-09 3.32636e-10 -2.65726e-09)
(5.57402e-09 3.74596e-09 3.53417e-09)
(5.33624e-09 -7.72845e-10 6.02688e-09)
(-2.0867e-08 -9.3844e-09 -3.5549e-08)
(-1.83093e-08 -2.36742e-09 -2.50226e-08)
(-1.88646e-08 -4.06507e-09 -1.37835e-08)
(-1.48808e-08 -3.28942e-09 -6.5851e-09)
(-8.63336e-09 -2.84482e-09 -1.03652e-09)
(-1.74003e-09 -2.13155e-09 1.72883e-09)
(2.42669e-09 -1.76953e-10 3.71232e-09)
(1.06762e-09 -1.97982e-09 2.37809e-09)
(-2.10366e-08 -1.56123e-09 -2.87474e-08)
(-2.02201e-08 2.1193e-09 -1.98668e-08)
(-2.14622e-08 6.03439e-10 -8.71651e-09)
(-1.76589e-08 -4.66696e-10 8.36014e-10)
(-1.03266e-08 -2.23169e-09 7.12828e-09)
(-2.01275e-09 -3.4727e-09 7.78427e-09)
(3.18195e-09 -3.26645e-09 3.75145e-09)
(8.13724e-10 -1.0656e-09 -2.9587e-09)
(-2.07645e-08 4.65145e-09 -2.42358e-08)
(-2.13916e-08 7.37433e-09 -1.41327e-08)
(-2.17615e-08 5.02124e-09 2.33338e-10)
(-1.7022e-08 1.85279e-10 1.29181e-08)
(-8.2283e-09 -5.59085e-09 1.82958e-08)
(1.31667e-09 -9.64829e-09 1.38027e-08)
(6.98745e-09 -1.00248e-08 1.58976e-09)
(4.36133e-09 -1.00945e-09 -9.64889e-09)
)
;
    }
    front
    {
        type            tractionPressureDisplacement;
        gradient        nonuniform List<vector> 
640
(
(3.71924e-06 2.98514e-06 -4.17303e-07)
(3.07955e-06 2.36177e-06 -6.26869e-07)
(1.7892e-06 1.1488e-06 -1.37287e-06)
(-2.39171e-07 -1.13285e-07 -1.84618e-06)
(-2.72226e-06 -1.38489e-06 -2.00629e-06)
(-5.3895e-06 -2.60863e-06 -1.90211e-06)
(-8.02638e-06 -3.61049e-06 -1.8073e-06)
(-1.09896e-05 -4.599e-06 -1.79973e-06)
(1.6595e-06 2.37422e-06 -1.56311e-06)
(7.27605e-07 1.35196e-06 -1.75794e-06)
(1.23609e-07 5.4791e-07 -2.28361e-06)
(-3.62432e-07 -2.03757e-07 -2.71498e-06)
(-8.19225e-07 -8.16362e-07 -2.82924e-06)
(-1.3286e-06 -1.35051e-06 -2.72264e-06)
(-1.99802e-06 -1.78587e-06 -2.72202e-06)
(-2.82076e-06 -2.32155e-06 -2.76849e-06)
(9.40881e-07 2.15634e-06 -2.39145e-06)
(3.40026e-07 1.17705e-06 -2.49896e-06)
(-3.36942e-08 4.827e-07 -2.64504e-06)
(-1.71079e-07 -1.84808e-07 -2.82402e-06)
(-2.0031e-07 -7.86142e-07 -2.85261e-06)
(-2.45083e-07 -1.3775e-06 -2.80844e-06)
(-3.9736e-07 -1.97782e-06 -2.84243e-06)
(-4.96751e-07 -2.57818e-06 -2.92287e-06)
(7.15912e-07 2.19692e-06 -2.84476e-06)
(4.12984e-07 1.22734e-06 -2.88906e-06)
(1.76221e-07 5.24053e-07 -2.8529e-06)
(8.27085e-08 -1.6889e-07 -2.87436e-06)
(6.54686e-08 -8.1997e-07 -2.84984e-06)
(5.99218e-08 -1.46483e-06 -2.82543e-06)
(3.62976e-08 -2.12677e-06 -2.83395e-06)
(7.16488e-08 -2.75511e-06 -2.88052e-06)
(6.41784e-07 2.22824e-06 -3.07816e-06)
(4.91892e-07 1.25567e-06 -3.08951e-06)
(3.54539e-07 5.47464e-07 -2.96933e-06)
(2.92547e-07 -1.56275e-07 -2.90359e-06)
(2.81808e-07 -8.25566e-07 -2.83403e-06)
(3.00372e-07 -1.48725e-06 -2.78911e-06)
(3.39669e-07 -2.15885e-06 -2.77091e-06)
(4.05038e-07 -2.79487e-06 -2.80131e-06)
(6.31676e-07 2.25018e-06 -3.19464e-06)
(5.60702e-07 1.27726e-06 -3.18351e-06)
(4.86474e-07 5.68516e-07 -3.01809e-06)
(4.54446e-07 -1.42148e-07 -2.90127e-06)
(4.58461e-07 -8.20897e-07 -2.79365e-06)
(4.94706e-07 -1.49037e-06 -2.72009e-06)
(5.58036e-07 -2.16341e-06 -2.68147e-06)
(6.42603e-07 -2.79178e-06 -2.70219e-06)
(6.51493e-07 2.2605e-06 -3.24201e-06)
(6.25956e-07 1.29212e-06 -3.21297e-06)
(5.89393e-07 5.87299e-07 -3.02094e-06)
(5.79034e-07 -1.26071e-07 -2.87335e-06)
(5.93368e-07 -8.09157e-07 -2.73804e-06)
(6.35042e-07 -1.48171e-06 -2.64193e-06)
(7.00319e-07 -2.15396e-06 -2.58736e-06)
(7.90628e-07 -2.77035e-06 -2.5998e-06)
(6.85077e-07 2.26085e-06 -3.24589e-06)
(6.86783e-07 1.30065e-06 -3.20222e-06)
(6.71986e-07 6.03081e-07 -2.994e-06)
(6.75195e-07 -1.08788e-07 -2.82849e-06)
(6.94316e-07 -7.91628e-07 -2.67582e-06)
(7.34421e-07 -1.46295e-06 -2.56549e-06)
(7.93371e-07 -2.13188e-06 -2.49945e-06)
(8.79316e-07 -2.73545e-06 -2.50471e-06)
(7.24396e-07 2.25321e-06 -3.22153e-06)
(7.42521e-07 1.30402e-06 -3.16619e-06)
(7.39605e-07 6.1595e-07 -2.94847e-06)
(7.50239e-07 -9.10739e-08 -2.77372e-06)
(7.70375e-07 -7.70092e-07 -2.61203e-06)
(8.06307e-07 -1.43688e-06 -2.49423e-06)
(8.57204e-07 -2.10041e-06 -2.42039e-06)
(9.35691e-07 -2.69078e-06 -2.41938e-06)
(7.65011e-07 2.23927e-06 -3.17866e-06)
(7.92875e-07 1.30316e-06 -3.11434e-06)
(7.95789e-07 6.26099e-07 -2.89187e-06)
(8.09856e-07 -7.35654e-08 -2.71379e-06)
(8.29063e-07 -7.46103e-07 -2.54896e-06)
(8.60527e-07 -1.40596e-06 -2.42827e-06)
(9.04142e-07 -2.0626e-06 -2.34897e-06)
(9.75706e-07 -2.63957e-06 -2.34224e-06)
(8.04378e-07 2.22036e-06 -3.12371e-06)
(8.37788e-07 1.29881e-06 -3.05277e-06)
(8.42956e-07 6.33767e-07 -2.82895e-06)
(8.58189e-07 -5.67069e-08 -2.65147e-06)
(8.75781e-07 -7.20852e-07 -2.48732e-06)
(9.03441e-07 -1.37208e-06 -2.36649e-06)
(9.41209e-07 -2.02078e-06 -2.28301e-06)
(1.00732e-06 -2.58424e-06 -2.27086e-06)
(8.41096e-07 2.19757e-06 -3.06103e-06)
(8.77431e-07 1.29161e-06 -2.98538e-06)
(8.82851e-07 6.3923e-07 -2.76264e-06)
(8.98129e-07 -4.07573e-08 -2.58824e-06)
(9.14095e-07 -6.9516e-07 -2.42705e-06)
(9.38866e-07 -1.33657e-06 -2.30759e-06)
(9.72135e-07 -1.97656e-06 -2.22055e-06)
(1.03418e-06 -2.5264e-06 -2.20313e-06)
(8.74446e-07 2.17173e-06 -2.99352e-06)
(9.12095e-07 1.28205e-06 -2.91466e-06)
(9.16733e-07 6.42758e-07 -2.69463e-06)
(9.31613e-07 -2.58355e-08 -2.5248e-06)
(9.46243e-07 -6.6955e-07 -2.36781e-06)
(9.6897e-07 -1.3003e-06 -2.25047e-06)
(9.98779e-07 -1.931e-06 -2.16012e-06)
(1.05777e-06 -2.46709e-06 -2.13754e-06)
(9.04099e-07 2.14351e-06 -2.92312e-06)
(9.42093e-07 1.27054e-06 -2.84215e-06)
(9.45488e-07 6.44596e-07 -2.62591e-06)
(9.59895e-07 -1.19671e-08 -2.46145e-06)
(9.73565e-07 -6.44324e-07 -2.30926e-06)
(9.94924e-07 -1.2638e-06 -2.19433e-06)
(1.02199e-06 -1.88477e-06 -2.10079e-06)
(1.07858e-06 -2.40697e-06 -2.07314e-06)
(9.29942e-07 2.11336e-06 -2.85113e-06)
(9.67716e-07 1.2574e-06 -2.76885e-06)
(9.69732e-07 6.44963e-07 -2.55704e-06)
(9.83762e-07 8.78539e-10 -2.39831e-06)
(9.96833e-07 -6.19644e-07 -2.25113e-06)
(1.01732e-06 -1.2274e-06 -2.13867e-06)
(1.04209e-06 -1.83825e-06 -2.04199e-06)
(1.09667e-06 -2.34643e-06 -2.00938e-06)
(9.51985e-07 2.08165e-06 -2.77841e-06)
(9.89219e-07 1.24286e-06 -2.69535e-06)
(9.89891e-07 6.44043e-07 -2.48833e-06)
(1.00371e-06 1.27606e-08 -2.33542e-06)
(1.01648e-06 -5.95577e-07 -2.19324e-06)
(1.03644e-06 -1.19127e-06 -2.0832e-06)
(1.05919e-06 -1.79171e-06 -1.98346e-06)
(1.11193e-06 -2.28574e-06 -1.94603e-06)
(9.70299e-07 2.04864e-06 -2.70551e-06)
(1.00682e-06 1.22713e-06 -2.62206e-06)
(1.00627e-06 6.41991e-07 -2.41997e-06)
(1.02004e-06 2.37478e-08 -2.27281e-06)
(1.03276e-06 -5.72144e-07 -2.13552e-06)
(1.05243e-06 -1.15551e-06 -2.02782e-06)
(1.07328e-06 -1.74527e-06 -1.9251e-06)
(1.12423e-06 -2.22507e-06 -1.88301e-06)
(9.84994e-07 2.01451e-06 -2.63284e-06)
(1.02073e-06 1.21033e-06 -2.54922e-06)
(1.01909e-06 6.38932e-07 -2.35209e-06)
(1.03298e-06 3.39078e-08 -2.21052e-06)
(1.04583e-06 -5.49336e-07 -2.07793e-06)
(1.06535e-06 -1.12017e-06 -1.97249e-06)
(1.08439e-06 -1.69901e-06 -1.86693e-06)
(1.13352e-06 -2.16453e-06 -1.82038e-06)
(9.962e-07 1.97942e-06 -2.56063e-06)
(1.0311e-06 1.1926e-06 -2.477e-06)
(1.02853e-06 6.34967e-07 -2.28477e-06)
(1.04268e-06 4.33017e-08 -2.14858e-06)
(1.05579e-06 -5.27136e-07 -2.02052e-06)
(1.07527e-06 -1.08527e-06 -1.91727e-06)
(1.09252e-06 -1.65299e-06 -1.80903e-06)
(1.13979e-06 -2.1042e-06 -1.75823e-06)
(1.00406e-06 1.94348e-06 -2.48907e-06)
(1.03813e-06 1.17402e-06 -2.40553e-06)
(1.03477e-06 6.30178e-07 -2.21809e-06)
(1.04927e-06 5.1982e-08 -2.08706e-06)
(1.06275e-06 -5.05522e-07 -1.96334e-06)
(1.08225e-06 -1.05082e-06 -1.86222e-06)
(1.09775e-06 -1.60724e-06 -1.7515e-06)
(1.14307e-06 -2.04414e-06 -1.69667e-06)
(1.00872e-06 1.90676e-06 -2.41827e-06)
(1.04197e-06 1.15466e-06 -2.3349e-06)
(1.03795e-06 6.2463e-07 -2.15212e-06)
(1.05289e-06 5.99919e-08 -2.02602e-06)
(1.06681e-06 -4.84476e-07 -1.90647e-06)
(1.08639e-06 -1.01683e-06 -1.80743e-06)
(1.10014e-06 -1.56179e-06 -1.69444e-06)
(1.14347e-06 -1.9844e-06 -1.63584e-06)
(1.01033e-06 1.86933e-06 -2.34833e-06)
(1.04278e-06 1.13458e-06 -2.26516e-06)
(1.03822e-06 6.18377e-07 -2.0869e-06)
(1.05367e-06 6.73669e-08 -1.96552e-06)
(1.06809e-06 -4.63982e-07 -1.84997e-06)
(1.08777e-06 -9.83298e-07 -1.75299e-06)
(1.09982e-06 -1.51665e-06 -1.63795e-06)
(1.1411e-06 -1.92504e-06 -1.57584e-06)
(1.00907e-06 1.83127e-06 -2.27931e-06)
(1.04074e-06 1.11385e-06 -2.19637e-06)
(1.03573e-06 6.11463e-07 -2.0225e-06)
(1.05173e-06 7.4136e-08 -1.90563e-06)
(1.0667e-06 -4.44029e-07 -1.79393e-06)
(1.08652e-06 -9.50241e-07 -1.69897e-06)
(1.09689e-06 -1.47185e-06 -1.58212e-06)
(1.1361e-06 -1.8661e-06 -1.51675e-06)
(1.00508e-06 1.79261e-06 -2.21125e-06)
(1.03599e-06 1.0925e-06 -2.12859e-06)
(1.03064e-06 6.03926e-07 -1.95896e-06)
(1.04723e-06 8.03228e-08 -1.84639e-06)
(1.06277e-06 -4.24607e-07 -1.73839e-06)
(1.08276e-06 -9.17664e-07 -1.64545e-06)
(1.09151e-06 -1.42741e-06 -1.52702e-06)
(1.12863e-06 -1.80763e-06 -1.45868e-06)
(9.98536e-07 1.75341e-06 -2.1442e-06)
(1.0287e-06 1.07058e-06 -2.06183e-06)
(1.02309e-06 5.95799e-07 -1.89632e-06)
(1.0403e-06 8.59478e-08 -1.78786e-06)
(1.05643e-06 -4.0571e-07 -1.68343e-06)
(1.07661e-06 -8.85577e-07 -1.59249e-06)
(1.0838e-06 -1.38336e-06 -1.47273e-06)
(1.11884e-06 -1.74965e-06 -1.40167e-06)
(9.8959e-07 1.71371e-06 -2.07817e-06)
(1.01904e-06 1.04812e-06 -1.99614e-06)
(1.01325e-06 5.87112e-07 -1.83461e-06)
(1.03108e-06 9.10284e-08 -1.73008e-06)
(1.04782e-06 -3.87335e-07 -1.6291e-06)
(1.06821e-06 -8.53989e-07 -1.54014e-06)
(1.07391e-06 -1.33971e-06 -1.41929e-06)
(1.10689e-06 -1.69222e-06 -1.34578e-06)
(9.78402e-07 1.67355e-06 -2.0132e-06)
(1.00717e-06 1.02518e-06 -1.93153e-06)
(1.00125e-06 5.77893e-07 -1.77386e-06)
(1.01971e-06 9.55809e-08 -1.67309e-06)
(1.03708e-06 -3.69478e-07 -1.57544e-06)
(1.05769e-06 -8.22912e-07 -1.48846e-06)
(1.06198e-06 -1.29649e-06 -1.36674e-06)
(1.09293e-06 -1.63537e-06 -1.29105e-06)
(9.65129e-07 1.63299e-06 -1.94929e-06)
(9.93229e-07 1.00178e-06 -1.86801e-06)
(9.87257e-07 5.6817e-07 -1.7141e-06)
(1.00635e-06 9.96202e-08 -1.61693e-06)
(1.02434e-06 -3.52135e-07 -1.52248e-06)
(1.04519e-06 -7.92355e-07 -1.43747e-06)
(1.04815e-06 -1.25373e-06 -1.31513e-06)
(1.07713e-06 -1.57914e-06 -1.23752e-06)
(9.49925e-07 1.59205e-06 -1.88645e-06)
(9.77383e-07 9.77968e-07 -1.8056e-06)
(9.71411e-07 5.57969e-07 -1.65534e-06)
(9.91125e-07 1.03161e-07 -1.56162e-06)
(1.00974e-06 -3.35304e-07 -1.47027e-06)
(1.03083e-06 -7.6233e-07 -1.38721e-06)
(1.03257e-06 -1.21143e-06 -1.26447e-06)
(1.05964e-06 -1.52356e-06 -1.1852e-06)
(9.32938e-07 1.55079e-06 -1.8247e-06)
(9.59778e-07 9.5377e-07 -1.74431e-06)
(9.53858e-07 5.47315e-07 -1.59761e-06)
(9.7418e-07 1.06218e-07 -1.50718e-06)
(9.93415e-07 -3.18982e-07 -1.41882e-06)
(1.01476e-06 -7.32845e-07 -1.3377e-06)
(1.01536e-06 -1.16962e-06 -1.21479e-06)
(1.04058e-06 -1.46867e-06 -1.13412e-06)
(9.14313e-07 1.50925e-06 -1.76402e-06)
(9.4056e-07 9.29226e-07 -1.68414e-06)
(9.34738e-07 5.36234e-07 -1.5409e-06)
(9.55651e-07 1.08805e-07 -1.45362e-06)
(9.7549e-07 -3.03166e-07 -1.36816e-06)
(9.97096e-07 -7.03908e-07 -1.28898e-06)
(9.96659e-07 -1.12832e-06 -1.16611e-06)
(1.02011e-06 -1.4145e-06 -1.08427e-06)
(8.94193e-07 1.46746e-06 -1.70443e-06)
(9.1987e-07 9.04371e-07 -1.62508e-06)
(9.14189e-07 5.24751e-07 -1.48522e-06)
(9.3567e-07 1.10938e-07 -1.40098e-06)
(9.56095e-07 -2.87852e-07 -1.31831e-06)
(9.77964e-07 -6.75528e-07 -1.24104e-06)
(9.76595e-07 -1.08756e-06 -1.11843e-06)
(9.98363e-07 -1.36106e-06 -1.03568e-06)
(8.72714e-07 1.42547e-06 -1.64591e-06)
(8.97846e-07 8.7924e-07 -1.56714e-06)
(8.92343e-07 5.12893e-07 -1.43059e-06)
(9.14366e-07 1.12631e-07 -1.34924e-06)
(9.35357e-07 -2.73035e-07 -1.26928e-06)
(9.57488e-07 -6.47711e-07 -1.19392e-06)
(9.55289e-07 -1.04734e-06 -1.07176e-06)
(9.75458e-07 -1.30841e-06 -9.88327e-07)
(8.50008e-07 1.38332e-06 -1.58846e-06)
(8.74618e-07 8.53869e-07 -1.51031e-06)
(8.6933e-07 5.00685e-07 -1.37699e-06)
(8.91864e-07 1.139e-07 -1.29843e-06)
(9.13397e-07 -2.58711e-07 -1.22108e-06)
(9.35786e-07 -6.20464e-07 -1.14761e-06)
(9.3286e-07 -1.00768e-06 -1.02611e-06)
(9.51522e-07 -1.25655e-06 -9.42221e-07)
(8.26204e-07 1.34106e-06 -1.53207e-06)
(8.50316e-07 8.28293e-07 -1.45459e-06)
(8.45274e-07 4.88153e-07 -1.32443e-06)
(8.68286e-07 1.14761e-07 -1.24854e-06)
(8.90333e-07 -2.44874e-07 -1.17373e-06)
(9.12973e-07 -5.9379e-07 -1.10213e-06)
(9.09424e-07 -9.686e-07 -9.81469e-07)
(9.26672e-07 -1.20551e-06 -8.9735e-07)
(8.01427e-07 1.29873e-06 -1.47673e-06)
(8.25063e-07 8.02545e-07 -1.39995e-06)
(8.20295e-07 4.75323e-07 -1.2729e-06)
(8.43749e-07 1.15229e-07 -1.19958e-06)
(8.66281e-07 -2.31517e-07 -1.12722e-06)
(8.89161e-07 -5.67696e-07 -1.05748e-06)
(8.8509e-07 -9.30117e-07 -9.37849e-07)
(9.01021e-07 -1.15532e-06 -8.53706e-07)
(7.75794e-07 1.25636e-06 -1.42243e-06)
(7.98977e-07 7.76662e-07 -1.3464e-06)
(7.94509e-07 4.62221e-07 -1.2224e-06)
(8.18368e-07 1.15322e-07 -1.15155e-06)
(8.4135e-07 -2.18636e-07 -1.08157e-06)
(8.64459e-07 -5.42183e-07 -1.01367e-06)
(8.59965e-07 -8.92242e-07 -8.95242e-07)
(8.74677e-07 -1.10599e-06 -8.11277e-07)
(7.49423e-07 1.21401e-06 -1.36915e-06)
(7.72175e-07 7.50677e-07 -1.29392e-06)
(7.6803e-07 4.48874e-07 -1.17293e-06)
(7.92252e-07 1.15055e-07 -1.10445e-06)
(8.15649e-07 -2.06221e-07 -1.03677e-06)
(8.38971e-07 -5.17255e-07 -9.70704e-07)
(8.34152e-07 -8.54989e-07 -8.53642e-07)
(8.47741e-07 -1.05754e-06 -7.7005e-07)
(7.22425e-07 1.17171e-06 -1.31689e-06)
(7.44766e-07 7.24625e-07 -1.2425e-06)
(7.40963e-07 4.35307e-07 -1.12446e-06)
(7.65508e-07 1.14446e-07 -1.05827e-06)
(7.89283e-07 -1.94267e-07 -9.92828e-07)
(8.128e-07 -4.92913e-07 -9.28575e-07)
(8.07748e-07 -8.18373e-07 -8.13043e-07)
(8.20311e-07 -1.01e-06 -7.30008e-07)
(6.94906e-07 1.12951e-06 -1.26563e-06)
(7.16857e-07 6.98541e-07 -1.19212e-06)
(7.13413e-07 4.21548e-07 -1.07701e-06)
(7.38239e-07 1.13511e-07 -1.01302e-06)
(7.6235e-07 -1.82766e-07 -9.49746e-07)
(7.86043e-07 -4.6916e-07 -8.8729e-07)
(7.80849e-07 -7.82404e-07 -7.73439e-07)
(7.92481e-07 -9.63384e-07 -6.91137e-07)
(6.66971e-07 1.08745e-06 -1.21535e-06)
(6.88551e-07 6.72457e-07 -1.14278e-06)
(6.8548e-07 4.07621e-07 -1.03055e-06)
(7.10541e-07 1.12268e-07 -9.6869e-07)
(7.34949e-07 -1.71708e-07 -9.07524e-07)
(7.58795e-07 -4.45996e-07 -8.46847e-07)
(7.53544e-07 -7.47096e-07 -7.34821e-07)
(7.64338e-07 -9.177e-07 -6.53418e-07)
(6.38718e-07 1.04557e-06 -1.16605e-06)
(6.59944e-07 6.46409e-07 -1.09446e-06)
(6.57259e-07 3.93555e-07 -9.85078e-07)
(6.82512e-07 1.10735e-07 -9.25278e-07)
(7.07173e-07 -1.61087e-07 -8.6616e-07)
(7.31148e-07 -4.23422e-07 -8.07246e-07)
(7.25921e-07 -7.1246e-07 -6.97182e-07)
(7.35966e-07 -8.72965e-07 -6.16836e-07)
(6.10244e-07 1.00392e-06 -1.11771e-06)
(6.31133e-07 6.2043e-07 -1.04715e-06)
(6.28843e-07 3.79374e-07 -9.40588e-07)
(6.54241e-07 1.08928e-07 -8.82779e-07)
(6.79112e-07 -1.50893e-07 -8.25655e-07)
(7.03189e-07 -4.01437e-07 -7.68488e-07)
(6.98063e-07 -6.78507e-07 -6.60513e-07)
(7.07445e-07 -8.29194e-07 -5.81371e-07)
(5.81641e-07 9.62541e-07 -1.07032e-06)
(6.02207e-07 5.94555e-07 -1.00083e-06)
(6.00318e-07 3.65106e-07 -8.9707e-07)
(6.25816e-07 1.06865e-07 -8.41191e-07)
(6.50852e-07 -1.41117e-07 -7.86008e-07)
(6.75004e-07 -3.80041e-07 -7.30572e-07)
(6.70048e-07 -6.45248e-07 -6.24806e-07)
(6.78851e-07 -7.864e-07 -5.47008e-07)
(5.52995e-07 9.21474e-07 -1.02387e-06)
(5.73253e-07 5.68815e-07 -9.55505e-07)
(5.7177e-07 3.50776e-07 -8.54517e-07)
(5.97322e-07 1.04565e-07 -8.00511e-07)
(6.22476e-07 -1.31751e-07 -7.47218e-07)
(6.46673e-07 -3.59235e-07 -6.93498e-07)
(6.41952e-07 -6.12693e-07 -5.90053e-07)
(6.50254e-07 -7.44595e-07 -5.13727e-07)
(5.24394e-07 8.80762e-07 -9.78341e-07)
(5.44354e-07 5.43246e-07 -9.11152e-07)
(5.4328e-07 3.36411e-07 -8.12922e-07)
(5.68838e-07 1.02044e-07 -7.60734e-07)
(5.94065e-07 -1.22786e-07 -7.09287e-07)
(6.18276e-07 -3.39015e-07 -6.57266e-07)
(6.13849e-07 -5.80852e-07 -5.56247e-07)
(6.21722e-07 -7.03791e-07 -4.81515e-07)
(4.95917e-07 8.40449e-07 -9.33735e-07)
(5.15589e-07 5.17879e-07 -8.67765e-07)
(5.14923e-07 3.22037e-07 -7.72278e-07)
(5.40443e-07 9.93196e-08 -7.21861e-07)
(5.65695e-07 -1.14212e-07 -6.72215e-07)
(5.89886e-07 -3.19383e-07 -6.21877e-07)
(5.85806e-07 -5.49737e-07 -5.23381e-07)
(5.9332e-07 -6.63999e-07 -4.50353e-07)
(4.67642e-07 8.00577e-07 -8.90042e-07)
(4.87035e-07 4.92748e-07 -8.25338e-07)
(4.86775e-07 3.0768e-07 -7.3258e-07)
(5.12208e-07 9.64103e-08 -6.83888e-07)
(5.37439e-07 -1.0602e-07 -6.36002e-07)
(5.61577e-07 -3.00336e-07 -5.87333e-07)
(5.5789e-07 -5.19356e-07 -4.91448e-07)
(5.65106e-07 -6.25229e-07 -4.20229e-07)
(4.39644e-07 7.61188e-07 -8.47254e-07)
(4.58764e-07 4.67887e-07 -7.83863e-07)
(4.58904e-07 2.93366e-07 -6.93823e-07)
(4.84206e-07 9.33333e-08 -6.46816e-07)
(5.09367e-07 -9.82015e-08 -6.00652e-07)
(5.33417e-07 -2.81873e-07 -5.53636e-07)
(5.30163e-07 -4.89719e-07 -4.60445e-07)
(5.37139e-07 -5.87493e-07 -3.91128e-07)
(4.11995e-07 7.22326e-07 -8.05368e-07)
(4.30845e-07 4.43326e-07 -7.43335e-07)
(4.31379e-07 2.7912e-07 -6.56006e-07)
(4.56503e-07 9.01061e-08 -6.10644e-07)
(4.81547e-07 -9.07466e-08 -5.66168e-07)
(5.05472e-07 -2.63992e-07 -5.2079e-07)
(5.02685e-07 -4.60836e-07 -4.30367e-07)
(5.09471e-07 -5.50799e-07 -3.63038e-07)
(3.8476e-07 6.84032e-07 -7.64379e-07)
(4.03345e-07 4.191e-07 -7.0375e-07)
(4.04262e-07 2.64967e-07 -6.19126e-07)
(4.29162e-07 8.67459e-08 -5.75376e-07)
(4.54042e-07 -8.36464e-08 -5.32552e-07)
(4.77804e-07 -2.46693e-07 -4.888e-07)
(4.75512e-07 -4.32717e-07 -4.01212e-07)
(4.82154e-07 -5.1516e-07 -3.35949e-07)
(3.58007e-07 6.46348e-07 -7.24287e-07)
(3.76325e-07 3.9524e-07 -6.65106e-07)
(3.77614e-07 2.50934e-07 -5.83182e-07)
(4.02246e-07 8.32701e-08 -5.41012e-07)
(4.26913e-07 -7.68919e-08 -4.99812e-07)
(4.50475e-07 -2.29973e-07 -4.57671e-07)
(4.48697e-07 -4.05372e-07 -3.72978e-07)
(4.55235e-07 -4.80584e-07 -3.09852e-07)
(3.31796e-07 6.09317e-07 -6.85092e-07)
(3.49845e-07 3.71779e-07 -6.27402e-07)
(3.51493e-07 2.37045e-07 -5.48176e-07)
(3.75811e-07 7.96955e-08 -5.07558e-07)
(4.00218e-07 -7.0474e-08 -4.67952e-07)
(4.2354e-07 -2.13831e-07 -4.27409e-07)
(4.22292e-07 -3.78809e-07 -3.45667e-07)
(4.28758e-07 -4.47081e-07 -2.84739e-07)
(3.06186e-07 5.7298e-07 -6.46795e-07)
(3.23962e-07 3.48747e-07 -5.9064e-07)
(3.25953e-07 2.23326e-07 -5.1411e-07)
(3.49912e-07 7.60392e-08 -4.75019e-07)
(3.74011e-07 -6.43841e-08 -4.3698e-07)
(3.97054e-07 -1.98266e-07 -3.98024e-07)
(3.96346e-07 -3.53038e-07 -3.19278e-07)
(4.02766e-07 -4.14662e-07 -2.60604e-07)
(2.81232e-07 5.37379e-07 -6.094e-07)
(2.9873e-07 3.26178e-07 -5.54821e-07)
(3.01044e-07 2.09801e-07 -4.80988e-07)
(3.24602e-07 7.23177e-08 -4.43401e-07)
(3.48346e-07 -5.86135e-08 -4.06906e-07)
(3.71069e-07 -1.83277e-07 -3.69523e-07)
(3.70902e-07 -3.2807e-07 -2.93816e-07)
(3.77297e-07 -3.83338e-07 -2.37444e-07)
(2.56988e-07 5.02553e-07 -5.72913e-07)
(2.74198e-07 3.04101e-07 -5.1995e-07)
(2.76817e-07 1.96494e-07 -4.48815e-07)
(2.99929e-07 6.85476e-08 -4.12712e-07)
(3.23272e-07 -5.31539e-08 -3.7774e-07)
(3.45634e-07 -1.68863e-07 -3.41919e-07)
(3.46005e-07 -3.03914e-07 -2.69286e-07)
(3.5239e-07 -3.53119e-07 -2.15257e-07)
(2.33503e-07 4.68546e-07 -5.3734e-07)
(2.50416e-07 2.82549e-07 -4.86033e-07)
(2.53316e-07 1.83429e-07 -4.17599e-07)
(2.75939e-07 6.47449e-08 -3.82962e-07)
(2.98835e-07 -4.79971e-08 -3.49492e-07)
(3.20795e-07 -1.55023e-07 -3.15224e-07)
(3.21695e-07 -2.8058e-07 -2.45694e-07)
(3.28078e-07 -3.24015e-07 -1.94043e-07)
(2.10824e-07 4.35395e-07 -5.0269e-07)
(2.27427e-07 2.61551e-07 -4.53078e-07)
(2.30585e-07 1.70632e-07 -3.87348e-07)
(2.52677e-07 6.09257e-08 -3.54162e-07)
(2.75079e-07 -4.31352e-08 -3.22176e-07)
(2.96596e-07 -1.41757e-07 -2.8945e-07)
(2.98011e-07 -2.58078e-07 -2.23048e-07)
(3.04395e-07 -2.9604e-07 -1.73805e-07)
(1.88997e-07 4.03143e-07 -4.68974e-07)
(2.05275e-07 2.4114e-07 -4.21093e-07)
(2.08664e-07 1.58124e-07 -3.58072e-07)
(2.30183e-07 5.71055e-08 -3.26324e-07)
(2.52046e-07 -3.85605e-08 -2.95806e-07)
(2.73078e-07 -1.29065e-07 -2.64613e-07)
(2.74988e-07 -2.3642e-07 -2.01359e-07)
(2.8137e-07 -2.69205e-07 -1.54546e-07)
(1.68063e-07 3.71828e-07 -4.36205e-07)
(1.83999e-07 2.21344e-07 -3.9009e-07)
(1.87592e-07 1.45929e-07 -3.29783e-07)
(2.08497e-07 5.32997e-08 -2.99462e-07)
(2.29775e-07 -3.42657e-08 -2.70397e-07)
(2.5028e-07 -1.16947e-07 -2.40729e-07)
(2.5266e-07 -2.15614e-07 -1.80637e-07)
(2.59033e-07 -2.43522e-07 -1.36273e-07)
(1.4806e-07 3.4149e-07 -4.04395e-07)
(1.63636e-07 2.02195e-07 -3.60082e-07)
(1.67403e-07 1.34071e-07 -3.02494e-07)
(1.87653e-07 4.95231e-08 -2.73592e-07)
(2.08303e-07 -3.0244e-08 -2.45967e-07)
(2.28238e-07 -1.05403e-07 -2.17815e-07)
(2.31059e-07 -1.95674e-07 -1.60896e-07)
(2.37409e-07 -2.19004e-07 -1.18993e-07)
(1.29027e-07 3.12167e-07 -3.73561e-07)
(1.44222e-07 1.83721e-07 -3.31082e-07)
(1.48132e-07 1.22571e-07 -2.7622e-07)
(1.67686e-07 4.57904e-08 -2.48729e-07)
(1.87663e-07 -2.64888e-08 -2.22535e-07)
(2.06987e-07 -9.44349e-08 -1.95892e-07)
(2.10214e-07 -1.76609e-07 -1.42151e-07)
(2.16522e-07 -1.95664e-07 -1.02717e-07)
(1.10998e-07 2.83898e-07 -3.4372e-07)
(1.25789e-07 1.65953e-07 -3.03107e-07)
(1.29809e-07 1.11452e-07 -2.50978e-07)
(1.48627e-07 4.21158e-08 -2.24893e-07)
(1.67888e-07 -2.29938e-08 -2.0012e-07)
(1.86557e-07 -8.40433e-08 -1.7498e-07)
(1.90153e-07 -1.58431e-07 -1.24418e-07)
(1.96396e-07 -1.73518e-07 -8.7456e-08)
(9.40046e-08 2.56721e-07 -3.1489e-07)
(1.08369e-07 1.48918e-07 -2.76173e-07)
(1.12463e-07 1.00736e-07 -2.26785e-07)
(1.30506e-07 3.85131e-08 -2.02102e-07)
(1.49007e-07 -1.97534e-08 -1.78743e-07)
(1.66979e-07 -7.42304e-08 -1.55101e-07)
(1.70901e-07 -1.41152e-07 -1.07716e-07)
(1.77051e-07 -1.52579e-07 -7.32262e-08)
(7.80782e-08 2.30673e-07 -2.8709e-07)
(9.19885e-08 1.32647e-07 -2.503e-07)
(9.61218e-08 9.04443e-08 -2.03661e-07)
(1.1335e-07 3.49956e-08 -1.80379e-07)
(1.31048e-07 -1.67621e-08 -1.58427e-07)
(1.4828e-07 -6.49984e-08 -1.36279e-07)
(1.52482e-07 -1.24785e-07 -9.20668e-08)
(1.58506e-07 -1.32865e-07 -6.00438e-08)
(6.32472e-08 2.05792e-07 -2.60343e-07)
(7.66763e-08 1.17167e-07 -2.25507e-07)
(8.0811e-08 8.05969e-08 -1.81627e-07)
(9.71858e-08 3.15763e-08 -1.59746e-07)
(1.14038e-07 -1.40152e-08 -1.39198e-07)
(1.30486e-07 -5.63502e-08 -1.18539e-07)
(1.34917e-07 -1.09341e-07 -7.74918e-08)
(1.4078e-07 -1.14392e-07 -4.79275e-08)
(4.95388e-08 1.82112e-07 -2.34669e-07)
(6.24577e-08 1.02505e-07 -2.01815e-07)
(6.65552e-08 7.12148e-08 -1.60704e-07)
(8.20375e-08 2.82676e-08 -1.40227e-07)
(9.80003e-08 -1.15081e-08 -1.21082e-07)
(1.1362e-07 -4.8289e-08 -1.0191e-07)
(1.18228e-07 -9.48346e-08 -6.40158e-08)
(1.23887e-07 -9.71754e-08 -3.68988e-08)
(3.69797e-08 1.59669e-07 -2.10094e-07)
(4.93573e-08 8.86895e-08 -1.79247e-07)
(5.33779e-08 6.23177e-08 -1.40917e-07)
(6.79289e-08 2.50817e-08 -1.21849e-07)
(8.29591e-08 -9.23698e-09 -1.04106e-07)
(9.77058e-08 -4.08186e-08 -8.64202e-08)
(1.02431e-07 -8.12778e-08 -5.16662e-08)
(1.0784e-07 -8.12347e-08 -2.69818e-08)
(2.55961e-08 1.38496e-07 -1.8664e-07)
(3.73995e-08 7.57466e-08 -1.57826e-07)
(4.13022e-08 5.3925e-08 -1.22292e-07)
(5.48832e-08 2.203e-08 -1.0464e-07)
(6.89369e-08 -7.198e-09 -8.83018e-08)
(8.27637e-08 -3.39429e-08 -7.21019e-08)
(8.75447e-08 -6.8684e-08 -4.04731e-08)
(9.26521e-08 -6.65882e-08 -1.82041e-08)
(1.5415e-08 1.18626e-07 -1.64336e-07)
(2.66077e-08 6.37018e-08 -1.37578e-07)
(3.03507e-08 4.60553e-08 -1.04853e-07)
(4.29231e-08 1.91239e-08 -8.86294e-08)
(5.59562e-08 -5.38772e-09 -7.37016e-08)
(6.88149e-08 -2.76663e-08 -5.89895e-08)
(7.35852e-08 -5.70659e-08 -3.047e-08)
(7.83329e-08 -5.3255e-08 -1.05975e-08)
(6.46429e-09 1.00086e-07 -1.43211e-07)
(1.70053e-08 5.25799e-08 -1.1853e-07)
(2.05451e-08 3.8727e-08 -8.8632e-08)
(3.20714e-08 1.63746e-08 -7.38487e-08)
(4.40403e-08 -3.80256e-09 -6.03396e-08)
(5.58816e-08 -2.19928e-08 -4.71191e-08)
(6.05709e-08 -4.64359e-08 -2.16935e-08)
(6.48936e-08 -4.1256e-08 -4.19849e-09)
(-1.22632e-09 8.29041e-08 -1.23301e-07)
(8.61336e-09 4.24044e-08 -1.00714e-07)
(1.19048e-08 3.19577e-08 -7.36591e-08)
(2.23497e-08 1.37933e-08 -6.03309e-08)
(3.32133e-08 -2.43829e-09 -4.825e-08)
(4.39892e-08 -1.6926e-08 -3.65268e-08)
(4.85249e-08 -3.6805e-08 -1.4183e-08)
(5.23488e-08 -3.06139e-08 9.51081e-10)
(-7.62565e-09 6.71007e-08 -1.04654e-07)
(1.44777e-09 3.31972e-08 -8.41699e-08)
(4.44165e-09 2.57642e-08 -5.99707e-08)
(1.37744e-08 1.13919e-08 -4.81083e-08)
(2.35006e-08 -1.28872e-09 -3.7463e-08)
(3.31702e-08 -1.24669e-08 -2.72446e-08)
(3.74809e-08 -2.8182e-08 -7.97845e-09)
(4.07221e-08 -2.13546e-08 4.80328e-09)
(-1.27033e-08 5.2692e-08 -8.73418e-08)
(-4.48968e-09 2.49787e-08 -6.89544e-08)
(-1.85162e-09 2.01623e-08 -4.76111e-08)
(6.3477e-09 9.18433e-09 -3.72093e-08)
(1.49267e-08 -3.42663e-10 -2.7995e-08)
(2.34718e-08 -8.61091e-09 -1.92901e-08)
(2.74951e-08 -2.05713e-08 -3.11497e-09)
(3.00576e-08 -1.35106e-08 7.3034e-09)
(-1.64385e-08 3.96893e-08 -7.14836e-08)
(-9.22628e-09 1.77661e-08 -5.51594e-08)
(-7.02477e-09 1.51632e-08 -3.66408e-08)
(3.82248e-11 7.18623e-09 -2.76491e-08)
(7.51329e-09 4.2031e-10 -1.98249e-08)
(1.49742e-08 -5.34135e-09 -1.26412e-08)
(1.86744e-08 -1.39705e-08 3.89714e-10)
(2.04446e-08 -7.13017e-09 8.38974e-09)
(-1.88594e-08 2.81021e-08 -5.72894e-08)
(-1.2859e-08 1.15603e-08 -4.29484e-08)
(-1.1236e-08 1.07558e-08 -2.71633e-08)
(-5.28299e-09 5.40575e-09 -1.94179e-08)
(1.25028e-09 1.03078e-09 -1.28506e-08)
(7.81339e-09 -2.62145e-09 -7.18927e-09)
(1.12345e-08 -8.3706e-09 2.56281e-09)
(1.20728e-08 -2.30034e-09 7.99359e-09)
(-2.01685e-08 1.79491e-08 -4.51291e-08)
(-1.57012e-08 6.36695e-09 -3.2675e-08)
(-1.49599e-08 6.96203e-09 -1.94338e-08)
(-1.006e-08 3.93397e-09 -1.2501e-08)
(-4.05806e-09 1.6319e-09 -6.83568e-09)
(2.14163e-09 -3.0701e-10 -2.65718e-09)
(5.57409e-09 -3.72128e-09 3.53417e-09)
(5.33644e-09 8.42543e-10 6.02681e-09)
(-2.0867e-08 9.42177e-09 -3.55489e-08)
(-1.83094e-08 2.36447e-09 -2.50225e-08)
(-1.88647e-08 4.08116e-09 -1.37834e-08)
(-1.48808e-08 3.29652e-09 -6.58501e-09)
(-8.63342e-09 2.85272e-09 -1.03647e-09)
(-1.74013e-09 2.15229e-09 1.72893e-09)
(2.42666e-09 2.0288e-10 3.71249e-09)
(1.0677e-09 2.0716e-09 2.37848e-09)
(-2.10364e-08 1.59847e-09 -2.87473e-08)
(-2.02201e-08 -2.12157e-09 -1.98668e-08)
(-2.14624e-08 -5.82765e-10 -8.71643e-09)
(-1.76591e-08 4.76478e-10 8.36088e-10)
(-1.03267e-08 2.23954e-09 7.12831e-09)
(-2.01289e-09 3.49045e-09 7.78432e-09)
(3.18166e-09 3.29379e-09 3.75157e-09)
(8.13211e-10 1.18701e-09 -2.95843e-09)
(-2.07642e-08 -4.53767e-09 -2.42357e-08)
(-2.13914e-08 -7.25762e-09 -1.41328e-08)
(-2.17616e-08 -4.96534e-09 2.33273e-10)
(-1.70223e-08 -1.6765e-10 1.29182e-08)
(-8.22842e-09 5.58271e-09 1.82959e-08)
(1.31656e-09 9.61553e-09 1.38027e-08)
(6.98731e-09 9.93723e-09 1.58963e-09)
(4.36097e-09 1.07039e-09 -9.65019e-09)
)
;
        value           nonuniform List<vector> 
640
(
(5.54312e-10 4.96911e-10 2.45118e-10)
(3.81075e-10 4.30154e-10 1.57435e-11)
(2.09787e-10 2.43185e-10 -1.48373e-10)
(-6.13773e-12 -7.91028e-12 -2.40454e-10)
(-2.57292e-10 -2.86217e-10 -2.68888e-10)
(-5.30753e-10 -5.58424e-10 -2.25166e-10)
(-8.18939e-10 -7.91238e-10 -9.98815e-11)
(-1.2012e-09 -1.02646e-09 1.85793e-10)
(1.03821e-09 7.35131e-10 5.90649e-10)
(6.49745e-10 5.06205e-10 2.53878e-10)
(3.26892e-10 2.48099e-10 8.27906e-12)
(3.07215e-11 -6.60871e-11 -1.51096e-10)
(-2.63166e-10 -3.96733e-10 -2.06092e-10)
(-5.78347e-10 -7.18149e-10 -1.52226e-10)
(-9.40259e-10 -1.01349e-09 3.62801e-12)
(-1.34989e-09 -1.33484e-09 3.10388e-10)
(1.59547e-09 8.49475e-10 1.03932e-09)
(1.05474e-09 5.256e-10 6.86802e-10)
(5.59075e-10 2.17872e-10 4.24741e-10)
(9.87448e-11 -1.16225e-10 2.41448e-10)
(-3.53733e-10 -4.57548e-10 1.62658e-10)
(-8.26394e-10 -7.96218e-10 1.9138e-10)
(-1.34195e-09 -1.13036e-09 3.24588e-10)
(-1.87229e-09 -1.47708e-09 5.69986e-10)
(2.16334e-09 9.23279e-10 1.6925e-09)
(1.4719e-09 5.48098e-10 1.33057e-09)
(8.06003e-10 2.02848e-10 1.05567e-09)
(1.65652e-10 -1.4813e-10 8.54852e-10)
(-4.70396e-10 -4.96677e-10 7.52277e-10)
(-1.12428e-09 -8.42186e-10 7.52e-10)
(-1.81165e-09 -1.18805e-09 8.58072e-10)
(-2.51969e-09 -1.5353e-09 1.0714e-09)
(2.71575e-09 9.65845e-10 2.55912e-09)
(1.86412e-09 5.63806e-10 2.18269e-09)
(1.02999e-09 1.96866e-10 1.89354e-09)
(2.12618e-10 -1.64474e-10 1.67547e-09)
(-6.04459e-10 -5.16313e-10 1.55044e-09)
(-1.43867e-09 -8.6214e-10 1.52399e-09)
(-2.30393e-09 -1.20665e-09 1.60403e-09)
(-3.20401e-09 -1.54967e-09 1.79361e-09)
(3.24176e-09 9.89821e-10 3.63515e-09)
(2.22514e-09 5.74351e-10 3.23934e-09)
(1.2227e-09 1.9663e-10 2.93293e-09)
(2.30952e-10 -1.69697e-10 2.69583e-09)
(-7.64468e-10 -5.21592e-10 2.54826e-09)
(-1.77877e-09 -8.6406e-10 2.49646e-09)
(-2.82663e-09 -1.2026e-09 2.55007e-09)
(-3.91959e-09 -1.53839e-09 2.71269e-09)
(3.73336e-09 1.00203e-09 4.91569e-09)
(2.55009e-09 5.81212e-10 4.49625e-09)
(1.37926e-09 1.99719e-10 4.16868e-09)
(2.149e-10 -1.67474e-10 3.90952e-09)
(-9.57046e-10 -5.17045e-10 3.73756e-09)
(-2.15104e-09 -8.5448e-10 3.65882e-09)
(-3.38276e-09 -1.18598e-09 3.68357e-09)
(-4.6665e-09 -1.51331e-09 3.81393e-09)
(4.18398e-09 1.00655e-09 6.39537e-09)
(2.83402e-09 5.85388e-10 5.9485e-09)
(1.49531e-09 2.04549e-10 5.59572e-09)
(1.59977e-10 -1.60601e-10 5.31089e-09)
(-1.18659e-09 -5.06273e-10 5.1115e-09)
(-2.55874e-09 -8.38062e-10 5.00284e-09)
(-3.97281e-09 -1.16267e-09 4.99507e-09)
(-5.44369e-09 -1.48169e-09 5.08804e-09)
(4.58808e-09 1.0059e-09 8.0687e-09)
(3.07244e-09 5.87575e-10 7.5909e-09)
(1.56703e-09 2.10151e-10 7.20897e-09)
(6.25809e-11 -1.51057e-10 6.89468e-09)
(-1.45631e-09 -4.91906e-10 6.66428e-09)
(-3.00411e-09 -8.17954e-10 6.52207e-09)
(-4.59748e-09 -1.13616e-09 6.47776e-09)
(-6.25091e-09 -1.44748e-09 6.52879e-09)
(4.9409e-09 1.00168e-09 9.93016e-09)
(3.26135e-09 5.88233e-10 9.41818e-09)
(1.591e-09 2.15925e-10 9.00341e-09)
(-8.03221e-11 -1.4017e-10 8.65589e-09)
(-1.76882e-09 -4.75701e-10 8.39078e-09)
(-3.48911e-09 -7.96102e-10 8.21131e-09)
(-5.25793e-09 -1.1084e-09 8.12656e-09)
(-7.08898e-09 -1.41263e-09 8.13167e-09)
(5.23835e-09 9.94904e-10 1.19743e-08)
(3.39721e-09 5.87654e-10 1.14251e-08)
(1.56417e-09 2.21494e-10 1.09741e-08)
(-2.71398e-10 -1.28791e-10 1.05898e-08)
(-2.12642e-09 -4.58746e-10 1.02864e-08)
(-4.0156e-09 -7.73631e-10 1.00661e-08)
(-5.95568e-09 -1.0804e-09 9.93732e-09)
(-7.95943e-09 -1.37798e-09 9.89304e-09)
(5.4769e-09 9.86252e-10 1.41957e-08)
(3.47687e-09 5.8603e-10 1.36066e-08)
(1.48383e-09 2.26633e-10 1.31161e-08)
(-5.13049e-10 -1.17435e-10 1.26918e-08)
(-2.53124e-09 -4.41678e-10 1.23469e-08)
(-4.58549e-09 -7.51141e-10 1.20825e-08)
(-6.69251e-09 -1.05261e-09 1.19064e-08)
(-8.86416e-09 -1.34382e-09 1.18098e-08)
(5.6535e-09 9.76161e-10 1.65891e-08)
(3.49758e-09 5.83491e-10 1.59575e-08)
(1.34752e-09 2.31219e-10 1.54248e-08)
(-8.07459e-10 -1.06391e-10 1.49576e-08)
(-2.98526e-09 -4.2484e-10 1.45681e-08)
(-5.20064e-09 -7.28926e-10 1.42567e-08)
(-7.47028e-09 -1.02521e-09 1.40305e-08)
(-9.80518e-09 -1.31021e-09 1.38788e-08)
(5.76555e-09 9.64931e-10 1.91493e-08)
(3.45694e-09 5.80139e-10 1.8473e-08)
(1.15308e-09 2.352e-10 1.78955e-08)
(-1.15662e-09 -9.58087e-11 1.73827e-08)
(-3.49036e-09 -4.08399e-10 1.69461e-08)
(-5.86287e-09 -7.07105e-10 1.6585e-08)
(-8.29083e-09 -9.98242e-10 1.63064e-08)
(-1.07845e-08 -1.27707e-09 1.60973e-08)
(5.81081e-09 9.5277e-10 2.18711e-08)
(3.35286e-09 5.76051e-10 2.11481e-08)
(8.98558e-10 2.38566e-10 2.05236e-08)
(-1.56233e-09 -8.57474e-11 1.9963e-08)
(-4.04826e-09 -3.92418e-10 1.94769e-08)
(-6.57388e-09 -6.85706e-10 1.9064e-08)
(-9.15591e-09 -9.71665e-10 1.87306e-08)
(-1.18039e-08 -1.24432e-09 1.84622e-08)
(5.78739e-09 9.39824e-10 2.47496e-08)
(3.18353e-09 5.71294e-10 2.39781e-08)
(5.82277e-10 2.4133e-10 2.33048e-08)
(-2.0262e-09 -7.62207e-11 2.26943e-08)
(-4.66051e-09 -3.76909e-10 2.21567e-08)
(-7.33524e-09 -6.64717e-10 2.169e-08)
(-1.00671e-08 -9.4544e-10 2.13e-08)
(-1.2865e-08 -1.2119e-09 2.09706e-08)
(5.69369e-09 9.26202e-10 2.77798e-08)
(2.94741e-09 5.65923e-10 2.69582e-08)
(2.02773e-10 2.43517e-10 2.62344e-08)
(-2.54963e-09 -6.72175e-11 2.55724e-08)
(-5.3285e-09 -3.61858e-10 2.49817e-08)
(-8.14835e-09 -6.44112e-10 2.44594e-08)
(-1.1026e-08 -9.19521e-10 2.40112e-08)
(-1.39695e-08 -1.17973e-09 2.36193e-08)
(5.5284e-09 9.11984e-10 3.09569e-08)
(2.64325e-09 5.59985e-10 3.0084e-08)
(-2.41184e-10 2.45158e-10 2.93082e-08)
(-3.13382e-09 -5.87163e-11 2.85932e-08)
(-6.05341e-09 -3.47243e-10 2.79478e-08)
(-9.0144e-09 -6.23864e-10 2.73687e-08)
(-1.20336e-08 -8.93876e-10 2.6861e-08)
(-1.51186e-08 -1.1478e-09 2.64053e-08)
(5.29046e-09 8.97231e-10 3.4276e-08)
(2.26999e-09 5.53521e-10 3.33507e-08)
(-7.50604e-10 2.46283e-10 3.25218e-08)
(-3.77976e-09 -5.06932e-11 3.17527e-08)
(-6.83626e-09 -3.33043e-10 3.10514e-08)
(-9.93443e-09 -6.03951e-10 3.04142e-08)
(-1.30911e-08 -8.68483e-10 2.98458e-08)
(-1.63133e-08 -1.11607e-09 2.93255e-08)
(4.97906e-09 8.81992e-10 3.77325e-08)
(1.82684e-09 5.46565e-10 3.6754e-08)
(-1.32628e-09 2.46919e-10 3.58709e-08)
(-4.48825e-09 -4.31256e-11 3.50466e-08)
(-7.67783e-09 -3.19238e-10 3.42885e-08)
(-1.09092e-08 -5.84356e-10 3.35923e-08)
(-1.41994e-08 -8.4333e-10 3.29624e-08)
(-1.75546e-08 -1.08454e-09 3.23767e-08)
(4.59363e-09 8.66307e-10 4.13217e-08)
(1.31322e-09 5.3915e-10 4.02893e-08)
(-1.9688e-09 2.47091e-10 3.93514e-08)
(-5.25987e-09 -3.59938e-11 3.84711e-08)
(-8.57874e-09 -3.05814e-10 3.76554e-08)
(-1.19395e-08 -5.65071e-10 3.68994e-08)
(-1.53591e-08 -8.18414e-10 3.62073e-08)
(-1.88432e-08 -1.05323e-09 3.55556e-08)
(4.1338e-09 8.50209e-10 4.50391e-08)
(7.28745e-10 5.31301e-10 4.39522e-08)
(-2.67854e-09 2.46821e-10 4.2959e-08)
(-6.09503e-09 -2.92811e-11 4.20222e-08)
(-9.53942e-09 -2.92759e-10 4.11483e-08)
(-1.30257e-08 -5.46092e-10 4.0332e-08)
(-1.65707e-08 -7.93738e-10 3.95772e-08)
(-2.01796e-08 -1.02214e-09 3.88592e-08)
(3.5994e-09 8.33728e-10 4.88802e-08)
(7.32399e-11 5.23042e-10 4.77386e-08)
(-3.45572e-09 2.46128e-10 4.66895e-08)
(-6.99395e-09 -2.29733e-11 4.56958e-08)
(-1.05601e-08 -2.80065e-10 4.47633e-08)
(-1.4168e-08 -5.27417e-10 4.38864e-08)
(-1.78345e-08 -7.69308e-10 4.30686e-08)
(-2.15642e-08 -9.91286e-10 4.22841e-08)
(2.99046e-09 8.16891e-10 5.28406e-08)
(-6.53288e-10 5.14397e-10 5.1644e-08)
(-4.30033e-09 2.45031e-10 5.0539e-08)
(-7.95667e-09 -1.70583e-11 4.94881e-08)
(-1.16409e-08 -2.67728e-10 4.84969e-08)
(-1.53666e-08 -5.09048e-10 4.75591e-08)
(-1.91507e-08 -7.45133e-10 4.66782e-08)
(-2.29972e-08 -9.60693e-10 4.58273e-08)
(2.3072e-09 7.99722e-10 5.69158e-08)
(-1.45065e-09 5.05386e-10 5.56644e-08)
(-5.21222e-09 2.43545e-10 5.45033e-08)
(-8.98306e-09 -1.15256e-11 5.33952e-08)
(-1.27816e-08 -2.55742e-10 5.23452e-08)
(-1.66214e-08 -4.90989e-10 5.13466e-08)
(-2.05192e-08 -7.21225e-10 5.04026e-08)
(-2.44786e-08 -9.30377e-10 4.94854e-08)
(1.55e-09 7.82246e-10 6.11018e-08)
(-2.31851e-09 4.96029e-10 5.97956e-08)
(-6.19108e-09 2.41687e-10 5.85786e-08)
(-1.00728e-08 -6.36547e-12 5.74134e-08)
(-1.39821e-08 -2.44105e-10 5.63046e-08)
(-1.79322e-08 -4.73244e-10 5.52453e-08)
(-2.194e-08 -6.97592e-10 5.42384e-08)
(-2.60083e-08 -9.00356e-10 5.32553e-08)
(7.19376e-10 7.64486e-10 6.53941e-08)
(-3.25636e-09 4.86347e-10 6.40335e-08)
(-7.23644e-09 2.39471e-10 6.27608e-08)
(-1.12256e-08 -1.56864e-12 6.15388e-08)
(-1.52419e-08 -2.32815e-10 6.03716e-08)
(-1.92987e-08 -4.55816e-10 5.92519e-08)
(-2.34127e-08 -6.74248e-10 5.81825e-08)
(-2.75862e-08 -8.70649e-10 5.71339e-08)
(-1.83971e-10 7.46465e-10 6.97889e-08)
(-4.26354e-09 4.76358e-10 6.83743e-08)
(-8.34768e-09 2.36911e-10 6.70463e-08)
(-1.24407e-08 2.87387e-12 6.57678e-08)
(-1.65606e-08 -2.21867e-10 6.45425e-08)
(-2.07204e-08 -4.3871e-10 6.33629e-08)
(-2.49369e-08 -6.51201e-10 6.22314e-08)
(-2.92117e-08 -8.41271e-10 6.1118e-08)
(-1.15922e-09 7.28205e-10 7.42819e-08)
(-5.33927e-09 4.66081e-10 7.28139e-08)
(-9.52405e-09 2.34023e-10 7.14311e-08)
(-1.37175e-08 6.97107e-12 7.00967e-08)
(-1.79374e-08 -2.11261e-10 6.88139e-08)
(-2.21967e-08 -4.2193e-10 6.75748e-08)
(-2.6512e-08 -6.28461e-10 6.63819e-08)
(-3.08846e-08 -8.12239e-10 6.52044e-08)
(-2.20543e-09 7.09729e-10 7.88694e-08)
(-6.48265e-09 4.55537e-10 7.73486e-08)
(-1.07647e-08 2.30821e-10 7.59117e-08)
(-1.50551e-08 1.07321e-11 7.45219e-08)
(-1.93717e-08 -2.00992e-10 7.31822e-08)
(-2.37269e-08 -4.05479e-10 7.18845e-08)
(-2.81374e-08 -6.06039e-10 7.06309e-08)
(-3.26041e-08 -7.83568e-10 6.93901e-08)
(-3.32153e-09 6.9106e-10 8.35474e-08)
(-7.69265e-09 4.44743e-10 8.19746e-08)
(-1.20686e-08 2.2732e-10 8.04843e-08)
(-1.64527e-08 1.41663e-11 7.90399e-08)
(-2.08624e-08 -1.91058e-10 7.76441e-08)
(-2.53101e-08 -3.8936e-10 7.62885e-08)
(-2.98123e-08 -5.83942e-10 7.4975e-08)
(-3.43695e-08 -7.55272e-10 7.3672e-08)
(-4.50634e-09 6.7222e-10 8.83122e-08)
(-8.96812e-09 4.3372e-10 8.66883e-08)
(-1.34348e-08 2.23534e-10 8.51454e-08)
(-1.79092e-08 1.72833e-11 8.36473e-08)
(-2.24086e-08 -1.81455e-10 8.21962e-08)
(-2.69454e-08 -3.73575e-10 8.07836e-08)
(-3.15359e-08 -5.62178e-10 7.94112e-08)
(-3.61801e-08 -7.27364e-10 7.80471e-08)
(-5.75858e-09 6.53232e-10 9.316e-08)
(-1.03078e-08 4.22486e-10 9.1486e-08)
(-1.48619e-08 2.19479e-10 8.98915e-08)
(-1.94234e-08 2.00929e-11 8.83406e-08)
(-2.40093e-08 -1.72178e-10 8.68352e-08)
(-2.86319e-08 -3.58127e-10 8.53665e-08)
(-3.33071e-08 -5.40756e-10 8.39363e-08)
(-3.80349e-08 -6.99856e-10 8.25122e-08)
(-7.07689e-09 6.34119e-10 9.80872e-08)
(-1.17105e-08 4.11061e-10 9.63642e-08)
(-1.63488e-08 2.1517e-10 9.47192e-08)
(-2.09941e-08 2.26051e-11 9.31164e-08)
(-2.56633e-08 -1.63224e-10 9.15577e-08)
(-3.03683e-08 -3.43016e-10 9.00342e-08)
(-3.5125e-08 -5.19681e-10 8.85473e-08)
(-3.99331e-08 -6.7276e-10 8.70644e-08)
(-8.45981e-09 6.14903e-10 1.0309e-07)
(-1.31747e-08 3.99464e-10 1.01319e-07)
(-1.78941e-08 2.10622e-10 9.9625e-08)
(-2.262e-08 2.48304e-11 9.79716e-08)
(-2.73693e-08 -1.54587e-10 9.63608e-08)
(-3.21535e-08 -3.28243e-10 9.47835e-08)
(-3.69884e-08 -4.9896e-10 9.32411e-08)
(-4.18734e-08 -6.46086e-10 9.17008e-08)
(-9.90582e-09 5.95607e-10 1.08166e-07)
(-1.46989e-08 3.87714e-10 1.06348e-07)
(-1.94963e-08 2.0585e-10 1.04606e-07)
(-2.42998e-08 2.6779e-11 1.02903e-07)
(-2.9126e-08 -1.46262e-10 1.01241e-07)
(-3.39862e-08 -3.1381e-10 9.96113e-08)
(-3.88962e-08 -4.78599e-10 9.80146e-08)
(-4.38549e-08 -6.19844e-10 9.64183e-08)
(-1.14133e-08 5.76254e-10 1.13311e-07)
(-1.62816e-08 3.75831e-10 1.11448e-07)
(-2.1154e-08 2.0087e-10 1.09658e-07)
(-2.6032e-08 2.84618e-11 1.07907e-07)
(-3.0932e-08 -1.38244e-10 1.06196e-07)
(-3.58651e-08 -2.99716e-10 1.04515e-07)
(-4.0847e-08 -4.58604e-10 1.02865e-07)
(-4.58762e-08 -5.94043e-10 1.01214e-07)
(-1.29807e-08 5.56866e-10 1.18522e-07)
(-1.79212e-08 3.63835e-10 1.16615e-07)
(-2.28656e-08 1.95697e-10 1.14779e-07)
(-2.78151e-08 2.98895e-11 1.12981e-07)
(-3.27859e-08 -1.30528e-10 1.11221e-07)
(-3.77889e-08 -2.8596e-10 1.0949e-07)
(-4.28395e-08 -4.38979e-10 1.07789e-07)
(-4.79362e-08 -5.68693e-10 1.06086e-07)
(-1.46062e-08 5.37466e-10 1.23795e-07)
(-1.96161e-08 3.51743e-10 1.21845e-07)
(-2.46295e-08 1.90346e-10 1.19965e-07)
(-2.96476e-08 3.1073e-11 1.18122e-07)
(-3.46862e-08 -1.23108e-10 1.16315e-07)
(-3.97561e-08 -2.72544e-10 1.14536e-07)
(-4.48724e-08 -4.19729e-10 1.12785e-07)
(-5.00336e-08 -5.43801e-10 1.11029e-07)
(-1.6288e-08 5.18076e-10 1.29128e-07)
(-2.13644e-08 3.39576e-10 1.27137e-07)
(-2.6444e-08 1.84834e-10 1.25214e-07)
(-3.15278e-08 3.20234e-11 1.23326e-07)
(-3.66313e-08 -1.15978e-10 1.21474e-07)
(-4.17652e-08 -2.59465e-10 1.19648e-07)
(-4.69443e-08 -4.00859e-10 1.17848e-07)
(-5.2167e-08 -5.19374e-10 1.16043e-07)
(-1.80245e-08 4.9872e-10 1.34518e-07)
(-2.31646e-08 3.27353e-10 1.32487e-07)
(-2.83075e-08 1.79175e-10 1.30522e-07)
(-3.34542e-08 3.27517e-11 1.28592e-07)
(-3.86197e-08 -1.09131e-10 1.26695e-07)
(-4.38147e-08 -2.46724e-10 1.24824e-07)
(-4.90538e-08 -3.82373e-10 1.22977e-07)
(-5.43351e-08 -4.95422e-10 1.21124e-07)
(-1.98137e-08 4.79418e-10 1.39961e-07)
(-2.50148e-08 3.15093e-10 1.37891e-07)
(-3.02183e-08 1.73386e-10 1.35887e-07)
(-3.5425e-08 3.32691e-11 1.33915e-07)
(-4.06498e-08 -1.02562e-10 1.31976e-07)
(-4.59031e-08 -2.34318e-10 1.30061e-07)
(-5.11993e-08 -3.64274e-10 1.28169e-07)
(-5.65364e-08 -4.71949e-10 1.26269e-07)
(-2.16539e-08 4.60194e-10 1.45454e-07)
(-2.69132e-08 3.02814e-10 1.43348e-07)
(-3.21746e-08 1.67481e-10 1.41305e-07)
(-3.74386e-08 3.35869e-11 1.39294e-07)
(-4.272e-08 -9.62634e-11 1.37314e-07)
(-4.80288e-08 -2.22247e-10 1.35356e-07)
(-5.33793e-08 -3.46567e-10 1.33421e-07)
(-5.87695e-08 -4.48963e-10 1.31476e-07)
(-2.35431e-08 4.4107e-10 1.50996e-07)
(-2.8858e-08 2.90537e-10 1.48855e-07)
(-3.41745e-08 1.61477e-10 1.46775e-07)
(-3.94932e-08 3.37161e-11 1.44725e-07)
(-4.48285e-08 -9.02299e-11 1.42706e-07)
(-5.01903e-08 -2.10509e-10 1.40707e-07)
(-5.55924e-08 -3.29255e-10 1.3873e-07)
(-6.1033e-08 -4.26471e-10 1.36742e-07)
(-2.54794e-08 4.22068e-10 1.56583e-07)
(-3.08474e-08 2.78279e-10 1.54408e-07)
(-3.62165e-08 1.55388e-10 1.52293e-07)
(-4.15872e-08 3.36681e-11 1.50206e-07)
(-4.69738e-08 -8.44545e-11 1.48149e-07)
(-5.23858e-08 -1.99102e-10 1.46111e-07)
(-5.78369e-08 -3.12341e-10 1.44093e-07)
(-6.33253e-08 -4.04478e-10 1.42064e-07)
(-2.74611e-08 4.03211e-10 1.62213e-07)
(-3.28794e-08 2.6606e-10 1.60006e-07)
(-3.82985e-08 1.4923e-10 1.57856e-07)
(-4.37188e-08 3.34541e-11 1.55735e-07)
(-4.91541e-08 -7.89307e-11 1.53641e-07)
(-5.46138e-08 -1.88025e-10 1.51566e-07)
(-6.01114e-08 -2.95828e-10 1.49509e-07)
(-6.5645e-08 -3.8299e-10 1.47441e-07)
(-2.9486e-08 3.84521e-10 1.67882e-07)
(-3.49524e-08 2.53897e-10 1.65645e-07)
(-4.0419e-08 1.43018e-10 1.63463e-07)
(-4.58862e-08 3.30851e-11 1.61308e-07)
(-5.13678e-08 -7.36519e-11 1.59179e-07)
(-5.68727e-08 -1.77276e-10 1.57068e-07)
(-6.24143e-08 -2.7972e-10 1.54974e-07)
(-6.79906e-08 -3.62012e-10 1.52868e-07)
(-3.15525e-08 3.6602e-10 1.73589e-07)
(-3.70643e-08 2.41811e-10 1.71323e-07)
(-4.2576e-08 1.36767e-10 1.6911e-07)
(-4.80878e-08 3.25724e-11 1.66923e-07)
(-5.36131e-08 -6.86117e-11 1.64761e-07)
(-5.91609e-08 -1.66854e-10 1.62616e-07)
(-6.4744e-08 -2.6402e-10 1.60487e-07)
(-7.03606e-08 -3.41552e-10 1.58344e-07)
(-3.36584e-08 3.47729e-10 1.79332e-07)
(-3.92134e-08 2.29819e-10 1.77037e-07)
(-4.47677e-08 1.30493e-10 1.74795e-07)
(-5.03218e-08 3.19271e-11 1.72578e-07)
(-5.58885e-08 -6.38033e-11 1.70385e-07)
(-6.14767e-08 -1.56756e-10 1.68207e-07)
(-6.70989e-08 -2.4873e-10 1.66044e-07)
(-7.27535e-08 -3.21613e-10 1.63867e-07)
(-3.58021e-08 3.2967e-10 1.85106e-07)
(-4.13978e-08 2.1794e-10 1.82786e-07)
(-4.69925e-08 1.2421e-10 1.80517e-07)
(-5.25864e-08 3.116e-11 1.78271e-07)
(-5.81922e-08 -5.92202e-11 1.76048e-07)
(-6.38186e-08 -1.4698e-10 1.73839e-07)
(-6.94776e-08 -2.33853e-10 1.71643e-07)
(-7.51679e-08 -3.02202e-10 1.69434e-07)
(-3.79815e-08 3.11866e-10 1.90912e-07)
(-4.36157e-08 2.06192e-10 1.88568e-07)
(-4.92484e-08 1.17933e-10 1.86272e-07)
(-5.48799e-08 3.02823e-11 1.83998e-07)
(-6.05226e-08 -5.48561e-11 1.81747e-07)
(-6.61849e-08 -1.37525e-10 1.79509e-07)
(-7.18785e-08 -2.19394e-10 1.77283e-07)
(-7.76022e-08 -2.83324e-10 1.75043e-07)
(-4.01948e-08 2.94339e-10 1.96746e-07)
(-4.58653e-08 1.94593e-10 1.94379e-07)
(-5.15338e-08 1.11678e-10 1.92058e-07)
(-5.72007e-08 2.93046e-11 1.89759e-07)
(-6.28781e-08 -5.07044e-11 1.87481e-07)
(-6.8574e-08 -1.28389e-10 1.85214e-07)
(-7.43001e-08 -2.05353e-10 1.8296e-07)
(-8.00551e-08 -2.64985e-10 1.8069e-07)
(-4.24402e-08 2.77109e-10 2.02606e-07)
(-4.81448e-08 1.83161e-10 2.00217e-07)
(-5.38469e-08 1.05458e-10 1.97873e-07)
(-5.95471e-08 2.82376e-11 1.9555e-07)
(-6.5257e-08 -4.67587e-11 1.93246e-07)
(-7.09845e-08 -1.19569e-10 1.90954e-07)
(-7.67409e-08 -1.91735e-10 1.88672e-07)
(-8.2525e-08 -2.4719e-10 1.86375e-07)
(-4.47159e-08 2.60198e-10 2.0849e-07)
(-5.04523e-08 1.71915e-10 2.06081e-07)
(-5.6186e-08 9.92879e-11 2.03716e-07)
(-6.19174e-08 2.70921e-11 2.0137e-07)
(-6.76577e-08 -4.30129e-11 1.99042e-07)
(-7.34148e-08 -1.11065e-10 1.96725e-07)
(-7.91995e-08 -1.78542e-10 1.94418e-07)
(-8.50107e-08 -2.29944e-10 1.92095e-07)
(-4.702e-08 2.43627e-10 2.14396e-07)
(-5.27863e-08 1.6087e-10 2.11969e-07)
(-5.85495e-08 9.31825e-11 2.09584e-07)
(-6.43099e-08 2.58784e-11 2.07216e-07)
(-7.00787e-08 -3.94608e-11 2.04866e-07)
(-7.58634e-08 -1.02875e-10 2.02526e-07)
(-8.16743e-08 -1.65778e-10 2.00195e-07)
(-8.75107e-08 -2.13254e-10 1.97848e-07)
(-4.93508e-08 2.27418e-10 2.20322e-07)
(-5.51449e-08 1.50047e-10 2.17879e-07)
(-6.09356e-08 8.71556e-11 2.15474e-07)
(-6.67232e-08 2.46068e-11 2.13087e-07)
(-7.25185e-08 -3.60964e-11 2.10716e-07)
(-7.83288e-08 -9.49972e-11 2.08354e-07)
(-8.41641e-08 -1.53445e-10 2.06e-07)
(-9.00238e-08 -1.97125e-10 2.03631e-07)
(-5.17065e-08 2.11592e-10 2.26267e-07)
(-5.75266e-08 1.39461e-10 2.23808e-07)
(-6.33428e-08 8.12214e-11 2.21386e-07)
(-6.91557e-08 2.32875e-11 2.1898e-07)
(-7.49756e-08 -3.29138e-11 2.1659e-07)
(-8.08095e-08 -8.74299e-11 2.14208e-07)
(-8.66674e-08 -1.41548e-10 2.11833e-07)
(-9.25485e-08 -1.81563e-10 2.09442e-07)
(-5.40855e-08 1.9617e-10 2.32228e-07)
(-5.99296e-08 1.29129e-10 2.29755e-07)
(-6.57695e-08 7.53935e-11 2.27317e-07)
(-7.16057e-08 2.19304e-11 2.24894e-07)
(-7.74484e-08 -2.99072e-11 2.22486e-07)
(-8.33043e-08 -8.01722e-11 2.20085e-07)
(-8.91829e-08 -1.30089e-10 2.1769e-07)
(-9.50837e-08 -1.66576e-10 2.1528e-07)
(-5.64861e-08 1.81172e-10 2.38204e-07)
(-6.23523e-08 1.1907e-10 2.35718e-07)
(-6.82141e-08 6.96856e-11 2.33266e-07)
(-7.4072e-08 2.05453e-11 2.30827e-07)
(-7.99357e-08 -2.70712e-11 2.28402e-07)
(-8.58118e-08 -7.32227e-11 2.25984e-07)
(-9.17094e-08 -1.19072e-10 2.23571e-07)
(-9.76281e-08 -1.52168e-10 2.21143e-07)
(-5.89067e-08 1.66619e-10 2.44194e-07)
(-6.47932e-08 1.093e-10 2.41696e-07)
(-7.06751e-08 6.41111e-11 2.3923e-07)
(-7.65529e-08 1.91418e-11 2.36777e-07)
(-8.2436e-08 -2.44003e-11 2.34337e-07)
(-8.83306e-08 -6.65808e-11 2.31902e-07)
(-9.42455e-08 -1.085e-10 2.29473e-07)
(-1.00181e-07 -1.38347e-10 2.27028e-07)
(-6.13457e-08 1.52532e-10 2.50195e-07)
(-6.72508e-08 9.98354e-11 2.47687e-07)
(-7.31511e-08 5.86832e-11 2.45209e-07)
(-7.90472e-08 1.77292e-11 2.42743e-07)
(-8.49479e-08 -2.18894e-11 2.40288e-07)
(-9.08595e-08 -6.02455e-11 2.37839e-07)
(-9.67902e-08 -9.83788e-11 2.35394e-07)
(-1.0274e-07 -1.2512e-10 2.32934e-07)
(-6.38016e-08 1.3893e-10 2.56207e-07)
(-6.97236e-08 9.06927e-11 2.53689e-07)
(-7.56407e-08 5.34148e-11 2.512e-07)
(-8.15534e-08 1.63166e-11 2.48722e-07)
(-8.74703e-08 -1.95336e-11 2.46254e-07)
(-9.33973e-08 -5.42164e-11 2.43792e-07)
(-9.93422e-08 -8.87108e-11 2.41332e-07)
(-1.05305e-07 -1.12494e-10 2.38858e-07)
(-6.62728e-08 1.25833e-10 2.62227e-07)
(-7.22102e-08 8.18884e-11 2.59701e-07)
(-7.81425e-08 4.83187e-11 2.57202e-07)
(-8.40703e-08 1.49129e-11 2.54713e-07)
(-9.00019e-08 -1.73283e-11 2.52234e-07)
(-9.59428e-08 -4.84932e-11 2.49759e-07)
(-1.01901e-07 -7.9501e-11 2.47287e-07)
(-1.07875e-07 -1.00476e-10 2.448e-07)
(-6.87579e-08 1.13263e-10 2.68255e-07)
(-7.47092e-08 7.34385e-11 2.65722e-07)
(-8.06552e-08 4.34075e-11 2.63214e-07)
(-8.65967e-08 1.35268e-11 2.60715e-07)
(-9.25415e-08 -1.52689e-11 2.58225e-07)
(-9.8495e-08 -4.30758e-11 2.55739e-07)
(-1.04464e-07 -7.07538e-11 2.53255e-07)
(-1.10449e-07 -8.90744e-11 2.50758e-07)
(-7.12557e-08 1.01237e-10 2.74289e-07)
(-7.72192e-08 6.53591e-11 2.7175e-07)
(-8.31776e-08 3.86934e-11 2.69234e-07)
(-8.91314e-08 1.21667e-11 2.66726e-07)
(-9.50881e-08 -1.33514e-11 2.64227e-07)
(-1.01053e-07 -3.79647e-11 2.61731e-07)
(-1.07032e-07 -6.24745e-11 2.59237e-07)
(-1.13026e-07 -7.82978e-11 2.56729e-07)
(-7.37646e-08 8.97765e-11 2.80328e-07)
(-7.97391e-08 5.76657e-11 2.77784e-07)
(-8.57084e-08 3.41885e-11 2.75261e-07)
(-9.16732e-08 1.08406e-11 2.72745e-07)
(-9.76405e-08 -1.1572e-11 2.70238e-07)
(-1.03615e-07 -3.31605e-11 2.67733e-07)
(-1.09603e-07 -5.46682e-11 2.65229e-07)
(-1.15605e-07 -6.8155e-11 2.62712e-07)
(-7.62835e-08 7.89002e-11 2.86371e-07)
(-8.22676e-08 5.03743e-11 2.83823e-07)
(-8.82465e-08 2.99048e-11 2.81293e-07)
(-9.4221e-08 9.55638e-12 2.78771e-07)
(-1.00198e-07 -9.92705e-12 2.76256e-07)
(-1.06181e-07 -2.86642e-11 2.73743e-07)
(-1.12177e-07 -4.73408e-11 2.71231e-07)
(-1.18186e-07 -5.86552e-11 2.68706e-07)
(-7.8811e-08 6.86279e-11 2.92417e-07)
(-8.48035e-08 4.35004e-11 2.89865e-07)
(-9.07909e-08 2.58541e-11 2.87331e-07)
(-9.67739e-08 8.32179e-12 2.84803e-07)
(-1.02759e-07 -8.41354e-12 2.82281e-07)
(-1.0875e-07 -2.44774e-11 2.7976e-07)
(-1.14752e-07 -4.04986e-11 2.77241e-07)
(-1.20767e-07 -4.98088e-11 2.7471e-07)
(-8.13461e-08 5.89792e-11 2.98465e-07)
(-8.73457e-08 3.70597e-11 2.9591e-07)
(-9.33404e-08 2.20481e-11 2.93371e-07)
(-9.93309e-08 7.14425e-12 2.90838e-07)
(-1.05323e-07 -7.0286e-12 2.8831e-07)
(-1.11321e-07 -2.06021e-11 2.85784e-07)
(-1.17329e-07 -3.41485e-11 2.83258e-07)
(-1.23348e-07 -4.16268e-11 2.80721e-07)
(-8.38877e-08 4.99738e-11 3.04514e-07)
(-8.98933e-08 3.10682e-11 3.01957e-07)
(-9.58942e-08 1.84987e-11 2.99414e-07)
(-1.01891e-07 6.03111e-12 2.96877e-07)
(-1.07889e-07 -5.7697e-12 2.94344e-07)
(-1.13893e-07 -1.70407e-11 2.91812e-07)
(-1.19905e-07 -2.82983e-11 2.89281e-07)
(-1.25928e-07 -3.41213e-11 2.86739e-07)
(-8.64345e-08 4.16322e-11 3.10564e-07)
(-9.24451e-08 2.55418e-11 3.08005e-07)
(-9.84513e-08 1.52176e-11 3.05459e-07)
(-1.04454e-07 4.98962e-12 3.02918e-07)
(-1.10457e-07 -4.63453e-12 3.00381e-07)
(-1.16465e-07 -1.37962e-11 2.97844e-07)
(-1.22482e-07 -2.29562e-11 2.95308e-07)
(-1.28507e-07 -2.73058e-11 2.92762e-07)
(-8.89858e-08 3.39748e-11 3.16612e-07)
(-9.50004e-08 2.04966e-11 3.14053e-07)
(-1.01011e-07 1.22166e-11 3.11504e-07)
(-1.07018e-07 4.02707e-12 3.0896e-07)
(-1.13026e-07 -3.62071e-12 3.06419e-07)
(-1.19038e-07 -1.08715e-11 3.03879e-07)
(-1.25057e-07 -1.81308e-11 3.01339e-07)
(-1.31085e-07 -2.1195e-11 2.98789e-07)
(-9.15404e-08 2.70222e-11 3.2266e-07)
(-9.75582e-08 1.59483e-11 3.201e-07)
(-1.03572e-07 9.50706e-12 3.1755e-07)
(-1.09583e-07 3.15066e-12 3.15003e-07)
(-1.15595e-07 -2.72541e-12 3.12459e-07)
(-1.2161e-07 -8.26901e-12 3.09916e-07)
(-1.27632e-07 -1.38303e-11 3.07372e-07)
(-1.33661e-07 -1.58046e-11 3.0482e-07)
(-9.40976e-08 2.07937e-11 3.28706e-07)
(-1.00118e-07 1.19104e-11 3.26146e-07)
(-1.06134e-07 7.09831e-12 3.23594e-07)
(-1.12148e-07 2.36714e-12 3.21045e-07)
(-1.18163e-07 -1.94443e-12 3.18499e-07)
(-1.24181e-07 -5.98836e-12 3.15953e-07)
(-1.30204e-07 -1.00608e-11 3.13406e-07)
(-1.36234e-07 -1.11503e-11 3.10852e-07)
(-9.66565e-08 1.53054e-11 3.3475e-07)
(-1.02678e-07 8.39126e-12 3.3219e-07)
(-1.08697e-07 4.9948e-12 3.29637e-07)
(-1.14713e-07 1.68154e-12 3.27087e-07)
(-1.2073e-07 -1.27064e-12 3.24538e-07)
(-1.2675e-07 -4.02314e-12 3.2199e-07)
(-1.32775e-07 -6.82258e-12 3.19441e-07)
(-1.38805e-07 -7.24632e-12 3.16886e-07)
(-9.92164e-08 1.05636e-11 3.40791e-07)
(-1.05239e-07 5.38628e-12 3.38232e-07)
(-1.1126e-07 3.18861e-12 3.35678e-07)
(-1.17278e-07 1.09418e-12 3.33127e-07)
(-1.23297e-07 -6.90623e-13 3.30577e-07)
(-1.29318e-07 -2.35249e-12 3.28027e-07)
(-1.35343e-07 -4.10167e-12 3.25476e-07)
(-1.41374e-07 -4.10043e-12 3.2292e-07)
(-1.01777e-07 6.55122e-12 3.46829e-07)
(-1.078e-07 2.86522e-12 3.44271e-07)
(-1.13821e-07 1.64691e-12 3.41717e-07)
(-1.19841e-07 5.97015e-13 3.39165e-07)
(-1.25861e-07 -1.76093e-13 3.36613e-07)
(-1.31883e-07 -9.23135e-13 3.34062e-07)
(-1.37909e-07 -1.85178e-12 3.3151e-07)
(-1.43939e-07 -1.70287e-12 3.28953e-07)
(-1.04336e-07 3.20303e-12 3.52865e-07)
(-1.1036e-07 7.41077e-13 3.50307e-07)
(-1.16382e-07 2.79139e-13 3.47753e-07)
(-1.22403e-07 1.59021e-13 3.452e-07)
(-1.28424e-07 3.24781e-13 3.42648e-07)
(-1.34447e-07 3.77925e-13 3.40096e-07)
(-1.40472e-07 3.82681e-14 3.37542e-07)
(-1.46502e-07 -8.00374e-15 3.34985e-07)
(-1.06895e-07 2.91068e-13 3.58897e-07)
(-1.12919e-07 -1.28314e-12 3.5634e-07)
(-1.18942e-07 -1.24672e-12 3.53786e-07)
(-1.24963e-07 -4.65477e-13 3.51233e-07)
(-1.30984e-07 7.34953e-13 3.48681e-07)
(-1.37007e-07 1.65066e-12 3.46128e-07)
(-1.43033e-07 1.76544e-12 3.43573e-07)
(-1.49062e-07 1.11851e-12 3.41016e-07)
(-1.09453e-07 -2.24883e-12 3.64927e-07)
(-1.15477e-07 -3.23711e-12 3.62371e-07)
(-1.21499e-07 -2.51573e-12 3.59816e-07)
(-1.2752e-07 -4.71448e-13 3.57263e-07)
(-1.33541e-07 2.03869e-12 3.5471e-07)
(-1.39565e-07 3.81417e-12 3.52157e-07)
(-1.45591e-07 3.98008e-12 3.49602e-07)
(-1.51621e-07 2.16238e-12 3.47045e-07)
)
;
        traction        uniform (0 0 0);
        pressure        uniform 0;
        secondaryGradient nonuniform List<vector> 
640
(
(3.71924e-06 2.98514e-06 -4.17303e-07)
(3.07955e-06 2.36177e-06 -6.26869e-07)
(1.7892e-06 1.1488e-06 -1.37287e-06)
(-2.39171e-07 -1.13286e-07 -1.84618e-06)
(-2.72226e-06 -1.38489e-06 -2.00629e-06)
(-5.3895e-06 -2.60863e-06 -1.90211e-06)
(-8.02638e-06 -3.6105e-06 -1.8073e-06)
(-1.09896e-05 -4.599e-06 -1.79973e-06)
(1.6595e-06 2.37422e-06 -1.56311e-06)
(7.27605e-07 1.35196e-06 -1.75794e-06)
(1.23609e-07 5.47911e-07 -2.28361e-06)
(-3.62432e-07 -2.03758e-07 -2.71498e-06)
(-8.19225e-07 -8.16362e-07 -2.82924e-06)
(-1.3286e-06 -1.35051e-06 -2.72264e-06)
(-1.99802e-06 -1.78588e-06 -2.72202e-06)
(-2.82076e-06 -2.32154e-06 -2.76849e-06)
(9.40881e-07 2.15634e-06 -2.39145e-06)
(3.40026e-07 1.17706e-06 -2.49896e-06)
(-3.36942e-08 4.82703e-07 -2.64504e-06)
(-1.71079e-07 -1.84807e-07 -2.82402e-06)
(-2.0031e-07 -7.86143e-07 -2.85261e-06)
(-2.45083e-07 -1.3775e-06 -2.80844e-06)
(-3.9736e-07 -1.97783e-06 -2.84243e-06)
(-4.96751e-07 -2.57818e-06 -2.92287e-06)
(7.15912e-07 2.19692e-06 -2.84476e-06)
(4.12984e-07 1.22735e-06 -2.88906e-06)
(1.76221e-07 5.24058e-07 -2.8529e-06)
(8.27085e-08 -1.68888e-07 -2.87436e-06)
(6.54686e-08 -8.1997e-07 -2.84984e-06)
(5.99218e-08 -1.46484e-06 -2.82543e-06)
(3.62976e-08 -2.12678e-06 -2.83395e-06)
(7.16488e-08 -2.75511e-06 -2.88052e-06)
(6.41784e-07 2.22824e-06 -3.07816e-06)
(4.91892e-07 1.25568e-06 -3.08951e-06)
(3.54539e-07 5.4747e-07 -2.96933e-06)
(2.92547e-07 -1.56272e-07 -2.90359e-06)
(2.81808e-07 -8.25566e-07 -2.83403e-06)
(3.00372e-07 -1.48725e-06 -2.78911e-06)
(3.39669e-07 -2.15886e-06 -2.77091e-06)
(4.05038e-07 -2.79487e-06 -2.80131e-06)
(6.31676e-07 2.25017e-06 -3.19464e-06)
(5.60702e-07 1.27727e-06 -3.18351e-06)
(4.86474e-07 5.68522e-07 -3.01809e-06)
(4.54446e-07 -1.42145e-07 -2.90127e-06)
(4.58461e-07 -8.20897e-07 -2.79365e-06)
(4.94706e-07 -1.49038e-06 -2.72009e-06)
(5.58036e-07 -2.16342e-06 -2.68147e-06)
(6.42603e-07 -2.79178e-06 -2.70219e-06)
(6.51493e-07 2.2605e-06 -3.24201e-06)
(6.25956e-07 1.29213e-06 -3.21297e-06)
(5.89393e-07 5.87305e-07 -3.02094e-06)
(5.79034e-07 -1.26069e-07 -2.87335e-06)
(5.93368e-07 -8.09157e-07 -2.73804e-06)
(6.35042e-07 -1.48171e-06 -2.64193e-06)
(7.00319e-07 -2.15397e-06 -2.58736e-06)
(7.90628e-07 -2.77036e-06 -2.5998e-06)
(6.85077e-07 2.26084e-06 -3.24589e-06)
(6.86783e-07 1.30066e-06 -3.20222e-06)
(6.71986e-07 6.03087e-07 -2.994e-06)
(6.75195e-07 -1.08785e-07 -2.82849e-06)
(6.94316e-07 -7.91628e-07 -2.67582e-06)
(7.34421e-07 -1.46295e-06 -2.56549e-06)
(7.93371e-07 -2.13189e-06 -2.49945e-06)
(8.79316e-07 -2.73545e-06 -2.50471e-06)
(7.24396e-07 2.25321e-06 -3.22153e-06)
(7.42521e-07 1.30403e-06 -3.16619e-06)
(7.39605e-07 6.15956e-07 -2.94847e-06)
(7.50239e-07 -9.10716e-08 -2.77372e-06)
(7.70375e-07 -7.70091e-07 -2.61203e-06)
(8.06307e-07 -1.43688e-06 -2.49423e-06)
(8.57204e-07 -2.10042e-06 -2.42039e-06)
(9.35691e-07 -2.69078e-06 -2.41938e-06)
(7.65011e-07 2.23926e-06 -3.17866e-06)
(7.92875e-07 1.30317e-06 -3.11434e-06)
(7.95789e-07 6.26104e-07 -2.89187e-06)
(8.09856e-07 -7.35634e-08 -2.71379e-06)
(8.29063e-07 -7.46103e-07 -2.54896e-06)
(8.60527e-07 -1.40596e-06 -2.42827e-06)
(9.04142e-07 -2.06261e-06 -2.34897e-06)
(9.75706e-07 -2.63957e-06 -2.34224e-06)
(8.04378e-07 2.22035e-06 -3.12371e-06)
(8.37788e-07 1.29882e-06 -3.05277e-06)
(8.42956e-07 6.33772e-07 -2.82895e-06)
(8.58189e-07 -5.67051e-08 -2.65147e-06)
(8.75781e-07 -7.20852e-07 -2.48732e-06)
(9.03441e-07 -1.37208e-06 -2.36649e-06)
(9.41209e-07 -2.02079e-06 -2.28301e-06)
(1.00732e-06 -2.58424e-06 -2.27086e-06)
(8.41096e-07 2.19756e-06 -3.06103e-06)
(8.77431e-07 1.29162e-06 -2.98538e-06)
(8.82851e-07 6.39235e-07 -2.76264e-06)
(8.98129e-07 -4.07557e-08 -2.58824e-06)
(9.14095e-07 -6.9516e-07 -2.42705e-06)
(9.38866e-07 -1.33657e-06 -2.30759e-06)
(9.72135e-07 -1.97657e-06 -2.22055e-06)
(1.03418e-06 -2.5264e-06 -2.20313e-06)
(8.74446e-07 2.17173e-06 -2.99352e-06)
(9.12095e-07 1.28206e-06 -2.91466e-06)
(9.16733e-07 6.42761e-07 -2.69463e-06)
(9.31613e-07 -2.58341e-08 -2.5248e-06)
(9.46243e-07 -6.6955e-07 -2.36781e-06)
(9.6897e-07 -1.3003e-06 -2.25047e-06)
(9.98779e-07 -1.93101e-06 -2.16012e-06)
(1.05777e-06 -2.4671e-06 -2.13754e-06)
(9.04099e-07 2.1435e-06 -2.92312e-06)
(9.42093e-07 1.27055e-06 -2.84215e-06)
(9.45488e-07 6.44599e-07 -2.62591e-06)
(9.59895e-07 -1.1966e-08 -2.46145e-06)
(9.73565e-07 -6.44325e-07 -2.30926e-06)
(9.94924e-07 -1.2638e-06 -2.19433e-06)
(1.02199e-06 -1.88478e-06 -2.10079e-06)
(1.07858e-06 -2.40697e-06 -2.07314e-06)
(9.29942e-07 2.11335e-06 -2.85113e-06)
(9.67716e-07 1.25741e-06 -2.76885e-06)
(9.69732e-07 6.44965e-07 -2.55704e-06)
(9.83762e-07 8.79365e-10 -2.39831e-06)
(9.96833e-07 -6.19645e-07 -2.25113e-06)
(1.01732e-06 -1.2274e-06 -2.13867e-06)
(1.04209e-06 -1.83826e-06 -2.04199e-06)
(1.09667e-06 -2.34644e-06 -2.00938e-06)
(9.51985e-07 2.08164e-06 -2.77841e-06)
(9.89219e-07 1.24287e-06 -2.69535e-06)
(9.89891e-07 6.44045e-07 -2.48833e-06)
(1.00371e-06 1.27611e-08 -2.33542e-06)
(1.01648e-06 -5.95578e-07 -2.19324e-06)
(1.03644e-06 -1.19127e-06 -2.0832e-06)
(1.05919e-06 -1.79172e-06 -1.98346e-06)
(1.11193e-06 -2.28575e-06 -1.94603e-06)
(9.70299e-07 2.04863e-06 -2.70551e-06)
(1.00682e-06 1.22713e-06 -2.62206e-06)
(1.00627e-06 6.41992e-07 -2.41997e-06)
(1.02004e-06 2.3748e-08 -2.27281e-06)
(1.03276e-06 -5.72145e-07 -2.13552e-06)
(1.05243e-06 -1.15552e-06 -2.02782e-06)
(1.07328e-06 -1.74528e-06 -1.9251e-06)
(1.12423e-06 -2.22508e-06 -1.88301e-06)
(9.84994e-07 2.0145e-06 -2.63284e-06)
(1.02073e-06 1.21034e-06 -2.54922e-06)
(1.01909e-06 6.38933e-07 -2.35209e-06)
(1.03298e-06 3.39077e-08 -2.21052e-06)
(1.04583e-06 -5.49338e-07 -2.07793e-06)
(1.06535e-06 -1.12018e-06 -1.97249e-06)
(1.08439e-06 -1.69902e-06 -1.86693e-06)
(1.13352e-06 -2.16454e-06 -1.82038e-06)
(9.962e-07 1.97941e-06 -2.56063e-06)
(1.0311e-06 1.19261e-06 -2.477e-06)
(1.02853e-06 6.34967e-07 -2.28477e-06)
(1.04268e-06 4.33013e-08 -2.14858e-06)
(1.05579e-06 -5.27137e-07 -2.02052e-06)
(1.07527e-06 -1.08528e-06 -1.91727e-06)
(1.09252e-06 -1.653e-06 -1.80903e-06)
(1.13979e-06 -2.10421e-06 -1.75823e-06)
(1.00406e-06 1.94346e-06 -2.48907e-06)
(1.03813e-06 1.17402e-06 -2.40553e-06)
(1.03477e-06 6.30178e-07 -2.21809e-06)
(1.04927e-06 5.19812e-08 -2.08706e-06)
(1.06275e-06 -5.05524e-07 -1.96334e-06)
(1.08225e-06 -1.05083e-06 -1.86222e-06)
(1.09775e-06 -1.60725e-06 -1.7515e-06)
(1.14307e-06 -2.04415e-06 -1.69667e-06)
(1.00872e-06 1.90674e-06 -2.41827e-06)
(1.04197e-06 1.15466e-06 -2.3349e-06)
(1.03795e-06 6.24629e-07 -2.15212e-06)
(1.05289e-06 5.99908e-08 -2.02602e-06)
(1.06681e-06 -4.84478e-07 -1.90647e-06)
(1.08639e-06 -1.01683e-06 -1.80743e-06)
(1.10014e-06 -1.5618e-06 -1.69444e-06)
(1.14347e-06 -1.98441e-06 -1.63584e-06)
(1.01033e-06 1.86932e-06 -2.34833e-06)
(1.04278e-06 1.13459e-06 -2.26516e-06)
(1.03822e-06 6.18375e-07 -2.0869e-06)
(1.05367e-06 6.73655e-08 -1.96552e-06)
(1.06809e-06 -4.63985e-07 -1.84997e-06)
(1.08777e-06 -9.83306e-07 -1.75299e-06)
(1.09982e-06 -1.51666e-06 -1.63795e-06)
(1.1411e-06 -1.92505e-06 -1.57584e-06)
(1.00907e-06 1.83125e-06 -2.27931e-06)
(1.04074e-06 1.11385e-06 -2.19637e-06)
(1.03573e-06 6.11461e-07 -2.0225e-06)
(1.05173e-06 7.41342e-08 -1.90563e-06)
(1.0667e-06 -4.44031e-07 -1.79393e-06)
(1.08652e-06 -9.50249e-07 -1.69897e-06)
(1.09689e-06 -1.47186e-06 -1.58212e-06)
(1.1361e-06 -1.86612e-06 -1.51675e-06)
(1.00508e-06 1.79259e-06 -2.21125e-06)
(1.03599e-06 1.0925e-06 -2.12859e-06)
(1.03064e-06 6.03923e-07 -1.95896e-06)
(1.04723e-06 8.03208e-08 -1.84639e-06)
(1.06277e-06 -4.2461e-07 -1.73839e-06)
(1.08276e-06 -9.17673e-07 -1.64545e-06)
(1.09151e-06 -1.42742e-06 -1.52702e-06)
(1.12863e-06 -1.80764e-06 -1.45868e-06)
(9.98536e-07 1.75339e-06 -2.1442e-06)
(1.0287e-06 1.07058e-06 -2.06183e-06)
(1.02309e-06 5.95795e-07 -1.89632e-06)
(1.0403e-06 8.59454e-08 -1.78786e-06)
(1.05643e-06 -4.05714e-07 -1.68343e-06)
(1.07661e-06 -8.85586e-07 -1.59249e-06)
(1.0838e-06 -1.38337e-06 -1.47273e-06)
(1.11884e-06 -1.74967e-06 -1.40167e-06)
(9.8959e-07 1.71368e-06 -2.07817e-06)
(1.01904e-06 1.04813e-06 -1.99614e-06)
(1.01325e-06 5.87107e-07 -1.83461e-06)
(1.03108e-06 9.10257e-08 -1.73008e-06)
(1.04782e-06 -3.87339e-07 -1.6291e-06)
(1.06821e-06 -8.53999e-07 -1.54014e-06)
(1.07391e-06 -1.33972e-06 -1.41929e-06)
(1.10689e-06 -1.69224e-06 -1.34578e-06)
(9.78402e-07 1.67353e-06 -2.0132e-06)
(1.00717e-06 1.02518e-06 -1.93153e-06)
(1.00125e-06 5.77888e-07 -1.77386e-06)
(1.01971e-06 9.55779e-08 -1.67309e-06)
(1.03708e-06 -3.69481e-07 -1.57544e-06)
(1.05769e-06 -8.22922e-07 -1.48846e-06)
(1.06198e-06 -1.29651e-06 -1.36674e-06)
(1.09293e-06 -1.63539e-06 -1.29105e-06)
(9.65129e-07 1.63296e-06 -1.94929e-06)
(9.93229e-07 1.00178e-06 -1.86801e-06)
(9.87257e-07 5.68165e-07 -1.7141e-06)
(1.00635e-06 9.96169e-08 -1.61693e-06)
(1.02434e-06 -3.52139e-07 -1.52248e-06)
(1.04519e-06 -7.92366e-07 -1.43747e-06)
(1.04815e-06 -1.25374e-06 -1.31513e-06)
(1.07713e-06 -1.57916e-06 -1.23752e-06)
(9.49925e-07 1.59203e-06 -1.88645e-06)
(9.77383e-07 9.77968e-07 -1.8056e-06)
(9.71411e-07 5.57963e-07 -1.65534e-06)
(9.91125e-07 1.03157e-07 -1.56162e-06)
(1.00974e-06 -3.35308e-07 -1.47027e-06)
(1.03083e-06 -7.62341e-07 -1.38721e-06)
(1.03257e-06 -1.21144e-06 -1.26447e-06)
(1.05964e-06 -1.52358e-06 -1.1852e-06)
(9.32938e-07 1.55077e-06 -1.8247e-06)
(9.59778e-07 9.5377e-07 -1.74431e-06)
(9.53858e-07 5.47308e-07 -1.59761e-06)
(9.7418e-07 1.06214e-07 -1.50718e-06)
(9.93415e-07 -3.18987e-07 -1.41882e-06)
(1.01476e-06 -7.32856e-07 -1.3377e-06)
(1.01536e-06 -1.16963e-06 -1.21479e-06)
(1.04058e-06 -1.46869e-06 -1.13412e-06)
(9.14313e-07 1.50922e-06 -1.76402e-06)
(9.4056e-07 9.29225e-07 -1.68414e-06)
(9.34738e-07 5.36226e-07 -1.5409e-06)
(9.55651e-07 1.08801e-07 -1.45362e-06)
(9.7549e-07 -3.03171e-07 -1.36816e-06)
(9.97096e-07 -7.03919e-07 -1.28898e-06)
(9.96659e-07 -1.12834e-06 -1.16611e-06)
(1.02011e-06 -1.41452e-06 -1.08427e-06)
(8.94193e-07 1.46743e-06 -1.70443e-06)
(9.1987e-07 9.04369e-07 -1.62508e-06)
(9.14189e-07 5.24743e-07 -1.48522e-06)
(9.3567e-07 1.10933e-07 -1.40098e-06)
(9.56095e-07 -2.87857e-07 -1.31831e-06)
(9.77964e-07 -6.7554e-07 -1.24104e-06)
(9.76595e-07 -1.08757e-06 -1.11843e-06)
(9.98363e-07 -1.36109e-06 -1.03568e-06)
(8.72714e-07 1.42544e-06 -1.64591e-06)
(8.97846e-07 8.79238e-07 -1.56714e-06)
(8.92343e-07 5.12884e-07 -1.43059e-06)
(9.14366e-07 1.12626e-07 -1.34924e-06)
(9.35357e-07 -2.7304e-07 -1.26928e-06)
(9.57488e-07 -6.47723e-07 -1.19392e-06)
(9.55289e-07 -1.04735e-06 -1.07176e-06)
(9.75458e-07 -1.30843e-06 -9.88327e-07)
(8.50008e-07 1.38329e-06 -1.58846e-06)
(8.74618e-07 8.53867e-07 -1.51031e-06)
(8.6933e-07 5.00676e-07 -1.37699e-06)
(8.91864e-07 1.13895e-07 -1.29843e-06)
(9.13397e-07 -2.58716e-07 -1.22108e-06)
(9.35786e-07 -6.20476e-07 -1.14761e-06)
(9.3286e-07 -1.00769e-06 -1.02611e-06)
(9.51522e-07 -1.25657e-06 -9.42221e-07)
(8.26204e-07 1.34103e-06 -1.53207e-06)
(8.50316e-07 8.2829e-07 -1.45459e-06)
(8.45274e-07 4.88143e-07 -1.32443e-06)
(8.68286e-07 1.14756e-07 -1.24854e-06)
(8.90333e-07 -2.44879e-07 -1.17373e-06)
(9.12973e-07 -5.93803e-07 -1.10213e-06)
(9.09424e-07 -9.68613e-07 -9.81469e-07)
(9.26672e-07 -1.20553e-06 -8.9735e-07)
(8.01427e-07 1.29869e-06 -1.47673e-06)
(8.25063e-07 8.02542e-07 -1.39995e-06)
(8.20295e-07 4.75313e-07 -1.2729e-06)
(8.43749e-07 1.15224e-07 -1.19958e-06)
(8.66281e-07 -2.31523e-07 -1.12722e-06)
(8.89161e-07 -5.67709e-07 -1.05748e-06)
(8.8509e-07 -9.30129e-07 -9.37849e-07)
(9.01021e-07 -1.15534e-06 -8.53706e-07)
(7.75794e-07 1.25633e-06 -1.42243e-06)
(7.98977e-07 7.76659e-07 -1.3464e-06)
(7.94509e-07 4.6221e-07 -1.2224e-06)
(8.18368e-07 1.15316e-07 -1.15155e-06)
(8.4135e-07 -2.18642e-07 -1.08157e-06)
(8.64459e-07 -5.42196e-07 -1.01367e-06)
(8.59965e-07 -8.92255e-07 -8.95242e-07)
(8.74677e-07 -1.10601e-06 -8.11277e-07)
(7.49423e-07 1.21397e-06 -1.36915e-06)
(7.72175e-07 7.50673e-07 -1.29392e-06)
(7.6803e-07 4.48863e-07 -1.17293e-06)
(7.92252e-07 1.15049e-07 -1.10445e-06)
(8.15649e-07 -2.06228e-07 -1.03677e-06)
(8.38971e-07 -5.17269e-07 -9.70704e-07)
(8.34152e-07 -8.55002e-07 -8.53642e-07)
(8.47741e-07 -1.05757e-06 -7.7005e-07)
(7.22425e-07 1.17167e-06 -1.31689e-06)
(7.44766e-07 7.24621e-07 -1.2425e-06)
(7.40963e-07 4.35295e-07 -1.12446e-06)
(7.65508e-07 1.14439e-07 -1.05827e-06)
(7.89283e-07 -1.94274e-07 -9.92828e-07)
(8.128e-07 -4.92928e-07 -9.28575e-07)
(8.07748e-07 -8.18386e-07 -8.13043e-07)
(8.20311e-07 -1.01003e-06 -7.30008e-07)
(6.94906e-07 1.12947e-06 -1.26563e-06)
(7.16857e-07 6.98536e-07 -1.19212e-06)
(7.13413e-07 4.21535e-07 -1.07701e-06)
(7.38239e-07 1.13505e-07 -1.01302e-06)
(7.6235e-07 -1.82772e-07 -9.49746e-07)
(7.86043e-07 -4.69175e-07 -8.8729e-07)
(7.80849e-07 -7.82418e-07 -7.73439e-07)
(7.92481e-07 -9.63415e-07 -6.91137e-07)
(6.66971e-07 1.08741e-06 -1.21535e-06)
(6.88551e-07 6.72452e-07 -1.14278e-06)
(6.8548e-07 4.07609e-07 -1.03055e-06)
(7.10541e-07 1.12262e-07 -9.6869e-07)
(7.34949e-07 -1.71715e-07 -9.07524e-07)
(7.58795e-07 -4.46011e-07 -8.46847e-07)
(7.53544e-07 -7.4711e-07 -7.34821e-07)
(7.64338e-07 -9.17731e-07 -6.53418e-07)
(6.38718e-07 1.04553e-06 -1.16605e-06)
(6.59944e-07 6.46404e-07 -1.09446e-06)
(6.57259e-07 3.93541e-07 -9.85078e-07)
(6.82512e-07 1.10728e-07 -9.25278e-07)
(7.07173e-07 -1.61094e-07 -8.6616e-07)
(7.31148e-07 -4.23437e-07 -8.07246e-07)
(7.25921e-07 -7.12474e-07 -6.97182e-07)
(7.35966e-07 -8.72997e-07 -6.16836e-07)
(6.10244e-07 1.00388e-06 -1.11771e-06)
(6.31133e-07 6.20425e-07 -1.04715e-06)
(6.28843e-07 3.7936e-07 -9.40588e-07)
(6.54241e-07 1.08921e-07 -8.82779e-07)
(6.79112e-07 -1.509e-07 -8.25655e-07)
(7.03189e-07 -4.01452e-07 -7.68488e-07)
(6.98063e-07 -6.78521e-07 -6.60513e-07)
(7.07445e-07 -8.29227e-07 -5.81371e-07)
(5.81641e-07 9.62502e-07 -1.07032e-06)
(6.02207e-07 5.94548e-07 -1.00083e-06)
(6.00318e-07 3.65092e-07 -8.9707e-07)
(6.25816e-07 1.06858e-07 -8.41191e-07)
(6.50852e-07 -1.41125e-07 -7.86008e-07)
(6.75004e-07 -3.80057e-07 -7.30572e-07)
(6.70048e-07 -6.45262e-07 -6.24806e-07)
(6.78851e-07 -7.86434e-07 -5.47008e-07)
(5.52995e-07 9.21434e-07 -1.02387e-06)
(5.73253e-07 5.68809e-07 -9.55505e-07)
(5.7177e-07 3.50762e-07 -8.54517e-07)
(5.97322e-07 1.04557e-07 -8.00511e-07)
(6.22476e-07 -1.31759e-07 -7.47218e-07)
(6.46673e-07 -3.59251e-07 -6.93498e-07)
(6.41952e-07 -6.12707e-07 -5.90053e-07)
(6.50254e-07 -7.4463e-07 -5.13727e-07)
(5.24394e-07 8.80721e-07 -9.78341e-07)
(5.44354e-07 5.43239e-07 -9.11152e-07)
(5.4328e-07 3.36397e-07 -8.12922e-07)
(5.68838e-07 1.02036e-07 -7.60734e-07)
(5.94065e-07 -1.22794e-07 -7.09287e-07)
(6.18276e-07 -3.39032e-07 -6.57266e-07)
(6.13849e-07 -5.80867e-07 -5.56247e-07)
(6.21722e-07 -7.03827e-07 -4.81515e-07)
(4.95917e-07 8.40408e-07 -9.33735e-07)
(5.15589e-07 5.17872e-07 -8.67765e-07)
(5.14923e-07 3.22022e-07 -7.72278e-07)
(5.40443e-07 9.93115e-08 -7.21861e-07)
(5.65695e-07 -1.1422e-07 -6.72215e-07)
(5.89886e-07 -3.194e-07 -6.21877e-07)
(5.85806e-07 -5.49751e-07 -5.23381e-07)
(5.9332e-07 -6.64035e-07 -4.50353e-07)
(4.67642e-07 8.00535e-07 -8.90042e-07)
(4.87035e-07 4.92741e-07 -8.25338e-07)
(4.86775e-07 3.07665e-07 -7.3258e-07)
(5.12208e-07 9.64021e-08 -6.83888e-07)
(5.37439e-07 -1.06028e-07 -6.36002e-07)
(5.61577e-07 -3.00353e-07 -5.87333e-07)
(5.5789e-07 -5.1937e-07 -4.91448e-07)
(5.65106e-07 -6.25266e-07 -4.20229e-07)
(4.39644e-07 7.61146e-07 -8.47254e-07)
(4.58764e-07 4.67879e-07 -7.83863e-07)
(4.58904e-07 2.9335e-07 -6.93823e-07)
(4.84206e-07 9.3325e-08 -6.46816e-07)
(5.09367e-07 -9.82098e-08 -6.00652e-07)
(5.33417e-07 -2.8189e-07 -5.53636e-07)
(5.30163e-07 -4.89734e-07 -4.60445e-07)
(5.37139e-07 -5.87531e-07 -3.91128e-07)
(4.11995e-07 7.22283e-07 -8.05368e-07)
(4.30845e-07 4.43318e-07 -7.43335e-07)
(4.31379e-07 2.79103e-07 -6.56006e-07)
(4.56503e-07 9.00976e-08 -6.10644e-07)
(4.81547e-07 -9.07551e-08 -5.66168e-07)
(5.05472e-07 -2.64009e-07 -5.2079e-07)
(5.02685e-07 -4.60851e-07 -4.30367e-07)
(5.09471e-07 -5.50838e-07 -3.63038e-07)
(3.8476e-07 6.83988e-07 -7.64379e-07)
(4.03345e-07 4.19092e-07 -7.0375e-07)
(4.04262e-07 2.64951e-07 -6.19126e-07)
(4.29162e-07 8.67373e-08 -5.75376e-07)
(4.54042e-07 -8.3655e-08 -5.32552e-07)
(4.77804e-07 -2.4671e-07 -4.888e-07)
(4.75512e-07 -4.32732e-07 -4.01212e-07)
(4.82154e-07 -5.15199e-07 -3.35949e-07)
(3.58007e-07 6.46305e-07 -7.24287e-07)
(3.76325e-07 3.95232e-07 -6.65106e-07)
(3.77614e-07 2.50917e-07 -5.83182e-07)
(4.02246e-07 8.32613e-08 -5.41012e-07)
(4.26913e-07 -7.69006e-08 -4.99812e-07)
(4.50475e-07 -2.2999e-07 -4.57671e-07)
(4.48697e-07 -4.05386e-07 -3.72978e-07)
(4.55235e-07 -4.80624e-07 -3.09852e-07)
(3.31796e-07 6.09273e-07 -6.85092e-07)
(3.49845e-07 3.7177e-07 -6.27402e-07)
(3.51493e-07 2.37028e-07 -5.48176e-07)
(3.75811e-07 7.96866e-08 -5.07558e-07)
(4.00218e-07 -7.04829e-08 -4.67952e-07)
(4.2354e-07 -2.13849e-07 -4.27409e-07)
(4.22292e-07 -3.78823e-07 -3.45667e-07)
(4.28758e-07 -4.47122e-07 -2.84739e-07)
(3.06186e-07 5.72936e-07 -6.46795e-07)
(3.23962e-07 3.48738e-07 -5.9064e-07)
(3.25953e-07 2.23309e-07 -5.1411e-07)
(3.49912e-07 7.60302e-08 -4.75019e-07)
(3.74011e-07 -6.43931e-08 -4.3698e-07)
(3.97054e-07 -1.98284e-07 -3.98024e-07)
(3.96346e-07 -3.53053e-07 -3.19278e-07)
(4.02766e-07 -4.14704e-07 -2.60604e-07)
(2.81232e-07 5.37334e-07 -6.094e-07)
(2.9873e-07 3.26168e-07 -5.54821e-07)
(3.01044e-07 2.09783e-07 -4.80988e-07)
(3.24602e-07 7.23086e-08 -4.43401e-07)
(3.48346e-07 -5.86226e-08 -4.06906e-07)
(3.71069e-07 -1.83295e-07 -3.69523e-07)
(3.70902e-07 -3.28085e-07 -2.93816e-07)
(3.77297e-07 -3.8338e-07 -2.37444e-07)
(2.56988e-07 5.02508e-07 -5.72913e-07)
(2.74198e-07 3.04091e-07 -5.1995e-07)
(2.76817e-07 1.96476e-07 -4.48815e-07)
(2.99929e-07 6.85383e-08 -4.12712e-07)
(3.23272e-07 -5.31631e-08 -3.7774e-07)
(3.45634e-07 -1.68881e-07 -3.41919e-07)
(3.46005e-07 -3.03929e-07 -2.69286e-07)
(3.5239e-07 -3.53161e-07 -2.15257e-07)
(2.33503e-07 4.685e-07 -5.3734e-07)
(2.50416e-07 2.82539e-07 -4.86033e-07)
(2.53316e-07 1.83411e-07 -4.17599e-07)
(2.75939e-07 6.47356e-08 -3.82962e-07)
(2.98835e-07 -4.80064e-08 -3.49492e-07)
(3.20795e-07 -1.55042e-07 -3.15224e-07)
(3.21695e-07 -2.80595e-07 -2.45694e-07)
(3.28078e-07 -3.24059e-07 -1.94043e-07)
(2.10824e-07 4.3535e-07 -5.0269e-07)
(2.27427e-07 2.61541e-07 -4.53078e-07)
(2.30585e-07 1.70613e-07 -3.87348e-07)
(2.52677e-07 6.09163e-08 -3.54162e-07)
(2.75079e-07 -4.31445e-08 -3.22176e-07)
(2.96596e-07 -1.41776e-07 -2.8945e-07)
(2.98011e-07 -2.58093e-07 -2.23048e-07)
(3.04395e-07 -2.96084e-07 -1.73805e-07)
(1.88997e-07 4.03097e-07 -4.68974e-07)
(2.05275e-07 2.4113e-07 -4.21093e-07)
(2.08664e-07 1.58105e-07 -3.58072e-07)
(2.30183e-07 5.70961e-08 -3.26324e-07)
(2.52046e-07 -3.85699e-08 -2.95806e-07)
(2.73078e-07 -1.29084e-07 -2.64613e-07)
(2.74988e-07 -2.36435e-07 -2.01359e-07)
(2.8137e-07 -2.69249e-07 -1.54546e-07)
(1.68063e-07 3.71782e-07 -4.36205e-07)
(1.83999e-07 2.21334e-07 -3.9009e-07)
(1.87592e-07 1.4591e-07 -3.29783e-07)
(2.08497e-07 5.32902e-08 -2.99462e-07)
(2.29775e-07 -3.42752e-08 -2.70397e-07)
(2.5028e-07 -1.16966e-07 -2.40729e-07)
(2.5266e-07 -2.15629e-07 -1.80637e-07)
(2.59033e-07 -2.43567e-07 -1.36273e-07)
(1.4806e-07 3.41443e-07 -4.04395e-07)
(1.63636e-07 2.02184e-07 -3.60082e-07)
(1.67403e-07 1.34052e-07 -3.02494e-07)
(1.87653e-07 4.95136e-08 -2.73592e-07)
(2.08303e-07 -3.02536e-08 -2.45967e-07)
(2.28238e-07 -1.05422e-07 -2.17815e-07)
(2.31059e-07 -1.95689e-07 -1.60896e-07)
(2.37409e-07 -2.19049e-07 -1.18993e-07)
(1.29027e-07 3.12121e-07 -3.73561e-07)
(1.44222e-07 1.8371e-07 -3.31082e-07)
(1.48132e-07 1.22552e-07 -2.7622e-07)
(1.67686e-07 4.57808e-08 -2.48729e-07)
(1.87663e-07 -2.64984e-08 -2.22535e-07)
(2.06987e-07 -9.4454e-08 -1.95892e-07)
(2.10214e-07 -1.76624e-07 -1.42151e-07)
(2.16522e-07 -1.9571e-07 -1.02717e-07)
(1.10998e-07 2.83852e-07 -3.4372e-07)
(1.25789e-07 1.65942e-07 -3.03107e-07)
(1.29809e-07 1.11433e-07 -2.50978e-07)
(1.48627e-07 4.21061e-08 -2.24893e-07)
(1.67888e-07 -2.30035e-08 -2.0012e-07)
(1.86557e-07 -8.40625e-08 -1.7498e-07)
(1.90153e-07 -1.58446e-07 -1.24418e-07)
(1.96396e-07 -1.73564e-07 -8.7456e-08)
(9.40046e-08 2.56675e-07 -3.1489e-07)
(1.08369e-07 1.48907e-07 -2.76173e-07)
(1.12463e-07 1.00717e-07 -2.26785e-07)
(1.30506e-07 3.85033e-08 -2.02102e-07)
(1.49007e-07 -1.97631e-08 -1.78743e-07)
(1.66979e-07 -7.42497e-08 -1.55101e-07)
(1.70901e-07 -1.41167e-07 -1.07716e-07)
(1.77051e-07 -1.52626e-07 -7.32262e-08)
(7.80782e-08 2.30627e-07 -2.8709e-07)
(9.19885e-08 1.32636e-07 -2.503e-07)
(9.61218e-08 9.04247e-08 -2.03661e-07)
(1.1335e-07 3.49858e-08 -1.80379e-07)
(1.31048e-07 -1.67719e-08 -1.58427e-07)
(1.4828e-07 -6.50179e-08 -1.36279e-07)
(1.52482e-07 -1.248e-07 -9.20668e-08)
(1.58506e-07 -1.32912e-07 -6.00438e-08)
(6.32472e-08 2.05745e-07 -2.60343e-07)
(7.66763e-08 1.17155e-07 -2.25507e-07)
(8.0811e-08 8.05772e-08 -1.81627e-07)
(9.71858e-08 3.15665e-08 -1.59746e-07)
(1.14038e-07 -1.40251e-08 -1.39198e-07)
(1.30486e-07 -5.63698e-08 -1.18539e-07)
(1.34917e-07 -1.09356e-07 -7.74918e-08)
(1.4078e-07 -1.14439e-07 -4.79275e-08)
(4.95388e-08 1.82065e-07 -2.34669e-07)
(6.24577e-08 1.02494e-07 -2.01815e-07)
(6.65552e-08 7.1195e-08 -1.60704e-07)
(8.20375e-08 2.82578e-08 -1.40227e-07)
(9.80003e-08 -1.15181e-08 -1.21082e-07)
(1.1362e-07 -4.83088e-08 -1.0191e-07)
(1.18228e-07 -9.48497e-08 -6.40158e-08)
(1.23887e-07 -9.72228e-08 -3.68988e-08)
(3.69797e-08 1.59622e-07 -2.10094e-07)
(4.93573e-08 8.86781e-08 -1.79247e-07)
(5.33779e-08 6.22977e-08 -1.40917e-07)
(6.79289e-08 2.50717e-08 -1.21849e-07)
(8.29591e-08 -9.24701e-09 -1.04106e-07)
(9.77058e-08 -4.08385e-08 -8.64202e-08)
(1.02431e-07 -8.12929e-08 -5.16662e-08)
(1.0784e-07 -8.12824e-08 -2.69818e-08)
(2.55961e-08 1.3845e-07 -1.8664e-07)
(3.73995e-08 7.57351e-08 -1.57826e-07)
(4.13022e-08 5.39048e-08 -1.22292e-07)
(5.48832e-08 2.20199e-08 -1.0464e-07)
(6.89369e-08 -7.20815e-09 -8.83018e-08)
(8.27637e-08 -3.3963e-08 -7.21019e-08)
(8.75447e-08 -6.86991e-08 -4.04731e-08)
(9.26521e-08 -6.6636e-08 -1.82041e-08)
(1.5415e-08 1.18579e-07 -1.64336e-07)
(2.66077e-08 6.36901e-08 -1.37578e-07)
(3.03507e-08 4.60351e-08 -1.04853e-07)
(4.29231e-08 1.91138e-08 -8.86294e-08)
(5.59562e-08 -5.39803e-09 -7.37016e-08)
(6.88149e-08 -2.76866e-08 -5.89895e-08)
(7.35852e-08 -5.70812e-08 -3.047e-08)
(7.83329e-08 -5.3303e-08 -1.05975e-08)
(6.46429e-09 1.00039e-07 -1.43211e-07)
(1.70053e-08 5.25681e-08 -1.1853e-07)
(2.05451e-08 3.87066e-08 -8.8632e-08)
(3.20714e-08 1.63644e-08 -7.38487e-08)
(4.40403e-08 -3.8131e-09 -6.03396e-08)
(5.58816e-08 -2.20136e-08 -4.71191e-08)
(6.05709e-08 -4.64514e-08 -2.16935e-08)
(6.48936e-08 -4.13043e-08 -4.19849e-09)
(-1.22632e-09 8.28571e-08 -1.23301e-07)
(8.61336e-09 4.23925e-08 -1.00714e-07)
(1.19048e-08 3.19372e-08 -7.36591e-08)
(2.23497e-08 1.37829e-08 -6.03309e-08)
(3.32133e-08 -2.44915e-09 -4.825e-08)
(4.39892e-08 -1.69473e-08 -3.65268e-08)
(4.85249e-08 -3.68208e-08 -1.4183e-08)
(5.23488e-08 -3.06625e-08 9.51081e-10)
(-7.62565e-09 6.70535e-08 -1.04654e-07)
(1.44777e-09 3.31852e-08 -8.41699e-08)
(4.44165e-09 2.57437e-08 -5.99707e-08)
(1.37744e-08 1.13815e-08 -4.81083e-08)
(2.35006e-08 -1.29999e-09 -3.7463e-08)
(3.31702e-08 -1.24891e-08 -2.72446e-08)
(3.74809e-08 -2.81984e-08 -7.97845e-09)
(4.07221e-08 -2.14038e-08 4.80328e-09)
(-1.27033e-08 5.26444e-08 -8.73418e-08)
(-4.48968e-09 2.49666e-08 -6.89544e-08)
(-1.85162e-09 2.01419e-08 -4.76111e-08)
(6.3477e-09 9.17378e-09 -3.72093e-08)
(1.49267e-08 -3.54448e-10 -2.7995e-08)
(2.34718e-08 -8.63433e-09 -1.92901e-08)
(2.74951e-08 -2.05886e-08 -3.11497e-09)
(3.00576e-08 -1.35607e-08 7.3034e-09)
(-1.64385e-08 3.96412e-08 -7.14836e-08)
(-9.22628e-09 1.77543e-08 -5.51594e-08)
(-7.02477e-09 1.51429e-08 -3.66408e-08)
(3.82248e-11 7.17567e-09 -2.76491e-08)
(7.51329e-09 4.07972e-10 -1.98249e-08)
(1.49742e-08 -5.36618e-09 -1.26412e-08)
(1.86744e-08 -1.39895e-08 3.89714e-10)
(2.04446e-08 -7.1825e-09 8.38974e-09)
(-1.88594e-08 2.80533e-08 -5.72894e-08)
(-1.2859e-08 1.15495e-08 -4.29484e-08)
(-1.1236e-08 1.07359e-08 -2.71633e-08)
(-5.28299e-09 5.3952e-09 -1.94179e-08)
(1.25028e-09 1.01808e-09 -1.28506e-08)
(7.81339e-09 -2.64756e-09 -7.18927e-09)
(1.12345e-08 -8.39205e-09 2.56281e-09)
(1.20728e-08 -2.35817e-09 7.99359e-09)
(-2.01685e-08 1.79008e-08 -4.51291e-08)
(-1.57012e-08 6.35834e-09 -3.2675e-08)
(-1.49599e-08 6.94213e-09 -1.94338e-08)
(-1.006e-08 3.92364e-09 -1.2501e-08)
(-4.05806e-09 1.61981e-09 -6.83568e-09)
(2.14163e-09 -3.33004e-10 -2.65718e-09)
(5.57409e-09 -3.74609e-09 3.53417e-09)
(5.33644e-09 7.72679e-10 6.02681e-09)
(-2.0867e-08 9.38408e-09 -3.55489e-08)
(-1.83094e-08 2.36759e-09 -2.50225e-08)
(-1.88647e-08 4.06509e-09 -1.37834e-08)
(-1.48808e-08 3.28942e-09 -6.58501e-09)
(-8.63342e-09 2.84503e-09 -1.03647e-09)
(-1.74013e-09 2.13115e-09 1.72893e-09)
(2.42666e-09 1.76411e-10 3.71249e-09)
(1.0677e-09 1.97971e-09 2.37848e-09)
(-2.10364e-08 1.56117e-09 -2.87473e-08)
(-2.02201e-08 -2.11914e-09 -1.98668e-08)
(-2.14624e-08 -6.03108e-10 -8.71643e-09)
(-1.76591e-08 4.66828e-10 8.36088e-10)
(-1.03267e-08 2.23176e-09 7.12831e-09)
(-2.01289e-09 3.47259e-09 7.78432e-09)
(3.18166e-09 3.26596e-09 3.75157e-09)
(8.13211e-10 1.06423e-09 -2.95843e-09)
(-2.07642e-08 -4.65129e-09 -2.42357e-08)
(-2.13914e-08 -7.37433e-09 -1.41328e-08)
(-2.17616e-08 -5.0206e-09 2.33273e-10)
(-1.70223e-08 -1.8474e-10 1.29182e-08)
(-8.22842e-09 5.59075e-09 1.82959e-08)
(1.31656e-09 9.64859e-09 1.38027e-08)
(6.98731e-09 1.00256e-08 1.58963e-09)
(4.36097e-09 1.00998e-09 -9.65019e-09)
)
;
    }
    top
    {
        type            tractionPressureDisplacement;
        gradient        nonuniform List<vector> 
640
(
(-5.48337e-06 -8.00641e-07 3.87752e-06)
(-7.56077e-06 -1.21866e-06 4.55851e-06)
(-9.28183e-06 -8.74152e-07 5.29621e-06)
(-1.00861e-05 -2.74347e-07 5.57658e-06)
(-1.00861e-05 2.74347e-07 5.57658e-06)
(-9.28183e-06 8.74153e-07 5.29621e-06)
(-7.56077e-06 1.21866e-06 4.55851e-06)
(-5.48337e-06 8.00641e-07 3.87752e-06)
(-2.3705e-06 -2.36909e-06 2.75223e-06)
(-2.92067e-06 -1.88256e-06 2.95478e-06)
(-3.17063e-06 -1.24025e-06 3.29117e-06)
(-3.31372e-06 -4.03977e-07 3.39243e-06)
(-3.31372e-06 4.03977e-07 3.39243e-06)
(-3.17063e-06 1.24025e-06 3.29117e-06)
(-2.92067e-06 1.88256e-06 2.95478e-06)
(-2.3705e-06 2.36909e-06 2.75223e-06)
(-3.53388e-06 -2.57775e-06 2.92041e-06)
(-3.64205e-06 -1.91352e-06 3.12396e-06)
(-3.55939e-06 -1.18455e-06 3.3514e-06)
(-3.52706e-06 -3.91685e-07 3.44614e-06)
(-3.52706e-06 3.91685e-07 3.44614e-06)
(-3.55939e-06 1.18455e-06 3.3514e-06)
(-3.64205e-06 1.91352e-06 3.12396e-06)
(-3.53388e-06 2.57775e-06 2.92041e-06)
(-5.70868e-06 -2.57462e-06 2.95688e-06)
(-5.7285e-06 -1.87942e-06 3.12645e-06)
(-5.69095e-06 -1.12533e-06 3.2849e-06)
(-5.67255e-06 -3.72173e-07 3.36482e-06)
(-5.67255e-06 3.72173e-07 3.36482e-06)
(-5.69095e-06 1.12533e-06 3.2849e-06)
(-5.7285e-06 1.87942e-06 3.12645e-06)
(-5.70868e-06 2.57462e-06 2.95688e-06)
(-7.66335e-06 -2.54007e-06 2.77969e-06)
(-7.64849e-06 -1.85205e-06 2.89061e-06)
(-7.64773e-06 -1.10569e-06 2.99449e-06)
(-7.65146e-06 -3.6593e-07 3.0512e-06)
(-7.65146e-06 3.65931e-07 3.0512e-06)
(-7.64773e-06 1.10569e-06 2.99449e-06)
(-7.64849e-06 1.85205e-06 2.89061e-06)
(-7.66335e-06 2.54007e-06 2.77969e-06)
(-9.40574e-06 -2.49019e-06 2.52861e-06)
(-9.37314e-06 -1.82385e-06 2.5915e-06)
(-9.37202e-06 -1.0963e-06 2.65261e-06)
(-9.37848e-06 -3.64313e-07 2.68749e-06)
(-9.37848e-06 3.64313e-07 2.68749e-06)
(-9.37202e-06 1.0963e-06 2.65261e-06)
(-9.37314e-06 1.82385e-06 2.5915e-06)
(-9.40574e-06 2.49019e-06 2.52861e-06)
(-1.10292e-05 -2.43352e-06 2.23498e-06)
(-1.09873e-05 -1.79336e-06 2.26373e-06)
(-1.09775e-05 -1.08577e-06 2.2946e-06)
(-1.09794e-05 -3.62451e-07 2.31343e-06)
(-1.09794e-05 3.62451e-07 2.31343e-06)
(-1.09775e-05 1.08577e-06 2.2946e-06)
(-1.09873e-05 1.79336e-06 2.26373e-06)
(-1.10292e-05 2.43352e-06 2.23498e-06)
(-1.25742e-05 -2.37672e-06 1.90288e-06)
(-1.2527e-05 -1.76198e-06 1.90846e-06)
(-1.25099e-05 -1.07312e-06 1.91882e-06)
(-1.25067e-05 -3.59532e-07 1.92651e-06)
(-1.25067e-05 3.59532e-07 1.92651e-06)
(-1.25099e-05 1.07312e-06 1.91882e-06)
(-1.2527e-05 1.76198e-06 1.90846e-06)
(-1.25742e-05 2.37672e-06 1.90288e-06)
(-1.40594e-05 -2.32298e-06 1.53668e-06)
(-1.40094e-05 -1.73086e-06 1.527e-06)
(-1.39869e-05 -1.05908e-06 1.52382e-06)
(-1.39795e-05 -3.55771e-07 1.52397e-06)
(-1.39795e-05 3.55771e-07 1.52397e-06)
(-1.39869e-05 1.05908e-06 1.52382e-06)
(-1.40094e-05 1.73086e-06 1.527e-06)
(-1.40594e-05 2.32298e-06 1.53668e-06)
(-1.54956e-05 -2.27278e-06 1.14085e-06)
(-1.54439e-05 -1.70037e-06 1.12111e-06)
(-1.54172e-05 -1.04406e-06 1.10915e-06)
(-1.54067e-05 -3.51389e-07 1.10428e-06)
(-1.54067e-05 3.51389e-07 1.10428e-06)
(-1.54172e-05 1.04406e-06 1.10915e-06)
(-1.54439e-05 1.70037e-06 1.12111e-06)
(-1.54956e-05 2.27278e-06 1.14085e-06)
(-1.68893e-05 -2.2254e-06 7.19165e-07)
(-1.68362e-05 -1.67029e-06 6.92663e-07)
(-1.68062e-05 -1.02822e-06 6.75046e-07)
(-1.67931e-05 -3.46513e-07 6.66902e-07)
(-1.67931e-05 3.46513e-07 6.66902e-07)
(-1.68062e-05 1.02822e-06 6.75046e-07)
(-1.68362e-05 1.67029e-06 6.92663e-07)
(-1.68893e-05 2.2254e-06 7.19165e-07)
(-1.82442e-05 -2.17984e-06 2.7477e-07)
(-1.81895e-05 -1.6403e-06 2.43515e-07)
(-1.81568e-05 -1.01162e-06 2.22226e-07)
(-1.81418e-05 -3.41222e-07 2.11983e-07)
(-1.81418e-05 3.41222e-07 2.11983e-07)
(-1.81568e-05 1.01162e-06 2.22226e-07)
(-1.81895e-05 1.6403e-06 2.43515e-07)
(-1.82442e-05 2.17984e-06 2.7477e-07)
(-1.95623e-05 -2.13525e-06 -1.8967e-07)
(-1.95059e-05 -1.6101e-06 -2.24478e-07)
(-1.94709e-05 -9.94313e-07 -2.48205e-07)
(-1.94543e-05 -3.35581e-07 -2.5979e-07)
(-1.94543e-05 3.35581e-07 -2.5979e-07)
(-1.94709e-05 9.94313e-07 -2.48205e-07)
(-1.95059e-05 1.6101e-06 -2.24478e-07)
(-1.95623e-05 2.13525e-06 -1.8967e-07)
(-2.08445e-05 -2.09098e-06 -6.71759e-07)
(-2.07862e-05 -1.5795e-06 -7.09423e-07)
(-2.07493e-05 -9.76355e-07 -7.34843e-07)
(-2.07314e-05 -3.29646e-07 -7.47293e-07)
(-2.07314e-05 3.29646e-07 -7.47293e-07)
(-2.07493e-05 9.76355e-07 -7.34843e-07)
(-2.07862e-05 1.5795e-06 -7.09423e-07)
(-2.08445e-05 2.09098e-06 -6.71759e-07)
(-2.20912e-05 -2.04665e-06 -1.16928e-06)
(-2.2031e-05 -1.54842e-06 -1.2094e-06)
(-2.19923e-05 -9.57822e-07 -1.23607e-06)
(-2.19734e-05 -3.23467e-07 -1.2491e-06)
(-2.19734e-05 3.23467e-07 -1.2491e-06)
(-2.19923e-05 9.57822e-07 -1.23607e-06)
(-2.2031e-05 1.54842e-06 -1.2094e-06)
(-2.20912e-05 2.04665e-06 -1.16928e-06)
(-2.33025e-05 -2.00202e-06 -1.68013e-06)
(-2.32404e-05 -1.51681e-06 -1.72247e-06)
(-2.32002e-05 -9.38795e-07 -1.75014e-06)
(-2.31805e-05 -3.17089e-07 -1.76357e-06)
(-2.31805e-05 3.17089e-07 -1.76357e-06)
(-2.32002e-05 9.38795e-07 -1.75014e-06)
(-2.32404e-05 1.51681e-06 -1.72247e-06)
(-2.33025e-05 2.00202e-06 -1.68013e-06)
(-2.44787e-05 -1.95699e-06 -2.20231e-06)
(-2.44146e-05 -1.48472e-06 -2.24673e-06)
(-2.43731e-05 -9.1935e-07 -2.27525e-06)
(-2.43527e-05 -3.10549e-07 -2.28898e-06)
(-2.43527e-05 3.10549e-07 -2.28898e-06)
(-2.43731e-05 9.1935e-07 -2.27525e-06)
(-2.44146e-05 1.48472e-06 -2.24673e-06)
(-2.44787e-05 1.95699e-06 -2.20231e-06)
(-2.56197e-05 -1.91153e-06 -2.73393e-06)
(-2.55537e-05 -1.45218e-06 -2.78031e-06)
(-2.5511e-05 -8.9956e-07 -2.80959e-06)
(-2.549e-05 -3.03881e-07 -2.82356e-06)
(-2.549e-05 3.03881e-07 -2.82356e-06)
(-2.5511e-05 8.9956e-07 -2.80959e-06)
(-2.55537e-05 1.45218e-06 -2.78031e-06)
(-2.56197e-05 1.91153e-06 -2.73393e-06)
(-2.67258e-05 -1.86568e-06 -3.27316e-06)
(-2.6658e-05 -1.41927e-06 -3.32141e-06)
(-2.66142e-05 -8.79491e-07 -3.35139e-06)
(-2.65926e-05 -2.9711e-07 -3.36555e-06)
(-2.65926e-05 2.9711e-07 -3.36555e-06)
(-2.66142e-05 8.79491e-07 -3.35139e-06)
(-2.6658e-05 1.41927e-06 -3.32141e-06)
(-2.67258e-05 1.86568e-06 -3.27316e-06)
(-2.77971e-05 -1.8195e-06 -3.81826e-06)
(-2.77276e-05 -1.38604e-06 -3.86829e-06)
(-2.76828e-05 -8.59201e-07 -3.89891e-06)
(-2.76608e-05 -2.90261e-07 -3.91325e-06)
(-2.76608e-05 2.90261e-07 -3.91325e-06)
(-2.76828e-05 8.59201e-07 -3.89891e-06)
(-2.77276e-05 1.38604e-06 -3.86829e-06)
(-2.77971e-05 1.8195e-06 -3.81826e-06)
(-2.88339e-05 -1.77306e-06 -4.36759e-06)
(-2.87628e-05 -1.35256e-06 -4.41929e-06)
(-2.87171e-05 -8.38738e-07 -4.45051e-06)
(-2.86947e-05 -2.83352e-07 -4.465e-06)
(-2.86947e-05 2.83352e-07 -4.465e-06)
(-2.87171e-05 8.38738e-07 -4.45051e-06)
(-2.87628e-05 1.35256e-06 -4.41929e-06)
(-2.88339e-05 1.77306e-06 -4.36759e-06)
(-2.98366e-05 -1.72643e-06 -4.91957e-06)
(-2.97639e-05 -1.31889e-06 -4.97284e-06)
(-2.97174e-05 -8.18146e-07 -5.0046e-06)
(-2.96946e-05 -2.76398e-07 -5.01922e-06)
(-2.96946e-05 2.76398e-07 -5.01922e-06)
(-2.97174e-05 8.18146e-07 -5.0046e-06)
(-2.97639e-05 1.31889e-06 -4.97284e-06)
(-2.98366e-05 1.72643e-06 -4.91957e-06)
(-3.08056e-05 -1.67969e-06 -5.4727e-06)
(-3.07315e-05 -1.28509e-06 -5.52744e-06)
(-3.06842e-05 -7.97462e-07 -5.55969e-06)
(-3.06611e-05 -2.69412e-07 -5.57443e-06)
(-3.06611e-05 2.69412e-07 -5.57443e-06)
(-3.06842e-05 7.97462e-07 -5.55969e-06)
(-3.07315e-05 1.28509e-06 -5.52744e-06)
(-3.08056e-05 1.67969e-06 -5.4727e-06)
(-3.17412e-05 -1.6329e-06 -6.0256e-06)
(-3.16658e-05 -1.2512e-06 -6.08168e-06)
(-3.16178e-05 -7.76715e-07 -6.11437e-06)
(-3.15945e-05 -2.62406e-07 -6.1292e-06)
(-3.15945e-05 2.62406e-07 -6.1292e-06)
(-3.16178e-05 7.76715e-07 -6.11437e-06)
(-3.16658e-05 1.2512e-06 -6.08168e-06)
(-3.17412e-05 1.6329e-06 -6.0256e-06)
(-3.2644e-05 -1.58613e-06 -6.57692e-06)
(-3.25674e-05 -1.21727e-06 -6.63424e-06)
(-3.25188e-05 -7.55933e-07 -6.6673e-06)
(-3.24952e-05 -2.55389e-07 -6.6822e-06)
(-3.24952e-05 2.55389e-07 -6.6822e-06)
(-3.25188e-05 7.55933e-07 -6.6673e-06)
(-3.25674e-05 1.21727e-06 -6.63424e-06)
(-3.2644e-05 1.58613e-06 -6.57692e-06)
(-3.35144e-05 -1.53944e-06 -7.12543e-06)
(-3.34367e-05 -1.18334e-06 -7.18385e-06)
(-3.33876e-05 -7.35141e-07 -7.21724e-06)
(-3.33638e-05 -2.48369e-07 -7.23219e-06)
(-3.33638e-05 2.48369e-07 -7.23219e-06)
(-3.33876e-05 7.35141e-07 -7.21724e-06)
(-3.34367e-05 1.18334e-06 -7.18385e-06)
(-3.35144e-05 1.53944e-06 -7.12543e-06)
(-3.43529e-05 -1.49289e-06 -7.66995e-06)
(-3.42743e-05 -1.14943e-06 -7.72935e-06)
(-3.42247e-05 -7.1436e-07 -7.76299e-06)
(-3.42007e-05 -2.41353e-07 -7.77797e-06)
(-3.42007e-05 2.41353e-07 -7.77797e-06)
(-3.42247e-05 7.1436e-07 -7.76299e-06)
(-3.42743e-05 1.14943e-06 -7.72935e-06)
(-3.43529e-05 1.49289e-06 -7.66995e-06)
(-3.51602e-05 -1.44651e-06 -8.20939e-06)
(-3.50806e-05 -1.11559e-06 -8.26964e-06)
(-3.50307e-05 -6.9361e-07 -8.30348e-06)
(-3.50065e-05 -2.34348e-07 -8.31846e-06)
(-3.50065e-05 2.34348e-07 -8.31846e-06)
(-3.50307e-05 6.9361e-07 -8.30348e-06)
(-3.50806e-05 1.11559e-06 -8.26964e-06)
(-3.51602e-05 1.44651e-06 -8.20939e-06)
(-3.59366e-05 -1.40037e-06 -8.74272e-06)
(-3.58563e-05 -1.08185e-06 -8.8037e-06)
(-3.58061e-05 -6.72908e-07 -8.83768e-06)
(-3.57818e-05 -2.27361e-07 -8.85263e-06)
(-3.57818e-05 2.27361e-07 -8.85263e-06)
(-3.58061e-05 6.72908e-07 -8.83768e-06)
(-3.58563e-05 1.08185e-06 -8.8037e-06)
(-3.59366e-05 1.40037e-06 -8.74272e-06)
(-3.66829e-05 -1.35449e-06 -9.269e-06)
(-3.6602e-05 -1.04823e-06 -9.33058e-06)
(-3.65515e-05 -6.52274e-07 -9.36463e-06)
(-3.65271e-05 -2.20396e-07 -9.37954e-06)
(-3.65271e-05 2.20396e-07 -9.37954e-06)
(-3.65515e-05 6.52274e-07 -9.36463e-06)
(-3.6602e-05 1.04823e-06 -9.33058e-06)
(-3.66829e-05 1.35449e-06 -9.269e-06)
(-3.73995e-05 -1.30893e-06 -9.78734e-06)
(-3.73181e-05 -1.01476e-06 -9.84939e-06)
(-3.72674e-05 -6.31722e-07 -9.88345e-06)
(-3.72431e-05 -2.1346e-07 -9.8983e-06)
(-3.72431e-05 2.1346e-07 -9.8983e-06)
(-3.72674e-05 6.31722e-07 -9.88345e-06)
(-3.73181e-05 1.01476e-06 -9.84939e-06)
(-3.73995e-05 1.30893e-06 -9.78734e-06)
(-3.8087e-05 -1.26372e-06 -1.02969e-05)
(-3.80053e-05 -9.81474e-07 -1.03593e-05)
(-3.79545e-05 -6.11269e-07 -1.03933e-05)
(-3.79301e-05 -2.06557e-07 -1.04081e-05)
(-3.79301e-05 2.06557e-07 -1.04081e-05)
(-3.79545e-05 6.11269e-07 -1.03933e-05)
(-3.80053e-05 9.81474e-07 -1.03593e-05)
(-3.8087e-05 1.26372e-06 -1.02969e-05)
(-3.87461e-05 -1.21889e-06 -1.0797e-05)
(-3.86641e-05 -9.48389e-07 -1.08597e-05)
(-3.86133e-05 -5.90931e-07 -1.08936e-05)
(-3.8589e-05 -1.99694e-07 -1.09082e-05)
(-3.8589e-05 1.99694e-07 -1.09082e-05)
(-3.86133e-05 5.90931e-07 -1.08936e-05)
(-3.86641e-05 9.48389e-07 -1.08597e-05)
(-3.87461e-05 1.21889e-06 -1.0797e-05)
(-3.93772e-05 -1.17449e-06 -1.12869e-05)
(-3.92952e-05 -9.15532e-07 -1.13497e-05)
(-3.92444e-05 -5.70721e-07 -1.13834e-05)
(-3.92201e-05 -1.92874e-07 -1.13979e-05)
(-3.92201e-05 1.92874e-07 -1.13979e-05)
(-3.92444e-05 5.70721e-07 -1.13834e-05)
(-3.92952e-05 9.15532e-07 -1.13497e-05)
(-3.93772e-05 1.17449e-06 -1.12869e-05)
(-3.99811e-05 -1.13053e-06 -1.1766e-05)
(-3.9899e-05 -8.82927e-07 -1.18288e-05)
(-3.98484e-05 -5.50656e-07 -1.18622e-05)
(-3.98243e-05 -1.86103e-07 -1.18766e-05)
(-3.98243e-05 1.86103e-07 -1.18766e-05)
(-3.98484e-05 5.50656e-07 -1.18622e-05)
(-3.9899e-05 8.82927e-07 -1.18288e-05)
(-3.99811e-05 1.13053e-06 -1.1766e-05)
(-4.05582e-05 -1.08706e-06 -1.22338e-05)
(-4.04763e-05 -8.50596e-07 -1.22964e-05)
(-4.04259e-05 -5.30748e-07 -1.23296e-05)
(-4.04019e-05 -1.79386e-07 -1.23437e-05)
(-4.04019e-05 1.79386e-07 -1.23437e-05)
(-4.04259e-05 5.30748e-07 -1.23296e-05)
(-4.04763e-05 8.50596e-07 -1.22964e-05)
(-4.05582e-05 1.08706e-06 -1.22338e-05)
(-4.11093e-05 -1.0441e-06 -1.26896e-05)
(-4.10276e-05 -8.18563e-07 -1.2752e-05)
(-4.09775e-05 -5.11012e-07 -1.27848e-05)
(-4.09536e-05 -1.72727e-07 -1.27988e-05)
(-4.09536e-05 1.72728e-07 -1.27988e-05)
(-4.09775e-05 5.11012e-07 -1.27848e-05)
(-4.10276e-05 8.18563e-07 -1.2752e-05)
(-4.11093e-05 1.0441e-06 -1.26896e-05)
(-4.16348e-05 -1.00168e-06 -1.31331e-05)
(-4.15535e-05 -7.86849e-07 -1.31951e-05)
(-4.15038e-05 -4.91462e-07 -1.32276e-05)
(-4.14801e-05 -1.66132e-07 -1.32413e-05)
(-4.14801e-05 1.66132e-07 -1.32413e-05)
(-4.15038e-05 4.91462e-07 -1.32276e-05)
(-4.15535e-05 7.86849e-07 -1.31951e-05)
(-4.16348e-05 1.00168e-06 -1.31331e-05)
(-4.21353e-05 -9.59821e-07 -1.35639e-05)
(-4.20546e-05 -7.55475e-07 -1.36254e-05)
(-4.20053e-05 -4.72111e-07 -1.36574e-05)
(-4.19818e-05 -1.59603e-07 -1.36709e-05)
(-4.19818e-05 1.59603e-07 -1.36709e-05)
(-4.20053e-05 4.72112e-07 -1.36574e-05)
(-4.20546e-05 7.55475e-07 -1.36254e-05)
(-4.21353e-05 9.59821e-07 -1.35639e-05)
(-4.26115e-05 -9.18554e-07 -1.39816e-05)
(-4.25315e-05 -7.24463e-07 -1.40425e-05)
(-4.24826e-05 -4.52973e-07 -1.4074e-05)
(-4.24594e-05 -1.53147e-07 -1.40873e-05)
(-4.24594e-05 1.53147e-07 -1.40873e-05)
(-4.24826e-05 4.52973e-07 -1.4074e-05)
(-4.25315e-05 7.24463e-07 -1.40425e-05)
(-4.26115e-05 9.18554e-07 -1.39816e-05)
(-4.30639e-05 -8.77902e-07 -1.43859e-05)
(-4.29847e-05 -6.93833e-07 -1.44461e-05)
(-4.29364e-05 -4.3406e-07 -1.44771e-05)
(-4.29134e-05 -1.46766e-07 -1.44901e-05)
(-4.29134e-05 1.46766e-07 -1.44901e-05)
(-4.29364e-05 4.3406e-07 -1.44771e-05)
(-4.29847e-05 6.93833e-07 -1.44461e-05)
(-4.30639e-05 8.77903e-07 -1.43859e-05)
(-4.34932e-05 -8.37889e-07 -1.47766e-05)
(-4.34148e-05 -6.63605e-07 -1.4836e-05)
(-4.33671e-05 -4.15384e-07 -1.48664e-05)
(-4.33445e-05 -1.40466e-07 -1.48791e-05)
(-4.33445e-05 1.40466e-07 -1.48791e-05)
(-4.33671e-05 4.15384e-07 -1.48664e-05)
(-4.34148e-05 6.63605e-07 -1.4836e-05)
(-4.34932e-05 8.37889e-07 -1.47766e-05)
(-4.38998e-05 -7.98537e-07 -1.51534e-05)
(-4.38224e-05 -6.33799e-07 -1.5212e-05)
(-4.37754e-05 -3.9696e-07 -1.52417e-05)
(-4.37531e-05 -1.34251e-07 -1.52541e-05)
(-4.37531e-05 1.34251e-07 -1.52541e-05)
(-4.37754e-05 3.9696e-07 -1.52417e-05)
(-4.38224e-05 6.33799e-07 -1.5212e-05)
(-4.38998e-05 7.98537e-07 -1.51534e-05)
(-4.42844e-05 -7.59867e-07 -1.55162e-05)
(-4.42082e-05 -6.04434e-07 -1.55738e-05)
(-4.41619e-05 -3.78799e-07 -1.56029e-05)
(-4.41399e-05 -1.28125e-07 -1.56149e-05)
(-4.414e-05 1.28126e-07 -1.56149e-05)
(-4.41619e-05 3.78799e-07 -1.56029e-05)
(-4.42082e-05 6.04434e-07 -1.55738e-05)
(-4.42844e-05 7.59867e-07 -1.55162e-05)
(-4.46475e-05 -7.21902e-07 -1.58649e-05)
(-4.45725e-05 -5.75531e-07 -1.59214e-05)
(-4.4527e-05 -3.60914e-07 -1.59498e-05)
(-4.45055e-05 -1.22093e-07 -1.59615e-05)
(-4.45055e-05 1.22093e-07 -1.59615e-05)
(-4.4527e-05 3.60914e-07 -1.59498e-05)
(-4.45725e-05 5.75531e-07 -1.59214e-05)
(-4.46475e-05 7.21902e-07 -1.58649e-05)
(-4.49897e-05 -6.84662e-07 -1.61994e-05)
(-4.4916e-05 -5.47108e-07 -1.62547e-05)
(-4.48714e-05 -3.43317e-07 -1.62824e-05)
(-4.48503e-05 -1.16157e-07 -1.62938e-05)
(-4.48503e-05 1.16157e-07 -1.62938e-05)
(-4.48714e-05 3.43317e-07 -1.62824e-05)
(-4.4916e-05 5.47108e-07 -1.62547e-05)
(-4.49897e-05 6.84662e-07 -1.61994e-05)
(-4.53116e-05 -6.48167e-07 -1.65196e-05)
(-4.52394e-05 -5.19183e-07 -1.65737e-05)
(-4.51956e-05 -3.26019e-07 -1.66006e-05)
(-4.5175e-05 -1.10323e-07 -1.66116e-05)
(-4.5175e-05 1.10323e-07 -1.66116e-05)
(-4.51956e-05 3.26019e-07 -1.66006e-05)
(-4.52394e-05 5.19183e-07 -1.65737e-05)
(-4.53116e-05 6.48167e-07 -1.65196e-05)
(-4.56138e-05 -6.12437e-07 -1.68255e-05)
(-4.5543e-05 -4.91776e-07 -1.68784e-05)
(-4.55002e-05 -3.09034e-07 -1.69045e-05)
(-4.548e-05 -1.04594e-07 -1.69152e-05)
(-4.548e-05 1.04595e-07 -1.69152e-05)
(-4.55002e-05 3.09034e-07 -1.69045e-05)
(-4.5543e-05 4.91776e-07 -1.68784e-05)
(-4.56138e-05 6.12437e-07 -1.68255e-05)
(-4.58967e-05 -5.77492e-07 -1.71172e-05)
(-4.58275e-05 -4.64906e-07 -1.71687e-05)
(-4.57857e-05 -2.92373e-07 -1.7194e-05)
(-4.5766e-05 -9.89752e-08 -1.72043e-05)
(-4.5766e-05 9.89752e-08 -1.72043e-05)
(-4.57857e-05 2.92373e-07 -1.7194e-05)
(-4.58275e-05 4.64906e-07 -1.71687e-05)
(-4.58967e-05 5.77493e-07 -1.71172e-05)
(-4.61609e-05 -5.43352e-07 -1.73947e-05)
(-4.60934e-05 -4.3859e-07 -1.74449e-05)
(-4.60527e-05 -2.76048e-07 -1.74693e-05)
(-4.60334e-05 -9.34693e-08 -1.74792e-05)
(-4.60334e-05 9.34693e-08 -1.74792e-05)
(-4.60527e-05 2.76048e-07 -1.74693e-05)
(-4.60934e-05 4.3859e-07 -1.74449e-05)
(-4.61609e-05 5.43352e-07 -1.73947e-05)
(-4.64071e-05 -5.10037e-07 -1.76582e-05)
(-4.63413e-05 -4.12847e-07 -1.77069e-05)
(-4.63017e-05 -2.60071e-07 -1.77304e-05)
(-4.62829e-05 -8.80807e-08 -1.774e-05)
(-4.62829e-05 8.80807e-08 -1.774e-05)
(-4.63017e-05 2.60071e-07 -1.77304e-05)
(-4.63413e-05 4.12847e-07 -1.77069e-05)
(-4.64071e-05 5.10037e-07 -1.76582e-05)
(-4.66357e-05 -4.77564e-07 -1.79077e-05)
(-4.65718e-05 -3.87695e-07 -1.79548e-05)
(-4.65332e-05 -2.44452e-07 -1.79776e-05)
(-4.6515e-05 -8.28133e-08 -1.79867e-05)
(-4.6515e-05 8.28134e-08 -1.79867e-05)
(-4.65332e-05 2.44452e-07 -1.79776e-05)
(-4.65718e-05 3.87695e-07 -1.79548e-05)
(-4.66357e-05 4.77564e-07 -1.79077e-05)
(-4.68473e-05 -4.45955e-07 -1.81434e-05)
(-4.67853e-05 -3.63153e-07 -1.8189e-05)
(-4.67479e-05 -2.29205e-07 -1.82108e-05)
(-4.67302e-05 -7.76711e-08 -1.82196e-05)
(-4.67302e-05 7.76712e-08 -1.82196e-05)
(-4.67479e-05 2.29205e-07 -1.82108e-05)
(-4.67853e-05 3.63153e-07 -1.8189e-05)
(-4.68473e-05 4.45956e-07 -1.81434e-05)
(-4.70425e-05 -4.1523e-07 -1.83655e-05)
(-4.69824e-05 -3.39239e-07 -1.84095e-05)
(-4.69461e-05 -2.14341e-07 -1.84304e-05)
(-4.6929e-05 -7.26579e-08 -1.84389e-05)
(-4.6929e-05 7.2658e-08 -1.84389e-05)
(-4.69461e-05 2.14341e-07 -1.84304e-05)
(-4.69824e-05 3.39239e-07 -1.84095e-05)
(-4.70425e-05 4.1523e-07 -1.83655e-05)
(-4.72217e-05 -3.85406e-07 -1.85742e-05)
(-4.71636e-05 -3.15972e-07 -1.86166e-05)
(-4.71286e-05 -1.9987e-07 -1.86366e-05)
(-4.71121e-05 -6.77775e-08 -1.86447e-05)
(-4.71121e-05 6.77776e-08 -1.86447e-05)
(-4.71286e-05 1.9987e-07 -1.86366e-05)
(-4.71636e-05 3.15972e-07 -1.86166e-05)
(-4.72217e-05 3.85407e-07 -1.85742e-05)
(-4.73856e-05 -3.56506e-07 -1.87697e-05)
(-4.73296e-05 -2.93368e-07 -1.88104e-05)
(-4.72958e-05 -1.85805e-07 -1.88296e-05)
(-4.72799e-05 -6.30339e-08 -1.88372e-05)
(-4.72799e-05 6.3034e-08 -1.88372e-05)
(-4.72958e-05 1.85805e-07 -1.88296e-05)
(-4.73296e-05 2.93368e-07 -1.88104e-05)
(-4.73856e-05 3.56506e-07 -1.87697e-05)
(-4.75347e-05 -3.28549e-07 -1.89523e-05)
(-4.74808e-05 -2.71448e-07 -1.89914e-05)
(-4.74483e-05 -1.72158e-07 -1.90096e-05)
(-4.74329e-05 -5.84308e-08 -1.90169e-05)
(-4.74329e-05 5.84309e-08 -1.90169e-05)
(-4.74483e-05 1.72158e-07 -1.90096e-05)
(-4.74808e-05 2.71448e-07 -1.89914e-05)
(-4.75347e-05 3.2855e-07 -1.89523e-05)
(-4.76696e-05 -3.01557e-07 -1.91223e-05)
(-4.76178e-05 -2.50229e-07 -1.91597e-05)
(-4.75866e-05 -1.58939e-07 -1.9177e-05)
(-4.75718e-05 -5.39721e-08 -1.91839e-05)
(-4.75718e-05 5.39722e-08 -1.91839e-05)
(-4.75866e-05 1.58939e-07 -1.9177e-05)
(-4.76178e-05 2.50229e-07 -1.91597e-05)
(-4.76696e-05 3.01557e-07 -1.91223e-05)
(-4.77908e-05 -2.75549e-07 -1.928e-05)
(-4.77411e-05 -2.29729e-07 -1.93156e-05)
(-4.77112e-05 -1.4616e-07 -1.93321e-05)
(-4.7697e-05 -4.96615e-08 -1.93386e-05)
(-4.7697e-05 4.96616e-08 -1.93386e-05)
(-4.77112e-05 1.4616e-07 -1.93321e-05)
(-4.77411e-05 2.29729e-07 -1.93156e-05)
(-4.77908e-05 2.75549e-07 -1.928e-05)
(-4.78988e-05 -2.50549e-07 -1.94257e-05)
(-4.78514e-05 -2.09967e-07 -1.94596e-05)
(-4.78227e-05 -1.33833e-07 -1.94751e-05)
(-4.78092e-05 -4.55029e-08 -1.94813e-05)
(-4.78092e-05 4.5503e-08 -1.94813e-05)
(-4.78227e-05 1.33833e-07 -1.94751e-05)
(-4.78514e-05 2.09967e-07 -1.94596e-05)
(-4.78988e-05 2.50549e-07 -1.94257e-05)
(-4.79943e-05 -2.26577e-07 -1.95597e-05)
(-4.79491e-05 -1.90963e-07 -1.95918e-05)
(-4.79218e-05 -1.21969e-07 -1.96065e-05)
(-4.79088e-05 -4.15002e-08 -1.96123e-05)
(-4.79088e-05 4.15003e-08 -1.96123e-05)
(-4.79218e-05 1.21969e-07 -1.96065e-05)
(-4.79491e-05 1.90963e-07 -1.95918e-05)
(-4.79943e-05 2.26577e-07 -1.95597e-05)
(-4.80778e-05 -2.03656e-07 -1.96824e-05)
(-4.80348e-05 -1.72733e-07 -1.97128e-05)
(-4.80088e-05 -1.1058e-07 -1.97266e-05)
(-4.79965e-05 -3.76571e-08 -1.97321e-05)
(-4.79965e-05 3.76572e-08 -1.97321e-05)
(-4.80088e-05 1.1058e-07 -1.97266e-05)
(-4.80348e-05 1.72733e-07 -1.97128e-05)
(-4.80778e-05 2.03656e-07 -1.96824e-05)
(-4.81498e-05 -1.81808e-07 -1.97942e-05)
(-4.81091e-05 -1.55298e-07 -1.98229e-05)
(-4.80845e-05 -9.9677e-08 -1.98359e-05)
(-4.80728e-05 -3.39773e-08 -1.9841e-05)
(-4.80728e-05 3.39774e-08 -1.9841e-05)
(-4.80845e-05 9.96771e-08 -1.98359e-05)
(-4.81091e-05 1.55298e-07 -1.98229e-05)
(-4.81498e-05 1.81808e-07 -1.97942e-05)
(-4.8211e-05 -1.61057e-07 -1.98954e-05)
(-4.81726e-05 -1.38675e-07 -1.99225e-05)
(-4.81493e-05 -8.92712e-08 -1.99346e-05)
(-4.81382e-05 -3.04647e-08 -1.99394e-05)
(-4.81382e-05 3.04648e-08 -1.99394e-05)
(-4.81493e-05 8.92713e-08 -1.99346e-05)
(-4.81726e-05 1.38675e-07 -1.99225e-05)
(-4.8211e-05 1.61057e-07 -1.98954e-05)
(-4.8262e-05 -1.41426e-07 -1.99866e-05)
(-4.82258e-05 -1.22884e-07 -2.00119e-05)
(-4.82038e-05 -7.93745e-08 -2.00232e-05)
(-4.81934e-05 -2.7123e-08 -2.00277e-05)
(-4.81934e-05 2.71231e-08 -2.00277e-05)
(-4.82038e-05 7.93746e-08 -2.00232e-05)
(-4.82258e-05 1.22884e-07 -2.00119e-05)
(-4.8262e-05 1.41426e-07 -1.99866e-05)
(-4.83032e-05 -1.22941e-07 -2.00681e-05)
(-4.82693e-05 -1.07945e-07 -2.00917e-05)
(-4.82487e-05 -6.99984e-08 -2.01022e-05)
(-4.82389e-05 -2.39561e-08 -2.01063e-05)
(-4.82389e-05 2.39562e-08 -2.01063e-05)
(-4.82487e-05 6.99985e-08 -2.01022e-05)
(-4.82693e-05 1.07945e-07 -2.00917e-05)
(-4.83032e-05 1.22941e-07 -2.00681e-05)
(-4.83354e-05 -1.05625e-07 -2.01403e-05)
(-4.83038e-05 -9.38759e-08 -2.01622e-05)
(-4.82846e-05 -6.11547e-08 -2.01719e-05)
(-4.82754e-05 -2.09679e-08 -2.01757e-05)
(-4.82754e-05 2.0968e-08 -2.01757e-05)
(-4.82846e-05 6.11548e-08 -2.01719e-05)
(-4.83038e-05 9.3876e-08 -2.01622e-05)
(-4.83354e-05 1.05625e-07 -2.01403e-05)
(-4.83591e-05 -8.95053e-08 -2.02037e-05)
(-4.83298e-05 -8.06979e-08 -2.02239e-05)
(-4.83119e-05 -5.28552e-08 -2.02329e-05)
(-4.83033e-05 -1.81623e-08 -2.02364e-05)
(-4.83033e-05 1.81624e-08 -2.02364e-05)
(-4.83119e-05 5.28553e-08 -2.02329e-05)
(-4.83298e-05 8.0698e-08 -2.02239e-05)
(-4.83591e-05 8.95054e-08 -2.02037e-05)
(-4.83749e-05 -7.46077e-08 -2.02587e-05)
(-4.83479e-05 -6.84318e-08 -2.02773e-05)
(-4.83314e-05 -4.51124e-08 -2.02856e-05)
(-4.83234e-05 -1.55432e-08 -2.02888e-05)
(-4.83234e-05 1.55433e-08 -2.02888e-05)
(-4.83314e-05 4.51125e-08 -2.02856e-05)
(-4.83479e-05 6.84319e-08 -2.02773e-05)
(-4.83749e-05 7.46079e-08 -2.02587e-05)
(-4.83835e-05 -6.09613e-08 -2.03058e-05)
(-4.83588e-05 -5.70998e-08 -2.03229e-05)
(-4.83436e-05 -3.79396e-08 -2.03304e-05)
(-4.83363e-05 -1.31151e-08 -2.03334e-05)
(-4.83363e-05 1.31152e-08 -2.03334e-05)
(-4.83436e-05 3.79397e-08 -2.03304e-05)
(-4.83588e-05 5.70999e-08 -2.03229e-05)
(-4.83835e-05 6.09615e-08 -2.03058e-05)
(-4.83855e-05 -4.85977e-08 -2.03456e-05)
(-4.83631e-05 -4.67272e-08 -2.03611e-05)
(-4.83492e-05 -3.13517e-08 -2.03679e-05)
(-4.83425e-05 -1.08829e-08 -2.03706e-05)
(-4.83425e-05 1.0883e-08 -2.03706e-05)
(-4.83492e-05 3.13518e-08 -2.03679e-05)
(-4.83631e-05 4.67273e-08 -2.03611e-05)
(-4.83855e-05 4.85979e-08 -2.03456e-05)
(-4.83815e-05 -3.7554e-08 -2.03785e-05)
(-4.83614e-05 -3.73434e-08 -2.03924e-05)
(-4.83489e-05 -2.53666e-08 -2.03986e-05)
(-4.83429e-05 -8.85247e-09 -2.0401e-05)
(-4.83429e-05 8.85255e-09 -2.0401e-05)
(-4.83489e-05 2.53667e-08 -2.03986e-05)
(-4.83614e-05 3.73435e-08 -2.03924e-05)
(-4.83815e-05 3.75542e-08 -2.03785e-05)
(-4.83722e-05 -2.7876e-08 -2.04049e-05)
(-4.83545e-05 -2.89854e-08 -2.04173e-05)
(-4.83433e-05 -2.00072e-08 -2.04229e-05)
(-4.83379e-05 -7.03156e-09 -2.04251e-05)
(-4.83379e-05 7.03165e-09 -2.04251e-05)
(-4.83433e-05 2.00073e-08 -2.04229e-05)
(-4.83545e-05 2.89855e-08 -2.04173e-05)
(-4.83722e-05 2.78761e-08 -2.04049e-05)
(-4.83582e-05 -1.96255e-08 -2.04256e-05)
(-4.83429e-05 -2.17022e-08 -2.04364e-05)
(-4.83331e-05 -1.5304e-08 -2.04414e-05)
(-4.83284e-05 -5.43029e-09 -2.04433e-05)
(-4.83284e-05 5.43036e-09 -2.04433e-05)
(-4.83331e-05 1.5304e-08 -2.04414e-05)
(-4.83429e-05 2.17023e-08 -2.04364e-05)
(-4.83582e-05 1.96257e-08 -2.04256e-05)
(-4.83402e-05 -1.28931e-08 -2.04409e-05)
(-4.83275e-05 -1.55602e-08 -2.04502e-05)
(-4.83192e-05 -1.12968e-08 -2.04545e-05)
(-4.83152e-05 -4.06145e-09 -2.04563e-05)
(-4.83152e-05 4.06144e-09 -2.04563e-05)
(-4.83192e-05 1.12969e-08 -2.04545e-05)
(-4.83275e-05 1.55603e-08 -2.04502e-05)
(-4.83402e-05 1.28933e-08 -2.04409e-05)
(-4.8319e-05 -7.82459e-09 -2.04515e-05)
(-4.8309e-05 -1.06456e-08 -2.04591e-05)
(-4.83023e-05 -8.03284e-09 -2.04628e-05)
(-4.8299e-05 -2.93969e-09 -2.04643e-05)
(-4.8299e-05 2.93966e-09 -2.04643e-05)
(-4.83023e-05 8.03305e-09 -2.04628e-05)
(-4.8309e-05 1.06459e-08 -2.04591e-05)
(-4.8319e-05 7.82461e-09 -2.04515e-05)
(-4.82955e-05 -4.68731e-09 -2.04583e-05)
(-4.82886e-05 -7.06256e-09 -2.0464e-05)
(-4.82836e-05 -5.55001e-09 -2.04668e-05)
(-4.8281e-05 -2.07385e-09 -2.0468e-05)
(-4.8281e-05 2.07404e-09 -2.0468e-05)
(-4.82836e-05 5.55007e-09 -2.04668e-05)
(-4.82886e-05 7.06264e-09 -2.0464e-05)
(-4.82955e-05 4.68719e-09 -2.04583e-05)
(-4.82714e-05 -3.99827e-09 -2.04625e-05)
(-4.82679e-05 -4.89329e-09 -2.04656e-05)
(-4.82646e-05 -3.81207e-09 -2.04673e-05)
(-4.82628e-05 -1.44348e-09 -2.0468e-05)
(-4.82628e-05 1.44379e-09 -2.0468e-05)
(-4.82646e-05 3.81186e-09 -2.04673e-05)
(-4.82679e-05 4.89342e-09 -2.04656e-05)
(-4.82714e-05 3.99864e-09 -2.04625e-05)
(-4.82499e-05 -6.42099e-09 -2.04667e-05)
(-4.82496e-05 -3.9092e-09 -2.04656e-05)
(-4.82479e-05 -2.59536e-09 -2.04655e-05)
(-4.82468e-05 -9.91493e-10 -2.04655e-05)
(-4.82468e-05 9.91192e-10 -2.04655e-05)
(-4.82479e-05 2.59548e-09 -2.04655e-05)
(-4.82496e-05 3.90971e-09 -2.04656e-05)
(-4.82499e-05 6.42153e-09 -2.04667e-05)
(-4.82368e-05 -1.06254e-08 -2.04747e-05)
(-4.82365e-05 -2.78385e-09 -2.047e-05)
(-4.8236e-05 -1.46424e-09 -2.04674e-05)
(-4.82355e-05 -6.24912e-10 -2.04666e-05)
(-4.82355e-05 6.23673e-10 -2.04667e-05)
(-4.8236e-05 1.46531e-09 -2.04674e-05)
(-4.82366e-05 2.78442e-09 -2.047e-05)
(-4.82368e-05 1.06243e-08 -2.04747e-05)
)
;
        value           nonuniform List<vector> 
640
(
(-8.52945e-10 -7.79905e-10 5.28017e-10)
(-8.40608e-10 -4.77262e-10 7.20033e-10)
(-9.45117e-10 -2.64105e-10 8.82584e-10)
(-1.00176e-09 -8.15971e-11 9.53019e-10)
(-1.00176e-09 8.15971e-11 9.53019e-10)
(-9.45117e-10 2.64105e-10 8.82584e-10)
(-8.40608e-10 4.77262e-10 7.20033e-10)
(-8.52945e-10 7.79905e-10 5.28017e-10)
(-1.31834e-09 -1.33606e-09 6.54123e-10)
(-1.23536e-09 -8.73599e-10 9.13384e-10)
(-1.21613e-09 -5.04124e-10 1.11223e-09)
(-1.21823e-09 -1.61797e-10 1.20315e-09)
(-1.21823e-09 1.61797e-10 1.20315e-09)
(-1.21613e-09 5.04124e-10 1.11223e-09)
(-1.23536e-09 8.73599e-10 9.13384e-10)
(-1.31834e-09 1.33606e-09 6.54123e-10)
(-2.06103e-09 -1.47647e-09 9.34662e-10)
(-2.00256e-09 -1.03406e-09 1.21687e-09)
(-1.9617e-09 -6.10365e-10 1.41292e-09)
(-1.94824e-09 -2.00225e-10 1.50732e-09)
(-1.94824e-09 2.00225e-10 1.50732e-09)
(-1.9617e-09 6.10365e-10 1.41292e-09)
(-2.00256e-09 1.03406e-09 1.21687e-09)
(-2.06103e-09 1.47647e-09 9.34662e-10)
(-2.88052e-09 -1.52344e-09 1.43638e-09)
(-2.85757e-09 -1.09494e-09 1.72081e-09)
(-2.8345e-09 -6.54599e-10 1.9109e-09)
(-2.82497e-09 -2.17022e-10 2.00411e-09)
(-2.82497e-09 2.17022e-10 2.00411e-09)
(-2.8345e-09 6.54599e-10 1.9109e-09)
(-2.85757e-09 1.09494e-09 1.72081e-09)
(-2.88052e-09 1.52344e-09 1.43638e-09)
(-3.70794e-09 -1.53312e-09 2.14338e-09)
(-3.71451e-09 -1.11106e-09 2.42179e-09)
(-3.71114e-09 -6.6919e-10 2.60834e-09)
(-3.70918e-09 -2.23033e-10 2.70068e-09)
(-3.70918e-09 2.23033e-10 2.70068e-09)
(-3.71114e-09 6.6919e-10 2.60834e-09)
(-3.71451e-09 1.11106e-09 2.42179e-09)
(-3.70794e-09 1.53312e-09 2.14338e-09)
(-4.54718e-09 -1.51888e-09 3.04131e-09)
(-4.57713e-09 -1.1041e-09 3.31119e-09)
(-4.58945e-09 -6.67671e-10 3.49399e-09)
(-4.59448e-09 -2.23168e-10 3.58533e-09)
(-4.59448e-09 2.23168e-10 3.58533e-09)
(-4.58945e-09 6.67671e-10 3.49399e-09)
(-4.57713e-09 1.1041e-09 3.31119e-09)
(-4.54718e-09 1.51888e-09 3.04131e-09)
(-5.40461e-09 -1.49161e-09 4.11838e-09)
(-5.4523e-09 -1.08557e-09 4.37937e-09)
(-5.47708e-09 -6.5779e-10 4.55789e-09)
(-5.48806e-09 -2.20211e-10 4.64782e-09)
(-5.48806e-09 2.20211e-10 4.64782e-09)
(-5.47708e-09 6.5779e-10 4.55789e-09)
(-5.4523e-09 1.08557e-09 4.37937e-09)
(-5.40461e-09 1.49161e-09 4.11838e-09)
(-6.28368e-09 -1.45863e-09 5.36624e-09)
(-6.34447e-09 -1.06188e-09 5.61872e-09)
(-6.37909e-09 -6.44035e-10 5.79273e-09)
(-6.395e-09 -2.15779e-10 5.88094e-09)
(-6.395e-09 2.15779e-10 5.88094e-09)
(-6.37909e-09 6.44035e-10 5.79273e-09)
(-6.34447e-09 1.06188e-09 5.61871e-09)
(-6.28368e-09 1.45863e-09 5.36624e-09)
(-7.18702e-09 -1.42389e-09 6.77916e-09)
(-7.25749e-09 -1.03643e-09 7.02372e-09)
(-7.29974e-09 -6.28813e-10 7.19325e-09)
(-7.31964e-09 -2.10754e-10 7.27956e-09)
(-7.31964e-09 2.10754e-10 7.27956e-09)
(-7.29974e-09 6.28813e-10 7.19325e-09)
(-7.25749e-09 1.03643e-09 7.02372e-09)
(-7.18702e-09 1.42389e-09 6.77916e-09)
(-8.11713e-09 -1.38913e-09 8.35281e-09)
(-8.19483e-09 -1.01081e-09 8.59007e-09)
(-8.24297e-09 -6.13297e-10 8.75521e-09)
(-8.26601e-09 -2.05577e-10 8.83955e-09)
(-8.26601e-09 2.05577e-10 8.83955e-09)
(-8.24297e-09 6.13297e-10 8.75521e-09)
(-8.19483e-09 1.01081e-09 8.59007e-09)
(-8.11713e-09 1.38913e-09 8.35281e-09)
(-9.07646e-09 -1.355e-09 1.00837e-08)
(-9.15967e-09 -9.8567e-10 1.03141e-08)
(-9.21233e-09 -5.97987e-10 1.0475e-08)
(-9.23782e-09 -2.00444e-10 1.05573e-08)
(-9.23782e-09 2.00444e-10 1.05573e-08)
(-9.21233e-09 5.97987e-10 1.0475e-08)
(-9.15967e-09 9.8567e-10 1.03141e-08)
(-9.07646e-09 1.355e-09 1.00837e-08)
(-1.00674e-08 -1.32163e-09 1.19687e-08)
(-1.01549e-08 -9.61162e-10 1.21926e-08)
(-1.0211e-08 -5.83039e-10 1.23493e-08)
(-1.02384e-08 -1.95422e-10 1.24296e-08)
(-1.02384e-08 1.95422e-10 1.24296e-08)
(-1.0211e-08 5.83039e-10 1.23493e-08)
(-1.01549e-08 9.61162e-10 1.21926e-08)
(-1.00674e-08 1.32163e-09 1.19687e-08)
(-1.10921e-08 -1.28896e-09 1.40049e-08)
(-1.1183e-08 -9.37245e-10 1.42225e-08)
(-1.12419e-08 -5.68456e-10 1.43751e-08)
(-1.12708e-08 -1.9052e-10 1.44534e-08)
(-1.12708e-08 1.9052e-10 1.44534e-08)
(-1.12419e-08 5.68456e-10 1.43751e-08)
(-1.1183e-08 9.37245e-10 1.42225e-08)
(-1.10921e-08 1.28896e-09 1.40049e-08)
(-1.21527e-08 -1.25683e-09 1.61895e-08)
(-1.22463e-08 -9.13809e-10 1.64009e-08)
(-1.23074e-08 -5.5418e-10 1.65495e-08)
(-1.23375e-08 -1.85722e-10 1.66257e-08)
(-1.23375e-08 1.85722e-10 1.66257e-08)
(-1.23074e-08 5.5418e-10 1.65495e-08)
(-1.22463e-08 9.13809e-10 1.64009e-08)
(-1.21527e-08 1.25683e-09 1.61895e-08)
(-1.3251e-08 -1.22512e-09 1.85196e-08)
(-1.33468e-08 -8.90739e-10 1.87249e-08)
(-1.34096e-08 -5.40143e-10 1.88694e-08)
(-1.34407e-08 -1.81007e-10 1.89436e-08)
(-1.34407e-08 1.81007e-10 1.89436e-08)
(-1.34096e-08 5.40143e-10 1.88694e-08)
(-1.33468e-08 8.90739e-10 1.87249e-08)
(-1.3251e-08 1.22512e-09 1.85196e-08)
(-1.43888e-08 -1.19371e-09 2.09924e-08)
(-1.44864e-08 -8.6794e-10 2.11916e-08)
(-1.45505e-08 -5.26287e-10 2.1332e-08)
(-1.45823e-08 -1.76355e-10 2.14042e-08)
(-1.45823e-08 1.76355e-10 2.14042e-08)
(-1.45505e-08 5.26287e-10 2.1332e-08)
(-1.44864e-08 8.6794e-10 2.11916e-08)
(-1.43888e-08 1.19371e-09 2.09924e-08)
(-1.55674e-08 -1.16254e-09 2.36048e-08)
(-1.56665e-08 -8.45344e-10 2.37979e-08)
(-1.57317e-08 -5.12566e-10 2.39343e-08)
(-1.5764e-08 -1.7175e-10 2.40045e-08)
(-1.5764e-08 1.7175e-10 2.40045e-08)
(-1.57317e-08 5.12566e-10 2.39343e-08)
(-1.56665e-08 8.45344e-10 2.37979e-08)
(-1.55674e-08 1.16254e-09 2.36048e-08)
(-1.67883e-08 -1.13157e-09 2.6354e-08)
(-1.68884e-08 -8.2291e-10 2.65411e-08)
(-1.69544e-08 -4.98952e-10 2.66734e-08)
(-1.69872e-08 -1.67183e-10 2.67416e-08)
(-1.69872e-08 1.67183e-10 2.67416e-08)
(-1.69544e-08 4.98952e-10 2.66734e-08)
(-1.68884e-08 8.2291e-10 2.65411e-08)
(-1.67883e-08 1.13157e-09 2.6354e-08)
(-1.80525e-08 -1.10076e-09 2.92368e-08)
(-1.81533e-08 -8.00612e-10 2.94179e-08)
(-1.822e-08 -4.85427e-10 2.95462e-08)
(-1.82531e-08 -1.62647e-10 2.96124e-08)
(-1.82531e-08 1.62647e-10 2.96124e-08)
(-1.822e-08 4.85427e-10 2.95462e-08)
(-1.81533e-08 8.00612e-10 2.94179e-08)
(-1.80525e-08 1.10076e-09 2.92368e-08)
(-1.93609e-08 -1.07012e-09 3.22502e-08)
(-1.94622e-08 -7.78445e-10 3.24254e-08)
(-1.95292e-08 -4.71986e-10 3.25498e-08)
(-1.95625e-08 -1.58141e-10 3.26139e-08)
(-1.95625e-08 1.58141e-10 3.26139e-08)
(-1.95292e-08 4.71986e-10 3.25498e-08)
(-1.94622e-08 7.78445e-10 3.24254e-08)
(-1.93609e-08 1.07012e-09 3.22502e-08)
(-2.07143e-08 -1.03965e-09 3.53913e-08)
(-2.08158e-08 -7.56409e-10 3.55605e-08)
(-2.0883e-08 -4.58628e-10 3.56809e-08)
(-2.09164e-08 -1.53662e-10 3.5743e-08)
(-2.09164e-08 1.53662e-10 3.5743e-08)
(-2.0883e-08 4.58628e-10 3.56809e-08)
(-2.08158e-08 7.56409e-10 3.55605e-08)
(-2.07143e-08 1.03965e-09 3.53913e-08)
(-2.21132e-08 -1.00937e-09 3.86567e-08)
(-2.22146e-08 -7.34512e-10 3.88202e-08)
(-2.22818e-08 -4.45357e-10 3.89367e-08)
(-2.23152e-08 -1.49214e-10 3.89968e-08)
(-2.23152e-08 1.49214e-10 3.89968e-08)
(-2.22818e-08 4.45357e-10 3.89367e-08)
(-2.22146e-08 7.34512e-10 3.88202e-08)
(-2.21132e-08 1.00937e-09 3.86567e-08)
(-2.35581e-08 -9.79301e-10 4.20436e-08)
(-2.36591e-08 -7.12766e-10 4.22013e-08)
(-2.37261e-08 -4.32179e-10 4.23139e-08)
(-2.37595e-08 -1.44797e-10 4.23721e-08)
(-2.37595e-08 1.44797e-10 4.23721e-08)
(-2.37261e-08 4.32179e-10 4.23139e-08)
(-2.36591e-08 7.12766e-10 4.22013e-08)
(-2.35581e-08 9.79301e-10 4.20436e-08)
(-2.5049e-08 -9.49455e-10 4.55487e-08)
(-2.51495e-08 -6.91183e-10 4.57007e-08)
(-2.52162e-08 -4.19101e-10 4.58095e-08)
(-2.52494e-08 -1.40414e-10 4.58657e-08)
(-2.52494e-08 1.40414e-10 4.58657e-08)
(-2.52162e-08 4.19101e-10 4.58095e-08)
(-2.51495e-08 6.91183e-10 4.57007e-08)
(-2.5049e-08 9.49455e-10 4.55487e-08)
(-2.65863e-08 -9.19855e-10 4.91689e-08)
(-2.66859e-08 -6.69778e-10 4.93154e-08)
(-2.67522e-08 -4.06132e-10 4.94204e-08)
(-2.67852e-08 -1.36068e-10 4.94747e-08)
(-2.67852e-08 1.36068e-10 4.94747e-08)
(-2.67522e-08 4.06132e-10 4.94204e-08)
(-2.66859e-08 6.69778e-10 4.93154e-08)
(-2.65863e-08 9.19855e-10 4.91689e-08)
(-2.81697e-08 -8.90521e-10 5.29011e-08)
(-2.82684e-08 -6.48564e-10 5.30422e-08)
(-2.8334e-08 -3.93281e-10 5.31435e-08)
(-2.83667e-08 -1.31761e-10 5.31959e-08)
(-2.83667e-08 1.31761e-10 5.31959e-08)
(-2.8334e-08 3.93281e-10 5.31435e-08)
(-2.82684e-08 6.48564e-10 5.30422e-08)
(-2.81697e-08 8.90521e-10 5.29011e-08)
(-2.97991e-08 -8.61471e-10 5.67424e-08)
(-2.98966e-08 -6.27555e-10 5.6878e-08)
(-2.99615e-08 -3.80554e-10 5.69757e-08)
(-2.99938e-08 -1.27497e-10 5.70263e-08)
(-2.99938e-08 1.27497e-10 5.70263e-08)
(-2.99615e-08 3.80554e-10 5.69757e-08)
(-2.98966e-08 6.27555e-10 5.6878e-08)
(-2.97991e-08 8.61471e-10 5.67424e-08)
(-3.14742e-08 -8.32724e-10 6.06895e-08)
(-3.15703e-08 -6.06762e-10 6.08199e-08)
(-3.16343e-08 -3.67959e-10 6.0914e-08)
(-3.16662e-08 -1.23277e-10 6.09627e-08)
(-3.16662e-08 1.23277e-10 6.09627e-08)
(-3.16343e-08 3.67959e-10 6.0914e-08)
(-3.15703e-08 6.06762e-10 6.08199e-08)
(-3.14742e-08 8.32724e-10 6.06895e-08)
(-3.31945e-08 -8.04295e-10 6.47394e-08)
(-3.32891e-08 -5.86198e-10 6.48646e-08)
(-3.33521e-08 -3.55504e-10 6.49552e-08)
(-3.33835e-08 -1.19104e-10 6.50022e-08)
(-3.33835e-08 1.19104e-10 6.50022e-08)
(-3.33521e-08 3.55504e-10 6.49552e-08)
(-3.32891e-08 5.86198e-10 6.48646e-08)
(-3.31945e-08 8.04295e-10 6.47394e-08)
(-3.49595e-08 -7.76202e-10 6.8889e-08)
(-3.50524e-08 -5.65873e-10 6.90092e-08)
(-3.51143e-08 -3.43194e-10 6.90963e-08)
(-3.51452e-08 -1.1498e-10 6.91416e-08)
(-3.51452e-08 1.1498e-10 6.91416e-08)
(-3.51143e-08 3.43194e-10 6.90963e-08)
(-3.50524e-08 5.65873e-10 6.90092e-08)
(-3.49595e-08 7.76202e-10 6.8889e-08)
(-3.67685e-08 -7.48458e-10 7.31354e-08)
(-3.68596e-08 -5.45798e-10 7.32507e-08)
(-3.69203e-08 -3.31036e-10 7.33344e-08)
(-3.69506e-08 -1.10907e-10 7.33779e-08)
(-3.69506e-08 1.10907e-10 7.33779e-08)
(-3.69203e-08 3.31036e-10 7.33344e-08)
(-3.68596e-08 5.45798e-10 7.32507e-08)
(-3.67685e-08 7.48458e-10 7.31354e-08)
(-3.86207e-08 -7.21076e-10 7.74756e-08)
(-3.87099e-08 -5.25983e-10 7.7586e-08)
(-3.87694e-08 -3.19035e-10 7.76664e-08)
(-3.8799e-08 -1.06888e-10 7.77083e-08)
(-3.8799e-08 1.06888e-10 7.77083e-08)
(-3.87694e-08 3.19035e-10 7.76664e-08)
(-3.87099e-08 5.25983e-10 7.7586e-08)
(-3.86207e-08 7.21076e-10 7.74756e-08)
(-4.05154e-08 -6.9407e-10 8.19064e-08)
(-4.06025e-08 -5.06435e-10 8.20122e-08)
(-4.06606e-08 -3.07198e-10 8.20894e-08)
(-4.06896e-08 -1.02923e-10 8.21295e-08)
(-4.06896e-08 1.02923e-10 8.21295e-08)
(-4.06606e-08 3.07198e-10 8.20894e-08)
(-4.06025e-08 5.06435e-10 8.20122e-08)
(-4.05154e-08 6.9407e-10 8.19064e-08)
(-4.24516e-08 -6.67452e-10 8.64251e-08)
(-4.25365e-08 -4.87163e-10 8.65263e-08)
(-4.25932e-08 -2.95528e-10 8.66003e-08)
(-4.26215e-08 -9.9014e-11 8.66389e-08)
(-4.26215e-08 9.9014e-11 8.66389e-08)
(-4.25932e-08 2.95528e-10 8.66003e-08)
(-4.25365e-08 4.87163e-10 8.65263e-08)
(-4.24516e-08 6.67452e-10 8.64251e-08)
(-4.44282e-08 -6.41232e-10 9.10287e-08)
(-4.45108e-08 -4.68176e-10 9.11254e-08)
(-4.45661e-08 -2.8403e-10 9.11963e-08)
(-4.45936e-08 -9.51633e-11 9.12333e-08)
(-4.45936e-08 9.51633e-11 9.12333e-08)
(-4.45661e-08 2.8403e-10 9.11963e-08)
(-4.45108e-08 4.68176e-10 9.11254e-08)
(-4.44282e-08 6.41232e-10 9.10287e-08)
(-4.64442e-08 -6.15421e-10 9.57143e-08)
(-4.65245e-08 -4.4948e-10 9.58066e-08)
(-4.65782e-08 -2.7271e-10 9.58745e-08)
(-4.6605e-08 -9.1372e-11 9.59099e-08)
(-4.6605e-08 9.1372e-11 9.59099e-08)
(-4.65782e-08 2.7271e-10 9.58745e-08)
(-4.65245e-08 4.49481e-10 9.58066e-08)
(-4.64442e-08 6.15421e-10 9.57143e-08)
(-4.84984e-08 -5.90029e-10 1.00479e-07)
(-4.85763e-08 -4.31083e-10 1.00567e-07)
(-4.86284e-08 -2.6157e-10 1.00632e-07)
(-4.86544e-08 -8.76415e-11 1.00666e-07)
(-4.86544e-08 8.76415e-11 1.00666e-07)
(-4.86284e-08 2.6157e-10 1.00632e-07)
(-4.85763e-08 4.31084e-10 1.00567e-07)
(-4.84984e-08 5.90029e-10 1.00479e-07)
(-5.05897e-08 -5.65065e-10 1.0532e-07)
(-5.06651e-08 -4.12992e-10 1.05404e-07)
(-5.07156e-08 -2.50615e-10 1.05466e-07)
(-5.07407e-08 -8.39731e-11 1.05498e-07)
(-5.07407e-08 8.39731e-11 1.05498e-07)
(-5.07156e-08 2.50615e-10 1.05466e-07)
(-5.06651e-08 4.12992e-10 1.05404e-07)
(-5.05897e-08 5.65065e-10 1.0532e-07)
(-5.27167e-08 -5.40538e-10 1.10234e-07)
(-5.27896e-08 -3.95211e-10 1.10314e-07)
(-5.28384e-08 -2.39849e-10 1.10373e-07)
(-5.28628e-08 -8.03679e-11 1.10404e-07)
(-5.28628e-08 8.03679e-11 1.10404e-07)
(-5.28384e-08 2.39849e-10 1.10373e-07)
(-5.27896e-08 3.95211e-10 1.10314e-07)
(-5.27167e-08 5.40538e-10 1.10234e-07)
(-5.48782e-08 -5.16456e-10 1.1522e-07)
(-5.49486e-08 -3.77748e-10 1.15295e-07)
(-5.49957e-08 -2.29275e-10 1.15352e-07)
(-5.50192e-08 -7.68273e-11 1.15381e-07)
(-5.50192e-08 7.68273e-11 1.15381e-07)
(-5.49957e-08 2.29275e-10 1.15352e-07)
(-5.49486e-08 3.77748e-10 1.15295e-07)
(-5.48782e-08 5.16456e-10 1.1522e-07)
(-5.70729e-08 -4.92826e-10 1.20273e-07)
(-5.71407e-08 -3.60609e-10 1.20345e-07)
(-5.71861e-08 -2.18897e-10 1.20398e-07)
(-5.72087e-08 -7.33522e-11 1.20427e-07)
(-5.72087e-08 7.33522e-11 1.20427e-07)
(-5.71861e-08 2.18897e-10 1.20398e-07)
(-5.71407e-08 3.60609e-10 1.20345e-07)
(-5.70729e-08 4.92826e-10 1.20273e-07)
(-5.92994e-08 -4.69657e-10 1.25391e-07)
(-5.93645e-08 -3.43797e-10 1.25459e-07)
(-5.94082e-08 -2.08717e-10 1.2551e-07)
(-5.94299e-08 -6.99439e-11 1.25537e-07)
(-5.94299e-08 6.99439e-11 1.25537e-07)
(-5.94082e-08 2.08717e-10 1.2551e-07)
(-5.93645e-08 3.43797e-10 1.25459e-07)
(-5.92994e-08 4.69657e-10 1.25391e-07)
(-6.15562e-08 -4.46956e-10 1.30572e-07)
(-6.16187e-08 -3.2732e-10 1.30637e-07)
(-6.16606e-08 -1.98739e-10 1.30685e-07)
(-6.16815e-08 -6.66033e-11 1.30711e-07)
(-6.16815e-08 6.66033e-11 1.30711e-07)
(-6.16606e-08 1.98739e-10 1.30685e-07)
(-6.16187e-08 3.2732e-10 1.30637e-07)
(-6.15562e-08 4.46956e-10 1.30572e-07)
(-6.3842e-08 -4.24728e-10 1.35813e-07)
(-6.39019e-08 -3.11182e-10 1.35874e-07)
(-6.3942e-08 -1.88967e-10 1.3592e-07)
(-6.3962e-08 -6.33314e-11 1.35944e-07)
(-6.3962e-08 6.33314e-11 1.35944e-07)
(-6.3942e-08 1.88967e-10 1.3592e-07)
(-6.39019e-08 3.11182e-10 1.35874e-07)
(-6.3842e-08 4.24728e-10 1.35813e-07)
(-6.61553e-08 -4.02982e-10 1.41111e-07)
(-6.62126e-08 -2.95387e-10 1.41169e-07)
(-6.62509e-08 -1.79403e-10 1.41213e-07)
(-6.627e-08 -6.01293e-11 1.41236e-07)
(-6.627e-08 6.01293e-11 1.41236e-07)
(-6.62509e-08 1.79403e-10 1.41213e-07)
(-6.62126e-08 2.95387e-10 1.41169e-07)
(-6.61553e-08 4.02982e-10 1.41111e-07)
(-6.84947e-08 -3.81724e-10 1.46464e-07)
(-6.85493e-08 -2.79941e-10 1.46519e-07)
(-6.85859e-08 -1.70049e-10 1.4656e-07)
(-6.86041e-08 -5.69979e-11 1.46582e-07)
(-6.86041e-08 5.69979e-11 1.46582e-07)
(-6.85859e-08 1.70049e-10 1.4656e-07)
(-6.85493e-08 2.79941e-10 1.46519e-07)
(-6.84947e-08 3.81724e-10 1.46464e-07)
(-7.08587e-08 -3.60959e-10 1.5187e-07)
(-7.09107e-08 -2.64849e-10 1.51921e-07)
(-7.09455e-08 -1.60909e-10 1.5196e-07)
(-7.09628e-08 -5.39381e-11 1.51981e-07)
(-7.09628e-08 5.39381e-11 1.51981e-07)
(-7.09455e-08 1.60909e-10 1.5196e-07)
(-7.09107e-08 2.64849e-10 1.51921e-07)
(-7.08587e-08 3.60959e-10 1.5187e-07)
(-7.32459e-08 -3.40694e-10 1.57325e-07)
(-7.32953e-08 -2.50115e-10 1.57373e-07)
(-7.33284e-08 -1.51986e-10 1.5741e-07)
(-7.33448e-08 -5.09509e-11 1.57429e-07)
(-7.33448e-08 5.09509e-11 1.57429e-07)
(-7.33284e-08 1.51986e-10 1.5741e-07)
(-7.32953e-08 2.50115e-10 1.57373e-07)
(-7.32459e-08 3.40694e-10 1.57325e-07)
(-7.56548e-08 -3.20936e-10 1.62827e-07)
(-7.57017e-08 -2.35744e-10 1.62872e-07)
(-7.5733e-08 -1.43282e-10 1.62907e-07)
(-7.57486e-08 -4.80371e-11 1.62926e-07)
(-7.57486e-08 4.80371e-11 1.62926e-07)
(-7.5733e-08 1.43282e-10 1.62907e-07)
(-7.57017e-08 2.35744e-10 1.62872e-07)
(-7.56548e-08 3.20936e-10 1.62827e-07)
(-7.80841e-08 -3.01689e-10 1.68375e-07)
(-7.81283e-08 -2.2174e-10 1.68417e-07)
(-7.81579e-08 -1.34801e-10 1.6845e-07)
(-7.81727e-08 -4.51978e-11 1.68467e-07)
(-7.81727e-08 4.51978e-11 1.68467e-07)
(-7.81579e-08 1.34801e-10 1.6845e-07)
(-7.81283e-08 2.2174e-10 1.68417e-07)
(-7.80841e-08 3.01689e-10 1.68375e-07)
(-8.05322e-08 -2.82961e-10 1.73965e-07)
(-8.05739e-08 -2.08108e-10 1.74004e-07)
(-8.06018e-08 -1.26544e-10 1.74035e-07)
(-8.06157e-08 -4.24338e-11 1.74051e-07)
(-8.06157e-08 4.24338e-11 1.74051e-07)
(-8.06018e-08 1.26544e-10 1.74035e-07)
(-8.05739e-08 2.08108e-10 1.74004e-07)
(-8.05322e-08 2.82961e-10 1.73965e-07)
(-8.29977e-08 -2.64758e-10 1.79596e-07)
(-8.3037e-08 -1.94852e-10 1.79632e-07)
(-8.30632e-08 -1.18515e-10 1.79661e-07)
(-8.30762e-08 -3.9746e-11 1.79676e-07)
(-8.30762e-08 3.9746e-11 1.79676e-07)
(-8.30632e-08 1.18515e-10 1.79661e-07)
(-8.3037e-08 1.94852e-10 1.79632e-07)
(-8.29977e-08 2.64758e-10 1.79596e-07)
(-8.54793e-08 -2.47085e-10 1.85264e-07)
(-8.55162e-08 -1.81978e-10 1.85298e-07)
(-8.55408e-08 -1.10716e-10 1.85324e-07)
(-8.5553e-08 -3.71353e-11 1.85339e-07)
(-8.5553e-08 3.71353e-11 1.85339e-07)
(-8.55408e-08 1.10716e-10 1.85324e-07)
(-8.55162e-08 1.81978e-10 1.85298e-07)
(-8.54793e-08 2.47085e-10 1.85264e-07)
(-8.79756e-08 -2.29949e-10 1.90968e-07)
(-8.80101e-08 -1.6949e-10 1.91e-07)
(-8.80331e-08 -1.03151e-10 1.91024e-07)
(-8.80445e-08 -3.46028e-11 1.91038e-07)
(-8.80445e-08 3.46027e-11 1.91038e-07)
(-8.80331e-08 1.03151e-10 1.91024e-07)
(-8.80101e-08 1.6949e-10 1.91e-07)
(-8.79756e-08 2.29949e-10 1.90968e-07)
(-9.04853e-08 -2.13356e-10 1.96706e-07)
(-9.05175e-08 -1.57392e-10 1.96735e-07)
(-9.05389e-08 -9.58217e-11 1.96758e-07)
(-9.05495e-08 -3.21492e-11 1.9677e-07)
(-9.05495e-08 3.21492e-11 1.9677e-07)
(-9.05389e-08 9.58217e-11 1.96758e-07)
(-9.05175e-08 1.57392e-10 1.96735e-07)
(-9.04853e-08 2.13356e-10 1.96706e-07)
(-9.30071e-08 -1.97313e-10 2.02475e-07)
(-9.3037e-08 -1.4569e-10 2.02502e-07)
(-9.30568e-08 -8.87315e-11 2.02523e-07)
(-9.30667e-08 -2.97757e-11 2.02534e-07)
(-9.30667e-08 2.97756e-11 2.02534e-07)
(-9.30568e-08 8.87314e-11 2.02523e-07)
(-9.3037e-08 1.4569e-10 2.02502e-07)
(-9.30071e-08 1.97313e-10 2.02475e-07)
(-9.55397e-08 -1.81826e-10 2.08274e-07)
(-9.55674e-08 -1.34388e-10 2.08298e-07)
(-9.55857e-08 -8.18832e-11 2.08318e-07)
(-9.55948e-08 -2.74831e-11 2.08328e-07)
(-9.55948e-08 2.7483e-11 2.08328e-07)
(-9.55857e-08 8.18831e-11 2.08318e-07)
(-9.55674e-08 1.34388e-10 2.08298e-07)
(-9.55397e-08 1.81826e-10 2.08274e-07)
(-9.80819e-08 -1.66902e-10 2.141e-07)
(-9.81074e-08 -1.23492e-10 2.14122e-07)
(-9.81243e-08 -7.52799e-11 2.1414e-07)
(-9.81327e-08 -2.52724e-11 2.1415e-07)
(-9.81327e-08 2.52724e-11 2.1415e-07)
(-9.81243e-08 7.52799e-11 2.1414e-07)
(-9.81074e-08 1.23492e-10 2.14122e-07)
(-9.80819e-08 1.66902e-10 2.141e-07)
(-1.00632e-07 -1.52548e-10 2.19951e-07)
(-1.00656e-07 -1.13007e-10 2.19971e-07)
(-1.00671e-07 -6.89247e-11 2.19988e-07)
(-1.00679e-07 -2.31448e-11 2.19996e-07)
(-1.00679e-07 2.31448e-11 2.19996e-07)
(-1.00671e-07 6.89247e-11 2.19988e-07)
(-1.00656e-07 1.13007e-10 2.19971e-07)
(-1.00632e-07 1.52548e-10 2.19951e-07)
(-1.0319e-07 -1.38772e-10 2.25826e-07)
(-1.03212e-07 -1.02937e-10 2.25844e-07)
(-1.03226e-07 -6.28208e-11 2.25859e-07)
(-1.03233e-07 -2.11013e-11 2.25867e-07)
(-1.03233e-07 2.11012e-11 2.25867e-07)
(-1.03226e-07 6.28208e-11 2.25859e-07)
(-1.03212e-07 1.02937e-10 2.25844e-07)
(-1.0319e-07 1.38772e-10 2.25826e-07)
(-1.05754e-07 -1.25581e-10 2.31722e-07)
(-1.05774e-07 -9.32897e-11 2.31738e-07)
(-1.05787e-07 -5.69716e-11 2.31752e-07)
(-1.05793e-07 -1.91428e-11 2.31759e-07)
(-1.05793e-07 1.91428e-11 2.31759e-07)
(-1.05787e-07 5.69716e-11 2.31752e-07)
(-1.05774e-07 9.32896e-11 2.31738e-07)
(-1.05754e-07 1.25581e-10 2.31722e-07)
(-1.08324e-07 -1.12983e-10 2.37638e-07)
(-1.08341e-07 -8.40693e-11 2.37652e-07)
(-1.08353e-07 -5.13803e-11 2.37664e-07)
(-1.08358e-07 -1.72707e-11 2.37671e-07)
(-1.08358e-07 1.72707e-11 2.37671e-07)
(-1.08353e-07 5.13803e-11 2.37664e-07)
(-1.08341e-07 8.40693e-11 2.37652e-07)
(-1.08324e-07 1.12983e-10 2.37638e-07)
(-1.10897e-07 -1.00985e-10 2.43572e-07)
(-1.10913e-07 -7.52822e-11 2.43584e-07)
(-1.10923e-07 -4.60506e-11 2.43595e-07)
(-1.10928e-07 -1.5486e-11 2.43601e-07)
(-1.10928e-07 1.54859e-11 2.43601e-07)
(-1.10923e-07 4.60506e-11 2.43595e-07)
(-1.10913e-07 7.52822e-11 2.43584e-07)
(-1.10897e-07 1.00985e-10 2.43572e-07)
(-1.13474e-07 -8.95968e-11 2.49522e-07)
(-1.13488e-07 -6.69345e-11 2.49532e-07)
(-1.13497e-07 -4.09861e-11 2.49542e-07)
(-1.13501e-07 -1.37899e-11 2.49547e-07)
(-1.13501e-07 1.37899e-11 2.49547e-07)
(-1.13497e-07 4.09861e-11 2.49542e-07)
(-1.13488e-07 6.69345e-11 2.49532e-07)
(-1.13474e-07 8.95967e-11 2.49522e-07)
(-1.16053e-07 -7.88266e-11 2.55486e-07)
(-1.16065e-07 -5.90327e-11 2.55495e-07)
(-1.16073e-07 -3.61908e-11 2.55504e-07)
(-1.16077e-07 -1.21838e-11 2.55509e-07)
(-1.16077e-07 1.21838e-11 2.55509e-07)
(-1.16073e-07 3.61907e-11 2.55504e-07)
(-1.16065e-07 5.90327e-11 2.55495e-07)
(-1.16053e-07 7.88266e-11 2.55486e-07)
(-1.18633e-07 -6.86841e-11 2.61463e-07)
(-1.18644e-07 -5.15838e-11 2.61471e-07)
(-1.18651e-07 -3.16687e-11 2.61479e-07)
(-1.18655e-07 -1.06691e-11 2.61483e-07)
(-1.18655e-07 1.06691e-11 2.61483e-07)
(-1.18651e-07 3.16687e-11 2.61479e-07)
(-1.18644e-07 5.15837e-11 2.61471e-07)
(-1.18633e-07 6.8684e-11 2.61463e-07)
(-1.21214e-07 -5.9179e-11 2.67452e-07)
(-1.21224e-07 -4.45949e-11 2.67459e-07)
(-1.2123e-07 -2.74244e-11 2.67465e-07)
(-1.21233e-07 -9.24726e-12 2.67469e-07)
(-1.21233e-07 9.24722e-12 2.67469e-07)
(-1.2123e-07 2.74244e-11 2.67465e-07)
(-1.21224e-07 4.45949e-11 2.67459e-07)
(-1.21214e-07 5.9179e-11 2.67452e-07)
(-1.23796e-07 -5.03222e-11 2.73451e-07)
(-1.23804e-07 -3.80742e-11 2.73456e-07)
(-1.23809e-07 -2.34627e-11 2.73461e-07)
(-1.23812e-07 -7.91987e-12 2.73465e-07)
(-1.23812e-07 7.91982e-12 2.73465e-07)
(-1.23809e-07 2.34626e-11 2.73461e-07)
(-1.23804e-07 3.80742e-11 2.73456e-07)
(-1.23796e-07 5.03222e-11 2.73451e-07)
(-1.26377e-07 -4.21252e-11 2.79458e-07)
(-1.26384e-07 -3.20303e-11 2.79462e-07)
(-1.26388e-07 -1.97889e-11 2.79467e-07)
(-1.2639e-07 -6.68876e-12 2.79469e-07)
(-1.2639e-07 6.68871e-12 2.79469e-07)
(-1.26388e-07 1.97889e-11 2.79467e-07)
(-1.26384e-07 3.20303e-11 2.79462e-07)
(-1.26377e-07 4.21252e-11 2.79458e-07)
(-1.28957e-07 -3.46007e-11 2.85472e-07)
(-1.28963e-07 -2.6473e-11 2.85475e-07)
(-1.28966e-07 -1.64091e-11 2.85479e-07)
(-1.28968e-07 -5.55596e-12 2.85481e-07)
(-1.28968e-07 5.5559e-12 2.85481e-07)
(-1.28966e-07 1.64091e-11 2.85479e-07)
(-1.28963e-07 2.64729e-11 2.85475e-07)
(-1.28957e-07 3.46007e-11 2.85472e-07)
(-1.31536e-07 -2.7763e-11 2.91492e-07)
(-1.3154e-07 -2.14129e-11 2.91494e-07)
(-1.31543e-07 -1.33299e-11 2.91498e-07)
(-1.31544e-07 -4.52369e-12 2.91499e-07)
(-1.31544e-07 4.52363e-12 2.91499e-07)
(-1.31543e-07 1.33298e-11 2.91498e-07)
(-1.3154e-07 2.14128e-11 2.91494e-07)
(-1.31536e-07 2.77629e-11 2.91492e-07)
(-1.34112e-07 -2.16275e-11 2.97517e-07)
(-1.34116e-07 -1.6862e-11 2.97519e-07)
(-1.34118e-07 -1.05584e-11 2.97521e-07)
(-1.34119e-07 -3.59438e-12 2.97522e-07)
(-1.34119e-07 3.59432e-12 2.97522e-07)
(-1.34118e-07 1.05584e-11 2.97521e-07)
(-1.34116e-07 1.68619e-11 2.97519e-07)
(-1.34112e-07 2.16274e-11 2.97517e-07)
(-1.36687e-07 -1.62112e-11 3.03545e-07)
(-1.36689e-07 -1.28328e-11 3.03546e-07)
(-1.36691e-07 -8.10233e-12 3.03548e-07)
(-1.36692e-07 -2.77049e-12 3.03549e-07)
(-1.36692e-07 2.77042e-12 3.03549e-07)
(-1.36691e-07 8.10227e-12 3.03548e-07)
(-1.36689e-07 1.28327e-11 3.03546e-07)
(-1.36687e-07 1.62111e-11 3.03545e-07)
(-1.39259e-07 -1.15318e-11 3.09576e-07)
(-1.39261e-07 -9.33746e-12 3.09577e-07)
(-1.39262e-07 -5.9683e-12 3.09578e-07)
(-1.39262e-07 -2.05411e-12 3.09579e-07)
(-1.39262e-07 2.05404e-12 3.09579e-07)
(-1.39262e-07 5.96822e-12 3.09578e-07)
(-1.39261e-07 9.33739e-12 3.09577e-07)
(-1.39259e-07 1.15318e-11 3.09576e-07)
(-1.41828e-07 -7.60607e-12 3.15608e-07)
(-1.41829e-07 -6.38512e-12 3.15609e-07)
(-1.4183e-07 -4.16018e-12 3.1561e-07)
(-1.4183e-07 -1.44615e-12 3.1561e-07)
(-1.4183e-07 1.44607e-12 3.1561e-07)
(-1.4183e-07 4.16011e-12 3.1561e-07)
(-1.41829e-07 6.38505e-12 3.15609e-07)
(-1.41828e-07 7.606e-12 3.15608e-07)
(-1.44395e-07 -4.44543e-12 3.21641e-07)
(-1.44395e-07 -3.97578e-12 3.21641e-07)
(-1.44396e-07 -2.67482e-12 3.21642e-07)
(-1.44396e-07 -9.44974e-13 3.21642e-07)
(-1.44396e-07 9.44888e-13 3.21642e-07)
(-1.44396e-07 2.67475e-12 3.21642e-07)
(-1.44395e-07 3.97571e-12 3.21641e-07)
(-1.44395e-07 4.44534e-12 3.21641e-07)
(-1.46958e-07 -2.04835e-12 3.27674e-07)
(-1.46959e-07 -2.0899e-12 3.27674e-07)
(-1.46959e-07 -1.49519e-12 3.27675e-07)
(-1.46959e-07 -5.44108e-13 3.27675e-07)
(-1.46959e-07 5.44036e-13 3.27675e-07)
(-1.46959e-07 1.49511e-12 3.27675e-07)
(-1.46959e-07 2.08981e-12 3.27674e-07)
(-1.46958e-07 2.04825e-12 3.27674e-07)
(-1.49519e-07 -3.87312e-13 3.33707e-07)
(-1.49519e-07 -6.72416e-13 3.33706e-07)
(-1.4952e-07 -5.79597e-13 3.33707e-07)
(-1.4952e-07 -2.28852e-13 3.33707e-07)
(-1.4952e-07 2.28788e-13 3.33707e-07)
(-1.4952e-07 5.79487e-13 3.33707e-07)
(-1.49519e-07 6.72324e-13 3.33706e-07)
(-1.49519e-07 3.87259e-13 3.33707e-07)
(-1.52078e-07 6.43024e-13 3.39737e-07)
(-1.52078e-07 4.00512e-13 3.39737e-07)
(-1.52079e-07 1.51191e-13 3.39738e-07)
(-1.52079e-07 2.55309e-14 3.39738e-07)
(-1.52079e-07 -2.56763e-14 3.39738e-07)
(-1.52079e-07 -1.51284e-13 3.39738e-07)
(-1.52078e-07 -4.00561e-13 3.39737e-07)
(-1.52078e-07 -6.43056e-13 3.39737e-07)
(-1.54636e-07 1.43139e-12 3.45766e-07)
(-1.54636e-07 1.38826e-12 3.45767e-07)
(-1.54636e-07 8.09429e-13 3.45767e-07)
(-1.54636e-07 2.49674e-13 3.45767e-07)
(-1.54636e-07 -2.49984e-13 3.45767e-07)
(-1.54636e-07 -8.09405e-13 3.45767e-07)
(-1.54636e-07 -1.38825e-12 3.45767e-07)
(-1.54636e-07 -1.43157e-12 3.45766e-07)
)
;
        traction        uniform (0 0 0);
        pressure        uniform 0;
        secondaryGradient nonuniform List<vector> 
640
(
(-5.48337e-06 -8.00641e-07 3.87751e-06)
(-7.56077e-06 -1.21866e-06 4.55849e-06)
(-9.28183e-06 -8.74152e-07 5.2962e-06)
(-1.00861e-05 -2.74347e-07 5.57657e-06)
(-1.00861e-05 2.74347e-07 5.57657e-06)
(-9.28183e-06 8.74153e-07 5.2962e-06)
(-7.56077e-06 1.21866e-06 4.55849e-06)
(-5.48337e-06 8.00641e-07 3.87751e-06)
(-2.3705e-06 -2.36909e-06 2.75223e-06)
(-2.92067e-06 -1.88256e-06 2.95476e-06)
(-3.17063e-06 -1.24025e-06 3.29116e-06)
(-3.31372e-06 -4.03977e-07 3.39242e-06)
(-3.31372e-06 4.03977e-07 3.39242e-06)
(-3.17063e-06 1.24025e-06 3.29116e-06)
(-2.92067e-06 1.88256e-06 2.95476e-06)
(-2.3705e-06 2.36909e-06 2.75223e-06)
(-3.53388e-06 -2.57775e-06 2.9204e-06)
(-3.64205e-06 -1.91352e-06 3.12395e-06)
(-3.55939e-06 -1.18455e-06 3.3514e-06)
(-3.52706e-06 -3.91685e-07 3.44614e-06)
(-3.52706e-06 3.91685e-07 3.44614e-06)
(-3.55939e-06 1.18455e-06 3.3514e-06)
(-3.64205e-06 1.91352e-06 3.12395e-06)
(-3.53388e-06 2.57775e-06 2.9204e-06)
(-5.70868e-06 -2.57462e-06 2.95688e-06)
(-5.7285e-06 -1.87942e-06 3.12644e-06)
(-5.69095e-06 -1.12533e-06 3.28489e-06)
(-5.67255e-06 -3.72173e-07 3.36482e-06)
(-5.67255e-06 3.72173e-07 3.36482e-06)
(-5.69095e-06 1.12533e-06 3.28489e-06)
(-5.7285e-06 1.87942e-06 3.12644e-06)
(-5.70868e-06 2.57462e-06 2.95688e-06)
(-7.66335e-06 -2.54007e-06 2.77968e-06)
(-7.64849e-06 -1.85205e-06 2.8906e-06)
(-7.64773e-06 -1.10569e-06 2.99449e-06)
(-7.65146e-06 -3.6593e-07 3.0512e-06)
(-7.65146e-06 3.65931e-07 3.0512e-06)
(-7.64773e-06 1.10569e-06 2.99449e-06)
(-7.64849e-06 1.85205e-06 2.8906e-06)
(-7.66335e-06 2.54007e-06 2.77968e-06)
(-9.40574e-06 -2.49019e-06 2.5286e-06)
(-9.37314e-06 -1.82385e-06 2.59149e-06)
(-9.37202e-06 -1.0963e-06 2.6526e-06)
(-9.37848e-06 -3.64313e-07 2.68748e-06)
(-9.37848e-06 3.64313e-07 2.68748e-06)
(-9.37202e-06 1.0963e-06 2.6526e-06)
(-9.37314e-06 1.82385e-06 2.59149e-06)
(-9.40574e-06 2.49019e-06 2.5286e-06)
(-1.10292e-05 -2.43352e-06 2.23497e-06)
(-1.09873e-05 -1.79336e-06 2.26372e-06)
(-1.09775e-05 -1.08577e-06 2.29459e-06)
(-1.09794e-05 -3.62451e-07 2.31342e-06)
(-1.09794e-05 3.62451e-07 2.31342e-06)
(-1.09775e-05 1.08577e-06 2.29459e-06)
(-1.09873e-05 1.79336e-06 2.26372e-06)
(-1.10292e-05 2.43352e-06 2.23497e-06)
(-1.25742e-05 -2.37672e-06 1.90288e-06)
(-1.2527e-05 -1.76198e-06 1.90845e-06)
(-1.25099e-05 -1.07312e-06 1.91881e-06)
(-1.25067e-05 -3.59532e-07 1.92651e-06)
(-1.25067e-05 3.59532e-07 1.92651e-06)
(-1.25099e-05 1.07312e-06 1.91881e-06)
(-1.2527e-05 1.76198e-06 1.90845e-06)
(-1.25742e-05 2.37672e-06 1.90288e-06)
(-1.40594e-05 -2.32298e-06 1.53668e-06)
(-1.40094e-05 -1.73086e-06 1.52699e-06)
(-1.39869e-05 -1.05908e-06 1.52381e-06)
(-1.39795e-05 -3.55771e-07 1.52396e-06)
(-1.39795e-05 3.55771e-07 1.52396e-06)
(-1.39869e-05 1.05908e-06 1.52381e-06)
(-1.40094e-05 1.73086e-06 1.52699e-06)
(-1.40594e-05 2.32298e-06 1.53668e-06)
(-1.54956e-05 -2.27278e-06 1.14084e-06)
(-1.54439e-05 -1.70037e-06 1.12109e-06)
(-1.54172e-05 -1.04406e-06 1.10914e-06)
(-1.54067e-05 -3.51389e-07 1.10427e-06)
(-1.54067e-05 3.51389e-07 1.10427e-06)
(-1.54172e-05 1.04406e-06 1.10914e-06)
(-1.54439e-05 1.70037e-06 1.12109e-06)
(-1.54956e-05 2.27278e-06 1.14084e-06)
(-1.68893e-05 -2.2254e-06 7.19157e-07)
(-1.68362e-05 -1.67029e-06 6.92648e-07)
(-1.68062e-05 -1.02822e-06 6.75036e-07)
(-1.67931e-05 -3.46513e-07 6.66895e-07)
(-1.67931e-05 3.46513e-07 6.66895e-07)
(-1.68062e-05 1.02822e-06 6.75036e-07)
(-1.68362e-05 1.67029e-06 6.92648e-07)
(-1.68893e-05 2.2254e-06 7.19157e-07)
(-1.82442e-05 -2.17984e-06 2.7476e-07)
(-1.81895e-05 -1.6403e-06 2.435e-07)
(-1.81568e-05 -1.01162e-06 2.22216e-07)
(-1.81418e-05 -3.41222e-07 2.11975e-07)
(-1.81418e-05 3.41222e-07 2.11975e-07)
(-1.81568e-05 1.01162e-06 2.22216e-07)
(-1.81895e-05 1.6403e-06 2.435e-07)
(-1.82442e-05 2.17984e-06 2.7476e-07)
(-1.95623e-05 -2.13525e-06 -1.89681e-07)
(-1.95059e-05 -1.6101e-06 -2.24494e-07)
(-1.94709e-05 -9.94313e-07 -2.48215e-07)
(-1.94543e-05 -3.35581e-07 -2.59798e-07)
(-1.94543e-05 3.35581e-07 -2.59798e-07)
(-1.94709e-05 9.94313e-07 -2.48215e-07)
(-1.95059e-05 1.6101e-06 -2.24494e-07)
(-1.95623e-05 2.13525e-06 -1.89681e-07)
(-2.08445e-05 -2.09098e-06 -6.71772e-07)
(-2.07862e-05 -1.5795e-06 -7.0944e-07)
(-2.07493e-05 -9.76355e-07 -7.34855e-07)
(-2.07314e-05 -3.29646e-07 -7.47302e-07)
(-2.07314e-05 3.29646e-07 -7.47302e-07)
(-2.07493e-05 9.76355e-07 -7.34855e-07)
(-2.07862e-05 1.5795e-06 -7.0944e-07)
(-2.08445e-05 2.09098e-06 -6.71772e-07)
(-2.20912e-05 -2.04665e-06 -1.16929e-06)
(-2.2031e-05 -1.54842e-06 -1.20942e-06)
(-2.19923e-05 -9.57822e-07 -1.23608e-06)
(-2.19734e-05 -3.23467e-07 -1.24911e-06)
(-2.19734e-05 3.23467e-07 -1.24911e-06)
(-2.19923e-05 9.57822e-07 -1.23608e-06)
(-2.2031e-05 1.54842e-06 -1.20942e-06)
(-2.20912e-05 2.04665e-06 -1.16929e-06)
(-2.33025e-05 -2.00202e-06 -1.68014e-06)
(-2.32404e-05 -1.51681e-06 -1.72249e-06)
(-2.32002e-05 -9.38795e-07 -1.75016e-06)
(-2.31805e-05 -3.17089e-07 -1.76358e-06)
(-2.31805e-05 3.17089e-07 -1.76358e-06)
(-2.32002e-05 9.38795e-07 -1.75016e-06)
(-2.32404e-05 1.51681e-06 -1.72249e-06)
(-2.33025e-05 2.00202e-06 -1.68014e-06)
(-2.44787e-05 -1.95699e-06 -2.20233e-06)
(-2.44146e-05 -1.48472e-06 -2.24675e-06)
(-2.43731e-05 -9.1935e-07 -2.27527e-06)
(-2.43527e-05 -3.10549e-07 -2.28899e-06)
(-2.43527e-05 3.10549e-07 -2.28899e-06)
(-2.43731e-05 9.1935e-07 -2.27527e-06)
(-2.44146e-05 1.48472e-06 -2.24675e-06)
(-2.44787e-05 1.95699e-06 -2.20233e-06)
(-2.56197e-05 -1.91153e-06 -2.73395e-06)
(-2.55537e-05 -1.45218e-06 -2.78034e-06)
(-2.5511e-05 -8.9956e-07 -2.80961e-06)
(-2.549e-05 -3.03881e-07 -2.82357e-06)
(-2.549e-05 3.03881e-07 -2.82357e-06)
(-2.5511e-05 8.9956e-07 -2.80961e-06)
(-2.55537e-05 1.45218e-06 -2.78034e-06)
(-2.56197e-05 1.91153e-06 -2.73395e-06)
(-2.67258e-05 -1.86568e-06 -3.27318e-06)
(-2.6658e-05 -1.41927e-06 -3.32144e-06)
(-2.66142e-05 -8.79491e-07 -3.3514e-06)
(-2.65926e-05 -2.9711e-07 -3.36556e-06)
(-2.65926e-05 2.9711e-07 -3.36556e-06)
(-2.66142e-05 8.79491e-07 -3.3514e-06)
(-2.6658e-05 1.41927e-06 -3.32144e-06)
(-2.67258e-05 1.86568e-06 -3.27318e-06)
(-2.77971e-05 -1.8195e-06 -3.81829e-06)
(-2.77276e-05 -1.38604e-06 -3.86832e-06)
(-2.76828e-05 -8.59201e-07 -3.89893e-06)
(-2.76608e-05 -2.90261e-07 -3.91326e-06)
(-2.76608e-05 2.90261e-07 -3.91326e-06)
(-2.76828e-05 8.59201e-07 -3.89893e-06)
(-2.77276e-05 1.38604e-06 -3.86832e-06)
(-2.77971e-05 1.8195e-06 -3.81829e-06)
(-2.88339e-05 -1.77306e-06 -4.36761e-06)
(-2.87628e-05 -1.35256e-06 -4.41932e-06)
(-2.87171e-05 -8.38738e-07 -4.45052e-06)
(-2.86947e-05 -2.83352e-07 -4.46501e-06)
(-2.86947e-05 2.83352e-07 -4.46501e-06)
(-2.87171e-05 8.38738e-07 -4.45052e-06)
(-2.87628e-05 1.35256e-06 -4.41932e-06)
(-2.88339e-05 1.77306e-06 -4.36761e-06)
(-2.98366e-05 -1.72643e-06 -4.91959e-06)
(-2.97639e-05 -1.31889e-06 -4.97287e-06)
(-2.97174e-05 -8.18146e-07 -5.00462e-06)
(-2.96946e-05 -2.76398e-07 -5.01924e-06)
(-2.96946e-05 2.76398e-07 -5.01924e-06)
(-2.97174e-05 8.18146e-07 -5.00462e-06)
(-2.97639e-05 1.31889e-06 -4.97287e-06)
(-2.98366e-05 1.72643e-06 -4.91959e-06)
(-3.08056e-05 -1.67969e-06 -5.47273e-06)
(-3.07315e-05 -1.28509e-06 -5.52747e-06)
(-3.06842e-05 -7.97462e-07 -5.55971e-06)
(-3.06611e-05 -2.69412e-07 -5.57445e-06)
(-3.06611e-05 2.69412e-07 -5.57445e-06)
(-3.06842e-05 7.97462e-07 -5.55971e-06)
(-3.07315e-05 1.28509e-06 -5.52747e-06)
(-3.08056e-05 1.67969e-06 -5.47273e-06)
(-3.17412e-05 -1.6329e-06 -6.02563e-06)
(-3.16658e-05 -1.2512e-06 -6.08171e-06)
(-3.16178e-05 -7.76715e-07 -6.11439e-06)
(-3.15945e-05 -2.62406e-07 -6.12922e-06)
(-3.15945e-05 2.62406e-07 -6.12922e-06)
(-3.16178e-05 7.76715e-07 -6.11439e-06)
(-3.16658e-05 1.2512e-06 -6.08171e-06)
(-3.17412e-05 1.6329e-06 -6.02563e-06)
(-3.2644e-05 -1.58613e-06 -6.57695e-06)
(-3.25674e-05 -1.21727e-06 -6.63426e-06)
(-3.25188e-05 -7.55933e-07 -6.66732e-06)
(-3.24952e-05 -2.55389e-07 -6.68222e-06)
(-3.24952e-05 2.55389e-07 -6.68222e-06)
(-3.25188e-05 7.55933e-07 -6.66732e-06)
(-3.25674e-05 1.21727e-06 -6.63426e-06)
(-3.2644e-05 1.58613e-06 -6.57695e-06)
(-3.35144e-05 -1.53944e-06 -7.12546e-06)
(-3.34367e-05 -1.18334e-06 -7.18388e-06)
(-3.33876e-05 -7.35141e-07 -7.21726e-06)
(-3.33638e-05 -2.48369e-07 -7.2322e-06)
(-3.33638e-05 2.48369e-07 -7.2322e-06)
(-3.33876e-05 7.35141e-07 -7.21726e-06)
(-3.34367e-05 1.18334e-06 -7.18388e-06)
(-3.35144e-05 1.53944e-06 -7.12546e-06)
(-3.43529e-05 -1.49289e-06 -7.66998e-06)
(-3.42743e-05 -1.14943e-06 -7.72938e-06)
(-3.42247e-05 -7.1436e-07 -7.76302e-06)
(-3.42007e-05 -2.41353e-07 -7.77799e-06)
(-3.42007e-05 2.41353e-07 -7.77799e-06)
(-3.42247e-05 7.1436e-07 -7.76302e-06)
(-3.42743e-05 1.14943e-06 -7.72938e-06)
(-3.43529e-05 1.49289e-06 -7.66998e-06)
(-3.51602e-05 -1.44651e-06 -8.20942e-06)
(-3.50806e-05 -1.11559e-06 -8.26967e-06)
(-3.50307e-05 -6.9361e-07 -8.3035e-06)
(-3.50065e-05 -2.34348e-07 -8.31848e-06)
(-3.50065e-05 2.34348e-07 -8.31848e-06)
(-3.50307e-05 6.9361e-07 -8.3035e-06)
(-3.50806e-05 1.11559e-06 -8.26967e-06)
(-3.51602e-05 1.44651e-06 -8.20942e-06)
(-3.59366e-05 -1.40037e-06 -8.74276e-06)
(-3.58563e-05 -1.08185e-06 -8.80373e-06)
(-3.58061e-05 -6.72908e-07 -8.8377e-06)
(-3.57818e-05 -2.27361e-07 -8.85265e-06)
(-3.57818e-05 2.27361e-07 -8.85265e-06)
(-3.58061e-05 6.72908e-07 -8.8377e-06)
(-3.58563e-05 1.08185e-06 -8.80373e-06)
(-3.59366e-05 1.40037e-06 -8.74276e-06)
(-3.66829e-05 -1.35449e-06 -9.26904e-06)
(-3.6602e-05 -1.04823e-06 -9.33061e-06)
(-3.65515e-05 -6.52274e-07 -9.36465e-06)
(-3.65271e-05 -2.20396e-07 -9.37956e-06)
(-3.65271e-05 2.20396e-07 -9.37956e-06)
(-3.65515e-05 6.52274e-07 -9.36465e-06)
(-3.6602e-05 1.04823e-06 -9.33061e-06)
(-3.66829e-05 1.35449e-06 -9.26904e-06)
(-3.73995e-05 -1.30893e-06 -9.78738e-06)
(-3.73181e-05 -1.01476e-06 -9.84943e-06)
(-3.72674e-05 -6.31722e-07 -9.88348e-06)
(-3.72431e-05 -2.1346e-07 -9.89832e-06)
(-3.72431e-05 2.1346e-07 -9.89832e-06)
(-3.72674e-05 6.31722e-07 -9.88348e-06)
(-3.73181e-05 1.01476e-06 -9.84943e-06)
(-3.73995e-05 1.30893e-06 -9.78738e-06)
(-3.8087e-05 -1.26372e-06 -1.0297e-05)
(-3.80053e-05 -9.81474e-07 -1.03594e-05)
(-3.79545e-05 -6.11269e-07 -1.03934e-05)
(-3.79301e-05 -2.06557e-07 -1.04081e-05)
(-3.79301e-05 2.06557e-07 -1.04081e-05)
(-3.79545e-05 6.11269e-07 -1.03934e-05)
(-3.80053e-05 9.81474e-07 -1.03594e-05)
(-3.8087e-05 1.26372e-06 -1.0297e-05)
(-3.87461e-05 -1.21889e-06 -1.07971e-05)
(-3.86641e-05 -9.48389e-07 -1.08597e-05)
(-3.86133e-05 -5.90931e-07 -1.08936e-05)
(-3.8589e-05 -1.99694e-07 -1.09082e-05)
(-3.8589e-05 1.99694e-07 -1.09082e-05)
(-3.86133e-05 5.90931e-07 -1.08936e-05)
(-3.86641e-05 9.48389e-07 -1.08597e-05)
(-3.87461e-05 1.21889e-06 -1.07971e-05)
(-3.93772e-05 -1.17449e-06 -1.1287e-05)
(-3.92952e-05 -9.15532e-07 -1.13497e-05)
(-3.92444e-05 -5.70721e-07 -1.13834e-05)
(-3.92201e-05 -1.92874e-07 -1.13979e-05)
(-3.92201e-05 1.92874e-07 -1.13979e-05)
(-3.92444e-05 5.70721e-07 -1.13834e-05)
(-3.92952e-05 9.15532e-07 -1.13497e-05)
(-3.93772e-05 1.17449e-06 -1.1287e-05)
(-3.99811e-05 -1.13053e-06 -1.17661e-05)
(-3.9899e-05 -8.82927e-07 -1.18288e-05)
(-3.98484e-05 -5.50656e-07 -1.18623e-05)
(-3.98243e-05 -1.86103e-07 -1.18766e-05)
(-3.98243e-05 1.86103e-07 -1.18766e-05)
(-3.98484e-05 5.50656e-07 -1.18623e-05)
(-3.9899e-05 8.82927e-07 -1.18288e-05)
(-3.99811e-05 1.13053e-06 -1.17661e-05)
(-4.05582e-05 -1.08706e-06 -1.22338e-05)
(-4.04763e-05 -8.50596e-07 -1.22964e-05)
(-4.04259e-05 -5.30748e-07 -1.23296e-05)
(-4.04019e-05 -1.79386e-07 -1.23437e-05)
(-4.04019e-05 1.79386e-07 -1.23437e-05)
(-4.04259e-05 5.30748e-07 -1.23296e-05)
(-4.04763e-05 8.50596e-07 -1.22964e-05)
(-4.05582e-05 1.08706e-06 -1.22338e-05)
(-4.11093e-05 -1.0441e-06 -1.26897e-05)
(-4.10276e-05 -8.18563e-07 -1.2752e-05)
(-4.09775e-05 -5.11012e-07 -1.27848e-05)
(-4.09536e-05 -1.72727e-07 -1.27988e-05)
(-4.09536e-05 1.72728e-07 -1.27988e-05)
(-4.09775e-05 5.11012e-07 -1.27848e-05)
(-4.10276e-05 8.18563e-07 -1.2752e-05)
(-4.11093e-05 1.0441e-06 -1.26897e-05)
(-4.16348e-05 -1.00168e-06 -1.31332e-05)
(-4.15535e-05 -7.86849e-07 -1.31952e-05)
(-4.15038e-05 -4.91462e-07 -1.32276e-05)
(-4.14801e-05 -1.66132e-07 -1.32413e-05)
(-4.14801e-05 1.66132e-07 -1.32413e-05)
(-4.15038e-05 4.91462e-07 -1.32276e-05)
(-4.15535e-05 7.86849e-07 -1.31952e-05)
(-4.16348e-05 1.00168e-06 -1.31332e-05)
(-4.21353e-05 -9.59821e-07 -1.3564e-05)
(-4.20546e-05 -7.55475e-07 -1.36255e-05)
(-4.20053e-05 -4.72111e-07 -1.36574e-05)
(-4.19818e-05 -1.59603e-07 -1.36709e-05)
(-4.19818e-05 1.59603e-07 -1.36709e-05)
(-4.20053e-05 4.72112e-07 -1.36574e-05)
(-4.20546e-05 7.55475e-07 -1.36255e-05)
(-4.21353e-05 9.59821e-07 -1.3564e-05)
(-4.26115e-05 -9.18554e-07 -1.39817e-05)
(-4.25315e-05 -7.24463e-07 -1.40426e-05)
(-4.24826e-05 -4.52973e-07 -1.40741e-05)
(-4.24594e-05 -1.53147e-07 -1.40873e-05)
(-4.24594e-05 1.53147e-07 -1.40873e-05)
(-4.24826e-05 4.52973e-07 -1.40741e-05)
(-4.25315e-05 7.24463e-07 -1.40426e-05)
(-4.26115e-05 9.18554e-07 -1.39817e-05)
(-4.30639e-05 -8.77902e-07 -1.4386e-05)
(-4.29847e-05 -6.93833e-07 -1.44462e-05)
(-4.29364e-05 -4.3406e-07 -1.44771e-05)
(-4.29134e-05 -1.46766e-07 -1.44901e-05)
(-4.29134e-05 1.46766e-07 -1.44901e-05)
(-4.29364e-05 4.3406e-07 -1.44771e-05)
(-4.29847e-05 6.93833e-07 -1.44462e-05)
(-4.30639e-05 8.77903e-07 -1.4386e-05)
(-4.34932e-05 -8.37889e-07 -1.47767e-05)
(-4.34148e-05 -6.63605e-07 -1.48361e-05)
(-4.33671e-05 -4.15384e-07 -1.48664e-05)
(-4.33445e-05 -1.40466e-07 -1.48791e-05)
(-4.33445e-05 1.40466e-07 -1.48791e-05)
(-4.33671e-05 4.15384e-07 -1.48664e-05)
(-4.34148e-05 6.63605e-07 -1.48361e-05)
(-4.34932e-05 8.37889e-07 -1.47767e-05)
(-4.38998e-05 -7.98537e-07 -1.51535e-05)
(-4.38224e-05 -6.33799e-07 -1.5212e-05)
(-4.37754e-05 -3.9696e-07 -1.52417e-05)
(-4.37531e-05 -1.34251e-07 -1.52541e-05)
(-4.37531e-05 1.34251e-07 -1.52541e-05)
(-4.37754e-05 3.9696e-07 -1.52417e-05)
(-4.38224e-05 6.33799e-07 -1.5212e-05)
(-4.38998e-05 7.98537e-07 -1.51535e-05)
(-4.42844e-05 -7.59867e-07 -1.55163e-05)
(-4.42082e-05 -6.04434e-07 -1.55738e-05)
(-4.41619e-05 -3.78799e-07 -1.56029e-05)
(-4.41399e-05 -1.28125e-07 -1.5615e-05)
(-4.414e-05 1.28126e-07 -1.5615e-05)
(-4.41619e-05 3.78799e-07 -1.56029e-05)
(-4.42082e-05 6.04434e-07 -1.55738e-05)
(-4.42844e-05 7.59867e-07 -1.55163e-05)
(-4.46475e-05 -7.21902e-07 -1.5865e-05)
(-4.45725e-05 -5.75531e-07 -1.59215e-05)
(-4.4527e-05 -3.60914e-07 -1.59498e-05)
(-4.45055e-05 -1.22093e-07 -1.59615e-05)
(-4.45055e-05 1.22093e-07 -1.59615e-05)
(-4.4527e-05 3.60914e-07 -1.59498e-05)
(-4.45725e-05 5.75531e-07 -1.59215e-05)
(-4.46475e-05 7.21902e-07 -1.5865e-05)
(-4.49897e-05 -6.84662e-07 -1.61994e-05)
(-4.4916e-05 -5.47108e-07 -1.62548e-05)
(-4.48714e-05 -3.43317e-07 -1.62824e-05)
(-4.48503e-05 -1.16157e-07 -1.62938e-05)
(-4.48503e-05 1.16157e-07 -1.62938e-05)
(-4.48714e-05 3.43317e-07 -1.62824e-05)
(-4.4916e-05 5.47108e-07 -1.62548e-05)
(-4.49897e-05 6.84662e-07 -1.61994e-05)
(-4.53116e-05 -6.48167e-07 -1.65196e-05)
(-4.52394e-05 -5.19183e-07 -1.65738e-05)
(-4.51956e-05 -3.26019e-07 -1.66006e-05)
(-4.5175e-05 -1.10323e-07 -1.66117e-05)
(-4.5175e-05 1.10323e-07 -1.66117e-05)
(-4.51956e-05 3.26019e-07 -1.66006e-05)
(-4.52394e-05 5.19183e-07 -1.65738e-05)
(-4.53116e-05 6.48167e-07 -1.65196e-05)
(-4.56138e-05 -6.12437e-07 -1.68256e-05)
(-4.5543e-05 -4.91776e-07 -1.68784e-05)
(-4.55002e-05 -3.09034e-07 -1.69045e-05)
(-4.548e-05 -1.04594e-07 -1.69152e-05)
(-4.548e-05 1.04595e-07 -1.69152e-05)
(-4.55002e-05 3.09034e-07 -1.69045e-05)
(-4.5543e-05 4.91776e-07 -1.68784e-05)
(-4.56138e-05 6.12437e-07 -1.68256e-05)
(-4.58967e-05 -5.77492e-07 -1.71173e-05)
(-4.58275e-05 -4.64906e-07 -1.71688e-05)
(-4.57857e-05 -2.92373e-07 -1.7194e-05)
(-4.5766e-05 -9.89752e-08 -1.72044e-05)
(-4.5766e-05 9.89752e-08 -1.72044e-05)
(-4.57857e-05 2.92373e-07 -1.7194e-05)
(-4.58275e-05 4.64906e-07 -1.71688e-05)
(-4.58967e-05 5.77493e-07 -1.71173e-05)
(-4.61609e-05 -5.43352e-07 -1.73948e-05)
(-4.60934e-05 -4.3859e-07 -1.74449e-05)
(-4.60527e-05 -2.76048e-07 -1.74693e-05)
(-4.60334e-05 -9.34693e-08 -1.74793e-05)
(-4.60334e-05 9.34693e-08 -1.74793e-05)
(-4.60527e-05 2.76048e-07 -1.74693e-05)
(-4.60934e-05 4.3859e-07 -1.74449e-05)
(-4.61609e-05 5.43352e-07 -1.73948e-05)
(-4.64071e-05 -5.10037e-07 -1.76583e-05)
(-4.63413e-05 -4.12847e-07 -1.77069e-05)
(-4.63017e-05 -2.60071e-07 -1.77305e-05)
(-4.62829e-05 -8.80807e-08 -1.774e-05)
(-4.62829e-05 8.80807e-08 -1.774e-05)
(-4.63017e-05 2.60071e-07 -1.77305e-05)
(-4.63413e-05 4.12847e-07 -1.77069e-05)
(-4.64071e-05 5.10037e-07 -1.76583e-05)
(-4.66357e-05 -4.77564e-07 -1.79078e-05)
(-4.65718e-05 -3.87695e-07 -1.79549e-05)
(-4.65332e-05 -2.44452e-07 -1.79776e-05)
(-4.6515e-05 -8.28133e-08 -1.79868e-05)
(-4.6515e-05 8.28134e-08 -1.79868e-05)
(-4.65332e-05 2.44452e-07 -1.79776e-05)
(-4.65718e-05 3.87695e-07 -1.79549e-05)
(-4.66357e-05 4.77564e-07 -1.79078e-05)
(-4.68473e-05 -4.45955e-07 -1.81435e-05)
(-4.67853e-05 -3.63153e-07 -1.81891e-05)
(-4.67479e-05 -2.29205e-07 -1.82109e-05)
(-4.67302e-05 -7.76711e-08 -1.82197e-05)
(-4.67302e-05 7.76712e-08 -1.82197e-05)
(-4.67479e-05 2.29205e-07 -1.82109e-05)
(-4.67853e-05 3.63153e-07 -1.81891e-05)
(-4.68473e-05 4.45956e-07 -1.81435e-05)
(-4.70425e-05 -4.1523e-07 -1.83656e-05)
(-4.69824e-05 -3.39239e-07 -1.84096e-05)
(-4.69461e-05 -2.14341e-07 -1.84305e-05)
(-4.6929e-05 -7.26579e-08 -1.84389e-05)
(-4.6929e-05 7.2658e-08 -1.84389e-05)
(-4.69461e-05 2.14341e-07 -1.84305e-05)
(-4.69824e-05 3.39239e-07 -1.84096e-05)
(-4.70425e-05 4.1523e-07 -1.83656e-05)
(-4.72217e-05 -3.85406e-07 -1.85743e-05)
(-4.71636e-05 -3.15972e-07 -1.86166e-05)
(-4.71286e-05 -1.9987e-07 -1.86366e-05)
(-4.71121e-05 -6.77775e-08 -1.86447e-05)
(-4.71121e-05 6.77776e-08 -1.86447e-05)
(-4.71286e-05 1.9987e-07 -1.86366e-05)
(-4.71636e-05 3.15972e-07 -1.86166e-05)
(-4.72217e-05 3.85407e-07 -1.85743e-05)
(-4.73856e-05 -3.56506e-07 -1.87698e-05)
(-4.73296e-05 -2.93368e-07 -1.88105e-05)
(-4.72958e-05 -1.85805e-07 -1.88296e-05)
(-4.72799e-05 -6.30339e-08 -1.88373e-05)
(-4.72799e-05 6.3034e-08 -1.88373e-05)
(-4.72958e-05 1.85805e-07 -1.88296e-05)
(-4.73296e-05 2.93368e-07 -1.88105e-05)
(-4.73856e-05 3.56506e-07 -1.87698e-05)
(-4.75347e-05 -3.28549e-07 -1.89524e-05)
(-4.74808e-05 -2.71448e-07 -1.89914e-05)
(-4.74483e-05 -1.72158e-07 -1.90096e-05)
(-4.74329e-05 -5.84308e-08 -1.90169e-05)
(-4.74329e-05 5.84309e-08 -1.90169e-05)
(-4.74483e-05 1.72158e-07 -1.90096e-05)
(-4.74808e-05 2.71448e-07 -1.89914e-05)
(-4.75347e-05 3.2855e-07 -1.89524e-05)
(-4.76696e-05 -3.01557e-07 -1.91224e-05)
(-4.76178e-05 -2.50229e-07 -1.91597e-05)
(-4.75866e-05 -1.58939e-07 -1.9177e-05)
(-4.75718e-05 -5.39721e-08 -1.9184e-05)
(-4.75718e-05 5.39722e-08 -1.9184e-05)
(-4.75866e-05 1.58939e-07 -1.9177e-05)
(-4.76178e-05 2.50229e-07 -1.91597e-05)
(-4.76696e-05 3.01557e-07 -1.91224e-05)
(-4.77908e-05 -2.75549e-07 -1.92801e-05)
(-4.77411e-05 -2.29729e-07 -1.93157e-05)
(-4.77112e-05 -1.4616e-07 -1.93321e-05)
(-4.7697e-05 -4.96615e-08 -1.93386e-05)
(-4.7697e-05 4.96616e-08 -1.93386e-05)
(-4.77112e-05 1.4616e-07 -1.93321e-05)
(-4.77411e-05 2.29729e-07 -1.93157e-05)
(-4.77908e-05 2.75549e-07 -1.92801e-05)
(-4.78988e-05 -2.50549e-07 -1.94257e-05)
(-4.78514e-05 -2.09967e-07 -1.94596e-05)
(-4.78227e-05 -1.33833e-07 -1.94752e-05)
(-4.78092e-05 -4.55029e-08 -1.94813e-05)
(-4.78092e-05 4.5503e-08 -1.94813e-05)
(-4.78227e-05 1.33833e-07 -1.94752e-05)
(-4.78514e-05 2.09967e-07 -1.94596e-05)
(-4.78988e-05 2.50549e-07 -1.94257e-05)
(-4.79943e-05 -2.26577e-07 -1.95598e-05)
(-4.79491e-05 -1.90963e-07 -1.95919e-05)
(-4.79218e-05 -1.21969e-07 -1.96066e-05)
(-4.79088e-05 -4.15002e-08 -1.96124e-05)
(-4.79088e-05 4.15003e-08 -1.96124e-05)
(-4.79218e-05 1.21969e-07 -1.96066e-05)
(-4.79491e-05 1.90963e-07 -1.95919e-05)
(-4.79943e-05 2.26577e-07 -1.95598e-05)
(-4.80778e-05 -2.03656e-07 -1.96825e-05)
(-4.80348e-05 -1.72733e-07 -1.97129e-05)
(-4.80088e-05 -1.1058e-07 -1.97267e-05)
(-4.79965e-05 -3.76571e-08 -1.97321e-05)
(-4.79965e-05 3.76572e-08 -1.97321e-05)
(-4.80088e-05 1.1058e-07 -1.97267e-05)
(-4.80348e-05 1.72733e-07 -1.97129e-05)
(-4.80778e-05 2.03656e-07 -1.96825e-05)
(-4.81498e-05 -1.81808e-07 -1.97943e-05)
(-4.81091e-05 -1.55298e-07 -1.9823e-05)
(-4.80845e-05 -9.9677e-08 -1.98359e-05)
(-4.80728e-05 -3.39773e-08 -1.9841e-05)
(-4.80728e-05 3.39774e-08 -1.9841e-05)
(-4.80845e-05 9.96771e-08 -1.98359e-05)
(-4.81091e-05 1.55298e-07 -1.9823e-05)
(-4.81498e-05 1.81808e-07 -1.97943e-05)
(-4.8211e-05 -1.61057e-07 -1.98955e-05)
(-4.81726e-05 -1.38675e-07 -1.99225e-05)
(-4.81493e-05 -8.92712e-08 -1.99346e-05)
(-4.81382e-05 -3.04647e-08 -1.99394e-05)
(-4.81382e-05 3.04648e-08 -1.99394e-05)
(-4.81493e-05 8.92713e-08 -1.99346e-05)
(-4.81726e-05 1.38675e-07 -1.99225e-05)
(-4.8211e-05 1.61057e-07 -1.98955e-05)
(-4.8262e-05 -1.41426e-07 -1.99867e-05)
(-4.82258e-05 -1.22884e-07 -2.0012e-05)
(-4.82038e-05 -7.93745e-08 -2.00232e-05)
(-4.81934e-05 -2.7123e-08 -2.00277e-05)
(-4.81934e-05 2.71231e-08 -2.00277e-05)
(-4.82038e-05 7.93746e-08 -2.00232e-05)
(-4.82258e-05 1.22884e-07 -2.0012e-05)
(-4.8262e-05 1.41426e-07 -1.99867e-05)
(-4.83032e-05 -1.22941e-07 -2.00682e-05)
(-4.82693e-05 -1.07945e-07 -2.00917e-05)
(-4.82487e-05 -6.99984e-08 -2.01022e-05)
(-4.82389e-05 -2.39561e-08 -2.01063e-05)
(-4.82389e-05 2.39562e-08 -2.01063e-05)
(-4.82487e-05 6.99985e-08 -2.01022e-05)
(-4.82693e-05 1.07945e-07 -2.00917e-05)
(-4.83032e-05 1.22941e-07 -2.00682e-05)
(-4.83354e-05 -1.05625e-07 -2.01404e-05)
(-4.83038e-05 -9.38759e-08 -2.01623e-05)
(-4.82846e-05 -6.11547e-08 -2.0172e-05)
(-4.82754e-05 -2.09679e-08 -2.01758e-05)
(-4.82754e-05 2.0968e-08 -2.01758e-05)
(-4.82846e-05 6.11548e-08 -2.0172e-05)
(-4.83038e-05 9.3876e-08 -2.01623e-05)
(-4.83354e-05 1.05625e-07 -2.01404e-05)
(-4.83591e-05 -8.95053e-08 -2.02037e-05)
(-4.83298e-05 -8.06979e-08 -2.0224e-05)
(-4.83119e-05 -5.28552e-08 -2.02329e-05)
(-4.83033e-05 -1.81623e-08 -2.02365e-05)
(-4.83033e-05 1.81624e-08 -2.02365e-05)
(-4.83119e-05 5.28553e-08 -2.02329e-05)
(-4.83298e-05 8.0698e-08 -2.0224e-05)
(-4.83591e-05 8.95054e-08 -2.02037e-05)
(-4.83749e-05 -7.46077e-08 -2.02588e-05)
(-4.83479e-05 -6.84318e-08 -2.02774e-05)
(-4.83314e-05 -4.51124e-08 -2.02856e-05)
(-4.83234e-05 -1.55432e-08 -2.02888e-05)
(-4.83234e-05 1.55433e-08 -2.02888e-05)
(-4.83314e-05 4.51125e-08 -2.02856e-05)
(-4.83479e-05 6.84319e-08 -2.02774e-05)
(-4.83749e-05 7.46079e-08 -2.02588e-05)
(-4.83835e-05 -6.09613e-08 -2.03059e-05)
(-4.83588e-05 -5.70998e-08 -2.0323e-05)
(-4.83436e-05 -3.79396e-08 -2.03305e-05)
(-4.83363e-05 -1.31151e-08 -2.03334e-05)
(-4.83363e-05 1.31152e-08 -2.03334e-05)
(-4.83436e-05 3.79397e-08 -2.03305e-05)
(-4.83588e-05 5.70999e-08 -2.0323e-05)
(-4.83835e-05 6.09615e-08 -2.03059e-05)
(-4.83855e-05 -4.85977e-08 -2.03457e-05)
(-4.83631e-05 -4.67272e-08 -2.03612e-05)
(-4.83492e-05 -3.13517e-08 -2.0368e-05)
(-4.83425e-05 -1.08829e-08 -2.03707e-05)
(-4.83425e-05 1.0883e-08 -2.03707e-05)
(-4.83492e-05 3.13518e-08 -2.0368e-05)
(-4.83631e-05 4.67273e-08 -2.03612e-05)
(-4.83855e-05 4.85979e-08 -2.03457e-05)
(-4.83815e-05 -3.7554e-08 -2.03786e-05)
(-4.83614e-05 -3.73434e-08 -2.03925e-05)
(-4.83489e-05 -2.53666e-08 -2.03986e-05)
(-4.83429e-05 -8.85247e-09 -2.04011e-05)
(-4.83429e-05 8.85255e-09 -2.04011e-05)
(-4.83489e-05 2.53667e-08 -2.03986e-05)
(-4.83614e-05 3.73435e-08 -2.03925e-05)
(-4.83815e-05 3.75542e-08 -2.03786e-05)
(-4.83722e-05 -2.7876e-08 -2.0405e-05)
(-4.83545e-05 -2.89854e-08 -2.04174e-05)
(-4.83433e-05 -2.00072e-08 -2.04229e-05)
(-4.83379e-05 -7.03156e-09 -2.04251e-05)
(-4.83379e-05 7.03165e-09 -2.04251e-05)
(-4.83433e-05 2.00073e-08 -2.04229e-05)
(-4.83545e-05 2.89855e-08 -2.04174e-05)
(-4.83722e-05 2.78761e-08 -2.0405e-05)
(-4.83582e-05 -1.96255e-08 -2.04257e-05)
(-4.83429e-05 -2.17022e-08 -2.04365e-05)
(-4.83331e-05 -1.5304e-08 -2.04414e-05)
(-4.83284e-05 -5.43029e-09 -2.04434e-05)
(-4.83284e-05 5.43036e-09 -2.04434e-05)
(-4.83331e-05 1.5304e-08 -2.04414e-05)
(-4.83429e-05 2.17023e-08 -2.04365e-05)
(-4.83582e-05 1.96257e-08 -2.04257e-05)
(-4.83402e-05 -1.28931e-08 -2.0441e-05)
(-4.83275e-05 -1.55602e-08 -2.04502e-05)
(-4.83192e-05 -1.12968e-08 -2.04545e-05)
(-4.83152e-05 -4.06145e-09 -2.04563e-05)
(-4.83152e-05 4.06144e-09 -2.04563e-05)
(-4.83192e-05 1.12969e-08 -2.04545e-05)
(-4.83275e-05 1.55603e-08 -2.04502e-05)
(-4.83402e-05 1.28933e-08 -2.0441e-05)
(-4.8319e-05 -7.82459e-09 -2.04516e-05)
(-4.8309e-05 -1.06456e-08 -2.04592e-05)
(-4.83023e-05 -8.03284e-09 -2.04628e-05)
(-4.8299e-05 -2.93969e-09 -2.04643e-05)
(-4.8299e-05 2.93966e-09 -2.04643e-05)
(-4.83023e-05 8.03305e-09 -2.04628e-05)
(-4.8309e-05 1.06459e-08 -2.04592e-05)
(-4.8319e-05 7.82461e-09 -2.04516e-05)
(-4.82955e-05 -4.68731e-09 -2.04584e-05)
(-4.82886e-05 -7.06256e-09 -2.0464e-05)
(-4.82836e-05 -5.55001e-09 -2.04669e-05)
(-4.8281e-05 -2.07385e-09 -2.0468e-05)
(-4.8281e-05 2.07404e-09 -2.0468e-05)
(-4.82836e-05 5.55007e-09 -2.04669e-05)
(-4.82886e-05 7.06264e-09 -2.0464e-05)
(-4.82955e-05 4.68719e-09 -2.04584e-05)
(-4.82714e-05 -3.99827e-09 -2.04626e-05)
(-4.82679e-05 -4.89329e-09 -2.04656e-05)
(-4.82646e-05 -3.81207e-09 -2.04673e-05)
(-4.82628e-05 -1.44348e-09 -2.0468e-05)
(-4.82628e-05 1.44379e-09 -2.0468e-05)
(-4.82646e-05 3.81186e-09 -2.04673e-05)
(-4.82679e-05 4.89342e-09 -2.04656e-05)
(-4.82714e-05 3.99864e-09 -2.04626e-05)
(-4.82499e-05 -6.42099e-09 -2.04668e-05)
(-4.82496e-05 -3.9092e-09 -2.04656e-05)
(-4.82479e-05 -2.59536e-09 -2.04654e-05)
(-4.82468e-05 -9.91493e-10 -2.04654e-05)
(-4.82468e-05 9.91192e-10 -2.04654e-05)
(-4.82479e-05 2.59548e-09 -2.04654e-05)
(-4.82496e-05 3.90971e-09 -2.04656e-05)
(-4.82499e-05 6.42153e-09 -2.04668e-05)
(-4.82368e-05 -1.06254e-08 -2.0475e-05)
(-4.82365e-05 -2.78385e-09 -2.04703e-05)
(-4.8236e-05 -1.46424e-09 -2.04676e-05)
(-4.82355e-05 -6.24912e-10 -2.04669e-05)
(-4.82355e-05 6.23673e-10 -2.04669e-05)
(-4.8236e-05 1.46531e-09 -2.04676e-05)
(-4.82366e-05 2.78442e-09 -2.04702e-05)
(-4.82368e-05 1.06243e-08 -2.0475e-05)
)
;
    }
    bottom
    {
        type            tractionPressureDisplacement;
        gradient        nonuniform List<vector> 
640
(
(4.00248e-06 9.88079e-07 3.69271e-06)
(5.02994e-06 8.34767e-07 4.8839e-06)
(5.69043e-06 4.18016e-07 5.18534e-06)
(5.9628e-06 1.1895e-07 5.30387e-06)
(5.9628e-06 -1.1895e-07 5.30387e-06)
(5.69043e-06 -4.18016e-07 5.18534e-06)
(5.02994e-06 -8.34767e-07 4.8839e-06)
(4.00248e-06 -9.88079e-07 3.69271e-06)
(3.24359e-06 1.5651e-06 2.9532e-06)
(3.45739e-06 1.23764e-06 3.51839e-06)
(3.62366e-06 6.93251e-07 4.00203e-06)
(3.71636e-06 2.07188e-07 4.18124e-06)
(3.71636e-06 -2.07188e-07 4.18124e-06)
(3.62366e-06 -6.93251e-07 4.00203e-06)
(3.45739e-06 -1.23764e-06 3.51839e-06)
(3.24359e-06 -1.5651e-06 2.9532e-06)
(4.07449e-06 2.05085e-06 2.71855e-06)
(4.1889e-06 1.35821e-06 3.03762e-06)
(4.22021e-06 7.65665e-07 3.38263e-06)
(4.25175e-06 2.38295e-07 3.5318e-06)
(4.25175e-06 -2.38295e-07 3.5318e-06)
(4.22021e-06 -7.65665e-07 3.38263e-06)
(4.1889e-06 -1.35821e-06 3.03762e-06)
(4.07449e-06 -2.05085e-06 2.71855e-06)
(5.40018e-06 2.36582e-06 2.7889e-06)
(5.50164e-06 1.46632e-06 3.02925e-06)
(5.5211e-06 8.09637e-07 3.29565e-06)
(5.53648e-06 2.56204e-07 3.42512e-06)
(5.53648e-06 -2.56204e-07 3.42512e-06)
(5.5211e-06 -8.09637e-07 3.29565e-06)
(5.50164e-06 -1.46632e-06 3.02925e-06)
(5.40018e-06 -2.36582e-06 2.7889e-06)
(6.82201e-06 2.54656e-06 2.91224e-06)
(6.88667e-06 1.55621e-06 3.09902e-06)
(6.9042e-06 8.51558e-07 3.30129e-06)
(6.91359e-06 2.70835e-07 3.40588e-06)
(6.91359e-06 -2.70835e-07 3.40588e-06)
(6.9042e-06 -8.51558e-07 3.30129e-06)
(6.88667e-06 -1.55621e-06 3.09902e-06)
(6.82201e-06 -2.54656e-06 2.91224e-06)
(8.25342e-06 2.64547e-06 3.07825e-06)
(8.28338e-06 1.61811e-06 3.23227e-06)
(8.29315e-06 8.86108e-07 3.39242e-06)
(8.29814e-06 2.82611e-07 3.47704e-06)
(8.29814e-06 -2.82611e-07 3.47704e-06)
(8.29315e-06 -8.86108e-07 3.39242e-06)
(8.28338e-06 -1.61811e-06 3.23227e-06)
(8.25342e-06 -2.64547e-06 3.07825e-06)
(9.67156e-06 2.69336e-06 3.27786e-06)
(9.67567e-06 1.656e-06 3.41297e-06)
(9.67561e-06 9.11109e-07 3.54634e-06)
(9.67639e-06 2.91468e-07 3.61657e-06)
(9.67639e-06 -2.91468e-07 3.61657e-06)
(9.67561e-06 -9.11109e-07 3.54634e-06)
(9.67567e-06 -1.656e-06 3.41297e-06)
(9.67156e-06 -2.69336e-06 3.27786e-06)
(1.1068e-05 2.70773e-06 3.50775e-06)
(1.10529e-05 1.6748e-06 3.63185e-06)
(1.10433e-05 9.26654e-07 3.74795e-06)
(1.10399e-05 2.97406e-07 3.80818e-06)
(1.10399e-05 -2.97406e-07 3.80818e-06)
(1.10433e-05 -9.26654e-07 3.74795e-06)
(1.10529e-05 -1.6748e-06 3.63185e-06)
(1.1068e-05 -2.70773e-06 3.50775e-06)
(1.24395e-05 2.6994e-06 3.76569e-06)
(1.24099e-05 1.67897e-06 3.88344e-06)
(1.23919e-05 9.3393e-07 3.98809e-06)
(1.23847e-05 3.00665e-07 4.04137e-06)
(1.23847e-05 -3.00665e-07 4.04137e-06)
(1.23919e-05 -9.3393e-07 3.98809e-06)
(1.24099e-05 -1.67897e-06 3.88344e-06)
(1.24395e-05 -2.6994e-06 3.76569e-06)
(1.37841e-05 2.67559e-06 4.04942e-06)
(1.37435e-05 1.6723e-06 4.1636e-06)
(1.37188e-05 9.34546e-07 4.26036e-06)
(1.37083e-05 3.01674e-07 4.30872e-06)
(1.37083e-05 -3.01674e-07 4.30872e-06)
(1.37188e-05 -9.34546e-07 4.26036e-06)
(1.37435e-05 -1.6723e-06 4.1636e-06)
(1.37841e-05 -2.67559e-06 4.04942e-06)
(1.51008e-05 2.64124e-06 4.3567e-06)
(1.50518e-05 1.65782e-06 4.46896e-06)
(1.50217e-05 9.30062e-07 4.56003e-06)
(1.50085e-05 3.00904e-07 4.6048e-06)
(1.50085e-05 -3.00904e-07 4.6048e-06)
(1.50217e-05 -9.30062e-07 4.56003e-06)
(1.50518e-05 -1.65782e-06 4.46896e-06)
(1.51008e-05 -2.64124e-06 4.3567e-06)
(1.6389e-05 2.5998e-06 4.68539e-06)
(1.63335e-05 1.63779e-06 4.79666e-06)
(1.62991e-05 9.21792e-07 4.8834e-06)
(1.62837e-05 2.98781e-07 4.92545e-06)
(1.62837e-05 -2.98781e-07 4.92545e-06)
(1.62991e-05 -9.21792e-07 4.8834e-06)
(1.63335e-05 -1.63779e-06 4.79666e-06)
(1.6389e-05 -2.5998e-06 4.68539e-06)
(1.76483e-05 2.55363e-06 5.03338e-06)
(1.75876e-05 1.61387e-06 5.1442e-06)
(1.75498e-05 9.1077e-07 5.22749e-06)
(1.75328e-05 2.95657e-07 5.26736e-06)
(1.75328e-05 -2.95657e-07 5.26736e-06)
(1.75498e-05 -9.1077e-07 5.22749e-06)
(1.75876e-05 -1.61387e-06 5.1442e-06)
(1.76483e-05 -2.55363e-06 5.03338e-06)
(1.88786e-05 2.50437e-06 5.39865e-06)
(1.88136e-05 1.58725e-06 5.5093e-06)
(1.87732e-05 8.97772e-07 5.5897e-06)
(1.87548e-05 2.91804e-07 5.62777e-06)
(1.87548e-05 -2.91804e-07 5.62777e-06)
(1.87732e-05 -8.97772e-07 5.5897e-06)
(1.88136e-05 -1.58725e-06 5.5093e-06)
(1.88786e-05 -2.50437e-06 5.39865e-06)
(2.00797e-05 2.45312e-06 5.77925e-06)
(2.00111e-05 1.55877e-06 5.88988e-06)
(1.99686e-05 8.83364e-07 5.96774e-06)
(1.99492e-05 2.87423e-07 6.00427e-06)
(1.99492e-05 -2.87423e-07 6.00427e-06)
(1.99686e-05 -8.83364e-07 5.96774e-06)
(2.00111e-05 -1.55877e-06 5.88988e-06)
(2.00797e-05 -2.45312e-06 5.77925e-06)
(2.12517e-05 2.4006e-06 6.17328e-06)
(2.118e-05 1.52898e-06 6.28393e-06)
(2.11358e-05 8.67947e-07 6.35952e-06)
(2.11155e-05 2.82662e-07 6.39468e-06)
(2.11155e-05 -2.82662e-07 6.39468e-06)
(2.11358e-05 -8.67947e-07 6.35952e-06)
(2.118e-05 -1.52898e-06 6.28393e-06)
(2.12517e-05 -2.4006e-06 6.17328e-06)
(2.23946e-05 2.34732e-06 6.57892e-06)
(2.23202e-05 1.49828e-06 6.68959e-06)
(2.22746e-05 8.51799e-07 6.76308e-06)
(2.22536e-05 2.77622e-07 6.79698e-06)
(2.22536e-05 -2.77622e-07 6.79698e-06)
(2.22746e-05 -8.51799e-07 6.76308e-06)
(2.23202e-05 -1.49828e-06 6.68959e-06)
(2.23946e-05 -2.34732e-06 6.57892e-06)
(2.35085e-05 2.29357e-06 6.99441e-06)
(2.34316e-05 1.46693e-06 7.10507e-06)
(2.33848e-05 8.35112e-07 7.17657e-06)
(2.33633e-05 2.72376e-07 7.20932e-06)
(2.33633e-05 -2.72376e-07 7.20932e-06)
(2.33848e-05 -8.35112e-07 7.17657e-06)
(2.34316e-05 -1.46693e-06 7.10507e-06)
(2.35085e-05 -2.29357e-06 6.99441e-06)
(2.45934e-05 2.23958e-06 7.41807e-06)
(2.45143e-05 1.43511e-06 7.52866e-06)
(2.44665e-05 8.18016e-07 7.59828e-06)
(2.44445e-05 2.66973e-07 7.62993e-06)
(2.44445e-05 -2.66973e-07 7.62993e-06)
(2.44665e-05 -8.18016e-07 7.59828e-06)
(2.45143e-05 -1.43511e-06 7.52866e-06)
(2.45934e-05 -2.23958e-06 7.41807e-06)
(2.56495e-05 2.18547e-06 7.84829e-06)
(2.55683e-05 1.40292e-06 7.95873e-06)
(2.55196e-05 8.00602e-07 8.02654e-06)
(2.54972e-05 2.61445e-07 8.05715e-06)
(2.54972e-05 -2.61445e-07 8.05715e-06)
(2.55196e-05 -8.00602e-07 8.02654e-06)
(2.55683e-05 -1.40292e-06 7.95873e-06)
(2.56495e-05 -2.18547e-06 7.84829e-06)
(2.66769e-05 2.13134e-06 8.28352e-06)
(2.65937e-05 1.37046e-06 8.39375e-06)
(2.65443e-05 7.82932e-07 8.45979e-06)
(2.65215e-05 2.55818e-07 8.48941e-06)
(2.65215e-05 -2.55818e-07 8.48941e-06)
(2.65443e-05 -7.82932e-07 8.45979e-06)
(2.65937e-05 -1.37046e-06 8.39375e-06)
(2.66769e-05 -2.13134e-06 8.28352e-06)
(2.76756e-05 2.07726e-06 8.72232e-06)
(2.75907e-05 1.33778e-06 8.83223e-06)
(2.75406e-05 7.6505e-07 8.89656e-06)
(2.75176e-05 2.50107e-07 8.92523e-06)
(2.75176e-05 -2.50107e-07 8.92523e-06)
(2.75406e-05 -7.6505e-07 8.89656e-06)
(2.75907e-05 -1.33778e-06 8.83223e-06)
(2.76756e-05 -2.07726e-06 8.72232e-06)
(2.86459e-05 2.02327e-06 9.16328e-06)
(2.85594e-05 1.30493e-06 9.27277e-06)
(2.85087e-05 7.46993e-07 9.33544e-06)
(2.84855e-05 2.44326e-07 9.36318e-06)
(2.84855e-05 -2.44326e-07 9.36318e-06)
(2.85087e-05 -7.46993e-07 9.33544e-06)
(2.85594e-05 -1.30493e-06 9.27277e-06)
(2.86459e-05 -2.02327e-06 9.16328e-06)
(2.9588e-05 1.96941e-06 9.60508e-06)
(2.95e-05 1.27195e-06 9.71406e-06)
(2.94489e-05 7.28787e-07 9.77509e-06)
(2.94255e-05 2.38485e-07 9.80193e-06)
(2.94255e-05 -2.38485e-07 9.80193e-06)
(2.94489e-05 -7.28787e-07 9.77509e-06)
(2.95e-05 -1.27195e-06 9.71406e-06)
(2.9588e-05 -1.96941e-06 9.60508e-06)
(3.05021e-05 1.91573e-06 1.00465e-05)
(3.04127e-05 1.23887e-06 1.01548e-05)
(3.03612e-05 7.10457e-07 1.02143e-05)
(3.03377e-05 2.32593e-07 1.02402e-05)
(3.03377e-05 -2.32593e-07 1.02402e-05)
(3.03612e-05 -7.10458e-07 1.02143e-05)
(3.04127e-05 -1.23887e-06 1.01548e-05)
(3.05021e-05 -1.91573e-06 1.00465e-05)
(3.13883e-05 1.86224e-06 1.04863e-05)
(3.12977e-05 1.20574e-06 1.05939e-05)
(3.1246e-05 6.92026e-07 1.06518e-05)
(3.12223e-05 2.26657e-07 1.06769e-05)
(3.12223e-05 -2.26657e-07 1.06769e-05)
(3.1246e-05 -6.92026e-07 1.06518e-05)
(3.12977e-05 -1.20574e-06 1.05939e-05)
(3.13883e-05 -1.86224e-06 1.04863e-05)
(3.2247e-05 1.80898e-06 1.09234e-05)
(3.21554e-05 1.17256e-06 1.10302e-05)
(3.21034e-05 6.73513e-07 1.10865e-05)
(3.20797e-05 2.20685e-07 1.11108e-05)
(3.20797e-05 -2.20685e-07 1.11108e-05)
(3.21034e-05 -6.73513e-07 1.10865e-05)
(3.21554e-05 -1.17256e-06 1.10302e-05)
(3.2247e-05 -1.80898e-06 1.09234e-05)
(3.30783e-05 1.75599e-06 1.13567e-05)
(3.29859e-05 1.13938e-06 1.14626e-05)
(3.29338e-05 6.54938e-07 1.15173e-05)
(3.291e-05 2.14684e-07 1.15408e-05)
(3.291e-05 -2.14684e-07 1.15408e-05)
(3.29338e-05 -6.54938e-07 1.15173e-05)
(3.29859e-05 -1.13938e-06 1.14626e-05)
(3.30783e-05 -1.75599e-06 1.13567e-05)
(3.38827e-05 1.70329e-06 1.17853e-05)
(3.37896e-05 1.10623e-06 1.18901e-05)
(3.37374e-05 6.36321e-07 1.19434e-05)
(3.37136e-05 2.08661e-07 1.19661e-05)
(3.37136e-05 -2.08661e-07 1.19661e-05)
(3.37374e-05 -6.36321e-07 1.19434e-05)
(3.37896e-05 -1.10623e-06 1.18901e-05)
(3.38827e-05 -1.70329e-06 1.17853e-05)
(3.46604e-05 1.6509e-06 1.22083e-05)
(3.45667e-05 1.07313e-06 1.2312e-05)
(3.45145e-05 6.17681e-07 1.23637e-05)
(3.44908e-05 2.02621e-07 1.23856e-05)
(3.44908e-05 -2.02621e-07 1.23856e-05)
(3.45145e-05 -6.17681e-07 1.23637e-05)
(3.45667e-05 -1.07313e-06 1.2312e-05)
(3.46604e-05 -1.6509e-06 1.22083e-05)
(3.54116e-05 1.59886e-06 1.26247e-05)
(3.53176e-05 1.0401e-06 1.27271e-05)
(3.52655e-05 5.99036e-07 1.27774e-05)
(3.52419e-05 1.96573e-07 1.27986e-05)
(3.52419e-05 -1.96573e-07 1.27986e-05)
(3.52655e-05 -5.99036e-07 1.27774e-05)
(3.53176e-05 -1.0401e-06 1.27271e-05)
(3.54116e-05 -1.59886e-06 1.26247e-05)
(3.61369e-05 1.5472e-06 1.30339e-05)
(3.60425e-05 1.00719e-06 1.31349e-05)
(3.59907e-05 5.80405e-07 1.31837e-05)
(3.59671e-05 1.90521e-07 1.32042e-05)
(3.59671e-05 -1.90521e-07 1.32042e-05)
(3.59907e-05 -5.80405e-07 1.31837e-05)
(3.60425e-05 -1.00719e-06 1.31349e-05)
(3.61369e-05 -1.5472e-06 1.30339e-05)
(3.68364e-05 1.49594e-06 1.3435e-05)
(3.6742e-05 9.74406e-07 1.35346e-05)
(3.66903e-05 5.61805e-07 1.3582e-05)
(3.66669e-05 1.84472e-07 1.36017e-05)
(3.66669e-05 -1.84472e-07 1.36017e-05)
(3.66903e-05 -5.61805e-07 1.3582e-05)
(3.6742e-05 -9.74406e-07 1.35346e-05)
(3.68364e-05 -1.49594e-06 1.3435e-05)
(3.75105e-05 1.44511e-06 1.38274e-05)
(3.74162e-05 9.41783e-07 1.39255e-05)
(3.73649e-05 5.43254e-07 1.39714e-05)
(3.73416e-05 1.78432e-07 1.39905e-05)
(3.73416e-05 -1.78433e-07 1.39905e-05)
(3.73649e-05 -5.43254e-07 1.39714e-05)
(3.74162e-05 -9.41783e-07 1.39255e-05)
(3.75105e-05 -1.44511e-06 1.38274e-05)
(3.81596e-05 1.39474e-06 1.42105e-05)
(3.80656e-05 9.09345e-07 1.43069e-05)
(3.80146e-05 5.24769e-07 1.43515e-05)
(3.79916e-05 1.72408e-07 1.43698e-05)
(3.79916e-05 -1.72408e-07 1.43698e-05)
(3.80146e-05 -5.24769e-07 1.43515e-05)
(3.80656e-05 -9.09345e-07 1.43069e-05)
(3.81596e-05 -1.39474e-06 1.42105e-05)
(3.87841e-05 1.34484e-06 1.45838e-05)
(3.86905e-05 8.77117e-07 1.46785e-05)
(3.864e-05 5.06368e-07 1.47216e-05)
(3.86171e-05 1.66405e-07 1.47393e-05)
(3.86171e-05 -1.66405e-07 1.47393e-05)
(3.864e-05 -5.06368e-07 1.47216e-05)
(3.86905e-05 -8.77117e-07 1.46785e-05)
(3.87841e-05 -1.34484e-06 1.45838e-05)
(3.93843e-05 1.29545e-06 1.49467e-05)
(3.92912e-05 8.45123e-07 1.50395e-05)
(3.92412e-05 4.88065e-07 1.50813e-05)
(3.92186e-05 1.60429e-07 1.50983e-05)
(3.92186e-05 -1.60429e-07 1.50983e-05)
(3.92412e-05 -4.88066e-07 1.50813e-05)
(3.92912e-05 -8.45123e-07 1.50395e-05)
(3.93843e-05 -1.29545e-06 1.49467e-05)
(3.99607e-05 1.2466e-06 1.52988e-05)
(3.98682e-05 8.13388e-07 1.53897e-05)
(3.98188e-05 4.69879e-07 1.54301e-05)
(3.97965e-05 1.54486e-07 1.54465e-05)
(3.97965e-05 -1.54486e-07 1.54465e-05)
(3.98188e-05 -4.69879e-07 1.54301e-05)
(3.98682e-05 -8.13388e-07 1.53897e-05)
(3.99607e-05 -1.2466e-06 1.52988e-05)
(4.05135e-05 1.19829e-06 1.56397e-05)
(4.04219e-05 7.81935e-07 1.57286e-05)
(4.03731e-05 4.51825e-07 1.57677e-05)
(4.0351e-05 1.48581e-07 1.57835e-05)
(4.0351e-05 -1.48581e-07 1.57835e-05)
(4.03731e-05 -4.51825e-07 1.57677e-05)
(4.04219e-05 -7.81935e-07 1.57286e-05)
(4.05135e-05 -1.19829e-06 1.56397e-05)
(4.10431e-05 1.15058e-06 1.5969e-05)
(4.09526e-05 7.50787e-07 1.60559e-05)
(4.09044e-05 4.33918e-07 1.60936e-05)
(4.08827e-05 1.42719e-07 1.61088e-05)
(4.08827e-05 -1.42719e-07 1.61088e-05)
(4.09044e-05 -4.33918e-07 1.60936e-05)
(4.09526e-05 -7.50787e-07 1.60559e-05)
(4.10431e-05 -1.15058e-06 1.5969e-05)
(4.15501e-05 1.10346e-06 1.62865e-05)
(4.14606e-05 7.19967e-07 1.63713e-05)
(4.14132e-05 4.16174e-07 1.64077e-05)
(4.13918e-05 1.36907e-07 1.64223e-05)
(4.13918e-05 -1.36907e-07 1.64223e-05)
(4.14132e-05 -4.16174e-07 1.64077e-05)
(4.14606e-05 -7.19967e-07 1.63713e-05)
(4.15501e-05 -1.10346e-06 1.62865e-05)
(4.20347e-05 1.05698e-06 1.65919e-05)
(4.19464e-05 6.89498e-07 1.66745e-05)
(4.18998e-05 3.98608e-07 1.67096e-05)
(4.18788e-05 1.31149e-07 1.67236e-05)
(4.18788e-05 -1.31149e-07 1.67236e-05)
(4.18998e-05 -3.98608e-07 1.67096e-05)
(4.19464e-05 -6.89498e-07 1.66745e-05)
(4.20347e-05 -1.05698e-06 1.65919e-05)
(4.24973e-05 1.01114e-06 1.68851e-05)
(4.24105e-05 6.59401e-07 1.69654e-05)
(4.23647e-05 3.81235e-07 1.69992e-05)
(4.2344e-05 1.2545e-07 1.70126e-05)
(4.2344e-05 -1.2545e-07 1.70126e-05)
(4.23647e-05 -3.81235e-07 1.69992e-05)
(4.24105e-05 -6.59401e-07 1.69654e-05)
(4.24973e-05 -1.01114e-06 1.68851e-05)
(4.29384e-05 9.65992e-07 1.71658e-05)
(4.2853e-05 6.29699e-07 1.72439e-05)
(4.28081e-05 3.6407e-07 1.72764e-05)
(4.27879e-05 1.19816e-07 1.72892e-05)
(4.27879e-05 -1.19816e-07 1.72892e-05)
(4.28081e-05 -3.6407e-07 1.72764e-05)
(4.2853e-05 -6.29699e-07 1.72439e-05)
(4.29384e-05 -9.65992e-07 1.71658e-05)
(4.33583e-05 9.2154e-07 1.74339e-05)
(4.32745e-05 6.00414e-07 1.75097e-05)
(4.32306e-05 3.47127e-07 1.75409e-05)
(4.32107e-05 1.14253e-07 1.75532e-05)
(4.32107e-05 -1.14253e-07 1.75532e-05)
(4.32306e-05 -3.47128e-07 1.75409e-05)
(4.32745e-05 -6.00414e-07 1.75097e-05)
(4.33583e-05 -9.2154e-07 1.74339e-05)
(4.37575e-05 8.77814e-07 1.76895e-05)
(4.36754e-05 5.71567e-07 1.77628e-05)
(4.36324e-05 3.30421e-07 1.77928e-05)
(4.3613e-05 1.08764e-07 1.78046e-05)
(4.3613e-05 -1.08764e-07 1.78046e-05)
(4.36324e-05 -3.30421e-07 1.77928e-05)
(4.36754e-05 -5.71567e-07 1.77628e-05)
(4.37575e-05 -8.77815e-07 1.76895e-05)
(4.41363e-05 8.34839e-07 1.79324e-05)
(4.4056e-05 5.43178e-07 1.80033e-05)
(4.4014e-05 3.13966e-07 1.80321e-05)
(4.39951e-05 1.03354e-07 1.80433e-05)
(4.39951e-05 -1.03354e-07 1.80433e-05)
(4.4014e-05 -3.13966e-07 1.80321e-05)
(4.4056e-05 -5.43178e-07 1.80033e-05)
(4.41363e-05 -8.34839e-07 1.79324e-05)
(4.44952e-05 7.92637e-07 1.81626e-05)
(4.44168e-05 5.1527e-07 1.82311e-05)
(4.43758e-05 2.97776e-07 1.82587e-05)
(4.43573e-05 9.80299e-08 1.82694e-05)
(4.43573e-05 -9.80299e-08 1.82694e-05)
(4.43758e-05 -2.97776e-07 1.82587e-05)
(4.44168e-05 -5.1527e-07 1.82311e-05)
(4.44952e-05 -7.92637e-07 1.81626e-05)
(4.48345e-05 7.51234e-07 1.83803e-05)
(4.47581e-05 4.87863e-07 1.84463e-05)
(4.47182e-05 2.81865e-07 1.84727e-05)
(4.47002e-05 9.27949e-08 1.84829e-05)
(4.47002e-05 -9.27949e-08 1.84829e-05)
(4.47182e-05 -2.81865e-07 1.84727e-05)
(4.47581e-05 -4.87864e-07 1.84463e-05)
(4.48345e-05 -7.51234e-07 1.83803e-05)
(4.51548e-05 7.10653e-07 1.85855e-05)
(4.50804e-05 4.60979e-07 1.8649e-05)
(4.50416e-05 2.66247e-07 1.86742e-05)
(4.50241e-05 8.76544e-08 1.86839e-05)
(4.50241e-05 -8.76544e-08 1.86839e-05)
(4.50416e-05 -2.66247e-07 1.86742e-05)
(4.50804e-05 -4.60979e-07 1.8649e-05)
(4.51548e-05 -7.10653e-07 1.85855e-05)
(4.54563e-05 6.70918e-07 1.87783e-05)
(4.5384e-05 4.34637e-07 1.88393e-05)
(4.53464e-05 2.50935e-07 1.88633e-05)
(4.53294e-05 8.2613e-08 1.88725e-05)
(4.53294e-05 -8.2613e-08 1.88725e-05)
(4.53464e-05 -2.50935e-07 1.88633e-05)
(4.5384e-05 -4.34637e-07 1.88393e-05)
(4.54563e-05 -6.70918e-07 1.87783e-05)
(4.57395e-05 6.32055e-07 1.89588e-05)
(4.56695e-05 4.08859e-07 1.90173e-05)
(4.5633e-05 2.35943e-07 1.90401e-05)
(4.56165e-05 7.76755e-08 1.90489e-05)
(4.56165e-05 -7.76755e-08 1.90489e-05)
(4.5633e-05 -2.35943e-07 1.90401e-05)
(4.56695e-05 -4.08859e-07 1.90173e-05)
(4.57395e-05 -6.32055e-07 1.89588e-05)
(4.60049e-05 5.94088e-07 1.91273e-05)
(4.59371e-05 3.83665e-07 1.91832e-05)
(4.59018e-05 2.21285e-07 1.9205e-05)
(4.58858e-05 7.28465e-08 1.92132e-05)
(4.58858e-05 -7.28465e-08 1.92132e-05)
(4.59018e-05 -2.21285e-07 1.9205e-05)
(4.59371e-05 -3.83665e-07 1.91832e-05)
(4.60049e-05 -5.94088e-07 1.91273e-05)
(4.62528e-05 5.57041e-07 1.92839e-05)
(4.61874e-05 3.59076e-07 1.93373e-05)
(4.61532e-05 2.06974e-07 1.9358e-05)
(4.61378e-05 6.81308e-08 1.93658e-05)
(4.61378e-05 -6.81308e-08 1.93658e-05)
(4.61532e-05 -2.06974e-07 1.9358e-05)
(4.61874e-05 -3.59076e-07 1.93373e-05)
(4.62528e-05 -5.57042e-07 1.92839e-05)
(4.64838e-05 5.2094e-07 1.94289e-05)
(4.64207e-05 3.35113e-07 1.94798e-05)
(4.63878e-05 1.93024e-07 1.94994e-05)
(4.63729e-05 6.3533e-08 1.95067e-05)
(4.63729e-05 -6.3533e-08 1.95067e-05)
(4.63878e-05 -1.93024e-07 1.94994e-05)
(4.64207e-05 -3.35113e-07 1.94798e-05)
(4.64838e-05 -5.2094e-07 1.94289e-05)
(4.66982e-05 4.85809e-07 1.95626e-05)
(4.66375e-05 3.11795e-07 1.9611e-05)
(4.66059e-05 1.79447e-07 1.96294e-05)
(4.65916e-05 5.90577e-08 1.96364e-05)
(4.65916e-05 -5.90577e-08 1.96364e-05)
(4.66059e-05 -1.79447e-07 1.96294e-05)
(4.66375e-05 -3.11795e-07 1.9611e-05)
(4.66982e-05 -4.8581e-07 1.95626e-05)
(4.68965e-05 4.51674e-07 1.96852e-05)
(4.68383e-05 2.89144e-07 1.97311e-05)
(4.68079e-05 1.66258e-07 1.97485e-05)
(4.67941e-05 5.47095e-08 1.9755e-05)
(4.67941e-05 -5.47095e-08 1.9755e-05)
(4.68079e-05 -1.66258e-07 1.97485e-05)
(4.68383e-05 -2.89144e-07 1.97311e-05)
(4.68965e-05 -4.51674e-07 1.96852e-05)
(4.70792e-05 4.18559e-07 1.97971e-05)
(4.70234e-05 2.6718e-07 1.98406e-05)
(4.69943e-05 1.5347e-07 1.98569e-05)
(4.69812e-05 5.0493e-08 1.9863e-05)
(4.69812e-05 -5.0493e-08 1.9863e-05)
(4.69943e-05 -1.5347e-07 1.98569e-05)
(4.70234e-05 -2.6718e-07 1.98406e-05)
(4.70792e-05 -4.1856e-07 1.97971e-05)
(4.72467e-05 3.86491e-07 1.98986e-05)
(4.71934e-05 2.45923e-07 1.99396e-05)
(4.71656e-05 1.41095e-07 1.99549e-05)
(4.7153e-05 4.64127e-08 1.99606e-05)
(4.7153e-05 -4.64128e-08 1.99606e-05)
(4.71656e-05 -1.41095e-07 1.99549e-05)
(4.71934e-05 -2.45924e-07 1.99396e-05)
(4.72467e-05 -3.86491e-07 1.98986e-05)
(4.73994e-05 3.55494e-07 1.99901e-05)
(4.73488e-05 2.25395e-07 2.00287e-05)
(4.73223e-05 1.29147e-07 2.0043e-05)
(4.73103e-05 4.24733e-08 2.00483e-05)
(4.73103e-05 -4.24733e-08 2.00483e-05)
(4.73223e-05 -1.29147e-07 2.0043e-05)
(4.73488e-05 -2.25395e-07 2.00287e-05)
(4.73994e-05 -3.55494e-07 1.99901e-05)
(4.7538e-05 3.25594e-07 2.0072e-05)
(4.74899e-05 2.05615e-07 2.01081e-05)
(4.74647e-05 1.17639e-07 2.01215e-05)
(4.74533e-05 3.86791e-08 2.01264e-05)
(4.74533e-05 -3.86791e-08 2.01264e-05)
(4.74647e-05 -1.1764e-07 2.01215e-05)
(4.74899e-05 -2.05616e-07 2.01081e-05)
(4.7538e-05 -3.25595e-07 2.0072e-05)
(4.76628e-05 2.96818e-07 2.01446e-05)
(4.76173e-05 1.86605e-07 2.01784e-05)
(4.75934e-05 1.06585e-07 2.01908e-05)
(4.75826e-05 3.50348e-08 2.01953e-05)
(4.75826e-05 -3.50348e-08 2.01953e-05)
(4.75934e-05 -1.06585e-07 2.01908e-05)
(4.76173e-05 -1.86605e-07 2.01784e-05)
(4.76628e-05 -2.96818e-07 2.01446e-05)
(4.77744e-05 2.69191e-07 2.02085e-05)
(4.77315e-05 1.68385e-07 2.02399e-05)
(4.7709e-05 9.59974e-08 2.02514e-05)
(4.76987e-05 3.15447e-08 2.02555e-05)
(4.76987e-05 -3.15448e-08 2.02555e-05)
(4.7709e-05 -9.59975e-08 2.02514e-05)
(4.77315e-05 -1.68385e-07 2.02399e-05)
(4.77744e-05 -2.69191e-07 2.02085e-05)
(4.78733e-05 2.4274e-07 2.0264e-05)
(4.78329e-05 1.50975e-07 2.02931e-05)
(4.78118e-05 8.5889e-08 2.03036e-05)
(4.78022e-05 2.82134e-08 2.03074e-05)
(4.78022e-05 -2.82134e-08 2.03074e-05)
(4.78118e-05 -8.58891e-08 2.03036e-05)
(4.78329e-05 -1.50975e-07 2.02931e-05)
(4.78733e-05 -2.4274e-07 2.0264e-05)
(4.796e-05 2.1749e-07 2.03116e-05)
(4.79222e-05 1.34396e-07 2.03384e-05)
(4.79024e-05 7.62731e-08 2.0348e-05)
(4.78934e-05 2.50453e-08 2.03515e-05)
(4.78934e-05 -2.50453e-08 2.03515e-05)
(4.79024e-05 -7.62731e-08 2.0348e-05)
(4.79222e-05 -1.34396e-07 2.03384e-05)
(4.796e-05 -2.1749e-07 2.03116e-05)
(4.80351e-05 1.93469e-07 2.03517e-05)
(4.79999e-05 1.18669e-07 2.03763e-05)
(4.79814e-05 6.71624e-08 2.03851e-05)
(4.7973e-05 2.20446e-08 2.03882e-05)
(4.7973e-05 -2.20446e-08 2.03882e-05)
(4.79814e-05 -6.71624e-08 2.03851e-05)
(4.79999e-05 -1.18669e-07 2.03763e-05)
(4.80351e-05 -1.93469e-07 2.03517e-05)
(4.8099e-05 1.70703e-07 2.0385e-05)
(4.80664e-05 1.03815e-07 2.04073e-05)
(4.80492e-05 5.85696e-08 2.04153e-05)
(4.80415e-05 1.92158e-08 2.0418e-05)
(4.80415e-05 -1.92158e-08 2.0418e-05)
(4.80492e-05 -5.85697e-08 2.04153e-05)
(4.80664e-05 -1.03815e-07 2.04073e-05)
(4.8099e-05 -1.70703e-07 2.0385e-05)
(4.81523e-05 1.4922e-07 2.04118e-05)
(4.81223e-05 8.9853e-08 2.0432e-05)
(4.81066e-05 5.05074e-08 2.04391e-05)
(4.80994e-05 1.65629e-08 2.04415e-05)
(4.80994e-05 -1.65629e-08 2.04415e-05)
(4.81066e-05 -5.05074e-08 2.04391e-05)
(4.81223e-05 -8.98531e-08 2.0432e-05)
(4.81523e-05 -1.49221e-07 2.04118e-05)
(4.81957e-05 1.2905e-07 2.04327e-05)
(4.81683e-05 7.68055e-08 2.04508e-05)
(4.81539e-05 4.29882e-08 2.0457e-05)
(4.81474e-05 1.40902e-08 2.04592e-05)
(4.81474e-05 -1.40902e-08 2.04592e-05)
(4.81539e-05 -4.29882e-08 2.0457e-05)
(4.81683e-05 -7.68056e-08 2.04508e-05)
(4.81957e-05 -1.29051e-07 2.04327e-05)
(4.82297e-05 1.10224e-07 2.04482e-05)
(4.82048e-05 6.46938e-08 2.04642e-05)
(4.81918e-05 3.60249e-08 2.04697e-05)
(4.81859e-05 1.1802e-08 2.04715e-05)
(4.81859e-05 -1.1802e-08 2.04715e-05)
(4.81918e-05 -3.60249e-08 2.04697e-05)
(4.82048e-05 -6.4694e-08 2.04642e-05)
(4.82297e-05 -1.10224e-07 2.04482e-05)
(4.82548e-05 9.27772e-08 2.04588e-05)
(4.82326e-05 5.35421e-08 2.04729e-05)
(4.82209e-05 2.96315e-08 2.04776e-05)
(4.82156e-05 9.70295e-09 2.04791e-05)
(4.82156e-05 -9.703e-09 2.04791e-05)
(4.82209e-05 -2.96317e-08 2.04776e-05)
(4.82326e-05 -5.35422e-08 2.04729e-05)
(4.82548e-05 -9.27772e-08 2.04588e-05)
(4.82718e-05 7.67523e-08 2.04652e-05)
(4.82521e-05 4.33787e-08 2.04773e-05)
(4.82418e-05 2.38252e-08 2.04812e-05)
(4.82372e-05 7.79879e-09 2.04825e-05)
(4.82372e-05 -7.79893e-09 2.04825e-05)
(4.82418e-05 -2.38253e-08 2.04812e-05)
(4.82521e-05 -4.33787e-08 2.04773e-05)
(4.82718e-05 -7.67523e-08 2.04652e-05)
(4.82811e-05 6.22052e-08 2.04679e-05)
(4.8264e-05 3.42408e-08 2.0478e-05)
(4.82551e-05 1.86288e-08 2.04813e-05)
(4.82511e-05 6.09763e-09 2.04823e-05)
(4.82511e-05 -6.09778e-09 2.04823e-05)
(4.82551e-05 -1.8629e-08 2.04813e-05)
(4.8264e-05 -3.42408e-08 2.0478e-05)
(4.82811e-05 -6.22051e-08 2.04679e-05)
(4.82834e-05 4.92143e-08 2.04674e-05)
(4.8269e-05 2.6182e-08 2.04757e-05)
(4.82615e-05 1.40766e-08 2.04783e-05)
(4.82581e-05 4.61141e-09 2.04791e-05)
(4.82581e-05 -4.61155e-09 2.04791e-05)
(4.82615e-05 -1.40768e-08 2.04783e-05)
(4.8269e-05 -2.6182e-08 2.04757e-05)
(4.82834e-05 -4.92142e-08 2.04674e-05)
(4.82793e-05 3.78953e-08 2.04645e-05)
(4.82675e-05 1.92826e-08 2.04709e-05)
(4.82615e-05 1.02205e-08 2.0473e-05)
(4.82587e-05 3.35813e-09 2.04737e-05)
(4.82587e-05 -3.3583e-09 2.04737e-05)
(4.82615e-05 -1.02207e-08 2.0473e-05)
(4.82675e-05 -1.92827e-08 2.04709e-05)
(4.82793e-05 -3.78954e-08 2.04645e-05)
(4.82692e-05 2.84147e-08 2.04598e-05)
(4.82603e-05 1.36626e-08 2.04646e-05)
(4.82557e-05 7.136e-09 2.04662e-05)
(4.82537e-05 2.36272e-09 2.04667e-05)
(4.82537e-05 -2.36286e-09 2.04667e-05)
(4.82557e-05 -7.13601e-09 2.04662e-05)
(4.82603e-05 -1.36627e-08 2.04646e-05)
(4.82692e-05 -2.8415e-08 2.04598e-05)
(4.82539e-05 2.09599e-08 2.04545e-05)
(4.82477e-05 9.46826e-09 2.04576e-05)
(4.82447e-05 4.90415e-09 2.04589e-05)
(4.82434e-05 1.65028e-09 2.04593e-05)
(4.82434e-05 -1.65028e-09 2.04593e-05)
(4.82447e-05 -4.90415e-09 2.04589e-05)
(4.82477e-05 -9.46834e-09 2.04576e-05)
(4.82539e-05 -2.096e-08 2.04545e-05)
(4.82343e-05 1.55521e-08 2.045e-05)
(4.82308e-05 6.75317e-09 2.04516e-05)
(4.82291e-05 3.55033e-09 2.04525e-05)
(4.82284e-05 1.22884e-09 2.04528e-05)
(4.82284e-05 -1.22871e-09 2.04528e-05)
(4.82291e-05 -3.5504e-09 2.04525e-05)
(4.82308e-05 -6.75322e-09 2.04516e-05)
(4.82343e-05 -1.55522e-08 2.045e-05)
(4.82128e-05 1.19683e-08 2.04498e-05)
(4.82114e-05 5.32752e-09 2.04499e-05)
(4.82109e-05 3.01839e-09 2.04503e-05)
(4.82109e-05 1.08599e-09 2.04505e-05)
(4.82109e-05 -1.08593e-09 2.04505e-05)
(4.82109e-05 -3.01839e-09 2.04503e-05)
(4.82114e-05 -5.3276e-09 2.04499e-05)
(4.82128e-05 -1.19684e-08 2.04498e-05)
(4.81962e-05 1.03955e-08 2.04529e-05)
(4.81954e-05 4.94527e-09 2.04529e-05)
(4.81957e-05 3.14826e-09 2.04528e-05)
(4.81961e-05 1.15752e-09 2.04526e-05)
(4.81961e-05 -1.15766e-09 2.04526e-05)
(4.81957e-05 -3.14833e-09 2.04528e-05)
(4.81954e-05 -4.94538e-09 2.04529e-05)
(4.81962e-05 -1.03956e-08 2.04529e-05)
)
;
        value           nonuniform List<vector> 
640
(
(5.75084e-10 3.71636e-10 5.08345e-10)
(5.94406e-10 2.05988e-10 6.90325e-10)
(6.30164e-10 1.01033e-10 7.70147e-10)
(6.45742e-10 3.01375e-11 8.01869e-10)
(6.45742e-10 -3.01375e-11 8.01869e-10)
(6.30164e-10 -1.01033e-10 7.70147e-10)
(5.94406e-10 -2.05988e-10 6.90325e-10)
(5.75084e-10 -3.71636e-10 5.08345e-10)
(1.139e-09 6.85042e-10 8.74574e-10)
(1.08938e-09 4.25148e-10 1.07631e-09)
(1.07828e-09 2.29762e-10 1.21421e-09)
(1.07687e-09 7.1286e-11 1.27183e-09)
(1.07687e-09 -7.1286e-11 1.27183e-09)
(1.07828e-09 -2.29762e-10 1.21421e-09)
(1.08938e-09 -4.25148e-10 1.07631e-09)
(1.139e-09 -6.85042e-10 8.74574e-10)
(1.79205e-09 8.43042e-10 1.35943e-09)
(1.73906e-09 5.43398e-10 1.57358e-09)
(1.71276e-09 3.03927e-10 1.71618e-09)
(1.70395e-09 9.66881e-11 1.7804e-09)
(1.70395e-09 -9.66881e-11 1.7804e-09)
(1.71276e-09 -3.03927e-10 1.71618e-09)
(1.73906e-09 -5.43398e-10 1.57358e-09)
(1.79205e-09 -8.43042e-10 1.35943e-09)
(2.45648e-09 9.33982e-10 2.04485e-09)
(2.4066e-09 6.15923e-10 2.27881e-09)
(2.37658e-09 3.50333e-10 2.42633e-09)
(2.36424e-09 1.1306e-10 2.49495e-09)
(2.36424e-09 -1.1306e-10 2.49495e-09)
(2.37658e-09 -3.50333e-10 2.42633e-09)
(2.4066e-09 -6.15923e-10 2.27881e-09)
(2.45648e-09 -9.33982e-10 2.04485e-09)
(3.10225e-09 9.85918e-10 2.93316e-09)
(3.05151e-09 6.59351e-10 3.18173e-09)
(3.01951e-09 3.79083e-10 3.33413e-09)
(3.005e-09 1.23327e-10 3.40569e-09)
(3.005e-09 -1.23327e-10 3.40569e-09)
(3.01951e-09 -3.79083e-10 3.33413e-09)
(3.05151e-09 -6.59351e-10 3.18173e-09)
(3.10225e-09 -9.85918e-10 2.93316e-09)
(3.71835e-09 1.01473e-09 4.02628e-09)
(3.66485e-09 6.84292e-10 4.28408e-09)
(3.6306e-09 3.96223e-10 4.44081e-09)
(3.6144e-09 1.29516e-10 4.51464e-09)
(3.6144e-09 -1.29516e-10 4.51464e-09)
(3.6306e-09 -3.96223e-10 4.44081e-09)
(3.66485e-09 -6.84292e-10 4.28408e-09)
(3.71835e-09 -1.01473e-09 4.02628e-09)
(4.29741e-09 1.0293e-09 5.32175e-09)
(4.24023e-09 6.97718e-10 5.58463e-09)
(4.20338e-09 4.05879e-10 5.74447e-09)
(4.18564e-09 1.33065e-10 5.81997e-09)
(4.18564e-09 -1.33065e-10 5.81997e-09)
(4.20338e-09 -4.05879e-10 5.74447e-09)
(4.24023e-09 -6.97718e-10 5.58463e-09)
(4.29741e-09 -1.0293e-09 5.32175e-09)
(4.83331e-09 1.03469e-09 6.81558e-09)
(4.77197e-09 7.03795e-10 7.0804e-09)
(4.73231e-09 4.10692e-10 7.24191e-09)
(4.71305e-09 1.34904e-10 7.31844e-09)
(4.71305e-09 -1.34904e-10 7.31844e-09)
(4.73231e-09 -4.10692e-10 7.24191e-09)
(4.77197e-09 -7.03795e-10 7.0804e-09)
(4.83331e-09 -1.03469e-09 6.81558e-09)
(5.32079e-09 1.03399e-09 8.5031e-09)
(5.25515e-09 7.05057e-10 8.76751e-09)
(5.21262e-09 4.12325e-10 8.92937e-09)
(5.19188e-09 1.3562e-10 9.00631e-09)
(5.19188e-09 -1.3562e-10 9.00631e-09)
(5.21262e-09 -4.12325e-10 8.92937e-09)
(5.25515e-09 -7.05057e-10 8.76751e-09)
(5.32079e-09 -1.03399e-09 8.5031e-09)
(5.75524e-09 1.02914e-09 1.03793e-08)
(5.68541e-09 7.03086e-10 1.06416e-08)
(5.64008e-09 4.11829e-10 1.08027e-08)
(5.61791e-09 1.35586e-10 1.08795e-08)
(5.61791e-09 -1.35586e-10 1.08795e-08)
(5.64008e-09 -4.11829e-10 1.08027e-08)
(5.68541e-09 -7.03086e-10 1.06416e-08)
(5.75524e-09 -1.02914e-09 1.03793e-08)
(6.13265e-09 1.02139e-09 1.24388e-08)
(6.05887e-09 6.98883e-10 1.26978e-08)
(6.01091e-09 4.0987e-10 1.28573e-08)
(5.98741e-09 1.35039e-10 1.29336e-08)
(5.98741e-09 -1.35039e-10 1.29336e-08)
(6.01091e-09 -4.0987e-10 1.28573e-08)
(6.05887e-09 -6.98883e-10 1.26978e-08)
(6.13265e-09 -1.02139e-09 1.24388e-08)
(6.44953e-09 1.01156e-09 1.46766e-08)
(6.37214e-09 6.93086e-10 1.49314e-08)
(6.32176e-09 4.06874e-10 1.50887e-08)
(6.29702e-09 1.34128e-10 1.51641e-08)
(6.29702e-09 -1.34128e-10 1.51641e-08)
(6.32176e-09 -4.06874e-10 1.50887e-08)
(6.37214e-09 -6.93087e-10 1.49314e-08)
(6.44953e-09 -1.01156e-09 1.46766e-08)
(6.70288e-09 1.00019e-09 1.70873e-08)
(6.62222e-09 6.86112e-10 1.73374e-08)
(6.56966e-09 4.03115e-10 1.7492e-08)
(6.54382e-09 1.32952e-10 1.75662e-08)
(6.54382e-09 -1.32952e-10 1.75662e-08)
(6.56966e-09 -4.03115e-10 1.7492e-08)
(6.62222e-09 -6.86112e-10 1.73374e-08)
(6.70288e-09 -1.00019e-09 1.70873e-08)
(6.89009e-09 9.87632e-10 1.96656e-08)
(6.80653e-09 6.78235e-10 1.99107e-08)
(6.75203e-09 3.98775e-10 2.00623e-08)
(6.72521e-09 1.31573e-10 2.01351e-08)
(6.72521e-09 -1.31573e-10 2.01351e-08)
(6.75203e-09 -3.98775e-10 2.00623e-08)
(6.80653e-09 -6.78235e-10 1.99107e-08)
(6.89009e-09 -9.87632e-10 1.96656e-08)
(7.00892e-09 9.74141e-10 2.24065e-08)
(6.92283e-09 6.69641e-10 2.26462e-08)
(6.86664e-09 3.93975e-10 2.27947e-08)
(6.83896e-09 1.30036e-10 2.2866e-08)
(6.83896e-09 -1.30036e-10 2.2866e-08)
(6.86664e-09 -3.93975e-10 2.27947e-08)
(6.92283e-09 -6.69641e-10 2.26462e-08)
(7.00892e-09 -9.74141e-10 2.24065e-08)
(7.05747e-09 9.59885e-10 2.53049e-08)
(6.96921e-09 6.60458e-10 2.55391e-08)
(6.91156e-09 3.88799e-10 2.56842e-08)
(6.88315e-09 1.28368e-10 2.5754e-08)
(6.88315e-09 -1.28368e-10 2.5754e-08)
(6.91156e-09 -3.88799e-10 2.56842e-08)
(6.96921e-09 -6.60458e-10 2.55391e-08)
(7.05747e-09 -9.59885e-10 2.53049e-08)
(7.03416e-09 9.44986e-10 2.83557e-08)
(6.94405e-09 6.50777e-10 2.85843e-08)
(6.88518e-09 3.83305e-10 2.8726e-08)
(6.85615e-09 1.26591e-10 2.87942e-08)
(6.85615e-09 -1.26591e-10 2.87942e-08)
(6.88518e-09 -3.83305e-10 2.8726e-08)
(6.94405e-09 -6.50777e-10 2.85843e-08)
(7.03416e-09 -9.44986e-10 2.83557e-08)
(6.93765e-09 9.29533e-10 3.1554e-08)
(6.84604e-09 6.40663e-10 3.1777e-08)
(6.78616e-09 3.77538e-10 3.19152e-08)
(6.75661e-09 1.24719e-10 3.19818e-08)
(6.75661e-09 -1.24719e-10 3.19818e-08)
(6.78616e-09 -3.77538e-10 3.19152e-08)
(6.84604e-09 -6.40663e-10 3.1777e-08)
(6.93765e-09 -9.29533e-10 3.1554e-08)
(6.76691e-09 9.1359e-10 3.4895e-08)
(6.6741e-09 6.30167e-10 3.51123e-08)
(6.61341e-09 3.71527e-10 3.5247e-08)
(6.58345e-09 1.22765e-10 3.53119e-08)
(6.58345e-09 -1.22765e-10 3.53119e-08)
(6.61341e-09 -3.71527e-10 3.5247e-08)
(6.6741e-09 -6.30167e-10 3.51123e-08)
(6.76691e-09 -9.1359e-10 3.4895e-08)
(6.5211e-09 8.97208e-10 3.83737e-08)
(6.4274e-09 6.19325e-10 3.85854e-08)
(6.3661e-09 3.65297e-10 3.87166e-08)
(6.33582e-09 1.20735e-10 3.87798e-08)
(6.33582e-09 -1.20735e-10 3.87798e-08)
(6.3661e-09 -3.65297e-10 3.87166e-08)
(6.4274e-09 -6.19325e-10 3.85854e-08)
(6.5211e-09 -8.97208e-10 3.83737e-08)
(6.19966e-09 8.80427e-10 4.19856e-08)
(6.10534e-09 6.08167e-10 4.21917e-08)
(6.04362e-09 3.58868e-10 4.23194e-08)
(6.01312e-09 1.18636e-10 4.23809e-08)
(6.01312e-09 -1.18636e-10 4.23809e-08)
(6.04362e-09 -3.58868e-10 4.23194e-08)
(6.10534e-09 -6.08168e-10 4.21917e-08)
(6.19966e-09 -8.80427e-10 4.19856e-08)
(5.80221e-09 8.63281e-10 4.5726e-08)
(5.70756e-09 5.9672e-10 4.59265e-08)
(5.64559e-09 3.52255e-10 4.60506e-08)
(5.61495e-09 1.16475e-10 4.61104e-08)
(5.61495e-09 -1.16475e-10 4.61104e-08)
(5.64559e-09 -3.52255e-10 4.60506e-08)
(5.70756e-09 -5.9672e-10 4.59265e-08)
(5.80221e-09 -8.63281e-10 4.5726e-08)
(5.32859e-09 8.45799e-10 4.95902e-08)
(5.23386e-09 5.85004e-10 4.97851e-08)
(5.17182e-09 3.45471e-10 4.99058e-08)
(5.14113e-09 1.14255e-10 4.99639e-08)
(5.14113e-09 -1.14256e-10 4.99639e-08)
(5.17182e-09 -3.45471e-10 4.99058e-08)
(5.23386e-09 -5.85004e-10 4.97851e-08)
(5.32859e-09 -8.45799e-10 4.95902e-08)
(4.77883e-09 8.28006e-10 5.35738e-08)
(4.68428e-09 5.73039e-10 5.37632e-08)
(4.62232e-09 3.3853e-10 5.38804e-08)
(4.59166e-09 1.11982e-10 5.39369e-08)
(4.59166e-09 -1.11982e-10 5.39369e-08)
(4.62232e-09 -3.3853e-10 5.38804e-08)
(4.68428e-09 -5.73039e-10 5.37632e-08)
(4.77883e-09 -8.28006e-10 5.35738e-08)
(4.15316e-09 8.09926e-10 5.76724e-08)
(4.059e-09 5.60843e-10 5.78563e-08)
(3.99728e-09 3.31441e-10 5.79701e-08)
(3.96674e-09 1.09657e-10 5.80249e-08)
(3.96674e-09 -1.09657e-10 5.80249e-08)
(3.99728e-09 -3.31441e-10 5.79701e-08)
(4.059e-09 -5.60843e-10 5.78563e-08)
(4.15316e-09 -8.09926e-10 5.76724e-08)
(3.45193e-09 7.91583e-10 6.18816e-08)
(3.35841e-09 5.48434e-10 6.20601e-08)
(3.29708e-09 3.24216e-10 6.21704e-08)
(3.26671e-09 1.07286e-10 6.22236e-08)
(3.26671e-09 -1.07286e-10 6.22236e-08)
(3.29708e-09 -3.24216e-10 6.21704e-08)
(3.35841e-09 -5.48434e-10 6.20601e-08)
(3.45193e-09 -7.91583e-10 6.18816e-08)
(2.67571e-09 7.73e-10 6.61972e-08)
(2.58302e-09 5.35827e-10 6.63703e-08)
(2.52221e-09 3.16865e-10 6.64773e-08)
(2.49209e-09 1.04872e-10 6.65288e-08)
(2.49209e-09 -1.04872e-10 6.65288e-08)
(2.52221e-09 -3.16865e-10 6.64773e-08)
(2.58302e-09 -5.35827e-10 6.63703e-08)
(2.67571e-09 -7.73e-10 6.61972e-08)
(1.82518e-09 7.54197e-10 7.0615e-08)
(1.73353e-09 5.23041e-10 7.07828e-08)
(1.67337e-09 3.09398e-10 7.08864e-08)
(1.64355e-09 1.02417e-10 7.09363e-08)
(1.64355e-09 -1.02417e-10 7.09363e-08)
(1.67337e-09 -3.09398e-10 7.08864e-08)
(1.73353e-09 -5.23041e-10 7.07828e-08)
(1.82518e-09 -7.54197e-10 7.0615e-08)
(9.01175e-10 7.35198e-10 7.51309e-08)
(8.10735e-10 5.1009e-10 7.52935e-08)
(7.51348e-10 3.01824e-10 7.53938e-08)
(7.21901e-10 9.99256e-11 7.54421e-08)
(7.21901e-10 -9.99256e-11 7.54421e-08)
(7.51348e-10 -3.01824e-10 7.53938e-08)
(8.10735e-10 -5.1009e-10 7.52935e-08)
(9.01175e-10 -7.35198e-10 7.51309e-08)
(-9.53511e-11 7.16023e-10 7.97409e-08)
(-1.84405e-10 4.96992e-10 7.98983e-08)
(-2.42907e-10 2.94155e-10 7.99953e-08)
(-2.71928e-10 9.7401e-11 8.00421e-08)
(-2.71928e-10 -9.7401e-11 8.00421e-08)
(-2.42907e-10 -2.94155e-10 7.99953e-08)
(-1.84405e-10 -4.96992e-10 7.98983e-08)
(-9.53511e-11 -7.16023e-10 7.97409e-08)
(-1.16332e-09 6.96695e-10 8.44411e-08)
(-1.25083e-09 4.83762e-10 8.45934e-08)
(-1.30834e-09 2.86399e-10 8.46872e-08)
(-1.33688e-09 9.48464e-11 8.47324e-08)
(-1.33688e-09 -9.48464e-11 8.47324e-08)
(-1.30834e-09 -2.86399e-10 8.46872e-08)
(-1.25083e-09 -4.83762e-10 8.45934e-08)
(-1.16332e-09 -6.96695e-10 8.44411e-08)
(-2.30153e-09 6.77235e-10 8.92277e-08)
(-2.38735e-09 4.70417e-10 8.9375e-08)
(-2.44378e-09 2.78567e-10 8.94656e-08)
(-2.4718e-09 9.22652e-11 8.95092e-08)
(-2.4718e-09 -9.22652e-11 8.95092e-08)
(-2.44378e-09 -2.78567e-10 8.94656e-08)
(-2.38735e-09 -4.70417e-10 8.9375e-08)
(-2.30153e-09 -6.77235e-10 8.92277e-08)
(-3.50871e-09 6.57665e-10 9.40969e-08)
(-3.5927e-09 4.56974e-10 9.42392e-08)
(-3.64795e-09 2.70669e-10 9.43267e-08)
(-3.6754e-09 8.96608e-11 9.43688e-08)
(-3.6754e-09 -8.96608e-11 9.43688e-08)
(-3.64795e-09 -2.70669e-10 9.43267e-08)
(-3.5927e-09 -4.56974e-10 9.42392e-08)
(-3.50871e-09 -6.57665e-10 9.40969e-08)
(-4.78347e-09 6.38007e-10 9.90451e-08)
(-4.86551e-09 4.43448e-10 9.91825e-08)
(-4.91951e-09 2.62715e-10 9.92669e-08)
(-4.94634e-09 8.70364e-11 9.93075e-08)
(-4.94634e-09 -8.70365e-11 9.93075e-08)
(-4.91951e-09 -2.62715e-10 9.92669e-08)
(-4.86551e-09 -4.43448e-10 9.91825e-08)
(-4.78347e-09 -6.38007e-10 9.90451e-08)
(-6.12434e-09 6.18282e-10 1.04069e-07)
(-6.20432e-09 4.29855e-10 1.04201e-07)
(-6.25699e-09 2.54714e-10 1.04283e-07)
(-6.28317e-09 8.43955e-11 1.04322e-07)
(-6.28317e-09 -8.43956e-11 1.04322e-07)
(-6.25699e-09 -2.54714e-10 1.04283e-07)
(-6.20432e-09 -4.29855e-10 1.04201e-07)
(-6.12434e-09 -6.18282e-10 1.04069e-07)
(-7.52978e-09 5.98512e-10 1.09164e-07)
(-7.6076e-09 4.16212e-10 1.09292e-07)
(-7.65887e-09 2.46677e-10 1.0937e-07)
(-7.68438e-09 8.17414e-11 1.09408e-07)
(-7.68438e-09 -8.17414e-11 1.09408e-07)
(-7.65887e-09 -2.46677e-10 1.0937e-07)
(-7.6076e-09 -4.16212e-10 1.09292e-07)
(-7.52978e-09 -5.98512e-10 1.09164e-07)
(-8.99819e-09 5.78718e-10 1.14328e-07)
(-9.07376e-09 4.02535e-10 1.14452e-07)
(-9.12357e-09 2.38613e-10 1.14527e-07)
(-9.14836e-09 7.90773e-11 1.14563e-07)
(-9.14836e-09 -7.90774e-11 1.14563e-07)
(-9.12357e-09 -2.38613e-10 1.14527e-07)
(-9.07376e-09 -4.02535e-10 1.14452e-07)
(-8.99819e-09 -5.78718e-10 1.14328e-07)
(-1.05279e-08 5.58922e-10 1.19558e-07)
(-1.06011e-08 3.8884e-10 1.19676e-07)
(-1.06494e-08 2.30533e-10 1.19749e-07)
(-1.06735e-08 7.64067e-11 1.19784e-07)
(-1.06735e-08 -7.64067e-11 1.19784e-07)
(-1.06494e-08 -2.30533e-10 1.19749e-07)
(-1.06011e-08 -3.8884e-10 1.19676e-07)
(-1.05279e-08 -5.58922e-10 1.19558e-07)
(-1.21172e-08 5.39145e-10 1.24849e-07)
(-1.2188e-08 3.75143e-10 1.24963e-07)
(-1.22347e-08 2.22445e-10 1.25033e-07)
(-1.2258e-08 7.37328e-11 1.25066e-07)
(-1.2258e-08 -7.37328e-11 1.25066e-07)
(-1.22347e-08 -2.22445e-10 1.25033e-07)
(-1.2188e-08 -3.75143e-10 1.24963e-07)
(-1.21172e-08 -5.39145e-10 1.24849e-07)
(-1.37642e-08 5.19409e-10 1.302e-07)
(-1.38326e-08 3.6146e-10 1.30309e-07)
(-1.38778e-08 2.14361e-10 1.30376e-07)
(-1.39003e-08 7.10589e-11 1.30408e-07)
(-1.39003e-08 -7.1059e-11 1.30408e-07)
(-1.38778e-08 -2.14361e-10 1.30376e-07)
(-1.38326e-08 -3.6146e-10 1.30309e-07)
(-1.37642e-08 -5.19409e-10 1.302e-07)
(-1.54673e-08 4.99735e-10 1.35606e-07)
(-1.55332e-08 3.47806e-10 1.35711e-07)
(-1.55767e-08 2.06289e-10 1.35775e-07)
(-1.55984e-08 6.83883e-11 1.35806e-07)
(-1.55984e-08 -6.83884e-11 1.35806e-07)
(-1.55767e-08 -2.06289e-10 1.35775e-07)
(-1.55332e-08 -3.47806e-10 1.35711e-07)
(-1.54673e-08 -4.99735e-10 1.35606e-07)
(-1.72245e-08 4.80144e-10 1.41065e-07)
(-1.72878e-08 3.34198e-10 1.41166e-07)
(-1.73297e-08 1.98239e-10 1.41227e-07)
(-1.73506e-08 6.57243e-11 1.41257e-07)
(-1.73506e-08 -6.57244e-11 1.41257e-07)
(-1.73297e-08 -1.98239e-10 1.41227e-07)
(-1.72878e-08 -3.34198e-10 1.41166e-07)
(-1.72245e-08 -4.80144e-10 1.41065e-07)
(-1.9034e-08 4.60658e-10 1.46574e-07)
(-1.90947e-08 3.20651e-10 1.46671e-07)
(-1.91349e-08 1.90221e-10 1.4673e-07)
(-1.9155e-08 6.30701e-11 1.46758e-07)
(-1.9155e-08 -6.30702e-11 1.46758e-07)
(-1.91349e-08 -1.90221e-10 1.4673e-07)
(-1.90947e-08 -3.20651e-10 1.46671e-07)
(-1.9034e-08 -4.60658e-10 1.46574e-07)
(-2.08939e-08 4.41297e-10 1.52131e-07)
(-2.0952e-08 3.07181e-10 1.52223e-07)
(-2.09905e-08 1.82245e-10 1.52279e-07)
(-2.10097e-08 6.0429e-11 1.52306e-07)
(-2.10097e-08 -6.0429e-11 1.52306e-07)
(-2.09905e-08 -1.82245e-10 1.52279e-07)
(-2.0952e-08 -3.07181e-10 1.52223e-07)
(-2.08939e-08 -4.41297e-10 1.52131e-07)
(-2.28022e-08 4.22083e-10 1.57732e-07)
(-2.28578e-08 2.93804e-10 1.5782e-07)
(-2.28945e-08 1.7432e-10 1.57874e-07)
(-2.29129e-08 5.78041e-11 1.57899e-07)
(-2.29129e-08 -5.78042e-11 1.57899e-07)
(-2.28945e-08 -1.7432e-10 1.57874e-07)
(-2.28578e-08 -2.93804e-10 1.5782e-07)
(-2.28022e-08 -4.22083e-10 1.57732e-07)
(-2.47571e-08 4.03037e-10 1.63374e-07)
(-2.48101e-08 2.80535e-10 1.63459e-07)
(-2.48451e-08 1.66456e-10 1.6351e-07)
(-2.48627e-08 5.51987e-11 1.63534e-07)
(-2.48627e-08 -5.51988e-11 1.63534e-07)
(-2.48451e-08 -1.66456e-10 1.6351e-07)
(-2.48101e-08 -2.80535e-10 1.63459e-07)
(-2.47571e-08 -4.03037e-10 1.63374e-07)
(-2.67567e-08 3.8418e-10 1.69057e-07)
(-2.6807e-08 2.67389e-10 1.69137e-07)
(-2.68404e-08 1.58661e-10 1.69185e-07)
(-2.68571e-08 5.26161e-11 1.69209e-07)
(-2.68571e-08 -5.26161e-11 1.69209e-07)
(-2.68404e-08 -1.58661e-10 1.69185e-07)
(-2.6807e-08 -2.67389e-10 1.69137e-07)
(-2.67567e-08 -3.8418e-10 1.69057e-07)
(-2.8799e-08 3.65532e-10 1.74775e-07)
(-2.88467e-08 2.54383e-10 1.74852e-07)
(-2.88783e-08 1.50947e-10 1.74898e-07)
(-2.88942e-08 5.00592e-11 1.7492e-07)
(-2.88942e-08 -5.00593e-11 1.7492e-07)
(-2.88783e-08 -1.50947e-10 1.74898e-07)
(-2.88467e-08 -2.54383e-10 1.74852e-07)
(-2.8799e-08 -3.65532e-10 1.74775e-07)
(-3.0882e-08 3.47115e-10 1.80529e-07)
(-3.09271e-08 2.41531e-10 1.80601e-07)
(-3.09571e-08 1.43321e-10 1.80645e-07)
(-3.09721e-08 4.75315e-11 1.80666e-07)
(-3.09721e-08 -4.75315e-11 1.80666e-07)
(-3.09571e-08 -1.43321e-10 1.80645e-07)
(-3.09271e-08 -2.41531e-10 1.80601e-07)
(-3.0882e-08 -3.47115e-10 1.80529e-07)
(-3.3004e-08 3.28948e-10 1.86314e-07)
(-3.30465e-08 2.28848e-10 1.86383e-07)
(-3.30748e-08 1.35794e-10 1.86424e-07)
(-3.3089e-08 4.50359e-11 1.86444e-07)
(-3.3089e-08 -4.5036e-11 1.86444e-07)
(-3.30748e-08 -1.35794e-10 1.86424e-07)
(-3.30465e-08 -2.28848e-10 1.86383e-07)
(-3.3004e-08 -3.28949e-10 1.86314e-07)
(-3.51629e-08 3.11054e-10 1.92129e-07)
(-3.52029e-08 2.1635e-10 1.92194e-07)
(-3.52295e-08 1.28374e-10 1.92233e-07)
(-3.52429e-08 4.25756e-11 1.92252e-07)
(-3.52429e-08 -4.25757e-11 1.92252e-07)
(-3.52295e-08 -1.28374e-10 1.92233e-07)
(-3.52029e-08 -2.1635e-10 1.92194e-07)
(-3.51629e-08 -3.11054e-10 1.92129e-07)
(-3.73569e-08 2.93452e-10 1.97971e-07)
(-3.73944e-08 2.04053e-10 1.98033e-07)
(-3.74193e-08 1.21071e-10 1.9807e-07)
(-3.74319e-08 4.01537e-11 1.98088e-07)
(-3.74319e-08 -4.01538e-11 1.98088e-07)
(-3.74193e-08 -1.21071e-10 1.9807e-07)
(-3.73944e-08 -2.04053e-10 1.98033e-07)
(-3.73569e-08 -2.93452e-10 1.97971e-07)
(-3.95841e-08 2.76163e-10 2.0384e-07)
(-3.96191e-08 1.9197e-10 2.03898e-07)
(-3.96425e-08 1.13894e-10 2.03933e-07)
(-3.96543e-08 3.77734e-11 2.03949e-07)
(-3.96543e-08 -3.77735e-11 2.03949e-07)
(-3.96425e-08 -1.13894e-10 2.03933e-07)
(-3.96191e-08 -1.9197e-10 2.03898e-07)
(-3.95841e-08 -2.76163e-10 2.0384e-07)
(-4.18428e-08 2.59208e-10 2.09731e-07)
(-4.18753e-08 1.80118e-10 2.09786e-07)
(-4.18971e-08 1.06853e-10 2.09819e-07)
(-4.19081e-08 3.54377e-11 2.09834e-07)
(-4.19081e-08 -3.54377e-11 2.09834e-07)
(-4.18971e-08 -1.06853e-10 2.09819e-07)
(-4.18753e-08 -1.80118e-10 2.09786e-07)
(-4.18428e-08 -2.59208e-10 2.09731e-07)
(-4.41309e-08 2.42606e-10 2.15644e-07)
(-4.41611e-08 1.6851e-10 2.15696e-07)
(-4.41813e-08 9.99556e-11 2.15726e-07)
(-4.41915e-08 3.31496e-11 2.15741e-07)
(-4.41915e-08 -3.31497e-11 2.15741e-07)
(-4.41813e-08 -9.99557e-11 2.15726e-07)
(-4.41611e-08 -1.6851e-10 2.15696e-07)
(-4.41309e-08 -2.42606e-10 2.15644e-07)
(-4.64469e-08 2.26377e-10 2.21577e-07)
(-4.64747e-08 1.57162e-10 2.21625e-07)
(-4.64934e-08 9.32119e-11 2.21654e-07)
(-4.65029e-08 3.09122e-11 2.21667e-07)
(-4.65029e-08 -3.09123e-11 2.21667e-07)
(-4.64934e-08 -9.3212e-11 2.21654e-07)
(-4.64747e-08 -1.57162e-10 2.21625e-07)
(-4.64469e-08 -2.26378e-10 2.21577e-07)
(-4.87888e-08 2.10543e-10 2.27527e-07)
(-4.88144e-08 1.46089e-10 2.27572e-07)
(-4.88316e-08 8.66306e-11 2.27599e-07)
(-4.88404e-08 2.87286e-11 2.27612e-07)
(-4.88404e-08 -2.87287e-11 2.27612e-07)
(-4.88316e-08 -8.66307e-11 2.27599e-07)
(-4.88144e-08 -1.46089e-10 2.27572e-07)
(-4.87888e-08 -2.10543e-10 2.27527e-07)
(-5.1155e-08 1.95123e-10 2.33493e-07)
(-5.11784e-08 1.35305e-10 2.33536e-07)
(-5.11942e-08 8.02206e-11 2.3356e-07)
(-5.12023e-08 2.66017e-11 2.33572e-07)
(-5.12023e-08 -2.66018e-11 2.33572e-07)
(-5.11942e-08 -8.02207e-11 2.3356e-07)
(-5.11784e-08 -1.35305e-10 2.33536e-07)
(-5.1155e-08 -1.95123e-10 2.33493e-07)
(-5.35439e-08 1.80136e-10 2.39474e-07)
(-5.35652e-08 1.24824e-10 2.39513e-07)
(-5.35796e-08 7.39907e-11 2.39536e-07)
(-5.35869e-08 2.45345e-11 2.39547e-07)
(-5.35869e-08 -2.45346e-11 2.39547e-07)
(-5.35796e-08 -7.39908e-11 2.39536e-07)
(-5.35652e-08 -1.24824e-10 2.39513e-07)
(-5.35439e-08 -1.80136e-10 2.39474e-07)
(-5.59536e-08 1.65603e-10 2.45467e-07)
(-5.59729e-08 1.14661e-10 2.45504e-07)
(-5.5986e-08 6.79498e-11 2.45525e-07)
(-5.59926e-08 2.25299e-11 2.45535e-07)
(-5.59926e-08 -2.253e-11 2.45535e-07)
(-5.5986e-08 -6.79499e-11 2.45525e-07)
(-5.59729e-08 -1.14661e-10 2.45504e-07)
(-5.59536e-08 -1.65603e-10 2.45467e-07)
(-5.83828e-08 1.51542e-10 2.51472e-07)
(-5.84001e-08 1.04831e-10 2.51506e-07)
(-5.84118e-08 6.21066e-11 2.51525e-07)
(-5.84178e-08 2.05909e-11 2.51534e-07)
(-5.84178e-08 -2.05911e-11 2.51534e-07)
(-5.84118e-08 -6.21067e-11 2.51525e-07)
(-5.84001e-08 -1.04831e-10 2.51506e-07)
(-5.83828e-08 -1.51542e-10 2.51472e-07)
(-6.08297e-08 1.37974e-10 2.57486e-07)
(-6.08451e-08 9.53469e-11 2.57517e-07)
(-6.08556e-08 5.64697e-11 2.57535e-07)
(-6.0861e-08 1.87205e-11 2.57543e-07)
(-6.0861e-08 -1.87206e-11 2.57543e-07)
(-6.08556e-08 -5.64699e-11 2.57535e-07)
(-6.08451e-08 -9.53471e-11 2.57517e-07)
(-6.08297e-08 -1.37974e-10 2.57486e-07)
(-6.32929e-08 1.24918e-10 2.63509e-07)
(-6.33065e-08 8.62237e-11 2.63537e-07)
(-6.33158e-08 5.10478e-11 2.63553e-07)
(-6.33206e-08 1.69214e-11 2.63561e-07)
(-6.33206e-08 -1.69215e-11 2.63561e-07)
(-6.33158e-08 -5.10479e-11 2.63553e-07)
(-6.33065e-08 -8.62238e-11 2.63537e-07)
(-6.32929e-08 -1.24918e-10 2.63509e-07)
(-6.57708e-08 1.12392e-10 2.69539e-07)
(-6.57828e-08 7.74751e-11 2.69564e-07)
(-6.5791e-08 4.58493e-11 2.69579e-07)
(-6.57952e-08 1.51965e-11 2.69586e-07)
(-6.57952e-08 -1.51967e-11 2.69586e-07)
(-6.5791e-08 -4.58494e-11 2.69579e-07)
(-6.57828e-08 -7.74752e-11 2.69564e-07)
(-6.57708e-08 -1.12392e-10 2.69539e-07)
(-6.82622e-08 1.00416e-10 2.75574e-07)
(-6.82725e-08 6.9115e-11 2.75597e-07)
(-6.82797e-08 4.08828e-11 2.75611e-07)
(-6.82834e-08 1.35488e-11 2.75617e-07)
(-6.82834e-08 -1.35489e-11 2.75617e-07)
(-6.82797e-08 -4.08829e-11 2.75611e-07)
(-6.82725e-08 -6.91151e-11 2.75597e-07)
(-6.82622e-08 -1.00416e-10 2.75574e-07)
(-7.07656e-08 8.90089e-11 2.81614e-07)
(-7.07744e-08 6.11574e-11 2.81635e-07)
(-7.07805e-08 3.61567e-11 2.81647e-07)
(-7.07837e-08 1.19811e-11 2.81653e-07)
(-7.07837e-08 -1.19812e-11 2.81653e-07)
(-7.07805e-08 -3.61569e-11 2.81647e-07)
(-7.07744e-08 -6.11576e-11 2.81635e-07)
(-7.07656e-08 -8.90091e-11 2.81614e-07)
(-7.32796e-08 7.81895e-11 2.87658e-07)
(-7.3287e-08 5.36162e-11 2.87677e-07)
(-7.32922e-08 3.16797e-11 2.87687e-07)
(-7.32949e-08 1.04962e-11 2.87692e-07)
(-7.32949e-08 -1.04963e-11 2.87692e-07)
(-7.32922e-08 -3.16798e-11 2.87687e-07)
(-7.3287e-08 -5.36164e-11 2.87677e-07)
(-7.32796e-08 -7.81897e-11 2.87658e-07)
(-7.58032e-08 6.7977e-11 2.93704e-07)
(-7.58092e-08 4.65056e-11 2.93721e-07)
(-7.58135e-08 2.74603e-11 2.9373e-07)
(-7.58158e-08 9.09704e-12 2.93734e-07)
(-7.58158e-08 -9.09717e-12 2.93734e-07)
(-7.58135e-08 -2.74605e-11 2.9373e-07)
(-7.58092e-08 -4.65057e-11 2.93721e-07)
(-7.58032e-08 -6.79771e-11 2.93704e-07)
(-7.83349e-08 5.83906e-11 2.99752e-07)
(-7.83397e-08 3.98398e-11 2.99767e-07)
(-7.83432e-08 2.35075e-11 2.99775e-07)
(-7.83451e-08 7.78666e-12 2.99779e-07)
(-7.83451e-08 -7.78679e-12 2.99779e-07)
(-7.83432e-08 -2.35076e-11 2.99775e-07)
(-7.83397e-08 -3.984e-11 2.99767e-07)
(-7.83349e-08 -5.83908e-11 2.99752e-07)
(-8.08737e-08 4.94504e-11 3.05801e-07)
(-8.08774e-08 3.36338e-11 3.05814e-07)
(-8.08802e-08 1.98302e-11 3.05821e-07)
(-8.08817e-08 6.56813e-12 3.05824e-07)
(-8.08817e-08 -6.56828e-12 3.05824e-07)
(-8.08802e-08 -1.98304e-11 3.05821e-07)
(-8.08774e-08 -3.36339e-11 3.05814e-07)
(-8.08737e-08 -4.94505e-11 3.05801e-07)
(-8.34185e-08 4.11768e-11 3.1185e-07)
(-8.34212e-08 2.79029e-11 3.11861e-07)
(-8.34233e-08 1.64383e-11 3.11867e-07)
(-8.34244e-08 5.44472e-12 3.11869e-07)
(-8.34244e-08 -5.44487e-12 3.11869e-07)
(-8.34233e-08 -1.64384e-11 3.11867e-07)
(-8.34212e-08 -2.79031e-11 3.11861e-07)
(-8.34185e-08 -4.11769e-11 3.1185e-07)
(-8.59683e-08 3.35915e-11 3.17898e-07)
(-8.597e-08 2.26635e-11 3.17907e-07)
(-8.59715e-08 1.33416e-11 3.17912e-07)
(-8.59723e-08 4.41981e-12 3.17914e-07)
(-8.59723e-08 -4.41997e-12 3.17914e-07)
(-8.59715e-08 -1.33417e-11 3.17912e-07)
(-8.597e-08 -2.26637e-11 3.17907e-07)
(-8.59683e-08 -3.35916e-11 3.17898e-07)
(-8.8522e-08 2.67171e-11 3.23944e-07)
(-8.8523e-08 1.79325e-11 3.23952e-07)
(-8.85238e-08 1.05506e-11 3.23956e-07)
(-8.85244e-08 3.49692e-12 3.23958e-07)
(-8.85244e-08 -3.49708e-12 3.23958e-07)
(-8.85238e-08 -1.05508e-11 3.23956e-07)
(-8.8523e-08 -1.79326e-11 3.23952e-07)
(-8.8522e-08 -2.67173e-11 3.23944e-07)
(-9.10787e-08 2.05771e-11 3.29989e-07)
(-9.1079e-08 1.37267e-11 3.29996e-07)
(-9.10794e-08 8.07539e-12 3.29999e-07)
(-9.10797e-08 2.67936e-12 3.30001e-07)
(-9.10797e-08 -2.67953e-12 3.30001e-07)
(-9.10794e-08 -8.07557e-12 3.29999e-07)
(-9.1079e-08 -1.37268e-11 3.29996e-07)
(-9.10787e-08 -2.05773e-11 3.29989e-07)
(-9.36377e-08 1.51938e-11 3.36032e-07)
(-9.36374e-08 1.00606e-11 3.36037e-07)
(-9.36373e-08 5.92407e-12 3.3604e-07)
(-9.36374e-08 1.96968e-12 3.36041e-07)
(-9.36374e-08 -1.96985e-12 3.36041e-07)
(-9.36373e-08 -5.92424e-12 3.3604e-07)
(-9.36374e-08 -1.00608e-11 3.36037e-07)
(-9.36377e-08 -1.5194e-11 3.36032e-07)
(-9.61981e-08 1.05836e-11 3.42073e-07)
(-9.61973e-08 6.94185e-12 3.42077e-07)
(-9.61968e-08 4.09949e-12 3.42079e-07)
(-9.61967e-08 1.36847e-12 3.4208e-07)
(-9.61967e-08 -1.36864e-12 3.4208e-07)
(-9.61968e-08 -4.09966e-12 3.42079e-07)
(-9.61973e-08 -6.94203e-12 3.42077e-07)
(-9.61981e-08 -1.05838e-11 3.42073e-07)
(-9.87592e-08 6.73965e-12 3.4811e-07)
(-9.87579e-08 4.3592e-12 3.48113e-07)
(-9.87571e-08 2.59212e-12 3.48115e-07)
(-9.87568e-08 8.71998e-13 3.48116e-07)
(-9.87568e-08 -8.72163e-13 3.48116e-07)
(-9.87571e-08 -2.59229e-12 3.48115e-07)
(-9.87579e-08 -4.35938e-12 3.48113e-07)
(-9.87592e-08 -6.73984e-12 3.4811e-07)
(-1.0132e-07 3.58632e-12 3.54145e-07)
(-1.01319e-07 2.25763e-12 3.54147e-07)
(-1.01318e-07 1.36758e-12 3.54149e-07)
(-1.01317e-07 4.68767e-13 3.5415e-07)
(-1.01317e-07 -4.68931e-13 3.5415e-07)
(-1.01318e-07 -1.36776e-12 3.54149e-07)
(-1.01319e-07 -2.25781e-12 3.54147e-07)
(-1.0132e-07 -3.58651e-12 3.54145e-07)
(-1.03881e-07 9.39262e-13 3.60177e-07)
(-1.03879e-07 5.17714e-13 3.60179e-07)
(-1.03878e-07 3.65974e-13 3.6018e-07)
(-1.03877e-07 1.40295e-13 3.60181e-07)
(-1.03877e-07 -1.40474e-13 3.60181e-07)
(-1.03878e-07 -3.66153e-13 3.6018e-07)
(-1.03879e-07 -5.17895e-13 3.60179e-07)
(-1.03881e-07 -9.39442e-13 3.60177e-07)
(-1.0644e-07 -1.3155e-12 3.66207e-07)
(-1.06438e-07 -9.79348e-13 3.66209e-07)
(-1.06437e-07 -4.81203e-13 3.6621e-07)
(-1.06436e-07 -1.36054e-13 3.66211e-07)
(-1.06436e-07 1.35846e-13 3.66211e-07)
(-1.06437e-07 4.81012e-13 3.6621e-07)
(-1.06438e-07 9.79174e-13 3.66209e-07)
(-1.0644e-07 1.31534e-12 3.66207e-07)
)
;
        traction        uniform (0 0 0);
        pressure        uniform 4;
        secondaryGradient nonuniform List<vector> 
640
(
(4.00248e-06 9.88079e-07 3.69271e-06)
(5.02994e-06 8.34767e-07 4.8839e-06)
(5.69043e-06 4.18016e-07 5.18534e-06)
(5.9628e-06 1.1895e-07 5.30386e-06)
(5.9628e-06 -1.1895e-07 5.30386e-06)
(5.69043e-06 -4.18016e-07 5.18534e-06)
(5.02994e-06 -8.34767e-07 4.8839e-06)
(4.00248e-06 -9.88079e-07 3.69271e-06)
(3.24359e-06 1.5651e-06 2.9532e-06)
(3.45739e-06 1.23764e-06 3.51838e-06)
(3.62366e-06 6.93251e-07 4.00202e-06)
(3.71636e-06 2.07188e-07 4.18124e-06)
(3.71636e-06 -2.07188e-07 4.18124e-06)
(3.62366e-06 -6.93251e-07 4.00202e-06)
(3.45739e-06 -1.23764e-06 3.51838e-06)
(3.24359e-06 -1.5651e-06 2.9532e-06)
(4.07449e-06 2.05085e-06 2.71854e-06)
(4.1889e-06 1.35821e-06 3.0376e-06)
(4.22021e-06 7.65665e-07 3.38262e-06)
(4.25175e-06 2.38295e-07 3.5318e-06)
(4.25175e-06 -2.38295e-07 3.5318e-06)
(4.22021e-06 -7.65665e-07 3.38262e-06)
(4.1889e-06 -1.35821e-06 3.0376e-06)
(4.07449e-06 -2.05085e-06 2.71854e-06)
(5.40018e-06 2.36582e-06 2.7889e-06)
(5.50164e-06 1.46632e-06 3.02924e-06)
(5.5211e-06 8.09637e-07 3.29564e-06)
(5.53648e-06 2.56204e-07 3.42511e-06)
(5.53648e-06 -2.56204e-07 3.42511e-06)
(5.5211e-06 -8.09637e-07 3.29564e-06)
(5.50164e-06 -1.46632e-06 3.02924e-06)
(5.40018e-06 -2.36582e-06 2.7889e-06)
(6.82201e-06 2.54656e-06 2.91224e-06)
(6.88667e-06 1.55621e-06 3.099e-06)
(6.9042e-06 8.51558e-07 3.30128e-06)
(6.91359e-06 2.70835e-07 3.40587e-06)
(6.91359e-06 -2.70835e-07 3.40587e-06)
(6.9042e-06 -8.51558e-07 3.30128e-06)
(6.88667e-06 -1.55621e-06 3.099e-06)
(6.82201e-06 -2.54656e-06 2.91224e-06)
(8.25342e-06 2.64547e-06 3.07825e-06)
(8.28338e-06 1.61811e-06 3.23225e-06)
(8.29315e-06 8.86108e-07 3.39241e-06)
(8.29814e-06 2.82611e-07 3.47703e-06)
(8.29814e-06 -2.82611e-07 3.47703e-06)
(8.29315e-06 -8.86108e-07 3.39241e-06)
(8.28338e-06 -1.61811e-06 3.23225e-06)
(8.25342e-06 -2.64547e-06 3.07825e-06)
(9.67156e-06 2.69336e-06 3.27786e-06)
(9.67567e-06 1.656e-06 3.41296e-06)
(9.67561e-06 9.11109e-07 3.54633e-06)
(9.67639e-06 2.91468e-07 3.61656e-06)
(9.67639e-06 -2.91468e-07 3.61656e-06)
(9.67561e-06 -9.11109e-07 3.54633e-06)
(9.67567e-06 -1.656e-06 3.41296e-06)
(9.67156e-06 -2.69336e-06 3.27786e-06)
(1.1068e-05 2.70773e-06 3.50775e-06)
(1.10529e-05 1.6748e-06 3.63184e-06)
(1.10433e-05 9.26654e-07 3.74794e-06)
(1.10399e-05 2.97406e-07 3.80817e-06)
(1.10399e-05 -2.97406e-07 3.80817e-06)
(1.10433e-05 -9.26654e-07 3.74794e-06)
(1.10529e-05 -1.6748e-06 3.63184e-06)
(1.1068e-05 -2.70773e-06 3.50775e-06)
(1.24395e-05 2.6994e-06 3.76569e-06)
(1.24099e-05 1.67897e-06 3.88343e-06)
(1.23919e-05 9.3393e-07 3.98808e-06)
(1.23847e-05 3.00665e-07 4.04136e-06)
(1.23847e-05 -3.00665e-07 4.04136e-06)
(1.23919e-05 -9.3393e-07 3.98808e-06)
(1.24099e-05 -1.67897e-06 3.88343e-06)
(1.24395e-05 -2.6994e-06 3.76569e-06)
(1.37841e-05 2.67559e-06 4.04942e-06)
(1.37435e-05 1.6723e-06 4.16359e-06)
(1.37188e-05 9.34546e-07 4.26035e-06)
(1.37083e-05 3.01674e-07 4.30872e-06)
(1.37083e-05 -3.01674e-07 4.30872e-06)
(1.37188e-05 -9.34546e-07 4.26035e-06)
(1.37435e-05 -1.6723e-06 4.16359e-06)
(1.37841e-05 -2.67559e-06 4.04942e-06)
(1.51008e-05 2.64124e-06 4.35671e-06)
(1.50518e-05 1.65782e-06 4.46895e-06)
(1.50217e-05 9.30062e-07 4.56002e-06)
(1.50085e-05 3.00904e-07 4.6048e-06)
(1.50085e-05 -3.00904e-07 4.6048e-06)
(1.50217e-05 -9.30062e-07 4.56002e-06)
(1.50518e-05 -1.65782e-06 4.46895e-06)
(1.51008e-05 -2.64124e-06 4.35671e-06)
(1.6389e-05 2.5998e-06 4.68539e-06)
(1.63335e-05 1.63779e-06 4.79665e-06)
(1.62991e-05 9.21792e-07 4.8834e-06)
(1.62837e-05 2.98781e-07 4.92545e-06)
(1.62837e-05 -2.98781e-07 4.92545e-06)
(1.62991e-05 -9.21792e-07 4.8834e-06)
(1.63335e-05 -1.63779e-06 4.79665e-06)
(1.6389e-05 -2.5998e-06 4.68539e-06)
(1.76483e-05 2.55363e-06 5.03338e-06)
(1.75876e-05 1.61387e-06 5.14419e-06)
(1.75498e-05 9.1077e-07 5.22748e-06)
(1.75328e-05 2.95657e-07 5.26736e-06)
(1.75328e-05 -2.95657e-07 5.26736e-06)
(1.75498e-05 -9.1077e-07 5.22748e-06)
(1.75876e-05 -1.61387e-06 5.14419e-06)
(1.76483e-05 -2.55363e-06 5.03338e-06)
(1.88786e-05 2.50437e-06 5.39866e-06)
(1.88136e-05 1.58725e-06 5.5093e-06)
(1.87732e-05 8.97772e-07 5.5897e-06)
(1.87548e-05 2.91804e-07 5.62777e-06)
(1.87548e-05 -2.91804e-07 5.62777e-06)
(1.87732e-05 -8.97772e-07 5.5897e-06)
(1.88136e-05 -1.58725e-06 5.5093e-06)
(1.88786e-05 -2.50437e-06 5.39866e-06)
(2.00797e-05 2.45312e-06 5.77926e-06)
(2.00111e-05 1.55877e-06 5.88987e-06)
(1.99686e-05 8.83364e-07 5.96774e-06)
(1.99492e-05 2.87423e-07 6.00427e-06)
(1.99492e-05 -2.87423e-07 6.00427e-06)
(1.99686e-05 -8.83364e-07 5.96774e-06)
(2.00111e-05 -1.55877e-06 5.88987e-06)
(2.00797e-05 -2.45312e-06 5.77926e-06)
(2.12517e-05 2.4006e-06 6.1733e-06)
(2.118e-05 1.52898e-06 6.28393e-06)
(2.11358e-05 8.67947e-07 6.35952e-06)
(2.11155e-05 2.82662e-07 6.39468e-06)
(2.11155e-05 -2.82662e-07 6.39468e-06)
(2.11358e-05 -8.67947e-07 6.35952e-06)
(2.118e-05 -1.52898e-06 6.28393e-06)
(2.12517e-05 -2.4006e-06 6.1733e-06)
(2.23946e-05 2.34732e-06 6.57894e-06)
(2.23202e-05 1.49828e-06 6.68959e-06)
(2.22746e-05 8.51799e-07 6.76308e-06)
(2.22536e-05 2.77622e-07 6.79699e-06)
(2.22536e-05 -2.77622e-07 6.79699e-06)
(2.22746e-05 -8.51799e-07 6.76308e-06)
(2.23202e-05 -1.49828e-06 6.68959e-06)
(2.23946e-05 -2.34732e-06 6.57894e-06)
(2.35085e-05 2.29357e-06 6.99443e-06)
(2.34316e-05 1.46693e-06 7.10507e-06)
(2.33848e-05 8.35112e-07 7.17658e-06)
(2.33633e-05 2.72376e-07 7.20932e-06)
(2.33633e-05 -2.72376e-07 7.20932e-06)
(2.33848e-05 -8.35112e-07 7.17658e-06)
(2.34316e-05 -1.46693e-06 7.10507e-06)
(2.35085e-05 -2.29357e-06 6.99443e-06)
(2.45934e-05 2.23958e-06 7.41809e-06)
(2.45143e-05 1.43511e-06 7.52866e-06)
(2.44665e-05 8.18016e-07 7.59828e-06)
(2.44445e-05 2.66973e-07 7.62994e-06)
(2.44445e-05 -2.66973e-07 7.62994e-06)
(2.44665e-05 -8.18016e-07 7.59828e-06)
(2.45143e-05 -1.43511e-06 7.52866e-06)
(2.45934e-05 -2.23958e-06 7.41809e-06)
(2.56495e-05 2.18547e-06 7.84831e-06)
(2.55683e-05 1.40292e-06 7.95874e-06)
(2.55196e-05 8.00602e-07 8.02654e-06)
(2.54972e-05 2.61445e-07 8.05716e-06)
(2.54972e-05 -2.61445e-07 8.05716e-06)
(2.55196e-05 -8.00602e-07 8.02654e-06)
(2.55683e-05 -1.40292e-06 7.95874e-06)
(2.56495e-05 -2.18547e-06 7.84831e-06)
(2.66769e-05 2.13134e-06 8.28355e-06)
(2.65937e-05 1.37046e-06 8.39375e-06)
(2.65443e-05 7.82932e-07 8.4598e-06)
(2.65215e-05 2.55818e-07 8.48942e-06)
(2.65215e-05 -2.55818e-07 8.48942e-06)
(2.65443e-05 -7.82932e-07 8.4598e-06)
(2.65937e-05 -1.37046e-06 8.39375e-06)
(2.66769e-05 -2.13134e-06 8.28355e-06)
(2.76756e-05 2.07726e-06 8.72235e-06)
(2.75907e-05 1.33778e-06 8.83224e-06)
(2.75406e-05 7.6505e-07 8.89657e-06)
(2.75176e-05 2.50107e-07 8.92523e-06)
(2.75176e-05 -2.50107e-07 8.92523e-06)
(2.75406e-05 -7.6505e-07 8.89657e-06)
(2.75907e-05 -1.33778e-06 8.83224e-06)
(2.76756e-05 -2.07726e-06 8.72235e-06)
(2.86459e-05 2.02327e-06 9.16331e-06)
(2.85594e-05 1.30493e-06 9.27279e-06)
(2.85087e-05 7.46993e-07 9.33545e-06)
(2.84855e-05 2.44326e-07 9.36318e-06)
(2.84855e-05 -2.44326e-07 9.36318e-06)
(2.85087e-05 -7.46993e-07 9.33545e-06)
(2.85594e-05 -1.30493e-06 9.27279e-06)
(2.86459e-05 -2.02327e-06 9.16331e-06)
(2.9588e-05 1.96941e-06 9.60512e-06)
(2.95e-05 1.27195e-06 9.71408e-06)
(2.94489e-05 7.28787e-07 9.7751e-06)
(2.94255e-05 2.38485e-07 9.80194e-06)
(2.94255e-05 -2.38485e-07 9.80194e-06)
(2.94489e-05 -7.28787e-07 9.7751e-06)
(2.95e-05 -1.27195e-06 9.71408e-06)
(2.9588e-05 -1.96941e-06 9.60512e-06)
(3.05021e-05 1.91573e-06 1.00465e-05)
(3.04127e-05 1.23887e-06 1.01549e-05)
(3.03612e-05 7.10457e-07 1.02143e-05)
(3.03377e-05 2.32593e-07 1.02402e-05)
(3.03377e-05 -2.32593e-07 1.02402e-05)
(3.03612e-05 -7.10458e-07 1.02143e-05)
(3.04127e-05 -1.23887e-06 1.01549e-05)
(3.05021e-05 -1.91573e-06 1.00465e-05)
(3.13883e-05 1.86224e-06 1.04863e-05)
(3.12977e-05 1.20574e-06 1.05939e-05)
(3.1246e-05 6.92026e-07 1.06518e-05)
(3.12223e-05 2.26657e-07 1.06769e-05)
(3.12223e-05 -2.26657e-07 1.06769e-05)
(3.1246e-05 -6.92026e-07 1.06518e-05)
(3.12977e-05 -1.20574e-06 1.05939e-05)
(3.13883e-05 -1.86224e-06 1.04863e-05)
(3.2247e-05 1.80898e-06 1.09234e-05)
(3.21554e-05 1.17256e-06 1.10302e-05)
(3.21034e-05 6.73513e-07 1.10865e-05)
(3.20797e-05 2.20685e-07 1.11108e-05)
(3.20797e-05 -2.20685e-07 1.11108e-05)
(3.21034e-05 -6.73513e-07 1.10865e-05)
(3.21554e-05 -1.17256e-06 1.10302e-05)
(3.2247e-05 -1.80898e-06 1.09234e-05)
(3.30783e-05 1.75599e-06 1.13568e-05)
(3.29859e-05 1.13938e-06 1.14626e-05)
(3.29338e-05 6.54938e-07 1.15173e-05)
(3.291e-05 2.14684e-07 1.15408e-05)
(3.291e-05 -2.14684e-07 1.15408e-05)
(3.29338e-05 -6.54938e-07 1.15173e-05)
(3.29859e-05 -1.13938e-06 1.14626e-05)
(3.30783e-05 -1.75599e-06 1.13568e-05)
(3.38827e-05 1.70329e-06 1.17854e-05)
(3.37896e-05 1.10623e-06 1.18902e-05)
(3.37374e-05 6.36321e-07 1.19434e-05)
(3.37136e-05 2.08661e-07 1.19661e-05)
(3.37136e-05 -2.08661e-07 1.19661e-05)
(3.37374e-05 -6.36321e-07 1.19434e-05)
(3.37896e-05 -1.10623e-06 1.18902e-05)
(3.38827e-05 -1.70329e-06 1.17854e-05)
(3.46604e-05 1.6509e-06 1.22083e-05)
(3.45667e-05 1.07313e-06 1.2312e-05)
(3.45145e-05 6.17681e-07 1.23637e-05)
(3.44908e-05 2.02621e-07 1.23856e-05)
(3.44908e-05 -2.02621e-07 1.23856e-05)
(3.45145e-05 -6.17681e-07 1.23637e-05)
(3.45667e-05 -1.07313e-06 1.2312e-05)
(3.46604e-05 -1.6509e-06 1.22083e-05)
(3.54116e-05 1.59886e-06 1.26248e-05)
(3.53176e-05 1.0401e-06 1.27272e-05)
(3.52655e-05 5.99036e-07 1.27774e-05)
(3.52419e-05 1.96573e-07 1.27986e-05)
(3.52419e-05 -1.96573e-07 1.27986e-05)
(3.52655e-05 -5.99036e-07 1.27774e-05)
(3.53176e-05 -1.0401e-06 1.27272e-05)
(3.54116e-05 -1.59886e-06 1.26248e-05)
(3.61369e-05 1.5472e-06 1.30339e-05)
(3.60425e-05 1.00719e-06 1.3135e-05)
(3.59907e-05 5.80405e-07 1.31838e-05)
(3.59671e-05 1.90521e-07 1.32042e-05)
(3.59671e-05 -1.90521e-07 1.32042e-05)
(3.59907e-05 -5.80405e-07 1.31838e-05)
(3.60425e-05 -1.00719e-06 1.3135e-05)
(3.61369e-05 -1.5472e-06 1.30339e-05)
(3.68364e-05 1.49594e-06 1.3435e-05)
(3.6742e-05 9.74406e-07 1.35346e-05)
(3.66903e-05 5.61805e-07 1.3582e-05)
(3.66669e-05 1.84472e-07 1.36017e-05)
(3.66669e-05 -1.84472e-07 1.36017e-05)
(3.66903e-05 -5.61805e-07 1.3582e-05)
(3.6742e-05 -9.74406e-07 1.35346e-05)
(3.68364e-05 -1.49594e-06 1.3435e-05)
(3.75105e-05 1.44511e-06 1.38275e-05)
(3.74162e-05 9.41783e-07 1.39255e-05)
(3.73649e-05 5.43254e-07 1.39714e-05)
(3.73416e-05 1.78432e-07 1.39905e-05)
(3.73416e-05 -1.78433e-07 1.39905e-05)
(3.73649e-05 -5.43254e-07 1.39714e-05)
(3.74162e-05 -9.41783e-07 1.39255e-05)
(3.75105e-05 -1.44511e-06 1.38275e-05)
(3.81596e-05 1.39474e-06 1.42106e-05)
(3.80656e-05 9.09345e-07 1.4307e-05)
(3.80146e-05 5.24769e-07 1.43515e-05)
(3.79916e-05 1.72408e-07 1.43699e-05)
(3.79916e-05 -1.72408e-07 1.43699e-05)
(3.80146e-05 -5.24769e-07 1.43515e-05)
(3.80656e-05 -9.09345e-07 1.4307e-05)
(3.81596e-05 -1.39474e-06 1.42106e-05)
(3.87841e-05 1.34484e-06 1.45839e-05)
(3.86905e-05 8.77117e-07 1.46785e-05)
(3.864e-05 5.06368e-07 1.47216e-05)
(3.86171e-05 1.66405e-07 1.47393e-05)
(3.86171e-05 -1.66405e-07 1.47393e-05)
(3.864e-05 -5.06368e-07 1.47216e-05)
(3.86905e-05 -8.77117e-07 1.46785e-05)
(3.87841e-05 -1.34484e-06 1.45839e-05)
(3.93843e-05 1.29545e-06 1.49468e-05)
(3.92912e-05 8.45123e-07 1.50396e-05)
(3.92412e-05 4.88065e-07 1.50813e-05)
(3.92186e-05 1.60429e-07 1.50984e-05)
(3.92186e-05 -1.60429e-07 1.50984e-05)
(3.92412e-05 -4.88066e-07 1.50813e-05)
(3.92912e-05 -8.45123e-07 1.50396e-05)
(3.93843e-05 -1.29545e-06 1.49468e-05)
(3.99607e-05 1.2466e-06 1.52988e-05)
(3.98682e-05 8.13388e-07 1.53898e-05)
(3.98188e-05 4.69879e-07 1.54301e-05)
(3.97965e-05 1.54486e-07 1.54466e-05)
(3.97965e-05 -1.54486e-07 1.54466e-05)
(3.98188e-05 -4.69879e-07 1.54301e-05)
(3.98682e-05 -8.13388e-07 1.53898e-05)
(3.99607e-05 -1.2466e-06 1.52988e-05)
(4.05135e-05 1.19829e-06 1.56397e-05)
(4.04219e-05 7.81935e-07 1.57287e-05)
(4.03731e-05 4.51825e-07 1.57677e-05)
(4.0351e-05 1.48581e-07 1.57835e-05)
(4.0351e-05 -1.48581e-07 1.57835e-05)
(4.03731e-05 -4.51825e-07 1.57677e-05)
(4.04219e-05 -7.81935e-07 1.57287e-05)
(4.05135e-05 -1.19829e-06 1.56397e-05)
(4.10431e-05 1.15058e-06 1.59691e-05)
(4.09526e-05 7.50787e-07 1.6056e-05)
(4.09044e-05 4.33918e-07 1.60936e-05)
(4.08827e-05 1.42719e-07 1.61088e-05)
(4.08827e-05 -1.42719e-07 1.61088e-05)
(4.09044e-05 -4.33918e-07 1.60936e-05)
(4.09526e-05 -7.50787e-07 1.6056e-05)
(4.10431e-05 -1.15058e-06 1.59691e-05)
(4.15501e-05 1.10346e-06 1.62866e-05)
(4.14606e-05 7.19967e-07 1.63713e-05)
(4.14132e-05 4.16174e-07 1.64077e-05)
(4.13918e-05 1.36907e-07 1.64223e-05)
(4.13918e-05 -1.36907e-07 1.64223e-05)
(4.14132e-05 -4.16174e-07 1.64077e-05)
(4.14606e-05 -7.19967e-07 1.63713e-05)
(4.15501e-05 -1.10346e-06 1.62866e-05)
(4.20347e-05 1.05698e-06 1.6592e-05)
(4.19464e-05 6.89498e-07 1.66746e-05)
(4.18998e-05 3.98608e-07 1.67096e-05)
(4.18788e-05 1.31149e-07 1.67236e-05)
(4.18788e-05 -1.31149e-07 1.67236e-05)
(4.18998e-05 -3.98608e-07 1.67096e-05)
(4.19464e-05 -6.89498e-07 1.66746e-05)
(4.20347e-05 -1.05698e-06 1.6592e-05)
(4.24973e-05 1.01114e-06 1.68851e-05)
(4.24105e-05 6.59401e-07 1.69655e-05)
(4.23647e-05 3.81235e-07 1.69993e-05)
(4.2344e-05 1.2545e-07 1.70127e-05)
(4.2344e-05 -1.2545e-07 1.70127e-05)
(4.23647e-05 -3.81235e-07 1.69993e-05)
(4.24105e-05 -6.59401e-07 1.69655e-05)
(4.24973e-05 -1.01114e-06 1.68851e-05)
(4.29384e-05 9.65992e-07 1.71659e-05)
(4.2853e-05 6.29699e-07 1.72439e-05)
(4.28081e-05 3.6407e-07 1.72764e-05)
(4.27879e-05 1.19816e-07 1.72892e-05)
(4.27879e-05 -1.19816e-07 1.72892e-05)
(4.28081e-05 -3.6407e-07 1.72764e-05)
(4.2853e-05 -6.29699e-07 1.72439e-05)
(4.29384e-05 -9.65992e-07 1.71659e-05)
(4.33583e-05 9.2154e-07 1.7434e-05)
(4.32745e-05 6.00414e-07 1.75097e-05)
(4.32306e-05 3.47127e-07 1.7541e-05)
(4.32107e-05 1.14253e-07 1.75532e-05)
(4.32107e-05 -1.14253e-07 1.75532e-05)
(4.32306e-05 -3.47128e-07 1.75409e-05)
(4.32745e-05 -6.00414e-07 1.75097e-05)
(4.33583e-05 -9.2154e-07 1.7434e-05)
(4.37575e-05 8.77814e-07 1.76896e-05)
(4.36754e-05 5.71567e-07 1.77629e-05)
(4.36324e-05 3.30421e-07 1.77929e-05)
(4.3613e-05 1.08764e-07 1.78046e-05)
(4.3613e-05 -1.08764e-07 1.78046e-05)
(4.36324e-05 -3.30421e-07 1.77929e-05)
(4.36754e-05 -5.71567e-07 1.77629e-05)
(4.37575e-05 -8.77815e-07 1.76896e-05)
(4.41363e-05 8.34839e-07 1.79325e-05)
(4.4056e-05 5.43178e-07 1.80034e-05)
(4.4014e-05 3.13966e-07 1.80321e-05)
(4.39951e-05 1.03354e-07 1.80433e-05)
(4.39951e-05 -1.03354e-07 1.80433e-05)
(4.4014e-05 -3.13966e-07 1.80321e-05)
(4.4056e-05 -5.43178e-07 1.80034e-05)
(4.41363e-05 -8.34839e-07 1.79325e-05)
(4.44952e-05 7.92637e-07 1.81627e-05)
(4.44168e-05 5.1527e-07 1.82312e-05)
(4.43758e-05 2.97776e-07 1.82587e-05)
(4.43573e-05 9.80299e-08 1.82694e-05)
(4.43573e-05 -9.80299e-08 1.82694e-05)
(4.43758e-05 -2.97776e-07 1.82587e-05)
(4.44168e-05 -5.1527e-07 1.82312e-05)
(4.44952e-05 -7.92637e-07 1.81627e-05)
(4.48345e-05 7.51234e-07 1.83804e-05)
(4.47581e-05 4.87863e-07 1.84464e-05)
(4.47182e-05 2.81865e-07 1.84727e-05)
(4.47002e-05 9.27949e-08 1.84829e-05)
(4.47002e-05 -9.27949e-08 1.84829e-05)
(4.47182e-05 -2.81865e-07 1.84727e-05)
(4.47581e-05 -4.87864e-07 1.84464e-05)
(4.48345e-05 -7.51234e-07 1.83804e-05)
(4.51548e-05 7.10653e-07 1.85856e-05)
(4.50804e-05 4.60979e-07 1.86491e-05)
(4.50416e-05 2.66247e-07 1.86742e-05)
(4.50241e-05 8.76544e-08 1.86839e-05)
(4.50241e-05 -8.76544e-08 1.86839e-05)
(4.50416e-05 -2.66247e-07 1.86742e-05)
(4.50804e-05 -4.60979e-07 1.86491e-05)
(4.51548e-05 -7.10653e-07 1.85856e-05)
(4.54563e-05 6.70918e-07 1.87783e-05)
(4.5384e-05 4.34637e-07 1.88393e-05)
(4.53464e-05 2.50935e-07 1.88633e-05)
(4.53294e-05 8.2613e-08 1.88725e-05)
(4.53294e-05 -8.2613e-08 1.88725e-05)
(4.53464e-05 -2.50935e-07 1.88633e-05)
(4.5384e-05 -4.34637e-07 1.88393e-05)
(4.54563e-05 -6.70918e-07 1.87783e-05)
(4.57395e-05 6.32055e-07 1.89589e-05)
(4.56695e-05 4.08859e-07 1.90174e-05)
(4.5633e-05 2.35943e-07 1.90402e-05)
(4.56165e-05 7.76755e-08 1.90489e-05)
(4.56165e-05 -7.76755e-08 1.90489e-05)
(4.5633e-05 -2.35943e-07 1.90402e-05)
(4.56695e-05 -4.08859e-07 1.90174e-05)
(4.57395e-05 -6.32055e-07 1.89589e-05)
(4.60049e-05 5.94088e-07 1.91274e-05)
(4.59371e-05 3.83665e-07 1.91833e-05)
(4.59018e-05 2.21285e-07 1.9205e-05)
(4.58858e-05 7.28465e-08 1.92133e-05)
(4.58858e-05 -7.28465e-08 1.92133e-05)
(4.59018e-05 -2.21285e-07 1.9205e-05)
(4.59371e-05 -3.83665e-07 1.91833e-05)
(4.60049e-05 -5.94088e-07 1.91274e-05)
(4.62528e-05 5.57041e-07 1.9284e-05)
(4.61874e-05 3.59076e-07 1.93374e-05)
(4.61532e-05 2.06974e-07 1.9358e-05)
(4.61378e-05 6.81308e-08 1.93658e-05)
(4.61378e-05 -6.81308e-08 1.93658e-05)
(4.61532e-05 -2.06974e-07 1.9358e-05)
(4.61874e-05 -3.59076e-07 1.93374e-05)
(4.62528e-05 -5.57042e-07 1.9284e-05)
(4.64838e-05 5.2094e-07 1.9429e-05)
(4.64207e-05 3.35113e-07 1.94799e-05)
(4.63878e-05 1.93024e-07 1.94994e-05)
(4.63729e-05 6.3533e-08 1.95068e-05)
(4.63729e-05 -6.3533e-08 1.95068e-05)
(4.63878e-05 -1.93024e-07 1.94994e-05)
(4.64207e-05 -3.35113e-07 1.94799e-05)
(4.64838e-05 -5.2094e-07 1.9429e-05)
(4.66982e-05 4.85809e-07 1.95627e-05)
(4.66375e-05 3.11795e-07 1.96111e-05)
(4.66059e-05 1.79447e-07 1.96295e-05)
(4.65916e-05 5.90577e-08 1.96364e-05)
(4.65916e-05 -5.90577e-08 1.96364e-05)
(4.66059e-05 -1.79447e-07 1.96295e-05)
(4.66375e-05 -3.11795e-07 1.96111e-05)
(4.66982e-05 -4.8581e-07 1.95627e-05)
(4.68965e-05 4.51674e-07 1.96853e-05)
(4.68383e-05 2.89144e-07 1.97312e-05)
(4.68079e-05 1.66258e-07 1.97486e-05)
(4.67941e-05 5.47095e-08 1.97551e-05)
(4.67941e-05 -5.47095e-08 1.97551e-05)
(4.68079e-05 -1.66258e-07 1.97486e-05)
(4.68383e-05 -2.89144e-07 1.97312e-05)
(4.68965e-05 -4.51674e-07 1.96853e-05)
(4.70792e-05 4.18559e-07 1.97972e-05)
(4.70234e-05 2.6718e-07 1.98406e-05)
(4.69943e-05 1.5347e-07 1.98569e-05)
(4.69812e-05 5.0493e-08 1.9863e-05)
(4.69812e-05 -5.0493e-08 1.9863e-05)
(4.69943e-05 -1.5347e-07 1.98569e-05)
(4.70234e-05 -2.6718e-07 1.98406e-05)
(4.70792e-05 -4.1856e-07 1.97972e-05)
(4.72467e-05 3.86491e-07 1.98987e-05)
(4.71934e-05 2.45923e-07 1.99397e-05)
(4.71656e-05 1.41095e-07 1.9955e-05)
(4.7153e-05 4.64127e-08 1.99607e-05)
(4.7153e-05 -4.64128e-08 1.99607e-05)
(4.71656e-05 -1.41095e-07 1.9955e-05)
(4.71934e-05 -2.45924e-07 1.99397e-05)
(4.72467e-05 -3.86491e-07 1.98987e-05)
(4.73994e-05 3.55494e-07 1.99902e-05)
(4.73488e-05 2.25395e-07 2.00287e-05)
(4.73223e-05 1.29147e-07 2.00431e-05)
(4.73103e-05 4.24733e-08 2.00483e-05)
(4.73103e-05 -4.24733e-08 2.00483e-05)
(4.73223e-05 -1.29147e-07 2.00431e-05)
(4.73488e-05 -2.25395e-07 2.00287e-05)
(4.73994e-05 -3.55494e-07 1.99902e-05)
(4.7538e-05 3.25594e-07 2.00721e-05)
(4.74899e-05 2.05615e-07 2.01082e-05)
(4.74647e-05 1.17639e-07 2.01215e-05)
(4.74533e-05 3.86791e-08 2.01264e-05)
(4.74533e-05 -3.86791e-08 2.01264e-05)
(4.74647e-05 -1.1764e-07 2.01215e-05)
(4.74899e-05 -2.05616e-07 2.01082e-05)
(4.7538e-05 -3.25595e-07 2.00721e-05)
(4.76628e-05 2.96818e-07 2.01447e-05)
(4.76173e-05 1.86605e-07 2.01785e-05)
(4.75934e-05 1.06585e-07 2.01908e-05)
(4.75826e-05 3.50348e-08 2.01954e-05)
(4.75826e-05 -3.50348e-08 2.01954e-05)
(4.75934e-05 -1.06585e-07 2.01908e-05)
(4.76173e-05 -1.86605e-07 2.01785e-05)
(4.76628e-05 -2.96818e-07 2.01447e-05)
(4.77744e-05 2.69191e-07 2.02086e-05)
(4.77315e-05 1.68385e-07 2.024e-05)
(4.7709e-05 9.59974e-08 2.02514e-05)
(4.76987e-05 3.15447e-08 2.02555e-05)
(4.76987e-05 -3.15448e-08 2.02555e-05)
(4.7709e-05 -9.59975e-08 2.02514e-05)
(4.77315e-05 -1.68385e-07 2.024e-05)
(4.77744e-05 -2.69191e-07 2.02086e-05)
(4.78733e-05 2.4274e-07 2.02641e-05)
(4.78329e-05 1.50975e-07 2.02931e-05)
(4.78118e-05 8.5889e-08 2.03037e-05)
(4.78022e-05 2.82134e-08 2.03074e-05)
(4.78022e-05 -2.82134e-08 2.03074e-05)
(4.78118e-05 -8.58891e-08 2.03037e-05)
(4.78329e-05 -1.50975e-07 2.02931e-05)
(4.78733e-05 -2.4274e-07 2.02641e-05)
(4.796e-05 2.1749e-07 2.03116e-05)
(4.79222e-05 1.34396e-07 2.03384e-05)
(4.79024e-05 7.62731e-08 2.03481e-05)
(4.78934e-05 2.50453e-08 2.03515e-05)
(4.78934e-05 -2.50453e-08 2.03515e-05)
(4.79024e-05 -7.62731e-08 2.03481e-05)
(4.79222e-05 -1.34396e-07 2.03384e-05)
(4.796e-05 -2.1749e-07 2.03116e-05)
(4.80351e-05 1.93469e-07 2.03518e-05)
(4.79999e-05 1.18669e-07 2.03764e-05)
(4.79814e-05 6.71624e-08 2.03851e-05)
(4.7973e-05 2.20446e-08 2.03882e-05)
(4.7973e-05 -2.20446e-08 2.03882e-05)
(4.79814e-05 -6.71624e-08 2.03851e-05)
(4.79999e-05 -1.18669e-07 2.03764e-05)
(4.80351e-05 -1.93469e-07 2.03518e-05)
(4.8099e-05 1.70703e-07 2.0385e-05)
(4.80664e-05 1.03815e-07 2.04074e-05)
(4.80492e-05 5.85696e-08 2.04153e-05)
(4.80415e-05 1.92158e-08 2.04181e-05)
(4.80415e-05 -1.92158e-08 2.04181e-05)
(4.80492e-05 -5.85697e-08 2.04153e-05)
(4.80664e-05 -1.03815e-07 2.04074e-05)
(4.8099e-05 -1.70703e-07 2.0385e-05)
(4.81523e-05 1.4922e-07 2.04119e-05)
(4.81223e-05 8.9853e-08 2.04321e-05)
(4.81066e-05 5.05074e-08 2.04391e-05)
(4.80994e-05 1.65629e-08 2.04416e-05)
(4.80994e-05 -1.65629e-08 2.04416e-05)
(4.81066e-05 -5.05074e-08 2.04391e-05)
(4.81223e-05 -8.98531e-08 2.04321e-05)
(4.81523e-05 -1.49221e-07 2.04119e-05)
(4.81957e-05 1.2905e-07 2.04328e-05)
(4.81683e-05 7.68055e-08 2.04508e-05)
(4.81539e-05 4.29882e-08 2.04571e-05)
(4.81474e-05 1.40902e-08 2.04592e-05)
(4.81474e-05 -1.40902e-08 2.04592e-05)
(4.81539e-05 -4.29882e-08 2.04571e-05)
(4.81683e-05 -7.68056e-08 2.04508e-05)
(4.81957e-05 -1.29051e-07 2.04328e-05)
(4.82297e-05 1.10224e-07 2.04483e-05)
(4.82048e-05 6.46938e-08 2.04643e-05)
(4.81918e-05 3.60249e-08 2.04697e-05)
(4.81859e-05 1.1802e-08 2.04716e-05)
(4.81859e-05 -1.1802e-08 2.04716e-05)
(4.81918e-05 -3.60249e-08 2.04697e-05)
(4.82048e-05 -6.4694e-08 2.04643e-05)
(4.82297e-05 -1.10224e-07 2.04483e-05)
(4.82548e-05 9.27772e-08 2.04589e-05)
(4.82326e-05 5.35421e-08 2.04729e-05)
(4.82209e-05 2.96315e-08 2.04776e-05)
(4.82156e-05 9.70295e-09 2.04792e-05)
(4.82156e-05 -9.703e-09 2.04792e-05)
(4.82209e-05 -2.96317e-08 2.04776e-05)
(4.82326e-05 -5.35422e-08 2.04729e-05)
(4.82548e-05 -9.27772e-08 2.04589e-05)
(4.82718e-05 7.67523e-08 2.04653e-05)
(4.82521e-05 4.33787e-08 2.04773e-05)
(4.82418e-05 2.38252e-08 2.04813e-05)
(4.82372e-05 7.79879e-09 2.04826e-05)
(4.82372e-05 -7.79893e-09 2.04826e-05)
(4.82418e-05 -2.38253e-08 2.04813e-05)
(4.82521e-05 -4.33787e-08 2.04773e-05)
(4.82718e-05 -7.67523e-08 2.04653e-05)
(4.82811e-05 6.22052e-08 2.0468e-05)
(4.8264e-05 3.42408e-08 2.04781e-05)
(4.82551e-05 1.86288e-08 2.04813e-05)
(4.82511e-05 6.09763e-09 2.04824e-05)
(4.82511e-05 -6.09778e-09 2.04824e-05)
(4.82551e-05 -1.8629e-08 2.04813e-05)
(4.8264e-05 -3.42408e-08 2.04781e-05)
(4.82811e-05 -6.22051e-08 2.0468e-05)
(4.82834e-05 4.92143e-08 2.04675e-05)
(4.8269e-05 2.6182e-08 2.04757e-05)
(4.82615e-05 1.40766e-08 2.04783e-05)
(4.82581e-05 4.61141e-09 2.04792e-05)
(4.82581e-05 -4.61155e-09 2.04792e-05)
(4.82615e-05 -1.40768e-08 2.04783e-05)
(4.8269e-05 -2.6182e-08 2.04757e-05)
(4.82834e-05 -4.92142e-08 2.04675e-05)
(4.82793e-05 3.78953e-08 2.04646e-05)
(4.82675e-05 1.92826e-08 2.0471e-05)
(4.82615e-05 1.02205e-08 2.04731e-05)
(4.82587e-05 3.35813e-09 2.04737e-05)
(4.82587e-05 -3.3583e-09 2.04737e-05)
(4.82615e-05 -1.02207e-08 2.04731e-05)
(4.82675e-05 -1.92827e-08 2.0471e-05)
(4.82793e-05 -3.78954e-08 2.04646e-05)
(4.82692e-05 2.84147e-08 2.04599e-05)
(4.82603e-05 1.36626e-08 2.04647e-05)
(4.82557e-05 7.136e-09 2.04662e-05)
(4.82537e-05 2.36272e-09 2.04667e-05)
(4.82537e-05 -2.36286e-09 2.04667e-05)
(4.82557e-05 -7.13601e-09 2.04662e-05)
(4.82603e-05 -1.36627e-08 2.04647e-05)
(4.82692e-05 -2.8415e-08 2.04599e-05)
(4.82539e-05 2.09599e-08 2.04547e-05)
(4.82477e-05 9.46826e-09 2.04578e-05)
(4.82447e-05 4.90415e-09 2.0459e-05)
(4.82434e-05 1.65028e-09 2.04594e-05)
(4.82434e-05 -1.65028e-09 2.04594e-05)
(4.82447e-05 -4.90415e-09 2.0459e-05)
(4.82477e-05 -9.46834e-09 2.04578e-05)
(4.82539e-05 -2.096e-08 2.04547e-05)
(4.82343e-05 1.55521e-08 2.04502e-05)
(4.82308e-05 6.75317e-09 2.04518e-05)
(4.82291e-05 3.55033e-09 2.04527e-05)
(4.82284e-05 1.22884e-09 2.0453e-05)
(4.82284e-05 -1.22871e-09 2.0453e-05)
(4.82291e-05 -3.5504e-09 2.04527e-05)
(4.82308e-05 -6.75322e-09 2.04518e-05)
(4.82343e-05 -1.55522e-08 2.04502e-05)
(4.82128e-05 1.19683e-08 2.04501e-05)
(4.82114e-05 5.32752e-09 2.04502e-05)
(4.82109e-05 3.01839e-09 2.04506e-05)
(4.82109e-05 1.08599e-09 2.04507e-05)
(4.82109e-05 -1.08593e-09 2.04507e-05)
(4.82109e-05 -3.01839e-09 2.04506e-05)
(4.82114e-05 -5.3276e-09 2.04502e-05)
(4.82128e-05 -1.19684e-08 2.04501e-05)
(4.81962e-05 1.03955e-08 2.04532e-05)
(4.81954e-05 4.94527e-09 2.04532e-05)
(4.81957e-05 3.14826e-09 2.04531e-05)
(4.81961e-05 1.15752e-09 2.04529e-05)
(4.81961e-05 -1.15766e-09 2.04529e-05)
(4.81957e-05 -3.14833e-09 2.04531e-05)
(4.81954e-05 -4.94538e-09 2.04532e-05)
(4.81962e-05 -1.03956e-08 2.04532e-05)
)
;
        pressureSeries  
{
        fileName        "$FOAM_CASE/constant/timeVsPressure";
        outOfBounds     clamp;
}
    }
}


// ************************************************************************* //
