# ale_2x_dt0.00025: forces per unit depth (N/m) on cylinder+flag (total) and flag (plate); gen_q = pressure force on the flag projected on the prescribed mode, gen_u its unprojected sum; last 2 s at 1 ms
time,total_drag,total_lift,plate_drag,plate_lift,gen_q,gen_u
31.00000,5.920318e+02,5.507923e+02,1.005423e+02,-2.986385e+02,-279.87,-301.117
31.00100,6.047583e+02,3.893737e+02,1.127107e+02,-4.420366e+02,-231.682,-445.942
31.00200,6.182615e+02,2.258929e+02,1.255357e+02,-5.863849e+02,-183.397,-591.691
31.00300,6.325931e+02,6.031212e+01,1.391227e+02,-7.315073e+02,-134.858,-738.181
31.00400,6.474327e+02,-1.060146e+02,1.531863e+02,-8.763760e+02,-86.4087,-884.373
31.00500,6.628940e+02,-2.739669e+02,1.678976e+02,-1.021614e+03,-37.6798,-1030.89
31.00600,6.787187e+02,-4.400373e+02,1.828095e+02,-1.164067e+03,10.7852,-1174.57
31.00700,6.936047e+02,-6.006781e+02,1.968196e+02,-1.300715e+03,59.3201,-1312.39
31.00800,7.092053e+02,-7.634140e+02,2.115834e+02,-1.438321e+03,108.276,-1451.12
31.00900,7.248820e+02,-9.240673e+02,2.262428e+02,-1.572763e+03,156.823,-1586.62
31.01000,7.395940e+02,-1.079566e+03,2.401676e+02,-1.701843e+03,205.269,-1716.71
31.01100,7.545580e+02,-1.233599e+03,2.542270e+02,-1.828616e+03,253.864,-1844.42
31.01200,7.688753e+02,-1.382459e+03,2.677164e+02,-1.949607e+03,301.825,-1966.3
31.01300,7.834533e+02,-1.533127e+03,2.812830e+02,-2.071108e+03,349.92,-2088.62
31.01400,7.961527e+02,-1.672689e+03,2.934092e+02,-2.182275e+03,397.623,-2200.56
31.01500,8.086193e+02,-1.809742e+03,3.050853e+02,-2.289847e+03,445.055,-2308.84
31.01600,8.200260e+02,-1.941723e+03,3.157866e+02,-2.392183e+03,492.418,-2411.83
31.01700,8.303767e+02,-2.068271e+03,3.255213e+02,-2.488575e+03,538.933,-2508.83
31.01800,8.390420e+02,-2.186163e+03,3.335976e+02,-2.576386e+03,584.955,-2597.18
31.01900,8.461833e+02,-2.295030e+03,3.403982e+02,-2.655369e+03,629.638,-2676.65
31.02000,8.528380e+02,-2.406428e+03,3.465203e+02,-2.735715e+03,675.38,-2757.43
31.02100,8.576967e+02,-2.508109e+03,3.511810e+02,-2.806703e+03,719.542,-2828.78
31.02200,8.605460e+02,-2.600980e+03,3.538060e+02,-2.869063e+03,763.195,-2891.46
31.02300,8.614400e+02,-2.687068e+03,3.545463e+02,-2.924461e+03,806.188,-2947.11
31.02400,8.605287e+02,-2.763707e+03,3.536537e+02,-2.970957e+03,847.691,-2993.81
31.02500,8.584607e+02,-2.838198e+03,3.516965e+02,-3.014888e+03,889.409,-3037.88
31.02600,8.545407e+02,-2.903400e+03,3.479300e+02,-3.050015e+03,929.62,-3073.1
31.02700,8.489367e+02,-2.963643e+03,3.426295e+02,-3.080023e+03,969.267,-3103.16
31.02800,8.417787e+02,-3.014974e+03,3.355967e+02,-3.101745e+03,1007.42,-3124.88
31.02900,8.322767e+02,-3.061740e+03,3.267191e+02,-3.118777e+03,1044.75,-3141.89
31.03000,8.224787e+02,-3.102950e+03,3.173915e+02,-3.130421e+03,1080.89,-3153.47
31.03100,8.108867e+02,-3.138438e+03,3.062151e+02,-3.136641e+03,1115.93,-3159.61
31.03200,7.982127e+02,-3.169089e+03,2.940801e+02,-3.138280e+03,1149.6,-3161.16
31.03300,7.849627e+02,-3.197725e+03,2.814825e+02,-3.137944e+03,1182.52,-3160.73
31.03400,7.713307e+02,-3.221271e+03,2.682274e+02,-3.132897e+03,1213.44,-3155.58
31.03500,7.571427e+02,-3.242663e+03,2.545527e+02,-3.125671e+03,1242.83,-3148.26
31.03600,7.426000e+02,-3.264173e+03,2.404999e+02,-3.118575e+03,1271.99,-3141.08
31.03700,7.280340e+02,-3.281091e+03,2.264755e+02,-3.106947e+03,1298.32,-3129.38
31.03800,7.141260e+02,-3.298254e+03,2.128433e+02,-3.095878e+03,1323.05,-3118.27
31.03900,7.002013e+02,-3.314923e+03,1.991885e+02,-3.084168e+03,1346.69,-3106.53
31.04000,6.867767e+02,-3.329511e+03,1.862249e+02,-3.070935e+03,1368.59,-3093.3
31.04100,6.738233e+02,-3.346143e+03,1.732848e+02,-3.059581e+03,1390.07,-3081.96
31.04200,6.614114e+02,-3.357674e+03,1.610448e+02,-3.043336e+03,1406.28,-3065.76
31.04300,6.489641e+02,-3.367846e+03,1.487651e+02,-3.025817e+03,1421.54,-3048.31
31.04400,6.377621e+02,-3.381949e+03,1.375082e+02,-3.012285e+03,1436.94,-3034.86
31.04500,6.272889e+02,-3.392599e+03,1.269959e+02,-2.995946e+03,1448.99,-3018.62
31.04600,6.181691e+02,-3.406260e+03,1.178281e+02,-2.982494e+03,1459.2,-3005.3
31.04700,6.101055e+02,-3.417573e+03,1.096245e+02,-2.967241e+03,1466.87,-2990.21
31.04800,6.013693e+02,-3.420353e+03,1.008145e+02,-2.943593e+03,1469.87,-2966.73
31.04900,5.930189e+02,-3.426803e+03,9.238940e+01,-2.923887e+03,1473.98,-2947.18
31.05000,5.864005e+02,-3.430253e+03,8.544253e+01,-2.901959e+03,1475.78,-2925.41
31.05100,5.801514e+02,-3.434079e+03,7.910780e+01,-2.880439e+03,1476.13,-2904.04
31.05200,5.751617e+02,-3.435120e+03,7.383313e+01,-2.856747e+03,1474.26,-2880.5
31.05300,5.703173e+02,-3.437233e+03,6.876533e+01,-2.834401e+03,1470.61,-2858.3
31.05400,5.647701e+02,-3.434487e+03,6.315876e+01,-2.808007e+03,1466.19,-2832.05
31.05500,5.600915e+02,-3.430247e+03,5.834054e+01,-2.780665e+03,1459.99,-2804.83
31.05600,5.557893e+02,-3.422723e+03,5.406945e+01,-2.750475e+03,1450.82,-2774.74
31.05700,5.519387e+02,-3.413487e+03,5.012259e+01,-2.719307e+03,1440.43,-2743.65
31.05800,5.482291e+02,-3.400593e+03,4.644315e+01,-2.685317e+03,1428.44,-2709.7
31.05900,5.445444e+02,-3.384881e+03,4.282966e+01,-2.648893e+03,1414.32,-2673.29
31.06000,5.422833e+02,-3.368666e+03,4.062407e+01,-2.612681e+03,1398.24,-2637.06
31.06100,5.397438e+02,-3.346634e+03,3.825265e+01,-2.571432e+03,1379.92,-2595.76
31.06200,5.364729e+02,-3.319007e+03,3.531829e+01,-2.525781e+03,1360.75,-2550.01
31.06300,5.342778e+02,-3.290024e+03,3.337508e+01,-2.479500e+03,1339.87,-2503.6
31.06400,5.315035e+02,-3.255640e+03,3.103994e+01,-2.428519e+03,1316.46,-2452.44
31.06500,5.293552e+02,-3.216947e+03,2.930963e+01,-2.374340e+03,1291.41,-2398.03
31.06600,5.274517e+02,-3.174385e+03,2.788106e+01,-2.317199e+03,1264.71,-2340.6
31.06700,5.250575e+02,-3.126609e+03,2.598939e+01,-2.255669e+03,1236.52,-2278.72
31.06800,5.226578e+02,-3.071805e+03,2.421291e+01,-2.188553e+03,1206.65,-2211.19
31.06900,5.208689e+02,-3.014868e+03,2.291840e+01,-2.120079e+03,1175.4,-2142.24
31.07000,5.184325e+02,-2.949892e+03,2.123719e+01,-2.044928e+03,1142.57,-2066.55
31.07100,5.161950e+02,-2.879853e+03,1.964988e+01,-1.965866e+03,1108.55,-1986.87
31.07200,5.143234e+02,-2.804616e+03,1.848336e+01,-1.882879e+03,1073.15,-1903.2
31.07300,5.124137e+02,-2.723306e+03,1.731384e+01,-1.794964e+03,1036.62,-1814.53
31.07400,5.108633e+02,-2.635787e+03,1.649101e+01,-1.702239e+03,998.657,-1720.98
31.07500,5.093344e+02,-2.542699e+03,1.557865e+01,-1.605175e+03,959.971,-1623.03
31.07600,5.084623e+02,-2.442955e+03,1.534988e+01,-1.503007e+03,920.124,-1519.91
31.07700,5.078047e+02,-2.337710e+03,1.541160e+01,-1.396346e+03,879.025,-1412.23
31.07800,5.078695e+02,-2.227936e+03,1.610647e+01,-1.286618e+03,837.524,-1301.42
31.07900,5.079993e+02,-2.107011e+03,1.685573e+01,-1.167582e+03,794.62,-1181.25
31.08000,5.093213e+02,-1.985622e+03,1.870557e+01,-1.049013e+03,751.491,-1061.5
31.08100,5.111630e+02,-1.856830e+03,2.105291e+01,-9.245267e+02,707.485,-935.777
31.08200,5.139138e+02,-1.723227e+03,2.423023e+01,-7.967627e+02,662.894,-806.738
31.08300,5.175794e+02,-1.583539e+03,2.826543e+01,-6.642655e+02,617.283,-672.929
31.08400,5.222157e+02,-1.442321e+03,3.316231e+01,-5.314267e+02,571.854,-538.747
31.08500,5.277767e+02,-1.294595e+03,3.892753e+01,-3.936463e+02,525.509,-399.594
31.08600,5.342903e+02,-1.141911e+03,4.558578e+01,-2.523173e+02,478.919,-256.871
31.08700,5.419385e+02,-9.843880e+02,5.327393e+01,-1.075611e+02,431.486,-110.715
31.08800,5.505837e+02,-8.262673e+02,6.192290e+01,3.672664e+01,383.945,34.9783
31.08900,5.601756e+02,-6.649705e+02,7.135147e+01,1.827729e+02,336.195,182.433
31.09000,5.709093e+02,-5.014166e+02,8.189020e+01,3.299633e+02,288.15,331.028
31.09100,5.826010e+02,-3.342933e+02,9.330127e+01,4.792176e+02,239.54,481.676
31.09200,5.951796e+02,-1.672530e+02,1.054821e+02,6.273807e+02,191.144,631.213
31.09300,6.086685e+02,2.388603e+00,1.185238e+02,7.769567e+02,142.073,782.142
31.09400,6.230428e+02,1.729972e+02,1.323148e+02,9.262787e+02,93.0799,932.79
31.09500,6.371079e+02,3.375257e+02,1.458281e+02,1.069013e+03,44.2633,1076.82
31.09600,6.522033e+02,5.077206e+02,1.603111e+02,1.215987e+03,-5.1836,1225.06
31.09700,6.676393e+02,6.745633e+02,1.751285e+02,1.358741e+03,-54.0576,1369.03
31.09800,6.828740e+02,8.390013e+02,1.896509e+02,1.498285e+03,-103.449,1509.75
31.09900,6.986133e+02,1.001803e+03,2.047019e+02,1.635403e+03,-152.351,1648
31.10000,7.145027e+02,1.162086e+03,2.198405e+02,1.769299e+03,-201.196,1782.97
31.10100,7.306547e+02,1.324112e+03,2.352762e+02,1.903709e+03,-250.449,1918.41
31.10200,7.459700e+02,1.477837e+03,2.499190e+02,2.029668e+03,-299.162,2045.35
31.10300,7.614373e+02,1.630037e+03,2.646589e+02,2.153287e+03,-347.5,2169.9
31.10400,7.760727e+02,1.776488e+03,2.786118e+02,2.270720e+03,-395.412,2288.2
31.10500,7.903567e+02,1.920299e+03,2.921799e+02,2.384933e+03,-443.446,2403.23
31.10600,8.039347e+02,2.058012e+03,3.050919e+02,2.492522e+03,-490.543,2511.59
31.10700,8.163827e+02,2.190527e+03,3.170398e+02,2.594917e+03,-537.38,2614.69
31.10800,8.283773e+02,2.322295e+03,3.284757e+02,2.695626e+03,-584.54,2716.05
31.10900,8.385833e+02,2.442837e+03,3.381709e+02,2.785317e+03,-630.015,2806.34
31.11000,8.478280e+02,2.558109e+03,3.470249e+02,2.869648e+03,-675.134,2891.2
31.11100,8.556793e+02,2.667541e+03,3.545305e+02,2.947779e+03,-719.181,2969.8
31.11200,8.618700e+02,2.772565e+03,3.603766e+02,3.021293e+03,-763.401,3043.72
31.11300,8.666080e+02,2.869997e+03,3.649115e+02,3.087091e+03,-806.039,3109.86
31.11400,8.702987e+02,2.963636e+03,3.684645e+02,3.149221e+03,-849.132,3172.27
31.11500,8.716727e+02,3.045511e+03,3.697844e+02,3.199887e+03,-889.66,3223.15
31.11600,8.718400e+02,3.123359e+03,3.699133e+02,3.246443e+03,-930.424,3269.86
31.11700,8.698180e+02,3.193379e+03,3.679750e+02,3.285205e+03,-969.687,3308.72
31.11800,8.662973e+02,3.258672e+03,3.645157e+02,3.319367e+03,-1008.47,3342.93
31.11900,8.607087e+02,3.313204e+03,3.592572e+02,3.343447e+03,-1045.28,3367
31.12000,8.538120e+02,3.363812e+03,3.526487e+02,3.363629e+03,-1081.51,3387.13
31.12100,8.449707e+02,3.407036e+03,3.440596e+02,3.376683e+03,-1116.37,3400.08
31.12200,8.347247e+02,3.445525e+03,3.343737e+02,3.385079e+03,-1150.25,3408.34
31.12300,8.232760e+02,3.478041e+03,3.232241e+02,3.388043e+03,-1183.31,3411.14
31.12400,8.105113e+02,3.505095e+03,3.108591e+02,3.385837e+03,-1214.65,3408.75
31.12500,7.967233e+02,3.526879e+03,2.974002e+02,3.378599e+03,-1244.56,3401.3
31.12600,7.816220e+02,3.544089e+03,2.828417e+02,3.367170e+03,-1273.36,3389.66
31.12700,7.662533e+02,3.557466e+03,2.678551e+02,3.352255e+03,-1300.25,3374.52
31.12800,7.503980e+02,3.569907e+03,2.523309e+02,3.336402e+03,-1326.28,3358.46
31.12900,7.341320e+02,3.577291e+03,2.364849e+02,3.316010e+03,-1350.26,3337.86
31.13000,7.183367e+02,3.583042e+03,2.208515e+02,3.294334e+03,-1372.67,3316
31.13100,7.016253e+02,3.587226e+03,2.043671e+02,3.270995e+03,-1394,3292.48
31.13200,6.864620e+02,3.589601e+03,1.894764e+02,3.246679e+03,-1413.23,3268.01
31.13300,6.698320e+02,3.587377e+03,1.729943e+02,3.217490e+03,-1429.18,3238.69
31.13400,6.542705e+02,3.585297e+03,1.575616e+02,3.189040e+03,-1444,3210.13
31.13500,6.394844e+02,3.583041e+03,1.428167e+02,3.160531e+03,-1458.25,3181.53
31.13600,6.251809e+02,3.579717e+03,1.284541e+02,3.131361e+03,-1470.08,3152.29
31.13700,6.125319e+02,3.577672e+03,1.158299e+02,3.103923e+03,-1478.56,3124.82
31.13800,5.998995e+02,3.572475e+03,1.032101e+02,3.073615e+03,-1487.29,3094.52
31.13900,5.869431e+02,3.556519e+03,9.025180e+01,3.032946e+03,-1487.41,3053.87
31.14000,5.754103e+02,3.546871e+03,7.865753e+01,2.999107e+03,-1491.55,3020.05
31.14100,5.648445e+02,3.536763e+03,6.789427e+01,2.964875e+03,-1493.31,2985.85
31.14200,5.550671e+02,3.523924e+03,5.809016e+01,2.928830e+03,-1493.66,2949.85
31.14300,5.462575e+02,3.509606e+03,4.926663e+01,2.891353e+03,-1490.14,2912.42
31.14400,5.373797e+02,3.492816e+03,4.035711e+01,2.852275e+03,-1486.17,2873.41
31.14500,5.292261e+02,3.479923e+03,3.214294e+01,2.817061e+03,-1482.37,2838.27
31.14600,5.226494e+02,3.462084e+03,2.548440e+01,2.777716e+03,-1474.44,2798.99
31.14700,5.159047e+02,3.445313e+03,1.884951e+01,2.739768e+03,-1465.76,2761.1
31.14800,5.096083e+02,3.421991e+03,1.264461e+01,2.696332e+03,-1454.95,2717.73
31.14900,5.042149e+02,3.400418e+03,7.282107e+00,2.655042e+03,-1443.42,2676.49
31.15000,4.993884e+02,3.372505e+03,2.565512e+00,2.608201e+03,-1428.83,2629.68
31.15100,4.952126e+02,3.345472e+03,-1.510618e+00,2.562655e+03,-1412.64,2584.16
31.15200,4.915640e+02,3.315121e+03,-4.955461e+00,2.514581e+03,-1394.96,2536.08
31.15300,4.894416e+02,3.287741e+03,-6.965027e+00,2.469938e+03,-1376.32,2491.41
31.15400,4.865051e+02,3.252791e+03,-9.547927e+00,2.418747e+03,-1355.26,2440.16
31.15500,4.845871e+02,3.214180e+03,-1.115653e+01,2.364687e+03,-1332.16,2386.02
31.15600,4.833650e+02,3.173310e+03,-1.210099e+01,2.309128e+03,-1307.48,2330.35
31.15700,4.822050e+02,3.129931e+03,-1.289941e+01,2.251845e+03,-1281.38,2272.92
31.15800,4.815677e+02,3.083559e+03,-1.318481e+01,2.192481e+03,-1254.04,2213.36
31.15900,4.812163e+02,3.031981e+03,-1.313632e+01,2.128884e+03,-1224.82,2149.52
31.16000,4.809201e+02,2.975629e+03,-1.300024e+01,2.061658e+03,-1194.25,2081.98
31.16100,4.817683e+02,2.920064e+03,-1.176969e+01,1.995757e+03,-1162.35,2015.72
31.16200,4.824960e+02,2.856140e+03,-1.064627e+01,1.922935e+03,-1128.76,1942.47
31.16300,4.833869e+02,2.789015e+03,-9.262873e+00,1.847937e+03,-1094.33,1866.97
31.16400,4.847182e+02,2.716277e+03,-7.547247e+00,1.768389e+03,-1058.18,1786.84
31.16500,4.862097e+02,2.639481e+03,-5.586210e+00,1.685963e+03,-1021.37,1703.77
31.16600,4.880533e+02,2.556580e+03,-3.334364e+00,1.598701e+03,-983.134,1615.78
31.16700,4.903249e+02,2.469413e+03,-6.794940e-01,1.508457e+03,-944.243,1524.73
31.16800,4.931201e+02,2.375539e+03,2.400015e+00,1.412710e+03,-903.567,1428.1
31.16900,4.961463e+02,2.276721e+03,5.784008e+00,1.313328e+03,-862.306,1327.76
31.17000,4.996270e+02,2.172361e+03,9.554847e+00,1.209726e+03,-820.528,1223.12
31.17100,5.035725e+02,2.061378e+03,1.378441e+01,1.100973e+03,-777.627,1113.26
31.17200,5.083267e+02,1.947357e+03,1.868079e+01,9.903607e+02,-734.155,1001.48
31.17300,5.138313e+02,1.828223e+03,2.428971e+01,8.759187e+02,-689.685,885.811
31.17400,5.196406e+02,1.701159e+03,3.015099e+01,7.552160e+02,-645.074,763.826
31.17500,5.260043e+02,1.567729e+03,3.654713e+01,6.295684e+02,-599.664,636.848
31.17600,5.331547e+02,1.429249e+03,4.364162e+01,5.002086e+02,-553.831,506.115
31.17700,5.413289e+02,1.288414e+03,5.167242e+01,3.698346e+02,-507.806,374.335
31.17800,5.502780e+02,1.141821e+03,6.039656e+01,2.351501e+02,-460.829,238.219
31.17900,5.599656e+02,9.929420e+02,6.981620e+01,9.931693e+01,-414.051,100.938
31.18000,5.705117e+02,8.392620e+02,7.998267e+01,-3.995201e+01,-366.773,-39.7881
31.18100,5.820313e+02,6.826100e+02,9.099833e+01,-1.808597e+02,-318.989,-182.152
31.18200,5.942416e+02,5.209651e+02,1.026500e+02,-3.253053e+02,-270.881,-328.038
31.18300,6.072641e+02,3.593297e+02,1.150906e+02,-4.687079e+02,-222.964,-472.863
31.18400,6.207490e+02,1.958235e+02,1.278818e+02,-6.128127e+02,-174.432,-618.363
31.18500,6.351652e+02,3.024674e+01,1.415735e+02,-7.577373e+02,-126.143,-764.646
31.18600,6.501456e+02,-1.363333e+02,1.557204e+02,-9.026947e+02,-77.3817,-910.919
31.18700,6.656503e+02,-3.045767e+02,1.704941e+02,-1.048080e+03,-28.6837,-1057.57
31.18800,6.818813e+02,-4.722757e+02,1.857616e+02,-1.191721e+03,19.8442,-1202.43
31.18900,6.965100e+02,-6.308679e+02,1.995435e+02,-1.326343e+03,68.4057,-1338.22
31.19000,7.121053e+02,-7.931453e+02,2.142693e+02,-1.463293e+03,117.119,-1476.28
31.19100,7.278087e+02,-9.538760e+02,2.290147e+02,-1.597765e+03,165.693,-1611.8
31.19200,7.425173e+02,-1.108844e+03,2.429157e+02,-1.726177e+03,214.125,-1741.21
31.19300,7.572693e+02,-1.260857e+03,2.567619e+02,-1.850863e+03,262.355,-1866.82
31.19400,7.718080e+02,-1.412465e+03,2.704860e+02,-1.974223e+03,310.858,-1991.06
31.19500,7.859393e+02,-1.560417e+03,2.837563e+02,-2.093291e+03,358.888,-2110.94
31.19600,7.986340e+02,-1.699259e+03,2.957465e+02,-2.203398e+03,406.517,-2221.8
31.19700,8.109120e+02,-1.835147e+03,3.071787e+02,-2.309757e+03,453.869,-2328.86
31.19800,8.222067e+02,-1.967101e+03,3.177611e+02,-2.411799e+03,501.089,-2431.55
31.19900,8.319887e+02,-2.090240e+03,3.269814e+02,-2.504909e+03,547.117,-2525.25
31.20000,8.404393e+02,-2.206857e+03,3.349508e+02,-2.591541e+03,593.032,-2612.42
31.20100,8.478640e+02,-2.319357e+03,3.418767e+02,-2.673731e+03,638.408,-2695.08
31.20200,8.540373e+02,-2.426709e+03,3.477009e+02,-2.750350e+03,683.666,-2772.12
31.20300,8.583500e+02,-2.526054e+03,3.517922e+02,-2.819003e+03,727.665,-2841.13
31.20400,8.608040e+02,-2.617089e+03,3.540113e+02,-2.879555e+03,771.028,-2901.99
31.20500,8.614987e+02,-2.702014e+03,3.546531e+02,-2.933891e+03,813.875,-2956.57
31.20600,8.604673e+02,-2.778663e+03,3.535359e+02,-2.980133e+03,855.574,-3003
31.20700,8.580567e+02,-2.851295e+03,3.512582e+02,-3.022388e+03,896.75,-3045.39
31.20800,8.535667e+02,-2.915629e+03,3.469533e+02,-3.056673e+03,937.269,-3079.76
31.20900,8.478300e+02,-2.973695e+03,3.415913e+02,-3.084656e+03,976.292,-3107.78
31.21000,8.401407e+02,-3.023789e+03,3.341441e+02,-3.105057e+03,1014.11,-3128.18
31.21100,8.304993e+02,-3.068880e+03,3.250815e+02,-3.120556e+03,1050.99,-3143.64
31.21200,8.204040e+02,-3.110146e+03,3.154211e+02,-3.132174e+03,1087.45,-3155.2
31.21300,8.087300e+02,-3.144857e+03,3.040716e+02,-3.137745e+03,1122.23,-3160.69
31.21400,7.959407e+02,-3.173847e+03,2.919709e+02,-3.137804e+03,1155.58,-3160.66
31.21500,7.824793e+02,-3.201951e+03,2.790473e+02,-3.136913e+03,1188.18,-3159.67
31.21600,7.687360e+02,-3.225965e+03,2.657275e+02,-3.132235e+03,1219.05,-3154.89
31.21700,7.546173e+02,-3.246303e+03,2.521446e+02,-3.124162e+03,1248.25,-3146.72
31.21800,7.398900e+02,-3.266823e+03,2.378833e+02,-3.115993e+03,1276.84,-3138.47
31.21900,7.255367e+02,-3.284160e+03,2.240538e+02,-3.104882e+03,1303.08,-3127.3
31.22000,7.116747e+02,-3.301201e+03,2.104415e+02,-3.093673e+03,1327.34,-3116.05
31.22100,6.975273e+02,-3.316646e+03,1.966547e+02,-3.080827e+03,1350.68,-3103.18
31.22200,6.844627e+02,-3.332708e+03,1.838719e+02,-3.069018e+03,1372.61,-3091.37
31.22300,6.718287e+02,-3.349319e+03,1.713112e+02,-3.057609e+03,1393.64,-3079.99
31.22400,6.589358e+02,-3.358764e+03,1.586182e+02,-3.039293e+03,1408.75,-3061.72
31.22500,6.468327e+02,-3.370696e+03,1.466325e+02,-3.023479e+03,1424.35,-3045.98
31.22600,6.355057e+02,-3.383821e+03,1.352555e+02,-3.009073e+03,1439.21,-3031.66
31.22700,6.257528e+02,-3.396653e+03,1.253882e+02,-2.995032e+03,1451.85,-3017.72
31.22800,6.168833e+02,-3.408997e+03,1.164865e+02,-2.980391e+03,1460.7,-3003.22
31.22900,6.087418e+02,-3.419737e+03,1.082219e+02,-2.964746e+03,1469.44,-2987.74
31.23000,5.996798e+02,-3.419394e+03,9.911120e+01,-2.937863e+03,1469.6,-2961.02
31.23100,5.920956e+02,-3.428299e+03,9.135447e+01,-2.920753e+03,1474.84,-2944.07
31.23200,5.852887e+02,-3.432740e+03,8.419540e+01,-2.899569e+03,1476.19,-2923.05
31.23300,5.792033e+02,-3.434857e+03,7.810233e+01,-2.876520e+03,1475.92,-2900.15
31.23400,5.742941e+02,-3.436065e+03,7.290560e+01,-2.853166e+03,1473.96,-2876.94
31.23500,5.691577e+02,-3.435581e+03,6.764253e+01,-2.828436e+03,1469.69,-2852.36
31.23600,5.638446e+02,-3.433701e+03,6.215377e+01,-2.802927e+03,1465.23,-2826.99
31.23700,5.591351e+02,-3.429737e+03,5.739492e+01,-2.775910e+03,1458.53,-2800.09
31.23800,5.550736e+02,-3.420939e+03,5.335535e+01,-2.744627e+03,1448.92,-2768.91
31.23900,5.514607e+02,-3.410889e+03,4.965002e+01,-2.712861e+03,1438.24,-2737.21
31.24000,5.476733e+02,-3.398997e+03,4.591377e+01,-2.679771e+03,1426.1,-2704.16
31.24100,5.438071e+02,-3.381103e+03,4.215513e+01,-2.641451e+03,1411.56,-2665.85
31.24200,5.425134e+02,-3.367677e+03,4.086082e+01,-2.607949e+03,1395.29,-2632.32
31.24300,5.391547e+02,-3.341865e+03,3.771921e+01,-2.563269e+03,1376.47,-2587.58
31.24400,5.360109e+02,-3.313800e+03,3.491370e+01,-2.517311e+03,1357.05,-2541.52
31.24500,5.337457e+02,-3.284514e+03,3.295436e+01,-2.470777e+03,1335.77,-2494.85
31.24600,5.312553e+02,-3.249273e+03,3.082311e+01,-2.419163e+03,1311.83,-2443.04
31.24700,5.288933e+02,-3.209435e+03,2.893478e+01,-2.364043e+03,1286.67,-2387.68
31.24800,5.269219e+02,-3.166644e+03,2.742886e+01,-2.306729e+03,1259.89,-2330.07
31.24900,5.247247e+02,-3.116981e+03,2.570011e+01,-2.243691e+03,1231.04,-2266.67
31.25000,5.223741e+02,-3.061925e+03,2.400541e+01,-2.176523e+03,1201.2,-2199.08
31.25100,5.204439e+02,-3.003459e+03,2.261817e+01,-2.106630e+03,1169.32,-2128.7
31.25200,5.180716e+02,-2.937687e+03,2.097222e+01,-2.030995e+03,1136.47,-2052.51
31.25300,5.158640e+02,-2.866936e+03,1.945094e+01,-1.951457e+03,1102.4,-1972.34
31.25400,5.139467e+02,-2.790576e+03,1.828223e+01,-1.867475e+03,1066.57,-1887.66
31.25500,5.121379e+02,-2.707870e+03,1.712359e+01,-1.778405e+03,1029.68,-1797.83
31.25600,5.105756e+02,-2.619848e+03,1.630705e+01,-1.685416e+03,991.967,-1704
31.25700,5.091628e+02,-2.525211e+03,1.556503e+01,-1.587071e+03,952.798,-1604.76
31.25800,5.083263e+02,-2.423995e+03,1.532804e+01,-1.483719e+03,912.709,-1500.44
31.25900,5.076956e+02,-2.317761e+03,1.542125e+01,-1.376329e+03,871.549,-1392.02
31.26000,5.080051e+02,-2.206759e+03,1.634496e+01,-1.265618e+03,829.461,-1280.22
31.26100,5.082046e+02,-2.085404e+03,1.714801e+01,-1.146355e+03,786.889,-1159.81
31.26200,5.096107e+02,-1.962606e+03,1.906748e+01,-1.026729e+03,743.595,-1038.99
31.26300,5.115886e+02,-1.831983e+03,2.154433e+01,-9.007453e+02,699.253,-911.767
31.26400,5.145401e+02,-1.697606e+03,2.491090e+01,-7.724127e+02,654.513,-782.153
31.26500,5.183263e+02,-1.557479e+03,2.904791e+01,-6.396757e+02,608.95,-648.099
31.26600,5.230788e+02,-1.415205e+03,3.406251e+01,-5.059913e+02,563.277,-513.066
31.26700,5.288199e+02,-1.267456e+03,3.997643e+01,-3.683540e+02,517.062,-374.052
31.26800,5.355694e+02,-1.113114e+03,4.686922e+01,-2.257287e+02,470.195,-230.031
31.26900,5.434050e+02,-9.552800e+02,5.474237e+01,-8.093013e+01,422.742,-83.8335
31.27000,5.523021e+02,-7.961053e+02,6.358395e+01,6.412840e+01,375.239,62.6307
31.27100,5.620601e+02,-6.350434e+02,7.318520e+01,2.097775e+02,327.365,209.688
31.27200,5.729163e+02,-4.709539e+02,8.385407e+01,3.572662e+02,279.244,358.579
31.27300,5.847485e+02,-3.034123e+02,9.539160e+01,5.067008e+02,230.545,509.403
31.27400,5.975155e+02,-1.361387e+02,1.077169e+02,6.548767e+02,182.13,658.949
31.27500,6.111521e+02,3.355195e+01,1.208745e+02,8.044233e+02,132.976,809.843
31.27600,6.255817e+02,2.035120e+02,1.347779e+02,9.528960e+02,84.3162,959.635
31.27700,6.397949e+02,3.699920e+02,1.484040e+02,1.097239e+03,34.9818,1105.27
31.27800,6.550498e+02,5.386060e+02,1.630051e+02,1.242530e+03,-14.055,1251.81
31.27900,6.705093e+02,7.053507e+02,1.778819e+02,1.385007e+03,-63.0793,1395.5
31.28000,6.857387e+02,8.691180e+02,1.924277e+02,1.523805e+03,-112.35,1535.47
31.28100,7.015767e+02,1.032151e+03,2.075419e+02,1.660983e+03,-161.401,1673.77
31.28200,7.173300e+02,1.190638e+03,2.225314e+02,1.792958e+03,-210.126,1806.81
31.28300,7.332687e+02,1.351655e+03,2.377454e+02,1.926295e+03,-259.26,1941.17
31.28400,7.489527e+02,1.505995e+03,2.527363e+02,2.052587e+03,-307.686,2068.43
31.28500,7.640327e+02,1.656459e+03,2.671103e+02,2.174472e+03,-356.148,2191.24
31.28600,7.788247e+02,1.803615e+03,2.812231e+02,2.292505e+03,-404.233,2310.13
31.28700,7.929620e+02,1.946395e+03,2.946743e+02,2.405519e+03,-451.996,2423.95
31.28800,8.063640e+02,2.083549e+03,3.074283e+02,2.512523e+03,-499.103,2531.71
31.28900,8.185300e+02,2.213447e+03,3.190607e+02,2.612380e+03,-545.893,2632.27
31.29000,8.304473e+02,2.345522e+03,3.304495e+02,2.713181e+03,-592.863,2733.71
31.29100,8.405533e+02,2.464829e+03,3.400579e+02,2.801602e+03,-638.258,2822.71
31.29200,8.493160e+02,2.579201e+03,3.484465e+02,2.885017e+03,-683.369,2906.65
31.29300,8.571160e+02,2.688386e+03,3.558623e+02,2.962723e+03,-727.808,2984.81
31.29400,8.628427e+02,2.789735e+03,3.613200e+02,3.032780e+03,-771.142,3055.26
31.29500,8.671960e+02,2.885925e+03,3.654854e+02,3.097540e+03,-813.883,3120.36
31.29600,8.707220e+02,2.979583e+03,3.688388e+02,3.159372e+03,-856.746,3182.45
31.29700,8.718600e+02,3.060754e+03,3.698998e+02,3.209291e+03,-897.14,3232.58
31.29800,8.716687e+02,3.137166e+03,3.697495e+02,3.254495e+03,-937.885,3277.93
31.29900,8.691713e+02,3.205685e+03,3.673416e+02,3.291869e+03,-976.978,3315.39
31.30000,8.652113e+02,3.268684e+03,3.635892e+02,3.323890e+03,-1015.44,3347.44
31.30100,8.596073e+02,3.323669e+03,3.582195e+02,3.348214e+03,-1051.97,3371.75
31.30200,8.522507e+02,3.372286e+03,3.511475e+02,3.366545e+03,-1088.08,3390.02
31.30300,8.430320e+02,3.414551e+03,3.423697e+02,3.378605e+03,-1122.7,3401.97
31.30400,8.325840e+02,3.451733e+03,3.323515e+02,3.385868e+03,-1156.29,3409.09
31.30500,8.212367e+02,3.483647e+03,3.212257e+02,3.388207e+03,-1189.12,3411.26
31.30600,8.080913e+02,3.509464e+03,3.085275e+02,3.384899e+03,-1220.12,3407.76
31.30700,7.940280e+02,3.530236e+03,2.948281e+02,3.376709e+03,-1249.97,3399.37
31.30800,7.790227e+02,3.547507e+03,2.803104e+02,3.365389e+03,-1278.63,3387.83
31.30900,7.635093e+02,3.560811e+03,2.651780e+02,3.350283e+03,-1305.07,3372.5
31.31000,7.473500e+02,3.570752e+03,2.494096e+02,3.332136e+03,-1330.69,3354.14
31.31100,7.313013e+02,3.578007e+03,2.336802e+02,3.311664e+03,-1354.15,3333.47
31.31200,7.152787e+02,3.583897e+03,2.179117e+02,3.290212e+03,-1376.77,3311.83
31.31300,6.988553e+02,3.587206e+03,2.016919e+02,3.266063e+03,-1397.47,3287.51
31.31400,6.835640e+02,3.589720e+03,1.865803e+02,3.241761e+03,-1416.3,3263.06
31.31500,6.670040e+02,3.586863e+03,1.702056e+02,3.212198e+03,-1431.84,3233.37
31.31600,6.513571e+02,3.584761e+03,1.546321e+02,3.183522e+03,-1446.72,3204.58
31.31700,6.366734e+02,3.582751e+03,1.400310e+02,3.155509e+03,-1461.14,3176.48
31.31800,6.230649e+02,3.579631e+03,1.262799e+02,3.126722e+03,-1471.89,3147.63
31.31900,6.099231e+02,3.575949e+03,1.132575e+02,3.097533e+03,-1480.02,3118.42
31.32000,5.973502e+02,3.569302e+03,1.006253e+02,3.066166e+03,-1488.35,3087.06
31.32100,5.848055e+02,3.555246e+03,8.802120e+01,3.027121e+03,-1488.2,3048.04
31.32200,5.733269e+02,3.544961e+03,7.654333e+01,2.992883e+03,-1492.29,3013.83
31.32300,5.630013e+02,3.534073e+03,6.608372e+01,2.957897e+03,-1493.35,2978.87
31.32400,5.533697e+02,3.521995e+03,5.645610e+01,2.922642e+03,-1493.81,2943.66
31.32500,5.441401e+02,3.505537e+03,4.714869e+01,2.883172e+03,-1489.62,2904.25
31.32600,5.358731e+02,3.490873e+03,3.876420e+01,2.846133e+03,-1485.67,2867.28
31.32700,5.278568e+02,3.476712e+03,3.074555e+01,2.809993e+03,-1481.47,2831.21
31.32800,5.212885e+02,3.459357e+03,2.417709e+01,2.771132e+03,-1473.2,2792.41
31.32900,5.146965e+02,3.442173e+03,1.762443e+01,2.732830e+03,-1464.26,2754.17
31.33000,5.085895e+02,3.418174e+03,1.158069e+01,2.688915e+03,-1453.11,2710.31
31.33100,5.034081e+02,3.396189e+03,6.484971e+00,2.647152e+03,-1440.99,2668.6
31.33200,4.985823e+02,3.367735e+03,1.773013e+00,2.600004e+03,-1426.07,2621.49
31.33300,4.945506e+02,3.339985e+03,-2.151997e+00,2.553906e+03,-1409.6,2575.4
31.33400,4.910538e+02,3.309550e+03,-5.442277e+00,2.505870e+03,-1391.48,2527.36
31.33500,4.889991e+02,3.281613e+03,-7.341120e+00,2.460687e+03,-1372.15,2482.14
31.33600,4.863253e+02,3.246751e+03,-9.676760e+00,2.409837e+03,-1351.4,2431.24
31.33700,4.842417e+02,3.206276e+03,-1.145735e+01,2.354113e+03,-1327.76,2375.43
31.33800,4.830759e+02,3.166249e+03,-1.230745e+01,2.299325e+03,-1302.78,2320.53
31.33900,4.821377e+02,3.121727e+03,-1.293135e+01,2.241229e+03,-1276.52,2262.27
31.34000,4.815025e+02,3.074679e+03,-1.315505e+01,2.181255e+03,-1248.72,2202.09
31.34100,4.812315e+02,3.021583e+03,-1.308533e+01,2.116390e+03,-1219.1,2136.97
31.34200,4.811679e+02,2.966251e+03,-1.269971e+01,2.050260e+03,-1188.48,2070.52
31.34300,4.818705e+02,2.909059e+03,-1.160234e+01,1.983035e+03,-1156.52,2002.92
31.34400,4.824935e+02,2.844515e+03,-1.054315e+01,1.909695e+03,-1122.72,1929.14
31.34500,4.834879e+02,2.776707e+03,-9.056433e+00,1.834217e+03,-1088.08,1853.15
31.34600,4.849581e+02,2.702669e+03,-7.208693e+00,1.753735e+03,-1051.75,1772.08
31.34700,4.866260e+02,2.625361e+03,-5.106131e+00,1.670861e+03,-1014.31,1688.54
31.34800,4.885252e+02,2.541585e+03,-2.831347e+00,1.583040e+03,-976.278,1599.97
31.34900,4.907977e+02,2.452567e+03,-1.864629e-01,1.491135e+03,-936.89,1507.25
31.35000,4.935489e+02,2.358206e+03,2.928653e+00,1.395080e+03,-896.187,1410.3
31.35100,4.967648e+02,2.258387e+03,6.447607e+00,1.295026e+03,-854.873,1309.27
31.35200,5.002301e+02,2.152028e+03,1.022269e+01,1.189699e+03,-812.721,1202.9
31.35300,5.043642e+02,2.041067e+03,1.459017e+01,1.081189e+03,-769.764,1093.27
31.35400,5.092065e+02,1.925887e+03,1.958579e+01,9.696453e+02,-726.18,980.549
31.35500,5.147642e+02,1.804791e+03,2.522762e+01,8.536040e+02,-681.633,863.269
31.35600,5.208037e+02,1.677521e+03,3.131120e+01,7.328207e+02,-636.659,741.194
31.35700,5.270231e+02,1.540535e+03,3.757196e+01,6.041389e+02,-591.302,611.175
31.35800,5.346015e+02,1.403321e+03,4.502821e+01,4.761664e+02,-545.304,481.823
31.35900,5.428571e+02,1.261372e+03,5.317931e+01,3.448436e+02,-499.047,349.089
31.36000,5.519480e+02,1.114645e+03,6.202055e+01,2.101868e+02,-452.333,212.998
31.36100,5.618017e+02,9.649387e+02,7.159247e+01,7.382447e+01,-405.409,75.1858
31.36200,5.725373e+02,8.103480e+02,8.192673e+01,-6.603549e+01,-358.205,-66.1312
31.36300,5.843193e+02,6.500513e+02,9.317640e+01,-2.101263e+02,-309.945,-211.676
31.36400,5.965569e+02,4.917126e+02,1.048125e+02,-3.512151e+02,-262.361,-354.201
31.36500,6.097712e+02,3.290287e+02,1.174609e+02,-4.955825e+02,-214.076,-499.986
31.36600,6.233026e+02,1.664857e+02,1.302757e+02,-6.385319e+02,-165.7,-644.324
31.36700,6.377583e+02,1.969474e+00,1.440288e+02,-7.823340e+02,-117.679,-789.477
31.36800,6.528315e+02,-1.667471e+02,1.582758e+02,-9.290440e+02,-68.6027,-937.493
31.36900,6.684580e+02,-3.355794e+02,1.731273e+02,-1.074719e+03,-19.8215,-1084.43
31.37000,6.845207e+02,-5.015717e+02,1.883017e+02,-1.216724e+03,28.5261,-1227.64
31.37100,6.993653e+02,-6.605897e+02,2.022446e+02,-1.351511e+03,77.2276,-1363.58
31.37200,7.149693e+02,-8.223307e+02,2.169147e+02,-1.487794e+03,125.922,-1500.96
31.37300,7.305827e+02,-9.825367e+02,2.316675e+02,-1.621637e+03,174.351,-1635.85
31.37400,7.453140e+02,-1.137052e+03,2.455467e+02,-1.749437e+03,222.871,-1764.63
31.37500,7.600333e+02,-1.289626e+03,2.593637e+02,-1.874468e+03,271.318,-1890.58
31.37600,7.744967e+02,-1.439700e+03,2.729569e+02,-1.996213e+03,319.617,-2013.19
31.37700,7.881820e+02,-1.584585e+03,2.858973e+02,-2.112447e+03,367.355,-2130.23
31.37800,8.009713e+02,-1.725139e+03,2.979271e+02,-2.223789e+03,415.261,-2242.32
31.37900,8.130440e+02,-1.859647e+03,3.091226e+02,-2.328824e+03,462.555,-2348.04
31.38000,8.242467e+02,-1.990753e+03,3.196257e+02,-2.429907e+03,509.613,-2449.76
31.38100,8.336940e+02,-2.112554e+03,3.286139e+02,-2.521851e+03,555.806,-2542.28
31.38200,8.419740e+02,-2.228527e+03,3.363537e+02,-2.607625e+03,601.561,-2628.58
31.38300,8.492293e+02,-2.340301e+03,3.430969e+02,-2.688963e+03,646.674,-2710.38
31.38400,8.550913e+02,-2.447062e+03,3.486723e+02,-2.764847e+03,691.941,-2786.68
31.38500,8.589533e+02,-2.544336e+03,3.523305e+02,-2.831601e+03,735.968,-2853.78
31.38600,8.608800e+02,-2.631775e+03,3.540846e+02,-2.888745e+03,778.594,-2911.21
31.38700,8.614627e+02,-2.716679e+03,3.546121e+02,-2.942896e+03,821.452,-2965.6
31.38800,8.603787e+02,-2.793310e+03,3.533988e+02,-2.989137e+03,863.058,-3012.02
31.38900,8.574280e+02,-2.863333e+03,3.506471e+02,-3.028839e+03,904.008,-3051.85
31.39000,8.526800e+02,-2.926051e+03,3.461333e+02,-3.061552e+03,944.157,-3084.64
31.39100,8.466407e+02,-2.983240e+03,3.404456e+02,-3.088713e+03,983.112,-3111.83
31.39200,8.385453e+02,-3.033171e+03,3.326545e+02,-3.108896e+03,1021.07,-3132
31.39300,8.289633e+02,-3.078083e+03,3.235521e+02,-3.124135e+03,1058.18,-3147.2
31.39400,8.182447e+02,-3.116489e+03,3.133659e+02,-3.133136e+03,1093.73,-3156.14
31.39500,8.064653e+02,-3.150050e+03,3.019400e+02,-3.137672e+03,1128.31,-3160.59
31.39600,7.936087e+02,-3.180083e+03,2.897138e+02,-3.138565e+03,1161.85,-3161.39
31.39700,7.800093e+02,-3.206166e+03,2.766437e+02,-3.135898e+03,1193.82,-3158.62
31.39800,7.658613e+02,-3.229869e+03,2.629882e+02,-3.130845e+03,1224.63,-3153.47
31.39900,7.518933e+02,-3.250993e+03,2.493813e+02,-3.123387e+03,1253.9,-3145.92
31.40000,7.373107e+02,-3.270490e+03,2.354148e+02,-3.114363e+03,1281.54,-3136.82
31.40100,7.231460e+02,-3.289001e+03,2.217155e+02,-3.104373e+03,1307.87,-3126.77
31.40200,7.092620e+02,-3.304271e+03,2.080650e+02,-3.091655e+03,1331.85,-3114.02
31.40300,6.951773e+02,-3.319766e+03,1.943287e+02,-3.078861e+03,1355.06,-3101.21
31.40400,6.820653e+02,-3.335840e+03,1.815617e+02,-3.067115e+03,1376.38,-3089.47
31.40500,6.692540e+02,-3.350861e+03,1.688822e+02,-3.054140e+03,1396.74,-3076.52
31.40600,6.567285e+02,-3.361661e+03,1.563983e+02,-3.036915e+03,1411.86,-3059.35
31.40700,6.447347e+02,-3.373390e+03,1.444637e+02,-3.021137e+03,1427.5,-3043.64
31.40800,6.338705e+02,-3.385898e+03,1.335547e+02,-3.006351e+03,1441.56,-3028.95
31.40900,6.239963e+02,-3.399171e+03,1.236899e+02,-2.992367e+03,1453.55,-3015.07
31.41000,6.153349e+02,-3.411355e+03,1.148996e+02,-2.977835e+03,1462.53,-3000.68
31.41100,6.067483e+02,-3.420115e+03,1.061973e+02,-2.960003e+03,1470.02,-2983.02
31.41200,5.980973e+02,-3.420239e+03,9.750760e+01,-2.933953e+03,1470.09,-2957.14
31.41300,5.907771e+02,-3.429515e+03,8.992680e+01,-2.917082e+03,1475.2,-2940.42
31.41400,5.841567e+02,-3.432216e+03,8.312200e+01,-2.894393e+03,1475.69,-2917.89
31.41500,5.783473e+02,-3.437202e+03,7.714733e+01,-2.874091e+03,1476.12,-2897.74
31.41600,5.734749e+02,-3.437489e+03,7.201607e+01,-2.849951e+03,1473.28,-2873.75
31.41700,5.679589e+02,-3.433547e+03,6.643881e+01,-2.822124e+03,1468.53,-2846.07
31.41800,5.629001e+02,-3.433012e+03,6.124797e+01,-2.797982e+03,1464.16,-2822.06
31.41900,5.583591e+02,-3.428708e+03,5.664355e+01,-2.770626e+03,1457.01,-2794.82
31.42000,5.542725e+02,-3.420573e+03,5.249571e+01,-2.740096e+03,1447.66,-2764.38
31.42100,5.508791e+02,-3.409709e+03,4.907374e+01,-2.707574e+03,1436.05,-2731.93
31.42200,5.470702e+02,-3.395787e+03,4.524752e+01,-2.672722e+03,1423.4,-2697.11
31.42300,5.433087e+02,-3.377541e+03,4.159199e+01,-2.634270e+03,1408.74,-2658.66
31.42400,5.422864e+02,-3.366139e+03,4.062405e+01,-2.602607e+03,1392.41,-2626.96
31.42500,5.386023e+02,-3.338196e+03,3.719106e+01,-2.556203e+03,1373.42,-2580.49
31.42600,5.355809e+02,-3.308934e+03,3.450004e+01,-2.509276e+03,1353.49,-2533.46
31.42700,5.332535e+02,-3.278281e+03,3.252884e+01,-2.461407e+03,1331.38,-2485.44
31.42800,5.308089e+02,-3.242411e+03,3.047058e+01,-2.409395e+03,1307.39,-2433.23
31.42900,5.285427e+02,-3.201779e+03,2.865641e+01,-2.353593e+03,1281.75,-2377.18
31.43000,5.265349e+02,-3.158181e+03,2.709201e+01,-2.295687e+03,1254.81,-2318.96
31.43100,5.243318e+02,-3.108052e+03,2.543614e+01,-2.232325e+03,1225.74,-2255.23
31.43200,5.219219e+02,-3.052743e+03,2.367003e+01,-2.164971e+03,1195.65,-2187.44
31.43300,5.200547e+02,-2.991809e+03,2.236896e+01,-2.093181e+03,1163.42,-2115.15
31.43400,5.177143e+02,-2.925473e+03,2.072975e+01,-2.017006e+03,1130.2,-2038.41
31.43500,5.155536e+02,-2.853577e+03,1.925509e+01,-1.936594e+03,1096.01,-1957.35
31.43600,5.136826e+02,-2.776469e+03,1.812784e+01,-1.852097e+03,1060.01,-1872.15
31.43700,5.118238e+02,-2.692438e+03,1.693801e+01,-1.761945e+03,1022.91,-1781.22
31.43800,5.101658e+02,-2.602855e+03,1.603239e+01,-1.667615e+03,984.8,-1686.04
31.43900,5.090210e+02,-2.507207e+03,1.553417e+01,-1.568593e+03,945.504,-1586.11
31.44000,5.080019e+02,-2.405163e+03,1.519687e+01,-1.464425e+03,905.305,-1480.96
31.44100,5.076518e+02,-2.297657e+03,1.549448e+01,-1.356188e+03,863.93,-1371.68
31.44200,5.081770e+02,-2.186569e+03,1.662877e+01,-1.245507e+03,821.776,-1259.9
31.44300,5.083921e+02,-2.063624e+03,1.741534e+01,-1.124925e+03,779.046,-1138.17
31.44400,5.097955e+02,-1.939379e+03,1.937031e+01,-1.004113e+03,735.733,-1016.15
31.44500,5.120637e+02,-1.808286e+03,2.208531e+01,-8.779767e+02,691.369,-888.77
31.44600,5.151154e+02,-1.672594e+03,2.554403e+01,-7.485413e+02,646.374,-758.046
31.44700,5.190791e+02,-1.531959e+03,2.987777e+01,-6.155293e+02,600.907,-623.712
31.44800,5.240703e+02,-1.388785e+03,3.507847e+01,-4.812847e+02,555.067,-488.114
31.44900,5.299123e+02,-1.240173e+03,4.112646e+01,-3.430521e+02,508.671,-348.501
31.45000,5.369166e+02,-1.083272e+03,4.821057e+01,-1.981836e+02,461.323,-202.236
31.45100,5.448583e+02,-9.276600e+02,5.623317e+01,-5.555657e+01,414.532,-58.2091
31.45200,5.539166e+02,-7.669240e+02,6.516779e+01,9.060367e+01,366.607,89.3566
31.45300,5.639580e+02,-6.049457e+02,7.501840e+01,2.369149e+02,318.59,237.075
31.45400,5.749727e+02,-4.404052e+02,8.583567e+01,3.845676e+02,270.41,386.127
31.45500,5.869389e+02,-2.729454e+02,9.753040e+01,5.338532e+02,221.723,536.799
31.45600,5.998473e+02,-1.045994e+02,1.099811e+02,6.827413e+02,173.016,687.053
31.45700,6.135929e+02,6.482333e+01,1.232128e+02,8.318540e+02,123.97,837.507
31.45800,6.281499e+02,2.342547e+02,1.372701e+02,9.796753e+02,75.3419,986.642
31.45900,6.425805e+02,4.011929e+02,1.510680e+02,1.124269e+03,26.084,1132.52
31.46000,6.578676e+02,5.696656e+02,1.657079e+02,1.269098e+03,-22.9845,1278.59
31.46100,6.734013e+02,7.362753e+02,1.806489e+02,1.411422e+03,-72.2287,1422.12
31.46200,6.886407e+02,8.987107e+02,1.951802e+02,1.548793e+03,-121.222,1560.65
31.46300,7.045360e+02,1.061995e+03,2.103728e+02,1.686028e+03,-170.296,1699
31.46400,7.205273e+02,1.223008e+03,2.256384e+02,1.820153e+03,-219.278,1834.19
31.46500,7.361667e+02,1.380454e+03,2.405144e+02,1.950005e+03,-268.088,1965.05
31.46600,7.520067e+02,1.535413e+03,2.556017e+02,2.076740e+03,-316.923,2092.75
31.46700,7.667340e+02,1.684305e+03,2.697061e+02,2.196995e+03,-365.027,2213.91
31.46800,7.815087e+02,1.830897e+03,2.837670e+02,2.314260e+03,-413.116,2332.03
31.46900,7.956007e+02,1.973043e+03,2.971406e+02,2.426637e+03,-460.807,2445.2
31.47000,8.086993e+02,2.108632e+03,3.097229e+02,2.532206e+03,-507.884,2551.51
31.47100,8.208807e+02,2.238959e+03,3.212915e+02,2.632081e+03,-554.615,2652.08
31.47200,8.324647e+02,2.368238e+03,3.323979e+02,2.730289e+03,-601.236,2750.91
31.47300,8.425960e+02,2.488005e+03,3.419784e+02,2.818861e+03,-646.666,2840.06
31.47400,8.508393e+02,2.599781e+03,3.498736e+02,2.899791e+03,-691.551,2921.5
31.47500,8.584733e+02,2.708527e+03,3.571496e+02,2.977111e+03,-735.904,2999.26
31.47600,8.639053e+02,2.808750e+03,3.623327e+02,3.045924e+03,-779.292,3068.46
31.47700,8.681140e+02,2.904133e+03,3.663908e+02,3.109875e+03,-821.706,3132.73
31.47800,8.710067e+02,2.994137e+03,3.690271e+02,3.168277e+03,-864.223,3191.39
31.47900,8.719327e+02,3.074982e+03,3.700368e+02,3.217785e+03,-904.394,3241.09
31.48000,8.712273e+02,3.149089e+03,3.693179e+02,3.260774e+03,-944.836,3284.21
31.48100,8.685633e+02,3.216736e+03,3.668291e+02,3.297345e+03,-983.974,3320.86
31.48200,8.644573e+02,3.278046e+03,3.628470e+02,3.327691e+03,-1021.69,3351.23
31.48300,8.584280e+02,3.333403e+03,3.571087e+02,3.352377e+03,-1058.77,3375.89
31.48400,8.506987e+02,3.380685e+03,3.495721e+02,3.369316e+03,-1094.46,3392.76
31.48500,8.411727e+02,3.421882e+03,3.406167e+02,3.380373e+03,-1128.95,3403.7
31.48600,8.306080e+02,3.458325e+03,3.303595e+02,3.386968e+03,-1162.4,3410.15
31.48700,8.189540e+02,3.488394e+03,3.189983e+02,3.387703e+03,-1194.97,3410.71
31.48800,8.055740e+02,3.513549e+03,3.060367e+02,3.383656e+03,-1225.72,3406.47
31.48900,7.911680e+02,3.534273e+03,2.920421e+02,3.375389e+03,-1255.5,3398
31.49000,7.760073e+02,3.548740e+03,2.774631e+02,3.361404e+03,-1283.42,3383.79
31.49100,7.605540e+02,3.562763e+03,2.623051e+02,3.347081e+03,-1309.81,3369.25
31.49200,7.442167e+02,3.571955e+03,2.464049e+02,3.328309e+03,-1335.19,3350.27
31.49300,7.285267e+02,3.578101e+03,2.309433e+02,3.306772e+03,-1357.9,3328.54
31.49400,7.122833e+02,3.585227e+03,2.149632e+02,3.286499e+03,-1380.84,3308.08
31.49500,6.960787e+02,3.588339e+03,1.990229e+02,3.262274e+03,-1401.17,3283.69
31.49600,6.804633e+02,3.589231e+03,1.834341e+02,3.236323e+03,-1419.55,3257.59
31.49700,6.642461e+02,3.587353e+03,1.674509e+02,3.207743e+03,-1434.95,3228.88
31.49800,6.487395e+02,3.583968e+03,1.520610e+02,3.178022e+03,-1449.17,3199.06
31.49900,6.340084e+02,3.582019e+03,1.373955e+02,3.149979e+03,-1463.17,3170.93
31.50000,6.206883e+02,3.579934e+03,1.239336e+02,3.122133e+03,-1473.55,3143.03
31.50100,6.072742e+02,3.574652e+03,1.106168e+02,3.091599e+03,-1482.15,3112.48
31.50200,5.950083e+02,3.565605e+03,9.824113e+01,3.057953e+03,-1487.8,3078.85
31.50300,5.825234e+02,3.553241e+03,8.580387e+01,3.020634e+03,-1488.99,3041.55
31.50400,5.712463e+02,3.543079e+03,7.444187e+01,2.986417e+03,-1492.51,3007.36
31.50500,5.608217e+02,3.532403e+03,6.388724e+01,2.951726e+03,-1493.47,2972.7
31.50600,5.516259e+02,3.520395e+03,5.465772e+01,2.916581e+03,-1493.54,2937.61
31.50700,5.424078e+02,3.502051e+03,4.536608e+01,2.875687e+03,-1489.11,2896.77
31.50800,5.344173e+02,3.488475e+03,3.733341e+01,2.839555e+03,-1484.82,2860.7
31.50900,5.262740e+02,3.472614e+03,2.912973e+01,2.802019e+03,-1480.22,2823.24
31.51000,5.197555e+02,3.456568e+03,2.270458e+01,2.764311e+03,-1471.98,2785.6
31.51100,5.133539e+02,3.437357e+03,1.630034e+01,2.724328e+03,-1462.42,2745.68
31.51200,5.075763e+02,3.414256e+03,1.054589e+01,2.681392e+03,-1451.15,2702.8
31.51300,5.028071e+02,3.391803e+03,5.858715e+00,2.639227e+03,-1438.05,2660.68
31.51400,4.976913e+02,3.363669e+03,8.955287e-01,2.592447e+03,-1423.51,2613.93
31.51500,4.939675e+02,3.334923e+03,-2.724507e+00,2.545649e+03,-1406.66,2567.14
31.51600,4.903651e+02,3.304006e+03,-6.107803e+00,2.497159e+03,-1388.29,2518.64
31.51700,4.887463e+02,3.279077e+03,-7.560220e+00,2.454784e+03,-1368.86,2476.23
31.51800,4.860235e+02,3.240503e+03,-9.920333e+00,2.400669e+03,-1347.17,2422.05
31.51900,4.840504e+02,3.199443e+03,-1.161108e+01,2.344471e+03,-1323.31,2365.76
31.52000,4.828107e+02,3.158758e+03,-1.250679e+01,2.289208e+03,-1298.24,2310.38
31.52100,4.821463e+02,3.113331e+03,-1.292157e+01,2.230379e+03,-1271.48,2251.39
31.52200,4.814549e+02,3.065495e+03,-1.315489e+01,2.169825e+03,-1243.42,2190.62
31.52300,4.813773e+02,3.012143e+03,-1.290451e+01,2.104930e+03,-1213.54,2125.45
31.52400,4.815261e+02,2.956742e+03,-1.231060e+01,2.038817e+03,-1182.68,2059.01
31.52500,4.819780e+02,2.897874e+03,-1.142729e+01,1.970096e+03,-1150.45,1989.91
31.52600,4.827173e+02,2.832254e+03,-1.025611e+01,1.895911e+03,-1116.35,1915.27
31.52700,4.838087e+02,2.763486e+03,-8.696740e+00,1.819675e+03,-1081.33,1838.5
31.52800,4.851151e+02,2.689235e+03,-6.969407e+00,1.739082e+03,-1045.1,1757.31
31.52900,4.869221e+02,2.610130e+03,-4.739063e+00,1.654816e+03,-1007.36,1672.36
31.53000,4.888819e+02,2.525385e+03,-2.380361e+00,1.566223e+03,-969.003,1583.01
31.53100,4.913322e+02,2.435104e+03,3.720813e-01,1.473299e+03,-929.199,1489.26
31.53200,4.940593e+02,2.339977e+03,3.487524e+00,1.376704e+03,-888.556,1391.75
31.53300,4.973936e+02,2.239767e+03,7.098647e+00,1.276489e+03,-847.34,1290.55
31.53400,5.009617e+02,2.132103e+03,1.098067e+01,1.170120e+03,-804.945,1183.12
31.53500,5.051993e+02,2.020775e+03,1.544389e+01,1.061439e+03,-762.028,1073.31
31.53600,5.101618e+02,1.903968e+03,2.054127e+01,9.485313e+02,-717.914,959.216
31.53700,5.157147e+02,1.781179e+03,2.618897e+01,8.311413e+02,-673.498,840.578
31.53800,5.218979e+02,1.653837e+03,3.243670e+01,7.103733e+02,-628.437,718.509
31.53900,5.282143e+02,1.515301e+03,3.876133e+01,5.805040e+02,-583.085,587.295
31.54000,5.360178e+02,1.378067e+03,4.642851e+01,4.527116e+02,-536.986,458.117
31.54100,5.444687e+02,1.235283e+03,5.473352e+01,3.208519e+02,-490.901,324.842
31.54200,5.536419e+02,1.087695e+03,6.364401e+01,1.855362e+02,-443.825,188.089
31.54300,5.636182e+02,9.362387e+02,7.333067e+01,4.774101e+01,-396.583,48.8425
31.54400,5.745429e+02,7.824160e+02,8.381747e+01,-9.121313e+01,-349.55,-91.5688
31.54500,5.864640e+02,6.212651e+02,9.519987e+01,-2.358365e+02,-301.354,-237.642
31.54600,5.988022e+02,4.623639e+02,1.069871e+02,-3.773625e+02,-253.626,-380.601
31.54700,6.119675e+02,2.995779e+02,1.195000e+02,-5.215490e+02,-205.401,-526.2
31.54800,6.258407e+02,1.352745e+02,1.326571e+02,-6.659685e+02,-156.823,-672.002
31.54900,6.404605e+02,-3.124809e+01,1.465631e+02,-8.114287e+02,-108.318,-818.803
31.55000,6.555147e+02,-1.972749e+02,1.608401e+02,-9.554173e+02,-59.6972,-964.089
31.55100,6.712227e+02,-3.655830e+02,1.757207e+02,-1.100470e+03,-10.9696,-1110.39
31.55200,6.873367e+02,-5.318689e+02,1.909170e+02,-1.242619e+03,37.6962,-1253.73
31.55300,7.021980e+02,-6.887667e+02,2.049140e+02,-1.375223e+03,85.893,-1387.49
31.55400,7.178640e+02,-8.521833e+02,2.196551e+02,-1.512871e+03,134.775,-1526.22
31.55500,7.334840e+02,-1.011912e+03,2.343839e+02,-1.646088e+03,183.239,-1660.47
31.55600,7.481360e+02,-1.165845e+03,2.481884e+02,-1.773151e+03,231.812,-1788.5
31.55700,7.627073e+02,-1.317439e+03,2.619047e+02,-1.897123e+03,280.094,-1913.39
31.55800,7.769947e+02,-1.465123e+03,2.752900e+02,-2.016551e+03,328.185,-2033.67
31.55900,7.905533e+02,-1.611263e+03,2.881069e+02,-2.133789e+03,376.297,-2151.7
31.56000,8.033513e+02,-1.750667e+03,3.001177e+02,-2.243931e+03,423.918,-2262.58
31.56100,8.151627e+02,-1.883829e+03,3.111481e+02,-2.347591e+03,471.046,-2366.92
31.56200,8.260753e+02,-2.013620e+03,3.213603e+02,-2.447291e+03,518.029,-2467.24
31.56300,8.352333e+02,-2.134092e+03,3.300422e+02,-2.537868e+03,564.201,-2558.39
31.56400,8.435053e+02,-2.250269e+03,3.378319e+02,-2.623706e+03,609.898,-2644.74
31.56500,8.503207e+02,-2.360297e+03,3.441738e+02,-2.703315e+03,655.183,-2724.8
31.56600,8.559773e+02,-2.464900e+03,3.494279e+02,-2.777105e+03,699.791,-2798.99
31.56700,8.596073e+02,-2.561498e+03,3.529565e+02,-2.843275e+03,743.962,-2865.5
31.56800,8.611027e+02,-2.649161e+03,3.542845e+02,-2.900352e+03,786.847,-2922.85
31.56900,8.614480e+02,-2.731224e+03,3.546549e+02,-2.951996e+03,828.991,-2974.72
31.57000,8.599480e+02,-2.807486e+03,3.531670e+02,-2.997701e+03,870.8,-3020.6
31.57100,8.568467e+02,-2.875666e+03,3.500304e+02,-3.035647e+03,911.441,-3058.66
31.57200,8.519313e+02,-2.937931e+03,3.453573e+02,-3.067762e+03,951.394,-3090.84
31.57300,8.453133e+02,-2.992281e+03,3.391715e+02,-3.092317e+03,989.902,-3115.42
31.57400,8.371347e+02,-3.043197e+03,3.313225e+02,-3.113266e+03,1028.02,-3136.36
31.57500,8.272380e+02,-3.085599e+03,3.218888e+02,-3.126214e+03,1064.7,-3149.26
31.57600,8.161347e+02,-3.123383e+03,3.113913e+02,-3.134592e+03,1100.2,-3157.57
31.57700,8.043547e+02,-3.155748e+03,2.999093e+02,-3.138053e+03,1134.37,-3160.94
31.57800,7.911233e+02,-3.185347e+03,2.873422e+02,-3.138495e+03,1167.88,-3161.29
31.57900,7.778313e+02,-3.211886e+03,2.745179e+02,-3.136268e+03,1199.75,-3158.96
31.58000,7.634080e+02,-3.234089e+03,2.606162e+02,-3.129793e+03,1229.91,-3152.39
31.58100,7.491253e+02,-3.254131e+03,2.467949e+02,-3.121391e+03,1258.93,-3143.9
31.58200,7.344913e+02,-3.272351e+03,2.328143e+02,-3.111027e+03,1285.97,-3133.46
31.58300,7.205707e+02,-3.291320e+03,2.191790e+02,-3.101580e+03,1312.16,-3123.96
31.58400,7.065713e+02,-3.305901e+03,2.054331e+02,-3.088314e+03,1336.16,-3110.66
31.58500,6.928173e+02,-3.323147e+03,1.920128e+02,-3.076922e+03,1359.18,-3099.26
31.58600,6.796173e+02,-3.337929e+03,1.790935e+02,-3.064024e+03,1379.89,-3086.37
31.58700,6.669500e+02,-3.352914e+03,1.665299e+02,-3.051090e+03,1399.99,-3073.47
31.58800,6.546923e+02,-3.364017e+03,1.543933e+02,-3.034138e+03,1414.75,-3056.58
31.58900,6.425976e+02,-3.375356e+03,1.423427e+02,-3.017979e+03,1429.87,-3040.49
31.59000,6.321061e+02,-3.388072e+03,1.317839e+02,-3.003502e+03,1443.63,-3026.11
31.59100,6.219403e+02,-3.400317e+03,1.216264e+02,-2.988579e+03,1454.93,-3011.3
31.59200,6.135953e+02,-3.413777e+03,1.131259e+02,-2.975271e+03,1463.92,-2998.14
31.59300,6.049218e+02,-3.421373e+03,1.043935e+02,-2.956333e+03,1470.66,-2979.37
31.59400,5.967608e+02,-3.422415e+03,9.614720e+01,-2.931287e+03,1470.94,-2954.49
31.59500,5.894922e+02,-3.429369e+03,8.863440e+01,-2.912355e+03,1475.3,-2935.72
31.59600,5.829101e+02,-3.432053e+03,8.186827e+01,-2.889700e+03,1475.52,-2913.22
31.59700,5.772987e+02,-3.437065e+03,7.604907e+01,-2.869554e+03,1475.94,-2893.22
31.59800,5.726743e+02,-3.438062e+03,7.120127e+01,-2.846015e+03,1472.61,-2869.83
31.59900,5.670426e+02,-3.433127e+03,6.546194e+01,-2.817345e+03,1467.52,-2841.31
31.60000,5.622873e+02,-3.433335e+03,6.058055e+01,-2.793973e+03,1463.25,-2818.07
31.60100,5.577743e+02,-3.427393e+03,5.604817e+01,-2.765272e+03,1455.57,-2789.48
31.60200,5.537198e+02,-3.418809e+03,5.191681e+01,-2.734327e+03,1445.57,-2758.62
31.60300,5.500707e+02,-3.407449e+03,4.828928e+01,-2.701333e+03,1433.71,-2725.69
31.60400,5.465368e+02,-3.392413e+03,4.468727e+01,-2.665596e+03,1420.65,-2689.98
31.60500,5.424553e+02,-3.372753e+03,4.079459e+01,-2.625869e+03,1405.57,-2650.25
31.60600,5.414892e+02,-3.360450e+03,3.987293e+01,-2.593517e+03,1388.9,-2617.86
31.60700,5.383785e+02,-3.334034e+03,3.697251e+01,-2.548707e+03,1370.09,-2572.98
31.60800,5.351563e+02,-3.304235e+03,3.414427e+01,-2.501285e+03,1349.84,-2525.44
31.60900,5.330010e+02,-3.273405e+03,3.226127e+01,-2.453369e+03,1327.18,-2477.37
31.61000,5.304547e+02,-3.235109e+03,3.017350e+01,-2.399283e+03,1302.69,-2423.07
31.61100,5.280437e+02,-3.194098e+03,2.826347e+01,-2.343163e+03,1276.93,-2366.69
31.61200,5.261399e+02,-3.149691e+03,2.678074e+01,-2.284685e+03,1249.71,-2307.89
31.61300,5.239315e+02,-3.098181e+03,2.513336e+01,-2.220186e+03,1220.19,-2243.01
31.61400,5.216493e+02,-3.041925e+03,2.346606e+01,-2.151995e+03,1189.69,-2174.38
31.61500,5.195158e+02,-2.981139e+03,2.197844e+01,-2.080430e+03,1157.76,-2102.3
31.61600,5.173308e+02,-2.913471e+03,2.045099e+01,-2.003194e+03,1124.17,-2024.48
31.61700,5.152029e+02,-2.839845e+03,1.901538e+01,-1.921354e+03,1089.35,-1941.99
31.61800,5.132963e+02,-2.761890e+03,1.787083e+01,-1.836207e+03,1053.37,-1856.12
31.61900,5.115315e+02,-2.676676e+03,1.676970e+01,-1.745231e+03,1016.13,-1764.35
31.62000,5.098795e+02,-2.585645e+03,1.584658e+01,-1.649636e+03,977.565,-1667.9
31.62100,5.087080e+02,-2.488761e+03,1.538779e+01,-1.549682e+03,938.231,-1567.02
31.62200,5.079178e+02,-2.385875e+03,1.522521e+01,-1.444867e+03,897.764,-1461.22
31.62300,5.077229e+02,-2.278026e+03,1.566183e+01,-1.336505e+03,856.375,-1351.8
31.62400,5.080787e+02,-2.164368e+03,1.662279e+01,-1.223659e+03,814.182,-1237.85
31.62500,5.085637e+02,-2.041091e+03,1.769886e+01,-1.102886e+03,771.032,-1115.92
31.62600,5.101603e+02,-1.915303e+03,1.979605e+01,-9.808120e+02,727.368,-992.63
31.62700,5.124866e+02,-1.783861e+03,2.260129e+01,-8.544700e+02,683.013,-865.033
31.62800,5.157159e+02,-1.647754e+03,2.621957e+01,-7.249373e+02,638.384,-734.206
31.62900,5.198432e+02,-1.505166e+03,3.071383e+01,-5.903071e+02,592.576,-598.249
31.63000,5.250445e+02,-1.361463e+03,3.608747e+01,-4.557916e+02,546.626,-462.374
31.63100,5.310293e+02,-1.212149e+03,4.226805e+01,-3.170545e+02,500.114,-322.253
31.63200,5.383388e+02,-1.054179e+03,4.961887e+01,-1.715395e+02,453.017,-175.342
31.63300,5.463816e+02,-8.979500e+02,5.773211e+01,-2.842405e+01,405.633,-30.826
31.63400,5.555540e+02,-7.376793e+02,6.678440e+01,1.171317e+02,357.877,116.136
31.63500,5.658601e+02,-5.743397e+02,7.690853e+01,2.644499e+02,309.609,264.859
31.63600,5.770638e+02,-4.102515e+02,8.785780e+01,4.115798e+02,261.502,413.386
31.63700,5.891917e+02,-2.426106e+02,9.968660e+01,5.607971e+02,213.078,563.985
31.63800,6.022064e+02,-7.342373e+01,1.122616e+02,7.101960e+02,163.987,714.745
31.63900,6.160620e+02,9.625920e+01,1.256025e+02,8.593827e+02,114.91,865.268
31.64000,6.307980e+02,2.654855e+02,1.397695e+02,1.006809e+03,66.2469,1014
31.64100,6.454012e+02,4.328231e+02,1.537549e+02,1.151625e+03,17.0162,1160.09
31.64200,6.606427e+02,6.009349e+02,1.684366e+02,1.296051e+03,-32.2097,1305.76
31.64300,6.763093e+02,7.677500e+02,1.834133e+02,1.438263e+03,-81.4007,1449.17
31.64400,6.913007e+02,9.272187e+02,1.976941e+02,1.572715e+03,-130.166,1584.77
31.64500,7.075020e+02,1.091853e+03,2.131965e+02,1.711048e+03,-179.138,1724.21
31.64600,7.235967e+02,1.253075e+03,2.285714e+02,1.845149e+03,-228.091,1859.37
31.64700,7.391673e+02,1.409834e+03,2.433657e+02,1.974207e+03,-276.963,1989.43
31.64800,7.546327e+02,1.562526e+03,2.581169e+02,2.098773e+03,-325.466,2114.94
31.64900,7.695673e+02,1.711791e+03,2.724174e+02,2.219089e+03,-373.73,2236.15
31.65000,7.841767e+02,1.857641e+03,2.862846e+02,2.335521e+03,-421.852,2353.43
31.65100,7.981033e+02,1.998541e+03,2.995189e+02,2.446607e+03,-469.379,2465.3
31.65200,8.110673e+02,2.133423e+03,3.119665e+02,2.551365e+03,-516.41,2570.79
31.65300,8.230627e+02,2.263065e+03,3.233639e+02,2.650505e+03,-563.172,2670.61
31.65400,8.344240e+02,2.390645e+03,3.341968e+02,2.746915e+03,-609.409,2767.63
31.65500,8.444700e+02,2.510356e+03,3.437523e+02,2.835337e+03,-654.873,2856.61
31.65600,8.524000e+02,2.620738e+03,3.513556e+02,2.914913e+03,-699.761,2936.69
31.65700,8.596620e+02,2.727447e+03,3.582347e+02,2.990299e+03,-743.844,3012.51
31.65800,8.648940e+02,2.827501e+03,3.632707e+02,3.058728e+03,-787.12,3081.32
31.65900,8.690360e+02,2.923161e+03,3.672189e+02,3.122892e+03,-829.792,3145.79
31.66000,8.713100e+02,3.009878e+03,3.693805e+02,3.178319e+03,-871.772,3201.46
31.66100,8.720440e+02,3.090492e+03,3.701519e+02,3.227555e+03,-912.246,3250.88
31.66200,8.709220e+02,3.162708e+03,3.690539e+02,3.268551e+03,-952.119,3292
31.66300,8.679013e+02,3.228638e+03,3.661726e+02,3.303544e+03,-990.791,3327.06
31.66400,8.634000e+02,3.288138e+03,3.618825e+02,3.332218e+03,-1028.3,3355.75
31.66500,8.572040e+02,3.342736e+03,3.559413e+02,3.356266e+03,-1065.52,3379.76
31.66600,8.493593e+02,3.389105e+03,3.483064e+02,3.372091e+03,-1100.87,3395.5
31.66700,8.395120e+02,3.430289e+03,3.390135e+02,3.383238e+03,-1135.43,3406.53
31.66800,8.286233e+02,3.464817e+03,3.284050e+02,3.387993e+03,-1168.61,3411.13
31.66900,8.165347e+02,3.494255e+03,3.166633e+02,3.388068e+03,-1200.74,3411.03
31.67000,8.029340e+02,3.517295e+03,3.035315e+02,3.382049e+03,-1231.07,3404.82
31.67100,7.884493e+02,3.537079e+03,2.894332e+02,3.372929e+03,-1260.59,3395.49
31.67200,7.733507e+02,3.551785e+03,2.747585e+02,3.359225e+03,-1288.32,3381.56
31.67300,7.576007e+02,3.565113e+03,2.593481e+02,3.344248e+03,-1314.62,3366.37
31.67400,7.414413e+02,3.573689e+03,2.436537e+02,3.324971e+03,-1339.61,3346.89
31.67500,7.256793e+02,3.580014e+03,2.281528e+02,3.303533e+03,-1362.14,3325.25
31.67600,7.092600e+02,3.586318e+03,2.118405e+02,3.282549e+03,-1384.88,3304.09
31.67700,6.932547e+02,3.588276e+03,1.962285e+02,3.257364e+03,-1404.58,3278.74
31.67800,6.775447e+02,3.588563e+03,1.806103e+02,3.230855e+03,-1422.5,3252.09
31.67900,6.612747e+02,3.587201e+03,1.644757e+02,3.202570e+03,-1437.94,3223.68
31.68000,6.460253e+02,3.583706e+03,1.493418e+02,3.172910e+03,-1452.05,3193.92
31.68100,6.315299e+02,3.581711e+03,1.349575e+02,3.145027e+03,-1465.3,3165.96
31.68200,6.183301e+02,3.579167e+03,1.215634e+02,3.116843e+03,-1475.54,3137.72
31.68300,6.048922e+02,3.572027e+03,1.082047e+02,3.084759e+03,-1483.39,3105.63
31.68400,5.925043e+02,3.563908e+03,9.574440e+01,3.051408e+03,-1487.78,3072.3
31.68500,5.803649e+02,3.550943e+03,8.361647e+01,3.013997e+03,-1489.67,3034.91
31.68600,5.694181e+02,3.542217e+03,7.259927e+01,2.981059e+03,-1493.29,3002
31.68700,5.589987e+02,3.530353e+03,6.201872e+01,2.945391e+03,-1493.9,2966.37
31.68800,5.501244e+02,3.518879e+03,5.306157e+01,2.910805e+03,-1493.4,2931.83
31.68900,5.406371e+02,3.497761e+03,4.358646e+01,2.867322e+03,-1487.74,2888.41
31.69000,5.327845e+02,3.486459e+03,3.570801e+01,2.833379e+03,-1484.26,2854.54
31.69100,5.253272e+02,3.469703e+03,2.821721e+01,2.795071e+03,-1478.34,2816.3
31.69200,5.187575e+02,3.453270e+03,2.167079e+01,2.757248e+03,-1470.34,2778.54
31.69300,5.124175e+02,3.432945e+03,1.535943e+01,2.716247e+03,-1460.35,2737.6
31.69400,5.066389e+02,3.410459e+03,9.612900e+00,2.674023e+03,-1449.23,2695.43
31.69500,5.017719e+02,3.385278e+03,4.849369e+00,2.629319e+03,-1435,2650.77
31.69600,4.970735e+02,3.358661e+03,3.047011e-01,2.584059e+03,-1420.58,2605.54
31.69700,4.931901e+02,3.329879e+03,-3.446552e+00,2.537264e+03,-1403.63,2558.75
31.69800,4.897500e+02,3.297999e+03,-6.692160e+00,2.488079e+03,-1384.97,2509.55
31.69900,4.885041e+02,3.272915e+03,-7.784607e+00,2.445679e+03,-1364.94,2467.12
31.70000,4.856267e+02,3.233770e+03,-1.026595e+01,2.390862e+03,-1342.67,2412.23
31.70100,4.838460e+02,3.192321e+03,-1.174478e+01,2.334635e+03,-1318.91,2355.91
31.70200,4.827327e+02,3.151295e+03,-1.258335e+01,2.279175e+03,-1293.41,2300.32
31.70300,4.818239e+02,3.105133e+03,-1.315842e+01,2.219638e+03,-1266.53,2240.61
31.70400,4.814355e+02,3.056349e+03,-1.309849e+01,2.158467e+03,-1238.07,2179.21
31.70500,4.812914e+02,3.002538e+03,-1.290616e+01,2.093229e+03,-1208.04,2113.7
31.70600,4.815391e+02,2.945196e+03,-1.219784e+01,2.025447e+03,-1176.59,2045.58
31.70700,4.821095e+02,2.886457e+03,-1.121621e+01,1.957085e+03,-1144.44,1976.82
31.70800,4.829109e+02,2.819778e+03,-1.000762e+01,1.881988e+03,-1110.06,1901.25
31.70900,4.840294e+02,2.750116e+03,-8.408847e+00,1.805075e+03,-1074.79,1823.8
31.71000,4.854022e+02,2.674966e+03,-6.608949e+00,1.723691e+03,-1038.13,1741.8
31.71100,4.872297e+02,2.594497e+03,-4.384048e+00,1.638467e+03,-1000.52,1655.88
31.71200,4.893523e+02,2.509440e+03,-1.848661e+00,1.549721e+03,-961.838,1566.36
31.71300,4.918377e+02,2.418423e+03,9.325993e-01,1.456239e+03,-921.947,1472.04
31.71400,4.946333e+02,2.321946e+03,4.117020e+00,1.358583e+03,-881.109,1373.46
31.71500,4.981090e+02,2.220917e+03,7.840333e+00,1.257813e+03,-839.788,1271.69
31.71600,5.016536e+02,2.111743e+03,1.172277e+01,1.150116e+03,-797.019,1162.92
31.71700,5.059513e+02,1.999542e+03,1.622074e+01,1.040811e+03,-753.943,1052.48
31.71800,5.111883e+02,1.882050e+03,2.155202e+01,9.273700e+02,-709.601,937.834
31.71900,5.167898e+02,1.758114e+03,2.725651e+01,8.091793e+02,-665.294,818.385
31.72000,5.231697e+02,1.630039e+03,3.368145e+01,6.879580e+02,-620.078,695.856
31.72100,5.295628e+02,1.490647e+03,4.007689e+01,5.574268e+02,-574.769,563.972
31.72200,5.374701e+02,1.352601e+03,4.785998e+01,4.291051e+02,-528.729,434.259
31.72300,5.460257e+02,1.208562e+03,5.624845e+01,2.963397e+02,-482.349,300.074
31.72400,5.553946e+02,1.060097e+03,6.533805e+01,1.603433e+02,-435.278,162.638
31.72500,5.655123e+02,9.083980e+02,7.513733e+01,2.251327e+01,-388.065,23.3551
31.72600,5.766573e+02,7.531220e+02,8.581293e+01,-1.175863e+02,-340.591,-118.201
31.72700,5.885801e+02,5.920937e+02,9.723940e+01,-2.619067e+02,-292.616,-263.968
31.72800,6.010931e+02,4.323563e+02,1.091800e+02,-4.040711e+02,-244.792,-407.562
31.72900,6.143942e+02,2.694763e+02,1.218104e+02,-5.481275e+02,-196.563,-553.025
31.73000,6.284381e+02,1.045377e+02,1.351367e+02,-6.929287e+02,-148.024,-699.201
31.73100,6.431228e+02,-6.212815e+01,1.490783e+02,-8.383367e+02,-99.4631,-845.942
31.73200,6.582676e+02,-2.282045e+02,1.634455e+02,-9.821233e+02,-50.8842,-991.016
31.73300,6.740153e+02,-3.957495e+02,1.783152e+02,-1.126317e+03,-2.10138,-1136.45
31.73400,6.900833e+02,-5.614505e+02,1.934975e+02,-1.267781e+03,46.4196,-1279.1
31.73500,7.050967e+02,-7.207847e+02,2.076250e+02,-1.402349e+03,94.911,-1414.8
31.73600,7.207360e+02,-8.824000e+02,2.223631e+02,-1.538247e+03,143.698,-1551.78
31.73700,7.363413e+02,-1.041594e+03,2.370946e+02,-1.670805e+03,192.261,-1685.36
31.73800,7.505393e+02,-1.192321e+03,2.504424e+02,-1.794762e+03,240.433,-1810.28
31.73900,7.653020e+02,-1.344186e+03,2.643500e+02,-1.918857e+03,288.802,-1935.27
31.74000,7.796307e+02,-1.492931e+03,2.777536e+02,-2.038973e+03,337.024,-2056.23
31.74100,7.929727e+02,-1.637049e+03,2.903463e+02,-2.154191e+03,384.781,-2172.23
31.74200,8.056260e+02,-1.775180e+03,3.022536e+02,-2.263116e+03,432.138,-2281.88
31.74300,8.173727e+02,-1.908835e+03,3.132081e+02,-2.367034e+03,479.722,-2386.47
31.74400,8.277507e+02,-2.035817e+03,3.229910e+02,-2.464085e+03,526.317,-2484.14
31.74500,8.369753e+02,-2.156574e+03,3.316689e+02,-2.554763e+03,572.707,-2575.37
31.74600,8.448853e+02,-2.270779e+03,3.391333e+02,-2.638661e+03,617.991,-2659.77
31.74700,8.513927e+02,-2.379149e+03,3.451620e+02,-2.716688e+03,663.4,-2738.24
31.74800,8.567140e+02,-2.482999e+03,3.501821e+02,-2.789714e+03,708.068,-2811.65
31.74900,8.600880e+02,-2.577856e+03,3.533758e+02,-2.854031e+03,751.665,-2876.29
31.75000,8.614260e+02,-2.665249e+03,3.545430e+02,-2.910859e+03,794.614,-2933.39
31.75100,8.612773e+02,-2.744623e+03,3.544726e+02,-2.959948e+03,836.372,-2982.7
31.75200,8.594980e+02,-2.821096e+03,3.527001e+02,-3.005775e+03,878.532,-3028.68
31.75300,8.560580e+02,-2.887412e+03,3.493069e+02,-3.041834e+03,918.729,-3064.85
31.75400,8.511167e+02,-2.950037e+03,3.445745e+02,-3.074113e+03,958.638,-3097.19
31.75500,8.438600e+02,-3.001913e+03,3.377169e+02,-3.096433e+03,997.064,-3119.53
31.75600,8.352087e+02,-3.049499e+03,3.294732e+02,-3.114247e+03,1034.49,-3137.32
31.75700,8.255027e+02,-3.092913e+03,3.201765e+02,-3.127984e+03,1071.01,-3151.01
31.75800,8.140100e+02,-3.129819e+03,3.092982e+02,-3.135711e+03,1106.68,-3158.66
31.75900,8.018927e+02,-3.160969e+03,2.975429e+02,-3.137896e+03,1140.57,-3160.76
31.76000,7.887407e+02,-3.190842e+03,2.850547e+02,-3.138673e+03,1173.99,-3161.44
31.76100,7.753553e+02,-3.216234e+03,2.721163e+02,-3.135359e+03,1205.36,-3158.03
31.76200,7.608893e+02,-3.237887e+03,2.582077e+02,-3.128406e+03,1235.22,-3150.98
31.76300,7.464320e+02,-3.257801e+03,2.441642e+02,-3.119804e+03,1264.19,-3142.29
31.76400,7.318080e+02,-3.275463e+03,2.301977e+02,-3.108896e+03,1290.88,-3131.31
31.76500,7.178407e+02,-3.294068e+03,2.164676e+02,-3.099101e+03,1316.78,-3121.46
31.76600,7.040027e+02,-3.309595e+03,2.029903e+02,-3.086569e+03,1340.74,-3108.9
31.76700,6.904813e+02,-3.325045e+03,1.898225e+02,-3.073744e+03,1362.63,-3096.07
31.76800,6.772800e+02,-3.341025e+03,1.767254e+02,-3.061955e+03,1384.17,-3084.3
31.76900,6.646951e+02,-3.352971e+03,1.643076e+02,-3.046171e+03,1401.89,-3068.55
31.77000,6.524925e+02,-3.365953e+03,1.522115e+02,-3.031076e+03,1417.5,-3053.52
31.77100,6.407342e+02,-3.378129e+03,1.404294e+02,-3.015662e+03,1432.71,-3038.18
31.77200,6.299269e+02,-3.388094e+03,1.295807e+02,-2.998829e+03,1445.47,-3021.45
31.77300,6.201987e+02,-3.403231e+03,1.198819e+02,-2.986505e+03,1457.11,-3009.24
31.77400,6.119179e+02,-3.415721e+03,1.114281e+02,-2.972405e+03,1465.95,-2995.3
31.77500,6.035338e+02,-3.420381e+03,1.030052e+02,-2.950595e+03,1470.04,-2973.66
31.77600,5.953230e+02,-3.424959e+03,9.468513e+01,-2.928956e+03,1472.56,-2952.18
31.77700,5.883116e+02,-3.429659e+03,8.734833e+01,-2.908056e+03,1475.53,-2931.44
31.77800,5.818831e+02,-3.433735e+03,8.085773e+01,-2.886706e+03,1476.02,-2910.25
31.77900,5.764651e+02,-3.436473e+03,7.514893e+01,-2.864619e+03,1475.58,-2888.31
31.78000,5.716951e+02,-3.437841e+03,7.019773e+01,-2.841393e+03,1471.9,-2865.23
31.78100,5.662458e+02,-3.434318e+03,6.464127e+01,-2.814139e+03,1467.16,-2838.12
31.78200,5.615239e+02,-3.432012e+03,5.979962e+01,-2.788468e+03,1461.88,-2812.58
31.78300,5.567953e+02,-3.425059e+03,5.504321e+01,-2.758877e+03,1453.76,-2783.1
31.78400,5.530192e+02,-3.417003e+03,5.115749e+01,-2.728565e+03,1443.54,-2752.87
31.78500,5.492320e+02,-3.405007e+03,4.743929e+01,-2.694987e+03,1431.71,-2719.35
31.78600,5.458879e+02,-3.389615e+03,4.411151e+01,-2.658982e+03,1418,-2683.36
31.78700,5.425339e+02,-3.371603e+03,4.083857e+01,-2.620881e+03,1402.55,-2645.25
31.78800,5.409560e+02,-3.355666e+03,3.933287e+01,-2.585247e+03,1385.28,-2609.58
31.78900,5.376413e+02,-3.328913e+03,3.628592e+01,-2.540259e+03,1366.49,-2564.5
31.79000,5.348542e+02,-3.299468e+03,3.388027e+01,-2.493257e+03,1346.01,-2517.38
31.79100,5.325684e+02,-3.267208e+03,3.193159e+01,-2.444148e+03,1322.97,-2468.11
31.79200,5.301080e+02,-3.228284e+03,2.989827e+01,-2.389596e+03,1298.15,-2413.34
31.79300,5.280167e+02,-3.187147e+03,2.828723e+01,-2.333480e+03,1271.99,-2356.95
31.79400,5.256575e+02,-3.141043e+03,2.643112e+01,-2.273498e+03,1244.61,-2296.64
31.79500,5.237059e+02,-3.089773e+03,2.499181e+01,-2.209363e+03,1214.83,-2232.11
31.79600,5.213541e+02,-3.031775e+03,2.323542e+01,-2.139713e+03,1184,-2162
31.79700,5.190966e+02,-2.968854e+03,2.169560e+01,-2.066293e+03,1151.63,-2088.06
31.79800,5.168118e+02,-2.899504e+03,2.006770e+01,-1.987734e+03,1117.79,-2008.91
31.79900,5.150455e+02,-2.826097e+03,1.893965e+01,-1.906226e+03,1082.81,-1926.73
31.80000,5.129571e+02,-2.746257e+03,1.763914e+01,-1.819379e+03,1046.46,-1839.15
31.80100,5.112899e+02,-2.661217e+03,1.666285e+01,-1.728811e+03,1009.41,-1747.78
31.80200,5.096073e+02,-2.569132e+03,1.566145e+01,-1.632322e+03,970.693,-1650.42
31.80300,5.085242e+02,-2.470418e+03,1.528621e+01,-1.530841e+03,930.899,-1548
31.80400,5.077956e+02,-2.366717e+03,1.519837e+01,-1.425381e+03,890.22,-1441.54
31.80500,5.078073e+02,-2.257810e+03,1.583561e+01,-1.316343e+03,848.743,-1331.44
31.80600,5.080116e+02,-2.141639e+03,1.665343e+01,-1.201343e+03,806.441,-1215.33
31.80700,5.088446e+02,-2.018523e+03,1.806109e+01,-1.080913e+03,763.156,-1093.73
31.80800,5.105146e+02,-1.891723e+03,2.022610e+01,-9.580507e+02,719.406,-969.645
31.80900,5.129929e+02,-1.759036e+03,2.318652e+01,-8.307667e+02,674.688,-841.099
31.81000,5.163412e+02,-1.622017e+03,2.693521e+01,-7.004840e+02,630.024,-709.516
31.81100,5.206539e+02,-1.479203e+03,3.157031e+01,-5.658521e+02,584.093,-573.552
31.81200,5.260570e+02,-1.334649e+03,3.715333e+01,-4.307803e+02,538.329,-437.116
31.81300,5.322533e+02,-1.182535e+03,4.351667e+01,-2.896249e+02,491.371,-294.573
31.81400,5.396283e+02,-1.025145e+03,5.094909e+01,-1.447962e+02,444.215,-148.349
31.81500,5.479360e+02,-8.681207e+02,5.929899e+01,-1.244621e+00,396.691,-3.39599
31.81600,5.573009e+02,-7.081760e+02,6.848020e+01,1.438215e+02,349.255,143.076
31.81700,5.677727e+02,-5.445219e+02,7.878600e+01,2.913431e+02,300.961,292.001
31.81800,5.791416e+02,-3.801081e+02,8.988687e+01,4.384995e+02,252.765,440.552
31.81900,5.913997e+02,-2.110593e+02,1.018503e+02,5.888590e+02,203.871,592.288
31.82000,6.045900e+02,-4.263440e+01,1.145817e+02,7.374087e+02,155.183,742.194
31.82100,6.186251e+02,1.268286e+02,1.280452e+02,8.860780e+02,106.213,892.195
31.82200,6.334299e+02,2.954589e+02,1.422862e+02,1.032774e+03,57.3789,1040.19
31.82300,6.484413e+02,4.653912e+02,1.567043e+02,1.179782e+03,7.96932,1188.47
31.82400,6.634741e+02,6.316771e+02,1.711501e+02,1.322326e+03,-41.0219,1332.25
31.82500,6.792527e+02,7.983753e+02,1.861847e+02,1.464215e+03,-90.251,1475.32
31.82600,6.941920e+02,9.580100e+02,2.004405e+02,1.598702e+03,-139.286,1610.95
31.82700,7.104733e+02,1.121794e+03,2.160059e+02,1.736020e+03,-188.123,1749.37
31.82800,7.265187e+02,1.281549e+03,2.313757e+02,1.868722e+03,-237.097,1883.12
31.82900,7.422067e+02,1.439142e+03,2.462183e+02,1.998233e+03,-285.893,2013.62
31.83000,7.572353e+02,1.589601e+03,2.605894e+02,2.120633e+03,-334.141,2136.96
31.83100,7.723887e+02,1.739451e+03,2.750651e+02,2.241390e+03,-382.606,2258.6
31.83200,7.868127e+02,1.884188e+03,2.887731e+02,2.356573e+03,-430.516,2374.62
31.83300,8.005480e+02,2.023909e+03,3.018863e+02,2.466449e+03,-477.99,2485.27
31.83400,8.133747e+02,2.157674e+03,3.141913e+02,2.570084e+03,-524.807,2589.62
31.83500,8.251647e+02,2.286161e+03,3.253621e+02,2.668043e+03,-571.454,2688.25
31.83600,8.364233e+02,2.413621e+03,3.360059e+02,2.764162e+03,-617.899,2784.97
31.83700,8.458187e+02,2.529842e+03,3.450459e+02,2.849373e+03,-663.003,2870.73
31.83800,8.540027e+02,2.640819e+03,3.528873e+02,2.929295e+03,-707.707,2951.14
31.83900,8.605740e+02,2.746809e+03,3.590580e+02,3.003847e+03,-751.924,3026.12
31.84000,8.657553e+02,2.845921e+03,3.640485e+02,3.071201e+03,-794.668,3093.84
31.84100,8.696407e+02,2.940510e+03,3.678991e+02,3.134446e+03,-837.639,3157.38
31.84200,8.715927e+02,3.025440e+03,3.696103e+02,3.188054e+03,-879.31,3211.22
31.84300,8.719760e+02,3.104201e+03,3.701071e+02,3.235522e+03,-919.611,3258.86
31.84400,8.706793e+02,3.176285e+03,3.688363e+02,3.276397e+03,-959.28,3299.85
31.84500,8.672640e+02,3.240220e+03,3.655499e+02,3.309348e+03,-997.789,3332.86
31.84600,8.624053e+02,3.298747e+03,3.608961e+02,3.337055e+03,-1034.87,3360.57
31.84700,8.561073e+02,3.352411e+03,3.548867e+02,3.360384e+03,-1072.28,3383.85
31.84800,8.475927e+02,3.397302e+03,3.466951e+02,3.374865e+03,-1107.44,3398.24
31.84900,8.378893e+02,3.437694e+03,3.374094e+02,3.385148e+03,-1141.65,3408.4
31.85000,8.267300e+02,3.470623e+03,3.265418e+02,3.388437e+03,-1174.57,3411.54
31.85100,8.141133e+02,3.499096e+03,3.143308e+02,3.387502e+03,-1206.47,3410.42
31.85200,8.003587e+02,3.522011e+03,3.010349e+02,3.381405e+03,-1236.74,3404.12
31.85300,7.857260e+02,3.540195e+03,2.867750e+02,3.370774e+03,-1265.73,3393.28
31.85400,7.706093e+02,3.554972e+03,2.720883e+02,3.357211e+03,-1293.38,3379.5
31.85500,7.547713e+02,3.566786e+03,2.566449e+02,3.340754e+03,-1319.23,3362.83
31.85600,7.386360e+02,3.575260e+03,2.408991e+02,3.321373e+03,-1344.1,3343.24
31.85700,7.226213e+02,3.581756e+03,2.250605e+02,3.300170e+03,-1366.64,3321.85
31.85800,7.062100e+02,3.586116e+03,2.089087e+02,3.277211e+03,-1388.29,3298.71
31.85900,6.904493e+02,3.588822e+03,1.934750e+02,3.252964e+03,-1408.02,3274.3
31.86000,6.744987e+02,3.588437e+03,1.775922e+02,3.225708e+03,-1425.24,3246.91
31.86100,6.584049e+02,3.586333e+03,1.616576e+02,3.196973e+03,-1440.33,3218.06
31.86200,6.432277e+02,3.583488e+03,1.465761e+02,3.167897e+03,-1454.75,3188.88
31.86300,6.292262e+02,3.580757e+03,1.324980e+02,3.139353e+03,-1467.07,3160.26
31.86400,6.157985e+02,3.577505e+03,1.190771e+02,3.110538e+03,-1476.42,3131.41
31.86500,6.025534e+02,3.571436e+03,1.058755e+02,3.079519e+03,-1485.04,3100.39
31.86600,5.903051e+02,3.561710e+03,9.356873e+01,3.044685e+03,-1488.13,3065.58
31.86700,5.786466e+02,3.549132e+03,8.186553e+01,3.007954e+03,-1490.66,3028.86
31.86800,5.674637e+02,3.539480e+03,7.057867e+01,2.973933e+03,-1493.23,2994.87
31.86900,5.573533e+02,3.528078e+03,6.032295e+01,2.938937e+03,-1493.81,2959.92
31.87000,5.484494e+02,3.516573e+03,5.138136e+01,2.904281e+03,-1492.8,2925.31
31.87100,5.393470e+02,3.496506e+03,4.228834e+01,2.861862e+03,-1487.39,2882.96
31.87200,5.313484e+02,3.484097e+03,3.425159e+01,2.826911e+03,-1483.49,2848.07
31.87300,5.244124e+02,3.468695e+03,2.724395e+01,2.789867e+03,-1477.16,2811.1
31.87400,5.176301e+02,3.449221e+03,2.053039e+01,2.749394e+03,-1468.38,2770.69
31.87500,5.112681e+02,3.428073e+03,1.422839e+01,2.707705e+03,-1458.16,2729.06
31.87600,5.055037e+02,3.406161e+03,8.527027e+00,2.665999e+03,-1446.78,2687.41
31.87700,5.009185e+02,3.378413e+03,4.034624e+00,2.619243e+03,-1432.34,2640.7
31.87800,4.964417e+02,3.354098e+03,-3.317200e-01,2.576044e+03,-1417.32,2597.52
31.87900,4.925075e+02,3.324535e+03,-4.096021e+00,2.528601e+03,-1400.32,2550.09
31.88000,4.892721e+02,3.292491e+03,-7.162153e+00,2.479451e+03,-1381.39,2500.92
31.88100,4.876598e+02,3.264349e+03,-8.566480e+00,2.434335e+03,-1360.99,2455.76
31.88200,4.854719e+02,3.227299e+03,-1.043178e+01,2.381521e+03,-1338.33,2402.87
31.88300,4.836446e+02,3.185253e+03,-1.192085e+01,2.324877e+03,-1314.45,2346.12
31.88400,4.824555e+02,3.142209e+03,-1.278069e+01,2.267667e+03,-1288.55,2288.78
31.88500,4.816753e+02,3.096582e+03,-1.320743e+01,2.208702e+03,-1261.49,2229.63
31.88600,4.814324e+02,3.047277e+03,-1.306540e+01,2.147181e+03,-1232.81,2167.88
31.88700,4.812987e+02,2.992916e+03,-1.285293e+01,2.081546e+03,-1202.54,2101.95
31.88800,4.816679e+02,2.936165e+03,-1.202415e+01,2.014431e+03,-1171.11,2034.49
31.88900,4.822275e+02,2.874227e+03,-1.102542e+01,1.943185e+03,-1138.04,1962.83
31.89000,4.830877e+02,2.807775e+03,-9.714947e+00,1.868552e+03,-1103.75,1887.72
31.89100,4.843039e+02,2.736735e+03,-8.083360e+00,1.790507e+03,-1068.28,1809.12
31.89200,4.856731e+02,2.660949e+03,-6.255483e+00,1.708679e+03,-1031.54,1726.66
31.89300,4.874831e+02,2.579429e+03,-4.042349e+00,1.622513e+03,-993.514,1639.79
31.89400,4.896625e+02,2.493161e+03,-1.451252e+00,1.532816e+03,-954.539,1549.31
31.89500,4.922729e+02,2.401081e+03,1.449928e+00,1.438531e+03,-914.456,1454.17
31.89600,4.952971e+02,2.304415e+03,4.817749e+00,1.341009e+03,-873.847,1355.71
31.89700,4.986612e+02,2.201335e+03,8.467640e+00,1.238287e+03,-831.912,1251.97
31.89800,5.024311e+02,2.091654e+03,1.252984e+01,1.130423e+03,-789.211,1143.03
31.89900,5.069020e+02,1.978128e+03,1.718353e+01,1.020116e+03,-745.843,1031.57
31.90000,5.122161e+02,1.860526e+03,2.261264e+01,9.067073e+02,-701.631,916.948
31.90100,5.179153e+02,1.734797e+03,2.837129e+01,7.870787e+02,-657.043,796.052
31.90200,5.243091e+02,1.605534e+03,3.482164e+01,6.648612e+02,-611.667,672.519
31.90300,5.309341e+02,1.466047e+03,4.143909e+01,5.344425e+02,-566.517,540.74
31.90400,5.389481e+02,1.326250e+03,4.929811e+01,4.047115e+02,-520.196,409.612
31.90500,5.476353e+02,1.181216e+03,5.778957e+01,2.711602e+02,-473.61,274.638
31.90600,5.571873e+02,1.032401e+03,6.704940e+01,1.351012e+02,-426.68,137.137
31.90700,5.674573e+02,8.805520e+02,7.699127e+01,-2.717103e+00,-379.674,-2.13494
31.90800,5.787415e+02,7.232540e+02,8.782013e+01,-1.444924e+02,-331.798,-145.365
31.90900,5.908157e+02,5.631807e+02,9.931380e+01,-2.876669e+02,-283.912,-289.982
31.91000,6.034333e+02,4.024277e+02,1.113852e+02,-4.305955e+02,-235.984,-434.337
31.91100,6.168595e+02,2.394332e+02,1.241502e+02,-5.746123e+02,-187.64,-579.754
31.91200,6.310158e+02,7.419693e+01,1.375629e+02,-7.194253e+02,-139.127,-725.934
31.91300,6.457727e+02,-9.240040e+01,1.515651e+02,-8.646220e+02,-90.6973,-872.456
31.91400,6.610405e+02,-2.592889e+02,1.660835e+02,-1.008977e+03,-42.042,-1018.09
31.91500,6.767753e+02,-4.258169e+02,1.809116e+02,-1.152010e+03,6.67607,-1162.35
31.91600,6.928373e+02,-5.915999e+02,1.960724e+02,-1.293397e+03,55.4531,-1304.91
31.91700,7.079073e+02,-7.506227e+02,2.103062e+02,-1.427593e+03,103.98,-1440.23
31.91800,7.236500e+02,-9.121840e+02,2.250617e+02,-1.563085e+03,152.604,-1576.8
31.91900,7.391313e+02,-1.070778e+03,2.396990e+02,-1.695024e+03,201.249,-1709.74
31.92000,7.534220e+02,-1.220553e+03,2.531748e+02,-1.818031e+03,249.024,-1833.7
31.92100,7.678100e+02,-1.370305e+03,2.666763e+02,-1.939855e+03,297.392,-1956.42
31.92200,7.825540e+02,-1.523403e+03,2.804727e+02,-2.063741e+03,345.967,-2081.14
31.92300,7.953913e+02,-1.663257e+03,2.926353e+02,-2.175107e+03,393.606,-2193.28
31.92400,8.079040e+02,-1.800529e+03,3.043832e+02,-2.283023e+03,440.809,-2301.91
31.92500,8.195707e+02,-1.933108e+03,3.153111e+02,-2.385841e+03,488.19,-2405.38
31.92600,8.295127e+02,-2.058491e+03,3.246462e+02,-2.481265e+03,534.752,-2501.41
31.92700,8.385300e+02,-2.178193e+03,3.331003e+02,-2.570875e+03,581.136,-2591.57
31.92800,8.460267e+02,-2.288870e+03,3.401959e+02,-2.651377e+03,625.774,-2672.56
31.92900,8.524840e+02,-2.398339e+03,3.461903e+02,-2.730215e+03,671.384,-2751.83
31.93000,8.574740e+02,-2.501363e+03,3.509327e+02,-2.802432e+03,716.019,-2824.42
31.93100,8.606180e+02,-2.594741e+03,3.538417e+02,-2.865308e+03,759.49,-2887.61
31.93200,8.616653e+02,-2.682306e+03,3.546959e+02,-2.922086e+03,802.852,-2944.65
31.93300,8.609587e+02,-2.758121e+03,3.540757e+02,-2.967890e+03,843.789,-2990.66
31.93400,8.590500e+02,-2.834199e+03,3.522671e+02,-3.013268e+03,885.961,-3036.19
31.93500,8.552153e+02,-2.899262e+03,3.485727e+02,-3.048313e+03,926.222,-3071.33
31.93600,8.497980e+02,-2.960307e+03,3.434055e+02,-3.078986e+03,965.911,-3102.06
31.93700,8.425133e+02,-3.011424e+03,3.364023e+02,-3.100596e+03,1004.18,-3123.68
31.93800,8.334267e+02,-3.059956e+03,3.277933e+02,-3.119257e+03,1041.79,-3142.31
31.93900,8.236480e+02,-3.100237e+03,3.184561e+02,-3.130117e+03,1077.84,-3153.12
31.94000,8.120740e+02,-3.137046e+03,3.073385e+02,-3.137515e+03,1113.36,-3160.44
31.94100,7.995213e+02,-3.166738e+03,2.952625e+02,-3.138278e+03,1146.57,-3161.11
31.94200,7.864527e+02,-3.196283e+03,2.828763e+02,-3.138825e+03,1179.83,-3161.56
31.94300,7.728727e+02,-3.220671e+03,2.697247e+02,-3.134501e+03,1211.08,-3157.14
31.94400,7.583320e+02,-3.241611e+03,2.557878e+02,-3.126924e+03,1240.5,-3149.47
31.94500,7.439473e+02,-3.262511e+03,2.417414e+02,-3.119317e+03,1269.61,-3141.78
31.94600,7.293867e+02,-3.279944e+03,2.277779e+02,-3.108154e+03,1296.2,-3130.55
31.94700,7.153473e+02,-3.297704e+03,2.140166e+02,-3.097519e+03,1321.45,-3119.87
31.94800,7.014287e+02,-3.313083e+03,2.004412e+02,-3.084739e+03,1344.6,-3107.06
31.94900,6.880607e+02,-3.328342e+03,1.874855e+02,-3.071964e+03,1366.6,-3094.28
31.95000,6.750520e+02,-3.344765e+03,1.744453e+02,-3.060529e+03,1388.28,-3082.87
31.95100,6.625757e+02,-3.356849e+03,1.622215e+02,-3.044726e+03,1404.82,-3067.11
31.95200,6.500718e+02,-3.367664e+03,1.498710e+02,-3.027790e+03,1420.62,-3050.24
31.95300,6.388058e+02,-3.381270e+03,1.385132e+02,-3.013763e+03,1435.73,-3036.29
31.95400,6.281249e+02,-3.391286e+03,1.278025e+02,-2.996843e+03,1447.9,-3019.47
31.95500,6.185128e+02,-3.404155e+03,1.182094e+02,-2.982642e+03,1458.42,-3005.4
31.95600,6.105734e+02,-3.416304e+03,1.100935e+02,-2.968151e+03,1466.35,-2991.07
31.95700,6.020747e+02,-3.420949e+03,1.015223e+02,-2.946314e+03,1470.15,-2969.4
31.95800,5.939127e+02,-3.425981e+03,9.327120e+01,-2.925149e+03,1473.19,-2948.4
31.95900,5.869974e+02,-3.429828e+03,8.605893e+01,-2.903589e+03,1475.51,-2927
31.96000,5.808186e+02,-3.435704e+03,7.974847e+01,-2.883951e+03,1476.57,-2907.51
31.96100,5.755337e+02,-3.436928e+03,7.416093e+01,-2.860472e+03,1475.33,-2884.18
31.96200,5.709199e+02,-3.438328e+03,6.938287e+01,-2.837487e+03,1471.45,-2861.34
31.96300,5.653504e+02,-3.434020e+03,6.371534e+01,-2.809543e+03,1466.29,-2833.55
31.96400,5.607143e+02,-3.431921e+03,5.892902e+01,-2.784156e+03,1460.92,-2808.28
31.96500,5.562459e+02,-3.424773e+03,5.450673e+01,-2.754239e+03,1451.91,-2778.47
31.96600,5.524117e+02,-3.415841e+03,5.052614e+01,-2.723361e+03,1441.72,-2747.67
31.96700,5.487463e+02,-3.403293e+03,4.693328e+01,-2.689517e+03,1429.78,-2713.88
31.96800,5.451737e+02,-3.386939e+03,4.338225e+01,-2.652509e+03,1415.39,-2676.89
31.96900,5.428169e+02,-3.371537e+03,4.109027e+01,-2.616940e+03,1399.63,-2641.3
31.97000,5.403392e+02,-3.350751e+03,3.881556e+01,-2.576890e+03,1381.71,-2601.2
31.97100,5.373283e+02,-3.325715e+03,3.603765e+01,-2.533563e+03,1362.76,-2557.78
31.97200,5.345067e+02,-3.294304e+03,3.357703e+01,-2.484930e+03,1342.08,-2509.02
31.97300,5.320401e+02,-3.260294e+03,3.148413e+01,-2.434226e+03,1318.53,-2458.14
31.97400,5.297593e+02,-3.221229e+03,2.962249e+01,-2.379689e+03,1293.52,-2403.38
31.97500,5.278018e+02,-3.179661e+03,2.814747e+01,-2.323424e+03,1267.19,-2346.84
31.97600,5.252607e+02,-3.131759e+03,2.614564e+01,-2.261739e+03,1239.12,-2284.81
31.97700,5.232134e+02,-3.078995e+03,2.463667e+01,-2.196395e+03,1209.21,-2219.06
31.97800,5.210529e+02,-3.021188e+03,2.302604e+01,-2.127107e+03,1178.34,-2149.3
31.97900,5.186385e+02,-2.956895e+03,2.135590e+01,-2.052493e+03,1145.65,-2074.15
31.98000,5.164013e+02,-2.886503e+03,1.975178e+01,-1.973026e+03,1111.52,-1994.08
31.98100,5.145162e+02,-2.812232e+03,1.859527e+01,-1.890887e+03,1076.31,-1911.26
31.98200,5.126226e+02,-2.731234e+03,1.741823e+01,-1.803211e+03,1039.78,-1822.84
31.98300,5.109575e+02,-2.644841e+03,1.649662e+01,-1.711498e+03,1002.37,-1730.31
31.98400,5.094029e+02,-2.551380e+03,1.555093e+01,-1.613960e+03,963.392,-1631.89
31.98500,5.083756e+02,-2.451695e+03,1.521729e+01,-1.511723e+03,923.502,-1528.71
31.98600,5.076466e+02,-2.346695e+03,1.518053e+01,-1.405256e+03,882.681,-1421.23
31.98700,5.078001e+02,-2.237647e+03,1.593548e+01,-1.296135e+03,841.086,-1311.04
31.98800,5.078114e+02,-2.117837e+03,1.659339e+01,-1.177952e+03,798.433,-1191.73
31.98900,5.091111e+02,-1.995877e+03,1.842451e+01,-1.058845e+03,755.217,-1071.44
31.99000,5.107969e+02,-1.867657e+03,2.061239e+01,-9.348267e+02,711.365,-946.195
31.99100,5.135011e+02,-1.734219e+03,2.375811e+01,-8.071107e+02,666.632,-817.21
31.99200,5.170413e+02,-1.595541e+03,2.768443e+01,-6.754413e+02,621.44,-684.235
31.99300,5.216172e+02,-1.454565e+03,3.253259e+01,-5.427213e+02,575.958,-550.178
31.99400,5.270683e+02,-1.307054e+03,3.818812e+01,-4.050697e+02,529.806,-411.158
31.99500,5.334873e+02,-1.154370e+03,4.474783e+01,-2.636403e+02,482.936,-268.339
31.99600,5.410177e+02,-9.969293e+02,5.235506e+01,-1.188795e+02,435.708,-122.182
31.99700,5.495917e+02,-8.391067e+02,6.090573e+01,2.519705e+01,388.02,23.2961
31.99800,5.590975e+02,-6.780327e+02,7.022573e+01,1.711020e+02,340.463,170.606
31.99900,5.697313e+02,-5.144349e+02,8.068107e+01,3.183436e+02,292.262,319.25
32.00000,5.813045e+02,-3.476267e+02,9.199320e+01,4.674952e+02,243.798,469.792
32.00100,5.937444e+02,-1.804364e+02,1.040715e+02,6.159033e+02,195.178,619.574
32.00200,6.070781e+02,-1.165963e+01,1.169659e+02,7.647373e+02,146.353,769.759
32.00300,6.211975e+02,1.577939e+02,1.304885e+02,9.130887e+02,97.3493,919.436
32.00400,6.360853e+02,3.280001e+02,1.448325e+02,1.061083e+03,48.271,1068.73
32.00500,6.516347e+02,4.986711e+02,1.597284e+02,1.208567e+03,-1.1464,1217.47
32.00600,6.663726e+02,6.623744e+02,1.738999e+02,1.348583e+03,-49.9719,1358.71
32.00700,6.821907e+02,8.292533e+02,1.889905e+02,1.490467e+03,-99.2537,1501.78
32.00800,6.977687e+02,9.909867e+02,2.038386e+02,1.626631e+03,-148.154,1639.08
32.00900,7.134573e+02,1.151517e+03,2.188241e+02,1.760830e+03,-197.121,1774.36
32.01000,7.292647e+02,1.310522e+03,2.339228e+02,1.892590e+03,-245.978,1907.16
32.01100,7.451367e+02,1.468158e+03,2.489919e+02,2.021993e+03,-294.878,2037.55
32.01200,7.602240e+02,1.618819e+03,2.634672e+02,2.144457e+03,-342.992,2160.94
32.01300,7.751373e+02,1.767123e+03,2.776600e+02,2.263624e+03,-391.434,2280.98
32.01400,7.894553e+02,1.910680e+03,2.912989e+02,2.377650e+03,-439.16,2395.83
32.01500,8.030887e+02,2.048879e+03,3.042581e+02,2.485808e+03,-486.334,2504.75
32.01600,8.156520e+02,2.181689e+03,3.163208e+02,2.588530e+03,-533.227,2608.18
32.01700,8.276067e+02,2.312877e+03,3.277119e+02,2.688787e+03,-580.28,2709.1
32.01800,8.382360e+02,2.435671e+03,3.378043e+02,2.780576e+03,-626.222,2801.48
32.01900,8.473480e+02,2.550580e+03,3.465299e+02,2.864527e+03,-671.27,2885.97
32.02000,8.554153e+02,2.661405e+03,3.542408e+02,2.944013e+03,-715.822,2965.93
32.02100,8.616827e+02,2.766262e+03,3.601510e+02,3.017513e+03,-759.775,3039.85
32.02200,8.664127e+02,2.863787e+03,3.647351e+02,3.083462e+03,-802.587,3106.15
32.02300,8.701247e+02,2.956659e+03,3.683481e+02,3.144922e+03,-845.585,3167.89
32.02400,8.716847e+02,3.040195e+03,3.697738e+02,3.197012e+03,-886.727,3220.21
32.02500,8.719500e+02,3.117279e+03,3.700015e+02,3.242839e+03,-926.376,3266.19
32.02600,8.702773e+02,3.188883e+03,3.683916e+02,3.283240e+03,-966.416,3306.69
32.02700,8.667793e+02,3.253589e+03,3.650545e+02,3.316867e+03,-1004.93,3340.37
32.02800,8.614920e+02,3.310069e+03,3.600288e+02,3.342726e+03,-1042.06,3366.22
32.02900,8.547553e+02,3.360664e+03,3.535593e+02,3.363085e+03,-1078.67,3386.53
32.03000,8.458187e+02,3.404409e+03,3.449623e+02,3.376431e+03,-1113.39,3399.78
32.03100,8.360120e+02,3.444375e+03,3.356037e+02,3.386301e+03,-1147.77,3409.52
32.03200,8.245553e+02,3.476050e+03,3.244331e+02,3.388502e+03,-1180.65,3411.56
32.03300,8.118147e+02,3.503965e+03,3.120989e+02,3.387065e+03,-1212.3,3409.94
32.03400,7.979753e+02,3.526761e+03,2.985949e+02,3.380710e+03,-1242.46,3403.38
32.03500,7.830867e+02,3.543021e+03,2.842668e+02,3.368425e+03,-1270.9,3390.88
32.03600,7.679140e+02,3.557770e+03,2.694137e+02,3.354867e+03,-1298.48,3377.11
32.03700,7.519740e+02,3.569562e+03,2.538782e+02,3.338366e+03,-1324.42,3360.39
32.03800,7.357753e+02,3.577350e+03,2.380746e+02,3.318261e+03,-1348.3,3340.08
32.03900,7.198927e+02,3.582583e+03,2.223219e+02,3.296155e+03,-1370.83,3317.79
32.04000,7.031840e+02,3.586487e+03,2.059309e+02,3.272501e+03,-1392.04,3293.96
32.04100,6.878387e+02,3.589829e+03,1.908529e+02,3.249159e+03,-1411.97,3270.46
32.04200,6.714560e+02,3.587862e+03,1.745540e+02,3.220207e+03,-1428.06,3241.38
32.04300,6.557127e+02,3.586069e+03,1.589245e+02,3.191907e+03,-1443.03,3212.96
32.04400,6.408547e+02,3.583087e+03,1.441459e+02,3.162717e+03,-1456.99,3183.68
32.04500,6.260420e+02,3.579070e+03,1.293236e+02,3.132856e+03,-1469.28,3153.75
32.04600,6.132825e+02,3.576275e+03,1.165668e+02,3.104713e+03,-1477.66,3125.57
32.04700,6.005947e+02,3.571869e+03,1.039013e+02,3.075133e+03,-1486.52,3096
32.04800,5.879689e+02,3.558118e+03,9.127960e+01,3.036535e+03,-1487.55,3057.42
32.04900,5.763925e+02,3.547483e+03,7.962820e+01,3.001714e+03,-1491.25,3022.62
32.05000,5.657110e+02,3.537340e+03,6.878760e+01,2.967458e+03,-1493.18,2988.4
32.05100,5.556712e+02,3.526309e+03,5.867103e+01,2.932996e+03,-1494.39,2953.98
32.05200,5.470593e+02,3.512017e+03,5.001260e+01,2.895602e+03,-1491.07,2916.64
32.05300,5.379249e+02,3.494124e+03,4.087787e+01,2.855369e+03,-1486.64,2876.47
32.05400,5.298361e+02,3.481350e+03,3.273675e+01,2.820180e+03,-1482.9,2841.35
32.05500,5.233393e+02,3.464825e+03,2.612217e+01,2.782221e+03,-1475.59,2803.46
32.05600,5.165299e+02,3.445620e+03,1.943099e+01,2.741929e+03,-1466.47,2763.23
32.05700,5.101053e+02,3.423870e+03,1.311564e+01,2.699769e+03,-1456.12,2721.13
32.05800,5.046184e+02,3.402364e+03,7.616780e+00,2.658577e+03,-1444.56,2679.99
32.05900,4.998877e+02,3.374017e+03,3.066453e+00,2.611322e+03,-1430.04,2632.78
32.06000,4.957180e+02,3.348332e+03,-1.080811e+00,2.566945e+03,-1414.04,2588.43
32.06100,4.920000e+02,3.318803e+03,-4.549904e+00,2.519607e+03,-1396.52,2541.09
32.06200,4.885264e+02,3.285360e+03,-7.840393e+00,2.469340e+03,-1377.89,2490.8
32.06300,4.868229e+02,3.256835e+03,-9.265087e+00,2.424003e+03,-1357.32,2445.41
32.06400,4.853112e+02,3.221642e+03,-1.057286e+01,2.372975e+03,-1334.21,2394.3
32.06500,4.833983e+02,3.177793e+03,-1.211003e+01,2.314677e+03,-1309.87,2335.9
32.06600,4.823190e+02,3.134287e+03,-1.284334e+01,2.257221e+03,-1283.66,2278.3
32.06700,4.816684e+02,3.087977e+03,-1.314455e+01,2.197829e+03,-1256.33,2218.72
32.06800,4.812766e+02,3.036845e+03,-1.314301e+01,2.134609e+03,-1227.25,2155.26
32.06900,4.813289e+02,2.982879e+03,-1.273789e+01,2.069531e+03,-1196.87,2089.88
32.07000,4.817269e+02,2.925908e+03,-1.189167e+01,2.002247e+03,-1165.25,2022.24
32.07100,4.824325e+02,2.862356e+03,-1.079342e+01,1.929631e+03,-1131.7,1949.2
32.07200,4.833823e+02,2.795237e+03,-9.365067e+00,1.854661e+03,-1097.3,1873.73
32.07300,4.846028e+02,2.723055e+03,-7.727053e+00,1.775653e+03,-1061.5,1794.16
32.07400,4.860326e+02,2.646554e+03,-5.855160e+00,1.693301e+03,-1024.6,1711.16
32.07500,4.877561e+02,2.564067e+03,-3.666679e+00,1.606334e+03,-986.439,1623.48
32.07600,4.901383e+02,2.476750e+03,-9.722333e-01,1.515931e+03,-947.454,1532.28
32.07700,4.927711e+02,2.383786e+03,1.998907e+00,1.420895e+03,-907.025,1436.36
32.07800,4.957787e+02,2.285381e+03,5.348319e+00,1.321855e+03,-865.891,1336.38
32.07900,4.992176e+02,2.181335e+03,9.085413e+00,1.218482e+03,-824.128,1231.98
32.08000,5.032143e+02,2.071421e+03,1.334753e+01,1.110634e+03,-781.39,1123.03
32.08100,5.078031e+02,1.957038e+03,1.809704e+01,9.996787e+02,-737.905,1010.92
32.08200,5.132413e+02,1.838119e+03,2.363873e+01,8.852367e+02,-693.34,895.253
32.08300,5.189763e+02,1.711815e+03,2.943926e+01,7.652567e+02,-649.083,773.997
32.08400,5.252609e+02,1.578730e+03,3.578303e+01,6.397503e+02,-603.603,647.167
32.08500,5.322952e+02,1.440532e+03,4.278582e+01,5.106754e+02,-558.07,516.725
32.08600,5.404676e+02,1.299941e+03,5.077909e+01,3.803927e+02,-511.693,385.04
32.08700,5.493105e+02,1.153497e+03,5.940119e+01,2.457431e+02,-464.897,248.964
32.08800,5.590047e+02,1.004494e+03,6.881847e+01,1.097468e+02,-418.054,111.523
32.08900,5.694029e+02,8.515660e+02,7.886040e+01,-2.897587e+01,-370.839,-28.6531
32.09000,5.808517e+02,6.952520e+02,8.981240e+01,-1.696195e+02,-323.253,-170.751
32.09100,5.929866e+02,5.342373e+02,1.014060e+02,-3.135419e+02,-275.348,-316.111
32.09200,6.058015e+02,3.724248e+02,1.136506e+02,-4.571649e+02,-227.195,-461.156
32.09300,6.193286e+02,2.090736e+02,1.264723e+02,-6.012941e+02,-178.638,-606.679
32.09400,6.336253e+02,4.335242e+01,1.400794e+02,-7.465247e+02,-130.222,-753.269
32.09500,6.484626e+02,-1.223238e+02,1.540944e+02,-8.905913e+02,-81.7915,-898.651
32.09600,6.637971e+02,-2.897079e+02,1.686670e+02,-1.035247e+03,-33.0554,-1044.58
32.09700,6.795747e+02,-4.555843e+02,1.835215e+02,-1.177443e+03,15.4277,-1187.99
32.09800,6.956220e+02,-6.211691e+02,1.986628e+02,-1.318451e+03,64.3742,-1330.16
32.09900,7.107953e+02,-7.801120e+02,2.130170e+02,-1.452506e+03,112.815,-1465.33
32.10000,7.265687e+02,-9.416013e+02,2.278293e+02,-1.587714e+03,161.357,-1601.6
32.10100,7.419393e+02,-1.099397e+03,2.423343e+02,-1.718727e+03,210.027,-1733.61
32.10200,7.569007e+02,-1.252501e+03,2.564071e+02,-1.844511e+03,258.243,-1860.34
32.10300,7.708367e+02,-1.401026e+03,2.695115e+02,-1.965085e+03,306.549,-1981.8
32.10400,7.852167e+02,-1.550278e+03,2.830145e+02,-2.085299e+03,354.485,-2102.83
32.10500,7.978287e+02,-1.689783e+03,2.949459e+02,-2.196205e+03,402.359,-2214.5
32.10600,8.102093e+02,-1.826291e+03,3.064902e+02,-2.303269e+03,449.853,-2322.27
32.10700,8.213740e+02,-1.957248e+03,3.170140e+02,-2.404561e+03,497.035,-2424.21
32.10800,8.312960e+02,-2.081121e+03,3.263461e+02,-2.498411e+03,543.117,-2518.65
32.10900,8.400507e+02,-2.199572e+03,3.345035e+02,-2.586681e+03,589.433,-2607.45
32.11000,8.472420e+02,-2.309885e+03,3.413633e+02,-2.666763e+03,634.402,-2688.01
32.11100,8.537553e+02,-2.419249e+03,3.473626e+02,-2.745359e+03,679.613,-2767.03
32.11200,8.582400e+02,-2.519623e+03,3.516465e+02,-2.815084e+03,724.093,-2837.12
32.11300,8.609500e+02,-2.611214e+03,3.541307e+02,-2.876130e+03,767.235,-2898.47
32.11400,8.618467e+02,-2.697057e+03,3.549560e+02,-2.931351e+03,810.217,-2953.94
32.11500,8.607980e+02,-2.773296e+03,3.538833e+02,-2.977342e+03,851.707,-3000.13
32.11600,8.586147e+02,-2.846923e+03,3.517955e+02,-3.020441e+03,893.286,-3043.37
32.11700,8.542753e+02,-2.911427e+03,3.476625e+02,-3.054871e+03,933.784,-3077.89
32.11800,8.486060e+02,-2.970245e+03,3.423157e+02,-3.083640e+03,973.053,-3106.7
32.11900,8.411367e+02,-3.020600e+03,3.350120e+02,-3.104293e+03,1011.06,-3127.36
32.12000,8.315060e+02,-3.067076e+03,3.260117e+02,-3.121075e+03,1048.33,-3144.11
32.12100,8.216773e+02,-3.107650e+03,3.165730e+02,-3.132109e+03,1084.37,-3155.09
32.12200,8.100093e+02,-3.143128e+03,3.053441e+02,-3.138330e+03,1119.38,-3161.23
32.12300,7.971180e+02,-3.171842e+03,2.930644e+02,-3.138057e+03,1152.78,-3160.86
32.12400,7.838100e+02,-3.200889e+03,2.803437e+02,-3.138135e+03,1185.72,-3160.84
32.12500,7.702447e+02,-3.225178e+03,2.671980e+02,-3.133704e+03,1216.69,-3156.32
32.12600,7.557393e+02,-3.245781e+03,2.532522e+02,-3.125828e+03,1246.02,-3148.35
32.12700,7.412147e+02,-3.265375e+03,2.391896e+02,-3.116888e+03,1274.51,-3139.33
32.12800,7.269373e+02,-3.283471e+03,2.253437e+02,-3.106412e+03,1301.06,-3128.79
32.12900,7.130180e+02,-3.300215e+03,2.117826e+02,-3.095021e+03,1325.45,-3117.35
32.13000,6.988640e+02,-3.316096e+03,1.979539e+02,-3.082570e+03,1348.97,-3104.88
32.13100,6.857620e+02,-3.331553e+03,1.851791e+02,-3.070124e+03,1370.66,-3092.44
32.13200,6.729627e+02,-3.348537e+03,1.724771e+02,-3.059086e+03,1392.23,-3081.42
32.13300,6.603617e+02,-3.358243e+03,1.600134e+02,-3.041120e+03,1407.47,-3063.5
32.13400,6.478113e+02,-3.369561e+03,1.475711e+02,-3.024599e+03,1423.05,-3047.05
32.13500,6.365835e+02,-3.383799e+03,1.363495e+02,-3.011310e+03,1438.76,-3033.85
32.13600,6.262651e+02,-3.394519e+03,1.260000e+02,-2.995146e+03,1450.72,-3017.79
32.13700,6.173555e+02,-3.407465e+03,1.169547e+02,-2.981047e+03,1459.99,-3003.82
32.13800,6.091307e+02,-3.418754e+03,1.085940e+02,-2.965723e+03,1468.27,-2988.66
32.13900,6.005111e+02,-3.420015e+03,9.992340e+01,-2.940585e+03,1469.69,-2963.7
32.14000,5.926244e+02,-3.427793e+03,9.194773e+01,-2.922294e+03,1474.35,-2945.56
32.14100,5.858534e+02,-3.432328e+03,8.480167e+01,-2.901311e+03,1476.27,-2924.74
32.14200,5.798137e+02,-3.435439e+03,7.869127e+01,-2.879211e+03,1476.44,-2902.79
32.14300,5.747717e+02,-3.436567e+03,7.337187e+01,-2.855552e+03,1474.38,-2879.28
32.14400,5.699529e+02,-3.437127e+03,6.840727e+01,-2.831906e+03,1470.29,-2855.78
32.14500,5.645828e+02,-3.434443e+03,6.288090e+01,-2.805545e+03,1465.53,-2829.56
32.14600,5.598551e+02,-3.430667e+03,5.806533e+01,-2.778731e+03,1459.17,-2802.87
32.14700,5.556076e+02,-3.423306e+03,5.383674e+01,-2.748609e+03,1450.06,-2772.85
32.14800,5.520226e+02,-3.413319e+03,5.014174e+01,-2.716910e+03,1439.35,-2741.23
32.14900,5.481478e+02,-3.400405e+03,4.635543e+01,-2.682772e+03,1427.01,-2707.13
32.15000,5.444401e+02,-3.384255e+03,4.270677e+01,-2.646099e+03,1412.94,-2670.47
32.15100,5.423068e+02,-3.367081e+03,4.063897e+01,-2.608989e+03,1396.39,-2633.34
32.15200,5.396027e+02,-3.345446e+03,3.809790e+01,-2.568219e+03,1378.35,-2592.51
32.15300,5.368451e+02,-3.319201e+03,3.561869e+01,-2.523839e+03,1358.6,-2548.03
32.15400,5.342191e+02,-3.288342e+03,3.333743e+01,-2.475957e+03,1337.84,-2500.02
32.15500,5.314902e+02,-3.252521e+03,3.103360e+01,-2.423563e+03,1313.76,-2447.44
32.15600,5.292289e+02,-3.213877e+03,2.918651e+01,-2.369417e+03,1288.7,-2393.06
32.15700,5.274099e+02,-3.171403e+03,2.778885e+01,-2.312564e+03,1262.3,-2335.91
32.15800,5.249842e+02,-3.122994e+03,2.590327e+01,-2.250550e+03,1233.88,-2273.55
32.15900,5.225879e+02,-3.067579e+03,2.415494e+01,-2.182909e+03,1203.78,-2205.49
32.16000,5.207545e+02,-3.009716e+03,2.283438e+01,-2.113618e+03,1172.14,-2135.72
32.16100,5.183100e+02,-2.944370e+03,2.113283e+01,-2.038227e+03,1139.35,-2059.78
32.16200,5.160463e+02,-2.873602e+03,1.952397e+01,-1.958586e+03,1105.27,-1979.52
32.16300,5.141195e+02,-2.797862e+03,1.836354e+01,-1.875201e+03,1069.69,-1895.44
32.16400,5.122069e+02,-2.715953e+03,1.713945e+01,-1.786785e+03,1033.12,-1806.27
32.16500,5.106567e+02,-2.627949e+03,1.632407e+01,-1.693712e+03,995.192,-1712.37
32.16600,5.091401e+02,-2.533633e+03,1.544215e+01,-1.595597e+03,956.204,-1613.36
32.16700,5.083769e+02,-2.433850e+03,1.527470e+01,-1.493501e+03,916.424,-1510.3
32.16800,5.076255e+02,-2.327025e+03,1.525645e+01,-1.385429e+03,875.009,-1401.21
32.16900,5.078342e+02,-2.217489e+03,1.608475e+01,-1.276030e+03,833.487,-1290.73
32.17000,5.079654e+02,-2.095487e+03,1.684059e+01,-1.156110e+03,790.565,-1169.68
32.17100,5.093021e+02,-1.973035e+03,1.869602e+01,-1.036650e+03,747.34,-1049.03
32.17200,5.111666e+02,-1.843239e+03,2.106983e+01,-9.113080e+02,703.256,-922.45
32.17300,5.140757e+02,-1.709293e+03,2.438593e+01,-7.833967e+02,658.518,-793.263
32.17400,5.177583e+02,-1.568961e+03,2.844217e+01,-6.503448e+02,612.815,-658.899
32.17500,5.225011e+02,-1.427357e+03,3.342515e+01,-5.172729e+02,567.415,-524.485
32.17600,5.280807e+02,-1.279262e+03,3.922109e+01,-3.792091e+02,521.068,-385.049
32.17700,5.347783e+02,-1.126178e+03,4.602649e+01,-2.376317e+02,474.42,-242.08
32.17800,5.425441e+02,-9.686387e+02,5.382394e+01,-9.303547e+01,427.063,-96.0885
32.17900,5.512501e+02,-8.092113e+02,6.255688e+01,5.236576e+01,379.428,50.7148
32.18000,5.608865e+02,-6.482351e+02,7.204133e+01,1.981170e+02,331.675,197.871
32.18100,5.717093e+02,-4.842407e+02,8.263333e+01,3.454882e+02,283.518,346.642
32.18200,5.834616e+02,-3.168701e+02,9.409260e+01,4.949107e+02,234.85,497.452
32.18300,5.960963e+02,-1.500227e+02,1.063158e+02,6.427615e+02,186.607,646.672
32.18400,6.095739e+02,1.914892e+01,1.193381e+02,7.918467e+02,137.497,797.104
32.18500,6.237854e+02,1.889772e+02,1.329813e+02,9.403393e+02,88.3322,946.916
32.18600,6.387618e+02,3.594443e+02,1.473757e+02,1.088367e+03,39.2408,1096.23
32.18700,6.545914e+02,5.305381e+02,1.625449e+02,1.236037e+03,-10.0794,1245.16
32.18800,6.692680e+02,6.927580e+02,1.766481e+02,1.374489e+03,-58.7635,1384.83
32.18900,6.851087e+02,8.596407e+02,1.917644e+02,1.516174e+03,-108.328,1527.68
32.19000,7.010740e+02,1.022687e+03,2.070431e+02,1.653477e+03,-157.036,1666.11
32.19100,7.163400e+02,1.179617e+03,2.215366e+02,1.784099e+03,-205.917,1797.82
32.19200,7.322527e+02,1.341173e+03,2.367290e+02,1.918046e+03,-255.165,1932.79
32.19300,7.477640e+02,1.495084e+03,2.515791e+02,2.044036e+03,-303.551,2059.76
32.19400,7.630587e+02,1.646593e+03,2.661608e+02,2.166904e+03,-352.002,2183.54
32.19500,7.778780e+02,1.794255e+03,2.802689e+02,2.285369e+03,-400.201,2302.87
32.19600,7.920713e+02,1.936776e+03,2.937939e+02,2.398314e+03,-447.767,2416.63
32.19700,8.055780e+02,2.074157e+03,3.066071e+02,2.505483e+03,-494.874,2524.55
32.19800,8.178780e+02,2.205476e+03,3.183975e+02,2.606778e+03,-541.913,2626.55
32.19900,8.298207e+02,2.337503e+03,3.297956e+02,2.707568e+03,-588.891,2727.98
32.20000,8.401247e+02,2.457631e+03,3.396189e+02,2.796798e+03,-634.39,2817.79
32.20100,8.489653e+02,2.572139e+03,3.480377e+02,2.880328e+03,-679.813,2901.85
32.20200,8.567853e+02,2.681255e+03,3.555419e+02,2.958172e+03,-723.842,2980.15
32.20300,8.627167e+02,2.784191e+03,3.611423e+02,3.029613e+03,-767.548,3052
32.20400,8.671920e+02,2.880237e+03,3.654357e+02,3.094101e+03,-810.138,3116.83
32.20500,8.705627e+02,2.972740e+03,3.686705e+02,3.155155e+03,-853.141,3178.16
32.20600,8.719500e+02,3.055475e+03,3.699870e+02,3.206536e+03,-893.896,3229.75
32.20700,8.719480e+02,3.132217e+03,3.700074e+02,3.252124e+03,-934.465,3275.49
32.20800,8.697687e+02,3.201404e+03,3.678745e+02,3.290053e+03,-973.617,3313.51
32.20900,8.658820e+02,3.264917e+03,3.641551e+02,3.322557e+03,-1011.97,3346.05
32.21000,8.605360e+02,3.320076e+03,3.590768e+02,3.347121e+03,-1048.8,3370.6
32.21100,8.533827e+02,3.369915e+03,3.522057e+02,3.366495e+03,-1085.05,3389.91
32.21200,8.441527e+02,3.412530e+03,3.433742e+02,3.378941e+03,-1119.84,3402.25
32.21300,8.338353e+02,3.449769e+03,3.335407e+02,3.386313e+03,-1153.54,3409.49
32.21400,8.224647e+02,3.481872e+03,3.224066e+02,3.388789e+03,-1186.44,3411.8
32.21500,8.094833e+02,3.508276e+03,3.098626e+02,3.386034e+03,-1217.7,3408.86
32.21600,7.954440e+02,3.529742e+03,2.962113e+02,3.378513e+03,-1247.8,3401.14
32.21700,7.803587e+02,3.546162e+03,2.816526e+02,3.366356e+03,-1276.25,3388.76
32.21800,7.649733e+02,3.559686e+03,2.666027e+02,3.351537e+03,-1302.94,3373.73
32.21900,7.488393e+02,3.570146e+03,2.508306e+02,3.333807e+03,-1328.69,3355.79
32.22000,7.330127e+02,3.578019e+03,2.353441e+02,3.313907e+03,-1352.09,3335.69
32.22100,7.169180e+02,3.582952e+03,2.194270e+02,3.291569e+03,-1374.7,3313.16
32.22200,7.002460e+02,3.587431e+03,2.030111e+02,3.268432e+03,-1396.1,3289.85
32.22300,6.850600e+02,3.589761e+03,1.880393e+02,3.244017e+03,-1415.01,3265.29
32.22400,6.683887e+02,3.587692e+03,1.715654e+02,3.215165e+03,-1430.94,3236.3
32.22500,6.528869e+02,3.584841e+03,1.561502e+02,3.185873e+03,-1445.4,3206.9
32.22600,6.381943e+02,3.583361e+03,1.414719e+02,3.158120e+03,-1460.11,3179.06
32.22700,6.239095e+02,3.578461e+03,1.271597e+02,3.127709e+03,-1470.8,3148.58
32.22800,6.102418e+02,3.573933e+03,1.135653e+02,3.097843e+03,-1479.26,3118.69
32.22900,5.984210e+02,3.570831e+03,1.016939e+02,3.069583e+03,-1488.02,3090.44
32.23000,5.857803e+02,3.555689e+03,8.905013e+01,3.029603e+03,-1487.92,3050.49
32.23100,5.742445e+02,3.545522e+03,7.745413e+01,2.995370e+03,-1492.06,3016.28
32.23200,5.637479e+02,3.534690e+03,6.683560e+01,2.960459e+03,-1493.14,2981.4
32.23300,5.539940e+02,3.523093e+03,5.703671e+01,2.925631e+03,-1494.05,2946.61
32.23400,5.451825e+02,3.507652e+03,4.811065e+01,2.887077e+03,-1490,2908.12
32.23500,5.366327e+02,3.491214e+03,3.951818e+01,2.848447e+03,-1485.8,2869.55
32.23600,5.285533e+02,3.477837e+03,3.137509e+01,2.812857e+03,-1481.76,2834.04
32.23700,5.219795e+02,3.461032e+03,2.483061e+01,2.774540e+03,-1473.83,2795.79
32.23800,5.153071e+02,3.442677e+03,1.820307e+01,2.735085e+03,-1464.88,2756.4
32.23900,5.091649e+02,3.419295e+03,1.209787e+01,2.691634e+03,-1453.73,2713
32.24000,5.038633e+02,3.398200e+03,6.891973e+00,2.650797e+03,-1442.22,2672.22
32.24100,4.991265e+02,3.369587e+03,2.288839e+00,2.603395e+03,-1427.29,2624.85
32.24200,4.950019e+02,3.343031e+03,-1.764255e+00,2.558340e+03,-1410.97,2579.82
32.24300,4.913991e+02,3.313384e+03,-5.133967e+00,2.510951e+03,-1393.07,2532.42
32.24400,4.887680e+02,3.282481e+03,-7.616733e+00,2.463009e+03,-1373.7,2484.46
32.24500,4.864665e+02,3.250282e+03,-9.587467e+00,2.414560e+03,-1353.32,2435.95
32.24600,4.848570e+02,3.212954e+03,-1.096672e+01,2.361724e+03,-1329.85,2383.03
32.24700,4.832725e+02,3.169355e+03,-1.214599e+01,2.303641e+03,-1304.9,2324.84
32.24800,4.822627e+02,3.125730e+03,-1.290941e+01,2.246186e+03,-1278.65,2267.23
32.24900,4.815607e+02,3.079233e+03,-1.316278e+01,2.186769e+03,-1251.17,2207.62
32.25000,4.812861e+02,3.026981e+03,-1.308613e+01,2.122655e+03,-1221.82,2143.25
32.25100,4.811367e+02,2.971790e+03,-1.282796e+01,2.056527e+03,-1191.22,2076.81
32.25200,4.818850e+02,2.914535e+03,-1.167621e+01,1.989148e+03,-1159.13,2009.06
32.25300,4.824773e+02,2.850471e+03,-1.064349e+01,1.916238e+03,-1125.6,1935.72
32.25400,4.834890e+02,2.782755e+03,-9.177920e+00,1.840729e+03,-1090.86,1859.7
32.25500,4.848826e+02,2.709333e+03,-7.388547e+00,1.760770e+03,-1054.74,1779.16
32.25600,4.863479e+02,2.631555e+03,-5.444903e+00,1.677451e+03,-1017.61,1695.19
32.25700,4.882403e+02,2.548720e+03,-3.158383e+00,1.590353e+03,-979.572,1607.36
32.25800,4.905656e+02,2.460419e+03,-5.097189e-01,1.499115e+03,-940.323,1515.31
32.25900,4.932077e+02,2.366542e+03,2.519945e+00,1.403428e+03,-899.819,1418.73
32.26000,4.963597e+02,2.266853e+03,5.993834e+00,1.303337e+03,-858.369,1317.68
32.26100,4.999142e+02,2.161578e+03,9.803500e+00,1.198950e+03,-816.352,1212.25
32.26200,5.038957e+02,2.050646e+03,1.406700e+01,1.090356e+03,-773.406,1102.55
32.26300,5.086552e+02,1.935963e+03,1.900621e+01,9.792273e+02,-730.036,990.249
32.26400,5.141611e+02,1.814949e+03,2.457664e+01,8.631993e+02,-685.529,872.99
32.26500,5.200962e+02,1.688079e+03,3.054698e+01,7.427380e+02,-640.751,751.243
32.26600,5.264156e+02,1.553447e+03,3.693768e+01,6.160238e+02,-595.388,623.198
32.26700,5.337361e+02,1.414826e+03,4.419776e+01,4.867339e+02,-549.415,492.534
32.26800,5.420053e+02,1.273453e+03,5.228931e+01,3.559234e+02,-503.262,360.317
32.26900,5.509831e+02,1.126293e+03,6.103793e+01,2.207606e+02,-456.357,223.724
32.27000,5.607802e+02,9.771867e+02,7.054300e+01,8.483660e+01,-409.572,86.3543
32.27100,5.713676e+02,8.230093e+02,8.076327e+01,-5.471996e+01,-362.336,-54.6564
32.27200,5.830442e+02,6.642896e+02,9.192220e+01,-1.974045e+02,-314.498,-198.792
32.27300,5.952439e+02,5.043890e+02,1.035233e+02,-3.401129e+02,-266.376,-342.935
32.27400,6.083351e+02,3.420516e+02,1.160767e+02,-4.840498e+02,-218.349,-488.289
32.27500,6.218595e+02,1.796461e+02,1.288477e+02,-6.271185e+02,-169.872,-632.746
32.27600,6.362121e+02,1.474361e+01,1.425075e+02,-7.714207e+02,-121.603,-778.399
32.27700,6.511667e+02,-1.525973e+02,1.566414e+02,-9.168293e+02,-73.0575,-925.114
32.27800,6.665637e+02,-3.208167e+02,1.712976e+02,-1.062149e+03,-23.9637,-1071.69
32.27900,6.823227e+02,-4.856955e+02,1.861623e+02,-1.203193e+03,24.3359,-1213.94
32.28000,6.984280e+02,-6.505891e+02,2.013233e+02,-1.343419e+03,73.1271,-1355.33
32.28100,7.137733e+02,-8.100773e+02,2.157553e+02,-1.477733e+03,121.761,-1490.75
32.28200,7.293787e+02,-9.706460e+02,2.304860e+02,-1.611926e+03,170.238,-1625.99
32.28300,7.447427e+02,-1.128081e+03,2.449442e+02,-1.742442e+03,218.934,-1757.49
32.28400,7.595860e+02,-1.280225e+03,2.589127e+02,-1.867166e+03,267.076,-1883.15
32.28500,7.736620e+02,-1.429990e+03,2.721583e+02,-1.988756e+03,315.6,-2005.61
32.28600,7.872640e+02,-1.574131e+03,2.850069e+02,-2.104346e+03,363.209,-2122.01
32.28700,8.002307e+02,-1.715996e+03,2.971600e+02,-2.216933e+03,411.322,-2235.35
32.28800,8.124700e+02,-1.851303e+03,3.085629e+02,-2.322763e+03,458.663,-2341.88
32.28900,8.231580e+02,-1.979667e+03,3.186122e+02,-2.421420e+03,505.268,-2441.17
32.29000,8.330740e+02,-2.103840e+03,3.279585e+02,-2.515456e+03,551.719,-2535.79
32.29100,8.415387e+02,-2.220782e+03,3.359105e+02,-2.602288e+03,597.638,-2623.14
32.29200,8.487820e+02,-2.332545e+03,3.427418e+02,-2.683662e+03,642.9,-2704.98
32.29300,8.549660e+02,-2.440393e+03,3.485262e+02,-2.760688e+03,688.166,-2782.42
32.29400,8.590007e+02,-2.537971e+03,3.523645e+02,-2.827695e+03,732.012,-2849.78
32.29500,8.611300e+02,-2.626249e+03,3.543229e+02,-2.885672e+03,774.847,-2908.05
32.29600,8.618680e+02,-2.712054e+03,3.549947e+02,-2.940725e+03,817.867,-2963.34
32.29700,8.607120e+02,-2.787899e+03,3.537127e+02,-2.986191e+03,859.489,-3008.99
32.29800,8.581293e+02,-2.859889e+03,3.512680e+02,-3.027813e+03,900.856,-3050.75
32.29900,8.533880e+02,-2.922680e+03,3.468320e+02,-3.060605e+03,940.947,-3083.62
32.30000,8.473847e+02,-2.979753e+03,3.411465e+02,-3.087656e+03,979.881,-3110.71
32.30100,8.396167e+02,-3.029400e+03,3.335788e+02,-3.107543e+03,1017.68,-3130.59
32.30200,8.298160e+02,-3.074837e+03,3.243914e+02,-3.123368e+03,1054.81,-3146.38
32.30300,8.194093e+02,-3.114243e+03,3.144459e+02,-3.133306e+03,1090.95,-3156.26
32.30400,8.077727e+02,-3.148762e+03,3.031398e+02,-3.138591e+03,1125.51,-3161.46
32.30500,7.947487e+02,-3.177522e+03,2.908466e+02,-3.138455e+03,1158.92,-3161.23
32.30600,7.813767e+02,-3.204924e+03,2.779534e+02,-3.136960e+03,1191.21,-3159.64
32.30700,7.675880e+02,-3.229233e+03,2.646336e+02,-3.132473e+03,1222.17,-3155.06
32.30800,7.533447e+02,-3.249862e+03,2.507918e+02,-3.124655e+03,1251.63,-3147.15
32.30900,7.386673e+02,-3.269925e+03,2.367137e+02,-3.116031e+03,1279.65,-3138.45
32.31000,7.244727e+02,-3.287488e+03,2.230074e+02,-3.105213e+03,1305.71,-3127.57
32.31100,7.105367e+02,-3.303751e+03,2.093021e+02,-3.093307e+03,1330.01,-3115.62
32.31200,6.963993e+02,-3.318561e+03,1.955773e+02,-3.079959e+03,1353.15,-3102.26
32.31300,6.833720e+02,-3.335674e+03,1.828554e+02,-3.069114e+03,1374.9,-3091.42
32.31400,6.706560e+02,-3.350774e+03,1.702282e+02,-3.056297e+03,1395.5,-3078.63
32.31500,6.579009e+02,-3.360701e+03,1.575832e+02,-3.038217e+03,1410.39,-3060.6
32.31600,6.456846e+02,-3.372191e+03,1.454115e+02,-3.022144e+03,1426.1,-3044.6
32.31700,6.347133e+02,-3.385059e+03,1.344503e+02,-3.007685e+03,1440.43,-3030.23
32.31800,6.245773e+02,-3.397671e+03,1.242767e+02,-2.993204e+03,1452.86,-3015.86
32.31900,6.158788e+02,-3.409747e+03,1.154534e+02,-2.978423e+03,1461.48,-3001.22
32.32000,6.076786e+02,-3.420506e+03,1.071638e+02,-2.962600e+03,1469.89,-2985.56
32.32100,5.990261e+02,-3.420081e+03,9.842860e+01,-2.935913e+03,1469.89,-2959.05
32.32200,5.915475e+02,-3.430088e+03,9.069893e+01,-2.919717e+03,1475.29,-2943.01
32.32300,5.847463e+02,-3.432961e+03,8.371540e+01,-2.897146e+03,1476.01,-2920.6
32.32400,5.788435e+02,-3.437037e+03,7.764253e+01,-2.875960e+03,1476.36,-2899.56
32.32500,5.740669e+02,-3.437276e+03,7.256600e+01,-2.851847e+03,1473.87,-2875.6
32.32600,5.687329e+02,-3.435137e+03,6.716613e+01,-2.825603e+03,1469.29,-2849.5
32.32700,5.635139e+02,-3.433345e+03,6.182684e+01,-2.800199e+03,1464.42,-2824.24
32.32800,5.588791e+02,-3.429798e+03,5.713003e+01,-2.773519e+03,1457.71,-2797.68
32.32900,5.549379e+02,-3.421845e+03,5.315332e+01,-2.743080e+03,1448.22,-2767.33
32.33000,5.512192e+02,-3.410746e+03,4.934932e+01,-2.710370e+03,1437.08,-2734.69
32.33100,5.475889e+02,-3.398212e+03,4.572226e+01,-2.676741e+03,1424.65,-2701.1
32.33200,5.439336e+02,-3.380711e+03,4.220515e+01,-2.638961e+03,1410.21,-2663.33
32.33300,5.421235e+02,-3.365799e+03,4.045749e+01,-2.603964e+03,1393.62,-2628.3
32.33400,5.391103e+02,-3.340559e+03,3.766319e+01,-2.559961e+03,1374.69,-2584.24
32.33500,5.360939e+02,-3.312207e+03,3.495780e+01,-2.513746e+03,1354.9,-2537.91
32.33600,5.335397e+02,-3.282685e+03,3.276901e+01,-2.466999e+03,1333.63,-2491.03
32.33700,5.311327e+02,-3.247233e+03,3.071489e+01,-2.415263e+03,1309.62,-2439.1
32.33800,5.288196e+02,-3.206365e+03,2.886490e+01,-2.359221e+03,1284.09,-2382.81
32.33900,5.268707e+02,-3.162501e+03,2.735443e+01,-2.301003e+03,1256.99,-2324.29
32.34000,5.245037e+02,-3.113044e+03,2.554807e+01,-2.238257e+03,1228.32,-2261.18
32.34100,5.221288e+02,-3.057465e+03,2.380495e+01,-2.170661e+03,1198.41,-2193.16
32.34200,5.203713e+02,-2.998563e+03,2.257623e+01,-2.100535e+03,1166.33,-2122.54
32.34300,5.179841e+02,-2.931859e+03,2.089194e+01,-2.024033e+03,1133.13,-2045.47
32.34400,5.156839e+02,-2.860599e+03,1.931479e+01,-1.944093e+03,1099.08,-1964.9
32.34500,5.138056e+02,-2.783134e+03,1.816430e+01,-1.859206e+03,1062.91,-1879.31
32.34600,5.119425e+02,-2.700386e+03,1.696747e+01,-1.770156e+03,1026.16,-1789.49
32.34700,5.102843e+02,-2.611575e+03,1.605909e+01,-1.676492e+03,988.365,-1694.99
32.34800,5.090193e+02,-2.516317e+03,1.544897e+01,-1.577637e+03,948.971,-1595.23
32.34900,5.079998e+02,-2.414287e+03,1.509461e+01,-1.473597e+03,908.886,-1490.22
32.35000,5.075853e+02,-2.307381e+03,1.533904e+01,-1.365734e+03,867.571,-1381.32
32.35100,5.080009e+02,-2.196360e+03,1.635389e+01,-1.255089e+03,825.45,-1269.59
32.35200,5.082169e+02,-2.073780e+03,1.716024e+01,-1.134792e+03,782.719,-1148.15
32.35300,5.095403e+02,-1.949970e+03,1.902370e+01,-1.014260e+03,739.423,-1026.42
32.35400,5.117627e+02,-1.819667e+03,2.168925e+01,-8.887653e+02,695.152,-899.679
32.35500,5.145998e+02,-1.684075e+03,2.498187e+01,-7.593547e+02,650.415,-768.986
32.35600,5.185075e+02,-1.543073e+03,2.923958e+01,-6.259083e+02,604.767,-634.224
32.35700,5.234001e+02,-1.400406e+03,3.435628e+01,-4.919969e+02,558.903,-498.964
32.35800,5.291761e+02,-1.252075e+03,4.033889e+01,-3.539364e+02,512.702,-359.528
32.35900,5.360599e+02,-1.096390e+03,4.732655e+01,-2.101584e+02,465.598,-214.357
32.36000,5.439365e+02,-9.392587e+02,5.525529e+01,-6.606559e+01,418.31,-68.8686
32.36100,5.528668e+02,-7.799800e+02,6.409951e+01,7.891633e+01,370.732,77.5153
32.36200,5.628233e+02,-6.184013e+02,7.387780e+01,2.249233e+02,322.965,224.927
32.36300,5.737619e+02,-4.535943e+02,8.461480e+01,3.729953e+02,274.616,374.396
32.36400,5.856204e+02,-2.863601e+02,9.621360e+01,5.220541e+02,226.003,524.839
32.36500,5.984503e+02,-1.185429e+02,1.085754e+02,6.705773e+02,177.375,674.727
32.36600,6.120751e+02,5.059623e+01,1.216957e+02,8.194987e+02,128.312,824.99
32.36700,6.263863e+02,2.191987e+02,1.355086e+02,9.666760e+02,79.6014,973.48
32.36800,6.414519e+02,3.908081e+02,1.499554e+02,1.115598e+03,30.172,1123.68
32.36900,6.573159e+02,5.608321e+02,1.651358e+02,1.262054e+03,-18.977,1271.39
32.37000,6.721313e+02,7.232213e+02,1.794049e+02,1.400491e+03,-67.6874,1411.03
32.37100,6.880167e+02,8.893733e+02,1.945478e+02,1.541284e+03,-117.057,1552.99
32.37200,7.040620e+02,1.052999e+03,2.098841e+02,1.678939e+03,-166.099,1691.76
32.37300,7.194160e+02,1.210008e+03,2.244996e+02,1.809472e+03,-214.827,1823.37
32.37400,7.352980e+02,1.370828e+03,2.396473e+02,1.942474e+03,-263.981,1957.39
32.37500,7.505273e+02,1.522160e+03,2.541938e+02,2.065974e+03,-312.236,2081.86
32.37600,7.658387e+02,1.674354e+03,2.688017e+02,2.189351e+03,-360.765,2206.14
32.37700,7.805847e+02,1.821463e+03,2.828420e+02,2.307193e+03,-409.175,2324.84
32.37800,7.946593e+02,1.963231e+03,2.962387e+02,2.419235e+03,-456.621,2437.68
32.37900,8.079160e+02,2.099681e+03,3.088935e+02,2.525512e+03,-503.661,2544.7
32.38000,8.200440e+02,2.229145e+03,3.204538e+02,2.624840e+03,-550.324,2644.72
32.38100,8.318413e+02,2.360447e+03,3.317402e+02,2.724883e+03,-597.355,2745.39
32.38200,8.421627e+02,2.481004e+03,3.415566e+02,2.814294e+03,-642.751,2835.37
32.38300,8.505673e+02,2.592805e+03,3.495868e+02,2.895335e+03,-687.852,2916.93
32.38400,8.581140e+02,2.700975e+03,3.568481e+02,2.972089e+03,-731.714,2994.14
32.38500,8.637240e+02,2.802173e+03,3.621275e+02,3.041871e+03,-775.489,3064.31
32.38600,8.677340e+02,2.897029e+03,3.660007e+02,3.105367e+03,-818.126,3128.14
32.38700,8.710680e+02,2.988851e+03,3.691276e+02,3.165510e+03,-860.611,3188.54
32.38800,8.722133e+02,3.070349e+03,3.702533e+02,3.215613e+03,-901.246,3238.84
32.38900,8.715433e+02,3.143804e+03,3.695972e+02,3.258001e+03,-941.093,3281.37
32.39000,8.691173e+02,3.213063e+03,3.673201e+02,3.296111e+03,-980.561,3319.56
32.39100,8.649067e+02,3.274665e+03,3.632540e+02,3.326809e+03,-1018.74,3350.29
32.39200,8.594333e+02,3.330442e+03,3.580205e+02,3.351795e+03,-1055.6,3375.25
32.39300,8.518973e+02,3.378897e+03,3.507383e+02,3.369882e+03,-1091.67,3393.27
32.39400,8.422360e+02,3.418899e+03,3.416020e+02,3.379891e+03,-1126,3403.17
32.39500,8.317920e+02,3.456388e+03,3.314879e+02,3.387409e+03,-1159.6,3410.55
32.39600,8.202253e+02,3.487272e+03,3.202465e+02,3.388873e+03,-1192.32,3411.84
32.39700,8.069820e+02,3.512425e+03,3.074059e+02,3.384879e+03,-1223.13,3407.66
32.39800,7.927267e+02,3.533040e+03,2.934876e+02,3.376487e+03,-1253.03,3399.06
32.39900,7.775027e+02,3.548134e+03,2.789040e+02,3.363075e+03,-1281.18,3385.43
32.40000,7.621507e+02,3.562820e+03,2.638388e+02,3.349365e+03,-1307.79,3371.51
32.40100,7.458500e+02,3.572623e+03,2.479501e+02,3.331124e+03,-1333.47,3353.06
32.40200,7.300587e+02,3.578563e+03,2.324168e+02,3.309383e+03,-1356.16,3331.12
32.40300,7.138667e+02,3.584394e+03,2.164308e+02,3.287924e+03,-1378.97,3309.47
32.40400,6.976420e+02,3.587942e+03,2.005577e+02,3.264055e+03,-1399.29,3285.44
32.40500,6.821020e+02,3.589593e+03,1.850577e+02,3.238901e+03,-1418.29,3260.13
32.40600,6.657948e+02,3.587247e+03,1.689497e+02,3.209853e+03,-1433.44,3230.96
32.40700,6.502839e+02,3.585554e+03,1.534952e+02,3.181628e+03,-1448.4,3202.63
32.40800,6.351373e+02,3.580366e+03,1.384781e+02,3.150636e+03,-1461.64,3171.55
32.40900,6.214786e+02,3.578923e+03,1.247196e+02,3.123337e+03,-1472.8,3144.2
32.41000,6.079859e+02,3.573644e+03,1.113263e+02,3.092775e+03,-1481.02,3113.62
32.41100,5.961485e+02,3.568579e+03,9.938233e+01,3.062771e+03,-1488.47,3083.63
32.41200,5.835717e+02,3.553642e+03,8.681873e+01,3.023063e+03,-1488.52,3043.94
32.41300,5.721280e+02,3.543515e+03,7.530653e+01,2.988949e+03,-1492.44,3009.85
32.41400,5.616741e+02,3.532361e+03,6.474714e+01,2.953737e+03,-1493.31,2974.68
32.41500,5.523265e+02,3.520843e+03,5.533383e+01,2.919010e+03,-1493.83,2940
32.41600,5.433313e+02,3.503255e+03,4.623753e+01,2.878581e+03,-1489.16,2899.62
32.41700,5.351480e+02,3.488362e+03,3.804015e+01,2.841454e+03,-1484.86,2862.57
32.41800,5.268825e+02,3.474524e+03,2.976882e+01,2.805675e+03,-1480.97,2826.86
32.41900,5.204576e+02,3.457901e+03,2.331668e+01,2.767443e+03,-1472.46,2788.7
32.42000,5.139721e+02,3.438500e+03,1.688939e+01,2.727209e+03,-1463.27,2748.53
32.42100,5.082165e+02,3.415597e+03,1.110659e+01,2.684431e+03,-1452.07,2705.81
32.42200,5.031203e+02,3.393433e+03,6.101789e+00,2.642390e+03,-1439.36,2663.81
32.42300,4.983447e+02,3.365107e+03,1.553731e+00,2.595480e+03,-1424.58,2616.94
32.42400,4.943669e+02,3.338411e+03,-2.372574e+00,2.550463e+03,-1408.1,2571.94
32.42500,4.908514e+02,3.307019e+03,-5.651594e+00,2.501491e+03,-1389.5,2522.96
32.42600,4.889059e+02,3.279566e+03,-7.500580e+00,2.456809e+03,-1370.16,2478.24
32.42700,4.862605e+02,3.243443e+03,-9.753473e+00,2.404881e+03,-1349.13,2426.26
32.42800,4.842160e+02,3.203252e+03,-1.149631e+01,2.349445e+03,-1325.39,2370.73
32.42900,4.829513e+02,3.162657e+03,-1.242129e+01,2.294186e+03,-1300.44,2315.36
32.43000,4.823560e+02,3.117054e+03,-1.280877e+01,2.235267e+03,-1273.72,2256.28
32.43100,4.814725e+02,3.070452e+03,-1.319305e+01,2.175724e+03,-1246.07,2196.53
32.43200,4.812865e+02,3.017059e+03,-1.302580e+01,2.110613e+03,-1216.15,2131.15
32.43300,4.810627e+02,2.959719e+03,-1.280355e+01,2.042698e+03,-1185.31,2062.92
32.43400,4.820343e+02,2.903140e+03,-1.147427e+01,1.976030e+03,-1153.03,1995.87
32.43500,4.826528e+02,2.838499e+03,-1.039546e+01,1.902725e+03,-1119.37,1922.12
32.43600,4.836830e+02,2.770312e+03,-8.896860e+00,1.826917e+03,-1084.53,1845.79
32.43700,4.849849e+02,2.695920e+03,-7.169000e+00,1.746157e+03,-1048.29,1764.43
32.43800,4.867319e+02,2.617107e+03,-4.995919e+00,1.662058e+03,-1010.54,1679.67
32.43900,4.886519e+02,2.533239e+03,-2.671511e+00,1.574247e+03,-972.515,1591.11
32.44000,4.909662e+02,2.443808e+03,-3.462623e-02,1.481953e+03,-933.001,1497.99
32.44100,4.937619e+02,2.348533e+03,3.125937e+00,1.385207e+03,-892.091,1400.34
32.44200,4.969784e+02,2.248189e+03,6.647203e+00,1.284751e+03,-850.849,1298.91
32.44300,5.005545e+02,2.140933e+03,1.049497e+01,1.178705e+03,-808.462,1191.81
32.44400,5.047881e+02,2.030700e+03,1.494263e+01,1.070976e+03,-765.893,1082.96
32.44500,5.095755e+02,1.913847e+03,1.994429e+01,9.579180e+02,-721.804,968.722
32.44600,5.150579e+02,1.791611e+03,2.550770e+01,8.409733e+02,-677.464,850.536
32.44700,5.211555e+02,1.664110e+03,3.164861e+01,7.199973e+02,-632.403,728.266
32.44800,5.274567e+02,1.526516e+03,3.798204e+01,5.908615e+02,-587.133,597.792
32.44900,5.351337e+02,1.389106e+03,4.556644e+01,4.627619e+02,-540.933,468.312
32.45000,5.435585e+02,1.246584e+03,5.381305e+01,3.311343e+02,-494.611,335.274
32.45100,5.527297e+02,1.099131e+03,6.270989e+01,1.958967e+02,-447.893,198.603
32.45200,5.625601e+02,9.488553e+02,7.227280e+01,5.903551e+01,-400.904,60.2942
32.45300,5.734119e+02,7.943413e+02,8.269073e+01,-8.055400e+01,-353.715,-80.7491
32.45400,5.852431e+02,6.337707e+02,9.401207e+01,-2.247559e+02,-305.632,-226.399
32.45500,5.975415e+02,4.745999e+02,1.057119e+02,-3.666076e+02,-257.631,-369.682
32.45600,6.105799e+02,3.123322e+02,1.181564e+02,-5.103387e+02,-209.432,-514.825
32.45700,6.243530e+02,1.484689e+02,1.311752e+02,-6.545267e+02,-160.902,-660.394
32.45800,6.388782e+02,-1.677043e+01,1.450145e+02,-7.988753e+02,-112.735,-806.085
32.45900,6.538563e+02,-1.829302e+02,1.592078e+02,-9.431447e+02,-63.9192,-951.652
32.46000,6.693833e+02,-3.513318e+02,1.739233e+02,-1.088260e+03,-15.1902,-1098.02
32.46100,6.851333e+02,-5.165507e+02,1.888090e+02,-1.229557e+03,33.5472,-1240.51
32.46200,7.011587e+02,-6.783653e+02,2.039083e+02,-1.366794e+03,81.6134,-1378.9
32.46300,7.171953e+02,-8.420227e+02,2.189854e+02,-1.504684e+03,130.727,-1517.88
32.46400,7.321980e+02,-9.994320e+02,2.331401e+02,-1.635876e+03,179.106,-1650.11
32.46500,7.474567e+02,-1.155841e+03,2.475206e+02,-1.765277e+03,227.644,-1780.49
32.46600,7.622747e+02,-1.308515e+03,2.614492e+02,-1.890277e+03,276.052,-1906.41
32.46700,7.762940e+02,-1.456063e+03,2.745939e+02,-2.009645e+03,324.185,-2026.64
32.46800,7.896687e+02,-1.601117e+03,2.872322e+02,-2.125952e+03,372.147,-2143.75
32.46900,8.026040e+02,-1.741117e+03,2.994149e+02,-2.236775e+03,419.946,-2255.31
32.47000,8.142773e+02,-1.874300e+03,3.102557e+02,-2.340470e+03,467.18,-2359.69
32.47100,8.252060e+02,-2.003541e+03,3.205369e+02,-2.439753e+03,513.819,-2459.6
32.47200,8.347940e+02,-2.126253e+03,3.296005e+02,-2.532458e+03,560.388,-2552.88
32.47300,8.431147e+02,-2.242499e+03,3.374170e+02,-2.618407e+03,605.985,-2639.34
32.47400,8.500087e+02,-2.352044e+03,3.438243e+02,-2.697590e+03,650.997,-2718.98
32.47500,8.558847e+02,-2.458527e+03,3.493479e+02,-2.773137e+03,695.93,-2794.93
32.47600,8.596933e+02,-2.555823e+03,3.530167e+02,-2.839921e+03,740.038,-2862.05
32.47700,8.615013e+02,-2.643659e+03,3.546225e+02,-2.897303e+03,783.074,-2919.72
32.47800,8.619253e+02,-2.726805e+03,3.550521e+02,-2.949877e+03,825.484,-2972.52
32.47900,8.605180e+02,-2.803354e+03,3.536085e+02,-2.995962e+03,867.33,-3018.78
32.48000,8.574527e+02,-2.871847e+03,3.506101e+02,-3.034173e+03,908.072,-3057.12
32.48100,8.524993e+02,-2.933377e+03,3.459209e+02,-3.065752e+03,948.02,-3088.77
32.48200,8.460253e+02,-2.988787e+03,3.398469e+02,-3.091171e+03,986.513,-3114.22
32.48300,8.382133e+02,-3.039313e+03,3.322367e+02,-3.111941e+03,1024.71,-3134.98
32.48400,8.281793e+02,-3.083309e+03,3.228164e+02,-3.126291e+03,1061.74,-3149.28
32.48500,8.173913e+02,-3.121452e+03,3.125275e+02,-3.135052e+03,1097.4,-3157.98
32.48600,8.055620e+02,-3.154316e+03,3.011134e+02,-3.138875e+03,1131.6,-3161.72
32.48700,7.925007e+02,-3.183501e+03,2.886705e+02,-3.139052e+03,1164.96,-3161.8
32.48800,7.789813e+02,-3.210061e+03,2.756277e+02,-3.136781e+03,1197.09,-3159.43
32.48900,7.650387e+02,-3.233470e+03,2.621421e+02,-3.131412e+03,1227.66,-3153.97
32.49000,7.505140e+02,-3.253091e+03,2.481427e+02,-3.122667e+03,1256.57,-3145.14
32.49100,7.359393e+02,-3.271799e+03,2.341841e+02,-3.112797e+03,1283.97,-3135.19
32.49200,7.219693e+02,-3.290700e+03,2.205076e+02,-3.103221e+03,1310.21,-3125.56
32.49300,7.077813e+02,-3.305259e+03,2.065863e+02,-3.089833e+03,1334.19,-3112.14
32.49400,6.941827e+02,-3.323270e+03,1.933503e+02,-3.079354e+03,1357.68,-3101.65
32.49500,6.808327e+02,-3.337871e+03,1.803200e+02,-3.066162e+03,1378.52,-3088.46
32.49600,6.681500e+02,-3.353135e+03,1.676829e+02,-3.053567e+03,1398.84,-3075.9
32.49700,6.557963e+02,-3.362855e+03,1.554943e+02,-3.035320e+03,1413.39,-3057.71
32.49800,6.435224e+02,-3.374307e+03,1.432715e+02,-3.019201e+03,1428.66,-3041.67
32.49900,6.327856e+02,-3.386532e+03,1.325188e+02,-3.004329e+03,1442.76,-3026.89
32.50000,6.227255e+02,-3.400095e+03,1.224303e+02,-2.990491e+03,1454.52,-3013.16
32.50100,6.143735e+02,-3.412621e+03,1.139221e+02,-2.976385e+03,1463.39,-2999.2
32.50200,6.057687e+02,-3.421513e+03,1.052573e+02,-2.958630e+03,1470.52,-2981.62
32.50300,5.974099e+02,-3.422160e+03,9.676453e+01,-2.933111e+03,1470.87,-2956.26
32.50400,5.901004e+02,-3.429927e+03,8.926700e+01,-2.914932e+03,1475.44,-2938.25
32.50500,5.834487e+02,-3.431731e+03,8.240193e+01,-2.891443e+03,1475.44,-2914.91
32.50600,5.778992e+02,-3.438142e+03,7.666720e+01,-2.872465e+03,1476.2,-2896.09
32.50700,5.731790e+02,-3.436852e+03,7.168960e+01,-2.846857e+03,1472.55,-2870.63
32.50800,5.678175e+02,-3.433347e+03,6.617845e+01,-2.819432e+03,1467.64,-2843.35
32.50900,5.627731e+02,-3.432884e+03,6.104024e+01,-2.795508e+03,1463.41,-2819.56
32.51000,5.583096e+02,-3.428835e+03,5.652935e+01,-2.768433e+03,1456.27,-2792.6
32.51100,5.541941e+02,-3.420395e+03,5.239411e+01,-2.737612e+03,1446.61,-2761.87
32.51200,5.506814e+02,-3.408213e+03,4.888469e+01,-2.703913e+03,1434.76,-2728.24
32.51300,5.469277e+02,-3.395260e+03,4.502773e+01,-2.669971e+03,1422.03,-2694.33
32.51400,5.432848e+02,-3.377315e+03,4.155287e+01,-2.631781e+03,1407.21,-2656.14
32.51500,5.422245e+02,-3.365145e+03,4.056725e+01,-2.599585e+03,1390.81,-2623.91
32.51600,5.386517e+02,-3.336003e+03,3.718970e+01,-2.552007e+03,1371.18,-2576.26
32.51700,5.355349e+02,-3.306333e+03,3.444321e+01,-2.504763e+03,1351.2,-2528.9
32.51800,5.331761e+02,-3.276183e+03,3.245769e+01,-2.457454e+03,1329.15,-2481.45
32.51900,5.307327e+02,-3.239389e+03,3.039370e+01,-2.404663e+03,1304.85,-2428.45
32.52000,5.283523e+02,-3.198223e+03,2.850286e+01,-2.348448e+03,1279.18,-2371.98
32.52100,5.264870e+02,-3.154638e+03,2.704703e+01,-2.290585e+03,1252.09,-2313.81
32.52200,5.242263e+02,-3.103825e+03,2.536113e+01,-2.226676e+03,1222.87,-2249.52
32.52300,5.217637e+02,-3.047563e+03,2.352749e+01,-2.158467e+03,1192.58,-2180.88
32.52400,5.197428e+02,-2.986489e+03,2.211274e+01,-2.086550e+03,1160.32,-2108.45
32.52500,5.175075e+02,-2.919554e+03,2.055239e+01,-2.009907e+03,1126.91,-2031.24
32.52600,5.153129e+02,-2.847009e+03,1.904902e+01,-1.929002e+03,1092.63,-1949.69
32.52700,5.135333e+02,-2.769009e+03,1.797462e+01,-1.843800e+03,1056.51,-1863.77
32.52800,5.116080e+02,-2.684124e+03,1.675758e+01,-1.752888e+03,1019.12,-1772.08
32.52900,5.099527e+02,-2.594378e+03,1.585187e+01,-1.658525e+03,981.089,-1676.86
32.53000,5.088653e+02,-2.498038e+03,1.539445e+01,-1.558943e+03,941.688,-1576.36
32.53100,5.078382e+02,-2.395388e+03,1.507878e+01,-1.454314e+03,901.395,-1470.75
32.53200,5.075759e+02,-2.287255e+03,1.542739e+01,-1.345536e+03,859.845,-1360.93
32.53300,5.079135e+02,-2.173876e+03,1.640242e+01,-1.232880e+03,817.569,-1247.18
32.53400,5.082779e+02,-2.051440e+03,1.734454e+01,-1.112858e+03,774.863,-1126
32.53500,5.097599e+02,-1.926569e+03,1.935218e+01,-9.915620e+02,731.541,-1003.5
32.53600,5.121371e+02,-1.794821e+03,2.217080e+01,-8.649080e+02,686.932,-875.593
32.53700,5.152301e+02,-1.658627e+03,2.566249e+01,-7.351293e+02,642.097,-744.526
32.53800,5.192665e+02,-1.517107e+03,3.007973e+01,-6.014142e+02,596.571,-609.489
32.53900,5.243708e+02,-1.373019e+03,3.535444e+01,-4.664397e+02,550.489,-473.161
32.54000,5.302723e+02,-1.224125e+03,4.147051e+01,-3.280033e+02,504.083,-333.345
32.54100,5.374574e+02,-1.066127e+03,4.872152e+01,-1.823721e+02,456.916,-186.322
32.54200,5.453937e+02,-9.106753e+02,5.672594e+01,-3.990652e+01,409.95,-42.4598
32.54300,5.545100e+02,-7.508080e+02,6.572857e+01,1.053593e+02,362.089,104.208
32.54400,5.647283e+02,-5.878805e+02,7.574027e+01,2.523793e+02,313.932,252.632
32.54500,5.758128e+02,-4.241049e+02,8.662187e+01,3.993421e+02,265.982,400.989
32.54600,5.878805e+02,-2.557743e+02,9.837540e+01,5.492690e+02,217.13,552.297
32.54700,6.008097e+02,-8.747327e+01,1.108547e+02,6.979773e+02,168.374,702.365
32.54800,6.145385e+02,8.196700e+01,1.240785e+02,8.470613e+02,119.15,852.785
32.54900,6.289851e+02,2.506628e+02,1.380115e+02,9.940840e+02,70.4905,1001.12
32.55000,6.441781e+02,4.213996e+02,1.525201e+02,1.141947e+03,21.2386,1150.25
32.55100,6.600781e+02,5.919727e+02,1.677704e+02,1.288691e+03,-28.0315,1298.24
32.55200,6.749847e+02,7.542787e+02,1.821531e+02,1.426981e+03,-76.8187,1437.73
32.55300,6.909973e+02,9.195347e+02,1.973645e+02,1.566767e+03,-126.039,1578.67
32.55400,7.070173e+02,1.082874e+03,2.126929e+02,1.703941e+03,-175.015,1716.95
32.55500,7.227567e+02,1.243111e+03,2.277184e+02,1.837269e+03,-224.06,1851.35
32.55600,7.380780e+02,1.398700e+03,2.422882e+02,1.965349e+03,-272.679,1980.44
32.55700,7.535713e+02,1.552039e+03,2.570694e+02,2.090562e+03,-321.372,2106.6
32.55800,7.686273e+02,1.701859e+03,2.714555e+02,2.211480e+03,-369.604,2228.42
32.55900,7.832173e+02,1.847823e+03,2.853386e+02,2.328089e+03,-417.625,2345.87
32.56000,7.971987e+02,1.989243e+03,2.986323e+02,2.439693e+03,-465.362,2458.27
32.56100,8.102467e+02,2.124281e+03,3.111546e+02,2.544682e+03,-512.326,2563.99
32.56200,8.223513e+02,2.255133e+03,3.226555e+02,2.644974e+03,-559.282,2664.96
32.56300,8.337460e+02,2.382499e+03,3.335860e+02,2.741295e+03,-605.559,2761.9
32.56400,8.437127e+02,2.501231e+03,3.430031e+02,2.828838e+03,-650.784,2850
32.56500,8.521640e+02,2.614091e+03,3.510878e+02,2.910723e+03,-695.984,2932.39
32.56600,8.594147e+02,2.721111e+03,3.580167e+02,2.986389e+03,-740.21,3008.5
32.56700,8.646507e+02,2.820723e+03,3.630064e+02,3.054529e+03,-783.439,3077.02
32.56800,8.688033e+02,2.916685e+03,3.669998e+02,3.119011e+03,-826.105,3141.82
32.56900,8.715713e+02,3.004467e+03,3.695699e+02,3.175341e+03,-868.024,3198.4
32.57000,8.722607e+02,3.084907e+03,3.703577e+02,3.224477e+03,-908.488,3247.72
32.57100,8.714633e+02,3.158249e+03,3.695373e+02,3.266579e+03,-948.45,3289.95
32.57200,8.685507e+02,3.225130e+03,3.667902e+02,3.302465e+03,-987.663,3325.91
32.57300,8.641593e+02,3.284855e+03,3.625465e+02,3.331402e+03,-1025.33,3354.86
32.57400,8.582453e+02,3.340168e+03,3.569195e+02,3.356045e+03,-1062.41,3379.48
32.57500,8.503960e+02,3.387023e+03,3.492761e+02,3.372322e+03,-1097.98,3395.68
32.57600,8.405587e+02,3.427494e+03,3.400224e+02,3.382910e+03,-1132.56,3406.15
32.57700,8.297347e+02,3.462753e+03,3.294803e+02,3.388305e+03,-1165.78,3411.4
32.57800,8.179413e+02,3.492463e+03,3.180033e+02,3.388687e+03,-1198.17,3411.61
32.57900,8.044167e+02,3.515880e+03,3.049642e+02,3.383001e+03,-1228.25,3405.73
32.58000,7.900433e+02,3.535881e+03,2.908779e+02,3.374077e+03,-1258.12,3396.6
32.58100,7.748313e+02,3.551382e+03,2.761696e+02,3.361094e+03,-1286.17,3383.4
32.58200,7.591393e+02,3.564705e+03,2.608227e+02,3.346080e+03,-1312.52,3368.17
32.58300,7.429680e+02,3.573878e+03,2.450877e+02,3.327348e+03,-1337.8,3349.23
32.58400,7.272127e+02,3.580103e+03,2.296106e+02,3.305817e+03,-1360.43,3327.51
32.58500,7.106213e+02,3.585059e+03,2.131870e+02,3.283469e+03,-1382.9,3304.98
32.58600,6.948087e+02,3.588613e+03,1.977140e+02,3.259841e+03,-1402.91,3281.19
32.58700,6.792153e+02,3.589499e+03,1.822418e+02,3.233897e+03,-1421.2,3255.1
32.58800,6.629866e+02,3.587822e+03,1.660989e+02,3.205409e+03,-1436.75,3226.49
32.58900,6.476855e+02,3.584739e+03,1.509567e+02,3.176049e+03,-1451.07,3197.03
32.59000,6.324677e+02,3.580317e+03,1.358231e+02,3.145785e+03,-1464,3166.68
32.59100,6.186963e+02,3.577137e+03,1.219751e+02,3.117001e+03,-1474.49,3137.85
32.59200,6.057174e+02,3.572139e+03,1.090461e+02,3.086845e+03,-1482.78,3107.68
32.59300,5.937866e+02,3.564145e+03,9.697020e+01,3.053887e+03,-1487.56,3074.74
32.59400,5.812136e+02,3.551839e+03,8.451240e+01,3.016820e+03,-1489.42,3037.69
32.59500,5.702181e+02,3.542313e+03,7.337060e+01,2.983242e+03,-1493.02,3004.15
32.59600,5.598321e+02,3.530986e+03,6.288063e+01,2.947949e+03,-1493.73,2968.89
32.59700,5.508341e+02,3.519001e+03,5.376355e+01,2.912885e+03,-1493.54,2933.88
32.59800,5.414436e+02,3.499469e+03,4.430851e+01,2.870827e+03,-1488.37,2891.88
32.59900,5.335838e+02,3.486357e+03,3.646471e+01,2.835225e+03,-1484.06,2856.35
32.60000,5.258325e+02,3.471866e+03,2.867502e+01,2.798967e+03,-1479.44,2820.16
32.60100,5.191673e+02,3.454821e+03,2.208766e+01,2.760429e+03,-1471.01,2781.69
32.60200,5.128655e+02,3.434965e+03,1.577272e+01,2.719927e+03,-1461.47,2741.25
32.60300,5.071167e+02,3.411749e+03,1.006048e+01,2.676873e+03,-1449.95,2698.25
32.60400,5.023919e+02,3.388498e+03,5.378489e+00,2.634089e+03,-1436.53,2655.51
32.60500,4.975020e+02,3.361791e+03,6.994220e-01,2.588656e+03,-1422.12,2610.12
32.60600,4.936131e+02,3.332775e+03,-3.056348e+00,2.541522e+03,-1404.86,2562.99
32.60700,4.902331e+02,3.302005e+03,-6.278819e+00,2.493344e+03,-1386.56,2514.81
32.60800,4.881587e+02,3.272347e+03,-8.170153e+00,2.446667e+03,-1366.48,2468.09
32.60900,4.857614e+02,3.237554e+03,-1.018450e+01,2.395946e+03,-1345.01,2417.31
32.61000,4.839295e+02,3.195598e+03,-1.171539e+01,2.339096e+03,-1320.97,2360.36
32.61100,4.828379e+02,3.154975e+03,-1.251416e+01,2.283950e+03,-1295.58,2305.09
32.61200,4.819766e+02,3.109279e+03,-1.309192e+01,2.224748e+03,-1268.7,2245.72
32.61300,4.815025e+02,3.061170e+03,-1.311747e+01,2.164195e+03,-1240.64,2184.95
32.61400,4.813373e+02,3.007257e+03,-1.292480e+01,2.098821e+03,-1210.65,2119.31
32.61500,4.814081e+02,2.950043e+03,-1.240882e+01,2.031075e+03,-1179.33,2051.23
32.61600,4.820939e+02,2.892137e+03,-1.130103e+01,1.963371e+03,-1147.21,1983.13
32.61700,4.827690e+02,2.826258e+03,-1.015795e+01,1.889000e+03,-1113.04,1908.3
32.61800,4.838951e+02,2.756281e+03,-8.625267e+00,1.811626e+03,-1077.66,1830.39
32.61900,4.852224e+02,2.681803e+03,-6.856340e+00,1.730931e+03,-1041.41,1749.09
32.62000,4.871574e+02,2.602604e+03,-4.538519e+00,1.646751e+03,-1003.75,1664.23
32.62100,4.890998e+02,2.516938e+03,-2.189491e+00,1.557384e+03,-965.198,1574.1
32.62200,4.914672e+02,2.426439e+03,5.331138e-01,1.464305e+03,-925.525,1480.18
32.62300,4.943059e+02,2.330532e+03,3.730697e+00,1.367082e+03,-884.543,1382.04
32.62400,4.976727e+02,2.229633e+03,7.352613e+00,1.266330e+03,-843.35,1280.3
32.62500,5.011483e+02,2.121219e+03,1.116763e+01,1.159237e+03,-800.867,1172.15
32.62600,5.054955e+02,2.009151e+03,1.568943e+01,1.049995e+03,-757.656,1061.77
32.62700,5.105807e+02,1.892333e+03,2.092097e+01,9.372547e+02,-713.723,947.838
32.62800,5.161217e+02,1.768156e+03,2.653707e+01,8.186600e+02,-669.237,827.993
32.62900,5.224219e+02,1.640615e+03,3.288733e+01,6.977913e+02,-624.08,705.823
32.63000,5.287600e+02,1.501261e+03,3.927422e+01,5.672746e+02,-578.65,573.959
32.63100,5.366369e+02,1.364076e+03,4.701221e+01,4.396355e+02,-532.833,444.934
32.63200,5.451569e+02,1.219911e+03,5.536625e+01,3.066044e+02,-486.246,310.489
32.63300,5.544291e+02,1.071573e+03,6.437462e+01,1.706947e+02,-439.23,173.143
32.63400,5.644175e+02,9.207080e+02,7.405400e+01,3.352836e+01,-392.238,34.5281
32.63500,5.755014e+02,7.656333e+02,8.467727e+01,-1.064528e+02,-344.791,-106.906
32.63600,5.873657e+02,6.046411e+02,9.603193e+01,-2.508187e+02,-296.814,-252.717
32.63700,5.997941e+02,4.450551e+02,1.078975e+02,-3.929519e+02,-248.86,-396.278
32.63800,6.130025e+02,2.826727e+02,1.204563e+02,-5.365525e+02,-200.718,-541.284
32.63900,6.269203e+02,1.181185e+02,1.336241e+02,-6.811493e+02,-152.171,-687.255
32.64000,6.415167e+02,-4.811110e+01,1.475271e+02,-8.262093e+02,-103.813,-833.649
32.64100,6.565565e+02,-2.139295e+02,1.617447e+02,-9.699800e+02,-54.9551,-978.708
32.64200,6.721553e+02,-3.814083e+02,1.765359e+02,-1.114075e+03,-6.33278,-1124.04
32.64300,6.878820e+02,-5.457288e+02,1.913759e+02,-1.254303e+03,42.2344,-1265.46
32.64400,7.039853e+02,-7.099673e+02,2.065220e+02,-1.393549e+03,90.9551,-1405.84
32.64500,7.203047e+02,-8.737447e+02,2.219142e+02,-1.531428e+03,139.767,-1544.8
32.64600,7.350573e+02,-1.028867e+03,2.358248e+02,-1.660365e+03,188.06,-1674.77
32.64700,7.502927e+02,-1.184278e+03,2.501813e+02,-1.788708e+03,236.478,-1804.08
32.64800,7.649167e+02,-1.335735e+03,2.639299e+02,-1.912438e+03,284.879,-1928.72
32.64900,7.780607e+02,-1.478186e+03,2.762246e+02,-2.026933e+03,332.719,-2044.07
32.65000,7.920833e+02,-1.626791e+03,2.894824e+02,-2.146305e+03,380.827,-2164.23
32.65100,8.049667e+02,-1.766422e+03,3.015885e+02,-2.256635e+03,428.455,-2275.29
32.65200,8.164187e+02,-1.898241e+03,3.122766e+02,-2.358997e+03,475.473,-2378.33
32.65300,8.271433e+02,-2.027285e+03,3.223985e+02,-2.457937e+03,522.359,-2477.88
32.65400,8.365553e+02,-2.148472e+03,3.312547e+02,-2.549121e+03,568.584,-2569.63
32.65500,8.446100e+02,-2.263506e+03,3.388275e+02,-2.633811e+03,614.157,-2654.82
32.65600,8.512627e+02,-2.372548e+03,3.450391e+02,-2.712451e+03,659.372,-2733.91
32.65700,8.567953e+02,-2.476939e+03,3.502053e+02,-2.785925e+03,703.969,-2807.77
32.65800,8.602267e+02,-2.572311e+03,3.535122e+02,-2.850809e+03,747.69,-2872.99
32.65900,8.616833e+02,-2.660303e+03,3.547840e+02,-2.908273e+03,791.173,-2930.72
32.66000,8.617873e+02,-2.740664e+03,3.549293e+02,-2.958267e+03,833.029,-2980.94
32.66100,8.600327e+02,-2.815659e+03,3.532341e+02,-3.002793e+03,874.666,-3025.63
32.66200,8.567873e+02,-2.884119e+03,3.499643e+02,-3.040895e+03,915.45,-3063.84
32.66300,8.516147e+02,-2.945269e+03,3.450644e+02,-3.071962e+03,955.308,-3094.98
32.66400,8.448680e+02,-2.999213e+03,3.387219e+02,-3.096083e+03,993.812,-3119.12
32.66500,8.363907e+02,-3.047657e+03,3.305887e+02,-3.114790e+03,1031.68,-3137.81
32.66600,8.265173e+02,-3.090677e+03,3.211798e+02,-3.128194e+03,1068.1,-3151.17
32.66700,8.152420e+02,-3.127995e+03,3.104458e+02,-3.136247e+03,1103.85,-3159.15
32.66800,8.033813e+02,-3.159891e+03,2.989872e+02,-3.139159e+03,1137.71,-3161.97
32.66900,7.899293e+02,-3.188276e+03,2.862142e+02,-3.138532e+03,1170.95,-3161.25
32.67000,7.766420e+02,-3.214731e+03,2.733675e+02,-3.136165e+03,1202.74,-3158.79
32.67100,7.627327e+02,-3.238075e+03,2.598381e+02,-3.130767e+03,1232.93,-3153.3
32.67200,7.478753e+02,-3.257177e+03,2.455816e+02,-3.121508e+03,1262.13,-3143.95
32.67300,7.333000e+02,-3.274799e+03,2.316789e+02,-3.110533e+03,1288.7,-3132.91
32.67400,7.194207e+02,-3.293957e+03,2.180054e+02,-3.101255e+03,1314.84,-3123.57
32.67500,7.054260e+02,-3.307860e+03,2.043778e+02,-3.087314e+03,1338.59,-3109.6
32.67600,6.918547e+02,-3.325236e+03,1.911461e+02,-3.076101e+03,1361.06,-3098.38
32.67700,6.783920e+02,-3.340019e+03,1.778197e+02,-3.063197e+03,1382.51,-3085.49
32.67800,6.656695e+02,-3.353089e+03,1.652729e+02,-3.048515e+03,1401.31,-3070.85
32.67900,6.535352e+02,-3.364975e+03,1.532802e+02,-3.032381e+03,1416.38,-3054.78
32.68000,6.412291e+02,-3.376112e+03,1.409863e+02,-3.015965e+03,1431.49,-3038.44
32.68100,6.307485e+02,-3.388383e+03,1.304579e+02,-3.001150e+03,1444.95,-3023.72
32.68200,6.209972e+02,-3.401597e+03,1.206707e+02,-2.987140e+03,1455.97,-3009.83
32.68300,6.128801e+02,-3.415661e+03,1.123654e+02,-2.974446e+03,1465.05,-2997.29
32.68400,6.041992e+02,-3.420128e+03,1.037058e+02,-2.952577e+03,1470.26,-2975.59
32.68500,5.961693e+02,-3.423999e+03,9.549160e+01,-2.930065e+03,1471.75,-2953.24
32.68600,5.890186e+02,-3.429767e+03,8.810740e+01,-2.910217e+03,1475.46,-2933.55
32.68700,5.824396e+02,-3.433433e+03,8.135973e+01,-2.888414e+03,1475.92,-2911.91
32.68800,5.769645e+02,-3.437201e+03,7.568260e+01,-2.867227e+03,1475.93,-2890.87
32.68900,5.722168e+02,-3.437972e+03,7.068993e+01,-2.843489e+03,1472.23,-2867.28
32.69000,5.668691e+02,-3.434215e+03,6.523937e+01,-2.815930e+03,1467.29,-2839.87
32.69100,5.621245e+02,-3.433456e+03,6.038433e+01,-2.791705e+03,1462.52,-2815.78
32.69200,5.573869e+02,-3.426648e+03,5.560518e+01,-2.762229e+03,1454.75,-2786.41
32.69300,5.536238e+02,-3.419091e+03,5.175487e+01,-2.732287e+03,1444.67,-2756.56
32.69400,5.499457e+02,-3.406874e+03,4.812201e+01,-2.698506e+03,1432.51,-2722.84
32.69500,5.464468e+02,-3.392062e+03,4.458009e+01,-2.663070e+03,1419.38,-2687.43
32.69600,5.425233e+02,-3.372365e+03,4.080982e+01,-2.623366e+03,1404.07,-2647.72
32.69700,5.414031e+02,-3.359838e+03,3.976575e+01,-2.590779e+03,1387.19,-2615.09
32.69800,5.381991e+02,-3.331533e+03,3.678975e+01,-2.544316e+03,1368.08,-2568.55
32.69900,5.351378e+02,-3.301979e+03,3.409132e+01,-2.497084e+03,1347.6,-2521.2
32.70000,5.328704e+02,-3.271199e+03,3.216801e+01,-2.449363e+03,1325.12,-2473.32
32.70100,5.303829e+02,-3.232396e+03,3.012440e+01,-2.394838e+03,1300.28,-2418.58
32.70200,5.281059e+02,-3.191376e+03,2.831446e+01,-2.338783e+03,1274.4,-2362.26
32.70300,5.259838e+02,-3.145382e+03,2.666915e+01,-2.278829e+03,1246.73,-2301.98
32.70400,5.238378e+02,-3.093659e+03,2.504877e+01,-2.214253e+03,1217.18,-2237.02
32.70500,5.215255e+02,-3.036919e+03,2.333183e+01,-2.145701e+03,1186.65,-2168.02
32.70600,5.193019e+02,-2.974883e+03,2.180733e+01,-2.073049e+03,1154.45,-2094.85
32.70700,5.171701e+02,-2.907281e+03,2.031422e+01,-1.995969e+03,1120.92,-2017.18
32.70800,5.150564e+02,-2.832852e+03,1.889135e+01,-1.913459e+03,1085.86,-1934.02
32.70900,5.131195e+02,-2.754148e+03,1.768613e+01,-1.827592e+03,1049.72,-1847.42
32.71000,5.113659e+02,-2.668647e+03,1.662529e+01,-1.736539e+03,1012.57,-1755.58
32.71100,5.095988e+02,-2.576837e+03,1.558856e+01,-1.640280e+03,973.879,-1658.45
32.71200,5.085624e+02,-2.479133e+03,1.521671e+01,-1.539603e+03,934.32,-1556.85
32.71300,5.076519e+02,-2.375463e+03,1.501058e+01,-1.434182e+03,893.802,-1450.43
32.71400,5.076560e+02,-2.267294e+03,1.560518e+01,-1.325623e+03,852.287,-1340.82
32.71500,5.078348e+02,-2.151461e+03,1.640105e+01,-1.210883e+03,810.006,-1224.97
32.71600,5.085516e+02,-2.029215e+03,1.770047e+01,-1.091173e+03,767.002,-1104.1
32.71700,5.101868e+02,-1.902220e+03,1.981429e+01,-9.681000e+02,723.199,-979.812
32.71800,5.125812e+02,-1.770041e+03,2.268539e+01,-8.410920e+02,678.587,-851.547
32.71900,5.158498e+02,-1.633525e+03,2.636979e+01,-7.112740e+02,634.002,-720.435
32.72000,5.200862e+02,-1.490867e+03,3.094934e+01,-5.767115e+02,588.141,-584.546
32.72100,5.254175e+02,-1.346465e+03,3.643047e+01,-4.417229e+02,542.249,-448.199
32.72200,5.314912e+02,-1.195085e+03,4.270487e+01,-3.011310e+02,495.495,-306.224
32.72300,5.388136e+02,-1.038046e+03,5.005306e+01,-1.565215e+02,448.408,-160.223
32.72400,5.469498e+02,-8.809227e+02,5.829329e+01,-1.271643e+01,400.895,-15.0199
32.72500,5.562325e+02,-7.205107e+02,6.739380e+01,1.328021e+02,353.216,131.901
32.72600,5.666055e+02,-5.577485e+02,7.761740e+01,2.795873e+02,305.105,280.088
32.72700,5.779282e+02,-3.935329e+02,8.865860e+01,4.266547e+02,257.095,428.548
32.72800,5.900887e+02,-2.247760e+02,1.005259e+02,5.767915e+02,208.281,580.061
32.72900,6.031653e+02,-5.604451e+01,1.131546e+02,7.257413e+02,159.328,730.366
32.73000,6.170379e+02,1.128433e+02,1.264970e+02,8.740773e+02,110.341,880.033
32.73100,6.316713e+02,2.802773e+02,1.405353e+02,1.019693e+03,61.7619,1026.95
32.73200,6.468486e+02,4.525356e+02,1.551244e+02,1.168901e+03,12.0924,1177.42
32.73300,6.627258e+02,6.221852e+02,1.703861e+02,1.314579e+03,-36.9501,1324.33
32.73400,6.779140e+02,7.851013e+02,1.848950e+02,1.453165e+03,-85.9008,1464.11
32.73500,6.939480e+02,9.508560e+02,2.001806e+02,1.593239e+03,-135.233,1605.34
32.73600,7.099447e+02,1.112653e+03,2.154883e+02,1.728847e+03,-183.893,1742.05
32.73700,7.254453e+02,1.269617e+03,2.302825e+02,1.859003e+03,-232.617,1873.26
32.73800,7.408293e+02,1.426309e+03,2.448869e+02,1.987887e+03,-281.487,2003.14
32.73900,7.563853e+02,1.579767e+03,2.597470e+02,2.113075e+03,-329.985,2129.28
32.74000,7.713847e+02,1.729199e+03,2.740896e+02,2.233447e+03,-378.397,2250.54
32.74100,7.858600e+02,1.874440e+03,2.878369e+02,2.349233e+03,-426.351,2367.16
32.74200,7.996413e+02,2.014547e+03,3.009845e+02,2.459493e+03,-474.046,2478.19
32.74300,8.126093e+02,2.149263e+03,3.134079e+02,2.564051e+03,-521.04,2583.48
32.74400,8.243973e+02,2.277505e+03,3.246044e+02,2.661848e+03,-567.58,2681.94
32.74500,8.357973e+02,2.405611e+03,3.354174e+02,2.758596e+03,-614.011,2779.3
32.74600,8.452233e+02,2.521391e+03,3.444128e+02,2.843399e+03,-658.918,2864.65
32.74700,8.535567e+02,2.633758e+03,3.524309e+02,2.924663e+03,-704.007,2946.4
32.74800,8.606127e+02,2.740063e+03,3.591093e+02,2.999564e+03,-748.25,3021.74
32.74900,8.658267e+02,2.839765e+03,3.641229e+02,3.067581e+03,-791.111,3090.12
32.75000,8.696240e+02,2.934667e+03,3.678187e+02,3.131104e+03,-833.998,3153.95
32.75100,8.718893e+02,3.020385e+03,3.698531e+02,3.185467e+03,-875.605,3208.55
32.75200,8.723967e+02,3.100331e+03,3.704777e+02,3.234120e+03,-916.23,3257.38
32.75300,8.711147e+02,3.171735e+03,3.692487e+02,3.274308e+03,-955.902,3297.68
32.75400,8.679653e+02,3.236481e+03,3.662203e+02,3.308097e+03,-994.468,3331.54
32.75500,8.632953e+02,3.296345e+03,3.617271e+02,3.337140e+03,-1032.15,3360.59
32.75600,8.569640e+02,3.349680e+03,3.556887e+02,3.359994e+03,-1069.3,3383.4
32.75700,8.488933e+02,3.395284e+03,3.478493e+02,3.375073e+03,-1104.45,3398.4
32.75800,8.389560e+02,3.435706e+03,3.384529e+02,3.385553e+03,-1138.83,3408.76
32.75900,8.279107e+02,3.468541e+03,3.276541e+02,3.388661e+03,-1171.67,3411.72
32.76000,8.154760e+02,3.498109e+03,3.156045e+02,3.388847e+03,-1203.99,3411.73
32.76100,8.016833e+02,3.520649e+03,3.023133e+02,3.382360e+03,-1234.22,3405.04
32.76200,7.873147e+02,3.538889e+03,2.882269e+02,3.371791e+03,-1263.22,3394.27
32.76300,7.721620e+02,3.555001e+03,2.736031e+02,3.359394e+03,-1291.19,3381.65
32.76400,7.562447e+02,3.566360e+03,2.580611e+02,3.342603e+03,-1317.16,3364.65
32.76500,7.400613e+02,3.574733e+03,2.422766e+02,3.323111e+03,-1342.16,3344.95
32.76600,7.243807e+02,3.582129e+03,2.267611e+02,3.302809e+03,-1365.04,3324.46
32.76700,7.077360e+02,3.586283e+03,2.103943e+02,3.279619e+03,-1386.77,3301.09
32.76800,6.919947e+02,3.588595e+03,1.949757e+02,3.254915e+03,-1406.15,3276.22
32.76900,6.761587e+02,3.589629e+03,1.791993e+02,3.229027e+03,-1424.29,3250.19
32.77000,6.600510e+02,3.587413e+03,1.632496e+02,3.200105e+03,-1439.17,3221.15
32.77100,6.443798e+02,3.582752e+03,1.477045e+02,3.169346e+03,-1453.47,3190.3
32.77200,6.301980e+02,3.579649e+03,1.334579e+02,3.140527e+03,-1466,3161.4
32.77300,6.165766e+02,3.576611e+03,1.198310e+02,3.111862e+03,-1475.73,3132.7
32.77400,6.036620e+02,3.572079e+03,1.069865e+02,3.082154e+03,-1484.41,3102.98
32.77500,5.912733e+02,3.562352e+03,9.454547e+01,3.047407e+03,-1487.84,3068.26
32.77600,5.794283e+02,3.549863e+03,8.268893e+01,3.010520e+03,-1490.07,3031.39
32.77700,5.684864e+02,3.540313e+03,7.151693e+01,2.976782e+03,-1493.24,2997.68
32.77800,5.579997e+02,3.528930e+03,6.101001e+01,2.941698e+03,-1493.76,2962.64
32.77900,5.491384e+02,3.517080e+03,5.205795e+01,2.906711e+03,-1493.07,2927.7
32.78000,5.399805e+02,3.496967e+03,4.288543e+01,2.864229e+03,-1487.61,2885.28
32.78100,5.320397e+02,3.484717e+03,3.492581e+01,2.829451e+03,-1483.7,2850.58
32.78200,5.250809e+02,3.469966e+03,2.787725e+01,2.792917e+03,-1477.78,2814.12
32.78300,5.182839e+02,3.451249e+03,2.111477e+01,2.753161e+03,-1469.27,2774.43
32.78400,5.117497e+02,3.430130e+03,1.468058e+01,2.711393e+03,-1459.23,2732.72
32.78500,5.060409e+02,3.408119e+03,9.005453e+00,2.669600e+03,-1447.91,2690.98
32.78600,5.013235e+02,3.382891e+03,4.340421e+00,2.625004e+03,-1433.61,2646.43
32.78700,4.966556e+02,3.356913e+03,-1.968581e-01,2.580314e+03,-1418.99,2601.77
32.78800,4.929640e+02,3.327797e+03,-3.713959e+00,2.533279e+03,-1401.9,2554.75
32.78900,4.897586e+02,3.296576e+03,-6.714533e+00,2.484811e+03,-1383.22,2506.26
32.79000,4.881282e+02,3.268002e+03,-8.148867e+00,2.439243e+03,-1362.59,2460.65
32.79100,4.855116e+02,3.230682e+03,-1.040361e+01,2.386219e+03,-1340.61,2407.56
32.79200,4.837983e+02,3.188745e+03,-1.184441e+01,2.329541e+03,-1316.63,2350.78
32.79300,4.826557e+02,3.147347e+03,-1.266323e+01,2.273787e+03,-1290.95,2294.9
32.79400,4.818415e+02,3.101086e+03,-1.312625e+01,2.214227e+03,-1263.86,2235.16
32.79500,4.815487e+02,3.051693e+03,-1.302466e+01,2.152511e+03,-1235.09,2173.22
32.79600,4.812593e+02,2.997701e+03,-1.293323e+01,2.087161e+03,-1205.17,2107.59
32.79700,4.816703e+02,2.940483e+03,-1.209483e+01,2.019600e+03,-1173.66,2039.69
32.79800,4.821164e+02,2.880320e+03,-1.119461e+01,1.949923e+03,-1141.09,1969.6
32.79900,4.829651e+02,2.813930e+03,-9.893000e+00,1.875238e+03,-1106.79,1894.45
32.80000,4.841506e+02,2.743553e+03,-8.296287e+00,1.797742e+03,-1071.45,1816.4
32.80100,4.855072e+02,2.667873e+03,-6.500399e+00,1.715947e+03,-1034.74,1733.99
32.80200,4.873879e+02,2.587504e+03,-4.237928e+00,1.630736e+03,-996.785,1648.08
32.80300,4.895039e+02,2.500763e+03,-1.745147e+00,1.540589e+03,-957.956,1557.16
32.80400,4.920047e+02,2.409409e+03,1.117435e+00,1.446925e+03,-918.057,1462.64
32.80500,4.948963e+02,2.312369e+03,4.362665e+00,1.348861e+03,-877.14,1363.65
32.80600,4.982901e+02,2.210761e+03,8.035880e+00,1.247539e+03,-835.719,1261.33
32.80700,5.019287e+02,2.100658e+03,1.199109e+01,1.139157e+03,-792.881,1151.87
32.80800,5.063817e+02,1.987887e+03,1.658945e+01,1.029403e+03,-749.616,1040.97
32.80900,5.115539e+02,1.870943e+03,2.191368e+01,9.166460e+02,-705.785,927.009
32.81000,5.171860e+02,1.744950e+03,2.761241e+01,7.965800e+02,-660.981,805.683
32.81100,5.237137e+02,1.617589e+03,3.418137e+01,6.760693e+02,-615.792,683.862
32.81200,5.301494e+02,1.476442e+03,4.061207e+01,5.440524e+02,-570.277,550.491
32.81300,5.381037e+02,1.337872e+03,4.843622e+01,4.153756e+02,-524.309,420.423
32.81400,5.467229e+02,1.193087e+03,5.689740e+01,2.819203e+02,-477.821,285.549
32.81500,5.561531e+02,1.044555e+03,6.601267e+01,1.460515e+02,-430.771,148.242
32.81600,5.663511e+02,8.924753e+02,7.588973e+01,7.960760e+00,-383.483,8.70169
32.81700,5.775695e+02,7.359260e+02,8.664727e+01,-1.332273e+02,-335.924,-133.939
32.81800,5.895415e+02,5.759143e+02,9.806853e+01,-2.764402e+02,-287.97,-278.592
32.81900,6.020808e+02,4.155542e+02,1.100658e+02,-4.191001e+02,-240.074,-422.676
32.82000,6.154331e+02,2.530081e+02,1.227359e+02,-5.627447e+02,-191.821,-567.72
32.82100,6.294889e+02,8.754953e+01,1.360532e+02,-7.078980e+02,-143.203,-714.241
32.82200,6.441275e+02,-7.856707e+01,1.499735e+02,-8.526760e+02,-94.7296,-860.344
32.82300,6.592824e+02,-2.445369e+02,1.643378e+02,-9.964127e+02,-46.1109,-1005.36
32.82400,6.748973e+02,-4.113003e+02,1.791021e+02,-1.139670e+03,2.52057,-1149.85
32.82500,6.906627e+02,-5.759562e+02,1.939799e+02,-1.280017e+03,51.1998,-1291.37
32.82600,7.067513e+02,-7.397053e+02,2.091201e+02,-1.418554e+03,99.8412,-1431.03
32.82700,7.230007e+02,-9.028267e+02,2.244362e+02,-1.555721e+03,148.661,-1569.27
32.82800,7.378373e+02,-1.057861e+03,2.384419e+02,-1.684464e+03,196.974,-1699.03
32.82900,7.530067e+02,-1.212287e+03,2.527310e+02,-1.811749e+03,245.297,-1827.28
32.83000,7.674593e+02,-1.361886e+03,2.663101e+02,-1.933643e+03,293.466,-1950.07
32.83100,7.821927e+02,-1.514600e+03,2.801116e+02,-2.057229e+03,342.034,-2074.5
32.83200,7.946520e+02,-1.653571e+03,2.918964e+02,-2.167703e+03,389.585,-2185.76
32.83300,8.072667e+02,-1.791465e+03,3.037407e+02,-2.276319e+03,436.886,-2295.1
32.83400,8.185967e+02,-1.922725e+03,3.143601e+02,-2.377995e+03,483.966,-2397.44
32.83500,8.290913e+02,-2.050515e+03,3.242296e+02,-2.475639e+03,530.703,-2495.68
32.83600,8.381687e+02,-2.170587e+03,3.327519e+02,-2.565605e+03,577.057,-2586.2
32.83700,8.459307e+02,-2.283308e+03,3.400771e+02,-2.648127e+03,622.192,-2669.21
32.83800,8.523473e+02,-2.391393e+03,3.459971e+02,-2.725789e+03,667.471,-2747.31
32.83900,8.575520e+02,-2.495852e+03,3.509937e+02,-2.799401e+03,712.52,-2821.3
32.84000,8.607507e+02,-2.589361e+03,3.539755e+02,-2.862274e+03,755.71,-2884.49
32.84100,8.619853e+02,-2.676515e+03,3.550146e+02,-2.918857e+03,798.916,-2941.34
32.84200,8.616467e+02,-2.753853e+03,3.547481e+02,-2.966066e+03,840.384,-2988.76
32.84300,8.596047e+02,-2.830147e+03,3.527413e+02,-3.011582e+03,882.651,-3034.43
32.84400,8.559507e+02,-2.895844e+03,3.492375e+02,-3.047247e+03,922.811,-3070.2
32.84500,8.506733e+02,-2.956505e+03,3.441478e+02,-3.077475e+03,962.315,-3100.48
32.84600,8.434613e+02,-3.008819e+03,3.373311e+02,-3.100293e+03,1000.98,-3123.31
32.84700,8.347007e+02,-3.056324e+03,3.289640e+02,-3.117957e+03,1038.28,-3140.96
32.84800,8.247607e+02,-3.098368e+03,3.194899e+02,-3.130468e+03,1074.8,-3153.42
32.84900,8.131507e+02,-3.135019e+03,3.083850e+02,-3.137829e+03,1110.54,-3160.7
32.85000,8.011480e+02,-3.165763e+03,2.968029e+02,-3.139718e+03,1144.01,-3162.51
32.85100,7.876673e+02,-3.194292e+03,2.840522e+02,-3.139183e+03,1177.08,-3161.87
32.85200,7.742200e+02,-3.219795e+03,2.710010e+02,-3.135949e+03,1208.75,-3158.54
32.85300,7.601153e+02,-3.241061e+03,2.574675e+02,-3.128671e+03,1238.08,-3151.17
32.85400,7.453653e+02,-3.261359e+03,2.430992e+02,-3.120365e+03,1267.19,-3142.78
32.85500,7.306480e+02,-3.278440e+03,2.290185e+02,-3.108964e+03,1293.88,-3131.32
32.85600,7.168800e+02,-3.297577e+03,2.154775e+02,-3.099613e+03,1319.45,-3121.92
32.85700,7.028320e+02,-3.312047e+03,2.018165e+02,-3.086057e+03,1342.85,-3108.33
32.85800,6.893227e+02,-3.326808e+03,1.886605e+02,-3.072739e+03,1364.61,-3095.01
32.85900,6.761327e+02,-3.343701e+03,1.754790e+02,-3.061840e+03,1386.69,-3084.13
32.86000,6.636093e+02,-3.355452e+03,1.632459e+02,-3.045645e+03,1403.51,-3067.98
32.86100,6.507188e+02,-3.365613e+03,1.504935e+02,-3.028159e+03,1419.37,-3050.56
32.86200,6.395499e+02,-3.379503e+03,1.392576e+02,-3.014321e+03,1434.28,-3036.8
32.86300,6.288870e+02,-3.389540e+03,1.285555e+02,-2.997400e+03,1446.79,-3019.98
32.86400,6.194937e+02,-3.404147e+03,1.191710e+02,-2.984770e+03,1457.94,-3007.48
32.86500,6.114413e+02,-3.417016e+03,1.109408e+02,-2.970982e+03,1466.56,-2993.85
32.86600,6.029855e+02,-3.420948e+03,1.024007e+02,-2.948493e+03,1470.12,-2971.53
32.86700,5.946889e+02,-3.425345e+03,9.403367e+01,-2.926695e+03,1472.68,-2949.89
32.86800,5.878737e+02,-3.430436e+03,8.691693e+01,-2.906216e+03,1475.58,-2929.58
32.86900,5.814655e+02,-3.434832e+03,8.035507e+01,-2.885189e+03,1476.29,-2908.7
32.87000,5.759764e+02,-3.437813e+03,7.460747e+01,-2.863338e+03,1475.82,-2887
32.87100,5.715445e+02,-3.438083e+03,6.998800e+01,-2.839269e+03,1471.66,-2863.08
32.87200,5.659247e+02,-3.435255e+03,6.426048e+01,-2.812537e+03,1466.85,-2836.5
32.87300,5.612635e+02,-3.432562e+03,5.948219e+01,-2.786646e+03,1461.37,-2810.74
32.87400,5.567427e+02,-3.426297e+03,5.497905e+01,-2.757516e+03,1452.85,-2781.71
32.87500,5.527726e+02,-3.416573e+03,5.089186e+01,-2.725858e+03,1442.57,-2750.14
32.87600,5.492431e+02,-3.405466e+03,4.743953e+01,-2.693243e+03,1431.01,-2717.57
32.87700,5.457700e+02,-3.388430e+03,4.394493e+01,-2.655609e+03,1416.37,-2679.96
32.87800,5.421545e+02,-3.369590e+03,4.046151e+01,-2.616859e+03,1401.07,-2641.2
32.87900,5.409761e+02,-3.354398e+03,3.936485e+01,-2.581933e+03,1383.38,-2606.23
32.88000,5.374636e+02,-3.327061e+03,3.614927e+01,-2.536380e+03,1364.34,-2560.59
32.88100,5.347141e+02,-3.297094e+03,3.376545e+01,-2.489045e+03,1343.95,-2513.13
32.88200,5.324078e+02,-3.264449e+03,3.179017e+01,-2.439656e+03,1320.73,-2463.57
32.88300,5.300893e+02,-3.225143e+03,2.986309e+01,-2.384875e+03,1295.76,-2408.57
32.88400,5.280261e+02,-3.184094e+03,2.828710e+01,-2.328887e+03,1269.48,-2352.31
32.88500,5.255121e+02,-3.136879e+03,2.631116e+01,-2.267835e+03,1241.77,-2290.92
32.88600,5.234645e+02,-3.084372e+03,2.478769e+01,-2.202612e+03,1211.81,-2225.3
32.88700,5.212404e+02,-3.026989e+03,2.313119e+01,-2.133655e+03,1181.06,-2155.88
32.88800,5.188519e+02,-2.963069e+03,2.147508e+01,-2.059333e+03,1148.46,-2081.03
32.88900,5.165952e+02,-2.892924e+03,1.984664e+01,-1.980049e+03,1114.44,-2001.15
32.89000,5.146851e+02,-2.819633e+03,1.869830e+01,-1.898753e+03,1079.43,-1919.18
32.89100,5.128401e+02,-2.738181e+03,1.750837e+01,-1.810606e+03,1042.8,-1830.3
32.89200,5.111112e+02,-2.652692e+03,1.651177e+01,-1.719635e+03,1005.66,-1738.52
32.89300,5.094147e+02,-2.560133e+03,1.548324e+01,-1.622757e+03,966.877,-1640.77
32.89400,5.083262e+02,-2.460301e+03,1.509395e+01,-1.520342e+03,926.842,-1537.41
32.89500,5.074901e+02,-2.356156e+03,1.495862e+01,-1.414597e+03,886.352,-1430.66
32.89600,5.076769e+02,-2.247025e+03,1.573119e+01,-1.305415e+03,844.651,-1320.42
32.89700,5.076893e+02,-2.128385e+03,1.636442e+01,-1.188189e+03,802.26,-1202.07
32.89800,5.088007e+02,-2.006193e+03,1.802889e+01,-1.068751e+03,758.968,-1081.46
32.89900,5.104975e+02,-1.878495e+03,2.022934e+01,-9.451667e+02,715.168,-956.655
32.90000,5.130533e+02,-1.744979e+03,2.325997e+01,-8.172593e+02,670.421,-827.484
32.90100,5.164962e+02,-1.607608e+03,2.709351e+01,-6.867207e+02,625.644,-695.644
32.90200,5.209503e+02,-1.465859e+03,3.184105e+01,-5.531620e+02,579.705,-560.754
32.90300,5.263741e+02,-1.319601e+03,3.744955e+01,-4.165781e+02,533.926,-422.807
32.90400,5.326926e+02,-1.166690e+03,4.392068e+01,-2.748625e+02,486.976,-279.707
32.90500,5.401346e+02,-1.009449e+03,5.141905e+01,-1.302177e+02,439.786,-133.67
32.90600,5.485963e+02,-8.518440e+02,5.989971e+01,1.372711e+01,392.424,11.6735
32.90700,5.580605e+02,-6.907400e+02,6.915267e+01,1.597349e+02,344.506,159.084
32.90800,5.685531e+02,-5.271002e+02,7.951953e+01,3.071605e+02,296.186,307.909
32.90900,5.800380e+02,-3.611455e+02,9.073020e+01,4.555733e+02,248.033,457.712
32.91000,5.923580e+02,-1.937427e+02,1.027359e+02,6.043443e+02,199.318,607.854
32.91100,6.055895e+02,-2.557085e+01,1.155071e+02,7.525587e+02,150.656,757.42
32.91200,6.195945e+02,1.437236e+02,1.289283e+02,9.009753e+02,101.518,907.161
32.91300,6.343090e+02,3.132973e+02,1.430827e+02,1.048459e+03,52.6155,1055.94
32.91400,6.495955e+02,4.832071e+02,1.577507e+02,1.195288e+03,3.13284,1204.03
32.91500,6.654977e+02,6.525467e+02,1.730364e+02,1.340496e+03,-45.8807,1350.46
32.91600,6.808407e+02,8.156507e+02,1.876734e+02,1.479054e+03,-94.9735,1490.2
32.91700,6.968907e+02,9.806727e+02,2.029780e+02,1.618312e+03,-144.072,1630.6
32.91800,7.129160e+02,1.142324e+03,2.182935e+02,1.753580e+03,-192.883,1766.96
32.91900,7.278440e+02,1.296537e+03,2.326169e+02,1.881179e+03,-241.553,1895.61
32.92000,7.438073e+02,1.455167e+03,2.476778e+02,2.011470e+03,-290.255,2026.89
32.92100,7.592460e+02,1.608704e+03,2.624766e+02,2.136594e+03,-339.021,2152.95
32.92200,7.741460e+02,1.756913e+03,2.766790e+02,2.255753e+03,-387.324,2272.99
32.92300,7.885260e+02,1.901233e+03,2.903630e+02,2.370515e+03,-435.191,2388.57
32.92400,8.021720e+02,2.039675e+03,3.034162e+02,2.479154e+03,-482.491,2497.98
32.92500,8.148613e+02,2.173005e+03,3.155501e+02,2.582221e+03,-529.373,2601.76
32.92600,8.267160e+02,2.302341e+03,3.268036e+02,2.680851e+03,-575.988,2701.05
32.92700,8.376153e+02,2.427722e+03,3.371353e+02,2.775013e+03,-622.427,2795.81
32.92800,8.467600e+02,2.542399e+03,3.459119e+02,2.858735e+03,-667.294,2880.07
32.92900,8.550160e+02,2.654189e+03,3.538341e+02,2.939373e+03,-712.103,2961.18
32.93000,8.616760e+02,2.759611e+03,3.600877e+02,3.013341e+03,-756.113,3035.57
32.93100,8.664780e+02,2.856698e+03,3.647441e+02,3.078860e+03,-799.011,3101.45
32.93200,8.702867e+02,2.951354e+03,3.685368e+02,3.142025e+03,-841.8,3164.9
32.93300,8.720927e+02,3.035804e+03,3.701276e+02,3.195112e+03,-883.234,3218.22
32.93400,8.723867e+02,3.113785e+03,3.704435e+02,3.241823e+03,-923.365,3265.09
32.93500,8.708220e+02,3.185065e+03,3.689359e+02,3.281897e+03,-963.102,3305.28
32.93600,8.673227e+02,3.248517e+03,3.655880e+02,3.314401e+03,-1001.52,3337.83
32.93700,8.623253e+02,3.306820e+03,3.608218e+02,3.341942e+03,-1038.8,3365.37
32.93800,8.555753e+02,3.357711e+03,3.543377e+02,3.362529e+03,-1075.8,3385.91
32.93900,8.472287e+02,3.402879e+03,3.462801e+02,3.377270e+03,-1110.75,3400.57
32.94000,8.370567e+02,3.442209e+03,3.366121e+02,3.386551e+03,-1144.92,3409.72
32.94100,8.258053e+02,3.474431e+03,3.255971e+02,3.389115e+03,-1177.76,3412.13
32.94200,8.131087e+02,3.502873e+03,3.133393e+02,3.388242e+03,-1209.81,3411.08
32.94300,7.993173e+02,3.525886e+03,2.998826e+02,3.382167e+03,-1240.24,3404.8
32.94400,7.845973e+02,3.541720e+03,2.856835e+02,3.369446e+03,-1268.37,3391.87
32.94500,7.694060e+02,3.557682e+03,2.708482e+02,3.356973e+03,-1296.34,3379.18
32.94600,7.533873e+02,3.568719e+03,2.552600e+02,3.339760e+03,-1322.14,3361.76
32.94700,7.373813e+02,3.576721e+03,2.396635e+02,3.320031e+03,-1346.07,3341.82
32.94800,7.214153e+02,3.583242e+03,2.238610e+02,3.298929e+03,-1369.1,3320.53
32.94900,7.049107e+02,3.587097e+03,2.076121e+02,3.275335e+03,-1390.47,3296.76
32.95000,6.892520e+02,3.590076e+03,1.922346e+02,3.251473e+03,-1410.19,3272.74
32.95100,6.732073e+02,3.589237e+03,1.762904e+02,3.223762e+03,-1427.47,3244.9
32.95200,6.571568e+02,3.586844e+03,1.603327e+02,3.194752e+03,-1441.9,3215.77
32.95300,6.418206e+02,3.583107e+03,1.451377e+02,3.164847e+03,-1455.99,3185.78
32.95400,6.268870e+02,3.577718e+03,1.301427e+02,3.133880e+03,-1468.54,3154.74
32.95500,6.141907e+02,3.575879e+03,1.174748e+02,3.106440e+03,-1477.1,3127.26
32.95600,6.015663e+02,3.571545e+03,1.048372e+02,3.076953e+03,-1485.88,3097.78
32.95700,5.890262e+02,3.559197e+03,9.223920e+01,3.039689e+03,-1487.76,3060.54
32.95800,5.774521e+02,3.548500e+03,8.067120e+01,3.004799e+03,-1491.25,3025.67
32.95900,5.666505e+02,3.537230e+03,6.969567e+01,2.969471e+03,-1492.96,2990.37
32.96000,5.564217e+02,3.528495e+03,5.942878e+01,2.936951e+03,-1494.81,2957.89
32.96100,5.476286e+02,3.514611e+03,5.055713e+01,2.900026e+03,-1492.3,2921.02
32.96200,5.385174e+02,3.495482e+03,4.142611e+01,2.858605e+03,-1487.36,2879.67
32.96300,5.304316e+02,3.482460e+03,3.332945e+01,2.823043e+03,-1483.16,2844.18
32.96400,5.237712e+02,3.466910e+03,2.656717e+01,2.785963e+03,-1476.43,2807.17
32.96500,5.171582e+02,3.447333e+03,1.998307e+01,2.745417e+03,-1467.41,2766.69
32.96600,5.106562e+02,3.425773e+03,1.361572e+01,2.703330e+03,-1457.1,2724.66
32.96700,5.050319e+02,3.403921e+03,7.998207e+00,2.661741e+03,-1445.57,2683.13
32.96800,5.004683e+02,3.376997e+03,3.542705e+00,2.615767e+03,-1430.89,2637.2
32.96900,4.960486e+02,3.351723e+03,-7.976060e-01,2.571794e+03,-1415.71,2593.25
32.97000,4.922662e+02,3.322139e+03,-4.345314e+00,2.524305e+03,-1398.36,2545.77
32.97100,4.890707e+02,3.289923e+03,-7.323840e+00,2.475103e+03,-1379.65,2496.55
32.97200,4.875578e+02,3.261746e+03,-8.647753e+00,2.430061e+03,-1359.03,2451.46
32.97300,4.852939e+02,3.223959e+03,-1.060380e+01,2.376574e+03,-1336.25,2397.9
32.97400,4.834581e+02,3.181290e+03,-1.210782e+01,2.319339e+03,-1312.01,2340.56
32.97500,4.824831e+02,3.137937e+03,-1.281193e+01,2.261935e+03,-1285.79,2283.02
32.97600,4.816313e+02,3.092593e+03,-1.321645e+01,2.203341e+03,-1258.85,2224.24
32.97700,4.813903e+02,3.041981e+03,-1.309694e+01,2.140577e+03,-1229.72,2161.24
32.97800,4.813041e+02,2.987721e+03,-1.283979e+01,2.075127e+03,-1199.53,2095.49
32.97900,4.816021e+02,2.929858e+03,-1.206965e+01,2.007057e+03,-1167.84,2027.07
32.98000,4.823351e+02,2.868593e+03,-1.094645e+01,1.936581e+03,-1134.9,1956.18
32.98100,4.832422e+02,2.801239e+03,-9.570627e+00,1.861202e+03,-1100.28,1880.31
32.98200,4.844601e+02,2.730144e+03,-7.927027e+00,1.783181e+03,-1064.87,1801.73
32.98300,4.857917e+02,2.653635e+03,-6.135253e+00,1.700730e+03,-1027.98,1718.65
32.98400,4.876004e+02,2.571663e+03,-3.910357e+00,1.614180e+03,-989.815,1631.39
32.98500,4.899028e+02,2.484548e+03,-1.278256e+00,1.523809e+03,-950.787,1540.23
32.98600,4.924512e+02,2.391866e+03,1.631216e+00,1.429036e+03,-910.478,1444.59
32.98700,4.954205e+02,2.294168e+03,4.953668e+00,1.330573e+03,-869.78,1345.18
32.98800,4.988476e+02,2.190947e+03,8.662873e+00,1.227852e+03,-827.837,1241.45
32.98900,5.027313e+02,2.080400e+03,1.281721e+01,1.119332e+03,-784.996,1131.84
32.99000,5.072715e+02,1.966463e+03,1.750479e+01,1.008657e+03,-741.529,1020.01
32.99100,5.125943e+02,1.848183e+03,2.295089e+01,8.947740e+02,-697.312,904.914
32.99200,5.182794e+02,1.722073e+03,2.869433e+01,7.748773e+02,-653.065,783.748
32.99300,5.246752e+02,1.591021e+03,3.518429e+01,6.511572e+02,-607.47,658.71
32.99400,5.315365e+02,1.451751e+03,4.197983e+01,5.210385e+02,-562.032,527.23
32.99500,5.395901e+02,1.311565e+03,4.987978e+01,3.910658e+02,-515.838,395.861
32.99600,5.483427e+02,1.166282e+03,5.843677e+01,2.573673e+02,-469.243,260.74
32.99700,5.579759e+02,1.016733e+03,6.775307e+01,1.207769e+02,-422.112,122.71
32.99800,5.682827e+02,8.639053e+02,7.771973e+01,-1.792685e+01,-374.911,-17.4444
32.99900,5.796505e+02,7.070567e+02,8.861913e+01,-1.591488e+02,-327.126,-160.117
33.00000,5.917441e+02,5.471668e+02,1.001331e+02,-3.020445e+02,-279.377,-304.449
