# ale_4x_dt0.00025: forces per unit depth (N/m) on cylinder+flag (total) and flag (plate); gen_q = pressure force on the flag projected on the prescribed mode, gen_u its unprojected sum; last 2 s at 1 ms
time,total_drag,total_lift,plate_drag,plate_lift,gen_q,gen_u
31.00000,5.895786e+02,6.321631e+02,1.000333e+02,-2.203341e+02,-280.694,-224.855
31.00100,6.021371e+02,4.761759e+02,1.120473e+02,-3.591092e+02,-232.34,-365.199
31.00200,6.152952e+02,3.171332e+02,1.246115e+02,-4.996737e+02,-183.79,-507.286
31.00300,6.288671e+02,1.568895e+02,1.375075e+02,-6.403185e+02,-135.199,-649.396
31.00400,6.430775e+02,-5.832261e+00,1.509869e+02,-7.822147e+02,-86.4024,-792.692
31.00500,6.576067e+02,-1.693829e+02,1.647321e+02,-9.238700e+02,-37.57,-935.68
31.00600,6.725053e+02,-3.334513e+02,1.788165e+02,-1.064983e+03,11.3147,-1078.05
31.00700,6.875740e+02,-4.973277e+02,1.930197e+02,-1.204907e+03,60.1663,-1219.16
31.00800,7.028093e+02,-6.605436e+02,2.073590e+02,-1.343261e+03,109.019,-1358.62
31.00900,7.179860e+02,-8.223300e+02,2.216085e+02,-1.479314e+03,157.76,-1495.71
31.01000,7.330973e+02,-9.827187e+02,2.357893e+02,-1.613136e+03,206.424,-1630.5
31.01100,7.475967e+02,-1.138611e+03,2.493815e+02,-1.741885e+03,254.782,-1760.14
31.01200,7.619067e+02,-1.292921e+03,2.627882e+02,-1.868278e+03,303.115,-1887.36
31.01300,7.754687e+02,-1.442113e+03,2.754659e+02,-1.989077e+03,351.036,-2008.92
31.01400,7.885100e+02,-1.588144e+03,2.876502e+02,-2.106131e+03,398.783,-2126.68
31.01500,8.006773e+02,-1.728981e+03,2.990205e+02,-2.217541e+03,446.046,-2238.72
31.01600,8.119733e+02,-1.865249e+03,3.095582e+02,-2.323977e+03,492.994,-2345.74
31.01700,8.219020e+02,-1.994580e+03,3.188134e+02,-2.423281e+03,539.347,-2445.57
31.01800,8.309900e+02,-2.119949e+03,3.272503e+02,-2.518180e+03,585.33,-2540.94
31.01900,8.386973e+02,-2.238139e+03,3.344435e+02,-2.605825e+03,630.622,-2629
31.02000,8.451420e+02,-2.351313e+03,3.404098e+02,-2.688171e+03,675.415,-2711.71
31.02100,8.501213e+02,-2.457429e+03,3.449983e+02,-2.763378e+03,719.439,-2787.22
31.02200,8.535533e+02,-2.557023e+03,3.481776e+02,-2.832068e+03,762.79,-2856.15
31.02300,8.555187e+02,-2.650163e+03,3.499091e+02,-2.894250e+03,805.33,-2918.53
31.02400,8.557853e+02,-2.736134e+03,3.500573e+02,-2.949314e+03,846.958,-2973.73
31.02500,8.543873e+02,-2.815833e+03,3.486821e+02,-2.998170e+03,887.861,-3022.66
31.02600,8.512833e+02,-2.888638e+03,3.456759e+02,-3.040244e+03,927.829,-3064.77
31.02700,8.465900e+02,-2.954213e+03,3.411447e+02,-3.075297e+03,966.696,-3099.8
31.02800,8.402533e+02,-3.013559e+03,3.350398e+02,-3.104259e+03,1004.59,-3128.7
31.02900,8.323200e+02,-3.066607e+03,3.274745e+02,-3.127120e+03,1041.44,-3151.46
31.03000,8.229153e+02,-3.113345e+03,3.184678e+02,-3.143934e+03,1077.16,-3168.15
31.03100,8.121320e+02,-3.154468e+03,3.081365e+02,-3.155340e+03,1111.68,-3179.39
31.03200,8.001567e+02,-3.190021e+03,2.966643e+02,-3.161434e+03,1144.91,-3185.31
31.03300,7.869773e+02,-3.220449e+03,2.840349e+02,-3.162665e+03,1176.9,-3186.35
31.03400,7.730047e+02,-3.246553e+03,2.706247e+02,-3.159819e+03,1207.54,-3183.32
31.03500,7.583393e+02,-3.268950e+03,2.565304e+02,-3.153462e+03,1236.76,-3176.77
31.03600,7.432800e+02,-3.288023e+03,2.420341e+02,-3.143987e+03,1264.52,-3167.13
31.03700,7.280513e+02,-3.304664e+03,2.273257e+02,-3.132271e+03,1290.74,-3155.26
31.03800,7.124767e+02,-3.318243e+03,2.122645e+02,-3.117727e+03,1315.38,-3140.58
31.03900,6.973033e+02,-3.330821e+03,1.975225e+02,-3.102314e+03,1338.49,-3125.06
31.04000,6.824000e+02,-3.341889e+03,1.830618e+02,-3.085563e+03,1359.91,-3108.24
31.04100,6.679087e+02,-3.351721e+03,1.689143e+02,-3.067777e+03,1379.62,-3090.4
31.04200,6.539763e+02,-3.360794e+03,1.552561e+02,-3.049344e+03,1397.59,-3071.95
31.04300,6.407957e+02,-3.369697e+03,1.422859e+02,-3.030970e+03,1414.39,-3053.58
31.04400,6.281418e+02,-3.378019e+03,1.297928e+02,-3.012229e+03,1429.49,-3034.87
31.04500,6.160466e+02,-3.385508e+03,1.177897e+02,-2.992833e+03,1442.82,-3015.52
31.04600,6.051287e+02,-3.391047e+03,1.069307e+02,-2.971835e+03,1452.27,-2994.61
31.04700,5.952602e+02,-3.391947e+03,9.703540e+01,-2.946389e+03,1456.59,-2969.3
31.04800,5.864005e+02,-3.394638e+03,8.813813e+01,-2.923135e+03,1462.9,-2946.18
31.04900,5.774050e+02,-3.397992e+03,7.906207e+01,-2.900873e+03,1468.17,-2924.07
31.05000,5.692515e+02,-3.399713e+03,7.080433e+01,-2.877339e+03,1471.35,-2900.68
31.05100,5.616785e+02,-3.399322e+03,6.311612e+01,-2.852191e+03,1472.57,-2875.69
31.05200,5.550239e+02,-3.399220e+03,5.633017e+01,-2.827632e+03,1472.26,-2851.29
31.05300,5.489264e+02,-3.395697e+03,5.009971e+01,-2.800202e+03,1469.48,-2824.01
31.05400,5.434139e+02,-3.390253e+03,4.445554e+01,-2.771381e+03,1464.87,-2795.34
31.05500,5.384161e+02,-3.382855e+03,3.936486e+01,-2.741131e+03,1458.48,-2765.24
31.05600,5.338753e+02,-3.373165e+03,3.476311e+01,-2.709174e+03,1450.19,-2733.41
31.05700,5.297773e+02,-3.360623e+03,3.062149e+01,-2.675009e+03,1440.01,-2699.36
31.05800,5.260131e+02,-3.345566e+03,2.685624e+01,-2.638970e+03,1428.06,-2663.41
31.05900,5.233057e+02,-3.329651e+03,2.415326e+01,-2.602600e+03,1414.11,-2627.1
31.06000,5.202431e+02,-3.308023e+03,2.122742e+01,-2.561446e+03,1398.43,-2585.98
31.06100,5.179036e+02,-3.285049e+03,1.900121e+01,-2.519573e+03,1380.94,-2544.12
31.06200,5.156365e+02,-3.257788e+03,1.693187e+01,-2.474245e+03,1361.64,-2498.75
31.06300,5.138629e+02,-3.227748e+03,1.538431e+01,-2.426916e+03,1340.53,-2451.34
31.06400,5.121787e+02,-3.194045e+03,1.400483e+01,-2.376780e+03,1317.78,-2401.07
31.06500,5.106799e+02,-3.156581e+03,1.283973e+01,-2.323766e+03,1293.29,-2347.87
31.06600,5.093184e+02,-3.114663e+03,1.187703e+01,-2.267249e+03,1267.14,-2291.1
31.06700,5.081157e+02,-3.068601e+03,1.111897e+01,-2.207579e+03,1239.36,-2231.11
31.06800,5.070040e+02,-3.018268e+03,1.050967e+01,-2.144602e+03,1210.03,-2167.74
31.06900,5.059895e+02,-2.962941e+03,1.001595e+01,-2.077703e+03,1179.12,-2100.38
31.07000,5.050807e+02,-2.903000e+03,9.675380e+00,-2.007278e+03,1146.79,-2029.41
31.07100,5.042716e+02,-2.837924e+03,9.465573e+00,-1.932836e+03,1113.02,-1954.34
31.07200,5.035800e+02,-2.767745e+03,9.395847e+00,-1.854454e+03,1077.92,-1875.25
31.07300,5.030411e+02,-2.692070e+03,9.488447e+00,-1.771777e+03,1041.48,-1791.79
31.07400,5.027237e+02,-2.611239e+03,9.804113e+00,-1.685168e+03,1003.86,-1704.31
31.07500,5.025345e+02,-2.524449e+03,1.028043e+01,-1.593871e+03,965.098,-1612.06
31.07600,5.025763e+02,-2.431733e+03,1.096982e+01,-1.497958e+03,925.246,-1515.12
31.07700,5.031015e+02,-2.334000e+03,1.210943e+01,-1.398289e+03,884.354,-1414.34
31.07800,5.039961e+02,-2.230654e+03,1.361975e+01,-1.294353e+03,842.586,-1309.22
31.07900,5.053563e+02,-2.121334e+03,1.553778e+01,-1.185817e+03,799.901,-1199.44
31.08000,5.072533e+02,-2.006726e+03,1.798009e+01,-1.073314e+03,756.449,-1085.62
31.08100,5.098089e+02,-1.886465e+03,2.100793e+01,-9.565647e+02,712.217,-967.504
31.08200,5.130863e+02,-1.761430e+03,2.470301e+01,-8.363920e+02,667.339,-845.912
31.08300,5.170822e+02,-1.630817e+03,2.906578e+01,-7.120487e+02,621.809,-720.102
31.08400,5.219040e+02,-1.495385e+03,3.418313e+01,-5.842725e+02,575.697,-590.823
31.08500,5.275129e+02,-1.355646e+03,4.001783e+01,-4.535182e+02,529.178,-458.54
31.08600,5.341629e+02,-1.210968e+03,4.680429e+01,-3.192617e+02,482.129,-322.734
31.08700,5.416275e+02,-1.062404e+03,5.433287e+01,-1.824426e+02,434.66,-184.356
31.08800,5.500124e+02,-9.100293e+02,6.269286e+01,-4.316208e+01,386.824,-43.5125
31.08900,5.592989e+02,-7.541907e+02,7.188073e+01,9.828973e+01,338.63,99.4955
31.09000,5.694774e+02,-5.954182e+02,8.188080e+01,2.413649e+02,290.191,244.112
31.09100,5.805269e+02,-4.338563e+02,9.265713e+01,3.859666e+02,241.465,390.231
31.09200,5.923917e+02,-2.700675e+02,1.041873e+02,5.315491e+02,192.545,537.301
31.09300,6.050080e+02,-1.045605e+02,1.163835e+02,6.776720e+02,143.451,684.872
31.09400,6.183244e+02,6.241816e+01,1.292161e+02,8.240853e+02,94.1963,832.689
31.09500,6.321335e+02,2.293773e+02,1.424866e+02,9.694633e+02,44.9303,979.421
31.09600,6.466119e+02,3.976807e+02,1.563318e+02,1.115005e+03,-4.4636,1126.26
31.09700,6.614891e+02,5.654130e+02,1.705636e+02,1.259044e+03,-53.9066,1271.55
31.09800,6.767040e+02,7.324293e+02,1.850709e+02,1.401384e+03,-103.296,1415.07
31.09900,6.921147e+02,8.982207e+02,1.997319e+02,1.541599e+03,-152.601,1556.41
31.10000,7.076587e+02,1.062255e+03,2.145209e+02,1.679236e+03,-201.794,1695.12
31.10100,7.232220e+02,1.224367e+03,2.293066e+02,1.814126e+03,-250.805,1831.01
31.10200,7.381727e+02,1.381857e+03,2.434897e+02,1.943841e+03,-299.605,1961.67
31.10300,7.530460e+02,1.536699e+03,2.575750e+02,2.070205e+03,-348.131,2088.92
31.10400,7.676280e+02,1.688677e+03,2.713963e+02,2.193010e+03,-396.385,2212.55
31.10500,7.813773e+02,1.834819e+03,2.844181e+02,2.309659e+03,-444.131,2329.95
31.10600,7.946240e+02,1.977577e+03,2.969531e+02,2.422335e+03,-491.575,2443.33
31.10700,8.068733e+02,2.114744e+03,3.085504e+02,2.529062e+03,-538.496,2550.7
31.10800,8.183353e+02,2.246955e+03,3.193761e+02,2.630483e+03,-584.883,2652.71
31.10900,8.287127e+02,2.373491e+03,3.292007e+02,2.725939e+03,-630.654,2748.69
31.11000,8.380793e+02,2.495036e+03,3.380614e+02,2.816105e+03,-675.848,2839.32
31.11100,8.460587e+02,2.609780e+03,3.455987e+02,2.899365e+03,-720.259,2922.99
31.11200,8.527347e+02,2.718611e+03,3.519169e+02,2.976567e+03,-763.941,3000.54
31.11300,8.579927e+02,2.821115e+03,3.568699e+02,3.047361e+03,-806.835,3071.63
31.11400,8.617200e+02,2.916707e+03,3.603755e+02,3.111275e+03,-848.793,3135.78
31.11500,8.638320e+02,3.006171e+03,3.623515e+02,3.169020e+03,-889.929,3193.7
31.11600,8.643700e+02,3.088739e+03,3.628185e+02,3.220007e+03,-930.078,3244.81
31.11700,8.632260e+02,3.164560e+03,3.616955e+02,3.264306e+03,-969.204,3289.17
31.11800,8.603920e+02,3.233627e+03,3.589458e+02,3.302051e+03,-1007.31,3326.93
31.11900,8.559000e+02,3.295979e+03,3.546179e+02,3.333305e+03,-1044.31,3358.15
31.12000,8.497593e+02,3.351502e+03,3.486861e+02,3.357953e+03,-1080.11,3382.72
31.12100,8.419107e+02,3.400627e+03,3.411069e+02,3.376481e+03,-1114.75,3401.12
31.12200,8.325753e+02,3.443433e+03,3.320874e+02,3.388971e+03,-1148.15,3413.45
31.12300,8.217673e+02,3.480083e+03,3.216416e+02,3.395623e+03,-1180.23,3419.91
31.12400,8.096100e+02,3.511005e+03,3.098952e+02,3.396900e+03,-1211.02,3420.97
31.12500,7.962027e+02,3.536365e+03,2.969110e+02,3.392947e+03,-1240.43,3416.77
31.12600,7.815020e+02,3.555855e+03,2.826573e+02,3.383573e+03,-1268.43,3407.15
31.12700,7.661087e+02,3.571577e+03,2.676898e+02,3.370676e+03,-1294.99,3393.99
31.12800,7.499133e+02,3.582422e+03,2.519653e+02,3.353336e+03,-1319.95,3376.39
31.12900,7.329180e+02,3.589101e+03,2.353996e+02,3.332233e+03,-1343.52,3355.03
31.13000,7.160673e+02,3.593753e+03,2.189181e+02,3.309315e+03,-1365.39,3331.87
31.13100,6.989893e+02,3.595163e+03,2.021992e+02,3.283535e+03,-1385.8,3305.86
31.13200,6.818267e+02,3.593893e+03,1.853633e+02,3.255412e+03,-1404.44,3277.52
31.13300,6.648313e+02,3.590619e+03,1.686547e+02,3.225568e+03,-1421.35,3247.49
31.13400,6.485605e+02,3.586699e+03,1.525940e+02,3.195476e+03,-1437.27,3217.23
31.13500,6.326527e+02,3.581526e+03,1.368536e+02,3.164402e+03,-1451.41,3186.01
31.13600,6.167433e+02,3.574503e+03,1.211059e+02,3.131727e+03,-1463.7,3153.2
31.13700,6.023701e+02,3.564353e+03,1.068246e+02,3.096458e+03,-1471.45,3117.85
31.13800,5.887641e+02,3.550927e+03,9.329873e+01,3.058121e+03,-1476.06,3079.48
31.13900,5.760218e+02,3.538320e+03,8.060833e+01,3.021059e+03,-1481.46,3042.39
31.14000,5.632312e+02,3.526179e+03,6.782000e+01,2.984930e+03,-1486.17,3006.24
31.14100,5.514379e+02,3.512263e+03,5.601093e+01,2.947410e+03,-1488.6,2968.73
31.14200,5.401193e+02,3.496422e+03,4.468996e+01,2.908492e+03,-1489.29,2929.83
31.14300,5.302176e+02,3.482369e+03,3.477849e+01,2.871578e+03,-1488.33,2892.95
31.14400,5.207216e+02,3.463590e+03,2.525715e+01,2.830641e+03,-1484.97,2852.05
31.14500,5.121011e+02,3.444343e+03,1.663988e+01,2.789671e+03,-1479.96,2811.14
31.14600,5.043291e+02,3.423713e+03,8.886573e+00,2.747857e+03,-1473.13,2769.39
31.14700,4.973527e+02,3.401475e+03,1.926543e+00,2.704975e+03,-1464.48,2726.57
31.14800,4.911226e+02,3.377309e+03,-4.238887e+00,2.660757e+03,-1454,2682.43
31.14900,4.856423e+02,3.351621e+03,-9.642053e+00,2.615605e+03,-1441.78,2637.35
31.15000,4.808536e+02,3.323993e+03,-1.430479e+01,2.569141e+03,-1427.81,2590.95
31.15100,4.767161e+02,3.294408e+03,-1.831668e+01,2.521359e+03,-1412.05,2543.23
31.15200,4.735927e+02,3.263814e+03,-2.129209e+01,2.473147e+03,-1394.58,2495.05
31.15300,4.707715e+02,3.229607e+03,-2.390825e+01,2.422171e+03,-1375.41,2444.09
31.15400,4.684846e+02,3.192255e+03,-2.593791e+01,2.368805e+03,-1354.52,2390.72
31.15500,4.668947e+02,3.153725e+03,-2.726043e+01,2.314937e+03,-1332.07,2336.82
31.15600,4.660542e+02,3.113140e+03,-2.783097e+01,2.259742e+03,-1307.97,2281.55
31.15700,4.653928e+02,3.068635e+03,-2.814375e+01,2.201542e+03,-1282.28,2223.23
31.15800,4.653459e+02,3.021605e+03,-2.784782e+01,2.141639e+03,-1255.05,2163.16
31.15900,4.656889e+02,2.972459e+03,-2.713273e+01,2.080411e+03,-1226.3,2101.7
31.16000,4.664670e+02,2.918619e+03,-2.596843e+01,2.015524e+03,-1196.05,2036.52
31.16100,4.675973e+02,2.861463e+03,-2.443924e+01,1.948265e+03,-1164.38,1968.9
31.16200,4.690723e+02,2.800669e+03,-2.253806e+01,1.878362e+03,-1131.36,1898.55
31.16300,4.709533e+02,2.736045e+03,-2.026033e+01,1.805647e+03,-1096.96,1825.31
31.16400,4.731037e+02,2.667537e+03,-1.768051e+01,1.730089e+03,-1061.36,1749.15
31.16500,4.756323e+02,2.594329e+03,-1.475663e+01,1.650997e+03,-1024.5,1669.36
31.16600,4.784751e+02,2.516641e+03,-1.151947e+01,1.568523e+03,-986.413,1586.09
31.16700,4.816471e+02,2.434481e+03,-7.949367e+00,1.482761e+03,-947.309,1499.45
31.16800,4.852135e+02,2.347279e+03,-4.021383e+00,1.393176e+03,-907.101,1408.89
31.16900,4.891608e+02,2.255344e+03,2.538599e-01,1.300083e+03,-866.003,1314.72
31.17000,4.935253e+02,2.158119e+03,4.917279e+00,1.202976e+03,-823.952,1216.46
31.17100,4.983430e+02,2.055776e+03,9.985613e+00,1.102051e+03,-781.073,1114.29
31.17200,5.036331e+02,1.948173e+03,1.548321e+01,9.971660e+02,-737.451,1008.08
31.17300,5.094359e+02,1.835182e+03,2.144865e+01,8.882540e+02,-693.116,897.77
31.17400,5.158757e+02,1.717323e+03,2.797639e+01,7.758000e+02,-648.056,783.85
31.17500,5.229788e+02,1.595024e+03,3.510300e+01,6.601986e+02,-602.536,666.727
31.17600,5.306431e+02,1.466010e+03,4.274666e+01,5.393896e+02,-556.501,544.348
31.17700,5.390183e+02,1.332779e+03,5.101725e+01,4.156803e+02,-509.96,419.032
31.17800,5.481435e+02,1.195510e+03,5.997743e+01,2.892326e+02,-462.975,290.954
31.17900,5.579535e+02,1.053338e+03,6.951947e+01,1.593005e+02,-415.668,159.376
31.18000,5.684924e+02,9.072560e+02,7.972580e+01,2.676131e+01,-368,25.1915
31.18100,5.798109e+02,7.572013e+02,9.064260e+01,-1.084135e+02,-320.046,-111.615
31.18200,5.918061e+02,6.035713e+02,1.021644e+02,-2.458513e+02,-271.89,-250.655
31.18300,6.044899e+02,4.469925e+02,1.142925e+02,-3.849915e+02,-223.479,-391.356
31.18400,6.176198e+02,2.882612e+02,1.268116e+02,-5.250859e+02,-174.977,-532.962
31.18500,6.314099e+02,1.268044e+02,1.399171e+02,-6.666442e+02,-126.28,-675.972
31.18600,6.457407e+02,-3.619901e+01,1.535026e+02,-8.086133e+02,-77.4789,-819.329
31.18700,6.602385e+02,-1.994071e+02,1.672111e+02,-9.497773e+02,-28.638,-961.81
31.18800,6.751933e+02,-3.636029e+02,1.813439e+02,-1.090799e+03,20.221,-1104.07
31.18900,6.902733e+02,-5.272825e+02,1.955531e+02,-1.230388e+03,69.1086,-1244.83
31.19000,7.054947e+02,-6.901427e+02,2.098739e+02,-1.368227e+03,117.924,-1383.77
31.19100,7.206393e+02,-8.516340e+02,2.240882e+02,-1.503842e+03,166.677,-1520.41
31.19200,7.356127e+02,-1.011388e+03,2.381411e+02,-1.636909e+03,215.294,-1654.42
31.19300,7.504027e+02,-1.168043e+03,2.520060e+02,-1.766183e+03,263.657,-1784.58
31.19400,7.644960e+02,-1.321006e+03,2.652018e+02,-1.891163e+03,311.898,-1910.38
31.19500,7.779300e+02,-1.469439e+03,2.777599e+02,-2.011121e+03,359.786,-2031.09
31.19600,7.908120e+02,-1.614491e+03,2.897903e+02,-2.127102e+03,407.422,-2147.75
31.19700,8.028133e+02,-1.754446e+03,3.010032e+02,-2.237565e+03,454.624,-2258.85
31.19800,8.139673e+02,-1.889887e+03,3.114047e+02,-2.343085e+03,501.499,-2364.94
31.19900,8.239420e+02,-2.019223e+03,3.207071e+02,-2.442260e+03,547.829,-2464.63
31.20000,8.325147e+02,-2.142292e+03,3.286845e+02,-2.534965e+03,593.656,-2557.79
31.20100,8.400200e+02,-2.259670e+03,3.356646e+02,-2.621699e+03,638.841,-2644.93
31.20200,8.462527e+02,-2.371791e+03,3.414345e+02,-2.702955e+03,683.517,-2726.54
31.20300,8.509667e+02,-2.476797e+03,3.457889e+02,-2.777065e+03,727.445,-2800.94
31.20400,8.540933e+02,-2.574868e+03,3.486474e+02,-2.844223e+03,770.561,-2868.33
31.20500,8.557547e+02,-2.667075e+03,3.501143e+02,-2.905446e+03,813.056,-2929.73
31.20600,8.557140e+02,-2.751923e+03,3.499934e+02,-2.959385e+03,854.537,-2983.8
31.20700,8.540620e+02,-2.830274e+03,3.483458e+02,-3.006923e+03,895.258,-3031.41
31.20800,8.506533e+02,-2.901641e+03,3.450407e+02,-3.047594e+03,934.992,-3072.1
31.20900,8.456480e+02,-2.966329e+03,3.402365e+02,-3.081769e+03,973.739,-3106.25
31.21000,8.390100e+02,-3.024399e+03,3.338608e+02,-3.109497e+03,1011.44,-3133.91
31.21100,8.308120e+02,-3.076291e+03,3.260199e+02,-3.131243e+03,1048.09,-3155.55
31.21200,8.211633e+02,-3.121895e+03,3.167791e+02,-3.146965e+03,1083.58,-3171.13
31.21300,8.101567e+02,-3.162077e+03,3.062486e+02,-3.157472e+03,1117.87,-3181.47
31.21400,7.977800e+02,-3.196241e+03,2.943881e+02,-3.162268e+03,1150.92,-3186.09
31.21500,7.844967e+02,-3.225847e+03,2.816509e+02,-3.162706e+03,1182.61,-3186.34
31.21600,7.704033e+02,-3.251231e+03,2.681275e+02,-3.159161e+03,1213,-3182.61
31.21700,7.556447e+02,-3.272933e+03,2.539351e+02,-3.152155e+03,1241.95,-3175.42
31.21800,7.405307e+02,-3.291597e+03,2.393770e+02,-3.142308e+03,1269.48,-3165.4
31.21900,7.249700e+02,-3.306876e+03,2.243597e+02,-3.129347e+03,1295.38,-3152.29
31.22000,7.096773e+02,-3.320951e+03,2.095479e+02,-3.115268e+03,1319.79,-3138.09
31.22100,6.945913e+02,-3.333177e+03,1.949102e+02,-3.099526e+03,1342.51,-3122.24
31.22200,6.797387e+02,-3.343899e+03,1.804635e+02,-3.082479e+03,1363.63,-3105.13
31.22300,6.653617e+02,-3.353613e+03,1.664187e+02,-3.064591e+03,1383.08,-3087.2
31.22400,6.514295e+02,-3.362306e+03,1.527675e+02,-3.045800e+03,1400.64,-3068.39
31.22500,6.384164e+02,-3.371352e+03,1.399331e+02,-3.027640e+03,1417.31,-3050.24
31.22600,6.259702e+02,-3.379923e+03,1.276295e+02,-3.009168e+03,1432.24,-3031.8
31.22700,6.137173e+02,-3.386365e+03,1.154808e+02,-2.988733e+03,1444.69,-3011.42
31.22800,6.033241e+02,-3.390807e+03,1.051038e+02,-2.966774e+03,1452.63,-2989.56
31.22900,5.935711e+02,-3.392213e+03,9.534360e+01,-2.941886e+03,1457.8,-2964.81
31.23000,5.847416e+02,-3.395313e+03,8.647093e+01,-2.919065e+03,1463.93,-2942.13
31.23100,5.758656e+02,-3.398557e+03,7.749980e+01,-2.896755e+03,1468.98,-2919.97
31.23200,5.678826e+02,-3.400173e+03,6.941353e+01,-2.873179e+03,1471.79,-2896.54
31.23300,5.603348e+02,-3.399487e+03,6.174866e+01,-2.847836e+03,1472.78,-2871.36
31.23400,5.539757e+02,-3.399057e+03,5.524933e+01,-2.823022e+03,1471.92,-2846.71
31.23500,5.478708e+02,-3.394958e+03,4.902101e+01,-2.795126e+03,1468.83,-2818.96
31.23600,5.424437e+02,-3.389232e+03,4.347053e+01,-2.766101e+03,1463.9,-2790.09
31.23700,5.375620e+02,-3.381330e+03,3.849247e+01,-2.735475e+03,1457.13,-2759.6
31.23800,5.330948e+02,-3.370887e+03,3.397512e+01,-2.702897e+03,1448.5,-2727.15
31.23900,5.290733e+02,-3.358050e+03,2.991357e+01,-2.668546e+03,1437.96,-2692.91
31.24000,5.253725e+02,-3.342529e+03,2.622386e+01,-2.632159e+03,1425.73,-2656.61
31.24100,5.226308e+02,-3.325681e+03,2.350559e+01,-2.595014e+03,1411.4,-2619.52
31.24200,5.197473e+02,-3.303999e+03,2.075466e+01,-2.553903e+03,1395.4,-2578.44
31.24300,5.175021e+02,-3.280503e+03,1.862350e+01,-2.511625e+03,1377.55,-2536.16
31.24400,5.152313e+02,-3.252393e+03,1.657131e+01,-2.465621e+03,1357.94,-2490.12
31.24500,5.135425e+02,-3.221990e+03,1.511369e+01,-2.418062e+03,1336.54,-2442.47
31.24600,5.118868e+02,-3.187959e+03,1.377489e+01,-2.367728e+03,1313.48,-2391.99
31.24700,5.104176e+02,-3.149331e+03,1.265219e+01,-2.313749e+03,1288.66,-2337.81
31.24800,5.091029e+02,-3.106757e+03,1.174027e+01,-2.256755e+03,1262.2,-2280.55
31.24900,5.079099e+02,-3.059868e+03,1.099684e+01,-2.196417e+03,1234.14,-2219.88
31.25000,5.067958e+02,-3.008652e+03,1.039535e+01,-2.132760e+03,1204.52,-2155.82
31.25100,5.057984e+02,-2.952388e+03,9.928067e+00,-2.065135e+03,1173.34,-2087.71
31.25200,5.049098e+02,-2.891568e+03,9.618827e+00,-1.994027e+03,1140.74,-2016.05
31.25300,5.041291e+02,-2.825609e+03,9.437400e+00,-1.918901e+03,1106.72,-1940.28
31.25400,5.034505e+02,-2.754403e+03,9.387227e+00,-1.839721e+03,1071.36,-1860.38
31.25500,5.029323e+02,-2.677697e+03,9.497933e+00,-1.756230e+03,1034.7,-1776.09
31.25600,5.026438e+02,-2.595895e+03,9.853620e+00,-1.668873e+03,996.884,-1687.85
31.25700,5.024845e+02,-2.507921e+03,1.035577e+01,-1.576641e+03,957.911,-1594.65
31.25800,5.026173e+02,-2.414369e+03,1.112879e+01,-1.480120e+03,917.866,-1497.08
31.25900,5.032033e+02,-2.315660e+03,1.233214e+01,-1.379716e+03,876.831,-1395.56
31.26000,5.042271e+02,-2.211289e+03,1.394275e+01,-1.274995e+03,834.84,-1289.64
31.26100,5.057182e+02,-2.101393e+03,1.599283e+01,-1.166093e+03,792.026,-1179.48
31.26200,5.076511e+02,-1.985155e+03,1.846033e+01,-1.052260e+03,748.433,-1064.33
31.26300,5.103125e+02,-1.863875e+03,2.159984e+01,-9.347593e+02,704.087,-945.445
31.26400,5.137312e+02,-1.737917e+03,2.542348e+01,-8.139073e+02,659.082,-823.165
31.26500,5.178717e+02,-1.606459e+03,2.991603e+01,-6.889660e+02,613.408,-696.75
31.26600,5.228137e+02,-1.470374e+03,3.513885e+01,-5.607612e+02,567.311,-567.039
31.26700,5.286232e+02,-1.329417e+03,4.115859e+01,-4.290798e+02,520.627,-433.823
31.26800,5.354468e+02,-1.184007e+03,4.810508e+01,-2.943379e+02,473.503,-297.53
31.26900,5.430595e+02,-1.034721e+03,5.577274e+01,-1.570421e+02,425.97,-158.674
31.27000,5.516029e+02,-8.816440e+02,6.427431e+01,-1.729781e+01,378.067,-17.3681
31.27100,5.610525e+02,-7.252413e+02,7.361233e+01,1.244676e+02,329.844,125.951
31.27200,5.713967e+02,-5.658800e+02,8.374547e+01,2.678980e+02,281.33,270.917
31.27300,5.825927e+02,-4.039028e+02,9.467120e+01,4.126765e+02,232.58,417.208
31.27400,5.945993e+02,-2.397445e+02,1.063251e+02,5.584131e+02,183.618,564.424
31.27500,6.073533e+02,-7.387453e+01,1.186415e+02,7.046793e+02,134.489,712.129
31.27600,6.207482e+02,9.300993e+01,1.315439e+02,8.508273e+02,85.2266,859.672
31.27700,6.347643e+02,2.605444e+02,1.449926e+02,9.965340e+02,35.9119,1006.72
31.27800,6.492437e+02,4.286161e+02,1.588556e+02,1.141699e+03,-13.5103,1153.17
31.27900,6.641803e+02,5.961563e+02,1.731286e+02,1.285343e+03,-62.8984,1298.05
31.28000,6.794213e+02,7.628780e+02,1.876638e+02,1.427233e+03,-112.278,1441.11
31.28100,6.948333e+02,9.282873e+02,2.023195e+02,1.566935e+03,-161.588,1581.93
31.28200,7.103600e+02,1.091830e+03,2.170849e+02,1.703936e+03,-210.747,1719.99
31.28300,7.258240e+02,1.253029e+03,2.317738e+02,1.837807e+03,-259.696,1854.85
31.28400,7.409213e+02,1.410609e+03,2.460981e+02,1.967425e+03,-308.447,1985.41
31.28500,7.557400e+02,1.564869e+03,2.601245e+02,2.093097e+03,-356.92,2111.95
31.28600,7.701673e+02,1.715889e+03,2.737999e+02,2.214877e+03,-405.099,2234.54
31.28700,7.838447e+02,1.861420e+03,2.867468e+02,2.330791e+03,-452.795,2351.21
31.28800,7.969867e+02,2.003581e+03,2.991833e+02,2.442739e+03,-500.147,2463.85
31.28900,8.092647e+02,2.140325e+03,3.108089e+02,2.548967e+03,-547.002,2570.71
31.29000,8.204160e+02,2.271053e+03,3.213315e+02,2.648870e+03,-593.25,2671.18
31.29100,8.305673e+02,2.396522e+03,3.309516e+02,2.743219e+03,-638.9,2766.05
31.29200,8.396973e+02,2.517119e+03,3.395869e+02,2.832402e+03,-684.012,2855.68
31.29300,8.475033e+02,2.630935e+03,3.469655e+02,2.914685e+03,-728.305,2938.36
31.29400,8.539307e+02,2.738584e+03,3.530422e+02,2.990683e+03,-771.851,3014.7
31.29500,8.588967e+02,2.839787e+03,3.577265e+02,3.060187e+03,-814.583,3084.48
31.29600,8.622960e+02,2.934164e+03,3.609240e+02,3.122877e+03,-856.381,3147.4
31.29700,8.641840e+02,3.022511e+03,3.626762e+02,3.179516e+03,-897.354,3204.2
31.29800,8.643913e+02,3.103753e+03,3.628220e+02,3.229202e+03,-937.311,3254
31.29900,8.629420e+02,3.178263e+03,3.614224e+02,3.272233e+03,-976.246,3297.09
31.30000,8.598087e+02,3.246097e+03,3.583709e+02,3.308787e+03,-1014.16,3333.64
31.30100,8.549940e+02,3.307274e+03,3.537408e+02,3.338873e+03,-1050.95,3363.69
31.30200,8.485600e+02,3.361612e+03,3.475169e+02,3.362389e+03,-1086.54,3387.11
31.30300,8.404193e+02,3.409541e+03,3.396674e+02,3.379755e+03,-1120.95,3404.35
31.30400,8.308300e+02,3.451266e+03,3.303996e+02,3.391229e+03,-1154.15,3415.65
31.30500,8.197853e+02,3.486852e+03,3.197255e+02,3.396875e+03,-1185.95,3421.1
31.30600,8.072607e+02,3.516359e+03,3.076203e+02,3.396817e+03,-1216.5,3420.82
31.30700,7.935147e+02,3.540391e+03,2.943011e+02,3.391633e+03,-1245.67,3415.39
31.30800,7.787740e+02,3.559462e+03,2.800066e+02,3.381862e+03,-1273.41,3405.37
31.30900,7.631960e+02,3.574173e+03,2.648643e+02,3.368039e+03,-1299.7,3391.28
31.31000,7.468347e+02,3.584082e+03,2.489604e+02,3.349854e+03,-1324.39,3372.84
31.31100,7.299407e+02,3.590612e+03,2.324892e+02,3.328631e+03,-1347.67,3351.36
31.31200,7.129067e+02,3.594225e+03,2.158285e+02,3.304767e+03,-1369.28,3327.26
31.31300,6.958240e+02,3.595305e+03,1.990935e+02,3.278709e+03,-1389.37,3300.98
31.31400,6.787220e+02,3.593617e+03,1.823137e+02,3.250229e+03,-1407.69,3272.29
31.31500,6.618549e+02,3.589969e+03,1.657086e+02,3.220065e+03,-1424.3,3241.94
31.31600,6.456234e+02,3.585865e+03,1.496947e+02,3.189840e+03,-1439.94,3211.55
31.31700,6.298632e+02,3.580853e+03,1.340850e+02,3.158997e+03,-1453.98,3180.57
31.31800,6.138866e+02,3.573029e+03,1.182659e+02,3.125603e+03,-1465.56,3147.05
31.31900,5.998997e+02,3.561670e+03,1.043679e+02,3.089222e+03,-1471.89,3110.6
31.32000,5.864767e+02,3.549196e+03,9.101547e+01,3.051861e+03,-1477.42,3073.2
31.32100,5.736220e+02,3.536309e+03,7.820233e+01,3.014629e+03,-1482.54,3035.94
31.32200,5.610207e+02,3.523417e+03,6.559314e+01,2.977818e+03,-1486.67,2999.12
31.32300,5.493723e+02,3.509708e+03,5.394521e+01,2.940564e+03,-1488.88,2961.88
31.32400,5.380605e+02,3.493411e+03,4.263589e+01,2.901306e+03,-1489.33,2922.64
31.32500,5.283941e+02,3.478676e+03,3.294275e+01,2.863809e+03,-1487.77,2885.18
31.32600,5.190424e+02,3.460023e+03,2.358581e+01,2.823057e+03,-1484.18,2844.47
31.32700,5.105873e+02,3.440534e+03,1.512342e+01,2.781943e+03,-1478.85,2803.41
31.32800,5.029324e+02,3.419486e+03,7.489020e+00,2.739826e+03,-1471.68,2761.36
31.32900,4.961377e+02,3.397120e+03,7.199253e-01,2.696897e+03,-1462.71,2718.51
31.33000,4.900316e+02,3.372641e+03,-5.309646e+00,2.652488e+03,-1451.88,2674.17
31.33100,4.846954e+02,3.346580e+03,-1.055851e+01,2.607069e+03,-1439.34,2628.82
31.33200,4.800271e+02,3.318527e+03,-1.511271e+01,2.560305e+03,-1425.03,2582.12
31.33300,4.759621e+02,3.288497e+03,-1.903151e+01,2.512210e+03,-1409.02,2534.08
31.33400,4.730065e+02,3.257341e+03,-2.184799e+01,2.463600e+03,-1391.15,2485.5
31.33500,4.703724e+02,3.223362e+03,-2.425733e+01,2.412888e+03,-1371.67,2434.8
31.33600,4.681235e+02,3.185328e+03,-2.625881e+01,2.359010e+03,-1350.55,2380.92
31.33700,4.666267e+02,3.146132e+03,-2.747462e+01,2.304629e+03,-1327.77,2326.5
31.33800,4.659403e+02,3.105238e+03,-2.789431e+01,2.249257e+03,-1303.36,2271.04
31.33900,4.653411e+02,3.060283e+03,-2.813340e+01,2.190761e+03,-1277.39,2212.42
31.34000,4.653573e+02,3.012549e+03,-2.776826e+01,2.130325e+03,-1249.88,2151.8
31.34100,4.656712e+02,2.962060e+03,-2.707084e+01,2.067975e+03,-1220.86,2089.22
31.34200,4.666211e+02,2.908337e+03,-2.574753e+01,2.003325e+03,-1190.36,2024.26
31.34300,4.678025e+02,2.850648e+03,-2.414708e+01,1.935707e+03,-1158.46,1956.26
31.34400,4.693800e+02,2.789099e+03,-2.216609e+01,1.865223e+03,-1125.13,1885.33
31.34500,4.713145e+02,2.723900e+03,-1.982371e+01,1.792117e+03,-1090.53,1811.68
31.34600,4.735304e+02,2.654488e+03,-1.718017e+01,1.715893e+03,-1054.7,1734.83
31.34700,4.761107e+02,2.580369e+03,-1.420967e+01,1.636073e+03,-1017.58,1654.3
31.34800,4.789972e+02,2.502011e+03,-1.091739e+01,1.553145e+03,-979.375,1570.56
31.34900,4.822589e+02,2.418823e+03,-7.286173e+00,1.466579e+03,-940.027,1483.1
31.35000,4.858766e+02,2.330811e+03,-3.291470e+00,1.376399e+03,-899.667,1391.92
31.35100,4.899000e+02,2.237898e+03,1.051679e+00,1.282555e+03,-858.376,1296.99
31.35200,4.943449e+02,2.139746e+03,5.789055e+00,1.184765e+03,-816.179,1198.03
31.35300,4.992279e+02,2.036573e+03,1.091889e+01,1.083211e+03,-773.175,1095.22
31.35400,5.046319e+02,1.927891e+03,1.651893e+01,9.775247e+02,-729.38,988.193
31.35500,5.105603e+02,1.813884e+03,2.258853e+01,8.678480e+02,-684.848,877.104
31.35600,5.170685e+02,1.695235e+03,2.918165e+01,7.548273e+02,-639.835,762.607
31.35700,5.242701e+02,1.571425e+03,3.639701e+01,6.380209e+02,-594.177,644.269
31.35800,5.320795e+02,1.441726e+03,4.416324e+01,5.167463e+02,-548.014,521.416
31.35900,5.406027e+02,1.307739e+03,5.257199e+01,3.925358e+02,-501.425,395.595
31.36000,5.498456e+02,1.169489e+03,6.163985e+01,2.653814e+02,-454.376,266.807
31.36100,5.598085e+02,1.026923e+03,7.131380e+01,1.352535e+02,-406.987,135.032
31.36200,5.704581e+02,8.799207e+02,8.161813e+01,2.055408e+00,-359.257,0.191412
31.36300,5.819331e+02,7.291760e+02,9.267920e+01,-1.335669e+02,-311.276,-137.057
31.36400,5.940659e+02,5.749763e+02,1.043230e+02,-2.713467e+02,-263.057,-276.433
31.36500,6.067914e+02,4.181235e+02,1.164889e+02,-4.105525e+02,-214.637,-417.19
31.36600,6.200858e+02,2.587439e+02,1.291499e+02,-5.510460e+02,-166.101,-559.183
31.36700,6.339419e+02,9.694093e+01,1.423165e+02,-6.927400e+02,-117.377,-702.316
31.36800,6.481365e+02,-6.488113e+01,1.557751e+02,-8.334527e+02,-68.6497,-844.404
31.36900,6.629349e+02,-2.297253e+02,1.697625e+02,-9.759213e+02,-19.7046,-988.174
31.37000,6.778880e+02,-3.937391e+02,1.838786e+02,-1.116598e+03,29.1637,-1130.08
31.37100,6.929800e+02,-5.572812e+02,1.980929e+02,-1.255877e+03,78.0371,-1270.51
31.37200,7.082160e+02,-7.200167e+02,2.124206e+02,-1.393419e+03,126.846,-1409.14
31.37300,7.233120e+02,-8.809693e+02,2.265932e+02,-1.528363e+03,175.576,-1545.09
31.37400,7.381800e+02,-1.039999e+03,2.405401e+02,-1.660585e+03,224.129,-1678.25
31.37500,7.528047e+02,-1.195659e+03,2.542561e+02,-1.788797e+03,272.479,-1807.33
31.37600,7.671893e+02,-1.349310e+03,2.677167e+02,-1.914243e+03,320.665,-1933.58
31.37700,7.803587e+02,-1.496624e+03,2.800310e+02,-2.033003e+03,368.512,-2053.08
31.37800,7.930853e+02,-1.640791e+03,2.919159e+02,-2.148035e+03,416.088,-2168.79
31.37900,8.049167e+02,-1.779701e+03,3.029599e+02,-2.257379e+03,463.207,-2278.76
31.38000,8.158347e+02,-1.914098e+03,3.131525e+02,-2.361834e+03,510.023,-2383.77
31.38100,8.256540e+02,-2.042693e+03,3.223011e+02,-2.460164e+03,556.278,-2482.61
31.38200,8.343373e+02,-2.165865e+03,3.303777e+02,-2.552791e+03,602.031,-2575.69
31.38300,8.414847e+02,-2.281940e+03,3.370144e+02,-2.638211e+03,647.093,-2661.5
31.38400,8.473393e+02,-2.392070e+03,3.424415e+02,-2.717539e+03,691.586,-2741.17
31.38500,8.517627e+02,-2.495829e+03,3.465231e+02,-2.790395e+03,735.388,-2814.3
31.38600,8.546860e+02,-2.593105e+03,3.491819e+02,-2.856712e+03,778.391,-2880.84
31.38700,8.559933e+02,-2.683833e+03,3.503160e+02,-2.916487e+03,820.733,-2940.79
31.38800,8.556233e+02,-2.767516e+03,3.498968e+02,-2.969268e+03,862.084,-2993.68
31.38900,8.536447e+02,-2.844337e+03,3.479213e+02,-3.015308e+03,902.58,-3039.78
31.39000,8.499653e+02,-2.914509e+03,3.443766e+02,-3.054821e+03,942.149,-3079.31
31.39100,8.446467e+02,-2.978069e+03,3.392744e+02,-3.087878e+03,980.714,-3112.33
31.39200,8.377413e+02,-3.035199e+03,3.326501e+02,-3.114690e+03,1018.3,-3139.06
31.39300,8.292767e+02,-3.085775e+03,3.245420e+02,-3.135172e+03,1054.7,-3159.43
31.39400,8.193113e+02,-3.130119e+03,3.150033e+02,-3.149694e+03,1089.99,-3173.81
31.39500,8.079593e+02,-3.168931e+03,3.041421e+02,-3.158899e+03,1124.01,-3182.85
31.39600,7.954940e+02,-3.202533e+03,2.921923e+02,-3.163144e+03,1156.85,-3186.91
31.39700,7.820113e+02,-3.231126e+03,2.792528e+02,-3.162651e+03,1188.3,-3186.23
31.39800,7.677867e+02,-3.255927e+03,2.656060e+02,-3.158522e+03,1218.44,-3181.91
31.39900,7.529733e+02,-3.277029e+03,2.513515e+02,-3.150961e+03,1247.14,-3174.17
31.40000,7.374727e+02,-3.294218e+03,2.364239e+02,-3.139759e+03,1274.35,-3162.81
31.40100,7.221667e+02,-3.309862e+03,2.216440e+02,-3.127129e+03,1300.04,-3150.03
31.40200,7.069093e+02,-3.323529e+03,2.068639e+02,-3.112676e+03,1324.1,-3135.46
31.40300,6.918273e+02,-3.335349e+03,1.922281e+02,-3.096597e+03,1346.55,-3119.29
31.40400,6.771147e+02,-3.346054e+03,1.779038e+02,-3.079527e+03,1367.35,-3102.15
31.40500,6.627800e+02,-3.355550e+03,1.638867e+02,-3.061431e+03,1386.55,-3084.02
31.40600,6.489575e+02,-3.363997e+03,1.503339e+02,-3.042457e+03,1403.79,-3065.04
31.40700,6.361377e+02,-3.373110e+03,1.376801e+02,-3.024408e+03,1420.14,-3047
31.40800,6.238901e+02,-3.381855e+03,1.255611e+02,-3.006168e+03,1435,-3028.8
31.40900,6.116374e+02,-3.387690e+03,1.134097e+02,-2.985185e+03,1446.64,-3007.87
31.41000,6.014573e+02,-3.390757e+03,1.032448e+02,-2.961903e+03,1453.27,-2984.71
31.41100,5.919676e+02,-3.393617e+03,9.372513e+01,-2.938460e+03,1459.42,-2961.4
31.41200,5.830645e+02,-3.396123e+03,8.477413e+01,-2.915149e+03,1465.07,-2938.23
31.41300,5.743029e+02,-3.398843e+03,7.593107e+01,-2.892387e+03,1469.63,-2915.62
31.41400,5.663636e+02,-3.399873e+03,6.787120e+01,-2.868347e+03,1472.13,-2891.73
31.41500,5.590433e+02,-3.399471e+03,6.043067e+01,-2.843339e+03,1472.83,-2866.89
31.41600,5.527959e+02,-3.398459e+03,5.405036e+01,-2.818015e+03,1471.52,-2841.72
31.41700,5.468326e+02,-3.393997e+03,4.795987e+01,-2.789845e+03,1468.06,-2813.7
31.41800,5.415052e+02,-3.388028e+03,4.252173e+01,-2.760691e+03,1462.83,-2784.7
31.41900,5.366907e+02,-3.379641e+03,3.761563e+01,-2.729676e+03,1455.7,-2753.82
31.42000,5.323323e+02,-3.368905e+03,3.320862e+01,-2.696899e+03,1446.72,-2721.17
31.42100,5.283529e+02,-3.355403e+03,2.919802e+01,-2.662023e+03,1435.86,-2686.4
31.42200,5.251179e+02,-3.340798e+03,2.596223e+01,-2.626557e+03,1423.22,-2651.02
31.42300,5.221611e+02,-3.322403e+03,2.306823e+01,-2.588081e+03,1408.63,-2612.59
31.42400,5.193309e+02,-3.299967e+03,2.035214e+01,-2.546377e+03,1392.27,-2570.91
31.42500,5.170573e+02,-3.275669e+03,1.822359e+01,-2.503443e+03,1374.12,-2527.97
31.42600,5.149503e+02,-3.247294e+03,1.632361e+01,-2.457294e+03,1354.14,-2481.77
31.42700,5.131615e+02,-3.216103e+03,1.480909e+01,-2.409117e+03,1332.47,-2433.5
31.42800,5.115961e+02,-3.181185e+03,1.354205e+01,-2.358070e+03,1309.08,-2382.3
31.42900,5.101536e+02,-3.141879e+03,1.246535e+01,-2.303575e+03,1283.94,-2327.59
31.43000,5.088738e+02,-3.098541e+03,1.158755e+01,-2.245987e+03,1257.19,-2269.73
31.43100,5.076843e+02,-3.050855e+03,1.086183e+01,-2.185027e+03,1228.83,-2208.42
31.43200,5.066139e+02,-2.998793e+03,1.030344e+01,-2.120725e+03,1198.93,-2143.7
31.43300,5.056185e+02,-2.941763e+03,9.853487e+00,-2.052521e+03,1167.51,-2075
31.43400,5.047581e+02,-2.879955e+03,9.572253e+00,-1.980636e+03,1134.63,-2002.55
31.43500,5.039929e+02,-2.812983e+03,9.407673e+00,-1.904717e+03,1100.35,-1925.97
31.43600,5.033404e+02,-2.740895e+03,9.387420e+00,-1.824867e+03,1064.78,-1845.39
31.43700,5.028667e+02,-2.663279e+03,9.551127e+00,-1.740667e+03,1027.87,-1760.37
31.43800,5.025657e+02,-2.580212e+03,9.896207e+00,-1.652297e+03,989.855,-1671.1
31.43900,5.024738e+02,-2.491302e+03,1.046045e+01,-1.559359e+03,950.67,-1577.18
31.44000,5.026889e+02,-2.396869e+03,1.131038e+01,-1.462183e+03,910.475,-1478.95
31.44100,5.033214e+02,-2.297083e+03,1.256382e+01,-1.360955e+03,869.27,-1376.58
31.44200,5.043788e+02,-2.191294e+03,1.420595e+01,-1.255091e+03,827.114,-1269.52
31.44300,5.059467e+02,-2.080209e+03,1.632627e+01,-1.145253e+03,784.153,-1158.41
31.44400,5.080668e+02,-1.963431e+03,1.896616e+01,-1.031108e+03,740.406,-1042.93
31.44500,5.108350e+02,-1.840997e+03,2.220186e+01,-9.127147e+02,695.955,-923.145
31.44600,5.144069e+02,-1.714251e+03,2.617025e+01,-7.913167e+02,650.771,-800.311
31.44700,5.186558e+02,-1.582124e+03,3.076206e+01,-6.659311e+02,605.112,-673.447
31.44800,5.237912e+02,-1.444875e+03,3.615731e+01,-5.368512e+02,558.834,-542.854
31.44900,5.297566e+02,-1.303074e+03,4.232760e+01,-4.045722e+02,512.077,-409.036
31.45000,5.367375e+02,-1.156907e+03,4.941432e+01,-2.693231e+02,464.885,-272.234
31.45100,5.445109e+02,-1.007129e+03,5.722305e+01,-1.317625e+02,417.302,-133.113
31.45200,5.532240e+02,-8.532227e+02,6.588287e+01,8.564200e+00,369.304,8.77354
31.45300,5.628382e+02,-6.961713e+02,7.536727e+01,1.507271e+02,321.026,152.486
31.45400,5.733433e+02,-5.363801e+02,8.564533e+01,2.943617e+02,272.47,297.653
31.45500,5.846871e+02,-3.738481e+02,9.670947e+01,4.394473e+02,223.688,444.244
31.45600,5.968500e+02,-2.092997e+02,1.084903e+02,5.853453e+02,174.694,591.613
31.45700,6.097353e+02,-4.312587e+01,1.209435e+02,7.317020e+02,125.526,739.401
31.45800,6.231814e+02,1.235913e+02,1.338771e+02,8.775147e+02,76.2834,886.597
31.45900,6.373141e+02,2.912850e+02,1.474335e+02,1.023178e+03,26.9451,1033.59
31.46000,6.518897e+02,4.595541e+02,1.613777e+02,1.168332e+03,-22.5218,1180.02
31.46100,6.668820e+02,6.268726e+02,1.757071e+02,1.311591e+03,-71.9006,1324.5
31.46200,6.821647e+02,7.933533e+02,1.902676e+02,1.453073e+03,-121.273,1467.15
31.46300,6.975760e+02,9.583600e+02,2.049274e+02,1.592227e+03,-170.56,1607.4
31.46400,7.130453e+02,1.121421e+03,2.196353e+02,1.728591e+03,-219.675,1744.81
31.46500,7.284720e+02,1.281863e+03,2.342749e+02,1.861606e+03,-268.596,1878.81
31.46600,7.438227e+02,1.440161e+03,2.488423e+02,1.991717e+03,-317.352,2009.84
31.46700,7.583880e+02,1.592843e+03,2.626442e+02,2.115761e+03,-365.707,2134.75
31.46800,7.727367e+02,1.743153e+03,2.762301e+02,2.236751e+03,-413.818,2256.54
31.46900,7.863300e+02,1.888062e+03,2.890982e+02,2.351928e+03,-461.454,2372.46
31.47000,7.992767e+02,2.029059e+03,3.013569e+02,2.462666e+03,-508.699,2483.88
31.47100,8.114120e+02,2.165007e+03,3.128371e+02,2.568013e+03,-555.475,2589.85
31.47200,8.225447e+02,2.295305e+03,3.233584e+02,2.667379e+03,-601.626,2689.78
31.47300,8.322720e+02,2.418832e+03,3.325591e+02,2.759825e+03,-647.117,2782.73
31.47400,8.413073e+02,2.538818e+03,3.411080e+02,2.848311e+03,-692.094,2871.66
31.47500,8.488607e+02,2.651624e+03,3.482521e+02,2.929542e+03,-736.273,2953.27
31.47600,8.550173e+02,2.758025e+03,3.540657e+02,3.004291e+03,-779.672,3028.35
31.47700,8.597580e+02,2.858171e+03,3.585362e+02,3.072718e+03,-822.255,3097.05
31.47800,8.628427e+02,2.951309e+03,3.614404e+02,3.134173e+03,-863.921,3158.71
31.47900,8.644640e+02,3.038570e+03,3.629405e+02,3.189744e+03,-904.753,3214.44
31.48000,8.643567e+02,3.118449e+03,3.627851e+02,3.238058e+03,-944.469,3262.85
31.48100,8.626080e+02,3.191775e+03,3.610647e+02,3.279942e+03,-983.227,3304.78
31.48200,8.591773e+02,3.258337e+03,3.577631e+02,3.315263e+03,-1020.93,3340.1
31.48300,8.540707e+02,3.318330e+03,3.528414e+02,3.344205e+03,-1057.52,3368.99
31.48400,8.473400e+02,3.371619e+03,3.463357e+02,3.366721e+03,-1092.94,3391.4
31.48500,8.389100e+02,3.418254e+03,3.381990e+02,3.382841e+03,-1127.1,3407.39
31.48600,8.290307e+02,3.458859e+03,3.286452e+02,3.393243e+03,-1160.09,3417.61
31.48700,8.175700e+02,3.492973e+03,3.175856e+02,3.397528e+03,-1191.66,3421.7
31.48800,8.048720e+02,3.521567e+03,3.052971e+02,3.396601e+03,-1221.95,3420.54
31.48900,7.909520e+02,3.544679e+03,2.918020e+02,3.390580e+03,-1250.88,3414.27
31.49000,7.760333e+02,3.562902e+03,2.773501e+02,3.379995e+03,-1278.34,3403.43
31.49100,7.603487e+02,3.576749e+03,2.621039e+02,3.365407e+03,-1304.37,3388.59
31.49200,7.436587e+02,3.585413e+03,2.458511e+02,3.346082e+03,-1328.76,3369
31.49300,7.268967e+02,3.591718e+03,2.295087e+02,3.324629e+03,-1351.71,3347.3
31.49400,7.097800e+02,3.594698e+03,2.127783e+02,3.300222e+03,-1373.11,3322.66
31.49500,6.927607e+02,3.595553e+03,1.960742e+02,3.273968e+03,-1392.88,3296.18
31.49600,6.756200e+02,3.593253e+03,1.792629e+02,3.244971e+03,-1410.9,3266.98
31.49700,6.588979e+02,3.589568e+03,1.627854e+02,3.214849e+03,-1427.4,3236.68
31.49800,6.426615e+02,3.584994e+03,1.467591e+02,3.184196e+03,-1442.62,3205.87
31.49900,6.271234e+02,3.580361e+03,1.313599e+02,3.153793e+03,-1456.69,3175.33
31.50000,6.111956e+02,3.571190e+03,1.155927e+02,3.119181e+03,-1467.02,3140.6
31.50100,5.972873e+02,3.559080e+03,1.017730e+02,3.081995e+03,-1472.5,3103.35
31.50200,5.841497e+02,3.547167e+03,8.869933e+01,3.045332e+03,-1478.75,3066.66
31.50300,5.712825e+02,3.534301e+03,7.585847e+01,3.008191e+03,-1483.57,3029.5
31.50400,5.588099e+02,3.521069e+03,6.339006e+01,2.971104e+03,-1487.24,2992.4
31.50500,5.471318e+02,3.506326e+03,5.170317e+01,2.932977e+03,-1489.05,2954.28
31.50600,5.365132e+02,3.491805e+03,4.107254e+01,2.895425e+03,-1489.29,2916.76
31.50700,5.265990e+02,3.475195e+03,3.113447e+01,2.856251e+03,-1487.23,2877.62
31.50800,5.174098e+02,3.456420e+03,2.195173e+01,2.815455e+03,-1483.34,2836.87
31.50900,5.091082e+02,3.436594e+03,1.363853e+01,2.774113e+03,-1477.63,2795.59
31.51000,5.015642e+02,3.415093e+03,6.120063e+00,2.731653e+03,-1470.13,2753.2
31.51100,4.949427e+02,3.392635e+03,-4.548391e-01,2.688725e+03,-1460.83,2710.34
31.51200,4.890019e+02,3.368065e+03,-6.332583e+00,2.644303e+03,-1449.73,2666
31.51300,4.837594e+02,3.341498e+03,-1.146905e+01,2.598518e+03,-1436.84,2620.28
31.51400,4.792231e+02,3.313005e+03,-1.590049e+01,2.551433e+03,-1422.21,2573.26
31.51500,4.752445e+02,3.282221e+03,-1.972049e+01,2.502727e+03,-1405.83,2524.6
31.51600,4.726297e+02,3.251809e+03,-2.220481e+01,2.454904e+03,-1387.7,2476.81
31.51700,4.698683e+02,3.216270e+03,-2.472237e+01,2.402860e+03,-1367.91,2424.77
31.51800,4.678002e+02,3.178279e+03,-2.652914e+01,2.349132e+03,-1346.47,2371.03
31.51900,4.663930e+02,3.138334e+03,-2.766987e+01,2.294160e+03,-1323.42,2316.01
31.52000,4.656799e+02,3.097053e+03,-2.808157e+01,2.238541e+03,-1298.72,2260.31
31.52100,4.653097e+02,3.051640e+03,-2.811891e+01,2.179738e+03,-1272.46,2201.37
31.52200,4.653539e+02,3.004145e+03,-2.769257e+01,2.119625e+03,-1244.67,2141.07
31.52300,4.658096e+02,2.952565e+03,-2.685709e+01,2.056407e+03,-1215.39,2077.6
31.52400,4.667843e+02,2.897933e+03,-2.551042e+01,1.991027e+03,-1184.6,2011.9
31.52500,4.680493e+02,2.839609e+03,-2.382835e+01,1.922960e+03,-1152.45,1943.44
31.52600,4.696965e+02,2.777446e+03,-2.177767e+01,1.852047e+03,-1118.91,1872.06
31.52700,4.716558e+02,2.711367e+03,-1.939837e+01,1.778251e+03,-1084.05,1797.71
31.52800,4.739685e+02,2.641114e+03,-1.667961e+01,1.701392e+03,-1047.96,1720.21
31.52900,4.765883e+02,2.566331e+03,-1.365617e+01,1.621093e+03,-1010.65,1639.18
31.53000,4.795411e+02,2.487062e+03,-1.030207e+01,1.537483e+03,-972.225,1554.74
31.53100,4.828789e+02,2.403044e+03,-6.600621e+00,1.450314e+03,-932.72,1466.66
31.53200,4.865581e+02,2.314143e+03,-2.552701e+00,1.359463e+03,-892.183,1374.8
31.53300,4.906647e+02,2.220243e+03,1.864935e+00,1.264867e+03,-850.705,1279.1
31.53400,4.951609e+02,2.121250e+03,6.656404e+00,1.166453e+03,-808.374,1179.5
31.53500,5.001861e+02,2.016917e+03,1.190157e+01,1.064016e+03,-765.158,1075.79
31.53600,5.056560e+02,1.907346e+03,1.757577e+01,9.576767e+02,-721.251,968.095
31.53700,5.116564e+02,1.792662e+03,2.370311e+01,8.475287e+02,-676.739,856.524
31.53800,5.183407e+02,1.672899e+03,3.044956e+01,7.336733e+02,-631.518,741.181
31.53900,5.255880e+02,1.547872e+03,3.771437e+01,6.159107e+02,-585.804,621.876
31.54000,5.335574e+02,1.417477e+03,4.562183e+01,4.941797e+02,-539.523,498.561
31.54100,5.422014e+02,1.282318e+03,5.415381e+01,3.690662e+02,-492.856,371.832
31.54200,5.515839e+02,1.143531e+03,6.331797e+01,2.416069e+02,-445.736,242.736
31.54300,5.616781e+02,1.000461e+03,7.312433e+01,1.111949e+02,-398.302,110.677
31.54400,5.724612e+02,8.525440e+02,8.354667e+01,-2.265421e+01,-350.51,-24.8116
31.54500,5.840706e+02,7.011587e+02,9.472647e+01,-1.586813e+02,-302.474,-162.46
31.54600,5.963091e+02,5.463344e+02,1.064707e+02,-2.968460e+02,-254.241,-302.212
31.54700,6.091267e+02,3.889447e+02,1.187169e+02,-4.363543e+02,-205.797,-443.262
31.54800,6.225493e+02,2.288125e+02,1.314899e+02,-5.773549e+02,-157.187,-585.75
31.54900,6.365227e+02,6.673380e+01,1.447572e+02,-7.191153e+02,-108.454,-728.937
31.55000,6.508263e+02,-9.586640e+01,1.583102e+02,-8.603440e+02,-59.6694,-871.527
31.55100,6.655987e+02,-2.599663e+02,1.722679e+02,-1.001958e+03,-10.768,-1014.43
31.55200,6.805927e+02,-4.238525e+02,1.864137e+02,-1.142335e+03,38.0963,-1156.02
31.55300,6.957113e+02,-5.872383e+02,2.006573e+02,-1.281286e+03,86.94,-1296.11
31.55400,7.109347e+02,-7.497873e+02,2.149667e+02,-1.418481e+03,135.764,-1434.37
31.55500,7.259693e+02,-9.101473e+02,2.290805e+02,-1.552696e+03,184.424,-1569.58
31.55600,7.408053e+02,-1.068862e+03,2.429963e+02,-1.684461e+03,232.993,-1702.27
31.55700,7.553667e+02,-1.224140e+03,2.566457e+02,-1.812155e+03,281.332,-1830.82
31.55800,7.694807e+02,-1.376227e+03,2.698477e+02,-1.936017e+03,329.453,-1955.48
31.55900,7.827407e+02,-1.523422e+03,2.822558e+02,-2.054498e+03,377.218,-2074.69
31.56000,7.953340e+02,-1.666837e+03,2.940064e+02,-2.168687e+03,424.739,-2189.55
31.56100,8.069867e+02,-1.804819e+03,3.048808e+02,-2.277035e+03,471.788,-2298.51
31.56200,8.177507e+02,-1.938409e+03,3.149295e+02,-2.380582e+03,518.503,-2402.61
31.56300,8.273267e+02,-2.065917e+03,3.238523e+02,-2.477793e+03,564.666,-2500.31
31.56400,8.357327e+02,-2.187528e+03,3.316605e+02,-2.568862e+03,610.271,-2591.82
31.56500,8.427567e+02,-2.303118e+03,3.381925e+02,-2.653725e+03,655.279,-2677.07
31.56600,8.484473e+02,-2.412347e+03,3.434623e+02,-2.732102e+03,699.663,-2755.77
31.56700,8.524720e+02,-2.514515e+03,3.471603e+02,-2.803375e+03,743.299,-2827.31
31.56800,8.551567e+02,-2.610947e+03,3.496116e+02,-2.868834e+03,786.238,-2892.99
31.56900,8.561867e+02,-2.700292e+03,3.504817e+02,-2.927233e+03,828.327,-2951.54
31.57000,8.554980e+02,-2.782531e+03,3.497378e+02,-2.978594e+03,869.527,-3003.01
31.57100,8.532120e+02,-2.858417e+03,3.474961e+02,-3.023681e+03,909.891,-3048.14
31.57200,8.492640e+02,-2.927411e+03,3.436906e+02,-3.062051e+03,949.309,-3086.52
31.57300,8.436080e+02,-2.989695e+03,3.382723e+02,-3.093879e+03,987.693,-3118.3
31.57400,8.364000e+02,-3.045492e+03,3.313604e+02,-3.119405e+03,1025.05,-3143.74
31.57500,8.275633e+02,-3.094692e+03,3.228941e+02,-3.138573e+03,1061.25,-3162.79
31.57600,8.173367e+02,-3.138041e+03,3.131049e+02,-3.152127e+03,1096.34,-3176.2
31.57700,8.058140e+02,-3.175778e+03,3.020776e+02,-3.160319e+03,1130.13,-3184.22
31.57800,7.931393e+02,-3.208600e+03,2.899123e+02,-3.163815e+03,1162.77,-3187.53
31.57900,7.795227e+02,-3.236551e+03,2.768687e+02,-3.162709e+03,1193.98,-3186.24
31.58000,7.651293e+02,-3.260541e+03,2.630475e+02,-3.157824e+03,1223.88,-3181.16
31.58100,7.499453e+02,-3.280096e+03,2.484357e+02,-3.148840e+03,1252.25,-3172
31.58200,7.347107e+02,-3.297564e+03,2.337609e+02,-3.137869e+03,1279.19,-3160.87
31.58300,7.193767e+02,-3.312699e+03,2.189399e+02,-3.124773e+03,1304.6,-3147.64
31.58400,7.041187e+02,-3.325917e+03,2.041495e+02,-3.109919e+03,1328.39,-3132.67
31.58500,6.891133e+02,-3.337559e+03,1.895923e+02,-3.093678e+03,1350.52,-3116.34
31.58600,6.744880e+02,-3.348334e+03,1.753325e+02,-3.076705e+03,1371.11,-3099.31
31.58700,6.602582e+02,-3.357430e+03,1.614153e+02,-3.058240e+03,1389.86,-3080.81
31.58800,6.466536e+02,-3.366065e+03,1.480645e+02,-3.039511e+03,1407.01,-3062.08
31.58900,6.338200e+02,-3.374703e+03,1.353915e+02,-3.021018e+03,1422.96,-3043.61
31.59000,6.217533e+02,-3.383656e+03,1.234410e+02,-3.003061e+03,1437.82,-3025.7
31.59100,6.097751e+02,-3.389008e+03,1.115399e+02,-2.981674e+03,1448.3,-3004.37
31.59200,5.994281e+02,-3.390484e+03,1.012266e+02,-2.956726e+03,1453.87,-2979.55
31.59300,5.904233e+02,-3.394617e+03,9.217647e+01,-2.934659e+03,1460.86,-2957.62
31.59400,5.813991e+02,-3.397008e+03,8.309513e+01,-2.911329e+03,1466.22,-2934.43
31.59500,5.728037e+02,-3.399221e+03,7.441907e+01,-2.888148e+03,1470.25,-2911.4
31.59600,5.649648e+02,-3.399696e+03,6.645835e+01,-2.863629e+03,1472.33,-2887.04
31.59700,5.577159e+02,-3.399105e+03,5.910019e+01,-2.838523e+03,1472.79,-2862.1
31.59800,5.516358e+02,-3.397825e+03,5.286357e+01,-2.812983e+03,1471.05,-2836.71
31.59900,5.458125e+02,-3.393095e+03,4.690973e+01,-2.784647e+03,1467.29,-2808.53
31.60000,5.405890e+02,-3.386711e+03,4.158561e+01,-2.755170e+03,1461.68,-2779.2
31.60100,5.358328e+02,-3.377967e+03,3.675272e+01,-2.723911e+03,1454.26,-2748.08
31.60200,5.315790e+02,-3.366748e+03,3.245194e+01,-2.690771e+03,1444.9,-2715.06
31.60300,5.277047e+02,-3.352901e+03,2.855056e+01,-2.655642e+03,1433.73,-2680.04
31.60400,5.246985e+02,-3.338263e+03,2.554288e+01,-2.620239e+03,1420.7,-2644.71
31.60500,5.217230e+02,-3.319076e+03,2.263341e+01,-2.581117e+03,1405.8,-2605.63
31.60600,5.188967e+02,-3.295871e+03,1.994555e+01,-2.538803e+03,1389.12,-2563.34
31.60700,5.166205e+02,-3.270569e+03,1.782215e+01,-2.495037e+03,1370.59,-2519.56
31.60800,5.147330e+02,-3.242630e+03,1.612899e+01,-2.449395e+03,1350.33,-2473.86
31.60900,5.128504e+02,-3.210041e+03,1.455370e+01,-2.400020e+03,1328.32,-2424.38
31.61000,5.113251e+02,-3.174323e+03,1.332520e+01,-2.348344e+03,1304.6,-2372.54
31.61100,5.098819e+02,-3.134273e+03,1.226400e+01,-2.293281e+03,1279.22,-2317.25
31.61200,5.086456e+02,-3.090133e+03,1.143075e+01,-2.235061e+03,1252.11,-2258.74
31.61300,5.074495e+02,-3.041725e+03,1.073234e+01,-2.173566e+03,1223.5,-2196.89
31.61400,5.064387e+02,-2.988767e+03,1.022104e+01,-2.108555e+03,1193.29,-2131.45
31.61500,5.054553e+02,-2.930861e+03,9.791620e+00,-2.039681e+03,1161.61,-2062.07
31.61600,5.046055e+02,-2.868214e+03,9.523233e+00,-1.967144e+03,1128.5,-1988.94
31.61700,5.038541e+02,-2.800231e+03,9.383907e+00,-1.890441e+03,1093.95,-1911.57
31.61800,5.032423e+02,-2.727180e+03,9.401720e+00,-1.809841e+03,1058.14,-1830.22
31.61900,5.027831e+02,-2.648565e+03,9.589307e+00,-1.724873e+03,1021.03,-1744.42
31.62000,5.025149e+02,-2.564465e+03,9.963447e+00,-1.635698e+03,982.801,-1654.33
31.62100,5.024784e+02,-2.474555e+03,1.058109e+01,-1.541993e+03,943.419,-1559.63
31.62200,5.027666e+02,-2.379087e+03,1.149748e+01,-1.444023e+03,903.017,-1460.59
31.62300,5.034819e+02,-2.278243e+03,1.283521e+01,-1.341985e+03,861.617,-1357.4
31.62400,5.045943e+02,-2.171451e+03,1.453084e+01,-1.235353e+03,819.361,-1249.55
31.62500,5.062617e+02,-2.059269e+03,1.674754e+01,-1.124677e+03,776.231,-1137.59
31.62600,5.084994e+02,-1.941482e+03,1.949082e+01,-1.009783e+03,732.347,-1021.35
31.62700,5.114050e+02,-1.818007e+03,2.284987e+01,-8.906080e+02,687.731,-900.783
31.62800,5.150726e+02,-1.690514e+03,2.690559e+01,-7.686887e+02,642.551,-777.419
31.62900,5.195093e+02,-1.557365e+03,3.166930e+01,-6.425487e+02,596.727,-649.793
31.63000,5.247802e+02,-1.418997e+03,3.719359e+01,-5.126203e+02,550.352,-518.347
31.63100,5.309283e+02,-1.276527e+03,4.352048e+01,-3.799135e+02,503.512,-384.098
31.63200,5.380671e+02,-1.129743e+03,5.075895e+01,-2.442884e+02,456.247,-246.919
31.63300,5.459881e+02,-9.790240e+02,5.869367e+01,-1.060552e+02,408.59,-107.125
31.63400,5.548793e+02,-8.245107e+02,6.752233e+01,3.464002e+01,360.522,35.1283
31.63500,5.646536e+02,-6.669773e+02,7.715280e+01,1.770560e+02,312.202,179.091
31.63600,5.753167e+02,-5.065704e+02,8.757440e+01,3.210742e+02,263.583,324.635
31.63700,5.868104e+02,-3.437068e+02,9.877767e+01,4.662626e+02,214.779,471.323
31.63800,5.991130e+02,-1.787729e+02,1.106853e+02,6.123362e+02,165.724,618.86
31.63900,6.120675e+02,-1.268873e+01,1.231822e+02,7.584173e+02,116.569,766.363
31.64000,6.257231e+02,1.548111e+02,1.363188e+02,9.047393e+02,67.2753,914.058
31.64100,6.398400e+02,3.223691e+02,1.498516e+02,1.050090e+03,17.9213,1060.73
31.64200,6.545565e+02,4.903828e+02,1.639331e+02,1.194829e+03,-31.5217,1206.73
31.64300,6.695967e+02,6.575671e+02,1.783007e+02,1.337774e+03,-80.8901,1350.89
31.64400,6.849240e+02,8.237640e+02,1.928818e+02,1.478822e+03,-130.255,1493.09
31.64500,7.003267e+02,9.884047e+02,2.075508e+02,1.617453e+03,-179.519,1632.81
31.64600,7.157473e+02,1.150993e+03,2.221984e+02,1.753205e+03,-228.612,1769.59
31.64700,7.311480e+02,1.310740e+03,2.368085e+02,1.885406e+03,-277.478,1902.76
31.64800,7.464027e+02,1.468259e+03,2.512827e+02,2.014646e+03,-326.195,2032.91
31.64900,7.613020e+02,1.621832e+03,2.654020e+02,2.139333e+03,-374.544,2158.46
31.65000,7.753407e+02,1.770491e+03,2.786959e+02,2.258653e+03,-422.548,2278.57
31.65100,7.887947e+02,1.914559e+03,2.914284e+02,2.372906e+03,-470.126,2393.55
31.65200,8.015747e+02,2.054525e+03,3.035275e+02,2.482579e+03,-517.288,2503.9
31.65300,8.135600e+02,2.189519e+03,3.148597e+02,2.586875e+03,-563.915,2608.81
31.65400,8.244920e+02,2.318816e+03,3.252023e+02,2.685191e+03,-609.972,2707.67
31.65500,8.342327e+02,2.441972e+03,3.344125e+02,2.777155e+03,-655.351,2800.13
31.65600,8.429933e+02,2.560839e+03,3.427101e+02,2.864495e+03,-700.232,2887.91
31.65700,8.502293e+02,2.672219e+03,3.495334e+02,2.944287e+03,-744.241,2968.07
31.65800,8.560980e+02,2.777253e+03,3.550836e+02,3.017688e+03,-787.466,3041.79
31.65900,8.605760e+02,2.876397e+03,3.592995e+02,3.085093e+03,-829.907,3109.45
31.66000,8.633293e+02,2.968221e+03,3.618807e+02,3.145247e+03,-871.403,3169.8
31.66100,8.646820e+02,3.054343e+03,3.631367e+02,3.199683e+03,-912.111,3224.38
31.66200,8.642993e+02,3.133028e+03,3.627139e+02,3.246811e+03,-951.616,3271.6
31.66300,8.622347e+02,3.205173e+03,3.607003e+02,3.287546e+03,-990.198,3312.37
31.66400,8.585113e+02,3.270437e+03,3.571040e+02,3.321608e+03,-1027.71,3346.42
31.66500,8.530867e+02,3.329172e+03,3.518811e+02,3.349330e+03,-1064.07,3374.08
31.66600,8.460400e+02,3.381322e+03,3.450875e+02,3.370728e+03,-1099.24,3395.37
31.66700,8.372513e+02,3.426528e+03,3.365999e+02,3.385521e+03,-1133.22,3410.02
31.66800,8.270113e+02,3.465730e+03,3.267015e+02,3.394601e+03,-1165.96,3418.92
31.66900,8.153867e+02,3.499047e+03,3.154731e+02,3.398122e+03,-1197.33,3422.23
31.67000,8.024813e+02,3.526695e+03,3.029727e+02,3.396313e+03,-1227.35,3420.19
31.67100,7.883393e+02,3.548768e+03,2.892914e+02,3.389325e+03,-1256,3412.95
31.67200,7.732733e+02,3.566109e+03,2.746557e+02,3.377916e+03,-1283.2,3401.29
31.67300,7.571393e+02,3.578327e+03,2.589881e+02,3.361851e+03,-1308.95,3384.96
31.67400,7.406327e+02,3.587119e+03,2.428940e+02,3.342638e+03,-1333.1,3365.49
31.67500,7.237893e+02,3.592555e+03,2.264656e+02,3.320393e+03,-1355.74,3343
31.67600,7.066953e+02,3.595239e+03,2.097393e+02,3.295738e+03,-1376.87,3318.11
31.67700,6.896673e+02,3.595549e+03,1.930363e+02,3.269017e+03,-1396.31,3291.18
31.67800,6.725153e+02,3.592731e+03,1.762057e+02,3.239574e+03,-1414.05,3261.54
31.67900,6.559171e+02,3.589016e+03,1.598388e+02,3.209479e+03,-1430.4,3231.27
31.68000,6.397182e+02,3.584116e+03,1.438363e+02,3.178537e+03,-1445.25,3200.17
31.68100,6.242570e+02,3.579449e+03,1.285372e+02,3.148167e+03,-1459.15,3169.67
31.68200,6.086077e+02,3.569755e+03,1.130255e+02,3.113111e+03,-1468.8,3134.5
31.68300,5.947621e+02,3.556209e+03,9.926293e+01,3.074543e+03,-1473.04,3095.89
31.68400,5.817925e+02,3.544603e+03,8.634360e+01,3.038266e+03,-1479.63,3059.58
31.68500,5.689098e+02,3.532226e+03,7.349580e+01,3.001685e+03,-1484.44,3022.98
31.68600,5.565881e+02,3.518418e+03,6.116714e+01,2.964135e+03,-1487.75,2985.43
31.68700,5.450611e+02,3.503307e+03,4.964344e+01,2.925711e+03,-1489.11,2947.02
31.68800,5.346549e+02,3.488713e+03,3.921617e+01,2.888168e+03,-1489.06,2909.5
31.68900,5.247936e+02,3.471685e+03,2.933414e+01,2.848675e+03,-1486.66,2870.05
31.69000,5.158153e+02,3.452723e+03,2.035528e+01,2.807787e+03,-1482.4,2829.21
31.69100,5.076264e+02,3.432681e+03,1.218020e+01,2.766325e+03,-1476.39,2787.81
31.69200,5.003150e+02,3.411221e+03,4.880162e+00,2.723959e+03,-1468.58,2745.51
31.69300,4.937975e+02,3.388135e+03,-1.596255e+00,2.680541e+03,-1458.89,2702.17
31.69400,4.879559e+02,3.363129e+03,-7.370560e+00,2.635809e+03,-1447.49,2657.51
31.69500,4.828660e+02,3.336195e+03,-1.236008e+01,2.589773e+03,-1434.25,2611.55
31.69600,4.784346e+02,3.307391e+03,-1.665511e+01,2.542489e+03,-1419.33,2564.33
31.69700,4.745346e+02,3.276081e+03,-2.041151e+01,2.493420e+03,-1402.65,2515.3
31.69800,4.718333e+02,3.244619e+03,-2.292555e+01,2.444684e+03,-1384.19,2466.59
31.69900,4.692603e+02,3.208475e+03,-2.527015e+01,2.392209e+03,-1364.12,2414.12
31.70000,4.674977e+02,3.171163e+03,-2.678406e+01,2.339199e+03,-1342.34,2361.09
31.70100,4.660949e+02,3.130333e+03,-2.791324e+01,2.283516e+03,-1318.99,2305.35
31.70200,4.654481e+02,3.088401e+03,-2.822381e+01,2.227423e+03,-1294.03,2249.16
31.70300,4.652699e+02,3.043309e+03,-2.809544e+01,2.169004e+03,-1267.45,2190.6
31.70400,4.653061e+02,2.994164e+03,-2.767942e+01,2.107498e+03,-1239.39,2128.9
31.70500,4.659592e+02,2.942655e+03,-2.665356e+01,2.044462e+03,-1209.81,2065.6
31.70600,4.669557e+02,2.887466e+03,-2.525084e+01,1.978707e+03,-1178.81,1999.51
31.70700,4.683157e+02,2.828419e+03,-2.350385e+01,1.910087e+03,-1146.38,1930.49
31.70800,4.700025e+02,2.765575e+03,-2.139557e+01,1.838692e+03,-1112.61,1858.61
31.70900,4.720416e+02,2.698781e+03,-1.894781e+01,1.764395e+03,-1077.56,1783.74
31.71000,4.744131e+02,2.627639e+03,-1.616665e+01,1.686823e+03,-1041.19,1705.51
31.71100,4.770749e+02,2.552299e+03,-1.309253e+01,1.606171e+03,-1003.72,1624.11
31.71200,4.801259e+02,2.471919e+03,-9.664467e+00,1.521675e+03,-965.036,1538.78
31.71300,4.835033e+02,2.387107e+03,-5.895057e+00,1.433917e+03,-925.369,1450.08
31.71400,4.872530e+02,2.297264e+03,-1.802993e+00,1.342364e+03,-884.656,1357.5
31.71500,4.914389e+02,2.202475e+03,2.697611e+00,1.247115e+03,-843.013,1261.14
31.71600,4.960347e+02,2.102396e+03,7.563560e+00,1.147847e+03,-800.491,1160.67
31.71700,5.011278e+02,1.997356e+03,1.288806e+01,1.044941e+03,-757.194,1056.47
31.71800,5.066401e+02,1.886707e+03,1.858371e+01,9.377620e+02,-713.235,947.929
31.71900,5.128177e+02,1.770893e+03,2.487027e+01,8.267500e+02,-668.497,835.481
31.72000,5.196348e+02,1.650619e+03,3.174737e+01,7.125880e+02,-623.183,719.82
31.72100,5.269778e+02,1.524268e+03,3.910342e+01,5.937868e+02,-577.355,599.468
31.72200,5.350614e+02,1.393072e+03,4.710616e+01,4.714989e+02,-531.02,475.59
31.72300,5.438429e+02,1.257001e+03,5.575857e+01,3.457388e+02,-484.286,348.211
31.72400,5.533571e+02,1.117765e+03,6.504115e+01,2.180439e+02,-437.097,218.877
31.72500,5.635743e+02,9.731267e+02,7.496467e+01,8.637567e+01,-389.57,85.5627
31.72600,5.745025e+02,8.249047e+02,8.551573e+01,-4.757307e+01,-341.752,-50.0231
31.72700,5.861865e+02,6.729073e+02,9.675433e+01,-1.839809e+02,-293.635,-188.047
31.72800,5.985739e+02,5.175236e+02,1.086394e+02,-3.224693e+02,-245.422,-328.113
31.72900,6.115136e+02,3.593809e+02,1.209921e+02,-4.624812e+02,-196.915,-469.656
31.73000,6.250113e+02,1.990659e+02,1.338122e+02,-6.034603e+02,-148.292,-612.111
31.73100,6.391669e+02,3.632728e+01,1.472547e+02,-7.456420e+02,-99.5203,-755.707
31.73200,6.535048e+02,-1.264273e+02,1.608349e+02,-8.868373e+02,-50.6907,-898.25
31.73300,6.682927e+02,-2.902910e+02,1.748011e+02,-1.028034e+03,-1.83686,-1040.72
31.73400,6.833100e+02,-4.540993e+02,1.889717e+02,-1.168157e+03,47.0297,-1182.04
31.73500,6.984327e+02,-6.172091e+02,2.031997e+02,-1.306673e+03,95.8739,-1321.68
31.73600,7.136340e+02,-7.795020e+02,2.174927e+02,-1.443459e+03,144.687,-1459.52
31.73700,7.285487e+02,-9.387420e+02,2.315114e+02,-1.576501e+03,193.253,-1593.55
31.73800,7.434107e+02,-1.097499e+03,2.454298e+02,-1.708108e+03,241.847,-1726.06
31.73900,7.579833e+02,-1.252770e+03,2.590781e+02,-1.835613e+03,290.182,-1854.41
31.74000,7.718547e+02,-1.403440e+03,2.720613e+02,-1.958021e+03,338.203,-1977.6
31.74100,7.852233e+02,-1.550675e+03,2.845795e+02,-2.076381e+03,385.934,-2096.68
31.74200,7.975307e+02,-1.692632e+03,2.960584e+02,-2.189082e+03,433.38,-2210.04
31.74300,8.089887e+02,-1.829625e+03,3.067607e+02,-2.296394e+03,480.345,-2317.96
31.74400,8.195973e+02,-1.962303e+03,3.166403e+02,-2.398949e+03,526.965,-2421.06
31.74500,8.290007e+02,-2.089094e+03,3.253951e+02,-2.495351e+03,573.061,-2517.94
31.74600,8.370940e+02,-2.209125e+03,3.329243e+02,-2.584867e+03,618.523,-2607.89
31.74700,8.439233e+02,-2.323805e+03,3.392743e+02,-2.668772e+03,663.439,-2692.17
31.74800,8.493347e+02,-2.431893e+03,3.442767e+02,-2.745964e+03,707.686,-2769.68
31.74900,8.532373e+02,-2.533342e+03,3.478617e+02,-2.816482e+03,751.21,-2840.45
31.75000,8.555980e+02,-2.628399e+03,3.500082e+02,-2.880568e+03,793.999,-2904.74
31.75100,8.562940e+02,-2.716193e+03,3.505605e+02,-2.937456e+03,835.911,-2961.78
31.75200,8.553007e+02,-2.797286e+03,3.495312e+02,-2.987694e+03,876.969,-3012.11
31.75300,8.526773e+02,-2.872191e+03,3.469923e+02,-3.031809e+03,917.226,-3056.26
31.75400,8.484140e+02,-2.939735e+03,3.428772e+02,-3.068764e+03,956.421,-3093.21
31.75500,8.424467e+02,-3.000802e+03,3.371473e+02,-3.099392e+03,994.628,-3123.79
31.75600,8.349080e+02,-3.055179e+03,3.299238e+02,-3.123555e+03,1031.74,-3147.86
31.75700,8.258200e+02,-3.103223e+03,3.212235e+02,-3.141621e+03,1067.73,-3165.8
31.75800,8.153340e+02,-3.145623e+03,3.111818e+02,-3.154255e+03,1102.63,-3178.28
31.75900,8.036127e+02,-3.182419e+03,2.999670e+02,-3.161544e+03,1136.22,-3185.39
31.76000,7.907447e+02,-3.214317e+03,2.876306e+02,-3.164161e+03,1168.57,-3187.83
31.76100,7.770027e+02,-3.241592e+03,2.744434e+02,-3.162414e+03,1199.58,-3185.89
31.76200,7.621780e+02,-3.263943e+03,2.602076e+02,-3.156025e+03,1229.18,-3179.32
31.76300,7.471820e+02,-3.283691e+03,2.457755e+02,-3.147197e+03,1257.36,-3170.32
31.76400,7.319187e+02,-3.300657e+03,2.310641e+02,-3.135772e+03,1283.97,-3158.73
31.76500,7.165967e+02,-3.315432e+03,2.162339e+02,-3.122337e+03,1309.09,-3145.16
31.76600,7.013800e+02,-3.328544e+03,2.014916e+02,-3.107381e+03,1332.64,-3130.1
31.76700,6.864247e+02,-3.339667e+03,1.869729e+02,-3.090673e+03,1354.43,-3113.31
31.76800,6.718420e+02,-3.350133e+03,1.727598e+02,-3.073447e+03,1374.7,-3096.03
31.76900,6.577303e+02,-3.359055e+03,1.589331e+02,-3.054856e+03,1393.08,-3077.42
31.77000,6.443250e+02,-3.367915e+03,1.457638e+02,-3.036373e+03,1410.12,-3058.94
31.77100,6.315431e+02,-3.376368e+03,1.331455e+02,-3.017709e+03,1425.7,-3040.3
31.77200,6.195080e+02,-3.384929e+03,1.212096e+02,-2.999399e+03,1440.11,-3022.04
31.77300,6.078641e+02,-3.390247e+03,1.096467e+02,-2.978059e+03,1450.26,-3000.77
31.77400,5.977149e+02,-3.391330e+03,9.950860e+01,-2.952741e+03,1455.04,-2975.58
31.77500,5.888471e+02,-3.394742e+03,9.059847e+01,-2.930073e+03,1461.74,-2953.05
31.77600,5.797940e+02,-3.397626e+03,8.146687e+01,-2.907251e+03,1467.12,-2930.38
31.77700,5.713851e+02,-3.399489e+03,7.296887e+01,-2.883800e+03,1470.76,-2907.08
31.77800,5.635650e+02,-3.399532e+03,6.505221e+01,-2.858941e+03,1472.51,-2882.38
31.77900,5.566599e+02,-3.399300e+03,5.801420e+01,-2.834200e+03,1472.61,-2857.8
31.78000,5.504835e+02,-3.396954e+03,5.169289e+01,-2.807753e+03,1470.52,-2831.51
31.78100,5.448103e+02,-3.391991e+03,4.589151e+01,-2.779278e+03,1466.37,-2803.19
31.78200,5.396889e+02,-3.385249e+03,4.066521e+01,-2.749537e+03,1460.45,-2773.59
31.78300,5.350301e+02,-3.376134e+03,3.593854e+01,-2.718015e+03,1452.68,-2742.21
31.78400,5.308240e+02,-3.364349e+03,3.168932e+01,-2.684426e+03,1442.99,-2708.74
31.78500,5.270733e+02,-3.350387e+03,2.791254e+01,-2.649272e+03,1431.48,-2673.68
31.78600,5.240795e+02,-3.334681e+03,2.492935e+01,-2.612972e+03,1418.11,-2637.45
31.78700,5.212601e+02,-3.315503e+03,2.218305e+01,-2.573945e+03,1402.87,-2598.46
31.78800,5.184723e+02,-3.291599e+03,1.953931e+01,-2.531088e+03,1385.87,-2555.63
31.78900,5.162643e+02,-3.265829e+03,1.749176e+01,-2.486979e+03,1367.01,-2511.5
31.79000,5.144487e+02,-3.237323e+03,1.589052e+01,-2.440921e+03,1346.44,-2465.37
31.79100,5.125939e+02,-3.204050e+03,1.433971e+01,-2.391017e+03,1324.12,-2415.35
31.79200,5.110586e+02,-3.167375e+03,1.311721e+01,-2.338567e+03,1300.09,-2362.73
31.79300,5.096632e+02,-3.126659e+03,1.211041e+01,-2.283003e+03,1274.38,-2306.93
31.79400,5.084215e+02,-3.081767e+03,1.129311e+01,-2.224219e+03,1247.04,-2247.84
31.79500,5.072383e+02,-3.032435e+03,1.061826e+01,-2.161991e+03,1218.12,-2185.24
31.79600,5.062855e+02,-2.978796e+03,1.015934e+01,-2.096470e+03,1187.62,-2119.28
31.79700,5.052712e+02,-2.919811e+03,9.719120e+00,-2.026729e+03,1155.68,-2049.01
31.79800,5.044469e+02,-2.856167e+03,9.481147e+00,-1.953409e+03,1122.27,-1975.09
31.79900,5.037227e+02,-2.787383e+03,9.372820e+00,-1.876106e+03,1087.53,-1897.11
31.80000,5.031245e+02,-2.713299e+03,9.405933e+00,-1.794705e+03,1051.49,-1814.94
31.80100,5.027242e+02,-2.633757e+03,9.646273e+00,-1.709041e+03,1014.18,-1728.43
31.80200,5.024890e+02,-2.548567e+03,1.005943e+01,-1.618993e+03,975.698,-1637.45
31.80300,5.025017e+02,-2.457632e+03,1.071739e+01,-1.524494e+03,936.126,-1541.94
31.80400,5.028568e+02,-2.361050e+03,1.170257e+01,-1.425661e+03,895.523,-1442.02
31.80500,5.036388e+02,-2.259435e+03,1.310803e+01,-1.323065e+03,854.015,-1338.27
31.80600,5.048359e+02,-2.151309e+03,1.487359e+01,-1.215378e+03,811.544,-1229.35
31.80700,5.065827e+02,-2.038050e+03,1.717411e+01,-1.103879e+03,768.286,-1116.56
31.80800,5.089729e+02,-1.919292e+03,2.004842e+01,-9.882707e+02,724.212,-999.593
31.80900,5.119734e+02,-1.795173e+03,2.349704e+01,-8.686747e+02,679.628,-878.593
31.81000,5.158044e+02,-1.666369e+03,2.769551e+01,-7.457300e+02,634.235,-754.194
31.81100,5.203774e+02,-1.532142e+03,3.259203e+01,-6.187837e+02,588.31,-625.755
31.81200,5.258026e+02,-1.393209e+03,3.825730e+01,-4.885135e+02,541.869,-493.963
31.81300,5.321504e+02,-1.249811e+03,4.477023e+01,-3.551366e+02,494.935,-359.041
31.81400,5.394076e+02,-1.102330e+03,5.210137e+01,-2.190697e+02,447.613,-221.419
31.81500,5.475223e+02,-9.507007e+02,6.021963e+01,-8.016740e+01,399.835,-80.9564
31.81600,5.565651e+02,-7.958587e+02,6.917780e+01,6.062495e+01,351.75,61.3914
31.81700,5.665014e+02,-6.376295e+02,7.896400e+01,2.034926e+02,303.363,205.801
31.81800,5.773139e+02,-4.767415e+02,8.952660e+01,3.477373e+02,254.732,351.567
31.81900,5.889696e+02,-3.135186e+02,1.008598e+02,4.930889e+02,205.867,498.411
31.82000,6.014185e+02,-1.480941e+02,1.129141e+02,6.394197e+02,156.751,646.198
31.82100,6.144684e+02,1.806461e+01,1.254915e+02,7.853727e+02,107.621,793.562
31.82200,6.282510e+02,1.858781e+02,1.387433e+02,9.317940e+02,58.272,941.346
31.82300,6.424725e+02,3.535202e+02,1.523703e+02,1.077033e+03,8.90087,1087.9
31.82400,6.572225e+02,5.212272e+02,1.664845e+02,1.221311e+03,-40.5268,1233.43
31.82500,6.723213e+02,6.882780e+02,1.808905e+02,1.363938e+03,-89.8929,1377.25
31.82600,6.876827e+02,8.542107e+02,1.955051e+02,1.504559e+03,-139.247,1519.01
31.82700,7.030933e+02,1.018416e+03,2.101737e+02,1.642610e+03,-188.468,1658.14
31.82800,7.184913e+02,1.180516e+03,2.248007e+02,1.777743e+03,-237.543,1794.29
31.82900,7.338087e+02,1.339283e+03,2.393247e+02,1.908860e+03,-286.325,1926.37
31.83000,7.490053e+02,1.496403e+03,2.537431e+02,2.037581e+03,-335.044,2055.99
31.83100,7.636647e+02,1.648538e+03,2.676407e+02,2.160799e+03,-383.272,2180.05
31.83200,7.781533e+02,1.798633e+03,2.813601e+02,2.281254e+03,-431.311,2301.29
31.83300,7.912140e+02,1.940541e+03,2.937147e+02,2.393379e+03,-478.718,2414.14
31.83400,8.038187e+02,2.079493e+03,3.056436e+02,2.501973e+03,-525.782,2523.39
31.83500,8.156640e+02,2.213891e+03,3.168382e+02,2.605584e+03,-572.376,2627.61
31.83600,8.264060e+02,2.342200e+03,3.270155e+02,2.702861e+03,-618.31,2725.43
31.83700,8.359880e+02,2.464695e+03,3.360744e+02,2.794092e+03,-663.628,2817.14
31.83800,8.444607e+02,2.581953e+03,3.440933e+02,2.879832e+03,-708.319,2903.3
31.83900,8.515787e+02,2.692619e+03,3.508120e+02,2.958849e+03,-752.189,2982.68
31.84000,8.572093e+02,2.796683e+03,3.561290e+02,3.031249e+03,-795.305,3055.39
31.84100,8.613720e+02,2.894363e+03,3.600412e+02,3.097200e+03,-837.537,3121.59
31.84200,8.638007e+02,2.984853e+03,3.623053e+02,3.156049e+03,-878.866,3180.62
31.84300,8.648813e+02,3.069929e+03,3.633226e+02,3.209424e+03,-919.396,3234.13
31.84400,8.641600e+02,3.147347e+03,3.625783e+02,3.255314e+03,-958.735,3280.1
31.84500,8.618167e+02,3.218303e+03,3.602867e+02,3.294880e+03,-997.128,3319.69
31.84600,8.577787e+02,3.282367e+03,3.563927e+02,3.327771e+03,-1034.41,3352.55
31.84700,8.519833e+02,3.339617e+03,3.508095e+02,3.354093e+03,-1070.59,3378.81
31.84800,8.445593e+02,3.390539e+03,3.436451e+02,3.374317e+03,-1105.58,3398.92
31.84900,8.355360e+02,3.434659e+03,3.349347e+02,3.388067e+03,-1139.31,3412.51
31.85000,8.250413e+02,3.472653e+03,3.247945e+02,3.395997e+03,-1171.75,3420.26
31.85100,8.131520e+02,3.504863e+03,3.133081e+02,3.398476e+03,-1202.93,3422.52
31.85200,8.000227e+02,3.531566e+03,3.005880e+02,3.395804e+03,-1232.74,3419.62
31.85300,7.857440e+02,3.552802e+03,2.867565e+02,3.388023e+03,-1261.11,3411.59
31.85400,7.701967e+02,3.568480e+03,2.716576e+02,3.375088e+03,-1288.02,3398.4
31.85500,7.541933e+02,3.580587e+03,2.561306e+02,3.358912e+03,-1313.5,3381.96
31.85600,7.375507e+02,3.588563e+03,2.399003e+02,3.338960e+03,-1337.43,3361.75
31.85700,7.206987e+02,3.593628e+03,2.234459e+02,3.316401e+03,-1359.76,3338.95
31.85800,7.036340e+02,3.595736e+03,2.067290e+02,3.291221e+03,-1380.55,3313.54
31.85900,6.865653e+02,3.595437e+03,1.899891e+02,3.263969e+03,-1399.73,3286.08
31.86000,6.694173e+02,3.592073e+03,1.731673e+02,3.234046e+03,-1417.15,3255.96
31.86100,6.529473e+02,3.588372e+03,1.569203e+02,3.204035e+03,-1433.27,3225.78
31.86200,6.368494e+02,3.583211e+03,1.409953e+02,3.172898e+03,-1447.79,3194.49
31.86300,6.212429e+02,3.577611e+03,1.255564e+02,3.141632e+03,-1461.12,3163.1
31.86400,6.060293e+02,3.569041e+03,1.104624e+02,3.107749e+03,-1470.94,3129.12
31.86500,5.922163e+02,3.554057e+03,9.673520e+01,3.067859e+03,-1474.48,3089.19
31.86600,5.794583e+02,3.541841e+03,8.401553e+01,3.031026e+03,-1480.32,3052.33
31.86700,5.665434e+02,3.529423e+03,7.112567e+01,2.994517e+03,-1485.12,3015.8
31.86800,5.544593e+02,3.515529e+03,5.903018e+01,2.956951e+03,-1488.04,2978.24
31.86900,5.430050e+02,3.500392e+03,4.757437e+01,2.918582e+03,-1489.23,2939.89
31.87000,5.328311e+02,3.485641e+03,3.736828e+01,2.880944e+03,-1488.84,2902.28
31.87100,5.230033e+02,3.468088e+03,2.754502e+01,2.841025e+03,-1485.99,2862.4
31.87200,5.142263e+02,3.449157e+03,1.876430e+01,2.800253e+03,-1481.46,2821.68
31.87300,5.061893e+02,3.428713e+03,1.074294e+01,2.758493e+03,-1475.11,2779.99
31.87400,4.990068e+02,3.406977e+03,3.587898e+00,2.715960e+03,-1466.93,2737.52
31.87500,4.926077e+02,3.383398e+03,-2.777521e+00,2.672171e+03,-1456.94,2693.81
31.87600,4.869072e+02,3.358107e+03,-8.390067e+00,2.627264e+03,-1445.17,2648.98
31.87700,4.819743e+02,3.330979e+03,-1.323035e+01,2.581131e+03,-1431.65,2602.91
31.87800,4.776596e+02,3.301621e+03,-1.739890e+01,2.533429e+03,-1416.37,2555.27
31.87900,4.737896e+02,3.269619e+03,-2.112105e+01,2.483807e+03,-1399.42,2505.69
31.88000,4.713926e+02,3.238385e+03,-2.334704e+01,2.435379e+03,-1380.61,2457.28
31.88100,4.688033e+02,3.201215e+03,-2.568189e+01,2.382073e+03,-1360.22,2403.98
31.88200,4.671939e+02,3.163791e+03,-2.704175e+01,2.329060e+03,-1338.2,2350.94
31.88300,4.659188e+02,3.122913e+03,-2.803178e+01,2.273433e+03,-1314.51,2295.26
31.88400,4.653451e+02,3.080021e+03,-2.828625e+01,2.216568e+03,-1289.26,2238.29
31.88500,4.651947e+02,3.034667e+03,-2.809351e+01,2.158025e+03,-1262.41,2179.59
31.88600,4.654130e+02,2.985156e+03,-2.751051e+01,2.096299e+03,-1234.07,2117.66
31.88700,4.661207e+02,2.932973e+03,-2.642589e+01,2.032765e+03,-1204.25,2053.85
31.88800,4.671451e+02,2.876883e+03,-2.498752e+01,1.966297e+03,-1172.96,1987.04
31.88900,4.685710e+02,2.817164e+03,-2.317139e+01,1.897190e+03,-1140.29,1917.51
31.89000,4.703127e+02,2.753593e+03,-2.100287e+01,1.825249e+03,-1106.28,1845.07
31.89100,4.724285e+02,2.686044e+03,-1.848481e+01,1.750395e+03,-1070.98,1769.63
31.89200,4.748509e+02,2.614023e+03,-1.565560e+01,1.672152e+03,-1034.42,1690.71
31.89300,4.775843e+02,2.537864e+03,-1.249954e+01,1.590895e+03,-996.706,1608.69
31.89400,4.806853e+02,2.456813e+03,-9.025247e+00,1.505939e+03,-957.877,1522.88
31.89500,4.841399e+02,2.371007e+03,-5.194503e+00,1.417407e+03,-917.978,1433.39
31.89600,4.879573e+02,2.280245e+03,-1.038652e+00,1.325168e+03,-877.118,1340.11
31.89700,4.922141e+02,2.184583e+03,3.526311e+00,1.229258e+03,-835.326,1243.07
31.89800,4.969079e+02,2.083531e+03,8.482067e+00,1.129280e+03,-792.623,1141.87
31.89900,5.020697e+02,1.977752e+03,1.386353e+01,1.025836e+03,-749.222,1037.13
31.90000,5.077045e+02,1.865586e+03,1.966590e+01,9.174400e+02,-705.073,927.352
31.90100,5.139871e+02,1.749107e+03,2.605835e+01,8.059880e+02,-660.263,814.451
31.90200,5.210406e+02,1.628809e+03,3.314609e+01,6.919833e+02,-614.78,698.939
31.90300,5.284130e+02,1.500565e+03,4.052174e+01,5.716203e+02,-568.929,577.017
31.90400,5.365970e+02,1.368467e+03,4.861083e+01,4.486969e+02,-522.516,452.497
31.90500,5.455309e+02,1.232307e+03,5.740045e+01,3.230154e+02,-475.677,325.194
31.90600,5.551438e+02,1.091399e+03,6.676733e+01,1.939541e+02,-428.415,194.491
31.90700,5.654895e+02,9.461113e+02,7.680653e+01,6.188483e+01,-380.854,60.7767
31.90800,5.765917e+02,7.970600e+02,8.752247e+01,-7.264707e+01,-332.952,-75.3892
31.90900,5.883123e+02,6.447160e+02,9.879447e+01,-2.091923e+02,-284.889,-213.544
31.91000,6.008664e+02,4.885737e+02,1.108188e+02,-3.481813e+02,-236.576,-354.1
31.91100,6.139093e+02,3.299275e+02,1.232682e+02,-4.884670e+02,-188.059,-495.907
31.91200,6.275289e+02,1.693203e+02,1.362039e+02,-6.295305e+02,-139.4,-638.435
31.91300,6.415604e+02,7.402373e+00,1.495241e+02,-7.707873e+02,-90.6741,-781.093
31.91400,6.561529e+02,-1.566387e+02,1.633267e+02,-9.129667e+02,-41.7703,-924.605
31.91500,6.709807e+02,-3.204627e+02,1.773385e+02,-1.053941e+03,7.08013,-1066.84
31.91600,6.860207e+02,-4.842079e+02,1.915247e+02,-1.193831e+03,55.9662,-1207.91
31.91700,7.011720e+02,-6.473151e+02,2.057823e+02,-1.332157e+03,104.804,-1347.35
31.91800,7.163133e+02,-8.090647e+02,2.200098e+02,-1.468264e+03,153.566,-1484.5
31.91900,7.313193e+02,-9.689327e+02,2.340997e+02,-1.601689e+03,202.209,-1618.89
31.92000,7.459993e+02,-1.126055e+03,2.478446e+02,-1.731647e+03,250.693,-1749.75
31.92100,7.604820e+02,-1.280678e+03,2.614232e+02,-1.858413e+03,299.005,-1877.34
31.92200,7.742333e+02,-1.430712e+03,2.742828e+02,-1.980055e+03,346.977,-1999.75
31.92300,7.874653e+02,-1.577341e+03,2.866581e+02,-2.097706e+03,394.694,-2118.11
31.92400,7.999327e+02,-1.719300e+03,2.983007e+02,-2.210256e+03,442.051,-2231.31
31.92500,8.110927e+02,-1.855009e+03,3.087169e+02,-2.316216e+03,488.933,-2337.87
31.92600,8.214187e+02,-1.986003e+03,3.183413e+02,-2.417115e+03,535.389,-2439.3
31.92700,8.306007e+02,-2.111832e+03,3.268791e+02,-2.512505e+03,581.433,-2535.17
31.92800,8.384247e+02,-2.230536e+03,3.341604e+02,-2.600673e+03,626.767,-2623.76
31.92900,8.450560e+02,-2.344421e+03,3.403149e+02,-2.683713e+03,671.602,-2707.16
31.93000,8.501913e+02,-2.451205e+03,3.450627e+02,-2.759605e+03,715.693,-2783.36
31.93100,8.538000e+02,-2.551431e+03,3.483747e+02,-2.828886e+03,759.051,-2852.89
31.93200,8.558887e+02,-2.645247e+03,3.502452e+02,-2.891743e+03,801.728,-2915.93
31.93300,8.562640e+02,-2.731879e+03,3.505208e+02,-2.947452e+03,843.483,-2971.78
31.93400,8.550327e+02,-2.812053e+03,3.492642e+02,-2.996783e+03,884.422,-3021.19
31.93500,8.520507e+02,-2.885409e+03,3.463929e+02,-3.039391e+03,924.482,-3063.83
31.93600,8.474887e+02,-2.951564e+03,3.419810e+02,-3.074988e+03,963.458,-3099.41
31.93700,8.412587e+02,-3.011395e+03,3.359795e+02,-3.104409e+03,1001.45,-3128.78
31.93800,8.334113e+02,-3.064915e+03,3.284873e+02,-3.127760e+03,1038.47,-3152.03
31.93900,8.240473e+02,-3.111742e+03,3.195247e+02,-3.144653e+03,1074.22,-3168.79
31.94000,8.133087e+02,-3.153173e+03,3.092429e+02,-3.156356e+03,1108.87,-3180.34
31.94100,8.014040e+02,-3.188980e+03,2.978420e+02,-3.162691e+03,1142.27,-3186.49
31.94200,7.883400e+02,-3.220015e+03,2.853210e+02,-3.164493e+03,1174.39,-3188.11
31.94300,7.741413e+02,-3.245525e+03,2.716945e+02,-3.161116e+03,1205.13,-3184.55
31.94400,7.594820e+02,-3.268049e+03,2.576147e+02,-3.154869e+03,1234.48,-3178.12
31.94500,7.444233e+02,-3.287139e+03,2.431163e+02,-3.145426e+03,1262.39,-3168.5
31.94600,7.291267e+02,-3.303757e+03,2.283641e+02,-3.133685e+03,1288.71,-3156.61
31.94700,7.138107e+02,-3.318035e+03,2.135377e+02,-3.119780e+03,1313.52,-3142.57
31.94800,6.986387e+02,-3.330749e+03,1.988247e+02,-3.104480e+03,1336.75,-3127.17
31.94900,6.837420e+02,-3.341823e+03,1.843570e+02,-3.087734e+03,1358.32,-3110.35
31.95000,6.691953e+02,-3.351773e+03,1.701648e+02,-3.070035e+03,1378.21,-3092.6
31.95100,6.552102e+02,-3.360762e+03,1.564518e+02,-3.051531e+03,1396.35,-3074.08
31.95200,6.419249e+02,-3.369557e+03,1.433984e+02,-3.033035e+03,1413.22,-3055.59
31.95300,6.292238e+02,-3.377750e+03,1.308612e+02,-3.014163e+03,1428.39,-3036.75
31.95400,6.171598e+02,-3.385655e+03,1.188920e+02,-2.995203e+03,1442.22,-3017.84
31.95500,6.060183e+02,-3.391535e+03,1.078185e+02,-2.974486e+03,1452.12,-2997.21
31.95600,5.960051e+02,-3.392362e+03,9.778440e+01,-2.948943e+03,1456.42,-2971.8
31.95700,5.871939e+02,-3.394845e+03,8.893407e+01,-2.925445e+03,1462.52,-2948.44
31.95800,5.781601e+02,-3.397771e+03,7.981813e+01,-2.902769e+03,1467.89,-2925.92
31.95900,5.699069e+02,-3.399735e+03,7.146780e+01,-2.879445e+03,1471.27,-2902.75
31.96000,5.622463e+02,-3.399387e+03,6.370778e+01,-2.854293e+03,1472.6,-2877.75
31.96100,5.556107e+02,-3.399551e+03,5.693291e+01,-2.829957e+03,1472.46,-2853.58
31.96200,5.494153e+02,-3.396111e+03,5.059680e+01,-2.802579e+03,1469.87,-2826.36
31.96300,5.438311e+02,-3.390995e+03,4.488992e+01,-2.774029e+03,1465.46,-2797.96
31.96400,5.388001e+02,-3.383901e+03,3.976598e+01,-2.744042e+03,1459.25,-2768.12
31.96500,5.342276e+02,-3.374275e+03,3.512569e+01,-2.712119e+03,1451.09,-2736.33
31.96600,5.301021e+02,-3.361972e+03,3.096033e+01,-2.678121e+03,1441.04,-2702.45
31.96700,5.264769e+02,-3.347739e+03,2.730857e+01,-2.642813e+03,1429.24,-2667.23
31.96800,5.236981e+02,-3.331997e+03,2.453555e+01,-2.606553e+03,1415.44,-2631.04
31.96900,5.207305e+02,-3.311538e+03,2.167720e+01,-2.566441e+03,1399.92,-2590.96
31.97000,5.180639e+02,-3.287187e+03,1.915027e+01,-2.523265e+03,1382.58,-2547.8
31.97100,5.158675e+02,-3.260821e+03,1.714009e+01,-2.478704e+03,1363.42,-2503.21
31.97200,5.141735e+02,-3.231883e+03,1.565637e+01,-2.432341e+03,1342.49,-2456.77
31.97300,5.122951e+02,-3.197635e+03,1.409155e+01,-2.381651e+03,1319.86,-2405.95
31.97400,5.108081e+02,-3.160302e+03,1.293488e+01,-2.328704e+03,1295.52,-2352.82
31.97500,5.094551e+02,-3.118965e+03,1.197651e+01,-2.272668e+03,1269.51,-2296.54
31.97600,5.082124e+02,-3.073174e+03,1.117730e+01,-2.213183e+03,1241.88,-2236.74
31.97700,5.070325e+02,-3.022969e+03,1.050201e+01,-2.150267e+03,1212.67,-2173.44
31.97800,5.060837e+02,-2.968469e+03,1.005740e+01,-2.084087e+03,1181.93,-2106.8
31.97900,5.051201e+02,-2.908707e+03,9.669013e+00,-2.013754e+03,1149.7,-2035.93
31.98000,5.043069e+02,-2.844113e+03,9.450500e+00,-1.939694e+03,1116.04,-1961.26
31.98100,5.036018e+02,-2.774375e+03,9.358133e+00,-1.861647e+03,1081.06,-1882.51
31.98200,5.030362e+02,-2.699217e+03,9.426380e+00,-1.779409e+03,1044.77,-1799.49
31.98300,5.026735e+02,-2.618721e+03,9.705240e+00,-1.693011e+03,1007.24,-1712.23
31.98400,5.024711e+02,-2.532474e+03,1.016415e+01,-1.602132e+03,968.548,-1620.41
31.98500,5.025145e+02,-2.440435e+03,1.085127e+01,-1.506777e+03,928.814,-1524.03
31.98600,5.029455e+02,-2.343057e+03,1.190730e+01,-1.407368e+03,888.078,-1423.52
31.98700,5.037903e+02,-2.239943e+03,1.336635e+01,-1.303557e+03,846.323,-1318.54
31.98800,5.050998e+02,-2.131039e+03,1.523923e+01,-1.195325e+03,803.713,-1209.06
31.98900,5.069553e+02,-2.016775e+03,1.764200e+01,-1.083065e+03,760.279,-1095.5
31.99000,5.094186e+02,-1.897169e+03,2.058232e+01,-9.668380e+02,716.188,-977.909
31.99100,5.126303e+02,-1.772371e+03,2.421569e+01,-8.468007e+02,671.368,-856.459
31.99200,5.165509e+02,-1.642090e+03,2.850831e+01,-7.226740e+02,625.906,-730.87
31.99300,5.212899e+02,-1.506857e+03,3.355276e+01,-5.949914e+02,579.875,-601.689
31.99400,5.268556e+02,-1.367280e+03,3.934603e+01,-4.643120e+02,533.366,-469.483
31.99500,5.333919e+02,-1.223030e+03,4.603166e+01,-3.303383e+02,486.348,-333.963
31.99600,5.407783e+02,-1.074690e+03,5.348419e+01,-1.936695e+02,438.94,-195.738
31.99700,5.490740e+02,-9.224767e+02,6.176163e+01,-5.442737e+01,391.107,-54.9365
31.99800,5.582837e+02,-7.668593e+02,7.087473e+01,8.689333e+01,342.956,87.9371
31.99900,5.683781e+02,-6.082103e+02,8.079980e+01,2.299552e+02,294.519,232.537
32.00000,5.793472e+02,-4.467969e+02,9.150640e+01,3.744864e+02,245.839,378.584
32.00100,5.911577e+02,-2.830365e+02,1.029827e+02,5.201467e+02,196.91,525.73
32.00200,6.036338e+02,-1.181645e+02,1.150489e+02,6.657831e+02,147.88,672.813
32.00300,6.169095e+02,4.903145e+01,1.278439e+02,8.124780e+02,98.6406,820.909
32.00400,6.308200e+02,2.170658e+02,1.412119e+02,9.589160e+02,49.2728,968.7
32.00500,6.451053e+02,3.845329e+02,1.548828e+02,1.103802e+03,-0.094707,1114.89
32.00600,6.599125e+02,5.520841e+02,1.690434e+02,1.247744e+03,-49.514,1260.07
32.00700,6.750600e+02,7.189340e+02,1.834917e+02,1.390015e+03,-98.8815,1403.53
32.00800,6.904360e+02,8.846153e+02,1.981266e+02,1.530224e+03,-148.236,1544.86
32.00900,7.058533e+02,1.048453e+03,2.127914e+02,1.667750e+03,-197.431,1683.46
32.01000,7.212320e+02,1.209987e+03,2.274029e+02,1.802199e+03,-246.463,1818.91
32.01100,7.365753e+02,1.369067e+03,2.419615e+02,1.933460e+03,-295.341,1951.12
32.01200,7.516247e+02,1.524587e+03,2.562242e+02,2.060497e+03,-343.87,2079.05
32.01300,7.661647e+02,1.675923e+03,2.700050e+02,2.182839e+03,-392.062,2202.22
32.01400,7.803567e+02,1.824219e+03,2.834397e+02,2.301491e+03,-439.951,2321.65
32.01500,7.937287e+02,1.967315e+03,2.960977e+02,2.414525e+03,-487.373,2435.39
32.01600,8.061213e+02,2.105101e+03,3.078226e+02,2.521912e+03,-534.347,2543.43
32.01700,8.177180e+02,2.237965e+03,3.187869e+02,2.623973e+03,-580.757,2646.09
32.01800,8.282640e+02,2.365257e+03,3.287737e+02,2.720191e+03,-626.6,2742.84
32.01900,8.377167e+02,2.487056e+03,3.376971e+02,2.810640e+03,-671.822,2833.76
32.02000,8.458887e+02,2.602798e+03,3.454317e+02,2.894867e+03,-716.332,2918.4
32.02100,8.526893e+02,2.712171e+03,3.518599e+02,2.972619e+03,-760.088,2996.5
32.02200,8.581173e+02,2.815340e+03,3.569827e+02,3.044079e+03,-803.041,3068.25
32.02300,8.620680e+02,2.912111e+03,3.607021e+02,3.109083e+03,-845.162,3133.49
32.02400,8.642047e+02,3.001413e+03,3.626839e+02,3.166745e+03,-886.322,3191.33
32.02500,8.649413e+02,3.085004e+03,3.633630e+02,3.218664e+03,-926.617,3243.38
32.02600,8.639173e+02,3.161378e+03,3.623489e+02,3.263539e+03,-965.841,3288.32
32.02700,8.612640e+02,3.230872e+03,3.597360e+02,3.301687e+03,-1004,3326.48
32.02800,8.568367e+02,3.293541e+03,3.554834e+02,3.333254e+03,-1041.1,3358.01
32.02900,8.507780e+02,3.349688e+03,3.496487e+02,3.358496e+03,-1077.05,3383.18
32.03000,8.430840e+02,3.399405e+03,3.422187e+02,3.377570e+03,-1111.82,3402.13
32.03100,8.337580e+02,3.442493e+03,3.332162e+02,3.390341e+03,-1145.37,3414.74
32.03200,8.230153e+02,3.479299e+03,3.228282e+02,3.397151e+03,-1177.5,3421.36
32.03300,8.108893e+02,3.510477e+03,3.111205e+02,3.398646e+03,-1208.47,3422.64
32.03400,7.975013e+02,3.536013e+03,2.981504e+02,3.394881e+03,-1238.02,3418.63
32.03500,7.827140e+02,3.555477e+03,2.838235e+02,3.385459e+03,-1266.13,3408.96
32.03600,7.672860e+02,3.571121e+03,2.688229e+02,3.372508e+03,-1292.85,3395.75
32.03700,7.511773e+02,3.582325e+03,2.531815e+02,3.355495e+03,-1317.98,3378.48
32.03800,7.344940e+02,3.589961e+03,2.369263e+02,3.335257e+03,-1341.68,3357.99
32.03900,7.176160e+02,3.594514e+03,2.204156e+02,3.312245e+03,-1363.69,3334.74
32.04000,7.004880e+02,3.595892e+03,2.036565e+02,3.286420e+03,-1384.21,3308.69
32.04100,6.834000e+02,3.595003e+03,1.868995e+02,3.258639e+03,-1403.04,3280.7
32.04200,6.663155e+02,3.591510e+03,1.700911e+02,3.228587e+03,-1420.11,3250.46
32.04300,6.499741e+02,3.587633e+03,1.539811e+02,3.198496e+03,-1436.08,3220.2
32.04400,6.339905e+02,3.582286e+03,1.381637e+02,3.167241e+03,-1450.29,3188.8
32.04500,6.181599e+02,3.575563e+03,1.224941e+02,3.134887e+03,-1462.94,3156.32
32.04600,6.034476e+02,3.566255e+03,1.078875e+02,3.100370e+03,-1471.7,3121.72
32.04700,5.898117e+02,3.552111e+03,9.433073e+01,3.061364e+03,-1475.64,3082.68
32.04800,5.770751e+02,3.539151e+03,8.163940e+01,3.023911e+03,-1481.04,3045.2
32.04900,5.642688e+02,3.527034e+03,6.883280e+01,2.987750e+03,-1485.82,3009.03
32.05000,5.523166e+02,3.512948e+03,5.688651e+01,2.950075e+03,-1488.41,2971.36
32.05100,5.409419e+02,3.497183e+03,4.551699e+01,2.911189e+03,-1489.17,2932.49
32.05200,5.309425e+02,3.482189e+03,3.548196e+01,2.873393e+03,-1488.52,2894.73
32.05300,5.213143e+02,3.464581e+03,2.586061e+01,2.833500e+03,-1485.27,2854.88
32.05400,5.126850e+02,3.445361e+03,1.721284e+01,2.792522e+03,-1480.4,2813.96
32.05500,5.048094e+02,3.424703e+03,9.349867e+00,2.750643e+03,-1473.73,2772.14
32.05600,4.977645e+02,3.402720e+03,2.341965e+00,2.707967e+03,-1465.23,2729.54
32.05700,4.914709e+02,3.378697e+03,-3.897560e+00,2.663846e+03,-1454.9,2685.49
32.05800,4.859528e+02,3.353255e+03,-9.336500e+00,2.618887e+03,-1442.83,2640.61
32.05900,4.810900e+02,3.325615e+03,-1.408129e+01,2.572364e+03,-1428.97,2594.16
32.06000,4.769549e+02,3.295895e+03,-1.809195e+01,2.524440e+03,-1413.38,2546.29
32.06100,4.732218e+02,3.263875e+03,-2.165045e+01,2.474875e+03,-1396.13,2496.76
32.06200,4.708195e+02,3.231540e+03,-2.388427e+01,2.425543e+03,-1376.99,2447.45
32.06300,4.684485e+02,3.194495e+03,-2.599201e+01,2.372450e+03,-1356.32,2394.35
32.06400,4.669361e+02,3.156845e+03,-2.726399e+01,2.319323e+03,-1333.97,2341.2
32.06500,4.658909e+02,3.116063e+03,-2.800315e+01,2.263912e+03,-1310.02,2285.72
32.06600,4.652623e+02,3.072385e+03,-2.831004e+01,2.206417e+03,-1284.43,2228.11
32.06700,4.651817e+02,3.025759e+03,-2.804142e+01,2.146813e+03,-1257.33,2168.34
32.06800,4.655412e+02,2.975953e+03,-2.732415e+01,2.084938e+03,-1228.71,2106.25
32.06900,4.662565e+02,2.923029e+03,-2.621048e+01,2.020847e+03,-1198.64,2041.87
32.07000,4.673709e+02,2.866145e+03,-2.469925e+01,1.953775e+03,-1167.07,1974.44
32.07100,4.688831e+02,2.805940e+03,-2.278904e+01,1.884347e+03,-1134.16,1904.58
32.07200,4.706577e+02,2.741484e+03,-2.059291e+01,1.811749e+03,-1099.93,1831.47
32.07300,4.728249e+02,2.673192e+03,-1.801730e+01,1.736319e+03,-1064.39,1755.44
32.07400,4.753008e+02,2.600477e+03,-1.512293e+01,1.657591e+03,-1027.62,1676.02
32.07500,4.781288e+02,2.523138e+03,-1.190679e+01,1.575376e+03,-989.634,1593.02
32.07600,4.812610e+02,2.441536e+03,-8.382667e+00,1.490063e+03,-950.662,1506.83
32.07700,4.847931e+02,2.354716e+03,-4.482861e+00,1.400752e+03,-910.547,1416.56
32.07800,4.886759e+02,2.263121e+03,-2.623801e-01,1.307901e+03,-869.538,1322.65
32.07900,4.930358e+02,2.166413e+03,4.395511e+00,1.211185e+03,-827.544,1224.78
32.08000,4.977690e+02,2.064746e+03,9.387840e+00,1.110808e+03,-784.794,1123.17
32.08100,5.030561e+02,1.957605e+03,1.489033e+01,1.006278e+03,-741.209,1017.32
32.08200,5.087875e+02,1.844657e+03,2.077419e+01,8.973267e+02,-696.955,906.981
32.08300,5.151759e+02,1.727150e+03,2.725929e+01,7.851027e+02,-652.016,793.297
32.08400,5.223109e+02,1.605703e+03,3.441847e+01,6.702167e+02,-606.442,676.893
32.08500,5.298126e+02,1.476457e+03,4.191433e+01,5.490951e+02,-560.476,554.206
32.08600,5.381474e+02,1.343707e+03,5.013644e+01,4.257725e+02,-514,429.281
32.08700,5.472103e+02,1.206842e+03,5.904167e+01,2.996131e+02,-467.064,301.496
32.08800,5.569476e+02,1.064933e+03,6.851940e+01,1.698251e+02,-419.753,170.065
32.08900,5.674385e+02,9.188613e+02,7.868647e+01,3.720979e+01,-372.115,35.8069
32.09000,5.786012e+02,7.697540e+02,8.945107e+01,-9.718900e+01,-324.248,-100.222
32.09100,5.905485e+02,6.158550e+02,1.009313e+02,-2.349695e+02,-276.06,-239.603
32.09200,6.031555e+02,4.597416e+02,1.129940e+02,-3.737547e+02,-227.711,-379.947
32.09300,6.163240e+02,3.004698e+02,1.255547e+02,-5.144235e+02,-179.186,-522.126
32.09400,6.300691e+02,1.390871e+02,1.386169e+02,-6.560147e+02,-130.476,-665.17
32.09500,6.441301e+02,-2.246981e+01,1.519481e+02,-7.967447e+02,-81.7604,-807.288
32.09600,6.588020e+02,-1.867942e+02,1.658187e+02,-9.390073e+02,-32.8594,-950.869
32.09700,6.736700e+02,-3.505819e+02,1.798703e+02,-1.079761e+03,15.9818,-1092.87
32.09800,6.887473e+02,-5.143572e+02,1.940847e+02,-1.219503e+03,64.8989,-1233.78
32.09900,7.039073e+02,-6.772707e+02,2.083479e+02,-1.357465e+03,113.71,-1372.84
32.10000,7.189740e+02,-8.384307e+02,2.224943e+02,-1.492863e+03,162.447,-1509.26
32.10100,7.339807e+02,-9.981160e+02,2.365797e+02,-1.625946e+03,211.116,-1643.3
32.10200,7.485880e+02,-1.154512e+03,2.502687e+02,-1.755064e+03,259.509,-1773.3
32.10300,7.628427e+02,-1.307933e+03,2.636138e+02,-1.880550e+03,307.75,-1899.61
32.10400,7.765893e+02,-1.457717e+03,2.764779e+02,-2.001811e+03,355.713,-2021.63
32.10500,7.896500e+02,-1.603357e+03,2.886711e+02,-2.118397e+03,403.381,-2138.91
32.10600,8.019067e+02,-1.744260e+03,3.001229e+02,-2.229829e+03,450.653,-2250.98
32.10700,8.133180e+02,-1.880677e+03,3.107791e+02,-2.336279e+03,497.518,-2358.02
32.10800,8.232253e+02,-2.009735e+03,3.200191e+02,-2.435281e+03,543.858,-2457.54
32.10900,8.321820e+02,-2.134455e+03,3.283583e+02,-2.529535e+03,589.784,-2552.27
32.11000,8.397807e+02,-2.252005e+03,3.354092e+02,-2.616498e+03,634.989,-2639.64
32.11100,8.461353e+02,-2.364749e+03,3.413111e+02,-2.698373e+03,679.706,-2721.87
32.11200,8.509913e+02,-2.470352e+03,3.457981e+02,-2.773076e+03,723.703,-2796.87
32.11300,8.543153e+02,-2.569385e+03,3.488377e+02,-2.841137e+03,766.916,-2865.17
32.11400,8.561347e+02,-2.661959e+03,3.504405e+02,-2.902760e+03,809.432,-2926.97
32.11500,8.562087e+02,-2.747247e+03,3.504398e+02,-2.957148e+03,850.999,-2981.48
32.11600,8.546787e+02,-2.826284e+03,3.489043e+02,-3.005331e+03,891.808,-3029.74
32.11700,8.513920e+02,-2.898301e+03,3.457335e+02,-3.046642e+03,931.67,-3071.07
32.11800,8.465167e+02,-2.963407e+03,3.410398e+02,-3.081227e+03,970.522,-3105.63
32.11900,8.399840e+02,-3.021919e+03,3.347564e+02,-3.109383e+03,1008.3,-3133.72
32.12000,8.318533e+02,-3.074239e+03,3.269907e+02,-3.131557e+03,1045.1,-3155.79
32.12100,8.222440e+02,-3.120138e+03,3.177893e+02,-3.147553e+03,1080.7,-3171.65
32.12200,8.112620e+02,-3.160399e+03,3.072816e+02,-3.158151e+03,1115.04,-3182.09
32.12300,7.991280e+02,-3.195397e+03,2.956582e+02,-3.163716e+03,1148.27,-3187.47
32.12400,7.855780e+02,-3.224605e+03,2.826762e+02,-3.163815e+03,1180.12,-3187.39
32.12500,7.715173e+02,-3.250107e+03,2.691736e+02,-3.160412e+03,1210.66,-3183.8
32.12600,7.567273e+02,-3.271591e+03,2.549653e+02,-3.153191e+03,1239.65,-3176.39
32.12700,7.416253e+02,-3.290432e+03,2.404173e+02,-3.143503e+03,1267.33,-3166.54
32.12800,7.263100e+02,-3.306561e+03,2.256345e+02,-3.131309e+03,1293.42,-3154.19
32.12900,7.110393e+02,-3.320585e+03,2.108507e+02,-3.117186e+03,1317.9,-3139.95
32.13000,6.959300e+02,-3.332916e+03,1.962083e+02,-3.101549e+03,1340.8,-3124.21
32.13100,6.810420e+02,-3.343688e+03,1.817156e+02,-3.084536e+03,1362.09,-3107.13
32.13200,6.666261e+02,-3.353551e+03,1.676359e+02,-3.066762e+03,1381.68,-3089.32
32.13300,6.527073e+02,-3.362172e+03,1.540039e+02,-3.047928e+03,1399.42,-3070.47
32.13400,6.395081e+02,-3.370997e+03,1.410063e+02,-3.029521e+03,1416.15,-3052.07
32.13500,6.269791e+02,-3.379405e+03,1.286301e+02,-3.010883e+03,1431.14,-3033.47
32.13600,6.147710e+02,-3.386276e+03,1.165243e+02,-2.990864e+03,1444.01,-3013.51
32.13700,6.041230e+02,-3.391161e+03,1.059279e+02,-2.969283e+03,1452.66,-2992.02
32.13800,5.943279e+02,-3.392465e+03,9.610567e+01,-2.944316e+03,1457.48,-2967.19
32.13900,5.855245e+02,-3.395039e+03,8.725507e+01,-2.920956e+03,1463.54,-2943.98
32.14000,5.765840e+02,-3.398282e+03,7.823147e+01,-2.898626e+03,1468.69,-2921.8
32.14100,5.685098e+02,-3.400193e+03,7.005287e+01,-2.875290e+03,1471.74,-2898.62
32.14200,5.609301e+02,-3.399234e+03,6.235807e+01,-2.849649e+03,1472.72,-2873.13
32.14300,5.544442e+02,-3.399311e+03,5.573813e+01,-2.825305e+03,1472.24,-2848.95
32.14400,5.483334e+02,-3.395303e+03,4.948940e+01,-2.797451e+03,1469.23,-2821.25
32.14500,5.428636e+02,-3.389805e+03,4.390358e+01,-2.768617e+03,1464.46,-2792.57
32.14600,5.379387e+02,-3.382244e+03,3.888478e+01,-2.738261e+03,1457.85,-2762.36
32.14700,5.334485e+02,-3.372222e+03,3.433568e+01,-2.706042e+03,1449.37,-2730.27
32.14800,5.294138e+02,-3.359359e+03,3.025489e+01,-2.671633e+03,1438.98,-2695.98
32.14900,5.257580e+02,-3.344280e+03,2.660322e+01,-2.635607e+03,1426.86,-2660.04
32.15000,5.230226e+02,-3.327958e+03,2.388501e+01,-2.598911e+03,1412.72,-2623.41
32.15100,5.201099e+02,-3.306797e+03,2.108867e+01,-2.558232e+03,1396.88,-2582.76
32.15200,5.176814e+02,-3.282948e+03,1.880087e+01,-2.515595e+03,1379.2,-2540.13
32.15300,5.155075e+02,-3.255687e+03,1.681888e+01,-2.470331e+03,1359.75,-2494.83
32.15400,5.138073e+02,-3.225852e+03,1.534381e+01,-2.423237e+03,1338.49,-2447.65
32.15500,5.120327e+02,-3.191297e+03,1.389286e+01,-2.372375e+03,1315.57,-2396.65
32.15600,5.105505e+02,-3.153156e+03,1.275244e+01,-2.318792e+03,1290.91,-2342.87
32.15700,5.091757e+02,-3.110612e+03,1.177855e+01,-2.261767e+03,1264.57,-2285.59
32.15800,5.079986e+02,-3.064427e+03,1.104844e+01,-2.202027e+03,1236.67,-2225.52
32.15900,5.068489e+02,-3.013504e+03,1.040963e+01,-2.138575e+03,1207.19,-2161.67
32.16000,5.058783e+02,-2.957825e+03,9.959700e+00,-2.071421e+03,1176.13,-2094.04
32.16100,5.049740e+02,-2.897403e+03,9.629653e+00,-2.000627e+03,1143.66,-2022.7
32.16200,5.041651e+02,-2.831834e+03,9.422467e+00,-1.925798e+03,1109.77,-1947.24
32.16300,5.034717e+02,-2.761125e+03,9.350333e+00,-1.847003e+03,1074.54,-1867.73
32.16400,5.029294e+02,-2.684890e+03,9.441673e+00,-1.763905e+03,1038.01,-1783.84
32.16500,5.026231e+02,-2.603577e+03,9.775247e+00,-1.676911e+03,1000.28,-1695.97
32.16600,5.024548e+02,-2.516199e+03,1.026777e+01,-1.585140e+03,961.382,-1603.24
32.16700,5.025027e+02,-2.422911e+03,1.096404e+01,-1.488795e+03,921.475,-1505.86
32.16800,5.030558e+02,-2.324597e+03,1.213123e+01,-1.388678e+03,880.506,-1404.63
32.16900,5.040251e+02,-2.220690e+03,1.369315e+01,-1.284300e+03,838.594,-1299.06
32.17000,5.054177e+02,-2.110812e+03,1.565495e+01,-1.175345e+03,795.835,-1188.85
32.17100,5.073196e+02,-1.995508e+03,1.809370e+01,-1.062288e+03,752.344,-1074.48
32.17200,5.099195e+02,-1.874599e+03,2.116977e+01,-9.450407e+02,708.078,-955.859
32.17300,5.132527e+02,-1.748881e+03,2.491649e+01,-8.243300e+02,663.115,-833.726
32.17400,5.173219e+02,-1.617705e+03,2.934271e+01,-6.995620e+02,617.564,-707.489
32.17500,5.222190e+02,-1.481712e+03,3.452347e+01,-5.713601e+02,571.445,-577.784
32.17600,5.279360e+02,-1.341155e+03,4.045946e+01,-4.399639e+02,524.825,-444.857
32.17700,5.346573e+02,-1.196028e+03,4.731457e+01,-3.053786e+02,477.727,-308.723
32.17800,5.421985e+02,-1.046999e+03,5.490577e+01,-1.682501e+02,430.254,-170.038
32.17900,5.506551e+02,-8.941060e+02,6.332873e+01,-2.858729e+01,382.369,-28.8171
32.18000,5.600195e+02,-7.379173e+02,7.259153e+01,1.130688e+02,334.177,114.389
32.18100,5.702901e+02,-5.786545e+02,8.265553e+01,2.565156e+02,285.666,259.37
32.18200,5.814137e+02,-4.167310e+02,9.351640e+01,4.013157e+02,236.943,405.679
32.18300,5.933195e+02,-2.529609e+02,1.050738e+02,5.467887e+02,188.011,552.631
32.18400,6.059974e+02,-8.710367e+01,1.173238e+02,6.931313e+02,138.896,700.41
32.18500,6.193683e+02,7.997300e+01,1.302069e+02,8.395320e+02,89.6556,848.203
32.18600,6.332028e+02,2.468979e+02,1.434799e+02,9.847707e+02,40.3572,994.784
32.18700,6.477391e+02,4.155409e+02,1.573973e+02,1.130539e+03,-9.09928,1141.84
32.18800,6.626135e+02,5.829621e+02,1.716188e+02,1.274174e+03,-58.5189,1286.71
32.18900,6.778120e+02,7.495567e+02,1.861024e+02,1.416039e+03,-107.885,1429.75
32.19000,6.931860e+02,9.149227e+02,2.007327e+02,1.555750e+03,-157.183,1570.57
32.19100,7.086193e+02,1.078371e+03,2.154185e+02,1.692756e+03,-206.392,1708.64
32.19200,7.239827e+02,1.239343e+03,2.300061e+02,1.826519e+03,-255.375,1843.39
32.19300,7.392833e+02,1.397925e+03,2.445209e+02,1.957140e+03,-304.219,1974.95
32.19400,7.541980e+02,1.552473e+03,2.586610e+02,2.083137e+03,-352.678,2101.83
32.19500,7.688013e+02,1.703923e+03,2.724817e+02,2.205373e+03,-400.842,2224.88
32.19600,7.826827e+02,1.850431e+03,2.856361e+02,2.322275e+03,-448.641,2342.55
32.19700,7.960320e+02,1.993169e+03,2.982807e+02,2.434869e+03,-496.025,2455.84
32.19800,8.083787e+02,2.130259e+03,3.099640e+02,2.541422e+03,-542.869,2563.04
32.19900,8.197513e+02,2.261919e+03,3.207013e+02,2.642242e+03,-589.165,2664.44
32.20000,8.300807e+02,2.388211e+03,3.304862e+02,2.737408e+03,-634.914,2760.13
32.20100,8.393627e+02,2.509125e+03,3.392601e+02,2.826936e+03,-680.013,2850.12
32.20200,8.472620e+02,2.623398e+03,3.467282e+02,2.909685e+03,-724.36,2933.27
32.20300,8.538220e+02,2.731770e+03,3.529294e+02,2.986403e+03,-767.994,3010.33
32.20400,8.589960e+02,2.833862e+03,3.578050e+02,3.056754e+03,-810.801,3080.97
32.20500,8.625927e+02,2.929105e+03,3.611953e+02,3.120290e+03,-852.743,3144.73
32.20600,8.644793e+02,3.017276e+03,3.629427e+02,3.176807e+03,-893.714,3201.41
32.20700,8.648887e+02,3.099518e+03,3.632974e+02,3.227417e+03,-933.8,3252.13
32.20800,8.635993e+02,3.174839e+03,3.620375e+02,3.271227e+03,-972.866,3296
32.20900,8.605947e+02,3.243095e+03,3.591055e+02,3.308196e+03,-1010.88,3332.97
32.21000,8.558773e+02,3.304351e+03,3.545553e+02,3.338387e+03,-1047.71,3363.12
32.21100,8.495660e+02,3.359683e+03,3.484831e+02,3.362827e+03,-1083.5,3387.47
32.21200,8.415440e+02,3.407953e+03,3.407238e+02,3.380526e+03,-1118.02,3405.04
32.21300,8.319273e+02,3.449787e+03,3.314455e+02,3.392108e+03,-1151.33,3416.46
32.21400,8.209567e+02,3.485886e+03,3.208486e+02,3.398240e+03,-1183.29,3422.4
32.21500,8.083400e+02,3.515020e+03,3.086454e+02,3.397867e+03,-1213.91,3421.8
32.21600,7.946493e+02,3.539452e+03,2.953856e+02,3.393050e+03,-1243.25,3416.75
32.21700,7.799433e+02,3.558722e+03,2.811353e+02,3.383439e+03,-1271.12,3406.88
32.21800,7.643740e+02,3.573578e+03,2.659866e+02,3.369773e+03,-1297.59,3392.96
32.21900,7.481680e+02,3.584039e+03,2.502471e+02,3.352067e+03,-1322.41,3375
32.22000,7.314660e+02,3.591113e+03,2.339549e+02,3.331327e+03,-1345.81,3354.01
32.22100,7.144067e+02,3.594789e+03,2.172903e+02,3.307523e+03,-1367.61,3329.96
32.22200,6.973507e+02,3.596051e+03,2.005820e+02,3.281631e+03,-1387.8,3303.85
32.22300,6.802600e+02,3.594495e+03,1.838130e+02,3.253251e+03,-1406.28,3275.27
32.22400,6.632701e+02,3.590681e+03,1.671013e+02,3.222910e+03,-1422.91,3244.74
32.22500,6.470311e+02,3.586713e+03,1.510684e+02,3.192809e+03,-1438.78,3214.48
32.22600,6.311587e+02,3.581428e+03,1.353694e+02,3.161675e+03,-1452.8,3183.2
32.22700,6.151997e+02,3.573845e+03,1.195672e+02,3.128494e+03,-1464.75,3149.9
32.22800,6.010603e+02,3.562974e+03,1.055203e+02,3.092568e+03,-1471.65,3113.9
32.22900,5.874987e+02,3.549875e+03,9.201400e+01,3.054617e+03,-1476.85,3075.92
32.23000,5.746752e+02,3.536855e+03,7.926067e+01,3.017173e+03,-1481.95,3038.45
32.23100,5.619877e+02,3.524613e+03,6.656085e+01,2.980964e+03,-1486.46,3002.23
32.23200,5.502890e+02,3.510651e+03,5.485047e+01,2.943474e+03,-1488.76,2964.75
32.23300,5.389049e+02,3.494129e+03,4.348315e+01,2.903955e+03,-1489.14,2925.26
32.23400,5.290880e+02,3.478815e+03,3.363625e+01,2.865933e+03,-1488.04,2887.27
32.23500,5.196461e+02,3.461006e+03,2.418997e+01,2.825920e+03,-1484.52,2847.3
32.23600,5.111379e+02,3.441683e+03,1.568381e+01,2.784925e+03,-1479.35,2806.37
32.23700,5.034303e+02,3.420569e+03,7.967720e+00,2.742702e+03,-1472.27,2764.21
32.23800,4.965529e+02,3.398247e+03,1.122403e+00,2.699786e+03,-1463.44,2721.37
32.23900,4.903858e+02,3.374017e+03,-4.972524e+00,2.655569e+03,-1452.79,2677.23
32.24000,4.850170e+02,3.348143e+03,-1.026839e+01,2.610281e+03,-1440.37,2632.01
32.24100,4.802547e+02,3.320289e+03,-1.489628e+01,2.563663e+03,-1426.25,2585.46
32.24200,4.762266e+02,3.290201e+03,-1.879815e+01,2.515483e+03,-1410.33,2537.34
32.24300,4.730354e+02,3.259223e+03,-2.181959e+01,2.466973e+03,-1392.68,2488.86
32.24400,4.703679e+02,3.225073e+03,-2.429097e+01,2.416086e+03,-1373.31,2437.99
32.24500,4.681035e+02,3.187539e+03,-2.629184e+01,2.362625e+03,-1352.34,2384.52
32.24600,4.666462e+02,3.149311e+03,-2.749653e+01,2.309075e+03,-1329.69,2330.93
32.24700,4.657943e+02,3.108282e+03,-2.806531e+01,2.253540e+03,-1305.41,2275.32
32.24800,4.651440e+02,3.063591e+03,-2.836485e+01,2.195230e+03,-1279.57,2216.9
32.24900,4.651883e+02,3.016851e+03,-2.796825e+01,2.135641e+03,-1252.21,2157.14
32.25000,4.656681e+02,2.966549e+03,-2.714287e+01,2.073417e+03,-1223.29,2094.68
32.25100,4.664234e+02,2.912881e+03,-2.597601e+01,2.008761e+03,-1192.95,2029.73
32.25200,4.675929e+02,2.855331e+03,-2.440837e+01,1.941210e+03,-1161.16,1961.8
32.25300,4.691391e+02,2.794299e+03,-2.244409e+01,1.871137e+03,-1127.97,1891.28
32.25400,4.709998e+02,2.729164e+03,-2.017831e+01,1.798046e+03,-1093.49,1817.66
32.25500,4.732373e+02,2.660239e+03,-1.752271e+01,1.722174e+03,-1057.75,1741.17
32.25600,4.757743e+02,2.586729e+03,-1.457633e+01,1.642861e+03,-1020.77,1661.15
32.25700,4.786539e+02,2.508587e+03,-1.131261e+01,1.560073e+03,-982.631,1577.57
32.25800,4.818706e+02,2.425880e+03,-7.712633e+00,1.473875e+03,-943.39,1490.48
32.25900,4.854348e+02,2.338513e+03,-3.765605e+00,1.384212e+03,-903.166,1399.83
32.26000,4.894385e+02,2.245854e+03,5.488637e-01,1.290519e+03,-861.92,1305.06
32.26100,4.938366e+02,2.148259e+03,5.253398e+00,1.193177e+03,-819.796,1206.56
32.26200,4.986776e+02,2.045369e+03,1.033752e+01,1.091816e+03,-776.874,1103.95
32.26300,5.040425e+02,1.937117e+03,1.589547e+01,9.864367e+02,-733.159,997.236
32.26400,5.098947e+02,1.823550e+03,2.190070e+01,8.770833e+02,-688.771,886.477
32.26500,5.163819e+02,1.705023e+03,2.847219e+01,7.640907e+02,-643.735,772.014
32.26600,5.235366e+02,1.581969e+03,3.564996e+01,6.479018e+02,-598.121,654.298
32.26700,5.312621e+02,1.452451e+03,4.333814e+01,5.267290e+02,-552.037,531.552
32.26800,5.397141e+02,1.318761e+03,5.167529e+01,4.027010e+02,-505.482,405.918
32.26900,5.489004e+02,1.180928e+03,6.069429e+01,2.758341e+02,-458.45,277.422
32.27000,5.587733e+02,1.038188e+03,7.029087e+01,1.454669e+02,-411.083,145.411
32.27100,5.693623e+02,8.918207e+02,8.053953e+01,1.275501e+01,-363.407,11.0586
32.27200,5.807447e+02,7.413173e+02,9.151713e+01,-1.227325e+02,-315.468,-126.053
32.27300,5.928367e+02,5.871892e+02,1.031187e+02,-2.605383e+02,-267.267,-265.452
32.27400,6.055067e+02,4.303325e+02,1.152351e+02,-3.998135e+02,-218.872,-406.277
32.27500,6.187586e+02,2.710423e+02,1.278655e+02,-5.403113e+02,-170.337,-548.274
32.27600,6.326555e+02,1.088770e+02,1.410641e+02,-6.824260e+02,-121.582,-691.829
32.27700,6.467046e+02,-5.219072e+01,1.543791e+02,-8.225407e+02,-72.8583,-833.32
32.27800,6.614629e+02,-2.169463e+02,1.683445e+02,-9.650153e+02,-23.9332,-977.097
32.27900,6.763713e+02,-3.809346e+02,1.824067e+02,-1.105765e+03,24.9467,-1119.08
32.28000,6.914433e+02,-5.444553e+02,1.966137e+02,-1.245093e+03,73.823,-1259.56
32.28100,7.066307e+02,-7.072040e+02,2.109004e+02,-1.382719e+03,122.652,-1398.27
32.28200,7.216760e+02,-8.679640e+02,2.250221e+02,-1.517574e+03,171.343,-1534.14
32.28300,7.365953e+02,-1.027125e+03,2.390195e+02,-1.650006e+03,219.984,-1667.51
32.28400,7.511433e+02,-1.182849e+03,2.526539e+02,-1.778339e+03,268.337,-1796.72
32.28500,7.653207e+02,-1.335755e+03,2.659286e+02,-1.903197e+03,316.558,-1922.38
32.28600,7.789253e+02,-1.484649e+03,2.786495e+02,-2.023476e+03,364.464,-2043.41
32.28700,7.918367e+02,-1.629452e+03,2.907144e+02,-2.139164e+03,412.074,-2159.78
32.28800,8.038687e+02,-1.769096e+03,3.019530e+02,-2.249253e+03,459.209,-2270.5
32.28900,8.150193e+02,-1.904205e+03,3.123590e+02,-2.354417e+03,506.051,-2376.24
32.29000,8.251427e+02,-2.033925e+03,3.218131e+02,-2.453843e+03,552.341,-2476.18
32.29100,8.337353e+02,-2.156863e+03,3.297956e+02,-2.546317e+03,598.106,-2569.11
32.29200,8.410060e+02,-2.273157e+03,3.365379e+02,-2.632001e+03,643.185,-2655.2
32.29300,8.471560e+02,-2.384807e+03,3.422505e+02,-2.712759e+03,687.8,-2736.3
32.29400,8.517153e+02,-2.488997e+03,3.464590e+02,-2.786068e+03,731.624,-2809.9
32.29500,8.547560e+02,-2.586787e+03,3.492312e+02,-2.852908e+03,774.727,-2876.96
32.29600,8.562993e+02,-2.678449e+03,3.505758e+02,-2.913554e+03,817.136,-2937.78
32.29700,8.560680e+02,-2.762631e+03,3.502997e+02,-2.966846e+03,858.563,-2991.19
32.29800,8.542293e+02,-2.840242e+03,3.484722e+02,-3.013645e+03,899.184,-3038.05
32.29900,8.506673e+02,-2.910970e+03,3.450213e+02,-3.053687e+03,938.85,-3078.1
32.30000,8.454560e+02,-2.974917e+03,3.400132e+02,-3.087127e+03,977.497,-3111.51
32.30100,8.386320e+02,-3.032177e+03,3.334662e+02,-3.114097e+03,1015.12,-3138.41
32.30200,8.302293e+02,-3.083303e+03,3.254441e+02,-3.135110e+03,1051.68,-3159.31
32.30300,8.203553e+02,-3.128087e+03,3.159868e+02,-3.150044e+03,1087.06,-3174.1
32.30400,8.088713e+02,-3.166533e+03,3.049939e+02,-3.158939e+03,1121.19,-3182.83
32.30500,7.965007e+02,-3.200707e+03,2.931456e+02,-3.163725e+03,1154.2,-3187.44
32.30600,7.830093e+02,-3.229477e+03,2.802202e+02,-3.163394e+03,1185.77,-3186.92
32.30700,7.688420e+02,-3.254509e+03,2.666010e+02,-3.159515e+03,1216.09,-3182.85
32.30800,7.540233e+02,-3.275600e+03,2.523626e+02,-3.151930e+03,1244.86,-3175.09
32.30900,7.388380e+02,-3.293675e+03,2.377354e+02,-3.141534e+03,1272.23,-3164.53
32.31000,7.235007e+02,-3.309284e+03,2.229152e+02,-3.128870e+03,1298.04,-3151.72
32.31100,7.082547e+02,-3.323037e+03,2.081461e+02,-3.114490e+03,1322.24,-3137.22
32.31200,6.931307e+02,-3.334962e+03,1.934993e+02,-3.098509e+03,1344.87,-3121.15
32.31300,6.783900e+02,-3.345681e+03,1.791277e+02,-3.081443e+03,1365.79,-3104.02
32.31400,6.640400e+02,-3.355275e+03,1.651123e+02,-3.063447e+03,1385.1,-3085.99
32.31500,6.501546e+02,-3.363599e+03,1.515000e+02,-3.044330e+03,1402.48,-3066.86
32.31600,6.371857e+02,-3.372487e+03,1.387149e+02,-3.026067e+03,1418.95,-3048.62
32.31700,6.248516e+02,-3.381141e+03,1.265223e+02,-3.007699e+03,1433.83,-3030.29
32.31800,6.125901e+02,-3.387395e+03,1.143592e+02,-2.987090e+03,1445.95,-3009.74
32.31900,6.023510e+02,-3.390982e+03,1.041351e+02,-2.964339e+03,1453.05,-2987.09
32.32000,5.926727e+02,-3.393083e+03,9.444660e+01,-2.940168e+03,1458.85,-2963.06
32.32100,5.838413e+02,-3.395877e+03,8.556360e+01,-2.917076e+03,1464.65,-2940.12
32.32200,5.750376e+02,-3.398719e+03,7.666547e+01,-2.894406e+03,1469.43,-2917.6
32.32300,5.670764e+02,-3.400400e+03,6.859567e+01,-2.870926e+03,1472.15,-2894.28
32.32400,5.596127e+02,-3.399059e+03,6.101849e+01,-2.845010e+03,1472.78,-2868.52
32.32500,5.532627e+02,-3.398657e+03,5.453926e+01,-2.820253e+03,1471.83,-2843.92
32.32600,5.472619e+02,-3.394613e+03,4.841159e+01,-2.792445e+03,1468.58,-2816.27
32.32700,5.419191e+02,-3.388641e+03,4.294535e+01,-2.763240e+03,1463.42,-2787.22
32.32800,5.370821e+02,-3.380628e+03,3.801361e+01,-2.732540e+03,1456.46,-2756.66
32.32900,5.326840e+02,-3.370263e+03,3.356230e+01,-2.700079e+03,1447.67,-2724.33
32.33000,5.287079e+02,-3.356783e+03,2.954503e+01,-2.665180e+03,1436.91,-2689.54
32.33100,5.250417e+02,-3.340968e+03,2.590508e+01,-2.628563e+03,1424.48,-2653.01
32.33200,5.223991e+02,-3.324188e+03,2.328723e+01,-2.591536e+03,1410.02,-2616.04
32.33300,5.195265e+02,-3.302114e+03,2.054231e+01,-2.550109e+03,1393.79,-2574.64
32.33400,5.172764e+02,-3.278297e+03,1.842325e+01,-2.507579e+03,1375.77,-2532.11
32.33500,5.151257e+02,-3.250295e+03,1.648011e+01,-2.461739e+03,1356,-2486.22
32.33600,5.133655e+02,-3.219297e+03,1.497041e+01,-2.413681e+03,1334.44,-2438.07
32.33700,5.117362e+02,-3.184686e+03,1.365609e+01,-2.362869e+03,1311.22,-2387.11
32.33800,5.102862e+02,-3.145707e+03,1.256223e+01,-2.308627e+03,1286.22,-2332.66
32.33900,5.089774e+02,-3.102775e+03,1.165589e+01,-2.251352e+03,1259.62,-2275.12
32.34000,5.077969e+02,-3.055567e+03,1.092817e+01,-2.190791e+03,1231.42,-2214.22
32.34100,5.066899e+02,-3.003893e+03,1.034231e+01,-2.126773e+03,1201.64,-2149.79
32.34200,5.057019e+02,-2.947266e+03,9.887360e+00,-2.058881e+03,1170.34,-2081.41
32.34300,5.048157e+02,-2.885943e+03,9.582893e+00,-1.987376e+03,1137.6,-2009.34
32.34400,5.040309e+02,-2.819359e+03,9.396733e+00,-1.911753e+03,1103.43,-1933.07
32.34500,5.033518e+02,-2.747736e+03,9.350520e+00,-1.832251e+03,1067.99,-1852.84
32.34600,5.028758e+02,-2.670555e+03,9.495280e+00,-1.748427e+03,1031.2,-1768.21
32.34700,5.025363e+02,-2.587911e+03,9.811787e+00,-1.660351e+03,993.264,-1679.24
32.34800,5.024302e+02,-2.499523e+03,1.035659e+01,-1.567815e+03,954.175,-1585.73
32.34900,5.025686e+02,-2.405461e+03,1.114523e+01,-1.470905e+03,914.08,-1487.77
32.35000,5.031705e+02,-2.306078e+03,1.236371e+01,-1.369967e+03,872.944,-1385.7
32.35100,5.041844e+02,-2.200809e+03,1.396374e+01,-1.264501e+03,830.87,-1279.04
32.35200,5.057047e+02,-2.090436e+03,1.603810e+01,-1.155253e+03,788.002,-1168.53
32.35300,5.077282e+02,-1.973732e+03,1.859050e+01,-1.041081e+03,744.322,-1053.03
32.35400,5.104411e+02,-1.851807e+03,2.177065e+01,-9.230727e+02,699.938,-933.637
32.35500,5.139136e+02,-1.725241e+03,2.565156e+01,-8.017527e+02,654.865,-810.885
32.35600,5.181192e+02,-1.593191e+03,3.020157e+01,-6.763633e+02,609.206,-684.021
32.35700,5.231772e+02,-1.456447e+03,3.552378e+01,-5.476609e+02,563.004,-553.809
32.35800,5.290427e+02,-1.314916e+03,4.159832e+01,-4.155437e+02,516.272,-420.158
32.35900,5.359435e+02,-1.169007e+03,4.861740e+01,-2.804373e+02,469.111,-283.502
32.36000,5.436266e+02,-1.019282e+03,5.633020e+01,-1.428425e+02,421.555,-144.35
32.36100,5.522581e+02,-8.656307e+02,6.492411e+01,-2.677049e+00,373.61,-2.62824
32.36200,5.617957e+02,-7.088420e+02,7.433753e+01,1.393438e+02,325.364,140.94
32.36300,5.722208e+02,-5.491308e+02,8.455000e+01,2.829898e+02,276.824,286.115
32.36400,5.834751e+02,-3.868784e+02,9.552413e+01,4.279125e+02,228.073,432.542
32.36500,5.955439e+02,-2.224709e+02,1.072267e+02,5.737814e+02,179.078,579.88
32.36600,6.083476e+02,-5.638267e+01,1.195945e+02,7.201447e+02,129.936,727.671
32.36700,6.218553e+02,1.110390e+02,1.326007e+02,8.666707e+02,80.6566,875.58
32.36800,6.357315e+02,2.772966e+02,1.459020e+02,1.011113e+03,31.3998,1021.35
32.36900,6.503787e+02,4.464205e+02,1.599287e+02,1.157139e+03,-18.1105,1168.66
32.37000,6.653254e+02,6.137645e+02,1.742023e+02,1.300499e+03,-67.5103,1313.24
32.37100,6.805553e+02,7.801567e+02,1.887219e+02,1.442001e+03,-116.888,1455.9
32.37200,6.959407e+02,9.451273e+02,2.033554e+02,1.581191e+03,-166.165,1596.2
32.37300,7.113853e+02,1.108205e+03,2.180442e+02,1.717651e+03,-215.327,1733.7
32.37400,7.267000e+02,1.268453e+03,2.325805e+02,1.850589e+03,-264.292,1867.62
32.37500,7.419787e+02,1.426705e+03,2.470789e+02,1.980735e+03,-313.099,1998.7
32.37600,7.567833e+02,1.580350e+03,2.611089e+02,2.105734e+03,-361.465,2124.56
32.37700,7.713667e+02,1.731557e+03,2.749181e+02,2.227603e+03,-409.656,2247.24
32.37800,7.850647e+02,1.876763e+03,2.878863e+02,2.343130e+03,-457.306,2363.52
32.37900,7.982073e+02,2.018429e+03,3.003211e+02,2.454562e+03,-504.603,2475.64
32.38000,8.105860e+02,2.155134e+03,3.120301e+02,2.560663e+03,-551.379,2582.37
32.38100,8.218633e+02,2.286061e+03,3.226975e+02,2.660661e+03,-597.572,2682.95
32.38200,8.318693e+02,2.410900e+03,3.321689e+02,2.754369e+03,-643.174,2777.17
32.38300,8.409320e+02,2.530952e+03,3.407455e+02,2.842977e+03,-688.175,2866.23
32.38400,8.485487e+02,2.643853e+03,3.479467e+02,2.924351e+03,-732.361,2947.99
32.38500,8.549093e+02,2.751188e+03,3.539555e+02,2.999999e+03,-775.862,3023.97
32.38600,8.597987e+02,2.851979e+03,3.585677e+02,3.069057e+03,-818.509,3093.3
32.38700,8.630713e+02,2.945863e+03,3.616473e+02,3.131257e+03,-860.278,3155.72
32.38800,8.646733e+02,3.032809e+03,3.631260e+02,3.186571e+03,-901.09,3211.19
32.38900,8.648313e+02,3.114158e+03,3.632344e+02,3.236255e+03,-941.021,3260.97
32.39000,8.632127e+02,3.188043e+03,3.616484e+02,3.278695e+03,-979.882,3303.46
32.39100,8.598840e+02,3.255153e+03,3.584401e+02,3.314536e+03,-1017.71,3339.3
32.39200,8.548940e+02,3.315491e+03,3.536167e+02,3.343811e+03,-1054.36,3368.52
32.39300,8.482647e+02,3.369210e+03,3.472212e+02,3.366723e+03,-1089.88,3391.34
32.39400,8.399393e+02,3.416333e+03,3.391737e+02,3.383326e+03,-1124.18,3407.8
32.39500,8.300453e+02,3.456991e+03,3.296255e+02,3.393793e+03,-1157.29,3418.1
32.39600,8.185367e+02,3.491232e+03,3.185123e+02,3.398196e+03,-1188.98,3422.3
32.39700,8.059000e+02,3.520096e+03,3.062738e+02,3.397545e+03,-1219.41,3421.42
32.39800,7.920020e+02,3.543465e+03,2.928330e+02,3.391735e+03,-1248.46,3415.37
32.39900,7.771467e+02,3.561851e+03,2.784204e+02,3.381313e+03,-1276.06,3404.7
32.40000,7.614613e+02,3.575843e+03,2.631723e+02,3.366860e+03,-1302.23,3389.99
32.40100,7.451707e+02,3.585742e+03,2.473125e+02,3.348649e+03,-1326.8,3371.52
32.40200,7.283733e+02,3.591889e+03,2.309332e+02,3.327056e+03,-1349.88,3349.68
32.40300,7.113120e+02,3.595145e+03,2.142565e+02,3.302889e+03,-1371.39,3325.28
32.40400,6.942407e+02,3.596025e+03,1.975091e+02,3.276654e+03,-1391.29,3298.82
32.40500,6.771600e+02,3.594073e+03,1.807716e+02,3.247953e+03,-1409.48,3269.92
32.40600,6.602510e+02,3.589956e+03,1.641087e+02,3.217391e+03,-1425.97,3239.18
32.40700,6.440341e+02,3.585620e+03,1.481024e+02,3.186974e+03,-1441.46,3208.61
32.40800,6.283535e+02,3.580691e+03,1.325730e+02,3.156241e+03,-1455.45,3177.74
32.40900,6.124155e+02,3.572023e+03,1.167817e+02,3.122078e+03,-1466.39,3143.46
32.41000,5.984709e+02,3.560401e+03,1.029455e+02,3.085438e+03,-1472.37,3106.76
32.41100,5.851578e+02,3.548243e+03,8.969240e+01,3.048485e+03,-1478.32,3069.78
32.41200,5.723022e+02,3.534765e+03,7.686667e+01,3.010697e+03,-1482.99,3031.97
32.41300,5.597879e+02,3.522104e+03,6.436633e+01,2.974128e+03,-1486.98,2995.39
32.41400,5.480539e+02,3.507397e+03,5.261614e+01,2.936006e+03,-1488.98,2957.28
32.41500,5.373699e+02,3.492571e+03,4.191279e+01,2.898119e+03,-1489.15,2919.42
32.41600,5.272720e+02,3.475323e+03,3.180716e+01,2.858363e+03,-1487.48,2879.7
32.41700,5.180335e+02,3.457311e+03,2.257039e+01,2.818245e+03,-1483.67,2839.63
32.41800,5.096476e+02,3.437718e+03,1.417761e+01,2.777081e+03,-1478.16,2798.53
32.41900,5.020077e+02,3.416193e+03,6.560009e+00,2.734563e+03,-1470.79,2756.08
32.42000,4.953499e+02,3.393917e+03,-5.979559e-02,2.691762e+03,-1461.64,2713.35
32.42100,4.893340e+02,3.369539e+03,-5.997493e+00,2.647494e+03,-1450.68,2669.16
32.42200,4.840638e+02,3.343137e+03,-1.118593e+01,2.601809e+03,-1437.92,2623.55
32.42300,4.794644e+02,3.314793e+03,-1.567364e+01,2.554837e+03,-1423.44,2576.64
32.42400,4.755298e+02,3.284643e+03,-1.947679e+01,2.506674e+03,-1407.24,2528.53
32.42500,4.723877e+02,3.252603e+03,-2.244017e+01,2.457289e+03,-1389.28,2479.18
32.42600,4.699719e+02,3.218654e+03,-2.465005e+01,2.406683e+03,-1369.59,2428.58
32.42700,4.678019e+02,3.180927e+03,-2.656112e+01,2.353135e+03,-1348.3,2375.02
32.42800,4.664015e+02,3.141713e+03,-2.768466e+01,2.298798e+03,-1325.35,2320.64
32.42900,4.656357e+02,3.100857e+03,-2.816511e+01,2.243523e+03,-1300.78,2265.29
32.43000,4.651557e+02,3.055406e+03,-2.829569e+01,2.184613e+03,-1274.65,2206.25
32.43100,4.652362e+02,3.007725e+03,-2.785844e+01,2.124283e+03,-1246.99,2145.74
32.43200,4.657217e+02,2.956791e+03,-2.700449e+01,2.061610e+03,-1217.86,2082.82
32.43300,4.665973e+02,2.902523e+03,-2.574108e+01,1.996513e+03,-1187.22,2017.41
32.43400,4.678372e+02,2.844385e+03,-2.409463e+01,1.928544e+03,-1155.17,1949.06
32.43500,4.694160e+02,2.782565e+03,-2.208999e+01,1.857910e+03,-1121.8,1877.96
32.43600,4.713949e+02,2.716986e+03,-1.971677e+01,1.784507e+03,-1087.05,1804.02
32.43700,4.736568e+02,2.647166e+03,-1.702861e+01,1.707959e+03,-1051.06,1726.83
32.43800,4.762711e+02,2.572731e+03,-1.402069e+01,1.627924e+03,-1013.85,1646.08
32.43900,4.791963e+02,2.493794e+03,-1.069961e+01,1.544553e+03,-975.523,1561.89
32.44000,4.825034e+02,2.410106e+03,-7.018380e+00,1.457611e+03,-936.07,1474.04
32.44100,4.861299e+02,2.321853e+03,-3.020346e+00,1.367284e+03,-895.69,1382.71
32.44200,4.902138e+02,2.228241e+03,1.379427e+00,1.272878e+03,-854.206,1287.22
32.44300,4.946520e+02,2.129760e+03,6.106855e+00,1.174858e+03,-812.015,1188.02
32.44400,4.996145e+02,2.025865e+03,1.130855e+01,1.072749e+03,-768.925,1084.64
32.44500,5.050537e+02,1.916719e+03,1.693679e+01,9.667127e+02,-725.098,977.262
32.44600,5.110068e+02,1.802109e+03,2.302947e+01,8.565667e+02,-680.591,865.699
32.44700,5.176140e+02,1.682808e+03,2.970851e+01,7.430407e+02,-635.454,750.691
32.44800,5.248317e+02,1.558348e+03,3.694125e+01,6.257181e+02,-589.765,631.833
32.44900,5.327236e+02,1.428137e+03,4.478384e+01,5.040968e+02,-543.571,508.632
32.45000,5.413073e+02,1.293493e+03,5.324511e+01,3.793682e+02,-496.917,382.292
32.45100,5.506296e+02,1.154583e+03,6.237705e+01,2.517025e+02,-449.822,252.994
32.45200,5.606181e+02,1.012143e+03,7.207867e+01,1.217769e+02,-402.447,121.425
32.45300,5.713276e+02,8.644873e+02,8.243093e+01,-1.192349e+01,-354.69,-13.9116
32.45400,5.828899e+02,7.132033e+02,9.356647e+01,-1.479345e+02,-306.691,-151.541
32.45500,5.950589e+02,5.586615e+02,1.052389e+02,-2.859399e+02,-258.455,-291.132
32.45600,6.078432e+02,4.011311e+02,1.174619e+02,-4.256525e+02,-210.007,-432.385
32.45700,6.211912e+02,2.412157e+02,1.301587e+02,-5.665381e+02,-161.41,-574.759
32.45800,6.350213e+02,7.998187e+01,1.433009e+02,-7.076073e+02,-112.737,-717.257
32.45900,6.493550e+02,-8.281507e+01,1.568879e+02,-8.491187e+02,-63.9306,-860.13
32.46000,6.641303e+02,-2.473805e+02,1.708499e+02,-9.912273e+02,-14.9975,-1003.53
32.46100,6.790727e+02,-4.111386e+02,1.849461e+02,-1.131582e+03,33.8644,-1145.1
32.46200,6.941567e+02,-5.743822e+02,1.991518e+02,-1.270472e+03,82.7031,-1285.13
32.46300,7.093067e+02,-7.367933e+02,2.133989e+02,-1.407627e+03,131.522,-1423.35
32.46400,7.243447e+02,-8.972047e+02,2.275142e+02,-1.541975e+03,180.218,-1558.7
32.46500,7.391980e+02,-1.056028e+03,2.414465e+02,-1.673937e+03,228.821,-1691.59
32.46600,7.537193e+02,-1.211348e+03,2.550638e+02,-1.801727e+03,277.189,-1820.24
32.46700,7.677827e+02,-1.363379e+03,2.682192e+02,-1.925614e+03,325.329,-1944.92
32.46800,7.812580e+02,-1.511534e+03,2.808250e+02,-2.045052e+03,373.169,-2065.09
32.46900,7.940307e+02,-1.655511e+03,2.927508e+02,-2.159828e+03,420.743,-2180.55
32.47000,8.058347e+02,-1.793980e+03,3.037740e+02,-2.268693e+03,467.798,-2290.03
32.47100,8.167967e+02,-1.928155e+03,3.140084e+02,-2.372853e+03,514.537,-2394.75
32.47200,8.266133e+02,-2.056486e+03,3.231592e+02,-2.470873e+03,560.75,-2493.28
32.47300,8.352213e+02,-2.178897e+03,3.311695e+02,-2.562739e+03,606.401,-2585.6
32.47400,8.422473e+02,-2.294315e+03,3.376925e+02,-2.647507e+03,651.403,-2670.76
32.47500,8.481413e+02,-2.404495e+03,3.431479e+02,-2.726788e+03,695.847,-2750.38
32.47600,8.524320e+02,-2.507797e+03,3.471118e+02,-2.799177e+03,739.586,-2823.04
32.47700,8.551707e+02,-2.604225e+03,3.496052e+02,-2.864658e+03,782.529,-2888.74
32.47800,8.564053e+02,-2.694541e+03,3.506660e+02,-2.924009e+03,824.765,-2948.25
32.47900,8.558733e+02,-2.777397e+03,3.500871e+02,-2.975955e+03,866.019,-3000.3
32.48000,8.537313e+02,-2.853873e+03,3.479736e+02,-3.021623e+03,906.484,-3046.02
32.48100,8.498740e+02,-2.923419e+03,3.442563e+02,-3.060533e+03,946.006,-3084.94
32.48200,8.443507e+02,-2.986194e+03,3.389542e+02,-3.092841e+03,984.485,-3117.2
32.48300,8.372553e+02,-3.042539e+03,3.321629e+02,-3.118895e+03,1021.97,-3143.17
32.48400,8.285673e+02,-3.092279e+03,3.238381e+02,-3.138577e+03,1058.26,-3162.74
32.48500,8.181920e+02,-3.135320e+03,3.139205e+02,-3.151869e+03,1093.46,-3175.88
32.48600,8.066940e+02,-3.173285e+03,3.029098e+02,-3.160286e+03,1127.33,-3184.13
32.48700,7.940947e+02,-3.206445e+03,2.908303e+02,-3.164106e+03,1160.1,-3187.77
32.48800,7.804760e+02,-3.234500e+03,2.777812e+02,-3.163096e+03,1191.43,-3186.57
32.48900,7.661480e+02,-3.258710e+03,2.640157e+02,-3.158453e+03,1221.5,-3181.74
32.49000,7.512233e+02,-3.279089e+03,2.496572e+02,-3.150203e+03,1250,-3173.32
32.49100,7.360180e+02,-3.296667e+03,2.350050e+02,-3.139341e+03,1277.05,-3162.3
32.49200,7.207240e+02,-3.312040e+03,2.202303e+02,-3.126460e+03,1302.61,-3149.27
32.49300,7.054080e+02,-3.325227e+03,2.053991e+02,-3.111571e+03,1326.54,-3134.27
32.49400,6.904300e+02,-3.337172e+03,1.908637e+02,-3.095610e+03,1348.86,-3118.22
32.49500,6.757233e+02,-3.347751e+03,1.765314e+02,-3.078435e+03,1369.5,-3100.99
32.49600,6.614444e+02,-3.357007e+03,1.625709e+02,-3.060126e+03,1388.52,-3082.65
32.49700,6.477707e+02,-3.365489e+03,1.491656e+02,-3.041217e+03,1405.64,-3063.74
32.49800,6.348565e+02,-3.374030e+03,1.364214e+02,-3.022642e+03,1421.76,-3045.19
32.49900,6.227041e+02,-3.382955e+03,1.243815e+02,-3.004618e+03,1436.64,-3027.21
32.50000,6.105886e+02,-3.388549e+03,1.123615e+02,-2.983436e+03,1447.65,-3006.09
32.50100,6.003195e+02,-3.390763e+03,1.021195e+02,-2.959264e+03,1453.76,-2982.04
32.50200,5.911099e+02,-3.394478e+03,9.287040e+01,-2.936734e+03,1460.46,-2959.65
32.50300,5.821589e+02,-3.396567e+03,8.386147e+01,-2.913072e+03,1465.78,-2936.14
32.50400,5.734798e+02,-3.398987e+03,7.510880e+01,-2.890061e+03,1470.06,-2913.28
32.50500,5.655913e+02,-3.399967e+03,6.709860e+01,-2.866002e+03,1472.39,-2889.38
32.50600,5.582311e+02,-3.398671e+03,5.962193e+01,-2.840207e+03,1472.86,-2863.74
32.50700,5.520967e+02,-3.397985e+03,5.335159e+01,-2.815207e+03,1471.37,-2838.9
32.50800,5.462257e+02,-3.393575e+03,4.735277e+01,-2.787117e+03,1467.77,-2810.97
32.50900,5.410185e+02,-3.387427e+03,4.202332e+01,-2.757839e+03,1462.31,-2781.84
32.51000,5.362251e+02,-3.378893e+03,3.715023e+01,-2.726726e+03,1455.01,-2750.87
32.51100,5.319220e+02,-3.367960e+03,3.279951e+01,-2.693808e+03,1445.8,-2718.08
32.51200,5.280013e+02,-3.354115e+03,2.885035e+01,-2.658663e+03,1434.79,-2683.04
32.51300,5.245477e+02,-3.338297e+03,2.541671e+01,-2.622131e+03,1421.99,-2646.59
32.51400,5.219296e+02,-3.320882e+03,2.283909e+01,-2.584599e+03,1407.21,-2609.1
32.51500,5.190283e+02,-3.297763e+03,2.007823e+01,-2.542300e+03,1390.65,-2566.83
32.51600,5.168768e+02,-3.273681e+03,1.805308e+01,-2.499630e+03,1372.33,-2524.15
32.51700,5.147184e+02,-3.244653e+03,1.611693e+01,-2.452939e+03,1352.21,-2477.41
32.51800,5.130039e+02,-3.213201e+03,1.467946e+01,-2.404565e+03,1330.35,-2428.93
32.51900,5.114750e+02,-3.177945e+03,1.345071e+01,-2.353265e+03,1306.77,-2377.47
32.52000,5.100353e+02,-3.138243e+03,1.238247e+01,-2.298464e+03,1281.5,-2322.45
32.52100,5.087804e+02,-3.094668e+03,1.152717e+01,-2.240711e+03,1254.58,-2264.42
32.52200,5.075703e+02,-3.046432e+03,1.079761e+01,-2.179317e+03,1226.08,-2202.67
32.52300,5.065232e+02,-2.993962e+03,1.026661e+01,-2.114697e+03,1196.03,-2137.63
32.52400,5.055306e+02,-2.936421e+03,9.817140e+00,-2.046091e+03,1164.46,-2068.52
32.52500,5.046485e+02,-2.874094e+03,9.522473e+00,-1.973789e+03,1131.44,-1995.64
32.52600,5.039006e+02,-2.806698e+03,9.376153e+00,-1.897561e+03,1097.06,-1918.75
32.52700,5.032448e+02,-2.734049e+03,9.357573e+00,-1.817247e+03,1061.35,-1837.7
32.52800,5.027841e+02,-2.655932e+03,9.529980e+00,-1.732706e+03,1024.38,-1752.33
32.52900,5.024837e+02,-2.572260e+03,9.875927e+00,-1.643835e+03,986.226,-1662.55
32.53000,5.024111e+02,-2.482913e+03,1.045804e+01,-1.550574e+03,946.991,-1568.3
32.53100,5.026375e+02,-2.387725e+03,1.131979e+01,-1.452781e+03,906.656,-1469.45
32.53200,5.033119e+02,-2.287364e+03,1.261589e+01,-1.351108e+03,865.349,-1366.63
32.53300,5.043689e+02,-2.181077e+03,1.426022e+01,-1.244865e+03,823.146,-1259.18
32.53400,5.059605e+02,-2.069144e+03,1.640671e+01,-1.134347e+03,780.103,-1147.38
32.53500,5.081495e+02,-1.951869e+03,1.910136e+01,-1.019827e+03,736.305,-1031.53
32.53600,5.109796e+02,-1.828819e+03,2.238956e+01,-9.009593e+02,691.787,-911.267
32.53700,5.146044e+02,-1.701423e+03,2.640683e+01,-7.790500e+02,646.591,-787.918
32.53800,5.189460e+02,-1.568647e+03,3.108395e+01,-6.531729e+02,600.836,-660.559
32.53900,5.241429e+02,-1.430714e+03,3.653659e+01,-5.235587e+02,554.525,-529.431
32.54000,5.301953e+02,-1.288451e+03,4.277481e+01,-3.909597e+02,507.724,-395.295
32.54100,5.372463e+02,-1.141738e+03,4.994331e+01,-2.552969e+02,460.472,-258.082
32.54200,5.450925e+02,-9.915160e+02,5.780185e+01,-1.174330e+02,412.877,-118.66
32.54300,5.538959e+02,-8.370600e+02,6.654998e+01,2.328463e+01,364.839,23.6116
32.54400,5.635983e+02,-6.795960e+02,7.611040e+01,1.657336e+02,316.526,167.604
32.54500,5.742071e+02,-5.191483e+02,8.649087e+01,3.098529e+02,267.925,313.248
32.54600,5.855626e+02,-3.568933e+02,9.755713e+01,4.545938e+02,219.185,459.486
32.54700,5.978083e+02,-1.919382e+02,1.094109e+02,6.007630e+02,170.16,607.116
32.54800,6.107288e+02,-2.556687e+01,1.218863e+02,7.472000e+02,120.973,754.972
32.54900,6.244075e+02,1.423336e+02,1.350519e+02,8.939793e+02,71.6576,903.124
32.55000,6.383782e+02,3.090840e+02,1.484359e+02,1.038675e+03,22.342,1049.14
32.55100,6.530422e+02,4.773113e+02,1.624679e+02,1.183698e+03,-27.1085,1195.43
32.55200,6.680373e+02,6.444303e+02,1.767974e+02,1.326666e+03,-76.4908,1339.61
32.55300,6.833180e+02,8.107100e+02,1.913448e+02,1.467879e+03,-125.874,1481.97
32.55400,6.987080e+02,9.753733e+02,2.059911e+02,1.606619e+03,-175.16,1621.8
32.55500,7.141440e+02,1.137886e+03,2.206683e+02,1.742376e+03,-224.25,1758.59
32.55600,7.294547e+02,1.297795e+03,2.351860e+02,1.874810e+03,-273.176,1892
32.55700,7.446260e+02,1.455064e+03,2.495859e+02,2.003887e+03,-321.907,2021.99
32.55800,7.594013e+02,1.608278e+03,2.635835e+02,2.128337e+03,-370.27,2147.3
32.55900,7.738227e+02,1.758382e+03,2.772446e+02,2.249048e+03,-418.365,2268.81
32.56000,7.874247e+02,1.902967e+03,2.901214e+02,2.363839e+03,-465.959,2384.34
32.56100,8.003753e+02,2.043524e+03,3.023829e+02,2.474128e+03,-513.168,2495.31
32.56200,8.125460e+02,2.179118e+03,3.138937e+02,2.579035e+03,-559.821,2600.84
32.56300,8.237073e+02,2.309285e+03,3.244557e+02,2.678220e+03,-605.942,2700.59
32.56400,8.337453e+02,2.433589e+03,3.339415e+02,2.771301e+03,-651.412,2794.17
32.56500,8.424447e+02,2.552269e+03,3.421842e+02,2.858512e+03,-696.29,2881.83
32.56600,8.498773e+02,2.664361e+03,3.491973e+02,2.939034e+03,-740.377,2962.73
32.56700,8.559420e+02,2.770238e+03,3.549221e+02,3.013242e+03,-783.667,3037.26
32.56800,8.605547e+02,2.869920e+03,3.592709e+02,3.081175e+03,-826.196,3105.45
32.56900,8.635113e+02,2.962593e+03,3.620407e+02,3.142153e+03,-867.794,3166.64
32.57000,8.648907e+02,3.048674e+03,3.633271e+02,3.196582e+03,-908.48,3221.21
32.57100,8.647040e+02,3.128378e+03,3.631020e+02,3.244691e+03,-948.176,3269.41
32.57200,8.627533e+02,3.200963e+03,3.612001e+02,3.285865e+03,-986.845,3310.62
32.57300,8.591313e+02,3.266909e+03,3.577084e+02,3.320575e+03,-1024.48,3345.32
32.57400,8.538240e+02,3.326091e+03,3.525944e+02,3.348729e+03,-1060.95,3373.41
32.57500,8.469133e+02,3.378611e+03,3.459171e+02,3.370497e+03,-1096.23,3395.08
32.57600,8.382687e+02,3.424475e+03,3.375626e+02,3.385901e+03,-1130.32,3410.34
32.57700,8.278780e+02,3.463315e+03,3.275325e+02,3.394661e+03,-1163.1,3418.92
32.57800,8.163187e+02,3.497031e+03,3.163678e+02,3.398563e+03,-1194.65,3422.61
32.57900,8.034440e+02,3.524903e+03,3.038998e+02,3.396982e+03,-1224.83,3420.8
32.58000,7.893667e+02,3.547251e+03,2.902817e+02,3.390225e+03,-1253.59,3413.8
32.58100,7.743240e+02,3.564664e+03,2.756735e+02,3.378899e+03,-1280.92,3402.22
32.58200,7.585667e+02,3.578023e+03,2.603631e+02,3.363877e+03,-1306.82,3386.94
32.58300,7.420953e+02,3.587205e+03,2.443278e+02,3.345011e+03,-1331.17,3367.83
32.58400,7.252447e+02,3.592589e+03,2.278801e+02,3.322721e+03,-1353.88,3345.29
32.58500,7.082020e+02,3.595581e+03,2.112053e+02,3.298329e+03,-1375.15,3320.67
32.58600,6.911080e+02,3.595866e+03,1.944350e+02,3.271574e+03,-1394.74,3293.7
32.58700,6.740293e+02,3.593477e+03,1.776868e+02,3.242507e+03,-1412.66,3264.43
32.58800,6.572622e+02,3.589305e+03,1.611596e+02,3.211977e+03,-1429.03,3233.73
32.58900,6.410819e+02,3.584596e+03,1.451812e+02,3.181207e+03,-1444.06,3202.8
32.59000,6.256104e+02,3.579938e+03,1.298650e+02,3.150820e+03,-1458.08,3172.29
32.59100,6.098147e+02,3.570175e+03,1.142102e+02,3.115674e+03,-1467.88,3137.03
32.59200,5.959606e+02,3.557396e+03,1.004500e+02,3.077847e+03,-1472.63,3099.15
32.59300,5.828029e+02,3.545735e+03,8.735253e+01,3.041489e+03,-1479.33,3062.77
32.59400,5.699833e+02,3.532779e+03,7.455620e+01,3.004311e+03,-1484,3025.57
32.59500,5.575852e+02,3.519626e+03,6.214255e+01,2.967329e+03,-1487.56,2988.59
32.59600,5.459146e+02,3.504291e+03,5.049553e+01,2.928695e+03,-1489.06,2949.97
32.59700,5.355157e+02,3.489925e+03,4.006399e+01,2.891313e+03,-1489.07,2912.62
32.59800,5.254814e+02,3.471989e+03,3.001819e+01,2.850967e+03,-1486.93,2872.31
32.59900,5.164003e+02,3.453671e+03,2.094521e+01,2.810638e+03,-1482.8,2832.03
32.60000,5.081996e+02,3.433819e+03,1.273729e+01,2.769302e+03,-1476.91,2790.76
32.60100,5.007237e+02,3.412352e+03,5.293479e+00,2.726924e+03,-1469.3,2748.45
32.60200,4.941977e+02,3.389521e+03,-1.203316e+00,2.683698e+03,-1459.74,2705.3
32.60300,4.883091e+02,3.364631e+03,-7.033280e+00,2.639035e+03,-1448.46,2660.71
32.60400,4.831523e+02,3.337984e+03,-1.208151e+01,2.593215e+03,-1435.38,2614.96
32.60500,4.786948e+02,3.309301e+03,-1.642963e+01,2.546017e+03,-1420.6,2567.83
32.60600,4.748165e+02,3.278627e+03,-2.013731e+01,2.497454e+03,-1404.03,2519.32
32.60700,4.720428e+02,3.247089e+03,-2.275390e+01,2.448641e+03,-1385.76,2470.53
32.60800,4.696066e+02,3.212311e+03,-2.497806e+01,2.397377e+03,-1365.84,2419.27
32.60900,4.674763e+02,3.173655e+03,-2.683194e+01,2.343070e+03,-1344.18,2364.95
32.61000,4.661909e+02,3.134227e+03,-2.785391e+01,2.288639e+03,-1320.98,2310.47
32.61100,4.654820e+02,3.092572e+03,-2.825576e+01,2.232740e+03,-1296.12,2254.48
32.61200,4.651491e+02,3.047041e+03,-2.824809e+01,2.173856e+03,-1269.69,2195.46
32.61300,4.652851e+02,2.998590e+03,-2.775816e+01,2.112943e+03,-1241.78,2134.36
32.61400,4.657334e+02,2.946547e+03,-2.690086e+01,2.049370e+03,-1212.37,2070.53
32.61500,4.667838e+02,2.892199e+03,-2.547674e+01,1.984317e+03,-1181.47,2005.15
32.61600,4.680879e+02,2.833431e+03,-2.376270e+01,1.915892e+03,-1149.16,1936.33
32.61700,4.697765e+02,2.770928e+03,-2.166577e+01,1.844759e+03,-1115.51,1864.72
32.61800,4.717713e+02,2.704551e+03,-1.925958e+01,1.770767e+03,-1080.58,1790.17
32.61900,4.741093e+02,2.633866e+03,-1.651220e+01,1.693557e+03,-1044.34,1712.31
32.62000,4.767660e+02,2.558627e+03,-1.345598e+01,1.612936e+03,-1006.93,1630.95
32.62100,4.797560e+02,2.478883e+03,-1.007104e+01,1.528957e+03,-968.402,1546.14
32.62200,4.831005e+02,2.394493e+03,-6.339529e+00,1.441519e+03,-928.833,1457.77
32.62300,4.868431e+02,2.304880e+03,-2.257463e+00,1.350091e+03,-888.129,1365.33
32.62400,4.909424e+02,2.210788e+03,2.168357e+00,1.255403e+03,-846.642,1269.53
32.62500,4.954980e+02,2.111127e+03,7.002987e+00,1.156458e+03,-804.208,1169.39
32.62600,5.005577e+02,2.006319e+03,1.228345e+01,1.053671e+03,-760.979,1065.33
32.62700,5.060745e+02,1.896118e+03,1.798209e+01,9.468307e+02,-717.032,957.128
32.62800,5.121397e+02,1.780642e+03,2.418223e+01,8.360620e+02,-672.416,844.93
32.62900,5.188785e+02,1.660449e+03,3.097955e+01,7.218813e+02,-627.128,729.257
32.63000,5.261714e+02,1.534630e+03,3.828183e+01,6.034982e+02,-581.366,609.33
32.63100,5.342097e+02,1.403787e+03,4.624573e+01,4.814636e+02,-535.078,485.709
32.63200,5.428923e+02,1.267982e+03,5.481645e+01,3.558452e+02,-488.384,358.477
32.63300,5.523339e+02,1.129045e+03,6.402212e+01,2.283289e+02,-441.23,229.325
32.63400,5.624941e+02,9.849700e+02,7.389533e+01,9.709220e+01,-393.732,96.4469
32.63500,5.733451e+02,8.368113e+02,8.437500e+01,-3.688009e+01,-345.938,-39.1589
32.63600,5.849523e+02,6.851453e+02,9.554373e+01,-1.730636e+02,-297.887,-176.956
32.63700,5.973393e+02,5.296185e+02,1.074237e+02,-3.117796e+02,-249.621,-317.248
32.63800,6.101794e+02,3.717576e+02,1.196859e+02,-4.516118e+02,-201.147,-458.612
32.63900,6.236900e+02,2.112188e+02,1.325290e+02,-5.928807e+02,-152.52,-601.358
32.64000,6.375684e+02,4.993999e+01,1.457057e+02,-7.338207e+02,-103.83,-743.713
32.64100,6.520470e+02,-1.138119e+02,1.594244e+02,-8.759900e+02,-54.9766,-887.23
32.64200,6.667947e+02,-2.775048e+02,1.733476e+02,-1.017131e+03,-6.08825,-1029.64
32.64300,6.817693e+02,-4.413000e+02,1.874862e+02,-1.157331e+03,42.7851,-1171.05
32.64400,6.968993e+02,-6.047115e+02,2.017236e+02,-1.296197e+03,91.6575,-1311.04
32.64500,7.120553e+02,-7.666767e+02,2.159776e+02,-1.432772e+03,140.431,-1448.67
32.64600,7.270267e+02,-9.264713e+02,2.300313e+02,-1.566387e+03,189.077,-1583.27
32.64700,7.418253e+02,-1.084936e+03,2.439049e+02,-1.697833e+03,237.677,-1715.63
32.64800,7.563113e+02,-1.239901e+03,2.574778e+02,-1.825125e+03,286.009,-1843.77
32.64900,7.702267e+02,-1.390916e+03,2.704971e+02,-1.947923e+03,334.083,-1967.35
32.65000,7.835527e+02,-1.538163e+03,2.829667e+02,-2.066376e+03,381.879,-2086.53
32.65100,7.961313e+02,-1.681127e+03,2.947137e+02,-2.180068e+03,429.367,-2200.89
32.65200,8.077747e+02,-1.818675e+03,3.055877e+02,-2.287948e+03,476.373,-2309.38
32.65300,8.185647e+02,-1.951919e+03,3.156489e+02,-2.391099e+03,523.024,-2413.08
32.65400,8.281347e+02,-2.079177e+03,3.245567e+02,-2.487995e+03,569.134,-2510.47
32.65500,8.364727e+02,-2.200235e+03,3.323251e+02,-2.578509e+03,614.678,-2601.43
32.65600,8.434940e+02,-2.315627e+03,3.388488e+02,-2.663119e+03,659.646,-2686.42
32.65700,8.491247e+02,-2.424355e+03,3.440574e+02,-2.740949e+03,703.928,-2764.58
32.65800,8.530840e+02,-2.526137e+03,3.477026e+02,-2.811828e+03,747.49,-2835.72
32.65900,8.555767e+02,-2.621661e+03,3.499775e+02,-2.876393e+03,790.344,-2900.5
32.66000,8.564520e+02,-2.710549e+03,3.507113e+02,-2.934332e+03,832.392,-2958.59
32.66100,8.555773e+02,-2.791913e+03,3.497991e+02,-2.984860e+03,873.512,-3009.21
32.66200,8.531580e+02,-2.867291e+03,3.474311e+02,-3.029432e+03,913.787,-3053.83
32.66300,8.490060e+02,-2.935524e+03,3.434185e+02,-3.067057e+03,953.125,-3091.45
32.66400,8.431847e+02,-2.997205e+03,3.378437e+02,-3.098278e+03,991.421,-3122.62
32.66500,8.356127e+02,-3.051781e+03,3.305830e+02,-3.122644e+03,1028.66,-3146.89
32.66600,8.265707e+02,-3.100137e+03,3.219227e+02,-3.141011e+03,1064.77,-3165.14
32.66700,8.161507e+02,-3.142726e+03,3.119565e+02,-3.153851e+03,1099.73,-3177.83
32.66800,8.044453e+02,-3.179727e+03,3.007501e+02,-3.161343e+03,1133.43,-3185.15
32.66900,7.916320e+02,-3.211810e+03,2.884726e+02,-3.164145e+03,1165.93,-3187.76
32.67000,7.779233e+02,-3.239430e+03,2.753220e+02,-3.162717e+03,1197.06,-3186.15
32.67100,7.634347e+02,-3.262739e+03,2.613969e+02,-3.157225e+03,1226.83,-3180.47
32.67200,7.484527e+02,-3.282643e+03,2.469870e+02,-3.148539e+03,1255.13,-3171.61
32.67300,7.332227e+02,-3.299918e+03,2.323068e+02,-3.137399e+03,1281.9,-3160.32
32.67400,7.179147e+02,-3.314655e+03,2.175087e+02,-3.123933e+03,1307.14,-3146.72
32.67500,7.026553e+02,-3.327663e+03,2.027253e+02,-3.108884e+03,1330.77,-3131.56
32.67600,6.876593e+02,-3.339017e+03,1.881697e+02,-3.092381e+03,1352.77,-3114.97
32.67700,6.730427e+02,-3.349614e+03,1.739295e+02,-3.075258e+03,1373.18,-3097.8
32.67800,6.588431e+02,-3.358340e+03,1.600313e+02,-3.056476e+03,1391.75,-3078.99
32.67900,6.454021e+02,-3.367229e+03,1.468213e+02,-3.038002e+03,1408.82,-3060.52
32.68000,6.325749e+02,-3.375610e+03,1.341615e+02,-3.019264e+03,1424.53,-3041.81
32.68100,6.205762e+02,-3.384517e+03,1.222565e+02,-3.001297e+03,1439.26,-3023.89
32.68200,6.087417e+02,-3.389493e+03,1.105195e+02,-2.979579e+03,1449.34,-3002.24
32.68300,5.984692e+02,-3.390647e+03,1.002663e+02,-2.954334e+03,1454.43,-2977.13
32.68400,5.895671e+02,-3.394887e+03,9.131800e+01,-2.932416e+03,1461.56,-2955.35
32.68500,5.805461e+02,-3.397383e+03,8.223147e+01,-2.909208e+03,1466.78,-2932.29
32.68600,5.720153e+02,-3.399324e+03,7.361800e+01,-2.885807e+03,1470.64,-2909.05
32.68700,5.641933e+02,-3.399773e+03,6.568658e+01,-2.861284e+03,1472.57,-2884.68
32.68800,5.572220e+02,-3.399423e+03,5.858866e+01,-2.836433e+03,1472.84,-2860
32.68900,5.509589e+02,-3.397219e+03,5.218578e+01,-2.810083e+03,1470.87,-2833.8
32.69000,5.452313e+02,-3.392518e+03,4.632737e+01,-2.781809e+03,1466.9,-2805.68
32.69100,5.400911e+02,-3.385941e+03,4.107275e+01,-2.752197e+03,1461.12,-2776.22
32.69200,5.353951e+02,-3.377129e+03,3.631208e+01,-2.720902e+03,1453.5,-2745.07
32.69300,5.311635e+02,-3.365591e+03,3.204115e+01,-2.687516e+03,1443.94,-2711.8
32.69400,5.273853e+02,-3.351572e+03,2.824233e+01,-2.652277e+03,1432.62,-2676.67
32.69500,5.243689e+02,-3.336635e+03,2.522002e+01,-2.616641e+03,1419.41,-2641.1
32.69600,5.214722e+02,-3.317350e+03,2.239529e+01,-2.577475e+03,1404.31,-2601.98
32.69700,5.186305e+02,-3.293783e+03,1.970215e+01,-2.534851e+03,1387.46,-2559.38
32.69800,5.164412e+02,-3.268454e+03,1.766009e+01,-2.491142e+03,1368.78,-2515.65
32.69900,5.144217e+02,-3.239395e+03,1.586157e+01,-2.444508e+03,1348.35,-2468.96
32.70000,5.126796e+02,-3.206860e+03,1.441277e+01,-2.395249e+03,1326.16,-2419.59
32.70100,5.112047e+02,-3.171074e+03,1.323554e+01,-2.343558e+03,1302.29,-2367.73
32.70200,5.097877e+02,-3.130707e+03,1.220582e+01,-2.288259e+03,1276.74,-2312.2
32.70300,5.085455e+02,-3.086143e+03,1.137843e+01,-2.229724e+03,1249.51,-2253.37
32.70400,5.073637e+02,-3.037321e+03,1.069311e+01,-2.167917e+03,1220.75,-2191.2
32.70500,5.063545e+02,-2.983922e+03,1.018686e+01,-2.102544e+03,1190.38,-2125.39
32.70600,5.053687e+02,-2.925582e+03,9.764547e+00,-2.033341e+03,1158.57,-2055.67
32.70700,5.045048e+02,-2.862349e+03,9.486580e+00,-1.960331e+03,1125.31,-1982.07
32.70800,5.037629e+02,-2.793938e+03,9.357473e+00,-1.883308e+03,1090.66,-1904.37
32.70900,5.031386e+02,-2.720247e+03,9.373733e+00,-1.802170e+03,1054.7,-1822.47
32.71000,5.027089e+02,-2.641153e+03,9.577900e+00,-1.716869e+03,1017.51,-1736.33
32.71100,5.024457e+02,-2.556470e+03,9.959760e+00,-1.627223e+03,979.162,-1645.77
32.71200,5.024171e+02,-2.466013e+03,1.058415e+01,-1.533097e+03,939.712,-1550.64
32.71300,5.027236e+02,-2.369843e+03,1.151814e+01,-1.434553e+03,899.188,-1451.02
32.71400,5.034791e+02,-2.268513e+03,1.289811e+01,-1.332153e+03,857.682,-1347.46
32.71500,5.045949e+02,-2.161000e+03,1.459333e+01,-1.224943e+03,815.375,-1239.03
32.71600,5.062972e+02,-2.048085e+03,1.683982e+01,-1.113694e+03,772.177,-1126.49
32.71700,5.086028e+02,-1.929792e+03,1.964264e+01,-9.984133e+02,728.238,-1009.86
32.71800,5.115431e+02,-1.805676e+03,2.303942e+01,-8.787340e+02,683.626,-888.784
32.71900,5.153043e+02,-1.677337e+03,2.716913e+01,-7.561413e+02,638.296,-764.743
32.72000,5.197937e+02,-1.543689e+03,3.198529e+01,-6.296402e+02,592.445,-636.754
32.72100,5.251418e+02,-1.404832e+03,3.757940e+01,-4.993571e+02,546.037,-504.953
32.72200,5.313777e+02,-1.261761e+03,4.398734e+01,-3.661989e+02,499.146,-370.255
32.72300,5.385660e+02,-1.114511e+03,5.125807e+01,-2.302269e+02,451.842,-232.732
32.72400,5.466013e+02,-9.630500e+02,5.930406e+01,-9.142333e+01,404.138,-92.3713
32.72500,5.555653e+02,-8.082967e+02,6.819153e+01,4.937663e+01,356.07,49.981
32.72600,5.654418e+02,-6.501787e+02,7.792087e+01,1.922419e+02,307.678,194.386
32.72700,5.761041e+02,-4.899268e+02,8.834893e+01,3.360005e+02,259.122,339.664
32.72800,5.877165e+02,-3.265533e+02,9.963887e+01,4.815642e+02,210.269,486.717
32.72900,6.000751e+02,-1.613258e+02,1.116058e+02,6.278079e+02,161.194,634.413
32.73000,6.131281e+02,5.257620e+00,1.242015e+02,7.742340e+02,112.02,782.25
32.73100,6.267609e+02,1.722233e+02,1.373085e+02,9.199740e+02,62.738,929.353
32.73200,6.410110e+02,3.406581e+02,1.509541e+02,1.066005e+03,13.3139,1076.7
32.73300,6.557027e+02,5.081527e+02,1.650161e+02,1.210174e+03,-36.0949,1222.12
32.73400,6.707667e+02,6.752780e+02,1.793877e+02,1.352985e+03,-85.5135,1366.13
32.73500,6.860860e+02,8.412020e+02,1.939731e+02,1.493663e+03,-134.842,1507.94
32.73600,7.014713e+02,1.005531e+03,2.086235e+02,1.631911e+03,-184.117,1647.27
32.73700,7.168900e+02,1.167603e+03,2.232687e+02,1.767101e+03,-233.194,1783.49
32.73800,7.321440e+02,1.326447e+03,2.377365e+02,1.898391e+03,-282.04,1915.74
32.73900,7.472793e+02,1.483372e+03,2.520931e+02,2.026979e+03,-330.715,2045.23
32.74000,7.619827e+02,1.635988e+03,2.660287e+02,2.150725e+03,-379.064,2169.82
32.74100,7.761633e+02,1.784568e+03,2.794565e+02,2.269875e+03,-427.012,2289.76
32.74200,7.897560e+02,1.928817e+03,2.923174e+02,2.384209e+03,-474.583,2404.82
32.74300,8.025027e+02,2.068242e+03,3.043941e+02,2.493299e+03,-521.686,2514.58
32.74400,8.145320e+02,2.203161e+03,3.157657e+02,2.597447e+03,-568.286,2619.34
32.74500,8.254740e+02,2.332185e+03,3.261205e+02,2.695454e+03,-614.307,2717.9
32.74600,8.352527e+02,2.455344e+03,3.353663e+02,2.787354e+03,-659.654,2810.3
32.74700,8.439187e+02,2.573346e+03,3.435750e+02,2.873821e+03,-704.382,2897.2
32.74800,8.512240e+02,2.684673e+03,3.504653e+02,2.953514e+03,-748.364,2977.26
32.74900,8.569160e+02,2.789091e+03,3.558451e+02,3.026285e+03,-791.492,3050.34
32.75000,8.612787e+02,2.887526e+03,3.599427e+02,3.092978e+03,-833.838,3117.29
32.75100,8.638733e+02,2.978713e+03,3.623639e+02,3.152489e+03,-875.246,3176.99
32.75200,8.650253e+02,3.064029e+03,3.634576e+02,3.206129e+03,-915.811,3230.77
32.75300,8.645087e+02,3.142211e+03,3.629019e+02,3.252761e+03,-955.269,3277.48
32.75400,8.622733e+02,3.213761e+03,3.607212e+02,3.292911e+03,-993.778,3317.66
32.75500,8.583213e+02,3.278327e+03,3.569152e+02,3.326290e+03,-1031.19,3351.02
32.75600,8.527107e+02,3.336361e+03,3.515101e+02,3.353343e+03,-1067.46,3378
32.75700,8.452180e+02,3.387097e+03,3.442747e+02,3.373419e+03,-1102.53,3397.96
32.75800,8.362480e+02,3.431427e+03,3.356139e+02,3.387389e+03,-1136.38,3411.78
32.75900,8.258420e+02,3.469934e+03,3.255681e+02,3.395807e+03,-1168.93,3420.02
32.76000,8.140267e+02,3.502463e+03,3.141456e+02,3.398602e+03,-1200.27,3422.6
32.76100,8.009633e+02,3.529403e+03,3.014927e+02,3.396139e+03,-1230.19,3419.91
32.76200,7.866940e+02,3.550847e+03,2.876751e+02,3.388539e+03,-1258.71,3412.06
32.76300,7.715193e+02,3.567599e+03,2.729413e+02,3.376613e+03,-1285.78,3399.88
32.76400,7.555827e+02,3.579934e+03,2.574675e+02,3.360637e+03,-1311.39,3383.65
32.76500,7.390007e+02,3.588389e+03,2.413129e+02,3.341119e+03,-1335.46,3363.88
32.76600,7.221600e+02,3.593637e+03,2.248671e+02,3.318727e+03,-1357.91,3341.24
32.76700,7.050647e+02,3.595641e+03,2.081369e+02,3.293442e+03,-1378.82,3315.73
32.76800,6.879660e+02,3.595572e+03,1.913769e+02,3.266385e+03,-1398.14,3288.46
32.76900,6.709380e+02,3.592771e+03,1.746369e+02,3.236952e+03,-1415.76,3258.84
32.77000,6.543141e+02,3.588590e+03,1.582527e+02,3.206484e+03,-1431.89,3228.2
32.77100,6.381804e+02,3.583597e+03,1.423091e+02,3.175491e+03,-1446.6,3197.05
32.77200,6.226043e+02,3.578420e+03,1.269062e+02,3.144623e+03,-1460.26,3166.06
32.77300,6.071827e+02,3.569228e+03,1.115995e+02,3.110104e+03,-1469.94,3131.44
32.77400,5.933829e+02,3.554780e+03,9.788813e+01,3.070732e+03,-1473.82,3092.02
32.77500,5.804532e+02,3.542849e+03,8.502000e+01,3.034133e+03,-1479.99,3055.4
32.77600,5.675853e+02,3.530211e+03,7.215420e+01,2.997363e+03,-1484.71,3018.62
32.77700,5.554121e+02,3.516893e+03,5.997605e+01,2.960308e+03,-1487.95,2981.56
32.77800,5.438529e+02,3.501279e+03,4.842991e+01,2.921468e+03,-1489.13,2942.74
32.77900,5.336779e+02,3.487139e+03,3.822308e+01,2.884372e+03,-1488.88,2905.68
32.78000,5.237333e+02,3.468639e+03,2.827121e+01,2.843564e+03,-1486.31,2864.91
32.78100,5.148372e+02,3.450155e+03,1.937752e+01,2.803171e+03,-1481.84,2824.57
32.78200,5.067569e+02,3.429961e+03,1.130285e+01,2.761593e+03,-1475.65,2783.06
32.78300,4.995032e+02,3.408234e+03,4.067973e+00,2.719035e+03,-1467.61,2740.57
32.78400,4.930206e+02,3.384982e+03,-2.370186e+00,2.675521e+03,-1457.83,2697.13
32.78500,4.872727e+02,3.359714e+03,-8.046060e+00,2.630585e+03,-1446.17,2652.27
32.78600,4.822849e+02,3.332877e+03,-1.293315e+01,2.584692e+03,-1432.81,2606.45
32.78700,4.779306e+02,3.303689e+03,-1.716462e+01,2.537110e+03,-1417.68,2558.93
32.78800,4.741617e+02,3.272446e+03,-2.077813e+01,2.488121e+03,-1400.82,2509.99
32.78900,4.716269e+02,3.241166e+03,-2.314226e+01,2.439638e+03,-1382.24,2461.53
32.79000,4.691373e+02,3.205611e+03,-2.538809e+01,2.387755e+03,-1361.98,2409.64
32.79100,4.672306e+02,3.166900e+03,-2.703975e+01,2.333500e+03,-1340.06,2355.37
32.79200,4.659621e+02,3.126921e+03,-2.802175e+01,2.278667e+03,-1316.55,2300.48
32.79300,4.654376e+02,3.084837e+03,-2.823927e+01,2.222467e+03,-1291.39,2244.19
32.79400,4.651225e+02,3.038447e+03,-2.820228e+01,2.162939e+03,-1264.71,2184.51
32.79500,4.652937e+02,2.989181e+03,-2.767177e+01,2.101375e+03,-1236.49,2122.75
32.79600,4.659561e+02,2.937007e+03,-2.662715e+01,2.037793e+03,-1206.78,2058.9
32.79700,4.669971e+02,2.881717e+03,-2.519713e+01,1.972003e+03,-1175.65,1992.77
32.79800,4.683677e+02,2.822337e+03,-2.341768e+01,1.903157e+03,-1143.13,1923.51
32.79900,4.701017e+02,2.759113e+03,-2.127568e+01,1.831479e+03,-1109.23,1851.34
32.80000,4.721453e+02,2.691961e+03,-1.880023e+01,1.756897e+03,-1074.04,1776.18
32.80100,4.745528e+02,2.620276e+03,-1.599816e+01,1.678910e+03,-1037.57,1697.53
32.80200,4.772742e+02,2.544452e+03,-1.286787e+01,1.597897e+03,-999.978,1615.76
32.80300,4.803152e+02,2.463907e+03,-9.436380e+00,1.513323e+03,-961.27,1530.34
32.80400,4.837477e+02,2.378387e+03,-5.635072e+00,1.424987e+03,-921.429,1441.06
32.80500,4.875149e+02,2.288241e+03,-1.516657e+00,1.333231e+03,-880.656,1348.27
32.80600,4.917319e+02,2.192829e+03,3.009787e+00,1.237492e+03,-838.946,1251.41
32.80700,4.963729e+02,2.092260e+03,7.911693e+00,1.137873e+03,-796.357,1150.58
32.80800,5.015046e+02,1.986592e+03,1.326511e+01,1.034458e+03,-752.994,1045.87
32.80900,5.070733e+02,1.875028e+03,1.901112e+01,9.265307e+02,-708.944,936.573
32.81000,5.132946e+02,1.758921e+03,2.535014e+01,8.153567e+02,-664.203,823.958
32.81100,5.201948e+02,1.638155e+03,3.229553e+01,7.008133e+02,-618.766,707.913
32.81200,5.275789e+02,1.510965e+03,3.968012e+01,5.813512e+02,-572.942,586.898
32.81300,5.357099e+02,1.379384e+03,4.772229e+01,4.588097e+02,-526.583,462.765
32.81400,5.445435e+02,1.242928e+03,5.642920e+01,3.327775e+02,-479.813,335.116
32.81500,5.541140e+02,1.102906e+03,6.575125e+01,2.044403e+02,-432.553,205.142
32.81600,5.643950e+02,9.577120e+02,7.572747e+01,7.236807e+01,-385.015,71.4293
32.81700,5.753943e+02,8.091040e+02,8.634840e+01,-6.183626e+01,-337.19,-64.4048
32.81800,5.871239e+02,6.567237e+02,9.762027e+01,-1.984905e+02,-289.083,-202.666
32.81900,5.995995e+02,5.006051e+02,1.095806e+02,-3.375603e+02,-240.79,-343.304
32.82000,6.125822e+02,3.421560e+02,1.219717e+02,-4.777471e+02,-192.293,-485.012
32.82100,6.262231e+02,1.811427e+02,1.349263e+02,-6.192596e+02,-143.617,-627.99
32.82200,6.401447e+02,1.979159e+01,1.481455e+02,-7.600827e+02,-94.9132,-770.215
32.82300,6.546733e+02,-1.440739e+02,1.619029e+02,-9.021733e+02,-46.0338,-913.639
32.82400,6.694760e+02,-3.078692e+02,1.758831e+02,-1.043222e+03,2.8332,-1055.95
32.82500,6.844893e+02,-4.715927e+02,1.900491e+02,-1.183161e+03,51.6952,-1197.07
32.82600,6.995673e+02,-6.344313e+02,2.042289e+02,-1.321343e+03,100.528,-1336.37
32.82700,7.147640e+02,-7.964100e+02,2.185198e+02,-1.457742e+03,149.338,-1473.81
32.82800,7.296887e+02,-9.557453e+02,2.325243e+02,-1.590767e+03,197.96,-1607.81
32.82900,7.444347e+02,-1.113721e+03,2.463399e+02,-1.721578e+03,246.513,-1739.52
32.83000,7.587827e+02,-1.267701e+03,2.597775e+02,-1.847820e+03,294.809,-1866.6
32.83100,7.726540e+02,-1.418400e+03,2.727641e+02,-1.970159e+03,342.85,-1989.71
32.83200,7.858147e+02,-1.564554e+03,2.850764e+02,-2.087459e+03,390.568,-2107.72
32.83300,7.982567e+02,-1.706721e+03,2.966913e+02,-2.200262e+03,437.987,-2221.18
32.83400,8.096920e+02,-1.843210e+03,3.073664e+02,-2.307017e+03,484.908,-2328.54
32.83500,8.203027e+02,-1.975595e+03,3.172620e+02,-2.409245e+03,531.494,-2431.31
32.83600,8.296413e+02,-2.101760e+03,3.259489e+02,-2.505006e+03,577.516,-2527.55
32.83700,8.376547e+02,-2.221196e+03,3.334194e+02,-2.593905e+03,622.904,-2616.88
32.83800,8.444780e+02,-2.335722e+03,3.397525e+02,-2.677595e+03,667.812,-2700.95
32.83900,8.497940e+02,-2.443103e+03,3.446715e+02,-2.754095e+03,711.937,-2777.76
32.84000,8.535960e+02,-2.543932e+03,3.481589e+02,-2.823972e+03,755.366,-2847.9
32.84100,8.558533e+02,-2.638545e+03,3.502109e+02,-2.887583e+03,798.099,-2911.71
32.84200,8.564113e+02,-2.726010e+03,3.506449e+02,-2.944142e+03,840.012,-2968.41
32.84300,8.552427e+02,-2.806239e+03,3.494540e+02,-2.993551e+03,880.962,-3017.91
32.84400,8.523940e+02,-2.880174e+03,3.467044e+02,-3.036716e+03,921.092,-3061.11
32.84500,8.479240e+02,-2.946824e+03,3.423797e+02,-3.072810e+03,960.177,-3097.19
32.84600,8.417467e+02,-3.007076e+03,3.364587e+02,-3.102656e+03,998.272,-3126.98
32.84700,8.339880e+02,-3.060833e+03,3.290233e+02,-3.126228e+03,1035.35,-3150.45
32.84800,8.247067e+02,-3.108065e+03,3.201412e+02,-3.143522e+03,1071.24,-3167.62
32.84900,8.140767e+02,-3.149757e+03,3.099621e+02,-3.155492e+03,1105.95,-3179.43
32.85000,8.021653e+02,-3.185994e+03,2.985659e+02,-3.162249e+03,1139.53,-3186.01
32.85100,7.891707e+02,-3.217205e+03,2.861055e+02,-3.164220e+03,1171.75,-3187.8
32.85200,7.752700e+02,-3.243678e+03,2.727779e+02,-3.161703e+03,1202.6,-3185.1
32.85300,7.607040e+02,-3.266516e+03,2.587884e+02,-3.155779e+03,1232.1,-3178.99
32.85400,7.456713e+02,-3.285823e+03,2.443208e+02,-3.146537e+03,1260.13,-3169.58
32.85500,7.304000e+02,-3.302598e+03,2.295813e+02,-3.134955e+03,1286.62,-3157.84
32.85600,7.151000e+02,-3.317135e+03,2.147878e+02,-3.121285e+03,1311.56,-3144.04
32.85700,6.998920e+02,-3.329793e+03,2.000662e+02,-3.105933e+03,1334.89,-3128.58
32.85800,6.849387e+02,-3.340923e+03,1.855148e+02,-3.089224e+03,1356.63,-3111.8
32.85900,6.703860e+02,-3.351079e+03,1.713239e+02,-3.071711e+03,1376.7,-3094.24
32.86000,6.563331e+02,-3.359895e+03,1.575713e+02,-3.053048e+03,1394.95,-3075.56
32.86100,6.430233e+02,-3.368893e+03,1.444796e+02,-3.034718e+03,1411.92,-3057.24
32.86200,6.302288e+02,-3.376855e+03,1.318525e+02,-3.015607e+03,1427.19,-3038.16
32.86300,6.181866e+02,-3.385140e+03,1.199079e+02,-2.997019e+03,1441.35,-3019.62
32.86400,6.068298e+02,-3.391104e+03,1.086255e+02,-2.976365e+03,1451.55,-2999.04
32.86500,5.967564e+02,-3.391926e+03,9.855033e+01,-2.950805e+03,1455.97,-2973.62
32.86600,5.879261e+02,-3.394627e+03,8.968047e+01,-2.927463e+03,1462.2,-2950.42
32.86700,5.788819e+02,-3.397640e+03,8.055767e+01,-2.904846e+03,1467.63,-2927.95
32.86800,5.705831e+02,-3.399577e+03,7.216807e+01,-2.881475e+03,1471.12,-2904.74
32.86900,5.628309e+02,-3.399688e+03,6.430200e+01,-2.856701e+03,1472.72,-2880.12
32.87000,5.561765e+02,-3.399554e+03,5.752130e+01,-2.832092e+03,1472.63,-2855.68
32.87100,5.498627e+02,-3.396351e+03,5.106590e+01,-2.804902e+03,1470.26,-2828.65
32.87200,5.442592e+02,-3.391557e+03,4.533298e+01,-2.776606e+03,1466,-2800.5
32.87300,5.391970e+02,-3.384605e+03,4.017339e+01,-2.746704e+03,1459.89,-2770.75
32.87400,5.346253e+02,-3.375363e+03,3.553164e+01,-2.715103e+03,1451.89,-2739.29
32.87500,5.304381e+02,-3.363345e+03,3.130621e+01,-2.681341e+03,1442.03,-2705.65
32.87600,5.268019e+02,-3.349123e+03,2.764130e+01,-2.646000e+03,1430.34,-2670.4
32.87700,5.236740e+02,-3.332871e+03,2.454297e+01,-2.609235e+03,1416.83,-2633.7
32.87800,5.209708e+02,-3.313505e+03,2.191383e+01,-2.570086e+03,1401.37,-2594.6
32.87900,5.182521e+02,-3.289453e+03,1.934059e+01,-2.527122e+03,1384.18,-2551.65
32.88000,5.161179e+02,-3.263626e+03,1.736791e+01,-2.483027e+03,1365.17,-2507.53
32.88100,5.142287e+02,-3.234359e+03,1.570688e+01,-2.436311e+03,1344.43,-2460.74
32.88200,5.124324e+02,-3.200892e+03,1.421223e+01,-2.386293e+03,1321.95,-2410.6
32.88300,5.109700e+02,-3.164185e+03,1.306615e+01,-2.333873e+03,1297.77,-2358
32.88400,5.095603e+02,-3.122969e+03,1.205216e+01,-2.277889e+03,1271.88,-2301.78
32.88500,5.083389e+02,-3.077718e+03,1.126451e+01,-2.218840e+03,1244.39,-2242.42
32.88600,5.071718e+02,-3.028026e+03,1.059017e+01,-2.156356e+03,1215.34,-2179.56
32.88700,5.061743e+02,-2.973738e+03,1.010352e+01,-2.090286e+03,1184.68,-2113.04
32.88800,5.052103e+02,-2.914569e+03,9.712740e+00,-2.020445e+03,1152.62,-2042.67
32.88900,5.043731e+02,-2.850378e+03,9.461653e+00,-1.946695e+03,1119.11,-1968.31
32.89000,5.036468e+02,-2.781022e+03,9.353880e+00,-1.868930e+03,1084.21,-1889.86
32.89100,5.030452e+02,-2.706353e+03,9.391793e+00,-1.787051e+03,1048.03,-1807.21
32.89200,5.026480e+02,-2.626284e+03,9.635093e+00,-1.700981e+03,1010.62,-1720.28
32.89300,5.024225e+02,-2.540493e+03,1.005606e+01,-1.610463e+03,972.049,-1628.83
32.89400,5.024463e+02,-2.448972e+03,1.072933e+01,-1.515516e+03,932.398,-1532.87
32.89500,5.028250e+02,-2.351761e+03,1.173577e+01,-1.416180e+03,891.679,-1432.44
32.89600,5.035981e+02,-2.249265e+03,1.313049e+01,-1.312861e+03,850.078,-1327.95
32.89700,5.048553e+02,-2.140806e+03,1.494944e+01,-1.204956e+03,807.567,-1218.81
32.89800,5.066520e+02,-2.026927e+03,1.729425e+01,-1.092975e+03,764.239,-1105.53
32.89900,5.090607e+02,-1.907554e+03,2.018781e+01,-9.768780e+02,720.167,-988.077
32.90000,5.121839e+02,-1.783095e+03,2.374135e+01,-8.570707e+02,675.421,-866.861
32.90100,5.160264e+02,-1.653195e+03,2.795689e+01,-7.332053e+02,630.002,-741.54
32.90200,5.206803e+02,-1.518272e+03,3.292637e+01,-6.057173e+02,584.034,-612.559
32.90300,5.261623e+02,-1.378930e+03,3.864195e+01,-4.751692e+02,537.547,-480.489
32.90400,5.326131e+02,-1.234903e+03,4.524839e+01,-3.413243e+02,490.58,-345.101
32.90500,5.399237e+02,-1.086841e+03,5.262551e+01,-2.047957e+02,443.194,-207.021
32.90600,5.481323e+02,-9.349100e+02,6.082827e+01,-6.574638e+01,395.426,-66.4155
32.90700,5.572719e+02,-7.793547e+02,6.987507e+01,7.560280e+01,347.275,76.4837
32.90800,5.672527e+02,-6.211009e+02,7.969733e+01,2.184045e+02,298.884,220.821
32.90900,5.781503e+02,-4.597509e+02,9.033647e+01,3.629704e+02,250.239,366.899
32.91000,5.898725e+02,-2.961763e+02,1.017293e+02,5.085350e+02,201.353,513.946
32.91100,6.023569e+02,-1.306974e+02,1.138111e+02,6.548167e+02,152.255,661.673
32.91200,6.155722e+02,3.632451e+01,1.265463e+02,8.014420e+02,103.042,809.699
32.91300,6.292489e+02,2.030403e+02,1.396948e+02,9.467747e+02,53.7441,956.385
32.91400,6.436217e+02,3.715647e+02,1.534501e+02,1.092701e+03,4.32779,1103.61
32.91500,6.583717e+02,5.390240e+02,1.675691e+02,1.236657e+03,-45.0971,1248.81
32.91600,6.734940e+02,7.060093e+02,1.819877e+02,1.379143e+03,-94.509,1392.48
32.91700,6.888460e+02,8.716547e+02,1.965966e+02,1.519381e+03,-143.82,1533.85
32.91800,7.042427e+02,1.035554e+03,2.112509e+02,1.657046e+03,-193.048,1672.58
32.91900,7.196107e+02,1.197207e+03,2.258488e+02,1.791688e+03,-242.12,1808.24
32.92000,7.349273e+02,1.356125e+03,2.403643e+02,1.922851e+03,-290.955,1940.35
32.92100,7.499467e+02,1.511787e+03,2.546158e+02,2.050133e+03,-339.554,2068.52
32.92200,7.645107e+02,1.663299e+03,2.684231e+02,2.172709e+03,-387.804,2191.93
32.92300,7.786300e+02,1.811450e+03,2.817881e+02,2.291302e+03,-435.729,2311.3
32.92400,7.921193e+02,1.955051e+03,2.945531e+02,2.404899e+03,-483.249,2425.62
32.92500,8.047447e+02,2.093638e+03,3.065019e+02,2.513069e+03,-530.254,2534.45
32.92600,8.165013e+02,2.227069e+03,3.176193e+02,2.615713e+03,-576.732,2637.7
32.92700,8.272273e+02,2.354938e+03,3.277749e+02,2.712519e+03,-622.61,2735.04
32.92800,8.368027e+02,2.477073e+03,3.368272e+02,2.803363e+03,-667.869,2826.37
32.92900,8.451940e+02,2.593620e+03,3.447651e+02,2.888370e+03,-712.44,2911.8
32.93000,8.522107e+02,2.703800e+03,3.513983e+02,2.966909e+03,-756.261,2990.7
32.93100,8.577893e+02,2.807436e+03,3.566629e+02,3.038844e+03,-799.283,3062.94
32.93200,8.619253e+02,2.904997e+03,3.605567e+02,3.104642e+03,-841.502,3128.98
32.93300,8.642133e+02,2.994827e+03,3.626914e+02,3.162813e+03,-882.699,3187.34
32.93400,8.650733e+02,3.078979e+03,3.634875e+02,3.215289e+03,-923.111,3239.94
32.93500,8.641813e+02,3.155653e+03,3.625798e+02,3.260474e+03,-962.369,3285.2
32.93600,8.615893e+02,3.225707e+03,3.600488e+02,3.299159e+03,-1000.65,3323.9
32.93700,8.572260e+02,3.288615e+03,3.558570e+02,3.330966e+03,-1037.82,3355.67
32.93800,8.512640e+02,3.345535e+03,3.501161e+02,3.356955e+03,-1073.95,3381.59
32.93900,8.436487e+02,3.395431e+03,3.427465e+02,3.376211e+03,-1108.8,3400.72
32.94000,8.343940e+02,3.438811e+03,3.338260e+02,3.389267e+03,-1142.45,3413.62
32.94100,8.237340e+02,3.476173e+03,3.235330e+02,3.396601e+03,-1174.74,3420.77
32.94200,8.116920e+02,3.507570e+03,3.118855e+02,3.398330e+03,-1205.81,3422.28
32.94300,7.984060e+02,3.533444e+03,2.990216e+02,3.394856e+03,-1235.46,3418.57
32.94400,7.839513e+02,3.554029e+03,2.850234e+02,3.386495e+03,-1263.77,3409.96
32.94500,7.686087e+02,3.570161e+03,2.701169e+02,3.373987e+03,-1290.62,3397.2
32.94600,7.525467e+02,3.581517e+03,2.545094e+02,3.357089e+03,-1315.84,3380.05
32.94700,7.359307e+02,3.589583e+03,2.383203e+02,3.337248e+03,-1339.69,3359.95
32.94800,7.190167e+02,3.594198e+03,2.217939e+02,3.314287e+03,-1361.84,3336.75
32.94900,7.019013e+02,3.595753e+03,2.050216e+02,3.288624e+03,-1382.51,3310.86
32.95000,6.848233e+02,3.594972e+03,1.882853e+02,3.260923e+03,-1401.43,3282.96
32.95100,6.678053e+02,3.591911e+03,1.715495e+02,3.231269e+03,-1418.78,3253.11
32.95200,6.513143e+02,3.587790e+03,1.552948e+02,3.200923e+03,-1434.74,3222.6
32.95300,6.352785e+02,3.582578e+03,1.394517e+02,3.169782e+03,-1449.11,3191.31
32.95400,6.196080e+02,3.576503e+03,1.239151e+02,3.138057e+03,-1462.19,3159.46
32.95500,6.046027e+02,3.567554e+03,1.090229e+02,3.103845e+03,-1471.53,3125.16
32.95600,5.908673e+02,3.552466e+03,9.538660e+01,3.063918e+03,-1474.99,3085.2
32.95700,5.781468e+02,3.540125e+03,8.269253e+01,3.026978e+03,-1480.65,3048.24
32.95800,5.652708e+02,3.527731e+03,6.983480e+01,2.990551e+03,-1485.45,3011.8
32.95900,5.532317e+02,3.513899e+03,5.779628e+01,2.953062e+03,-1488.22,2974.31
32.96000,5.417768e+02,3.498257e+03,4.633403e+01,2.914270e+03,-1489.2,2935.54
32.96100,5.317589e+02,3.483740e+03,3.629896e+01,2.876891e+03,-1488.61,2898.2
32.96200,5.220345e+02,3.465255e+03,2.657329e+01,2.836165e+03,-1485.62,2857.51
32.96300,5.132944e+02,3.446568e+03,1.781356e+01,2.795638e+03,-1480.83,2817.04
32.96400,5.053505e+02,3.426117e+03,9.894127e+00,2.753915e+03,-1474.36,2775.38
32.96500,4.982569e+02,3.404107e+03,2.816316e+00,2.711178e+03,-1465.97,2732.72
32.96600,4.918959e+02,3.380372e+03,-3.483171e+00,2.667289e+03,-1455.81,2688.91
32.96700,4.863189e+02,3.355073e+03,-8.986333e+00,2.622420e+03,-1443.89,2644.11
32.96800,4.814313e+02,3.327589e+03,-1.377182e+01,2.576019e+03,-1430.18,2597.78
32.96900,4.772071e+02,3.298173e+03,-1.785163e+01,2.528302e+03,-1414.71,2550.13
32.97000,4.735046e+02,3.266419e+03,-2.139425e+01,2.478948e+03,-1397.59,2500.81
32.97100,4.710930e+02,3.234604e+03,-2.364116e+01,2.430062e+03,-1378.62,2451.95
32.97200,4.686201e+02,3.197981e+03,-2.586323e+01,2.377287e+03,-1358.08,2399.17
32.97300,4.669911e+02,3.160487e+03,-2.723594e+01,2.324271e+03,-1335.88,2346.13
32.97400,4.657031e+02,3.118884e+03,-2.821384e+01,2.268043e+03,-1312.07,2289.84
32.97500,4.652695e+02,3.076158e+03,-2.834351e+01,2.211367e+03,-1286.63,2233.06
32.97600,4.651410e+02,3.029755e+03,-2.813213e+01,2.151925e+03,-1259.65,2173.46
32.97700,4.653400e+02,2.979705e+03,-2.755483e+01,2.089769e+03,-1231.17,2111.09
32.97800,4.660937e+02,2.926976e+03,-2.642172e+01,2.025799e+03,-1201.21,2046.84
32.97900,4.672075e+02,2.871131e+03,-2.490782e+01,1.959617e+03,-1169.78,1980.31
32.98000,4.686564e+02,2.811135e+03,-2.305645e+01,1.890339e+03,-1137.03,1910.61
32.98100,4.704225e+02,2.747199e+03,-2.086787e+01,1.818127e+03,-1102.9,1837.89
32.98200,4.725626e+02,2.679238e+03,-1.832237e+01,1.742941e+03,-1067.47,1762.11
32.98300,4.750165e+02,2.606790e+03,-1.545970e+01,1.664395e+03,-1030.79,1682.88
32.98400,4.778031e+02,2.530037e+03,-1.227475e+01,1.582663e+03,-992.95,1600.38
32.98500,4.808932e+02,2.448644e+03,-8.788687e+00,1.497464e+03,-954.073,1514.32
32.98600,4.844043e+02,2.362269e+03,-4.912845e+00,1.408487e+03,-914.011,1424.38
32.98700,4.882247e+02,2.271009e+03,-7.522333e-01,1.315863e+03,-873.102,1330.71
32.98800,4.925356e+02,2.174796e+03,3.857528e+00,1.219545e+03,-831.226,1233.25
32.98900,4.972472e+02,2.073234e+03,8.828740e+00,1.119169e+03,-788.5,1131.65
32.99000,5.024841e+02,1.966647e+03,1.427605e+01,1.015077e+03,-745.002,1026.25
32.99100,5.081293e+02,1.854157e+03,2.009209e+01,9.064640e+02,-700.845,916.25
32.99200,5.144545e+02,1.737040e+03,2.652787e+01,7.945300e+02,-655.968,802.863
32.99300,5.215751e+02,1.616094e+03,3.365690e+01,6.800187e+02,-610.406,686.841
32.99400,5.289921e+02,1.487244e+03,4.107748e+01,5.591841e+02,-564.52,564.446
32.99500,5.372293e+02,1.354636e+03,4.922041e+01,4.358747e+02,-518.071,439.541
32.99600,5.462265e+02,1.217986e+03,5.806189e+01,3.098437e+02,-471.194,311.89
32.99700,5.558903e+02,1.076478e+03,6.747473e+01,1.803240e+02,-423.912,180.732
32.99800,5.663101e+02,9.306607e+02,7.757267e+01,4.787078e+01,-376.331,46.64
32.99900,5.774515e+02,7.814127e+02,8.831367e+01,-8.673940e+01,-328.42,-89.5964
33.00000,5.892703e+02,6.278823e+02,9.967740e+01,-2.242684e+02,-280.282,-228.726
