# ale_1x_dt0.00025: forces per unit depth (N/m) on cylinder+flag (total) and flag (plate); gen_q = pressure force on the flag projected on the prescribed mode, gen_u its unprojected sum; last 2 s at 1 ms
time,total_drag,total_lift,plate_drag,plate_lift,gen_q,gen_u
31.00000,5.859738e+02,6.732493e+02,9.665787e+01,-1.772641e+02,-306.085,-176.435
31.00100,5.975700e+02,5.261816e+02,1.078022e+02,-3.074108e+02,-260.294,-307.67
31.00200,6.094250e+02,3.679865e+02,1.192374e+02,-4.470994e+02,-212.171,-448.453
31.00300,6.215655e+02,2.080635e+02,1.309601e+02,-5.870169e+02,-165.235,-589.473
31.00400,6.347332e+02,5.923230e+01,1.437673e+02,-7.159740e+02,-118.877,-719.533
31.00500,6.485853e+02,-9.367213e+01,1.570291e+02,-8.473107e+02,-71.9104,-851.966
31.00600,6.626193e+02,-2.493179e+02,1.704481e+02,-9.806767e+02,-23.5078,-986.415
31.00700,6.771413e+02,-4.017327e+02,1.839003e+02,-1.109312e+03,23.0405,-1116.12
31.00800,6.913313e+02,-5.522858e+02,1.975198e+02,-1.235593e+03,68.9473,-1243.44
31.00900,7.050593e+02,-6.978320e+02,2.104923e+02,-1.356549e+03,115.633,-1365.41
31.01000,7.189780e+02,-8.484020e+02,2.236031e+02,-1.481171e+03,165.186,-1491.02
31.01100,7.342333e+02,-1.014923e+03,2.380031e+02,-1.619746e+03,214.307,-1630.54
31.01200,7.478060e+02,-1.155131e+03,2.509574e+02,-1.732629e+03,259.334,-1744.32
31.01300,7.567827e+02,-1.275393e+03,2.593349e+02,-1.826840e+03,303.815,-1839.38
31.01400,7.685780e+02,-1.416681e+03,2.703525e+02,-1.939877e+03,351.647,-1953.23
31.01500,7.768640e+02,-1.540465e+03,2.779685e+02,-2.035887e+03,397.623,-2050.01
31.01600,7.854593e+02,-1.665756e+03,2.861099e+02,-2.131950e+03,442.355,-2146.78
31.01700,7.947813e+02,-1.794027e+03,2.949376e+02,-2.230418e+03,489.402,-2245.91
31.01800,8.010487e+02,-1.905392e+03,3.006555e+02,-2.312423e+03,535.787,-2328.52
31.01900,8.065520e+02,-2.020011e+03,3.057317e+02,-2.396857e+03,582.103,-2413.51
31.02000,8.111253e+02,-2.123635e+03,3.097005e+02,-2.470896e+03,625.61,-2488.05
31.02100,8.152427e+02,-2.225245e+03,3.136492e+02,-2.542415e+03,670.231,-2560.02
31.02200,8.168320e+02,-2.321487e+03,3.149917e+02,-2.608171e+03,714.728,-2626.18
31.02300,8.188240e+02,-2.409697e+03,3.172667e+02,-2.666877e+03,757.949,-2685.25
31.02400,8.192027e+02,-2.502760e+03,3.171436e+02,-2.728111e+03,800.9,-2746.8
31.02500,8.175633e+02,-2.582733e+03,3.152327e+02,-2.777470e+03,842.604,-2796.44
31.02600,8.155553e+02,-2.653782e+03,3.126085e+02,-2.818615e+03,882.324,-2837.83
31.02700,8.113353e+02,-2.729035e+03,3.089761e+02,-2.863068e+03,923.444,-2882.48
31.02800,8.067867e+02,-2.793747e+03,3.041845e+02,-2.897058e+03,961.457,-2916.65
31.02900,8.007893e+02,-2.853081e+03,2.983401e+02,-2.925668e+03,998.045,-2945.41
31.03000,7.957773e+02,-2.915347e+03,2.931499e+02,-2.958124e+03,1037.44,-2978
31.03100,7.884747e+02,-2.972168e+03,2.857295e+02,-2.983306e+03,1072,-3003.3
31.03200,7.816640e+02,-3.025995e+03,2.788627e+02,-3.006260e+03,1105.86,-3026.35
31.03300,7.742413e+02,-3.071381e+03,2.708798e+02,-3.021747e+03,1137.02,-3041.93
31.03400,7.655360e+02,-3.115605e+03,2.622579e+02,-3.034905e+03,1166.85,-3055.17
31.03500,7.581880e+02,-3.167383e+03,2.548497e+02,-3.056420e+03,1197.99,-3076.76
31.03600,7.481627e+02,-3.202747e+03,2.449721e+02,-3.061606e+03,1224.81,-3082.01
31.03700,7.383433e+02,-3.237585e+03,2.355388e+02,-3.065901e+03,1250.21,-3086.37
31.03800,7.289247e+02,-3.276051e+03,2.256021e+02,-3.073897e+03,1275.61,-3094.43
31.03900,7.196913e+02,-3.307831e+03,2.159043e+02,-3.076355e+03,1298.37,-3096.95
31.04000,7.107093e+02,-3.334657e+03,2.069316e+02,-3.074161e+03,1317.78,-3094.82
31.04100,7.012373e+02,-3.359300e+03,1.972123e+02,-3.069753e+03,1336.93,-3090.47
31.04200,6.932207e+02,-3.395929e+03,1.887047e+02,-3.076635e+03,1357.22,-3097.4
31.04300,6.826267e+02,-3.409619e+03,1.786377e+02,-3.062694e+03,1371.9,-3083.5
31.04400,6.721393e+02,-3.428629e+03,1.677569e+02,-3.052888e+03,1385.61,-3073.74
31.04500,6.629844e+02,-3.448276e+03,1.580805e+02,-3.044814e+03,1399.97,-3065.71
31.04600,6.540088e+02,-3.458919e+03,1.492311e+02,-3.028770e+03,1408.55,-3049.71
31.04700,6.447265e+02,-3.471819e+03,1.399305e+02,-3.014073e+03,1417.46,-3035.05
31.04800,6.367955e+02,-3.474959e+03,1.320074e+02,-2.991423e+03,1423.58,-3012.43
31.04900,6.278111e+02,-3.486291e+03,1.228698e+02,-2.976963e+03,1430.87,-2997.99
31.05000,6.188970e+02,-3.489940e+03,1.142147e+02,-2.954737e+03,1432.38,-2975.78
31.05100,6.101913e+02,-3.480903e+03,1.050812e+02,-2.921783e+03,1433.34,-2942.84
31.05200,6.006255e+02,-3.481077e+03,9.595800e+01,-2.896967e+03,1434.57,-2918.03
31.05300,5.923745e+02,-3.472731e+03,8.795240e+01,-2.865075e+03,1433.86,-2886.13
31.05400,5.847053e+02,-3.458291e+03,8.008067e+01,-2.827570e+03,1423.61,-2848.6
31.05500,5.777227e+02,-3.443469e+03,7.326053e+01,-2.790336e+03,1417.01,-2811.32
31.05600,5.712082e+02,-3.434916e+03,6.682893e+01,-2.759605e+03,1411.31,-2780.54
31.05700,5.639485e+02,-3.421139e+03,6.026336e+01,-2.723614e+03,1401.76,-2744.47
31.05800,5.568973e+02,-3.390256e+03,5.342053e+01,-2.674021e+03,1388.7,-2694.79
31.05900,5.515437e+02,-3.364673e+03,4.831088e+01,-2.628795e+03,1374.77,-2649.47
31.06000,5.455227e+02,-3.333172e+03,4.270109e+01,-2.578449e+03,1359.06,-2599
31.06100,5.417247e+02,-3.300034e+03,3.898189e+01,-2.528293e+03,1341.71,-2548.7
31.06200,5.348201e+02,-3.259974e+03,3.306326e+01,-2.469249e+03,1317.3,-2489.49
31.06300,5.302483e+02,-3.229878e+03,2.907203e+01,-2.423094e+03,1302.34,-2443.14
31.06400,5.256101e+02,-3.187501e+03,2.485969e+01,-2.365258e+03,1280.24,-2385.1
31.06500,5.219285e+02,-3.147271e+03,2.201038e+01,-2.310398e+03,1257.62,-2330
31.06600,5.185988e+02,-3.099811e+03,1.881684e+01,-2.249406e+03,1233.7,-2268.73
31.06700,5.155253e+02,-3.048655e+03,1.625239e+01,-2.185438e+03,1206.98,-2204.46
31.06800,5.110687e+02,-2.993709e+03,1.284944e+01,-2.118387e+03,1180.31,-2137.07
31.06900,5.080432e+02,-2.934242e+03,1.036324e+01,-2.048363e+03,1151.98,-2066.67
31.07000,5.089138e+02,-2.884650e+03,1.155534e+01,-1.988257e+03,1120.68,-2006.15
31.07100,5.061531e+02,-2.810434e+03,9.936927e+00,-1.905279e+03,1087.33,-1922.74
31.07200,5.045947e+02,-2.742310e+03,8.839667e+00,-1.829864e+03,1056.71,-1846.85
31.07300,5.034585e+02,-2.662443e+03,8.568353e+00,-1.743694e+03,1019.84,-1760.16
31.07400,5.028092e+02,-2.585095e+03,8.525053e+00,-1.660970e+03,986.475,-1676.88
31.07500,5.022421e+02,-2.494365e+03,8.614453e+00,-1.566267e+03,948.265,-1581.58
31.07600,5.018425e+02,-2.406628e+03,9.060160e+00,-1.475018e+03,911.463,-1489.69
31.07700,5.025463e+02,-2.314357e+03,1.040613e+01,-1.382099e+03,875.881,-1396.08
31.07800,5.029600e+02,-2.210313e+03,1.159957e+01,-1.277453e+03,835.113,-1290.71
31.07900,5.045514e+02,-2.103305e+03,1.390569e+01,-1.171651e+03,794.25,-1184.14
31.08000,5.067276e+02,-1.990973e+03,1.659000e+01,-1.061881e+03,753.422,-1073.56
31.08100,5.098377e+02,-1.875312e+03,2.014459e+01,-9.499400e+02,711.524,-960.768
31.08200,5.135269e+02,-1.755003e+03,2.421478e+01,-8.348093e+02,668.403,-844.75
31.08300,5.180970e+02,-1.631213e+03,2.935621e+01,-7.173847e+02,625.769,-726.402
31.08400,5.227337e+02,-1.501943e+03,3.463091e+01,-5.955063e+02,582.225,-603.568
31.08500,5.286915e+02,-1.366065e+03,4.087703e+01,-4.687365e+02,536.212,-475.81
31.08600,5.350848e+02,-1.226041e+03,4.773344e+01,-3.394426e+02,491.166,-345.498
31.08700,5.428667e+02,-1.085487e+03,5.542232e+01,-2.101148e+02,445.777,-215.125
31.08800,5.508197e+02,-9.397547e+02,6.361973e+01,-7.752693e+01,400.322,-81.4673
31.08900,5.597894e+02,-7.919980e+02,7.263273e+01,5.609288e+01,354.259,53.2402
31.09000,5.691898e+02,-6.379563e+02,8.203653e+01,1.943927e+02,308.235,192.644
31.09100,5.793849e+02,-4.767953e+02,9.216333e+01,3.382073e+02,259.8,337.577
31.09200,5.907568e+02,-3.236567e+02,1.033045e+02,4.733363e+02,213.302,473.833
31.09300,6.022567e+02,-1.659566e+02,1.149108e+02,6.122265e+02,167.274,613.856
31.09400,6.151611e+02,-6.301989e+00,1.274255e+02,7.515800e+02,119.704,754.342
31.09500,6.285461e+02,1.533394e+02,1.405481e+02,8.898220e+02,71.418,893.713
31.09600,6.427463e+02,3.164135e+02,1.540531e+02,1.030317e+03,24.3937,1035.33
31.09700,6.569869e+02,4.759305e+02,1.679769e+02,1.166453e+03,-23.3036,1172.57
31.09800,6.724147e+02,6.429547e+02,1.825625e+02,1.308516e+03,-72.4206,1315.72
31.09900,6.875380e+02,8.099333e+02,1.974104e+02,1.449733e+03,-121.214,1458
31.10000,7.034320e+02,9.664893e+02,2.127130e+02,1.580177e+03,-168.204,1589.47
31.10100,7.156173e+02,1.107887e+03,2.244979e+02,1.695917e+03,-214.917,1706.21
31.10200,7.299960e+02,1.260089e+03,2.381209e+02,1.820599e+03,-261.638,1831.86
31.10300,7.417020e+02,1.406857e+03,2.494645e+02,1.939636e+03,-310.206,1951.82
31.10400,7.554140e+02,1.550215e+03,2.620811e+02,2.054616e+03,-356.209,2067.68
31.10500,7.676893e+02,1.689479e+03,2.740083e+02,2.164575e+03,-401.635,2178.48
31.10600,7.791653e+02,1.827072e+03,2.851916e+02,2.272285e+03,-447.623,2286.97
31.10700,7.906113e+02,1.963790e+03,2.960253e+02,2.379321e+03,-495.462,2394.74
31.10800,8.003933e+02,2.089759e+03,3.051801e+02,2.474627e+03,-539.44,2490.72
31.10900,8.100727e+02,2.215699e+03,3.142608e+02,2.569833e+03,-584.115,2586.56
31.11000,8.178020e+02,2.330031e+03,3.215497e+02,2.653365e+03,-628.611,2670.66
31.11100,8.236580e+02,2.441636e+03,3.271723e+02,2.733891e+03,-674.315,2751.7
31.11200,8.295327e+02,2.550229e+03,3.327119e+02,2.810875e+03,-718.56,2829.15
31.11300,8.342093e+02,2.652040e+03,3.368837e+02,2.880861e+03,-760.448,2899.54
31.11400,8.382467e+02,2.752955e+03,3.405299e+02,2.950295e+03,-804.279,2969.33
31.11500,8.386027e+02,2.834158e+03,3.405062e+02,3.000234e+03,-844.161,3019.57
31.11600,8.384227e+02,2.916065e+03,3.405720e+02,3.051215e+03,-885.817,3070.81
31.11700,8.378027e+02,2.997111e+03,3.395177e+02,3.100699e+03,-926.567,3120.5
31.11800,8.362647e+02,3.067839e+03,3.377226e+02,3.139485e+03,-963.698,3159.46
31.11900,8.312813e+02,3.130231e+03,3.325774e+02,3.171141e+03,-1002.93,3191.24
31.12000,8.271620e+02,3.197303e+03,3.283575e+02,3.207325e+03,-1041.11,3227.52
31.12100,8.210727e+02,3.253737e+03,3.222653e+02,3.233124e+03,-1077.44,3253.38
31.12200,8.146540e+02,3.310205e+03,3.154536e+02,3.258204e+03,-1111.87,3278.5
31.12300,8.063347e+02,3.356212e+03,3.073247e+02,3.273101e+03,-1142.97,3293.41
31.12400,7.980673e+02,3.399326e+03,2.985159e+02,3.285997e+03,-1174.4,3306.3
31.12500,7.881567e+02,3.430653e+03,2.889273e+02,3.288155e+03,-1204.16,3308.45
31.12600,7.781180e+02,3.460627e+03,2.791505e+02,3.287009e+03,-1228.82,3307.27
31.12700,7.673793e+02,3.493043e+03,2.679942e+02,3.290455e+03,-1257.27,3310.67
31.12800,7.551067e+02,3.519801e+03,2.559006e+02,3.286657e+03,-1281.25,3306.82
31.12900,7.452427e+02,3.551604e+03,2.458875e+02,3.288851e+03,-1305.43,3308.96
31.13000,7.330373e+02,3.575423e+03,2.333561e+02,3.284309e+03,-1330.84,3304.36
31.13100,7.219727e+02,3.593088e+03,2.217516e+02,3.273871e+03,-1351.06,3293.86
31.13200,7.086040e+02,3.605823e+03,2.086586e+02,3.257627e+03,-1367.7,3277.56
31.13300,6.973453e+02,3.618567e+03,1.972277e+02,3.242822e+03,-1384.24,3262.7
31.13400,6.859773e+02,3.626827e+03,1.854079e+02,3.223560e+03,-1398.95,3243.37
31.13500,6.751800e+02,3.636747e+03,1.747739e+02,3.207643e+03,-1414.44,3227.39
31.13600,6.613370e+02,3.635334e+03,1.607814e+02,3.178419e+03,-1421.57,3198.1
31.13700,6.497074e+02,3.642351e+03,1.495194e+02,3.159431e+03,-1434.27,3179.06
31.13800,6.368677e+02,3.642851e+03,1.364218e+02,3.134047e+03,-1442.85,3153.61
31.13900,6.252683e+02,3.638581e+03,1.248805e+02,3.104179e+03,-1450.87,3123.69
31.14000,6.134863e+02,3.629215e+03,1.131472e+02,3.070095e+03,-1452.13,3089.55
31.14100,6.037003e+02,3.618073e+03,1.035055e+02,3.035665e+03,-1453.44,3055.06
31.14200,5.912398e+02,3.600647e+03,9.123127e+01,2.996173e+03,-1454.18,3015.52
31.14300,5.803305e+02,3.590719e+03,8.040487e+01,2.963332e+03,-1457,2982.62
31.14400,5.687076e+02,3.571659e+03,6.892853e+01,2.920952e+03,-1452.04,2940.18
31.14500,5.574631e+02,3.542269e+03,5.784314e+01,2.869423e+03,-1443.2,2888.58
31.14600,5.501017e+02,3.516547e+03,5.064827e+01,2.823639e+03,-1434.82,2842.71
31.14700,5.401893e+02,3.493156e+03,4.122015e+01,2.779179e+03,-1427.58,2798.16
31.14800,5.319610e+02,3.463645e+03,3.309340e+01,2.730468e+03,-1417.97,2749.35
31.14900,5.259015e+02,3.436315e+03,2.714827e+01,2.684250e+03,-1406,2703.03
31.15000,5.176077e+02,3.402198e+03,1.946716e+01,2.631127e+03,-1390.35,2649.8
31.15100,5.098310e+02,3.365707e+03,1.229883e+01,2.576740e+03,-1375.15,2595.29
31.15200,5.038240e+02,3.325573e+03,6.658711e+00,2.519649e+03,-1356.65,2538.07
31.15300,4.985584e+02,3.286303e+03,1.682672e+00,2.464629e+03,-1339.14,2482.9
31.15400,4.934828e+02,3.241499e+03,-2.945322e+00,2.404959e+03,-1318.88,2423.07
31.15500,4.882585e+02,3.195881e+03,-7.589120e+00,2.344573e+03,-1298.54,2362.51
31.15600,4.834086e+02,3.145803e+03,-1.189127e+01,2.281283e+03,-1275.49,2299.02
31.15700,4.810476e+02,3.098827e+03,-1.394526e+01,2.220866e+03,-1251.42,2238.38
31.15800,4.773565e+02,3.044393e+03,-1.693649e+01,2.154294e+03,-1226.5,2171.56
31.15900,4.755768e+02,2.990796e+03,-1.848515e+01,2.089078e+03,-1200.22,2106.07
31.16000,4.745432e+02,2.924901e+03,-1.922051e+01,2.013877e+03,-1168.64,2030.57
31.16100,4.724204e+02,2.865926e+03,-2.076964e+01,1.946077e+03,-1143.94,1962.44
31.16200,4.760027e+02,2.817617e+03,-1.711206e+01,1.887870e+03,-1110.08,1903.87
31.16300,4.761073e+02,2.740328e+03,-1.645861e+01,1.804059e+03,-1077.27,1819.67
31.16400,4.764972e+02,2.673855e+03,-1.555937e+01,1.730632e+03,-1045.71,1745.82
31.16500,4.776871e+02,2.595443e+03,-1.378649e+01,1.647558e+03,-1011.37,1662.28
31.16600,4.795181e+02,2.516049e+03,-1.138175e+01,1.563677e+03,-974.287,1577.9
31.16700,4.820100e+02,2.435997e+03,-8.439113e+00,1.480775e+03,-940.002,1494.45
31.16800,4.852969e+02,2.346427e+03,-4.911806e+00,1.389619e+03,-901.453,1402.71
31.16900,4.889154e+02,2.253274e+03,-8.581940e-01,1.295821e+03,-861.909,1308.27
31.17000,4.928865e+02,2.158323e+03,3.358004e+00,1.201927e+03,-825.913,1213.7
31.17100,4.971479e+02,2.054022e+03,8.085387e+00,1.099453e+03,-784.202,1110.5
31.17200,5.027146e+02,1.941248e+03,1.366012e+01,9.906233e+02,-741.121,1000.91
31.17300,5.083243e+02,1.830692e+03,1.951961e+01,8.840633e+02,-698.679,893.536
31.17400,5.148451e+02,1.719983e+03,2.623376e+01,7.791893e+02,-658.196,787.81
31.17500,5.220511e+02,1.598070e+03,3.338595e+01,6.640772e+02,-613.312,671.806
31.17600,5.299745e+02,1.475764e+03,4.128653e+01,5.503929e+02,-570.544,557.195
31.17700,5.381447e+02,1.345426e+03,4.958679e+01,4.297381e+02,-525.236,435.579
31.17800,5.468467e+02,1.213479e+03,5.833768e+01,3.089233e+02,-480.834,313.772
31.17900,5.562850e+02,1.077193e+03,6.764240e+01,1.847737e+02,-435.814,188.6
31.18000,5.663408e+02,9.368820e+02,7.750280e+01,5.785325e+01,-389.142,60.6341
31.18100,5.769887e+02,7.901613e+02,8.779340e+01,-7.367193e+01,-343.46,-71.9552
31.18200,5.880997e+02,6.469849e+02,9.868047e+01,-2.006463e+02,-297.774,-200.008
31.18300,5.998385e+02,4.999247e+02,1.099393e+02,-3.304641e+02,-252.147,-330.915
31.18400,6.114975e+02,3.407335e+02,1.213925e+02,-4.709719e+02,-203.716,-472.519
31.18500,6.240287e+02,1.808207e+02,1.332359e+02,-6.106825e+02,-156.508,-613.333
31.18600,6.374636e+02,2.936921e+01,1.462483e+02,-7.419753e+02,-109.419,-745.728
31.18700,6.510959e+02,-1.211910e+02,1.593928e+02,-8.708047e+02,-63.6724,-875.651
31.18800,6.652247e+02,-2.776551e+02,1.728870e+02,-1.004862e+03,-14.7097,-1010.79
31.18900,6.797807e+02,-4.280291e+02,1.863651e+02,-1.131349e+03,31.1441,-1138.34
31.19000,6.935920e+02,-5.746144e+02,1.996373e+02,-1.253877e+03,76.598,-1261.9
31.19100,7.075920e+02,-7.245307e+02,2.128389e+02,-1.378595e+03,124.592,-1387.63
31.19200,7.217807e+02,-8.818987e+02,2.262227e+02,-1.508845e+03,174.123,-1518.86
31.19300,7.363727e+02,-1.037302e+03,2.400742e+02,-1.637511e+03,221.859,-1648.46
31.19400,7.500847e+02,-1.180649e+03,2.530841e+02,-1.753075e+03,267.652,-1764.91
31.19500,7.591147e+02,-1.303867e+03,2.615292e+02,-1.850005e+03,313.334,-1862.69
31.19600,7.706873e+02,-1.441457e+03,2.723180e+02,-1.959651e+03,360.526,-1973.14
31.19700,7.786560e+02,-1.563125e+03,2.793591e+02,-2.053279e+03,405.825,-2067.53
31.19800,7.876407e+02,-1.691367e+03,2.880357e+02,-2.151921e+03,451.198,-2166.87
31.19900,7.955460e+02,-1.808829e+03,2.955771e+02,-2.240277e+03,498.031,-2255.88
31.20000,8.021693e+02,-1.926103e+03,3.017432e+02,-2.327752e+03,544.237,-2343.95
31.20100,8.074220e+02,-2.039145e+03,3.065285e+02,-2.410628e+03,590.331,-2427.37
31.20200,8.119327e+02,-2.143151e+03,3.105848e+02,-2.485133e+03,634.221,-2502.37
31.20300,8.155047e+02,-2.243385e+03,3.139711e+02,-2.554896e+03,678.158,-2572.58
31.20400,8.174253e+02,-2.338987e+03,3.152323e+02,-2.619978e+03,723.396,-2638.06
31.20500,8.186607e+02,-2.425216e+03,3.167537e+02,-2.676183e+03,765.03,-2694.61
31.20600,8.188327e+02,-2.515652e+03,3.167519e+02,-2.735605e+03,807.633,-2754.35
31.20700,8.171113e+02,-2.592815e+03,3.146209e+02,-2.782287e+03,849.425,-2801.3
31.20800,8.148173e+02,-2.663457e+03,3.118919e+02,-2.822987e+03,888.585,-2842.23
31.20900,8.108080e+02,-2.739885e+03,3.081424e+02,-2.868527e+03,930.573,-2887.98
31.21000,8.061413e+02,-2.802777e+03,3.035925e+02,-2.900456e+03,967.649,-2920.08
31.21100,7.996827e+02,-2.866039e+03,2.972787e+02,-2.932934e+03,1005.45,-2952.7
31.21200,7.946573e+02,-2.924405e+03,2.920279e+02,-2.962020e+03,1043.85,-2981.92
31.21300,7.871720e+02,-2.983452e+03,2.844533e+02,-2.988623e+03,1078.68,-3008.63
31.21400,7.800593e+02,-3.033663e+03,2.773201e+02,-3.008510e+03,1111.41,-3028.62
31.21500,7.728527e+02,-3.079245e+03,2.694049e+02,-3.023597e+03,1142.19,-3043.79
31.21600,7.637640e+02,-3.123437e+03,2.606424e+02,-3.037400e+03,1172.21,-3057.68
31.21700,7.563020e+02,-3.171303e+03,2.534243e+02,-3.055007e+03,1202.49,-3075.36
31.21800,7.462607e+02,-3.209086e+03,2.430163e+02,-3.062759e+03,1230.07,-3083.18
31.21900,7.364000e+02,-3.245312e+03,2.333636e+02,-3.067841e+03,1254.97,-3088.33
31.22000,7.274347e+02,-3.277845e+03,2.240075e+02,-3.071042e+03,1278.78,-3091.59
31.22100,7.173833e+02,-3.321382e+03,2.136411e+02,-3.084347e+03,1306.15,-3104.96
31.22200,7.093740e+02,-3.341450e+03,2.055003e+02,-3.075582e+03,1322.36,-3096.25
31.22300,6.998873e+02,-3.364414e+03,1.961655e+02,-3.069494e+03,1339.89,-3090.22
31.22400,6.904487e+02,-3.391029e+03,1.864289e+02,-3.067283e+03,1358.63,-3088.06
31.22500,6.799860e+02,-3.413223e+03,1.760631e+02,-3.060409e+03,1374.01,-3081.23
31.22600,6.703753e+02,-3.431485e+03,1.659297e+02,-3.050817e+03,1388.23,-3071.68
31.22700,6.620719e+02,-3.458244e+03,1.568507e+02,-3.049215e+03,1404.65,-3070.12
31.22800,6.532820e+02,-3.462390e+03,1.484497e+02,-3.027530e+03,1409.95,-3048.47
31.22900,6.435891e+02,-3.479071e+03,1.386113e+02,-3.016067e+03,1420.71,-3037.05
31.23000,6.345480e+02,-3.479856e+03,1.298367e+02,-2.991242e+03,1426.23,-3012.25
31.23100,6.262349e+02,-3.485282e+03,1.214367e+02,-2.971166e+03,1430.61,-2992.19
31.23200,6.164803e+02,-3.487345e+03,1.120808e+02,-2.947617e+03,1432.4,-2968.66
31.23300,6.078607e+02,-3.482957e+03,1.027870e+02,-2.918598e+03,1433.48,-2939.66
31.23400,5.997505e+02,-3.480029e+03,9.492740e+01,-2.891763e+03,1434.55,-2912.82
31.23500,5.914209e+02,-3.473449e+03,8.690360e+01,-2.860952e+03,1432.5,-2882
31.23600,5.838143e+02,-3.454589e+03,7.917267e+01,-2.820145e+03,1421.99,-2841.17
31.23700,5.760145e+02,-3.440676e+03,7.161027e+01,-2.783445e+03,1415.93,-2804.42
31.23800,5.693921e+02,-3.429453e+03,6.505782e+01,-2.750216e+03,1408.9,-2771.13
31.23900,5.633903e+02,-3.417538e+03,5.957490e+01,-2.716711e+03,1399.57,-2737.55
31.24000,5.560887e+02,-3.383714e+03,5.262888e+01,-2.663847e+03,1385.07,-2684.6
31.24100,5.503328e+02,-3.362017e+03,4.719291e+01,-2.622503e+03,1373.35,-2643.15
31.24200,5.446558e+02,-3.327179e+03,4.183488e+01,-2.569047e+03,1355.74,-2589.57
31.24300,5.409627e+02,-3.297113e+03,3.823768e+01,-2.521689e+03,1338.52,-2542.06
31.24400,5.339815e+02,-3.253730e+03,3.220401e+01,-2.459973e+03,1314.12,-2480.18
31.24500,5.293063e+02,-3.222279e+03,2.816857e+01,-2.412606e+03,1298.61,-2432.62
31.24600,5.248531e+02,-3.178083e+03,2.415505e+01,-2.353329e+03,1275.7,-2373.12
31.24700,5.211889e+02,-3.136927e+03,2.126993e+01,-2.297561e+03,1252.96,-2317.11
31.24800,5.180965e+02,-3.094473e+03,1.821417e+01,-2.241493e+03,1230.72,-2260.76
31.24900,5.149443e+02,-3.039347e+03,1.586628e+01,-2.174282e+03,1202.8,-2193.24
31.25000,5.102519e+02,-2.982901e+03,1.221219e+01,-2.105274e+03,1174.61,-2123.89
31.25100,5.073071e+02,-2.922735e+03,9.773240e+00,-2.035083e+03,1147.05,-2053.32
31.25200,5.080575e+02,-2.868426e+03,1.093272e+01,-1.970771e+03,1115.3,-1988.59
31.25300,5.058961e+02,-2.800945e+03,9.701007e+00,-1.894149e+03,1082.83,-1911.53
31.25400,5.043759e+02,-2.727791e+03,8.822407e+00,-1.813906e+03,1049.87,-1830.8
31.25500,5.032280e+02,-2.648091e+03,8.487260e+00,-1.728315e+03,1013.5,-1744.68
31.25600,5.025585e+02,-2.568258e+03,8.466960e+00,-1.643307e+03,979.276,-1659.11
31.25700,5.023395e+02,-2.479469e+03,8.815573e+00,-1.550865e+03,942.482,-1566.06
31.25800,5.018007e+02,-2.391222e+03,9.288107e+00,-1.459609e+03,905.708,-1474.16
31.25900,5.026700e+02,-2.297623e+03,1.065689e+01,-1.365086e+03,869.032,-1378.94
31.26000,5.030045e+02,-2.189994e+03,1.182055e+01,-1.257205e+03,827.552,-1270.33
31.26100,5.050037e+02,-2.083106e+03,1.436562e+01,-1.151769e+03,786.634,-1164.11
31.26200,5.073412e+02,-1.970198e+03,1.723397e+01,-1.041857e+03,746.113,-1053.39
31.26300,5.104228e+02,-1.854182e+03,2.077694e+01,-9.294327e+02,703.928,-940.104
31.26400,5.140485e+02,-1.730791e+03,2.492390e+01,-8.118867e+02,660.596,-821.664
31.26500,5.190375e+02,-1.609049e+03,3.034989e+01,-6.965260e+02,618.418,-705.375
31.26600,5.236309e+02,-1.477269e+03,3.568415e+01,-5.723607e+02,573.919,-580.248
31.26700,5.299279e+02,-1.340734e+03,4.209616e+01,-4.455893e+02,528.183,-452.483
31.26800,5.364166e+02,-1.201450e+03,4.911616e+01,-3.169532e+02,483.467,-322.825
31.26900,5.442960e+02,-1.058657e+03,5.687650e+01,-1.854960e+02,437.142,-190.317
31.27000,5.524089e+02,-9.138347e+02,6.519971e+01,-5.390717e+01,392.308,-57.6556
31.27100,5.615267e+02,-7.627747e+02,7.426787e+01,8.221067e+01,345.735,79.5526
31.27200,5.709229e+02,-6.092745e+02,8.380467e+01,2.201341e+02,299.856,218.582
31.27300,5.813861e+02,-4.480361e+02,9.408433e+01,3.636429e+02,250.974,363.211
31.27400,5.928309e+02,-2.952162e+02,1.053511e+02,4.985548e+02,205.352,499.252
31.27500,6.044307e+02,-1.374026e+02,1.170923e+02,6.371219e+02,158.738,638.951
31.27600,6.175838e+02,2.332692e+01,1.297761e+02,7.773707e+02,110.867,780.332
31.27700,6.309373e+02,1.859371e+02,1.429023e+02,9.178833e+02,62.401,921.972
31.27800,6.453493e+02,3.446710e+02,1.566292e+02,1.054419e+03,16.0011,1059.62
31.27900,6.596534e+02,5.022361e+02,1.705449e+02,1.188933e+03,-31.2035,1195.24
31.28000,6.751027e+02,6.710840e+02,1.852088e+02,1.332268e+03,-80.5318,1339.67
31.28100,6.901273e+02,8.371360e+02,1.999773e+02,1.472276e+03,-129.782,1480.72
31.28200,7.062180e+02,9.947887e+02,2.154915e+02,1.603784e+03,-176.771,1613.25
31.28300,7.182913e+02,1.136499e+03,2.270920e+02,1.719535e+03,-223.765,1730
31.28400,7.324407e+02,1.287004e+03,2.404569e+02,1.842301e+03,-270.211,1853.72
31.28500,7.439240e+02,1.432162e+03,2.517229e+02,1.960019e+03,-318.488,1972.36
31.28600,7.576907e+02,1.577258e+03,2.643689e+02,2.076128e+03,-364.504,2089.34
31.28700,7.700187e+02,1.716528e+03,2.761307e+02,2.185945e+03,-410.325,2199.99
31.28800,7.813573e+02,1.851155e+03,2.872906e+02,2.291049e+03,-455.716,2305.86
31.28900,7.923707e+02,1.986735e+03,2.977180e+02,2.396773e+03,-504.017,2412.31
31.29000,8.021980e+02,2.111108e+03,3.069151e+02,2.490687e+03,-547.376,2506.9
31.29100,8.113640e+02,2.238715e+03,3.154511e+02,2.587193e+03,-592.912,2604.02
31.29200,8.186833e+02,2.344929e+03,3.222788e+02,2.662845e+03,-635.555,2680.23
31.29300,8.248773e+02,2.461635e+03,3.283175e+02,2.748175e+03,-682.322,2766.07
31.29400,8.302153e+02,2.566941e+03,3.333129e+02,2.822005e+03,-726.084,2840.35
31.29500,8.347853e+02,2.670745e+03,3.375457e+02,2.893698e+03,-767.832,2912.44
31.29600,8.392020e+02,2.769341e+03,3.413604e+02,2.960663e+03,-811.265,2979.75
31.29700,8.381813e+02,2.845110e+03,3.399712e+02,3.005586e+03,-851.557,3024.97
31.29800,8.382453e+02,2.929276e+03,3.404388e+02,3.058798e+03,-892.084,3078.43
31.29900,8.371287e+02,3.006001e+03,3.391413e+02,3.104106e+03,-932.387,3123.94
31.30000,8.353393e+02,3.078029e+03,3.367310e+02,3.144569e+03,-971.376,3164.56
31.30100,8.303707e+02,3.141819e+03,3.316475e+02,3.176611e+03,-1009.02,3196.73
31.30200,8.262093e+02,3.206437e+03,3.272139e+02,3.211087e+03,-1047.48,3231.29
31.30300,8.191687e+02,3.261006e+03,3.205290e+02,3.234921e+03,-1083.59,3255.18
31.30400,8.124353e+02,3.319291e+03,3.132515e+02,3.261640e+03,-1118.21,3281.93
31.30500,8.049487e+02,3.363943e+03,3.057553e+02,3.275196e+03,-1148.71,3295.5
31.30600,7.955540e+02,3.398957e+03,2.965853e+02,3.281087e+03,-1179.2,3301.39
31.30700,7.865193e+02,3.437341e+03,2.871873e+02,3.289521e+03,-1209.81,3309.8
31.30800,7.762687e+02,3.466791e+03,2.770805e+02,3.288037e+03,-1234.18,3308.29
31.30900,7.654393e+02,3.496295e+03,2.659713e+02,3.288235e+03,-1261.29,3308.44
31.31000,7.535160e+02,3.527137e+03,2.539627e+02,3.288611e+03,-1285.96,3308.76
31.31100,7.430147e+02,3.553112e+03,2.435829e+02,3.285630e+03,-1308.82,3305.73
31.31200,7.314807e+02,3.573134e+03,2.321623e+02,3.277565e+03,-1332.69,3297.6
31.31300,7.203320e+02,3.590685e+03,2.204960e+02,3.266835e+03,-1352.93,3286.81
31.31400,7.064207e+02,3.608445e+03,2.063694e+02,3.254942e+03,-1371.46,3274.86
31.31500,6.947427e+02,3.624604e+03,1.947154e+02,3.243643e+03,-1388.82,3263.5
31.31600,6.839233e+02,3.628329e+03,1.834922e+02,3.220117e+03,-1401.47,3239.91
31.31700,6.715020e+02,3.636533e+03,1.711047e+02,3.201424e+03,-1414.6,3221.15
31.31800,6.594813e+02,3.639053e+03,1.588255e+02,3.177030e+03,-1424.55,3196.7
31.31900,6.480623e+02,3.642375e+03,1.479231e+02,3.155053e+03,-1437.31,3174.67
31.32000,6.349205e+02,3.642205e+03,1.344840e+02,3.128913e+03,-1443.93,3148.47
31.32100,6.232355e+02,3.635098e+03,1.229463e+02,3.096385e+03,-1449.19,3115.88
31.32200,6.118599e+02,3.624224e+03,1.117029e+02,3.061170e+03,-1449.98,3080.61
31.32300,6.011773e+02,3.612556e+03,1.010589e+02,3.026387e+03,-1453.23,3045.77
31.32400,5.895209e+02,3.600587e+03,8.958833e+01,2.991754e+03,-1454.92,3011.09
31.32500,5.772819e+02,3.586451e+03,7.766647e+01,2.954265e+03,-1455.05,2973.54
31.32600,5.661958e+02,3.565060e+03,6.655863e+01,2.910697e+03,-1450.8,2929.91
31.32700,5.564195e+02,3.537087e+03,5.681715e+01,2.860823e+03,-1441.22,2879.96
31.32800,5.477499e+02,3.513774e+03,4.843839e+01,2.816571e+03,-1433.91,2835.62
31.32900,5.389051e+02,3.487440e+03,3.997065e+01,2.770007e+03,-1425.72,2788.97
31.33000,5.307631e+02,3.458065e+03,3.182713e+01,2.721255e+03,-1415.58,2740.12
31.33100,5.246960e+02,3.431882e+03,2.613935e+01,2.676659e+03,-1403.87,2695.42
31.33200,5.162747e+02,3.395987e+03,1.815293e+01,2.621773e+03,-1387.98,2640.42
31.33300,5.089158e+02,3.359663e+03,1.155219e+01,2.567431e+03,-1371.69,2585.96
31.33400,5.026077e+02,3.318829e+03,5.469387e+00,2.509969e+03,-1354.12,2528.36
31.33500,4.978561e+02,3.279176e+03,1.035885e+00,2.454663e+03,-1335.44,2472.91
31.33600,4.926445e+02,3.235521e+03,-3.798120e+00,2.396081e+03,-1316.09,2414.16
31.33700,4.882049e+02,3.183395e+03,-7.593020e+00,2.329910e+03,-1291.95,2347.81
31.33800,4.828721e+02,3.140426e+03,-1.243694e+01,2.273041e+03,-1272.2,2290.74
31.33900,4.801045e+02,3.088777e+03,-1.476209e+01,2.208398e+03,-1246.54,2225.87
31.34000,4.771534e+02,3.032504e+03,-1.720419e+01,2.140145e+03,-1220.36,2157.36
31.34100,4.750916e+02,2.980456e+03,-1.896702e+01,2.077056e+03,-1195.93,2094
31.34200,4.742006e+02,2.913753e+03,-1.939389e+01,2.000987e+03,-1163.3,2017.62
31.34300,4.735445e+02,2.856547e+03,-1.965519e+01,1.934675e+03,-1136.75,1950.97
31.34400,4.760144e+02,2.806329e+03,-1.697937e+01,1.875245e+03,-1105.63,1891.18
31.34500,4.756147e+02,2.731546e+03,-1.674381e+01,1.793460e+03,-1072.39,1809
31.34600,4.766444e+02,2.659778e+03,-1.523341e+01,1.715805e+03,-1039.49,1730.91
31.34700,4.779165e+02,2.582604e+03,-1.342727e+01,1.633618e+03,-1004.85,1648.26
31.34800,4.800517e+02,2.502680e+03,-1.087963e+01,1.549795e+03,-969.28,1563.92
31.34900,4.827129e+02,2.419829e+03,-7.720060e+00,1.464291e+03,-932.764,1477.87
31.35000,4.859177e+02,2.329019e+03,-4.260948e+00,1.372054e+03,-894.287,1385.03
31.35100,4.898027e+02,2.234393e+03,6.705453e-02,1.276759e+03,-853.032,1289.09
31.35200,4.939561e+02,2.142044e+03,4.423151e+00,1.185985e+03,-819.31,1197.63
31.35300,4.978521e+02,2.033943e+03,8.918667e+00,1.079876e+03,-776.551,1090.79
31.35400,5.039661e+02,1.924430e+03,1.484148e+01,9.741600e+02,-733.699,984.301
31.35500,5.094619e+02,1.810334e+03,2.070733e+01,8.648473e+02,-691.553,874.171
31.35600,5.161341e+02,1.699105e+03,2.754642e+01,7.593540e+02,-650.524,767.818
31.35700,5.235829e+02,1.577431e+03,3.486126e+01,6.448272e+02,-605.943,652.394
31.35800,5.313635e+02,1.454316e+03,4.276835e+01,5.304299e+02,-563.121,537.064
31.35900,5.396103e+02,1.320809e+03,5.108839e+01,4.072055e+02,-516.884,412.873
31.36000,5.486909e+02,1.189012e+03,6.005033e+01,2.866393e+02,-472.587,291.309
31.36100,5.582034e+02,1.050741e+03,6.939273e+01,1.607311e+02,-427.127,164.375
31.36200,5.681702e+02,9.108540e+02,7.929480e+01,3.457550e+01,-381.537,37.1697
31.36300,5.788282e+02,7.635180e+02,8.970207e+01,-9.720673e+01,-335.223,-95.6791
31.36400,5.902504e+02,6.198383e+02,1.007457e+02,-2.247033e+02,-289.289,-224.256
31.36500,6.019225e+02,4.758309e+02,1.119919e+02,-3.517639e+02,-244.992,-352.407
31.36600,6.137091e+02,3.139007e+02,1.235689e+02,-4.944752e+02,-195.202,-496.216
31.36700,6.266609e+02,1.551751e+02,1.356255e+02,-6.327939e+02,-148.203,-635.638
31.36800,6.399355e+02,4.005905e+00,1.486556e+02,-7.636080e+02,-101.542,-767.553
31.36900,6.535267e+02,-1.501300e+02,1.618627e+02,-8.957927e+02,-54.564,-900.829
31.37000,6.677267e+02,-3.035799e+02,1.753128e+02,-1.026977e+03,-6.16023,-1033.09
31.37100,6.824013e+02,-4.559297e+02,1.888477e+02,-1.154985e+03,39.974,-1162.16
31.37200,6.964307e+02,-6.046265e+02,2.021841e+02,-1.279145e+03,86.6133,-1287.35
31.37300,7.103387e+02,-7.535607e+02,2.152647e+02,-1.402786e+03,134.545,-1412
31.37400,7.248167e+02,-9.120147e+02,2.289030e+02,-1.533605e+03,182.346,-1543.79
31.37500,7.387000e+02,-1.062018e+03,2.423069e+02,-1.657512e+03,230.067,-1668.62
31.37600,7.523633e+02,-1.205197e+03,2.551405e+02,-1.772635e+03,275.923,-1784.62
31.37700,7.613067e+02,-1.329858e+03,2.635630e+02,-1.870849e+03,322.236,-1883.68
31.37800,7.726213e+02,-1.465031e+03,2.740774e+02,-1.977775e+03,368.171,-1991.4
31.37900,7.803160e+02,-1.584027e+03,2.810393e+02,-2.068468e+03,412.524,-2082.84
31.38000,7.899520e+02,-1.717273e+03,2.899691e+02,-2.171912e+03,460.169,-2186.98
31.38100,7.968740e+02,-1.829457e+03,2.968032e+02,-2.255479e+03,506.37,-2271.19
31.38200,8.035820e+02,-1.946440e+03,3.029278e+02,-2.342519e+03,552.401,-2358.81
31.38300,8.083880e+02,-2.058451e+03,3.072798e+02,-2.424293e+03,598.273,-2441.12
31.38400,8.124320e+02,-2.160367e+03,3.113189e+02,-2.496962e+03,642.044,-2514.28
31.38500,8.157587e+02,-2.261197e+03,3.140217e+02,-2.566797e+03,686.192,-2584.55
31.38600,8.180773e+02,-2.358479e+03,3.158222e+02,-2.634034e+03,731.758,-2652.18
31.38700,8.189173e+02,-2.443237e+03,3.168249e+02,-2.688180e+03,773.146,-2706.67
31.38800,8.182307e+02,-2.528439e+03,3.160224e+02,-2.742775e+03,814.725,-2761.57
31.38900,8.168647e+02,-2.606631e+03,3.142783e+02,-2.790307e+03,856.92,-2809.36
31.39000,8.146920e+02,-2.680235e+03,3.114526e+02,-2.833724e+03,896.299,-2853.01
31.39100,8.101413e+02,-2.750978e+03,3.074568e+02,-2.873853e+03,936.949,-2893.33
31.39200,8.050147e+02,-2.812855e+03,3.024888e+02,-2.905000e+03,974.169,-2924.65
31.39300,7.994000e+02,-2.881568e+03,2.970165e+02,-2.943191e+03,1014.01,-2962.98
31.39400,7.925680e+02,-2.934507e+03,2.899315e+02,-2.965856e+03,1050.08,-2985.77
31.39500,7.862780e+02,-2.994705e+03,2.834477e+02,-2.994168e+03,1084.85,-3014.19
31.39600,7.784607e+02,-3.040084e+03,2.757324e+02,-3.009608e+03,1116.73,-3029.73
31.39700,7.715507e+02,-3.088730e+03,2.678951e+02,-3.027613e+03,1148.53,-3047.82
31.39800,7.618413e+02,-3.128253e+03,2.586741e+02,-3.037103e+03,1177.36,-3057.39
31.39900,7.546380e+02,-3.179188e+03,2.517030e+02,-3.057412e+03,1208.08,-3077.78
31.40000,7.448447e+02,-3.214877e+03,2.419301e+02,-3.063354e+03,1235.14,-3083.78
31.40100,7.347420e+02,-3.252005e+03,2.315765e+02,-3.068821e+03,1259.63,-3089.32
31.40200,7.256013e+02,-3.282295e+03,2.220188e+02,-3.069913e+03,1281.74,-3090.47
31.40300,7.161833e+02,-3.325511e+03,2.124355e+02,-3.083198e+03,1309.28,-3103.82
31.40400,7.078560e+02,-3.342677e+03,2.039503e+02,-3.071762e+03,1324.03,-3092.44
31.40500,6.986740e+02,-3.368596e+03,1.947565e+02,-3.068923e+03,1343.79,-3089.66
31.40600,6.889013e+02,-3.398689e+03,1.849036e+02,-3.069310e+03,1362.85,-3090.09
31.40700,6.781680e+02,-3.417832e+03,1.742178e+02,-3.059695e+03,1377.74,-3080.52
31.40800,6.686667e+02,-3.433651e+03,1.643659e+02,-3.047875e+03,1390.21,-3068.75
31.40900,6.600239e+02,-3.453211e+03,1.552382e+02,-3.039901e+03,1404.29,-3060.81
31.41000,6.508743e+02,-3.466403e+03,1.460642e+02,-3.025584e+03,1411.41,-3046.53
31.41100,6.423593e+02,-3.481981e+03,1.372725e+02,-3.014086e+03,1422.34,-3035.07
31.41200,6.324416e+02,-3.482624e+03,1.277994e+02,-2.989019e+03,1428.59,-3010.03
31.41300,6.240571e+02,-3.487639e+03,1.191145e+02,-2.968051e+03,1431.59,-2989.08
31.41400,6.148421e+02,-3.490464e+03,1.100920e+02,-2.945925e+03,1434.68,-2966.97
31.41500,6.063780e+02,-3.484297e+03,1.011784e+02,-2.915397e+03,1434.47,-2936.45
31.41600,5.986783e+02,-3.481739e+03,9.367820e+01,-2.889223e+03,1435.55,-2910.28
31.41700,5.907401e+02,-3.465387e+03,8.621487e+01,-2.849029e+03,1428.11,-2870.08
31.41800,5.826422e+02,-3.451597e+03,7.812093e+01,-2.812987e+03,1420.41,-2834
31.41900,5.746463e+02,-3.438481e+03,7.021913e+01,-2.777319e+03,1415.11,-2798.28
31.42000,5.680585e+02,-3.426843e+03,6.362048e+01,-2.743548e+03,1407.2,-2764.45
31.42100,5.617170e+02,-3.410079e+03,5.791997e+01,-2.706089e+03,1397.59,-2726.91
31.42200,5.551445e+02,-3.373441e+03,5.166982e+01,-2.650569e+03,1380.84,-2671.3
31.42300,5.492065e+02,-3.356756e+03,4.610237e+01,-2.613787e+03,1370.85,-2634.41
31.42400,5.437457e+02,-3.322082e+03,4.104401e+01,-2.560579e+03,1353.09,-2581.08
31.42500,5.381577e+02,-3.288612e+03,3.584649e+01,-2.509321e+03,1334.08,-2529.66
31.42600,5.330756e+02,-3.250349e+03,3.140997e+01,-2.453592e+03,1312.07,-2473.76
31.42700,5.283003e+02,-3.213695e+03,2.725494e+01,-2.401075e+03,1294.16,-2421.05
31.42800,5.239587e+02,-3.169865e+03,2.354420e+01,-2.342720e+03,1271.63,-2362.47
31.42900,5.207163e+02,-3.127456e+03,2.083905e+01,-2.285514e+03,1247.87,-2305.01
31.43000,5.178423e+02,-3.083780e+03,1.811955e+01,-2.228775e+03,1225.12,-2247.99
31.43100,5.145831e+02,-3.031768e+03,1.556881e+01,-2.164425e+03,1198.81,-2183.32
31.43200,5.100914e+02,-2.971705e+03,1.210156e+01,-2.092169e+03,1168.41,-2110.72
31.43300,5.070658e+02,-2.913101e+03,9.621980e+00,-2.023449e+03,1141.77,-2041.61
31.43400,5.077615e+02,-2.856197e+03,1.076119e+01,-1.956771e+03,1109.05,-1974.51
31.43500,5.054035e+02,-2.789363e+03,9.294107e+00,-1.881085e+03,1078.08,-1898.38
31.43600,5.040707e+02,-2.712435e+03,8.638153e+00,-1.797285e+03,1043.35,-1814.09
31.43700,5.030146e+02,-2.631911e+03,8.369200e+00,-1.711084e+03,1006.24,-1727.35
31.43800,5.024097e+02,-2.552393e+03,8.399927e+00,-1.626528e+03,972.689,-1642.23
31.43900,5.026245e+02,-2.460877e+03,9.134300e+00,-1.532108e+03,935.196,-1547.19
31.44000,5.019803e+02,-2.374955e+03,9.532560e+00,-1.443066e+03,899.327,-1457.49
31.44100,5.026427e+02,-2.279757e+03,1.080492e+01,-1.347086e+03,862.629,-1360.81
31.44200,5.032750e+02,-2.171700e+03,1.220901e+01,-1.238945e+03,820.741,-1251.93
31.44300,5.051407e+02,-2.061953e+03,1.466172e+01,-1.130889e+03,779.159,-1143.09
31.44400,5.077777e+02,-1.949233e+03,1.781545e+01,-1.021367e+03,738.28,-1032.74
31.44500,5.109908e+02,-1.832555e+03,2.147934e+01,-9.082793e+02,695.302,-918.793
31.44600,5.148543e+02,-1.707263e+03,2.580624e+01,-7.896580e+02,652.879,-799.271
31.44700,5.197943e+02,-1.585268e+03,3.119871e+01,-6.738467e+02,610.126,-682.526
31.44800,5.245727e+02,-1.453757e+03,3.674582e+01,-5.502593e+02,566.419,-557.971
31.44900,5.310905e+02,-1.316324e+03,4.332599e+01,-4.230447e+02,520.253,-429.759
31.45000,5.377422e+02,-1.177239e+03,5.048648e+01,-2.947413e+02,475.625,-300.428
31.45100,5.455819e+02,-1.030682e+03,5.826739e+01,-1.600193e+02,428.283,-164.651
31.45200,5.538833e+02,-8.848747e+02,6.674320e+01,-2.766283e+01,383.244,-31.2189
31.45300,5.632232e+02,-7.318480e+02,7.588347e+01,1.098446e+02,336.868,107.382
31.45400,5.726023e+02,-5.746374e+02,8.544247e+01,2.511514e+02,290.396,249.797
31.45500,5.835149e+02,-4.205909e+02,9.620060e+01,3.881683e+02,242.428,387.936
31.45600,5.947467e+02,-2.645056e+02,1.074267e+02,5.259562e+02,196.447,526.853
31.45700,6.069089e+02,-1.058209e+02,1.193153e+02,6.648599e+02,149.495,666.889
31.45800,6.199627e+02,5.226285e+01,1.321601e+02,8.024627e+02,102.229,805.623
31.45900,6.336259e+02,2.152084e+02,1.453787e+02,9.434140e+02,54.2118,947.7
31.46000,6.479632e+02,3.729536e+02,1.591623e+02,1.078529e+03,7.61736,1083.93
31.46100,6.623874e+02,5.313856e+02,1.731033e+02,1.213639e+03,-40.4127,1220.14
31.46200,6.779293e+02,7.086880e+02,1.881686e+02,1.364390e+03,-90.2729,1371.97
31.46300,6.931067e+02,8.655887e+02,2.026305e+02,1.495747e+03,-138.384,1504.38
31.46400,7.091093e+02,1.024047e+03,2.182951e+02,1.628159e+03,-185.469,1637.8
31.46500,7.210580e+02,1.165810e+03,2.295757e+02,1.743687e+03,-232.49,1754.32
31.46600,7.350020e+02,1.313869e+03,2.429039e+02,1.864280e+03,-279.071,1875.86
31.46700,7.461820e+02,1.457537e+03,2.539712e+02,1.980515e+03,-326.926,1993.01
31.46800,7.599473e+02,1.602048e+03,2.664011e+02,2.095571e+03,-372.548,2108.93
31.46900,7.720187e+02,1.740749e+03,2.781893e+02,2.204674e+03,-418.398,2218.85
31.47000,7.839260e+02,1.877372e+03,2.895412e+02,2.311495e+03,-463.753,2326.44
31.47100,7.940353e+02,2.007935e+03,2.992883e+02,2.412425e+03,-511.14,2428.08
31.47200,8.038633e+02,2.133077e+03,3.084458e+02,2.507054e+03,-555.263,2523.37
31.47300,8.126773e+02,2.260982e+03,3.166098e+02,2.603877e+03,-601.896,2620.8
31.47400,8.201207e+02,2.369757e+03,3.235615e+02,2.681521e+03,-644.738,2699
31.47500,8.264027e+02,2.483109e+03,3.295812e+02,2.764180e+03,-691.09,2782.15
31.47600,8.312733e+02,2.586001e+03,3.343077e+02,2.835172e+03,-732.991,2853.59
31.47700,8.355287e+02,2.689152e+03,3.382041e+02,2.906086e+03,-774.833,2924.89
31.47800,8.388460e+02,2.781967e+03,3.411359e+02,2.967982e+03,-817.732,2987.12
31.47900,8.388220e+02,2.862367e+03,3.404881e+02,3.017364e+03,-859.393,3036.79
31.48000,8.383827e+02,2.944611e+03,3.406614e+02,3.068412e+03,-899.876,3088.08
31.48100,8.366653e+02,3.023668e+03,3.386079e+02,3.115528e+03,-941.25,3135.39
31.48200,8.348240e+02,3.090060e+03,3.361497e+02,3.151244e+03,-978.913,3171.26
31.48300,8.297753e+02,3.156787e+03,3.313006e+02,3.186301e+03,-1016.95,3206.43
31.48400,8.252393e+02,3.217225e+03,3.263327e+02,3.216242e+03,-1054.02,3236.45
31.48500,8.169253e+02,3.261667e+03,3.184219e+02,3.230544e+03,-1087.92,3250.81
31.48600,8.108920e+02,3.326090e+03,3.117150e+02,3.262704e+03,-1122.93,3283
31.48700,8.033693e+02,3.370887e+03,3.041261e+02,3.276949e+03,-1154.57,3297.25
31.48800,7.939713e+02,3.407208e+03,2.949750e+02,3.283619e+03,-1185.03,3303.91
31.48900,7.839133e+02,3.439127e+03,2.849289e+02,3.285431e+03,-1213.23,3305.7
31.49000,7.750847e+02,3.476683e+03,2.758351e+02,3.292377e+03,-1240.38,3312.62
31.49100,7.632667e+02,3.499335e+03,2.636717e+02,3.286125e+03,-1265.59,3306.32
31.49200,7.513593e+02,3.532477e+03,2.517629e+02,3.288585e+03,-1290.99,3308.73
31.49300,7.409580e+02,3.560259e+03,2.414456e+02,3.287312e+03,-1314.86,3307.4
31.49400,7.284580e+02,3.578061e+03,2.289411e+02,3.276509e+03,-1336.33,3296.53
31.49500,7.185813e+02,3.592287e+03,2.187876e+02,3.263673e+03,-1356.07,3283.64
31.49600,7.046373e+02,3.609765e+03,2.046510e+02,3.251211e+03,-1373.67,3271.12
31.49700,6.921740e+02,3.626403e+03,1.922555e+02,3.240617e+03,-1391.94,3260.46
31.49800,6.818233e+02,3.634629e+03,1.815711e+02,3.221327e+03,-1404.85,3241.11
31.49900,6.684113e+02,3.639087e+03,1.677552e+02,3.198345e+03,-1416.62,3218.06
31.50000,6.572115e+02,3.642473e+03,1.562388e+02,3.175398e+03,-1428.09,3195.06
31.50100,6.455645e+02,3.641256e+03,1.452555e+02,3.149070e+03,-1436.8,3168.67
31.50200,6.331017e+02,3.642969e+03,1.326185e+02,3.125170e+03,-1446.18,3144.71
31.50300,6.216511e+02,3.633743e+03,1.213649e+02,3.090670e+03,-1449.69,3110.15
31.50400,6.098953e+02,3.621735e+03,1.097096e+02,3.054606e+03,-1450.88,3074.04
31.50500,5.979635e+02,3.606953e+03,9.775867e+01,3.016883e+03,-1452.6,3036.26
31.50600,5.869147e+02,3.598207e+03,8.706600e+01,2.984505e+03,-1454.97,3003.83
31.50700,5.753265e+02,3.582125e+03,7.573947e+01,2.945707e+03,-1453.71,2964.97
31.50800,5.639925e+02,3.560964e+03,6.438369e+01,2.902825e+03,-1449.78,2922.02
31.50900,5.556087e+02,3.534212e+03,5.594867e+01,2.854139e+03,-1439.62,2873.26
31.51000,5.462545e+02,3.510784e+03,4.694749e+01,2.809873e+03,-1432.93,2828.91
31.51100,5.375178e+02,3.483829e+03,3.864571e+01,2.762753e+03,-1424.36,2781.69
31.51200,5.293565e+02,3.455681e+03,3.052281e+01,2.714977e+03,-1414.62,2733.82
31.51300,5.224234e+02,3.421853e+03,2.426615e+01,2.662637e+03,-1398.54,2681.37
31.51400,5.147781e+02,3.386424e+03,1.678987e+01,2.609114e+03,-1384.05,2627.74
31.51500,5.078720e+02,3.350274e+03,1.063897e+01,2.555141e+03,-1367.71,2573.64
31.51600,5.015745e+02,3.312839e+03,4.456870e+00,2.500915e+03,-1351.69,2519.28
31.51700,4.966883e+02,3.268425e+03,4.700565e-02,2.441239e+03,-1331.02,2459.45
31.51800,4.914204e+02,3.226019e+03,-4.907173e+00,2.383835e+03,-1311.71,2401.88
31.51900,4.876711e+02,3.176869e+03,-8.146527e+00,2.321045e+03,-1289.29,2338.91
31.52000,4.823649e+02,3.131465e+03,-1.288350e+01,2.261601e+03,-1267.94,2279.26
31.52100,4.796611e+02,3.079323e+03,-1.516047e+01,2.196621e+03,-1241.68,2214.04
31.52200,4.769060e+02,3.023909e+03,-1.740565e+01,2.129617e+03,-1215.7,2146.79
31.52300,4.751812e+02,2.966495e+03,-1.881685e+01,2.061495e+03,-1188.75,2078.38
31.52400,4.739044e+02,2.901647e+03,-1.955606e+01,1.987241e+03,-1158.02,2003.82
31.52500,4.746050e+02,2.851558e+03,-1.851915e+01,1.927545e+03,-1130.5,1943.78
31.52600,4.753130e+02,2.786158e+03,-1.740141e+01,1.854397e+03,-1099.31,1870.26
31.52700,4.758010e+02,2.721363e+03,-1.649945e+01,1.781961e+03,-1067.34,1797.42
31.52800,4.768888e+02,2.645384e+03,-1.488627e+01,1.700287e+03,-1032.62,1715.31
31.52900,4.777957e+02,2.567149e+03,-1.330111e+01,1.617211e+03,-997.55,1631.76
31.53000,4.805189e+02,2.488232e+03,-1.035827e+01,1.534787e+03,-963.048,1548.82
31.53100,4.832965e+02,2.402760e+03,-7.099233e+00,1.446986e+03,-925.465,1460.46
31.53200,4.864985e+02,2.311358e+03,-3.654511e+00,1.354323e+03,-886.996,1367.19
31.53300,4.904287e+02,2.214868e+03,7.504147e-01,1.257571e+03,-845.92,1269.79
31.53400,4.948057e+02,2.120872e+03,5.328959e+00,1.165185e+03,-810.158,1176.7
31.53500,4.986149e+02,2.014834e+03,9.766727e+00,1.061039e+03,-769.793,1071.82
31.53600,5.047212e+02,1.904611e+03,1.569888e+01,9.547753e+02,-726.047,964.774
31.53700,5.106293e+02,1.790838e+03,2.190658e+01,8.463367e+02,-684.421,855.511
31.53800,5.175477e+02,1.676284e+03,2.886424e+01,7.377980e+02,-641.713,746.106
31.53900,5.250133e+02,1.554703e+03,3.630265e+01,6.238641e+02,-598.102,631.268
31.54000,5.329427e+02,1.431085e+03,4.430439e+01,5.089537e+02,-555.135,515.419
31.54100,5.410907e+02,1.297037e+03,5.266275e+01,3.853376e+02,-509.011,390.831
31.54200,5.502952e+02,1.163618e+03,6.168479e+01,2.634816e+02,-464.319,267.972
31.54300,5.599096e+02,1.025367e+03,7.114553e+01,1.377808e+02,-418.786,141.24
31.54400,5.700015e+02,8.861727e+02,8.107200e+01,1.232077e+01,-373.899,14.7278
31.54500,5.807349e+02,7.389107e+02,9.166847e+01,-1.191647e+02,-327.379,-117.826
31.54600,5.923071e+02,5.923660e+02,1.027149e+02,-2.490031e+02,-280.593,-248.747
31.54700,6.041627e+02,4.462335e+02,1.140829e+02,-3.779865e+02,-235.054,-378.823
31.54800,6.159946e+02,2.865686e+02,1.257351e+02,-5.180891e+02,-187.009,-520.023
31.54900,6.288624e+02,1.282684e+02,1.379755e+02,-6.562067e+02,-139.804,-659.245
31.55000,6.423119e+02,-2.260784e+01,1.509807e+02,-7.862887e+02,-93.4826,-790.426
31.55100,6.562162e+02,-1.794290e+02,1.643049e+02,-9.208980e+02,-45.2741,-926.124
31.55200,6.703793e+02,-3.319436e+02,1.777200e+02,-1.050677e+03,2.05208,-1056.98
31.55300,6.849227e+02,-4.838039e+02,1.912763e+02,-1.178180e+03,48.4426,-1185.53
31.55400,6.988927e+02,-6.314426e+02,2.044583e+02,-1.301582e+03,95.6041,-1309.96
31.55500,7.127973e+02,-7.799847e+02,2.177053e+02,-1.424626e+03,143.356,-1434.01
31.55600,7.272987e+02,-9.399107e+02,2.312337e+02,-1.556951e+03,192.004,-1567.3
31.55700,7.410560e+02,-1.087595e+03,2.444972e+02,-1.678113e+03,238.471,-1689.38
31.55800,7.546320e+02,-1.230402e+03,2.573585e+02,-1.792795e+03,284.353,-1804.93
31.55900,7.636113e+02,-1.354120e+03,2.656932e+02,-1.890216e+03,330.486,-1903.18
31.56000,7.744787e+02,-1.488621e+03,2.758120e+02,-1.996174e+03,376.683,-2009.93
31.56100,7.822040e+02,-1.609113e+03,2.829205e+02,-2.088152e+03,421.729,-2102.65
31.56200,7.915773e+02,-1.740191e+03,2.915468e+02,-2.189181e+03,468.464,-2204.36
31.56300,7.980487e+02,-1.850323e+03,2.976571e+02,-2.270546e+03,514.656,-2286.36
31.56400,8.042113e+02,-1.965530e+03,3.035185e+02,-2.356175e+03,560.847,-2372.56
31.56500,8.092693e+02,-2.077491e+03,3.080068e+02,-2.437708e+03,605.784,-2454.63
31.56600,8.131773e+02,-2.180349e+03,3.119908e+02,-2.511339e+03,650.638,-2528.73
31.56700,8.159800e+02,-2.278310e+03,3.143571e+02,-2.578805e+03,694.642,-2596.63
31.56800,8.185907e+02,-2.376653e+03,3.166970e+02,-2.646774e+03,739.801,-2664.98
31.56900,8.191560e+02,-2.464462e+03,3.170179e+02,-2.703098e+03,782.129,-2721.64
31.57000,8.178860e+02,-2.542780e+03,3.156539e+02,-2.751349e+03,822.161,-2770.19
31.57100,8.168467e+02,-2.624260e+03,3.138525e+02,-2.801798e+03,865.13,-2820.89
31.57200,8.138473e+02,-2.695250e+03,3.107221e+02,-2.842781e+03,904.126,-2862.1
31.57300,8.088567e+02,-2.764165e+03,3.065243e+02,-2.881347e+03,943.896,-2900.86
31.57400,8.037120e+02,-2.824954e+03,3.012977e+02,-2.911661e+03,981.39,-2931.33
31.57500,7.986060e+02,-2.891613e+03,2.961801e+02,-2.947475e+03,1020.45,-2967.29
31.57600,7.917967e+02,-2.946449e+03,2.890405e+02,-2.972011e+03,1056.68,-2991.95
31.57700,7.850087e+02,-3.005157e+03,2.821615e+02,-2.998923e+03,1091.38,-3018.97
31.57800,7.765620e+02,-3.047084e+03,2.739412e+02,-3.011094e+03,1121.78,-3031.23
31.57900,7.698353e+02,-3.095667e+03,2.663826e+02,-3.028999e+03,1153.83,-3049.22
31.58000,7.605340e+02,-3.141407e+03,2.574319e+02,-3.044329e+03,1184.01,-3064.63
31.58100,7.530033e+02,-3.188795e+03,2.499907e+02,-3.061075e+03,1213.5,-3081.45
31.58200,7.434260e+02,-3.220737e+03,2.405205e+02,-3.063466e+03,1239.09,-3083.91
31.58300,7.330573e+02,-3.257383e+03,2.299871e+02,-3.068744e+03,1263.55,-3089.25
31.58400,7.236913e+02,-3.289477e+03,2.201837e+02,-3.071639e+03,1286.43,-3092.21
31.58500,7.151560e+02,-3.327971e+03,2.110868e+02,-3.080417e+03,1310.34,-3101.05
31.58600,7.068153e+02,-3.350418e+03,2.028615e+02,-3.074033e+03,1327.55,-3094.72
31.58700,6.965767e+02,-3.374484e+03,1.924483e+02,-3.068711e+03,1346.18,-3089.45
31.58800,6.870187e+02,-3.401521e+03,1.832296e+02,-3.067182e+03,1364.82,-3087.97
31.58900,6.764447e+02,-3.420922e+03,1.722964e+02,-3.057948e+03,1379.2,-3078.78
31.59000,6.669500e+02,-3.436851e+03,1.626761e+02,-3.045839e+03,1392.92,-3066.72
31.59100,6.583399e+02,-3.451179e+03,1.536531e+02,-3.033596e+03,1404.11,-3054.51
31.59200,6.494797e+02,-3.467935e+03,1.445962e+02,-3.021974e+03,1413.36,-3042.93
31.59300,6.420519e+02,-3.482897e+03,1.371404e+02,-3.009859e+03,1423.21,-3030.85
31.59400,6.320183e+02,-3.483177e+03,1.272390e+02,-2.985309e+03,1428.85,-3006.32
31.59500,6.228202e+02,-3.489489e+03,1.178351e+02,-2.965132e+03,1432.74,-2986.16
31.59600,6.142474e+02,-3.491155e+03,1.089477e+02,-2.942117e+03,1435.48,-2963.17
31.59700,6.046718e+02,-3.485940e+03,9.956067e+01,-2.912469e+03,1435.23,-2933.53
31.59800,5.976765e+02,-3.477834e+03,9.286533e+01,-2.880964e+03,1434.01,-2902.02
31.59900,5.887795e+02,-3.463398e+03,8.415040e+01,-2.842852e+03,1426.96,-2863.89
31.60000,5.815997e+02,-3.449977e+03,7.702780e+01,-2.807277e+03,1419.86,-2828.28
31.60100,5.736597e+02,-3.436386e+03,6.927340e+01,-2.771373e+03,1414.1,-2792.33
31.60200,5.668077e+02,-3.421704e+03,6.273453e+01,-2.734190e+03,1403.38,-2755.08
31.60300,5.603074e+02,-3.400641e+03,5.681941e+01,-2.693071e+03,1394.02,-2713.87
31.60400,5.541964e+02,-3.371250e+03,5.077118e+01,-2.644399e+03,1378.95,-2665.11
31.60500,5.481568e+02,-3.351338e+03,4.522403e+01,-2.604801e+03,1367.8,-2625.4
31.60600,5.425200e+02,-3.313987e+03,3.988241e+01,-2.549364e+03,1349.45,-2569.83
31.60700,5.362269e+02,-3.281565e+03,3.434581e+01,-2.498307e+03,1329,-2518.62
31.60800,5.322078e+02,-3.247624e+03,3.068159e+01,-2.447871e+03,1310.19,-2468
31.60900,5.269689e+02,-3.206731e+03,2.618846e+01,-2.391137e+03,1290.72,-2411.07
31.61000,5.233405e+02,-3.166880e+03,2.306171e+01,-2.336413e+03,1268.65,-2356.12
31.61100,5.200973e+02,-3.119015e+03,2.005181e+01,-2.274701e+03,1243.71,-2294.15
31.61200,5.171812e+02,-3.074707e+03,1.753341e+01,-2.217423e+03,1220.96,-2236.58
31.61300,5.143569e+02,-3.017538e+03,1.546801e+01,-2.148656e+03,1192.53,-2167.49
31.61400,5.094999e+02,-2.959657e+03,1.163551e+01,-2.078088e+03,1162.69,-2096.57
31.61500,5.075582e+02,-2.906847e+03,1.015791e+01,-2.014931e+03,1136.6,-2033.02
31.61600,5.073187e+02,-2.845504e+03,1.047897e+01,-1.944359e+03,1103.8,-1962.02
31.61700,5.048146e+02,-2.777342e+03,8.852407e+00,-1.867429e+03,1072.96,-1884.63
31.61800,5.039145e+02,-2.698597e+03,8.541680e+00,-1.782395e+03,1037.27,-1799.1
31.61900,5.029007e+02,-2.616610e+03,8.377980e+00,-1.694931e+03,999.609,-1711.1
31.62000,5.023563e+02,-2.535992e+03,8.458867e+00,-1.609361e+03,965.656,-1624.95
31.62100,5.026347e+02,-2.445232e+03,9.200547e+00,-1.515503e+03,927.695,-1530.47
31.62200,5.020547e+02,-2.357305e+03,9.762087e+00,-1.425156e+03,892.294,-1439.46
31.62300,5.023887e+02,-2.258199e+03,1.078171e+01,-1.325173e+03,853.703,-1338.77
31.62400,5.036896e+02,-2.152771e+03,1.277697e+01,-1.220217e+03,812.914,-1233.06
31.62500,5.052107e+02,-2.041577e+03,1.495796e+01,-1.110653e+03,771.9,-1122.71
31.62600,5.083457e+02,-1.927354e+03,1.838681e+01,-9.999640e+02,730.038,-1011.19
31.62700,5.115267e+02,-1.808867e+03,2.223034e+01,-8.858213e+02,687.159,-896.176
31.62800,5.155351e+02,-1.685365e+03,2.671060e+01,-7.685080e+02,645.039,-777.957
31.62900,5.206111e+02,-1.560977e+03,3.215623e+01,-6.511568e+02,602.22,-659.665
31.63000,5.257646e+02,-1.429102e+03,3.792247e+01,-5.273544e+02,558.011,-534.891
31.63100,5.323351e+02,-1.290325e+03,4.459227e+01,-3.991718e+02,511.964,-405.705
31.63200,5.390565e+02,-1.151661e+03,5.182269e+01,-2.710831e+02,467.272,-276.584
31.63300,5.471138e+02,-1.005076e+03,5.975934e+01,-1.367883e+02,420.553,-141.23
31.63400,5.555043e+02,-8.580253e+02,6.838020e+01,-3.477464e+00,375.002,-6.84076
31.63500,5.648151e+02,-7.053047e+02,7.760353e+01,1.337934e+02,328.92,131.526
31.63600,5.746401e+02,-5.456894e+02,8.734993e+01,2.768739e+02,281.557,275.717
31.63700,5.855711e+02,-3.946252e+02,9.826273e+01,4.108778e+02,234.882,410.844
31.63800,5.968427e+02,-2.357226e+02,1.095726e+02,5.513585e+02,188.049,552.455
31.63900,6.092799e+02,-7.598327e+01,1.215978e+02,6.910267e+02,140.491,693.255
31.64000,6.223466e+02,8.049807e+01,1.345087e+02,8.269753e+02,93.945,830.334
31.64100,6.361329e+02,2.422941e+02,1.477755e+02,9.666780e+02,46.4217,971.162
31.64200,6.504771e+02,4.048998e+02,1.616671e+02,1.106105e+03,-1.89438,1111.7
31.64300,6.650746e+02,5.623245e+02,1.756525e+02,1.239892e+03,-50.3305,1246.59
31.64400,6.806053e+02,7.376053e+02,1.907217e+02,1.388634e+03,-98.9597,1396.4
31.64500,6.956840e+02,8.942940e+02,2.053365e+02,1.520146e+03,-147.402,1528.95
31.64600,7.120140e+02,1.052879e+03,2.211309e+02,1.652216e+03,-193.889,1662.03
31.64700,7.238620e+02,1.195257e+03,2.321811e+02,1.767981e+03,-241.483,1778.78
31.64800,7.364500e+02,1.338829e+03,2.444386e+02,1.884423e+03,-288.199,1896.17
31.64900,7.488080e+02,1.484153e+03,2.564481e+02,2.002143e+03,-335.771,2014.79
31.65000,7.623113e+02,1.622560e+03,2.685642e+02,2.111421e+03,-379.387,2124.93
31.65100,7.741500e+02,1.765774e+03,2.802699e+02,2.224044e+03,-426.577,2238.36
31.65200,7.859693e+02,1.904757e+03,2.915687e+02,2.333383e+03,-473.341,2348.45
31.65300,7.958993e+02,2.030109e+03,3.009811e+02,2.429077e+03,-518.766,2444.85
31.65400,8.055627e+02,2.154852e+03,3.100145e+02,2.523273e+03,-563.182,2539.7
31.65500,8.138427e+02,2.277663e+03,3.180151e+02,2.614973e+03,-609.244,2632
31.65600,8.212520e+02,2.391651e+03,3.246691e+02,2.697532e+03,-652.996,2715.1
31.65700,8.275013e+02,2.502977e+03,3.306607e+02,2.778410e+03,-699.371,2796.46
31.65800,8.317987e+02,2.602410e+03,3.346437e+02,2.845371e+03,-739.947,2863.86
31.65900,8.361833e+02,2.708315e+03,3.389445e+02,2.920145e+03,-783.941,2939.01
31.66000,8.378180e+02,2.793523e+03,3.399727e+02,2.974123e+03,-825.96,2993.31
31.66100,8.388980e+02,2.879045e+03,3.405919e+02,3.028215e+03,-867.05,3047.68
31.66200,8.388880e+02,2.964465e+03,3.407899e+02,3.082257e+03,-909.062,3101.95
31.66300,8.370460e+02,3.036310e+03,3.389271e+02,3.122713e+03,-946.953,3142.6
31.66400,8.339980e+02,3.101817e+03,3.352479e+02,3.157385e+03,-986.908,3177.42
31.66500,8.289207e+02,3.169121e+03,3.304588e+02,3.192855e+03,-1024.06,3212.99
31.66600,8.239967e+02,3.228759e+03,3.252306e+02,3.221943e+03,-1060.89,3242.16
31.66700,8.172560e+02,3.282655e+03,3.188205e+02,3.244581e+03,-1095.38,3264.85
31.66800,8.096887e+02,3.334327e+03,3.104412e+02,3.265202e+03,-1128.15,3285.49
31.66900,8.022880e+02,3.378373e+03,3.028877e+02,3.278977e+03,-1160.17,3299.27
31.67000,7.925960e+02,3.414210e+03,2.935591e+02,3.284830e+03,-1190.18,3305.12
31.67100,7.824147e+02,3.446594e+03,2.834579e+02,3.287208e+03,-1217.34,3307.47
31.67200,7.728913e+02,3.479744e+03,2.736444e+02,3.290127e+03,-1244.35,3310.35
31.67300,7.601153e+02,3.503774e+03,2.608097e+02,3.284818e+03,-1269.94,3305
31.67400,7.500200e+02,3.537713e+03,2.502025e+02,3.288625e+03,-1295.39,3308.75
31.67500,7.384267e+02,3.563774e+03,2.388535e+02,3.285473e+03,-1319.03,3305.55
31.67600,7.263300e+02,3.582248e+03,2.267930e+02,3.275496e+03,-1340.4,3295.51
31.67700,7.150133e+02,3.598415e+03,2.149895e+02,3.262821e+03,-1358.9,3282.77
31.67800,7.025907e+02,3.613155e+03,2.025286e+02,3.249619e+03,-1377.58,3269.51
31.67900,6.904687e+02,3.621385e+03,1.905347e+02,3.230973e+03,-1391.98,3250.81
31.68000,6.796147e+02,3.629550e+03,1.796817e+02,3.212004e+03,-1405.15,3231.77
31.68100,6.661075e+02,3.635885e+03,1.658479e+02,3.190409e+03,-1416.85,3210.11
31.68200,6.550981e+02,3.635777e+03,1.546497e+02,3.164475e+03,-1426.81,3184.12
31.68300,6.429630e+02,3.640833e+03,1.425877e+02,3.143532e+03,-1437.75,3163.12
31.68400,6.311830e+02,3.639728e+03,1.306807e+02,3.117743e+03,-1446.91,3137.27
31.68500,6.195379e+02,3.631762e+03,1.189183e+02,3.084750e+03,-1450.85,3104.22
31.68600,6.078673e+02,3.625679e+03,1.074467e+02,3.053645e+03,-1453.23,3073.06
31.68700,5.960837e+02,3.604984e+03,9.590087e+01,3.010567e+03,-1452.75,3029.93
31.68800,5.847688e+02,3.594979e+03,8.503887e+01,2.976984e+03,-1455.54,2996.29
31.68900,5.734035e+02,3.579589e+03,7.368007e+01,2.938781e+03,-1453.75,2958.03
31.69000,5.626927e+02,3.551880e+03,6.307575e+01,2.890082e+03,-1446.91,2909.27
31.69100,5.540770e+02,3.529745e+03,5.437957e+01,2.845913e+03,-1438.48,2865.02
31.69200,5.449613e+02,3.503936e+03,4.570437e+01,2.799155e+03,-1430.5,2818.17
31.69300,5.356221e+02,3.479994e+03,3.672999e+01,2.755283e+03,-1423.39,2774.2
31.69400,5.281523e+02,3.454209e+03,2.947033e+01,2.709425e+03,-1413.49,2728.24
31.69500,5.213222e+02,3.417476e+03,2.300632e+01,2.655062e+03,-1397.15,2673.77
31.69600,5.137093e+02,3.376463e+03,1.581071e+01,2.596217e+03,-1379.96,2614.82
31.69700,5.063065e+02,3.344225e+03,9.153753e+00,2.545899e+03,-1365.28,2564.37
31.69800,5.012403e+02,3.303148e+03,3.936931e+00,2.488566e+03,-1346.83,2506.9
31.69900,4.957208e+02,3.260441e+03,-8.882420e-01,2.430481e+03,-1327.39,2448.66
31.70000,4.903387e+02,3.214740e+03,-5.656499e+00,2.369743e+03,-1306.35,2387.76
31.70100,4.869504e+02,3.168981e+03,-8.921140e+00,2.310709e+03,-1286.01,2328.53
31.70200,4.822486e+02,3.121328e+03,-1.295569e+01,2.249141e+03,-1262.53,2266.75
31.70300,4.793185e+02,3.071161e+03,-1.543571e+01,2.186128e+03,-1237.52,2203.51
31.70400,4.761811e+02,3.015315e+03,-1.800226e+01,2.118881e+03,-1211.95,2136
31.70500,4.746739e+02,2.954187e+03,-1.916675e+01,2.047182e+03,-1182.84,2064.01
31.70600,4.735052e+02,2.889771e+03,-1.984029e+01,1.973641e+03,-1152.77,1990.16
31.70700,4.753856e+02,2.844079e+03,-1.780637e+01,1.918101e+03,-1124.76,1934.27
31.70800,4.756187e+02,2.772829e+03,-1.707533e+01,1.839828e+03,-1093.36,1855.62
31.70900,4.758313e+02,2.706773e+03,-1.640226e+01,1.766298e+03,-1061.33,1781.68
31.71000,4.774237e+02,2.631805e+03,-1.443090e+01,1.685894e+03,-1026.69,1700.84
31.71100,4.781754e+02,2.552785e+03,-1.286939e+01,1.602113e+03,-991.308,1616.57
31.71200,4.806255e+02,2.472595e+03,-1.000654e+01,1.518490e+03,-956.143,1532.42
31.71300,4.838381e+02,2.386371e+03,-6.502752e+00,1.430251e+03,-918.454,1443.62
31.71400,4.872594e+02,2.296379e+03,-2.770964e+00,1.339161e+03,-880.198,1351.91
31.71500,4.912310e+02,2.198252e+03,1.392145e+00,1.241423e+03,-840.715,1253.52
31.71600,4.953735e+02,2.100733e+03,6.046577e+00,1.145399e+03,-802.074,1156.79
31.71700,4.997493e+02,1.995279e+03,1.084501e+01,1.042216e+03,-762.032,1052.86
31.71800,5.056274e+02,1.883522e+03,1.667863e+01,9.345180e+02,-718.057,944.373
31.71900,5.117073e+02,1.769930e+03,2.307336e+01,8.262733e+02,-676.011,835.296
31.72000,5.187317e+02,1.652469e+03,2.999366e+01,7.152700e+02,-633.191,723.419
31.72100,5.265461e+02,1.533499e+03,3.774953e+01,6.043097e+02,-590.762,611.55
31.72200,5.342805e+02,1.404239e+03,4.568487e+01,4.838076e+02,-545.737,490.103
31.72300,5.428297e+02,1.272165e+03,5.426807e+01,3.624561e+02,-500.704,367.774
31.72400,5.520951e+02,1.138894e+03,6.333357e+01,2.408737e+02,-456.279,245.183
31.72500,5.618346e+02,1.000361e+03,7.295960e+01,1.153473e+02,-410.571,118.623
31.72600,5.718765e+02,8.605793e+02,8.290860e+01,-1.069403e+01,-366.336,-8.4745
31.72700,5.827565e+02,7.112393e+02,9.365520e+01,-1.439298e+02,-318.711,-142.781
31.72800,5.944033e+02,5.651914e+02,1.047337e+02,-2.730653e+02,-271.776,-273.001
31.72900,6.064698e+02,4.175096e+02,1.162397e+02,-4.032367e+02,-225.482,-404.265
31.73000,6.183109e+02,2.518231e+02,1.278419e+02,-5.489440e+02,-177.609,-551.072
31.73100,6.312487e+02,1.002846e+02,1.402659e+02,-6.803973e+02,-131.015,-683.629
31.73200,6.448323e+02,-5.155167e+01,1.534031e+02,-8.111753e+02,-84.7004,-815.505
31.73300,6.587863e+02,-2.074033e+02,1.667443e+02,-9.448067e+02,-36.5715,-950.223
31.73400,6.731247e+02,-3.607288e+02,1.801453e+02,-1.074714e+03,10.4606,-1081.2
31.73500,6.874360e+02,-5.109211e+02,1.937593e+02,-1.200840e+03,56.4721,-1208.37
31.73600,7.016347e+02,-6.586947e+02,2.068437e+02,-1.324175e+03,103.595,-1332.73
31.73700,7.153487e+02,-8.044200e+02,2.200813e+02,-1.444585e+03,151.674,-1454.14
31.73800,7.304693e+02,-9.777453e+02,2.342299e+02,-1.589013e+03,201.761,-1599.53
31.73900,7.432600e+02,-1.112719e+03,2.465861e+02,-1.698157e+03,246.771,-1709.58
31.74000,7.568893e+02,-1.256933e+03,2.595316e+02,-1.814186e+03,292.98,-1826.47
31.74100,7.657240e+02,-1.379810e+03,2.676537e+02,-1.910579e+03,339.107,-1923.69
31.74200,7.762800e+02,-1.512607e+03,2.774897e+02,-2.014883e+03,385.463,-2028.77
31.74300,7.835953e+02,-1.633334e+03,2.844416e+02,-2.107185e+03,430.533,-2121.8
31.74400,7.928387e+02,-1.763631e+03,2.928731e+02,-2.207326e+03,477.97,-2222.62
31.74500,7.993533e+02,-1.873555e+03,2.989963e+02,-2.288635e+03,524.369,-2304.55
31.74600,8.050373e+02,-1.986711e+03,3.043735e+02,-2.371956e+03,569.516,-2388.44
31.74700,8.100373e+02,-2.096002e+03,3.087827e+02,-2.451003e+03,613.91,-2468.01
31.74800,8.140073e+02,-2.195745e+03,3.127063e+02,-2.521229e+03,657.742,-2538.7
31.74900,8.161033e+02,-2.294791e+03,3.144095e+02,-2.589671e+03,702.572,-2607.56
31.75000,8.189093e+02,-2.390356e+03,3.171991e+02,-2.655044e+03,747.146,-2673.31
31.75100,8.192927e+02,-2.477753e+03,3.171317e+02,-2.710676e+03,787.94,-2729.27
31.75200,8.178900e+02,-2.559629e+03,3.155192e+02,-2.761915e+03,829.853,-2780.8
31.75300,8.163487e+02,-2.635559e+03,3.132635e+02,-2.807727e+03,871.49,-2826.86
31.75400,8.126887e+02,-2.708023e+03,3.101109e+02,-2.849913e+03,911.559,-2869.26
31.75500,8.081747e+02,-2.779580e+03,3.054867e+02,-2.890996e+03,951.841,-2910.53
31.75600,8.022900e+02,-2.838597e+03,2.999647e+02,-2.919736e+03,989.023,-2939.43
31.75700,7.976333e+02,-2.902351e+03,2.951989e+02,-2.952493e+03,1027.01,-2972.33
31.75800,7.901573e+02,-2.955250e+03,2.874754e+02,-2.975239e+03,1063.22,-2995.19
31.75900,7.836960e+02,-3.014621e+03,2.808053e+02,-3.002792e+03,1098.26,-3022.85
31.76000,7.755120e+02,-3.056858e+03,2.721488e+02,-3.014985e+03,1127.91,-3035.14
31.76100,7.679367e+02,-3.102131e+03,2.645644e+02,-3.029723e+03,1158.58,-3049.96
31.76200,7.595953e+02,-3.152528e+03,2.564336e+02,-3.049863e+03,1190.52,-3070.18
31.76300,7.508940e+02,-3.197049e+03,2.477971e+02,-3.063202e+03,1218.99,-3083.59
31.76400,7.414573e+02,-3.222357e+03,2.386501e+02,-3.060075e+03,1242.88,-3080.53
31.76500,7.314300e+02,-3.265703e+03,2.282519e+02,-3.071483e+03,1268.61,-3092
31.76600,7.221593e+02,-3.296285e+03,2.187783e+02,-3.072790e+03,1290.99,-3093.37
31.76700,7.133667e+02,-3.329347e+03,2.096411e+02,-3.076634e+03,1312.74,-3097.28
31.76800,7.046460e+02,-3.356433e+03,2.005413e+02,-3.074543e+03,1331.93,-3095.24
31.76900,6.949440e+02,-3.377019e+03,1.905711e+02,-3.066364e+03,1349.1,-3087.11
31.77000,6.851407e+02,-3.402641e+03,1.813821e+02,-3.063178e+03,1366.89,-3083.98
31.77100,6.745213e+02,-3.424179e+03,1.702929e+02,-3.055977e+03,1381.99,-3076.82
31.77200,6.653964e+02,-3.443301e+03,1.607539e+02,-3.047085e+03,1396.42,-3067.97
31.77300,6.567645e+02,-3.455879e+03,1.520853e+02,-3.033383e+03,1407.13,-3054.3
31.77400,6.478986e+02,-3.471545e+03,1.428175e+02,-3.020513e+03,1416.56,-3041.47
31.77500,6.402399e+02,-3.481239e+03,1.353011e+02,-3.003725e+03,1423.65,-3024.72
31.77600,6.304607e+02,-3.486835e+03,1.255271e+02,-2.984726e+03,1431.24,-3005.74
31.77700,6.200233e+02,-3.488188e+03,1.152316e+02,-2.959813e+03,1432.79,-2980.85
31.77800,6.125549e+02,-3.485225e+03,1.075567e+02,-2.931944e+03,1433.18,-2952.99
31.77900,6.032095e+02,-3.484521e+03,9.836933e+01,-2.906633e+03,1434.9,-2927.69
31.78000,5.957351e+02,-3.479095e+03,9.113667e+01,-2.877213e+03,1434.05,-2898.26
31.78100,5.871591e+02,-3.462870e+03,8.249933e+01,-2.838348e+03,1426.64,-2859.38
31.78200,5.807449e+02,-3.449952e+03,7.607787e+01,-2.803159e+03,1420.09,-2824.15
31.78300,5.731501e+02,-3.436632e+03,6.855567e+01,-2.767873e+03,1413.79,-2788.81
31.78400,5.657598e+02,-3.420002e+03,6.198579e+01,-2.728607e+03,1402.09,-2749.48
31.78500,5.593771e+02,-3.395915e+03,5.586350e+01,-2.684803e+03,1391.12,-2705.59
31.78600,5.530745e+02,-3.366961e+03,4.975447e+01,-2.636525e+03,1376.78,-2657.22
31.78700,5.472271e+02,-3.343459e+03,4.437094e+01,-2.593755e+03,1364.01,-2614.33
31.78800,5.418413e+02,-3.304668e+03,3.921547e+01,-2.537205e+03,1344.95,-2557.64
31.78900,5.360299e+02,-3.273373e+03,3.414899e+01,-2.487294e+03,1324.33,-2507.57
31.79000,5.312429e+02,-3.242393e+03,2.977744e+01,-2.439876e+03,1308.35,-2459.97
31.79100,5.260591e+02,-3.199137e+03,2.534794e+01,-2.380732e+03,1287.19,-2400.62
31.79200,5.224821e+02,-3.159438e+03,2.242754e+01,-2.326243e+03,1264.54,-2345.9
31.79300,5.194310e+02,-3.107453e+03,1.953697e+01,-2.260702e+03,1238.14,-2280.1
31.79400,5.161690e+02,-3.063672e+03,1.676019e+01,-2.203713e+03,1215.48,-2222.81
31.79500,5.137021e+02,-3.005773e+03,1.509557e+01,-2.134680e+03,1186.51,-2153.45
31.79600,5.091399e+02,-2.948813e+03,1.130829e+01,-2.065615e+03,1158.04,-2084.02
31.79700,5.076096e+02,-2.897662e+03,1.038807e+01,-2.004071e+03,1130.63,-2022.08
31.79800,5.068336e+02,-2.830895e+03,1.027150e+01,-1.928206e+03,1097.09,-1945.78
31.79900,5.050426e+02,-2.762863e+03,9.058400e+00,-1.852146e+03,1066.07,-1869.26
31.80000,5.034008e+02,-2.685038e+03,8.344233e+00,-1.767736e+03,1030.79,-1784.35
31.80100,5.028039e+02,-2.603673e+03,8.383127e+00,-1.680933e+03,994.177,-1697
31.80200,5.022145e+02,-2.519097e+03,8.426787e+00,-1.591823e+03,958.6,-1607.3
31.80300,5.020208e+02,-2.432694e+03,8.791507e+00,-1.501385e+03,921.849,-1516.23
31.80400,5.021133e+02,-2.338441e+03,9.901520e+00,-1.406191e+03,884.79,-1420.37
31.80500,5.025948e+02,-2.239334e+03,1.109358e+01,-1.306319e+03,846.304,-1319.78
31.80600,5.040305e+02,-2.132944e+03,1.319910e+01,-1.200725e+03,805.389,-1213.43
31.80700,5.058897e+02,-2.020027e+03,1.564458e+01,-1.089921e+03,763.609,-1101.83
31.80800,5.087925e+02,-1.904148e+03,1.900954e+01,-9.778560e+02,722.135,-988.927
31.80900,5.124333e+02,-1.790339e+03,2.311783e+01,-8.681707e+02,681.038,-878.366
31.81000,5.165209e+02,-1.663114e+03,2.772675e+01,-7.475207e+02,637.345,-756.804
31.81100,5.215510e+02,-1.537380e+03,3.320320e+01,-6.290295e+02,594.344,-637.367
31.81200,5.269017e+02,-1.402797e+03,3.910303e+01,-5.029011e+02,548.721,-510.26
31.81300,5.334243e+02,-1.264659e+03,4.583247e+01,-3.752695e+02,503.611,-381.621
31.81400,5.405410e+02,-1.124291e+03,5.315220e+01,-2.457401e+02,458.201,-251.054
31.81500,5.486016e+02,-9.779027e+02,6.124873e+01,-1.121141e+02,412.151,-116.366
31.81600,5.573653e+02,-8.312967e+02,7.005513e+01,2.056911e+01,366.932,17.399
31.81700,5.664307e+02,-6.777380e+02,7.935573e+01,1.586909e+02,320.511,156.619
31.81800,5.765788e+02,-5.174534e+02,8.925720e+01,3.021893e+02,272.664,301.231
31.81900,5.876420e+02,-3.670707e+02,1.002895e+02,4.351474e+02,226.661,435.313
31.82000,5.991537e+02,-2.065187e+02,1.117024e+02,5.772001e+02,179.19,578.496
31.82100,6.115830e+02,-4.848344e+01,1.239267e+02,7.148427e+02,132.45,717.271
31.82200,6.248309e+02,1.084870e+02,1.369305e+02,8.512433e+02,85.4614,854.802
31.82300,6.387838e+02,2.742218e+02,1.502237e+02,9.940933e+02,36.6595,998.774
31.82400,6.530581e+02,4.338289e+02,1.641913e+02,1.130849e+03,-10.7146,1136.64
31.82500,6.678907e+02,5.947015e+02,1.783925e+02,1.267511e+03,-59.2245,1274.4
31.82600,6.832987e+02,7.648827e+02,1.932259e+02,1.411229e+03,-107.367,1419.18
31.82700,6.985240e+02,9.218600e+02,2.080985e+02,1.543110e+03,-155.454,1552.1
31.82800,7.152280e+02,1.083009e+03,2.241238e+02,1.677198e+03,-202.732,1687.19
31.82900,7.266240e+02,1.223591e+03,2.347665e+02,1.791304e+03,-250.176,1802.27
31.83000,7.375460e+02,1.358274e+03,2.454479e+02,1.899349e+03,-295.992,1911.25
31.83100,7.515827e+02,1.510811e+03,2.587404e+02,2.022957e+03,-343.798,2035.76
31.83200,7.645640e+02,1.648883e+03,2.708109e+02,2.132351e+03,-387.532,2146
31.83300,7.762747e+02,1.790977e+03,2.823895e+02,2.243534e+03,-434.914,2257.98
31.83400,7.878393e+02,1.929069e+03,2.934235e+02,2.352479e+03,-482.673,2367.68
31.83500,7.978733e+02,2.054754e+03,3.028415e+02,2.448027e+03,-527.232,2463.92
31.83600,8.077353e+02,2.180441e+03,3.120506e+02,2.542942e+03,-571.896,2559.47
31.83700,8.154947e+02,2.298592e+03,3.194473e+02,2.630295e+03,-617.294,2647.41
31.83800,8.221060e+02,2.411574e+03,3.254917e+02,2.711623e+03,-661.671,2729.27
31.83900,8.286393e+02,2.520989e+03,3.318339e+02,2.790077e+03,-706.152,2808.21
31.84000,8.320427e+02,2.616217e+03,3.349334e+02,2.854375e+03,-747.6,2872.93
31.84100,8.371420e+02,2.729893e+03,3.398035e+02,2.935719e+03,-792.922,2954.64
31.84200,8.378933e+02,2.810076e+03,3.399681e+02,2.984713e+03,-833.795,3003.95
31.84300,8.384313e+02,2.892360e+03,3.403152e+02,3.036271e+03,-874.637,3055.78
31.84400,8.385753e+02,2.978393e+03,3.403365e+02,3.090355e+03,-915.938,3110.08
31.84500,8.363233e+02,3.049743e+03,3.381731e+02,3.130193e+03,-954.868,3150.1
31.84600,8.330800e+02,3.114065e+03,3.344599e+02,3.164014e+03,-993.787,3184.06
31.84700,8.282240e+02,3.181103e+03,3.297399e+02,3.199000e+03,-1030.83,3219.15
31.84800,8.227380e+02,3.239240e+03,3.241639e+02,3.226645e+03,-1067.31,3246.87
31.84900,8.168247e+02,3.295504e+03,3.176438e+02,3.251559e+03,-1102.36,3271.83
31.85000,8.082107e+02,3.343347e+03,3.093589e+02,3.268939e+03,-1134.35,3289.23
31.85100,8.004340e+02,3.384093e+03,3.009825e+02,3.279309e+03,-1165.08,3299.6
31.85200,7.908227e+02,3.420847e+03,2.917175e+02,3.286093e+03,-1195.88,3306.38
31.85300,7.808113e+02,3.451539e+03,2.818675e+02,3.286373e+03,-1221.47,3306.63
31.85400,7.705413e+02,3.482277e+03,2.712803e+02,3.287461e+03,-1248.85,3307.68
31.85500,7.576507e+02,3.507520e+03,2.584190e+02,3.282711e+03,-1273.66,3302.88
31.85600,7.484373e+02,3.544930e+03,2.484628e+02,3.290266e+03,-1300.03,3310.38
31.85700,7.366313e+02,3.569392e+03,2.369617e+02,3.285768e+03,-1323.5,3305.83
31.85800,7.243247e+02,3.586819e+03,2.247038e+02,3.274863e+03,-1344.48,3294.86
31.85900,7.128000e+02,3.600476e+03,2.127871e+02,3.259641e+03,-1362.23,3279.58
31.86000,7.005793e+02,3.616689e+03,2.004697e+02,3.248321e+03,-1379.77,3268.2
31.86100,6.890247e+02,3.622211e+03,1.889916e+02,3.226295e+03,-1393.83,3246.11
31.86200,6.776307e+02,3.630288e+03,1.774365e+02,3.208119e+03,-1408.03,3227.87
31.86300,6.647433e+02,3.634383e+03,1.644277e+02,3.184461e+03,-1417.9,3204.15
31.86400,6.531649e+02,3.640325e+03,1.527901e+02,3.164181e+03,-1430.2,3183.81
31.86500,6.408799e+02,3.638713e+03,1.404602e+02,3.136741e+03,-1438.84,3156.32
31.86600,6.286487e+02,3.640523e+03,1.281534e+02,3.113290e+03,-1448.59,3132.81
31.86700,6.178960e+02,3.633332e+03,1.172445e+02,3.081724e+03,-1452.67,3101.18
31.86800,6.054175e+02,3.620177e+03,1.053203e+02,3.043802e+03,-1452.79,3063.21
31.86900,5.939765e+02,3.602523e+03,9.393513e+01,3.003973e+03,-1452.97,3023.33
31.87000,5.833693e+02,3.591582e+03,8.358827e+01,2.969918e+03,-1455.2,2989.21
31.87100,5.715037e+02,3.576627e+03,7.167453e+01,2.931769e+03,-1453.48,2951.01
31.87200,5.598227e+02,3.548701e+03,6.000535e+01,2.881983e+03,-1445.24,2901.15
31.87300,5.524590e+02,3.521284e+03,5.293489e+01,2.834126e+03,-1436.25,2853.21
31.87400,5.432486e+02,3.499109e+03,4.413588e+01,2.790558e+03,-1428.69,2809.56
31.87500,5.341585e+02,3.475376e+03,3.521781e+01,2.747103e+03,-1421.91,2766
31.87600,5.271637e+02,3.442545e+03,2.829724e+01,2.695058e+03,-1408.55,2713.86
31.87700,5.202550e+02,3.407933e+03,2.215241e+01,2.642484e+03,-1393.37,2661.17
31.87800,5.118856e+02,3.370285e+03,1.406148e+01,2.586513e+03,-1377.62,2605.09
31.87900,5.046107e+02,3.340875e+03,7.320307e+00,2.539223e+03,-1364,2557.67
31.88000,5.002720e+02,3.295888e+03,3.009537e+00,2.478337e+03,-1343.23,2496.65
31.88100,4.947719e+02,3.253127e+03,-1.799783e+00,2.420403e+03,-1323.96,2438.56
31.88200,4.897723e+02,3.210208e+03,-6.184946e+00,2.362468e+03,-1304.16,2380.45
31.88300,4.854732e+02,3.161090e+03,-1.021967e+01,2.300077e+03,-1282.52,2317.86
31.88400,4.823543e+02,3.111451e+03,-1.281393e+01,2.237101e+03,-1257,2254.67
31.88500,4.785209e+02,3.059385e+03,-1.609028e+01,2.172293e+03,-1232.62,2189.63
31.88600,4.757722e+02,3.005270e+03,-1.834447e+01,2.106779e+03,-1207.35,2123.85
31.88700,4.746745e+02,2.944473e+03,-1.925484e+01,2.035792e+03,-1178.19,2052.57
31.88800,4.731319e+02,2.880016e+03,-2.011683e+01,1.962205e+03,-1148.12,1978.66
31.88900,4.765194e+02,2.837943e+03,-1.674451e+01,1.909883e+03,-1118.77,1925.98
31.89000,4.756399e+02,2.760429e+03,-1.696965e+01,1.825898e+03,-1087.77,1841.62
31.89100,4.760862e+02,2.694346e+03,-1.608770e+01,1.752547e+03,-1055.28,1767.86
31.89200,4.773985e+02,2.617767e+03,-1.423081e+01,1.671201e+03,-1021.35,1686.06
31.89300,4.786494e+02,2.537127e+03,-1.237148e+01,1.585808e+03,-984.011,1600.18
31.89400,4.811346e+02,2.460273e+03,-9.410533e+00,1.505483e+03,-950.703,1519.32
31.89500,4.844967e+02,2.372039e+03,-5.798069e+00,1.415368e+03,-911.959,1428.63
31.89600,4.878959e+02,2.279517e+03,-2.079422e+00,1.322217e+03,-873.144,1334.85
31.89700,4.918989e+02,2.181202e+03,2.189458e+00,1.224189e+03,-833.932,1236.16
31.89800,4.959732e+02,2.082231e+03,6.780460e+00,1.127045e+03,-795.026,1138.31
31.89900,5.007015e+02,1.973343e+03,1.179458e+01,1.021085e+03,-753.933,1031.59
31.90000,5.066471e+02,1.861207e+03,1.773763e+01,9.131367e+02,-709.917,922.846
31.90100,5.128926e+02,1.750831e+03,2.426451e+01,8.079913e+02,-668.966,816.861
31.90200,5.199563e+02,1.628935e+03,3.123705e+01,6.931200e+02,-624.562,701.111
31.90300,5.277918e+02,1.511002e+03,3.916014e+01,5.831265e+02,-583.154,590.201
31.90400,5.357054e+02,1.381507e+03,4.720931e+01,4.626966e+02,-537.894,468.821
31.90500,5.444052e+02,1.247979e+03,5.584938e+01,3.403229e+02,-492.602,345.464
31.90600,5.536959e+02,1.113721e+03,6.503576e+01,2.178861e+02,-447.954,222.015
31.90700,5.636793e+02,9.743153e+02,7.476053e+01,9.174280e+01,-401.833,94.8329
31.90800,5.739458e+02,8.309080e+02,8.491680e+01,-3.730281e+01,-357.117,-35.2712
31.90900,5.849830e+02,6.844553e+02,9.571367e+01,-1.674556e+02,-309.812,-166.497
31.91000,5.965384e+02,5.381217e+02,1.067863e+02,-2.969085e+02,-263.597,-297.036
31.91100,6.084949e+02,3.846165e+02,1.182427e+02,-4.323094e+02,-216.92,-433.531
31.91200,6.203549e+02,2.198524e+02,1.298671e+02,-5.767829e+02,-169.582,-579.104
31.91300,6.335747e+02,7.249600e+01,1.425928e+02,-7.044787e+02,-122.603,-707.903
31.91400,6.473367e+02,-8.100700e+01,1.558213e+02,-8.365253e+02,-75.6638,-841.046
31.91500,6.613053e+02,-2.356869e+02,1.691755e+02,-9.690000e+02,-27.7855,-974.604
31.91600,6.757520e+02,-3.885201e+02,1.825780e+02,-1.098098e+03,18.8817,-1104.77
31.91700,6.900487e+02,-5.390342e+02,1.962132e+02,-1.224469e+03,65.1645,-1232.18
31.91800,7.038940e+02,-6.847873e+02,2.091792e+02,-1.345729e+03,112.22,-1354.46
31.91900,7.176567e+02,-8.335860e+02,2.223159e+02,-1.468770e+03,160.782,-1478.5
31.92000,7.326653e+02,-1.000711e+03,2.364948e+02,-1.608002e+03,209.993,-1618.68
31.92100,7.455740e+02,-1.137725e+03,2.487542e+02,-1.718176e+03,254.917,-1729.75
31.92200,7.590400e+02,-1.279938e+03,2.615123e+02,-1.832264e+03,301.019,-1844.69
31.92300,7.676793e+02,-1.404007e+03,2.695398e+02,-1.929723e+03,347.43,-1942.97
31.92400,7.777780e+02,-1.533083e+03,2.788399e+02,-2.030322e+03,393.08,-2044.34
31.92500,7.851433e+02,-1.656889e+03,2.858281e+02,-2.125316e+03,438.799,-2140.05
31.92600,7.947120e+02,-1.789447e+03,2.949107e+02,-2.227842e+03,485.838,-2243.24
31.92700,8.006680e+02,-1.895532e+03,3.003227e+02,-2.305181e+03,532.868,-2321.2
31.92800,8.060300e+02,-2.006182e+03,3.052395e+02,-2.385927e+03,577.656,-2402.5
31.92900,8.110233e+02,-2.115336e+03,3.096957e+02,-2.465187e+03,622.141,-2482.27
31.93000,8.148500e+02,-2.215427e+03,3.133729e+02,-2.535263e+03,666.095,-2552.81
31.93100,8.168167e+02,-2.314453e+03,3.150176e+02,-2.603639e+03,711.484,-2621.6
31.93200,8.188407e+02,-2.401837e+03,3.171815e+02,-2.661491e+03,754.054,-2679.81
31.93300,8.191567e+02,-2.493359e+03,3.171930e+02,-2.721463e+03,796.354,-2740.11
31.93400,8.175813e+02,-2.576394e+03,3.153487e+02,-2.773686e+03,839.285,-2792.61
31.93500,8.157273e+02,-2.645628e+03,3.129175e+02,-2.813212e+03,877.974,-2832.39
31.93600,8.116020e+02,-2.723999e+03,3.094469e+02,-2.860403e+03,920.201,-2879.79
31.93700,8.077533e+02,-2.792012e+03,3.049663e+02,-2.897853e+03,959.008,-2917.42
31.93800,8.013393e+02,-2.849332e+03,2.989340e+02,-2.924833e+03,995.794,-2944.56
31.93900,7.964240e+02,-2.910827e+03,2.938212e+02,-2.955862e+03,1034.29,-2975.72
31.94000,7.888640e+02,-2.964805e+03,2.861514e+02,-2.979304e+03,1069.29,-2999.28
31.94100,7.824733e+02,-3.022181e+03,2.796445e+02,-3.004967e+03,1103.24,-3025.04
31.94200,7.749280e+02,-3.067722e+03,2.715307e+02,-3.020528e+03,1134.38,-3040.7
31.94300,7.669607e+02,-3.110354e+03,2.634868e+02,-3.032573e+03,1163.91,-3052.83
31.94400,7.588440e+02,-3.163981e+03,2.554467e+02,-3.055487e+03,1195.56,-3075.82
31.94500,7.487887e+02,-3.198342e+03,2.456896e+02,-3.059689e+03,1222.29,-3080.09
31.94600,7.397167e+02,-3.232702e+03,2.369350e+02,-3.064155e+03,1248.16,-3084.62
31.94700,7.294827e+02,-3.270617e+03,2.263203e+02,-3.071289e+03,1272.31,-3091.82
31.94800,7.207520e+02,-3.304104e+03,2.168719e+02,-3.075089e+03,1296.1,-3095.68
31.94900,7.122780e+02,-3.334887e+03,2.084575e+02,-3.076879e+03,1316.6,-3097.53
31.95000,7.022660e+02,-3.363605e+03,1.979402e+02,-3.075773e+03,1337.73,-3096.48
31.95100,6.938753e+02,-3.390751e+03,1.892743e+02,-3.074211e+03,1354.72,-3094.97
31.95200,6.836933e+02,-3.407469e+03,1.797105e+02,-3.063099e+03,1370.56,-3083.9
31.95300,6.728073e+02,-3.427998e+03,1.684607e+02,-3.054403e+03,1384.68,-3075.25
31.95400,6.641011e+02,-3.447795e+03,1.592285e+02,-3.046612e+03,1398.81,-3067.5
31.95500,6.551882e+02,-3.458084e+03,1.505388e+02,-3.030233e+03,1407.23,-3051.16
31.95600,6.457255e+02,-3.469640e+03,1.408859e+02,-3.014351e+03,1416.25,-3035.32
31.95700,6.372905e+02,-3.471698e+03,1.324595e+02,-2.990548e+03,1422.21,-3011.55
31.95800,6.292011e+02,-3.486431e+03,1.242279e+02,-2.979649e+03,1431.23,-3000.67
31.95900,6.189641e+02,-3.487798e+03,1.142860e+02,-2.955056e+03,1432.11,-2976.09
31.96000,6.115495e+02,-3.482109e+03,1.063892e+02,-2.925081e+03,1433.26,-2946.13
31.96100,6.016761e+02,-3.482542e+03,9.699153e+01,-2.900397e+03,1434.67,-2921.45
31.96200,5.939124e+02,-3.477583e+03,8.942347e+01,-2.871391e+03,1434.12,-2892.44
31.96300,5.856121e+02,-3.460525e+03,8.098113e+01,-2.831639e+03,1424.62,-2852.67
31.96400,5.787153e+02,-3.445799e+03,7.417960e+01,-2.794708e+03,1418.25,-2815.69
31.96500,5.720565e+02,-3.433304e+03,6.758540e+01,-2.760471e+03,1411.68,-2781.4
31.96600,5.642881e+02,-3.419437e+03,6.055995e+01,-2.723931e+03,1401.88,-2744.79
31.96700,5.577397e+02,-3.388462e+03,5.424311e+01,-2.673830e+03,1387.98,-2694.6
31.96800,5.522141e+02,-3.367101e+03,4.894485e+01,-2.632753e+03,1375.78,-2653.42
31.96900,5.459858e+02,-3.337222e+03,4.314820e+01,-2.584091e+03,1361.1,-2604.64
31.97000,5.415834e+02,-3.299203e+03,3.904483e+01,-2.528851e+03,1342.18,-2549.26
31.97100,5.352692e+02,-3.263757e+03,3.347519e+01,-2.474533e+03,1319.24,-2494.78
31.97200,5.306755e+02,-3.233181e+03,2.943924e+01,-2.427881e+03,1304.27,-2447.94
31.97300,5.259794e+02,-3.191171e+03,2.519873e+01,-2.370265e+03,1282.06,-2390.11
31.97400,5.217153e+02,-3.152433e+03,2.179297e+01,-2.316346e+03,1260.46,-2335.96
31.97500,5.186051e+02,-3.100725e+03,1.875359e+01,-2.251427e+03,1235.23,-2270.77
31.97600,5.159856e+02,-3.052469e+03,1.653802e+01,-2.190195e+03,1208.81,-2209.23
31.97700,5.120080e+02,-2.997595e+03,1.366759e+01,-2.123504e+03,1181.81,-2142.21
31.97800,5.085888e+02,-2.939441e+03,1.081329e+01,-2.054479e+03,1153.92,-2072.82
31.97900,5.075359e+02,-2.882647e+03,1.021998e+01,-1.987465e+03,1122.97,-2005.4
31.98000,5.063486e+02,-2.818015e+03,1.003975e+01,-1.913776e+03,1091.18,-1931.27
31.98100,5.048921e+02,-2.749968e+03,8.978760e+00,-1.837987e+03,1060.15,-1855.01
31.98200,5.033862e+02,-2.669998e+03,8.452333e+00,-1.751651e+03,1023.41,-1768.16
31.98300,5.027595e+02,-2.591569e+03,8.377547e+00,-1.667904e+03,989.374,-1683.87
31.98400,5.020893e+02,-2.501839e+03,8.422993e+00,-1.573937e+03,951.358,-1589.3
31.98500,5.018845e+02,-2.413748e+03,8.906280e+00,-1.482197e+03,914.217,-1496.93
31.98600,5.023149e+02,-2.322409e+03,1.015064e+01,-1.390109e+03,878.949,-1404.16
31.98700,5.028474e+02,-2.220129e+03,1.140647e+01,-1.287160e+03,838.911,-1300.49
31.98800,5.042744e+02,-2.112379e+03,1.357628e+01,-1.180625e+03,797.799,-1193.19
31.98900,5.062575e+02,-1.999745e+03,1.610943e+01,-1.070225e+03,756.703,-1081.99
31.99000,5.094408e+02,-1.885245e+03,1.970540e+01,-9.594833e+02,715.129,-970.4
31.99100,5.130244e+02,-1.767481e+03,2.376417e+01,-8.463800e+02,673.39,-856.414
31.99200,5.174683e+02,-1.640471e+03,2.873072e+01,-7.260313e+02,629.024,-735.148
31.99300,5.221955e+02,-1.513517e+03,3.401244e+01,-6.063477e+02,586.537,-614.512
31.99400,5.279317e+02,-1.378973e+03,4.020699e+01,-4.806627e+02,541.153,-487.844
31.99500,5.344544e+02,-1.238529e+03,4.698997e+01,-3.508879e+02,495.207,-357.056
31.99600,5.418915e+02,-1.098283e+03,5.458178e+01,-2.222927e+02,450.37,-227.419
31.99700,5.499908e+02,-9.510927e+02,6.276003e+01,-8.772200e+01,404.13,-91.7829
31.99800,5.589757e+02,-8.040420e+02,7.174313e+01,4.519491e+01,358.266,42.2184
31.99900,5.682221e+02,-6.486450e+02,8.111687e+01,1.849609e+02,311.519,183.085
32.00000,5.784381e+02,-4.901373e+02,9.119540e+01,3.264449e+02,264.04,325.685
32.00100,5.897655e+02,-3.369329e+02,1.023357e+02,4.616975e+02,217.638,462.063
32.00200,6.012853e+02,-1.782989e+02,1.138633e+02,6.019385e+02,170.684,603.435
32.00300,6.139755e+02,-1.985359e+01,1.262675e+02,7.398047e+02,123.851,742.432
32.00400,6.272171e+02,1.387898e+02,1.393316e+02,8.777407e+02,76.2057,881.497
32.00500,6.414400e+02,3.023075e+02,1.527556e+02,1.018216e+03,28.26,1023.09
32.00600,6.557301e+02,4.617815e+02,1.667384e+02,1.154593e+03,-19.123,1160.58
32.00700,6.709287e+02,6.280251e+02,1.812082e+02,1.295891e+03,-67.9654,1302.97
32.00800,6.860513e+02,7.924133e+02,1.957856e+02,1.434217e+03,-115.98,1442.35
32.00900,7.013733e+02,9.502167e+02,2.107917e+02,1.566667e+03,-164.059,1575.83
32.01000,7.170753e+02,1.107410e+03,2.258793e+02,1.696709e+03,-211.187,1706.87
32.01100,7.289433e+02,1.245843e+03,2.369909e+02,1.808789e+03,-257.604,1819.92
32.01200,7.389707e+02,1.380995e+03,2.467913e+02,1.917374e+03,-304.601,1929.44
32.01300,7.543293e+02,1.538133e+03,2.610987e+02,2.044912e+03,-352.36,2057.86
32.01400,7.666693e+02,1.675521e+03,2.730947e+02,2.153321e+03,-396.793,2167.11
32.01500,7.783593e+02,1.815785e+03,2.844245e+02,2.263464e+03,-443.718,2278.05
32.01600,7.896680e+02,1.952234e+03,2.951683e+02,2.370299e+03,-491.537,2385.62
32.01700,7.997067e+02,2.078851e+03,3.045831e+02,2.466477e+03,-535.738,2482.48
32.01800,8.094240e+02,2.204231e+03,3.136608e+02,2.561017e+03,-579.969,2577.65
32.01900,8.169847e+02,2.318489e+03,3.207991e+02,2.644502e+03,-624.806,2661.72
32.02000,8.231240e+02,2.432258e+03,3.266902e+02,2.726991e+03,-670.351,2744.73
32.02100,8.293020e+02,2.539711e+03,3.323775e+02,2.802965e+03,-714.19,2821.17
32.02200,8.342253e+02,2.645148e+03,3.370245e+02,2.876765e+03,-756.766,2895.38
32.02300,8.386140e+02,2.748858e+03,3.409707e+02,2.948583e+03,-801.094,2967.56
32.02400,8.380347e+02,2.826315e+03,3.400155e+02,2.995043e+03,-841.448,3014.33
32.02500,8.386020e+02,2.909171e+03,3.407961e+02,3.047033e+03,-881.946,3066.58
32.02600,8.381033e+02,2.992307e+03,3.397596e+02,3.098490e+03,-923.381,3118.25
32.02700,8.359060e+02,3.062419e+03,3.376431e+02,3.136937e+03,-961.505,3156.87
32.02800,8.318293e+02,3.124760e+03,3.331985e+02,3.168513e+03,-999.311,3188.58
32.02900,8.272193e+02,3.191481e+03,3.286281e+02,3.203890e+03,-1037.59,3224.05
32.03000,8.215820e+02,3.248655e+03,3.229655e+02,3.230609e+03,-1073.97,3250.84
32.03100,8.154927e+02,3.304271e+03,3.161926e+02,3.254615e+03,-1108.28,3274.88
32.03200,8.067820e+02,3.351227e+03,3.077623e+02,3.270914e+03,-1140.01,3291.2
32.03300,7.980473e+02,3.391925e+03,2.984590e+02,3.281473e+03,-1171.18,3301.76
32.03400,7.888360e+02,3.425905e+03,2.896449e+02,3.285807e+03,-1200.69,3306.08
32.03500,7.793067e+02,3.456169e+03,2.803606e+02,3.285275e+03,-1225.72,3305.52
32.03600,7.681427e+02,3.489689e+03,2.687649e+02,3.289391e+03,-1254.56,3309.6
32.03700,7.564600e+02,3.514488e+03,2.571603e+02,3.283893e+03,-1277.47,3304.05
32.03800,7.463467e+02,3.549767e+03,2.469126e+02,3.289450e+03,-1303.87,3309.55
32.03900,7.349300e+02,3.575100e+03,2.351645e+02,3.286358e+03,-1327.83,3306.4
32.04000,7.227780e+02,3.592465e+03,2.226389e+02,3.275350e+03,-1349.01,3295.33
32.04100,7.100353e+02,3.605759e+03,2.100577e+02,3.259589e+03,-1366.53,3279.52
32.04200,6.985687e+02,3.615803e+03,1.983757e+02,3.242451e+03,-1382.16,3262.32
32.04300,6.871193e+02,3.626115e+03,1.867049e+02,3.225097e+03,-1397.39,3244.9
32.04400,6.758667e+02,3.633919e+03,1.755521e+02,3.206889e+03,-1411.98,3226.63
32.04500,6.624639e+02,3.634753e+03,1.619439e+02,3.180081e+03,-1420.29,3199.76
32.04600,6.508981e+02,3.641983e+03,1.506553e+02,3.161161e+03,-1432.98,3180.78
32.04700,6.388733e+02,3.639993e+03,1.383075e+02,3.133505e+03,-1440.67,3153.07
32.04800,6.264574e+02,3.641587e+03,1.260021e+02,3.109051e+03,-1451.26,3128.56
32.04900,6.147942e+02,3.630747e+03,1.142585e+02,3.073653e+03,-1452.43,3093.1
32.05000,6.035174e+02,3.613606e+03,1.034075e+02,3.033765e+03,-1451.87,3053.16
32.05100,5.922005e+02,3.601965e+03,9.216853e+01,2.999236e+03,-1453.84,3018.58
32.05200,5.814828e+02,3.591161e+03,8.148453e+01,2.965678e+03,-1456.17,2984.96
32.05300,5.697123e+02,3.573893e+03,6.992727e+01,2.924908e+03,-1452.48,2944.13
32.05400,5.578413e+02,3.543653e+03,5.822812e+01,2.872603e+03,-1443.66,2891.75
32.05500,5.509477e+02,3.519288e+03,5.141145e+01,2.828202e+03,-1435.81,2847.27
32.05600,5.414532e+02,3.494925e+03,4.243225e+01,2.782672e+03,-1427.46,2801.65
32.05700,5.325477e+02,3.470015e+03,3.365751e+01,2.738083e+03,-1420.21,2756.96
32.05800,5.259881e+02,3.437497e+03,2.710418e+01,2.686539e+03,-1406.73,2705.31
32.05900,5.185206e+02,3.403890e+03,2.037741e+01,2.634565e+03,-1391.19,2653.23
32.06000,5.107686e+02,3.366952e+03,1.303653e+01,2.579671e+03,-1375.43,2598.22
32.06100,5.036417e+02,3.331172e+03,6.521213e+00,2.526401e+03,-1359.8,2544.82
32.06200,4.990255e+02,3.289066e+03,2.082387e+00,2.468739e+03,-1340.38,2487.02
32.06300,4.938272e+02,3.244887e+03,-2.631385e+00,2.409520e+03,-1320.33,2427.64
32.06400,4.885311e+02,3.199863e+03,-7.351173e+00,2.349680e+03,-1300.57,2367.62
32.06500,4.840620e+02,3.150340e+03,-1.136013e+01,2.286925e+03,-1277.29,2304.67
32.06600,4.814082e+02,3.102787e+03,-1.363973e+01,2.225938e+03,-1253.16,2243.47
32.06700,4.776429e+02,3.049008e+03,-1.672532e+01,2.159985e+03,-1228.53,2177.27
32.06800,4.758031e+02,2.994732e+03,-1.841852e+01,2.094085e+03,-1202.08,2111.1
32.06900,4.745201e+02,2.929766e+03,-1.929375e+01,2.019561e+03,-1171,2036.28
32.07000,4.724392e+02,2.870468e+03,-2.076114e+01,1.951195e+03,-1145.9,1967.59
32.07100,4.760488e+02,2.823199e+03,-1.702671e+01,1.893705e+03,-1112.23,1909.74
32.07200,4.760886e+02,2.746765e+03,-1.652231e+01,1.811214e+03,-1080.21,1826.86
32.07300,4.763775e+02,2.681105e+03,-1.576911e+01,1.738126e+03,-1049.03,1753.36
32.07400,4.779445e+02,2.604650e+03,-1.362769e+01,1.657233e+03,-1014.56,1672.01
32.07500,4.789683e+02,2.521983e+03,-1.195521e+01,1.569781e+03,-977.588,1584.06
32.07600,4.815236e+02,2.445081e+03,-8.910207e+00,1.489781e+03,-944.341,1503.51
32.07700,4.849963e+02,2.353957e+03,-5.248748e+00,1.397197e+03,-904.818,1410.35
32.07800,4.883537e+02,2.263113e+03,-1.456530e+00,1.305525e+03,-866.416,1318.05
32.07900,4.926317e+02,2.164888e+03,3.036653e+00,1.208395e+03,-827.957,1220.24
32.08000,4.968328e+02,2.063604e+03,7.699980e+00,1.108845e+03,-787.811,1119.97
32.08100,5.016379e+02,1.951757e+03,1.278343e+01,1.000304e+03,-746.144,1010.67
32.08200,5.077271e+02,1.840127e+03,1.884967e+01,8.929920e+02,-701.935,902.555
32.08300,5.142007e+02,1.730037e+03,2.555593e+01,7.886180e+02,-661.865,797.334
32.08400,5.213363e+02,1.607458e+03,3.266282e+01,6.728187e+02,-616.711,680.649
32.08500,5.291514e+02,1.486412e+03,4.050694e+01,5.601648e+02,-574.492,567.073
32.08600,5.371814e+02,1.358504e+03,4.871553e+01,4.415275e+02,-530.287,447.48
32.08700,5.460611e+02,1.225061e+03,5.749645e+01,3.193867e+02,-484.773,324.351
32.08800,5.554074e+02,1.089005e+03,6.676553e+01,1.954937e+02,-439.869,199.441
32.08900,5.653772e+02,9.486380e+02,7.657727e+01,6.835240e+01,-393.159,71.257
32.09000,5.760266e+02,8.029747e+02,8.684133e+01,-6.227327e+01,-347.714,-60.4298
32.09100,5.870669e+02,6.589567e+02,9.766793e+01,-1.900622e+02,-301.89,-189.295
32.09200,5.987591e+02,5.113696e+02,1.089111e+02,-3.204354e+02,-255.195,-320.755
32.09300,6.104428e+02,3.539704e+02,1.203269e+02,-4.594247e+02,-208.072,-460.839
32.09400,6.227775e+02,1.935426e+02,1.320863e+02,-5.996351e+02,-160.704,-602.151
32.09500,6.360685e+02,4.503511e+01,1.449777e+02,-7.283247e+02,-114.646,-731.942
32.09600,6.499735e+02,-1.079918e+02,1.582567e+02,-8.595187e+02,-67.5989,-864.23
32.09700,6.639210e+02,-2.647833e+02,1.716685e+02,-9.939467e+02,-18.708,-999.739
32.09800,6.783980e+02,-4.150954e+02,1.850845e+02,-1.120419e+03,27.2226,-1127.28
32.09900,6.925693e+02,-5.671369e+02,1.986935e+02,-1.248005e+03,73.3889,-1255.9
32.10000,7.062653e+02,-7.122793e+02,2.116033e+02,-1.368606e+03,120.881,-1377.52
32.10100,7.198507e+02,-8.630000e+02,2.244747e+02,-1.493080e+03,169.963,-1502.98
32.10200,7.350313e+02,-1.025839e+03,2.388254e+02,-1.628691e+03,218.537,-1639.52
32.10300,7.478973e+02,-1.163313e+03,2.509918e+02,-1.738729e+03,263.247,-1750.45
32.10400,7.616007e+02,-1.307849e+03,2.639142e+02,-1.855037e+03,310.287,-1867.61
32.10500,7.698020e+02,-1.429285e+03,2.715167e+02,-1.949907e+03,356.214,-1963.29
32.10600,7.797280e+02,-1.557501e+03,2.805350e+02,-2.049759e+03,402.046,-2063.9
32.10700,7.868267e+02,-1.678844e+03,2.873697e+02,-2.141955e+03,446.519,-2156.81
32.10800,7.955993e+02,-1.803232e+03,2.957007e+02,-2.236907e+03,493.969,-2252.42
32.10900,8.012907e+02,-1.912459e+03,3.009892e+02,-2.316860e+03,539.382,-2332.98
32.11000,8.070147e+02,-2.029385e+03,3.061497e+02,-2.403451e+03,586.608,-2420.12
32.11100,8.118973e+02,-2.135617e+03,3.104969e+02,-2.480053e+03,630.824,-2497.22
32.11200,8.152207e+02,-2.233546e+03,3.136986e+02,-2.547735e+03,674.085,-2565.35
32.11300,8.174933e+02,-2.332040e+03,3.154875e+02,-2.615704e+03,719.606,-2633.73
32.11400,8.189267e+02,-2.420641e+03,3.171057e+02,-2.674441e+03,763.164,-2692.82
32.11500,8.189187e+02,-2.508295e+03,3.168365e+02,-2.730813e+03,803.996,-2749.51
32.11600,8.177647e+02,-2.590089e+03,3.153357e+02,-2.781932e+03,846.771,-2800.9
32.11700,8.150787e+02,-2.656765e+03,3.122192e+02,-2.818924e+03,884.91,-2838.14
32.11800,8.110333e+02,-2.735325e+03,3.086911e+02,-2.866265e+03,927.209,-2885.68
32.11900,8.063773e+02,-2.797847e+03,3.038639e+02,-2.898356e+03,964.937,-2917.95
32.12000,8.004900e+02,-2.858519e+03,2.979864e+02,-2.928407e+03,1001.89,-2948.15
32.12100,7.949927e+02,-2.920984e+03,2.923481e+02,-2.960638e+03,1041.52,-2980.52
32.12200,7.876747e+02,-2.976893e+03,2.848748e+02,-2.985137e+03,1075.54,-3005.13
32.12300,7.812040e+02,-3.030700e+03,2.784013e+02,-3.008065e+03,1108.9,-3028.16
32.12400,7.734760e+02,-3.074719e+03,2.700382e+02,-3.021613e+03,1139.31,-3041.8
32.12500,7.656080e+02,-3.120393e+03,2.621824e+02,-3.036923e+03,1169.62,-3057.19
32.12600,7.570300e+02,-3.168009e+03,2.541600e+02,-3.054226e+03,1200.18,-3074.57
32.12700,7.472613e+02,-3.208189e+03,2.438825e+02,-3.064161e+03,1228.39,-3084.57
32.12800,7.377447e+02,-3.243081e+03,2.346915e+02,-3.068329e+03,1253.16,-3088.81
32.12900,7.283960e+02,-3.277735e+03,2.249687e+02,-3.072978e+03,1277.44,-3093.52
32.13000,7.188320e+02,-3.316706e+03,2.150747e+02,-3.082090e+03,1302.76,-3102.69
32.13100,7.103680e+02,-3.337723e+03,2.065419e+02,-3.074465e+03,1319.66,-3095.13
32.13200,7.002533e+02,-3.359237e+03,1.965425e+02,-3.067099e+03,1337.93,-3087.82
32.13300,6.925760e+02,-3.394115e+03,1.883859e+02,-3.072343e+03,1357.57,-3093.11
32.13400,6.813793e+02,-3.411349e+03,1.774469e+02,-3.061201e+03,1372.64,-3082.01
32.13500,6.712307e+02,-3.430164e+03,1.668033e+02,-3.051771e+03,1387.1,-3072.63
32.13600,6.627237e+02,-3.454188e+03,1.575107e+02,-3.047785e+03,1402.39,-3068.68
32.13700,6.543003e+02,-3.460199e+03,1.495361e+02,-3.027893e+03,1408.88,-3048.83
32.13800,6.449391e+02,-3.478645e+03,1.399568e+02,-3.017864e+03,1419.89,-3038.84
32.13900,6.359047e+02,-3.478515e+03,1.311745e+02,-2.991995e+03,1424.83,-3013
32.14000,6.276942e+02,-3.486430e+03,1.228315e+02,-2.974513e+03,1430.5,-2995.53
32.14100,6.175637e+02,-3.488724e+03,1.129593e+02,-2.951337e+03,1433.11,-2972.38
32.14200,6.088733e+02,-3.483441e+03,1.037793e+02,-2.921115e+03,1433.45,-2942.16
32.14300,6.004271e+02,-3.482275e+03,9.563373e+01,-2.895943e+03,1435.23,-2917
32.14400,5.919223e+02,-3.475742e+03,8.748913e+01,-2.865195e+03,1434,-2886.24
32.14500,5.846314e+02,-3.456126e+03,7.989060e+01,-2.823474e+03,1422.62,-2844.49
32.14600,5.768297e+02,-3.441519e+03,7.239733e+01,-2.786147e+03,1416.24,-2807.12
32.14700,5.702587e+02,-3.433207e+03,6.583474e+01,-2.755603e+03,1410.21,-2776.52
32.14800,5.638854e+02,-3.421499e+03,6.015135e+01,-2.721917e+03,1401,-2742.75
32.14900,5.563149e+02,-3.386619e+03,5.274255e+01,-2.668497e+03,1386.72,-2689.25
32.15000,5.509745e+02,-3.362677e+03,4.777821e+01,-2.624822e+03,1373.7,-2645.47
32.15100,5.453700e+02,-3.332310e+03,4.248319e+01,-2.575599e+03,1357.83,-2596.12
32.15200,5.417584e+02,-3.298499e+03,3.896207e+01,-2.524961e+03,1339.96,-2545.34
32.15300,5.344214e+02,-3.257679e+03,3.262230e+01,-2.465284e+03,1315.91,-2485.49
32.15400,5.298534e+02,-3.226373e+03,2.869347e+01,-2.417939e+03,1300.41,-2437.96
32.15500,5.253555e+02,-3.183797e+03,2.457977e+01,-2.360023e+03,1278.12,-2379.83
32.15600,5.216214e+02,-3.141475e+03,2.155460e+01,-2.303275e+03,1255.08,-2322.84
32.15700,5.187978e+02,-3.097547e+03,1.893047e+01,-2.245893e+03,1231.34,-2265.18
32.15800,5.152533e+02,-3.042597e+03,1.608748e+01,-2.178397e+03,1204.39,-2197.38
32.15900,5.106399e+02,-2.989392e+03,1.246279e+01,-2.112710e+03,1177.6,-2131.35
32.16000,5.078838e+02,-2.929585e+03,1.025428e+01,-2.042609e+03,1149.64,-2060.87
32.16100,5.083934e+02,-2.879359e+03,1.106152e+01,-1.981673e+03,1117.77,-1999.52
32.16200,5.060618e+02,-2.804839e+03,9.853100e+00,-1.899115e+03,1084.98,-1916.53
32.16300,5.043188e+02,-2.734319e+03,8.613487e+00,-1.820995e+03,1053.31,-1837.93
32.16400,5.032503e+02,-2.655139e+03,8.443673e+00,-1.735795e+03,1016.69,-1752.21
32.16500,5.023315e+02,-2.576481e+03,8.177573e+00,-1.651827e+03,983.375,-1667.68
32.16600,5.022691e+02,-2.486697e+03,8.660047e+00,-1.558366e+03,945.434,-1573.62
32.16700,5.016555e+02,-2.398235e+03,9.054167e+00,-1.466624e+03,908.562,-1481.23
32.16800,5.025807e+02,-2.304886e+03,1.046669e+01,-1.372561e+03,872.197,-1386.48
32.16900,5.030717e+02,-2.200381e+03,1.174789e+01,-1.267619e+03,831.321,-1280.81
32.17000,5.046632e+02,-2.092451e+03,1.400621e+01,-1.160964e+03,790.27,-1173.39
32.17100,5.068624e+02,-1.980044e+03,1.672295e+01,-1.051350e+03,750.012,-1062.96
32.17200,5.100870e+02,-1.863779e+03,2.035829e+01,-9.388567e+02,707.569,-949.617
32.17300,5.138559e+02,-1.744441e+03,2.463701e+01,-8.245980e+02,664.859,-834.47
32.17400,5.184784e+02,-1.618801e+03,2.976403e+01,-7.056587e+02,621.713,-714.607
32.17500,5.230593e+02,-1.488817e+03,3.503409e+01,-5.831244e+02,578.096,-591.116
32.17600,5.291083e+02,-1.353826e+03,4.140947e+01,-4.572875e+02,532.593,-464.291
32.17700,5.357740e+02,-1.211963e+03,4.833695e+01,-3.264257e+02,486.773,-332.411
32.17800,5.433765e+02,-1.071589e+03,5.604454e+01,-1.976659e+02,441.538,-202.605
32.17900,5.514891e+02,-9.244507e+02,6.429149e+01,-6.353457e+01,396.038,-67.4042
32.18000,5.607453e+02,-7.777867e+02,7.348727e+01,6.879627e+01,349.982,66.0138
32.18100,5.701306e+02,-6.224423e+02,8.294453e+01,2.083363e+02,303.514,206.657
32.18200,5.803296e+02,-4.615291e+02,9.309733e+01,3.517369e+02,255.286,351.175
32.18300,5.919617e+02,-3.103727e+02,1.044390e+02,4.851210e+02,209.765,485.686
32.18400,6.034473e+02,-1.506445e+02,1.160257e+02,6.259777e+02,162.387,627.674
32.18500,6.163895e+02,8.824040e+00,1.286140e+02,7.647480e+02,115.281,767.576
32.18600,6.295899e+02,1.702106e+02,1.416746e+02,9.044387e+02,67.5824,908.393
32.18700,6.439673e+02,3.306231e+02,1.552951e+02,1.042380e+03,19.8567,1047.45
32.18800,6.584427e+02,4.893270e+02,1.693443e+02,1.177795e+03,-27.2428,1183.97
32.18900,6.736347e+02,6.579603e+02,1.836710e+02,1.321179e+03,-76.7435,1328.44
32.19000,6.884073e+02,8.208947e+02,1.983639e+02,1.458533e+03,-125.083,1466.85
32.19100,7.040740e+02,9.770120e+02,2.134064e+02,1.588693e+03,-172.126,1598.03
32.19200,7.186780e+02,1.129473e+03,2.274669e+02,1.714271e+03,-219.429,1724.6
32.19300,7.312540e+02,1.272848e+03,2.393859e+02,1.830713e+03,-265.982,1842.01
32.19400,7.413787e+02,1.409847e+03,2.492458e+02,1.940955e+03,-313.582,1953.18
32.19500,7.568400e+02,1.566147e+03,2.635016e+02,2.067577e+03,-361.228,2080.68
32.19600,7.690187e+02,1.702546e+03,2.752257e+02,2.174821e+03,-405.655,2188.75
32.19700,7.803940e+02,1.840305e+03,2.863797e+02,2.282523e+03,-452.152,2297.24
32.19800,7.916493e+02,1.976189e+03,2.970271e+02,2.388801e+03,-500.232,2404.24
32.19900,8.013487e+02,2.101303e+03,3.061309e+02,2.483336e+03,-543.826,2499.45
32.20000,8.107667e+02,2.227634e+03,3.149134e+02,2.578855e+03,-588.716,2595.59
32.20100,8.182593e+02,2.336599e+03,3.218815e+02,2.656921e+03,-631.76,2674.23
32.20200,8.246107e+02,2.453608e+03,3.280963e+02,2.742749e+03,-678.962,2760.57
32.20300,8.296200e+02,2.558041e+03,3.327744e+02,2.815618e+03,-722.138,2833.89
32.20400,8.348727e+02,2.663145e+03,3.375488e+02,2.888686e+03,-764.013,2907.37
32.20500,8.387060e+02,2.761211e+03,3.409391e+02,2.955383e+03,-808.423,2974.41
32.20600,8.380340e+02,2.837875e+03,3.398876e+02,3.000965e+03,-847.797,3020.3
32.20700,8.388087e+02,2.924357e+03,3.409441e+02,3.056508e+03,-889.092,3076.09
32.20800,8.374593e+02,3.000634e+03,3.394033e+02,3.101262e+03,-929.127,3121.05
32.20900,8.354067e+02,3.074395e+03,3.368392e+02,3.142791e+03,-968.292,3162.74
32.21000,8.308293e+02,3.135463e+03,3.320593e+02,3.173104e+03,-1005.64,3193.18
32.21100,8.267093e+02,3.202493e+03,3.279570e+02,3.209549e+03,-1044.35,3229.72
32.21200,8.203320e+02,3.256224e+03,3.214967e+02,3.232846e+03,-1080.36,3253.08
32.21300,8.132880e+02,3.314947e+03,3.141164e+02,3.259739e+03,-1115.16,3280.01
32.21400,8.058153e+02,3.359320e+03,3.066255e+02,3.273217e+03,-1145.69,3293.5
32.21500,7.963773e+02,3.396748e+03,2.972247e+02,3.281127e+03,-1176.6,3301.41
32.21600,7.874040e+02,3.434445e+03,2.880199e+02,3.289211e+03,-1207.16,3309.48
32.21700,7.775487e+02,3.464029e+03,2.783414e+02,3.287819e+03,-1231.37,3308.05
32.21800,7.660680e+02,3.494062e+03,2.667962e+02,3.288617e+03,-1259.31,3308.81
32.21900,7.550820e+02,3.524206e+03,2.553748e+02,3.288069e+03,-1283.18,3308.21
32.22000,7.435067e+02,3.552335e+03,2.442172e+02,3.287037e+03,-1307.9,3307.13
32.22100,7.327153e+02,3.572999e+03,2.332592e+02,3.279634e+03,-1331.17,3299.66
32.22200,7.212533e+02,3.592389e+03,2.212674e+02,3.270501e+03,-1351.99,3290.47
32.22300,7.082020e+02,3.607679e+03,2.081775e+02,3.256821e+03,-1368.89,3276.74
32.22400,6.964533e+02,3.621293e+03,1.962941e+02,3.242741e+03,-1386.21,3262.6
32.22500,6.851873e+02,3.627383e+03,1.846495e+02,3.221472e+03,-1399.97,3241.26
32.22600,6.732027e+02,3.637325e+03,1.728168e+02,3.204965e+03,-1415.38,3224.69
32.22700,6.606063e+02,3.638795e+03,1.600389e+02,3.178963e+03,-1423.13,3198.63
32.22800,6.487797e+02,3.641312e+03,1.486492e+02,3.156063e+03,-1435.36,3175.67
32.22900,6.365311e+02,3.640771e+03,1.358427e+02,3.129709e+03,-1442.47,3149.26
32.23000,6.244096e+02,3.637537e+03,1.240781e+02,3.100731e+03,-1449.81,3120.22
32.23100,6.131405e+02,3.625335e+03,1.128506e+02,3.064111e+03,-1449.63,3083.54
32.23200,6.015059e+02,3.611674e+03,1.013909e+02,3.027559e+03,-1453.07,3046.94
32.23300,5.904548e+02,3.601075e+03,9.043247e+01,2.994133e+03,-1454.63,3013.46
32.23400,5.794853e+02,3.589508e+03,7.956440e+01,2.959767e+03,-1456.38,2979.04
32.23500,5.673862e+02,3.564770e+03,6.768913e+01,2.912175e+03,-1450.03,2931.38
32.23600,5.574003e+02,3.540478e+03,5.768685e+01,2.865697e+03,-1441.8,2884.83
32.23700,5.486801e+02,3.515338e+03,4.931199e+01,2.819940e+03,-1434.31,2838.99
32.23800,5.396391e+02,3.491431e+03,4.063394e+01,2.775461e+03,-1426.7,2794.42
32.23900,5.314607e+02,3.463552e+03,3.258103e+01,2.728064e+03,-1417.47,2746.92
32.24000,5.256959e+02,3.433265e+03,2.680679e+01,2.679747e+03,-1405.05,2698.5
32.24100,5.169557e+02,3.398697e+03,1.879788e+01,2.625808e+03,-1388.93,2644.45
32.24200,5.093555e+02,3.363237e+03,1.175769e+01,2.572403e+03,-1373.62,2590.93
32.24300,5.035773e+02,3.321841e+03,6.344605e+00,2.514333e+03,-1354.65,2532.73
32.24400,4.981333e+02,3.283353e+03,1.270739e+00,2.459951e+03,-1337.42,2478.2
32.24500,4.930657e+02,3.238075e+03,-3.430358e+00,2.399995e+03,-1317.24,2418.08
32.24600,4.881027e+02,3.188666e+03,-7.702393e+00,2.336099e+03,-1294.68,2354.01
32.24700,4.827683e+02,3.140798e+03,-1.251848e+01,2.274833e+03,-1273.33,2292.54
32.24800,4.804851e+02,3.094568e+03,-1.443421e+01,2.215113e+03,-1249.16,2232.6
32.24900,4.771833e+02,3.039511e+03,-1.715642e+01,2.148001e+03,-1224.03,2165.24
32.25000,4.750419e+02,2.983557e+03,-1.895961e+01,2.080937e+03,-1197.38,2097.9
32.25100,4.743662e+02,2.918668e+03,-1.935573e+01,2.006642e+03,-1165.64,2023.3
32.25200,4.717631e+02,2.855961e+03,-2.132925e+01,1.935360e+03,-1140.6,1951.69
32.25300,4.760786e+02,2.811473e+03,-1.694787e+01,1.880787e+03,-1107.28,1896.75
32.25400,4.759163e+02,2.734549e+03,-1.659836e+01,1.797593e+03,-1074,1813.17
32.25500,4.763893e+02,2.666027e+03,-1.554201e+01,1.722407e+03,-1042.43,1737.56
32.25600,4.779652e+02,2.588511e+03,-1.346839e+01,1.640157e+03,-1006.97,1654.84
32.25700,4.796178e+02,2.508643e+03,-1.128213e+01,1.555859e+03,-971.653,1570.04
32.25800,4.821969e+02,2.427390e+03,-8.220600e+00,1.471867e+03,-936.321,1485.5
32.25900,4.855126e+02,2.336784e+03,-4.690700e+00,1.379863e+03,-897.675,1392.9
32.26000,4.891169e+02,2.244361e+03,-6.037415e-01,1.286725e+03,-858.061,1299.13
32.26100,4.934547e+02,2.147546e+03,3.873738e+00,1.191425e+03,-821.232,1203.15
32.26200,4.975138e+02,2.042865e+03,8.502453e+00,1.088615e+03,-779.61,1099.61
32.26300,5.029615e+02,1.929835e+03,1.399497e+01,9.795840e+02,-737.692,989.811
32.26400,5.089155e+02,1.820020e+03,2.008726e+01,8.739173e+02,-694.907,883.333
32.26500,5.155072e+02,1.708409e+03,2.684799e+01,7.681193e+02,-653.818,776.681
32.26600,5.228543e+02,1.587457e+03,3.412809e+01,6.541345e+02,-609.579,661.804
32.26700,5.306114e+02,1.463133e+03,4.193266e+01,5.384825e+02,-566.216,545.224
32.26800,5.388663e+02,1.332413e+03,5.031885e+01,4.177953e+02,-521.011,423.575
32.26900,5.477143e+02,1.200846e+03,5.917033e+01,2.973360e+02,-476.626,302.122
32.27000,5.572509e+02,1.063086e+03,6.851380e+01,1.719097e+02,-431.287,175.674
32.27100,5.673067e+02,9.227887e+02,7.842707e+01,4.524589e+01,-384.919,47.9644
32.27200,5.780243e+02,7.759227e+02,8.876880e+01,-8.653560e+01,-338.992,-84.8808
32.27300,5.891653e+02,6.316494e+02,9.970660e+01,-2.143009e+02,-293.202,-213.724
32.27400,6.009685e+02,4.846705e+02,1.110762e+02,-3.439315e+02,-246.651,-344.443
32.27500,6.125951e+02,3.265432e+02,1.224908e+02,-4.834211e+02,-199.585,-485.028
32.27600,6.252742e+02,1.668632e+02,1.343859e+02,-6.226562e+02,-152.111,-625.365
32.27700,6.386861e+02,1.483817e+01,1.474209e+02,-7.544600e+02,-105.039,-758.27
32.27800,6.523070e+02,-1.365885e+02,1.606193e+02,-8.841640e+02,-58.6789,-889.066
32.27900,6.665062e+02,-2.897413e+02,1.740974e+02,-1.014954e+03,-10.8648,-1020.93
32.28000,6.810213e+02,-4.430012e+02,1.875211e+02,-1.143923e+03,35.7551,-1150.96
32.28100,6.950287e+02,-5.907503e+02,2.010279e+02,-1.267639e+03,81.2079,-1275.71
32.28200,7.087893e+02,-7.391047e+02,2.139603e+02,-1.390840e+03,129.29,-1399.92
32.28300,7.230953e+02,-8.963207e+02,2.273534e+02,-1.520518e+03,178.339,-1530.58
32.28400,7.371520e+02,-1.049150e+03,2.408621e+02,-1.647065e+03,226.14,-1658.06
32.28500,7.500227e+02,-1.187715e+03,2.529715e+02,-1.758025e+03,271.318,-1769.9
32.28600,7.639687e+02,-1.334825e+03,2.661206e+02,-1.876772e+03,319.323,-1889.49
32.28700,7.718793e+02,-1.453711e+03,2.734107e+02,-1.969178e+03,364.837,-1982.69
32.28800,7.813753e+02,-1.579153e+03,2.820624e+02,-2.065791e+03,409.203,-2080.06
32.28900,7.893693e+02,-1.704593e+03,2.894961e+02,-2.162131e+03,455.117,-2177.1
32.29000,7.966287e+02,-1.821172e+03,2.966163e+02,-2.249693e+03,502.373,-2265.31
32.29100,8.025900e+02,-1.934952e+03,3.021608e+02,-2.333779e+03,548.244,-2349.99
32.29200,8.081007e+02,-2.049471e+03,3.070903e+02,-2.417963e+03,594.582,-2434.72
32.29300,8.124047e+02,-2.152353e+03,3.112807e+02,-2.491496e+03,638.627,-2508.75
32.29400,8.151967e+02,-2.249839e+03,3.135401e+02,-2.558143e+03,681.473,-2575.83
32.29500,8.182273e+02,-2.350175e+03,3.158634e+02,-2.628293e+03,728.22,-2646.38
32.29600,8.185827e+02,-2.431715e+03,3.165981e+02,-2.679746e+03,768.708,-2698.18
32.29700,8.187520e+02,-2.523569e+03,3.165819e+02,-2.740544e+03,811.806,-2759.29
32.29800,8.170600e+02,-2.601253e+03,3.143981e+02,-2.787398e+03,854.063,-2806.41
32.29900,8.147073e+02,-2.673673e+03,3.116059e+02,-2.829911e+03,893.327,-2849.16
32.30000,8.104880e+02,-2.747059e+03,3.078421e+02,-2.872629e+03,934.797,-2892.08
32.30100,8.055507e+02,-2.808104e+03,3.030109e+02,-2.903076e+03,971.386,-2922.7
32.30200,7.998787e+02,-2.875947e+03,2.975291e+02,-2.940349e+03,1010.67,-2960.12
32.30300,7.936947e+02,-2.931097e+03,2.910243e+02,-2.965413e+03,1048.63,-2985.31
32.30400,7.865527e+02,-2.986107e+03,2.837367e+02,-2.988546e+03,1080.69,-3008.55
32.30500,7.797193e+02,-3.039069e+03,2.770275e+02,-3.011000e+03,1114.58,-3031.11
32.30600,7.719567e+02,-3.083879e+03,2.684249e+02,-3.025134e+03,1145.38,-3045.33
32.30700,7.634767e+02,-3.128743e+03,2.602169e+02,-3.039710e+03,1175.22,-3059.99
32.30800,7.556173e+02,-3.176169e+03,2.526823e+02,-3.056965e+03,1205.77,-3077.32
32.30900,7.459647e+02,-3.210906e+03,2.430983e+02,-3.062370e+03,1233.07,-3082.79
32.31000,7.359120e+02,-3.249983e+03,2.327783e+02,-3.069510e+03,1258.11,-3090
32.31100,7.267027e+02,-3.280609e+03,2.231491e+02,-3.070743e+03,1280.3,-3091.3
32.31200,7.171013e+02,-3.325691e+03,2.133285e+02,-3.085628e+03,1308.72,-3106.24
32.31300,7.088973e+02,-3.342155e+03,2.050385e+02,-3.073651e+03,1323.1,-3094.32
32.31400,6.995200e+02,-3.366632e+03,1.957196e+02,-3.069221e+03,1341.61,-3089.95
32.31500,6.893800e+02,-3.394391e+03,1.853122e+02,-3.067287e+03,1360.3,-3088.06
32.31600,6.791780e+02,-3.414172e+03,1.752889e+02,-3.058671e+03,1375.55,-3079.49
32.31700,6.694927e+02,-3.432428e+03,1.652106e+02,-3.048971e+03,1389.24,-3069.83
32.31800,6.612379e+02,-3.457173e+03,1.562523e+02,-3.045643e+03,1405.47,-3066.54
32.31900,6.521453e+02,-3.465836e+03,1.472651e+02,-3.027699e+03,1411.12,-3048.64
32.32000,6.433689e+02,-3.481497e+03,1.382659e+02,-3.015941e+03,1421.36,-3036.92
32.32100,6.338617e+02,-3.483254e+03,1.291813e+02,-2.991813e+03,1427.68,-3012.82
32.32200,6.243485e+02,-3.485558e+03,1.194338e+02,-2.968319e+03,1430.97,-2989.34
32.32300,6.153669e+02,-3.488061e+03,1.107576e+02,-2.945818e+03,1433.49,-2966.86
32.32400,6.072250e+02,-3.484204e+03,1.021100e+02,-2.917363e+03,1434.16,-2938.41
32.32500,5.994965e+02,-3.481331e+03,9.455467e+01,-2.890773e+03,1435.1,-2911.82
32.32600,5.912055e+02,-3.467259e+03,8.669520e+01,-2.852949e+03,1429.62,-2873.99
32.32700,5.834236e+02,-3.451994e+03,7.877733e+01,-2.815479e+03,1420.66,-2836.49
32.32800,5.750892e+02,-3.440073e+03,7.068167e+01,-2.780538e+03,1415.86,-2801.5
32.32900,5.686893e+02,-3.426679e+03,6.428481e+01,-2.745295e+03,1407.49,-2766.19
32.33000,5.624624e+02,-3.412911e+03,5.863523e+01,-2.710597e+03,1398.48,-2731.41
32.33100,5.558343e+02,-3.376821e+03,5.228777e+01,-2.655461e+03,1382.21,-2676.19
32.33200,5.496341e+02,-3.357411e+03,4.648359e+01,-2.616234e+03,1371.57,-2636.86
32.33300,5.441555e+02,-3.324621e+03,4.138733e+01,-2.564767e+03,1354.52,-2585.26
32.33400,5.393119e+02,-3.293781e+03,3.671613e+01,-2.516333e+03,1337.06,-2536.68
32.33500,5.335360e+02,-3.249876e+03,3.174724e+01,-2.454429e+03,1311.85,-2474.6
32.33600,5.289999e+02,-3.218535e+03,2.785929e+01,-2.407257e+03,1296.5,-2427.24
32.33700,5.241573e+02,-3.173376e+03,2.363986e+01,-2.347317e+03,1273.77,-2367.08
32.33800,5.208443e+02,-3.131474e+03,2.098923e+01,-2.290679e+03,1250.11,-2310.19
32.33900,5.182107e+02,-3.090297e+03,1.837653e+01,-2.236199e+03,1227.79,-2255.43
32.34000,5.147517e+02,-3.034458e+03,1.567817e+01,-2.168225e+03,1200.33,-2187.14
32.34100,5.104171e+02,-2.977115e+03,1.235315e+01,-2.098541e+03,1171.03,-2117.11
32.34200,5.070426e+02,-2.917131e+03,9.557660e+00,-2.028361e+03,1144.67,-2046.55
32.34300,5.083086e+02,-2.867029e+03,1.109993e+01,-1.967661e+03,1111.75,-1985.43
32.34400,5.057528e+02,-2.795543e+03,9.640020e+00,-1.888176e+03,1080.57,-1905.5
32.34500,5.042826e+02,-2.720505e+03,8.736100e+00,-1.805583e+03,1046.41,-1822.42
32.34600,5.030922e+02,-2.639704e+03,8.354007e+00,-1.719384e+03,1009.92,-1735.7
32.34700,5.021793e+02,-2.559219e+03,8.134227e+00,-1.633782e+03,975.972,-1649.53
32.34800,5.022703e+02,-2.469939e+03,8.788500e+00,-1.541087e+03,938.797,-1556.23
32.34900,5.017888e+02,-2.381649e+03,9.269480e+00,-1.449898e+03,902.171,-1464.39
32.35000,5.025759e+02,-2.288019e+03,1.065313e+01,-1.355347e+03,865.631,-1369.14
32.35100,5.031539e+02,-2.180055e+03,1.199480e+01,-1.247353e+03,823.728,-1260.41
32.35200,5.049041e+02,-2.071485e+03,1.434501e+01,-1.140239e+03,782.761,-1152.52
32.35300,5.074300e+02,-1.958686e+03,1.739021e+01,-1.030577e+03,742.053,-1042.04
32.35400,5.106500e+02,-1.843563e+03,2.107985e+01,-9.190073e+02,699.964,-929.611
32.35500,5.144388e+02,-1.720043e+03,2.535675e+01,-8.015993e+02,656.454,-811.308
32.35600,5.194165e+02,-1.596324e+03,3.073721e+01,-6.844660e+02,614.12,-693.245
32.35700,5.240328e+02,-1.464391e+03,3.609714e+01,-5.602188e+02,569.993,-568.036
32.35800,5.304833e+02,-1.327800e+03,4.266741e+01,-4.336406e+02,524.089,-440.464
32.35900,5.370587e+02,-1.187821e+03,4.972643e+01,-3.043929e+02,479.123,-310.193
32.36000,5.448826e+02,-1.044445e+03,5.755263e+01,-1.726567e+02,432.812,-177.407
32.36100,5.531409e+02,-8.990440e+02,6.593879e+01,-4.043638e+01,387.745,-44.1142
32.36200,5.623360e+02,-7.482713e+02,7.506427e+01,9.520720e+01,342.15,92.6193
32.36300,5.718517e+02,-5.938323e+02,8.469353e+01,2.339125e+02,295.661,232.43
32.36400,5.824893e+02,-4.339803e+02,9.516713e+01,3.762185e+02,246.822,375.856
32.36500,5.937977e+02,-2.811427e+02,1.064561e+02,5.111232e+02,200.87,511.888
32.36600,6.057146e+02,-1.232651e+02,1.182647e+02,6.496237e+02,154.544,651.52
32.36700,6.187917e+02,3.816368e+01,1.309753e+02,7.901693e+02,106.246,793.196
32.36800,6.322406e+02,2.018606e+02,1.440497e+02,9.318173e+02,57.9128,935.969
32.36900,6.466185e+02,3.592447e+02,1.578483e+02,1.066895e+03,11.484,1072.16
32.37000,6.610135e+02,5.174727e+02,1.718023e+02,1.201853e+03,-36.0393,1208.22
32.37100,6.764027e+02,6.948040e+02,1.866529e+02,1.352822e+03,-86.4139,1360.27
32.37200,6.913140e+02,8.490120e+02,2.009931e+02,1.481670e+03,-133.576,1490.17
32.37300,7.068347e+02,1.006017e+03,2.161147e+02,1.612849e+03,-180.842,1622.37
32.37400,7.202613e+02,1.153188e+03,2.289194e+02,1.733493e+03,-228.24,1744
32.37500,7.340080e+02,1.302354e+03,2.419944e+02,1.855107e+03,-275.441,1866.57
32.37600,7.445260e+02,1.441271e+03,2.523360e+02,1.966899e+03,-322.651,1979.27
32.37700,7.590180e+02,1.590178e+03,2.655439e+02,2.086257e+03,-369.051,2099.51
32.37800,7.713147e+02,1.728414e+03,2.773579e+02,2.195196e+03,-414.163,2209.27
32.37900,7.827293e+02,1.864735e+03,2.884823e+02,2.301433e+03,-459.509,2316.27
32.38000,7.935193e+02,1.998003e+03,2.987808e+02,2.405183e+03,-507.674,2420.74
32.38100,8.031213e+02,2.122503e+03,3.077533e+02,2.498987e+03,-551.192,2515.21
32.38200,8.121660e+02,2.251926e+03,3.160576e+02,2.597329e+03,-598.335,2614.17
32.38300,8.199293e+02,2.363049e+03,3.233922e+02,2.677133e+03,-640.115,2694.53
32.38400,8.259167e+02,2.474245e+03,3.291849e+02,2.757749e+03,-687.259,2775.65
32.38500,8.308573e+02,2.576883e+03,3.340003e+02,2.828805e+03,-728.967,2847.15
32.38600,8.354187e+02,2.681209e+03,3.381551e+02,2.901102e+03,-771.317,2919.84
32.38700,8.376080e+02,2.767441e+03,3.398589e+02,2.956567e+03,-814.346,2975.65
32.38800,8.390933e+02,2.857085e+03,3.408794e+02,3.014795e+03,-856.207,3034.17
32.38900,8.385287e+02,2.938656e+03,3.407896e+02,3.065093e+03,-896.557,3084.71
32.39000,8.364420e+02,3.012981e+03,3.384650e+02,3.107859e+03,-936.584,3127.67
32.39100,8.346940e+02,3.084781e+03,3.361091e+02,3.148390e+03,-976.042,3168.36
32.39200,8.300160e+02,3.149728e+03,3.313856e+02,3.181735e+03,-1013.3,3201.83
32.39300,8.258153e+02,3.212093e+03,3.269646e+02,3.213515e+03,-1050.55,3233.69
32.39400,8.181093e+02,3.259313e+03,3.195004e+02,3.231063e+03,-1085.62,3251.3
32.39500,8.117187e+02,3.323503e+03,3.125905e+02,3.262953e+03,-1120.91,3283.22
32.39600,8.042493e+02,3.368799e+03,3.050993e+02,3.277068e+03,-1151.76,3297.35
32.39700,7.947387e+02,3.402584e+03,2.957779e+02,3.281710e+03,-1182.03,3301.99
32.39800,7.858147e+02,3.436926e+03,2.867837e+02,3.286311e+03,-1211.11,3306.57
32.39900,7.756440e+02,3.472665e+03,2.764535e+02,3.290819e+03,-1237.62,3311.04
32.40000,7.643780e+02,3.497449e+03,2.647608e+02,3.286883e+03,-1263.87,3307.06
32.40100,7.528393e+02,3.530607e+03,2.532239e+02,3.289237e+03,-1288.48,3309.37
32.40200,7.418133e+02,3.557921e+03,2.423291e+02,3.287357e+03,-1313.02,3307.43
32.40300,7.302913e+02,3.576915e+03,2.307593e+02,3.278063e+03,-1334.64,3298.08
32.40400,7.196980e+02,3.590351e+03,2.199560e+02,3.264277e+03,-1354.38,3284.24
32.40500,7.059740e+02,3.609259e+03,2.059582e+02,3.253021e+03,-1371.87,3272.92
32.40600,6.937273e+02,3.624263e+03,1.937758e+02,3.240888e+03,-1389.4,3260.73
32.40700,6.834720e+02,3.633741e+03,1.829278e+02,3.222640e+03,-1403.15,3242.42
32.40800,6.700160e+02,3.638169e+03,1.695381e+02,3.199749e+03,-1414.76,3219.46
32.40900,6.580983e+02,3.641585e+03,1.572933e+02,3.176722e+03,-1426.48,3196.37
32.41000,6.472491e+02,3.642695e+03,1.468464e+02,3.152794e+03,-1437.7,3172.39
32.41100,6.346067e+02,3.641946e+03,1.338809e+02,3.126368e+03,-1444.83,3145.9
32.41200,6.229204e+02,3.637162e+03,1.226424e+02,3.095677e+03,-1449.76,3115.15
32.41300,6.111365e+02,3.621789e+03,1.109129e+02,3.056612e+03,-1449.78,3076.03
32.41400,5.992207e+02,3.607425e+03,9.905053e+01,3.019349e+03,-1452.09,3038.72
32.41500,5.877082e+02,3.598525e+03,8.786433e+01,2.986899e+03,-1454.55,3006.21
32.41600,5.761066e+02,3.584484e+03,7.660853e+01,2.949881e+03,-1454.27,2969.14
32.41700,5.651573e+02,3.561588e+03,6.545281e+01,2.905234e+03,-1449.67,2924.43
32.41800,5.563483e+02,3.534313e+03,5.670383e+01,2.856197e+03,-1439.76,2875.31
32.41900,5.472495e+02,3.515147e+03,4.787827e+01,2.815627e+03,-1433.84,2834.66
32.42000,5.383152e+02,3.485130e+03,3.942013e+01,2.765612e+03,-1424.59,2784.55
32.42100,5.302501e+02,3.457885e+03,3.129423e+01,2.718741e+03,-1415.19,2737.58
32.42200,5.230755e+02,3.424899e+03,2.476471e+01,2.667477e+03,-1400.36,2686.21
32.42300,5.156162e+02,3.392205e+03,1.748951e+01,2.616294e+03,-1386.4,2634.92
32.42400,5.084115e+02,3.352468e+03,1.105110e+01,2.558711e+03,-1368.62,2577.21
32.42500,5.022567e+02,3.315560e+03,5.064177e+00,2.505011e+03,-1352.54,2523.38
32.42600,4.972821e+02,3.272947e+03,5.513075e-01,2.447025e+03,-1332.77,2465.24
32.42700,4.919993e+02,3.230171e+03,-4.350805e+00,2.389201e+03,-1313.53,2407.26
32.42800,4.878722e+02,3.178527e+03,-7.924193e+00,2.323763e+03,-1289.92,2341.64
32.42900,4.827677e+02,3.136217e+03,-1.251982e+01,2.267484e+03,-1269.7,2285.15
32.43000,4.797880e+02,3.083463e+03,-1.503975e+01,2.201807e+03,-1243.69,2219.25
32.43100,4.772523e+02,3.028270e+03,-1.709622e+01,2.134777e+03,-1217.6,2151.97
32.43200,4.753163e+02,2.974045e+03,-1.886975e+01,2.069910e+03,-1192.54,2086.82
32.43300,4.739925e+02,2.907588e+03,-1.954333e+01,1.993844e+03,-1160.54,2010.45
32.43400,4.733375e+02,2.849840e+03,-1.976507e+01,1.927179e+03,-1133.3,1943.44
32.43500,4.760155e+02,2.799183e+03,-1.697853e+01,1.867369e+03,-1102.12,1883.26
32.43600,4.756265e+02,2.726603e+03,-1.673345e+01,1.787703e+03,-1070.05,1803.2
32.43700,4.766545e+02,2.652471e+03,-1.522007e+01,1.707841e+03,-1036.38,1722.91
32.43800,4.778939e+02,2.573907e+03,-1.332525e+01,1.624572e+03,-1000.59,1639.17
32.43900,4.801359e+02,2.493398e+03,-1.077785e+01,1.540197e+03,-965.478,1554.28
32.44000,4.829373e+02,2.410695e+03,-7.489147e+00,1.454959e+03,-928.881,1468.49
32.44100,4.861041e+02,2.318993e+03,-4.032861e+00,1.361988e+03,-889.536,1374.92
32.44200,4.897983e+02,2.224231e+03,1.169747e-01,1.266467e+03,-849.762,1278.75
32.44300,4.943382e+02,2.130606e+03,4.809426e+00,1.174653e+03,-814.45,1186.25
32.44400,4.983809e+02,2.023065e+03,9.384927e+00,1.069111e+03,-772.123,1079.97
32.44500,5.040006e+02,1.913145e+03,1.502416e+01,9.631373e+02,-730.103,973.222
32.44600,5.100421e+02,1.800317e+03,2.127567e+01,8.553100e+02,-687.948,864.576
32.44700,5.167883e+02,1.687455e+03,2.817257e+01,7.482853e+02,-646.29,756.691
32.44800,5.243401e+02,1.565229e+03,3.555505e+01,6.333973e+02,-601.561,640.904
32.44900,5.320069e+02,1.440143e+03,4.344871e+01,5.171082e+02,-558.201,523.681
32.45000,5.402095e+02,1.307625e+03,5.178395e+01,3.950103e+02,-512.667,400.616
32.45100,5.494607e+02,1.174894e+03,6.083533e+01,2.736937e+02,-468.065,278.301
32.45200,5.590431e+02,1.036337e+03,7.024833e+01,1.475363e+02,-422.31,151.117
32.45300,5.691157e+02,8.970013e+02,8.021867e+01,2.206013e+01,-377.128,24.5921
32.45400,5.798419e+02,7.496367e+02,9.067920e+01,-1.099682e+02,-330.397,-108.502
32.45500,5.912740e+02,6.042873e+02,1.017325e+02,-2.385911e+02,-284.532,-238.205
32.45600,6.030749e+02,4.602394e+02,1.131297e+02,-3.655615e+02,-239.123,-366.266
32.45700,6.148416e+02,3.000175e+02,1.246665e+02,-5.066030e+02,-191.009,-508.403
32.45800,6.278141e+02,1.408179e+02,1.367896e+02,-6.453497e+02,-143.69,-648.252
32.45900,6.410655e+02,-9.286773e+00,1.497970e+02,-7.749013e+02,-97.5382,-778.904
32.46000,6.548022e+02,-1.654498e+02,1.630375e+02,-9.089913e+02,-49.7367,-914.083
32.46100,6.690413e+02,-3.188193e+02,1.765226e+02,-1.039962e+03,-1.3998,-1046.13
32.46200,6.834913e+02,-4.695632e+02,1.899203e+02,-1.166094e+03,44.3493,-1173.32
32.46300,6.976287e+02,-6.168966e+02,2.033639e+02,-1.289399e+03,90.1271,-1297.65
32.46400,7.113480e+02,-7.645820e+02,2.163305e+02,-1.411727e+03,137.583,-1420.98
32.46500,7.257360e+02,-9.258667e+02,2.298641e+02,-1.545352e+03,187.772,-1555.58
32.46600,7.393567e+02,-1.072959e+03,2.429095e+02,-1.666048e+03,234.125,-1677.2
32.46700,7.522907e+02,-1.214035e+03,2.550711e+02,-1.779184e+03,280.127,-1791.21
32.46800,7.659200e+02,-1.357025e+03,2.679329e+02,-1.894115e+03,327.222,-1906.97
32.46900,7.736613e+02,-1.476613e+03,2.750791e+02,-1.986859e+03,373.201,-2000.51
32.47000,7.834300e+02,-1.603867e+03,2.839833e+02,-2.084797e+03,417.723,-2099.19
32.47100,7.910773e+02,-1.727842e+03,2.911101e+02,-2.179657e+03,464.463,-2194.74
32.47200,7.977600e+02,-1.840097e+03,2.975643e+02,-2.263103e+03,510.435,-2278.83
32.47300,8.040907e+02,-1.956441e+03,3.033917e+02,-2.349630e+03,557.012,-2365.94
32.47400,8.091193e+02,-2.068395e+03,3.079433e+02,-2.431319e+03,602.008,-2448.16
32.47500,8.129420e+02,-2.170549e+03,3.117549e+02,-2.504160e+03,646.58,-2521.49
32.47600,8.155420e+02,-2.267851e+03,3.139366e+02,-2.570832e+03,690.026,-2588.59
32.47700,8.186573e+02,-2.370173e+03,3.166173e+02,-2.642782e+03,736.613,-2660.93
32.47800,8.191767e+02,-2.453901e+03,3.170921e+02,-2.695599e+03,777.341,-2714.09
32.47900,8.184713e+02,-2.537150e+03,3.162452e+02,-2.748523e+03,819.257,-2767.32
32.48000,8.163640e+02,-2.610643e+03,3.136800e+02,-2.791593e+03,860.053,-2810.65
32.48100,8.144773e+02,-2.689061e+03,3.111089e+02,-2.839501e+03,900.993,-2858.79
32.48200,8.099480e+02,-2.756689e+03,3.073411e+02,-2.876944e+03,940.46,-2896.42
32.48300,8.042100e+02,-2.819350e+03,3.017186e+02,-2.908587e+03,978.131,-2928.23
32.48400,7.991433e+02,-2.886265e+03,2.966428e+02,-2.944717e+03,1017.69,-2964.51
32.48500,7.922373e+02,-2.940591e+03,2.895469e+02,-2.968801e+03,1053.68,-2988.72
32.48600,7.855000e+02,-2.998511e+03,2.826391e+02,-2.995076e+03,1087.74,-3015.1
32.48700,7.779247e+02,-3.044715e+03,2.752865e+02,-3.011284e+03,1119.44,-3031.41
32.48800,7.706427e+02,-3.093424e+03,2.670315e+02,-3.029183e+03,1151.65,-3049.4
32.48900,7.615547e+02,-3.136174e+03,2.584668e+02,-3.042015e+03,1181.21,-3062.31
32.49000,7.533493e+02,-3.182533e+03,2.503997e+02,-3.057539e+03,1210.61,-3077.91
32.49100,7.439180e+02,-3.214859e+03,2.410937e+02,-3.060089e+03,1235.69,-3080.52
32.49200,7.339293e+02,-3.256388e+03,2.307256e+02,-3.070069e+03,1262.63,-3090.57
32.49300,7.244853e+02,-3.286589e+03,2.209635e+02,-3.071294e+03,1284.57,-3091.86
32.49400,7.160660e+02,-3.327293e+03,2.120513e+02,-3.082285e+03,1309.07,-3102.91
32.49500,7.074327e+02,-3.348191e+03,2.035513e+02,-3.074162e+03,1326.24,-3094.84
32.49600,6.978967e+02,-3.372201e+03,1.938629e+02,-3.069341e+03,1344.86,-3090.07
32.49700,6.881213e+02,-3.400825e+03,1.840861e+02,-3.068639e+03,1364.58,-3089.42
32.49800,6.772173e+02,-3.421206e+03,1.731132e+02,-3.060308e+03,1378.95,-3081.14
32.49900,6.679467e+02,-3.435799e+03,1.635697e+02,-3.047089e+03,1391.75,-3067.96
32.50000,6.591146e+02,-3.451374e+03,1.544126e+02,-3.035822e+03,1403.81,-3056.73
32.50100,6.501611e+02,-3.466726e+03,1.453348e+02,-3.023064e+03,1412.35,-3044.01
32.50200,6.421648e+02,-3.479459e+03,1.372963e+02,-3.008941e+03,1421.63,-3029.92
32.50300,6.324325e+02,-3.484329e+03,1.277003e+02,-2.988152e+03,1429,-3009.16
32.50400,6.229851e+02,-3.487799e+03,1.179917e+02,-2.965581e+03,1432.28,-2986.6
32.50500,6.147369e+02,-3.491897e+03,1.094617e+02,-2.944718e+03,1435.14,-2965.76
32.50600,6.056309e+02,-3.486397e+03,1.003301e+02,-2.915043e+03,1435.33,-2936.09
32.50700,5.982085e+02,-3.480021e+03,9.328620e+01,-2.885262e+03,1434.92,-2906.31
32.50800,5.899137e+02,-3.464262e+03,8.534707e+01,-2.845635e+03,1427.3,-2866.67
32.50900,5.822954e+02,-3.451475e+03,7.761713e+01,-2.810505e+03,1420.21,-2831.5
32.51000,5.748061e+02,-3.437967e+03,7.029593e+01,-2.774840e+03,1414.19,-2795.79
32.51100,5.669341e+02,-3.425600e+03,6.263733e+01,-2.739900e+03,1405.89,-2760.78
32.51200,5.608828e+02,-3.405889e+03,5.730500e+01,-2.699807e+03,1395.95,-2720.6
32.51300,5.546264e+02,-3.373695e+03,5.117516e+01,-2.648552e+03,1380.57,-2669.26
32.51400,5.486477e+02,-3.354435e+03,4.559411e+01,-2.609485e+03,1369.45,-2630.08
32.51500,5.427883e+02,-3.318385e+03,4.013880e+01,-2.555073e+03,1351.76,-2575.54
32.51600,5.368226e+02,-3.286703e+03,3.479964e+01,-2.504913e+03,1331.89,-2525.22
32.51700,5.324917e+02,-3.246596e+03,3.087621e+01,-2.448214e+03,1309.87,-2468.35
32.51800,5.275065e+02,-3.210727e+03,2.662841e+01,-2.396394e+03,1292.49,-2416.33
32.51900,5.235857e+02,-3.168597e+03,2.322788e+01,-2.339607e+03,1269.99,-2359.32
32.52000,5.201913e+02,-3.122631e+03,2.029245e+01,-2.279231e+03,1245.62,-2298.69
32.52100,5.175183e+02,-3.079477e+03,1.780738e+01,-2.223203e+03,1223.03,-2242.38
32.52200,5.146065e+02,-3.027658e+03,1.557694e+01,-2.159307e+03,1196.44,-2178.16
32.52300,5.098088e+02,-2.964999e+03,1.185581e+01,-2.084467e+03,1165.5,-2102.97
32.52400,5.068049e+02,-2.906951e+03,9.435033e+00,-2.016440e+03,1138.48,-2034.56
32.52500,5.071769e+02,-2.849151e+03,1.025843e+01,-1.948501e+03,1105.76,-1966.19
32.52600,5.051846e+02,-2.783312e+03,9.098880e+00,-1.874417e+03,1075.72,-1891.66
32.52700,5.037923e+02,-2.703854e+03,8.405967e+00,-1.788109e+03,1038.81,-1804.86
32.52800,5.028159e+02,-2.624389e+03,8.209067e+00,-1.702999e+03,1003.24,-1719.21
32.52900,5.021628e+02,-2.543338e+03,8.207953e+00,-1.617111e+03,969.059,-1632.75
32.53000,5.023693e+02,-2.451724e+03,8.923773e+00,-1.522553e+03,931.524,-1537.58
32.53100,5.019552e+02,-2.365359e+03,9.533207e+00,-1.433294e+03,895.756,-1447.66
32.53200,5.024933e+02,-2.269138e+03,1.075252e+01,-1.336303e+03,858.118,-1349.97
32.53300,5.033419e+02,-2.161299e+03,1.234467e+01,-1.228608e+03,816.739,-1241.53
32.53400,5.051085e+02,-2.049900e+03,1.467731e+01,-1.119025e+03,774.941,-1131.16
32.53500,5.079370e+02,-1.937200e+03,1.796267e+01,-1.009651e+03,734.105,-1020.96
32.53600,5.111921e+02,-1.820267e+03,2.175181e+01,-8.964440e+02,690.744,-906.89
32.53700,5.152455e+02,-1.696183e+03,2.620013e+01,-7.789593e+02,648.459,-788.504
32.53800,5.201295e+02,-1.573000e+03,3.162031e+01,-6.623287e+02,606.115,-670.938
32.53900,5.250464e+02,-1.440875e+03,3.720041e+01,-5.382032e+02,562.396,-545.845
32.54000,5.317581e+02,-1.302600e+03,4.393052e+01,-4.104143e+02,515.858,-417.058
32.54100,5.383020e+02,-1.163144e+03,5.109573e+01,-2.815670e+02,471.121,-287.182
32.54200,5.464371e+02,-1.018385e+03,5.906849e+01,-1.488126e+02,424.531,-153.373
32.54300,5.547061e+02,-8.707913e+02,6.757247e+01,-1.486583e+01,378.913,-18.3514
32.54400,5.639095e+02,-7.187260e+02,7.670860e+01,1.218686e+02,333.265,119.476
32.54500,5.735157e+02,-5.612267e+02,8.632880e+01,2.629745e+02,287.376,261.69
32.54600,5.845090e+02,-4.048929e+02,9.719667e+01,4.019580e+02,238.138,401.794
32.54700,5.957769e+02,-2.500079e+02,1.085089e+02,5.386692e+02,192.074,539.634
32.54800,6.082281e+02,-9.183573e+01,1.205429e+02,6.771747e+02,145.308,679.27
32.54900,6.211988e+02,6.545898e+01,1.333656e+02,8.139007e+02,98.179,817.126
32.55000,6.348385e+02,2.288681e+02,1.465073e+02,9.550153e+02,50.0975,959.365
32.55100,6.491392e+02,3.892548e+02,1.603447e+02,1.092603e+03,2.85155,1098.07
32.55200,6.635191e+02,5.445147e+02,1.742328e+02,1.224671e+03,-44.4899,1231.23
32.55300,6.789773e+02,7.219740e+02,1.891735e+02,1.375466e+03,-94.8843,1383.1
32.55400,6.941027e+02,8.782860e+02,2.036475e+02,1.506271e+03,-142.761,1514.95
32.55500,7.095893e+02,1.034297e+03,2.188015e+02,1.636314e+03,-189.314,1646.01
32.55600,7.227800e+02,1.180950e+03,2.312228e+02,1.756205e+03,-236.864,1766.88
32.55700,7.366500e+02,1.328088e+03,2.444593e+02,1.875957e+03,-283.627,1887.58
32.55800,7.474013e+02,1.470312e+03,2.551255e+02,1.990680e+03,-331.413,2003.21
32.55900,7.612160e+02,1.611811e+03,2.675756e+02,2.102789e+03,-376.024,2116.18
32.56000,7.733907e+02,1.753656e+03,2.795267e+02,2.214823e+03,-422.526,2229.03
32.56100,7.849333e+02,1.889536e+03,2.905217e+02,2.320648e+03,-467.554,2335.62
32.56200,7.951827e+02,2.019125e+03,3.003869e+02,2.420828e+03,-514.894,2436.51
32.56300,8.049100e+02,2.144773e+03,3.094314e+02,2.515767e+03,-559.251,2532.1
32.56400,8.132093e+02,2.269760e+03,3.173712e+02,2.609494e+03,-605.873,2626.43
32.56500,8.209827e+02,2.383180e+03,3.244445e+02,2.691826e+03,-648.847,2709.31
32.56600,8.272520e+02,2.494495e+03,3.303572e+02,2.772747e+03,-695.962,2790.73
32.56700,8.316047e+02,2.593243e+03,3.346159e+02,2.839457e+03,-736.168,2857.87
32.56800,8.359787e+02,2.698428e+03,3.386231e+02,2.912360e+03,-779.047,2931.16
32.56900,8.375440e+02,2.785843e+03,3.397758e+02,2.969166e+03,-822.517,2988.3
32.57000,8.392687e+02,2.871943e+03,3.408125e+02,3.023735e+03,-863.637,3043.15
32.57100,8.386907e+02,2.953618e+03,3.408288e+02,3.074379e+03,-903.64,3094.03
32.57200,8.362720e+02,3.028839e+03,3.382321e+02,3.117765e+03,-944.671,3137.61
32.57300,8.342180e+02,3.096381e+03,3.355907e+02,3.154480e+03,-982.991,3174.47
32.57400,8.290947e+02,3.163429e+03,3.306552e+02,3.189843e+03,-1020.95,3209.95
32.57500,8.250573e+02,3.222945e+03,3.259876e+02,3.218965e+03,-1057.57,3239.15
32.57600,8.181013e+02,3.280555e+03,3.196855e+02,3.245320e+03,-1093.29,3265.56
32.57700,8.103127e+02,3.330400e+03,3.110175e+02,3.264180e+03,-1125.98,3284.45
32.57800,8.029727e+02,3.375895e+03,3.037792e+02,3.278772e+03,-1157.38,3299.05
32.57900,7.932973e+02,3.409867e+03,2.942813e+02,3.283411e+03,-1187.58,3303.68
32.58000,7.834453e+02,3.444941e+03,2.844551e+02,3.287975e+03,-1215.57,3308.22
32.58100,7.736320e+02,3.477607e+03,2.743878e+02,3.290347e+03,-1242.31,3310.56
32.58200,7.618067e+02,3.499875e+03,2.622889e+02,3.283911e+03,-1267.49,3304.08
32.58300,7.504500e+02,3.535013e+03,2.508165e+02,3.288293e+03,-1293.52,3308.41
32.58400,7.397220e+02,3.561180e+03,2.401567e+02,3.285418e+03,-1316.53,3305.48
32.58500,7.277020e+02,3.581901e+03,2.281847e+02,3.277378e+03,-1338.62,3297.38
32.58600,7.171367e+02,3.596067e+03,2.170607e+02,3.263953e+03,-1358.35,3283.9
32.58700,7.039987e+02,3.612579e+03,2.038635e+02,3.251147e+03,-1376.25,3271.04
32.58800,6.914347e+02,3.624613e+03,1.915416e+02,3.236369e+03,-1392.38,3256.2
32.58900,6.812240e+02,3.632168e+03,1.811691e+02,3.216579e+03,-1404.7,3236.34
32.59000,6.675400e+02,3.639311e+03,1.670391e+02,3.195867e+03,-1416.68,3215.56
32.59100,6.562535e+02,3.640745e+03,1.556035e+02,3.171136e+03,-1427.85,3190.78
32.59200,6.441350e+02,3.641559e+03,1.438040e+02,3.146469e+03,-1437.38,3166.05
32.59300,6.325436e+02,3.640005e+03,1.319660e+02,3.120025e+03,-1445.83,3139.55
32.59400,6.204158e+02,3.631249e+03,1.199561e+02,3.086082e+03,-1449.52,3105.55
32.59500,6.085433e+02,3.622505e+03,1.082413e+02,3.052832e+03,-1451.69,3072.24
32.59600,5.972349e+02,3.608694e+03,9.690227e+01,3.016130e+03,-1453.32,3035.49
32.59700,5.860425e+02,3.597458e+03,8.620093e+01,2.981333e+03,-1455.01,3000.64
32.59800,5.743874e+02,3.582150e+03,7.474233e+01,2.943250e+03,-1454.16,2962.49
32.59900,5.633257e+02,3.556307e+03,6.368846e+01,2.896337e+03,-1448.37,2915.52
32.60000,5.548369e+02,3.532138e+03,5.506287e+01,2.850043e+03,-1438.99,2869.14
32.60100,5.457621e+02,3.507270e+03,4.654329e+01,2.804255e+03,-1431.33,2823.27
32.60200,5.364712e+02,3.483627e+03,3.754824e+01,2.760395e+03,-1424.33,2779.31
32.60300,5.285125e+02,3.454477e+03,2.977285e+01,2.711707e+03,-1414.3,2730.52
32.60400,5.219327e+02,3.417803e+03,2.363443e+01,2.656961e+03,-1397.13,2675.67
32.60500,5.142767e+02,3.381883e+03,1.636233e+01,2.602727e+03,-1381.9,2621.33
32.60600,5.069528e+02,3.345695e+03,9.816047e+00,2.548745e+03,-1365.71,2567.22
32.60700,5.014593e+02,3.308118e+03,4.258973e+00,2.494617e+03,-1348.98,2512.96
32.60800,4.962141e+02,3.263507e+03,-4.222227e-01,2.434857e+03,-1328.69,2453.05
32.60900,4.909256e+02,3.221107e+03,-5.345561e+00,2.377370e+03,-1309.16,2395.39
32.61000,4.875041e+02,3.171200e+03,-8.357367e+00,2.314169e+03,-1286.82,2332
32.61100,4.822332e+02,3.126106e+03,-1.300254e+01,2.255023e+03,-1265.1,2272.65
32.61200,4.793302e+02,3.074589e+03,-1.544681e+01,2.190556e+03,-1239.31,2207.95
32.61300,4.766683e+02,3.019293e+03,-1.758553e+01,2.123802e+03,-1213.42,2140.94
32.61400,4.747910e+02,2.958443e+03,-1.907471e+01,2.052318e+03,-1184.72,2069.17
32.61500,4.739515e+02,2.896764e+03,-1.951380e+01,1.981438e+03,-1155.3,1997.98
32.61600,4.743961e+02,2.846035e+03,-1.872107e+01,1.920990e+03,-1127.92,1937.19
32.61700,4.757501e+02,2.782703e+03,-1.704571e+01,1.849983e+03,-1096.03,1865.81
32.61800,4.756666e+02,2.712626e+03,-1.661363e+01,1.772739e+03,-1064.23,1788.16
32.61900,4.768247e+02,2.636629e+03,-1.495077e+01,1.690738e+03,-1029.13,1705.72
32.62000,4.779109e+02,2.559597e+03,-1.315758e+01,1.609258e+03,-994.087,1623.77
32.62100,4.805995e+02,2.479695e+03,-1.024159e+01,1.525717e+03,-959.231,1539.71
32.62200,4.834833e+02,2.393655e+03,-6.892440e+00,1.437665e+03,-921.697,1451.09
32.62300,4.869257e+02,2.303268e+03,-3.218195e+00,1.346215e+03,-883.153,1359.03
32.62400,4.905580e+02,2.205229e+03,8.822987e-01,1.248125e+03,-843.223,1260.29
32.62500,4.950107e+02,2.111649e+03,5.592737e+00,1.156115e+03,-807.127,1167.58
32.62600,4.992053e+02,2.004225e+03,1.029641e+01,1.050754e+03,-765.523,1061.48
32.62700,5.049941e+02,1.892123e+03,1.610674e+01,9.429247e+02,-721.586,952.867
32.62800,5.111934e+02,1.780694e+03,2.244372e+01,8.365320e+02,-680.474,845.648
32.62900,5.180197e+02,1.664063e+03,2.940351e+01,7.264107e+02,-637.602,734.659
32.63000,5.257391e+02,1.542394e+03,3.698105e+01,6.123955e+02,-593.736,619.739
32.63100,5.337049e+02,1.418254e+03,4.503217e+01,4.970123e+02,-550.709,503.416
32.63200,5.419355e+02,1.283637e+03,5.342617e+01,3.729587e+02,-504.798,378.39
32.63300,5.511477e+02,1.150739e+03,6.247538e+01,2.515687e+02,-460.409,255.997
32.63400,5.608193e+02,1.011041e+03,7.202167e+01,1.247420e+02,-414.078,128.139
32.63500,5.710001e+02,8.725513e+02,8.198747e+01,1.136683e-01,-369.568,2.45856
32.63600,5.817674e+02,7.222733e+02,9.263460e+01,-1.341788e+02,-322.179,-132.902
32.63700,5.934053e+02,5.777077e+02,1.037829e+02,-2.622133e+02,-275.848,-262.019
32.63800,6.053342e+02,4.345257e+02,1.152305e+02,-3.881106e+02,-231.167,-389.007
32.63900,6.173145e+02,2.700337e+02,1.268571e+02,-5.328185e+02,-181.671,-534.812
32.64000,6.301331e+02,1.133002e+02,1.391258e+02,-6.695013e+02,-134.812,-672.597
32.64100,6.435889e+02,-3.757207e+01,1.522154e+02,-7.991547e+02,-89.0103,-803.349
32.64200,6.574270e+02,-1.928949e+02,1.654859e+02,-9.323827e+02,-41.4977,-937.664
32.64300,6.717573e+02,-3.470387e+02,1.789029e+02,-1.063324e+03,6.5768,-1069.68
32.64400,6.861627e+02,-4.982628e+02,1.924679e+02,-1.190551e+03,53.2882,-1197.96
32.64500,7.000567e+02,-6.451921e+02,2.054697e+02,-1.312863e+03,99.9317,-1321.29
32.64600,7.139040e+02,-7.900260e+02,2.187425e+02,-1.432554e+03,146.806,-1441.98
32.64700,7.285720e+02,-9.568493e+02,2.323660e+02,-1.571028e+03,196.953,-1581.42
32.64800,7.416927e+02,-1.098579e+03,2.450556e+02,-1.686714e+03,242.639,-1698.02
32.64900,7.544647e+02,-1.239622e+03,2.572951e+02,-1.799770e+03,288.566,-1811.94
32.65000,7.674880e+02,-1.379716e+03,2.694319e+02,-1.911802e+03,335.473,-1924.8
32.65100,7.753780e+02,-1.498401e+03,2.766350e+02,-2.003339e+03,381.089,-2017.12
32.65200,7.848460e+02,-1.628225e+03,2.856316e+02,-2.103883e+03,426.574,-2118.4
32.65300,7.921907e+02,-1.749911e+03,2.921862e+02,-2.196265e+03,473.864,-2211.46
32.65400,7.993087e+02,-1.862865e+03,2.988231e+02,-2.280297e+03,519.134,-2296.13
32.65500,8.049887e+02,-1.976697e+03,3.042552e+02,-2.364503e+03,565.423,-2380.91
32.65600,8.098347e+02,-2.088115e+03,3.086319e+02,-2.445637e+03,610.489,-2462.57
32.65700,8.135527e+02,-2.189512e+03,3.123349e+02,-2.517492e+03,654.801,-2534.9
32.65800,8.160967e+02,-2.285683e+03,3.144828e+02,-2.583425e+03,698.521,-2601.26
32.65900,8.188547e+02,-2.384408e+03,3.170169e+02,-2.651405e+03,744.23,-2669.62
32.66000,8.192087e+02,-2.470132e+03,3.171493e+02,-2.705865e+03,784.46,-2724.41
32.66100,8.180700e+02,-2.552749e+03,3.157570e+02,-2.758075e+03,827.013,-2776.92
32.66200,8.166467e+02,-2.627521e+03,3.136021e+02,-2.802168e+03,866.941,-2821.26
32.66300,8.132887e+02,-2.700714e+03,3.105259e+02,-2.845204e+03,907.762,-2864.52
32.66400,8.085913e+02,-2.771265e+03,3.060031e+02,-2.885478e+03,947.975,-2904.99
32.66500,8.025467e+02,-2.831519e+03,3.002630e+02,-2.915331e+03,985.431,-2935
32.66600,7.979400e+02,-2.897895e+03,2.954201e+02,-2.950388e+03,1024.93,-2970.2
32.66700,7.910880e+02,-2.950896e+03,2.884224e+02,-2.973539e+03,1059.95,-2993.48
32.66800,7.844193e+02,-3.009280e+03,2.815473e+02,-3.000119e+03,1094.68,-3020.16
32.66900,7.760807e+02,-3.053888e+03,2.729426e+02,-3.014663e+03,1125.49,-3034.8
32.67000,7.690320e+02,-3.097745e+03,2.657435e+02,-3.028421e+03,1156.28,-3048.65
32.67100,7.591820e+02,-3.141797e+03,2.561313e+02,-3.042250e+03,1187.14,-3062.56
32.67200,7.520600e+02,-3.195779e+03,2.489955e+02,-3.064264e+03,1216.67,-3084.64
32.67300,7.423053e+02,-3.222765e+03,2.394152e+02,-3.062324e+03,1240.98,-3082.77
32.67400,7.323547e+02,-3.259371e+03,2.293108e+02,-3.068089e+03,1265.01,-3088.6
32.67500,7.229393e+02,-3.292771e+03,2.195496e+02,-3.071861e+03,1288.82,-3092.44
32.67600,7.149853e+02,-3.328402e+03,2.111098e+02,-3.078207e+03,1310.93,-3098.84
32.67700,7.053320e+02,-3.353865e+03,2.012496e+02,-3.074367e+03,1330.53,-3095.06
32.67800,6.959793e+02,-3.374392e+03,1.917210e+02,-3.066236e+03,1346.96,-3086.98
32.67900,6.863000e+02,-3.401999e+03,1.825154e+02,-3.065015e+03,1365.89,-3085.81
32.68000,6.754073e+02,-3.423156e+03,1.712513e+02,-3.057307e+03,1380.83,-3078.14
32.68100,6.662233e+02,-3.440633e+03,1.616915e+02,-3.046856e+03,1394.87,-3067.73
32.68200,6.581308e+02,-3.454379e+03,1.533308e+02,-3.034327e+03,1405.81,-3055.24
32.68300,6.490362e+02,-3.471435e+03,1.439729e+02,-3.022671e+03,1415.76,-3043.62
32.68400,6.417088e+02,-3.485622e+03,1.366885e+02,-3.009729e+03,1424.29,-3030.72
32.68500,6.310887e+02,-3.484041e+03,1.262623e+02,-2.983867e+03,1429.66,-3004.87
32.68600,6.211707e+02,-3.489823e+03,1.162541e+02,-2.963295e+03,1433.89,-2984.32
32.68700,6.133092e+02,-3.485583e+03,1.082550e+02,-2.934379e+03,1433.06,-2955.42
32.68800,6.040272e+02,-3.484503e+03,9.918580e+01,-2.908606e+03,1434.61,-2929.65
32.68900,5.966775e+02,-3.478599e+03,9.196827e+01,-2.878833e+03,1433.81,-2899.88
32.69000,5.880849e+02,-3.464031e+03,8.339667e+01,-2.841336e+03,1426.86,-2862.36
32.69100,5.812328e+02,-3.450097e+03,7.654873e+01,-2.805163e+03,1420.07,-2826.15
32.69200,5.737907e+02,-3.437117e+03,6.923420e+01,-2.770107e+03,1413.68,-2791.04
32.69300,5.658840e+02,-3.419889e+03,6.203669e+01,-2.730421e+03,1402.73,-2751.29
32.69400,5.594630e+02,-3.397433e+03,5.585135e+01,-2.687759e+03,1392.77,-2708.54
32.69500,5.537137e+02,-3.370427e+03,5.034197e+01,-2.641465e+03,1378.21,-2662.15
32.69600,5.479133e+02,-3.348402e+03,4.499240e+01,-2.600209e+03,1366.25,-2620.79
32.69700,5.421534e+02,-3.309038e+03,3.941541e+01,-2.543041e+03,1347.23,-2563.48
32.69800,5.360932e+02,-3.277829e+03,3.417825e+01,-2.492984e+03,1326.75,-2513.26
32.69900,5.318830e+02,-3.246761e+03,3.036521e+01,-2.445201e+03,1309.37,-2465.3
32.70000,5.266439e+02,-3.204815e+03,2.591696e+01,-2.387541e+03,1289.61,-2407.44
32.70100,5.226997e+02,-3.161744e+03,2.252153e+01,-2.329894e+03,1266.15,-2349.56
32.70200,5.194971e+02,-3.113196e+03,1.950136e+01,-2.267475e+03,1241.18,-2286.88
32.70300,5.166495e+02,-3.070485e+03,1.710239e+01,-2.211641e+03,1218.96,-2230.76
32.70400,5.143735e+02,-3.010663e+03,1.556943e+01,-2.140847e+03,1188.65,-2159.64
32.70500,5.092713e+02,-2.953653e+03,1.143617e+01,-2.071073e+03,1159.94,-2089.51
32.70600,5.068932e+02,-2.897363e+03,9.657807e+00,-2.005071e+03,1132.76,-2023.11
32.70700,5.067611e+02,-2.837641e+03,1.005581e+01,-1.935371e+03,1100.45,-1952.98
32.70800,5.047795e+02,-2.771836e+03,8.849480e+00,-1.861391e+03,1070.61,-1878.54
32.70900,5.033682e+02,-2.691493e+03,8.216653e+00,-1.774639e+03,1033.72,-1791.29
32.71000,5.027663e+02,-2.609663e+03,8.276120e+00,-1.687348e+03,996.842,-1703.46
32.71100,5.021221e+02,-2.526636e+03,8.268653e+00,-1.599649e+03,961.9,-1615.18
32.71200,5.019332e+02,-2.439288e+03,8.646080e+00,-1.508375e+03,924.916,-1523.28
32.71300,5.019453e+02,-2.346705e+03,9.678100e+00,-1.414420e+03,887.996,-1428.66
32.71400,5.023658e+02,-2.248029e+03,1.081961e+01,-1.314977e+03,849.683,-1328.51
32.71500,5.037975e+02,-2.142439e+03,1.290999e+01,-1.210005e+03,809.006,-1222.79
32.71600,5.052885e+02,-2.030875e+03,1.509444e+01,-1.100181e+03,768.277,-1112.17
32.71700,5.084395e+02,-1.915101e+03,1.855187e+01,-9.881613e+02,725.897,-999.319
32.71800,5.117761e+02,-1.796632e+03,2.244993e+01,-8.742007e+02,683.56,-884.488
32.71900,5.159725e+02,-1.672385e+03,2.715019e+01,-7.562500e+02,640.483,-765.63
32.72000,5.210004e+02,-1.548161e+03,3.262503e+01,-6.391145e+02,597.867,-647.553
32.72100,5.261488e+02,-1.416958e+03,3.835391e+01,-5.159306e+02,554.556,-523.396
32.72200,5.329307e+02,-1.276659e+03,4.520133e+01,-3.864884e+02,507.537,-392.951
32.72300,5.397667e+02,-1.137327e+03,5.247590e+01,-2.577832e+02,462.796,-263.213
32.72400,5.478603e+02,-9.910187e+02,6.048838e+01,-1.238163e+02,416.321,-128.187
32.72500,5.565283e+02,-8.442260e+02,6.922380e+01,8.995780e+00,370.903,5.703
32.72600,5.655939e+02,-6.908293e+02,7.845767e+01,1.469910e+02,324.578,144.793
32.72700,5.755829e+02,-5.311249e+02,8.825253e+01,2.898243e+02,277.273,288.737
32.72800,5.865786e+02,-3.791827e+02,9.922293e+01,4.244891e+02,230.53,424.524
32.72900,5.980441e+02,-2.194817e+02,1.106240e+02,5.657148e+02,183.364,566.879
32.73000,6.104143e+02,-6.269387e+01,1.227786e+02,7.024373e+02,136.772,704.733
32.73100,6.236309e+02,9.607327e+01,1.357234e+02,8.405347e+02,89.2123,843.959
32.73200,6.374127e+02,2.564361e+02,1.490069e+02,9.786520e+02,42.3247,983.198
32.73300,6.517157e+02,4.187444e+02,1.628739e+02,1.117867e+03,-5.88568,1123.52
32.73400,6.664935e+02,5.805663e+02,1.770800e+02,1.255610e+03,-54.6334,1262.36
32.73500,6.816967e+02,7.502287e+02,1.917601e+02,1.399031e+03,-103.432,1406.85
32.73600,6.967440e+02,9.055913e+02,2.063917e+02,1.529304e+03,-150.86,1538.16
32.73700,7.123973e+02,1.062045e+03,2.214686e+02,1.659115e+03,-197.373,1668.98
32.73800,7.254180e+02,1.207107e+03,2.336160e+02,1.777510e+03,-245.656,1788.35
32.73900,7.391047e+02,1.356648e+03,2.469304e+02,1.899268e+03,-292.277,1911.05
32.74000,7.502113e+02,1.498013e+03,2.577113e+02,2.013021e+03,-340.273,2025.7
32.74100,7.635873e+02,1.638143e+03,2.697736e+02,2.123871e+03,-383.911,2137.41
32.74200,7.756413e+02,1.779095e+03,2.816089e+02,2.234468e+03,-430.785,2248.81
32.74300,7.869140e+02,1.913946e+03,2.925723e+02,2.340050e+03,-476.74,2355.15
32.74400,7.970873e+02,2.044276e+03,3.021937e+02,2.440179e+03,-523.513,2455.97
32.74500,8.069680e+02,2.168697e+03,3.113350e+02,2.533997e+03,-567.731,2550.44
32.74600,8.148080e+02,2.289245e+03,3.188644e+02,2.623520e+03,-613.751,2640.56
32.74700,8.220880e+02,2.403003e+03,3.255187e+02,2.705892e+03,-657.077,2723.47
32.74800,8.278880e+02,2.511053e+03,3.312679e+02,2.783267e+03,-702.719,2801.32
32.74900,8.321893e+02,2.608717e+03,3.349941e+02,2.849128e+03,-742.889,2867.61
32.75000,8.368620e+02,2.720348e+03,3.395821e+02,2.928889e+03,-788.988,2947.75
32.75100,8.377547e+02,2.801359e+03,3.398851e+02,2.978874e+03,-829.69,2998.06
32.75200,8.387360e+02,2.885541e+03,3.404963e+02,3.032135e+03,-871.067,3051.59
32.75300,8.386307e+02,2.969329e+03,3.405197e+02,3.084306e+03,-911.084,3103.99
32.75400,8.362820e+02,3.041809e+03,3.381392e+02,3.125039e+03,-951.182,3144.9
32.75500,8.338787e+02,3.106316e+03,3.350490e+02,3.159133e+03,-989.923,3179.14
32.75600,8.287633e+02,3.176217e+03,3.302773e+02,3.196941e+03,-1027.86,3217.06
32.75700,8.240047e+02,3.234435e+03,3.250414e+02,3.224920e+03,-1064.46,3245.11
32.75800,8.172047e+02,3.291906e+03,3.182534e+02,3.250645e+03,-1099.73,3270.89
32.75900,8.087700e+02,3.338561e+03,3.099046e+02,3.266826e+03,-1131.6,3287.09
32.76000,8.003527e+02,3.374755e+03,3.010311e+02,3.272908e+03,-1161.48,3293.18
32.76100,7.919013e+02,3.418017e+03,2.927971e+02,3.286015e+03,-1193.47,3306.28
32.76200,7.820260e+02,3.450314e+03,2.831034e+02,3.287743e+03,-1219.24,3307.98
32.76300,7.716187e+02,3.480979e+03,2.723797e+02,3.288450e+03,-1246.73,3308.65
32.76400,7.585787e+02,3.504253e+03,2.593516e+02,3.282017e+03,-1270.97,3302.17
32.76500,7.488700e+02,3.545745e+03,2.489037e+02,3.293016e+03,-1299.86,3313.12
32.76600,7.377707e+02,3.566036e+03,2.381466e+02,3.284954e+03,-1320.5,3305
32.76700,7.257060e+02,3.586258e+03,2.260964e+02,3.276588e+03,-1342.64,3296.58
32.76800,7.140080e+02,3.601131e+03,2.138633e+02,3.262509e+03,-1361.24,3282.44
32.76900,7.015167e+02,3.615787e+03,2.014314e+02,3.249633e+03,-1378.5,3269.51
32.77000,6.901867e+02,3.623479e+03,1.901587e+02,3.229870e+03,-1392.93,3249.68
32.77100,6.781873e+02,3.627803e+03,1.781526e+02,3.207930e+03,-1406.55,3227.68
32.77200,6.656635e+02,3.636083e+03,1.654465e+02,3.188051e+03,-1417.49,3207.74
32.77300,6.544438e+02,3.638275e+03,1.539485e+02,3.164228e+03,-1428.34,3183.85
32.77400,6.422561e+02,3.640906e+03,1.419028e+02,3.141156e+03,-1438.44,3160.72
32.77500,6.300751e+02,3.639531e+03,1.295351e+02,3.114763e+03,-1447.4,3134.27
32.77600,6.193041e+02,3.635172e+03,1.185326e+02,3.085621e+03,-1452.44,3105.07
32.77700,6.054570e+02,3.619244e+03,1.052025e+02,3.045259e+03,-1452.73,3064.66
32.77800,5.955195e+02,3.604309e+03,9.543033e+01,3.007491e+03,-1452.76,3026.84
32.77900,5.846251e+02,3.593813e+03,8.483113e+01,2.973799e+03,-1455.2,2993.09
32.78000,5.726938e+02,3.578930e+03,7.279927e+01,2.936088e+03,-1454.22,2955.32
32.78100,5.617821e+02,3.551855e+03,6.210625e+01,2.887443e+03,-1446.34,2906.61
32.78200,5.532822e+02,3.523363e+03,5.371510e+01,2.837803e+03,-1436.47,2856.88
32.78300,5.445443e+02,3.502729e+03,4.520856e+01,2.795740e+03,-1429.46,2814.73
32.78400,5.351474e+02,3.479325e+03,3.619919e+01,2.752549e+03,-1422.72,2771.45
32.78500,5.269729e+02,3.446553e+03,2.828173e+01,2.700451e+03,-1411.47,2719.25
32.78600,5.208433e+02,3.411386e+03,2.262529e+01,2.647467e+03,-1394.84,2666.15
32.78700,5.126826e+02,3.371971e+03,1.482741e+01,2.590003e+03,-1378.34,2608.58
32.78800,5.052766e+02,3.343950e+03,8.119667e+00,2.543752e+03,-1365.4,2562.2
32.78900,5.009029e+02,3.298596e+03,3.585934e+00,2.482429e+03,-1344.18,2500.74
32.79000,4.952925e+02,3.256084e+03,-1.323395e+00,2.424669e+03,-1325.19,2442.83
32.79100,4.900162e+02,3.211024e+03,-5.843345e+00,2.364496e+03,-1304.33,2382.48
32.79200,4.862390e+02,3.165437e+03,-9.571227e+00,2.305608e+03,-1284.46,2323.4
32.79300,4.825342e+02,3.117207e+03,-1.265661e+01,2.243787e+03,-1259.44,2261.37
32.79400,4.788268e+02,3.064478e+03,-1.591028e+01,2.178307e+03,-1234.86,2195.66
32.79500,4.759841e+02,3.009791e+03,-1.814929e+01,2.112226e+03,-1209.27,2129.31
32.79600,4.745527e+02,2.948887e+03,-1.932067e+01,2.040845e+03,-1180.14,2057.64
32.79700,4.735352e+02,2.882714e+03,-1.980518e+01,1.965740e+03,-1149.07,1982.22
32.79800,4.745000e+02,2.834069e+03,-1.864772e+01,1.907499e+03,-1121.92,1923.63
32.79900,4.758305e+02,2.765391e+03,-1.689111e+01,1.831884e+03,-1089.56,1847.64
32.80000,4.758785e+02,2.699665e+03,-1.632303e+01,1.758469e+03,-1057.91,1773.82
32.80100,4.773914e+02,2.624595e+03,-1.441761e+01,1.678301e+03,-1023.98,1693.2
32.80200,4.784397e+02,2.544698e+03,-1.259546e+01,1.593647e+03,-987.623,1608.06
32.80300,4.807612e+02,2.464688e+03,-9.837053e+00,1.510102e+03,-952.53,1523.99
32.80400,4.841651e+02,2.378956e+03,-6.177409e+00,1.422417e+03,-915.271,1435.74
32.80500,4.874475e+02,2.287289e+03,-2.537465e+00,1.329936e+03,-876.493,1342.64
32.80600,4.915093e+02,2.188595e+03,1.738569e+00,1.231579e+03,-836.794,1243.62
32.80700,4.954319e+02,2.092623e+03,6.168748e+00,1.137091e+03,-799.73,1148.43
32.80800,5.002258e+02,1.984585e+03,1.134418e+01,1.031765e+03,-757.805,1042.35
32.80900,5.060883e+02,1.872163e+03,1.719055e+01,9.236453e+02,-713.881,933.443
32.81000,5.122629e+02,1.759305e+03,2.362789e+01,8.159473e+02,-671.975,824.912
32.81100,5.191982e+02,1.640021e+03,3.056293e+01,7.037793e+02,-628.98,711.869
32.81200,5.271629e+02,1.520407e+03,3.835773e+01,5.920101e+02,-586.644,599.19
32.81300,5.351782e+02,1.393609e+03,4.651581e+01,4.741775e+02,-542.307,480.412
32.81400,5.435821e+02,1.259235e+03,5.502252e+01,3.504810e+02,-496.34,355.737
32.81500,5.528707e+02,1.125569e+03,6.416565e+01,2.286498e+02,-452.046,232.897
32.81600,5.627644e+02,9.871447e+02,7.385233e+01,1.033873e+02,-406.376,106.6
32.81700,5.729346e+02,8.452140e+02,8.388360e+01,-2.446823e+01,-361.351,-22.3107
32.81800,5.837986e+02,6.979040e+02,9.465980e+01,-1.557959e+02,-314.596,-154.709
32.81900,5.955021e+02,5.513496e+02,1.057691e+02,-2.852929e+02,-267.85,-285.29
32.82000,6.075444e+02,4.016238e+02,1.173293e+02,-4.173417e+02,-220.485,-418.431
32.82100,6.193811e+02,2.359192e+02,1.289053e+02,-5.628281e+02,-173.258,-565.015
32.82200,6.324338e+02,8.532087e+01,1.414319e+02,-6.934533e+02,-126.332,-696.743
32.82300,6.460816e+02,-6.678520e+01,1.545996e+02,-8.243067e+02,-79.9278,-828.692
32.82400,6.599772e+02,-2.204102e+02,1.679417e+02,-9.559913e+02,-32.8135,-961.461
32.82500,6.744327e+02,-3.745139e+02,1.813248e+02,-1.086249e+03,14.646,-1092.79
32.82600,6.886920e+02,-5.246001e+02,1.949438e+02,-1.212566e+03,61.1863,-1220.15
32.82700,7.025667e+02,-6.712413e+02,2.077531e+02,-1.334372e+03,108.558,-1342.98
32.82800,7.163660e+02,-8.169373e+02,2.210138e+02,-1.454597e+03,155.598,-1464.2
32.82900,7.313747e+02,-9.896920e+02,2.353003e+02,-1.599045e+03,205.861,-1609.6
32.83000,7.438813e+02,-1.123504e+03,2.470970e+02,-1.706601e+03,250.957,-1718.06
32.83100,7.566480e+02,-1.262390e+03,2.592672e+02,-1.817778e+03,296.603,-1830.1
32.83200,7.692840e+02,-1.402063e+03,2.710813e+02,-1.929355e+03,343.645,-1942.49
32.83300,7.771407e+02,-1.522320e+03,2.782635e+02,-2.021860e+03,388.86,-2035.77
32.83400,7.862993e+02,-1.652129e+03,2.869756e+02,-2.122517e+03,435.599,-2137.15
32.83500,7.935167e+02,-1.771956e+03,2.937092e+02,-2.213451e+03,482.323,-2228.76
32.83600,8.002900e+02,-1.885131e+03,2.999781e+02,-2.297500e+03,529.069,-2313.43
32.83700,8.057173e+02,-1.996327e+03,3.050021e+02,-2.378835e+03,573.946,-2395.33
32.83800,8.109247e+02,-2.107107e+03,3.096451e+02,-2.459463e+03,618.724,-2476.48
32.83900,8.142660e+02,-2.205957e+03,3.129735e+02,-2.528313e+03,662.277,-2545.79
32.84000,8.167387e+02,-2.304289e+03,3.149821e+02,-2.596291e+03,706.912,-2614.19
32.84100,8.187120e+02,-2.393253e+03,3.170351e+02,-2.655449e+03,749.745,-2673.72
32.84200,8.193347e+02,-2.486223e+03,3.172645e+02,-2.716483e+03,792.439,-2735.08
32.84300,8.179733e+02,-2.568637e+03,3.155094e+02,-2.768003e+03,834.835,-2786.89
32.84400,8.159860e+02,-2.639309e+03,3.132214e+02,-2.809450e+03,874.567,-2828.59
32.84500,8.119573e+02,-2.715271e+03,3.097133e+02,-2.854095e+03,915.84,-2873.45
32.84600,8.078567e+02,-2.785072e+03,3.050975e+02,-2.893450e+03,955.251,-2912.99
32.84700,8.022273e+02,-2.845035e+03,2.998292e+02,-2.923127e+03,992.988,-2942.82
32.84800,7.969827e+02,-2.908419e+03,2.945182e+02,-2.955807e+03,1032.15,-2975.64
32.84900,7.894720e+02,-2.959303e+03,2.868071e+02,-2.976421e+03,1065.94,-2996.38
32.85000,7.830713e+02,-3.019055e+03,2.802320e+02,-3.004287e+03,1101.25,-3024.35
32.85100,7.755160e+02,-3.063628e+03,2.720447e+02,-3.018825e+03,1131.54,-3038.98
32.85200,7.678340e+02,-3.106513e+03,2.644675e+02,-3.031599e+03,1161.62,-3051.84
32.85300,7.590333e+02,-3.159865e+03,2.557240e+02,-3.053931e+03,1193.34,-3074.25
32.85400,7.500667e+02,-3.198506e+03,2.469447e+02,-3.062021e+03,1220.77,-3082.41
32.85500,7.410307e+02,-3.229468e+03,2.381949e+02,-3.063825e+03,1246.18,-3084.28
32.85600,7.306373e+02,-3.267723e+03,2.274838e+02,-3.071011e+03,1270.01,-3091.53
32.85700,7.215920e+02,-3.302216e+03,2.177629e+02,-3.075611e+03,1294.4,-3096.19
32.85800,7.129767e+02,-3.334167e+03,2.091613e+02,-3.078359e+03,1315.88,-3099
32.85900,7.037553e+02,-3.361703e+03,1.993539e+02,-3.076499e+03,1334.9,-3097.2
32.86000,6.945507e+02,-3.386763e+03,1.898381e+02,-3.072675e+03,1352.47,-3093.43
32.86100,6.848620e+02,-3.407231e+03,1.809274e+02,-3.065093e+03,1369.2,-3085.89
32.86200,6.736793e+02,-3.425804e+03,1.693650e+02,-3.054615e+03,1383.15,-3075.46
32.86300,6.648185e+02,-3.445809e+03,1.599822e+02,-3.046936e+03,1397.65,-3067.82
32.86400,6.561464e+02,-3.457025e+03,1.515424e+02,-3.031544e+03,1406.49,-3052.46
32.86500,6.471159e+02,-3.468945e+03,1.421535e+02,-3.015911e+03,1415.43,-3036.87
32.86600,6.389191e+02,-3.475545e+03,1.340444e+02,-2.996192e+03,1422.3,-3017.18
32.86700,6.290147e+02,-3.483292e+03,1.241102e+02,-2.979083e+03,1431.34,-3000.09
32.86800,6.191403e+02,-3.485688e+03,1.143959e+02,-2.955359e+03,1432.18,-2976.39
32.86900,6.125165e+02,-3.484982e+03,1.073927e+02,-2.929598e+03,1433.33,-2950.64
32.87000,6.027261e+02,-3.484303e+03,9.800807e+01,-2.904118e+03,1434.97,-2925.16
32.87100,5.952091e+02,-3.481953e+03,9.062887e+01,-2.877333e+03,1434.76,-2898.37
32.87200,5.865045e+02,-3.462981e+03,8.185187e+01,-2.835951e+03,1425.89,-2856.97
32.87300,5.796898e+02,-3.448134e+03,7.516827e+01,-2.799116e+03,1419.49,-2820.09
32.87400,5.729457e+02,-3.434654e+03,6.837307e+01,-2.763969e+03,1412.61,-2784.89
32.87500,5.650284e+02,-3.420332e+03,6.122659e+01,-2.726709e+03,1402.33,-2747.56
32.87600,5.586770e+02,-3.394631e+03,5.510563e+01,-2.681137e+03,1390.37,-2701.9
32.87700,5.527173e+02,-3.367481e+03,4.942661e+01,-2.634841e+03,1376.27,-2655.51
32.87800,5.467941e+02,-3.341198e+03,4.394164e+01,-2.589665e+03,1362.82,-2610.22
32.87900,5.413123e+02,-3.299742e+03,3.879167e+01,-2.530709e+03,1343.16,-2551.12
32.88000,5.356277e+02,-3.268970e+03,3.379019e+01,-2.481219e+03,1321.98,-2501.46
32.88100,5.305765e+02,-3.236720e+03,2.915769e+01,-2.432715e+03,1306.22,-2452.78
32.88200,5.262331e+02,-3.195017e+03,2.543193e+01,-2.375262e+03,1284,-2395.12
32.88300,5.216806e+02,-3.154662e+03,2.175348e+01,-2.319924e+03,1262.37,-2339.54
32.88400,5.192555e+02,-3.104345e+03,1.935934e+01,-2.256183e+03,1236.19,-2275.54
32.88500,5.157319e+02,-3.057467e+03,1.631479e+01,-2.196171e+03,1212.39,-2215.23
32.88600,5.128579e+02,-3.003119e+03,1.438579e+01,-2.130247e+03,1184.31,-2148.97
32.88700,5.089147e+02,-2.943451e+03,1.117263e+01,-2.059038e+03,1155.31,-2077.4
32.88800,5.073517e+02,-2.889971e+03,1.009499e+01,-1.995403e+03,1127.17,-2013.37
32.88900,5.063187e+02,-2.824073e+03,9.880167e+00,-1.920301e+03,1094.08,-1937.83
32.89000,5.050335e+02,-2.757603e+03,9.045967e+00,-1.846275e+03,1064.03,-1863.34
32.89100,5.031993e+02,-2.675712e+03,8.199127e+00,-1.757923e+03,1026.56,-1774.48
32.89200,5.024987e+02,-2.595847e+03,8.119160e+00,-1.672546e+03,991.411,-1688.56
32.89300,5.019753e+02,-2.509117e+03,8.250147e+00,-1.581459e+03,954.394,-1596.88
32.89400,5.017917e+02,-2.422823e+03,8.629027e+00,-1.491141e+03,917.854,-1505.93
32.89500,5.019654e+02,-2.328555e+03,9.834927e+00,-1.396273e+03,881.26,-1410.39
32.89600,5.025850e+02,-2.228819e+03,1.112247e+01,-1.295779e+03,842.259,-1309.18
32.89700,5.041369e+02,-2.122073e+03,1.334427e+01,-1.190117e+03,801.277,-1202.76
32.89800,5.059840e+02,-2.009101e+03,1.575645e+01,-1.079311e+03,760.081,-1091.15
32.89900,5.089611e+02,-1.892275e+03,1.920596e+01,-9.664853e+02,718.234,-977.489
32.90000,5.125880e+02,-1.777518e+03,2.327993e+01,-8.558860e+02,677.202,-866.013
32.90100,5.168527e+02,-1.650009e+03,2.807034e+01,-7.350827e+02,632.84,-744.296
32.90200,5.218599e+02,-1.524875e+03,3.354431e+01,-6.171119e+02,590.257,-625.379
32.90300,5.273299e+02,-1.389786e+03,3.952991e+01,-4.907271e+02,544.824,-498.016
32.90400,5.338897e+02,-1.250645e+03,4.636889e+01,-3.620913e+02,499.183,-368.371
32.90500,5.411765e+02,-1.111409e+03,5.386840e+01,-2.340128e+02,454.433,-239.256
32.90600,5.491693e+02,-9.640160e+02,6.191007e+01,-9.926267e+01,408.557,-103.444
32.90700,5.581562e+02,-8.167620e+02,7.088613e+01,3.376015e+01,362.263,30.6605
32.90800,5.673251e+02,-6.635290e+02,8.024747e+01,1.714495e+02,316.268,169.448
32.90900,5.775178e+02,-5.035305e+02,9.022747e+01,3.145768e+02,268.445,313.688
32.91000,5.887203e+02,-3.515880e+02,1.013108e+02,4.487907e+02,222.156,449.025
32.91100,6.001877e+02,-1.913239e+02,1.127968e+02,5.905251e+02,174.688,591.889
32.91200,6.127656e+02,-3.350143e+01,1.250609e+02,7.278107e+02,128.211,730.305
32.91300,6.260399e+02,1.269930e+02,1.380569e+02,8.674413e+02,80.1222,871.064
32.91400,6.401751e+02,2.872675e+02,1.515247e+02,1.005139e+03,32.5147,1009.88
32.91500,6.543531e+02,4.451819e+02,1.654092e+02,1.140214e+03,-14.0088,1146.07
32.91600,6.694360e+02,6.153400e+02,1.798189e+02,1.285236e+03,-64.0593,1292.18
32.91700,6.845647e+02,7.783260e+02,1.943821e+02,1.422288e+03,-111.567,1430.29
32.91800,6.995553e+02,9.348473e+02,2.090784e+02,1.553743e+03,-159.689,1562.78
32.91900,7.154180e+02,1.093160e+03,2.242817e+02,1.685126e+03,-207.21,1695.16
32.92000,7.277413e+02,1.232681e+03,2.358311e+02,1.798177e+03,-253.784,1809.18
32.92100,7.416140e+02,1.384377e+03,2.493165e+02,1.921733e+03,-300.984,1933.67
32.92200,7.531320e+02,1.525855e+03,2.601661e+02,2.034943e+03,-348.425,2047.78
32.92300,7.654260e+02,1.661514e+03,2.720176e+02,2.142011e+03,-391.663,2155.69
32.92400,7.776500e+02,1.804298e+03,2.836741e+02,2.254350e+03,-439.334,2268.83
32.92500,7.888307e+02,1.939019e+03,2.944611e+02,2.359953e+03,-486.666,2375.17
32.92600,7.991673e+02,2.069529e+03,3.041222e+02,2.459828e+03,-532.356,2475.74
32.92700,8.088633e+02,2.192946e+03,3.131153e+02,2.552338e+03,-575.813,2568.89
32.92800,8.163460e+02,2.308961e+03,3.202175e+02,2.637447e+03,-621.106,2654.58
32.92900,8.231167e+02,2.423286e+03,3.267320e+02,2.720890e+03,-665.82,2738.55
32.93000,8.289760e+02,2.529586e+03,3.320671e+02,2.795589e+03,-709.746,2813.72
32.93100,8.340380e+02,2.637375e+03,3.368895e+02,2.871611e+03,-753.421,2890.16
32.93200,8.375187e+02,2.738170e+03,3.401036e+02,2.940862e+03,-797.287,2959.78
32.93300,8.377793e+02,2.817585e+03,3.398114e+02,2.989063e+03,-837.488,3008.29
32.93400,8.389400e+02,2.903074e+03,3.411324e+02,3.043656e+03,-878.622,3063.15
32.93500,8.378480e+02,2.984618e+03,3.394937e+02,3.093546e+03,-919.981,3113.26
32.93600,8.361147e+02,3.055710e+03,3.379063e+02,3.133121e+03,-958.157,3153.01
32.93700,8.325013e+02,3.118137e+03,3.338568e+02,3.165121e+03,-996.679,3185.15
32.93800,8.280493e+02,3.187570e+03,3.295209e+02,3.202579e+03,-1034.5,3222.71
32.93900,8.225867e+02,3.243845e+03,3.237805e+02,3.228627e+03,-1070.76,3248.83
32.94000,8.160747e+02,3.299855e+03,3.168637e+02,3.252790e+03,-1105.33,3273.03
32.94100,8.074833e+02,3.348445e+03,3.084774e+02,3.270728e+03,-1137.47,3290.99
32.94200,7.988187e+02,3.387919e+03,2.993436e+02,3.280041e+03,-1168.38,3300.31
32.94300,7.900080e+02,3.424265e+03,2.908053e+02,3.286594e+03,-1198.4,3306.85
32.94400,7.804000e+02,3.452823e+03,2.813912e+02,3.284425e+03,-1222.93,3304.65
32.94500,7.691313e+02,3.486995e+03,2.698228e+02,3.289087e+03,-1252.13,3309.28
32.94600,7.576380e+02,3.514413e+03,2.584170e+02,3.286143e+03,-1275.74,3306.29
32.94700,7.472660e+02,3.547863e+03,2.477980e+02,3.289917e+03,-1302.27,3310.01
32.94800,7.359293e+02,3.572520e+03,2.361799e+02,3.286107e+03,-1325.2,3306.14
32.94900,7.239193e+02,3.591499e+03,2.240654e+02,3.276601e+03,-1347.05,3296.58
32.95000,7.117447e+02,3.601741e+03,2.118108e+02,3.258209e+03,-1363.11,3278.13
32.95100,6.994420e+02,3.615993e+03,1.992340e+02,3.244868e+03,-1381.34,3264.73
32.95200,6.884107e+02,3.624758e+03,1.881249e+02,3.226078e+03,-1395.52,3245.88
32.95300,6.765033e+02,3.632823e+03,1.761974e+02,3.207644e+03,-1410.25,3227.38
32.95400,6.638779e+02,3.635846e+03,1.633398e+02,3.183257e+03,-1419.23,3202.93
32.95500,6.522969e+02,3.639761e+03,1.518153e+02,3.161060e+03,-1431.09,3180.67
32.95600,6.399461e+02,3.641301e+03,1.396397e+02,3.136761e+03,-1440.06,3156.31
32.95700,6.275194e+02,3.641535e+03,1.271153e+02,3.111218e+03,-1449.54,3130.71
32.95800,6.167687e+02,3.633560e+03,1.162775e+02,3.078754e+03,-1452.65,3098.19
32.95900,6.038415e+02,3.615416e+03,1.038440e+02,3.037239e+03,-1452.1,3056.63
32.96000,5.933848e+02,3.603551e+03,9.328820e+01,3.002653e+03,-1453.6,3021.99
32.96100,5.825293e+02,3.592288e+03,8.253193e+01,2.968379e+03,-1455.44,2987.66
32.96200,5.707185e+02,3.573914e+03,7.079680e+01,2.927070e+03,-1452.67,2946.29
32.96300,5.589033e+02,3.547751e+03,5.918977e+01,2.878503e+03,-1444.58,2897.65
32.96400,5.519089e+02,3.520541e+03,5.231745e+01,2.831307e+03,-1436.09,2850.37
32.96500,5.426225e+02,3.496499e+03,4.351645e+01,2.785890e+03,-1427.44,2804.87
32.96600,5.336411e+02,3.472471e+03,3.467041e+01,2.742256e+03,-1420.48,2761.14
32.96700,5.261936e+02,3.440722e+03,2.739374e+01,2.691127e+03,-1408.32,2709.9
32.96800,5.193419e+02,3.405411e+03,2.121412e+01,2.637978e+03,-1392.3,2656.64
32.96900,5.111132e+02,3.368711e+03,1.336711e+01,2.582904e+03,-1376.36,2601.46
32.97000,5.038549e+02,3.337958e+03,6.666403e+00,2.534384e+03,-1362.86,2552.81
32.97100,4.995268e+02,3.291519e+03,2.554106e+00,2.472591e+03,-1341.34,2490.87
32.97200,4.942401e+02,3.248014e+03,-2.267181e+00,2.413878e+03,-1321.63,2432.01
32.97300,4.891225e+02,3.203907e+03,-6.872160e+00,2.354979e+03,-1301.95,2372.93
32.97400,4.847205e+02,3.156768e+03,-1.081621e+01,2.294443e+03,-1280.2,2312.2
32.97500,4.820280e+02,3.107817e+03,-1.311084e+01,2.232029e+03,-1254.96,2249.57
32.97600,4.778663e+02,3.052623e+03,-1.662156e+01,2.164439e+03,-1230.09,2181.74
32.97700,4.756201e+02,2.999715e+03,-1.847567e+01,2.100112e+03,-1204.6,2117.15
32.97800,4.745871e+02,2.938387e+03,-1.928381e+01,2.028655e+03,-1174.76,2045.4
32.97900,4.730665e+02,2.873361e+03,-2.018262e+01,1.954770e+03,-1145.8,1971.19
32.98000,4.760325e+02,2.829797e+03,-1.717337e+01,1.900917e+03,-1115.66,1916.98
32.98100,4.755976e+02,2.754362e+03,-1.695402e+01,1.819029e+03,-1084.15,1834.71
32.98200,4.762050e+02,2.687091e+03,-1.598400e+01,1.744571e+03,-1051.89,1759.84
32.98300,4.776507e+02,2.611411e+03,-1.395549e+01,1.664398e+03,-1017.37,1679.22
32.98400,4.788049e+02,2.528232e+03,-1.217547e+01,1.576547e+03,-980.217,1590.87
32.98500,4.813395e+02,2.453095e+03,-9.164213e+00,1.497700e+03,-947.238,1511.49
32.98600,4.845870e+02,2.361069e+03,-5.676285e+00,1.404444e+03,-907.902,1417.66
32.98700,4.881463e+02,2.270546e+03,-1.821607e+00,1.313105e+03,-869.426,1325.69
32.98800,4.923679e+02,2.172523e+03,2.637757e+00,1.215803e+03,-830.766,1227.72
32.98900,4.962530e+02,2.072522e+03,7.091580e+00,1.117422e+03,-791.566,1128.63
32.99000,5.013497e+02,1.961467e+03,1.237817e+01,1.009645e+03,-749.32,1020.1
32.99100,5.070768e+02,1.849076e+03,1.822025e+01,9.015293e+02,-705.269,911.182
32.99200,5.135657e+02,1.739075e+03,2.489351e+01,7.970567e+02,-664.992,805.868
32.99300,5.205936e+02,1.617206e+03,3.195144e+01,6.820260e+02,-620.375,689.957
32.99400,5.283585e+02,1.497591e+03,3.974313e+01,5.704211e+02,-578.651,577.435
32.99500,5.364971e+02,1.369643e+03,4.797053e+01,4.518365e+02,-533.91,457.9
32.99600,5.452033e+02,1.235443e+03,5.664129e+01,3.288390e+02,-488.545,333.919
32.99700,5.545645e+02,1.099729e+03,6.587573e+01,2.050494e+02,-443.33,209.116
32.99800,5.644297e+02,9.613300e+02,7.566153e+01,7.994300e+01,-397.845,82.9709
32.99900,5.749525e+02,8.169820e+02,8.587373e+01,-4.987378e+01,-352.879,-47.904
33.00000,5.860978e+02,6.722200e+02,9.672653e+01,-1.782787e+02,-306.214,-177.382
