# ale_1x_dt0.001: forces per unit depth (N/m) on cylinder+flag (total) and flag (plate); gen_q = pressure force on the flag projected on the prescribed mode, gen_u its unprojected sum; last 2 s at 1 ms
time,total_drag,total_lift,plate_drag,plate_lift,gen_q,gen_u
31.00000,5.814580e+02,6.772600e+02,9.185327e+01,-1.714425e+02,-305.948,-169.811
31.00100,5.932702e+02,5.319089e+02,1.032850e+02,-2.998401e+02,-258.94,-299.256
31.00200,6.053756e+02,3.860792e+02,1.150457e+02,-4.276249e+02,-213.71,-428.098
31.00300,6.179864e+02,2.362791e+02,1.272725e+02,-5.584935e+02,-166.185,-560.032
31.00400,6.309691e+02,7.964700e+01,1.397320e+02,-6.942620e+02,-119.531,-696.871
31.00500,6.444009e+02,-6.970700e+01,1.526548e+02,-8.225113e+02,-72.6257,-826.191
31.00600,6.579709e+02,-2.225267e+02,1.658139e+02,-9.533420e+02,-25.4455,-958.087
31.00700,6.721740e+02,-3.798598e+02,1.794059e+02,-1.087230e+03,22.1488,-1093.03
31.00800,6.859720e+02,-5.242308e+02,1.924732e+02,-1.207947e+03,68.5442,-1214.79
31.00900,6.998647e+02,-6.678047e+02,2.054945e+02,-1.326512e+03,114.291,-1334.38
31.01000,7.142887e+02,-8.264513e+02,2.191427e+02,-1.458691e+03,161.541,-1467.55
31.01100,7.278307e+02,-9.754113e+02,2.319365e+02,-1.580859e+03,208.814,-1590.67
31.01200,7.405333e+02,-1.119361e+03,2.438014e+02,-1.696968e+03,256.736,-1707.7
31.01300,7.523773e+02,-1.254834e+03,2.551523e+02,-1.805895e+03,303.819,-1817.5
31.01400,7.638053e+02,-1.385388e+03,2.659268e+02,-1.908983e+03,348.995,-1921.43
31.01500,7.737227e+02,-1.510889e+03,2.751407e+02,-2.006069e+03,393.436,-2019.31
31.01600,7.830660e+02,-1.634671e+03,2.836507e+02,-2.101367e+03,439.658,-2115.35
31.01700,7.910380e+02,-1.752539e+03,2.911071e+02,-2.189773e+03,484.905,-2204.45
31.01800,7.980553e+02,-1.874694e+03,2.979948e+02,-2.281713e+03,531.463,-2297.04
31.01900,8.045960e+02,-1.986700e+03,3.039596e+02,-2.364101e+03,575.495,-2380.02
31.02000,8.095600e+02,-2.094621e+03,3.084971e+02,-2.442471e+03,620.756,-2458.94
31.02100,8.123260e+02,-2.189524e+03,3.112565e+02,-2.507731e+03,663.774,-2524.7
31.02200,8.149773e+02,-2.285185e+03,3.135049e+02,-2.572787e+03,707.395,-2590.21
31.02300,8.164560e+02,-2.380467e+03,3.144056e+02,-2.637709e+03,752.203,-2655.54
31.02400,8.172200e+02,-2.466649e+03,3.152277e+02,-2.693535e+03,792.9,-2711.73
31.02500,8.159147e+02,-2.546345e+03,3.135805e+02,-2.742654e+03,833.638,-2761.17
31.02600,8.123180e+02,-2.621682e+03,3.102963e+02,-2.786917e+03,873.595,-2805.72
31.02700,8.088647e+02,-2.695921e+03,3.063627e+02,-2.830854e+03,914.197,-2849.91
31.02800,8.041920e+02,-2.761274e+03,3.018814e+02,-2.865766e+03,952.337,-2885.04
31.02900,7.988660e+02,-2.827533e+03,2.966805e+02,-2.901444e+03,990.422,-2920.92
31.03000,7.931700e+02,-2.890490e+03,2.909539e+02,-2.933307e+03,1027.38,-2952.95
31.03100,7.876347e+02,-2.948590e+03,2.853837e+02,-2.961391e+03,1064.6,-2981.17
31.03200,7.801207e+02,-2.998250e+03,2.776150e+02,-2.981480e+03,1099.1,-3001.39
31.03300,7.719513e+02,-3.051353e+03,2.694163e+02,-3.002714e+03,1131.26,-3022.73
31.03400,7.649680e+02,-3.101882e+03,2.618139e+02,-3.022714e+03,1162.75,-3042.83
31.03500,7.559387e+02,-3.152105e+03,2.528117e+02,-3.040701e+03,1193.88,-3060.9
31.03600,7.478933e+02,-3.192529e+03,2.448641e+02,-3.051026e+03,1220.33,-3071.31
31.03700,7.382920e+02,-3.225645e+03,2.350855e+02,-3.054490e+03,1245.66,-3074.85
31.03800,7.301393e+02,-3.264669e+03,2.272395e+02,-3.063381e+03,1270.07,-3083.81
31.03900,7.207780e+02,-3.299794e+03,2.179955e+02,-3.068655e+03,1291.79,-3089.15
31.04000,7.119987e+02,-3.336019e+03,2.083247e+02,-3.074482e+03,1313.18,-3095.03
31.04100,7.030993e+02,-3.365833e+03,1.991041e+02,-3.074965e+03,1333.68,-3095.57
31.04200,6.941333e+02,-3.383861e+03,1.899951e+02,-3.065130e+03,1350.87,-3085.78
31.04300,6.852153e+02,-3.410434e+03,1.810998e+02,-3.061894e+03,1366.72,-3082.59
31.04400,6.758613e+02,-3.433186e+03,1.718668e+02,-3.056683e+03,1383.53,-3077.42
31.04500,6.663957e+02,-3.452216e+03,1.620370e+02,-3.047307e+03,1394.23,-3068.08
31.04600,6.579362e+02,-3.467166e+03,1.532492e+02,-3.035093e+03,1405.37,-3055.9
31.04700,6.490271e+02,-3.477539e+03,1.443211e+02,-3.018811e+03,1412.81,-3039.64
31.04800,6.396610e+02,-3.490513e+03,1.347644e+02,-3.004217e+03,1420.11,-3025.07
31.04900,6.314635e+02,-3.494385e+03,1.267901e+02,-2.983253e+03,1425.72,-3004.13
31.05000,6.232093e+02,-3.500177e+03,1.185143e+02,-2.963639e+03,1429.87,-2984.53
31.05100,6.145141e+02,-3.500970e+03,1.096603e+02,-2.939357e+03,1431.67,-2960.25
31.05200,6.071739e+02,-3.500322e+03,1.022749e+02,-2.914888e+03,1431.89,-2935.79
31.05300,5.972295e+02,-3.490373e+03,9.248993e+01,-2.880525e+03,1428.82,-2901.42
31.05400,5.882131e+02,-3.470524e+03,8.389660e+01,-2.837760e+03,1420.76,-2858.63
31.05500,5.808854e+02,-3.458149e+03,7.635907e+01,-2.803735e+03,1415.46,-2824.57
31.05600,5.742202e+02,-3.439208e+03,7.003560e+01,-2.763059e+03,1404.56,-2783.83
31.05700,5.662167e+02,-3.428354e+03,6.239331e+01,-2.729623e+03,1396.49,-2750.32
31.05800,5.595501e+02,-3.407915e+03,5.605721e+01,-2.688407e+03,1385.63,-2709.01
31.05900,5.532175e+02,-3.378495e+03,5.035399e+01,-2.640035e+03,1371.64,-2660.52
31.06000,5.476795e+02,-3.352962e+03,4.502227e+01,-2.596159e+03,1358.05,-2616.52
31.06100,5.436401e+02,-3.319695e+03,4.134325e+01,-2.545173e+03,1339.24,-2565.39
31.06200,5.389284e+02,-3.282179e+03,3.690315e+01,-2.490247e+03,1318.84,-2510.3
31.06300,5.321575e+02,-3.238618e+03,3.092345e+01,-2.429577e+03,1294.76,-2449.44
31.06400,5.264979e+02,-3.191625e+03,2.606341e+01,-2.367222e+03,1272.19,-2386.87
31.06500,5.224639e+02,-3.152445e+03,2.245174e+01,-2.312980e+03,1250.97,-2332.4
31.06600,5.182407e+02,-3.103393e+03,1.904931e+01,-2.251027e+03,1226.88,-2270.18
31.06700,5.154263e+02,-3.054233e+03,1.657395e+01,-2.189564e+03,1201.99,-2208.42
31.06800,5.126377e+02,-3.000139e+03,1.422715e+01,-2.124244e+03,1176.7,-2142.78
31.06900,5.071644e+02,-2.941668e+03,9.880220e+00,-2.053887e+03,1148.34,-2072.07
31.07000,5.044350e+02,-2.876659e+03,7.858460e+00,-1.979397e+03,1117.45,-1997.19
31.07100,5.020571e+02,-2.805949e+03,6.203440e+00,-1.900248e+03,1085.01,-1917.62
31.07200,4.999675e+02,-2.733597e+03,4.743985e+00,-1.820767e+03,1053.36,-1837.68
31.07300,4.982343e+02,-2.659926e+03,3.889285e+00,-1.740177e+03,1020.13,-1756.59
31.07400,4.978241e+02,-2.580718e+03,4.003545e+00,-1.655919e+03,984.268,-1671.8
31.07500,4.977595e+02,-2.495228e+03,4.583831e+00,-1.566707e+03,947.756,-1582.02
31.07600,4.984613e+02,-2.403946e+03,5.782956e+00,-1.473315e+03,910.759,-1488.03
31.07700,4.979209e+02,-2.308679e+03,5.952839e+00,-1.375454e+03,873.052,-1389.53
31.07800,4.983609e+02,-2.206647e+03,7.417520e+00,-1.273649e+03,833.24,-1287.04
31.07900,4.995945e+02,-2.105200e+03,9.277833e+00,-1.173112e+03,796.379,-1185.78
31.08000,5.017599e+02,-1.991037e+03,1.195867e+01,-1.061545e+03,753.68,-1073.46
31.08100,5.045279e+02,-1.874644e+03,1.528666e+01,-9.489007e+02,711.671,-960.015
31.08200,5.080125e+02,-1.755747e+03,1.929060e+01,-8.349447e+02,669.684,-845.227
31.08300,5.124932e+02,-1.633571e+03,2.412743e+01,-7.190807e+02,627.331,-728.496
31.08400,5.179745e+02,-1.508301e+03,2.995451e+01,-6.015115e+02,584.321,-610.028
31.08500,5.238859e+02,-1.375829e+03,3.626841e+01,-4.778791e+02,539.54,-485.466
31.08600,5.303521e+02,-1.238008e+03,4.313594e+01,-3.504912e+02,494.135,-357.12
31.08700,5.376403e+02,-1.099147e+03,5.066844e+01,-2.231886e+02,450.691,-228.832
31.08800,5.460639e+02,-9.532553e+02,5.911979e+01,-9.023173e+01,403.597,-94.8658
31.08900,5.549243e+02,-8.061633e+02,6.822653e+01,4.293884e+01,357.546,39.3356
31.09000,5.647295e+02,-6.521089e+02,7.793073e+01,1.809507e+02,309.842,178.397
31.09100,5.752347e+02,-5.016766e+02,8.844867e+01,3.149039e+02,264.057,313.414
31.09200,5.866072e+02,-3.486827e+02,9.958213e+01,4.503391e+02,217.084,449.926
31.09300,5.982884e+02,-1.929629e+02,1.112069e+02,5.872712e+02,170.03,587.943
31.09400,6.108099e+02,-3.135941e+01,1.233691e+02,7.286013e+02,122.28,730.364
31.09500,6.237770e+02,1.242219e+02,1.361710e+02,8.633507e+02,75.6125,866.206
31.09600,6.376399e+02,2.849945e+02,1.494841e+02,1.001911e+03,26.9238,1005.86
31.09700,6.516921e+02,4.436629e+02,1.630406e+02,1.136908e+03,-20.1752,1141.94
31.09800,6.659548e+02,5.995759e+02,1.768150e+02,1.268691e+03,-67.1592,1274.79
31.09900,6.806100e+02,7.537593e+02,1.908122e+02,1.398115e+03,-115.472,1405.27
31.10000,6.952473e+02,9.077307e+02,2.049749e+02,1.526201e+03,-162.548,1534.39
31.10100,7.104000e+02,1.066464e+03,2.194727e+02,1.657803e+03,-209.452,1667
31.10200,7.252653e+02,1.226444e+03,2.340861e+02,1.790497e+03,-256.884,1800.66
31.10300,7.393207e+02,1.377033e+03,2.473450e+02,1.912572e+03,-305.046,1923.66
31.10400,7.525287e+02,1.520070e+03,2.596801e+02,2.026973e+03,-352.299,2038.95
31.10500,7.650640e+02,1.659687e+03,2.716901e+02,2.137915e+03,-399.308,2150.74
31.10600,7.771727e+02,1.794569e+03,2.832571e+02,2.242603e+03,-443.68,2256.23
31.10700,7.887593e+02,1.929101e+03,2.940538e+02,2.346690e+03,-489.497,2361.08
31.10800,7.994280e+02,2.057007e+03,3.041349e+02,2.444402e+03,-533.955,2459.5
31.10900,8.087267e+02,2.184518e+03,3.128089e+02,2.541217e+03,-581.505,2556.97
31.11000,8.161907e+02,2.296363e+03,3.201909e+02,2.622103e+03,-624.708,2638.46
31.11100,8.230500e+02,2.410138e+03,3.266885e+02,2.704921e+03,-667.982,2721.83
31.11200,8.289700e+02,2.517587e+03,3.321563e+02,2.781549e+03,-710.598,2798.95
31.11300,8.328507e+02,2.618614e+03,3.357872e+02,2.851059e+03,-754.656,2868.91
31.11400,8.355400e+02,2.708095e+03,3.380158e+02,2.909227e+03,-794.115,2927.47
31.11500,8.374713e+02,2.799966e+03,3.397433e+02,2.969537e+03,-835.448,2988.12
31.11600,8.390327e+02,2.893104e+03,3.403048e+02,3.030429e+03,-878.744,3049.31
31.11700,8.376327e+02,2.967385e+03,3.391567e+02,3.073926e+03,-917.382,3093.06
31.11800,8.356260e+02,3.042318e+03,3.370580e+02,3.116968e+03,-956.711,3136.32
31.11900,8.306340e+02,3.102394e+03,3.319175e+02,3.146125e+03,-993.304,3165.65
31.12000,8.270587e+02,3.166072e+03,3.279799e+02,3.179555e+03,-1031.21,3199.21
31.12100,8.207180e+02,3.229061e+03,3.217725e+02,3.210769e+03,-1067.49,3230.53
31.12200,8.138287e+02,3.284295e+03,3.148498e+02,3.235121e+03,-1103.5,3254.95
31.12300,8.060527e+02,3.335399e+03,3.063302e+02,3.255342e+03,-1137.1,3275.22
31.12400,7.966707e+02,3.376079e+03,2.970181e+02,3.265809e+03,-1167.97,3285.72
31.12500,7.870207e+02,3.412892e+03,2.876216e+02,3.272475e+03,-1196.7,3292.39
31.12600,7.784367e+02,3.453201e+03,2.789483e+02,3.282538e+03,-1225.99,3302.44
31.12700,7.679707e+02,3.482619e+03,2.685706e+02,3.281384e+03,-1249.63,3301.27
31.12800,7.571813e+02,3.511461e+03,2.575174e+02,3.280252e+03,-1274.9,3300.11
31.12900,7.453353e+02,3.540415e+03,2.452165e+02,3.279448e+03,-1300.34,3299.27
31.13000,7.329447e+02,3.563784e+03,2.329641e+02,3.273571e+03,-1323.05,3293.34
31.13100,7.215380e+02,3.581414e+03,2.214804e+02,3.263642e+03,-1344.61,3283.36
31.13200,7.106727e+02,3.594845e+03,2.104019e+02,3.249049e+03,-1360.85,3268.71
31.13300,6.975227e+02,3.610045e+03,1.973955e+02,3.235349e+03,-1377.45,3254.96
31.13400,6.857427e+02,3.619913e+03,1.852358e+02,3.217917e+03,-1392.33,3237.47
31.13500,6.750460e+02,3.628726e+03,1.740676e+02,3.200156e+03,-1406.08,3219.65
31.13600,6.630300e+02,3.634260e+03,1.621696e+02,3.178657e+03,-1417.93,3198.1
31.13700,6.505675e+02,3.635053e+03,1.497865e+02,3.152835e+03,-1426.13,3172.22
31.13800,6.401083e+02,3.633585e+03,1.391571e+02,3.126305e+03,-1435.71,3145.63
31.13900,6.280357e+02,3.634423e+03,1.272158e+02,3.101772e+03,-1442.18,3121.05
31.14000,6.155241e+02,3.622506e+03,1.150468e+02,3.065411e+03,-1444.59,3084.63
31.14100,6.034119e+02,3.610528e+03,1.028033e+02,3.029364e+03,-1446.55,3048.53
31.14200,5.924161e+02,3.596849e+03,9.218687e+01,2.992975e+03,-1447.6,3012.09
31.14300,5.807603e+02,3.581589e+03,8.087520e+01,2.954527e+03,-1446.9,2973.59
31.14400,5.702891e+02,3.566645e+03,7.060260e+01,2.917728e+03,-1445.23,2936.74
31.14500,5.604125e+02,3.545995e+03,6.055783e+01,2.875425e+03,-1440.69,2894.37
31.14600,5.496657e+02,3.515555e+03,4.997000e+01,2.823665e+03,-1430.08,2842.53
31.14700,5.403787e+02,3.486373e+03,4.096654e+01,2.774113e+03,-1419.42,2792.89
31.14800,5.318651e+02,3.454367e+03,3.303253e+01,2.722252e+03,-1408.58,2740.94
31.14900,5.246935e+02,3.432445e+03,2.593647e+01,2.680887e+03,-1399.47,2699.47
31.15000,5.189563e+02,3.396961e+03,2.038698e+01,2.627873e+03,-1385.14,2646.35
31.15100,5.104279e+02,3.357440e+03,1.249908e+01,2.570706e+03,-1368.67,2589.06
31.15200,5.030199e+02,3.313875e+03,5.773729e+00,2.509877e+03,-1348.79,2528.1
31.15300,4.969928e+02,3.271329e+03,2.754088e-01,2.450904e+03,-1330.06,2468.99
31.15400,4.926522e+02,3.231015e+03,-3.841786e+00,2.395819e+03,-1310.56,2413.75
31.15500,4.883308e+02,3.184515e+03,-7.773893e+00,2.334871e+03,-1288.34,2352.63
31.15600,4.850447e+02,3.136201e+03,-1.070315e+01,2.273539e+03,-1265.82,2291.11
31.15700,4.798954e+02,3.083255e+03,-1.502573e+01,2.207540e+03,-1241.6,2224.9
31.15800,4.762955e+02,3.033443e+03,-1.822079e+01,2.145225e+03,-1217.31,2162.35
31.15900,4.733671e+02,2.973941e+03,-2.064529e+01,2.074638e+03,-1190.16,2091.51
31.16000,4.714044e+02,2.910408e+03,-2.220640e+01,2.001309e+03,-1161.02,2017.9
31.16100,4.703335e+02,2.849273e+03,-2.286903e+01,1.931202e+03,-1132.29,1947.48
31.16200,4.700779e+02,2.781896e+03,-2.271721e+01,1.856103e+03,-1100.93,1872.05
31.16300,4.706656e+02,2.714390e+03,-2.171043e+01,1.781794e+03,-1069.66,1797.37
31.16400,4.705066e+02,2.641743e+03,-2.138026e+01,1.702921e+03,-1038.08,1718.09
31.16500,4.716557e+02,2.571953e+03,-1.979777e+01,1.626858e+03,-1004.59,1641.59
31.16600,4.749641e+02,2.500835e+03,-1.623013e+01,1.551673e+03,-969.667,1565.93
31.16700,4.772930e+02,2.418808e+03,-1.348479e+01,1.466503e+03,-932.955,1480.24
31.16800,4.793164e+02,2.325503e+03,-1.082479e+01,1.372047e+03,-896.653,1385.23
31.16900,4.828581e+02,2.235051e+03,-6.919767e+00,1.281133e+03,-859.388,1293.73
31.17000,4.871718e+02,2.135115e+03,-2.464037e+00,1.182046e+03,-818.549,1194.01
31.17100,4.920449e+02,2.034874e+03,2.738284e+00,1.084104e+03,-779.468,1095.39
31.17200,4.970129e+02,1.929149e+03,7.975667e+00,9.816327e+02,-738.767,992.205
31.17300,5.029932e+02,1.817267e+03,1.403565e+01,8.744100e+02,-696.583,884.225
31.17400,5.091684e+02,1.703211e+03,2.038316e+01,7.657900e+02,-654.552,774.808
31.17500,5.160887e+02,1.583861e+03,2.743293e+01,6.536155e+02,-612.41,661.799
31.17600,5.237878e+02,1.460231e+03,3.518846e+01,5.383918e+02,-568.831,545.704
31.17700,5.323425e+02,1.332119e+03,4.357291e+01,4.202663e+02,-524.554,426.673
31.17800,5.412176e+02,1.200671e+03,5.270433e+01,2.996140e+02,-478.956,305.084
31.17900,5.510195e+02,1.070442e+03,6.234518e+01,1.816282e+02,-435.078,186.132
31.18000,5.613277e+02,9.373893e+02,7.242660e+01,6.168101e+01,-391.326,65.1924
31.18100,5.720272e+02,7.938680e+02,8.281520e+01,-6.778060e+01,-343.579,-65.2846
31.18200,5.834712e+02,6.507904e+02,9.386147e+01,-1.948758e+02,-297.562,-193.413
31.18300,5.954717e+02,5.050107e+02,1.054091e+02,-3.234782e+02,-250.372,-323.064
31.18400,6.076007e+02,3.590674e+02,1.172047e+02,-4.512401e+02,-205.35,-451.884
31.18500,6.202629e+02,2.080185e+02,1.294954e+02,-5.829489e+02,-157.872,-584.659
31.18600,6.334697e+02,5.143735e+01,1.420724e+02,-7.185507e+02,-110.742,-721.331
31.18700,6.467799e+02,-9.735967e+01,1.550348e+02,-8.462493e+02,-63.8821,-850.098
31.18800,6.605656e+02,-2.528504e+02,1.682714e+02,-9.791947e+02,-16.5816,-984.107
31.18900,6.747633e+02,-4.057912e+02,1.818319e+02,-1.108955e+03,30.7643,-1114.92
31.19000,6.884733e+02,-5.499443e+02,1.948495e+02,-1.229191e+03,76.8323,-1236.2
31.19100,7.025147e+02,-6.974540e+02,2.080347e+02,-1.351239e+03,123.33,-1359.27
31.19200,7.167353e+02,-8.531320e+02,2.214293e+02,-1.480497e+03,170.24,-1489.51
31.19300,7.302020e+02,-1.002822e+03,2.341545e+02,-1.602971e+03,217.658,-1612.93
31.19400,7.426320e+02,-1.144273e+03,2.459156e+02,-1.717223e+03,265.629,-1728.09
31.19500,7.544900e+02,-1.279507e+03,2.571990e+02,-1.825449e+03,312.375,-1837.19
31.19600,7.656293e+02,-1.408187e+03,2.675664e+02,-1.926419e+03,357.116,-1938.99
31.19700,7.755133e+02,-1.533999e+03,2.768095e+02,-2.023947e+03,401.867,-2037.3
31.19800,7.843367e+02,-1.652456e+03,2.849324e+02,-2.114161e+03,447.376,-2128.25
31.19900,7.922200e+02,-1.775225e+03,2.922425e+02,-2.206749e+03,493.67,-2221.53
31.20000,7.993380e+02,-1.894616e+03,2.992059e+02,-2.296207e+03,539.122,-2311.62
31.20100,8.054060e+02,-2.006221e+03,3.047786e+02,-2.378379e+03,584.035,-2394.38
31.20200,8.100233e+02,-2.112726e+03,3.088737e+02,-2.455050e+03,629.076,-2471.59
31.20300,8.127667e+02,-2.206242e+03,3.116425e+02,-2.518890e+03,671.817,-2535.93
31.20400,8.149753e+02,-2.300689e+03,3.134828e+02,-2.582919e+03,715.41,-2600.4
31.20500,8.164927e+02,-2.397067e+03,3.144759e+02,-2.648586e+03,760.216,-2666.47
31.20600,8.170493e+02,-2.480035e+03,3.149771e+02,-2.701499e+03,800.52,-2719.74
31.20700,8.149680e+02,-2.558383e+03,3.126485e+02,-2.749255e+03,841.11,-2767.81
31.20800,8.115060e+02,-2.633367e+03,3.095716e+02,-2.793138e+03,880.803,-2811.98
31.20900,8.075700e+02,-2.707593e+03,3.051369e+02,-2.836927e+03,921.427,-2856.02
31.21000,8.028913e+02,-2.772021e+03,3.005784e+02,-2.870948e+03,959.553,-2890.25
31.21100,7.977060e+02,-2.839075e+03,2.955809e+02,-2.907383e+03,997.361,-2926.88
31.21200,7.923813e+02,-2.901288e+03,2.900922e+02,-2.938539e+03,1034.33,-2958.2
31.21300,7.860567e+02,-2.956749e+03,2.837957e+02,-2.964027e+03,1071.04,-2983.83
31.21400,7.788040e+02,-3.007856e+03,2.762375e+02,-2.985283e+03,1104.88,-3005.21
31.21500,7.704300e+02,-3.060179e+03,2.677759e+02,-3.005740e+03,1137.61,-3025.77
31.21600,7.631433e+02,-3.110346e+03,2.600925e+02,-3.025385e+03,1169.01,-3045.51
31.21700,7.545507e+02,-3.159078e+03,2.512935e+02,-3.042230e+03,1198.37,-3062.44
31.21800,7.459300e+02,-3.197449e+03,2.429499e+02,-3.050576e+03,1225.06,-3070.87
31.21900,7.369293e+02,-3.235173e+03,2.338866e+02,-3.058320e+03,1251.46,-3078.69
31.22000,7.286880e+02,-3.268956e+03,2.258181e+02,-3.062327e+03,1273.2,-3082.76
31.22100,7.188667e+02,-3.306043e+03,2.159852e+02,-3.069358e+03,1295.44,-3089.86
31.22200,7.100273e+02,-3.337933e+03,2.064289e+02,-3.071325e+03,1316.23,-3091.89
31.22300,7.017740e+02,-3.371893e+03,1.975187e+02,-3.075515e+03,1337.73,-3096.13
31.22400,6.931193e+02,-3.390771e+03,1.889937e+02,-3.066972e+03,1354.97,-3087.63
31.22500,6.835440e+02,-3.415277e+03,1.795129e+02,-3.061197e+03,1369.64,-3081.89
31.22600,6.742107e+02,-3.436032e+03,1.702304e+02,-3.054331e+03,1385.1,-3075.07
31.22700,6.649279e+02,-3.458481e+03,1.602490e+02,-3.048161e+03,1398.06,-3068.94
31.22800,6.562403e+02,-3.469496e+03,1.516027e+02,-3.032265e+03,1407.21,-3053.07
31.22900,6.474681e+02,-3.478901e+03,1.427278e+02,-3.015161e+03,1413.73,-3036
31.23000,6.382989e+02,-3.491373e+03,1.334273e+02,-3.000258e+03,1421.09,-3021.12
31.23100,6.302581e+02,-3.496357e+03,1.255853e+02,-2.980607e+03,1426.84,-3001.49
31.23200,6.212114e+02,-3.498821e+03,1.165493e+02,-2.957619e+03,1429.43,-2978.51
31.23300,6.132993e+02,-3.501853e+03,1.085174e+02,-2.935897e+03,1432.26,-2956.79
31.23400,6.057089e+02,-3.500687e+03,1.008497e+02,-2.910447e+03,1431.76,-2931.34
31.23500,5.955943e+02,-3.487411e+03,9.089833e+01,-2.873139e+03,1427.43,-2894.02
31.23600,5.867972e+02,-3.467505e+03,8.240040e+01,-2.830648e+03,1419.65,-2851.51
31.23700,5.800763e+02,-3.457091e+03,7.554713e+01,-2.798530e+03,1414.3,-2819.35
31.23800,5.732419e+02,-3.437861e+03,6.907380e+01,-2.757770e+03,1403.56,-2778.53
31.23900,5.646269e+02,-3.425302e+03,6.091889e+01,-2.722358e+03,1394.45,-2743.03
31.24000,5.582499e+02,-3.402965e+03,5.484824e+01,-2.679787e+03,1383.27,-2700.37
31.24100,5.526290e+02,-3.376415e+03,4.979596e+01,-2.634275e+03,1369.65,-2654.74
31.24200,5.467581e+02,-3.347205e+03,4.416559e+01,-2.587127e+03,1355.05,-2607.46
31.24300,5.424149e+02,-3.313510e+03,4.022855e+01,-2.535649e+03,1336.05,-2555.84
31.24400,5.380012e+02,-3.275253e+03,3.602511e+01,-2.480255e+03,1314.68,-2500.27
31.24500,5.310321e+02,-3.230136e+03,2.999040e+01,-2.418110e+03,1290.72,-2437.93
31.24600,5.256789e+02,-3.186297e+03,2.530791e+01,-2.358829e+03,1268.85,-2378.44
31.24700,5.218129e+02,-3.144463e+03,2.197607e+01,-2.302479e+03,1246.54,-2321.84
31.24800,5.178367e+02,-3.093639e+03,1.866825e+01,-2.238991e+03,1221.85,-2258.09
31.24900,5.148859e+02,-3.044023e+03,1.607092e+01,-2.177145e+03,1196.97,-2195.95
31.25000,5.117322e+02,-2.988535e+03,1.350155e+01,-2.110679e+03,1171.26,-2129.15
31.25100,5.064264e+02,-2.932021e+03,9.330200e+00,-2.041946e+03,1143.07,-2060.05
31.25200,5.038473e+02,-2.864212e+03,7.400273e+00,-1.965197e+03,1111.85,-1982.91
31.25300,5.016590e+02,-2.794909e+03,5.946341e+00,-1.887541e+03,1079.67,-1904.82
31.25400,4.996119e+02,-2.721559e+03,4.536321e+00,-1.807268e+03,1047.64,-1824.09
31.25500,4.981589e+02,-2.644705e+03,3.901665e+00,-1.724030e+03,1013.16,-1740.35
31.25600,4.975223e+02,-2.565499e+03,3.890417e+00,-1.639812e+03,977.8,-1655.6
31.25700,4.975629e+02,-2.478157e+03,4.520586e+00,-1.549049e+03,940.942,-1564.26
31.25800,4.982806e+02,-2.386535e+03,5.712109e+00,-1.455391e+03,904.113,-1469.99
31.25900,4.977302e+02,-2.290014e+03,6.034185e+00,-1.356719e+03,865.913,-1370.67
31.26000,4.985150e+02,-2.189164e+03,7.673720e+00,-1.256133e+03,826.504,-1269.4
31.26100,4.998001e+02,-2.084465e+03,9.585380e+00,-1.152757e+03,788.724,-1165.3
31.26200,5.021299e+02,-1.969830e+03,1.240629e+01,-1.040864e+03,745.85,-1052.64
31.26300,5.049947e+02,-1.854171e+03,1.585213e+01,-9.291127e+02,704.606,-940.086
31.26400,5.086375e+02,-1.733503e+03,2.001393e+01,-8.137007e+02,661.754,-823.837
31.26500,5.133197e+02,-1.611804e+03,2.503581e+01,-6.985013e+02,619.807,-707.766
31.26600,5.189444e+02,-1.483777e+03,3.100559e+01,-5.785261e+02,576,-586.888
31.26700,5.248842e+02,-1.351707e+03,3.736855e+01,-4.553625e+02,531.475,-462.791
31.26800,5.315813e+02,-1.212497e+03,4.440185e+01,-3.271243e+02,486.144,-333.591
31.26900,5.389636e+02,-1.073052e+03,5.204678e+01,-1.991919e+02,442.297,-204.671
31.27000,5.475857e+02,-9.266487e+02,6.066220e+01,-6.600735e+01,395.277,-70.4746
31.27100,5.565303e+02,-7.780620e+02,6.984907e+01,6.820807e+01,348.958,64.7737
31.27200,5.665042e+02,-6.237449e+02,7.969853e+01,2.062703e+02,300.933,203.887
31.27300,5.771963e+02,-4.741711e+02,9.040227e+01,3.393799e+02,255.658,338.062
31.27400,5.886175e+02,-3.207054e+02,1.016365e+02,4.750161e+02,208.41,474.775
31.27500,6.004799e+02,-1.627189e+02,1.133456e+02,6.137899e+02,161.901,614.634
31.27600,6.130813e+02,-3.225417e+00,1.256570e+02,7.530953e+02,113.347,755.03
31.27700,6.262225e+02,1.524715e+02,1.385531e+02,8.876940e+02,67.0989,890.72
31.27800,6.401096e+02,3.138726e+02,1.519222e+02,1.026823e+03,18.0119,1030.94
31.27900,6.542767e+02,4.721413e+02,1.655413e+02,1.160974e+03,-28.6766,1166.17
31.28000,6.686233e+02,6.285139e+02,1.793393e+02,1.293159e+03,-76.2569,1299.42
31.28100,6.831580e+02,7.800627e+02,1.933343e+02,1.419893e+03,-123.752,1427.21
31.28200,6.981273e+02,9.371420e+02,2.076311e+02,1.550419e+03,-170.868,1558.76
31.28300,7.129833e+02,1.094313e+03,2.220639e+02,1.680923e+03,-218.303,1690.27
31.28400,7.277820e+02,1.252707e+03,2.365679e+02,1.811698e+03,-265.236,1822
31.28500,7.417073e+02,1.402399e+03,2.495851e+02,1.932683e+03,-313.192,1943.91
31.28600,7.549320e+02,1.546155e+03,2.619574e+02,2.048006e+03,-361.139,2060.11
31.28700,7.672567e+02,1.684053e+03,2.738810e+02,2.156873e+03,-407.55,2169.82
31.28800,7.792067e+02,1.817000e+03,2.851064e+02,2.259593e+03,-451.947,2273.34
31.28900,7.906500e+02,1.952711e+03,2.958471e+02,2.364834e+03,-497.865,2379.33
31.29000,8.010500e+02,2.079980e+03,3.057907e+02,2.462127e+03,-542.87,2477.32
31.29100,8.102840e+02,2.205669e+03,3.142021e+02,2.556747e+03,-589.957,2572.59
31.29200,8.174167e+02,2.315640e+03,3.214831e+02,2.635942e+03,-632.154,2652.38
31.29300,8.240673e+02,2.429289e+03,3.276169e+02,2.718459e+03,-675.734,2735.44
31.29400,8.296593e+02,2.535546e+03,3.328867e+02,2.793805e+03,-718.662,2811.28
31.29500,8.333987e+02,2.634559e+03,3.361987e+02,2.861273e+03,-761.527,2879.18
31.29600,8.358387e+02,2.724275e+03,3.382851e+02,2.919829e+03,-801.751,2938.12
31.29700,8.376453e+02,2.815258e+03,3.397822e+02,2.978969e+03,-842.959,2997.6
31.29800,8.387600e+02,2.906433e+03,3.400397e+02,3.038323e+03,-886.044,3057.24
31.29900,8.375713e+02,2.982979e+03,3.389778e+02,3.083584e+03,-925.417,3102.75
31.30000,8.340540e+02,3.051747e+03,3.355519e+02,3.120863e+03,-964.15,3140.23
31.30100,8.297833e+02,3.113361e+03,3.310701e+02,3.151539e+03,-999.998,3171.08
31.30200,8.259860e+02,3.176443e+03,3.269052e+02,3.184362e+03,-1037.85,3204.03
31.30300,8.195433e+02,3.238811e+03,3.205863e+02,3.214923e+03,-1074.06,3234.69
31.30400,8.123700e+02,3.293865e+03,3.133403e+02,3.239173e+03,-1109.99,3259.01
31.30500,8.041667e+02,3.341493e+03,3.045578e+02,3.255699e+03,-1142.7,3275.58
31.30600,7.951367e+02,3.384187e+03,2.953001e+02,3.268493e+03,-1173.85,3288.4
31.30700,7.854340e+02,3.418059e+03,2.860695e+02,3.272280e+03,-1201.24,3292.19
31.30800,7.768407e+02,3.457582e+03,2.774629e+02,3.281779e+03,-1230.43,3301.68
31.30900,7.658987e+02,3.488332e+03,2.664165e+02,3.281379e+03,-1254.3,3301.26
31.31000,7.549387e+02,3.515981e+03,2.552329e+02,3.279222e+03,-1279.34,3299.07
31.31100,7.431333e+02,3.545291e+03,2.429758e+02,3.279053e+03,-1304.71,3298.86
31.31200,7.307473e+02,3.568554e+03,2.306681e+02,3.273055e+03,-1327.92,3292.82
31.31300,7.196927e+02,3.583199e+03,2.195330e+02,3.260412e+03,-1347.55,3280.12
31.31400,7.084047e+02,3.596030e+03,2.082483e+02,3.245085e+03,-1363.65,3264.74
31.31500,6.952833e+02,3.613751e+03,1.950217e+02,3.233828e+03,-1380.95,3253.43
31.31600,6.838873e+02,3.621491e+03,1.833430e+02,3.214494e+03,-1394.78,3234.04
31.31700,6.732453e+02,3.627262e+03,1.723135e+02,3.194323e+03,-1407.48,3213.81
31.31800,6.608346e+02,3.635789e+03,1.599842e+02,3.174875e+03,-1418.8,3194.31
31.31900,6.485354e+02,3.636613e+03,1.477215e+02,3.149525e+03,-1428.65,3168.9
31.32000,6.382798e+02,3.632575e+03,1.373330e+02,3.120882e+03,-1436.32,3140.2
31.32100,6.257771e+02,3.633273e+03,1.249401e+02,3.095893e+03,-1443.21,3115.16
31.32200,6.137452e+02,3.620344e+03,1.131838e+02,3.059098e+03,-1445.58,3078.31
31.32300,6.008593e+02,3.609287e+03,1.002721e+02,3.023749e+03,-1447.33,3042.91
31.32400,5.904742e+02,3.593378e+03,9.018640e+01,2.985287e+03,-1447.43,3004.4
31.32500,5.789449e+02,3.578376e+03,7.913867e+01,2.947388e+03,-1446.28,2966.44
31.32600,5.683081e+02,3.565168e+03,6.866153e+01,2.912046e+03,-1445.03,2931.04
31.32700,5.583462e+02,3.539615e+03,5.853877e+01,2.865113e+03,-1438.65,2884.04
31.32800,5.482497e+02,3.510614e+03,4.842978e+01,2.815004e+03,-1427.98,2833.85
31.32900,5.387837e+02,3.480203e+03,3.947168e+01,2.764364e+03,-1417.32,2783.13
31.33000,5.307217e+02,3.450825e+03,3.193729e+01,2.715095e+03,-1406.92,2733.76
31.33100,5.230138e+02,3.426452e+03,2.437128e+01,2.671451e+03,-1397.61,2690.01
31.33200,5.180809e+02,3.387345e+03,1.949283e+01,2.615542e+03,-1381.35,2633.99
31.33300,5.086611e+02,3.348730e+03,1.083565e+01,2.558751e+03,-1364.76,2577.08
31.33400,5.021269e+02,3.306021e+03,5.004864e+00,2.498898e+03,-1344.79,2517.09
31.33500,4.962165e+02,3.264197e+03,-5.562553e-01,2.440953e+03,-1326.49,2459
31.33600,4.917718e+02,3.223367e+03,-4.621191e+00,2.385491e+03,-1306.97,2403.39
31.33700,4.875913e+02,3.176009e+03,-8.441560e+00,2.323836e+03,-1284.21,2341.56
31.33800,4.845572e+02,3.126066e+03,-1.112444e+01,2.261094e+03,-1261.37,2278.62
31.33900,4.790357e+02,3.074921e+03,-1.572437e+01,2.196775e+03,-1237.15,2214.09
31.34000,4.754773e+02,3.022031e+03,-1.894700e+01,2.131780e+03,-1212.47,2148.86
31.34100,4.727923e+02,2.962283e+03,-2.112361e+01,2.061243e+03,-1184.75,2078.06
31.34200,4.710459e+02,2.899440e+03,-2.250146e+01,1.988598e+03,-1155.7,2005.13
31.34300,4.701587e+02,2.836953e+03,-2.296780e+01,1.917399e+03,-1126.59,1933.62
31.34400,4.700017e+02,2.768311e+03,-2.269316e+01,1.841334e+03,-1094.72,1857.21
31.34500,4.708095e+02,2.701912e+03,-2.156911e+01,1.768302e+03,-1064.4,1783.8
31.34600,4.703751e+02,2.627186e+03,-2.141885e+01,1.687201e+03,-1031.34,1702.29
31.34700,4.720159e+02,2.558175e+03,-1.942708e+01,1.612111e+03,-998.176,1626.76
31.34800,4.752574e+02,2.486555e+03,-1.579135e+01,1.536759e+03,-963.216,1550.92
31.34900,4.775462e+02,2.401828e+03,-1.315139e+01,1.449315e+03,-926.308,1462.96
31.35000,4.797694e+02,2.309039e+03,-1.029951e+01,1.355377e+03,-889.737,1368.46
31.35100,4.832675e+02,2.216999e+03,-6.407084e+00,1.263082e+03,-852.405,1275.57
31.35200,4.878736e+02,2.116359e+03,-1.696157e+00,1.163766e+03,-811.336,1175.61
31.35300,4.927871e+02,2.014665e+03,3.554251e+00,1.064423e+03,-771.54,1075.59
31.35400,4.978727e+02,1.908779e+03,8.889640e+00,9.621127e+02,-731.148,972.558
31.35500,5.039678e+02,1.795502e+03,1.503872e+01,8.536980e+02,-688.683,863.379
31.35600,5.102977e+02,1.680742e+03,2.152063e+01,7.446280e+02,-646.663,753.507
31.35700,5.173602e+02,1.561119e+03,2.873731e+01,6.323567e+02,-604.488,640.396
31.35800,5.252540e+02,1.436856e+03,3.661843e+01,5.168959e+02,-560.822,524.059
31.35900,5.338429e+02,1.307774e+03,4.508399e+01,3.979361e+02,-516.37,404.189
31.36000,5.428557e+02,1.176039e+03,5.434400e+01,2.771529e+02,-470.556,282.465
31.36100,5.528314e+02,1.045234e+03,6.408350e+01,1.588697e+02,-426.878,163.212
31.36200,5.631127e+02,9.113927e+02,7.423260e+01,3.832111e+01,-382.888,41.6679
31.36300,5.740249e+02,7.666240e+02,8.472900e+01,-9.206907e+01,-334.957,-89.7401
31.36400,5.855163e+02,6.242298e+02,9.590287e+01,-2.183535e+02,-289.02,-217.06
31.36500,5.976910e+02,4.780044e+02,1.075418e+02,-3.471270e+02,-241.941,-346.883
31.36600,6.098924e+02,3.316124e+02,1.193947e+02,-4.752031e+02,-196.807,-476.018
31.36700,6.226777e+02,1.792399e+02,1.317383e+02,-6.078378e+02,-149.423,-609.719
31.36800,6.359021e+02,2.363251e+01,1.443732e+02,-7.423047e+02,-101.877,-745.255
31.36900,6.491578e+02,-1.244043e+02,1.574215e+02,-8.693120e+02,-55.4518,-873.33
31.37000,6.631503e+02,-2.823307e+02,1.707533e+02,-1.004316e+03,-7.91062,-1009.4
31.37100,6.773180e+02,-4.317590e+02,1.842525e+02,-1.130658e+03,39.1822,-1136.79
31.37200,6.909447e+02,-5.751665e+02,1.972099e+02,-1.249918e+03,85.044,-1257.09
31.37300,7.052167e+02,-7.276047e+02,2.106716e+02,-1.376453e+03,132.399,-1384.63
31.37400,7.191773e+02,-8.802407e+02,2.237141e+02,-1.502595e+03,179.106,-1511.76
31.37500,7.326027e+02,-1.029010e+03,2.363633e+02,-1.623973e+03,226.095,-1634.07
31.37600,7.447913e+02,-1.169376e+03,2.480179e+02,-1.737471e+03,274.485,-1748.47
31.37700,7.565587e+02,-1.302999e+03,2.591677e+02,-1.843896e+03,320.609,-1855.76
31.37800,7.674813e+02,-1.431774e+03,2.692979e+02,-1.944587e+03,365.392,-1957.27
31.37900,7.771740e+02,-1.557377e+03,2.783245e+02,-2.041953e+03,410.685,-2055.42
31.38000,7.858593e+02,-1.672511e+03,2.863246e+02,-2.128953e+03,455.428,-2143.15
31.38100,7.932460e+02,-1.795892e+03,2.933103e+02,-2.221951e+03,501.792,-2236.83
31.38200,8.005700e+02,-1.915515e+03,3.003191e+02,-2.311485e+03,547.417,-2326.99
31.38300,8.059307e+02,-2.024199e+03,3.053399e+02,-2.390939e+03,592.011,-2407.02
31.38400,8.105620e+02,-2.130220e+03,3.093904e+02,-2.467203e+03,637.353,-2483.82
31.38500,8.132613e+02,-2.223262e+03,3.120834e+02,-2.530320e+03,679.849,-2547.42
31.38600,8.149633e+02,-2.315705e+03,3.134589e+02,-2.592665e+03,723.353,-2610.21
31.38700,8.165467e+02,-2.413271e+03,3.145854e+02,-2.659070e+03,768.007,-2677.01
31.38800,8.164967e+02,-2.492333e+03,3.143857e+02,-2.708588e+03,808.249,-2726.87
31.38900,8.142173e+02,-2.571551e+03,3.120440e+02,-2.756849e+03,848.596,-2775.45
31.39000,8.106307e+02,-2.645751e+03,3.085663e+02,-2.799899e+03,888.321,-2818.78
31.39100,8.063287e+02,-2.716617e+03,3.039914e+02,-2.840390e+03,927.739,-2859.51
31.39200,8.018680e+02,-2.783750e+03,2.995489e+02,-2.877304e+03,966.673,-2896.64
31.39300,7.967313e+02,-2.851649e+03,2.946091e+02,-2.914189e+03,1004.83,-2933.71
31.39400,7.911833e+02,-2.910875e+03,2.889063e+02,-2.942739e+03,1041.25,-2962.42
31.39500,7.846340e+02,-2.966150e+03,2.823493e+02,-2.967896e+03,1077.93,-2987.71
31.39600,7.769887e+02,-3.017814e+03,2.745487e+02,-2.989252e+03,1111.29,-3009.19
31.39700,7.693967e+02,-3.069415e+03,2.664896e+02,-3.009399e+03,1143.5,-3029.44
31.39800,7.611793e+02,-3.118959e+03,2.582246e+02,-3.027978e+03,1175,-3048.12
31.39900,7.528893e+02,-3.166101e+03,2.496452e+02,-3.043625e+03,1203.31,-3063.85
31.40000,7.444153e+02,-3.203982e+03,2.413273e+02,-3.051572e+03,1229.66,-3071.88
31.40100,7.354460e+02,-3.241159e+03,2.325811e+02,-3.058923e+03,1255.41,-3079.3
31.40200,7.265127e+02,-3.273362e+03,2.237039e+02,-3.061203e+03,1276.38,-3081.65
31.40300,7.169973e+02,-3.310923e+03,2.139516e+02,-3.068781e+03,1299.13,-3089.29
31.40400,7.088487e+02,-3.344055e+03,2.050920e+02,-3.071975e+03,1320.2,-3092.54
31.40500,7.006960e+02,-3.376273e+03,1.963445e+02,-3.074625e+03,1341,-3095.25
31.40600,6.917513e+02,-3.399955e+03,1.875893e+02,-3.070247e+03,1359.18,-3090.91
31.40700,6.815887e+02,-3.418196e+03,1.776929e+02,-3.059037e+03,1372.57,-3079.74
31.40800,6.723053e+02,-3.438568e+03,1.683566e+02,-3.051508e+03,1386.42,-3072.25
31.40900,6.634847e+02,-3.461719e+03,1.586488e+02,-3.046437e+03,1400.57,-3067.22
31.41000,6.546957e+02,-3.472462e+03,1.499835e+02,-3.030051e+03,1408.49,-3050.87
31.41100,6.456293e+02,-3.480817e+03,1.408587e+02,-3.011835e+03,1414.81,-3032.68
31.41200,6.372606e+02,-3.494753e+03,1.324631e+02,-2.998813e+03,1422.88,-3019.68
31.41300,6.290762e+02,-3.496925e+03,1.244068e+02,-2.976646e+03,1427.51,-2997.53
31.41400,6.198433e+02,-3.500458e+03,1.150747e+02,-2.954403e+03,1430.14,-2975.29
31.41500,6.123665e+02,-3.502351e+03,1.076129e+02,-2.932167e+03,1432.64,-2953.06
31.41600,6.041303e+02,-3.498494e+03,9.920047e+01,-2.903757e+03,1431.19,-2924.65
31.41700,5.938346e+02,-3.483718e+03,8.924760e+01,-2.865082e+03,1425.8,-2885.96
31.41800,5.856535e+02,-3.467035e+03,8.123773e+01,-2.825907e+03,1419.05,-2846.76
31.41900,5.789649e+02,-3.454020e+03,7.448260e+01,-2.791448e+03,1412.49,-2812.25
31.42000,5.717443e+02,-3.436575e+03,6.763273e+01,-2.752085e+03,1402.11,-2772.82
31.42100,5.632003e+02,-3.419478e+03,5.961617e+01,-2.712717e+03,1392.06,-2733.37
31.42200,5.568665e+02,-3.397895e+03,5.365907e+01,-2.671146e+03,1380.9,-2691.7
31.42300,5.519257e+02,-3.373263e+03,4.907467e+01,-2.627601e+03,1367.33,-2648.04
31.42400,5.464581e+02,-3.343355e+03,4.388351e+01,-2.579957e+03,1351.74,-2600.26
31.42500,5.415018e+02,-3.306585e+03,3.932499e+01,-2.525504e+03,1332.55,-2545.65
31.42600,5.361522e+02,-3.267783e+03,3.439912e+01,-2.469141e+03,1310.18,-2489.12
31.42700,5.300951e+02,-3.221979e+03,2.917987e+01,-2.407103e+03,1286.75,-2426.88
31.42800,5.253078e+02,-3.181401e+03,2.498067e+01,-2.350987e+03,1265.52,-2370.55
31.42900,5.207953e+02,-3.136270e+03,2.121445e+01,-2.291765e+03,1242.57,-2311.08
31.43000,5.174289e+02,-3.084401e+03,1.824645e+01,-2.227427e+03,1216.87,-2246.47
31.43100,5.144438e+02,-3.032223e+03,1.563911e+01,-2.163260e+03,1191.44,-2182
31.43200,5.108576e+02,-2.978907e+03,1.278478e+01,-2.098877e+03,1166.38,-2117.28
31.43300,5.058372e+02,-2.920709e+03,8.872620e+00,-2.028741e+03,1137.58,-2046.77
31.43400,5.032335e+02,-2.851055e+03,6.913193e+00,-1.950344e+03,1105.96,-1967.98
31.43500,5.010195e+02,-2.782568e+03,5.464606e+00,-1.873645e+03,1074.62,-1890.84
31.43600,4.992817e+02,-2.708508e+03,4.363445e+00,-1.792813e+03,1041.33,-1809.54
31.43700,4.980633e+02,-2.630088e+03,3.878143e+00,-1.708420e+03,1006.53,-1724.65
31.43800,4.972275e+02,-2.549237e+03,3.750863e+00,-1.622786e+03,971.092,-1638.47
31.43900,4.973369e+02,-2.460393e+03,4.435177e+00,-1.530812e+03,933.93,-1545.92
31.44000,4.981866e+02,-2.369705e+03,5.707920e+00,-1.437972e+03,897.224,-1452.46
31.44100,4.977075e+02,-2.270776e+03,6.193397e+00,-1.337547e+03,858.348,-1351.38
31.44200,4.985536e+02,-2.171350e+03,7.845273e+00,-1.238339e+03,820.145,-1251.48
31.44300,4.999900e+02,-2.063461e+03,9.900220e+00,-1.132108e+03,780.877,-1144.52
31.44400,5.025571e+02,-1.949256e+03,1.290973e+01,-1.020773e+03,738.349,-1032.41
31.44500,5.054418e+02,-1.833259e+03,1.640934e+01,-9.088947e+02,697.144,-919.726
31.44600,5.093099e+02,-1.711609e+03,2.075563e+01,-7.929207e+02,654.262,-802.911
31.44700,5.142209e+02,-1.587826e+03,2.599771e+01,-6.759720e+02,611.429,-685.087
31.44800,5.199221e+02,-1.460006e+03,3.205142e+01,-5.562363e+02,567.946,-564.444
31.44900,5.259104e+02,-1.326512e+03,3.848668e+01,-4.320166e+02,523.271,-439.287
31.45000,5.328301e+02,-1.187381e+03,4.568336e+01,-3.040471e+02,478.155,-310.353
31.45100,5.403479e+02,-1.046509e+03,5.346363e+01,-1.747744e+02,433.788,-180.089
31.45200,5.490959e+02,-9.003607e+02,6.220241e+01,-4.205336e+01,387.148,-46.3539
31.45300,5.582159e+02,-7.499620e+02,7.152160e+01,9.345320e+01,340.374,90.1876
31.45400,5.682957e+02,-5.969866e+02,8.153667e+01,2.301050e+02,292.857,227.892
31.45500,5.791705e+02,-4.464129e+02,9.233500e+01,3.639937e+02,246.792,362.847
31.45600,5.907069e+02,-2.928139e+02,1.037013e+02,4.995091e+02,199.758,499.44
31.45700,6.026877e+02,-1.335271e+02,1.155177e+02,6.393077e+02,153.523,640.323
31.45800,6.153521e+02,2.478927e+01,1.279288e+02,7.774227e+02,104.757,779.529
31.45900,6.287028e+02,1.810397e+02,1.409300e+02,9.123207e+02,58.6118,915.517
31.46000,6.426108e+02,3.427066e+02,1.543535e+02,1.051552e+03,9.25647,1055.84
31.46100,6.568011e+02,4.998373e+02,1.680112e+02,1.184354e+03,-37.2947,1189.71
31.46200,6.712520e+02,6.562804e+02,1.818495e+02,1.316473e+03,-85.0293,1322.9
31.46300,6.857127e+02,8.069173e+02,1.958714e+02,1.442249e+03,-132.254,1449.72
31.46400,7.009927e+02,9.667600e+02,2.103150e+02,1.574987e+03,-179.459,1583.49
31.46500,7.157327e+02,1.124600e+03,2.247803e+02,1.706170e+03,-227.304,1715.66
31.46600,7.302527e+02,1.278863e+03,2.389353e+02,1.832814e+03,-273.725,1843.26
31.46700,7.440133e+02,1.427537e+03,2.517939e+02,1.952759e+03,-321.832,1964.12
31.46800,7.571507e+02,1.571109e+03,2.640339e+02,2.067809e+03,-369.965,2080.05
31.46900,7.693073e+02,1.708027e+03,2.758512e+02,2.175255e+03,-415.625,2188.33
31.47000,7.812847e+02,1.840943e+03,2.870413e+02,2.277980e+03,-460.557,2291.84
31.47100,7.925953e+02,1.974388e+03,2.977995e+02,2.381343e+03,-505.42,2395.94
31.47200,8.027253e+02,2.103492e+03,3.073851e+02,2.480163e+03,-552.133,2495.46
31.47300,8.115153e+02,2.224601e+03,3.154494e+02,2.570230e+03,-597.663,2586.16
31.47400,8.186807e+02,2.335793e+03,3.226884e+02,2.650587e+03,-640.12,2667.11
31.47500,8.250307e+02,2.447485e+03,3.284512e+02,2.731161e+03,-683.521,2748.21
31.47600,8.302100e+02,2.552489e+03,3.335179e+02,2.805072e+03,-726.394,2822.61
31.47700,8.338533e+02,2.649600e+03,3.365479e+02,2.870620e+03,-768.207,2888.58
31.47800,8.360327e+02,2.740137e+03,3.384565e+02,2.930073e+03,-809.338,2948.41
31.47900,8.378747e+02,2.831339e+03,3.398689e+02,2.989281e+03,-850.781,3007.95
31.48000,8.381787e+02,2.918716e+03,3.397048e+02,3.045165e+03,-893.549,3064.12
31.48100,8.372280e+02,2.997391e+03,3.385221e+02,3.092159e+03,-933.309,3111.35
31.48200,8.327700e+02,3.060489e+03,3.342768e+02,3.124281e+03,-970.749,3143.67
31.48300,8.290053e+02,3.124219e+03,3.302963e+02,3.157113e+03,-1007.06,3176.67
31.48400,8.246307e+02,3.186949e+03,3.255365e+02,3.188973e+03,-1044.2,3208.65
31.48500,8.183453e+02,3.248147e+03,3.193558e+02,3.218687e+03,-1080.64,3238.46
31.48600,8.109453e+02,3.302955e+03,3.118075e+02,3.242859e+03,-1116.42,3262.7
31.48700,8.022653e+02,3.347779e+03,3.026999e+02,3.256276e+03,-1148.34,3276.16
31.48800,7.937213e+02,3.390495e+03,2.938063e+02,3.269504e+03,-1178.96,3289.41
31.48900,7.838840e+02,3.425996e+03,2.844307e+02,3.274611e+03,-1206.64,3294.52
31.49000,7.749667e+02,3.461351e+03,2.756881e+02,3.280054e+03,-1234.4,3299.95
31.49100,7.636760e+02,3.493506e+03,2.641231e+02,3.281013e+03,-1259.22,3300.88
31.49200,7.527547e+02,3.520293e+03,2.530275e+02,3.278150e+03,-1283.95,3297.99
31.49300,7.409713e+02,3.550588e+03,2.407733e+02,3.278951e+03,-1309.48,3298.75
31.49400,7.285573e+02,3.571472e+03,2.283905e+02,3.270975e+03,-1331.87,3290.73
31.49500,7.176733e+02,3.586405e+03,2.173822e+02,3.258416e+03,-1350.59,3278.12
31.49600,7.061107e+02,3.597143e+03,2.060835e+02,3.241000e+03,-1366.3,3260.64
31.49700,6.930793e+02,3.615819e+03,1.927189e+02,3.230868e+03,-1384.01,3250.46
31.49800,6.822467e+02,3.622168e+03,1.816636e+02,3.210447e+03,-1396.67,3229.98
31.49900,6.713567e+02,3.627273e+03,1.704604e+02,3.189625e+03,-1409.47,3209.1
31.50000,6.584625e+02,3.634037e+03,1.576941e+02,3.168353e+03,-1419.82,3187.78
31.50100,6.463313e+02,3.636801e+03,1.455025e+02,3.144918e+03,-1430.78,3164.29
31.50200,6.364540e+02,3.632543e+03,1.354514e+02,3.116397e+03,-1437.42,3135.71
31.50300,6.233988e+02,3.630035e+03,1.226610e+02,3.088181e+03,-1442.54,3107.44
31.50400,6.119496e+02,3.620539e+03,1.112729e+02,3.054762e+03,-1446.86,3073.96
31.50500,5.987735e+02,3.606093e+03,9.826247e+01,3.016493e+03,-1447.26,3035.64
31.50600,5.885226e+02,3.590763e+03,8.823840e+01,2.978415e+03,-1447.14,2997.51
31.50700,5.774463e+02,3.576824e+03,7.758487e+01,2.941713e+03,-1446.54,2960.76
31.50800,5.661305e+02,3.561540e+03,6.652271e+01,2.904315e+03,-1444.05,2923.3
31.50900,5.566122e+02,3.535715e+03,5.681411e+01,2.857087e+03,-1437.33,2876
31.51000,5.467744e+02,3.504384e+03,4.692816e+01,2.805266e+03,-1425.63,2824.1
31.51100,5.372105e+02,3.473547e+03,3.797813e+01,2.754163e+03,-1415.11,2772.91
31.51200,5.296632e+02,3.447683e+03,3.091005e+01,2.708343e+03,-1405.33,2726.99
31.51300,5.217287e+02,3.420951e+03,2.310673e+01,2.662647e+03,-1395.76,2681.19
31.51400,5.163633e+02,3.379301e+03,1.784983e+01,2.604167e+03,-1377.7,2622.59
31.51500,5.073130e+02,3.340443e+03,9.646200e+00,2.547284e+03,-1360.84,2565.58
31.51600,5.011363e+02,3.296255e+03,4.071571e+00,2.486362e+03,-1340.68,2504.53
31.51700,4.953908e+02,3.258284e+03,-1.425971e+00,2.432207e+03,-1323.47,2450.23
31.51800,4.910911e+02,3.216035e+03,-5.231972e+00,2.375422e+03,-1303.21,2393.28
31.51900,4.870011e+02,3.167003e+03,-8.995413e+00,2.312413e+03,-1279.9,2330.1
31.52000,4.837406e+02,3.116210e+03,-1.182424e+01,2.248843e+03,-1256.65,2266.33
31.52100,4.785167e+02,3.065251e+03,-1.619595e+01,2.184914e+03,-1232.39,2202.19
31.52200,4.748709e+02,3.011103e+03,-1.948935e+01,2.118809e+03,-1207.35,2135.84
31.52300,4.722873e+02,2.950632e+03,-2.154125e+01,2.047728e+03,-1179.38,2064.5
31.52400,4.707330e+02,2.887631e+03,-2.268945e+01,1.975068e+03,-1149.84,1991.55
31.52500,4.701671e+02,2.825113e+03,-2.291799e+01,1.904167e+03,-1121.02,1920.33
31.52600,4.700177e+02,2.755439e+03,-2.260349e+01,1.827279e+03,-1088.67,1843.09
31.52700,4.708413e+02,2.688528e+03,-2.150580e+01,1.753865e+03,-1058.69,1769.29
31.52800,4.702102e+02,2.613469e+03,-2.145191e+01,1.672285e+03,-1024.83,1687.3
31.52900,4.724137e+02,2.543079e+03,-1.898995e+01,1.596414e+03,-991.384,1610.98
31.53000,4.754675e+02,2.471092e+03,-1.547017e+01,1.520681e+03,-956.481,1534.75
31.53100,4.778977e+02,2.384707e+03,-1.272783e+01,1.432079e+03,-919.769,1445.63
31.53200,4.802560e+02,2.291527e+03,-9.758920e+00,1.337848e+03,-882.842,1350.83
31.53300,4.838839e+02,2.198329e+03,-5.747471e+00,1.244612e+03,-844.724,1256.99
31.53400,4.885855e+02,2.097391e+03,-8.866733e-01,1.145309e+03,-803.936,1157.04
31.53500,4.935839e+02,1.994730e+03,4.382060e+00,1.045151e+03,-763.77,1056.2
31.53600,4.988251e+02,1.887905e+03,9.846740e+00,9.420567e+02,-723.378,952.374
31.53700,5.049053e+02,1.775132e+03,1.601878e+01,8.342227e+02,-681.364,843.77
31.53800,5.113777e+02,1.657781e+03,2.267493e+01,7.229960e+02,-638.422,731.736
31.53900,5.186552e+02,1.537572e+03,3.002896e+01,6.104790e+02,-596.402,618.373
31.54000,5.267102e+02,1.412565e+03,3.802946e+01,4.944903e+02,-552.587,501.504
31.54100,5.353725e+02,1.283585e+03,4.666044e+01,3.756910e+02,-507.962,381.79
31.54200,5.445770e+02,1.151760e+03,5.601799e+01,2.551605e+02,-462.448,260.315
31.54300,5.545998e+02,1.019963e+03,6.581349e+01,1.360526e+02,-418.541,140.234
31.54400,5.649259e+02,8.844227e+02,7.605240e+01,1.401549e+01,-374.246,17.1976
31.54500,5.760718e+02,7.393000e+02,8.665867e+01,-1.164307e+02,-326.105,-114.269
31.54600,5.876392e+02,5.969895e+02,9.796507e+01,-2.424244e+02,-280.336,-241.299
31.54700,5.998919e+02,4.513922e+02,1.096701e+02,-3.703934e+02,-233.64,-370.319
31.54800,6.121600e+02,3.035140e+02,1.215801e+02,-4.997313e+02,-188.193,-500.716
31.54900,6.250249e+02,1.493911e+02,1.340050e+02,-6.338427e+02,-140.494,-635.894
31.55000,6.383378e+02,-3.681788e+00,1.466965e+02,-7.655460e+02,-93.1434,-768.666
31.55100,6.515732e+02,-1.524433e+02,1.598233e+02,-8.932507e+02,-46.7938,-897.437
31.55200,6.657007e+02,-3.109754e+02,1.732275e+02,-1.028667e+03,0.753971,-1033.91
31.55300,6.798487e+02,-4.578301e+02,1.866245e+02,-1.152312e+03,47.6083,-1158.61
31.55400,6.934713e+02,-6.003812e+02,1.995597e+02,-1.270468e+03,93.3308,-1277.8
31.55500,7.079573e+02,-7.586567e+02,2.132883e+02,-1.402338e+03,141.325,-1410.68
31.55600,7.218480e+02,-9.109473e+02,2.262243e+02,-1.528068e+03,188.527,-1537.38
31.55700,7.347800e+02,-1.053002e+03,2.382969e+02,-1.642761e+03,234.545,-1653
31.55800,7.469473e+02,-1.193797e+03,2.500297e+02,-1.757075e+03,283.266,-1768.21
31.55900,7.585473e+02,-1.327257e+03,2.610808e+02,-1.862946e+03,329.16,-1874.94
31.56000,7.691887e+02,-1.454933e+03,2.709701e+02,-1.962455e+03,373.609,-1975.26
31.56100,7.789393e+02,-1.579954e+03,2.798588e+02,-2.059243e+03,419.442,-2072.82
31.56200,7.873953e+02,-1.695656e+03,2.878303e+02,-2.146693e+03,464.002,-2160.99
31.56300,7.943393e+02,-1.815592e+03,2.944649e+02,-2.236373e+03,509.551,-2251.34
31.56400,8.014233e+02,-1.934959e+03,3.010995e+02,-2.325333e+03,555.666,-2340.92
31.56500,8.066480e+02,-2.043508e+03,3.060268e+02,-2.404856e+03,600.882,-2421.02
31.56600,8.110287e+02,-2.147610e+03,3.098546e+02,-2.479119e+03,645.536,-2495.81
31.56700,8.136653e+02,-2.239752e+03,3.124269e+02,-2.541173e+03,687.788,-2558.34
31.56800,8.150760e+02,-2.332484e+03,3.134841e+02,-2.603903e+03,731.449,-2621.5
31.56900,8.167273e+02,-2.427829e+03,3.148587e+02,-2.668138e+03,775.562,-2686.12
31.57000,8.154653e+02,-2.503046e+03,3.133328e+02,-2.713915e+03,815.327,-2732.25
31.57100,8.133260e+02,-2.586179e+03,3.113491e+02,-2.765731e+03,856.624,-2784.37
31.57200,8.094673e+02,-2.657330e+03,3.073061e+02,-2.805864e+03,895.776,-2824.78
31.57300,8.055947e+02,-2.727318e+03,3.033577e+02,-2.845717e+03,934.424,-2864.87
31.57400,8.007867e+02,-2.797511e+03,2.984255e+02,-2.885237e+03,974.797,-2904.6
31.57500,7.957027e+02,-2.860726e+03,2.935621e+02,-2.917807e+03,1011.1,-2937.35
31.57600,7.899073e+02,-2.920420e+03,2.876418e+02,-2.946847e+03,1048.2,-2966.55
31.57700,7.832327e+02,-2.975842e+03,2.809112e+02,-2.972025e+03,1084.95,-2991.86
31.57800,7.756107e+02,-3.027928e+03,2.732691e+02,-2.993617e+03,1117.82,-3013.57
31.57900,7.676947e+02,-3.078349e+03,2.645733e+02,-3.012605e+03,1149.88,-3032.66
31.58000,7.595147e+02,-3.127721e+03,2.566093e+02,-3.030867e+03,1180.59,-3051.02
31.58100,7.513167e+02,-3.174855e+03,2.480623e+02,-3.046595e+03,1208.92,-3066.83
31.58200,7.423413e+02,-3.208717e+03,2.391371e+02,-3.050826e+03,1234.49,-3071.15
31.58300,7.337253e+02,-3.245674e+03,2.310312e+02,-3.058014e+03,1258.88,-3078.41
31.58400,7.246060e+02,-3.277543e+03,2.219488e+02,-3.060169e+03,1279.87,-3080.63
31.58500,7.156120e+02,-3.317958e+03,2.121996e+02,-3.070197e+03,1303.1,-3090.72
31.58600,7.072860e+02,-3.353048e+03,2.034749e+02,-3.075131e+03,1325.66,-3095.71
31.58700,6.992333e+02,-3.379223e+03,1.948749e+02,-3.072379e+03,1344.26,-3093.01
31.58800,6.898487e+02,-3.405671e+03,1.856993e+02,-3.070063e+03,1362.25,-3090.74
31.58900,6.798153e+02,-3.421824e+03,1.760012e+02,-3.057699e+03,1375.8,-3078.41
31.59000,6.707260e+02,-3.442431e+03,1.666039e+02,-3.050039e+03,1388.56,-3070.79
31.59100,6.621450e+02,-3.462976e+03,1.573803e+02,-3.042889e+03,1402.1,-3063.68
31.59200,6.532767e+02,-3.475651e+03,1.484840e+02,-3.028387e+03,1410.18,-3049.21
31.59300,6.437541e+02,-3.483316e+03,1.389259e+02,-3.009031e+03,1415.97,-3029.88
31.59400,6.359739e+02,-3.495882e+03,1.312034e+02,-2.995433e+03,1424.61,-3016.3
31.59500,6.276037e+02,-3.497529e+03,1.228959e+02,-2.972465e+03,1427.78,-2993.35
31.59600,6.184695e+02,-3.503327e+03,1.136987e+02,-2.952389e+03,1431.26,-2973.28
31.59700,6.113044e+02,-3.502186e+03,1.064903e+02,-2.927555e+03,1432.38,-2948.45
31.59800,6.024521e+02,-3.497488e+03,9.756347e+01,-2.898149e+03,1430.83,-2919.04
31.59900,5.922126e+02,-3.480603e+03,8.774080e+01,-2.857658e+03,1424.61,-2878.53
31.60000,5.844231e+02,-3.465185e+03,7.999627e+01,-2.819904e+03,1417.92,-2840.74
31.60100,5.778926e+02,-3.451587e+03,7.346193e+01,-2.784838e+03,1410.61,-2805.63
31.60200,5.702619e+02,-3.434007e+03,6.622002e+01,-2.745325e+03,1400.39,-2766.05
31.60300,5.620563e+02,-3.416627e+03,5.849652e+01,-2.705940e+03,1390.5,-2726.57
31.60400,5.559071e+02,-3.393641e+03,5.286507e+01,-2.663277e+03,1378.69,-2683.81
31.60500,5.508471e+02,-3.369381e+03,4.797465e+01,-2.620259e+03,1365.02,-2640.67
31.60600,5.460211e+02,-3.338539e+03,4.349589e+01,-2.571729e+03,1348.37,-2592
31.60700,5.412371e+02,-3.298853e+03,3.900846e+01,-2.514896e+03,1328.35,-2535.01
31.60800,5.344739e+02,-3.259506e+03,3.298460e+01,-2.457485e+03,1305.31,-2477.42
31.60900,5.292523e+02,-3.215225e+03,2.845908e+01,-2.397307e+03,1283.03,-2417.04
31.61000,5.245438e+02,-3.175233e+03,2.429172e+01,-2.341840e+03,1262.13,-2361.35
31.61100,5.200575e+02,-3.128630e+03,2.062709e+01,-2.281481e+03,1238.29,-2300.74
31.61200,5.169010e+02,-3.076540e+03,1.775204e+01,-2.217067e+03,1212.57,-2236.05
31.61300,5.138848e+02,-3.022203e+03,1.511504e+01,-2.151058e+03,1186.6,-2169.73
31.61400,5.099135e+02,-2.968725e+03,1.201843e+01,-2.086435e+03,1161.28,-2104.77
31.61500,5.054856e+02,-2.908423e+03,8.596740e+00,-2.014793e+03,1131.86,-2032.75
31.61600,5.027669e+02,-2.838730e+03,6.607510e+00,-1.936303e+03,1099.87,-1953.86
31.61700,5.003634e+02,-2.769475e+03,4.973101e+00,-1.859132e+03,1068.96,-1876.25
31.61800,4.990347e+02,-2.695705e+03,4.264301e+00,-1.778612e+03,1035.06,-1795.25
31.61900,4.978466e+02,-2.615853e+03,3.795564e+00,-1.693145e+03,1000.22,-1709.27
31.62000,4.970693e+02,-2.533685e+03,3.684918e+00,-1.606443e+03,964.772,-1622.02
31.62100,4.972183e+02,-2.442678e+03,4.429227e+00,-1.512687e+03,927.049,-1527.68
31.62200,4.980260e+02,-2.352199e+03,5.647961e+00,-1.419820e+03,890.009,-1434.19
31.62300,4.976807e+02,-2.252208e+03,6.405975e+00,-1.318941e+03,850.83,-1332.66
31.62400,4.985985e+02,-2.153391e+03,8.015627e+00,-1.220448e+03,813.942,-1233.46
31.62500,5.002682e+02,-2.042936e+03,1.027952e+01,-1.111982e+03,773.275,-1124.26
31.62600,5.028754e+02,-1.928619e+03,1.337847e+01,-1.000655e+03,730.957,-1012.16
31.62700,5.058901e+02,-1.811880e+03,1.699641e+01,-8.883507e+02,689.827,-899.04
31.62800,5.100393e+02,-1.688686e+03,2.151882e+01,-7.711947e+02,646.458,-781.038
31.62900,5.151577e+02,-1.564425e+03,2.695507e+01,-6.539569e+02,603.479,-662.92
31.63000,5.208961e+02,-1.435519e+03,3.308911e+01,-5.332733e+02,559.728,-541.325
31.63100,5.269838e+02,-1.301206e+03,3.964129e+01,-4.085543e+02,515.025,-415.666
31.63200,5.340630e+02,-1.161765e+03,4.693953e+01,-2.804267e+02,470.201,-286.57
31.63300,5.418128e+02,-1.020117e+03,5.493446e+01,-1.506988e+02,425.342,-155.849
31.63400,5.506023e+02,-8.730247e+02,6.377217e+01,-1.714173e+01,378.696,-21.275
31.63500,5.599016e+02,-7.223487e+02,7.321600e+01,1.181489e+02,331.954,115.052
31.63600,5.701635e+02,-5.697405e+02,8.339260e+01,2.544511e+02,284.658,252.408
31.63700,5.811677e+02,-4.183500e+02,9.431980e+01,3.888867e+02,238.205,387.911
31.63800,5.927892e+02,-2.648924e+02,1.057580e+02,5.239969e+02,191.267,524.099
31.63900,6.048829e+02,-1.042057e+02,1.177069e+02,6.649263e+02,144.954,666.114
31.64000,6.176513e+02,5.343184e+01,1.302031e+02,8.023000e+02,96.1573,804.577
31.64100,6.312571e+02,2.102950e+02,1.433307e+02,9.375193e+02,49.9429,940.886
31.64200,6.451839e+02,3.714699e+02,1.568167e+02,1.076149e+03,0.87821,1080.6
31.64300,6.593319e+02,5.279071e+02,1.704915e+02,1.208018e+03,-46.0141,1213.54
31.64400,6.738460e+02,6.836260e+02,1.843671e+02,1.339373e+03,-93.5442,1345.96
31.64500,6.883007e+02,8.336747e+02,1.984343e+02,1.464497e+03,-140.681,1472.13
31.64600,7.039240e+02,9.967447e+02,2.130771e+02,1.599925e+03,-188.011,1608.58
31.64700,7.185513e+02,1.154867e+03,2.275085e+02,1.731349e+03,-236.214,1740.99
31.64800,7.326853e+02,1.304795e+03,2.412937e+02,1.853739e+03,-282.003,1864.32
31.64900,7.463033e+02,1.452766e+03,2.539723e+02,1.972904e+03,-330.61,1984.4
31.65000,7.593907e+02,1.596609e+03,2.660323e+02,2.087977e+03,-378.692,2100.34
31.65100,7.714487e+02,1.732445e+03,2.778635e+02,2.194035e+03,-423.874,2207.22
31.65200,7.833340e+02,1.866587e+03,2.890471e+02,2.298043e+03,-469.42,2312.01
31.65300,7.945713e+02,1.996655e+03,2.997013e+02,2.398206e+03,-513.016,2412.91
31.65400,8.042753e+02,2.125640e+03,3.088536e+02,2.496764e+03,-560.936,2512.15
31.65500,8.128747e+02,2.244198e+03,3.168452e+02,2.584350e+03,-605.505,2600.37
31.65600,8.197000e+02,2.355383e+03,3.236771e+02,2.664731e+03,-648.042,2681.33
31.65700,8.258860e+02,2.464571e+03,3.292397e+02,2.742879e+03,-691.297,2760
31.65800,8.308573e+02,2.571049e+03,3.341578e+02,2.817838e+03,-734.186,2835.43
31.65900,8.344307e+02,2.664802e+03,3.369951e+02,2.880036e+03,-774.831,2898.05
31.66000,8.361627e+02,2.755261e+03,3.385997e+02,2.939567e+03,-816.683,2957.95
31.66100,8.377747e+02,2.847776e+03,3.396186e+02,2.999822e+03,-859.249,3018.53
31.66200,8.377833e+02,2.930316e+03,3.394335e+02,3.051401e+03,-900.739,3070.38
31.66300,8.362953e+02,3.007022e+03,3.376526e+02,3.096398e+03,-940.054,3115.61
31.66400,8.322267e+02,3.071521e+03,3.336790e+02,3.129781e+03,-977.204,3149.19
31.66500,8.281393e+02,3.135273e+03,3.294238e+02,3.162649e+03,-1013.97,3182.21
31.66600,8.235020e+02,3.198371e+03,3.244124e+02,3.194562e+03,-1050.91,3214.25
31.66700,8.170373e+02,3.256805e+03,3.180531e+02,3.221843e+03,-1087.09,3241.62
31.66800,8.094387e+02,3.312843e+03,3.101083e+02,3.247023e+03,-1122.91,3266.86
31.66900,8.006367e+02,3.354372e+03,3.011459e+02,3.257413e+03,-1153.35,3277.29
31.67000,7.919393e+02,3.394150e+03,2.920071e+02,3.267990e+03,-1183.55,3287.89
31.67100,7.825073e+02,3.433911e+03,2.829939e+02,3.276857e+03,-1211.64,3296.75
31.67200,7.728173e+02,3.466283e+03,2.735486e+02,3.279419e+03,-1239.15,3299.3
31.67300,7.614587e+02,3.498305e+03,2.618922e+02,3.280321e+03,-1264.17,3300.18
31.67400,7.505393e+02,3.525991e+03,2.507067e+02,3.278334e+03,-1289.21,3298.16
31.67500,7.388153e+02,3.554345e+03,2.387291e+02,3.277343e+03,-1313.55,3297.13
31.67600,7.267593e+02,3.574675e+03,2.265121e+02,3.269168e+03,-1335.37,3288.91
31.67700,7.156313e+02,3.588990e+03,2.152880e+02,3.255822e+03,-1353.67,3275.51
31.67800,7.038093e+02,3.599614e+03,2.038171e+02,3.238278e+03,-1369.16,3257.91
31.67900,6.911600e+02,3.616683e+03,1.907467e+02,3.226932e+03,-1386.06,3246.51
31.68000,6.804027e+02,3.623777e+03,1.797391e+02,3.207145e+03,-1398.66,3226.67
31.68100,6.697013e+02,3.629300e+03,1.687375e+02,3.186820e+03,-1412.27,3206.29
31.68200,6.560382e+02,3.632860e+03,1.553028e+02,3.162334e+03,-1420.86,3181.74
31.68300,6.443857e+02,3.637251e+03,1.434939e+02,3.140636e+03,-1432.92,3159.99
31.68400,6.341573e+02,3.631950e+03,1.331525e+02,3.111161e+03,-1438.15,3130.46
31.68500,6.212865e+02,3.627997e+03,1.205637e+02,3.081631e+03,-1442.71,3100.87
31.68600,6.098571e+02,3.617759e+03,1.091279e+02,3.047689e+03,-1446.78,3066.88
31.68700,5.972075e+02,3.603228e+03,9.678667e+01,3.009525e+03,-1446.88,3028.66
31.68800,5.865889e+02,3.588257e+03,8.631907e+01,2.971623e+03,-1446.95,2990.71
31.68900,5.757683e+02,3.573167e+03,7.589720e+01,2.934093e+03,-1445.88,2953.12
31.69000,5.640771e+02,3.557710e+03,6.448943e+01,2.896496e+03,-1443.17,2915.46
31.69100,5.543770e+02,3.529599e+03,5.460766e+01,2.846983e+03,-1435.32,2865.88
31.69200,5.450870e+02,3.498974e+03,4.536179e+01,2.795956e+03,-1423.29,2814.77
31.69300,5.357439e+02,3.468637e+03,3.655140e+01,2.745651e+03,-1413.4,2764.37
31.69400,5.285615e+02,3.444035e+03,2.981339e+01,2.701133e+03,-1403.6,2719.76
31.69500,5.205745e+02,3.412185e+03,2.196099e+01,2.650891e+03,-1392.34,2669.41
31.69600,5.152110e+02,3.372855e+03,1.665432e+01,2.594583e+03,-1374.91,2612.98
31.69700,5.058867e+02,3.332923e+03,8.350893e+00,2.536491e+03,-1357.2,2554.76
31.69800,5.001058e+02,3.288437e+03,3.124074e+00,2.475509e+03,-1336.97,2493.65
31.69900,4.945866e+02,3.249962e+03,-2.237527e+00,2.421228e+03,-1319.45,2439.22
31.70000,4.900698e+02,3.206367e+03,-6.151959e+00,2.363233e+03,-1298.95,2381.06
31.70100,4.863475e+02,3.157240e+03,-9.563987e+00,2.300224e+03,-1275.25,2317.87
31.70200,4.827621e+02,3.105634e+03,-1.266662e+01,2.235993e+03,-1251.78,2253.44
31.70300,4.777164e+02,3.056177e+03,-1.698553e+01,2.173519e+03,-1228.03,2190.75
31.70400,4.740351e+02,2.998929e+03,-2.022226e+01,2.104598e+03,-1202.23,2121.58
31.70500,4.720578e+02,2.939608e+03,-2.168072e+01,2.034973e+03,-1173.57,2051.69
31.70600,4.703237e+02,2.876831e+03,-2.298116e+01,1.962481e+03,-1144.87,1978.9
31.70700,4.701431e+02,2.812978e+03,-2.289444e+01,1.890700e+03,-1115.2,1906.8
31.70800,4.700834e+02,2.743950e+03,-2.245905e+01,1.814395e+03,-1082.92,1830.14
31.70900,4.707657e+02,2.672907e+03,-2.154025e+01,1.737337e+03,-1052.11,1752.69
31.71000,4.700149e+02,2.597995e+03,-2.155621e+01,1.655797e+03,-1018.33,1670.73
31.71100,4.727502e+02,2.528307e+03,-1.859058e+01,1.580993e+03,-984.476,1595.47
31.71200,4.755621e+02,2.453906e+03,-1.525831e+01,1.503027e+03,-949.292,1517.01
31.71300,4.782477e+02,2.368325e+03,-1.227005e+01,1.415567e+03,-913.244,1429.02
31.71400,4.807857e+02,2.273952e+03,-9.178407e+00,1.320286e+03,-875.78,1333.17
31.71500,4.845755e+02,2.179811e+03,-5.016505e+00,1.226375e+03,-837.335,1238.64
31.71600,4.892617e+02,2.078100e+03,-9.910700e-02,1.126512e+03,-796.579,1138.13
31.71700,4.943672e+02,1.974190e+03,5.176501e+00,1.025313e+03,-755.94,1036.24
31.71800,4.997666e+02,1.865649e+03,1.079071e+01,9.208640e+02,-715.185,931.053
31.71900,5.058341e+02,1.753959e+03,1.699591e+01,8.140373e+02,-673.754,823.451
31.72000,5.125687e+02,1.635029e+03,2.383750e+01,7.015640e+02,-630.4,710.164
31.72100,5.198993e+02,1.513361e+03,3.129110e+01,5.880045e+02,-587.991,595.754
31.72200,5.281842e+02,1.388712e+03,3.944885e+01,4.724537e+02,-544.339,479.317
31.72300,5.368409e+02,1.259311e+03,4.821759e+01,3.533743e+02,-499.713,359.319
31.72400,5.462757e+02,1.127775e+03,5.771527e+01,2.335477e+02,-454.391,238.544
31.72500,5.563558e+02,9.940187e+02,6.754060e+01,1.126063e+02,-410.096,116.626
31.72600,5.667527e+02,8.570540e+02,7.788053e+01,-1.065211e+01,-365.376,-7.63431
31.72700,5.781329e+02,7.121847e+02,8.861273e+01,-1.404396e+02,-317.494,-138.444
31.72800,5.898158e+02,5.703765e+02,1.000223e+02,-2.658393e+02,-271.821,-264.882
31.72900,6.020909e+02,4.239775e+02,1.117937e+02,-3.943647e+02,-225.131,-394.459
31.73000,6.143767e+02,2.762191e+02,1.237909e+02,-5.234480e+02,-179.712,-524.602
31.73100,6.273919e+02,1.203245e+02,1.362476e+02,-6.590071e+02,-131.709,-661.227
31.73200,6.407409e+02,-3.113991e+01,1.490548e+02,-7.890527e+02,-84.144,-792.342
31.73300,6.541159e+02,-1.821345e+02,1.622365e+02,-9.187000e+02,-37.471,-923.054
31.73400,6.682467e+02,-3.386573e+02,1.756725e+02,-1.052049e+03,9.13416,-1057.46
31.73500,6.823660e+02,-4.843626e+02,1.890048e+02,-1.174422e+03,56.2447,-1180.88
31.73600,6.961347e+02,-6.292849e+02,2.020311e+02,-1.294406e+03,102.098,-1301.89
31.73700,7.105240e+02,-7.859447e+02,2.156506e+02,-1.424844e+03,149.862,-1433.33
31.73800,7.242187e+02,-9.384640e+02,2.285633e+02,-1.550487e+03,197.638,-1559.94
31.73900,7.370933e+02,-1.078571e+03,2.404281e+02,-1.663247e+03,243.293,-1673.63
31.74000,7.490493e+02,-1.218096e+03,2.520210e+02,-1.776387e+03,291.943,-1787.66
31.74100,7.604800e+02,-1.350540e+03,2.628935e+02,-1.881007e+03,337.377,-1893.13
31.74200,7.710393e+02,-1.478171e+03,2.727002e+02,-1.980454e+03,382.01,-1993.38
31.74300,7.806673e+02,-1.601716e+03,2.814165e+02,-2.075839e+03,428.017,-2089.53
31.74400,7.887907e+02,-1.717811e+03,2.891304e+02,-2.163409e+03,472.704,-2177.81
31.74500,7.953660e+02,-1.836523e+03,2.955884e+02,-2.251969e+03,517.811,-2267.03
31.74600,8.021640e+02,-1.953952e+03,3.018343e+02,-2.338927e+03,563.979,-2354.61
31.74700,8.075707e+02,-2.062579e+03,3.068065e+02,-2.418529e+03,609.335,-2434.77
31.74800,8.114833e+02,-2.164757e+03,3.104334e+02,-2.490715e+03,653.622,-2507.48
31.74900,8.139973e+02,-2.257085e+03,3.127157e+02,-2.552823e+03,695.999,-2570.06
31.75000,8.152533e+02,-2.349095e+03,3.135646e+02,-2.614940e+03,739.599,-2632.6
31.75100,8.163733e+02,-2.439611e+03,3.144549e+02,-2.674674e+03,782.66,-2692.71
31.75200,8.151893e+02,-2.518804e+03,3.130263e+02,-2.723765e+03,823.265,-2742.14
31.75300,8.121407e+02,-2.597872e+03,3.102499e+02,-2.771598e+03,863.591,-2790.28
31.75400,8.087873e+02,-2.670905e+03,3.064468e+02,-2.813935e+03,903.489,-2832.88
31.75500,8.048067e+02,-2.739582e+03,3.025594e+02,-2.852362e+03,942.188,-2871.54
31.75600,7.999413e+02,-2.810403e+03,2.976463e+02,-2.892435e+03,981.896,-2911.82
31.75700,7.943553e+02,-2.870748e+03,2.922500e+02,-2.922111e+03,1017.83,-2941.68
31.75800,7.886640e+02,-2.929047e+03,2.864243e+02,-2.950083e+03,1054.65,-2969.8
31.75900,7.820033e+02,-2.986215e+03,2.797129e+02,-2.976856e+03,1092.02,-2996.71
31.76000,7.739380e+02,-3.037951e+03,2.715195e+02,-2.997667e+03,1124.65,-3017.64
31.76100,7.663300e+02,-3.087273e+03,2.631392e+02,-3.015937e+03,1155.9,-3036.01
31.76200,7.576447e+02,-3.134787e+03,2.547733e+02,-3.031973e+03,1185.3,-3052.14
31.76300,7.495247e+02,-3.179677e+03,2.464618e+02,-3.046055e+03,1213.13,-3066.31
31.76400,7.404633e+02,-3.215369e+03,2.371832e+02,-3.051931e+03,1239.65,-3072.27
31.76500,7.320420e+02,-3.250716e+03,2.293645e+02,-3.057683e+03,1262.67,-3078.09
31.76600,7.229460e+02,-3.284957e+03,2.202070e+02,-3.062020e+03,1284.3,-3082.5
31.76700,7.145293e+02,-3.325217e+03,2.109012e+02,-3.071832e+03,1307.3,-3092.37
31.76800,7.059147e+02,-3.359579e+03,2.019848e+02,-3.076229e+03,1329.71,-3096.82
31.76900,6.974173e+02,-3.381707e+03,1.931884e+02,-3.069833e+03,1347.26,-3090.48
31.77000,6.882253e+02,-3.409101e+03,1.841436e+02,-3.067877e+03,1364.45,-3088.56
31.77100,6.783907e+02,-3.427814e+03,1.744403e+02,-3.058427e+03,1380.32,-3079.15
31.77200,6.691460e+02,-3.447729e+03,1.648236e+02,-3.049940e+03,1391.31,-3070.71
31.77300,6.605935e+02,-3.464410e+03,1.559512e+02,-3.039367e+03,1402.9,-3060.17
31.77400,6.519870e+02,-3.476875e+03,1.471956e+02,-3.025037e+03,1411.14,-3045.86
31.77500,6.421085e+02,-3.488117e+03,1.372245e+02,-3.008495e+03,1417.91,-3029.35
31.77600,6.345073e+02,-3.496167e+03,1.297867e+02,-2.991260e+03,1425.57,-3012.13
31.77700,6.259447e+02,-3.497641e+03,1.212207e+02,-2.967741e+03,1427.67,-2988.63
31.77800,6.173039e+02,-3.506439e+03,1.124903e+02,-2.950714e+03,1432.44,-2971.61
31.77900,6.102386e+02,-3.503007e+03,1.053165e+02,-2.923849e+03,1432.44,-2944.74
31.78000,6.005151e+02,-3.495661e+03,9.567467e+01,-2.891653e+03,1429.95,-2912.54
31.78100,5.910763e+02,-3.479611e+03,8.663407e+01,-2.852308e+03,1424,-2873.17
31.78200,5.830096e+02,-3.463725e+03,7.856900e+01,-2.814424e+03,1417.2,-2835.25
31.78300,5.768118e+02,-3.448664e+03,7.244400e+01,-2.777764e+03,1408.67,-2798.54
31.78400,5.687173e+02,-3.431657e+03,6.474104e+01,-2.738680e+03,1398.61,-2759.38
31.78500,5.610509e+02,-3.414567e+03,5.754570e+01,-2.699957e+03,1389.06,-2720.57
31.78600,5.550818e+02,-3.389335e+03,5.211468e+01,-2.655291e+03,1376.22,-2675.8
31.78700,5.501869e+02,-3.366503e+03,4.734335e+01,-2.613911e+03,1362.3,-2634.29
31.78800,5.452787e+02,-3.332763e+03,4.283073e+01,-2.562617e+03,1345.03,-2582.86
31.78900,5.403497e+02,-3.291138e+03,3.817354e+01,-2.503974e+03,1324.18,-2524.05
31.79000,5.332571e+02,-3.251921e+03,3.192973e+01,-2.446703e+03,1301.2,-2466.6
31.79100,5.283299e+02,-3.209017e+03,2.767205e+01,-2.388100e+03,1279.67,-2407.79
31.79200,5.237417e+02,-3.167959e+03,2.358538e+01,-2.331667e+03,1258.02,-2351.13
31.79300,5.195465e+02,-3.120047e+03,2.009866e+01,-2.270344e+03,1233.51,-2289.55
31.79400,5.162433e+02,-3.069031e+03,1.716501e+01,-2.207042e+03,1208.57,-2225.96
31.79500,5.133289e+02,-3.013211e+03,1.471619e+01,-2.139931e+03,1182.16,-2158.54
31.79600,5.088403e+02,-2.958295e+03,1.117764e+01,-2.073585e+03,1155.79,-2091.84
31.79700,5.048551e+02,-2.895661e+03,8.078847e+00,-2.000316e+03,1126.27,-2018.2
31.79800,5.021011e+02,-2.825428e+03,6.138765e+00,-1.921414e+03,1093.99,-1938.88
31.79900,5.000904e+02,-2.757004e+03,4.801555e+00,-1.845355e+03,1063,-1862.38
31.80000,4.986961e+02,-2.682261e+03,4.079335e+00,-1.763822e+03,1029.09,-1780.37
31.80100,4.974600e+02,-2.601113e+03,3.591176e+00,-1.677413e+03,993.682,-1693.44
31.80200,4.968811e+02,-2.517379e+03,3.592113e+00,-1.589385e+03,958.261,-1604.86
31.80300,4.973019e+02,-2.425823e+03,4.576278e+00,-1.495485e+03,920.261,-1510.37
31.80400,4.975693e+02,-2.335407e+03,5.398093e+00,-1.402225e+03,883.238,-1416.48
31.80500,4.976497e+02,-2.233835e+03,6.528457e+00,-1.300515e+03,843.765,-1314.11
31.80600,4.987439e+02,-2.134036e+03,8.272400e+00,-1.201307e+03,806.92,-1214.19
31.80700,5.005299e+02,-2.022367e+03,1.061966e+01,-1.091817e+03,765.804,-1103.96
31.80800,5.032590e+02,-1.907816e+03,1.389020e+01,-9.805593e+02,723.519,-991.92
31.80900,5.063733e+02,-1.790339e+03,1.762185e+01,-8.675860e+02,682.424,-878.13
31.81000,5.108033e+02,-1.665877e+03,2.232313e+01,-7.496347e+02,638.811,-759.328
31.81100,5.161267e+02,-1.541368e+03,2.791793e+01,-6.323067e+02,595.699,-641.117
31.81200,5.218457e+02,-1.411119e+03,3.412130e+01,-5.104017e+02,551.547,-518.297
31.81300,5.280922e+02,-1.275894e+03,4.081930e+01,-3.850608e+02,506.654,-392.012
31.81400,5.352953e+02,-1.136111e+03,4.822051e+01,-2.568132e+02,462.227,-262.794
31.81500,5.433012e+02,-9.936393e+02,5.640929e+01,-1.265359e+02,416.901,-131.52
31.81600,5.520812e+02,-8.457320e+02,6.533951e+01,7.484260e+00,370.469,3.51856
31.81700,5.616175e+02,-6.946620e+02,7.494247e+01,1.430527e+02,323.275,140.125
31.81800,5.720075e+02,-5.430041e+02,8.525773e+01,2.783415e+02,276.468,276.469
31.81900,5.831511e+02,-3.905571e+02,9.630027e+01,4.134605e+02,229.711,412.656
31.82000,5.949023e+02,-2.364610e+02,1.078450e+02,5.490120e+02,183.001,549.285
31.82100,6.071187e+02,-7.604133e+01,1.198952e+02,6.895467e+02,136.368,690.904
31.82200,6.199788e+02,8.200307e+01,1.324603e+02,8.270447e+02,87.6161,829.491
31.82300,6.337299e+02,2.397621e+02,1.457309e+02,9.629547e+02,40.8565,966.488
31.82400,6.477017e+02,3.991765e+02,1.592574e+02,1.099662e+03,-7.33153,1104.28
31.82500,6.618609e+02,5.559327e+02,1.729231e+02,1.231673e+03,-54.8669,1237.36
31.82600,6.764447e+02,7.107400e+02,1.868899e+02,1.362055e+03,-102.065,1368.8
31.82700,6.909560e+02,8.617787e+02,2.009857e+02,1.487839e+03,-149.215,1495.63
31.82800,7.065513e+02,1.024639e+03,2.157173e+02,1.623333e+03,-196.773,1632.13
31.82900,7.211940e+02,1.182763e+03,2.300989e+02,1.754241e+03,-244.618,1764.02
31.83000,7.350300e+02,1.330505e+03,2.435064e+02,1.874281e+03,-290.654,1885
31.83100,7.486980e+02,1.478619e+03,2.561973e+02,1.993609e+03,-339.294,2005.23
31.83200,7.614313e+02,1.619810e+03,2.680291e+02,2.106018e+03,-386.875,2118.5
31.83300,7.735867e+02,1.756033e+03,2.798256e+02,2.212131e+03,-431.902,2225.43
31.83400,7.852340e+02,1.889741e+03,2.908569e+02,2.315765e+03,-477.445,2329.84
31.83500,7.965033e+02,2.019700e+03,3.015207e+02,2.415899e+03,-521.599,2430.7
31.83600,8.059360e+02,2.146570e+03,3.103995e+02,2.512207e+03,-568.683,2527.68
31.83700,8.138527e+02,2.261468e+03,3.179759e+02,2.596239e+03,-612.665,2612.34
31.83800,8.208713e+02,2.375023e+03,3.247473e+02,2.678945e+03,-656.233,2695.61
31.83900,8.267253e+02,2.483605e+03,3.300677e+02,2.756489e+03,-699.511,2773.67
31.84000,8.315233e+02,2.587992e+03,3.347409e+02,2.829251e+03,-741.8,2846.9
31.84100,8.347733e+02,2.679995e+03,3.372460e+02,2.889597e+03,-782.025,2907.66
31.84200,8.359480e+02,2.769423e+03,3.383840e+02,2.947891e+03,-823.978,2966.31
31.84300,8.380120e+02,2.864987e+03,3.396434e+02,3.011456e+03,-868.014,3030.19
31.84400,8.374353e+02,2.944319e+03,3.391238e+02,3.059567e+03,-907.979,3078.57
31.84500,8.354727e+02,3.016950e+03,3.369319e+02,3.100832e+03,-946.587,3120.07
31.84600,8.313307e+02,3.081560e+03,3.327770e+02,3.134345e+03,-983.571,3153.77
31.84700,8.271707e+02,3.145157e+03,3.284117e+02,3.167113e+03,-1020.66,3186.69
31.84800,8.221500e+02,3.207221e+03,3.230860e+02,3.197965e+03,-1057.3,3217.66
31.84900,8.155027e+02,3.265771e+03,3.165941e+02,3.225287e+03,-1093.62,3245.07
31.85000,8.079560e+02,3.321627e+03,3.083557e+02,3.250014e+03,-1128.97,3269.85
31.85100,7.992393e+02,3.360963e+03,2.997807e+02,3.258829e+03,-1158.5,3278.7
31.85200,7.902827e+02,3.399059e+03,2.905175e+02,3.267555e+03,-1188.04,3287.44
31.85300,7.806647e+02,3.441407e+03,2.810452e+02,3.278717e+03,-1217.37,3298.61
31.85400,7.707173e+02,3.469995e+03,2.714191e+02,3.277735e+03,-1243.15,3297.61
31.85500,7.594540e+02,3.501815e+03,2.598760e+02,3.278596e+03,-1268.42,3298.45
31.85600,7.480020e+02,3.530894e+03,2.479955e+02,3.277753e+03,-1294.14,3297.57
31.85700,7.367180e+02,3.557154e+03,2.367390e+02,3.275029e+03,-1316.85,3294.8
31.85800,7.250887e+02,3.577619e+03,2.248618e+02,3.267185e+03,-1338.78,3286.91
31.85900,7.136440e+02,3.590383e+03,2.133181e+02,3.252183e+03,-1356.15,3271.86
31.86000,7.013067e+02,3.603389e+03,2.013187e+02,3.236717e+03,-1372.4,3256.34
31.86100,6.894613e+02,3.617421e+03,1.889699e+02,3.222918e+03,-1388.04,3242.48
31.86200,6.786300e+02,3.625739e+03,1.777707e+02,3.204228e+03,-1400.95,3223.74
31.86300,6.674200e+02,3.631644e+03,1.663670e+02,3.183919e+03,-1415,3203.37
31.86400,6.539331e+02,3.632901e+03,1.531366e+02,3.157704e+03,-1422.67,3177.1
31.86500,6.428457e+02,3.636967e+03,1.419595e+02,3.135840e+03,-1434.16,3155.18
31.86600,6.317753e+02,3.633149e+03,1.307492e+02,3.107496e+03,-1439.86,3126.78
31.86700,6.191926e+02,3.623594e+03,1.184705e+02,3.073083e+03,-1442.41,3092.31
31.86800,6.077238e+02,3.615721e+03,1.070445e+02,3.041105e+03,-1446.5,3060.28
31.86900,5.956471e+02,3.600674e+03,9.523373e+01,3.002898e+03,-1446.86,3022.02
31.87000,5.845667e+02,3.586339e+03,8.439407e+01,2.965341e+03,-1446.76,2984.41
31.87100,5.739357e+02,3.569325e+03,7.410773e+01,2.926337e+03,-1444.93,2945.35
31.87200,5.623323e+02,3.552241e+03,6.268161e+01,2.887335e+03,-1441.93,2906.29
31.87300,5.527077e+02,3.522941e+03,5.289643e+01,2.836603e+03,-1432.34,2855.48
31.87400,5.432325e+02,3.493950e+03,4.361639e+01,2.787112e+03,-1421.42,2805.9
31.87500,5.341688e+02,3.462887e+03,3.507642e+01,2.736319e+03,-1411.6,2755.02
31.87600,5.270157e+02,3.439201e+03,2.823562e+01,2.692867e+03,-1401.72,2711.47
31.87700,5.199207e+02,3.404514e+03,2.125939e+01,2.640204e+03,-1388.72,2658.69
31.87800,5.137619e+02,3.365235e+03,1.528977e+01,2.583789e+03,-1371.67,2602.16
31.87900,5.046011e+02,3.324914e+03,7.157920e+00,2.525467e+03,-1353.59,2543.71
31.88000,4.987345e+02,3.279920e+03,1.846285e+00,2.464071e+03,-1333.47,2482.18
31.88100,4.936238e+02,3.241470e+03,-3.039150e+00,2.410173e+03,-1315.41,2428.13
31.88200,4.893493e+02,3.197838e+03,-6.856213e+00,2.352080e+03,-1294.64,2369.87
31.88300,4.856802e+02,3.147778e+03,-1.019221e+01,2.288487e+03,-1270.96,2306.09
31.88400,4.814650e+02,3.094475e+03,-1.377782e+01,2.222582e+03,-1247.07,2239.99
31.88500,4.769701e+02,3.045879e+03,-1.769105e+01,2.161055e+03,-1222.97,2178.23
31.88600,4.736166e+02,2.988609e+03,-2.056523e+01,2.092233e+03,-1196.92,2109.16
31.88700,4.715837e+02,2.927491e+03,-2.206901e+01,2.021108e+03,-1168.37,2037.77
31.88800,4.701576e+02,2.865069e+03,-2.312281e+01,1.949200e+03,-1139.33,1965.56
31.88900,4.700719e+02,2.800197e+03,-2.288903e+01,1.876628e+03,-1109.07,1892.66
31.89000,4.698594e+02,2.729579e+03,-2.261555e+01,1.798875e+03,-1076.75,1814.55
31.89100,4.706315e+02,2.658247e+03,-2.159938e+01,1.721675e+03,-1045.53,1736.95
31.89200,4.700766e+02,2.584216e+03,-2.140884e+01,1.641043e+03,-1012.28,1655.89
31.89300,4.730060e+02,2.513465e+03,-1.822661e+01,1.565750e+03,-977.965,1580.14
31.89400,4.757067e+02,2.435905e+03,-1.503277e+01,1.484654e+03,-941.947,1498.54
31.89500,4.784183e+02,2.351511e+03,-1.198293e+01,1.398510e+03,-906.777,1411.86
31.89600,4.813657e+02,2.256305e+03,-8.552473e+00,1.302719e+03,-868.375,1315.49
31.89700,4.852512e+02,2.160390e+03,-4.320107e+00,1.207347e+03,-829.428,1219.5
31.89800,4.900713e+02,2.059075e+03,7.290700e-01,1.108134e+03,-789.392,1119.63
31.89900,4.950681e+02,1.953802e+03,5.942235e+00,1.005723e+03,-748.497,1016.52
31.90000,5.007057e+02,1.843773e+03,1.171583e+01,8.999813e+02,-707.103,910.039
31.90100,5.068229e+02,1.731739e+03,1.799268e+01,7.930427e+02,-665.876,802.32
31.90200,5.137082e+02,1.612627e+03,2.502275e+01,6.807253e+02,-622.935,689.184
31.90300,5.212088e+02,1.488515e+03,3.257140e+01,5.649641e+02,-579.328,572.567
31.90400,5.296612e+02,1.364398e+03,4.088534e+01,4.500014e+02,-535.868,456.714
31.90500,5.382919e+02,1.234725e+03,4.975554e+01,3.308286e+02,-491.318,336.619
31.90600,5.480289e+02,1.103007e+03,5.939301e+01,2.112380e+02,-446.044,216.076
31.90700,5.581731e+02,9.673947e+02,6.926967e+01,8.870907e+01,-401.638,92.5669
31.90800,5.686079e+02,8.302060e+02,7.971327e+01,-3.464305e+01,-356.792,-31.7892
31.90900,5.801103e+02,6.852193e+02,9.056813e+01,-1.642394e+02,-308.924,-162.409
31.91000,5.919791e+02,5.426756e+02,1.020719e+02,-2.902226e+02,-262.761,-289.432
31.91100,6.042484e+02,3.970723e+02,1.139143e+02,-4.178569e+02,-216.794,-418.119
31.91200,6.166437e+02,2.485341e+02,1.260047e+02,-5.474301e+02,-170.951,-548.752
31.91300,6.297195e+02,9.131480e+01,1.384729e+02,-6.840427e+02,-122.845,-686.431
31.91400,6.431300e+02,-5.888024e+01,1.513891e+02,-8.128100e+02,-75.2836,-816.265
31.91500,6.566542e+02,-2.103249e+02,1.646291e+02,-9.426687e+02,-28.7234,-947.187
31.91600,6.707587e+02,-3.653479e+02,1.781163e+02,-1.074547e+03,17.3783,-1080.12
31.91700,6.848127e+02,-5.098710e+02,1.913266e+02,-1.195545e+03,64.6333,-1202.16
31.91800,6.988493e+02,-6.579137e+02,2.045473e+02,-1.318135e+03,110.725,-1325.78
31.91900,7.130020e+02,-8.130887e+02,2.179296e+02,-1.447126e+03,158.881,-1455.76
31.92000,7.265607e+02,-9.654360e+02,2.308047e+02,-1.572373e+03,206.671,-1581.97
31.92100,7.393133e+02,-1.104282e+03,2.426007e+02,-1.684021e+03,252.147,-1694.54
31.92200,7.510793e+02,-1.242578e+03,2.540094e+02,-1.795652e+03,300.509,-1807.05
31.92300,7.624640e+02,-1.374101e+03,2.647427e+02,-1.899424e+03,345.724,-1911.67
31.92400,7.729540e+02,-1.501661e+03,2.744479e+02,-1.998674e+03,390.586,-2011.72
31.92500,7.820940e+02,-1.620478e+03,2.827669e+02,-2.089483e+03,435.673,-2103.28
31.92600,7.899907e+02,-1.740310e+03,2.902677e+02,-2.180227e+03,481.482,-2194.73
31.92700,7.965073e+02,-1.857332e+03,2.967413e+02,-2.267371e+03,526.391,-2282.53
31.92800,8.030147e+02,-1.972278e+03,3.026269e+02,-2.351995e+03,571.91,-2367.76
31.92900,8.084273e+02,-2.082195e+03,3.074923e+02,-2.432625e+03,617.87,-2448.95
31.93000,8.119560e+02,-2.181717e+03,3.109533e+02,-2.502089e+03,661.581,-2518.92
31.93100,8.142427e+02,-2.273829e+03,3.128693e+02,-2.563951e+03,704.139,-2581.25
31.93200,8.158107e+02,-2.369200e+03,3.140523e+02,-2.629159e+03,748.646,-2646.87
31.93300,8.151920e+02,-2.447741e+03,3.133041e+02,-2.677857e+03,789.303,-2695.94
31.93400,8.148193e+02,-2.534271e+03,3.126949e+02,-2.733377e+03,830.761,-2751.8
31.93500,8.114947e+02,-2.611161e+03,3.096494e+02,-2.779103e+03,871.08,-2797.82
31.93600,8.082220e+02,-2.685052e+03,3.057367e+02,-2.822474e+03,911.376,-2841.46
31.93700,8.039360e+02,-2.751635e+03,3.017192e+02,-2.858795e+03,949.626,-2878.01
31.93800,7.988633e+02,-2.820766e+03,2.966879e+02,-2.897165e+03,988.44,-2916.58
31.93900,7.931240e+02,-2.880257e+03,2.909503e+02,-2.925875e+03,1024.17,-2945.46
31.94000,7.871273e+02,-2.938386e+03,2.849033e+02,-2.953810e+03,1061.83,-2973.55
31.94100,7.809360e+02,-2.995847e+03,2.786621e+02,-2.981023e+03,1098.44,-3000.89
31.94200,7.723873e+02,-3.047449e+03,2.698103e+02,-3.001254e+03,1131.13,-3021.24
31.94300,7.641567e+02,-3.091428e+03,2.611443e+02,-3.014704e+03,1160.04,-3034.79
31.94400,7.561493e+02,-3.143289e+03,2.531647e+02,-3.034730e+03,1190.62,-3054.91
31.94500,7.478460e+02,-3.185609e+03,2.448481e+02,-3.046590e+03,1217.95,-3066.86
31.94600,7.388567e+02,-3.221413e+03,2.358018e+02,-3.052555e+03,1243.65,-3072.9
31.94700,7.309260e+02,-3.257652e+03,2.281743e+02,-3.059120e+03,1266.82,-3079.54
31.94800,7.212853e+02,-3.293483e+03,2.183553e+02,-3.064829e+03,1289,-3085.31
31.94900,7.129780e+02,-3.331556e+03,2.093277e+02,-3.072587e+03,1311.67,-3093.13
31.95000,7.046200e+02,-3.365023e+03,2.005046e+02,-3.076279e+03,1333.09,-3096.88
31.95100,6.959913e+02,-3.388175e+03,1.918681e+02,-3.071062e+03,1351.15,-3091.71
31.95200,6.864720e+02,-3.413121e+03,1.824363e+02,-3.066180e+03,1366.78,-3086.87
31.95300,6.769400e+02,-3.432282e+03,1.729063e+02,-3.057648e+03,1383.26,-3078.38
31.95400,6.675940e+02,-3.452315e+03,1.630863e+02,-3.049357e+03,1393.87,-3070.13
31.95500,6.592985e+02,-3.468775e+03,1.545781e+02,-3.038430e+03,1405.07,-3059.23
31.95600,6.504594e+02,-3.478139e+03,1.457101e+02,-3.021235e+03,1412.03,-3042.07
31.95700,6.407821e+02,-3.491555e+03,1.358530e+02,-3.006969e+03,1419.8,-3027.82
31.95800,6.330575e+02,-3.496727e+03,1.283701e+02,-2.987283e+03,1426.04,-3008.16
31.95900,6.246673e+02,-3.500023e+03,1.199189e+02,-2.965236e+03,1428.66,-2986.12
31.96000,6.161925e+02,-3.507938e+03,1.113830e+02,-2.947601e+03,1432.91,-2968.49
31.96100,6.087315e+02,-3.503572e+03,1.037183e+02,-2.919673e+03,1432.42,-2940.56
31.96200,5.990077e+02,-3.495731e+03,9.417527e+01,-2.887193e+03,1429.74,-2908.07
31.96300,5.898745e+02,-3.475927e+03,8.543020e+01,-2.844347e+03,1422.14,-2865.2
31.96400,5.819511e+02,-3.463719e+03,7.749860e+01,-2.810279e+03,1416.74,-2831.1
31.96500,5.753991e+02,-3.443869e+03,7.111007e+01,-2.768966e+03,1406.13,-2789.72
31.96600,5.668989e+02,-3.430639e+03,6.295107e+01,-2.733184e+03,1397.1,-2753.86
31.96700,5.603447e+02,-3.413359e+03,5.690531e+01,-2.694913e+03,1387.39,-2715.5
31.96800,5.544984e+02,-3.385753e+03,5.155734e+01,-2.648189e+03,1373.69,-2668.66
31.96900,5.493530e+02,-3.361299e+03,4.656284e+01,-2.605307e+03,1359.47,-2625.65
31.97000,5.445012e+02,-3.327045e+03,4.213567e+01,-2.553467e+03,1341.67,-2573.67
31.97100,5.388981e+02,-3.284836e+03,3.682672e+01,-2.494145e+03,1320.6,-2514.18
31.97200,5.323309e+02,-3.245231e+03,3.110849e+01,-2.436975e+03,1297.69,-2456.83
31.97300,5.275856e+02,-3.201941e+03,2.706661e+01,-2.378035e+03,1275.43,-2397.68
31.97400,5.228582e+02,-3.159923e+03,2.289841e+01,-2.321039e+03,1253.59,-2340.45
31.97500,5.190795e+02,-3.110700e+03,1.964275e+01,-2.258563e+03,1228.55,-2277.71
31.97600,5.154013e+02,-3.059130e+03,1.639166e+01,-2.194733e+03,1203.96,-2213.59
31.97700,5.127483e+02,-3.004468e+03,1.422384e+01,-2.129075e+03,1178.25,-2147.61
31.97800,5.076525e+02,-2.947525e+03,1.024333e+01,-2.060411e+03,1150.4,-2078.59
31.97900,5.042889e+02,-2.883045e+03,7.653487e+00,-1.985951e+03,1120.18,-2003.75
31.98000,5.016311e+02,-2.813318e+03,5.804983e+00,-1.907683e+03,1088.29,-1925.07
31.98100,4.997293e+02,-2.743563e+03,4.543898e+00,-1.830608e+03,1056.95,-1847.54
31.98200,4.982137e+02,-2.668555e+03,3.743841e+00,-1.748742e+03,1023.25,-1765.19
31.98300,4.970527e+02,-2.585672e+03,3.323931e+00,-1.661027e+03,987.459,-1676.95
31.98400,4.967067e+02,-2.500389e+03,3.559660e+00,-1.571711e+03,950.976,-1587.08
31.98500,4.974200e+02,-2.409713e+03,4.762763e+00,-1.479079e+03,914.019,-1493.85
31.98600,4.973483e+02,-2.317429e+03,5.331916e+00,-1.383842e+03,875.966,-1397.98
31.98700,4.975523e+02,-2.214585e+03,6.574399e+00,-1.281181e+03,836.371,-1294.65
31.98800,4.988352e+02,-2.114227e+03,8.478593e+00,-1.181782e+03,799.822,-1194.54
31.98900,5.007780e+02,-2.001395e+03,1.097859e+01,-1.071268e+03,758.148,-1083.27
31.99000,5.036461e+02,-1.886980e+03,1.442403e+01,-9.604373e+02,716.141,-971.657
31.99100,5.069431e+02,-1.767835e+03,1.828588e+01,-8.460033e+02,674.421,-856.402
31.99200,5.115895e+02,-1.643256e+03,2.317011e+01,-7.281513e+02,630.932,-737.695
31.99300,5.169919e+02,-1.517895e+03,2.887450e+01,-6.102541e+02,587.904,-618.91
31.99400,5.227524e+02,-1.386727e+03,3.515615e+01,-4.876232e+02,543.434,-495.361
31.99500,5.292631e+02,-1.250435e+03,4.202417e+01,-3.615329e+02,498.439,-368.324
31.99600,5.365394e+02,-1.110563e+03,4.953253e+01,-2.333464e+02,454.243,-239.163
31.99700,5.447829e+02,-9.670220e+02,5.788695e+01,-1.022650e+02,408.498,-107.084
31.99800,5.535901e+02,-8.182107e+02,6.692793e+01,3.228438e+01,362.001,28.4863
31.99900,5.633296e+02,-6.674120e+02,7.666287e+01,1.675102e+02,314.984,164.752
32.00000,5.739455e+02,-5.164900e+02,8.718580e+01,3.020154e+02,268.202,300.313
32.00100,5.852180e+02,-3.625735e+02,9.830633e+01,4.381328e+02,221.206,437.498
32.00200,5.969905e+02,-2.073716e+02,1.099219e+02,5.746247e+02,174.523,575.068
32.00300,6.093275e+02,-4.932490e+01,1.221098e+02,7.128827e+02,127.944,714.41
32.00400,6.223091e+02,1.104008e+02,1.347440e+02,8.515353e+02,79.004,854.151
32.00500,6.361808e+02,2.687127e+02,1.481247e+02,9.878700e+02,32.0281,991.572
32.00600,6.502277e+02,4.266995e+02,1.616961e+02,1.122893e+03,-15.7161,1127.67
32.00700,6.644387e+02,5.841751e+02,1.753585e+02,1.255571e+03,-63.8238,1261.42
32.00800,6.789873e+02,7.374607e+02,1.894025e+02,1.384349e+03,-110.477,1391.25
32.00900,6.936693e+02,8.907007e+02,2.035819e+02,1.511913e+03,-157.907,1519.86
32.01000,7.091640e+02,1.051387e+03,2.182621e+02,1.645421e+03,-205.225,1654.37
32.01100,7.237300e+02,1.209614e+03,2.326733e+02,1.776229e+03,-252.801,1786.15
32.01200,7.374693e+02,1.356128e+03,2.458049e+02,1.894801e+03,-299.312,1905.65
32.01300,7.508407e+02,1.503418e+03,2.581919e+02,2.013215e+03,-348.147,2024.96
32.01400,7.635680e+02,1.643656e+03,2.701826e+02,2.124653e+03,-395.155,2137.26
32.01500,7.757073e+02,1.779469e+03,2.818254e+02,2.230145e+03,-440.101,2243.56
32.01600,7.873580e+02,1.912683e+03,2.928755e+02,2.333457e+03,-485.264,2347.64
32.01700,7.982120e+02,2.041935e+03,3.031349e+02,2.432752e+03,-529.865,2447.65
32.01800,8.073520e+02,2.167501e+03,3.116134e+02,2.527525e+03,-576.82,2543.09
32.01900,8.151173e+02,2.280852e+03,3.192660e+02,2.610221e+03,-620.487,2626.4
32.02000,8.217847e+02,2.393603e+03,3.255685e+02,2.691939e+03,-664.227,2708.68
32.02100,8.276600e+02,2.501497e+03,3.310617e+02,2.768931e+03,-707.004,2786.18
32.02200,8.318853e+02,2.604404e+03,3.350579e+02,2.840254e+03,-749.919,2857.95
32.02300,8.348480e+02,2.695337e+03,3.373481e+02,2.899505e+03,-790.014,2917.61
32.02400,8.361660e+02,2.785342e+03,3.385487e+02,2.957945e+03,-831.622,2976.4
32.02500,8.378680e+02,2.877691e+03,3.393506e+02,3.018674e+03,-875.013,3037.44
32.02600,8.372827e+02,2.959267e+03,3.389347e+02,3.068662e+03,-915.321,3087.69
32.02700,8.343320e+02,3.025899e+03,3.358411e+02,3.104397e+03,-953.221,3123.65
32.02800,8.303800e+02,3.091851e+03,3.317857e+02,3.138955e+03,-990.007,3158.39
32.02900,8.262347e+02,3.155085e+03,3.274231e+02,3.171773e+03,-1027.75,3191.36
32.03000,8.208153e+02,3.217457e+03,3.218189e+02,3.202591e+03,-1063.93,3222.29
32.03100,8.139353e+02,3.275412e+03,3.149978e+02,3.229426e+03,-1100.51,3249.21
32.03200,8.063707e+02,3.328064e+03,3.067093e+02,3.250888e+03,-1134.63,3270.72
32.03300,7.975060e+02,3.366642e+03,2.979694e+02,3.259237e+03,-1163.32,3279.11
32.03400,7.888773e+02,3.404607e+03,2.891609e+02,3.267795e+03,-1192.44,3287.68
32.03500,7.785613e+02,3.444629e+03,2.790782e+02,3.276781e+03,-1222.14,3296.66
32.03600,7.683147e+02,3.475813e+03,2.689549e+02,3.277737e+03,-1247.64,3297.6
32.03700,7.574173e+02,3.505230e+03,2.577664e+02,3.276834e+03,-1272.87,3296.68
32.03800,7.458473e+02,3.536425e+03,2.456257e+02,3.277942e+03,-1298.95,3297.75
32.03900,7.346900e+02,3.561211e+03,2.347392e+02,3.273873e+03,-1321.05,3293.64
32.04000,7.230713e+02,3.577431e+03,2.229071e+02,3.262373e+03,-1341.1,3282.09
32.04100,7.114987e+02,3.591021e+03,2.113025e+02,3.247865e+03,-1358.73,3267.53
32.04200,6.990913e+02,3.607103e+03,1.990062e+02,3.235178e+03,-1375.33,3254.79
32.04300,6.878293e+02,3.619557e+03,1.872235e+02,3.220177e+03,-1390.27,3239.73
32.04400,6.764453e+02,3.627309e+03,1.754064e+02,3.201060e+03,-1404.07,3220.56
32.04500,6.648961e+02,3.633597e+03,1.638785e+02,3.180583e+03,-1417,3200.03
32.04600,6.519556e+02,3.635370e+03,1.510685e+02,3.155291e+03,-1425.29,3174.68
32.04700,6.413811e+02,3.635158e+03,1.404225e+02,3.129889e+03,-1435.33,3149.22
32.04800,6.295661e+02,3.633557e+03,1.285021e+02,3.103117e+03,-1441.16,3122.39
32.04900,6.172055e+02,3.621648e+03,1.164535e+02,3.066796e+03,-1443.1,3086.02
32.05000,6.053014e+02,3.611474e+03,1.046328e+02,3.032523e+03,-1445.53,3051.69
32.05100,5.941208e+02,3.596547e+03,9.370047e+01,2.994946e+03,-1446.6,3014.06
32.05200,5.822804e+02,3.583545e+03,8.226520e+01,2.958245e+03,-1446.4,2977.31
32.05300,5.718944e+02,3.567791e+03,7.209267e+01,2.920649e+03,-1444.62,2939.65
32.05400,5.610345e+02,3.546611e+03,6.133285e+01,2.878167e+03,-1440.47,2897.1
32.05500,5.512470e+02,3.516980e+03,5.134435e+01,2.826983e+03,-1429.7,2845.84
32.05600,5.413993e+02,3.487807e+03,4.189626e+01,2.777310e+03,-1419.17,2796.08
32.05700,5.331283e+02,3.458197e+03,3.412755e+01,2.727972e+03,-1409.54,2746.65
32.05800,5.251674e+02,3.433314e+03,2.638991e+01,2.683592e+03,-1399.73,2702.17
32.05900,5.188129e+02,3.394473e+03,2.014058e+01,2.627373e+03,-1384.74,2645.84
32.06000,5.117939e+02,3.358917e+03,1.353370e+01,2.574116e+03,-1368.95,2592.46
32.06100,5.036295e+02,3.318214e+03,6.206156e+00,2.515625e+03,-1350.18,2533.84
32.06200,4.974445e+02,3.272347e+03,6.552257e-01,2.453448e+03,-1330.28,2471.52
32.06300,4.929190e+02,3.233436e+03,-3.625852e+00,2.399646e+03,-1311.58,2417.57
32.06400,4.886811e+02,3.188240e+03,-7.497673e+00,2.340006e+03,-1289.97,2357.76
32.06500,4.851998e+02,3.138263e+03,-1.067141e+01,2.276842e+03,-1266.66,2294.41
32.06600,4.802619e+02,3.084344e+03,-1.480121e+01,2.210046e+03,-1242.09,2227.41
32.06700,4.759213e+02,3.034622e+03,-1.864039e+01,2.147631e+03,-1218.47,2164.76
32.06800,4.733624e+02,2.976565e+03,-2.075966e+01,2.078528e+03,-1191.02,2095.41
32.06900,4.713066e+02,2.916044e+03,-2.227873e+01,2.007932e+03,-1162.82,2024.53
32.07000,4.700221e+02,2.852990e+03,-2.315075e+01,1.935726e+03,-1133.62,1952.02
32.07100,4.698079e+02,2.785831e+03,-2.309069e+01,1.861029e+03,-1102.61,1876.99
32.07200,4.697967e+02,2.715374e+03,-2.262563e+01,1.783716e+03,-1070.89,1799.31
32.07300,4.705328e+02,2.645695e+03,-2.158213e+01,1.707900e+03,-1039.46,1723.1
32.07400,4.703023e+02,2.569804e+03,-2.115941e+01,1.625794e+03,-1006,1640.56
32.07500,4.730992e+02,2.497143e+03,-1.798332e+01,1.549112e+03,-971.303,1563.41
32.07600,4.760829e+02,2.419807e+03,-1.460643e+01,1.468199e+03,-934.997,1481.99
32.07700,4.787143e+02,2.334181e+03,-1.161167e+01,1.380971e+03,-899.767,1394.22
32.07800,4.819268e+02,2.238170e+03,-7.945220e+00,1.284681e+03,-860.873,1297.35
32.07900,4.860095e+02,2.141133e+03,-3.578012e+00,1.188455e+03,-821.615,1200.5
32.08000,4.908608e+02,2.039607e+03,1.576553e+00,1.089333e+03,-782.022,1100.71
32.08100,4.959261e+02,1.933537e+03,6.824633e+00,9.863653e+02,-741.086,997.04
32.08200,5.016307e+02,1.822665e+03,1.267695e+01,8.798373e+02,-699.317,889.764
32.08300,5.079354e+02,1.709155e+03,1.908032e+01,7.718320e+02,-657.928,780.973
32.08400,5.148665e+02,1.590291e+03,2.623141e+01,6.598092e+02,-615.435,668.126
32.08500,5.225211e+02,1.463856e+03,3.387055e+01,5.421767e+02,-570.839,549.633
32.08600,5.311602e+02,1.340796e+03,4.237819e+01,4.284051e+02,-527.726,434.967
32.08700,5.398780e+02,1.209585e+03,5.135525e+01,3.079211e+02,-482.556,313.556
32.08800,5.497674e+02,1.078420e+03,6.105850e+01,1.890626e+02,-438.107,193.742
32.08900,5.599871e+02,9.411453e+02,7.103147e+01,6.517119e+01,-393.254,68.8671
32.09000,5.704941e+02,8.033180e+02,8.154613e+01,-5.859668e+01,-348.296,-55.907
32.09100,5.821315e+02,6.585075e+02,9.256573e+01,-1.878141e+02,-300.349,-186.15
32.09200,5.941389e+02,5.150695e+02,1.041425e+02,-3.144345e+02,-253.964,-313.811
32.09300,6.064479e+02,3.693696e+02,1.160415e+02,-4.420002e+02,-208.159,-442.43
32.09400,6.190061e+02,2.202555e+02,1.282589e+02,-5.719851e+02,-162.209,-573.475
32.09500,6.320769e+02,6.218683e+01,1.407118e+02,-7.091533e+02,-113.686,-711.709
32.09600,6.455271e+02,-8.600427e+01,1.537627e+02,-8.359840e+02,-66.7704,-839.606
32.09700,6.591506e+02,-2.389726e+02,1.670337e+02,-9.669387e+02,-20.5545,-971.622
32.09800,6.733187e+02,-3.910709e+02,1.805433e+02,-1.096090e+03,25.9849,-1101.83
32.09900,6.872513e+02,-5.356819e+02,1.936459e+02,-1.216975e+03,73.2371,-1223.75
32.10000,7.015233e+02,-6.879540e+02,2.071194e+02,-1.343110e+03,119.559,-1350.91
32.10100,7.154560e+02,-8.394660e+02,2.202063e+02,-1.468700e+03,167.721,-1477.49
32.10200,7.288267e+02,-9.913800e+02,2.328894e+02,-1.593189e+03,215.663,-1602.93
32.10300,7.415920e+02,-1.130272e+03,2.448047e+02,-1.705101e+03,261.029,-1715.75
32.10400,7.531527e+02,-1.267361e+03,2.559871e+02,-1.815127e+03,308.954,-1826.65
32.10500,7.645413e+02,-1.397891e+03,2.666534e+02,-1.917984e+03,354.077,-1930.35
32.10600,7.746400e+02,-1.522961e+03,2.760591e+02,-2.014849e+03,398.15,-2028
32.10700,7.833833e+02,-1.640557e+03,2.839900e+02,-2.104297e+03,444.138,-2118.2
32.10800,7.910607e+02,-1.761520e+03,2.913446e+02,-2.195890e+03,489.953,-2210.49
32.10900,7.977480e+02,-1.878839e+03,2.979180e+02,-2.283174e+03,534.894,-2298.42
32.11000,8.038907e+02,-1.991568e+03,3.034746e+02,-2.366115e+03,580.344,-2381.96
32.11100,8.092680e+02,-2.100756e+03,3.082357e+02,-2.445666e+03,625.836,-2462.06
32.11200,8.125373e+02,-2.198687e+03,3.115140e+02,-2.513487e+03,669.35,-2530.39
32.11300,8.143287e+02,-2.289526e+03,3.129555e+02,-2.574292e+03,712.189,-2591.65
32.11400,8.153967e+02,-2.384467e+03,3.137055e+02,-2.638728e+03,756.764,-2656.49
32.11500,8.151727e+02,-2.462413e+03,3.131349e+02,-2.686990e+03,797.074,-2705.13
32.11600,8.139993e+02,-2.548478e+03,3.119829e+02,-2.741754e+03,838.629,-2760.22
32.11700,8.112040e+02,-2.624227e+03,3.092355e+02,-2.786372e+03,878.149,-2805.13
32.11800,8.073407e+02,-2.696888e+03,3.048450e+02,-2.828787e+03,918.379,-2847.8
32.11900,8.029433e+02,-2.763707e+03,3.007891e+02,-2.865310e+03,956.986,-2884.55
32.12000,7.977380e+02,-2.831135e+03,2.956408e+02,-2.901987e+03,994.908,-2921.42
32.12100,7.919567e+02,-2.890722e+03,2.897136e+02,-2.930635e+03,1031.19,-2950.25
32.12200,7.860547e+02,-2.949086e+03,2.837710e+02,-2.958802e+03,1068.95,-2978.56
32.12300,7.793873e+02,-3.005783e+03,2.771286e+02,-2.985141e+03,1104.77,-3005.03
32.12400,7.709687e+02,-3.056393e+03,2.682064e+02,-3.004537e+03,1137.42,-3024.54
32.12500,7.623640e+02,-3.100127e+03,2.595041e+02,-3.017607e+03,1165.66,-3037.71
32.12600,7.546540e+02,-3.151713e+03,2.514758e+02,-3.037419e+03,1195.65,-3057.61
32.12700,7.461053e+02,-3.191781e+03,2.431311e+02,-3.047226e+03,1223.24,-3067.5
32.12800,7.373247e+02,-3.229565e+03,2.344530e+02,-3.054958e+03,1248.57,-3075.31
32.12900,7.292873e+02,-3.261696e+03,2.266251e+02,-3.057759e+03,1269.88,-3078.18
32.13000,7.198820e+02,-3.302886e+03,2.167446e+02,-3.068436e+03,1293.73,-3088.93
32.13100,7.114847e+02,-3.335831e+03,2.077439e+02,-3.071443e+03,1315,-3091.99
32.13200,7.031753e+02,-3.369281e+03,1.988289e+02,-3.075160e+03,1336.28,-3095.76
32.13300,6.947000e+02,-3.394131e+03,1.906375e+02,-3.072069e+03,1355.46,-3092.72
32.13400,6.848247e+02,-3.418170e+03,1.809041e+02,-3.065758e+03,1369.48,-3086.45
32.13500,6.754427e+02,-3.434952e+03,1.714654e+02,-3.055165e+03,1384.41,-3075.9
32.13600,6.660769e+02,-3.458346e+03,1.612945e+02,-3.050035e+03,1397.46,-3070.81
32.13700,6.576325e+02,-3.469901e+03,1.529729e+02,-3.034443e+03,1405.3,-3055.25
32.13800,6.487089e+02,-3.480552e+03,1.439553e+02,-3.018443e+03,1413.45,-3039.27
32.13900,6.395826e+02,-3.493022e+03,1.346786e+02,-3.003685e+03,1421.34,-3024.54
32.14000,6.319187e+02,-3.498206e+03,1.271795e+02,-2.984113e+03,1426.45,-3004.98
32.14100,6.229959e+02,-3.502079e+03,1.181869e+02,-2.962381e+03,1429.83,-2983.26
32.14200,6.149846e+02,-3.507343e+03,1.102155e+02,-2.942616e+03,1432.93,-2963.5
32.14300,6.069801e+02,-3.502585e+03,1.019723e+02,-2.913856e+03,1431.73,-2934.73
32.14400,5.975562e+02,-3.494995e+03,9.280673e+01,-2.881972e+03,1429.21,-2902.84
32.14500,5.886603e+02,-3.474595e+03,8.418880e+01,-2.838733e+03,1421.15,-2859.57
32.14600,5.808374e+02,-3.462572e+03,7.641847e+01,-2.805049e+03,1416.01,-2825.85
32.14700,5.737905e+02,-3.439205e+03,6.955893e+01,-2.760327e+03,1403.66,-2781.06
32.14800,5.655343e+02,-3.428933e+03,6.163902e+01,-2.727241e+03,1395.77,-2747.9
32.14900,5.590228e+02,-3.410183e+03,5.570773e+01,-2.687881e+03,1385.58,-2708.44
32.15000,5.538833e+02,-3.381713e+03,5.096211e+01,-2.640697e+03,1370.9,-2661.14
32.15100,5.482971e+02,-3.355320e+03,4.560039e+01,-2.596085e+03,1356.66,-2616.4
32.15200,5.432847e+02,-3.320587e+03,4.099771e+01,-2.543489e+03,1338.4,-2563.65
32.15300,5.381844e+02,-3.280550e+03,3.620080e+01,-2.486588e+03,1317.23,-2506.58
32.15400,5.313390e+02,-3.236995e+03,3.025750e+01,-2.425786e+03,1293.62,-2445.59
32.15500,5.266555e+02,-3.194297e+03,2.619752e+01,-2.367517e+03,1271.29,-2387.11
32.15600,5.221341e+02,-3.151714e+03,2.232031e+01,-2.310254e+03,1248.9,-2329.61
32.15700,5.184637e+02,-3.100283e+03,1.906439e+01,-2.245883e+03,1223.61,-2264.97
32.15800,5.149501e+02,-3.051028e+03,1.598350e+01,-2.184240e+03,1199.5,-2203.03
32.15900,5.118687e+02,-2.993973e+03,1.359559e+01,-2.116396e+03,1173.24,-2134.86
32.16000,5.062354e+02,-2.936887e+03,9.081613e+00,-2.047375e+03,1145.74,-2065.48
32.16100,5.037752e+02,-2.869955e+03,7.225493e+00,-1.971203e+03,1114.27,-1988.92
32.16200,5.014471e+02,-2.802376e+03,5.748135e+00,-1.895180e+03,1082.65,-1912.48
32.16300,4.994242e+02,-2.729541e+03,4.335179e+00,-1.815293e+03,1050.73,-1832.14
32.16400,4.977795e+02,-2.653109e+03,3.464286e+00,-1.732225e+03,1016.47,-1748.58
32.16500,4.967729e+02,-2.570540e+03,3.177250e+00,-1.644997e+03,981.165,-1660.82
32.16600,4.965558e+02,-2.483361e+03,3.551397e+00,-1.554047e+03,943.885,-1569.31
32.16700,4.972934e+02,-2.393613e+03,4.776060e+00,-1.462415e+03,907.617,-1477.07
32.16800,4.971320e+02,-2.299923e+03,5.376445e+00,-1.366131e+03,869.359,-1380.15
32.16900,4.976027e+02,-2.196318e+03,6.720927e+00,-1.262905e+03,829.756,-1276.24
32.17000,4.990542e+02,-2.094185e+03,8.788873e+00,-1.162018e+03,792.348,-1174.64
32.17100,5.011007e+02,-1.979585e+03,1.139921e+01,-1.049974e+03,750.168,-1061.84
32.17200,5.041195e+02,-1.865648e+03,1.500112e+01,-9.398813e+02,708.584,-950.96
32.17300,5.076067e+02,-1.745701e+03,1.905704e+01,-8.248007e+02,666.356,-835.054
32.17400,5.124757e+02,-1.620963e+03,2.408919e+01,-7.069693e+02,623.081,-716.364
32.17500,5.179463e+02,-1.494062e+03,2.991049e+01,-5.879645e+02,579.921,-596.467
32.17600,5.237210e+02,-1.362077e+03,3.622263e+01,-4.646694e+02,535.483,-472.251
32.17700,5.304332e+02,-1.224837e+03,4.327946e+01,-3.380511e+02,490.472,-344.682
32.17800,5.377571e+02,-1.084266e+03,5.087157e+01,-2.090540e+02,445.911,-214.708
32.17900,5.463221e+02,-9.393747e+02,5.942791e+01,-7.720767e+01,399.92,-81.8613
32.18000,5.552411e+02,-7.913440e+02,6.859247e+01,5.645331e+01,353.472,52.8222
32.18100,5.651241e+02,-6.401882e+02,7.847660e+01,1.919001e+02,306.605,189.31
32.18200,5.759285e+02,-4.890559e+02,8.913973e+01,3.264216e+02,259.811,324.888
32.18300,5.872851e+02,-3.345683e+02,1.003599e+02,4.627921e+02,212.632,462.327
32.18400,5.991931e+02,-1.779077e+02,1.120785e+02,6.005865e+02,165.959,601.2
32.18500,6.115561e+02,-2.126887e+01,1.243549e+02,7.373433e+02,119.309,739.041
32.18600,6.246845e+02,1.386719e+02,1.370750e+02,8.758347e+02,70.4065,878.619
32.18700,6.386972e+02,2.976689e+02,1.505641e+02,1.012745e+03,23.2837,1016.61
32.18800,6.527815e+02,4.545207e+02,1.641535e+02,1.146348e+03,-24.4063,1151.29
32.18900,6.670727e+02,6.118715e+02,1.778859e+02,1.278951e+03,-72.1875,1284.96
32.19000,6.815900e+02,7.651973e+02,1.919330e+02,1.407468e+03,-119.235,1414.53
32.19100,6.965207e+02,9.188327e+02,2.062732e+02,1.535124e+03,-166.123,1543.22
32.19200,7.117133e+02,1.078575e+03,2.208307e+02,1.668012e+03,-213.981,1677.11
32.19300,7.262407e+02,1.236209e+03,2.351541e+02,1.797801e+03,-260.606,1807.86
32.19400,7.398613e+02,1.382589e+03,2.480483e+02,1.916050e+03,-308.641,1927.04
32.19500,7.531787e+02,1.528362e+03,2.603637e+02,2.032911e+03,-356.734,2044.79
32.19600,7.657500e+02,1.668834e+03,2.723994e+02,2.144476e+03,-403.793,2157.2
32.19700,7.779173e+02,1.802777e+03,2.839296e+02,2.248135e+03,-448.379,2261.66
32.19800,7.893353e+02,1.935929e+03,2.947915e+02,2.351407e+03,-493.252,2365.69
32.19900,7.998933e+02,2.064191e+03,3.047017e+02,2.449546e+03,-538.331,2464.54
32.20000,8.089373e+02,2.187538e+03,3.131251e+02,2.542131e+03,-584.401,2557.78
32.20100,8.163207e+02,2.300493e+03,3.204391e+02,2.624354e+03,-628.585,2640.61
32.20200,8.228893e+02,2.413253e+03,3.265402e+02,2.705947e+03,-672.327,2722.75
32.20300,8.283393e+02,2.520708e+03,3.317567e+02,2.782249e+03,-715.315,2799.56
32.20400,8.321093e+02,2.619333e+03,3.351724e+02,2.849563e+03,-757.343,2867.32
32.20500,8.351653e+02,2.711365e+03,3.376721e+02,2.910147e+03,-797.898,2928.3
32.20600,8.364853e+02,2.801557e+03,3.387892e+02,2.968440e+03,-839.566,2986.94
32.20700,8.377040e+02,2.890988e+03,3.390922e+02,3.026272e+03,-882.247,3045.07
32.20800,8.370600e+02,2.971681e+03,3.386184e+02,3.075586e+03,-922.305,3094.64
32.20900,8.333913e+02,3.036692e+03,3.348854e+02,3.109555e+03,-960.161,3128.83
32.21000,8.293847e+02,3.102273e+03,3.307737e+02,3.143707e+03,-996.505,3163.16
32.21100,8.253447e+02,3.165159e+03,3.264153e+02,3.176326e+03,-1034.48,3195.92
32.21200,8.193793e+02,3.227452e+03,3.204827e+02,3.206965e+03,-1070.64,3226.67
32.21300,8.127400e+02,3.285646e+03,3.137493e+02,3.234323e+03,-1107.3,3254.1
32.21400,8.046140e+02,3.333389e+03,3.050886e+02,3.250662e+03,-1139.72,3270.5
32.21500,7.962140e+02,3.373913e+03,2.964738e+02,3.261251e+03,-1168.38,3281.12
32.21600,7.868207e+02,3.411441e+03,2.871403e+02,3.268912e+03,-1197.97,3288.79
32.21700,7.768227e+02,3.448105e+03,2.774633e+02,3.275265e+03,-1226.76,3295.14
32.21800,7.659967e+02,3.480841e+03,2.665281e+02,3.277085e+03,-1252.25,3296.94
32.21900,7.551873e+02,3.510382e+03,2.554815e+02,3.276423e+03,-1277.64,3296.26
32.22000,7.438640e+02,3.540609e+03,2.435767e+02,3.276974e+03,-1302.7,3296.77
32.22100,7.325127e+02,3.566360e+03,2.324399e+02,3.273705e+03,-1326.31,3293.46
32.22200,7.209473e+02,3.577695e+03,2.207403e+02,3.257836e+03,-1343.76,3277.54
32.22300,7.095260e+02,3.593765e+03,2.094277e+02,3.245349e+03,-1361.49,3265
32.22400,6.970060e+02,3.611267e+03,1.967991e+02,3.234124e+03,-1378.75,3253.72
32.22500,6.861613e+02,3.620325e+03,1.854775e+02,3.216122e+03,-1391.99,3235.67
32.22600,6.745927e+02,3.628630e+03,1.735266e+02,3.197656e+03,-1406.75,3217.15
32.22700,6.623394e+02,3.633279e+03,1.613409e+02,3.175183e+03,-1418.1,3194.62
32.22800,6.497753e+02,3.635659e+03,1.488535e+02,3.150829e+03,-1427.38,3170.21
32.22900,6.397402e+02,3.632929e+03,1.387688e+02,3.123380e+03,-1435.36,3142.7
32.23000,6.272452e+02,3.631403e+03,1.262815e+02,3.096457e+03,-1441.13,3115.72
32.23100,6.153000e+02,3.619657e+03,1.144938e+02,3.060623e+03,-1444.25,3079.83
32.23200,6.031307e+02,3.610571e+03,1.023949e+02,3.027187e+03,-1445.85,3046.34
32.23300,5.924733e+02,3.595784e+03,9.202160e+01,2.989849e+03,-1447.12,3008.95
32.23400,5.803041e+02,3.579123e+03,8.037527e+01,2.949922e+03,-1445.59,2968.97
32.23500,5.697383e+02,3.565009e+03,6.994347e+01,2.913895e+03,-1444.55,2932.89
32.23600,5.597236e+02,3.543669e+03,6.001651e+01,2.871063e+03,-1438.97,2889.98
32.23700,5.494794e+02,3.510569e+03,4.953785e+01,2.816967e+03,-1427.35,2835.81
32.23800,5.398253e+02,3.482763e+03,4.038564e+01,2.768635e+03,-1417.61,2787.39
32.23900,5.317977e+02,3.452973e+03,3.285839e+01,2.719183e+03,-1407.63,2737.84
32.24000,5.233391e+02,3.427299e+03,2.466683e+01,2.674134e+03,-1397.74,2692.69
32.24100,5.180133e+02,3.385783e+03,1.932549e+01,2.615793e+03,-1381.06,2634.24
32.24200,5.101371e+02,3.352271e+03,1.198030e+01,2.564158e+03,-1365.95,2582.48
32.24300,5.024743e+02,3.308134e+03,5.163109e+00,2.502679e+03,-1345.78,2520.87
32.24400,4.966780e+02,3.266539e+03,-1.153606e-01,2.444607e+03,-1327.3,2462.66
32.24500,4.921703e+02,3.226319e+03,-4.279561e+00,2.389781e+03,-1307.98,2407.67
32.24600,4.879320e+02,3.178844e+03,-8.182293e+00,2.328158e+03,-1285.62,2345.88
32.24700,4.846841e+02,3.126183e+03,-1.119095e+01,2.262764e+03,-1261.68,2280.29
32.24800,4.791141e+02,3.075553e+03,-1.574557e+01,2.198720e+03,-1237.65,2216.04
32.24900,4.753885e+02,3.024981e+03,-1.909360e+01,2.135947e+03,-1213.73,2153.03
32.25000,4.729235e+02,2.965369e+03,-2.108649e+01,2.065511e+03,-1185.69,2082.34
32.25100,4.710403e+02,2.904726e+03,-2.251521e+01,1.994885e+03,-1157.37,2011.43
32.25200,4.697620e+02,2.840067e+03,-2.334603e+01,1.921475e+03,-1127.79,1937.71
32.25300,4.695533e+02,2.771217e+03,-2.320921e+01,1.845254e+03,-1096.09,1861.15
32.25400,4.700492e+02,2.702909e+03,-2.233419e+01,1.770247e+03,-1065.52,1785.78
32.25500,4.702639e+02,2.631765e+03,-2.173592e+01,1.692771e+03,-1033.38,1707.9
32.25600,4.706134e+02,2.555603e+03,-2.082183e+01,1.610673e+03,-999.191,1625.36
32.25700,4.731239e+02,2.481420e+03,-1.777514e+01,1.532931e+03,-965.11,1547.14
32.25800,4.762643e+02,2.402640e+03,-1.434484e+01,1.450725e+03,-928.382,1464.43
32.25900,4.790746e+02,2.316425e+03,-1.115959e+01,1.363113e+03,-892.415,1376.26
32.26000,4.824665e+02,2.219890e+03,-7.324580e+00,1.266559e+03,-853.48,1279.12
32.26100,4.867481e+02,2.122746e+03,-2.786637e+00,1.170471e+03,-814.366,1182.4
32.26200,4.916025e+02,2.019951e+03,2.398296e+00,1.070294e+03,-774.536,1081.56
32.26300,4.968222e+02,1.912985e+03,7.750933e+00,9.667087e+02,-733.496,977.258
32.26400,5.025486e+02,1.801374e+03,1.366709e+01,8.595587e+02,-691.584,869.355
32.26500,5.090858e+02,1.686932e+03,2.022565e+01,7.509893e+02,-650.072,759.994
32.26600,5.160181e+02,1.567066e+03,2.741513e+01,6.382091e+02,-607.644,646.385
32.26700,5.239857e+02,1.440547e+03,3.530942e+01,5.206379e+02,-562.736,527.948
32.26800,5.326855e+02,1.317181e+03,4.387607e+01,4.067909e+02,-519.919,413.201
32.26900,5.415136e+02,1.185157e+03,5.300069e+01,2.856679e+02,-474.059,291.148
32.27000,5.515100e+02,1.053049e+03,6.274549e+01,1.661371e+02,-429.958,170.657
32.27100,5.617857e+02,9.147567e+02,7.283953e+01,4.150942e+01,-384.867,45.0428
32.27200,5.724399e+02,7.764173e+02,8.343293e+01,-8.251353e+01,-339.786,-79.9889
32.27300,5.841621e+02,6.319405e+02,9.458380e+01,-2.112329e+02,-291.871,-209.736
32.27400,5.962821e+02,4.877937e+02,1.062283e+02,-3.383788e+02,-245.381,-337.924
32.27500,6.086580e+02,3.412284e+02,1.181906e+02,-4.665960e+02,-199.408,-467.194
32.27600,6.213447e+02,1.915621e+02,1.304670e+02,-5.967687e+02,-153.609,-598.428
32.27700,6.345092e+02,3.459269e+01,1.430053e+02,-7.327713e+02,-104.762,-735.496
32.27800,6.478792e+02,-1.141429e+02,1.561724e+02,-8.601333e+02,-58.065,-863.923
32.27900,6.617293e+02,-2.681017e+02,1.694652e+02,-9.916093e+02,-12.115,-996.459
32.28000,6.758453e+02,-4.169983e+02,1.829620e+02,-1.117769e+03,34.5989,-1123.67
32.28100,6.897200e+02,-5.608303e+02,1.960023e+02,-1.237683e+03,81.4929,-1244.62
32.28200,7.042673e+02,-7.191847e+02,2.097831e+02,-1.369319e+03,128.624,-1377.27
32.28300,7.181220e+02,-8.699273e+02,2.226365e+02,-1.493743e+03,176.568,-1502.68
32.28400,7.309080e+02,-1.015150e+03,2.348707e+02,-1.612155e+03,224.194,-1622.03
32.28500,7.436147e+02,-1.155261e+03,2.468103e+02,-1.725308e+03,270.107,-1736.09
32.28600,7.552133e+02,-1.290822e+03,2.579243e+02,-1.833426e+03,317.014,-1845.08
32.28700,7.663740e+02,-1.420128e+03,2.683993e+02,-1.935087e+03,361.907,-1947.57
32.28800,7.763940e+02,-1.545374e+03,2.775960e+02,-2.031899e+03,406.499,-2045.17
32.28900,7.847947e+02,-1.662737e+03,2.853612e+02,-2.120949e+03,452.444,-2134.96
32.29000,7.921127e+02,-1.782526e+03,2.923919e+02,-2.211326e+03,498.323,-2226.02
32.29100,7.989507e+02,-1.900327e+03,2.990020e+02,-2.298988e+03,543.57,-2314.32
32.29200,8.048500e+02,-2.011678e+03,3.043895e+02,-2.380830e+03,589.048,-2396.76
32.29300,8.099993e+02,-2.119522e+03,3.089266e+02,-2.458837e+03,634.044,-2475.31
32.29400,8.129593e+02,-2.214985e+03,3.118777e+02,-2.524116e+03,676.87,-2541.08
32.29500,8.149273e+02,-2.306790e+03,3.134536e+02,-2.586081e+03,720.641,-2603.5
32.29600,8.144133e+02,-2.394711e+03,3.128178e+02,-2.643776e+03,763.769,-2661.6
32.29700,8.149533e+02,-2.478506e+03,3.129261e+02,-2.697359e+03,805.002,-2715.54
32.29800,8.136440e+02,-2.562242e+03,3.116807e+02,-2.749863e+03,845.85,-2768.37
32.29900,8.105587e+02,-2.636893e+03,3.084815e+02,-2.793410e+03,885.499,-2812.2
32.30000,8.065780e+02,-2.708441e+03,3.042754e+02,-2.834801e+03,925.147,-2853.85
32.30100,8.018233e+02,-2.776970e+03,2.995217e+02,-2.872795e+03,964.651,-2892.06
32.30200,7.965593e+02,-2.841779e+03,2.945253e+02,-2.906976e+03,1001.47,-2926.44
32.30300,7.905713e+02,-2.900557e+03,2.883719e+02,-2.935015e+03,1038.51,-2954.65
32.30400,7.843987e+02,-2.958908e+03,2.821197e+02,-2.962943e+03,1076.19,-2982.72
32.30500,7.781080e+02,-3.016658e+03,2.758395e+02,-2.989827e+03,1110.49,-3009.73
32.30600,7.694313e+02,-3.063000e+03,2.665612e+02,-3.005839e+03,1142.32,-3025.85
32.30700,7.605480e+02,-3.108403e+03,2.577491e+02,-3.019995e+03,1171.45,-3040.11
32.30800,7.532873e+02,-3.160264e+03,2.500543e+02,-3.040229e+03,1200.91,-3060.43
32.30900,7.445967e+02,-3.198679e+03,2.415625e+02,-3.048607e+03,1227.98,-3068.89
32.31000,7.358987e+02,-3.235739e+03,2.331957e+02,-3.055853e+03,1252.72,-3076.22
32.31100,7.277047e+02,-3.267913e+03,2.250773e+02,-3.058480e+03,1273.73,-3078.91
32.31200,7.184827e+02,-3.310780e+03,2.151259e+02,-3.070585e+03,1298.2,-3091.08
32.31300,7.100033e+02,-3.341792e+03,2.061713e+02,-3.071847e+03,1318.91,-3092.4
32.31400,7.017133e+02,-3.373949e+03,1.972923e+02,-3.074385e+03,1339.63,-3095
32.31500,6.930613e+02,-3.401301e+03,1.889417e+02,-3.073352e+03,1358.96,-3094.01
32.31600,6.831960e+02,-3.422083e+03,1.793639e+02,-3.064524e+03,1372.39,-3085.22
32.31700,6.738153e+02,-3.438447e+03,1.697323e+02,-3.053367e+03,1386.26,-3074.1
32.31800,6.647035e+02,-3.461055e+03,1.599093e+02,-3.047763e+03,1399.51,-3068.53
32.31900,6.560119e+02,-3.473247e+03,1.513038e+02,-3.032562e+03,1406.89,-3053.37
32.32000,6.467589e+02,-3.482620e+03,1.419917e+02,-3.015231e+03,1414.59,-3036.06
32.32100,6.385136e+02,-3.494487e+03,1.336447e+02,-3.000525e+03,1422.63,-3021.38
32.32200,6.305231e+02,-3.499499e+03,1.258032e+02,-2.980515e+03,1426.69,-3001.38
32.32300,6.214734e+02,-3.503705e+03,1.166484e+02,-2.959191e+03,1430.56,-2980.07
32.32400,6.141161e+02,-3.506441e+03,1.093019e+02,-2.937625e+03,1432.91,-2958.5
32.32500,6.054521e+02,-3.503342e+03,1.004763e+02,-2.909837e+03,1432.15,-2930.71
32.32600,5.957209e+02,-3.491481e+03,9.106140e+01,-2.873961e+03,1427.67,-2894.82
32.32700,5.873902e+02,-3.474178e+03,8.291307e+01,-2.833948e+03,1420.4,-2854.78
32.32800,5.799305e+02,-3.460395e+03,7.548707e+01,-2.798815e+03,1414.53,-2819.6
32.32900,5.722199e+02,-3.436531e+03,6.801487e+01,-2.753419e+03,1401.83,-2774.13
32.33000,5.642135e+02,-3.424906e+03,6.047200e+01,-2.719245e+03,1393.73,-2739.87
32.33100,5.579854e+02,-3.405898e+03,5.477933e+01,-2.679965e+03,1383.13,-2700.49
32.33200,5.531233e+02,-3.378081e+03,5.021542e+01,-2.633517e+03,1368.21,-2653.93
32.33300,5.474793e+02,-3.350119e+03,4.483502e+01,-2.587602e+03,1353.86,-2607.88
32.33400,5.420622e+02,-3.313735e+03,3.983267e+01,-2.533225e+03,1334.81,-2553.35
32.33500,5.366246e+02,-3.274373e+03,3.487970e+01,-2.476734e+03,1313.08,-2496.69
32.33600,5.303647e+02,-3.228347e+03,2.941933e+01,-2.414251e+03,1289.6,-2434.01
32.33700,5.257010e+02,-3.187456e+03,2.531222e+01,-2.357863e+03,1267.62,-2377.4
32.33800,5.214871e+02,-3.144329e+03,2.182469e+01,-2.300323e+03,1244.8,-2319.62
32.33900,5.175087e+02,-3.089037e+03,1.819741e+01,-2.232409e+03,1218.66,-2251.44
32.34000,5.146450e+02,-3.040027e+03,1.571111e+01,-2.171222e+03,1194.17,-2189.95
32.34100,5.108573e+02,-2.983660e+03,1.273400e+01,-2.103898e+03,1168.62,-2122.29
32.34200,5.053974e+02,-2.925619e+03,8.392307e+00,-2.034034e+03,1140.34,-2052.07
32.34300,5.032237e+02,-2.857976e+03,6.836840e+00,-1.957484e+03,1108.62,-1975.12
32.34400,5.010041e+02,-2.790284e+03,5.457911e+00,-1.881524e+03,1077.16,-1898.74
32.34500,4.989826e+02,-2.716315e+03,4.025467e+00,-1.800697e+03,1044.77,-1817.45
32.34600,4.974447e+02,-2.638215e+03,3.271176e+00,-1.716319e+03,1010.36,-1732.57
32.34700,4.964899e+02,-2.554329e+03,3.030118e+00,-1.627927e+03,974.094,-1643.65
32.34800,4.963410e+02,-2.465695e+03,3.471359e+00,-1.535877e+03,936.669,-1551.03
32.34900,4.971420e+02,-2.376463e+03,4.742498e+00,-1.444689e+03,900.785,-1459.23
32.35000,4.970288e+02,-2.280981e+03,5.479929e+00,-1.347120e+03,862.135,-1361.02
32.35100,4.976239e+02,-2.178066e+03,6.878360e+00,-1.244641e+03,823.284,-1257.85
32.35200,4.992670e+02,-2.073831e+03,9.120367e+00,-1.141998e+03,784.876,-1154.49
32.35300,5.014735e+02,-1.958336e+03,1.186704e+01,-1.029267e+03,742.552,-1041
32.35400,5.046227e+02,-1.843269e+03,1.558031e+01,-9.183020e+02,700.602,-929.24
32.35500,5.083144e+02,-1.723349e+03,1.984291e+01,-8.035827e+02,658.586,-813.691
32.35600,5.133882e+02,-1.598592e+03,2.505979e+01,-6.857467e+02,615.296,-694.991
32.35700,5.188845e+02,-1.470504e+03,3.097823e+01,-5.658311e+02,571.999,-574.181
32.35800,5.248083e+02,-1.337433e+03,3.738015e+01,-4.418872e+02,527.635,-449.311
32.35900,5.316382e+02,-1.198945e+03,4.454192e+01,-3.143002e+02,482.573,-320.771
32.36000,5.391027e+02,-1.057876e+03,5.229464e+01,-1.847963e+02,437.625,-190.288
32.36100,5.478807e+02,-9.116680e+02,6.100085e+01,-5.207417e+01,391.323,-56.5627
32.36200,5.569224e+02,-7.636107e+02,7.027260e+01,8.135940e+01,345.01,77.8954
32.36300,5.669007e+02,-6.131411e+02,8.030960e+01,2.161071e+02,298.386,213.686
32.36400,5.779492e+02,-4.610246e+02,9.113153e+01,3.513693e+02,251.192,350.005
32.36500,5.893485e+02,-3.068563e+02,1.024499e+02,4.871756e+02,204.146,486.881
32.36600,6.013647e+02,-1.479899e+02,1.142844e+02,6.267393e+02,157.434,627.522
32.36700,6.138922e+02,8.007880e+00,1.266544e+02,7.628687e+02,110.455,764.735
32.36800,6.271815e+02,1.669095e+02,1.394729e+02,9.001120e+02,61.9071,903.064
32.36900,6.411994e+02,3.263823e+02,1.530105e+02,1.037385e+03,14.5131,1041.42
32.37000,6.553489e+02,4.828115e+02,1.666157e+02,1.170169e+03,-33.2341,1175.28
32.37100,6.696800e+02,6.394039e+02,1.804217e+02,1.302035e+03,-80.4762,1308.21
32.37200,6.842540e+02,7.923607e+02,1.945528e+02,1.430101e+03,-127.516,1437.32
32.37300,6.994867e+02,9.476753e+02,2.089889e+02,1.558884e+03,-174.284,1567.13
32.37400,7.143153e+02,1.106625e+03,2.234273e+02,1.691316e+03,-222.832,1700.56
32.37500,7.287280e+02,1.263070e+03,2.375444e+02,1.819589e+03,-269.394,1829.79
32.37600,7.422680e+02,1.408676e+03,2.503415e+02,1.936949e+03,-317.323,1948.07
32.37700,7.555940e+02,1.553656e+03,2.625854e+02,2.052986e+03,-365.338,2064.99
32.37800,7.679720e+02,1.693675e+03,2.745381e+02,2.163916e+03,-412.473,2176.76
32.37900,7.800407e+02,1.824725e+03,2.859445e+02,2.264862e+03,-455.919,2278.5
32.38000,7.914533e+02,1.960005e+03,2.968442e+02,2.370059e+03,-501.502,2384.45
32.38100,8.014460e+02,2.086425e+03,3.062768e+02,2.466431e+03,-546.94,2481.52
32.38200,8.102793e+02,2.207394e+03,3.144827e+02,2.556494e+03,-592.565,2572.23
32.38300,8.174067e+02,2.320202e+03,3.215067e+02,2.638523e+03,-636.868,2654.85
32.38400,8.240273e+02,2.433987e+03,3.274970e+02,2.720959e+03,-680.811,2737.83
32.38500,8.289267e+02,2.537683e+03,3.323870e+02,2.793467e+03,-722.846,2810.83
32.38600,8.327240e+02,2.635280e+03,3.356796e+02,2.859804e+03,-764.231,2877.61
32.38700,8.354020e+02,2.727447e+03,3.378916e+02,2.920581e+03,-805.616,2938.77
32.38800,8.366447e+02,2.817849e+03,3.388544e+02,2.978989e+03,-847.55,2997.52
32.38900,8.378327e+02,2.905143e+03,3.393644e+02,3.034872e+03,-889.479,3053.7
32.39000,8.362107e+02,2.982647e+03,3.376813e+02,3.081018e+03,-929.201,3100.1
32.39100,8.325680e+02,3.048036e+03,3.340334e+02,3.115263e+03,-967.082,3134.55
32.39200,8.284433e+02,3.113255e+03,3.298644e+02,3.149229e+03,-1003.43,3168.69
32.39300,8.243853e+02,3.175607e+03,3.253382e+02,3.181079e+03,-1041.08,3200.68
32.39400,8.182007e+02,3.237193e+03,3.192826e+02,3.211080e+03,-1077.11,3230.78
32.39500,8.113267e+02,3.295778e+03,3.122266e+02,3.238798e+03,-1113.78,3258.58
32.39600,8.032340e+02,3.338877e+03,3.036523e+02,3.250693e+03,-1144.52,3270.52
32.39700,7.947473e+02,3.381184e+03,2.949505e+02,3.263116e+03,-1174.06,3282.98
32.39800,7.846887e+02,3.417216e+03,2.849259e+02,3.269064e+03,-1203.13,3288.93
32.39900,7.751973e+02,3.452952e+03,2.759357e+02,3.274883e+03,-1231.53,3294.75
32.40000,7.637520e+02,3.486514e+03,2.642165e+02,3.277079e+03,-1257.1,3296.93
32.40100,7.527827e+02,3.516165e+03,2.530427e+02,3.276498e+03,-1282.75,3296.32
32.40200,7.418853e+02,3.545498e+03,2.415695e+02,3.276561e+03,-1306.93,3296.35
32.40300,7.306933e+02,3.571079e+03,2.304433e+02,3.273201e+03,-1330.34,3292.95
32.40400,7.190873e+02,3.582156e+03,2.187440e+02,3.257025e+03,-1347.54,3276.72
32.40500,7.078100e+02,3.595261e+03,2.078164e+02,3.241871e+03,-1364.03,3261.51
32.40600,6.948560e+02,3.614182e+03,1.945257e+02,3.231907e+03,-1381.73,3251.49
32.40700,6.839367e+02,3.620621e+03,1.832295e+02,3.211433e+03,-1393.86,3230.97
32.40800,6.726000e+02,3.627774e+03,1.715947e+02,3.192044e+03,-1408.01,3211.52
32.40900,6.600545e+02,3.632464e+03,1.591527e+02,3.169420e+03,-1418.82,3188.84
32.41000,6.477377e+02,3.636337e+03,1.468292e+02,3.146695e+03,-1429.41,3166.06
32.41100,6.380140e+02,3.632084e+03,1.369528e+02,3.118238e+03,-1436.28,3137.55
32.41200,6.246977e+02,3.629145e+03,1.238180e+02,3.089492e+03,-1441.13,3108.75
32.41300,6.135469e+02,3.618156e+03,1.126535e+02,3.054852e+03,-1445.07,3074.05
32.41400,6.011313e+02,3.609599e+03,1.004095e+02,3.021907e+03,-1446.47,3041.05
32.41500,5.906030e+02,3.593893e+03,9.015940e+01,2.983597e+03,-1446.99,3002.69
32.41600,5.786060e+02,3.577555e+03,7.869133e+01,2.944149e+03,-1445.61,2963.19
32.41700,5.675377e+02,3.561458e+03,6.779353e+01,2.906313e+03,-1443.5,2925.29
32.41800,5.578859e+02,3.537396e+03,5.816812e+01,2.860952e+03,-1436.85,2879.86
32.41900,5.479549e+02,3.506328e+03,4.797973e+01,2.808941e+03,-1425.58,2827.76
32.42000,5.384343e+02,3.477325e+03,3.910730e+01,2.759552e+03,-1415.66,2778.29
32.42100,5.303669e+02,3.447828e+03,3.146970e+01,2.710448e+03,-1405.5,2729.09
32.42200,5.217499e+02,3.420614e+03,2.310498e+01,2.664200e+03,-1395.43,2682.73
32.42300,5.168523e+02,3.378665e+03,1.820680e+01,2.605483e+03,-1377.79,2623.9
32.42400,5.086236e+02,3.344155e+03,1.062905e+01,2.552755e+03,-1362.08,2571.05
32.42500,5.015765e+02,3.299738e+03,4.334661e+00,2.491307e+03,-1341.7,2509.47
32.42600,4.957805e+02,3.258681e+03,-1.021557e+00,2.434089e+03,-1323.65,2452.1
32.42700,4.912185e+02,3.217383e+03,-5.134279e+00,2.378315e+03,-1304.15,2396.17
32.42800,4.870246e+02,3.169238e+03,-9.023420e+00,2.316081e+03,-1281.22,2333.76
32.42900,4.837329e+02,3.116339e+03,-1.197721e+01,2.250531e+03,-1257.12,2268.02
32.43000,4.785025e+02,3.066636e+03,-1.629543e+01,2.187536e+03,-1233.2,2204.81
32.43100,4.748389e+02,3.014096e+03,-1.954523e+01,2.123069e+03,-1208.45,2140.11
32.43200,4.723195e+02,2.953511e+03,-2.159083e+01,2.051893e+03,-1180.45,2068.67
32.43300,4.705645e+02,2.891097e+03,-2.287009e+01,1.979638e+03,-1151.14,1996.13
32.43400,4.695063e+02,2.827613e+03,-2.354200e+01,1.907657e+03,-1122.25,1923.83
32.43500,4.694290e+02,2.759550e+03,-2.322351e+01,1.832197e+03,-1090.66,1848.03
32.43600,4.701506e+02,2.689805e+03,-2.218579e+01,1.756103e+03,-1059.57,1771.56
32.43700,4.699668e+02,2.616895e+03,-2.187955e+01,1.676721e+03,-1026.63,1691.77
32.43800,4.708925e+02,2.540277e+03,-2.051123e+01,1.594877e+03,-992.897,1609.48
32.43900,4.731769e+02,2.465295e+03,-1.758932e+01,1.516217e+03,-958.373,1530.34
32.44000,4.764996e+02,2.384366e+03,-1.404856e+01,1.432340e+03,-921.404,1445.94
32.44100,4.794865e+02,2.298545e+03,-1.065856e+01,1.345247e+03,-885.205,1358.29
32.44200,4.829902e+02,2.201516e+03,-6.719660e+00,1.248383e+03,-846.164,1260.83
32.44300,4.873627e+02,2.103035e+03,-2.041132e+00,1.151305e+03,-806.839,1163.12
32.44400,4.923219e+02,1.999514e+03,3.147827e+00,1.050507e+03,-766.733,1061.65
32.44500,4.976919e+02,1.891865e+03,8.673587e+00,9.465333e+02,-725.742,956.955
32.44600,5.034850e+02,1.780789e+03,1.465965e+01,8.399353e+02,-684.244,849.599
32.44700,5.101475e+02,1.663839e+03,2.138419e+01,7.292800e+02,-641.721,738.146
32.44800,5.172162e+02,1.544231e+03,2.861867e+01,6.170020e+02,-600.095,625.033
32.44900,5.254558e+02,1.417839e+03,3.675317e+01,4.996889e+02,-554.91,506.85
32.45000,5.342534e+02,1.293066e+03,4.542434e+01,3.848422e+02,-511.697,391.1
32.45100,5.431900e+02,1.160989e+03,5.465801e+01,2.637397e+02,-466.076,269.063
32.45200,5.532418e+02,1.027278e+03,6.444263e+01,1.428689e+02,-421.593,147.228
32.45300,5.635226e+02,8.870900e+02,7.463147e+01,1.655575e+01,-375.967,19.9257
32.45400,5.744241e+02,7.486040e+02,8.535260e+01,-1.072877e+02,-330.899,-104.929
32.45500,5.862902e+02,6.049920e+02,9.661867e+01,-2.350065e+02,-283.231,-233.676
32.45600,5.984539e+02,4.603743e+02,1.083255e+02,-3.622838e+02,-236.97,-361.997
32.45700,6.109008e+02,3.132787e+02,1.203563e+02,-4.909104e+02,-190.775,-491.678
32.45800,6.236717e+02,1.634923e+02,1.326798e+02,-6.209304e+02,-145.014,-622.758
32.45900,6.369022e+02,7.542153e+00,1.453187e+02,-7.558307e+02,-96.2311,-758.724
32.46000,6.503455e+02,-1.418462e+02,1.585885e+02,-8.838547e+02,-49.3539,-887.812
32.46100,6.642891e+02,-2.968405e+02,1.719199e+02,-1.015950e+03,-3.44838,-1020.97
32.46200,6.783707e+02,-4.429442e+02,1.853617e+02,-1.139361e+03,43.1593,-1145.43
32.46300,6.922927e+02,-5.892998e+02,1.984747e+02,-1.261283e+03,90.0625,-1268.38
32.46400,7.067287e+02,-7.454060e+02,2.121049e+02,-1.390865e+03,137.237,-1398.97
32.46500,7.206013e+02,-8.987773e+02,2.250404e+02,-1.517427e+03,185.431,-1526.51
32.46600,7.331933e+02,-1.039719e+03,2.369463e+02,-1.631735e+03,232.617,-1641.75
32.46700,7.456340e+02,-1.181055e+03,2.488099e+02,-1.746055e+03,279.455,-1756.98
32.46800,7.571320e+02,-1.312794e+03,2.597559e+02,-1.850265e+03,324.563,-1862.05
32.46900,7.682080e+02,-1.443367e+03,2.701243e+02,-1.953135e+03,370.266,-1965.74
32.47000,7.779287e+02,-1.566413e+03,2.789796e+02,-2.047676e+03,414.989,-2061.06
32.47100,7.862713e+02,-1.686708e+03,2.868057e+02,-2.139191e+03,461.157,-2153.3
32.47200,7.932400e+02,-1.803787e+03,2.935234e+02,-2.227095e+03,506.921,-2241.89
32.47300,7.999820e+02,-1.919329e+03,2.998443e+02,-2.312431e+03,551.63,-2327.85
32.47400,8.057627e+02,-2.030985e+03,3.052131e+02,-2.394624e+03,597.44,-2410.63
32.47500,8.106100e+02,-2.137987e+03,3.096235e+02,-2.471775e+03,642.342,-2488.32
32.47600,8.133267e+02,-2.231284e+03,3.121541e+02,-2.534766e+03,684.814,-2551.8
32.47700,8.145360e+02,-2.320899e+03,3.129795e+02,-2.594868e+03,728.574,-2612.34
32.47800,8.142333e+02,-2.407330e+03,3.127394e+02,-2.651060e+03,770.891,-2668.93
32.47900,8.149267e+02,-2.495189e+03,3.129165e+02,-2.708281e+03,813.173,-2726.51
32.48000,8.130000e+02,-2.575363e+03,3.110947e+02,-2.757286e+03,853.142,-2775.83
32.48100,8.097007e+02,-2.649195e+03,3.075503e+02,-2.800326e+03,893.158,-2819.15
32.48200,8.056153e+02,-2.719505e+03,3.034051e+02,-2.840294e+03,932.078,-2859.37
32.48300,8.004953e+02,-2.786961e+03,2.982219e+02,-2.877342e+03,971.207,-2896.64
32.48400,7.948647e+02,-2.850981e+03,2.928435e+02,-2.910479e+03,1008.6,-2929.96
32.48500,7.894693e+02,-2.911293e+03,2.872879e+02,-2.940230e+03,1045.88,-2959.88
32.48600,7.828407e+02,-2.967859e+03,2.806263e+02,-2.966543e+03,1082.99,-2986.33
32.48700,7.764553e+02,-3.024731e+03,2.742058e+02,-2.992129e+03,1116.21,-3012.04
32.48800,7.680947e+02,-3.071908e+03,2.650829e+02,-3.009015e+03,1147.66,-3029.04
32.48900,7.590533e+02,-3.118597e+03,2.562348e+02,-3.024163e+03,1177.5,-3044.29
32.49000,7.511900e+02,-3.166427e+03,2.479471e+02,-3.040801e+03,1206.3,-3061.01
32.49100,7.427947e+02,-3.203199e+03,2.396896e+02,-3.047840e+03,1232.02,-3068.14
32.49200,7.345967e+02,-3.240590e+03,2.320991e+02,-3.055378e+03,1255.73,-3075.75
32.49300,7.262280e+02,-3.276459e+03,2.234725e+02,-3.061210e+03,1278.5,-3081.65
32.49400,7.169847e+02,-3.317385e+03,2.134121e+02,-3.071663e+03,1302.34,-3092.17
32.49500,7.081527e+02,-3.347829e+03,2.043203e+02,-3.072351e+03,1323.12,-3092.91
32.49600,6.999260e+02,-3.377668e+03,1.956365e+02,-3.072782e+03,1343.16,-3093.4
32.49700,6.917687e+02,-3.409330e+03,1.875866e+02,-3.075476e+03,1362.37,-3096.13
32.49800,6.813473e+02,-3.424085e+03,1.775081e+02,-3.061498e+03,1375.05,-3082.2
32.49900,6.718413e+02,-3.441229e+03,1.676751e+02,-3.050902e+03,1387.72,-3071.64
32.50000,6.632968e+02,-3.463045e+03,1.585677e+02,-3.044786e+03,1401.11,-3065.56
32.50100,6.544198e+02,-3.476810e+03,1.495981e+02,-3.031126e+03,1409.22,-3051.93
32.50200,6.450496e+02,-3.485510e+03,1.402402e+02,-3.012904e+03,1415.9,-3033.73
32.50300,6.380219e+02,-3.497955e+03,1.331409e+02,-2.999370e+03,1424.26,-3020.22
32.50400,6.289957e+02,-3.499677e+03,1.242357e+02,-2.975985e+03,1427.05,-2996.85
32.50500,6.197175e+02,-3.506259e+03,1.150085e+02,-2.956788e+03,1431.54,-2977.66
32.50600,6.127205e+02,-3.505501e+03,1.078866e+02,-2.932282e+03,1432.65,-2953.15
32.50700,6.038997e+02,-3.504335e+03,9.898647e+01,-2.906047e+03,1432.6,-2926.91
32.50800,5.938534e+02,-3.487094e+03,8.923367e+01,-2.865195e+03,1426.1,-2886.04
32.50900,5.859657e+02,-3.471210e+03,8.152820e+01,-2.826994e+03,1419.17,-2847.81
32.51000,5.788077e+02,-3.455401e+03,7.435113e+01,-2.789971e+03,1411.85,-2810.73
32.51100,5.710987e+02,-3.436457e+03,6.693160e+01,-2.749028e+03,1400.8,-2769.72
32.51200,5.629829e+02,-3.422871e+03,5.933151e+01,-2.713127e+03,1392.43,-2733.73
32.51300,5.569579e+02,-3.400526e+03,5.383464e+01,-2.671113e+03,1380.35,-2691.61
32.51400,5.524279e+02,-3.376036e+03,4.955269e+01,-2.627777e+03,1365.97,-2648.16
32.51500,5.465858e+02,-3.344264e+03,4.400351e+01,-2.578385e+03,1350.57,-2598.63
32.51600,5.415521e+02,-3.306772e+03,3.935963e+01,-2.523281e+03,1331.16,-2543.37
32.51700,5.351954e+02,-3.266890e+03,3.366949e+01,-2.465706e+03,1308.26,-2485.62
32.51800,5.293969e+02,-3.221081e+03,2.857225e+01,-2.404043e+03,1285.77,-2423.75
32.51900,5.247637e+02,-3.179245e+03,2.446455e+01,-2.346855e+03,1263.5,-2366.34
32.52000,5.207155e+02,-3.135898e+03,2.117156e+01,-2.289298e+03,1240.47,-2308.54
32.52100,5.167301e+02,-3.079211e+03,1.749682e+01,-2.220297e+03,1214.08,-2239.26
32.52200,5.140987e+02,-3.029495e+03,1.522724e+01,-2.158512e+03,1189.2,-2177.17
32.52300,5.097366e+02,-2.973525e+03,1.180615e+01,-2.091562e+03,1163.78,-2109.89
32.52400,5.049141e+02,-2.914085e+03,8.035833e+00,-2.020679e+03,1134.87,-2038.64
32.52500,5.027223e+02,-2.845572e+03,6.522093e+00,-1.943399e+03,1102.5,-1960.96
32.52600,5.005141e+02,-2.777541e+03,5.121516e+00,-1.867333e+03,1071.61,-1884.46
32.52700,4.985410e+02,-2.702339e+03,3.750547e+00,-1.785351e+03,1038.64,-1802.01
32.52800,4.971969e+02,-2.623399e+03,3.181971e+00,-1.700566e+03,1003.82,-1716.72
32.52900,4.963340e+02,-2.539050e+03,2.970595e+00,-1.611821e+03,967.566,-1627.44
32.53000,4.962119e+02,-2.448235e+03,3.465524e+00,-1.517986e+03,929.625,-1533.03
32.53100,4.970387e+02,-2.359593e+03,4.744065e+00,-1.427127e+03,893.808,-1441.55
32.53200,4.967926e+02,-2.261026e+03,5.473674e+00,-1.327157e+03,854.877,-1340.93
32.53300,4.977297e+02,-2.160187e+03,7.120387e+00,-1.226827e+03,816.879,-1239.91
32.53400,4.995155e+02,-2.052775e+03,9.474433e+00,-1.121359e+03,777.138,-1133.72
32.53500,5.017321e+02,-1.936879e+03,1.229836e+01,-1.008470e+03,734.828,-1020.07
32.53600,5.051937e+02,-1.821621e+03,1.623699e+01,-8.975273e+02,692.97,-908.324
32.53700,5.091461e+02,-1.701055e+03,2.067797e+01,-7.825107e+02,650.981,-792.473
32.53800,5.142973e+02,-1.576081e+03,2.605921e+01,-6.644941e+02,607.56,-673.589
32.53900,5.198519e+02,-1.446389e+03,3.204469e+01,-5.432251e+02,563.916,-551.421
32.54000,5.259244e+02,-1.312993e+03,3.857747e+01,-4.193319e+02,519.74,-426.599
32.54100,5.328180e+02,-1.172859e+03,4.578428e+01,-2.902717e+02,474.586,-296.582
32.54200,5.405324e+02,-1.031821e+03,5.374911e+01,-1.609669e+02,429.448,-166.296
32.54300,5.493715e+02,-8.835980e+02,6.252933e+01,-2.649454e+01,382.479,-30.8177
32.54400,5.586269e+02,-7.360513e+02,7.199753e+01,1.060317e+02,336.501,102.735
32.54500,5.687473e+02,-5.866317e+02,8.217133e+01,2.397777e+02,290.415,237.525
32.54600,5.799254e+02,-4.329053e+02,9.311147e+01,3.762991e+02,242.603,375.104
32.54700,5.914411e+02,-2.789758e+02,1.045442e+02,5.116658e+02,195.692,511.54
32.54800,6.035951e+02,-1.182502e+02,1.164739e+02,6.526896e+02,148.827,653.642
32.54900,6.161964e+02,3.737809e+01,1.289461e+02,7.883853e+02,101.569,790.42
32.55000,6.297653e+02,1.959707e+02,1.418787e+02,9.251100e+02,53.2877,928.229
32.55100,6.436472e+02,3.545534e+02,1.554211e+02,1.061502e+03,5.71436,1065.7
32.55200,6.578765e+02,5.109815e+02,1.690735e+02,1.193844e+03,-41.979,1199.12
32.55300,6.722860e+02,6.672587e+02,1.829657e+02,1.325445e+03,-88.8707,1331.78
32.55400,6.867740e+02,8.193947e+02,1.970767e+02,1.452573e+03,-136.226,1459.95
32.55500,7.023620e+02,9.770153e+02,2.117063e+02,1.583261e+03,-182.711,1591.66
32.55600,7.170880e+02,1.137190e+03,2.261293e+02,1.716792e+03,-231.809,1726.18
32.55700,7.310907e+02,1.288513e+03,2.398193e+02,1.840059e+03,-277.951,1850.39
32.55800,7.445767e+02,1.433902e+03,2.525203e+02,1.956941e+03,-325.878,1968.19
32.55900,7.580320e+02,1.579030e+03,2.647603e+02,2.073123e+03,-373.826,2085.25
32.56000,7.701947e+02,1.718195e+03,2.766732e+02,2.182990e+03,-420.783,2195.95
32.56100,7.820147e+02,1.847843e+03,2.878859e+02,2.282586e+03,-463.964,2296.33
32.56200,7.934807e+02,1.984432e+03,2.986904e+02,2.388755e+03,-510.051,2403.24
32.56300,8.029827e+02,2.107522e+03,3.078343e+02,2.482217e+03,-555.171,2497.39
32.56400,8.112393e+02,2.226645e+03,3.155214e+02,2.570197e+03,-601.083,2586.01
32.56500,8.187193e+02,2.340859e+03,3.227132e+02,2.653602e+03,-644.91,2670
32.56600,8.248020e+02,2.451980e+03,3.283067e+02,2.733569e+03,-688.586,2750.51
32.56700,8.296207e+02,2.555195e+03,3.330344e+02,2.805308e+03,-730.42,2822.73
32.56800,8.333387e+02,2.651905e+03,3.361311e+02,2.870403e+03,-771.242,2888.25
32.56900,8.355780e+02,2.742875e+03,3.380717e+02,2.930343e+03,-813.12,2948.57
32.57000,8.368953e+02,2.834212e+03,3.389595e+02,2.989755e+03,-855.451,3008.32
32.57100,8.376147e+02,2.919357e+03,3.392840e+02,3.043427e+03,-896.921,3062.28
32.57200,8.352520e+02,2.992577e+03,3.367186e+02,3.085446e+03,-935.998,3104.54
32.57300,8.318827e+02,3.060127e+03,3.333329e+02,3.121631e+03,-973.964,3140.94
32.57400,8.275153e+02,3.123482e+03,3.289166e+02,3.153974e+03,-1010.13,3173.44
32.57500,8.233187e+02,3.186353e+03,3.242106e+02,3.185995e+03,-1047.56,3205.6
32.57600,8.172333e+02,3.246744e+03,3.183008e+02,3.215112e+03,-1083.52,3234.81
32.57700,8.097747e+02,3.304423e+03,3.104653e+02,3.241777e+03,-1120.07,3261.55
32.57800,8.020620e+02,3.345296e+03,3.024565e+02,3.251788e+03,-1148.97,3271.61
32.57900,7.928053e+02,3.386792e+03,2.930279e+02,3.263232e+03,-1179.33,3283.08
32.58000,7.828187e+02,3.423627e+03,2.829957e+02,3.269931e+03,-1208.53,3289.79
32.58100,7.731720e+02,3.458527e+03,2.739012e+02,3.274790e+03,-1236.44,3294.64
32.58200,7.618667e+02,3.492113e+03,2.622968e+02,3.277181e+03,-1262.01,3297.02
32.58300,7.504560e+02,3.521093e+03,2.506625e+02,3.275979e+03,-1287.33,3295.79
32.58400,7.399093e+02,3.548719e+03,2.396871e+02,3.274599e+03,-1310.8,3294.37
32.58500,7.285860e+02,3.572066e+03,2.283094e+02,3.269288e+03,-1332.42,3289.02
32.58600,7.175807e+02,3.586629e+03,2.170745e+02,3.256177e+03,-1350.97,3275.85
32.58700,7.058153e+02,3.598662e+03,2.057854e+02,3.240059e+03,-1367.29,3259.68
32.58800,6.931787e+02,3.616052e+03,1.927533e+02,3.228885e+03,-1383.81,3248.46
32.58900,6.817293e+02,3.622991e+03,1.810359e+02,3.208704e+03,-1396.66,3228.22
32.59000,6.705327e+02,3.627865e+03,1.694861e+02,3.187437e+03,-1410.19,3206.9
32.59100,6.578064e+02,3.632175e+03,1.569186e+02,3.164257e+03,-1420.17,3183.67
32.59200,6.460212e+02,3.637548e+03,1.450435e+02,3.143144e+03,-1431.41,3162.5
32.59300,6.363259e+02,3.633698e+03,1.351572e+02,3.115229e+03,-1438.29,3134.53
32.59400,6.220920e+02,3.625632e+03,1.212691e+02,3.081497e+03,-1441.02,3100.74
32.59500,6.115074e+02,3.617635e+03,1.105120e+02,3.049784e+03,-1446.03,3068.97
32.59600,5.996428e+02,3.607631e+03,9.896313e+01,3.015721e+03,-1446.35,3034.85
32.59700,5.886435e+02,3.590731e+03,8.829400e+01,2.976143e+03,-1446.2,2995.22
32.59800,5.766932e+02,3.574937e+03,7.682247e+01,2.937480e+03,-1445.33,2956.5
32.59900,5.656473e+02,3.558043e+03,6.595807e+01,2.898917e+03,-1442.23,2917.88
32.60000,5.561332e+02,3.531695e+03,5.631635e+01,2.851306e+03,-1434.87,2870.19
32.60100,5.462254e+02,3.501381e+03,4.636659e+01,2.800118e+03,-1423.48,2818.92
32.60200,5.368686e+02,3.471909e+03,3.763445e+01,2.750525e+03,-1413.74,2769.24
32.60300,5.289839e+02,3.442980e+03,3.012122e+01,2.702039e+03,-1403.27,2720.65
32.60400,5.205641e+02,3.414091e+03,2.193714e+01,2.654517e+03,-1392.91,2673.02
32.60500,5.155649e+02,3.373315e+03,1.692177e+01,2.596831e+03,-1375.21,2615.22
32.60600,5.071250e+02,3.334883e+03,9.318220e+00,2.540238e+03,-1357.67,2558.5
32.60700,5.006607e+02,3.291495e+03,3.474176e+00,2.480109e+03,-1337.78,2498.23
32.60800,4.949209e+02,3.251002e+03,-1.920661e+00,2.423852e+03,-1320.15,2441.83
32.60900,4.902554e+02,3.208211e+03,-5.992781e+00,2.366521e+03,-1299.93,2384.34
32.61000,4.860613e+02,3.158604e+03,-9.850260e+00,2.302966e+03,-1276.23,2320.61
32.61100,4.827881e+02,3.106273e+03,-1.276749e+01,2.238189e+03,-1252.6,2255.63
32.61200,4.778861e+02,3.057619e+03,-1.684491e+01,2.176273e+03,-1228.38,2193.5
32.61300,4.743010e+02,3.002671e+03,-2.004723e+01,2.109668e+03,-1203.27,2126.65
32.61400,4.717954e+02,2.942489e+03,-2.198562e+01,2.038979e+03,-1175.13,2055.7
32.61500,4.699347e+02,2.877735e+03,-2.340606e+01,1.964678e+03,-1145.36,1981.11
32.61600,4.694795e+02,2.815406e+03,-2.353381e+01,1.894107e+03,-1116.53,1910.21
32.61700,4.692171e+02,2.746578e+03,-2.330215e+01,1.817931e+03,-1084.88,1833.69
32.61800,4.703198e+02,2.676545e+03,-2.197405e+01,1.741919e+03,-1053.58,1757.3
32.61900,4.698969e+02,2.603050e+03,-2.181983e+01,1.661711e+03,-1019.95,1676.67
32.62000,4.708709e+02,2.523719e+03,-2.046431e+01,1.577806e+03,-986.507,1592.32
32.62100,4.732125e+02,2.447972e+03,-1.743483e+01,1.498451e+03,-951.525,1512.48
32.62200,4.768733e+02,2.368506e+03,-1.359974e+01,1.416205e+03,-914.744,1429.71
32.62300,4.799078e+02,2.280643e+03,-1.013449e+01,1.327373e+03,-877.913,1340.31
32.62400,4.835105e+02,2.182809e+03,-6.124593e+00,1.229905e+03,-838.802,1242.24
32.62500,4.880209e+02,2.083291e+03,-1.284848e+00,1.132115e+03,-799.197,1143.81
32.62600,4.930938e+02,1.978961e+03,3.902661e+00,1.030616e+03,-758.981,1041.63
32.62700,4.985748e+02,1.869935e+03,9.576047e+00,9.256167e+02,-717.83,935.908
32.62800,5.043738e+02,1.759769e+03,1.562481e+01,8.198593e+02,-676.907,829.387
32.62900,5.112432e+02,1.640467e+03,2.250040e+01,7.072613e+02,-633.336,715.987
32.63000,5.184177e+02,1.520288e+03,2.984691e+01,5.947575e+02,-591.931,602.643
32.63100,5.270069e+02,1.394681e+03,3.825495e+01,4.784747e+02,-546.676,485.486
32.63200,5.357337e+02,1.268023e+03,4.696924e+01,3.618743e+02,-503.143,367.977
32.63300,5.447993e+02,1.136177e+03,5.629133e+01,2.413937e+02,-457.95,246.558
32.63400,5.549286e+02,1.001805e+03,6.610091e+01,1.199101e+02,-413.305,124.108
32.63500,5.653371e+02,8.606560e+02,7.645173e+01,-7.196540e+00,-367.631,-3.99084
32.63600,5.764127e+02,7.217387e+02,8.728667e+01,-1.312192e+02,-322.268,-129.026
32.63700,5.884161e+02,5.782157e+02,9.864580e+01,-2.585831e+02,-274.638,-257.421
32.63800,6.006313e+02,4.333911e+02,1.104157e+02,-3.858526e+02,-228.614,-385.734
32.63900,6.131770e+02,2.858823e+02,1.225289e+02,-5.147189e+02,-182.361,-515.655
32.64000,6.259660e+02,1.354017e+02,1.348919e+02,-6.451925e+02,-136.124,-647.189
32.64100,6.392925e+02,-1.992453e+01,1.476473e+02,-7.792573e+02,-87.558,-782.318
32.64200,6.528120e+02,-1.688089e+02,1.609559e+02,-9.068460e+02,-40.8169,-910.97
32.64300,6.667900e+02,-3.249823e+02,1.743505e+02,-1.039779e+03,5.20711,-1044.96
32.64400,6.808153e+02,-4.683711e+02,1.876861e+02,-1.160371e+03,51.5018,-1166.6
32.64500,6.949707e+02,-6.187433e+02,2.009600e+02,-1.285631e+03,98.6589,-1292.89
32.64600,7.091887e+02,-7.717827e+02,2.144123e+02,-1.412599e+03,146.101,-1420.86
32.64700,7.228620e+02,-9.254693e+02,2.272967e+02,-1.539125e+03,194.403,-1548.35
32.64800,7.355627e+02,-1.064399e+03,2.390353e+02,-1.651107e+03,240.538,-1661.26
32.64900,7.476360e+02,-1.204771e+03,2.507969e+02,-1.764863e+03,288.028,-1775.91
32.65000,7.591200e+02,-1.335775e+03,2.617045e+02,-1.868351e+03,332.638,-1880.26
32.65100,7.699807e+02,-1.466575e+03,2.717654e+02,-1.971025e+03,378.842,-1983.75
32.65200,7.793133e+02,-1.585964e+03,2.802986e+02,-2.062224e+03,423.314,-2075.71
32.65300,7.876920e+02,-1.709293e+03,2.881241e+02,-2.156244e+03,469.818,-2170.46
32.65400,7.942493e+02,-1.824979e+03,2.945166e+02,-2.242725e+03,515.41,-2257.61
32.65500,8.011087e+02,-1.939542e+03,3.008649e+02,-2.327214e+03,560.29,-2342.72
32.65600,8.066933e+02,-2.050645e+03,3.060815e+02,-2.408977e+03,606.232,-2425.06
32.65700,8.108713e+02,-2.154615e+03,3.100175e+02,-2.482789e+03,650.156,-2499.4
32.65800,8.137480e+02,-2.248400e+03,3.125267e+02,-2.546283e+03,693.189,-2563.38
32.65900,8.137913e+02,-2.333573e+03,3.122577e+02,-2.602403e+03,736.398,-2619.93
32.66000,8.142487e+02,-2.420182e+03,3.126749e+02,-2.658565e+03,777.766,-2676.49
32.66100,8.151593e+02,-2.513573e+03,3.131154e+02,-2.720555e+03,821.345,-2738.83
32.66200,8.121527e+02,-2.587892e+03,3.103377e+02,-2.764068e+03,860.388,-2782.65
32.66300,8.085727e+02,-2.660330e+03,3.062451e+02,-2.806147e+03,900.662,-2825.01
32.66400,8.043647e+02,-2.729693e+03,3.022405e+02,-2.845037e+03,939.009,-2864.14
32.66500,7.991893e+02,-2.799598e+03,2.969594e+02,-2.884129e+03,978.797,-2903.44
32.66600,7.934307e+02,-2.859235e+03,2.914053e+02,-2.913425e+03,1015.33,-2932.93
32.66700,7.879900e+02,-2.919201e+03,2.858109e+02,-2.942794e+03,1052.52,-2962.45
32.66800,7.817980e+02,-2.978311e+03,2.796151e+02,-2.971535e+03,1089.83,-2991.33
32.66900,7.746053e+02,-3.031321e+03,2.723443e+02,-2.992993e+03,1121.25,-3012.92
32.67000,7.662313e+02,-3.079457e+03,2.632061e+02,-3.010915e+03,1153.26,-3030.95
32.67100,7.578333e+02,-3.128312e+03,2.549977e+02,-3.028139e+03,1183.17,-3048.27
32.67200,7.497327e+02,-3.174604e+03,2.466379e+02,-3.043232e+03,1211.65,-3063.45
32.67300,7.408213e+02,-3.207717e+03,2.377033e+02,-3.046981e+03,1236.08,-3067.29
32.67400,7.331040e+02,-3.245788e+03,2.306757e+02,-3.055107e+03,1259.14,-3075.49
32.67500,7.247167e+02,-3.285307e+03,2.216895e+02,-3.064281e+03,1283.44,-3084.73
32.67600,7.153433e+02,-3.322394e+03,2.117348e+02,-3.071243e+03,1306.3,-3091.75
32.67700,7.065147e+02,-3.353997e+03,2.025244e+02,-3.073073e+03,1327.61,-3093.64
32.67800,6.979027e+02,-3.380980e+03,1.937980e+02,-3.071028e+03,1346.7,-3091.65
32.67900,6.901667e+02,-3.412830e+03,1.860537e+02,-3.073198e+03,1363.99,-3093.86
32.68000,6.798047e+02,-3.427729e+03,1.758444e+02,-3.060081e+03,1378.6,-3080.79
32.68100,6.702187e+02,-3.445698e+03,1.658689e+02,-3.050166e+03,1390.15,-3070.91
32.68200,6.619231e+02,-3.465423e+03,1.572077e+02,-3.042171e+03,1402.2,-3062.95
32.68300,6.530649e+02,-3.478764e+03,1.482183e+02,-3.028447e+03,1411.21,-3049.25
32.68400,6.436417e+02,-3.489948e+03,1.387459e+02,-3.012157e+03,1417.64,-3032.99
32.68500,6.366395e+02,-3.500108e+03,1.318181e+02,-2.996665e+03,1425.41,-3017.51
32.68600,6.275529e+02,-3.500001e+03,1.227074e+02,-2.971655e+03,1427.57,-2992.51
32.68700,6.184389e+02,-3.507155e+03,1.136715e+02,-2.953134e+03,1431.89,-2974
32.68800,6.114307e+02,-3.506749e+03,1.065371e+02,-2.929031e+03,1433.24,-2949.89
32.68900,6.019893e+02,-3.501940e+03,9.714633e+01,-2.899134e+03,1431.62,-2919.99
32.69000,5.923235e+02,-3.484020e+03,8.781260e+01,-2.857821e+03,1424.83,-2878.65
32.69100,5.847126e+02,-3.469335e+03,8.029713e+01,-2.821244e+03,1418.22,-2842.04
32.69200,5.774651e+02,-3.451227e+03,7.306033e+01,-2.781580e+03,1409.11,-2802.32
32.69300,5.698897e+02,-3.435843e+03,6.576851e+01,-2.744160e+03,1400.01,-2764.83
32.69400,5.615951e+02,-3.419392e+03,5.807149e+01,-2.705771e+03,1390.76,-2726.35
32.69500,5.564125e+02,-3.396547e+03,5.336043e+01,-2.663587e+03,1377.53,-2684.06
32.69600,5.514421e+02,-3.372471e+03,4.857705e+01,-2.620744e+03,1363.74,-2641.09
32.69700,5.456926e+02,-3.338275e+03,4.317453e+01,-2.569018e+03,1347.04,-2589.22
32.69800,5.410228e+02,-3.299023e+03,3.885744e+01,-2.512667e+03,1327.06,-2532.71
32.69900,5.339633e+02,-3.258613e+03,3.260333e+01,-2.454268e+03,1303.78,-2474.13
32.70000,5.285725e+02,-3.214041e+03,2.785514e+01,-2.393980e+03,1281.66,-2413.64
32.70100,5.240204e+02,-3.174356e+03,2.384451e+01,-2.338760e+03,1260.16,-2358.2
32.70200,5.197073e+02,-3.125413e+03,2.021639e+01,-2.276352e+03,1235.65,-2295.54
32.70300,5.162628e+02,-3.071612e+03,1.711094e+01,-2.210301e+03,1209.74,-2229.21
32.70400,5.133555e+02,-3.019094e+03,1.461636e+01,-2.146099e+03,1184.71,-2164.69
32.70500,5.086581e+02,-2.963045e+03,1.092989e+01,-2.078771e+03,1158.41,-2097.02
32.70600,5.046396e+02,-2.902626e+03,7.851307e+00,-2.007468e+03,1129.07,-2025.35
32.70700,5.021390e+02,-2.832741e+03,6.125699e+00,-1.928955e+03,1096.76,-1946.43
32.70800,4.999609e+02,-2.764201e+03,4.729475e+00,-1.852601e+03,1065.76,-1869.64
32.70900,4.981204e+02,-2.687653e+03,3.459910e+00,-1.769471e+03,1032.29,-1786.04
32.71000,4.968823e+02,-2.608097e+03,3.039936e+00,-1.684332e+03,997.032,-1700.39
32.71100,4.962343e+02,-2.523611e+03,2.983351e+00,-1.595672e+03,961.011,-1611.19
32.71200,4.961831e+02,-2.430909e+03,3.534093e+00,-1.500321e+03,922.687,-1515.25
32.71300,4.966710e+02,-2.341803e+03,4.565253e+00,-1.408802e+03,886.725,-1423.11
32.71400,4.966649e+02,-2.240779e+03,5.560824e+00,-1.306991e+03,847.156,-1320.65
32.71500,4.979079e+02,-2.141155e+03,7.411427e+00,-1.208041e+03,809.963,-1221
32.71600,4.997738e+02,-2.032145e+03,9.830893e+00,-1.101223e+03,769.695,-1113.45
32.71700,5.021371e+02,-1.916326e+03,1.282588e+01,-9.885453e+02,727.402,-1000
32.71800,5.057239e+02,-1.799695e+03,1.688149e+01,-8.765633e+02,685.36,-887.217
32.71900,5.099657e+02,-1.678731e+03,2.153208e+01,-7.613700e+02,643.3,-771.185
32.72000,5.151653e+02,-1.553453e+03,2.702733e+01,-6.432119e+02,599.924,-652.155
32.72100,5.208085e+02,-1.421705e+03,3.308753e+01,-5.201319e+02,555.611,-528.173
32.72200,5.270392e+02,-1.287701e+03,3.975031e+01,-3.959361e+02,511.416,-403.045
32.72300,5.340167e+02,-1.146901e+03,4.705580e+01,-2.663674e+02,466.546,-272.517
32.72400,5.420099e+02,-1.005816e+03,5.520919e+01,-1.372852e+02,421.45,-142.45
32.72500,5.508922e+02,-8.558460e+02,6.411323e+01,-1.354186e+00,373.596,-5.51162
32.72600,5.603412e+02,-7.081640e+02,7.371827e+01,1.310097e+02,327.774,127.88
32.72700,5.706175e+02,-5.586810e+02,8.404053e+01,2.647110e+02,281.922,262.626
32.72800,5.818947e+02,-4.051515e+02,9.510020e+01,4.008347e+02,234.096,399.809
32.72900,5.934821e+02,-2.496978e+02,1.065935e+02,5.373549e+02,187.387,537.399
32.73000,6.058747e+02,-9.052147e+01,1.186850e+02,6.768593e+02,140.215,677.981
32.73100,6.185201e+02,6.647971e+01,1.312267e+02,8.135980e+02,92.7044,815.802
32.73200,6.322760e+02,2.253851e+02,1.442919e+02,9.504560e+02,44.5249,953.742
32.73300,6.461273e+02,3.826955e+02,1.578264e+02,1.085383e+03,-2.92108,1089.75
32.73400,6.604357e+02,5.398372e+02,1.715535e+02,1.218273e+03,-50.9194,1223.71
32.73500,6.748640e+02,6.942553e+02,1.854833e+02,1.348021e+03,-97.1979,1354.51
32.73600,6.893933e+02,8.453680e+02,1.996206e+02,1.474057e+03,-144.642,1481.59
32.73700,7.050893e+02,1.006789e+03,2.143214e+02,1.607939e+03,-191.697,1616.49
32.73800,7.196940e+02,1.166475e+03,2.287072e+02,1.740955e+03,-240.732,1750.48
32.73900,7.334700e+02,1.314218e+03,2.420908e+02,1.860643e+03,-286.562,1871.11
32.74000,7.468107e+02,1.458942e+03,2.545846e+02,1.976701e+03,-334.576,1988.08
32.74100,7.603513e+02,1.603773e+03,2.670169e+02,2.092739e+03,-382.148,2104.98
32.74200,7.723500e+02,1.742675e+03,2.787551e+02,2.201943e+03,-428.895,2215.01
32.74300,7.840633e+02,1.873204e+03,2.898255e+02,2.302349e+03,-472.72,2316.2
32.74400,7.954307e+02,2.007382e+03,3.005305e+02,2.406283e+03,-518.236,2420.86
32.74500,8.043093e+02,2.127626e+03,3.090780e+02,2.496850e+03,-563.227,2512.11
32.74600,8.125587e+02,2.246364e+03,3.168574e+02,2.584330e+03,-609.223,2600.22
32.74700,8.197913e+02,2.360828e+03,3.236602e+02,2.667829e+03,-652.845,2684.3
32.74800,8.254987e+02,2.468450e+03,3.289914e+02,2.744722e+03,-696.099,2761.72
32.74900,8.303680e+02,2.573671e+03,3.337036e+02,2.818087e+03,-738.404,2835.56
32.75000,8.338240e+02,2.667655e+03,3.364711e+02,2.880217e+03,-778.299,2898.11
32.75100,8.357527e+02,2.758257e+03,3.382599e+02,2.940021e+03,-820.719,2958.29
32.75200,8.372627e+02,2.850905e+03,3.390699e+02,3.000817e+03,-863.601,3019.41
32.75300,8.371547e+02,2.933120e+03,3.388875e+02,3.051450e+03,-904.378,3070.33
32.75400,8.342773e+02,3.001725e+03,3.358955e+02,3.089179e+03,-942.552,3108.3
32.75500,8.312013e+02,3.071231e+03,3.326289e+02,3.127147e+03,-980.464,3146.46
32.75600,8.266120e+02,3.134677e+03,3.279975e+02,3.159646e+03,-1017.25,3179.12
32.75700,8.223273e+02,3.197454e+03,3.232162e+02,3.191367e+03,-1054.12,3210.97
32.75800,8.159260e+02,3.256726e+03,3.170240e+02,3.219514e+03,-1090.45,3239.21
32.75900,8.084107e+02,3.311654e+03,3.088812e+02,3.243544e+03,-1125.35,3263.31
32.76000,8.004540e+02,3.353015e+03,3.008433e+02,3.254031e+03,-1154.68,3273.85
32.76100,7.908827e+02,3.392091e+03,2.912761e+02,3.262901e+03,-1184.22,3282.74
32.76200,7.810160e+02,3.431147e+03,2.811057e+02,3.271789e+03,-1214.26,3291.64
32.76300,7.708093e+02,3.463785e+03,2.714759e+02,3.274345e+03,-1241.15,3294.18
32.76400,7.598760e+02,3.497162e+03,2.602299e+02,3.276797e+03,-1267.4,3296.62
32.76500,7.480533e+02,3.525803e+03,2.481585e+02,3.275339e+03,-1291.78,3295.13
32.76600,7.379407e+02,3.552387e+03,2.377108e+02,3.273057e+03,-1314.98,3292.81
32.76700,7.265613e+02,3.572865e+03,2.263859e+02,3.265181e+03,-1334.69,3284.89
32.76800,7.157993e+02,3.589354e+03,2.152421e+02,3.253737e+03,-1353.99,3273.4
32.76900,7.037967e+02,3.601419e+03,2.036971e+02,3.237784e+03,-1370.23,3257.39
32.77000,6.912273e+02,3.617694e+03,1.907434e+02,3.225577e+03,-1385.84,3245.13
32.77100,6.796680e+02,3.624614e+03,1.788699e+02,3.205395e+03,-1399.31,3224.9
32.77200,6.685640e+02,3.630072e+03,1.674322e+02,3.184600e+03,-1413.21,3204.05
32.77300,6.557261e+02,3.633329e+03,1.547897e+02,3.160497e+03,-1421.91,3179.89
32.77400,6.440944e+02,3.637033e+03,1.431041e+02,3.138031e+03,-1432.79,3157.37
32.77500,6.336887e+02,3.634189e+03,1.325134e+02,3.110747e+03,-1439.3,3130.03
32.77600,6.199530e+02,3.623626e+03,1.191536e+02,3.075061e+03,-1441.65,3094.28
32.77700,6.096203e+02,3.614579e+03,1.086609e+02,3.042494e+03,-1445.25,3061.66
32.77800,5.981343e+02,3.605111e+03,9.749087e+01,3.009123e+03,-1446.24,3028.24
32.77900,5.864262e+02,3.588016e+03,8.615133e+01,2.969049e+03,-1445.97,2988.11
32.78000,5.753353e+02,3.570580e+03,7.541107e+01,2.929396e+03,-1444.4,2948.4
32.78100,5.635975e+02,3.554027e+03,6.397251e+01,2.891027e+03,-1441.31,2909.97
32.78200,5.540779e+02,3.525853e+03,5.416613e+01,2.841343e+03,-1432.48,2860.21
32.78300,5.445891e+02,3.496651e+03,4.487295e+01,2.791559e+03,-1421.65,2810.34
32.78400,5.351960e+02,3.466507e+03,3.602602e+01,2.741518e+03,-1412.07,2760.21
32.78500,5.275562e+02,3.438416e+03,2.870246e+01,2.693925e+03,-1401.11,2712.51
32.78600,5.200534e+02,3.406922e+03,2.135882e+01,2.644445e+03,-1389.85,2662.92
32.78700,5.141069e+02,3.366063e+03,1.553174e+01,2.586362e+03,-1372.04,2604.72
32.78800,5.058017e+02,3.328661e+03,8.137393e+00,2.530703e+03,-1354.48,2548.93
32.78900,4.995752e+02,3.282889e+03,2.465189e+00,2.468529e+03,-1333.85,2486.62
32.79000,4.939504e+02,3.242417e+03,-2.784224e+00,2.412731e+03,-1316.23,2430.67
32.79100,4.890735e+02,3.198911e+03,-7.139880e+00,2.354553e+03,-1295.85,2372.33
32.79200,4.854483e+02,3.149683e+03,-1.039778e+01,2.291711e+03,-1271.98,2309.31
32.79300,4.816145e+02,3.095864e+03,-1.375440e+01,2.225395e+03,-1248.1,2242.79
32.79400,4.770545e+02,3.047476e+03,-1.761767e+01,2.163971e+03,-1223.7,2181.15
32.79500,4.740405e+02,2.993047e+03,-2.025131e+01,2.098016e+03,-1197.94,2114.95
32.79600,4.710900e+02,2.929588e+03,-2.253739e+01,2.024361e+03,-1169.4,2041.02
32.79700,4.697268e+02,2.866754e+03,-2.355256e+01,1.951978e+03,-1140.06,1968.34
32.79800,4.694131e+02,2.802865e+03,-2.354649e+01,1.880256e+03,-1110.56,1896.3
32.79900,4.691093e+02,2.732511e+03,-2.333404e+01,1.802708e+03,-1078.68,1818.4
32.80000,4.700761e+02,2.663003e+03,-2.208765e+01,1.727242e+03,-1047.74,1742.54
32.80100,4.698984e+02,2.587641e+03,-2.175233e+01,1.645488e+03,-1013.35,1660.37
32.80200,4.710254e+02,2.508405e+03,-2.021489e+01,1.561969e+03,-980.012,1576.39
32.80300,4.734585e+02,2.431253e+03,-1.709532e+01,1.481244e+03,-944.36,1495.18
32.80400,4.772553e+02,2.353587e+03,-1.314383e+01,1.401018e+03,-908.551,1414.42
32.80500,4.803370e+02,2.262319e+03,-9.600380e+00,1.309071e+03,-870.377,1321.91
32.80600,4.840550e+02,2.164114e+03,-5.495947e+00,1.211431e+03,-831.359,1223.66
32.80700,4.887597e+02,2.063887e+03,-4.978029e-01,1.113358e+03,-791.891,1124.94
32.80800,4.938271e+02,1.958847e+03,4.656089e+00,1.011111e+03,-751.449,1022
32.80900,4.995171e+02,1.848765e+03,1.052095e+01,9.053587e+02,-710.022,915.52
32.81000,5.053397e+02,1.737161e+03,1.662542e+01,7.984960e+02,-668.97,807.888
32.81100,5.123861e+02,1.618076e+03,2.367899e+01,6.863387e+02,-625.602,694.923
32.81200,5.196561e+02,1.496333e+03,3.112367e+01,5.724803e+02,-583.451,580.221
32.81300,5.284483e+02,1.371437e+03,3.970119e+01,4.570887e+02,-538.492,463.95
32.81400,5.371378e+02,1.243753e+03,4.849823e+01,3.395001e+02,-494.63,345.449
32.81500,5.465424e+02,1.112303e+03,5.795699e+01,2.199378e+02,-450.069,224.944
32.81600,5.567311e+02,9.758113e+02,6.781007e+01,9.656713e+01,-404.924,100.603
32.81700,5.671286e+02,8.340987e+02,7.826587e+01,-3.099510e+01,-358.84,-27.954
32.81800,5.783889e+02,6.953307e+02,8.923647e+01,-1.546742e+02,-313.682,-152.648
32.81900,5.905197e+02,5.510278e+02,1.006765e+02,-2.825369e+02,-265.977,-281.542
32.82000,6.028019e+02,4.065022e+02,1.125282e+02,-4.093203e+02,-220.218,-409.371
32.82100,6.153814e+02,2.597443e+02,1.247009e+02,-5.373373e+02,-173.948,-538.442
32.82200,6.282438e+02,1.062743e+02,1.370867e+02,-6.704160e+02,-126.788,-672.582
32.82300,6.416679e+02,-4.648467e+01,1.500078e+02,-8.019413e+02,-79.2628,-805.171
32.82400,6.552177e+02,-1.947487e+02,1.632836e+02,-9.287620e+02,-33.0078,-933.052
32.82500,6.693107e+02,-3.524959e+02,1.767586e+02,-1.063030e+03,13.9429,-1068.38
32.82600,6.832407e+02,-4.926372e+02,1.899743e+02,-1.180355e+03,59.5452,-1186.75
32.82700,6.977567e+02,-6.493659e+02,2.035308e+02,-1.311173e+03,107.545,-1318.59
32.82800,7.116547e+02,-7.999500e+02,2.166945e+02,-1.435850e+03,155.273,-1444.26
32.82900,7.249907e+02,-9.508913e+02,2.293603e+02,-1.559513e+03,203.159,-1568.88
32.83000,7.378833e+02,-1.089515e+03,2.412102e+02,-1.671159e+03,248.893,-1681.45
32.83100,7.496373e+02,-1.226915e+03,2.527486e+02,-1.782134e+03,295.843,-1793.32
32.83200,7.610000e+02,-1.359019e+03,2.634678e+02,-1.886533e+03,341.3,-1898.56
32.83300,7.717147e+02,-1.488545e+03,2.733679e+02,-1.987767e+03,386.957,-2000.6
32.83400,7.806733e+02,-1.605703e+03,2.815030e+02,-2.076910e+03,431.783,-2090.51
32.83500,7.889260e+02,-1.730934e+03,2.893893e+02,-2.172571e+03,478.822,-2186.88
32.83600,7.953507e+02,-1.845404e+03,2.956375e+02,-2.257828e+03,523.652,-2272.81
32.83700,8.021327e+02,-1.959799e+03,3.018450e+02,-2.342097e+03,568.941,-2357.69
32.83800,8.073887e+02,-2.069874e+03,3.066573e+02,-2.422702e+03,614.787,-2438.86
32.83900,8.114500e+02,-2.172249e+03,3.106438e+02,-2.494704e+03,658.174,-2511.39
32.84000,8.134293e+02,-2.259875e+03,3.121751e+02,-2.552800e+03,700.587,-2569.96
32.84100,8.138547e+02,-2.351459e+03,3.123487e+02,-2.614599e+03,744.826,-2632.19
32.84200,8.142753e+02,-2.433932e+03,3.126176e+02,-2.666901e+03,785.114,-2684.87
32.84300,8.142073e+02,-2.524079e+03,3.122466e+02,-2.725738e+03,828.268,-2744.05
32.84400,8.113193e+02,-2.600087e+03,3.095499e+02,-2.770721e+03,867.584,-2789.34
32.84500,8.076500e+02,-2.672337e+03,3.052521e+02,-2.812651e+03,907.753,-2831.54
32.84600,8.029433e+02,-2.739071e+03,3.008853e+02,-2.849067e+03,946.133,-2868.19
32.84700,7.978280e+02,-2.809494e+03,2.957641e+02,-2.888505e+03,985.589,-2907.84
32.84800,7.924353e+02,-2.870306e+03,2.903614e+02,-2.918749e+03,1022.25,-2938.27
32.84900,7.867073e+02,-2.928789e+03,2.845159e+02,-2.946831e+03,1059.31,-2966.51
32.85000,7.806387e+02,-2.986507e+03,2.784509e+02,-2.974481e+03,1095.85,-2994.29
32.85100,7.729707e+02,-3.039893e+03,2.706269e+02,-2.995814e+03,1127.21,-3015.75
32.85200,7.646273e+02,-3.088382e+03,2.617181e+02,-3.014041e+03,1158.92,-3034.08
32.85300,7.561033e+02,-3.135067e+03,2.531079e+02,-3.029371e+03,1188.14,-3049.51
32.85400,7.480227e+02,-3.178332e+03,2.451012e+02,-3.041770e+03,1215.44,-3062
32.85500,7.396507e+02,-3.214658e+03,2.366589e+02,-3.048527e+03,1239.92,-3068.84
32.85600,7.318833e+02,-3.253677e+03,2.293103e+02,-3.057347e+03,1264.25,-3077.73
32.85700,7.229320e+02,-3.293669e+03,2.197657e+02,-3.066941e+03,1288.34,-3087.4
32.85800,7.136020e+02,-3.327414e+03,2.100401e+02,-3.070918e+03,1310.28,-3091.44
32.85900,7.050600e+02,-3.360532e+03,2.007248e+02,-3.074011e+03,1331.78,-3094.59
32.86000,6.964500e+02,-3.386809e+03,1.924430e+02,-3.071661e+03,1350.42,-3092.29
32.86100,6.882313e+02,-3.413893e+03,1.841873e+02,-3.069071e+03,1365.63,-3089.74
32.86200,6.786800e+02,-3.431587e+03,1.747202e+02,-3.058935e+03,1381.69,-3079.65
32.86300,6.687540e+02,-3.451715e+03,1.641890e+02,-3.050855e+03,1393.19,-3071.6
32.86400,6.603555e+02,-3.466526e+03,1.556489e+02,-3.038336e+03,1402.56,-3059.12
32.86500,6.515373e+02,-3.479480e+03,1.467973e+02,-3.024291e+03,1411.68,-3045.1
32.86600,6.427809e+02,-3.495380e+03,1.377644e+02,-3.012497e+03,1419.79,-3033.32
32.86700,6.347811e+02,-3.498945e+03,1.300004e+02,-2.990994e+03,1425.47,-3011.84
32.86800,6.263413e+02,-3.502534e+03,1.214825e+02,-2.969376e+03,1428.81,-2990.23
32.86900,6.172997e+02,-3.508393e+03,1.124613e+02,-2.949772e+03,1432.31,-2970.63
32.87000,6.099941e+02,-3.508431e+03,1.050441e+02,-2.926003e+03,1433.82,-2946.86
32.87100,6.003754e+02,-3.500761e+03,9.549273e+01,-2.893467e+03,1430.85,-2914.31
32.87200,5.910951e+02,-3.480036e+03,8.661427e+01,-2.849799e+03,1423.08,-2870.62
32.87300,5.833557e+02,-3.467769e+03,7.892053e+01,-2.815575e+03,1417.11,-2836.36
32.87400,5.765560e+02,-3.448428e+03,7.223267e+01,-2.774667e+03,1406.91,-2795.39
32.87500,5.682291e+02,-3.434570e+03,6.413588e+01,-2.738530e+03,1398.54,-2759.18
32.87600,5.605060e+02,-3.416219e+03,5.709978e+01,-2.698955e+03,1388.64,-2719.51
32.87700,5.562359e+02,-3.393207e+03,5.318275e+01,-2.656789e+03,1374.95,-2677.23
32.87800,5.502331e+02,-3.366872e+03,4.740678e+01,-2.611726e+03,1361.14,-2632.04
32.87900,5.449734e+02,-3.331885e+03,4.252457e+01,-2.559323e+03,1343.27,-2579.49
32.88000,5.398429e+02,-3.294265e+03,3.778548e+01,-2.504471e+03,1323.91,-2524.48
32.88100,5.327908e+02,-3.251192e+03,3.152119e+01,-2.443745e+03,1300.03,-2463.57
32.88200,5.279043e+02,-3.207105e+03,2.733111e+01,-2.384100e+03,1277.34,-2403.72
32.88300,5.233151e+02,-3.166254e+03,2.331701e+01,-2.328089e+03,1255.67,-2347.47
32.88400,5.187866e+02,-3.114321e+03,1.935856e+01,-2.262945e+03,1230.55,-2282.07
32.88500,5.158639e+02,-3.064408e+03,1.676645e+01,-2.200632e+03,1205.28,-2219.47
32.88600,5.125929e+02,-3.008786e+03,1.396421e+01,-2.133762e+03,1180.32,-2152.29
32.88700,5.075091e+02,-2.952193e+03,1.002519e+01,-2.065529e+03,1153.03,-2083.71
32.88800,5.042196e+02,-2.889640e+03,7.533280e+00,-1.992887e+03,1122.91,-2010.69
32.88900,5.016132e+02,-2.820561e+03,5.802763e+00,-1.915253e+03,1091.04,-1932.64
32.89000,4.993479e+02,-2.750111e+03,4.242922e+00,-1.837170e+03,1059.95,-1854.12
32.89100,4.977785e+02,-2.674175e+03,3.302880e+00,-1.754698e+03,1026.06,-1771.17
32.89200,4.965794e+02,-2.591887e+03,2.863127e+00,-1.667295e+03,989.934,-1683.25
32.89300,4.961025e+02,-2.506691e+03,2.964729e+00,-1.578189e+03,953.946,-1593.6
32.89400,4.962995e+02,-2.413755e+03,3.703093e+00,-1.482991e+03,916.066,-1497.81
32.89500,4.964179e+02,-2.323719e+03,4.487264e+00,-1.390226e+03,879.209,-1404.42
32.89600,4.965165e+02,-2.221936e+03,5.585893e+00,-1.288119e+03,840.219,-1301.65
32.89700,4.979891e+02,-2.121376e+03,7.627773e+00,-1.188546e+03,802.822,-1201.37
32.89800,4.999831e+02,-2.011029e+03,1.018491e+01,-1.080541e+03,762.033,-1092.63
32.89900,5.025901e+02,-1.895403e+03,1.338089e+01,-9.684173e+02,720.044,-979.735
32.90000,5.061974e+02,-1.776678e+03,1.746356e+01,-8.545547e+02,677.411,-865.064
32.90100,5.107397e+02,-1.654709e+03,2.234405e+01,-7.386987e+02,635.163,-748.365
32.90200,5.160103e+02,-1.529499e+03,2.794225e+01,-6.207943e+02,592.103,-629.585
32.90300,5.216953e+02,-1.397289e+03,3.411599e+01,-4.973052e+02,547.429,-505.19
32.90400,5.282106e+02,-1.262394e+03,4.096571e+01,-3.725339e+02,502.871,-379.484
32.90500,5.352278e+02,-1.120741e+03,4.834619e+01,-2.423700e+02,458.479,-248.358
32.90600,5.434309e+02,-9.791733e+02,5.665453e+01,-1.130427e+02,413.307,-118.044
32.90700,5.524239e+02,-8.279360e+02,6.569795e+01,2.386900e+01,364.925,19.8778
32.90800,5.620822e+02,-6.797800e+02,7.543180e+01,1.563999e+02,318.997,153.438
32.90900,5.725191e+02,-5.308075e+02,8.593453e+01,2.895139e+02,273.449,287.598
32.91000,5.838873e+02,-3.771551e+02,9.707900e+01,4.254913e+02,225.645,424.634
32.91100,5.955538e+02,-2.201439e+02,1.086547e+02,5.632294e+02,178.919,563.442
32.91200,6.081119e+02,-6.211283e+01,1.208845e+02,7.016293e+02,131.441,702.92
32.91300,6.208109e+02,9.463140e+01,1.335105e+02,8.378673e+02,84.1597,840.239
32.91400,6.347434e+02,2.548564e+02,1.466915e+02,9.758560e+02,35.5051,979.308
32.91500,6.485765e+02,4.105572e+02,1.602338e+02,1.108964e+03,-11.5681,1113.49
32.91600,6.630586e+02,5.683527e+02,1.740407e+02,1.242386e+03,-59.5316,1247.98
32.91700,6.773760e+02,7.209287e+02,1.879698e+02,1.370275e+03,-105.38,1376.92
32.91800,6.920007e+02,8.727753e+02,2.020977e+02,1.496683e+03,-153.368,1504.37
32.91900,7.076527e+02,1.035349e+03,2.168493e+02,1.631674e+03,-200.731,1640.37
32.92000,7.222107e+02,1.194459e+03,2.312325e+02,1.763803e+03,-249.305,1773.47
32.92100,7.358947e+02,1.340709e+03,2.443713e+02,1.881860e+03,-295.496,1892.46
32.92200,7.492660e+02,1.485256e+03,2.568247e+02,1.997735e+03,-343.534,2009.24
32.92300,7.622753e+02,1.627721e+03,2.690599e+02,2.111329e+03,-390.327,2123.69
32.92400,7.744973e+02,1.765591e+03,2.808165e+02,2.219415e+03,-436.47,2232.59
32.92500,7.861653e+02,1.897476e+03,2.917759e+02,2.321208e+03,-481.217,2335.16
32.92600,7.971287e+02,2.029546e+03,3.020793e+02,2.422934e+03,-526.525,2437.61
32.92700,8.057853e+02,2.149217e+03,3.103800e+02,2.512825e+03,-571.737,2528.17
32.92800,8.138913e+02,2.266315e+03,3.181684e+02,2.598757e+03,-617.194,2614.72
32.92900,8.206993e+02,2.380910e+03,3.244707e+02,2.682155e+03,-661.075,2698.69
32.93000,8.264027e+02,2.485403e+03,3.299271e+02,2.756194e+03,-703.518,2773.25
32.93100,8.307260e+02,2.590052e+03,3.339676e+02,2.828799e+03,-745.852,2846.32
32.93200,8.343113e+02,2.684296e+03,3.368789e+02,2.891171e+03,-786.141,2909.11
32.93300,8.360920e+02,2.773441e+03,3.385366e+02,2.949341e+03,-827.896,2967.64
32.93400,8.372020e+02,2.865420e+03,3.389376e+02,3.009749e+03,-871.341,3028.37
32.93500,8.366733e+02,2.947320e+03,3.383465e+02,3.059886e+03,-911.993,3078.78
32.93600,8.333700e+02,3.010926e+03,3.350341e+02,3.092949e+03,-949.113,3112.08
32.93700,8.303940e+02,3.082770e+03,3.317840e+02,3.132948e+03,-987.181,3152.27
32.93800,8.257913e+02,3.146002e+03,3.271241e+02,3.165493e+03,-1024.37,3184.97
32.93900,8.211687e+02,3.207331e+03,3.220748e+02,3.195697e+03,-1060.62,3215.3
32.94000,8.145793e+02,3.266452e+03,3.156215e+02,3.223838e+03,-1097.17,3243.53
32.94100,8.072773e+02,3.318913e+03,3.077045e+02,3.245156e+03,-1130.69,3264.92
32.94200,7.985260e+02,3.360539e+03,2.988269e+02,3.255936e+03,-1160.34,3275.74
32.94300,7.888573e+02,3.398055e+03,2.893183e+02,3.263234e+03,-1189.28,3283.06
32.94400,7.791813e+02,3.436029e+03,2.793851e+02,3.271184e+03,-1219.03,3291.02
32.94500,7.686300e+02,3.469023e+03,2.691803e+02,3.274023e+03,-1245.7,3293.85
32.94600,7.576227e+02,3.501504e+03,2.578901e+02,3.275763e+03,-1272.07,3295.57
32.94700,7.461820e+02,3.531389e+03,2.460987e+02,3.275549e+03,-1296.09,3295.32
32.94800,7.359133e+02,3.557685e+03,2.356438e+02,3.273010e+03,-1319.64,3292.75
32.94900,7.245960e+02,3.574169e+03,2.244346e+02,3.261593e+03,-1337.65,3281.28
32.95000,7.138527e+02,3.590256e+03,2.134079e+02,3.249501e+03,-1356.15,3269.14
32.95100,7.015547e+02,3.606034e+03,2.013915e+02,3.237102e+03,-1373.59,3256.69
32.95200,6.891640e+02,3.619145e+03,1.885537e+02,3.222037e+03,-1388.01,3241.57
32.95300,6.775440e+02,3.625253e+03,1.765611e+02,3.201310e+03,-1401.52,3220.79
32.95400,6.662238e+02,3.632533e+03,1.650481e+02,3.181731e+03,-1415.59,3201.16
32.95500,6.536757e+02,3.635131e+03,1.526254e+02,3.157478e+03,-1424.27,3176.85
32.95600,6.424610e+02,3.636461e+03,1.415098e+02,3.132971e+03,-1434.01,3152.28
32.95700,6.312317e+02,3.633348e+03,1.301007e+02,3.105166e+03,-1439.6,3124.42
32.95800,6.180267e+02,3.621884e+03,1.172411e+02,3.068951e+03,-1442.31,3088.15
32.95900,6.070227e+02,3.611693e+03,1.061585e+02,3.034955e+03,-1444.26,3054.1
32.96000,5.967462e+02,3.601551e+03,9.599707e+01,3.001742e+03,-1446.18,3020.84
32.96100,5.845080e+02,3.586991e+03,8.435587e+01,2.963545e+03,-1446.1,2982.59
32.96200,5.735229e+02,3.567923e+03,7.358540e+01,2.922713e+03,-1443.68,2941.7
32.96300,5.621359e+02,3.550790e+03,6.249623e+01,2.883894e+03,-1440.43,2902.81
32.96400,5.523607e+02,3.519908e+03,5.240099e+01,2.831545e+03,-1430.12,2850.38
32.96500,5.428635e+02,3.491238e+03,4.325327e+01,2.782419e+03,-1419.57,2801.17
32.96600,5.335437e+02,3.459383e+03,3.447225e+01,2.730878e+03,-1409.54,2749.54
32.96700,5.259712e+02,3.434536e+03,2.710081e+01,2.686416e+03,-1399.32,2704.97
32.96800,5.192138e+02,3.397744e+03,2.049199e+01,2.632341e+03,-1385.79,2650.78
32.96900,5.124913e+02,3.360795e+03,1.407326e+01,2.577619e+03,-1369.41,2595.94
32.97000,5.044967e+02,3.321126e+03,6.946127e+00,2.520059e+03,-1350.98,2538.25
32.97100,4.984896e+02,3.276128e+03,1.433249e+00,2.458651e+03,-1330.75,2476.71
32.97200,4.930716e+02,3.233586e+03,-3.550034e+00,2.401254e+03,-1312.03,2419.16
32.97300,4.883316e+02,3.189533e+03,-7.841793e+00,2.342613e+03,-1291,2360.35
32.97400,4.849529e+02,3.140839e+03,-1.086004e+01,2.280629e+03,-1267.73,2298.18
32.97500,4.805776e+02,3.088029e+03,-1.457003e+01,2.214963e+03,-1243.51,2232.31
32.97600,4.761416e+02,3.037736e+03,-1.844463e+01,2.152001e+03,-1219.2,2169.12
32.97700,4.732331e+02,2.979513e+03,-2.094435e+01,2.082667e+03,-1192.3,2099.54
32.97800,4.708811e+02,2.917933e+03,-2.274607e+01,2.010977e+03,-1163.68,2027.58
32.97900,4.693635e+02,2.855462e+03,-2.378729e+01,1.939071e+03,-1134.92,1955.37
32.98000,4.692086e+02,2.788798e+03,-2.368778e+01,1.864941e+03,-1104.32,1880.91
32.98100,4.692019e+02,2.719374e+03,-2.319547e+01,1.788422e+03,-1072.68,1804.03
32.98200,4.697843e+02,2.649279e+03,-2.225597e+01,1.712281e+03,-1041.36,1727.5
32.98300,4.698244e+02,2.572635e+03,-2.170499e+01,1.629621e+03,-1007.05,1644.42
32.98400,4.710461e+02,2.492006e+03,-2.007037e+01,1.545092e+03,-973.409,1559.43
32.98500,4.738261e+02,2.414907e+03,-1.670626e+01,1.464481e+03,-937.121,1478.32
32.98600,4.776312e+02,2.337529e+03,-1.268409e+01,1.384723e+03,-901.677,1398.02
32.98700,4.808341e+02,2.244097e+03,-9.023813e+00,1.290883e+03,-862.736,1303.61
32.98800,4.846425e+02,2.145489e+03,-4.848117e+00,1.193029e+03,-823.859,1205.14
32.98900,4.895269e+02,2.044617e+03,3.050430e-01,1.094733e+03,-784.542,1106.19
32.99000,4.945524e+02,1.938431e+03,5.420917e+00,9.913273e+02,-744.029,1002.09
32.99100,5.003710e+02,1.827276e+03,1.140987e+01,8.847907e+02,-702.047,894.82
32.99200,5.063985e+02,1.715083e+03,1.767935e+01,7.776847e+02,-661.102,786.94
32.99300,5.134374e+02,1.595123e+03,2.479242e+01,6.648591e+02,-617.795,673.301
32.99400,5.210357e+02,1.473234e+03,3.249423e+01,5.511037e+02,-575.016,558.697
32.99500,5.298231e+02,1.347854e+03,4.110199e+01,4.353313e+02,-530.248,442.041
32.99600,5.385655e+02,1.218618e+03,5.000507e+01,3.164347e+02,-485.926,322.228
32.99700,5.482441e+02,1.088334e+03,5.959594e+01,1.982216e+02,-442.22,203.069
32.99800,5.584708e+02,9.497540e+02,6.950260e+01,7.315007e+01,-396.411,77.0239
32.99900,5.689916e+02,8.076893e+02,8.007167e+01,-5.459281e+01,-349.921,-51.7159
33.00000,5.803713e+02,6.695387e+02,9.117033e+01,-1.773891e+02,-305.276,-175.529
