# ale_2x_dt0.0005: forces per unit depth (N/m) on cylinder+flag (total) and flag (plate); gen_q = pressure force on the flag projected on the prescribed mode, gen_u its unprojected sum; last 2 s at 1 ms
time,total_drag,total_lift,plate_drag,plate_lift,gen_q,gen_u
31.00000,5.909698e+02,5.419252e+02,9.935300e+01,-3.069856e+02,-279.417,-309.227
31.00100,6.036607e+02,3.803836e+02,1.114318e+02,-4.504771e+02,-231.319,-454.133
31.00200,6.171339e+02,2.181435e+02,1.242546e+02,-5.936565e+02,-183.089,-598.701
31.00300,6.311065e+02,5.340852e+01,1.374573e+02,-7.379480e+02,-134.773,-744.348
31.00400,6.459017e+02,-1.139013e+02,1.514824e+02,-8.836773e+02,-85.9041,-891.391
31.00500,6.609388e+02,-2.789805e+02,1.657500e+02,-1.026299e+03,-37.5287,-1035.28
31.00600,6.765220e+02,-4.454877e+02,1.804862e+02,-1.169237e+03,11.2027,-1179.43
31.00700,6.922860e+02,-6.101435e+02,1.953455e+02,-1.309385e+03,60.0639,-1320.75
31.00800,7.080507e+02,-7.729360e+02,2.102425e+02,-1.446847e+03,108.695,-1459.32
31.00900,7.238253e+02,-9.325180e+02,2.250733e+02,-1.580564e+03,157.238,-1594.09
31.01000,7.396733e+02,-1.092079e+03,2.400028e+02,-1.713152e+03,205.987,-1727.68
31.01100,7.548767e+02,-1.245671e+03,2.543386e+02,-1.839416e+03,254.041,-1854.89
31.01200,7.695167e+02,-1.395757e+03,2.681086e+02,-1.961547e+03,302.158,-1977.91
31.01300,7.837053e+02,-1.542335e+03,2.814339e+02,-2.079565e+03,350.284,-2096.76
31.01400,7.973487e+02,-1.686666e+03,2.943871e+02,-2.194653e+03,398.047,-2212.62
31.01500,8.098887e+02,-1.823740e+03,3.061497e+02,-2.302321e+03,445.505,-2321
31.01600,8.215327e+02,-1.955118e+03,3.170591e+02,-2.403973e+03,492.201,-2423.31
31.01700,8.320853e+02,-2.082260e+03,3.269720e+02,-2.500833e+03,538.914,-2520.77
31.01800,8.412460e+02,-2.201981e+03,3.356065e+02,-2.590294e+03,584.993,-2610.78
31.01900,8.484047e+02,-2.312715e+03,3.423419e+02,-2.670853e+03,630.338,-2691.83
31.02000,8.543500e+02,-2.417355e+03,3.479418e+02,-2.745034e+03,674.749,-2766.44
31.02100,8.595120e+02,-2.521322e+03,3.527656e+02,-2.818283e+03,719.965,-2840.06
31.02200,8.618940e+02,-2.613223e+03,3.549749e+02,-2.879508e+03,763.422,-2901.59
31.02300,8.630213e+02,-2.698625e+03,3.559762e+02,-2.934267e+03,805.983,-2956.61
31.02400,8.623413e+02,-2.776558e+03,3.553277e+02,-2.981895e+03,848.009,-3004.43
31.02500,8.598780e+02,-2.848633e+03,3.529937e+02,-3.023599e+03,889.526,-3046.28
31.02600,8.557487e+02,-2.913661e+03,3.489917e+02,-3.058462e+03,929.9,-3081.24
31.02700,8.500473e+02,-2.972367e+03,3.436012e+02,-3.086995e+03,969.321,-3109.82
31.02800,8.426780e+02,-3.023165e+03,3.365729e+02,-3.108132e+03,1007.55,-3130.97
31.02900,8.338513e+02,-3.070071e+03,3.280912e+02,-3.125221e+03,1044.93,-3148.04
31.03000,8.231087e+02,-3.109366e+03,3.179993e+02,-3.135139e+03,1080.93,-3157.9
31.03100,8.109013e+02,-3.143418e+03,3.062471e+02,-3.140178e+03,1116.33,-3162.87
31.03200,7.983093e+02,-3.172439e+03,2.941173e+02,-3.140329e+03,1149.51,-3162.94
31.03300,7.851200e+02,-3.200846e+03,2.815698e+02,-3.139646e+03,1182.25,-3162.17
31.03400,7.710207e+02,-3.224679e+03,2.679634e+02,-3.134771e+03,1213.83,-3157.2
31.03500,7.567013e+02,-3.245825e+03,2.541488e+02,-3.127389e+03,1243.62,-3149.73
31.03600,7.420920e+02,-3.265234e+03,2.400333e+02,-3.118331e+03,1272.24,-3140.6
31.03700,7.279227e+02,-3.282929e+03,2.263741e+02,-3.107578e+03,1298.54,-3129.79
31.03800,7.136967e+02,-3.300000e+03,2.124353e+02,-3.096259e+03,1323.7,-3118.43
31.03900,6.996967e+02,-3.314191e+03,1.988239e+02,-3.082557e+03,1347.4,-3104.72
31.04000,6.861700e+02,-3.329002e+03,1.856563e+02,-3.069264e+03,1368.84,-3091.43
31.04100,6.735367e+02,-3.345541e+03,1.730329e+02,-3.057807e+03,1390.09,-3080
31.04200,6.610931e+02,-3.358266e+03,1.608117e+02,-3.042979e+03,1407.88,-3065.22
31.04300,6.485540e+02,-3.369017e+03,1.483124e+02,-3.025665e+03,1422.75,-3047.98
31.04400,6.373332e+02,-3.380078e+03,1.370707e+02,-3.009412e+03,1436.52,-3031.82
31.04500,6.267357e+02,-3.392064e+03,1.264023e+02,-2.994327e+03,1449.53,-3016.84
31.04600,6.176539e+02,-3.406034e+03,1.172767e+02,-2.981163e+03,1460.19,-3003.81
31.04700,6.094567e+02,-3.418254e+03,1.089368e+02,-2.966885e+03,1468.8,-2989.69
31.04800,6.011685e+02,-3.422601e+03,1.005827e+02,-2.944739e+03,1471.67,-2967.72
31.04900,5.930337e+02,-3.423307e+03,9.228100e+01,-2.919631e+03,1472.24,-2942.78
31.05000,5.862933e+02,-3.430193e+03,8.533387e+01,-2.900791e+03,1475.31,-2924.11
31.05100,5.802068e+02,-3.434094e+03,7.899873e+01,-2.879453e+03,1475.8,-2902.93
31.05200,5.751809e+02,-3.437287e+03,7.375413e+01,-2.857768e+03,1474.35,-2881.4
31.05300,5.706252e+02,-3.437972e+03,6.902980e+01,-2.833947e+03,1470.42,-2857.73
31.05400,5.654504e+02,-3.431782e+03,6.372563e+01,-2.804347e+03,1464.12,-2828.27
31.05500,5.608737e+02,-3.431259e+03,5.906218e+01,-2.780586e+03,1458.83,-2804.65
31.05600,5.567130e+02,-3.424486e+03,5.483276e+01,-2.751247e+03,1450.07,-2775.42
31.05700,5.528729e+02,-3.415061e+03,5.098326e+01,-2.719759e+03,1439.22,-2744.02
31.05800,5.492418e+02,-3.402686e+03,4.730509e+01,-2.686063e+03,1427.12,-2710.38
31.05900,5.457398e+02,-3.385842e+03,4.387525e+01,-2.648806e+03,1412.73,-2673.15
31.06000,5.423144e+02,-3.368341e+03,4.058807e+01,-2.611413e+03,1397.33,-2635.74
31.06100,5.404105e+02,-3.348823e+03,3.880577e+01,-2.572492e+03,1378.87,-2596.77
31.06200,5.379110e+02,-3.325047e+03,3.652560e+01,-2.530384e+03,1359.77,-2554.57
31.06300,5.350493e+02,-3.294110e+03,3.401789e+01,-2.482135e+03,1338.22,-2506.18
31.06400,5.322359e+02,-3.258891e+03,3.162654e+01,-2.430630e+03,1315.67,-2454.5
31.06500,5.297035e+02,-3.219046e+03,2.950917e+01,-2.375346e+03,1290.27,-2398.99
31.06600,5.275627e+02,-3.175711e+03,2.778259e+01,-2.317422e+03,1263.58,-2340.78
31.06700,5.252665e+02,-3.128731e+03,2.604840e+01,-2.256777e+03,1235.52,-2279.79
31.06800,5.229122e+02,-3.074631e+03,2.425471e+01,-2.190220e+03,1205.56,-2212.83
31.06900,5.206904e+02,-3.016776e+03,2.261939e+01,-2.120956e+03,1174.57,-2143.1
31.07000,5.181408e+02,-2.950523e+03,2.077789e+01,-2.044636e+03,1141.59,-2066.24
31.07100,5.160538e+02,-2.880669e+03,1.933358e+01,-1.965771e+03,1107.41,-1986.77
31.07200,5.137388e+02,-2.804453e+03,1.780152e+01,-1.881915e+03,1072.33,-1902.23
31.07300,5.119415e+02,-2.723131e+03,1.668575e+01,-1.794042e+03,1035.66,-1813.62
31.07400,5.102346e+02,-2.635033e+03,1.571307e+01,-1.700799e+03,997.958,-1719.56
31.07500,5.085439e+02,-2.541508e+03,1.467333e+01,-1.603321e+03,959.259,-1621.2
31.07600,5.074990e+02,-2.441136e+03,1.430138e+01,-1.500432e+03,919.188,-1517.37
31.07700,5.067135e+02,-2.334956e+03,1.420713e+01,-1.393156e+03,878.502,-1409.09
31.07800,5.069108e+02,-2.224930e+03,1.501107e+01,-1.283200e+03,836.601,-1298.07
31.07900,5.069432e+02,-2.104449e+03,1.568915e+01,-1.164479e+03,794.031,-1178.23
31.08000,5.080799e+02,-1.980690e+03,1.735344e+01,-1.043789e+03,750.785,-1056.36
31.08100,5.099409e+02,-1.852322e+03,1.969927e+01,-9.198160e+02,706.97,-931.169
31.08200,5.126777e+02,-1.717663e+03,2.285280e+01,-7.909833e+02,662.175,-801.074
31.08300,5.162651e+02,-1.578467e+03,2.682509e+01,-6.590828e+02,617.106,-667.875
31.08400,5.208209e+02,-1.435320e+03,3.170106e+01,-5.244566e+02,571.327,-531.92
31.08500,5.264383e+02,-1.288129e+03,3.747367e+01,-3.871752e+02,524.999,-393.281
31.08600,5.329650e+02,-1.134724e+03,4.413690e+01,-2.452200e+02,478.204,-249.946
31.08700,5.406273e+02,-9.769407e+02,5.184530e+01,-1.003429e+02,431.119,-103.681
31.08800,5.492929e+02,-8.174780e+02,6.048842e+01,4.515564e+01,383.331,43.2085
31.08900,5.588203e+02,-6.565569e+02,6.986280e+01,1.908491e+02,335.717,190.295
31.09000,5.694955e+02,-4.931153e+02,8.035980e+01,3.378988e+02,287.701,338.734
31.09100,5.811427e+02,-3.261587e+02,9.170353e+01,4.869501e+02,239.166,489.165
31.09200,5.936227e+02,-1.582093e+02,1.038265e+02,6.359082e+02,190.32,639.484
31.09300,6.069251e+02,9.981940e+00,1.166964e+02,7.840273e+02,141.655,788.941
31.09400,6.209889e+02,1.785892e+02,1.301808e+02,9.316147e+02,92.7381,937.842
31.09500,6.357244e+02,3.484210e+02,1.443275e+02,1.079119e+03,43.4199,1086.63
31.09600,6.509620e+02,5.172664e+02,1.589709e+02,1.224745e+03,-5.66959,1233.5
31.09700,6.668293e+02,6.860073e+02,1.741286e+02,1.369183e+03,-55.0348,1379.15
31.09800,6.824613e+02,8.505653e+02,1.891474e+02,1.508911e+03,-104.024,1520.05
31.09900,6.990107e+02,1.016664e+03,2.049314e+02,1.648929e+03,-153.048,1661.19
31.10000,7.148547e+02,1.175626e+03,2.200596e+02,1.781561e+03,-201.731,1794.9
31.10100,7.311153e+02,1.335194e+03,2.355775e+02,1.913724e+03,-250.566,1928.1
31.10200,7.473227e+02,1.493648e+03,2.510009e+02,2.043853e+03,-299.497,2059.21
31.10300,7.630220e+02,1.646381e+03,2.660061e+02,2.167911e+03,-347.964,2184.2
31.10400,7.784107e+02,1.795527e+03,2.806799e+02,2.287755e+03,-396.028,2304.92
31.10500,7.925220e+02,1.937824e+03,2.941207e+02,2.400464e+03,-443.737,2418.45
31.10600,8.059053e+02,2.075193e+03,3.068796e+02,2.507877e+03,-490.846,2526.63
31.10700,8.185913e+02,2.208511e+03,3.190261e+02,2.610807e+03,-537.743,2630.27
31.10800,8.301180e+02,2.335245e+03,3.300165e+02,2.706909e+03,-583.895,2727.02
31.10900,8.410780e+02,2.461057e+03,3.404686e+02,2.801282e+03,-630.276,2821.98
31.11000,8.502787e+02,2.575823e+03,3.491858e+02,2.884791e+03,-675.202,2906.01
31.11100,8.578373e+02,2.685033e+03,3.564531e+02,2.963023e+03,-719.663,2984.7
31.11200,8.642780e+02,2.788809e+03,3.625502e+02,3.035350e+03,-763.411,3057.43
31.11300,8.688313e+02,2.885493e+03,3.669526e+02,3.100361e+03,-806.285,3122.78
31.11400,8.722087e+02,2.978177e+03,3.702628e+02,3.161579e+03,-849.028,3184.27
31.11500,8.739093e+02,3.062145e+03,3.717858e+02,3.214099e+03,-890.57,3237
31.11600,8.733360e+02,3.137085e+03,3.713411e+02,3.257855e+03,-930.581,3280.91
31.11700,8.717733e+02,3.206949e+03,3.697769e+02,3.296481e+03,-969.686,3319.63
31.11800,8.676313e+02,3.267927e+03,3.658632e+02,3.326837e+03,-1008.15,3350.02
31.11900,8.623860e+02,3.325715e+03,3.608281e+02,3.353676e+03,-1045.67,3376.86
31.12000,8.554867e+02,3.375859e+03,3.542025e+02,3.373371e+03,-1082.1,3396.5
31.12100,8.466933e+02,3.418870e+03,3.456954e+02,3.386157e+03,-1117,3409.19
31.12200,8.359713e+02,3.455729e+03,3.355884e+02,3.393165e+03,-1150.93,3416.07
31.12300,8.246160e+02,3.487193e+03,3.244457e+02,3.394917e+03,-1183.25,3417.67
31.12400,8.116653e+02,3.513925e+03,3.119051e+02,3.392459e+03,-1215.22,3415.03
31.12500,7.975353e+02,3.533952e+03,2.981788e+02,3.383686e+03,-1244.94,3406.07
31.12600,7.824940e+02,3.550359e+03,2.836782e+02,3.371459e+03,-1273.66,3393.64
31.12700,7.672560e+02,3.564330e+03,2.686787e+02,3.357031e+03,-1300.83,3379
31.12800,7.500053e+02,3.571960e+03,2.519362e+02,3.336729e+03,-1326.66,3358.49
31.12900,7.342773e+02,3.580411e+03,2.365631e+02,3.317453e+03,-1350.6,3339.03
31.13000,7.178687e+02,3.584723e+03,2.203569e+02,3.294299e+03,-1373.24,3315.69
31.13100,7.017447e+02,3.588133e+03,2.044306e+02,3.270527e+03,-1394.07,3291.76
31.13200,6.857013e+02,3.590869e+03,1.886523e+02,3.246234e+03,-1414.32,3267.32
31.13300,6.698727e+02,3.588907e+03,1.729651e+02,3.217687e+03,-1430.66,3238.65
31.13400,6.535577e+02,3.586088e+03,1.567373e+02,3.188321e+03,-1445.23,3209.18
31.13500,6.382427e+02,3.581471e+03,1.416268e+02,3.157589e+03,-1458.68,3178.37
31.13600,6.244943e+02,3.577651e+03,1.277165e+02,3.128209e+03,-1470.46,3148.93
31.13700,6.108969e+02,3.574669e+03,1.141385e+02,3.099814e+03,-1480.19,3120.51
31.13800,5.988479e+02,3.570297e+03,1.020274e+02,3.070333e+03,-1487.73,3091.04
31.13900,5.862693e+02,3.557328e+03,8.947693e+01,3.032767e+03,-1489.68,3053.5
31.14000,5.746395e+02,3.542453e+03,7.783773e+01,2.993693e+03,-1490.25,3014.46
31.14100,5.638996e+02,3.533912e+03,6.692447e+01,2.960999e+03,-1492.97,2981.8
31.14200,5.539764e+02,3.522451e+03,5.686546e+01,2.926133e+03,-1493.81,2946.99
31.14300,5.453885e+02,3.509427e+03,4.827490e+01,2.890046e+03,-1491.57,2910.96
31.14400,5.363279e+02,3.487620e+03,3.912887e+01,2.846186e+03,-1485.39,2867.18
31.14500,5.287097e+02,3.473191e+03,3.156790e+01,2.809562e+03,-1479.9,2830.63
31.14600,5.220399e+02,3.460960e+03,2.487906e+01,2.775590e+03,-1474.04,2796.74
31.14700,5.154971e+02,3.441075e+03,1.833044e+01,2.734841e+03,-1464.56,2756.07
31.14800,5.093509e+02,3.420717e+03,1.229183e+01,2.694031e+03,-1454.3,2715.33
31.14900,5.042808e+02,3.396672e+03,7.170647e+00,2.650433e+03,-1441.49,2671.79
31.15000,4.999212e+02,3.372421e+03,2.930324e+00,2.607139e+03,-1427.43,2628.55
31.15100,4.949079e+02,3.343775e+03,-1.896391e+00,2.560106e+03,-1411.5,2581.55
31.15200,4.915597e+02,3.315138e+03,-5.044220e+00,2.513643e+03,-1394.15,2535.1
31.15300,4.886589e+02,3.282035e+03,-7.767200e+00,2.463687e+03,-1374.28,2485.13
31.15400,4.865669e+02,3.251213e+03,-9.588027e+00,2.416209e+03,-1353.46,2437.6
31.15500,4.848573e+02,3.216019e+03,-1.104141e+01,2.365464e+03,-1330.94,2386.78
31.15600,4.835643e+02,3.175791e+03,-1.212857e+01,2.310498e+03,-1306.41,2331.7
31.15700,4.819298e+02,3.128478e+03,-1.329279e+01,2.249561e+03,-1280.15,2270.62
31.15800,4.813061e+02,3.082169e+03,-1.356083e+01,2.190280e+03,-1252.51,2211.15
31.15900,4.809724e+02,3.031107e+03,-1.349427e+01,2.127209e+03,-1223.31,2147.83
31.16000,4.809079e+02,2.975985e+03,-1.320457e+01,2.061077e+03,-1192.73,2081.41
31.16100,4.812295e+02,2.917907e+03,-1.245364e+01,1.992947e+03,-1161,2012.92
31.16200,4.819289e+02,2.855259e+03,-1.129624e+01,1.921352e+03,-1127.78,1940.9
31.16300,4.828785e+02,2.787448e+03,-9.914060e+00,1.845699e+03,-1093.16,1864.75
31.16400,4.840877e+02,2.715112e+03,-8.283287e+00,1.766600e+03,-1057.25,1785.08
31.16500,4.855256e+02,2.637375e+03,-6.408228e+00,1.683244e+03,-1020.15,1701.09
31.16600,4.873829e+02,2.554841e+03,-4.165540e+00,1.596404e+03,-982.101,1613.53
31.16700,4.896902e+02,2.467669e+03,-1.458459e+00,1.506103e+03,-943.152,1522.44
31.16800,4.922261e+02,2.373347e+03,1.407766e+00,1.410016e+03,-902.897,1425.48
31.16900,4.952237e+02,2.273773e+03,4.738783e+00,1.309957e+03,-861.648,1324.47
31.17000,4.988570e+02,2.169293e+03,8.622853e+00,1.206338e+03,-819.627,1219.83
31.17100,5.026764e+02,2.057875e+03,1.272547e+01,1.097122e+03,-776.849,1109.53
31.17200,5.072774e+02,1.942526e+03,1.748587e+01,9.853353e+02,-733.315,996.582
31.17300,5.125335e+02,1.821478e+03,2.291392e+01,8.691327e+02,-689.231,879.163
31.17400,5.186438e+02,1.695528e+03,2.898549e+01,7.495040e+02,-644.218,758.264
31.17500,5.251695e+02,1.563988e+03,3.554551e+01,6.255669e+02,-598.94,633.01
31.17600,5.320585e+02,1.422133e+03,4.240763e+01,4.932517e+02,-553.184,499.334
31.17700,5.402464e+02,1.281183e+03,5.042190e+01,3.627277e+02,-507.175,367.416
31.17800,5.492302e+02,1.135010e+03,5.919546e+01,2.284866e+02,-460.495,231.756
31.17900,5.589336e+02,9.848267e+02,6.859233e+01,9.148880e+01,-413.382,93.3222
31.18000,5.693712e+02,8.309853e+02,7.868647e+01,-4.789103e+01,-366.135,-47.5024
31.18100,5.809395e+02,6.723713e+02,8.975240e+01,-1.904767e+02,-318.491,-191.532
31.18200,5.932381e+02,5.111318e+02,1.014917e+02,-3.345149e+02,-270.608,-337.002
31.18300,6.059949e+02,3.500971e+02,1.136256e+02,-4.773372e+02,-222.391,-481.234
31.18400,6.196151e+02,1.875877e+02,1.265858e+02,-6.205045e+02,-174.263,-625.783
31.18500,6.337163e+02,2.315165e+01,1.399227e+02,-7.643927e+02,-125.892,-771.019
31.18600,6.485549e+02,-1.443311e+02,1.539911e+02,-9.100547e+02,-77.122,-917.985
31.18700,6.636982e+02,-3.097335e+02,1.683341e+02,-1.052789e+03,-28.6032,-1061.98
31.18800,6.793527e+02,-4.760965e+02,1.831342e+02,-1.195411e+03,20.1458,-1205.8
31.18900,6.951040e+02,-6.405377e+02,1.979861e+02,-1.335127e+03,69.0223,-1346.67
31.19000,7.109393e+02,-8.025427e+02,2.129279e+02,-1.471733e+03,117.524,-1484.38
31.19100,7.267093e+02,-9.624587e+02,2.277795e+02,-1.605579e+03,166.091,-1619.28
31.19200,7.424980e+02,-1.121461e+03,2.426802e+02,-1.737497e+03,214.851,-1752.19
31.19300,7.574707e+02,-1.273398e+03,2.567541e+02,-1.862066e+03,262.729,-1877.69
31.19400,7.718087e+02,-1.421289e+03,2.702323e+02,-1.982055e+03,310.882,-1998.55
31.19500,7.863213e+02,-1.570215e+03,2.838826e+02,-2.102008e+03,359.064,-2119.33
31.19600,7.995920e+02,-1.712285e+03,2.964731e+02,-2.214872e+03,406.788,-2232.95
31.19700,8.119480e+02,-1.848121e+03,3.080413e+02,-2.321263e+03,454.079,-2340.05
31.19800,8.234280e+02,-1.979324e+03,3.188151e+02,-2.422591e+03,501.063,-2442.02
31.19900,8.335667e+02,-2.103455e+03,3.283615e+02,-2.516623e+03,547.263,-2536.65
31.20000,8.423827e+02,-2.222028e+03,3.366515e+02,-2.604863e+03,593.354,-2625.42
31.20100,8.498373e+02,-2.332657e+03,3.436769e+02,-2.685220e+03,638.441,-2706.25
31.20200,8.555720e+02,-2.437280e+03,3.491141e+02,-2.759189e+03,683.119,-2780.64
31.20300,8.601013e+02,-2.538923e+03,3.533337e+02,-2.830261e+03,728.012,-2852.08
31.20400,8.622640e+02,-2.629721e+03,3.553072e+02,-2.890356e+03,771.327,-2912.48
31.20500,8.631460e+02,-2.713973e+03,3.561269e+02,-2.944023e+03,813.749,-2966.39
31.20600,8.619360e+02,-2.789554e+03,3.548938e+02,-2.989357e+03,855.522,-3011.91
31.20700,8.593233e+02,-2.860889e+03,3.524776e+02,-3.030280e+03,896.766,-3052.97
31.20800,8.548340e+02,-2.924907e+03,3.481335e+02,-3.064229e+03,937.236,-3087.01
31.20900,8.489087e+02,-2.982733e+03,3.425083e+02,-3.091796e+03,976.413,-3114.62
31.21000,8.412553e+02,-3.032507e+03,3.351697e+02,-3.112017e+03,1014.64,-3134.84
31.21100,8.317707e+02,-3.078139e+03,3.261032e+02,-3.127913e+03,1052.01,-3150.71
31.21200,8.206400e+02,-3.115012e+03,3.156449e+02,-3.135560e+03,1087.53,-3158.3
31.21300,8.086040e+02,-3.149319e+03,3.040400e+02,-3.140772e+03,1122.62,-3163.44
31.21400,7.959800e+02,-3.178512e+03,2.918615e+02,-3.140975e+03,1155.72,-3163.56
31.21500,7.824820e+02,-3.205296e+03,2.790237e+02,-3.138804e+03,1188.16,-3161.3
31.21600,7.683860e+02,-3.228319e+03,2.654322e+02,-3.133211e+03,1219.44,-3155.61
31.21700,7.539747e+02,-3.249294e+03,2.514931e+02,-3.125634e+03,1248.94,-3147.95
31.21800,7.392520e+02,-3.267617e+03,2.373700e+02,-3.115458e+03,1276.88,-3137.71
31.21900,7.254353e+02,-3.286343e+03,2.238597e+02,-3.105736e+03,1303.42,-3127.93
31.22000,7.110447e+02,-3.302255e+03,2.098891e+02,-3.093393e+03,1328.08,-3115.55
31.22100,6.973087e+02,-3.317436e+03,1.964301e+02,-3.080599e+03,1351.45,-3102.75
31.22200,6.836607e+02,-3.331787e+03,1.831674e+02,-3.066901e+03,1372.84,-3089.06
31.22300,6.713547e+02,-3.348517e+03,1.708511e+02,-3.055679e+03,1393.9,-3077.87
31.22400,6.588842e+02,-3.361183e+03,1.586273e+02,-3.040588e+03,1410.95,-3062.83
31.22500,6.462999e+02,-3.370535e+03,1.460689e+02,-3.022164e+03,1425.43,-3044.48
31.22600,6.352615e+02,-3.382617e+03,1.349809e+02,-3.006908e+03,1439.58,-3029.32
31.22700,6.251003e+02,-3.394534e+03,1.247569e+02,-2.991797e+03,1451.51,-3014.32
31.22800,6.159569e+02,-3.407599e+03,1.155569e+02,-2.977887e+03,1461.71,-3000.55
31.22900,6.080425e+02,-3.421283e+03,1.075426e+02,-2.964955e+03,1470.3,-2987.78
31.23000,5.998476e+02,-3.422878e+03,9.923840e+01,-2.940219e+03,1472.12,-2963.22
31.23100,5.917363e+02,-3.424992e+03,9.096160e+01,-2.916432e+03,1472.85,-2939.6
31.23200,5.851152e+02,-3.431225e+03,8.411247e+01,-2.897159e+03,1475.65,-2920.49
31.23300,5.791444e+02,-3.434727e+03,7.791460e+01,-2.875516e+03,1475.88,-2899.01
31.23400,5.743685e+02,-3.437101e+03,7.290733e+01,-2.853100e+03,1473.74,-2876.75
31.23500,5.699823e+02,-3.438213e+03,6.833800e+01,-2.829847e+03,1469.6,-2853.65
31.23600,5.647479e+02,-3.432652e+03,6.298424e+01,-2.800809e+03,1463.39,-2824.75
31.23700,5.601885e+02,-3.429968e+03,5.836460e+01,-2.775135e+03,1457.18,-2799.21
31.23800,5.561799e+02,-3.424255e+03,5.428878e+01,-2.746723e+03,1448.3,-2770.91
31.23900,5.522889e+02,-3.413713e+03,5.040115e+01,-2.714459e+03,1437.38,-2738.72
31.24000,5.486189e+02,-3.399756e+03,4.665697e+01,-2.679343e+03,1424.59,-2703.66
31.24100,5.451027e+02,-3.383385e+03,4.328041e+01,-2.642573e+03,1410.09,-2666.91
31.24200,5.417185e+02,-3.364145e+03,4.001867e+01,-2.603681e+03,1394.18,-2627.99
31.24300,5.400536e+02,-3.344735e+03,3.841748e+01,-2.564963e+03,1375.45,-2589.22
31.24400,5.374357e+02,-3.319394e+03,3.609027e+01,-2.521475e+03,1355.7,-2545.63
31.24500,5.348131e+02,-3.289207e+03,3.381047e+01,-2.474109e+03,1334.29,-2498.12
31.24600,5.316869e+02,-3.251741e+03,3.115275e+01,-2.420554e+03,1311.19,-2444.37
31.24700,5.292135e+02,-3.211503e+03,2.911894e+01,-2.364997e+03,1285.52,-2388.58
31.24800,5.273448e+02,-3.167735e+03,2.762092e+01,-2.306865e+03,1258.49,-2330.16
31.24900,5.248074e+02,-3.119661e+03,2.569854e+01,-2.245279e+03,1230.3,-2268.22
31.25000,5.225090e+02,-3.064270e+03,2.394174e+01,-2.177677e+03,1199.91,-2200.2
31.25100,5.203907e+02,-3.005415e+03,2.238742e+01,-2.107630e+03,1168.53,-2129.67
31.25200,5.177912e+02,-2.938721e+03,2.053920e+01,-2.031029e+03,1135.6,-2052.52
31.25300,5.155611e+02,-2.867270e+03,1.901798e+01,-1.950873e+03,1101.12,-1971.75
31.25400,5.133651e+02,-2.790089e+03,1.754562e+01,-1.866211e+03,1065.69,-1886.4
31.25500,5.115437e+02,-2.707588e+03,1.639666e+01,-1.777373e+03,1028.82,-1796.8
31.25600,5.098544e+02,-2.618219e+03,1.544505e+01,-1.683133e+03,990.861,-1701.74
31.25700,5.082919e+02,-2.523421e+03,1.450753e+01,-1.584696e+03,952.056,-1602.41
31.25800,5.073037e+02,-2.421486e+03,1.420389e+01,-1.480575e+03,911.749,-1497.33
31.25900,5.065830e+02,-2.314820e+03,1.418559e+01,-1.372871e+03,870.902,-1388.61
31.26000,5.070680e+02,-2.205084e+03,1.525895e+01,-1.263402e+03,828.924,-1278.07
31.26100,5.069871e+02,-2.081645e+03,1.582031e+01,-1.142211e+03,786.285,-1155.75
31.26200,5.083133e+02,-1.957114e+03,1.766332e+01,-1.020922e+03,742.82,-1033.28
31.26300,5.103067e+02,-1.827708e+03,2.013455e+01,-8.961707e+02,698.782,-907.3
31.26400,5.132297e+02,-1.691819e+03,2.346187e+01,-7.664327e+02,653.819,-776.294
31.26500,5.169544e+02,-1.551740e+03,2.755459e+01,-6.338336e+02,608.658,-642.391
31.26600,5.217047e+02,-1.408501e+03,3.260531e+01,-4.993044e+02,562.787,-506.529
31.26700,5.274713e+02,-1.259538e+03,3.852525e+01,-3.606211e+02,516.439,-366.484
31.26800,5.342429e+02,-1.105923e+03,4.539049e+01,-2.186782e+02,469.585,-223.161
31.26900,5.420632e+02,-9.464687e+02,5.327793e+01,-7.247293e+01,422.347,-75.5673
31.27000,5.508961e+02,-7.879660e+02,6.206736e+01,7.198293e+01,374.77,70.2786
31.27100,5.606337e+02,-6.258358e+02,7.162940e+01,2.185674e+02,326.839,218.255
31.27200,5.714895e+02,-4.619378e+02,8.229093e+01,3.658614e+02,278.698,366.936
31.27300,5.833157e+02,-2.946623e+02,9.379527e+01,5.149937e+02,230.124,517.443
31.27400,5.959279e+02,-1.269677e+02,1.060517e+02,6.635279e+02,181.428,667.333
31.27500,6.093945e+02,4.152634e+01,1.190484e+02,8.117113e+02,132.694,816.85
31.27600,6.235649e+02,2.103710e+02,1.326431e+02,9.593587e+02,83.502,965.804
31.27700,6.384145e+02,3.804693e+02,1.469034e+02,1.106895e+03,34.3664,1114.62
31.27800,6.537998e+02,5.491749e+02,1.616713e+02,1.252218e+03,-14.7267,1261.18
31.27900,6.694420e+02,7.155233e+02,1.766391e+02,1.394367e+03,-63.8333,1404.53
31.28000,6.854400e+02,8.819220e+02,1.919577e+02,1.535422e+03,-113.051,1546.75
31.28100,7.019793e+02,1.047231e+03,2.077532e+02,1.674585e+03,-162.118,1687.03
31.28200,7.177473e+02,1.205420e+03,2.227943e+02,1.806329e+03,-210.679,1819.84
31.28300,7.340680e+02,1.366171e+03,2.383705e+02,1.939426e+03,-259.769,1953.96
31.28400,7.500647e+02,1.521317e+03,2.536053e+02,2.066337e+03,-308.178,2081.85
31.28500,7.656693e+02,1.673493e+03,2.685302e+02,2.189728e+03,-356.587,2206.16
31.28600,7.808387e+02,1.821879e+03,2.830097e+02,2.308740e+03,-404.816,2326.03
31.28700,7.954633e+02,1.965791e+03,2.968968e+02,2.422748e+03,-452.501,2440.85
31.28800,8.084447e+02,2.100560e+03,3.092769e+02,2.527604e+03,-499.441,2546.47
31.28900,8.207993e+02,2.232205e+03,3.211463e+02,2.628921e+03,-546.068,2648.48
31.29000,8.323400e+02,2.359333e+03,3.321145e+02,2.725194e+03,-592.466,2745.39
31.29100,8.427480e+02,2.481658e+03,3.420699e+02,2.816273e+03,-638.427,2837.05
31.29200,8.518173e+02,2.596328e+03,3.506572e+02,2.899669e+03,-683.521,2920.96
31.29300,8.592340e+02,2.705434e+03,3.577627e+02,2.977532e+03,-727.824,2999.27
31.29400,8.653593e+02,2.806803e+03,3.635859e+02,3.047585e+03,-771.208,3069.72
31.29500,8.694773e+02,2.903117e+03,3.675576e+02,3.112154e+03,-814.107,3134.61
31.29600,8.727260e+02,2.994646e+03,3.707771e+02,3.172140e+03,-856.642,3194.86
31.29700,8.741320e+02,3.077403e+03,3.720179e+02,3.223520e+03,-898.05,3246.44
31.29800,8.733893e+02,3.151271e+03,3.713431e+02,3.266138e+03,-937.928,3289.19
31.29900,8.713247e+02,3.220363e+03,3.693398e+02,3.304075e+03,-977.061,3327.22
31.30000,8.667740e+02,3.279311e+03,3.650068e+02,3.332511e+03,-1015.19,3355.69
31.30100,8.613747e+02,3.336155e+03,3.598558e+02,3.358387e+03,-1052.42,3381.54
31.30200,8.541200e+02,3.384768e+03,3.529073e+02,3.376679e+03,-1088.63,3399.78
31.30300,8.449533e+02,3.426881e+03,3.439825e+02,3.388593e+03,-1123.51,3411.59
31.30400,8.341927e+02,3.463003e+03,3.338335e+02,3.394848e+03,-1157.04,3417.71
31.30500,8.224060e+02,3.492857e+03,3.222988e+02,3.395151e+03,-1189.16,3417.86
31.30600,8.092000e+02,3.518712e+03,3.095117e+02,3.391793e+03,-1220.95,3414.32
31.30700,7.949700e+02,3.537575e+03,2.956987e+02,3.381951e+03,-1250.31,3404.28
31.30800,7.797813e+02,3.553681e+03,2.809606e+02,3.369459e+03,-1278.93,3391.58
31.30900,7.634160e+02,3.563999e+03,2.649823e+02,3.351699e+03,-1305.81,3373.61
31.31000,7.472880e+02,3.575364e+03,2.492418e+02,3.334888e+03,-1331.57,3356.6
31.31100,7.314080e+02,3.581344e+03,2.337322e+02,3.313286e+03,-1354.65,3334.81
31.31200,7.148260e+02,3.585949e+03,2.173529e+02,3.290407e+03,-1377.45,3311.76
31.31300,6.988500e+02,3.588837e+03,2.015755e+02,3.266173e+03,-1397.73,3287.36
31.31400,6.829527e+02,3.590981e+03,1.859346e+02,3.241449e+03,-1417.7,3262.49
31.31500,6.667967e+02,3.588255e+03,1.698941e+02,3.212149e+03,-1433.68,3233.07
31.31600,6.506394e+02,3.585007e+03,1.538729e+02,3.182425e+03,-1447.77,3203.25
31.31700,6.355235e+02,3.580532e+03,1.388827e+02,3.151869e+03,-1461.05,3172.62
31.31800,6.219631e+02,3.577035e+03,1.251663e+02,3.122906e+03,-1472.52,3143.6
31.31900,6.082962e+02,3.574048e+03,1.115502e+02,3.094413e+03,-1481.99,3115.09
31.32000,5.966520e+02,3.568393e+03,9.982820e+01,3.063828e+03,-1488.47,3084.52
31.32100,5.840856e+02,3.554725e+03,8.728933e+01,3.025647e+03,-1490.07,3046.37
31.32200,5.726109e+02,3.540027e+03,7.576233e+01,2.986879e+03,-1490.59,3007.64
31.32300,5.619179e+02,3.531520e+03,6.492697e+01,2.954269e+03,-1493.05,2975.07
31.32400,5.523503e+02,3.520415e+03,5.521809e+01,2.919895e+03,-1494.03,2940.75
31.32500,5.437619e+02,3.506043e+03,4.660867e+01,2.882541e+03,-1490.75,2903.46
31.32600,5.349517e+02,3.484831e+03,3.772579e+01,2.839336e+03,-1484.56,2860.33
31.32700,5.271708e+02,3.470042e+03,3.002077e+01,2.802404e+03,-1478.98,2823.48
31.32800,5.209055e+02,3.457029e+03,2.371601e+01,2.767851e+03,-1472.39,2789.01
31.32900,5.143419e+02,3.437554e+03,1.718478e+01,2.727464e+03,-1462.71,2748.7
31.33000,5.083277e+02,3.415967e+03,1.125877e+01,2.685619e+03,-1451.9,2706.92
31.33100,5.034305e+02,3.392733e+03,6.292063e+00,2.642961e+03,-1439.36,2664.32
31.33200,4.989317e+02,3.366763e+03,1.959899e+00,2.597963e+03,-1424.34,2619.37
31.33300,4.942739e+02,3.337995e+03,-2.539145e+00,2.551064e+03,-1408.22,2572.5
31.33400,4.909829e+02,3.309215e+03,-5.574007e+00,2.504515e+03,-1390.52,2525.97
31.33500,4.878481e+02,3.276225e+03,-8.482987e+00,2.454701e+03,-1370.8,2476.13
31.33600,4.865044e+02,3.245677e+03,-9.649907e+00,2.407683e+03,-1349.31,2429.06
31.33700,4.844999e+02,3.208549e+03,-1.134555e+01,2.355313e+03,-1326.63,2376.61
31.33800,4.834035e+02,3.168128e+03,-1.223948e+01,2.300250e+03,-1301.69,2321.42
31.33900,4.817461e+02,3.119536e+03,-1.342629e+01,2.238255e+03,-1275.14,2259.27
31.34000,4.812013e+02,3.073431e+03,-1.360720e+01,2.179217e+03,-1247.29,2200.04
31.34100,4.808824e+02,3.021094e+03,-1.352539e+01,2.115114e+03,-1217.86,2135.69
31.34200,4.809258e+02,2.965395e+03,-1.312679e+01,2.048581e+03,-1186.91,2068.84
31.34300,4.812347e+02,2.906663e+03,-1.234199e+01,1.979960e+03,-1154.95,1999.85
31.34400,4.820127e+02,2.843202e+03,-1.114905e+01,1.907717e+03,-1121.47,1927.17
31.34500,4.829943e+02,2.774451e+03,-9.738127e+00,1.831325e+03,-1086.63,1850.28
31.34600,4.843117e+02,2.700880e+03,-7.990353e+00,1.751255e+03,-1050.39,1769.63
31.34700,4.858242e+02,2.622424e+03,-6.065123e+00,1.667395e+03,-1013.22,1685.11
31.34800,4.877189e+02,2.538840e+03,-3.773861e+00,1.579777e+03,-975.052,1596.76
31.34900,4.900771e+02,2.450387e+03,-1.027789e+00,1.488389e+03,-935.706,1504.57
31.35000,4.926755e+02,2.355163e+03,1.902880e+00,1.391618e+03,-895.31,1406.91
31.35100,4.958388e+02,2.255108e+03,5.386541e+00,1.291343e+03,-854.005,1305.68
31.35200,4.994837e+02,2.149247e+03,9.288947e+00,1.186572e+03,-811.844,1199.88
31.35300,5.033559e+02,2.036673e+03,1.342485e+01,1.076449e+03,-768.874,1088.65
31.35400,5.081385e+02,1.920630e+03,1.836089e+01,9.641967e+02,-725.213,975.231
31.35500,5.135217e+02,1.797931e+03,2.388587e+01,8.466860e+02,-680.947,856.495
31.35600,5.197953e+02,1.671777e+03,3.011718e+01,7.270540e+02,-635.909,735.584
31.35700,5.262328e+02,1.537363e+03,3.661612e+01,6.006311e+02,-590.513,607.837
31.35800,5.334507e+02,1.396055e+03,4.375639e+01,4.690135e+02,-544.632,474.853
31.35900,5.417622e+02,1.254552e+03,5.189243e+01,3.381525e+02,-498.724,342.593
31.36000,5.508894e+02,1.107315e+03,6.079584e+01,2.031126e+02,-451.917,206.132
31.36100,5.607307e+02,9.566793e+02,7.033287e+01,6.587491e+01,-404.849,67.4569
31.36200,5.713445e+02,8.020227e+02,8.056247e+01,-7.400700e+01,-357.458,-73.8695
31.36300,5.830783e+02,6.438340e+02,9.173993e+01,-2.160448e+02,-309.686,-217.349
31.36400,5.954689e+02,4.813065e+02,1.035895e+02,-3.610459e+02,-261.77,-363.777
31.36500,6.083941e+02,3.198364e+02,1.159017e+02,-5.040953e+02,-213.58,-508.231
31.36600,6.220777e+02,1.557937e+02,1.288938e+02,-6.484574e+02,-165.158,-653.968
31.36700,6.363314e+02,-6.962753e+00,1.423966e+02,-7.906533e+02,-117.06,-797.504
31.36800,6.512635e+02,-1.758138e+02,1.565503e+02,-9.373893e+02,-68.1703,-945.535
31.36900,6.665214e+02,-3.413859e+02,1.709798e+02,-1.080044e+03,-19.5354,-1089.44
31.37000,6.821980e+02,-5.071757e+02,1.858097e+02,-1.221985e+03,29.1293,-1232.57
31.37100,6.979453e+02,-6.702927e+02,2.006583e+02,-1.360315e+03,77.8505,-1372.05
31.37200,7.138067e+02,-8.317167e+02,2.155678e+02,-1.496134e+03,126.24,-1508.96
31.37300,7.296287e+02,-9.923713e+02,2.304739e+02,-1.630479e+03,175.076,-1644.34
31.37400,7.450507e+02,-1.149219e+03,2.450821e+02,-1.760329e+03,223.526,-1775.17
31.37500,7.604400e+02,-1.303251e+03,2.595443e+02,-1.886627e+03,271.749,-1902.39
31.37600,7.742907e+02,-1.447771e+03,2.725467e+02,-2.003411e+03,319.762,-2020.04
31.37700,7.888087e+02,-1.597539e+03,2.862227e+02,-2.123854e+03,367.72,-2141.3
31.37800,8.017880e+02,-1.737227e+03,2.985089e+02,-2.234451e+03,415.357,-2252.64
31.37900,8.139527e+02,-1.872241e+03,3.098870e+02,-2.339935e+03,462.706,-2358.82
31.38000,8.252467e+02,-2.002227e+03,3.204664e+02,-2.439962e+03,509.505,-2459.49
31.38100,8.350920e+02,-2.125691e+03,3.297684e+02,-2.533255e+03,555.711,-2553.36
31.38200,8.436127e+02,-2.242195e+03,3.377717e+02,-2.619546e+03,601.712,-2640.17
31.38300,8.508893e+02,-2.352769e+03,3.446669e+02,-2.699707e+03,646.711,-2720.8
31.38400,8.563107e+02,-2.456119e+03,3.498082e+02,-2.772448e+03,691.612,-2793.95
31.38500,8.606860e+02,-2.556141e+03,3.538475e+02,-2.841675e+03,735.763,-2863.53
31.38600,8.626127e+02,-2.645651e+03,3.556566e+02,-2.900681e+03,779.099,-2922.83
31.38700,8.632947e+02,-2.729269e+03,3.562867e+02,-2.953657e+03,821.498,-2976.04
31.38800,8.615440e+02,-2.802615e+03,3.545240e+02,-2.996861e+03,862.988,-3019.43
31.38900,8.587093e+02,-2.873027e+03,3.518587e+02,-3.036845e+03,904.09,-3059.54
31.39000,8.536373e+02,-2.934699e+03,3.469265e+02,-3.068571e+03,944.422,-3091.35
31.39100,8.474313e+02,-2.992000e+03,3.411432e+02,-3.095705e+03,983.573,-3118.52
31.39200,8.392700e+02,-3.040366e+03,3.332921e+02,-3.114525e+03,1021.56,-3137.34
31.39300,8.295567e+02,-3.084049e+03,3.240028e+02,-3.128565e+03,1058.46,-3151.34
31.39400,8.184767e+02,-3.121883e+03,3.135538e+02,-3.137087e+03,1094.26,-3159.81
31.39500,8.062767e+02,-3.154571e+03,3.018066e+02,-3.140767e+03,1128.8,-3163.41
31.39600,7.933380e+02,-3.182421e+03,2.894277e+02,-3.139604e+03,1161.45,-3162.16
31.39700,7.797900e+02,-3.209637e+03,2.764523e+02,-3.137913e+03,1194.13,-3160.38
31.39800,7.657273e+02,-3.231887e+03,2.628601e+02,-3.131563e+03,1224.95,-3153.94
31.39900,7.511620e+02,-3.252451e+03,2.487376e+02,-3.123611e+03,1254.24,-3145.91
31.40000,7.365260e+02,-3.270501e+03,2.347389e+02,-3.113163e+03,1281.81,-3135.39
31.40100,7.227693e+02,-3.288563e+03,2.212820e+02,-3.102817e+03,1307.92,-3124.99
31.40200,7.084547e+02,-3.304145e+03,2.073672e+02,-3.090241e+03,1332.27,-3112.39
31.40300,6.947693e+02,-3.319875e+03,1.939467e+02,-3.077884e+03,1355.43,-3100.02
31.40400,6.812507e+02,-3.334905e+03,1.807258e+02,-3.064822e+03,1376.94,-3086.97
31.40500,6.691193e+02,-3.351485e+03,1.686491e+02,-3.053557e+03,1397.61,-3075.74
31.40600,6.566965e+02,-3.362647e+03,1.564040e+02,-3.036995e+03,1413.57,-3059.24
31.40700,6.442209e+02,-3.371997e+03,1.440100e+02,-3.018681e+03,1427.71,-3041.01
31.40800,6.331911e+02,-3.384846e+03,1.328872e+02,-3.004068e+03,1442.32,-3026.49
31.40900,6.234554e+02,-3.397012e+03,1.231101e+02,-2.989316e+03,1453.7,-3011.85
31.41000,6.145433e+02,-3.410703e+03,1.141041e+02,-2.975996e+03,1463.6,-2998.68
31.41100,6.064247e+02,-3.422054e+03,1.059409e+02,-2.960864e+03,1470.95,-2983.71
31.41200,5.983906e+02,-3.423153e+03,9.774107e+01,-2.935688e+03,1472.15,-2958.71
31.41300,5.905946e+02,-3.426573e+03,8.973907e+01,-2.913341e+03,1473.77,-2936.53
31.41400,5.840409e+02,-3.432259e+03,8.297733e+01,-2.893562e+03,1475.99,-2916.92
31.41500,5.781735e+02,-3.435399e+03,7.693427e+01,-2.871582e+03,1475.81,-2895.1
31.41600,5.734679e+02,-3.437522e+03,7.195840e+01,-2.849013e+03,1473.27,-2872.68
31.41700,5.688544e+02,-3.437419e+03,6.719700e+01,-2.824632e+03,1468.66,-2848.45
31.41800,5.639503e+02,-3.432339e+03,6.216525e+01,-2.796249e+03,1462.38,-2820.21
31.41900,5.594230e+02,-3.428636e+03,5.755441e+01,-2.769611e+03,1455.42,-2793.7
31.42000,5.555129e+02,-3.423185e+03,5.360002e+01,-2.741550e+03,1446.6,-2765.74
31.42100,5.516610e+02,-3.412227e+03,4.976750e+01,-2.708997e+03,1435.4,-2733.27
31.42200,5.480553e+02,-3.397075e+03,4.606102e+01,-2.672876e+03,1422,-2697.19
31.42300,5.445133e+02,-3.380441e+03,4.269891e+01,-2.635931e+03,1407.35,-2660.26
31.42400,5.412187e+02,-3.359651e+03,3.955078e+01,-2.595720e+03,1390.89,-2620.02
31.42500,5.396791e+02,-3.341150e+03,3.808093e+01,-2.557938e+03,1372.17,-2582.17
31.42600,5.369275e+02,-3.313931e+03,3.564565e+01,-2.512807e+03,1351.74,-2536.93
31.42700,5.343874e+02,-3.283366e+03,3.343315e+01,-2.465144e+03,1330.03,-2489.12
31.42800,5.310976e+02,-3.244405e+03,3.064155e+01,-2.410355e+03,1306.75,-2434.13
31.42900,5.287637e+02,-3.204019e+03,2.873656e+01,-2.354695e+03,1280.7,-2378.23
31.43000,5.269481e+02,-3.159802e+03,2.731102e+01,-2.296344e+03,1253.5,-2319.57
31.43100,5.244101e+02,-3.110249e+03,2.538044e+01,-2.233434e+03,1224.76,-2256.3
31.43200,5.222035e+02,-3.053796e+03,2.372988e+01,-2.165098e+03,1194.21,-2187.53
31.43300,5.199185e+02,-2.993963e+03,2.204548e+01,-2.094217e+03,1162.69,-2116.16
31.43400,5.174047e+02,-2.926111e+03,2.025802e+01,-2.016721e+03,1129.38,-2038.1
31.43500,5.150923e+02,-2.853244e+03,1.866439e+01,-1.935361e+03,1094.66,-1956.11
31.43600,5.130097e+02,-2.775483e+03,1.730635e+01,-1.850324e+03,1059.01,-1870.37
31.43700,5.111463e+02,-2.691376e+03,1.613353e+01,-1.760181e+03,1021.91,-1779.46
31.43800,5.094739e+02,-2.601493e+03,1.518079e+01,-1.665597e+03,983.886,-1684.04
31.43900,5.080327e+02,-2.505165e+03,1.436801e+01,-1.565905e+03,944.756,-1583.45
31.44000,5.070616e+02,-2.402239e+03,1.407227e+01,-1.461054e+03,904.381,-1477.63
31.44100,5.065263e+02,-2.294597e+03,1.423207e+01,-1.352586e+03,863.233,-1368.13
31.44200,5.069348e+02,-2.182989e+03,1.523717e+01,-1.241592e+03,821.272,-1256.06
31.44300,5.071869e+02,-2.058964e+03,1.609067e+01,-1.120079e+03,778.313,-1133.41
31.44400,5.086153e+02,-1.933677e+03,1.803083e+01,-9.982627e+02,734.815,-1010.4
31.44500,5.106965e+02,-1.802811e+03,2.059183e+01,-8.722667e+02,690.575,-883.171
31.44600,5.137613e+02,-1.666273e+03,2.404489e+01,-7.421720e+02,645.65,-751.802
31.44700,5.176535e+02,-1.524995e+03,2.832417e+01,-6.086635e+02,600.418,-616.986
31.44800,5.226163e+02,-1.381422e+03,3.354579e+01,-4.740071e+02,554.405,-480.992
31.44900,5.285262e+02,-1.231645e+03,3.960661e+01,-3.347174e+02,507.982,-340.338
31.45000,5.355091e+02,-1.077168e+03,4.665802e+01,-1.921965e+02,461.039,-196.435
31.45100,5.435052e+02,-9.167533e+02,5.469604e+01,-4.529604e+01,413.534,-48.1479
31.45200,5.524755e+02,-7.578507e+02,6.360861e+01,9.933307e+01,366.056,97.8706
31.45300,5.625222e+02,-5.953749e+02,7.345373e+01,2.459654e+02,318.096,245.893
31.45400,5.735155e+02,-4.316871e+02,8.424627e+01,3.929331e+02,269.898,394.246
31.45500,5.854789e+02,-2.635037e+02,9.590260e+01,5.426837e+02,221.25,545.367
31.45600,5.982788e+02,-9.540900e+01,1.082988e+02,6.913707e+02,172.442,695.405
31.45700,6.118762e+02,7.328127e+01,1.214171e+02,8.396060e+02,123.713,844.968
31.45800,6.261853e+02,2.418191e+02,1.351400e+02,9.867047e+02,74.5421,993.367
31.45900,6.411303e+02,4.120133e+02,1.494990e+02,1.134185e+03,25.4341,1142.12
31.46000,6.566109e+02,5.805102e+02,1.643536e+02,1.279119e+03,-23.6937,1288.28
31.46100,6.721580e+02,7.456547e+02,1.792366e+02,1.419973e+03,-72.713,1430.33
31.46200,6.884493e+02,9.130847e+02,1.948180e+02,1.561808e+03,-122.071,1573.32
31.46300,7.045687e+02,1.075493e+03,2.101976e+02,1.698129e+03,-170.87,1710.75
31.46400,7.206020e+02,1.234916e+03,2.255050e+02,1.830813e+03,-219.627,1844.49
31.46500,7.369100e+02,1.395709e+03,2.410937e+02,1.963795e+03,-268.799,1978.49
31.46600,7.528460e+02,1.549567e+03,2.562180e+02,2.089253e+03,-316.977,2104.91
31.46700,7.683373e+02,1.701146e+03,2.710540e+02,2.212023e+03,-365.451,2228.59
31.46800,7.833100e+02,1.848108e+03,2.853360e+02,2.329564e+03,-413.499,2346.99
31.46900,7.977267e+02,1.990738e+03,2.990503e+02,2.442240e+03,-461.083,2460.46
31.47000,8.114373e+02,2.128124e+03,3.121305e+02,2.549331e+03,-508.124,2568.3
31.47100,8.230147e+02,2.255592e+03,3.232403e+02,2.646696e+03,-554.611,2666.35
31.47200,8.345627e+02,2.384333e+03,3.342133e+02,2.744278e+03,-601.191,2764.57
31.47300,8.446273e+02,2.503864e+03,3.438308e+02,2.832659e+03,-646.661,2853.51
31.47400,8.533500e+02,2.616693e+03,3.521445e+02,2.914365e+03,-691.628,2935.72
31.47500,8.605493e+02,2.725391e+03,3.590099e+02,2.991633e+03,-736.014,3013.43
31.47600,8.663973e+02,2.825335e+03,3.646069e+02,3.060205e+03,-779.143,3082.38
31.47700,8.701020e+02,2.920435e+03,3.681946e+02,3.123727e+03,-821.995,3146.22
31.47800,8.733133e+02,3.011192e+03,3.712881e+02,3.182884e+03,-864.256,3205.63
31.47900,8.742300e+02,3.092196e+03,3.720879e+02,3.232453e+03,-905.465,3255.38
31.48000,8.732967e+02,3.164327e+03,3.712201e+02,3.273399e+03,-945.04,3296.46
31.48100,8.707113e+02,3.232135e+03,3.687535e+02,3.310164e+03,-984.109,3333.3
31.48200,8.659520e+02,3.290823e+03,3.641885e+02,3.338204e+03,-1022.19,3361.36
31.48300,8.603807e+02,3.346685e+03,3.589107e+02,3.363228e+03,-1059.33,3386.36
31.48400,8.526833e+02,3.393421e+03,3.515165e+02,3.379719e+03,-1095.18,3402.78
31.48500,8.430427e+02,3.434131e+03,3.422245e+02,3.390285e+03,-1129.72,3413.24
31.48600,8.321940e+02,3.469419e+03,3.318739e+02,3.395691e+03,-1163.02,3418.51
31.48700,8.200620e+02,3.497861e+03,3.200275e+02,3.394765e+03,-1195.01,3417.42
31.48800,8.067780e+02,3.523730e+03,3.070966e+02,3.391415e+03,-1226.78,3413.89
31.48900,7.922293e+02,3.541287e+03,2.930064e+02,3.380275e+03,-1255.76,3402.55
31.49000,7.762127e+02,3.553921e+03,2.775061e+02,3.364617e+03,-1283.66,3386.69
31.49100,7.605020e+02,3.566747e+03,2.621447e+02,3.349129e+03,-1310.68,3370.99
31.49200,7.443613e+02,3.576885e+03,2.464222e+02,3.331358e+03,-1335.88,3353.02
31.49300,7.284527e+02,3.582231e+03,2.307861e+02,3.308993e+03,-1358.81,3330.47
31.49400,7.119747e+02,3.586249e+03,2.145584e+02,3.285837e+03,-1381.19,3307.14
31.49500,6.958993e+02,3.589149e+03,1.986935e+02,3.261469e+03,-1401.26,3282.61
31.49600,6.801593e+02,3.590780e+03,1.831075e+02,3.236337e+03,-1420.76,3257.34
31.49700,6.636329e+02,3.587445e+03,1.667377e+02,3.206306e+03,-1436.09,3227.2
31.49800,6.479098e+02,3.584623e+03,1.511255e+02,3.177222e+03,-1450.48,3198.02
31.49900,6.330187e+02,3.580703e+03,1.362650e+02,3.147208e+03,-1463.85,3167.93
31.50000,6.193362e+02,3.576164e+03,1.225125e+02,3.117285e+03,-1474.16,3137.96
31.50100,6.059321e+02,3.572019e+03,1.092061e+02,3.087801e+03,-1483.1,3108.47
31.50200,5.942910e+02,3.565147e+03,9.747247e+01,3.056117e+03,-1488.44,3076.81
31.50300,5.817570e+02,3.551797e+03,8.493173e+01,3.018166e+03,-1489.98,3038.89
31.50400,5.706201e+02,3.539311e+03,7.367867e+01,2.981659e+03,-1491.63,3002.41
31.50500,5.599962e+02,3.528237e+03,6.297723e+01,2.946689e+03,-1492.97,2967.49
31.50600,5.505325e+02,3.517243e+03,5.343617e+01,2.912495e+03,-1493.62,2933.35
31.50700,5.418423e+02,3.501760e+03,4.470163e+01,2.874137e+03,-1489.65,2895.06
31.50800,5.333711e+02,3.482467e+03,3.614447e+01,2.832824e+03,-1483.77,2853.82
31.50900,5.259054e+02,3.468013e+03,2.871063e+01,2.796341e+03,-1478.15,2817.42
31.51000,5.195111e+02,3.453307e+03,2.233491e+01,2.760215e+03,-1470.83,2781.38
31.51100,5.131335e+02,3.433715e+03,1.598726e+01,2.719827e+03,-1460.88,2741.06
31.51200,5.074881e+02,3.411055e+03,1.033389e+01,2.677169e+03,-1449.46,2698.47
31.51300,5.023497e+02,3.388805e+03,5.248289e+00,2.635369e+03,-1437.18,2656.73
31.51400,4.978857e+02,3.361007e+03,9.175820e-01,2.588838e+03,-1421.44,2610.25
31.51500,4.936662e+02,3.331604e+03,-3.104978e+00,2.541414e+03,-1404.64,2562.85
31.51600,4.903890e+02,3.302869e+03,-6.142531e+00,2.495038e+03,-1386.78,2516.48
31.51700,4.872923e+02,3.269583e+03,-8.976267e+00,2.445039e+03,-1366.87,2466.46
31.51800,4.860800e+02,3.238263e+03,-1.006958e+01,2.397552e+03,-1345.31,2418.91
31.51900,4.842051e+02,3.201787e+03,-1.163169e+01,2.345764e+03,-1322.37,2367.03
31.52000,4.830787e+02,3.160269e+03,-1.246781e+01,2.289712e+03,-1296.79,2310.85
31.52100,4.817172e+02,3.110699e+03,-1.342108e+01,2.227053e+03,-1269.85,2248.04
31.52200,4.811142e+02,3.064485e+03,-1.363055e+01,2.167985e+03,-1242.01,2188.76
31.52300,4.808559e+02,3.010954e+03,-1.353457e+01,2.102897e+03,-1212.28,2123.41
31.52400,4.809721e+02,2.954613e+03,-1.302326e+01,2.035937e+03,-1181.06,2056.13
31.52500,4.812863e+02,2.895005e+03,-1.223670e+01,1.966551e+03,-1148.77,1986.37
31.52600,4.821288e+02,2.831087e+03,-1.096087e+01,1.894114e+03,-1115.2,1913.48
31.52700,4.831841e+02,2.761001e+03,-9.477060e+00,1.816602e+03,-1079.89,1835.45
31.52800,4.844447e+02,2.686880e+03,-7.775647e+00,1.736110e+03,-1043.65,1754.37
31.52900,4.861079e+02,2.607251e+03,-5.732334e+00,1.651360e+03,-1006.23,1668.95
31.53000,4.881029e+02,2.522960e+03,-3.329866e+00,1.563271e+03,-967.927,1580.12
31.53100,4.904337e+02,2.432993e+03,-6.167361e-01,1.470613e+03,-928.389,1486.64
31.53200,4.931895e+02,2.336760e+03,2.460367e+00,1.373097e+03,-887.644,1388.22
31.53300,4.964337e+02,2.235985e+03,6.010449e+00,1.272317e+03,-846.315,1286.47
31.53400,5.001545e+02,2.128663e+03,9.987947e+00,1.166343e+03,-803.905,1179.45
31.53500,5.041081e+02,2.015393e+03,1.421105e+01,1.055795e+03,-760.964,1067.79
31.53600,5.090546e+02,1.898648e+03,1.928334e+01,9.430247e+02,-717.085,953.846
31.53700,5.145375e+02,1.774786e+03,2.488135e+01,8.246820e+02,-672.743,834.268
31.53800,5.209384e+02,1.648085e+03,3.124949e+01,7.046520e+02,-627.619,712.952
31.53900,5.274903e+02,1.512013e+03,3.783795e+01,5.769756e+02,-582.287,583.944
31.54000,5.348377e+02,1.369951e+03,4.510571e+01,4.447941e+02,-536.301,450.39
31.54100,5.433254e+02,1.227282e+03,5.339023e+01,3.130568e+02,-490.071,317.25
31.54200,5.525944e+02,1.079406e+03,6.242693e+01,1.775796e+02,-443.311,180.349
31.54300,5.625371e+02,9.279333e+02,7.207713e+01,3.975317e+01,-396.091,41.0844
31.54400,5.733416e+02,7.730560e+02,8.246887e+01,-1.001137e+02,-348.788,-100.227
31.54500,5.852200e+02,6.145786e+02,9.377260e+01,-2.422057e+02,-300.969,-243.758
31.54600,5.977260e+02,4.513105e+02,1.057210e+02,-3.877075e+02,-252.861,-390.681
31.54700,6.108595e+02,2.896113e+02,1.182473e+02,-5.307987e+02,-204.764,-535.171
31.54800,6.245883e+02,1.252234e+02,1.312497e+02,-6.752440e+02,-156.313,-680.985
31.54900,6.389999e+02,-3.939314e+01,1.449226e+02,-8.189873e+02,-107.916,-826.06
31.55000,6.539609e+02,-2.065363e+02,1.590847e+02,-9.639760e+02,-59.28,-972.334
31.55100,6.693480e+02,-3.726913e+02,1.736461e+02,-1.106969e+03,-10.5882,-1116.56
31.55200,6.850147e+02,-5.375165e+02,1.884738e+02,-1.247799e+03,37.9687,-1258.58
31.55300,7.007840e+02,-6.997547e+02,2.033243e+02,-1.385195e+03,86.7333,-1397.11
31.55400,7.166627e+02,-8.622560e+02,2.182359e+02,-1.521847e+03,135.337,-1534.85
31.55500,7.323207e+02,-1.020831e+03,2.330011e+02,-1.654093e+03,183.891,-1668.12
31.55600,7.476560e+02,-1.176619e+03,2.475245e+02,-1.782785e+03,232.111,-1797.78
31.55700,7.629067e+02,-1.330515e+03,2.618361e+02,-1.908803e+03,280.564,-1924.71
31.55800,7.768713e+02,-1.475254e+03,2.749399e+02,-2.025568e+03,328.589,-2042.33
31.55900,7.911300e+02,-1.623403e+03,2.883977e+02,-2.144369e+03,376.397,-2161.93
31.56000,8.039253e+02,-1.762223e+03,3.005197e+02,-2.254069e+03,424.073,-2272.37
31.56100,8.159420e+02,-1.896076e+03,3.117189e+02,-2.358347e+03,471.204,-2377.33
31.56200,8.270480e+02,-2.025233e+03,3.221400e+02,-2.457471e+03,518.012,-2477.08
31.56300,8.366040e+02,-2.146972e+03,3.311806e+02,-2.549062e+03,563.968,-2569.25
31.56400,8.449067e+02,-2.263079e+03,3.389897e+02,-2.634824e+03,610.095,-2655.52
31.56500,8.519213e+02,-2.372755e+03,3.456040e+02,-2.714019e+03,655.061,-2735.17
31.56600,8.573180e+02,-2.476411e+03,3.506955e+02,-2.787015e+03,700.163,-2808.57
31.56700,8.609620e+02,-2.572505e+03,3.540955e+02,-2.852529e+03,743.769,-2874.43
31.56800,8.625093e+02,-2.660079e+03,3.555343e+02,-2.909579e+03,786.857,-2931.76
31.56900,8.629827e+02,-2.742741e+03,3.559721e+02,-2.961596e+03,829.135,-2984
31.57000,8.609907e+02,-2.815811e+03,3.540049e+02,-3.004507e+03,870.608,-3027.09
31.57100,8.578073e+02,-2.884895e+03,3.509395e+02,-3.043149e+03,911.594,-3065.85
31.57200,8.523747e+02,-2.944663e+03,3.457773e+02,-3.073047e+03,951.584,-3095.82
31.57300,8.459047e+02,-3.000106e+03,3.396861e+02,-3.098488e+03,990.454,-3121.29
31.57400,8.374220e+02,-3.047551e+03,3.315377e+02,-3.116370e+03,1028.39,-3139.17
31.57500,8.275747e+02,-3.090873e+03,3.221430e+02,-3.130023e+03,1065.12,-3152.78
31.57600,8.162767e+02,-3.127818e+03,3.114137e+02,-3.137692e+03,1100.66,-3160.39
31.57700,8.038427e+02,-3.159415e+03,2.994507e+02,-3.140320e+03,1134.97,-3162.94
31.57800,7.908753e+02,-3.187793e+03,2.871047e+02,-3.139594e+03,1167.61,-3162.13
31.57900,7.770720e+02,-3.212983e+03,2.738591e+02,-3.136079e+03,1199.76,-3158.52
31.58000,7.629787e+02,-3.235131e+03,2.602528e+02,-3.129609e+03,1230.33,-3151.96
31.58100,7.484373e+02,-3.256084e+03,2.460571e+02,-3.121997e+03,1259.81,-3144.27
31.58200,7.339193e+02,-3.274173e+03,2.322155e+02,-3.111601e+03,1286.92,-3133.81
31.58300,7.199607e+02,-3.290897e+03,2.185573e+02,-3.099977e+03,1312.39,-3122.14
31.58400,7.056880e+02,-3.305309e+03,2.046472e+02,-3.086435e+03,1336.48,-3108.57
31.58500,6.921073e+02,-3.321973e+03,1.913715e+02,-3.074902e+03,1359.4,-3097.03
31.58600,6.789140e+02,-3.337633e+03,1.784181e+02,-3.062433e+03,1380.97,-3084.58
31.58700,6.666617e+02,-3.353250e+03,1.662277e+02,-3.050310e+03,1400.7,-3072.5
31.58800,6.542660e+02,-3.363981e+03,1.539685e+02,-3.033264e+03,1416.34,-3055.51
31.58900,6.423661e+02,-3.374061e+03,1.421446e+02,-3.015741e+03,1430.2,-3038.08
31.59000,6.311925e+02,-3.386633e+03,1.308855e+02,-3.000889e+03,1444.34,-3023.32
31.59100,6.217801e+02,-3.399917e+03,1.214013e+02,-2.987235e+03,1456.11,-3009.79
31.59200,6.129667e+02,-3.412214e+03,1.124551e+02,-2.972713e+03,1465,-2995.42
31.59300,6.050519e+02,-3.421101e+03,1.045209e+02,-2.955252e+03,1470.8,-2978.13
31.59400,5.966835e+02,-3.422587e+03,9.600493e+01,-2.930443e+03,1471.89,-2953.49
31.59500,5.893928e+02,-3.428214e+03,8.847433e+01,-2.910176e+03,1474.53,-2933.39
31.59600,5.828537e+02,-3.432571e+03,8.172907e+01,-2.889261e+03,1475.95,-2912.64
31.59700,5.771791e+02,-3.436597e+03,7.587140e+01,-2.868157e+03,1475.84,-2891.69
31.59800,5.727547e+02,-3.438522e+03,7.117573e+01,-2.845549e+03,1472.89,-2869.24
31.59900,5.678869e+02,-3.436400e+03,6.617073e+01,-2.819325e+03,1467.64,-2843.16
31.60000,5.630658e+02,-3.432770e+03,6.127409e+01,-2.792434e+03,1461.63,-2816.41
31.60100,5.586280e+02,-3.427637e+03,5.673743e+01,-2.764448e+03,1453.93,-2788.55
31.60200,5.547421e+02,-3.421192e+03,5.281820e+01,-2.735563e+03,1444.71,-2759.76
31.60300,5.510817e+02,-3.409858e+03,4.914778e+01,-2.702728e+03,1433.07,-2727
31.60400,5.474993e+02,-3.394460e+03,4.551143e+01,-2.666493e+03,1419.38,-2690.81
31.60500,5.440274e+02,-3.377774e+03,4.219776e+01,-2.629527e+03,1404.49,-2653.85
31.60600,5.406598e+02,-3.355414e+03,3.902589e+01,-2.587975e+03,1387.63,-2612.26
31.60700,5.395189e+02,-3.338204e+03,3.797945e+01,-2.551533e+03,1368.65,-2575.74
31.60800,5.364626e+02,-3.308098e+03,3.523646e+01,-2.503796e+03,1347.69,-2527.89
31.60900,5.340333e+02,-3.277873e+03,3.312409e+01,-2.456511e+03,1325.87,-2480.44
31.61000,5.306294e+02,-3.237127e+03,3.025288e+01,-2.400204e+03,1302.01,-2423.93
31.61100,5.283978e+02,-3.195985e+03,2.842107e+01,-2.344015e+03,1275.79,-2367.49
31.61200,5.264624e+02,-3.151643e+03,2.693537e+01,-2.285607e+03,1248.44,-2308.77
31.61300,5.240338e+02,-3.100416e+03,2.506884e+01,-2.221315e+03,1219.26,-2244.1
31.61400,5.217685e+02,-3.043943e+03,2.339801e+01,-2.153016e+03,1188.65,-2175.36
31.61500,5.195450e+02,-2.982363e+03,2.178557e+01,-2.080759e+03,1156.66,-2102.6
31.61600,5.170126e+02,-2.913139e+03,1.995519e+01,-2.002074e+03,1122.94,-2023.34
31.61700,5.146472e+02,-2.839521e+03,1.834505e+01,-1.920233e+03,1088.4,-1940.85
31.61800,5.127064e+02,-2.760589e+03,1.710573e+01,-1.834246e+03,1052.3,-1854.16
31.61900,5.108315e+02,-2.675824e+03,1.593945e+01,-1.743539e+03,1015.12,-1762.67
31.62000,5.090767e+02,-2.584039e+03,1.491265e+01,-1.647424e+03,976.714,-1665.71
31.62100,5.078803e+02,-2.486929e+03,1.431351e+01,-1.547194e+03,937.415,-1564.56
31.62200,5.068259e+02,-2.382714e+03,1.396822e+01,-1.441293e+03,897.013,-1457.68
31.62300,5.064717e+02,-2.274495e+03,1.429475e+01,-1.332492e+03,855.695,-1347.85
31.62400,5.067533e+02,-2.159663e+03,1.515993e+01,-1.218685e+03,813.483,-1232.95
31.62500,5.072953e+02,-2.036127e+03,1.628659e+01,-1.097711e+03,770.299,-1110.83
31.62600,5.088683e+02,-1.909634e+03,1.837909e+01,-9.750300e+02,726.792,-986.949
31.62700,5.111015e+02,-1.777911e+03,2.106038e+01,-8.484113e+02,682.4,-859.089
31.62800,5.143182e+02,-1.640645e+03,2.465327e+01,-7.178493e+02,637.507,-727.248
31.62900,5.183661e+02,-1.498079e+03,2.910967e+01,-5.833627e+02,592.127,-591.45
31.63000,5.235699e+02,-1.353899e+03,3.450461e+01,-4.483348e+02,545.946,-455.079
31.63100,5.296185e+02,-1.203861e+03,4.071884e+01,-3.089923e+02,499.588,-314.369
31.63200,5.368433e+02,-1.048075e+03,4.798484e+01,-1.654600e+02,452.39,-169.455
31.63300,5.449597e+02,-8.877800e+02,5.613904e+01,-1.878887e+01,404.934,-21.3982
31.63400,5.540791e+02,-7.274860e+02,6.518965e+01,1.268317e+02,357.258,125.611
31.63500,5.643779e+02,-5.646066e+02,7.528180e+01,2.736864e+02,309.168,273.854
31.63600,5.755795e+02,-4.003711e+02,8.623120e+01,4.208836e+02,261.033,422.433
31.63700,5.876869e+02,-2.322125e+02,9.803100e+01,5.705011e+02,212.364,573.417
31.63800,6.006448e+02,-6.372651e+01,1.105579e+02,7.192853e+02,163.511,723.547
31.63900,6.143704e+02,1.049347e+02,1.237971e+02,8.673527e+02,114.772,872.936
31.64000,6.288415e+02,2.729697e+02,1.376677e+02,1.013739e+03,65.6245,1020.62
31.64100,6.439020e+02,4.437987e+02,1.521519e+02,1.161663e+03,16.504,1169.8
31.64200,6.592528e+02,6.108021e+02,1.668713e+02,1.305017e+03,-32.5591,1314.38
31.64300,6.751353e+02,7.781013e+02,1.820740e+02,1.447643e+03,-81.9787,1458.19
31.64400,6.914987e+02,9.450840e+02,1.977025e+02,1.588878e+03,-131.171,1600.57
31.64500,7.072427e+02,1.104338e+03,2.127556e+02,1.722202e+03,-179.641,1735
31.64600,7.234400e+02,1.263715e+03,2.281963e+02,1.854651e+03,-228.523,1868.5
31.64700,7.397820e+02,1.424659e+03,2.437820e+02,1.987513e+03,-277.696,2002.36
31.64800,7.555633e+02,1.577545e+03,2.588129e+02,2.111996e+03,-325.812,2127.8
31.64900,7.709673e+02,1.728369e+03,2.735315e+02,2.233852e+03,-374.226,2250.56
31.65000,7.857793e+02,1.874385e+03,2.876723e+02,2.350382e+03,-422.218,2367.93
31.65100,8.000107e+02,2.015837e+03,3.012421e+02,2.461849e+03,-469.755,2480.19
31.65200,8.135067e+02,2.151960e+03,3.140854e+02,2.567579e+03,-516.634,2586.65
31.65300,8.258080e+02,2.282809e+03,3.258564e+02,2.667913e+03,-563.479,2687.67
31.65400,8.368800e+02,2.409419e+03,3.364278e+02,2.763429e+03,-609.933,2783.8
31.65500,8.465020e+02,2.526235e+03,3.456029e+02,2.849205e+03,-655.1,2870.13
31.65600,8.549633e+02,2.637757e+03,3.536875e+02,2.929694e+03,-699.76,2951.12
31.65700,8.618653e+02,2.745196e+03,3.602970e+02,3.005592e+03,-744.1,3027.45
31.65800,8.672707e+02,2.842967e+03,3.654667e+02,3.072040e+03,-786.911,3094.26
31.65900,8.706733e+02,2.936303e+03,3.687249e+02,3.133866e+03,-829.415,3156.39
31.66000,8.736813e+02,3.026994e+03,3.715918e+02,3.192861e+03,-871.983,3215.63
31.66100,8.742093e+02,3.106317e+03,3.721091e+02,3.240755e+03,-912.702,3263.7
31.66200,8.730480e+02,3.177553e+03,3.709883e+02,3.280953e+03,-952.418,3304.02
31.66300,8.701833e+02,3.244207e+03,3.682461e+02,3.316470e+03,-991.174,3339.6
31.66400,8.650780e+02,3.302167e+03,3.633468e+02,3.343736e+03,-1029.15,3366.88
31.66500,8.591527e+02,3.356454e+03,3.577035e+02,3.367300e+03,-1066.07,3390.41
31.66600,8.511187e+02,3.402036e+03,3.499405e+02,3.382623e+03,-1101.65,3405.66
31.66700,8.410867e+02,3.440917e+03,3.404063e+02,3.391533e+03,-1135.81,3414.45
31.66800,8.301467e+02,3.475200e+03,3.298697e+02,3.395951e+03,-1168.89,3418.73
31.66900,8.178013e+02,3.503617e+03,3.178316e+02,3.395057e+03,-1201.09,3417.67
31.67000,8.037000e+02,3.525485e+03,3.041627e+02,3.388056e+03,-1232,3410.48
31.67100,7.890027e+02,3.543256e+03,2.899001e+02,3.377025e+03,-1260.91,3399.25
31.67200,7.735533e+02,3.557300e+03,2.748969e+02,3.362723e+03,-1288.73,3384.74
31.67300,7.575300e+02,3.569121e+03,2.592235e+02,3.346251e+03,-1315.48,3368.06
31.67400,7.414060e+02,3.578069e+03,2.435294e+02,3.327393e+03,-1340.13,3349.01
31.67500,7.254133e+02,3.582915e+03,2.277999e+02,3.304586e+03,-1362.97,3326.01
31.67600,7.091347e+02,3.587023e+03,2.117205e+02,3.281620e+03,-1385.11,3302.88
31.67700,6.927267e+02,3.589733e+03,1.955950e+02,3.257032e+03,-1405.2,3278.13
31.67800,6.772507e+02,3.589983e+03,1.802029e+02,3.230615e+03,-1423.48,3251.58
31.67900,6.607082e+02,3.587266e+03,1.638103e+02,3.201217e+03,-1438.83,3222.08
31.68000,6.451597e+02,3.582964e+03,1.484161e+02,3.170775e+03,-1452.75,3191.55
31.68100,6.305746e+02,3.579653e+03,1.337907e+02,3.141454e+03,-1465.86,3162.15
31.68200,6.168977e+02,3.575479e+03,1.200995e+02,3.111844e+03,-1475.82,3132.51
31.68300,6.039357e+02,3.571260e+03,1.071694e+02,3.082451e+03,-1484.29,3103.11
31.68400,5.916851e+02,3.562051e+03,9.486127e+01,3.048501e+03,-1488.52,3069.18
31.68500,5.794301e+02,3.548182e+03,8.262413e+01,3.010025e+03,-1489.72,3030.74
31.68600,5.685334e+02,3.537882e+03,7.155920e+01,2.975729e+03,-1492.22,2996.48
31.68700,5.580629e+02,3.525385e+03,6.097837e+01,2.939599e+03,-1493.19,2960.4
31.68800,5.487517e+02,3.514355e+03,5.166653e+01,2.905362e+03,-1493.17,2926.22
31.68900,5.400423e+02,3.497549e+03,4.288344e+01,2.865820e+03,-1488.54,2886.74
31.69000,5.318933e+02,3.479477e+03,3.469873e+01,2.825727e+03,-1482.71,2846.73
31.69100,5.246697e+02,3.465402e+03,2.746762e+01,2.789735e+03,-1476.91,2810.82
31.69200,5.181847e+02,3.449674e+03,2.100243e+01,2.752689e+03,-1469.21,2773.85
31.69300,5.119842e+02,3.428959e+03,1.485669e+01,2.711409e+03,-1458.78,2732.65
31.69400,5.065071e+02,3.406504e+03,9.318980e+00,2.669011e+03,-1447.07,2690.32
31.69500,5.015021e+02,3.384425e+03,4.446335e+00,2.627515e+03,-1434.69,2648.88
31.69600,4.969863e+02,3.355548e+03,1.215362e-02,2.580026e+03,-1418.47,2601.43
31.69700,4.930489e+02,3.326122e+03,-3.665373e+00,2.532664e+03,-1401.52,2554.09
31.69800,4.897409e+02,3.296298e+03,-6.774500e+00,2.485345e+03,-1382.93,2506.78
31.69900,4.867151e+02,3.262389e+03,-9.529493e+00,2.434897e+03,-1362.77,2456.3
31.70000,4.853071e+02,3.230363e+03,-1.076509e+01,2.386816e+03,-1341.16,2408.16
31.70100,4.840321e+02,3.194195e+03,-1.180371e+01,2.335491e+03,-1317.75,2356.74
31.70200,4.827370e+02,3.151725e+03,-1.276180e+01,2.278635e+03,-1291.98,2299.75
31.70300,4.815429e+02,3.102514e+03,-1.357589e+01,2.216349e+03,-1264.75,2237.29
31.70400,4.810595e+02,3.054874e+03,-1.363909e+01,2.156224e+03,-1236.65,2176.95
31.70500,4.808529e+02,3.000448e+03,-1.347489e+01,2.090480e+03,-1206.66,2110.94
31.70600,4.810193e+02,2.943531e+03,-1.291419e+01,2.023027e+03,-1175.11,2043.16
31.70700,4.813491e+02,2.883701e+03,-1.209743e+01,1.953615e+03,-1142.84,1973.35
31.70800,4.822044e+02,2.818100e+03,-1.080502e+01,1.879685e+03,-1108.77,1898.96
31.70900,4.833529e+02,2.747567e+03,-9.254447e+00,1.801873e+03,-1073.2,1820.62
31.71000,4.846145e+02,2.672653e+03,-7.549960e+00,1.720805e+03,-1037.03,1738.94
31.71100,4.864105e+02,2.591331e+03,-5.382221e+00,1.634667e+03,-998.974,1652.13
31.71200,4.884727e+02,2.506719e+03,-2.901163e+00,1.546450e+03,-960.748,1563.15
31.71300,4.908662e+02,2.415062e+03,-1.385817e-01,1.452391e+03,-920.743,1468.26
31.71400,4.936885e+02,2.318253e+03,2.997035e+00,1.354491e+03,-880.047,1369.45
31.71500,4.970609e+02,2.216745e+03,6.673800e+00,1.253233e+03,-838.718,1267.21
31.71600,5.007566e+02,2.108099e+03,1.064181e+01,1.146163e+03,-796.133,1159.08
31.71700,5.049147e+02,1.994141e+03,1.503822e+01,1.035205e+03,-752.982,1047
31.71800,5.099249e+02,1.875835e+03,2.016318e+01,9.211480e+02,-709.012,931.754
31.71900,5.156018e+02,1.751718e+03,2.591495e+01,8.027720e+02,-664.546,812.134
31.72000,5.221327e+02,1.624259e+03,3.243171e+01,6.821713e+02,-619.277,690.239
31.72100,5.286183e+02,1.485092e+03,3.895450e+01,5.518598e+02,-573.947,558.589
31.72200,5.362921e+02,1.343977e+03,4.649552e+01,4.207275e+02,-527.915,426.079
31.72300,5.448949e+02,1.200112e+03,5.491753e+01,2.880721e+02,-481.462,292.018
31.72400,5.543291e+02,1.051364e+03,6.409317e+01,1.519998e+02,-434.56,154.52
31.72500,5.643735e+02,8.991620e+02,7.384920e+01,1.365403e+01,-387.404,14.7347
31.72600,5.754279e+02,7.428673e+02,8.442953e+01,-1.272633e+02,-340.045,-127.625
31.72700,5.874114e+02,5.841345e+02,9.585293e+01,-2.694177e+02,-292.183,-271.217
31.72800,6.000110e+02,4.211857e+02,1.078786e+02,-4.144641e+02,-244.08,-417.68
31.72900,6.133256e+02,2.595939e+02,1.205653e+02,-5.572815e+02,-195.942,-561.891
31.73000,6.271327e+02,9.483540e+01,1.336376e+02,-7.018473e+02,-147.584,-707.817
31.73100,6.416947e+02,-7.124733e+01,1.474432e+02,-8.467827e+02,-98.9432,-854.077
31.73200,6.567185e+02,-2.374457e+02,1.616487e+02,-9.906627e+02,-50.3025,-999.232
31.73300,6.721673e+02,-4.038581e+02,1.763080e+02,-1.133717e+03,-1.6783,-1143.51
31.73400,6.878620e+02,-5.681371e+02,1.911216e+02,-1.273827e+03,46.8715,-1284.8
31.73500,7.036413e+02,-7.313607e+02,2.060090e+02,-1.411951e+03,95.7894,-1424.05
31.73600,7.195587e+02,-8.924980e+02,2.209483e+02,-1.547225e+03,144.454,-1560.4
31.73700,7.349740e+02,-1.049559e+03,2.355315e+02,-1.677918e+03,192.575,-1692.1
31.73800,7.507160e+02,-1.207169e+03,2.503783e+02,-1.808067e+03,241.186,-1823.21
31.73900,7.651153e+02,-1.355908e+03,2.638815e+02,-1.929219e+03,289.221,-1945.26
31.74000,7.795027e+02,-1.503245e+03,2.774248e+02,-2.048208e+03,337.569,-2065.1
31.74100,7.934753e+02,-1.649569e+03,2.906240e+02,-2.165211e+03,385.14,-2182.89
31.74200,8.060927e+02,-1.787397e+03,3.025595e+02,-2.273831e+03,432.733,-2292.24
31.74300,8.178807e+02,-1.919911e+03,3.135255e+02,-2.376721e+03,479.675,-2395.8
31.74400,8.287820e+02,-2.048301e+03,3.237800e+02,-2.474979e+03,526.615,-2494.68
31.74500,8.381367e+02,-2.169147e+03,3.326039e+02,-2.565676e+03,572.7,-2585.94
31.74600,8.462267e+02,-2.283715e+03,3.402373e+02,-2.649892e+03,618.413,-2670.66
31.74700,8.528127e+02,-2.391159e+03,3.464539e+02,-2.726859e+03,663.203,-2748.07
31.74800,8.582280e+02,-2.495869e+03,3.514699e+02,-2.800709e+03,708.514,-2822.31
31.74900,8.612567e+02,-2.588995e+03,3.543403e+02,-2.863415e+03,751.799,-2885.35
31.75000,8.625920e+02,-2.675547e+03,3.555731e+02,-2.919389e+03,794.776,-2941.6
31.75100,8.625733e+02,-2.755419e+03,3.555423e+02,-2.968868e+03,836.781,-2991.3
31.75200,8.604727e+02,-2.829367e+03,3.535183e+02,-3.012434e+03,878.396,-3035.03
31.75300,8.568213e+02,-2.896198e+03,3.499272e+02,-3.048929e+03,918.994,-3071.63
31.75400,8.512880e+02,-2.955875e+03,3.447239e+02,-3.078624e+03,958.887,-3101.4
31.75500,8.443007e+02,-3.008459e+03,3.381616e+02,-3.101465e+03,997.342,-3124.26
31.75600,8.357380e+02,-3.055985e+03,3.299297e+02,-3.119297e+03,1035.26,-3142.08
31.75700,8.254913e+02,-3.096772e+03,3.201752e+02,-3.130590e+03,1071.32,-3153.33
31.75800,8.139587e+02,-3.133379e+03,3.091986e+02,-3.137955e+03,1106.96,-3160.63
31.75900,8.014867e+02,-3.164581e+03,2.972027e+02,-3.140125e+03,1141.03,-3162.72
31.76000,7.883847e+02,-3.192420e+03,2.847094e+02,-3.138940e+03,1173.59,-3161.45
31.76100,7.744427e+02,-3.216828e+03,2.713062e+02,-3.134669e+03,1205.48,-3157.09
31.76200,7.602920e+02,-3.239202e+03,2.576103e+02,-3.128401e+03,1235.96,-3150.73
31.76300,7.457993e+02,-3.258412e+03,2.435950e+02,-3.119249e+03,1264.74,-3141.5
31.76400,7.313580e+02,-3.277168e+03,2.297352e+02,-3.109397e+03,1291.64,-3131.59
31.76500,7.172367e+02,-3.293679e+03,2.159196e+02,-3.097577e+03,1317.01,-3119.72
31.76600,7.030480e+02,-3.307992e+03,2.020918e+02,-3.083968e+03,1340.82,-3106.09
31.76700,6.895887e+02,-3.324267e+03,1.889720e+02,-3.072097e+03,1363.39,-3094.22
31.76800,6.765927e+02,-3.340291e+03,1.761495e+02,-3.060025e+03,1384.61,-3082.17
31.76900,6.640396e+02,-3.353575e+03,1.637268e+02,-3.045723e+03,1403.55,-3067.91
31.77000,6.517061e+02,-3.365103e+03,1.514329e+02,-3.029261e+03,1418.84,-3051.52
31.77100,6.403763e+02,-3.376204e+03,1.401011e+02,-3.012905e+03,1432.86,-3035.25
31.77200,6.292529e+02,-3.387525e+03,1.289458e+02,-2.996997e+03,1446.21,-3019.44
31.77300,6.201985e+02,-3.402825e+03,1.197985e+02,-2.985195e+03,1458.08,-3007.77
31.77400,6.115204e+02,-3.413778e+03,1.109631e+02,-2.969579e+03,1466.51,-2992.3
31.77500,6.034434e+02,-3.420483e+03,1.028780e+02,-2.949790e+03,1470.67,-2972.69
31.77600,5.952290e+02,-3.422402e+03,9.451993e+01,-2.925549e+03,1471.64,-2948.62
31.77700,5.881600e+02,-3.429368e+03,8.719460e+01,-2.906621e+03,1475.07,-2929.85
31.77800,5.817271e+02,-3.432762e+03,8.055973e+01,-2.884852e+03,1475.84,-2908.25
31.77900,5.763831e+02,-3.436911e+03,7.502540e+01,-2.863881e+03,1475.2,-2887.44
31.78000,5.718785e+02,-3.438181e+03,7.023833e+01,-2.840699e+03,1471.98,-2864.41
31.78100,5.667706e+02,-3.434010e+03,6.502663e+01,-2.812762e+03,1466.24,-2836.62
31.78200,5.623228e+02,-3.433015e+03,6.049691e+01,-2.788393e+03,1460.69,-2812.39
31.78300,5.578126e+02,-3.426025e+03,5.590411e+01,-2.758788e+03,1452.36,-2782.9
31.78400,5.541431e+02,-3.419468e+03,5.220683e+01,-2.729793e+03,1442.64,-2754
31.78500,5.505553e+02,-3.407247e+03,4.855465e+01,-2.696217e+03,1430.56,-2720.49
31.78600,5.469423e+02,-3.391416e+03,4.496234e+01,-2.659680e+03,1416.49,-2683.99
31.78700,5.435679e+02,-3.374595e+03,4.173352e+01,-2.622691e+03,1401.47,-2647
31.78800,5.402847e+02,-3.352035e+03,3.868590e+01,-2.580932e+03,1384.19,-2605.2
31.78900,5.392704e+02,-3.334546e+03,3.773732e+01,-2.544529e+03,1365.17,-2568.71
31.79000,5.359315e+02,-3.301882e+03,3.476711e+01,-2.494422e+03,1343.54,-2518.49
31.79100,5.336535e+02,-3.272017e+03,3.280329e+01,-2.447635e+03,1321.71,-2471.53
31.79200,5.302725e+02,-3.230489e+03,2.994160e+01,-2.390693e+03,1297.31,-2414.37
31.79300,5.279793e+02,-3.188415e+03,2.806562e+01,-2.333756e+03,1271.04,-2357.17
31.79400,5.260629e+02,-3.143127e+03,2.661197e+01,-2.274603e+03,1243.33,-2297.69
31.79500,5.236357e+02,-3.090575e+03,2.475688e+01,-2.209213e+03,1213.71,-2231.91
31.79600,5.213266e+02,-3.033417e+03,2.307625e+01,-2.140378e+03,1182.9,-2162.63
31.79700,5.189973e+02,-2.970273e+03,2.137599e+01,-2.066771e+03,1150.52,-2088.5
31.79800,5.166329e+02,-2.900279e+03,1.968896e+01,-1.987571e+03,1116.63,-2008.72
31.79900,5.142515e+02,-2.825381e+03,1.807337e+01,-1.904718e+03,1081.85,-1925.21
31.80000,5.123240e+02,-2.745645e+03,1.682756e+01,-1.818067e+03,1045.57,-1837.83
31.80100,5.105307e+02,-2.659381e+03,1.577493e+01,-1.726257e+03,1008.18,-1745.23
31.80200,5.088171e+02,-2.566692e+03,1.474283e+01,-1.629373e+03,969.621,-1647.49
31.80300,5.076005e+02,-2.468526e+03,1.415801e+01,-1.528302e+03,930.157,-1545.49
31.80400,5.067163e+02,-2.363074e+03,1.396379e+01,-1.421469e+03,889.503,-1437.67
31.80500,5.065883e+02,-2.254114e+03,1.448843e+01,-1.312175e+03,847.816,-1327.33
31.80600,5.066253e+02,-2.136872e+03,1.514856e+01,-1.196277e+03,805.719,-1210.33
31.80700,5.074216e+02,-2.013031e+03,1.651211e+01,-1.075208e+03,762.375,-1088.11
31.80800,5.091717e+02,-1.885541e+03,1.875183e+01,-9.518153e+02,718.723,-963.514
31.80900,5.115651e+02,-1.752796e+03,2.158575e+01,-8.244487e+02,674.212,-834.9
31.81000,5.148815e+02,-1.614219e+03,2.528533e+01,-6.928247e+02,629.153,-701.991
31.81100,5.191361e+02,-1.471975e+03,2.992366e+01,-5.587971e+02,583.83,-566.648
31.81200,5.245699e+02,-1.326143e+03,3.551249e+01,-4.224816e+02,537.435,-428.986
31.81300,5.307859e+02,-1.174935e+03,4.188281e+01,-2.822655e+02,491.062,-287.4
31.81400,5.381581e+02,-1.018188e+03,4.930915e+01,-1.380299e+02,443.729,-141.782
31.81500,5.465285e+02,-8.580447e+02,5.768675e+01,8.296880e+00,396.333,5.92947
31.81600,5.558227e+02,-6.974787e+02,6.686440e+01,1.539466e+02,348.597,152.967
31.81700,5.662669e+02,-5.344103e+02,7.712973e+01,3.008581e+02,300.511,301.265
31.81800,5.776562e+02,-3.681125e+02,8.825147e+01,4.496912e+02,252.046,451.476
31.81900,5.899231e+02,-2.008234e+02,1.001887e+02,5.983447e+02,203.43,601.492
31.82000,6.030491e+02,-3.212147e+01,1.128632e+02,7.471740e+02,154.595,751.662
31.82100,6.169257e+02,1.362802e+02,1.262097e+02,8.947193e+02,105.832,900.524
31.82200,6.315171e+02,3.057193e+02,1.402175e+02,1.042230e+03,56.4819,1049.32
31.82300,6.465459e+02,4.745808e+02,1.546827e+02,1.188155e+03,7.5638,1196.5
31.82400,6.619919e+02,6.415207e+02,1.694678e+02,1.331262e+03,-41.5188,1340.83
31.82500,6.780933e+02,8.097673e+02,1.848877e+02,1.474573e+03,-91.0261,1485.31
31.82600,6.944687e+02,9.760700e+02,2.005319e+02,1.615023e+03,-140.127,1626.9
31.82700,7.101520e+02,1.134638e+03,2.155233e+02,1.747543e+03,-188.698,1760.51
31.82800,7.263573e+02,1.292743e+03,2.309631e+02,1.878627e+03,-237.26,1892.64
31.82900,7.425933e+02,1.453407e+03,2.464439e+02,2.011049e+03,-286.583,2026.06
31.83000,7.583087e+02,1.605960e+03,2.614292e+02,2.135158e+03,-334.851,2151.11
31.83100,7.735973e+02,1.755741e+03,2.760351e+02,2.255819e+03,-383.138,2272.66
31.83200,7.882907e+02,1.900877e+03,2.900374e+02,2.371409e+03,-431.147,2389.08
31.83300,8.023547e+02,2.041075e+03,3.034677e+02,2.481564e+03,-478.347,2500.02
31.83400,8.156280e+02,2.176089e+03,3.160886e+02,2.586111e+03,-525.206,2605.29
31.83500,8.277113e+02,2.306056e+03,3.277071e+02,2.685515e+03,-571.898,2705.36
31.83600,8.392440e+02,2.433671e+03,3.386825e+02,2.781810e+03,-618.464,2802.26
31.83700,8.482267e+02,2.546789e+03,3.472300e+02,2.864010e+03,-663.185,2885.01
31.83800,8.564207e+02,2.658313e+03,3.550711e+02,2.944419e+03,-707.907,2965.91
31.83900,8.631087e+02,2.764404e+03,3.614540e+02,3.018960e+03,-751.98,3040.87
31.84000,8.682520e+02,2.862114e+03,3.664167e+02,3.085232e+03,-794.954,3107.5
31.84100,8.714253e+02,2.953640e+03,3.694521e+02,3.145419e+03,-837.297,3167.98
31.84200,8.740193e+02,3.042609e+03,3.718823e+02,3.202624e+03,-879.514,3225.41
31.84300,8.741913e+02,3.120462e+03,3.721005e+02,3.249095e+03,-920.037,3272.05
31.84400,8.726533e+02,3.189820e+03,3.706110e+02,3.287516e+03,-959.431,3310.58
31.84500,8.695280e+02,3.255950e+03,3.675930e+02,3.322480e+03,-998.229,3345.6
31.84600,8.643420e+02,3.313298e+03,3.626902e+02,3.349158e+03,-1035.93,3372.28
31.84700,8.578733e+02,3.365639e+03,3.564690e+02,3.370858e+03,-1072.65,3393.94
31.84800,8.494833e+02,3.409687e+03,3.483849e+02,3.384672e+03,-1107.86,3407.67
31.84900,8.391953e+02,3.448251e+03,3.386251e+02,3.393261e+03,-1142.1,3416.14
31.85000,8.280773e+02,3.481179e+03,3.278288e+02,3.396434e+03,-1174.81,3419.17
31.85100,8.146720e+02,3.506193e+03,3.147742e+02,3.392475e+03,-1206.81,3415.04
31.85200,8.011133e+02,3.529403e+03,3.016624e+02,3.386616e+03,-1237.38,3408.99
31.85300,7.861060e+02,3.545800e+03,2.871491e+02,3.374339e+03,-1266.06,3396.51
31.85400,7.706953e+02,3.559928e+03,2.720982e+02,3.360131e+03,-1293.86,3382.1
31.85500,7.546587e+02,3.571167e+03,2.564103e+02,3.343059e+03,-1320.04,3364.82
31.85600,7.385033e+02,3.578817e+03,2.407065e+02,3.323006e+03,-1344.32,3344.57
31.85700,7.223447e+02,3.584175e+03,2.247539e+02,3.300753e+03,-1367.4,3322.13
31.85800,7.061580e+02,3.588093e+03,2.087351e+02,3.277549e+03,-1389.11,3298.76
31.85900,6.898040e+02,3.589632e+03,1.926963e+02,3.251993e+03,-1408.84,3273.06
31.86000,6.742727e+02,3.589213e+03,1.772577e+02,3.224965e+03,-1426.45,3245.9
31.86100,6.579624e+02,3.586198e+03,1.610983e+02,3.195356e+03,-1441.15,3216.18
31.86200,6.422661e+02,3.582416e+03,1.455681e+02,3.165323e+03,-1455.32,3186.07
31.86300,6.280806e+02,3.578522e+03,1.312823e+02,3.135622e+03,-1467.68,3156.3
31.86400,6.145504e+02,3.575377e+03,1.176921e+02,3.107055e+03,-1477.63,3127.7
31.86500,6.019551e+02,3.570405e+03,1.051551e+02,3.077146e+03,-1485.67,3097.79
31.86600,5.893652e+02,3.559597e+03,9.253127e+01,3.041535e+03,-1489.14,3062.21
31.86700,5.772665e+02,3.545429e+03,8.044227e+01,3.002800e+03,-1489.71,3023.5
31.86800,5.666125e+02,3.536446e+03,6.959327e+01,2.969824e+03,-1492.83,2990.57
31.86900,5.562219e+02,3.522994e+03,5.913031e+01,2.932867e+03,-1493.17,2953.66
31.87000,5.472499e+02,3.511974e+03,5.013733e+01,2.898739e+03,-1492.71,2919.6
31.87100,5.383027e+02,3.492598e+03,4.110907e+01,2.856876e+03,-1487.15,2877.8
31.87200,5.304554e+02,3.476656e+03,3.325622e+01,2.818777e+03,-1481.57,2839.78
31.87300,5.236251e+02,3.463329e+03,2.641775e+01,2.783607e+03,-1475.58,2804.7
31.87400,5.169448e+02,3.446043e+03,1.972763e+01,2.745241e+03,-1467.48,2766.41
31.87500,5.108598e+02,3.424917e+03,1.372716e+01,2.703653e+03,-1456.82,2724.89
31.87600,5.055679e+02,3.401717e+03,8.367427e+00,2.660669e+03,-1444.62,2681.98
31.87700,5.006840e+02,3.379181e+03,3.639459e+00,2.618793e+03,-1431.63,2640.16
31.87800,4.960055e+02,3.350679e+03,-9.292433e-01,2.571749e+03,-1415.77,2593.15
31.87900,4.923955e+02,3.320504e+03,-4.278469e+00,2.523845e+03,-1398.41,2545.27
31.88000,4.892450e+02,3.290237e+03,-7.239187e+00,2.476210e+03,-1379.25,2497.63
31.88100,4.861679e+02,3.255597e+03,-1.003798e+01,2.425176e+03,-1358.88,2446.56
31.88200,4.850594e+02,3.223913e+03,-1.097325e+01,2.377501e+03,-1336.84,2398.82
31.88300,4.837495e+02,3.186269e+03,-1.204277e+01,2.324923e+03,-1313.13,2346.14
31.88400,4.824227e+02,3.142803e+03,-1.300858e+01,2.267191e+03,-1287.03,2288.27
31.88500,4.813663e+02,3.094069e+03,-1.370919e+01,2.205503e+03,-1259.69,2226.41
31.88600,4.808983e+02,3.044951e+03,-1.372375e+01,2.144109e+03,-1231.16,2164.79
31.88700,4.807518e+02,2.990365e+03,-1.350637e+01,2.078339e+03,-1201,2098.74
31.88800,4.810645e+02,2.932656e+03,-1.280502e+01,2.010355e+03,-1169.22,2030.41
31.88900,4.814131e+02,2.871405e+03,-1.196857e+01,1.939768e+03,-1136.6,1959.42
31.89000,4.823341e+02,2.805122e+03,-1.061114e+01,1.865305e+03,-1102.22,1884.49
31.89100,4.835225e+02,2.734067e+03,-9.011640e+00,1.787193e+03,-1066.68,1805.83
31.89200,4.848847e+02,2.657985e+03,-7.232373e+00,1.705171e+03,-1030.16,1723.19
31.89300,4.866703e+02,2.576189e+03,-5.058258e+00,1.618691e+03,-992.049,1636.02
31.89400,4.888495e+02,2.489910e+03,-2.455177e+00,1.529126e+03,-953.416,1545.68
31.89500,4.913198e+02,2.397537e+03,3.581508e-01,1.434627e+03,-913.362,1450.34
31.89600,4.942023e+02,2.299701e+03,3.558930e+00,1.335891e+03,-872.439,1350.68
31.89700,4.976437e+02,2.196659e+03,7.313273e+00,1.233321e+03,-830.809,1247.11
31.89800,5.014310e+02,2.087052e+03,1.134088e+01,1.125569e+03,-788.165,1138.29
31.89900,5.057544e+02,1.972437e+03,1.585771e+01,1.014261e+03,-744.908,1025.85
31.90000,5.108004e+02,1.852653e+03,2.105665e+01,8.989573e+02,-700.872,909.346
31.90100,5.166629e+02,1.728189e+03,2.695001e+01,7.804280e+02,-656.327,789.564
31.90200,5.233665e+02,1.600169e+03,3.363290e+01,6.594964e+02,-610.91,667.332
31.90300,5.298133e+02,1.458148e+03,4.012404e+01,5.267593e+02,-565.487,533.249
31.90400,5.377398e+02,1.317569e+03,4.789955e+01,3.963061e+02,-519.463,401.413
31.90500,5.464855e+02,1.172948e+03,5.647519e+01,2.631385e+02,-472.936,266.836
31.90600,5.560869e+02,1.023210e+03,6.575709e+01,1.263597e+02,-425.808,128.629
31.90700,5.662645e+02,8.707120e+02,7.564307e+01,-1.206007e+01,-378.946,-11.2299
31.90800,5.775454e+02,7.124853e+02,8.642380e+01,-1.545797e+02,-331.283,-155.191
31.90900,5.896824e+02,5.526173e+02,9.800633e+01,-2.975730e+02,-283.216,-299.616
31.91000,6.023115e+02,3.916569e+02,1.100435e+02,-4.405812e+02,-235.421,-444.037
31.91100,6.157471e+02,2.286351e+02,1.228509e+02,-5.845567e+02,-187.023,-589.4
31.91200,6.296727e+02,6.463951e+01,1.360112e+02,-7.282387e+02,-138.733,-734.437
31.91300,6.443697e+02,-1.020011e+02,1.499557e+02,-8.734753e+02,-90.2275,-880.988
31.91400,6.594513e+02,-2.682422e+02,1.642241e+02,-1.017253e+03,-41.3853,-1026.03
31.91500,6.750080e+02,-4.347381e+02,1.789561e+02,-1.160210e+03,7.25589,-1170.21
31.91600,6.907113e+02,-5.988617e+02,1.937816e+02,-1.299941e+03,55.8783,-1311.11
31.91700,7.065453e+02,-7.621773e+02,2.087404e+02,-1.438024e+03,104.796,-1450.3
31.91800,7.221340e+02,-9.207180e+02,2.233799e+02,-1.570793e+03,153.18,-1584.13
31.91900,7.378920e+02,-1.080143e+03,2.382589e+02,-1.703375e+03,201.705,-1717.72
31.92000,7.536000e+02,-1.236833e+03,2.530752e+02,-1.832529e+03,250.192,-1847.82
31.92100,7.676633e+02,-1.382842e+03,2.662728e+02,-1.951021e+03,297.823,-1967.2
31.92200,7.821700e+02,-1.531699e+03,2.799221e+02,-2.071190e+03,346.295,-2088.21
31.92300,7.957613e+02,-1.675461e+03,2.927717e+02,-2.185755e+03,393.976,-2203.55
31.92400,8.082953e+02,-1.812667e+03,3.045950e+02,-2.293650e+03,441.432,-2312.16
31.92500,8.198407e+02,-1.943709e+03,3.153891e+02,-2.395042e+03,488.191,-2414.22
31.92600,8.304827e+02,-2.070941e+03,3.253832e+02,-2.492075e+03,535.05,-2511.86
31.92700,8.395933e+02,-2.190946e+03,3.339621e+02,-2.581891e+03,581.347,-2602.23
31.92800,8.474807e+02,-2.303646e+03,3.414195e+02,-2.664305e+03,626.612,-2685.14
31.92900,8.536480e+02,-2.409500e+03,3.471781e+02,-2.739616e+03,671.34,-2760.89
31.93000,8.588213e+02,-2.512923e+03,3.520475e+02,-2.812251e+03,716.341,-2833.9
31.93100,8.615147e+02,-2.605135e+03,3.545822e+02,-2.873991e+03,759.645,-2895.96
31.93200,8.627807e+02,-2.691472e+03,3.557186e+02,-2.929637e+03,802.669,-2951.87
31.93300,8.621260e+02,-2.768606e+03,3.551119e+02,-2.976555e+03,844.464,-2999
31.93400,8.597453e+02,-2.841616e+03,3.528411e+02,-3.019126e+03,885.864,-3041.73
31.93500,8.557520e+02,-2.906952e+03,3.489533e+02,-3.054328e+03,926.507,-3077.03
31.93600,8.501533e+02,-2.966433e+03,3.436602e+02,-3.083634e+03,966.177,-3106.4
31.93700,8.427427e+02,-3.016617e+03,3.366415e+02,-3.104221e+03,1004.15,-3127
31.93800,8.339873e+02,-3.064384e+03,3.282407e+02,-3.122189e+03,1042.09,-3144.95
31.93900,8.233660e+02,-3.103246e+03,3.181857e+02,-3.131670e+03,1077.79,-3154.39
31.94000,8.115227e+02,-3.139065e+03,3.068641e+02,-3.138327e+03,1113.37,-3160.98
31.94100,7.992027e+02,-3.169467e+03,2.949921e+02,-3.139727e+03,1146.94,-3162.3
31.94200,7.859200e+02,-3.196912e+03,2.823685e+02,-3.138215e+03,1179.62,-3160.7
31.94300,7.719340e+02,-3.221363e+03,2.688493e+02,-3.133938e+03,1211.34,-3156.33
31.94400,7.575567e+02,-3.242542e+03,2.549687e+02,-3.126519e+03,1241.44,-3148.83
31.94500,7.429933e+02,-3.260837e+03,2.409295e+02,-3.116478e+03,1269.56,-3138.71
31.94600,7.288487e+02,-3.280011e+03,2.272850e+02,-3.107095e+03,1296.42,-3129.27
31.94700,7.146433e+02,-3.296944e+03,2.133820e+02,-3.095673e+03,1321.65,-3117.81
31.94800,7.006607e+02,-3.311512e+03,1.997835e+02,-3.082295e+03,1345.25,-3104.41
31.94900,6.871113e+02,-3.327404e+03,1.865633e+02,-3.069957e+03,1367.52,-3092.08
31.95000,6.743227e+02,-3.342687e+03,1.738317e+02,-3.057397e+03,1388.34,-3079.54
31.95100,6.617681e+02,-3.356345e+03,1.615440e+02,-3.043277e+03,1406.91,-3065.47
31.95200,6.493940e+02,-3.366688e+03,1.491448e+02,-3.025745e+03,1421.53,-3048.01
31.95300,6.381197e+02,-3.378139e+03,1.378691e+02,-3.009779e+03,1435.49,-3032.13
31.95400,6.275329e+02,-3.390064e+03,1.272101e+02,-2.994617e+03,1448.42,-3017.08
31.95500,6.184607e+02,-3.404675e+03,1.180755e+02,-2.982085e+03,1459.67,-3004.67
31.95600,6.101437e+02,-3.416743e+03,1.095971e+02,-2.967609e+03,1468.16,-2990.35
31.95700,6.019605e+02,-3.421698e+03,1.013525e+02,-2.946055e+03,1471.34,-2968.97
31.95800,5.939905e+02,-3.423148e+03,9.320780e+01,-2.921580e+03,1472.01,-2944.67
31.95900,5.868283e+02,-3.429839e+03,8.585247e+01,-2.902487e+03,1475.28,-2925.74
31.96000,5.806557e+02,-3.433590e+03,7.944547e+01,-2.881053e+03,1475.97,-2904.47
31.96100,5.756625e+02,-3.437517e+03,7.423333e+01,-2.860002e+03,1474.67,-2883.58
31.96200,5.710987e+02,-3.437934e+03,6.945100e+01,-2.835969e+03,1470.96,-2859.7
31.96300,5.660887e+02,-3.433609e+03,6.432009e+01,-2.807959e+03,1464.92,-2831.83
31.96400,5.615689e+02,-3.432464e+03,5.972041e+01,-2.783625e+03,1459.52,-2807.63
31.96500,5.572417e+02,-3.425422e+03,5.532448e+01,-2.753977e+03,1450.76,-2778.1
31.96600,5.536103e+02,-3.417067e+03,5.166453e+01,-2.723475e+03,1440.28,-2747.69
31.96700,5.498899e+02,-3.405043e+03,4.787860e+01,-2.690101e+03,1428.27,-2714.38
31.96800,5.465038e+02,-3.388666e+03,4.452406e+01,-2.653191e+03,1413.81,-2677.49
31.96900,5.430182e+02,-3.371129e+03,4.118985e+01,-2.615676e+03,1398.52,-2639.97
31.97000,5.400724e+02,-3.348915e+03,3.845081e+01,-2.574215e+03,1380.66,-2598.46
31.97100,5.387927e+02,-3.330342e+03,3.729123e+01,-2.536939e+03,1361.63,-2561.1
31.97200,5.354884e+02,-3.296431e+03,3.437285e+01,-2.485772e+03,1339.52,-2509.8
31.97300,5.332201e+02,-3.265681e+03,3.243567e+01,-2.438321e+03,1317.5,-2462.17
31.97400,5.299633e+02,-3.223522e+03,2.970329e+01,-2.380900e+03,1292.52,-2404.53
31.97500,5.277179e+02,-3.180765e+03,2.785651e+01,-2.323454e+03,1266.07,-2346.8
31.97600,5.256508e+02,-3.134113e+03,2.629867e+01,-2.263172e+03,1238.02,-2286.19
31.97700,5.232220e+02,-3.080121e+03,2.445332e+01,-2.196539e+03,1208.03,-2219.16
31.97800,5.209139e+02,-3.022743e+03,2.275416e+01,-2.127645e+03,1177.18,-2149.8
31.97900,5.185343e+02,-2.957989e+03,2.101973e+01,-2.052665e+03,1144.4,-2074.29
31.98000,5.162129e+02,-2.887581e+03,1.940519e+01,-1.973227e+03,1110.39,-1994.25
31.98100,5.139168e+02,-2.811151e+03,1.785205e+01,-1.889131e+03,1075.24,-1909.49
31.98200,5.119941e+02,-2.730649e+03,1.662191e+01,-1.801922e+03,1038.91,-1821.55
31.98300,5.102375e+02,-2.642630e+03,1.560383e+01,-1.708668e+03,1001.14,-1727.49
31.98400,5.085143e+02,-2.549362e+03,1.451585e+01,-1.611339e+03,962.558,-1629.29
31.98500,5.072949e+02,-2.449421e+03,1.398713e+01,-1.508813e+03,922.829,-1525.83
31.98600,5.065860e+02,-2.343349e+03,1.395066e+01,-1.401565e+03,881.902,-1417.58
31.98700,5.067676e+02,-2.234289e+03,1.474810e+01,-1.292387e+03,839.973,-1307.35
31.98800,5.065573e+02,-2.113447e+03,1.519206e+01,-1.173314e+03,797.731,-1187.17
31.98900,5.075950e+02,-1.989726e+03,1.677213e+01,-1.052507e+03,754.363,-1065.19
31.99000,5.094356e+02,-1.861586e+03,1.909788e+01,-9.287113e+02,710.691,-940.189
31.99100,5.120454e+02,-1.727871e+03,2.212037e+01,-8.006167e+02,666.119,-810.841
31.99200,5.154927e+02,-1.588063e+03,2.598849e+01,-6.681047e+02,620.905,-677.039
31.99300,5.200037e+02,-1.445792e+03,3.080666e+01,-5.342373e+02,575.285,-541.851
31.99400,5.255325e+02,-1.297915e+03,3.650761e+01,-3.962402e+02,528.977,-402.504
31.99500,5.319823e+02,-1.145447e+03,4.308669e+01,-2.550479e+02,482.379,-259.94
31.99600,5.395560e+02,-9.872567e+02,5.070879e+01,-1.096807e+02,435.065,-113.191
31.99700,5.481104e+02,-8.283653e+02,5.926925e+01,3.534762e+01,387.676,33.2214
31.99800,5.576049e+02,-6.670840e+02,6.858987e+01,1.814147e+02,339.803,180.676
31.99900,5.682103e+02,-5.036311e+02,7.902580e+01,3.285367e+02,291.712,329.182
32.00000,5.797584e+02,-3.367661e+02,9.030053e+01,4.776404e+02,243.144,479.661
32.00100,5.921846e+02,-1.693921e+02,1.023737e+02,6.261731e+02,194.566,629.55
32.00200,6.054609e+02,-9.036753e-01,1.151937e+02,7.746240e+02,145.828,779.337
32.00300,6.194889e+02,1.680029e+02,1.286583e+02,9.224993e+02,96.7247,928.524
32.00400,6.342530e+02,3.386936e+02,1.428442e+02,1.070917e+03,47.3611,1078.22
32.00500,6.491704e+02,5.051920e+02,1.571879e+02,1.214468e+03,-1.31918,1223.02
32.00600,6.649557e+02,6.734453e+02,1.722857e+02,1.358577e+03,-50.5179,1368.34
32.00700,6.810100e+02,8.411367e+02,1.876692e+02,1.501180e+03,-100.031,1512.11
32.00800,6.971060e+02,1.004364e+03,2.030321e+02,1.638678e+03,-148.858,1650.73
32.00900,7.130607e+02,1.164635e+03,2.182898e+02,1.772535e+03,-197.665,1785.67
32.01000,7.292913e+02,1.322893e+03,2.337585e+02,1.903613e+03,-246.231,1917.79
32.01100,7.454233e+02,1.482087e+03,2.491249e+02,2.034507e+03,-295.472,2049.67
32.01200,7.610773e+02,1.634073e+03,2.640594e+02,2.157958e+03,-343.691,2174.05
32.01300,7.762153e+02,1.782680e+03,2.785278e+02,2.277372e+03,-391.893,2294.35
32.01400,7.908093e+02,1.927003e+03,2.924271e+02,2.392063e+03,-439.875,2409.86
32.01500,8.047047e+02,2.066022e+03,3.057018e+02,2.500971e+03,-486.89,2519.54
32.01600,8.176847e+02,2.199978e+03,3.180919e+02,2.604533e+03,-533.775,2623.82
32.01700,8.295327e+02,2.328381e+03,3.294379e+02,2.702235e+03,-580.228,2722.18
32.01800,8.406333e+02,2.453350e+03,3.400072e+02,2.796003e+03,-626.627,2816.54
32.01900,8.501207e+02,2.569168e+03,3.490131e+02,2.880468e+03,-671.503,2901.54
32.02000,8.582613e+02,2.679942e+03,3.568463e+02,2.960121e+03,-715.914,2981.67
32.02100,8.642513e+02,2.782869e+03,3.625015e+02,3.031637e+03,-759.777,3053.6
32.02200,8.690793e+02,2.880264e+03,3.671859e+02,3.097491e+03,-802.826,3119.8
32.02300,8.721200e+02,2.971060e+03,3.701353e+02,3.156910e+03,-845.278,3179.5
32.02400,8.743007e+02,3.058143e+03,3.721471e+02,3.212309e+03,-887.138,3235.12
32.02500,8.740533e+02,3.134225e+03,3.719967e+02,3.257112e+03,-927.345,3280.08
32.02600,8.722447e+02,3.202471e+03,3.702197e+02,3.294332e+03,-966.396,3317.4
32.02700,8.686393e+02,3.267216e+03,3.667784e+02,3.328145e+03,-1005.38,3351.26
32.02800,8.633000e+02,3.323269e+03,3.617043e+02,3.353488e+03,-1042.65,3376.6
32.02900,8.565507e+02,3.374449e+03,3.551781e+02,3.374078e+03,-1079.26,3397.14
32.03000,8.478880e+02,3.417833e+03,3.468441e+02,3.387229e+03,-1114.21,3410.2
32.03100,8.368200e+02,3.453293e+03,3.363609e+02,3.392960e+03,-1148.09,3415.8
32.03200,8.252520e+02,3.484791e+03,3.250599e+02,3.394811e+03,-1180.56,3417.5
32.03300,8.122613e+02,3.511107e+03,3.124904e+02,3.391991e+03,-1212.62,3414.51
32.03400,7.984140e+02,3.532937e+03,2.990011e+02,3.384851e+03,-1242.78,3407.18
32.03500,7.831513e+02,3.548261e+03,2.843135e+02,3.371587e+03,-1271.32,3393.71
32.03600,7.677680e+02,3.562491e+03,2.691765e+02,3.357355e+03,-1298.96,3379.27
32.03700,7.517380e+02,3.572731e+03,2.535957e+02,3.339535e+03,-1324.68,3361.24
32.03800,7.356607e+02,3.580152e+03,2.378776e+02,3.319264e+03,-1348.73,3340.78
32.03900,7.192867e+02,3.584972e+03,2.217215e+02,3.296521e+03,-1371.59,3317.86
32.04000,7.032207e+02,3.588476e+03,2.058390e+02,3.272896e+03,-1392.55,3294.07
32.04100,6.869800e+02,3.590053e+03,1.899129e+02,3.247469e+03,-1412.43,3268.49
32.04200,6.712313e+02,3.588610e+03,1.742501e+02,3.219427e+03,-1429.43,3240.33
32.04300,6.549494e+02,3.585997e+03,1.580840e+02,3.190239e+03,-1444.09,3211.04
32.04400,6.394236e+02,3.581566e+03,1.427641e+02,3.159654e+03,-1457.78,3180.37
32.04500,6.255791e+02,3.578191e+03,1.287521e+02,3.130561e+03,-1469.88,3151.22
32.04600,6.121353e+02,3.574471e+03,1.152900e+02,3.101527e+03,-1479.34,3122.16
32.04700,5.997435e+02,3.570085e+03,1.029404e+02,3.072158e+03,-1487.29,3092.8
32.04800,5.871103e+02,3.557272e+03,9.025893e+01,3.034619e+03,-1489.4,3055.29
32.04900,5.753971e+02,3.542124e+03,7.854960e+01,2.995256e+03,-1489.8,3015.95
32.05000,5.646104e+02,3.534007e+03,6.759347e+01,2.963009e+03,-1493.05,2983.75
32.05100,5.544627e+02,3.521631e+03,5.730925e+01,2.927214e+03,-1493.52,2948.01
32.05200,5.458743e+02,3.509672e+03,4.872168e+01,2.892203e+03,-1492.06,2913.06
32.05300,5.366927e+02,3.488579e+03,3.947935e+01,2.848865e+03,-1486.05,2869.79
32.05400,5.291405e+02,3.473689e+03,3.193005e+01,2.811788e+03,-1480.46,2832.8
32.05500,5.223905e+02,3.460592e+03,2.516544e+01,2.776929e+03,-1474.33,2798.02
32.05600,5.157462e+02,3.441723e+03,1.852128e+01,2.737120e+03,-1465.38,2758.29
32.05700,5.097648e+02,3.420743e+03,1.260755e+01,2.695775e+03,-1454.73,2717.02
32.05800,5.045808e+02,3.397087e+03,7.397927e+00,2.652430e+03,-1442.09,2673.74
32.05900,5.000802e+02,3.374266e+03,3.046696e+00,2.610485e+03,-1428.77,2631.85
32.06000,4.952537e+02,3.345173e+03,-1.674057e+00,2.562941e+03,-1412.67,2584.34
32.06100,4.916853e+02,3.315223e+03,-4.975285e+00,2.515285e+03,-1395.24,2536.71
32.06200,4.887813e+02,3.284327e+03,-7.667120e+00,2.467269e+03,-1375.65,2488.68
32.06300,4.856237e+02,3.248780e+03,-1.054385e+01,2.415405e+03,-1354.91,2436.77
32.06400,4.848565e+02,3.217273e+03,-1.113163e+01,2.368007e+03,-1332.31,2389.31
32.06500,4.833969e+02,3.178233e+03,-1.234084e+01,2.314225e+03,-1308.47,2335.42
32.06600,4.821382e+02,3.134045e+03,-1.322793e+01,2.255989e+03,-1282.24,2277.03
32.06700,4.812153e+02,3.085370e+03,-1.381121e+01,2.194471e+03,-1254.59,2215.33
32.06800,4.807773e+02,3.034897e+03,-1.377532e+01,2.131927e+03,-1225.61,2152.55
32.06900,4.806818e+02,2.980055e+03,-1.350777e+01,2.066000e+03,-1195.25,2086.34
32.07000,4.809697e+02,2.921991e+03,-1.278021e+01,1.997837e+03,-1163.45,2017.82
32.07100,4.815595e+02,2.859053e+03,-1.177023e+01,1.925889e+03,-1130.24,1945.46
32.07200,4.825203e+02,2.792338e+03,-1.036924e+01,1.851176e+03,-1095.86,1870.26
32.07300,4.837349e+02,2.720251e+03,-8.721147e+00,1.772273e+03,-1060.07,1790.8
32.07400,4.851059e+02,2.643315e+03,-6.940900e+00,1.689573e+03,-1023.37,1707.47
32.07500,4.870107e+02,2.560223e+03,-4.660949e+00,1.602076e+03,-984.847,1619.27
32.07600,4.891548e+02,2.473429e+03,-2.073439e+00,1.512092e+03,-946.215,1528.5
32.07700,4.917374e+02,2.379947e+03,8.353640e-01,1.416763e+03,-905.959,1432.31
32.07800,4.947237e+02,2.281123e+03,4.134159e+00,1.317311e+03,-864.867,1331.92
32.07900,4.982737e+02,2.176824e+03,7.957533e+00,1.213731e+03,-822.982,1227.33
32.08000,5.020515e+02,2.066391e+03,1.202829e+01,1.105405e+03,-780.385,1117.93
32.08100,5.065833e+02,1.950851e+03,1.669399e+01,9.933933e+02,-736.845,1004.77
32.08200,5.117223e+02,1.829269e+03,2.199542e+01,8.765900e+02,-692.597,886.761
32.08300,5.177872e+02,1.704757e+03,2.805055e+01,7.582447e+02,-648.024,767.154
32.08400,5.244175e+02,1.574210e+03,3.468536e+01,6.351284e+02,-602.56,642.73
32.08500,5.310939e+02,1.431806e+03,4.138047e+01,5.021997e+02,-556.986,508.449
32.08600,5.392177e+02,1.290730e+03,4.933171e+01,3.715085e+02,-510.865,376.371
32.08700,5.481429e+02,1.145306e+03,5.804288e+01,2.378502e+02,-464.359,241.3
32.08800,5.578233e+02,9.951040e+02,6.741713e+01,1.007845e+02,-417.146,102.804
32.08900,5.682313e+02,8.417987e+02,7.748720e+01,-3.817984e+01,-370.259,-37.5998
32.09000,5.796942e+02,6.824027e+02,8.846520e+01,-1.815928e+02,-322.459,-182.452
32.09100,5.919283e+02,5.220361e+02,1.001514e+02,-3.248821e+02,-274.404,-327.17
32.09200,6.046481e+02,3.615720e+02,1.122202e+02,-4.671989e+02,-226.595,-470.895
32.09300,6.181827e+02,1.973924e+02,1.251468e+02,-6.120651e+02,-178.106,-617.142
32.09400,6.322138e+02,3.527560e+01,1.383802e+02,-7.538500e+02,-129.891,-760.275
32.09500,6.470651e+02,-1.336969e+02,1.524919e+02,-9.010187e+02,-81.1234,-908.747
32.09600,6.621863e+02,-2.988418e+02,1.668009e+02,-1.043601e+03,-32.4718,-1052.59
32.09700,6.778373e+02,-4.655129e+02,1.815814e+02,-1.186534e+03,16.2495,-1196.73
32.09800,6.935800e+02,-6.293927e+02,1.964531e+02,-1.325835e+03,64.9076,-1337.19
32.09900,7.093440e+02,-7.912987e+02,2.113375e+02,-1.462475e+03,113.623,-1474.93
32.10000,7.248087e+02,-9.496500e+02,2.258990e+02,-1.594914e+03,161.984,-1608.42
32.10100,7.408380e+02,-1.109902e+03,2.410071e+02,-1.728039e+03,210.556,-1742.54
32.10200,7.559640e+02,-1.263234e+03,2.552317e+02,-1.853951e+03,258.896,-1869.38
32.10300,7.701807e+02,-1.409818e+03,2.686003e+02,-1.972811e+03,306.666,-1989.13
32.10400,7.847613e+02,-1.560163e+03,2.823467e+02,-2.094169e+03,355.241,-2111.31
32.10500,7.980567e+02,-1.701247e+03,2.949321e+02,-2.206191e+03,402.757,-2224.1
32.10600,8.104567e+02,-1.837426e+03,3.065753e+02,-2.312968e+03,450.146,-2331.59
32.10700,8.218560e+02,-1.968042e+03,3.172537e+02,-2.413781e+03,496.894,-2433.05
32.10800,8.321187e+02,-2.092992e+03,3.269216e+02,-2.508596e+03,543.389,-2528.47
32.10900,8.409833e+02,-2.212009e+03,3.352435e+02,-2.597345e+03,589.706,-2617.76
32.11000,8.485113e+02,-2.322738e+03,3.423580e+02,-2.677825e+03,634.723,-2698.72
32.11100,8.545320e+02,-2.428647e+03,3.480051e+02,-2.753070e+03,679.567,-2774.39
32.11200,8.593240e+02,-2.530173e+03,3.525417e+02,-2.823947e+03,724.273,-2845.64
32.11300,8.617360e+02,-2.621724e+03,3.547915e+02,-2.884923e+03,767.68,-2906.93
32.11400,8.626267e+02,-2.705641e+03,3.555770e+02,-2.938309e+03,810.409,-2960.57
32.11500,8.617087e+02,-2.781302e+03,3.546773e+02,-2.983787e+03,852.029,-3006.25
32.11600,8.591033e+02,-2.854127e+03,3.522231e+02,-3.026067e+03,893.316,-3048.68
32.11700,8.546833e+02,-2.917747e+03,3.479563e+02,-3.059651e+03,933.847,-3082.36
32.11800,8.488760e+02,-2.976455e+03,3.424501e+02,-3.088132e+03,973.354,-3110.89
32.11900,8.412620e+02,-3.025940e+03,3.351968e+02,-3.108059e+03,1011.35,-3130.83
32.12000,8.320060e+02,-3.071918e+03,3.263128e+02,-3.124317e+03,1048.88,-3147.06
32.12100,8.212127e+02,-3.110219e+03,3.161559e+02,-3.133289e+03,1084.49,-3155.99
32.12200,8.092073e+02,-3.144827e+03,3.046376e+02,-3.138795e+03,1119.81,-3161.42
32.12300,7.967433e+02,-3.174601e+03,2.926213e+02,-3.139555e+03,1152.99,-3162.1
32.12400,7.834107e+02,-3.201467e+03,2.799221e+02,-3.137459e+03,1185.47,-3159.92
32.12500,7.692113e+02,-3.224751e+03,2.662323e+02,-3.132126e+03,1216.99,-3154.49
32.12600,7.547560e+02,-3.245607e+03,2.522626e+02,-3.124445e+03,1246.76,-3146.73
32.12700,7.402753e+02,-3.264731e+03,2.383373e+02,-3.115088e+03,1274.76,-3137.3
32.12800,7.263813e+02,-3.283034e+03,2.248096e+02,-3.104929e+03,1301.13,-3127.08
32.12900,7.119140e+02,-3.299327e+03,2.107687e+02,-3.092877e+03,1326.1,-3114.99
32.13000,6.983487e+02,-3.314790e+03,1.974483e+02,-3.080475e+03,1349.65,-3102.58
32.13100,6.845713e+02,-3.329619e+03,1.840589e+02,-3.067058e+03,1371.29,-3089.17
32.13200,6.721007e+02,-3.345680e+03,1.716381e+02,-3.055267e+03,1392.08,-3077.41
32.13300,6.597559e+02,-3.359105e+03,1.594705e+02,-3.040946e+03,1409.97,-3063.14
32.13400,6.472760e+02,-3.368745e+03,1.470586e+02,-3.022757e+03,1424.17,-3045.02
32.13500,6.358995e+02,-3.380248e+03,1.356256e+02,-3.006798e+03,1438.36,-3029.16
32.13600,6.259177e+02,-3.392918e+03,1.255885e+02,-2.992481e+03,1450.7,-3014.95
32.13700,6.168315e+02,-3.406952e+03,1.164066e+02,-2.979439e+03,1461.37,-3002.04
32.13800,6.088049e+02,-3.419908e+03,1.082645e+02,-2.965820e+03,1469.82,-2988.59
32.13900,6.004559e+02,-3.421977e+03,9.985667e+01,-2.941541e+03,1471.89,-2964.48
32.14000,5.925349e+02,-3.423805e+03,9.173300e+01,-2.917473e+03,1472.5,-2940.58
32.14100,5.857904e+02,-3.430433e+03,8.477993e+01,-2.898528e+03,1475.55,-2921.8
32.14200,5.796768e+02,-3.434328e+03,7.844687e+01,-2.877220e+03,1476.03,-2900.66
32.14300,5.749516e+02,-3.437877e+03,7.347340e+01,-2.855892e+03,1474.21,-2879.49
32.14400,5.704678e+02,-3.437347e+03,6.877813e+01,-2.831004e+03,1469.73,-2854.75
32.14500,5.652664e+02,-3.433102e+03,6.348309e+01,-2.803135e+03,1463.77,-2827.02
32.14600,5.608044e+02,-3.431433e+03,5.891931e+01,-2.778415e+03,1458.1,-2802.44
32.14700,5.568120e+02,-3.425368e+03,5.486977e+01,-2.749635e+03,1449.06,-2773.77
32.14800,5.530089e+02,-3.415317e+03,5.105323e+01,-2.717795e+03,1438.19,-2742.01
32.14900,5.493053e+02,-3.402820e+03,4.726639e+01,-2.684009e+03,1425.96,-2708.28
32.15000,5.459011e+02,-3.385713e+03,4.396121e+01,-2.646427e+03,1410.98,-2670.72
32.15100,5.425277e+02,-3.367638e+03,4.072559e+01,-2.608605e+03,1395.47,-2632.89
32.15200,5.400107e+02,-3.345976e+03,3.832410e+01,-2.567737e+03,1377.16,-2591.96
32.15300,5.381929e+02,-3.325380e+03,3.676972e+01,-2.528645e+03,1357.83,-2552.78
32.15400,5.351020e+02,-3.291385e+03,3.402915e+01,-2.477573e+03,1335.66,-2501.56
32.15500,5.326149e+02,-3.258131e+03,3.191341e+01,-2.427893e+03,1313.08,-2451.69
32.15600,5.296457e+02,-3.215906e+03,2.941423e+01,-2.370591e+03,1287.68,-2394.16
32.15700,5.276007e+02,-3.173053e+03,2.779794e+01,-2.313153e+03,1260.98,-2336.44
32.15800,5.252186e+02,-3.124850e+03,2.595831e+01,-2.251487e+03,1232.7,-2274.43
32.15900,5.228273e+02,-3.070479e+03,2.415692e+01,-2.184608e+03,1202.54,-2207.14
32.16000,5.205341e+02,-3.011242e+03,2.246520e+01,-2.114223e+03,1171.3,-2136.28
32.16100,5.181953e+02,-2.945959e+03,2.078200e+01,-2.038801e+03,1138.24,-2060.32
32.16200,5.157709e+02,-2.874105e+03,1.909482e+01,-1.958257e+03,1104.06,-1979.16
32.16300,5.134839e+02,-2.797228e+03,1.754743e+01,-1.873776e+03,1068.75,-1894
32.16400,5.116091e+02,-2.714971e+03,1.634398e+01,-1.785153e+03,1032.04,-1804.63
32.16500,5.098231e+02,-2.626038e+03,1.531355e+01,-1.691201e+03,994.161,-1709.86
32.16600,5.082340e+02,-2.531619e+03,1.433396e+01,-1.593017e+03,955.436,-1610.8
32.16700,5.071144e+02,-2.429401e+03,1.391135e+01,-1.488589e+03,915.109,-1505.42
32.16800,5.064383e+02,-2.323636e+03,1.391769e+01,-1.381691e+03,874.365,-1397.52
32.16900,5.067405e+02,-2.213459e+03,1.483014e+01,-1.271664e+03,832.286,-1286.43
32.17000,5.066170e+02,-2.090713e+03,1.534265e+01,-1.151007e+03,789.743,-1164.65
32.17100,5.078207e+02,-1.966285e+03,1.707769e+01,-1.029807e+03,746.458,-1042.28
32.17200,5.097445e+02,-1.837140e+03,1.947551e+01,-9.052200e+02,702.569,-916.475
32.17300,5.125656e+02,-1.701785e+03,2.269420e+01,-7.758353e+02,657.703,-785.831
32.17400,5.161661e+02,-1.561709e+03,2.672128e+01,-6.432225e+02,612.624,-651.924
32.17500,5.208753e+02,-1.418676e+03,3.169403e+01,-5.087965e+02,566.741,-516.173
32.17600,5.265403e+02,-1.269789e+03,3.753747e+01,-3.701193e+02,520.442,-376.142
32.17700,5.332601e+02,-1.116645e+03,4.435099e+01,-2.284873e+02,473.7,-233.137
32.17800,5.409900e+02,-9.569600e+02,5.213303e+01,-8.197960e+01,426.394,-85.2482
32.17900,5.497171e+02,-7.984360e+02,6.082865e+01,6.256323e+01,378.893,60.6783
32.18000,5.593541e+02,-6.366051e+02,7.032800e+01,2.089437e+02,331.013,208.445
32.18100,5.701823e+02,-4.727489e+02,8.094520e+01,3.562733e+02,282.728,357.157
32.18200,5.819311e+02,-3.057955e+02,9.238400e+01,5.052225e+02,234.308,507.476
32.18300,5.944965e+02,-1.381757e+02,1.045919e+02,6.537568e+02,185.732,657.363
32.18400,6.079289e+02,3.072495e+01,1.175540e+02,8.024387e+02,136.886,807.376
32.18500,6.221078e+02,1.998112e+02,1.311611e+02,9.502680e+02,87.7194,956.511
32.18600,6.367670e+02,3.691159e+02,1.452474e+02,1.097241e+03,38.5371,1104.76
32.18700,6.520080e+02,5.369350e+02,1.598951e+02,1.241799e+03,-10.2989,1250.56
32.18800,6.678660e+02,7.048887e+02,1.750478e+02,1.385429e+03,-59.5365,1395.39
32.18900,6.839953e+02,8.723633e+02,1.905192e+02,1.527649e+03,-108.985,1538.77
32.19000,6.997353e+02,1.032983e+03,2.055339e+02,1.662613e+03,-157.72,1674.85
32.19100,7.160233e+02,1.194495e+03,2.211030e+02,1.797408e+03,-206.497,1810.72
32.19200,7.322967e+02,1.354845e+03,2.366279e+02,1.930195e+03,-255.539,1944.53
32.19300,7.482187e+02,1.510137e+03,2.517764e+02,2.057338e+03,-304.272,2072.65
32.19400,7.638093e+02,1.661812e+03,2.666767e+02,2.180364e+03,-352.488,2196.6
32.19500,7.788507e+02,1.809584e+03,2.810403e+02,2.298866e+03,-400.605,2315.97
32.19600,7.933040e+02,1.952868e+03,2.947881e+02,2.412419e+03,-448.452,2430.34
32.19700,8.070733e+02,2.091122e+03,3.079261e+02,2.520476e+03,-495.527,2539.16
32.19800,8.197667e+02,2.223520e+03,3.201175e+02,2.622583e+03,-542.361,2641.97
32.19900,8.313820e+02,2.350403e+03,3.311902e+02,2.718653e+03,-588.519,2738.69
32.20000,8.420927e+02,2.473519e+03,3.414201e+02,2.810571e+03,-634.558,2831.19
32.20100,8.514713e+02,2.589193e+03,3.503015e+02,2.894794e+03,-679.701,2915.94
32.20200,8.592647e+02,2.698961e+03,3.577869e+02,2.973393e+03,-724.067,2995
32.20300,8.655540e+02,2.801741e+03,3.637731e+02,3.044687e+03,-767.59,3066.69
32.20400,8.701313e+02,2.899169e+03,3.681599e+02,3.110379e+03,-810.626,3132.72
32.20500,8.727793e+02,2.988455e+03,3.707831e+02,3.168328e+03,-853.243,3190.95
32.20600,8.745647e+02,3.072789e+03,3.724021e+02,3.221189e+03,-894.504,3244.02
32.20700,8.739307e+02,3.147169e+03,3.718869e+02,3.264400e+03,-934.379,3287.38
32.20800,8.718440e+02,3.215686e+03,3.698054e+02,3.301750e+03,-973.656,3324.82
32.20900,8.677940e+02,3.278104e+03,3.659549e+02,3.333401e+03,-1012.32,3356.5
32.21000,8.622873e+02,3.333618e+03,3.607291e+02,3.358150e+03,-1049.35,3381.24
32.21100,8.547373e+02,3.381572e+03,3.534398e+02,3.375759e+03,-1085.66,3398.79
32.21200,8.455033e+02,3.423819e+03,3.445306e+02,3.387829e+03,-1120.55,3410.77
32.21300,8.347253e+02,3.459580e+03,3.343415e+02,3.393785e+03,-1154.23,3416.59
32.21400,8.228133e+02,3.489575e+03,3.227007e+02,3.394195e+03,-1186.41,3416.85
32.21500,8.097267e+02,3.515459e+03,3.100137e+02,3.390935e+03,-1218.24,3413.41
32.21600,7.956553e+02,3.535835e+03,2.963371e+02,3.382473e+03,-1248.02,3404.75
32.21700,7.804053e+02,3.551035e+03,2.815516e+02,3.369097e+03,-1276.57,3391.17
32.21800,7.647700e+02,3.563856e+03,2.662797e+02,3.353559e+03,-1303.71,3375.42
32.21900,7.487440e+02,3.574808e+03,2.506277e+02,3.336510e+03,-1329.45,3358.17
32.22000,7.326887e+02,3.580978e+03,2.349401e+02,3.315002e+03,-1352.95,3336.47
32.22100,7.163207e+02,3.585396e+03,2.188039e+02,3.292011e+03,-1375.39,3313.3
32.22200,7.002620e+02,3.588583e+03,2.029169e+02,3.268074e+03,-1396.22,3289.21
32.22300,6.841793e+02,3.590421e+03,1.871723e+02,3.242942e+03,-1415.93,3263.93
32.22400,6.681973e+02,3.588237e+03,1.712071e+02,3.214153e+03,-1432.51,3235.02
32.22500,6.518419e+02,3.584664e+03,1.550269e+02,3.184085e+03,-1446.61,3204.85
32.22600,6.366861e+02,3.580940e+03,1.400021e+02,3.154231e+03,-1460.38,3174.92
32.22700,6.231375e+02,3.576993e+03,1.263098e+02,3.124817e+03,-1471.54,3145.46
32.22800,6.095395e+02,3.574124e+03,1.126771e+02,3.096449e+03,-1481.32,3117.07
32.22900,5.975141e+02,3.568324e+03,1.006810e+02,3.065819e+03,-1488.19,3086.45
32.23000,5.849935e+02,3.554573e+03,8.814700e+01,3.027474e+03,-1489.74,3048.14
32.23100,5.735146e+02,3.540045e+03,7.660547e+01,2.988856e+03,-1490.37,3009.55
32.23200,5.627701e+02,3.531479e+03,6.570838e+01,2.956169e+03,-1493.12,2976.91
32.23300,5.528615e+02,3.520343e+03,5.567487e+01,2.921658e+03,-1494.05,2942.45
32.23400,5.443385e+02,3.506198e+03,4.715754e+01,2.884566e+03,-1490.97,2905.43
32.23500,5.351573e+02,3.485355e+03,3.794005e+01,2.841580e+03,-1485.02,2862.51
32.23600,5.275988e+02,3.470329e+03,3.037549e+01,2.804392e+03,-1479.34,2825.41
32.23700,5.212063e+02,3.456959e+03,2.393925e+01,2.769534e+03,-1472.85,2790.63
32.23800,5.146917e+02,3.437792e+03,1.746032e+01,2.729444e+03,-1463.38,2750.62
32.23900,5.086425e+02,3.416382e+03,1.147715e+01,2.687719e+03,-1452.59,2708.97
32.24000,5.036737e+02,3.393018e+03,6.486637e+00,2.644799e+03,-1439.81,2666.11
32.24100,4.991826e+02,3.369097e+03,2.154045e+00,2.601823e+03,-1425.78,2623.19
32.24200,4.945143e+02,3.339773e+03,-2.400702e+00,2.554249e+03,-1409.47,2575.65
32.24300,4.910440e+02,3.309668e+03,-5.573765e+00,2.506533e+03,-1391.97,2527.95
32.24400,4.881007e+02,3.277931e+03,-8.299993e+00,2.457813e+03,-1372.02,2479.21
32.24500,4.854721e+02,3.243318e+03,-1.068179e+01,2.406985e+03,-1351.02,2428.34
32.24600,4.847085e+02,3.210872e+03,-1.128614e+01,2.358828e+03,-1328.09,2380.1
32.24700,4.831829e+02,3.170267e+03,-1.249167e+01,2.303630e+03,-1303.69,2324.79
32.24800,4.818825e+02,3.124483e+03,-1.341210e+01,2.244110e+03,-1277.1,2265.12
32.24900,4.810705e+02,3.076284e+03,-1.387466e+01,2.183110e+03,-1249.39,2203.93
32.25000,4.806945e+02,3.024926e+03,-1.379711e+01,2.119865e+03,-1220.17,2140.44
32.25100,4.807246e+02,2.969167e+03,-1.344317e+01,2.053229e+03,-1189.31,2073.5
32.25200,4.809981e+02,2.910635e+03,-1.266959e+01,1.984732e+03,-1157.42,2004.64
32.25300,4.815685e+02,2.846893e+03,-1.168730e+01,1.912152e+03,-1124.11,1931.63
32.25400,4.827028e+02,2.779297e+03,-1.013349e+01,1.836802e+03,-1089.3,1855.79
32.25500,4.839056e+02,2.706308e+03,-8.499973e+00,1.757169e+03,-1053.39,1775.59
32.25600,4.854397e+02,2.627932e+03,-6.550253e+00,1.673354e+03,-1016.23,1691.13
32.25700,4.873617e+02,2.544752e+03,-4.256967e+00,1.585952e+03,-977.852,1603.01
32.25800,4.895578e+02,2.456601e+03,-1.624538e+00,1.494831e+03,-938.898,1511.09
32.25900,4.921835e+02,2.362165e+03,1.313715e+00,1.398727e+03,-898.512,1414.11
32.26000,4.952465e+02,2.262174e+03,4.706916e+00,1.298391e+03,-857.171,1312.83
32.26100,4.989181e+02,2.156815e+03,8.605100e+00,1.194033e+03,-815.194,1207.45
32.26200,5.026921e+02,2.044643e+03,1.270024e+01,1.084247e+03,-772.256,1096.57
32.26300,5.074485e+02,1.929303e+03,1.756452e+01,9.725800e+02,-728.816,983.747
32.26400,5.127016e+02,1.806338e+03,2.298279e+01,8.547267e+02,-684.537,864.678
32.26500,5.189209e+02,1.680803e+03,2.916942e+01,7.356073e+02,-639.623,744.289
32.26600,5.254515e+02,1.547696e+03,3.572363e+01,6.102762e+02,-594.227,617.642
32.26700,5.324917e+02,1.405797e+03,4.274462e+01,4.780084e+02,-548.338,484.016
32.26800,5.407455e+02,1.264310e+03,5.079970e+01,3.471701e+02,-502.481,351.787
32.26900,5.497747e+02,1.117548e+03,5.961537e+01,2.124257e+02,-455.704,215.627
32.27000,5.595499e+02,9.667280e+02,6.910593e+01,7.494553e+01,-408.621,76.7154
32.27100,5.701781e+02,8.126900e+02,7.934107e+01,-6.444435e+01,-361.469,-64.1142
32.27200,5.818103e+02,6.544073e+02,9.042833e+01,-2.066523e+02,-313.63,-207.76
32.27300,5.941402e+02,4.921900e+02,1.022403e+02,-3.514705e+02,-265.726,-354.001
32.27400,6.070119e+02,3.316253e+02,1.144652e+02,-4.937496e+02,-217.817,-497.684
32.27500,6.206931e+02,1.665645e+02,1.274911e+02,-6.391178e+02,-169.135,-644.426
32.27600,6.348251e+02,3.805505e+00,1.408522e+02,-7.813407e+02,-120.921,-787.989
32.27700,6.497669e+02,-1.649766e+02,1.550453e+02,-9.281493e+02,-72.2562,-936.093
32.27800,6.649766e+02,-3.297970e+02,1.694261e+02,-1.070236e+03,-23.6009,-1079.43
32.27900,6.806547e+02,-4.960672e+02,1.842017e+02,-1.212622e+03,25.1955,-1223.01
32.28000,6.965340e+02,-6.590798e+02,1.992253e+02,-1.350961e+03,73.8185,-1362.5
32.28100,7.120027e+02,-8.206720e+02,2.137891e+02,-1.487075e+03,122.375,-1499.71
32.28200,7.278533e+02,-9.804693e+02,2.287396e+02,-1.620671e+03,170.973,-1634.34
32.28300,7.437807e+02,-1.139835e+03,2.437721e+02,-1.752848e+03,219.547,-1767.5
32.28400,7.583280e+02,-1.289605e+03,2.574336e+02,-1.875331e+03,267.569,-1890.91
32.28500,7.726700e+02,-1.436659e+03,2.709367e+02,-1.994462e+03,315.528,-2010.91
32.28600,7.872800e+02,-1.587379e+03,2.846783e+02,-2.115912e+03,363.964,-2133.18
32.28700,8.002847e+02,-1.726788e+03,2.970201e+02,-2.226337e+03,411.462,-2244.36
32.28800,8.125073e+02,-1.861905e+03,3.084379e+02,-2.331953e+03,458.802,-2350.67
32.28900,8.238400e+02,-1.992009e+03,3.190751e+02,-2.432158e+03,505.529,-2451.52
32.29000,8.337660e+02,-2.115608e+03,3.284567e+02,-2.525627e+03,551.786,-2545.58
32.29100,8.423713e+02,-2.232610e+03,3.365291e+02,-2.612394e+03,597.981,-2632.88
32.29200,8.497593e+02,-2.343670e+03,3.435220e+02,-2.693039e+03,643.025,-2714
32.29300,8.553120e+02,-2.446815e+03,3.487901e+02,-2.765752e+03,687.624,-2787.13
32.29400,8.598020e+02,-2.547127e+03,3.529722e+02,-2.835269e+03,732.123,-2857.01
32.29500,8.619560e+02,-2.638114e+03,3.549735e+02,-2.895632e+03,775.673,-2917.67
32.29600,8.624813e+02,-2.719792e+03,3.554397e+02,-2.946906e+03,818.036,-2969.19
32.29700,8.615200e+02,-2.795756e+03,3.544785e+02,-2.992545e+03,859.657,-3015.02
32.29800,8.583000e+02,-2.866083e+03,3.514601e+02,-3.032461e+03,900.781,-3055.08
32.29900,8.535547e+02,-2.928217e+03,3.468816e+02,-3.064707e+03,941.18,-3087.41
32.30000,8.474907e+02,-2.985645e+03,3.411592e+02,-3.091878e+03,980.329,-3114.63
32.30100,8.396040e+02,-3.034577e+03,3.335693e+02,-3.111193e+03,1018.31,-3133.95
32.30200,8.300467e+02,-3.079774e+03,3.244916e+02,-3.126744e+03,1055.71,-3149.47
32.30300,8.190973e+02,-3.117046e+03,3.141541e+02,-3.134847e+03,1091.21,-3157.52
32.30400,8.068107e+02,-3.149433e+03,3.023356e+02,-3.138134e+03,1125.8,-3160.74
32.30500,7.943413e+02,-3.180011e+03,2.903542e+02,-3.139612e+03,1159.15,-3162.13
32.30600,7.807613e+02,-3.205696e+03,2.773603e+02,-3.136441e+03,1191.27,-3158.87
32.30700,7.665667e+02,-3.228459e+03,2.636861e+02,-3.130577e+03,1222.54,-3152.92
32.30800,7.519193e+02,-3.248566e+03,2.495239e+02,-3.122262e+03,1251.92,-3144.52
32.30900,7.376113e+02,-3.268274e+03,2.357742e+02,-3.113325e+03,1279.75,-3135.51
32.31000,7.236680e+02,-3.285675e+03,2.221725e+02,-3.102315e+03,1305.81,-3124.45
32.31100,7.093600e+02,-3.302129e+03,2.082631e+02,-3.090542e+03,1330.73,-3112.65
32.31200,6.955960e+02,-3.316527e+03,1.947769e+02,-3.077087e+03,1353.58,-3099.18
32.31300,6.821800e+02,-3.332326e+03,1.816493e+02,-3.064652e+03,1375.22,-3086.76
32.31400,6.698060e+02,-3.348008e+03,1.693631e+02,-3.052565e+03,1395.63,-3074.7
32.31500,6.574339e+02,-3.360915e+03,1.571427e+02,-3.037560e+03,1412.7,-3059.75
32.31600,6.453466e+02,-3.370569e+03,1.451071e+02,-3.019629e+03,1426.54,-3041.9
32.31700,6.340000e+02,-3.383327e+03,1.336771e+02,-3.004773e+03,1441.29,-3027.14
32.31800,6.242004e+02,-3.395207e+03,1.237949e+02,-2.989813e+03,1452.96,-3012.29
32.31900,6.150352e+02,-3.408285e+03,1.146107e+02,-2.975939e+03,1462.8,-2998.56
32.32000,6.071754e+02,-3.421307e+03,1.066281e+02,-2.962305e+03,1470.8,-2985.09
32.32100,5.991185e+02,-3.423109e+03,9.845573e+01,-2.937790e+03,1472.36,-2960.75
32.32200,5.910937e+02,-3.425115e+03,9.025973e+01,-2.914077e+03,1473.37,-2937.2
32.32300,5.846809e+02,-3.432092e+03,8.356400e+01,-2.895469e+03,1476.07,-2918.76
32.32400,5.788290e+02,-3.435471e+03,7.754033e+01,-2.873855e+03,1476.29,-2897.31
32.32500,5.740687e+02,-3.438373e+03,7.253147e+01,-2.851803e+03,1473.65,-2875.42
32.32600,5.696155e+02,-3.437658e+03,6.789633e+01,-2.826841e+03,1468.87,-2850.6
32.32700,5.645452e+02,-3.433496e+03,6.274403e+01,-2.799177e+03,1462.87,-2823.08
32.32800,5.599767e+02,-3.430323e+03,5.804418e+01,-2.773051e+03,1456.44,-2797.08
32.32900,5.561045e+02,-3.424448e+03,5.415111e+01,-2.744543e+03,1447.36,-2768.68
32.33000,5.523549e+02,-3.414043e+03,5.037159e+01,-2.712459e+03,1436.27,-2736.68
32.33100,5.487215e+02,-3.399920e+03,4.667176e+01,-2.677278e+03,1423.27,-2701.55
32.33200,5.453521e+02,-3.382010e+03,4.342715e+01,-2.639122e+03,1408.2,-2663.41
32.33300,5.420938e+02,-3.364212e+03,4.031924e+01,-2.601623e+03,1392.36,-2625.89
32.33400,5.399979e+02,-3.343379e+03,3.831829e+01,-2.561621e+03,1373.65,-2585.82
32.33500,5.376023e+02,-3.319213e+03,3.622888e+01,-2.519331e+03,1353.79,-2543.43
32.33600,5.347147e+02,-3.286190e+03,3.368005e+01,-2.469279e+03,1331.86,-2493.23
32.33700,5.319265e+02,-3.250009e+03,3.132324e+01,-2.416946e+03,1308.55,-2440.7
32.33800,5.291750e+02,-3.209096e+03,2.900211e+01,-2.360867e+03,1282.98,-2384.38
32.33900,5.273014e+02,-3.164743e+03,2.758573e+01,-2.302265e+03,1255.78,-2325.48
32.34000,5.247447e+02,-3.115536e+03,2.557002e+01,-2.239681e+03,1227.33,-2262.54
32.34100,5.224820e+02,-3.059881e+03,2.390331e+01,-2.171872e+03,1196.79,-2194.31
32.34200,5.201612e+02,-3.000123e+03,2.217925e+01,-2.101085e+03,1165.37,-2123.04
32.34300,5.178481e+02,-2.933506e+03,2.053124e+01,-2.024651e+03,1132.05,-2046.05
32.34400,5.152419e+02,-2.859896e+03,1.869071e+01,-1.942542e+03,1097.59,-1963.32
32.34500,5.131187e+02,-2.782687e+03,1.729714e+01,-1.857943e+03,1062.08,-1878.03
32.34600,5.112081e+02,-2.699069e+03,1.607323e+01,-1.768176e+03,1025.13,-1787.51
32.34700,5.094006e+02,-2.609259e+03,1.501115e+01,-1.673581e+03,987.181,-1692.09
32.34800,5.079901e+02,-2.513546e+03,1.421495e+01,-1.574423e+03,948.181,-1592.03
32.34900,5.069435e+02,-2.410091e+03,1.383463e+01,-1.468998e+03,907.634,-1485.65
32.35000,5.063047e+02,-2.303652e+03,1.389800e+01,-1.361584e+03,866.828,-1377.22
32.35100,5.065499e+02,-2.191337e+03,1.475585e+01,-1.249817e+03,824.711,-1264.38
32.35200,5.067489e+02,-2.068299e+03,1.556529e+01,-1.129113e+03,781.948,-1142.55
32.35300,5.080780e+02,-1.942837e+03,1.740550e+01,-1.007083e+03,738.455,-1019.34
32.35400,5.100909e+02,-1.812777e+03,1.990581e+01,-8.817960e+02,694.492,-892.828
32.35500,5.131007e+02,-1.675861e+03,2.329477e+01,-7.512107e+02,649.402,-760.978
32.35600,5.168755e+02,-1.534709e+03,2.747835e+01,-6.177823e+02,604.285,-626.252
32.35700,5.217608e+02,-1.391435e+03,3.260492e+01,-4.832936e+02,558.308,-490.432
32.35800,5.275870e+02,-1.241871e+03,3.859796e+01,-3.441586e+02,511.946,-349.941
32.35900,5.344963e+02,-1.087831e+03,4.559100e+01,-2.019337e+02,465.002,-206.341
32.36000,5.424248e+02,-9.273913e+02,5.355534e+01,-5.492943e+01,417.609,-57.9569
32.36100,5.512613e+02,-7.684487e+02,6.233255e+01,8.980107e+01,370.079,88.1569
32.36200,5.612018e+02,-6.061211e+02,7.214587e+01,2.364443e+02,322.173,236.185
32.36300,5.722005e+02,-4.425863e+02,8.289713e+01,3.832642e+02,274.003,384.385
32.36400,5.840991e+02,-2.743705e+02,9.448607e+01,5.331545e+02,225.404,535.641
32.36500,5.968343e+02,-1.065293e+02,1.068378e+02,6.817060e+02,176.722,685.541
32.36600,6.104329e+02,6.241349e+01,1.199427e+02,8.302467e+02,127.901,835.408
32.36700,6.246561e+02,2.304355e+02,1.336184e+02,9.769940e+02,78.8366,983.455
32.36800,6.393609e+02,3.995752e+02,1.477109e+02,1.123579e+03,29.7526,1131.31
32.36900,6.548751e+02,5.688997e+02,1.626178e+02,1.269302e+03,-19.5161,1278.26
32.37000,6.707467e+02,7.360940e+02,1.778019e+02,1.412089e+03,-68.5845,1422.24
32.37100,6.869980e+02,9.036953e+02,1.933727e+02,1.554203e+03,-118.01,1565.51
32.37200,7.026040e+02,1.062846e+03,2.082575e+02,1.687623e+03,-166.562,1700.04
32.37300,7.189367e+02,1.224407e+03,2.238591e+02,1.822303e+03,-215.501,1835.78
32.37400,7.351787e+02,1.384405e+03,2.393628e+02,1.954564e+03,-264.56,1969.06
32.37500,7.510153e+02,1.538281e+03,2.544379e+02,2.080214e+03,-312.977,2095.68
32.37600,7.665073e+02,1.689285e+03,2.692581e+02,2.202497e+03,-361.252,2218.87
32.37700,7.814387e+02,1.836383e+03,2.834964e+02,2.320189e+03,-409.379,2337.42
32.37800,7.958107e+02,1.978903e+03,2.971718e+02,2.432905e+03,-457.089,2450.95
32.37900,8.093773e+02,2.115950e+03,3.101028e+02,2.539701e+03,-504.158,2558.49
32.38000,8.217827e+02,2.246801e+03,3.220422e+02,2.640276e+03,-550.818,2659.76
32.38100,8.335027e+02,2.374567e+03,3.331817e+02,2.736997e+03,-597.081,2757.12
32.38200,8.436967e+02,2.494785e+03,3.429590e+02,2.826104e+03,-642.836,2846.8
32.38300,8.528980e+02,2.609571e+03,3.516736e+02,2.909517e+03,-687.798,2930.73
32.38400,8.603287e+02,2.717955e+03,3.587710e+02,2.986653e+03,-732.27,3008.32
32.38500,8.663240e+02,2.819493e+03,3.645196e+02,3.056719e+03,-775.613,3078.78
32.38600,8.704160e+02,2.914888e+03,3.684302e+02,3.120463e+03,-818.358,3142.85
32.38700,8.734033e+02,3.005427e+03,3.713987e+02,3.179387e+03,-860.964,3202.03
32.38800,8.746640e+02,3.087256e+03,3.724624e+02,3.229903e+03,-901.935,3252.75
32.38900,8.737007e+02,3.159817e+03,3.716571e+02,3.271348e+03,-941.59,3294.33
32.39000,8.712193e+02,3.227775e+03,3.692300e+02,3.308211e+03,-980.787,3331.28
32.39100,8.665653e+02,3.287643e+03,3.647667e+02,3.337333e+03,-1019.17,3360.43
32.39200,8.607567e+02,3.342027e+03,3.592639e+02,3.361021e+03,-1055.99,3384.1
32.39300,8.531633e+02,3.389611e+03,3.519467e+02,3.378293e+03,-1092.21,3401.31
32.39400,8.435260e+02,3.430712e+03,3.426357e+02,3.389232e+03,-1126.92,3412.14
32.39500,8.326573e+02,3.464777e+03,3.323161e+02,3.393603e+03,-1160.09,3416.38
32.39600,8.205027e+02,3.494382e+03,3.204485e+02,3.393671e+03,-1192.38,3416.29
32.39700,8.072020e+02,3.519631e+03,3.075429e+02,3.389791e+03,-1223.92,3412.22
32.39800,7.929147e+02,3.538513e+03,2.936581e+02,3.379887e+03,-1253.27,3402.12
32.39900,7.776587e+02,3.553349e+03,2.788641e+02,3.366252e+03,-1281.56,3388.28
32.40000,7.619513e+02,3.565629e+03,2.634870e+02,3.350241e+03,-1308.49,3372.06
32.40100,7.456767e+02,3.575747e+03,2.476595e+02,3.332419e+03,-1333.82,3354.04
32.40200,7.296907e+02,3.581478e+03,2.320073e+02,3.310447e+03,-1357.13,3331.88
32.40300,7.132813e+02,3.585551e+03,2.158255e+02,3.287233e+03,-1379.35,3308.49
32.40400,6.970140e+02,3.588234e+03,1.997555e+02,3.262773e+03,-1399.88,3283.87
32.40500,6.814633e+02,3.590672e+03,1.843815e+02,3.238345e+03,-1419.46,3259.3
32.40600,6.651748e+02,3.587311e+03,1.682044e+02,3.208425e+03,-1435.09,3229.27
32.40700,6.490853e+02,3.583472e+03,1.522643e+02,3.178176e+03,-1448.92,3198.92
32.40800,6.340499e+02,3.580206e+03,1.372983e+02,3.148766e+03,-1462.85,3169.44
32.40900,6.205080e+02,3.576727e+03,1.236328e+02,3.119834e+03,-1473.56,3140.46
32.41000,6.071299e+02,3.571635e+03,1.102837e+02,3.089451e+03,-1482.3,3110.06
32.41100,5.951943e+02,3.565747e+03,9.836627e+01,3.058705e+03,-1488.4,3079.33
32.41200,5.826300e+02,3.551878e+03,8.575267e+01,3.020253e+03,-1489.81,3040.91
32.41300,5.714862e+02,3.538928e+03,7.450360e+01,2.983302e+03,-1491.27,3003.99
32.41400,5.607842e+02,3.528676e+03,6.367824e+01,2.949019e+03,-1492.84,2969.76
32.41500,5.512009e+02,3.517734e+03,5.401225e+01,2.914948e+03,-1494.03,2935.74
32.41600,5.426051e+02,3.502355e+03,4.539473e+01,2.876642e+03,-1490.04,2897.5
32.41700,5.338710e+02,3.482821e+03,3.661141e+01,2.834995e+03,-1484.15,2855.93
32.41800,5.262105e+02,3.467613e+03,2.897470e+01,2.797739e+03,-1478.45,2818.76
32.41900,5.199075e+02,3.453714e+03,2.267098e+01,2.762358e+03,-1471.33,2783.46
32.42000,5.134875e+02,3.434443e+03,1.628150e+01,2.722252e+03,-1461.57,2743.43
32.42100,5.077057e+02,3.412025e+03,1.050275e+01,2.679787e+03,-1450.4,2701.04
32.42200,5.027647e+02,3.389009e+03,5.592976e+00,2.637196e+03,-1437.5,2658.51
32.42300,4.982724e+02,3.363785e+03,1.240767e+00,2.593069e+03,-1422.72,2614.43
32.42400,4.938035e+02,3.334125e+03,-3.041739e+00,2.545354e+03,-1406.15,2566.75
32.42500,4.905582e+02,3.303511e+03,-6.036439e+00,2.497243e+03,-1388.24,2518.65
32.42600,4.874632e+02,3.272147e+03,-8.881753e+00,2.448927e+03,-1368.44,2470.31
32.42700,4.854071e+02,3.237829e+03,-1.076007e+01,2.398574e+03,-1346.99,2419.91
32.42800,4.846589e+02,3.204505e+03,-1.134743e+01,2.349666e+03,-1323.66,2370.92
32.42900,4.829595e+02,3.162358e+03,-1.264545e+01,2.293117e+03,-1298.83,2314.25
32.43000,4.816457e+02,3.114774e+03,-1.358619e+01,2.232157e+03,-1272.13,2253.13
32.43100,4.809783e+02,3.067381e+03,-1.389000e+01,2.171935e+03,-1244.17,2192.7
32.43200,4.807201e+02,3.014731e+03,-1.375970e+01,2.107584e+03,-1214.51,2128.1
32.43300,4.807990e+02,2.958723e+03,-1.329904e+01,2.040885e+03,-1183.47,2061.09
32.43400,4.810620e+02,2.899213e+03,-1.254239e+01,1.971565e+03,-1151.3,1991.4
32.43500,4.816545e+02,2.834746e+03,-1.152149e+01,1.898523e+03,-1117.98,1917.92
32.43600,4.828437e+02,2.766530e+03,-9.908120e+00,1.822689e+03,-1082.91,1841.57
32.43700,4.842033e+02,2.691883e+03,-8.184280e+00,1.741641e+03,-1046.45,1759.94
32.43800,4.857594e+02,2.612867e+03,-6.171955e+00,1.657427e+03,-1009.15,1675.07
32.43900,4.877333e+02,2.529073e+03,-3.825387e+00,1.569662e+03,-970.824,1586.57
32.44000,4.899879e+02,2.439499e+03,-1.151586e+00,1.477348e+03,-931.486,1493.45
32.44100,4.926093e+02,2.344239e+03,1.804279e+00,1.380643e+03,-891.14,1395.86
32.44200,4.958489e+02,2.242949e+03,5.325507e+00,1.279315e+03,-849.505,1293.57
32.44300,4.996465e+02,2.136776e+03,9.346853e+00,1.174340e+03,-807.327,1187.56
32.44400,5.034473e+02,2.023504e+03,1.346419e+01,1.063700e+03,-764.36,1075.82
32.44500,5.082447e+02,1.906685e+03,1.839141e+01,9.508007e+02,-720.78,961.755
32.44600,5.137177e+02,1.783533e+03,2.398267e+01,8.329753e+02,-676.427,842.704
32.44700,5.200227e+02,1.656844e+03,3.026876e+01,7.129173e+02,-631.238,721.37
32.44800,5.265691e+02,1.521177e+03,3.683798e+01,5.854656e+02,-585.862,592.595
32.44900,5.338869e+02,1.380006e+03,4.408575e+01,4.541319e+02,-540.141,459.897
32.45000,5.422639e+02,1.237148e+03,5.226522e+01,3.221314e+02,-493.866,326.502
32.45100,5.514537e+02,1.090001e+03,6.123189e+01,1.872467e+02,-447.245,190.199
32.45200,5.613536e+02,9.381387e+02,7.082827e+01,4.896220e+01,-399.976,50.4824
32.45300,5.721175e+02,7.832720e+02,8.119773e+01,-9.097180e+01,-352.68,-90.8911
32.45400,5.839202e+02,6.251328e+02,9.242107e+01,-2.328535e+02,-304.93,-234.207
32.45500,5.964035e+02,4.620671e+02,1.043391e+02,-3.782657e+02,-256.844,-381.038
32.45600,6.094744e+02,3.013437e+02,1.168065e+02,-5.205333e+02,-208.914,-524.704
32.45700,6.231819e+02,1.357665e+02,1.298269e+02,-6.661359e+02,-160.312,-671.674
32.45800,6.374660e+02,-2.868306e+01,1.433608e+02,-8.097393e+02,-111.922,-816.609
32.45900,6.524497e+02,-1.959076e+02,1.575577e+02,-9.549427e+02,-63.2903,-963.099
32.46000,6.677967e+02,-3.613833e+02,1.720653e+02,-1.097373e+03,-14.7229,-1106.77
32.46100,6.834720e+02,-5.268225e+02,1.868689e+02,-1.238827e+03,34.1003,-1249.41
32.46200,6.991620e+02,-6.891407e+02,2.016767e+02,-1.376403e+03,82.6695,-1388.13
32.46300,7.148807e+02,-8.501220e+02,2.164185e+02,-1.511679e+03,131.101,-1524.48
32.46400,7.307973e+02,-1.010843e+03,2.314712e+02,-1.646010e+03,179.84,-1659.84
32.46500,7.465547e+02,-1.168787e+03,2.463861e+02,-1.776701e+03,228.348,-1791.5
32.46600,7.609680e+02,-1.317657e+03,2.599165e+02,-1.898239e+03,276.34,-1913.96
32.46700,7.753267e+02,-1.463864e+03,2.734390e+02,-2.016447e+03,324.212,-2033.03
32.46800,7.896673e+02,-1.613763e+03,2.869167e+02,-2.136938e+03,372.728,-2154.32
32.46900,8.025220e+02,-1.752344e+03,2.990989e+02,-2.246471e+03,420.098,-2264.6
32.47000,8.145073e+02,-1.886055e+03,3.103050e+02,-2.350607e+03,467.272,-2369.43
32.47100,8.257420e+02,-2.015596e+03,3.208171e+02,-2.450221e+03,514.171,-2469.68
32.47200,8.353587e+02,-2.137744e+03,3.299199e+02,-2.542126e+03,560.153,-2562.16
32.47300,8.437687e+02,-2.253915e+03,3.378195e+02,-2.628081e+03,606.454,-2648.63
32.47400,8.509073e+02,-2.363963e+03,3.445751e+02,-2.707657e+03,651.436,-2728.68
32.47500,8.563780e+02,-2.467437e+03,3.498613e+02,-2.780595e+03,696.045,-2802.02
32.47600,8.603607e+02,-2.564379e+03,3.534629e+02,-2.846840e+03,740.102,-2868.62
32.47700,8.620040e+02,-2.653131e+03,3.550169e+02,-2.905069e+03,783.357,-2927.14
32.47800,8.623733e+02,-2.734219e+03,3.553495e+02,-2.955724e+03,825.638,-2978.03
32.47900,8.611533e+02,-2.810099e+03,3.541523e+02,-3.001194e+03,867.378,-3023.68
32.48000,8.575160e+02,-2.878470e+03,3.506551e+02,-3.039261e+03,908.474,-3061.88
32.48100,8.524360e+02,-2.939153e+03,3.458140e+02,-3.070024e+03,948.419,-3092.73
32.48200,8.461467e+02,-2.994874e+03,3.398862e+02,-3.095698e+03,987.296,-3118.44
32.48300,8.378360e+02,-3.042461e+03,3.319094e+02,-3.113697e+03,1025.23,-3136.44
32.48400,8.281407e+02,-3.087203e+03,3.226762e+02,-3.128751e+03,1062.34,-3151.46
32.48500,8.169807e+02,-3.123747e+03,3.121098e+02,-3.136145e+03,1097.84,-3158.79
32.48600,8.044573e+02,-3.155164e+03,3.000403e+02,-3.138501e+03,1132.05,-3161.08
32.48700,7.917267e+02,-3.184313e+03,2.878976e+02,-3.138605e+03,1165.02,-3161.09
32.48800,7.779860e+02,-3.209325e+03,2.747182e+02,-3.134893e+03,1197.08,-3157.29
32.48900,7.637673e+02,-3.231816e+03,2.610198e+02,-3.128667e+03,1228,-3150.98
32.49000,7.493107e+02,-3.252043e+03,2.469294e+02,-3.120575e+03,1257.23,-3142.81
32.49100,7.349473e+02,-3.271641e+03,2.331961e+02,-3.111467e+03,1284.77,-3133.63
32.49200,7.209233e+02,-3.288278e+03,2.195111e+02,-3.099747e+03,1310.34,-3121.86
32.49300,7.067340e+02,-3.302733e+03,2.056985e+02,-3.086255e+03,1334.48,-3108.34
32.49400,6.930293e+02,-3.319530e+03,1.922945e+02,-3.074879e+03,1357.63,-3096.96
32.49500,6.798500e+02,-3.334950e+03,1.793677e+02,-3.062176e+03,1379.09,-3084.27
32.49600,6.674667e+02,-3.351385e+03,1.670045e+02,-3.050725e+03,1399.6,-3072.86
32.49700,6.550372e+02,-3.361619e+03,1.547723e+02,-3.033263e+03,1414.99,-3055.46
32.49800,6.432495e+02,-3.371959e+03,1.430155e+02,-3.016035e+03,1428.99,-3038.31
32.49900,6.321640e+02,-3.385557e+03,1.318348e+02,-3.002083e+03,1443.54,-3024.46
32.50000,6.226145e+02,-3.398001e+03,1.221956e+02,-2.987575e+03,1455.08,-3010.07
32.50100,6.135235e+02,-3.410179e+03,1.130260e+02,-2.972983e+03,1464.29,-2995.62
32.50200,6.057037e+02,-3.420578e+03,1.051314e+02,-2.956901e+03,1470.8,-2979.71
32.50300,5.975959e+02,-3.422928e+03,9.687353e+01,-2.932900e+03,1472.26,-2955.88
32.50400,5.899182e+02,-3.427204e+03,8.898660e+01,-2.911325e+03,1474.28,-2934.47
32.50500,5.834730e+02,-3.431739e+03,8.230660e+01,-2.890587e+03,1476.04,-2913.9
32.50600,5.777937e+02,-3.436896e+03,7.646160e+01,-2.870569e+03,1476.3,-2894.04
32.50700,5.730645e+02,-3.438388e+03,7.145720e+01,-2.847337e+03,1473.2,-2870.97
32.50800,5.686266e+02,-3.436637e+03,6.687420e+01,-2.821488e+03,1467.86,-2845.27
32.50900,5.637178e+02,-3.433557e+03,6.187777e+01,-2.794974e+03,1461.96,-2818.89
32.51000,5.591883e+02,-3.428861e+03,5.724212e+01,-2.767409e+03,1454.63,-2791.45
32.51100,5.553311e+02,-3.422650e+03,5.336575e+01,-2.738719e+03,1445.5,-2762.87
32.51200,5.516917e+02,-3.412183e+03,4.965358e+01,-2.706642e+03,1434.2,-2730.86
32.51300,5.481817e+02,-3.396749e+03,4.613596e+01,-2.670351e+03,1420.43,-2694.62
32.51400,5.447037e+02,-3.378502e+03,4.279478e+01,-2.631925e+03,1405.37,-2656.2
32.51500,5.415831e+02,-3.360202e+03,3.985687e+01,-2.594085e+03,1389.12,-2618.33
32.51600,5.398142e+02,-3.339603e+03,3.819441e+01,-2.554387e+03,1369.83,-2578.57
32.51700,5.370362e+02,-3.313366e+03,3.570156e+01,-2.510279e+03,1349.92,-2534.35
32.51800,5.343290e+02,-3.280493e+03,3.334224e+01,-2.460441e+03,1327.53,-2484.35
32.51900,5.311605e+02,-3.242230e+03,3.065691e+01,-2.406335e+03,1304.13,-2430.04
32.52000,5.287118e+02,-3.200847e+03,2.861914e+01,-2.349919e+03,1278.12,-2373.38
32.52100,5.268049e+02,-3.156283e+03,2.718165e+01,-2.291192e+03,1250.59,-2314.34
32.52200,5.243367e+02,-3.105949e+03,2.524831e+01,-2.227777e+03,1221.87,-2250.56
32.52300,5.220710e+02,-3.049085e+03,2.359005e+01,-2.158933e+03,1190.93,-2181.28
32.52400,5.197192e+02,-2.988534e+03,2.186194e+01,-2.087609e+03,1159.48,-2109.46
32.52500,5.173294e+02,-2.920875e+03,2.014918e+01,-2.010248e+03,1125.81,-2031.54
32.52600,5.147657e+02,-2.845893e+03,1.833658e+01,-1.927109e+03,1091.2,-1947.76
32.52700,5.127777e+02,-2.767745e+03,1.705993e+01,-1.841795e+03,1055.38,-1861.75
32.52800,5.108189e+02,-2.682904e+03,1.579439e+01,-1.750966e+03,1018.22,-1770.15
32.52900,5.090997e+02,-2.591898e+03,1.479957e+01,-1.655493e+03,979.965,-1673.84
32.53000,5.077137e+02,-2.494943e+03,1.405023e+01,-1.555351e+03,940.836,-1572.79
32.53100,5.067225e+02,-2.391107e+03,1.372925e+01,-1.449717e+03,900.34,-1466.19
32.53200,5.062854e+02,-2.282949e+03,1.396929e+01,-1.340927e+03,858.966,-1356.37
32.53300,5.063800e+02,-2.168568e+03,1.469141e+01,-1.227399e+03,816.986,-1241.76
32.53400,5.068165e+02,-2.045352e+03,1.573297e+01,-1.106675e+03,774.046,-1119.9
32.53500,5.083013e+02,-1.919354e+03,1.772363e+01,-9.843400e+02,730.565,-996.38
32.53600,5.105066e+02,-1.787649e+03,2.037833e+01,-8.577300e+02,686.274,-868.539
32.53700,5.136323e+02,-1.650188e+03,2.389209e+01,-7.268133e+02,641.159,-736.352
32.53800,5.176200e+02,-1.508531e+03,2.826038e+01,-5.931217e+02,596.001,-601.357
32.53900,5.226927e+02,-1.363763e+03,3.356999e+01,-4.574547e+02,549.811,-464.355
32.54000,5.286781e+02,-1.213864e+03,3.970229e+01,-3.181870e+02,503.427,-323.728
32.54100,5.357977e+02,-1.058294e+03,4.688074e+01,-1.747827e+02,456.327,-178.949
32.54200,5.438545e+02,-8.981080e+02,5.498312e+01,-2.811209e+01,408.984,-30.8989
32.54300,5.529081e+02,-7.382007e+02,6.395688e+01,1.172177e+02,361.301,115.814
32.54400,5.631317e+02,-5.756761e+02,7.397620e+01,2.638016e+02,313.412,263.781
32.54500,5.742266e+02,-4.105452e+02,8.486647e+01,4.119572e+02,265.112,413.313
32.54600,5.863042e+02,-2.430877e+02,9.661547e+01,5.609691e+02,216.478,563.688
32.54700,5.991815e+02,-7.463013e+01,1.091127e+02,7.098773e+02,167.653,713.94
32.54800,6.129947e+02,9.431833e+01,1.223921e+02,8.581827e+02,118.787,863.566
32.54900,6.271575e+02,2.607637e+02,1.359939e+02,1.003291e+03,70.0615,1009.97
32.55000,6.422107e+02,4.320940e+02,1.504296e+02,1.151744e+03,20.6125,1159.68
32.55100,6.577101e+02,6.004923e+02,1.653054e+02,1.296394e+03,-28.5824,1305.55
32.55200,6.736693e+02,7.676833e+02,1.805895e+02,1.439042e+03,-77.7205,1449.39
32.55300,6.896307e+02,9.327060e+02,1.958649e+02,1.578591e+03,-126.93,1590.08
32.55400,7.055807e+02,1.093395e+03,2.110830e+02,1.713216e+03,-175.513,1725.81
32.55500,7.217947e+02,1.253001e+03,2.265723e+02,1.846000e+03,-224.328,1859.65
32.55600,7.380280e+02,1.413511e+03,2.420813e+02,1.978554e+03,-273.605,1993.21
32.55700,7.538593e+02,1.566621e+03,2.571205e+02,2.103241e+03,-321.664,2118.85
32.55800,7.692080e+02,1.717073e+03,2.718307e+02,2.224873e+03,-370.103,2241.39
32.55900,7.840167e+02,1.863253e+03,2.859379e+02,2.341574e+03,-418.285,2358.94
32.56000,7.982753e+02,2.004553e+03,2.995242e+02,2.453021e+03,-465.681,2471.18
32.56100,8.116660e+02,2.140861e+03,3.122971e+02,2.559057e+03,-512.804,2577.96
32.56200,8.238240e+02,2.270023e+03,3.239408e+02,2.657851e+03,-559.266,2677.44
32.56300,8.355307e+02,2.398546e+03,3.350848e+02,2.755131e+03,-605.868,2775.34
32.56400,8.454187e+02,2.516157e+03,3.445384e+02,2.841705e+03,-651.072,2862.48
32.56500,8.542433e+02,2.629686e+03,3.529771e+02,2.923941e+03,-695.923,2945.22
32.56600,8.613973e+02,2.737319e+03,3.598123e+02,3.000205e+03,-740.429,3021.93
32.56700,8.670513e+02,2.836901e+03,3.652197e+02,3.068420e+03,-783.472,3090.52
32.56800,8.707373e+02,2.931097e+03,3.687559e+02,3.131013e+03,-826.164,3153.43
32.56900,8.736173e+02,3.020952e+03,3.715365e+02,3.189181e+03,-868.662,3211.85
32.57000,8.744473e+02,3.100596e+03,3.722934e+02,3.237505e+03,-909.212,3260.36
32.57100,8.732707e+02,3.172166e+03,3.711831e+02,3.277967e+03,-948.858,3300.96
32.57200,8.705147e+02,3.239657e+03,3.685782e+02,3.314427e+03,-988.02,3337.49
32.57300,8.653140e+02,3.296317e+03,3.635380e+02,3.340437e+03,-1025.85,3363.52
32.57400,8.594573e+02,3.351331e+03,3.580203e+02,3.364661e+03,-1062.86,3387.72
32.57500,8.515153e+02,3.397208e+03,3.503139e+02,3.380441e+03,-1098.76,3403.43
32.57600,8.415447e+02,3.436877e+03,3.407960e+02,3.389977e+03,-1133.09,3412.86
32.57700,8.304000e+02,3.469415e+03,3.301530e+02,3.392897e+03,-1165.75,3415.64
32.57800,8.180840e+02,3.499366e+03,3.180947e+02,3.393281e+03,-1198.5,3415.86
32.57900,8.047307e+02,3.522973e+03,3.051239e+02,3.387907e+03,-1229.31,3410.3
32.58000,7.901240e+02,3.541365e+03,2.909649e+02,3.377489e+03,-1258.59,3399.68
32.58100,7.747140e+02,3.555331e+03,2.760188e+02,3.363085e+03,-1286.58,3385.07
32.58200,7.589960e+02,3.567055e+03,2.606051e+02,3.346541e+03,-1313.07,3368.32
32.58300,7.427067e+02,3.576776e+03,2.447874e+02,3.328361e+03,-1338.18,3349.94
32.58400,7.267107e+02,3.582044e+03,2.290532e+02,3.305913e+03,-1361.23,3327.3
32.58500,7.103567e+02,3.585661e+03,2.129369e+02,3.282519e+03,-1383.33,3303.74
32.58600,6.940087e+02,3.588446e+03,1.967885e+02,3.258035e+03,-1403.59,3279.1
32.58700,6.785160e+02,3.589845e+03,1.814353e+02,3.232698e+03,-1422.48,3253.63
32.58800,6.621512e+02,3.586243e+03,1.651746e+02,3.202489e+03,-1437.35,3223.3
32.58900,6.462168e+02,3.582343e+03,1.494463e+02,3.172295e+03,-1451.58,3193.02
32.59000,6.317024e+02,3.579137e+03,1.348970e+02,3.143095e+03,-1464.8,3163.75
32.59100,6.179787e+02,3.574908e+03,1.211461e+02,3.113419e+03,-1474.95,3134.03
32.59200,6.049483e+02,3.570375e+03,1.080649e+02,3.083611e+03,-1483.34,3104.21
32.59300,5.927573e+02,3.562757e+03,9.591547e+01,3.051277e+03,-1488.52,3071.9
32.59400,5.804031e+02,3.548435e+03,8.353533e+01,3.012333e+03,-1489.59,3032.99
32.59500,5.693809e+02,3.537505e+03,7.237547e+01,2.977371e+03,-1491.91,2998.06
32.59600,5.589589e+02,3.525498e+03,6.178266e+01,2.941719e+03,-1492.95,2962.46
32.59700,5.493297e+02,3.514535e+03,5.217841e+01,2.907579e+03,-1493.45,2928.38
32.59800,5.408275e+02,3.498704e+03,4.359585e+01,2.868837e+03,-1489,2889.7
32.59900,5.323339e+02,3.479375e+03,3.508437e+01,2.827535e+03,-1483,2848.48
32.60000,5.250465e+02,3.465491e+03,2.780031e+01,2.791652e+03,-1477.35,2812.68
32.60100,5.187243e+02,3.450101e+03,2.146860e+01,2.754937e+03,-1469.69,2776.04
32.60200,5.123445e+02,3.430229e+03,1.513695e+01,2.714344e+03,-1459.63,2735.52
32.60300,5.067826e+02,3.407799e+03,9.555347e+00,2.671969e+03,-1448.1,2693.22
32.60400,5.018327e+02,3.384872e+03,4.676648e+00,2.629543e+03,-1435.26,2650.86
32.60500,4.975202e+02,3.358114e+03,4.824557e-01,2.584095e+03,-1419.61,2605.46
32.60600,4.932038e+02,3.328746e+03,-3.636257e+00,2.536757e+03,-1402.91,2558.15
32.60700,4.900083e+02,3.297927e+03,-6.554344e+00,2.488451e+03,-1384.51,2509.85
32.60800,4.869767e+02,3.265833e+03,-9.334867e+00,2.439612e+03,-1364.51,2460.98
32.60900,4.852117e+02,3.232245e+03,-1.091903e+01,2.390097e+03,-1342.99,2411.41
32.61000,4.843192e+02,3.197034e+03,-1.162978e+01,2.339475e+03,-1319.17,2360.7
32.61100,4.827089e+02,3.154862e+03,-1.284917e+01,2.282977e+03,-1294.12,2304.07
32.61200,4.814781e+02,3.105507e+03,-1.370160e+01,2.220492e+03,-1266.87,2241.42
32.61300,4.809433e+02,3.058071e+03,-1.386218e+01,2.160440e+03,-1238.79,2181.16
32.61400,4.807544e+02,3.004477e+03,-1.366839e+01,2.095437e+03,-1208.98,2115.9
32.61500,4.808797e+02,2.948229e+03,-1.314213e+01,2.028540e+03,-1177.61,2048.68
32.61600,4.811927e+02,2.888028e+03,-1.236655e+01,1.958692e+03,-1145.33,1978.45
32.61700,4.817185e+02,2.821981e+03,-1.136934e+01,1.884317e+03,-1111.62,1903.62
32.61800,4.830412e+02,2.753420e+03,-9.647800e+00,1.808291e+03,-1076.36,1827.07
32.61900,4.843781e+02,2.677623e+03,-7.921860e+00,1.726315e+03,-1039.61,1744.5
32.62000,4.861035e+02,2.597577e+03,-5.776305e+00,1.641339e+03,-1002.01,1658.85
32.62100,4.880735e+02,2.512956e+03,-3.431858e+00,1.552923e+03,-963.696,1569.69
32.62200,4.904258e+02,2.422223e+03,-6.922907e-01,1.459711e+03,-923.976,1475.66
32.62300,4.931545e+02,2.326066e+03,2.389617e+00,1.362375e+03,-883.526,1377.42
32.62400,4.964645e+02,2.223856e+03,5.974085e+00,1.260378e+03,-841.936,1274.45
32.62500,5.002081e+02,2.116281e+03,9.984993e+00,1.154192e+03,-799.469,1167.22
32.62600,5.042488e+02,2.002342e+03,1.426311e+01,1.043177e+03,-756.472,1055.09
32.62700,5.090757e+02,1.883863e+03,1.924186e+01,9.289020e+02,-712.711,939.642
32.62800,5.147506e+02,1.760405e+03,2.500735e+01,8.110127e+02,-668.256,820.519
32.62900,5.212201e+02,1.633212e+03,3.144502e+01,6.906613e+02,-623.044,698.883
32.63000,5.277591e+02,1.495480e+03,3.800158e+01,5.614688e+02,-577.665,568.36
32.63100,5.352817e+02,1.353648e+03,4.543616e+01,4.296951e+02,-531.748,435.217
32.63200,5.438209e+02,1.210035e+03,5.376512e+01,2.971686e+02,-485.324,301.292
32.63300,5.531479e+02,1.061808e+03,6.285906e+01,1.615255e+02,-438.529,164.229
32.63400,5.631959e+02,9.097320e+02,7.259253e+01,2.321904e+01,-391.38,24.4895
32.63500,5.741585e+02,7.531893e+02,8.312053e+01,-1.180323e+02,-343.894,-118.2
32.63600,5.860693e+02,5.949625e+02,9.446847e+01,-2.598466e+02,-296.044,-261.446
32.63700,5.986290e+02,4.320501e+02,1.064601e+02,-4.049147e+02,-248.102,-407.929
32.63800,6.118788e+02,2.696597e+02,1.190729e+02,-5.485491e+02,-199.818,-552.955
32.63900,6.256976e+02,1.058411e+02,1.321837e+02,-6.923527e+02,-151.535,-698.119
32.64000,6.401427e+02,-6.014990e+01,1.459017e+02,-8.371667e+02,-103.184,-844.258
32.64100,6.551696e+02,-2.268751e+02,1.601053e+02,-9.817213e+02,-54.3474,-990.089
32.64200,6.706420e+02,-3.932461e+02,1.747555e+02,-1.124785e+03,-5.68021,-1134.38
32.64300,6.862380e+02,-5.570457e+02,1.894551e+02,-1.264530e+03,42.9982,-1275.31
32.64400,7.018200e+02,-7.194833e+02,2.041689e+02,-1.402053e+03,91.6563,-1413.96
32.64500,7.177847e+02,-8.807313e+02,2.191765e+02,-1.537431e+03,140.103,-1550.41
32.64600,7.336973e+02,-1.040910e+03,2.341953e+02,-1.671040e+03,188.753,-1685.03
32.64700,7.488933e+02,-1.195270e+03,2.485587e+02,-1.798315e+03,237.091,-1813.27
32.64800,7.635853e+02,-1.345870e+03,2.623511e+02,-1.921234e+03,285.293,-1937.09
32.64900,7.780120e+02,-1.492645e+03,2.759335e+02,-2.039754e+03,333.307,-2056.46
32.65000,7.920713e+02,-1.639994e+03,2.891437e+02,-2.157757e+03,381.391,-2175.26
32.65100,8.046833e+02,-1.777384e+03,3.011181e+02,-2.266100e+03,428.762,-2284.34
32.65200,8.165447e+02,-1.910535e+03,3.122114e+02,-2.369603e+03,475.956,-2388.52
32.65300,8.274713e+02,-2.038544e+03,3.224607e+02,-2.467653e+03,522.712,-2487.19
32.65400,8.369173e+02,-2.159631e+03,3.313856e+02,-2.558530e+03,568.8,-2578.64
32.65500,8.451293e+02,-2.274845e+03,3.391274e+02,-2.643432e+03,614.669,-2664.05
32.65600,8.518300e+02,-2.382401e+03,3.454631e+02,-2.720564e+03,659.439,-2741.64
32.65700,8.572787e+02,-2.486500e+03,3.506275e+02,-2.793883e+03,704.312,-2815.36
32.65800,8.607820e+02,-2.581127e+03,3.538501e+02,-2.858063e+03,748.124,-2879.88
32.65900,8.619353e+02,-2.667649e+03,3.549361e+02,-2.914091e+03,791.161,-2936.19
32.66000,8.622860e+02,-2.748847e+03,3.552385e+02,-2.964731e+03,833.354,-2987.06
32.66100,8.604060e+02,-2.822410e+03,3.534278e+02,-3.007975e+03,874.738,-3030.48
32.66200,8.566107e+02,-2.890341e+03,3.497465e+02,-3.045549e+03,916.043,-3068.17
32.66300,8.514333e+02,-2.950382e+03,3.448564e+02,-3.075607e+03,955.618,-3098.3
32.66400,8.446260e+02,-3.003483e+03,3.384503e+02,-3.098947e+03,994.169,-3121.67
32.66500,8.362127e+02,-3.051503e+03,3.303703e+02,-3.117275e+03,1032.29,-3139.99
32.66600,8.260920e+02,-3.093199e+03,3.207405e+02,-3.129391e+03,1068.64,-3152.07
32.66700,8.147613e+02,-3.129602e+03,3.099754e+02,-3.136658e+03,1104.12,-3159.28
32.66800,8.022220e+02,-3.160518e+03,2.979279e+02,-3.138511e+03,1138.09,-3161.06
32.66900,7.892067e+02,-3.188795e+03,2.854863e+02,-3.137798e+03,1170.91,-3160.26
32.67000,7.753867e+02,-3.213705e+03,2.722056e+02,-3.134013e+03,1203.03,-3156.38
32.67100,7.611967e+02,-3.236337e+03,2.584890e+02,-3.127887e+03,1233.63,-3150.17
32.67200,7.466540e+02,-3.255534e+03,2.444332e+02,-3.118697e+03,1262.36,-3140.9
32.67300,7.322980e+02,-3.274487e+03,2.306377e+02,-3.109133e+03,1289.57,-3131.27
32.67400,7.182107e+02,-3.291243e+03,2.168628e+02,-3.097495e+03,1315.08,-3119.59
32.67500,7.042267e+02,-3.306159e+03,2.032422e+02,-3.084466e+03,1338.8,-3106.54
32.67600,6.905260e+02,-3.322366e+03,1.899016e+02,-3.072455e+03,1361.66,-3094.52
32.67700,6.775440e+02,-3.337558e+03,1.770566e+02,-3.059714e+03,1382.78,-3081.8
32.67800,6.649240e+02,-3.351739e+03,1.645866e+02,-3.046197e+03,1402.45,-3068.33
32.67900,6.527253e+02,-3.363958e+03,1.524667e+02,-3.030322e+03,1417.66,-3052.52
32.68000,6.411288e+02,-3.374304e+03,1.408544e+02,-3.013324e+03,1431.8,-3035.6
32.68100,6.301389e+02,-3.385613e+03,1.298267e+02,-2.997353e+03,1445.08,-3019.74
32.68200,6.209381e+02,-3.401145e+03,1.204949e+02,-2.985685e+03,1457.4,-3008.19
32.68300,6.122733e+02,-3.412813e+03,1.117001e+02,-2.970748e+03,1465.76,-2993.4
32.68400,6.042069e+02,-3.419963e+03,1.035935e+02,-2.951557e+03,1470.9,-2974.39
32.68500,5.960153e+02,-3.422237e+03,9.529527e+01,-2.927525e+03,1471.74,-2950.52
32.68600,5.887318e+02,-3.428992e+03,8.775200e+01,-2.908294e+03,1475.02,-2931.46
32.68700,5.823438e+02,-3.433285e+03,8.112473e+01,-2.887335e+03,1476.22,-2910.66
32.68800,5.768285e+02,-3.437385e+03,7.545553e+01,-2.866455e+03,1475.93,-2889.95
32.68900,5.722314e+02,-3.438455e+03,7.058547e+01,-2.842970e+03,1472.56,-2866.62
32.69000,5.675316e+02,-3.435588e+03,6.575785e+01,-2.816104e+03,1466.73,-2839.9
32.69100,5.629782e+02,-3.433602e+03,6.111733e+01,-2.790764e+03,1460.99,-2814.7
32.69200,5.583977e+02,-3.427886e+03,5.643116e+01,-2.762304e+03,1453.18,-2786.36
32.69300,5.546168e+02,-3.420620e+03,5.263959e+01,-2.732679e+03,1443.56,-2756.83
32.69400,5.510209e+02,-3.409043e+03,4.896257e+01,-2.699657e+03,1431.61,-2723.88
32.69500,5.474923e+02,-3.394113e+03,4.546267e+01,-2.663882e+03,1417.77,-2688.14
32.69600,5.441887e+02,-3.375529e+03,4.228283e+01,-2.625259e+03,1402.47,-2649.53
32.69700,5.409421e+02,-3.355603e+03,3.924352e+01,-2.585967e+03,1385.75,-2610.2
32.69800,5.394389e+02,-3.335607e+03,3.783739e+01,-2.547040e+03,1366.44,-2571.19
32.69900,5.365640e+02,-3.307368e+03,3.526769e+01,-2.501088e+03,1345.77,-2525.12
32.70000,5.339621e+02,-3.275108e+03,3.302480e+01,-2.451961e+03,1323.36,-2475.83
32.70100,5.305601e+02,-3.234381e+03,3.016417e+01,-2.395671e+03,1299.41,-2419.33
32.70200,5.281973e+02,-3.192179e+03,2.818077e+01,-2.338669e+03,1273.14,-2362.07
32.70300,5.263473e+02,-3.147848e+03,2.679377e+01,-2.280199e+03,1245.54,-2303.28
32.70400,5.238767e+02,-3.095881e+03,2.487565e+01,-2.215430e+03,1216.34,-2238.13
32.70500,5.215593e+02,-3.038787e+03,2.319085e+01,-2.146480e+03,1185.38,-2168.74
32.70600,5.191453e+02,-2.976382e+03,2.141515e+01,-2.073565e+03,1153.43,-2095.31
32.70700,5.168345e+02,-2.907782e+03,1.977554e+01,-1.995534e+03,1119.57,-2016.71
32.70800,5.143563e+02,-2.832297e+03,1.805003e+01,-1.912079e+03,1084.89,-1932.61
32.70900,5.123428e+02,-2.752759e+03,1.673635e+01,-1.825558e+03,1048.75,-1845.37
32.71000,5.105097e+02,-2.666568e+03,1.564919e+01,-1.733749e+03,1011.28,-1752.78
32.71100,5.087945e+02,-2.574432e+03,1.458397e+01,-1.637307e+03,972.801,-1655.49
32.71200,5.074676e+02,-2.476384e+03,1.390409e+01,-1.536287e+03,933.354,-1553.55
32.71300,5.065505e+02,-2.371584e+03,1.367329e+01,-1.429997e+03,892.922,-1446.29
32.71400,5.063339e+02,-2.263191e+03,1.411511e+01,-1.321123e+03,851.315,-1336.38
32.71500,5.061744e+02,-2.145060e+03,1.460544e+01,-1.204358e+03,809.206,-1218.52
32.71600,5.069321e+02,-2.022589e+03,1.593991e+01,-1.084464e+03,766.162,-1097.48
32.71700,5.085999e+02,-1.895045e+03,1.809346e+01,-9.608840e+02,722.431,-972.707
32.71800,5.109279e+02,-1.762487e+03,2.085857e+01,-8.336473e+02,678.033,-844.232
32.71900,5.141880e+02,-1.624547e+03,2.451605e+01,-7.025220e+02,633.069,-711.83
32.72000,5.184145e+02,-1.483039e+03,2.909534e+01,-5.691201e+02,587.744,-577.121
32.72100,5.236601e+02,-1.336106e+03,3.456023e+01,-4.316871e+02,541.405,-438.35
32.72200,5.298395e+02,-1.185167e+03,4.086997e+01,-2.916603e+02,494.926,-296.961
32.72300,5.371110e+02,-1.028722e+03,4.820504e+01,-1.476101e+02,447.722,-151.535
32.72400,5.453986e+02,-8.684120e+02,5.651297e+01,-1.042167e+00,400.353,-3.58858
32.72500,5.546247e+02,-7.082753e+02,6.564785e+01,1.443279e+02,352.686,143.164
32.72600,5.650152e+02,-5.451665e+02,7.583133e+01,2.912659e+02,304.628,291.483
32.72700,5.763275e+02,-3.790390e+02,8.688380e+01,4.400599e+02,256.218,441.652
32.72800,5.885449e+02,-2.115497e+02,9.877680e+01,5.889615e+02,207.546,591.912
32.72900,6.016263e+02,-4.314995e+01,1.114476e+02,7.376093e+02,158.865,741.899
32.73000,6.153636e+02,1.245077e+02,1.246647e+02,8.845687e+02,110.036,890.173
32.73100,6.298438e+02,2.938887e+02,1.385461e+02,1.032132e+03,60.8903,1039.02
32.73200,6.449673e+02,4.636231e+02,1.530875e+02,1.178943e+03,11.6984,1187.09
32.73300,6.605691e+02,6.318599e+02,1.680278e+02,1.323258e+03,-37.5504,1332.62
32.73400,6.766353e+02,7.993693e+02,1.834224e+02,1.466000e+03,-86.721,1476.54
32.73500,6.922927e+02,9.616480e+02,1.983947e+02,1.602865e+03,-135.757,1614.54
32.73600,7.085633e+02,1.124017e+03,2.139187e+02,1.738912e+03,-184.652,1751.68
32.73700,7.246553e+02,1.281390e+03,2.292861e+02,1.869444e+03,-233.12,1883.26
32.73800,7.408867e+02,1.442370e+03,2.447904e+02,2.002168e+03,-282.45,2016.98
32.73900,7.566833e+02,1.595010e+03,2.597877e+02,2.126334e+03,-330.579,2142.09
32.74000,7.719320e+02,1.744763e+03,2.743916e+02,2.247121e+03,-379.039,2263.77
32.74100,7.865967e+02,1.889736e+03,2.883748e+02,2.362585e+03,-427.053,2380.08
32.74200,8.007080e+02,2.030327e+03,3.018498e+02,2.473194e+03,-474.369,2491.47
32.74300,8.139307e+02,2.165105e+03,3.144437e+02,2.577695e+03,-521.229,2596.7
32.74400,8.260227e+02,2.294799e+03,3.260463e+02,2.676838e+03,-567.857,2696.52
32.74500,8.371113e+02,2.419506e+03,3.365936e+02,2.770512e+03,-614.159,2790.81
32.74600,8.470447e+02,2.537607e+03,3.460624e+02,2.857362e+03,-659.447,2878.21
32.74700,8.556140e+02,2.649501e+03,3.542873e+02,2.938105e+03,-704.06,2959.45
32.74800,8.624627e+02,2.756055e+03,3.608246e+02,3.013163e+03,-748.362,3034.94
32.74900,8.677373e+02,2.854221e+03,3.658691e+02,3.079999e+03,-791.451,3102.15
32.75000,8.710827e+02,2.946827e+03,3.690796e+02,3.141027e+03,-833.84,3163.48
32.75100,8.738560e+02,3.036297e+03,3.717273e+02,3.198840e+03,-876.344,3221.53
32.75200,8.741733e+02,3.113898e+03,3.720535e+02,3.245051e+03,-916.524,3267.92
32.75300,8.728247e+02,3.184547e+03,3.707613e+02,3.284746e+03,-956.236,3307.74
32.75400,8.697187e+02,3.250920e+03,3.677907e+02,3.319959e+03,-995.041,3343.02
32.75500,8.642593e+02,3.306009e+03,3.625895e+02,3.344600e+03,-1032.66,3367.67
32.75600,8.580373e+02,3.359995e+03,3.566369e+02,3.367773e+03,-1069.55,3390.81
32.75700,8.497953e+02,3.404707e+03,3.486797e+02,3.382345e+03,-1104.99,3405.31
32.75800,8.395233e+02,3.442563e+03,3.388868e+02,3.390201e+03,-1138.9,3413.05
32.75900,8.281213e+02,3.474917e+03,3.279171e+02,3.392931e+03,-1171.82,3415.63
32.76000,8.157000e+02,3.503715e+03,3.157643e+02,3.392379e+03,-1204.27,3414.91
32.76100,8.021020e+02,3.526114e+03,3.026167e+02,3.385765e+03,-1234.58,3408.11
32.76200,7.872447e+02,3.543147e+03,2.882285e+02,3.374123e+03,-1263.71,3396.27
32.76300,7.716967e+02,3.557619e+03,2.730601e+02,3.360084e+03,-1291.71,3382.02
32.76400,7.560713e+02,3.569226e+03,2.577077e+02,3.343541e+03,-1317.94,3365.27
32.76500,7.396667e+02,3.576759e+03,2.418511e+02,3.323274e+03,-1342.16,3344.81
32.76600,7.236880e+02,3.582976e+03,2.260565e+02,3.301802e+03,-1365.4,3323.15
32.76700,7.075287e+02,3.586599e+03,2.100591e+02,3.278409e+03,-1387.23,3299.59
32.76800,6.912107e+02,3.588585e+03,1.940456e+02,3.253277e+03,-1407.13,3274.31
32.76900,6.754300e+02,3.588297e+03,1.784217e+02,3.226308e+03,-1425.15,3247.2
32.77000,6.591868e+02,3.585158e+03,1.622463e+02,3.196559e+03,-1439.84,3217.35
32.77100,6.433053e+02,3.581383e+03,1.465765e+02,3.166499e+03,-1454.29,3187.2
32.77200,6.291042e+02,3.577569e+03,1.322725e+02,3.136879e+03,-1466.69,3157.51
32.77300,6.154659e+02,3.574287e+03,1.186017e+02,3.108130e+03,-1476.63,3128.73
32.77400,6.028401e+02,3.569828e+03,1.059672e+02,3.078545e+03,-1484.94,3099.14
32.77500,5.903551e+02,3.559992e+03,9.349927e+01,3.044028e+03,-1488.84,3064.65
32.77600,5.781260e+02,3.545229e+03,8.123673e+01,3.004650e+03,-1489.39,3025.3
32.77700,5.673079e+02,3.535677e+03,7.026007e+01,2.971157e+03,-1492.37,2991.84
32.77800,5.569893e+02,3.523230e+03,5.982661e+01,2.935078e+03,-1493.13,2955.81
32.77900,5.477567e+02,3.512491e+03,5.058269e+01,2.901288e+03,-1493.15,2922.09
32.78000,5.390935e+02,3.494145e+03,4.184009e+01,2.860317e+03,-1487.75,2881.19
32.78100,5.308557e+02,3.477213e+03,3.359816e+01,2.821233e+03,-1482.15,2842.18
32.78200,5.239282e+02,3.463085e+03,2.666340e+01,2.785264e+03,-1476.05,2806.29
32.78300,5.174569e+02,3.446812e+03,2.019665e+01,2.747779e+03,-1468.14,2768.89
32.78400,5.112655e+02,3.425830e+03,1.403749e+01,2.706263e+03,-1457.52,2727.45
32.78500,5.058593e+02,3.403466e+03,8.609420e+00,2.664033e+03,-1445.71,2685.29
32.78600,5.010227e+02,3.380421e+03,3.889512e+00,2.621655e+03,-1432.71,2642.97
32.78700,4.965546e+02,3.352248e+03,-4.743725e-01,2.574881e+03,-1416.56,2596.24
32.78800,4.926187e+02,3.322849e+03,-4.208907e+00,2.527632e+03,-1399.34,2549.01
32.78900,4.895083e+02,3.292555e+03,-7.009213e+00,2.479979e+03,-1381.02,2501.37
32.79000,4.865359e+02,3.258685e+03,-9.747193e+00,2.429526e+03,-1360.27,2450.88
32.79100,4.849203e+02,3.226168e+03,-1.116399e+01,2.381111e+03,-1338.82,2402.41
32.79200,4.840057e+02,3.189084e+03,-1.190266e+01,2.328928e+03,-1314.64,2350.12
32.79300,4.824839e+02,3.147033e+03,-1.303083e+01,2.272573e+03,-1289.34,2293.64
32.79400,4.811838e+02,3.096347e+03,-1.393841e+01,2.208901e+03,-1261.75,2229.79
32.79500,4.809109e+02,3.048910e+03,-1.383526e+01,2.149073e+03,-1233.39,2169.74
32.79600,4.806454e+02,2.994522e+03,-1.369768e+01,2.083400e+03,-1203.37,2103.8
32.79700,4.809145e+02,2.937715e+03,-1.301811e+01,2.016181e+03,-1171.86,2036.25
32.79800,4.812671e+02,2.876390e+03,-1.221895e+01,1.945453e+03,-1139.27,1965.12
32.79900,4.818359e+02,2.809371e+03,-1.116869e+01,1.870282e+03,-1105.29,1889.49
32.80000,4.832782e+02,2.739294e+03,-9.361400e+00,1.793028e+03,-1069.47,1811.7
32.80100,4.846411e+02,2.663636e+03,-7.596673e+00,1.711296e+03,-1032.91,1729.36
32.80200,4.863744e+02,2.582157e+03,-5.451049e+00,1.625111e+03,-994.912,1642.49
32.80300,4.884464e+02,2.496528e+03,-2.984666e+00,1.535982e+03,-956.508,1552.61
32.80400,4.908847e+02,2.404643e+03,-1.880531e-01,1.441882e+03,-916.55,1457.67
32.80500,4.936738e+02,2.307535e+03,2.952038e+00,1.343743e+03,-875.886,1358.62
32.80600,4.970391e+02,2.204605e+03,6.588299e+00,1.241264e+03,-834.367,1255.16
32.80700,5.008243e+02,2.095469e+03,1.065998e+01,1.133852e+03,-791.693,1146.69
32.80800,5.050599e+02,1.981077e+03,1.507331e+01,1.022587e+03,-748.489,1034.3
32.80900,5.099538e+02,1.860723e+03,2.013543e+01,9.067313e+02,-704.509,917.256
32.81000,5.158274e+02,1.737015e+03,2.605416e+01,7.888067e+02,-659.933,798.088
32.81100,5.224667e+02,1.609515e+03,3.265513e+01,6.683340e+02,-614.757,676.324
32.81200,5.288835e+02,1.468189e+03,3.911244e+01,5.360439e+02,-569.294,542.697
32.81300,5.367306e+02,1.327591e+03,4.682919e+01,4.055689e+02,-523.318,410.847
32.81400,5.453741e+02,1.182836e+03,5.529656e+01,2.721659e+02,-476.839,276.042
32.81500,5.549217e+02,1.033820e+03,6.452645e+01,1.360194e+02,-429.858,138.474
32.81600,5.650681e+02,8.810153e+02,7.437260e+01,-2.757389e+00,-382.764,-1.73674
32.81700,5.762620e+02,7.223267e+02,8.511427e+01,-1.458453e+02,-335.13,-146.261
32.81800,5.883153e+02,5.632549e+02,9.659693e+01,-2.881788e+02,-287.144,-290.023
32.81900,6.008921e+02,4.023027e+02,1.085969e+02,-4.312919e+02,-239.401,-434.546
32.82000,6.142790e+02,2.385705e+02,1.213374e+02,-5.759241e+02,-190.913,-580.564
32.82100,6.282326e+02,7.569253e+01,1.345408e+02,-7.187187e+02,-142.687,-724.713
32.82200,6.427891e+02,-9.122613e+01,1.483824e+02,-8.641653e+02,-94.1953,-871.474
32.82300,6.579073e+02,-2.572113e+02,1.626613e+02,-1.007833e+03,-45.6619,-1016.41
32.82400,6.735560e+02,-4.251888e+02,1.774905e+02,-1.152215e+03,3.49703,-1162.01
32.82500,6.889447e+02,-5.866573e+02,1.919901e+02,-1.289685e+03,51.7231,-1300.65
32.82600,7.047873e+02,-7.498260e+02,2.069580e+02,-1.427689e+03,100.502,-1439.77
32.82700,7.206240e+02,-9.111613e+02,2.218820e+02,-1.563037e+03,149.186,-1576.18
32.82800,7.366653e+02,-1.071579e+03,2.370011e+02,-1.696621e+03,197.814,-1710.77
32.82900,7.513513e+02,-1.222591e+03,2.508491e+02,-1.820659e+03,245.9,-1835.76
32.83000,7.661833e+02,-1.373319e+03,2.647803e+02,-1.943502e+03,294.106,-1959.5
32.83100,7.806913e+02,-1.522397e+03,2.784485e+02,-2.063953e+03,342.393,-2080.79
32.83200,7.943433e+02,-1.665547e+03,2.913069e+02,-2.178062e+03,390.159,-2195.68
32.83300,8.068180e+02,-1.801805e+03,3.031144e+02,-2.285155e+03,437.3,-2303.5
32.83400,8.185860e+02,-1.934879e+03,3.141097e+02,-2.388432e+03,484.52,-2407.45
32.83500,8.291380e+02,-2.060764e+03,3.240664e+02,-2.484362e+03,531.111,-2503.99
32.83600,8.384320e+02,-2.181476e+03,3.327809e+02,-2.574761e+03,577.365,-2594.95
32.83700,8.464260e+02,-2.294595e+03,3.403581e+02,-2.657721e+03,622.852,-2678.41
32.83800,8.526927e+02,-2.401213e+03,3.462516e+02,-2.733779e+03,667.584,-2754.91
32.83900,8.580493e+02,-2.505034e+03,3.512779e+02,-2.806693e+03,712.491,-2828.22
32.84000,8.612013e+02,-2.598129e+03,3.542555e+02,-2.869401e+03,756.058,-2891.25
32.84100,8.621287e+02,-2.683443e+03,3.550586e+02,-2.924199e+03,799.06,-2946.32
32.84200,8.617753e+02,-2.761764e+03,3.547592e+02,-2.972144e+03,840.884,-2994.49
32.84300,8.596693e+02,-2.835592e+03,3.527443e+02,-3.015560e+03,882.679,-3038.07
32.84400,8.557020e+02,-2.901206e+03,3.488766e+02,-3.051049e+03,923.256,-3073.67
32.84500,8.503233e+02,-2.961109e+03,3.437687e+02,-3.080753e+03,962.854,-3103.44
32.84600,8.430673e+02,-3.011733e+03,3.369465e+02,-3.101811e+03,1001.04,-3124.52
32.84700,8.344413e+02,-3.060094e+03,3.286842e+02,-3.120331e+03,1039.21,-3143.03
32.84800,8.240053e+02,-3.099062e+03,3.187292e+02,-3.129913e+03,1074.86,-3152.57
32.84900,8.123720e+02,-3.135541e+03,3.076738e+02,-3.137237e+03,1110.52,-3159.83
32.85000,8.000113e+02,-3.166962e+03,2.957901e+02,-3.139486e+03,1144.49,-3162
32.85100,7.867173e+02,-3.193747e+03,2.831063e+02,-3.137401e+03,1176.9,-3159.83
32.85200,7.727567e+02,-3.217844e+03,2.696489e+02,-3.132829e+03,1208.68,-3155.17
32.85300,7.584100e+02,-3.239559e+03,2.557786e+02,-3.125905e+03,1239.12,-3148.16
32.85400,7.440700e+02,-3.258820e+03,2.419628e+02,-3.116755e+03,1267.4,-3138.94
32.85500,7.296353e+02,-3.277609e+03,2.280484e+02,-3.107005e+03,1294.41,-3129.13
32.85600,7.155513e+02,-3.294032e+03,2.142120e+02,-3.095133e+03,1319.77,-3117.21
32.85700,7.016407e+02,-3.309614e+03,2.007083e+02,-3.082669e+03,1343.35,-3104.73
32.85800,6.880033e+02,-3.325337e+03,1.874383e+02,-3.070207e+03,1365.97,-3092.27
32.85900,6.752567e+02,-3.340430e+03,1.747532e+02,-3.057491e+03,1386.46,-3079.58
32.86000,6.627177e+02,-3.354537e+03,1.623793e+02,-3.043818e+03,1405.69,-3065.95
32.86100,6.504397e+02,-3.365647e+03,1.501921e+02,-3.026906e+03,1420.44,-3049.1
32.86200,6.388126e+02,-3.376227e+03,1.385101e+02,-3.010160e+03,1434.6,-3032.45
32.86300,6.283330e+02,-3.387935e+03,1.280137e+02,-2.994771e+03,1447.37,-3017.16
32.86400,6.192475e+02,-3.403104e+03,1.188265e+02,-2.982758e+03,1459.12,-3005.28
32.86500,6.108709e+02,-3.415578e+03,1.103542e+02,-2.968635e+03,1467.47,-2991.31
32.86600,6.027325e+02,-3.420738e+03,1.021139e+02,-2.947319e+03,1471.04,-2970.17
32.86700,5.947551e+02,-3.422531e+03,9.394953e+01,-2.923125e+03,1471.75,-2946.14
32.86800,5.874346e+02,-3.429425e+03,8.642033e+01,-2.904111e+03,1475.28,-2927.29
32.86900,5.811361e+02,-3.433231e+03,7.992273e+01,-2.882745e+03,1476.12,-2906.09
32.87000,5.759901e+02,-3.437225e+03,7.456913e+01,-2.861760e+03,1475.17,-2885.27
32.87100,5.714394e+02,-3.438325e+03,6.975467e+01,-2.838376e+03,1471.6,-2862.04
32.87200,5.665677e+02,-3.434486e+03,6.477801e+01,-2.810717e+03,1465.62,-2834.53
32.87300,5.621667e+02,-3.433453e+03,6.025564e+01,-2.786377e+03,1459.98,-2810.33
32.87400,5.577502e+02,-3.426940e+03,5.578767e+01,-2.757175e+03,1451.55,-2781.24
32.87500,5.540696e+02,-3.419157e+03,5.207947e+01,-2.727193e+03,1441.58,-2751.35
32.87600,5.504219e+02,-3.407085e+03,4.832405e+01,-2.693777e+03,1429.39,-2718
32.87700,5.469855e+02,-3.391201e+03,4.495499e+01,-2.657256e+03,1415.14,-2681.51
32.87800,5.436557e+02,-3.372131e+03,4.176189e+01,-2.618264e+03,1399.41,-2642.52
32.87900,5.403458e+02,-3.350983e+03,3.866786e+01,-2.577803e+03,1382.21,-2602.01
32.88000,5.388732e+02,-3.330629e+03,3.730996e+01,-2.538773e+03,1362.86,-2562.9
32.88100,5.360476e+02,-3.300749e+03,3.480644e+01,-2.491361e+03,1341.44,-2515.36
32.88200,5.336223e+02,-3.269581e+03,3.272902e+01,-2.443388e+03,1319.22,-2467.21
32.88300,5.301089e+02,-3.225976e+03,2.978513e+01,-2.384602e+03,1294.45,-2408.21
32.88400,5.278283e+02,-3.184822e+03,2.788831e+01,-2.328612e+03,1268.39,-2351.95
32.88500,5.259197e+02,-3.138701e+03,2.644320e+01,-2.268609e+03,1240.25,-2291.62
32.88600,5.234584e+02,-3.085795e+03,2.455246e+01,-2.203120e+03,1210.77,-2225.74
32.88700,5.210907e+02,-3.028005e+03,2.282323e+01,-2.133595e+03,1179.63,-2155.76
32.88800,5.186599e+02,-2.964171e+03,2.103101e+01,-2.059533e+03,1147.32,-2081.18
32.88900,5.163904e+02,-2.894783e+03,1.945509e+01,-1.980913e+03,1113.34,-2001.97
32.89000,5.139949e+02,-2.818286e+03,1.780356e+01,-1.896707e+03,1078.45,-1917.1
32.89100,5.120173e+02,-2.737215e+03,1.652147e+01,-1.808895e+03,1041.83,-1828.56
32.89200,5.102107e+02,-2.650246e+03,1.547323e+01,-1.716561e+03,1004.35,-1735.44
32.89300,5.084382e+02,-2.557023e+03,1.433330e+01,-1.619219e+03,965.715,-1637.24
32.89400,5.071369e+02,-2.456982e+03,1.370503e+01,-1.516537e+03,925.921,-1533.63
32.89500,5.063592e+02,-2.351470e+03,1.360283e+01,-1.409681e+03,885.176,-1425.79
32.89600,5.065577e+02,-2.243793e+03,1.440324e+01,-1.301712e+03,843.509,-1316.77
32.89700,5.061362e+02,-2.122673e+03,1.465986e+01,-1.182363e+03,801.514,-1196.32
32.89800,5.070977e+02,-1.999375e+03,1.618835e+01,-1.061858e+03,758.204,-1074.66
32.89900,5.089139e+02,-1.870844e+03,1.848131e+01,-9.375853e+02,714.324,-949.189
32.90000,5.113987e+02,-1.737341e+03,2.137889e+01,-8.096013e+02,669.827,-819.961
32.90100,5.147730e+02,-1.597894e+03,2.517165e+01,-6.773253e+02,624.71,-686.404
32.90200,5.192204e+02,-1.456657e+03,2.993529e+01,-5.443483e+02,579.408,-552.114
32.90300,5.246313e+02,-1.308009e+03,3.554451e+01,-4.055187e+02,532.828,-411.943
32.90400,5.310432e+02,-1.156431e+03,4.208029e+01,-2.651268e+02,486.411,-270.187
32.90500,5.385109e+02,-9.980913e+02,4.959946e+01,-1.195341e+02,439.095,-123.219
32.90600,5.469606e+02,-8.388973e+02,5.806417e+01,2.583029e+01,391.652,23.5238
32.90700,5.563927e+02,-6.779167e+02,6.733500e+01,1.717800e+02,343.821,170.855
32.90800,5.669475e+02,-5.148094e+02,7.771893e+01,3.185849e+02,295.841,319.04
32.90900,5.784211e+02,-3.478933e+02,8.892620e+01,4.678467e+02,247.298,469.672
32.91000,5.908343e+02,-1.800702e+02,1.009812e+02,6.168545e+02,198.598,620.035
32.91100,6.039835e+02,-1.225877e+01,1.137076e+02,7.647773e+02,150.035,769.293
32.91200,6.178149e+02,1.555002e+02,1.269921e+02,9.116333e+02,101.204,917.457
32.91300,6.325475e+02,3.260915e+02,1.411513e+02,1.060131e+03,51.9041,1067.23
32.91400,6.477292e+02,4.950265e+02,1.557348e+02,1.205958e+03,2.73666,1214.31
32.91500,6.634293e+02,6.630224e+02,1.707653e+02,1.349925e+03,-46.4663,1359.48
32.91600,6.796060e+02,8.311387e+02,1.862553e+02,1.492945e+03,-95.8284,1503.67
32.91700,6.951127e+02,9.911327e+02,2.010686e+02,1.627597e+03,-144.556,1639.45
32.91800,7.114773e+02,1.153993e+03,2.167044e+02,1.763915e+03,-193.542,1776.85
32.91900,7.276480e+02,1.312000e+03,2.321197e+02,1.894813e+03,-242.159,1908.79
32.92000,7.437380e+02,1.470699e+03,2.474728e+02,2.025305e+03,-291.263,2040.27
32.92100,7.594613e+02,1.623099e+03,2.624440e+02,2.149176e+03,-339.518,2165.08
32.92200,7.745973e+02,1.771794e+03,2.769258e+02,2.268754e+03,-387.749,2285.54
32.92300,7.892160e+02,1.916229e+03,2.908580e+02,2.383615e+03,-435.802,2401.23
32.92400,8.031393e+02,2.055440e+03,3.041526e+02,2.492765e+03,-482.88,2511.16
32.92500,8.161607e+02,2.189233e+03,3.165369e+02,2.596151e+03,-529.728,2615.27
32.92600,8.282393e+02,2.319435e+03,3.281771e+02,2.695669e+03,-576.485,2715.45
32.92700,8.389787e+02,2.441993e+03,3.383624e+02,2.787263e+03,-622.556,2807.65
32.92800,8.486900e+02,2.558899e+03,3.475961e+02,2.872843e+03,-667.743,2893.77
32.92900,8.569173e+02,2.669664e+03,3.555327e+02,2.952483e+03,-712.232,2973.89
32.93000,8.634713e+02,2.774067e+03,3.617488e+02,3.025443e+03,-756.101,3047.27
32.93100,8.685260e+02,2.872471e+03,3.666175e+02,3.092335e+03,-799.387,3114.52
32.93200,8.714380e+02,2.962327e+03,3.694546e+02,3.150846e+03,-841.53,3173.33
32.93300,8.740480e+02,3.051076e+03,3.718674e+02,3.207913e+03,-883.834,3230.63
32.93400,8.738980e+02,3.126961e+03,3.717923e+02,3.252426e+03,-923.748,3275.31
32.93500,8.721920e+02,3.195482e+03,3.701530e+02,3.290091e+03,-963.189,3313.09
32.93600,8.687333e+02,3.261431e+03,3.668536e+02,3.324869e+03,-1002.03,3347.92
32.93700,8.632033e+02,3.315763e+03,3.615966e+02,3.348774e+03,-1039.34,3371.83
32.93800,8.566227e+02,3.368645e+03,3.552777e+02,3.370875e+03,-1076.14,3393.89
32.93900,8.479853e+02,3.412034e+03,3.469231e+02,3.384087e+03,-1111.28,3407.02
32.94000,8.375260e+02,3.448631e+03,3.369909e+02,3.390821e+03,-1145.04,3413.63
32.94100,8.259453e+02,3.480981e+03,3.257617e+02,3.393508e+03,-1177.86,3416.17
32.94200,8.133093e+02,3.508066e+03,3.134790e+02,3.391383e+03,-1209.94,3413.87
32.94300,7.993773e+02,3.529551e+03,2.999642e+02,3.383887e+03,-1240.06,3406.19
32.94400,7.843913e+02,3.545034e+03,2.854883e+02,3.370876e+03,-1268.8,3392.97
32.94500,7.688220e+02,3.559610e+03,2.702298e+02,3.356923e+03,-1296.53,3378.81
32.94600,7.531407e+02,3.570643e+03,2.548784e+02,3.339815e+03,-1322.4,3361.5
32.94700,7.367353e+02,3.577837e+03,2.389488e+02,3.319321e+03,-1346.6,3340.81
32.94800,7.206113e+02,3.583297e+03,2.230233e+02,3.297185e+03,-1369.41,3318.49
32.94900,7.044633e+02,3.586655e+03,2.070495e+02,3.273499e+03,-1390.9,3294.64
32.95000,6.883280e+02,3.589046e+03,1.912345e+02,3.248785e+03,-1410.66,3269.78
32.95100,6.724253e+02,3.587837e+03,1.754109e+02,3.220913e+03,-1428.24,3241.78
32.95200,6.560947e+02,3.584611e+03,1.591603e+02,3.191155e+03,-1442.85,3211.92
32.95300,6.404653e+02,3.580544e+03,1.437688e+02,3.160853e+03,-1456.79,3181.53
32.95400,6.264527e+02,3.577170e+03,1.296009e+02,3.131715e+03,-1468.92,3152.33
32.95500,6.131591e+02,3.573805e+03,1.162832e+02,3.103015e+03,-1478.49,3123.6
32.95600,6.007156e+02,3.568955e+03,1.038337e+02,3.073159e+03,-1486.35,3093.75
32.95700,5.880757e+02,3.557721e+03,9.120807e+01,3.037214e+03,-1489.45,3057.83
32.95800,5.761465e+02,3.541987e+03,7.925700e+01,2.997096e+03,-1489.39,3017.74
32.95900,5.653769e+02,3.534110e+03,6.831747e+01,2.965168e+03,-1492.91,2985.85
32.96000,5.551853e+02,3.521172e+03,5.797053e+01,2.928734e+03,-1493.28,2949.47
32.96100,5.463038e+02,3.510181e+03,4.910188e+01,2.894799e+03,-1492.74,2915.6
32.96200,5.372519e+02,3.489751e+03,4.002473e+01,2.851916e+03,-1486.51,2872.79
32.96300,5.295142e+02,3.473970e+03,3.225808e+01,2.813939e+03,-1480.86,2834.89
32.96400,5.228962e+02,3.460724e+03,2.560491e+01,2.778898e+03,-1474.68,2799.93
32.96500,5.162246e+02,3.442937e+03,1.895430e+01,2.740104e+03,-1466.26,2761.22
32.96600,5.102905e+02,3.421551e+03,1.302980e+01,2.698333e+03,-1455.41,2719.52
32.96700,5.049181e+02,3.399157e+03,7.666507e+00,2.656139e+03,-1443.32,2677.4
32.96800,5.002853e+02,3.375601e+03,3.176431e+00,2.613429e+03,-1429.82,2634.74
32.96900,4.956981e+02,3.347581e+03,-1.311083e+00,2.566865e+03,-1413.94,2588.22
32.97000,4.919257e+02,3.317279e+03,-4.876788e+00,2.518785e+03,-1395.99,2540.16
32.97100,4.891625e+02,3.286238e+03,-7.346793e+00,2.470667e+03,-1377.2,2492.04
32.97200,4.860819e+02,3.252334e+03,-1.016783e+01,2.420217e+03,-1356.39,2441.56
32.97300,4.846269e+02,3.219095e+03,-1.143936e+01,2.371203e+03,-1334.37,2392.48
32.97400,4.836730e+02,3.181769e+03,-1.218693e+01,2.318923e+03,-1310.21,2340.09
32.97500,4.823618e+02,3.138793e+03,-1.310886e+01,2.261798e+03,-1284.32,2282.83
32.97600,4.810077e+02,3.087762e+03,-1.404811e+01,2.197940e+03,-1256.72,2218.79
32.97700,4.807563e+02,3.038998e+03,-1.391617e+01,2.136990e+03,-1227.93,2157.61
32.97800,4.806535e+02,2.984809e+03,-1.364489e+01,2.071656e+03,-1197.81,2091.99
32.97900,4.808882e+02,2.926642e+03,-1.296437e+01,2.003294e+03,-1165.98,2023.29
32.98000,4.814483e+02,2.864715e+03,-1.199056e+01,1.932191e+03,-1133.1,1951.78
32.98100,4.820851e+02,2.796267e+03,-1.087151e+01,1.855853e+03,-1098.52,1874.96
32.98200,4.836136e+02,2.725529e+03,-9.006447e+00,1.778151e+03,-1062.78,1796.72
32.98300,4.848966e+02,2.649570e+03,-7.268213e+00,1.696274e+03,-1026.3,1714.22
32.98400,4.866436e+02,2.566991e+03,-5.125599e+00,1.609100e+03,-987.908,1626.35
32.98500,4.887311e+02,2.479920e+03,-2.610169e+00,1.518834e+03,-949.306,1535.31
32.98600,4.912981e+02,2.387273e+03,2.768116e-01,1.424192e+03,-909.194,1439.82
32.98700,4.941941e+02,2.288829e+03,3.522673e+00,1.325028e+03,-868.25,1339.73
32.98800,4.976325e+02,2.184811e+03,7.219933e+00,1.221680e+03,-826.615,1235.39
32.98900,5.014503e+02,2.074582e+03,1.131513e+01,1.113449e+03,-783.854,1126.09
32.99000,5.058789e+02,1.959395e+03,1.589716e+01,1.001633e+03,-740.402,1013.14
32.99100,5.109154e+02,1.838025e+03,2.109935e+01,8.849900e+02,-696.403,895.298
32.99200,5.169351e+02,1.713305e+03,2.713195e+01,7.663780e+02,-651.647,775.434
32.99300,5.235428e+02,1.583893e+03,3.372948e+01,6.442415e+02,-606.381,651.999
32.99400,5.301343e+02,1.441645e+03,4.032701e+01,5.113260e+02,-560.858,517.74
32.99500,5.381796e+02,1.300924e+03,4.823485e+01,3.809257e+02,-514.817,385.96
32.99600,5.469971e+02,1.155381e+03,5.685941e+01,2.470206e+02,-468.171,250.65
32.99700,5.566611e+02,1.005304e+03,6.620194e+01,1.100133e+02,-421.215,112.219
32.99800,5.669647e+02,8.523673e+02,7.616947e+01,-2.862771e+01,-374.213,-27.8561
32.99900,5.784008e+02,6.921573e+02,8.710880e+01,-1.728723e+02,-326.285,-173.535
33.00000,5.905429e+02,5.324068e+02,9.871200e+01,-3.157542e+02,-278.391,-317.842
