/*--------------------------------*- C++ -*----------------------------------*\
| =========                 |                                                 |
| \\      /  F ield         | foam-extend: Open Source CFD                    |
|  \\    /   O peration     | Version:     4.1                                |
|   \\  /    A nd           | Web:         http://www.foam-extend.org         |
|    \\/     M anipulation  |                                                 |
\*---------------------------------------------------------------------------*/
FoamFile
{
    version     2.0;
    format      ascii;
    class       surfaceVectorField;
    location    "0.197";
    object      curSf;
}
// * * * * * * * * * * * * * * * * * * * * * * * * * * * * * * * * * * * * * //

dimensions      [0 2 0 0 0 0 0];

internalField   nonuniform List<vector> 
14016
(
(1.48696e-08 2.37746e-10 4.76961e-10)
(-5.1006e-10 1.62454e-08 6.65167e-11)
(-4.40185e-10 -8.85645e-11 1.62118e-08)
(1.49118e-08 1.03081e-10 5.55137e-10)
(-2.15068e-10 1.5837e-08 1.8214e-10)
(-4.94521e-10 -2.2055e-10 1.58835e-08)
(1.49294e-08 4.91181e-11 7.24895e-10)
(-1.05814e-10 1.59255e-08 2.5043e-10)
(-6.78514e-10 -2.92219e-10 1.59411e-08)
(1.49304e-08 2.4544e-11 9.20441e-10)
(-6.21628e-11 1.59447e-08 2.85469e-10)
(-8.99902e-10 -3.31467e-10 1.5935e-08)
(1.49294e-08 9.74304e-12 1.11811e-09)
(-3.96325e-11 1.59457e-08 3.02861e-10)
(-1.1211e-09 -3.51116e-10 1.59133e-08)
(1.49264e-08 1.91031e-13 1.31308e-09)
(-2.81084e-11 1.59437e-08 3.10137e-10)
(-1.33643e-09 -3.5921e-10 1.58889e-08)
(1.49221e-08 -5.93686e-12 1.50416e-09)
(-2.27963e-11 1.59398e-08 3.1132e-10)
(-1.54497e-09 -3.60365e-10 1.5862e-08)
(1.49165e-08 -9.82342e-12 1.69087e-09)
(-2.08999e-11 1.59348e-08 3.08729e-10)
(-1.7466e-09 -3.57242e-10 1.5833e-08)
(1.49097e-08 -1.22705e-11 1.87297e-09)
(-2.08556e-11 1.59291e-08 3.03776e-10)
(-1.9415e-09 -3.51454e-10 1.58021e-08)
(1.49016e-08 -1.38098e-11 2.05033e-09)
(-2.17594e-11 1.59229e-08 2.97347e-10)
(-2.1299e-09 -3.44018e-10 1.57697e-08)
(1.48923e-08 -1.47827e-11 2.22291e-09)
(-2.30873e-11 1.59164e-08 2.90015e-10)
(-2.31203e-09 -3.35587e-10 1.57358e-08)
(1.48819e-08 -1.54025e-11 2.39068e-09)
(-2.45448e-11 1.59096e-08 2.82155e-10)
(-2.48809e-09 -3.26582e-10 1.57008e-08)
(1.48703e-08 -1.58002e-11 2.55366e-09)
(-2.59719e-11 1.59027e-08 2.74008e-10)
(-2.65826e-09 -3.17276e-10 1.56648e-08)
(1.48579e-08 -1.60554e-11 2.71189e-09)
(-2.72852e-11 1.58958e-08 2.65736e-10)
(-2.82272e-09 -3.07845e-10 1.5628e-08)
(1.48445e-08 -1.62163e-11 2.86541e-09)
(-2.84446e-11 1.58888e-08 2.57441e-10)
(-2.9816e-09 -2.98399e-10 1.55906e-08)
(1.48303e-08 -1.63124e-11 3.01427e-09)
(-2.94337e-11 1.58818e-08 2.49189e-10)
(-3.13506e-09 -2.89009e-10 1.55527e-08)
(1.48155e-08 -1.63616e-11 3.15853e-09)
(-3.02489e-11 1.58748e-08 2.41026e-10)
(-3.28322e-09 -2.79719e-10 1.55144e-08)
(1.48e-08 -1.63754e-11 3.29826e-09)
(-3.08931e-11 1.58678e-08 2.32976e-10)
(-3.42619e-09 -2.70555e-10 1.54759e-08)
(1.47841e-08 -1.63612e-11 3.43352e-09)
(-3.1373e-11 1.58609e-08 2.25057e-10)
(-3.5641e-09 -2.61533e-10 1.54373e-08)
(1.47678e-08 -1.63237e-11 3.56437e-09)
(-3.16968e-11 1.5854e-08 2.1728e-10)
(-3.69704e-09 -2.52663e-10 1.53987e-08)
(1.47513e-08 -1.62665e-11 3.69089e-09)
(-3.18737e-11 1.58471e-08 2.09651e-10)
(-3.82513e-09 -2.4395e-10 1.53602e-08)
(1.47345e-08 -1.6192e-11 3.81315e-09)
(-3.19129e-11 1.58403e-08 2.02174e-10)
(-3.94848e-09 -2.35396e-10 1.53219e-08)
(1.47176e-08 -1.6102e-11 3.93121e-09)
(-3.18241e-11 1.58335e-08 1.94851e-10)
(-4.06718e-09 -2.27002e-10 1.52839e-08)
(1.47007e-08 -1.59977e-11 4.04515e-09)
(-3.16167e-11 1.58268e-08 1.87682e-10)
(-4.18135e-09 -2.18771e-10 1.52462e-08)
(1.46838e-08 -1.58803e-11 4.15505e-09)
(-3.13e-11 1.58202e-08 1.80667e-10)
(-4.29108e-09 -2.107e-10 1.5209e-08)
(1.4667e-08 -1.57505e-11 4.26097e-09)
(-3.0883e-11 1.58136e-08 1.73807e-10)
(-4.39647e-09 -2.0279e-10 1.51723e-08)
(1.46503e-08 -1.56091e-11 4.36299e-09)
(-3.03746e-11 1.58071e-08 1.67102e-10)
(-4.49762e-09 -1.95041e-10 1.51361e-08)
(1.46339e-08 -1.54566e-11 4.46118e-09)
(-2.97831e-11 1.58007e-08 1.60549e-10)
(-4.59464e-09 -1.87453e-10 1.51006e-08)
(1.46177e-08 -1.52934e-11 4.55563e-09)
(-2.91167e-11 1.57943e-08 1.54148e-10)
(-4.68762e-09 -1.80024e-10 1.50658e-08)
(1.46018e-08 -1.51201e-11 4.6464e-09)
(-2.83831e-11 1.5788e-08 1.47899e-10)
(-4.77667e-09 -1.72754e-10 1.50317e-08)
(1.45863e-08 -1.4937e-11 4.73356e-09)
(-2.75899e-11 1.57818e-08 1.41799e-10)
(-4.86187e-09 -1.65643e-10 1.49984e-08)
(1.45712e-08 -1.47446e-11 4.81721e-09)
(-2.6744e-11 1.57757e-08 1.35848e-10)
(-4.94333e-09 -1.5869e-10 1.49658e-08)
(1.45566e-08 -1.45432e-11 4.8974e-09)
(-2.58523e-11 1.57697e-08 1.30043e-10)
(-5.02115e-09 -1.51895e-10 1.49342e-08)
(1.45423e-08 -1.43331e-11 4.97423e-09)
(-2.49211e-11 1.57638e-08 1.24384e-10)
(-5.09541e-09 -1.45256e-10 1.49034e-08)
(1.45286e-08 -1.41147e-11 5.04775e-09)
(-2.39565e-11 1.5758e-08 1.1887e-10)
(-5.16622e-09 -1.38773e-10 1.48735e-08)
(1.45154e-08 -1.38884e-11 5.11805e-09)
(-2.29644e-11 1.57522e-08 1.13497e-10)
(-5.23366e-09 -1.32445e-10 1.48446e-08)
(1.45027e-08 -1.36544e-11 5.1852e-09)
(-2.19501e-11 1.57466e-08 1.08265e-10)
(-5.29784e-09 -1.26272e-10 1.48165e-08)
(1.44906e-08 -1.34132e-11 5.24929e-09)
(-2.09187e-11 1.57411e-08 1.03172e-10)
(-5.35883e-09 -1.20253e-10 1.47895e-08)
(1.4479e-08 -1.31649e-11 5.31037e-09)
(-1.98753e-11 1.57356e-08 9.8217e-11)
(-5.41673e-09 -1.14387e-10 1.47634e-08)
(1.44679e-08 -1.291e-11 5.36853e-09)
(-1.88242e-11 1.57303e-08 9.33975e-11)
(-5.47164e-09 -1.08674e-10 1.47382e-08)
(1.44575e-08 -1.26487e-11 5.42384e-09)
(-1.777e-11 1.57251e-08 8.87122e-11)
(-5.52363e-09 -1.03111e-10 1.47141e-08)
(1.44476e-08 -1.23814e-11 5.47637e-09)
(-1.67167e-11 1.57199e-08 8.41594e-11)
(-5.57279e-09 -9.77001e-11 1.46909e-08)
(1.44384e-08 -1.21082e-11 5.5262e-09)
(-1.5668e-11 1.57149e-08 7.97375e-11)
(-5.61922e-09 -9.24388e-11 1.46687e-08)
(1.44297e-08 -1.18296e-11 5.57341e-09)
(-1.46277e-11 1.571e-08 7.5445e-11)
(-5.66299e-09 -8.73267e-11 1.46475e-08)
(1.44216e-08 -1.15457e-11 5.61805e-09)
(-1.3599e-11 1.57053e-08 7.12804e-11)
(-5.7042e-09 -8.23631e-11 1.46273e-08)
(1.4414e-08 -1.12568e-11 5.66022e-09)
(-1.2585e-11 1.57006e-08 6.72421e-11)
(-5.74291e-09 -7.75471e-11 1.4608e-08)
(1.4407e-08 -1.09633e-11 5.69997e-09)
(-1.15888e-11 1.56961e-08 6.33287e-11)
(-5.77922e-09 -7.28781e-11 1.45897e-08)
(1.44006e-08 -1.06653e-11 5.73738e-09)
(-1.0613e-11 1.56916e-08 5.95387e-11)
(-5.8132e-09 -6.83553e-11 1.45723e-08)
(1.43948e-08 -1.0363e-11 5.77253e-09)
(-9.6602e-12 1.56873e-08 5.58709e-11)
(-5.84495e-09 -6.39778e-11 1.45558e-08)
(1.43894e-08 -1.00569e-11 5.80547e-09)
(-8.73273e-12 1.56831e-08 5.23239e-11)
(-5.87452e-09 -5.9745e-11 1.45403e-08)
(1.43847e-08 -9.74699e-12 5.83629e-09)
(-7.83276e-12 1.56791e-08 4.88965e-11)
(-5.90201e-09 -5.56562e-11 1.45257e-08)
(1.43804e-08 -9.4336e-12 5.86506e-09)
(-6.96231e-12 1.56751e-08 4.55874e-11)
(-5.92749e-09 -5.17106e-11 1.45119e-08)
(1.43766e-08 -9.11695e-12 5.89184e-09)
(-6.1232e-12 1.56713e-08 4.23954e-11)
(-5.95103e-09 -4.79075e-11 1.4499e-08)
(1.43732e-08 -8.79725e-12 5.9167e-09)
(-5.31713e-12 1.56676e-08 3.93196e-11)
(-5.97272e-09 -4.42463e-11 1.44869e-08)
(1.43704e-08 -8.47471e-12 5.93972e-09)
(-4.54564e-12 1.5664e-08 3.63589e-11)
(-5.99263e-09 -4.07262e-11 1.44757e-08)
(1.4368e-08 -8.14955e-12 5.96096e-09)
(-3.81012e-12 1.56606e-08 3.35121e-11)
(-6.01083e-09 -3.73465e-11 1.44653e-08)
(1.43659e-08 -7.82197e-12 5.9805e-09)
(-3.11184e-12 1.56573e-08 3.07785e-11)
(-6.0274e-09 -3.41067e-11 1.44556e-08)
(1.43643e-08 -7.49215e-12 5.9984e-09)
(-2.45194e-12 1.56541e-08 2.81572e-11)
(-6.04241e-09 -3.10061e-11 1.44467e-08)
(1.43631e-08 -7.1603e-12 6.01472e-09)
(-1.83143e-12 1.56511e-08 2.56472e-11)
(-6.05593e-09 -2.80441e-11 1.44385e-08)
(1.43622e-08 -6.82659e-12 6.02955e-09)
(-1.25122e-12 1.56482e-08 2.32478e-11)
(-6.06804e-09 -2.522e-11 1.4431e-08)
(1.43616e-08 -6.4912e-12 6.04295e-09)
(-7.12099e-13 1.56454e-08 2.09583e-11)
(-6.0788e-09 -2.25333e-11 1.44242e-08)
(1.43613e-08 -6.15429e-12 6.05498e-09)
(-2.1478e-13 1.56427e-08 1.87779e-11)
(-6.08829e-09 -1.99833e-11 1.4418e-08)
(1.43613e-08 -5.81601e-12 6.06571e-09)
(2.40109e-13 1.56402e-08 1.6706e-11)
(-6.09657e-09 -1.75696e-11 1.44124e-08)
(1.43615e-08 -5.47651e-12 6.07522e-09)
(6.52023e-13 1.56378e-08 1.4742e-11)
(-6.10372e-09 -1.52915e-11 1.44075e-08)
(1.4362e-08 -5.13592e-12 6.08357e-09)
(1.02049e-12 1.56355e-08 1.28854e-11)
(-6.10982e-09 -1.31487e-11 1.44031e-08)
(1.43626e-08 -4.79432e-12 6.09082e-09)
(1.34507e-12 1.56334e-08 1.11355e-11)
(-6.11491e-09 -1.11405e-11 1.43992e-08)
(1.43635e-08 -4.45182e-12 6.09705e-09)
(1.62532e-12 1.56314e-08 9.49183e-12)
(-6.11909e-09 -9.26661e-12 1.43959e-08)
(1.43644e-08 -4.10851e-12 6.10232e-09)
(1.86081e-12 1.56296e-08 7.95398e-12)
(-6.1224e-09 -7.52653e-12 1.4393e-08)
(1.43655e-08 -3.76452e-12 6.1067e-09)
(2.05103e-12 1.56279e-08 6.52151e-12)
(-6.12493e-09 -5.91998e-12 1.43906e-08)
(1.43666e-08 -3.42012e-12 6.11026e-09)
(2.19543e-12 1.56263e-08 5.19414e-12)
(-6.12674e-09 -4.44678e-12 1.43886e-08)
(1.43679e-08 -3.07585e-12 6.11306e-09)
(2.29338e-12 1.56248e-08 3.9718e-12)
(-6.12789e-09 -3.10693e-12 1.4387e-08)
(1.43691e-08 -2.73283e-12 6.11517e-09)
(2.34424e-12 1.56235e-08 2.85485e-12)
(-6.12846e-09 -1.90074e-12 1.43857e-08)
(1.43703e-08 -2.39326e-12 6.11666e-09)
(2.34757e-12 1.56223e-08 1.84439e-12)
(-6.12851e-09 -8.29057e-13 1.43848e-08)
(1.43716e-08 -2.06136e-12 6.1176e-09)
(2.30357e-12 1.56213e-08 9.43021e-13)
(-6.1281e-09 1.06422e-13 1.43842e-08)
(1.43727e-08 -1.7452e-12 6.11806e-09)
(2.21418e-12 1.56204e-08 1.55919e-13)
(-6.12731e-09 9.02575e-13 1.43839e-08)
(1.43738e-08 -1.4602e-12 6.11812e-09)
(2.08573e-12 1.56196e-08 -5.07381e-13)
(-6.12619e-09 1.55424e-12 1.43838e-08)
(1.43747e-08 -1.23204e-12 6.11788e-09)
(1.9354e-12 1.56189e-08 -1.031e-12)
(-6.12482e-09 2.05453e-12 1.43839e-08)
(1.43754e-08 -1.08328e-12 6.11749e-09)
(1.79887e-12 1.56184e-08 -1.39411e-12)
(-6.12333e-09 2.39933e-12 1.43842e-08)
(1.43758e-08 -1.00123e-12 6.11717e-09)
(1.70901e-12 1.56181e-08 -1.59232e-12)
(-6.12192e-09 2.59628e-12 1.43847e-08)
(1.66294e-12 1.56179e-08 -1.67485e-12)
(-6.12087e-09 2.66959e-12 1.43853e-08)
(1.49121e-08 1.82387e-11 4.98727e-10)
(-2.90234e-10 1.61897e-08 4.55428e-11)
(-5.80995e-10 -6.03681e-11 1.61114e-08)
(1.49009e-08 3.84905e-11 5.49089e-10)
(-1.52082e-10 1.57571e-08 1.19689e-10)
(-5.66018e-10 -1.4648e-10 1.60155e-08)
(1.49093e-08 3.2142e-11 7.19176e-10)
(-8.34886e-11 1.58894e-08 1.59898e-10)
(-7.17708e-10 -1.86016e-10 1.59878e-08)
(1.49111e-08 2.2061e-11 9.17628e-10)
(-4.95082e-11 1.59258e-08 1.80012e-10)
(-9.22473e-10 -2.08662e-10 1.59567e-08)
(1.49119e-08 1.38683e-11 1.11641e-09)
(-3.07356e-11 1.59334e-08 1.91178e-10)
(-1.1334e-09 -2.23275e-10 1.59277e-08)
(1.4911e-08 7.74279e-12 1.31172e-09)
(-2.08016e-11 1.59349e-08 1.96731e-10)
(-1.34201e-09 -2.31861e-10 1.58994e-08)
(1.49083e-08 3.35808e-12 1.50288e-09)
(-1.59924e-11 1.59329e-08 1.98458e-10)
(-1.54611e-09 -2.3582e-10 1.58702e-08)
(1.4904e-08 3.24988e-13 1.68953e-09)
(-1.40306e-11 1.59287e-08 1.97615e-10)
(-1.7448e-09 -2.36399e-10 1.58399e-08)
(1.48982e-08 -1.7301e-12 1.87152e-09)
(-1.36194e-11 1.59234e-08 1.95065e-10)
(-1.93778e-09 -2.34581e-10 1.58082e-08)
(1.48908e-08 -3.10612e-12 2.04876e-09)
(-1.4013e-11 1.59174e-08 1.91396e-10)
(-2.12495e-09 -2.31113e-10 1.57753e-08)
(1.48821e-08 -4.0233e-12 2.22121e-09)
(-1.47827e-11 1.5911e-08 1.87012e-10)
(-2.30632e-09 -2.26543e-10 1.57412e-08)
(1.48721e-08 -4.6366e-12 2.38887e-09)
(-1.56884e-11 1.59043e-08 1.82187e-10)
(-2.48194e-09 -2.21262e-10 1.57061e-08)
(1.4861e-08 -5.05108e-12 2.55176e-09)
(-1.65999e-11 1.58975e-08 1.77104e-10)
(-2.65188e-09 -2.15542e-10 1.567e-08)
(1.48488e-08 -5.3359e-12 2.70991e-09)
(-1.74495e-11 1.58906e-08 1.71889e-10)
(-2.81623e-09 -2.0957e-10 1.56331e-08)
(1.48357e-08 -5.53564e-12 2.86337e-09)
(-1.82043e-11 1.58837e-08 1.66622e-10)
(-2.97511e-09 -2.0347e-10 1.55956e-08)
(1.48218e-08 -5.67858e-12 3.01218e-09)
(-1.88505e-11 1.58768e-08 1.61358e-10)
(-3.12861e-09 -1.97326e-10 1.55576e-08)
(1.48072e-08 -5.78256e-12 3.1564e-09)
(-1.93843e-11 1.58699e-08 1.56132e-10)
(-3.27684e-09 -1.91191e-10 1.55193e-08)
(1.4792e-08 -5.85885e-12 3.29609e-09)
(-1.98072e-11 1.5863e-08 1.50967e-10)
(-3.41991e-09 -1.85101e-10 1.54807e-08)
(1.47764e-08 -5.91459e-12 3.43132e-09)
(-2.01233e-11 1.58561e-08 1.45876e-10)
(-3.55792e-09 -1.79077e-10 1.5442e-08)
(1.47603e-08 -5.95445e-12 3.56216e-09)
(-2.03379e-11 1.58493e-08 1.4087e-10)
(-3.69098e-09 -1.73134e-10 1.54033e-08)
(1.4744e-08 -5.98151e-12 3.68867e-09)
(-2.04569e-11 1.58425e-08 1.35954e-10)
(-3.81919e-09 -1.67279e-10 1.53647e-08)
(1.47274e-08 -5.9979e-12 3.81092e-09)
(-2.04864e-11 1.58358e-08 1.31131e-10)
(-3.94265e-09 -1.61518e-10 1.53263e-08)
(1.47107e-08 -6.00511e-12 3.92899e-09)
(-2.04326e-11 1.58291e-08 1.26403e-10)
(-4.06147e-09 -1.55855e-10 1.52882e-08)
(1.4694e-08 -6.00423e-12 4.04294e-09)
(-2.03016e-11 1.58225e-08 1.21772e-10)
(-4.17575e-09 -1.5029e-10 1.52505e-08)
(1.46773e-08 -5.99606e-12 4.15284e-09)
(-2.00994e-11 1.5816e-08 1.17239e-10)
(-4.28559e-09 -1.44826e-10 1.52131e-08)
(1.46607e-08 -5.98119e-12 4.25878e-09)
(-1.9832e-11 1.58095e-08 1.12802e-10)
(-4.3911e-09 -1.39462e-10 1.51763e-08)
(1.46443e-08 -5.96007e-12 4.36082e-09)
(-1.95049e-11 1.58031e-08 1.08463e-10)
(-4.49236e-09 -1.34201e-10 1.51401e-08)
(1.46281e-08 -5.93307e-12 4.45904e-09)
(-1.91237e-11 1.57968e-08 1.04221e-10)
(-4.58949e-09 -1.29041e-10 1.51045e-08)
(1.46121e-08 -5.90047e-12 4.55352e-09)
(-1.86936e-11 1.57906e-08 1.00076e-10)
(-4.68259e-09 -1.23983e-10 1.50696e-08)
(1.45965e-08 -5.86248e-12 4.64432e-09)
(-1.82197e-11 1.57844e-08 9.60263e-11)
(-4.77174e-09 -1.19028e-10 1.50354e-08)
(1.45812e-08 -5.81931e-12 4.73152e-09)
(-1.77068e-11 1.57783e-08 9.20722e-11)
(-4.85705e-09 -1.14175e-10 1.5002e-08)
(1.45663e-08 -5.77111e-12 4.81521e-09)
(-1.71596e-11 1.57723e-08 8.82129e-11)
(-4.93862e-09 -1.09425e-10 1.49694e-08)
(1.45518e-08 -5.71804e-12 4.89545e-09)
(-1.65824e-11 1.57664e-08 8.44475e-11)
(-5.01654e-09 -1.04777e-10 1.49376e-08)
(1.45377e-08 -5.66023e-12 4.97231e-09)
(-1.59794e-11 1.57606e-08 8.07752e-11)
(-5.09091e-09 -1.00232e-10 1.49068e-08)
(1.45242e-08 -5.59781e-12 5.04588e-09)
(-1.53547e-11 1.57548e-08 7.71952e-11)
(-5.16182e-09 -9.57892e-11 1.48768e-08)
(1.45112e-08 -5.53093e-12 5.11623e-09)
(-1.47119e-11 1.57492e-08 7.37065e-11)
(-5.22937e-09 -9.14488e-11 1.48478e-08)
(1.44987e-08 -5.4597e-12 5.18344e-09)
(-1.40546e-11 1.57437e-08 7.03083e-11)
(-5.29364e-09 -8.72108e-11 1.48196e-08)
(1.44867e-08 -5.38425e-12 5.24757e-09)
(-1.33862e-11 1.57382e-08 6.69996e-11)
(-5.35473e-09 -8.30749e-11 1.47925e-08)
(1.44753e-08 -5.30472e-12 5.30871e-09)
(-1.27099e-11 1.57329e-08 6.37793e-11)
(-5.41274e-09 -7.90409e-11 1.47663e-08)
(1.44645e-08 -5.22122e-12 5.36692e-09)
(-1.20287e-11 1.57277e-08 6.06467e-11)
(-5.46774e-09 -7.51087e-11 1.47411e-08)
(1.44542e-08 -5.13388e-12 5.42229e-09)
(-1.13453e-11 1.57225e-08 5.76006e-11)
(-5.51983e-09 -7.12781e-11 1.47168e-08)
(1.44445e-08 -5.04283e-12 5.47488e-09)
(-1.06626e-11 1.57175e-08 5.46402e-11)
(-5.56909e-09 -6.75488e-11 1.46936e-08)
(1.44354e-08 -4.94821e-12 5.52477e-09)
(-9.98294e-12 1.57126e-08 5.17644e-11)
(-5.61561e-09 -6.39205e-11 1.46713e-08)
(1.44269e-08 -4.85012e-12 5.57203e-09)
(-9.30872e-12 1.57078e-08 4.89724e-11)
(-5.65948e-09 -6.03931e-11 1.465e-08)
(1.44189e-08 -4.74872e-12 5.61673e-09)
(-8.64214e-12 1.57031e-08 4.62632e-11)
(-5.70078e-09 -5.69661e-11 1.46297e-08)
(1.44115e-08 -4.64411e-12 5.65896e-09)
(-7.98525e-12 1.56985e-08 4.36359e-11)
(-5.73959e-09 -5.36394e-11 1.46103e-08)
(1.44047e-08 -4.53643e-12 5.69877e-09)
(-7.33998e-12 1.56941e-08 4.10895e-11)
(-5.77599e-09 -5.04126e-11 1.45919e-08)
(1.43984e-08 -4.4258e-12 5.73624e-09)
(-6.70811e-12 1.56898e-08 3.86234e-11)
(-5.81007e-09 -4.72854e-11 1.45744e-08)
(1.43927e-08 -4.31235e-12 5.77144e-09)
(-6.09131e-12 1.56855e-08 3.62366e-11)
(-5.8419e-09 -4.42575e-11 1.45579e-08)
(1.43875e-08 -4.1962e-12 5.80445e-09)
(-5.49112e-12 1.56814e-08 3.39282e-11)
(-5.87157e-09 -4.13285e-11 1.45423e-08)
(1.43829e-08 -4.07748e-12 5.83532e-09)
(-4.90896e-12 1.56775e-08 3.16977e-11)
(-5.89915e-09 -3.84982e-11 1.45276e-08)
(1.43787e-08 -3.9563e-12 5.86415e-09)
(-4.34614e-12 1.56736e-08 2.95441e-11)
(-5.92473e-09 -3.57662e-11 1.45137e-08)
(1.43751e-08 -3.83279e-12 5.89098e-09)
(-3.80389e-12 1.56699e-08 2.74668e-11)
(-5.94836e-09 -3.31322e-11 1.45007e-08)
(1.43719e-08 -3.70707e-12 5.9159e-09)
(-3.28329e-12 1.56663e-08 2.54652e-11)
(-5.97015e-09 -3.05958e-11 1.44886e-08)
(1.43691e-08 -3.57926e-12 5.93897e-09)
(-2.78536e-12 1.56628e-08 2.35385e-11)
(-5.99015e-09 -2.81568e-11 1.44773e-08)
(1.43668e-08 -3.44947e-12 5.96027e-09)
(-2.31102e-12 1.56594e-08 2.16861e-11)
(-6.00844e-09 -2.58148e-11 1.44667e-08)
(1.43649e-08 -3.31781e-12 5.97986e-09)
(-1.86109e-12 1.56562e-08 1.99075e-11)
(-6.0251e-09 -2.35695e-11 1.4457e-08)
(1.43634e-08 -3.18441e-12 5.9978e-09)
(-1.43632e-12 1.56531e-08 1.82021e-11)
(-6.0402e-09 -2.14205e-11 1.4448e-08)
(1.43622e-08 -3.04937e-12 6.01418e-09)
(-1.03738e-12 1.56501e-08 1.65694e-11)
(-6.05381e-09 -1.93675e-11 1.44397e-08)
(1.43614e-08 -2.91279e-12 6.02906e-09)
(-6.64862e-13 1.56472e-08 1.5009e-11)
(-6.06601e-09 -1.74102e-11 1.44321e-08)
(1.4361e-08 -2.7748e-12 6.0425e-09)
(-3.19293e-13 1.56445e-08 1.35202e-11)
(-6.07686e-09 -1.55484e-11 1.44252e-08)
(1.43608e-08 -2.63548e-12 6.05458e-09)
(-1.14079e-15 1.56419e-08 1.21028e-11)
(-6.08644e-09 -1.37816e-11 1.4419e-08)
(1.43608e-08 -2.49494e-12 6.06536e-09)
(2.89182e-13 1.56395e-08 1.07562e-11)
(-6.09482e-09 -1.21096e-11 1.44134e-08)
(1.43612e-08 -2.3533e-12 6.07491e-09)
(5.51318e-13 1.56372e-08 9.48021e-12)
(-6.10207e-09 -1.05321e-11 1.44083e-08)
(1.43617e-08 -2.21067e-12 6.08329e-09)
(7.84939e-13 1.5635e-08 8.27433e-12)
(-6.10825e-09 -9.04879e-12 1.44039e-08)
(1.43624e-08 -2.0672e-12 6.09059e-09)
(9.89729e-13 1.56329e-08 7.13824e-12)
(-6.11344e-09 -7.65942e-12 1.43999e-08)
(1.43633e-08 -1.92309e-12 6.09685e-09)
(1.16538e-12 1.5631e-08 6.07163e-12)
(-6.11771e-09 -6.36371e-12 1.43965e-08)
(1.43643e-08 -1.77866e-12 6.10216e-09)
(1.31156e-12 1.56292e-08 5.07418e-12)
(-6.12112e-09 -5.1614e-12 1.43936e-08)
(1.43654e-08 -1.6344e-12 6.10657e-09)
(1.42791e-12 1.56275e-08 4.14564e-12)
(-6.12374e-09 -4.05226e-12 1.43911e-08)
(1.43667e-08 -1.49111e-12 6.11016e-09)
(1.51401e-12 1.56259e-08 3.28581e-12)
(-6.12564e-09 -3.03614e-12 1.4389e-08)
(1.43679e-08 -1.3501e-12 6.11299e-09)
(1.56942e-12 1.56245e-08 2.49466e-12)
(-6.12689e-09 -2.11295e-12 1.43874e-08)
(1.43692e-08 -1.21342e-12 6.11513e-09)
(1.59374e-12 1.56233e-08 1.77248e-12)
(-6.12755e-09 -1.28284e-12 1.43861e-08)
(1.43705e-08 -1.08424e-12 6.11665e-09)
(1.58685e-12 1.56221e-08 1.12014e-12)
(-6.1277e-09 -5.46283e-13 1.43851e-08)
(1.43717e-08 -9.67118e-13 6.11761e-09)
(1.54938e-12 1.56211e-08 5.39599e-13)
(-6.12739e-09 9.55707e-14 1.43844e-08)
(1.43729e-08 -8.68122e-13 6.11809e-09)
(1.4836e-12 1.56203e-08 3.45324e-14)
(-6.1267e-09 6.406e-13 1.4384e-08)
(1.43739e-08 -7.93748e-13 6.11817e-09)
(1.39529e-12 1.56195e-08 -3.88931e-13)
(-6.12569e-09 1.08548e-12 1.43839e-08)
(1.43748e-08 -7.47502e-13 6.11794e-09)
(1.29701e-12 1.56189e-08 -7.22269e-13)
(-6.12446e-09 1.42669e-12 1.4384e-08)
(1.43754e-08 -7.2643e-13 6.11754e-09)
(1.21106e-12 1.56184e-08 -9.57725e-13)
(-6.1231e-09 1.66399e-12 1.43843e-08)
(1.43758e-08 -7.2501e-13 6.1172e-09)
(1.16038e-12 1.56181e-08 -1.09876e-12)
(-6.12181e-09 1.80228e-12 1.43847e-08)
(1.14765e-12 1.56179e-08 -1.16623e-12)
(-6.12088e-09 1.84503e-12 1.43853e-08)
(1.49188e-08 -5.3547e-12 5.39688e-10)
(-1.32112e-10 1.61741e-08 2.16286e-11)
(-6.71563e-10 -3.29226e-11 1.61144e-08)
(1.49073e-08 1.33336e-11 5.5888e-10)
(-7.70129e-11 1.57007e-08 5.70649e-11)
(-6.07034e-10 -8.07037e-11 1.60681e-08)
(1.49125e-08 1.6239e-11 7.21395e-10)
(-4.46332e-11 1.58549e-08 7.69069e-11)
(-7.39801e-10 -1.02928e-10 1.60302e-08)
(1.49124e-08 1.34217e-11 9.18705e-10)
(-2.70717e-11 1.59062e-08 8.67168e-11)
(-9.37472e-10 -1.15357e-10 1.59835e-08)
(1.49132e-08 9.81203e-12 1.11699e-09)
(-1.68912e-11 1.59212e-08 9.22843e-11)
(-1.14345e-09 -1.24036e-10 1.59447e-08)
(1.49128e-08 6.63627e-12 1.31185e-09)
(-1.12608e-11 1.59268e-08 9.52963e-11)
(-1.34804e-09 -1.29975e-10 1.59108e-08)
(1.49107e-08 4.13799e-12 1.50262e-09)
(-8.4113e-12 1.59271e-08 9.64939e-11)
(-1.54903e-09 -1.33472e-10 1.58784e-08)
(1.49068e-08 2.29072e-12 1.68895e-09)
(-7.16475e-12 1.59242e-08 9.64016e-11)
(-1.74541e-09 -1.34934e-10 1.58462e-08)
(1.49012e-08 9.75243e-13 1.8707e-09)
(-6.80783e-12 1.59195e-08 9.54111e-11)
(-1.93674e-09 -1.34813e-10 1.58134e-08)
(1.4894e-08 6.01076e-14 2.04775e-09)
(-6.9205e-12 1.59139e-08 9.38094e-11)
(-2.12278e-09 -1.33523e-10 1.57798e-08)
(1.48854e-08 -5.68272e-13 2.22008e-09)
(-7.25914e-12 1.59077e-08 9.18033e-11)
(-2.30339e-09 -1.31405e-10 1.57453e-08)
(1.48754e-08 -9.98369e-13 2.38765e-09)
(-7.68654e-12 1.59012e-08 8.95386e-11)
(-2.47852e-09 -1.28724e-10 1.57099e-08)
(1.48641e-08 -1.29469e-12 2.55049e-09)
(-8.12799e-12 1.58945e-08 8.71166e-11)
(-2.64816e-09 -1.25672e-10 1.56736e-08)
(1.48518e-08 -1.50206e-12 2.7086e-09)
(-8.54444e-12 1.58877e-08 8.46065e-11)
(-2.81235e-09 -1.2239e-10 1.56366e-08)
(1.48386e-08 -1.65058e-12 2.86204e-09)
(-8.91676e-12 1.58809e-08 8.20552e-11)
(-2.97114e-09 -1.18974e-10 1.5599e-08)
(1.48246e-08 -1.75995e-12 3.01084e-09)
(-9.23668e-12 1.58741e-08 7.94939e-11)
(-3.12462e-09 -1.1549e-10 1.55609e-08)
(1.48098e-08 -1.84285e-12 3.15506e-09)
(-9.50164e-12 1.58672e-08 7.69433e-11)
(-3.27286e-09 -1.11982e-10 1.55225e-08)
(1.47945e-08 -1.90734e-12 3.29476e-09)
(-9.71206e-12 1.58604e-08 7.44169e-11)
(-3.41596e-09 -1.0848e-10 1.54838e-08)
(1.47787e-08 -1.95858e-12 3.43e-09)
(-9.86982e-12 1.58536e-08 7.19234e-11)
(-3.55401e-09 -1.05003e-10 1.5445e-08)
(1.47625e-08 -1.99991e-12 3.56084e-09)
(-9.97749e-12 1.58469e-08 6.94684e-11)
(-3.68713e-09 -1.01562e-10 1.54063e-08)
(1.4746e-08 -2.0335e-12 3.68736e-09)
(-1.0038e-11 1.58402e-08 6.70554e-11)
(-3.81539e-09 -9.81655e-11 1.53676e-08)
(1.47293e-08 -2.06084e-12 3.80962e-09)
(-1.00542e-11 1.58336e-08 6.46866e-11)
(-3.93892e-09 -9.48183e-11 1.53291e-08)
(1.47125e-08 -2.08296e-12 3.92769e-09)
(-1.00293e-11 1.5827e-08 6.23634e-11)
(-4.0578e-09 -9.15234e-11 1.52909e-08)
(1.46957e-08 -2.10059e-12 4.04164e-09)
(-9.9663e-12 1.58204e-08 6.00867e-11)
(-4.17215e-09 -8.82826e-11 1.52531e-08)
(1.46789e-08 -2.11429e-12 4.15156e-09)
(-9.86806e-12 1.5814e-08 5.78568e-11)
(-4.28205e-09 -8.50974e-11 1.52157e-08)
(1.46622e-08 -2.12444e-12 4.2575e-09)
(-9.73751e-12 1.58076e-08 5.56739e-11)
(-4.38762e-09 -8.19684e-11 1.51789e-08)
(1.46457e-08 -2.13137e-12 4.35955e-09)
(-9.57744e-12 1.58012e-08 5.35382e-11)
(-4.48895e-09 -7.88964e-11 1.51426e-08)
(1.46293e-08 -2.1353e-12 4.45778e-09)
(-9.39056e-12 1.5795e-08 5.14496e-11)
(-4.58615e-09 -7.58818e-11 1.51069e-08)
(1.46133e-08 -2.1364e-12 4.55226e-09)
(-9.17948e-12 1.57888e-08 4.94078e-11)
(-4.6793e-09 -7.29249e-11 1.50719e-08)
(1.45976e-08 -2.13481e-12 4.64307e-09)
(-8.94668e-12 1.57827e-08 4.74128e-11)
(-4.76852e-09 -7.0026e-11 1.50377e-08)
(1.45822e-08 -2.13065e-12 4.73029e-09)
(-8.69456e-12 1.57767e-08 4.54643e-11)
(-4.85389e-09 -6.71853e-11 1.50042e-08)
(1.45672e-08 -2.124e-12 4.81398e-09)
(-8.4254e-12 1.57707e-08 4.35619e-11)
(-4.93552e-09 -6.44031e-11 1.49715e-08)
(1.45527e-08 -2.11494e-12 4.89423e-09)
(-8.14137e-12 1.57649e-08 4.17054e-11)
(-5.01351e-09 -6.16794e-11 1.49397e-08)
(1.45386e-08 -2.10354e-12 4.97111e-09)
(-7.84454e-12 1.57591e-08 3.98943e-11)
(-5.08794e-09 -5.90145e-11 1.49088e-08)
(1.4525e-08 -2.08984e-12 5.04469e-09)
(-7.53687e-12 1.57534e-08 3.81284e-11)
(-5.15891e-09 -5.64083e-11 1.48787e-08)
(1.45119e-08 -2.07392e-12 5.11505e-09)
(-7.22023e-12 1.57478e-08 3.64071e-11)
(-5.22652e-09 -5.3861e-11 1.48496e-08)
(1.44994e-08 -2.05582e-12 5.18227e-09)
(-6.89638e-12 1.57424e-08 3.47301e-11)
(-5.29085e-09 -5.13727e-11 1.48215e-08)
(1.44874e-08 -2.0356e-12 5.24642e-09)
(-6.56699e-12 1.5737e-08 3.30969e-11)
(-5.35201e-09 -4.89433e-11 1.47943e-08)
(1.44759e-08 -2.01331e-12 5.30757e-09)
(-6.23364e-12 1.57317e-08 3.15072e-11)
(-5.41007e-09 -4.65728e-11 1.4768e-08)
(1.4465e-08 -1.98901e-12 5.3658e-09)
(-5.89782e-12 1.57265e-08 2.99604e-11)
(-5.46514e-09 -4.42613e-11 1.47427e-08)
(1.44547e-08 -1.96275e-12 5.42119e-09)
(-5.56094e-12 1.57214e-08 2.84561e-11)
(-5.51729e-09 -4.20087e-11 1.47184e-08)
(1.4445e-08 -1.93458e-12 5.4738e-09)
(-5.22431e-12 1.57165e-08 2.69939e-11)
(-5.56661e-09 -3.98149e-11 1.46951e-08)
(1.44359e-08 -1.90457e-12 5.52371e-09)
(-4.88918e-12 1.57116e-08 2.55734e-11)
(-5.6132e-09 -3.76799e-11 1.46728e-08)
(1.44273e-08 -1.87277e-12 5.57099e-09)
(-4.55672e-12 1.57069e-08 2.4194e-11)
(-5.65713e-09 -3.56036e-11 1.46514e-08)
(1.44193e-08 -1.83923e-12 5.61572e-09)
(-4.22802e-12 1.57022e-08 2.28553e-11)
(-5.69848e-09 -3.35859e-11 1.46311e-08)
(1.44119e-08 -1.80401e-12 5.65796e-09)
(-3.9041e-12 1.56977e-08 2.1557e-11)
(-5.73736e-09 -3.16267e-11 1.46116e-08)
(1.44051e-08 -1.76718e-12 5.69779e-09)
(-3.58592e-12 1.56933e-08 2.02986e-11)
(-5.77382e-09 -2.97259e-11 1.45932e-08)
(1.43988e-08 -1.72878e-12 5.73529e-09)
(-3.27437e-12 1.5689e-08 1.90797e-11)
(-5.80796e-09 -2.78833e-11 1.45757e-08)
(1.43931e-08 -1.68888e-12 5.77051e-09)
(-2.97027e-12 1.56848e-08 1.78999e-11)
(-5.83986e-09 -2.6099e-11 1.45591e-08)
(1.43879e-08 -1.64753e-12 5.80354e-09)
(-2.67438e-12 1.56808e-08 1.67588e-11)
(-5.86959e-09 -2.43726e-11 1.45434e-08)
(1.43832e-08 -1.60479e-12 5.83445e-09)
(-2.38743e-12 1.56768e-08 1.56561e-11)
(-5.89723e-09 -2.27041e-11 1.45286e-08)
(1.43791e-08 -1.56073e-12 5.8633e-09)
(-2.11005e-12 1.5673e-08 1.45915e-11)
(-5.92286e-09 -2.10934e-11 1.45147e-08)
(1.43754e-08 -1.51539e-12 5.89016e-09)
(-1.84286e-12 1.56693e-08 1.35645e-11)
(-5.94656e-09 -1.95403e-11 1.45017e-08)
(1.43722e-08 -1.46883e-12 5.91511e-09)
(-1.5864e-12 1.56657e-08 1.25748e-11)
(-5.96841e-09 -1.80446e-11 1.44895e-08)
(1.43694e-08 -1.42112e-12 5.93821e-09)
(-1.34118e-12 1.56623e-08 1.16222e-11)
(-5.98847e-09 -1.66061e-11 1.44781e-08)
(1.43671e-08 -1.37231e-12 5.95953e-09)
(-1.10765e-12 1.5659e-08 1.07064e-11)
(-6.00682e-09 -1.52249e-11 1.44676e-08)
(1.43652e-08 -1.32245e-12 5.97915e-09)
(-8.86222e-13 1.56558e-08 9.82699e-12)
(-6.02355e-09 -1.39006e-11 1.44578e-08)
(1.43637e-08 -1.2716e-12 5.99713e-09)
(-6.7727e-13 1.56527e-08 8.98384e-12)
(-6.03871e-09 -1.26331e-11 1.44487e-08)
(1.43625e-08 -1.21982e-12 6.01353e-09)
(-4.81128e-13 1.56497e-08 8.17665e-12)
(-6.05238e-09 -1.14223e-11 1.44404e-08)
(1.43617e-08 -1.16716e-12 6.02844e-09)
(-2.98092e-13 1.56469e-08 7.4052e-12)
(-6.06464e-09 -1.0268e-11 1.44328e-08)
(1.43612e-08 -1.11367e-12 6.04191e-09)
(-1.28425e-13 1.56442e-08 6.66926e-12)
(-6.07556e-09 -9.17e-12 1.44258e-08)
(1.4361e-08 -1.05941e-12 6.05402e-09)
(2.76364e-14 1.56417e-08 5.96863e-12)
(-6.0852e-09 -8.12825e-12 1.44196e-08)
(1.43611e-08 -1.00445e-12 6.06483e-09)
(1.69888e-13 1.56392e-08 5.30312e-12)
(-6.09364e-09 -7.14255e-12 1.44139e-08)
(1.43614e-08 -9.48844e-13 6.07441e-09)
(2.98152e-13 1.56369e-08 4.67254e-12)
(-6.10095e-09 -6.21274e-12 1.44088e-08)
(1.43619e-08 -8.92682e-13 6.08283e-09)
(4.12258e-13 1.56348e-08 4.0767e-12)
(-6.1072e-09 -5.33867e-12 1.44043e-08)
(1.43626e-08 -8.36088e-13 6.09016e-09)
(5.12038e-13 1.56327e-08 3.51543e-12)
(-6.11245e-09 -4.52018e-12 1.44003e-08)
(1.43635e-08 -7.79242e-13 6.09646e-09)
(5.97332e-13 1.56308e-08 2.98859e-12)
(-6.11678e-09 -3.75712e-12 1.43969e-08)
(1.43645e-08 -7.22421e-13 6.1018e-09)
(6.67968e-13 1.5629e-08 2.49602e-12)
(-6.12025e-09 -3.04934e-12 1.43939e-08)
(1.43656e-08 -6.66068e-13 6.10624e-09)
(7.2375e-13 1.56274e-08 2.03758e-12)
(-6.12294e-09 -2.39668e-12 1.43914e-08)
(1.43668e-08 -6.10871e-13 6.10986e-09)
(7.64461e-13 1.56259e-08 1.61318e-12)
(-6.1249e-09 -1.79901e-12 1.43893e-08)
(1.43681e-08 -5.57882e-13 6.11273e-09)
(7.89878e-13 1.56245e-08 1.22282e-12)
(-6.12621e-09 -1.25626e-12 1.43875e-08)
(1.43694e-08 -5.08636e-13 6.1149e-09)
(7.99827e-13 1.56232e-08 8.66663e-13)
(-6.12694e-09 -7.68487e-13 1.43862e-08)
(1.43706e-08 -4.65249e-13 6.11645e-09)
(7.94315e-13 1.56221e-08 5.45213e-13)
(-6.12715e-09 -3.36024e-13 1.43852e-08)
(1.43718e-08 -4.30377e-13 6.11745e-09)
(7.73802e-13 1.56212e-08 2.59527e-13)
(-6.12691e-09 4.03374e-14 1.43845e-08)
(1.4373e-08 -4.06802e-13 6.11797e-09)
(7.39712e-13 1.56203e-08 1.1503e-14)
(-6.12629e-09 3.5912e-13 1.43841e-08)
(1.4374e-08 -3.9628e-13 6.11808e-09)
(6.95306e-13 1.56196e-08 -1.95945e-13)
(-6.12536e-09 6.1817e-13 1.43839e-08)
(1.43748e-08 -3.97997e-13 6.11789e-09)
(6.47017e-13 1.5619e-08 -3.59245e-13)
(-6.12421e-09 8.15419e-13 1.4384e-08)
(1.43755e-08 -4.08611e-13 6.11752e-09)
(6.04678e-13 1.56185e-08 -4.75976e-13)
(-6.12293e-09 9.50212e-13 1.43843e-08)
(1.43758e-08 -4.24738e-13 6.1172e-09)
(5.77598e-13 1.56182e-08 -5.48539e-13)
(-6.12173e-09 1.02302e-12 1.43847e-08)
(5.70055e-13 1.5618e-08 -5.85055e-13)
(-6.12087e-09 1.03482e-12 1.43853e-08)
(1.4919e-08 -2.74319e-12 5.60854e-10)
(-1.462e-19 1.61709e-08 7.63337e-20)
(-7.1331e-10 -9.94122e-12 1.61188e-08)
(1.49075e-08 2.81422e-12 5.65222e-10)
(-8.38905e-20 1.56842e-08 1.48185e-19)
(-6.26753e-10 -2.47918e-11 1.60856e-08)
(1.49131e-08 4.35434e-12 7.23061e-10)
(-5.05628e-20 1.58435e-08 1.57685e-19)
(-7.50275e-10 -3.2299e-11 1.60479e-08)
(1.49127e-08 4.08795e-12 9.1941e-10)
(-2.32847e-20 1.58989e-08 1.9669e-19)
(-9.44826e-10 -3.66697e-11 1.59967e-08)
(1.49135e-08 3.27987e-12 1.11737e-09)
(7.77232e-21 1.59165e-08 2.50533e-19)
(-1.14879e-09 -3.97176e-11 1.59536e-08)
(1.49131e-08 2.40453e-12 1.31195e-09)
(3.97894e-20 1.59237e-08 3.02629e-19)
(-1.35158e-09 -4.18532e-11 1.59167e-08)
(1.49112e-08 1.64472e-12 1.50245e-09)
(6.58168e-20 1.59249e-08 3.5659e-19)
(-1.55104e-09 -4.31985e-11 1.58824e-08)
(1.49075e-08 1.05098e-12 1.68856e-09)
(8.41298e-20 1.59225e-08 4.16488e-19)
(-1.74619e-09 -4.38684e-11 1.5849e-08)
(1.4902e-08 6.12929e-13 1.87012e-09)
(8.65478e-20 1.59182e-08 4.59594e-19)
(-1.9366e-09 -4.39926e-11 1.58156e-08)
(1.48949e-08 3.0056e-13 2.04704e-09)
(8.46927e-20 1.59127e-08 4.52065e-19)
(-2.12197e-09 -4.37e-11 1.57816e-08)
(1.48863e-08 8.21464e-14 2.21926e-09)
(1.37957e-19 1.59066e-08 3.81209e-19)
(-2.30211e-09 -4.3104e-11 1.57468e-08)
(1.48763e-08 -6.94068e-14 2.38676e-09)
(2.01052e-19 1.59002e-08 2.97381e-19)
(-2.47693e-09 -4.2296e-11 1.57113e-08)
(1.48651e-08 -1.74942e-13 2.54955e-09)
(1.9728e-19 1.58936e-08 2.83788e-19)
(-2.64637e-09 -4.13455e-11 1.56749e-08)
(1.48527e-08 -2.49472e-13 2.70764e-09)
(1.64127e-19 1.58868e-08 3.39324e-19)
(-2.81044e-09 -4.03036e-11 1.56378e-08)
(1.48395e-08 -3.03329e-13 2.86105e-09)
(1.3366e-19 1.588e-08 4.23517e-19)
(-2.96916e-09 -3.92063e-11 1.56002e-08)
(1.48254e-08 -3.434e-13 3.00985e-09)
(1.27184e-19 1.58732e-08 5.38356e-19)
(-3.12261e-09 -3.80787e-11 1.55621e-08)
(1.48106e-08 -3.74171e-13 3.15407e-09)
(1.58563e-19 1.58664e-08 6.45189e-19)
(-3.27084e-09 -3.69376e-11 1.55236e-08)
(1.47952e-08 -3.98526e-13 3.29377e-09)
(1.89849e-19 1.58596e-08 6.94989e-19)
(-3.41394e-09 -3.57946e-11 1.54849e-08)
(1.47794e-08 -4.1831e-13 3.42901e-09)
(2.05009e-19 1.58529e-08 7.18292e-19)
(-3.55202e-09 -3.46568e-11 1.54461e-08)
(1.47631e-08 -4.34713e-13 3.55986e-09)
(2.13678e-19 1.58462e-08 7.52091e-19)
(-3.68515e-09 -3.35292e-11 1.54073e-08)
(1.47466e-08 -4.48515e-13 3.68638e-09)
(2.12661e-19 1.58395e-08 7.95754e-19)
(-3.81345e-09 -3.24148e-11 1.53686e-08)
(1.47299e-08 -4.60242e-13 3.80865e-09)
(2.09859e-19 1.58329e-08 8.43141e-19)
(-3.937e-09 -3.13156e-11 1.53301e-08)
(1.47131e-08 -4.70258e-13 3.92673e-09)
(2.09022e-19 1.58263e-08 8.87203e-19)
(-4.05592e-09 -3.02327e-11 1.52919e-08)
(1.46962e-08 -4.78822e-13 4.0407e-09)
(2.07957e-19 1.58198e-08 9.28945e-19)
(-4.17029e-09 -2.91671e-11 1.52541e-08)
(1.46794e-08 -4.86126e-13 4.15062e-09)
(2.01625e-19 1.58133e-08 9.79364e-19)
(-4.28023e-09 -2.81192e-11 1.52167e-08)
(1.46626e-08 -4.92311e-13 4.25658e-09)
(1.86913e-19 1.5807e-08 1.04718e-18)
(-4.38583e-09 -2.70895e-11 1.51798e-08)
(1.46461e-08 -4.97483e-13 4.35864e-09)
(1.64699e-19 1.58007e-08 1.13018e-18)
(-4.48719e-09 -2.6078e-11 1.51435e-08)
(1.46297e-08 -5.01723e-13 4.45687e-09)
(1.35496e-19 1.57944e-08 1.2229e-18)
(-4.58441e-09 -2.50851e-11 1.51078e-08)
(1.46137e-08 -5.05093e-13 4.55137e-09)
(1.02431e-19 1.57882e-08 1.32386e-18)
(-4.6776e-09 -2.41109e-11 1.50728e-08)
(1.45979e-08 -5.07639e-13 4.64219e-09)
(6.48464e-20 1.57822e-08 1.43497e-18)
(-4.76685e-09 -2.31554e-11 1.50385e-08)
(1.45825e-08 -5.09399e-13 4.72941e-09)
(1.20824e-20 1.57762e-08 1.5633e-18)
(-4.85226e-09 -2.22189e-11 1.5005e-08)
(1.45675e-08 -5.10401e-13 4.81312e-09)
(-5.9671e-20 1.57702e-08 1.71899e-18)
(-4.93392e-09 -2.13014e-11 1.49723e-08)
(1.4553e-08 -5.10669e-13 4.89338e-09)
(-1.2598e-19 1.57644e-08 1.90785e-18)
(-5.01193e-09 -2.04029e-11 1.49405e-08)
(1.45389e-08 -5.10222e-13 4.97027e-09)
(-1.75224e-19 1.57587e-08 2.1089e-18)
(-5.0864e-09 -1.95236e-11 1.49095e-08)
(1.45253e-08 -5.0908e-13 5.04387e-09)
(-2.1603e-19 1.5753e-08 2.27617e-18)
(-5.1574e-09 -1.86635e-11 1.48795e-08)
(1.45122e-08 -5.07258e-13 5.11424e-09)
(-2.50283e-19 1.57474e-08 2.38018e-18)
(-5.22504e-09 -1.78225e-11 1.48504e-08)
(1.44996e-08 -5.04771e-13 5.18148e-09)
(-2.84073e-19 1.5742e-08 2.43425e-18)
(-5.28941e-09 -1.70009e-11 1.48222e-08)
(1.44876e-08 -5.01636e-13 5.24564e-09)
(-3.16673e-19 1.57366e-08 2.48382e-18)
(-5.3506e-09 -1.61985e-11 1.47949e-08)
(1.44761e-08 -4.97867e-13 5.3068e-09)
(-3.43797e-19 1.57313e-08 2.56369e-18)
(-5.40869e-09 -1.54154e-11 1.47687e-08)
(1.44652e-08 -4.9348e-13 5.36505e-09)
(-3.7362e-19 1.57262e-08 2.67114e-18)
(-5.46379e-09 -1.46517e-11 1.47434e-08)
(1.44549e-08 -4.8849e-13 5.42045e-09)
(-4.11417e-19 1.57211e-08 2.79263e-18)
(-5.51597e-09 -1.39072e-11 1.47191e-08)
(1.44452e-08 -4.82914e-13 5.47308e-09)
(-4.64224e-19 1.57162e-08 2.92673e-18)
(-5.56533e-09 -1.31821e-11 1.46957e-08)
(1.4436e-08 -4.76767e-13 5.523e-09)
(-5.34371e-19 1.57113e-08 3.08202e-18)
(-5.61194e-09 -1.24763e-11 1.46734e-08)
(1.44275e-08 -4.70067e-13 5.5703e-09)
(-6.10908e-19 1.57066e-08 3.25391e-18)
(-5.65591e-09 -1.17897e-11 1.4652e-08)
(1.44195e-08 -4.62828e-13 5.61504e-09)
(-6.93997e-19 1.5702e-08 3.42224e-18)
(-5.6973e-09 -1.11225e-11 1.46316e-08)
(1.44121e-08 -4.5507e-13 5.6573e-09)
(-7.94978e-19 1.56974e-08 3.59174e-18)
(-5.7362e-09 -1.04745e-11 1.46122e-08)
(1.44052e-08 -4.46807e-13 5.69716e-09)
(-8.90914e-19 1.56931e-08 3.79306e-18)
(-5.7727e-09 -9.84572e-12 1.45937e-08)
(1.4399e-08 -4.38058e-13 5.73467e-09)
(-9.39204e-19 1.56888e-08 4.02433e-18)
(-5.80687e-09 -9.23615e-12 1.45761e-08)
(1.43932e-08 -4.2884e-13 5.76991e-09)
(-9.61265e-19 1.56846e-08 4.23327e-18)
(-5.8388e-09 -8.64575e-12 1.45595e-08)
(1.4388e-08 -4.1917e-13 5.80296e-09)
(-1.01943e-18 1.56806e-08 4.3889e-18)
(-5.86856e-09 -8.07448e-12 1.45438e-08)
(1.43833e-08 -4.09066e-13 5.83388e-09)
(-1.05404e-18 1.56766e-08 4.50105e-18)
(-5.89624e-09 -7.52231e-12 1.4529e-08)
(1.43792e-08 -3.98545e-13 5.86275e-09)
(-9.32962e-19 1.56728e-08 4.50068e-18)
(-5.9219e-09 -6.9892e-12 1.45151e-08)
(1.43755e-08 -3.87625e-13 5.88963e-09)
(-7.62451e-19 1.56691e-08 4.25796e-18)
(-5.94563e-09 -6.4751e-12 1.45021e-08)
(1.43723e-08 -3.76323e-13 5.9146e-09)
(-6.96852e-19 1.56656e-08 3.85315e-18)
(-5.96751e-09 -5.97999e-12 1.44899e-08)
(1.43695e-08 -3.64657e-13 5.93772e-09)
(-6.60721e-19 1.56621e-08 3.50191e-18)
(-5.98761e-09 -5.5038e-12 1.44785e-08)
(1.43672e-08 -3.52643e-13 5.95906e-09)
(-5.72246e-19 1.56588e-08 3.22943e-18)
(-6.00599e-09 -5.04651e-12 1.44679e-08)
(1.43653e-08 -3.40299e-13 5.9787e-09)
(-4.4448e-19 1.56556e-08 2.94197e-18)
(-6.02275e-09 -4.60806e-12 1.44581e-08)
(1.43638e-08 -3.27642e-13 5.9967e-09)
(-3.35771e-19 1.56526e-08 2.61319e-18)
(-6.03794e-09 -4.18841e-12 1.4449e-08)
(1.43626e-08 -3.1469e-13 6.01312e-09)
(-2.96353e-19 1.56496e-08 2.30635e-18)
(-6.05165e-09 -3.78751e-12 1.44407e-08)
(1.43618e-08 -3.01458e-13 6.02805e-09)
(-3.19505e-19 1.56468e-08 2.11345e-18)
(-6.06394e-09 -3.40532e-12 1.4433e-08)
(1.43613e-08 -2.87965e-13 6.04154e-09)
(-3.73748e-19 1.56441e-08 2.07165e-18)
(-6.07489e-09 -3.04179e-12 1.44261e-08)
(1.43611e-08 -2.74229e-13 6.05367e-09)
(-4.30596e-19 1.56416e-08 2.14937e-18)
(-6.08456e-09 -2.69688e-12 1.44198e-08)
(1.43612e-08 -2.60272e-13 6.0645e-09)
(-5.187e-19 1.56392e-08 2.29074e-18)
(-6.09304e-09 -2.37053e-12 1.44141e-08)
(1.43615e-08 -2.46113e-13 6.0741e-09)
(-6.12562e-19 1.56369e-08 2.47689e-18)
(-6.10038e-09 -2.06271e-12 1.4409e-08)
(1.4362e-08 -2.31786e-13 6.08254e-09)
(-6.80997e-19 1.56347e-08 2.65792e-18)
(-6.10666e-09 -1.77336e-12 1.44045e-08)
(1.43627e-08 -2.1734e-13 6.08989e-09)
(-7.7791e-19 1.56327e-08 2.79243e-18)
(-6.11194e-09 -1.50243e-12 1.44005e-08)
(1.43636e-08 -2.02846e-13 6.09621e-09)
(-8.07822e-19 1.56308e-08 2.92998e-18)
(-6.1163e-09 -1.24987e-12 1.4397e-08)
(1.43646e-08 -1.88411e-13 6.10157e-09)
(-7.10398e-19 1.5629e-08 3.01978e-18)
(-6.11981e-09 -1.01562e-12 1.4394e-08)
(1.43657e-08 -1.74207e-13 6.10603e-09)
(-5.69262e-19 1.56274e-08 2.97544e-18)
(-6.12253e-09 -7.99647e-13 1.43915e-08)
(1.43669e-08 -1.60493e-13 6.10967e-09)
(-4.13804e-19 1.56259e-08 2.83643e-18)
(-6.12452e-09 -6.01885e-13 1.43893e-08)
(1.43682e-08 -1.47657e-13 6.11256e-09)
(-3.22146e-19 1.56245e-08 2.66226e-18)
(-6.12587e-09 -4.22312e-13 1.43876e-08)
(1.43694e-08 -1.3624e-13 6.11475e-09)
(-2.7824e-19 1.56232e-08 2.44752e-18)
(-6.12663e-09 -2.60948e-13 1.43863e-08)
(1.43707e-08 -1.26942e-13 6.11632e-09)
(-3.05591e-19 1.56221e-08 2.14394e-18)
(-6.12687e-09 -1.17917e-13 1.43852e-08)
(1.43719e-08 -1.20574e-13 6.11734e-09)
(-5.43986e-19 1.56212e-08 1.97394e-18)
(-6.12667e-09 6.49198e-15 1.43845e-08)
(1.4373e-08 -1.17864e-13 6.11788e-09)
(-7.43125e-19 1.56203e-08 2.24829e-18)
(-6.12608e-09 1.11753e-13 1.43841e-08)
(1.4374e-08 -1.19087e-13 6.11802e-09)
(-7.5641e-19 1.56196e-08 2.74966e-18)
(-6.1252e-09 1.97119e-13 1.43839e-08)
(1.43748e-08 -1.237e-13 6.11785e-09)
(-9.06653e-19 1.5619e-08 3.22276e-18)
(-6.12408e-09 2.61845e-13 1.4384e-08)
(1.43755e-08 -1.30421e-13 6.1175e-09)
(-7.6723e-19 1.56185e-08 3.74186e-18)
(-6.12285e-09 3.05494e-13 1.43842e-08)
(1.43758e-08 -1.37804e-13 6.11719e-09)
(1.09554e-18 1.56182e-08 3.60331e-18)
(-6.12168e-09 3.27955e-13 1.43847e-08)
(2.05681e-18 1.5618e-08 1.95698e-18)
(-6.12086e-09 3.29857e-13 1.43852e-08)
(1.4919e-08 2.74319e-12 5.60854e-10)
(1.32112e-10 1.61741e-08 -2.16286e-11)
(-7.1331e-10 9.94122e-12 1.61188e-08)
(1.49075e-08 -2.81422e-12 5.65222e-10)
(7.70129e-11 1.57007e-08 -5.70649e-11)
(-6.26753e-10 2.47918e-11 1.60856e-08)
(1.49131e-08 -4.35434e-12 7.23061e-10)
(4.46332e-11 1.58549e-08 -7.69069e-11)
(-7.50275e-10 3.2299e-11 1.60479e-08)
(1.49127e-08 -4.08795e-12 9.1941e-10)
(2.70717e-11 1.59062e-08 -8.67168e-11)
(-9.44826e-10 3.66697e-11 1.59967e-08)
(1.49135e-08 -3.27987e-12 1.11737e-09)
(1.68912e-11 1.59212e-08 -9.22843e-11)
(-1.14879e-09 3.97176e-11 1.59536e-08)
(1.49131e-08 -2.40453e-12 1.31195e-09)
(1.12608e-11 1.59268e-08 -9.52963e-11)
(-1.35158e-09 4.18532e-11 1.59167e-08)
(1.49112e-08 -1.64472e-12 1.50245e-09)
(8.4113e-12 1.59271e-08 -9.64939e-11)
(-1.55104e-09 4.31985e-11 1.58824e-08)
(1.49075e-08 -1.05098e-12 1.68856e-09)
(7.16475e-12 1.59242e-08 -9.64016e-11)
(-1.74619e-09 4.38684e-11 1.5849e-08)
(1.4902e-08 -6.1293e-13 1.87012e-09)
(6.80783e-12 1.59195e-08 -9.54111e-11)
(-1.9366e-09 4.39926e-11 1.58156e-08)
(1.48949e-08 -3.0056e-13 2.04704e-09)
(6.9205e-12 1.59139e-08 -9.38094e-11)
(-2.12197e-09 4.37e-11 1.57816e-08)
(1.48863e-08 -8.21469e-14 2.21926e-09)
(7.25914e-12 1.59077e-08 -9.18033e-11)
(-2.30211e-09 4.3104e-11 1.57468e-08)
(1.48763e-08 6.94061e-14 2.38676e-09)
(7.68654e-12 1.59012e-08 -8.95386e-11)
(-2.47693e-09 4.2296e-11 1.57113e-08)
(1.48651e-08 1.74941e-13 2.54955e-09)
(8.12799e-12 1.58945e-08 -8.71166e-11)
(-2.64637e-09 4.13455e-11 1.56749e-08)
(1.48527e-08 2.49471e-13 2.70764e-09)
(8.54444e-12 1.58877e-08 -8.46065e-11)
(-2.81044e-09 4.03036e-11 1.56378e-08)
(1.48395e-08 3.03328e-13 2.86105e-09)
(8.91676e-12 1.58809e-08 -8.20552e-11)
(-2.96916e-09 3.92063e-11 1.56002e-08)
(1.48254e-08 3.43399e-13 3.00985e-09)
(9.23668e-12 1.58741e-08 -7.94939e-11)
(-3.12261e-09 3.80787e-11 1.55621e-08)
(1.48106e-08 3.7417e-13 3.15407e-09)
(9.50164e-12 1.58672e-08 -7.69433e-11)
(-3.27084e-09 3.69376e-11 1.55236e-08)
(1.47952e-08 3.98525e-13 3.29377e-09)
(9.71206e-12 1.58604e-08 -7.44169e-11)
(-3.41394e-09 3.57945e-11 1.54849e-08)
(1.47794e-08 4.18308e-13 3.42901e-09)
(9.86982e-12 1.58536e-08 -7.19234e-11)
(-3.55202e-09 3.46568e-11 1.54461e-08)
(1.47631e-08 4.34711e-13 3.55986e-09)
(9.97749e-12 1.58469e-08 -6.94684e-11)
(-3.68515e-09 3.35292e-11 1.54073e-08)
(1.47466e-08 4.48513e-13 3.68638e-09)
(1.0038e-11 1.58402e-08 -6.70554e-11)
(-3.81345e-09 3.24148e-11 1.53686e-08)
(1.47299e-08 4.6024e-13 3.80865e-09)
(1.00542e-11 1.58336e-08 -6.46866e-11)
(-3.937e-09 3.13156e-11 1.53301e-08)
(1.47131e-08 4.70256e-13 3.92673e-09)
(1.00293e-11 1.5827e-08 -6.23634e-11)
(-4.05592e-09 3.02327e-11 1.52919e-08)
(1.46962e-08 4.78821e-13 4.0407e-09)
(9.9663e-12 1.58204e-08 -6.00867e-11)
(-4.17029e-09 2.91671e-11 1.52541e-08)
(1.46794e-08 4.86125e-13 4.15062e-09)
(9.86806e-12 1.5814e-08 -5.78568e-11)
(-4.28023e-09 2.81192e-11 1.52167e-08)
(1.46626e-08 4.92309e-13 4.25658e-09)
(9.73751e-12 1.58076e-08 -5.56739e-11)
(-4.38583e-09 2.70894e-11 1.51798e-08)
(1.46461e-08 4.97481e-13 4.35864e-09)
(9.57744e-12 1.58012e-08 -5.35382e-11)
(-4.48719e-09 2.6078e-11 1.51435e-08)
(1.46297e-08 5.01721e-13 4.45687e-09)
(9.39056e-12 1.5795e-08 -5.14496e-11)
(-4.58441e-09 2.50851e-11 1.51078e-08)
(1.46137e-08 5.05091e-13 4.55137e-09)
(9.17948e-12 1.57888e-08 -4.94078e-11)
(-4.6776e-09 2.41109e-11 1.50728e-08)
(1.45979e-08 5.07637e-13 4.64219e-09)
(8.94668e-12 1.57827e-08 -4.74128e-11)
(-4.76685e-09 2.31554e-11 1.50385e-08)
(1.45825e-08 5.09397e-13 4.72941e-09)
(8.69456e-12 1.57767e-08 -4.54643e-11)
(-4.85226e-09 2.22189e-11 1.5005e-08)
(1.45675e-08 5.10399e-13 4.81312e-09)
(8.4254e-12 1.57707e-08 -4.35619e-11)
(-4.93392e-09 2.13014e-11 1.49723e-08)
(1.4553e-08 5.10667e-13 4.89338e-09)
(8.14137e-12 1.57649e-08 -4.17054e-11)
(-5.01193e-09 2.04029e-11 1.49405e-08)
(1.45389e-08 5.10221e-13 4.97027e-09)
(7.84454e-12 1.57591e-08 -3.98943e-11)
(-5.0864e-09 1.95236e-11 1.49095e-08)
(1.45253e-08 5.09078e-13 5.04387e-09)
(7.53687e-12 1.57534e-08 -3.81283e-11)
(-5.1574e-09 1.86635e-11 1.48795e-08)
(1.45122e-08 5.07256e-13 5.11424e-09)
(7.22023e-12 1.57478e-08 -3.64071e-11)
(-5.22504e-09 1.78225e-11 1.48504e-08)
(1.44996e-08 5.0477e-13 5.18148e-09)
(6.89638e-12 1.57424e-08 -3.47301e-11)
(-5.28941e-09 1.70009e-11 1.48222e-08)
(1.44876e-08 5.01634e-13 5.24564e-09)
(6.56699e-12 1.5737e-08 -3.30969e-11)
(-5.3506e-09 1.61985e-11 1.47949e-08)
(1.44761e-08 4.97865e-13 5.3068e-09)
(6.23364e-12 1.57317e-08 -3.15072e-11)
(-5.40869e-09 1.54154e-11 1.47687e-08)
(1.44652e-08 4.93478e-13 5.36505e-09)
(5.89782e-12 1.57265e-08 -2.99604e-11)
(-5.46379e-09 1.46517e-11 1.47434e-08)
(1.44549e-08 4.88489e-13 5.42045e-09)
(5.56094e-12 1.57214e-08 -2.84561e-11)
(-5.51597e-09 1.39072e-11 1.47191e-08)
(1.44452e-08 4.82912e-13 5.47308e-09)
(5.22431e-12 1.57165e-08 -2.69939e-11)
(-5.56533e-09 1.31821e-11 1.46957e-08)
(1.4436e-08 4.76766e-13 5.523e-09)
(4.88918e-12 1.57116e-08 -2.55734e-11)
(-5.61194e-09 1.24763e-11 1.46734e-08)
(1.44275e-08 4.70065e-13 5.5703e-09)
(4.55672e-12 1.57069e-08 -2.4194e-11)
(-5.65591e-09 1.17897e-11 1.4652e-08)
(1.44195e-08 4.62827e-13 5.61504e-09)
(4.22802e-12 1.57022e-08 -2.28553e-11)
(-5.6973e-09 1.11225e-11 1.46316e-08)
(1.44121e-08 4.55068e-13 5.6573e-09)
(3.9041e-12 1.56977e-08 -2.1557e-11)
(-5.7362e-09 1.04745e-11 1.46122e-08)
(1.44052e-08 4.46806e-13 5.69716e-09)
(3.58592e-12 1.56933e-08 -2.02986e-11)
(-5.7727e-09 9.84572e-12 1.45937e-08)
(1.4399e-08 4.38057e-13 5.73467e-09)
(3.27437e-12 1.5689e-08 -1.90797e-11)
(-5.80687e-09 9.23614e-12 1.45761e-08)
(1.43932e-08 4.28839e-13 5.76991e-09)
(2.97026e-12 1.56848e-08 -1.78999e-11)
(-5.8388e-09 8.64574e-12 1.45595e-08)
(1.4388e-08 4.19169e-13 5.80296e-09)
(2.67438e-12 1.56808e-08 -1.67588e-11)
(-5.86856e-09 8.07447e-12 1.45438e-08)
(1.43833e-08 4.09065e-13 5.83388e-09)
(2.38743e-12 1.56768e-08 -1.56561e-11)
(-5.89624e-09 7.5223e-12 1.4529e-08)
(1.43792e-08 3.98545e-13 5.86275e-09)
(2.11005e-12 1.5673e-08 -1.45915e-11)
(-5.9219e-09 6.98919e-12 1.45151e-08)
(1.43755e-08 3.87625e-13 5.88963e-09)
(1.84286e-12 1.56693e-08 -1.35644e-11)
(-5.94563e-09 6.4751e-12 1.45021e-08)
(1.43723e-08 3.76323e-13 5.9146e-09)
(1.5864e-12 1.56657e-08 -1.25748e-11)
(-5.96751e-09 5.97998e-12 1.44899e-08)
(1.43695e-08 3.64657e-13 5.93772e-09)
(1.34118e-12 1.56623e-08 -1.16222e-11)
(-5.98761e-09 5.5038e-12 1.44785e-08)
(1.43672e-08 3.52643e-13 5.95906e-09)
(1.10765e-12 1.5659e-08 -1.07064e-11)
(-6.00599e-09 5.0465e-12 1.44679e-08)
(1.43653e-08 3.40299e-13 5.9787e-09)
(8.86221e-13 1.56558e-08 -9.82699e-12)
(-6.02275e-09 4.60806e-12 1.44581e-08)
(1.43638e-08 3.27642e-13 5.9967e-09)
(6.7727e-13 1.56527e-08 -8.98383e-12)
(-6.03794e-09 4.1884e-12 1.4449e-08)
(1.43626e-08 3.14689e-13 6.01312e-09)
(4.81127e-13 1.56497e-08 -8.17665e-12)
(-6.05165e-09 3.78751e-12 1.44407e-08)
(1.43618e-08 3.01457e-13 6.02805e-09)
(2.98091e-13 1.56469e-08 -7.40519e-12)
(-6.06394e-09 3.40532e-12 1.4433e-08)
(1.43613e-08 2.87964e-13 6.04154e-09)
(1.28424e-13 1.56442e-08 -6.66926e-12)
(-6.07489e-09 3.04179e-12 1.44261e-08)
(1.43611e-08 2.74229e-13 6.05367e-09)
(-2.76373e-14 1.56417e-08 -5.96863e-12)
(-6.08456e-09 2.69687e-12 1.44198e-08)
(1.43612e-08 2.60271e-13 6.0645e-09)
(-1.69889e-13 1.56392e-08 -5.30312e-12)
(-6.09304e-09 2.37053e-12 1.44141e-08)
(1.43615e-08 2.46112e-13 6.0741e-09)
(-2.98153e-13 1.56369e-08 -4.67253e-12)
(-6.10038e-09 2.06271e-12 1.4409e-08)
(1.4362e-08 2.31785e-13 6.08254e-09)
(-4.1226e-13 1.56348e-08 -4.07669e-12)
(-6.10666e-09 1.77335e-12 1.44045e-08)
(1.43627e-08 2.1734e-13 6.08989e-09)
(-5.1204e-13 1.56327e-08 -3.51543e-12)
(-6.11194e-09 1.50242e-12 1.44005e-08)
(1.43636e-08 2.02845e-13 6.09621e-09)
(-5.97334e-13 1.56308e-08 -2.98858e-12)
(-6.1163e-09 1.24986e-12 1.4397e-08)
(1.43646e-08 1.88411e-13 6.10157e-09)
(-6.67969e-13 1.5629e-08 -2.49601e-12)
(-6.11981e-09 1.01562e-12 1.4394e-08)
(1.43657e-08 1.74206e-13 6.10603e-09)
(-7.23751e-13 1.56274e-08 -2.03757e-12)
(-6.12253e-09 7.99643e-13 1.43915e-08)
(1.43669e-08 1.60493e-13 6.10967e-09)
(-7.64461e-13 1.56259e-08 -1.61317e-12)
(-6.12452e-09 6.01881e-13 1.43893e-08)
(1.43682e-08 1.47656e-13 6.11256e-09)
(-7.89878e-13 1.56245e-08 -1.22281e-12)
(-6.12587e-09 4.22307e-13 1.43876e-08)
(1.43694e-08 1.36238e-13 6.11475e-09)
(-7.99828e-13 1.56232e-08 -8.66659e-13)
(-6.12663e-09 2.60944e-13 1.43863e-08)
(1.43707e-08 1.26941e-13 6.11632e-09)
(-7.94315e-13 1.56221e-08 -5.4521e-13)
(-6.12687e-09 1.17912e-13 1.43852e-08)
(1.43719e-08 1.20572e-13 6.11734e-09)
(-7.73804e-13 1.56212e-08 -2.59523e-13)
(-6.12667e-09 -6.49702e-15 1.43845e-08)
(1.4373e-08 1.17862e-13 6.11788e-09)
(-7.39714e-13 1.56203e-08 -1.14981e-14)
(-6.12608e-09 -1.11758e-13 1.43841e-08)
(1.4374e-08 1.19085e-13 6.11802e-09)
(-6.95308e-13 1.56196e-08 1.95951e-13)
(-6.1252e-09 -1.97125e-13 1.43839e-08)
(1.43748e-08 1.23698e-13 6.11785e-09)
(-6.47019e-13 1.5619e-08 3.59252e-13)
(-6.12408e-09 -2.61851e-13 1.4384e-08)
(1.43755e-08 1.3042e-13 6.1175e-09)
(-6.04679e-13 1.56185e-08 4.75983e-13)
(-6.12285e-09 -3.055e-13 1.43842e-08)
(1.43758e-08 1.37806e-13 6.11719e-09)
(-5.77597e-13 1.56182e-08 5.48545e-13)
(-6.12168e-09 -3.2796e-13 1.43847e-08)
(-5.70053e-13 1.5618e-08 5.85058e-13)
(-6.12086e-09 -3.29858e-13 1.43852e-08)
(1.49188e-08 5.3547e-12 5.39688e-10)
(2.90234e-10 1.61897e-08 -4.55428e-11)
(-6.71563e-10 3.29226e-11 1.61144e-08)
(1.49073e-08 -1.33336e-11 5.5888e-10)
(1.52082e-10 1.57571e-08 -1.19689e-10)
(-6.07034e-10 8.07037e-11 1.60681e-08)
(1.49125e-08 -1.6239e-11 7.21395e-10)
(8.34886e-11 1.58894e-08 -1.59898e-10)
(-7.39801e-10 1.02928e-10 1.60302e-08)
(1.49124e-08 -1.34217e-11 9.18705e-10)
(4.95082e-11 1.59258e-08 -1.80012e-10)
(-9.37472e-10 1.15357e-10 1.59835e-08)
(1.49132e-08 -9.81203e-12 1.11699e-09)
(3.07356e-11 1.59334e-08 -1.91178e-10)
(-1.14345e-09 1.24036e-10 1.59447e-08)
(1.49128e-08 -6.63627e-12 1.31185e-09)
(2.08016e-11 1.59349e-08 -1.96731e-10)
(-1.34804e-09 1.29975e-10 1.59108e-08)
(1.49107e-08 -4.13799e-12 1.50262e-09)
(1.59924e-11 1.59329e-08 -1.98458e-10)
(-1.54903e-09 1.33472e-10 1.58784e-08)
(1.49068e-08 -2.29072e-12 1.68895e-09)
(1.40306e-11 1.59287e-08 -1.97615e-10)
(-1.74541e-09 1.34934e-10 1.58462e-08)
(1.49012e-08 -9.75244e-13 1.8707e-09)
(1.36194e-11 1.59234e-08 -1.95065e-10)
(-1.93674e-09 1.34813e-10 1.58134e-08)
(1.4894e-08 -6.0108e-14 2.04775e-09)
(1.4013e-11 1.59174e-08 -1.91396e-10)
(-2.12278e-09 1.33523e-10 1.57798e-08)
(1.48854e-08 5.68272e-13 2.22008e-09)
(1.47827e-11 1.5911e-08 -1.87012e-10)
(-2.30339e-09 1.31405e-10 1.57453e-08)
(1.48754e-08 9.98369e-13 2.38765e-09)
(1.56884e-11 1.59043e-08 -1.82187e-10)
(-2.47852e-09 1.28724e-10 1.57099e-08)
(1.48641e-08 1.29468e-12 2.55049e-09)
(1.65999e-11 1.58975e-08 -1.77104e-10)
(-2.64816e-09 1.25672e-10 1.56736e-08)
(1.48518e-08 1.50206e-12 2.7086e-09)
(1.74495e-11 1.58906e-08 -1.71889e-10)
(-2.81235e-09 1.2239e-10 1.56366e-08)
(1.48386e-08 1.65058e-12 2.86204e-09)
(1.82043e-11 1.58837e-08 -1.66622e-10)
(-2.97114e-09 1.18974e-10 1.5599e-08)
(1.48246e-08 1.75995e-12 3.01084e-09)
(1.88505e-11 1.58768e-08 -1.61358e-10)
(-3.12462e-09 1.1549e-10 1.55609e-08)
(1.48098e-08 1.84285e-12 3.15506e-09)
(1.93843e-11 1.58699e-08 -1.56132e-10)
(-3.27286e-09 1.11982e-10 1.55225e-08)
(1.47945e-08 1.90734e-12 3.29476e-09)
(1.98072e-11 1.5863e-08 -1.50967e-10)
(-3.41596e-09 1.0848e-10 1.54838e-08)
(1.47787e-08 1.95858e-12 3.43e-09)
(2.01233e-11 1.58561e-08 -1.45876e-10)
(-3.55401e-09 1.05003e-10 1.5445e-08)
(1.47625e-08 1.99991e-12 3.56084e-09)
(2.03379e-11 1.58493e-08 -1.4087e-10)
(-3.68713e-09 1.01562e-10 1.54063e-08)
(1.4746e-08 2.0335e-12 3.68736e-09)
(2.04569e-11 1.58425e-08 -1.35954e-10)
(-3.81539e-09 9.81655e-11 1.53676e-08)
(1.47293e-08 2.06084e-12 3.80962e-09)
(2.04864e-11 1.58358e-08 -1.31131e-10)
(-3.93892e-09 9.48183e-11 1.53291e-08)
(1.47125e-08 2.08296e-12 3.92769e-09)
(2.04326e-11 1.58291e-08 -1.26403e-10)
(-4.0578e-09 9.15234e-11 1.52909e-08)
(1.46957e-08 2.10059e-12 4.04164e-09)
(2.03016e-11 1.58225e-08 -1.21772e-10)
(-4.17215e-09 8.82826e-11 1.52531e-08)
(1.46789e-08 2.11429e-12 4.15156e-09)
(2.00994e-11 1.5816e-08 -1.17239e-10)
(-4.28205e-09 8.50974e-11 1.52157e-08)
(1.46622e-08 2.12444e-12 4.2575e-09)
(1.9832e-11 1.58095e-08 -1.12802e-10)
(-4.38762e-09 8.19684e-11 1.51789e-08)
(1.46457e-08 2.13137e-12 4.35955e-09)
(1.95049e-11 1.58031e-08 -1.08463e-10)
(-4.48895e-09 7.88964e-11 1.51426e-08)
(1.46293e-08 2.13529e-12 4.45778e-09)
(1.91237e-11 1.57968e-08 -1.04221e-10)
(-4.58615e-09 7.58818e-11 1.51069e-08)
(1.46133e-08 2.13639e-12 4.55226e-09)
(1.86936e-11 1.57906e-08 -1.00076e-10)
(-4.6793e-09 7.29249e-11 1.50719e-08)
(1.45976e-08 2.13481e-12 4.64307e-09)
(1.82197e-11 1.57844e-08 -9.60263e-11)
(-4.76852e-09 7.0026e-11 1.50377e-08)
(1.45822e-08 2.13065e-12 4.73029e-09)
(1.77068e-11 1.57783e-08 -9.20722e-11)
(-4.85389e-09 6.71853e-11 1.50042e-08)
(1.45672e-08 2.124e-12 4.81398e-09)
(1.71596e-11 1.57723e-08 -8.82129e-11)
(-4.93552e-09 6.44031e-11 1.49715e-08)
(1.45527e-08 2.11494e-12 4.89423e-09)
(1.65824e-11 1.57664e-08 -8.44475e-11)
(-5.01351e-09 6.16794e-11 1.49397e-08)
(1.45386e-08 2.10353e-12 4.97111e-09)
(1.59794e-11 1.57606e-08 -8.07752e-11)
(-5.08794e-09 5.90145e-11 1.49088e-08)
(1.4525e-08 2.08984e-12 5.04469e-09)
(1.53547e-11 1.57548e-08 -7.71952e-11)
(-5.15891e-09 5.64083e-11 1.48787e-08)
(1.45119e-08 2.07392e-12 5.11505e-09)
(1.47119e-11 1.57492e-08 -7.37065e-11)
(-5.22652e-09 5.3861e-11 1.48496e-08)
(1.44994e-08 2.05582e-12 5.18227e-09)
(1.40546e-11 1.57437e-08 -7.03083e-11)
(-5.29085e-09 5.13727e-11 1.48215e-08)
(1.44874e-08 2.0356e-12 5.24642e-09)
(1.33862e-11 1.57382e-08 -6.69996e-11)
(-5.35201e-09 4.89433e-11 1.47943e-08)
(1.44759e-08 2.01331e-12 5.30757e-09)
(1.27099e-11 1.57329e-08 -6.37793e-11)
(-5.41007e-09 4.65728e-11 1.4768e-08)
(1.4465e-08 1.98901e-12 5.3658e-09)
(1.20287e-11 1.57277e-08 -6.06467e-11)
(-5.46514e-09 4.42613e-11 1.47427e-08)
(1.44547e-08 1.96274e-12 5.42119e-09)
(1.13453e-11 1.57225e-08 -5.76006e-11)
(-5.51729e-09 4.20087e-11 1.47184e-08)
(1.4445e-08 1.93458e-12 5.4738e-09)
(1.06626e-11 1.57175e-08 -5.46402e-11)
(-5.56661e-09 3.98149e-11 1.46951e-08)
(1.44359e-08 1.90457e-12 5.52371e-09)
(9.98294e-12 1.57126e-08 -5.17644e-11)
(-5.6132e-09 3.76799e-11 1.46728e-08)
(1.44273e-08 1.87276e-12 5.57099e-09)
(9.30872e-12 1.57078e-08 -4.89724e-11)
(-5.65713e-09 3.56036e-11 1.46514e-08)
(1.44193e-08 1.83923e-12 5.61572e-09)
(8.64214e-12 1.57031e-08 -4.62632e-11)
(-5.69848e-09 3.35859e-11 1.46311e-08)
(1.44119e-08 1.80401e-12 5.65796e-09)
(7.98525e-12 1.56985e-08 -4.36359e-11)
(-5.73736e-09 3.16267e-11 1.46116e-08)
(1.44051e-08 1.76717e-12 5.69779e-09)
(7.33998e-12 1.56941e-08 -4.10895e-11)
(-5.77382e-09 2.97259e-11 1.45932e-08)
(1.43988e-08 1.72878e-12 5.73529e-09)
(6.70811e-12 1.56898e-08 -3.86234e-11)
(-5.80796e-09 2.78833e-11 1.45757e-08)
(1.43931e-08 1.68888e-12 5.77051e-09)
(6.09131e-12 1.56855e-08 -3.62366e-11)
(-5.83986e-09 2.6099e-11 1.45591e-08)
(1.43879e-08 1.64753e-12 5.80354e-09)
(5.49112e-12 1.56814e-08 -3.39282e-11)
(-5.86959e-09 2.43726e-11 1.45434e-08)
(1.43832e-08 1.60479e-12 5.83445e-09)
(4.90896e-12 1.56775e-08 -3.16977e-11)
(-5.89723e-09 2.27041e-11 1.45286e-08)
(1.43791e-08 1.56073e-12 5.8633e-09)
(4.34614e-12 1.56736e-08 -2.95441e-11)
(-5.92286e-09 2.10934e-11 1.45147e-08)
(1.43754e-08 1.51539e-12 5.89016e-09)
(3.80389e-12 1.56699e-08 -2.74668e-11)
(-5.94656e-09 1.95403e-11 1.45017e-08)
(1.43722e-08 1.46883e-12 5.91511e-09)
(3.28329e-12 1.56663e-08 -2.54652e-11)
(-5.96841e-09 1.80446e-11 1.44895e-08)
(1.43694e-08 1.42112e-12 5.93821e-09)
(2.78536e-12 1.56628e-08 -2.35385e-11)
(-5.98847e-09 1.66061e-11 1.44781e-08)
(1.43671e-08 1.37231e-12 5.95953e-09)
(2.31102e-12 1.56594e-08 -2.16861e-11)
(-6.00682e-09 1.52249e-11 1.44676e-08)
(1.43652e-08 1.32245e-12 5.97915e-09)
(1.86109e-12 1.56562e-08 -1.99075e-11)
(-6.02355e-09 1.39006e-11 1.44578e-08)
(1.43637e-08 1.2716e-12 5.99713e-09)
(1.43632e-12 1.56531e-08 -1.82021e-11)
(-6.03871e-09 1.26331e-11 1.44487e-08)
(1.43625e-08 1.21982e-12 6.01353e-09)
(1.03738e-12 1.56501e-08 -1.65694e-11)
(-6.05238e-09 1.14223e-11 1.44404e-08)
(1.43617e-08 1.16715e-12 6.02844e-09)
(6.64861e-13 1.56472e-08 -1.5009e-11)
(-6.06464e-09 1.02679e-11 1.44328e-08)
(1.43612e-08 1.11367e-12 6.04191e-09)
(3.19293e-13 1.56445e-08 -1.35202e-11)
(-6.07556e-09 9.16999e-12 1.44258e-08)
(1.4361e-08 1.05941e-12 6.05402e-09)
(1.13994e-15 1.56419e-08 -1.21028e-11)
(-6.0852e-09 8.12824e-12 1.44196e-08)
(1.43611e-08 1.00445e-12 6.06483e-09)
(-2.89183e-13 1.56395e-08 -1.07562e-11)
(-6.09364e-09 7.14254e-12 1.44139e-08)
(1.43614e-08 9.48843e-13 6.07441e-09)
(-5.51319e-13 1.56372e-08 -9.4802e-12)
(-6.10095e-09 6.21273e-12 1.44088e-08)
(1.43619e-08 8.92681e-13 6.08283e-09)
(-7.8494e-13 1.5635e-08 -8.27432e-12)
(-6.1072e-09 5.33866e-12 1.44043e-08)
(1.43626e-08 8.36087e-13 6.09016e-09)
(-9.8973e-13 1.56329e-08 -7.13824e-12)
(-6.11245e-09 4.52018e-12 1.44003e-08)
(1.43635e-08 7.79241e-13 6.09646e-09)
(-1.16538e-12 1.5631e-08 -6.07162e-12)
(-6.11678e-09 3.75712e-12 1.43969e-08)
(1.43645e-08 7.2242e-13 6.1018e-09)
(-1.31157e-12 1.56292e-08 -5.07418e-12)
(-6.12025e-09 3.04934e-12 1.43939e-08)
(1.43656e-08 6.66067e-13 6.10624e-09)
(-1.42791e-12 1.56275e-08 -4.14563e-12)
(-6.12294e-09 2.39668e-12 1.43914e-08)
(1.43668e-08 6.1087e-13 6.10986e-09)
(-1.51401e-12 1.56259e-08 -3.2858e-12)
(-6.1249e-09 1.79901e-12 1.43893e-08)
(1.43681e-08 5.57881e-13 6.11273e-09)
(-1.56942e-12 1.56245e-08 -2.49465e-12)
(-6.12621e-09 1.25625e-12 1.43875e-08)
(1.43694e-08 5.08634e-13 6.1149e-09)
(-1.59374e-12 1.56233e-08 -1.77247e-12)
(-6.12694e-09 7.68483e-13 1.43862e-08)
(1.43706e-08 4.65247e-13 6.11645e-09)
(-1.58685e-12 1.56221e-08 -1.12014e-12)
(-6.12715e-09 3.36019e-13 1.43852e-08)
(1.43718e-08 4.30375e-13 6.11745e-09)
(-1.54938e-12 1.56211e-08 -5.39594e-13)
(-6.12691e-09 -4.03422e-14 1.43845e-08)
(1.4373e-08 4.06801e-13 6.11797e-09)
(-1.4836e-12 1.56203e-08 -3.45276e-14)
(-6.12629e-09 -3.59125e-13 1.43841e-08)
(1.4374e-08 3.96279e-13 6.11808e-09)
(-1.39529e-12 1.56195e-08 3.88936e-13)
(-6.12536e-09 -6.18176e-13 1.43839e-08)
(1.43748e-08 3.97997e-13 6.11789e-09)
(-1.29701e-12 1.56189e-08 7.22275e-13)
(-6.12421e-09 -8.15425e-13 1.4384e-08)
(1.43755e-08 4.0861e-13 6.11752e-09)
(-1.21106e-12 1.56184e-08 9.57731e-13)
(-6.12293e-09 -9.50217e-13 1.43843e-08)
(1.43758e-08 4.2474e-13 6.1172e-09)
(-1.16038e-12 1.56181e-08 1.09877e-12)
(-6.12173e-09 -1.02302e-12 1.43847e-08)
(-1.14766e-12 1.56179e-08 1.16623e-12)
(-6.12087e-09 -1.03482e-12 1.43853e-08)
(1.49121e-08 -1.82387e-11 4.98727e-10)
(5.1006e-10 1.62454e-08 -6.65167e-11)
(-5.80995e-10 6.03681e-11 1.61114e-08)
(1.49009e-08 -3.84905e-11 5.49089e-10)
(2.15068e-10 1.5837e-08 -1.8214e-10)
(-5.66018e-10 1.4648e-10 1.60155e-08)
(1.49093e-08 -3.2142e-11 7.19176e-10)
(1.05814e-10 1.59255e-08 -2.5043e-10)
(-7.17708e-10 1.86016e-10 1.59878e-08)
(1.49111e-08 -2.2061e-11 9.17628e-10)
(6.21628e-11 1.59447e-08 -2.85469e-10)
(-9.22473e-10 2.08662e-10 1.59567e-08)
(1.49119e-08 -1.38683e-11 1.11641e-09)
(3.96325e-11 1.59457e-08 -3.02861e-10)
(-1.1334e-09 2.23275e-10 1.59277e-08)
(1.4911e-08 -7.74279e-12 1.31172e-09)
(2.81084e-11 1.59437e-08 -3.10137e-10)
(-1.34201e-09 2.31861e-10 1.58994e-08)
(1.49083e-08 -3.35808e-12 1.50288e-09)
(2.27963e-11 1.59398e-08 -3.1132e-10)
(-1.54611e-09 2.3582e-10 1.58702e-08)
(1.4904e-08 -3.24988e-13 1.68953e-09)
(2.08999e-11 1.59348e-08 -3.08729e-10)
(-1.7448e-09 2.36399e-10 1.58399e-08)
(1.48982e-08 1.7301e-12 1.87152e-09)
(2.08556e-11 1.59291e-08 -3.03776e-10)
(-1.93778e-09 2.34581e-10 1.58082e-08)
(1.48908e-08 3.10612e-12 2.04876e-09)
(2.17594e-11 1.59229e-08 -2.97347e-10)
(-2.12495e-09 2.31113e-10 1.57753e-08)
(1.48821e-08 4.0233e-12 2.22121e-09)
(2.30873e-11 1.59164e-08 -2.90015e-10)
(-2.30632e-09 2.26543e-10 1.57412e-08)
(1.48721e-08 4.6366e-12 2.38887e-09)
(2.45448e-11 1.59096e-08 -2.82155e-10)
(-2.48194e-09 2.21262e-10 1.57061e-08)
(1.4861e-08 5.05108e-12 2.55176e-09)
(2.59719e-11 1.59027e-08 -2.74008e-10)
(-2.65188e-09 2.15542e-10 1.567e-08)
(1.48488e-08 5.3359e-12 2.70991e-09)
(2.72852e-11 1.58958e-08 -2.65736e-10)
(-2.81623e-09 2.0957e-10 1.56331e-08)
(1.48357e-08 5.53563e-12 2.86337e-09)
(2.84446e-11 1.58888e-08 -2.57441e-10)
(-2.97511e-09 2.0347e-10 1.55956e-08)
(1.48218e-08 5.67858e-12 3.01218e-09)
(2.94337e-11 1.58818e-08 -2.49189e-10)
(-3.12861e-09 1.97326e-10 1.55576e-08)
(1.48072e-08 5.78256e-12 3.1564e-09)
(3.02489e-11 1.58748e-08 -2.41026e-10)
(-3.27684e-09 1.91191e-10 1.55193e-08)
(1.4792e-08 5.85885e-12 3.29609e-09)
(3.08931e-11 1.58678e-08 -2.32976e-10)
(-3.41991e-09 1.85101e-10 1.54807e-08)
(1.47764e-08 5.91459e-12 3.43132e-09)
(3.1373e-11 1.58609e-08 -2.25057e-10)
(-3.55792e-09 1.79077e-10 1.5442e-08)
(1.47603e-08 5.95444e-12 3.56216e-09)
(3.16968e-11 1.5854e-08 -2.1728e-10)
(-3.69098e-09 1.73134e-10 1.54033e-08)
(1.4744e-08 5.98151e-12 3.68867e-09)
(3.18737e-11 1.58471e-08 -2.09651e-10)
(-3.81919e-09 1.67279e-10 1.53647e-08)
(1.47274e-08 5.9979e-12 3.81092e-09)
(3.19129e-11 1.58403e-08 -2.02174e-10)
(-3.94265e-09 1.61518e-10 1.53263e-08)
(1.47107e-08 6.00511e-12 3.92899e-09)
(3.18241e-11 1.58335e-08 -1.94851e-10)
(-4.06147e-09 1.55855e-10 1.52882e-08)
(1.4694e-08 6.00423e-12 4.04294e-09)
(3.16167e-11 1.58268e-08 -1.87682e-10)
(-4.17575e-09 1.5029e-10 1.52505e-08)
(1.46773e-08 5.99606e-12 4.15284e-09)
(3.13e-11 1.58202e-08 -1.80667e-10)
(-4.28559e-09 1.44826e-10 1.52131e-08)
(1.46607e-08 5.98118e-12 4.25878e-09)
(3.0883e-11 1.58136e-08 -1.73807e-10)
(-4.3911e-09 1.39462e-10 1.51763e-08)
(1.46443e-08 5.96007e-12 4.36082e-09)
(3.03746e-11 1.58071e-08 -1.67102e-10)
(-4.49236e-09 1.34201e-10 1.51401e-08)
(1.46281e-08 5.93307e-12 4.45904e-09)
(2.97831e-11 1.58007e-08 -1.60549e-10)
(-4.58949e-09 1.29041e-10 1.51045e-08)
(1.46121e-08 5.90047e-12 4.55352e-09)
(2.91167e-11 1.57943e-08 -1.54148e-10)
(-4.68259e-09 1.23983e-10 1.50696e-08)
(1.45965e-08 5.86248e-12 4.64432e-09)
(2.83831e-11 1.5788e-08 -1.47899e-10)
(-4.77174e-09 1.19028e-10 1.50354e-08)
(1.45812e-08 5.81931e-12 4.73152e-09)
(2.75899e-11 1.57818e-08 -1.41799e-10)
(-4.85705e-09 1.14175e-10 1.5002e-08)
(1.45663e-08 5.77111e-12 4.81521e-09)
(2.6744e-11 1.57757e-08 -1.35848e-10)
(-4.93862e-09 1.09425e-10 1.49694e-08)
(1.45518e-08 5.71803e-12 4.89545e-09)
(2.58523e-11 1.57697e-08 -1.30043e-10)
(-5.01654e-09 1.04777e-10 1.49376e-08)
(1.45377e-08 5.66023e-12 4.97231e-09)
(2.49211e-11 1.57638e-08 -1.24384e-10)
(-5.09091e-09 1.00232e-10 1.49068e-08)
(1.45242e-08 5.59781e-12 5.04588e-09)
(2.39565e-11 1.5758e-08 -1.1887e-10)
(-5.16182e-09 9.57892e-11 1.48768e-08)
(1.45112e-08 5.53093e-12 5.11623e-09)
(2.29644e-11 1.57522e-08 -1.13497e-10)
(-5.22937e-09 9.14488e-11 1.48478e-08)
(1.44987e-08 5.4597e-12 5.18344e-09)
(2.19501e-11 1.57466e-08 -1.08265e-10)
(-5.29364e-09 8.72108e-11 1.48196e-08)
(1.44867e-08 5.38425e-12 5.24757e-09)
(2.09187e-11 1.57411e-08 -1.03172e-10)
(-5.35473e-09 8.30749e-11 1.47925e-08)
(1.44753e-08 5.30472e-12 5.30871e-09)
(1.98753e-11 1.57356e-08 -9.8217e-11)
(-5.41274e-09 7.90409e-11 1.47663e-08)
(1.44645e-08 5.22122e-12 5.36692e-09)
(1.88242e-11 1.57303e-08 -9.33975e-11)
(-5.46774e-09 7.51087e-11 1.47411e-08)
(1.44542e-08 5.13388e-12 5.42229e-09)
(1.777e-11 1.57251e-08 -8.87122e-11)
(-5.51983e-09 7.12781e-11 1.47168e-08)
(1.44445e-08 5.04283e-12 5.47488e-09)
(1.67167e-11 1.57199e-08 -8.41594e-11)
(-5.56909e-09 6.75488e-11 1.46936e-08)
(1.44354e-08 4.9482e-12 5.52477e-09)
(1.5668e-11 1.57149e-08 -7.97375e-11)
(-5.61561e-09 6.39205e-11 1.46713e-08)
(1.44269e-08 4.85012e-12 5.57203e-09)
(1.46277e-11 1.571e-08 -7.5445e-11)
(-5.65948e-09 6.03931e-11 1.465e-08)
(1.44189e-08 4.74871e-12 5.61673e-09)
(1.3599e-11 1.57053e-08 -7.12804e-11)
(-5.70078e-09 5.69661e-11 1.46297e-08)
(1.44115e-08 4.64411e-12 5.65896e-09)
(1.2585e-11 1.57006e-08 -6.72421e-11)
(-5.73959e-09 5.36394e-11 1.46103e-08)
(1.44047e-08 4.53643e-12 5.69877e-09)
(1.15888e-11 1.56961e-08 -6.33287e-11)
(-5.77599e-09 5.04126e-11 1.45919e-08)
(1.43984e-08 4.4258e-12 5.73624e-09)
(1.0613e-11 1.56916e-08 -5.95387e-11)
(-5.81007e-09 4.72854e-11 1.45744e-08)
(1.43927e-08 4.31235e-12 5.77144e-09)
(9.66021e-12 1.56873e-08 -5.58709e-11)
(-5.8419e-09 4.42575e-11 1.45579e-08)
(1.43875e-08 4.1962e-12 5.80445e-09)
(8.73273e-12 1.56831e-08 -5.23239e-11)
(-5.87157e-09 4.13285e-11 1.45423e-08)
(1.43829e-08 4.07747e-12 5.83532e-09)
(7.83276e-12 1.56791e-08 -4.88965e-11)
(-5.89915e-09 3.84982e-11 1.45276e-08)
(1.43787e-08 3.9563e-12 5.86415e-09)
(6.96231e-12 1.56751e-08 -4.55874e-11)
(-5.92473e-09 3.57662e-11 1.45137e-08)
(1.43751e-08 3.83279e-12 5.89098e-09)
(6.1232e-12 1.56713e-08 -4.23954e-11)
(-5.94836e-09 3.31322e-11 1.45007e-08)
(1.43719e-08 3.70707e-12 5.9159e-09)
(5.31713e-12 1.56676e-08 -3.93196e-11)
(-5.97015e-09 3.05958e-11 1.44886e-08)
(1.43691e-08 3.57926e-12 5.93897e-09)
(4.54564e-12 1.5664e-08 -3.63589e-11)
(-5.99015e-09 2.81568e-11 1.44773e-08)
(1.43668e-08 3.44946e-12 5.96027e-09)
(3.81012e-12 1.56606e-08 -3.35121e-11)
(-6.00844e-09 2.58148e-11 1.44667e-08)
(1.43649e-08 3.31781e-12 5.97986e-09)
(3.11184e-12 1.56573e-08 -3.07785e-11)
(-6.0251e-09 2.35695e-11 1.4457e-08)
(1.43634e-08 3.18441e-12 5.9978e-09)
(2.45194e-12 1.56541e-08 -2.81572e-11)
(-6.0402e-09 2.14205e-11 1.4448e-08)
(1.43622e-08 3.04937e-12 6.01418e-09)
(1.83143e-12 1.56511e-08 -2.56472e-11)
(-6.05381e-09 1.93675e-11 1.44397e-08)
(1.43614e-08 2.91279e-12 6.02906e-09)
(1.25122e-12 1.56482e-08 -2.32478e-11)
(-6.06601e-09 1.74102e-11 1.44321e-08)
(1.4361e-08 2.77479e-12 6.0425e-09)
(7.12098e-13 1.56454e-08 -2.09583e-11)
(-6.07686e-09 1.55484e-11 1.44252e-08)
(1.43608e-08 2.63548e-12 6.05458e-09)
(2.14779e-13 1.56427e-08 -1.87779e-11)
(-6.08644e-09 1.37816e-11 1.4419e-08)
(1.43608e-08 2.49494e-12 6.06536e-09)
(-2.4011e-13 1.56402e-08 -1.6706e-11)
(-6.09482e-09 1.21096e-11 1.44134e-08)
(1.43612e-08 2.3533e-12 6.07491e-09)
(-6.52023e-13 1.56378e-08 -1.4742e-11)
(-6.10207e-09 1.05321e-11 1.44083e-08)
(1.43617e-08 2.21067e-12 6.08329e-09)
(-1.02049e-12 1.56355e-08 -1.28853e-11)
(-6.10825e-09 9.04879e-12 1.44039e-08)
(1.43624e-08 2.0672e-12 6.09059e-09)
(-1.34507e-12 1.56334e-08 -1.11355e-11)
(-6.11344e-09 7.65942e-12 1.43999e-08)
(1.43633e-08 1.92309e-12 6.09685e-09)
(-1.62532e-12 1.56314e-08 -9.49182e-12)
(-6.11771e-09 6.3637e-12 1.43965e-08)
(1.43643e-08 1.77866e-12 6.10216e-09)
(-1.86081e-12 1.56296e-08 -7.95398e-12)
(-6.12112e-09 5.16139e-12 1.43936e-08)
(1.43654e-08 1.6344e-12 6.10657e-09)
(-2.05104e-12 1.56279e-08 -6.52151e-12)
(-6.12374e-09 4.05226e-12 1.43911e-08)
(1.43667e-08 1.49111e-12 6.11016e-09)
(-2.19544e-12 1.56263e-08 -5.19414e-12)
(-6.12564e-09 3.03613e-12 1.4389e-08)
(1.43679e-08 1.3501e-12 6.11299e-09)
(-2.29338e-12 1.56248e-08 -3.9718e-12)
(-6.12689e-09 2.11295e-12 1.43874e-08)
(1.43692e-08 1.21342e-12 6.11513e-09)
(-2.34425e-12 1.56235e-08 -2.85484e-12)
(-6.12755e-09 1.28283e-12 1.43861e-08)
(1.43705e-08 1.08424e-12 6.11665e-09)
(-2.34757e-12 1.56223e-08 -1.84439e-12)
(-6.1277e-09 5.46278e-13 1.43851e-08)
(1.43717e-08 9.67117e-13 6.11761e-09)
(-2.30356e-12 1.56213e-08 -9.43015e-13)
(-6.12739e-09 -9.55754e-14 1.43844e-08)
(1.43729e-08 8.6812e-13 6.11809e-09)
(-2.21418e-12 1.56204e-08 -1.55916e-13)
(-6.1267e-09 -6.40604e-13 1.4384e-08)
(1.43739e-08 7.93747e-13 6.11817e-09)
(-2.08573e-12 1.56196e-08 5.07383e-13)
(-6.12569e-09 -1.08548e-12 1.43839e-08)
(1.43748e-08 7.47502e-13 6.11794e-09)
(-1.9354e-12 1.56189e-08 1.031e-12)
(-6.12446e-09 -1.4267e-12 1.4384e-08)
(1.43754e-08 7.26431e-13 6.11754e-09)
(-1.79888e-12 1.56184e-08 1.39411e-12)
(-6.1231e-09 -1.664e-12 1.43843e-08)
(1.43758e-08 7.25009e-13 6.1172e-09)
(-1.70901e-12 1.56181e-08 1.59233e-12)
(-6.12181e-09 -1.80228e-12 1.43847e-08)
(-1.66296e-12 1.56179e-08 1.67485e-12)
(-6.12088e-09 -1.84504e-12 1.43853e-08)
(1.48696e-08 -2.37746e-10 4.76961e-10)
(-4.40185e-10 8.85645e-11 1.62118e-08)
(1.49118e-08 -1.03081e-10 5.55137e-10)
(-4.94521e-10 2.2055e-10 1.58835e-08)
(1.49294e-08 -4.91181e-11 7.24895e-10)
(-6.78514e-10 2.92219e-10 1.59411e-08)
(1.49304e-08 -2.4544e-11 9.20441e-10)
(-8.99902e-10 3.31467e-10 1.5935e-08)
(1.49294e-08 -9.74304e-12 1.11811e-09)
(-1.1211e-09 3.51116e-10 1.59133e-08)
(1.49264e-08 -1.91031e-13 1.31308e-09)
(-1.33643e-09 3.5921e-10 1.58889e-08)
(1.49221e-08 5.93686e-12 1.50416e-09)
(-1.54497e-09 3.60365e-10 1.5862e-08)
(1.49165e-08 9.82342e-12 1.69087e-09)
(-1.7466e-09 3.57242e-10 1.5833e-08)
(1.49097e-08 1.22705e-11 1.87297e-09)
(-1.9415e-09 3.51454e-10 1.58021e-08)
(1.49016e-08 1.38098e-11 2.05033e-09)
(-2.1299e-09 3.44018e-10 1.57697e-08)
(1.48923e-08 1.47827e-11 2.22291e-09)
(-2.31203e-09 3.35587e-10 1.57358e-08)
(1.48819e-08 1.54025e-11 2.39068e-09)
(-2.48809e-09 3.26582e-10 1.57008e-08)
(1.48703e-08 1.58002e-11 2.55366e-09)
(-2.65826e-09 3.17276e-10 1.56648e-08)
(1.48579e-08 1.60554e-11 2.71189e-09)
(-2.82272e-09 3.07845e-10 1.5628e-08)
(1.48445e-08 1.62163e-11 2.86541e-09)
(-2.9816e-09 2.98399e-10 1.55906e-08)
(1.48303e-08 1.63124e-11 3.01427e-09)
(-3.13506e-09 2.89009e-10 1.55527e-08)
(1.48155e-08 1.63616e-11 3.15853e-09)
(-3.28322e-09 2.79719e-10 1.55144e-08)
(1.48e-08 1.63754e-11 3.29826e-09)
(-3.42619e-09 2.70555e-10 1.54759e-08)
(1.47841e-08 1.63612e-11 3.43352e-09)
(-3.5641e-09 2.61533e-10 1.54373e-08)
(1.47678e-08 1.63237e-11 3.56437e-09)
(-3.69704e-09 2.52663e-10 1.53987e-08)
(1.47513e-08 1.62665e-11 3.69089e-09)
(-3.82513e-09 2.4395e-10 1.53602e-08)
(1.47345e-08 1.6192e-11 3.81315e-09)
(-3.94848e-09 2.35396e-10 1.53219e-08)
(1.47176e-08 1.6102e-11 3.93121e-09)
(-4.06718e-09 2.27002e-10 1.52839e-08)
(1.47007e-08 1.59977e-11 4.04515e-09)
(-4.18135e-09 2.18771e-10 1.52462e-08)
(1.46838e-08 1.58803e-11 4.15505e-09)
(-4.29108e-09 2.107e-10 1.5209e-08)
(1.4667e-08 1.57505e-11 4.26097e-09)
(-4.39647e-09 2.0279e-10 1.51723e-08)
(1.46503e-08 1.56091e-11 4.36299e-09)
(-4.49762e-09 1.95041e-10 1.51361e-08)
(1.46339e-08 1.54566e-11 4.46118e-09)
(-4.59464e-09 1.87453e-10 1.51006e-08)
(1.46177e-08 1.52934e-11 4.55563e-09)
(-4.68762e-09 1.80024e-10 1.50658e-08)
(1.46018e-08 1.51201e-11 4.6464e-09)
(-4.77667e-09 1.72754e-10 1.50317e-08)
(1.45863e-08 1.4937e-11 4.73356e-09)
(-4.86187e-09 1.65643e-10 1.49984e-08)
(1.45712e-08 1.47446e-11 4.81721e-09)
(-4.94333e-09 1.5869e-10 1.49658e-08)
(1.45566e-08 1.45432e-11 4.8974e-09)
(-5.02115e-09 1.51895e-10 1.49342e-08)
(1.45423e-08 1.43331e-11 4.97423e-09)
(-5.09541e-09 1.45256e-10 1.49034e-08)
(1.45286e-08 1.41147e-11 5.04775e-09)
(-5.16622e-09 1.38773e-10 1.48735e-08)
(1.45154e-08 1.38884e-11 5.11805e-09)
(-5.23366e-09 1.32445e-10 1.48446e-08)
(1.45027e-08 1.36544e-11 5.1852e-09)
(-5.29784e-09 1.26272e-10 1.48165e-08)
(1.44906e-08 1.34132e-11 5.24929e-09)
(-5.35883e-09 1.20253e-10 1.47895e-08)
(1.4479e-08 1.31649e-11 5.31037e-09)
(-5.41673e-09 1.14387e-10 1.47634e-08)
(1.44679e-08 1.291e-11 5.36853e-09)
(-5.47164e-09 1.08674e-10 1.47382e-08)
(1.44575e-08 1.26487e-11 5.42384e-09)
(-5.52363e-09 1.03111e-10 1.47141e-08)
(1.44476e-08 1.23814e-11 5.47637e-09)
(-5.57279e-09 9.77001e-11 1.46909e-08)
(1.44384e-08 1.21082e-11 5.5262e-09)
(-5.61922e-09 9.24388e-11 1.46687e-08)
(1.44297e-08 1.18296e-11 5.57341e-09)
(-5.66299e-09 8.73267e-11 1.46475e-08)
(1.44216e-08 1.15457e-11 5.61805e-09)
(-5.7042e-09 8.23631e-11 1.46273e-08)
(1.4414e-08 1.12568e-11 5.66022e-09)
(-5.74291e-09 7.75471e-11 1.4608e-08)
(1.4407e-08 1.09633e-11 5.69997e-09)
(-5.77922e-09 7.28781e-11 1.45897e-08)
(1.44006e-08 1.06653e-11 5.73738e-09)
(-5.8132e-09 6.83553e-11 1.45723e-08)
(1.43948e-08 1.0363e-11 5.77253e-09)
(-5.84495e-09 6.39778e-11 1.45558e-08)
(1.43894e-08 1.00569e-11 5.80547e-09)
(-5.87452e-09 5.9745e-11 1.45403e-08)
(1.43847e-08 9.74698e-12 5.83629e-09)
(-5.90201e-09 5.56562e-11 1.45257e-08)
(1.43804e-08 9.4336e-12 5.86506e-09)
(-5.92749e-09 5.17106e-11 1.45119e-08)
(1.43766e-08 9.11695e-12 5.89184e-09)
(-5.95103e-09 4.79075e-11 1.4499e-08)
(1.43732e-08 8.79725e-12 5.9167e-09)
(-5.97272e-09 4.42463e-11 1.44869e-08)
(1.43704e-08 8.47471e-12 5.93972e-09)
(-5.99263e-09 4.07262e-11 1.44757e-08)
(1.4368e-08 8.14955e-12 5.96096e-09)
(-6.01083e-09 3.73465e-11 1.44653e-08)
(1.43659e-08 7.82197e-12 5.9805e-09)
(-6.0274e-09 3.41067e-11 1.44556e-08)
(1.43643e-08 7.49215e-12 5.9984e-09)
(-6.04241e-09 3.10061e-11 1.44467e-08)
(1.43631e-08 7.1603e-12 6.01472e-09)
(-6.05593e-09 2.80441e-11 1.44385e-08)
(1.43622e-08 6.82659e-12 6.02955e-09)
(-6.06804e-09 2.522e-11 1.4431e-08)
(1.43616e-08 6.4912e-12 6.04295e-09)
(-6.0788e-09 2.25332e-11 1.44242e-08)
(1.43613e-08 6.15429e-12 6.05498e-09)
(-6.08829e-09 1.99833e-11 1.4418e-08)
(1.43613e-08 5.81601e-12 6.06571e-09)
(-6.09657e-09 1.75696e-11 1.44124e-08)
(1.43615e-08 5.47651e-12 6.07522e-09)
(-6.10372e-09 1.52915e-11 1.44075e-08)
(1.4362e-08 5.13592e-12 6.08357e-09)
(-6.10982e-09 1.31487e-11 1.44031e-08)
(1.43626e-08 4.79432e-12 6.09082e-09)
(-6.11491e-09 1.11405e-11 1.43992e-08)
(1.43635e-08 4.45182e-12 6.09705e-09)
(-6.11909e-09 9.2666e-12 1.43959e-08)
(1.43644e-08 4.10851e-12 6.10232e-09)
(-6.1224e-09 7.52653e-12 1.4393e-08)
(1.43655e-08 3.76452e-12 6.1067e-09)
(-6.12493e-09 5.91998e-12 1.43906e-08)
(1.43666e-08 3.42012e-12 6.11026e-09)
(-6.12674e-09 4.44677e-12 1.43886e-08)
(1.43679e-08 3.07585e-12 6.11306e-09)
(-6.12789e-09 3.10692e-12 1.4387e-08)
(1.43691e-08 2.73283e-12 6.11517e-09)
(-6.12846e-09 1.90073e-12 1.43857e-08)
(1.43703e-08 2.39326e-12 6.11666e-09)
(-6.12851e-09 8.29052e-13 1.43848e-08)
(1.43716e-08 2.06135e-12 6.1176e-09)
(-6.1281e-09 -1.06426e-13 1.43842e-08)
(1.43727e-08 1.7452e-12 6.11806e-09)
(-6.12731e-09 -9.02578e-13 1.43839e-08)
(1.43738e-08 1.4602e-12 6.11812e-09)
(-6.12619e-09 -1.55424e-12 1.43838e-08)
(1.43747e-08 1.23204e-12 6.11788e-09)
(-6.12482e-09 -2.05454e-12 1.43839e-08)
(1.43754e-08 1.08328e-12 6.11749e-09)
(-6.12333e-09 -2.39934e-12 1.43842e-08)
(1.43758e-08 1.00123e-12 6.11717e-09)
(-6.12192e-09 -2.59629e-12 1.43847e-08)
(-6.12087e-09 -2.6696e-12 1.43853e-08)
(1.51052e-08 2.03078e-10 2.92312e-10)
(-3.77456e-10 1.59712e-08 6.33969e-11)
(-1.67098e-10 -8.63788e-11 1.59659e-08)
(1.50883e-08 7.111e-11 4.94034e-10)
(-1.34237e-10 1.58415e-08 1.75287e-10)
(-4.52155e-10 -2.18035e-10 1.57824e-08)
(1.50972e-08 3.12387e-11 6.8948e-10)
(-6.06772e-11 1.58294e-08 2.47761e-10)
(-6.82345e-10 -2.86382e-10 1.58547e-08)
(1.50987e-08 1.68115e-11 8.83839e-10)
(-3.93415e-11 1.58248e-08 2.8757e-10)
(-9.05888e-10 -3.2311e-10 1.58521e-08)
(1.5097e-08 7.55251e-12 1.0777e-09)
(-2.98258e-11 1.58226e-08 3.06779e-10)
(-1.12548e-09 -3.42251e-10 1.58313e-08)
(1.50924e-08 1.13346e-12 1.26989e-09)
(-2.5776e-11 1.5821e-08 3.13983e-10)
(-1.33916e-09 -3.50548e-10 1.58076e-08)
(1.50857e-08 -3.15004e-12 1.45942e-09)
(-2.48163e-11 1.58186e-08 3.14258e-10)
(-1.5463e-09 -3.51974e-10 1.57816e-08)
(1.50771e-08 -5.96521e-12 1.64558e-09)
(-2.54553e-11 1.58156e-08 3.10528e-10)
(-1.74679e-09 -3.49056e-10 1.57536e-08)
(1.5067e-08 -7.81278e-12 1.82785e-09)
(-2.68711e-11 1.58121e-08 3.04494e-10)
(-1.94071e-09 -3.43426e-10 1.57241e-08)
(1.50554e-08 -9.04062e-12 2.00589e-09)
(-2.8591e-11 1.58083e-08 2.97157e-10)
(-2.12824e-09 -3.36137e-10 1.56931e-08)
(1.50425e-08 -9.87757e-12 2.17946e-09)
(-3.03467e-11 1.58044e-08 2.89112e-10)
(-2.30957e-09 -3.27866e-10 1.56608e-08)
(1.50283e-08 -1.0467e-11 2.34842e-09)
(-3.19977e-11 1.58003e-08 2.80714e-10)
(-2.4849e-09 -3.19047e-10 1.56275e-08)
(1.50131e-08 -1.08965e-11 2.5127e-09)
(-3.34776e-11 1.57961e-08 2.72176e-10)
(-2.65441e-09 -3.09952e-10 1.55933e-08)
(1.49968e-08 -1.12191e-11 2.67227e-09)
(-3.47604e-11 1.57918e-08 2.63623e-10)
(-2.81827e-09 -3.00752e-10 1.55583e-08)
(1.49796e-08 -1.14668e-11 2.82713e-09)
(-3.58404e-11 1.57875e-08 2.55132e-10)
(-2.97661e-09 -2.91553e-10 1.55227e-08)
(1.49617e-08 -1.16594e-11 2.97729e-09)
(-3.67221e-11 1.57832e-08 2.46743e-10)
(-3.12959e-09 -2.82417e-10 1.54867e-08)
(1.49431e-08 -1.18093e-11 3.12281e-09)
(-3.74143e-11 1.57789e-08 2.38484e-10)
(-3.27732e-09 -2.73383e-10 1.54503e-08)
(1.4924e-08 -1.19249e-11 3.26373e-09)
(-3.79274e-11 1.57746e-08 2.30368e-10)
(-3.41993e-09 -2.64473e-10 1.54136e-08)
(1.49044e-08 -1.20118e-11 3.40011e-09)
(-3.82719e-11 1.57703e-08 2.22403e-10)
(-3.55751e-09 -2.55701e-10 1.53769e-08)
(1.48845e-08 -1.20741e-11 3.53202e-09)
(-3.84587e-11 1.5766e-08 2.14595e-10)
(-3.69019e-09 -2.47074e-10 1.53401e-08)
(1.48643e-08 -1.21147e-11 3.65952e-09)
(-3.84982e-11 1.57617e-08 2.06944e-10)
(-3.81807e-09 -2.38596e-10 1.53034e-08)
(1.4844e-08 -1.21361e-11 3.7827e-09)
(-3.84004e-11 1.57575e-08 1.99454e-10)
(-3.94124e-09 -2.30269e-10 1.52669e-08)
(1.48236e-08 -1.214e-11 3.90162e-09)
(-3.81754e-11 1.57533e-08 1.92123e-10)
(-4.05981e-09 -2.22095e-10 1.52306e-08)
(1.48033e-08 -1.21277e-11 4.01636e-09)
(-3.78327e-11 1.57491e-08 1.84952e-10)
(-4.17388e-09 -2.14074e-10 1.51947e-08)
(1.4783e-08 -1.21006e-11 4.127e-09)
(-3.73818e-11 1.57449e-08 1.77941e-10)
(-4.28354e-09 -2.06206e-10 1.51592e-08)
(1.47628e-08 -1.20594e-11 4.23361e-09)
(-3.68317e-11 1.57408e-08 1.71088e-10)
(-4.3889e-09 -1.98491e-10 1.51242e-08)
(1.47429e-08 -1.2005e-11 4.33627e-09)
(-3.61913e-11 1.57367e-08 1.64393e-10)
(-4.49006e-09 -1.90929e-10 1.50898e-08)
(1.47232e-08 -1.19379e-11 4.43506e-09)
(-3.5469e-11 1.57327e-08 1.57855e-10)
(-4.58711e-09 -1.8352e-10 1.50559e-08)
(1.47039e-08 -1.18589e-11 4.53005e-09)
(-3.4673e-11 1.57287e-08 1.51473e-10)
(-4.68016e-09 -1.76264e-10 1.50227e-08)
(1.46849e-08 -1.17683e-11 4.62134e-09)
(-3.3811e-11 1.57247e-08 1.45244e-10)
(-4.76928e-09 -1.6916e-10 1.49902e-08)
(1.46664e-08 -1.16667e-11 4.70899e-09)
(-3.28905e-11 1.57209e-08 1.39169e-10)
(-4.8546e-09 -1.62209e-10 1.49584e-08)
(1.46483e-08 -1.15546e-11 4.79308e-09)
(-3.19186e-11 1.5717e-08 1.33244e-10)
(-4.93618e-09 -1.55409e-10 1.49275e-08)
(1.46307e-08 -1.14323e-11 4.8737e-09)
(-3.09019e-11 1.57132e-08 1.2747e-10)
(-5.01415e-09 -1.48761e-10 1.48973e-08)
(1.46136e-08 -1.13003e-11 4.95092e-09)
(-2.9847e-11 1.57095e-08 1.21843e-10)
(-5.08857e-09 -1.42264e-10 1.4868e-08)
(1.4597e-08 -1.11589e-11 5.02482e-09)
(-2.87599e-11 1.57058e-08 1.16363e-10)
(-5.15956e-09 -1.35918e-10 1.48396e-08)
(1.4581e-08 -1.10086e-11 5.09547e-09)
(-2.76464e-11 1.57022e-08 1.11027e-10)
(-5.2272e-09 -1.29721e-10 1.48121e-08)
(1.45656e-08 -1.08498e-11 5.16297e-09)
(-2.65119e-11 1.56987e-08 1.05834e-10)
(-5.29158e-09 -1.23675e-10 1.47854e-08)
(1.45508e-08 -1.06828e-11 5.22737e-09)
(-2.53614e-11 1.56952e-08 1.00782e-10)
(-5.35278e-09 -1.17777e-10 1.47597e-08)
(1.45366e-08 -1.0508e-11 5.28877e-09)
(-2.42e-11 1.56917e-08 9.58691e-11)
(-5.41091e-09 -1.12028e-10 1.4735e-08)
(1.45231e-08 -1.03257e-11 5.34724e-09)
(-2.30321e-11 1.56884e-08 9.10938e-11)
(-5.46605e-09 -1.06427e-10 1.47112e-08)
(1.45102e-08 -1.01363e-11 5.40285e-09)
(-2.18621e-11 1.56851e-08 8.64543e-11)
(-5.51828e-09 -1.00973e-10 1.46883e-08)
(1.44979e-08 -9.94015e-12 5.45568e-09)
(-2.0694e-11 1.56819e-08 8.19488e-11)
(-5.56768e-09 -9.56659e-11 1.46664e-08)
(1.44862e-08 -9.73751e-12 5.5058e-09)
(-1.95316e-11 1.56787e-08 7.75756e-11)
(-5.61436e-09 -9.05051e-11 1.46454e-08)
(1.44752e-08 -9.52873e-12 5.5533e-09)
(-1.83785e-11 1.56756e-08 7.3333e-11)
(-5.65838e-09 -8.54897e-11 1.46253e-08)
(1.44649e-08 -9.31411e-12 5.59824e-09)
(-1.7238e-11 1.56726e-08 6.92194e-11)
(-5.69983e-09 -8.06192e-11 1.46062e-08)
(1.44551e-08 -9.09395e-12 5.6407e-09)
(-1.61131e-11 1.56697e-08 6.52332e-11)
(-5.73879e-09 -7.5893e-11 1.45881e-08)
(1.4446e-08 -8.86854e-12 5.68075e-09)
(-1.50068e-11 1.56668e-08 6.13728e-11)
(-5.77535e-09 -7.13105e-11 1.45708e-08)
(1.44375e-08 -8.63817e-12 5.71847e-09)
(-1.39218e-11 1.5664e-08 5.76368e-11)
(-5.80958e-09 -6.68709e-11 1.45545e-08)
(1.44296e-08 -8.40309e-12 5.75393e-09)
(-1.28607e-11 1.56613e-08 5.40237e-11)
(-5.84156e-09 -6.25737e-11 1.45391e-08)
(1.44224e-08 -8.16359e-12 5.78721e-09)
(-1.18256e-11 1.56587e-08 5.05321e-11)
(-5.87138e-09 -5.84183e-11 1.45245e-08)
(1.44157e-08 -7.91991e-12 5.81837e-09)
(-1.08187e-11 1.56562e-08 4.71607e-11)
(-5.8991e-09 -5.4404e-11 1.45108e-08)
(1.44095e-08 -7.6723e-12 5.84748e-09)
(-9.84202e-12 1.56537e-08 4.39081e-11)
(-5.92481e-09 -5.05302e-11 1.4498e-08)
(1.44039e-08 -7.42102e-12 5.87462e-09)
(-8.89735e-12 1.56513e-08 4.07733e-11)
(-5.94858e-09 -4.67963e-11 1.4486e-08)
(1.43989e-08 -7.16628e-12 5.89986e-09)
(-7.98634e-12 1.5649e-08 3.77549e-11)
(-5.97049e-09 -4.32017e-11 1.44748e-08)
(1.43943e-08 -6.90833e-12 5.92327e-09)
(-7.11049e-12 1.56468e-08 3.48518e-11)
(-5.99061e-09 -3.97458e-11 1.44644e-08)
(1.43903e-08 -6.64739e-12 5.94492e-09)
(-6.27115e-12 1.56446e-08 3.20631e-11)
(-6.00901e-09 -3.64279e-11 1.44548e-08)
(1.43867e-08 -6.38366e-12 5.96488e-09)
(-5.46956e-12 1.56426e-08 2.93877e-11)
(-6.02577e-09 -3.32476e-11 1.44459e-08)
(1.43835e-08 -6.11736e-12 5.98322e-09)
(-4.70682e-12 1.56406e-08 2.68246e-11)
(-6.04097e-09 -3.02043e-11 1.44377e-08)
(1.43808e-08 -5.84869e-12 6.00001e-09)
(-3.98391e-12 1.56387e-08 2.4373e-11)
(-6.05466e-09 -2.72973e-11 1.44302e-08)
(1.43785e-08 -5.57784e-12 6.01531e-09)
(-3.3017e-12 1.56369e-08 2.2032e-11)
(-6.06693e-09 -2.45262e-11 1.44234e-08)
(1.43766e-08 -5.305e-12 6.0292e-09)
(-2.66096e-12 1.56351e-08 1.98008e-11)
(-6.07785e-09 -2.18903e-11 1.44172e-08)
(1.4375e-08 -5.03034e-12 6.04175e-09)
(-2.06237e-12 1.56335e-08 1.76787e-11)
(-6.08748e-09 -1.93893e-11 1.44116e-08)
(1.43737e-08 -4.75402e-12 6.05303e-09)
(-1.50651e-12 1.5632e-08 1.56649e-11)
(-6.0959e-09 -1.70225e-11 1.44066e-08)
(1.43728e-08 -4.47622e-12 6.06309e-09)
(-9.93895e-13 1.56305e-08 1.37588e-11)
(-6.10318e-09 -1.47895e-11 1.44022e-08)
(1.43721e-08 -4.19705e-12 6.07202e-09)
(-5.24977e-13 1.56291e-08 1.19598e-11)
(-6.10938e-09 -1.26899e-11 1.43983e-08)
(1.43717e-08 -3.91664e-12 6.07987e-09)
(-1.00169e-13 1.56278e-08 1.02675e-11)
(-6.11457e-09 -1.07231e-11 1.4395e-08)
(1.43715e-08 -3.63509e-12 6.08673e-09)
(2.80136e-13 1.56266e-08 8.68111e-12)
(-6.11883e-09 -8.88893e-12 1.43921e-08)
(1.43715e-08 -3.35252e-12 6.09264e-09)
(6.15549e-13 1.56255e-08 7.20039e-12)
(-6.12222e-09 -7.18689e-12 1.43896e-08)
(1.43716e-08 -3.06907e-12 6.09769e-09)
(9.05664e-13 1.56245e-08 5.82494e-12)
(-6.12482e-09 -5.61674e-12 1.43876e-08)
(1.43719e-08 -2.785e-12 6.10194e-09)
(1.15006e-12 1.56235e-08 4.55453e-12)
(-6.12667e-09 -4.17829e-12 1.4386e-08)
(1.43723e-08 -2.50085e-12 6.10545e-09)
(1.34834e-12 1.56227e-08 3.38913e-12)
(-6.12787e-09 -2.8714e-12 1.43847e-08)
(1.43728e-08 -2.21769e-12 6.10831e-09)
(1.5003e-12 1.56219e-08 2.32899e-12)
(-6.12846e-09 -1.69603e-12 1.43837e-08)
(1.43734e-08 -1.93764e-12 6.11057e-09)
(1.60623e-12 1.56212e-08 1.37489e-12)
(-6.12853e-09 -6.52206e-13 1.43831e-08)
(1.4374e-08 -1.66486e-12 6.1123e-09)
(1.66765e-12 1.56206e-08 5.2845e-13)
(-6.12812e-09 2.60002e-13 1.43827e-08)
(1.43746e-08 -1.40749e-12 6.1136e-09)
(1.68871e-12 1.56201e-08 -2.07254e-13)
(-6.12732e-09 1.04062e-12 1.43826e-08)
(1.43752e-08 -1.18171e-12 6.11452e-09)
(1.67883e-12 1.56197e-08 -8.26643e-13)
(-6.12618e-09 1.69005e-12 1.43826e-08)
(1.43757e-08 -1.01548e-12 6.11517e-09)
(1.65797e-12 1.56194e-08 -1.31965e-12)
(-6.12478e-09 2.20971e-12 1.43828e-08)
(1.43762e-08 -9.27903e-13 6.11562e-09)
(1.65949e-12 1.56191e-08 -1.67271e-12)
(-6.1232e-09 2.6053e-12 1.43832e-08)
(1.43765e-08 -8.79716e-13 6.1159e-09)
(1.69707e-12 1.56189e-08 -1.8963e-12)
(-6.12159e-09 2.8891e-12 1.43838e-08)
(1.72709e-12 1.56184e-08 -2.06306e-12)
(-6.11989e-09 3.02032e-12 1.43846e-08)
(1.51616e-08 4.22327e-11 2.50826e-10)
(-2.06965e-10 1.59062e-08 3.59065e-11)
(-2.8808e-10 -3.76465e-11 1.5888e-08)
(1.50888e-08 4.10122e-11 4.65008e-10)
(-1.0093e-10 1.58031e-08 1.03277e-10)
(-5.26575e-10 -1.06897e-10 1.58733e-08)
(1.50903e-08 3.04972e-11 6.71531e-10)
(-5.44727e-11 1.58121e-08 1.53022e-10)
(-7.25406e-10 -1.58189e-10 1.5876e-08)
(1.50934e-08 2.0808e-11 8.73867e-10)
(-3.37548e-11 1.5817e-08 1.82889e-10)
(-9.31143e-10 -1.9124e-10 1.58591e-08)
(1.50932e-08 1.33394e-11 1.07302e-09)
(-2.34239e-11 1.58188e-08 1.98501e-10)
(-1.1396e-09 -2.11999e-10 1.58368e-08)
(1.509e-08 7.78511e-12 1.2687e-09)
(-1.87498e-11 1.58189e-08 2.05169e-10)
(-1.34586e-09 -2.24267e-10 1.58125e-08)
(1.50843e-08 3.79631e-12 1.46051e-09)
(-1.7151e-11 1.58172e-08 2.0649e-10)
(-1.54805e-09 -2.30494e-10 1.57862e-08)
(1.50765e-08 1.00215e-12 1.64812e-09)
(-1.71218e-11 1.58144e-08 2.04683e-10)
(-1.74528e-09 -2.32479e-10 1.57581e-08)
(1.50668e-08 -9.29349e-13 1.83129e-09)
(-1.78576e-11 1.5811e-08 2.01069e-10)
(-1.9371e-09 -2.31548e-10 1.57285e-08)
(1.50554e-08 -2.25723e-12 2.00987e-09)
(-1.89161e-11 1.58072e-08 1.96431e-10)
(-2.1233e-09 -2.2865e-10 1.56975e-08)
(1.50426e-08 -3.17192e-12 2.18374e-09)
(-2.00546e-11 1.58032e-08 1.91231e-10)
(-2.30382e-09 -2.24458e-10 1.56652e-08)
(1.50285e-08 -3.80798e-12 2.35286e-09)
(-2.11479e-11 1.57991e-08 1.85746e-10)
(-2.47869e-09 -2.19439e-10 1.56319e-08)
(1.50133e-08 -4.25752e-12 2.51721e-09)
(-2.21362e-11 1.57949e-08 1.80139e-10)
(-2.64795e-09 -2.13911e-10 1.55977e-08)
(1.4997e-08 -4.58206e-12 2.67678e-09)
(-2.29951e-11 1.57907e-08 1.74504e-10)
(-2.8117e-09 -2.08088e-10 1.55626e-08)
(1.49798e-08 -4.82206e-12 2.8316e-09)
(-2.37182e-11 1.57864e-08 1.689e-10)
(-2.97003e-09 -2.02111e-10 1.5527e-08)
(1.49618e-08 -5.00382e-12 2.98172e-09)
(-2.43079e-11 1.57822e-08 1.63358e-10)
(-3.12304e-09 -1.96074e-10 1.54909e-08)
(1.49431e-08 -5.14445e-12 3.12717e-09)
(-2.47699e-11 1.57779e-08 1.57898e-10)
(-3.27084e-09 -1.90035e-10 1.54544e-08)
(1.4924e-08 -5.25508e-12 3.26802e-09)
(-2.51117e-11 1.57736e-08 1.5253e-10)
(-3.41353e-09 -1.84032e-10 1.54177e-08)
(1.49043e-08 -5.34307e-12 3.40433e-09)
(-2.53408e-11 1.57694e-08 1.47261e-10)
(-3.55122e-09 -1.78089e-10 1.53808e-08)
(1.48844e-08 -5.41335e-12 3.53616e-09)
(-2.54645e-11 1.57652e-08 1.42093e-10)
(-3.68401e-09 -1.72221e-10 1.5344e-08)
(1.48642e-08 -5.4693e-12 3.66359e-09)
(-2.54901e-11 1.57609e-08 1.3703e-10)
(-3.81199e-09 -1.66438e-10 1.53072e-08)
(1.48438e-08 -5.51327e-12 3.78669e-09)
(-2.54245e-11 1.57567e-08 1.32072e-10)
(-3.93527e-09 -1.60744e-10 1.52706e-08)
(1.48234e-08 -5.54694e-12 3.90554e-09)
(-2.52744e-11 1.57526e-08 1.27219e-10)
(-4.05395e-09 -1.55144e-10 1.52343e-08)
(1.4803e-08 -5.57152e-12 4.0202e-09)
(-2.50462e-11 1.57484e-08 1.22471e-10)
(-4.16813e-09 -1.49639e-10 1.51983e-08)
(1.47826e-08 -5.5879e-12 4.13076e-09)
(-2.47462e-11 1.57443e-08 1.17829e-10)
(-4.2779e-09 -1.44231e-10 1.51627e-08)
(1.47625e-08 -5.59676e-12 4.23729e-09)
(-2.43805e-11 1.57403e-08 1.13291e-10)
(-4.38337e-09 -1.38922e-10 1.51276e-08)
(1.47425e-08 -5.59858e-12 4.33987e-09)
(-2.39549e-11 1.57362e-08 1.08858e-10)
(-4.48464e-09 -1.3371e-10 1.50931e-08)
(1.47228e-08 -5.59374e-12 4.43859e-09)
(-2.3475e-11 1.57322e-08 1.04528e-10)
(-4.5818e-09 -1.28598e-10 1.50591e-08)
(1.47034e-08 -5.58257e-12 4.53351e-09)
(-2.29464e-11 1.57283e-08 1.00301e-10)
(-4.67495e-09 -1.23586e-10 1.50258e-08)
(1.46844e-08 -5.56528e-12 4.62472e-09)
(-2.2374e-11 1.57244e-08 9.61758e-11)
(-4.76418e-09 -1.18673e-10 1.49933e-08)
(1.46659e-08 -5.5421e-12 4.71229e-09)
(-2.1763e-11 1.57205e-08 9.21518e-11)
(-4.8496e-09 -1.1386e-10 1.49614e-08)
(1.46477e-08 -5.51319e-12 4.79631e-09)
(-2.11179e-11 1.57167e-08 8.82278e-11)
(-4.9313e-09 -1.09147e-10 1.49304e-08)
(1.46301e-08 -5.47871e-12 4.87685e-09)
(-2.04432e-11 1.57129e-08 8.44028e-11)
(-5.00936e-09 -1.04534e-10 1.49002e-08)
(1.4613e-08 -5.43882e-12 4.954e-09)
(-1.97433e-11 1.57092e-08 8.06758e-11)
(-5.0839e-09 -1.00022e-10 1.48708e-08)
(1.45964e-08 -5.39366e-12 5.02782e-09)
(-1.90221e-11 1.57056e-08 7.70456e-11)
(-5.15499e-09 -9.56094e-11 1.48423e-08)
(1.45804e-08 -5.34336e-12 5.09841e-09)
(-1.82835e-11 1.5702e-08 7.35111e-11)
(-5.22273e-09 -9.12977e-11 1.48147e-08)
(1.4565e-08 -5.28806e-12 5.16583e-09)
(-1.7531e-11 1.56985e-08 7.00712e-11)
(-5.28721e-09 -8.70863e-11 1.4788e-08)
(1.45502e-08 -5.2279e-12 5.23016e-09)
(-1.6768e-11 1.5695e-08 6.67246e-11)
(-5.34852e-09 -8.29751e-11 1.47622e-08)
(1.4536e-08 -5.16301e-12 5.29149e-09)
(-1.59979e-11 1.56916e-08 6.34703e-11)
(-5.40675e-09 -7.89641e-11 1.47374e-08)
(1.45225e-08 -5.09352e-12 5.34988e-09)
(-1.52236e-11 1.56883e-08 6.03071e-11)
(-5.46199e-09 -7.50532e-11 1.47135e-08)
(1.45095e-08 -5.01958e-12 5.40542e-09)
(-1.44479e-11 1.5685e-08 5.72337e-11)
(-5.51432e-09 -7.12422e-11 1.46905e-08)
(1.44972e-08 -4.94131e-12 5.45818e-09)
(-1.36736e-11 1.56818e-08 5.42492e-11)
(-5.56383e-09 -6.75309e-11 1.46685e-08)
(1.44856e-08 -4.85885e-12 5.50824e-09)
(-1.29032e-11 1.56786e-08 5.13523e-11)
(-5.6106e-09 -6.39192e-11 1.46475e-08)
(1.44746e-08 -4.77232e-12 5.55566e-09)
(-1.2139e-11 1.56756e-08 4.85419e-11)
(-5.65472e-09 -6.0407e-11 1.46274e-08)
(1.44642e-08 -4.68188e-12 5.60054e-09)
(-1.13832e-11 1.56726e-08 4.5817e-11)
(-5.69627e-09 -5.69939e-11 1.46082e-08)
(1.44545e-08 -4.58764e-12 5.64293e-09)
(-1.06379e-11 1.56696e-08 4.31766e-11)
(-5.73534e-09 -5.36798e-11 1.459e-08)
(1.44454e-08 -4.48974e-12 5.68291e-09)
(-9.905e-12 1.56668e-08 4.06196e-11)
(-5.772e-09 -5.04645e-11 1.45727e-08)
(1.44369e-08 -4.38831e-12 5.72057e-09)
(-9.18631e-12 1.5664e-08 3.8145e-11)
(-5.80633e-09 -4.73477e-11 1.45563e-08)
(1.44291e-08 -4.28348e-12 5.75596e-09)
(-8.48346e-12 1.56613e-08 3.57518e-11)
(-5.83841e-09 -4.43292e-11 1.45408e-08)
(1.44218e-08 -4.17539e-12 5.78917e-09)
(-7.79799e-12 1.56587e-08 3.34393e-11)
(-5.86833e-09 -4.14086e-11 1.45262e-08)
(1.44151e-08 -4.06416e-12 5.82026e-09)
(-7.13131e-12 1.56561e-08 3.12063e-11)
(-5.89615e-09 -3.85858e-11 1.45124e-08)
(1.4409e-08 -3.94992e-12 5.84931e-09)
(-6.48473e-12 1.56537e-08 2.90522e-11)
(-5.92196e-09 -3.58606e-11 1.44995e-08)
(1.44034e-08 -3.8328e-12 5.87638e-09)
(-5.85944e-12 1.56513e-08 2.69761e-11)
(-5.94583e-09 -3.32325e-11 1.44874e-08)
(1.43984e-08 -3.71292e-12 5.90156e-09)
(-5.25652e-12 1.5649e-08 2.49773e-11)
(-5.96783e-09 -3.07014e-11 1.44762e-08)
(1.43938e-08 -3.59042e-12 5.9249e-09)
(-4.67698e-12 1.56467e-08 2.30549e-11)
(-5.98805e-09 -2.82669e-11 1.44657e-08)
(1.43898e-08 -3.46541e-12 5.94649e-09)
(-4.12172e-12 1.56446e-08 2.12083e-11)
(-6.00655e-09 -2.59288e-11 1.4456e-08)
(1.43862e-08 -3.33802e-12 5.96638e-09)
(-3.59154e-12 1.56425e-08 1.94369e-11)
(-6.02341e-09 -2.36869e-11 1.4447e-08)
(1.43831e-08 -3.20836e-12 5.98466e-09)
(-3.08718e-12 1.56406e-08 1.77399e-11)
(-6.0387e-09 -2.15408e-11 1.44388e-08)
(1.43804e-08 -3.07657e-12 6.00138e-09)
(-2.60928e-12 1.56387e-08 1.61169e-11)
(-6.0525e-09 -1.94903e-11 1.44312e-08)
(1.43781e-08 -2.94276e-12 6.01662e-09)
(-2.15843e-12 1.56369e-08 1.45671e-11)
(-6.06486e-09 -1.75351e-11 1.44244e-08)
(1.43762e-08 -2.80705e-12 6.03045e-09)
(-1.73513e-12 1.56351e-08 1.30902e-11)
(-6.07588e-09 -1.56749e-11 1.44181e-08)
(1.43747e-08 -2.66954e-12 6.04294e-09)
(-1.33982e-12 1.56335e-08 1.16857e-11)
(-6.08561e-09 -1.39094e-11 1.44125e-08)
(1.43734e-08 -2.53036e-12 6.05415e-09)
(-9.72906e-13 1.56319e-08 1.03529e-11)
(-6.09413e-09 -1.22385e-11 1.44075e-08)
(1.43725e-08 -2.38964e-12 6.06415e-09)
(-6.34728e-13 1.56305e-08 9.09166e-12)
(-6.1015e-09 -1.06618e-11 1.4403e-08)
(1.43718e-08 -2.24748e-12 6.07302e-09)
(-3.25601e-13 1.56291e-08 7.90142e-12)
(-6.1078e-09 -9.1791e-12 1.43991e-08)
(1.43714e-08 -2.10406e-12 6.08081e-09)
(-4.58139e-14 1.56278e-08 6.78185e-12)
(-6.1131e-09 -7.79018e-12 1.43956e-08)
(1.43713e-08 -1.95956e-12 6.0876e-09)
(2.04347e-13 1.56266e-08 5.73263e-12)
(-6.11745e-09 -6.49478e-12 1.43927e-08)
(1.43713e-08 -1.81425e-12 6.09345e-09)
(4.24581e-13 1.56255e-08 4.7535e-12)
(-6.12094e-09 -5.29268e-12 1.43902e-08)
(1.43715e-08 -1.66856e-12 6.09844e-09)
(6.14569e-13 1.56244e-08 3.84425e-12)
(-6.12363e-09 -4.18366e-12 1.43881e-08)
(1.43718e-08 -1.52313e-12 6.10263e-09)
(7.73976e-13 1.56235e-08 3.00478e-12)
(-6.12559e-09 -3.16749e-12 1.43864e-08)
(1.43722e-08 -1.37901e-12 6.10608e-09)
(9.02503e-13 1.56227e-08 2.23515e-12)
(-6.12688e-09 -2.24395e-12 1.43851e-08)
(1.43727e-08 -1.23783e-12 6.10887e-09)
(1.00002e-12 1.56219e-08 1.53565e-12)
(-6.12757e-09 -1.41283e-12 1.43841e-08)
(1.43733e-08 -1.10206e-12 6.11107e-09)
(1.06687e-12 1.56212e-08 9.06933e-13)
(-6.12774e-09 -6.73934e-13 1.43834e-08)
(1.43739e-08 -9.75339e-13 6.11274e-09)
(1.10444e-12 1.56206e-08 3.50219e-13)
(-6.12743e-09 -2.71714e-14 1.43829e-08)
(1.43745e-08 -8.62712e-13 6.11397e-09)
(1.11622e-12 1.56201e-08 -1.32495e-13)
(-6.12673e-09 5.2732e-13 1.43827e-08)
(1.43751e-08 -7.70419e-13 6.11482e-09)
(1.10925e-12 1.56197e-08 -5.3822e-13)
(-6.1257e-09 9.88936e-13 1.43828e-08)
(1.43756e-08 -7.04455e-13 6.1154e-09)
(1.09621e-12 1.56194e-08 -8.62917e-13)
(-6.12442e-09 1.35619e-12 1.4383e-08)
(1.43761e-08 -6.68679e-13 6.11578e-09)
(1.09503e-12 1.56191e-08 -1.10361e-12)
(-6.12296e-09 1.62478e-12 1.43833e-08)
(1.43763e-08 -6.63932e-13 6.116e-09)
(1.11721e-12 1.56189e-08 -1.26837e-12)
(-6.12144e-09 1.77965e-12 1.43839e-08)
(1.16128e-12 1.56185e-08 -1.38065e-12)
(-6.11994e-09 1.78152e-12 1.43846e-08)
(1.51815e-08 1.26396e-11 2.49046e-10)
(-9.2913e-11 1.58781e-08 1.66404e-11)
(-3.42164e-10 -1.73769e-11 1.58846e-08)
(1.50991e-08 1.86533e-11 4.60943e-10)
(-5.19823e-11 1.57678e-08 4.84345e-11)
(-5.73581e-10 -5.14417e-11 1.5911e-08)
(1.50929e-08 1.71754e-11 6.66805e-10)
(-3.01686e-11 1.57907e-08 7.31025e-11)
(-7.57844e-10 -8.00946e-11 1.59043e-08)
(1.50934e-08 1.34696e-11 8.69822e-10)
(-1.90416e-11 1.58062e-08 8.86343e-11)
(-9.52695e-10 -1.00777e-10 1.58747e-08)
(1.5093e-08 9.76453e-12 1.07025e-09)
(-1.30118e-11 1.58136e-08 9.71474e-11)
(-1.15343e-09 -1.15062e-10 1.58456e-08)
(1.50903e-08 6.62141e-12 1.26721e-09)
(-1.00422e-11 1.58165e-08 1.01044e-10)
(-1.35406e-09 -1.24427e-10 1.58179e-08)
(1.50851e-08 4.15762e-12 1.46007e-09)
(-8.86737e-12 1.58162e-08 1.02091e-10)
(-1.55217e-09 -1.30002e-10 1.57899e-08)
(1.50778e-08 2.32035e-12 1.64847e-09)
(-8.6545e-12 1.58141e-08 1.01439e-10)
(-1.74651e-09 -1.32732e-10 1.5761e-08)
(1.50684e-08 9.91585e-13 1.83219e-09)
(-8.92417e-12 1.58109e-08 9.97915e-11)
(-1.93633e-09 -1.33392e-10 1.5731e-08)
(1.50573e-08 4.81924e-14 2.01114e-09)
(-9.40774e-12 1.58072e-08 9.75758e-11)
(-2.12118e-09 -1.32588e-10 1.56997e-08)
(1.50446e-08 -6.15506e-13 2.18524e-09)
(-9.95778e-12 1.58032e-08 9.50455e-11)
(-2.30082e-09 -1.30778e-10 1.56674e-08)
(1.50306e-08 -1.08227e-12 2.35451e-09)
(-1.04977e-11 1.57991e-08 9.23521e-11)
(-2.47512e-09 -1.28293e-10 1.5634e-08)
(1.50153e-08 -1.41313e-12 2.51893e-09)
(-1.09904e-11 1.57949e-08 8.95852e-11)
(-2.64403e-09 -1.25371e-10 1.55997e-08)
(1.4999e-08 -1.65126e-12 2.67854e-09)
(-1.14206e-11 1.57907e-08 8.67977e-11)
(-2.80758e-09 -1.22178e-10 1.55647e-08)
(1.49817e-08 -1.82626e-12 2.83338e-09)
(-1.17834e-11 1.57864e-08 8.40205e-11)
(-2.96581e-09 -1.18826e-10 1.5529e-08)
(1.49636e-08 -1.95803e-12 2.98349e-09)
(-1.20793e-11 1.57822e-08 8.12715e-11)
(-3.11879e-09 -1.15389e-10 1.54929e-08)
(1.49449e-08 -2.05975e-12 3.12893e-09)
(-1.23113e-11 1.57779e-08 7.85612e-11)
(-3.26659e-09 -1.1192e-10 1.54564e-08)
(1.49256e-08 -2.14011e-12 3.26976e-09)
(-1.2483e-11 1.57737e-08 7.58955e-11)
(-3.40931e-09 -1.08449e-10 1.54196e-08)
(1.49059e-08 -2.20484e-12 3.40604e-09)
(-1.25983e-11 1.57695e-08 7.32779e-11)
(-3.54704e-09 -1.04999e-10 1.53827e-08)
(1.48859e-08 -2.25776e-12 3.53785e-09)
(-1.26608e-11 1.57652e-08 7.07104e-11)
(-3.67988e-09 -1.01582e-10 1.53458e-08)
(1.48656e-08 -2.30144e-12 3.66525e-09)
(-1.26744e-11 1.5761e-08 6.8194e-11)
(-3.80792e-09 -9.82067e-11 1.5309e-08)
(1.48451e-08 -2.33764e-12 3.78832e-09)
(-1.26424e-11 1.57568e-08 6.57294e-11)
(-3.93126e-09 -9.48788e-11 1.52724e-08)
(1.48246e-08 -2.3676e-12 3.90714e-09)
(-1.25682e-11 1.57527e-08 6.33168e-11)
(-4.05001e-09 -9.16017e-11 1.5236e-08)
(1.48041e-08 -2.3922e-12 4.02177e-09)
(-1.24551e-11 1.57486e-08 6.09563e-11)
(-4.16425e-09 -8.83773e-11 1.52e-08)
(1.47837e-08 -2.41209e-12 4.1323e-09)
(-1.23063e-11 1.57445e-08 5.86478e-11)
(-4.27409e-09 -8.52071e-11 1.51644e-08)
(1.47635e-08 -2.42773e-12 4.2388e-09)
(-1.21246e-11 1.57404e-08 5.63912e-11)
(-4.37963e-09 -8.20921e-11 1.51293e-08)
(1.47435e-08 -2.43947e-12 4.34135e-09)
(-1.19131e-11 1.57364e-08 5.41862e-11)
(-4.48097e-09 -7.9033e-11 1.50947e-08)
(1.47237e-08 -2.44758e-12 4.44003e-09)
(-1.16746e-11 1.57324e-08 5.20326e-11)
(-4.57819e-09 -7.60302e-11 1.50607e-08)
(1.47043e-08 -2.45227e-12 4.53491e-09)
(-1.14117e-11 1.57284e-08 4.99299e-11)
(-4.67141e-09 -7.30841e-11 1.50274e-08)
(1.46852e-08 -2.45368e-12 4.62609e-09)
(-1.1127e-11 1.57245e-08 4.78777e-11)
(-4.76071e-09 -7.01951e-11 1.49948e-08)
(1.46666e-08 -2.45195e-12 4.71363e-09)
(-1.08231e-11 1.57207e-08 4.58756e-11)
(-4.8462e-09 -6.73635e-11 1.49629e-08)
(1.46484e-08 -2.44718e-12 4.79761e-09)
(-1.05021e-11 1.57169e-08 4.39232e-11)
(-4.92796e-09 -6.45893e-11 1.49318e-08)
(1.46308e-08 -2.43946e-12 4.87812e-09)
(-1.01664e-11 1.57131e-08 4.20199e-11)
(-5.0061e-09 -6.18729e-11 1.49016e-08)
(1.46136e-08 -2.42887e-12 4.95523e-09)
(-9.81813e-12 1.57094e-08 4.01652e-11)
(-5.0807e-09 -5.92144e-11 1.48722e-08)
(1.4597e-08 -2.4155e-12 5.02903e-09)
(-9.45922e-12 1.57058e-08 3.83586e-11)
(-5.15186e-09 -5.6614e-11 1.48436e-08)
(1.45809e-08 -2.3994e-12 5.09958e-09)
(-9.09161e-12 1.57022e-08 3.65994e-11)
(-5.21967e-09 -5.40716e-11 1.4816e-08)
(1.45655e-08 -2.38064e-12 5.16696e-09)
(-8.71709e-12 1.56987e-08 3.48873e-11)
(-5.28422e-09 -5.15874e-11 1.47893e-08)
(1.45506e-08 -2.3593e-12 5.23127e-09)
(-8.33736e-12 1.56952e-08 3.32215e-11)
(-5.3456e-09 -4.91615e-11 1.47635e-08)
(1.45364e-08 -2.33545e-12 5.29256e-09)
(-7.95402e-12 1.56918e-08 3.16016e-11)
(-5.40389e-09 -4.67938e-11 1.47386e-08)
(1.45228e-08 -2.30914e-12 5.35092e-09)
(-7.56859e-12 1.56885e-08 3.00269e-11)
(-5.4592e-09 -4.44844e-11 1.47147e-08)
(1.45099e-08 -2.28045e-12 5.40643e-09)
(-7.18249e-12 1.56852e-08 2.84969e-11)
(-5.5116e-09 -4.22333e-11 1.46917e-08)
(1.44976e-08 -2.24944e-12 5.45916e-09)
(-6.79706e-12 1.5682e-08 2.7011e-11)
(-5.56118e-09 -4.00405e-11 1.46696e-08)
(1.44859e-08 -2.21618e-12 5.50918e-09)
(-6.41354e-12 1.56788e-08 2.55687e-11)
(-5.60802e-09 -3.79059e-11 1.46486e-08)
(1.44749e-08 -2.18074e-12 5.55658e-09)
(-6.03313e-12 1.56757e-08 2.41695e-11)
(-5.65221e-09 -3.58295e-11 1.46284e-08)
(1.44645e-08 -2.14319e-12 5.60142e-09)
(-5.65691e-12 1.56727e-08 2.28127e-11)
(-5.69383e-09 -3.38113e-11 1.46092e-08)
(1.44547e-08 -2.1036e-12 5.64378e-09)
(-5.28592e-12 1.56698e-08 2.1498e-11)
(-5.73296e-09 -3.18511e-11 1.4591e-08)
(1.44456e-08 -2.06203e-12 5.68374e-09)
(-4.92111e-12 1.5667e-08 2.02248e-11)
(-5.76969e-09 -2.99489e-11 1.45736e-08)
(1.44371e-08 -2.01855e-12 5.72136e-09)
(-4.56336e-12 1.56642e-08 1.89926e-11)
(-5.80409e-09 -2.81045e-11 1.45572e-08)
(1.44292e-08 -1.97323e-12 5.75673e-09)
(-4.21352e-12 1.56615e-08 1.78009e-11)
(-5.83624e-09 -2.6318e-11 1.45417e-08)
(1.4422e-08 -1.92614e-12 5.78991e-09)
(-3.87234e-12 1.56588e-08 1.66493e-11)
(-5.86622e-09 -2.45892e-11 1.4527e-08)
(1.44153e-08 -1.87734e-12 5.82097e-09)
(-3.54052e-12 1.56563e-08 1.55374e-11)
(-5.89411e-09 -2.29179e-11 1.45132e-08)
(1.44091e-08 -1.8269e-12 5.84999e-09)
(-3.21872e-12 1.56538e-08 1.44647e-11)
(-5.91999e-09 -2.13041e-11 1.45003e-08)
(1.44035e-08 -1.7749e-12 5.87704e-09)
(-2.90754e-12 1.56514e-08 1.34308e-11)
(-5.94393e-09 -1.97477e-11 1.44882e-08)
(1.43985e-08 -1.72139e-12 5.90219e-09)
(-2.60751e-12 1.56491e-08 1.24354e-11)
(-5.966e-09 -1.82485e-11 1.44769e-08)
(1.43939e-08 -1.66644e-12 5.92551e-09)
(-2.31913e-12 1.56469e-08 1.14781e-11)
(-5.98629e-09 -1.68064e-11 1.44664e-08)
(1.43899e-08 -1.61012e-12 5.94707e-09)
(-2.04286e-12 1.56447e-08 1.05586e-11)
(-6.00486e-09 -1.54213e-11 1.44567e-08)
(1.43863e-08 -1.5525e-12 5.96694e-09)
(-1.7791e-12 1.56427e-08 9.67642e-12)
(-6.02178e-09 -1.4093e-11 1.44477e-08)
(1.43832e-08 -1.49363e-12 5.98519e-09)
(-1.52821e-12 1.56407e-08 8.83138e-12)
(-6.03714e-09 -1.28214e-11 1.44394e-08)
(1.43805e-08 -1.43358e-12 6.00188e-09)
(-1.29051e-12 1.56388e-08 8.02315e-12)
(-6.051e-09 -1.16064e-11 1.44318e-08)
(1.43782e-08 -1.37243e-12 6.0171e-09)
(-1.0663e-12 1.5637e-08 7.25147e-12)
(-6.06344e-09 -1.04479e-11 1.44249e-08)
(1.43763e-08 -1.31022e-12 6.03091e-09)
(-8.55831e-13 1.56353e-08 6.51607e-12)
(-6.07452e-09 -9.34568e-12 1.44186e-08)
(1.43747e-08 -1.24703e-12 6.04337e-09)
(-6.59325e-13 1.56336e-08 5.8167e-12)
(-6.08432e-09 -8.29964e-12 1.4413e-08)
(1.43735e-08 -1.18292e-12 6.05455e-09)
(-4.76979e-13 1.56321e-08 5.15314e-12)
(-6.09291e-09 -7.30965e-12 1.44079e-08)
(1.43726e-08 -1.11798e-12 6.06453e-09)
(-3.08972e-13 1.56306e-08 4.52518e-12)
(-6.10035e-09 -6.37558e-12 1.44034e-08)
(1.43719e-08 -1.05229e-12 6.07338e-09)
(-1.55464e-13 1.56292e-08 3.93262e-12)
(-6.10671e-09 -5.49731e-12 1.43994e-08)
(1.43715e-08 -9.85962e-13 6.08115e-09)
(-1.66058e-14 1.56279e-08 3.37529e-12)
(-6.11208e-09 -4.67469e-12 1.4396e-08)
(1.43713e-08 -9.19172e-13 6.08791e-09)
(1.07449e-13 1.56267e-08 2.85303e-12)
(-6.1165e-09 -3.90759e-12 1.4393e-08)
(1.43713e-08 -8.52159e-13 6.09374e-09)
(2.16537e-13 1.56256e-08 2.36572e-12)
(-6.12006e-09 -3.19586e-12 1.43904e-08)
(1.43715e-08 -7.8529e-13 6.09871e-09)
(3.10484e-13 1.56245e-08 1.91327e-12)
(-6.12281e-09 -2.53935e-12 1.43883e-08)
(1.43718e-08 -7.19117e-13 6.10287e-09)
(3.89108e-13 1.56236e-08 1.49564e-12)
(-6.12484e-09 -1.93788e-12 1.43866e-08)
(1.43723e-08 -6.54462e-13 6.10631e-09)
(4.52257e-13 1.56227e-08 1.11289e-12)
(-6.1262e-09 -1.39128e-12 1.43852e-08)
(1.43728e-08 -5.92504e-13 6.10907e-09)
(4.99884e-13 1.5622e-08 7.6521e-13)
(-6.12696e-09 -8.99362e-13 1.43842e-08)
(1.43734e-08 -5.34847e-13 6.11125e-09)
(5.32226e-13 1.56213e-08 4.5296e-13)
(-6.12719e-09 -4.62033e-13 1.43835e-08)
(1.43739e-08 -4.83522e-13 6.1129e-09)
(5.50115e-13 1.56207e-08 1.76762e-13)
(-6.12695e-09 -7.93738e-14 1.4383e-08)
(1.43745e-08 -4.40807e-13 6.11411e-09)
(5.5547e-13 1.56202e-08 -6.24657e-14)
(-6.12632e-09 2.48142e-13 1.43828e-08)
(1.43751e-08 -4.08708e-13 6.11495e-09)
(5.51957e-13 1.56198e-08 -2.63547e-13)
(-6.12537e-09 5.19349e-13 1.43828e-08)
(1.43756e-08 -3.8837e-13 6.11551e-09)
(5.45668e-13 1.56195e-08 -4.25243e-13)
(-6.12416e-09 7.31918e-13 1.4383e-08)
(1.4376e-08 -3.80532e-13 6.11587e-09)
(5.44271e-13 1.56192e-08 -5.47601e-13)
(-6.12278e-09 8.8092e-13 1.43833e-08)
(1.43762e-08 -3.84865e-13 6.11609e-09)
(5.53052e-13 1.5619e-08 -6.35275e-13)
(-6.12136e-09 9.557e-13 1.43839e-08)
(5.75323e-13 1.56186e-08 -6.95917e-13)
(-6.11999e-09 9.42085e-13 1.43845e-08)
(1.51832e-08 3.10139e-12 2.50531e-10)
(-7.64655e-20 1.58702e-08 -9.45925e-21)
(-3.64404e-10 -5.22631e-12 1.58849e-08)
(1.50993e-08 5.08546e-12 4.61119e-10)
(-5.36655e-20 1.57567e-08 1.31499e-20)
(-5.94848e-10 -1.56248e-11 1.59235e-08)
(1.50928e-08 5.10407e-12 6.65899e-10)
(-5.92978e-21 1.57831e-08 7.84676e-20)
(-7.73959e-10 -2.46949e-11 1.59162e-08)
(1.50932e-08 4.3397e-12 8.68502e-10)
(3.36961e-20 1.58018e-08 1.44349e-19)
(-9.64218e-10 -3.15413e-11 1.58827e-08)
(1.50927e-08 3.37022e-12 1.06904e-09)
(7.74694e-20 1.58113e-08 2.25289e-19)
(-1.16131e-09 -3.64769e-11 1.58502e-08)
(1.50901e-08 2.43691e-12 1.26633e-09)
(1.08273e-19 1.58154e-08 3.25745e-19)
(-1.35907e-09 -3.98551e-11 1.58205e-08)
(1.50852e-08 1.64892e-12 1.45955e-09)
(1.19303e-19 1.58158e-08 4.13791e-19)
(-1.55499e-09 -4.19795e-11 1.57913e-08)
(1.50781e-08 1.03319e-12 1.64826e-09)
(1.29296e-19 1.58139e-08 4.7587e-19)
(-1.74771e-09 -4.31294e-11 1.57618e-08)
(1.50689e-08 5.73773e-13 1.83223e-09)
(1.12219e-19 1.58109e-08 5.23151e-19)
(-1.93636e-09 -4.3549e-11 1.57314e-08)
(1.50579e-08 2.4059e-13 2.01134e-09)
(5.64584e-20 1.58073e-08 5.43863e-19)
(-2.1204e-09 -4.34391e-11 1.57001e-08)
(1.50453e-08 2.82324e-15 2.18556e-09)
(4.49031e-20 1.58033e-08 5.30175e-19)
(-2.29949e-09 -4.29569e-11 1.56677e-08)
(1.50313e-08 -1.65873e-13 2.3549e-09)
(1.01553e-19 1.57992e-08 4.85293e-19)
(-2.47343e-09 -4.22205e-11 1.56343e-08)
(1.50161e-08 -2.85986e-13 2.51936e-09)
(1.48356e-19 1.5795e-08 4.05572e-19)
(-2.64211e-09 -4.13158e-11 1.56e-08)
(1.49997e-08 -3.72528e-13 2.679e-09)
(1.76381e-19 1.57908e-08 3.34754e-19)
(-2.80552e-09 -4.03037e-11 1.5565e-08)
(1.49825e-08 -4.36063e-13 2.83385e-09)
(2.35312e-19 1.57865e-08 3.65397e-19)
(-2.96367e-09 -3.92264e-11 1.55293e-08)
(1.49644e-08 -4.83821e-13 2.98396e-09)
(2.85841e-19 1.57823e-08 5.18027e-19)
(-3.1166e-09 -3.81127e-11 1.54932e-08)
(1.49456e-08 -5.20653e-13 3.1294e-09)
(2.64616e-19 1.5778e-08 7.00669e-19)
(-3.2644e-09 -3.69819e-11 1.54567e-08)
(1.49263e-08 -5.49782e-13 3.27023e-09)
(2.17144e-19 1.57738e-08 8.33948e-19)
(-3.40712e-09 -3.58466e-11 1.542e-08)
(1.49066e-08 -5.73341e-13 3.40651e-09)
(1.99953e-19 1.57695e-08 9.16047e-19)
(-3.54487e-09 -3.4715e-11 1.53831e-08)
(1.48865e-08 -5.92748e-13 3.53831e-09)
(2.01513e-19 1.57653e-08 9.72441e-19)
(-3.67773e-09 -3.35925e-11 1.53462e-08)
(1.48662e-08 -6.08957e-13 3.66571e-09)
(2.02675e-19 1.57611e-08 1.02283e-18)
(-3.8058e-09 -3.24825e-11 1.53094e-08)
(1.48457e-08 -6.22617e-13 3.78877e-09)
(1.98794e-19 1.57569e-08 1.07629e-18)
(-3.92917e-09 -3.1387e-11 1.52728e-08)
(1.48252e-08 -6.34182e-13 3.90757e-09)
(1.92812e-19 1.57528e-08 1.1365e-18)
(-4.04795e-09 -3.03075e-11 1.52364e-08)
(1.48047e-08 -6.43973e-13 4.02219e-09)
(1.87937e-19 1.57486e-08 1.20626e-18)
(-4.16223e-09 -2.92449e-11 1.52004e-08)
(1.47842e-08 -6.52221e-13 4.13271e-09)
(1.83932e-19 1.57445e-08 1.2849e-18)
(-4.27211e-09 -2.81997e-11 1.51648e-08)
(1.4764e-08 -6.59095e-13 4.2392e-09)
(1.75591e-19 1.57405e-08 1.36906e-18)
(-4.37768e-09 -2.71723e-11 1.51297e-08)
(1.47439e-08 -6.64721e-13 4.34174e-09)
(1.58311e-19 1.57365e-08 1.4553e-18)
(-4.47905e-09 -2.6163e-11 1.50951e-08)
(1.47241e-08 -6.69194e-13 4.44041e-09)
(1.35454e-19 1.57325e-08 1.54357e-18)
(-4.57631e-09 -2.5172e-11 1.50611e-08)
(1.47047e-08 -6.72584e-13 4.53529e-09)
(1.10488e-19 1.57285e-08 1.6367e-18)
(-4.66956e-09 -2.41995e-11 1.50278e-08)
(1.46856e-08 -6.74947e-13 4.62646e-09)
(8.53152e-20 1.57246e-08 1.73687e-18)
(-4.7589e-09 -2.32456e-11 1.49952e-08)
(1.4667e-08 -6.76326e-13 4.71399e-09)
(5.76972e-20 1.57208e-08 1.84624e-18)
(-4.84443e-09 -2.23103e-11 1.49634e-08)
(1.46488e-08 -6.76756e-13 4.79796e-09)
(2.10839e-20 1.5717e-08 1.96511e-18)
(-4.92622e-09 -2.13939e-11 1.49323e-08)
(1.46311e-08 -6.76266e-13 4.87846e-09)
(-1.47589e-20 1.57132e-08 2.08672e-18)
(-5.0044e-09 -2.04963e-11 1.4902e-08)
(1.46139e-08 -6.74883e-13 4.95556e-09)
(-4.95343e-20 1.57095e-08 2.1939e-18)
(-5.07903e-09 -1.96176e-11 1.48726e-08)
(1.45972e-08 -6.7263e-13 5.02935e-09)
(-9.91525e-20 1.57059e-08 2.27623e-18)
(-5.15023e-09 -1.8758e-11 1.48441e-08)
(1.45812e-08 -6.69528e-13 5.09989e-09)
(-1.54399e-19 1.57023e-08 2.35024e-18)
(-5.21807e-09 -1.79174e-11 1.48164e-08)
(1.45657e-08 -6.65598e-13 5.16727e-09)
(-2.04992e-19 1.56988e-08 2.43756e-18)
(-5.28266e-09 -1.70959e-11 1.47897e-08)
(1.45509e-08 -6.60861e-13 5.23156e-09)
(-2.42739e-19 1.56953e-08 2.54414e-18)
(-5.34408e-09 -1.62935e-11 1.47639e-08)
(1.45366e-08 -6.55337e-13 5.29284e-09)
(-2.65234e-19 1.56919e-08 2.66241e-18)
(-5.40241e-09 -1.55102e-11 1.4739e-08)
(1.4523e-08 -6.49046e-13 5.3512e-09)
(-2.88536e-19 1.56885e-08 2.78257e-18)
(-5.45775e-09 -1.47461e-11 1.4715e-08)
(1.45101e-08 -6.42008e-13 5.40669e-09)
(-3.19935e-19 1.56853e-08 2.8993e-18)
(-5.51019e-09 -1.40012e-11 1.46921e-08)
(1.44977e-08 -6.34245e-13 5.45941e-09)
(-3.54683e-19 1.5682e-08 3.01144e-18)
(-5.5598e-09 -1.32754e-11 1.467e-08)
(1.44861e-08 -6.25775e-13 5.50943e-09)
(-3.89455e-19 1.56789e-08 3.12579e-18)
(-5.60668e-09 -1.25688e-11 1.46489e-08)
(1.4475e-08 -6.1662e-13 5.55682e-09)
(-4.35982e-19 1.56758e-08 3.24684e-18)
(-5.65091e-09 -1.18814e-11 1.46288e-08)
(1.44646e-08 -6.06801e-13 5.60165e-09)
(-5.00137e-19 1.56728e-08 3.3754e-18)
(-5.69256e-09 -1.12132e-11 1.46096e-08)
(1.44549e-08 -5.96338e-13 5.644e-09)
(-5.72992e-19 1.56699e-08 3.50896e-18)
(-5.73173e-09 -1.05641e-11 1.45913e-08)
(1.44458e-08 -5.85252e-13 5.68395e-09)
(-6.38826e-19 1.5667e-08 3.62429e-18)
(-5.76849e-09 -9.93415e-12 1.4574e-08)
(1.44373e-08 -5.73565e-13 5.72157e-09)
(-6.7017e-19 1.56643e-08 3.68516e-18)
(-5.80293e-09 -9.3233e-12 1.45575e-08)
(1.44294e-08 -5.61296e-13 5.75693e-09)
(-6.66433e-19 1.56616e-08 3.6779e-18)
(-5.83512e-09 -8.73153e-12 1.4542e-08)
(1.44221e-08 -5.48467e-13 5.7901e-09)
(-6.6238e-19 1.56589e-08 3.62231e-18)
(-5.86514e-09 -8.15882e-12 1.45273e-08)
(1.44153e-08 -5.35099e-13 5.82115e-09)
(-6.70888e-19 1.56564e-08 3.53088e-18)
(-5.89306e-09 -7.60515e-12 1.45135e-08)
(1.44092e-08 -5.21213e-13 5.85017e-09)
(-6.70853e-19 1.56539e-08 3.36881e-18)
(-5.91898e-09 -7.07047e-12 1.45006e-08)
(1.44036e-08 -5.06829e-13 5.87721e-09)
(-6.57271e-19 1.56515e-08 3.12231e-18)
(-5.94295e-09 -6.55476e-12 1.44885e-08)
(1.43986e-08 -4.91968e-13 5.90235e-09)
(-6.22761e-19 1.56492e-08 2.87301e-18)
(-5.96506e-09 -6.05798e-12 1.44772e-08)
(1.4394e-08 -4.76651e-13 5.92566e-09)
(-5.67793e-19 1.5647e-08 2.68188e-18)
(-5.98538e-09 -5.5801e-12 1.44666e-08)
(1.439e-08 -4.60899e-13 5.94721e-09)
(-5.19969e-19 1.56448e-08 2.51839e-18)
(-6.00398e-09 -5.12108e-12 1.44569e-08)
(1.43864e-08 -4.44731e-13 5.96708e-09)
(-4.78151e-19 1.56427e-08 2.34978e-18)
(-6.02095e-09 -4.68088e-12 1.44479e-08)
(1.43832e-08 -4.28168e-13 5.98532e-09)
(-4.30576e-19 1.56408e-08 2.18743e-18)
(-6.03634e-09 -4.25946e-12 1.44396e-08)
(1.43805e-08 -4.1123e-13 6.00201e-09)
(-3.81713e-19 1.56389e-08 2.07277e-18)
(-6.05024e-09 -3.85679e-12 1.4432e-08)
(1.43782e-08 -3.93938e-13 6.01722e-09)
(-3.43412e-19 1.5637e-08 2.02757e-18)
(-6.06271e-09 -3.47282e-12 1.44251e-08)
(1.43763e-08 -3.76311e-13 6.03102e-09)
(-3.20122e-19 1.56353e-08 2.03403e-18)
(-6.07383e-09 -3.10751e-12 1.44188e-08)
(1.43748e-08 -3.58372e-13 6.04348e-09)
(-3.05618e-19 1.56337e-08 2.06693e-18)
(-6.08366e-09 -2.76083e-12 1.44131e-08)
(1.43735e-08 -3.40144e-13 6.05466e-09)
(-3.06252e-19 1.56321e-08 2.1189e-18)
(-6.09228e-09 -2.43274e-12 1.44081e-08)
(1.43726e-08 -3.21653e-13 6.06463e-09)
(-3.24996e-19 1.56306e-08 2.19347e-18)
(-6.09976e-09 -2.12319e-12 1.44035e-08)
(1.43719e-08 -3.02931e-13 6.07347e-09)
(-3.7128e-19 1.56292e-08 2.28308e-18)
(-6.10616e-09 -1.83214e-12 1.43996e-08)
(1.43715e-08 -2.84024e-13 6.08123e-09)
(-4.39366e-19 1.56279e-08 2.40361e-18)
(-6.11155e-09 -1.55956e-12 1.43961e-08)
(1.43714e-08 -2.64994e-13 6.08799e-09)
(-5.0035e-19 1.56267e-08 2.54572e-18)
(-6.11601e-09 -1.30538e-12 1.43931e-08)
(1.43714e-08 -2.45938e-13 6.09382e-09)
(-5.40271e-19 1.56256e-08 2.6282e-18)
(-6.11961e-09 -1.06957e-12 1.43905e-08)
(1.43716e-08 -2.26995e-13 6.09878e-09)
(-5.36695e-19 1.56246e-08 2.61739e-18)
(-6.1224e-09 -8.52059e-13 1.43884e-08)
(1.43719e-08 -2.08372e-13 6.10294e-09)
(-4.70555e-19 1.56236e-08 2.55242e-18)
(-6.12445e-09 -6.52789e-13 1.43867e-08)
(1.43723e-08 -1.90369e-13 6.10637e-09)
(-3.87563e-19 1.56228e-08 2.47912e-18)
(-6.12585e-09 -4.71691e-13 1.43853e-08)
(1.43728e-08 -1.73394e-13 6.10913e-09)
(-4.06646e-19 1.5622e-08 2.42059e-18)
(-6.12664e-09 -3.08705e-13 1.43843e-08)
(1.43734e-08 -1.57973e-13 6.1113e-09)
(-5.2231e-19 1.56213e-08 2.42674e-18)
(-6.12691e-09 -1.6381e-13 1.43835e-08)
(1.4374e-08 -1.44716e-13 6.11295e-09)
(-5.9514e-19 1.56207e-08 2.57109e-18)
(-6.12671e-09 -3.70735e-14 1.4383e-08)
(1.43746e-08 -1.34232e-13 6.11416e-09)
(-5.9645e-19 1.56202e-08 2.79391e-18)
(-6.12611e-09 7.12554e-14 1.43828e-08)
(1.43751e-08 -1.26946e-13 6.11499e-09)
(-5.77487e-19 1.56198e-08 2.92999e-18)
(-6.12519e-09 1.60625e-13 1.43828e-08)
(1.43756e-08 -1.22959e-13 6.11555e-09)
(-5.34588e-19 1.56195e-08 2.90292e-18)
(-6.12402e-09 2.30011e-13 1.4383e-08)
(1.4376e-08 -1.22214e-13 6.11592e-09)
(-3.69053e-19 1.56192e-08 2.7071e-18)
(-6.12269e-09 2.77526e-13 1.43833e-08)
(1.43762e-08 -1.24346e-13 6.11613e-09)
(1.48748e-19 1.5619e-08 2.32387e-18)
(-6.12132e-09 2.99895e-13 1.43838e-08)
(7.49037e-19 1.56186e-08 1.74206e-18)
(-6.12001e-09 2.93697e-13 1.43845e-08)
(1.51832e-08 -3.10139e-12 2.50531e-10)
(9.2913e-11 1.58781e-08 -1.66404e-11)
(-3.64404e-10 5.22631e-12 1.58849e-08)
(1.50993e-08 -5.08546e-12 4.61119e-10)
(5.19823e-11 1.57678e-08 -4.84345e-11)
(-5.94848e-10 1.56248e-11 1.59235e-08)
(1.50928e-08 -5.10407e-12 6.65899e-10)
(3.01686e-11 1.57907e-08 -7.31025e-11)
(-7.73959e-10 2.46949e-11 1.59162e-08)
(1.50932e-08 -4.3397e-12 8.68502e-10)
(1.90416e-11 1.58062e-08 -8.86343e-11)
(-9.64218e-10 3.15413e-11 1.58827e-08)
(1.50927e-08 -3.37022e-12 1.06904e-09)
(1.30118e-11 1.58136e-08 -9.71474e-11)
(-1.16131e-09 3.64769e-11 1.58502e-08)
(1.50901e-08 -2.43691e-12 1.26633e-09)
(1.00422e-11 1.58165e-08 -1.01044e-10)
(-1.35907e-09 3.98551e-11 1.58205e-08)
(1.50852e-08 -1.64892e-12 1.45955e-09)
(8.86737e-12 1.58162e-08 -1.02091e-10)
(-1.55499e-09 4.19795e-11 1.57913e-08)
(1.50781e-08 -1.03319e-12 1.64826e-09)
(8.6545e-12 1.58141e-08 -1.01439e-10)
(-1.74771e-09 4.31294e-11 1.57618e-08)
(1.50689e-08 -5.73774e-13 1.83223e-09)
(8.92417e-12 1.58109e-08 -9.97915e-11)
(-1.93636e-09 4.3549e-11 1.57314e-08)
(1.50579e-08 -2.40591e-13 2.01134e-09)
(9.40774e-12 1.58072e-08 -9.75758e-11)
(-2.1204e-09 4.34391e-11 1.57001e-08)
(1.50453e-08 -2.82386e-15 2.18556e-09)
(9.95778e-12 1.58032e-08 -9.50455e-11)
(-2.29949e-09 4.29569e-11 1.56677e-08)
(1.50313e-08 1.65873e-13 2.3549e-09)
(1.04977e-11 1.57991e-08 -9.23521e-11)
(-2.47343e-09 4.22205e-11 1.56343e-08)
(1.50161e-08 2.85986e-13 2.51936e-09)
(1.09904e-11 1.57949e-08 -8.95852e-11)
(-2.64211e-09 4.13158e-11 1.56e-08)
(1.49997e-08 3.72527e-13 2.679e-09)
(1.14206e-11 1.57907e-08 -8.67977e-11)
(-2.80552e-09 4.03037e-11 1.5565e-08)
(1.49825e-08 4.36063e-13 2.83385e-09)
(1.17834e-11 1.57864e-08 -8.40205e-11)
(-2.96367e-09 3.92264e-11 1.55293e-08)
(1.49644e-08 4.8382e-13 2.98396e-09)
(1.20793e-11 1.57822e-08 -8.12715e-11)
(-3.1166e-09 3.81127e-11 1.54932e-08)
(1.49456e-08 5.20652e-13 3.1294e-09)
(1.23113e-11 1.57779e-08 -7.85612e-11)
(-3.2644e-09 3.69819e-11 1.54567e-08)
(1.49263e-08 5.49781e-13 3.27023e-09)
(1.2483e-11 1.57737e-08 -7.58955e-11)
(-3.40712e-09 3.58466e-11 1.542e-08)
(1.49066e-08 5.7334e-13 3.40651e-09)
(1.25983e-11 1.57695e-08 -7.32779e-11)
(-3.54487e-09 3.4715e-11 1.53831e-08)
(1.48865e-08 5.92747e-13 3.53831e-09)
(1.26608e-11 1.57652e-08 -7.07104e-11)
(-3.67773e-09 3.35925e-11 1.53462e-08)
(1.48662e-08 6.08956e-13 3.66571e-09)
(1.26744e-11 1.5761e-08 -6.8194e-11)
(-3.8058e-09 3.24825e-11 1.53094e-08)
(1.48457e-08 6.22616e-13 3.78877e-09)
(1.26424e-11 1.57568e-08 -6.57294e-11)
(-3.92917e-09 3.1387e-11 1.52728e-08)
(1.48252e-08 6.34181e-13 3.90757e-09)
(1.25682e-11 1.57527e-08 -6.33168e-11)
(-4.04795e-09 3.03075e-11 1.52364e-08)
(1.48047e-08 6.43972e-13 4.02219e-09)
(1.24551e-11 1.57486e-08 -6.09563e-11)
(-4.16223e-09 2.92449e-11 1.52004e-08)
(1.47842e-08 6.52219e-13 4.13271e-09)
(1.23063e-11 1.57445e-08 -5.86478e-11)
(-4.27211e-09 2.81997e-11 1.51648e-08)
(1.4764e-08 6.59094e-13 4.2392e-09)
(1.21246e-11 1.57404e-08 -5.63912e-11)
(-4.37768e-09 2.71723e-11 1.51297e-08)
(1.47439e-08 6.6472e-13 4.34174e-09)
(1.19131e-11 1.57364e-08 -5.41862e-11)
(-4.47905e-09 2.6163e-11 1.50951e-08)
(1.47241e-08 6.69193e-13 4.44041e-09)
(1.16746e-11 1.57324e-08 -5.20326e-11)
(-4.57631e-09 2.5172e-11 1.50611e-08)
(1.47047e-08 6.72583e-13 4.53529e-09)
(1.14117e-11 1.57284e-08 -4.99299e-11)
(-4.66956e-09 2.41995e-11 1.50278e-08)
(1.46856e-08 6.74946e-13 4.62646e-09)
(1.1127e-11 1.57245e-08 -4.78777e-11)
(-4.7589e-09 2.32456e-11 1.49952e-08)
(1.4667e-08 6.76324e-13 4.71399e-09)
(1.08231e-11 1.57207e-08 -4.58756e-11)
(-4.84443e-09 2.23103e-11 1.49634e-08)
(1.46488e-08 6.76754e-13 4.79796e-09)
(1.05021e-11 1.57169e-08 -4.39232e-11)
(-4.92622e-09 2.13939e-11 1.49323e-08)
(1.46311e-08 6.76265e-13 4.87846e-09)
(1.01664e-11 1.57131e-08 -4.20199e-11)
(-5.0044e-09 2.04963e-11 1.4902e-08)
(1.46139e-08 6.74882e-13 4.95556e-09)
(9.81813e-12 1.57094e-08 -4.01652e-11)
(-5.07903e-09 1.96176e-11 1.48726e-08)
(1.45972e-08 6.72628e-13 5.02935e-09)
(9.45922e-12 1.57058e-08 -3.83586e-11)
(-5.15023e-09 1.8758e-11 1.48441e-08)
(1.45812e-08 6.69526e-13 5.09989e-09)
(9.09161e-12 1.57022e-08 -3.65994e-11)
(-5.21807e-09 1.79174e-11 1.48164e-08)
(1.45657e-08 6.65597e-13 5.16727e-09)
(8.71709e-12 1.56987e-08 -3.48873e-11)
(-5.28266e-09 1.70958e-11 1.47897e-08)
(1.45509e-08 6.60859e-13 5.23156e-09)
(8.33736e-12 1.56952e-08 -3.32215e-11)
(-5.34408e-09 1.62934e-11 1.47639e-08)
(1.45366e-08 6.55335e-13 5.29284e-09)
(7.95402e-12 1.56918e-08 -3.16016e-11)
(-5.40241e-09 1.55102e-11 1.4739e-08)
(1.4523e-08 6.49044e-13 5.3512e-09)
(7.56859e-12 1.56885e-08 -3.00269e-11)
(-5.45775e-09 1.47461e-11 1.4715e-08)
(1.45101e-08 6.42007e-13 5.40669e-09)
(7.18249e-12 1.56852e-08 -2.84969e-11)
(-5.51019e-09 1.40012e-11 1.46921e-08)
(1.44977e-08 6.34243e-13 5.45941e-09)
(6.79706e-12 1.5682e-08 -2.7011e-11)
(-5.5598e-09 1.32754e-11 1.467e-08)
(1.44861e-08 6.25773e-13 5.50943e-09)
(6.41354e-12 1.56788e-08 -2.55687e-11)
(-5.60668e-09 1.25688e-11 1.46489e-08)
(1.4475e-08 6.16618e-13 5.55682e-09)
(6.03313e-12 1.56757e-08 -2.41695e-11)
(-5.65091e-09 1.18814e-11 1.46288e-08)
(1.44646e-08 6.06799e-13 5.60165e-09)
(5.65691e-12 1.56727e-08 -2.28127e-11)
(-5.69256e-09 1.12132e-11 1.46096e-08)
(1.44549e-08 5.96336e-13 5.644e-09)
(5.28592e-12 1.56698e-08 -2.1498e-11)
(-5.73173e-09 1.05641e-11 1.45913e-08)
(1.44458e-08 5.85251e-13 5.68395e-09)
(4.9211e-12 1.5667e-08 -2.02248e-11)
(-5.76849e-09 9.93415e-12 1.4574e-08)
(1.44373e-08 5.73563e-13 5.72157e-09)
(4.56336e-12 1.56642e-08 -1.89926e-11)
(-5.80293e-09 9.32329e-12 1.45575e-08)
(1.44294e-08 5.61295e-13 5.75693e-09)
(4.21352e-12 1.56615e-08 -1.78009e-11)
(-5.83512e-09 8.73153e-12 1.4542e-08)
(1.44221e-08 5.48466e-13 5.7901e-09)
(3.87234e-12 1.56588e-08 -1.66493e-11)
(-5.86514e-09 8.15882e-12 1.45273e-08)
(1.44153e-08 5.35098e-13 5.82115e-09)
(3.54052e-12 1.56563e-08 -1.55374e-11)
(-5.89306e-09 7.60514e-12 1.45135e-08)
(1.44092e-08 5.21212e-13 5.85017e-09)
(3.21872e-12 1.56538e-08 -1.44647e-11)
(-5.91898e-09 7.07047e-12 1.45006e-08)
(1.44036e-08 5.06828e-13 5.87721e-09)
(2.90754e-12 1.56514e-08 -1.34308e-11)
(-5.94295e-09 6.55476e-12 1.44885e-08)
(1.43986e-08 4.91967e-13 5.90235e-09)
(2.60751e-12 1.56491e-08 -1.24354e-11)
(-5.96506e-09 6.05798e-12 1.44772e-08)
(1.4394e-08 4.7665e-13 5.92566e-09)
(2.31913e-12 1.56469e-08 -1.14781e-11)
(-5.98538e-09 5.5801e-12 1.44666e-08)
(1.439e-08 4.60898e-13 5.94721e-09)
(2.04286e-12 1.56447e-08 -1.05586e-11)
(-6.00398e-09 5.12107e-12 1.44569e-08)
(1.43864e-08 4.4473e-13 5.96708e-09)
(1.7791e-12 1.56427e-08 -9.67641e-12)
(-6.02095e-09 4.68087e-12 1.44479e-08)
(1.43832e-08 4.28167e-13 5.98532e-09)
(1.52821e-12 1.56407e-08 -8.83137e-12)
(-6.03634e-09 4.25946e-12 1.44396e-08)
(1.43805e-08 4.11229e-13 6.00201e-09)
(1.29051e-12 1.56388e-08 -8.02315e-12)
(-6.05024e-09 3.85678e-12 1.4432e-08)
(1.43782e-08 3.93937e-13 6.01722e-09)
(1.0663e-12 1.5637e-08 -7.25147e-12)
(-6.06271e-09 3.47281e-12 1.44251e-08)
(1.43763e-08 3.76311e-13 6.03102e-09)
(8.55831e-13 1.56353e-08 -6.51606e-12)
(-6.07383e-09 3.10751e-12 1.44188e-08)
(1.43748e-08 3.58371e-13 6.04348e-09)
(6.59324e-13 1.56336e-08 -5.81669e-12)
(-6.08366e-09 2.76083e-12 1.44131e-08)
(1.43735e-08 3.40143e-13 6.05466e-09)
(4.76979e-13 1.56321e-08 -5.15313e-12)
(-6.09228e-09 2.43273e-12 1.44081e-08)
(1.43726e-08 3.21652e-13 6.06463e-09)
(3.08972e-13 1.56306e-08 -4.52517e-12)
(-6.09976e-09 2.12319e-12 1.44035e-08)
(1.43719e-08 3.0293e-13 6.07347e-09)
(1.55463e-13 1.56292e-08 -3.93261e-12)
(-6.10616e-09 1.83214e-12 1.43996e-08)
(1.43715e-08 2.84023e-13 6.08123e-09)
(1.66049e-14 1.56279e-08 -3.37528e-12)
(-6.11155e-09 1.55955e-12 1.43961e-08)
(1.43714e-08 2.64993e-13 6.08799e-09)
(-1.0745e-13 1.56267e-08 -2.85303e-12)
(-6.11601e-09 1.30538e-12 1.43931e-08)
(1.43714e-08 2.45937e-13 6.09382e-09)
(-2.16538e-13 1.56256e-08 -2.36571e-12)
(-6.11961e-09 1.06956e-12 1.43905e-08)
(1.43716e-08 2.26993e-13 6.09878e-09)
(-3.10485e-13 1.56245e-08 -1.91326e-12)
(-6.1224e-09 8.52055e-13 1.43884e-08)
(1.43719e-08 2.08371e-13 6.10294e-09)
(-3.89109e-13 1.56236e-08 -1.49563e-12)
(-6.12445e-09 6.52785e-13 1.43867e-08)
(1.43723e-08 1.90368e-13 6.10637e-09)
(-4.52258e-13 1.56227e-08 -1.11289e-12)
(-6.12585e-09 4.71686e-13 1.43853e-08)
(1.43728e-08 1.73393e-13 6.10913e-09)
(-4.99885e-13 1.5622e-08 -7.65205e-13)
(-6.12664e-09 3.087e-13 1.43843e-08)
(1.43734e-08 1.57971e-13 6.1113e-09)
(-5.32227e-13 1.56213e-08 -4.52955e-13)
(-6.12691e-09 1.63804e-13 1.43835e-08)
(1.4374e-08 1.44715e-13 6.11295e-09)
(-5.50116e-13 1.56207e-08 -1.76757e-13)
(-6.12671e-09 3.70682e-14 1.4383e-08)
(1.43746e-08 1.3423e-13 6.11416e-09)
(-5.55471e-13 1.56202e-08 6.24712e-14)
(-6.12611e-09 -7.12608e-14 1.43828e-08)
(1.43751e-08 1.26944e-13 6.11499e-09)
(-5.51958e-13 1.56198e-08 2.63552e-13)
(-6.12519e-09 -1.60631e-13 1.43828e-08)
(1.43756e-08 1.22957e-13 6.11555e-09)
(-5.45669e-13 1.56195e-08 4.25249e-13)
(-6.12402e-09 -2.30016e-13 1.4383e-08)
(1.4376e-08 1.22212e-13 6.11592e-09)
(-5.44272e-13 1.56192e-08 5.47606e-13)
(-6.12269e-09 -2.77531e-13 1.43833e-08)
(1.43762e-08 1.24343e-13 6.11613e-09)
(-5.53052e-13 1.5619e-08 6.3528e-13)
(-6.12132e-09 -2.999e-13 1.43838e-08)
(-5.75323e-13 1.56186e-08 6.95921e-13)
(-6.12001e-09 -2.93703e-13 1.43845e-08)
(1.51815e-08 -1.26396e-11 2.49046e-10)
(2.06965e-10 1.59062e-08 -3.59065e-11)
(-3.42164e-10 1.73769e-11 1.58846e-08)
(1.50991e-08 -1.86533e-11 4.60943e-10)
(1.0093e-10 1.58031e-08 -1.03277e-10)
(-5.73581e-10 5.14417e-11 1.5911e-08)
(1.50929e-08 -1.71754e-11 6.66805e-10)
(5.44727e-11 1.58121e-08 -1.53022e-10)
(-7.57844e-10 8.00946e-11 1.59043e-08)
(1.50934e-08 -1.34696e-11 8.69822e-10)
(3.37548e-11 1.5817e-08 -1.82889e-10)
(-9.52695e-10 1.00777e-10 1.58747e-08)
(1.5093e-08 -9.76453e-12 1.07025e-09)
(2.34239e-11 1.58188e-08 -1.98501e-10)
(-1.15343e-09 1.15062e-10 1.58456e-08)
(1.50903e-08 -6.62141e-12 1.26721e-09)
(1.87498e-11 1.58189e-08 -2.05169e-10)
(-1.35406e-09 1.24427e-10 1.58179e-08)
(1.50851e-08 -4.15762e-12 1.46007e-09)
(1.7151e-11 1.58172e-08 -2.0649e-10)
(-1.55217e-09 1.30002e-10 1.57899e-08)
(1.50778e-08 -2.32035e-12 1.64847e-09)
(1.71218e-11 1.58144e-08 -2.04683e-10)
(-1.74651e-09 1.32732e-10 1.5761e-08)
(1.50684e-08 -9.91586e-13 1.83219e-09)
(1.78576e-11 1.5811e-08 -2.01069e-10)
(-1.93633e-09 1.33392e-10 1.5731e-08)
(1.50573e-08 -4.81929e-14 2.01114e-09)
(1.89161e-11 1.58072e-08 -1.96431e-10)
(-2.12118e-09 1.32588e-10 1.56997e-08)
(1.50446e-08 6.15505e-13 2.18524e-09)
(2.00546e-11 1.58032e-08 -1.91231e-10)
(-2.30082e-09 1.30778e-10 1.56674e-08)
(1.50306e-08 1.08227e-12 2.35451e-09)
(2.11479e-11 1.57991e-08 -1.85746e-10)
(-2.47512e-09 1.28293e-10 1.5634e-08)
(1.50153e-08 1.41313e-12 2.51893e-09)
(2.21362e-11 1.57949e-08 -1.80139e-10)
(-2.64403e-09 1.25371e-10 1.55997e-08)
(1.4999e-08 1.65126e-12 2.67854e-09)
(2.29951e-11 1.57907e-08 -1.74504e-10)
(-2.80758e-09 1.22178e-10 1.55647e-08)
(1.49817e-08 1.82626e-12 2.83338e-09)
(2.37182e-11 1.57864e-08 -1.689e-10)
(-2.96581e-09 1.18826e-10 1.5529e-08)
(1.49636e-08 1.95803e-12 2.98349e-09)
(2.43079e-11 1.57822e-08 -1.63358e-10)
(-3.11879e-09 1.15389e-10 1.54929e-08)
(1.49449e-08 2.05975e-12 3.12893e-09)
(2.47699e-11 1.57779e-08 -1.57898e-10)
(-3.26659e-09 1.1192e-10 1.54564e-08)
(1.49256e-08 2.14011e-12 3.26976e-09)
(2.51117e-11 1.57736e-08 -1.5253e-10)
(-3.40931e-09 1.08449e-10 1.54196e-08)
(1.49059e-08 2.20484e-12 3.40604e-09)
(2.53408e-11 1.57694e-08 -1.47261e-10)
(-3.54704e-09 1.04999e-10 1.53827e-08)
(1.48859e-08 2.25776e-12 3.53785e-09)
(2.54645e-11 1.57652e-08 -1.42093e-10)
(-3.67988e-09 1.01582e-10 1.53458e-08)
(1.48656e-08 2.30144e-12 3.66525e-09)
(2.54901e-11 1.57609e-08 -1.3703e-10)
(-3.80792e-09 9.82067e-11 1.5309e-08)
(1.48451e-08 2.33764e-12 3.78832e-09)
(2.54245e-11 1.57567e-08 -1.32072e-10)
(-3.93126e-09 9.48788e-11 1.52724e-08)
(1.48246e-08 2.3676e-12 3.90714e-09)
(2.52744e-11 1.57526e-08 -1.27219e-10)
(-4.05001e-09 9.16017e-11 1.5236e-08)
(1.48041e-08 2.3922e-12 4.02177e-09)
(2.50462e-11 1.57484e-08 -1.22471e-10)
(-4.16425e-09 8.83773e-11 1.52e-08)
(1.47837e-08 2.41209e-12 4.1323e-09)
(2.47462e-11 1.57443e-08 -1.17829e-10)
(-4.27409e-09 8.52071e-11 1.51644e-08)
(1.47635e-08 2.42773e-12 4.2388e-09)
(2.43805e-11 1.57403e-08 -1.13291e-10)
(-4.37963e-09 8.20921e-11 1.51293e-08)
(1.47435e-08 2.43947e-12 4.34135e-09)
(2.39549e-11 1.57362e-08 -1.08858e-10)
(-4.48097e-09 7.9033e-11 1.50947e-08)
(1.47237e-08 2.44758e-12 4.44003e-09)
(2.3475e-11 1.57322e-08 -1.04528e-10)
(-4.57819e-09 7.60302e-11 1.50607e-08)
(1.47043e-08 2.45227e-12 4.53491e-09)
(2.29464e-11 1.57283e-08 -1.00301e-10)
(-4.67141e-09 7.30841e-11 1.50274e-08)
(1.46852e-08 2.45368e-12 4.62609e-09)
(2.2374e-11 1.57244e-08 -9.61758e-11)
(-4.76071e-09 7.01951e-11 1.49948e-08)
(1.46666e-08 2.45195e-12 4.71363e-09)
(2.1763e-11 1.57205e-08 -9.21518e-11)
(-4.8462e-09 6.73634e-11 1.49629e-08)
(1.46484e-08 2.44718e-12 4.79761e-09)
(2.11179e-11 1.57167e-08 -8.82278e-11)
(-4.92796e-09 6.45893e-11 1.49318e-08)
(1.46308e-08 2.43946e-12 4.87812e-09)
(2.04432e-11 1.57129e-08 -8.44028e-11)
(-5.0061e-09 6.18729e-11 1.49016e-08)
(1.46136e-08 2.42887e-12 4.95523e-09)
(1.97433e-11 1.57092e-08 -8.06758e-11)
(-5.0807e-09 5.92144e-11 1.48722e-08)
(1.4597e-08 2.41549e-12 5.02903e-09)
(1.90221e-11 1.57056e-08 -7.70456e-11)
(-5.15186e-09 5.6614e-11 1.48436e-08)
(1.45809e-08 2.39939e-12 5.09958e-09)
(1.82835e-11 1.5702e-08 -7.35111e-11)
(-5.21967e-09 5.40716e-11 1.4816e-08)
(1.45655e-08 2.38064e-12 5.16696e-09)
(1.7531e-11 1.56985e-08 -7.00712e-11)
(-5.28422e-09 5.15874e-11 1.47893e-08)
(1.45506e-08 2.3593e-12 5.23127e-09)
(1.6768e-11 1.5695e-08 -6.67246e-11)
(-5.3456e-09 4.91614e-11 1.47635e-08)
(1.45364e-08 2.33544e-12 5.29256e-09)
(1.59979e-11 1.56916e-08 -6.34703e-11)
(-5.40389e-09 4.67938e-11 1.47386e-08)
(1.45228e-08 2.30914e-12 5.35092e-09)
(1.52236e-11 1.56883e-08 -6.03071e-11)
(-5.4592e-09 4.44844e-11 1.47147e-08)
(1.45099e-08 2.28044e-12 5.40643e-09)
(1.44479e-11 1.5685e-08 -5.72337e-11)
(-5.5116e-09 4.22333e-11 1.46917e-08)
(1.44976e-08 2.24944e-12 5.45916e-09)
(1.36736e-11 1.56818e-08 -5.42492e-11)
(-5.56118e-09 4.00405e-11 1.46696e-08)
(1.44859e-08 2.21618e-12 5.50918e-09)
(1.29032e-11 1.56786e-08 -5.13522e-11)
(-5.60802e-09 3.79059e-11 1.46486e-08)
(1.44749e-08 2.18074e-12 5.55658e-09)
(1.2139e-11 1.56756e-08 -4.85419e-11)
(-5.65221e-09 3.58295e-11 1.46284e-08)
(1.44645e-08 2.14319e-12 5.60142e-09)
(1.13832e-11 1.56726e-08 -4.5817e-11)
(-5.69383e-09 3.38113e-11 1.46092e-08)
(1.44547e-08 2.1036e-12 5.64378e-09)
(1.06379e-11 1.56696e-08 -4.31766e-11)
(-5.73296e-09 3.18511e-11 1.4591e-08)
(1.44456e-08 2.06203e-12 5.68374e-09)
(9.905e-12 1.56668e-08 -4.06196e-11)
(-5.76969e-09 2.99489e-11 1.45736e-08)
(1.44371e-08 2.01855e-12 5.72136e-09)
(9.18631e-12 1.5664e-08 -3.8145e-11)
(-5.80409e-09 2.81045e-11 1.45572e-08)
(1.44292e-08 1.97323e-12 5.75673e-09)
(8.48346e-12 1.56613e-08 -3.57518e-11)
(-5.83624e-09 2.6318e-11 1.45417e-08)
(1.4422e-08 1.92614e-12 5.78991e-09)
(7.79799e-12 1.56587e-08 -3.34393e-11)
(-5.86622e-09 2.45892e-11 1.4527e-08)
(1.44153e-08 1.87734e-12 5.82097e-09)
(7.13131e-12 1.56561e-08 -3.12063e-11)
(-5.89411e-09 2.29179e-11 1.45132e-08)
(1.44091e-08 1.8269e-12 5.84999e-09)
(6.48473e-12 1.56537e-08 -2.90522e-11)
(-5.91999e-09 2.13041e-11 1.45003e-08)
(1.44035e-08 1.7749e-12 5.87704e-09)
(5.85944e-12 1.56513e-08 -2.69761e-11)
(-5.94393e-09 1.97477e-11 1.44882e-08)
(1.43985e-08 1.72139e-12 5.90219e-09)
(5.25652e-12 1.5649e-08 -2.49773e-11)
(-5.966e-09 1.82485e-11 1.44769e-08)
(1.43939e-08 1.66644e-12 5.92551e-09)
(4.67698e-12 1.56467e-08 -2.30549e-11)
(-5.98629e-09 1.68064e-11 1.44664e-08)
(1.43899e-08 1.61012e-12 5.94707e-09)
(4.12172e-12 1.56446e-08 -2.12083e-11)
(-6.00486e-09 1.54213e-11 1.44567e-08)
(1.43863e-08 1.55249e-12 5.96694e-09)
(3.59154e-12 1.56425e-08 -1.94369e-11)
(-6.02178e-09 1.4093e-11 1.44477e-08)
(1.43832e-08 1.49363e-12 5.98519e-09)
(3.08718e-12 1.56406e-08 -1.77399e-11)
(-6.03714e-09 1.28214e-11 1.44394e-08)
(1.43805e-08 1.43358e-12 6.00188e-09)
(2.60928e-12 1.56387e-08 -1.61169e-11)
(-6.051e-09 1.16064e-11 1.44318e-08)
(1.43782e-08 1.37243e-12 6.0171e-09)
(2.15843e-12 1.56369e-08 -1.45671e-11)
(-6.06344e-09 1.04479e-11 1.44249e-08)
(1.43763e-08 1.31022e-12 6.03091e-09)
(1.73512e-12 1.56351e-08 -1.30902e-11)
(-6.07452e-09 9.34568e-12 1.44186e-08)
(1.43747e-08 1.24703e-12 6.04337e-09)
(1.33982e-12 1.56335e-08 -1.16857e-11)
(-6.08432e-09 8.29963e-12 1.4413e-08)
(1.43735e-08 1.18292e-12 6.05455e-09)
(9.72905e-13 1.56319e-08 -1.03529e-11)
(-6.09291e-09 7.30965e-12 1.44079e-08)
(1.43726e-08 1.11798e-12 6.06453e-09)
(6.34728e-13 1.56305e-08 -9.09166e-12)
(-6.10035e-09 6.37558e-12 1.44034e-08)
(1.43719e-08 1.05228e-12 6.07338e-09)
(3.256e-13 1.56291e-08 -7.90141e-12)
(-6.10671e-09 5.4973e-12 1.43994e-08)
(1.43715e-08 9.85961e-13 6.08115e-09)
(4.5813e-14 1.56278e-08 -6.78184e-12)
(-6.11208e-09 4.67468e-12 1.4396e-08)
(1.43713e-08 9.19171e-13 6.08791e-09)
(-2.04347e-13 1.56266e-08 -5.73263e-12)
(-6.1165e-09 3.90758e-12 1.4393e-08)
(1.43713e-08 8.52158e-13 6.09374e-09)
(-4.24582e-13 1.56255e-08 -4.75349e-12)
(-6.12006e-09 3.19586e-12 1.43904e-08)
(1.43715e-08 7.85289e-13 6.09871e-09)
(-6.1457e-13 1.56244e-08 -3.84424e-12)
(-6.12281e-09 2.53935e-12 1.43883e-08)
(1.43718e-08 7.19116e-13 6.10287e-09)
(-7.73977e-13 1.56235e-08 -3.00477e-12)
(-6.12484e-09 1.93788e-12 1.43866e-08)
(1.43723e-08 6.54461e-13 6.10631e-09)
(-9.02504e-13 1.56227e-08 -2.23514e-12)
(-6.1262e-09 1.39127e-12 1.43852e-08)
(1.43728e-08 5.92502e-13 6.10907e-09)
(-1.00002e-12 1.56219e-08 -1.53564e-12)
(-6.12696e-09 8.99357e-13 1.43842e-08)
(1.43734e-08 5.34845e-13 6.11125e-09)
(-1.06687e-12 1.56212e-08 -9.06927e-13)
(-6.12719e-09 4.62028e-13 1.43835e-08)
(1.43739e-08 4.83521e-13 6.1129e-09)
(-1.10445e-12 1.56206e-08 -3.50213e-13)
(-6.12695e-09 7.9369e-14 1.4383e-08)
(1.43745e-08 4.40806e-13 6.11411e-09)
(-1.11622e-12 1.56201e-08 1.325e-13)
(-6.12632e-09 -2.48147e-13 1.43828e-08)
(1.43751e-08 4.08707e-13 6.11495e-09)
(-1.10925e-12 1.56197e-08 5.38225e-13)
(-6.12537e-09 -5.19354e-13 1.43828e-08)
(1.43756e-08 3.88369e-13 6.11551e-09)
(-1.09621e-12 1.56194e-08 8.62922e-13)
(-6.12416e-09 -7.31924e-13 1.4383e-08)
(1.4376e-08 3.80531e-13 6.11587e-09)
(-1.09503e-12 1.56191e-08 1.10361e-12)
(-6.12278e-09 -8.80926e-13 1.43833e-08)
(1.43762e-08 3.84863e-13 6.11609e-09)
(-1.11721e-12 1.56189e-08 1.26838e-12)
(-6.12136e-09 -9.55705e-13 1.43839e-08)
(-1.16128e-12 1.56185e-08 1.38066e-12)
(-6.11999e-09 -9.42089e-13 1.43845e-08)
(1.51616e-08 -4.22327e-11 2.50826e-10)
(3.77456e-10 1.59712e-08 -6.33969e-11)
(-2.8808e-10 3.76465e-11 1.5888e-08)
(1.50888e-08 -4.10122e-11 4.65008e-10)
(1.34237e-10 1.58415e-08 -1.75287e-10)
(-5.26575e-10 1.06897e-10 1.58733e-08)
(1.50903e-08 -3.04972e-11 6.71531e-10)
(6.06772e-11 1.58294e-08 -2.47761e-10)
(-7.25406e-10 1.58189e-10 1.5876e-08)
(1.50934e-08 -2.0808e-11 8.73867e-10)
(3.93415e-11 1.58248e-08 -2.8757e-10)
(-9.31143e-10 1.9124e-10 1.58591e-08)
(1.50932e-08 -1.33394e-11 1.07302e-09)
(2.98258e-11 1.58226e-08 -3.06779e-10)
(-1.1396e-09 2.11999e-10 1.58368e-08)
(1.509e-08 -7.78511e-12 1.2687e-09)
(2.5776e-11 1.5821e-08 -3.13983e-10)
(-1.34586e-09 2.24267e-10 1.58125e-08)
(1.50843e-08 -3.79631e-12 1.46051e-09)
(2.48163e-11 1.58186e-08 -3.14258e-10)
(-1.54805e-09 2.30494e-10 1.57862e-08)
(1.50765e-08 -1.00215e-12 1.64812e-09)
(2.54553e-11 1.58156e-08 -3.10528e-10)
(-1.74528e-09 2.32479e-10 1.57581e-08)
(1.50668e-08 9.29349e-13 1.83129e-09)
(2.68711e-11 1.58121e-08 -3.04494e-10)
(-1.9371e-09 2.31548e-10 1.57285e-08)
(1.50554e-08 2.25723e-12 2.00987e-09)
(2.8591e-11 1.58083e-08 -2.97157e-10)
(-2.1233e-09 2.2865e-10 1.56975e-08)
(1.50426e-08 3.17192e-12 2.18374e-09)
(3.03467e-11 1.58044e-08 -2.89111e-10)
(-2.30382e-09 2.24458e-10 1.56652e-08)
(1.50285e-08 3.80798e-12 2.35286e-09)
(3.19977e-11 1.58003e-08 -2.80714e-10)
(-2.47869e-09 2.19439e-10 1.56319e-08)
(1.50133e-08 4.25752e-12 2.51721e-09)
(3.34776e-11 1.57961e-08 -2.72176e-10)
(-2.64795e-09 2.13911e-10 1.55977e-08)
(1.4997e-08 4.58206e-12 2.67678e-09)
(3.47604e-11 1.57918e-08 -2.63623e-10)
(-2.8117e-09 2.08088e-10 1.55626e-08)
(1.49798e-08 4.82206e-12 2.8316e-09)
(3.58404e-11 1.57875e-08 -2.55132e-10)
(-2.97003e-09 2.02111e-10 1.5527e-08)
(1.49618e-08 5.00382e-12 2.98172e-09)
(3.67221e-11 1.57832e-08 -2.46743e-10)
(-3.12304e-09 1.96074e-10 1.54909e-08)
(1.49431e-08 5.14445e-12 3.12717e-09)
(3.74143e-11 1.57789e-08 -2.38484e-10)
(-3.27084e-09 1.90035e-10 1.54544e-08)
(1.4924e-08 5.25508e-12 3.26802e-09)
(3.79274e-11 1.57746e-08 -2.30368e-10)
(-3.41353e-09 1.84032e-10 1.54177e-08)
(1.49043e-08 5.34307e-12 3.40433e-09)
(3.82719e-11 1.57703e-08 -2.22403e-10)
(-3.55122e-09 1.78089e-10 1.53808e-08)
(1.48844e-08 5.41335e-12 3.53616e-09)
(3.84587e-11 1.5766e-08 -2.14595e-10)
(-3.68401e-09 1.72221e-10 1.5344e-08)
(1.48642e-08 5.4693e-12 3.66359e-09)
(3.84982e-11 1.57617e-08 -2.06944e-10)
(-3.81199e-09 1.66438e-10 1.53072e-08)
(1.48438e-08 5.51327e-12 3.78669e-09)
(3.84004e-11 1.57575e-08 -1.99454e-10)
(-3.93527e-09 1.60744e-10 1.52706e-08)
(1.48234e-08 5.54693e-12 3.90554e-09)
(3.81754e-11 1.57533e-08 -1.92123e-10)
(-4.05395e-09 1.55144e-10 1.52343e-08)
(1.4803e-08 5.57152e-12 4.0202e-09)
(3.78327e-11 1.57491e-08 -1.84952e-10)
(-4.16813e-09 1.49639e-10 1.51983e-08)
(1.47826e-08 5.5879e-12 4.13076e-09)
(3.73818e-11 1.57449e-08 -1.77941e-10)
(-4.2779e-09 1.44231e-10 1.51627e-08)
(1.47625e-08 5.59676e-12 4.23729e-09)
(3.68317e-11 1.57408e-08 -1.71088e-10)
(-4.38337e-09 1.38922e-10 1.51276e-08)
(1.47425e-08 5.59857e-12 4.33987e-09)
(3.61913e-11 1.57367e-08 -1.64393e-10)
(-4.48464e-09 1.3371e-10 1.50931e-08)
(1.47228e-08 5.59374e-12 4.43859e-09)
(3.5469e-11 1.57327e-08 -1.57855e-10)
(-4.5818e-09 1.28598e-10 1.50591e-08)
(1.47034e-08 5.58256e-12 4.53351e-09)
(3.4673e-11 1.57287e-08 -1.51473e-10)
(-4.67495e-09 1.23586e-10 1.50258e-08)
(1.46844e-08 5.56528e-12 4.62472e-09)
(3.3811e-11 1.57247e-08 -1.45244e-10)
(-4.76418e-09 1.18673e-10 1.49933e-08)
(1.46659e-08 5.54209e-12 4.71229e-09)
(3.28905e-11 1.57209e-08 -1.39169e-10)
(-4.8496e-09 1.1386e-10 1.49614e-08)
(1.46477e-08 5.51319e-12 4.79631e-09)
(3.19186e-11 1.5717e-08 -1.33244e-10)
(-4.9313e-09 1.09147e-10 1.49304e-08)
(1.46301e-08 5.47871e-12 4.87685e-09)
(3.09019e-11 1.57132e-08 -1.2747e-10)
(-5.00936e-09 1.04534e-10 1.49002e-08)
(1.4613e-08 5.43882e-12 4.954e-09)
(2.9847e-11 1.57095e-08 -1.21843e-10)
(-5.0839e-09 1.00022e-10 1.48708e-08)
(1.45964e-08 5.39366e-12 5.02782e-09)
(2.87599e-11 1.57058e-08 -1.16363e-10)
(-5.15499e-09 9.56094e-11 1.48423e-08)
(1.45804e-08 5.34336e-12 5.09841e-09)
(2.76464e-11 1.57022e-08 -1.11027e-10)
(-5.22273e-09 9.12977e-11 1.48147e-08)
(1.4565e-08 5.28806e-12 5.16583e-09)
(2.65119e-11 1.56987e-08 -1.05834e-10)
(-5.28721e-09 8.70863e-11 1.4788e-08)
(1.45502e-08 5.2279e-12 5.23016e-09)
(2.53614e-11 1.56952e-08 -1.00782e-10)
(-5.34852e-09 8.29751e-11 1.47622e-08)
(1.4536e-08 5.16301e-12 5.29149e-09)
(2.42e-11 1.56917e-08 -9.58691e-11)
(-5.40675e-09 7.89641e-11 1.47374e-08)
(1.45225e-08 5.09352e-12 5.34988e-09)
(2.30322e-11 1.56884e-08 -9.10938e-11)
(-5.46199e-09 7.50532e-11 1.47135e-08)
(1.45095e-08 5.01958e-12 5.40542e-09)
(2.18621e-11 1.56851e-08 -8.64543e-11)
(-5.51432e-09 7.12422e-11 1.46905e-08)
(1.44972e-08 4.94131e-12 5.45818e-09)
(2.0694e-11 1.56819e-08 -8.19488e-11)
(-5.56383e-09 6.75309e-11 1.46685e-08)
(1.44856e-08 4.85884e-12 5.50824e-09)
(1.95316e-11 1.56787e-08 -7.75756e-11)
(-5.6106e-09 6.39192e-11 1.46475e-08)
(1.44746e-08 4.77232e-12 5.55566e-09)
(1.83785e-11 1.56756e-08 -7.3333e-11)
(-5.65472e-09 6.0407e-11 1.46274e-08)
(1.44642e-08 4.68187e-12 5.60054e-09)
(1.7238e-11 1.56726e-08 -6.92194e-11)
(-5.69627e-09 5.69939e-11 1.46082e-08)
(1.44545e-08 4.58764e-12 5.64293e-09)
(1.61131e-11 1.56697e-08 -6.52332e-11)
(-5.73534e-09 5.36798e-11 1.459e-08)
(1.44454e-08 4.48974e-12 5.68291e-09)
(1.50068e-11 1.56668e-08 -6.13728e-11)
(-5.772e-09 5.04645e-11 1.45727e-08)
(1.44369e-08 4.38831e-12 5.72057e-09)
(1.39219e-11 1.5664e-08 -5.76368e-11)
(-5.80633e-09 4.73477e-11 1.45563e-08)
(1.44291e-08 4.28348e-12 5.75596e-09)
(1.28607e-11 1.56613e-08 -5.40237e-11)
(-5.83841e-09 4.43292e-11 1.45408e-08)
(1.44218e-08 4.17539e-12 5.78917e-09)
(1.18256e-11 1.56587e-08 -5.05321e-11)
(-5.86833e-09 4.14086e-11 1.45262e-08)
(1.44151e-08 4.06416e-12 5.82026e-09)
(1.08187e-11 1.56562e-08 -4.71607e-11)
(-5.89615e-09 3.85858e-11 1.45124e-08)
(1.4409e-08 3.94992e-12 5.84931e-09)
(9.84202e-12 1.56537e-08 -4.39081e-11)
(-5.92196e-09 3.58606e-11 1.44995e-08)
(1.44034e-08 3.8328e-12 5.87638e-09)
(8.89735e-12 1.56513e-08 -4.07732e-11)
(-5.94583e-09 3.32325e-11 1.44874e-08)
(1.43984e-08 3.71292e-12 5.90156e-09)
(7.98634e-12 1.5649e-08 -3.77549e-11)
(-5.96783e-09 3.07014e-11 1.44762e-08)
(1.43938e-08 3.59042e-12 5.9249e-09)
(7.11049e-12 1.56468e-08 -3.48518e-11)
(-5.98805e-09 2.82669e-11 1.44657e-08)
(1.43898e-08 3.46541e-12 5.94649e-09)
(6.27115e-12 1.56446e-08 -3.20631e-11)
(-6.00655e-09 2.59288e-11 1.4456e-08)
(1.43862e-08 3.33801e-12 5.96638e-09)
(5.46956e-12 1.56426e-08 -2.93877e-11)
(-6.02341e-09 2.36869e-11 1.4447e-08)
(1.43831e-08 3.20836e-12 5.98466e-09)
(4.70682e-12 1.56406e-08 -2.68246e-11)
(-6.0387e-09 2.15408e-11 1.44388e-08)
(1.43804e-08 3.07657e-12 6.00138e-09)
(3.98391e-12 1.56387e-08 -2.4373e-11)
(-6.0525e-09 1.94903e-11 1.44312e-08)
(1.43781e-08 2.94276e-12 6.01662e-09)
(3.3017e-12 1.56369e-08 -2.2032e-11)
(-6.06486e-09 1.75351e-11 1.44244e-08)
(1.43762e-08 2.80704e-12 6.03045e-09)
(2.66096e-12 1.56351e-08 -1.98008e-11)
(-6.07588e-09 1.56749e-11 1.44181e-08)
(1.43747e-08 2.66954e-12 6.04294e-09)
(2.06237e-12 1.56335e-08 -1.76786e-11)
(-6.08561e-09 1.39094e-11 1.44125e-08)
(1.43734e-08 2.53036e-12 6.05415e-09)
(1.50651e-12 1.5632e-08 -1.56649e-11)
(-6.09413e-09 1.22385e-11 1.44075e-08)
(1.43725e-08 2.38963e-12 6.06415e-09)
(9.93894e-13 1.56305e-08 -1.37588e-11)
(-6.1015e-09 1.06618e-11 1.4403e-08)
(1.43718e-08 2.24748e-12 6.07302e-09)
(5.24977e-13 1.56291e-08 -1.19598e-11)
(-6.1078e-09 9.1791e-12 1.43991e-08)
(1.43714e-08 2.10406e-12 6.08081e-09)
(1.00168e-13 1.56278e-08 -1.02675e-11)
(-6.1131e-09 7.79017e-12 1.43956e-08)
(1.43713e-08 1.95955e-12 6.0876e-09)
(-2.80136e-13 1.56266e-08 -8.68111e-12)
(-6.11745e-09 6.49477e-12 1.43927e-08)
(1.43713e-08 1.81425e-12 6.09345e-09)
(-6.1555e-13 1.56255e-08 -7.20039e-12)
(-6.12094e-09 5.29267e-12 1.43902e-08)
(1.43715e-08 1.66855e-12 6.09844e-09)
(-9.05665e-13 1.56245e-08 -5.82494e-12)
(-6.12363e-09 4.18365e-12 1.43881e-08)
(1.43718e-08 1.52313e-12 6.10263e-09)
(-1.15006e-12 1.56235e-08 -4.55453e-12)
(-6.12559e-09 3.16749e-12 1.43864e-08)
(1.43722e-08 1.37901e-12 6.10608e-09)
(-1.34834e-12 1.56227e-08 -3.38912e-12)
(-6.12688e-09 2.24395e-12 1.43851e-08)
(1.43727e-08 1.23783e-12 6.10887e-09)
(-1.5003e-12 1.56219e-08 -2.32899e-12)
(-6.12757e-09 1.41283e-12 1.43841e-08)
(1.43733e-08 1.10206e-12 6.11107e-09)
(-1.60623e-12 1.56212e-08 -1.37489e-12)
(-6.12774e-09 6.73929e-13 1.43834e-08)
(1.43739e-08 9.75338e-13 6.11274e-09)
(-1.66765e-12 1.56206e-08 -5.28445e-13)
(-6.12743e-09 2.71662e-14 1.43829e-08)
(1.43745e-08 8.6271e-13 6.11397e-09)
(-1.68871e-12 1.56201e-08 2.07258e-13)
(-6.12673e-09 -5.27325e-13 1.43827e-08)
(1.43751e-08 7.70418e-13 6.11482e-09)
(-1.67883e-12 1.56197e-08 8.26647e-13)
(-6.1257e-09 -9.88941e-13 1.43828e-08)
(1.43756e-08 7.04455e-13 6.1154e-09)
(-1.65797e-12 1.56194e-08 1.31966e-12)
(-6.12442e-09 -1.3562e-12 1.4383e-08)
(1.43761e-08 6.6868e-13 6.11578e-09)
(-1.65949e-12 1.56191e-08 1.67272e-12)
(-6.12296e-09 -1.62479e-12 1.43833e-08)
(1.43763e-08 6.63933e-13 6.116e-09)
(-1.69707e-12 1.56189e-08 1.89631e-12)
(-6.12144e-09 -1.77966e-12 1.43839e-08)
(-1.7271e-12 1.56184e-08 2.06307e-12)
(-6.11994e-09 -1.78152e-12 1.43846e-08)
(1.51052e-08 -2.03078e-10 2.92312e-10)
(-1.67098e-10 8.63788e-11 1.59659e-08)
(1.50883e-08 -7.111e-11 4.94034e-10)
(-4.52155e-10 2.18035e-10 1.57824e-08)
(1.50972e-08 -3.12387e-11 6.8948e-10)
(-6.82345e-10 2.86382e-10 1.58547e-08)
(1.50987e-08 -1.68115e-11 8.83839e-10)
(-9.05888e-10 3.2311e-10 1.58521e-08)
(1.5097e-08 -7.55251e-12 1.0777e-09)
(-1.12548e-09 3.42251e-10 1.58313e-08)
(1.50924e-08 -1.13346e-12 1.26989e-09)
(-1.33916e-09 3.50548e-10 1.58076e-08)
(1.50857e-08 3.15004e-12 1.45942e-09)
(-1.5463e-09 3.51974e-10 1.57816e-08)
(1.50771e-08 5.96521e-12 1.64558e-09)
(-1.74679e-09 3.49056e-10 1.57536e-08)
(1.5067e-08 7.81278e-12 1.82785e-09)
(-1.94071e-09 3.43426e-10 1.57241e-08)
(1.50554e-08 9.04062e-12 2.00589e-09)
(-2.12824e-09 3.36137e-10 1.56931e-08)
(1.50425e-08 9.87757e-12 2.17946e-09)
(-2.30957e-09 3.27866e-10 1.56608e-08)
(1.50283e-08 1.0467e-11 2.34842e-09)
(-2.4849e-09 3.19047e-10 1.56275e-08)
(1.50131e-08 1.08965e-11 2.5127e-09)
(-2.65441e-09 3.09952e-10 1.55933e-08)
(1.49968e-08 1.12191e-11 2.67227e-09)
(-2.81827e-09 3.00752e-10 1.55583e-08)
(1.49796e-08 1.14668e-11 2.82713e-09)
(-2.97661e-09 2.91553e-10 1.55227e-08)
(1.49617e-08 1.16594e-11 2.97729e-09)
(-3.12959e-09 2.82417e-10 1.54867e-08)
(1.49431e-08 1.18093e-11 3.12281e-09)
(-3.27732e-09 2.73383e-10 1.54503e-08)
(1.4924e-08 1.19249e-11 3.26373e-09)
(-3.41993e-09 2.64473e-10 1.54136e-08)
(1.49044e-08 1.20118e-11 3.40011e-09)
(-3.55751e-09 2.55701e-10 1.53769e-08)
(1.48845e-08 1.20741e-11 3.53202e-09)
(-3.69019e-09 2.47074e-10 1.53401e-08)
(1.48643e-08 1.21147e-11 3.65952e-09)
(-3.81807e-09 2.38596e-10 1.53034e-08)
(1.4844e-08 1.21361e-11 3.7827e-09)
(-3.94124e-09 2.30269e-10 1.52669e-08)
(1.48236e-08 1.214e-11 3.90162e-09)
(-4.05981e-09 2.22095e-10 1.52306e-08)
(1.48033e-08 1.21277e-11 4.01636e-09)
(-4.17388e-09 2.14074e-10 1.51947e-08)
(1.4783e-08 1.21006e-11 4.127e-09)
(-4.28354e-09 2.06206e-10 1.51592e-08)
(1.47628e-08 1.20594e-11 4.23361e-09)
(-4.3889e-09 1.98491e-10 1.51242e-08)
(1.47429e-08 1.2005e-11 4.33627e-09)
(-4.49006e-09 1.90929e-10 1.50898e-08)
(1.47232e-08 1.19379e-11 4.43506e-09)
(-4.58711e-09 1.8352e-10 1.50559e-08)
(1.47039e-08 1.18589e-11 4.53005e-09)
(-4.68016e-09 1.76264e-10 1.50227e-08)
(1.46849e-08 1.17683e-11 4.62134e-09)
(-4.76928e-09 1.6916e-10 1.49902e-08)
(1.46664e-08 1.16667e-11 4.70899e-09)
(-4.8546e-09 1.62209e-10 1.49584e-08)
(1.46483e-08 1.15546e-11 4.79308e-09)
(-4.93618e-09 1.55409e-10 1.49275e-08)
(1.46307e-08 1.14323e-11 4.8737e-09)
(-5.01415e-09 1.48761e-10 1.48973e-08)
(1.46136e-08 1.13003e-11 4.95092e-09)
(-5.08857e-09 1.42264e-10 1.4868e-08)
(1.4597e-08 1.11589e-11 5.02482e-09)
(-5.15956e-09 1.35918e-10 1.48396e-08)
(1.4581e-08 1.10086e-11 5.09547e-09)
(-5.2272e-09 1.29721e-10 1.48121e-08)
(1.45656e-08 1.08498e-11 5.16297e-09)
(-5.29158e-09 1.23675e-10 1.47854e-08)
(1.45508e-08 1.06828e-11 5.22737e-09)
(-5.35278e-09 1.17777e-10 1.47597e-08)
(1.45366e-08 1.0508e-11 5.28877e-09)
(-5.41091e-09 1.12028e-10 1.4735e-08)
(1.45231e-08 1.03257e-11 5.34724e-09)
(-5.46605e-09 1.06427e-10 1.47112e-08)
(1.45102e-08 1.01363e-11 5.40285e-09)
(-5.51828e-09 1.00973e-10 1.46883e-08)
(1.44979e-08 9.94014e-12 5.45568e-09)
(-5.56768e-09 9.56659e-11 1.46664e-08)
(1.44862e-08 9.73751e-12 5.5058e-09)
(-5.61436e-09 9.05051e-11 1.46454e-08)
(1.44752e-08 9.52873e-12 5.5533e-09)
(-5.65838e-09 8.54897e-11 1.46253e-08)
(1.44649e-08 9.31411e-12 5.59824e-09)
(-5.69983e-09 8.06192e-11 1.46062e-08)
(1.44551e-08 9.09395e-12 5.6407e-09)
(-5.73879e-09 7.5893e-11 1.45881e-08)
(1.4446e-08 8.86854e-12 5.68075e-09)
(-5.77535e-09 7.13105e-11 1.45708e-08)
(1.44375e-08 8.63816e-12 5.71847e-09)
(-5.80958e-09 6.68709e-11 1.45545e-08)
(1.44296e-08 8.40309e-12 5.75393e-09)
(-5.84156e-09 6.25737e-11 1.45391e-08)
(1.44224e-08 8.16358e-12 5.78721e-09)
(-5.87138e-09 5.84183e-11 1.45245e-08)
(1.44157e-08 7.91991e-12 5.81837e-09)
(-5.8991e-09 5.4404e-11 1.45108e-08)
(1.44095e-08 7.6723e-12 5.84748e-09)
(-5.92481e-09 5.05302e-11 1.4498e-08)
(1.44039e-08 7.42102e-12 5.87462e-09)
(-5.94858e-09 4.67963e-11 1.4486e-08)
(1.43989e-08 7.16628e-12 5.89986e-09)
(-5.97049e-09 4.32017e-11 1.44748e-08)
(1.43943e-08 6.90833e-12 5.92327e-09)
(-5.99061e-09 3.97458e-11 1.44644e-08)
(1.43903e-08 6.64738e-12 5.94492e-09)
(-6.00901e-09 3.64279e-11 1.44548e-08)
(1.43867e-08 6.38366e-12 5.96488e-09)
(-6.02577e-09 3.32476e-11 1.44459e-08)
(1.43835e-08 6.11736e-12 5.98322e-09)
(-6.04097e-09 3.02043e-11 1.44377e-08)
(1.43808e-08 5.84868e-12 6.00001e-09)
(-6.05466e-09 2.72973e-11 1.44302e-08)
(1.43785e-08 5.57784e-12 6.01531e-09)
(-6.06693e-09 2.45261e-11 1.44234e-08)
(1.43766e-08 5.30499e-12 6.0292e-09)
(-6.07785e-09 2.18903e-11 1.44172e-08)
(1.4375e-08 5.03033e-12 6.04175e-09)
(-6.08748e-09 1.93893e-11 1.44116e-08)
(1.43737e-08 4.75402e-12 6.05303e-09)
(-6.0959e-09 1.70225e-11 1.44066e-08)
(1.43728e-08 4.47622e-12 6.06309e-09)
(-6.10318e-09 1.47895e-11 1.44022e-08)
(1.43721e-08 4.19705e-12 6.07202e-09)
(-6.10938e-09 1.26899e-11 1.43983e-08)
(1.43717e-08 3.91664e-12 6.07987e-09)
(-6.11457e-09 1.07231e-11 1.4395e-08)
(1.43715e-08 3.63509e-12 6.08673e-09)
(-6.11883e-09 8.88892e-12 1.43921e-08)
(1.43715e-08 3.35252e-12 6.09264e-09)
(-6.12222e-09 7.18688e-12 1.43896e-08)
(1.43716e-08 3.06907e-12 6.09769e-09)
(-6.12482e-09 5.61674e-12 1.43876e-08)
(1.43719e-08 2.785e-12 6.10194e-09)
(-6.12667e-09 4.17829e-12 1.4386e-08)
(1.43723e-08 2.50085e-12 6.10545e-09)
(-6.12787e-09 2.8714e-12 1.43847e-08)
(1.43728e-08 2.21769e-12 6.10831e-09)
(-6.12846e-09 1.69602e-12 1.43837e-08)
(1.43734e-08 1.93764e-12 6.11057e-09)
(-6.12853e-09 6.52202e-13 1.43831e-08)
(1.4374e-08 1.66486e-12 6.1123e-09)
(-6.12812e-09 -2.60006e-13 1.43827e-08)
(1.43746e-08 1.40748e-12 6.1136e-09)
(-6.12732e-09 -1.04063e-12 1.43826e-08)
(1.43752e-08 1.18171e-12 6.11452e-09)
(-6.12618e-09 -1.69006e-12 1.43826e-08)
(1.43757e-08 1.01548e-12 6.11517e-09)
(-6.12478e-09 -2.20972e-12 1.43828e-08)
(1.43762e-08 9.27905e-13 6.11562e-09)
(-6.1232e-09 -2.6053e-12 1.43832e-08)
(1.43765e-08 8.79722e-13 6.1159e-09)
(-6.12159e-09 -2.8891e-12 1.43838e-08)
(-6.11989e-09 -3.02033e-12 1.43846e-08)
(1.53248e-08 1.17865e-10 2.49842e-10)
(-2.26128e-10 1.58072e-08 8.84887e-11)
(-8.36623e-12 -9.70144e-11 1.57746e-08)
(1.53079e-08 2.82931e-11 4.37014e-10)
(-5.88044e-11 1.57525e-08 2.14237e-10)
(-4.1063e-10 -2.34395e-10 1.57064e-08)
(1.53046e-08 8.62139e-12 6.44067e-10)
(-2.06835e-11 1.57371e-08 2.66678e-10)
(-6.73843e-10 -2.91905e-10 1.57521e-08)
(1.53e-08 5.64263e-12 8.48508e-10)
(-1.86917e-11 1.5726e-08 2.91908e-10)
(-9.0469e-10 -3.19722e-10 1.57506e-08)
(1.52945e-08 3.75103e-12 1.04827e-09)
(-2.09031e-11 1.57213e-08 3.03827e-10)
(-1.12604e-09 -3.34696e-10 1.57341e-08)
(1.5287e-08 2.05873e-12 1.24423e-09)
(-2.37592e-11 1.57198e-08 3.07245e-10)
(-1.33941e-09 -3.41198e-10 1.57131e-08)
(1.52772e-08 7.48586e-13 1.43649e-09)
(-2.67633e-11 1.57189e-08 3.05369e-10)
(-1.54556e-09 -3.41812e-10 1.56892e-08)
(1.52654e-08 -2.42796e-13 1.62487e-09)
(-2.96152e-11 1.5718e-08 3.00349e-10)
(-1.74492e-09 -3.3854e-10 1.56632e-08)
(1.52518e-08 -1.01278e-12 1.80911e-09)
(-3.22037e-11 1.57171e-08 2.93534e-10)
(-1.93774e-09 -3.32809e-10 1.56355e-08)
(1.52364e-08 -1.63989e-12 1.98897e-09)
(-3.4487e-11 1.5716e-08 2.85754e-10)
(-2.12422e-09 -3.25585e-10 1.56063e-08)
(1.52195e-08 -2.17519e-12 2.16426e-09)
(-3.64576e-11 1.57148e-08 2.77509e-10)
(-2.30457e-09 -3.17497e-10 1.5576e-08)
(1.52013e-08 -2.64685e-12 2.33484e-09)
(-3.81312e-11 1.57135e-08 2.69088e-10)
(-2.47901e-09 -3.08943e-10 1.55447e-08)
(1.51818e-08 -3.06913e-12 2.50065e-09)
(-3.95329e-11 1.57121e-08 2.60652e-10)
(-2.64772e-09 -3.00169e-10 1.55126e-08)
(1.51613e-08 -3.44925e-12 2.66163e-09)
(-4.06888e-11 1.57106e-08 2.52289e-10)
(-2.81085e-09 -2.91324e-10 1.54798e-08)
(1.51398e-08 -3.79136e-12 2.81779e-09)
(-4.16222e-11 1.5709e-08 2.44043e-10)
(-2.96857e-09 -2.82498e-10 1.54463e-08)
(1.51176e-08 -4.09852e-12 2.96915e-09)
(-4.23526e-11 1.57073e-08 2.35936e-10)
(-3.121e-09 -2.73743e-10 1.54125e-08)
(1.50947e-08 -4.37352e-12 3.11576e-09)
(-4.2896e-11 1.57056e-08 2.27976e-10)
(-3.26825e-09 -2.65088e-10 1.53782e-08)
(1.50713e-08 -4.61913e-12 3.25766e-09)
(-4.3266e-11 1.57038e-08 2.20169e-10)
(-3.41045e-09 -2.56551e-10 1.53437e-08)
(1.50475e-08 -4.83804e-12 3.39493e-09)
(-4.34743e-11 1.5702e-08 2.12514e-10)
(-3.5477e-09 -2.48141e-10 1.53091e-08)
(1.50234e-08 -5.03277e-12 3.52763e-09)
(-4.35315e-11 1.57001e-08 2.05012e-10)
(-3.6801e-09 -2.39864e-10 1.52745e-08)
(1.49991e-08 -5.20561e-12 3.65583e-09)
(-4.34474e-11 1.56982e-08 1.97664e-10)
(-3.80775e-09 -2.31723e-10 1.52399e-08)
(1.49747e-08 -5.35854e-12 3.77962e-09)
(-4.32317e-11 1.56963e-08 1.90467e-10)
(-3.93074e-09 -2.2372e-10 1.52054e-08)
(1.49502e-08 -5.49323e-12 3.89907e-09)
(-4.28934e-11 1.56944e-08 1.83423e-10)
(-4.04918e-09 -2.15855e-10 1.51712e-08)
(1.49258e-08 -5.6111e-12 4.01426e-09)
(-4.24419e-11 1.56925e-08 1.76531e-10)
(-4.16317e-09 -2.08131e-10 1.51373e-08)
(1.49016e-08 -5.7133e-12 4.12527e-09)
(-4.18859e-11 1.56905e-08 1.6979e-10)
(-4.27279e-09 -2.00547e-10 1.51038e-08)
(1.48775e-08 -5.80077e-12 4.23219e-09)
(-4.12341e-11 1.56885e-08 1.632e-10)
(-4.37815e-09 -1.93104e-10 1.50707e-08)
(1.48538e-08 -5.87433e-12 4.3351e-09)
(-4.04949e-11 1.56865e-08 1.5676e-10)
(-4.47934e-09 -1.85802e-10 1.50381e-08)
(1.48303e-08 -5.93465e-12 4.43408e-09)
(-3.96766e-11 1.56846e-08 1.50469e-10)
(-4.57645e-09 -1.78642e-10 1.50061e-08)
(1.48072e-08 -5.98233e-12 4.52921e-09)
(-3.8787e-11 1.56826e-08 1.44327e-10)
(-4.66958e-09 -1.71624e-10 1.49748e-08)
(1.47846e-08 -6.01791e-12 4.62058e-09)
(-3.78336e-11 1.56806e-08 1.38333e-10)
(-4.75883e-09 -1.64748e-10 1.49441e-08)
(1.47624e-08 -6.04187e-12 4.70827e-09)
(-3.68237e-11 1.56786e-08 1.32485e-10)
(-4.84429e-09 -1.58014e-10 1.49141e-08)
(1.47407e-08 -6.05467e-12 4.79236e-09)
(-3.57641e-11 1.56766e-08 1.26782e-10)
(-4.92605e-09 -1.51422e-10 1.48848e-08)
(1.47196e-08 -6.05675e-12 4.87293e-09)
(-3.46615e-11 1.56747e-08 1.21222e-10)
(-5.0042e-09 -1.44973e-10 1.48564e-08)
(1.46991e-08 -6.04853e-12 4.95008e-09)
(-3.35222e-11 1.56727e-08 1.15805e-10)
(-5.07884e-09 -1.38667e-10 1.48287e-08)
(1.46792e-08 -6.03041e-12 5.02387e-09)
(-3.23519e-11 1.56708e-08 1.10529e-10)
(-5.15006e-09 -1.32502e-10 1.48019e-08)
(1.46599e-08 -6.00279e-12 5.0944e-09)
(-3.11564e-11 1.56688e-08 1.05393e-10)
(-5.21794e-09 -1.2648e-10 1.4776e-08)
(1.46412e-08 -5.96607e-12 5.16174e-09)
(-2.9941e-11 1.56669e-08 1.00394e-10)
(-5.28257e-09 -1.20599e-10 1.47509e-08)
(1.46232e-08 -5.92062e-12 5.22597e-09)
(-2.87106e-11 1.5665e-08 9.55314e-11)
(-5.34405e-09 -1.14861e-10 1.47267e-08)
(1.46059e-08 -5.86682e-12 5.28718e-09)
(-2.74701e-11 1.56631e-08 9.08036e-11)
(-5.40245e-09 -1.09264e-10 1.47034e-08)
(1.45893e-08 -5.80503e-12 5.34544e-09)
(-2.6224e-11 1.56613e-08 8.6209e-11)
(-5.45788e-09 -1.03808e-10 1.4681e-08)
(1.45734e-08 -5.7356e-12 5.40084e-09)
(-2.49763e-11 1.56595e-08 8.17459e-11)
(-5.5104e-09 -9.84932e-11 1.46596e-08)
(1.45582e-08 -5.65888e-12 5.45344e-09)
(-2.37312e-11 1.56577e-08 7.74127e-11)
(-5.56011e-09 -9.3319e-11 1.4639e-08)
(1.45437e-08 -5.5752e-12 5.50334e-09)
(-2.24922e-11 1.56559e-08 7.3208e-11)
(-5.60709e-09 -8.82851e-11 1.46194e-08)
(1.453e-08 -5.48488e-12 5.55061e-09)
(-2.1263e-11 1.56541e-08 6.91302e-11)
(-5.65142e-09 -8.33911e-11 1.46006e-08)
(1.45169e-08 -5.38825e-12 5.59532e-09)
(-2.00467e-11 1.56524e-08 6.51777e-11)
(-5.69318e-09 -7.86366e-11 1.45828e-08)
(1.45045e-08 -5.28561e-12 5.63755e-09)
(-1.88463e-11 1.56507e-08 6.13492e-11)
(-5.73245e-09 -7.40213e-11 1.45659e-08)
(1.44928e-08 -5.17727e-12 5.67739e-09)
(-1.76648e-11 1.56491e-08 5.76431e-11)
(-5.76932e-09 -6.95448e-11 1.45498e-08)
(1.44818e-08 -5.06351e-12 5.71489e-09)
(-1.65047e-11 1.56475e-08 5.40582e-11)
(-5.80386e-09 -6.52065e-11 1.45346e-08)
(1.44715e-08 -4.94462e-12 5.75014e-09)
(-1.53685e-11 1.56459e-08 5.05929e-11)
(-5.83615e-09 -6.10062e-11 1.45203e-08)
(1.44618e-08 -4.82087e-12 5.78322e-09)
(-1.42584e-11 1.56444e-08 4.72461e-11)
(-5.86627e-09 -5.69434e-11 1.45068e-08)
(1.44528e-08 -4.69253e-12 5.81419e-09)
(-1.31766e-11 1.56429e-08 4.40164e-11)
(-5.89429e-09 -5.30176e-11 1.44942e-08)
(1.44444e-08 -4.55986e-12 5.84313e-09)
(-1.21249e-11 1.56414e-08 4.09027e-11)
(-5.92029e-09 -4.92284e-11 1.44824e-08)
(1.44366e-08 -4.4231e-12 5.87012e-09)
(-1.11051e-11 1.564e-08 3.79037e-11)
(-5.94435e-09 -4.55753e-11 1.44714e-08)
(1.44295e-08 -4.28251e-12 5.89521e-09)
(-1.01188e-11 1.56386e-08 3.50185e-11)
(-5.96654e-09 -4.2058e-11 1.44611e-08)
(1.44229e-08 -4.13831e-12 5.9185e-09)
(-9.16746e-12 1.56373e-08 3.22458e-11)
(-5.98693e-09 -3.86759e-11 1.44516e-08)
(1.44169e-08 -3.99074e-12 5.94004e-09)
(-8.25241e-12 1.5636e-08 2.95848e-11)
(-6.00559e-09 -3.54286e-11 1.44428e-08)
(1.44114e-08 -3.84003e-12 5.95992e-09)
(-7.37482e-12 1.56347e-08 2.70344e-11)
(-6.02261e-09 -3.23156e-11 1.44348e-08)
(1.44064e-08 -3.68637e-12 5.97819e-09)
(-6.53578e-12 1.56335e-08 2.45937e-11)
(-6.03805e-09 -2.93367e-11 1.44274e-08)
(1.44019e-08 -3.52999e-12 5.99494e-09)
(-5.73621e-12 1.56324e-08 2.22619e-11)
(-6.05198e-09 -2.64912e-11 1.44207e-08)
(1.43979e-08 -3.37109e-12 6.01023e-09)
(-4.97698e-12 1.56313e-08 2.00382e-11)
(-6.06448e-09 -2.37787e-11 1.44146e-08)
(1.43944e-08 -3.20985e-12 6.02412e-09)
(-4.2588e-12 1.56302e-08 1.79218e-11)
(-6.07561e-09 -2.11989e-11 1.44091e-08)
(1.43912e-08 -3.04646e-12 6.0367e-09)
(-3.58233e-12 1.56292e-08 1.5912e-11)
(-6.08545e-09 -1.87513e-11 1.44042e-08)
(1.43885e-08 -2.88111e-12 6.04803e-09)
(-2.94811e-12 1.56282e-08 1.40081e-11)
(-6.09406e-09 -1.64356e-11 1.43998e-08)
(1.43861e-08 -2.71396e-12 6.05818e-09)
(-2.35663e-12 1.56273e-08 1.22095e-11)
(-6.10151e-09 -1.42513e-11 1.4396e-08)
(1.43841e-08 -2.54517e-12 6.06721e-09)
(-1.80831e-12 1.56265e-08 1.05156e-11)
(-6.10788e-09 -1.2198e-11 1.43927e-08)
(1.43824e-08 -2.37487e-12 6.0752e-09)
(-1.30352e-12 1.56257e-08 8.92602e-12)
(-6.11324e-09 -1.02755e-11 1.43899e-08)
(1.4381e-08 -2.2032e-12 6.08221e-09)
(-8.42613e-13 1.56249e-08 7.44026e-12)
(-6.11764e-09 -8.48344e-12 1.43875e-08)
(1.43798e-08 -2.03029e-12 6.08831e-09)
(-4.2591e-13 1.56242e-08 6.05797e-12)
(-6.12116e-09 -6.82159e-12 1.43855e-08)
(1.43789e-08 -1.85631e-12 6.09358e-09)
(-5.37431e-14 1.56236e-08 4.7789e-12)
(-6.12387e-09 -5.28976e-12 1.43839e-08)
(1.43782e-08 -1.68151e-12 6.09807e-09)
(2.7357e-13 1.5623e-08 3.60292e-12)
(-6.12584e-09 -3.88776e-12 1.43826e-08)
(1.43777e-08 -1.50636e-12 6.10185e-09)
(5.55782e-13 1.56224e-08 2.53003e-12)
(-6.12712e-09 -2.61546e-12 1.43817e-08)
(1.43774e-08 -1.33175e-12 6.105e-09)
(7.9287e-13 1.56219e-08 1.56036e-12)
(-6.1278e-09 -1.47261e-12 1.43811e-08)
(1.43771e-08 -1.15943e-12 6.10757e-09)
(9.85378e-13 1.56215e-08 6.94188e-13)
(-6.12793e-09 -4.5868e-13 1.43807e-08)
(1.4377e-08 -9.92883e-13 6.10964e-09)
(1.13517e-12 1.56211e-08 -6.81703e-14)
(-6.12759e-09 4.27503e-13 1.43806e-08)
(1.4377e-08 -8.38932e-13 6.11127e-09)
(1.24689e-12 1.56208e-08 -7.26551e-13)
(-6.12684e-09 1.18853e-12 1.43806e-08)
(1.4377e-08 -7.11334e-13 6.11253e-09)
(1.33061e-12 1.56205e-08 -1.28134e-12)
(-6.12575e-09 1.82981e-12 1.43809e-08)
(1.43771e-08 -6.32133e-13 6.11348e-09)
(1.40738e-12 1.56203e-08 -1.73395e-12)
(-6.12438e-09 2.36177e-12 1.43813e-08)
(1.43773e-08 -6.02381e-13 6.11416e-09)
(1.50964e-12 1.56201e-08 -2.09285e-12)
(-6.12279e-09 2.80372e-12 1.43818e-08)
(1.43773e-08 -5.54762e-13 6.11459e-09)
(1.63731e-12 1.56199e-08 -2.40366e-12)
(-6.12104e-09 3.17683e-12 1.43826e-08)
(1.7319e-12 1.56193e-08 -2.74513e-12)
(-6.11875e-09 3.37515e-12 1.43835e-08)
(1.53651e-08 2.96e-11 1.88812e-10)
(-1.22501e-10 1.57672e-08 4.90106e-11)
(-1.31826e-10 -2.73065e-11 1.57387e-08)
(1.53102e-08 2.78605e-11 4.06529e-10)
(-4.80593e-11 1.57355e-08 1.25335e-10)
(-4.82422e-10 -8.81005e-11 1.57445e-08)
(1.53015e-08 2.01527e-11 6.26259e-10)
(-2.32678e-11 1.57311e-08 1.66594e-10)
(-7.14069e-10 -1.44486e-10 1.57564e-08)
(1.52974e-08 1.38522e-11 8.38e-10)
(-1.69178e-11 1.57234e-08 1.88909e-10)
(-9.28815e-10 -1.82326e-10 1.57503e-08)
(1.52924e-08 9.46118e-12 1.04323e-09)
(-1.57375e-11 1.57195e-08 1.99913e-10)
(-1.13981e-09 -2.05795e-10 1.57355e-08)
(1.52853e-08 6.37132e-12 1.24316e-09)
(-1.65368e-11 1.57181e-08 2.03789e-10)
(-1.34598e-09 -2.1949e-10 1.5716e-08)
(1.52758e-08 4.19806e-12 1.43815e-09)
(-1.80943e-11 1.5717e-08 2.03344e-10)
(-1.54725e-09 -2.2646e-10 1.56932e-08)
(1.52642e-08 2.66388e-12 1.62831e-09)
(-1.98285e-11 1.57159e-08 2.00381e-10)
(-1.74342e-09 -2.28837e-10 1.56679e-08)
(1.52506e-08 1.56419e-12 1.81368e-09)
(-2.15032e-11 1.57147e-08 1.96002e-10)
(-1.93419e-09 -2.28129e-10 1.56406e-08)
(1.52352e-08 7.58294e-13 1.99421e-09)
(-2.30212e-11 1.57135e-08 1.90873e-10)
(-2.11941e-09 -2.25377e-10 1.56118e-08)
(1.52183e-08 1.51307e-13 2.16988e-09)
(-2.43476e-11 1.57123e-08 1.85384e-10)
(-2.29902e-09 -2.213e-10 1.55817e-08)
(1.52e-08 -3.20005e-13 2.34065e-09)
(-2.54798e-11 1.57109e-08 1.79758e-10)
(-2.47304e-09 -2.16386e-10 1.55505e-08)
(1.51805e-08 -6.97201e-13 2.50652e-09)
(-2.64294e-11 1.57095e-08 1.74118e-10)
(-2.64154e-09 -2.10961e-10 1.55183e-08)
(1.51599e-08 -1.0074e-12 2.6675e-09)
(-2.72122e-11 1.5708e-08 1.68526e-10)
(-2.8046e-09 -2.05244e-10 1.54854e-08)
(1.51384e-08 -1.2684e-12 2.82362e-09)
(-2.78435e-11 1.57065e-08 1.63016e-10)
(-2.96231e-09 -1.99375e-10 1.54519e-08)
(1.51162e-08 -1.49203e-12 2.97491e-09)
(-2.8337e-11 1.57049e-08 1.576e-10)
(-3.11479e-09 -1.93446e-10 1.54179e-08)
(1.50932e-08 -1.6864e-12 3.12143e-09)
(-2.8704e-11 1.57033e-08 1.52286e-10)
(-3.26212e-09 -1.87514e-10 1.53836e-08)
(1.50698e-08 -1.85723e-12 3.26324e-09)
(-2.89538e-11 1.57016e-08 1.47075e-10)
(-3.40441e-09 -1.81618e-10 1.5349e-08)
(1.5046e-08 -2.00869e-12 3.40041e-09)
(-2.90949e-11 1.56998e-08 1.41966e-10)
(-3.54176e-09 -1.75779e-10 1.53142e-08)
(1.50218e-08 -2.14393e-12 3.533e-09)
(-2.91344e-11 1.56981e-08 1.36961e-10)
(-3.67426e-09 -1.70012e-10 1.52794e-08)
(1.49975e-08 -2.26531e-12 3.66111e-09)
(-2.90792e-11 1.56963e-08 1.32058e-10)
(-3.80202e-09 -1.64326e-10 1.52447e-08)
(1.4973e-08 -2.3747e-12 3.78479e-09)
(-2.89358e-11 1.56944e-08 1.27256e-10)
(-3.92512e-09 -1.58726e-10 1.52101e-08)
(1.49486e-08 -2.4735e-12 3.90413e-09)
(-2.87104e-11 1.56926e-08 1.22556e-10)
(-4.04367e-09 -1.53217e-10 1.51758e-08)
(1.49242e-08 -2.56281e-12 4.01922e-09)
(-2.84091e-11 1.56907e-08 1.17957e-10)
(-4.15776e-09 -1.47799e-10 1.51418e-08)
(1.48999e-08 -2.64348e-12 4.13013e-09)
(-2.8038e-11 1.56888e-08 1.13459e-10)
(-4.26749e-09 -1.42476e-10 1.51081e-08)
(1.48759e-08 -2.71615e-12 4.23695e-09)
(-2.76028e-11 1.56869e-08 1.09061e-10)
(-4.37295e-09 -1.37247e-10 1.50749e-08)
(1.48521e-08 -2.78131e-12 4.33975e-09)
(-2.71092e-11 1.5685e-08 1.04764e-10)
(-4.47424e-09 -1.32114e-10 1.50422e-08)
(1.48286e-08 -2.83936e-12 4.43862e-09)
(-2.65627e-11 1.56831e-08 1.00566e-10)
(-4.57145e-09 -1.27077e-10 1.50101e-08)
(1.48055e-08 -2.8906e-12 4.53365e-09)
(-2.59684e-11 1.56812e-08 9.64663e-11)
(-4.66469e-09 -1.22137e-10 1.49787e-08)
(1.47829e-08 -2.93527e-12 4.62492e-09)
(-2.53315e-11 1.56793e-08 9.24652e-11)
(-4.75404e-09 -1.17294e-10 1.49479e-08)
(1.47607e-08 -2.97357e-12 4.71251e-09)
(-2.46567e-11 1.56773e-08 8.85616e-11)
(-4.8396e-09 -1.12548e-10 1.49178e-08)
(1.47391e-08 -3.00569e-12 4.7965e-09)
(-2.39488e-11 1.56754e-08 8.47545e-11)
(-4.92146e-09 -1.079e-10 1.48884e-08)
(1.4718e-08 -3.03179e-12 4.87697e-09)
(-2.3212e-11 1.56735e-08 8.10432e-11)
(-4.99971e-09 -1.03349e-10 1.48599e-08)
(1.46974e-08 -3.052e-12 4.95402e-09)
(-2.24506e-11 1.56716e-08 7.74267e-11)
(-5.07444e-09 -9.88971e-11 1.48321e-08)
(1.46775e-08 -3.06649e-12 5.02771e-09)
(-2.16685e-11 1.56697e-08 7.39041e-11)
(-5.14576e-09 -9.45429e-11 1.48052e-08)
(1.46582e-08 -3.07539e-12 5.09814e-09)
(-2.08695e-11 1.56678e-08 7.04743e-11)
(-5.21373e-09 -9.02868e-11 1.47792e-08)
(1.46396e-08 -3.07883e-12 5.16539e-09)
(-2.00571e-11 1.5666e-08 6.71363e-11)
(-5.27846e-09 -8.6129e-11 1.4754e-08)
(1.46217e-08 -3.07696e-12 5.22952e-09)
(-1.92347e-11 1.56641e-08 6.38892e-11)
(-5.34004e-09 -8.20694e-11 1.47297e-08)
(1.46044e-08 -3.06992e-12 5.29064e-09)
(-1.84054e-11 1.56623e-08 6.07318e-11)
(-5.39854e-09 -7.8108e-11 1.47063e-08)
(1.45878e-08 -3.05784e-12 5.3488e-09)
(-1.75723e-11 1.56605e-08 5.7663e-11)
(-5.45406e-09 -7.42447e-11 1.46839e-08)
(1.45719e-08 -3.04087e-12 5.40411e-09)
(-1.67381e-11 1.56587e-08 5.4682e-11)
(-5.50668e-09 -7.04795e-11 1.46623e-08)
(1.45568e-08 -3.01915e-12 5.45662e-09)
(-1.59056e-11 1.56569e-08 5.17876e-11)
(-5.55648e-09 -6.68123e-11 1.46416e-08)
(1.45423e-08 -2.99281e-12 5.50643e-09)
(-1.50771e-11 1.56552e-08 4.89787e-11)
(-5.60355e-09 -6.32429e-11 1.46219e-08)
(1.45285e-08 -2.96201e-12 5.5536e-09)
(-1.42551e-11 1.56535e-08 4.62545e-11)
(-5.64798e-09 -5.97713e-11 1.46031e-08)
(1.45155e-08 -2.92687e-12 5.59823e-09)
(-1.34417e-11 1.56518e-08 4.36138e-11)
(-5.68983e-09 -5.63973e-11 1.45852e-08)
(1.45032e-08 -2.88755e-12 5.64037e-09)
(-1.26389e-11 1.56501e-08 4.10557e-11)
(-5.7292e-09 -5.31207e-11 1.45681e-08)
(1.44915e-08 -2.84418e-12 5.68011e-09)
(-1.18486e-11 1.56485e-08 3.85793e-11)
(-5.76616e-09 -4.99413e-11 1.4552e-08)
(1.44805e-08 -2.7969e-12 5.71753e-09)
(-1.10726e-11 1.56469e-08 3.61837e-11)
(-5.80079e-09 -4.6859e-11 1.45367e-08)
(1.44702e-08 -2.74585e-12 5.7527e-09)
(-1.03125e-11 1.56454e-08 3.38679e-11)
(-5.83318e-09 -4.38736e-11 1.45223e-08)
(1.44606e-08 -2.69117e-12 5.78568e-09)
(-9.5698e-12 1.56439e-08 3.1631e-11)
(-5.86339e-09 -4.09848e-11 1.45088e-08)
(1.44516e-08 -2.63299e-12 5.81657e-09)
(-8.84596e-12 1.56424e-08 2.94724e-11)
(-5.8915e-09 -3.81924e-11 1.44961e-08)
(1.44433e-08 -2.57147e-12 5.84543e-09)
(-8.14222e-12 1.5641e-08 2.73911e-11)
(-5.9176e-09 -3.54962e-11 1.44842e-08)
(1.44356e-08 -2.50672e-12 5.87233e-09)
(-7.45977e-12 1.56396e-08 2.53863e-11)
(-5.94175e-09 -3.28961e-11 1.44731e-08)
(1.44285e-08 -2.4389e-12 5.89734e-09)
(-6.79967e-12 1.56382e-08 2.34575e-11)
(-5.96403e-09 -3.03917e-11 1.44627e-08)
(1.44219e-08 -2.36812e-12 5.92054e-09)
(-6.16291e-12 1.56369e-08 2.16037e-11)
(-5.98451e-09 -2.79828e-11 1.44532e-08)
(1.44159e-08 -2.29454e-12 5.942e-09)
(-5.55037e-12 1.56356e-08 1.98245e-11)
(-6.00327e-09 -2.56691e-11 1.44443e-08)
(1.44105e-08 -2.21827e-12 5.9618e-09)
(-4.96285e-12 1.56344e-08 1.81191e-11)
(-6.02038e-09 -2.34506e-11 1.44362e-08)
(1.44056e-08 -2.13945e-12 5.97999e-09)
(-4.40106e-12 1.56332e-08 1.6487e-11)
(-6.03591e-09 -2.13268e-11 1.44287e-08)
(1.44011e-08 -2.05822e-12 5.99665e-09)
(-3.86565e-12 1.56321e-08 1.49275e-11)
(-6.04994e-09 -1.92976e-11 1.44219e-08)
(1.43972e-08 -1.97469e-12 6.01186e-09)
(-3.35717e-12 1.5631e-08 1.34403e-11)
(-6.06252e-09 -1.73627e-11 1.44158e-08)
(1.43936e-08 -1.889e-12 6.02567e-09)
(-2.87612e-12 1.563e-08 1.20246e-11)
(-6.07375e-09 -1.55219e-11 1.44102e-08)
(1.43906e-08 -1.80127e-12 6.03817e-09)
(-2.42293e-12 1.5629e-08 1.06801e-11)
(-6.08368e-09 -1.37749e-11 1.44052e-08)
(1.43879e-08 -1.71162e-12 6.04942e-09)
(-1.99799e-12 1.5628e-08 9.4064e-12)
(-6.09238e-09 -1.21216e-11 1.44008e-08)
(1.43855e-08 -1.6202e-12 6.05948e-09)
(-1.60162e-12 1.56272e-08 8.20301e-12)
(-6.09993e-09 -1.05617e-11 1.43969e-08)
(1.43836e-08 -1.52712e-12 6.06844e-09)
(-1.23411e-12 1.56263e-08 7.0696e-12)
(-6.1064e-09 -9.095e-12 1.43936e-08)
(1.43819e-08 -1.43253e-12 6.07635e-09)
(-8.95735e-13 1.56255e-08 6.00585e-12)
(-6.11184e-09 -7.72126e-12 1.43906e-08)
(1.43805e-08 -1.33662e-12 6.08328e-09)
(-5.86744e-13 1.56248e-08 5.0115e-12)
(-6.11634e-09 -6.4403e-12 1.43882e-08)
(1.43794e-08 -1.23959e-12 6.0893e-09)
(-3.07388e-13 1.56241e-08 4.08633e-12)
(-6.11996e-09 -5.25192e-12 1.43861e-08)
(1.43786e-08 -1.14177e-12 6.09449e-09)
(-5.79248e-14 1.56234e-08 3.23022e-12)
(-6.12276e-09 -4.15588e-12 1.43845e-08)
(1.43779e-08 -1.04364e-12 6.0989e-09)
(1.61396e-13 1.56229e-08 2.44314e-12)
(-6.12482e-09 -3.15191e-12 1.43831e-08)
(1.43774e-08 -9.45915e-13 6.1026e-09)
(3.50385e-13 1.56223e-08 1.72516e-12)
(-6.1262e-09 -2.23966e-12 1.43822e-08)
(1.43771e-08 -8.49751e-13 6.10567e-09)
(5.09038e-13 1.56219e-08 1.07646e-12)
(-6.12697e-09 -1.41859e-12 1.43815e-08)
(1.43769e-08 -7.56893e-13 6.10817e-09)
(6.37829e-13 1.56214e-08 4.97293e-13)
(-6.1272e-09 -6.87957e-13 1.43811e-08)
(1.43768e-08 -6.69944e-13 6.11016e-09)
(7.38258e-13 1.56211e-08 -1.21229e-14)
(-6.12695e-09 -4.66871e-14 1.43809e-08)
(1.43768e-08 -5.92589e-13 6.11172e-09)
(8.13782e-13 1.56208e-08 -4.51867e-13)
(-6.1263e-09 5.06515e-13 1.43809e-08)
(1.43769e-08 -5.29413e-13 6.11291e-09)
(8.71219e-13 1.56205e-08 -8.2285e-13)
(-6.1253e-09 9.72643e-13 1.43811e-08)
(1.4377e-08 -4.8479e-13 6.1138e-09)
(9.22668e-13 1.56203e-08 -1.1277e-12)
(-6.12402e-09 1.35054e-12 1.43815e-08)
(1.43771e-08 -4.62268e-13 6.11444e-09)
(9.83962e-13 1.56201e-08 -1.3743e-12)
(-6.12252e-09 1.63108e-12 1.4382e-08)
(1.4377e-08 -4.62703e-13 6.11485e-09)
(1.06109e-12 1.56199e-08 -1.58444e-12)
(-6.12085e-09 1.78362e-12 1.43827e-08)
(1.1557e-12 1.56194e-08 -1.779e-12)
(-6.11882e-09 1.73761e-12 1.43835e-08)
(1.53825e-08 1.08737e-11 1.75226e-10)
(-5.43736e-11 1.57478e-08 2.21303e-11)
(-1.67743e-10 -8.86156e-12 1.57363e-08)
(1.53187e-08 1.4974e-11 3.92179e-10)
(-2.55726e-11 1.5715e-08 5.82068e-11)
(-5.32276e-10 -3.50675e-11 1.57612e-08)
(1.53034e-08 1.31944e-11 6.14949e-10)
(-1.37672e-11 1.57201e-08 7.99374e-11)
(-7.52049e-10 -6.73257e-11 1.57682e-08)
(1.52975e-08 1.00961e-11 8.30126e-10)
(-9.84209e-12 1.57186e-08 9.23716e-11)
(-9.53938e-10 -9.29673e-11 1.57561e-08)
(1.52926e-08 7.39227e-12 1.03839e-09)
(-8.62103e-12 1.57177e-08 9.88026e-11)
(-1.15558e-09 -1.10563e-10 1.57384e-08)
(1.52857e-08 5.28368e-12 1.24078e-09)
(-8.62105e-12 1.57176e-08 1.01326e-10)
(-1.35515e-09 -1.21803e-10 1.5718e-08)
(1.52765e-08 3.70454e-12 1.43763e-09)
(-9.19008e-12 1.5717e-08 1.01435e-10)
(-1.55183e-09 -1.28388e-10 1.5695e-08)
(1.5265e-08 2.54688e-12 1.62914e-09)
(-9.96149e-12 1.5716e-08 1.00127e-10)
(-1.74485e-09 -1.31649e-10 1.56698e-08)
(1.52514e-08 1.70331e-12 1.81542e-09)
(-1.07601e-11 1.57148e-08 9.80226e-11)
(-1.93351e-09 -1.32588e-10 1.56427e-08)
(1.52361e-08 1.08621e-12 1.99656e-09)
(-1.15068e-11 1.57135e-08 9.54958e-11)
(-2.11733e-09 -1.31932e-10 1.5614e-08)
(1.52191e-08 6.29422e-13 2.17261e-09)
(-1.21691e-11 1.57121e-08 9.2766e-11)
(-2.29604e-09 -1.30201e-10 1.5584e-08)
(1.52007e-08 2.84837e-13 2.34361e-09)
(-1.27385e-11 1.57107e-08 8.9957e-11)
(-2.46949e-09 -1.27763e-10 1.55528e-08)
(1.51811e-08 1.85987e-14 2.5096e-09)
(-1.32176e-11 1.57093e-08 8.71363e-11)
(-2.63765e-09 -1.24872e-10 1.55207e-08)
(1.51605e-08 -1.92568e-13 2.67063e-09)
(-1.3613e-11 1.57078e-08 8.43389e-11)
(-2.80052e-09 -1.21702e-10 1.54878e-08)
(1.51389e-08 -3.64435e-13 2.82676e-09)
(-1.39321e-11 1.57062e-08 8.15819e-11)
(-2.95814e-09 -1.18369e-10 1.54543e-08)
(1.51165e-08 -5.0764e-13 2.97803e-09)
(-1.41815e-11 1.57046e-08 7.8873e-11)
(-3.11059e-09 -1.14952e-10 1.54203e-08)
(1.50935e-08 -6.29386e-13 3.12451e-09)
(-1.43671e-11 1.5703e-08 7.62151e-11)
(-3.25793e-09 -1.11501e-10 1.53859e-08)
(1.507e-08 -7.3462e-13 3.26628e-09)
(-1.44937e-11 1.57013e-08 7.36091e-11)
(-3.40026e-09 -1.08049e-10 1.53513e-08)
(1.50461e-08 -8.26806e-13 3.4034e-09)
(-1.45655e-11 1.56995e-08 7.10549e-11)
(-3.53765e-09 -1.04616e-10 1.53165e-08)
(1.50219e-08 -9.08421e-13 3.53594e-09)
(-1.45864e-11 1.56978e-08 6.85521e-11)
(-3.67021e-09 -1.01216e-10 1.52817e-08)
(1.49975e-08 -9.81283e-13 3.66398e-09)
(-1.45598e-11 1.5696e-08 6.61005e-11)
(-3.79803e-09 -9.78583e-11 1.5247e-08)
(1.4973e-08 -1.04674e-12 3.78761e-09)
(-1.44888e-11 1.56942e-08 6.36998e-11)
(-3.9212e-09 -9.45469e-11 1.52123e-08)
(1.49485e-08 -1.10582e-12 3.90689e-09)
(-1.43768e-11 1.56923e-08 6.13498e-11)
(-4.03982e-09 -9.12858e-11 1.5178e-08)
(1.4924e-08 -1.1593e-12 4.02192e-09)
(-1.42268e-11 1.56905e-08 5.90502e-11)
(-4.15398e-09 -8.8077e-11 1.51439e-08)
(1.48997e-08 -1.20776e-12 4.13277e-09)
(-1.40418e-11 1.56886e-08 5.6801e-11)
(-4.26377e-09 -8.4922e-11 1.51102e-08)
(1.48756e-08 -1.25166e-12 4.23952e-09)
(-1.38246e-11 1.56867e-08 5.46019e-11)
(-4.36931e-09 -8.18218e-11 1.5077e-08)
(1.48517e-08 -1.29135e-12 4.34227e-09)
(-1.35781e-11 1.56848e-08 5.24527e-11)
(-4.47067e-09 -7.8777e-11 1.50442e-08)
(1.48282e-08 -1.32708e-12 4.44108e-09)
(-1.33051e-11 1.56829e-08 5.03531e-11)
(-4.56795e-09 -7.57882e-11 1.50121e-08)
(1.48051e-08 -1.35906e-12 4.53605e-09)
(-1.30082e-11 1.5681e-08 4.83029e-11)
(-4.66126e-09 -7.28558e-11 1.49806e-08)
(1.47825e-08 -1.38746e-12 4.62726e-09)
(-1.26899e-11 1.56791e-08 4.63017e-11)
(-4.75068e-09 -6.99801e-11 1.49497e-08)
(1.47603e-08 -1.41241e-12 4.71479e-09)
(-1.23526e-11 1.56772e-08 4.43491e-11)
(-4.83631e-09 -6.71613e-11 1.49196e-08)
(1.47386e-08 -1.43401e-12 4.79872e-09)
(-1.19987e-11 1.56753e-08 4.24448e-11)
(-4.91823e-09 -6.43998e-11 1.48902e-08)
(1.47175e-08 -1.45237e-12 4.87914e-09)
(-1.16303e-11 1.56733e-08 4.05882e-11)
(-4.99655e-09 -6.16956e-11 1.48616e-08)
(1.46969e-08 -1.46755e-12 4.95613e-09)
(-1.12495e-11 1.56715e-08 3.8779e-11)
(-5.07136e-09 -5.9049e-11 1.48338e-08)
(1.4677e-08 -1.47965e-12 5.02977e-09)
(-1.08583e-11 1.56696e-08 3.70167e-11)
(-5.14274e-09 -5.64601e-11 1.48069e-08)
(1.46577e-08 -1.48874e-12 5.10014e-09)
(-1.04586e-11 1.56677e-08 3.53007e-11)
(-5.21078e-09 -5.39289e-11 1.47808e-08)
(1.46391e-08 -1.4949e-12 5.16733e-09)
(-1.00522e-11 1.56658e-08 3.36305e-11)
(-5.27558e-09 -5.14555e-11 1.47556e-08)
(1.46211e-08 -1.49818e-12 5.23141e-09)
(-9.64076e-12 1.5664e-08 3.20057e-11)
(-5.33722e-09 -4.904e-11 1.47313e-08)
(1.46038e-08 -1.49868e-12 5.29247e-09)
(-9.22583e-12 1.56622e-08 3.04258e-11)
(-5.3958e-09 -4.66824e-11 1.47078e-08)
(1.45872e-08 -1.49645e-12 5.35059e-09)
(-8.80893e-12 1.56604e-08 2.88901e-11)
(-5.45138e-09 -4.43828e-11 1.46853e-08)
(1.45713e-08 -1.49158e-12 5.40584e-09)
(-8.39148e-12 1.56586e-08 2.73982e-11)
(-5.50407e-09 -4.21411e-11 1.46637e-08)
(1.45562e-08 -1.48414e-12 5.4583e-09)
(-7.9748e-12 1.56568e-08 2.59496e-11)
(-5.55394e-09 -3.99574e-11 1.4643e-08)
(1.45417e-08 -1.47419e-12 5.50806e-09)
(-7.56013e-12 1.56551e-08 2.45437e-11)
(-5.60108e-09 -3.78315e-11 1.46232e-08)
(1.4528e-08 -1.46182e-12 5.55519e-09)
(-7.14865e-12 1.56534e-08 2.31802e-11)
(-5.64557e-09 -3.57635e-11 1.46044e-08)
(1.45149e-08 -1.4471e-12 5.59976e-09)
(-6.74143e-12 1.56517e-08 2.18583e-11)
(-5.68749e-09 -3.37533e-11 1.45864e-08)
(1.45026e-08 -1.43009e-12 5.64185e-09)
(-6.3395e-12 1.56501e-08 2.05778e-11)
(-5.72692e-09 -3.18008e-11 1.45693e-08)
(1.44909e-08 -1.41089e-12 5.68155e-09)
(-5.94381e-12 1.56485e-08 1.9338e-11)
(-5.76395e-09 -2.9906e-11 1.45532e-08)
(1.448e-08 -1.38956e-12 5.71892e-09)
(-5.55524e-12 1.56469e-08 1.81387e-11)
(-5.79865e-09 -2.80687e-11 1.45379e-08)
(1.44697e-08 -1.36617e-12 5.75404e-09)
(-5.17462e-12 1.56453e-08 1.69792e-11)
(-5.8311e-09 -2.62889e-11 1.45234e-08)
(1.44601e-08 -1.3408e-12 5.78698e-09)
(-4.80269e-12 1.56438e-08 1.58592e-11)
(-5.86138e-09 -2.45666e-11 1.45098e-08)
(1.44511e-08 -1.31352e-12 5.81782e-09)
(-4.44016e-12 1.56424e-08 1.47783e-11)
(-5.88956e-09 -2.29015e-11 1.44971e-08)
(1.44428e-08 -1.28441e-12 5.84663e-09)
(-4.08768e-12 1.56409e-08 1.37361e-11)
(-5.91572e-09 -2.12935e-11 1.44851e-08)
(1.44351e-08 -1.25354e-12 5.87348e-09)
(-3.74583e-12 1.56395e-08 1.27322e-11)
(-5.93993e-09 -1.97427e-11 1.4474e-08)
(1.4428e-08 -1.22098e-12 5.89845e-09)
(-3.41516e-12 1.56382e-08 1.17662e-11)
(-5.96228e-09 -1.82488e-11 1.44636e-08)
(1.44215e-08 -1.18681e-12 5.92161e-09)
(-3.09615e-12 1.56369e-08 1.08378e-11)
(-5.98283e-09 -1.68117e-11 1.4454e-08)
(1.44155e-08 -1.1511e-12 5.94303e-09)
(-2.78925e-12 1.56356e-08 9.94659e-12)
(-6.00165e-09 -1.54314e-11 1.44451e-08)
(1.44101e-08 -1.11391e-12 5.96278e-09)
(-2.49487e-12 1.56344e-08 9.09238e-12)
(-6.01883e-09 -1.41076e-11 1.44369e-08)
(1.44052e-08 -1.07533e-12 5.98093e-09)
(-2.21335e-12 1.56332e-08 8.27481e-12)
(-6.03442e-09 -1.28403e-11 1.44294e-08)
(1.44008e-08 -1.03541e-12 5.99755e-09)
(-1.94503e-12 1.56321e-08 7.4936e-12)
(-6.04851e-09 -1.16293e-11 1.44226e-08)
(1.43968e-08 -9.94238e-13 6.01271e-09)
(-1.69018e-12 1.5631e-08 6.74849e-12)
(-6.06117e-09 -1.04746e-11 1.44164e-08)
(1.43933e-08 -9.51874e-13 6.02649e-09)
(-1.44905e-12 1.563e-08 6.03923e-12)
(-6.07246e-09 -9.37596e-12 1.44108e-08)
(1.43902e-08 -9.08392e-13 6.03894e-09)
(-1.22187e-12 1.5629e-08 5.36558e-12)
(-6.08245e-09 -8.33329e-12 1.44058e-08)
(1.43876e-08 -8.63865e-13 6.05015e-09)
(-1.00883e-12 1.5628e-08 4.72734e-12)
(-6.09122e-09 -7.34647e-12 1.44014e-08)
(1.43853e-08 -8.18369e-13 6.06017e-09)
(-8.10091e-13 1.56271e-08 4.12431e-12)
(-6.09884e-09 -6.41537e-12 1.43974e-08)
(1.43833e-08 -7.71991e-13 6.06908e-09)
(-6.25809e-13 1.56263e-08 3.5563e-12)
(-6.10536e-09 -5.53989e-12 1.4394e-08)
(1.43817e-08 -7.24834e-13 6.07695e-09)
(-4.56124e-13 1.56255e-08 3.02318e-12)
(-6.11088e-09 -4.7199e-12 1.43911e-08)
(1.43803e-08 -6.77029e-13 6.08384e-09)
(-3.01168e-13 1.56248e-08 2.5248e-12)
(-6.11544e-09 -3.95527e-12 1.43886e-08)
(1.43792e-08 -6.28759e-13 6.08982e-09)
(-1.6108e-13 1.56241e-08 2.06107e-12)
(-6.11912e-09 -3.24585e-12 1.43865e-08)
(1.43784e-08 -5.80284e-13 6.09496e-09)
(-3.60002e-14 1.56235e-08 1.63196e-12)
(-6.12199e-09 -2.59147e-12 1.43848e-08)
(1.43778e-08 -5.31985e-13 6.09933e-09)
(7.39367e-14 1.56229e-08 1.23746e-12)
(-6.12411e-09 -1.99191e-12 1.43834e-08)
(1.43773e-08 -4.84416e-13 6.103e-09)
(1.68633e-13 1.56223e-08 8.77623e-13)
(-6.12556e-09 -1.44688e-12 1.43824e-08)
(1.4377e-08 -4.38368e-13 6.10603e-09)
(2.48103e-13 1.56219e-08 5.52572e-13)
(-6.12639e-09 -9.56002e-13 1.43817e-08)
(1.43768e-08 -3.94928e-13 6.10849e-09)
(3.12629e-13 1.56214e-08 2.62441e-13)
(-6.12669e-09 -5.18824e-13 1.43813e-08)
(1.43767e-08 -3.55494e-13 6.11044e-09)
(3.6304e-13 1.56211e-08 7.31341e-15)
(-6.1265e-09 -1.34904e-13 1.4381e-08)
(1.43768e-08 -3.21689e-13 6.11197e-09)
(4.0113e-13 1.56208e-08 -2.12957e-13)
(-6.12591e-09 1.95891e-13 1.4381e-08)
(1.43768e-08 -2.95041e-13 6.11313e-09)
(4.30255e-13 1.56205e-08 -3.9905e-13)
(-6.12498e-09 4.72652e-13 1.43812e-08)
(1.43769e-08 -2.76887e-13 6.114e-09)
(4.55937e-13 1.56203e-08 -5.52671e-13)
(-6.12377e-09 6.91786e-13 1.43816e-08)
(1.4377e-08 -2.69532e-13 6.11462e-09)
(4.84528e-13 1.56201e-08 -6.78207e-13)
(-6.12236e-09 8.43717e-13 1.4382e-08)
(1.43769e-08 -2.73663e-13 6.11503e-09)
(5.19317e-13 1.56199e-08 -7.84829e-13)
(-6.12079e-09 9.0911e-13 1.43826e-08)
(5.66768e-13 1.56195e-08 -8.78013e-13)
(-6.11895e-09 8.64e-13 1.43834e-08)
(1.53853e-08 2.94694e-12 1.71388e-10)
(-4.33612e-20 1.57422e-08 4.37472e-20)
(-1.79069e-10 -2.55152e-12 1.57356e-08)
(1.53193e-08 4.39891e-12 3.86751e-10)
(2.39151e-20 1.57082e-08 1.42644e-19)
(-5.54412e-10 -1.03193e-11 1.57663e-08)
(1.53033e-08 4.17127e-12 6.10011e-10)
(4.85638e-20 1.57159e-08 2.30632e-19)
(-7.71726e-10 -2.03194e-11 1.57729e-08)
(1.52973e-08 3.41649e-12 8.26298e-10)
(7.31819e-20 1.57166e-08 2.83169e-19)
(-9.68099e-10 -2.87543e-11 1.57588e-08)
(1.52924e-08 2.63454e-12 1.03574e-09)
(1.20813e-19 1.57169e-08 3.10769e-19)
(-1.16499e-09 -3.4881e-11 1.57395e-08)
(1.52857e-08 1.95662e-12 1.23919e-09)
(1.45015e-19 1.57174e-08 3.04789e-19)
(-1.36098e-09 -3.89951e-11 1.57183e-08)
(1.52765e-08 1.416e-12 1.43692e-09)
(1.2476e-19 1.57171e-08 2.43599e-19)
(-1.55505e-09 -4.15379e-11 1.5695e-08)
(1.52651e-08 1.0049e-12 1.62909e-09)
(1.33172e-19 1.57162e-08 1.39889e-19)
(-1.74624e-09 -4.29139e-11 1.56697e-08)
(1.52516e-08 6.99231e-13 1.81585e-09)
(1.7713e-19 1.5715e-08 7.35044e-20)
(-1.93362e-09 -4.3452e-11 1.56427e-08)
(1.52363e-08 4.73656e-13 1.99732e-09)
(1.81901e-19 1.57137e-08 1.30455e-19)
(-2.11658e-09 -4.34028e-11 1.56141e-08)
(1.52193e-08 3.06656e-13 2.17359e-09)
(1.75134e-19 1.57123e-08 3.16939e-19)
(-2.29471e-09 -4.29506e-11 1.55842e-08)
(1.5201e-08 1.81486e-13 2.34473e-09)
(1.4855e-19 1.57109e-08 5.24154e-19)
(-2.46779e-09 -4.22282e-11 1.55531e-08)
(1.51813e-08 8.58248e-14 2.5108e-09)
(7.64428e-20 1.57094e-08 6.19251e-19)
(-2.63571e-09 -4.13294e-11 1.55211e-08)
(1.51606e-08 1.0947e-14 2.67188e-09)
(9.79899e-20 1.57079e-08 6.3879e-19)
(-2.79844e-09 -4.03194e-11 1.54882e-08)
(1.5139e-08 -4.91799e-14 2.82802e-09)
(2.57722e-19 1.57063e-08 7.17473e-19)
(-2.95599e-09 -3.92425e-11 1.54548e-08)
(1.51167e-08 -9.86696e-14 2.97929e-09)
(3.86531e-19 1.57047e-08 8.71731e-19)
(-3.1084e-09 -3.81284e-11 1.54208e-08)
(1.50936e-08 -1.40317e-13 3.12577e-09)
(3.52237e-19 1.5703e-08 1.01894e-18)
(-3.25574e-09 -3.6997e-11 1.53865e-08)
(1.50701e-08 -1.76032e-13 3.26752e-09)
(2.40121e-19 1.57013e-08 1.10018e-18)
(-3.39807e-09 -3.5861e-11 1.53518e-08)
(1.50461e-08 -2.07137e-13 3.40461e-09)
(1.90776e-19 1.56996e-08 1.13362e-18)
(-3.53549e-09 -3.47288e-11 1.53171e-08)
(1.50219e-08 -2.34568e-13 3.53713e-09)
(1.95978e-19 1.56978e-08 1.16652e-18)
(-3.66808e-09 -3.36058e-11 1.52823e-08)
(1.49975e-08 -2.58996e-13 3.66515e-09)
(2.05136e-19 1.5696e-08 1.21594e-18)
(-3.79592e-09 -3.24953e-11 1.52475e-08)
(1.49729e-08 -2.80918e-13 3.78876e-09)
(2.06688e-19 1.56942e-08 1.27862e-18)
(-3.91913e-09 -3.13995e-11 1.52129e-08)
(1.49484e-08 -3.00703e-13 3.90802e-09)
(2.04131e-19 1.56923e-08 1.35114e-18)
(-4.03778e-09 -3.03197e-11 1.51785e-08)
(1.49239e-08 -3.1863e-13 4.02302e-09)
(1.99671e-19 1.56905e-08 1.42597e-18)
(-4.15198e-09 -2.92569e-11 1.51445e-08)
(1.48996e-08 -3.34912e-13 4.13384e-09)
(1.94634e-19 1.56886e-08 1.49285e-18)
(-4.26181e-09 -2.82115e-11 1.51108e-08)
(1.48754e-08 -3.49708e-13 4.24057e-09)
(1.88833e-19 1.56867e-08 1.54465e-18)
(-4.36738e-09 -2.71841e-11 1.50776e-08)
(1.48516e-08 -3.63143e-13 4.34329e-09)
(1.79963e-19 1.56848e-08 1.57983e-18)
(-4.46878e-09 -2.61748e-11 1.50448e-08)
(1.48281e-08 -3.75311e-13 4.44208e-09)
(1.71758e-19 1.56829e-08 1.6006e-18)
(-4.5661e-09 -2.5184e-11 1.50127e-08)
(1.4805e-08 -3.86285e-13 4.53703e-09)
(1.71548e-19 1.5681e-08 1.61286e-18)
(-4.65945e-09 -2.42116e-11 1.49812e-08)
(1.47823e-08 -3.9612e-13 4.62821e-09)
(1.792e-19 1.56791e-08 1.6249e-18)
(-4.7489e-09 -2.32579e-11 1.49503e-08)
(1.47601e-08 -4.04863e-13 4.71572e-09)
(1.8848e-19 1.56772e-08 1.63668e-18)
(-4.83457e-09 -2.2323e-11 1.49202e-08)
(1.47384e-08 -4.1255e-13 4.79963e-09)
(1.9372e-19 1.56753e-08 1.64249e-18)
(-4.91653e-09 -2.14069e-11 1.48908e-08)
(1.47172e-08 -4.19213e-13 4.88002e-09)
(1.95764e-19 1.56734e-08 1.64292e-18)
(-4.99489e-09 -2.05098e-11 1.48622e-08)
(1.46967e-08 -4.24879e-13 4.95699e-09)
(1.90735e-19 1.56715e-08 1.64005e-18)
(-5.06973e-09 -1.96316e-11 1.48344e-08)
(1.46767e-08 -4.29574e-13 5.0306e-09)
(1.7314e-19 1.56696e-08 1.64323e-18)
(-5.14115e-09 -1.87725e-11 1.48075e-08)
(1.46574e-08 -4.33321e-13 5.10096e-09)
(1.53319e-19 1.56677e-08 1.66769e-18)
(-5.20923e-09 -1.79324e-11 1.47814e-08)
(1.46388e-08 -4.36143e-13 5.16812e-09)
(1.39033e-19 1.56659e-08 1.71563e-18)
(-5.27407e-09 -1.71114e-11 1.47561e-08)
(1.46208e-08 -4.38063e-13 5.23218e-09)
(1.31967e-19 1.5664e-08 1.78314e-18)
(-5.33575e-09 -1.63096e-11 1.47318e-08)
(1.46036e-08 -4.39103e-13 5.29322e-09)
(1.30479e-19 1.56622e-08 1.86265e-18)
(-5.39436e-09 -1.55269e-11 1.47084e-08)
(1.4587e-08 -4.39286e-13 5.35131e-09)
(1.25554e-19 1.56604e-08 1.94128e-18)
(-5.44998e-09 -1.47634e-11 1.46858e-08)
(1.45711e-08 -4.38634e-13 5.40654e-09)
(1.1082e-19 1.56586e-08 2.01172e-18)
(-5.5027e-09 -1.40191e-11 1.46642e-08)
(1.45559e-08 -4.37169e-13 5.45899e-09)
(8.91758e-20 1.56568e-08 2.06578e-18)
(-5.55261e-09 -1.32939e-11 1.46435e-08)
(1.45415e-08 -4.34915e-13 5.50872e-09)
(7.508e-20 1.56551e-08 2.09007e-18)
(-5.59978e-09 -1.25879e-11 1.46237e-08)
(1.45277e-08 -4.31894e-13 5.55583e-09)
(7.54112e-20 1.56534e-08 2.0854e-18)
(-5.64431e-09 -1.1901e-11 1.46049e-08)
(1.45147e-08 -4.2813e-13 5.60038e-09)
(7.74486e-20 1.56517e-08 2.06604e-18)
(-5.68627e-09 -1.12333e-11 1.45869e-08)
(1.45023e-08 -4.23645e-13 5.64246e-09)
(6.49121e-20 1.56501e-08 2.02412e-18)
(-5.72574e-09 -1.05848e-11 1.45698e-08)
(1.44907e-08 -4.18463e-13 5.68213e-09)
(3.22637e-20 1.56485e-08 1.92579e-18)
(-5.7628e-09 -9.95531e-12 1.45536e-08)
(1.44798e-08 -4.12606e-13 5.71948e-09)
(1.78137e-20 1.56469e-08 1.77192e-18)
(-5.79754e-09 -9.34494e-12 1.45383e-08)
(1.44695e-08 -4.06098e-13 5.75458e-09)
(4.54069e-20 1.56454e-08 1.59137e-18)
(-5.83002e-09 -8.75363e-12 1.45239e-08)
(1.44599e-08 -3.98963e-13 5.78751e-09)
(8.79141e-20 1.56438e-08 1.38746e-18)
(-5.86033e-09 -8.18135e-12 1.45102e-08)
(1.44509e-08 -3.91222e-13 5.81833e-09)
(1.20395e-19 1.56424e-08 1.16706e-18)
(-5.88855e-09 -7.62808e-12 1.44975e-08)
(1.44426e-08 -3.82899e-13 5.84712e-09)
(1.18882e-19 1.56409e-08 9.68859e-19)
(-5.91474e-09 -7.09379e-12 1.44855e-08)
(1.44349e-08 -3.74018e-13 5.87396e-09)
(1.07729e-19 1.56396e-08 8.63471e-19)
(-5.93899e-09 -6.57843e-12 1.44744e-08)
(1.44278e-08 -3.64601e-13 5.89891e-09)
(1.10942e-19 1.56382e-08 8.76636e-19)
(-5.96137e-09 -6.08198e-12 1.4464e-08)
(1.44213e-08 -3.54671e-13 5.92205e-09)
(1.00225e-19 1.56369e-08 9.46458e-19)
(-5.98196e-09 -5.60439e-12 1.44543e-08)
(1.44153e-08 -3.4425e-13 5.94345e-09)
(6.09278e-20 1.56356e-08 1.023e-18)
(-6.00082e-09 -5.14564e-12 1.44454e-08)
(1.44099e-08 -3.33362e-13 5.96318e-09)
(3.04799e-21 1.56344e-08 1.10841e-18)
(-6.01803e-09 -4.70568e-12 1.44373e-08)
(1.4405e-08 -3.22029e-13 5.98131e-09)
(-4.25583e-20 1.56332e-08 1.21793e-18)
(-6.03366e-09 -4.28448e-12 1.44297e-08)
(1.44006e-08 -3.10272e-13 5.99792e-09)
(-6.13056e-20 1.56321e-08 1.34168e-18)
(-6.04778e-09 -3.88199e-12 1.44229e-08)
(1.43967e-08 -2.98115e-13 6.01306e-09)
(-6.74334e-20 1.5631e-08 1.44577e-18)
(-6.06047e-09 -3.49819e-12 1.44167e-08)
(1.43932e-08 -2.85579e-13 6.02682e-09)
(-6.82103e-20 1.563e-08 1.51265e-18)
(-6.07179e-09 -3.13302e-12 1.44111e-08)
(1.43901e-08 -2.72688e-13 6.03926e-09)
(-5.6929e-20 1.5629e-08 1.5561e-18)
(-6.08182e-09 -2.78645e-12 1.44061e-08)
(1.43875e-08 -2.59466e-13 6.05044e-09)
(-3.47135e-20 1.5628e-08 1.59753e-18)
(-6.09062e-09 -2.45845e-12 1.44016e-08)
(1.43852e-08 -2.45939e-13 6.06045e-09)
(-1.495e-20 1.56272e-08 1.65799e-18)
(-6.09827e-09 -2.14897e-12 1.43977e-08)
(1.43832e-08 -2.32137e-13 6.06935e-09)
(-1.43391e-20 1.56263e-08 1.7736e-18)
(-6.10484e-09 -1.85798e-12 1.43942e-08)
(1.43816e-08 -2.18097e-13 6.0772e-09)
(-5.01143e-20 1.56255e-08 1.94507e-18)
(-6.11038e-09 -1.58543e-12 1.43913e-08)
(1.43802e-08 -2.03869e-13 6.08407e-09)
(-1.43476e-19 1.56248e-08 2.10018e-18)
(-6.11498e-09 -1.33128e-12 1.43887e-08)
(1.43792e-08 -1.89522e-13 6.09004e-09)
(-2.68249e-19 1.56241e-08 2.20975e-18)
(-6.11869e-09 -1.09547e-12 1.43866e-08)
(1.43783e-08 -1.75153e-13 6.09516e-09)
(-3.7067e-19 1.56235e-08 2.30639e-18)
(-6.12159e-09 -8.77947e-13 1.43849e-08)
(1.43777e-08 -1.60903e-13 6.09951e-09)
(-4.19642e-19 1.56229e-08 2.39681e-18)
(-6.12375e-09 -6.78615e-13 1.43836e-08)
(1.43772e-08 -1.4697e-13 6.10316e-09)
(-4.08211e-19 1.56224e-08 2.47014e-18)
(-6.12523e-09 -4.97374e-13 1.43825e-08)
(1.4377e-08 -1.33625e-13 6.10618e-09)
(-4.16595e-19 1.56219e-08 2.52823e-18)
(-6.1261e-09 -3.34096e-13 1.43818e-08)
(1.43768e-08 -1.21217e-13 6.10862e-09)
(-4.77035e-19 1.56215e-08 2.60369e-18)
(-6.12642e-09 -1.88647e-13 1.43813e-08)
(1.43767e-08 -1.10164e-13 6.11056e-09)
(-4.9675e-19 1.56211e-08 2.6894e-18)
(-6.12627e-09 -6.09437e-14 1.43811e-08)
(1.43767e-08 -1.00909e-13 6.11208e-09)
(-4.6748e-19 1.56208e-08 2.72818e-18)
(-6.12572e-09 4.89102e-14 1.43811e-08)
(1.43768e-08 -9.38183e-14 6.11323e-09)
(-4.72171e-19 1.56205e-08 2.71117e-18)
(-6.12482e-09 1.40339e-13 1.43813e-08)
(1.43769e-08 -8.91845e-14 6.11409e-09)
(-5.17931e-19 1.56203e-08 2.66379e-18)
(-6.12365e-09 2.11769e-13 1.43816e-08)
(1.43769e-08 -8.75191e-14 6.11471e-09)
(-5.52225e-19 1.56201e-08 2.60209e-18)
(-6.12228e-09 2.59789e-13 1.4382e-08)
(1.43769e-08 -8.87628e-14 6.11512e-09)
(-4.23357e-19 1.56199e-08 2.56069e-18)
(-6.12077e-09 2.78617e-13 1.43826e-08)
(-1.91726e-19 1.56195e-08 2.33629e-18)
(-6.119e-09 2.62336e-13 1.43834e-08)
(1.53853e-08 -2.94694e-12 1.71388e-10)
(5.43736e-11 1.57478e-08 -2.21303e-11)
(-1.79069e-10 2.55152e-12 1.57356e-08)
(1.53193e-08 -4.39891e-12 3.86751e-10)
(2.55726e-11 1.5715e-08 -5.82068e-11)
(-5.54412e-10 1.03193e-11 1.57663e-08)
(1.53033e-08 -4.17127e-12 6.10011e-10)
(1.37672e-11 1.57201e-08 -7.99374e-11)
(-7.71726e-10 2.03194e-11 1.57729e-08)
(1.52973e-08 -3.41649e-12 8.26298e-10)
(9.84209e-12 1.57186e-08 -9.23716e-11)
(-9.68099e-10 2.87543e-11 1.57588e-08)
(1.52924e-08 -2.63454e-12 1.03574e-09)
(8.62103e-12 1.57177e-08 -9.88026e-11)
(-1.16499e-09 3.4881e-11 1.57395e-08)
(1.52857e-08 -1.95662e-12 1.23919e-09)
(8.62105e-12 1.57176e-08 -1.01326e-10)
(-1.36098e-09 3.89951e-11 1.57183e-08)
(1.52765e-08 -1.416e-12 1.43692e-09)
(9.19008e-12 1.5717e-08 -1.01435e-10)
(-1.55505e-09 4.15379e-11 1.5695e-08)
(1.52651e-08 -1.0049e-12 1.62909e-09)
(9.96149e-12 1.5716e-08 -1.00127e-10)
(-1.74624e-09 4.29139e-11 1.56697e-08)
(1.52516e-08 -6.99231e-13 1.81585e-09)
(1.07601e-11 1.57148e-08 -9.80226e-11)
(-1.93362e-09 4.3452e-11 1.56427e-08)
(1.52363e-08 -4.73656e-13 1.99732e-09)
(1.15068e-11 1.57135e-08 -9.54958e-11)
(-2.11658e-09 4.34028e-11 1.56141e-08)
(1.52193e-08 -3.06656e-13 2.17359e-09)
(1.21691e-11 1.57121e-08 -9.27659e-11)
(-2.29471e-09 4.29506e-11 1.55842e-08)
(1.5201e-08 -1.81486e-13 2.34473e-09)
(1.27385e-11 1.57107e-08 -8.9957e-11)
(-2.46779e-09 4.22282e-11 1.55531e-08)
(1.51813e-08 -8.58256e-14 2.5108e-09)
(1.32176e-11 1.57093e-08 -8.71363e-11)
(-2.63571e-09 4.13294e-11 1.55211e-08)
(1.51606e-08 -1.09478e-14 2.67188e-09)
(1.3613e-11 1.57078e-08 -8.43389e-11)
(-2.79844e-09 4.03194e-11 1.54882e-08)
(1.5139e-08 4.91792e-14 2.82802e-09)
(1.39321e-11 1.57062e-08 -8.15819e-11)
(-2.95599e-09 3.92425e-11 1.54548e-08)
(1.51167e-08 9.86689e-14 2.97929e-09)
(1.41815e-11 1.57046e-08 -7.8873e-11)
(-3.1084e-09 3.81284e-11 1.54208e-08)
(1.50936e-08 1.40316e-13 3.12577e-09)
(1.43671e-11 1.5703e-08 -7.62151e-11)
(-3.25574e-09 3.6997e-11 1.53865e-08)
(1.50701e-08 1.76031e-13 3.26752e-09)
(1.44937e-11 1.57013e-08 -7.36091e-11)
(-3.39807e-09 3.5861e-11 1.53518e-08)
(1.50461e-08 2.07137e-13 3.40461e-09)
(1.45655e-11 1.56995e-08 -7.10549e-11)
(-3.53549e-09 3.47288e-11 1.53171e-08)
(1.50219e-08 2.34567e-13 3.53713e-09)
(1.45864e-11 1.56978e-08 -6.85521e-11)
(-3.66808e-09 3.36058e-11 1.52823e-08)
(1.49975e-08 2.58995e-13 3.66515e-09)
(1.45598e-11 1.5696e-08 -6.61005e-11)
(-3.79592e-09 3.24953e-11 1.52475e-08)
(1.49729e-08 2.80917e-13 3.78876e-09)
(1.44888e-11 1.56942e-08 -6.36998e-11)
(-3.91913e-09 3.13995e-11 1.52129e-08)
(1.49484e-08 3.00702e-13 3.90802e-09)
(1.43768e-11 1.56923e-08 -6.13498e-11)
(-4.03778e-09 3.03197e-11 1.51785e-08)
(1.49239e-08 3.18629e-13 4.02302e-09)
(1.42268e-11 1.56905e-08 -5.90502e-11)
(-4.15198e-09 2.92569e-11 1.51445e-08)
(1.48996e-08 3.34911e-13 4.13384e-09)
(1.40418e-11 1.56886e-08 -5.6801e-11)
(-4.26181e-09 2.82115e-11 1.51108e-08)
(1.48754e-08 3.49707e-13 4.24057e-09)
(1.38246e-11 1.56867e-08 -5.46019e-11)
(-4.36738e-09 2.71841e-11 1.50776e-08)
(1.48516e-08 3.63142e-13 4.34329e-09)
(1.35781e-11 1.56848e-08 -5.24527e-11)
(-4.46878e-09 2.61748e-11 1.50448e-08)
(1.48281e-08 3.7531e-13 4.44208e-09)
(1.33051e-11 1.56829e-08 -5.03531e-11)
(-4.5661e-09 2.5184e-11 1.50127e-08)
(1.4805e-08 3.86283e-13 4.53703e-09)
(1.30082e-11 1.5681e-08 -4.83029e-11)
(-4.65945e-09 2.42116e-11 1.49812e-08)
(1.47823e-08 3.96119e-13 4.62821e-09)
(1.26899e-11 1.56791e-08 -4.63017e-11)
(-4.7489e-09 2.32579e-11 1.49503e-08)
(1.47601e-08 4.04862e-13 4.71572e-09)
(1.23526e-11 1.56772e-08 -4.43491e-11)
(-4.83457e-09 2.2323e-11 1.49202e-08)
(1.47384e-08 4.12549e-13 4.79963e-09)
(1.19987e-11 1.56753e-08 -4.24448e-11)
(-4.91653e-09 2.14069e-11 1.48908e-08)
(1.47172e-08 4.19211e-13 4.88002e-09)
(1.16303e-11 1.56733e-08 -4.05882e-11)
(-4.99489e-09 2.05098e-11 1.48622e-08)
(1.46967e-08 4.24878e-13 4.95699e-09)
(1.12495e-11 1.56715e-08 -3.8779e-11)
(-5.06973e-09 1.96316e-11 1.48344e-08)
(1.46767e-08 4.29572e-13 5.0306e-09)
(1.08583e-11 1.56696e-08 -3.70167e-11)
(-5.14115e-09 1.87725e-11 1.48075e-08)
(1.46574e-08 4.33319e-13 5.10096e-09)
(1.04586e-11 1.56677e-08 -3.53007e-11)
(-5.20923e-09 1.79324e-11 1.47814e-08)
(1.46388e-08 4.36142e-13 5.16812e-09)
(1.00522e-11 1.56658e-08 -3.36305e-11)
(-5.27407e-09 1.71114e-11 1.47561e-08)
(1.46208e-08 4.38062e-13 5.23218e-09)
(9.64076e-12 1.5664e-08 -3.20057e-11)
(-5.33575e-09 1.63096e-11 1.47318e-08)
(1.46036e-08 4.39102e-13 5.29322e-09)
(9.22583e-12 1.56622e-08 -3.04258e-11)
(-5.39436e-09 1.55269e-11 1.47084e-08)
(1.4587e-08 4.39284e-13 5.35131e-09)
(8.80893e-12 1.56604e-08 -2.88901e-11)
(-5.44998e-09 1.47634e-11 1.46858e-08)
(1.45711e-08 4.38632e-13 5.40654e-09)
(8.39148e-12 1.56586e-08 -2.73982e-11)
(-5.5027e-09 1.40191e-11 1.46642e-08)
(1.45559e-08 4.37168e-13 5.45899e-09)
(7.9748e-12 1.56568e-08 -2.59496e-11)
(-5.55261e-09 1.32939e-11 1.46435e-08)
(1.45415e-08 4.34914e-13 5.50872e-09)
(7.56013e-12 1.56551e-08 -2.45437e-11)
(-5.59978e-09 1.25879e-11 1.46237e-08)
(1.45277e-08 4.31893e-13 5.55583e-09)
(7.14865e-12 1.56534e-08 -2.31801e-11)
(-5.64431e-09 1.1901e-11 1.46049e-08)
(1.45147e-08 4.28128e-13 5.60038e-09)
(6.74143e-12 1.56517e-08 -2.18583e-11)
(-5.68627e-09 1.12333e-11 1.45869e-08)
(1.45023e-08 4.23644e-13 5.64246e-09)
(6.3395e-12 1.56501e-08 -2.05778e-11)
(-5.72574e-09 1.05848e-11 1.45698e-08)
(1.44907e-08 4.18461e-13 5.68213e-09)
(5.94381e-12 1.56485e-08 -1.9338e-11)
(-5.7628e-09 9.95531e-12 1.45536e-08)
(1.44798e-08 4.12605e-13 5.71948e-09)
(5.55524e-12 1.56469e-08 -1.81387e-11)
(-5.79754e-09 9.34494e-12 1.45383e-08)
(1.44695e-08 4.06097e-13 5.75458e-09)
(5.17462e-12 1.56453e-08 -1.69792e-11)
(-5.83002e-09 8.75363e-12 1.45239e-08)
(1.44599e-08 3.98961e-13 5.78751e-09)
(4.80269e-12 1.56438e-08 -1.58592e-11)
(-5.86033e-09 8.18135e-12 1.45102e-08)
(1.44509e-08 3.91221e-13 5.81833e-09)
(4.44016e-12 1.56424e-08 -1.47783e-11)
(-5.88855e-09 7.62808e-12 1.44975e-08)
(1.44426e-08 3.82898e-13 5.84712e-09)
(4.08768e-12 1.56409e-08 -1.37361e-11)
(-5.91474e-09 7.09378e-12 1.44855e-08)
(1.44349e-08 3.74017e-13 5.87396e-09)
(3.74583e-12 1.56395e-08 -1.27322e-11)
(-5.93899e-09 6.57843e-12 1.44744e-08)
(1.44278e-08 3.646e-13 5.89891e-09)
(3.41516e-12 1.56382e-08 -1.17662e-11)
(-5.96137e-09 6.08197e-12 1.4464e-08)
(1.44213e-08 3.5467e-13 5.92205e-09)
(3.09615e-12 1.56369e-08 -1.08377e-11)
(-5.98196e-09 5.60439e-12 1.44543e-08)
(1.44153e-08 3.44249e-13 5.94345e-09)
(2.78925e-12 1.56356e-08 -9.94659e-12)
(-6.00082e-09 5.14564e-12 1.44454e-08)
(1.44099e-08 3.33361e-13 5.96318e-09)
(2.49487e-12 1.56344e-08 -9.09237e-12)
(-6.01803e-09 4.70568e-12 1.44373e-08)
(1.4405e-08 3.22028e-13 5.98131e-09)
(2.21335e-12 1.56332e-08 -8.2748e-12)
(-6.03366e-09 4.28448e-12 1.44297e-08)
(1.44006e-08 3.10271e-13 5.99792e-09)
(1.94503e-12 1.56321e-08 -7.49359e-12)
(-6.04778e-09 3.88199e-12 1.44229e-08)
(1.43967e-08 2.98114e-13 6.01306e-09)
(1.69018e-12 1.5631e-08 -6.74848e-12)
(-6.06047e-09 3.49818e-12 1.44167e-08)
(1.43932e-08 2.85578e-13 6.02682e-09)
(1.44905e-12 1.563e-08 -6.03922e-12)
(-6.07179e-09 3.13302e-12 1.44111e-08)
(1.43901e-08 2.72687e-13 6.03926e-09)
(1.22187e-12 1.5629e-08 -5.36558e-12)
(-6.08182e-09 2.78645e-12 1.44061e-08)
(1.43875e-08 2.59465e-13 6.05044e-09)
(1.00883e-12 1.5628e-08 -4.72734e-12)
(-6.09062e-09 2.45845e-12 1.44016e-08)
(1.43852e-08 2.45938e-13 6.06045e-09)
(8.1009e-13 1.56271e-08 -4.12431e-12)
(-6.09827e-09 2.14897e-12 1.43977e-08)
(1.43832e-08 2.32136e-13 6.06935e-09)
(6.25809e-13 1.56263e-08 -3.5563e-12)
(-6.10484e-09 1.85798e-12 1.43942e-08)
(1.43816e-08 2.18096e-13 6.0772e-09)
(4.56123e-13 1.56255e-08 -3.02317e-12)
(-6.11038e-09 1.58543e-12 1.43913e-08)
(1.43802e-08 2.03868e-13 6.08407e-09)
(3.01167e-13 1.56248e-08 -2.52479e-12)
(-6.11498e-09 1.33128e-12 1.43887e-08)
(1.43792e-08 1.8952e-13 6.09004e-09)
(1.61079e-13 1.56241e-08 -2.06107e-12)
(-6.11869e-09 1.09547e-12 1.43866e-08)
(1.43783e-08 1.75151e-13 6.09516e-09)
(3.59993e-14 1.56235e-08 -1.63196e-12)
(-6.12159e-09 8.77942e-13 1.43849e-08)
(1.43777e-08 1.60901e-13 6.09951e-09)
(-7.39376e-14 1.56229e-08 -1.23745e-12)
(-6.12375e-09 6.7861e-13 1.43836e-08)
(1.43772e-08 1.46968e-13 6.10316e-09)
(-1.68634e-13 1.56223e-08 -8.77618e-13)
(-6.12523e-09 4.9737e-13 1.43825e-08)
(1.4377e-08 1.33623e-13 6.10618e-09)
(-2.48104e-13 1.56219e-08 -5.52567e-13)
(-6.1261e-09 3.34091e-13 1.43818e-08)
(1.43768e-08 1.21215e-13 6.10862e-09)
(-3.1263e-13 1.56214e-08 -2.62436e-13)
(-6.12642e-09 1.88642e-13 1.43813e-08)
(1.43767e-08 1.10163e-13 6.11056e-09)
(-3.63041e-13 1.56211e-08 -7.30808e-15)
(-6.12627e-09 6.09384e-14 1.43811e-08)
(1.43767e-08 1.00907e-13 6.11208e-09)
(-4.01131e-13 1.56208e-08 2.12963e-13)
(-6.12572e-09 -4.89157e-14 1.43811e-08)
(1.43768e-08 9.38168e-14 6.11323e-09)
(-4.30255e-13 1.56205e-08 3.99055e-13)
(-6.12482e-09 -1.40344e-13 1.43813e-08)
(1.43769e-08 8.91827e-14 6.11409e-09)
(-4.55938e-13 1.56203e-08 5.52676e-13)
(-6.12365e-09 -2.11775e-13 1.43816e-08)
(1.43769e-08 8.75173e-14 6.11471e-09)
(-4.84529e-13 1.56201e-08 6.78212e-13)
(-6.12228e-09 -2.59794e-13 1.4382e-08)
(1.43769e-08 8.87611e-14 6.11512e-09)
(-5.19318e-13 1.56199e-08 7.84834e-13)
(-6.12077e-09 -2.78623e-13 1.43826e-08)
(-5.66769e-13 1.56195e-08 8.78018e-13)
(-6.119e-09 -2.62341e-13 1.43834e-08)
(1.53825e-08 -1.08737e-11 1.75226e-10)
(1.22501e-10 1.57672e-08 -4.90106e-11)
(-1.67743e-10 8.86156e-12 1.57363e-08)
(1.53187e-08 -1.4974e-11 3.92179e-10)
(4.80593e-11 1.57355e-08 -1.25335e-10)
(-5.32276e-10 3.50675e-11 1.57612e-08)
(1.53034e-08 -1.31944e-11 6.14949e-10)
(2.32678e-11 1.57311e-08 -1.66594e-10)
(-7.52049e-10 6.73257e-11 1.57682e-08)
(1.52975e-08 -1.00961e-11 8.30126e-10)
(1.69178e-11 1.57234e-08 -1.88909e-10)
(-9.53938e-10 9.29673e-11 1.57561e-08)
(1.52926e-08 -7.39227e-12 1.03839e-09)
(1.57375e-11 1.57195e-08 -1.99913e-10)
(-1.15558e-09 1.10563e-10 1.57384e-08)
(1.52857e-08 -5.28368e-12 1.24078e-09)
(1.65368e-11 1.57181e-08 -2.03789e-10)
(-1.35515e-09 1.21803e-10 1.5718e-08)
(1.52765e-08 -3.70454e-12 1.43763e-09)
(1.80943e-11 1.5717e-08 -2.03344e-10)
(-1.55183e-09 1.28388e-10 1.5695e-08)
(1.5265e-08 -2.54688e-12 1.62914e-09)
(1.98285e-11 1.57159e-08 -2.00381e-10)
(-1.74485e-09 1.31649e-10 1.56698e-08)
(1.52514e-08 -1.70331e-12 1.81542e-09)
(2.15032e-11 1.57147e-08 -1.96002e-10)
(-1.93351e-09 1.32588e-10 1.56427e-08)
(1.52361e-08 -1.08621e-12 1.99656e-09)
(2.30212e-11 1.57135e-08 -1.90873e-10)
(-2.11733e-09 1.31932e-10 1.5614e-08)
(1.52191e-08 -6.29422e-13 2.17261e-09)
(2.43476e-11 1.57123e-08 -1.85384e-10)
(-2.29604e-09 1.30201e-10 1.5584e-08)
(1.52007e-08 -2.84837e-13 2.34361e-09)
(2.54798e-11 1.57109e-08 -1.79758e-10)
(-2.46949e-09 1.27763e-10 1.55528e-08)
(1.51811e-08 -1.85994e-14 2.5096e-09)
(2.64294e-11 1.57095e-08 -1.74118e-10)
(-2.63765e-09 1.24872e-10 1.55207e-08)
(1.51605e-08 1.92567e-13 2.67063e-09)
(2.72122e-11 1.5708e-08 -1.68526e-10)
(-2.80052e-09 1.21702e-10 1.54878e-08)
(1.51389e-08 3.64435e-13 2.82676e-09)
(2.78435e-11 1.57065e-08 -1.63016e-10)
(-2.95814e-09 1.18369e-10 1.54543e-08)
(1.51165e-08 5.07639e-13 2.97803e-09)
(2.8337e-11 1.57049e-08 -1.576e-10)
(-3.11059e-09 1.14952e-10 1.54203e-08)
(1.50935e-08 6.29385e-13 3.12451e-09)
(2.8704e-11 1.57033e-08 -1.52286e-10)
(-3.25793e-09 1.11501e-10 1.53859e-08)
(1.507e-08 7.3462e-13 3.26628e-09)
(2.89538e-11 1.57016e-08 -1.47075e-10)
(-3.40026e-09 1.08049e-10 1.53513e-08)
(1.50461e-08 8.26805e-13 3.4034e-09)
(2.90949e-11 1.56998e-08 -1.41966e-10)
(-3.53765e-09 1.04616e-10 1.53165e-08)
(1.50219e-08 9.0842e-13 3.53594e-09)
(2.91344e-11 1.56981e-08 -1.36961e-10)
(-3.67021e-09 1.01216e-10 1.52817e-08)
(1.49975e-08 9.81282e-13 3.66398e-09)
(2.90792e-11 1.56963e-08 -1.32058e-10)
(-3.79803e-09 9.78583e-11 1.5247e-08)
(1.4973e-08 1.04674e-12 3.78761e-09)
(2.89358e-11 1.56944e-08 -1.27256e-10)
(-3.9212e-09 9.45469e-11 1.52123e-08)
(1.49485e-08 1.10582e-12 3.90689e-09)
(2.87104e-11 1.56926e-08 -1.22556e-10)
(-4.03982e-09 9.12858e-11 1.5178e-08)
(1.4924e-08 1.1593e-12 4.02192e-09)
(2.84091e-11 1.56907e-08 -1.17957e-10)
(-4.15398e-09 8.8077e-11 1.51439e-08)
(1.48997e-08 1.20776e-12 4.13277e-09)
(2.8038e-11 1.56888e-08 -1.13459e-10)
(-4.26377e-09 8.4922e-11 1.51102e-08)
(1.48756e-08 1.25166e-12 4.23952e-09)
(2.76028e-11 1.56869e-08 -1.09061e-10)
(-4.36931e-09 8.18217e-11 1.5077e-08)
(1.48517e-08 1.29134e-12 4.34227e-09)
(2.71092e-11 1.5685e-08 -1.04764e-10)
(-4.47067e-09 7.8777e-11 1.50442e-08)
(1.48282e-08 1.32708e-12 4.44108e-09)
(2.65627e-11 1.56831e-08 -1.00566e-10)
(-4.56795e-09 7.57882e-11 1.50121e-08)
(1.48051e-08 1.35906e-12 4.53605e-09)
(2.59684e-11 1.56812e-08 -9.64663e-11)
(-4.66126e-09 7.28558e-11 1.49806e-08)
(1.47825e-08 1.38746e-12 4.62726e-09)
(2.53315e-11 1.56793e-08 -9.24652e-11)
(-4.75068e-09 6.99801e-11 1.49497e-08)
(1.47603e-08 1.41241e-12 4.71479e-09)
(2.46567e-11 1.56773e-08 -8.85616e-11)
(-4.83631e-09 6.71613e-11 1.49196e-08)
(1.47386e-08 1.43401e-12 4.79872e-09)
(2.39488e-11 1.56754e-08 -8.47545e-11)
(-4.91823e-09 6.43998e-11 1.48902e-08)
(1.47175e-08 1.45236e-12 4.87914e-09)
(2.3212e-11 1.56735e-08 -8.10432e-11)
(-4.99655e-09 6.16956e-11 1.48616e-08)
(1.46969e-08 1.46755e-12 4.95613e-09)
(2.24506e-11 1.56716e-08 -7.74267e-11)
(-5.07136e-09 5.9049e-11 1.48338e-08)
(1.4677e-08 1.47965e-12 5.02977e-09)
(2.16685e-11 1.56697e-08 -7.39041e-11)
(-5.14274e-09 5.64601e-11 1.48069e-08)
(1.46577e-08 1.48874e-12 5.10014e-09)
(2.08695e-11 1.56678e-08 -7.04743e-11)
(-5.21078e-09 5.39288e-11 1.47808e-08)
(1.46391e-08 1.4949e-12 5.16733e-09)
(2.00571e-11 1.5666e-08 -6.71363e-11)
(-5.27558e-09 5.14555e-11 1.47556e-08)
(1.46211e-08 1.49818e-12 5.23141e-09)
(1.92347e-11 1.56641e-08 -6.38892e-11)
(-5.33722e-09 4.904e-11 1.47313e-08)
(1.46038e-08 1.49868e-12 5.29247e-09)
(1.84054e-11 1.56623e-08 -6.07317e-11)
(-5.3958e-09 4.66824e-11 1.47078e-08)
(1.45872e-08 1.49645e-12 5.35059e-09)
(1.75723e-11 1.56605e-08 -5.7663e-11)
(-5.45138e-09 4.43828e-11 1.46853e-08)
(1.45713e-08 1.49158e-12 5.40584e-09)
(1.67381e-11 1.56587e-08 -5.4682e-11)
(-5.50407e-09 4.21411e-11 1.46637e-08)
(1.45562e-08 1.48413e-12 5.4583e-09)
(1.59056e-11 1.56569e-08 -5.17876e-11)
(-5.55394e-09 3.99574e-11 1.4643e-08)
(1.45417e-08 1.47419e-12 5.50806e-09)
(1.50771e-11 1.56552e-08 -4.89787e-11)
(-5.60108e-09 3.78315e-11 1.46232e-08)
(1.4528e-08 1.46182e-12 5.55519e-09)
(1.42551e-11 1.56535e-08 -4.62545e-11)
(-5.64557e-09 3.57635e-11 1.46044e-08)
(1.45149e-08 1.44709e-12 5.59976e-09)
(1.34417e-11 1.56518e-08 -4.36138e-11)
(-5.68749e-09 3.37533e-11 1.45864e-08)
(1.45026e-08 1.43009e-12 5.64185e-09)
(1.26389e-11 1.56501e-08 -4.10557e-11)
(-5.72692e-09 3.18008e-11 1.45693e-08)
(1.44909e-08 1.41089e-12 5.68155e-09)
(1.18486e-11 1.56485e-08 -3.85793e-11)
(-5.76395e-09 2.9906e-11 1.45532e-08)
(1.448e-08 1.38955e-12 5.71892e-09)
(1.10726e-11 1.56469e-08 -3.61837e-11)
(-5.79865e-09 2.80687e-11 1.45379e-08)
(1.44697e-08 1.36617e-12 5.75404e-09)
(1.03125e-11 1.56454e-08 -3.38679e-11)
(-5.8311e-09 2.62889e-11 1.45234e-08)
(1.44601e-08 1.3408e-12 5.78698e-09)
(9.5698e-12 1.56439e-08 -3.1631e-11)
(-5.86138e-09 2.45666e-11 1.45098e-08)
(1.44511e-08 1.31352e-12 5.81782e-09)
(8.84596e-12 1.56424e-08 -2.94724e-11)
(-5.88956e-09 2.29015e-11 1.44971e-08)
(1.44428e-08 1.28441e-12 5.84663e-09)
(8.14222e-12 1.5641e-08 -2.73911e-11)
(-5.91572e-09 2.12935e-11 1.44851e-08)
(1.44351e-08 1.25354e-12 5.87348e-09)
(7.45976e-12 1.56396e-08 -2.53863e-11)
(-5.93993e-09 1.97427e-11 1.4474e-08)
(1.4428e-08 1.22098e-12 5.89845e-09)
(6.79967e-12 1.56382e-08 -2.34575e-11)
(-5.96228e-09 1.82488e-11 1.44636e-08)
(1.44215e-08 1.18681e-12 5.92161e-09)
(6.16291e-12 1.56369e-08 -2.16037e-11)
(-5.98283e-09 1.68117e-11 1.4454e-08)
(1.44155e-08 1.1511e-12 5.94303e-09)
(5.55037e-12 1.56356e-08 -1.98245e-11)
(-6.00165e-09 1.54314e-11 1.44451e-08)
(1.44101e-08 1.11391e-12 5.96278e-09)
(4.96285e-12 1.56344e-08 -1.81191e-11)
(-6.01883e-09 1.41076e-11 1.44369e-08)
(1.44052e-08 1.07533e-12 5.98093e-09)
(4.40106e-12 1.56332e-08 -1.6487e-11)
(-6.03442e-09 1.28403e-11 1.44294e-08)
(1.44008e-08 1.03541e-12 5.99755e-09)
(3.86564e-12 1.56321e-08 -1.49275e-11)
(-6.04851e-09 1.16293e-11 1.44226e-08)
(1.43968e-08 9.94237e-13 6.01271e-09)
(3.35717e-12 1.5631e-08 -1.34402e-11)
(-6.06117e-09 1.04746e-11 1.44164e-08)
(1.43933e-08 9.51873e-13 6.02649e-09)
(2.87612e-12 1.563e-08 -1.20246e-11)
(-6.07246e-09 9.37596e-12 1.44108e-08)
(1.43902e-08 9.08391e-13 6.03894e-09)
(2.42293e-12 1.5629e-08 -1.06801e-11)
(-6.08245e-09 8.33328e-12 1.44058e-08)
(1.43876e-08 8.63863e-13 6.05015e-09)
(1.99799e-12 1.5628e-08 -9.40639e-12)
(-6.09122e-09 7.34646e-12 1.44014e-08)
(1.43853e-08 8.18368e-13 6.06017e-09)
(1.60162e-12 1.56272e-08 -8.203e-12)
(-6.09884e-09 6.41537e-12 1.43974e-08)
(1.43833e-08 7.7199e-13 6.06908e-09)
(1.23411e-12 1.56263e-08 -7.0696e-12)
(-6.10536e-09 5.53989e-12 1.4394e-08)
(1.43817e-08 7.24833e-13 6.07695e-09)
(8.95734e-13 1.56255e-08 -6.00585e-12)
(-6.11088e-09 4.7199e-12 1.43911e-08)
(1.43803e-08 6.77028e-13 6.08384e-09)
(5.86743e-13 1.56248e-08 -5.01149e-12)
(-6.11544e-09 3.95527e-12 1.43886e-08)
(1.43792e-08 6.28758e-13 6.08982e-09)
(3.07387e-13 1.56241e-08 -4.08633e-12)
(-6.11912e-09 3.24585e-12 1.43865e-08)
(1.43784e-08 5.80283e-13 6.09496e-09)
(5.79239e-14 1.56234e-08 -3.23022e-12)
(-6.12199e-09 2.59147e-12 1.43848e-08)
(1.43778e-08 5.31984e-13 6.09933e-09)
(-1.61397e-13 1.56229e-08 -2.44314e-12)
(-6.12411e-09 1.99191e-12 1.43834e-08)
(1.43773e-08 4.84415e-13 6.103e-09)
(-3.50385e-13 1.56223e-08 -1.72516e-12)
(-6.12556e-09 1.44687e-12 1.43824e-08)
(1.4377e-08 4.38367e-13 6.10603e-09)
(-5.09038e-13 1.56219e-08 -1.07646e-12)
(-6.12639e-09 9.55997e-13 1.43817e-08)
(1.43768e-08 3.94927e-13 6.10849e-09)
(-6.37829e-13 1.56214e-08 -4.97288e-13)
(-6.12669e-09 5.18819e-13 1.43813e-08)
(1.43767e-08 3.55493e-13 6.11044e-09)
(-7.38259e-13 1.56211e-08 1.21277e-14)
(-6.1265e-09 1.34899e-13 1.4381e-08)
(1.43768e-08 3.21688e-13 6.11197e-09)
(-8.13783e-13 1.56208e-08 4.51872e-13)
(-6.12591e-09 -1.95896e-13 1.4381e-08)
(1.43768e-08 2.9504e-13 6.11313e-09)
(-8.71219e-13 1.56205e-08 8.22855e-13)
(-6.12498e-09 -4.72657e-13 1.43812e-08)
(1.43769e-08 2.76885e-13 6.114e-09)
(-9.22669e-13 1.56203e-08 1.12771e-12)
(-6.12377e-09 -6.91792e-13 1.43816e-08)
(1.4377e-08 2.69531e-13 6.11462e-09)
(-9.83963e-13 1.56201e-08 1.37431e-12)
(-6.12236e-09 -8.43722e-13 1.4382e-08)
(1.43769e-08 2.73661e-13 6.11503e-09)
(-1.06109e-12 1.56199e-08 1.58445e-12)
(-6.12079e-09 -9.09115e-13 1.43826e-08)
(-1.1557e-12 1.56194e-08 1.779e-12)
(-6.11895e-09 -8.64004e-13 1.43834e-08)
(1.53651e-08 -2.96e-11 1.88812e-10)
(2.26128e-10 1.58072e-08 -8.84887e-11)
(-1.31826e-10 2.73065e-11 1.57387e-08)
(1.53102e-08 -2.78605e-11 4.06529e-10)
(5.88044e-11 1.57525e-08 -2.14237e-10)
(-4.82422e-10 8.81005e-11 1.57445e-08)
(1.53015e-08 -2.01527e-11 6.26259e-10)
(2.06835e-11 1.57371e-08 -2.66678e-10)
(-7.14069e-10 1.44486e-10 1.57564e-08)
(1.52974e-08 -1.38522e-11 8.38e-10)
(1.86917e-11 1.5726e-08 -2.91908e-10)
(-9.28815e-10 1.82326e-10 1.57503e-08)
(1.52924e-08 -9.46118e-12 1.04323e-09)
(2.09031e-11 1.57213e-08 -3.03827e-10)
(-1.13981e-09 2.05795e-10 1.57355e-08)
(1.52853e-08 -6.37132e-12 1.24316e-09)
(2.37592e-11 1.57198e-08 -3.07245e-10)
(-1.34598e-09 2.1949e-10 1.5716e-08)
(1.52758e-08 -4.19806e-12 1.43815e-09)
(2.67633e-11 1.57189e-08 -3.05369e-10)
(-1.54725e-09 2.2646e-10 1.56932e-08)
(1.52642e-08 -2.66388e-12 1.62831e-09)
(2.96152e-11 1.5718e-08 -3.00349e-10)
(-1.74342e-09 2.28837e-10 1.56679e-08)
(1.52506e-08 -1.5642e-12 1.81368e-09)
(3.22037e-11 1.57171e-08 -2.93534e-10)
(-1.93419e-09 2.28129e-10 1.56406e-08)
(1.52352e-08 -7.58295e-13 1.99421e-09)
(3.4487e-11 1.5716e-08 -2.85754e-10)
(-2.11941e-09 2.25377e-10 1.56118e-08)
(1.52183e-08 -1.51308e-13 2.16988e-09)
(3.64576e-11 1.57148e-08 -2.77509e-10)
(-2.29902e-09 2.213e-10 1.55817e-08)
(1.52e-08 3.20004e-13 2.34065e-09)
(3.81312e-11 1.57135e-08 -2.69088e-10)
(-2.47304e-09 2.16386e-10 1.55505e-08)
(1.51805e-08 6.972e-13 2.50652e-09)
(3.95329e-11 1.57121e-08 -2.60652e-10)
(-2.64154e-09 2.10961e-10 1.55183e-08)
(1.51599e-08 1.0074e-12 2.6675e-09)
(4.06888e-11 1.57106e-08 -2.52289e-10)
(-2.8046e-09 2.05244e-10 1.54854e-08)
(1.51384e-08 1.2684e-12 2.82362e-09)
(4.16222e-11 1.5709e-08 -2.44043e-10)
(-2.96231e-09 1.99375e-10 1.54519e-08)
(1.51162e-08 1.49203e-12 2.97491e-09)
(4.23526e-11 1.57073e-08 -2.35936e-10)
(-3.11479e-09 1.93446e-10 1.54179e-08)
(1.50932e-08 1.6864e-12 3.12143e-09)
(4.2896e-11 1.57056e-08 -2.27976e-10)
(-3.26212e-09 1.87514e-10 1.53836e-08)
(1.50698e-08 1.85723e-12 3.26324e-09)
(4.3266e-11 1.57038e-08 -2.20169e-10)
(-3.40441e-09 1.81618e-10 1.5349e-08)
(1.5046e-08 2.00869e-12 3.40041e-09)
(4.34743e-11 1.5702e-08 -2.12514e-10)
(-3.54176e-09 1.75779e-10 1.53142e-08)
(1.50218e-08 2.14393e-12 3.533e-09)
(4.35315e-11 1.57001e-08 -2.05012e-10)
(-3.67426e-09 1.70012e-10 1.52794e-08)
(1.49975e-08 2.26531e-12 3.66111e-09)
(4.34474e-11 1.56982e-08 -1.97664e-10)
(-3.80202e-09 1.64326e-10 1.52447e-08)
(1.4973e-08 2.3747e-12 3.78479e-09)
(4.32317e-11 1.56963e-08 -1.90467e-10)
(-3.92512e-09 1.58726e-10 1.52101e-08)
(1.49486e-08 2.4735e-12 3.90413e-09)
(4.28934e-11 1.56944e-08 -1.83423e-10)
(-4.04367e-09 1.53217e-10 1.51758e-08)
(1.49242e-08 2.56281e-12 4.01922e-09)
(4.24419e-11 1.56925e-08 -1.76531e-10)
(-4.15776e-09 1.47799e-10 1.51418e-08)
(1.48999e-08 2.64348e-12 4.13013e-09)
(4.18859e-11 1.56905e-08 -1.6979e-10)
(-4.26749e-09 1.42476e-10 1.51081e-08)
(1.48759e-08 2.71615e-12 4.23695e-09)
(4.12341e-11 1.56885e-08 -1.632e-10)
(-4.37295e-09 1.37247e-10 1.50749e-08)
(1.48521e-08 2.78131e-12 4.33975e-09)
(4.04949e-11 1.56865e-08 -1.5676e-10)
(-4.47424e-09 1.32114e-10 1.50422e-08)
(1.48286e-08 2.83936e-12 4.43862e-09)
(3.96766e-11 1.56846e-08 -1.50469e-10)
(-4.57145e-09 1.27077e-10 1.50101e-08)
(1.48055e-08 2.8906e-12 4.53365e-09)
(3.8787e-11 1.56826e-08 -1.44327e-10)
(-4.66469e-09 1.22137e-10 1.49787e-08)
(1.47829e-08 2.93527e-12 4.62492e-09)
(3.78336e-11 1.56806e-08 -1.38333e-10)
(-4.75404e-09 1.17294e-10 1.49479e-08)
(1.47607e-08 2.97357e-12 4.71251e-09)
(3.68237e-11 1.56786e-08 -1.32485e-10)
(-4.8396e-09 1.12548e-10 1.49178e-08)
(1.47391e-08 3.00569e-12 4.7965e-09)
(3.57641e-11 1.56766e-08 -1.26782e-10)
(-4.92146e-09 1.079e-10 1.48884e-08)
(1.4718e-08 3.03178e-12 4.87697e-09)
(3.46615e-11 1.56747e-08 -1.21222e-10)
(-4.99971e-09 1.03349e-10 1.48599e-08)
(1.46974e-08 3.052e-12 4.95402e-09)
(3.35222e-11 1.56727e-08 -1.15805e-10)
(-5.07444e-09 9.88971e-11 1.48321e-08)
(1.46775e-08 3.06649e-12 5.02771e-09)
(3.23519e-11 1.56708e-08 -1.10529e-10)
(-5.14576e-09 9.45429e-11 1.48052e-08)
(1.46582e-08 3.07538e-12 5.09814e-09)
(3.11564e-11 1.56688e-08 -1.05393e-10)
(-5.21373e-09 9.02868e-11 1.47792e-08)
(1.46396e-08 3.07883e-12 5.16539e-09)
(2.9941e-11 1.56669e-08 -1.00394e-10)
(-5.27846e-09 8.6129e-11 1.4754e-08)
(1.46217e-08 3.07696e-12 5.22952e-09)
(2.87106e-11 1.5665e-08 -9.55314e-11)
(-5.34004e-09 8.20694e-11 1.47297e-08)
(1.46044e-08 3.06992e-12 5.29064e-09)
(2.74701e-11 1.56631e-08 -9.08036e-11)
(-5.39854e-09 7.8108e-11 1.47063e-08)
(1.45878e-08 3.05784e-12 5.3488e-09)
(2.6224e-11 1.56613e-08 -8.6209e-11)
(-5.45406e-09 7.42447e-11 1.46839e-08)
(1.45719e-08 3.04087e-12 5.40411e-09)
(2.49763e-11 1.56595e-08 -8.17459e-11)
(-5.50668e-09 7.04795e-11 1.46623e-08)
(1.45568e-08 3.01915e-12 5.45662e-09)
(2.37312e-11 1.56577e-08 -7.74127e-11)
(-5.55648e-09 6.68123e-11 1.46416e-08)
(1.45423e-08 2.99281e-12 5.50643e-09)
(2.24922e-11 1.56559e-08 -7.3208e-11)
(-5.60355e-09 6.32429e-11 1.46219e-08)
(1.45285e-08 2.96201e-12 5.5536e-09)
(2.1263e-11 1.56541e-08 -6.91302e-11)
(-5.64798e-09 5.97713e-11 1.46031e-08)
(1.45155e-08 2.92687e-12 5.59823e-09)
(2.00467e-11 1.56524e-08 -6.51777e-11)
(-5.68983e-09 5.63973e-11 1.45852e-08)
(1.45032e-08 2.88755e-12 5.64037e-09)
(1.88463e-11 1.56507e-08 -6.13492e-11)
(-5.7292e-09 5.31207e-11 1.45681e-08)
(1.44915e-08 2.84418e-12 5.68011e-09)
(1.76648e-11 1.56491e-08 -5.76431e-11)
(-5.76616e-09 4.99413e-11 1.4552e-08)
(1.44805e-08 2.79689e-12 5.71753e-09)
(1.65047e-11 1.56475e-08 -5.40581e-11)
(-5.80079e-09 4.6859e-11 1.45367e-08)
(1.44702e-08 2.74584e-12 5.7527e-09)
(1.53685e-11 1.56459e-08 -5.05929e-11)
(-5.83318e-09 4.38736e-11 1.45223e-08)
(1.44606e-08 2.69116e-12 5.78568e-09)
(1.42584e-11 1.56444e-08 -4.72461e-11)
(-5.86339e-09 4.09848e-11 1.45088e-08)
(1.44516e-08 2.63299e-12 5.81657e-09)
(1.31766e-11 1.56429e-08 -4.40164e-11)
(-5.8915e-09 3.81924e-11 1.44961e-08)
(1.44433e-08 2.57147e-12 5.84543e-09)
(1.21249e-11 1.56414e-08 -4.09027e-11)
(-5.9176e-09 3.54962e-11 1.44842e-08)
(1.44356e-08 2.50672e-12 5.87233e-09)
(1.11051e-11 1.564e-08 -3.79037e-11)
(-5.94175e-09 3.28961e-11 1.44731e-08)
(1.44285e-08 2.4389e-12 5.89734e-09)
(1.01188e-11 1.56386e-08 -3.50185e-11)
(-5.96403e-09 3.03916e-11 1.44627e-08)
(1.44219e-08 2.36812e-12 5.92054e-09)
(9.16746e-12 1.56373e-08 -3.22458e-11)
(-5.98451e-09 2.79828e-11 1.44532e-08)
(1.44159e-08 2.29454e-12 5.942e-09)
(8.2524e-12 1.5636e-08 -2.95848e-11)
(-6.00327e-09 2.56691e-11 1.44443e-08)
(1.44105e-08 2.21827e-12 5.9618e-09)
(7.37482e-12 1.56347e-08 -2.70344e-11)
(-6.02038e-09 2.34506e-11 1.44362e-08)
(1.44056e-08 2.13945e-12 5.97999e-09)
(6.53577e-12 1.56335e-08 -2.45937e-11)
(-6.03591e-09 2.13268e-11 1.44287e-08)
(1.44011e-08 2.05822e-12 5.99665e-09)
(5.73621e-12 1.56324e-08 -2.22619e-11)
(-6.04994e-09 1.92976e-11 1.44219e-08)
(1.43972e-08 1.97469e-12 6.01186e-09)
(4.97698e-12 1.56313e-08 -2.00382e-11)
(-6.06252e-09 1.73627e-11 1.44158e-08)
(1.43936e-08 1.889e-12 6.02567e-09)
(4.2588e-12 1.56302e-08 -1.79218e-11)
(-6.07375e-09 1.55219e-11 1.44102e-08)
(1.43906e-08 1.80127e-12 6.03817e-09)
(3.58233e-12 1.56292e-08 -1.5912e-11)
(-6.08368e-09 1.37749e-11 1.44052e-08)
(1.43879e-08 1.71162e-12 6.04942e-09)
(2.94811e-12 1.56282e-08 -1.4008e-11)
(-6.09238e-09 1.21216e-11 1.44008e-08)
(1.43855e-08 1.6202e-12 6.05948e-09)
(2.35663e-12 1.56273e-08 -1.22095e-11)
(-6.09993e-09 1.05617e-11 1.43969e-08)
(1.43836e-08 1.52712e-12 6.06844e-09)
(1.80831e-12 1.56265e-08 -1.05156e-11)
(-6.1064e-09 9.09499e-12 1.43936e-08)
(1.43819e-08 1.43253e-12 6.07635e-09)
(1.30352e-12 1.56257e-08 -8.92602e-12)
(-6.11184e-09 7.72126e-12 1.43906e-08)
(1.43805e-08 1.33662e-12 6.08328e-09)
(8.42612e-13 1.56249e-08 -7.44025e-12)
(-6.11634e-09 6.4403e-12 1.43882e-08)
(1.43794e-08 1.23959e-12 6.0893e-09)
(4.25909e-13 1.56242e-08 -6.05796e-12)
(-6.11996e-09 5.25191e-12 1.43861e-08)
(1.43786e-08 1.14177e-12 6.09449e-09)
(5.37422e-14 1.56236e-08 -4.7789e-12)
(-6.12276e-09 4.15587e-12 1.43845e-08)
(1.43779e-08 1.04364e-12 6.0989e-09)
(-2.73571e-13 1.5623e-08 -3.60292e-12)
(-6.12482e-09 3.15191e-12 1.43831e-08)
(1.43774e-08 9.45914e-13 6.1026e-09)
(-5.55783e-13 1.56224e-08 -2.53002e-12)
(-6.1262e-09 2.23965e-12 1.43822e-08)
(1.43771e-08 8.4975e-13 6.10567e-09)
(-7.92871e-13 1.56219e-08 -1.56036e-12)
(-6.12697e-09 1.41859e-12 1.43815e-08)
(1.43769e-08 7.56892e-13 6.10817e-09)
(-9.85379e-13 1.56215e-08 -6.94184e-13)
(-6.1272e-09 6.87952e-13 1.43811e-08)
(1.43768e-08 6.69943e-13 6.11016e-09)
(-1.13517e-12 1.56211e-08 6.81749e-14)
(-6.12695e-09 4.66821e-14 1.43809e-08)
(1.43768e-08 5.92587e-13 6.11172e-09)
(-1.24689e-12 1.56208e-08 7.26555e-13)
(-6.1263e-09 -5.0652e-13 1.43809e-08)
(1.43769e-08 5.29412e-13 6.11291e-09)
(-1.33061e-12 1.56205e-08 1.28135e-12)
(-6.1253e-09 -9.72648e-13 1.43811e-08)
(1.4377e-08 4.84789e-13 6.1138e-09)
(-1.40738e-12 1.56203e-08 1.73396e-12)
(-6.12402e-09 -1.35054e-12 1.43815e-08)
(1.43771e-08 4.62268e-13 6.11444e-09)
(-1.50964e-12 1.56201e-08 2.09286e-12)
(-6.12252e-09 -1.63109e-12 1.4382e-08)
(1.4377e-08 4.62703e-13 6.11485e-09)
(-1.63731e-12 1.56199e-08 2.40366e-12)
(-6.12085e-09 -1.78363e-12 1.43827e-08)
(-1.7319e-12 1.56193e-08 2.74513e-12)
(-6.11882e-09 -1.73762e-12 1.43835e-08)
(1.53248e-08 -1.17865e-10 2.49842e-10)
(-8.36623e-12 9.70144e-11 1.57746e-08)
(1.53079e-08 -2.82931e-11 4.37014e-10)
(-4.1063e-10 2.34395e-10 1.57064e-08)
(1.53046e-08 -8.62139e-12 6.44067e-10)
(-6.73843e-10 2.91905e-10 1.57521e-08)
(1.53e-08 -5.64263e-12 8.48508e-10)
(-9.0469e-10 3.19722e-10 1.57506e-08)
(1.52945e-08 -3.75103e-12 1.04827e-09)
(-1.12604e-09 3.34696e-10 1.57341e-08)
(1.5287e-08 -2.05873e-12 1.24423e-09)
(-1.33941e-09 3.41198e-10 1.57131e-08)
(1.52772e-08 -7.48587e-13 1.43649e-09)
(-1.54556e-09 3.41812e-10 1.56892e-08)
(1.52654e-08 2.42795e-13 1.62487e-09)
(-1.74492e-09 3.3854e-10 1.56632e-08)
(1.52518e-08 1.01278e-12 1.80911e-09)
(-1.93774e-09 3.32809e-10 1.56355e-08)
(1.52364e-08 1.63989e-12 1.98897e-09)
(-2.12422e-09 3.25585e-10 1.56063e-08)
(1.52195e-08 2.17519e-12 2.16426e-09)
(-2.30457e-09 3.17497e-10 1.5576e-08)
(1.52013e-08 2.64685e-12 2.33484e-09)
(-2.47901e-09 3.08943e-10 1.55447e-08)
(1.51818e-08 3.06913e-12 2.50065e-09)
(-2.64772e-09 3.00169e-10 1.55126e-08)
(1.51613e-08 3.44925e-12 2.66163e-09)
(-2.81085e-09 2.91324e-10 1.54798e-08)
(1.51398e-08 3.79136e-12 2.81779e-09)
(-2.96857e-09 2.82498e-10 1.54463e-08)
(1.51176e-08 4.09852e-12 2.96915e-09)
(-3.121e-09 2.73743e-10 1.54125e-08)
(1.50947e-08 4.37352e-12 3.11576e-09)
(-3.26825e-09 2.65088e-10 1.53782e-08)
(1.50713e-08 4.61913e-12 3.25766e-09)
(-3.41045e-09 2.56551e-10 1.53437e-08)
(1.50475e-08 4.83804e-12 3.39493e-09)
(-3.5477e-09 2.48141e-10 1.53091e-08)
(1.50234e-08 5.03277e-12 3.52763e-09)
(-3.6801e-09 2.39864e-10 1.52745e-08)
(1.49991e-08 5.20561e-12 3.65583e-09)
(-3.80775e-09 2.31723e-10 1.52399e-08)
(1.49747e-08 5.35854e-12 3.77962e-09)
(-3.93074e-09 2.2372e-10 1.52054e-08)
(1.49502e-08 5.49323e-12 3.89907e-09)
(-4.04918e-09 2.15855e-10 1.51712e-08)
(1.49258e-08 5.6111e-12 4.01426e-09)
(-4.16317e-09 2.08131e-10 1.51373e-08)
(1.49016e-08 5.71329e-12 4.12527e-09)
(-4.27279e-09 2.00547e-10 1.51038e-08)
(1.48775e-08 5.80077e-12 4.23219e-09)
(-4.37815e-09 1.93104e-10 1.50707e-08)
(1.48538e-08 5.87433e-12 4.3351e-09)
(-4.47934e-09 1.85802e-10 1.50381e-08)
(1.48303e-08 5.93465e-12 4.43408e-09)
(-4.57645e-09 1.78642e-10 1.50061e-08)
(1.48072e-08 5.98233e-12 4.52921e-09)
(-4.66958e-09 1.71624e-10 1.49748e-08)
(1.47846e-08 6.01791e-12 4.62058e-09)
(-4.75883e-09 1.64748e-10 1.49441e-08)
(1.47624e-08 6.04187e-12 4.70827e-09)
(-4.84429e-09 1.58014e-10 1.49141e-08)
(1.47407e-08 6.05467e-12 4.79236e-09)
(-4.92605e-09 1.51422e-10 1.48848e-08)
(1.47196e-08 6.05675e-12 4.87293e-09)
(-5.0042e-09 1.44973e-10 1.48564e-08)
(1.46991e-08 6.04853e-12 4.95008e-09)
(-5.07884e-09 1.38667e-10 1.48287e-08)
(1.46792e-08 6.03041e-12 5.02387e-09)
(-5.15006e-09 1.32502e-10 1.48019e-08)
(1.46599e-08 6.00279e-12 5.0944e-09)
(-5.21794e-09 1.2648e-10 1.4776e-08)
(1.46412e-08 5.96607e-12 5.16174e-09)
(-5.28257e-09 1.20599e-10 1.47509e-08)
(1.46232e-08 5.92062e-12 5.22597e-09)
(-5.34405e-09 1.14861e-10 1.47267e-08)
(1.46059e-08 5.86682e-12 5.28718e-09)
(-5.40245e-09 1.09264e-10 1.47034e-08)
(1.45893e-08 5.80503e-12 5.34544e-09)
(-5.45788e-09 1.03808e-10 1.4681e-08)
(1.45734e-08 5.7356e-12 5.40084e-09)
(-5.5104e-09 9.84932e-11 1.46596e-08)
(1.45582e-08 5.65888e-12 5.45344e-09)
(-5.56011e-09 9.3319e-11 1.4639e-08)
(1.45437e-08 5.5752e-12 5.50334e-09)
(-5.60709e-09 8.8285e-11 1.46194e-08)
(1.453e-08 5.48488e-12 5.55061e-09)
(-5.65142e-09 8.3391e-11 1.46006e-08)
(1.45169e-08 5.38825e-12 5.59532e-09)
(-5.69318e-09 7.86366e-11 1.45828e-08)
(1.45045e-08 5.28561e-12 5.63755e-09)
(-5.73245e-09 7.40213e-11 1.45659e-08)
(1.44928e-08 5.17727e-12 5.67739e-09)
(-5.76932e-09 6.95448e-11 1.45498e-08)
(1.44818e-08 5.06351e-12 5.71489e-09)
(-5.80386e-09 6.52065e-11 1.45346e-08)
(1.44715e-08 4.94462e-12 5.75014e-09)
(-5.83615e-09 6.10062e-11 1.45203e-08)
(1.44618e-08 4.82087e-12 5.78322e-09)
(-5.86627e-09 5.69434e-11 1.45068e-08)
(1.44528e-08 4.69253e-12 5.81419e-09)
(-5.89429e-09 5.30176e-11 1.44942e-08)
(1.44444e-08 4.55986e-12 5.84313e-09)
(-5.92029e-09 4.92284e-11 1.44824e-08)
(1.44366e-08 4.4231e-12 5.87012e-09)
(-5.94435e-09 4.55753e-11 1.44714e-08)
(1.44295e-08 4.28251e-12 5.89521e-09)
(-5.96654e-09 4.2058e-11 1.44611e-08)
(1.44229e-08 4.13831e-12 5.9185e-09)
(-5.98693e-09 3.86758e-11 1.44516e-08)
(1.44169e-08 3.99074e-12 5.94004e-09)
(-6.00559e-09 3.54286e-11 1.44428e-08)
(1.44114e-08 3.84002e-12 5.95992e-09)
(-6.02261e-09 3.23156e-11 1.44348e-08)
(1.44064e-08 3.68637e-12 5.97819e-09)
(-6.03805e-09 2.93366e-11 1.44274e-08)
(1.44019e-08 3.52999e-12 5.99494e-09)
(-6.05198e-09 2.64911e-11 1.44207e-08)
(1.43979e-08 3.37108e-12 6.01023e-09)
(-6.06448e-09 2.37787e-11 1.44146e-08)
(1.43944e-08 3.20985e-12 6.02412e-09)
(-6.07561e-09 2.11989e-11 1.44091e-08)
(1.43912e-08 3.04646e-12 6.0367e-09)
(-6.08545e-09 1.87513e-11 1.44042e-08)
(1.43885e-08 2.88111e-12 6.04803e-09)
(-6.09406e-09 1.64356e-11 1.43998e-08)
(1.43861e-08 2.71396e-12 6.05818e-09)
(-6.10151e-09 1.42512e-11 1.4396e-08)
(1.43841e-08 2.54517e-12 6.06721e-09)
(-6.10788e-09 1.2198e-11 1.43927e-08)
(1.43824e-08 2.37487e-12 6.0752e-09)
(-6.11324e-09 1.02755e-11 1.43899e-08)
(1.4381e-08 2.2032e-12 6.08221e-09)
(-6.11764e-09 8.48344e-12 1.43875e-08)
(1.43798e-08 2.03029e-12 6.08831e-09)
(-6.12116e-09 6.82159e-12 1.43855e-08)
(1.43789e-08 1.85631e-12 6.09358e-09)
(-6.12387e-09 5.28975e-12 1.43839e-08)
(1.43782e-08 1.68151e-12 6.09807e-09)
(-6.12584e-09 3.88776e-12 1.43826e-08)
(1.43777e-08 1.50635e-12 6.10185e-09)
(-6.12712e-09 2.61546e-12 1.43817e-08)
(1.43774e-08 1.33174e-12 6.105e-09)
(-6.1278e-09 1.4726e-12 1.43811e-08)
(1.43771e-08 1.15943e-12 6.10757e-09)
(-6.12793e-09 4.58676e-13 1.43807e-08)
(1.4377e-08 9.92881e-13 6.10964e-09)
(-6.12759e-09 -4.27507e-13 1.43806e-08)
(1.4377e-08 8.3893e-13 6.11127e-09)
(-6.12684e-09 -1.18854e-12 1.43806e-08)
(1.4377e-08 7.11332e-13 6.11253e-09)
(-6.12575e-09 -1.82981e-12 1.43809e-08)
(1.43771e-08 6.32131e-13 6.11348e-09)
(-6.12438e-09 -2.36178e-12 1.43813e-08)
(1.43773e-08 6.02381e-13 6.11416e-09)
(-6.12279e-09 -2.80373e-12 1.43818e-08)
(1.43773e-08 5.54764e-13 6.11459e-09)
(-6.12104e-09 -3.17683e-12 1.43826e-08)
(-6.11875e-09 -3.37516e-12 1.43835e-08)
(1.55408e-08 9.92213e-12 2.43416e-10)
(-3.20412e-11 1.56607e-08 1.06367e-10)
(5.57787e-11 -1.04421e-10 1.55943e-08)
(1.55238e-08 -8.70743e-12 4.12385e-10)
(5.35243e-12 1.56397e-08 2.44513e-10)
(-3.85172e-10 -2.45355e-10 1.5654e-08)
(1.55132e-08 -7.6022e-12 6.21189e-10)
(3.87487e-12 1.56298e-08 2.84915e-10)
(-6.62547e-10 -2.96362e-10 1.5647e-08)
(1.55029e-08 -2.62525e-12 8.31975e-10)
(-6.92357e-12 1.56232e-08 2.97452e-10)
(-8.98272e-10 -3.18002e-10 1.564e-08)
(1.54921e-08 1.22619e-12 1.03728e-09)
(-1.66345e-11 1.56201e-08 3.01393e-10)
(-1.12177e-09 -3.29202e-10 1.56278e-08)
(1.54798e-08 3.74619e-12 1.2376e-09)
(-2.42816e-11 1.56192e-08 3.00329e-10)
(-1.33578e-09 -3.33502e-10 1.56106e-08)
(1.54657e-08 5.26692e-12 1.43335e-09)
(-3.01554e-11 1.56195e-08 2.95969e-10)
(-1.5417e-09 -3.3283e-10 1.559e-08)
(1.54496e-08 6.06214e-12 1.62459e-09)
(-3.46178e-11 1.56203e-08 2.89596e-10)
(-1.74037e-09 -3.28861e-10 1.55667e-08)
(1.54317e-08 6.3527e-12 1.81123e-09)
(-3.80171e-11 1.56214e-08 2.82103e-10)
(-1.93227e-09 -3.22837e-10 1.55414e-08)
(1.54119e-08 6.30928e-12 1.99315e-09)
(-4.06328e-11 1.56227e-08 2.74073e-10)
(-2.11775e-09 -3.15598e-10 1.55147e-08)
(1.53905e-08 6.05809e-12 2.1702e-09)
(-4.26709e-11 1.56239e-08 2.65853e-10)
(-2.29712e-09 -3.07682e-10 1.54869e-08)
(1.53677e-08 5.68891e-12 2.34231e-09)
(-4.42777e-11 1.56251e-08 2.57634e-10)
(-2.47064e-09 -2.99419e-10 1.5458e-08)
(1.53436e-08 5.26251e-12 2.50942e-09)
(-4.55533e-11 1.56262e-08 2.49509e-10)
(-2.63852e-09 -2.91009e-10 1.54283e-08)
(1.53184e-08 4.81776e-12 2.67154e-09)
(-4.65642e-11 1.56272e-08 2.41519e-10)
(-2.80093e-09 -2.82566e-10 1.53979e-08)
(1.52923e-08 4.37786e-12 2.82867e-09)
(-4.73532e-11 1.56281e-08 2.33679e-10)
(-2.95802e-09 -2.74158e-10 1.5367e-08)
(1.52655e-08 3.95543e-12 2.98085e-09)
(-4.79482e-11 1.56289e-08 2.2599e-10)
(-3.1099e-09 -2.65822e-10 1.53355e-08)
(1.52381e-08 3.55631e-12 3.12816e-09)
(-4.83676e-11 1.56297e-08 2.18448e-10)
(-3.25671e-09 -2.5758e-10 1.53037e-08)
(1.52102e-08 3.18234e-12 3.27064e-09)
(-4.86246e-11 1.56303e-08 2.11051e-10)
(-3.39853e-09 -2.49443e-10 1.52716e-08)
(1.5182e-08 2.83312e-12 3.40838e-09)
(-4.87293e-11 1.56308e-08 2.03794e-10)
(-3.53547e-09 -2.41419e-10 1.52393e-08)
(1.51535e-08 2.5072e-12 3.54145e-09)
(-4.86905e-11 1.56313e-08 1.96675e-10)
(-3.66763e-09 -2.3351e-10 1.5207e-08)
(1.51249e-08 2.20274e-12 3.66993e-09)
(-4.85166e-11 1.56317e-08 1.89694e-10)
(-3.79509e-09 -2.25721e-10 1.51746e-08)
(1.50963e-08 1.91795e-12 3.79391e-09)
(-4.82157e-11 1.56321e-08 1.82849e-10)
(-3.91796e-09 -2.18054e-10 1.51424e-08)
(1.50677e-08 1.65118e-12 3.91347e-09)
(-4.77961e-11 1.56324e-08 1.76141e-10)
(-4.03632e-09 -2.10509e-10 1.51104e-08)
(1.50392e-08 1.40104e-12 4.0287e-09)
(-4.72659e-11 1.56326e-08 1.6957e-10)
(-4.15026e-09 -2.03089e-10 1.50786e-08)
(1.50109e-08 1.1664e-12 4.13969e-09)
(-4.66334e-11 1.56328e-08 1.63136e-10)
(-4.25989e-09 -1.95794e-10 1.50472e-08)
(1.49829e-08 9.46298e-13 4.24652e-09)
(-4.59067e-11 1.5633e-08 1.56838e-10)
(-4.36529e-09 -1.88626e-10 1.50162e-08)
(1.49553e-08 7.3998e-13 4.34928e-09)
(-4.50938e-11 1.56331e-08 1.50678e-10)
(-4.46656e-09 -1.81586e-10 1.49856e-08)
(1.49281e-08 5.468e-13 4.44805e-09)
(-4.42025e-11 1.56331e-08 1.44655e-10)
(-4.56378e-09 -1.74674e-10 1.49556e-08)
(1.49013e-08 3.6621e-13 4.54294e-09)
(-4.32404e-11 1.56331e-08 1.38768e-10)
(-4.65706e-09 -1.67892e-10 1.49262e-08)
(1.4875e-08 1.97725e-13 4.63401e-09)
(-4.22148e-11 1.56331e-08 1.33017e-10)
(-4.74648e-09 -1.6124e-10 1.48974e-08)
(1.48493e-08 4.09052e-14 4.72137e-09)
(-4.11328e-11 1.56331e-08 1.27402e-10)
(-4.83213e-09 -1.54719e-10 1.48692e-08)
(1.48241e-08 -1.04661e-13 4.80509e-09)
(-4.00009e-11 1.5633e-08 1.21921e-10)
(-4.91411e-09 -1.4833e-10 1.48418e-08)
(1.47996e-08 -2.39366e-13 4.88527e-09)
(-3.88257e-11 1.56329e-08 1.16574e-10)
(-4.9925e-09 -1.42072e-10 1.48151e-08)
(1.47757e-08 -3.63589e-13 4.96198e-09)
(-3.76132e-11 1.56327e-08 1.1136e-10)
(-5.0674e-09 -1.35946e-10 1.47892e-08)
(1.47525e-08 -4.77698e-13 5.03533e-09)
(-3.63693e-11 1.56325e-08 1.06279e-10)
(-5.13889e-09 -1.29953e-10 1.47641e-08)
(1.47301e-08 -5.82057e-13 5.10538e-09)
(-3.50996e-11 1.56323e-08 1.01328e-10)
(-5.20705e-09 -1.24093e-10 1.47397e-08)
(1.47083e-08 -6.77024e-13 5.17223e-09)
(-3.38092e-11 1.56321e-08 9.65065e-11)
(-5.27199e-09 -1.18366e-10 1.47163e-08)
(1.46873e-08 -7.62953e-13 5.23596e-09)
(-3.25031e-11 1.56319e-08 9.18139e-11)
(-5.33378e-09 -1.12773e-10 1.46936e-08)
(1.46671e-08 -8.40191e-13 5.29666e-09)
(-3.1186e-11 1.56316e-08 8.72487e-11)
(-5.39251e-09 -1.07312e-10 1.46719e-08)
(1.46476e-08 -9.09079e-13 5.3544e-09)
(-2.98624e-11 1.56313e-08 8.28098e-11)
(-5.44827e-09 -1.01986e-10 1.4651e-08)
(1.46289e-08 -9.69952e-13 5.40927e-09)
(-2.85364e-11 1.5631e-08 7.84958e-11)
(-5.50113e-09 -9.67928e-11 1.46309e-08)
(1.46109e-08 -1.02314e-12 5.46135e-09)
(-2.72121e-11 1.56307e-08 7.43057e-11)
(-5.55118e-09 -9.17335e-11 1.46118e-08)
(1.45938e-08 -1.06896e-12 5.51072e-09)
(-2.5893e-11 1.56304e-08 7.0238e-11)
(-5.5985e-09 -8.68078e-11 1.45935e-08)
(1.45774e-08 -1.10774e-12 5.55746e-09)
(-2.45827e-11 1.563e-08 6.62917e-11)
(-5.64318e-09 -8.20156e-11 1.4576e-08)
(1.45618e-08 -1.13978e-12 5.60165e-09)
(-2.32844e-11 1.56297e-08 6.24654e-11)
(-5.68529e-09 -7.73571e-11 1.45595e-08)
(1.4547e-08 -1.16537e-12 5.64336e-09)
(-2.20012e-11 1.56294e-08 5.87581e-11)
(-5.72491e-09 -7.28319e-11 1.45438e-08)
(1.4533e-08 -1.18483e-12 5.68269e-09)
(-2.0736e-11 1.5629e-08 5.51686e-11)
(-5.76213e-09 -6.84401e-11 1.45289e-08)
(1.45197e-08 -1.19843e-12 5.7197e-09)
(-1.94914e-11 1.56286e-08 5.16957e-11)
(-5.79701e-09 -6.41814e-11 1.45149e-08)
(1.45071e-08 -1.20645e-12 5.75446e-09)
(-1.82699e-11 1.56283e-08 4.83383e-11)
(-5.82964e-09 -6.00557e-11 1.45017e-08)
(1.44953e-08 -1.20917e-12 5.78707e-09)
(-1.70737e-11 1.56279e-08 4.50955e-11)
(-5.8601e-09 -5.60629e-11 1.44893e-08)
(1.44842e-08 -1.20686e-12 5.81758e-09)
(-1.5905e-11 1.56275e-08 4.1966e-11)
(-5.88845e-09 -5.22028e-11 1.44777e-08)
(1.44738e-08 -1.19975e-12 5.84608e-09)
(-1.47657e-11 1.56272e-08 3.8949e-11)
(-5.91478e-09 -4.84751e-11 1.44669e-08)
(1.44641e-08 -1.18812e-12 5.87264e-09)
(-1.36576e-11 1.56268e-08 3.60434e-11)
(-5.93916e-09 -4.48797e-11 1.44569e-08)
(1.44551e-08 -1.17222e-12 5.89734e-09)
(-1.25824e-11 1.56265e-08 3.32484e-11)
(-5.96166e-09 -4.14162e-11 1.44475e-08)
(1.44467e-08 -1.15226e-12 5.92024e-09)
(-1.15415e-11 1.56261e-08 3.05631e-11)
(-5.98236e-09 -3.80846e-11 1.44389e-08)
(1.44389e-08 -1.1285e-12 5.94142e-09)
(-1.05363e-11 1.56258e-08 2.79866e-11)
(-6.00132e-09 -3.48845e-11 1.4431e-08)
(1.44318e-08 -1.10116e-12 5.96095e-09)
(-9.56809e-12 1.56254e-08 2.55182e-11)
(-6.01862e-09 -3.18157e-11 1.44238e-08)
(1.44252e-08 -1.07046e-12 5.9789e-09)
(-8.6379e-12 1.56251e-08 2.31571e-11)
(-6.03434e-09 -2.88779e-11 1.44172e-08)
(1.44192e-08 -1.03661e-12 5.99535e-09)
(-7.74672e-12 1.56248e-08 2.09025e-11)
(-6.04854e-09 -2.60709e-11 1.44112e-08)
(1.44137e-08 -9.9982e-13 6.01037e-09)
(-6.89543e-12 1.56244e-08 1.87539e-11)
(-6.06129e-09 -2.33944e-11 1.44059e-08)
(1.44088e-08 -9.60297e-13 6.02402e-09)
(-6.0848e-12 1.56241e-08 1.67105e-11)
(-6.07267e-09 -2.08481e-11 1.44011e-08)
(1.44043e-08 -9.18234e-13 6.03637e-09)
(-5.3155e-12 1.56238e-08 1.47719e-11)
(-6.08274e-09 -1.84319e-11 1.43968e-08)
(1.44003e-08 -8.73825e-13 6.04751e-09)
(-4.5881e-12 1.56236e-08 1.29373e-11)
(-6.09158e-09 -1.61454e-11 1.43931e-08)
(1.43968e-08 -8.2726e-13 6.05748e-09)
(-3.90311e-12 1.56233e-08 1.12065e-11)
(-6.09925e-09 -1.39883e-11 1.43898e-08)
(1.43936e-08 -7.78721e-13 6.06637e-09)
(-3.26095e-12 1.5623e-08 9.57885e-12)
(-6.10582e-09 -1.19605e-11 1.43871e-08)
(1.43908e-08 -7.28381e-13 6.07424e-09)
(-2.662e-12 1.56228e-08 8.05407e-12)
(-6.11135e-09 -1.00617e-11 1.43847e-08)
(1.43884e-08 -6.76407e-13 6.08116e-09)
(-2.10658e-12 1.56225e-08 6.63184e-12)
(-6.11593e-09 -8.29182e-12 1.43828e-08)
(1.43864e-08 -6.22958e-13 6.0872e-09)
(-1.59499e-12 1.56223e-08 5.31195e-12)
(-6.11962e-09 -6.65066e-12 1.43812e-08)
(1.43846e-08 -5.68197e-13 6.09242e-09)
(-1.12752e-12 1.56221e-08 4.0943e-12)
(-6.12247e-09 -5.13815e-12 1.438e-08)
(1.43831e-08 -5.12316e-13 6.0969e-09)
(-7.04418e-13 1.56219e-08 2.97889e-12)
(-6.12457e-09 -3.75422e-12 1.43792e-08)
(1.43819e-08 -4.55587e-13 6.1007e-09)
(-3.25915e-13 1.56218e-08 1.96582e-12)
(-6.12598e-09 -2.49878e-12 1.43786e-08)
(1.43808e-08 -3.98429e-13 6.10388e-09)
(7.91696e-15 1.56216e-08 1.05518e-12)
(-6.12677e-09 -1.37158e-12 1.43783e-08)
(1.438e-08 -3.41571e-13 6.10652e-09)
(2.97365e-13 1.56215e-08 2.46883e-13)
(-6.12701e-09 -3.71985e-13 1.43782e-08)
(1.43794e-08 -2.86368e-13 6.10866e-09)
(5.43596e-13 1.56214e-08 -4.59929e-13)
(-6.12676e-09 5.01598e-13 1.43783e-08)
(1.43789e-08 -2.35496e-13 6.11037e-09)
(7.49665e-13 1.56213e-08 -1.06796e-12)
(-6.12609e-09 1.25271e-12 1.43786e-08)
(1.43785e-08 -1.94641e-13 6.1117e-09)
(9.22558e-13 1.56212e-08 -1.58398e-12)
(-6.12508e-09 1.88883e-12 1.43791e-08)
(1.43783e-08 -1.70985e-13 6.11269e-09)
(1.0777e-12 1.56211e-08 -2.02256e-12)
(-6.12378e-09 2.42448e-12 1.43796e-08)
(1.43781e-08 -1.44233e-13 6.11338e-09)
(1.23705e-12 1.5621e-08 -2.41496e-12)
(-6.12224e-09 2.88474e-12 1.43803e-08)
(1.4378e-08 -4.48008e-14 6.11383e-09)
(1.38676e-12 1.5621e-08 -2.82684e-12)
(-6.12043e-09 3.29083e-12 1.43812e-08)
(1.49417e-12 1.56207e-08 -3.30713e-12)
(-6.11787e-09 3.51259e-12 1.4382e-08)
(1.55509e-08 5.28134e-12 1.70222e-10)
(-1.46398e-11 1.56547e-08 5.93667e-11)
(-7.51697e-11 -2.65953e-11 1.56155e-08)
(1.55271e-08 5.09815e-12 3.82052e-10)
(1.62995e-12 1.56379e-08 1.44015e-10)
(-4.54849e-10 -8.61187e-11 1.56332e-08)
(1.55159e-08 3.97022e-12 6.05669e-10)
(6.13354e-13 1.5629e-08 1.79545e-10)
(-6.99654e-10 -1.42562e-10 1.56381e-08)
(1.55057e-08 3.62059e-12 8.23075e-10)
(-5.29129e-12 1.56218e-08 1.94389e-10)
(-9.20244e-10 -1.80527e-10 1.5636e-08)
(1.54945e-08 3.83648e-12 1.03332e-09)
(-1.12004e-11 1.56178e-08 1.99953e-10)
(-1.13403e-09 -2.03747e-10 1.56267e-08)
(1.54817e-08 4.19093e-12 1.23738e-09)
(-1.61686e-11 1.56164e-08 2.00411e-10)
(-1.34124e-09 -2.17005e-10 1.56119e-08)
(1.5467e-08 4.4873e-12 1.43576e-09)
(-2.00964e-11 1.56162e-08 1.97913e-10)
(-1.5426e-09 -2.23544e-10 1.55929e-08)
(1.54504e-08 4.65364e-12 1.62873e-09)
(-2.31126e-11 1.56169e-08 1.9375e-10)
(-1.73834e-09 -2.2558e-10 1.55708e-08)
(1.5432e-08 4.68107e-12 1.81645e-09)
(-2.54139e-11 1.56179e-08 1.88708e-10)
(-1.9284e-09 -2.24642e-10 1.55463e-08)
(1.54119e-08 4.59171e-12 1.99901e-09)
(-2.71796e-11 1.56191e-08 1.83265e-10)
(-2.11277e-09 -2.21766e-10 1.55201e-08)
(1.53903e-08 4.41736e-12 2.17641e-09)
(-2.85492e-11 1.56204e-08 1.77691e-10)
(-2.29151e-09 -2.17649e-10 1.54924e-08)
(1.53673e-08 4.18841e-12 2.34869e-09)
(-2.9624e-11 1.56217e-08 1.72129e-10)
(-2.46468e-09 -2.12758e-10 1.54637e-08)
(1.5343e-08 3.92964e-12 2.51586e-09)
(-3.04739e-11 1.56229e-08 1.66646e-10)
(-2.6324e-09 -2.07402e-10 1.5434e-08)
(1.53178e-08 3.65919e-12 2.67796e-09)
(-3.11454e-11 1.5624e-08 1.6127e-10)
(-2.79476e-09 -2.01783e-10 1.54036e-08)
(1.52916e-08 3.38923e-12 2.83503e-09)
(-3.16683e-11 1.56251e-08 1.56007e-10)
(-2.95186e-09 -1.9603e-10 1.53725e-08)
(1.52648e-08 3.12719e-12 2.98715e-09)
(-3.20618e-11 1.5626e-08 1.50855e-10)
(-3.1038e-09 -1.90226e-10 1.53409e-08)
(1.52373e-08 2.87703e-12 3.13436e-09)
(-3.23386e-11 1.56268e-08 1.45808e-10)
(-3.25068e-09 -1.84424e-10 1.5309e-08)
(1.52094e-08 2.6404e-12 3.27675e-09)
(-3.25074e-11 1.56276e-08 1.40862e-10)
(-3.39259e-09 -1.78657e-10 1.52768e-08)
(1.51811e-08 2.41751e-12 3.41438e-09)
(-3.2575e-11 1.56282e-08 1.36014e-10)
(-3.52963e-09 -1.72946e-10 1.52444e-08)
(1.51526e-08 2.20779e-12 3.54735e-09)
(-3.25471e-11 1.56288e-08 1.3126e-10)
(-3.66189e-09 -1.67303e-10 1.52119e-08)
(1.51239e-08 2.01028e-12 3.67573e-09)
(-3.24294e-11 1.56293e-08 1.26599e-10)
(-3.78945e-09 -1.61737e-10 1.51794e-08)
(1.50952e-08 1.82396e-12 3.7996e-09)
(-3.2227e-11 1.56298e-08 1.2203e-10)
(-3.91242e-09 -1.56253e-10 1.51471e-08)
(1.50666e-08 1.64782e-12 3.91906e-09)
(-3.19454e-11 1.56302e-08 1.17553e-10)
(-4.03089e-09 -1.50855e-10 1.51149e-08)
(1.50381e-08 1.48101e-12 4.03418e-09)
(-3.15902e-11 1.56305e-08 1.13167e-10)
(-4.14493e-09 -1.45545e-10 1.5083e-08)
(1.50098e-08 1.32279e-12 4.14506e-09)
(-3.11667e-11 1.56308e-08 1.08873e-10)
(-4.25466e-09 -1.40324e-10 1.50515e-08)
(1.49818e-08 1.17259e-12 4.25178e-09)
(-3.06804e-11 1.56311e-08 1.04671e-10)
(-4.36017e-09 -1.35194e-10 1.50204e-08)
(1.49541e-08 1.02994e-12 4.35443e-09)
(-3.01366e-11 1.56313e-08 1.00561e-10)
(-4.46153e-09 -1.30156e-10 1.49897e-08)
(1.49269e-08 8.94501e-13 4.4531e-09)
(-2.95405e-11 1.56314e-08 9.65413e-11)
(-4.55886e-09 -1.2521e-10 1.49596e-08)
(1.49001e-08 7.65976e-13 4.54787e-09)
(-2.88972e-11 1.56315e-08 9.26132e-11)
(-4.65223e-09 -1.20358e-10 1.493e-08)
(1.48738e-08 6.44143e-13 4.63884e-09)
(-2.82115e-11 1.56316e-08 8.87759e-11)
(-4.74175e-09 -1.15599e-10 1.49011e-08)
(1.4848e-08 5.28814e-13 4.72609e-09)
(-2.74882e-11 1.56316e-08 8.5029e-11)
(-4.8275e-09 -1.10935e-10 1.48729e-08)
(1.48229e-08 4.19826e-13 4.8097e-09)
(-2.67317e-11 1.56316e-08 8.1372e-11)
(-4.90958e-09 -1.06364e-10 1.48454e-08)
(1.47984e-08 3.17035e-13 4.88977e-09)
(-2.59463e-11 1.56315e-08 7.78044e-11)
(-4.98806e-09 -1.01889e-10 1.48186e-08)
(1.47745e-08 2.20304e-13 4.96638e-09)
(-2.51361e-11 1.56314e-08 7.43255e-11)
(-5.06306e-09 -9.75089e-11 1.47926e-08)
(1.47513e-08 1.29503e-13 5.03962e-09)
(-2.4305e-11 1.56313e-08 7.09347e-11)
(-5.13464e-09 -9.3224e-11 1.47673e-08)
(1.47288e-08 4.45035e-14 5.10957e-09)
(-2.34566e-11 1.56312e-08 6.76312e-11)
(-5.2029e-09 -8.90345e-11 1.47429e-08)
(1.47071e-08 -3.4825e-14 5.17631e-09)
(-2.25945e-11 1.5631e-08 6.44143e-11)
(-5.26794e-09 -8.49406e-11 1.47193e-08)
(1.46861e-08 -1.08613e-13 5.23994e-09)
(-2.17219e-11 1.56308e-08 6.12833e-11)
(-5.32982e-09 -8.09424e-11 1.46966e-08)
(1.46659e-08 -1.76992e-13 5.30053e-09)
(-2.08421e-11 1.56306e-08 5.82372e-11)
(-5.38865e-09 -7.70399e-11 1.46748e-08)
(1.46464e-08 -2.40095e-13 5.35817e-09)
(-1.99579e-11 1.56304e-08 5.52753e-11)
(-5.44449e-09 -7.32333e-11 1.46538e-08)
(1.46277e-08 -2.98059e-13 5.41293e-09)
(-1.90722e-11 1.56301e-08 5.23968e-11)
(-5.49745e-09 -6.95224e-11 1.46336e-08)
(1.46098e-08 -3.51019e-13 5.46491e-09)
(-1.81875e-11 1.56299e-08 4.96008e-11)
(-5.54759e-09 -6.59074e-11 1.46144e-08)
(1.45927e-08 -3.99113e-13 5.51418e-09)
(-1.73064e-11 1.56296e-08 4.68866e-11)
(-5.59501e-09 -6.23881e-11 1.4596e-08)
(1.45763e-08 -4.4248e-13 5.56082e-09)
(-1.64312e-11 1.56293e-08 4.42534e-11)
(-5.63978e-09 -5.89646e-11 1.45785e-08)
(1.45607e-08 -4.8126e-13 5.60491e-09)
(-1.55641e-11 1.5629e-08 4.17002e-11)
(-5.68198e-09 -5.56366e-11 1.45618e-08)
(1.45459e-08 -5.15592e-13 5.64652e-09)
(-1.4707e-11 1.56287e-08 3.92264e-11)
(-5.7217e-09 -5.24042e-11 1.4546e-08)
(1.45319e-08 -5.45618e-13 5.68575e-09)
(-1.38619e-11 1.56284e-08 3.68311e-11)
(-5.759e-09 -4.92672e-11 1.45311e-08)
(1.45186e-08 -5.71477e-13 5.72266e-09)
(-1.30306e-11 1.5628e-08 3.45136e-11)
(-5.79398e-09 -4.62254e-11 1.4517e-08)
(1.45061e-08 -5.9331e-13 5.75732e-09)
(-1.22147e-11 1.56277e-08 3.22732e-11)
(-5.82671e-09 -4.32789e-11 1.45037e-08)
(1.44943e-08 -6.11257e-13 5.78983e-09)
(-1.14158e-11 1.56274e-08 3.01092e-11)
(-5.85725e-09 -4.04273e-11 1.44913e-08)
(1.44832e-08 -6.25457e-13 5.82025e-09)
(-1.06352e-11 1.5627e-08 2.80208e-11)
(-5.8857e-09 -3.76706e-11 1.44796e-08)
(1.44729e-08 -6.36052e-13 5.84865e-09)
(-9.87419e-12 1.56267e-08 2.60074e-11)
(-5.91212e-09 -3.50085e-11 1.44687e-08)
(1.44632e-08 -6.43179e-13 5.87512e-09)
(-9.13407e-12 1.56264e-08 2.40683e-11)
(-5.93659e-09 -3.2441e-11 1.44586e-08)
(1.44542e-08 -6.46977e-13 5.89971e-09)
(-8.41587e-12 1.5626e-08 2.2203e-11)
(-5.95918e-09 -2.99678e-11 1.44492e-08)
(1.44458e-08 -6.47585e-13 5.92252e-09)
(-7.72061e-12 1.56257e-08 2.04109e-11)
(-5.97997e-09 -2.75888e-11 1.44405e-08)
(1.44381e-08 -6.45141e-13 5.94361e-09)
(-7.04919e-12 1.56254e-08 1.86914e-11)
(-5.99903e-09 -2.53037e-11 1.44325e-08)
(1.4431e-08 -6.39779e-13 5.96304e-09)
(-6.40242e-12 1.56251e-08 1.70439e-11)
(-6.01642e-09 -2.31124e-11 1.44252e-08)
(1.44244e-08 -6.31637e-13 5.98091e-09)
(-5.78105e-12 1.56248e-08 1.54681e-11)
(-6.03223e-09 -2.10146e-11 1.44185e-08)
(1.44185e-08 -6.20847e-13 5.99726e-09)
(-5.18572e-12 1.56245e-08 1.39633e-11)
(-6.04652e-09 -1.90102e-11 1.44125e-08)
(1.4413e-08 -6.07545e-13 6.01218e-09)
(-4.61703e-12 1.56242e-08 1.25292e-11)
(-6.05937e-09 -1.7099e-11 1.44071e-08)
(1.44081e-08 -5.91862e-13 6.02574e-09)
(-4.07547e-12 1.56239e-08 1.11653e-11)
(-6.07084e-09 -1.52808e-11 1.44022e-08)
(1.44037e-08 -5.7393e-13 6.038e-09)
(-3.56151e-12 1.56236e-08 9.87122e-12)
(-6.08101e-09 -1.35553e-11 1.43979e-08)
(1.43997e-08 -5.53881e-13 6.04904e-09)
(-3.07552e-12 1.56233e-08 8.64666e-12)
(-6.08993e-09 -1.19225e-11 1.43941e-08)
(1.43962e-08 -5.31846e-13 6.05893e-09)
(-2.61785e-12 1.56231e-08 7.49127e-12)
(-6.09769e-09 -1.0382e-11 1.43908e-08)
(1.43931e-08 -5.07959e-13 6.06772e-09)
(-2.18878e-12 1.56228e-08 6.40476e-12)
(-6.10436e-09 -8.93378e-12 1.43879e-08)
(1.43904e-08 -4.82355e-13 6.0755e-09)
(-1.78858e-12 1.56226e-08 5.3869e-12)
(-6.10999e-09 -7.57761e-12 1.43855e-08)
(1.4388e-08 -4.55175e-13 6.08233e-09)
(-1.41748e-12 1.56224e-08 4.43751e-12)
(-6.11466e-09 -6.31332e-12 1.43835e-08)
(1.4386e-08 -4.26576e-13 6.08828e-09)
(-1.07569e-12 1.56222e-08 3.55649e-12)
(-6.11844e-09 -5.14074e-12 1.43819e-08)
(1.43842e-08 -3.96742e-13 6.09342e-09)
(-7.63427e-13 1.5622e-08 2.7438e-12)
(-6.12139e-09 -4.05965e-12 1.43807e-08)
(1.43828e-08 -3.65909e-13 6.0978e-09)
(-4.80883e-13 1.56218e-08 1.99949e-12)
(-6.12358e-09 -3.06979e-12 1.43797e-08)
(1.43816e-08 -3.34396e-13 6.10151e-09)
(-2.2822e-13 1.56217e-08 1.32368e-12)
(-6.12509e-09 -2.17076e-12 1.43791e-08)
(1.43806e-08 -3.02658e-13 6.10461e-09)
(-5.48663e-15 1.56215e-08 7.16473e-13)
(-6.12597e-09 -1.36195e-12 1.43787e-08)
(1.43798e-08 -2.71351e-13 6.10715e-09)
(1.87567e-13 1.56214e-08 1.77798e-13)
(-6.1263e-09 -6.42396e-13 1.43786e-08)
(1.43792e-08 -2.41405e-13 6.10922e-09)
(3.5185e-13 1.56213e-08 -2.93012e-13)
(-6.12614e-09 -1.07003e-14 1.43787e-08)
(1.43787e-08 -2.14092e-13 6.11085e-09)
(4.89562e-13 1.56212e-08 -6.98007e-13)
(-6.12557e-09 5.34928e-13 1.43789e-08)
(1.43784e-08 -1.90801e-13 6.11212e-09)
(6.05245e-13 1.56211e-08 -1.04202e-12)
(-6.12464e-09 9.95974e-13 1.43793e-08)
(1.43781e-08 -1.72504e-13 6.11308e-09)
(7.07425e-13 1.56211e-08 -1.33476e-12)
(-6.12341e-09 1.37112e-12 1.43798e-08)
(1.4378e-08 -1.60715e-13 6.11377e-09)
(8.06637e-13 1.5621e-08 -1.59462e-12)
(-6.12194e-09 1.64915e-12 1.43805e-08)
(1.43778e-08 -1.54404e-13 6.11424e-09)
(9.04935e-13 1.5621e-08 -1.85058e-12)
(-6.12021e-09 1.79495e-12 1.43812e-08)
(1.02282e-12 1.56207e-08 -2.1081e-12)
(-6.11793e-09 1.73001e-12 1.43819e-08)
(1.55573e-08 2.90576e-12 1.51133e-10)
(-5.64363e-12 1.56502e-08 2.68512e-11)
(-1.09021e-10 -7.25389e-12 1.56177e-08)
(1.55316e-08 4.25517e-12 3.62185e-10)
(3.23288e-13 1.56334e-08 6.70086e-11)
(-5.05293e-10 -3.1896e-11 1.56271e-08)
(1.5519e-08 3.9993e-12 5.90747e-10)
(-2.22588e-13 1.5627e-08 8.64451e-11)
(-7.38612e-10 -6.50401e-11 1.56327e-08)
(1.55084e-08 3.46887e-12 8.1332e-10)
(-2.90617e-12 1.56211e-08 9.54979e-11)
(-9.45747e-10 -9.18153e-11 1.56324e-08)
(1.54971e-08 3.13632e-12 1.02766e-09)
(-5.69578e-12 1.56176e-08 9.92911e-11)
(-1.14972e-09 -1.09986e-10 1.56247e-08)
(1.5484e-08 2.96963e-12 1.23481e-09)
(-8.10545e-12 1.56161e-08 1.00053e-10)
(-1.35015e-09 -1.2138e-10 1.56112e-08)
(1.5469e-08 2.88534e-12 1.4354e-09)
(-1.00474e-11 1.56159e-08 9.90467e-11)
(-1.54688e-09 -1.2792e-10 1.55933e-08)
(1.54521e-08 2.8228e-12 1.62991e-09)
(-1.15562e-11 1.56164e-08 9.70555e-11)
(-1.7395e-09 -1.31069e-10 1.55719e-08)
(1.54334e-08 2.74828e-12 1.81868e-09)
(-1.27136e-11 1.56173e-08 9.45535e-11)
(-1.92751e-09 -1.31892e-10 1.55481e-08)
(1.5413e-08 2.6497e-12 2.0019e-09)
(-1.36028e-11 1.56185e-08 9.18198e-11)
(-2.11054e-09 -1.31143e-10 1.55222e-08)
(1.53911e-08 2.52751e-12 2.17972e-09)
(-1.42919e-11 1.56197e-08 8.90103e-11)
(-2.28843e-09 -1.29348e-10 1.54948e-08)
(1.53679e-08 2.38766e-12 2.35224e-09)
(-1.48317e-11 1.5621e-08 8.62059e-11)
(-2.46108e-09 -1.26874e-10 1.54662e-08)
(1.53436e-08 2.23743e-12 2.51954e-09)
(-1.52575e-11 1.56222e-08 8.34442e-11)
(-2.62848e-09 -1.23968e-10 1.54366e-08)
(1.53182e-08 2.0834e-12 2.68169e-09)
(-1.55934e-11 1.56233e-08 8.07397e-11)
(-2.79067e-09 -1.208e-10 1.54062e-08)
(1.52919e-08 1.93064e-12 2.83877e-09)
(-1.58545e-11 1.56243e-08 7.80952e-11)
(-2.9477e-09 -1.17481e-10 1.53752e-08)
(1.52649e-08 1.7826e-12 2.99086e-09)
(-1.60509e-11 1.56253e-08 7.55092e-11)
(-3.09962e-09 -1.14085e-10 1.53436e-08)
(1.52374e-08 1.64129e-12 3.13803e-09)
(-1.61889e-11 1.56261e-08 7.29783e-11)
(-3.24652e-09 -1.10659e-10 1.53116e-08)
(1.52093e-08 1.50767e-12 3.28036e-09)
(-1.62729e-11 1.56269e-08 7.04997e-11)
(-3.38847e-09 -1.07234e-10 1.52793e-08)
(1.5181e-08 1.38195e-12 3.41794e-09)
(-1.63064e-11 1.56276e-08 6.80709e-11)
(-3.52556e-09 -1.0383e-10 1.52469e-08)
(1.51524e-08 1.26386e-12 3.55084e-09)
(-1.62922e-11 1.56282e-08 6.56901e-11)
(-3.65788e-09 -1.00459e-10 1.52144e-08)
(1.51237e-08 1.15291e-12 3.67915e-09)
(-1.62331e-11 1.56287e-08 6.33565e-11)
(-3.78551e-09 -9.71294e-11 1.51819e-08)
(1.50949e-08 1.04853e-12 3.80296e-09)
(-1.61317e-11 1.56292e-08 6.10693e-11)
(-3.90855e-09 -9.38458e-11 1.51495e-08)
(1.50662e-08 9.50117e-13 3.92235e-09)
(-1.59908e-11 1.56296e-08 5.88283e-11)
(-4.02708e-09 -9.06117e-11 1.51173e-08)
(1.50377e-08 8.57143e-13 4.0374e-09)
(-1.58129e-11 1.563e-08 5.66334e-11)
(-4.1412e-09 -8.7429e-11 1.50854e-08)
(1.50093e-08 7.69145e-13 4.14821e-09)
(-1.56009e-11 1.56303e-08 5.44844e-11)
(-4.251e-09 -8.42994e-11 1.50538e-08)
(1.49813e-08 6.85744e-13 4.25486e-09)
(-1.53575e-11 1.56306e-08 5.23814e-11)
(-4.35658e-09 -8.12239e-11 1.50226e-08)
(1.49536e-08 6.06633e-13 4.35744e-09)
(-1.50853e-11 1.56308e-08 5.03243e-11)
(-4.45802e-09 -7.8203e-11 1.49919e-08)
(1.49263e-08 5.31569e-13 4.45604e-09)
(-1.4787e-11 1.56309e-08 4.8313e-11)
(-4.55541e-09 -7.52375e-11 1.49617e-08)
(1.48995e-08 4.6036e-13 4.55074e-09)
(-1.4465e-11 1.5631e-08 4.63474e-11)
(-4.64886e-09 -7.23276e-11 1.49321e-08)
(1.48731e-08 3.92853e-13 4.64164e-09)
(-1.41219e-11 1.56311e-08 4.44272e-11)
(-4.73845e-09 -6.94739e-11 1.49032e-08)
(1.48474e-08 3.28926e-13 4.72882e-09)
(-1.37599e-11 1.56312e-08 4.25524e-11)
(-4.82427e-09 -6.66765e-11 1.48749e-08)
(1.48222e-08 2.68474e-13 4.81237e-09)
(-1.33813e-11 1.56312e-08 4.07225e-11)
(-4.90641e-09 -6.39357e-11 1.48473e-08)
(1.47977e-08 2.1141e-13 4.89237e-09)
(-1.29883e-11 1.56311e-08 3.89375e-11)
(-4.98497e-09 -6.12518e-11 1.48205e-08)
(1.47738e-08 1.57654e-13 4.96891e-09)
(-1.25828e-11 1.5631e-08 3.71968e-11)
(-5.06003e-09 -5.86248e-11 1.47944e-08)
(1.47506e-08 1.07129e-13 5.04209e-09)
(-1.21669e-11 1.5631e-08 3.55002e-11)
(-5.13168e-09 -5.60549e-11 1.47692e-08)
(1.47281e-08 5.97651e-14 5.11197e-09)
(-1.17424e-11 1.56308e-08 3.38474e-11)
(-5.20002e-09 -5.35422e-11 1.47447e-08)
(1.47064e-08 1.54908e-14 5.17865e-09)
(-1.1311e-11 1.56307e-08 3.22379e-11)
(-5.26512e-09 -5.10869e-11 1.47211e-08)
(1.46854e-08 -2.57644e-14 5.24221e-09)
(-1.08744e-11 1.56305e-08 3.06713e-11)
(-5.32707e-09 -4.86889e-11 1.46983e-08)
(1.46651e-08 -6.40713e-14 5.30274e-09)
(-1.04341e-11 1.56303e-08 2.91473e-11)
(-5.38596e-09 -4.63483e-11 1.46764e-08)
(1.46456e-08 -9.95015e-14 5.36031e-09)
(-9.99167e-12 1.56301e-08 2.76654e-11)
(-5.44188e-09 -4.40652e-11 1.46553e-08)
(1.46269e-08 -1.32127e-13 5.41502e-09)
(-9.54847e-12 1.56298e-08 2.62252e-11)
(-5.4949e-09 -4.18395e-11 1.46352e-08)
(1.4609e-08 -1.62022e-13 5.46693e-09)
(-9.10581e-12 1.56296e-08 2.48263e-11)
(-5.54511e-09 -3.96712e-11 1.46159e-08)
(1.45919e-08 -1.89259e-13 5.51614e-09)
(-8.66493e-12 1.56293e-08 2.34684e-11)
(-5.59259e-09 -3.75604e-11 1.45974e-08)
(1.45756e-08 -2.13914e-13 5.56272e-09)
(-8.227e-12 1.56291e-08 2.21509e-11)
(-5.63743e-09 -3.5507e-11 1.45799e-08)
(1.456e-08 -2.3606e-13 5.60675e-09)
(-7.79309e-12 1.56288e-08 2.08735e-11)
(-5.6797e-09 -3.35109e-11 1.45632e-08)
(1.45452e-08 -2.55775e-13 5.64831e-09)
(-7.36423e-12 1.56285e-08 1.96358e-11)
(-5.71948e-09 -3.1572e-11 1.45474e-08)
(1.45312e-08 -2.73132e-13 5.68748e-09)
(-6.94137e-12 1.56282e-08 1.84374e-11)
(-5.75685e-09 -2.96904e-11 1.45324e-08)
(1.45179e-08 -2.88209e-13 5.72433e-09)
(-6.5254e-12 1.56278e-08 1.72779e-11)
(-5.7919e-09 -2.78659e-11 1.45182e-08)
(1.45054e-08 -3.01082e-13 5.75894e-09)
(-6.11713e-12 1.56275e-08 1.6157e-11)
(-5.82469e-09 -2.60985e-11 1.45049e-08)
(1.44937e-08 -3.11825e-13 5.79139e-09)
(-5.71733e-12 1.56272e-08 1.50742e-11)
(-5.8553e-09 -2.43881e-11 1.44924e-08)
(1.44826e-08 -3.20516e-13 5.82175e-09)
(-5.32671e-12 1.56269e-08 1.40293e-11)
(-5.88381e-09 -2.27345e-11 1.44807e-08)
(1.44723e-08 -3.27231e-13 5.8501e-09)
(-4.94591e-12 1.56266e-08 1.30219e-11)
(-5.9103e-09 -2.11377e-11 1.44698e-08)
(1.44626e-08 -3.32044e-13 5.87651e-09)
(-4.57554e-12 1.56262e-08 1.20518e-11)
(-5.93483e-09 -1.95976e-11 1.44596e-08)
(1.44536e-08 -3.35033e-13 5.90105e-09)
(-4.21614e-12 1.56259e-08 1.11185e-11)
(-5.95749e-09 -1.81141e-11 1.44502e-08)
(1.44453e-08 -3.36271e-13 5.9238e-09)
(-3.86821e-12 1.56256e-08 1.02218e-11)
(-5.97834e-09 -1.6687e-11 1.44414e-08)
(1.44376e-08 -3.35834e-13 5.94484e-09)
(-3.5322e-12 1.56253e-08 9.36136e-12)
(-5.99746e-09 -1.53162e-11 1.44334e-08)
(1.44305e-08 -3.33796e-13 5.96422e-09)
(-3.20852e-12 1.5625e-08 8.53702e-12)
(-6.01492e-09 -1.40017e-11 1.44261e-08)
(1.4424e-08 -3.30233e-13 5.98203e-09)
(-2.89755e-12 1.56247e-08 7.74847e-12)
(-6.03079e-09 -1.27432e-11 1.44194e-08)
(1.4418e-08 -3.25216e-13 5.99833e-09)
(-2.5996e-12 1.56244e-08 6.99549e-12)
(-6.04515e-09 -1.15408e-11 1.44133e-08)
(1.44126e-08 -3.18821e-13 6.0132e-09)
(-2.31497e-12 1.56241e-08 6.27785e-12)
(-6.05806e-09 -1.03942e-11 1.44078e-08)
(1.44077e-08 -3.11119e-13 6.02671e-09)
(-2.04392e-12 1.56238e-08 5.59534e-12)
(-6.06959e-09 -9.3034e-12 1.44029e-08)
(1.44033e-08 -3.02184e-13 6.03892e-09)
(-1.78668e-12 1.56235e-08 4.94777e-12)
(-6.07982e-09 -8.26821e-12 1.43985e-08)
(1.43994e-08 -2.92091e-13 6.04991e-09)
(-1.54342e-12 1.56233e-08 4.33495e-12)
(-6.08882e-09 -7.28855e-12 1.43947e-08)
(1.43959e-08 -2.80913e-13 6.05974e-09)
(-1.31434e-12 1.5623e-08 3.75674e-12)
(-6.09664e-09 -6.36429e-12 1.43914e-08)
(1.43928e-08 -2.68726e-13 6.06849e-09)
(-1.09957e-12 1.56228e-08 3.21299e-12)
(-6.10337e-09 -5.49534e-12 1.43885e-08)
(1.43901e-08 -2.55613e-13 6.07621e-09)
(-8.99252e-13 1.56226e-08 2.70359e-12)
(-6.10906e-09 -4.68158e-12 1.4386e-08)
(1.43877e-08 -2.41663e-13 6.08299e-09)
(-7.135e-13 1.56223e-08 2.22846e-12)
(-6.1138e-09 -3.92288e-12 1.4384e-08)
(1.43857e-08 -2.26981e-13 6.08889e-09)
(-5.42431e-13 1.56221e-08 1.78755e-12)
(-6.11764e-09 -3.2191e-12 1.43824e-08)
(1.4384e-08 -2.11699e-13 6.09398e-09)
(-3.86158e-13 1.5622e-08 1.38087e-12)
(-6.12065e-09 -2.57006e-12 1.43811e-08)
(1.43826e-08 -1.95987e-13 6.09832e-09)
(-2.44785e-13 1.56218e-08 1.00845e-12)
(-6.12291e-09 -1.97553e-12 1.43801e-08)
(1.43814e-08 -1.8007e-13 6.10198e-09)
(-1.18396e-13 1.56216e-08 6.70357e-13)
(-6.12448e-09 -1.43519e-12 1.43794e-08)
(1.43804e-08 -1.64253e-13 6.10502e-09)
(-7.00625e-15 1.56215e-08 3.66661e-13)
(-6.12543e-09 -9.48582e-13 1.4379e-08)
(1.43796e-08 -1.48939e-13 6.10753e-09)
(8.95299e-14 1.56214e-08 9.73034e-14)
(-6.12582e-09 -5.15127e-13 1.43788e-08)
(1.4379e-08 -1.34645e-13 6.10955e-09)
(1.71701e-13 1.56213e-08 -1.38098e-13)
(-6.12572e-09 -1.34198e-13 1.43789e-08)
(1.43786e-08 -1.2197e-13 6.11115e-09)
(2.40619e-13 1.56212e-08 -3.40646e-13)
(-6.12521e-09 1.9454e-13 1.43791e-08)
(1.43782e-08 -1.11486e-13 6.11239e-09)
(2.98483e-13 1.56211e-08 -5.1279e-13)
(-6.12434e-09 4.70191e-13 1.43795e-08)
(1.4378e-08 -1.0413e-13 6.11332e-09)
(3.49125e-13 1.56211e-08 -6.59194e-13)
(-6.12318e-09 6.88507e-13 1.43799e-08)
(1.43778e-08 -1.02576e-13 6.11401e-09)
(3.96671e-13 1.5621e-08 -7.88234e-13)
(-6.12179e-09 8.38159e-13 1.43805e-08)
(1.43777e-08 -1.06451e-13 6.11449e-09)
(4.4354e-13 1.5621e-08 -9.11245e-13)
(-6.12017e-09 8.9774e-13 1.43812e-08)
(5.04302e-13 1.56207e-08 -1.02793e-12)
(-6.11811e-09 8.40287e-13 1.4382e-08)
(1.55586e-08 9.16861e-13 1.44792e-10)
(6.12867e-20 1.56488e-08 6.19576e-20)
(-1.18308e-10 -2.02898e-12 1.56177e-08)
(1.55324e-08 1.4468e-12 3.53479e-10)
(1.16981e-19 1.56319e-08 1.66693e-19)
(-5.27937e-10 -9.28233e-12 1.56246e-08)
(1.55198e-08 1.45171e-12 5.83242e-10)
(9.75389e-20 1.56262e-08 2.25805e-19)
(-7.59306e-10 -1.9567e-11 1.56295e-08)
(1.55093e-08 1.30101e-12 8.07931e-10)
(9.43813e-20 1.56209e-08 2.44539e-19)
(-9.60473e-10 -2.84145e-11 1.56296e-08)
(1.54979e-08 1.16478e-12 1.02419e-09)
(1.08794e-19 1.56176e-08 2.22308e-19)
(-1.15931e-09 -3.47922e-11 1.56226e-08)
(1.54848e-08 1.06798e-12 1.23287e-09)
(1.04553e-19 1.56162e-08 1.5859e-19)
(-1.35597e-09 -3.90099e-11 1.56097e-08)
(1.54697e-08 1.00298e-12 1.43463e-09)
(7.66728e-20 1.5616e-08 9.9734e-20)
(-1.55001e-09 -4.1572e-11 1.55923e-08)
(1.54527e-08 9.5571e-13 1.62999e-09)
(6.70945e-20 1.56164e-08 6.48669e-20)
(-1.74078e-09 -4.29285e-11 1.55714e-08)
(1.54338e-08 9.14394e-13 1.81934e-09)
(1.64519e-19 1.56173e-08 5.68696e-20)
(-1.92752e-09 -4.34347e-11 1.55479e-08)
(1.54134e-08 8.7248e-13 2.00297e-09)
(3.17643e-19 1.56185e-08 1.4666e-19)
(-2.1097e-09 -4.3354e-11 1.55223e-08)
(1.53914e-08 8.2757e-13 2.18104e-09)
(3.95631e-19 1.56197e-08 3.41544e-19)
(-2.28703e-09 -4.28761e-11 1.54951e-08)
(1.53681e-08 7.7967e-13 2.35372e-09)
(3.36534e-19 1.56209e-08 5.49306e-19)
(-2.45933e-09 -4.21349e-11 1.54666e-08)
(1.53437e-08 7.29879e-13 2.52111e-09)
(1.87301e-19 1.56221e-08 7.54012e-19)
(-2.62652e-09 -4.12237e-11 1.54371e-08)
(1.53182e-08 6.7958e-13 2.6833e-09)
(1.48892e-19 1.56232e-08 9.84445e-19)
(-2.78858e-09 -4.02063e-11 1.54068e-08)
(1.52919e-08 6.30005e-13 2.8404e-09)
(2.45539e-19 1.56243e-08 1.13868e-18)
(-2.94553e-09 -3.91257e-11 1.53758e-08)
(1.52649e-08 5.82071e-13 2.99249e-09)
(3.48221e-19 1.56252e-08 1.11365e-18)
(-3.09743e-09 -3.80105e-11 1.53442e-08)
(1.52373e-08 5.36354e-13 3.13964e-09)
(3.61132e-19 1.5626e-08 9.80797e-19)
(-3.24432e-09 -3.68796e-11 1.53123e-08)
(1.52092e-08 4.93139e-13 3.28195e-09)
(2.90642e-19 1.56268e-08 8.67791e-19)
(-3.38629e-09 -3.57453e-11 1.528e-08)
(1.51808e-08 4.52497e-13 3.4195e-09)
(2.64402e-19 1.56275e-08 8.23999e-19)
(-3.5234e-09 -3.46154e-11 1.52476e-08)
(1.51522e-08 4.14355e-13 3.55238e-09)
(2.96716e-19 1.56281e-08 8.25153e-19)
(-3.65575e-09 -3.3495e-11 1.52151e-08)
(1.51235e-08 3.7856e-13 3.68066e-09)
(3.30068e-19 1.56287e-08 8.41311e-19)
(-3.78342e-09 -3.23872e-11 1.51826e-08)
(1.50947e-08 3.44924e-13 3.80444e-09)
(3.55026e-19 1.56291e-08 8.6375e-19)
(-3.90649e-09 -3.12942e-11 1.51502e-08)
(1.5066e-08 3.13254e-13 3.92379e-09)
(3.73012e-19 1.56296e-08 8.88034e-19)
(-4.02506e-09 -3.02173e-11 1.5118e-08)
(1.50374e-08 2.8337e-13 4.03882e-09)
(3.83334e-19 1.56299e-08 9.07805e-19)
(-4.13922e-09 -2.91574e-11 1.50861e-08)
(1.50091e-08 2.55115e-13 4.14959e-09)
(3.88474e-19 1.56302e-08 9.20603e-19)
(-4.24906e-09 -2.81149e-11 1.50545e-08)
(1.4981e-08 2.28359e-13 4.25621e-09)
(3.90665e-19 1.56305e-08 9.29073e-19)
(-4.35467e-09 -2.70903e-11 1.50233e-08)
(1.49533e-08 2.02994e-13 4.35876e-09)
(3.89322e-19 1.56307e-08 9.38315e-19)
(-4.45615e-09 -2.60839e-11 1.49926e-08)
(1.4926e-08 1.78935e-13 4.45733e-09)
(3.83072e-19 1.56309e-08 9.50381e-19)
(-4.55358e-09 -2.50958e-11 1.49624e-08)
(1.48991e-08 1.56114e-13 4.552e-09)
(3.81535e-19 1.5631e-08 9.63677e-19)
(-4.64707e-09 -2.41263e-11 1.49329e-08)
(1.48728e-08 1.34477e-13 4.64287e-09)
(3.90716e-19 1.56311e-08 9.73893e-19)
(-4.73669e-09 -2.31754e-11 1.49039e-08)
(1.4847e-08 1.13981e-13 4.73002e-09)
(4.00968e-19 1.56311e-08 9.75349e-19)
(-4.82255e-09 -2.22433e-11 1.48756e-08)
(1.48218e-08 9.45905e-14 4.81354e-09)
(4.10006e-19 1.56311e-08 9.70878e-19)
(-4.90474e-09 -2.133e-11 1.4848e-08)
(1.47973e-08 7.62757e-14 4.89351e-09)
(4.18579e-19 1.56311e-08 9.68504e-19)
(-4.98333e-09 -2.04356e-11 1.48212e-08)
(1.47734e-08 5.90097e-14 4.97002e-09)
(4.20009e-19 1.5631e-08 9.7063e-19)
(-5.05843e-09 -1.95602e-11 1.47951e-08)
(1.47502e-08 4.27681e-14 5.04317e-09)
(4.19942e-19 1.56309e-08 9.83481e-19)
(-5.13012e-09 -1.87039e-11 1.47698e-08)
(1.47277e-08 2.75276e-14 5.11302e-09)
(4.22965e-19 1.56308e-08 1.01413e-18)
(-5.19849e-09 -1.78665e-11 1.47454e-08)
(1.4706e-08 1.32658e-14 5.17967e-09)
(4.28952e-19 1.56306e-08 1.06327e-18)
(-5.26363e-09 -1.70483e-11 1.47217e-08)
(1.4685e-08 -3.95563e-17 5.24321e-09)
(4.38713e-19 1.56305e-08 1.12626e-18)
(-5.32562e-09 -1.62491e-11 1.46989e-08)
(1.46647e-08 -1.24109e-14 5.30371e-09)
(4.44032e-19 1.56303e-08 1.18649e-18)
(-5.38455e-09 -1.54691e-11 1.4677e-08)
(1.46453e-08 -2.38706e-14 5.36125e-09)
(4.40541e-19 1.563e-08 1.22243e-18)
(-5.4405e-09 -1.47082e-11 1.4656e-08)
(1.46266e-08 -3.44414e-14 5.41593e-09)
(4.36207e-19 1.56298e-08 1.22819e-18)
(-5.49356e-09 -1.39664e-11 1.46358e-08)
(1.46087e-08 -4.41463e-14 5.46782e-09)
(4.25824e-19 1.56296e-08 1.20848e-18)
(-5.54381e-09 -1.32438e-11 1.46165e-08)
(1.45915e-08 -5.30085e-14 5.517e-09)
(4.07619e-19 1.56293e-08 1.16477e-18)
(-5.59133e-09 -1.25403e-11 1.4598e-08)
(1.45752e-08 -6.10512e-14 5.56355e-09)
(4.09535e-19 1.5629e-08 1.10698e-18)
(-5.6362e-09 -1.18559e-11 1.45805e-08)
(1.45597e-08 -6.82982e-14 5.60756e-09)
(4.2805e-19 1.56287e-08 1.04498e-18)
(-5.6785e-09 -1.11907e-11 1.45638e-08)
(1.45449e-08 -7.47732e-14 5.64909e-09)
(4.20922e-19 1.56284e-08 9.79305e-19)
(-5.71832e-09 -1.05445e-11 1.45479e-08)
(1.45309e-08 -8.05001e-14 5.68823e-09)
(3.65821e-19 1.56281e-08 9.29676e-19)
(-5.75573e-09 -9.91736e-12 1.45329e-08)
(1.45176e-08 -8.55028e-14 5.72506e-09)
(2.97552e-19 1.56278e-08 9.39045e-19)
(-5.79081e-09 -9.30927e-12 1.45188e-08)
(1.45051e-08 -8.98052e-14 5.75965e-09)
(2.29219e-19 1.56275e-08 9.97381e-19)
(-5.82363e-09 -8.72019e-12 1.45054e-08)
(1.44933e-08 -9.34314e-14 5.79207e-09)
(1.45933e-19 1.56272e-08 1.05477e-18)
(-5.85428e-09 -8.1501e-12 1.44929e-08)
(1.44823e-08 -9.64054e-14 5.82241e-09)
(7.32922e-20 1.56269e-08 1.11495e-18)
(-5.88283e-09 -7.59896e-12 1.44812e-08)
(1.4472e-08 -9.87513e-14 5.85073e-09)
(1.76947e-20 1.56265e-08 1.22624e-18)
(-5.90935e-09 -7.06674e-12 1.44702e-08)
(1.44623e-08 -1.00493e-13 5.87712e-09)
(-1.85247e-20 1.56262e-08 1.41844e-18)
(-5.93392e-09 -6.5534e-12 1.446e-08)
(1.44533e-08 -1.01654e-13 5.90164e-09)
(-5.49927e-20 1.56259e-08 1.64472e-18)
(-5.95661e-09 -6.05891e-12 1.44506e-08)
(1.4445e-08 -1.02259e-13 5.92437e-09)
(-1.20929e-19 1.56256e-08 1.84652e-18)
(-5.9775e-09 -5.58323e-12 1.44418e-08)
(1.44373e-08 -1.02332e-13 5.94538e-09)
(-2.0264e-19 1.56253e-08 2.0254e-18)
(-5.99665e-09 -5.12633e-12 1.44338e-08)
(1.44302e-08 -1.01895e-13 5.96474e-09)
(-2.87856e-19 1.5625e-08 2.19791e-18)
(-6.01415e-09 -4.68816e-12 1.44264e-08)
(1.44237e-08 -1.00973e-13 5.98252e-09)
(-3.61666e-19 1.56246e-08 2.3624e-18)
(-6.03005e-09 -4.26869e-12 1.44197e-08)
(1.44178e-08 -9.95896e-14 5.99881e-09)
(-4.17986e-19 1.56244e-08 2.49417e-18)
(-6.04444e-09 -3.86788e-12 1.44136e-08)
(1.44124e-08 -9.7767e-14 6.01365e-09)
(-4.61916e-19 1.56241e-08 2.57772e-18)
(-6.05739e-09 -3.48569e-12 1.44081e-08)
(1.44075e-08 -9.55291e-14 6.02714e-09)
(-4.89784e-19 1.56238e-08 2.62975e-18)
(-6.06895e-09 -3.12207e-12 1.44032e-08)
(1.44031e-08 -9.28994e-14 6.03932e-09)
(-4.9379e-19 1.56235e-08 2.67374e-18)
(-6.07922e-09 -2.777e-12 1.43988e-08)
(1.43992e-08 -8.99016e-14 6.05029e-09)
(-4.80759e-19 1.56233e-08 2.70442e-18)
(-6.08824e-09 -2.45044e-12 1.4395e-08)
(1.43957e-08 -8.65601e-14 6.0601e-09)
(-4.42674e-19 1.5623e-08 2.70736e-18)
(-6.0961e-09 -2.14234e-12 1.43916e-08)
(1.43926e-08 -8.29002e-14 6.06882e-09)
(-3.64862e-19 1.56228e-08 2.6725e-18)
(-6.10286e-09 -1.85267e-12 1.43887e-08)
(1.43899e-08 -7.89488e-14 6.07653e-09)
(-2.92515e-19 1.56225e-08 2.57069e-18)
(-6.10859e-09 -1.58138e-12 1.43863e-08)
(1.43876e-08 -7.47371e-14 6.08328e-09)
(-2.69828e-19 1.56223e-08 2.41782e-18)
(-6.11336e-09 -1.32844e-12 1.43842e-08)
(1.43856e-08 -7.03026e-14 6.08916e-09)
(-2.7004e-19 1.56221e-08 2.3013e-18)
(-6.11723e-09 -1.09378e-12 1.43825e-08)
(1.43839e-08 -6.5692e-14 6.09422e-09)
(-2.82134e-19 1.5622e-08 2.26382e-18)
(-6.12028e-09 -8.77341e-13 1.43812e-08)
(1.43825e-08 -6.09654e-14 6.09854e-09)
(-3.0218e-19 1.56218e-08 2.28405e-18)
(-6.12257e-09 -6.79033e-13 1.43802e-08)
(1.43813e-08 -5.62023e-14 6.10218e-09)
(-3.01844e-19 1.56216e-08 2.33321e-18)
(-6.12417e-09 -4.98736e-13 1.43796e-08)
(1.43803e-08 -5.1506e-14 6.10521e-09)
(-2.88563e-19 1.56215e-08 2.39761e-18)
(-6.12515e-09 -3.36295e-13 1.43791e-08)
(1.43796e-08 -4.70082e-14 6.10769e-09)
(-3.04238e-19 1.56214e-08 2.484e-18)
(-6.12557e-09 -1.91537e-13 1.43789e-08)
(1.4379e-08 -4.28695e-14 6.1097e-09)
(-3.58205e-19 1.56213e-08 2.58122e-18)
(-6.12551e-09 -6.43235e-14 1.4379e-08)
(1.43785e-08 -3.92728e-14 6.11128e-09)
(-4.04962e-19 1.56212e-08 2.66151e-18)
(-6.12502e-09 4.52871e-14 1.43792e-08)
(1.43782e-08 -3.6398e-14 6.11251e-09)
(-4.54213e-19 1.56211e-08 2.70492e-18)
(-6.12419e-09 1.36692e-13 1.43795e-08)
(1.4378e-08 -3.45434e-14 6.11344e-09)
(-5.40821e-19 1.56211e-08 2.70652e-18)
(-6.12307e-09 2.08073e-13 1.438e-08)
(1.43778e-08 -3.43897e-14 6.11412e-09)
(-6.22668e-19 1.5621e-08 2.67431e-18)
(-6.12172e-09 2.55466e-13 1.43806e-08)
(1.43776e-08 -3.55322e-14 6.1146e-09)
(-5.82553e-19 1.5621e-08 2.60913e-18)
(-6.12017e-09 2.72454e-13 1.43812e-08)
(-4.99439e-19 1.56208e-08 2.65737e-18)
(-6.11819e-09 2.52253e-13 1.43819e-08)
(1.55586e-08 -9.16861e-13 1.44792e-10)
(5.64363e-12 1.56502e-08 -2.68512e-11)
(-1.18308e-10 2.02898e-12 1.56177e-08)
(1.55324e-08 -1.4468e-12 3.53479e-10)
(-3.23288e-13 1.56334e-08 -6.70086e-11)
(-5.27937e-10 9.28233e-12 1.56246e-08)
(1.55198e-08 -1.45171e-12 5.83242e-10)
(2.22589e-13 1.5627e-08 -8.64451e-11)
(-7.59306e-10 1.9567e-11 1.56295e-08)
(1.55093e-08 -1.30101e-12 8.07931e-10)
(2.90617e-12 1.56211e-08 -9.54979e-11)
(-9.60473e-10 2.84145e-11 1.56296e-08)
(1.54979e-08 -1.16478e-12 1.02419e-09)
(5.69578e-12 1.56176e-08 -9.92911e-11)
(-1.15931e-09 3.47922e-11 1.56226e-08)
(1.54848e-08 -1.06798e-12 1.23287e-09)
(8.10545e-12 1.56161e-08 -1.00053e-10)
(-1.35597e-09 3.90099e-11 1.56097e-08)
(1.54697e-08 -1.00298e-12 1.43463e-09)
(1.00474e-11 1.56159e-08 -9.90467e-11)
(-1.55001e-09 4.1572e-11 1.55923e-08)
(1.54527e-08 -9.5571e-13 1.62999e-09)
(1.15562e-11 1.56164e-08 -9.70555e-11)
(-1.74078e-09 4.29285e-11 1.55714e-08)
(1.54338e-08 -9.14394e-13 1.81934e-09)
(1.27136e-11 1.56173e-08 -9.45535e-11)
(-1.92752e-09 4.34347e-11 1.55479e-08)
(1.54134e-08 -8.72481e-13 2.00297e-09)
(1.36028e-11 1.56185e-08 -9.18198e-11)
(-2.1097e-09 4.3354e-11 1.55223e-08)
(1.53914e-08 -8.27571e-13 2.18104e-09)
(1.42919e-11 1.56197e-08 -8.90103e-11)
(-2.28703e-09 4.28761e-11 1.54951e-08)
(1.53681e-08 -7.7967e-13 2.35372e-09)
(1.48317e-11 1.5621e-08 -8.62059e-11)
(-2.45933e-09 4.21349e-11 1.54666e-08)
(1.53437e-08 -7.2988e-13 2.52111e-09)
(1.52575e-11 1.56222e-08 -8.34442e-11)
(-2.62652e-09 4.12237e-11 1.54371e-08)
(1.53182e-08 -6.79581e-13 2.6833e-09)
(1.55934e-11 1.56233e-08 -8.07397e-11)
(-2.78858e-09 4.02063e-11 1.54068e-08)
(1.52919e-08 -6.30006e-13 2.8404e-09)
(1.58545e-11 1.56243e-08 -7.80952e-11)
(-2.94553e-09 3.91257e-11 1.53758e-08)
(1.52649e-08 -5.82072e-13 2.99249e-09)
(1.60509e-11 1.56253e-08 -7.55092e-11)
(-3.09743e-09 3.80105e-11 1.53442e-08)
(1.52373e-08 -5.36354e-13 3.13964e-09)
(1.61889e-11 1.56261e-08 -7.29783e-11)
(-3.24432e-09 3.68796e-11 1.53123e-08)
(1.52092e-08 -4.9314e-13 3.28195e-09)
(1.62729e-11 1.56269e-08 -7.04997e-11)
(-3.38629e-09 3.57453e-11 1.528e-08)
(1.51808e-08 -4.52498e-13 3.4195e-09)
(1.63064e-11 1.56276e-08 -6.80709e-11)
(-3.5234e-09 3.46154e-11 1.52476e-08)
(1.51522e-08 -4.14356e-13 3.55238e-09)
(1.62922e-11 1.56282e-08 -6.56901e-11)
(-3.65575e-09 3.3495e-11 1.52151e-08)
(1.51235e-08 -3.78561e-13 3.68066e-09)
(1.62331e-11 1.56287e-08 -6.33565e-11)
(-3.78342e-09 3.23872e-11 1.51826e-08)
(1.50947e-08 -3.44925e-13 3.80444e-09)
(1.61317e-11 1.56292e-08 -6.10693e-11)
(-3.90649e-09 3.12942e-11 1.51502e-08)
(1.5066e-08 -3.13255e-13 3.92379e-09)
(1.59908e-11 1.56296e-08 -5.88283e-11)
(-4.02506e-09 3.02173e-11 1.5118e-08)
(1.50374e-08 -2.83371e-13 4.03882e-09)
(1.58129e-11 1.563e-08 -5.66334e-11)
(-4.13922e-09 2.91574e-11 1.50861e-08)
(1.50091e-08 -2.55117e-13 4.14959e-09)
(1.56009e-11 1.56303e-08 -5.44844e-11)
(-4.24906e-09 2.81149e-11 1.50545e-08)
(1.4981e-08 -2.28361e-13 4.25621e-09)
(1.53575e-11 1.56306e-08 -5.23814e-11)
(-4.35467e-09 2.70903e-11 1.50233e-08)
(1.49533e-08 -2.02996e-13 4.35876e-09)
(1.50853e-11 1.56308e-08 -5.03243e-11)
(-4.45615e-09 2.60839e-11 1.49926e-08)
(1.4926e-08 -1.78937e-13 4.45733e-09)
(1.4787e-11 1.56309e-08 -4.8313e-11)
(-4.55358e-09 2.50958e-11 1.49624e-08)
(1.48991e-08 -1.56115e-13 4.552e-09)
(1.4465e-11 1.5631e-08 -4.63474e-11)
(-4.64707e-09 2.41263e-11 1.49329e-08)
(1.48728e-08 -1.34478e-13 4.64287e-09)
(1.41219e-11 1.56311e-08 -4.44272e-11)
(-4.73669e-09 2.31754e-11 1.49039e-08)
(1.4847e-08 -1.13982e-13 4.73002e-09)
(1.37599e-11 1.56312e-08 -4.25524e-11)
(-4.82255e-09 2.22433e-11 1.48756e-08)
(1.48218e-08 -9.4592e-14 4.81354e-09)
(1.33813e-11 1.56312e-08 -4.07225e-11)
(-4.90474e-09 2.133e-11 1.4848e-08)
(1.47973e-08 -7.62772e-14 4.89351e-09)
(1.29883e-11 1.56311e-08 -3.89375e-11)
(-4.98333e-09 2.04356e-11 1.48212e-08)
(1.47734e-08 -5.90112e-14 4.97002e-09)
(1.25828e-11 1.5631e-08 -3.71968e-11)
(-5.05843e-09 1.95602e-11 1.47951e-08)
(1.47502e-08 -4.27696e-14 5.04317e-09)
(1.21669e-11 1.5631e-08 -3.55002e-11)
(-5.13012e-09 1.87039e-11 1.47698e-08)
(1.47277e-08 -2.75291e-14 5.11302e-09)
(1.17424e-11 1.56308e-08 -3.38474e-11)
(-5.19849e-09 1.78665e-11 1.47454e-08)
(1.4706e-08 -1.32674e-14 5.17967e-09)
(1.1311e-11 1.56307e-08 -3.22378e-11)
(-5.26363e-09 1.70483e-11 1.47217e-08)
(1.4685e-08 3.80363e-17 5.24321e-09)
(1.08744e-11 1.56305e-08 -3.06713e-11)
(-5.32562e-09 1.62491e-11 1.46989e-08)
(1.46647e-08 1.24094e-14 5.30371e-09)
(1.04341e-11 1.56303e-08 -2.91473e-11)
(-5.38455e-09 1.54691e-11 1.4677e-08)
(1.46453e-08 2.38691e-14 5.36125e-09)
(9.99167e-12 1.56301e-08 -2.76654e-11)
(-5.4405e-09 1.47082e-11 1.4656e-08)
(1.46266e-08 3.444e-14 5.41593e-09)
(9.54847e-12 1.56298e-08 -2.62252e-11)
(-5.49356e-09 1.39664e-11 1.46358e-08)
(1.46087e-08 4.41449e-14 5.46782e-09)
(9.10581e-12 1.56296e-08 -2.48263e-11)
(-5.54381e-09 1.32438e-11 1.46165e-08)
(1.45915e-08 5.3007e-14 5.517e-09)
(8.66493e-12 1.56293e-08 -2.34684e-11)
(-5.59133e-09 1.25403e-11 1.4598e-08)
(1.45752e-08 6.10498e-14 5.56355e-09)
(8.227e-12 1.56291e-08 -2.21509e-11)
(-5.6362e-09 1.18559e-11 1.45805e-08)
(1.45597e-08 6.82968e-14 5.60756e-09)
(7.79309e-12 1.56288e-08 -2.08735e-11)
(-5.6785e-09 1.11907e-11 1.45638e-08)
(1.45449e-08 7.47719e-14 5.64909e-09)
(7.36423e-12 1.56285e-08 -1.96358e-11)
(-5.71832e-09 1.05445e-11 1.45479e-08)
(1.45309e-08 8.04988e-14 5.68823e-09)
(6.94138e-12 1.56282e-08 -1.84374e-11)
(-5.75573e-09 9.91735e-12 1.45329e-08)
(1.45176e-08 8.55015e-14 5.72506e-09)
(6.5254e-12 1.56278e-08 -1.72779e-11)
(-5.79081e-09 9.30926e-12 1.45188e-08)
(1.45051e-08 8.98039e-14 5.75965e-09)
(6.11713e-12 1.56275e-08 -1.6157e-11)
(-5.82363e-09 8.72019e-12 1.45054e-08)
(1.44933e-08 9.34301e-14 5.79207e-09)
(5.71733e-12 1.56272e-08 -1.50742e-11)
(-5.85428e-09 8.1501e-12 1.44929e-08)
(1.44823e-08 9.64041e-14 5.82241e-09)
(5.32671e-12 1.56269e-08 -1.40293e-11)
(-5.88283e-09 7.59895e-12 1.44812e-08)
(1.4472e-08 9.875e-14 5.85073e-09)
(4.94591e-12 1.56266e-08 -1.30219e-11)
(-5.90935e-09 7.06673e-12 1.44702e-08)
(1.44623e-08 1.00492e-13 5.87712e-09)
(4.57554e-12 1.56262e-08 -1.20518e-11)
(-5.93392e-09 6.55339e-12 1.446e-08)
(1.44533e-08 1.01653e-13 5.90164e-09)
(4.21614e-12 1.56259e-08 -1.11185e-11)
(-5.95661e-09 6.0589e-12 1.44506e-08)
(1.4445e-08 1.02258e-13 5.92437e-09)
(3.86821e-12 1.56256e-08 -1.02217e-11)
(-5.9775e-09 5.58323e-12 1.44418e-08)
(1.44373e-08 1.0233e-13 5.94538e-09)
(3.5322e-12 1.56253e-08 -9.36136e-12)
(-5.99665e-09 5.12632e-12 1.44338e-08)
(1.44302e-08 1.01894e-13 5.96474e-09)
(3.20852e-12 1.5625e-08 -8.53701e-12)
(-6.01415e-09 4.68815e-12 1.44264e-08)
(1.44237e-08 1.00972e-13 5.98252e-09)
(2.89755e-12 1.56247e-08 -7.74847e-12)
(-6.03005e-09 4.26868e-12 1.44197e-08)
(1.44178e-08 9.95881e-14 5.99881e-09)
(2.5996e-12 1.56244e-08 -6.99549e-12)
(-6.04444e-09 3.86787e-12 1.44136e-08)
(1.44124e-08 9.77655e-14 6.01365e-09)
(2.31497e-12 1.56241e-08 -6.27785e-12)
(-6.05739e-09 3.48568e-12 1.44081e-08)
(1.44075e-08 9.55276e-14 6.02714e-09)
(2.04392e-12 1.56238e-08 -5.59534e-12)
(-6.06895e-09 3.12207e-12 1.44032e-08)
(1.44031e-08 9.28979e-14 6.03932e-09)
(1.78667e-12 1.56235e-08 -4.94776e-12)
(-6.07922e-09 2.777e-12 1.43988e-08)
(1.43992e-08 8.99002e-14 6.05029e-09)
(1.54342e-12 1.56233e-08 -4.33495e-12)
(-6.08824e-09 2.45043e-12 1.4395e-08)
(1.43957e-08 8.65587e-14 6.0601e-09)
(1.31434e-12 1.5623e-08 -3.75673e-12)
(-6.0961e-09 2.14233e-12 1.43916e-08)
(1.43926e-08 8.28988e-14 6.06882e-09)
(1.09957e-12 1.56228e-08 -3.21298e-12)
(-6.10286e-09 1.85266e-12 1.43887e-08)
(1.43899e-08 7.89475e-14 6.07653e-09)
(8.99251e-13 1.56226e-08 -2.70358e-12)
(-6.10859e-09 1.58138e-12 1.43863e-08)
(1.43876e-08 7.47359e-14 6.08328e-09)
(7.13499e-13 1.56223e-08 -2.22845e-12)
(-6.11336e-09 1.32843e-12 1.43842e-08)
(1.43856e-08 7.03014e-14 6.08916e-09)
(5.42431e-13 1.56221e-08 -1.78755e-12)
(-6.11723e-09 1.09377e-12 1.43825e-08)
(1.43839e-08 6.56907e-14 6.09422e-09)
(3.86157e-13 1.5622e-08 -1.38086e-12)
(-6.12028e-09 8.77336e-13 1.43812e-08)
(1.43825e-08 6.09642e-14 6.09854e-09)
(2.44784e-13 1.56218e-08 -1.00844e-12)
(-6.12257e-09 6.79028e-13 1.43802e-08)
(1.43813e-08 5.6201e-14 6.10218e-09)
(1.18395e-13 1.56216e-08 -6.70352e-13)
(-6.12417e-09 4.98731e-13 1.43796e-08)
(1.43803e-08 5.15048e-14 6.10521e-09)
(7.00557e-15 1.56215e-08 -3.66656e-13)
(-6.12515e-09 3.3629e-13 1.43791e-08)
(1.43796e-08 4.7007e-14 6.10769e-09)
(-8.95306e-14 1.56214e-08 -9.72985e-14)
(-6.12557e-09 1.91532e-13 1.43789e-08)
(1.4379e-08 4.28682e-14 6.1097e-09)
(-1.71702e-13 1.56213e-08 1.38102e-13)
(-6.12551e-09 6.43184e-14 1.4379e-08)
(1.43785e-08 3.92714e-14 6.11128e-09)
(-2.4062e-13 1.56212e-08 3.40651e-13)
(-6.12502e-09 -4.52922e-14 1.43792e-08)
(1.43782e-08 3.63965e-14 6.11251e-09)
(-2.98483e-13 1.56211e-08 5.12795e-13)
(-6.12419e-09 -1.36697e-13 1.43795e-08)
(1.4378e-08 3.45418e-14 6.11344e-09)
(-3.49126e-13 1.56211e-08 6.59199e-13)
(-6.12307e-09 -2.08078e-13 1.438e-08)
(1.43778e-08 3.43882e-14 6.11412e-09)
(-3.96672e-13 1.5621e-08 7.88239e-13)
(-6.12172e-09 -2.55471e-13 1.43806e-08)
(1.43776e-08 3.55308e-14 6.1146e-09)
(-4.43541e-13 1.5621e-08 9.1125e-13)
(-6.12017e-09 -2.72459e-13 1.43812e-08)
(-5.04303e-13 1.56207e-08 1.02794e-12)
(-6.11819e-09 -2.52258e-13 1.43819e-08)
(1.55573e-08 -2.90576e-12 1.51133e-10)
(1.46398e-11 1.56547e-08 -5.93667e-11)
(-1.09021e-10 7.25389e-12 1.56177e-08)
(1.55316e-08 -4.25517e-12 3.62185e-10)
(-1.62995e-12 1.56379e-08 -1.44015e-10)
(-5.05293e-10 3.1896e-11 1.56271e-08)
(1.5519e-08 -3.9993e-12 5.90747e-10)
(-6.13353e-13 1.5629e-08 -1.79545e-10)
(-7.38612e-10 6.50401e-11 1.56327e-08)
(1.55084e-08 -3.46887e-12 8.1332e-10)
(5.29129e-12 1.56218e-08 -1.94389e-10)
(-9.45747e-10 9.18153e-11 1.56324e-08)
(1.54971e-08 -3.13632e-12 1.02766e-09)
(1.12004e-11 1.56178e-08 -1.99953e-10)
(-1.14972e-09 1.09986e-10 1.56247e-08)
(1.5484e-08 -2.96963e-12 1.23481e-09)
(1.61686e-11 1.56164e-08 -2.00411e-10)
(-1.35015e-09 1.2138e-10 1.56112e-08)
(1.5469e-08 -2.88535e-12 1.4354e-09)
(2.00964e-11 1.56162e-08 -1.97913e-10)
(-1.54688e-09 1.2792e-10 1.55933e-08)
(1.54521e-08 -2.8228e-12 1.62991e-09)
(2.31126e-11 1.56169e-08 -1.9375e-10)
(-1.7395e-09 1.31069e-10 1.55719e-08)
(1.54334e-08 -2.74828e-12 1.81868e-09)
(2.54139e-11 1.56179e-08 -1.88708e-10)
(-1.92751e-09 1.31892e-10 1.55481e-08)
(1.5413e-08 -2.6497e-12 2.0019e-09)
(2.71796e-11 1.56191e-08 -1.83265e-10)
(-2.11054e-09 1.31143e-10 1.55222e-08)
(1.53911e-08 -2.52751e-12 2.17972e-09)
(2.85492e-11 1.56204e-08 -1.77691e-10)
(-2.28843e-09 1.29348e-10 1.54948e-08)
(1.53679e-08 -2.38766e-12 2.35224e-09)
(2.9624e-11 1.56217e-08 -1.72129e-10)
(-2.46108e-09 1.26874e-10 1.54662e-08)
(1.53436e-08 -2.23743e-12 2.51954e-09)
(3.04739e-11 1.56229e-08 -1.66646e-10)
(-2.62848e-09 1.23968e-10 1.54366e-08)
(1.53182e-08 -2.0834e-12 2.68169e-09)
(3.11454e-11 1.5624e-08 -1.6127e-10)
(-2.79067e-09 1.208e-10 1.54062e-08)
(1.52919e-08 -1.93064e-12 2.83877e-09)
(3.16683e-11 1.56251e-08 -1.56007e-10)
(-2.9477e-09 1.17481e-10 1.53752e-08)
(1.52649e-08 -1.7826e-12 2.99086e-09)
(3.20618e-11 1.5626e-08 -1.50855e-10)
(-3.09962e-09 1.14085e-10 1.53436e-08)
(1.52374e-08 -1.6413e-12 3.13803e-09)
(3.23386e-11 1.56268e-08 -1.45808e-10)
(-3.24652e-09 1.10659e-10 1.53116e-08)
(1.52093e-08 -1.50768e-12 3.28036e-09)
(3.25074e-11 1.56276e-08 -1.40862e-10)
(-3.38847e-09 1.07234e-10 1.52793e-08)
(1.5181e-08 -1.38195e-12 3.41794e-09)
(3.2575e-11 1.56282e-08 -1.36014e-10)
(-3.52556e-09 1.0383e-10 1.52469e-08)
(1.51524e-08 -1.26386e-12 3.55084e-09)
(3.25471e-11 1.56288e-08 -1.3126e-10)
(-3.65788e-09 1.00459e-10 1.52144e-08)
(1.51237e-08 -1.15291e-12 3.67915e-09)
(3.24294e-11 1.56293e-08 -1.26599e-10)
(-3.78551e-09 9.71294e-11 1.51819e-08)
(1.50949e-08 -1.04853e-12 3.80296e-09)
(3.2227e-11 1.56298e-08 -1.2203e-10)
(-3.90855e-09 9.38458e-11 1.51495e-08)
(1.50662e-08 -9.50118e-13 3.92235e-09)
(3.19454e-11 1.56302e-08 -1.17553e-10)
(-4.02708e-09 9.06117e-11 1.51173e-08)
(1.50377e-08 -8.57144e-13 4.0374e-09)
(3.15902e-11 1.56305e-08 -1.13167e-10)
(-4.1412e-09 8.7429e-11 1.50854e-08)
(1.50093e-08 -7.69146e-13 4.14821e-09)
(3.11667e-11 1.56308e-08 -1.08873e-10)
(-4.251e-09 8.42994e-11 1.50538e-08)
(1.49813e-08 -6.85745e-13 4.25486e-09)
(3.06804e-11 1.56311e-08 -1.04671e-10)
(-4.35658e-09 8.12239e-11 1.50226e-08)
(1.49536e-08 -6.06634e-13 4.35744e-09)
(3.01366e-11 1.56313e-08 -1.00561e-10)
(-4.45802e-09 7.8203e-11 1.49919e-08)
(1.49263e-08 -5.3157e-13 4.45604e-09)
(2.95405e-11 1.56314e-08 -9.65413e-11)
(-4.55541e-09 7.52375e-11 1.49617e-08)
(1.48995e-08 -4.60361e-13 4.55074e-09)
(2.88972e-11 1.56315e-08 -9.26132e-11)
(-4.64886e-09 7.23276e-11 1.49321e-08)
(1.48731e-08 -3.92854e-13 4.64164e-09)
(2.82115e-11 1.56316e-08 -8.87759e-11)
(-4.73845e-09 6.94739e-11 1.49032e-08)
(1.48474e-08 -3.28927e-13 4.72882e-09)
(2.74882e-11 1.56316e-08 -8.5029e-11)
(-4.82427e-09 6.66765e-11 1.48749e-08)
(1.48222e-08 -2.68476e-13 4.81237e-09)
(2.67317e-11 1.56316e-08 -8.1372e-11)
(-4.90641e-09 6.39357e-11 1.48473e-08)
(1.47977e-08 -2.11412e-13 4.89237e-09)
(2.59463e-11 1.56315e-08 -7.78044e-11)
(-4.98497e-09 6.12518e-11 1.48205e-08)
(1.47738e-08 -1.57655e-13 4.96891e-09)
(2.51361e-11 1.56314e-08 -7.43255e-11)
(-5.06003e-09 5.86248e-11 1.47944e-08)
(1.47506e-08 -1.07131e-13 5.04209e-09)
(2.4305e-11 1.56313e-08 -7.09347e-11)
(-5.13168e-09 5.60549e-11 1.47692e-08)
(1.47281e-08 -5.97666e-14 5.11197e-09)
(2.34566e-11 1.56312e-08 -6.76312e-11)
(-5.20002e-09 5.35422e-11 1.47447e-08)
(1.47064e-08 -1.54922e-14 5.17865e-09)
(2.25945e-11 1.5631e-08 -6.44143e-11)
(-5.26512e-09 5.10869e-11 1.47211e-08)
(1.46854e-08 2.57629e-14 5.24221e-09)
(2.17219e-11 1.56308e-08 -6.12833e-11)
(-5.32707e-09 4.86889e-11 1.46983e-08)
(1.46651e-08 6.40698e-14 5.30274e-09)
(2.08421e-11 1.56306e-08 -5.82372e-11)
(-5.38596e-09 4.63483e-11 1.46764e-08)
(1.46456e-08 9.95001e-14 5.36031e-09)
(1.99579e-11 1.56304e-08 -5.52753e-11)
(-5.44188e-09 4.40652e-11 1.46553e-08)
(1.46269e-08 1.32126e-13 5.41502e-09)
(1.90722e-11 1.56301e-08 -5.23968e-11)
(-5.4949e-09 4.18395e-11 1.46352e-08)
(1.4609e-08 1.62021e-13 5.46693e-09)
(1.81875e-11 1.56299e-08 -4.96008e-11)
(-5.54511e-09 3.96712e-11 1.46159e-08)
(1.45919e-08 1.89258e-13 5.51614e-09)
(1.73064e-11 1.56296e-08 -4.68866e-11)
(-5.59259e-09 3.75604e-11 1.45974e-08)
(1.45756e-08 2.13912e-13 5.56272e-09)
(1.64312e-11 1.56293e-08 -4.42534e-11)
(-5.63743e-09 3.5507e-11 1.45799e-08)
(1.456e-08 2.36059e-13 5.60675e-09)
(1.55641e-11 1.5629e-08 -4.17002e-11)
(-5.6797e-09 3.35108e-11 1.45632e-08)
(1.45452e-08 2.55773e-13 5.64831e-09)
(1.4707e-11 1.56287e-08 -3.92264e-11)
(-5.71948e-09 3.1572e-11 1.45474e-08)
(1.45312e-08 2.73131e-13 5.68748e-09)
(1.38619e-11 1.56284e-08 -3.68311e-11)
(-5.75685e-09 2.96904e-11 1.45324e-08)
(1.45179e-08 2.88208e-13 5.72433e-09)
(1.30306e-11 1.5628e-08 -3.45136e-11)
(-5.7919e-09 2.78659e-11 1.45182e-08)
(1.45054e-08 3.0108e-13 5.75894e-09)
(1.22147e-11 1.56277e-08 -3.22732e-11)
(-5.82469e-09 2.60985e-11 1.45049e-08)
(1.44937e-08 3.11824e-13 5.79139e-09)
(1.14158e-11 1.56274e-08 -3.01092e-11)
(-5.8553e-09 2.43881e-11 1.44924e-08)
(1.44826e-08 3.20515e-13 5.82175e-09)
(1.06352e-11 1.5627e-08 -2.80208e-11)
(-5.88381e-09 2.27345e-11 1.44807e-08)
(1.44723e-08 3.27229e-13 5.8501e-09)
(9.87419e-12 1.56267e-08 -2.60074e-11)
(-5.9103e-09 2.11377e-11 1.44698e-08)
(1.44626e-08 3.32043e-13 5.87651e-09)
(9.13407e-12 1.56264e-08 -2.40683e-11)
(-5.93483e-09 1.95976e-11 1.44596e-08)
(1.44536e-08 3.35031e-13 5.90105e-09)
(8.41587e-12 1.5626e-08 -2.2203e-11)
(-5.95749e-09 1.81141e-11 1.44502e-08)
(1.44453e-08 3.36269e-13 5.9238e-09)
(7.72061e-12 1.56257e-08 -2.04109e-11)
(-5.97834e-09 1.6687e-11 1.44414e-08)
(1.44376e-08 3.35833e-13 5.94484e-09)
(7.04919e-12 1.56254e-08 -1.86914e-11)
(-5.99746e-09 1.53162e-11 1.44334e-08)
(1.44305e-08 3.33795e-13 5.96422e-09)
(6.40242e-12 1.56251e-08 -1.70439e-11)
(-6.01492e-09 1.40017e-11 1.44261e-08)
(1.4424e-08 3.30232e-13 5.98203e-09)
(5.78105e-12 1.56248e-08 -1.54681e-11)
(-6.03079e-09 1.27432e-11 1.44194e-08)
(1.4418e-08 3.25215e-13 5.99833e-09)
(5.18572e-12 1.56245e-08 -1.39633e-11)
(-6.04515e-09 1.15408e-11 1.44133e-08)
(1.44126e-08 3.1882e-13 6.0132e-09)
(4.61703e-12 1.56242e-08 -1.25292e-11)
(-6.05806e-09 1.03942e-11 1.44078e-08)
(1.44077e-08 3.11118e-13 6.02671e-09)
(4.07547e-12 1.56239e-08 -1.11653e-11)
(-6.06959e-09 9.30339e-12 1.44029e-08)
(1.44033e-08 3.02183e-13 6.03892e-09)
(3.5615e-12 1.56236e-08 -9.87121e-12)
(-6.07982e-09 8.2682e-12 1.43985e-08)
(1.43994e-08 2.9209e-13 6.04991e-09)
(3.07552e-12 1.56233e-08 -8.64666e-12)
(-6.08882e-09 7.28854e-12 1.43947e-08)
(1.43959e-08 2.80911e-13 6.05974e-09)
(2.61785e-12 1.56231e-08 -7.49126e-12)
(-6.09664e-09 6.36429e-12 1.43914e-08)
(1.43928e-08 2.68725e-13 6.06849e-09)
(2.18878e-12 1.56228e-08 -6.40475e-12)
(-6.10337e-09 5.49534e-12 1.43885e-08)
(1.43901e-08 2.55612e-13 6.07621e-09)
(1.78858e-12 1.56226e-08 -5.3869e-12)
(-6.10906e-09 4.68158e-12 1.4386e-08)
(1.43877e-08 2.41662e-13 6.08299e-09)
(1.41748e-12 1.56224e-08 -4.43751e-12)
(-6.1138e-09 3.92288e-12 1.4384e-08)
(1.43857e-08 2.2698e-13 6.08889e-09)
(1.07569e-12 1.56222e-08 -3.55649e-12)
(-6.11764e-09 3.2191e-12 1.43824e-08)
(1.4384e-08 2.11698e-13 6.09398e-09)
(7.63426e-13 1.5622e-08 -2.74379e-12)
(-6.12065e-09 2.57006e-12 1.43811e-08)
(1.43826e-08 1.95986e-13 6.09832e-09)
(4.80882e-13 1.56218e-08 -1.99948e-12)
(-6.12291e-09 1.97553e-12 1.43801e-08)
(1.43814e-08 1.80068e-13 6.10198e-09)
(2.2822e-13 1.56217e-08 -1.32367e-12)
(-6.12448e-09 1.43519e-12 1.43794e-08)
(1.43804e-08 1.64251e-13 6.10502e-09)
(5.4858e-15 1.56215e-08 -7.16468e-13)
(-6.12543e-09 9.48578e-13 1.4379e-08)
(1.43796e-08 1.48938e-13 6.10753e-09)
(-1.87568e-13 1.56214e-08 -1.77793e-13)
(-6.12582e-09 5.15123e-13 1.43788e-08)
(1.4379e-08 1.34644e-13 6.10955e-09)
(-3.51851e-13 1.56213e-08 2.93017e-13)
(-6.12572e-09 1.34193e-13 1.43789e-08)
(1.43786e-08 1.21969e-13 6.11115e-09)
(-4.89563e-13 1.56212e-08 6.98012e-13)
(-6.12521e-09 -1.94545e-13 1.43791e-08)
(1.43782e-08 1.11485e-13 6.11239e-09)
(-6.05246e-13 1.56211e-08 1.04203e-12)
(-6.12434e-09 -4.70196e-13 1.43795e-08)
(1.4378e-08 1.04129e-13 6.11332e-09)
(-7.07426e-13 1.56211e-08 1.33477e-12)
(-6.12318e-09 -6.88511e-13 1.43799e-08)
(1.43778e-08 1.02574e-13 6.11401e-09)
(-8.06638e-13 1.5621e-08 1.59462e-12)
(-6.12179e-09 -8.38164e-13 1.43805e-08)
(1.43777e-08 1.0645e-13 6.11449e-09)
(-9.04936e-13 1.5621e-08 1.85058e-12)
(-6.12017e-09 -8.97745e-13 1.43812e-08)
(-1.02282e-12 1.56207e-08 2.1081e-12)
(-6.11811e-09 -8.40292e-13 1.4382e-08)
(1.55509e-08 -5.28134e-12 1.70222e-10)
(3.20412e-11 1.56607e-08 -1.06367e-10)
(-7.51697e-11 2.65953e-11 1.56155e-08)
(1.55271e-08 -5.09815e-12 3.82052e-10)
(-5.35243e-12 1.56397e-08 -2.44513e-10)
(-4.54849e-10 8.61187e-11 1.56332e-08)
(1.55159e-08 -3.97022e-12 6.05669e-10)
(-3.87487e-12 1.56298e-08 -2.84915e-10)
(-6.99654e-10 1.42562e-10 1.56381e-08)
(1.55057e-08 -3.62059e-12 8.23075e-10)
(6.92357e-12 1.56232e-08 -2.97452e-10)
(-9.20244e-10 1.80527e-10 1.5636e-08)
(1.54945e-08 -3.83648e-12 1.03332e-09)
(1.66345e-11 1.56201e-08 -3.01393e-10)
(-1.13403e-09 2.03747e-10 1.56267e-08)
(1.54817e-08 -4.19093e-12 1.23738e-09)
(2.42816e-11 1.56192e-08 -3.00329e-10)
(-1.34124e-09 2.17005e-10 1.56119e-08)
(1.5467e-08 -4.4873e-12 1.43576e-09)
(3.01554e-11 1.56195e-08 -2.95969e-10)
(-1.5426e-09 2.23544e-10 1.55929e-08)
(1.54504e-08 -4.65364e-12 1.62873e-09)
(3.46178e-11 1.56203e-08 -2.89596e-10)
(-1.73834e-09 2.2558e-10 1.55708e-08)
(1.5432e-08 -4.68107e-12 1.81645e-09)
(3.80171e-11 1.56214e-08 -2.82103e-10)
(-1.9284e-09 2.24642e-10 1.55463e-08)
(1.54119e-08 -4.59171e-12 1.99901e-09)
(4.06328e-11 1.56227e-08 -2.74073e-10)
(-2.11277e-09 2.21766e-10 1.55201e-08)
(1.53903e-08 -4.41736e-12 2.17641e-09)
(4.26709e-11 1.56239e-08 -2.65853e-10)
(-2.29151e-09 2.17649e-10 1.54924e-08)
(1.53673e-08 -4.18841e-12 2.34869e-09)
(4.42777e-11 1.56251e-08 -2.57634e-10)
(-2.46468e-09 2.12758e-10 1.54637e-08)
(1.5343e-08 -3.92964e-12 2.51586e-09)
(4.55533e-11 1.56262e-08 -2.49509e-10)
(-2.6324e-09 2.07402e-10 1.5434e-08)
(1.53178e-08 -3.65919e-12 2.67796e-09)
(4.65642e-11 1.56272e-08 -2.41519e-10)
(-2.79476e-09 2.01783e-10 1.54036e-08)
(1.52916e-08 -3.38923e-12 2.83503e-09)
(4.73532e-11 1.56281e-08 -2.33679e-10)
(-2.95186e-09 1.9603e-10 1.53725e-08)
(1.52648e-08 -3.12719e-12 2.98715e-09)
(4.79482e-11 1.56289e-08 -2.2599e-10)
(-3.1038e-09 1.90226e-10 1.53409e-08)
(1.52373e-08 -2.87703e-12 3.13436e-09)
(4.83676e-11 1.56297e-08 -2.18448e-10)
(-3.25068e-09 1.84424e-10 1.5309e-08)
(1.52094e-08 -2.6404e-12 3.27675e-09)
(4.86246e-11 1.56303e-08 -2.11051e-10)
(-3.39259e-09 1.78657e-10 1.52768e-08)
(1.51811e-08 -2.41751e-12 3.41438e-09)
(4.87293e-11 1.56308e-08 -2.03794e-10)
(-3.52963e-09 1.72946e-10 1.52444e-08)
(1.51526e-08 -2.20779e-12 3.54735e-09)
(4.86905e-11 1.56313e-08 -1.96675e-10)
(-3.66189e-09 1.67303e-10 1.52119e-08)
(1.51239e-08 -2.01029e-12 3.67573e-09)
(4.85166e-11 1.56317e-08 -1.89694e-10)
(-3.78945e-09 1.61737e-10 1.51794e-08)
(1.50952e-08 -1.82396e-12 3.7996e-09)
(4.82157e-11 1.56321e-08 -1.82849e-10)
(-3.91242e-09 1.56253e-10 1.51471e-08)
(1.50666e-08 -1.64782e-12 3.91906e-09)
(4.77961e-11 1.56324e-08 -1.76141e-10)
(-4.03089e-09 1.50855e-10 1.51149e-08)
(1.50381e-08 -1.48101e-12 4.03418e-09)
(4.72659e-11 1.56326e-08 -1.6957e-10)
(-4.14493e-09 1.45545e-10 1.5083e-08)
(1.50098e-08 -1.32279e-12 4.14506e-09)
(4.66334e-11 1.56328e-08 -1.63136e-10)
(-4.25466e-09 1.40324e-10 1.50515e-08)
(1.49818e-08 -1.17259e-12 4.25178e-09)
(4.59067e-11 1.5633e-08 -1.56838e-10)
(-4.36017e-09 1.35194e-10 1.50204e-08)
(1.49541e-08 -1.02994e-12 4.35443e-09)
(4.50938e-11 1.56331e-08 -1.50678e-10)
(-4.46153e-09 1.30156e-10 1.49897e-08)
(1.49269e-08 -8.94502e-13 4.4531e-09)
(4.42025e-11 1.56331e-08 -1.44655e-10)
(-4.55886e-09 1.2521e-10 1.49596e-08)
(1.49001e-08 -7.65978e-13 4.54787e-09)
(4.32404e-11 1.56331e-08 -1.38768e-10)
(-4.65223e-09 1.20358e-10 1.493e-08)
(1.48738e-08 -6.44145e-13 4.63884e-09)
(4.22148e-11 1.56331e-08 -1.33017e-10)
(-4.74175e-09 1.15599e-10 1.49011e-08)
(1.4848e-08 -5.28815e-13 4.72609e-09)
(4.11328e-11 1.56331e-08 -1.27402e-10)
(-4.8275e-09 1.10935e-10 1.48729e-08)
(1.48229e-08 -4.19827e-13 4.8097e-09)
(4.00009e-11 1.5633e-08 -1.21921e-10)
(-4.90958e-09 1.06364e-10 1.48454e-08)
(1.47984e-08 -3.17036e-13 4.88977e-09)
(3.88257e-11 1.56329e-08 -1.16574e-10)
(-4.98806e-09 1.01889e-10 1.48186e-08)
(1.47745e-08 -2.20305e-13 4.96638e-09)
(3.76132e-11 1.56327e-08 -1.1136e-10)
(-5.06306e-09 9.75089e-11 1.47926e-08)
(1.47513e-08 -1.29505e-13 5.03962e-09)
(3.63693e-11 1.56325e-08 -1.06279e-10)
(-5.13464e-09 9.3224e-11 1.47673e-08)
(1.47288e-08 -4.4505e-14 5.10957e-09)
(3.50996e-11 1.56323e-08 -1.01328e-10)
(-5.2029e-09 8.90345e-11 1.47429e-08)
(1.47071e-08 3.48235e-14 5.17631e-09)
(3.38092e-11 1.56321e-08 -9.65065e-11)
(-5.26794e-09 8.49406e-11 1.47193e-08)
(1.46861e-08 1.08611e-13 5.23994e-09)
(3.25031e-11 1.56319e-08 -9.18139e-11)
(-5.32982e-09 8.09424e-11 1.46966e-08)
(1.46659e-08 1.7699e-13 5.30053e-09)
(3.1186e-11 1.56316e-08 -8.72487e-11)
(-5.38865e-09 7.70399e-11 1.46748e-08)
(1.46464e-08 2.40094e-13 5.35817e-09)
(2.98624e-11 1.56313e-08 -8.28098e-11)
(-5.44449e-09 7.32333e-11 1.46538e-08)
(1.46277e-08 2.98057e-13 5.41293e-09)
(2.85364e-11 1.5631e-08 -7.84958e-11)
(-5.49745e-09 6.95224e-11 1.46336e-08)
(1.46098e-08 3.51017e-13 5.46491e-09)
(2.72121e-11 1.56307e-08 -7.43057e-11)
(-5.54759e-09 6.59074e-11 1.46144e-08)
(1.45927e-08 3.99111e-13 5.51418e-09)
(2.5893e-11 1.56304e-08 -7.0238e-11)
(-5.59501e-09 6.23881e-11 1.4596e-08)
(1.45763e-08 4.42479e-13 5.56082e-09)
(2.45827e-11 1.563e-08 -6.62916e-11)
(-5.63978e-09 5.89646e-11 1.45785e-08)
(1.45607e-08 4.81258e-13 5.60491e-09)
(2.32844e-11 1.56297e-08 -6.24654e-11)
(-5.68198e-09 5.56366e-11 1.45618e-08)
(1.45459e-08 5.15591e-13 5.64652e-09)
(2.20012e-11 1.56294e-08 -5.87581e-11)
(-5.7217e-09 5.24042e-11 1.4546e-08)
(1.45319e-08 5.45616e-13 5.68575e-09)
(2.0736e-11 1.5629e-08 -5.51686e-11)
(-5.759e-09 4.92671e-11 1.45311e-08)
(1.45186e-08 5.71475e-13 5.72266e-09)
(1.94914e-11 1.56286e-08 -5.16957e-11)
(-5.79398e-09 4.62254e-11 1.4517e-08)
(1.45061e-08 5.93308e-13 5.75732e-09)
(1.82699e-11 1.56283e-08 -4.83383e-11)
(-5.82671e-09 4.32789e-11 1.45037e-08)
(1.44943e-08 6.11255e-13 5.78983e-09)
(1.70737e-11 1.56279e-08 -4.50954e-11)
(-5.85725e-09 4.04273e-11 1.44913e-08)
(1.44832e-08 6.25456e-13 5.82025e-09)
(1.5905e-11 1.56275e-08 -4.1966e-11)
(-5.8857e-09 3.76706e-11 1.44796e-08)
(1.44729e-08 6.3605e-13 5.84865e-09)
(1.47657e-11 1.56272e-08 -3.8949e-11)
(-5.91212e-09 3.50085e-11 1.44687e-08)
(1.44632e-08 6.43177e-13 5.87512e-09)
(1.36576e-11 1.56268e-08 -3.60434e-11)
(-5.93659e-09 3.2441e-11 1.44586e-08)
(1.44542e-08 6.46976e-13 5.89971e-09)
(1.25824e-11 1.56265e-08 -3.32484e-11)
(-5.95918e-09 2.99678e-11 1.44492e-08)
(1.44458e-08 6.47584e-13 5.92252e-09)
(1.15415e-11 1.56261e-08 -3.05631e-11)
(-5.97997e-09 2.75888e-11 1.44405e-08)
(1.44381e-08 6.45139e-13 5.94361e-09)
(1.05363e-11 1.56258e-08 -2.79866e-11)
(-5.99903e-09 2.53037e-11 1.44325e-08)
(1.4431e-08 6.39778e-13 5.96304e-09)
(9.56809e-12 1.56254e-08 -2.55182e-11)
(-6.01642e-09 2.31124e-11 1.44252e-08)
(1.44244e-08 6.31636e-13 5.98091e-09)
(8.63789e-12 1.56251e-08 -2.31571e-11)
(-6.03223e-09 2.10146e-11 1.44185e-08)
(1.44185e-08 6.20847e-13 5.99726e-09)
(7.74672e-12 1.56248e-08 -2.09025e-11)
(-6.04652e-09 1.90102e-11 1.44125e-08)
(1.4413e-08 6.07544e-13 6.01218e-09)
(6.89543e-12 1.56244e-08 -1.87539e-11)
(-6.05937e-09 1.7099e-11 1.44071e-08)
(1.44081e-08 5.91861e-13 6.02574e-09)
(6.0848e-12 1.56241e-08 -1.67105e-11)
(-6.07084e-09 1.52808e-11 1.44022e-08)
(1.44037e-08 5.73929e-13 6.038e-09)
(5.3155e-12 1.56238e-08 -1.47719e-11)
(-6.08101e-09 1.35553e-11 1.43979e-08)
(1.43997e-08 5.5388e-13 6.04904e-09)
(4.5881e-12 1.56236e-08 -1.29373e-11)
(-6.08993e-09 1.19225e-11 1.43941e-08)
(1.43962e-08 5.31845e-13 6.05893e-09)
(3.90311e-12 1.56233e-08 -1.12065e-11)
(-6.09769e-09 1.0382e-11 1.43908e-08)
(1.43931e-08 5.07958e-13 6.06772e-09)
(3.26095e-12 1.5623e-08 -9.57885e-12)
(-6.10436e-09 8.93378e-12 1.43879e-08)
(1.43904e-08 4.82354e-13 6.0755e-09)
(2.662e-12 1.56228e-08 -8.05407e-12)
(-6.10999e-09 7.5776e-12 1.43855e-08)
(1.4388e-08 4.55175e-13 6.08233e-09)
(2.10658e-12 1.56225e-08 -6.63183e-12)
(-6.11466e-09 6.31332e-12 1.43835e-08)
(1.4386e-08 4.26575e-13 6.08828e-09)
(1.59499e-12 1.56223e-08 -5.31195e-12)
(-6.11844e-09 5.14073e-12 1.43819e-08)
(1.43842e-08 3.96741e-13 6.09342e-09)
(1.12752e-12 1.56221e-08 -4.0943e-12)
(-6.12139e-09 4.05965e-12 1.43807e-08)
(1.43828e-08 3.65908e-13 6.0978e-09)
(7.04417e-13 1.56219e-08 -2.97888e-12)
(-6.12358e-09 3.06979e-12 1.43797e-08)
(1.43816e-08 3.34395e-13 6.10151e-09)
(3.25914e-13 1.56218e-08 -1.96581e-12)
(-6.12509e-09 2.17076e-12 1.43791e-08)
(1.43806e-08 3.02657e-13 6.10461e-09)
(-7.91801e-15 1.56216e-08 -1.05518e-12)
(-6.12597e-09 1.36194e-12 1.43787e-08)
(1.43798e-08 2.7135e-13 6.10715e-09)
(-2.97365e-13 1.56215e-08 -2.46878e-13)
(-6.1263e-09 6.42392e-13 1.43786e-08)
(1.43792e-08 2.41404e-13 6.10922e-09)
(-5.43597e-13 1.56214e-08 4.59934e-13)
(-6.12614e-09 1.06955e-14 1.43787e-08)
(1.43787e-08 2.14091e-13 6.11085e-09)
(-7.49666e-13 1.56213e-08 1.06796e-12)
(-6.12557e-09 -5.34932e-13 1.43789e-08)
(1.43784e-08 1.90799e-13 6.11212e-09)
(-9.22559e-13 1.56212e-08 1.58398e-12)
(-6.12464e-09 -9.95979e-13 1.43793e-08)
(1.43781e-08 1.72503e-13 6.11308e-09)
(-1.0777e-12 1.56211e-08 2.02256e-12)
(-6.12341e-09 -1.37112e-12 1.43798e-08)
(1.4378e-08 1.60714e-13 6.11377e-09)
(-1.23705e-12 1.5621e-08 2.41497e-12)
(-6.12194e-09 -1.64916e-12 1.43805e-08)
(1.43778e-08 1.54402e-13 6.11424e-09)
(-1.38676e-12 1.5621e-08 2.82684e-12)
(-6.12021e-09 -1.79496e-12 1.43812e-08)
(-1.49417e-12 1.56207e-08 3.30714e-12)
(-6.11793e-09 -1.73001e-12 1.43819e-08)
(1.55408e-08 -9.92213e-12 2.43416e-10)
(5.57787e-11 1.04421e-10 1.55943e-08)
(1.55238e-08 8.70743e-12 4.12385e-10)
(-3.85172e-10 2.45355e-10 1.5654e-08)
(1.55132e-08 7.6022e-12 6.21189e-10)
(-6.62547e-10 2.96362e-10 1.5647e-08)
(1.55029e-08 2.62525e-12 8.31975e-10)
(-8.98272e-10 3.18002e-10 1.564e-08)
(1.54921e-08 -1.22619e-12 1.03728e-09)
(-1.12177e-09 3.29202e-10 1.56278e-08)
(1.54798e-08 -3.74619e-12 1.2376e-09)
(-1.33578e-09 3.33502e-10 1.56106e-08)
(1.54657e-08 -5.26692e-12 1.43335e-09)
(-1.5417e-09 3.3283e-10 1.559e-08)
(1.54496e-08 -6.06214e-12 1.62459e-09)
(-1.74037e-09 3.28861e-10 1.55667e-08)
(1.54317e-08 -6.3527e-12 1.81123e-09)
(-1.93227e-09 3.22837e-10 1.55414e-08)
(1.54119e-08 -6.30928e-12 1.99315e-09)
(-2.11775e-09 3.15598e-10 1.55147e-08)
(1.53905e-08 -6.05809e-12 2.1702e-09)
(-2.29712e-09 3.07682e-10 1.54869e-08)
(1.53677e-08 -5.68891e-12 2.34231e-09)
(-2.47064e-09 2.99419e-10 1.5458e-08)
(1.53436e-08 -5.26251e-12 2.50942e-09)
(-2.63852e-09 2.91009e-10 1.54283e-08)
(1.53184e-08 -4.81776e-12 2.67154e-09)
(-2.80093e-09 2.82566e-10 1.53979e-08)
(1.52923e-08 -4.37786e-12 2.82867e-09)
(-2.95802e-09 2.74158e-10 1.5367e-08)
(1.52655e-08 -3.95543e-12 2.98085e-09)
(-3.1099e-09 2.65822e-10 1.53355e-08)
(1.52381e-08 -3.55631e-12 3.12816e-09)
(-3.25671e-09 2.5758e-10 1.53037e-08)
(1.52102e-08 -3.18235e-12 3.27064e-09)
(-3.39853e-09 2.49443e-10 1.52716e-08)
(1.5182e-08 -2.83312e-12 3.40838e-09)
(-3.53547e-09 2.41419e-10 1.52393e-08)
(1.51535e-08 -2.5072e-12 3.54145e-09)
(-3.66763e-09 2.3351e-10 1.5207e-08)
(1.51249e-08 -2.20275e-12 3.66993e-09)
(-3.79509e-09 2.25721e-10 1.51746e-08)
(1.50963e-08 -1.91795e-12 3.79391e-09)
(-3.91796e-09 2.18054e-10 1.51424e-08)
(1.50677e-08 -1.65118e-12 3.91347e-09)
(-4.03632e-09 2.10509e-10 1.51104e-08)
(1.50392e-08 -1.40105e-12 4.0287e-09)
(-4.15026e-09 2.03089e-10 1.50786e-08)
(1.50109e-08 -1.1664e-12 4.13969e-09)
(-4.25989e-09 1.95794e-10 1.50472e-08)
(1.49829e-08 -9.463e-13 4.24652e-09)
(-4.36529e-09 1.88626e-10 1.50162e-08)
(1.49553e-08 -7.39982e-13 4.34928e-09)
(-4.46656e-09 1.81586e-10 1.49856e-08)
(1.49281e-08 -5.46802e-13 4.44805e-09)
(-4.56378e-09 1.74674e-10 1.49556e-08)
(1.49013e-08 -3.66211e-13 4.54294e-09)
(-4.65706e-09 1.67892e-10 1.49262e-08)
(1.4875e-08 -1.97727e-13 4.63401e-09)
(-4.74648e-09 1.6124e-10 1.48974e-08)
(1.48493e-08 -4.09069e-14 4.72137e-09)
(-4.83213e-09 1.54719e-10 1.48692e-08)
(1.48241e-08 1.04659e-13 4.80509e-09)
(-4.91411e-09 1.4833e-10 1.48418e-08)
(1.47996e-08 2.39364e-13 4.88527e-09)
(-4.9925e-09 1.42072e-10 1.48151e-08)
(1.47757e-08 3.63587e-13 4.96198e-09)
(-5.0674e-09 1.35946e-10 1.47892e-08)
(1.47525e-08 4.77696e-13 5.03533e-09)
(-5.13889e-09 1.29953e-10 1.47641e-08)
(1.47301e-08 5.82055e-13 5.10538e-09)
(-5.20705e-09 1.24093e-10 1.47397e-08)
(1.47083e-08 6.77023e-13 5.17223e-09)
(-5.27199e-09 1.18366e-10 1.47163e-08)
(1.46873e-08 7.62952e-13 5.23596e-09)
(-5.33378e-09 1.12773e-10 1.46936e-08)
(1.46671e-08 8.4019e-13 5.29666e-09)
(-5.39251e-09 1.07312e-10 1.46719e-08)
(1.46476e-08 9.09078e-13 5.3544e-09)
(-5.44827e-09 1.01986e-10 1.4651e-08)
(1.46289e-08 9.69951e-13 5.40927e-09)
(-5.50113e-09 9.67928e-11 1.46309e-08)
(1.46109e-08 1.02314e-12 5.46135e-09)
(-5.55118e-09 9.17334e-11 1.46118e-08)
(1.45938e-08 1.06896e-12 5.51072e-09)
(-5.5985e-09 8.68077e-11 1.45935e-08)
(1.45774e-08 1.10774e-12 5.55746e-09)
(-5.64318e-09 8.20156e-11 1.4576e-08)
(1.45618e-08 1.13978e-12 5.60165e-09)
(-5.68529e-09 7.73571e-11 1.45595e-08)
(1.4547e-08 1.16537e-12 5.64336e-09)
(-5.72491e-09 7.28319e-11 1.45438e-08)
(1.4533e-08 1.18483e-12 5.68269e-09)
(-5.76213e-09 6.84401e-11 1.45289e-08)
(1.45197e-08 1.19842e-12 5.7197e-09)
(-5.79701e-09 6.41814e-11 1.45149e-08)
(1.45071e-08 1.20645e-12 5.75446e-09)
(-5.82964e-09 6.00557e-11 1.45017e-08)
(1.44953e-08 1.20917e-12 5.78707e-09)
(-5.8601e-09 5.60629e-11 1.44893e-08)
(1.44842e-08 1.20685e-12 5.81758e-09)
(-5.88845e-09 5.22028e-11 1.44777e-08)
(1.44738e-08 1.19975e-12 5.84608e-09)
(-5.91478e-09 4.84751e-11 1.44669e-08)
(1.44641e-08 1.18812e-12 5.87264e-09)
(-5.93916e-09 4.48797e-11 1.44569e-08)
(1.44551e-08 1.17221e-12 5.89734e-09)
(-5.96166e-09 4.14162e-11 1.44475e-08)
(1.44467e-08 1.15226e-12 5.92024e-09)
(-5.98236e-09 3.80846e-11 1.44389e-08)
(1.44389e-08 1.1285e-12 5.94142e-09)
(-6.00132e-09 3.48845e-11 1.4431e-08)
(1.44318e-08 1.10116e-12 5.96095e-09)
(-6.01862e-09 3.18157e-11 1.44238e-08)
(1.44252e-08 1.07046e-12 5.9789e-09)
(-6.03434e-09 2.88779e-11 1.44172e-08)
(1.44192e-08 1.03661e-12 5.99535e-09)
(-6.04854e-09 2.60709e-11 1.44112e-08)
(1.44137e-08 9.99821e-13 6.01037e-09)
(-6.06129e-09 2.33944e-11 1.44059e-08)
(1.44088e-08 9.60297e-13 6.02402e-09)
(-6.07267e-09 2.08481e-11 1.44011e-08)
(1.44043e-08 9.18235e-13 6.03637e-09)
(-6.08274e-09 1.84319e-11 1.43968e-08)
(1.44003e-08 8.73826e-13 6.04751e-09)
(-6.09158e-09 1.61453e-11 1.43931e-08)
(1.43968e-08 8.2726e-13 6.05748e-09)
(-6.09925e-09 1.39883e-11 1.43898e-08)
(1.43936e-08 7.78721e-13 6.06637e-09)
(-6.10582e-09 1.19605e-11 1.43871e-08)
(1.43908e-08 7.28381e-13 6.07424e-09)
(-6.11135e-09 1.00617e-11 1.43847e-08)
(1.43884e-08 6.76406e-13 6.08116e-09)
(-6.11593e-09 8.29182e-12 1.43828e-08)
(1.43864e-08 6.22957e-13 6.0872e-09)
(-6.11962e-09 6.65066e-12 1.43812e-08)
(1.43846e-08 5.68196e-13 6.09242e-09)
(-6.12247e-09 5.13815e-12 1.438e-08)
(1.43831e-08 5.12316e-13 6.0969e-09)
(-6.12457e-09 3.75421e-12 1.43792e-08)
(1.43819e-08 4.55586e-13 6.1007e-09)
(-6.12598e-09 2.49877e-12 1.43786e-08)
(1.43808e-08 3.98427e-13 6.10388e-09)
(-6.12677e-09 1.37158e-12 1.43783e-08)
(1.438e-08 3.41569e-13 6.10652e-09)
(-6.12701e-09 3.7198e-13 1.43782e-08)
(1.43794e-08 2.86366e-13 6.10866e-09)
(-6.12676e-09 -5.01602e-13 1.43783e-08)
(1.43789e-08 2.35494e-13 6.11037e-09)
(-6.12609e-09 -1.25272e-12 1.43786e-08)
(1.43785e-08 1.9464e-13 6.1117e-09)
(-6.12508e-09 -1.88883e-12 1.43791e-08)
(1.43783e-08 1.70984e-13 6.11269e-09)
(-6.12378e-09 -2.42448e-12 1.43796e-08)
(1.43781e-08 1.4423e-13 6.11338e-09)
(-6.12224e-09 -2.88474e-12 1.43803e-08)
(1.4378e-08 4.47973e-14 6.11383e-09)
(-6.12043e-09 -3.29084e-12 1.43812e-08)
(-6.11787e-09 -3.5126e-12 1.4382e-08)
(1.57599e-08 -1.12433e-10 2.50803e-10)
(1.8294e-10 1.5517e-08 1.08917e-10)
(2.70069e-11 -1.04278e-10 1.54064e-08)
(1.57462e-08 -4.35765e-11 4.19523e-10)
(6.70894e-11 1.55268e-08 2.47223e-10)
(-3.84007e-10 -2.43773e-10 1.56008e-08)
(1.57296e-08 -1.98363e-11 6.29916e-10)
(2.0989e-11 1.5524e-08 2.8482e-10)
(-6.5083e-10 -2.94241e-10 1.55375e-08)
(1.57134e-08 -8.36486e-12 8.42776e-10)
(-7.26604e-13 1.55235e-08 2.94287e-10)
(-8.86804e-10 -3.15038e-10 1.55246e-08)
(1.56967e-08 2.0745e-13 1.05061e-09)
(-1.59473e-11 1.55229e-08 2.95354e-10)
(-1.11242e-09 -3.24627e-10 1.55162e-08)
(1.56792e-08 6.37195e-12 1.25381e-09)
(-2.70782e-11 1.55231e-08 2.91927e-10)
(-1.3278e-09 -3.27187e-10 1.55025e-08)
(1.56601e-08 1.03533e-11 1.45248e-09)
(-3.49526e-11 1.55247e-08 2.85881e-10)
(-1.5341e-09 -3.25147e-10 1.54848e-08)
(1.56391e-08 1.2668e-11 1.64644e-09)
(-4.04321e-11 1.55272e-08 2.78475e-10)
(-1.73242e-09 -3.2031e-10 1.54643e-08)
(1.56162e-08 1.38249e-11 1.83549e-09)
(-4.42379e-11 1.55304e-08 2.70479e-10)
(-1.92354e-09 -3.13857e-10 1.54419e-08)
(1.55914e-08 1.4229e-11 2.01944e-09)
(-4.69177e-11 1.55338e-08 2.62328e-10)
(-2.10808e-09 -3.06513e-10 1.5418e-08)
(1.55649e-08 1.41715e-11 2.19818e-09)
(-4.88524e-11 1.55374e-08 2.5424e-10)
(-2.28649e-09 -2.98709e-10 1.5393e-08)
(1.5537e-08 1.38489e-11 2.37167e-09)
(-5.02892e-11 1.55409e-08 2.46305e-10)
(-2.4591e-09 -2.90694e-10 1.5367e-08)
(1.55078e-08 1.33874e-11 2.53989e-09)
(-5.13807e-11 1.55444e-08 2.38551e-10)
(-2.62617e-09 -2.82608e-10 1.53401e-08)
(1.54776e-08 1.2864e-11 2.70288e-09)
(-5.22174e-11 1.55477e-08 2.30974e-10)
(-2.78787e-09 -2.74528e-10 1.53125e-08)
(1.54465e-08 1.23234e-11 2.8607e-09)
(-5.28507e-11 1.55509e-08 2.23561e-10)
(-2.94435e-09 -2.66496e-10 1.52843e-08)
(1.54147e-08 1.17897e-11 3.0134e-09)
(-5.33095e-11 1.55541e-08 2.16296e-10)
(-3.09574e-09 -2.58536e-10 1.52555e-08)
(1.53824e-08 1.12745e-11 3.16107e-09)
(-5.36097e-11 1.55571e-08 2.09169e-10)
(-3.24214e-09 -2.50662e-10 1.52263e-08)
(1.53497e-08 1.07822e-11 3.30379e-09)
(-5.37612e-11 1.556e-08 2.02171e-10)
(-3.38363e-09 -2.4288e-10 1.51968e-08)
(1.53167e-08 1.03137e-11 3.44165e-09)
(-5.3771e-11 1.55627e-08 1.95298e-10)
(-3.52032e-09 -2.35195e-10 1.51671e-08)
(1.52836e-08 9.8678e-12 3.57474e-09)
(-5.36453e-11 1.55654e-08 1.88547e-10)
(-3.65229e-09 -2.27613e-10 1.51373e-08)
(1.52504e-08 9.44275e-12 3.70314e-09)
(-5.33905e-11 1.5568e-08 1.81917e-10)
(-3.77963e-09 -2.20135e-10 1.51074e-08)
(1.52173e-08 9.03673e-12 3.82695e-09)
(-5.30131e-11 1.55705e-08 1.75409e-10)
(-3.90242e-09 -2.12764e-10 1.50775e-08)
(1.51843e-08 8.64807e-12 3.94627e-09)
(-5.25202e-11 1.55729e-08 1.69023e-10)
(-4.02076e-09 -2.05502e-10 1.50478e-08)
(1.51515e-08 8.27536e-12 4.06118e-09)
(-5.19193e-11 1.55752e-08 1.62759e-10)
(-4.13473e-09 -1.98352e-10 1.50184e-08)
(1.51191e-08 7.91748e-12 4.17177e-09)
(-5.12178e-11 1.55775e-08 1.5662e-10)
(-4.24442e-09 -1.91315e-10 1.49892e-08)
(1.5087e-08 7.57353e-12 4.27815e-09)
(-5.04235e-11 1.55796e-08 1.50605e-10)
(-4.34993e-09 -1.84393e-10 1.49604e-08)
(1.50553e-08 7.24281e-12 4.3804e-09)
(-4.9544e-11 1.55817e-08 1.44715e-10)
(-4.45133e-09 -1.77588e-10 1.49319e-08)
(1.50241e-08 6.92474e-12 4.47861e-09)
(-4.85867e-11 1.55837e-08 1.38951e-10)
(-4.54873e-09 -1.70901e-10 1.4904e-08)
(1.49935e-08 6.61885e-12 4.57288e-09)
(-4.75591e-11 1.55856e-08 1.33313e-10)
(-4.64221e-09 -1.64333e-10 1.48766e-08)
(1.49634e-08 6.32472e-12 4.6633e-09)
(-4.6468e-11 1.55875e-08 1.278e-10)
(-4.73186e-09 -1.57885e-10 1.48498e-08)
(1.4934e-08 6.04198e-12 4.74996e-09)
(-4.53204e-11 1.55893e-08 1.22413e-10)
(-4.81777e-09 -1.51558e-10 1.48236e-08)
(1.49053e-08 5.77028e-12 4.83295e-09)
(-4.41228e-11 1.5591e-08 1.17151e-10)
(-4.90003e-09 -1.45354e-10 1.47981e-08)
(1.48773e-08 5.50928e-12 4.91237e-09)
(-4.28814e-11 1.55926e-08 1.12013e-10)
(-4.97872e-09 -1.39272e-10 1.47733e-08)
(1.485e-08 5.25865e-12 4.9883e-09)
(-4.16022e-11 1.55942e-08 1.07e-10)
(-5.05394e-09 -1.33315e-10 1.47491e-08)
(1.48235e-08 5.01808e-12 5.06084e-09)
(-4.0291e-11 1.55957e-08 1.02111e-10)
(-5.12576e-09 -1.27481e-10 1.47258e-08)
(1.47978e-08 4.78724e-12 5.13007e-09)
(-3.89531e-11 1.55972e-08 9.73445e-11)
(-5.19428e-09 -1.21773e-10 1.47032e-08)
(1.47729e-08 4.56581e-12 5.19608e-09)
(-3.75937e-11 1.55986e-08 9.27001e-11)
(-5.25957e-09 -1.1619e-10 1.46813e-08)
(1.47488e-08 4.35348e-12 5.25896e-09)
(-3.62177e-11 1.55999e-08 8.8177e-11)
(-5.32173e-09 -1.10733e-10 1.46603e-08)
(1.47256e-08 4.14993e-12 5.3188e-09)
(-3.48297e-11 1.56012e-08 8.37744e-11)
(-5.38084e-09 -1.05403e-10 1.46401e-08)
(1.47032e-08 3.95484e-12 5.37567e-09)
(-3.34342e-11 1.56024e-08 7.94913e-11)
(-5.43698e-09 -1.00199e-10 1.46207e-08)
(1.46817e-08 3.7679e-12 5.42967e-09)
(-3.20353e-11 1.56036e-08 7.53269e-11)
(-5.49024e-09 -9.51227e-11 1.46022e-08)
(1.4661e-08 3.58881e-12 5.48088e-09)
(-3.0637e-11 1.56047e-08 7.12802e-11)
(-5.54068e-09 -9.01737e-11 1.45844e-08)
(1.46412e-08 3.41725e-12 5.52939e-09)
(-2.92428e-11 1.56058e-08 6.73502e-11)
(-5.5884e-09 -8.53523e-11 1.45675e-08)
(1.46223e-08 3.25294e-12 5.57526e-09)
(-2.78563e-11 1.56068e-08 6.35361e-11)
(-5.63348e-09 -8.06589e-11 1.45515e-08)
(1.46042e-08 3.09557e-12 5.6186e-09)
(-2.64808e-11 1.56078e-08 5.98369e-11)
(-5.67599e-09 -7.60936e-11 1.45362e-08)
(1.4587e-08 2.94485e-12 5.65947e-09)
(-2.51193e-11 1.56088e-08 5.62516e-11)
(-5.71601e-09 -7.16565e-11 1.45218e-08)
(1.45706e-08 2.80051e-12 5.69796e-09)
(-2.37747e-11 1.56097e-08 5.27794e-11)
(-5.75363e-09 -6.73477e-11 1.45081e-08)
(1.4555e-08 2.66225e-12 5.73414e-09)
(-2.24497e-11 1.56105e-08 4.94194e-11)
(-5.7889e-09 -6.31674e-11 1.44953e-08)
(1.45403e-08 2.52981e-12 5.7681e-09)
(-2.11467e-11 1.56113e-08 4.61706e-11)
(-5.82193e-09 -5.91155e-11 1.44832e-08)
(1.45264e-08 2.40292e-12 5.79991e-09)
(-1.98681e-11 1.56121e-08 4.30323e-11)
(-5.85277e-09 -5.51922e-11 1.44719e-08)
(1.45132e-08 2.28132e-12 5.82964e-09)
(-1.8616e-11 1.56128e-08 4.00037e-11)
(-5.8815e-09 -5.13975e-11 1.44614e-08)
(1.45009e-08 2.16475e-12 5.85739e-09)
(-1.73923e-11 1.56135e-08 3.70838e-11)
(-5.9082e-09 -4.77312e-11 1.44516e-08)
(1.44893e-08 2.05296e-12 5.88321e-09)
(-1.61991e-11 1.56142e-08 3.4272e-11)
(-5.93294e-09 -4.41935e-11 1.44425e-08)
(1.44784e-08 1.94571e-12 5.90718e-09)
(-1.50378e-11 1.56148e-08 3.15675e-11)
(-5.9558e-09 -4.07843e-11 1.44342e-08)
(1.44683e-08 1.84275e-12 5.92939e-09)
(-1.39101e-11 1.56154e-08 2.89696e-11)
(-5.97684e-09 -3.75035e-11 1.44265e-08)
(1.44589e-08 1.74385e-12 5.94989e-09)
(-1.28173e-11 1.5616e-08 2.64777e-11)
(-5.99615e-09 -3.43511e-11 1.44194e-08)
(1.44501e-08 1.64878e-12 5.96878e-09)
(-1.17607e-11 1.56165e-08 2.40912e-11)
(-6.01378e-09 -3.1327e-11 1.4413e-08)
(1.44421e-08 1.55732e-12 5.9861e-09)
(-1.07415e-11 1.5617e-08 2.18093e-11)
(-6.02981e-09 -2.84311e-11 1.44072e-08)
(1.44346e-08 1.46925e-12 6.00195e-09)
(-9.76068e-12 1.56175e-08 1.96316e-11)
(-6.04432e-09 -2.56632e-11 1.4402e-08)
(1.44278e-08 1.38436e-12 6.01639e-09)
(-8.81913e-12 1.56179e-08 1.75576e-11)
(-6.05737e-09 -2.30233e-11 1.43973e-08)
(1.44215e-08 1.30244e-12 6.02949e-09)
(-7.91767e-12 1.56184e-08 1.55867e-11)
(-6.06904e-09 -2.05113e-11 1.43932e-08)
(1.44158e-08 1.2233e-12 6.04132e-09)
(-7.05701e-12 1.56187e-08 1.37185e-11)
(-6.07938e-09 -1.81271e-11 1.43896e-08)
(1.44106e-08 1.14671e-12 6.05196e-09)
(-6.23776e-12 1.56191e-08 1.19525e-11)
(-6.08848e-09 -1.58704e-11 1.43865e-08)
(1.4406e-08 1.07248e-12 6.06146e-09)
(-5.46043e-12 1.56195e-08 1.02884e-11)
(-6.0964e-09 -1.37411e-11 1.43838e-08)
(1.44018e-08 1.00038e-12 6.06991e-09)
(-4.72546e-12 1.56198e-08 8.72592e-12)
(-6.1032e-09 -1.17392e-11 1.43816e-08)
(1.43981e-08 9.30222e-13 6.07737e-09)
(-4.03321e-12 1.56201e-08 7.26474e-12)
(-6.10896e-09 -9.86455e-12 1.43797e-08)
(1.43947e-08 8.61809e-13 6.0839e-09)
(-3.38399e-12 1.56203e-08 5.9047e-12)
(-6.11375e-09 -8.11707e-12 1.43783e-08)
(1.43918e-08 7.94958e-13 6.08958e-09)
(-2.77808e-12 1.56206e-08 4.64572e-12)
(-6.11763e-09 -6.49671e-12 1.43772e-08)
(1.43893e-08 7.29509e-13 6.09448e-09)
(-2.21568e-12 1.56208e-08 3.48781e-12)
(-6.12068e-09 -5.00349e-12 1.43764e-08)
(1.43871e-08 6.65345e-13 6.09866e-09)
(-1.69701e-12 1.5621e-08 2.43109e-12)
(-6.12295e-09 -3.63741e-12 1.43759e-08)
(1.43852e-08 6.02453e-13 6.10218e-09)
(-1.22229e-12 1.56212e-08 1.47577e-12)
(-6.12451e-09 -2.39852e-12 1.43756e-08)
(1.43837e-08 5.41018e-13 6.10512e-09)
(-7.91739e-13 1.56214e-08 6.21978e-13)
(-6.12545e-09 -1.28676e-12 1.43756e-08)
(1.43823e-08 4.8162e-13 6.10753e-09)
(-4.05618e-13 1.56215e-08 -1.30519e-13)
(-6.12581e-09 -3.01817e-13 1.43758e-08)
(1.43812e-08 4.25622e-13 6.10948e-09)
(-6.41585e-14 1.56217e-08 -7.83067e-13)
(-6.12568e-09 5.5725e-13 1.43761e-08)
(1.43803e-08 3.75834e-13 6.11102e-09)
(2.32506e-13 1.56218e-08 -1.33966e-12)
(-6.12512e-09 1.29274e-12 1.43767e-08)
(1.43796e-08 3.37295e-13 6.1122e-09)
(4.84728e-13 1.56219e-08 -1.8099e-12)
(-6.1242e-09 1.90974e-12 1.43773e-08)
(1.43791e-08 3.20881e-13 6.11305e-09)
(6.95156e-13 1.56219e-08 -2.21416e-12)
(-6.12299e-09 2.41852e-12 1.43781e-08)
(1.43787e-08 3.62447e-13 6.11364e-09)
(8.65924e-13 1.5622e-08 -2.59223e-12)
(-6.12154e-09 2.83706e-12 1.43789e-08)
(1.43784e-08 5.11628e-13 6.11403e-09)
(9.74155e-13 1.56221e-08 -3.0065e-12)
(-6.11982e-09 3.17764e-12 1.43797e-08)
(1.03674e-12 1.56222e-08 -3.46977e-12)
(-6.11748e-09 3.34843e-12 1.43804e-08)
(1.57392e-08 -2.40142e-11 1.73733e-10)
(1.05566e-10 1.55481e-08 6.10018e-11)
(-1.11968e-10 -3.36809e-11 1.54897e-08)
(1.57529e-08 -2.18284e-11 3.89183e-10)
(5.1526e-11 1.55372e-08 1.46273e-10)
(-4.53014e-10 -9.86571e-11 1.55187e-08)
(1.57393e-08 -1.47145e-11 6.15418e-10)
(2.08903e-11 1.55259e-08 1.80357e-10)
(-6.85992e-10 -1.51626e-10 1.55164e-08)
(1.57221e-08 -7.89678e-12 8.35141e-10)
(2.88662e-12 1.55217e-08 1.93087e-10)
(-9.06602e-10 -1.85537e-10 1.55175e-08)
(1.57039e-08 -2.38514e-12 1.0479e-09)
(-9.19154e-12 1.55194e-08 1.96468e-10)
(-1.12256e-09 -2.05778e-10 1.55128e-08)
(1.56845e-08 1.78568e-12 1.25467e-09)
(-1.75099e-11 1.55189e-08 1.95097e-10)
(-1.3315e-09 -2.16975e-10 1.55019e-08)
(1.56639e-08 4.74801e-12 1.45572e-09)
(-2.319e-11 1.55203e-08 1.91282e-10)
(-1.53369e-09 -2.2211e-10 1.54864e-08)
(1.56416e-08 6.71485e-12 1.65116e-09)
(-2.70443e-11 1.55229e-08 1.86291e-10)
(-1.72948e-09 -2.23217e-10 1.54675e-08)
(1.56177e-08 7.91824e-12 1.84109e-09)
(-2.96625e-11 1.55262e-08 1.80818e-10)
(-1.91908e-09 -2.21691e-10 1.54461e-08)
(1.55922e-08 8.56818e-12 2.02552e-09)
(-3.14667e-11 1.55299e-08 1.7523e-10)
(-2.10274e-09 -2.18474e-10 1.54227e-08)
(1.55653e-08 8.83671e-12 2.20451e-09)
(-3.27435e-11 1.55336e-08 1.69703e-10)
(-2.28065e-09 -2.14189e-10 1.5398e-08)
(1.5537e-08 8.85503e-12 2.37809e-09)
(-3.36764e-11 1.55374e-08 1.64308e-10)
(-2.45301e-09 -2.09249e-10 1.53721e-08)
(1.55076e-08 8.7177e-12 2.54632e-09)
(-3.43772e-11 1.5541e-08 1.5906e-10)
(-2.61997e-09 -2.03921e-10 1.53453e-08)
(1.54772e-08 8.48966e-12 2.70927e-09)
(-3.49107e-11 1.55445e-08 1.53954e-10)
(-2.78166e-09 -1.98376e-10 1.53176e-08)
(1.5446e-08 8.21353e-12 2.86702e-09)
(-3.53129e-11 1.55479e-08 1.48975e-10)
(-2.93818e-09 -1.92726e-10 1.52893e-08)
(1.54141e-08 7.91606e-12 3.01964e-09)
(-3.5603e-11 1.55512e-08 1.44107e-10)
(-3.08963e-09 -1.8704e-10 1.52605e-08)
(1.53817e-08 7.61316e-12 3.16721e-09)
(-3.57912e-11 1.55543e-08 1.39341e-10)
(-3.23611e-09 -1.81361e-10 1.52312e-08)
(1.53489e-08 7.3137e-12 3.30984e-09)
(-3.58831e-11 1.55573e-08 1.34666e-10)
(-3.3777e-09 -1.75719e-10 1.52016e-08)
(1.53159e-08 7.02215e-12 3.4476e-09)
(-3.58828e-11 1.55602e-08 1.30079e-10)
(-3.51448e-09 -1.7013e-10 1.51718e-08)
(1.52827e-08 6.74041e-12 3.58058e-09)
(-3.57937e-11 1.5563e-08 1.25576e-10)
(-3.64656e-09 -1.64607e-10 1.51419e-08)
(1.52495e-08 6.46893e-12 3.70888e-09)
(-3.56195e-11 1.55657e-08 1.21155e-10)
(-3.774e-09 -1.59157e-10 1.51119e-08)
(1.52163e-08 6.20746e-12 3.83259e-09)
(-3.53643e-11 1.55683e-08 1.16816e-10)
(-3.8969e-09 -1.53784e-10 1.5082e-08)
(1.51833e-08 5.95542e-12 3.9518e-09)
(-3.50327e-11 1.55708e-08 1.12559e-10)
(-4.01534e-09 -1.48493e-10 1.50522e-08)
(1.51504e-08 5.71219e-12 4.0666e-09)
(-3.46293e-11 1.55732e-08 1.08384e-10)
(-4.12942e-09 -1.43285e-10 1.50226e-08)
(1.51179e-08 5.47719e-12 4.17708e-09)
(-3.41592e-11 1.55755e-08 1.04293e-10)
(-4.23922e-09 -1.38163e-10 1.49933e-08)
(1.50858e-08 5.24992e-12 4.28335e-09)
(-3.36273e-11 1.55778e-08 1.00285e-10)
(-4.34483e-09 -1.33128e-10 1.49644e-08)
(1.50541e-08 5.02998e-12 4.38549e-09)
(-3.30389e-11 1.55799e-08 9.636e-11)
(-4.44634e-09 -1.28181e-10 1.49359e-08)
(1.50229e-08 4.81705e-12 4.48359e-09)
(-3.23987e-11 1.5582e-08 9.25193e-11)
(-4.54384e-09 -1.23323e-10 1.49079e-08)
(1.49922e-08 4.61088e-12 4.57775e-09)
(-3.17117e-11 1.5584e-08 8.87626e-11)
(-4.63743e-09 -1.18555e-10 1.48804e-08)
(1.49622e-08 4.41129e-12 4.66806e-09)
(-3.09826e-11 1.55859e-08 8.50898e-11)
(-4.72718e-09 -1.13878e-10 1.48535e-08)
(1.49328e-08 4.2181e-12 4.75461e-09)
(-3.0216e-11 1.55878e-08 8.15008e-11)
(-4.81319e-09 -1.09292e-10 1.48273e-08)
(1.4904e-08 4.0312e-12 4.8375e-09)
(-2.94161e-11 1.55896e-08 7.79953e-11)
(-4.89555e-09 -1.04797e-10 1.48016e-08)
(1.4876e-08 3.85045e-12 4.91681e-09)
(-2.85872e-11 1.55913e-08 7.45732e-11)
(-4.97434e-09 -1.00394e-10 1.47767e-08)
(1.48487e-08 3.67574e-12 4.99264e-09)
(-2.77333e-11 1.55929e-08 7.12339e-11)
(-5.04965e-09 -9.60842e-11 1.47525e-08)
(1.48222e-08 3.50696e-12 5.06507e-09)
(-2.68581e-11 1.55945e-08 6.79771e-11)
(-5.12157e-09 -9.18666e-11 1.4729e-08)
(1.47965e-08 3.34401e-12 5.13419e-09)
(-2.59652e-11 1.5596e-08 6.48023e-11)
(-5.19018e-09 -8.77419e-11 1.47063e-08)
(1.47716e-08 3.18677e-12 5.2001e-09)
(-2.50582e-11 1.55975e-08 6.17089e-11)
(-5.25558e-09 -8.37104e-11 1.46844e-08)
(1.47476e-08 3.03513e-12 5.26288e-09)
(-2.41402e-11 1.55989e-08 5.86965e-11)
(-5.31784e-09 -7.97723e-11 1.46633e-08)
(1.47243e-08 2.88896e-12 5.32261e-09)
(-2.32143e-11 1.56002e-08 5.57644e-11)
(-5.37704e-09 -7.59277e-11 1.4643e-08)
(1.4702e-08 2.74815e-12 5.37938e-09)
(-2.22835e-11 1.56015e-08 5.29121e-11)
(-5.43327e-09 -7.21766e-11 1.46236e-08)
(1.46805e-08 2.61258e-12 5.43328e-09)
(-2.13506e-11 1.56027e-08 5.01388e-11)
(-5.48662e-09 -6.85193e-11 1.46049e-08)
(1.46598e-08 2.48211e-12 5.48439e-09)
(-2.0418e-11 1.56039e-08 4.7444e-11)
(-5.53716e-09 -6.49557e-11 1.45871e-08)
(1.464e-08 2.35663e-12 5.53279e-09)
(-1.94884e-11 1.5605e-08 4.48271e-11)
(-5.58498e-09 -6.1486e-11 1.45701e-08)
(1.46211e-08 2.23599e-12 5.57857e-09)
(-1.8564e-11 1.56061e-08 4.22874e-11)
(-5.63015e-09 -5.811e-11 1.4554e-08)
(1.4603e-08 2.12007e-12 5.6218e-09)
(-1.76469e-11 1.56071e-08 3.98242e-11)
(-5.67275e-09 -5.48277e-11 1.45386e-08)
(1.45858e-08 2.00873e-12 5.66257e-09)
(-1.67393e-11 1.56081e-08 3.7437e-11)
(-5.71287e-09 -5.16392e-11 1.45241e-08)
(1.45695e-08 1.90184e-12 5.70096e-09)
(-1.5843e-11 1.5609e-08 3.51252e-11)
(-5.75057e-09 -4.85444e-11 1.45104e-08)
(1.45539e-08 1.79926e-12 5.73705e-09)
(-1.49598e-11 1.56099e-08 3.28881e-11)
(-5.78594e-09 -4.55432e-11 1.44975e-08)
(1.45392e-08 1.70086e-12 5.77091e-09)
(-1.40913e-11 1.56108e-08 3.07252e-11)
(-5.81905e-09 -4.26355e-11 1.44853e-08)
(1.45253e-08 1.6065e-12 5.80262e-09)
(-1.32391e-11 1.56116e-08 2.86358e-11)
(-5.84998e-09 -3.98213e-11 1.4474e-08)
(1.45122e-08 1.51604e-12 5.83226e-09)
(-1.24046e-11 1.56123e-08 2.66195e-11)
(-5.87881e-09 -3.71004e-11 1.44633e-08)
(1.44999e-08 1.42934e-12 5.85991e-09)
(-1.15892e-11 1.56131e-08 2.46757e-11)
(-5.9056e-09 -3.44726e-11 1.44535e-08)
(1.44883e-08 1.34627e-12 5.88563e-09)
(-1.0794e-11 1.56138e-08 2.28039e-11)
(-5.93043e-09 -3.1938e-11 1.44443e-08)
(1.44775e-08 1.26669e-12 5.90951e-09)
(-1.00202e-11 1.56144e-08 2.10035e-11)
(-5.95338e-09 -2.94963e-11 1.44359e-08)
(1.44674e-08 1.19047e-12 5.93162e-09)
(-9.26878e-12 1.5615e-08 1.92742e-11)
(-5.97452e-09 -2.71474e-11 1.44281e-08)
(1.4458e-08 1.11746e-12 5.95204e-09)
(-8.54066e-12 1.56156e-08 1.76155e-11)
(-5.99391e-09 -2.48911e-11 1.4421e-08)
(1.44493e-08 1.04753e-12 5.97082e-09)
(-7.83669e-12 1.56162e-08 1.60269e-11)
(-6.01163e-09 -2.27274e-11 1.44145e-08)
(1.44413e-08 9.8055e-13 5.98806e-09)
(-7.15763e-12 1.56167e-08 1.4508e-11)
(-6.02776e-09 -2.0656e-11 1.44086e-08)
(1.44338e-08 9.16374e-13 6.00382e-09)
(-6.50417e-12 1.56172e-08 1.30586e-11)
(-6.04236e-09 -1.86767e-11 1.44033e-08)
(1.4427e-08 8.54872e-13 6.01816e-09)
(-5.87689e-12 1.56177e-08 1.16781e-11)
(-6.0555e-09 -1.67895e-11 1.43986e-08)
(1.44208e-08 7.9591e-13 6.03117e-09)
(-5.27635e-12 1.56181e-08 1.03664e-11)
(-6.06725e-09 -1.49942e-11 1.43944e-08)
(1.44151e-08 7.39353e-13 6.04291e-09)
(-4.70301e-12 1.56185e-08 9.12299e-12)
(-6.07769e-09 -1.32905e-11 1.43907e-08)
(1.441e-08 6.85067e-13 6.05345e-09)
(-4.15726e-12 1.56189e-08 7.94772e-12)
(-6.08688e-09 -1.16784e-11 1.43875e-08)
(1.44054e-08 6.32918e-13 6.06287e-09)
(-3.63946e-12 1.56193e-08 6.84031e-12)
(-6.09489e-09 -1.01576e-11 1.43848e-08)
(1.44012e-08 5.82778e-13 6.07123e-09)
(-3.14988e-12 1.56196e-08 5.80056e-12)
(-6.10179e-09 -8.72807e-12 1.43825e-08)
(1.43975e-08 5.34527e-13 6.07859e-09)
(-2.68879e-12 1.56199e-08 4.82833e-12)
(-6.10764e-09 -7.38962e-12 1.43806e-08)
(1.43943e-08 4.88059e-13 6.08504e-09)
(-2.25639e-12 1.56202e-08 3.92352e-12)
(-6.11252e-09 -6.14212e-12 1.43791e-08)
(1.43914e-08 4.43292e-13 6.09063e-09)
(-1.85286e-12 1.56205e-08 3.0861e-12)
(-6.11649e-09 -4.98541e-12 1.43779e-08)
(1.43889e-08 4.00186e-13 6.09544e-09)
(-1.47837e-12 1.56207e-08 2.31612e-12)
(-6.11963e-09 -3.91934e-12 1.4377e-08)
(1.43867e-08 3.58769e-13 6.09952e-09)
(-1.13305e-12 1.5621e-08 1.61371e-12)
(-6.12199e-09 -2.94369e-12 1.43765e-08)
(1.43849e-08 3.19184e-13 6.10296e-09)
(-8.17087e-13 1.56212e-08 9.79066e-13)
(-6.12365e-09 -2.05819e-12 1.43762e-08)
(1.43833e-08 2.81754e-13 6.10581e-09)
(-5.30648e-13 1.56213e-08 4.12291e-13)
(-6.12468e-09 -1.2624e-12 1.43761e-08)
(1.4382e-08 2.47085e-13 6.10814e-09)
(-2.73928e-13 1.56215e-08 -8.68161e-14)
(-6.12514e-09 -5.55658e-13 1.43762e-08)
(1.4381e-08 2.1619e-13 6.11001e-09)
(-4.70875e-14 1.56216e-08 -5.19319e-13)
(-6.12509e-09 6.29836e-14 1.43765e-08)
(1.43801e-08 1.90626e-13 6.11148e-09)
(1.49826e-13 1.56217e-08 -8.88179e-13)
(-6.12462e-09 5.94685e-13 1.4377e-08)
(1.43794e-08 1.72671e-13 6.11261e-09)
(3.17154e-13 1.56218e-08 -1.2e-12)
(-6.12379e-09 1.04032e-12 1.43776e-08)
(1.43789e-08 1.65069e-13 6.11344e-09)
(4.5646e-13 1.56219e-08 -1.4675e-12)
(-6.12265e-09 1.39857e-12 1.43782e-08)
(1.43785e-08 1.68803e-13 6.11404e-09)
(5.69323e-13 1.5622e-08 -1.71255e-12)
(-6.12126e-09 1.66076e-12 1.4379e-08)
(1.43783e-08 1.86704e-13 6.11447e-09)
(6.55757e-13 1.56221e-08 -1.96246e-12)
(-6.11962e-09 1.80117e-12 1.43797e-08)
(7.61887e-13 1.56222e-08 -2.21151e-12)
(-6.11751e-09 1.75956e-12 1.43803e-08)
(1.57312e-08 -7.49194e-12 1.53273e-10)
(4.8809e-11 1.55608e-08 2.76666e-11)
(-1.58439e-10 -1.24126e-11 1.54977e-08)
(1.57534e-08 -9.67062e-12 3.68439e-10)
(2.67373e-11 1.55494e-08 6.82823e-11)
(-5.02693e-10 -4.19197e-11 1.549e-08)
(1.5745e-08 -7.77522e-12 6.00238e-10)
(1.19063e-11 1.55324e-08 8.71072e-11)
(-7.21223e-10 -7.33941e-11 1.54942e-08)
(1.57286e-08 -4.8111e-12 8.25528e-10)
(2.46883e-12 1.55242e-08 9.51286e-11)
(-9.29011e-10 -9.73048e-11 1.55051e-08)
(1.57098e-08 -2.08305e-12 1.04258e-09)
(-4.01262e-12 1.55199e-08 9.7788e-11)
(-1.13609e-09 -1.13222e-10 1.55064e-08)
(1.56896e-08 1.35544e-13 1.25248e-09)
(-8.47463e-12 1.55184e-08 9.75639e-11)
(-1.33891e-09 -1.23088e-10 1.54989e-08)
(1.56679e-08 1.82207e-12 1.45572e-09)
(-1.14881e-11 1.55193e-08 9.5832e-11)
(-1.53692e-09 -1.28614e-10 1.54855e-08)
(1.56448e-08 3.02462e-12 1.65265e-09)
(-1.35052e-11 1.55217e-08 9.33749e-11)
(-1.72991e-09 -1.31089e-10 1.54679e-08)
(1.56201e-08 3.82352e-12 1.84355e-09)
(-1.48569e-11 1.5525e-08 9.06193e-11)
(-1.91768e-09 -1.31468e-10 1.54474e-08)
(1.5594e-08 4.30742e-12 2.0286e-09)
(-1.57753e-11 1.55287e-08 8.77869e-11)
(-2.10016e-09 -1.30434e-10 1.54246e-08)
(1.55666e-08 4.55895e-12 2.20795e-09)
(-1.64163e-11 1.55325e-08 8.49832e-11)
(-2.27733e-09 -1.28466e-10 1.54002e-08)
(1.5538e-08 4.64768e-12 2.38173e-09)
(-1.68789e-11 1.55363e-08 8.22502e-11)
(-2.44924e-09 -1.25896e-10 1.53745e-08)
(1.55083e-08 4.62799e-12 2.55006e-09)
(-1.72231e-11 1.554e-08 7.95983e-11)
(-2.61594e-09 -1.22946e-10 1.53478e-08)
(1.54777e-08 4.53996e-12 2.71304e-09)
(-1.74834e-11 1.55436e-08 7.70237e-11)
(-2.77749e-09 -1.19768e-10 1.53202e-08)
(1.54463e-08 4.41172e-12 2.87078e-09)
(-1.76788e-11 1.5547e-08 7.45181e-11)
(-2.93395e-09 -1.1646e-10 1.52919e-08)
(1.54143e-08 4.2621e-12 3.02336e-09)
(-1.78192e-11 1.55503e-08 7.20729e-11)
(-3.08539e-09 -1.13087e-10 1.5263e-08)
(1.53818e-08 4.10315e-12 3.17089e-09)
(-1.79096e-11 1.55535e-08 6.9681e-11)
(-3.23189e-09 -1.09691e-10 1.52337e-08)
(1.53489e-08 3.94218e-12 3.31345e-09)
(-1.79527e-11 1.55565e-08 6.73375e-11)
(-3.37353e-09 -1.06299e-10 1.52041e-08)
(1.53158e-08 3.78334e-12 3.45115e-09)
(-1.79504e-11 1.55595e-08 6.50391e-11)
(-3.51037e-09 -1.0293e-10 1.51742e-08)
(1.52825e-08 3.62878e-12 3.58407e-09)
(-1.79041e-11 1.55623e-08 6.27836e-11)
(-3.64251e-09 -9.95938e-11 1.51443e-08)
(1.52492e-08 3.47942e-12 3.7123e-09)
(-1.78157e-11 1.5565e-08 6.05701e-11)
(-3.77001e-09 -9.62981e-11 1.51142e-08)
(1.5216e-08 3.33552e-12 3.83594e-09)
(-1.7687e-11 1.55676e-08 5.83982e-11)
(-3.89298e-09 -9.30475e-11 1.50843e-08)
(1.51829e-08 3.19695e-12 3.95507e-09)
(-1.75202e-11 1.55702e-08 5.62677e-11)
(-4.0115e-09 -8.98452e-11 1.50544e-08)
(1.515e-08 3.06345e-12 4.0698e-09)
(-1.73176e-11 1.55726e-08 5.41788e-11)
(-4.12565e-09 -8.66932e-11 1.50248e-08)
(1.51175e-08 2.93471e-12 4.18022e-09)
(-1.70817e-11 1.5575e-08 5.21315e-11)
(-4.23552e-09 -8.35931e-11 1.49955e-08)
(1.50853e-08 2.81044e-12 4.28641e-09)
(-1.6815e-11 1.55772e-08 5.01262e-11)
(-4.34121e-09 -8.05459e-11 1.49666e-08)
(1.50535e-08 2.69037e-12 4.38848e-09)
(-1.65201e-11 1.55794e-08 4.81629e-11)
(-4.44279e-09 -7.75524e-11 1.4938e-08)
(1.50223e-08 2.57431e-12 4.48651e-09)
(-1.61994e-11 1.55815e-08 4.62416e-11)
(-4.54037e-09 -7.46132e-11 1.491e-08)
(1.49916e-08 2.46207e-12 4.5806e-09)
(-1.58553e-11 1.55835e-08 4.43625e-11)
(-4.63402e-09 -7.17289e-11 1.48825e-08)
(1.49615e-08 2.35352e-12 4.67084e-09)
(-1.54902e-11 1.55855e-08 4.25256e-11)
(-4.72385e-09 -6.88996e-11 1.48555e-08)
(1.49321e-08 2.24856e-12 4.75733e-09)
(-1.51063e-11 1.55874e-08 4.07306e-11)
(-4.80993e-09 -6.6126e-11 1.48292e-08)
(1.49033e-08 2.14709e-12 4.84015e-09)
(-1.47059e-11 1.55892e-08 3.89776e-11)
(-4.89236e-09 -6.34081e-11 1.48035e-08)
(1.48753e-08 2.04902e-12 4.91939e-09)
(-1.42911e-11 1.55909e-08 3.72663e-11)
(-4.97122e-09 -6.07462e-11 1.47785e-08)
(1.4848e-08 1.9543e-12 4.99515e-09)
(-1.38637e-11 1.55926e-08 3.55966e-11)
(-5.04661e-09 -5.81406e-11 1.47543e-08)
(1.48215e-08 1.86285e-12 5.06751e-09)
(-1.34258e-11 1.55942e-08 3.39683e-11)
(-5.1186e-09 -5.55914e-11 1.47308e-08)
(1.47957e-08 1.77462e-12 5.13657e-09)
(-1.29791e-11 1.55957e-08 3.2381e-11)
(-5.18728e-09 -5.30987e-11 1.47081e-08)
(1.47708e-08 1.68952e-12 5.20241e-09)
(-1.25254e-11 1.55972e-08 3.08345e-11)
(-5.25275e-09 -5.06626e-11 1.46861e-08)
(1.47468e-08 1.60751e-12 5.26512e-09)
(-1.20662e-11 1.55986e-08 2.93286e-11)
(-5.31508e-09 -4.82833e-11 1.4665e-08)
(1.47235e-08 1.52852e-12 5.32479e-09)
(-1.16031e-11 1.55999e-08 2.78629e-11)
(-5.37435e-09 -4.59607e-11 1.46446e-08)
(1.47012e-08 1.45248e-12 5.3815e-09)
(-1.11376e-11 1.56012e-08 2.64372e-11)
(-5.43065e-09 -4.3695e-11 1.46251e-08)
(1.46797e-08 1.37932e-12 5.43534e-09)
(-1.06711e-11 1.56025e-08 2.5051e-11)
(-5.48407e-09 -4.14861e-11 1.46064e-08)
(1.4659e-08 1.30897e-12 5.48638e-09)
(-1.02048e-11 1.56036e-08 2.37042e-11)
(-5.53468e-09 -3.93341e-11 1.45886e-08)
(1.46392e-08 1.24136e-12 5.53472e-09)
(-9.73998e-12 1.56048e-08 2.23963e-11)
(-5.58256e-09 -3.7239e-11 1.45715e-08)
(1.46203e-08 1.17642e-12 5.58044e-09)
(-9.27781e-12 1.56059e-08 2.11271e-11)
(-5.6278e-09 -3.52007e-11 1.45553e-08)
(1.46023e-08 1.11408e-12 5.62362e-09)
(-8.81936e-12 1.56069e-08 1.98962e-11)
(-5.67047e-09 -3.32193e-11 1.454e-08)
(1.45851e-08 1.05426e-12 5.66433e-09)
(-8.36563e-12 1.56079e-08 1.87033e-11)
(-5.71065e-09 -3.12946e-11 1.45254e-08)
(1.45687e-08 9.96884e-13 5.70266e-09)
(-7.91759e-12 1.56088e-08 1.75481e-11)
(-5.74842e-09 -2.94266e-11 1.45116e-08)
(1.45532e-08 9.41886e-13 5.73869e-09)
(-7.47612e-12 1.56097e-08 1.64303e-11)
(-5.78386e-09 -2.76153e-11 1.44987e-08)
(1.45385e-08 8.89186e-13 5.77249e-09)
(-7.04205e-12 1.56106e-08 1.53496e-11)
(-5.81704e-09 -2.58606e-11 1.44865e-08)
(1.45246e-08 8.38709e-13 5.80415e-09)
(-6.61613e-12 1.56114e-08 1.43057e-11)
(-5.84804e-09 -2.41624e-11 1.44751e-08)
(1.45115e-08 7.90379e-13 5.83373e-09)
(-6.19909e-12 1.56122e-08 1.32983e-11)
(-5.87693e-09 -2.25207e-11 1.44644e-08)
(1.44992e-08 7.4412e-13 5.86133e-09)
(-5.79158e-12 1.56129e-08 1.23271e-11)
(-5.90379e-09 -2.09353e-11 1.44545e-08)
(1.44877e-08 6.99857e-13 5.887e-09)
(-5.39421e-12 1.56136e-08 1.1392e-11)
(-5.92869e-09 -1.94061e-11 1.44453e-08)
(1.44769e-08 6.57514e-13 5.91082e-09)
(-5.00753e-12 1.56143e-08 1.04926e-11)
(-5.9517e-09 -1.79331e-11 1.44368e-08)
(1.44668e-08 6.17015e-13 5.93288e-09)
(-4.63204e-12 1.56149e-08 9.62872e-12)
(-5.9729e-09 -1.65162e-11 1.4429e-08)
(1.44575e-08 5.78284e-13 5.95324e-09)
(-4.26822e-12 1.56155e-08 8.80011e-12)
(-5.99236e-09 -1.51552e-11 1.44219e-08)
(1.44488e-08 5.41246e-13 5.97198e-09)
(-3.91647e-12 1.56161e-08 8.00657e-12)
(-6.01015e-09 -1.38501e-11 1.44153e-08)
(1.44407e-08 5.05825e-13 5.98916e-09)
(-3.57719e-12 1.56166e-08 7.24789e-12)
(-6.02634e-09 -1.26006e-11 1.44094e-08)
(1.44333e-08 4.71948e-13 6.00486e-09)
(-3.2507e-12 1.56171e-08 6.52387e-12)
(-6.041e-09 -1.14069e-11 1.44041e-08)
(1.44265e-08 4.39539e-13 6.01916e-09)
(-2.9373e-12 1.56176e-08 5.83435e-12)
(-6.05421e-09 -1.02686e-11 1.43993e-08)
(1.44203e-08 4.08524e-13 6.03211e-09)
(-2.63727e-12 1.5618e-08 5.17916e-12)
(-6.06603e-09 -9.18569e-12 1.43951e-08)
(1.44147e-08 3.78829e-13 6.0438e-09)
(-2.35083e-12 1.56185e-08 4.55814e-12)
(-6.07653e-09 -8.15811e-12 1.43914e-08)
(1.44096e-08 3.50381e-13 6.0543e-09)
(-2.07819e-12 1.56189e-08 3.97115e-12)
(-6.08578e-09 -7.18571e-12 1.43882e-08)
(1.4405e-08 3.23111e-13 6.06366e-09)
(-1.81951e-12 1.56192e-08 3.41808e-12)
(-6.09386e-09 -6.2684e-12 1.43854e-08)
(1.44009e-08 2.96956e-13 6.07197e-09)
(-1.57495e-12 1.56196e-08 2.89883e-12)
(-6.10082e-09 -5.40607e-12 1.43831e-08)
(1.43972e-08 2.71858e-13 6.07928e-09)
(-1.34462e-12 1.56199e-08 2.41332e-12)
(-6.10674e-09 -4.5986e-12 1.43811e-08)
(1.43939e-08 2.47774e-13 6.08568e-09)
(-1.12863e-12 1.56202e-08 1.96152e-12)
(-6.11168e-09 -3.84589e-12 1.43796e-08)
(1.43911e-08 2.24678e-13 6.09122e-09)
(-9.27084e-13 1.56204e-08 1.54342e-12)
(-6.11572e-09 -3.14781e-12 1.43784e-08)
(1.43886e-08 2.0258e-13 6.09597e-09)
(-7.4005e-13 1.56207e-08 1.15906e-12)
(-6.11892e-09 -2.50421e-12 1.43775e-08)
(1.43865e-08 1.81536e-13 6.10001e-09)
(-5.67615e-13 1.56209e-08 8.08523e-13)
(-6.12135e-09 -1.91488e-12 1.43769e-08)
(1.43847e-08 1.61677e-13 6.1034e-09)
(-4.09871e-13 1.56211e-08 4.91911e-13)
(-6.12307e-09 -1.37957e-12 1.43765e-08)
(1.43831e-08 1.43231e-13 6.10621e-09)
(-2.66915e-13 1.56213e-08 2.09276e-13)
(-6.12416e-09 -8.97923e-13 1.43764e-08)
(1.43819e-08 1.26551e-13 6.10849e-09)
(-1.38848e-13 1.56215e-08 -3.95124e-14)
(-6.12468e-09 -4.69524e-13 1.43765e-08)
(1.43808e-08 1.12112e-13 6.11033e-09)
(-2.57537e-14 1.56216e-08 -2.55049e-13)
(-6.1247e-09 -9.39534e-14 1.43768e-08)
(1.438e-08 1.00474e-13 6.11176e-09)
(7.23591e-14 1.56217e-08 -4.38888e-13)
(-6.12429e-09 2.28931e-13 1.43772e-08)
(1.43793e-08 9.21261e-14 6.11286e-09)
(1.5573e-13 1.56218e-08 -5.94289e-13)
(-6.12351e-09 4.98292e-13 1.43777e-08)
(1.43788e-08 8.6721e-14 6.11368e-09)
(2.25203e-13 1.56219e-08 -7.27179e-13)
(-6.12244e-09 7.10718e-13 1.43784e-08)
(1.43784e-08 8.20315e-14 6.11427e-09)
(2.8149e-13 1.5622e-08 -8.47171e-13)
(-6.12113e-09 8.57642e-13 1.43791e-08)
(1.43782e-08 8.01229e-14 6.11472e-09)
(3.26816e-13 1.56221e-08 -9.64794e-13)
(-6.11959e-09 9.23294e-13 1.43798e-08)
(3.85221e-13 1.56221e-08 -1.07692e-12)
(-6.11768e-09 8.83224e-13 1.43804e-08)
(1.57302e-08 -1.82446e-12 1.465e-10)
(9.19945e-20 1.55643e-08 -3.13354e-20)
(-1.74727e-10 -3.73311e-12 1.54988e-08)
(1.57546e-08 -2.53458e-12 3.59289e-10)
(1.44612e-19 1.55535e-08 -8.40696e-20)
(-5.25566e-10 -1.27121e-11 1.54801e-08)
(1.57472e-08 -2.17194e-12 5.92428e-10)
(1.31468e-19 1.55351e-08 -1.05155e-19)
(-7.40009e-10 -2.26087e-11 1.54835e-08)
(1.57311e-08 -1.45015e-12 8.20004e-10)
(1.37769e-19 1.55256e-08 -8.13815e-20)
(-9.41932e-10 -3.05621e-11 1.54971e-08)
(1.57122e-08 -7.0837e-13 1.0391e-09)
(1.42535e-19 1.55205e-08 -1.806e-20)
(-1.14441e-09 -3.61741e-11 1.55013e-08)
(1.56916e-08 -5.686e-14 1.25061e-09)
(1.41594e-19 1.55186e-08 9.30009e-20)
(-1.34387e-09 -3.98518e-11 1.54958e-08)
(1.56696e-08 4.66332e-13 1.45505e-09)
(1.54032e-19 1.55193e-08 2.77126e-19)
(-1.53947e-09 -4.2051e-11 1.54837e-08)
(1.56461e-08 8.56252e-13 1.65284e-09)
(1.34593e-19 1.55216e-08 5.23084e-19)
(-1.73079e-09 -4.31649e-11 1.5467e-08)
(1.56212e-08 1.12642e-12 1.84432e-09)
(1.46892e-19 1.55248e-08 7.27892e-19)
(-1.91742e-09 -4.35093e-11 1.5447e-08)
(1.55948e-08 1.29817e-12 2.02974e-09)
(2.51037e-19 1.55285e-08 7.53724e-19)
(-2.09913e-09 -4.33221e-11 1.54247e-08)
(1.55672e-08 1.3943e-12 2.20933e-09)
(3.44821e-19 1.55323e-08 5.89652e-19)
(-2.27581e-09 -4.27761e-11 1.54005e-08)
(1.55384e-08 1.43553e-12 2.38326e-09)
(4.04266e-19 1.55361e-08 4.2254e-19)
(-2.44741e-09 -4.19933e-11 1.5375e-08)
(1.55085e-08 1.43895e-12 2.55167e-09)
(4.46708e-19 1.55398e-08 4.64955e-19)
(-2.61391e-09 -4.10584e-11 1.53483e-08)
(1.54778e-08 1.41771e-12 2.71468e-09)
(4.31457e-19 1.55434e-08 6.65446e-19)
(-2.77535e-09 -4.00291e-11 1.53208e-08)
(1.54464e-08 1.38136e-12 2.87243e-09)
(3.4501e-19 1.55469e-08 7.7206e-19)
(-2.93175e-09 -3.89442e-11 1.52926e-08)
(1.54143e-08 1.33652e-12 3.025e-09)
(2.82545e-19 1.55502e-08 6.87483e-19)
(-3.08318e-09 -3.78294e-11 1.52637e-08)
(1.53817e-08 1.28755e-12 3.17251e-09)
(3.10507e-19 1.55534e-08 5.37285e-19)
(-3.22968e-09 -3.67018e-11 1.52344e-08)
(1.53488e-08 1.23719e-12 3.31506e-09)
(3.57046e-19 1.55564e-08 4.8729e-19)
(-3.37133e-09 -3.55721e-11 1.52048e-08)
(1.53157e-08 1.18706e-12 3.45272e-09)
(3.74417e-19 1.55594e-08 5.65227e-19)
(-3.50819e-09 -3.44477e-11 1.5175e-08)
(1.52824e-08 1.13806e-12 3.58561e-09)
(3.81776e-19 1.55622e-08 6.76347e-19)
(-3.64036e-09 -3.3333e-11 1.5145e-08)
(1.5249e-08 1.09061e-12 3.71381e-09)
(3.89392e-19 1.55649e-08 7.63144e-19)
(-3.7679e-09 -3.22311e-11 1.5115e-08)
(1.52158e-08 1.04486e-12 3.83742e-09)
(3.97836e-19 1.55675e-08 8.26348e-19)
(-3.89091e-09 -3.11438e-11 1.5085e-08)
(1.51826e-08 1.00083e-12 3.95652e-09)
(4.03782e-19 1.55701e-08 8.72609e-19)
(-4.00946e-09 -3.00724e-11 1.50552e-08)
(1.51498e-08 9.58439e-13 4.07122e-09)
(4.05427e-19 1.55725e-08 9.10065e-19)
(-4.12365e-09 -2.90177e-11 1.50256e-08)
(1.51172e-08 9.17605e-13 4.18161e-09)
(4.04693e-19 1.55749e-08 9.50473e-19)
(-4.23356e-09 -2.79804e-11 1.49962e-08)
(1.5085e-08 8.7823e-13 4.28777e-09)
(4.01072e-19 1.55771e-08 1.00246e-18)
(-4.33928e-09 -2.69607e-11 1.49673e-08)
(1.50532e-08 8.40227e-13 4.3898e-09)
(3.9237e-19 1.55793e-08 1.06801e-18)
(-4.44091e-09 -2.5959e-11 1.49387e-08)
(1.5022e-08 8.03522e-13 4.4878e-09)
(3.74124e-19 1.55814e-08 1.14484e-18)
(-4.53852e-09 -2.49755e-11 1.49107e-08)
(1.49912e-08 7.68055e-13 4.58186e-09)
(3.49447e-19 1.55835e-08 1.22825e-18)
(-4.63222e-09 -2.40104e-11 1.48832e-08)
(1.49611e-08 7.33777e-13 4.67207e-09)
(3.26552e-19 1.55854e-08 1.31104e-18)
(-4.72208e-09 -2.30638e-11 1.48562e-08)
(1.49317e-08 7.00649e-13 4.75852e-09)
(3.04376e-19 1.55873e-08 1.39085e-18)
(-4.8082e-09 -2.21358e-11 1.48299e-08)
(1.49029e-08 6.6864e-13 4.84131e-09)
(2.83909e-19 1.55891e-08 1.47351e-18)
(-4.89067e-09 -2.12265e-11 1.48042e-08)
(1.48749e-08 6.37721e-13 4.92052e-09)
(2.64847e-19 1.55908e-08 1.56186e-18)
(-4.96957e-09 -2.0336e-11 1.47792e-08)
(1.48476e-08 6.07869e-13 4.99625e-09)
(2.40092e-19 1.55925e-08 1.65562e-18)
(-5.045e-09 -1.94644e-11 1.4755e-08)
(1.48211e-08 5.7906e-13 5.06859e-09)
(2.14777e-19 1.55941e-08 1.75462e-18)
(-5.11703e-09 -1.86116e-11 1.47315e-08)
(1.47953e-08 5.51275e-13 5.13762e-09)
(1.93386e-19 1.55956e-08 1.84828e-18)
(-5.18575e-09 -1.77778e-11 1.47087e-08)
(1.47704e-08 5.24491e-13 5.20343e-09)
(1.80951e-19 1.55971e-08 1.92488e-18)
(-5.25125e-09 -1.6963e-11 1.46867e-08)
(1.47464e-08 4.98689e-13 5.26611e-09)
(1.79295e-19 1.55985e-08 1.9772e-18)
(-5.31362e-09 -1.61671e-11 1.46656e-08)
(1.47231e-08 4.73848e-13 5.32575e-09)
(1.75446e-19 1.55999e-08 1.9997e-18)
(-5.37293e-09 -1.53903e-11 1.46452e-08)
(1.47008e-08 4.49945e-13 5.38243e-09)
(1.59216e-19 1.56012e-08 1.99558e-18)
(-5.42927e-09 -1.46326e-11 1.46257e-08)
(1.46793e-08 4.26959e-13 5.43624e-09)
(1.41846e-19 1.56024e-08 1.97801e-18)
(-5.48273e-09 -1.38938e-11 1.4607e-08)
(1.46586e-08 4.04869e-13 5.48726e-09)
(1.24351e-19 1.56036e-08 1.96192e-18)
(-5.53337e-09 -1.31741e-11 1.45891e-08)
(1.46389e-08 3.83651e-13 5.53557e-09)
(9.17776e-20 1.56047e-08 1.96404e-18)
(-5.58129e-09 -1.24735e-11 1.45721e-08)
(1.46199e-08 3.63283e-13 5.58127e-09)
(5.85293e-20 1.56058e-08 1.9951e-18)
(-5.62657e-09 -1.17919e-11 1.45559e-08)
(1.46019e-08 3.43741e-13 5.62441e-09)
(3.16494e-20 1.56069e-08 2.04012e-18)
(-5.66928e-09 -1.11293e-11 1.45405e-08)
(1.45847e-08 3.25002e-13 5.6651e-09)
(-7.10488e-21 1.56078e-08 2.09062e-18)
(-5.70949e-09 -1.04857e-11 1.45259e-08)
(1.45684e-08 3.07043e-13 5.70341e-09)
(-5.96445e-20 1.56088e-08 2.17783e-18)
(-5.7473e-09 -9.86112e-12 1.45122e-08)
(1.45529e-08 2.89839e-13 5.73941e-09)
(-1.20408e-19 1.56097e-08 2.32162e-18)
(-5.78278e-09 -9.25548e-12 1.44992e-08)
(1.45382e-08 2.73366e-13 5.77319e-09)
(-2.11957e-19 1.56106e-08 2.49474e-18)
(-5.81599e-09 -8.66878e-12 1.4487e-08)
(1.45243e-08 2.57601e-13 5.80482e-09)
(-3.39938e-19 1.56114e-08 2.68816e-18)
(-5.84703e-09 -8.10099e-12 1.44756e-08)
(1.45112e-08 2.4252e-13 5.83438e-09)
(-4.63808e-19 1.56121e-08 2.92015e-18)
(-5.87595e-09 -7.55208e-12 1.44649e-08)
(1.44989e-08 2.28097e-13 5.86195e-09)
(-5.48278e-19 1.56129e-08 3.18186e-18)
(-5.90285e-09 -7.02202e-12 1.4455e-08)
(1.44874e-08 2.1431e-13 5.8876e-09)
(-6.0204e-19 1.56136e-08 3.4272e-18)
(-5.92778e-09 -6.51078e-12 1.44458e-08)
(1.44766e-08 2.01133e-13 5.9114e-09)
(-6.59528e-19 1.56143e-08 3.60951e-18)
(-5.95083e-09 -6.01831e-12 1.44373e-08)
(1.44665e-08 1.88544e-13 5.93343e-09)
(-7.27635e-19 1.56149e-08 3.73321e-18)
(-5.97206e-09 -5.54459e-12 1.44294e-08)
(1.44572e-08 1.76516e-13 5.95377e-09)
(-7.93215e-19 1.56155e-08 3.82647e-18)
(-5.99156e-09 -5.08958e-12 1.44223e-08)
(1.44485e-08 1.65028e-13 5.97248e-09)
(-8.51561e-19 1.56161e-08 3.89834e-18)
(-6.00938e-09 -4.65324e-12 1.44157e-08)
(1.44405e-08 1.54053e-13 5.98964e-09)
(-9.04443e-19 1.56166e-08 3.94719e-18)
(-6.02561e-09 -4.23553e-12 1.44098e-08)
(1.44331e-08 1.43569e-13 6.00532e-09)
(-9.57108e-19 1.56171e-08 3.97088e-18)
(-6.0403e-09 -3.83642e-12 1.44045e-08)
(1.44263e-08 1.33552e-13 6.0196e-09)
(-1.00539e-18 1.56176e-08 3.97263e-18)
(-6.05355e-09 -3.45587e-12 1.43997e-08)
(1.44201e-08 1.23979e-13 6.03253e-09)
(-1.03246e-18 1.5618e-08 3.95826e-18)
(-6.0654e-09 -3.09383e-12 1.43954e-08)
(1.44145e-08 1.14826e-13 6.0442e-09)
(-1.0288e-18 1.56184e-08 3.925e-18)
(-6.07593e-09 -2.75028e-12 1.43917e-08)
(1.44094e-08 1.06069e-13 6.05467e-09)
(-1.01787e-18 1.56188e-08 3.84232e-18)
(-6.08522e-09 -2.42516e-12 1.43885e-08)
(1.44048e-08 9.76889e-14 6.06401e-09)
(-9.94789e-19 1.56192e-08 3.66216e-18)
(-6.09333e-09 -2.11846e-12 1.43857e-08)
(1.44007e-08 8.96648e-14 6.07229e-09)
(-9.11012e-19 1.56195e-08 3.36607e-18)
(-6.10032e-09 -1.83012e-12 1.43833e-08)
(1.4397e-08 8.19813e-14 6.07958e-09)
(-7.68932e-19 1.56199e-08 3.02238e-18)
(-6.10628e-09 -1.56012e-12 1.43814e-08)
(1.43938e-08 7.4627e-14 6.08596e-09)
(-6.23657e-19 1.56202e-08 2.74903e-18)
(-6.11125e-09 -1.30839e-12 1.43798e-08)
(1.4391e-08 6.75975e-14 6.09148e-09)
(-5.07656e-19 1.56204e-08 2.58474e-18)
(-6.11532e-09 -1.07491e-12 1.43786e-08)
(1.43885e-08 6.09006e-14 6.09621e-09)
(-4.24375e-19 1.56207e-08 2.48918e-18)
(-6.11856e-09 -8.59592e-13 1.43777e-08)
(1.43864e-08 5.45617e-14 6.10023e-09)
(-3.6867e-19 1.56209e-08 2.43612e-18)
(-6.12102e-09 -6.62374e-13 1.4377e-08)
(1.43846e-08 4.86291e-14 6.1036e-09)
(-3.30077e-19 1.56211e-08 2.40352e-18)
(-6.12278e-09 -4.83153e-13 1.43767e-08)
(1.4383e-08 4.31794e-14 6.10639e-09)
(-2.79611e-19 1.56213e-08 2.36149e-18)
(-6.1239e-09 -3.21807e-13 1.43766e-08)
(1.43818e-08 3.83193e-14 6.10865e-09)
(-2.11311e-19 1.56215e-08 2.30972e-18)
(-6.12445e-09 -1.78206e-13 1.43766e-08)
(1.43808e-08 3.41736e-14 6.11047e-09)
(-1.73372e-19 1.56216e-08 2.28153e-18)
(-6.1245e-09 -5.22665e-14 1.43769e-08)
(1.43799e-08 3.08543e-14 6.11189e-09)
(-1.81302e-19 1.56217e-08 2.30835e-18)
(-6.12412e-09 5.59269e-14 1.43773e-08)
(1.43793e-08 2.84044e-14 6.11298e-09)
(-2.43446e-19 1.56218e-08 2.35067e-18)
(-6.12338e-09 1.45856e-13 1.43778e-08)
(1.43788e-08 2.65962e-14 6.1138e-09)
(-3.83248e-19 1.56219e-08 2.295e-18)
(-6.12234e-09 2.16066e-13 1.43785e-08)
(1.43784e-08 2.48309e-14 6.11438e-09)
(-5.16626e-19 1.5622e-08 2.06435e-18)
(-6.12107e-09 2.63508e-13 1.43791e-08)
(1.43781e-08 2.40318e-14 6.11483e-09)
(-4.66326e-19 1.56221e-08 1.77586e-18)
(-6.11959e-09 2.83264e-13 1.43798e-08)
(-2.91438e-20 1.56221e-08 1.82771e-18)
(-6.11776e-09 2.68743e-13 1.43804e-08)
(1.57302e-08 1.82446e-12 1.465e-10)
(-4.8809e-11 1.55608e-08 -2.76666e-11)
(-1.74727e-10 3.73311e-12 1.54988e-08)
(1.57546e-08 2.53458e-12 3.59289e-10)
(-2.67373e-11 1.55494e-08 -6.82823e-11)
(-5.25566e-10 1.27121e-11 1.54801e-08)
(1.57472e-08 2.17194e-12 5.92428e-10)
(-1.19063e-11 1.55324e-08 -8.71072e-11)
(-7.40009e-10 2.26087e-11 1.54835e-08)
(1.57311e-08 1.45015e-12 8.20004e-10)
(-2.46883e-12 1.55242e-08 -9.51286e-11)
(-9.41932e-10 3.05621e-11 1.54971e-08)
(1.57122e-08 7.0837e-13 1.0391e-09)
(4.01262e-12 1.55199e-08 -9.7788e-11)
(-1.14441e-09 3.61741e-11 1.55013e-08)
(1.56916e-08 5.68596e-14 1.25061e-09)
(8.47463e-12 1.55184e-08 -9.75639e-11)
(-1.34387e-09 3.98518e-11 1.54958e-08)
(1.56696e-08 -4.66333e-13 1.45505e-09)
(1.14881e-11 1.55193e-08 -9.5832e-11)
(-1.53947e-09 4.2051e-11 1.54837e-08)
(1.56461e-08 -8.56253e-13 1.65284e-09)
(1.35052e-11 1.55217e-08 -9.33749e-11)
(-1.73079e-09 4.31649e-11 1.5467e-08)
(1.56212e-08 -1.12642e-12 1.84432e-09)
(1.48569e-11 1.5525e-08 -9.06193e-11)
(-1.91742e-09 4.35093e-11 1.5447e-08)
(1.55948e-08 -1.29817e-12 2.02974e-09)
(1.57753e-11 1.55287e-08 -8.77869e-11)
(-2.09913e-09 4.33221e-11 1.54247e-08)
(1.55672e-08 -1.3943e-12 2.20933e-09)
(1.64163e-11 1.55325e-08 -8.49832e-11)
(-2.27581e-09 4.27761e-11 1.54005e-08)
(1.55384e-08 -1.43553e-12 2.38326e-09)
(1.68789e-11 1.55363e-08 -8.22502e-11)
(-2.44741e-09 4.19933e-11 1.5375e-08)
(1.55085e-08 -1.43895e-12 2.55167e-09)
(1.72231e-11 1.554e-08 -7.95983e-11)
(-2.61391e-09 4.10584e-11 1.53483e-08)
(1.54778e-08 -1.41771e-12 2.71468e-09)
(1.74834e-11 1.55436e-08 -7.70237e-11)
(-2.77535e-09 4.00291e-11 1.53208e-08)
(1.54464e-08 -1.38136e-12 2.87243e-09)
(1.76788e-11 1.5547e-08 -7.45181e-11)
(-2.93175e-09 3.89442e-11 1.52926e-08)
(1.54143e-08 -1.33652e-12 3.025e-09)
(1.78192e-11 1.55503e-08 -7.20729e-11)
(-3.08318e-09 3.78294e-11 1.52637e-08)
(1.53817e-08 -1.28755e-12 3.17251e-09)
(1.79096e-11 1.55535e-08 -6.9681e-11)
(-3.22968e-09 3.67018e-11 1.52344e-08)
(1.53488e-08 -1.23719e-12 3.31506e-09)
(1.79527e-11 1.55565e-08 -6.73375e-11)
(-3.37133e-09 3.55721e-11 1.52048e-08)
(1.53157e-08 -1.18706e-12 3.45272e-09)
(1.79504e-11 1.55595e-08 -6.50391e-11)
(-3.50819e-09 3.44477e-11 1.5175e-08)
(1.52824e-08 -1.13806e-12 3.58561e-09)
(1.79041e-11 1.55623e-08 -6.27836e-11)
(-3.64036e-09 3.3333e-11 1.5145e-08)
(1.5249e-08 -1.09061e-12 3.71381e-09)
(1.78157e-11 1.5565e-08 -6.05701e-11)
(-3.7679e-09 3.22311e-11 1.5115e-08)
(1.52158e-08 -1.04486e-12 3.83742e-09)
(1.7687e-11 1.55676e-08 -5.83982e-11)
(-3.89091e-09 3.11438e-11 1.5085e-08)
(1.51826e-08 -1.00083e-12 3.95652e-09)
(1.75202e-11 1.55702e-08 -5.62677e-11)
(-4.00946e-09 3.00724e-11 1.50552e-08)
(1.51498e-08 -9.5844e-13 4.07122e-09)
(1.73176e-11 1.55726e-08 -5.41788e-11)
(-4.12365e-09 2.90177e-11 1.50256e-08)
(1.51172e-08 -9.17607e-13 4.18161e-09)
(1.70817e-11 1.5575e-08 -5.21315e-11)
(-4.23356e-09 2.79804e-11 1.49962e-08)
(1.5085e-08 -8.78232e-13 4.28777e-09)
(1.6815e-11 1.55772e-08 -5.01262e-11)
(-4.33928e-09 2.69607e-11 1.49673e-08)
(1.50532e-08 -8.40228e-13 4.3898e-09)
(1.65201e-11 1.55794e-08 -4.81629e-11)
(-4.44091e-09 2.5959e-11 1.49387e-08)
(1.5022e-08 -8.03523e-13 4.4878e-09)
(1.61994e-11 1.55815e-08 -4.62416e-11)
(-4.53852e-09 2.49755e-11 1.49107e-08)
(1.49912e-08 -7.68056e-13 4.58186e-09)
(1.58553e-11 1.55835e-08 -4.43625e-11)
(-4.63222e-09 2.40104e-11 1.48832e-08)
(1.49611e-08 -7.33778e-13 4.67207e-09)
(1.54902e-11 1.55855e-08 -4.25256e-11)
(-4.72208e-09 2.30638e-11 1.48562e-08)
(1.49317e-08 -7.00651e-13 4.75852e-09)
(1.51063e-11 1.55874e-08 -4.07306e-11)
(-4.8082e-09 2.21358e-11 1.48299e-08)
(1.49029e-08 -6.68641e-13 4.84131e-09)
(1.47059e-11 1.55892e-08 -3.89776e-11)
(-4.89067e-09 2.12265e-11 1.48042e-08)
(1.48749e-08 -6.37723e-13 4.92052e-09)
(1.42911e-11 1.55909e-08 -3.72663e-11)
(-4.96957e-09 2.0336e-11 1.47792e-08)
(1.48476e-08 -6.0787e-13 4.99625e-09)
(1.38637e-11 1.55926e-08 -3.55966e-11)
(-5.045e-09 1.94644e-11 1.4755e-08)
(1.48211e-08 -5.79062e-13 5.06859e-09)
(1.34258e-11 1.55942e-08 -3.39682e-11)
(-5.11703e-09 1.86116e-11 1.47315e-08)
(1.47953e-08 -5.51276e-13 5.13762e-09)
(1.29791e-11 1.55957e-08 -3.2381e-11)
(-5.18575e-09 1.77778e-11 1.47087e-08)
(1.47704e-08 -5.24493e-13 5.20343e-09)
(1.25254e-11 1.55972e-08 -3.08345e-11)
(-5.25125e-09 1.6963e-11 1.46867e-08)
(1.47464e-08 -4.98691e-13 5.26611e-09)
(1.20662e-11 1.55986e-08 -2.93286e-11)
(-5.31362e-09 1.61671e-11 1.46656e-08)
(1.47231e-08 -4.73849e-13 5.32575e-09)
(1.16031e-11 1.55999e-08 -2.78629e-11)
(-5.37293e-09 1.53903e-11 1.46452e-08)
(1.47008e-08 -4.49946e-13 5.38243e-09)
(1.11376e-11 1.56012e-08 -2.64372e-11)
(-5.42927e-09 1.46326e-11 1.46257e-08)
(1.46793e-08 -4.26961e-13 5.43624e-09)
(1.06711e-11 1.56025e-08 -2.5051e-11)
(-5.48273e-09 1.38938e-11 1.4607e-08)
(1.46586e-08 -4.0487e-13 5.48726e-09)
(1.02048e-11 1.56036e-08 -2.37042e-11)
(-5.53337e-09 1.31741e-11 1.45891e-08)
(1.46389e-08 -3.83652e-13 5.53557e-09)
(9.73998e-12 1.56048e-08 -2.23963e-11)
(-5.58129e-09 1.24735e-11 1.45721e-08)
(1.46199e-08 -3.63284e-13 5.58127e-09)
(9.27781e-12 1.56059e-08 -2.11271e-11)
(-5.62657e-09 1.17919e-11 1.45559e-08)
(1.46019e-08 -3.43742e-13 5.62441e-09)
(8.81936e-12 1.56069e-08 -1.98962e-11)
(-5.66928e-09 1.11293e-11 1.45405e-08)
(1.45847e-08 -3.25004e-13 5.6651e-09)
(8.36563e-12 1.56079e-08 -1.87033e-11)
(-5.70949e-09 1.04857e-11 1.45259e-08)
(1.45684e-08 -3.07044e-13 5.70341e-09)
(7.91759e-12 1.56088e-08 -1.75481e-11)
(-5.7473e-09 9.86112e-12 1.45122e-08)
(1.45529e-08 -2.8984e-13 5.73941e-09)
(7.47612e-12 1.56097e-08 -1.64303e-11)
(-5.78278e-09 9.25548e-12 1.44992e-08)
(1.45382e-08 -2.73368e-13 5.77319e-09)
(7.04205e-12 1.56106e-08 -1.53496e-11)
(-5.81599e-09 8.66878e-12 1.4487e-08)
(1.45243e-08 -2.57603e-13 5.80482e-09)
(6.61613e-12 1.56114e-08 -1.43057e-11)
(-5.84703e-09 8.10099e-12 1.44756e-08)
(1.45112e-08 -2.42521e-13 5.83438e-09)
(6.19909e-12 1.56122e-08 -1.32983e-11)
(-5.87595e-09 7.55208e-12 1.44649e-08)
(1.44989e-08 -2.28099e-13 5.86195e-09)
(5.79158e-12 1.56129e-08 -1.23271e-11)
(-5.90285e-09 7.02202e-12 1.4455e-08)
(1.44874e-08 -2.14312e-13 5.8876e-09)
(5.39421e-12 1.56136e-08 -1.1392e-11)
(-5.92778e-09 6.51077e-12 1.44458e-08)
(1.44766e-08 -2.01135e-13 5.9114e-09)
(5.00753e-12 1.56143e-08 -1.04926e-11)
(-5.95083e-09 6.01831e-12 1.44373e-08)
(1.44665e-08 -1.88545e-13 5.93343e-09)
(4.63204e-12 1.56149e-08 -9.62872e-12)
(-5.97206e-09 5.54458e-12 1.44294e-08)
(1.44572e-08 -1.76518e-13 5.95377e-09)
(4.26822e-12 1.56155e-08 -8.80011e-12)
(-5.99156e-09 5.08957e-12 1.44223e-08)
(1.44485e-08 -1.65029e-13 5.97248e-09)
(3.91647e-12 1.56161e-08 -8.00656e-12)
(-6.00938e-09 4.65323e-12 1.44157e-08)
(1.44405e-08 -1.54055e-13 5.98964e-09)
(3.57719e-12 1.56166e-08 -7.24788e-12)
(-6.02561e-09 4.23553e-12 1.44098e-08)
(1.44331e-08 -1.43571e-13 6.00532e-09)
(3.25069e-12 1.56171e-08 -6.52387e-12)
(-6.0403e-09 3.83641e-12 1.44045e-08)
(1.44263e-08 -1.33554e-13 6.0196e-09)
(2.9373e-12 1.56176e-08 -5.83435e-12)
(-6.05355e-09 3.45586e-12 1.43997e-08)
(1.44201e-08 -1.23981e-13 6.03253e-09)
(2.63727e-12 1.5618e-08 -5.17916e-12)
(-6.0654e-09 3.09382e-12 1.43954e-08)
(1.44145e-08 -1.14828e-13 6.0442e-09)
(2.35083e-12 1.56185e-08 -4.55813e-12)
(-6.07593e-09 2.75027e-12 1.43917e-08)
(1.44094e-08 -1.06071e-13 6.05467e-09)
(2.07819e-12 1.56189e-08 -3.97115e-12)
(-6.08522e-09 2.42516e-12 1.43885e-08)
(1.44048e-08 -9.76906e-14 6.06401e-09)
(1.81951e-12 1.56192e-08 -3.41807e-12)
(-6.09333e-09 2.11845e-12 1.43857e-08)
(1.44007e-08 -8.96664e-14 6.07229e-09)
(1.57495e-12 1.56196e-08 -2.89882e-12)
(-6.10032e-09 1.83012e-12 1.43833e-08)
(1.4397e-08 -8.19828e-14 6.07958e-09)
(1.34462e-12 1.56199e-08 -2.41332e-12)
(-6.10628e-09 1.56011e-12 1.43814e-08)
(1.43938e-08 -7.46285e-14 6.08596e-09)
(1.12863e-12 1.56202e-08 -1.96152e-12)
(-6.11125e-09 1.30839e-12 1.43798e-08)
(1.4391e-08 -6.75989e-14 6.09148e-09)
(9.27083e-13 1.56204e-08 -1.54342e-12)
(-6.11532e-09 1.0749e-12 1.43786e-08)
(1.43885e-08 -6.0902e-14 6.09621e-09)
(7.40049e-13 1.56207e-08 -1.15906e-12)
(-6.11856e-09 8.59586e-13 1.43777e-08)
(1.43864e-08 -5.45631e-14 6.10023e-09)
(5.67615e-13 1.56209e-08 -8.08519e-13)
(-6.12102e-09 6.62369e-13 1.4377e-08)
(1.43846e-08 -4.86304e-14 6.1036e-09)
(4.0987e-13 1.56211e-08 -4.91906e-13)
(-6.12278e-09 4.83148e-13 1.43767e-08)
(1.4383e-08 -4.31807e-14 6.10639e-09)
(2.66914e-13 1.56213e-08 -2.09271e-13)
(-6.1239e-09 3.21801e-13 1.43766e-08)
(1.43818e-08 -3.83204e-14 6.10865e-09)
(1.38848e-13 1.56215e-08 3.9517e-14)
(-6.12445e-09 1.78201e-13 1.43766e-08)
(1.43808e-08 -3.41747e-14 6.11047e-09)
(2.57532e-14 1.56216e-08 2.55053e-13)
(-6.1245e-09 5.22618e-14 1.43769e-08)
(1.43799e-08 -3.08555e-14 6.11189e-09)
(-7.23596e-14 1.56217e-08 4.38892e-13)
(-6.12412e-09 -5.59313e-14 1.43773e-08)
(1.43793e-08 -2.84057e-14 6.11298e-09)
(-1.5573e-13 1.56218e-08 5.94293e-13)
(-6.12338e-09 -1.4586e-13 1.43778e-08)
(1.43788e-08 -2.65976e-14 6.1138e-09)
(-2.25203e-13 1.56219e-08 7.27184e-13)
(-6.12234e-09 -2.1607e-13 1.43785e-08)
(1.43784e-08 -2.48325e-14 6.11438e-09)
(-2.81491e-13 1.5622e-08 8.47175e-13)
(-6.12107e-09 -2.63513e-13 1.43791e-08)
(1.43781e-08 -2.40334e-14 6.11483e-09)
(-3.26817e-13 1.56221e-08 9.64798e-13)
(-6.11959e-09 -2.8327e-13 1.43798e-08)
(-3.85221e-13 1.56221e-08 1.07692e-12)
(-6.11776e-09 -2.68749e-13 1.43804e-08)
(1.57312e-08 7.49194e-12 1.53273e-10)
(-1.05566e-10 1.55481e-08 -6.10018e-11)
(-1.58439e-10 1.24126e-11 1.54977e-08)
(1.57534e-08 9.67062e-12 3.68439e-10)
(-5.1526e-11 1.55372e-08 -1.46273e-10)
(-5.02693e-10 4.19197e-11 1.549e-08)
(1.5745e-08 7.77522e-12 6.00238e-10)
(-2.08903e-11 1.55259e-08 -1.80357e-10)
(-7.21223e-10 7.33941e-11 1.54942e-08)
(1.57286e-08 4.8111e-12 8.25528e-10)
(-2.88662e-12 1.55217e-08 -1.93087e-10)
(-9.29011e-10 9.73048e-11 1.55051e-08)
(1.57098e-08 2.08305e-12 1.04258e-09)
(9.19154e-12 1.55194e-08 -1.96468e-10)
(-1.13609e-09 1.13222e-10 1.55064e-08)
(1.56896e-08 -1.35544e-13 1.25248e-09)
(1.75099e-11 1.55189e-08 -1.95097e-10)
(-1.33891e-09 1.23088e-10 1.54989e-08)
(1.56679e-08 -1.82207e-12 1.45572e-09)
(2.319e-11 1.55203e-08 -1.91282e-10)
(-1.53692e-09 1.28614e-10 1.54855e-08)
(1.56448e-08 -3.02462e-12 1.65265e-09)
(2.70443e-11 1.55229e-08 -1.86291e-10)
(-1.72991e-09 1.31089e-10 1.54679e-08)
(1.56201e-08 -3.82352e-12 1.84355e-09)
(2.96625e-11 1.55262e-08 -1.80818e-10)
(-1.91768e-09 1.31468e-10 1.54474e-08)
(1.5594e-08 -4.30742e-12 2.0286e-09)
(3.14667e-11 1.55299e-08 -1.7523e-10)
(-2.10016e-09 1.30434e-10 1.54246e-08)
(1.55666e-08 -4.55895e-12 2.20795e-09)
(3.27435e-11 1.55336e-08 -1.69703e-10)
(-2.27733e-09 1.28466e-10 1.54002e-08)
(1.5538e-08 -4.64768e-12 2.38173e-09)
(3.36764e-11 1.55374e-08 -1.64308e-10)
(-2.44924e-09 1.25896e-10 1.53745e-08)
(1.55083e-08 -4.62799e-12 2.55006e-09)
(3.43772e-11 1.5541e-08 -1.5906e-10)
(-2.61594e-09 1.22946e-10 1.53478e-08)
(1.54777e-08 -4.53996e-12 2.71304e-09)
(3.49107e-11 1.55445e-08 -1.53954e-10)
(-2.77749e-09 1.19768e-10 1.53202e-08)
(1.54463e-08 -4.41172e-12 2.87078e-09)
(3.53129e-11 1.55479e-08 -1.48975e-10)
(-2.93395e-09 1.1646e-10 1.52919e-08)
(1.54143e-08 -4.2621e-12 3.02336e-09)
(3.5603e-11 1.55512e-08 -1.44107e-10)
(-3.08539e-09 1.13087e-10 1.5263e-08)
(1.53818e-08 -4.10315e-12 3.17089e-09)
(3.57912e-11 1.55543e-08 -1.39341e-10)
(-3.23189e-09 1.09691e-10 1.52337e-08)
(1.53489e-08 -3.94218e-12 3.31345e-09)
(3.58831e-11 1.55573e-08 -1.34666e-10)
(-3.37353e-09 1.06299e-10 1.52041e-08)
(1.53158e-08 -3.78334e-12 3.45115e-09)
(3.58828e-11 1.55602e-08 -1.30079e-10)
(-3.51037e-09 1.0293e-10 1.51742e-08)
(1.52825e-08 -3.62878e-12 3.58407e-09)
(3.57937e-11 1.5563e-08 -1.25576e-10)
(-3.64251e-09 9.95938e-11 1.51443e-08)
(1.52492e-08 -3.47942e-12 3.7123e-09)
(3.56195e-11 1.55657e-08 -1.21155e-10)
(-3.77001e-09 9.62981e-11 1.51142e-08)
(1.5216e-08 -3.33552e-12 3.83594e-09)
(3.53643e-11 1.55683e-08 -1.16816e-10)
(-3.89298e-09 9.30475e-11 1.50843e-08)
(1.51829e-08 -3.19695e-12 3.95507e-09)
(3.50327e-11 1.55708e-08 -1.12559e-10)
(-4.0115e-09 8.98452e-11 1.50544e-08)
(1.515e-08 -3.06345e-12 4.0698e-09)
(3.46293e-11 1.55732e-08 -1.08384e-10)
(-4.12565e-09 8.66932e-11 1.50248e-08)
(1.51175e-08 -2.93471e-12 4.18022e-09)
(3.41592e-11 1.55755e-08 -1.04293e-10)
(-4.23552e-09 8.35931e-11 1.49955e-08)
(1.50853e-08 -2.81044e-12 4.28641e-09)
(3.36273e-11 1.55778e-08 -1.00285e-10)
(-4.34121e-09 8.05459e-11 1.49666e-08)
(1.50535e-08 -2.69037e-12 4.38848e-09)
(3.30389e-11 1.55799e-08 -9.636e-11)
(-4.44279e-09 7.75524e-11 1.4938e-08)
(1.50223e-08 -2.57431e-12 4.48651e-09)
(3.23987e-11 1.5582e-08 -9.25193e-11)
(-4.54037e-09 7.46132e-11 1.491e-08)
(1.49916e-08 -2.46207e-12 4.5806e-09)
(3.17117e-11 1.5584e-08 -8.87626e-11)
(-4.63402e-09 7.17288e-11 1.48825e-08)
(1.49615e-08 -2.35353e-12 4.67084e-09)
(3.09826e-11 1.55859e-08 -8.50898e-11)
(-4.72385e-09 6.88996e-11 1.48555e-08)
(1.49321e-08 -2.24856e-12 4.75733e-09)
(3.0216e-11 1.55878e-08 -8.15008e-11)
(-4.80993e-09 6.6126e-11 1.48292e-08)
(1.49033e-08 -2.14709e-12 4.84015e-09)
(2.94161e-11 1.55896e-08 -7.79953e-11)
(-4.89236e-09 6.34081e-11 1.48035e-08)
(1.48753e-08 -2.04902e-12 4.91939e-09)
(2.85872e-11 1.55913e-08 -7.45731e-11)
(-4.97122e-09 6.07462e-11 1.47785e-08)
(1.4848e-08 -1.9543e-12 4.99515e-09)
(2.77333e-11 1.55929e-08 -7.12339e-11)
(-5.04661e-09 5.81406e-11 1.47543e-08)
(1.48215e-08 -1.86285e-12 5.06751e-09)
(2.68581e-11 1.55945e-08 -6.79771e-11)
(-5.1186e-09 5.55914e-11 1.47308e-08)
(1.47957e-08 -1.77462e-12 5.13657e-09)
(2.59652e-11 1.5596e-08 -6.48023e-11)
(-5.18728e-09 5.30987e-11 1.47081e-08)
(1.47708e-08 -1.68953e-12 5.20241e-09)
(2.50582e-11 1.55975e-08 -6.17089e-11)
(-5.25275e-09 5.06626e-11 1.46861e-08)
(1.47468e-08 -1.60752e-12 5.26512e-09)
(2.41402e-11 1.55989e-08 -5.86965e-11)
(-5.31508e-09 4.82833e-11 1.4665e-08)
(1.47235e-08 -1.52852e-12 5.32479e-09)
(2.32143e-11 1.56002e-08 -5.57644e-11)
(-5.37435e-09 4.59607e-11 1.46446e-08)
(1.47012e-08 -1.45248e-12 5.3815e-09)
(2.22835e-11 1.56015e-08 -5.2912e-11)
(-5.43065e-09 4.3695e-11 1.46251e-08)
(1.46797e-08 -1.37932e-12 5.43534e-09)
(2.13506e-11 1.56027e-08 -5.01388e-11)
(-5.48407e-09 4.14861e-11 1.46064e-08)
(1.4659e-08 -1.30897e-12 5.48638e-09)
(2.0418e-11 1.56039e-08 -4.7444e-11)
(-5.53468e-09 3.93341e-11 1.45886e-08)
(1.46392e-08 -1.24136e-12 5.53472e-09)
(1.94884e-11 1.5605e-08 -4.48271e-11)
(-5.58256e-09 3.7239e-11 1.45715e-08)
(1.46203e-08 -1.17642e-12 5.58044e-09)
(1.8564e-11 1.56061e-08 -4.22874e-11)
(-5.6278e-09 3.52007e-11 1.45553e-08)
(1.46023e-08 -1.11408e-12 5.62362e-09)
(1.76469e-11 1.56071e-08 -3.98242e-11)
(-5.67047e-09 3.32192e-11 1.454e-08)
(1.45851e-08 -1.05426e-12 5.66433e-09)
(1.67393e-11 1.56081e-08 -3.7437e-11)
(-5.71065e-09 3.12946e-11 1.45254e-08)
(1.45687e-08 -9.96885e-13 5.70266e-09)
(1.5843e-11 1.5609e-08 -3.51252e-11)
(-5.74842e-09 2.94266e-11 1.45116e-08)
(1.45532e-08 -9.41887e-13 5.73869e-09)
(1.49598e-11 1.56099e-08 -3.28881e-11)
(-5.78386e-09 2.76153e-11 1.44987e-08)
(1.45385e-08 -8.89187e-13 5.77249e-09)
(1.40913e-11 1.56108e-08 -3.07252e-11)
(-5.81704e-09 2.58606e-11 1.44865e-08)
(1.45246e-08 -8.3871e-13 5.80415e-09)
(1.32391e-11 1.56116e-08 -2.86358e-11)
(-5.84804e-09 2.41624e-11 1.44751e-08)
(1.45115e-08 -7.9038e-13 5.83373e-09)
(1.24046e-11 1.56123e-08 -2.66195e-11)
(-5.87693e-09 2.25207e-11 1.44644e-08)
(1.44992e-08 -7.44122e-13 5.86133e-09)
(1.15892e-11 1.56131e-08 -2.46757e-11)
(-5.90379e-09 2.09353e-11 1.44545e-08)
(1.44877e-08 -6.99859e-13 5.887e-09)
(1.0794e-11 1.56138e-08 -2.28039e-11)
(-5.92869e-09 1.94061e-11 1.44453e-08)
(1.44769e-08 -6.57515e-13 5.91082e-09)
(1.00202e-11 1.56144e-08 -2.10035e-11)
(-5.9517e-09 1.79331e-11 1.44368e-08)
(1.44668e-08 -6.17016e-13 5.93288e-09)
(9.26878e-12 1.5615e-08 -1.92742e-11)
(-5.9729e-09 1.65162e-11 1.4429e-08)
(1.44575e-08 -5.78285e-13 5.95324e-09)
(8.54066e-12 1.56156e-08 -1.76155e-11)
(-5.99236e-09 1.51552e-11 1.44219e-08)
(1.44488e-08 -5.41247e-13 5.97198e-09)
(7.83669e-12 1.56162e-08 -1.60269e-11)
(-6.01015e-09 1.38501e-11 1.44153e-08)
(1.44407e-08 -5.05827e-13 5.98916e-09)
(7.15763e-12 1.56167e-08 -1.4508e-11)
(-6.02634e-09 1.26006e-11 1.44094e-08)
(1.44333e-08 -4.71949e-13 6.00486e-09)
(6.50417e-12 1.56172e-08 -1.30586e-11)
(-6.041e-09 1.14068e-11 1.44041e-08)
(1.44265e-08 -4.3954e-13 6.01916e-09)
(5.87689e-12 1.56177e-08 -1.16781e-11)
(-6.05421e-09 1.02686e-11 1.43993e-08)
(1.44203e-08 -4.08525e-13 6.03211e-09)
(5.27635e-12 1.56181e-08 -1.03664e-11)
(-6.06603e-09 9.18569e-12 1.43951e-08)
(1.44147e-08 -3.7883e-13 6.0438e-09)
(4.70301e-12 1.56185e-08 -9.12298e-12)
(-6.07653e-09 8.1581e-12 1.43914e-08)
(1.44096e-08 -3.50382e-13 6.0543e-09)
(4.15726e-12 1.56189e-08 -7.94771e-12)
(-6.08578e-09 7.18571e-12 1.43882e-08)
(1.4405e-08 -3.23113e-13 6.06366e-09)
(3.63946e-12 1.56193e-08 -6.8403e-12)
(-6.09386e-09 6.2684e-12 1.43854e-08)
(1.44009e-08 -2.96957e-13 6.07197e-09)
(3.14988e-12 1.56196e-08 -5.80056e-12)
(-6.10082e-09 5.40606e-12 1.43831e-08)
(1.43972e-08 -2.71859e-13 6.07928e-09)
(2.68879e-12 1.56199e-08 -4.82833e-12)
(-6.10674e-09 4.5986e-12 1.43811e-08)
(1.43939e-08 -2.47775e-13 6.08568e-09)
(2.25639e-12 1.56202e-08 -3.92352e-12)
(-6.11168e-09 3.84589e-12 1.43796e-08)
(1.43911e-08 -2.24679e-13 6.09122e-09)
(1.85286e-12 1.56205e-08 -3.08609e-12)
(-6.11572e-09 3.14781e-12 1.43784e-08)
(1.43886e-08 -2.02581e-13 6.09597e-09)
(1.47837e-12 1.56207e-08 -2.31611e-12)
(-6.11892e-09 2.5042e-12 1.43775e-08)
(1.43865e-08 -1.81537e-13 6.10001e-09)
(1.13305e-12 1.5621e-08 -1.61371e-12)
(-6.12135e-09 1.91488e-12 1.43769e-08)
(1.43847e-08 -1.61678e-13 6.1034e-09)
(8.17087e-13 1.56212e-08 -9.79061e-13)
(-6.12307e-09 1.37956e-12 1.43765e-08)
(1.43831e-08 -1.43233e-13 6.10621e-09)
(5.30647e-13 1.56213e-08 -4.12286e-13)
(-6.12416e-09 8.97918e-13 1.43764e-08)
(1.43819e-08 -1.26552e-13 6.10849e-09)
(2.73927e-13 1.56215e-08 8.68211e-14)
(-6.12468e-09 4.6952e-13 1.43765e-08)
(1.43808e-08 -1.12113e-13 6.11033e-09)
(4.70866e-14 1.56216e-08 5.19324e-13)
(-6.1247e-09 9.39489e-14 1.43768e-08)
(1.438e-08 -1.00475e-13 6.11176e-09)
(-1.49827e-13 1.56217e-08 8.88184e-13)
(-6.12429e-09 -2.28935e-13 1.43772e-08)
(1.43793e-08 -9.21274e-14 6.11286e-09)
(-3.17155e-13 1.56218e-08 1.2e-12)
(-6.12351e-09 -4.98297e-13 1.43777e-08)
(1.43788e-08 -8.67224e-14 6.11368e-09)
(-4.5646e-13 1.56219e-08 1.4675e-12)
(-6.12244e-09 -7.10722e-13 1.43784e-08)
(1.43784e-08 -8.2033e-14 6.11427e-09)
(-5.69324e-13 1.5622e-08 1.71256e-12)
(-6.12113e-09 -8.57647e-13 1.43791e-08)
(1.43782e-08 -8.01245e-14 6.11472e-09)
(-6.55758e-13 1.56221e-08 1.96247e-12)
(-6.11959e-09 -9.23299e-13 1.43798e-08)
(-7.61887e-13 1.56222e-08 2.21151e-12)
(-6.11768e-09 -8.83229e-13 1.43804e-08)
(1.57392e-08 2.40142e-11 1.73733e-10)
(-1.8294e-10 1.5517e-08 -1.08917e-10)
(-1.11968e-10 3.36809e-11 1.54897e-08)
(1.57529e-08 2.18284e-11 3.89183e-10)
(-6.70894e-11 1.55268e-08 -2.47223e-10)
(-4.53014e-10 9.86571e-11 1.55187e-08)
(1.57393e-08 1.47145e-11 6.15418e-10)
(-2.0989e-11 1.5524e-08 -2.8482e-10)
(-6.85992e-10 1.51626e-10 1.55164e-08)
(1.57221e-08 7.89678e-12 8.35141e-10)
(7.26604e-13 1.55235e-08 -2.94287e-10)
(-9.06602e-10 1.85537e-10 1.55175e-08)
(1.57039e-08 2.38514e-12 1.0479e-09)
(1.59473e-11 1.55229e-08 -2.95354e-10)
(-1.12256e-09 2.05778e-10 1.55128e-08)
(1.56845e-08 -1.78568e-12 1.25467e-09)
(2.70782e-11 1.55231e-08 -2.91927e-10)
(-1.3315e-09 2.16975e-10 1.55019e-08)
(1.56639e-08 -4.74801e-12 1.45572e-09)
(3.49526e-11 1.55247e-08 -2.85881e-10)
(-1.53369e-09 2.2211e-10 1.54864e-08)
(1.56416e-08 -6.71485e-12 1.65116e-09)
(4.04321e-11 1.55272e-08 -2.78475e-10)
(-1.72948e-09 2.23217e-10 1.54675e-08)
(1.56177e-08 -7.91824e-12 1.84109e-09)
(4.42379e-11 1.55304e-08 -2.70479e-10)
(-1.91908e-09 2.21691e-10 1.54461e-08)
(1.55922e-08 -8.56818e-12 2.02552e-09)
(4.69177e-11 1.55338e-08 -2.62328e-10)
(-2.10274e-09 2.18474e-10 1.54227e-08)
(1.55653e-08 -8.83671e-12 2.20451e-09)
(4.88524e-11 1.55374e-08 -2.5424e-10)
(-2.28065e-09 2.14189e-10 1.5398e-08)
(1.5537e-08 -8.85503e-12 2.37809e-09)
(5.02892e-11 1.55409e-08 -2.46305e-10)
(-2.45301e-09 2.09249e-10 1.53721e-08)
(1.55076e-08 -8.7177e-12 2.54632e-09)
(5.13807e-11 1.55444e-08 -2.38551e-10)
(-2.61997e-09 2.03921e-10 1.53453e-08)
(1.54772e-08 -8.48966e-12 2.70927e-09)
(5.22174e-11 1.55477e-08 -2.30974e-10)
(-2.78166e-09 1.98376e-10 1.53176e-08)
(1.5446e-08 -8.21353e-12 2.86702e-09)
(5.28507e-11 1.55509e-08 -2.23561e-10)
(-2.93818e-09 1.92726e-10 1.52893e-08)
(1.54141e-08 -7.91606e-12 3.01964e-09)
(5.33095e-11 1.55541e-08 -2.16296e-10)
(-3.08963e-09 1.8704e-10 1.52605e-08)
(1.53817e-08 -7.61316e-12 3.16721e-09)
(5.36097e-11 1.55571e-08 -2.09169e-10)
(-3.23611e-09 1.81361e-10 1.52312e-08)
(1.53489e-08 -7.3137e-12 3.30984e-09)
(5.37612e-11 1.556e-08 -2.02171e-10)
(-3.3777e-09 1.75719e-10 1.52016e-08)
(1.53159e-08 -7.02215e-12 3.4476e-09)
(5.3771e-11 1.55627e-08 -1.95298e-10)
(-3.51448e-09 1.7013e-10 1.51718e-08)
(1.52827e-08 -6.74041e-12 3.58058e-09)
(5.36453e-11 1.55654e-08 -1.88547e-10)
(-3.64656e-09 1.64607e-10 1.51419e-08)
(1.52495e-08 -6.46894e-12 3.70888e-09)
(5.33905e-11 1.5568e-08 -1.81917e-10)
(-3.774e-09 1.59157e-10 1.51119e-08)
(1.52163e-08 -6.20746e-12 3.83259e-09)
(5.30131e-11 1.55705e-08 -1.75409e-10)
(-3.8969e-09 1.53784e-10 1.5082e-08)
(1.51833e-08 -5.95542e-12 3.9518e-09)
(5.25202e-11 1.55729e-08 -1.69023e-10)
(-4.01534e-09 1.48493e-10 1.50522e-08)
(1.51504e-08 -5.71219e-12 4.0666e-09)
(5.19193e-11 1.55752e-08 -1.62759e-10)
(-4.12942e-09 1.43285e-10 1.50226e-08)
(1.51179e-08 -5.4772e-12 4.17708e-09)
(5.12178e-11 1.55775e-08 -1.5662e-10)
(-4.23922e-09 1.38163e-10 1.49933e-08)
(1.50858e-08 -5.24992e-12 4.28335e-09)
(5.04235e-11 1.55796e-08 -1.50605e-10)
(-4.34483e-09 1.33128e-10 1.49644e-08)
(1.50541e-08 -5.02998e-12 4.38549e-09)
(4.9544e-11 1.55817e-08 -1.44715e-10)
(-4.44634e-09 1.28181e-10 1.49359e-08)
(1.50229e-08 -4.81705e-12 4.48359e-09)
(4.85867e-11 1.55837e-08 -1.38951e-10)
(-4.54384e-09 1.23323e-10 1.49079e-08)
(1.49922e-08 -4.61088e-12 4.57775e-09)
(4.75591e-11 1.55856e-08 -1.33313e-10)
(-4.63743e-09 1.18555e-10 1.48804e-08)
(1.49622e-08 -4.41129e-12 4.66806e-09)
(4.6468e-11 1.55875e-08 -1.278e-10)
(-4.72718e-09 1.13878e-10 1.48535e-08)
(1.49328e-08 -4.21811e-12 4.75461e-09)
(4.53204e-11 1.55893e-08 -1.22413e-10)
(-4.81319e-09 1.09292e-10 1.48273e-08)
(1.4904e-08 -4.0312e-12 4.8375e-09)
(4.41228e-11 1.5591e-08 -1.17151e-10)
(-4.89555e-09 1.04797e-10 1.48016e-08)
(1.4876e-08 -3.85045e-12 4.91681e-09)
(4.28814e-11 1.55926e-08 -1.12013e-10)
(-4.97434e-09 1.00394e-10 1.47767e-08)
(1.48487e-08 -3.67574e-12 4.99264e-09)
(4.16022e-11 1.55942e-08 -1.07e-10)
(-5.04965e-09 9.60842e-11 1.47525e-08)
(1.48222e-08 -3.50697e-12 5.06507e-09)
(4.0291e-11 1.55957e-08 -1.02111e-10)
(-5.12157e-09 9.18666e-11 1.4729e-08)
(1.47965e-08 -3.34401e-12 5.13419e-09)
(3.89531e-11 1.55972e-08 -9.73445e-11)
(-5.19018e-09 8.77419e-11 1.47063e-08)
(1.47716e-08 -3.18677e-12 5.2001e-09)
(3.75937e-11 1.55986e-08 -9.27001e-11)
(-5.25558e-09 8.37104e-11 1.46844e-08)
(1.47476e-08 -3.03513e-12 5.26288e-09)
(3.62177e-11 1.55999e-08 -8.8177e-11)
(-5.31784e-09 7.97723e-11 1.46633e-08)
(1.47243e-08 -2.88896e-12 5.32261e-09)
(3.48297e-11 1.56012e-08 -8.37744e-11)
(-5.37704e-09 7.59277e-11 1.4643e-08)
(1.4702e-08 -2.74815e-12 5.37938e-09)
(3.34342e-11 1.56024e-08 -7.94913e-11)
(-5.43327e-09 7.21766e-11 1.46236e-08)
(1.46805e-08 -2.61258e-12 5.43328e-09)
(3.20353e-11 1.56036e-08 -7.53269e-11)
(-5.48662e-09 6.85193e-11 1.46049e-08)
(1.46598e-08 -2.48211e-12 5.48439e-09)
(3.0637e-11 1.56047e-08 -7.12802e-11)
(-5.53716e-09 6.49557e-11 1.45871e-08)
(1.464e-08 -2.35663e-12 5.53279e-09)
(2.92428e-11 1.56058e-08 -6.73502e-11)
(-5.58498e-09 6.1486e-11 1.45701e-08)
(1.46211e-08 -2.23599e-12 5.57857e-09)
(2.78563e-11 1.56068e-08 -6.35361e-11)
(-5.63015e-09 5.811e-11 1.4554e-08)
(1.4603e-08 -2.12007e-12 5.6218e-09)
(2.64808e-11 1.56078e-08 -5.98369e-11)
(-5.67275e-09 5.48277e-11 1.45386e-08)
(1.45858e-08 -2.00873e-12 5.66257e-09)
(2.51193e-11 1.56088e-08 -5.62516e-11)
(-5.71287e-09 5.16392e-11 1.45241e-08)
(1.45695e-08 -1.90184e-12 5.70096e-09)
(2.37747e-11 1.56097e-08 -5.27794e-11)
(-5.75057e-09 4.85444e-11 1.45104e-08)
(1.45539e-08 -1.79926e-12 5.73705e-09)
(2.24497e-11 1.56105e-08 -4.94194e-11)
(-5.78594e-09 4.55432e-11 1.44975e-08)
(1.45392e-08 -1.70086e-12 5.77091e-09)
(2.11467e-11 1.56113e-08 -4.61706e-11)
(-5.81905e-09 4.26355e-11 1.44853e-08)
(1.45253e-08 -1.6065e-12 5.80262e-09)
(1.98681e-11 1.56121e-08 -4.30323e-11)
(-5.84998e-09 3.98213e-11 1.4474e-08)
(1.45122e-08 -1.51604e-12 5.83226e-09)
(1.8616e-11 1.56128e-08 -4.00037e-11)
(-5.87881e-09 3.71003e-11 1.44633e-08)
(1.44999e-08 -1.42934e-12 5.85991e-09)
(1.73923e-11 1.56135e-08 -3.70838e-11)
(-5.9056e-09 3.44726e-11 1.44535e-08)
(1.44883e-08 -1.34627e-12 5.88563e-09)
(1.61991e-11 1.56142e-08 -3.4272e-11)
(-5.93043e-09 3.1938e-11 1.44443e-08)
(1.44775e-08 -1.2667e-12 5.90951e-09)
(1.50378e-11 1.56148e-08 -3.15675e-11)
(-5.95338e-09 2.94963e-11 1.44359e-08)
(1.44674e-08 -1.19047e-12 5.93162e-09)
(1.39101e-11 1.56154e-08 -2.89696e-11)
(-5.97452e-09 2.71474e-11 1.44281e-08)
(1.4458e-08 -1.11746e-12 5.95204e-09)
(1.28173e-11 1.5616e-08 -2.64777e-11)
(-5.99391e-09 2.48911e-11 1.4421e-08)
(1.44493e-08 -1.04754e-12 5.97082e-09)
(1.17607e-11 1.56165e-08 -2.40912e-11)
(-6.01163e-09 2.27274e-11 1.44145e-08)
(1.44413e-08 -9.80551e-13 5.98806e-09)
(1.07415e-11 1.5617e-08 -2.18093e-11)
(-6.02776e-09 2.0656e-11 1.44086e-08)
(1.44338e-08 -9.16375e-13 6.00382e-09)
(9.76068e-12 1.56175e-08 -1.96316e-11)
(-6.04236e-09 1.86767e-11 1.44033e-08)
(1.4427e-08 -8.54873e-13 6.01816e-09)
(8.81913e-12 1.56179e-08 -1.75576e-11)
(-6.0555e-09 1.67895e-11 1.43986e-08)
(1.44208e-08 -7.95911e-13 6.03117e-09)
(7.91767e-12 1.56184e-08 -1.55867e-11)
(-6.06725e-09 1.49942e-11 1.43944e-08)
(1.44151e-08 -7.39354e-13 6.04291e-09)
(7.05701e-12 1.56187e-08 -1.37185e-11)
(-6.07769e-09 1.32905e-11 1.43907e-08)
(1.441e-08 -6.85067e-13 6.05345e-09)
(6.23776e-12 1.56191e-08 -1.19525e-11)
(-6.08688e-09 1.16784e-11 1.43875e-08)
(1.44054e-08 -6.32919e-13 6.06287e-09)
(5.46043e-12 1.56195e-08 -1.02884e-11)
(-6.09489e-09 1.01576e-11 1.43848e-08)
(1.44012e-08 -5.82779e-13 6.07123e-09)
(4.72546e-12 1.56198e-08 -8.72592e-12)
(-6.10179e-09 8.72807e-12 1.43825e-08)
(1.43975e-08 -5.34528e-13 6.07859e-09)
(4.03321e-12 1.56201e-08 -7.26473e-12)
(-6.10764e-09 7.38962e-12 1.43806e-08)
(1.43943e-08 -4.88059e-13 6.08504e-09)
(3.38399e-12 1.56203e-08 -5.9047e-12)
(-6.11252e-09 6.14212e-12 1.43791e-08)
(1.43914e-08 -4.43293e-13 6.09063e-09)
(2.77808e-12 1.56206e-08 -4.64571e-12)
(-6.11649e-09 4.98541e-12 1.43779e-08)
(1.43889e-08 -4.00186e-13 6.09544e-09)
(2.21568e-12 1.56208e-08 -3.4878e-12)
(-6.11963e-09 3.91933e-12 1.4377e-08)
(1.43867e-08 -3.58769e-13 6.09952e-09)
(1.69701e-12 1.5621e-08 -2.43108e-12)
(-6.12199e-09 2.94369e-12 1.43765e-08)
(1.43849e-08 -3.19185e-13 6.10296e-09)
(1.22229e-12 1.56212e-08 -1.47576e-12)
(-6.12365e-09 2.05819e-12 1.43762e-08)
(1.43833e-08 -2.81755e-13 6.10581e-09)
(7.91738e-13 1.56214e-08 -6.21972e-13)
(-6.12468e-09 1.2624e-12 1.43761e-08)
(1.4382e-08 -2.47086e-13 6.10814e-09)
(4.05616e-13 1.56215e-08 1.30524e-13)
(-6.12514e-09 5.55653e-13 1.43762e-08)
(1.4381e-08 -2.16192e-13 6.11001e-09)
(6.41574e-14 1.56217e-08 7.83072e-13)
(-6.12509e-09 -6.29884e-14 1.43765e-08)
(1.43801e-08 -1.90628e-13 6.11148e-09)
(-2.32507e-13 1.56218e-08 1.33966e-12)
(-6.12462e-09 -5.9469e-13 1.4377e-08)
(1.43794e-08 -1.72673e-13 6.11261e-09)
(-4.84729e-13 1.56219e-08 1.80991e-12)
(-6.12379e-09 -1.04033e-12 1.43776e-08)
(1.43789e-08 -1.6507e-13 6.11344e-09)
(-6.95157e-13 1.56219e-08 2.21416e-12)
(-6.12265e-09 -1.39858e-12 1.43782e-08)
(1.43785e-08 -1.68805e-13 6.11404e-09)
(-8.65924e-13 1.5622e-08 2.59223e-12)
(-6.12126e-09 -1.66077e-12 1.4379e-08)
(1.43783e-08 -1.86707e-13 6.11447e-09)
(-9.74154e-13 1.56221e-08 3.0065e-12)
(-6.11962e-09 -1.80117e-12 1.43797e-08)
(-1.03674e-12 1.56222e-08 3.46977e-12)
(-6.11751e-09 -1.75956e-12 1.43803e-08)
(1.57599e-08 1.12433e-10 2.50803e-10)
(2.70069e-11 1.04278e-10 1.54064e-08)
(1.57462e-08 4.35765e-11 4.19523e-10)
(-3.84007e-10 2.43773e-10 1.56008e-08)
(1.57296e-08 1.98363e-11 6.29916e-10)
(-6.5083e-10 2.94241e-10 1.55375e-08)
(1.57134e-08 8.36486e-12 8.42776e-10)
(-8.86804e-10 3.15038e-10 1.55246e-08)
(1.56967e-08 -2.07451e-13 1.05061e-09)
(-1.11242e-09 3.24627e-10 1.55162e-08)
(1.56792e-08 -6.37195e-12 1.25381e-09)
(-1.3278e-09 3.27187e-10 1.55025e-08)
(1.56601e-08 -1.03533e-11 1.45248e-09)
(-1.5341e-09 3.25147e-10 1.54848e-08)
(1.56391e-08 -1.2668e-11 1.64644e-09)
(-1.73242e-09 3.2031e-10 1.54643e-08)
(1.56162e-08 -1.38249e-11 1.83549e-09)
(-1.92354e-09 3.13857e-10 1.54419e-08)
(1.55914e-08 -1.4229e-11 2.01944e-09)
(-2.10808e-09 3.06513e-10 1.5418e-08)
(1.55649e-08 -1.41715e-11 2.19818e-09)
(-2.28649e-09 2.98709e-10 1.5393e-08)
(1.5537e-08 -1.38489e-11 2.37167e-09)
(-2.4591e-09 2.90694e-10 1.5367e-08)
(1.55078e-08 -1.33874e-11 2.53989e-09)
(-2.62617e-09 2.82608e-10 1.53401e-08)
(1.54776e-08 -1.2864e-11 2.70288e-09)
(-2.78787e-09 2.74528e-10 1.53125e-08)
(1.54465e-08 -1.23234e-11 2.8607e-09)
(-2.94435e-09 2.66496e-10 1.52843e-08)
(1.54147e-08 -1.17897e-11 3.0134e-09)
(-3.09574e-09 2.58536e-10 1.52555e-08)
(1.53824e-08 -1.12745e-11 3.16107e-09)
(-3.24214e-09 2.50662e-10 1.52263e-08)
(1.53497e-08 -1.07822e-11 3.30379e-09)
(-3.38363e-09 2.4288e-10 1.51968e-08)
(1.53167e-08 -1.03137e-11 3.44165e-09)
(-3.52032e-09 2.35195e-10 1.51671e-08)
(1.52836e-08 -9.8678e-12 3.57474e-09)
(-3.65229e-09 2.27613e-10 1.51373e-08)
(1.52504e-08 -9.44276e-12 3.70314e-09)
(-3.77963e-09 2.20135e-10 1.51074e-08)
(1.52173e-08 -9.03673e-12 3.82695e-09)
(-3.90242e-09 2.12764e-10 1.50775e-08)
(1.51843e-08 -8.64807e-12 3.94627e-09)
(-4.02076e-09 2.05502e-10 1.50478e-08)
(1.51515e-08 -8.27536e-12 4.06118e-09)
(-4.13473e-09 1.98352e-10 1.50184e-08)
(1.51191e-08 -7.91748e-12 4.17177e-09)
(-4.24442e-09 1.91315e-10 1.49892e-08)
(1.5087e-08 -7.57353e-12 4.27815e-09)
(-4.34993e-09 1.84393e-10 1.49604e-08)
(1.50553e-08 -7.24281e-12 4.3804e-09)
(-4.45133e-09 1.77588e-10 1.49319e-08)
(1.50241e-08 -6.92475e-12 4.47861e-09)
(-4.54873e-09 1.70901e-10 1.4904e-08)
(1.49935e-08 -6.61885e-12 4.57288e-09)
(-4.64221e-09 1.64333e-10 1.48766e-08)
(1.49634e-08 -6.32472e-12 4.6633e-09)
(-4.73186e-09 1.57885e-10 1.48498e-08)
(1.4934e-08 -6.04198e-12 4.74996e-09)
(-4.81777e-09 1.51558e-10 1.48236e-08)
(1.49053e-08 -5.77028e-12 4.83295e-09)
(-4.90003e-09 1.45354e-10 1.47981e-08)
(1.48773e-08 -5.50928e-12 4.91237e-09)
(-4.97872e-09 1.39272e-10 1.47733e-08)
(1.485e-08 -5.25865e-12 4.9883e-09)
(-5.05394e-09 1.33315e-10 1.47491e-08)
(1.48235e-08 -5.01808e-12 5.06084e-09)
(-5.12576e-09 1.27481e-10 1.47258e-08)
(1.47978e-08 -4.78724e-12 5.13007e-09)
(-5.19428e-09 1.21773e-10 1.47032e-08)
(1.47729e-08 -4.56582e-12 5.19608e-09)
(-5.25957e-09 1.1619e-10 1.46813e-08)
(1.47488e-08 -4.35348e-12 5.25896e-09)
(-5.32173e-09 1.10733e-10 1.46603e-08)
(1.47256e-08 -4.14993e-12 5.3188e-09)
(-5.38084e-09 1.05403e-10 1.46401e-08)
(1.47032e-08 -3.95484e-12 5.37567e-09)
(-5.43698e-09 1.00199e-10 1.46207e-08)
(1.46817e-08 -3.7679e-12 5.42967e-09)
(-5.49024e-09 9.51227e-11 1.46022e-08)
(1.4661e-08 -3.58881e-12 5.48088e-09)
(-5.54068e-09 9.01737e-11 1.45844e-08)
(1.46412e-08 -3.41725e-12 5.52939e-09)
(-5.5884e-09 8.53523e-11 1.45675e-08)
(1.46223e-08 -3.25294e-12 5.57526e-09)
(-5.63348e-09 8.06589e-11 1.45515e-08)
(1.46042e-08 -3.09557e-12 5.6186e-09)
(-5.67599e-09 7.60936e-11 1.45362e-08)
(1.4587e-08 -2.94485e-12 5.65947e-09)
(-5.71601e-09 7.16565e-11 1.45218e-08)
(1.45706e-08 -2.80051e-12 5.69796e-09)
(-5.75363e-09 6.73477e-11 1.45081e-08)
(1.4555e-08 -2.66226e-12 5.73414e-09)
(-5.7889e-09 6.31674e-11 1.44953e-08)
(1.45403e-08 -2.52982e-12 5.7681e-09)
(-5.82193e-09 5.91155e-11 1.44832e-08)
(1.45264e-08 -2.40292e-12 5.79991e-09)
(-5.85277e-09 5.51922e-11 1.44719e-08)
(1.45132e-08 -2.28132e-12 5.82964e-09)
(-5.8815e-09 5.13975e-11 1.44614e-08)
(1.45009e-08 -2.16475e-12 5.85739e-09)
(-5.9082e-09 4.77312e-11 1.44516e-08)
(1.44893e-08 -2.05296e-12 5.88321e-09)
(-5.93294e-09 4.41935e-11 1.44425e-08)
(1.44784e-08 -1.94571e-12 5.90718e-09)
(-5.9558e-09 4.07843e-11 1.44342e-08)
(1.44683e-08 -1.84275e-12 5.92939e-09)
(-5.97684e-09 3.75035e-11 1.44265e-08)
(1.44589e-08 -1.74385e-12 5.94989e-09)
(-5.99615e-09 3.43511e-11 1.44194e-08)
(1.44501e-08 -1.64878e-12 5.96878e-09)
(-6.01378e-09 3.1327e-11 1.4413e-08)
(1.44421e-08 -1.55732e-12 5.9861e-09)
(-6.02981e-09 2.8431e-11 1.44072e-08)
(1.44346e-08 -1.46925e-12 6.00195e-09)
(-6.04432e-09 2.56632e-11 1.4402e-08)
(1.44278e-08 -1.38436e-12 6.01639e-09)
(-6.05737e-09 2.30233e-11 1.43973e-08)
(1.44215e-08 -1.30244e-12 6.02949e-09)
(-6.06904e-09 2.05113e-11 1.43932e-08)
(1.44158e-08 -1.2233e-12 6.04132e-09)
(-6.07938e-09 1.81271e-11 1.43896e-08)
(1.44106e-08 -1.14671e-12 6.05196e-09)
(-6.08848e-09 1.58704e-11 1.43865e-08)
(1.4406e-08 -1.07247e-12 6.06146e-09)
(-6.0964e-09 1.37411e-11 1.43838e-08)
(1.44018e-08 -1.00038e-12 6.06991e-09)
(-6.1032e-09 1.17392e-11 1.43816e-08)
(1.43981e-08 -9.30223e-13 6.07737e-09)
(-6.10896e-09 9.86455e-12 1.43797e-08)
(1.43947e-08 -8.6181e-13 6.0839e-09)
(-6.11375e-09 8.11706e-12 1.43783e-08)
(1.43918e-08 -7.94959e-13 6.08958e-09)
(-6.11763e-09 6.49671e-12 1.43772e-08)
(1.43893e-08 -7.2951e-13 6.09448e-09)
(-6.12068e-09 5.00348e-12 1.43764e-08)
(1.43871e-08 -6.65346e-13 6.09866e-09)
(-6.12295e-09 3.63741e-12 1.43759e-08)
(1.43852e-08 -6.02454e-13 6.10218e-09)
(-6.12451e-09 2.39852e-12 1.43756e-08)
(1.43837e-08 -5.41019e-13 6.10512e-09)
(-6.12545e-09 1.28675e-12 1.43756e-08)
(1.43823e-08 -4.81621e-13 6.10753e-09)
(-6.12581e-09 3.01812e-13 1.43758e-08)
(1.43812e-08 -4.25623e-13 6.10948e-09)
(-6.12568e-09 -5.57255e-13 1.43761e-08)
(1.43803e-08 -3.75835e-13 6.11102e-09)
(-6.12512e-09 -1.29275e-12 1.43767e-08)
(1.43796e-08 -3.37297e-13 6.1122e-09)
(-6.1242e-09 -1.90974e-12 1.43773e-08)
(1.43791e-08 -3.20884e-13 6.11305e-09)
(-6.12299e-09 -2.41852e-12 1.43781e-08)
(1.43787e-08 -3.62451e-13 6.11364e-09)
(-6.12154e-09 -2.83707e-12 1.43789e-08)
(1.43784e-08 -5.11634e-13 6.11403e-09)
(-6.11982e-09 -3.17764e-12 1.43797e-08)
(-6.11748e-09 -3.34843e-12 1.43804e-08)
(1.59826e-08 -2.38784e-10 2.73373e-10)
(3.90487e-10 1.53654e-08 9.85349e-11)
(-1.03274e-10 -1.00197e-10 1.51914e-08)
(1.59682e-08 -8.15159e-11 4.58655e-10)
(1.32906e-10 1.54156e-08 2.27292e-10)
(-4.01596e-10 -2.38975e-10 1.55242e-08)
(1.59479e-08 -3.34513e-11 6.69611e-10)
(4.17469e-11 1.54212e-08 2.70693e-10)
(-6.38356e-10 -2.92916e-10 1.54243e-08)
(1.59274e-08 -1.38603e-11 8.80491e-10)
(6.09689e-12 1.54262e-08 2.8525e-10)
(-8.71754e-10 -3.14185e-10 1.54102e-08)
(1.59058e-08 9.82153e-14 1.08851e-09)
(-1.62835e-11 1.54276e-08 2.87591e-10)
(-1.09925e-09 -3.22164e-10 1.54036e-08)
(1.58833e-08 9.85731e-12 1.29362e-09)
(-3.12413e-11 1.54291e-08 2.83627e-10)
(-1.31617e-09 -3.228e-10 1.5391e-08)
(1.58591e-08 1.59843e-11 1.49484e-09)
(-4.08996e-11 1.54324e-08 2.76751e-10)
(-1.52291e-09 -3.19246e-10 1.53752e-08)
(1.58328e-08 1.94837e-11 1.69134e-09)
(-4.70556e-11 1.5437e-08 2.68764e-10)
(-1.72084e-09 -3.13425e-10 1.53574e-08)
(1.58043e-08 2.12395e-11 1.88261e-09)
(-5.0976e-11 1.54423e-08 2.60523e-10)
(-1.91115e-09 -3.06438e-10 1.53379e-08)
(1.57739e-08 2.1905e-11 2.06838e-09)
(-5.35174e-11 1.54479e-08 2.52393e-10)
(-2.09473e-09 -2.98886e-10 1.53172e-08)
(1.57417e-08 2.1924e-11 2.24854e-09)
(-5.5225e-11 1.54538e-08 2.44499e-10)
(-2.27218e-09 -2.91087e-10 1.52954e-08)
(1.57081e-08 2.15814e-11 2.4231e-09)
(-5.64244e-11 1.54596e-08 2.36854e-10)
(-2.44393e-09 -2.83202e-10 1.52726e-08)
(1.56734e-08 2.10525e-11 2.5921e-09)
(-5.72998e-11 1.54653e-08 2.29432e-10)
(-2.61024e-09 -2.75316e-10 1.5249e-08)
(1.56376e-08 2.04399e-11 2.75563e-09)
(-5.79504e-11 1.54709e-08 2.22199e-10)
(-2.77131e-09 -2.67468e-10 1.52245e-08)
(1.56011e-08 1.98013e-11 2.91377e-09)
(-5.8426e-11 1.54764e-08 2.15124e-10)
(-2.92727e-09 -2.59681e-10 1.51993e-08)
(1.5564e-08 1.91662e-11 3.06663e-09)
(-5.87501e-11 1.54817e-08 2.08186e-10)
(-3.07824e-09 -2.51966e-10 1.51735e-08)
(1.55265e-08 1.85485e-11 3.21432e-09)
(-5.89332e-11 1.54869e-08 2.0137e-10)
(-3.22431e-09 -2.4433e-10 1.51472e-08)
(1.54887e-08 1.79532e-11 3.35692e-09)
(-5.89801e-11 1.5492e-08 1.94668e-10)
(-3.36557e-09 -2.36779e-10 1.51205e-08)
(1.54507e-08 1.7381e-11 3.49454e-09)
(-5.88943e-11 1.54969e-08 1.88076e-10)
(-3.50209e-09 -2.29317e-10 1.50935e-08)
(1.54127e-08 1.68306e-11 3.62729e-09)
(-5.86793e-11 1.55017e-08 1.81594e-10)
(-3.63395e-09 -2.21948e-10 1.50664e-08)
(1.53747e-08 1.63001e-11 3.75526e-09)
(-5.83394e-11 1.55064e-08 1.75221e-10)
(-3.76124e-09 -2.14676e-10 1.50391e-08)
(1.53369e-08 1.57873e-11 3.87854e-09)
(-5.78802e-11 1.5511e-08 1.6896e-10)
(-3.88404e-09 -2.07504e-10 1.50118e-08)
(1.52994e-08 1.52907e-11 3.99725e-09)
(-5.7308e-11 1.55154e-08 1.62813e-10)
(-4.00244e-09 -2.00435e-10 1.49846e-08)
(1.52621e-08 1.48087e-11 4.11148e-09)
(-5.66294e-11 1.55197e-08 1.5678e-10)
(-4.11652e-09 -1.93472e-10 1.49576e-08)
(1.52253e-08 1.43405e-11 4.22132e-09)
(-5.58519e-11 1.55239e-08 1.50863e-10)
(-4.22636e-09 -1.86616e-10 1.49307e-08)
(1.51889e-08 1.3885e-11 4.32688e-09)
(-5.49827e-11 1.5528e-08 1.45063e-10)
(-4.33205e-09 -1.79871e-10 1.49042e-08)
(1.51531e-08 1.34418e-11 4.42825e-09)
(-5.40293e-11 1.5532e-08 1.39382e-10)
(-4.43368e-09 -1.73237e-10 1.48781e-08)
(1.51178e-08 1.30104e-11 4.52553e-09)
(-5.29989e-11 1.55359e-08 1.3382e-10)
(-4.53133e-09 -1.66717e-10 1.48524e-08)
(1.50832e-08 1.25903e-11 4.61883e-09)
(-5.18986e-11 1.55397e-08 1.28377e-10)
(-4.62509e-09 -1.60312e-10 1.48271e-08)
(1.50493e-08 1.21812e-11 4.70823e-09)
(-5.07355e-11 1.55434e-08 1.23053e-10)
(-4.71505e-09 -1.54023e-10 1.48024e-08)
(1.50162e-08 1.17829e-11 4.79384e-09)
(-4.95161e-11 1.55469e-08 1.17849e-10)
(-4.80129e-09 -1.47851e-10 1.47782e-08)
(1.49838e-08 1.1395e-11 4.87574e-09)
(-4.82469e-11 1.55504e-08 1.12765e-10)
(-4.8839e-09 -1.41798e-10 1.47547e-08)
(1.49522e-08 1.10173e-11 4.95405e-09)
(-4.69339e-11 1.55537e-08 1.078e-10)
(-4.96297e-09 -1.35863e-10 1.47317e-08)
(1.49215e-08 1.06496e-11 5.02884e-09)
(-4.55831e-11 1.5557e-08 1.02953e-10)
(-5.03857e-09 -1.30049e-10 1.47095e-08)
(1.48916e-08 1.02915e-11 5.10022e-09)
(-4.42001e-11 1.55602e-08 9.82252e-11)
(-5.11079e-09 -1.24355e-10 1.46879e-08)
(1.48626e-08 9.94277e-12 5.16828e-09)
(-4.27901e-11 1.55632e-08 9.36148e-11)
(-5.17973e-09 -1.18783e-10 1.46671e-08)
(1.48345e-08 9.60317e-12 5.2331e-09)
(-4.13582e-11 1.55662e-08 8.91216e-11)
(-5.24545e-09 -1.13332e-10 1.4647e-08)
(1.48074e-08 9.27241e-12 5.29478e-09)
(-3.99093e-11 1.55691e-08 8.47448e-11)
(-5.30805e-09 -1.08004e-10 1.46276e-08)
(1.47811e-08 8.95021e-12 5.35341e-09)
(-3.84479e-11 1.55718e-08 8.04839e-11)
(-5.3676e-09 -1.02799e-10 1.4609e-08)
(1.47559e-08 8.63629e-12 5.40908e-09)
(-3.69784e-11 1.55745e-08 7.6338e-11)
(-5.42418e-09 -9.77178e-11 1.45912e-08)
(1.47315e-08 8.33038e-12 5.46187e-09)
(-3.55049e-11 1.55771e-08 7.23064e-11)
(-5.47789e-09 -9.276e-11 1.45741e-08)
(1.47081e-08 8.03219e-12 5.51187e-09)
(-3.40312e-11 1.55797e-08 6.83883e-11)
(-5.52879e-09 -8.79263e-11 1.45578e-08)
(1.46857e-08 7.74147e-12 5.55917e-09)
(-3.25611e-11 1.55821e-08 6.45829e-11)
(-5.57696e-09 -8.3217e-11 1.45423e-08)
(1.46642e-08 7.45792e-12 5.60385e-09)
(-3.10979e-11 1.55844e-08 6.08894e-11)
(-5.62249e-09 -7.86324e-11 1.45276e-08)
(1.46436e-08 7.18129e-12 5.646e-09)
(-2.9645e-11 1.55867e-08 5.7307e-11)
(-5.66546e-09 -7.41726e-11 1.45137e-08)
(1.4624e-08 6.9113e-12 5.68569e-09)
(-2.82052e-11 1.55889e-08 5.38349e-11)
(-5.70593e-09 -6.98378e-11 1.45005e-08)
(1.46053e-08 6.64769e-12 5.72301e-09)
(-2.67817e-11 1.5591e-08 5.04724e-11)
(-5.74399e-09 -6.56283e-11 1.44881e-08)
(1.45875e-08 6.3902e-12 5.75805e-09)
(-2.53769e-11 1.5593e-08 4.72187e-11)
(-5.77971e-09 -6.1544e-11 1.44764e-08)
(1.45707e-08 6.13858e-12 5.79087e-09)
(-2.39933e-11 1.5595e-08 4.4073e-11)
(-5.81317e-09 -5.75851e-11 1.44655e-08)
(1.45547e-08 5.89258e-12 5.82156e-09)
(-2.26334e-11 1.55968e-08 4.10346e-11)
(-5.84444e-09 -5.37517e-11 1.44553e-08)
(1.45396e-08 5.65194e-12 5.85021e-09)
(-2.12992e-11 1.55987e-08 3.81028e-11)
(-5.8736e-09 -5.00438e-11 1.44459e-08)
(1.45253e-08 5.41642e-12 5.87687e-09)
(-1.99928e-11 1.56004e-08 3.5277e-11)
(-5.90071e-09 -4.64614e-11 1.44371e-08)
(1.45119e-08 5.18579e-12 5.90164e-09)
(-1.87159e-11 1.5602e-08 3.25564e-11)
(-5.92586e-09 -4.30045e-11 1.4429e-08)
(1.44993e-08 4.95981e-12 5.92458e-09)
(-1.74704e-11 1.56036e-08 2.99406e-11)
(-5.94912e-09 -3.96732e-11 1.44215e-08)
(1.44875e-08 4.73825e-12 5.94578e-09)
(-1.62577e-11 1.56051e-08 2.74287e-11)
(-5.97055e-09 -3.64675e-11 1.44147e-08)
(1.44765e-08 4.52089e-12 5.9653e-09)
(-1.50792e-11 1.56066e-08 2.50204e-11)
(-5.99023e-09 -3.33872e-11 1.44085e-08)
(1.44662e-08 4.3075e-12 5.98322e-09)
(-1.39363e-11 1.5608e-08 2.27151e-11)
(-6.00823e-09 -3.04323e-11 1.44029e-08)
(1.44567e-08 4.09787e-12 5.99962e-09)
(-1.283e-11 1.56093e-08 2.05123e-11)
(-6.02463e-09 -2.76028e-11 1.43979e-08)
(1.44478e-08 3.89177e-12 6.01456e-09)
(-1.17616e-11 1.56105e-08 1.84115e-11)
(-6.03948e-09 -2.48987e-11 1.43934e-08)
(1.44397e-08 3.68901e-12 6.02812e-09)
(-1.07318e-11 1.56117e-08 1.64123e-11)
(-6.05286e-09 -2.23198e-11 1.43895e-08)
(1.44322e-08 3.4894e-12 6.04037e-09)
(-9.74158e-12 1.56128e-08 1.45143e-11)
(-6.06485e-09 -1.9866e-11 1.4386e-08)
(1.44253e-08 3.29275e-12 6.05137e-09)
(-8.7916e-12 1.56139e-08 1.27172e-11)
(-6.0755e-09 -1.75374e-11 1.4383e-08)
(1.44191e-08 3.09882e-12 6.06121e-09)
(-7.8825e-12 1.56149e-08 1.10205e-11)
(-6.0849e-09 -1.53337e-11 1.43805e-08)
(1.44134e-08 2.9074e-12 6.06995e-09)
(-7.0148e-12 1.56158e-08 9.42396e-12)
(-6.0931e-09 -1.32548e-11 1.43784e-08)
(1.44083e-08 2.71824e-12 6.07766e-09)
(-6.18891e-12 1.56167e-08 7.9274e-12)
(-6.10018e-09 -1.13008e-11 1.43767e-08)
(1.44037e-08 2.53114e-12 6.08441e-09)
(-5.40521e-12 1.56175e-08 6.53062e-12)
(-6.1062e-09 -9.4715e-12 1.43753e-08)
(1.43996e-08 2.34588e-12 6.09027e-09)
(-4.66395e-12 1.56183e-08 5.23352e-12)
(-6.11123e-09 -7.76687e-12 1.43743e-08)
(1.43959e-08 2.16227e-12 6.09531e-09)
(-3.96537e-12 1.5619e-08 4.03606e-12)
(-6.11534e-09 -6.1869e-12 1.43736e-08)
(1.43927e-08 1.98015e-12 6.09958e-09)
(-3.3096e-12 1.56196e-08 2.93835e-12)
(-6.1186e-09 -4.73161e-12 1.43732e-08)
(1.43899e-08 1.79944e-12 6.10317e-09)
(-2.69677e-12 1.56202e-08 1.94058e-12)
(-6.12108e-09 -3.40108e-12 1.4373e-08)
(1.43875e-08 1.62034e-12 6.10614e-09)
(-2.12705e-12 1.56208e-08 1.04305e-12)
(-6.12283e-09 -2.19547e-12 1.43731e-08)
(1.43855e-08 1.44349e-12 6.10856e-09)
(-1.60079e-12 1.56212e-08 2.46031e-13)
(-6.12394e-09 -1.11504e-12 1.43733e-08)
(1.43837e-08 1.27045e-12 6.11048e-09)
(-1.11876e-12 1.56217e-08 -4.50494e-13)
(-6.12446e-09 -1.60167e-13 1.43738e-08)
(1.43823e-08 1.10461e-12 6.11197e-09)
(-6.8258e-13 1.5622e-08 -1.0474e-12)
(-6.12447e-09 6.6868e-13 1.43743e-08)
(1.43811e-08 9.5284e-13 6.1131e-09)
(-2.9564e-13 1.56223e-08 -1.54765e-12)
(-6.12403e-09 1.37093e-12 1.4375e-08)
(1.43801e-08 8.28281e-13 6.11393e-09)
(3.54333e-14 1.56226e-08 -1.95858e-12)
(-6.12322e-09 1.94609e-12 1.43759e-08)
(1.43793e-08 7.55204e-13 6.11449e-09)
(2.99193e-13 1.56228e-08 -2.29605e-12)
(-6.12211e-09 2.39416e-12 1.43767e-08)
(1.43787e-08 7.76218e-13 6.11487e-09)
(4.7575e-13 1.5623e-08 -2.59057e-12)
(-6.12077e-09 2.71671e-12 1.43776e-08)
(1.43783e-08 9.18133e-13 6.11515e-09)
(5.33948e-13 1.56232e-08 -2.88247e-12)
(-6.11926e-09 2.91233e-12 1.43785e-08)
(5.24658e-13 1.56236e-08 -3.16759e-12)
(-6.11754e-09 2.97393e-12 1.43789e-08)
(1.59368e-08 -5.24827e-11 2.00826e-10)
(2.21894e-10 1.54315e-08 5.51901e-11)
(-2.55159e-10 -4.73439e-11 1.53322e-08)
(1.59843e-08 -4.74897e-11 4.28986e-10)
(1.04041e-10 1.54359e-08 1.34936e-10)
(-4.71627e-10 -1.23977e-10 1.53829e-08)
(1.5967e-08 -3.2443e-11 6.55575e-10)
(4.34782e-11 1.54253e-08 1.7174e-10)
(-6.70482e-10 -1.70843e-10 1.53887e-08)
(1.59427e-08 -1.88344e-11 8.74047e-10)
(1.14597e-11 1.54244e-08 1.87042e-10)
(-8.87675e-10 -1.97288e-10 1.53972e-08)
(1.59177e-08 -8.27581e-12 1.08717e-09)
(-7.84853e-12 1.54233e-08 1.91043e-10)
(-1.10598e-09 -2.12094e-10 1.53963e-08)
(1.5892e-08 -4.78121e-13 1.29557e-09)
(-1.97594e-11 1.5424e-08 1.8931e-10)
(-1.31728e-09 -2.19676e-10 1.53879e-08)
(1.58652e-08 4.98073e-12 1.49876e-09)
(-2.70676e-11 1.54273e-08 1.84971e-10)
(-1.52066e-09 -2.22478e-10 1.5375e-08)
(1.58368e-08 8.59877e-12 1.69636e-09)
(-3.1544e-11 1.54322e-08 1.79615e-10)
(-1.71663e-09 -2.22111e-10 1.53591e-08)
(1.58069e-08 1.08562e-11 1.8882e-09)
(-3.42873e-11 1.5438e-08 1.73993e-10)
(-1.90583e-09 -2.19685e-10 1.53407e-08)
(1.57754e-08 1.21537e-11 2.07424e-09)
(-3.59942e-11 1.54441e-08 1.68431e-10)
(-2.08879e-09 -2.15947e-10 1.53207e-08)
(1.57425e-08 1.28016e-11 2.25451e-09)
(-3.70944e-11 1.54503e-08 1.63044e-10)
(-2.26592e-09 -2.11392e-10 1.52992e-08)
(1.57084e-08 1.3027e-11 2.42907e-09)
(-3.78398e-11 1.54564e-08 1.57851e-10)
(-2.43751e-09 -2.06341e-10 1.52765e-08)
(1.56733e-08 1.29886e-11 2.59802e-09)
(-3.837e-11 1.54624e-08 1.52833e-10)
(-2.60377e-09 -2.01001e-10 1.52529e-08)
(1.56373e-08 1.27931e-11 2.76147e-09)
(-3.87579e-11 1.54682e-08 1.47962e-10)
(-2.76485e-09 -1.95503e-10 1.52284e-08)
(1.56006e-08 1.25095e-11 2.91953e-09)
(-3.90386e-11 1.54739e-08 1.43214e-10)
(-2.92086e-09 -1.89932e-10 1.52032e-08)
(1.55633e-08 1.21808e-11 3.07229e-09)
(-3.9227e-11 1.54793e-08 1.38568e-10)
(-3.07191e-09 -1.84341e-10 1.51774e-08)
(1.55257e-08 1.18328e-11 3.21988e-09)
(-3.93284e-11 1.54847e-08 1.34011e-10)
(-3.21806e-09 -1.78765e-10 1.5151e-08)
(1.54878e-08 1.14802e-11 3.36238e-09)
(-3.93444e-11 1.54898e-08 1.29535e-10)
(-3.35941e-09 -1.73226e-10 1.51243e-08)
(1.54497e-08 1.11308e-11 3.4999e-09)
(-3.92758e-11 1.54949e-08 1.25136e-10)
(-3.49603e-09 -1.6774e-10 1.50972e-08)
(1.54116e-08 1.07884e-11 3.63254e-09)
(-3.91238e-11 1.54998e-08 1.20813e-10)
(-3.628e-09 -1.62315e-10 1.507e-08)
(1.53735e-08 1.04545e-11 3.7604e-09)
(-3.88903e-11 1.55045e-08 1.16564e-10)
(-3.7554e-09 -1.5696e-10 1.50427e-08)
(1.53356e-08 1.01294e-11 3.88358e-09)
(-3.85785e-11 1.55092e-08 1.1239e-10)
(-3.87831e-09 -1.51679e-10 1.50154e-08)
(1.5298e-08 9.81288e-12 4.00218e-09)
(-3.81921e-11 1.55137e-08 1.08292e-10)
(-3.99682e-09 -1.46475e-10 1.49881e-08)
(1.52607e-08 9.50456e-12 4.1163e-09)
(-3.77355e-11 1.55181e-08 1.04272e-10)
(-4.11101e-09 -1.41352e-10 1.4961e-08)
(1.52238e-08 9.20392e-12 4.22603e-09)
(-3.72133e-11 1.55224e-08 1.00329e-10)
(-4.22096e-09 -1.36311e-10 1.49341e-08)
(1.51874e-08 8.91055e-12 4.33148e-09)
(-3.66303e-11 1.55266e-08 9.64651e-11)
(-4.32676e-09 -1.31353e-10 1.49076e-08)
(1.51515e-08 8.6241e-12 4.43275e-09)
(-3.59914e-11 1.55306e-08 9.26803e-11)
(-4.4285e-09 -1.26481e-10 1.48814e-08)
(1.51162e-08 8.3443e-12 4.52993e-09)
(-3.53015e-11 1.55346e-08 8.89752e-11)
(-4.52626e-09 -1.21695e-10 1.48556e-08)
(1.50816e-08 8.07094e-12 4.62312e-09)
(-3.45654e-11 1.55384e-08 8.53499e-11)
(-4.62013e-09 -1.16997e-10 1.48303e-08)
(1.50477e-08 7.80387e-12 4.71241e-09)
(-3.37875e-11 1.55421e-08 8.18047e-11)
(-4.7102e-09 -1.12386e-10 1.48055e-08)
(1.50145e-08 7.54296e-12 4.79792e-09)
(-3.29724e-11 1.55457e-08 7.83395e-11)
(-4.79655e-09 -1.07864e-10 1.47813e-08)
(1.49821e-08 7.28811e-12 4.87972e-09)
(-3.21243e-11 1.55493e-08 7.49541e-11)
(-4.87927e-09 -1.03431e-10 1.47576e-08)
(1.49505e-08 7.03922e-12 4.95793e-09)
(-3.12474e-11 1.55527e-08 7.16485e-11)
(-4.95844e-09 -9.90883e-11 1.47347e-08)
(1.49198e-08 6.7962e-12 5.03262e-09)
(-3.03455e-11 1.5556e-08 6.84223e-11)
(-5.03415e-09 -9.48355e-11 1.47123e-08)
(1.48899e-08 6.55898e-12 5.1039e-09)
(-2.94223e-11 1.55592e-08 6.52752e-11)
(-5.10648e-09 -9.06734e-11 1.46907e-08)
(1.48609e-08 6.32745e-12 5.17185e-09)
(-2.84814e-11 1.55623e-08 6.22069e-11)
(-5.17551e-09 -8.66021e-11 1.46698e-08)
(1.48328e-08 6.10153e-12 5.23658e-09)
(-2.75262e-11 1.55653e-08 5.92168e-11)
(-5.24134e-09 -8.26222e-11 1.46496e-08)
(1.48057e-08 5.88112e-12 5.29816e-09)
(-2.65598e-11 1.55682e-08 5.63046e-11)
(-5.30404e-09 -7.87337e-11 1.46302e-08)
(1.47795e-08 5.66613e-12 5.3567e-09)
(-2.55854e-11 1.55711e-08 5.34697e-11)
(-5.36369e-09 -7.49369e-11 1.46115e-08)
(1.47542e-08 5.45644e-12 5.41227e-09)
(-2.46057e-11 1.55738e-08 5.07117e-11)
(-5.42038e-09 -7.1232e-11 1.45936e-08)
(1.47299e-08 5.25195e-12 5.46497e-09)
(-2.36236e-11 1.55764e-08 4.803e-11)
(-5.47418e-09 -6.76191e-11 1.45765e-08)
(1.47065e-08 5.05254e-12 5.51488e-09)
(-2.26415e-11 1.5579e-08 4.5424e-11)
(-5.52519e-09 -6.40983e-11 1.45602e-08)
(1.46841e-08 4.85811e-12 5.56209e-09)
(-2.1662e-11 1.55815e-08 4.28933e-11)
(-5.57346e-09 -6.06697e-11 1.45446e-08)
(1.46626e-08 4.66852e-12 5.60668e-09)
(-2.06873e-11 1.55839e-08 4.04372e-11)
(-5.61909e-09 -5.73333e-11 1.45298e-08)
(1.46421e-08 4.48365e-12 5.64874e-09)
(-1.97195e-11 1.55862e-08 3.80553e-11)
(-5.66215e-09 -5.40893e-11 1.45158e-08)
(1.46225e-08 4.30339e-12 5.68835e-09)
(-1.87607e-11 1.55884e-08 3.57469e-11)
(-5.70272e-09 -5.09375e-11 1.45026e-08)
(1.46039e-08 4.12761e-12 5.72558e-09)
(-1.78128e-11 1.55905e-08 3.35116e-11)
(-5.74088e-09 -4.7878e-11 1.44901e-08)
(1.45861e-08 3.95617e-12 5.76053e-09)
(-1.68775e-11 1.55926e-08 3.13487e-11)
(-5.7767e-09 -4.49108e-11 1.44784e-08)
(1.45693e-08 3.78895e-12 5.79327e-09)
(-1.59566e-11 1.55945e-08 2.92579e-11)
(-5.81025e-09 -4.20359e-11 1.44674e-08)
(1.45534e-08 3.62582e-12 5.82388e-09)
(-1.50514e-11 1.55964e-08 2.72387e-11)
(-5.84162e-09 -3.9253e-11 1.44571e-08)
(1.45383e-08 3.46664e-12 5.85244e-09)
(-1.41635e-11 1.55983e-08 2.52904e-11)
(-5.87087e-09 -3.65623e-11 1.44476e-08)
(1.45241e-08 3.31129e-12 5.87902e-09)
(-1.32941e-11 1.56e-08 2.34127e-11)
(-5.89809e-09 -3.39635e-11 1.44388e-08)
(1.45107e-08 3.15963e-12 5.9037e-09)
(-1.24446e-11 1.56017e-08 2.16051e-11)
(-5.92333e-09 -3.14567e-11 1.44306e-08)
(1.44981e-08 3.01153e-12 5.92656e-09)
(-1.16159e-11 1.56033e-08 1.98672e-11)
(-5.94668e-09 -2.90417e-11 1.44231e-08)
(1.44864e-08 2.86686e-12 5.94768e-09)
(-1.08092e-11 1.56048e-08 1.81986e-11)
(-5.96821e-09 -2.67183e-11 1.44162e-08)
(1.44754e-08 2.72548e-12 5.96712e-09)
(-1.00253e-11 1.56063e-08 1.65989e-11)
(-5.98798e-09 -2.44866e-11 1.44099e-08)
(1.44652e-08 2.58725e-12 5.98496e-09)
(-9.26514e-12 1.56077e-08 1.50678e-11)
(-6.00608e-09 -2.23462e-11 1.44043e-08)
(1.44557e-08 2.45205e-12 6.00128e-09)
(-8.52946e-12 1.56091e-08 1.36048e-11)
(-6.02257e-09 -2.02972e-11 1.43992e-08)
(1.44469e-08 2.31974e-12 6.01614e-09)
(-7.81896e-12 1.56103e-08 1.22098e-11)
(-6.03752e-09 -1.83394e-11 1.43947e-08)
(1.44388e-08 2.19019e-12 6.02962e-09)
(-7.13424e-12 1.56115e-08 1.08823e-11)
(-6.05099e-09 -1.64726e-11 1.43906e-08)
(1.44314e-08 2.06327e-12 6.04179e-09)
(-6.47585e-12 1.56127e-08 9.62211e-12)
(-6.06307e-09 -1.46968e-11 1.43871e-08)
(1.44245e-08 1.93884e-12 6.05272e-09)
(-5.84428e-12 1.56137e-08 8.429e-12)
(-6.07382e-09 -1.30117e-11 1.43841e-08)
(1.44183e-08 1.81676e-12 6.06248e-09)
(-5.23992e-12 1.56148e-08 7.30272e-12)
(-6.08331e-09 -1.14173e-11 1.43815e-08)
(1.44127e-08 1.69691e-12 6.07115e-09)
(-4.66311e-12 1.56157e-08 6.24309e-12)
(-6.09161e-09 -9.91329e-12 1.43793e-08)
(1.44076e-08 1.57917e-12 6.07878e-09)
(-4.11414e-12 1.56166e-08 5.24995e-12)
(-6.09878e-09 -8.49969e-12 1.43776e-08)
(1.44031e-08 1.46342e-12 6.08545e-09)
(-3.59324e-12 1.56174e-08 4.3232e-12)
(-6.10489e-09 -7.17632e-12 1.43761e-08)
(1.4399e-08 1.34961e-12 6.09123e-09)
(-3.10057e-12 1.56182e-08 3.46278e-12)
(-6.11002e-09 -5.94306e-12 1.43751e-08)
(1.43954e-08 1.23771e-12 6.09619e-09)
(-2.63628e-12 1.56189e-08 2.66873e-12)
(-6.11423e-09 -4.7998e-12 1.43743e-08)
(1.43922e-08 1.12782e-12 6.10039e-09)
(-2.20046e-12 1.56196e-08 1.94114e-12)
(-6.11758e-09 -3.74642e-12 1.43738e-08)
(1.43895e-08 1.02019e-12 6.1039e-09)
(-1.7932e-12 1.56202e-08 1.28023e-12)
(-6.12015e-09 -2.78283e-12 1.43736e-08)
(1.43871e-08 9.15371e-13 6.10679e-09)
(-1.41464e-12 1.56207e-08 6.86242e-13)
(-6.122e-09 -1.90893e-12 1.43736e-08)
(1.43851e-08 8.14348e-13 6.10913e-09)
(-1.06509e-12 1.56212e-08 1.59401e-13)
(-6.1232e-09 -1.12466e-12 1.43738e-08)
(1.43834e-08 7.18771e-13 6.11098e-09)
(-7.45157e-13 1.56216e-08 -3.00338e-13)
(-6.12381e-09 -4.29999e-13 1.43742e-08)
(1.4382e-08 6.31242e-13 6.11241e-09)
(-4.56105e-13 1.5622e-08 -6.93756e-13)
(-6.12392e-09 1.74917e-13 1.43747e-08)
(1.43809e-08 5.55582e-13 6.11348e-09)
(-2.00319e-13 1.56223e-08 -1.02324e-12)
(-6.12357e-09 6.89697e-13 1.43754e-08)
(1.43799e-08 4.96943e-13 6.11425e-09)
(1.80555e-14 1.56226e-08 -1.29422e-12)
(-6.12285e-09 1.11348e-12 1.43761e-08)
(1.43792e-08 4.60985e-13 6.11479e-09)
(1.9282e-13 1.56228e-08 -1.51711e-12)
(-6.12183e-09 1.44446e-12 1.43769e-08)
(1.43787e-08 4.51072e-13 6.11517e-09)
(3.15363e-13 1.5623e-08 -1.70925e-12)
(-6.12057e-09 1.67913e-12 1.43777e-08)
(1.43784e-08 4.70548e-13 6.11546e-09)
(3.81784e-13 1.56232e-08 -1.89011e-12)
(-6.11913e-09 1.81085e-12 1.43784e-08)
(4.49427e-13 1.56235e-08 -2.05724e-12)
(-6.11754e-09 1.81793e-12 1.43788e-08)
(1.59142e-08 -1.66743e-11 1.84406e-10)
(1.01707e-10 1.54592e-08 2.51412e-11)
(-3.27407e-10 -2.34257e-11 1.53434e-08)
(1.598e-08 -2.22234e-11 4.12903e-10)
(5.44464e-11 1.54629e-08 6.33239e-11)
(-5.1899e-10 -6.33396e-11 1.53331e-08)
(1.59749e-08 -1.86659e-11 6.43886e-10)
(2.51782e-11 1.54393e-08 8.32341e-11)
(-6.97782e-10 -9.09336e-11 1.53517e-08)
(1.59531e-08 -1.27041e-11 8.6661e-10)
(8.04048e-12 1.54298e-08 9.23159e-11)
(-9.03791e-10 -1.08651e-10 1.53771e-08)
(1.59272e-08 -7.21212e-12 1.08314e-09)
(-2.67724e-12 1.54245e-08 9.51668e-11)
(-1.11532e-09 -1.19924e-10 1.53857e-08)
(1.58998e-08 -2.76212e-12 1.2941e-09)
(-9.31654e-12 1.54233e-08 9.46993e-11)
(-1.32197e-09 -1.26805e-10 1.53825e-08)
(1.58713e-08 6.03964e-13 1.4991e-09)
(-1.33376e-11 1.54258e-08 9.26751e-11)
(-1.52212e-09 -1.30467e-10 1.53728e-08)
(1.58415e-08 3.00572e-12 1.6979e-09)
(-1.57529e-11 1.54305e-08 9.00217e-11)
(-1.71591e-09 -1.31782e-10 1.53587e-08)
(1.58104e-08 4.62629e-12 1.8905e-09)
(-1.72011e-11 1.54364e-08 8.71856e-11)
(-1.90367e-09 -1.31444e-10 1.53416e-08)
(1.5778e-08 5.65264e-12 2.07699e-09)
(-1.80794e-11 1.54426e-08 8.43638e-11)
(-2.08571e-09 -1.29977e-10 1.53222e-08)
(1.57445e-08 6.24879e-12 2.25751e-09)
(-1.86293e-11 1.5449e-08 8.16295e-11)
(-2.26227e-09 -1.27761e-10 1.53011e-08)
(1.57099e-08 6.54673e-12 2.4322e-09)
(-1.89914e-11 1.54553e-08 7.89981e-11)
(-2.43351e-09 -1.25059e-10 1.52787e-08)
(1.56744e-08 6.64623e-12 2.6012e-09)
(-1.92429e-11 1.54614e-08 7.64617e-11)
(-2.59957e-09 -1.22052e-10 1.52551e-08)
(1.56381e-08 6.61904e-12 2.76466e-09)
(-1.94239e-11 1.54674e-08 7.40058e-11)
(-2.76055e-09 -1.18861e-10 1.52307e-08)
(1.56012e-08 6.51469e-12 2.92269e-09)
(-1.95533e-11 1.54731e-08 7.16161e-11)
(-2.91653e-09 -1.15567e-10 1.52054e-08)
(1.55638e-08 6.36606e-12 3.07542e-09)
(-1.96387e-11 1.54786e-08 6.92817e-11)
(-3.06757e-09 -1.12222e-10 1.51796e-08)
(1.5526e-08 6.19418e-12 3.22295e-09)
(-1.96827e-11 1.5484e-08 6.69948e-11)
(-3.21376e-09 -1.08861e-10 1.51532e-08)
(1.5488e-08 6.01194e-12 3.3654e-09)
(-1.96857e-11 1.54892e-08 6.47504e-11)
(-3.35515e-09 -1.05509e-10 1.51264e-08)
(1.54498e-08 5.82694e-12 3.50286e-09)
(-1.96475e-11 1.54943e-08 6.25458e-11)
(-3.49182e-09 -1.02178e-10 1.50994e-08)
(1.54116e-08 5.64334e-12 3.63544e-09)
(-1.95685e-11 1.54992e-08 6.03797e-11)
(-3.62386e-09 -9.88804e-11 1.50721e-08)
(1.53735e-08 5.46328e-12 3.76324e-09)
(-1.94493e-11 1.5504e-08 5.82517e-11)
(-3.75133e-09 -9.56216e-11 1.50447e-08)
(1.53355e-08 5.28767e-12 3.88636e-09)
(-1.92914e-11 1.55087e-08 5.61618e-11)
(-3.87431e-09 -9.24062e-11 1.50174e-08)
(1.52978e-08 5.1168e-12 4.0049e-09)
(-1.90964e-11 1.55133e-08 5.41104e-11)
(-3.99289e-09 -8.92372e-11 1.49901e-08)
(1.52605e-08 4.95059e-12 4.11895e-09)
(-1.88665e-11 1.55177e-08 5.20978e-11)
(-4.10715e-09 -8.61169e-11 1.4963e-08)
(1.52235e-08 4.78887e-12 4.22862e-09)
(-1.8604e-11 1.5522e-08 5.01244e-11)
(-4.21718e-09 -8.30467e-11 1.49361e-08)
(1.5187e-08 4.63141e-12 4.33401e-09)
(-1.83111e-11 1.55262e-08 4.81907e-11)
(-4.32305e-09 -8.00278e-11 1.49094e-08)
(1.51511e-08 4.47799e-12 4.43522e-09)
(-1.79904e-11 1.55303e-08 4.62968e-11)
(-4.42487e-09 -7.70611e-11 1.48832e-08)
(1.51158e-08 4.32841e-12 4.53233e-09)
(-1.76443e-11 1.55342e-08 4.4443e-11)
(-4.5227e-09 -7.41473e-11 1.48574e-08)
(1.50811e-08 4.18254e-12 4.62546e-09)
(-1.72751e-11 1.55381e-08 4.26293e-11)
(-4.61665e-09 -7.12869e-11 1.4832e-08)
(1.50472e-08 4.04025e-12 4.7147e-09)
(-1.68851e-11 1.55418e-08 4.08559e-11)
(-4.70679e-09 -6.84805e-11 1.48072e-08)
(1.50139e-08 3.90144e-12 4.80014e-09)
(-1.64766e-11 1.55455e-08 3.91227e-11)
(-4.79321e-09 -6.57283e-11 1.4783e-08)
(1.49815e-08 3.76603e-12 4.88189e-09)
(-1.60517e-11 1.5549e-08 3.74297e-11)
(-4.876e-09 -6.30307e-11 1.47593e-08)
(1.49499e-08 3.63397e-12 4.96003e-09)
(-1.56125e-11 1.55524e-08 3.57767e-11)
(-4.95525e-09 -6.03881e-11 1.47363e-08)
(1.49191e-08 3.50518e-12 5.03466e-09)
(-1.51608e-11 1.55558e-08 3.41636e-11)
(-5.03103e-09 -5.78006e-11 1.47139e-08)
(1.48892e-08 3.37962e-12 5.10588e-09)
(-1.46987e-11 1.5559e-08 3.25903e-11)
(-5.10343e-09 -5.52685e-11 1.46923e-08)
(1.48603e-08 3.25722e-12 5.17378e-09)
(-1.42277e-11 1.55621e-08 3.10564e-11)
(-5.17254e-09 -5.2792e-11 1.46713e-08)
(1.48322e-08 3.13793e-12 5.23845e-09)
(-1.37497e-11 1.55651e-08 2.95619e-11)
(-5.23844e-09 -5.03712e-11 1.46511e-08)
(1.4805e-08 3.02169e-12 5.29998e-09)
(-1.32662e-11 1.55681e-08 2.81064e-11)
(-5.30121e-09 -4.80062e-11 1.46316e-08)
(1.47788e-08 2.90846e-12 5.35846e-09)
(-1.27787e-11 1.55709e-08 2.66898e-11)
(-5.36094e-09 -4.56972e-11 1.46129e-08)
(1.47535e-08 2.79815e-12 5.41398e-09)
(-1.22887e-11 1.55737e-08 2.53116e-11)
(-5.4177e-09 -4.34443e-11 1.4595e-08)
(1.47292e-08 2.69073e-12 5.46663e-09)
(-1.17976e-11 1.55763e-08 2.39717e-11)
(-5.47158e-09 -4.12475e-11 1.45778e-08)
(1.47058e-08 2.58611e-12 5.51649e-09)
(-1.13065e-11 1.55789e-08 2.26699e-11)
(-5.52265e-09 -3.91068e-11 1.45615e-08)
(1.46834e-08 2.48423e-12 5.56365e-09)
(-1.08168e-11 1.55814e-08 2.14057e-11)
(-5.57099e-09 -3.70223e-11 1.45459e-08)
(1.4662e-08 2.38503e-12 5.60819e-09)
(-1.03296e-11 1.55837e-08 2.01789e-11)
(-5.6167e-09 -3.4994e-11 1.45311e-08)
(1.46414e-08 2.28844e-12 5.6502e-09)
(-9.84588e-12 1.55861e-08 1.89893e-11)
(-5.65983e-09 -3.3022e-11 1.4517e-08)
(1.46219e-08 2.19439e-12 5.68976e-09)
(-9.36672e-12 1.55883e-08 1.78365e-11)
(-5.70047e-09 -3.11062e-11 1.45037e-08)
(1.46032e-08 2.10281e-12 5.72694e-09)
(-8.89306e-12 1.55904e-08 1.67203e-11)
(-5.7387e-09 -2.92465e-11 1.44912e-08)
(1.45855e-08 2.01362e-12 5.76184e-09)
(-8.42576e-12 1.55925e-08 1.56404e-11)
(-5.77458e-09 -2.7443e-11 1.44795e-08)
(1.45687e-08 1.92675e-12 5.79454e-09)
(-7.96565e-12 1.55945e-08 1.45965e-11)
(-5.80821e-09 -2.56957e-11 1.44685e-08)
(1.45527e-08 1.84213e-12 5.8251e-09)
(-7.51349e-12 1.55964e-08 1.35884e-11)
(-5.83964e-09 -2.40044e-11 1.44582e-08)
(1.45377e-08 1.75969e-12 5.85361e-09)
(-7.06999e-12 1.55982e-08 1.26159e-11)
(-5.86897e-09 -2.23691e-11 1.44486e-08)
(1.45235e-08 1.67935e-12 5.88015e-09)
(-6.6358e-12 1.56e-08 1.16787e-11)
(-5.89625e-09 -2.07898e-11 1.44397e-08)
(1.45101e-08 1.60104e-12 5.90479e-09)
(-6.21153e-12 1.56016e-08 1.07765e-11)
(-5.92156e-09 -1.92663e-11 1.44315e-08)
(1.44976e-08 1.52469e-12 5.92761e-09)
(-5.79774e-12 1.56033e-08 9.90918e-12)
(-5.94498e-09 -1.77987e-11 1.4424e-08)
(1.44858e-08 1.45022e-12 5.94868e-09)
(-5.39493e-12 1.56048e-08 9.0765e-12)
(-5.96658e-09 -1.63868e-11 1.44171e-08)
(1.44749e-08 1.37755e-12 5.96807e-09)
(-5.00356e-12 1.56063e-08 8.27827e-12)
(-5.98642e-09 -1.50305e-11 1.44108e-08)
(1.44647e-08 1.30661e-12 5.98587e-09)
(-4.62407e-12 1.56077e-08 7.5143e-12)
(-6.00458e-09 -1.37298e-11 1.44051e-08)
(1.44552e-08 1.23733e-12 6.00215e-09)
(-4.25682e-12 1.5609e-08 6.78441e-12)
(-6.02114e-09 -1.24845e-11 1.44e-08)
(1.44464e-08 1.16963e-12 6.01697e-09)
(-3.90217e-12 1.56103e-08 6.08844e-12)
(-6.03615e-09 -1.12946e-11 1.43954e-08)
(1.44383e-08 1.10345e-12 6.03041e-09)
(-3.56041e-12 1.56115e-08 5.42624e-12)
(-6.0497e-09 -1.016e-11 1.43914e-08)
(1.44309e-08 1.0387e-12 6.04254e-09)
(-3.23181e-12 1.56126e-08 4.79766e-12)
(-6.06185e-09 -9.0806e-12 1.43878e-08)
(1.44241e-08 9.75309e-13 6.05342e-09)
(-2.91662e-12 1.56137e-08 4.20257e-12)
(-6.07266e-09 -8.05625e-12 1.43847e-08)
(1.44179e-08 9.13214e-13 6.06314e-09)
(-2.61503e-12 1.56147e-08 3.64087e-12)
(-6.08222e-09 -7.0869e-12 1.43821e-08)
(1.44123e-08 8.52351e-13 6.07177e-09)
(-2.3272e-12 1.56157e-08 3.11245e-12)
(-6.09058e-09 -6.17245e-12 1.43799e-08)
(1.44073e-08 7.92668e-13 6.07936e-09)
(-2.05327e-12 1.56166e-08 2.61724e-12)
(-6.09782e-09 -5.31278e-12 1.43781e-08)
(1.44027e-08 7.34135e-13 6.08599e-09)
(-1.79336e-12 1.56174e-08 2.1552e-12)
(-6.104e-09 -4.50781e-12 1.43767e-08)
(1.43987e-08 6.76749e-13 6.09173e-09)
(-1.54756e-12 1.56182e-08 1.72629e-12)
(-6.10919e-09 -3.75743e-12 1.43756e-08)
(1.43951e-08 6.20563e-13 6.09664e-09)
(-1.31591e-12 1.56189e-08 1.33056e-12)
(-6.11346e-09 -3.06154e-12 1.43748e-08)
(1.4392e-08 5.65713e-13 6.10081e-09)
(-1.09848e-12 1.56195e-08 9.68066e-13)
(-6.11688e-09 -2.42003e-12 1.43743e-08)
(1.43892e-08 5.12466e-13 6.10428e-09)
(-8.95315e-13 1.56201e-08 6.38927e-13)
(-6.11952e-09 -1.83276e-12 1.4374e-08)
(1.43869e-08 4.61272e-13 6.10713e-09)
(-7.06499e-13 1.56207e-08 3.43283e-13)
(-6.12143e-09 -1.29961e-12 1.4374e-08)
(1.43849e-08 4.12834e-13 6.10944e-09)
(-5.32207e-13 1.56212e-08 8.12459e-14)
(-6.1227e-09 -8.20459e-13 1.43742e-08)
(1.43832e-08 3.68162e-13 6.11125e-09)
(-3.72791e-13 1.56216e-08 -1.47238e-13)
(-6.12338e-09 -3.95262e-13 1.43745e-08)
(1.43818e-08 3.28586e-13 6.11265e-09)
(-2.28922e-13 1.5622e-08 -3.42638e-13)
(-6.12355e-09 -2.41488e-14 1.4375e-08)
(1.43807e-08 2.95642e-13 6.1137e-09)
(-1.0179e-13 1.56223e-08 -5.06276e-13)
(-6.12327e-09 2.92429e-13 1.43756e-08)
(1.43798e-08 2.70717e-13 6.11445e-09)
(6.73107e-15 1.56225e-08 -6.40958e-13)
(-6.12261e-09 5.53471e-13 1.43763e-08)
(1.43791e-08 2.54081e-13 6.11498e-09)
(9.4133e-14 1.56227e-08 -7.51737e-13)
(-6.12165e-09 7.57086e-13 1.43771e-08)
(1.43786e-08 2.44262e-13 6.11535e-09)
(1.57229e-13 1.56229e-08 -8.4646e-13)
(-6.12046e-09 9.00218e-13 1.43778e-08)
(1.43783e-08 2.43733e-13 6.11565e-09)
(1.96877e-13 1.56232e-08 -9.3315e-13)
(-6.1191e-09 9.77814e-13 1.43785e-08)
(2.39841e-13 1.56234e-08 -1.01231e-12)
(-6.11764e-09 9.73928e-13 1.4379e-08)
(1.59107e-08 -4.10681e-12 1.79987e-10)
(2.07905e-20 1.54669e-08 -3.88426e-20)
(-3.58749e-10 -7.33971e-12 1.5344e-08)
(1.59811e-08 -6.01875e-12 4.06678e-10)
(1.32334e-19 1.5472e-08 -6.48281e-20)
(-5.41495e-10 -1.99353e-11 1.53167e-08)
(1.59783e-08 -5.49042e-12 6.38287e-10)
(1.67368e-19 1.5445e-08 -1.39992e-20)
(-7.11991e-10 -2.88471e-11 1.53351e-08)
(1.59572e-08 -4.08095e-12 8.62415e-10)
(1.91939e-19 1.54326e-08 6.58878e-20)
(-9.12809e-10 -3.48141e-11 1.53653e-08)
(1.59312e-08 -2.57022e-12 1.0804e-09)
(2.1847e-19 1.54257e-08 1.5468e-19)
(-1.12106e-09 -3.88104e-11 1.53785e-08)
(1.59033e-08 -1.22444e-12 1.29262e-09)
(2.54345e-19 1.54235e-08 2.59937e-19)
(-1.3253e-09 -4.14071e-11 1.53782e-08)
(1.58741e-08 -1.41659e-13 1.49859e-09)
(3.13956e-19 1.54256e-08 3.76242e-19)
(-1.52365e-09 -4.29222e-11 1.53704e-08)
(1.58437e-08 6.66946e-13 1.69808e-09)
(3.41622e-19 1.54302e-08 5.0282e-19)
(-1.71614e-09 -4.36087e-11 1.53575e-08)
(1.58121e-08 1.23461e-12 1.89115e-09)
(2.87064e-19 1.5436e-08 6.23625e-19)
(-1.90299e-09 -4.36873e-11 1.53411e-08)
(1.57793e-08 1.60913e-12 2.07794e-09)
(2.08508e-19 1.54423e-08 6.77414e-19)
(-2.08442e-09 -4.33372e-11 1.53222e-08)
(1.57454e-08 1.83817e-12 2.25864e-09)
(1.83151e-19 1.54487e-08 6.51837e-19)
(-2.26058e-09 -4.26944e-11 1.53014e-08)
(1.57106e-08 1.96295e-12 2.43343e-09)
(2.90865e-19 1.5455e-08 6.15394e-19)
(-2.43157e-09 -4.18571e-11 1.52792e-08)
(1.56749e-08 2.01623e-12 2.60248e-09)
(4.86121e-19 1.54612e-08 5.94509e-19)
(-2.59748e-09 -4.08945e-11 1.52557e-08)
(1.56385e-08 2.0225e-12 2.76596e-09)
(5.40468e-19 1.54672e-08 5.55968e-19)
(-2.75837e-09 -3.9854e-11 1.52313e-08)
(1.56015e-08 1.99922e-12 2.92399e-09)
(4.12261e-19 1.54729e-08 5.25144e-19)
(-2.9143e-09 -3.87677e-11 1.52061e-08)
(1.5564e-08 1.95833e-12 3.07671e-09)
(2.72357e-19 1.54785e-08 5.60026e-19)
(-3.06533e-09 -3.76571e-11 1.51803e-08)
(1.55262e-08 1.90767e-12 3.22422e-09)
(2.63881e-19 1.54839e-08 6.61368e-19)
(-3.21151e-09 -3.65367e-11 1.51539e-08)
(1.54881e-08 1.85222e-12 3.36665e-09)
(3.56266e-19 1.54891e-08 7.88535e-19)
(-3.35292e-09 -3.54157e-11 1.51271e-08)
(1.54499e-08 1.79497e-12 3.50409e-09)
(4.0474e-19 1.54942e-08 9.00807e-19)
(-3.48962e-09 -3.43004e-11 1.51001e-08)
(1.54116e-08 1.73766e-12 3.63665e-09)
(3.97018e-19 1.54992e-08 9.90474e-19)
(-3.62168e-09 -3.31947e-11 1.50728e-08)
(1.53735e-08 1.68121e-12 3.76442e-09)
(3.84072e-19 1.5504e-08 1.06628e-18)
(-3.74919e-09 -3.21016e-11 1.50454e-08)
(1.53355e-08 1.62607e-12 3.88751e-09)
(3.74211e-19 1.55086e-08 1.13146e-18)
(-3.8722e-09 -3.10226e-11 1.50181e-08)
(1.52977e-08 1.57242e-12 4.00602e-09)
(3.65711e-19 1.55132e-08 1.18978e-18)
(-3.99082e-09 -2.9959e-11 1.49908e-08)
(1.52603e-08 1.52026e-12 4.12005e-09)
(3.59752e-19 1.55176e-08 1.2487e-18)
(-4.10512e-09 -2.89117e-11 1.49636e-08)
(1.52234e-08 1.46958e-12 4.2297e-09)
(3.57492e-19 1.5522e-08 1.31387e-18)
(-4.21518e-09 -2.78812e-11 1.49367e-08)
(1.51869e-08 1.42028e-12 4.33506e-09)
(3.55656e-19 1.55262e-08 1.38474e-18)
(-4.3211e-09 -2.68679e-11 1.49101e-08)
(1.51509e-08 1.37231e-12 4.43623e-09)
(3.4987e-19 1.55302e-08 1.45705e-18)
(-4.42295e-09 -2.58722e-11 1.48839e-08)
(1.51156e-08 1.32561e-12 4.53332e-09)
(3.37108e-19 1.55342e-08 1.5269e-18)
(-4.52083e-09 -2.48942e-11 1.4858e-08)
(1.50809e-08 1.2801e-12 4.62643e-09)
(3.16879e-19 1.55381e-08 1.59373e-18)
(-4.61481e-09 -2.39343e-11 1.48327e-08)
(1.50469e-08 1.23576e-12 4.71564e-09)
(2.94045e-19 1.55418e-08 1.65955e-18)
(-4.70499e-09 -2.29924e-11 1.48079e-08)
(1.50137e-08 1.19255e-12 4.80106e-09)
(2.72647e-19 1.55455e-08 1.72376e-18)
(-4.79145e-09 -2.20689e-11 1.47836e-08)
(1.49813e-08 1.15043e-12 4.88278e-09)
(2.55153e-19 1.5549e-08 1.78132e-18)
(-4.87428e-09 -2.11637e-11 1.47599e-08)
(1.49496e-08 1.10938e-12 4.96089e-09)
(2.44804e-19 1.55524e-08 1.82959e-18)
(-4.95357e-09 -2.0277e-11 1.47369e-08)
(1.49189e-08 1.06938e-12 5.03551e-09)
(2.43774e-19 1.55558e-08 1.88129e-18)
(-5.02939e-09 -1.94089e-11 1.47145e-08)
(1.4889e-08 1.03041e-12 5.1067e-09)
(2.381e-19 1.5559e-08 1.94514e-18)
(-5.10183e-09 -1.85594e-11 1.46928e-08)
(1.486e-08 9.92461e-13 5.17458e-09)
(2.15567e-19 1.55621e-08 2.00702e-18)
(-5.17098e-09 -1.77285e-11 1.46719e-08)
(1.48319e-08 9.55501e-13 5.23922e-09)
(1.88109e-19 1.55651e-08 2.04965e-18)
(-5.23692e-09 -1.69164e-11 1.46517e-08)
(1.48047e-08 9.19516e-13 5.30073e-09)
(1.66746e-19 1.55681e-08 2.06318e-18)
(-5.29973e-09 -1.61231e-11 1.46322e-08)
(1.47785e-08 8.84486e-13 5.35919e-09)
(1.51059e-19 1.55709e-08 2.05046e-18)
(-5.35949e-09 -1.53485e-11 1.46135e-08)
(1.47532e-08 8.50393e-13 5.41469e-09)
(1.34938e-19 1.55737e-08 2.02922e-18)
(-5.41629e-09 -1.45928e-11 1.45955e-08)
(1.47289e-08 8.17216e-13 5.46731e-09)
(1.18623e-19 1.55763e-08 2.01816e-18)
(-5.4702e-09 -1.3856e-11 1.45784e-08)
(1.47055e-08 7.84935e-13 5.51715e-09)
(1.05344e-19 1.55789e-08 2.02161e-18)
(-5.52131e-09 -1.3138e-11 1.4562e-08)
(1.46831e-08 7.53527e-13 5.56429e-09)
(9.27778e-20 1.55814e-08 2.03862e-18)
(-5.5697e-09 -1.24388e-11 1.45464e-08)
(1.46617e-08 7.22972e-13 5.60881e-09)
(7.61338e-20 1.55837e-08 2.06551e-18)
(-5.61544e-09 -1.17586e-11 1.45316e-08)
(1.46411e-08 6.93247e-13 5.6508e-09)
(5.26017e-20 1.55861e-08 2.08789e-18)
(-5.65861e-09 -1.10972e-11 1.45175e-08)
(1.46216e-08 6.64331e-13 5.69033e-09)
(3.46104e-20 1.55883e-08 2.10431e-18)
(-5.69929e-09 -1.04547e-11 1.45042e-08)
(1.46029e-08 6.36199e-13 5.7275e-09)
(4.0637e-20 1.55904e-08 2.12881e-18)
(-5.73755e-09 -9.83106e-12 1.44917e-08)
(1.45852e-08 6.08829e-13 5.76238e-09)
(5.26843e-20 1.55925e-08 2.15491e-18)
(-5.77348e-09 -9.22626e-12 1.44799e-08)
(1.45684e-08 5.82199e-13 5.79506e-09)
(4.23691e-20 1.55945e-08 2.17563e-18)
(-5.80714e-09 -8.64029e-12 1.44689e-08)
(1.45525e-08 5.56284e-13 5.8256e-09)
(1.53129e-20 1.55964e-08 2.20968e-18)
(-5.83861e-09 -8.07314e-12 1.44586e-08)
(1.45374e-08 5.3106e-13 5.85409e-09)
(-1.277e-20 1.55982e-08 2.2639e-18)
(-5.86797e-09 -7.52477e-12 1.4449e-08)
(1.45232e-08 5.06505e-13 5.88061e-09)
(-2.40512e-20 1.56e-08 2.32152e-18)
(-5.89529e-09 -6.99518e-12 1.44401e-08)
(1.45099e-08 4.82595e-13 5.90523e-09)
(-3.10359e-20 1.56016e-08 2.35716e-18)
(-5.92064e-09 -6.48433e-12 1.44319e-08)
(1.44973e-08 4.59305e-13 5.92803e-09)
(-5.58378e-20 1.56033e-08 2.36507e-18)
(-5.94409e-09 -5.9922e-12 1.44244e-08)
(1.44856e-08 4.36613e-13 5.94908e-09)
(-9.00926e-20 1.56048e-08 2.36105e-18)
(-5.96573e-09 -5.51876e-12 1.44175e-08)
(1.44746e-08 4.14493e-13 5.96846e-09)
(-1.27951e-19 1.56063e-08 2.34655e-18)
(-5.98561e-09 -5.06397e-12 1.44112e-08)
(1.44644e-08 3.92923e-13 5.98625e-09)
(-1.64368e-19 1.56077e-08 2.31395e-18)
(-6.00381e-09 -4.62782e-12 1.44055e-08)
(1.4455e-08 3.71879e-13 6.0025e-09)
(-1.96146e-19 1.5609e-08 2.26128e-18)
(-6.0204e-09 -4.21025e-12 1.44003e-08)
(1.44462e-08 3.51337e-13 6.01731e-09)
(-2.24593e-19 1.56103e-08 2.19706e-18)
(-6.03545e-09 -3.81125e-12 1.43957e-08)
(1.44382e-08 3.31274e-13 6.03073e-09)
(-2.49022e-19 1.56115e-08 2.1412e-18)
(-6.04903e-09 -3.43077e-12 1.43917e-08)
(1.44307e-08 3.11666e-13 6.04284e-09)
(-2.60487e-19 1.56126e-08 2.1273e-18)
(-6.06121e-09 -3.06879e-12 1.43881e-08)
(1.44239e-08 2.92492e-13 6.05371e-09)
(-2.72081e-19 1.56137e-08 2.17726e-18)
(-6.07206e-09 -2.72527e-12 1.4385e-08)
(1.44178e-08 2.73728e-13 6.06341e-09)
(-3.49372e-19 1.56147e-08 2.24407e-18)
(-6.08165e-09 -2.40018e-12 1.43824e-08)
(1.44122e-08 2.55358e-13 6.07202e-09)
(-5.07769e-19 1.56157e-08 2.24905e-18)
(-6.09005e-09 -2.09347e-12 1.43802e-08)
(1.44071e-08 2.3737e-13 6.07959e-09)
(-6.30569e-19 1.56166e-08 2.20683e-18)
(-6.09732e-09 -1.80512e-12 1.43784e-08)
(1.44026e-08 2.19758e-13 6.08621e-09)
(-6.19024e-19 1.56174e-08 2.20992e-18)
(-6.10354e-09 -1.53508e-12 1.43769e-08)
(1.43985e-08 2.02527e-13 6.09193e-09)
(-5.33207e-19 1.56182e-08 2.27582e-18)
(-6.10877e-09 -1.28332e-12 1.43758e-08)
(1.4395e-08 1.85707e-13 6.09683e-09)
(-4.67822e-19 1.56189e-08 2.34411e-18)
(-6.11307e-09 -1.0498e-12 1.4375e-08)
(1.43918e-08 1.69356e-13 6.10098e-09)
(-4.26333e-19 1.56195e-08 2.38332e-18)
(-6.11653e-09 -8.3447e-13 1.43745e-08)
(1.43891e-08 1.53578e-13 6.10444e-09)
(-3.85804e-19 1.56201e-08 2.39639e-18)
(-6.1192e-09 -6.3727e-13 1.43742e-08)
(1.43868e-08 1.38539e-13 6.10727e-09)
(-3.5697e-19 1.56207e-08 2.39193e-18)
(-6.12114e-09 -4.58147e-13 1.43742e-08)
(1.43848e-08 1.24479e-13 6.10956e-09)
(-3.36682e-19 1.56212e-08 2.38548e-18)
(-6.12244e-09 -2.97055e-13 1.43743e-08)
(1.43831e-08 1.11717e-13 6.11137e-09)
(-2.9462e-19 1.56216e-08 2.38703e-18)
(-6.12316e-09 -1.53984e-13 1.43747e-08)
(1.43818e-08 1.00629e-13 6.11275e-09)
(-2.27635e-19 1.56219e-08 2.40992e-18)
(-6.12336e-09 -2.9e-14 1.43752e-08)
(1.43807e-08 9.15846e-14 6.11379e-09)
(-1.73971e-19 1.56223e-08 2.48593e-18)
(-6.12311e-09 7.76872e-14 1.43758e-08)
(1.43798e-08 8.48219e-14 6.11454e-09)
(-2.37538e-19 1.56225e-08 2.57424e-18)
(-6.12249e-09 1.6564e-13 1.43764e-08)
(1.43791e-08 8.02045e-14 6.11507e-09)
(-5.53076e-19 1.56227e-08 2.42138e-18)
(-6.12156e-09 2.34078e-13 1.43772e-08)
(1.43786e-08 7.72565e-14 6.11543e-09)
(-9.0165e-19 1.56229e-08 1.85836e-18)
(-6.1204e-09 2.81782e-13 1.43779e-08)
(1.43783e-08 7.69572e-14 6.11574e-09)
(-6.64014e-19 1.56231e-08 1.46778e-18)
(-6.1191e-09 3.06775e-13 1.43786e-08)
(-1.03993e-20 1.56234e-08 1.37869e-18)
(-6.1177e-09 3.04155e-13 1.4379e-08)
(1.59107e-08 4.10681e-12 1.79987e-10)
(-1.01707e-10 1.54592e-08 -2.51412e-11)
(-3.58749e-10 7.33971e-12 1.5344e-08)
(1.59811e-08 6.01875e-12 4.06678e-10)
(-5.44464e-11 1.54629e-08 -6.33239e-11)
(-5.41495e-10 1.99353e-11 1.53167e-08)
(1.59783e-08 5.49042e-12 6.38287e-10)
(-2.51782e-11 1.54393e-08 -8.32341e-11)
(-7.11991e-10 2.88471e-11 1.53351e-08)
(1.59572e-08 4.08095e-12 8.62415e-10)
(-8.04048e-12 1.54298e-08 -9.23159e-11)
(-9.12809e-10 3.48141e-11 1.53653e-08)
(1.59312e-08 2.57022e-12 1.0804e-09)
(2.67724e-12 1.54245e-08 -9.51668e-11)
(-1.12106e-09 3.88104e-11 1.53785e-08)
(1.59033e-08 1.22444e-12 1.29262e-09)
(9.31654e-12 1.54233e-08 -9.46993e-11)
(-1.3253e-09 4.14071e-11 1.53782e-08)
(1.58741e-08 1.41659e-13 1.49859e-09)
(1.33376e-11 1.54258e-08 -9.26751e-11)
(-1.52365e-09 4.29222e-11 1.53704e-08)
(1.58437e-08 -6.66946e-13 1.69808e-09)
(1.57529e-11 1.54305e-08 -9.00217e-11)
(-1.71614e-09 4.36087e-11 1.53575e-08)
(1.58121e-08 -1.23462e-12 1.89115e-09)
(1.72011e-11 1.54364e-08 -8.71856e-11)
(-1.90299e-09 4.36873e-11 1.53411e-08)
(1.57793e-08 -1.60913e-12 2.07794e-09)
(1.80794e-11 1.54426e-08 -8.43638e-11)
(-2.08442e-09 4.33372e-11 1.53222e-08)
(1.57454e-08 -1.83817e-12 2.25864e-09)
(1.86293e-11 1.5449e-08 -8.16295e-11)
(-2.26058e-09 4.26944e-11 1.53014e-08)
(1.57106e-08 -1.96295e-12 2.43343e-09)
(1.89914e-11 1.54553e-08 -7.89981e-11)
(-2.43157e-09 4.18571e-11 1.52792e-08)
(1.56749e-08 -2.01623e-12 2.60248e-09)
(1.92429e-11 1.54614e-08 -7.64617e-11)
(-2.59748e-09 4.08945e-11 1.52557e-08)
(1.56385e-08 -2.0225e-12 2.76596e-09)
(1.94239e-11 1.54674e-08 -7.40058e-11)
(-2.75837e-09 3.9854e-11 1.52313e-08)
(1.56015e-08 -1.99922e-12 2.92399e-09)
(1.95533e-11 1.54731e-08 -7.16161e-11)
(-2.9143e-09 3.87677e-11 1.52061e-08)
(1.5564e-08 -1.95833e-12 3.07671e-09)
(1.96387e-11 1.54786e-08 -6.92817e-11)
(-3.06533e-09 3.76571e-11 1.51803e-08)
(1.55262e-08 -1.90768e-12 3.22422e-09)
(1.96827e-11 1.5484e-08 -6.69948e-11)
(-3.21151e-09 3.65367e-11 1.51539e-08)
(1.54881e-08 -1.85222e-12 3.36665e-09)
(1.96857e-11 1.54892e-08 -6.47504e-11)
(-3.35292e-09 3.54157e-11 1.51271e-08)
(1.54499e-08 -1.79497e-12 3.50409e-09)
(1.96475e-11 1.54943e-08 -6.25458e-11)
(-3.48962e-09 3.43004e-11 1.51001e-08)
(1.54116e-08 -1.73766e-12 3.63665e-09)
(1.95685e-11 1.54992e-08 -6.03797e-11)
(-3.62168e-09 3.31947e-11 1.50728e-08)
(1.53735e-08 -1.68121e-12 3.76442e-09)
(1.94493e-11 1.5504e-08 -5.82517e-11)
(-3.74919e-09 3.21016e-11 1.50454e-08)
(1.53355e-08 -1.62608e-12 3.88751e-09)
(1.92914e-11 1.55087e-08 -5.61618e-11)
(-3.8722e-09 3.10226e-11 1.50181e-08)
(1.52977e-08 -1.57242e-12 4.00602e-09)
(1.90964e-11 1.55133e-08 -5.41104e-11)
(-3.99082e-09 2.9959e-11 1.49908e-08)
(1.52603e-08 -1.52026e-12 4.12005e-09)
(1.88665e-11 1.55177e-08 -5.20978e-11)
(-4.10512e-09 2.89117e-11 1.49636e-08)
(1.52234e-08 -1.46958e-12 4.2297e-09)
(1.8604e-11 1.5522e-08 -5.01244e-11)
(-4.21518e-09 2.78812e-11 1.49367e-08)
(1.51869e-08 -1.42028e-12 4.33506e-09)
(1.83111e-11 1.55262e-08 -4.81907e-11)
(-4.3211e-09 2.68679e-11 1.49101e-08)
(1.51509e-08 -1.37232e-12 4.43623e-09)
(1.79904e-11 1.55303e-08 -4.62968e-11)
(-4.42295e-09 2.58722e-11 1.48839e-08)
(1.51156e-08 -1.32561e-12 4.53332e-09)
(1.76443e-11 1.55342e-08 -4.4443e-11)
(-4.52083e-09 2.48942e-11 1.4858e-08)
(1.50809e-08 -1.2801e-12 4.62643e-09)
(1.72751e-11 1.55381e-08 -4.26293e-11)
(-4.61481e-09 2.39343e-11 1.48327e-08)
(1.50469e-08 -1.23576e-12 4.71564e-09)
(1.68851e-11 1.55418e-08 -4.08559e-11)
(-4.70499e-09 2.29924e-11 1.48079e-08)
(1.50137e-08 -1.19255e-12 4.80106e-09)
(1.64766e-11 1.55455e-08 -3.91227e-11)
(-4.79145e-09 2.20689e-11 1.47836e-08)
(1.49813e-08 -1.15043e-12 4.88278e-09)
(1.60517e-11 1.5549e-08 -3.74297e-11)
(-4.87428e-09 2.11637e-11 1.47599e-08)
(1.49496e-08 -1.10938e-12 4.96089e-09)
(1.56125e-11 1.55524e-08 -3.57767e-11)
(-4.95357e-09 2.0277e-11 1.47369e-08)
(1.49189e-08 -1.06938e-12 5.03551e-09)
(1.51608e-11 1.55558e-08 -3.41636e-11)
(-5.02939e-09 1.94089e-11 1.47145e-08)
(1.4889e-08 -1.03042e-12 5.1067e-09)
(1.46987e-11 1.5559e-08 -3.25903e-11)
(-5.10183e-09 1.85594e-11 1.46928e-08)
(1.486e-08 -9.92463e-13 5.17458e-09)
(1.42277e-11 1.55621e-08 -3.10564e-11)
(-5.17098e-09 1.77285e-11 1.46719e-08)
(1.48319e-08 -9.55502e-13 5.23922e-09)
(1.37497e-11 1.55651e-08 -2.95619e-11)
(-5.23692e-09 1.69164e-11 1.46517e-08)
(1.48047e-08 -9.19517e-13 5.30073e-09)
(1.32662e-11 1.55681e-08 -2.81064e-11)
(-5.29973e-09 1.61231e-11 1.46322e-08)
(1.47785e-08 -8.84488e-13 5.35919e-09)
(1.27787e-11 1.55709e-08 -2.66898e-11)
(-5.35949e-09 1.53485e-11 1.46135e-08)
(1.47532e-08 -8.50395e-13 5.41469e-09)
(1.22887e-11 1.55737e-08 -2.53116e-11)
(-5.41629e-09 1.45928e-11 1.45955e-08)
(1.47289e-08 -8.17218e-13 5.46731e-09)
(1.17976e-11 1.55763e-08 -2.39717e-11)
(-5.4702e-09 1.3856e-11 1.45784e-08)
(1.47055e-08 -7.84936e-13 5.51715e-09)
(1.13065e-11 1.55789e-08 -2.26699e-11)
(-5.52131e-09 1.3138e-11 1.4562e-08)
(1.46831e-08 -7.53529e-13 5.56429e-09)
(1.08168e-11 1.55814e-08 -2.14057e-11)
(-5.5697e-09 1.24388e-11 1.45464e-08)
(1.46617e-08 -7.22974e-13 5.60881e-09)
(1.03296e-11 1.55837e-08 -2.01789e-11)
(-5.61544e-09 1.17586e-11 1.45316e-08)
(1.46411e-08 -6.93249e-13 5.6508e-09)
(9.84588e-12 1.55861e-08 -1.89893e-11)
(-5.65861e-09 1.10972e-11 1.45175e-08)
(1.46216e-08 -6.64332e-13 5.69033e-09)
(9.36672e-12 1.55883e-08 -1.78365e-11)
(-5.69929e-09 1.04547e-11 1.45042e-08)
(1.46029e-08 -6.362e-13 5.7275e-09)
(8.89306e-12 1.55904e-08 -1.67203e-11)
(-5.73755e-09 9.83106e-12 1.44917e-08)
(1.45852e-08 -6.08831e-13 5.76238e-09)
(8.42576e-12 1.55925e-08 -1.56404e-11)
(-5.77348e-09 9.22626e-12 1.44799e-08)
(1.45684e-08 -5.822e-13 5.79506e-09)
(7.96565e-12 1.55945e-08 -1.45965e-11)
(-5.80714e-09 8.64029e-12 1.44689e-08)
(1.45525e-08 -5.56285e-13 5.8256e-09)
(7.51349e-12 1.55964e-08 -1.35884e-11)
(-5.83861e-09 8.07313e-12 1.44586e-08)
(1.45374e-08 -5.31062e-13 5.85409e-09)
(7.06999e-12 1.55982e-08 -1.26159e-11)
(-5.86797e-09 7.52477e-12 1.4449e-08)
(1.45232e-08 -5.06507e-13 5.88061e-09)
(6.6358e-12 1.56e-08 -1.16787e-11)
(-5.89529e-09 6.99518e-12 1.44401e-08)
(1.45099e-08 -4.82596e-13 5.90523e-09)
(6.21153e-12 1.56016e-08 -1.07765e-11)
(-5.92064e-09 6.48433e-12 1.44319e-08)
(1.44973e-08 -4.59307e-13 5.92803e-09)
(5.79774e-12 1.56033e-08 -9.90917e-12)
(-5.94409e-09 5.9922e-12 1.44244e-08)
(1.44856e-08 -4.36614e-13 5.94908e-09)
(5.39493e-12 1.56048e-08 -9.0765e-12)
(-5.96573e-09 5.51875e-12 1.44175e-08)
(1.44746e-08 -4.14495e-13 5.96846e-09)
(5.00356e-12 1.56063e-08 -8.27827e-12)
(-5.98561e-09 5.06397e-12 1.44112e-08)
(1.44644e-08 -3.92925e-13 5.98625e-09)
(4.62407e-12 1.56077e-08 -7.51429e-12)
(-6.00381e-09 4.62781e-12 1.44055e-08)
(1.4455e-08 -3.71881e-13 6.0025e-09)
(4.25682e-12 1.5609e-08 -6.7844e-12)
(-6.0204e-09 4.21025e-12 1.44003e-08)
(1.44462e-08 -3.51338e-13 6.01731e-09)
(3.90217e-12 1.56103e-08 -6.08843e-12)
(-6.03545e-09 3.81124e-12 1.43957e-08)
(1.44382e-08 -3.31275e-13 6.03073e-09)
(3.56041e-12 1.56115e-08 -5.42623e-12)
(-6.04903e-09 3.43077e-12 1.43917e-08)
(1.44307e-08 -3.11668e-13 6.04284e-09)
(3.23181e-12 1.56126e-08 -4.79765e-12)
(-6.06121e-09 3.06879e-12 1.43881e-08)
(1.44239e-08 -2.92493e-13 6.05371e-09)
(2.91662e-12 1.56137e-08 -4.20257e-12)
(-6.07206e-09 2.72527e-12 1.4385e-08)
(1.44178e-08 -2.7373e-13 6.06341e-09)
(2.61503e-12 1.56147e-08 -3.64086e-12)
(-6.08165e-09 2.40017e-12 1.43824e-08)
(1.44122e-08 -2.5536e-13 6.07202e-09)
(2.3272e-12 1.56157e-08 -3.11244e-12)
(-6.09005e-09 2.09347e-12 1.43802e-08)
(1.44071e-08 -2.37371e-13 6.07959e-09)
(2.05327e-12 1.56166e-08 -2.61724e-12)
(-6.09732e-09 1.80511e-12 1.43784e-08)
(1.44026e-08 -2.19759e-13 6.08621e-09)
(1.79336e-12 1.56174e-08 -2.15519e-12)
(-6.10354e-09 1.53508e-12 1.43769e-08)
(1.43985e-08 -2.02529e-13 6.09193e-09)
(1.54755e-12 1.56182e-08 -1.72629e-12)
(-6.10877e-09 1.28332e-12 1.43758e-08)
(1.4395e-08 -1.85709e-13 6.09683e-09)
(1.31591e-12 1.56189e-08 -1.33056e-12)
(-6.11307e-09 1.0498e-12 1.4375e-08)
(1.43918e-08 -1.69357e-13 6.10098e-09)
(1.09848e-12 1.56195e-08 -9.68061e-13)
(-6.11653e-09 8.34464e-13 1.43745e-08)
(1.43891e-08 -1.53579e-13 6.10444e-09)
(8.95314e-13 1.56201e-08 -6.38922e-13)
(-6.1192e-09 6.37264e-13 1.43742e-08)
(1.43868e-08 -1.38541e-13 6.10727e-09)
(7.06498e-13 1.56207e-08 -3.43278e-13)
(-6.12114e-09 4.58141e-13 1.43742e-08)
(1.43848e-08 -1.2448e-13 6.10956e-09)
(5.32206e-13 1.56212e-08 -8.12411e-14)
(-6.12244e-09 2.9705e-13 1.43743e-08)
(1.43831e-08 -1.11718e-13 6.11137e-09)
(3.72791e-13 1.56216e-08 1.47243e-13)
(-6.12316e-09 1.53979e-13 1.43747e-08)
(1.43818e-08 -1.0063e-13 6.11275e-09)
(2.28921e-13 1.5622e-08 3.42643e-13)
(-6.12336e-09 2.8995e-14 1.43752e-08)
(1.43807e-08 -9.15857e-14 6.11379e-09)
(1.0179e-13 1.56223e-08 5.06282e-13)
(-6.12311e-09 -7.76917e-14 1.43758e-08)
(1.43798e-08 -8.48231e-14 6.11454e-09)
(-6.73177e-15 1.56225e-08 6.40964e-13)
(-6.12249e-09 -1.65644e-13 1.43764e-08)
(1.43791e-08 -8.02061e-14 6.11507e-09)
(-9.4134e-14 1.56227e-08 7.51742e-13)
(-6.12156e-09 -2.34082e-13 1.43772e-08)
(1.43786e-08 -7.72585e-14 6.11543e-09)
(-1.5723e-13 1.56229e-08 8.46465e-13)
(-6.1204e-09 -2.81787e-13 1.43779e-08)
(1.43783e-08 -7.69591e-14 6.11574e-09)
(-1.96878e-13 1.56232e-08 9.33154e-13)
(-6.1191e-09 -3.06781e-13 1.43786e-08)
(-2.39841e-13 1.56234e-08 1.01231e-12)
(-6.1177e-09 -3.04163e-13 1.4379e-08)
(1.59142e-08 1.66743e-11 1.84406e-10)
(-2.21894e-10 1.54315e-08 -5.51901e-11)
(-3.27407e-10 2.34257e-11 1.53434e-08)
(1.598e-08 2.22234e-11 4.12903e-10)
(-1.04041e-10 1.54359e-08 -1.34936e-10)
(-5.1899e-10 6.33396e-11 1.53331e-08)
(1.59749e-08 1.86659e-11 6.43886e-10)
(-4.34782e-11 1.54253e-08 -1.7174e-10)
(-6.97782e-10 9.09336e-11 1.53517e-08)
(1.59531e-08 1.27041e-11 8.6661e-10)
(-1.14597e-11 1.54244e-08 -1.87042e-10)
(-9.03791e-10 1.08651e-10 1.53771e-08)
(1.59272e-08 7.21212e-12 1.08314e-09)
(7.84853e-12 1.54233e-08 -1.91043e-10)
(-1.11532e-09 1.19924e-10 1.53857e-08)
(1.58998e-08 2.76212e-12 1.2941e-09)
(1.97594e-11 1.5424e-08 -1.8931e-10)
(-1.32197e-09 1.26805e-10 1.53825e-08)
(1.58713e-08 -6.03964e-13 1.4991e-09)
(2.70676e-11 1.54273e-08 -1.84971e-10)
(-1.52212e-09 1.30467e-10 1.53728e-08)
(1.58415e-08 -3.00572e-12 1.6979e-09)
(3.1544e-11 1.54322e-08 -1.79615e-10)
(-1.71591e-09 1.31782e-10 1.53587e-08)
(1.58104e-08 -4.62629e-12 1.8905e-09)
(3.42873e-11 1.5438e-08 -1.73993e-10)
(-1.90367e-09 1.31444e-10 1.53416e-08)
(1.5778e-08 -5.65264e-12 2.07699e-09)
(3.59942e-11 1.54441e-08 -1.68431e-10)
(-2.08571e-09 1.29977e-10 1.53222e-08)
(1.57445e-08 -6.24879e-12 2.25751e-09)
(3.70944e-11 1.54503e-08 -1.63044e-10)
(-2.26227e-09 1.27761e-10 1.53011e-08)
(1.57099e-08 -6.54673e-12 2.4322e-09)
(3.78398e-11 1.54564e-08 -1.57851e-10)
(-2.43351e-09 1.25059e-10 1.52787e-08)
(1.56744e-08 -6.64623e-12 2.6012e-09)
(3.837e-11 1.54624e-08 -1.52833e-10)
(-2.59957e-09 1.22052e-10 1.52551e-08)
(1.56381e-08 -6.61904e-12 2.76466e-09)
(3.87579e-11 1.54682e-08 -1.47962e-10)
(-2.76055e-09 1.18861e-10 1.52307e-08)
(1.56012e-08 -6.51469e-12 2.92269e-09)
(3.90386e-11 1.54739e-08 -1.43214e-10)
(-2.91653e-09 1.15567e-10 1.52054e-08)
(1.55638e-08 -6.36606e-12 3.07542e-09)
(3.9227e-11 1.54793e-08 -1.38568e-10)
(-3.06757e-09 1.12222e-10 1.51796e-08)
(1.5526e-08 -6.19418e-12 3.22295e-09)
(3.93284e-11 1.54847e-08 -1.34011e-10)
(-3.21376e-09 1.08861e-10 1.51532e-08)
(1.5488e-08 -6.01195e-12 3.3654e-09)
(3.93444e-11 1.54898e-08 -1.29535e-10)
(-3.35515e-09 1.05509e-10 1.51264e-08)
(1.54498e-08 -5.82694e-12 3.50286e-09)
(3.92758e-11 1.54949e-08 -1.25136e-10)
(-3.49182e-09 1.02178e-10 1.50994e-08)
(1.54116e-08 -5.64334e-12 3.63544e-09)
(3.91238e-11 1.54998e-08 -1.20813e-10)
(-3.62386e-09 9.88804e-11 1.50721e-08)
(1.53735e-08 -5.46328e-12 3.76324e-09)
(3.88903e-11 1.55045e-08 -1.16564e-10)
(-3.75133e-09 9.56216e-11 1.50447e-08)
(1.53355e-08 -5.28767e-12 3.88636e-09)
(3.85785e-11 1.55092e-08 -1.1239e-10)
(-3.87431e-09 9.24062e-11 1.50174e-08)
(1.52978e-08 -5.1168e-12 4.0049e-09)
(3.81921e-11 1.55137e-08 -1.08292e-10)
(-3.99289e-09 8.92372e-11 1.49901e-08)
(1.52605e-08 -4.95059e-12 4.11895e-09)
(3.77355e-11 1.55181e-08 -1.04272e-10)
(-4.10715e-09 8.61169e-11 1.4963e-08)
(1.52235e-08 -4.78888e-12 4.22862e-09)
(3.72133e-11 1.55224e-08 -1.00329e-10)
(-4.21718e-09 8.30467e-11 1.49361e-08)
(1.5187e-08 -4.63141e-12 4.33401e-09)
(3.66303e-11 1.55266e-08 -9.64651e-11)
(-4.32305e-09 8.00278e-11 1.49094e-08)
(1.51511e-08 -4.47799e-12 4.43522e-09)
(3.59914e-11 1.55306e-08 -9.26803e-11)
(-4.42487e-09 7.70611e-11 1.48832e-08)
(1.51158e-08 -4.32841e-12 4.53233e-09)
(3.53015e-11 1.55346e-08 -8.89752e-11)
(-4.5227e-09 7.41473e-11 1.48574e-08)
(1.50811e-08 -4.18254e-12 4.62546e-09)
(3.45654e-11 1.55384e-08 -8.53499e-11)
(-4.61665e-09 7.12869e-11 1.4832e-08)
(1.50472e-08 -4.04025e-12 4.7147e-09)
(3.37875e-11 1.55421e-08 -8.18047e-11)
(-4.70679e-09 6.84805e-11 1.48072e-08)
(1.50139e-08 -3.90144e-12 4.80014e-09)
(3.29724e-11 1.55457e-08 -7.83395e-11)
(-4.79321e-09 6.57283e-11 1.4783e-08)
(1.49815e-08 -3.76604e-12 4.88189e-09)
(3.21243e-11 1.55493e-08 -7.49541e-11)
(-4.876e-09 6.30307e-11 1.47593e-08)
(1.49499e-08 -3.63397e-12 4.96003e-09)
(3.12474e-11 1.55527e-08 -7.16485e-11)
(-4.95525e-09 6.03881e-11 1.47363e-08)
(1.49191e-08 -3.50518e-12 5.03466e-09)
(3.03455e-11 1.5556e-08 -6.84223e-11)
(-5.03103e-09 5.78006e-11 1.47139e-08)
(1.48892e-08 -3.37962e-12 5.10588e-09)
(2.94223e-11 1.55592e-08 -6.52752e-11)
(-5.10343e-09 5.52685e-11 1.46923e-08)
(1.48603e-08 -3.25722e-12 5.17378e-09)
(2.84814e-11 1.55623e-08 -6.22069e-11)
(-5.17254e-09 5.2792e-11 1.46713e-08)
(1.48322e-08 -3.13793e-12 5.23845e-09)
(2.75262e-11 1.55653e-08 -5.92168e-11)
(-5.23844e-09 5.03712e-11 1.46511e-08)
(1.4805e-08 -3.02169e-12 5.29998e-09)
(2.65598e-11 1.55682e-08 -5.63046e-11)
(-5.30121e-09 4.80062e-11 1.46316e-08)
(1.47788e-08 -2.90846e-12 5.35846e-09)
(2.55854e-11 1.55711e-08 -5.34697e-11)
(-5.36094e-09 4.56972e-11 1.46129e-08)
(1.47535e-08 -2.79815e-12 5.41398e-09)
(2.46057e-11 1.55738e-08 -5.07117e-11)
(-5.4177e-09 4.34443e-11 1.4595e-08)
(1.47292e-08 -2.69073e-12 5.46663e-09)
(2.36236e-11 1.55764e-08 -4.803e-11)
(-5.47158e-09 4.12475e-11 1.45778e-08)
(1.47058e-08 -2.58611e-12 5.51649e-09)
(2.26415e-11 1.5579e-08 -4.5424e-11)
(-5.52265e-09 3.91068e-11 1.45615e-08)
(1.46834e-08 -2.48423e-12 5.56365e-09)
(2.1662e-11 1.55815e-08 -4.28933e-11)
(-5.57099e-09 3.70223e-11 1.45459e-08)
(1.4662e-08 -2.38504e-12 5.60819e-09)
(2.06873e-11 1.55839e-08 -4.04372e-11)
(-5.6167e-09 3.4994e-11 1.45311e-08)
(1.46414e-08 -2.28845e-12 5.6502e-09)
(1.97195e-11 1.55862e-08 -3.80552e-11)
(-5.65983e-09 3.3022e-11 1.4517e-08)
(1.46219e-08 -2.19439e-12 5.68976e-09)
(1.87607e-11 1.55884e-08 -3.57469e-11)
(-5.70047e-09 3.11062e-11 1.45037e-08)
(1.46032e-08 -2.10281e-12 5.72694e-09)
(1.78128e-11 1.55905e-08 -3.35116e-11)
(-5.7387e-09 2.92465e-11 1.44912e-08)
(1.45855e-08 -2.01362e-12 5.76184e-09)
(1.68775e-11 1.55926e-08 -3.13487e-11)
(-5.77458e-09 2.7443e-11 1.44795e-08)
(1.45687e-08 -1.92675e-12 5.79454e-09)
(1.59566e-11 1.55945e-08 -2.92579e-11)
(-5.80821e-09 2.56957e-11 1.44685e-08)
(1.45527e-08 -1.84213e-12 5.8251e-09)
(1.50514e-11 1.55964e-08 -2.72387e-11)
(-5.83964e-09 2.40044e-11 1.44582e-08)
(1.45377e-08 -1.75969e-12 5.85361e-09)
(1.41635e-11 1.55983e-08 -2.52904e-11)
(-5.86897e-09 2.23691e-11 1.44486e-08)
(1.45235e-08 -1.67935e-12 5.88015e-09)
(1.32941e-11 1.56e-08 -2.34127e-11)
(-5.89625e-09 2.07898e-11 1.44397e-08)
(1.45101e-08 -1.60105e-12 5.90479e-09)
(1.24446e-11 1.56017e-08 -2.16051e-11)
(-5.92156e-09 1.92663e-11 1.44315e-08)
(1.44976e-08 -1.52469e-12 5.92761e-09)
(1.16159e-11 1.56033e-08 -1.98672e-11)
(-5.94498e-09 1.77987e-11 1.4424e-08)
(1.44858e-08 -1.45022e-12 5.94868e-09)
(1.08092e-11 1.56048e-08 -1.81986e-11)
(-5.96658e-09 1.63868e-11 1.44171e-08)
(1.44749e-08 -1.37755e-12 5.96807e-09)
(1.00253e-11 1.56063e-08 -1.65989e-11)
(-5.98642e-09 1.50305e-11 1.44108e-08)
(1.44647e-08 -1.30661e-12 5.98587e-09)
(9.26514e-12 1.56077e-08 -1.50678e-11)
(-6.00458e-09 1.37298e-11 1.44051e-08)
(1.44552e-08 -1.23733e-12 6.00215e-09)
(8.52946e-12 1.56091e-08 -1.36048e-11)
(-6.02114e-09 1.24845e-11 1.44e-08)
(1.44464e-08 -1.16964e-12 6.01697e-09)
(7.81896e-12 1.56103e-08 -1.22098e-11)
(-6.03615e-09 1.12946e-11 1.43954e-08)
(1.44383e-08 -1.10345e-12 6.03041e-09)
(7.13424e-12 1.56115e-08 -1.08823e-11)
(-6.0497e-09 1.016e-11 1.43914e-08)
(1.44309e-08 -1.0387e-12 6.04254e-09)
(6.47585e-12 1.56127e-08 -9.62211e-12)
(-6.06185e-09 9.08059e-12 1.43878e-08)
(1.44241e-08 -9.7531e-13 6.05342e-09)
(5.84428e-12 1.56137e-08 -8.429e-12)
(-6.07266e-09 8.05625e-12 1.43847e-08)
(1.44179e-08 -9.13215e-13 6.06314e-09)
(5.23992e-12 1.56148e-08 -7.30272e-12)
(-6.08222e-09 7.0869e-12 1.43821e-08)
(1.44123e-08 -8.52352e-13 6.07177e-09)
(4.66311e-12 1.56157e-08 -6.24309e-12)
(-6.09058e-09 6.17244e-12 1.43799e-08)
(1.44073e-08 -7.92669e-13 6.07936e-09)
(4.11414e-12 1.56166e-08 -5.24995e-12)
(-6.09782e-09 5.31278e-12 1.43781e-08)
(1.44027e-08 -7.34136e-13 6.08599e-09)
(3.59324e-12 1.56174e-08 -4.32319e-12)
(-6.104e-09 4.5078e-12 1.43767e-08)
(1.43987e-08 -6.7675e-13 6.09173e-09)
(3.10057e-12 1.56182e-08 -3.46278e-12)
(-6.10919e-09 3.75743e-12 1.43756e-08)
(1.43951e-08 -6.20564e-13 6.09664e-09)
(2.63628e-12 1.56189e-08 -2.66872e-12)
(-6.11346e-09 3.06154e-12 1.43748e-08)
(1.4392e-08 -5.65714e-13 6.10081e-09)
(2.20046e-12 1.56196e-08 -1.94114e-12)
(-6.11688e-09 2.42003e-12 1.43743e-08)
(1.43892e-08 -5.12467e-13 6.10428e-09)
(1.7932e-12 1.56202e-08 -1.28022e-12)
(-6.11952e-09 1.83276e-12 1.4374e-08)
(1.43869e-08 -4.61273e-13 6.10713e-09)
(1.41464e-12 1.56207e-08 -6.86237e-13)
(-6.12143e-09 1.29961e-12 1.4374e-08)
(1.43849e-08 -4.12835e-13 6.10944e-09)
(1.06508e-12 1.56212e-08 -1.59396e-13)
(-6.1227e-09 8.20454e-13 1.43742e-08)
(1.43832e-08 -3.68163e-13 6.11125e-09)
(7.45156e-13 1.56216e-08 3.00343e-13)
(-6.12338e-09 3.95257e-13 1.43745e-08)
(1.43818e-08 -3.28587e-13 6.11265e-09)
(4.56105e-13 1.5622e-08 6.93761e-13)
(-6.12355e-09 2.4144e-14 1.4375e-08)
(1.43807e-08 -2.95643e-13 6.1137e-09)
(2.00318e-13 1.56223e-08 1.02325e-12)
(-6.12327e-09 -2.92434e-13 1.43756e-08)
(1.43798e-08 -2.70718e-13 6.11445e-09)
(-1.80565e-14 1.56226e-08 1.29422e-12)
(-6.12261e-09 -5.53476e-13 1.43763e-08)
(1.43791e-08 -2.54082e-13 6.11498e-09)
(-1.92821e-13 1.56228e-08 1.51711e-12)
(-6.12165e-09 -7.57091e-13 1.43771e-08)
(1.43786e-08 -2.44263e-13 6.11535e-09)
(-3.15364e-13 1.5623e-08 1.70926e-12)
(-6.12046e-09 -9.00223e-13 1.43778e-08)
(1.43783e-08 -2.43735e-13 6.11565e-09)
(-3.81784e-13 1.56232e-08 1.89012e-12)
(-6.1191e-09 -9.77819e-13 1.43785e-08)
(-4.49427e-13 1.56235e-08 2.05725e-12)
(-6.11764e-09 -9.73935e-13 1.4379e-08)
(1.59368e-08 5.24827e-11 2.00826e-10)
(-3.90487e-10 1.53654e-08 -9.85349e-11)
(-2.55159e-10 4.73439e-11 1.53322e-08)
(1.59843e-08 4.74897e-11 4.28986e-10)
(-1.32906e-10 1.54156e-08 -2.27292e-10)
(-4.71627e-10 1.23977e-10 1.53829e-08)
(1.5967e-08 3.2443e-11 6.55575e-10)
(-4.17469e-11 1.54212e-08 -2.70693e-10)
(-6.70482e-10 1.70843e-10 1.53887e-08)
(1.59427e-08 1.88344e-11 8.74047e-10)
(-6.09689e-12 1.54262e-08 -2.8525e-10)
(-8.87675e-10 1.97288e-10 1.53972e-08)
(1.59177e-08 8.27581e-12 1.08717e-09)
(1.62835e-11 1.54276e-08 -2.87591e-10)
(-1.10598e-09 2.12094e-10 1.53963e-08)
(1.5892e-08 4.78121e-13 1.29557e-09)
(3.12413e-11 1.54291e-08 -2.83627e-10)
(-1.31728e-09 2.19676e-10 1.53879e-08)
(1.58652e-08 -4.98073e-12 1.49876e-09)
(4.08996e-11 1.54324e-08 -2.76751e-10)
(-1.52066e-09 2.22478e-10 1.5375e-08)
(1.58368e-08 -8.59877e-12 1.69636e-09)
(4.70556e-11 1.5437e-08 -2.68764e-10)
(-1.71663e-09 2.22111e-10 1.53591e-08)
(1.58069e-08 -1.08562e-11 1.8882e-09)
(5.0976e-11 1.54423e-08 -2.60523e-10)
(-1.90583e-09 2.19685e-10 1.53407e-08)
(1.57754e-08 -1.21537e-11 2.07424e-09)
(5.35174e-11 1.54479e-08 -2.52393e-10)
(-2.08879e-09 2.15947e-10 1.53207e-08)
(1.57425e-08 -1.28016e-11 2.25451e-09)
(5.5225e-11 1.54538e-08 -2.44499e-10)
(-2.26592e-09 2.11392e-10 1.52992e-08)
(1.57084e-08 -1.3027e-11 2.42907e-09)
(5.64244e-11 1.54596e-08 -2.36854e-10)
(-2.43751e-09 2.06341e-10 1.52765e-08)
(1.56733e-08 -1.29886e-11 2.59802e-09)
(5.72998e-11 1.54653e-08 -2.29432e-10)
(-2.60377e-09 2.01001e-10 1.52529e-08)
(1.56373e-08 -1.27931e-11 2.76147e-09)
(5.79504e-11 1.54709e-08 -2.22199e-10)
(-2.76485e-09 1.95503e-10 1.52284e-08)
(1.56006e-08 -1.25095e-11 2.91953e-09)
(5.8426e-11 1.54764e-08 -2.15124e-10)
(-2.92086e-09 1.89932e-10 1.52032e-08)
(1.55633e-08 -1.21808e-11 3.07229e-09)
(5.87501e-11 1.54817e-08 -2.08186e-10)
(-3.07191e-09 1.84341e-10 1.51774e-08)
(1.55257e-08 -1.18328e-11 3.21988e-09)
(5.89332e-11 1.54869e-08 -2.0137e-10)
(-3.21806e-09 1.78765e-10 1.5151e-08)
(1.54878e-08 -1.14802e-11 3.36238e-09)
(5.89801e-11 1.5492e-08 -1.94668e-10)
(-3.35941e-09 1.73226e-10 1.51243e-08)
(1.54497e-08 -1.11308e-11 3.4999e-09)
(5.88943e-11 1.54969e-08 -1.88076e-10)
(-3.49603e-09 1.6774e-10 1.50972e-08)
(1.54116e-08 -1.07884e-11 3.63254e-09)
(5.86793e-11 1.55017e-08 -1.81594e-10)
(-3.628e-09 1.62315e-10 1.507e-08)
(1.53735e-08 -1.04545e-11 3.7604e-09)
(5.83394e-11 1.55064e-08 -1.75221e-10)
(-3.7554e-09 1.5696e-10 1.50427e-08)
(1.53356e-08 -1.01294e-11 3.88358e-09)
(5.78802e-11 1.5511e-08 -1.6896e-10)
(-3.87831e-09 1.51679e-10 1.50154e-08)
(1.5298e-08 -9.81289e-12 4.00218e-09)
(5.7308e-11 1.55154e-08 -1.62813e-10)
(-3.99682e-09 1.46475e-10 1.49881e-08)
(1.52607e-08 -9.50456e-12 4.1163e-09)
(5.66294e-11 1.55197e-08 -1.56779e-10)
(-4.11101e-09 1.41352e-10 1.4961e-08)
(1.52238e-08 -9.20392e-12 4.22603e-09)
(5.58519e-11 1.55239e-08 -1.50863e-10)
(-4.22096e-09 1.36311e-10 1.49341e-08)
(1.51874e-08 -8.91055e-12 4.33148e-09)
(5.49827e-11 1.5528e-08 -1.45063e-10)
(-4.32676e-09 1.31353e-10 1.49076e-08)
(1.51515e-08 -8.6241e-12 4.43275e-09)
(5.40293e-11 1.5532e-08 -1.39382e-10)
(-4.4285e-09 1.26481e-10 1.48814e-08)
(1.51162e-08 -8.3443e-12 4.52993e-09)
(5.29989e-11 1.55359e-08 -1.3382e-10)
(-4.52626e-09 1.21695e-10 1.48556e-08)
(1.50816e-08 -8.07095e-12 4.62312e-09)
(5.18986e-11 1.55397e-08 -1.28377e-10)
(-4.62013e-09 1.16997e-10 1.48303e-08)
(1.50477e-08 -7.80388e-12 4.71241e-09)
(5.07355e-11 1.55434e-08 -1.23053e-10)
(-4.7102e-09 1.12386e-10 1.48055e-08)
(1.50145e-08 -7.54297e-12 4.79792e-09)
(4.95161e-11 1.55469e-08 -1.17849e-10)
(-4.79655e-09 1.07864e-10 1.47813e-08)
(1.49821e-08 -7.28811e-12 4.87972e-09)
(4.82469e-11 1.55504e-08 -1.12765e-10)
(-4.87927e-09 1.03431e-10 1.47576e-08)
(1.49505e-08 -7.03922e-12 4.95793e-09)
(4.69339e-11 1.55537e-08 -1.078e-10)
(-4.95844e-09 9.90883e-11 1.47347e-08)
(1.49198e-08 -6.7962e-12 5.03262e-09)
(4.55831e-11 1.5557e-08 -1.02953e-10)
(-5.03415e-09 9.48355e-11 1.47123e-08)
(1.48899e-08 -6.55898e-12 5.1039e-09)
(4.42001e-11 1.55602e-08 -9.82252e-11)
(-5.10648e-09 9.06733e-11 1.46907e-08)
(1.48609e-08 -6.32745e-12 5.17185e-09)
(4.27901e-11 1.55632e-08 -9.36148e-11)
(-5.17551e-09 8.66021e-11 1.46698e-08)
(1.48328e-08 -6.10153e-12 5.23658e-09)
(4.13582e-11 1.55662e-08 -8.91216e-11)
(-5.24134e-09 8.26222e-11 1.46496e-08)
(1.48057e-08 -5.88112e-12 5.29816e-09)
(3.99093e-11 1.55691e-08 -8.47448e-11)
(-5.30404e-09 7.87337e-11 1.46302e-08)
(1.47795e-08 -5.66613e-12 5.3567e-09)
(3.84479e-11 1.55718e-08 -8.04839e-11)
(-5.36369e-09 7.49369e-11 1.46115e-08)
(1.47542e-08 -5.45644e-12 5.41227e-09)
(3.69784e-11 1.55745e-08 -7.6338e-11)
(-5.42038e-09 7.1232e-11 1.45936e-08)
(1.47299e-08 -5.25195e-12 5.46497e-09)
(3.55049e-11 1.55771e-08 -7.23064e-11)
(-5.47418e-09 6.7619e-11 1.45765e-08)
(1.47065e-08 -5.05255e-12 5.51488e-09)
(3.40312e-11 1.55797e-08 -6.83883e-11)
(-5.52519e-09 6.40983e-11 1.45602e-08)
(1.46841e-08 -4.85811e-12 5.56209e-09)
(3.25611e-11 1.55821e-08 -6.45829e-11)
(-5.57346e-09 6.06697e-11 1.45446e-08)
(1.46626e-08 -4.66852e-12 5.60668e-09)
(3.10979e-11 1.55844e-08 -6.08894e-11)
(-5.61909e-09 5.73333e-11 1.45298e-08)
(1.46421e-08 -4.48366e-12 5.64874e-09)
(2.9645e-11 1.55867e-08 -5.7307e-11)
(-5.66215e-09 5.40893e-11 1.45158e-08)
(1.46225e-08 -4.30339e-12 5.68835e-09)
(2.82052e-11 1.55889e-08 -5.38349e-11)
(-5.70272e-09 5.09375e-11 1.45026e-08)
(1.46039e-08 -4.12761e-12 5.72558e-09)
(2.67817e-11 1.5591e-08 -5.04724e-11)
(-5.74088e-09 4.7878e-11 1.44901e-08)
(1.45861e-08 -3.95617e-12 5.76053e-09)
(2.53769e-11 1.5593e-08 -4.72187e-11)
(-5.7767e-09 4.49108e-11 1.44784e-08)
(1.45693e-08 -3.78895e-12 5.79327e-09)
(2.39933e-11 1.5595e-08 -4.4073e-11)
(-5.81025e-09 4.20358e-11 1.44674e-08)
(1.45534e-08 -3.62582e-12 5.82388e-09)
(2.26334e-11 1.55968e-08 -4.10346e-11)
(-5.84162e-09 3.9253e-11 1.44571e-08)
(1.45383e-08 -3.46664e-12 5.85244e-09)
(2.12992e-11 1.55987e-08 -3.81028e-11)
(-5.87087e-09 3.65623e-11 1.44476e-08)
(1.45241e-08 -3.31129e-12 5.87902e-09)
(1.99928e-11 1.56004e-08 -3.5277e-11)
(-5.89809e-09 3.39635e-11 1.44388e-08)
(1.45107e-08 -3.15963e-12 5.9037e-09)
(1.87159e-11 1.5602e-08 -3.25564e-11)
(-5.92333e-09 3.14567e-11 1.44306e-08)
(1.44981e-08 -3.01153e-12 5.92656e-09)
(1.74704e-11 1.56036e-08 -2.99406e-11)
(-5.94668e-09 2.90417e-11 1.44231e-08)
(1.44864e-08 -2.86686e-12 5.94768e-09)
(1.62577e-11 1.56051e-08 -2.74287e-11)
(-5.96821e-09 2.67183e-11 1.44162e-08)
(1.44754e-08 -2.72548e-12 5.96712e-09)
(1.50792e-11 1.56066e-08 -2.50204e-11)
(-5.98798e-09 2.44865e-11 1.44099e-08)
(1.44652e-08 -2.58726e-12 5.98496e-09)
(1.39363e-11 1.5608e-08 -2.27151e-11)
(-6.00608e-09 2.23462e-11 1.44043e-08)
(1.44557e-08 -2.45205e-12 6.00128e-09)
(1.283e-11 1.56093e-08 -2.05123e-11)
(-6.02257e-09 2.02972e-11 1.43992e-08)
(1.44469e-08 -2.31974e-12 6.01614e-09)
(1.17616e-11 1.56105e-08 -1.84115e-11)
(-6.03752e-09 1.83394e-11 1.43947e-08)
(1.44388e-08 -2.19019e-12 6.02962e-09)
(1.07318e-11 1.56117e-08 -1.64123e-11)
(-6.05099e-09 1.64726e-11 1.43906e-08)
(1.44314e-08 -2.06327e-12 6.04179e-09)
(9.74158e-12 1.56128e-08 -1.45143e-11)
(-6.06307e-09 1.46968e-11 1.43871e-08)
(1.44245e-08 -1.93884e-12 6.05272e-09)
(8.7916e-12 1.56139e-08 -1.27172e-11)
(-6.07382e-09 1.30117e-11 1.43841e-08)
(1.44183e-08 -1.81676e-12 6.06248e-09)
(7.8825e-12 1.56149e-08 -1.10205e-11)
(-6.08331e-09 1.14172e-11 1.43815e-08)
(1.44127e-08 -1.69692e-12 6.07115e-09)
(7.0148e-12 1.56158e-08 -9.42396e-12)
(-6.09161e-09 9.91329e-12 1.43793e-08)
(1.44076e-08 -1.57917e-12 6.07878e-09)
(6.18891e-12 1.56167e-08 -7.9274e-12)
(-6.09878e-09 8.49968e-12 1.43776e-08)
(1.44031e-08 -1.46342e-12 6.08545e-09)
(5.40521e-12 1.56175e-08 -6.53062e-12)
(-6.10489e-09 7.17632e-12 1.43761e-08)
(1.4399e-08 -1.34961e-12 6.09123e-09)
(4.66395e-12 1.56183e-08 -5.23351e-12)
(-6.11002e-09 5.94306e-12 1.43751e-08)
(1.43954e-08 -1.23771e-12 6.09619e-09)
(3.96537e-12 1.5619e-08 -4.03606e-12)
(-6.11423e-09 4.7998e-12 1.43743e-08)
(1.43922e-08 -1.12782e-12 6.10039e-09)
(3.3096e-12 1.56196e-08 -2.93835e-12)
(-6.11758e-09 3.74642e-12 1.43738e-08)
(1.43895e-08 -1.02019e-12 6.1039e-09)
(2.69676e-12 1.56202e-08 -1.94058e-12)
(-6.12015e-09 2.78283e-12 1.43736e-08)
(1.43871e-08 -9.15372e-13 6.10679e-09)
(2.12704e-12 1.56208e-08 -1.04305e-12)
(-6.122e-09 1.90893e-12 1.43736e-08)
(1.43851e-08 -8.14349e-13 6.10913e-09)
(1.60079e-12 1.56212e-08 -2.46026e-13)
(-6.1232e-09 1.12465e-12 1.43738e-08)
(1.43834e-08 -7.18772e-13 6.11098e-09)
(1.11876e-12 1.56217e-08 4.50499e-13)
(-6.12381e-09 4.29995e-13 1.43742e-08)
(1.4382e-08 -6.31244e-13 6.11241e-09)
(6.82579e-13 1.5622e-08 1.04741e-12)
(-6.12392e-09 -1.74921e-13 1.43747e-08)
(1.43809e-08 -5.55583e-13 6.11348e-09)
(2.95639e-13 1.56223e-08 1.54766e-12)
(-6.12357e-09 -6.89701e-13 1.43754e-08)
(1.43799e-08 -4.96945e-13 6.11425e-09)
(-3.54345e-14 1.56226e-08 1.95859e-12)
(-6.12285e-09 -1.11348e-12 1.43761e-08)
(1.43792e-08 -4.60987e-13 6.11479e-09)
(-2.99194e-13 1.56228e-08 2.29606e-12)
(-6.12183e-09 -1.44447e-12 1.43769e-08)
(1.43787e-08 -4.51073e-13 6.11517e-09)
(-4.7575e-13 1.5623e-08 2.59058e-12)
(-6.12057e-09 -1.67914e-12 1.43777e-08)
(1.43784e-08 -4.7055e-13 6.11546e-09)
(-5.33947e-13 1.56232e-08 2.88248e-12)
(-6.11913e-09 -1.81086e-12 1.43784e-08)
(-5.24656e-13 1.56236e-08 3.1676e-12)
(-6.11754e-09 -1.81794e-12 1.43788e-08)
(1.59826e-08 2.38784e-10 2.73373e-10)
(-1.03274e-10 1.00197e-10 1.51914e-08)
(1.59682e-08 8.15159e-11 4.58655e-10)
(-4.01596e-10 2.38975e-10 1.55242e-08)
(1.59479e-08 3.34513e-11 6.69611e-10)
(-6.38356e-10 2.92916e-10 1.54243e-08)
(1.59274e-08 1.38603e-11 8.80491e-10)
(-8.71754e-10 3.14185e-10 1.54102e-08)
(1.59058e-08 -9.82159e-14 1.08851e-09)
(-1.09925e-09 3.22164e-10 1.54036e-08)
(1.58833e-08 -9.85731e-12 1.29362e-09)
(-1.31617e-09 3.228e-10 1.5391e-08)
(1.58591e-08 -1.59843e-11 1.49484e-09)
(-1.52291e-09 3.19246e-10 1.53752e-08)
(1.58328e-08 -1.94837e-11 1.69134e-09)
(-1.72084e-09 3.13425e-10 1.53574e-08)
(1.58043e-08 -2.12395e-11 1.88261e-09)
(-1.91115e-09 3.06438e-10 1.53379e-08)
(1.57739e-08 -2.1905e-11 2.06838e-09)
(-2.09473e-09 2.98886e-10 1.53172e-08)
(1.57417e-08 -2.1924e-11 2.24854e-09)
(-2.27218e-09 2.91087e-10 1.52954e-08)
(1.57081e-08 -2.15814e-11 2.4231e-09)
(-2.44393e-09 2.83202e-10 1.52726e-08)
(1.56734e-08 -2.10525e-11 2.5921e-09)
(-2.61024e-09 2.75316e-10 1.5249e-08)
(1.56376e-08 -2.044e-11 2.75563e-09)
(-2.77131e-09 2.67468e-10 1.52245e-08)
(1.56011e-08 -1.98013e-11 2.91377e-09)
(-2.92727e-09 2.59681e-10 1.51993e-08)
(1.5564e-08 -1.91662e-11 3.06663e-09)
(-3.07824e-09 2.51966e-10 1.51735e-08)
(1.55265e-08 -1.85485e-11 3.21432e-09)
(-3.22431e-09 2.4433e-10 1.51472e-08)
(1.54887e-08 -1.79532e-11 3.35692e-09)
(-3.36557e-09 2.36779e-10 1.51205e-08)
(1.54507e-08 -1.7381e-11 3.49454e-09)
(-3.50209e-09 2.29317e-10 1.50935e-08)
(1.54127e-08 -1.68306e-11 3.62729e-09)
(-3.63395e-09 2.21948e-10 1.50664e-08)
(1.53747e-08 -1.63001e-11 3.75526e-09)
(-3.76124e-09 2.14676e-10 1.50391e-08)
(1.53369e-08 -1.57873e-11 3.87854e-09)
(-3.88404e-09 2.07504e-10 1.50118e-08)
(1.52994e-08 -1.52907e-11 3.99725e-09)
(-4.00244e-09 2.00435e-10 1.49846e-08)
(1.52621e-08 -1.48087e-11 4.11148e-09)
(-4.11652e-09 1.93472e-10 1.49576e-08)
(1.52253e-08 -1.43405e-11 4.22132e-09)
(-4.22636e-09 1.86616e-10 1.49307e-08)
(1.51889e-08 -1.3885e-11 4.32688e-09)
(-4.33205e-09 1.79871e-10 1.49042e-08)
(1.51531e-08 -1.34418e-11 4.42825e-09)
(-4.43368e-09 1.73237e-10 1.48781e-08)
(1.51178e-08 -1.30104e-11 4.52553e-09)
(-4.53133e-09 1.66717e-10 1.48524e-08)
(1.50832e-08 -1.25903e-11 4.61883e-09)
(-4.62509e-09 1.60312e-10 1.48271e-08)
(1.50493e-08 -1.21812e-11 4.70823e-09)
(-4.71505e-09 1.54023e-10 1.48024e-08)
(1.50162e-08 -1.17829e-11 4.79384e-09)
(-4.80129e-09 1.47851e-10 1.47782e-08)
(1.49838e-08 -1.1395e-11 4.87574e-09)
(-4.8839e-09 1.41798e-10 1.47547e-08)
(1.49522e-08 -1.10173e-11 4.95405e-09)
(-4.96297e-09 1.35863e-10 1.47317e-08)
(1.49215e-08 -1.06496e-11 5.02884e-09)
(-5.03857e-09 1.30049e-10 1.47095e-08)
(1.48916e-08 -1.02915e-11 5.10022e-09)
(-5.11079e-09 1.24355e-10 1.46879e-08)
(1.48626e-08 -9.94277e-12 5.16828e-09)
(-5.17973e-09 1.18783e-10 1.46671e-08)
(1.48345e-08 -9.60317e-12 5.2331e-09)
(-5.24545e-09 1.13332e-10 1.4647e-08)
(1.48074e-08 -9.27241e-12 5.29478e-09)
(-5.30805e-09 1.08004e-10 1.46276e-08)
(1.47811e-08 -8.95021e-12 5.35341e-09)
(-5.3676e-09 1.02799e-10 1.4609e-08)
(1.47559e-08 -8.63629e-12 5.40908e-09)
(-5.42418e-09 9.77178e-11 1.45912e-08)
(1.47315e-08 -8.33038e-12 5.46187e-09)
(-5.47789e-09 9.276e-11 1.45741e-08)
(1.47081e-08 -8.0322e-12 5.51187e-09)
(-5.52879e-09 8.79263e-11 1.45578e-08)
(1.46857e-08 -7.74147e-12 5.55917e-09)
(-5.57696e-09 8.3217e-11 1.45423e-08)
(1.46642e-08 -7.45792e-12 5.60385e-09)
(-5.62249e-09 7.86324e-11 1.45276e-08)
(1.46436e-08 -7.18129e-12 5.646e-09)
(-5.66546e-09 7.41726e-11 1.45137e-08)
(1.4624e-08 -6.9113e-12 5.68569e-09)
(-5.70593e-09 6.98378e-11 1.45005e-08)
(1.46053e-08 -6.64769e-12 5.72301e-09)
(-5.74399e-09 6.56283e-11 1.44881e-08)
(1.45875e-08 -6.39021e-12 5.75805e-09)
(-5.77971e-09 6.1544e-11 1.44764e-08)
(1.45707e-08 -6.13859e-12 5.79087e-09)
(-5.81317e-09 5.75851e-11 1.44655e-08)
(1.45547e-08 -5.89258e-12 5.82156e-09)
(-5.84444e-09 5.37517e-11 1.44553e-08)
(1.45396e-08 -5.65194e-12 5.85021e-09)
(-5.8736e-09 5.00438e-11 1.44459e-08)
(1.45253e-08 -5.41642e-12 5.87687e-09)
(-5.90071e-09 4.64614e-11 1.44371e-08)
(1.45119e-08 -5.18579e-12 5.90164e-09)
(-5.92586e-09 4.30045e-11 1.4429e-08)
(1.44993e-08 -4.95981e-12 5.92458e-09)
(-5.94912e-09 3.96732e-11 1.44215e-08)
(1.44875e-08 -4.73825e-12 5.94578e-09)
(-5.97055e-09 3.64675e-11 1.44147e-08)
(1.44765e-08 -4.52089e-12 5.9653e-09)
(-5.99023e-09 3.33872e-11 1.44085e-08)
(1.44662e-08 -4.3075e-12 5.98322e-09)
(-6.00823e-09 3.04323e-11 1.44029e-08)
(1.44567e-08 -4.09787e-12 5.99962e-09)
(-6.02463e-09 2.76028e-11 1.43979e-08)
(1.44478e-08 -3.89177e-12 6.01456e-09)
(-6.03948e-09 2.48987e-11 1.43934e-08)
(1.44397e-08 -3.68901e-12 6.02812e-09)
(-6.05286e-09 2.23198e-11 1.43895e-08)
(1.44322e-08 -3.48941e-12 6.04037e-09)
(-6.06485e-09 1.9866e-11 1.4386e-08)
(1.44253e-08 -3.29275e-12 6.05137e-09)
(-6.0755e-09 1.75374e-11 1.4383e-08)
(1.44191e-08 -3.09883e-12 6.06121e-09)
(-6.0849e-09 1.53337e-11 1.43805e-08)
(1.44134e-08 -2.9074e-12 6.06995e-09)
(-6.0931e-09 1.32548e-11 1.43784e-08)
(1.44083e-08 -2.71825e-12 6.07766e-09)
(-6.10018e-09 1.13008e-11 1.43767e-08)
(1.44037e-08 -2.53114e-12 6.08441e-09)
(-6.1062e-09 9.47149e-12 1.43753e-08)
(1.43996e-08 -2.34588e-12 6.09027e-09)
(-6.11123e-09 7.76687e-12 1.43743e-08)
(1.43959e-08 -2.16227e-12 6.09531e-09)
(-6.11534e-09 6.1869e-12 1.43736e-08)
(1.43927e-08 -1.98015e-12 6.09958e-09)
(-6.1186e-09 4.73161e-12 1.43732e-08)
(1.43899e-08 -1.79945e-12 6.10317e-09)
(-6.12108e-09 3.40108e-12 1.4373e-08)
(1.43875e-08 -1.62034e-12 6.10614e-09)
(-6.12283e-09 2.19547e-12 1.43731e-08)
(1.43855e-08 -1.44349e-12 6.10856e-09)
(-6.12394e-09 1.11504e-12 1.43733e-08)
(1.43837e-08 -1.27045e-12 6.11048e-09)
(-6.12446e-09 1.60162e-13 1.43738e-08)
(1.43823e-08 -1.10461e-12 6.11197e-09)
(-6.12447e-09 -6.68685e-13 1.43743e-08)
(1.43811e-08 -9.52841e-13 6.1131e-09)
(-6.12403e-09 -1.37094e-12 1.4375e-08)
(1.43801e-08 -8.28283e-13 6.11393e-09)
(-6.12322e-09 -1.94609e-12 1.43759e-08)
(1.43793e-08 -7.55206e-13 6.11449e-09)
(-6.12211e-09 -2.39417e-12 1.43767e-08)
(1.43787e-08 -7.76222e-13 6.11487e-09)
(-6.12077e-09 -2.71672e-12 1.43776e-08)
(1.43783e-08 -9.18138e-13 6.11515e-09)
(-6.11926e-09 -2.91234e-12 1.43785e-08)
(-6.11754e-09 -2.97393e-12 1.43789e-08)
(1.62319e-08 -3.62595e-10 3.34263e-10)
(5.78427e-10 1.51921e-08 8.95434e-11)
(-3.72692e-10 -9.94176e-11 1.49098e-08)
(1.62029e-08 -1.24565e-10 5.21427e-10)
(2.08503e-10 1.53308e-08 2.11768e-10)
(-4.15761e-10 -2.46675e-10 1.54383e-08)
(1.61684e-08 -4.93778e-11 7.24783e-10)
(6.99514e-11 1.53304e-08 2.61474e-10)
(-6.11738e-10 -3.01158e-10 1.53175e-08)
(1.61424e-08 -1.91167e-11 9.35387e-10)
(1.50536e-11 1.53292e-08 2.7846e-10)
(-8.51959e-10 -3.18828e-10 1.5295e-08)
(1.61169e-08 8.56077e-13 1.1469e-09)
(-1.66755e-11 1.53302e-08 2.80651e-10)
(-1.08367e-09 -3.23258e-10 1.52856e-08)
(1.60895e-08 1.40254e-11 1.35598e-09)
(-3.60658e-11 1.53337e-08 2.76164e-10)
(-1.30151e-09 -3.21366e-10 1.52731e-08)
(1.60595e-08 2.19038e-11 1.56069e-09)
(-4.7541e-11 1.53393e-08 2.68895e-10)
(-1.50781e-09 -3.16166e-10 1.5259e-08)
(1.60268e-08 2.62108e-11 1.75993e-09)
(-5.42281e-11 1.53463e-08 2.60719e-10)
(-1.70477e-09 -3.09336e-10 1.5244e-08)
(1.59917e-08 2.82833e-11 1.95321e-09)
(-5.8114e-11 1.53538e-08 2.52467e-10)
(-1.89398e-09 -3.01784e-10 1.52279e-08)
(1.59545e-08 2.90273e-11 2.14035e-09)
(-6.04137e-11 1.53617e-08 2.4444e-10)
(-2.0765e-09 -2.93964e-10 1.52108e-08)
(1.59158e-08 2.90171e-11 2.32141e-09)
(-6.18336e-11 1.53696e-08 2.36698e-10)
(-2.25301e-09 -2.86079e-10 1.51926e-08)
(1.58757e-08 2.86016e-11 2.49648e-09)
(-6.27614e-11 1.53774e-08 2.29217e-10)
(-2.42395e-09 -2.78216e-10 1.51733e-08)
(1.58346e-08 2.79851e-11 2.66571e-09)
(-6.3399e-11 1.53852e-08 2.21949e-10)
(-2.5896e-09 -2.70408e-10 1.51531e-08)
(1.57927e-08 2.72826e-11 2.82923e-09)
(-6.38448e-11 1.53928e-08 2.14851e-10)
(-2.75013e-09 -2.62667e-10 1.51319e-08)
(1.57502e-08 2.65553e-11 2.9872e-09)
(-6.41418e-11 1.54003e-08 2.07894e-10)
(-2.90567e-09 -2.54995e-10 1.51099e-08)
(1.57073e-08 2.58333e-11 3.13973e-09)
(-6.43061e-11 1.54077e-08 2.01058e-10)
(-3.05632e-09 -2.47397e-10 1.50873e-08)
(1.5664e-08 2.51295e-11 3.28695e-09)
(-6.4342e-11 1.54149e-08 1.94333e-10)
(-3.20216e-09 -2.39876e-10 1.5064e-08)
(1.56207e-08 2.4448e-11 3.42897e-09)
(-6.425e-11 1.5422e-08 1.87715e-10)
(-3.34326e-09 -2.32434e-10 1.50403e-08)
(1.55773e-08 2.37886e-11 3.5659e-09)
(-6.40307e-11 1.54289e-08 1.81204e-10)
(-3.47969e-09 -2.25078e-10 1.50162e-08)
(1.55341e-08 2.31493e-11 3.69786e-09)
(-6.3686e-11 1.54357e-08 1.74803e-10)
(-3.61154e-09 -2.17811e-10 1.49919e-08)
(1.5491e-08 2.25279e-11 3.82494e-09)
(-6.32194e-11 1.54423e-08 1.68513e-10)
(-3.73887e-09 -2.10637e-10 1.49673e-08)
(1.54482e-08 2.19224e-11 3.94726e-09)
(-6.2636e-11 1.54488e-08 1.62337e-10)
(-3.86177e-09 -2.03562e-10 1.49427e-08)
(1.54058e-08 2.1331e-11 4.06493e-09)
(-6.19419e-11 1.54552e-08 1.56279e-10)
(-3.98031e-09 -1.96587e-10 1.49182e-08)
(1.53639e-08 2.07525e-11 4.17804e-09)
(-6.11441e-11 1.54614e-08 1.50339e-10)
(-4.09458e-09 -1.89718e-10 1.48937e-08)
(1.53225e-08 2.01859e-11 4.28671e-09)
(-6.02499e-11 1.54675e-08 1.44521e-10)
(-4.20466e-09 -1.82955e-10 1.48694e-08)
(1.52817e-08 1.96306e-11 4.39103e-09)
(-5.92668e-11 1.54735e-08 1.38824e-10)
(-4.31062e-09 -1.76302e-10 1.48453e-08)
(1.52416e-08 1.90861e-11 4.49112e-09)
(-5.82023e-11 1.54794e-08 1.3325e-10)
(-4.41256e-09 -1.69761e-10 1.48215e-08)
(1.52022e-08 1.8552e-11 4.58707e-09)
(-5.70638e-11 1.54851e-08 1.27799e-10)
(-4.51055e-09 -1.63334e-10 1.47981e-08)
(1.51635e-08 1.80282e-11 4.679e-09)
(-5.58583e-11 1.54907e-08 1.22472e-10)
(-4.60469e-09 -1.57021e-10 1.47751e-08)
(1.51257e-08 1.75144e-11 4.767e-09)
(-5.45929e-11 1.54961e-08 1.17268e-10)
(-4.69505e-09 -1.50824e-10 1.47526e-08)
(1.50888e-08 1.70104e-11 4.85117e-09)
(-5.32741e-11 1.55015e-08 1.12188e-10)
(-4.78171e-09 -1.44744e-10 1.47306e-08)
(1.50527e-08 1.6516e-11 4.93162e-09)
(-5.19083e-11 1.55066e-08 1.0723e-10)
(-4.86476e-09 -1.38783e-10 1.47091e-08)
(1.50176e-08 1.60311e-11 5.00845e-09)
(-5.05015e-11 1.55117e-08 1.02394e-10)
(-4.94429e-09 -1.32941e-10 1.46882e-08)
(1.49835e-08 1.55555e-11 5.08175e-09)
(-4.90596e-11 1.55167e-08 9.76796e-11)
(-5.02037e-09 -1.27219e-10 1.46679e-08)
(1.49503e-08 1.50889e-11 5.15162e-09)
(-4.75879e-11 1.55215e-08 9.3086e-11)
(-5.09309e-09 -1.21618e-10 1.46482e-08)
(1.49181e-08 1.46312e-11 5.21816e-09)
(-4.60918e-11 1.55262e-08 8.86124e-11)
(-5.16253e-09 -1.16137e-10 1.46292e-08)
(1.4887e-08 1.41822e-11 5.28145e-09)
(-4.45761e-11 1.55308e-08 8.42577e-11)
(-5.22877e-09 -1.10778e-10 1.46109e-08)
(1.48568e-08 1.37417e-11 5.34161e-09)
(-4.30456e-11 1.55352e-08 8.00211e-11)
(-5.29189e-09 -1.05542e-10 1.45933e-08)
(1.48277e-08 1.33094e-11 5.39871e-09)
(-4.15047e-11 1.55395e-08 7.59016e-11)
(-5.35197e-09 -1.00428e-10 1.45764e-08)
(1.47997e-08 1.28852e-11 5.45286e-09)
(-3.99576e-11 1.55438e-08 7.18981e-11)
(-5.40909e-09 -9.54368e-11 1.45602e-08)
(1.47727e-08 1.24687e-11 5.50413e-09)
(-3.84082e-11 1.55478e-08 6.80097e-11)
(-5.46333e-09 -9.05689e-11 1.45447e-08)
(1.47467e-08 1.20598e-11 5.55262e-09)
(-3.68603e-11 1.55518e-08 6.42353e-11)
(-5.51477e-09 -8.58243e-11 1.453e-08)
(1.47218e-08 1.16583e-11 5.59842e-09)
(-3.53174e-11 1.55557e-08 6.05739e-11)
(-5.56349e-09 -8.12032e-11 1.4516e-08)
(1.4698e-08 1.12639e-11 5.64162e-09)
(-3.37829e-11 1.55594e-08 5.70245e-11)
(-5.60956e-09 -7.67059e-11 1.45027e-08)
(1.46751e-08 1.08764e-11 5.68229e-09)
(-3.22597e-11 1.5563e-08 5.35859e-11)
(-5.65306e-09 -7.23324e-11 1.44902e-08)
(1.46533e-08 1.04955e-11 5.72052e-09)
(-3.07508e-11 1.55665e-08 5.02573e-11)
(-5.69406e-09 -6.80828e-11 1.44784e-08)
(1.46326e-08 1.01211e-11 5.7564e-09)
(-2.9259e-11 1.55699e-08 4.70376e-11)
(-5.73265e-09 -6.39571e-11 1.44673e-08)
(1.46128e-08 9.75292e-12 5.79002e-09)
(-2.77866e-11 1.55732e-08 4.39258e-11)
(-5.76889e-09 -5.99554e-11 1.44569e-08)
(1.4594e-08 9.39071e-12 5.82144e-09)
(-2.63362e-11 1.55764e-08 4.0921e-11)
(-5.80287e-09 -5.60776e-11 1.44472e-08)
(1.45762e-08 9.03426e-12 5.85075e-09)
(-2.49099e-11 1.55795e-08 3.80224e-11)
(-5.83465e-09 -5.23238e-11 1.44382e-08)
(1.45593e-08 8.68335e-12 5.87803e-09)
(-2.35096e-11 1.55824e-08 3.52289e-11)
(-5.8643e-09 -4.86939e-11 1.44298e-08)
(1.45434e-08 8.33776e-12 5.90335e-09)
(-2.21374e-11 1.55853e-08 3.25398e-11)
(-5.89191e-09 -4.51878e-11 1.44221e-08)
(1.45284e-08 7.99728e-12 5.92681e-09)
(-2.07948e-11 1.5588e-08 2.99543e-11)
(-5.91754e-09 -4.18055e-11 1.4415e-08)
(1.45143e-08 7.66169e-12 5.94846e-09)
(-1.94835e-11 1.55906e-08 2.74717e-11)
(-5.94127e-09 -3.85469e-11 1.44086e-08)
(1.4501e-08 7.33078e-12 5.96839e-09)
(-1.82049e-11 1.55932e-08 2.50911e-11)
(-5.96316e-09 -3.54119e-11 1.44027e-08)
(1.44887e-08 7.00434e-12 5.98668e-09)
(-1.69604e-11 1.55956e-08 2.28119e-11)
(-5.98329e-09 -3.24003e-11 1.43974e-08)
(1.44771e-08 6.68216e-12 6.00339e-09)
(-1.5751e-11 1.55979e-08 2.06334e-11)
(-6.00173e-09 -2.95122e-11 1.43927e-08)
(1.44664e-08 6.36402e-12 6.0186e-09)
(-1.4578e-11 1.56001e-08 1.85551e-11)
(-6.01855e-09 -2.67473e-11 1.43885e-08)
(1.44564e-08 6.04972e-12 6.03239e-09)
(-1.34422e-11 1.56022e-08 1.65764e-11)
(-6.03381e-09 -2.41055e-11 1.43848e-08)
(1.44472e-08 5.73908e-12 6.04482e-09)
(-1.23445e-11 1.56043e-08 1.46968e-11)
(-6.0476e-09 -2.15868e-11 1.43816e-08)
(1.44387e-08 5.43193e-12 6.05597e-09)
(-1.12857e-11 1.56062e-08 1.29158e-11)
(-6.05997e-09 -1.9191e-11 1.43789e-08)
(1.44309e-08 5.12809e-12 6.0659e-09)
(-1.02665e-11 1.5608e-08 1.12329e-11)
(-6.07099e-09 -1.6918e-11 1.43766e-08)
(1.44238e-08 4.82731e-12 6.0747e-09)
(-9.2873e-12 1.56097e-08 9.64767e-12)
(-6.08074e-09 -1.47676e-11 1.43747e-08)
(1.44173e-08 4.52935e-12 6.08242e-09)
(-8.34866e-12 1.56113e-08 8.15987e-12)
(-6.08929e-09 -1.27397e-11 1.43731e-08)
(1.44115e-08 4.23396e-12 6.08915e-09)
(-7.45091e-12 1.56128e-08 6.76917e-12)
(-6.09669e-09 -1.08343e-11 1.4372e-08)
(1.44062e-08 3.94092e-12 6.09494e-09)
(-6.59432e-12 1.56142e-08 5.47537e-12)
(-6.10303e-09 -9.05118e-12 1.43711e-08)
(1.44015e-08 3.65002e-12 6.09986e-09)
(-5.77908e-12 1.56156e-08 4.2783e-12)
(-6.10836e-09 -7.39034e-12 1.43706e-08)
(1.43974e-08 3.36103e-12 6.104e-09)
(-5.0053e-12 1.56168e-08 3.17789e-12)
(-6.11276e-09 -5.85168e-12 1.43703e-08)
(1.43937e-08 3.07378e-12 6.10741e-09)
(-4.27299e-12 1.56179e-08 2.17422e-12)
(-6.11628e-09 -4.4352e-12 1.43703e-08)
(1.43905e-08 2.78819e-12 6.11015e-09)
(-3.58212e-12 1.56189e-08 1.2675e-12)
(-6.11901e-09 -3.14101e-12 1.43705e-08)
(1.43878e-08 2.50448e-12 6.11231e-09)
(-2.93273e-12 1.56199e-08 4.58097e-13)
(-6.121e-09 -1.96936e-12 1.43709e-08)
(1.43855e-08 2.22341e-12 6.11394e-09)
(-2.32511e-12 1.56207e-08 -2.53475e-13)
(-6.12233e-09 -9.20809e-13 1.43715e-08)
(1.43835e-08 1.94682e-12 6.11512e-09)
(-1.7602e-12 1.56215e-08 -8.66666e-13)
(-6.12305e-09 3.55891e-15 1.43722e-08)
(1.43819e-08 1.67858e-12 6.11592e-09)
(-1.24031e-12 1.56221e-08 -1.38113e-12)
(-6.12324e-09 8.01782e-13 1.4373e-08)
(1.43807e-08 1.42646e-12 6.1164e-09)
(-7.70582e-13 1.56227e-08 -1.79724e-12)
(-6.12296e-09 1.47031e-12 1.43739e-08)
(1.43797e-08 1.20549e-12 6.11664e-09)
(-3.61609e-13 1.56231e-08 -2.11706e-12)
(-6.12229e-09 2.00282e-12 1.43748e-08)
(1.43789e-08 1.04291e-12 6.11672e-09)
(-3.34543e-14 1.56235e-08 -2.3462e-12)
(-6.1213e-09 2.38862e-12 1.43758e-08)
(1.43783e-08 9.79802e-13 6.11674e-09)
(1.79507e-13 1.56238e-08 -2.49583e-12)
(-6.1201e-09 2.61297e-12 1.43768e-08)
(1.43779e-08 1.03647e-12 6.11679e-09)
(2.35807e-13 1.56242e-08 -2.58097e-12)
(-6.11883e-09 2.66602e-12 1.43776e-08)
(1.73974e-13 1.56246e-08 -2.60904e-12)
(-6.11776e-09 2.62336e-12 1.4378e-08)
(1.61729e-08 -7.09651e-11 2.74534e-10)
(3.28862e-10 1.52847e-08 5.18126e-11)
(-5.53535e-10 -6.89641e-11 1.50954e-08)
(1.62328e-08 -6.53825e-11 4.96932e-10)
(1.61022e-10 1.53661e-08 1.28655e-10)
(-4.8397e-10 -1.64851e-10 1.52436e-08)
(1.61974e-08 -4.55899e-11 7.14476e-10)
(6.97762e-11 1.53407e-08 1.67135e-10)
(-6.34926e-10 -2.00916e-10 1.52655e-08)
(1.61642e-08 -2.74048e-11 9.31854e-10)
(2.12175e-11 1.53292e-08 1.82776e-10)
(-8.60678e-10 -2.15431e-10 1.52755e-08)
(1.61336e-08 -1.31454e-11 1.14738e-09)
(-6.48644e-12 1.53263e-08 1.86374e-10)
(-1.08552e-09 -2.22405e-10 1.5275e-08)
(1.61019e-08 -2.59581e-12 1.35883e-09)
(-2.23401e-11 1.53285e-08 1.84309e-10)
(-1.29938e-09 -2.2506e-10 1.52683e-08)
(1.60685e-08 4.76291e-12 1.5648e-09)
(-3.13166e-11 1.53343e-08 1.79847e-10)
(-1.50344e-09 -2.24755e-10 1.52581e-08)
(1.60332e-08 9.6221e-12 1.76463e-09)
(-3.63622e-11 1.53418e-08 1.74531e-10)
(-1.6992e-09 -2.22461e-10 1.52454e-08)
(1.59962e-08 1.26562e-11 1.95814e-09)
(-3.91787e-11 1.535e-08 1.69055e-10)
(-1.8878e-09 -2.18876e-10 1.52306e-08)
(1.59578e-08 1.44205e-11 2.14534e-09)
(-4.07622e-11 1.53584e-08 1.63684e-10)
(-2.07003e-09 -2.14477e-10 1.52142e-08)
(1.59182e-08 1.53359e-11 2.32636e-09)
(-4.16819e-11 1.53668e-08 1.58494e-10)
(-2.24642e-09 -2.09579e-10 1.51964e-08)
(1.58775e-08 1.57047e-11 2.50136e-09)
(-4.22476e-11 1.53751e-08 1.5348e-10)
(-2.41734e-09 -2.0438e-10 1.51773e-08)
(1.5836e-08 1.57342e-11 2.67051e-09)
(-4.26186e-11 1.53832e-08 1.48615e-10)
(-2.58301e-09 -1.99008e-10 1.51571e-08)
(1.57937e-08 1.55619e-11 2.83396e-09)
(-4.28704e-11 1.53911e-08 1.43869e-10)
(-2.7436e-09 -1.93543e-10 1.5136e-08)
(1.5751e-08 1.52755e-11 2.99184e-09)
(-4.30341e-11 1.53987e-08 1.39221e-10)
(-2.89922e-09 -1.8804e-10 1.5114e-08)
(1.57079e-08 1.49292e-11 3.14429e-09)
(-4.31196e-11 1.54062e-08 1.34657e-10)
(-3.04996e-09 -1.82533e-10 1.50913e-08)
(1.56645e-08 1.45552e-11 3.29143e-09)
(-4.31279e-11 1.54136e-08 1.30168e-10)
(-3.1959e-09 -1.77048e-10 1.5068e-08)
(1.5621e-08 1.4172e-11 3.43337e-09)
(-4.3057e-11 1.54207e-08 1.25751e-10)
(-3.3371e-09 -1.716e-10 1.50443e-08)
(1.55775e-08 1.37893e-11 3.57022e-09)
(-4.29053e-11 1.54277e-08 1.21406e-10)
(-3.47365e-09 -1.66202e-10 1.50202e-08)
(1.55341e-08 1.3412e-11 3.70209e-09)
(-4.26727e-11 1.54346e-08 1.17133e-10)
(-3.60562e-09 -1.60863e-10 1.49958e-08)
(1.54909e-08 1.30422e-11 3.82908e-09)
(-4.23603e-11 1.54413e-08 1.12934e-10)
(-3.73307e-09 -1.55589e-10 1.49713e-08)
(1.5448e-08 1.26805e-11 3.95132e-09)
(-4.19709e-11 1.54479e-08 1.0881e-10)
(-3.85609e-09 -1.50384e-10 1.49466e-08)
(1.54055e-08 1.23267e-11 4.06889e-09)
(-4.1508e-11 1.54543e-08 1.04764e-10)
(-3.97476e-09 -1.45253e-10 1.4922e-08)
(1.53635e-08 1.19804e-11 4.18191e-09)
(-4.09759e-11 1.54606e-08 1.00797e-10)
(-4.08915e-09 -1.40199e-10 1.48975e-08)
(1.5322e-08 1.16414e-11 4.29049e-09)
(-4.03794e-11 1.54668e-08 9.6909e-11)
(-4.19935e-09 -1.35223e-10 1.48732e-08)
(1.52811e-08 1.1309e-11 4.39472e-09)
(-3.97233e-11 1.54728e-08 9.31022e-11)
(-4.30544e-09 -1.30328e-10 1.48491e-08)
(1.52409e-08 1.09832e-11 4.49472e-09)
(-3.90126e-11 1.54787e-08 8.93767e-11)
(-4.4075e-09 -1.25514e-10 1.48252e-08)
(1.52015e-08 1.06635e-11 4.59058e-09)
(-3.82522e-11 1.54845e-08 8.5733e-11)
(-4.50561e-09 -1.20784e-10 1.48018e-08)
(1.51628e-08 1.03498e-11 4.68242e-09)
(-3.74469e-11 1.54901e-08 8.21712e-11)
(-4.59986e-09 -1.16139e-10 1.47787e-08)
(1.5125e-08 1.0042e-11 4.77032e-09)
(-3.66012e-11 1.54956e-08 7.86913e-11)
(-4.69034e-09 -1.11578e-10 1.47562e-08)
(1.5088e-08 9.73991e-12 4.85441e-09)
(-3.57197e-11 1.5501e-08 7.52932e-11)
(-4.77712e-09 -1.07104e-10 1.47341e-08)
(1.50519e-08 9.44356e-12 4.93477e-09)
(-3.48065e-11 1.55062e-08 7.19765e-11)
(-4.86029e-09 -1.02716e-10 1.47125e-08)
(1.50167e-08 9.15282e-12 5.01151e-09)
(-3.38657e-11 1.55113e-08 6.8741e-11)
(-4.93993e-09 -9.84153e-11 1.46916e-08)
(1.49826e-08 8.86763e-12 5.08472e-09)
(-3.29012e-11 1.55163e-08 6.55862e-11)
(-5.01612e-09 -9.42026e-11 1.46712e-08)
(1.49494e-08 8.58793e-12 5.1545e-09)
(-3.19166e-11 1.55212e-08 6.25117e-11)
(-5.08895e-09 -9.00782e-11 1.46515e-08)
(1.49172e-08 8.31364e-12 5.22095e-09)
(-3.09155e-11 1.55259e-08 5.9517e-11)
(-5.1585e-09 -8.60425e-11 1.46324e-08)
(1.4886e-08 8.0447e-12 5.28417e-09)
(-2.99011e-11 1.55305e-08 5.66013e-11)
(-5.22484e-09 -8.2096e-11 1.46141e-08)
(1.48558e-08 7.78102e-12 5.34424e-09)
(-2.88767e-11 1.5535e-08 5.37643e-11)
(-5.28807e-09 -7.82389e-11 1.45964e-08)
(1.48267e-08 7.52252e-12 5.40126e-09)
(-2.78451e-11 1.55393e-08 5.10051e-11)
(-5.34825e-09 -7.44716e-11 1.45794e-08)
(1.47987e-08 7.26911e-12 5.45533e-09)
(-2.68092e-11 1.55436e-08 4.83233e-11)
(-5.40548e-09 -7.07943e-11 1.45631e-08)
(1.47717e-08 7.02069e-12 5.50652e-09)
(-2.57716e-11 1.55477e-08 4.5718e-11)
(-5.45982e-09 -6.72072e-11 1.45476e-08)
(1.47457e-08 6.77717e-12 5.55493e-09)
(-2.47349e-11 1.55517e-08 4.31887e-11)
(-5.51136e-09 -6.37105e-11 1.45328e-08)
(1.47208e-08 6.53844e-12 5.60066e-09)
(-2.37014e-11 1.55555e-08 4.07347e-11)
(-5.56018e-09 -6.03044e-11 1.45187e-08)
(1.4697e-08 6.3044e-12 5.64377e-09)
(-2.26734e-11 1.55593e-08 3.83554e-11)
(-5.60635e-09 -5.6989e-11 1.45054e-08)
(1.46742e-08 6.07492e-12 5.68437e-09)
(-2.16528e-11 1.55629e-08 3.605e-11)
(-5.64994e-09 -5.37644e-11 1.44927e-08)
(1.46524e-08 5.84991e-12 5.72253e-09)
(-2.06418e-11 1.55665e-08 3.38179e-11)
(-5.69104e-09 -5.06306e-11 1.44808e-08)
(1.46316e-08 5.62924e-12 5.75834e-09)
(-1.9642e-11 1.55699e-08 3.16585e-11)
(-5.72973e-09 -4.75879e-11 1.44697e-08)
(1.46118e-08 5.41279e-12 5.79188e-09)
(-1.86552e-11 1.55732e-08 2.95712e-11)
(-5.76606e-09 -4.46361e-11 1.44592e-08)
(1.45931e-08 5.20045e-12 5.82323e-09)
(-1.76829e-11 1.55764e-08 2.75553e-11)
(-5.80013e-09 -4.17754e-11 1.44494e-08)
(1.45753e-08 4.9921e-12 5.85247e-09)
(-1.67267e-11 1.55794e-08 2.56103e-11)
(-5.83201e-09 -3.90057e-11 1.44403e-08)
(1.45584e-08 4.7876e-12 5.87969e-09)
(-1.5788e-11 1.55824e-08 2.37356e-11)
(-5.86175e-09 -3.6327e-11 1.44319e-08)
(1.45425e-08 4.58684e-12 5.90495e-09)
(-1.48679e-11 1.55853e-08 2.19307e-11)
(-5.88945e-09 -3.37393e-11 1.44241e-08)
(1.45275e-08 4.38969e-12 5.92833e-09)
(-1.39676e-11 1.5588e-08 2.0195e-11)
(-5.91518e-09 -3.12426e-11 1.4417e-08)
(1.45135e-08 4.19603e-12 5.94992e-09)
(-1.30883e-11 1.55906e-08 1.85281e-11)
(-5.93899e-09 -2.88368e-11 1.44104e-08)
(1.45003e-08 4.00572e-12 5.96979e-09)
(-1.22308e-11 1.55932e-08 1.69295e-11)
(-5.96098e-09 -2.65219e-11 1.44045e-08)
(1.44879e-08 3.81865e-12 5.98801e-09)
(-1.1396e-11 1.55956e-08 1.53987e-11)
(-5.9812e-09 -2.42978e-11 1.43991e-08)
(1.44764e-08 3.63468e-12 6.00466e-09)
(-1.05849e-11 1.55979e-08 1.39353e-11)
(-5.99972e-09 -2.21644e-11 1.43943e-08)
(1.44657e-08 3.45369e-12 6.01981e-09)
(-9.79803e-12 1.56001e-08 1.25391e-11)
(-6.01663e-09 -2.01217e-11 1.43901e-08)
(1.44557e-08 3.27554e-12 6.03353e-09)
(-9.03613e-12 1.56023e-08 1.12095e-11)
(-6.03198e-09 -1.81695e-11 1.43863e-08)
(1.44465e-08 3.10011e-12 6.0459e-09)
(-8.29975e-12 1.56043e-08 9.94625e-12)
(-6.04586e-09 -1.63078e-11 1.4383e-08)
(1.44381e-08 2.92727e-12 6.05699e-09)
(-7.58941e-12 1.56062e-08 8.74907e-12)
(-6.05831e-09 -1.45365e-11 1.43802e-08)
(1.44303e-08 2.75691e-12 6.06686e-09)
(-6.90557e-12 1.5608e-08 7.61765e-12)
(-6.06943e-09 -1.28555e-11 1.43778e-08)
(1.44232e-08 2.58887e-12 6.0756e-09)
(-6.24857e-12 1.56097e-08 6.55173e-12)
(-6.07927e-09 -1.12647e-11 1.43759e-08)
(1.44168e-08 2.42305e-12 6.08326e-09)
(-5.61874e-12 1.56113e-08 5.55111e-12)
(-6.0879e-09 -9.76392e-12 1.43743e-08)
(1.4411e-08 2.25932e-12 6.08993e-09)
(-5.0163e-12 1.56128e-08 4.61561e-12)
(-6.09539e-09 -8.35312e-12 1.4373e-08)
(1.44058e-08 2.0976e-12 6.09566e-09)
(-4.44143e-12 1.56143e-08 3.74511e-12)
(-6.10182e-09 -7.0322e-12 1.43721e-08)
(1.44011e-08 1.93786e-12 6.10053e-09)
(-3.89426e-12 1.56156e-08 2.93953e-12)
(-6.10724e-09 -5.80105e-12 1.43715e-08)
(1.4397e-08 1.78013e-12 6.1046e-09)
(-3.37482e-12 1.56168e-08 2.1989e-12)
(-6.11172e-09 -4.65959e-12 1.43712e-08)
(1.43933e-08 1.62461e-12 6.10795e-09)
(-2.88314e-12 1.56179e-08 1.52331e-12)
(-6.11534e-09 -3.60776e-12 1.43711e-08)
(1.43902e-08 1.47174e-12 6.11064e-09)
(-2.41917e-12 1.5619e-08 9.12986e-13)
(-6.11816e-09 -2.64557e-12 1.43713e-08)
(1.43875e-08 1.32235e-12 6.11274e-09)
(-1.98299e-12 1.56199e-08 3.68259e-13)
(-6.12024e-09 -1.77311e-12 1.43716e-08)
(1.43852e-08 1.17787e-12 6.11432e-09)
(-1.57488e-12 1.56207e-08 -1.10469e-13)
(-6.12165e-09 -9.90711e-13 1.43721e-08)
(1.43833e-08 1.04059e-12 6.11545e-09)
(-1.19566e-12 1.56215e-08 -5.22853e-13)
(-6.12247e-09 -2.99047e-13 1.43727e-08)
(1.43817e-08 9.14008e-13 6.11619e-09)
(-8.47214e-13 1.56221e-08 -8.68889e-13)
(-6.12275e-09 3.00555e-13 1.43735e-08)
(1.43805e-08 8.03052e-13 6.11662e-09)
(-5.33433e-13 1.56227e-08 -1.14945e-12)
(-6.12257e-09 8.05804e-13 1.43743e-08)
(1.43795e-08 7.14037e-13 6.11682e-09)
(-2.61448e-13 1.56231e-08 -1.36717e-12)
(-6.122e-09 1.21327e-12 1.43752e-08)
(1.43788e-08 6.53564e-13 6.11687e-09)
(-4.291e-14 1.56235e-08 -1.52771e-12)
(-6.12111e-09 1.51916e-12 1.43761e-08)
(1.43783e-08 6.25758e-13 6.11685e-09)
(1.05817e-13 1.56238e-08 -1.64079e-12)
(-6.12e-09 1.72313e-12 1.43769e-08)
(1.43781e-08 6.31635e-13 6.11687e-09)
(1.73451e-13 1.56241e-08 -1.71868e-12)
(-6.11881e-09 1.83657e-12 1.43776e-08)
(2.01094e-13 1.56245e-08 -1.77445e-12)
(-6.11774e-09 1.88231e-12 1.43779e-08)
(1.61426e-08 -1.89481e-11 2.71923e-10)
(1.51116e-10 1.53209e-08 2.42766e-11)
(-6.67212e-10 -4.06586e-11 1.5099e-08)
(1.62257e-08 -2.87112e-11 4.91223e-10)
(8.3935e-11 1.54089e-08 6.15869e-11)
(-5.25061e-10 -9.63368e-11 1.51808e-08)
(1.62064e-08 -2.57203e-11 7.08896e-10)
(3.99505e-11 1.53632e-08 8.17148e-11)
(-6.48604e-10 -1.1638e-10 1.52194e-08)
(1.61771e-08 -1.8581e-11 9.27801e-10)
(1.4042e-11 1.53377e-08 9.0536e-11)
(-8.67392e-10 -1.24273e-10 1.52504e-08)
(1.61458e-08 -1.14568e-11 1.14509e-09)
(-1.39865e-12 1.53283e-08 9.29684e-11)
(-1.08907e-09 -1.29021e-10 1.52618e-08)
(1.61122e-08 -5.47336e-12 1.358e-09)
(-1.03348e-11 1.53277e-08 9.22541e-11)
(-1.30043e-09 -1.31954e-10 1.52616e-08)
(1.60768e-08 -8.81074e-13 1.56501e-09)
(-1.53621e-11 1.53324e-08 9.0167e-11)
(-1.50262e-09 -1.3318e-10 1.52555e-08)
(1.60397e-08 2.41619e-12 1.76552e-09)
(-1.81492e-11 1.53397e-08 8.75671e-11)
(-1.69707e-09 -1.32981e-10 1.52452e-08)
(1.60014e-08 4.6534e-12 1.95942e-09)
(-1.96765e-11 1.5348e-08 8.48443e-11)
(-1.88481e-09 -1.31718e-10 1.52319e-08)
(1.59619e-08 6.0857e-12 2.14685e-09)
(-2.05125e-11 1.53567e-08 8.21563e-11)
(-2.06649e-09 -1.29709e-10 1.52163e-08)
(1.59215e-08 6.93865e-12 2.32798e-09)
(-2.09802e-11 1.53654e-08 7.95515e-11)
(-2.24254e-09 -1.27192e-10 1.51989e-08)
(1.58802e-08 7.39253e-12 2.50303e-09)
(-2.12553e-11 1.53739e-08 7.70336e-11)
(-2.41326e-09 -1.2434e-10 1.51801e-08)
(1.58383e-08 7.58216e-12 2.67219e-09)
(-2.14283e-11 1.53822e-08 7.45908e-11)
(-2.57882e-09 -1.21275e-10 1.516e-08)
(1.57958e-08 7.60348e-12 2.83563e-09)
(-2.15417e-11 1.53903e-08 7.22093e-11)
(-2.73936e-09 -1.18078e-10 1.51389e-08)
(1.57528e-08 7.52204e-12 2.99349e-09)
(-2.16134e-11 1.53981e-08 6.98781e-11)
(-2.89498e-09 -1.14808e-10 1.51169e-08)
(1.57095e-08 7.381e-12 3.14592e-09)
(-2.16485e-11 1.54057e-08 6.75896e-11)
(-3.04574e-09 -1.11503e-10 1.50942e-08)
(1.5666e-08 7.20777e-12 3.29303e-09)
(-2.16473e-11 1.54131e-08 6.53395e-11)
(-3.19172e-09 -1.08189e-10 1.50709e-08)
(1.56224e-08 7.01912e-12 3.43494e-09)
(-2.16083e-11 1.54203e-08 6.31256e-11)
(-3.33298e-09 -1.04885e-10 1.50472e-08)
(1.55787e-08 6.82486e-12 3.57176e-09)
(-2.15303e-11 1.54273e-08 6.09476e-11)
(-3.4696e-09 -1.01603e-10 1.5023e-08)
(1.55353e-08 6.63045e-12 3.7036e-09)
(-2.14126e-11 1.54343e-08 5.88058e-11)
(-3.60163e-09 -9.83519e-11 1.49986e-08)
(1.5492e-08 6.43871e-12 3.83057e-09)
(-2.12555e-11 1.5441e-08 5.67008e-11)
(-3.72916e-09 -9.51372e-11 1.4974e-08)
(1.5449e-08 6.25092e-12 3.95277e-09)
(-2.10601e-11 1.54476e-08 5.46336e-11)
(-3.85225e-09 -9.19635e-11 1.49493e-08)
(1.54065e-08 6.06752e-12 4.07032e-09)
(-2.08281e-11 1.54541e-08 5.2605e-11)
(-3.971e-09 -8.88336e-11 1.49247e-08)
(1.53644e-08 5.88852e-12 4.18331e-09)
(-2.05616e-11 1.54604e-08 5.06157e-11)
(-4.08547e-09 -8.57498e-11 1.49001e-08)
(1.53228e-08 5.71378e-12 4.29185e-09)
(-2.02627e-11 1.54666e-08 4.86664e-11)
(-4.19574e-09 -8.27138e-11 1.48757e-08)
(1.52819e-08 5.54306e-12 4.39605e-09)
(-1.9934e-11 1.54727e-08 4.67575e-11)
(-4.30191e-09 -7.97267e-11 1.48516e-08)
(1.52416e-08 5.37616e-12 4.49602e-09)
(-1.95779e-11 1.54786e-08 4.48892e-11)
(-4.40405e-09 -7.67896e-11 1.48277e-08)
(1.52021e-08 5.21288e-12 4.59185e-09)
(-1.91968e-11 1.54844e-08 4.30618e-11)
(-4.50224e-09 -7.39033e-11 1.48042e-08)
(1.51634e-08 5.05308e-12 4.68365e-09)
(-1.87931e-11 1.54901e-08 4.12754e-11)
(-4.59657e-09 -7.10683e-11 1.47811e-08)
(1.51255e-08 4.89663e-12 4.77153e-09)
(-1.83691e-11 1.54956e-08 3.95299e-11)
(-4.68712e-09 -6.82854e-11 1.47585e-08)
(1.50884e-08 4.74346e-12 4.85558e-09)
(-1.79272e-11 1.5501e-08 3.78254e-11)
(-4.77397e-09 -6.55548e-11 1.47364e-08)
(1.50523e-08 4.59347e-12 4.93591e-09)
(-1.74693e-11 1.55062e-08 3.61616e-11)
(-4.85721e-09 -6.28771e-11 1.47148e-08)
(1.50171e-08 4.44663e-12 5.01262e-09)
(-1.69975e-11 1.55113e-08 3.45384e-11)
(-4.93693e-09 -6.02525e-11 1.46938e-08)
(1.49829e-08 4.30286e-12 5.0858e-09)
(-1.65138e-11 1.55163e-08 3.29556e-11)
(-5.01319e-09 -5.76815e-11 1.46734e-08)
(1.49496e-08 4.16213e-12 5.15555e-09)
(-1.602e-11 1.55212e-08 3.1413e-11)
(-5.08609e-09 -5.51643e-11 1.46536e-08)
(1.49174e-08 4.02438e-12 5.22197e-09)
(-1.55179e-11 1.55259e-08 2.99103e-11)
(-5.15571e-09 -5.27012e-11 1.46345e-08)
(1.48862e-08 3.88957e-12 5.28515e-09)
(-1.50092e-11 1.55306e-08 2.84472e-11)
(-5.22213e-09 -5.02924e-11 1.46161e-08)
(1.4856e-08 3.75765e-12 5.34519e-09)
(-1.44953e-11 1.5535e-08 2.70235e-11)
(-5.28542e-09 -4.7938e-11 1.45983e-08)
(1.48269e-08 3.62856e-12 5.40219e-09)
(-1.39778e-11 1.55394e-08 2.56387e-11)
(-5.34568e-09 -4.56383e-11 1.45813e-08)
(1.47988e-08 3.50226e-12 5.45622e-09)
(-1.34582e-11 1.55436e-08 2.42927e-11)
(-5.40297e-09 -4.33935e-11 1.4565e-08)
(1.47718e-08 3.37869e-12 5.50738e-09)
(-1.29376e-11 1.55478e-08 2.29851e-11)
(-5.45738e-09 -4.12036e-11 1.45494e-08)
(1.47458e-08 3.25779e-12 5.55577e-09)
(-1.24175e-11 1.55518e-08 2.17155e-11)
(-5.50899e-09 -3.90688e-11 1.45345e-08)
(1.47209e-08 3.1395e-12 5.60146e-09)
(-1.1899e-11 1.55556e-08 2.04836e-11)
(-5.55788e-09 -3.69892e-11 1.45204e-08)
(1.4697e-08 3.02375e-12 5.64455e-09)
(-1.13832e-11 1.55594e-08 1.92891e-11)
(-5.60411e-09 -3.49648e-11 1.4507e-08)
(1.46742e-08 2.9105e-12 5.68512e-09)
(-1.08712e-11 1.5563e-08 1.81316e-11)
(-5.64777e-09 -3.29958e-11 1.44944e-08)
(1.46524e-08 2.79966e-12 5.72326e-09)
(-1.03639e-11 1.55666e-08 1.70109e-11)
(-5.68894e-09 -3.10822e-11 1.44824e-08)
(1.46316e-08 2.69119e-12 5.75904e-09)
(-9.86219e-12 1.557e-08 1.59267e-11)
(-5.72769e-09 -2.9224e-11 1.44712e-08)
(1.46118e-08 2.585e-12 5.79255e-09)
(-9.36702e-12 1.55733e-08 1.48785e-11)
(-5.76409e-09 -2.74213e-11 1.44607e-08)
(1.4593e-08 2.48103e-12 5.82387e-09)
(-8.87916e-12 1.55764e-08 1.38662e-11)
(-5.79822e-09 -2.56741e-11 1.44508e-08)
(1.45752e-08 2.37923e-12 5.85309e-09)
(-8.39934e-12 1.55795e-08 1.28894e-11)
(-5.83016e-09 -2.39823e-11 1.44417e-08)
(1.45584e-08 2.2795e-12 5.88028e-09)
(-7.92824e-12 1.55825e-08 1.19479e-11)
(-5.85997e-09 -2.23461e-11 1.44332e-08)
(1.45425e-08 2.1818e-12 5.90551e-09)
(-7.46651e-12 1.55853e-08 1.10413e-11)
(-5.88774e-09 -2.07653e-11 1.44254e-08)
(1.45275e-08 2.08604e-12 5.92887e-09)
(-7.01472e-12 1.55881e-08 1.01695e-11)
(-5.91352e-09 -1.924e-11 1.44182e-08)
(1.45134e-08 1.99216e-12 5.95044e-09)
(-6.57341e-12 1.55907e-08 9.33212e-12)
(-5.9374e-09 -1.77701e-11 1.44116e-08)
(1.45002e-08 1.90009e-12 5.97028e-09)
(-6.14308e-12 1.55932e-08 8.52903e-12)
(-5.95945e-09 -1.63557e-11 1.44056e-08)
(1.44878e-08 1.80976e-12 5.98848e-09)
(-5.72417e-12 1.55957e-08 7.75998e-12)
(-5.97973e-09 -1.49965e-11 1.44002e-08)
(1.44763e-08 1.7211e-12 6.0051e-09)
(-5.31708e-12 1.5598e-08 7.02476e-12)
(-5.99832e-09 -1.36928e-11 1.43954e-08)
(1.44656e-08 1.63403e-12 6.02022e-09)
(-4.92218e-12 1.56002e-08 6.32319e-12)
(-6.01529e-09 -1.24443e-11 1.43911e-08)
(1.44556e-08 1.5485e-12 6.03392e-09)
(-4.5398e-12 1.56023e-08 5.65507e-12)
(-6.03071e-09 -1.1251e-11 1.43873e-08)
(1.44464e-08 1.46442e-12 6.04627e-09)
(-4.17023e-12 1.56043e-08 5.02026e-12)
(-6.04464e-09 -1.01128e-11 1.43839e-08)
(1.4438e-08 1.38173e-12 6.05733e-09)
(-3.81373e-12 1.56062e-08 4.41858e-12)
(-6.05716e-09 -9.02979e-12 1.43811e-08)
(1.44302e-08 1.30036e-12 6.06719e-09)
(-3.47052e-12 1.5608e-08 3.84991e-12)
(-6.06834e-09 -8.00178e-12 1.43787e-08)
(1.44231e-08 1.22024e-12 6.0759e-09)
(-3.1408e-12 1.56097e-08 3.31412e-12)
(-6.07824e-09 -7.02874e-12 1.43766e-08)
(1.44167e-08 1.14133e-12 6.08354e-09)
(-2.82469e-12 1.56113e-08 2.8111e-12)
(-6.08694e-09 -6.11057e-12 1.4375e-08)
(1.44109e-08 1.06358e-12 6.09019e-09)
(-2.52232e-12 1.56128e-08 2.34077e-12)
(-6.09449e-09 -5.24721e-12 1.43737e-08)
(1.44056e-08 9.86999e-13 6.0959e-09)
(-2.23378e-12 1.56143e-08 1.90307e-12)
(-6.10098e-09 -4.43857e-12 1.43728e-08)
(1.4401e-08 9.11611e-13 6.10075e-09)
(-1.95913e-12 1.56156e-08 1.49798e-12)
(-6.10646e-09 -3.68459e-12 1.43722e-08)
(1.43968e-08 8.37538e-13 6.1048e-09)
(-1.69839e-12 1.56168e-08 1.12554e-12)
(-6.11101e-09 -2.98517e-12 1.43718e-08)
(1.43932e-08 7.65027e-13 6.10813e-09)
(-1.45155e-12 1.56179e-08 7.85792e-13)
(-6.11469e-09 -2.34025e-12 1.43717e-08)
(1.43901e-08 6.94517e-13 6.1108e-09)
(-1.2186e-12 1.56189e-08 4.78881e-13)
(-6.11757e-09 -1.74978e-12 1.43718e-08)
(1.43874e-08 6.26715e-13 6.11289e-09)
(-9.99601e-13 1.56199e-08 2.04988e-13)
(-6.11971e-09 -1.21376e-12 1.43721e-08)
(1.43851e-08 5.62691e-13 6.11445e-09)
(-7.94726e-13 1.56207e-08 -3.56809e-14)
(-6.12119e-09 -7.32342e-13 1.43725e-08)
(1.43832e-08 5.03939e-13 6.11556e-09)
(-6.04462e-13 1.56214e-08 -2.4298e-13)
(-6.12207e-09 -3.05935e-13 1.43731e-08)
(1.43816e-08 4.5237e-13 6.11629e-09)
(-4.29865e-13 1.56221e-08 -4.17009e-13)
(-6.12242e-09 6.46418e-14 1.43738e-08)
(1.43804e-08 4.1011e-13 6.11672e-09)
(-2.72956e-13 1.56226e-08 -5.58421e-13)
(-6.1223e-09 3.77993e-13 1.43746e-08)
(1.43795e-08 3.78969e-13 6.11691e-09)
(-1.37158e-13 1.56231e-08 -6.68897e-13)
(-6.1218e-09 6.32271e-13 1.43754e-08)
(1.43788e-08 3.59382e-13 6.11695e-09)
(-2.75419e-14 1.56235e-08 -7.51726e-13)
(-6.12097e-09 8.26111e-13 1.43763e-08)
(1.43783e-08 3.4985e-13 6.11693e-09)
(4.9493e-14 1.56238e-08 -8.12196e-13)
(-6.11992e-09 9.61012e-13 1.4377e-08)
(1.43781e-08 3.50574e-13 6.11695e-09)
(9.15694e-14 1.56241e-08 -8.5664e-13)
(-6.11877e-09 1.04285e-12 1.43777e-08)
(1.17345e-13 1.56244e-08 -8.92553e-13)
(-6.11775e-09 1.07256e-12 1.43779e-08)
(1.61397e-08 -4.14024e-12 2.74713e-10)
(8.08747e-21 1.53305e-08 2.78012e-20)
(-7.22287e-10 -1.27988e-11 1.50936e-08)
(1.62273e-08 -7.48278e-12 4.90792e-10)
(1.81567e-19 1.54229e-08 9.98968e-20)
(-5.4516e-10 -3.06611e-11 1.51623e-08)
(1.62101e-08 -7.50034e-12 7.06822e-10)
(2.38458e-19 1.53719e-08 1.81317e-19)
(-6.549e-10 -3.75584e-11 1.52008e-08)
(1.6182e-08 -5.99729e-12 9.25592e-10)
(2.54436e-19 1.53418e-08 2.51656e-19)
(-8.70687e-10 -4.04174e-11 1.52371e-08)
(1.61509e-08 -4.09986e-12 1.14342e-09)
(2.76908e-19 1.53297e-08 3.05242e-19)
(-1.09133e-09 -4.21807e-11 1.52536e-08)
(1.61169e-08 -2.303e-12 1.35697e-09)
(3.06474e-19 1.53278e-08 3.30783e-19)
(-1.30163e-09 -4.33744e-11 1.52569e-08)
(1.60807e-08 -8.21844e-13 1.56452e-09)
(3.54497e-19 1.5332e-08 3.17603e-19)
(-1.50282e-09 -4.40138e-11 1.5253e-08)
(1.60429e-08 2.95842e-13 1.76541e-09)
(3.96502e-19 1.53391e-08 2.6416e-19)
(-1.69648e-09 -4.41521e-11 1.52442e-08)
(1.60039e-08 1.08595e-12 1.95957e-09)
(3.8946e-19 1.53474e-08 2.2016e-19)
(-1.88365e-09 -4.38919e-11 1.52318e-08)
(1.59639e-08 1.61239e-12 2.14714e-09)
(3.40571e-19 1.53562e-08 2.81087e-19)
(-2.06494e-09 -4.33389e-11 1.52168e-08)
(1.59231e-08 1.94089e-12 2.32836e-09)
(2.90505e-19 1.5365e-08 4.49512e-19)
(-2.24074e-09 -4.25804e-11 1.51998e-08)
(1.58815e-08 2.1283e-12 2.50346e-09)
(3.19519e-19 1.53736e-08 6.10462e-19)
(-2.41129e-09 -4.16823e-11 1.51811e-08)
(1.58394e-08 2.21945e-12 2.67263e-09)
(4.21956e-19 1.53819e-08 6.58107e-19)
(-2.57675e-09 -4.06925e-11 1.51611e-08)
(1.57967e-08 2.24753e-12 2.83608e-09)
(4.70132e-19 1.539e-08 6.09882e-19)
(-2.73724e-09 -3.96447e-11 1.51401e-08)
(1.57536e-08 2.23594e-12 2.99394e-09)
(4.31903e-19 1.53979e-08 5.89265e-19)
(-2.89283e-09 -3.85625e-11 1.51182e-08)
(1.57102e-08 2.20058e-12 3.14636e-09)
(3.6922e-19 1.54055e-08 6.66692e-19)
(-3.04359e-09 -3.74623e-11 1.50955e-08)
(1.56667e-08 2.1518e-12 3.29346e-09)
(3.56259e-19 1.54129e-08 7.98087e-19)
(-3.18958e-09 -3.63551e-11 1.50722e-08)
(1.5623e-08 2.09611e-12 3.43536e-09)
(4.03992e-19 1.54202e-08 8.91735e-19)
(-3.33086e-09 -3.52485e-11 1.50484e-08)
(1.55793e-08 2.03745e-12 3.57218e-09)
(4.43993e-19 1.54273e-08 9.14829e-19)
(-3.4675e-09 -3.41478e-11 1.50242e-08)
(1.55358e-08 1.97809e-12 3.70401e-09)
(4.56681e-19 1.54342e-08 9.14237e-19)
(-3.59957e-09 -3.30563e-11 1.49998e-08)
(1.54925e-08 1.91924e-12 3.83097e-09)
(4.61605e-19 1.54409e-08 9.24019e-19)
(-3.72713e-09 -3.19766e-11 1.49752e-08)
(1.54495e-08 1.86151e-12 3.95316e-09)
(4.65247e-19 1.54476e-08 9.46741e-19)
(-3.85026e-09 -3.09103e-11 1.49505e-08)
(1.54069e-08 1.80515e-12 4.0707e-09)
(4.69214e-19 1.54541e-08 9.82839e-19)
(-3.96904e-09 -2.98586e-11 1.49258e-08)
(1.53648e-08 1.75021e-12 4.18368e-09)
(4.74649e-19 1.54604e-08 1.0308e-18)
(-4.08355e-09 -2.88224e-11 1.49013e-08)
(1.53232e-08 1.69668e-12 4.29222e-09)
(4.80087e-19 1.54666e-08 1.08223e-18)
(-4.19387e-09 -2.78021e-11 1.48769e-08)
(1.52822e-08 1.64447e-12 4.39641e-09)
(4.83864e-19 1.54727e-08 1.12593e-18)
(-4.30007e-09 -2.67984e-11 1.48527e-08)
(1.5242e-08 1.59353e-12 4.49637e-09)
(4.86922e-19 1.54786e-08 1.15821e-18)
(-4.40225e-09 -2.58114e-11 1.48288e-08)
(1.52024e-08 1.54378e-12 4.59219e-09)
(4.89364e-19 1.54844e-08 1.18625e-18)
(-4.50048e-09 -2.48416e-11 1.48053e-08)
(1.51637e-08 1.49516e-12 4.68398e-09)
(4.86781e-19 1.54901e-08 1.21817e-18)
(-4.59484e-09 -2.38891e-11 1.47822e-08)
(1.51257e-08 1.44764e-12 4.77185e-09)
(4.7552e-19 1.54956e-08 1.25012e-18)
(-4.68543e-09 -2.29541e-11 1.47595e-08)
(1.50887e-08 1.40118e-12 4.85589e-09)
(4.61166e-19 1.5501e-08 1.27222e-18)
(-4.77233e-09 -2.20367e-11 1.47374e-08)
(1.50525e-08 1.35574e-12 4.93621e-09)
(4.49449e-19 1.55062e-08 1.28079e-18)
(-4.85561e-09 -2.11371e-11 1.47158e-08)
(1.50173e-08 1.31131e-12 5.01291e-09)
(4.46777e-19 1.55114e-08 1.27879e-18)
(-4.93536e-09 -2.02555e-11 1.46947e-08)
(1.49831e-08 1.26787e-12 5.08608e-09)
(4.70178e-19 1.55164e-08 1.27553e-18)
(-5.01166e-09 -1.93918e-11 1.46743e-08)
(1.49498e-08 1.22539e-12 5.15582e-09)
(4.99421e-19 1.55212e-08 1.27086e-18)
(-5.0846e-09 -1.85463e-11 1.46545e-08)
(1.49176e-08 1.18387e-12 5.22224e-09)
(5.06801e-19 1.5526e-08 1.26512e-18)
(-5.15425e-09 -1.7719e-11 1.46354e-08)
(1.48864e-08 1.14328e-12 5.28541e-09)
(4.92996e-19 1.55306e-08 1.26729e-18)
(-5.2207e-09 -1.69099e-11 1.46169e-08)
(1.48562e-08 1.10361e-12 5.34544e-09)
(4.63948e-19 1.55351e-08 1.27819e-18)
(-5.28404e-09 -1.61191e-11 1.45992e-08)
(1.4827e-08 1.06484e-12 5.40243e-09)
(4.32584e-19 1.55394e-08 1.29579e-18)
(-5.34433e-09 -1.53468e-11 1.45821e-08)
(1.47989e-08 1.02695e-12 5.45645e-09)
(4.07192e-19 1.55437e-08 1.3195e-18)
(-5.40166e-09 -1.45929e-11 1.45658e-08)
(1.47719e-08 9.89929e-13 5.50761e-09)
(3.88105e-19 1.55478e-08 1.34803e-18)
(-5.4561e-09 -1.38574e-11 1.45502e-08)
(1.47459e-08 9.53753e-13 5.55598e-09)
(3.72392e-19 1.55518e-08 1.37813e-18)
(-5.50775e-09 -1.31405e-11 1.45353e-08)
(1.4721e-08 9.18403e-13 5.60167e-09)
(3.61263e-19 1.55557e-08 1.40371e-18)
(-5.55667e-09 -1.24422e-11 1.45212e-08)
(1.46971e-08 8.83861e-13 5.64475e-09)
(3.4894e-19 1.55594e-08 1.41598e-18)
(-5.60294e-09 -1.17624e-11 1.45078e-08)
(1.46743e-08 8.50104e-13 5.68531e-09)
(3.31256e-19 1.55631e-08 1.42135e-18)
(-5.64663e-09 -1.11012e-11 1.44951e-08)
(1.46524e-08 8.17113e-13 5.72344e-09)
(3.20254e-19 1.55666e-08 1.43977e-18)
(-5.68784e-09 -1.04587e-11 1.44831e-08)
(1.46316e-08 7.84866e-13 5.75921e-09)
(3.24049e-19 1.557e-08 1.46789e-18)
(-5.72662e-09 -9.83473e-12 1.44719e-08)
(1.46119e-08 7.53342e-13 5.79272e-09)
(3.30453e-19 1.55733e-08 1.48341e-18)
(-5.76306e-09 -9.22943e-12 1.44613e-08)
(1.45931e-08 7.2252e-13 5.82403e-09)
(3.3146e-19 1.55765e-08 1.48256e-18)
(-5.79722e-09 -8.64277e-12 1.44515e-08)
(1.45753e-08 6.92378e-13 5.85324e-09)
(3.31708e-19 1.55795e-08 1.46815e-18)
(-5.82919e-09 -8.07476e-12 1.44423e-08)
(1.45584e-08 6.62893e-13 5.88042e-09)
(3.37018e-19 1.55825e-08 1.43873e-18)
(-5.85904e-09 -7.52538e-12 1.44338e-08)
(1.45425e-08 6.34044e-13 5.90565e-09)
(3.53627e-19 1.55854e-08 1.40283e-18)
(-5.88684e-09 -6.99464e-12 1.4426e-08)
(1.45275e-08 6.05808e-13 5.929e-09)
(3.65129e-19 1.55881e-08 1.36175e-18)
(-5.91266e-09 -6.48252e-12 1.44187e-08)
(1.45134e-08 5.78163e-13 5.95056e-09)
(3.60835e-19 1.55907e-08 1.31665e-18)
(-5.93657e-09 -5.98903e-12 1.44121e-08)
(1.45002e-08 5.51087e-13 5.9704e-09)
(3.45525e-19 1.55933e-08 1.27208e-18)
(-5.95865e-09 -5.51413e-12 1.44061e-08)
(1.44878e-08 5.24557e-13 5.98859e-09)
(3.14281e-19 1.55957e-08 1.21897e-18)
(-5.97897e-09 -5.05782e-12 1.44007e-08)
(1.44763e-08 4.98551e-13 6.0052e-09)
(2.78344e-19 1.5598e-08 1.15858e-18)
(-5.99759e-09 -4.62009e-12 1.43959e-08)
(1.44655e-08 4.73047e-13 6.02032e-09)
(2.45369e-19 1.56002e-08 1.10561e-18)
(-6.01459e-09 -4.2009e-12 1.43915e-08)
(1.44556e-08 4.48022e-13 6.03402e-09)
(2.10156e-19 1.56023e-08 1.0621e-18)
(-6.03004e-09 -3.80025e-12 1.43877e-08)
(1.44464e-08 4.23456e-13 6.04636e-09)
(1.84818e-19 1.56043e-08 1.01995e-18)
(-6.04401e-09 -3.41811e-12 1.43844e-08)
(1.44379e-08 3.99326e-13 6.05742e-09)
(2.16285e-19 1.56062e-08 1.01319e-18)
(-6.05656e-09 -3.05446e-12 1.43815e-08)
(1.44302e-08 3.75611e-13 6.06726e-09)
(2.93868e-19 1.5608e-08 1.11725e-18)
(-6.06777e-09 -2.70926e-12 1.4379e-08)
(1.44231e-08 3.52291e-13 6.07597e-09)
(2.48914e-19 1.56097e-08 1.32848e-18)
(-6.07771e-09 -2.38251e-12 1.4377e-08)
(1.44167e-08 3.29353e-13 6.08361e-09)
(-1.11169e-20 1.56113e-08 1.56486e-18)
(-6.08644e-09 -2.07416e-12 1.43754e-08)
(1.44108e-08 3.06792e-13 6.09025e-09)
(-2.8974e-19 1.56128e-08 1.82176e-18)
(-6.09403e-09 -1.7842e-12 1.43741e-08)
(1.44056e-08 2.84612e-13 6.09595e-09)
(-4.17569e-19 1.56143e-08 2.10275e-18)
(-6.10054e-09 -1.51258e-12 1.43731e-08)
(1.44009e-08 2.62836e-13 6.10079e-09)
(-4.40915e-19 1.56156e-08 2.33771e-18)
(-6.10606e-09 -1.25927e-12 1.43725e-08)
(1.43968e-08 2.4152e-13 6.10484e-09)
(-4.45419e-19 1.56168e-08 2.50448e-18)
(-6.11064e-09 -1.02426e-12 1.43721e-08)
(1.43932e-08 2.20766e-13 6.10817e-09)
(-4.66257e-19 1.56179e-08 2.62976e-18)
(-6.11435e-09 -8.07494e-13 1.43719e-08)
(1.439e-08 2.00747e-13 6.11084e-09)
(-4.92809e-19 1.56189e-08 2.71751e-18)
(-6.11726e-09 -6.08954e-13 1.4372e-08)
(1.43873e-08 1.81725e-13 6.11292e-09)
(-5.00448e-19 1.56199e-08 2.78474e-18)
(-6.11944e-09 -4.28633e-13 1.43723e-08)
(1.4385e-08 1.64074e-13 6.11448e-09)
(-4.97042e-19 1.56207e-08 2.87222e-18)
(-6.12095e-09 -2.66579e-13 1.43728e-08)
(1.43831e-08 1.48277e-13 6.11559e-09)
(-4.91919e-19 1.56214e-08 3.00285e-18)
(-6.12187e-09 -1.22926e-13 1.43733e-08)
(1.43816e-08 1.34897e-13 6.11632e-09)
(-4.78238e-19 1.56221e-08 3.13958e-18)
(-6.12225e-09 2.04303e-15 1.4374e-08)
(1.43804e-08 1.24464e-13 6.11675e-09)
(-4.55909e-19 1.56226e-08 3.16236e-18)
(-6.12216e-09 1.07862e-13 1.43748e-08)
(1.43795e-08 1.17294e-13 6.11695e-09)
(-5.44426e-19 1.56231e-08 2.80863e-18)
(-6.12169e-09 1.93946e-13 1.43756e-08)
(1.43788e-08 1.13204e-13 6.11699e-09)
(-9.14325e-19 1.56234e-08 1.86491e-18)
(-6.1209e-09 2.59889e-13 1.43764e-08)
(1.43783e-08 1.1154e-13 6.11698e-09)
(-9.81773e-19 1.56238e-08 1.36125e-18)
(-6.11988e-09 3.06065e-13 1.43771e-08)
(1.4378e-08 1.12459e-13 6.117e-09)
(-2.71186e-20 1.56241e-08 3.44631e-18)
(-6.11876e-09 3.33693e-13 1.43777e-08)
(-1.01736e-18 1.56244e-08 5.70482e-18)
(-6.11778e-09 3.42345e-13 1.4378e-08)
(1.61397e-08 4.14024e-12 2.74713e-10)
(-1.51116e-10 1.53209e-08 -2.42766e-11)
(-7.22287e-10 1.27988e-11 1.50936e-08)
(1.62273e-08 7.48278e-12 4.90792e-10)
(-8.3935e-11 1.54089e-08 -6.15869e-11)
(-5.4516e-10 3.06611e-11 1.51623e-08)
(1.62101e-08 7.50034e-12 7.06822e-10)
(-3.99505e-11 1.53632e-08 -8.17148e-11)
(-6.549e-10 3.75584e-11 1.52008e-08)
(1.6182e-08 5.99729e-12 9.25592e-10)
(-1.4042e-11 1.53377e-08 -9.0536e-11)
(-8.70687e-10 4.04174e-11 1.52371e-08)
(1.61509e-08 4.09986e-12 1.14342e-09)
(1.39865e-12 1.53283e-08 -9.29684e-11)
(-1.09133e-09 4.21807e-11 1.52536e-08)
(1.61169e-08 2.303e-12 1.35697e-09)
(1.03348e-11 1.53277e-08 -9.22541e-11)
(-1.30163e-09 4.33744e-11 1.52569e-08)
(1.60807e-08 8.21843e-13 1.56452e-09)
(1.53621e-11 1.53324e-08 -9.0167e-11)
(-1.50282e-09 4.40138e-11 1.5253e-08)
(1.60429e-08 -2.95842e-13 1.76541e-09)
(1.81492e-11 1.53397e-08 -8.75671e-11)
(-1.69648e-09 4.41521e-11 1.52442e-08)
(1.60039e-08 -1.08595e-12 1.95957e-09)
(1.96765e-11 1.5348e-08 -8.48443e-11)
(-1.88365e-09 4.38919e-11 1.52318e-08)
(1.59639e-08 -1.6124e-12 2.14714e-09)
(2.05125e-11 1.53567e-08 -8.21563e-11)
(-2.06494e-09 4.33389e-11 1.52168e-08)
(1.59231e-08 -1.94089e-12 2.32836e-09)
(2.09802e-11 1.53654e-08 -7.95515e-11)
(-2.24074e-09 4.25804e-11 1.51998e-08)
(1.58815e-08 -2.1283e-12 2.50346e-09)
(2.12553e-11 1.53739e-08 -7.70336e-11)
(-2.41129e-09 4.16823e-11 1.51811e-08)
(1.58394e-08 -2.21945e-12 2.67263e-09)
(2.14283e-11 1.53822e-08 -7.45908e-11)
(-2.57675e-09 4.06925e-11 1.51611e-08)
(1.57967e-08 -2.24753e-12 2.83608e-09)
(2.15417e-11 1.53903e-08 -7.22093e-11)
(-2.73724e-09 3.96447e-11 1.51401e-08)
(1.57536e-08 -2.23595e-12 2.99394e-09)
(2.16134e-11 1.53981e-08 -6.98781e-11)
(-2.89283e-09 3.85625e-11 1.51182e-08)
(1.57102e-08 -2.20058e-12 3.14636e-09)
(2.16485e-11 1.54057e-08 -6.75896e-11)
(-3.04359e-09 3.74623e-11 1.50955e-08)
(1.56667e-08 -2.1518e-12 3.29346e-09)
(2.16473e-11 1.54131e-08 -6.53395e-11)
(-3.18958e-09 3.63551e-11 1.50722e-08)
(1.5623e-08 -2.09611e-12 3.43536e-09)
(2.16084e-11 1.54203e-08 -6.31256e-11)
(-3.33086e-09 3.52485e-11 1.50484e-08)
(1.55793e-08 -2.03746e-12 3.57218e-09)
(2.15303e-11 1.54273e-08 -6.09476e-11)
(-3.4675e-09 3.41478e-11 1.50242e-08)
(1.55358e-08 -1.97809e-12 3.70401e-09)
(2.14126e-11 1.54343e-08 -5.88058e-11)
(-3.59957e-09 3.30563e-11 1.49998e-08)
(1.54925e-08 -1.91924e-12 3.83097e-09)
(2.12555e-11 1.5441e-08 -5.67008e-11)
(-3.72713e-09 3.19766e-11 1.49752e-08)
(1.54495e-08 -1.86151e-12 3.95316e-09)
(2.10601e-11 1.54476e-08 -5.46336e-11)
(-3.85026e-09 3.09103e-11 1.49505e-08)
(1.54069e-08 -1.80515e-12 4.0707e-09)
(2.08281e-11 1.54541e-08 -5.2605e-11)
(-3.96904e-09 2.98586e-11 1.49258e-08)
(1.53648e-08 -1.75022e-12 4.18368e-09)
(2.05616e-11 1.54604e-08 -5.06157e-11)
(-4.08355e-09 2.88224e-11 1.49013e-08)
(1.53232e-08 -1.69668e-12 4.29222e-09)
(2.02627e-11 1.54666e-08 -4.86664e-11)
(-4.19387e-09 2.78021e-11 1.48769e-08)
(1.52822e-08 -1.64447e-12 4.39641e-09)
(1.9934e-11 1.54727e-08 -4.67575e-11)
(-4.30007e-09 2.67984e-11 1.48527e-08)
(1.5242e-08 -1.59353e-12 4.49637e-09)
(1.95779e-11 1.54786e-08 -4.48892e-11)
(-4.40225e-09 2.58114e-11 1.48288e-08)
(1.52024e-08 -1.54378e-12 4.59219e-09)
(1.91968e-11 1.54844e-08 -4.30618e-11)
(-4.50048e-09 2.48416e-11 1.48053e-08)
(1.51637e-08 -1.49516e-12 4.68398e-09)
(1.87931e-11 1.54901e-08 -4.12754e-11)
(-4.59484e-09 2.38891e-11 1.47822e-08)
(1.51257e-08 -1.44764e-12 4.77185e-09)
(1.83691e-11 1.54956e-08 -3.95299e-11)
(-4.68543e-09 2.2954e-11 1.47595e-08)
(1.50887e-08 -1.40118e-12 4.85589e-09)
(1.79272e-11 1.5501e-08 -3.78254e-11)
(-4.77233e-09 2.20367e-11 1.47374e-08)
(1.50525e-08 -1.35574e-12 4.93621e-09)
(1.74693e-11 1.55062e-08 -3.61616e-11)
(-4.85561e-09 2.11371e-11 1.47158e-08)
(1.50173e-08 -1.31131e-12 5.01291e-09)
(1.69975e-11 1.55113e-08 -3.45384e-11)
(-4.93536e-09 2.02555e-11 1.46947e-08)
(1.49831e-08 -1.26787e-12 5.08608e-09)
(1.65138e-11 1.55163e-08 -3.29556e-11)
(-5.01166e-09 1.93918e-11 1.46743e-08)
(1.49498e-08 -1.22539e-12 5.15582e-09)
(1.602e-11 1.55212e-08 -3.1413e-11)
(-5.0846e-09 1.85463e-11 1.46545e-08)
(1.49176e-08 -1.18387e-12 5.22224e-09)
(1.55179e-11 1.55259e-08 -2.99103e-11)
(-5.15425e-09 1.7719e-11 1.46354e-08)
(1.48864e-08 -1.14328e-12 5.28541e-09)
(1.50092e-11 1.55306e-08 -2.84472e-11)
(-5.2207e-09 1.69099e-11 1.46169e-08)
(1.48562e-08 -1.10361e-12 5.34544e-09)
(1.44953e-11 1.5535e-08 -2.70235e-11)
(-5.28404e-09 1.61191e-11 1.45992e-08)
(1.4827e-08 -1.06484e-12 5.40243e-09)
(1.39778e-11 1.55394e-08 -2.56387e-11)
(-5.34433e-09 1.53468e-11 1.45821e-08)
(1.47989e-08 -1.02695e-12 5.45645e-09)
(1.34582e-11 1.55436e-08 -2.42927e-11)
(-5.40166e-09 1.45929e-11 1.45658e-08)
(1.47719e-08 -9.8993e-13 5.50761e-09)
(1.29376e-11 1.55478e-08 -2.29851e-11)
(-5.4561e-09 1.38574e-11 1.45502e-08)
(1.47459e-08 -9.53754e-13 5.55598e-09)
(1.24175e-11 1.55518e-08 -2.17155e-11)
(-5.50775e-09 1.31405e-11 1.45353e-08)
(1.4721e-08 -9.18405e-13 5.60167e-09)
(1.1899e-11 1.55556e-08 -2.04836e-11)
(-5.55667e-09 1.24422e-11 1.45212e-08)
(1.46971e-08 -8.83862e-13 5.64475e-09)
(1.13832e-11 1.55594e-08 -1.92891e-11)
(-5.60294e-09 1.17624e-11 1.45078e-08)
(1.46743e-08 -8.50105e-13 5.68531e-09)
(1.08712e-11 1.5563e-08 -1.81316e-11)
(-5.64663e-09 1.11012e-11 1.44951e-08)
(1.46524e-08 -8.17114e-13 5.72344e-09)
(1.03639e-11 1.55666e-08 -1.70109e-11)
(-5.68784e-09 1.04587e-11 1.44831e-08)
(1.46316e-08 -7.84867e-13 5.75921e-09)
(9.86219e-12 1.557e-08 -1.59267e-11)
(-5.72662e-09 9.83472e-12 1.44719e-08)
(1.46119e-08 -7.53343e-13 5.79272e-09)
(9.36702e-12 1.55733e-08 -1.48785e-11)
(-5.76306e-09 9.22943e-12 1.44613e-08)
(1.45931e-08 -7.22521e-13 5.82403e-09)
(8.87916e-12 1.55764e-08 -1.38662e-11)
(-5.79722e-09 8.64277e-12 1.44515e-08)
(1.45753e-08 -6.92379e-13 5.85324e-09)
(8.39934e-12 1.55795e-08 -1.28894e-11)
(-5.82919e-09 8.07475e-12 1.44423e-08)
(1.45584e-08 -6.62894e-13 5.88042e-09)
(7.92824e-12 1.55825e-08 -1.19479e-11)
(-5.85904e-09 7.52538e-12 1.44338e-08)
(1.45425e-08 -6.34045e-13 5.90565e-09)
(7.46651e-12 1.55853e-08 -1.10413e-11)
(-5.88684e-09 6.99464e-12 1.4426e-08)
(1.45275e-08 -6.05809e-13 5.929e-09)
(7.01472e-12 1.55881e-08 -1.01695e-11)
(-5.91266e-09 6.48252e-12 1.44187e-08)
(1.45134e-08 -5.78164e-13 5.95056e-09)
(6.57341e-12 1.55907e-08 -9.33212e-12)
(-5.93657e-09 5.98902e-12 1.44121e-08)
(1.45002e-08 -5.51088e-13 5.9704e-09)
(6.14308e-12 1.55932e-08 -8.52903e-12)
(-5.95865e-09 5.51413e-12 1.44061e-08)
(1.44878e-08 -5.24558e-13 5.98859e-09)
(5.72417e-12 1.55957e-08 -7.75998e-12)
(-5.97897e-09 5.05782e-12 1.44007e-08)
(1.44763e-08 -4.98552e-13 6.0052e-09)
(5.31708e-12 1.5598e-08 -7.02476e-12)
(-5.99759e-09 4.62008e-12 1.43959e-08)
(1.44655e-08 -4.73048e-13 6.02032e-09)
(4.92218e-12 1.56002e-08 -6.32318e-12)
(-6.01459e-09 4.2009e-12 1.43915e-08)
(1.44556e-08 -4.48024e-13 6.03402e-09)
(4.5398e-12 1.56023e-08 -5.65507e-12)
(-6.03004e-09 3.80025e-12 1.43877e-08)
(1.44464e-08 -4.23458e-13 6.04636e-09)
(4.17023e-12 1.56043e-08 -5.02025e-12)
(-6.04401e-09 3.41811e-12 1.43844e-08)
(1.44379e-08 -3.99328e-13 6.05742e-09)
(3.81373e-12 1.56062e-08 -4.41858e-12)
(-6.05656e-09 3.05445e-12 1.43815e-08)
(1.44302e-08 -3.75612e-13 6.06726e-09)
(3.47052e-12 1.5608e-08 -3.84991e-12)
(-6.06777e-09 2.70926e-12 1.4379e-08)
(1.44231e-08 -3.52292e-13 6.07597e-09)
(3.1408e-12 1.56097e-08 -3.31411e-12)
(-6.07771e-09 2.38251e-12 1.4377e-08)
(1.44167e-08 -3.29354e-13 6.08361e-09)
(2.82469e-12 1.56113e-08 -2.81109e-12)
(-6.08644e-09 2.07416e-12 1.43754e-08)
(1.44108e-08 -3.06793e-13 6.09025e-09)
(2.52232e-12 1.56128e-08 -2.34076e-12)
(-6.09403e-09 1.78419e-12 1.43741e-08)
(1.44056e-08 -2.84614e-13 6.09595e-09)
(2.23378e-12 1.56143e-08 -1.90306e-12)
(-6.10054e-09 1.51257e-12 1.43731e-08)
(1.44009e-08 -2.62838e-13 6.10079e-09)
(1.95913e-12 1.56156e-08 -1.49798e-12)
(-6.10606e-09 1.25927e-12 1.43725e-08)
(1.43968e-08 -2.41521e-13 6.10484e-09)
(1.69839e-12 1.56168e-08 -1.12553e-12)
(-6.11064e-09 1.02425e-12 1.43721e-08)
(1.43932e-08 -2.20767e-13 6.10817e-09)
(1.45154e-12 1.56179e-08 -7.85787e-13)
(-6.11435e-09 8.07488e-13 1.43719e-08)
(1.439e-08 -2.00748e-13 6.11084e-09)
(1.2186e-12 1.56189e-08 -4.78876e-13)
(-6.11726e-09 6.08948e-13 1.4372e-08)
(1.43873e-08 -1.81727e-13 6.11292e-09)
(9.996e-13 1.56199e-08 -2.04982e-13)
(-6.11944e-09 4.28628e-13 1.43723e-08)
(1.4385e-08 -1.64075e-13 6.11448e-09)
(7.94725e-13 1.56207e-08 3.56865e-14)
(-6.12095e-09 2.66573e-13 1.43728e-08)
(1.43831e-08 -1.48279e-13 6.11559e-09)
(6.04461e-13 1.56214e-08 2.42986e-13)
(-6.12187e-09 1.2292e-13 1.43733e-08)
(1.43816e-08 -1.34898e-13 6.11632e-09)
(4.29864e-13 1.56221e-08 4.17015e-13)
(-6.12225e-09 -2.0487e-15 1.4374e-08)
(1.43804e-08 -1.24465e-13 6.11675e-09)
(2.72955e-13 1.56226e-08 5.58427e-13)
(-6.12216e-09 -1.07867e-13 1.43748e-08)
(1.43795e-08 -1.17296e-13 6.11695e-09)
(1.37156e-13 1.56231e-08 6.68903e-13)
(-6.12169e-09 -1.9395e-13 1.43756e-08)
(1.43788e-08 -1.13206e-13 6.11699e-09)
(2.75404e-14 1.56235e-08 7.51731e-13)
(-6.1209e-09 -2.59891e-13 1.43764e-08)
(1.43783e-08 -1.11541e-13 6.11698e-09)
(-4.94943e-14 1.56238e-08 8.122e-13)
(-6.11988e-09 -3.06067e-13 1.43771e-08)
(1.4378e-08 -1.1246e-13 6.117e-09)
(-9.15702e-14 1.56241e-08 8.56645e-13)
(-6.11876e-09 -3.33701e-13 1.43777e-08)
(-1.17346e-13 1.56244e-08 8.9256e-13)
(-6.11778e-09 -3.42358e-13 1.4378e-08)
(1.61426e-08 1.89481e-11 2.71923e-10)
(-3.28862e-10 1.52847e-08 -5.18126e-11)
(-6.67212e-10 4.06586e-11 1.5099e-08)
(1.62257e-08 2.87112e-11 4.91223e-10)
(-1.61022e-10 1.53661e-08 -1.28655e-10)
(-5.25061e-10 9.63368e-11 1.51808e-08)
(1.62064e-08 2.57203e-11 7.08896e-10)
(-6.97762e-11 1.53407e-08 -1.67135e-10)
(-6.48604e-10 1.1638e-10 1.52194e-08)
(1.61771e-08 1.8581e-11 9.27801e-10)
(-2.12175e-11 1.53292e-08 -1.82776e-10)
(-8.67392e-10 1.24273e-10 1.52504e-08)
(1.61458e-08 1.14568e-11 1.14509e-09)
(6.48644e-12 1.53263e-08 -1.86374e-10)
(-1.08907e-09 1.29021e-10 1.52618e-08)
(1.61122e-08 5.47336e-12 1.358e-09)
(2.23401e-11 1.53285e-08 -1.84309e-10)
(-1.30043e-09 1.31954e-10 1.52616e-08)
(1.60768e-08 8.81073e-13 1.56501e-09)
(3.13166e-11 1.53343e-08 -1.79847e-10)
(-1.50262e-09 1.3318e-10 1.52555e-08)
(1.60397e-08 -2.41619e-12 1.76552e-09)
(3.63622e-11 1.53418e-08 -1.74531e-10)
(-1.69707e-09 1.32981e-10 1.52452e-08)
(1.60014e-08 -4.6534e-12 1.95942e-09)
(3.91787e-11 1.535e-08 -1.69055e-10)
(-1.88481e-09 1.31718e-10 1.52319e-08)
(1.59619e-08 -6.0857e-12 2.14685e-09)
(4.07622e-11 1.53584e-08 -1.63684e-10)
(-2.06649e-09 1.29709e-10 1.52163e-08)
(1.59215e-08 -6.93865e-12 2.32798e-09)
(4.16819e-11 1.53668e-08 -1.58494e-10)
(-2.24254e-09 1.27192e-10 1.51989e-08)
(1.58802e-08 -7.39253e-12 2.50303e-09)
(4.22476e-11 1.53751e-08 -1.5348e-10)
(-2.41326e-09 1.2434e-10 1.51801e-08)
(1.58383e-08 -7.58216e-12 2.67219e-09)
(4.26186e-11 1.53832e-08 -1.48615e-10)
(-2.57882e-09 1.21275e-10 1.516e-08)
(1.57958e-08 -7.60348e-12 2.83563e-09)
(4.28704e-11 1.53911e-08 -1.43869e-10)
(-2.73936e-09 1.18078e-10 1.51389e-08)
(1.57528e-08 -7.52204e-12 2.99349e-09)
(4.30341e-11 1.53987e-08 -1.39221e-10)
(-2.89498e-09 1.14808e-10 1.51169e-08)
(1.57095e-08 -7.381e-12 3.14592e-09)
(4.31196e-11 1.54062e-08 -1.34657e-10)
(-3.04574e-09 1.11503e-10 1.50942e-08)
(1.5666e-08 -7.20777e-12 3.29303e-09)
(4.31279e-11 1.54136e-08 -1.30168e-10)
(-3.19172e-09 1.08189e-10 1.50709e-08)
(1.56224e-08 -7.01912e-12 3.43494e-09)
(4.3057e-11 1.54207e-08 -1.25751e-10)
(-3.33298e-09 1.04885e-10 1.50472e-08)
(1.55787e-08 -6.82486e-12 3.57176e-09)
(4.29053e-11 1.54277e-08 -1.21406e-10)
(-3.4696e-09 1.01603e-10 1.5023e-08)
(1.55353e-08 -6.63046e-12 3.7036e-09)
(4.26727e-11 1.54346e-08 -1.17133e-10)
(-3.60163e-09 9.83519e-11 1.49986e-08)
(1.5492e-08 -6.43872e-12 3.83057e-09)
(4.23603e-11 1.54413e-08 -1.12934e-10)
(-3.72916e-09 9.51372e-11 1.4974e-08)
(1.5449e-08 -6.25092e-12 3.95277e-09)
(4.19709e-11 1.54479e-08 -1.0881e-10)
(-3.85225e-09 9.19635e-11 1.49493e-08)
(1.54065e-08 -6.06752e-12 4.07032e-09)
(4.1508e-11 1.54543e-08 -1.04764e-10)
(-3.971e-09 8.88336e-11 1.49247e-08)
(1.53644e-08 -5.88852e-12 4.18331e-09)
(4.09759e-11 1.54606e-08 -1.00797e-10)
(-4.08547e-09 8.57498e-11 1.49001e-08)
(1.53228e-08 -5.71378e-12 4.29185e-09)
(4.03794e-11 1.54668e-08 -9.6909e-11)
(-4.19574e-09 8.27138e-11 1.48757e-08)
(1.52819e-08 -5.54306e-12 4.39605e-09)
(3.97233e-11 1.54728e-08 -9.31022e-11)
(-4.30191e-09 7.97267e-11 1.48516e-08)
(1.52416e-08 -5.37616e-12 4.49602e-09)
(3.90126e-11 1.54787e-08 -8.93767e-11)
(-4.40405e-09 7.67896e-11 1.48277e-08)
(1.52021e-08 -5.21288e-12 4.59185e-09)
(3.82522e-11 1.54845e-08 -8.5733e-11)
(-4.50224e-09 7.39033e-11 1.48042e-08)
(1.51634e-08 -5.05308e-12 4.68365e-09)
(3.74469e-11 1.54901e-08 -8.21712e-11)
(-4.59657e-09 7.10683e-11 1.47811e-08)
(1.51255e-08 -4.89663e-12 4.77153e-09)
(3.66012e-11 1.54956e-08 -7.86913e-11)
(-4.68712e-09 6.82853e-11 1.47585e-08)
(1.50884e-08 -4.74346e-12 4.85558e-09)
(3.57197e-11 1.5501e-08 -7.52932e-11)
(-4.77397e-09 6.55548e-11 1.47364e-08)
(1.50523e-08 -4.59347e-12 4.93591e-09)
(3.48065e-11 1.55062e-08 -7.19765e-11)
(-4.85721e-09 6.28771e-11 1.47148e-08)
(1.50171e-08 -4.44663e-12 5.01262e-09)
(3.38657e-11 1.55113e-08 -6.8741e-11)
(-4.93693e-09 6.02525e-11 1.46938e-08)
(1.49829e-08 -4.30286e-12 5.0858e-09)
(3.29012e-11 1.55163e-08 -6.55862e-11)
(-5.01319e-09 5.76815e-11 1.46734e-08)
(1.49496e-08 -4.16213e-12 5.15555e-09)
(3.19166e-11 1.55212e-08 -6.25117e-11)
(-5.08609e-09 5.51643e-11 1.46536e-08)
(1.49174e-08 -4.02438e-12 5.22197e-09)
(3.09155e-11 1.55259e-08 -5.9517e-11)
(-5.15571e-09 5.27012e-11 1.46345e-08)
(1.48862e-08 -3.88957e-12 5.28515e-09)
(2.99011e-11 1.55305e-08 -5.66013e-11)
(-5.22213e-09 5.02924e-11 1.46161e-08)
(1.4856e-08 -3.75765e-12 5.34519e-09)
(2.88767e-11 1.5535e-08 -5.37643e-11)
(-5.28542e-09 4.7938e-11 1.45983e-08)
(1.48269e-08 -3.62856e-12 5.40219e-09)
(2.78451e-11 1.55393e-08 -5.10051e-11)
(-5.34568e-09 4.56383e-11 1.45813e-08)
(1.47988e-08 -3.50226e-12 5.45622e-09)
(2.68092e-11 1.55436e-08 -4.83232e-11)
(-5.40297e-09 4.33935e-11 1.4565e-08)
(1.47718e-08 -3.37869e-12 5.50738e-09)
(2.57716e-11 1.55477e-08 -4.5718e-11)
(-5.45738e-09 4.12036e-11 1.45494e-08)
(1.47458e-08 -3.25779e-12 5.55577e-09)
(2.47349e-11 1.55517e-08 -4.31887e-11)
(-5.50899e-09 3.90688e-11 1.45345e-08)
(1.47209e-08 -3.1395e-12 5.60146e-09)
(2.37014e-11 1.55555e-08 -4.07347e-11)
(-5.55788e-09 3.69892e-11 1.45204e-08)
(1.4697e-08 -3.02375e-12 5.64455e-09)
(2.26734e-11 1.55593e-08 -3.83554e-11)
(-5.60411e-09 3.49648e-11 1.4507e-08)
(1.46742e-08 -2.9105e-12 5.68512e-09)
(2.16528e-11 1.55629e-08 -3.605e-11)
(-5.64777e-09 3.29958e-11 1.44944e-08)
(1.46524e-08 -2.79966e-12 5.72326e-09)
(2.06418e-11 1.55665e-08 -3.38179e-11)
(-5.68894e-09 3.10822e-11 1.44824e-08)
(1.46316e-08 -2.69119e-12 5.75904e-09)
(1.9642e-11 1.55699e-08 -3.16585e-11)
(-5.72769e-09 2.9224e-11 1.44712e-08)
(1.46118e-08 -2.585e-12 5.79255e-09)
(1.86552e-11 1.55732e-08 -2.95712e-11)
(-5.76409e-09 2.74213e-11 1.44607e-08)
(1.4593e-08 -2.48104e-12 5.82387e-09)
(1.76829e-11 1.55764e-08 -2.75553e-11)
(-5.79822e-09 2.56741e-11 1.44508e-08)
(1.45752e-08 -2.37923e-12 5.85309e-09)
(1.67267e-11 1.55794e-08 -2.56103e-11)
(-5.83016e-09 2.39823e-11 1.44417e-08)
(1.45584e-08 -2.2795e-12 5.88028e-09)
(1.5788e-11 1.55824e-08 -2.37356e-11)
(-5.85997e-09 2.23461e-11 1.44332e-08)
(1.45425e-08 -2.1818e-12 5.90551e-09)
(1.48679e-11 1.55853e-08 -2.19307e-11)
(-5.88774e-09 2.07653e-11 1.44254e-08)
(1.45275e-08 -2.08604e-12 5.92887e-09)
(1.39676e-11 1.5588e-08 -2.0195e-11)
(-5.91352e-09 1.924e-11 1.44182e-08)
(1.45134e-08 -1.99216e-12 5.95044e-09)
(1.30883e-11 1.55906e-08 -1.85281e-11)
(-5.9374e-09 1.77701e-11 1.44116e-08)
(1.45002e-08 -1.90009e-12 5.97028e-09)
(1.22308e-11 1.55932e-08 -1.69294e-11)
(-5.95945e-09 1.63556e-11 1.44056e-08)
(1.44878e-08 -1.80976e-12 5.98848e-09)
(1.1396e-11 1.55956e-08 -1.53987e-11)
(-5.97973e-09 1.49965e-11 1.44002e-08)
(1.44763e-08 -1.7211e-12 6.0051e-09)
(1.05849e-11 1.55979e-08 -1.39353e-11)
(-5.99832e-09 1.36928e-11 1.43954e-08)
(1.44656e-08 -1.63403e-12 6.02022e-09)
(9.79803e-12 1.56001e-08 -1.25391e-11)
(-6.01529e-09 1.24443e-11 1.43911e-08)
(1.44556e-08 -1.5485e-12 6.03392e-09)
(9.03612e-12 1.56023e-08 -1.12095e-11)
(-6.03071e-09 1.1251e-11 1.43873e-08)
(1.44464e-08 -1.46442e-12 6.04627e-09)
(8.29975e-12 1.56043e-08 -9.94624e-12)
(-6.04464e-09 1.01128e-11 1.43839e-08)
(1.4438e-08 -1.38173e-12 6.05733e-09)
(7.58941e-12 1.56062e-08 -8.74907e-12)
(-6.05716e-09 9.02978e-12 1.43811e-08)
(1.44302e-08 -1.30036e-12 6.06719e-09)
(6.90556e-12 1.5608e-08 -7.61765e-12)
(-6.06834e-09 8.00178e-12 1.43787e-08)
(1.44231e-08 -1.22024e-12 6.0759e-09)
(6.24857e-12 1.56097e-08 -6.55173e-12)
(-6.07824e-09 7.02873e-12 1.43766e-08)
(1.44167e-08 -1.14133e-12 6.08354e-09)
(5.61874e-12 1.56113e-08 -5.55111e-12)
(-6.08694e-09 6.11057e-12 1.4375e-08)
(1.44109e-08 -1.06358e-12 6.09019e-09)
(5.0163e-12 1.56128e-08 -4.61561e-12)
(-6.09449e-09 5.24721e-12 1.43737e-08)
(1.44056e-08 -9.87e-13 6.0959e-09)
(4.44143e-12 1.56143e-08 -3.7451e-12)
(-6.10098e-09 4.43857e-12 1.43728e-08)
(1.4401e-08 -9.11612e-13 6.10075e-09)
(3.89426e-12 1.56156e-08 -2.93953e-12)
(-6.10646e-09 3.68458e-12 1.43722e-08)
(1.43968e-08 -8.3754e-13 6.1048e-09)
(3.37482e-12 1.56168e-08 -2.19889e-12)
(-6.11101e-09 2.98517e-12 1.43718e-08)
(1.43932e-08 -7.65029e-13 6.10813e-09)
(2.88313e-12 1.56179e-08 -1.5233e-12)
(-6.11469e-09 2.34025e-12 1.43717e-08)
(1.43901e-08 -6.94518e-13 6.1108e-09)
(2.41917e-12 1.5619e-08 -9.12981e-13)
(-6.11757e-09 1.74977e-12 1.43718e-08)
(1.43874e-08 -6.26716e-13 6.11289e-09)
(1.98299e-12 1.56199e-08 -3.68254e-13)
(-6.11971e-09 1.21375e-12 1.43721e-08)
(1.43851e-08 -5.62692e-13 6.11445e-09)
(1.57488e-12 1.56207e-08 1.10474e-13)
(-6.12119e-09 7.32337e-13 1.43725e-08)
(1.43832e-08 -5.0394e-13 6.11556e-09)
(1.19565e-12 1.56215e-08 5.22858e-13)
(-6.12207e-09 3.0593e-13 1.43731e-08)
(1.43816e-08 -4.52371e-13 6.11629e-09)
(8.47213e-13 1.56221e-08 8.68894e-13)
(-6.12242e-09 -6.46467e-14 1.43738e-08)
(1.43804e-08 -4.10111e-13 6.11672e-09)
(5.33433e-13 1.56227e-08 1.14946e-12)
(-6.1223e-09 -3.77997e-13 1.43746e-08)
(1.43795e-08 -3.7897e-13 6.11691e-09)
(2.61447e-13 1.56231e-08 1.36718e-12)
(-6.1218e-09 -6.32276e-13 1.43754e-08)
(1.43788e-08 -3.59383e-13 6.11695e-09)
(4.29093e-14 1.56235e-08 1.52772e-12)
(-6.12097e-09 -8.26117e-13 1.43763e-08)
(1.43783e-08 -3.49852e-13 6.11693e-09)
(-1.05817e-13 1.56238e-08 1.64079e-12)
(-6.11992e-09 -9.61017e-13 1.4377e-08)
(1.43781e-08 -3.50575e-13 6.11695e-09)
(-1.73452e-13 1.56241e-08 1.71869e-12)
(-6.11877e-09 -1.04286e-12 1.43777e-08)
(-2.01095e-13 1.56245e-08 1.77445e-12)
(-6.11775e-09 -1.07257e-12 1.43779e-08)
(1.61729e-08 7.09651e-11 2.74534e-10)
(-5.78427e-10 1.51921e-08 -8.95434e-11)
(-5.53535e-10 6.89641e-11 1.50954e-08)
(1.62328e-08 6.53825e-11 4.96932e-10)
(-2.08503e-10 1.53308e-08 -2.11768e-10)
(-4.8397e-10 1.64851e-10 1.52436e-08)
(1.61974e-08 4.55899e-11 7.14476e-10)
(-6.99514e-11 1.53304e-08 -2.61474e-10)
(-6.34926e-10 2.00916e-10 1.52655e-08)
(1.61642e-08 2.74048e-11 9.31854e-10)
(-1.50536e-11 1.53292e-08 -2.7846e-10)
(-8.60678e-10 2.15431e-10 1.52755e-08)
(1.61336e-08 1.31454e-11 1.14738e-09)
(1.66755e-11 1.53302e-08 -2.80651e-10)
(-1.08552e-09 2.22405e-10 1.5275e-08)
(1.61019e-08 2.59581e-12 1.35883e-09)
(3.60658e-11 1.53337e-08 -2.76164e-10)
(-1.29938e-09 2.2506e-10 1.52683e-08)
(1.60685e-08 -4.76291e-12 1.5648e-09)
(4.7541e-11 1.53393e-08 -2.68895e-10)
(-1.50344e-09 2.24755e-10 1.52581e-08)
(1.60332e-08 -9.6221e-12 1.76463e-09)
(5.42281e-11 1.53463e-08 -2.60719e-10)
(-1.6992e-09 2.22461e-10 1.52454e-08)
(1.59962e-08 -1.26562e-11 1.95814e-09)
(5.8114e-11 1.53538e-08 -2.52467e-10)
(-1.8878e-09 2.18876e-10 1.52306e-08)
(1.59578e-08 -1.44205e-11 2.14534e-09)
(6.04137e-11 1.53617e-08 -2.4444e-10)
(-2.07003e-09 2.14477e-10 1.52142e-08)
(1.59182e-08 -1.53359e-11 2.32636e-09)
(6.18336e-11 1.53696e-08 -2.36698e-10)
(-2.24642e-09 2.09579e-10 1.51964e-08)
(1.58775e-08 -1.57047e-11 2.50136e-09)
(6.27614e-11 1.53774e-08 -2.29217e-10)
(-2.41734e-09 2.0438e-10 1.51773e-08)
(1.5836e-08 -1.57342e-11 2.67051e-09)
(6.3399e-11 1.53852e-08 -2.21949e-10)
(-2.58301e-09 1.99008e-10 1.51571e-08)
(1.57937e-08 -1.55619e-11 2.83396e-09)
(6.38448e-11 1.53928e-08 -2.14851e-10)
(-2.7436e-09 1.93543e-10 1.5136e-08)
(1.5751e-08 -1.52755e-11 2.99184e-09)
(6.41418e-11 1.54003e-08 -2.07894e-10)
(-2.89922e-09 1.8804e-10 1.5114e-08)
(1.57079e-08 -1.49292e-11 3.14429e-09)
(6.43061e-11 1.54077e-08 -2.01058e-10)
(-3.04996e-09 1.82533e-10 1.50913e-08)
(1.56645e-08 -1.45552e-11 3.29143e-09)
(6.4342e-11 1.54149e-08 -1.94333e-10)
(-3.1959e-09 1.77048e-10 1.5068e-08)
(1.5621e-08 -1.4172e-11 3.43337e-09)
(6.425e-11 1.5422e-08 -1.87715e-10)
(-3.3371e-09 1.716e-10 1.50443e-08)
(1.55775e-08 -1.37893e-11 3.57022e-09)
(6.40307e-11 1.54289e-08 -1.81204e-10)
(-3.47365e-09 1.66202e-10 1.50202e-08)
(1.55341e-08 -1.3412e-11 3.70209e-09)
(6.3686e-11 1.54357e-08 -1.74803e-10)
(-3.60562e-09 1.60863e-10 1.49958e-08)
(1.54909e-08 -1.30422e-11 3.82908e-09)
(6.32194e-11 1.54423e-08 -1.68513e-10)
(-3.73307e-09 1.55589e-10 1.49713e-08)
(1.5448e-08 -1.26805e-11 3.95132e-09)
(6.2636e-11 1.54488e-08 -1.62337e-10)
(-3.85609e-09 1.50384e-10 1.49466e-08)
(1.54055e-08 -1.23267e-11 4.06889e-09)
(6.19419e-11 1.54552e-08 -1.56279e-10)
(-3.97476e-09 1.45253e-10 1.4922e-08)
(1.53635e-08 -1.19804e-11 4.18191e-09)
(6.11441e-11 1.54614e-08 -1.50339e-10)
(-4.08915e-09 1.40199e-10 1.48975e-08)
(1.5322e-08 -1.16414e-11 4.29049e-09)
(6.02499e-11 1.54675e-08 -1.44521e-10)
(-4.19935e-09 1.35223e-10 1.48732e-08)
(1.52811e-08 -1.1309e-11 4.39472e-09)
(5.92668e-11 1.54735e-08 -1.38824e-10)
(-4.30544e-09 1.30328e-10 1.48491e-08)
(1.52409e-08 -1.09832e-11 4.49472e-09)
(5.82023e-11 1.54794e-08 -1.3325e-10)
(-4.4075e-09 1.25514e-10 1.48252e-08)
(1.52015e-08 -1.06635e-11 4.59058e-09)
(5.70638e-11 1.54851e-08 -1.27799e-10)
(-4.50561e-09 1.20784e-10 1.48018e-08)
(1.51628e-08 -1.03498e-11 4.68242e-09)
(5.58583e-11 1.54907e-08 -1.22472e-10)
(-4.59986e-09 1.16139e-10 1.47787e-08)
(1.5125e-08 -1.0042e-11 4.77032e-09)
(5.45929e-11 1.54961e-08 -1.17268e-10)
(-4.69034e-09 1.11578e-10 1.47562e-08)
(1.5088e-08 -9.73992e-12 4.85441e-09)
(5.32741e-11 1.55015e-08 -1.12188e-10)
(-4.77712e-09 1.07104e-10 1.47341e-08)
(1.50519e-08 -9.44356e-12 4.93477e-09)
(5.19083e-11 1.55066e-08 -1.0723e-10)
(-4.86029e-09 1.02716e-10 1.47125e-08)
(1.50167e-08 -9.15282e-12 5.01151e-09)
(5.05015e-11 1.55117e-08 -1.02394e-10)
(-4.93993e-09 9.84153e-11 1.46916e-08)
(1.49826e-08 -8.86763e-12 5.08472e-09)
(4.90596e-11 1.55167e-08 -9.76796e-11)
(-5.01612e-09 9.42026e-11 1.46712e-08)
(1.49494e-08 -8.58793e-12 5.1545e-09)
(4.75879e-11 1.55215e-08 -9.3086e-11)
(-5.08895e-09 9.00782e-11 1.46515e-08)
(1.49172e-08 -8.31364e-12 5.22095e-09)
(4.60918e-11 1.55262e-08 -8.86124e-11)
(-5.1585e-09 8.60425e-11 1.46324e-08)
(1.4886e-08 -8.0447e-12 5.28417e-09)
(4.45761e-11 1.55308e-08 -8.42577e-11)
(-5.22484e-09 8.2096e-11 1.46141e-08)
(1.48558e-08 -7.78102e-12 5.34424e-09)
(4.30456e-11 1.55352e-08 -8.00211e-11)
(-5.28807e-09 7.82389e-11 1.45964e-08)
(1.48267e-08 -7.52252e-12 5.40126e-09)
(4.15047e-11 1.55395e-08 -7.59015e-11)
(-5.34825e-09 7.44716e-11 1.45794e-08)
(1.47987e-08 -7.26911e-12 5.45533e-09)
(3.99576e-11 1.55438e-08 -7.18981e-11)
(-5.40548e-09 7.07943e-11 1.45631e-08)
(1.47717e-08 -7.0207e-12 5.50652e-09)
(3.84082e-11 1.55478e-08 -6.80097e-11)
(-5.45982e-09 6.72072e-11 1.45476e-08)
(1.47457e-08 -6.77717e-12 5.55493e-09)
(3.68603e-11 1.55518e-08 -6.42353e-11)
(-5.51136e-09 6.37105e-11 1.45328e-08)
(1.47208e-08 -6.53844e-12 5.60066e-09)
(3.53174e-11 1.55557e-08 -6.05739e-11)
(-5.56018e-09 6.03044e-11 1.45187e-08)
(1.4697e-08 -6.3044e-12 5.64377e-09)
(3.37829e-11 1.55594e-08 -5.70245e-11)
(-5.60635e-09 5.69889e-11 1.45054e-08)
(1.46742e-08 -6.07492e-12 5.68437e-09)
(3.22597e-11 1.5563e-08 -5.35859e-11)
(-5.64994e-09 5.37643e-11 1.44927e-08)
(1.46524e-08 -5.84991e-12 5.72253e-09)
(3.07508e-11 1.55665e-08 -5.02573e-11)
(-5.69104e-09 5.06306e-11 1.44808e-08)
(1.46316e-08 -5.62924e-12 5.75834e-09)
(2.9259e-11 1.55699e-08 -4.70376e-11)
(-5.72973e-09 4.75879e-11 1.44697e-08)
(1.46118e-08 -5.4128e-12 5.79188e-09)
(2.77866e-11 1.55732e-08 -4.39258e-11)
(-5.76606e-09 4.46361e-11 1.44592e-08)
(1.45931e-08 -5.20046e-12 5.82323e-09)
(2.63362e-11 1.55764e-08 -4.0921e-11)
(-5.80013e-09 4.17754e-11 1.44494e-08)
(1.45753e-08 -4.9921e-12 5.85247e-09)
(2.49099e-11 1.55795e-08 -3.80224e-11)
(-5.83201e-09 3.90057e-11 1.44403e-08)
(1.45584e-08 -4.7876e-12 5.87969e-09)
(2.35096e-11 1.55824e-08 -3.52289e-11)
(-5.86175e-09 3.6327e-11 1.44319e-08)
(1.45425e-08 -4.58684e-12 5.90495e-09)
(2.21374e-11 1.55853e-08 -3.25398e-11)
(-5.88945e-09 3.37393e-11 1.44241e-08)
(1.45275e-08 -4.38969e-12 5.92833e-09)
(2.07948e-11 1.5588e-08 -2.99543e-11)
(-5.91518e-09 3.12426e-11 1.4417e-08)
(1.45135e-08 -4.19603e-12 5.94992e-09)
(1.94835e-11 1.55906e-08 -2.74717e-11)
(-5.93899e-09 2.88368e-11 1.44104e-08)
(1.45003e-08 -4.00573e-12 5.96979e-09)
(1.82049e-11 1.55932e-08 -2.50911e-11)
(-5.96098e-09 2.65219e-11 1.44045e-08)
(1.44879e-08 -3.81865e-12 5.98801e-09)
(1.69604e-11 1.55956e-08 -2.28119e-11)
(-5.9812e-09 2.42978e-11 1.43991e-08)
(1.44764e-08 -3.63468e-12 6.00466e-09)
(1.5751e-11 1.55979e-08 -2.06334e-11)
(-5.99972e-09 2.21644e-11 1.43943e-08)
(1.44657e-08 -3.45369e-12 6.01981e-09)
(1.4578e-11 1.56001e-08 -1.85551e-11)
(-6.01663e-09 2.01217e-11 1.43901e-08)
(1.44557e-08 -3.27554e-12 6.03353e-09)
(1.34422e-11 1.56022e-08 -1.65764e-11)
(-6.03198e-09 1.81695e-11 1.43863e-08)
(1.44465e-08 -3.10011e-12 6.0459e-09)
(1.23445e-11 1.56043e-08 -1.46968e-11)
(-6.04586e-09 1.63078e-11 1.4383e-08)
(1.44381e-08 -2.92728e-12 6.05699e-09)
(1.12857e-11 1.56062e-08 -1.29158e-11)
(-6.05831e-09 1.45365e-11 1.43802e-08)
(1.44303e-08 -2.75691e-12 6.06686e-09)
(1.02665e-11 1.5608e-08 -1.12329e-11)
(-6.06943e-09 1.28555e-11 1.43778e-08)
(1.44232e-08 -2.58888e-12 6.0756e-09)
(9.2873e-12 1.56097e-08 -9.64767e-12)
(-6.07927e-09 1.12647e-11 1.43759e-08)
(1.44168e-08 -2.42305e-12 6.08326e-09)
(8.34866e-12 1.56113e-08 -8.15986e-12)
(-6.0879e-09 9.76391e-12 1.43743e-08)
(1.4411e-08 -2.25932e-12 6.08993e-09)
(7.45091e-12 1.56128e-08 -6.76917e-12)
(-6.09539e-09 8.35312e-12 1.4373e-08)
(1.44058e-08 -2.0976e-12 6.09566e-09)
(6.59432e-12 1.56142e-08 -5.47536e-12)
(-6.10182e-09 7.03219e-12 1.43721e-08)
(1.44011e-08 -1.93786e-12 6.10053e-09)
(5.77908e-12 1.56156e-08 -4.27829e-12)
(-6.10724e-09 5.80104e-12 1.43715e-08)
(1.4397e-08 -1.78013e-12 6.1046e-09)
(5.0053e-12 1.56168e-08 -3.17789e-12)
(-6.11172e-09 4.65958e-12 1.43712e-08)
(1.43933e-08 -1.62461e-12 6.10795e-09)
(4.27299e-12 1.56179e-08 -2.17422e-12)
(-6.11534e-09 3.60776e-12 1.43711e-08)
(1.43902e-08 -1.47174e-12 6.11064e-09)
(3.58212e-12 1.56189e-08 -1.2675e-12)
(-6.11816e-09 2.64557e-12 1.43713e-08)
(1.43875e-08 -1.32235e-12 6.11274e-09)
(2.93273e-12 1.56199e-08 -4.58093e-13)
(-6.12024e-09 1.77311e-12 1.43716e-08)
(1.43852e-08 -1.17787e-12 6.11432e-09)
(2.32511e-12 1.56207e-08 2.53479e-13)
(-6.12165e-09 9.90707e-13 1.43721e-08)
(1.43833e-08 -1.04059e-12 6.11545e-09)
(1.7602e-12 1.56215e-08 8.6667e-13)
(-6.12247e-09 2.99042e-13 1.43727e-08)
(1.43817e-08 -9.14009e-13 6.11619e-09)
(1.24031e-12 1.56221e-08 1.38114e-12)
(-6.12275e-09 -3.00559e-13 1.43735e-08)
(1.43805e-08 -8.03053e-13 6.11662e-09)
(7.70581e-13 1.56227e-08 1.79724e-12)
(-6.12257e-09 -8.05808e-13 1.43743e-08)
(1.43795e-08 -7.14038e-13 6.11682e-09)
(3.61608e-13 1.56231e-08 2.11706e-12)
(-6.122e-09 -1.21328e-12 1.43752e-08)
(1.43788e-08 -6.53565e-13 6.11687e-09)
(3.34534e-14 1.56235e-08 2.3462e-12)
(-6.12111e-09 -1.51917e-12 1.43761e-08)
(1.43783e-08 -6.25759e-13 6.11685e-09)
(-1.79509e-13 1.56238e-08 2.49584e-12)
(-6.12e-09 -1.72314e-12 1.43769e-08)
(1.43781e-08 -6.31637e-13 6.11687e-09)
(-2.35808e-13 1.56242e-08 2.58097e-12)
(-6.11881e-09 -1.83658e-12 1.43776e-08)
(-1.73972e-13 1.56246e-08 2.60904e-12)
(-6.11774e-09 -1.88231e-12 1.43779e-08)
(1.62319e-08 3.62595e-10 3.34263e-10)
(-3.72692e-10 9.94176e-11 1.49098e-08)
(1.62029e-08 1.24565e-10 5.21427e-10)
(-4.15761e-10 2.46675e-10 1.54383e-08)
(1.61684e-08 4.93778e-11 7.24783e-10)
(-6.11738e-10 3.01158e-10 1.53175e-08)
(1.61424e-08 1.91167e-11 9.35387e-10)
(-8.51959e-10 3.18828e-10 1.5295e-08)
(1.61169e-08 -8.56078e-13 1.1469e-09)
(-1.08367e-09 3.23258e-10 1.52856e-08)
(1.60895e-08 -1.40254e-11 1.35598e-09)
(-1.30151e-09 3.21366e-10 1.52731e-08)
(1.60595e-08 -2.19038e-11 1.56069e-09)
(-1.50781e-09 3.16166e-10 1.5259e-08)
(1.60268e-08 -2.62108e-11 1.75993e-09)
(-1.70477e-09 3.09336e-10 1.5244e-08)
(1.59917e-08 -2.82833e-11 1.95321e-09)
(-1.89398e-09 3.01784e-10 1.52279e-08)
(1.59545e-08 -2.90273e-11 2.14035e-09)
(-2.0765e-09 2.93964e-10 1.52108e-08)
(1.59158e-08 -2.90171e-11 2.32141e-09)
(-2.25301e-09 2.86079e-10 1.51926e-08)
(1.58757e-08 -2.86016e-11 2.49648e-09)
(-2.42395e-09 2.78216e-10 1.51733e-08)
(1.58346e-08 -2.79851e-11 2.66571e-09)
(-2.5896e-09 2.70408e-10 1.51531e-08)
(1.57927e-08 -2.72826e-11 2.82923e-09)
(-2.75013e-09 2.62667e-10 1.51319e-08)
(1.57502e-08 -2.65553e-11 2.9872e-09)
(-2.90567e-09 2.54995e-10 1.51099e-08)
(1.57073e-08 -2.58333e-11 3.13973e-09)
(-3.05632e-09 2.47397e-10 1.50873e-08)
(1.5664e-08 -2.51295e-11 3.28695e-09)
(-3.20216e-09 2.39876e-10 1.5064e-08)
(1.56207e-08 -2.4448e-11 3.42897e-09)
(-3.34326e-09 2.32434e-10 1.50403e-08)
(1.55773e-08 -2.37886e-11 3.5659e-09)
(-3.47969e-09 2.25078e-10 1.50162e-08)
(1.55341e-08 -2.31493e-11 3.69786e-09)
(-3.61154e-09 2.17811e-10 1.49919e-08)
(1.5491e-08 -2.25279e-11 3.82494e-09)
(-3.73887e-09 2.10637e-10 1.49673e-08)
(1.54482e-08 -2.19224e-11 3.94726e-09)
(-3.86177e-09 2.03562e-10 1.49427e-08)
(1.54058e-08 -2.1331e-11 4.06493e-09)
(-3.98031e-09 1.96587e-10 1.49182e-08)
(1.53639e-08 -2.07525e-11 4.17804e-09)
(-4.09458e-09 1.89718e-10 1.48937e-08)
(1.53225e-08 -2.01859e-11 4.28671e-09)
(-4.20466e-09 1.82955e-10 1.48694e-08)
(1.52817e-08 -1.96306e-11 4.39103e-09)
(-4.31062e-09 1.76302e-10 1.48453e-08)
(1.52416e-08 -1.90861e-11 4.49112e-09)
(-4.41256e-09 1.69761e-10 1.48215e-08)
(1.52022e-08 -1.8552e-11 4.58707e-09)
(-4.51055e-09 1.63334e-10 1.47981e-08)
(1.51635e-08 -1.80282e-11 4.679e-09)
(-4.60469e-09 1.57021e-10 1.47751e-08)
(1.51257e-08 -1.75144e-11 4.767e-09)
(-4.69505e-09 1.50824e-10 1.47526e-08)
(1.50888e-08 -1.70104e-11 4.85117e-09)
(-4.78171e-09 1.44744e-10 1.47306e-08)
(1.50527e-08 -1.6516e-11 4.93162e-09)
(-4.86476e-09 1.38783e-10 1.47091e-08)
(1.50176e-08 -1.60311e-11 5.00845e-09)
(-4.94429e-09 1.32941e-10 1.46882e-08)
(1.49835e-08 -1.55555e-11 5.08175e-09)
(-5.02037e-09 1.27219e-10 1.46679e-08)
(1.49503e-08 -1.50889e-11 5.15162e-09)
(-5.09309e-09 1.21618e-10 1.46482e-08)
(1.49181e-08 -1.46313e-11 5.21816e-09)
(-5.16253e-09 1.16137e-10 1.46292e-08)
(1.4887e-08 -1.41822e-11 5.28145e-09)
(-5.22877e-09 1.10778e-10 1.46109e-08)
(1.48568e-08 -1.37417e-11 5.34161e-09)
(-5.29189e-09 1.05542e-10 1.45933e-08)
(1.48277e-08 -1.33094e-11 5.39871e-09)
(-5.35197e-09 1.00428e-10 1.45764e-08)
(1.47997e-08 -1.28852e-11 5.45286e-09)
(-5.40909e-09 9.54368e-11 1.45602e-08)
(1.47727e-08 -1.24687e-11 5.50413e-09)
(-5.46333e-09 9.05689e-11 1.45447e-08)
(1.47467e-08 -1.20598e-11 5.55262e-09)
(-5.51477e-09 8.58243e-11 1.453e-08)
(1.47218e-08 -1.16583e-11 5.59842e-09)
(-5.56349e-09 8.12032e-11 1.4516e-08)
(1.4698e-08 -1.12639e-11 5.64162e-09)
(-5.60956e-09 7.67059e-11 1.45027e-08)
(1.46751e-08 -1.08764e-11 5.68229e-09)
(-5.65306e-09 7.23324e-11 1.44902e-08)
(1.46533e-08 -1.04955e-11 5.72052e-09)
(-5.69406e-09 6.80828e-11 1.44784e-08)
(1.46326e-08 -1.01211e-11 5.7564e-09)
(-5.73265e-09 6.39571e-11 1.44673e-08)
(1.46128e-08 -9.75292e-12 5.79002e-09)
(-5.76889e-09 5.99554e-11 1.44569e-08)
(1.4594e-08 -9.39071e-12 5.82144e-09)
(-5.80287e-09 5.60776e-11 1.44472e-08)
(1.45762e-08 -9.03426e-12 5.85075e-09)
(-5.83465e-09 5.23238e-11 1.44382e-08)
(1.45593e-08 -8.68335e-12 5.87803e-09)
(-5.8643e-09 4.86939e-11 1.44298e-08)
(1.45434e-08 -8.33776e-12 5.90335e-09)
(-5.89191e-09 4.51878e-11 1.44221e-08)
(1.45284e-08 -7.99728e-12 5.92681e-09)
(-5.91754e-09 4.18055e-11 1.4415e-08)
(1.45143e-08 -7.66169e-12 5.94846e-09)
(-5.94127e-09 3.85469e-11 1.44086e-08)
(1.4501e-08 -7.33078e-12 5.96839e-09)
(-5.96316e-09 3.54119e-11 1.44027e-08)
(1.44887e-08 -7.00434e-12 5.98668e-09)
(-5.98329e-09 3.24003e-11 1.43974e-08)
(1.44771e-08 -6.68216e-12 6.00339e-09)
(-6.00173e-09 2.95122e-11 1.43927e-08)
(1.44664e-08 -6.36402e-12 6.0186e-09)
(-6.01855e-09 2.67473e-11 1.43885e-08)
(1.44564e-08 -6.04972e-12 6.03239e-09)
(-6.03381e-09 2.41055e-11 1.43848e-08)
(1.44472e-08 -5.73908e-12 6.04482e-09)
(-6.0476e-09 2.15868e-11 1.43816e-08)
(1.44387e-08 -5.43194e-12 6.05597e-09)
(-6.05997e-09 1.9191e-11 1.43789e-08)
(1.44309e-08 -5.12809e-12 6.0659e-09)
(-6.07099e-09 1.6918e-11 1.43766e-08)
(1.44238e-08 -4.82731e-12 6.0747e-09)
(-6.08074e-09 1.47676e-11 1.43747e-08)
(1.44173e-08 -4.52935e-12 6.08242e-09)
(-6.08929e-09 1.27397e-11 1.43731e-08)
(1.44115e-08 -4.23396e-12 6.08915e-09)
(-6.09669e-09 1.08343e-11 1.4372e-08)
(1.44062e-08 -3.94092e-12 6.09494e-09)
(-6.10303e-09 9.05118e-12 1.43711e-08)
(1.44015e-08 -3.65002e-12 6.09986e-09)
(-6.10836e-09 7.39034e-12 1.43706e-08)
(1.43974e-08 -3.36103e-12 6.104e-09)
(-6.11276e-09 5.85168e-12 1.43703e-08)
(1.43937e-08 -3.07378e-12 6.10741e-09)
(-6.11628e-09 4.4352e-12 1.43703e-08)
(1.43905e-08 -2.78819e-12 6.11015e-09)
(-6.11901e-09 3.141e-12 1.43705e-08)
(1.43878e-08 -2.50448e-12 6.11231e-09)
(-6.121e-09 1.96935e-12 1.43709e-08)
(1.43855e-08 -2.22341e-12 6.11394e-09)
(-6.12233e-09 9.20806e-13 1.43715e-08)
(1.43835e-08 -1.94682e-12 6.11512e-09)
(-6.12305e-09 -3.56276e-15 1.43722e-08)
(1.43819e-08 -1.67858e-12 6.11592e-09)
(-6.12324e-09 -8.01786e-13 1.4373e-08)
(1.43807e-08 -1.42646e-12 6.1164e-09)
(-6.12296e-09 -1.47032e-12 1.43739e-08)
(1.43797e-08 -1.20549e-12 6.11664e-09)
(-6.12229e-09 -2.00283e-12 1.43748e-08)
(1.43789e-08 -1.04291e-12 6.11672e-09)
(-6.1213e-09 -2.38863e-12 1.43758e-08)
(1.43783e-08 -9.79802e-13 6.11674e-09)
(-6.1201e-09 -2.61298e-12 1.43768e-08)
(1.43779e-08 -1.03647e-12 6.11679e-09)
(-6.11883e-09 -2.66603e-12 1.43776e-08)
(-6.11776e-09 -2.62336e-12 1.4378e-08)
(1.64945e-08 -4.37199e-10 5.34201e-10)
(7.67878e-10 1.48893e-08 1.0469e-10)
(1.64047e-08 -1.53736e-10 5.54775e-10)
(2.88595e-10 1.53588e-08 2.32637e-10)
(1.63802e-08 -5.99981e-11 7.57937e-10)
(9.6274e-11 1.52354e-08 2.7078e-10)
(1.63594e-08 -2.2444e-11 9.96767e-10)
(2.16505e-11 1.52237e-08 2.79791e-10)
(1.63314e-08 1.03476e-12 1.22706e-09)
(-1.81979e-11 1.52342e-08 2.785e-10)
(1.62988e-08 1.61088e-11 1.44651e-09)
(-4.14832e-11 1.52446e-08 2.73128e-10)
(1.62624e-08 2.49162e-11 1.65682e-09)
(-5.46864e-11 1.52554e-08 2.65986e-10)
(1.62229e-08 2.95953e-11 1.85898e-09)
(-6.19695e-11 1.52663e-08 2.58232e-10)
(1.6181e-08 3.17788e-11 2.05363e-09)
(-6.59392e-11 1.52773e-08 2.5042e-10)
(1.61372e-08 3.2528e-11 2.24129e-09)
(-6.81311e-11 1.52883e-08 2.42751e-10)
(1.6092e-08 3.24871e-11 2.42237e-09)
(-6.93922e-11 1.5299e-08 2.35262e-10)
(1.60457e-08 3.20333e-11 2.59718e-09)
(-7.01624e-11 1.53096e-08 2.27936e-10)
(1.59986e-08 3.13812e-11 2.76598e-09)
(-7.0657e-11 1.532e-08 2.20742e-10)
(1.59508e-08 3.06481e-11 2.92894e-09)
(-7.09733e-11 1.53302e-08 2.13659e-10)
(1.59025e-08 2.98942e-11 3.08623e-09)
(-7.11496e-11 1.53402e-08 2.06674e-10)
(1.5854e-08 2.91479e-11 3.23798e-09)
(-7.11968e-11 1.535e-08 1.99782e-10)
(1.58053e-08 2.84204e-11 3.38431e-09)
(-7.11158e-11 1.53596e-08 1.92984e-10)
(1.57567e-08 2.77146e-11 3.52536e-09)
(-7.09048e-11 1.5369e-08 1.86285e-10)
(1.57081e-08 2.70293e-11 3.66122e-09)
(-7.05636e-11 1.53782e-08 1.7969e-10)
(1.56597e-08 2.6362e-11 3.79201e-09)
(-7.00936e-11 1.53872e-08 1.73204e-10)
(1.56117e-08 2.57103e-11 3.91784e-09)
(-6.94989e-11 1.5396e-08 1.66834e-10)
(1.55641e-08 2.50721e-11 4.03882e-09)
(-6.87849e-11 1.54046e-08 1.60583e-10)
(1.55169e-08 2.44455e-11 4.15507e-09)
(-6.79586e-11 1.5413e-08 1.54455e-10)
(1.54704e-08 2.38295e-11 4.26671e-09)
(-6.70274e-11 1.54212e-08 1.48453e-10)
(1.54245e-08 2.32232e-11 4.37383e-09)
(-6.59991e-11 1.54293e-08 1.42578e-10)
(1.53793e-08 2.26261e-11 4.47655e-09)
(-6.48819e-11 1.54371e-08 1.36833e-10)
(1.53349e-08 2.20379e-11 4.57498e-09)
(-6.36836e-11 1.54448e-08 1.31217e-10)
(1.52914e-08 2.14583e-11 4.66923e-09)
(-6.24119e-11 1.54522e-08 1.25731e-10)
(1.52487e-08 2.08873e-11 4.75941e-09)
(-6.10741e-11 1.54595e-08 1.20376e-10)
(1.5207e-08 2.03248e-11 4.84563e-09)
(-5.96776e-11 1.54666e-08 1.1515e-10)
(1.51662e-08 1.97706e-11 4.92799e-09)
(-5.8229e-11 1.54735e-08 1.10054e-10)
(1.51264e-08 1.92248e-11 5.0066e-09)
(-5.67348e-11 1.54802e-08 1.05086e-10)
(1.50877e-08 1.86872e-11 5.08156e-09)
(-5.52013e-11 1.54868e-08 1.00246e-10)
(1.505e-08 1.81578e-11 5.15297e-09)
(-5.36343e-11 1.54931e-08 9.55332e-11)
(1.50135e-08 1.76364e-11 5.22094e-09)
(-5.20392e-11 1.54993e-08 9.09463e-11)
(1.4978e-08 1.7123e-11 5.28557e-09)
(-5.04215e-11 1.55053e-08 8.64842e-11)
(1.49436e-08 1.66175e-11 5.34695e-09)
(-4.87859e-11 1.55112e-08 8.21458e-11)
(1.49104e-08 1.61197e-11 5.40518e-09)
(-4.71374e-11 1.55169e-08 7.79298e-11)
(1.48783e-08 1.56296e-11 5.46036e-09)
(-4.54802e-11 1.55224e-08 7.3835e-11)
(1.48473e-08 1.51468e-11 5.51258e-09)
(-4.38186e-11 1.55277e-08 6.98602e-11)
(1.48175e-08 1.46714e-11 5.56193e-09)
(-4.21565e-11 1.55329e-08 6.60041e-11)
(1.47888e-08 1.42031e-11 5.6085e-09)
(-4.04977e-11 1.55379e-08 6.22653e-11)
(1.47613e-08 1.37419e-11 5.65239e-09)
(-3.88455e-11 1.55427e-08 5.86426e-11)
(1.47349e-08 1.32874e-11 5.69369e-09)
(-3.72032e-11 1.55474e-08 5.51347e-11)
(1.47096e-08 1.28396e-11 5.73247e-09)
(-3.55739e-11 1.5552e-08 5.17403e-11)
(1.46855e-08 1.23983e-11 5.76883e-09)
(-3.39604e-11 1.55564e-08 4.84582e-11)
(1.46624e-08 1.19633e-11 5.80286e-09)
(-3.23653e-11 1.55606e-08 4.52872e-11)
(1.46405e-08 1.15345e-11 5.83463e-09)
(-3.07912e-11 1.55647e-08 4.22261e-11)
(1.46196e-08 1.11116e-11 5.86423e-09)
(-2.92402e-11 1.55686e-08 3.92738e-11)
(1.45997e-08 1.06944e-11 5.89174e-09)
(-2.77146e-11 1.55724e-08 3.6429e-11)
(1.4581e-08 1.02829e-11 5.91724e-09)
(-2.62161e-11 1.5576e-08 3.36908e-11)
(1.45632e-08 9.87676e-12 5.94081e-09)
(-2.47467e-11 1.55795e-08 3.10582e-11)
(1.45464e-08 9.47586e-12 5.96253e-09)
(-2.3308e-11 1.55829e-08 2.853e-11)
(1.45306e-08 9.08001e-12 5.98248e-09)
(-2.19014e-11 1.55861e-08 2.61055e-11)
(1.45158e-08 8.68902e-12 6.00073e-09)
(-2.05283e-11 1.55892e-08 2.37837e-11)
(1.45019e-08 8.30271e-12 6.01736e-09)
(-1.919e-11 1.55921e-08 2.15637e-11)
(1.44889e-08 7.92088e-12 6.03244e-09)
(-1.78876e-11 1.55949e-08 1.94449e-11)
(1.44768e-08 7.54334e-12 6.04605e-09)
(-1.6622e-11 1.55976e-08 1.74264e-11)
(1.44656e-08 7.16991e-12 6.05826e-09)
(-1.53941e-11 1.56002e-08 1.55075e-11)
(1.44552e-08 6.80043e-12 6.06915e-09)
(-1.42048e-11 1.56026e-08 1.36876e-11)
(1.44456e-08 6.43475e-12 6.07878e-09)
(-1.30548e-11 1.56049e-08 1.19661e-11)
(1.44368e-08 6.0727e-12 6.08723e-09)
(-1.19446e-11 1.5607e-08 1.03425e-11)
(1.44287e-08 5.71403e-12 6.09457e-09)
(-1.08747e-11 1.56091e-08 8.81613e-12)
(1.44213e-08 5.35848e-12 6.10087e-09)
(-9.84542e-12 1.5611e-08 7.38668e-12)
(1.44147e-08 5.00584e-12 6.1062e-09)
(-8.85714e-12 1.56128e-08 6.05377e-12)
(1.44087e-08 4.65588e-12 6.11062e-09)
(-7.91003e-12 1.56144e-08 4.81709e-12)
(1.44033e-08 4.30839e-12 6.11422e-09)
(-7.00419e-12 1.5616e-08 3.67637e-12)
(1.43985e-08 3.96312e-12 6.11705e-09)
(-6.1396e-12 1.56174e-08 2.63145e-12)
(1.43944e-08 3.61991e-12 6.11918e-09)
(-5.31612e-12 1.56187e-08 1.68231e-12)
(1.43907e-08 3.27868e-12 6.12068e-09)
(-4.53352e-12 1.56199e-08 8.29109e-13)
(1.43876e-08 2.93962e-12 6.12163e-09)
(-3.79158e-12 1.5621e-08 7.22491e-14)
(1.4385e-08 2.6035e-12 6.12208e-09)
(-3.09027e-12 1.56219e-08 -5.87542e-13)
(1.43828e-08 2.27212e-12 6.1221e-09)
(-2.43019e-12 1.56227e-08 -1.14911e-12)
(1.43811e-08 1.94918e-12 6.12177e-09)
(-1.81328e-12 1.56234e-08 -1.61071e-12)
(1.43798e-08 1.6418e-12 6.12116e-09)
(-1.2444e-12 1.5624e-08 -1.96992e-12)
(1.43788e-08 1.36332e-12 6.12035e-09)
(-7.34096e-13 1.56245e-08 -2.2236e-12)
(1.43782e-08 1.1363e-12 6.11944e-09)
(-3.03464e-13 1.56249e-08 -2.36872e-12)
(1.43778e-08 9.93e-13 6.1186e-09)
(9.82116e-15 1.56251e-08 -2.40608e-12)
(1.43776e-08 9.51401e-13 6.118e-09)
(1.52718e-13 1.56251e-08 -2.35413e-12)
(1.12847e-13 1.56251e-08 -2.27478e-12)
(1.64441e-08 -4.34464e-11 5.64827e-10)
(4.50586e-10 1.49635e-08 7.36199e-11)
(1.64498e-08 -6.65012e-11 5.57692e-10)
(2.13645e-10 1.54384e-08 1.61085e-10)
(1.64261e-08 -5.21566e-11 7.57003e-10)
(8.94175e-11 1.52544e-08 1.81916e-10)
(1.63981e-08 -3.30117e-11 9.97106e-10)
(2.73281e-11 1.52247e-08 1.8639e-10)
(1.6364e-08 -1.73475e-11 1.22808e-09)
(-6.32606e-12 1.52301e-08 1.8549e-10)
(1.63261e-08 -5.72332e-12 1.44777e-09)
(-2.51617e-11 1.52387e-08 1.82442e-10)
(1.62853e-08 2.40328e-12 1.65812e-09)
(-3.55928e-11 1.5249e-08 1.78315e-10)
(1.62424e-08 7.7853e-12 1.86022e-09)
(-4.12828e-11 1.52602e-08 1.73697e-10)
(1.6198e-08 1.1162e-11 2.0548e-09)
(-4.43465e-11 1.52717e-08 1.68906e-10)
(1.61524e-08 1.31442e-11 2.24241e-09)
(-4.59996e-11 1.52831e-08 1.64088e-10)
(1.61059e-08 1.4196e-11 2.42346e-09)
(-4.69168e-11 1.52942e-08 1.59292e-10)
(1.60586e-08 1.46508e-11 2.59826e-09)
(-4.74532e-11 1.53051e-08 1.54531e-10)
(1.60106e-08 1.47375e-11 2.76706e-09)
(-4.77849e-11 1.53157e-08 1.49805e-10)
(1.59622e-08 1.46067e-11 2.93004e-09)
(-4.79926e-11 1.53261e-08 1.45115e-10)
(1.59134e-08 1.43543e-11 3.08735e-09)
(-4.81082e-11 1.53362e-08 1.40464e-10)
(1.58643e-08 1.40391e-11 3.23913e-09)
(-4.8141e-11 1.53461e-08 1.35857e-10)
(1.58152e-08 1.36954e-11 3.38549e-09)
(-4.80913e-11 1.53557e-08 1.31301e-10)
(1.57661e-08 1.33427e-11 3.52655e-09)
(-4.79573e-11 1.53652e-08 1.26802e-10)
(1.57171e-08 1.29909e-11 3.66242e-09)
(-4.77375e-11 1.53744e-08 1.22367e-10)
(1.56683e-08 1.2645e-11 3.79321e-09)
(-4.74323e-11 1.53835e-08 1.18001e-10)
(1.56199e-08 1.23066e-11 3.91905e-09)
(-4.70434e-11 1.53923e-08 1.13709e-10)
(1.55719e-08 1.19762e-11 4.04003e-09)
(-4.65741e-11 1.5401e-08 1.09495e-10)
(1.55244e-08 1.16533e-11 4.15627e-09)
(-4.60288e-11 1.54095e-08 1.05362e-10)
(1.54774e-08 1.13375e-11 4.26789e-09)
(-4.54121e-11 1.54178e-08 1.01311e-10)
(1.54312e-08 1.10281e-11 4.37499e-09)
(-4.47293e-11 1.54259e-08 9.7344e-11)
(1.53857e-08 1.07245e-11 4.47769e-09)
(-4.39856e-11 1.54338e-08 9.34625e-11)
(1.5341e-08 1.04265e-11 4.57609e-09)
(-4.31864e-11 1.54415e-08 8.96668e-11)
(1.52971e-08 1.01337e-11 4.67031e-09)
(-4.23368e-11 1.5449e-08 8.59572e-11)
(1.52542e-08 9.84594e-12 4.76046e-09)
(-4.14417e-11 1.54564e-08 8.23338e-11)
(1.52121e-08 9.56303e-12 4.84664e-09)
(-4.05061e-11 1.54635e-08 7.87964e-11)
(1.51711e-08 9.28488e-12 4.92896e-09)
(-3.95344e-11 1.54705e-08 7.53447e-11)
(1.51311e-08 9.01143e-12 5.00753e-09)
(-3.85311e-11 1.54773e-08 7.19785e-11)
(1.50921e-08 8.74262e-12 5.08245e-09)
(-3.75003e-11 1.54839e-08 6.86971e-11)
(1.50542e-08 8.47841e-12 5.15382e-09)
(-3.6446e-11 1.54903e-08 6.55e-11)
(1.50173e-08 8.21874e-12 5.22175e-09)
(-3.5372e-11 1.54966e-08 6.23867e-11)
(1.49816e-08 7.96357e-12 5.28633e-09)
(-3.42817e-11 1.55027e-08 5.93564e-11)
(1.49471e-08 7.71287e-12 5.34766e-09)
(-3.31787e-11 1.55086e-08 5.64084e-11)
(1.49136e-08 7.46656e-12 5.40585e-09)
(-3.20661e-11 1.55144e-08 5.3542e-11)
(1.48813e-08 7.2246e-12 5.46098e-09)
(-3.09468e-11 1.552e-08 5.07564e-11)
(1.48502e-08 6.98692e-12 5.51315e-09)
(-2.98239e-11 1.55254e-08 4.8051e-11)
(1.48202e-08 6.75346e-12 5.56246e-09)
(-2.86999e-11 1.55306e-08 4.54248e-11)
(1.47913e-08 6.52415e-12 5.60899e-09)
(-2.75774e-11 1.55357e-08 4.28771e-11)
(1.47636e-08 6.29891e-12 5.65284e-09)
(-2.64588e-11 1.55406e-08 4.04071e-11)
(1.47371e-08 6.07766e-12 5.69409e-09)
(-2.53463e-11 1.55454e-08 3.80141e-11)
(1.47116e-08 5.86033e-12 5.73283e-09)
(-2.4242e-11 1.555e-08 3.56973e-11)
(1.46873e-08 5.64683e-12 5.76916e-09)
(-2.31479e-11 1.55545e-08 3.34559e-11)
(1.46641e-08 5.43707e-12 5.80314e-09)
(-2.20658e-11 1.55588e-08 3.12892e-11)
(1.4642e-08 5.23096e-12 5.83487e-09)
(-2.09973e-11 1.5563e-08 2.91964e-11)
(1.4621e-08 5.02842e-12 5.86444e-09)
(-1.99442e-11 1.5567e-08 2.71769e-11)
(1.46011e-08 4.82935e-12 5.89191e-09)
(-1.89079e-11 1.55708e-08 2.523e-11)
(1.45822e-08 4.63365e-12 5.91738e-09)
(-1.78896e-11 1.55746e-08 2.33551e-11)
(1.45643e-08 4.44124e-12 5.94092e-09)
(-1.68907e-11 1.55781e-08 2.15514e-11)
(1.45474e-08 4.252e-12 5.9626e-09)
(-1.59124e-11 1.55816e-08 1.98185e-11)
(1.45315e-08 4.06586e-12 5.98252e-09)
(-1.49556e-11 1.55848e-08 1.81558e-11)
(1.45166e-08 3.8827e-12 6.00074e-09)
(-1.40214e-11 1.5588e-08 1.65626e-11)
(1.45026e-08 3.70241e-12 6.01735e-09)
(-1.31105e-11 1.5591e-08 1.50385e-11)
(1.44896e-08 3.52491e-12 6.0324e-09)
(-1.22239e-11 1.55939e-08 1.35831e-11)
(1.44774e-08 3.35009e-12 6.04599e-09)
(-1.13621e-11 1.55966e-08 1.21958e-11)
(1.44661e-08 3.17784e-12 6.05818e-09)
(-1.0526e-11 1.55993e-08 1.08763e-11)
(1.44556e-08 3.00806e-12 6.06905e-09)
(-9.71586e-12 1.56017e-08 9.62411e-12)
(1.44459e-08 2.84064e-12 6.07866e-09)
(-8.93236e-12 1.56041e-08 8.43892e-12)
(1.4437e-08 2.67549e-12 6.0871e-09)
(-8.17591e-12 1.56063e-08 7.32035e-12)
(1.44289e-08 2.51248e-12 6.09442e-09)
(-7.44681e-12 1.56084e-08 6.2681e-12)
(1.44215e-08 2.35153e-12 6.10071e-09)
(-6.74534e-12 1.56104e-08 5.28191e-12)
(1.44148e-08 2.19254e-12 6.10603e-09)
(-6.07171e-12 1.56122e-08 4.36155e-12)
(1.44087e-08 2.03546e-12 6.11045e-09)
(-5.42605e-12 1.56139e-08 3.50682e-12)
(1.44033e-08 1.88029e-12 6.11403e-09)
(-4.80841e-12 1.56155e-08 2.71761e-12)
(1.43985e-08 1.72714e-12 6.11686e-09)
(-4.21877e-12 1.5617e-08 1.99384e-12)
(1.43943e-08 1.57632e-12 6.11899e-09)
(-3.657e-12 1.56183e-08 1.33553e-12)
(1.43906e-08 1.42843e-12 6.12049e-09)
(-3.12294e-12 1.56195e-08 7.42841e-13)
(1.43875e-08 1.28457e-12 6.12143e-09)
(-2.61644e-12 1.56206e-08 2.16099e-13)
(1.43849e-08 1.14659e-12 6.12189e-09)
(-2.13757e-12 1.56216e-08 -2.44174e-13)
(1.43827e-08 1.01738e-12 6.12192e-09)
(-1.68695e-12 1.56225e-08 -6.37226e-13)
(1.43809e-08 9.01204e-13 6.1216e-09)
(-1.26642e-12 1.56232e-08 -9.62113e-13)
(1.43796e-08 8.03763e-13 6.12101e-09)
(-8.80148e-13 1.56238e-08 -1.21791e-12)
(1.43786e-08 7.31377e-13 6.12022e-09)
(-5.36331e-13 1.56243e-08 -1.40443e-12)
(1.4378e-08 6.88144e-13 6.11935e-09)
(-2.49305e-13 1.56247e-08 -1.52422e-12)
(1.43777e-08 6.70434e-13 6.11852e-09)
(-4.02196e-14 1.5625e-08 -1.58673e-12)
(1.43775e-08 6.64291e-13 6.1179e-09)
(7.09646e-14 1.56251e-08 -1.6134e-12)
(1.02311e-13 1.56251e-08 -1.62569e-12)
(1.6425e-08 5.41849e-12 6.23899e-10)
(2.10393e-10 1.49808e-08 3.70221e-11)
(1.64391e-08 -2.67278e-11 5.66951e-10)
(1.10418e-10 1.55126e-08 8.12601e-11)
(1.64338e-08 -2.98016e-11 7.55002e-10)
(5.01543e-11 1.52839e-08 9.10258e-11)
(1.64116e-08 -2.26176e-11 9.95222e-10)
(1.75192e-11 1.52336e-08 9.28034e-11)
(1.63774e-08 -1.46539e-11 1.22677e-09)
(-8.95449e-13 1.52317e-08 9.22911e-11)
(1.63375e-08 -8.03137e-12 1.44648e-09)
(-1.13969e-11 1.52374e-08 9.09629e-11)
(1.62947e-08 -2.97899e-12 1.65668e-09)
(-1.72532e-11 1.52463e-08 8.91582e-11)
(1.625e-08 6.49562e-13 1.85861e-09)
(-2.04544e-11 1.5257e-08 8.70781e-11)
(1.62041e-08 3.11606e-12 2.05305e-09)
(-2.21786e-11 1.52684e-08 8.486e-11)
(1.61574e-08 4.70022e-12 2.24054e-09)
(-2.31048e-11 1.52799e-08 8.2578e-11)
(1.61101e-08 5.65095e-12 2.4215e-09)
(-2.36121e-11 1.52913e-08 8.02665e-11)
(1.60621e-08 6.16788e-12 2.59624e-09)
(-2.39022e-11 1.53024e-08 7.79412e-11)
(1.60138e-08 6.39995e-12 2.76501e-09)
(-2.40768e-11 1.53132e-08 7.56109e-11)
(1.5965e-08 6.45258e-12 2.92797e-09)
(-2.41837e-11 1.53236e-08 7.32826e-11)
(1.5916e-08 6.39715e-12 3.08528e-09)
(-2.42424e-11 1.53339e-08 7.09625e-11)
(1.58667e-08 6.28019e-12 3.23706e-09)
(-2.42592e-11 1.53438e-08 6.8657e-11)
(1.58174e-08 6.13085e-12 3.38344e-09)
(-2.42351e-11 1.53535e-08 6.63716e-11)
(1.57682e-08 5.96666e-12 3.52453e-09)
(-2.4169e-11 1.5363e-08 6.41115e-11)
(1.5719e-08 5.79764e-12 3.66043e-09)
(-2.40602e-11 1.53723e-08 6.18812e-11)
(1.56701e-08 5.62918e-12 3.79125e-09)
(-2.39087e-11 1.53814e-08 5.96841e-11)
(1.56216e-08 5.46387e-12 3.91712e-09)
(-2.37152e-11 1.53903e-08 5.75231e-11)
(1.55735e-08 5.30279e-12 4.03813e-09)
(-2.34814e-11 1.53991e-08 5.54004e-11)
(1.55259e-08 5.14614e-12 4.15441e-09)
(-2.32091e-11 1.54076e-08 5.33178e-11)
(1.54789e-08 4.99378e-12 4.26606e-09)
(-2.29008e-11 1.54159e-08 5.12763e-11)
(1.54326e-08 4.8454e-12 4.37319e-09)
(-2.25591e-11 1.5424e-08 4.92768e-11)
(1.5387e-08 4.70068e-12 4.47592e-09)
(-2.21866e-11 1.5432e-08 4.73199e-11)
(1.53422e-08 4.55933e-12 4.57436e-09)
(-2.17859e-11 1.54397e-08 4.54059e-11)
(1.52982e-08 4.42111e-12 4.66861e-09)
(-2.13597e-11 1.54473e-08 4.3535e-11)
(1.52552e-08 4.28584e-12 4.75879e-09)
(-2.09104e-11 1.54547e-08 4.17072e-11)
(1.52131e-08 4.1534e-12 4.845e-09)
(-2.04405e-11 1.54619e-08 3.99225e-11)
(1.5172e-08 4.02368e-12 4.92735e-09)
(-1.99523e-11 1.54689e-08 3.81808e-11)
(1.51319e-08 3.8966e-12 5.00595e-09)
(-1.94479e-11 1.54758e-08 3.64818e-11)
(1.50929e-08 3.77212e-12 5.0809e-09)
(-1.89296e-11 1.54824e-08 3.48253e-11)
(1.50549e-08 3.65018e-12 5.1523e-09)
(-1.83993e-11 1.54889e-08 3.32112e-11)
(1.5018e-08 3.53075e-12 5.22026e-09)
(-1.78589e-11 1.54952e-08 3.1639e-11)
(1.49823e-08 3.4138e-12 5.28487e-09)
(-1.73101e-11 1.55014e-08 3.01084e-11)
(1.49477e-08 3.29928e-12 5.34624e-09)
(-1.67548e-11 1.55073e-08 2.86192e-11)
(1.49142e-08 3.18715e-12 5.40445e-09)
(-1.61945e-11 1.55131e-08 2.71708e-11)
(1.48818e-08 3.07739e-12 5.45962e-09)
(-1.56307e-11 1.55187e-08 2.57631e-11)
(1.48507e-08 2.96995e-12 5.51182e-09)
(-1.5065e-11 1.55242e-08 2.43956e-11)
(1.48206e-08 2.86478e-12 5.56116e-09)
(-1.44986e-11 1.55295e-08 2.30679e-11)
(1.47918e-08 2.76186e-12 5.60772e-09)
(-1.39328e-11 1.55346e-08 2.17796e-11)
(1.4764e-08 2.66112e-12 5.6516e-09)
(-1.33689e-11 1.55396e-08 2.05305e-11)
(1.47374e-08 2.56253e-12 5.69288e-09)
(-1.28079e-11 1.55444e-08 1.932e-11)
(1.4712e-08 2.46603e-12 5.73165e-09)
(-1.2251e-11 1.55491e-08 1.81478e-11)
(1.46877e-08 2.37157e-12 5.768e-09)
(-1.16992e-11 1.55536e-08 1.70136e-11)
(1.46644e-08 2.27911e-12 5.80202e-09)
(-1.11533e-11 1.55579e-08 1.5917e-11)
(1.46423e-08 2.18859e-12 5.83378e-09)
(-1.06143e-11 1.55621e-08 1.48576e-11)
(1.46213e-08 2.09997e-12 5.86338e-09)
(-1.00829e-11 1.55662e-08 1.38351e-11)
(1.46013e-08 2.01317e-12 5.89088e-09)
(-9.55991e-12 1.55701e-08 1.28492e-11)
(1.45824e-08 1.92816e-12 5.91638e-09)
(-9.046e-12 1.55738e-08 1.18996e-11)
(1.45645e-08 1.84488e-12 5.93995e-09)
(-8.54181e-12 1.55774e-08 1.09859e-11)
(1.45476e-08 1.76327e-12 5.96167e-09)
(-8.04793e-12 1.55809e-08 1.01079e-11)
(1.45317e-08 1.68327e-12 5.98162e-09)
(-7.5649e-12 1.55842e-08 9.26531e-12)
(1.45168e-08 1.60484e-12 5.99988e-09)
(-7.09321e-12 1.55874e-08 8.45783e-12)
(1.45028e-08 1.5279e-12 6.01651e-09)
(-6.63331e-12 1.55904e-08 7.68522e-12)
(1.44897e-08 1.45241e-12 6.0316e-09)
(-6.18559e-12 1.55934e-08 6.94725e-12)
(1.44775e-08 1.37832e-12 6.04522e-09)
(-5.75043e-12 1.55961e-08 6.2437e-12)
(1.44662e-08 1.30555e-12 6.05745e-09)
(-5.32815e-12 1.55988e-08 5.57437e-12)
(1.44557e-08 1.23406e-12 6.06835e-09)
(-4.91902e-12 1.56013e-08 4.93906e-12)
(1.4446e-08 1.16379e-12 6.07799e-09)
(-4.52332e-12 1.56037e-08 4.3376e-12)
(1.44371e-08 1.09466e-12 6.08646e-09)
(-4.14125e-12 1.56059e-08 3.7698e-12)
(1.4429e-08 1.02665e-12 6.09382e-09)
(-3.773e-12 1.5608e-08 3.23552e-12)
(1.44215e-08 9.59708e-13 6.10014e-09)
(-3.41869e-12 1.561e-08 2.73462e-12)
(1.44148e-08 8.93818e-13 6.10549e-09)
(-3.07843e-12 1.56119e-08 2.267e-12)
(1.44088e-08 8.28996e-13 6.10994e-09)
(-2.75227e-12 1.56136e-08 1.83256e-12)
(1.44034e-08 7.65318e-13 6.11356e-09)
(-2.44023e-12 1.56152e-08 1.43123e-12)
(1.43985e-08 7.02957e-13 6.11642e-09)
(-2.14231e-12 1.56167e-08 1.063e-12)
(1.43943e-08 6.42254e-13 6.11858e-09)
(-1.85842e-12 1.56181e-08 7.27869e-13)
(1.43907e-08 5.83798e-13 6.12012e-09)
(-1.58847e-12 1.56193e-08 4.25933e-13)
(1.43875e-08 5.28531e-13 6.1211e-09)
(-1.33241e-12 1.56205e-08 1.57357e-13)
(1.43849e-08 4.77865e-13 6.12159e-09)
(-1.0903e-12 1.56214e-08 -7.75997e-14)
(1.43827e-08 4.33767e-13 6.12167e-09)
(-8.62549e-13 1.56223e-08 -2.78583e-13)
(1.43809e-08 3.98692e-13 6.1214e-09)
(-6.50259e-13 1.56231e-08 -4.45201e-13)
(1.43796e-08 3.7516e-13 6.12085e-09)
(-4.55764e-13 1.56237e-08 -5.77214e-13)
(1.43787e-08 3.64608e-13 6.12012e-09)
(-2.83348e-13 1.56242e-08 -6.75044e-13)
(1.4378e-08 3.65462e-13 6.11929e-09)
(-1.39867e-13 1.56246e-08 -7.40984e-13)
(1.43777e-08 3.72426e-13 6.1185e-09)
(-3.43021e-14 1.56249e-08 -7.81064e-13)
(1.43776e-08 3.80344e-13 6.11789e-09)
(2.73628e-14 1.56251e-08 -8.054e-13)
(5.4972e-14 1.56251e-08 -8.21157e-13)
(1.64262e-08 4.25385e-12 6.55975e-10)
(2.18692e-19 1.49832e-08 1.82616e-19)
(1.64381e-08 -6.08445e-12 5.72107e-10)
(1.73349e-19 1.55355e-08 3.27047e-19)
(1.6436e-08 -8.46464e-12 7.53413e-10)
(2.53579e-19 1.52946e-08 2.63069e-19)
(1.64159e-08 -7.24578e-12 9.93839e-10)
(3.09661e-19 1.52378e-08 2.68025e-19)
(1.63823e-08 -5.17983e-12 1.22599e-09)
(2.99008e-19 1.52331e-08 2.90958e-19)
(1.63422e-08 -3.20526e-12 1.44583e-09)
(2.99301e-19 1.52374e-08 2.80483e-19)
(1.62987e-08 -1.58672e-12 1.65595e-09)
(3.2955e-19 1.52457e-08 2.65331e-19)
(1.62534e-08 -3.67062e-13 1.85776e-09)
(3.261e-19 1.52561e-08 2.28183e-19)
(1.62069e-08 4.95532e-13 2.05209e-09)
(3.77362e-19 1.52674e-08 1.97137e-19)
(1.61597e-08 1.07107e-12 2.23949e-09)
(4.71578e-19 1.52789e-08 2.52671e-19)
(1.61119e-08 1.43174e-12 2.42037e-09)
(4.7293e-19 1.52903e-08 3.63722e-19)
(1.60637e-08 1.6402e-12 2.59506e-09)
(4.4534e-19 1.53015e-08 4.665e-19)
(1.60151e-08 1.74574e-12 2.76379e-09)
(4.515e-19 1.53123e-08 5.49077e-19)
(1.59662e-08 1.78461e-12 2.92673e-09)
(4.63206e-19 1.53228e-08 6.17369e-19)
(1.5917e-08 1.78217e-12 3.08403e-09)
(4.66584e-19 1.53331e-08 6.81127e-19)
(1.58677e-08 1.75543e-12 3.23581e-09)
(4.52237e-19 1.53431e-08 7.36769e-19)
(1.58183e-08 1.71532e-12 3.3822e-09)
(4.38936e-19 1.53528e-08 7.72052e-19)
(1.5769e-08 1.66862e-12 3.52329e-09)
(4.44127e-19 1.53623e-08 7.84531e-19)
(1.57198e-08 1.61931e-12 3.65921e-09)
(4.65902e-19 1.53717e-08 7.89393e-19)
(1.56709e-08 1.56961e-12 3.79005e-09)
(4.87273e-19 1.53808e-08 7.99229e-19)
(1.56223e-08 1.52066e-12 3.91593e-09)
(5.02107e-19 1.53897e-08 8.15196e-19)
(1.55742e-08 1.47298e-12 4.03697e-09)
(5.19755e-19 1.53984e-08 8.42499e-19)
(1.55265e-08 1.42673e-12 4.15326e-09)
(5.37693e-19 1.5407e-08 8.84692e-19)
(1.54795e-08 1.3819e-12 4.26493e-09)
(5.50568e-19 1.54153e-08 9.35752e-19)
(1.54331e-08 1.33841e-12 4.37208e-09)
(5.51237e-19 1.54234e-08 9.80304e-19)
(1.53875e-08 1.29614e-12 4.47483e-09)
(5.43428e-19 1.54314e-08 1.00552e-18)
(1.53427e-08 1.255e-12 4.57328e-09)
(5.43608e-19 1.54392e-08 1.01764e-18)
(1.52987e-08 1.2149e-12 4.66755e-09)
(5.59166e-19 1.54468e-08 1.03853e-18)
(1.52556e-08 1.17577e-12 4.75775e-09)
(5.72639e-19 1.54542e-08 1.08078e-18)
(1.52135e-08 1.13756e-12 4.84398e-09)
(5.59792e-19 1.54614e-08 1.13398e-18)
(1.51724e-08 1.10023e-12 4.92635e-09)
(5.28988e-19 1.54684e-08 1.18736e-18)
(1.51323e-08 1.06374e-12 5.00497e-09)
(4.94724e-19 1.54753e-08 1.23767e-18)
(1.50932e-08 1.02809e-12 5.07994e-09)
(4.61775e-19 1.5482e-08 1.27595e-18)
(1.50552e-08 9.93236e-13 5.15136e-09)
(4.49039e-19 1.54885e-08 1.28198e-18)
(1.50183e-08 9.59181e-13 5.21934e-09)
(4.65134e-19 1.54948e-08 1.24551e-18)
(1.49825e-08 9.25905e-13 5.28397e-09)
(4.97689e-19 1.55009e-08 1.19321e-18)
(1.49479e-08 8.93395e-13 5.34535e-09)
(5.24531e-19 1.55069e-08 1.15849e-18)
(1.49144e-08 8.61638e-13 5.40359e-09)
(5.27489e-19 1.55127e-08 1.15217e-18)
(1.48821e-08 8.30622e-13 5.45877e-09)
(5.13157e-19 1.55183e-08 1.17418e-18)
(1.48509e-08 8.00333e-13 5.51099e-09)
(4.90289e-19 1.55238e-08 1.21452e-18)
(1.48208e-08 7.70756e-13 5.56035e-09)
(4.67182e-19 1.55291e-08 1.26297e-18)
(1.47919e-08 7.41878e-13 5.60693e-09)
(4.48631e-19 1.55343e-08 1.32391e-18)
(1.47642e-08 7.13684e-13 5.65083e-09)
(4.18073e-19 1.55393e-08 1.39109e-18)
(1.47376e-08 6.86157e-13 5.69213e-09)
(3.76378e-19 1.55441e-08 1.45287e-18)
(1.47121e-08 6.59283e-13 5.73092e-09)
(3.49297e-19 1.55488e-08 1.53508e-18)
(1.46878e-08 6.33045e-13 5.7673e-09)
(3.254e-19 1.55533e-08 1.65533e-18)
(1.46646e-08 6.07427e-13 5.80133e-09)
(2.7848e-19 1.55576e-08 1.77663e-18)
(1.46424e-08 5.82412e-13 5.83312e-09)
(2.29123e-19 1.55618e-08 1.87645e-18)
(1.46214e-08 5.57983e-13 5.86273e-09)
(1.84354e-19 1.55659e-08 1.96068e-18)
(1.46014e-08 5.34124e-13 5.89026e-09)
(1.2913e-19 1.55698e-08 2.01844e-18)
(1.45825e-08 5.10816e-13 5.91578e-09)
(8.96955e-20 1.55736e-08 2.05996e-18)
(1.45646e-08 4.88044e-13 5.93937e-09)
(6.93523e-20 1.55772e-08 2.10164e-18)
(1.45477e-08 4.65788e-13 5.96111e-09)
(4.06645e-20 1.55807e-08 2.12791e-18)
(1.45318e-08 4.44031e-13 5.98108e-09)
(8.63985e-21 1.5584e-08 2.13393e-18)
(1.45169e-08 4.22755e-13 5.99936e-09)
(-2.51211e-20 1.55872e-08 2.12749e-18)
(1.45029e-08 4.01942e-13 6.01601e-09)
(-6.99272e-20 1.55903e-08 2.12615e-18)
(1.44898e-08 3.81574e-13 6.03112e-09)
(-1.15565e-19 1.55932e-08 2.17604e-18)
(1.44776e-08 3.61634e-13 6.04476e-09)
(-1.67089e-19 1.5596e-08 2.31836e-18)
(1.44663e-08 3.42104e-13 6.05701e-09)
(-2.75483e-19 1.55986e-08 2.52221e-18)
(1.44558e-08 3.22967e-13 6.06793e-09)
(-4.25863e-19 1.56011e-08 2.72059e-18)
(1.44461e-08 3.04203e-13 6.0776e-09)
(-4.99918e-19 1.56035e-08 2.88553e-18)
(1.44372e-08 2.85794e-13 6.08609e-09)
(-4.16068e-19 1.56058e-08 3.01076e-18)
(1.4429e-08 2.67729e-13 6.09347e-09)
(-3.32314e-19 1.56079e-08 3.05244e-18)
(1.44216e-08 2.49998e-13 6.09981e-09)
(-4.09355e-19 1.56099e-08 3.05262e-18)
(1.44149e-08 2.326e-13 6.10518e-09)
(-5.51241e-19 1.56118e-08 3.15078e-18)
(1.44088e-08 2.15553e-13 6.10965e-09)
(-6.91128e-19 1.56135e-08 3.28657e-18)
(1.44034e-08 1.98891e-13 6.11329e-09)
(-7.67665e-19 1.56152e-08 3.33492e-18)
(1.43986e-08 1.82692e-13 6.11617e-09)
(-7.43283e-19 1.56166e-08 3.32458e-18)
(1.43944e-08 1.67096e-13 6.11835e-09)
(-7.11338e-19 1.5618e-08 3.29177e-18)
(1.43907e-08 1.52333e-13 6.11991e-09)
(-6.99635e-19 1.56193e-08 3.25775e-18)
(1.43875e-08 1.38754e-13 6.12092e-09)
(-6.70325e-19 1.56204e-08 3.25246e-18)
(1.43849e-08 1.26858e-13 6.12143e-09)
(-6.10946e-19 1.56214e-08 3.28166e-18)
(1.43827e-08 1.17294e-13 6.12153e-09)
(-5.47507e-19 1.56223e-08 3.32054e-18)
(1.4381e-08 1.10798e-13 6.12128e-09)
(-5.58187e-19 1.5623e-08 3.21874e-18)
(1.43796e-08 1.07996e-13 6.12076e-09)
(-7.2125e-19 1.56236e-08 2.57448e-18)
(1.43787e-08 1.09022e-13 6.12006e-09)
(-1.17854e-18 1.56241e-08 6.10955e-19)
(1.43781e-08 1.13014e-13 6.11926e-09)
(-1.1841e-18 1.56245e-08 -2.15585e-18)
(1.43777e-08 1.1819e-13 6.11849e-09)
(1.61326e-18 1.56248e-08 -7.94271e-19)
(1.43776e-08 1.23149e-13 6.11789e-09)
(5.65759e-18 1.5625e-08 8.95341e-18)
(-5.4876e-19 1.5625e-08 1.68877e-17)
(1.64262e-08 -4.25385e-12 6.55975e-10)
(-2.10393e-10 1.49808e-08 -3.70221e-11)
(1.64381e-08 6.08445e-12 5.72107e-10)
(-1.10418e-10 1.55126e-08 -8.12601e-11)
(1.6436e-08 8.46464e-12 7.53413e-10)
(-5.01543e-11 1.52839e-08 -9.10258e-11)
(1.64159e-08 7.24578e-12 9.93839e-10)
(-1.75192e-11 1.52336e-08 -9.28034e-11)
(1.63823e-08 5.17983e-12 1.22599e-09)
(8.95449e-13 1.52317e-08 -9.22911e-11)
(1.63422e-08 3.20526e-12 1.44583e-09)
(1.13969e-11 1.52374e-08 -9.09629e-11)
(1.62987e-08 1.58672e-12 1.65595e-09)
(1.72532e-11 1.52463e-08 -8.91582e-11)
(1.62534e-08 3.67061e-13 1.85776e-09)
(2.04544e-11 1.5257e-08 -8.70781e-11)
(1.62069e-08 -4.95533e-13 2.05209e-09)
(2.21786e-11 1.52684e-08 -8.486e-11)
(1.61597e-08 -1.07107e-12 2.23949e-09)
(2.31048e-11 1.52799e-08 -8.2578e-11)
(1.61119e-08 -1.43174e-12 2.42037e-09)
(2.36121e-11 1.52913e-08 -8.02665e-11)
(1.60637e-08 -1.6402e-12 2.59506e-09)
(2.39022e-11 1.53024e-08 -7.79412e-11)
(1.60151e-08 -1.74574e-12 2.76379e-09)
(2.40768e-11 1.53132e-08 -7.56109e-11)
(1.59662e-08 -1.78461e-12 2.92673e-09)
(2.41837e-11 1.53236e-08 -7.32826e-11)
(1.5917e-08 -1.78217e-12 3.08403e-09)
(2.42424e-11 1.53339e-08 -7.09625e-11)
(1.58677e-08 -1.75543e-12 3.23581e-09)
(2.42592e-11 1.53438e-08 -6.8657e-11)
(1.58183e-08 -1.71532e-12 3.3822e-09)
(2.42351e-11 1.53535e-08 -6.63716e-11)
(1.5769e-08 -1.66862e-12 3.52329e-09)
(2.4169e-11 1.5363e-08 -6.41115e-11)
(1.57198e-08 -1.61931e-12 3.65921e-09)
(2.40602e-11 1.53723e-08 -6.18812e-11)
(1.56709e-08 -1.56961e-12 3.79005e-09)
(2.39087e-11 1.53814e-08 -5.96841e-11)
(1.56223e-08 -1.52066e-12 3.91593e-09)
(2.37153e-11 1.53903e-08 -5.75231e-11)
(1.55742e-08 -1.47298e-12 4.03697e-09)
(2.34814e-11 1.53991e-08 -5.54004e-11)
(1.55265e-08 -1.42673e-12 4.15326e-09)
(2.32091e-11 1.54076e-08 -5.33178e-11)
(1.54795e-08 -1.38191e-12 4.26493e-09)
(2.29008e-11 1.54159e-08 -5.12763e-11)
(1.54331e-08 -1.33841e-12 4.37208e-09)
(2.25591e-11 1.5424e-08 -4.92768e-11)
(1.53875e-08 -1.29614e-12 4.47483e-09)
(2.21866e-11 1.5432e-08 -4.73199e-11)
(1.53427e-08 -1.255e-12 4.57328e-09)
(2.17859e-11 1.54397e-08 -4.54059e-11)
(1.52987e-08 -1.2149e-12 4.66755e-09)
(2.13597e-11 1.54473e-08 -4.3535e-11)
(1.52556e-08 -1.17577e-12 4.75775e-09)
(2.09104e-11 1.54547e-08 -4.17072e-11)
(1.52135e-08 -1.13756e-12 4.84398e-09)
(2.04405e-11 1.54619e-08 -3.99225e-11)
(1.51724e-08 -1.10023e-12 4.92635e-09)
(1.99523e-11 1.54689e-08 -3.81808e-11)
(1.51323e-08 -1.06374e-12 5.00497e-09)
(1.94479e-11 1.54758e-08 -3.64818e-11)
(1.50932e-08 -1.02809e-12 5.07994e-09)
(1.89296e-11 1.54824e-08 -3.48253e-11)
(1.50552e-08 -9.93238e-13 5.15136e-09)
(1.83993e-11 1.54889e-08 -3.32112e-11)
(1.50183e-08 -9.59182e-13 5.21934e-09)
(1.78589e-11 1.54952e-08 -3.1639e-11)
(1.49825e-08 -9.25906e-13 5.28397e-09)
(1.73101e-11 1.55014e-08 -3.01084e-11)
(1.49479e-08 -8.93396e-13 5.34535e-09)
(1.67548e-11 1.55073e-08 -2.86191e-11)
(1.49144e-08 -8.6164e-13 5.40359e-09)
(1.61945e-11 1.55131e-08 -2.71708e-11)
(1.48821e-08 -8.30624e-13 5.45877e-09)
(1.56307e-11 1.55187e-08 -2.57631e-11)
(1.48509e-08 -8.00334e-13 5.51099e-09)
(1.5065e-11 1.55242e-08 -2.43956e-11)
(1.48208e-08 -7.70757e-13 5.56035e-09)
(1.44986e-11 1.55295e-08 -2.30679e-11)
(1.47919e-08 -7.41879e-13 5.60693e-09)
(1.39328e-11 1.55346e-08 -2.17796e-11)
(1.47642e-08 -7.13685e-13 5.65083e-09)
(1.33689e-11 1.55396e-08 -2.05305e-11)
(1.47376e-08 -6.86159e-13 5.69213e-09)
(1.28079e-11 1.55444e-08 -1.932e-11)
(1.47121e-08 -6.59285e-13 5.73092e-09)
(1.2251e-11 1.55491e-08 -1.81478e-11)
(1.46878e-08 -6.33047e-13 5.7673e-09)
(1.16992e-11 1.55536e-08 -1.70136e-11)
(1.46646e-08 -6.07428e-13 5.80133e-09)
(1.11533e-11 1.55579e-08 -1.5917e-11)
(1.46424e-08 -5.82413e-13 5.83312e-09)
(1.06143e-11 1.55621e-08 -1.48576e-11)
(1.46214e-08 -5.57984e-13 5.86273e-09)
(1.00829e-11 1.55662e-08 -1.38351e-11)
(1.46014e-08 -5.34125e-13 5.89026e-09)
(9.55991e-12 1.55701e-08 -1.28492e-11)
(1.45825e-08 -5.10818e-13 5.91578e-09)
(9.046e-12 1.55738e-08 -1.18996e-11)
(1.45646e-08 -4.88045e-13 5.93937e-09)
(8.54181e-12 1.55774e-08 -1.09859e-11)
(1.45477e-08 -4.6579e-13 5.96111e-09)
(8.04793e-12 1.55809e-08 -1.01079e-11)
(1.45318e-08 -4.44033e-13 5.98108e-09)
(7.5649e-12 1.55842e-08 -9.26531e-12)
(1.45169e-08 -4.22756e-13 5.99936e-09)
(7.09321e-12 1.55874e-08 -8.45782e-12)
(1.45029e-08 -4.01943e-13 6.01601e-09)
(6.63331e-12 1.55904e-08 -7.68521e-12)
(1.44898e-08 -3.81575e-13 6.03112e-09)
(6.18559e-12 1.55934e-08 -6.94725e-12)
(1.44776e-08 -3.61635e-13 6.04476e-09)
(5.75043e-12 1.55961e-08 -6.2437e-12)
(1.44663e-08 -3.42106e-13 6.05701e-09)
(5.32815e-12 1.55988e-08 -5.57437e-12)
(1.44558e-08 -3.22969e-13 6.06793e-09)
(4.91902e-12 1.56013e-08 -4.93906e-12)
(1.44461e-08 -3.04204e-13 6.0776e-09)
(4.52332e-12 1.56037e-08 -4.33759e-12)
(1.44372e-08 -2.85796e-13 6.08609e-09)
(4.14125e-12 1.56059e-08 -3.7698e-12)
(1.4429e-08 -2.67731e-13 6.09347e-09)
(3.773e-12 1.5608e-08 -3.23551e-12)
(1.44216e-08 -2.5e-13 6.09981e-09)
(3.41869e-12 1.561e-08 -2.73462e-12)
(1.44149e-08 -2.32602e-13 6.10518e-09)
(3.07842e-12 1.56119e-08 -2.26699e-12)
(1.44088e-08 -2.15554e-13 6.10965e-09)
(2.75226e-12 1.56136e-08 -1.83255e-12)
(1.44034e-08 -1.98893e-13 6.11329e-09)
(2.44023e-12 1.56152e-08 -1.43123e-12)
(1.43986e-08 -1.82693e-13 6.11617e-09)
(2.14231e-12 1.56167e-08 -1.06299e-12)
(1.43944e-08 -1.67097e-13 6.11835e-09)
(1.85842e-12 1.56181e-08 -7.27863e-13)
(1.43907e-08 -1.52335e-13 6.11991e-09)
(1.58847e-12 1.56193e-08 -4.25927e-13)
(1.43875e-08 -1.38756e-13 6.12092e-09)
(1.33241e-12 1.56205e-08 -1.57351e-13)
(1.43849e-08 -1.26859e-13 6.12143e-09)
(1.0903e-12 1.56214e-08 7.76057e-14)
(1.43827e-08 -1.17295e-13 6.12153e-09)
(8.62548e-13 1.56223e-08 2.78589e-13)
(1.4381e-08 -1.10799e-13 6.12128e-09)
(6.50258e-13 1.56231e-08 4.45207e-13)
(1.43796e-08 -1.07998e-13 6.12076e-09)
(4.55763e-13 1.56237e-08 5.77219e-13)
(1.43787e-08 -1.09025e-13 6.12006e-09)
(2.83347e-13 1.56242e-08 6.75046e-13)
(1.43781e-08 -1.13016e-13 6.11926e-09)
(1.39866e-13 1.56246e-08 7.40985e-13)
(1.43777e-08 -1.18184e-13 6.11849e-09)
(3.43033e-14 1.56249e-08 7.81068e-13)
(1.43776e-08 -1.23144e-13 6.11789e-09)
(-2.73603e-14 1.56251e-08 8.0541e-13)
(-5.49752e-14 1.56251e-08 8.21171e-13)
(1.6425e-08 -5.41849e-12 6.23899e-10)
(-4.50586e-10 1.49635e-08 -7.36199e-11)
(1.64391e-08 2.67278e-11 5.66951e-10)
(-2.13645e-10 1.54384e-08 -1.61085e-10)
(1.64338e-08 2.98016e-11 7.55002e-10)
(-8.94175e-11 1.52544e-08 -1.81916e-10)
(1.64116e-08 2.26176e-11 9.95222e-10)
(-2.73281e-11 1.52247e-08 -1.8639e-10)
(1.63774e-08 1.46539e-11 1.22677e-09)
(6.32606e-12 1.52301e-08 -1.8549e-10)
(1.63375e-08 8.03137e-12 1.44648e-09)
(2.51617e-11 1.52387e-08 -1.82442e-10)
(1.62947e-08 2.97899e-12 1.65668e-09)
(3.55928e-11 1.5249e-08 -1.78315e-10)
(1.625e-08 -6.49563e-13 1.85861e-09)
(4.12829e-11 1.52602e-08 -1.73697e-10)
(1.62041e-08 -3.11606e-12 2.05305e-09)
(4.43465e-11 1.52717e-08 -1.68906e-10)
(1.61574e-08 -4.70022e-12 2.24054e-09)
(4.59996e-11 1.52831e-08 -1.64088e-10)
(1.61101e-08 -5.65095e-12 2.4215e-09)
(4.69168e-11 1.52942e-08 -1.59292e-10)
(1.60621e-08 -6.16788e-12 2.59624e-09)
(4.74532e-11 1.53051e-08 -1.54531e-10)
(1.60138e-08 -6.39995e-12 2.76501e-09)
(4.77849e-11 1.53157e-08 -1.49805e-10)
(1.5965e-08 -6.45258e-12 2.92797e-09)
(4.79926e-11 1.53261e-08 -1.45115e-10)
(1.5916e-08 -6.39715e-12 3.08528e-09)
(4.81082e-11 1.53362e-08 -1.40464e-10)
(1.58667e-08 -6.28019e-12 3.23706e-09)
(4.8141e-11 1.53461e-08 -1.35857e-10)
(1.58174e-08 -6.13085e-12 3.38344e-09)
(4.80913e-11 1.53557e-08 -1.31301e-10)
(1.57682e-08 -5.96666e-12 3.52453e-09)
(4.79573e-11 1.53652e-08 -1.26802e-10)
(1.5719e-08 -5.79764e-12 3.66043e-09)
(4.77375e-11 1.53744e-08 -1.22367e-10)
(1.56701e-08 -5.62918e-12 3.79125e-09)
(4.74323e-11 1.53835e-08 -1.18001e-10)
(1.56216e-08 -5.46388e-12 3.91712e-09)
(4.70434e-11 1.53923e-08 -1.13709e-10)
(1.55735e-08 -5.30279e-12 4.03813e-09)
(4.65741e-11 1.5401e-08 -1.09495e-10)
(1.55259e-08 -5.14614e-12 4.15441e-09)
(4.60288e-11 1.54095e-08 -1.05362e-10)
(1.54789e-08 -4.99378e-12 4.26606e-09)
(4.54121e-11 1.54178e-08 -1.01311e-10)
(1.54326e-08 -4.8454e-12 4.37319e-09)
(4.47293e-11 1.54259e-08 -9.7344e-11)
(1.5387e-08 -4.70068e-12 4.47592e-09)
(4.39856e-11 1.54338e-08 -9.34625e-11)
(1.53422e-08 -4.55933e-12 4.57436e-09)
(4.31864e-11 1.54415e-08 -8.96668e-11)
(1.52982e-08 -4.42111e-12 4.66861e-09)
(4.23368e-11 1.5449e-08 -8.59572e-11)
(1.52552e-08 -4.28585e-12 4.75879e-09)
(4.14417e-11 1.54564e-08 -8.23338e-11)
(1.52131e-08 -4.1534e-12 4.845e-09)
(4.05061e-11 1.54635e-08 -7.87964e-11)
(1.5172e-08 -4.02368e-12 4.92735e-09)
(3.95344e-11 1.54705e-08 -7.53447e-11)
(1.51319e-08 -3.8966e-12 5.00595e-09)
(3.85311e-11 1.54773e-08 -7.19785e-11)
(1.50929e-08 -3.77212e-12 5.0809e-09)
(3.75003e-11 1.54839e-08 -6.86971e-11)
(1.50549e-08 -3.65018e-12 5.1523e-09)
(3.6446e-11 1.54903e-08 -6.55e-11)
(1.5018e-08 -3.53076e-12 5.22026e-09)
(3.5372e-11 1.54966e-08 -6.23867e-11)
(1.49823e-08 -3.4138e-12 5.28487e-09)
(3.42817e-11 1.55027e-08 -5.93563e-11)
(1.49477e-08 -3.29928e-12 5.34624e-09)
(3.31787e-11 1.55086e-08 -5.64084e-11)
(1.49142e-08 -3.18715e-12 5.40445e-09)
(3.20661e-11 1.55144e-08 -5.3542e-11)
(1.48818e-08 -3.07739e-12 5.45962e-09)
(3.09468e-11 1.552e-08 -5.07564e-11)
(1.48507e-08 -2.96995e-12 5.51182e-09)
(2.98239e-11 1.55254e-08 -4.8051e-11)
(1.48206e-08 -2.86479e-12 5.56116e-09)
(2.86999e-11 1.55306e-08 -4.54248e-11)
(1.47918e-08 -2.76186e-12 5.60772e-09)
(2.75774e-11 1.55357e-08 -4.28771e-11)
(1.4764e-08 -2.66112e-12 5.6516e-09)
(2.64588e-11 1.55406e-08 -4.04071e-11)
(1.47374e-08 -2.56253e-12 5.69288e-09)
(2.53463e-11 1.55454e-08 -3.80141e-11)
(1.4712e-08 -2.46603e-12 5.73165e-09)
(2.4242e-11 1.555e-08 -3.56973e-11)
(1.46877e-08 -2.37157e-12 5.768e-09)
(2.31479e-11 1.55545e-08 -3.34559e-11)
(1.46644e-08 -2.27911e-12 5.80202e-09)
(2.20658e-11 1.55588e-08 -3.12892e-11)
(1.46423e-08 -2.1886e-12 5.83378e-09)
(2.09973e-11 1.5563e-08 -2.91964e-11)
(1.46213e-08 -2.09997e-12 5.86338e-09)
(1.99442e-11 1.5567e-08 -2.71769e-11)
(1.46013e-08 -2.01317e-12 5.89088e-09)
(1.89079e-11 1.55708e-08 -2.523e-11)
(1.45824e-08 -1.92816e-12 5.91638e-09)
(1.78896e-11 1.55746e-08 -2.33551e-11)
(1.45645e-08 -1.84488e-12 5.93995e-09)
(1.68907e-11 1.55781e-08 -2.15514e-11)
(1.45476e-08 -1.76327e-12 5.96167e-09)
(1.59124e-11 1.55816e-08 -1.98185e-11)
(1.45317e-08 -1.68327e-12 5.98162e-09)
(1.49556e-11 1.55848e-08 -1.81557e-11)
(1.45168e-08 -1.60484e-12 5.99988e-09)
(1.40214e-11 1.5588e-08 -1.65626e-11)
(1.45028e-08 -1.5279e-12 6.01651e-09)
(1.31105e-11 1.5591e-08 -1.50385e-11)
(1.44897e-08 -1.45242e-12 6.0316e-09)
(1.22239e-11 1.55939e-08 -1.35831e-11)
(1.44775e-08 -1.37832e-12 6.04522e-09)
(1.13621e-11 1.55966e-08 -1.21958e-11)
(1.44662e-08 -1.30555e-12 6.05745e-09)
(1.0526e-11 1.55993e-08 -1.08763e-11)
(1.44557e-08 -1.23406e-12 6.06835e-09)
(9.71585e-12 1.56017e-08 -9.6241e-12)
(1.4446e-08 -1.16379e-12 6.07799e-09)
(8.93236e-12 1.56041e-08 -8.43891e-12)
(1.44371e-08 -1.09466e-12 6.08646e-09)
(8.1759e-12 1.56063e-08 -7.32034e-12)
(1.4429e-08 -1.02665e-12 6.09382e-09)
(7.44681e-12 1.56084e-08 -6.26809e-12)
(1.44215e-08 -9.59709e-13 6.10014e-09)
(6.74534e-12 1.56104e-08 -5.2819e-12)
(1.44148e-08 -8.93819e-13 6.10549e-09)
(6.07171e-12 1.56122e-08 -4.36154e-12)
(1.44088e-08 -8.28997e-13 6.10994e-09)
(5.42605e-12 1.56139e-08 -3.50682e-12)
(1.44034e-08 -7.65319e-13 6.11356e-09)
(4.80841e-12 1.56155e-08 -2.71761e-12)
(1.43985e-08 -7.02958e-13 6.11642e-09)
(4.21876e-12 1.5617e-08 -1.99383e-12)
(1.43943e-08 -6.42255e-13 6.11858e-09)
(3.657e-12 1.56183e-08 -1.33552e-12)
(1.43907e-08 -5.83799e-13 6.12012e-09)
(3.12294e-12 1.56195e-08 -7.42836e-13)
(1.43875e-08 -5.28532e-13 6.1211e-09)
(2.61644e-12 1.56206e-08 -2.16094e-13)
(1.43849e-08 -4.77866e-13 6.12159e-09)
(2.13757e-12 1.56216e-08 2.44179e-13)
(1.43827e-08 -4.33768e-13 6.12167e-09)
(1.68695e-12 1.56225e-08 6.37231e-13)
(1.43809e-08 -3.98694e-13 6.1214e-09)
(1.26642e-12 1.56232e-08 9.62117e-13)
(1.43796e-08 -3.75162e-13 6.12085e-09)
(8.80148e-13 1.56238e-08 1.21791e-12)
(1.43787e-08 -3.64608e-13 6.12012e-09)
(5.36331e-13 1.56243e-08 1.40443e-12)
(1.4378e-08 -3.65462e-13 6.11929e-09)
(2.49305e-13 1.56247e-08 1.52423e-12)
(1.43777e-08 -3.72428e-13 6.1185e-09)
(4.02178e-14 1.5625e-08 1.58674e-12)
(1.43776e-08 -3.80342e-13 6.11789e-09)
(-7.09709e-14 1.56251e-08 1.61341e-12)
(-1.02315e-13 1.56251e-08 1.62569e-12)
(1.64441e-08 4.34464e-11 5.64827e-10)
(-7.67878e-10 1.48893e-08 -1.0469e-10)
(1.64498e-08 6.65012e-11 5.57692e-10)
(-2.88595e-10 1.53588e-08 -2.32637e-10)
(1.64261e-08 5.21566e-11 7.57003e-10)
(-9.6274e-11 1.52354e-08 -2.7078e-10)
(1.63981e-08 3.30117e-11 9.97106e-10)
(-2.16505e-11 1.52237e-08 -2.79791e-10)
(1.6364e-08 1.73475e-11 1.22808e-09)
(1.81979e-11 1.52342e-08 -2.785e-10)
(1.63261e-08 5.72332e-12 1.44777e-09)
(4.14832e-11 1.52446e-08 -2.73128e-10)
(1.62853e-08 -2.40328e-12 1.65812e-09)
(5.46864e-11 1.52554e-08 -2.65986e-10)
(1.62424e-08 -7.7853e-12 1.86022e-09)
(6.19695e-11 1.52663e-08 -2.58232e-10)
(1.6198e-08 -1.1162e-11 2.0548e-09)
(6.59392e-11 1.52773e-08 -2.5042e-10)
(1.61524e-08 -1.31442e-11 2.24241e-09)
(6.81311e-11 1.52883e-08 -2.42751e-10)
(1.61059e-08 -1.4196e-11 2.42346e-09)
(6.93922e-11 1.5299e-08 -2.35262e-10)
(1.60586e-08 -1.46508e-11 2.59826e-09)
(7.01624e-11 1.53096e-08 -2.27936e-10)
(1.60106e-08 -1.47375e-11 2.76706e-09)
(7.0657e-11 1.532e-08 -2.20742e-10)
(1.59622e-08 -1.46067e-11 2.93004e-09)
(7.09733e-11 1.53302e-08 -2.13659e-10)
(1.59134e-08 -1.43543e-11 3.08735e-09)
(7.11496e-11 1.53402e-08 -2.06674e-10)
(1.58643e-08 -1.40391e-11 3.23913e-09)
(7.11968e-11 1.535e-08 -1.99782e-10)
(1.58152e-08 -1.36954e-11 3.38549e-09)
(7.11158e-11 1.53596e-08 -1.92984e-10)
(1.57661e-08 -1.33427e-11 3.52655e-09)
(7.09048e-11 1.5369e-08 -1.86285e-10)
(1.57171e-08 -1.29909e-11 3.66242e-09)
(7.05636e-11 1.53782e-08 -1.7969e-10)
(1.56683e-08 -1.2645e-11 3.79321e-09)
(7.00936e-11 1.53872e-08 -1.73204e-10)
(1.56199e-08 -1.23066e-11 3.91905e-09)
(6.94989e-11 1.5396e-08 -1.66834e-10)
(1.55719e-08 -1.19762e-11 4.04003e-09)
(6.87849e-11 1.54046e-08 -1.60583e-10)
(1.55244e-08 -1.16533e-11 4.15627e-09)
(6.79586e-11 1.5413e-08 -1.54455e-10)
(1.54774e-08 -1.13375e-11 4.26789e-09)
(6.70274e-11 1.54212e-08 -1.48453e-10)
(1.54312e-08 -1.10281e-11 4.37499e-09)
(6.59991e-11 1.54293e-08 -1.42578e-10)
(1.53857e-08 -1.07245e-11 4.47769e-09)
(6.48819e-11 1.54371e-08 -1.36833e-10)
(1.5341e-08 -1.04265e-11 4.57609e-09)
(6.36836e-11 1.54448e-08 -1.31217e-10)
(1.52971e-08 -1.01337e-11 4.67031e-09)
(6.24119e-11 1.54522e-08 -1.25731e-10)
(1.52542e-08 -9.84594e-12 4.76046e-09)
(6.10741e-11 1.54595e-08 -1.20376e-10)
(1.52121e-08 -9.56303e-12 4.84664e-09)
(5.96776e-11 1.54666e-08 -1.1515e-10)
(1.51711e-08 -9.28488e-12 4.92896e-09)
(5.8229e-11 1.54735e-08 -1.10054e-10)
(1.51311e-08 -9.01143e-12 5.00753e-09)
(5.67348e-11 1.54802e-08 -1.05086e-10)
(1.50921e-08 -8.74262e-12 5.08245e-09)
(5.52013e-11 1.54868e-08 -1.00246e-10)
(1.50542e-08 -8.47841e-12 5.15382e-09)
(5.36343e-11 1.54931e-08 -9.55332e-11)
(1.50173e-08 -8.21874e-12 5.22175e-09)
(5.20392e-11 1.54993e-08 -9.09463e-11)
(1.49816e-08 -7.96358e-12 5.28633e-09)
(5.04215e-11 1.55053e-08 -8.64842e-11)
(1.49471e-08 -7.71287e-12 5.34766e-09)
(4.87859e-11 1.55112e-08 -8.21458e-11)
(1.49136e-08 -7.46656e-12 5.40585e-09)
(4.71374e-11 1.55169e-08 -7.79298e-11)
(1.48813e-08 -7.2246e-12 5.46098e-09)
(4.54802e-11 1.55224e-08 -7.3835e-11)
(1.48502e-08 -6.98692e-12 5.51315e-09)
(4.38186e-11 1.55277e-08 -6.98602e-11)
(1.48202e-08 -6.75346e-12 5.56246e-09)
(4.21565e-11 1.55329e-08 -6.60041e-11)
(1.47913e-08 -6.52415e-12 5.60899e-09)
(4.04977e-11 1.55379e-08 -6.22653e-11)
(1.47636e-08 -6.29891e-12 5.65284e-09)
(3.88455e-11 1.55427e-08 -5.86426e-11)
(1.47371e-08 -6.07766e-12 5.69409e-09)
(3.72032e-11 1.55474e-08 -5.51347e-11)
(1.47116e-08 -5.86033e-12 5.73283e-09)
(3.55739e-11 1.5552e-08 -5.17403e-11)
(1.46873e-08 -5.64683e-12 5.76916e-09)
(3.39604e-11 1.55564e-08 -4.84582e-11)
(1.46641e-08 -5.43707e-12 5.80314e-09)
(3.23653e-11 1.55606e-08 -4.52872e-11)
(1.4642e-08 -5.23097e-12 5.83487e-09)
(3.07912e-11 1.55647e-08 -4.22261e-11)
(1.4621e-08 -5.02842e-12 5.86444e-09)
(2.92402e-11 1.55686e-08 -3.92737e-11)
(1.46011e-08 -4.82935e-12 5.89191e-09)
(2.77146e-11 1.55724e-08 -3.6429e-11)
(1.45822e-08 -4.63365e-12 5.91738e-09)
(2.62161e-11 1.5576e-08 -3.36908e-11)
(1.45643e-08 -4.44124e-12 5.94092e-09)
(2.47467e-11 1.55795e-08 -3.10582e-11)
(1.45474e-08 -4.25201e-12 5.9626e-09)
(2.3308e-11 1.55829e-08 -2.853e-11)
(1.45315e-08 -4.06586e-12 5.98252e-09)
(2.19014e-11 1.55861e-08 -2.61055e-11)
(1.45166e-08 -3.8827e-12 6.00074e-09)
(2.05283e-11 1.55892e-08 -2.37837e-11)
(1.45026e-08 -3.70242e-12 6.01735e-09)
(1.919e-11 1.55921e-08 -2.15637e-11)
(1.44896e-08 -3.52491e-12 6.0324e-09)
(1.78876e-11 1.55949e-08 -1.94449e-11)
(1.44774e-08 -3.35009e-12 6.04599e-09)
(1.6622e-11 1.55976e-08 -1.74264e-11)
(1.44661e-08 -3.17784e-12 6.05818e-09)
(1.53941e-11 1.56002e-08 -1.55075e-11)
(1.44556e-08 -3.00806e-12 6.06905e-09)
(1.42048e-11 1.56026e-08 -1.36876e-11)
(1.44459e-08 -2.84064e-12 6.07866e-09)
(1.30548e-11 1.56049e-08 -1.19661e-11)
(1.4437e-08 -2.67549e-12 6.0871e-09)
(1.19446e-11 1.5607e-08 -1.03425e-11)
(1.44289e-08 -2.51248e-12 6.09442e-09)
(1.08747e-11 1.56091e-08 -8.81612e-12)
(1.44215e-08 -2.35153e-12 6.10071e-09)
(9.84542e-12 1.5611e-08 -7.38667e-12)
(1.44148e-08 -2.19254e-12 6.10603e-09)
(8.85714e-12 1.56128e-08 -6.05377e-12)
(1.44087e-08 -2.03546e-12 6.11045e-09)
(7.91003e-12 1.56144e-08 -4.81709e-12)
(1.44033e-08 -1.88029e-12 6.11403e-09)
(7.00419e-12 1.5616e-08 -3.67636e-12)
(1.43985e-08 -1.72714e-12 6.11686e-09)
(6.1396e-12 1.56174e-08 -2.63144e-12)
(1.43943e-08 -1.57632e-12 6.11899e-09)
(5.31612e-12 1.56187e-08 -1.68231e-12)
(1.43906e-08 -1.42843e-12 6.12049e-09)
(4.53352e-12 1.56199e-08 -8.29105e-13)
(1.43875e-08 -1.28457e-12 6.12143e-09)
(3.79158e-12 1.5621e-08 -7.22456e-14)
(1.43849e-08 -1.14659e-12 6.12189e-09)
(3.09027e-12 1.56219e-08 5.87546e-13)
(1.43827e-08 -1.01738e-12 6.12192e-09)
(2.43019e-12 1.56227e-08 1.14911e-12)
(1.43809e-08 -9.01206e-13 6.1216e-09)
(1.81328e-12 1.56234e-08 1.61072e-12)
(1.43796e-08 -8.03764e-13 6.12101e-09)
(1.2444e-12 1.5624e-08 1.96993e-12)
(1.43786e-08 -7.31376e-13 6.12022e-09)
(7.34098e-13 1.56245e-08 2.22361e-12)
(1.4378e-08 -6.88143e-13 6.11935e-09)
(3.03465e-13 1.56249e-08 2.36874e-12)
(1.43777e-08 -6.70435e-13 6.11852e-09)
(-9.8269e-15 1.56251e-08 2.40609e-12)
(1.43775e-08 -6.64294e-13 6.1179e-09)
(-1.52724e-13 1.56251e-08 2.35414e-12)
(-1.12846e-13 1.56251e-08 2.27479e-12)
(1.64945e-08 4.37199e-10 5.34201e-10)
(1.64047e-08 1.53735e-10 5.54775e-10)
(1.63802e-08 5.99981e-11 7.57937e-10)
(1.63594e-08 2.2444e-11 9.96767e-10)
(1.63314e-08 -1.03476e-12 1.22706e-09)
(1.62988e-08 -1.61088e-11 1.44651e-09)
(1.62624e-08 -2.49162e-11 1.65682e-09)
(1.62229e-08 -2.95953e-11 1.85898e-09)
(1.6181e-08 -3.17788e-11 2.05363e-09)
(1.61372e-08 -3.2528e-11 2.24129e-09)
(1.6092e-08 -3.24871e-11 2.42237e-09)
(1.60457e-08 -3.20333e-11 2.59718e-09)
(1.59986e-08 -3.13812e-11 2.76598e-09)
(1.59508e-08 -3.06481e-11 2.92894e-09)
(1.59025e-08 -2.98942e-11 3.08623e-09)
(1.5854e-08 -2.91479e-11 3.23798e-09)
(1.58053e-08 -2.84204e-11 3.38431e-09)
(1.57567e-08 -2.77146e-11 3.52536e-09)
(1.57081e-08 -2.70293e-11 3.66122e-09)
(1.56597e-08 -2.6362e-11 3.79201e-09)
(1.56117e-08 -2.57103e-11 3.91784e-09)
(1.55641e-08 -2.50721e-11 4.03882e-09)
(1.55169e-08 -2.44455e-11 4.15507e-09)
(1.54704e-08 -2.38295e-11 4.26671e-09)
(1.54245e-08 -2.32232e-11 4.37383e-09)
(1.53793e-08 -2.26261e-11 4.47655e-09)
(1.53349e-08 -2.20379e-11 4.57498e-09)
(1.52914e-08 -2.14583e-11 4.66923e-09)
(1.52487e-08 -2.08873e-11 4.75941e-09)
(1.5207e-08 -2.03248e-11 4.84563e-09)
(1.51662e-08 -1.97706e-11 4.92799e-09)
(1.51264e-08 -1.92248e-11 5.0066e-09)
(1.50877e-08 -1.86872e-11 5.08156e-09)
(1.505e-08 -1.81578e-11 5.15297e-09)
(1.50135e-08 -1.76364e-11 5.22094e-09)
(1.4978e-08 -1.7123e-11 5.28557e-09)
(1.49436e-08 -1.66175e-11 5.34695e-09)
(1.49104e-08 -1.61197e-11 5.40518e-09)
(1.48783e-08 -1.56296e-11 5.46036e-09)
(1.48473e-08 -1.51468e-11 5.51258e-09)
(1.48175e-08 -1.46714e-11 5.56193e-09)
(1.47888e-08 -1.42031e-11 5.6085e-09)
(1.47613e-08 -1.37419e-11 5.65239e-09)
(1.47349e-08 -1.32874e-11 5.69369e-09)
(1.47096e-08 -1.28396e-11 5.73247e-09)
(1.46855e-08 -1.23983e-11 5.76883e-09)
(1.46624e-08 -1.19633e-11 5.80286e-09)
(1.46405e-08 -1.15345e-11 5.83463e-09)
(1.46196e-08 -1.11116e-11 5.86423e-09)
(1.45997e-08 -1.06944e-11 5.89174e-09)
(1.4581e-08 -1.02829e-11 5.91724e-09)
(1.45632e-08 -9.87676e-12 5.94081e-09)
(1.45464e-08 -9.47586e-12 5.96253e-09)
(1.45306e-08 -9.08001e-12 5.98248e-09)
(1.45158e-08 -8.68902e-12 6.00073e-09)
(1.45019e-08 -8.30271e-12 6.01736e-09)
(1.44889e-08 -7.92088e-12 6.03244e-09)
(1.44768e-08 -7.54335e-12 6.04605e-09)
(1.44656e-08 -7.16992e-12 6.05826e-09)
(1.44552e-08 -6.80043e-12 6.06915e-09)
(1.44456e-08 -6.43476e-12 6.07878e-09)
(1.44368e-08 -6.0727e-12 6.08723e-09)
(1.44287e-08 -5.71403e-12 6.09457e-09)
(1.44213e-08 -5.35849e-12 6.10087e-09)
(1.44147e-08 -5.00584e-12 6.1062e-09)
(1.44087e-08 -4.65588e-12 6.11062e-09)
(1.44033e-08 -4.30839e-12 6.11422e-09)
(1.43985e-08 -3.96312e-12 6.11705e-09)
(1.43944e-08 -3.61991e-12 6.11918e-09)
(1.43907e-08 -3.27868e-12 6.12068e-09)
(1.43876e-08 -2.93962e-12 6.12163e-09)
(1.4385e-08 -2.6035e-12 6.12208e-09)
(1.43828e-08 -2.27212e-12 6.1221e-09)
(1.43811e-08 -1.94918e-12 6.12177e-09)
(1.43798e-08 -1.6418e-12 6.12116e-09)
(1.43788e-08 -1.36332e-12 6.12035e-09)
(1.43782e-08 -1.13629e-12 6.11944e-09)
(1.43778e-08 -9.92995e-13 6.1186e-09)
(1.43776e-08 -9.51405e-13 6.118e-09)
)
;

boundaryField
{
    left
    {
        type            calculated;
        value           nonuniform List<vector> 
64
(
(-1.5625e-08 0 0)
(-1.5625e-08 0 0)
(-1.5625e-08 0 0)
(-1.5625e-08 0 0)
(-1.5625e-08 0 0)
(-1.5625e-08 0 0)
(-1.5625e-08 0 0)
(-1.5625e-08 0 0)
(-1.5625e-08 0 0)
(-1.5625e-08 0 0)
(-1.5625e-08 0 0)
(-1.5625e-08 0 0)
(-1.5625e-08 0 0)
(-1.5625e-08 0 0)
(-1.5625e-08 0 0)
(-1.5625e-08 0 0)
(-1.5625e-08 0 0)
(-1.5625e-08 0 0)
(-1.5625e-08 0 0)
(-1.5625e-08 0 0)
(-1.5625e-08 0 0)
(-1.5625e-08 0 0)
(-1.5625e-08 0 0)
(-1.5625e-08 0 0)
(-1.5625e-08 0 0)
(-1.5625e-08 0 0)
(-1.5625e-08 0 0)
(-1.5625e-08 0 0)
(-1.5625e-08 0 0)
(-1.5625e-08 0 0)
(-1.5625e-08 0 0)
(-1.5625e-08 0 0)
(-1.5625e-08 0 0)
(-1.5625e-08 0 0)
(-1.5625e-08 0 0)
(-1.5625e-08 0 0)
(-1.5625e-08 0 0)
(-1.5625e-08 0 0)
(-1.5625e-08 0 0)
(-1.5625e-08 0 0)
(-1.5625e-08 0 0)
(-1.5625e-08 0 0)
(-1.5625e-08 0 0)
(-1.5625e-08 0 0)
(-1.5625e-08 0 0)
(-1.5625e-08 0 0)
(-1.5625e-08 0 0)
(-1.5625e-08 0 0)
(-1.5625e-08 0 0)
(-1.5625e-08 0 0)
(-1.5625e-08 0 0)
(-1.5625e-08 0 0)
(-1.5625e-08 0 0)
(-1.5625e-08 0 0)
(-1.5625e-08 0 0)
(-1.5625e-08 0 0)
(-1.5625e-08 0 0)
(-1.5625e-08 0 0)
(-1.5625e-08 0 0)
(-1.5625e-08 0 0)
(-1.5625e-08 0 0)
(-1.5625e-08 0 0)
(-1.5625e-08 0 0)
(-1.5625e-08 0 0)
)
;
    }
    right
    {
        type            calculated;
        value           nonuniform List<vector> 
64
(
(1.43757e-08 -9.76392e-13 6.11703e-09)
(1.43758e-08 -7.33947e-13 6.11707e-09)
(1.43759e-08 -4.36644e-13 6.11708e-09)
(1.43759e-08 -1.43422e-13 6.11707e-09)
(1.43759e-08 1.4343e-13 6.11707e-09)
(1.43759e-08 4.36652e-13 6.11708e-09)
(1.43758e-08 7.3394e-13 6.11707e-09)
(1.43757e-08 9.76389e-13 6.11703e-09)
(1.4376e-08 -8.77451e-13 6.11593e-09)
(1.43759e-08 -6.96501e-13 6.11603e-09)
(1.43759e-08 -3.97913e-13 6.11614e-09)
(1.43759e-08 -1.29126e-13 6.11618e-09)
(1.43759e-08 1.29124e-13 6.11618e-09)
(1.43759e-08 3.97913e-13 6.11614e-09)
(1.43759e-08 6.96501e-13 6.11603e-09)
(1.4376e-08 8.77458e-13 6.11593e-09)
(1.43768e-08 -5.48337e-13 6.11474e-09)
(1.43765e-08 -5.10899e-13 6.11503e-09)
(1.43765e-08 -2.88448e-13 6.11525e-09)
(1.43765e-08 -9.34373e-14 6.11535e-09)
(1.43765e-08 9.34349e-14 6.11535e-09)
(1.43765e-08 2.88446e-13 6.11525e-09)
(1.43765e-08 5.10899e-13 6.11503e-09)
(1.43768e-08 5.48341e-13 6.11474e-09)
(1.43776e-08 1.40149e-15 6.11412e-09)
(1.43774e-08 -1.88119e-13 6.11456e-09)
(1.43774e-08 -1.14009e-13 6.11487e-09)
(1.43773e-08 -3.82253e-14 6.11499e-09)
(1.43773e-08 3.82241e-14 6.11499e-09)
(1.43774e-08 1.14007e-13 6.11487e-09)
(1.43774e-08 1.88118e-13 6.11456e-09)
(1.43776e-08 -1.40427e-15 6.11412e-09)
(1.43783e-08 6.00952e-13 6.1144e-09)
(1.43781e-08 1.85982e-13 6.11485e-09)
(1.43781e-08 8.46237e-14 6.11517e-09)
(1.43781e-08 2.44692e-14 6.11529e-09)
(1.43781e-08 -2.44707e-14 6.11529e-09)
(1.43781e-08 -8.46252e-14 6.11517e-09)
(1.43781e-08 -1.85984e-13 6.11485e-09)
(1.43783e-08 -6.00959e-13 6.1144e-09)
(1.43785e-08 1.02147e-12 6.1155e-09)
(1.43785e-08 4.97645e-13 6.11579e-09)
(1.43785e-08 2.5558e-13 6.11602e-09)
(1.43785e-08 7.94769e-14 6.11612e-09)
(1.43785e-08 -7.94789e-14 6.11612e-09)
(1.43785e-08 -2.55581e-13 6.11602e-09)
(1.43785e-08 -4.97648e-13 6.11579e-09)
(1.43785e-08 -1.02147e-12 6.1155e-09)
(1.43782e-08 1.10535e-12 6.11701e-09)
(1.43782e-08 6.5931e-13 6.11702e-09)
(1.43782e-08 3.60203e-13 6.1171e-09)
(1.43782e-08 1.15196e-13 6.11714e-09)
(1.43782e-08 -1.15196e-13 6.11714e-09)
(1.43782e-08 -3.60206e-13 6.1171e-09)
(1.43782e-08 -6.59313e-13 6.11702e-09)
(1.43782e-08 -1.10535e-12 6.11701e-09)
(1.43776e-08 9.63608e-13 6.11784e-09)
(1.43775e-08 6.69632e-13 6.11768e-09)
(1.43775e-08 3.851e-13 6.11764e-09)
(1.43775e-08 1.26264e-13 6.11764e-09)
(1.43775e-08 -1.26257e-13 6.11764e-09)
(1.43775e-08 -3.85101e-13 6.11764e-09)
(1.43775e-08 -6.69636e-13 6.11768e-09)
(1.43776e-08 -9.63614e-13 6.11784e-09)
)
;
    }
    back
    {
        type            calculated;
        value           nonuniform List<vector> 
640
(
(8.24958e-10 1.65082e-08 -8.68553e-11)
(6.24188e-10 1.61765e-08 -1.09814e-10)
(3.67622e-10 1.59144e-08 -1.46971e-10)
(5.20702e-11 1.56632e-08 -1.69485e-10)
(-2.89033e-10 1.54047e-08 -1.71884e-10)
(-6.17837e-10 1.51307e-08 -1.56924e-10)
(-9.15893e-10 1.48303e-08 -1.42158e-10)
(-1.18532e-09 1.44478e-08 -1.33613e-10)
(2.06332e-10 1.57314e-08 -2.40443e-10)
(1.08769e-10 1.5712e-08 -2.75851e-10)
(3.4201e-11 1.56466e-08 -3.25411e-10)
(-1.37554e-11 1.56101e-08 -3.61102e-10)
(-5.4568e-11 1.55972e-08 -3.62772e-10)
(-1.00906e-10 1.55776e-08 -3.35919e-10)
(-1.65311e-10 1.55611e-08 -3.13034e-10)
(-2.50896e-10 1.56168e-08 -2.94472e-10)
(1.06823e-10 1.58914e-08 -3.28871e-10)
(5.56313e-11 1.57954e-08 -3.56821e-10)
(1.5401e-11 1.57119e-08 -3.71047e-10)
(-4.57716e-12 1.56265e-08 -3.88681e-10)
(-1.61326e-11 1.55498e-08 -3.85701e-10)
(-3.39108e-11 1.54706e-08 -3.68453e-10)
(-6.2083e-11 1.53974e-08 -3.57984e-10)
(-9.23636e-11 1.53162e-08 -3.39498e-10)
(6.80509e-11 1.59354e-08 -3.72799e-10)
(4.37753e-11 1.58187e-08 -3.99075e-10)
(2.21037e-11 1.57264e-08 -3.94845e-10)
(1.07561e-11 1.56299e-08 -3.97561e-10)
(5.48273e-12 1.55379e-08 -3.91761e-10)
(-6.4411e-13 1.54467e-08 -3.81719e-10)
(-8.86829e-12 1.53549e-08 -3.73904e-10)
(-1.638e-11 1.52545e-08 -3.49616e-10)
(4.45002e-11 1.5943e-08 -3.93335e-10)
(3.59323e-11 1.58222e-08 -4.1866e-10)
(2.69451e-11 1.5727e-08 -4.06342e-10)
(2.32053e-11 1.56294e-08 -4.00403e-10)
(2.32496e-11 1.5536e-08 -3.91651e-10)
(2.4677e-11 1.5444e-08 -3.82922e-10)
(2.66149e-11 1.53491e-08 -3.74219e-10)
(2.81233e-11 1.52551e-08 -3.47194e-10)
(3.27229e-11 1.59441e-08 -4.00935e-10)
(3.30804e-11 1.58232e-08 -4.24841e-10)
(3.15833e-11 1.57274e-08 -4.08703e-10)
(3.2946e-11 1.56294e-08 -3.98234e-10)
(3.66361e-11 1.55356e-08 -3.86963e-10)
(4.21157e-11 1.54433e-08 -3.77266e-10)
(4.8759e-11 1.53483e-08 -3.67326e-10)
(5.44017e-11 1.526e-08 -3.39739e-10)
(2.73184e-11 1.59423e-08 -4.01112e-10)
(3.29086e-11 1.58227e-08 -4.23321e-10)
(3.57844e-11 1.57277e-08 -4.05266e-10)
(4.04169e-11 1.563e-08 -3.9247e-10)
(4.64271e-11 1.55364e-08 -3.79371e-10)
(5.39218e-11 1.54444e-08 -3.68427e-10)
(6.24668e-11 1.53503e-08 -3.57427e-10)
(6.96983e-11 1.52663e-08 -3.30115e-10)
(2.55011e-11 1.59387e-08 -3.96833e-10)
(3.41933e-11 1.58209e-08 -4.17314e-10)
(3.95438e-11 1.57275e-08 -3.98261e-10)
(4.61266e-11 1.56308e-08 -3.84315e-10)
(5.34454e-11 1.55381e-08 -3.70102e-10)
(6.18096e-11 1.54473e-08 -3.58301e-10)
(7.08875e-11 1.53547e-08 -3.46587e-10)
(7.84091e-11 1.52743e-08 -3.19861e-10)
(2.56771e-11 1.59339e-08 -3.89826e-10)
(3.62146e-11 1.58183e-08 -4.08701e-10)
(4.28857e-11 1.57269e-08 -3.89152e-10)
(5.05172e-11 1.56317e-08 -3.74729e-10)
(5.84467e-11 1.55405e-08 -3.59997e-10)
(6.7055e-11 1.54514e-08 -3.47806e-10)
(7.60587e-11 1.53606e-08 -3.35717e-10)
(8.33243e-11 1.52835e-08 -3.09677e-10)
(2.68898e-11 1.59283e-08 -3.81151e-10)
(3.85125e-11 1.5815e-08 -3.98601e-10)
(4.58135e-11 1.57259e-08 -3.78877e-10)
(5.3929e-11 1.56326e-08 -3.64393e-10)
(6.20498e-11 1.55433e-08 -3.49572e-10)
(7.0598e-11 1.54562e-08 -3.37354e-10)
(7.9303e-11 1.53673e-08 -3.25132e-10)
(8.61413e-11 1.52933e-08 -2.99789e-10)
(2.85726e-11 1.5922e-08 -3.71476e-10)
(4.0813e-11 1.58113e-08 -3.87692e-10)
(4.83406e-11 1.57246e-08 -3.68018e-10)
(5.66116e-11 1.56335e-08 -3.53735e-10)
(6.46996e-11 1.55463e-08 -3.39111e-10)
(7.30633e-11 1.54614e-08 -3.27102e-10)
(8.1417e-11 1.53746e-08 -3.14889e-10)
(8.78144e-11 1.53035e-08 -2.90216e-10)
(3.03992e-11 1.59154e-08 -3.6123e-10)
(4.29675e-11 1.58072e-08 -3.76384e-10)
(5.04943e-11 1.57231e-08 -3.56923e-10)
(5.8743e-11 1.56343e-08 -3.43006e-10)
(6.6693e-11 1.55493e-08 -3.28752e-10)
(7.4838e-11 1.54667e-08 -3.17086e-10)
(8.28549e-11 1.5382e-08 -3.04955e-10)
(8.8851e-11 1.53137e-08 -2.80911e-10)
(3.21872e-11 1.59086e-08 -3.50692e-10)
(4.49026e-11 1.5803e-08 -3.64927e-10)
(5.23067e-11 1.57214e-08 -3.45795e-10)
(6.04457e-11 1.5635e-08 -3.3234e-10)
(6.82186e-11 1.55523e-08 -3.18552e-10)
(7.61508e-11 1.54721e-08 -3.07292e-10)
(8.38646e-11 1.53895e-08 -2.95275e-10)
(8.95085e-11 1.53239e-08 -2.7182e-10)
(3.38386e-11 1.59016e-08 -3.40041e-10)
(4.65873e-11 1.57986e-08 -3.5347e-10)
(5.38089e-11 1.57196e-08 -3.34744e-10)
(6.18015e-11 1.56355e-08 -3.21805e-10)
(6.93915e-11 1.55552e-08 -3.08528e-10)
(7.71311e-11 1.54774e-08 -2.97698e-10)
(8.45752e-11 1.53969e-08 -2.85803e-10)
(8.99103e-11 1.53339e-08 -2.62903e-10)
(3.53036e-11 1.58946e-08 -3.29393e-10)
(4.80135e-11 1.57941e-08 -3.42104e-10)
(5.50278e-11 1.57177e-08 -3.23834e-10)
(6.28639e-11 1.5636e-08 -3.11432e-10)
(7.02801e-11 1.55581e-08 -2.9868e-10)
(7.78493e-11 1.54826e-08 -2.8828e-10)
(8.50504e-11 1.54043e-08 -2.76506e-10)
(9.01103e-11 1.53438e-08 -2.54135e-10)
(3.65604e-11 1.58875e-08 -3.18824e-10)
(4.91845e-11 1.57896e-08 -3.30881e-10)
(5.59857e-11 1.57157e-08 -3.13096e-10)
(6.36682e-11 1.56364e-08 -3.01233e-10)
(7.09244e-11 1.55608e-08 -2.89004e-10)
(7.83423e-11 1.54877e-08 -2.79021e-10)
(8.532e-11 1.54115e-08 -2.67365e-10)
(9.01299e-11 1.53535e-08 -2.45503e-10)
(3.76022e-11 1.58804e-08 -3.0838e-10)
(5.01092e-11 1.57851e-08 -3.19832e-10)
(5.67015e-11 1.57136e-08 -3.02545e-10)
(6.42381e-11 1.56368e-08 -2.91214e-10)
(7.13482e-11 1.55635e-08 -2.79494e-10)
(7.86299e-11 1.54926e-08 -2.69911e-10)
(8.53976e-11 1.54186e-08 -2.5837e-10)
(8.99765e-11 1.53631e-08 -2.37003e-10)
(3.84314e-11 1.58733e-08 -2.98092e-10)
(5.07993e-11 1.57806e-08 -3.08976e-10)
(5.71909e-11 1.57115e-08 -2.92191e-10)
(6.45908e-11 1.5637e-08 -2.81374e-10)
(7.15669e-11 1.5566e-08 -2.70145e-10)
(7.87235e-11 1.54975e-08 -2.60944e-10)
(8.52905e-11 1.54256e-08 -2.49519e-10)
(8.9653e-11 1.53724e-08 -2.28639e-10)
(3.90546e-11 1.58662e-08 -2.87978e-10)
(5.12672e-11 1.5776e-08 -2.98323e-10)
(5.74682e-11 1.57093e-08 -2.82035e-10)
(6.47399e-11 1.56372e-08 -2.71715e-10)
(7.15919e-11 1.55685e-08 -2.60956e-10)
(7.86314e-11 1.55022e-08 -2.5212e-10)
(8.50045e-11 1.54325e-08 -2.40813e-10)
(8.91628e-11 1.53816e-08 -2.20414e-10)
(3.94814e-11 1.58591e-08 -2.78049e-10)
(5.15259e-11 1.57715e-08 -2.87877e-10)
(5.75466e-11 1.57071e-08 -2.7208e-10)
(6.46973e-11 1.56374e-08 -2.62234e-10)
(7.1433e-11 1.55709e-08 -2.51927e-10)
(7.8361e-11 1.55068e-08 -2.43439e-10)
(8.45455e-11 1.54392e-08 -2.32255e-10)
(8.85105e-11 1.53905e-08 -2.12333e-10)
(3.97224e-11 1.58521e-08 -2.68312e-10)
(5.15885e-11 1.5767e-08 -2.77643e-10)
(5.74385e-11 1.57049e-08 -2.62326e-10)
(6.44742e-11 1.56374e-08 -2.52934e-10)
(7.10996e-11 1.55732e-08 -2.43058e-10)
(7.79202e-11 1.55113e-08 -2.34905e-10)
(8.39208e-11 1.54457e-08 -2.23848e-10)
(8.77027e-11 1.53992e-08 -2.04403e-10)
(3.97893e-11 1.58452e-08 -2.5877e-10)
(5.14679e-11 1.57626e-08 -2.67622e-10)
(5.71561e-11 1.57027e-08 -2.52774e-10)
(6.40816e-11 1.56375e-08 -2.43814e-10)
(7.06013e-11 1.55754e-08 -2.34352e-10)
(7.73175e-11 1.55157e-08 -2.26519e-10)
(8.31388e-11 1.54522e-08 -2.15598e-10)
(8.67474e-11 1.54078e-08 -1.96627e-10)
(3.96939e-11 1.58383e-08 -2.49426e-10)
(5.11771e-11 1.57582e-08 -2.57813e-10)
(5.67117e-11 1.57005e-08 -2.43423e-10)
(6.35304e-11 1.56375e-08 -2.34874e-10)
(6.99481e-11 1.55775e-08 -2.25808e-10)
(7.6562e-11 1.552e-08 -2.18284e-10)
(8.22087e-11 1.54585e-08 -2.07506e-10)
(8.5654e-11 1.54162e-08 -1.89011e-10)
(3.94478e-11 1.58315e-08 -2.4028e-10)
(5.07286e-11 1.57538e-08 -2.48217e-10)
(5.6117e-11 1.56983e-08 -2.34272e-10)
(6.28316e-11 1.56374e-08 -2.26117e-10)
(6.91501e-11 1.55796e-08 -2.1743e-10)
(7.56635e-11 1.55241e-08 -2.10202e-10)
(8.11403e-11 1.54646e-08 -1.99576e-10)
(8.44321e-11 1.54243e-08 -1.81556e-10)
(3.90629e-11 1.58247e-08 -2.31333e-10)
(5.01349e-11 1.57494e-08 -2.38833e-10)
(5.53838e-11 1.5696e-08 -2.25323e-10)
(6.19963e-11 1.56373e-08 -2.17541e-10)
(6.82177e-11 1.55816e-08 -2.09218e-10)
(7.46319e-11 1.55282e-08 -2.02276e-10)
(7.99438e-11 1.54706e-08 -1.91809e-10)
(8.30919e-11 1.54323e-08 -1.74264e-10)
(3.85505e-11 1.5818e-08 -2.22582e-10)
(4.9408e-11 1.57451e-08 -2.29661e-10)
(5.45234e-11 1.56938e-08 -2.16574e-10)
(6.10352e-11 1.56372e-08 -2.09148e-10)
(6.71611e-11 1.55835e-08 -2.01174e-10)
(7.34772e-11 1.55321e-08 -1.94508e-10)
(7.86294e-11 1.54765e-08 -1.84208e-10)
(8.16433e-11 1.54401e-08 -1.67138e-10)
(3.79217e-11 1.58114e-08 -2.14029e-10)
(4.85596e-11 1.57409e-08 -2.20698e-10)
(5.35471e-11 1.56916e-08 -2.08023e-10)
(5.99591e-11 1.56371e-08 -2.00937e-10)
(6.59907e-11 1.55854e-08 -1.93298e-10)
(7.22093e-11 1.55359e-08 -1.86898e-10)
(7.72071e-11 1.54823e-08 -1.76772e-10)
(8.00964e-11 1.54477e-08 -1.60178e-10)
(3.71872e-11 1.58048e-08 -2.05671e-10)
(4.7601e-11 1.57367e-08 -2.11944e-10)
(5.24657e-11 1.56894e-08 -1.99672e-10)
(5.87783e-11 1.56369e-08 -1.92908e-10)
(6.47165e-11 1.55871e-08 -1.8559e-10)
(7.08381e-11 1.55397e-08 -1.79447e-10)
(7.56868e-11 1.54879e-08 -1.69504e-10)
(7.84608e-11 1.54551e-08 -1.53384e-10)
(3.63573e-11 1.57983e-08 -1.97507e-10)
(4.6543e-11 1.57325e-08 -2.03397e-10)
(5.12895e-11 1.56872e-08 -1.91517e-10)
(5.75029e-11 1.56367e-08 -1.85061e-10)
(6.33482e-11 1.55889e-08 -1.78052e-10)
(6.93731e-11 1.55433e-08 -1.72156e-10)
(7.40781e-11 1.54934e-08 -1.62402e-10)
(7.67457e-11 1.54623e-08 -1.46756e-10)
(3.54418e-11 1.5792e-08 -1.89535e-10)
(4.5396e-11 1.57284e-08 -1.95055e-10)
(5.00286e-11 1.5685e-08 -1.83558e-10)
(5.61427e-11 1.56365e-08 -1.77395e-10)
(6.18953e-11 1.55905e-08 -1.70682e-10)
(6.78236e-11 1.55468e-08 -1.65024e-10)
(7.23902e-11 1.54988e-08 -1.55466e-10)
(7.49599e-11 1.54693e-08 -1.40293e-10)
(3.44503e-11 1.57856e-08 -1.81754e-10)
(4.417e-11 1.57244e-08 -1.86917e-10)
(4.86926e-11 1.56828e-08 -1.75793e-10)
(5.47069e-11 1.56362e-08 -1.6991e-10)
(6.03669e-11 1.55921e-08 -1.63481e-10)
(6.61985e-11 1.55502e-08 -1.58053e-10)
(7.06319e-11 1.55041e-08 -1.48697e-10)
(7.3112e-11 1.54761e-08 -1.33994e-10)
(3.33916e-11 1.57794e-08 -1.74162e-10)
(4.28745e-11 1.57204e-08 -1.7898e-10)
(4.72907e-11 1.56806e-08 -1.68221e-10)
(5.32045e-11 1.56359e-08 -1.62604e-10)
(5.87717e-11 1.55937e-08 -1.56447e-10)
(6.45063e-11 1.55535e-08 -1.51242e-10)
(6.88117e-11 1.55092e-08 -1.42093e-10)
(7.121e-11 1.54828e-08 -1.2786e-10)
(3.22744e-11 1.57733e-08 -1.66757e-10)
(4.15185e-11 1.57165e-08 -1.71243e-10)
(4.58315e-11 1.56785e-08 -1.6084e-10)
(5.16441e-11 1.56356e-08 -1.55477e-10)
(5.71181e-11 1.55952e-08 -1.49582e-10)
(6.27552e-11 1.55568e-08 -1.4459e-10)
(6.69376e-11 1.55142e-08 -1.35654e-10)
(6.92615e-11 1.54893e-08 -1.21887e-10)
(3.11068e-11 1.57673e-08 -1.59536e-10)
(4.01105e-11 1.57126e-08 -1.63703e-10)
(4.43233e-11 1.56763e-08 -1.53648e-10)
(5.00339e-11 1.56353e-08 -1.48526e-10)
(5.54141e-11 1.55966e-08 -1.42883e-10)
(6.09532e-11 1.55599e-08 -1.38097e-10)
(6.50173e-11 1.5519e-08 -1.29378e-10)
(6.72738e-11 1.54955e-08 -1.16076e-10)
(2.98964e-11 1.57613e-08 -1.52499e-10)
(3.86587e-11 1.57088e-08 -1.56358e-10)
(4.27741e-11 1.56742e-08 -1.46643e-10)
(4.83815e-11 1.5635e-08 -1.41752e-10)
(5.36672e-11 1.55979e-08 -1.3635e-10)
(5.91076e-11 1.55629e-08 -1.31763e-10)
(6.30582e-11 1.55238e-08 -1.23265e-10)
(6.52538e-11 1.55017e-08 -1.10425e-10)
(2.86507e-11 1.57555e-08 -1.45643e-10)
(3.71708e-11 1.57051e-08 -1.49205e-10)
(4.11914e-11 1.56721e-08 -1.39823e-10)
(4.66945e-11 1.56346e-08 -1.35152e-10)
(5.18848e-11 1.55993e-08 -1.29981e-10)
(5.72256e-11 1.55659e-08 -1.25586e-10)
(6.10671e-11 1.55284e-08 -1.17314e-10)
(6.32078e-11 1.55076e-08 -1.04931e-10)
(2.73766e-11 1.57497e-08 -1.38966e-10)
(3.56542e-11 1.57014e-08 -1.42243e-10)
(3.95821e-11 1.567e-08 -1.33187e-10)
(4.49796e-11 1.56342e-08 -1.28725e-10)
(5.00737e-11 1.56005e-08 -1.23777e-10)
(5.53141e-11 1.55687e-08 -1.19566e-10)
(5.90506e-11 1.55329e-08 -1.11522e-10)
(6.11422e-11 1.55134e-08 -9.95935e-11)
(2.60806e-11 1.57441e-08 -1.32465e-10)
(3.41157e-11 1.56978e-08 -1.35469e-10)
(3.79529e-11 1.5668e-08 -1.26731e-10)
(4.32437e-11 1.56339e-08 -1.22469e-10)
(4.82405e-11 1.56017e-08 -1.17735e-10)
(5.33795e-11 1.55715e-08 -1.13702e-10)
(5.70151e-11 1.55372e-08 -1.05889e-10)
(5.90625e-11 1.5519e-08 -9.44108e-11)
(2.47688e-11 1.57385e-08 -1.26139e-10)
(3.25618e-11 1.56943e-08 -1.2888e-10)
(3.63102e-11 1.5666e-08 -1.20455e-10)
(4.14929e-11 1.56335e-08 -1.16383e-10)
(4.63914e-11 1.56029e-08 -1.11854e-10)
(5.14278e-11 1.55741e-08 -1.07993e-10)
(5.49662e-11 1.55415e-08 -1.00413e-10)
(5.69743e-11 1.55244e-08 -8.93809e-11)
(2.34472e-11 1.57331e-08 -1.19985e-10)
(3.09987e-11 1.56908e-08 -1.22475e-10)
(3.46599e-11 1.5664e-08 -1.14355e-10)
(3.97332e-11 1.56331e-08 -1.10466e-10)
(4.45322e-11 1.5604e-08 -1.06134e-10)
(4.9465e-11 1.55767e-08 -1.02437e-10)
(5.29098e-11 1.55456e-08 -9.50934e-11)
(5.48827e-11 1.55297e-08 -8.45022e-11)
(2.21212e-11 1.57278e-08 -1.14001e-10)
(2.94321e-11 1.56874e-08 -1.16252e-10)
(3.30076e-11 1.5662e-08 -1.0843e-10)
(3.79701e-11 1.56327e-08 -1.04715e-10)
(4.26684e-11 1.56051e-08 -1.00573e-10)
(4.74965e-11 1.55792e-08 -9.70349e-11)
(5.08509e-11 1.55496e-08 -8.99279e-11)
(5.27926e-11 1.55348e-08 -7.97727e-11)
(2.07961e-11 1.57226e-08 -1.08186e-10)
(2.78675e-11 1.56841e-08 -1.10207e-10)
(3.13585e-11 1.56601e-08 -1.02678e-10)
(3.6209e-11 1.56322e-08 -9.91285e-11)
(4.08054e-11 1.56061e-08 -9.51688e-11)
(4.55276e-11 1.55816e-08 -9.17844e-11)
(4.87945e-11 1.55535e-08 -8.49153e-11)
(5.07083e-11 1.55397e-08 -7.51907e-11)
(1.94767e-11 1.57175e-08 -1.02537e-10)
(2.63101e-11 1.56808e-08 -1.04338e-10)
(2.97177e-11 1.56582e-08 -9.70963e-11)
(3.44548e-11 1.56318e-08 -9.37057e-11)
(3.8948e-11 1.56071e-08 -8.99214e-11)
(4.35631e-11 1.55839e-08 -8.66847e-11)
(4.67453e-11 1.55573e-08 -8.00541e-11)
(4.86341e-11 1.55445e-08 -7.07544e-11)
(1.81675e-11 1.57125e-08 -9.70515e-11)
(2.47645e-11 1.56777e-08 -9.86446e-11)
(2.80896e-11 1.56563e-08 -9.16831e-11)
(3.2712e-11 1.56314e-08 -8.84445e-11)
(3.71009e-11 1.5608e-08 -8.48291e-11)
(4.16076e-11 1.55862e-08 -8.17348e-11)
(4.47076e-11 1.55609e-08 -7.53429e-11)
(4.6574e-11 1.55491e-08 -6.6462e-11)
(1.68729e-11 1.57076e-08 -9.17288e-11)
(2.32354e-11 1.56746e-08 -9.31231e-11)
(2.64787e-11 1.56545e-08 -8.64366e-11)
(3.09852e-11 1.5631e-08 -8.33434e-11)
(3.52684e-11 1.56089e-08 -7.98906e-11)
(3.96656e-11 1.55884e-08 -7.69336e-11)
(4.26856e-11 1.55645e-08 -7.07802e-11)
(4.45316e-11 1.55535e-08 -6.23117e-11)
(1.55969e-11 1.57028e-08 -8.65663e-11)
(2.17268e-11 1.56716e-08 -8.77718e-11)
(2.4889e-11 1.56527e-08 -8.13547e-11)
(2.92783e-11 1.56305e-08 -7.84009e-11)
(3.34547e-11 1.56098e-08 -7.51046e-11)
(3.77411e-11 1.55904e-08 -7.228e-11)
(4.0683e-11 1.55679e-08 -6.63646e-11)
(4.25104e-11 1.55578e-08 -5.83018e-11)
(1.43432e-11 1.56982e-08 -8.15624e-11)
(2.02427e-11 1.56686e-08 -8.25886e-11)
(2.33242e-11 1.5651e-08 -7.64355e-11)
(2.75952e-11 1.56301e-08 -7.36153e-11)
(3.16635e-11 1.56106e-08 -7.04698e-11)
(3.5838e-11 1.55925e-08 -6.77731e-11)
(3.87035e-11 1.55712e-08 -6.20946e-11)
(4.05135e-11 1.5562e-08 -5.44305e-11)
(1.31152e-11 1.56937e-08 -7.67152e-11)
(1.87867e-11 1.56658e-08 -7.75717e-11)
(2.17878e-11 1.56493e-08 -7.16771e-11)
(2.59394e-11 1.56297e-08 -6.89851e-11)
(2.98984e-11 1.56114e-08 -6.59851e-11)
(3.39598e-11 1.55944e-08 -6.34118e-11)
(3.67504e-11 1.55745e-08 -5.79689e-11)
(3.85438e-11 1.5566e-08 -5.06963e-11)
(1.19162e-11 1.56893e-08 -7.2023e-11)
(1.73622e-11 1.5663e-08 -7.27192e-11)
(2.02831e-11 1.56476e-08 -6.70779e-11)
(2.43141e-11 1.56292e-08 -6.4509e-11)
(2.81627e-11 1.56121e-08 -6.16492e-11)
(3.21099e-11 1.55963e-08 -5.9195e-11)
(3.48267e-11 1.55776e-08 -5.39862e-11)
(3.66042e-11 1.55699e-08 -4.70974e-11)
(1.07493e-11 1.5685e-08 -6.74842e-11)
(1.59723e-11 1.56603e-08 -6.80292e-11)
(1.88131e-11 1.5646e-08 -6.26359e-11)
(2.27226e-11 1.56288e-08 -6.01854e-11)
(2.64595e-11 1.56128e-08 -5.74609e-11)
(3.02914e-11 1.5598e-08 -5.51219e-11)
(3.29353e-11 1.55805e-08 -5.01451e-11)
(3.4697e-11 1.55736e-08 -4.36325e-11)
(9.61714e-12 1.56809e-08 -6.30971e-11)
(1.46199e-11 1.56577e-08 -6.34999e-11)
(1.73805e-11 1.56444e-08 -5.83496e-11)
(2.11675e-11 1.56284e-08 -5.6013e-11)
(2.47917e-11 1.56135e-08 -5.34192e-11)
(2.85071e-11 1.55998e-08 -5.11915e-11)
(3.1079e-11 1.55834e-08 -4.64444e-11)
(3.28246e-11 1.55771e-08 -4.02998e-11)
(8.52235e-12 1.56768e-08 -5.88603e-11)
(1.33077e-11 1.56551e-08 -5.91297e-11)
(1.5988e-11 1.56428e-08 -5.42173e-11)
(1.96515e-11 1.56279e-08 -5.19904e-11)
(2.31619e-11 1.56142e-08 -4.95229e-11)
(2.67599e-11 1.56014e-08 -4.74029e-11)
(2.926e-11 1.55862e-08 -4.28829e-11)
(3.09891e-11 1.55806e-08 -3.70981e-11)
(7.46727e-12 1.5673e-08 -5.47722e-11)
(1.20381e-11 1.56527e-08 -5.4917e-11)
(1.46377e-11 1.56413e-08 -5.02376e-11)
(1.81769e-11 1.56275e-08 -4.81164e-11)
(2.15725e-11 1.56148e-08 -4.5771e-11)
(2.50521e-11 1.5603e-08 -4.37553e-11)
(2.74808e-11 1.55889e-08 -3.94595e-11)
(2.91925e-11 1.55839e-08 -3.40259e-11)
(6.45406e-12 1.56692e-08 -5.08316e-11)
(1.08133e-11 1.56503e-08 -5.08603e-11)
(1.33319e-11 1.56399e-08 -4.64088e-11)
(1.67461e-11 1.56271e-08 -4.43898e-11)
(2.00259e-11 1.56153e-08 -4.21625e-11)
(2.3386e-11 1.56045e-08 -4.02477e-11)
(2.57434e-11 1.55914e-08 -3.61731e-11)
(2.74364e-11 1.5587e-08 -3.10819e-11)
(5.48469e-12 1.56655e-08 -4.70372e-11)
(9.63547e-12 1.5648e-08 -4.6958e-11)
(1.20725e-11 1.56385e-08 -4.27296e-11)
(1.53609e-11 1.56267e-08 -4.08094e-11)
(1.85239e-11 1.56159e-08 -3.86964e-11)
(2.17638e-11 1.56059e-08 -3.68796e-11)
(2.40495e-11 1.55939e-08 -3.30226e-11)
(2.57225e-11 1.559e-08 -2.82649e-11)
(4.56095e-12 1.5662e-08 -4.33876e-11)
(8.50634e-12 1.56458e-08 -4.32089e-11)
(1.08612e-11 1.56371e-08 -3.91987e-11)
(1.40231e-11 1.56263e-08 -3.7374e-11)
(1.70685e-11 1.56164e-08 -3.53719e-11)
(2.01872e-11 1.56073e-08 -3.365e-11)
(2.24011e-11 1.55963e-08 -3.00071e-11)
(2.40521e-11 1.55929e-08 -2.55737e-11)
(3.68446e-12 1.56587e-08 -3.98817e-11)
(7.42762e-12 1.56437e-08 -3.96115e-11)
(9.69965e-12 1.56358e-08 -3.58148e-11)
(1.27345e-11 1.56259e-08 -3.40827e-11)
(1.56614e-11 1.56169e-08 -3.2188e-11)
(1.86582e-11 1.56086e-08 -3.05583e-11)
(2.07995e-11 1.55985e-08 -2.71256e-11)
(2.24267e-11 1.55956e-08 -2.30072e-11)
(2.85667e-12 1.56554e-08 -3.65184e-11)
(6.4008e-12 1.56416e-08 -3.61647e-11)
(8.58924e-12 1.56346e-08 -3.25767e-11)
(1.14965e-11 1.56256e-08 -3.09343e-11)
(1.43041e-11 1.56174e-08 -2.91439e-11)
(1.71781e-11 1.56099e-08 -2.76038e-11)
(1.92462e-11 1.56007e-08 -2.43773e-11)
(2.08473e-11 1.55983e-08 -2.05643e-11)
(2.0789e-12 1.56523e-08 -3.32967e-11)
(5.42722e-12 1.56397e-08 -3.28672e-11)
(7.53123e-12 1.56333e-08 -2.94832e-11)
(1.03104e-11 1.56252e-08 -2.7928e-11)
(1.29979e-11 1.56178e-08 -2.62388e-11)
(1.57485e-11 1.56111e-08 -2.4786e-11)
(1.77426e-11 1.56027e-08 -2.17614e-11)
(1.93149e-11 1.56007e-08 -1.82441e-11)
(1.35228e-12 1.56493e-08 -3.02155e-11)
(4.50807e-12 1.56378e-08 -2.9718e-11)
(6.52674e-12 1.56322e-08 -2.65332e-11)
(9.17737e-12 1.56249e-08 -2.50629e-11)
(1.17441e-11 1.56182e-08 -2.34721e-11)
(1.43706e-11 1.56122e-08 -2.21042e-11)
(1.62895e-11 1.56047e-08 -1.92771e-11)
(1.78305e-11 1.56031e-08 -1.60457e-11)
(6.77852e-13 1.56464e-08 -2.72739e-11)
(3.64439e-12 1.56361e-08 -2.67161e-11)
(5.57673e-12 1.56311e-08 -2.37258e-11)
(8.09843e-12 1.56245e-08 -2.23381e-11)
(1.05437e-11 1.56186e-08 -2.08431e-11)
(1.30455e-11 1.56133e-08 -1.95579e-11)
(1.48882e-11 1.56065e-08 -1.69237e-11)
(1.63948e-11 1.56053e-08 -1.39682e-11)
(5.65106e-14 1.56437e-08 -2.44711e-11)
(2.8371e-12 1.56344e-08 -2.38603e-11)
(4.68207e-12 1.563e-08 -2.106e-11)
(7.07449e-12 1.56242e-08 -1.97529e-11)
(9.39765e-12 1.5619e-08 -1.8351e-11)
(1.17742e-11 1.56143e-08 -1.71465e-11)
(1.35393e-11 1.56083e-08 -1.47006e-11)
(1.50086e-11 1.56074e-08 -1.20108e-11)
(-5.10946e-13 1.56412e-08 -2.18062e-11)
(2.08699e-12 1.56328e-08 -2.11499e-11)
(3.84348e-12 1.5629e-08 -1.85349e-11)
(6.10632e-12 1.56239e-08 -1.73064e-11)
(8.30678e-12 1.56193e-08 -1.59954e-11)
(1.05576e-11 1.56152e-08 -1.48697e-11)
(1.22437e-11 1.561e-08 -1.26072e-11)
(1.36722e-11 1.56094e-08 -1.01729e-11)
(-1.02382e-12 1.56387e-08 -1.92785e-11)
(1.39475e-12 1.56313e-08 -1.85839e-11)
(3.06159e-12 1.5628e-08 -1.61497e-11)
(5.19458e-12 1.56236e-08 -1.49982e-11)
(7.27176e-12 1.56196e-08 -1.37757e-11)
(9.39628e-12 1.56161e-08 -1.27271e-11)
(1.10018e-11 1.56115e-08 -1.06429e-11)
(1.23861e-11 1.56113e-08 -8.45373e-12)
(-1.48153e-12 1.56364e-08 -1.68873e-11)
(7.60995e-13 1.56298e-08 -1.61616e-11)
(2.33695e-12 1.56271e-08 -1.39036e-11)
(4.33983e-12 1.56233e-08 -1.28274e-11)
(6.29317e-12 1.56199e-08 -1.16914e-11)
(8.29093e-12 1.5617e-08 -1.07183e-11)
(9.8142e-12 1.5613e-08 -8.8074e-12)
(1.11505e-11 1.5613e-08 -6.85292e-12)
(-1.88355e-12 1.56342e-08 -1.46318e-11)
(1.86231e-13 1.56285e-08 -1.38823e-11)
(1.67003e-12 1.56263e-08 -1.1796e-11)
(3.54256e-12 1.5623e-08 -1.07938e-11)
(5.37149e-12 1.56202e-08 -9.74227e-12)
(7.24201e-12 1.56177e-08 -8.84298e-12)
(8.68126e-12 1.56144e-08 -7.10029e-12)
(9.9659e-12 1.56146e-08 -5.36995e-12)
(-2.22937e-12 1.56322e-08 -1.25116e-11)
(-3.29062e-13 1.56273e-08 -1.17452e-11)
(1.06124e-12 1.56255e-08 -9.82622e-12)
(2.80318e-12 1.56228e-08 -8.89672e-12)
(4.50712e-12 1.56205e-08 -7.92788e-12)
(6.24989e-12 1.56185e-08 -7.10104e-12)
(7.60322e-12 1.56156e-08 -5.52128e-12)
(8.83224e-12 1.56161e-08 -4.00443e-12)
(-2.5185e-12 1.56303e-08 -1.05258e-11)
(-7.84436e-13 1.56261e-08 -9.74972e-12)
(5.10958e-13 1.56248e-08 -7.99381e-12)
(2.12208e-12 1.56226e-08 -7.13594e-12)
(3.70041e-12 1.56207e-08 -6.2481e-12)
(5.31486e-12 1.56191e-08 -5.49232e-12)
(6.58022e-12 1.56168e-08 -4.07016e-12)
(7.74952e-12 1.56175e-08 -2.75606e-12)
(-2.75042e-12 1.56285e-08 -8.6742e-12)
(-1.17945e-12 1.5625e-08 -7.89542e-12)
(1.95425e-14 1.56241e-08 -6.29835e-12)
(1.49956e-12 1.56223e-08 -5.51123e-12)
(2.95163e-12 1.56209e-08 -4.70284e-12)
(4.43716e-12 1.56197e-08 -4.01683e-12)
(5.61234e-12 1.56179e-08 -2.74688e-12)
(6.71759e-12 1.56188e-08 -1.62472e-12)
(-2.92452e-12 1.56269e-08 -6.95626e-12)
(-1.51369e-12 1.56241e-08 -6.18187e-12)
(-4.12692e-13 1.56234e-08 -4.73955e-12)
(9.35908e-13 1.56221e-08 -4.02246e-12)
(2.26102e-12 1.56211e-08 -3.29211e-12)
(3.61697e-12 1.56203e-08 -2.67469e-12)
(4.69956e-12 1.56189e-08 -1.55154e-12)
(5.7362e-12 1.56199e-08 -6.10472e-13)
(-3.04016e-12 1.56254e-08 -5.37193e-12)
(-1.78677e-12 1.56232e-08 -4.60887e-12)
(-7.85512e-13 1.56229e-08 -3.31727e-12)
(4.31361e-13 1.56219e-08 -2.66963e-12)
(1.62882e-12 1.56213e-08 -2.01602e-12)
(2.85446e-12 1.56208e-08 -1.46611e-12)
(3.84194e-12 1.56198e-08 -4.84437e-13)
(4.8051e-12 1.56209e-08 2.86308e-13)
(-3.09668e-12 1.5624e-08 -3.92155e-12)
(-1.99854e-12 1.56224e-08 -3.17656e-12)
(-1.09894e-12 1.56223e-08 -2.03151e-12)
(-1.40163e-14 1.56218e-08 -1.45271e-12)
(1.05526e-12 1.56214e-08 -8.74594e-13)
(2.15003e-12 1.56212e-08 -3.91269e-13)
(3.03976e-12 1.56206e-08 4.53978e-13)
(3.92421e-12 1.56219e-08 1.06484e-12)
(-3.09351e-12 1.56228e-08 -2.60633e-12)
(-2.14936e-12 1.56217e-08 -1.88558e-12)
(-1.35362e-12 1.56219e-08 -8.8239e-13)
(-4.00564e-13 1.56216e-08 -3.71436e-13)
(5.40653e-13 1.56216e-08 1.32559e-13)
(1.50453e-12 1.56216e-08 5.49972e-13)
(2.29404e-12 1.56214e-08 1.26309e-12)
(3.094e-12 1.56227e-08 1.72373e-12)
(-3.0305e-12 1.56217e-08 -1.42907e-12)
(-2.24079e-12 1.56211e-08 -7.37637e-13)
(-1.55171e-12 1.56215e-08 1.29875e-13)
(-7.29651e-13 1.56215e-08 5.7535e-13)
(8.52994e-14 1.56217e-08 1.00715e-12)
(9.19873e-13 1.5622e-08 1.35867e-12)
(1.60732e-12 1.5622e-08 1.94221e-12)
(2.31629e-12 1.56233e-08 2.26058e-12)
(-2.90889e-12 1.56208e-08 -3.95738e-13)
(-2.2772e-12 1.56205e-08 2.63462e-13)
(-1.69868e-12 1.56211e-08 1.00505e-12)
(-1.005e-12 1.56214e-08 1.39106e-12)
(-3.10564e-13 1.56218e-08 1.75412e-12)
(4.0023e-13 1.56222e-08 2.03818e-12)
(9.85501e-13 1.56225e-08 2.49077e-12)
(1.59569e-12 1.56239e-08 2.6713e-12)
(-2.73404e-12 1.56199e-08 4.82076e-13)
(-2.26873e-12 1.56201e-08 1.10996e-12)
(-1.80672e-12 1.56208e-08 1.74327e-12)
(-1.23513e-12 1.56213e-08 2.08449e-12)
(-6.4677e-13 1.56218e-08 2.38577e-12)
(-4.53888e-14 1.56225e-08 2.59699e-12)
(4.41738e-13 1.5623e-08 2.90876e-12)
(9.43094e-13 1.56244e-08 2.94909e-12)
(-2.52296e-12 1.56192e-08 1.18359e-12)
(-2.23798e-12 1.56197e-08 1.78667e-12)
(-1.90181e-12 1.56205e-08 2.34594e-12)
(-1.43857e-12 1.56212e-08 2.67587e-12)
(-9.23831e-13 1.56219e-08 2.92971e-12)
(-3.98664e-13 1.56227e-08 3.05458e-12)
(3.94862e-15 1.56234e-08 3.19818e-12)
(3.831e-13 1.56247e-08 3.08352e-12)
(-2.32592e-12 1.56186e-08 1.67148e-12)
(-2.2398e-12 1.56194e-08 2.26142e-12)
(-2.04548e-12 1.56203e-08 2.81348e-12)
(-1.66425e-12 1.56211e-08 3.20196e-12)
(-1.15762e-12 1.5622e-08 3.43863e-12)
(-6.35343e-13 1.56229e-08 3.45179e-12)
(-2.77409e-13 1.56237e-08 3.36549e-12)
(-3.54775e-14 1.5625e-08 3.06065e-12)
(-2.18823e-12 1.56183e-08 1.91078e-12)
(-2.31455e-12 1.56192e-08 2.51904e-12)
(-2.26122e-12 1.56202e-08 3.20909e-12)
(-1.89136e-12 1.56212e-08 3.77632e-12)
(-1.28755e-12 1.56222e-08 4.0333e-12)
(-6.64567e-13 1.56231e-08 3.87156e-12)
(-2.94012e-13 1.5624e-08 3.4301e-12)
(-2.04075e-13 1.5625e-08 2.8889e-12)
(-2.02505e-12 1.56181e-08 2.00926e-12)
(-2.24877e-12 1.56187e-08 2.73625e-12)
(-2.30149e-12 1.56197e-08 3.71262e-12)
(-1.97274e-12 1.56209e-08 4.49356e-12)
(-1.33166e-12 1.56221e-08 4.70865e-12)
(-6.31068e-13 1.56233e-08 4.2524e-12)
(-1.82173e-13 1.56244e-08 3.36522e-12)
(-1.17465e-13 1.56249e-08 2.66419e-12)
)
;
    }
    front
    {
        type            calculated;
        value           nonuniform List<vector> 
640
(
(8.24958e-10 -1.65082e-08 -8.68553e-11)
(6.24188e-10 -1.61765e-08 -1.09814e-10)
(3.67622e-10 -1.59144e-08 -1.46971e-10)
(5.20702e-11 -1.56632e-08 -1.69485e-10)
(-2.89033e-10 -1.54047e-08 -1.71884e-10)
(-6.17837e-10 -1.51307e-08 -1.56924e-10)
(-9.15893e-10 -1.48303e-08 -1.42158e-10)
(-1.18532e-09 -1.44478e-08 -1.33613e-10)
(2.06332e-10 -1.57314e-08 -2.40443e-10)
(1.08769e-10 -1.5712e-08 -2.75851e-10)
(3.4201e-11 -1.56466e-08 -3.25411e-10)
(-1.37554e-11 -1.56101e-08 -3.61102e-10)
(-5.4568e-11 -1.55972e-08 -3.62772e-10)
(-1.00906e-10 -1.55776e-08 -3.35919e-10)
(-1.65311e-10 -1.55611e-08 -3.13034e-10)
(-2.50896e-10 -1.56168e-08 -2.94472e-10)
(1.06823e-10 -1.58914e-08 -3.28871e-10)
(5.56313e-11 -1.57954e-08 -3.56821e-10)
(1.5401e-11 -1.57119e-08 -3.71047e-10)
(-4.57716e-12 -1.56265e-08 -3.88681e-10)
(-1.61326e-11 -1.55498e-08 -3.85701e-10)
(-3.39108e-11 -1.54706e-08 -3.68453e-10)
(-6.2083e-11 -1.53974e-08 -3.57984e-10)
(-9.23636e-11 -1.53162e-08 -3.39498e-10)
(6.80509e-11 -1.59354e-08 -3.72799e-10)
(4.37753e-11 -1.58187e-08 -3.99075e-10)
(2.21037e-11 -1.57264e-08 -3.94845e-10)
(1.07561e-11 -1.56299e-08 -3.97561e-10)
(5.48273e-12 -1.55379e-08 -3.91761e-10)
(-6.4411e-13 -1.54467e-08 -3.81719e-10)
(-8.86829e-12 -1.53549e-08 -3.73904e-10)
(-1.638e-11 -1.52545e-08 -3.49616e-10)
(4.45002e-11 -1.5943e-08 -3.93335e-10)
(3.59323e-11 -1.58222e-08 -4.1866e-10)
(2.69451e-11 -1.5727e-08 -4.06342e-10)
(2.32053e-11 -1.56294e-08 -4.00403e-10)
(2.32496e-11 -1.5536e-08 -3.91651e-10)
(2.4677e-11 -1.5444e-08 -3.82922e-10)
(2.66149e-11 -1.53491e-08 -3.74219e-10)
(2.81233e-11 -1.52551e-08 -3.47194e-10)
(3.27229e-11 -1.59441e-08 -4.00935e-10)
(3.30804e-11 -1.58232e-08 -4.24841e-10)
(3.15833e-11 -1.57274e-08 -4.08703e-10)
(3.2946e-11 -1.56294e-08 -3.98234e-10)
(3.66361e-11 -1.55356e-08 -3.86963e-10)
(4.21157e-11 -1.54433e-08 -3.77266e-10)
(4.8759e-11 -1.53483e-08 -3.67326e-10)
(5.44017e-11 -1.526e-08 -3.39739e-10)
(2.73184e-11 -1.59423e-08 -4.01112e-10)
(3.29086e-11 -1.58227e-08 -4.23321e-10)
(3.57844e-11 -1.57277e-08 -4.05266e-10)
(4.04169e-11 -1.563e-08 -3.9247e-10)
(4.64271e-11 -1.55364e-08 -3.79371e-10)
(5.39218e-11 -1.54444e-08 -3.68427e-10)
(6.24668e-11 -1.53503e-08 -3.57427e-10)
(6.96983e-11 -1.52663e-08 -3.30115e-10)
(2.55011e-11 -1.59387e-08 -3.96833e-10)
(3.41933e-11 -1.58209e-08 -4.17314e-10)
(3.95438e-11 -1.57275e-08 -3.98261e-10)
(4.61266e-11 -1.56308e-08 -3.84315e-10)
(5.34454e-11 -1.55381e-08 -3.70102e-10)
(6.18096e-11 -1.54473e-08 -3.58301e-10)
(7.08875e-11 -1.53547e-08 -3.46587e-10)
(7.84091e-11 -1.52743e-08 -3.19861e-10)
(2.56771e-11 -1.59339e-08 -3.89826e-10)
(3.62146e-11 -1.58183e-08 -4.08701e-10)
(4.28857e-11 -1.57269e-08 -3.89152e-10)
(5.05172e-11 -1.56317e-08 -3.74729e-10)
(5.84467e-11 -1.55405e-08 -3.59997e-10)
(6.7055e-11 -1.54514e-08 -3.47806e-10)
(7.60587e-11 -1.53606e-08 -3.35717e-10)
(8.33243e-11 -1.52835e-08 -3.09677e-10)
(2.68898e-11 -1.59283e-08 -3.81151e-10)
(3.85125e-11 -1.5815e-08 -3.98601e-10)
(4.58135e-11 -1.57259e-08 -3.78877e-10)
(5.3929e-11 -1.56326e-08 -3.64393e-10)
(6.20498e-11 -1.55433e-08 -3.49572e-10)
(7.0598e-11 -1.54562e-08 -3.37354e-10)
(7.9303e-11 -1.53673e-08 -3.25132e-10)
(8.61413e-11 -1.52933e-08 -2.99789e-10)
(2.85726e-11 -1.5922e-08 -3.71476e-10)
(4.0813e-11 -1.58113e-08 -3.87692e-10)
(4.83406e-11 -1.57246e-08 -3.68018e-10)
(5.66116e-11 -1.56335e-08 -3.53735e-10)
(6.46996e-11 -1.55463e-08 -3.39111e-10)
(7.30633e-11 -1.54614e-08 -3.27102e-10)
(8.1417e-11 -1.53746e-08 -3.14889e-10)
(8.78144e-11 -1.53035e-08 -2.90216e-10)
(3.03992e-11 -1.59154e-08 -3.6123e-10)
(4.29675e-11 -1.58072e-08 -3.76384e-10)
(5.04943e-11 -1.57231e-08 -3.56923e-10)
(5.8743e-11 -1.56343e-08 -3.43006e-10)
(6.6693e-11 -1.55493e-08 -3.28752e-10)
(7.4838e-11 -1.54667e-08 -3.17086e-10)
(8.28549e-11 -1.5382e-08 -3.04955e-10)
(8.8851e-11 -1.53137e-08 -2.80911e-10)
(3.21872e-11 -1.59086e-08 -3.50692e-10)
(4.49026e-11 -1.5803e-08 -3.64927e-10)
(5.23067e-11 -1.57214e-08 -3.45795e-10)
(6.04457e-11 -1.5635e-08 -3.3234e-10)
(6.82186e-11 -1.55523e-08 -3.18552e-10)
(7.61508e-11 -1.54721e-08 -3.07292e-10)
(8.38646e-11 -1.53895e-08 -2.95275e-10)
(8.95085e-11 -1.53239e-08 -2.7182e-10)
(3.38386e-11 -1.59016e-08 -3.40041e-10)
(4.65873e-11 -1.57986e-08 -3.5347e-10)
(5.38089e-11 -1.57196e-08 -3.34744e-10)
(6.18015e-11 -1.56355e-08 -3.21805e-10)
(6.93915e-11 -1.55552e-08 -3.08528e-10)
(7.71311e-11 -1.54774e-08 -2.97698e-10)
(8.45752e-11 -1.53969e-08 -2.85803e-10)
(8.99103e-11 -1.53339e-08 -2.62903e-10)
(3.53036e-11 -1.58946e-08 -3.29393e-10)
(4.80135e-11 -1.57941e-08 -3.42104e-10)
(5.50278e-11 -1.57177e-08 -3.23834e-10)
(6.28639e-11 -1.5636e-08 -3.11432e-10)
(7.02801e-11 -1.55581e-08 -2.9868e-10)
(7.78493e-11 -1.54826e-08 -2.8828e-10)
(8.50504e-11 -1.54043e-08 -2.76506e-10)
(9.01103e-11 -1.53438e-08 -2.54135e-10)
(3.65604e-11 -1.58875e-08 -3.18824e-10)
(4.91845e-11 -1.57896e-08 -3.30881e-10)
(5.59857e-11 -1.57157e-08 -3.13096e-10)
(6.36682e-11 -1.56364e-08 -3.01233e-10)
(7.09244e-11 -1.55608e-08 -2.89004e-10)
(7.83423e-11 -1.54877e-08 -2.79021e-10)
(8.532e-11 -1.54115e-08 -2.67365e-10)
(9.01299e-11 -1.53535e-08 -2.45503e-10)
(3.76022e-11 -1.58804e-08 -3.0838e-10)
(5.01092e-11 -1.57851e-08 -3.19832e-10)
(5.67015e-11 -1.57136e-08 -3.02545e-10)
(6.42381e-11 -1.56368e-08 -2.91214e-10)
(7.13482e-11 -1.55635e-08 -2.79494e-10)
(7.86299e-11 -1.54926e-08 -2.69911e-10)
(8.53976e-11 -1.54186e-08 -2.5837e-10)
(8.99765e-11 -1.53631e-08 -2.37003e-10)
(3.84314e-11 -1.58733e-08 -2.98092e-10)
(5.07993e-11 -1.57806e-08 -3.08976e-10)
(5.71909e-11 -1.57115e-08 -2.92191e-10)
(6.45908e-11 -1.5637e-08 -2.81374e-10)
(7.15669e-11 -1.5566e-08 -2.70145e-10)
(7.87235e-11 -1.54975e-08 -2.60944e-10)
(8.52905e-11 -1.54256e-08 -2.49519e-10)
(8.9653e-11 -1.53724e-08 -2.28639e-10)
(3.90546e-11 -1.58662e-08 -2.87978e-10)
(5.12672e-11 -1.5776e-08 -2.98323e-10)
(5.74682e-11 -1.57093e-08 -2.82035e-10)
(6.47399e-11 -1.56372e-08 -2.71715e-10)
(7.15919e-11 -1.55685e-08 -2.60956e-10)
(7.86314e-11 -1.55022e-08 -2.5212e-10)
(8.50045e-11 -1.54325e-08 -2.40813e-10)
(8.91628e-11 -1.53816e-08 -2.20414e-10)
(3.94814e-11 -1.58591e-08 -2.78049e-10)
(5.15259e-11 -1.57715e-08 -2.87877e-10)
(5.75466e-11 -1.57071e-08 -2.7208e-10)
(6.46973e-11 -1.56374e-08 -2.62234e-10)
(7.1433e-11 -1.55709e-08 -2.51927e-10)
(7.8361e-11 -1.55068e-08 -2.43439e-10)
(8.45455e-11 -1.54392e-08 -2.32255e-10)
(8.85105e-11 -1.53905e-08 -2.12333e-10)
(3.97224e-11 -1.58521e-08 -2.68312e-10)
(5.15885e-11 -1.5767e-08 -2.77643e-10)
(5.74385e-11 -1.57049e-08 -2.62326e-10)
(6.44742e-11 -1.56374e-08 -2.52934e-10)
(7.10996e-11 -1.55732e-08 -2.43058e-10)
(7.79202e-11 -1.55113e-08 -2.34905e-10)
(8.39208e-11 -1.54457e-08 -2.23848e-10)
(8.77027e-11 -1.53992e-08 -2.04403e-10)
(3.97893e-11 -1.58452e-08 -2.5877e-10)
(5.14679e-11 -1.57626e-08 -2.67622e-10)
(5.71561e-11 -1.57027e-08 -2.52774e-10)
(6.40815e-11 -1.56375e-08 -2.43814e-10)
(7.06013e-11 -1.55754e-08 -2.34352e-10)
(7.73175e-11 -1.55157e-08 -2.26519e-10)
(8.31388e-11 -1.54522e-08 -2.15598e-10)
(8.67474e-11 -1.54078e-08 -1.96627e-10)
(3.96939e-11 -1.58383e-08 -2.49426e-10)
(5.11771e-11 -1.57582e-08 -2.57813e-10)
(5.67117e-11 -1.57005e-08 -2.43423e-10)
(6.35304e-11 -1.56375e-08 -2.34874e-10)
(6.99481e-11 -1.55775e-08 -2.25808e-10)
(7.6562e-11 -1.552e-08 -2.18284e-10)
(8.22087e-11 -1.54585e-08 -2.07506e-10)
(8.5654e-11 -1.54162e-08 -1.89011e-10)
(3.94478e-11 -1.58315e-08 -2.4028e-10)
(5.07286e-11 -1.57538e-08 -2.48217e-10)
(5.6117e-11 -1.56983e-08 -2.34272e-10)
(6.28316e-11 -1.56374e-08 -2.26117e-10)
(6.91501e-11 -1.55796e-08 -2.1743e-10)
(7.56635e-11 -1.55241e-08 -2.10202e-10)
(8.11403e-11 -1.54646e-08 -1.99576e-10)
(8.44321e-11 -1.54243e-08 -1.81556e-10)
(3.90629e-11 -1.58247e-08 -2.31333e-10)
(5.01349e-11 -1.57494e-08 -2.38833e-10)
(5.53838e-11 -1.5696e-08 -2.25323e-10)
(6.19963e-11 -1.56373e-08 -2.17541e-10)
(6.82177e-11 -1.55816e-08 -2.09218e-10)
(7.46319e-11 -1.55282e-08 -2.02276e-10)
(7.99438e-11 -1.54706e-08 -1.91809e-10)
(8.30919e-11 -1.54323e-08 -1.74264e-10)
(3.85505e-11 -1.5818e-08 -2.22582e-10)
(4.9408e-11 -1.57451e-08 -2.29661e-10)
(5.45234e-11 -1.56938e-08 -2.16574e-10)
(6.10352e-11 -1.56372e-08 -2.09148e-10)
(6.71611e-11 -1.55835e-08 -2.01174e-10)
(7.34772e-11 -1.55321e-08 -1.94508e-10)
(7.86294e-11 -1.54765e-08 -1.84208e-10)
(8.16433e-11 -1.54401e-08 -1.67138e-10)
(3.79217e-11 -1.58114e-08 -2.14029e-10)
(4.85596e-11 -1.57409e-08 -2.20698e-10)
(5.35471e-11 -1.56916e-08 -2.08023e-10)
(5.99591e-11 -1.56371e-08 -2.00937e-10)
(6.59907e-11 -1.55854e-08 -1.93298e-10)
(7.22093e-11 -1.55359e-08 -1.86898e-10)
(7.72071e-11 -1.54823e-08 -1.76772e-10)
(8.00964e-11 -1.54477e-08 -1.60178e-10)
(3.71872e-11 -1.58048e-08 -2.05671e-10)
(4.7601e-11 -1.57367e-08 -2.11944e-10)
(5.24657e-11 -1.56894e-08 -1.99672e-10)
(5.87783e-11 -1.56369e-08 -1.92908e-10)
(6.47165e-11 -1.55871e-08 -1.8559e-10)
(7.08381e-11 -1.55397e-08 -1.79447e-10)
(7.56868e-11 -1.54879e-08 -1.69504e-10)
(7.84608e-11 -1.54551e-08 -1.53384e-10)
(3.63573e-11 -1.57983e-08 -1.97507e-10)
(4.6543e-11 -1.57325e-08 -2.03397e-10)
(5.12895e-11 -1.56872e-08 -1.91517e-10)
(5.75029e-11 -1.56367e-08 -1.85061e-10)
(6.33482e-11 -1.55889e-08 -1.78052e-10)
(6.93731e-11 -1.55433e-08 -1.72156e-10)
(7.40781e-11 -1.54934e-08 -1.62402e-10)
(7.67457e-11 -1.54623e-08 -1.46756e-10)
(3.54418e-11 -1.5792e-08 -1.89535e-10)
(4.5396e-11 -1.57284e-08 -1.95055e-10)
(5.00286e-11 -1.5685e-08 -1.83558e-10)
(5.61427e-11 -1.56365e-08 -1.77395e-10)
(6.18953e-11 -1.55905e-08 -1.70682e-10)
(6.78236e-11 -1.55468e-08 -1.65024e-10)
(7.23902e-11 -1.54988e-08 -1.55466e-10)
(7.49599e-11 -1.54693e-08 -1.40293e-10)
(3.44503e-11 -1.57856e-08 -1.81754e-10)
(4.417e-11 -1.57244e-08 -1.86917e-10)
(4.86926e-11 -1.56828e-08 -1.75793e-10)
(5.47069e-11 -1.56362e-08 -1.6991e-10)
(6.03669e-11 -1.55921e-08 -1.63481e-10)
(6.61985e-11 -1.55502e-08 -1.58053e-10)
(7.06319e-11 -1.55041e-08 -1.48697e-10)
(7.3112e-11 -1.54761e-08 -1.33994e-10)
(3.33916e-11 -1.57794e-08 -1.74162e-10)
(4.28745e-11 -1.57204e-08 -1.7898e-10)
(4.72907e-11 -1.56806e-08 -1.68221e-10)
(5.32045e-11 -1.56359e-08 -1.62604e-10)
(5.87717e-11 -1.55937e-08 -1.56447e-10)
(6.45063e-11 -1.55535e-08 -1.51242e-10)
(6.88117e-11 -1.55092e-08 -1.42093e-10)
(7.121e-11 -1.54828e-08 -1.2786e-10)
(3.22744e-11 -1.57733e-08 -1.66757e-10)
(4.15185e-11 -1.57165e-08 -1.71243e-10)
(4.58315e-11 -1.56785e-08 -1.6084e-10)
(5.16441e-11 -1.56356e-08 -1.55477e-10)
(5.71181e-11 -1.55952e-08 -1.49582e-10)
(6.27552e-11 -1.55568e-08 -1.4459e-10)
(6.69376e-11 -1.55142e-08 -1.35654e-10)
(6.92615e-11 -1.54893e-08 -1.21887e-10)
(3.11068e-11 -1.57673e-08 -1.59536e-10)
(4.01105e-11 -1.57126e-08 -1.63703e-10)
(4.43233e-11 -1.56763e-08 -1.53648e-10)
(5.00339e-11 -1.56353e-08 -1.48526e-10)
(5.54141e-11 -1.55966e-08 -1.42883e-10)
(6.09532e-11 -1.55599e-08 -1.38097e-10)
(6.50173e-11 -1.5519e-08 -1.29378e-10)
(6.72738e-11 -1.54955e-08 -1.16076e-10)
(2.98964e-11 -1.57613e-08 -1.52499e-10)
(3.86587e-11 -1.57088e-08 -1.56358e-10)
(4.27741e-11 -1.56742e-08 -1.46643e-10)
(4.83815e-11 -1.5635e-08 -1.41752e-10)
(5.36672e-11 -1.55979e-08 -1.3635e-10)
(5.91076e-11 -1.55629e-08 -1.31763e-10)
(6.30582e-11 -1.55238e-08 -1.23265e-10)
(6.52538e-11 -1.55017e-08 -1.10425e-10)
(2.86507e-11 -1.57555e-08 -1.45643e-10)
(3.71708e-11 -1.57051e-08 -1.49205e-10)
(4.11914e-11 -1.56721e-08 -1.39824e-10)
(4.66945e-11 -1.56346e-08 -1.35152e-10)
(5.18848e-11 -1.55993e-08 -1.29981e-10)
(5.72256e-11 -1.55659e-08 -1.25586e-10)
(6.10671e-11 -1.55284e-08 -1.17314e-10)
(6.32078e-11 -1.55076e-08 -1.04931e-10)
(2.73766e-11 -1.57497e-08 -1.38966e-10)
(3.56542e-11 -1.57014e-08 -1.42243e-10)
(3.95821e-11 -1.567e-08 -1.33187e-10)
(4.49796e-11 -1.56342e-08 -1.28725e-10)
(5.00737e-11 -1.56005e-08 -1.23777e-10)
(5.53141e-11 -1.55687e-08 -1.19566e-10)
(5.90506e-11 -1.55329e-08 -1.11522e-10)
(6.11422e-11 -1.55134e-08 -9.95935e-11)
(2.60806e-11 -1.57441e-08 -1.32465e-10)
(3.41157e-11 -1.56978e-08 -1.35469e-10)
(3.79529e-11 -1.5668e-08 -1.26731e-10)
(4.32437e-11 -1.56339e-08 -1.22469e-10)
(4.82405e-11 -1.56017e-08 -1.17735e-10)
(5.33795e-11 -1.55715e-08 -1.13702e-10)
(5.70151e-11 -1.55372e-08 -1.05889e-10)
(5.90625e-11 -1.5519e-08 -9.44108e-11)
(2.47688e-11 -1.57385e-08 -1.26139e-10)
(3.25618e-11 -1.56943e-08 -1.2888e-10)
(3.63102e-11 -1.5666e-08 -1.20455e-10)
(4.14929e-11 -1.56335e-08 -1.16383e-10)
(4.63914e-11 -1.56029e-08 -1.11854e-10)
(5.14278e-11 -1.55741e-08 -1.07993e-10)
(5.49662e-11 -1.55415e-08 -1.00413e-10)
(5.69743e-11 -1.55244e-08 -8.93809e-11)
(2.34472e-11 -1.57331e-08 -1.19985e-10)
(3.09987e-11 -1.56908e-08 -1.22475e-10)
(3.46599e-11 -1.5664e-08 -1.14355e-10)
(3.97332e-11 -1.56331e-08 -1.10466e-10)
(4.45322e-11 -1.5604e-08 -1.06134e-10)
(4.9465e-11 -1.55767e-08 -1.02437e-10)
(5.29098e-11 -1.55456e-08 -9.50934e-11)
(5.48827e-11 -1.55297e-08 -8.45022e-11)
(2.21212e-11 -1.57278e-08 -1.14001e-10)
(2.94321e-11 -1.56874e-08 -1.16252e-10)
(3.30076e-11 -1.5662e-08 -1.0843e-10)
(3.79701e-11 -1.56327e-08 -1.04715e-10)
(4.26684e-11 -1.56051e-08 -1.00573e-10)
(4.74965e-11 -1.55792e-08 -9.70349e-11)
(5.08509e-11 -1.55496e-08 -8.99279e-11)
(5.27926e-11 -1.55348e-08 -7.97727e-11)
(2.07961e-11 -1.57226e-08 -1.08186e-10)
(2.78675e-11 -1.56841e-08 -1.10207e-10)
(3.13585e-11 -1.56601e-08 -1.02678e-10)
(3.6209e-11 -1.56322e-08 -9.91285e-11)
(4.08054e-11 -1.56061e-08 -9.51688e-11)
(4.55276e-11 -1.55816e-08 -9.17844e-11)
(4.87945e-11 -1.55535e-08 -8.49153e-11)
(5.07083e-11 -1.55397e-08 -7.51907e-11)
(1.94767e-11 -1.57175e-08 -1.02537e-10)
(2.63101e-11 -1.56808e-08 -1.04338e-10)
(2.97177e-11 -1.56582e-08 -9.70963e-11)
(3.44548e-11 -1.56318e-08 -9.37057e-11)
(3.8948e-11 -1.56071e-08 -8.99214e-11)
(4.35631e-11 -1.55839e-08 -8.66847e-11)
(4.67453e-11 -1.55573e-08 -8.00541e-11)
(4.86341e-11 -1.55445e-08 -7.07544e-11)
(1.81675e-11 -1.57125e-08 -9.70515e-11)
(2.47645e-11 -1.56777e-08 -9.86446e-11)
(2.80896e-11 -1.56563e-08 -9.16831e-11)
(3.2712e-11 -1.56314e-08 -8.84445e-11)
(3.71009e-11 -1.5608e-08 -8.48291e-11)
(4.16076e-11 -1.55862e-08 -8.17348e-11)
(4.47076e-11 -1.55609e-08 -7.53429e-11)
(4.6574e-11 -1.55491e-08 -6.6462e-11)
(1.68729e-11 -1.57076e-08 -9.17288e-11)
(2.32354e-11 -1.56746e-08 -9.31231e-11)
(2.64787e-11 -1.56545e-08 -8.64366e-11)
(3.09852e-11 -1.5631e-08 -8.33434e-11)
(3.52684e-11 -1.56089e-08 -7.98906e-11)
(3.96656e-11 -1.55884e-08 -7.69336e-11)
(4.26856e-11 -1.55645e-08 -7.07802e-11)
(4.45316e-11 -1.55535e-08 -6.23117e-11)
(1.55969e-11 -1.57028e-08 -8.65663e-11)
(2.17268e-11 -1.56716e-08 -8.77718e-11)
(2.4889e-11 -1.56527e-08 -8.13547e-11)
(2.92783e-11 -1.56305e-08 -7.84009e-11)
(3.34547e-11 -1.56098e-08 -7.51046e-11)
(3.77411e-11 -1.55904e-08 -7.22801e-11)
(4.0683e-11 -1.55679e-08 -6.63646e-11)
(4.25104e-11 -1.55578e-08 -5.83018e-11)
(1.43431e-11 -1.56982e-08 -8.15624e-11)
(2.02427e-11 -1.56686e-08 -8.25886e-11)
(2.33242e-11 -1.5651e-08 -7.64355e-11)
(2.75952e-11 -1.56301e-08 -7.36153e-11)
(3.16635e-11 -1.56106e-08 -7.04698e-11)
(3.5838e-11 -1.55925e-08 -6.77731e-11)
(3.87035e-11 -1.55712e-08 -6.20946e-11)
(4.05135e-11 -1.5562e-08 -5.44305e-11)
(1.31152e-11 -1.56937e-08 -7.67152e-11)
(1.87867e-11 -1.56658e-08 -7.75717e-11)
(2.17878e-11 -1.56493e-08 -7.16771e-11)
(2.59394e-11 -1.56297e-08 -6.89851e-11)
(2.98984e-11 -1.56114e-08 -6.59851e-11)
(3.39598e-11 -1.55944e-08 -6.34118e-11)
(3.67504e-11 -1.55745e-08 -5.79689e-11)
(3.85438e-11 -1.5566e-08 -5.06963e-11)
(1.19162e-11 -1.56893e-08 -7.2023e-11)
(1.73622e-11 -1.5663e-08 -7.27192e-11)
(2.02831e-11 -1.56476e-08 -6.70779e-11)
(2.43141e-11 -1.56292e-08 -6.4509e-11)
(2.81627e-11 -1.56121e-08 -6.16492e-11)
(3.21099e-11 -1.55963e-08 -5.9195e-11)
(3.48267e-11 -1.55776e-08 -5.39862e-11)
(3.66042e-11 -1.55699e-08 -4.70974e-11)
(1.07493e-11 -1.5685e-08 -6.74842e-11)
(1.59723e-11 -1.56603e-08 -6.80292e-11)
(1.88131e-11 -1.5646e-08 -6.26359e-11)
(2.27226e-11 -1.56288e-08 -6.01854e-11)
(2.64595e-11 -1.56128e-08 -5.74609e-11)
(3.02914e-11 -1.5598e-08 -5.51219e-11)
(3.29353e-11 -1.55805e-08 -5.01451e-11)
(3.4697e-11 -1.55736e-08 -4.36325e-11)
(9.61714e-12 -1.56809e-08 -6.30971e-11)
(1.46199e-11 -1.56577e-08 -6.34999e-11)
(1.73805e-11 -1.56444e-08 -5.83496e-11)
(2.11675e-11 -1.56284e-08 -5.6013e-11)
(2.47917e-11 -1.56135e-08 -5.34192e-11)
(2.85072e-11 -1.55998e-08 -5.11915e-11)
(3.1079e-11 -1.55834e-08 -4.64444e-11)
(3.28246e-11 -1.55771e-08 -4.02998e-11)
(8.52235e-12 -1.56768e-08 -5.88603e-11)
(1.33077e-11 -1.56551e-08 -5.91297e-11)
(1.5988e-11 -1.56428e-08 -5.42173e-11)
(1.96515e-11 -1.56279e-08 -5.19904e-11)
(2.31619e-11 -1.56142e-08 -4.95229e-11)
(2.67599e-11 -1.56014e-08 -4.74029e-11)
(2.926e-11 -1.55862e-08 -4.2883e-11)
(3.09891e-11 -1.55806e-08 -3.70981e-11)
(7.46727e-12 -1.5673e-08 -5.47722e-11)
(1.20381e-11 -1.56527e-08 -5.4917e-11)
(1.46377e-11 -1.56413e-08 -5.02376e-11)
(1.81769e-11 -1.56275e-08 -4.81165e-11)
(2.15725e-11 -1.56148e-08 -4.5771e-11)
(2.50521e-11 -1.5603e-08 -4.37553e-11)
(2.74808e-11 -1.55889e-08 -3.94595e-11)
(2.91925e-11 -1.55839e-08 -3.40259e-11)
(6.45406e-12 -1.56692e-08 -5.08316e-11)
(1.08133e-11 -1.56503e-08 -5.08603e-11)
(1.33319e-11 -1.56399e-08 -4.64088e-11)
(1.67461e-11 -1.56271e-08 -4.43898e-11)
(2.00259e-11 -1.56153e-08 -4.21625e-11)
(2.3386e-11 -1.56045e-08 -4.02477e-11)
(2.57434e-11 -1.55914e-08 -3.61731e-11)
(2.74364e-11 -1.5587e-08 -3.10819e-11)
(5.48469e-12 -1.56655e-08 -4.70372e-11)
(9.63547e-12 -1.5648e-08 -4.6958e-11)
(1.20725e-11 -1.56385e-08 -4.27296e-11)
(1.53609e-11 -1.56267e-08 -4.08094e-11)
(1.85239e-11 -1.56159e-08 -3.86964e-11)
(2.17638e-11 -1.56059e-08 -3.68796e-11)
(2.40495e-11 -1.55939e-08 -3.30226e-11)
(2.57225e-11 -1.559e-08 -2.82649e-11)
(4.56095e-12 -1.5662e-08 -4.33876e-11)
(8.50634e-12 -1.56458e-08 -4.32089e-11)
(1.08612e-11 -1.56371e-08 -3.91987e-11)
(1.40231e-11 -1.56263e-08 -3.7374e-11)
(1.70685e-11 -1.56164e-08 -3.53719e-11)
(2.01872e-11 -1.56073e-08 -3.365e-11)
(2.24011e-11 -1.55963e-08 -3.00071e-11)
(2.40521e-11 -1.55929e-08 -2.55737e-11)
(3.68446e-12 -1.56587e-08 -3.98817e-11)
(7.42762e-12 -1.56437e-08 -3.96115e-11)
(9.69965e-12 -1.56358e-08 -3.58148e-11)
(1.27345e-11 -1.56259e-08 -3.40827e-11)
(1.56614e-11 -1.56169e-08 -3.2188e-11)
(1.86582e-11 -1.56086e-08 -3.05583e-11)
(2.07995e-11 -1.55985e-08 -2.71256e-11)
(2.24267e-11 -1.55956e-08 -2.30072e-11)
(2.85668e-12 -1.56554e-08 -3.65184e-11)
(6.4008e-12 -1.56416e-08 -3.61647e-11)
(8.58924e-12 -1.56346e-08 -3.25767e-11)
(1.14965e-11 -1.56256e-08 -3.09343e-11)
(1.43041e-11 -1.56174e-08 -2.91439e-11)
(1.71781e-11 -1.56099e-08 -2.76039e-11)
(1.92462e-11 -1.56007e-08 -2.43773e-11)
(2.08473e-11 -1.55983e-08 -2.05643e-11)
(2.0789e-12 -1.56523e-08 -3.32967e-11)
(5.42722e-12 -1.56397e-08 -3.28672e-11)
(7.53124e-12 -1.56333e-08 -2.94832e-11)
(1.03104e-11 -1.56252e-08 -2.7928e-11)
(1.29979e-11 -1.56178e-08 -2.62388e-11)
(1.57485e-11 -1.56111e-08 -2.4786e-11)
(1.77426e-11 -1.56027e-08 -2.17614e-11)
(1.93149e-11 -1.56007e-08 -1.82441e-11)
(1.35228e-12 -1.56493e-08 -3.02155e-11)
(4.50807e-12 -1.56378e-08 -2.97181e-11)
(6.52674e-12 -1.56322e-08 -2.65332e-11)
(9.17736e-12 -1.56249e-08 -2.50629e-11)
(1.17441e-11 -1.56182e-08 -2.34721e-11)
(1.43706e-11 -1.56122e-08 -2.21042e-11)
(1.62895e-11 -1.56047e-08 -1.92771e-11)
(1.78305e-11 -1.56031e-08 -1.60457e-11)
(6.77853e-13 -1.56464e-08 -2.72739e-11)
(3.64439e-12 -1.56361e-08 -2.67161e-11)
(5.57673e-12 -1.56311e-08 -2.37258e-11)
(8.09843e-12 -1.56245e-08 -2.23381e-11)
(1.05437e-11 -1.56186e-08 -2.08431e-11)
(1.30455e-11 -1.56133e-08 -1.95579e-11)
(1.48882e-11 -1.56065e-08 -1.69238e-11)
(1.63948e-11 -1.56053e-08 -1.39682e-11)
(5.65108e-14 -1.56437e-08 -2.44711e-11)
(2.8371e-12 -1.56344e-08 -2.38603e-11)
(4.68207e-12 -1.563e-08 -2.106e-11)
(7.07449e-12 -1.56242e-08 -1.97529e-11)
(9.39764e-12 -1.5619e-08 -1.8351e-11)
(1.17742e-11 -1.56143e-08 -1.71465e-11)
(1.35393e-11 -1.56083e-08 -1.47006e-11)
(1.50086e-11 -1.56074e-08 -1.20108e-11)
(-5.10947e-13 -1.56412e-08 -2.18062e-11)
(2.08699e-12 -1.56328e-08 -2.11499e-11)
(3.84348e-12 -1.5629e-08 -1.85349e-11)
(6.10632e-12 -1.56239e-08 -1.73064e-11)
(8.30677e-12 -1.56193e-08 -1.59954e-11)
(1.05576e-11 -1.56152e-08 -1.48698e-11)
(1.22437e-11 -1.561e-08 -1.26072e-11)
(1.36722e-11 -1.56094e-08 -1.01729e-11)
(-1.02382e-12 -1.56387e-08 -1.92785e-11)
(1.39475e-12 -1.56313e-08 -1.85839e-11)
(3.0616e-12 -1.5628e-08 -1.61497e-11)
(5.19458e-12 -1.56236e-08 -1.49982e-11)
(7.27175e-12 -1.56196e-08 -1.37757e-11)
(9.39628e-12 -1.56161e-08 -1.27271e-11)
(1.10018e-11 -1.56115e-08 -1.06429e-11)
(1.23861e-11 -1.56113e-08 -8.45373e-12)
(-1.48153e-12 -1.56364e-08 -1.68873e-11)
(7.60995e-13 -1.56298e-08 -1.61616e-11)
(2.33695e-12 -1.56271e-08 -1.39036e-11)
(4.33983e-12 -1.56233e-08 -1.28274e-11)
(6.29316e-12 -1.56199e-08 -1.16914e-11)
(8.29093e-12 -1.5617e-08 -1.07183e-11)
(9.8142e-12 -1.5613e-08 -8.80741e-12)
(1.11505e-11 -1.5613e-08 -6.85292e-12)
(-1.88355e-12 -1.56342e-08 -1.46318e-11)
(1.86231e-13 -1.56285e-08 -1.38823e-11)
(1.67003e-12 -1.56263e-08 -1.1796e-11)
(3.54256e-12 -1.5623e-08 -1.07938e-11)
(5.37149e-12 -1.56202e-08 -9.74227e-12)
(7.24201e-12 -1.56177e-08 -8.84299e-12)
(8.68126e-12 -1.56144e-08 -7.1003e-12)
(9.9659e-12 -1.56146e-08 -5.36996e-12)
(-2.22937e-12 -1.56322e-08 -1.25116e-11)
(-3.29062e-13 -1.56273e-08 -1.17452e-11)
(1.06124e-12 -1.56255e-08 -9.82623e-12)
(2.80319e-12 -1.56228e-08 -8.89673e-12)
(4.50712e-12 -1.56205e-08 -7.92788e-12)
(6.24989e-12 -1.56185e-08 -7.10104e-12)
(7.60322e-12 -1.56156e-08 -5.52129e-12)
(8.83224e-12 -1.56161e-08 -4.00443e-12)
(-2.5185e-12 -1.56303e-08 -1.05258e-11)
(-7.84435e-13 -1.56261e-08 -9.74973e-12)
(5.10959e-13 -1.56248e-08 -7.99382e-12)
(2.12208e-12 -1.56226e-08 -7.13595e-12)
(3.70041e-12 -1.56207e-08 -6.24811e-12)
(5.31486e-12 -1.56191e-08 -5.49233e-12)
(6.58022e-12 -1.56168e-08 -4.07017e-12)
(7.74952e-12 -1.56175e-08 -2.75606e-12)
(-2.75042e-12 -1.56285e-08 -8.6742e-12)
(-1.17945e-12 -1.5625e-08 -7.89542e-12)
(1.95432e-14 -1.56241e-08 -6.29835e-12)
(1.49956e-12 -1.56223e-08 -5.51123e-12)
(2.95163e-12 -1.56209e-08 -4.70285e-12)
(4.43716e-12 -1.56197e-08 -4.01684e-12)
(5.61234e-12 -1.56179e-08 -2.74688e-12)
(6.71759e-12 -1.56188e-08 -1.62472e-12)
(-2.92452e-12 -1.56269e-08 -6.95627e-12)
(-1.51369e-12 -1.56241e-08 -6.18187e-12)
(-4.12692e-13 -1.56234e-08 -4.73955e-12)
(9.35909e-13 -1.56221e-08 -4.02247e-12)
(2.26103e-12 -1.56211e-08 -3.29212e-12)
(3.61697e-12 -1.56203e-08 -2.6747e-12)
(4.69956e-12 -1.56189e-08 -1.55155e-12)
(5.7362e-12 -1.56199e-08 -6.10474e-13)
(-3.04016e-12 -1.56254e-08 -5.37194e-12)
(-1.78677e-12 -1.56232e-08 -4.60888e-12)
(-7.85512e-13 -1.56229e-08 -3.31728e-12)
(4.31362e-13 -1.56219e-08 -2.66964e-12)
(1.62882e-12 -1.56213e-08 -2.01602e-12)
(2.85446e-12 -1.56208e-08 -1.46612e-12)
(3.84194e-12 -1.56198e-08 -4.8444e-13)
(4.8051e-12 -1.56209e-08 2.86306e-13)
(-3.09668e-12 -1.5624e-08 -3.92156e-12)
(-1.99854e-12 -1.56224e-08 -3.17656e-12)
(-1.09894e-12 -1.56223e-08 -2.03152e-12)
(-1.40155e-14 -1.56218e-08 -1.45272e-12)
(1.05526e-12 -1.56214e-08 -8.746e-13)
(2.15003e-12 -1.56212e-08 -3.91274e-13)
(3.03976e-12 -1.56206e-08 4.53975e-13)
(3.92421e-12 -1.56219e-08 1.06484e-12)
(-3.0935e-12 -1.56228e-08 -2.60633e-12)
(-2.14936e-12 -1.56217e-08 -1.88558e-12)
(-1.35362e-12 -1.56219e-08 -8.82393e-13)
(-4.00563e-13 -1.56216e-08 -3.7144e-13)
(5.40655e-13 -1.56216e-08 1.32552e-13)
(1.50453e-12 -1.56216e-08 5.49967e-13)
(2.29404e-12 -1.56214e-08 1.26309e-12)
(3.094e-12 -1.56227e-08 1.72373e-12)
(-3.03049e-12 -1.56217e-08 -1.42908e-12)
(-2.24079e-12 -1.56211e-08 -7.37643e-13)
(-1.55171e-12 -1.56215e-08 1.29872e-13)
(-7.29651e-13 -1.56215e-08 5.75346e-13)
(8.53013e-14 -1.56217e-08 1.00714e-12)
(9.19874e-13 -1.5622e-08 1.35867e-12)
(1.60732e-12 -1.5622e-08 1.94221e-12)
(2.31629e-12 -1.56233e-08 2.26057e-12)
(-2.90889e-12 -1.56208e-08 -3.95743e-13)
(-2.27719e-12 -1.56205e-08 2.63455e-13)
(-1.69868e-12 -1.56211e-08 1.00504e-12)
(-1.005e-12 -1.56214e-08 1.39106e-12)
(-3.10562e-13 -1.56218e-08 1.75412e-12)
(4.00231e-13 -1.56222e-08 2.03817e-12)
(9.855e-13 -1.56225e-08 2.49077e-12)
(1.59569e-12 -1.56239e-08 2.67129e-12)
(-2.73405e-12 -1.56199e-08 4.82074e-13)
(-2.26874e-12 -1.56201e-08 1.10995e-12)
(-1.80672e-12 -1.56208e-08 1.74326e-12)
(-1.23513e-12 -1.56213e-08 2.08448e-12)
(-6.46768e-13 -1.56218e-08 2.38576e-12)
(-4.53875e-14 -1.56225e-08 2.59699e-12)
(4.41739e-13 -1.5623e-08 2.90876e-12)
(9.43092e-13 -1.56244e-08 2.94908e-12)
(-2.52296e-12 -1.56192e-08 1.18359e-12)
(-2.23798e-12 -1.56197e-08 1.78666e-12)
(-1.90181e-12 -1.56205e-08 2.34594e-12)
(-1.43857e-12 -1.56212e-08 2.67587e-12)
(-9.23829e-13 -1.56219e-08 2.9297e-12)
(-3.98663e-13 -1.56227e-08 3.05457e-12)
(3.95043e-15 -1.56234e-08 3.19818e-12)
(3.83107e-13 -1.56247e-08 3.08351e-12)
(-2.32591e-12 -1.56186e-08 1.67148e-12)
(-2.2398e-12 -1.56194e-08 2.26141e-12)
(-2.04548e-12 -1.56203e-08 2.81348e-12)
(-1.66425e-12 -1.56211e-08 3.20196e-12)
(-1.15762e-12 -1.5622e-08 3.43862e-12)
(-6.35344e-13 -1.56229e-08 3.45178e-12)
(-2.77411e-13 -1.56237e-08 3.36549e-12)
(-3.54726e-14 -1.5625e-08 3.06065e-12)
(-2.18822e-12 -1.56183e-08 1.91078e-12)
(-2.31455e-12 -1.56192e-08 2.51903e-12)
(-2.26122e-12 -1.56202e-08 3.20909e-12)
(-1.89136e-12 -1.56212e-08 3.77632e-12)
(-1.28754e-12 -1.56222e-08 4.03329e-12)
(-6.64568e-13 -1.56231e-08 3.87155e-12)
(-2.94015e-13 -1.5624e-08 3.4301e-12)
(-2.04076e-13 -1.5625e-08 2.88889e-12)
(-2.02504e-12 -1.56181e-08 2.00925e-12)
(-2.24876e-12 -1.56187e-08 2.73625e-12)
(-2.30149e-12 -1.56197e-08 3.71261e-12)
(-1.97274e-12 -1.56209e-08 4.49355e-12)
(-1.33166e-12 -1.56221e-08 4.70864e-12)
(-6.31068e-13 -1.56233e-08 4.25239e-12)
(-1.82177e-13 -1.56244e-08 3.36522e-12)
(-1.17469e-13 -1.56249e-08 2.66418e-12)
)
;
    }
    top
    {
        type            calculated;
        value           nonuniform List<vector> 
640
(
(-8.24714e-10 -1.03745e-10 1.44045e-08)
(-1.05532e-09 -9.96933e-11 1.45616e-08)
(-1.22701e-09 -6.34421e-11 1.45117e-08)
(-1.31312e-09 -1.94761e-11 1.44746e-08)
(-1.31312e-09 1.94761e-11 1.44746e-08)
(-1.22701e-09 6.34421e-11 1.45117e-08)
(-1.05532e-09 9.96933e-11 1.45616e-08)
(-8.24714e-10 1.03745e-10 1.44045e-08)
(-3.63734e-10 -2.72188e-10 1.54795e-08)
(-4.14695e-10 -2.21361e-10 1.53223e-08)
(-4.35917e-10 -1.38405e-10 1.53176e-08)
(-4.46592e-10 -4.32031e-11 1.53274e-08)
(-4.46592e-10 4.32031e-11 1.53274e-08)
(-4.35917e-10 1.38405e-10 1.53176e-08)
(-4.14695e-10 2.21361e-10 1.53223e-08)
(-3.63734e-10 2.72188e-10 1.54795e-08)
(-5.9112e-10 -3.1404e-10 1.5183e-08)
(-6.04425e-10 -2.34291e-10 1.51551e-08)
(-6.04113e-10 -1.42865e-10 1.51223e-08)
(-6.02629e-10 -4.58831e-11 1.51105e-08)
(-6.02629e-10 4.58831e-11 1.51105e-08)
(-6.04113e-10 1.42865e-10 1.51223e-08)
(-6.04425e-10 2.34291e-10 1.51551e-08)
(-5.9112e-10 3.1404e-10 1.5183e-08)
(-8.36421e-10 -3.25576e-10 1.5126e-08)
(-8.3835e-10 -2.35499e-10 1.51288e-08)
(-8.35369e-10 -1.40385e-10 1.51038e-08)
(-8.3312e-10 -4.58896e-11 1.50895e-08)
(-8.3312e-10 4.58896e-11 1.50895e-08)
(-8.35369e-10 1.40385e-10 1.51038e-08)
(-8.3835e-10 2.35499e-10 1.51288e-08)
(-8.36421e-10 3.25576e-10 1.5126e-08)
(-1.06562e-09 -3.25857e-10 1.5124e-08)
(-1.06332e-09 -2.33921e-10 1.5137e-08)
(-1.06022e-09 -1.38644e-10 1.51235e-08)
(-1.05864e-09 -4.5639e-11 1.51137e-08)
(-1.05864e-09 4.5639e-11 1.51137e-08)
(-1.06022e-09 1.38644e-10 1.51235e-08)
(-1.06332e-09 2.33921e-10 1.5137e-08)
(-1.06562e-09 3.25857e-10 1.5124e-08)
(-1.28181e-09 -3.21088e-10 1.51203e-08)
(-1.27775e-09 -2.30733e-10 1.51393e-08)
(-1.27436e-09 -1.37257e-10 1.51334e-08)
(-1.27294e-09 -4.53819e-11 1.51281e-08)
(-1.27294e-09 4.53819e-11 1.51281e-08)
(-1.27436e-09 1.37257e-10 1.51334e-08)
(-1.27775e-09 2.30733e-10 1.51393e-08)
(-1.28181e-09 3.21088e-10 1.51203e-08)
(-1.48642e-09 -3.14029e-10 1.51129e-08)
(-1.48176e-09 -2.2653e-10 1.51354e-08)
(-1.47811e-09 -1.35562e-10 1.51344e-08)
(-1.47658e-09 -4.50033e-11 1.51321e-08)
(-1.47658e-09 4.50033e-11 1.51321e-08)
(-1.47811e-09 1.35562e-10 1.51344e-08)
(-1.48176e-09 2.2653e-10 1.51354e-08)
(-1.48642e-09 3.14029e-10 1.51129e-08)
(-1.68172e-09 -3.06055e-10 1.51035e-08)
(-1.67703e-09 -2.21725e-10 1.51278e-08)
(-1.67321e-09 -1.33438e-10 1.51299e-08)
(-1.67155e-09 -4.44535e-11 1.51295e-08)
(-1.67155e-09 4.44535e-11 1.51295e-08)
(-1.67321e-09 1.33438e-10 1.51299e-08)
(-1.67703e-09 2.21725e-10 1.51278e-08)
(-1.68172e-09 3.06055e-10 1.51035e-08)
(-1.86947e-09 -2.97838e-10 1.50925e-08)
(-1.865e-09 -2.16576e-10 1.51176e-08)
(-1.86112e-09 -1.30949e-10 1.51215e-08)
(-1.85935e-09 -4.3744e-11 1.51224e-08)
(-1.85935e-09 4.3744e-11 1.51224e-08)
(-1.86112e-09 1.30949e-10 1.51215e-08)
(-1.865e-09 2.16576e-10 1.51176e-08)
(-1.86947e-09 2.97838e-10 1.50925e-08)
(-2.05075e-09 -2.89662e-10 1.50802e-08)
(-2.04657e-09 -2.11243e-10 1.51053e-08)
(-2.04268e-09 -1.28186e-10 1.51103e-08)
(-2.04084e-09 -4.2908e-11 1.5112e-08)
(-2.04084e-09 4.2908e-11 1.5112e-08)
(-2.04268e-09 1.28186e-10 1.51103e-08)
(-2.04657e-09 2.11243e-10 1.51053e-08)
(-2.05075e-09 2.89662e-10 1.50802e-08)
(-2.22623e-09 -2.81615e-10 1.50664e-08)
(-2.22235e-09 -2.0581e-10 1.50913e-08)
(-2.21848e-09 -1.25225e-10 1.5097e-08)
(-2.2166e-09 -4.19786e-11 1.50991e-08)
(-2.2166e-09 4.19786e-11 1.50991e-08)
(-2.21848e-09 1.25225e-10 1.5097e-08)
(-2.22235e-09 2.0581e-10 1.50913e-08)
(-2.22623e-09 2.81615e-10 1.50664e-08)
(-2.39633e-09 -2.73703e-10 1.50515e-08)
(-2.39272e-09 -2.00324e-10 1.50759e-08)
(-2.38889e-09 -1.22128e-10 1.50819e-08)
(-2.38698e-09 -4.09827e-11 1.50844e-08)
(-2.38698e-09 4.09827e-11 1.50844e-08)
(-2.38889e-09 1.22128e-10 1.50819e-08)
(-2.39272e-09 2.00324e-10 1.50759e-08)
(-2.39633e-09 2.73703e-10 1.50515e-08)
(-2.56129e-09 -2.6591e-10 1.50353e-08)
(-2.55793e-09 -1.94814e-10 1.50592e-08)
(-2.55414e-09 -1.18939e-10 1.50654e-08)
(-2.55223e-09 -3.99415e-11 1.5068e-08)
(-2.55223e-09 3.99415e-11 1.5068e-08)
(-2.55414e-09 1.18939e-10 1.50654e-08)
(-2.55793e-09 1.94814e-10 1.50592e-08)
(-2.56129e-09 2.6591e-10 1.50353e-08)
(-2.72128e-09 -2.58217e-10 1.50182e-08)
(-2.71813e-09 -1.89298e-10 1.50415e-08)
(-2.71441e-09 -1.15694e-10 1.50478e-08)
(-2.7125e-09 -3.88712e-11 1.50504e-08)
(-2.7125e-09 3.88712e-11 1.50504e-08)
(-2.71441e-09 1.15694e-10 1.50478e-08)
(-2.71813e-09 1.89298e-10 1.50415e-08)
(-2.72128e-09 2.58217e-10 1.50182e-08)
(-2.87639e-09 -2.50612e-10 1.50001e-08)
(-2.87346e-09 -1.83794e-10 1.50229e-08)
(-2.8698e-09 -1.12418e-10 1.50291e-08)
(-2.86791e-09 -3.7784e-11 1.50318e-08)
(-2.86791e-09 3.7784e-11 1.50318e-08)
(-2.8698e-09 1.12418e-10 1.50291e-08)
(-2.87346e-09 1.83794e-10 1.50229e-08)
(-2.87639e-09 2.50612e-10 1.50001e-08)
(-3.02673e-09 -2.43087e-10 1.49812e-08)
(-3.02398e-09 -1.78314e-10 1.50035e-08)
(-3.0204e-09 -1.09132e-10 1.50096e-08)
(-3.01853e-09 -3.66888e-11 1.50123e-08)
(-3.01853e-09 3.66888e-11 1.50123e-08)
(-3.0204e-09 1.09132e-10 1.50096e-08)
(-3.02398e-09 1.78314e-10 1.50035e-08)
(-3.02673e-09 2.43087e-10 1.49812e-08)
(-3.17235e-09 -2.35642e-10 1.49617e-08)
(-3.16978e-09 -1.7287e-10 1.49834e-08)
(-3.16628e-09 -1.05851e-10 1.49895e-08)
(-3.16444e-09 -3.55924e-11 1.49921e-08)
(-3.16444e-09 3.55924e-11 1.49921e-08)
(-3.16628e-09 1.05851e-10 1.49895e-08)
(-3.16978e-09 1.7287e-10 1.49834e-08)
(-3.17235e-09 2.35642e-10 1.49617e-08)
(-3.31332e-09 -2.28276e-10 1.49416e-08)
(-3.31092e-09 -1.67472e-10 1.49627e-08)
(-3.3075e-09 -1.02588e-10 1.49688e-08)
(-3.3057e-09 -3.44998e-11 1.49714e-08)
(-3.3057e-09 3.44998e-11 1.49714e-08)
(-3.3075e-09 1.02588e-10 1.49688e-08)
(-3.31092e-09 1.67472e-10 1.49627e-08)
(-3.31332e-09 2.28276e-10 1.49416e-08)
(-3.44971e-09 -2.20994e-10 1.49211e-08)
(-3.44748e-09 -1.62128e-10 1.49416e-08)
(-3.44415e-09 -9.93499e-11 1.49476e-08)
(-3.44238e-09 -3.34147e-11 1.49502e-08)
(-3.44238e-09 3.34147e-11 1.49502e-08)
(-3.44415e-09 9.93499e-11 1.49476e-08)
(-3.44748e-09 1.62128e-10 1.49416e-08)
(-3.44971e-09 2.20994e-10 1.49211e-08)
(-3.58159e-09 -2.13801e-10 1.49002e-08)
(-3.57951e-09 -1.56845e-10 1.49202e-08)
(-3.57627e-09 -9.61444e-11 1.49261e-08)
(-3.57454e-09 -3.23396e-11 1.49286e-08)
(-3.57454e-09 3.23396e-11 1.49286e-08)
(-3.57627e-09 9.61444e-11 1.49261e-08)
(-3.57951e-09 1.56845e-10 1.49202e-08)
(-3.58159e-09 2.13801e-10 1.49002e-08)
(-3.70903e-09 -2.06702e-10 1.48791e-08)
(-3.70709e-09 -1.5163e-10 1.48986e-08)
(-3.70394e-09 -9.29761e-11 1.49043e-08)
(-3.70226e-09 -3.12765e-11 1.49068e-08)
(-3.70226e-09 3.12765e-11 1.49068e-08)
(-3.70394e-09 9.29761e-11 1.49043e-08)
(-3.70709e-09 1.5163e-10 1.48986e-08)
(-3.70903e-09 2.06702e-10 1.48791e-08)
(-3.8321e-09 -1.99699e-10 1.48578e-08)
(-3.83029e-09 -1.46485e-10 1.48768e-08)
(-3.82723e-09 -8.9849e-11 1.48824e-08)
(-3.82559e-09 -3.0227e-11 1.48849e-08)
(-3.82559e-09 3.0227e-11 1.48849e-08)
(-3.82723e-09 8.9849e-11 1.48824e-08)
(-3.83029e-09 1.46485e-10 1.48768e-08)
(-3.8321e-09 1.99699e-10 1.48578e-08)
(-3.95088e-09 -1.92798e-10 1.48365e-08)
(-3.94919e-09 -1.41416e-10 1.48549e-08)
(-3.94622e-09 -8.67657e-11 1.48605e-08)
(-3.94462e-09 -2.91919e-11 1.48629e-08)
(-3.94462e-09 2.91919e-11 1.48629e-08)
(-3.94622e-09 8.67657e-11 1.48605e-08)
(-3.94919e-09 1.41416e-10 1.48549e-08)
(-3.95088e-09 1.92798e-10 1.48365e-08)
(-4.06544e-09 -1.86002e-10 1.48152e-08)
(-4.06386e-09 -1.36425e-10 1.4833e-08)
(-4.06098e-09 -8.37284e-11 1.48385e-08)
(-4.05942e-09 -2.81722e-11 1.48409e-08)
(-4.05942e-09 2.81722e-11 1.48409e-08)
(-4.06098e-09 8.37284e-11 1.48385e-08)
(-4.06386e-09 1.36425e-10 1.4833e-08)
(-4.06544e-09 1.86002e-10 1.48152e-08)
(-4.17585e-09 -1.79314e-10 1.47939e-08)
(-4.17438e-09 -1.31514e-10 1.48113e-08)
(-4.17159e-09 -8.07388e-11 1.48167e-08)
(-4.17006e-09 -2.71683e-11 1.4819e-08)
(-4.17006e-09 2.71683e-11 1.4819e-08)
(-4.17159e-09 8.07388e-11 1.48167e-08)
(-4.17438e-09 1.31514e-10 1.48113e-08)
(-4.17585e-09 1.79314e-10 1.47939e-08)
(-4.28221e-09 -1.72736e-10 1.47729e-08)
(-4.28082e-09 -1.26686e-10 1.47897e-08)
(-4.27812e-09 -7.77981e-11 1.4795e-08)
(-4.27663e-09 -2.61809e-11 1.47972e-08)
(-4.27663e-09 2.61809e-11 1.47972e-08)
(-4.27812e-09 7.77981e-11 1.4795e-08)
(-4.28082e-09 1.26686e-10 1.47897e-08)
(-4.28221e-09 1.72736e-10 1.47729e-08)
(-4.38458e-09 -1.66271e-10 1.47521e-08)
(-4.38328e-09 -1.21941e-10 1.47684e-08)
(-4.38065e-09 -7.49073e-11 1.47736e-08)
(-4.37921e-09 -2.52101e-11 1.47757e-08)
(-4.37921e-09 2.52101e-11 1.47757e-08)
(-4.38065e-09 7.49073e-11 1.47736e-08)
(-4.38328e-09 1.21941e-10 1.47684e-08)
(-4.38458e-09 1.66271e-10 1.47521e-08)
(-4.48305e-09 -1.5992e-10 1.47315e-08)
(-4.48182e-09 -1.17281e-10 1.47473e-08)
(-4.47927e-09 -7.20672e-11 1.47524e-08)
(-4.47786e-09 -2.42562e-11 1.47545e-08)
(-4.47786e-09 2.42562e-11 1.47545e-08)
(-4.47927e-09 7.20672e-11 1.47524e-08)
(-4.48182e-09 1.17281e-10 1.47473e-08)
(-4.48305e-09 1.5992e-10 1.47315e-08)
(-4.57769e-09 -1.53684e-10 1.47113e-08)
(-4.57653e-09 -1.12707e-10 1.47266e-08)
(-4.57406e-09 -6.92785e-11 1.47316e-08)
(-4.57269e-09 -2.33196e-11 1.47337e-08)
(-4.57269e-09 2.33196e-11 1.47337e-08)
(-4.57406e-09 6.92785e-11 1.47316e-08)
(-4.57653e-09 1.12707e-10 1.47266e-08)
(-4.57769e-09 1.53684e-10 1.47113e-08)
(-4.66859e-09 -1.47566e-10 1.46915e-08)
(-4.66748e-09 -1.08219e-10 1.47063e-08)
(-4.66509e-09 -6.65417e-11 1.47112e-08)
(-4.66375e-09 -2.24003e-11 1.47132e-08)
(-4.66375e-09 2.24003e-11 1.47132e-08)
(-4.66509e-09 6.65417e-11 1.47112e-08)
(-4.66748e-09 1.08219e-10 1.47063e-08)
(-4.66859e-09 1.47566e-10 1.46915e-08)
(-4.75582e-09 -1.41566e-10 1.46721e-08)
(-4.75477e-09 -1.03819e-10 1.46865e-08)
(-4.75245e-09 -6.38572e-11 1.46912e-08)
(-4.75114e-09 -2.14986e-11 1.46932e-08)
(-4.75114e-09 2.14986e-11 1.46932e-08)
(-4.75245e-09 6.38572e-11 1.46912e-08)
(-4.75477e-09 1.03819e-10 1.46865e-08)
(-4.75582e-09 1.41566e-10 1.46721e-08)
(-4.83947e-09 -1.35685e-10 1.46532e-08)
(-4.83846e-09 -9.95065e-11 1.46671e-08)
(-4.83621e-09 -6.12255e-11 1.46717e-08)
(-4.83494e-09 -2.06145e-11 1.46736e-08)
(-4.83494e-09 2.06145e-11 1.46736e-08)
(-4.83621e-09 6.12255e-11 1.46717e-08)
(-4.83846e-09 9.95065e-11 1.46671e-08)
(-4.83947e-09 1.35685e-10 1.46532e-08)
(-4.91962e-09 -1.29923e-10 1.46349e-08)
(-4.91864e-09 -9.52828e-11 1.46482e-08)
(-4.91646e-09 -5.86469e-11 1.46527e-08)
(-4.91522e-09 -1.97483e-11 1.46546e-08)
(-4.91522e-09 1.97483e-11 1.46546e-08)
(-4.91646e-09 5.86469e-11 1.46527e-08)
(-4.91864e-09 9.52828e-11 1.46482e-08)
(-4.91962e-09 1.29923e-10 1.46349e-08)
(-4.99634e-09 -1.24283e-10 1.4617e-08)
(-4.9954e-09 -9.1148e-11 1.46299e-08)
(-4.99328e-09 -5.61217e-11 1.46343e-08)
(-4.99207e-09 -1.88999e-11 1.46361e-08)
(-4.99207e-09 1.88999e-11 1.46361e-08)
(-4.99328e-09 5.61217e-11 1.46343e-08)
(-4.9954e-09 9.1148e-11 1.46299e-08)
(-4.99634e-09 1.24283e-10 1.4617e-08)
(-5.06972e-09 -1.18764e-10 1.45997e-08)
(-5.0688e-09 -8.71026e-11 1.46121e-08)
(-5.06674e-09 -5.36501e-11 1.46164e-08)
(-5.06557e-09 -1.80695e-11 1.46182e-08)
(-5.06557e-09 1.80695e-11 1.46182e-08)
(-5.06674e-09 5.36501e-11 1.46164e-08)
(-5.0688e-09 8.71026e-11 1.46121e-08)
(-5.06972e-09 1.18764e-10 1.45997e-08)
(-5.13983e-09 -1.13366e-10 1.45831e-08)
(-5.13893e-09 -8.31468e-11 1.4595e-08)
(-5.13693e-09 -5.12325e-11 1.45991e-08)
(-5.13579e-09 -1.72571e-11 1.46009e-08)
(-5.13579e-09 1.72571e-11 1.46009e-08)
(-5.13693e-09 5.12325e-11 1.45991e-08)
(-5.13893e-09 8.31468e-11 1.4595e-08)
(-5.13983e-09 1.13366e-10 1.45831e-08)
(-5.20676e-09 -1.08091e-10 1.4567e-08)
(-5.20587e-09 -7.92809e-11 1.45785e-08)
(-5.20393e-09 -4.88689e-11 1.45825e-08)
(-5.20282e-09 -1.64629e-11 1.45842e-08)
(-5.20282e-09 1.64629e-11 1.45842e-08)
(-5.20393e-09 4.88689e-11 1.45825e-08)
(-5.20587e-09 7.92809e-11 1.45785e-08)
(-5.20676e-09 1.08091e-10 1.4567e-08)
(-5.27058e-09 -1.02938e-10 1.45516e-08)
(-5.2697e-09 -7.55051e-11 1.45626e-08)
(-5.26781e-09 -4.65596e-11 1.45665e-08)
(-5.26673e-09 -1.56868e-11 1.45681e-08)
(-5.26673e-09 1.56868e-11 1.45681e-08)
(-5.26781e-09 4.65596e-11 1.45665e-08)
(-5.2697e-09 7.55051e-11 1.45626e-08)
(-5.27058e-09 1.02938e-10 1.45516e-08)
(-5.33136e-09 -9.79084e-11 1.45368e-08)
(-5.33049e-09 -7.18196e-11 1.45473e-08)
(-5.32866e-09 -4.43047e-11 1.45511e-08)
(-5.32761e-09 -1.4929e-11 1.45527e-08)
(-5.32761e-09 1.4929e-11 1.45527e-08)
(-5.32866e-09 4.43047e-11 1.45511e-08)
(-5.33049e-09 7.18196e-11 1.45473e-08)
(-5.33136e-09 9.79084e-11 1.45368e-08)
(-5.38919e-09 -9.30017e-11 1.45226e-08)
(-5.38832e-09 -6.82245e-11 1.45328e-08)
(-5.38655e-09 -4.21043e-11 1.45364e-08)
(-5.38552e-09 -1.41895e-11 1.4538e-08)
(-5.38552e-09 1.41895e-11 1.4538e-08)
(-5.38655e-09 4.21043e-11 1.45364e-08)
(-5.38832e-09 6.82245e-11 1.45328e-08)
(-5.38919e-09 9.30017e-11 1.45226e-08)
(-5.44415e-09 -8.82181e-11 1.45092e-08)
(-5.44328e-09 -6.47199e-11 1.45189e-08)
(-5.44155e-09 -3.99586e-11 1.45224e-08)
(-5.44056e-09 -1.34682e-11 1.45239e-08)
(-5.44056e-09 1.34682e-11 1.45239e-08)
(-5.44155e-09 3.99586e-11 1.45224e-08)
(-5.44328e-09 6.47199e-11 1.45189e-08)
(-5.44415e-09 8.82181e-11 1.45092e-08)
(-5.49631e-09 -8.3558e-11 1.44964e-08)
(-5.49543e-09 -6.1306e-11 1.45056e-08)
(-5.49376e-09 -3.78676e-11 1.45091e-08)
(-5.49279e-09 -1.27653e-11 1.45105e-08)
(-5.49279e-09 1.27653e-11 1.45105e-08)
(-5.49376e-09 3.78676e-11 1.45091e-08)
(-5.49543e-09 6.13059e-11 1.45056e-08)
(-5.49631e-09 8.3558e-11 1.44964e-08)
(-5.54574e-09 -7.90212e-11 1.44842e-08)
(-5.54486e-09 -5.79826e-11 1.44931e-08)
(-5.54323e-09 -3.58313e-11 1.44964e-08)
(-5.54229e-09 -1.20808e-11 1.44978e-08)
(-5.54229e-09 1.20808e-11 1.44978e-08)
(-5.54323e-09 3.58313e-11 1.44964e-08)
(-5.54486e-09 5.79826e-11 1.44931e-08)
(-5.54574e-09 7.90212e-11 1.44842e-08)
(-5.59253e-09 -7.46079e-11 1.44728e-08)
(-5.59164e-09 -5.47498e-11 1.44812e-08)
(-5.59006e-09 -3.38499e-11 1.44844e-08)
(-5.58915e-09 -1.14146e-11 1.44858e-08)
(-5.58915e-09 1.14146e-11 1.44858e-08)
(-5.59006e-09 3.38499e-11 1.44844e-08)
(-5.59164e-09 5.47498e-11 1.44812e-08)
(-5.59253e-09 7.46079e-11 1.44728e-08)
(-5.63674e-09 -7.0318e-11 1.4462e-08)
(-5.63585e-09 -5.16077e-11 1.447e-08)
(-5.63431e-09 -3.19233e-11 1.44731e-08)
(-5.63342e-09 -1.07669e-11 1.44744e-08)
(-5.63342e-09 1.07669e-11 1.44744e-08)
(-5.63431e-09 3.19233e-11 1.44731e-08)
(-5.63585e-09 5.16077e-11 1.447e-08)
(-5.63674e-09 7.0318e-11 1.4462e-08)
(-5.67845e-09 -6.61516e-11 1.44519e-08)
(-5.67755e-09 -4.85561e-11 1.44595e-08)
(-5.67606e-09 -3.00516e-11 1.44625e-08)
(-5.6752e-09 -1.01375e-11 1.44637e-08)
(-5.6752e-09 1.01375e-11 1.44637e-08)
(-5.67606e-09 3.00516e-11 1.44625e-08)
(-5.67755e-09 4.85561e-11 1.44595e-08)
(-5.67845e-09 6.61516e-11 1.44519e-08)
(-5.71774e-09 -6.21084e-11 1.44424e-08)
(-5.71683e-09 -4.55949e-11 1.44497e-08)
(-5.71539e-09 -2.82347e-11 1.44525e-08)
(-5.71455e-09 -9.52658e-12 1.44537e-08)
(-5.71455e-09 9.52657e-12 1.44537e-08)
(-5.71539e-09 2.82347e-11 1.44525e-08)
(-5.71683e-09 4.55949e-11 1.44497e-08)
(-5.71774e-09 6.21084e-11 1.44424e-08)
(-5.75468e-09 -5.81885e-11 1.44336e-08)
(-5.75376e-09 -4.27242e-11 1.44405e-08)
(-5.75236e-09 -2.64727e-11 1.44432e-08)
(-5.75155e-09 -8.93403e-12 1.44444e-08)
(-5.75155e-09 8.93403e-12 1.44444e-08)
(-5.75236e-09 2.64727e-11 1.44432e-08)
(-5.75376e-09 4.27242e-11 1.44405e-08)
(-5.75468e-09 5.81885e-11 1.44336e-08)
(-5.78934e-09 -5.43917e-11 1.44254e-08)
(-5.78841e-09 -3.99438e-11 1.44319e-08)
(-5.78705e-09 -2.47656e-11 1.44346e-08)
(-5.78627e-09 -8.35989e-12 1.44357e-08)
(-5.78627e-09 8.35988e-12 1.44357e-08)
(-5.78705e-09 2.47656e-11 1.44346e-08)
(-5.78841e-09 3.99438e-11 1.44319e-08)
(-5.78934e-09 5.43917e-11 1.44254e-08)
(-5.8218e-09 -5.07178e-11 1.44178e-08)
(-5.82086e-09 -3.72536e-11 1.4424e-08)
(-5.81954e-09 -2.31132e-11 1.44266e-08)
(-5.81878e-09 -7.80414e-12 1.44276e-08)
(-5.81878e-09 7.80413e-12 1.44276e-08)
(-5.81954e-09 2.31132e-11 1.44266e-08)
(-5.82086e-09 3.72535e-11 1.4424e-08)
(-5.8218e-09 5.07178e-11 1.44178e-08)
(-5.85213e-09 -4.71667e-11 1.44109e-08)
(-5.85118e-09 -3.46534e-11 1.44167e-08)
(-5.8499e-09 -2.15157e-11 1.44192e-08)
(-5.84916e-09 -7.26677e-12 1.44202e-08)
(-5.84916e-09 7.26677e-12 1.44202e-08)
(-5.8499e-09 2.15157e-11 1.44192e-08)
(-5.85118e-09 3.46534e-11 1.44167e-08)
(-5.85213e-09 4.71667e-11 1.44109e-08)
(-5.88039e-09 -4.37382e-11 1.44046e-08)
(-5.87944e-09 -3.21431e-11 1.44101e-08)
(-5.8782e-09 -1.99728e-11 1.44124e-08)
(-5.87749e-09 -6.74777e-12 1.44133e-08)
(-5.87749e-09 6.74777e-12 1.44133e-08)
(-5.8782e-09 1.99728e-11 1.44124e-08)
(-5.87944e-09 3.21431e-11 1.44101e-08)
(-5.88039e-09 4.37382e-11 1.44046e-08)
(-5.90666e-09 -4.04322e-11 1.43988e-08)
(-5.9057e-09 -2.97226e-11 1.4404e-08)
(-5.90451e-09 -1.84847e-11 1.44062e-08)
(-5.90382e-09 -6.24713e-12 1.44071e-08)
(-5.90382e-09 6.24713e-12 1.44071e-08)
(-5.90451e-09 1.84847e-11 1.44062e-08)
(-5.9057e-09 2.97226e-11 1.4404e-08)
(-5.90666e-09 4.04322e-11 1.43988e-08)
(-5.93102e-09 -3.72484e-11 1.43936e-08)
(-5.93006e-09 -2.73918e-11 1.43985e-08)
(-5.9289e-09 -1.70511e-11 1.44006e-08)
(-5.92824e-09 -5.76482e-12 1.44014e-08)
(-5.92824e-09 5.76482e-12 1.44014e-08)
(-5.9289e-09 1.70511e-11 1.44006e-08)
(-5.93006e-09 2.73918e-11 1.43985e-08)
(-5.93102e-09 3.72484e-11 1.43936e-08)
(-5.95353e-09 -3.41866e-11 1.43889e-08)
(-5.95256e-09 -2.51504e-11 1.43935e-08)
(-5.95144e-09 -1.56721e-11 1.43955e-08)
(-5.95081e-09 -5.30083e-12 1.43963e-08)
(-5.95081e-09 5.30083e-12 1.43963e-08)
(-5.95144e-09 1.56721e-11 1.43955e-08)
(-5.95256e-09 2.51504e-11 1.43935e-08)
(-5.95353e-09 3.41866e-11 1.43889e-08)
(-5.97426e-09 -3.12467e-11 1.43848e-08)
(-5.97329e-09 -2.29983e-11 1.43891e-08)
(-5.97221e-09 -1.43476e-11 1.43909e-08)
(-5.9716e-09 -4.85514e-12 1.43918e-08)
(-5.9716e-09 4.85513e-12 1.43918e-08)
(-5.97221e-09 1.43476e-11 1.43909e-08)
(-5.97329e-09 2.29983e-11 1.43891e-08)
(-5.97426e-09 3.12467e-11 1.43848e-08)
(-5.99329e-09 -2.84285e-11 1.43812e-08)
(-5.99232e-09 -2.09353e-11 1.43851e-08)
(-5.99128e-09 -1.30775e-11 1.43869e-08)
(-5.99069e-09 -4.42771e-12 1.43877e-08)
(-5.99069e-09 4.42771e-12 1.43877e-08)
(-5.99128e-09 1.30775e-11 1.43869e-08)
(-5.99232e-09 2.09353e-11 1.43851e-08)
(-5.99329e-09 2.84285e-11 1.43812e-08)
(-6.01067e-09 -2.57317e-11 1.4378e-08)
(-6.00971e-09 -1.89613e-11 1.43817e-08)
(-6.00871e-09 -1.18617e-11 1.43834e-08)
(-6.00815e-09 -4.01854e-12 1.43841e-08)
(-6.00815e-09 4.01853e-12 1.43841e-08)
(-6.00871e-09 1.18617e-11 1.43834e-08)
(-6.00971e-09 1.89613e-11 1.43817e-08)
(-6.01067e-09 2.57317e-11 1.4378e-08)
(-6.02649e-09 -2.31561e-11 1.43753e-08)
(-6.02553e-09 -1.70762e-11 1.43787e-08)
(-6.02458e-09 -1.07002e-11 1.43803e-08)
(-6.02404e-09 -3.62758e-12 1.4381e-08)
(-6.02404e-09 3.62757e-12 1.4381e-08)
(-6.02458e-09 1.07002e-11 1.43803e-08)
(-6.02553e-09 1.70762e-11 1.43787e-08)
(-6.02649e-09 2.31561e-11 1.43753e-08)
(-6.04081e-09 -2.07016e-11 1.43731e-08)
(-6.03986e-09 -1.52796e-11 1.43762e-08)
(-6.03895e-09 -9.59282e-12 1.43777e-08)
(-6.03843e-09 -3.25481e-12 1.43784e-08)
(-6.03843e-09 3.2548e-12 1.43784e-08)
(-6.03895e-09 9.59281e-12 1.43777e-08)
(-6.03986e-09 1.52796e-11 1.43762e-08)
(-6.04081e-09 2.07016e-11 1.43731e-08)
(-6.0537e-09 -1.8368e-11 1.43712e-08)
(-6.05276e-09 -1.35715e-11 1.43741e-08)
(-6.05189e-09 -8.53953e-12 1.43755e-08)
(-6.0514e-09 -2.90021e-12 1.43762e-08)
(-6.0514e-09 2.9002e-12 1.43762e-08)
(-6.05189e-09 8.53953e-12 1.43755e-08)
(-6.05276e-09 1.35715e-11 1.43741e-08)
(-6.0537e-09 1.8368e-11 1.43712e-08)
(-6.06523e-09 -1.6155e-11 1.43698e-08)
(-6.06431e-09 -1.19517e-11 1.43724e-08)
(-6.06347e-09 -7.54022e-12 1.43737e-08)
(-6.06301e-09 -2.56373e-12 1.43743e-08)
(-6.06301e-09 2.56372e-12 1.43743e-08)
(-6.06347e-09 7.54022e-12 1.43737e-08)
(-6.06431e-09 1.19517e-11 1.43724e-08)
(-6.06523e-09 1.6155e-11 1.43698e-08)
(-6.07546e-09 -1.40624e-11 1.43687e-08)
(-6.07456e-09 -1.042e-11 1.43711e-08)
(-6.07377e-09 -6.59481e-12 1.43723e-08)
(-6.07333e-09 -2.24536e-12 1.43729e-08)
(-6.07333e-09 2.24536e-12 1.43729e-08)
(-6.07377e-09 6.59481e-12 1.43723e-08)
(-6.07456e-09 1.042e-11 1.43711e-08)
(-6.07546e-09 1.40624e-11 1.43687e-08)
(-6.08447e-09 -1.20901e-11 1.43679e-08)
(-6.08359e-09 -8.97619e-12 1.43701e-08)
(-6.08284e-09 -5.70322e-12 1.43712e-08)
(-6.08243e-09 -1.94508e-12 1.43718e-08)
(-6.08243e-09 1.94507e-12 1.43718e-08)
(-6.08284e-09 5.70321e-12 1.43712e-08)
(-6.08359e-09 8.97619e-12 1.43701e-08)
(-6.08447e-09 1.20901e-11 1.43679e-08)
(-6.09233e-09 -1.02379e-11 1.43675e-08)
(-6.09147e-09 -7.62017e-12 1.43694e-08)
(-6.09076e-09 -4.86532e-12 1.43705e-08)
(-6.09038e-09 -1.66283e-12 1.4371e-08)
(-6.09038e-09 1.66283e-12 1.4371e-08)
(-6.09076e-09 4.86532e-12 1.43705e-08)
(-6.09147e-09 7.62017e-12 1.43694e-08)
(-6.09233e-09 1.02379e-11 1.43675e-08)
(-6.09909e-09 -8.50576e-12 1.43673e-08)
(-6.09826e-09 -6.35178e-12 1.4369e-08)
(-6.0976e-09 -4.08104e-12 1.437e-08)
(-6.09724e-09 -1.39859e-12 1.43705e-08)
(-6.09724e-09 1.39858e-12 1.43705e-08)
(-6.0976e-09 4.08103e-12 1.437e-08)
(-6.09826e-09 6.35178e-12 1.4369e-08)
(-6.09909e-09 8.50576e-12 1.43673e-08)
(-6.10483e-09 -6.89347e-12 1.43673e-08)
(-6.10403e-09 -5.17086e-12 1.43689e-08)
(-6.10341e-09 -3.35026e-12 1.43698e-08)
(-6.10308e-09 -1.1523e-12 1.43702e-08)
(-6.10308e-09 1.1523e-12 1.43702e-08)
(-6.10341e-09 3.35025e-12 1.43698e-08)
(-6.10403e-09 5.17086e-12 1.43689e-08)
(-6.10483e-09 6.89347e-12 1.43673e-08)
(-6.10961e-09 -5.40092e-12 1.43676e-08)
(-6.10885e-09 -4.07728e-12 1.4369e-08)
(-6.10828e-09 -2.67289e-12 1.43699e-08)
(-6.10797e-09 -9.23956e-13 1.43703e-08)
(-6.10797e-09 9.2395e-13 1.43703e-08)
(-6.10828e-09 2.67289e-12 1.43699e-08)
(-6.10885e-09 4.07728e-12 1.4369e-08)
(-6.10961e-09 5.40092e-12 1.43676e-08)
(-6.11351e-09 -4.02807e-12 1.43681e-08)
(-6.11278e-09 -3.07096e-12 1.43693e-08)
(-6.11226e-09 -2.04887e-12 1.43701e-08)
(-6.11198e-09 -7.13524e-13 1.43705e-08)
(-6.11198e-09 7.13518e-13 1.43705e-08)
(-6.11226e-09 2.04887e-12 1.43701e-08)
(-6.11278e-09 3.07096e-12 1.43693e-08)
(-6.11351e-09 4.02806e-12 1.43681e-08)
(-6.11659e-09 -2.775e-12 1.43688e-08)
(-6.1159e-09 -2.15193e-12 1.43699e-08)
(-6.11543e-09 -1.47819e-12 1.43706e-08)
(-6.11518e-09 -5.20998e-13 1.43709e-08)
(-6.11518e-09 5.20992e-13 1.43709e-08)
(-6.11543e-09 1.47819e-12 1.43706e-08)
(-6.1159e-09 2.15193e-12 1.43699e-08)
(-6.11659e-09 2.775e-12 1.43688e-08)
(-6.11891e-09 -1.64208e-12 1.43696e-08)
(-6.11828e-09 -1.32043e-12 1.43705e-08)
(-6.11785e-09 -9.60983e-13 1.43712e-08)
(-6.11763e-09 -3.4642e-13 1.43715e-08)
(-6.11763e-09 3.46415e-13 1.43715e-08)
(-6.11785e-09 9.60979e-13 1.43712e-08)
(-6.11828e-09 1.32042e-12 1.43705e-08)
(-6.11891e-09 1.64207e-12 1.43696e-08)
(-6.12054e-09 -6.30062e-13 1.43706e-08)
(-6.11996e-09 -5.77078e-13 1.43713e-08)
(-6.11959e-09 -4.97616e-13 1.43719e-08)
(-6.11939e-09 -1.89925e-13 1.43722e-08)
(-6.11939e-09 1.8992e-13 1.43722e-08)
(-6.11959e-09 4.97612e-13 1.43719e-08)
(-6.11996e-09 5.77074e-13 1.43713e-08)
(-6.12054e-09 6.30059e-13 1.43706e-08)
(-6.12155e-09 2.59464e-13 1.43716e-08)
(-6.12104e-09 7.67762e-14 1.43722e-08)
(-6.12071e-09 -8.89402e-14 1.43727e-08)
(-6.12054e-09 -5.1809e-14 1.4373e-08)
(-6.12054e-09 5.18046e-14 1.4373e-08)
(-6.12071e-09 8.89364e-14 1.43727e-08)
(-6.12104e-09 -7.67796e-14 1.43722e-08)
(-6.12155e-09 -2.59467e-13 1.43716e-08)
(-6.12201e-09 1.02348e-12 1.43727e-08)
(-6.12156e-09 6.38583e-13 1.43732e-08)
(-6.12129e-09 2.63444e-13 1.43736e-08)
(-6.12115e-09 6.73876e-14 1.43738e-08)
(-6.12115e-09 -6.73909e-14 1.43738e-08)
(-6.12129e-09 -2.63448e-13 1.43736e-08)
(-6.12156e-09 -6.38587e-13 1.43732e-08)
(-6.12201e-09 -1.02349e-12 1.43727e-08)
(-6.12198e-09 1.65636e-12 1.43738e-08)
(-6.1216e-09 1.10385e-12 1.43741e-08)
(-6.1214e-09 5.56884e-13 1.43745e-08)
(-6.12129e-09 1.66817e-13 1.43747e-08)
(-6.12129e-09 -1.66819e-13 1.43747e-08)
(-6.1214e-09 -5.56889e-13 1.43745e-08)
(-6.1216e-09 -1.10386e-12 1.43741e-08)
(-6.12198e-09 -1.65637e-12 1.43738e-08)
(-6.12153e-09 2.14781e-12 1.43749e-08)
(-6.12124e-09 1.46554e-12 1.43751e-08)
(-6.12109e-09 7.87782e-13 1.43755e-08)
(-6.12101e-09 2.45427e-13 1.43756e-08)
(-6.12101e-09 -2.45428e-13 1.43756e-08)
(-6.12109e-09 -7.87789e-13 1.43755e-08)
(-6.12124e-09 -1.46555e-12 1.43751e-08)
(-6.12153e-09 -2.14782e-12 1.43749e-08)
(-6.12073e-09 2.48024e-12 1.4376e-08)
(-6.12054e-09 1.71482e-12 1.43761e-08)
(-6.12046e-09 9.52827e-13 1.43763e-08)
(-6.12042e-09 3.02435e-13 1.43764e-08)
(-6.12042e-09 -3.02439e-13 1.43764e-08)
(-6.12046e-09 -9.52835e-13 1.43763e-08)
(-6.12054e-09 -1.71483e-12 1.43761e-08)
(-6.12073e-09 -2.48024e-12 1.4376e-08)
(-6.1197e-09 2.62739e-12 1.43769e-08)
(-6.11962e-09 1.84458e-12 1.43769e-08)
(-6.1196e-09 1.05224e-12 1.4377e-08)
(-6.11959e-09 3.38336e-13 1.43771e-08)
(-6.11959e-09 -3.38354e-13 1.43771e-08)
(-6.1196e-09 -1.05225e-12 1.4377e-08)
(-6.11962e-09 -1.84458e-12 1.43769e-08)
(-6.1197e-09 -2.62739e-12 1.43769e-08)
(-6.11856e-09 2.57552e-12 1.43776e-08)
(-6.11857e-09 1.86913e-12 1.43774e-08)
(-6.11858e-09 1.09496e-12 1.43775e-08)
(-6.11858e-09 3.55642e-13 1.43775e-08)
(-6.11858e-09 -3.55658e-13 1.43775e-08)
(-6.11858e-09 -1.09497e-12 1.43775e-08)
(-6.11857e-09 -1.86912e-12 1.43774e-08)
(-6.11856e-09 -2.57552e-12 1.43776e-08)
(-6.11777e-09 2.4523e-12 1.43777e-08)
(-6.1177e-09 1.86218e-12 1.43774e-08)
(-6.11766e-09 1.10633e-12 1.43774e-08)
(-6.11767e-09 3.60437e-13 1.43774e-08)
(-6.11767e-09 -3.60422e-13 1.43774e-08)
(-6.11766e-09 -1.10636e-12 1.43774e-08)
(-6.1177e-09 -1.86217e-12 1.43774e-08)
(-6.11777e-09 -2.45229e-12 1.43777e-08)
)
;
    }
    bottom
    {
        type            calculated;
        value           nonuniform List<vector> 
640
(
(8.80655e-10 1.13547e-10 -1.66684e-08)
(1.07404e-09 9.78417e-11 -1.65891e-08)
(1.21959e-09 5.38655e-11 -1.66302e-08)
(1.28718e-09 1.58817e-11 -1.6658e-08)
(1.28718e-09 -1.58817e-11 -1.6658e-08)
(1.21959e-09 -5.38655e-11 -1.66302e-08)
(1.07404e-09 -9.78417e-11 -1.65891e-08)
(8.80655e-10 -1.13547e-10 -1.66684e-08)
(4.61089e-10 2.49581e-10 -1.59034e-08)
(5.1427e-10 2.06123e-10 -1.60034e-08)
(5.43477e-10 1.18433e-10 -1.60246e-08)
(5.61308e-10 3.57303e-11 -1.60329e-08)
(5.61308e-10 -3.57303e-11 -1.60329e-08)
(5.43477e-10 -1.18433e-10 -1.60246e-08)
(5.1427e-10 -2.06123e-10 -1.60034e-08)
(4.61089e-10 -2.49581e-10 -1.59034e-08)
(6.59887e-10 3.12108e-10 -1.60324e-08)
(6.86938e-10 2.28391e-10 -1.60674e-08)
(6.95788e-10 1.34593e-10 -1.61098e-08)
(7.00015e-10 4.20876e-11 -1.61288e-08)
(7.00015e-10 -4.20876e-11 -1.61288e-08)
(6.95788e-10 -1.34593e-10 -1.61098e-08)
(6.86938e-10 -2.28391e-10 -1.60674e-08)
(6.59887e-10 -3.12108e-10 -1.60324e-08)
(8.93042e-10 3.46727e-10 -1.60432e-08)
(9.08068e-10 2.37619e-10 -1.60497e-08)
(9.15175e-10 1.37865e-10 -1.60875e-08)
(9.18108e-10 4.41587e-11 -1.61063e-08)
(9.18108e-10 -4.41586e-11 -1.61063e-08)
(9.15175e-10 -1.37865e-10 -1.60875e-08)
(9.08068e-10 -2.37619e-10 -1.60497e-08)
(8.93042e-10 -3.46727e-10 -1.60432e-08)
(1.11725e-09 3.63294e-10 -1.60205e-08)
(1.12367e-09 2.43728e-10 -1.60148e-08)
(1.1288e-09 1.39856e-10 -1.6044e-08)
(1.13117e-09 4.52114e-11 -1.60592e-08)
(1.13117e-09 -4.52114e-11 -1.60592e-08)
(1.1288e-09 -1.39856e-10 -1.6044e-08)
(1.12367e-09 -2.43728e-10 -1.60148e-08)
(1.11725e-09 -3.63294e-10 -1.60205e-08)
(1.33474e-09 3.6922e-10 -1.59931e-08)
(1.33564e-09 2.46753e-10 -1.59813e-08)
(1.3389e-09 1.41237e-10 -1.60042e-08)
(1.34065e-09 4.58318e-11 -1.6016e-08)
(1.34065e-09 -4.58318e-11 -1.6016e-08)
(1.3389e-09 -1.41237e-10 -1.60042e-08)
(1.33564e-09 -2.46753e-10 -1.59813e-08)
(1.33474e-09 -3.6922e-10 -1.59931e-08)
(1.54478e-09 3.68998e-10 -1.59633e-08)
(1.54197e-09 2.47191e-10 -1.59485e-08)
(1.54354e-09 1.41772e-10 -1.59672e-08)
(1.54457e-09 4.61332e-11 -1.59764e-08)
(1.54457e-09 -4.61332e-11 -1.59764e-08)
(1.54354e-09 -1.41772e-10 -1.59672e-08)
(1.54197e-09 -2.47191e-10 -1.59485e-08)
(1.54478e-09 -3.68998e-10 -1.59633e-08)
(1.7476e-09 3.65027e-10 -1.59316e-08)
(1.74223e-09 2.45558e-10 -1.59154e-08)
(1.7424e-09 1.41333e-10 -1.59313e-08)
(1.74273e-09 4.61103e-11 -1.59387e-08)
(1.74273e-09 -4.61103e-11 -1.59387e-08)
(1.7424e-09 -1.41333e-10 -1.59313e-08)
(1.74223e-09 -2.45558e-10 -1.59154e-08)
(1.7476e-09 -3.65027e-10 -1.59316e-08)
(1.94353e-09 3.58709e-10 -1.58982e-08)
(1.9364e-09 2.42348e-10 -1.58815e-08)
(1.93551e-09 1.3999e-10 -1.58955e-08)
(1.93524e-09 4.57807e-11 -1.59017e-08)
(1.93524e-09 -4.57807e-11 -1.59017e-08)
(1.93551e-09 -1.3999e-10 -1.58955e-08)
(1.9364e-09 -2.42348e-10 -1.58815e-08)
(1.94353e-09 -3.58709e-10 -1.58982e-08)
(2.13285e-09 3.50926e-10 -1.58632e-08)
(2.12454e-09 2.37996e-10 -1.58466e-08)
(2.12288e-09 1.37909e-10 -1.58593e-08)
(2.12215e-09 4.51906e-11 -1.58647e-08)
(2.12215e-09 -4.51906e-11 -1.58647e-08)
(2.12288e-09 -1.37909e-10 -1.58593e-08)
(2.12454e-09 -2.37996e-10 -1.58466e-08)
(2.13285e-09 -3.50926e-10 -1.58632e-08)
(2.31583e-09 3.42246e-10 -1.58269e-08)
(2.30673e-09 2.32856e-10 -1.58107e-08)
(2.30454e-09 1.35271e-10 -1.58224e-08)
(2.30349e-09 4.43973e-11 -1.58273e-08)
(2.30349e-09 -4.43973e-11 -1.58273e-08)
(2.30454e-09 -1.35271e-10 -1.58224e-08)
(2.30673e-09 -2.32856e-10 -1.58107e-08)
(2.31583e-09 -3.42246e-10 -1.58269e-08)
(2.49266e-09 3.33041e-10 -1.57895e-08)
(2.48306e-09 2.27194e-10 -1.57738e-08)
(2.48054e-09 1.32236e-10 -1.57848e-08)
(2.47925e-09 4.34554e-11 -1.57892e-08)
(2.47925e-09 -4.34554e-11 -1.57892e-08)
(2.48054e-09 -1.32236e-10 -1.57848e-08)
(2.48306e-09 -2.27194e-10 -1.57738e-08)
(2.49266e-09 -3.33041e-10 -1.57895e-08)
(2.66355e-09 3.23559e-10 -1.57511e-08)
(2.65364e-09 2.21206e-10 -1.57359e-08)
(2.65091e-09 1.28936e-10 -1.57464e-08)
(2.64948e-09 4.24108e-11 -1.57506e-08)
(2.64948e-09 -4.24108e-11 -1.57506e-08)
(2.65091e-09 -1.28936e-10 -1.57464e-08)
(2.65364e-09 -2.21206e-10 -1.57359e-08)
(2.66355e-09 -3.23559e-10 -1.57511e-08)
(2.82866e-09 3.1396e-10 -1.57119e-08)
(2.81857e-09 2.15033e-10 -1.56974e-08)
(2.81574e-09 1.25469e-10 -1.57074e-08)
(2.81421e-09 4.12995e-11 -1.57113e-08)
(2.81421e-09 -4.12995e-11 -1.57113e-08)
(2.81574e-09 -1.25469e-10 -1.57074e-08)
(2.81857e-09 -2.15033e-10 -1.56974e-08)
(2.82866e-09 -3.1396e-10 -1.57119e-08)
(2.98813e-09 3.04351e-10 -1.56722e-08)
(2.97797e-09 2.08771e-10 -1.56582e-08)
(2.97509e-09 1.21907e-10 -1.56678e-08)
(2.97352e-09 4.01483e-11 -1.56715e-08)
(2.97352e-09 -4.01483e-11 -1.56715e-08)
(2.97509e-09 -1.21907e-10 -1.56678e-08)
(2.97797e-09 -2.08771e-10 -1.56582e-08)
(2.98813e-09 -3.04351e-10 -1.56722e-08)
(3.1421e-09 2.94799e-10 -1.56319e-08)
(3.13193e-09 2.02488e-10 -1.56186e-08)
(3.12905e-09 1.18302e-10 -1.56278e-08)
(3.12746e-09 3.89764e-11 -1.56314e-08)
(3.12746e-09 -3.89764e-11 -1.56314e-08)
(3.12905e-09 -1.18302e-10 -1.56278e-08)
(3.13193e-09 -2.02488e-10 -1.56186e-08)
(3.1421e-09 -2.94799e-10 -1.56319e-08)
(3.29071e-09 2.85348e-10 -1.55913e-08)
(3.28058e-09 1.96228e-10 -1.55786e-08)
(3.27772e-09 1.14688e-10 -1.55875e-08)
(3.27613e-09 3.77973e-11 -1.55909e-08)
(3.27613e-09 -3.77973e-11 -1.55909e-08)
(3.27772e-09 -1.14688e-10 -1.55875e-08)
(3.28058e-09 -1.96228e-10 -1.55786e-08)
(3.29071e-09 -2.85348e-10 -1.55913e-08)
(3.43408e-09 2.76025e-10 -1.55506e-08)
(3.42401e-09 1.9002e-10 -1.55384e-08)
(3.4212e-09 1.1109e-10 -1.5547e-08)
(3.41961e-09 3.66202e-11 -1.55502e-08)
(3.41961e-09 -3.66202e-11 -1.55502e-08)
(3.4212e-09 -1.1109e-10 -1.5547e-08)
(3.42401e-09 -1.9002e-10 -1.55384e-08)
(3.43408e-09 -2.76025e-10 -1.55506e-08)
(3.57232e-09 2.66845e-10 -1.55097e-08)
(3.56234e-09 1.83882e-10 -1.54981e-08)
(3.55957e-09 1.07523e-10 -1.55063e-08)
(3.558e-09 3.54512e-11 -1.55094e-08)
(3.558e-09 -3.54512e-11 -1.55094e-08)
(3.55957e-09 -1.07523e-10 -1.55063e-08)
(3.56234e-09 -1.83882e-10 -1.54981e-08)
(3.57232e-09 -2.66845e-10 -1.55097e-08)
(3.70554e-09 2.5782e-10 -1.54688e-08)
(3.69567e-09 1.77828e-10 -1.54577e-08)
(3.69296e-09 1.03997e-10 -1.54657e-08)
(3.69141e-09 3.42942e-11 -1.54687e-08)
(3.69141e-09 -3.42942e-11 -1.54687e-08)
(3.69296e-09 -1.03997e-10 -1.54657e-08)
(3.69567e-09 -1.77828e-10 -1.54577e-08)
(3.70554e-09 -2.5782e-10 -1.54688e-08)
(3.83386e-09 2.48954e-10 -1.54281e-08)
(3.82412e-09 1.71863e-10 -1.54175e-08)
(3.82146e-09 1.00519e-10 -1.54252e-08)
(3.81993e-09 3.31518e-11 -1.54281e-08)
(3.81993e-09 -3.31518e-11 -1.54281e-08)
(3.82146e-09 -1.00519e-10 -1.54252e-08)
(3.82412e-09 -1.71863e-10 -1.54175e-08)
(3.83386e-09 -2.48954e-10 -1.54281e-08)
(3.95738e-09 2.4025e-10 -1.53876e-08)
(3.94778e-09 1.65994e-10 -1.53775e-08)
(3.94517e-09 9.70931e-11 -1.53849e-08)
(3.94366e-09 3.20257e-11 -1.53877e-08)
(3.94366e-09 -3.20257e-11 -1.53877e-08)
(3.94517e-09 -9.70931e-11 -1.53849e-08)
(3.94778e-09 -1.65994e-10 -1.53775e-08)
(3.95738e-09 -2.4025e-10 -1.53876e-08)
(4.07621e-09 2.31709e-10 -1.53474e-08)
(4.06675e-09 1.60222e-10 -1.53378e-08)
(4.06419e-09 9.37216e-11 -1.5345e-08)
(4.06271e-09 3.09169e-11 -1.53476e-08)
(4.06271e-09 -3.09169e-11 -1.53476e-08)
(4.06419e-09 -9.37216e-11 -1.5345e-08)
(4.06675e-09 -1.60222e-10 -1.53378e-08)
(4.07621e-09 -2.31709e-10 -1.53474e-08)
(4.19045e-09 2.23333e-10 -1.53075e-08)
(4.18115e-09 1.54549e-10 -1.52985e-08)
(4.17864e-09 9.04061e-11 -1.53054e-08)
(4.17719e-09 2.98262e-11 -1.5308e-08)
(4.17719e-09 -2.98262e-11 -1.5308e-08)
(4.17864e-09 -9.04061e-11 -1.53054e-08)
(4.18115e-09 -1.54549e-10 -1.52985e-08)
(4.19045e-09 -2.23333e-10 -1.53075e-08)
(4.30022e-09 2.1512e-10 -1.52682e-08)
(4.29108e-09 1.48976e-10 -1.52596e-08)
(4.28862e-09 8.71479e-11 -1.52663e-08)
(4.28719e-09 2.87538e-11 -1.52687e-08)
(4.28719e-09 -2.87538e-11 -1.52687e-08)
(4.28862e-09 -8.71479e-11 -1.52663e-08)
(4.29108e-09 -1.48976e-10 -1.52596e-08)
(4.30022e-09 -2.1512e-10 -1.52682e-08)
(4.40561e-09 2.07071e-10 -1.52294e-08)
(4.39664e-09 1.43505e-10 -1.52213e-08)
(4.39422e-09 8.39475e-11 -1.52277e-08)
(4.39282e-09 2.77002e-11 -1.52301e-08)
(4.39282e-09 -2.77002e-11 -1.52301e-08)
(4.39422e-09 -8.39475e-11 -1.52277e-08)
(4.39664e-09 -1.43505e-10 -1.52213e-08)
(4.40561e-09 -2.07071e-10 -1.52294e-08)
(4.50672e-09 1.99185e-10 -1.51912e-08)
(4.49793e-09 1.38135e-10 -1.51835e-08)
(4.49556e-09 8.08055e-11 -1.51897e-08)
(4.49417e-09 2.66656e-11 -1.5192e-08)
(4.49417e-09 -2.66656e-11 -1.5192e-08)
(4.49556e-09 -8.08055e-11 -1.51897e-08)
(4.49793e-09 -1.38135e-10 -1.51835e-08)
(4.50672e-09 -1.99185e-10 -1.51912e-08)
(4.60367e-09 1.91462e-10 -1.51537e-08)
(4.59506e-09 1.32868e-10 -1.51464e-08)
(4.59273e-09 7.77224e-11 -1.51523e-08)
(4.59137e-09 2.565e-11 -1.51546e-08)
(4.59137e-09 -2.565e-11 -1.51546e-08)
(4.59273e-09 -7.77224e-11 -1.51523e-08)
(4.59506e-09 -1.32868e-10 -1.51464e-08)
(4.60367e-09 -1.91462e-10 -1.51537e-08)
(4.69655e-09 1.83901e-10 -1.51169e-08)
(4.68813e-09 1.27702e-10 -1.511e-08)
(4.68583e-09 7.46982e-11 -1.51157e-08)
(4.68449e-09 2.46537e-11 -1.51179e-08)
(4.68449e-09 -2.46537e-11 -1.51179e-08)
(4.68583e-09 -7.46982e-11 -1.51157e-08)
(4.68813e-09 -1.27702e-10 -1.511e-08)
(4.69655e-09 -1.83901e-10 -1.51169e-08)
(4.78546e-09 1.76502e-10 -1.50808e-08)
(4.77723e-09 1.22639e-10 -1.50743e-08)
(4.77497e-09 7.17334e-11 -1.50799e-08)
(4.77365e-09 2.36767e-11 -1.50819e-08)
(4.77365e-09 -2.36767e-11 -1.50819e-08)
(4.77497e-09 -7.17334e-11 -1.50799e-08)
(4.77723e-09 -1.22639e-10 -1.50743e-08)
(4.78546e-09 -1.76502e-10 -1.50808e-08)
(4.87051e-09 1.69263e-10 -1.50456e-08)
(4.86247e-09 1.17678e-10 -1.50395e-08)
(4.86025e-09 6.88282e-11 -1.50448e-08)
(4.85895e-09 2.27191e-11 -1.50468e-08)
(4.85895e-09 -2.27191e-11 -1.50468e-08)
(4.86025e-09 -6.88282e-11 -1.50448e-08)
(4.86247e-09 -1.17678e-10 -1.50395e-08)
(4.87051e-09 -1.69263e-10 -1.50456e-08)
(4.95179e-09 1.62184e-10 -1.50112e-08)
(4.94394e-09 1.1282e-10 -1.50054e-08)
(4.94176e-09 6.59826e-11 -1.50106e-08)
(4.94049e-09 2.17811e-11 -1.50125e-08)
(4.94049e-09 -2.17811e-11 -1.50125e-08)
(4.94176e-09 -6.59826e-11 -1.50106e-08)
(4.94394e-09 -1.1282e-10 -1.50054e-08)
(4.95179e-09 -1.62184e-10 -1.50112e-08)
(5.0294e-09 1.55265e-10 -1.49777e-08)
(5.02175e-09 1.08065e-10 -1.49723e-08)
(5.01961e-09 6.31968e-11 -1.49772e-08)
(5.01835e-09 2.08626e-11 -1.4979e-08)
(5.01835e-09 -2.08626e-11 -1.4979e-08)
(5.01961e-09 -6.31968e-11 -1.49772e-08)
(5.02175e-09 -1.08065e-10 -1.49723e-08)
(5.0294e-09 -1.55265e-10 -1.49777e-08)
(5.10344e-09 1.48505e-10 -1.49451e-08)
(5.09599e-09 1.03413e-10 -1.494e-08)
(5.09388e-09 6.0471e-11 -1.49448e-08)
(5.09265e-09 1.99637e-11 -1.49465e-08)
(5.09265e-09 -1.99637e-11 -1.49465e-08)
(5.09388e-09 -6.0471e-11 -1.49448e-08)
(5.09599e-09 -1.03413e-10 -1.494e-08)
(5.10344e-09 -1.48505e-10 -1.49451e-08)
(5.17401e-09 1.41903e-10 -1.49134e-08)
(5.16676e-09 9.88634e-11 -1.49087e-08)
(5.16468e-09 5.78051e-11 -1.49133e-08)
(5.16347e-09 1.90844e-11 -1.4915e-08)
(5.16347e-09 -1.90844e-11 -1.4915e-08)
(5.16468e-09 -5.78051e-11 -1.49133e-08)
(5.16676e-09 -9.88634e-11 -1.49087e-08)
(5.17401e-09 -1.41903e-10 -1.49134e-08)
(5.2412e-09 1.35458e-10 -1.48827e-08)
(5.23414e-09 9.44169e-11 -1.48783e-08)
(5.23211e-09 5.51993e-11 -1.48827e-08)
(5.23092e-09 1.82248e-11 -1.48843e-08)
(5.23092e-09 -1.82248e-11 -1.48843e-08)
(5.23211e-09 -5.51993e-11 -1.48827e-08)
(5.23414e-09 -9.44169e-11 -1.48783e-08)
(5.2412e-09 -1.35458e-10 -1.48827e-08)
(5.3051e-09 1.2917e-10 -1.4853e-08)
(5.29825e-09 9.00732e-11 -1.48489e-08)
(5.29625e-09 5.26536e-11 -1.48531e-08)
(5.29508e-09 1.7385e-11 -1.48547e-08)
(5.29508e-09 -1.7385e-11 -1.48547e-08)
(5.29625e-09 -5.26536e-11 -1.48531e-08)
(5.29825e-09 -9.00732e-11 -1.48489e-08)
(5.3051e-09 -1.2917e-10 -1.4853e-08)
(5.36582e-09 1.23038e-10 -1.48243e-08)
(5.35916e-09 8.58323e-11 -1.48204e-08)
(5.3572e-09 5.01681e-11 -1.48245e-08)
(5.35605e-09 1.65648e-11 -1.4826e-08)
(5.35605e-09 -1.65648e-11 -1.4826e-08)
(5.3572e-09 -5.01681e-11 -1.48245e-08)
(5.35916e-09 -8.58323e-11 -1.48204e-08)
(5.36582e-09 -1.23038e-10 -1.48243e-08)
(5.42343e-09 1.17061e-10 -1.47965e-08)
(5.41698e-09 8.16941e-11 -1.4793e-08)
(5.41504e-09 4.77426e-11 -1.47969e-08)
(5.41392e-09 1.57644e-11 -1.47983e-08)
(5.41392e-09 -1.57644e-11 -1.47983e-08)
(5.41504e-09 -4.77426e-11 -1.47969e-08)
(5.41698e-09 -8.16941e-11 -1.4793e-08)
(5.42343e-09 -1.17061e-10 -1.47965e-08)
(5.47803e-09 1.11238e-10 -1.47698e-08)
(5.47178e-09 7.76585e-11 -1.47665e-08)
(5.46988e-09 4.53772e-11 -1.47703e-08)
(5.46878e-09 1.49838e-11 -1.47717e-08)
(5.46878e-09 -1.49837e-11 -1.47717e-08)
(5.46988e-09 -4.53772e-11 -1.47703e-08)
(5.47178e-09 -7.76585e-11 -1.47665e-08)
(5.47803e-09 -1.11238e-10 -1.47698e-08)
(5.52972e-09 1.05569e-10 -1.47441e-08)
(5.52367e-09 7.37253e-11 -1.47411e-08)
(5.5218e-09 4.30719e-11 -1.47447e-08)
(5.52072e-09 1.42228e-11 -1.4746e-08)
(5.52072e-09 -1.42228e-11 -1.4746e-08)
(5.5218e-09 -4.30719e-11 -1.47447e-08)
(5.52367e-09 -7.37253e-11 -1.47411e-08)
(5.52972e-09 -1.05569e-10 -1.47441e-08)
(5.57858e-09 1.00053e-10 -1.47194e-08)
(5.57273e-09 6.98944e-11 -1.47167e-08)
(5.5709e-09 4.08265e-11 -1.47201e-08)
(5.56983e-09 1.34816e-11 -1.47214e-08)
(5.56983e-09 -1.34816e-11 -1.47214e-08)
(5.5709e-09 -4.08265e-11 -1.47201e-08)
(5.57273e-09 -6.98944e-11 -1.47167e-08)
(5.57858e-09 -1.00053e-10 -1.47194e-08)
(5.62469e-09 9.46883e-11 -1.46958e-08)
(5.61904e-09 6.61655e-11 -1.46932e-08)
(5.61724e-09 3.8641e-11 -1.46965e-08)
(5.6162e-09 1.27601e-11 -1.46977e-08)
(5.6162e-09 -1.27601e-11 -1.46977e-08)
(5.61724e-09 -3.8641e-11 -1.46965e-08)
(5.61904e-09 -6.61655e-11 -1.46932e-08)
(5.62469e-09 -9.46883e-11 -1.46958e-08)
(5.66815e-09 8.94752e-11 -1.46731e-08)
(5.66269e-09 6.25386e-11 -1.46708e-08)
(5.66093e-09 3.65154e-11 -1.46739e-08)
(5.65991e-09 1.20583e-11 -1.46751e-08)
(5.65991e-09 -1.20583e-11 -1.46751e-08)
(5.66093e-09 -3.65154e-11 -1.46739e-08)
(5.66269e-09 -6.25386e-11 -1.46708e-08)
(5.66815e-09 -8.94752e-11 -1.46731e-08)
(5.70904e-09 8.44124e-11 -1.46515e-08)
(5.70378e-09 5.90134e-11 -1.46494e-08)
(5.70205e-09 3.44495e-11 -1.46524e-08)
(5.70105e-09 1.13762e-11 -1.46535e-08)
(5.70105e-09 -1.13762e-11 -1.46535e-08)
(5.70205e-09 -3.44495e-11 -1.46524e-08)
(5.70378e-09 -5.90134e-11 -1.46494e-08)
(5.70904e-09 -8.44124e-11 -1.46515e-08)
(5.74744e-09 7.94994e-11 -1.46308e-08)
(5.74237e-09 5.55898e-11 -1.46289e-08)
(5.74068e-09 3.24433e-11 -1.46318e-08)
(5.73971e-09 1.07137e-11 -1.46329e-08)
(5.73971e-09 -1.07137e-11 -1.46329e-08)
(5.74068e-09 -3.24433e-11 -1.46318e-08)
(5.74237e-09 -5.55898e-11 -1.46289e-08)
(5.74744e-09 -7.94995e-11 -1.46308e-08)
(5.78344e-09 7.47354e-11 -1.46112e-08)
(5.77856e-09 5.22674e-11 -1.46095e-08)
(5.7769e-09 3.04965e-11 -1.46122e-08)
(5.77595e-09 1.00708e-11 -1.46132e-08)
(5.77595e-09 -1.00708e-11 -1.46132e-08)
(5.7769e-09 -3.04965e-11 -1.46122e-08)
(5.77856e-09 -5.22674e-11 -1.46095e-08)
(5.78344e-09 -7.47354e-11 -1.46112e-08)
(5.81711e-09 7.01196e-11 -1.45925e-08)
(5.81243e-09 4.9046e-11 -1.4591e-08)
(5.8108e-09 2.86092e-11 -1.45936e-08)
(5.80988e-09 9.44753e-12 -1.45946e-08)
(5.80988e-09 -9.44753e-12 -1.45946e-08)
(5.8108e-09 -2.86092e-11 -1.45936e-08)
(5.81243e-09 -4.9046e-11 -1.4591e-08)
(5.81711e-09 -7.01196e-11 -1.45925e-08)
(5.84855e-09 6.56512e-11 -1.45748e-08)
(5.84405e-09 4.59255e-11 -1.45735e-08)
(5.84247e-09 2.67811e-11 -1.4576e-08)
(5.84156e-09 8.84379e-12 -1.45769e-08)
(5.84156e-09 -8.84379e-12 -1.45769e-08)
(5.84247e-09 -2.67811e-11 -1.4576e-08)
(5.84405e-09 -4.59255e-11 -1.45735e-08)
(5.84855e-09 -6.56512e-11 -1.45748e-08)
(5.87783e-09 6.13296e-11 -1.45581e-08)
(5.87351e-09 4.29055e-11 -1.45569e-08)
(5.87196e-09 2.50122e-11 -1.45593e-08)
(5.87108e-09 8.25956e-12 -1.45601e-08)
(5.87108e-09 -8.25956e-12 -1.45601e-08)
(5.87196e-09 -2.50122e-11 -1.45593e-08)
(5.87351e-09 -4.29055e-11 -1.45569e-08)
(5.87783e-09 -6.13296e-11 -1.45581e-08)
(5.90502e-09 5.71541e-11 -1.45423e-08)
(5.90089e-09 3.99859e-11 -1.45412e-08)
(5.89938e-09 2.33023e-11 -1.45435e-08)
(5.89852e-09 7.6948e-12 -1.45443e-08)
(5.89852e-09 -7.6948e-12 -1.45443e-08)
(5.89938e-09 -2.33023e-11 -1.45435e-08)
(5.90089e-09 -3.99859e-11 -1.45412e-08)
(5.90502e-09 -5.71541e-11 -1.45423e-08)
(5.93022e-09 5.31239e-11 -1.45274e-08)
(5.92626e-09 3.71663e-11 -1.45265e-08)
(5.92479e-09 2.16512e-11 -1.45286e-08)
(5.92396e-09 7.14947e-12 -1.45294e-08)
(5.92396e-09 -7.14947e-12 -1.45294e-08)
(5.92479e-09 -2.16512e-11 -1.45286e-08)
(5.92626e-09 -3.71663e-11 -1.45265e-08)
(5.93022e-09 -5.31239e-11 -1.45274e-08)
(5.95349e-09 4.92383e-11 -1.45134e-08)
(5.94971e-09 3.44464e-11 -1.45126e-08)
(5.94828e-09 2.00588e-11 -1.45146e-08)
(5.94747e-09 6.62352e-12 -1.45154e-08)
(5.94747e-09 -6.62352e-12 -1.45154e-08)
(5.94828e-09 -2.00588e-11 -1.45146e-08)
(5.94971e-09 -3.44464e-11 -1.45126e-08)
(5.95349e-09 -4.92383e-11 -1.45134e-08)
(5.97491e-09 4.54967e-11 -1.45003e-08)
(5.97131e-09 3.18261e-11 -1.44996e-08)
(5.96992e-09 1.85251e-11 -1.45016e-08)
(5.96913e-09 6.11692e-12 -1.45023e-08)
(5.96913e-09 -6.11691e-12 -1.45023e-08)
(5.96992e-09 -1.85251e-11 -1.45016e-08)
(5.97131e-09 -3.18261e-11 -1.44996e-08)
(5.97491e-09 -4.54967e-11 -1.45003e-08)
(5.99456e-09 4.18984e-11 -1.4488e-08)
(5.99113e-09 2.93051e-11 -1.44875e-08)
(5.98978e-09 1.70497e-11 -1.44893e-08)
(5.98902e-09 5.6296e-12 -1.449e-08)
(5.98902e-09 -5.6296e-12 -1.449e-08)
(5.98978e-09 -1.70497e-11 -1.44893e-08)
(5.99113e-09 -2.93051e-11 -1.44875e-08)
(5.99456e-09 -4.18984e-11 -1.4488e-08)
(6.01251e-09 3.84428e-11 -1.44766e-08)
(6.00925e-09 2.6883e-11 -1.44762e-08)
(6.00794e-09 1.56325e-11 -1.44779e-08)
(6.00721e-09 5.16154e-12 -1.44785e-08)
(6.00721e-09 -5.16154e-12 -1.44785e-08)
(6.00794e-09 -1.56325e-11 -1.44779e-08)
(6.00925e-09 -2.6883e-11 -1.44762e-08)
(6.01251e-09 -3.84428e-11 -1.44766e-08)
(6.02884e-09 3.51291e-11 -1.4466e-08)
(6.02575e-09 2.45596e-11 -1.44657e-08)
(6.02448e-09 1.42735e-11 -1.44673e-08)
(6.02377e-09 4.71267e-12 -1.44679e-08)
(6.02377e-09 -4.71267e-12 -1.44679e-08)
(6.02448e-09 -1.42735e-11 -1.44673e-08)
(6.02575e-09 -2.45596e-11 -1.44657e-08)
(6.02884e-09 -3.51291e-11 -1.4466e-08)
(6.04363e-09 3.19569e-11 -1.44562e-08)
(6.0407e-09 2.23346e-11 -1.4456e-08)
(6.03947e-09 1.29724e-11 -1.44575e-08)
(6.03879e-09 4.28296e-12 -1.4458e-08)
(6.03879e-09 -4.28296e-12 -1.4458e-08)
(6.03947e-09 -1.29724e-11 -1.44575e-08)
(6.0407e-09 -2.23346e-11 -1.4456e-08)
(6.04363e-09 -3.19569e-11 -1.44562e-08)
(6.05693e-09 2.89254e-11 -1.44472e-08)
(6.05417e-09 2.02078e-11 -1.4447e-08)
(6.05298e-09 1.17291e-11 -1.44484e-08)
(6.05232e-09 3.87235e-12 -1.44489e-08)
(6.05232e-09 -3.87234e-12 -1.44489e-08)
(6.05298e-09 -1.17291e-11 -1.44484e-08)
(6.05417e-09 -2.02078e-11 -1.4447e-08)
(6.05693e-09 -2.89254e-11 -1.44472e-08)
(6.06884e-09 2.60341e-11 -1.44388e-08)
(6.06623e-09 1.81788e-11 -1.44388e-08)
(6.06509e-09 1.05434e-11 -1.44401e-08)
(6.06446e-09 3.48079e-12 -1.44406e-08)
(6.06446e-09 -3.48078e-12 -1.44406e-08)
(6.06509e-09 -1.05434e-11 -1.44401e-08)
(6.06623e-09 -1.81788e-11 -1.44388e-08)
(6.06884e-09 -2.60341e-11 -1.44388e-08)
(6.07941e-09 2.32824e-11 -1.44312e-08)
(6.07696e-09 1.62474e-11 -1.44313e-08)
(6.07586e-09 9.41517e-12 -1.44325e-08)
(6.07526e-09 3.10823e-12 -1.44329e-08)
(6.07526e-09 -3.10822e-12 -1.44329e-08)
(6.07586e-09 -9.41516e-12 -1.44325e-08)
(6.07696e-09 -1.62474e-11 -1.44313e-08)
(6.07941e-09 -2.32824e-11 -1.44312e-08)
(6.08873e-09 2.06697e-11 -1.44243e-08)
(6.08642e-09 1.44134e-11 -1.44244e-08)
(6.08537e-09 8.34422e-12 -1.44255e-08)
(6.08479e-09 2.75462e-12 -1.44259e-08)
(6.08479e-09 -2.75462e-12 -1.44259e-08)
(6.08537e-09 -8.34422e-12 -1.44255e-08)
(6.08642e-09 -1.44134e-11 -1.44244e-08)
(6.08873e-09 -2.06697e-11 -1.44243e-08)
(6.09685e-09 1.81954e-11 -1.44181e-08)
(6.0947e-09 1.26763e-11 -1.44182e-08)
(6.09369e-09 7.33042e-12 -1.44192e-08)
(6.09314e-09 2.41992e-12 -1.44196e-08)
(6.09314e-09 -2.41992e-12 -1.44196e-08)
(6.09369e-09 -7.33041e-12 -1.44192e-08)
(6.0947e-09 -1.26763e-11 -1.44182e-08)
(6.09685e-09 -1.81954e-11 -1.44181e-08)
(6.10386e-09 1.5859e-11 -1.44124e-08)
(6.10185e-09 1.1036e-11 -1.44126e-08)
(6.10089e-09 6.37359e-12 -1.44136e-08)
(6.10037e-09 2.10407e-12 -1.44139e-08)
(6.10037e-09 -2.10407e-12 -1.44139e-08)
(6.10089e-09 -6.37359e-12 -1.44136e-08)
(6.10185e-09 -1.1036e-11 -1.44126e-08)
(6.10386e-09 -1.5859e-11 -1.44124e-08)
(6.10982e-09 1.36601e-11 -1.44074e-08)
(6.10795e-09 9.49212e-12 -1.44076e-08)
(6.10704e-09 5.47358e-12 -1.44085e-08)
(6.10655e-09 1.80702e-12 -1.44088e-08)
(6.10655e-09 -1.80702e-12 -1.44088e-08)
(6.10704e-09 -5.47357e-12 -1.44085e-08)
(6.10795e-09 -9.49211e-12 -1.44076e-08)
(6.10982e-09 -1.36601e-11 -1.44074e-08)
(6.1148e-09 1.1598e-11 -1.4403e-08)
(6.11308e-09 8.04446e-12 -1.44032e-08)
(6.11221e-09 4.6302e-12 -1.4404e-08)
(6.11174e-09 1.52872e-12 -1.44043e-08)
(6.11174e-09 -1.52871e-12 -1.44043e-08)
(6.11221e-09 -4.63019e-12 -1.4404e-08)
(6.11308e-09 -8.04446e-12 -1.44032e-08)
(6.1148e-09 -1.1598e-11 -1.4403e-08)
(6.11887e-09 9.67229e-12 -1.43991e-08)
(6.11728e-09 6.69273e-12 -1.43994e-08)
(6.11647e-09 3.84329e-12 -1.44001e-08)
(6.11603e-09 1.2691e-12 -1.44003e-08)
(6.11603e-09 -1.26909e-12 -1.44003e-08)
(6.11647e-09 -3.84328e-12 -1.44001e-08)
(6.11728e-09 -6.69273e-12 -1.43994e-08)
(6.11887e-09 -9.67229e-12 -1.43991e-08)
(6.1221e-09 7.88262e-12 -1.43957e-08)
(6.12065e-09 5.43668e-12 -1.4396e-08)
(6.11988e-09 3.11269e-12 -1.43966e-08)
(6.11947e-09 1.02811e-12 -1.43969e-08)
(6.11947e-09 -1.02811e-12 -1.43969e-08)
(6.11988e-09 -3.11269e-12 -1.43966e-08)
(6.12065e-09 -5.43668e-12 -1.4396e-08)
(6.1221e-09 -7.88262e-12 -1.43957e-08)
(6.12456e-09 6.22863e-12 -1.43928e-08)
(6.12324e-09 4.2761e-12 -1.43931e-08)
(6.12252e-09 2.43828e-12 -1.43937e-08)
(6.12214e-09 8.05726e-13 -1.43939e-08)
(6.12214e-09 -8.05722e-13 -1.43939e-08)
(6.12252e-09 -2.43828e-12 -1.43937e-08)
(6.12324e-09 -4.27609e-12 -1.43931e-08)
(6.12456e-09 -6.22863e-12 -1.43928e-08)
(6.12631e-09 4.71017e-12 -1.43904e-08)
(6.12512e-09 3.21087e-12 -1.43907e-08)
(6.12445e-09 1.81997e-12 -1.43912e-08)
(6.1241e-09 6.01904e-13 -1.43914e-08)
(6.1241e-09 -6.019e-13 -1.43914e-08)
(6.12445e-09 -1.81996e-12 -1.43912e-08)
(6.12512e-09 -3.21087e-12 -1.43907e-08)
(6.12631e-09 -4.71017e-12 -1.43904e-08)
(6.12743e-09 3.32736e-12 -1.43884e-08)
(6.12636e-09 2.24108e-12 -1.43887e-08)
(6.12575e-09 1.25779e-12 -1.43891e-08)
(6.12542e-09 4.16669e-13 -1.43893e-08)
(6.12542e-09 -4.16664e-13 -1.43893e-08)
(6.12575e-09 -1.25779e-12 -1.43891e-08)
(6.12636e-09 -2.24108e-12 -1.43887e-08)
(6.12743e-09 -3.32736e-12 -1.43884e-08)
(6.12797e-09 2.08076e-12 -1.43868e-08)
(6.12702e-09 1.36713e-12 -1.43871e-08)
(6.12647e-09 7.5205e-13 -1.43875e-08)
(6.12617e-09 2.50129e-13 -1.43876e-08)
(6.12617e-09 -2.50123e-13 -1.43876e-08)
(6.12647e-09 -7.52045e-13 -1.43875e-08)
(6.12702e-09 -1.36713e-12 -1.43871e-08)
(6.12797e-09 -2.08076e-12 -1.43868e-08)
(6.12801e-09 9.71715e-13 -1.43856e-08)
(6.12719e-09 5.90035e-13 -1.43859e-08)
(6.12669e-09 3.03458e-13 -1.43862e-08)
(6.12642e-09 1.02546e-13 -1.43863e-08)
(6.12642e-09 -1.0254e-13 -1.43863e-08)
(6.12669e-09 -3.03454e-13 -1.43862e-08)
(6.12719e-09 -5.9003e-13 -1.43859e-08)
(6.12801e-09 -9.71707e-13 -1.43856e-08)
(6.12761e-09 2.88692e-15 -1.43847e-08)
(6.12691e-09 -8.81273e-14 -1.4385e-08)
(6.12647e-09 -8.65155e-14 -1.43852e-08)
(6.12624e-09 -2.55696e-14 -1.43853e-08)
(6.12624e-09 2.55747e-14 -1.43853e-08)
(6.12647e-09 8.65186e-14 -1.43852e-08)
(6.12691e-09 8.81356e-14 -1.4385e-08)
(6.12761e-09 -2.8786e-15 -1.43847e-08)
(6.12684e-09 -8.208e-13 -1.43841e-08)
(6.12627e-09 -6.63626e-13 -1.43844e-08)
(6.1259e-09 -4.1535e-13 -1.43846e-08)
(6.1257e-09 -1.33389e-13 -1.43846e-08)
(6.1257e-09 1.33393e-13 -1.43846e-08)
(6.1259e-09 4.15352e-13 -1.43846e-08)
(6.12627e-09 6.63635e-13 -1.43844e-08)
(6.12684e-09 8.20806e-13 -1.43841e-08)
(6.12578e-09 -1.49114e-12 -1.43839e-08)
(6.12534e-09 -1.13064e-12 -1.43841e-08)
(6.12504e-09 -6.79514e-13 -1.43842e-08)
(6.12489e-09 -2.19838e-13 -1.43843e-08)
(6.12489e-09 2.19842e-13 -1.43843e-08)
(6.12504e-09 6.79517e-13 -1.43842e-08)
(6.12534e-09 1.13065e-12 -1.43841e-08)
(6.12578e-09 1.49114e-12 -1.43839e-08)
(6.1245e-09 -1.99657e-12 -1.43839e-08)
(6.12421e-09 -1.48191e-12 -1.43841e-08)
(6.124e-09 -8.75564e-13 -1.43842e-08)
(6.12388e-09 -2.83988e-13 -1.43842e-08)
(6.12388e-09 2.83992e-13 -1.43842e-08)
(6.124e-09 8.7557e-13 -1.43842e-08)
(6.12421e-09 1.48191e-12 -1.43841e-08)
(6.1245e-09 1.99657e-12 -1.43839e-08)
(6.12318e-09 -2.3279e-12 -1.43841e-08)
(6.12304e-09 -1.71492e-12 -1.43843e-08)
(6.12292e-09 -1.00362e-12 -1.43844e-08)
(6.12284e-09 -3.25983e-13 -1.43844e-08)
(6.12284e-09 3.25988e-13 -1.43844e-08)
(6.12292e-09 1.00363e-12 -1.43844e-08)
(6.12304e-09 1.71492e-12 -1.43843e-08)
(6.12318e-09 2.3279e-12 -1.43841e-08)
(6.12199e-09 -2.48496e-12 -1.43847e-08)
(6.122e-09 -1.83406e-12 -1.43849e-08)
(6.12196e-09 -1.0689e-12 -1.43849e-08)
(6.12192e-09 -3.47619e-13 -1.43849e-08)
(6.12192e-09 3.47626e-13 -1.43849e-08)
(6.12196e-09 1.06891e-12 -1.43849e-08)
(6.122e-09 1.83406e-12 -1.43849e-08)
(6.12199e-09 2.48497e-12 -1.43847e-08)
(6.12127e-09 -2.52246e-12 -1.43855e-08)
(6.12136e-09 -1.87028e-12 -1.43857e-08)
(6.12138e-09 -1.08343e-12 -1.43857e-08)
(6.12136e-09 -3.52118e-13 -1.43857e-08)
(6.12136e-09 3.52122e-13 -1.43857e-08)
(6.12138e-09 1.08344e-12 -1.43857e-08)
(6.12136e-09 1.87028e-12 -1.43857e-08)
(6.12127e-09 2.52248e-12 -1.43855e-08)
)
;
    }
}


// ************************************************************************* //
