/*--------------------------------*- C++ -*----------------------------------*\
| =========                 |                                                 |
| \\      /  F ield         | foam-extend: Open Source CFD                    |
|  \\    /   O peration     | Version:     4.1                                |
|   \\  /    A nd           | Web:         http://www.foam-extend.org         |
|    \\/     M anipulation  |                                                 |
\*---------------------------------------------------------------------------*/
FoamFile
{
    version     2.0;
    format      ascii;
    class       surfaceVectorField;
    location    "0.197";
    object      DDf_0;
}
// * * * * * * * * * * * * * * * * * * * * * * * * * * * * * * * * * * * * * //

dimensions      [0 1 0 0 0 0 0];

internalField   nonuniform List<vector> 
14016
(
(6.06356e-10 4.38225e-10 4.74405e-10)
(2.98243e-10 2.27188e-10 3.25935e-10)
(2.53888e-10 2.92526e-10 1.62447e-10)
(1.20763e-09 6.33081e-10 9.15133e-10)
(8.78014e-10 4.54871e-10 7.50662e-10)
(7.48626e-10 4.90456e-10 5.1135e-10)
(1.78164e-09 7.30865e-10 1.4912e-09)
(1.46654e-09 5.70973e-10 1.25234e-09)
(1.2517e-09 5.67991e-10 9.88052e-10)
(2.33643e-09 7.85496e-10 2.25232e-09)
(2.03486e-09 6.37425e-10 1.92831e-09)
(1.73626e-09 6.12158e-10 1.64509e-09)
(2.86427e-09 8.16356e-10 3.20882e-09)
(2.57751e-09 6.75376e-10 2.79507e-09)
(2.19615e-09 6.38751e-10 2.49462e-09)
(3.35958e-09 8.3303e-10 4.36125e-09)
(3.0896e-09 6.96517e-10 3.85542e-09)
(2.62632e-09 6.54257e-10 3.53894e-09)
(3.81679e-09 8.40865e-10 5.70686e-09)
(3.56565e-09 7.07484e-10 5.10834e-09)
(3.02133e-09 6.62791e-10 4.77635e-09)
(4.23071e-09 8.42969e-10 7.24158e-09)
(4.00049e-09 7.12053e-10 6.55079e-09)
(3.37605e-09 6.66765e-10 6.20336e-09)
(4.59668e-09 8.41243e-10 8.96081e-09)
(4.38943e-09 7.12474e-10 8.17885e-09)
(3.68586e-09 6.6765e-10 7.81569e-09)
(4.91061e-09 8.36877e-10 1.08597e-08)
(4.72822e-09 7.10116e-10 9.98811e-09)
(3.94663e-09 6.6637e-10 9.60867e-09)
(5.16888e-09 8.30623e-10 1.29333e-08)
(5.01313e-09 7.05827e-10 1.19739e-08)
(4.15469e-09 6.63504e-10 1.15775e-08)
(5.36835e-09 8.22962e-10 1.51765e-08)
(5.24086e-09 7.00136e-10 1.41315e-08)
(4.30685e-09 6.59419e-10 1.37172e-08)
(5.50631e-09 8.14212e-10 1.75845e-08)
(5.4085e-09 6.93383e-10 1.64559e-08)
(4.40027e-09 6.54351e-10 1.60229e-08)
(5.5804e-09 8.04584e-10 2.01522e-08)
(5.51355e-09 6.85791e-10 1.89424e-08)
(4.43252e-09 6.48464e-10 1.84899e-08)
(5.58861e-09 7.94228e-10 2.28749e-08)
(5.55383e-09 6.7751e-10 2.15862e-08)
(4.40147e-09 6.41874e-10 2.11132e-08)
(5.52924e-09 7.83248e-10 2.57476e-08)
(5.52751e-09 6.68647e-10 2.43823e-08)
(4.3053e-09 6.34665e-10 2.38883e-08)
(5.40085e-09 7.71722e-10 2.87658e-08)
(5.433e-09 6.59278e-10 2.73261e-08)
(4.14249e-09 6.26904e-10 2.68103e-08)
(5.20229e-09 7.59709e-10 3.19246e-08)
(5.26902e-09 6.4946e-10 3.0413e-08)
(3.91175e-09 6.18642e-10 2.98747e-08)
(4.93263e-09 7.47255e-10 3.52195e-08)
(5.03452e-09 6.39237e-10 3.36382e-08)
(3.61207e-09 6.09921e-10 3.3077e-08)
(4.5912e-09 7.34398e-10 3.86459e-08)
(4.72869e-09 6.28646e-10 3.69971e-08)
(3.24263e-09 6.00777e-10 3.64127e-08)
(4.17751e-09 7.21168e-10 4.21994e-08)
(4.35097e-09 6.17714e-10 4.04854e-08)
(2.80287e-09 5.91238e-10 3.98773e-08)
(3.69132e-09 7.07591e-10 4.58756e-08)
(3.90096e-09 6.06467e-10 4.40986e-08)
(2.29241e-09 5.8133e-10 4.34666e-08)
(3.13252e-09 6.93693e-10 4.96701e-08)
(3.37849e-09 5.94926e-10 4.78322e-08)
(1.71108e-09 5.71076e-10 4.71762e-08)
(2.50125e-09 6.79496e-10 5.35786e-08)
(2.78359e-09 5.8311e-10 5.16821e-08)
(1.05888e-09 5.60497e-10 5.10019e-08)
(1.79777e-09 6.65019e-10 5.75969e-08)
(2.11642e-09 5.71039e-10 5.56439e-08)
(3.3599e-10 5.49612e-10 5.49395e-08)
(1.02252e-09 6.50284e-10 6.1721e-08)
(1.37736e-09 5.58731e-10 5.97135e-08)
(-4.57239e-10 5.38441e-10 5.8985e-08)
(1.76087e-10 6.35309e-10 6.59468e-08)
(5.66891e-10 5.46201e-10 6.38868e-08)
(-1.32031e-09 5.27001e-10 6.31343e-08)
(-7.40803e-10 6.20116e-10 7.02703e-08)
(-3.14322e-10 5.33468e-10 6.81599e-08)
(-2.25258e-09 5.1531e-10 6.73836e-08)
(-1.72729e-09 6.04723e-10 7.46876e-08)
(-1.2655e-09 5.20549e-10 7.25288e-08)
(-3.25329e-09 5.03388e-10 7.17289e-08)
(-2.78241e-09 5.8915e-10 7.91951e-08)
(-2.28572e-09 5.0746e-10 7.69897e-08)
(-4.32152e-09 4.91251e-10 7.61665e-08)
(-3.90507e-09 5.73415e-10 8.37888e-08)
(-3.37397e-09 4.94217e-10 8.15387e-08)
(-5.45627e-09 4.78917e-10 8.06927e-08)
(-5.09407e-09 5.5754e-10 8.84653e-08)
(-4.52911e-09 4.80839e-10 8.61724e-08)
(-6.65641e-09 4.66406e-10 8.53038e-08)
(-6.34814e-09 5.41542e-10 9.32208e-08)
(-5.7499e-09 4.67342e-10 9.08869e-08)
(-7.92074e-09 4.53734e-10 8.99963e-08)
(-7.6659e-09 5.25442e-10 9.80521e-08)
(-7.03504e-09 4.53742e-10 9.56789e-08)
(-9.24794e-09 4.4092e-10 9.47667e-08)
(-9.04592e-09 5.09259e-10 1.02956e-07)
(-8.38311e-09 4.40057e-10 1.00545e-07)
(-1.06366e-08 4.27982e-10 9.96117e-08)
(-1.04867e-08 4.93013e-10 1.07928e-07)
(-9.79264e-09 4.26303e-10 1.05482e-07)
(-1.20854e-08 4.14938e-10 1.04528e-07)
(-1.19866e-08 4.76722e-10 1.12966e-07)
(-1.12621e-08 4.12498e-10 1.10486e-07)
(-1.35926e-08 4.01806e-10 1.09512e-07)
(-1.3544e-08 4.60407e-10 1.18067e-07)
(-1.27898e-08 3.98657e-10 1.15554e-07)
(-1.51567e-08 3.88604e-10 1.14561e-07)
(-1.51573e-08 4.44086e-10 1.23228e-07)
(-1.43743e-08 3.84799e-10 1.20683e-07)
(-1.67762e-08 3.75351e-10 1.19671e-07)
(-1.68247e-08 4.27779e-10 1.28444e-07)
(-1.60137e-08 3.70939e-10 1.2587e-07)
(-1.84492e-08 3.62063e-10 1.24841e-07)
(-1.85444e-08 4.11506e-10 1.33715e-07)
(-1.77063e-08 3.57095e-10 1.31113e-07)
(-2.01741e-08 3.4876e-10 1.30066e-07)
(-2.03148e-08 3.95285e-10 1.39036e-07)
(-1.94503e-08 3.43283e-10 1.36407e-07)
(-2.19492e-08 3.35458e-10 1.35344e-07)
(-2.21339e-08 3.79135e-10 1.44406e-07)
(-2.12441e-08 3.2952e-10 1.41752e-07)
(-2.37726e-08 3.22176e-10 1.40672e-07)
(-2.39999e-08 3.63076e-10 1.4982e-07)
(-2.30857e-08 3.15821e-10 1.47142e-07)
(-2.56427e-08 3.08932e-10 1.46048e-07)
(-2.5911e-08 3.47127e-10 1.55278e-07)
(-2.49732e-08 3.02205e-10 1.52577e-07)
(-2.75574e-08 2.95744e-10 1.51468e-07)
(-2.78654e-08 3.31306e-10 1.60775e-07)
(-2.6905e-08 2.88687e-10 1.58054e-07)
(-2.95151e-08 2.82628e-10 1.56931e-07)
(-2.98611e-08 3.15633e-10 1.66311e-07)
(-2.88791e-08 2.75283e-10 1.63569e-07)
(-3.15139e-08 2.69603e-10 1.62434e-07)
(-3.18964e-08 3.00126e-10 1.71882e-07)
(-3.08936e-08 2.6201e-10 1.69121e-07)
(-3.35519e-08 2.56686e-10 1.67973e-07)
(-3.39694e-08 2.84804e-10 1.77486e-07)
(-3.29468e-08 2.48885e-10 1.74707e-07)
(-3.56274e-08 2.43894e-10 1.73548e-07)
(-3.60782e-08 2.69687e-10 1.8312e-07)
(-3.50367e-08 2.35923e-10 1.80325e-07)
(-3.77386e-08 2.31246e-10 1.79155e-07)
(-3.8221e-08 2.54792e-10 1.88784e-07)
(-3.71616e-08 2.2314e-10 1.85973e-07)
(-3.98835e-08 2.18757e-10 1.84793e-07)
(-4.03961e-08 2.40137e-10 1.94473e-07)
(-3.93196e-08 2.10553e-10 1.91649e-07)
(-4.20605e-08 2.06446e-10 1.90459e-07)
(-4.26015e-08 2.25742e-10 2.00188e-07)
(-4.1509e-08 1.98178e-10 1.9735e-07)
(-4.42678e-08 1.94329e-10 1.96152e-07)
(-4.48357e-08 2.11625e-10 2.05925e-07)
(-4.3728e-08 1.8603e-10 2.03075e-07)
(-4.65036e-08 1.82423e-10 2.01869e-07)
(-4.70968e-08 1.97804e-10 2.11682e-07)
(-4.59748e-08 1.74125e-10 2.08821e-07)
(-4.87661e-08 1.70745e-10 2.07607e-07)
(-4.93831e-08 1.84297e-10 2.17458e-07)
(-4.82476e-08 1.62479e-10 2.14587e-07)
(-5.10538e-08 1.59311e-10 2.13367e-07)
(-5.1693e-08 1.71121e-10 2.23252e-07)
(-5.0545e-08 1.51107e-10 2.20371e-07)
(-5.33649e-08 1.48139e-10 2.19145e-07)
(-5.40248e-08 1.58296e-10 2.29061e-07)
(-5.28651e-08 1.40026e-10 2.26171e-07)
(-5.56978e-08 1.37245e-10 2.2494e-07)
(-5.63769e-08 1.45838e-10 2.34883e-07)
(-5.52063e-08 1.2925e-10 2.31986e-07)
(-5.80509e-08 1.26644e-10 2.30749e-07)
(-5.87478e-08 1.33765e-10 2.40718e-07)
(-5.75671e-08 1.18794e-10 2.37813e-07)
(-6.04227e-08 1.16353e-10 2.36573e-07)
(-6.1136e-08 1.22094e-10 2.46563e-07)
(-5.9946e-08 1.08674e-10 2.43653e-07)
(-6.28116e-08 1.06389e-10 2.42409e-07)
(-6.35399e-08 1.10843e-10 2.52418e-07)
(-6.23414e-08 9.89045e-11 2.49502e-07)
(-6.52163e-08 9.67656e-11 2.48255e-07)
(-6.59582e-08 1.00029e-10 2.58281e-07)
(-6.4752e-08 8.95004e-11 2.5536e-07)
(-6.76352e-08 8.75e-11 2.5411e-07)
(-6.83895e-08 8.96687e-11 2.6415e-07)
(-6.71762e-08 8.04765e-11 2.61225e-07)
(-7.00671e-08 7.86073e-11 2.59973e-07)
(-7.08324e-08 7.97792e-11 2.70025e-07)
(-6.96128e-08 7.18475e-11 2.67097e-07)
(-7.25105e-08 7.01029e-11 2.65843e-07)
(-7.32857e-08 7.03771e-11 2.75905e-07)
(-7.20604e-08 6.36279e-11 2.72973e-07)
(-7.49643e-08 6.20019e-11 2.71719e-07)
(-7.57481e-08 6.14795e-11 2.81788e-07)
(-7.45179e-08 5.58323e-11 2.78854e-07)
(-7.74271e-08 5.43197e-11 2.77598e-07)
(-7.82185e-08 5.31032e-11 2.87673e-07)
(-7.69839e-08 4.84754e-11 2.84737e-07)
(-7.98979e-08 4.70716e-11 2.83481e-07)
(-8.06958e-08 4.52657e-11 2.9356e-07)
(-7.94574e-08 4.15722e-11 2.90622e-07)
(-8.23755e-08 4.02727e-11 2.89366e-07)
(-8.31789e-08 3.79845e-11 2.99447e-07)
(-8.19373e-08 3.51379e-11 2.96509e-07)
(-8.48589e-08 3.3939e-11 2.95253e-07)
(-8.56668e-08 3.12778e-11 3.05335e-07)
(-8.44225e-08 2.91883e-11 3.02396e-07)
(-8.73471e-08 2.80863e-11 3.0114e-07)
(-8.81585e-08 2.51642e-11 3.11221e-07)
(-8.69121e-08 2.37398e-11 3.08282e-07)
(-8.98391e-08 2.27311e-11 3.07027e-07)
(-9.06532e-08 1.96621e-11 3.17107e-07)
(-8.94052e-08 1.88087e-11 3.14168e-07)
(-9.23341e-08 1.78896e-11 3.12913e-07)
(-9.31501e-08 1.47877e-11 3.22991e-07)
(-9.19009e-08 1.44107e-11 3.20052e-07)
(-9.48312e-08 1.35767e-11 3.18798e-07)
(-9.56483e-08 1.05514e-11 3.28872e-07)
(-9.43983e-08 1.0558e-11 3.25934e-07)
(-9.73298e-08 9.80351e-12 3.24681e-07)
(-9.81473e-08 6.94711e-12 3.34751e-07)
(-9.68969e-08 7.2534e-12 3.31814e-07)
(-9.98291e-08 6.57053e-12 3.30562e-07)
(-1.00646e-07 3.92817e-12 3.40627e-07)
(-9.93958e-08 4.47837e-12 3.37691e-07)
(-1.02328e-07 3.85393e-12 3.3644e-07)
(-1.03145e-07 1.37404e-12 3.46501e-07)
(-1.01894e-07 2.16736e-12 3.43566e-07)
(-1.04827e-07 1.56835e-12 3.42316e-07)
(-1.05642e-07 -8.59305e-13 3.52372e-07)
(-1.04392e-07 1.83536e-13 3.49438e-07)
(-1.07325e-07 -4.62904e-13 3.48189e-07)
(-1.06889e-07 -1.58461e-12 3.55308e-07)
(-1.09822e-07 -2.30982e-12 3.54059e-07)
(5.52237e-10 2.45311e-10 6.06032e-10)
(2.73458e-10 1.15187e-10 4.10763e-10)
(2.07014e-10 1.45807e-10 2.43628e-10)
(1.14814e-09 3.91772e-10 1.09108e-09)
(8.38067e-10 2.59118e-10 8.84753e-10)
(6.90102e-10 2.88805e-10 6.5377e-10)
(1.72524e-09 4.78394e-10 1.69269e-09)
(1.42392e-09 3.47396e-10 1.40612e-09)
(1.19799e-09 3.65394e-10 1.1673e-09)
(2.28211e-09 5.28986e-10 2.47433e-09)
(1.99245e-09 4.00829e-10 2.09872e-09)
(1.68552e-09 4.10237e-10 1.853e-09)
(2.81026e-09 5.5773e-10 3.44488e-09)
(2.53481e-09 4.32064e-10 2.97841e-09)
(2.14538e-09 4.36095e-10 2.72235e-09)
(3.30417e-09 5.7341e-10 4.60572e-09)
(3.0457e-09 4.49661e-10 4.04752e-09)
(2.57372e-09 4.50707e-10 3.77912e-09)
(3.75885e-09 5.81196e-10 5.95553e-09)
(3.51974e-09 4.59001e-10 5.3057e-09)
(2.96578e-09 4.58702e-10 5.02356e-09)
(4.16961e-09 5.84076e-10 7.49142e-09)
(3.95204e-09 4.63264e-10 6.75067e-09)
(3.31695e-09 4.62648e-10 6.45368e-09)
(4.53217e-09 5.83808e-10 9.20963e-09)
(4.33815e-09 4.64331e-10 8.37916e-09)
(3.62298e-09 4.64015e-10 8.06631e-09)
(4.84268e-09 5.81444e-10 1.1106e-08)
(4.67407e-09 4.63322e-10 1.01873e-08)
(3.88001e-09 4.63663e-10 9.85763e-09)
(5.09768e-09 5.77622e-10 1.31759e-08)
(4.95618e-09 4.60909e-10 1.21709e-08)
(4.08451e-09 4.62099e-10 1.18234e-08)
(5.29412e-09 5.72738e-10 1.54148e-08)
(5.18127e-09 4.575e-10 1.43255e-08)
(4.23338e-09 4.59629e-10 1.39592e-08)
(5.42933e-09 5.67041e-10 1.7818e-08)
(5.34651e-09 4.5335e-10 1.66464e-08)
(4.32382e-09 4.56441e-10 1.62604e-08)
(5.50099e-09 5.60694e-10 2.03806e-08)
(5.4494e-09 4.48621e-10 1.9129e-08)
(4.35342e-09 4.52658e-10 1.87224e-08)
(5.50709e-09 5.53808e-10 2.3098e-08)
(5.4878e-09 4.43418e-10 2.17686e-08)
(4.32005e-09 4.48365e-10 2.13405e-08)
(5.44591e-09 5.4646e-10 2.59653e-08)
(5.45984e-09 4.37816e-10 2.45605e-08)
(4.2219e-09 4.43621e-10 2.41102e-08)
(5.31603e-09 5.38706e-10 2.8978e-08)
(5.36396e-09 4.31867e-10 2.75e-08)
(4.05742e-09 4.38473e-10 2.70267e-08)
(5.11627e-09 5.30591e-10 3.21313e-08)
(5.19885e-09 4.2561e-10 3.05824e-08)
(3.82533e-09 4.32958e-10 3.00857e-08)
(4.84571e-09 5.22146e-10 3.54206e-08)
(4.96347e-09 4.19074e-10 3.38031e-08)
(3.52459e-09 4.27104e-10 3.32824e-08)
(4.50366e-09 5.13398e-10 3.88416e-08)
(4.657e-09 4.12284e-10 3.71577e-08)
(3.15438e-09 4.20937e-10 3.66126e-08)
(4.08961e-09 5.04371e-10 4.23896e-08)
(4.27884e-09 4.05259e-10 4.06416e-08)
(2.71412e-09 4.14477e-10 4.00718e-08)
(3.60331e-09 4.95084e-10 4.60603e-08)
(3.82862e-09 3.98016e-10 4.42504e-08)
(2.20342e-09 4.07743e-10 4.36556e-08)
(3.04465e-09 4.85554e-10 4.98494e-08)
(3.30614e-09 3.90569e-10 4.79796e-08)
(1.62209e-09 4.00751e-10 4.73597e-08)
(2.41374e-09 4.75798e-10 5.37526e-08)
(2.71141e-09 3.82932e-10 5.18251e-08)
(9.70134e-10 3.93515e-10 5.118e-08)
(1.71084e-09 4.6583e-10 5.77656e-08)
(2.04461e-09 3.75117e-10 5.57827e-08)
(2.47713e-10 3.86051e-10 5.51123e-08)
(9.36368e-10 4.55665e-10 6.18845e-08)
(1.30608e-09 3.67136e-10 5.9848e-08)
(-5.44838e-10 3.78371e-10 5.91526e-08)
(9.09074e-11 4.45318e-10 6.61052e-08)
(4.96312e-10 3.59001e-10 6.40172e-08)
(-1.40704e-09 3.70488e-10 6.32967e-08)
(-8.24833e-10 4.34802e-10 7.04236e-08)
(-3.84052e-10 3.50723e-10 6.82861e-08)
(-2.33825e-09 3.62417e-10 6.75409e-08)
(-1.81001e-09 4.24133e-10 7.48359e-08)
(-1.33424e-09 3.42314e-10 7.26509e-08)
(-3.33772e-09 3.54169e-10 7.18811e-08)
(-2.86366e-09 4.13324e-10 7.93384e-08)
(-2.35334e-09 3.33784e-10 7.71077e-08)
(-4.40456e-09 3.45759e-10 7.63138e-08)
(-3.9847e-09 4.0239e-10 8.39273e-08)
(-3.44034e-09 3.25146e-10 8.16528e-08)
(-5.53777e-09 3.37198e-10 8.0835e-08)
(-5.17197e-09 3.91344e-10 8.8599e-08)
(-4.59412e-09 3.16411e-10 8.62825e-08)
(-6.73624e-09 3.285e-10 8.54413e-08)
(-6.42418e-09 3.802e-10 9.33499e-08)
(-5.81346e-09 3.07589e-10 9.09932e-08)
(-7.99877e-09 3.19678e-10 9.0129e-08)
(-7.73999e-09 3.68974e-10 9.81765e-08)
(-7.09705e-09 2.98694e-10 9.57814e-08)
(-9.32406e-09 3.10745e-10 9.48947e-08)
(-9.11794e-09 3.57679e-10 1.03075e-07)
(-8.44348e-09 2.89735e-10 1.00644e-07)
(-1.07107e-08 3.01715e-10 9.97351e-08)
(-1.05566e-08 3.4633e-10 1.08043e-07)
(-9.8513e-09 2.80725e-10 1.05577e-07)
(-1.21573e-08 2.926e-10 1.04647e-07)
(-1.20542e-08 3.3494e-10 1.13077e-07)
(-1.1319e-08 2.71674e-10 1.10577e-07)
(-1.36624e-08 2.83414e-10 1.09626e-07)
(-1.36094e-08 3.23523e-10 1.18174e-07)
(-1.28449e-08 2.62595e-10 1.15642e-07)
(-1.52243e-08 2.7417e-10 1.14671e-07)
(-1.52203e-08 3.12095e-10 1.2333e-07)
(-1.44274e-08 2.53498e-10 1.20767e-07)
(-1.68414e-08 2.6488e-10 1.19777e-07)
(-1.68854e-08 3.00669e-10 1.28543e-07)
(-1.60649e-08 2.44395e-10 1.25951e-07)
(-1.85121e-08 2.55559e-10 1.24942e-07)
(-1.86027e-08 2.89258e-10 1.33809e-07)
(-1.77555e-08 2.35297e-10 1.3119e-07)
(-2.02346e-08 2.46219e-10 1.30163e-07)
(-2.03706e-08 2.77878e-10 1.39126e-07)
(-1.94976e-08 2.26216e-10 1.36482e-07)
(-2.20072e-08 2.36873e-10 1.35437e-07)
(-2.21872e-08 2.66541e-10 1.44492e-07)
(-2.12893e-08 2.17162e-10 1.41823e-07)
(-2.38282e-08 2.27534e-10 1.40762e-07)
(-2.40508e-08 2.55262e-10 1.49903e-07)
(-2.31289e-08 2.08148e-10 1.4721e-07)
(-2.56957e-08 2.18215e-10 1.46133e-07)
(-2.59594e-08 2.44055e-10 1.55356e-07)
(-2.50144e-08 1.99184e-10 1.52642e-07)
(-2.7608e-08 2.08929e-10 1.5155e-07)
(-2.79113e-08 2.32934e-10 1.6085e-07)
(-2.69442e-08 1.9028e-10 1.58115e-07)
(-2.95632e-08 1.9969e-10 1.57009e-07)
(-2.99046e-08 2.21912e-10 1.66382e-07)
(-2.89162e-08 1.8145e-10 1.63628e-07)
(-3.15595e-08 1.90509e-10 1.62508e-07)
(-3.19374e-08 2.11002e-10 1.71949e-07)
(-3.09287e-08 1.72703e-10 1.69177e-07)
(-3.3595e-08 1.81399e-10 1.68044e-07)
(-3.40079e-08 2.0022e-10 1.7755e-07)
(-3.29799e-08 1.6405e-10 1.7476e-07)
(-3.56681e-08 1.72374e-10 1.73615e-07)
(-3.61143e-08 1.89577e-10 1.83181e-07)
(-3.50678e-08 1.55502e-10 1.80376e-07)
(-3.77768e-08 1.63445e-10 1.79219e-07)
(-3.82548e-08 1.79088e-10 1.88841e-07)
(-3.71907e-08 1.47071e-10 1.86021e-07)
(-3.99194e-08 1.54626e-10 1.84853e-07)
(-4.04275e-08 1.68767e-10 1.94528e-07)
(-3.93469e-08 1.38767e-10 1.91694e-07)
(-4.2094e-08 1.45928e-10 1.90516e-07)
(-4.26308e-08 1.58626e-10 2.00239e-07)
(-4.15343e-08 1.30601e-10 1.97392e-07)
(-4.42989e-08 1.37365e-10 1.96205e-07)
(-4.48627e-08 1.48678e-10 2.05973e-07)
(-4.37514e-08 1.22583e-10 2.03114e-07)
(-4.65324e-08 1.28948e-10 2.01919e-07)
(-4.71216e-08 1.38938e-10 2.11727e-07)
(-4.59964e-08 1.14725e-10 2.08858e-07)
(-4.87928e-08 1.2069e-10 2.07655e-07)
(-4.94058e-08 1.29418e-10 2.17501e-07)
(-4.82675e-08 1.07037e-10 2.14621e-07)
(-5.10783e-08 1.12603e-10 2.13411e-07)
(-5.17137e-08 1.20131e-10 2.23291e-07)
(-5.05631e-08 9.95294e-11 2.20403e-07)
(-5.33873e-08 1.04699e-10 2.19186e-07)
(-5.40435e-08 1.1109e-10 2.29097e-07)
(-5.28816e-08 9.22125e-11 2.26201e-07)
(-5.57181e-08 9.69894e-11 2.24978e-07)
(-5.63938e-08 1.02308e-10 2.34917e-07)
(-5.52212e-08 8.50969e-11 2.32013e-07)
(-5.80693e-08 8.94866e-11 2.30785e-07)
(-5.87628e-08 9.3798e-11 2.40749e-07)
(-5.75805e-08 7.81928e-11 2.37839e-07)
(-6.04392e-08 8.22022e-11 2.36606e-07)
(-6.11493e-08 8.55721e-11 2.46592e-07)
(-5.99579e-08 7.15105e-11 2.43676e-07)
(-6.28264e-08 7.51477e-11 2.42439e-07)
(-6.35515e-08 7.76431e-11 2.52444e-07)
(-6.23519e-08 6.50601e-11 2.49524e-07)
(-6.52293e-08 6.83348e-11 2.48283e-07)
(-6.59683e-08 7.00233e-11 2.58305e-07)
(-6.47611e-08 5.88515e-11 2.5538e-07)
(-6.76466e-08 6.17747e-11 2.54136e-07)
(-6.8398e-08 6.27251e-11 2.64172e-07)
(-6.71841e-08 5.28949e-11 2.61243e-07)
(-7.00769e-08 5.54788e-11 2.59997e-07)
(-7.08396e-08 5.57609e-11 2.70045e-07)
(-6.96195e-08 4.72e-11 2.67113e-07)
(-7.25189e-08 4.94582e-11 2.65864e-07)
(-7.32916e-08 4.9143e-11 2.75923e-07)
(-7.2066e-08 4.17768e-11 2.72988e-07)
(-7.49713e-08 4.37241e-11 2.71737e-07)
(-7.57528e-08 4.28837e-11 2.81803e-07)
(-7.45224e-08 3.66353e-11 2.78867e-07)
(-7.74329e-08 3.82876e-11 2.77615e-07)
(-7.82221e-08 3.69957e-11 2.87687e-07)
(-7.69875e-08 3.17856e-11 2.84749e-07)
(-7.99025e-08 3.31601e-11 2.83496e-07)
(-8.06984e-08 3.14918e-11 2.93572e-07)
(-7.94602e-08 2.72378e-11 2.90633e-07)
(-8.2379e-08 2.83531e-11 2.89379e-07)
(-8.31806e-08 2.63855e-11 2.99458e-07)
(-8.19393e-08 2.30028e-11 2.96518e-07)
(-8.48614e-08 2.38782e-11 2.95264e-07)
(-8.56677e-08 2.16906e-11 3.05344e-07)
(-8.44238e-08 1.90914e-11 3.02403e-07)
(-8.73487e-08 1.97476e-11 3.0115e-07)
(-8.81588e-08 1.74212e-11 3.11229e-07)
(-8.69128e-08 1.55153e-11 3.08289e-07)
(-8.984e-08 1.59738e-11 3.07035e-07)
(-9.06529e-08 1.35911e-11 3.17113e-07)
(-8.94053e-08 1.22857e-11 3.14173e-07)
(-9.23343e-08 1.25691e-11 3.1292e-07)
(-9.31492e-08 1.02114e-11 3.22996e-07)
(-9.19005e-08 9.41328e-12 3.20056e-07)
(-9.48309e-08 9.54427e-12 3.18804e-07)
(-9.56471e-08 7.28683e-12 3.28876e-07)
(-9.43976e-08 6.90492e-12 3.25938e-07)
(-9.7329e-08 6.90577e-12 3.24686e-07)
(-9.81457e-08 4.80746e-12 3.34754e-07)
(-9.68958e-08 4.75964e-12 3.31817e-07)
(-9.98279e-08 4.65033e-12 3.30566e-07)
(-1.00644e-07 2.73499e-12 3.4063e-07)
(-9.93945e-08 2.96036e-12 3.37694e-07)
(-1.02327e-07 2.75539e-12 3.36443e-07)
(-1.03143e-07 9.88599e-13 3.46503e-07)
(-1.01893e-07 1.46069e-12 3.43568e-07)
(-1.04826e-07 1.16148e-12 3.42318e-07)
(-1.0564e-07 -5.34373e-13 3.52374e-07)
(-1.04391e-07 1.81716e-13 3.4944e-07)
(-1.07324e-07 -2.35595e-13 3.48191e-07)
(-1.06888e-07 -9.54667e-13 3.55309e-07)
(-1.0982e-07 -1.51744e-12 3.54061e-07)
(5.3678e-10 1.28104e-10 6.8829e-10)
(2.70099e-10 4.89903e-11 4.54535e-10)
(1.99016e-10 7.01444e-11 2.87448e-10)
(1.12428e-09 2.14951e-10 1.20172e-09)
(8.24188e-10 1.18717e-10 9.59654e-10)
(6.66259e-10 1.54571e-10 7.4019e-10)
(1.69616e-09 2.70495e-10 1.81518e-09)
(1.405e-09 1.64155e-10 1.49184e-09)
(1.16924e-09 2.0483e-10 1.27313e-09)
(2.25062e-09 3.0457e-10 2.60609e-09)
(1.97081e-09 1.92878e-10 2.19199e-09)
(1.65508e-09 2.35675e-10 1.97346e-09)
(2.77699e-09 3.24638e-10 3.58439e-09)
(2.51137e-09 2.10196e-10 3.07818e-09)
(2.11351e-09 2.54092e-10 2.85457e-09)
(3.26907e-09 3.359e-10 4.75093e-09)
(3.0207e-09 2.20174e-10 4.15236e-09)
(2.54012e-09 2.64696e-10 3.92004e-09)
(3.72167e-09 3.41725e-10 6.10438e-09)
(3.49314e-09 2.25589e-10 5.41408e-09)
(2.93009e-09 2.7056e-10 5.17032e-09)
(4.13019e-09 3.44175e-10 7.64208e-09)
(3.92373e-09 2.28183e-10 6.86115e-09)
(3.27892e-09 2.73541e-10 6.60387e-09)
(4.49044e-09 3.4449e-10 9.36065e-09)
(4.30807e-09 2.29012e-10 8.49052e-09)
(3.58251e-09 2.74727e-10 8.218e-09)
(4.79866e-09 3.43413e-10 1.12562e-08)
(4.64222e-09 2.2871e-10 1.02986e-08)
(3.8371e-09 2.74754e-10 1.00094e-08)
(5.05148e-09 3.41388e-10 1.33246e-08)
(4.92264e-09 2.27656e-10 1.22814e-08)
(4.03929e-09 2.73991e-10 1.19741e-08)
(5.2459e-09 3.38685e-10 1.55613e-08)
(5.14614e-09 2.26077e-10 1.44346e-08)
(4.18599e-09 2.72655e-10 1.41081e-08)
(5.37929e-09 3.35471e-10 1.79619e-08)
(5.30992e-09 2.24113e-10 1.67538e-08)
(4.27446e-09 2.70874e-10 1.6407e-08)
(5.44932e-09 3.31854e-10 2.05217e-08)
(5.41151e-09 2.21851e-10 1.92344e-08)
(4.3023e-09 2.68728e-10 1.88663e-08)
(5.45399e-09 3.27903e-10 2.32359e-08)
(5.44876e-09 2.19346e-10 2.18719e-08)
(4.2674e-09 2.66272e-10 2.14815e-08)
(5.3916e-09 3.23667e-10 2.61001e-08)
(5.41981e-09 2.16637e-10 2.46615e-08)
(4.16791e-09 2.63543e-10 2.4248e-08)
(5.2607e-09 3.19182e-10 2.91095e-08)
(5.32309e-09 2.13751e-10 2.75986e-08)
(4.00231e-09 2.60568e-10 2.71613e-08)
(5.06013e-09 3.14474e-10 3.22595e-08)
(5.15729e-09 2.10708e-10 3.06786e-08)
(3.76929e-09 2.5737e-10 3.0217e-08)
(4.78893e-09 3.09563e-10 3.55456e-08)
(4.92136e-09 2.07523e-10 3.38969e-08)
(3.46782e-09 2.53967e-10 3.34104e-08)
(4.44642e-09 3.04466e-10 3.89632e-08)
(4.61448e-09 2.04208e-10 3.7249e-08)
(3.09706e-09 2.50372e-10 3.67373e-08)
(4.0321e-09 2.99197e-10 4.25079e-08)
(4.23604e-09 2.00774e-10 4.07304e-08)
(2.65643e-09 2.46599e-10 4.01931e-08)
(3.54567e-09 2.93767e-10 4.61753e-08)
(3.78566e-09 1.97228e-10 4.43367e-08)
(2.14552e-09 2.42659e-10 4.37735e-08)
(2.98706e-09 2.88187e-10 4.9961e-08)
(3.26315e-09 1.93577e-10 4.80636e-08)
(1.56416e-09 2.38561e-10 4.74744e-08)
(2.35633e-09 2.82466e-10 5.38609e-08)
(2.6685e-09 1.89829e-10 5.19066e-08)
(9.12311e-10 2.34314e-10 5.12914e-08)
(1.65376e-09 2.76615e-10 5.78708e-08)
(2.00189e-09 1.85991e-10 5.58617e-08)
(1.90147e-10 2.29927e-10 5.52204e-08)
(8.79752e-10 2.70641e-10 6.19864e-08)
(1.26364e-09 1.82067e-10 5.99247e-08)
(-6.0201e-10 2.25408e-10 5.92574e-08)
(3.48776e-11 2.64554e-10 6.62039e-08)
(4.54261e-10 1.78063e-10 6.40915e-08)
(-1.46368e-09 2.20764e-10 6.33983e-08)
(-8.80159e-10 2.58362e-10 7.05191e-08)
(-4.25627e-10 1.73986e-10 6.83581e-08)
(-2.39425e-09 2.16004e-10 6.76393e-08)
(-1.86452e-09 2.52073e-10 7.49284e-08)
(-1.37525e-09 1.69842e-10 7.27205e-08)
(-3.39296e-09 2.11135e-10 7.19764e-08)
(-2.91726e-09 2.45696e-10 7.94278e-08)
(-2.39371e-09 1.65635e-10 7.71751e-08)
(-4.45894e-09 2.06165e-10 7.64059e-08)
(-4.03729e-09 2.39241e-10 8.40136e-08)
(-3.48e-09 1.61372e-10 8.17179e-08)
(-5.59118e-09 2.01102e-10 8.09241e-08)
(-5.22346e-09 2.32714e-10 8.86823e-08)
(-4.63301e-09 1.57058e-10 8.63454e-08)
(-6.7886e-09 1.95954e-10 8.55273e-08)
(-6.4745e-09 2.26125e-10 9.34302e-08)
(-5.8515e-09 1.52699e-10 9.10539e-08)
(-8.04999e-09 1.90729e-10 9.02121e-08)
(-7.78906e-09 2.19483e-10 9.8254e-08)
(-7.13419e-09 1.48301e-10 9.58399e-08)
(-9.37407e-09 1.85434e-10 9.49749e-08)
(-9.16571e-09 2.12796e-10 1.0315e-07)
(-8.47967e-09 1.4387e-10 1.007e-07)
(-1.07595e-08 1.80078e-10 9.98123e-08)
(-1.06029e-08 2.06073e-10 1.08115e-07)
(-9.88649e-09 1.39411e-10 1.05631e-07)
(-1.22047e-08 1.74669e-10 1.04721e-07)
(-1.20992e-08 1.99322e-10 1.13146e-07)
(-1.13531e-08 1.3493e-10 1.10629e-07)
(-1.37084e-08 1.69214e-10 1.09698e-07)
(-1.36529e-08 1.92552e-10 1.1824e-07)
(-1.2878e-08 1.30434e-10 1.15692e-07)
(-1.52688e-08 1.63721e-10 1.1474e-07)
(-1.52623e-08 1.85771e-10 1.23394e-07)
(-1.44594e-08 1.25926e-10 1.20816e-07)
(-1.68845e-08 1.58198e-10 1.19843e-07)
(-1.69258e-08 1.78989e-10 1.28604e-07)
(-1.60957e-08 1.21414e-10 1.25997e-07)
(-1.85536e-08 1.52654e-10 1.25006e-07)
(-1.86416e-08 1.72213e-10 1.33868e-07)
(-1.77852e-08 1.16903e-10 1.31235e-07)
(-2.02746e-08 1.47097e-10 1.30224e-07)
(-2.04079e-08 1.65452e-10 1.39182e-07)
(-1.95261e-08 1.12399e-10 1.36524e-07)
(-2.20456e-08 1.41533e-10 1.35495e-07)
(-2.22229e-08 1.58715e-10 1.44545e-07)
(-2.13167e-08 1.07907e-10 1.41863e-07)
(-2.3865e-08 1.35971e-10 1.40817e-07)
(-2.40849e-08 1.5201e-10 1.49954e-07)
(-2.3155e-08 1.03434e-10 1.47249e-07)
(-2.57309e-08 1.30419e-10 1.46186e-07)
(-2.59919e-08 1.45345e-10 1.55405e-07)
(-2.50394e-08 9.89839e-11 1.52679e-07)
(-2.76416e-08 1.24885e-10 1.51601e-07)
(-2.79422e-08 1.38729e-10 1.60897e-07)
(-2.69679e-08 9.45633e-11 1.58151e-07)
(-2.95951e-08 1.19377e-10 1.57057e-07)
(-2.99338e-08 1.3217e-10 1.66426e-07)
(-2.89387e-08 9.01777e-11 1.63661e-07)
(-3.15898e-08 1.13901e-10 1.62554e-07)
(-3.19651e-08 1.25677e-10 1.71991e-07)
(-3.095e-08 8.58326e-11 1.69209e-07)
(-3.36238e-08 1.08467e-10 1.68087e-07)
(-3.4034e-08 1.19257e-10 1.77589e-07)
(-3.3e-08 8.15336e-11 1.7479e-07)
(-3.56952e-08 1.03081e-10 1.73656e-07)
(-3.61389e-08 1.1292e-10 1.83218e-07)
(-3.50868e-08 7.72862e-11 1.80404e-07)
(-3.78023e-08 9.77511e-11 1.79258e-07)
(-3.82778e-08 1.06672e-10 1.88876e-07)
(-3.72086e-08 7.30958e-11 1.86048e-07)
(-3.99433e-08 9.24855e-11 1.8489e-07)
(-4.0449e-08 1.00524e-10 1.94561e-07)
(-3.93635e-08 6.89681e-11 1.91719e-07)
(-4.21164e-08 8.72913e-11 1.90551e-07)
(-4.26507e-08 9.44813e-11 2.0027e-07)
(-4.15499e-08 6.49084e-11 1.97416e-07)
(-4.43198e-08 8.21761e-11 1.96238e-07)
(-4.48812e-08 8.85535e-11 2.06002e-07)
(-4.37659e-08 6.09221e-11 2.03136e-07)
(-4.65519e-08 7.71474e-11 2.0195e-07)
(-4.71387e-08 8.27484e-11 2.11755e-07)
(-4.60098e-08 5.70146e-11 2.08879e-07)
(-4.88108e-08 7.22125e-11 2.07684e-07)
(-4.94215e-08 7.70738e-11 2.17526e-07)
(-4.82798e-08 5.31912e-11 2.14641e-07)
(-5.10948e-08 6.73789e-11 2.13438e-07)
(-5.1728e-08 7.15377e-11 2.23315e-07)
(-5.05744e-08 4.94574e-11 2.20421e-07)
(-5.34025e-08 6.26538e-11 2.19211e-07)
(-5.40565e-08 6.61479e-11 2.29119e-07)
(-5.28919e-08 4.58182e-11 2.26218e-07)
(-5.5732e-08 5.80445e-11 2.25001e-07)
(-5.64055e-08 6.09123e-11 2.34937e-07)
(-5.52306e-08 4.2279e-11 2.32029e-07)
(-5.80819e-08 5.35582e-11 2.30807e-07)
(-5.87734e-08 5.58385e-11 2.40768e-07)
(-5.75889e-08 3.8845e-11 2.37853e-07)
(-6.04506e-08 4.92019e-11 2.36626e-07)
(-6.11587e-08 5.09342e-11 2.46609e-07)
(-5.99654e-08 3.55213e-11 2.43689e-07)
(-6.28365e-08 4.49827e-11 2.42458e-07)
(-6.35598e-08 4.6207e-11 2.5246e-07)
(-6.23586e-08 3.23129e-11 2.49536e-07)
(-6.52383e-08 4.09076e-11 2.483e-07)
(-6.59755e-08 4.16645e-11 2.58319e-07)
(-6.4767e-08 2.9225e-11 2.55391e-07)
(-6.76545e-08 3.69834e-11 2.54151e-07)
(-6.84043e-08 3.73142e-11 2.64185e-07)
(-6.71892e-08 2.62625e-11 2.61253e-07)
(-7.00838e-08 3.32171e-11 2.60011e-07)
(-7.08449e-08 3.31635e-11 2.70057e-07)
(-6.96239e-08 2.34306e-11 2.67122e-07)
(-7.25248e-08 2.96154e-11 2.65877e-07)
(-7.3296e-08 2.922e-11 2.75933e-07)
(-7.20697e-08 2.07342e-11 2.72996e-07)
(-7.49763e-08 2.61851e-11 2.71749e-07)
(-7.57565e-08 2.54914e-11 2.81813e-07)
(-7.45255e-08 1.81783e-11 2.78874e-07)
(-7.7437e-08 2.29331e-11 2.77625e-07)
(-7.8225e-08 2.19852e-11 2.87695e-07)
(-7.699e-08 1.57681e-11 2.84755e-07)
(-7.99059e-08 1.98663e-11 2.83505e-07)
(-8.07006e-08 1.87096e-11 2.93579e-07)
(-7.94621e-08 1.35089e-11 2.90638e-07)
(-8.23817e-08 1.69917e-11 2.89387e-07)
(-8.31822e-08 1.56729e-11 2.99464e-07)
(-8.19407e-08 1.1406e-11 2.96522e-07)
(-8.48634e-08 1.43167e-11 2.95271e-07)
(-8.56687e-08 1.28836e-11 3.05349e-07)
(-8.44248e-08 9.46528e-12 3.02407e-07)
(-8.73502e-08 1.18488e-11 3.01155e-07)
(-8.81593e-08 1.03506e-11 3.11233e-07)
(-8.69134e-08 7.69248e-12 3.08292e-07)
(-8.98409e-08 9.59569e-12 3.0704e-07)
(-9.0653e-08 8.08196e-12 3.17117e-07)
(-8.94056e-08 6.09347e-12 3.14176e-07)
(-9.23347e-08 7.56492e-12 3.12924e-07)
(-9.3149e-08 6.08402e-12 3.22999e-07)
(-9.19005e-08 4.67333e-12 3.20059e-07)
(-9.48309e-08 5.76274e-12 3.18807e-07)
(-9.56465e-08 4.35825e-12 3.28879e-07)
(-9.43973e-08 3.43514e-12 3.2594e-07)
(-9.73287e-08 4.19226e-12 3.24689e-07)
(-9.81449e-08 2.89662e-12 3.34756e-07)
(-9.68953e-08 2.37746e-12 3.31818e-07)
(-9.98273e-08 2.85011e-12 3.30568e-07)
(-1.00643e-07 1.67449e-12 3.40632e-07)
(-9.93938e-08 1.49052e-12 3.37695e-07)
(-1.02326e-07 1.72105e-12 3.36445e-07)
(-1.03142e-07 6.46928e-13 3.46504e-07)
(-1.01892e-07 7.50922e-13 3.43569e-07)
(-1.04825e-07 7.69962e-13 3.4232e-07)
(-1.05639e-07 -2.41969e-13 3.52375e-07)
(-1.0439e-07 1.22651e-13 3.49441e-07)
(-1.07323e-07 -5.48374e-14 3.48192e-07)
(-1.06887e-07 -4.31354e-13 3.5531e-07)
(-1.09819e-07 -8.01593e-13 3.54062e-07)
(5.31564e-10 3.97861e-11 7.23113e-10)
(2.69445e-10 -2.56179e-19 4.67136e-10)
(1.96621e-10 2.09534e-11 3.04796e-10)
(1.11582e-09 6.80765e-11 1.25079e-09)
(8.20766e-10 -5.07402e-19 9.82293e-10)
(6.57585e-10 4.81085e-11 7.77265e-10)
(1.68443e-09 8.70405e-11 1.8713e-09)
(1.39984e-09 -7.65976e-19 1.51864e-09)
(1.15763e-09 6.54312e-11 1.32056e-09)
(2.23675e-09 9.90461e-11 2.6672e-09)
(1.96439e-09 -1.06012e-18 2.22152e-09)
(1.64164e-09 7.64487e-11 2.02846e-09)
(2.76153e-09 1.06269e-10 3.64943e-09)
(2.50405e-09 -1.38334e-18 3.10988e-09)
(2.09867e-09 8.31539e-11 2.91549e-09)
(3.25227e-09 1.10391e-10 4.81893e-09)
(3.01267e-09 -1.73218e-18 4.18576e-09)
(2.52404e-09 8.7058e-11 3.98544e-09)
(3.70363e-09 1.12569e-10 6.17442e-09)
(3.48448e-09 -2.07953e-18 5.44871e-09)
(2.91279e-09 8.92358e-11 5.23892e-09)
(4.11092e-09 1.13535e-10 7.71333e-09)
(3.91445e-09 -2.4157e-18 6.89657e-09)
(3.26038e-09 9.03604e-11 6.67453e-09)
(4.46996e-09 1.13739e-10 9.43237e-09)
(4.29818e-09 -2.8015e-18 8.52633e-09)
(3.56272e-09 9.08345e-11 8.28978e-09)
(4.77701e-09 1.13449e-10 1.13278e-08)
(4.63173e-09 -3.21868e-18 1.03345e-08)
(3.81609e-09 9.08943e-11 1.00815e-08)
(5.02872e-09 1.12827e-10 1.33957e-08)
(4.91157e-09 -3.59225e-18 1.23171e-08)
(4.01711e-09 9.06766e-11 1.2046e-08)
(5.22212e-09 1.1197e-10 1.56315e-08)
(5.13454e-09 -4.04602e-18 1.44699e-08)
(4.16272e-09 9.02605e-11 1.41794e-08)
(5.35458e-09 1.10938e-10 1.8031e-08)
(5.29783e-09 -4.73076e-18 1.67886e-08)
(4.25022e-09 8.96927e-11 1.64773e-08)
(5.42379e-09 1.09769e-10 2.05895e-08)
(5.39898e-09 -5.3998e-18 1.92687e-08)
(4.27717e-09 8.90018e-11 1.89354e-08)
(5.42774e-09 1.08486e-10 2.33024e-08)
(5.43584e-09 -5.85825e-18 2.19054e-08)
(4.24148e-09 8.82065e-11 2.15493e-08)
(5.36473e-09 1.07107e-10 2.61651e-08)
(5.40656e-09 -6.17535e-18 2.46943e-08)
(4.14133e-09 8.73193e-11 2.43144e-08)
(5.23332e-09 1.05643e-10 2.91729e-08)
(5.30955e-09 -6.56174e-18 2.76307e-08)
(3.97515e-09 8.63499e-11 2.72262e-08)
(5.03232e-09 1.04104e-10 3.23214e-08)
(5.14352e-09 -7.09988e-18 3.07099e-08)
(3.74166e-09 8.53055e-11 3.02804e-08)
(4.7608e-09 1.02496e-10 3.56059e-08)
(4.9074e-09 -7.78443e-18 3.39274e-08)
(3.43981e-09 8.41919e-11 3.34722e-08)
(4.41804e-09 1.00825e-10 3.90219e-08)
(4.60037e-09 -8.44881e-18 3.72788e-08)
(3.06877e-09 8.30142e-11 3.67975e-08)
(4.00356e-09 9.90962e-11 4.2565e-08)
(4.22184e-09 -9.09924e-18 4.07594e-08)
(2.62793e-09 8.17764e-11 4.02517e-08)
(3.51706e-09 9.73126e-11 4.62308e-08)
(3.7714e-09 -9.74513e-18 4.43649e-08)
(2.11691e-09 8.04822e-11 4.38306e-08)
(2.95845e-09 9.54783e-11 5.0015e-08)
(3.24888e-09 -1.03939e-17 4.80909e-08)
(1.53551e-09 7.91349e-11 4.75298e-08)
(2.3278e-09 9.35963e-11 5.39133e-08)
(2.65425e-09 -1.10569e-17 5.19332e-08)
(8.83702e-10 7.77375e-11 5.13453e-08)
(1.62538e-09 9.16699e-11 5.79216e-08)
(1.98769e-09 -1.17585e-17 5.58875e-08)
(1.61649e-10 7.62927e-11 5.52727e-08)
(8.51583e-10 8.97018e-11 6.20357e-08)
(1.24954e-09 -1.24839e-17 5.99497e-08)
(-6.30329e-10 7.48033e-11 5.93082e-08)
(6.98325e-12 8.76952e-11 6.62516e-08)
(4.40276e-10 -1.32252e-17 6.41157e-08)
(-1.49176e-09 7.32719e-11 6.34475e-08)
(-9.0772e-10 8.56528e-11 7.05654e-08)
(-4.39459e-10 -1.39775e-17 6.83815e-08)
(-2.42202e-09 7.17011e-11 6.7687e-08)
(-1.89169e-09 8.35775e-11 7.49731e-08)
(-1.3889e-09 -1.47128e-17 7.27433e-08)
(-3.42037e-09 7.00935e-11 7.20226e-08)
(-2.94399e-09 8.14722e-11 7.94711e-08)
(-2.40716e-09 -1.54143e-17 7.7197e-08)
(-4.48594e-09 6.84518e-11 7.64506e-08)
(-4.06354e-09 7.93397e-11 8.40554e-08)
(-3.49322e-09 -1.61231e-17 8.17391e-08)
(-5.61772e-09 6.67785e-11 8.09673e-08)
(-5.24918e-09 7.71829e-11 8.87227e-08)
(-4.64597e-09 -1.68479e-17 8.63659e-08)
(-6.81463e-09 6.50762e-11 8.5569e-08)
(-6.49965e-09 7.50047e-11 9.34692e-08)
(-5.86419e-09 -1.75873e-17 9.10736e-08)
(-8.07547e-09 6.33476e-11 9.02523e-08)
(-7.8136e-09 7.2808e-11 9.82915e-08)
(-7.14658e-09 -1.83479e-17 9.58589e-08)
(-9.39895e-09 6.15954e-11 9.50137e-08)
(-9.18961e-09 7.05957e-11 1.03186e-07)
(-8.49175e-09 -1.91789e-17 1.00718e-07)
(-1.07837e-08 5.98222e-11 9.98497e-08)
(-1.06262e-08 6.83707e-11 1.0815e-07)
(-9.89825e-09 -2.01206e-17 1.05649e-07)
(-1.22283e-08 5.80306e-11 1.04757e-07)
(-1.21218e-08 6.61358e-11 1.1318e-07)
(-1.13645e-08 -2.10526e-17 1.10646e-07)
(-1.37313e-08 5.62234e-11 1.09733e-07)
(-1.36747e-08 6.38939e-11 1.18272e-07)
(-1.2889e-08 -2.19923e-17 1.15708e-07)
(-1.5291e-08 5.44031e-11 1.14773e-07)
(-1.52834e-08 6.1648e-11 1.23424e-07)
(-1.44701e-08 -2.2893e-17 1.20831e-07)
(-1.69059e-08 5.25725e-11 1.19875e-07)
(-1.69462e-08 5.94008e-11 1.28633e-07)
(-1.61061e-08 -2.38507e-17 1.26013e-07)
(-1.85743e-08 5.07343e-11 1.25036e-07)
(-1.86612e-08 5.71553e-11 1.33896e-07)
(-1.77952e-08 -2.48734e-17 1.31249e-07)
(-2.02946e-08 4.88909e-11 1.30253e-07)
(-2.04267e-08 5.49143e-11 1.39209e-07)
(-1.95357e-08 -2.57535e-17 1.36538e-07)
(-2.20648e-08 4.70452e-11 1.35524e-07)
(-2.22409e-08 5.26806e-11 1.44571e-07)
(-2.13258e-08 -2.6121e-17 1.41876e-07)
(-2.38834e-08 4.51997e-11 1.40844e-07)
(-2.41021e-08 5.04572e-11 1.49978e-07)
(-2.31638e-08 -2.67039e-17 1.47262e-07)
(-2.57485e-08 4.33571e-11 1.46212e-07)
(-2.60083e-08 4.82467e-11 1.55428e-07)
(-2.50477e-08 -2.79728e-17 1.52691e-07)
(-2.76584e-08 4.152e-11 1.51625e-07)
(-2.79578e-08 4.6052e-11 1.60919e-07)
(-2.69759e-08 -2.9735e-17 1.58162e-07)
(-2.96112e-08 3.9691e-11 1.5708e-07)
(-2.99486e-08 4.3876e-11 1.66447e-07)
(-2.89463e-08 -3.12955e-17 1.63672e-07)
(-3.1605e-08 3.78727e-11 1.62576e-07)
(-3.19791e-08 4.17214e-11 1.72011e-07)
(-3.09572e-08 -3.26706e-17 1.69219e-07)
(-3.36382e-08 3.60678e-11 1.68108e-07)
(-3.40472e-08 3.9591e-11 1.77608e-07)
(-3.30068e-08 -3.40794e-17 1.748e-07)
(-3.57089e-08 3.42787e-11 1.73676e-07)
(-3.61513e-08 3.74875e-11 1.83236e-07)
(-3.50932e-08 -3.5539e-17 1.80413e-07)
(-3.78152e-08 3.2508e-11 1.79277e-07)
(-3.82895e-08 3.54138e-11 1.88893e-07)
(-3.72146e-08 -3.69479e-17 1.86056e-07)
(-3.99554e-08 3.07583e-11 1.84908e-07)
(-4.04599e-08 3.33725e-11 1.94577e-07)
(-3.93691e-08 -3.82992e-17 1.91727e-07)
(-4.21278e-08 2.90322e-11 1.90568e-07)
(-4.26609e-08 3.13664e-11 2.00285e-07)
(-4.15551e-08 -3.99368e-17 1.97424e-07)
(-4.43304e-08 2.73321e-11 1.96254e-07)
(-4.48906e-08 2.93982e-11 2.06016e-07)
(-4.37708e-08 -4.17477e-17 2.03144e-07)
(-4.65617e-08 2.56606e-11 2.01965e-07)
(-4.71474e-08 2.74705e-11 2.11768e-07)
(-4.60143e-08 -4.34318e-17 2.08886e-07)
(-4.88199e-08 2.40201e-11 2.07698e-07)
(-4.94296e-08 2.55861e-11 2.17538e-07)
(-4.8284e-08 -4.50873e-17 2.14647e-07)
(-5.11033e-08 2.24131e-11 2.13451e-07)
(-5.17354e-08 2.37475e-11 2.23326e-07)
(-5.05783e-08 -4.67988e-17 2.20427e-07)
(-5.34102e-08 2.08421e-11 2.19223e-07)
(-5.40633e-08 2.19575e-11 2.2913e-07)
(-5.28954e-08 -4.86139e-17 2.26223e-07)
(-5.57391e-08 1.93094e-11 2.25013e-07)
(-5.64116e-08 2.02187e-11 2.34947e-07)
(-5.52337e-08 -5.04268e-17 2.32034e-07)
(-5.80883e-08 1.78176e-11 2.30817e-07)
(-5.87789e-08 1.85336e-11 2.40777e-07)
(-5.75918e-08 -5.20572e-17 2.37858e-07)
(-6.04564e-08 1.63689e-11 2.36636e-07)
(-6.11636e-08 1.69047e-11 2.46617e-07)
(-5.9968e-08 -5.34475e-17 2.43694e-07)
(-6.28417e-08 1.49657e-11 2.42466e-07)
(-6.35642e-08 1.53347e-11 2.52468e-07)
(-6.23609e-08 -5.47549e-17 2.4954e-07)
(-6.5243e-08 1.36104e-11 2.48308e-07)
(-6.59793e-08 1.38261e-11 2.58326e-07)
(-6.4769e-08 -5.59387e-17 2.55394e-07)
(-6.76586e-08 1.23052e-11 2.54159e-07)
(-6.84076e-08 1.23814e-11 2.64191e-07)
(-6.7191e-08 -5.71618e-17 2.61256e-07)
(-7.00874e-08 1.10526e-11 2.60017e-07)
(-7.08477e-08 1.10032e-11 2.70062e-07)
(-6.96254e-08 -5.8731e-17 2.67125e-07)
(-7.25279e-08 9.85466e-12 2.65883e-07)
(-7.32984e-08 9.69384e-12 2.75938e-07)
(-7.2071e-08 -6.05995e-17 2.72998e-07)
(-7.49789e-08 8.7138e-12 2.71754e-07)
(-7.57584e-08 8.45602e-12 2.81817e-07)
(-7.45266e-08 -6.24559e-17 2.78876e-07)
(-7.74393e-08 7.63228e-12 2.7763e-07)
(-7.82266e-08 7.29235e-12 2.87699e-07)
(-7.69909e-08 -6.39991e-17 2.84757e-07)
(-7.99077e-08 6.61245e-12 2.83509e-07)
(-8.07019e-08 6.20552e-12 2.93582e-07)
(-7.94628e-08 -6.56766e-17 2.9064e-07)
(-8.23831e-08 5.6567e-12 2.89391e-07)
(-8.31831e-08 5.19835e-12 2.99466e-07)
(-8.19413e-08 -6.85831e-17 2.96524e-07)
(-8.48646e-08 4.7675e-12 2.95274e-07)
(-8.56694e-08 4.27378e-12 3.05351e-07)
(-8.44252e-08 -7.15201e-17 3.02409e-07)
(-8.7351e-08 3.94742e-12 3.01158e-07)
(-8.81597e-08 3.43473e-12 3.11235e-07)
(-8.69136e-08 -7.27588e-17 3.08293e-07)
(-8.98414e-08 3.19906e-12 3.07042e-07)
(-9.06531e-08 2.68393e-12 3.17118e-07)
(-8.94057e-08 -7.45903e-17 3.14177e-07)
(-9.23351e-08 2.52492e-12 3.12926e-07)
(-9.31489e-08 2.02333e-12 3.23e-07)
(-9.19005e-08 -7.77549e-17 3.20059e-07)
(-9.4831e-08 1.92702e-12 3.18809e-07)
(-9.56463e-08 1.45314e-12 3.2888e-07)
(-9.43972e-08 -7.91367e-17 3.2594e-07)
(-9.73286e-08 1.40622e-12 3.2469e-07)
(-9.81445e-08 9.70304e-13 3.34757e-07)
(-9.68952e-08 -7.86154e-17 3.31819e-07)
(-9.98271e-08 9.61099e-13 3.30569e-07)
(-1.00643e-07 5.6641e-13 3.40632e-07)
(-9.93936e-08 -7.82143e-17 3.37695e-07)
(-1.02326e-07 5.863e-13 3.36446e-07)
(-1.03141e-07 2.26994e-13 3.46505e-07)
(-1.01892e-07 -8.16324e-17 3.43569e-07)
(-1.04824e-07 2.70347e-13 3.42321e-07)
(-1.05638e-07 -6.56166e-14 3.52376e-07)
(-1.0439e-07 -8.87626e-17 3.49441e-07)
(-1.07322e-07 -2.73629e-15 3.48193e-07)
(-1.06887e-07 -9.42524e-17 3.55311e-07)
(-1.09819e-07 -2.49072e-13 3.54063e-07)
(5.31564e-10 -3.97861e-11 7.23113e-10)
(2.70099e-10 -4.89903e-11 4.54535e-10)
(1.96621e-10 -2.09534e-11 3.04796e-10)
(1.11582e-09 -6.80765e-11 1.25079e-09)
(8.24188e-10 -1.18717e-10 9.59654e-10)
(6.57585e-10 -4.81085e-11 7.77265e-10)
(1.68443e-09 -8.70405e-11 1.8713e-09)
(1.405e-09 -1.64155e-10 1.49184e-09)
(1.15763e-09 -6.54312e-11 1.32056e-09)
(2.23675e-09 -9.90461e-11 2.6672e-09)
(1.97081e-09 -1.92878e-10 2.19199e-09)
(1.64164e-09 -7.64487e-11 2.02846e-09)
(2.76153e-09 -1.06269e-10 3.64943e-09)
(2.51137e-09 -2.10196e-10 3.07818e-09)
(2.09867e-09 -8.31539e-11 2.91549e-09)
(3.25227e-09 -1.10391e-10 4.81893e-09)
(3.0207e-09 -2.20174e-10 4.15236e-09)
(2.52404e-09 -8.7058e-11 3.98544e-09)
(3.70363e-09 -1.12569e-10 6.17442e-09)
(3.49314e-09 -2.25589e-10 5.41408e-09)
(2.91279e-09 -8.92358e-11 5.23892e-09)
(4.11092e-09 -1.13535e-10 7.71333e-09)
(3.92373e-09 -2.28183e-10 6.86115e-09)
(3.26038e-09 -9.03604e-11 6.67453e-09)
(4.46996e-09 -1.13739e-10 9.43237e-09)
(4.30807e-09 -2.29012e-10 8.49052e-09)
(3.56272e-09 -9.08345e-11 8.28978e-09)
(4.77701e-09 -1.13449e-10 1.13278e-08)
(4.64222e-09 -2.2871e-10 1.02986e-08)
(3.81609e-09 -9.08943e-11 1.00815e-08)
(5.02872e-09 -1.12827e-10 1.33957e-08)
(4.92264e-09 -2.27656e-10 1.22814e-08)
(4.01711e-09 -9.06766e-11 1.2046e-08)
(5.22212e-09 -1.1197e-10 1.56315e-08)
(5.14614e-09 -2.26077e-10 1.44346e-08)
(4.16272e-09 -9.02605e-11 1.41794e-08)
(5.35458e-09 -1.10938e-10 1.8031e-08)
(5.30992e-09 -2.24113e-10 1.67538e-08)
(4.25022e-09 -8.96927e-11 1.64773e-08)
(5.42379e-09 -1.09769e-10 2.05895e-08)
(5.41151e-09 -2.21851e-10 1.92344e-08)
(4.27717e-09 -8.90019e-11 1.89354e-08)
(5.42774e-09 -1.08486e-10 2.33024e-08)
(5.44876e-09 -2.19346e-10 2.18719e-08)
(4.24148e-09 -8.82065e-11 2.15493e-08)
(5.36473e-09 -1.07107e-10 2.61651e-08)
(5.41981e-09 -2.16637e-10 2.46615e-08)
(4.14133e-09 -8.73193e-11 2.43144e-08)
(5.23332e-09 -1.05643e-10 2.91729e-08)
(5.32309e-09 -2.13751e-10 2.75986e-08)
(3.97515e-09 -8.63499e-11 2.72262e-08)
(5.03232e-09 -1.04104e-10 3.23214e-08)
(5.15729e-09 -2.10708e-10 3.06786e-08)
(3.74166e-09 -8.53055e-11 3.02804e-08)
(4.7608e-09 -1.02496e-10 3.56059e-08)
(4.92136e-09 -2.07523e-10 3.38969e-08)
(3.43981e-09 -8.41919e-11 3.34722e-08)
(4.41804e-09 -1.00825e-10 3.90219e-08)
(4.61448e-09 -2.04208e-10 3.7249e-08)
(3.06877e-09 -8.30142e-11 3.67975e-08)
(4.00356e-09 -9.90962e-11 4.2565e-08)
(4.23604e-09 -2.00774e-10 4.07304e-08)
(2.62793e-09 -8.17764e-11 4.02517e-08)
(3.51706e-09 -9.73127e-11 4.62308e-08)
(3.78566e-09 -1.97228e-10 4.43367e-08)
(2.11691e-09 -8.04823e-11 4.38306e-08)
(2.95845e-09 -9.54783e-11 5.0015e-08)
(3.26315e-09 -1.93577e-10 4.80636e-08)
(1.53551e-09 -7.9135e-11 4.75298e-08)
(2.3278e-09 -9.35963e-11 5.39133e-08)
(2.6685e-09 -1.8983e-10 5.19066e-08)
(8.83702e-10 -7.77375e-11 5.13453e-08)
(1.62538e-09 -9.16699e-11 5.79216e-08)
(2.00189e-09 -1.85991e-10 5.58617e-08)
(1.61649e-10 -7.62927e-11 5.52727e-08)
(8.51583e-10 -8.97019e-11 6.20357e-08)
(1.26364e-09 -1.82067e-10 5.99247e-08)
(-6.30329e-10 -7.48033e-11 5.93082e-08)
(6.98325e-12 -8.76952e-11 6.62516e-08)
(4.54261e-10 -1.78063e-10 6.40915e-08)
(-1.49176e-09 -7.32719e-11 6.34475e-08)
(-9.0772e-10 -8.56528e-11 7.05654e-08)
(-4.25627e-10 -1.73987e-10 6.83581e-08)
(-2.42202e-09 -7.17011e-11 6.7687e-08)
(-1.89169e-09 -8.35775e-11 7.49731e-08)
(-1.37525e-09 -1.69842e-10 7.27205e-08)
(-3.42037e-09 -7.00936e-11 7.20226e-08)
(-2.94399e-09 -8.14722e-11 7.94711e-08)
(-2.39371e-09 -1.65635e-10 7.71751e-08)
(-4.48594e-09 -6.84518e-11 7.64506e-08)
(-4.06354e-09 -7.93397e-11 8.40554e-08)
(-3.48e-09 -1.61372e-10 8.17179e-08)
(-5.61772e-09 -6.67785e-11 8.09673e-08)
(-5.24918e-09 -7.71829e-11 8.87227e-08)
(-4.63301e-09 -1.57058e-10 8.63454e-08)
(-6.81463e-09 -6.50762e-11 8.5569e-08)
(-6.49965e-09 -7.50047e-11 9.34692e-08)
(-5.8515e-09 -1.52699e-10 9.10539e-08)
(-8.07547e-09 -6.33477e-11 9.02523e-08)
(-7.8136e-09 -7.28081e-11 9.82915e-08)
(-7.13419e-09 -1.48301e-10 9.58399e-08)
(-9.39895e-09 -6.15954e-11 9.50137e-08)
(-9.18961e-09 -7.05957e-11 1.03186e-07)
(-8.47967e-09 -1.4387e-10 1.007e-07)
(-1.07837e-08 -5.98222e-11 9.98497e-08)
(-1.06262e-08 -6.83707e-11 1.0815e-07)
(-9.88649e-09 -1.39411e-10 1.05631e-07)
(-1.22283e-08 -5.80307e-11 1.04757e-07)
(-1.21218e-08 -6.61358e-11 1.1318e-07)
(-1.13531e-08 -1.34931e-10 1.10629e-07)
(-1.37313e-08 -5.62234e-11 1.09733e-07)
(-1.36747e-08 -6.3894e-11 1.18272e-07)
(-1.2878e-08 -1.30434e-10 1.15692e-07)
(-1.5291e-08 -5.44032e-11 1.14773e-07)
(-1.52834e-08 -6.1648e-11 1.23424e-07)
(-1.44594e-08 -1.25926e-10 1.20816e-07)
(-1.69059e-08 -5.25726e-11 1.19875e-07)
(-1.69462e-08 -5.94009e-11 1.28633e-07)
(-1.60957e-08 -1.21414e-10 1.25997e-07)
(-1.85743e-08 -5.07343e-11 1.25036e-07)
(-1.86612e-08 -5.71554e-11 1.33896e-07)
(-1.77852e-08 -1.16903e-10 1.31235e-07)
(-2.02946e-08 -4.8891e-11 1.30253e-07)
(-2.04267e-08 -5.49144e-11 1.39209e-07)
(-1.95261e-08 -1.12399e-10 1.36524e-07)
(-2.20648e-08 -4.70453e-11 1.35524e-07)
(-2.22409e-08 -5.26807e-11 1.44571e-07)
(-2.13167e-08 -1.07908e-10 1.41863e-07)
(-2.38834e-08 -4.51998e-11 1.40844e-07)
(-2.41021e-08 -5.04572e-11 1.49978e-07)
(-2.3155e-08 -1.03434e-10 1.47249e-07)
(-2.57485e-08 -4.33572e-11 1.46212e-07)
(-2.60083e-08 -4.82468e-11 1.55428e-07)
(-2.50394e-08 -9.8984e-11 1.52679e-07)
(-2.76584e-08 -4.15201e-11 1.51625e-07)
(-2.79578e-08 -4.60521e-11 1.60919e-07)
(-2.69679e-08 -9.45634e-11 1.58151e-07)
(-2.96112e-08 -3.96911e-11 1.5708e-07)
(-2.99486e-08 -4.38761e-11 1.66447e-07)
(-2.89387e-08 -9.01778e-11 1.63661e-07)
(-3.1605e-08 -3.78728e-11 1.62576e-07)
(-3.19791e-08 -4.17215e-11 1.72011e-07)
(-3.095e-08 -8.58327e-11 1.69209e-07)
(-3.36382e-08 -3.60678e-11 1.68108e-07)
(-3.40472e-08 -3.95911e-11 1.77608e-07)
(-3.3e-08 -8.15337e-11 1.7479e-07)
(-3.57089e-08 -3.42787e-11 1.73676e-07)
(-3.61513e-08 -3.74876e-11 1.83236e-07)
(-3.50868e-08 -7.72862e-11 1.80404e-07)
(-3.78152e-08 -3.25081e-11 1.79277e-07)
(-3.82895e-08 -3.54139e-11 1.88893e-07)
(-3.72086e-08 -7.30959e-11 1.86048e-07)
(-3.99554e-08 -3.07584e-11 1.84908e-07)
(-4.04599e-08 -3.33726e-11 1.94577e-07)
(-3.93635e-08 -6.89682e-11 1.91719e-07)
(-4.21278e-08 -2.90323e-11 1.90568e-07)
(-4.26609e-08 -3.13665e-11 2.00285e-07)
(-4.15499e-08 -6.49084e-11 1.97416e-07)
(-4.43304e-08 -2.73322e-11 1.96254e-07)
(-4.48906e-08 -2.93982e-11 2.06016e-07)
(-4.37659e-08 -6.09221e-11 2.03136e-07)
(-4.65617e-08 -2.56607e-11 2.01965e-07)
(-4.71474e-08 -2.74706e-11 2.11768e-07)
(-4.60098e-08 -5.70147e-11 2.08879e-07)
(-4.88199e-08 -2.40202e-11 2.07698e-07)
(-4.94296e-08 -2.55862e-11 2.17538e-07)
(-4.82798e-08 -5.31913e-11 2.14641e-07)
(-5.11033e-08 -2.24132e-11 2.13451e-07)
(-5.17354e-08 -2.37476e-11 2.23326e-07)
(-5.05744e-08 -4.94575e-11 2.20421e-07)
(-5.34102e-08 -2.08422e-11 2.19223e-07)
(-5.40633e-08 -2.19576e-11 2.2913e-07)
(-5.28919e-08 -4.58183e-11 2.26218e-07)
(-5.57391e-08 -1.93095e-11 2.25013e-07)
(-5.64116e-08 -2.02188e-11 2.34947e-07)
(-5.52306e-08 -4.22791e-11 2.32029e-07)
(-5.80883e-08 -1.78177e-11 2.30817e-07)
(-5.87789e-08 -1.85337e-11 2.40777e-07)
(-5.75889e-08 -3.88451e-11 2.37853e-07)
(-6.04564e-08 -1.6369e-11 2.36636e-07)
(-6.11636e-08 -1.69048e-11 2.46617e-07)
(-5.99654e-08 -3.55214e-11 2.43689e-07)
(-6.28417e-08 -1.49658e-11 2.42466e-07)
(-6.35642e-08 -1.53349e-11 2.52468e-07)
(-6.23586e-08 -3.2313e-11 2.49536e-07)
(-6.5243e-08 -1.36105e-11 2.48308e-07)
(-6.59793e-08 -1.38263e-11 2.58326e-07)
(-6.4767e-08 -2.92251e-11 2.55391e-07)
(-6.76586e-08 -1.23053e-11 2.54159e-07)
(-6.84076e-08 -1.23816e-11 2.64191e-07)
(-6.71892e-08 -2.62627e-11 2.61253e-07)
(-7.00874e-08 -1.10527e-11 2.60017e-07)
(-7.08477e-08 -1.10033e-11 2.70062e-07)
(-6.96239e-08 -2.34307e-11 2.67122e-07)
(-7.25279e-08 -9.85478e-12 2.65883e-07)
(-7.32984e-08 -9.69396e-12 2.75938e-07)
(-7.20697e-08 -2.07343e-11 2.72996e-07)
(-7.49789e-08 -8.71392e-12 2.71754e-07)
(-7.57584e-08 -8.45615e-12 2.81817e-07)
(-7.45255e-08 -1.81784e-11 2.78874e-07)
(-7.74393e-08 -7.63241e-12 2.7763e-07)
(-7.82266e-08 -7.29248e-12 2.87699e-07)
(-7.699e-08 -1.57683e-11 2.84755e-07)
(-7.99077e-08 -6.61258e-12 2.83509e-07)
(-8.07019e-08 -6.20565e-12 2.93582e-07)
(-7.94621e-08 -1.3509e-11 2.90638e-07)
(-8.23831e-08 -5.65683e-12 2.89391e-07)
(-8.31831e-08 -5.19849e-12 2.99466e-07)
(-8.19407e-08 -1.14062e-11 2.96522e-07)
(-8.48646e-08 -4.76763e-12 2.95274e-07)
(-8.56694e-08 -4.27392e-12 3.05351e-07)
(-8.44248e-08 -9.46542e-12 3.02407e-07)
(-8.7351e-08 -3.94756e-12 3.01158e-07)
(-8.81597e-08 -3.43488e-12 3.11235e-07)
(-8.69134e-08 -7.69263e-12 3.08292e-07)
(-8.98414e-08 -3.1992e-12 3.07042e-07)
(-9.06531e-08 -2.68409e-12 3.17118e-07)
(-8.94056e-08 -6.09362e-12 3.14176e-07)
(-9.23351e-08 -2.52507e-12 3.12926e-07)
(-9.31489e-08 -2.02349e-12 3.23e-07)
(-9.19005e-08 -4.67349e-12 3.20059e-07)
(-9.4831e-08 -1.92717e-12 3.18809e-07)
(-9.56463e-08 -1.45329e-12 3.2888e-07)
(-9.43973e-08 -3.43529e-12 3.2594e-07)
(-9.73286e-08 -1.40637e-12 3.2469e-07)
(-9.81445e-08 -9.70461e-13 3.34757e-07)
(-9.68953e-08 -2.37761e-12 3.31818e-07)
(-9.98271e-08 -9.61251e-13 3.30569e-07)
(-1.00643e-07 -5.66571e-13 3.40632e-07)
(-9.93938e-08 -1.49068e-12 3.37695e-07)
(-1.02326e-07 -5.86456e-13 3.36446e-07)
(-1.03141e-07 -2.27164e-13 3.46505e-07)
(-1.01892e-07 -7.5109e-13 3.43569e-07)
(-1.04824e-07 -2.7051e-13 3.42321e-07)
(-1.05638e-07 6.54327e-14 3.52376e-07)
(-1.0439e-07 -1.22823e-13 3.49441e-07)
(-1.07322e-07 2.56641e-15 3.48193e-07)
(-1.06887e-07 4.31164e-13 3.5531e-07)
(-1.09819e-07 2.48891e-13 3.54063e-07)
(5.3678e-10 -1.28104e-10 6.8829e-10)
(2.73458e-10 -1.15187e-10 4.10763e-10)
(1.99016e-10 -7.01444e-11 2.87448e-10)
(1.12428e-09 -2.14951e-10 1.20172e-09)
(8.38067e-10 -2.59118e-10 8.84753e-10)
(6.66259e-10 -1.54571e-10 7.4019e-10)
(1.69616e-09 -2.70495e-10 1.81518e-09)
(1.42392e-09 -3.47396e-10 1.40612e-09)
(1.16924e-09 -2.0483e-10 1.27313e-09)
(2.25062e-09 -3.0457e-10 2.60609e-09)
(1.99245e-09 -4.00829e-10 2.09872e-09)
(1.65508e-09 -2.35675e-10 1.97346e-09)
(2.77699e-09 -3.24638e-10 3.58439e-09)
(2.53481e-09 -4.32064e-10 2.97841e-09)
(2.11351e-09 -2.54092e-10 2.85457e-09)
(3.26907e-09 -3.359e-10 4.75093e-09)
(3.0457e-09 -4.49661e-10 4.04752e-09)
(2.54012e-09 -2.64696e-10 3.92004e-09)
(3.72167e-09 -3.41725e-10 6.10438e-09)
(3.51974e-09 -4.59001e-10 5.3057e-09)
(2.93009e-09 -2.7056e-10 5.17032e-09)
(4.13019e-09 -3.44175e-10 7.64208e-09)
(3.95204e-09 -4.63264e-10 6.75067e-09)
(3.27892e-09 -2.73541e-10 6.60387e-09)
(4.49044e-09 -3.4449e-10 9.36065e-09)
(4.33815e-09 -4.64331e-10 8.37916e-09)
(3.58251e-09 -2.74727e-10 8.218e-09)
(4.79866e-09 -3.43413e-10 1.12562e-08)
(4.67407e-09 -4.63322e-10 1.01873e-08)
(3.8371e-09 -2.74754e-10 1.00094e-08)
(5.05148e-09 -3.41388e-10 1.33246e-08)
(4.95618e-09 -4.60909e-10 1.21709e-08)
(4.03929e-09 -2.73991e-10 1.19741e-08)
(5.2459e-09 -3.38685e-10 1.55613e-08)
(5.18127e-09 -4.575e-10 1.43255e-08)
(4.18599e-09 -2.72655e-10 1.41081e-08)
(5.37929e-09 -3.35471e-10 1.79619e-08)
(5.34651e-09 -4.5335e-10 1.66464e-08)
(4.27446e-09 -2.70874e-10 1.6407e-08)
(5.44932e-09 -3.31854e-10 2.05217e-08)
(5.4494e-09 -4.48621e-10 1.9129e-08)
(4.3023e-09 -2.68728e-10 1.88663e-08)
(5.45399e-09 -3.27903e-10 2.32359e-08)
(5.4878e-09 -4.43418e-10 2.17686e-08)
(4.2674e-09 -2.66272e-10 2.14815e-08)
(5.3916e-09 -3.23667e-10 2.61001e-08)
(5.45984e-09 -4.37816e-10 2.45605e-08)
(4.16791e-09 -2.63543e-10 2.4248e-08)
(5.2607e-09 -3.19182e-10 2.91095e-08)
(5.36396e-09 -4.31867e-10 2.75e-08)
(4.00231e-09 -2.60568e-10 2.71613e-08)
(5.06013e-09 -3.14474e-10 3.22595e-08)
(5.19885e-09 -4.2561e-10 3.05824e-08)
(3.76929e-09 -2.5737e-10 3.0217e-08)
(4.78893e-09 -3.09563e-10 3.55456e-08)
(4.96347e-09 -4.19074e-10 3.38031e-08)
(3.46782e-09 -2.53967e-10 3.34104e-08)
(4.44642e-09 -3.04466e-10 3.89632e-08)
(4.657e-09 -4.12284e-10 3.71577e-08)
(3.09706e-09 -2.50372e-10 3.67373e-08)
(4.0321e-09 -2.99197e-10 4.25079e-08)
(4.27884e-09 -4.05259e-10 4.06416e-08)
(2.65643e-09 -2.46599e-10 4.01931e-08)
(3.54567e-09 -2.93767e-10 4.61753e-08)
(3.82862e-09 -3.98016e-10 4.42504e-08)
(2.14552e-09 -2.42659e-10 4.37735e-08)
(2.98706e-09 -2.88187e-10 4.9961e-08)
(3.30614e-09 -3.90569e-10 4.79796e-08)
(1.56416e-09 -2.38561e-10 4.74744e-08)
(2.35633e-09 -2.82466e-10 5.38609e-08)
(2.71141e-09 -3.82932e-10 5.18251e-08)
(9.12311e-10 -2.34314e-10 5.12914e-08)
(1.65376e-09 -2.76615e-10 5.78708e-08)
(2.04461e-09 -3.75117e-10 5.57827e-08)
(1.90147e-10 -2.29927e-10 5.52204e-08)
(8.79752e-10 -2.70641e-10 6.19864e-08)
(1.30608e-09 -3.67136e-10 5.9848e-08)
(-6.0201e-10 -2.25408e-10 5.92574e-08)
(3.48776e-11 -2.64554e-10 6.62039e-08)
(4.96312e-10 -3.59001e-10 6.40172e-08)
(-1.46368e-09 -2.20764e-10 6.33983e-08)
(-8.80159e-10 -2.58362e-10 7.05191e-08)
(-3.84052e-10 -3.50723e-10 6.82861e-08)
(-2.39425e-09 -2.16004e-10 6.76393e-08)
(-1.86452e-09 -2.52073e-10 7.49284e-08)
(-1.33424e-09 -3.42314e-10 7.26509e-08)
(-3.39296e-09 -2.11135e-10 7.19764e-08)
(-2.91726e-09 -2.45696e-10 7.94278e-08)
(-2.35334e-09 -3.33784e-10 7.71077e-08)
(-4.45894e-09 -2.06165e-10 7.64059e-08)
(-4.03729e-09 -2.39241e-10 8.40136e-08)
(-3.44034e-09 -3.25146e-10 8.16528e-08)
(-5.59118e-09 -2.01102e-10 8.09241e-08)
(-5.22346e-09 -2.32714e-10 8.86823e-08)
(-4.59412e-09 -3.16411e-10 8.62825e-08)
(-6.7886e-09 -1.95954e-10 8.55273e-08)
(-6.4745e-09 -2.26125e-10 9.34302e-08)
(-5.81346e-09 -3.07589e-10 9.09932e-08)
(-8.04999e-09 -1.90729e-10 9.02121e-08)
(-7.78906e-09 -2.19483e-10 9.8254e-08)
(-7.09705e-09 -2.98694e-10 9.57814e-08)
(-9.37406e-09 -1.85434e-10 9.49749e-08)
(-9.16571e-09 -2.12796e-10 1.0315e-07)
(-8.44348e-09 -2.89735e-10 1.00644e-07)
(-1.07595e-08 -1.80078e-10 9.98123e-08)
(-1.06029e-08 -2.06073e-10 1.08115e-07)
(-9.8513e-09 -2.80725e-10 1.05577e-07)
(-1.22047e-08 -1.74669e-10 1.04721e-07)
(-1.20992e-08 -1.99322e-10 1.13146e-07)
(-1.1319e-08 -2.71674e-10 1.10577e-07)
(-1.37084e-08 -1.69214e-10 1.09698e-07)
(-1.36529e-08 -1.92552e-10 1.1824e-07)
(-1.28449e-08 -2.62595e-10 1.15642e-07)
(-1.52688e-08 -1.63721e-10 1.1474e-07)
(-1.52623e-08 -1.85771e-10 1.23394e-07)
(-1.44274e-08 -2.53498e-10 1.20767e-07)
(-1.68845e-08 -1.58199e-10 1.19843e-07)
(-1.69258e-08 -1.78989e-10 1.28604e-07)
(-1.60649e-08 -2.44395e-10 1.25951e-07)
(-1.85536e-08 -1.52655e-10 1.25006e-07)
(-1.86416e-08 -1.72213e-10 1.33868e-07)
(-1.77555e-08 -2.35297e-10 1.3119e-07)
(-2.02746e-08 -1.47097e-10 1.30224e-07)
(-2.04079e-08 -1.65452e-10 1.39182e-07)
(-1.94976e-08 -2.26216e-10 1.36482e-07)
(-2.20456e-08 -1.41533e-10 1.35495e-07)
(-2.22229e-08 -1.58715e-10 1.44545e-07)
(-2.12893e-08 -2.17162e-10 1.41823e-07)
(-2.3865e-08 -1.35971e-10 1.40817e-07)
(-2.40849e-08 -1.5201e-10 1.49954e-07)
(-2.31289e-08 -2.08148e-10 1.4721e-07)
(-2.57309e-08 -1.30419e-10 1.46186e-07)
(-2.59919e-08 -1.45345e-10 1.55405e-07)
(-2.50144e-08 -1.99184e-10 1.52642e-07)
(-2.76416e-08 -1.24885e-10 1.51601e-07)
(-2.79422e-08 -1.38729e-10 1.60897e-07)
(-2.69442e-08 -1.90281e-10 1.58115e-07)
(-2.95951e-08 -1.19377e-10 1.57057e-07)
(-2.99338e-08 -1.3217e-10 1.66426e-07)
(-2.89162e-08 -1.8145e-10 1.63628e-07)
(-3.15898e-08 -1.13901e-10 1.62554e-07)
(-3.19651e-08 -1.25677e-10 1.71991e-07)
(-3.09287e-08 -1.72703e-10 1.69177e-07)
(-3.36238e-08 -1.08467e-10 1.68087e-07)
(-3.4034e-08 -1.19257e-10 1.77589e-07)
(-3.29799e-08 -1.6405e-10 1.7476e-07)
(-3.56952e-08 -1.03081e-10 1.73656e-07)
(-3.61389e-08 -1.1292e-10 1.83218e-07)
(-3.50678e-08 -1.55502e-10 1.80376e-07)
(-3.78023e-08 -9.77512e-11 1.79258e-07)
(-3.82778e-08 -1.06673e-10 1.88876e-07)
(-3.71907e-08 -1.47071e-10 1.86021e-07)
(-3.99433e-08 -9.24856e-11 1.8489e-07)
(-4.0449e-08 -1.00524e-10 1.94561e-07)
(-3.93469e-08 -1.38767e-10 1.91694e-07)
(-4.21164e-08 -8.72914e-11 1.90551e-07)
(-4.26507e-08 -9.44814e-11 2.0027e-07)
(-4.15343e-08 -1.30601e-10 1.97392e-07)
(-4.43198e-08 -8.21762e-11 1.96238e-07)
(-4.48812e-08 -8.85536e-11 2.06002e-07)
(-4.37514e-08 -1.22584e-10 2.03114e-07)
(-4.65519e-08 -7.71475e-11 2.0195e-07)
(-4.71387e-08 -8.27485e-11 2.11755e-07)
(-4.59964e-08 -1.14725e-10 2.08858e-07)
(-4.88108e-08 -7.22126e-11 2.07684e-07)
(-4.94215e-08 -7.70739e-11 2.17526e-07)
(-4.82675e-08 -1.07037e-10 2.14621e-07)
(-5.10948e-08 -6.7379e-11 2.13438e-07)
(-5.1728e-08 -7.15378e-11 2.23315e-07)
(-5.05631e-08 -9.95295e-11 2.20403e-07)
(-5.34025e-08 -6.26539e-11 2.19211e-07)
(-5.40565e-08 -6.6148e-11 2.29119e-07)
(-5.28816e-08 -9.22126e-11 2.26201e-07)
(-5.5732e-08 -5.80446e-11 2.25001e-07)
(-5.64055e-08 -6.09124e-11 2.34937e-07)
(-5.52212e-08 -8.5097e-11 2.32013e-07)
(-5.80819e-08 -5.35583e-11 2.30807e-07)
(-5.87734e-08 -5.58386e-11 2.40768e-07)
(-5.75805e-08 -7.81929e-11 2.37839e-07)
(-6.04506e-08 -4.9202e-11 2.36626e-07)
(-6.11587e-08 -5.09343e-11 2.46609e-07)
(-5.99579e-08 -7.15106e-11 2.43676e-07)
(-6.28365e-08 -4.49828e-11 2.42458e-07)
(-6.35598e-08 -4.62071e-11 2.5246e-07)
(-6.23519e-08 -6.50602e-11 2.49524e-07)
(-6.52383e-08 -4.09077e-11 2.483e-07)
(-6.59755e-08 -4.16646e-11 2.58319e-07)
(-6.47611e-08 -5.88517e-11 2.5538e-07)
(-6.76545e-08 -3.69835e-11 2.54151e-07)
(-6.84043e-08 -3.73143e-11 2.64185e-07)
(-6.71841e-08 -5.2895e-11 2.61243e-07)
(-7.00838e-08 -3.32172e-11 2.60011e-07)
(-7.08449e-08 -3.31636e-11 2.70057e-07)
(-6.96195e-08 -4.72001e-11 2.67113e-07)
(-7.25248e-08 -2.96155e-11 2.65877e-07)
(-7.3296e-08 -2.92202e-11 2.75933e-07)
(-7.2066e-08 -4.1777e-11 2.72988e-07)
(-7.49763e-08 -2.61852e-11 2.71749e-07)
(-7.57565e-08 -2.54915e-11 2.81813e-07)
(-7.45224e-08 -3.66355e-11 2.78867e-07)
(-7.7437e-08 -2.29332e-11 2.77625e-07)
(-7.8225e-08 -2.19854e-11 2.87695e-07)
(-7.69875e-08 -3.17857e-11 2.84749e-07)
(-7.99059e-08 -1.98664e-11 2.83505e-07)
(-8.07006e-08 -1.87098e-11 2.93579e-07)
(-7.94602e-08 -2.7238e-11 2.90633e-07)
(-8.23817e-08 -1.69918e-11 2.89387e-07)
(-8.31822e-08 -1.5673e-11 2.99464e-07)
(-8.19393e-08 -2.30029e-11 2.96518e-07)
(-8.48634e-08 -1.43168e-11 2.95271e-07)
(-8.56687e-08 -1.28838e-11 3.05349e-07)
(-8.44238e-08 -1.90916e-11 3.02403e-07)
(-8.73502e-08 -1.18489e-11 3.01155e-07)
(-8.81593e-08 -1.03507e-11 3.11233e-07)
(-8.69128e-08 -1.55154e-11 3.08289e-07)
(-8.98409e-08 -9.59583e-12 3.0704e-07)
(-9.0653e-08 -8.08211e-12 3.17117e-07)
(-8.94053e-08 -1.22859e-11 3.14173e-07)
(-9.23347e-08 -7.56507e-12 3.12924e-07)
(-9.3149e-08 -6.08418e-12 3.22999e-07)
(-9.19005e-08 -9.41344e-12 3.20056e-07)
(-9.48309e-08 -5.76288e-12 3.18807e-07)
(-9.56465e-08 -4.35841e-12 3.28879e-07)
(-9.43976e-08 -6.90507e-12 3.25938e-07)
(-9.73287e-08 -4.19241e-12 3.24689e-07)
(-9.81449e-08 -2.89678e-12 3.34756e-07)
(-9.68958e-08 -4.75981e-12 3.31817e-07)
(-9.98273e-08 -2.85027e-12 3.30568e-07)
(-1.00643e-07 -1.67466e-12 3.40632e-07)
(-9.93945e-08 -2.96053e-12 3.37694e-07)
(-1.02326e-07 -1.72121e-12 3.36445e-07)
(-1.03142e-07 -6.47098e-13 3.46504e-07)
(-1.01893e-07 -1.46086e-12 3.43568e-07)
(-1.04825e-07 -7.70127e-13 3.4232e-07)
(-1.05639e-07 2.41793e-13 3.52375e-07)
(-1.04391e-07 -1.81886e-13 3.4944e-07)
(-1.07323e-07 5.46701e-14 3.48192e-07)
(-1.06888e-07 9.54501e-13 3.55309e-07)
(-1.09819e-07 8.0142e-13 3.54062e-07)
(5.52237e-10 -2.45311e-10 6.06032e-10)
(2.98243e-10 -2.27188e-10 3.25935e-10)
(2.07014e-10 -1.45807e-10 2.43628e-10)
(1.14814e-09 -3.91772e-10 1.09108e-09)
(8.78014e-10 -4.54871e-10 7.50662e-10)
(6.90102e-10 -2.88805e-10 6.5377e-10)
(1.72524e-09 -4.78394e-10 1.69269e-09)
(1.46654e-09 -5.70973e-10 1.25234e-09)
(1.19799e-09 -3.65394e-10 1.1673e-09)
(2.28211e-09 -5.28986e-10 2.47433e-09)
(2.03486e-09 -6.37425e-10 1.92831e-09)
(1.68552e-09 -4.10237e-10 1.853e-09)
(2.81026e-09 -5.5773e-10 3.44488e-09)
(2.57751e-09 -6.75376e-10 2.79507e-09)
(2.14538e-09 -4.36095e-10 2.72235e-09)
(3.30417e-09 -5.7341e-10 4.60572e-09)
(3.0896e-09 -6.96517e-10 3.85542e-09)
(2.57372e-09 -4.50707e-10 3.77912e-09)
(3.75885e-09 -5.81196e-10 5.95553e-09)
(3.56565e-09 -7.07484e-10 5.10834e-09)
(2.96578e-09 -4.58702e-10 5.02356e-09)
(4.16961e-09 -5.84076e-10 7.49142e-09)
(4.00049e-09 -7.12053e-10 6.55079e-09)
(3.31695e-09 -4.62648e-10 6.45368e-09)
(4.53217e-09 -5.83808e-10 9.20963e-09)
(4.38943e-09 -7.12474e-10 8.17885e-09)
(3.62298e-09 -4.64015e-10 8.06631e-09)
(4.84268e-09 -5.81444e-10 1.1106e-08)
(4.72822e-09 -7.10116e-10 9.98811e-09)
(3.88001e-09 -4.63663e-10 9.85763e-09)
(5.09768e-09 -5.77622e-10 1.31759e-08)
(5.01313e-09 -7.05827e-10 1.19739e-08)
(4.08451e-09 -4.62099e-10 1.18234e-08)
(5.29412e-09 -5.72738e-10 1.54148e-08)
(5.24086e-09 -7.00136e-10 1.41315e-08)
(4.23338e-09 -4.59629e-10 1.39592e-08)
(5.42933e-09 -5.67041e-10 1.7818e-08)
(5.4085e-09 -6.93383e-10 1.64559e-08)
(4.32382e-09 -4.56441e-10 1.62604e-08)
(5.50099e-09 -5.60694e-10 2.03806e-08)
(5.51355e-09 -6.85791e-10 1.89424e-08)
(4.35342e-09 -4.52659e-10 1.87224e-08)
(5.50709e-09 -5.53808e-10 2.3098e-08)
(5.55383e-09 -6.7751e-10 2.15862e-08)
(4.32005e-09 -4.48365e-10 2.13405e-08)
(5.44591e-09 -5.4646e-10 2.59653e-08)
(5.52751e-09 -6.68647e-10 2.43823e-08)
(4.2219e-09 -4.43621e-10 2.41102e-08)
(5.31603e-09 -5.38707e-10 2.8978e-08)
(5.433e-09 -6.59278e-10 2.73261e-08)
(4.05742e-09 -4.38473e-10 2.70267e-08)
(5.11627e-09 -5.30591e-10 3.21313e-08)
(5.26902e-09 -6.4946e-10 3.0413e-08)
(3.82533e-09 -4.32958e-10 3.00857e-08)
(4.84571e-09 -5.22146e-10 3.54206e-08)
(5.03452e-09 -6.39237e-10 3.36382e-08)
(3.52459e-09 -4.27104e-10 3.32824e-08)
(4.50366e-09 -5.13398e-10 3.88416e-08)
(4.72869e-09 -6.28646e-10 3.69971e-08)
(3.15438e-09 -4.20937e-10 3.66126e-08)
(4.08961e-09 -5.04371e-10 4.23896e-08)
(4.35097e-09 -6.17714e-10 4.04854e-08)
(2.71412e-09 -4.14477e-10 4.00718e-08)
(3.60331e-09 -4.95084e-10 4.60603e-08)
(3.90096e-09 -6.06467e-10 4.40986e-08)
(2.20342e-09 -4.07743e-10 4.36556e-08)
(3.04465e-09 -4.85554e-10 4.98494e-08)
(3.37849e-09 -5.94926e-10 4.78322e-08)
(1.62209e-09 -4.00751e-10 4.73597e-08)
(2.41374e-09 -4.75798e-10 5.37526e-08)
(2.78359e-09 -5.8311e-10 5.16821e-08)
(9.70134e-10 -3.93515e-10 5.118e-08)
(1.71084e-09 -4.6583e-10 5.77656e-08)
(2.11642e-09 -5.71039e-10 5.56439e-08)
(2.47713e-10 -3.86051e-10 5.51123e-08)
(9.36368e-10 -4.55665e-10 6.18845e-08)
(1.37736e-09 -5.58731e-10 5.97135e-08)
(-5.44838e-10 -3.78371e-10 5.91526e-08)
(9.09074e-11 -4.45318e-10 6.61052e-08)
(5.66891e-10 -5.46201e-10 6.38868e-08)
(-1.40704e-09 -3.70488e-10 6.32967e-08)
(-8.24833e-10 -4.34802e-10 7.04236e-08)
(-3.14322e-10 -5.33468e-10 6.81599e-08)
(-2.33825e-09 -3.62417e-10 6.75409e-08)
(-1.81001e-09 -4.24133e-10 7.48359e-08)
(-1.2655e-09 -5.20549e-10 7.25288e-08)
(-3.33772e-09 -3.54169e-10 7.18811e-08)
(-2.86366e-09 -4.13324e-10 7.93384e-08)
(-2.28572e-09 -5.0746e-10 7.69897e-08)
(-4.40456e-09 -3.45759e-10 7.63138e-08)
(-3.9847e-09 -4.0239e-10 8.39273e-08)
(-3.37397e-09 -4.94217e-10 8.15387e-08)
(-5.53777e-09 -3.37198e-10 8.0835e-08)
(-5.17197e-09 -3.91344e-10 8.8599e-08)
(-4.52911e-09 -4.80839e-10 8.61724e-08)
(-6.73624e-09 -3.285e-10 8.54413e-08)
(-6.42418e-09 -3.802e-10 9.33499e-08)
(-5.7499e-09 -4.67342e-10 9.08869e-08)
(-7.99877e-09 -3.19678e-10 9.0129e-08)
(-7.73999e-09 -3.68974e-10 9.81765e-08)
(-7.03504e-09 -4.53742e-10 9.56789e-08)
(-9.32406e-09 -3.10745e-10 9.48947e-08)
(-9.11794e-09 -3.57679e-10 1.03075e-07)
(-8.38311e-09 -4.40057e-10 1.00545e-07)
(-1.07107e-08 -3.01715e-10 9.97351e-08)
(-1.05566e-08 -3.4633e-10 1.08043e-07)
(-9.79264e-09 -4.26303e-10 1.05482e-07)
(-1.21573e-08 -2.926e-10 1.04647e-07)
(-1.20542e-08 -3.3494e-10 1.13077e-07)
(-1.12621e-08 -4.12498e-10 1.10486e-07)
(-1.36624e-08 -2.83414e-10 1.09626e-07)
(-1.36094e-08 -3.23523e-10 1.18174e-07)
(-1.27898e-08 -3.98657e-10 1.15554e-07)
(-1.52243e-08 -2.7417e-10 1.14671e-07)
(-1.52203e-08 -3.12095e-10 1.2333e-07)
(-1.43743e-08 -3.84799e-10 1.20683e-07)
(-1.68414e-08 -2.6488e-10 1.19777e-07)
(-1.68854e-08 -3.00669e-10 1.28543e-07)
(-1.60137e-08 -3.7094e-10 1.2587e-07)
(-1.85121e-08 -2.55559e-10 1.24942e-07)
(-1.86027e-08 -2.89258e-10 1.33809e-07)
(-1.77063e-08 -3.57095e-10 1.31113e-07)
(-2.02346e-08 -2.46219e-10 1.30163e-07)
(-2.03706e-08 -2.77878e-10 1.39126e-07)
(-1.94503e-08 -3.43283e-10 1.36407e-07)
(-2.20072e-08 -2.36873e-10 1.35437e-07)
(-2.21872e-08 -2.66541e-10 1.44492e-07)
(-2.12441e-08 -3.2952e-10 1.41752e-07)
(-2.38282e-08 -2.27534e-10 1.40762e-07)
(-2.40508e-08 -2.55262e-10 1.49903e-07)
(-2.30857e-08 -3.15821e-10 1.47142e-07)
(-2.56957e-08 -2.18215e-10 1.46133e-07)
(-2.59594e-08 -2.44055e-10 1.55356e-07)
(-2.49732e-08 -3.02205e-10 1.52577e-07)
(-2.7608e-08 -2.0893e-10 1.5155e-07)
(-2.79113e-08 -2.32934e-10 1.6085e-07)
(-2.6905e-08 -2.88687e-10 1.58054e-07)
(-2.95632e-08 -1.9969e-10 1.57009e-07)
(-2.99046e-08 -2.21912e-10 1.66382e-07)
(-2.88791e-08 -2.75283e-10 1.63569e-07)
(-3.15595e-08 -1.90509e-10 1.62508e-07)
(-3.19374e-08 -2.11002e-10 1.71949e-07)
(-3.08936e-08 -2.6201e-10 1.69121e-07)
(-3.3595e-08 -1.81399e-10 1.68044e-07)
(-3.40079e-08 -2.0022e-10 1.7755e-07)
(-3.29468e-08 -2.48885e-10 1.74707e-07)
(-3.56681e-08 -1.72374e-10 1.73615e-07)
(-3.61143e-08 -1.89577e-10 1.83181e-07)
(-3.50367e-08 -2.35923e-10 1.80325e-07)
(-3.77768e-08 -1.63445e-10 1.79219e-07)
(-3.82548e-08 -1.79088e-10 1.88841e-07)
(-3.71616e-08 -2.2314e-10 1.85973e-07)
(-3.99194e-08 -1.54626e-10 1.84853e-07)
(-4.04275e-08 -1.68767e-10 1.94528e-07)
(-3.93196e-08 -2.10553e-10 1.91649e-07)
(-4.2094e-08 -1.45929e-10 1.90516e-07)
(-4.26308e-08 -1.58626e-10 2.00239e-07)
(-4.1509e-08 -1.98178e-10 1.9735e-07)
(-4.42989e-08 -1.37365e-10 1.96205e-07)
(-4.48627e-08 -1.48678e-10 2.05973e-07)
(-4.3728e-08 -1.8603e-10 2.03075e-07)
(-4.65324e-08 -1.28948e-10 2.01919e-07)
(-4.71216e-08 -1.38938e-10 2.11727e-07)
(-4.59748e-08 -1.74125e-10 2.08821e-07)
(-4.87928e-08 -1.2069e-10 2.07655e-07)
(-4.94058e-08 -1.29418e-10 2.17501e-07)
(-4.82476e-08 -1.62479e-10 2.14587e-07)
(-5.10783e-08 -1.12603e-10 2.13411e-07)
(-5.17137e-08 -1.20131e-10 2.23291e-07)
(-5.0545e-08 -1.51108e-10 2.20371e-07)
(-5.33873e-08 -1.04699e-10 2.19186e-07)
(-5.40435e-08 -1.1109e-10 2.29097e-07)
(-5.28651e-08 -1.40026e-10 2.26171e-07)
(-5.57181e-08 -9.69894e-11 2.24978e-07)
(-5.63938e-08 -1.02308e-10 2.34917e-07)
(-5.52063e-08 -1.2925e-10 2.31986e-07)
(-5.80693e-08 -8.94867e-11 2.30785e-07)
(-5.87628e-08 -9.37981e-11 2.40749e-07)
(-5.75671e-08 -1.18794e-10 2.37813e-07)
(-6.04392e-08 -8.22023e-11 2.36606e-07)
(-6.11493e-08 -8.55722e-11 2.46592e-07)
(-5.9946e-08 -1.08674e-10 2.43653e-07)
(-6.28264e-08 -7.51478e-11 2.42439e-07)
(-6.35515e-08 -7.76432e-11 2.52444e-07)
(-6.23414e-08 -9.89046e-11 2.49502e-07)
(-6.52293e-08 -6.83349e-11 2.48283e-07)
(-6.59683e-08 -7.00234e-11 2.58305e-07)
(-6.4752e-08 -8.95005e-11 2.5536e-07)
(-6.76466e-08 -6.17748e-11 2.54136e-07)
(-6.8398e-08 -6.27253e-11 2.64172e-07)
(-6.71762e-08 -8.04766e-11 2.61225e-07)
(-7.00769e-08 -5.54789e-11 2.59997e-07)
(-7.08396e-08 -5.57611e-11 2.70045e-07)
(-6.96128e-08 -7.18476e-11 2.67097e-07)
(-7.25189e-08 -4.94583e-11 2.65864e-07)
(-7.32916e-08 -4.91431e-11 2.75923e-07)
(-7.20604e-08 -6.3628e-11 2.72973e-07)
(-7.49713e-08 -4.37242e-11 2.71737e-07)
(-7.57528e-08 -4.28838e-11 2.81803e-07)
(-7.45179e-08 -5.58324e-11 2.78854e-07)
(-7.74329e-08 -3.82878e-11 2.77615e-07)
(-7.82221e-08 -3.69958e-11 2.87687e-07)
(-7.69839e-08 -4.84755e-11 2.84737e-07)
(-7.99025e-08 -3.31603e-11 2.83496e-07)
(-8.06984e-08 -3.1492e-11 2.93572e-07)
(-7.94574e-08 -4.15723e-11 2.90622e-07)
(-8.2379e-08 -2.83532e-11 2.89379e-07)
(-8.31806e-08 -2.63857e-11 2.99458e-07)
(-8.19373e-08 -3.5138e-11 2.96509e-07)
(-8.48614e-08 -2.38783e-11 2.95264e-07)
(-8.56677e-08 -2.16907e-11 3.05344e-07)
(-8.44225e-08 -2.91885e-11 3.02396e-07)
(-8.73487e-08 -1.97478e-11 3.0115e-07)
(-8.81588e-08 -1.74214e-11 3.11229e-07)
(-8.69121e-08 -2.37399e-11 3.08282e-07)
(-8.984e-08 -1.5974e-11 3.07035e-07)
(-9.06529e-08 -1.35912e-11 3.17113e-07)
(-8.94052e-08 -1.88089e-11 3.14168e-07)
(-9.23343e-08 -1.25693e-11 3.1292e-07)
(-9.31492e-08 -1.02116e-11 3.22996e-07)
(-9.19009e-08 -1.44109e-11 3.20052e-07)
(-9.48309e-08 -9.54442e-12 3.18804e-07)
(-9.56471e-08 -7.28699e-12 3.28876e-07)
(-9.43983e-08 -1.05581e-11 3.25934e-07)
(-9.7329e-08 -6.90592e-12 3.24686e-07)
(-9.81457e-08 -4.80763e-12 3.34754e-07)
(-9.68969e-08 -7.25357e-12 3.31814e-07)
(-9.98279e-08 -4.65049e-12 3.30566e-07)
(-1.00644e-07 -2.73516e-12 3.4063e-07)
(-9.93958e-08 -4.47854e-12 3.37691e-07)
(-1.02327e-07 -2.75556e-12 3.36443e-07)
(-1.03143e-07 -9.88769e-13 3.46503e-07)
(-1.01894e-07 -2.16753e-12 3.43566e-07)
(-1.04826e-07 -1.16164e-12 3.42318e-07)
(-1.0564e-07 5.34208e-13 3.52374e-07)
(-1.04392e-07 -1.83705e-13 3.49438e-07)
(-1.07324e-07 2.3543e-13 3.48191e-07)
(-1.06889e-07 1.58445e-12 3.55308e-07)
(-1.0982e-07 1.51728e-12 3.54061e-07)
(6.06356e-10 -4.38225e-10 4.74405e-10)
(2.53888e-10 -2.92526e-10 1.62447e-10)
(1.20763e-09 -6.33081e-10 9.15133e-10)
(7.48626e-10 -4.90456e-10 5.1135e-10)
(1.78164e-09 -7.30865e-10 1.4912e-09)
(1.2517e-09 -5.67991e-10 9.88052e-10)
(2.33643e-09 -7.85496e-10 2.25232e-09)
(1.73626e-09 -6.12158e-10 1.64509e-09)
(2.86427e-09 -8.16356e-10 3.20882e-09)
(2.19615e-09 -6.38751e-10 2.49462e-09)
(3.35958e-09 -8.3303e-10 4.36125e-09)
(2.62632e-09 -6.54257e-10 3.53894e-09)
(3.81679e-09 -8.40865e-10 5.70686e-09)
(3.02133e-09 -6.62791e-10 4.77635e-09)
(4.23071e-09 -8.42969e-10 7.24158e-09)
(3.37605e-09 -6.66765e-10 6.20336e-09)
(4.59668e-09 -8.41243e-10 8.96081e-09)
(3.68586e-09 -6.6765e-10 7.81569e-09)
(4.91061e-09 -8.36877e-10 1.08597e-08)
(3.94663e-09 -6.6637e-10 9.60867e-09)
(5.16888e-09 -8.30623e-10 1.29333e-08)
(4.15469e-09 -6.63504e-10 1.15775e-08)
(5.36835e-09 -8.22962e-10 1.51765e-08)
(4.30685e-09 -6.59419e-10 1.37172e-08)
(5.50631e-09 -8.14212e-10 1.75845e-08)
(4.40027e-09 -6.54351e-10 1.60229e-08)
(5.5804e-09 -8.04584e-10 2.01522e-08)
(4.43252e-09 -6.48464e-10 1.84899e-08)
(5.58861e-09 -7.94228e-10 2.28749e-08)
(4.40147e-09 -6.41874e-10 2.11132e-08)
(5.52924e-09 -7.83248e-10 2.57476e-08)
(4.3053e-09 -6.34665e-10 2.38883e-08)
(5.40085e-09 -7.71722e-10 2.87658e-08)
(4.14249e-09 -6.26904e-10 2.68103e-08)
(5.20229e-09 -7.59709e-10 3.19246e-08)
(3.91175e-09 -6.18642e-10 2.98747e-08)
(4.93263e-09 -7.47255e-10 3.52195e-08)
(3.61207e-09 -6.09921e-10 3.3077e-08)
(4.5912e-09 -7.34398e-10 3.86459e-08)
(3.24263e-09 -6.00777e-10 3.64127e-08)
(4.17751e-09 -7.21168e-10 4.21994e-08)
(2.80287e-09 -5.91238e-10 3.98773e-08)
(3.69132e-09 -7.07591e-10 4.58756e-08)
(2.29241e-09 -5.8133e-10 4.34666e-08)
(3.13252e-09 -6.93693e-10 4.96701e-08)
(1.71108e-09 -5.71076e-10 4.71762e-08)
(2.50125e-09 -6.79496e-10 5.35786e-08)
(1.05888e-09 -5.60497e-10 5.10019e-08)
(1.79777e-09 -6.65019e-10 5.75969e-08)
(3.3599e-10 -5.49612e-10 5.49395e-08)
(1.02252e-09 -6.50284e-10 6.1721e-08)
(-4.57239e-10 -5.38441e-10 5.8985e-08)
(1.76087e-10 -6.35309e-10 6.59468e-08)
(-1.32031e-09 -5.27001e-10 6.31343e-08)
(-7.40803e-10 -6.20116e-10 7.02703e-08)
(-2.25258e-09 -5.1531e-10 6.73836e-08)
(-1.72729e-09 -6.04723e-10 7.46876e-08)
(-3.25329e-09 -5.03388e-10 7.17289e-08)
(-2.78241e-09 -5.8915e-10 7.91951e-08)
(-4.32152e-09 -4.91251e-10 7.61665e-08)
(-3.90507e-09 -5.73415e-10 8.37888e-08)
(-5.45627e-09 -4.78917e-10 8.06927e-08)
(-5.09407e-09 -5.5754e-10 8.84653e-08)
(-6.65641e-09 -4.66406e-10 8.53038e-08)
(-6.34814e-09 -5.41542e-10 9.32208e-08)
(-7.92074e-09 -4.53734e-10 8.99963e-08)
(-7.6659e-09 -5.25442e-10 9.80521e-08)
(-9.24794e-09 -4.4092e-10 9.47667e-08)
(-9.04592e-09 -5.09259e-10 1.02956e-07)
(-1.06366e-08 -4.27982e-10 9.96117e-08)
(-1.04867e-08 -4.93013e-10 1.07928e-07)
(-1.20854e-08 -4.14938e-10 1.04528e-07)
(-1.19866e-08 -4.76722e-10 1.12966e-07)
(-1.35926e-08 -4.01806e-10 1.09512e-07)
(-1.3544e-08 -4.60407e-10 1.18067e-07)
(-1.51567e-08 -3.88604e-10 1.14561e-07)
(-1.51573e-08 -4.44086e-10 1.23228e-07)
(-1.67762e-08 -3.75351e-10 1.19671e-07)
(-1.68247e-08 -4.2778e-10 1.28444e-07)
(-1.84492e-08 -3.62063e-10 1.24841e-07)
(-1.85444e-08 -4.11506e-10 1.33715e-07)
(-2.01741e-08 -3.4876e-10 1.30066e-07)
(-2.03148e-08 -3.95285e-10 1.39036e-07)
(-2.19492e-08 -3.35458e-10 1.35344e-07)
(-2.21339e-08 -3.79135e-10 1.44406e-07)
(-2.37726e-08 -3.22176e-10 1.40672e-07)
(-2.39999e-08 -3.63076e-10 1.4982e-07)
(-2.56427e-08 -3.08932e-10 1.46048e-07)
(-2.5911e-08 -3.47127e-10 1.55278e-07)
(-2.75574e-08 -2.95744e-10 1.51468e-07)
(-2.78654e-08 -3.31306e-10 1.60775e-07)
(-2.95151e-08 -2.82628e-10 1.56931e-07)
(-2.98611e-08 -3.15633e-10 1.66311e-07)
(-3.15139e-08 -2.69603e-10 1.62434e-07)
(-3.18964e-08 -3.00126e-10 1.71882e-07)
(-3.35519e-08 -2.56686e-10 1.67973e-07)
(-3.39694e-08 -2.84805e-10 1.77486e-07)
(-3.56274e-08 -2.43894e-10 1.73548e-07)
(-3.60782e-08 -2.69687e-10 1.8312e-07)
(-3.77386e-08 -2.31246e-10 1.79155e-07)
(-3.8221e-08 -2.54792e-10 1.88784e-07)
(-3.98835e-08 -2.18757e-10 1.84793e-07)
(-4.03961e-08 -2.40137e-10 1.94473e-07)
(-4.20605e-08 -2.06446e-10 1.90459e-07)
(-4.26015e-08 -2.25743e-10 2.00188e-07)
(-4.42678e-08 -1.94329e-10 1.96152e-07)
(-4.48357e-08 -2.11625e-10 2.05925e-07)
(-4.65036e-08 -1.82423e-10 2.01869e-07)
(-4.70968e-08 -1.97804e-10 2.11682e-07)
(-4.87661e-08 -1.70745e-10 2.07607e-07)
(-4.93831e-08 -1.84297e-10 2.17458e-07)
(-5.10538e-08 -1.59311e-10 2.13367e-07)
(-5.1693e-08 -1.71122e-10 2.23252e-07)
(-5.33649e-08 -1.48139e-10 2.19145e-07)
(-5.40248e-08 -1.58296e-10 2.29061e-07)
(-5.56978e-08 -1.37245e-10 2.2494e-07)
(-5.63769e-08 -1.45838e-10 2.34883e-07)
(-5.80509e-08 -1.26644e-10 2.30749e-07)
(-5.87478e-08 -1.33765e-10 2.40718e-07)
(-6.04227e-08 -1.16353e-10 2.36573e-07)
(-6.1136e-08 -1.22094e-10 2.46563e-07)
(-6.28116e-08 -1.06389e-10 2.42409e-07)
(-6.35399e-08 -1.10843e-10 2.52418e-07)
(-6.52163e-08 -9.67657e-11 2.48255e-07)
(-6.59582e-08 -1.00029e-10 2.58281e-07)
(-6.76352e-08 -8.75001e-11 2.5411e-07)
(-6.83895e-08 -8.96689e-11 2.6415e-07)
(-7.00671e-08 -7.86074e-11 2.59973e-07)
(-7.08324e-08 -7.97793e-11 2.70025e-07)
(-7.25105e-08 -7.0103e-11 2.65843e-07)
(-7.32857e-08 -7.03772e-11 2.75905e-07)
(-7.49643e-08 -6.20021e-11 2.71719e-07)
(-7.57481e-08 -6.14796e-11 2.81788e-07)
(-7.74271e-08 -5.43199e-11 2.77598e-07)
(-7.82185e-08 -5.31034e-11 2.87673e-07)
(-7.98979e-08 -4.70717e-11 2.83481e-07)
(-8.06958e-08 -4.52658e-11 2.9356e-07)
(-8.23755e-08 -4.02729e-11 2.89366e-07)
(-8.31789e-08 -3.79846e-11 2.99447e-07)
(-8.48589e-08 -3.39391e-11 2.95253e-07)
(-8.56668e-08 -3.1278e-11 3.05335e-07)
(-8.73471e-08 -2.80865e-11 3.0114e-07)
(-8.81585e-08 -2.51644e-11 3.11221e-07)
(-8.98391e-08 -2.27312e-11 3.07027e-07)
(-9.06532e-08 -1.96622e-11 3.17107e-07)
(-9.23341e-08 -1.78897e-11 3.12913e-07)
(-9.31501e-08 -1.47879e-11 3.22991e-07)
(-9.48312e-08 -1.35769e-11 3.18798e-07)
(-9.56483e-08 -1.05516e-11 3.28872e-07)
(-9.73298e-08 -9.80366e-12 3.24681e-07)
(-9.81473e-08 -6.94728e-12 3.34751e-07)
(-9.98291e-08 -6.57069e-12 3.30562e-07)
(-1.00646e-07 -3.92835e-12 3.40627e-07)
(-1.02328e-07 -3.8541e-12 3.3644e-07)
(-1.03145e-07 -1.37421e-12 3.46501e-07)
(-1.04827e-07 -1.56852e-12 3.42316e-07)
(-1.05642e-07 8.59148e-13 3.52372e-07)
(-1.07325e-07 4.62738e-13 3.48189e-07)
(-1.09822e-07 2.30967e-12 3.54059e-07)
(3.80314e-10 3.43473e-10 2.07563e-10)
(1.62243e-10 2.08356e-10 8.21412e-11)
(1.41619e-10 2.23025e-10 -1.1839e-12)
(8.0142e-10 4.25673e-10 5.88173e-10)
(5.59526e-10 3.25388e-10 4.14453e-10)
(4.4982e-10 3.09609e-10 2.51174e-10)
(1.20974e-09 4.50309e-10 1.14743e-09)
(9.81568e-10 3.61705e-10 9.05885e-10)
(7.77228e-10 3.11812e-10 6.98422e-10)
(1.5995e-09 4.66629e-10 1.89405e-09)
(1.38467e-09 3.83735e-10 1.57353e-09)
(1.09241e-09 3.12637e-10 1.33749e-09)
(1.96227e-09 4.77918e-10 2.83245e-09)
(1.76102e-09 3.9781e-10 2.4266e-09)
(1.38488e-09 3.15772e-10 2.17002e-09)
(2.29251e-09 4.85268e-10 3.96277e-09)
(2.10673e-09 4.0656e-10 3.46824e-09)
(1.64855e-09 3.19463e-10 3.19491e-09)
(2.58531e-09 4.89895e-10 5.28255e-09)
(2.41705e-09 4.12037e-10 4.69799e-09)
(1.87797e-09 3.23255e-10 4.40952e-09)
(2.83615e-09 4.92591e-10 6.78805e-09)
(2.68744e-09 4.15378e-10 6.11338e-09)
(2.06834e-09 3.26878e-10 5.81025e-09)
(3.04092e-09 4.9386e-10 8.47494e-09)
(2.91373e-09 4.17241e-10 7.71091e-09)
(2.21548e-09 3.30158e-10 7.39291e-09)
(3.19596e-09 4.94018e-10 1.03386e-08)
(3.09215e-09 4.18023e-10 9.48648e-09)
(2.31568e-09 3.32993e-10 9.15301e-09)
(3.29799e-09 4.93261e-10 1.23742e-08)
(3.21926e-09 4.1795e-10 1.14357e-08)
(2.36563e-09 3.35311e-10 1.10859e-08)
(3.34413e-09 4.91712e-10 1.4577e-08)
(3.29205e-09 4.17157e-10 1.35541e-08)
(2.36243e-09 3.37067e-10 1.3187e-08)
(3.33185e-09 4.89454e-10 1.69423e-08)
(3.3078e-09 4.15729e-10 1.58369e-08)
(2.30349e-09 3.38241e-10 1.54515e-08)
(3.25893e-09 4.86553e-10 1.94653e-08)
(3.26415e-09 4.13726e-10 1.82797e-08)
(2.18654e-09 3.38836e-10 1.7875e-08)
(3.12345e-09 4.83061e-10 2.21415e-08)
(3.15905e-09 4.11196e-10 2.08777e-08)
(2.00957e-09 3.38869e-10 2.04529e-08)
(2.92377e-09 4.79025e-10 2.49662e-08)
(2.99069e-09 4.08177e-10 2.36265e-08)
(1.77087e-09 3.38364e-10 2.31806e-08)
(2.65851e-09 4.74484e-10 2.79349e-08)
(2.75758e-09 4.04706e-10 2.65215e-08)
(1.46895e-09 3.37351e-10 2.60538e-08)
(2.32653e-09 4.69473e-10 3.10431e-08)
(2.45844e-09 4.00813e-10 2.95583e-08)
(1.10259e-09 3.35859e-10 2.90681e-08)
(1.92693e-09 4.64022e-10 3.42865e-08)
(2.09225e-09 3.96525e-10 3.27323e-08)
(6.70765e-10 3.33916e-10 3.22191e-08)
(1.45901e-09 4.58158e-10 3.76607e-08)
(1.6582e-09 3.91867e-10 3.60393e-08)
(1.72695e-10 3.31547e-10 3.55026e-08)
(9.22303e-10 4.51906e-10 4.11613e-08)
(1.15571e-09 3.86859e-10 3.94749e-08)
(-3.92205e-10 3.28775e-10 3.89144e-08)
(3.16524e-10 4.45286e-10 4.47842e-08)
(5.84402e-10 3.81521e-10 4.3035e-08)
(-1.02431e-09 3.2562e-10 4.24502e-08)
(-3.58419e-10 4.38318e-10 4.85251e-08)
(-5.59276e-11 3.7587e-10 4.67152e-08)
(-1.72383e-09 3.221e-10 4.6106e-08)
(-1.10244e-09 4.3102e-10 5.23801e-08)
(-7.65284e-10 3.69923e-10 5.05114e-08)
(-2.49076e-09 3.18233e-10 4.98777e-08)
(-1.91529e-09 4.23411e-10 5.63449e-08)
(-1.5435e-09 3.63695e-10 5.44196e-08)
(-3.32495e-09 3.14034e-10 5.37614e-08)
(-2.79657e-09 4.15506e-10 6.04158e-08)
(-2.39027e-09 3.57199e-10 5.84358e-08)
(-4.22608e-09 3.09518e-10 5.7753e-08)
(-3.74571e-09 4.07323e-10 6.45887e-08)
(-3.30509e-09 3.50452e-10 6.2556e-08)
(-5.1937e-09 3.04701e-10 6.18488e-08)
(-4.76203e-09 3.98879e-10 6.88598e-08)
(-4.28737e-09 3.43467e-10 6.67763e-08)
(-6.22718e-09 2.99597e-10 6.60448e-08)
(-5.84471e-09 3.90188e-10 7.32253e-08)
(-5.33635e-09 3.36258e-10 7.10931e-08)
(-7.3258e-09 2.9422e-10 7.03374e-08)
(-6.99281e-09 3.81269e-10 7.76816e-08)
(-6.45115e-09 3.28839e-10 7.55024e-08)
(-8.4887e-09 2.88585e-10 7.4723e-08)
(-8.20529e-09 3.72137e-10 8.22251e-08)
(-7.63079e-09 3.21226e-10 8.00007e-08)
(-9.7149e-09 2.82707e-10 7.91978e-08)
(-9.48099e-09 3.6281e-10 8.68521e-08)
(-8.87418e-09 3.13431e-10 8.45845e-08)
(-1.10033e-08 2.76601e-10 8.37584e-08)
(-1.08187e-08 3.53303e-10 9.15593e-08)
(-1.01801e-08 3.05469e-10 8.92501e-08)
(-1.23528e-08 2.7028e-10 8.84013e-08)
(-1.2217e-08 3.43634e-10 9.63433e-08)
(-1.15474e-08 2.97355e-10 9.39942e-08)
(-1.37621e-08 2.63761e-10 9.31232e-08)
(-1.36747e-08 3.33818e-10 1.01201e-07)
(-1.29745e-08 2.89103e-10 9.88134e-08)
(-1.52298e-08 2.57058e-10 9.79206e-08)
(-1.51901e-08 3.23873e-10 1.06128e-07)
(-1.44602e-08 2.80728e-10 1.03704e-07)
(-1.67546e-08 2.50186e-10 1.0279e-07)
(-1.67618e-08 3.13816e-10 1.11123e-07)
(-1.60028e-08 2.72243e-10 1.08664e-07)
(-1.8335e-08 2.4316e-10 1.07729e-07)
(-1.83881e-08 3.03662e-10 1.16181e-07)
(-1.76009e-08 2.63665e-10 1.13689e-07)
(-1.99693e-08 2.35995e-10 1.12735e-07)
(-2.00675e-08 2.9343e-10 1.21301e-07)
(-1.92529e-08 2.55005e-10 1.18777e-07)
(-2.16562e-08 2.28706e-10 1.17803e-07)
(-2.17983e-08 2.83134e-10 1.26478e-07)
(-2.0957e-08 2.4628e-10 1.23924e-07)
(-2.33938e-08 2.21309e-10 1.22931e-07)
(-2.35788e-08 2.72792e-10 1.3171e-07)
(-2.27116e-08 2.37504e-10 1.29127e-07)
(-2.51806e-08 2.13819e-10 1.28116e-07)
(-2.54071e-08 2.62421e-10 1.36995e-07)
(-2.4515e-08 2.28691e-10 1.34385e-07)
(-2.70149e-08 2.06249e-10 1.33356e-07)
(-2.72816e-08 2.52036e-10 1.42329e-07)
(-2.63655e-08 2.19855e-10 1.39693e-07)
(-2.88948e-08 1.98617e-10 1.38648e-07)
(-2.92005e-08 2.41654e-10 1.4771e-07)
(-2.82612e-08 2.1101e-10 1.45049e-07)
(-3.08188e-08 1.90935e-10 1.43988e-07)
(-3.1162e-08 2.31292e-10 1.53136e-07)
(-3.02003e-08 2.02171e-10 1.50451e-07)
(-3.27849e-08 1.8322e-10 1.49375e-07)
(-3.31643e-08 2.20965e-10 1.58603e-07)
(-3.21812e-08 1.93351e-10 1.55896e-07)
(-3.47915e-08 1.75485e-10 1.54805e-07)
(-3.52055e-08 2.1069e-10 1.64109e-07)
(-3.4202e-08 1.84566e-10 1.61382e-07)
(-3.68368e-08 1.67747e-10 1.60277e-07)
(-3.72839e-08 2.00483e-10 1.69653e-07)
(-3.62608e-08 1.75828e-10 1.66906e-07)
(-3.89189e-08 1.60019e-10 1.65787e-07)
(-3.93977e-08 1.9036e-10 1.75231e-07)
(-3.83559e-08 1.67151e-10 1.72465e-07)
(-4.10362e-08 1.52316e-10 1.71334e-07)
(-4.15451e-08 1.80336e-10 1.80841e-07)
(-4.04856e-08 1.5855e-10 1.78058e-07)
(-4.31868e-08 1.44652e-10 1.76916e-07)
(-4.37244e-08 1.70427e-10 1.86481e-07)
(-4.26479e-08 1.50038e-10 1.83682e-07)
(-4.5369e-08 1.37042e-10 1.82529e-07)
(-4.59336e-08 1.60649e-10 1.92149e-07)
(-4.48412e-08 1.41629e-10 1.89336e-07)
(-4.75811e-08 1.295e-10 1.88172e-07)
(-4.81712e-08 1.51018e-10 1.97844e-07)
(-4.70637e-08 1.33336e-10 1.95016e-07)
(-4.98213e-08 1.2204e-10 1.93843e-07)
(-5.04355e-08 1.41549e-10 2.03562e-07)
(-4.93138e-08 1.25172e-10 2.00721e-07)
(-5.2088e-08 1.14677e-10 1.99539e-07)
(-5.27247e-08 1.32256e-10 2.09302e-07)
(-5.15896e-08 1.17151e-10 2.06449e-07)
(-5.43794e-08 1.07424e-10 2.05259e-07)
(-5.50372e-08 1.23156e-10 2.15063e-07)
(-5.38896e-08 1.09287e-10 2.12199e-07)
(-5.6694e-08 1.00294e-10 2.11001e-07)
(-5.73713e-08 1.14264e-10 2.20842e-07)
(-5.62121e-08 1.01591e-10 2.17968e-07)
(-5.90301e-08 9.33024e-11 2.16763e-07)
(-5.97256e-08 1.05593e-10 2.26637e-07)
(-5.85555e-08 9.40774e-11 2.23754e-07)
(-6.13862e-08 8.64614e-11 2.22543e-07)
(-6.20984e-08 9.71583e-11 2.32448e-07)
(-6.09183e-08 8.67586e-11 2.29556e-07)
(-6.37607e-08 7.97845e-11 2.28339e-07)
(-6.44882e-08 8.89752e-11 2.38272e-07)
(-6.32989e-08 7.96471e-11 2.35373e-07)
(-6.61522e-08 7.3285e-11 2.3415e-07)
(-6.68937e-08 8.10576e-11 2.44108e-07)
(-6.56959e-08 7.27555e-11 2.41202e-07)
(-6.85591e-08 6.69758e-11 2.39975e-07)
(-6.93134e-08 7.34195e-11 2.49954e-07)
(-6.81078e-08 6.60961e-11 2.47042e-07)
(-7.09802e-08 6.08695e-11 2.45811e-07)
(-7.17458e-08 6.60751e-11 2.5581e-07)
(-7.05333e-08 5.96812e-11 2.52892e-07)
(-7.3414e-08 5.49788e-11 2.51657e-07)
(-7.41898e-08 5.90382e-11 2.61673e-07)
(-7.29709e-08 5.35227e-11 2.58751e-07)
(-7.58592e-08 4.93162e-11 2.57513e-07)
(-7.66441e-08 5.23224e-11 2.67542e-07)
(-7.54195e-08 4.76327e-11 2.64616e-07)
(-7.83146e-08 4.38937e-11 2.63376e-07)
(-7.91073e-08 4.59414e-11 2.73417e-07)
(-7.78777e-08 4.20229e-11 2.70488e-07)
(-8.07789e-08 3.87236e-11 2.69245e-07)
(-8.15785e-08 3.99089e-11 2.79296e-07)
(-8.03445e-08 3.67053e-11 2.76364e-07)
(-8.32511e-08 3.38178e-11 2.75119e-07)
(-8.40564e-08 3.42383e-11 2.85179e-07)
(-8.28186e-08 3.16916e-11 2.82244e-07)
(-8.573e-08 2.91882e-11 2.80998e-07)
(-8.65401e-08 2.89436e-11 2.91063e-07)
(-8.52991e-08 2.69938e-11 2.88127e-07)
(-8.82146e-08 2.48469e-11 2.8688e-07)
(-8.90285e-08 2.40387e-11 2.96949e-07)
(-8.77848e-08 2.26241e-11 2.94011e-07)
(-9.07039e-08 2.0806e-11 2.92763e-07)
(-9.15207e-08 1.95378e-11 3.02835e-07)
(-9.02748e-08 1.85949e-11 2.99897e-07)
(-9.3197e-08 1.70777e-11 2.98648e-07)
(-9.40159e-08 1.54549e-11 3.08721e-07)
(-9.27683e-08 1.49187e-11 3.05783e-07)
(-9.5693e-08 1.36743e-11 3.04534e-07)
(-9.65133e-08 1.1803e-11 3.14607e-07)
(-9.52643e-08 1.16077e-11 3.11668e-07)
(-9.81912e-08 1.06078e-11 3.10419e-07)
(-9.9012e-08 8.59157e-12 3.20491e-07)
(-9.77622e-08 8.67216e-12 3.17552e-07)
(-1.00691e-07 7.88824e-12 3.16303e-07)
(-1.01512e-07 5.82191e-12 3.26373e-07)
(-1.00261e-07 6.11745e-12 3.23435e-07)
(-1.03191e-07 5.52101e-12 3.22186e-07)
(-1.04011e-07 3.47688e-12 3.32253e-07)
(-1.02761e-07 3.93815e-12 3.29315e-07)
(-1.05692e-07 3.50035e-12 3.28066e-07)
(-1.0651e-07 1.49379e-12 3.3813e-07)
(-1.0526e-07 2.10686e-12 3.35193e-07)
(-1.08192e-07 1.79472e-12 3.33945e-07)
(-1.09009e-07 -2.68802e-13 3.44004e-07)
(-1.07759e-07 5.45374e-13 3.41069e-07)
(-1.10691e-07 3.0308e-13 3.39821e-07)
(-1.11506e-07 -1.91355e-12 3.49876e-07)
(-1.10257e-07 -8.94345e-13 3.46942e-07)
(-1.13189e-07 -1.14783e-12 3.45693e-07)
(-1.12753e-07 -2.25279e-12 3.52812e-07)
(-1.15686e-07 -2.42695e-12 3.51563e-07)
(3.2373e-10 1.88915e-10 2.92527e-10)
(1.3301e-10 1.01192e-10 1.20963e-10)
(1.02915e-10 1.10708e-10 3.30786e-11)
(7.49865e-10 2.62414e-10 7.35029e-10)
(5.19191e-10 1.84638e-10 5.0992e-10)
(4.05805e-10 1.78846e-10 3.67084e-10)
(1.16236e-09 2.97697e-10 1.33477e-09)
(9.42397e-10 2.22924e-10 1.0383e-09)
(7.37799e-10 1.99919e-10 8.68045e-10)
(1.55185e-09 3.17986e-10 2.10885e-09)
(1.34637e-09 2.4506e-10 1.73235e-09)
(1.05276e-09 2.09768e-10 1.54136e-09)
(1.91252e-09 3.29785e-10 3.06519e-09)
(1.72156e-09 2.5812e-10 2.6039e-09)
(1.34153e-09 2.15295e-10 2.39605e-09)
(2.2394e-09 3.3673e-10 4.20632e-09)
(2.06491e-09 2.6573e-10 3.65773e-09)
(1.60029e-09 2.19046e-10 3.4346e-09)
(2.52822e-09 3.40873e-10 5.53178e-09)
(2.37221e-09 2.70224e-10 4.89487e-09)
(1.82443e-09 2.22141e-10 4.65675e-09)
(2.77489e-09 3.4328e-10 7.03931e-09)
(2.63924e-09 2.72863e-10 6.31407e-09)
(2.0096e-09 2.24899e-10 6.06073e-09)
(2.97556e-09 3.4453e-10 8.72566e-09)
(2.86213e-09 2.74332e-10 7.91279e-09)
(2.15185e-09 2.27383e-10 7.64364e-09)
(3.12672e-09 3.44943e-10 1.0587e-08)
(3.03726e-09 2.75007e-10 9.68771e-09)
(2.24757e-09 2.29578e-10 9.40193e-09)
(3.22519e-09 3.44695e-10 1.26191e-08)
(3.1613e-09 2.75091e-10 1.1635e-08)
(2.2935e-09 2.31445e-10 1.13317e-08)
(3.2681e-09 3.43888e-10 1.48177e-08)
(3.23126e-09 2.74694e-10 1.37505e-08)
(2.28672e-09 2.32946e-10 1.34286e-08)
(3.25295e-09 3.42582e-10 1.71781e-08)
(3.24449e-09 2.7388e-10 1.60299e-08)
(2.22464e-09 2.34059e-10 1.56885e-08)
(3.17752e-09 3.40821e-10 1.9696e-08)
(3.19861e-09 2.72688e-10 1.84688e-08)
(2.10494e-09 2.34776e-10 1.81068e-08)
(3.03987e-09 3.3864e-10 2.23668e-08)
(3.09155e-09 2.71149e-10 2.10627e-08)
(1.92562e-09 2.351e-10 2.06794e-08)
(2.83836e-09 3.36068e-10 2.51861e-08)
(2.92153e-09 2.69286e-10 2.38072e-08)
(1.68491e-09 2.35043e-10 2.34016e-08)
(2.57158e-09 3.33131e-10 2.81492e-08)
(2.68701e-09 2.67122e-10 2.66978e-08)
(1.38134e-09 2.34623e-10 2.62692e-08)
(2.2384e-09 3.29852e-10 3.12519e-08)
(2.38673e-09 2.64676e-10 2.973e-08)
(1.01363e-09 2.33857e-10 2.92779e-08)
(1.83788e-09 3.26251e-10 3.44896e-08)
(2.01964e-09 2.61964e-10 3.28996e-08)
(5.80761e-10 2.32763e-10 3.24233e-08)
(1.36932e-09 3.22348e-10 3.78582e-08)
(1.58493e-09 2.59002e-10 3.62021e-08)
(8.19385e-11 2.31358e-10 3.57012e-08)
(8.32252e-10 3.18159e-10 4.13533e-08)
(1.08201e-09 2.55803e-10 3.96333e-08)
(-4.83436e-10 2.29657e-10 3.91074e-08)
(2.26365e-10 3.13698e-10 4.49707e-08)
(5.10472e-10 2.52381e-10 4.31889e-08)
(-1.11576e-09 2.27674e-10 4.26377e-08)
(-4.48443e-10 3.0898e-10 4.87062e-08)
(-1.29872e-10 2.48746e-10 4.68646e-08)
(-1.81523e-09 2.25423e-10 4.6288e-08)
(-1.1921e-09 3.04017e-10 5.25558e-08)
(-8.39048e-10 2.44909e-10 5.06565e-08)
(-2.58189e-09 2.22914e-10 5.00543e-08)
(-2.00437e-09 2.98823e-10 5.65153e-08)
(-1.6169e-09 2.4088e-10 5.45603e-08)
(-3.41558e-09 2.2016e-10 5.39326e-08)
(-2.88485e-09 2.93408e-10 6.05809e-08)
(-2.46313e-09 2.36669e-10 5.85722e-08)
(-4.31601e-09 2.17171e-10 5.79189e-08)
(-3.83301e-09 2.87785e-10 6.47485e-08)
(-3.37725e-09 2.32286e-10 6.26882e-08)
(-5.28271e-09 2.13958e-10 6.20094e-08)
(-4.84817e-09 2.81966e-10 6.90145e-08)
(-4.35867e-09 2.27739e-10 6.69043e-08)
(-6.3151e-09 2.1053e-10 6.62003e-08)
(-5.92952e-09 2.75962e-10 7.3375e-08)
(-5.40665e-09 2.23038e-10 7.12169e-08)
(-7.41246e-09 2.06899e-10 7.04878e-08)
(-7.07614e-09 2.69785e-10 7.78263e-08)
(-6.52032e-09 2.18193e-10 7.56222e-08)
(-8.57393e-09 2.03075e-10 7.48683e-08)
(-8.28699e-09 2.63448e-10 8.23649e-08)
(-7.6987e-09 2.13213e-10 8.01165e-08)
(-9.79855e-09 1.99069e-10 7.93382e-08)
(-9.56094e-09 2.56962e-10 8.69871e-08)
(-8.94072e-09 2.08108e-10 8.46962e-08)
(-1.10853e-08 1.94891e-10 8.38939e-08)
(-1.08968e-08 2.50339e-10 9.16895e-08)
(-1.02452e-08 2.02887e-10 8.9358e-08)
(-1.24329e-08 1.90551e-10 8.8532e-08)
(-1.22931e-08 2.43592e-10 9.64688e-08)
(-1.16109e-08 1.9756e-10 9.40982e-08)
(-1.38403e-08 1.86061e-10 9.32492e-08)
(-1.37487e-08 2.36732e-10 1.01322e-07)
(-1.30364e-08 1.92136e-10 9.89136e-08)
(-1.53059e-08 1.81432e-10 9.8042e-08)
(-1.52619e-08 2.29771e-10 1.06245e-07)
(-1.45203e-08 1.86626e-10 1.03801e-07)
(-1.68286e-08 1.76674e-10 1.02907e-07)
(-1.68314e-08 2.22721e-10 1.11235e-07)
(-1.60611e-08 1.81038e-10 1.08757e-07)
(-1.84067e-08 1.71798e-10 1.07842e-07)
(-1.84554e-08 2.15596e-10 1.16289e-07)
(-1.76574e-08 1.75383e-10 1.13779e-07)
(-2.00388e-08 1.66816e-10 1.12843e-07)
(-2.01325e-08 2.08406e-10 1.21404e-07)
(-1.93074e-08 1.69671e-10 1.18863e-07)
(-2.17233e-08 1.61738e-10 1.17906e-07)
(-2.18608e-08 2.01164e-10 1.26577e-07)
(-2.10096e-08 1.63911e-10 1.24006e-07)
(-2.34585e-08 1.56575e-10 1.2303e-07)
(-2.36388e-08 1.93882e-10 1.31805e-07)
(-2.27622e-08 1.58112e-10 1.29206e-07)
(-2.52429e-08 1.51339e-10 1.28212e-07)
(-2.54647e-08 1.86571e-10 1.37086e-07)
(-2.45636e-08 1.52285e-10 1.3446e-07)
(-2.70746e-08 1.4604e-10 1.33447e-07)
(-2.73367e-08 1.79245e-10 1.42416e-07)
(-2.6412e-08 1.46439e-10 1.39765e-07)
(-2.89521e-08 1.40689e-10 1.38735e-07)
(-2.92531e-08 1.71915e-10 1.47793e-07)
(-2.83056e-08 1.40584e-10 1.45118e-07)
(-3.08735e-08 1.35296e-10 1.44071e-07)
(-3.12121e-08 1.64592e-10 1.53215e-07)
(-3.02428e-08 1.34729e-10 1.50517e-07)
(-3.28371e-08 1.29874e-10 1.49454e-07)
(-3.32118e-08 1.57288e-10 1.58678e-07)
(-3.22216e-08 1.28884e-10 1.55959e-07)
(-3.48412e-08 1.24433e-10 1.54881e-07)
(-3.52506e-08 1.50017e-10 1.64181e-07)
(-3.42403e-08 1.23058e-10 1.61442e-07)
(-3.68839e-08 1.18983e-10 1.60349e-07)
(-3.73265e-08 1.42788e-10 1.69721e-07)
(-3.6297e-08 1.1726e-10 1.66962e-07)
(-3.89636e-08 1.13535e-10 1.65856e-07)
(-3.94378e-08 1.35613e-10 1.75295e-07)
(-3.83901e-08 1.11501e-10 1.72519e-07)
(-4.10784e-08 1.081e-10 1.71399e-07)
(-4.15828e-08 1.28505e-10 1.80902e-07)
(-4.05177e-08 1.0579e-10 1.78109e-07)
(-4.32265e-08 1.02688e-10 1.76977e-07)
(-4.37596e-08 1.21475e-10 1.86539e-07)
(-4.26781e-08 1.00135e-10 1.83731e-07)
(-4.54063e-08 9.73098e-11 1.82587e-07)
(-4.59665e-08 1.14534e-10 1.92204e-07)
(-4.48695e-08 9.45453e-11 1.89381e-07)
(-4.7616e-08 9.19761e-11 1.88227e-07)
(-4.82018e-08 1.07693e-10 1.97895e-07)
(-4.70901e-08 8.90312e-11 1.95059e-07)
(-4.98538e-08 8.6697e-11 1.93894e-07)
(-5.04638e-08 1.00964e-10 2.0361e-07)
(-4.93382e-08 8.36012e-11 2.00762e-07)
(-5.21182e-08 8.14827e-11 1.99588e-07)
(-5.27508e-08 9.43575e-11 2.09348e-07)
(-5.16122e-08 7.82643e-11 2.06487e-07)
(-5.44073e-08 7.63434e-11 2.05305e-07)
(-5.50611e-08 8.78851e-11 2.15105e-07)
(-5.39104e-08 7.30294e-11 2.12234e-07)
(-5.67197e-08 7.12891e-11 2.11043e-07)
(-5.73932e-08 8.15574e-11 2.20881e-07)
(-5.62312e-08 6.79053e-11 2.18001e-07)
(-5.90537e-08 6.63298e-11 2.16802e-07)
(-5.97454e-08 7.53852e-11 2.26674e-07)
(-5.85729e-08 6.29008e-11 2.23785e-07)
(-6.14077e-08 6.14753e-11 2.2258e-07)
(-6.21163e-08 6.93793e-11 2.32482e-07)
(-6.0934e-08 5.80245e-11 2.29585e-07)
(-6.37803e-08 5.67352e-11 2.28373e-07)
(-6.45043e-08 6.35503e-11 2.38303e-07)
(-6.33131e-08 5.32849e-11 2.35399e-07)
(-6.61698e-08 5.21192e-11 2.34182e-07)
(-6.6908e-08 5.79085e-11 2.44137e-07)
(-6.57086e-08 4.86906e-11 2.41226e-07)
(-6.85749e-08 4.76367e-11 2.40004e-07)
(-6.9326e-08 5.24643e-11 2.49981e-07)
(-6.8119e-08 4.42499e-11 2.47064e-07)
(-7.09942e-08 4.3297e-11 2.45838e-07)
(-7.17568e-08 4.7228e-11 2.55834e-07)
(-7.05431e-08 3.9971e-11 2.52912e-07)
(-7.34263e-08 3.91093e-11 2.51682e-07)
(-7.41993e-08 4.22095e-11 2.61695e-07)
(-7.29795e-08 3.58621e-11 2.58769e-07)
(-7.587e-08 3.50827e-11 2.57535e-07)
(-7.66521e-08 3.74191e-11 2.67562e-07)
(-7.54268e-08 3.19314e-11 2.64633e-07)
(-7.83239e-08 3.12261e-11 2.63396e-07)
(-7.9114e-08 3.28666e-11 2.73435e-07)
(-7.7884e-08 2.81868e-11 2.70503e-07)
(-8.07868e-08 2.75483e-11 2.69263e-07)
(-8.1584e-08 2.85621e-11 2.79312e-07)
(-8.03497e-08 2.46364e-11 2.76377e-07)
(-8.32577e-08 2.40583e-11 2.75135e-07)
(-8.40608e-08 2.45157e-11 2.85192e-07)
(-8.28228e-08 2.12884e-11 2.82256e-07)
(-8.57354e-08 2.07649e-11 2.81012e-07)
(-8.65434e-08 2.07378e-11 2.91075e-07)
(-8.53023e-08 1.8151e-11 2.88137e-07)
(-8.82189e-08 1.76769e-11 2.86892e-07)
(-8.90309e-08 1.72389e-11 2.96959e-07)
(-8.77872e-08 1.52327e-11 2.9402e-07)
(-9.07072e-08 1.48035e-11 2.92774e-07)
(-9.15223e-08 1.40297e-11 3.02844e-07)
(-9.02765e-08 1.25421e-11 2.99905e-07)
(-9.31993e-08 1.21538e-11 2.98657e-07)
(-9.40167e-08 1.11208e-11 3.08729e-07)
(-9.27693e-08 1.0088e-11 3.05789e-07)
(-9.56945e-08 9.73723e-12 3.04541e-07)
(-9.65134e-08 8.52155e-12 3.14613e-07)
(-9.52648e-08 7.87861e-12 3.11673e-07)
(-9.8192e-08 7.56247e-12 3.10425e-07)
(-9.90116e-08 6.23805e-12 3.20496e-07)
(-9.77622e-08 5.92062e-12 3.17557e-07)
(-1.00691e-07 5.63656e-12 3.16308e-07)
(-1.01511e-07 4.26885e-12 3.26377e-07)
(-1.00261e-07 4.21657e-12 3.23438e-07)
(-1.03191e-07 3.96199e-12 3.2219e-07)
(-1.0401e-07 2.59798e-12 3.32256e-07)
(-1.0276e-07 2.76075e-12 3.29318e-07)
(-1.05691e-07 2.53187e-12 3.2807e-07)
(-1.06509e-07 1.18169e-12 3.38132e-07)
(-1.05259e-07 1.53222e-12 3.35196e-07)
(-1.08191e-07 1.32154e-12 3.33948e-07)
(-1.09007e-07 -6.28338e-14 3.44006e-07)
(-1.07758e-07 4.81716e-13 3.41071e-07)
(-1.1069e-07 2.70776e-13 3.39823e-07)
(-1.11504e-07 -1.21873e-12 3.49878e-07)
(-1.10255e-07 -4.64829e-13 3.46943e-07)
(-1.13187e-07 -7.10006e-13 3.45695e-07)
(-1.12752e-07 -1.35757e-12 3.52813e-07)
(-1.15684e-07 -1.62797e-12 3.51565e-07)
(3.03923e-10 9.66355e-11 3.38904e-10)
(1.25971e-10 4.15659e-11 1.39658e-10)
(9.40001e-11 5.19468e-11 4.8178e-11)
(7.21802e-10 1.44455e-10 8.15276e-10)
(5.01119e-10 8.3593e-11 5.58023e-10)
(3.83171e-10 9.5022e-11 4.22524e-10)
(1.13249e-09 1.70245e-10 1.43854e-09)
(9.21321e-10 1.05721e-10 1.1061e-09)
(7.11654e-10 1.12431e-10 9.55927e-10)
(1.52093e-09 1.85539e-10 2.23009e-09)
(1.3244e-09 1.1893e-10 1.81494e-09)
(1.02553e-09 1.21391e-10 1.65305e-09)
(1.88014e-09 1.94543e-10 3.19921e-09)
(1.69853e-09 1.2677e-10 2.69767e-09)
(1.31248e-09 1.26487e-10 2.52475e-09)
(2.20503e-09 1.99767e-10 4.34914e-09)
(2.04046e-09 1.31313e-10 3.75956e-09)
(1.56867e-09 1.2963e-10 3.5749e-09)
(2.49147e-09 2.02787e-10 5.68014e-09)
(2.34604e-09 1.3394e-10 5.0021e-09)
(1.78984e-09 1.31864e-10 4.80445e-09)
(2.7356e-09 2.04493e-10 7.19067e-09)
(2.61119e-09 1.35448e-10 6.42458e-09)
(1.97192e-09 1.33654e-10 6.21263e-09)
(2.93372e-09 2.05375e-10 8.8781e-09)
(2.83214e-09 1.36276e-10 8.02493e-09)
(2.11114e-09 1.35183e-10 7.79741e-09)
(3.08242e-09 2.05698e-10 1.07391e-08)
(3.00536e-09 1.36665e-10 9.80023e-09)
(2.204e-09 1.36508e-10 9.55589e-09)
(3.17859e-09 2.05605e-10 1.27699e-08)
(3.1276e-09 1.36741e-10 1.1747e-08)
(2.24732e-09 1.37636e-10 1.14846e-08)
(3.21941e-09 2.05171e-10 1.49664e-08)
(3.19591e-09 1.36572e-10 1.38613e-08)
(2.23819e-09 1.38553e-10 1.35797e-08)
(3.20237e-09 2.04439e-10 1.73244e-08)
(3.20763e-09 1.36194e-10 1.61391e-08)
(2.17401e-09 1.39248e-10 1.58371e-08)
(3.12527e-09 2.03437e-10 1.98395e-08)
(3.16041e-09 1.35629e-10 1.8576e-08)
(2.05248e-09 1.39714e-10 1.82527e-08)
(2.98618e-09 2.02185e-10 2.25072e-08)
(3.05218e-09 1.34892e-10 2.11678e-08)
(1.87157e-09 1.39952e-10 2.08222e-08)
(2.78343e-09 2.007e-10 2.53232e-08)
(2.88115e-09 1.33995e-10 2.391e-08)
(1.62951e-09 1.39966e-10 2.35412e-08)
(2.51563e-09 1.98997e-10 2.82831e-08)
(2.64578e-09 1.32947e-10 2.67982e-08)
(1.32479e-09 1.39764e-10 2.64055e-08)
(2.18161e-09 1.97088e-10 3.13824e-08)
(2.3448e-09 1.31758e-10 2.9828e-08)
(9.56157e-10 1.39357e-10 2.94107e-08)
(1.78045e-09 1.94987e-10 3.46168e-08)
(1.97715e-09 1.30436e-10 3.29951e-08)
(5.22563e-10 1.38753e-10 3.25527e-08)
(1.31144e-09 1.92703e-10 3.7982e-08)
(1.54202e-09 1.28989e-10 3.62952e-08)
(2.32002e-11 1.37963e-10 3.58272e-08)
(7.74077e-10 1.90246e-10 4.14737e-08)
(1.03882e-09 1.27423e-10 3.97238e-08)
(-5.42536e-10 1.36994e-10 3.92299e-08)
(1.6807e-10 1.87625e-10 4.50878e-08)
(4.67124e-10 1.25744e-10 4.32769e-08)
(-1.17505e-09 1.35857e-10 4.27568e-08)
(-5.06701e-10 1.84848e-10 4.88199e-08)
(-1.73259e-10 1.23958e-10 4.69502e-08)
(-1.87455e-09 1.34557e-10 4.64037e-08)
(-1.25017e-09 1.81923e-10 5.26661e-08)
(-8.82359e-10 1.22071e-10 5.07396e-08)
(-2.64108e-09 1.33101e-10 5.01666e-08)
(-2.06211e-09 1.78857e-10 5.66224e-08)
(-1.66003e-09 1.20086e-10 5.4641e-08)
(-3.47449e-09 1.31497e-10 5.40415e-08)
(-2.94213e-09 1.75657e-10 6.06847e-08)
(-2.50596e-09 1.1801e-10 5.86504e-08)
(-4.37451e-09 1.29751e-10 5.80245e-08)
(-3.8897e-09 1.72331e-10 6.48491e-08)
(-3.4197e-09 1.15846e-10 6.2764e-08)
(-5.34067e-09 1.27868e-10 6.21117e-08)
(-4.90415e-09 1.68885e-10 6.91119e-08)
(-4.40065e-09 1.13599e-10 6.69778e-08)
(-6.37239e-09 1.25856e-10 6.62993e-08)
(-5.98469e-09 1.65326e-10 7.34692e-08)
(-5.44806e-09 1.11275e-10 7.1288e-08)
(-7.46896e-09 1.2372e-10 7.05836e-08)
(-7.13038e-09 1.61662e-10 7.79174e-08)
(-6.56109e-09 1.08877e-10 7.56909e-08)
(-8.62955e-09 1.21466e-10 7.49609e-08)
(-8.34022e-09 1.57899e-10 8.24529e-08)
(-7.73876e-09 1.06411e-10 8.01829e-08)
(-9.85319e-09 1.19101e-10 7.94277e-08)
(-9.61307e-09 1.54045e-10 8.70721e-08)
(-8.98e-09 1.03881e-10 8.47604e-08)
(-1.11388e-08 1.16631e-10 8.39803e-08)
(-1.09477e-08 1.50107e-10 9.17715e-08)
(-1.02836e-08 1.01292e-10 8.94199e-08)
(-1.24853e-08 1.14063e-10 8.86154e-08)
(-1.23428e-08 1.46092e-10 9.65479e-08)
(-1.16484e-08 9.86491e-11 9.4158e-08)
(-1.38914e-08 1.11403e-10 9.33296e-08)
(-1.37971e-08 1.42008e-10 1.01398e-07)
(-1.30729e-08 9.59566e-11 9.89712e-08)
(-1.53558e-08 1.08658e-10 9.81194e-08)
(-1.53089e-08 1.37861e-10 1.06318e-07)
(-1.45559e-08 9.32197e-11 1.03856e-07)
(-1.68771e-08 1.05833e-10 1.02982e-07)
(-1.68769e-08 1.33659e-10 1.11305e-07)
(-1.60957e-08 9.04432e-11 1.0881e-07)
(-1.84538e-08 1.02936e-10 1.07914e-07)
(-1.84995e-08 1.29409e-10 1.16357e-07)
(-1.76908e-08 8.7632e-11 1.1383e-07)
(-2.00844e-08 9.9974e-11 1.12911e-07)
(-2.0175e-08 1.25119e-10 1.21469e-07)
(-1.93397e-08 8.47909e-11 1.18912e-07)
(-2.17674e-08 9.69524e-11 1.17973e-07)
(-2.19019e-08 1.20795e-10 1.2664e-07)
(-2.10408e-08 8.19249e-11 1.24053e-07)
(-2.3501e-08 9.38783e-11 1.23094e-07)
(-2.36783e-08 1.16446e-10 1.31865e-07)
(-2.27923e-08 7.90387e-11 1.29252e-07)
(-2.52838e-08 9.07583e-11 1.28273e-07)
(-2.55026e-08 1.12078e-10 1.37143e-07)
(-2.45925e-08 7.61373e-11 1.34504e-07)
(-2.7114e-08 8.75991e-11 1.33506e-07)
(-2.7373e-08 1.07698e-10 1.42471e-07)
(-2.64397e-08 7.32255e-11 1.39807e-07)
(-2.89898e-08 8.44071e-11 1.38791e-07)
(-2.92877e-08 1.03314e-10 1.47846e-07)
(-2.83321e-08 7.03081e-11 1.45158e-07)
(-3.09096e-08 8.11891e-11 1.44125e-07)
(-3.12451e-08 9.89337e-11 1.53265e-07)
(-3.0268e-08 6.73899e-11 1.50555e-07)
(-3.28716e-08 7.79515e-11 1.49505e-07)
(-3.32432e-08 9.4563e-11 1.58726e-07)
(-3.22456e-08 6.44757e-11 1.55995e-07)
(-3.4874e-08 7.47008e-11 1.54929e-07)
(-3.52803e-08 9.02097e-11 1.64226e-07)
(-3.42631e-08 6.15704e-11 1.61476e-07)
(-3.69151e-08 7.14437e-11 1.60395e-07)
(-3.73546e-08 8.58806e-11 1.69764e-07)
(-3.63187e-08 5.86786e-11 1.66995e-07)
(-3.89931e-08 6.81864e-11 1.659e-07)
(-3.94644e-08 8.15829e-11 1.75336e-07)
(-3.84106e-08 5.58051e-11 1.7255e-07)
(-4.11063e-08 6.49356e-11 1.71441e-07)
(-4.16078e-08 7.73236e-11 1.8094e-07)
(-4.0537e-08 5.29545e-11 1.78138e-07)
(-4.32528e-08 6.16975e-11 1.77016e-07)
(-4.3783e-08 7.31096e-11 1.86575e-07)
(-4.26962e-08 5.01316e-11 1.83758e-07)
(-4.5431e-08 5.84786e-11 1.82624e-07)
(-4.59884e-08 6.89479e-11 1.92238e-07)
(-4.48864e-08 4.73409e-11 1.89407e-07)
(-4.76391e-08 5.52851e-11 1.88262e-07)
(-4.82222e-08 6.48453e-11 1.97927e-07)
(-4.71059e-08 4.45872e-11 1.95083e-07)
(-4.98755e-08 5.21232e-11 1.93927e-07)
(-5.04827e-08 6.08085e-11 2.03641e-07)
(-4.93529e-08 4.18748e-11 2.00785e-07)
(-5.21383e-08 4.89993e-11 1.99618e-07)
(-5.27682e-08 5.68445e-11 2.09376e-07)
(-5.16258e-08 3.92085e-11 2.06509e-07)
(-5.4426e-08 4.59194e-11 2.05334e-07)
(-5.50772e-08 5.29597e-11 2.15132e-07)
(-5.39229e-08 3.65926e-11 2.12255e-07)
(-5.6737e-08 4.28895e-11 2.11071e-07)
(-5.74079e-08 4.91609e-11 2.20906e-07)
(-5.62427e-08 3.40316e-11 2.1802e-07)
(-5.90696e-08 3.99158e-11 2.16828e-07)
(-5.97588e-08 4.54546e-11 2.26697e-07)
(-5.85834e-08 3.15299e-11 2.23802e-07)
(-6.14222e-08 3.70042e-11 2.22603e-07)
(-6.21284e-08 4.18472e-11 2.32503e-07)
(-6.09436e-08 2.90919e-11 2.29601e-07)
(-6.37934e-08 3.41606e-11 2.28395e-07)
(-6.45152e-08 3.83453e-11 2.38323e-07)
(-6.33217e-08 2.67219e-11 2.35414e-07)
(-6.61817e-08 3.13906e-11 2.34202e-07)
(-6.69177e-08 3.49551e-11 2.44155e-07)
(-6.57163e-08 2.44241e-11 2.4124e-07)
(-6.85856e-08 2.87002e-11 2.40022e-07)
(-6.93345e-08 3.16828e-11 2.49997e-07)
(-6.81259e-08 2.22028e-11 2.47077e-07)
(-7.10038e-08 2.60949e-11 2.45855e-07)
(-7.17643e-08 2.85348e-11 2.55849e-07)
(-7.05492e-08 2.0062e-11 2.52924e-07)
(-7.34348e-08 2.35803e-11 2.51697e-07)
(-7.42058e-08 2.5517e-11 2.61708e-07)
(-7.29848e-08 1.8006e-11 2.58779e-07)
(-7.58774e-08 2.11618e-11 2.57549e-07)
(-7.66577e-08 2.26357e-11 2.67574e-07)
(-7.54314e-08 1.60389e-11 2.64642e-07)
(-7.83303e-08 1.88451e-11 2.63408e-07)
(-7.91187e-08 1.9897e-11 2.73446e-07)
(-7.78878e-08 1.41646e-11 2.70511e-07)
(-8.07923e-08 1.66353e-11 2.69274e-07)
(-8.15878e-08 1.73069e-11 2.79322e-07)
(-8.03529e-08 1.23873e-11 2.76385e-07)
(-8.32623e-08 1.4538e-11 2.75145e-07)
(-8.40639e-08 1.48717e-11 2.85201e-07)
(-8.28254e-08 1.07112e-11 2.82262e-07)
(-8.57392e-08 1.25585e-11 2.81021e-07)
(-8.65458e-08 1.25978e-11 2.91083e-07)
(-8.53044e-08 9.14042e-12 2.88143e-07)
(-8.82219e-08 1.07023e-11 2.869e-07)
(-8.90327e-08 1.04918e-11 2.96966e-07)
(-8.77888e-08 7.67932e-12 2.94025e-07)
(-9.07095e-08 8.97514e-12 2.92781e-07)
(-9.15235e-08 8.56017e-12 3.0285e-07)
(-9.02777e-08 6.33234e-12 2.99909e-07)
(-9.32011e-08 7.38259e-12 2.98663e-07)
(-9.40175e-08 6.8095e-12 3.08734e-07)
(-9.27701e-08 5.10394e-12 3.05793e-07)
(-9.56958e-08 5.93038e-12 3.04546e-07)
(-9.65137e-08 5.24527e-12 3.14617e-07)
(-9.52652e-08 3.99827e-12 3.11676e-07)
(-9.81927e-08 4.62378e-12 3.10429e-07)
(-9.90116e-08 3.87064e-12 3.20499e-07)
(-9.77623e-08 3.0185e-12 3.17559e-07)
(-1.00691e-07 3.46675e-12 3.16312e-07)
(-1.0151e-07 2.68388e-12 3.2638e-07)
(-1.00261e-07 2.1655e-12 3.23441e-07)
(-1.03191e-07 2.46027e-12 3.22193e-07)
(-1.04009e-07 1.67439e-12 3.32258e-07)
(-1.0276e-07 1.43583e-12 3.2932e-07)
(-1.0569e-07 1.59958e-12 3.28072e-07)
(-1.06508e-07 8.16418e-13 3.38134e-07)
(-1.05259e-07 8.18487e-13 3.35197e-07)
(-1.0819e-07 8.69579e-13 3.33949e-07)
(-1.09006e-07 6.81327e-14 3.44008e-07)
(-1.07757e-07 2.90213e-13 3.41072e-07)
(-1.10689e-07 2.37596e-13 3.39824e-07)
(-1.11503e-07 -6.14499e-13 3.49879e-07)
(-1.10255e-07 -1.80294e-13 3.46944e-07)
(-1.13187e-07 -3.35098e-13 3.45697e-07)
(-1.12751e-07 -6.20651e-13 3.52815e-07)
(-1.15683e-07 -8.68021e-13 3.51566e-07)
(2.96426e-10 2.93157e-11 3.58558e-10)
(1.24215e-10 -1.23802e-19 1.45044e-10)
(9.09428e-11 1.50298e-11 5.4497e-11)
(7.10404e-10 4.54641e-11 8.50307e-10)
(4.96044e-10 -3.11494e-19 5.72473e-10)
(3.73964e-10 2.9109e-11 4.46078e-10)
(1.11922e-09 5.49121e-11 1.48483e-09)
(9.15023e-10 -5.10587e-19 1.12688e-09)
(7.00049e-10 3.57833e-11 9.94238e-10)
(1.50644e-09 6.06635e-11 2.28502e-09)
(1.31749e-09 -7.2242e-19 1.84058e-09)
(1.01267e-09 3.94581e-11 1.70295e-09)
(1.86456e-09 6.40671e-11 3.26067e-09)
(1.6911e-09 -9.51292e-19 2.72705e-09)
(1.29838e-09 4.15503e-11 2.58338e-09)
(2.18831e-09 6.60341e-11 4.41533e-09)
(2.03248e-09 -1.18681e-18 3.7917e-09)
(1.55321e-09 4.27966e-11 3.63979e-09)
(2.47354e-09 6.71599e-11 5.74951e-09)
(2.33746e-09 -1.44277e-18 5.03618e-09)
(1.77293e-09 4.36321e-11 4.87358e-09)
(2.71641e-09 6.77895e-11 7.26197e-09)
(2.60198e-09 -1.70342e-18 6.45989e-09)
(1.95351e-09 4.42661e-11 6.28441e-09)
(2.91327e-09 6.81154e-11 8.95034e-09)
(2.82229e-09 -1.99636e-18 8.06092e-09)
(2.09125e-09 4.47892e-11 7.8706e-09)
(3.06076e-09 6.82417e-11 1.08115e-08)
(2.99489e-09 -2.32686e-18 9.83647e-09)
(2.18272e-09 4.52359e-11 9.62956e-09)
(3.15579e-09 6.82236e-11 1.2842e-08)
(3.11653e-09 -2.67006e-18 1.17832e-08)
(2.22474e-09 4.56146e-11 1.15581e-08)
(3.19556e-09 6.80902e-11 1.50377e-08)
(3.18429e-09 -3.02569e-18 1.38972e-08)
(2.21444e-09 4.59242e-11 1.36525e-08)
(3.17758e-09 6.78574e-11 1.73946e-08)
(3.19551e-09 -3.42795e-18 1.61745e-08)
(2.14922e-09 4.61614e-11 1.59089e-08)
(3.09965e-09 6.7535e-11 1.99084e-08)
(3.14784e-09 -3.84845e-18 1.86108e-08)
(2.02676e-09 4.63239e-11 1.83233e-08)
(2.95983e-09 6.71296e-11 2.25748e-08)
(3.03922e-09 -4.23658e-18 2.12019e-08)
(1.84505e-09 4.64115e-11 2.08914e-08)
(2.75646e-09 6.66468e-11 2.53894e-08)
(2.86785e-09 -4.61904e-18 2.39434e-08)
(1.6023e-09 4.64253e-11 2.36089e-08)
(2.48813e-09 6.60914e-11 2.83477e-08)
(2.63219e-09 -5.06843e-18 2.68309e-08)
(1.29701e-09 4.63679e-11 2.64716e-08)
(2.15369e-09 6.54676e-11 3.14454e-08)
(2.33097e-09 -5.53441e-18 2.98599e-08)
(9.27897e-10 4.6242e-11 2.94753e-08)
(1.7522e-09 6.47794e-11 3.46783e-08)
(1.96314e-09 -5.9872e-18 3.30263e-08)
(4.93928e-10 4.60509e-11 3.26157e-08)
(1.28295e-09 6.40301e-11 3.80419e-08)
(1.52787e-09 -6.45135e-18 3.63255e-08)
(-5.71749e-12 4.57976e-11 3.58885e-08)
(7.4543e-10 6.32229e-11 4.1532e-08)
(1.02456e-09 -6.93347e-18 3.97533e-08)
(-5.71647e-10 4.54848e-11 3.92896e-08)
(1.39347e-10 6.23609e-11 4.51444e-08)
(4.52811e-10 -7.44129e-18 4.33056e-08)
(-1.20427e-09 4.51154e-11 4.28148e-08)
(-5.3542e-10 6.14466e-11 4.8875e-08)
(-1.8759e-10 -7.97808e-18 4.69781e-08)
(-1.9038e-09 4.46918e-11 4.646e-08)
(-1.27881e-09 6.04826e-11 5.27196e-08)
(-8.9667e-10 -8.53725e-18 5.07667e-08)
(-2.67028e-09 4.42161e-11 5.02213e-08)
(-2.0906e-09 5.94713e-11 5.66743e-08)
(-1.67428e-09 -9.11658e-18 5.46673e-08)
(-3.50357e-09 4.36907e-11 5.40946e-08)
(-2.97041e-09 5.84152e-11 6.0735e-08)
(-2.52013e-09 -9.71873e-18 5.8676e-08)
(-4.40339e-09 4.31176e-11 5.8076e-08)
(-3.91771e-09 5.73164e-11 6.48979e-08)
(-3.43375e-09 -1.03436e-17 6.27887e-08)
(-5.3693e-09 4.24989e-11 6.21616e-08)
(-4.93182e-09 5.61774e-11 6.91591e-08)
(-4.41454e-09 -1.09883e-17 6.70017e-08)
(-6.40071e-09 4.18366e-11 6.63476e-08)
(-6.01197e-09 5.50006e-11 7.35149e-08)
(-5.46177e-09 -1.16403e-17 7.13112e-08)
(-7.49691e-09 4.11327e-11 7.06304e-08)
(-7.15722e-09 5.37881e-11 7.79616e-08)
(-6.57459e-09 -1.22904e-17 7.57134e-08)
(-8.65706e-09 4.03895e-11 7.50061e-08)
(-8.36657e-09 5.25425e-11 8.24956e-08)
(-7.75203e-09 -1.29547e-17 8.02046e-08)
(-9.88023e-09 3.96088e-11 7.94714e-08)
(-9.63888e-09 5.1266e-11 8.71133e-08)
(-8.99301e-09 -1.3636e-17 8.47814e-08)
(-1.11653e-08 3.87929e-11 8.40225e-08)
(-1.09729e-08 4.99612e-11 9.18113e-08)
(-1.02964e-08 -1.43532e-17 8.94401e-08)
(-1.25113e-08 3.79439e-11 8.86561e-08)
(-1.23675e-08 4.86303e-11 9.65862e-08)
(-1.16608e-08 -1.51187e-17 9.41775e-08)
(-1.39168e-08 3.70639e-11 9.33688e-08)
(-1.3821e-08 4.72759e-11 1.01435e-07)
(-1.30851e-08 -1.59676e-17 9.899e-08)
(-1.53805e-08 3.61551e-11 9.81572e-08)
(-1.53323e-08 4.59003e-11 1.06354e-07)
(-1.45677e-08 -1.69513e-17 1.03874e-07)
(-1.69011e-08 3.52197e-11 1.03018e-07)
(-1.68996e-08 4.4506e-11 1.11339e-07)
(-1.61071e-08 -1.79971e-17 1.08828e-07)
(-1.84771e-08 3.426e-11 1.07949e-07)
(-1.85214e-08 4.30954e-11 1.1639e-07)
(-1.77019e-08 -1.9085e-17 1.13847e-07)
(-2.0107e-08 3.3278e-11 1.12945e-07)
(-2.01962e-08 4.1671e-11 1.21501e-07)
(-1.93505e-08 -2.0235e-17 1.18928e-07)
(-2.17893e-08 3.2276e-11 1.18005e-07)
(-2.19223e-08 4.02352e-11 1.2667e-07)
(-2.10511e-08 -2.14614e-17 1.24069e-07)
(-2.35222e-08 3.12562e-11 1.23125e-07)
(-2.36979e-08 3.87904e-11 1.31894e-07)
(-2.28022e-08 -2.26804e-17 1.29266e-07)
(-2.53042e-08 3.02208e-11 1.28302e-07)
(-2.55214e-08 3.7339e-11 1.37171e-07)
(-2.46021e-08 -2.38203e-17 1.34518e-07)
(-2.71336e-08 2.91721e-11 1.33534e-07)
(-2.7391e-08 3.58836e-11 1.42497e-07)
(-2.64489e-08 -2.48845e-17 1.3982e-07)
(-2.90086e-08 2.81122e-11 1.38818e-07)
(-2.9305e-08 3.44264e-11 1.47871e-07)
(-2.83409e-08 -2.61571e-17 1.45171e-07)
(-3.09276e-08 2.70433e-11 1.4415e-07)
(-3.12615e-08 3.29699e-11 1.53289e-07)
(-3.02764e-08 -2.77705e-17 1.50567e-07)
(-3.28888e-08 2.59676e-11 1.4953e-07)
(-3.32589e-08 3.15164e-11 1.58749e-07)
(-3.22536e-08 -2.92921e-17 1.56007e-07)
(-3.48904e-08 2.48874e-11 1.54953e-07)
(-3.52952e-08 3.00685e-11 1.64248e-07)
(-3.42707e-08 -3.0628e-17 1.61487e-07)
(-3.69307e-08 2.38047e-11 1.60417e-07)
(-3.73687e-08 2.86284e-11 1.69784e-07)
(-3.63259e-08 -3.19446e-17 1.67006e-07)
(-3.90079e-08 2.27218e-11 1.65921e-07)
(-3.94777e-08 2.71984e-11 1.75355e-07)
(-3.84174e-08 -3.33112e-17 1.7256e-07)
(-4.11202e-08 2.16407e-11 1.71461e-07)
(-4.16202e-08 2.57811e-11 1.80959e-07)
(-4.05434e-08 -3.47353e-17 1.78148e-07)
(-4.3266e-08 2.05637e-11 1.77036e-07)
(-4.37947e-08 2.43786e-11 1.86593e-07)
(-4.27022e-08 -3.61837e-17 1.83767e-07)
(-4.54434e-08 1.94929e-11 1.82642e-07)
(-4.59994e-08 2.29932e-11 1.92255e-07)
(-4.4892e-08 -3.75731e-17 1.89416e-07)
(-4.76507e-08 1.84303e-11 1.88279e-07)
(-4.82324e-08 2.16274e-11 1.97943e-07)
(-4.71111e-08 -3.90562e-17 1.95091e-07)
(-4.98863e-08 1.73781e-11 1.93943e-07)
(-5.04922e-08 2.02833e-11 2.03655e-07)
(-4.93578e-08 -4.06102e-17 2.00792e-07)
(-5.21484e-08 1.63384e-11 1.99633e-07)
(-5.2777e-08 1.89632e-11 2.0939e-07)
(-5.16304e-08 -4.2116e-17 2.06516e-07)
(-5.44354e-08 1.53131e-11 2.05348e-07)
(-5.50852e-08 1.76694e-11 2.15144e-07)
(-5.39271e-08 -4.35837e-17 2.12261e-07)
(-5.67456e-08 1.43044e-11 2.11084e-07)
(-5.74153e-08 1.64041e-11 2.20918e-07)
(-5.62465e-08 -4.50999e-17 2.18026e-07)
(-5.90775e-08 1.33143e-11 2.1684e-07)
(-5.97655e-08 1.51694e-11 2.26708e-07)
(-5.85869e-08 -4.66656e-17 2.23808e-07)
(-6.14295e-08 1.23447e-11 2.22614e-07)
(-6.21345e-08 1.39676e-11 2.32513e-07)
(-6.09468e-08 -4.82294e-17 2.29606e-07)
(-6.38001e-08 1.13976e-11 2.28406e-07)
(-6.45207e-08 1.28008e-11 2.38332e-07)
(-6.33246e-08 -4.9763e-17 2.35419e-07)
(-6.61877e-08 1.04749e-11 2.34212e-07)
(-6.69226e-08 1.1671e-11 2.44163e-07)
(-6.57189e-08 -5.12655e-17 2.41244e-07)
(-6.85911e-08 9.57863e-12 2.40031e-07)
(-6.93389e-08 1.05805e-11 2.50005e-07)
(-6.81282e-08 -5.27588e-17 2.47081e-07)
(-7.10086e-08 8.71062e-12 2.45863e-07)
(-7.17682e-08 9.53127e-12 2.55856e-07)
(-7.05512e-08 -5.42263e-17 2.52928e-07)
(-7.34391e-08 7.87274e-12 2.51705e-07)
(-7.42092e-08 8.52538e-12 2.61714e-07)
(-7.29866e-08 -5.5759e-17 2.58783e-07)
(-7.58811e-08 7.06684e-12 2.57556e-07)
(-7.66606e-08 7.56489e-12 2.6758e-07)
(-7.54329e-08 -5.73412e-17 2.64645e-07)
(-7.83336e-08 6.29474e-12 2.63414e-07)
(-7.91212e-08 6.65186e-12 2.73451e-07)
(-7.78891e-08 -5.88897e-17 2.70514e-07)
(-8.07951e-08 5.55826e-12 2.6928e-07)
(-8.15899e-08 5.78835e-12 2.79326e-07)
(-8.0354e-08 -6.04626e-17 2.76387e-07)
(-8.32647e-08 4.85921e-12 2.7515e-07)
(-8.40655e-08 4.97647e-12 2.85205e-07)
(-8.28264e-08 -6.20385e-17 2.82265e-07)
(-8.57412e-08 4.19942e-12 2.81025e-07)
(-8.65471e-08 4.21838e-12 2.91086e-07)
(-8.53052e-08 -6.3602e-17 2.88145e-07)
(-8.82235e-08 3.58074e-12 2.86904e-07)
(-8.90336e-08 3.51631e-12 2.96969e-07)
(-8.77894e-08 -6.53169e-17 2.94027e-07)
(-9.07108e-08 3.00509e-12 2.92784e-07)
(-9.15242e-08 2.87249e-12 3.02852e-07)
(-9.02781e-08 -6.65866e-17 2.9991e-07)
(-9.32021e-08 2.47437e-12 2.98666e-07)
(-9.40179e-08 2.28907e-12 3.08736e-07)
(-9.27704e-08 -6.71617e-17 3.05794e-07)
(-9.56965e-08 1.99052e-12 3.04549e-07)
(-9.6514e-08 1.76787e-12 3.14619e-07)
(-9.52654e-08 -6.81563e-17 3.11677e-07)
(-9.81932e-08 1.55526e-12 3.10431e-07)
(-9.90116e-08 1.30981e-12 3.20501e-07)
(-9.77624e-08 -7.02004e-17 3.1756e-07)
(-1.00691e-07 1.16986e-12 3.16313e-07)
(-1.0151e-07 9.14105e-13 3.26381e-07)
(-1.00261e-07 -7.23254e-17 3.23441e-07)
(-1.03191e-07 8.34508e-13 3.22194e-07)
(-1.04009e-07 5.77043e-13 3.32259e-07)
(-1.02759e-07 -7.4263e-17 3.29321e-07)
(-1.0569e-07 5.47459e-13 3.28073e-07)
(-1.06508e-07 2.90205e-13 3.38135e-07)
(-1.05258e-07 -7.67404e-17 3.35198e-07)
(-1.0819e-07 3.03689e-13 3.3395e-07)
(-1.09006e-07 4.05964e-14 3.44009e-07)
(-1.07757e-07 -7.98594e-17 3.41073e-07)
(-1.10688e-07 9.30068e-14 3.39825e-07)
(-1.11503e-07 -1.86203e-13 3.4988e-07)
(-1.10254e-07 -8.22626e-17 3.46945e-07)
(-1.13186e-07 -9.62408e-14 3.45697e-07)
(-1.12751e-07 -8.49878e-17 3.52815e-07)
(-1.15683e-07 -2.73772e-13 3.51567e-07)
(2.96426e-10 -2.93157e-11 3.58558e-10)
(1.25971e-10 -4.15659e-11 1.39658e-10)
(9.09428e-11 -1.50298e-11 5.4497e-11)
(7.10404e-10 -4.54641e-11 8.50307e-10)
(5.01119e-10 -8.3593e-11 5.58023e-10)
(3.73964e-10 -2.9109e-11 4.46078e-10)
(1.11922e-09 -5.49121e-11 1.48483e-09)
(9.21321e-10 -1.05721e-10 1.1061e-09)
(7.00049e-10 -3.57833e-11 9.94238e-10)
(1.50644e-09 -6.06635e-11 2.28502e-09)
(1.3244e-09 -1.1893e-10 1.81494e-09)
(1.01267e-09 -3.94581e-11 1.70295e-09)
(1.86456e-09 -6.40671e-11 3.26067e-09)
(1.69853e-09 -1.26771e-10 2.69767e-09)
(1.29838e-09 -4.15503e-11 2.58338e-09)
(2.18831e-09 -6.60341e-11 4.41533e-09)
(2.04046e-09 -1.31313e-10 3.75956e-09)
(1.55321e-09 -4.27966e-11 3.63979e-09)
(2.47354e-09 -6.71599e-11 5.74951e-09)
(2.34604e-09 -1.3394e-10 5.0021e-09)
(1.77293e-09 -4.36321e-11 4.87358e-09)
(2.71641e-09 -6.77895e-11 7.26197e-09)
(2.61119e-09 -1.35448e-10 6.42458e-09)
(1.95351e-09 -4.42661e-11 6.28441e-09)
(2.91327e-09 -6.81154e-11 8.95034e-09)
(2.83214e-09 -1.36276e-10 8.02493e-09)
(2.09125e-09 -4.47892e-11 7.8706e-09)
(3.06076e-09 -6.82417e-11 1.08115e-08)
(3.00536e-09 -1.36665e-10 9.80023e-09)
(2.18272e-09 -4.52359e-11 9.62956e-09)
(3.15579e-09 -6.82236e-11 1.2842e-08)
(3.1276e-09 -1.36741e-10 1.1747e-08)
(2.22474e-09 -4.56146e-11 1.15581e-08)
(3.19556e-09 -6.80902e-11 1.50377e-08)
(3.19591e-09 -1.36572e-10 1.38613e-08)
(2.21444e-09 -4.59242e-11 1.36525e-08)
(3.17758e-09 -6.78574e-11 1.73946e-08)
(3.20763e-09 -1.36194e-10 1.61391e-08)
(2.14922e-09 -4.61614e-11 1.59089e-08)
(3.09965e-09 -6.7535e-11 1.99084e-08)
(3.16041e-09 -1.35629e-10 1.8576e-08)
(2.02676e-09 -4.63239e-11 1.83233e-08)
(2.95983e-09 -6.71296e-11 2.25748e-08)
(3.05218e-09 -1.34892e-10 2.11678e-08)
(1.84505e-09 -4.64115e-11 2.08914e-08)
(2.75646e-09 -6.66468e-11 2.53894e-08)
(2.88115e-09 -1.33995e-10 2.391e-08)
(1.6023e-09 -4.64253e-11 2.36089e-08)
(2.48813e-09 -6.60914e-11 2.83477e-08)
(2.64578e-09 -1.32947e-10 2.67982e-08)
(1.29701e-09 -4.63679e-11 2.64716e-08)
(2.15369e-09 -6.54677e-11 3.14454e-08)
(2.3448e-09 -1.31758e-10 2.9828e-08)
(9.27897e-10 -4.6242e-11 2.94753e-08)
(1.7522e-09 -6.47794e-11 3.46783e-08)
(1.97715e-09 -1.30436e-10 3.29951e-08)
(4.93928e-10 -4.60509e-11 3.26157e-08)
(1.28295e-09 -6.40301e-11 3.80419e-08)
(1.54202e-09 -1.28989e-10 3.62952e-08)
(-5.71749e-12 -4.57976e-11 3.58885e-08)
(7.4543e-10 -6.3223e-11 4.1532e-08)
(1.03882e-09 -1.27423e-10 3.97238e-08)
(-5.71647e-10 -4.54849e-11 3.92896e-08)
(1.39347e-10 -6.23609e-11 4.51444e-08)
(4.67124e-10 -1.25744e-10 4.32769e-08)
(-1.20427e-09 -4.51154e-11 4.28148e-08)
(-5.3542e-10 -6.14466e-11 4.8875e-08)
(-1.73259e-10 -1.23958e-10 4.69502e-08)
(-1.9038e-09 -4.46918e-11 4.646e-08)
(-1.27881e-09 -6.04826e-11 5.27196e-08)
(-8.82359e-10 -1.22071e-10 5.07396e-08)
(-2.67028e-09 -4.42162e-11 5.02213e-08)
(-2.0906e-09 -5.94714e-11 5.66743e-08)
(-1.66003e-09 -1.20086e-10 5.4641e-08)
(-3.50357e-09 -4.36907e-11 5.40946e-08)
(-2.97041e-09 -5.84152e-11 6.0735e-08)
(-2.50596e-09 -1.1801e-10 5.86504e-08)
(-4.40339e-09 -4.31176e-11 5.8076e-08)
(-3.91771e-09 -5.73164e-11 6.48979e-08)
(-3.4197e-09 -1.15846e-10 6.2764e-08)
(-5.3693e-09 -4.24989e-11 6.21616e-08)
(-4.93182e-09 -5.61775e-11 6.91591e-08)
(-4.40065e-09 -1.13599e-10 6.69778e-08)
(-6.40071e-09 -4.18366e-11 6.63476e-08)
(-6.01197e-09 -5.50006e-11 7.35149e-08)
(-5.44806e-09 -1.11275e-10 7.1288e-08)
(-7.49691e-09 -4.11328e-11 7.06304e-08)
(-7.15722e-09 -5.37881e-11 7.79616e-08)
(-6.56109e-09 -1.08877e-10 7.56909e-08)
(-8.65706e-09 -4.03895e-11 7.50061e-08)
(-8.36657e-09 -5.25425e-11 8.24956e-08)
(-7.73876e-09 -1.06411e-10 8.01829e-08)
(-9.88023e-09 -3.96088e-11 7.94714e-08)
(-9.63888e-09 -5.12661e-11 8.71133e-08)
(-8.98e-09 -1.03881e-10 8.47604e-08)
(-1.11653e-08 -3.87929e-11 8.40225e-08)
(-1.09729e-08 -4.99612e-11 9.18113e-08)
(-1.02836e-08 -1.01292e-10 8.94199e-08)
(-1.25113e-08 -3.79439e-11 8.86561e-08)
(-1.23675e-08 -4.86304e-11 9.65862e-08)
(-1.16484e-08 -9.86491e-11 9.4158e-08)
(-1.39168e-08 -3.70639e-11 9.33688e-08)
(-1.3821e-08 -4.72759e-11 1.01435e-07)
(-1.30729e-08 -9.59567e-11 9.89712e-08)
(-1.53805e-08 -3.61552e-11 9.81572e-08)
(-1.53323e-08 -4.59003e-11 1.06354e-07)
(-1.45559e-08 -9.32198e-11 1.03856e-07)
(-1.69011e-08 -3.52198e-11 1.03018e-07)
(-1.68996e-08 -4.4506e-11 1.11339e-07)
(-1.60957e-08 -9.04433e-11 1.0881e-07)
(-1.84771e-08 -3.426e-11 1.07949e-07)
(-1.85214e-08 -4.30955e-11 1.1639e-07)
(-1.76908e-08 -8.7632e-11 1.1383e-07)
(-2.0107e-08 -3.3278e-11 1.12945e-07)
(-2.01962e-08 -4.1671e-11 1.21501e-07)
(-1.93397e-08 -8.4791e-11 1.18912e-07)
(-2.17893e-08 -3.2276e-11 1.18005e-07)
(-2.19223e-08 -4.02352e-11 1.2667e-07)
(-2.10408e-08 -8.19249e-11 1.24053e-07)
(-2.35222e-08 -3.12562e-11 1.23125e-07)
(-2.36979e-08 -3.87904e-11 1.31894e-07)
(-2.27923e-08 -7.90387e-11 1.29252e-07)
(-2.53042e-08 -3.02209e-11 1.28302e-07)
(-2.55214e-08 -3.73391e-11 1.37171e-07)
(-2.45925e-08 -7.61373e-11 1.34504e-07)
(-2.71336e-08 -2.91721e-11 1.33534e-07)
(-2.7391e-08 -3.58836e-11 1.42497e-07)
(-2.64397e-08 -7.32255e-11 1.39807e-07)
(-2.90086e-08 -2.81122e-11 1.38818e-07)
(-2.9305e-08 -3.44264e-11 1.47871e-07)
(-2.83321e-08 -7.03081e-11 1.45158e-07)
(-3.09276e-08 -2.70433e-11 1.4415e-07)
(-3.12615e-08 -3.29699e-11 1.53289e-07)
(-3.0268e-08 -6.73899e-11 1.50555e-07)
(-3.28888e-08 -2.59677e-11 1.4953e-07)
(-3.32589e-08 -3.15165e-11 1.58749e-07)
(-3.22456e-08 -6.44758e-11 1.55995e-07)
(-3.48904e-08 -2.48874e-11 1.54953e-07)
(-3.52952e-08 -3.00685e-11 1.64248e-07)
(-3.42631e-08 -6.15705e-11 1.61476e-07)
(-3.69307e-08 -2.38047e-11 1.60417e-07)
(-3.73687e-08 -2.86284e-11 1.69784e-07)
(-3.63187e-08 -5.86787e-11 1.66995e-07)
(-3.90079e-08 -2.27218e-11 1.65921e-07)
(-3.94777e-08 -2.71985e-11 1.75355e-07)
(-3.84106e-08 -5.58051e-11 1.7255e-07)
(-4.11202e-08 -2.16408e-11 1.71461e-07)
(-4.16202e-08 -2.57811e-11 1.80959e-07)
(-4.0537e-08 -5.29546e-11 1.78138e-07)
(-4.3266e-08 -2.05638e-11 1.77036e-07)
(-4.37947e-08 -2.43786e-11 1.86593e-07)
(-4.26962e-08 -5.01317e-11 1.83758e-07)
(-4.54434e-08 -1.9493e-11 1.82642e-07)
(-4.59994e-08 -2.29933e-11 1.92255e-07)
(-4.48864e-08 -4.7341e-11 1.89407e-07)
(-4.76507e-08 -1.84304e-11 1.88279e-07)
(-4.82324e-08 -2.16275e-11 1.97943e-07)
(-4.71059e-08 -4.45873e-11 1.95083e-07)
(-4.98863e-08 -1.73782e-11 1.93943e-07)
(-5.04922e-08 -2.02834e-11 2.03655e-07)
(-4.93529e-08 -4.18749e-11 2.00785e-07)
(-5.21484e-08 -1.63385e-11 1.99633e-07)
(-5.2777e-08 -1.89633e-11 2.0939e-07)
(-5.16258e-08 -3.92086e-11 2.06509e-07)
(-5.44354e-08 -1.53132e-11 2.05348e-07)
(-5.50852e-08 -1.76695e-11 2.15144e-07)
(-5.39229e-08 -3.65927e-11 2.12255e-07)
(-5.67456e-08 -1.43045e-11 2.11084e-07)
(-5.74153e-08 -1.64042e-11 2.20918e-07)
(-5.62427e-08 -3.40317e-11 2.1802e-07)
(-5.90775e-08 -1.33144e-11 2.1684e-07)
(-5.97655e-08 -1.51695e-11 2.26708e-07)
(-5.85834e-08 -3.153e-11 2.23802e-07)
(-6.14295e-08 -1.23447e-11 2.22614e-07)
(-6.21345e-08 -1.39677e-11 2.32513e-07)
(-6.09436e-08 -2.9092e-11 2.29601e-07)
(-6.38001e-08 -1.13976e-11 2.28406e-07)
(-6.45207e-08 -1.28009e-11 2.38332e-07)
(-6.33217e-08 -2.6722e-11 2.35414e-07)
(-6.61877e-08 -1.0475e-11 2.34212e-07)
(-6.69226e-08 -1.16711e-11 2.44163e-07)
(-6.57163e-08 -2.44242e-11 2.4124e-07)
(-6.85911e-08 -9.57873e-12 2.40031e-07)
(-6.93389e-08 -1.05806e-11 2.50005e-07)
(-6.81259e-08 -2.22029e-11 2.47077e-07)
(-7.10086e-08 -8.71072e-12 2.45863e-07)
(-7.17682e-08 -9.53138e-12 2.55856e-07)
(-7.05492e-08 -2.00621e-11 2.52924e-07)
(-7.34391e-08 -7.87285e-12 2.51705e-07)
(-7.42092e-08 -8.52549e-12 2.61714e-07)
(-7.29848e-08 -1.80061e-11 2.58779e-07)
(-7.58811e-08 -7.06695e-12 2.57556e-07)
(-7.66606e-08 -7.56501e-12 2.6758e-07)
(-7.54314e-08 -1.6039e-11 2.64642e-07)
(-7.83336e-08 -6.29485e-12 2.63414e-07)
(-7.91212e-08 -6.65198e-12 2.73451e-07)
(-7.78878e-08 -1.41647e-11 2.70511e-07)
(-8.07951e-08 -5.55837e-12 2.6928e-07)
(-8.15899e-08 -5.78847e-12 2.79326e-07)
(-8.03529e-08 -1.23875e-11 2.76385e-07)
(-8.32647e-08 -4.85932e-12 2.7515e-07)
(-8.40655e-08 -4.97659e-12 2.85205e-07)
(-8.28254e-08 -1.07113e-11 2.82262e-07)
(-8.57412e-08 -4.19954e-12 2.81025e-07)
(-8.65471e-08 -4.21851e-12 2.91086e-07)
(-8.53044e-08 -9.14054e-12 2.88143e-07)
(-8.82235e-08 -3.58086e-12 2.86904e-07)
(-8.90336e-08 -3.51644e-12 2.96969e-07)
(-8.77888e-08 -7.67945e-12 2.94025e-07)
(-9.07108e-08 -3.00521e-12 2.92784e-07)
(-9.15242e-08 -2.87262e-12 3.02852e-07)
(-9.02777e-08 -6.33248e-12 2.99909e-07)
(-9.32021e-08 -2.4745e-12 2.98666e-07)
(-9.40179e-08 -2.28921e-12 3.08736e-07)
(-9.27701e-08 -5.10408e-12 3.05793e-07)
(-9.56965e-08 -1.99065e-12 3.04549e-07)
(-9.6514e-08 -1.76801e-12 3.14619e-07)
(-9.52652e-08 -3.99841e-12 3.11676e-07)
(-9.81932e-08 -1.5554e-12 3.10431e-07)
(-9.90116e-08 -1.30995e-12 3.20501e-07)
(-9.77623e-08 -3.01863e-12 3.17559e-07)
(-1.00691e-07 -1.17e-12 3.16313e-07)
(-1.0151e-07 -9.14251e-13 3.26381e-07)
(-1.00261e-07 -2.16564e-12 3.23441e-07)
(-1.03191e-07 -8.34648e-13 3.22194e-07)
(-1.04009e-07 -5.77194e-13 3.32259e-07)
(-1.0276e-07 -1.43597e-12 3.2932e-07)
(-1.0569e-07 -5.47603e-13 3.28073e-07)
(-1.06508e-07 -2.90361e-13 3.38135e-07)
(-1.05259e-07 -8.18642e-13 3.35197e-07)
(-1.0819e-07 -3.03838e-13 3.3395e-07)
(-1.09006e-07 -4.07582e-14 3.44009e-07)
(-1.07757e-07 -2.90373e-13 3.41072e-07)
(-1.10688e-07 -9.31612e-14 3.39825e-07)
(-1.11503e-07 1.86036e-13 3.4988e-07)
(-1.10255e-07 1.80131e-13 3.46944e-07)
(-1.13186e-07 9.60818e-14 3.45697e-07)
(-1.12751e-07 6.20482e-13 3.52815e-07)
(-1.15683e-07 2.73608e-13 3.51567e-07)
(3.03923e-10 -9.66355e-11 3.38904e-10)
(1.3301e-10 -1.01192e-10 1.20963e-10)
(9.40001e-11 -5.19468e-11 4.8178e-11)
(7.21802e-10 -1.44455e-10 8.15276e-10)
(5.19191e-10 -1.84638e-10 5.0992e-10)
(3.83171e-10 -9.5022e-11 4.22524e-10)
(1.13249e-09 -1.70245e-10 1.43854e-09)
(9.42397e-10 -2.22924e-10 1.0383e-09)
(7.11654e-10 -1.12431e-10 9.55927e-10)
(1.52093e-09 -1.85539e-10 2.23009e-09)
(1.34637e-09 -2.4506e-10 1.73235e-09)
(1.02553e-09 -1.21391e-10 1.65305e-09)
(1.88014e-09 -1.94543e-10 3.19921e-09)
(1.72156e-09 -2.5812e-10 2.6039e-09)
(1.31248e-09 -1.26487e-10 2.52475e-09)
(2.20503e-09 -1.99767e-10 4.34914e-09)
(2.06491e-09 -2.6573e-10 3.65773e-09)
(1.56867e-09 -1.2963e-10 3.5749e-09)
(2.49147e-09 -2.02787e-10 5.68014e-09)
(2.37221e-09 -2.70224e-10 4.89487e-09)
(1.78984e-09 -1.31864e-10 4.80445e-09)
(2.7356e-09 -2.04493e-10 7.19067e-09)
(2.63924e-09 -2.72863e-10 6.31407e-09)
(1.97192e-09 -1.33654e-10 6.21263e-09)
(2.93372e-09 -2.05375e-10 8.8781e-09)
(2.86213e-09 -2.74332e-10 7.91279e-09)
(2.11114e-09 -1.35183e-10 7.79741e-09)
(3.08242e-09 -2.05698e-10 1.07391e-08)
(3.03726e-09 -2.75007e-10 9.68771e-09)
(2.204e-09 -1.36508e-10 9.55589e-09)
(3.17859e-09 -2.05605e-10 1.27699e-08)
(3.1613e-09 -2.75091e-10 1.1635e-08)
(2.24732e-09 -1.37636e-10 1.14846e-08)
(3.21941e-09 -2.05171e-10 1.49664e-08)
(3.23126e-09 -2.74694e-10 1.37505e-08)
(2.23819e-09 -1.38553e-10 1.35797e-08)
(3.20237e-09 -2.04439e-10 1.73244e-08)
(3.24449e-09 -2.7388e-10 1.60299e-08)
(2.17401e-09 -1.39248e-10 1.58371e-08)
(3.12527e-09 -2.03437e-10 1.98395e-08)
(3.19861e-09 -2.72688e-10 1.84688e-08)
(2.05248e-09 -1.39714e-10 1.82527e-08)
(2.98618e-09 -2.02185e-10 2.25072e-08)
(3.09155e-09 -2.71149e-10 2.10627e-08)
(1.87157e-09 -1.39952e-10 2.08222e-08)
(2.78343e-09 -2.007e-10 2.53232e-08)
(2.92153e-09 -2.69286e-10 2.38072e-08)
(1.62951e-09 -1.39966e-10 2.35412e-08)
(2.51563e-09 -1.98997e-10 2.82831e-08)
(2.68701e-09 -2.67122e-10 2.66978e-08)
(1.32479e-09 -1.39764e-10 2.64055e-08)
(2.18161e-09 -1.97088e-10 3.13824e-08)
(2.38673e-09 -2.64676e-10 2.973e-08)
(9.56157e-10 -1.39357e-10 2.94107e-08)
(1.78045e-09 -1.94987e-10 3.46168e-08)
(2.01964e-09 -2.61964e-10 3.28996e-08)
(5.22563e-10 -1.38753e-10 3.25527e-08)
(1.31144e-09 -1.92703e-10 3.7982e-08)
(1.58493e-09 -2.59002e-10 3.62021e-08)
(2.32002e-11 -1.37963e-10 3.58272e-08)
(7.74077e-10 -1.90246e-10 4.14737e-08)
(1.08201e-09 -2.55803e-10 3.96333e-08)
(-5.42536e-10 -1.36994e-10 3.92299e-08)
(1.6807e-10 -1.87625e-10 4.50878e-08)
(5.10473e-10 -2.52381e-10 4.31889e-08)
(-1.17505e-09 -1.35857e-10 4.27568e-08)
(-5.06701e-10 -1.84848e-10 4.88199e-08)
(-1.29872e-10 -2.48746e-10 4.68646e-08)
(-1.87455e-09 -1.34557e-10 4.64037e-08)
(-1.25017e-09 -1.81923e-10 5.26661e-08)
(-8.39048e-10 -2.44909e-10 5.06565e-08)
(-2.64108e-09 -1.33101e-10 5.01666e-08)
(-2.06211e-09 -1.78857e-10 5.66224e-08)
(-1.6169e-09 -2.4088e-10 5.45603e-08)
(-3.47449e-09 -1.31497e-10 5.40415e-08)
(-2.94213e-09 -1.75657e-10 6.06847e-08)
(-2.46313e-09 -2.36669e-10 5.85722e-08)
(-4.37451e-09 -1.29751e-10 5.80245e-08)
(-3.8897e-09 -1.72331e-10 6.48491e-08)
(-3.37725e-09 -2.32286e-10 6.26882e-08)
(-5.34067e-09 -1.27868e-10 6.21117e-08)
(-4.90415e-09 -1.68885e-10 6.91119e-08)
(-4.35867e-09 -2.27739e-10 6.69043e-08)
(-6.37239e-09 -1.25856e-10 6.62993e-08)
(-5.98469e-09 -1.65326e-10 7.34692e-08)
(-5.40665e-09 -2.23038e-10 7.12169e-08)
(-7.46896e-09 -1.2372e-10 7.05836e-08)
(-7.13038e-09 -1.61662e-10 7.79174e-08)
(-6.52032e-09 -2.18193e-10 7.56222e-08)
(-8.62955e-09 -1.21466e-10 7.49609e-08)
(-8.34022e-09 -1.57899e-10 8.24529e-08)
(-7.6987e-09 -2.13213e-10 8.01165e-08)
(-9.85319e-09 -1.19101e-10 7.94277e-08)
(-9.61307e-09 -1.54045e-10 8.70721e-08)
(-8.94072e-09 -2.08108e-10 8.46962e-08)
(-1.11388e-08 -1.16631e-10 8.39803e-08)
(-1.09477e-08 -1.50107e-10 9.17715e-08)
(-1.02452e-08 -2.02887e-10 8.9358e-08)
(-1.24853e-08 -1.14063e-10 8.86154e-08)
(-1.23428e-08 -1.46092e-10 9.65479e-08)
(-1.16109e-08 -1.9756e-10 9.40982e-08)
(-1.38914e-08 -1.11403e-10 9.33296e-08)
(-1.37971e-08 -1.42008e-10 1.01398e-07)
(-1.30364e-08 -1.92136e-10 9.89136e-08)
(-1.53558e-08 -1.08658e-10 9.81194e-08)
(-1.53089e-08 -1.37861e-10 1.06318e-07)
(-1.45203e-08 -1.86626e-10 1.03801e-07)
(-1.68771e-08 -1.05833e-10 1.02982e-07)
(-1.68769e-08 -1.33659e-10 1.11305e-07)
(-1.60611e-08 -1.81038e-10 1.08757e-07)
(-1.84538e-08 -1.02936e-10 1.07914e-07)
(-1.84995e-08 -1.29409e-10 1.16357e-07)
(-1.76574e-08 -1.75384e-10 1.13779e-07)
(-2.00844e-08 -9.9974e-11 1.12911e-07)
(-2.0175e-08 -1.25119e-10 1.21469e-07)
(-1.93074e-08 -1.69671e-10 1.18863e-07)
(-2.17674e-08 -9.69524e-11 1.17973e-07)
(-2.19019e-08 -1.20795e-10 1.2664e-07)
(-2.10096e-08 -1.63911e-10 1.24006e-07)
(-2.3501e-08 -9.38783e-11 1.23094e-07)
(-2.36783e-08 -1.16446e-10 1.31865e-07)
(-2.27622e-08 -1.58112e-10 1.29206e-07)
(-2.52838e-08 -9.07584e-11 1.28273e-07)
(-2.55026e-08 -1.12078e-10 1.37143e-07)
(-2.45636e-08 -1.52285e-10 1.3446e-07)
(-2.7114e-08 -8.75991e-11 1.33506e-07)
(-2.7373e-08 -1.07698e-10 1.42471e-07)
(-2.6412e-08 -1.46439e-10 1.39765e-07)
(-2.89898e-08 -8.44072e-11 1.38791e-07)
(-2.92877e-08 -1.03314e-10 1.47846e-07)
(-2.83056e-08 -1.40584e-10 1.45118e-07)
(-3.09096e-08 -8.11891e-11 1.44125e-07)
(-3.12451e-08 -9.89337e-11 1.53265e-07)
(-3.02428e-08 -1.34729e-10 1.50517e-07)
(-3.28716e-08 -7.79515e-11 1.49505e-07)
(-3.32432e-08 -9.45631e-11 1.58726e-07)
(-3.22216e-08 -1.28884e-10 1.55959e-07)
(-3.4874e-08 -7.47009e-11 1.54929e-07)
(-3.52803e-08 -9.02097e-11 1.64226e-07)
(-3.42403e-08 -1.23058e-10 1.61442e-07)
(-3.69151e-08 -7.14437e-11 1.60395e-07)
(-3.73546e-08 -8.58807e-11 1.69764e-07)
(-3.6297e-08 -1.17261e-10 1.66962e-07)
(-3.89931e-08 -6.81865e-11 1.659e-07)
(-3.94644e-08 -8.1583e-11 1.75336e-07)
(-3.83901e-08 -1.11501e-10 1.72519e-07)
(-4.11063e-08 -6.49357e-11 1.71441e-07)
(-4.16078e-08 -7.73237e-11 1.8094e-07)
(-4.05177e-08 -1.0579e-10 1.78109e-07)
(-4.32528e-08 -6.16976e-11 1.77016e-07)
(-4.3783e-08 -7.31097e-11 1.86575e-07)
(-4.26781e-08 -1.00135e-10 1.83731e-07)
(-4.5431e-08 -5.84786e-11 1.82624e-07)
(-4.59884e-08 -6.8948e-11 1.92238e-07)
(-4.48695e-08 -9.45454e-11 1.89381e-07)
(-4.76391e-08 -5.52851e-11 1.88262e-07)
(-4.82222e-08 -6.48454e-11 1.97927e-07)
(-4.70901e-08 -8.90313e-11 1.95059e-07)
(-4.98755e-08 -5.21233e-11 1.93927e-07)
(-5.04827e-08 -6.08086e-11 2.03641e-07)
(-4.93382e-08 -8.36013e-11 2.00762e-07)
(-5.21383e-08 -4.89994e-11 1.99618e-07)
(-5.27682e-08 -5.68445e-11 2.09376e-07)
(-5.16122e-08 -7.82644e-11 2.06487e-07)
(-5.4426e-08 -4.59194e-11 2.05334e-07)
(-5.50772e-08 -5.29598e-11 2.15132e-07)
(-5.39104e-08 -7.30294e-11 2.12234e-07)
(-5.6737e-08 -4.28896e-11 2.11071e-07)
(-5.74079e-08 -4.9161e-11 2.20906e-07)
(-5.62312e-08 -6.79054e-11 2.18001e-07)
(-5.90696e-08 -3.99159e-11 2.16828e-07)
(-5.97588e-08 -4.54547e-11 2.26697e-07)
(-5.85729e-08 -6.29009e-11 2.23785e-07)
(-6.14222e-08 -3.70043e-11 2.22603e-07)
(-6.21284e-08 -4.18473e-11 2.32503e-07)
(-6.0934e-08 -5.80246e-11 2.29585e-07)
(-6.37934e-08 -3.41606e-11 2.28395e-07)
(-6.45152e-08 -3.83454e-11 2.38323e-07)
(-6.33131e-08 -5.3285e-11 2.35399e-07)
(-6.61817e-08 -3.13907e-11 2.34202e-07)
(-6.69177e-08 -3.49552e-11 2.44155e-07)
(-6.57086e-08 -4.86907e-11 2.41226e-07)
(-6.85856e-08 -2.87003e-11 2.40022e-07)
(-6.93345e-08 -3.16829e-11 2.49997e-07)
(-6.8119e-08 -4.425e-11 2.47064e-07)
(-7.10038e-08 -2.6095e-11 2.45855e-07)
(-7.17643e-08 -2.85349e-11 2.55849e-07)
(-7.05431e-08 -3.99711e-11 2.52912e-07)
(-7.34348e-08 -2.35804e-11 2.51697e-07)
(-7.42058e-08 -2.55171e-11 2.61708e-07)
(-7.29795e-08 -3.58622e-11 2.58769e-07)
(-7.58774e-08 -2.11619e-11 2.57549e-07)
(-7.66577e-08 -2.26358e-11 2.67574e-07)
(-7.54268e-08 -3.19315e-11 2.64633e-07)
(-7.83303e-08 -1.88452e-11 2.63408e-07)
(-7.91187e-08 -1.98971e-11 2.73446e-07)
(-7.7884e-08 -2.81869e-11 2.70503e-07)
(-8.07923e-08 -1.66354e-11 2.69274e-07)
(-8.15878e-08 -1.7307e-11 2.79322e-07)
(-8.03497e-08 -2.46365e-11 2.76377e-07)
(-8.32623e-08 -1.45381e-11 2.75145e-07)
(-8.40639e-08 -1.48718e-11 2.85201e-07)
(-8.28228e-08 -2.12885e-11 2.82256e-07)
(-8.57392e-08 -1.25586e-11 2.81021e-07)
(-8.65458e-08 -1.25979e-11 2.91083e-07)
(-8.53023e-08 -1.81511e-11 2.88137e-07)
(-8.82219e-08 -1.07025e-11 2.869e-07)
(-8.90327e-08 -1.04919e-11 2.96966e-07)
(-8.77872e-08 -1.52328e-11 2.9402e-07)
(-9.07095e-08 -8.97526e-12 2.92781e-07)
(-9.15235e-08 -8.56031e-12 3.0285e-07)
(-9.02765e-08 -1.25422e-11 2.99905e-07)
(-9.32011e-08 -7.38272e-12 2.98663e-07)
(-9.40175e-08 -6.80963e-12 3.08734e-07)
(-9.27693e-08 -1.00881e-11 3.05789e-07)
(-9.56958e-08 -5.93051e-12 3.04546e-07)
(-9.65137e-08 -5.24541e-12 3.14617e-07)
(-9.52648e-08 -7.87874e-12 3.11673e-07)
(-9.81927e-08 -4.62391e-12 3.10429e-07)
(-9.90116e-08 -3.87078e-12 3.20499e-07)
(-9.77622e-08 -5.92076e-12 3.17557e-07)
(-1.00691e-07 -3.46689e-12 3.16312e-07)
(-1.0151e-07 -2.68403e-12 3.2638e-07)
(-1.00261e-07 -4.21671e-12 3.23438e-07)
(-1.03191e-07 -2.46041e-12 3.22193e-07)
(-1.04009e-07 -1.67454e-12 3.32258e-07)
(-1.0276e-07 -2.7609e-12 3.29318e-07)
(-1.0569e-07 -1.59973e-12 3.28072e-07)
(-1.06508e-07 -8.16576e-13 3.38134e-07)
(-1.05259e-07 -1.53238e-12 3.35196e-07)
(-1.0819e-07 -8.69729e-13 3.33949e-07)
(-1.09006e-07 -6.82942e-14 3.44008e-07)
(-1.07758e-07 -4.81875e-13 3.41071e-07)
(-1.10689e-07 -2.37751e-13 3.39824e-07)
(-1.11503e-07 6.14333e-13 3.49879e-07)
(-1.10255e-07 4.64667e-13 3.46943e-07)
(-1.13187e-07 3.34939e-13 3.45697e-07)
(-1.12752e-07 1.35741e-12 3.52813e-07)
(-1.15683e-07 8.67858e-13 3.51566e-07)
(3.2373e-10 -1.88915e-10 2.92527e-10)
(1.62243e-10 -2.08356e-10 8.21412e-11)
(1.02915e-10 -1.10708e-10 3.30786e-11)
(7.49865e-10 -2.62414e-10 7.35029e-10)
(5.59526e-10 -3.25388e-10 4.14453e-10)
(4.05805e-10 -1.78846e-10 3.67084e-10)
(1.16236e-09 -2.97697e-10 1.33477e-09)
(9.81568e-10 -3.61705e-10 9.05885e-10)
(7.37799e-10 -1.99919e-10 8.68045e-10)
(1.55185e-09 -3.17986e-10 2.10885e-09)
(1.38467e-09 -3.83735e-10 1.57353e-09)
(1.05276e-09 -2.09768e-10 1.54136e-09)
(1.91252e-09 -3.29785e-10 3.06519e-09)
(1.76102e-09 -3.9781e-10 2.4266e-09)
(1.34153e-09 -2.15295e-10 2.39605e-09)
(2.2394e-09 -3.3673e-10 4.20632e-09)
(2.10673e-09 -4.0656e-10 3.46824e-09)
(1.60029e-09 -2.19046e-10 3.4346e-09)
(2.52822e-09 -3.40873e-10 5.53178e-09)
(2.41705e-09 -4.12037e-10 4.69799e-09)
(1.82443e-09 -2.22141e-10 4.65675e-09)
(2.77489e-09 -3.4328e-10 7.03931e-09)
(2.68744e-09 -4.15378e-10 6.11338e-09)
(2.0096e-09 -2.24899e-10 6.06073e-09)
(2.97556e-09 -3.4453e-10 8.72566e-09)
(2.91373e-09 -4.17241e-10 7.71091e-09)
(2.15185e-09 -2.27383e-10 7.64364e-09)
(3.12672e-09 -3.44943e-10 1.0587e-08)
(3.09215e-09 -4.18023e-10 9.48648e-09)
(2.24757e-09 -2.29578e-10 9.40193e-09)
(3.22519e-09 -3.44695e-10 1.26191e-08)
(3.21926e-09 -4.1795e-10 1.14357e-08)
(2.2935e-09 -2.31445e-10 1.13317e-08)
(3.2681e-09 -3.43888e-10 1.48177e-08)
(3.29205e-09 -4.17157e-10 1.35541e-08)
(2.28672e-09 -2.32946e-10 1.34286e-08)
(3.25295e-09 -3.42582e-10 1.71781e-08)
(3.3078e-09 -4.15729e-10 1.58369e-08)
(2.22464e-09 -2.34059e-10 1.56885e-08)
(3.17752e-09 -3.40821e-10 1.9696e-08)
(3.26415e-09 -4.13726e-10 1.82797e-08)
(2.10494e-09 -2.34776e-10 1.81068e-08)
(3.03987e-09 -3.3864e-10 2.23668e-08)
(3.15905e-09 -4.11196e-10 2.08777e-08)
(1.92562e-09 -2.351e-10 2.06794e-08)
(2.83836e-09 -3.36068e-10 2.51861e-08)
(2.99069e-09 -4.08177e-10 2.36265e-08)
(1.68491e-09 -2.35043e-10 2.34016e-08)
(2.57158e-09 -3.33131e-10 2.81492e-08)
(2.75758e-09 -4.04706e-10 2.65215e-08)
(1.38134e-09 -2.34623e-10 2.62692e-08)
(2.2384e-09 -3.29852e-10 3.12519e-08)
(2.45844e-09 -4.00813e-10 2.95583e-08)
(1.01363e-09 -2.33857e-10 2.92779e-08)
(1.83788e-09 -3.26251e-10 3.44896e-08)
(2.09225e-09 -3.96525e-10 3.27323e-08)
(5.80761e-10 -2.32763e-10 3.24233e-08)
(1.36932e-09 -3.22348e-10 3.78582e-08)
(1.6582e-09 -3.91867e-10 3.60393e-08)
(8.19385e-11 -2.31358e-10 3.57012e-08)
(8.32252e-10 -3.18159e-10 4.13533e-08)
(1.15571e-09 -3.86859e-10 3.94749e-08)
(-4.83436e-10 -2.29657e-10 3.91074e-08)
(2.26365e-10 -3.13698e-10 4.49707e-08)
(5.84402e-10 -3.81521e-10 4.3035e-08)
(-1.11576e-09 -2.27674e-10 4.26377e-08)
(-4.48443e-10 -3.0898e-10 4.87062e-08)
(-5.59276e-11 -3.7587e-10 4.67152e-08)
(-1.81523e-09 -2.25423e-10 4.6288e-08)
(-1.1921e-09 -3.04017e-10 5.25558e-08)
(-7.65284e-10 -3.69923e-10 5.05114e-08)
(-2.58189e-09 -2.22914e-10 5.00543e-08)
(-2.00437e-09 -2.98823e-10 5.65153e-08)
(-1.5435e-09 -3.63695e-10 5.44196e-08)
(-3.41558e-09 -2.2016e-10 5.39326e-08)
(-2.88485e-09 -2.93408e-10 6.05809e-08)
(-2.39027e-09 -3.57199e-10 5.84358e-08)
(-4.31601e-09 -2.17171e-10 5.79189e-08)
(-3.83301e-09 -2.87785e-10 6.47485e-08)
(-3.30509e-09 -3.50452e-10 6.2556e-08)
(-5.28271e-09 -2.13958e-10 6.20094e-08)
(-4.84817e-09 -2.81966e-10 6.90145e-08)
(-4.28737e-09 -3.43467e-10 6.67763e-08)
(-6.3151e-09 -2.1053e-10 6.62003e-08)
(-5.92952e-09 -2.75962e-10 7.3375e-08)
(-5.33635e-09 -3.36258e-10 7.10931e-08)
(-7.41246e-09 -2.06899e-10 7.04878e-08)
(-7.07614e-09 -2.69785e-10 7.78263e-08)
(-6.45115e-09 -3.28839e-10 7.55024e-08)
(-8.57393e-09 -2.03076e-10 7.48683e-08)
(-8.28699e-09 -2.63448e-10 8.23649e-08)
(-7.63079e-09 -3.21226e-10 8.00007e-08)
(-9.79855e-09 -1.99069e-10 7.93382e-08)
(-9.56094e-09 -2.56962e-10 8.69871e-08)
(-8.87418e-09 -3.13431e-10 8.45845e-08)
(-1.10853e-08 -1.94891e-10 8.38939e-08)
(-1.08968e-08 -2.50339e-10 9.16895e-08)
(-1.01801e-08 -3.05469e-10 8.92501e-08)
(-1.24329e-08 -1.90551e-10 8.8532e-08)
(-1.22931e-08 -2.43592e-10 9.64688e-08)
(-1.15474e-08 -2.97355e-10 9.39942e-08)
(-1.38403e-08 -1.86061e-10 9.32492e-08)
(-1.37487e-08 -2.36732e-10 1.01322e-07)
(-1.29745e-08 -2.89103e-10 9.88134e-08)
(-1.53059e-08 -1.81432e-10 9.8042e-08)
(-1.52619e-08 -2.29771e-10 1.06245e-07)
(-1.44602e-08 -2.80728e-10 1.03704e-07)
(-1.68286e-08 -1.76674e-10 1.02907e-07)
(-1.68314e-08 -2.22721e-10 1.11235e-07)
(-1.60028e-08 -2.72244e-10 1.08664e-07)
(-1.84067e-08 -1.71798e-10 1.07842e-07)
(-1.84554e-08 -2.15596e-10 1.16289e-07)
(-1.76009e-08 -2.63665e-10 1.13689e-07)
(-2.00388e-08 -1.66816e-10 1.12843e-07)
(-2.01325e-08 -2.08406e-10 1.21404e-07)
(-1.92529e-08 -2.55005e-10 1.18777e-07)
(-2.17233e-08 -1.61738e-10 1.17906e-07)
(-2.18608e-08 -2.01164e-10 1.26577e-07)
(-2.0957e-08 -2.4628e-10 1.23924e-07)
(-2.34585e-08 -1.56575e-10 1.2303e-07)
(-2.36388e-08 -1.93882e-10 1.31805e-07)
(-2.27116e-08 -2.37504e-10 1.29127e-07)
(-2.52429e-08 -1.51339e-10 1.28212e-07)
(-2.54647e-08 -1.86571e-10 1.37086e-07)
(-2.4515e-08 -2.28691e-10 1.34385e-07)
(-2.70746e-08 -1.4604e-10 1.33447e-07)
(-2.73367e-08 -1.79245e-10 1.42416e-07)
(-2.63655e-08 -2.19855e-10 1.39693e-07)
(-2.89521e-08 -1.40689e-10 1.38735e-07)
(-2.92531e-08 -1.71915e-10 1.47793e-07)
(-2.82612e-08 -2.1101e-10 1.45049e-07)
(-3.08735e-08 -1.35297e-10 1.44071e-07)
(-3.12121e-08 -1.64592e-10 1.53215e-07)
(-3.02003e-08 -2.02171e-10 1.50451e-07)
(-3.28371e-08 -1.29874e-10 1.49454e-07)
(-3.32118e-08 -1.57289e-10 1.58678e-07)
(-3.21812e-08 -1.93351e-10 1.55896e-07)
(-3.48412e-08 -1.24433e-10 1.54881e-07)
(-3.52506e-08 -1.50017e-10 1.64181e-07)
(-3.4202e-08 -1.84566e-10 1.61382e-07)
(-3.68839e-08 -1.18983e-10 1.60349e-07)
(-3.73265e-08 -1.42788e-10 1.69721e-07)
(-3.62608e-08 -1.75828e-10 1.66906e-07)
(-3.89636e-08 -1.13535e-10 1.65856e-07)
(-3.94378e-08 -1.35613e-10 1.75295e-07)
(-3.83559e-08 -1.67151e-10 1.72465e-07)
(-4.10784e-08 -1.081e-10 1.71399e-07)
(-4.15828e-08 -1.28505e-10 1.80902e-07)
(-4.04856e-08 -1.5855e-10 1.78058e-07)
(-4.32265e-08 -1.02688e-10 1.76977e-07)
(-4.37596e-08 -1.21475e-10 1.86539e-07)
(-4.26479e-08 -1.50038e-10 1.83682e-07)
(-4.54063e-08 -9.73099e-11 1.82587e-07)
(-4.59665e-08 -1.14534e-10 1.92204e-07)
(-4.48412e-08 -1.41629e-10 1.89336e-07)
(-4.7616e-08 -9.19762e-11 1.88227e-07)
(-4.82018e-08 -1.07693e-10 1.97895e-07)
(-4.70637e-08 -1.33336e-10 1.95016e-07)
(-4.98538e-08 -8.66971e-11 1.93894e-07)
(-5.04638e-08 -1.00964e-10 2.0361e-07)
(-4.93138e-08 -1.25172e-10 2.00721e-07)
(-5.21182e-08 -8.14828e-11 1.99588e-07)
(-5.27508e-08 -9.43576e-11 2.09348e-07)
(-5.15896e-08 -1.17151e-10 2.06449e-07)
(-5.44073e-08 -7.63435e-11 2.05305e-07)
(-5.50611e-08 -8.78852e-11 2.15105e-07)
(-5.38896e-08 -1.09287e-10 2.12199e-07)
(-5.67197e-08 -7.12892e-11 2.11043e-07)
(-5.73932e-08 -8.15574e-11 2.20881e-07)
(-5.62121e-08 -1.01591e-10 2.17968e-07)
(-5.90537e-08 -6.63299e-11 2.16802e-07)
(-5.97454e-08 -7.53853e-11 2.26674e-07)
(-5.85555e-08 -9.40775e-11 2.23754e-07)
(-6.14077e-08 -6.14754e-11 2.2258e-07)
(-6.21163e-08 -6.93794e-11 2.32482e-07)
(-6.09183e-08 -8.67587e-11 2.29556e-07)
(-6.37803e-08 -5.67353e-11 2.28373e-07)
(-6.45043e-08 -6.35504e-11 2.38303e-07)
(-6.32989e-08 -7.96472e-11 2.35373e-07)
(-6.61698e-08 -5.21193e-11 2.34182e-07)
(-6.6908e-08 -5.79086e-11 2.44137e-07)
(-6.56959e-08 -7.27556e-11 2.41202e-07)
(-6.85749e-08 -4.76368e-11 2.40004e-07)
(-6.9326e-08 -5.24644e-11 2.49981e-07)
(-6.81078e-08 -6.60962e-11 2.47042e-07)
(-7.09942e-08 -4.32971e-11 2.45838e-07)
(-7.17568e-08 -4.72281e-11 2.55834e-07)
(-7.05333e-08 -5.96813e-11 2.52892e-07)
(-7.34263e-08 -3.91094e-11 2.51682e-07)
(-7.41993e-08 -4.22096e-11 2.61695e-07)
(-7.29709e-08 -5.35228e-11 2.58751e-07)
(-7.587e-08 -3.50828e-11 2.57535e-07)
(-7.66521e-08 -3.74192e-11 2.67562e-07)
(-7.54195e-08 -4.76328e-11 2.64616e-07)
(-7.83239e-08 -3.12262e-11 2.63396e-07)
(-7.9114e-08 -3.28667e-11 2.73435e-07)
(-7.78777e-08 -4.20231e-11 2.70488e-07)
(-8.07868e-08 -2.75485e-11 2.69263e-07)
(-8.1584e-08 -2.85622e-11 2.79312e-07)
(-8.03445e-08 -3.67054e-11 2.76364e-07)
(-8.32577e-08 -2.40584e-11 2.75135e-07)
(-8.40608e-08 -2.45158e-11 2.85192e-07)
(-8.28186e-08 -3.16917e-11 2.82244e-07)
(-8.57354e-08 -2.0765e-11 2.81012e-07)
(-8.65434e-08 -2.07379e-11 2.91075e-07)
(-8.52991e-08 -2.69939e-11 2.88127e-07)
(-8.82189e-08 -1.7677e-11 2.86892e-07)
(-8.90309e-08 -1.7239e-11 2.96959e-07)
(-8.77848e-08 -2.26242e-11 2.94011e-07)
(-9.07072e-08 -1.48036e-11 2.92774e-07)
(-9.15223e-08 -1.40298e-11 3.02844e-07)
(-9.02748e-08 -1.8595e-11 2.99897e-07)
(-9.31993e-08 -1.21539e-11 2.98657e-07)
(-9.40167e-08 -1.11209e-11 3.08729e-07)
(-9.27683e-08 -1.49189e-11 3.05783e-07)
(-9.56945e-08 -9.73736e-12 3.04541e-07)
(-9.65134e-08 -8.52169e-12 3.14613e-07)
(-9.52643e-08 -1.16078e-11 3.11668e-07)
(-9.8192e-08 -7.56261e-12 3.10425e-07)
(-9.90116e-08 -6.2382e-12 3.20496e-07)
(-9.77622e-08 -8.67231e-12 3.17552e-07)
(-1.00691e-07 -5.6367e-12 3.16308e-07)
(-1.01511e-07 -4.269e-12 3.26377e-07)
(-1.00261e-07 -6.1176e-12 3.23435e-07)
(-1.03191e-07 -3.96213e-12 3.2219e-07)
(-1.0401e-07 -2.59813e-12 3.32256e-07)
(-1.02761e-07 -3.9383e-12 3.29315e-07)
(-1.05691e-07 -2.53202e-12 3.2807e-07)
(-1.06509e-07 -1.18185e-12 3.38132e-07)
(-1.0526e-07 -2.10702e-12 3.35193e-07)
(-1.08191e-07 -1.32169e-12 3.33948e-07)
(-1.09007e-07 6.2674e-14 3.44006e-07)
(-1.07759e-07 -5.45533e-13 3.41069e-07)
(-1.1069e-07 -2.7093e-13 3.39823e-07)
(-1.11504e-07 1.21857e-12 3.49878e-07)
(-1.10257e-07 8.94184e-13 3.46942e-07)
(-1.13187e-07 7.0985e-13 3.45695e-07)
(-1.12753e-07 2.25263e-12 3.52812e-07)
(-1.15684e-07 1.62782e-12 3.51565e-07)
(3.80314e-10 -3.43473e-10 2.07563e-10)
(1.41619e-10 -2.23025e-10 -1.1839e-12)
(8.0142e-10 -4.25673e-10 5.88173e-10)
(4.4982e-10 -3.09609e-10 2.51174e-10)
(1.20974e-09 -4.50309e-10 1.14743e-09)
(7.77228e-10 -3.11812e-10 6.98422e-10)
(1.5995e-09 -4.66629e-10 1.89405e-09)
(1.09241e-09 -3.12637e-10 1.33749e-09)
(1.96227e-09 -4.77918e-10 2.83245e-09)
(1.38488e-09 -3.15772e-10 2.17002e-09)
(2.29251e-09 -4.85268e-10 3.96277e-09)
(1.64855e-09 -3.19463e-10 3.19491e-09)
(2.58531e-09 -4.89895e-10 5.28255e-09)
(1.87797e-09 -3.23255e-10 4.40952e-09)
(2.83615e-09 -4.92591e-10 6.78805e-09)
(2.06834e-09 -3.26878e-10 5.81025e-09)
(3.04092e-09 -4.9386e-10 8.47494e-09)
(2.21548e-09 -3.30158e-10 7.39291e-09)
(3.19596e-09 -4.94018e-10 1.03386e-08)
(2.31568e-09 -3.32993e-10 9.15301e-09)
(3.29799e-09 -4.93261e-10 1.23742e-08)
(2.36563e-09 -3.35311e-10 1.10859e-08)
(3.34413e-09 -4.91712e-10 1.4577e-08)
(2.36243e-09 -3.37067e-10 1.3187e-08)
(3.33185e-09 -4.89454e-10 1.69423e-08)
(2.30349e-09 -3.38242e-10 1.54515e-08)
(3.25893e-09 -4.86553e-10 1.94653e-08)
(2.18654e-09 -3.38836e-10 1.7875e-08)
(3.12345e-09 -4.83061e-10 2.21415e-08)
(2.00957e-09 -3.38869e-10 2.04529e-08)
(2.92377e-09 -4.79025e-10 2.49662e-08)
(1.77087e-09 -3.38364e-10 2.31806e-08)
(2.65851e-09 -4.74484e-10 2.79349e-08)
(1.46895e-09 -3.37351e-10 2.60538e-08)
(2.32653e-09 -4.69473e-10 3.10431e-08)
(1.10259e-09 -3.35859e-10 2.90681e-08)
(1.92693e-09 -4.64022e-10 3.42865e-08)
(6.70765e-10 -3.33916e-10 3.22191e-08)
(1.45901e-09 -4.58158e-10 3.76607e-08)
(1.72695e-10 -3.31547e-10 3.55026e-08)
(9.22303e-10 -4.51906e-10 4.11613e-08)
(-3.92205e-10 -3.28775e-10 3.89144e-08)
(3.16524e-10 -4.45286e-10 4.47842e-08)
(-1.02431e-09 -3.2562e-10 4.24502e-08)
(-3.58419e-10 -4.38318e-10 4.85251e-08)
(-1.72383e-09 -3.221e-10 4.6106e-08)
(-1.10244e-09 -4.3102e-10 5.23801e-08)
(-2.49076e-09 -3.18233e-10 4.98777e-08)
(-1.91529e-09 -4.23411e-10 5.63449e-08)
(-3.32495e-09 -3.14034e-10 5.37614e-08)
(-2.79657e-09 -4.15506e-10 6.04158e-08)
(-4.22608e-09 -3.09518e-10 5.7753e-08)
(-3.74571e-09 -4.07323e-10 6.45887e-08)
(-5.1937e-09 -3.04701e-10 6.18488e-08)
(-4.76203e-09 -3.98879e-10 6.88598e-08)
(-6.22718e-09 -2.99597e-10 6.60448e-08)
(-5.84471e-09 -3.90188e-10 7.32253e-08)
(-7.3258e-09 -2.9422e-10 7.03374e-08)
(-6.99281e-09 -3.81269e-10 7.76816e-08)
(-8.4887e-09 -2.88585e-10 7.4723e-08)
(-8.20529e-09 -3.72138e-10 8.22251e-08)
(-9.7149e-09 -2.82707e-10 7.91978e-08)
(-9.48099e-09 -3.6281e-10 8.68521e-08)
(-1.10033e-08 -2.76601e-10 8.37584e-08)
(-1.08187e-08 -3.53303e-10 9.15593e-08)
(-1.23528e-08 -2.7028e-10 8.84013e-08)
(-1.2217e-08 -3.43634e-10 9.63433e-08)
(-1.37621e-08 -2.63761e-10 9.31232e-08)
(-1.36747e-08 -3.33818e-10 1.01201e-07)
(-1.52298e-08 -2.57058e-10 9.79206e-08)
(-1.51901e-08 -3.23873e-10 1.06128e-07)
(-1.67546e-08 -2.50186e-10 1.0279e-07)
(-1.67618e-08 -3.13816e-10 1.11123e-07)
(-1.8335e-08 -2.4316e-10 1.07729e-07)
(-1.83881e-08 -3.03663e-10 1.16181e-07)
(-1.99693e-08 -2.35995e-10 1.12735e-07)
(-2.00675e-08 -2.9343e-10 1.21301e-07)
(-2.16562e-08 -2.28706e-10 1.17803e-07)
(-2.17983e-08 -2.83134e-10 1.26478e-07)
(-2.33938e-08 -2.21309e-10 1.22931e-07)
(-2.35788e-08 -2.72792e-10 1.3171e-07)
(-2.51806e-08 -2.13819e-10 1.28116e-07)
(-2.54071e-08 -2.62421e-10 1.36995e-07)
(-2.70149e-08 -2.06249e-10 1.33356e-07)
(-2.72816e-08 -2.52036e-10 1.42329e-07)
(-2.88948e-08 -1.98617e-10 1.38648e-07)
(-2.92005e-08 -2.41654e-10 1.4771e-07)
(-3.08188e-08 -1.90935e-10 1.43988e-07)
(-3.1162e-08 -2.31292e-10 1.53136e-07)
(-3.27849e-08 -1.8322e-10 1.49375e-07)
(-3.31643e-08 -2.20965e-10 1.58603e-07)
(-3.47915e-08 -1.75486e-10 1.54805e-07)
(-3.52055e-08 -2.1069e-10 1.64109e-07)
(-3.68368e-08 -1.67747e-10 1.60277e-07)
(-3.72839e-08 -2.00483e-10 1.69653e-07)
(-3.89189e-08 -1.60019e-10 1.65787e-07)
(-3.93977e-08 -1.9036e-10 1.75231e-07)
(-4.10362e-08 -1.52316e-10 1.71334e-07)
(-4.15451e-08 -1.80336e-10 1.80841e-07)
(-4.31868e-08 -1.44652e-10 1.76916e-07)
(-4.37244e-08 -1.70427e-10 1.86481e-07)
(-4.5369e-08 -1.37042e-10 1.82529e-07)
(-4.59336e-08 -1.60649e-10 1.92149e-07)
(-4.75811e-08 -1.295e-10 1.88172e-07)
(-4.81712e-08 -1.51018e-10 1.97844e-07)
(-4.98213e-08 -1.22041e-10 1.93843e-07)
(-5.04355e-08 -1.41549e-10 2.03562e-07)
(-5.2088e-08 -1.14677e-10 1.99539e-07)
(-5.27247e-08 -1.32257e-10 2.09302e-07)
(-5.43794e-08 -1.07424e-10 2.05259e-07)
(-5.50372e-08 -1.23156e-10 2.15063e-07)
(-5.6694e-08 -1.00294e-10 2.11001e-07)
(-5.73713e-08 -1.14264e-10 2.20842e-07)
(-5.90301e-08 -9.33025e-11 2.16763e-07)
(-5.97256e-08 -1.05593e-10 2.26637e-07)
(-6.13862e-08 -8.64615e-11 2.22543e-07)
(-6.20984e-08 -9.71584e-11 2.32448e-07)
(-6.37607e-08 -7.97846e-11 2.28339e-07)
(-6.44882e-08 -8.89753e-11 2.38272e-07)
(-6.61522e-08 -7.32851e-11 2.3415e-07)
(-6.68937e-08 -8.10577e-11 2.44108e-07)
(-6.85591e-08 -6.69759e-11 2.39975e-07)
(-6.93134e-08 -7.34196e-11 2.49954e-07)
(-7.09802e-08 -6.08696e-11 2.45811e-07)
(-7.17458e-08 -6.60752e-11 2.5581e-07)
(-7.3414e-08 -5.49789e-11 2.51657e-07)
(-7.41898e-08 -5.90383e-11 2.61673e-07)
(-7.58592e-08 -4.93163e-11 2.57513e-07)
(-7.66441e-08 -5.23225e-11 2.67542e-07)
(-7.83146e-08 -4.38938e-11 2.63376e-07)
(-7.91073e-08 -4.59415e-11 2.73417e-07)
(-8.07789e-08 -3.87237e-11 2.69245e-07)
(-8.15785e-08 -3.9909e-11 2.79296e-07)
(-8.32511e-08 -3.38179e-11 2.75119e-07)
(-8.40564e-08 -3.42384e-11 2.85179e-07)
(-8.573e-08 -2.91883e-11 2.80998e-07)
(-8.65401e-08 -2.89437e-11 2.91063e-07)
(-8.82146e-08 -2.4847e-11 2.8688e-07)
(-8.90285e-08 -2.40388e-11 2.96949e-07)
(-9.07039e-08 -2.08061e-11 2.92763e-07)
(-9.15207e-08 -1.95379e-11 3.02835e-07)
(-9.3197e-08 -1.70778e-11 2.98648e-07)
(-9.40159e-08 -1.5455e-11 3.08721e-07)
(-9.5693e-08 -1.36744e-11 3.04534e-07)
(-9.65133e-08 -1.18031e-11 3.14607e-07)
(-9.81912e-08 -1.06079e-11 3.10419e-07)
(-9.9012e-08 -8.59171e-12 3.20491e-07)
(-1.00691e-07 -7.88838e-12 3.16303e-07)
(-1.01512e-07 -5.82206e-12 3.26373e-07)
(-1.03191e-07 -5.52115e-12 3.22186e-07)
(-1.04011e-07 -3.47704e-12 3.32253e-07)
(-1.05692e-07 -3.50049e-12 3.28066e-07)
(-1.0651e-07 -1.49395e-12 3.3813e-07)
(-1.08192e-07 -1.79487e-12 3.33945e-07)
(-1.09009e-07 2.68639e-13 3.44004e-07)
(-1.10691e-07 -3.03236e-13 3.39821e-07)
(-1.11506e-07 1.91338e-12 3.49876e-07)
(-1.13189e-07 1.14766e-12 3.45693e-07)
(-1.15686e-07 2.42679e-12 3.51563e-07)
(2.00243e-10 1.8868e-10 4.5044e-11)
(8.17666e-11 1.25904e-10 -4.82583e-11)
(5.25841e-11 8.36126e-11 -9.09308e-11)
(4.31991e-10 1.96434e-10 3.61168e-10)
(2.94471e-10 1.62568e-10 2.01182e-10)
(1.82217e-10 7.88981e-11 8.2804e-11)
(6.62699e-10 1.74996e-10 8.88795e-10)
(5.31538e-10 1.48032e-10 6.58018e-10)
(3.27758e-10 4.09542e-11 4.90824e-10)
(8.80421e-10 1.62727e-10 1.61408e-09)
(7.57802e-10 1.36404e-10 1.30311e-09)
(4.66775e-10 1.61874e-11 1.10451e-09)
(1.07432e-09 1.58284e-10 2.53321e-09)
(9.61907e-10 1.30803e-10 2.13731e-09)
(5.87116e-10 4.10894e-12 1.91642e-09)
(1.23751e-09 1.58396e-10 3.64262e-09)
(1.13792e-09 1.29446e-10 3.1592e-09)
(6.81056e-10 2.95973e-13 2.92069e-09)
(1.36474e-09 1.61141e-10 4.93848e-09)
(1.28051e-09 1.30896e-10 4.36639e-09)
(7.42582e-10 1.76079e-12 4.11254e-09)
(1.45161e-09 1.65296e-10 6.41669e-09)
(1.38507e-09 1.34014e-10 5.75588e-09)
(7.66852e-10 6.41108e-12 5.48748e-09)
(1.49432e-09 1.7009e-10 8.07289e-09)
(1.44761e-09 1.3801e-10 7.32411e-09)
(7.49856e-10 1.2827e-11 7.04105e-09)
(1.48956e-09 1.75034e-10 9.90259e-09)
(1.46459e-09 1.42359e-10 9.0671e-09)
(6.88172e-10 2.00786e-11 8.76872e-09)
(1.43437e-09 1.79816e-10 1.19012e-08)
(1.43287e-09 1.46717e-10 1.09807e-08)
(5.7881e-10 2.75717e-11 1.0666e-08)
(1.32615e-09 1.8425e-10 1.40643e-08)
(1.34966e-09 1.50865e-10 1.30604e-08)
(4.19126e-10 3.49432e-11 1.27285e-08)
(1.16258e-09 1.88234e-10 1.63874e-08)
(1.21246e-09 1.54675e-10 1.53021e-08)
(2.06762e-10 4.19865e-11 1.49518e-08)
(9.41595e-10 1.91723e-10 1.88659e-08)
(1.01907e-09 1.5808e-10 1.77014e-08)
(-6.03849e-11 4.85963e-11 1.73315e-08)
(6.61403e-10 1.94705e-10 2.14956e-08)
(7.67543e-10 1.61054e-10 2.02538e-08)
(-3.8418e-10 5.47297e-11 1.98635e-08)
(3.2044e-10 1.97189e-10 2.4272e-08)
(4.5618e-10 1.63596e-10 2.29551e-08)
(-7.6626e-10 6.03789e-11 2.25434e-08)
(-8.26205e-11 1.99193e-10 2.7191e-08)
(8.35267e-11 1.65714e-10 2.5801e-08)
(-1.20804e-09 6.55549e-11 2.53672e-08)
(-5.48886e-10 2.00738e-10 3.02483e-08)
(-3.51645e-10 1.67427e-10 2.87873e-08)
(-1.71073e-09 7.02768e-11 2.83306e-08)
(-1.07925e-09 2.01847e-10 3.34396e-08)
(-8.50343e-10 1.68753e-10 3.19098e-08)
(-2.27531e-09 7.45655e-11 3.14296e-08)
(-1.67439e-09 2.02542e-10 3.67609e-08)
(-1.41336e-09 1.69709e-10 3.51643e-08)
(-2.90256e-09 7.84415e-11 3.46601e-08)
(-2.33479e-09 2.02841e-10 4.0208e-08)
(-2.04128e-09 1.70313e-10 3.85466e-08)
(-3.59307e-09 8.19231e-11 3.80181e-08)
(-3.06074e-09 2.02761e-10 4.37769e-08)
(-2.73451e-09 1.7058e-10 4.20528e-08)
(-4.34723e-09 8.50265e-11 4.14996e-08)
(-3.85236e-09 2.02318e-10 4.74635e-08)
(-3.49324e-09 1.70523e-10 4.56788e-08)
(-5.16526e-09 8.77657e-11 4.51007e-08)
(-4.70959e-09 2.01527e-10 5.1264e-08)
(-4.31751e-09 1.70156e-10 4.94206e-08)
(-6.04718e-09 9.01535e-11 4.88175e-08)
(-5.6322e-09 2.00401e-10 5.51745e-08)
(-5.20719e-09 1.6949e-10 5.32744e-08)
(-6.99288e-09 9.22013e-11 5.26461e-08)
(-6.61982e-09 1.98953e-10 5.91911e-08)
(-6.16198e-09 1.68537e-10 5.72362e-08)
(-8.00206e-09 9.39198e-11 5.65829e-08)
(-7.67193e-09 1.97196e-10 6.33101e-08)
(-7.18144e-09 1.67308e-10 6.13023e-08)
(-9.07429e-09 9.53195e-11 6.06239e-08)
(-8.78787e-09 1.95142e-10 6.75277e-08)
(-8.26499e-09 1.65813e-10 6.54689e-08)
(-1.0209e-08 9.64107e-11 6.47657e-08)
(-9.96687e-09 1.92804e-10 7.18403e-08)
(-9.41191e-09 1.64064e-10 6.97324e-08)
(-1.14055e-08 9.72036e-11 6.90045e-08)
(-1.1208e-08 1.90194e-10 7.62443e-08)
(-1.06214e-08 1.6207e-10 7.40891e-08)
(-1.2663e-08 9.77084e-11 7.33368e-08)
(-1.25103e-08 1.87327e-10 8.07363e-08)
(-1.18924e-08 1.59844e-10 7.85355e-08)
(-1.39805e-08 9.79358e-11 7.77591e-08)
(-1.38727e-08 1.84214e-10 8.53127e-08)
(-1.32241e-08 1.57397e-10 8.30681e-08)
(-1.53571e-08 9.78963e-11 8.2268e-08)
(-1.52939e-08 1.80868e-10 8.99702e-08)
(-1.46151e-08 1.54739e-10 8.76836e-08)
(-1.67915e-08 9.76008e-11 8.68601e-08)
(-1.67728e-08 1.77303e-10 9.47055e-08)
(-1.60643e-08 1.51882e-10 9.23785e-08)
(-1.82826e-08 9.70603e-11 9.15322e-08)
(-1.83078e-08 1.73532e-10 9.95154e-08)
(-1.75704e-08 1.48838e-10 9.71496e-08)
(-1.98291e-08 9.62859e-11 9.6281e-08)
(-1.98977e-08 1.69568e-10 1.04397e-07)
(-1.9132e-08 1.45618e-10 1.01994e-07)
(-2.14296e-08 9.5289e-11 1.01103e-07)
(-2.15409e-08 1.65425e-10 1.09346e-07)
(-2.07476e-08 1.42234e-10 1.06908e-07)
(-2.30827e-08 9.40808e-11 1.05996e-07)
(-2.32359e-08 1.61116e-10 1.14361e-07)
(-2.24157e-08 1.38697e-10 1.11888e-07)
(-2.47869e-08 9.2673e-11 1.10956e-07)
(-2.49811e-08 1.56655e-10 1.19438e-07)
(-2.41349e-08 1.35019e-10 1.16933e-07)
(-2.65407e-08 9.10769e-11 1.1598e-07)
(-2.67749e-08 1.52055e-10 1.24574e-07)
(-2.59034e-08 1.31212e-10 1.22038e-07)
(-2.83425e-08 8.93042e-11 1.21066e-07)
(-2.86156e-08 1.4733e-10 1.29767e-07)
(-2.77197e-08 1.27287e-10 1.27201e-07)
(-3.01907e-08 8.73666e-11 1.26211e-07)
(-3.05016e-08 1.42493e-10 1.35013e-07)
(-2.9582e-08 1.23257e-10 1.3242e-07)
(-3.20837e-08 8.52757e-11 1.31411e-07)
(-3.24311e-08 1.37558e-10 1.40311e-07)
(-3.14887e-08 1.19132e-10 1.3769e-07)
(-3.40197e-08 8.30431e-11 1.36664e-07)
(-3.44025e-08 1.32537e-10 1.45657e-07)
(-3.34381e-08 1.14925e-10 1.43011e-07)
(-3.59971e-08 8.06806e-11 1.41968e-07)
(-3.64139e-08 1.27445e-10 1.51048e-07)
(-3.54285e-08 1.10647e-10 1.48378e-07)
(-3.80141e-08 7.81996e-11 1.4732e-07)
(-3.84636e-08 1.22294e-10 1.56483e-07)
(-3.7458e-08 1.0631e-10 1.53791e-07)
(-4.00692e-08 7.56118e-11 1.52717e-07)
(-4.05499e-08 1.17099e-10 1.61959e-07)
(-3.9525e-08 1.01925e-10 1.59245e-07)
(-4.21604e-08 7.29287e-11 1.58156e-07)
(-4.2671e-08 1.11871e-10 1.67473e-07)
(-4.16277e-08 9.75038e-11 1.64739e-07)
(-4.42862e-08 7.01619e-11 1.63636e-07)
(-4.48252e-08 1.06624e-10 1.73023e-07)
(-4.37643e-08 9.30576e-11 1.7027e-07)
(-4.64447e-08 6.73226e-11 1.69154e-07)
(-4.70107e-08 1.01372e-10 1.78607e-07)
(-4.59332e-08 8.85977e-11 1.75836e-07)
(-4.86343e-08 6.44224e-11 1.74708e-07)
(-4.92259e-08 9.61258e-11 1.84223e-07)
(-4.81326e-08 8.41355e-11 1.81435e-07)
(-5.08533e-08 6.14724e-11 1.80295e-07)
(-5.14689e-08 9.08997e-11 1.89868e-07)
(-5.03607e-08 7.9682e-11 1.87064e-07)
(-5.31e-08 5.84838e-11 1.85914e-07)
(-5.37383e-08 8.57058e-11 1.95541e-07)
(-5.2616e-08 7.52482e-11 1.92722e-07)
(-5.53728e-08 5.54676e-11 1.91561e-07)
(-5.60322e-08 8.05568e-11 2.01239e-07)
(-5.48967e-08 7.08451e-11 1.98406e-07)
(-5.76699e-08 5.24348e-11 1.97236e-07)
(-5.83491e-08 7.54649e-11 2.0696e-07)
(-5.72012e-08 6.64835e-11 2.04115e-07)
(-5.99899e-08 4.93961e-11 2.02936e-07)
(-6.06874e-08 7.04423e-11 2.12703e-07)
(-5.9528e-08 6.21739e-11 2.09846e-07)
(-6.2331e-08 4.63623e-11 2.08659e-07)
(-6.30455e-08 6.55012e-11 2.18466e-07)
(-6.18753e-08 5.79271e-11 2.15598e-07)
(-6.46918e-08 4.33439e-11 2.14404e-07)
(-6.54219e-08 6.06534e-11 2.24247e-07)
(-6.42418e-08 5.37533e-11 2.21369e-07)
(-6.70708e-08 4.03511e-11 2.20168e-07)
(-6.78151e-08 5.59106e-11 2.30043e-07)
(-6.66258e-08 4.96628e-11 2.27157e-07)
(-6.94664e-08 3.73943e-11 2.25949e-07)
(-7.02237e-08 5.12844e-11 2.35855e-07)
(-6.9026e-08 4.56657e-11 2.32961e-07)
(-7.18773e-08 3.44834e-11 2.31747e-07)
(-7.26463e-08 4.67861e-11 2.4168e-07)
(-7.14408e-08 4.17721e-11 2.38778e-07)
(-7.43021e-08 3.16283e-11 2.37559e-07)
(-7.50815e-08 4.24269e-11 2.47516e-07)
(-7.38691e-08 3.79915e-11 2.44608e-07)
(-7.67394e-08 2.88385e-11 2.43384e-07)
(-7.75281e-08 3.82178e-11 2.53362e-07)
(-7.63093e-08 3.43337e-11 2.50448e-07)
(-7.91879e-08 2.61236e-11 2.4922e-07)
(-7.99847e-08 3.41696e-11 2.59217e-07)
(-7.87603e-08 3.0808e-11 2.56298e-07)
(-8.16464e-08 2.34928e-11 2.55067e-07)
(-8.24503e-08 3.02927e-11 2.6508e-07)
(-8.12208e-08 2.74239e-11 2.62156e-07)
(-8.41137e-08 2.0955e-11 2.60922e-07)
(-8.49235e-08 2.65978e-11 2.70948e-07)
(-8.36897e-08 2.41903e-11 2.68021e-07)
(-8.65887e-08 1.85191e-11 2.66784e-07)
(-8.74035e-08 2.30951e-11 2.76822e-07)
(-8.61658e-08 2.11163e-11 2.73892e-07)
(-8.90702e-08 1.61937e-11 2.72652e-07)
(-8.98891e-08 1.97949e-11 2.827e-07)
(-8.86481e-08 1.8211e-11 2.79767e-07)
(-9.15574e-08 1.39875e-11 2.78525e-07)
(-9.23793e-08 1.67076e-11 2.88581e-07)
(-9.11356e-08 1.54833e-11 2.85645e-07)
(-9.40491e-08 1.19087e-11 2.84402e-07)
(-9.48732e-08 1.38435e-11 2.94463e-07)
(-9.36273e-08 1.29421e-11 2.91527e-07)
(-9.65445e-08 9.96579e-12 2.90282e-07)
(-9.73701e-08 1.12129e-11 3.00347e-07)
(-9.61224e-08 1.05968e-11 2.97409e-07)
(-9.90427e-08 8.1672e-12 2.96164e-07)
(-9.98691e-08 8.82609e-12 3.06231e-07)
(-9.862e-08 8.45623e-12 3.03293e-07)
(-1.01543e-07 6.5213e-12 3.02047e-07)
(-1.02369e-07 6.69214e-12 3.12115e-07)
(-1.01119e-07 6.52914e-12 3.09177e-07)
(-1.04045e-07 5.03623e-12 3.0793e-07)
(-1.04871e-07 4.817e-12 3.17998e-07)
(-1.0362e-07 4.82245e-12 3.1506e-07)
(-1.06547e-07 3.71899e-12 3.13812e-07)
(-1.07372e-07 3.19894e-12 3.23879e-07)
(-1.06121e-07 3.33867e-12 3.20941e-07)
(-1.09049e-07 2.57337e-12 3.19694e-07)
(-1.09873e-07 1.81783e-12 3.29759e-07)
(-1.08622e-07 2.07065e-12 3.26821e-07)
(-1.11552e-07 1.59578e-12 3.25574e-07)
(-1.12373e-07 6.03773e-13 3.35636e-07)
(-1.11122e-07 9.89981e-13 3.32699e-07)
(-1.14053e-07 7.62896e-13 3.31452e-07)
(-1.14872e-07 -5.7608e-13 3.4151e-07)
(-1.13622e-07 1.463e-14 3.38575e-07)
(-1.16553e-07 -9.69122e-15 3.37327e-07)
(-1.17369e-07 -1.66126e-12 3.47381e-07)
(-1.1612e-07 -9.77223e-13 3.44447e-07)
(-1.19051e-07 -8.29394e-13 3.432e-07)
(-1.18616e-07 -1.81605e-12 3.50317e-07)
(-1.21548e-07 -1.29572e-12 3.49069e-07)
(1.6639e-10 1.00432e-10 1.10461e-10)
(6.36373e-11 6.0616e-11 -3.45763e-11)
(3.94055e-11 3.94693e-11 -6.74294e-11)
(4.01293e-10 1.16569e-10 4.9981e-10)
(2.69246e-10 9.00481e-11 2.78521e-10)
(1.66253e-10 3.82705e-11 1.94066e-10)
(6.31929e-10 1.12443e-10 1.0741e-09)
(5.05809e-10 8.98713e-11 7.82896e-10)
(3.09714e-10 1.9282e-11 6.60423e-10)
(8.4479e-10 1.07651e-10 1.82825e-09)
(7.29917e-10 8.61506e-11 1.45947e-09)
(4.42176e-10 4.21446e-12 1.30898e-09)
(1.03229e-09 1.05184e-10 2.76535e-09)
(9.29724e-10 8.36184e-11 2.31434e-09)
(5.53696e-10 -4.56652e-12 2.14227e-09)
(1.18874e-09 1.05099e-10 3.88516e-09)
(1.10061e-09 8.28524e-11 3.34926e-09)
(6.38713e-10 -7.99568e-12 3.15907e-09)
(1.30954e-09 1.06798e-10 5.18613e-09)
(1.23798e-09 8.36481e-11 4.56395e-09)
(6.92032e-10 -7.52053e-12 4.35732e-09)
(1.39055e-09 1.0961e-10 6.66579e-09)
(1.33757e-09 8.55317e-11 5.95706e-09)
(7.09063e-10 -4.51527e-12 5.73452e-09)
(1.42805e-09 1.1301e-10 8.32097e-09)
(1.39556e-09 8.80618e-11 7.52619e-09)
(6.85822e-10 -2.62562e-14 7.28756e-09)
(1.4187e-09 1.16627e-10 1.0148e-08)
(1.40848e-09 9.09019e-11 9.2682e-09)
(6.18803e-10 5.22113e-12 9.01286e-09)
(1.35952e-09 1.20211e-10 1.21428e-08)
(1.37319e-09 9.3812e-11 1.11795e-08)
(5.04898e-10 1.07484e-11 1.09066e-08)
(1.24784e-09 1.23601e-10 1.43014e-08)
(1.28685e-09 9.66315e-11 1.32562e-08)
(3.41344e-10 1.62562e-11 1.29647e-08)
(1.08127e-09 1.26707e-10 1.66194e-08)
(1.14695e-09 9.92605e-11 1.54942e-08)
(1.25684e-10 2.15693e-11 1.5183e-08)
(8.57722e-10 1.2948e-10 1.90927e-08)
(9.51225e-10 1.01643e-10 1.78894e-08)
(-1.44267e-10 2.65943e-11 1.75576e-08)
(5.75354e-10 1.31902e-10 2.17169e-08)
(6.97702e-10 1.03754e-10 2.04375e-08)
(-4.70433e-10 3.12887e-11 2.00841e-08)
(2.32574e-10 1.33972e-10 2.44878e-08)
(3.84656e-10 1.05584e-10 2.31344e-08)
(-8.54499e-10 3.56397e-11 2.27586e-08)
(-1.7197e-10 1.35698e-10 2.74012e-08)
(1.0608e-11 1.07136e-10 2.59758e-08)
(-1.29791e-09 3.96507e-11 2.55768e-08)
(-6.39405e-10 1.37094e-10 3.04528e-08)
(-4.25689e-10 1.0842e-10 2.89576e-08)
(-1.80191e-09 4.33325e-11 2.85346e-08)
(-1.17064e-09 1.38173e-10 3.36385e-08)
(-9.25257e-10 1.09444e-10 3.20755e-08)
(-2.36748e-09 4.66988e-11 3.1628e-08)
(-1.76636e-09 1.3895e-10 3.69542e-08)
(-1.4889e-09 1.10221e-10 3.53254e-08)
(-2.99544e-09 4.97629e-11 3.48529e-08)
(-2.42708e-09 1.39436e-10 4.03957e-08)
(-2.11723e-09 1.10761e-10 3.87032e-08)
(-3.68638e-09 5.25375e-11 3.82054e-08)
(-3.1531e-09 1.39644e-10 4.39591e-08)
(-2.81063e-09 1.11073e-10 4.22049e-08)
(-4.44072e-09 5.50337e-11 4.16814e-08)
(-3.94454e-09 1.39585e-10 4.76403e-08)
(-3.56935e-09 1.11166e-10 4.58264e-08)
(-5.25866e-09 5.72614e-11 4.5277e-08)
(-4.80136e-09 1.39269e-10 5.14354e-08)
(-4.3934e-09 1.11048e-10 4.95638e-08)
(-6.14027e-09 5.92293e-11 4.89884e-08)
(-5.72335e-09 1.38705e-10 5.53406e-08)
(-5.28268e-09 1.10728e-10 5.34131e-08)
(-7.08543e-09 6.09457e-11 5.28117e-08)
(-6.71013e-09 1.37903e-10 5.93519e-08)
(-6.23689e-09 1.10212e-10 5.73706e-08)
(-8.09387e-09 6.24181e-11 5.67432e-08)
(-7.76122e-09 1.36871e-10 6.34656e-08)
(-7.25561e-09 1.09508e-10 6.14324e-08)
(-9.16516e-09 6.3654e-11 6.0779e-08)
(-8.87596e-09 1.35619e-10 6.76781e-08)
(-8.33826e-09 1.08623e-10 6.55947e-08)
(-1.02988e-08 6.46608e-11 6.49156e-08)
(-1.00536e-08 1.34155e-10 7.19857e-08)
(-9.48415e-09 1.07564e-10 6.9854e-08)
(-1.1494e-08 6.54457e-11 6.91494e-08)
(-1.12932e-08 1.32489e-10 7.63847e-08)
(-1.06924e-08 1.06339e-10 7.42066e-08)
(-1.275e-08 6.60163e-11 7.34767e-08)
(-1.25939e-08 1.30631e-10 8.08718e-08)
(-1.19622e-08 1.04954e-10 7.8649e-08)
(-1.40659e-08 6.63802e-11 7.78942e-08)
(-1.39545e-08 1.28588e-10 8.54434e-08)
(-1.32924e-08 1.03418e-10 8.31777e-08)
(-1.54407e-08 6.65451e-11 8.23983e-08)
(-1.53738e-08 1.26372e-10 9.00962e-08)
(-1.4682e-08 1.01738e-10 8.77892e-08)
(-1.68733e-08 6.65189e-11 8.69857e-08)
(-1.68506e-08 1.23992e-10 9.48269e-08)
(-1.61296e-08 9.99204e-11 9.24803e-08)
(-1.83624e-08 6.63096e-11 9.16531e-08)
(-1.83835e-08 1.21456e-10 9.96322e-08)
(-1.7634e-08 9.79744e-11 9.72476e-08)
(-1.99068e-08 6.59255e-11 9.63973e-08)
(-1.99712e-08 1.18776e-10 1.04509e-07)
(-1.91938e-08 9.59073e-11 1.02088e-07)
(-2.15051e-08 6.53747e-11 1.01215e-07)
(-2.16122e-08 1.1596e-10 1.09454e-07)
(-2.08076e-08 9.37269e-11 1.06998e-07)
(-2.3156e-08 6.46655e-11 1.06103e-07)
(-2.33048e-08 1.13018e-10 1.14464e-07)
(-2.24738e-08 9.14411e-11 1.11975e-07)
(-2.48579e-08 6.38064e-11 1.11059e-07)
(-2.50476e-08 1.09961e-10 1.19537e-07)
(-2.4191e-08 8.90577e-11 1.17016e-07)
(-2.66094e-08 6.28059e-11 1.16079e-07)
(-2.6839e-08 1.06798e-10 1.24669e-07)
(-2.59576e-08 8.65846e-11 1.22118e-07)
(-2.84087e-08 6.16724e-11 1.21161e-07)
(-2.86773e-08 1.03539e-10 1.29858e-07)
(-2.77718e-08 8.40298e-11 1.27278e-07)
(-3.02545e-08 6.04144e-11 1.26301e-07)
(-3.05608e-08 1.00194e-10 1.351e-07)
(-2.96321e-08 8.1401e-11 1.32493e-07)
(-3.21449e-08 5.90405e-11 1.31498e-07)
(-3.24878e-08 9.67731e-11 1.40394e-07)
(-3.15368e-08 7.87064e-11 1.37761e-07)
(-3.40784e-08 5.75592e-11 1.36747e-07)
(-3.44566e-08 9.32852e-11 1.45736e-07)
(-3.34841e-08 7.59536e-11 1.43078e-07)
(-3.60533e-08 5.59791e-11 1.42047e-07)
(-3.64654e-08 8.97405e-11 1.51124e-07)
(-3.54723e-08 7.31505e-11 1.48442e-07)
(-3.80678e-08 5.43087e-11 1.47395e-07)
(-3.85126e-08 8.61488e-11 1.56555e-07)
(-3.74998e-08 7.0305e-11 1.53851e-07)
(-4.01203e-08 5.25565e-11 1.52788e-07)
(-4.05964e-08 8.25196e-11 1.62027e-07)
(-3.95647e-08 6.74249e-11 1.59303e-07)
(-4.2209e-08 5.0731e-11 1.58224e-07)
(-4.2715e-08 7.88626e-11 1.67538e-07)
(-4.16653e-08 6.45178e-11 1.64793e-07)
(-4.43322e-08 4.88405e-11 1.63701e-07)
(-4.48667e-08 7.51874e-11 1.73085e-07)
(-4.37999e-08 6.15916e-11 1.70322e-07)
(-4.64883e-08 4.68935e-11 1.69215e-07)
(-4.70497e-08 7.15035e-11 1.78665e-07)
(-4.59667e-08 5.86537e-11 1.75885e-07)
(-4.86754e-08 4.48982e-11 1.74766e-07)
(-4.92625e-08 6.78201e-11 1.84278e-07)
(-4.81641e-08 5.5712e-11 1.81481e-07)
(-5.0892e-08 4.2863e-11 1.8035e-07)
(-5.15032e-08 6.41468e-11 1.8992e-07)
(-5.03902e-08 5.27737e-11 1.87108e-07)
(-5.31362e-08 4.0796e-11 1.85965e-07)
(-5.37702e-08 6.04926e-11 1.95589e-07)
(-5.26436e-08 4.98465e-11 1.92763e-07)
(-5.54066e-08 3.87054e-11 1.9161e-07)
(-5.60618e-08 5.68668e-11 2.01284e-07)
(-5.49224e-08 4.69377e-11 1.98445e-07)
(-5.77014e-08 3.65991e-11 1.97282e-07)
(-5.83765e-08 5.32783e-11 2.07003e-07)
(-5.7225e-08 4.40546e-11 2.04151e-07)
(-6.00191e-08 3.4485e-11 2.02979e-07)
(-6.07126e-08 4.97362e-11 2.12743e-07)
(-5.95499e-08 4.12044e-11 2.0988e-07)
(-6.2358e-08 3.23711e-11 2.08699e-07)
(-6.30686e-08 4.62492e-11 2.18503e-07)
(-6.18955e-08 3.83943e-11 2.1563e-07)
(-6.47167e-08 3.0265e-11 2.14441e-07)
(-6.5443e-08 4.2826e-11 2.24281e-07)
(-6.42602e-08 3.56314e-11 2.21398e-07)
(-6.70936e-08 2.81743e-11 2.20202e-07)
(-6.78342e-08 3.94753e-11 2.30075e-07)
(-6.66426e-08 3.29225e-11 2.27184e-07)
(-6.94872e-08 2.61065e-11 2.25981e-07)
(-7.02409e-08 3.62053e-11 2.35884e-07)
(-6.90412e-08 3.02745e-11 2.32986e-07)
(-7.18961e-08 2.4069e-11 2.31776e-07)
(-7.26617e-08 3.30245e-11 2.41707e-07)
(-7.14545e-08 2.76941e-11 2.38801e-07)
(-7.4319e-08 2.20689e-11 2.37586e-07)
(-7.50952e-08 2.99411e-11 2.4754e-07)
(-7.38813e-08 2.5188e-11 2.44629e-07)
(-7.67545e-08 2.01134e-11 2.43409e-07)
(-7.75401e-08 2.69629e-11 2.53384e-07)
(-7.63201e-08 2.27626e-11 2.50467e-07)
(-7.92013e-08 1.82093e-11 2.49243e-07)
(-7.99952e-08 2.4098e-11 2.59237e-07)
(-7.87698e-08 2.04244e-11 2.56315e-07)
(-8.16582e-08 1.63634e-11 2.55087e-07)
(-8.24593e-08 2.1354e-11 2.65098e-07)
(-8.12291e-08 1.81797e-11 2.62172e-07)
(-8.4124e-08 1.45824e-11 2.6094e-07)
(-8.49312e-08 1.87388e-11 2.70965e-07)
(-8.36967e-08 1.60346e-11 2.68035e-07)
(-8.65975e-08 1.28728e-11 2.668e-07)
(-8.74099e-08 1.62598e-11 2.76837e-07)
(-8.61718e-08 1.39954e-11 2.73904e-07)
(-8.90778e-08 1.12409e-11 2.72667e-07)
(-8.98942e-08 1.39248e-11 2.82713e-07)
(-8.8653e-08 1.20682e-11 2.79778e-07)
(-9.15636e-08 9.69307e-12 2.78538e-07)
(-9.23834e-08 1.17414e-11 2.88592e-07)
(-9.11396e-08 1.02592e-11 2.85655e-07)
(-9.40542e-08 8.23552e-12 2.84413e-07)
(-9.48764e-08 9.7174e-12 2.94473e-07)
(-9.36305e-08 8.57453e-12 2.91535e-07)
(-9.65485e-08 6.87454e-12 2.90292e-07)
(-9.73723e-08 7.86049e-12 3.00355e-07)
(-9.61248e-08 7.02058e-12 2.97417e-07)
(-9.90458e-08 5.61641e-12 2.96172e-07)
(-9.98705e-08 6.17819e-12 3.06238e-07)
(-9.86217e-08 5.60355e-12 3.03299e-07)
(-1.01545e-07 4.46734e-12 3.02054e-07)
(-1.0237e-07 4.67689e-12 3.12121e-07)
(-1.0112e-07 4.32921e-12 3.09182e-07)
(-1.04046e-07 3.43321e-12 3.07935e-07)
(-1.04871e-07 3.36003e-12 3.18003e-07)
(-1.0362e-07 3.20189e-12 3.15064e-07)
(-1.06548e-07 2.51873e-12 3.13817e-07)
(-1.07371e-07 2.22466e-12 3.23883e-07)
(-1.06121e-07 2.2225e-12 3.20945e-07)
(-1.0905e-07 1.72562e-12 3.19698e-07)
(-1.09872e-07 1.25518e-12 3.29762e-07)
(-1.08622e-07 1.3852e-12 3.26824e-07)
(-1.11551e-07 1.04956e-12 3.25577e-07)
(-1.12372e-07 4.10456e-13 3.35638e-07)
(-1.11122e-07 6.70945e-13 3.32701e-07)
(-1.14052e-07 4.74314e-13 3.31454e-07)
(-1.1487e-07 -3.76491e-13 3.41512e-07)
(-1.13621e-07 3.48404e-14 3.38576e-07)
(-1.16552e-07 -4.326e-14 3.37329e-07)
(-1.17368e-07 -1.11927e-12 3.47383e-07)
(-1.16119e-07 -5.71761e-13 3.44449e-07)
(-1.1905e-07 -5.49728e-13 3.43201e-07)
(-1.18615e-07 -1.12557e-12 3.50318e-07)
(-1.21547e-07 -9.51259e-13 3.49071e-07)
(1.52243e-10 5.02979e-11 1.34458e-10)
(5.86295e-11 2.43332e-11 -3.17628e-11)
(3.53376e-11 1.73977e-11 -6.7406e-11)
(3.80287e-10 6.30773e-11 5.62966e-10)
(2.55738e-10 3.9791e-11 3.10009e-10)
(1.54795e-10 1.82472e-11 2.34883e-10)
(6.08734e-10 6.37849e-11 1.17003e-09)
(4.89482e-10 4.21022e-11 8.41711e-10)
(2.94476e-10 9.22382e-12 7.41899e-10)
(8.19353e-10 6.26318e-11 1.94745e-09)
(7.1217e-10 4.16411e-11 1.53873e-09)
(4.23545e-10 1.29331e-12 1.41976e-09)
(1.00384e-09 6.19116e-11 2.90027e-09)
(9.09999e-10 4.0999e-11 2.40801e-09)
(5.30764e-10 -3.63647e-12 2.27258e-09)
(1.15678e-09 6.20842e-11 4.03021e-09)
(1.0784e-09 4.08312e-11 3.45264e-09)
(6.10999e-10 -5.73905e-12 3.30191e-09)
(1.27391e-09 6.30924e-11 5.3372e-09)
(1.21304e-09 4.12586e-11 4.67349e-09)
(6.5955e-10 -5.62895e-12 4.50768e-09)
(1.35137e-09 6.46988e-11 6.81993e-09)
(1.30991e-09 4.21656e-11 6.07012e-09)
(6.72116e-10 -3.99967e-12 5.88887e-09)
(1.38558e-09 6.66583e-11 8.47605e-09)
(1.36532e-09 4.33858e-11 7.64087e-09)
(6.44853e-10 -1.43435e-12 7.44343e-09)
(1.37326e-09 6.87716e-11 1.03025e-08)
(1.37588e-09 4.47708e-11 9.38314e-09)
(5.74293e-10 1.63729e-12 9.16854e-09)
(1.31144e-09 7.08923e-11 1.22958e-08)
(1.33847e-09 4.62058e-11 1.12937e-08)
(4.57314e-10 4.92006e-12 1.10609e-08)
(1.19744e-09 7.29213e-11 1.44521e-08)
(1.25026e-09 4.76093e-11 1.33691e-08)
(2.91111e-10 8.22331e-12 1.31168e-08)
(1.02885e-09 7.47974e-11 1.67674e-08)
(1.10871e-09 4.89287e-11 1.56053e-08)
(7.31787e-11 1.1432e-11 1.53325e-08)
(8.0356e-10 7.64869e-11 1.92377e-08)
(9.11569e-10 5.0133e-11 1.79984e-08)
(-1.98709e-10 1.44825e-11 1.7704e-08)
(5.19706e-10 7.79748e-11 2.18587e-08)
(6.56828e-10 5.12066e-11 2.05442e-08)
(-5.26517e-10 1.73437e-11 2.02273e-08)
(1.75679e-10 7.92572e-11 2.46262e-08)
(3.42751e-10 5.21436e-11 2.32387e-08)
(-9.11959e-10 2.00043e-11 2.28984e-08)
(-2.29892e-10 8.03372e-11 2.75361e-08)
(-3.21557e-11 5.29442e-11 2.60776e-08)
(-1.35651e-09 2.2464e-11 2.57131e-08)
(-6.98145e-10 8.12207e-11 3.05843e-08)
(-4.6915e-10 5.36114e-11 2.90567e-08)
(-1.86141e-09 2.47277e-11 2.86674e-08)
(-1.23e-09 8.19154e-11 3.37665e-08)
(-9.69263e-10 5.415e-11 3.2172e-08)
(-2.4277e-09 2.68026e-11 3.17572e-08)
(-1.82616e-09 8.24286e-11 3.70786e-08)
(-1.53331e-09 5.45649e-11 3.54194e-08)
(-3.05617e-09 2.8696e-11 3.49786e-08)
(-2.48714e-09 8.27678e-11 4.05167e-08)
(-2.1619e-09 5.4861e-11 3.87946e-08)
(-3.74744e-09 3.04152e-11 3.83275e-08)
(-3.21325e-09 8.29396e-11 4.40766e-08)
(-2.85545e-09 5.50432e-11 4.22936e-08)
(-4.50193e-09 3.19665e-11 4.18e-08)
(-4.00462e-09 8.29504e-11 4.77543e-08)
(-3.61417e-09 5.51155e-11 4.59126e-08)
(-5.31987e-09 3.33557e-11 4.53921e-08)
(-4.86122e-09 8.2806e-11 5.1546e-08)
(-4.43813e-09 5.50821e-11 4.96474e-08)
(-6.20131e-09 3.45879e-11 4.91e-08)
(-5.78284e-09 8.25119e-11 5.54477e-08)
(-5.32719e-09 5.49467e-11 5.34942e-08)
(-7.14616e-09 3.56679e-11 5.29199e-08)
(-6.76913e-09 8.20737e-11 5.94557e-08)
(-6.28109e-09 5.47129e-11 5.74492e-08)
(-8.15414e-09 3.66002e-11 5.68479e-08)
(-7.81959e-09 8.14966e-11 6.35661e-08)
(-7.2994e-09 5.43844e-11 6.15085e-08)
(-9.22485e-09 3.7389e-11 6.08804e-08)
(-8.93359e-09 8.0786e-11 6.77753e-08)
(-8.38155e-09 5.39647e-11 6.56684e-08)
(-1.03577e-08 3.80389e-11 6.50137e-08)
(-1.01104e-08 7.99472e-11 7.20797e-08)
(-9.52684e-09 5.34574e-11 6.99253e-08)
(-1.15521e-08 3.85542e-11 6.92442e-08)
(-1.13491e-08 7.89858e-11 7.64756e-08)
(-1.07345e-08 5.2866e-11 7.42755e-08)
(-1.28072e-08 3.89392e-11 7.35683e-08)
(-1.26487e-08 7.79072e-11 8.09595e-08)
(-1.20035e-08 5.21943e-11 7.87155e-08)
(-1.41221e-08 3.91987e-11 7.79825e-08)
(-1.40081e-08 7.67171e-11 8.5528e-08)
(-1.33329e-08 5.14458e-11 8.32419e-08)
(-1.54958e-08 3.93371e-11 8.24835e-08)
(-1.54262e-08 7.54211e-11 9.01778e-08)
(-1.47216e-08 5.06245e-11 8.78511e-08)
(-1.69272e-08 3.93593e-11 8.70678e-08)
(-1.69017e-08 7.4025e-11 9.49054e-08)
(-1.61682e-08 4.97341e-11 9.25399e-08)
(-1.8415e-08 3.927e-11 9.17322e-08)
(-1.84333e-08 7.25344e-11 9.97078e-08)
(-1.76717e-08 4.87785e-11 9.73051e-08)
(-1.99581e-08 3.90741e-11 9.64734e-08)
(-2.00196e-08 7.09554e-11 1.04582e-07)
(-1.92304e-08 4.77615e-11 1.02143e-07)
(-2.15551e-08 3.87767e-11 1.01288e-07)
(-2.16591e-08 6.92937e-11 1.09524e-07)
(-2.08431e-08 4.66871e-11 1.07051e-07)
(-2.32045e-08 3.83827e-11 1.06174e-07)
(-2.33502e-08 6.75553e-11 1.14531e-07)
(-2.25083e-08 4.55591e-11 1.12026e-07)
(-2.49049e-08 3.78972e-11 1.11127e-07)
(-2.50915e-08 6.5746e-11 1.19601e-07)
(-2.42244e-08 4.43816e-11 1.17065e-07)
(-2.66548e-08 3.73254e-11 1.16144e-07)
(-2.68813e-08 6.38719e-11 1.24731e-07)
(-2.59898e-08 4.31585e-11 1.22165e-07)
(-2.84526e-08 3.66722e-11 1.21223e-07)
(-2.8718e-08 6.19387e-11 1.29917e-07)
(-2.78028e-08 4.18938e-11 1.27323e-07)
(-3.02967e-08 3.59429e-11 1.26361e-07)
(-3.05998e-08 5.99525e-11 1.35157e-07)
(-2.96619e-08 4.05914e-11 1.32536e-07)
(-3.21855e-08 3.51427e-11 1.31555e-07)
(-3.25252e-08 5.79192e-11 1.40448e-07)
(-3.15654e-08 3.92553e-11 1.37802e-07)
(-3.41174e-08 3.42766e-11 1.36801e-07)
(-3.44924e-08 5.58447e-11 1.45787e-07)
(-3.35115e-08 3.78895e-11 1.43117e-07)
(-3.60906e-08 3.335e-11 1.42099e-07)
(-3.64996e-08 5.37348e-11 1.51173e-07)
(-3.54985e-08 3.64978e-11 1.4848e-07)
(-3.81034e-08 3.23678e-11 1.47444e-07)
(-3.85451e-08 5.15955e-11 1.56602e-07)
(-3.75247e-08 3.50842e-11 1.53887e-07)
(-4.01543e-08 3.13353e-11 1.52835e-07)
(-4.06272e-08 4.94326e-11 1.62072e-07)
(-3.95884e-08 3.36527e-11 1.59336e-07)
(-4.22413e-08 3.02576e-11 1.58269e-07)
(-4.27442e-08 4.72518e-11 1.6758e-07)
(-4.16878e-08 3.22071e-11 1.64826e-07)
(-4.43629e-08 2.91397e-11 1.63743e-07)
(-4.48943e-08 4.5059e-11 1.73125e-07)
(-4.38211e-08 3.07514e-11 1.70352e-07)
(-4.65173e-08 2.79868e-11 1.69256e-07)
(-4.70757e-08 4.28599e-11 1.78703e-07)
(-4.59867e-08 2.92892e-11 1.75914e-07)
(-4.87028e-08 2.68039e-11 1.74804e-07)
(-4.92869e-08 4.06601e-11 1.84313e-07)
(-4.81829e-08 2.78245e-11 1.81508e-07)
(-5.09177e-08 2.55959e-11 1.80386e-07)
(-5.1526e-08 3.84654e-11 1.89953e-07)
(-5.04079e-08 2.63611e-11 1.87134e-07)
(-5.31604e-08 2.4368e-11 1.85999e-07)
(-5.37915e-08 3.62812e-11 1.95621e-07)
(-5.26601e-08 2.49027e-11 1.92787e-07)
(-5.54292e-08 2.31248e-11 1.91642e-07)
(-5.60816e-08 3.41132e-11 2.01314e-07)
(-5.49377e-08 2.34529e-11 1.98468e-07)
(-5.77225e-08 2.18714e-11 1.97311e-07)
(-5.83948e-08 3.19668e-11 2.0703e-07)
(-5.72393e-08 2.20156e-11 2.04173e-07)
(-6.00387e-08 2.06126e-11 2.03006e-07)
(-6.07295e-08 2.98474e-11 2.12769e-07)
(-5.95631e-08 2.05944e-11 2.099e-07)
(-6.23762e-08 1.93529e-11 2.08725e-07)
(-6.30841e-08 2.77604e-11 2.18527e-07)
(-6.19077e-08 1.91927e-11 2.15648e-07)
(-6.47334e-08 1.80973e-11 2.14465e-07)
(-6.54572e-08 2.57109e-11 2.24303e-07)
(-6.42714e-08 1.78143e-11 2.21416e-07)
(-6.71089e-08 1.68502e-11 2.20224e-07)
(-6.78471e-08 2.37043e-11 2.30096e-07)
(-6.66528e-08 1.64625e-11 2.272e-07)
(-6.95012e-08 1.56162e-11 2.26002e-07)
(-7.02526e-08 2.17456e-11 2.35903e-07)
(-6.90504e-08 1.51408e-11 2.33e-07)
(-7.19089e-08 1.43997e-11 2.31795e-07)
(-7.26722e-08 1.98398e-11 2.41724e-07)
(-7.14628e-08 1.38527e-11 2.38814e-07)
(-7.43305e-08 1.32052e-11 2.37603e-07)
(-7.51045e-08 1.79919e-11 2.47556e-07)
(-7.38887e-08 1.26014e-11 2.44641e-07)
(-7.67648e-08 1.20369e-11 2.43425e-07)
(-7.75483e-08 1.62068e-11 2.53399e-07)
(-7.63267e-08 1.13902e-11 2.50478e-07)
(-7.92105e-08 1.0899e-11 2.49257e-07)
(-8.00024e-08 1.44892e-11 2.5925e-07)
(-7.87756e-08 1.02224e-11 2.56326e-07)
(-8.16663e-08 9.79557e-12 2.551e-07)
(-8.24655e-08 1.28439e-11 2.6511e-07)
(-8.12341e-08 9.10109e-12 2.62181e-07)
(-8.41311e-08 8.73075e-12 2.60952e-07)
(-8.49365e-08 1.12756e-11 2.70975e-07)
(-8.37011e-08 8.02949e-12 2.68043e-07)
(-8.66037e-08 7.70845e-12 2.66811e-07)
(-8.74143e-08 9.78887e-12 2.76846e-07)
(-8.61755e-08 7.01069e-12 2.73912e-07)
(-8.9083e-08 6.73255e-12 2.72676e-07)
(-8.98979e-08 8.38845e-12 2.82721e-07)
(-8.86561e-08 6.04782e-12 2.79784e-07)
(-9.1568e-08 5.8069e-12 2.78546e-07)
(-9.23863e-08 7.07904e-12 2.88599e-07)
(-9.11421e-08 5.14401e-12 2.85661e-07)
(-9.40578e-08 4.93536e-12 2.84421e-07)
(-9.48787e-08 5.86541e-12 2.94479e-07)
(-9.36325e-08 4.30245e-12 2.9154e-07)
(-9.65514e-08 4.12176e-12 2.90298e-07)
(-9.73741e-08 4.75231e-12 3.00361e-07)
(-9.61263e-08 3.52634e-12 2.97421e-07)
(-9.90481e-08 3.36995e-12 2.96178e-07)
(-9.98717e-08 3.74424e-12 3.06243e-07)
(-9.86228e-08 2.81883e-12 3.03303e-07)
(-1.01547e-07 2.68371e-12 3.02058e-07)
(-1.02371e-07 2.84492e-12 3.12125e-07)
(-1.01121e-07 2.18278e-12 3.09185e-07)
(-1.04047e-07 2.06655e-12 3.07939e-07)
(-1.04871e-07 2.05611e-12 3.18006e-07)
(-1.03621e-07 1.62023e-12 3.15066e-07)
(-1.06549e-07 1.52111e-12 3.1382e-07)
(-1.07371e-07 1.37576e-12 3.23886e-07)
(-1.06121e-07 1.1314e-12 3.20947e-07)
(-1.0905e-07 1.0482e-12 3.197e-07)
(-1.09872e-07 7.94624e-13 3.29764e-07)
(-1.08621e-07 7.13175e-13 3.26826e-07)
(-1.11551e-07 6.45201e-13 3.25579e-07)
(-1.12371e-07 2.90659e-13 3.3564e-07)
(-1.11121e-07 3.56319e-13 3.32703e-07)
(-1.14052e-07 3.02652e-13 3.31456e-07)
(-1.1487e-07 -1.6569e-13 3.41513e-07)
(-1.1362e-07 4.13435e-14 3.38577e-07)
(-1.16551e-07 -1.2509e-15 3.3733e-07)
(-1.17367e-07 -5.88636e-13 3.47384e-07)
(-1.16118e-07 -2.50087e-13 3.4445e-07)
(-1.1905e-07 -2.80606e-13 3.43202e-07)
(-1.18615e-07 -5.22732e-13 3.50319e-07)
(-1.21546e-07 -5.18399e-13 3.49072e-07)
(1.46436e-10 1.48191e-11 1.44514e-10)
(5.73005e-11 -2.02873e-20 -3.09042e-11)
(3.36998e-11 4.69175e-12 -6.73608e-11)
(3.70942e-10 1.9448e-11 5.89755e-10)
(2.51665e-10 -7.6279e-20 3.19238e-10)
(1.49444e-10 5.01512e-12 2.51611e-10)
(5.976e-10 2.03895e-11 1.21197e-09)
(4.84275e-10 -1.65767e-19 8.59378e-10)
(2.86926e-10 2.51765e-12 7.76767e-10)
(8.06787e-10 2.04337e-11 2.00106e-09)
(7.06322e-10 -2.90743e-19 1.5631e-09)
(4.14149e-10 1.7655e-13 1.46902e-09)
(9.89755e-10 2.03853e-11 2.96231e-09)
(9.03453e-10 -4.53051e-19 2.43732e-09)
(5.1931e-10 -1.36125e-12 2.33225e-09)
(1.14103e-09 2.05086e-11 4.09801e-09)
(1.07105e-09 -6.55425e-19 3.48541e-09)
(5.9733e-10 -2.05381e-12 3.3687e-09)
(1.25644e-09 2.0855e-11 5.40867e-09)
(1.20483e-09 -8.71227e-19 4.70854e-09)
(6.43651e-10 -2.04303e-12 4.57904e-09)
(1.33221e-09 2.13815e-11 6.89349e-09)
(1.30083e-09 -1.06355e-18 6.10655e-09)
(6.54083e-10 -1.53054e-12 5.9629e-09)
(1.36482e-09 2.20222e-11 8.55056e-09)
(1.3554e-09 -1.23283e-18 7.67801e-09)
(6.24856e-10 -6.99804e-13 7.51876e-09)
(1.35104e-09 2.27167e-11 1.03771e-08)
(1.36518e-09 -1.38425e-18 9.42051e-09)
(5.52539e-10 3.08367e-13 9.2442e-09)
(1.28791e-09 2.3418e-11 1.23699e-08)
(1.32706e-09 -1.54437e-18 1.1331e-08)
(4.34014e-10 1.3947e-12 1.11362e-08)
(1.17274e-09 2.40927e-11 1.45254e-08)
(1.23823e-09 -1.76146e-18 1.3406e-08)
(2.66468e-10 2.49385e-12 1.31913e-08)
(1.00313e-09 2.47197e-11 1.68395e-08)
(1.09613e-09 -2.01703e-18 1.56416e-08)
(4.738e-11 3.56569e-12 1.54058e-08)
(7.76963e-10 2.52868e-11 1.93084e-08)
(8.98513e-10 -2.33108e-18 1.80341e-08)
(-2.25496e-10 4.58756e-12 1.7776e-08)
(4.92356e-10 2.57884e-11 2.19278e-08)
(6.43362e-10 -2.68201e-18 2.05792e-08)
(-5.54143e-10 5.54809e-12 2.02978e-08)
(1.47695e-10 2.62226e-11 2.46938e-08)
(3.28938e-10 -3.04474e-18 2.32729e-08)
(-9.40289e-10 6.44283e-12 2.29672e-08)
(-2.58399e-10 2.65899e-11 2.76021e-08)
(-4.62589e-11 -3.4206e-18 2.6111e-08)
(-1.38542e-09 7.27116e-12 2.57802e-08)
(-7.27072e-10 2.68922e-11 3.06486e-08)
(-4.83489e-10 -3.87692e-18 2.90893e-08)
(-1.8908e-09 8.03445e-12 2.87328e-08)
(-1.25925e-09 2.71317e-11 3.38291e-08)
(-9.83788e-10 -4.33862e-18 3.22038e-08)
(-2.45744e-09 8.7349e-12 3.18209e-08)
(-1.85564e-09 2.73108e-11 3.71396e-08)
(-1.54797e-09 -4.73447e-18 3.54502e-08)
(-3.08618e-09 9.37489e-12 3.50406e-08)
(-2.51676e-09 2.74319e-11 4.05759e-08)
(-2.17666e-09 -5.1512e-18 3.88246e-08)
(-3.77763e-09 9.95673e-12 3.83877e-08)
(-3.24293e-09 2.74971e-11 4.41341e-08)
(-2.87025e-09 -5.58697e-18 4.23228e-08)
(-4.53221e-09 1.04825e-11 4.18585e-08)
(-4.03428e-09 2.75086e-11 4.78102e-08)
(-3.62899e-09 -6.02982e-18 4.59409e-08)
(-5.35016e-09 1.09541e-11 4.54489e-08)
(-4.89079e-09 2.74682e-11 5.16002e-08)
(-4.45292e-09 -6.50054e-18 4.96749e-08)
(-6.23153e-09 1.13732e-11 4.91551e-08)
(-5.81224e-09 2.73777e-11 5.55003e-08)
(-5.34192e-09 -7.01627e-18 5.35209e-08)
(-7.17624e-09 1.17414e-11 5.29733e-08)
(-6.7983e-09 2.72391e-11 5.95066e-08)
(-6.29571e-09 -7.55574e-18 5.7475e-08)
(-8.18401e-09 1.20601e-11 5.68996e-08)
(-7.84846e-09 2.70539e-11 6.36154e-08)
(-7.31389e-09 -8.11735e-18 6.15335e-08)
(-9.25444e-09 1.23308e-11 6.09305e-08)
(-8.96211e-09 2.68241e-11 6.7823e-08)
(-8.39587e-09 -8.69037e-18 6.56927e-08)
(-1.0387e-08 1.25549e-11 6.50621e-08)
(-1.01385e-08 2.65513e-11 7.21258e-08)
(-9.54098e-09 -9.2632e-18 6.99487e-08)
(-1.1581e-08 1.2734e-11 6.9291e-08)
(-1.13767e-08 2.62374e-11 7.65201e-08)
(-1.07484e-08 -9.82532e-18 7.42982e-08)
(-1.28356e-08 1.28693e-11 7.36135e-08)
(-1.26758e-08 2.58842e-11 8.10025e-08)
(-1.20172e-08 -1.03824e-17 7.87374e-08)
(-1.415e-08 1.29626e-11 7.80262e-08)
(-1.40347e-08 2.54937e-11 8.55696e-08)
(-1.33463e-08 -1.09538e-17 8.3263e-08)
(-1.55232e-08 1.30153e-11 8.25256e-08)
(-1.54522e-08 2.50675e-11 9.02178e-08)
(-1.47347e-08 -1.15242e-17 8.78715e-08)
(-1.6954e-08 1.30289e-11 8.71084e-08)
(-1.69271e-08 2.46078e-11 9.4944e-08)
(-1.61811e-08 -1.2106e-17 9.25596e-08)
(-1.84412e-08 1.30052e-11 9.17713e-08)
(-1.8458e-08 2.41163e-11 9.97449e-08)
(-1.76841e-08 -1.27502e-17 9.7324e-08)
(-1.99836e-08 1.29457e-11 9.65111e-08)
(-2.00436e-08 2.35951e-11 1.04617e-07)
(-1.92426e-08 -1.35028e-17 1.02161e-07)
(-2.15799e-08 1.2852e-11 1.01325e-07)
(-2.16824e-08 2.30461e-11 1.09558e-07)
(-2.0855e-08 -1.44046e-17 1.07069e-07)
(-2.32286e-08 1.27259e-11 1.06209e-07)
(-2.33728e-08 2.24713e-11 1.14564e-07)
(-2.25198e-08 -1.53686e-17 1.12043e-07)
(-2.49282e-08 1.25691e-11 1.1116e-07)
(-2.51133e-08 2.18727e-11 1.19633e-07)
(-2.42354e-08 -1.63338e-17 1.17081e-07)
(-2.66774e-08 1.23832e-11 1.16176e-07)
(-2.69023e-08 2.12521e-11 1.24761e-07)
(-2.60004e-08 -1.72624e-17 1.22181e-07)
(-2.84744e-08 1.217e-11 1.21254e-07)
(-2.87382e-08 2.06117e-11 1.29946e-07)
(-2.78131e-08 -1.82805e-17 1.27338e-07)
(-3.03177e-08 1.19312e-11 1.2639e-07)
(-3.06193e-08 1.99534e-11 1.35185e-07)
(-2.96718e-08 -1.93491e-17 1.3255e-07)
(-3.22058e-08 1.16685e-11 1.31583e-07)
(-3.25438e-08 1.92791e-11 1.40474e-07)
(-3.15749e-08 -2.055e-17 1.37815e-07)
(-3.41368e-08 1.13836e-11 1.36828e-07)
(-3.45102e-08 1.85909e-11 1.45813e-07)
(-3.35206e-08 -2.19266e-17 1.4313e-07)
(-3.61092e-08 1.10784e-11 1.42125e-07)
(-3.65166e-08 1.78907e-11 1.51197e-07)
(-3.55072e-08 -2.32905e-17 1.48492e-07)
(-3.81212e-08 1.07543e-11 1.47469e-07)
(-3.85613e-08 1.71805e-11 1.56625e-07)
(-3.7533e-08 -2.4616e-17 1.53899e-07)
(-4.01712e-08 1.04134e-11 1.52858e-07)
(-4.06426e-08 1.64621e-11 1.62093e-07)
(-3.95962e-08 -2.58796e-17 1.59348e-07)
(-4.22574e-08 1.00571e-11 1.58291e-07)
(-4.27587e-08 1.57377e-11 1.67601e-07)
(-4.16952e-08 -2.71421e-17 1.64836e-07)
(-4.43782e-08 9.68724e-12 1.63764e-07)
(-4.4908e-08 1.50091e-11 1.73144e-07)
(-4.38282e-08 -2.84518e-17 1.70362e-07)
(-4.65318e-08 9.30554e-12 1.69275e-07)
(-4.70887e-08 1.42781e-11 1.78722e-07)
(-4.59934e-08 -2.98362e-17 1.75923e-07)
(-4.87165e-08 8.91365e-12 1.74823e-07)
(-4.92991e-08 1.35468e-11 1.84331e-07)
(-4.81892e-08 -3.12666e-17 1.81517e-07)
(-5.09306e-08 8.51325e-12 1.80403e-07)
(-5.15374e-08 1.2817e-11 1.8997e-07)
(-5.04138e-08 -3.26962e-17 1.87142e-07)
(-5.31725e-08 8.106e-12 1.86016e-07)
(-5.38021e-08 1.20906e-11 1.95636e-07)
(-5.26656e-08 -3.41376e-17 1.92795e-07)
(-5.54406e-08 7.69355e-12 1.91657e-07)
(-5.60915e-08 1.13694e-11 2.01328e-07)
(-5.49429e-08 -3.54316e-17 1.98475e-07)
(-5.77331e-08 7.27752e-12 1.97326e-07)
(-5.8404e-08 1.06552e-11 2.07044e-07)
(-5.72441e-08 -3.67435e-17 2.0418e-07)
(-6.00485e-08 6.85953e-12 2.0302e-07)
(-6.0738e-08 9.94993e-12 2.12781e-07)
(-5.95675e-08 -3.82765e-17 2.09907e-07)
(-6.23853e-08 6.44115e-12 2.08738e-07)
(-6.30919e-08 9.2553e-12 2.18539e-07)
(-6.19117e-08 -3.98441e-17 2.15654e-07)
(-6.47418e-08 6.02397e-12 2.14477e-07)
(-6.54643e-08 8.57308e-12 2.24314e-07)
(-6.42751e-08 -4.14219e-17 2.21421e-07)
(-6.71166e-08 5.60952e-12 2.20235e-07)
(-6.78536e-08 7.90502e-12 2.30106e-07)
(-6.66562e-08 -4.29606e-17 2.27205e-07)
(-6.95082e-08 5.19933e-12 2.26012e-07)
(-7.02585e-08 7.25283e-12 2.35913e-07)
(-6.90535e-08 -4.44341e-17 2.33005e-07)
(-7.19153e-08 4.79488e-12 2.31805e-07)
(-7.26774e-08 6.61819e-12 2.41732e-07)
(-7.14656e-08 -4.58713e-17 2.38819e-07)
(-7.43363e-08 4.39764e-12 2.37612e-07)
(-7.51092e-08 6.00275e-12 2.47564e-07)
(-7.38912e-08 -4.73521e-17 2.44645e-07)
(-7.677e-08 4.00906e-12 2.43433e-07)
(-7.75525e-08 5.40816e-12 2.53406e-07)
(-7.63289e-08 -4.88571e-17 2.50482e-07)
(-7.92152e-08 3.63053e-12 2.49265e-07)
(-8.00061e-08 4.83601e-12 2.59257e-07)
(-7.87775e-08 -5.03866e-17 2.56329e-07)
(-8.16704e-08 3.26344e-12 2.55107e-07)
(-8.24687e-08 4.2879e-12 2.65115e-07)
(-8.12358e-08 -5.19767e-17 2.62184e-07)
(-8.41347e-08 2.90915e-12 2.60958e-07)
(-8.49392e-08 3.76539e-12 2.7098e-07)
(-8.37026e-08 -5.35198e-17 2.68046e-07)
(-8.66068e-08 2.56897e-12 2.66816e-07)
(-8.74166e-08 3.27006e-12 2.7685e-07)
(-8.61767e-08 -5.49436e-17 2.73914e-07)
(-8.90857e-08 2.24421e-12 2.72681e-07)
(-8.98998e-08 2.80348e-12 2.82725e-07)
(-8.86572e-08 -5.63674e-17 2.79786e-07)
(-9.15703e-08 1.93618e-12 2.7855e-07)
(-9.23879e-08 2.36725e-12 2.88602e-07)
(-9.1143e-08 -5.77839e-17 2.85663e-07)
(-9.40597e-08 1.64617e-12 2.84424e-07)
(-9.48799e-08 1.96297e-12 2.94482e-07)
(-9.36331e-08 -5.93268e-17 2.91542e-07)
(-9.65529e-08 1.37548e-12 2.90301e-07)
(-9.7375e-08 1.59225e-12 3.00363e-07)
(-9.61268e-08 -6.10261e-17 2.97422e-07)
(-9.90492e-08 1.1254e-12 2.9618e-07)
(-9.98724e-08 1.25657e-12 3.06245e-07)
(-9.86232e-08 -6.29037e-17 3.03304e-07)
(-1.01548e-07 8.97206e-13 3.0206e-07)
(-1.02371e-07 9.57144e-13 3.12126e-07)
(-1.01122e-07 -6.46788e-17 3.09186e-07)
(-1.04048e-07 6.9204e-13 3.07941e-07)
(-1.04871e-07 6.94476e-13 3.18007e-07)
(-1.03621e-07 -6.63444e-17 3.15067e-07)
(-1.06549e-07 5.1075e-13 3.13822e-07)
(-1.07371e-07 4.67795e-13 3.23887e-07)
(-1.06121e-07 -6.82948e-17 3.20947e-07)
(-1.0905e-07 3.5354e-13 3.19702e-07)
(-1.09872e-07 2.74056e-13 3.29765e-07)
(-1.08621e-07 -7.01041e-17 3.26826e-07)
(-1.11551e-07 2.19499e-13 3.2558e-07)
(-1.12371e-07 1.06459e-13 3.3564e-07)
(-1.11121e-07 -7.22036e-17 3.32703e-07)
(-1.14052e-07 1.05626e-13 3.31457e-07)
(-1.14869e-07 -4.3849e-14 3.41514e-07)
(-1.1362e-07 -7.44896e-17 3.38578e-07)
(-1.16551e-07 5.41292e-15 3.37331e-07)
(-1.17367e-07 -1.83816e-13 3.47385e-07)
(-1.16118e-07 -7.69679e-17 3.4445e-07)
(-1.19049e-07 -8.54465e-14 3.43203e-07)
(-1.18615e-07 -7.97796e-17 3.5032e-07)
(-1.21546e-07 -1.68389e-13 3.49073e-07)
(1.46436e-10 -1.48191e-11 1.44514e-10)
(5.86295e-11 -2.43332e-11 -3.17628e-11)
(3.36998e-11 -4.69175e-12 -6.73608e-11)
(3.70942e-10 -1.9448e-11 5.89755e-10)
(2.55738e-10 -3.9791e-11 3.10009e-10)
(1.49444e-10 -5.01512e-12 2.51611e-10)
(5.976e-10 -2.03895e-11 1.21197e-09)
(4.89482e-10 -4.21022e-11 8.41711e-10)
(2.86926e-10 -2.51765e-12 7.76767e-10)
(8.06787e-10 -2.04337e-11 2.00106e-09)
(7.1217e-10 -4.16411e-11 1.53873e-09)
(4.14149e-10 -1.7655e-13 1.46902e-09)
(9.89755e-10 -2.03853e-11 2.96231e-09)
(9.09999e-10 -4.0999e-11 2.40801e-09)
(5.1931e-10 1.36125e-12 2.33225e-09)
(1.14103e-09 -2.05086e-11 4.09801e-09)
(1.0784e-09 -4.08312e-11 3.45264e-09)
(5.9733e-10 2.0538e-12 3.3687e-09)
(1.25644e-09 -2.0855e-11 5.40867e-09)
(1.21304e-09 -4.12586e-11 4.67349e-09)
(6.43651e-10 2.04303e-12 4.57904e-09)
(1.33221e-09 -2.13815e-11 6.89349e-09)
(1.30991e-09 -4.21656e-11 6.07012e-09)
(6.54083e-10 1.53054e-12 5.9629e-09)
(1.36482e-09 -2.20222e-11 8.55056e-09)
(1.36532e-09 -4.33858e-11 7.64087e-09)
(6.24856e-10 6.99803e-13 7.51876e-09)
(1.35104e-09 -2.27167e-11 1.03771e-08)
(1.37588e-09 -4.47708e-11 9.38314e-09)
(5.52539e-10 -3.08369e-13 9.2442e-09)
(1.28791e-09 -2.3418e-11 1.23699e-08)
(1.33847e-09 -4.62058e-11 1.12937e-08)
(4.34014e-10 -1.39471e-12 1.11362e-08)
(1.17274e-09 -2.40927e-11 1.45254e-08)
(1.25026e-09 -4.76093e-11 1.33691e-08)
(2.66468e-10 -2.49385e-12 1.31913e-08)
(1.00313e-09 -2.47197e-11 1.68395e-08)
(1.10871e-09 -4.89287e-11 1.56053e-08)
(4.738e-11 -3.56569e-12 1.54058e-08)
(7.76963e-10 -2.52868e-11 1.93084e-08)
(9.11569e-10 -5.0133e-11 1.79984e-08)
(-2.25496e-10 -4.58756e-12 1.7776e-08)
(4.92356e-10 -2.57884e-11 2.19278e-08)
(6.56828e-10 -5.12066e-11 2.05442e-08)
(-5.54143e-10 -5.5481e-12 2.02978e-08)
(1.47695e-10 -2.62226e-11 2.46938e-08)
(3.42751e-10 -5.21436e-11 2.32387e-08)
(-9.40289e-10 -6.44283e-12 2.29672e-08)
(-2.58399e-10 -2.65899e-11 2.76021e-08)
(-3.21557e-11 -5.29442e-11 2.60776e-08)
(-1.38542e-09 -7.27116e-12 2.57802e-08)
(-7.27072e-10 -2.68922e-11 3.06486e-08)
(-4.6915e-10 -5.36114e-11 2.90567e-08)
(-1.8908e-09 -8.03446e-12 2.87328e-08)
(-1.25925e-09 -2.71317e-11 3.38291e-08)
(-9.69263e-10 -5.415e-11 3.2172e-08)
(-2.45744e-09 -8.7349e-12 3.18209e-08)
(-1.85564e-09 -2.73108e-11 3.71396e-08)
(-1.53331e-09 -5.45649e-11 3.54194e-08)
(-3.08618e-09 -9.3749e-12 3.50406e-08)
(-2.51676e-09 -2.74319e-11 4.05759e-08)
(-2.1619e-09 -5.48611e-11 3.87946e-08)
(-3.77763e-09 -9.95674e-12 3.83877e-08)
(-3.24293e-09 -2.74971e-11 4.41341e-08)
(-2.85545e-09 -5.50432e-11 4.22936e-08)
(-4.53221e-09 -1.04825e-11 4.18585e-08)
(-4.03428e-09 -2.75086e-11 4.78102e-08)
(-3.61417e-09 -5.51155e-11 4.59126e-08)
(-5.35016e-09 -1.09541e-11 4.54489e-08)
(-4.89079e-09 -2.74682e-11 5.16002e-08)
(-4.43813e-09 -5.50821e-11 4.96474e-08)
(-6.23153e-09 -1.13732e-11 4.91551e-08)
(-5.81224e-09 -2.73778e-11 5.55003e-08)
(-5.32719e-09 -5.49467e-11 5.34942e-08)
(-7.17624e-09 -1.17414e-11 5.29733e-08)
(-6.7983e-09 -2.72391e-11 5.95066e-08)
(-6.28109e-09 -5.4713e-11 5.74492e-08)
(-8.18401e-09 -1.20601e-11 5.68996e-08)
(-7.84846e-09 -2.70539e-11 6.36154e-08)
(-7.2994e-09 -5.43845e-11 6.15085e-08)
(-9.25444e-09 -1.23308e-11 6.09305e-08)
(-8.96211e-09 -2.68241e-11 6.7823e-08)
(-8.38155e-09 -5.39647e-11 6.56684e-08)
(-1.0387e-08 -1.25549e-11 6.50621e-08)
(-1.01385e-08 -2.65513e-11 7.21258e-08)
(-9.52684e-09 -5.34574e-11 6.99253e-08)
(-1.1581e-08 -1.2734e-11 6.9291e-08)
(-1.13767e-08 -2.62374e-11 7.65201e-08)
(-1.07345e-08 -5.2866e-11 7.42755e-08)
(-1.28356e-08 -1.28694e-11 7.36135e-08)
(-1.26758e-08 -2.58843e-11 8.10025e-08)
(-1.20035e-08 -5.21943e-11 7.87155e-08)
(-1.415e-08 -1.29626e-11 7.80262e-08)
(-1.40347e-08 -2.54937e-11 8.55696e-08)
(-1.33329e-08 -5.14459e-11 8.32419e-08)
(-1.55232e-08 -1.30153e-11 8.25256e-08)
(-1.54522e-08 -2.50675e-11 9.02178e-08)
(-1.47216e-08 -5.06245e-11 8.78511e-08)
(-1.6954e-08 -1.3029e-11 8.71084e-08)
(-1.69271e-08 -2.46078e-11 9.4944e-08)
(-1.61682e-08 -4.97341e-11 9.25399e-08)
(-1.84412e-08 -1.30052e-11 9.17713e-08)
(-1.8458e-08 -2.41163e-11 9.97449e-08)
(-1.76717e-08 -4.87785e-11 9.73051e-08)
(-1.99836e-08 -1.29457e-11 9.65111e-08)
(-2.00436e-08 -2.35951e-11 1.04617e-07)
(-1.92304e-08 -4.77615e-11 1.02143e-07)
(-2.15799e-08 -1.28521e-11 1.01325e-07)
(-2.16824e-08 -2.30462e-11 1.09558e-07)
(-2.08431e-08 -4.66871e-11 1.07051e-07)
(-2.32286e-08 -1.2726e-11 1.06209e-07)
(-2.33728e-08 -2.24713e-11 1.14564e-07)
(-2.25083e-08 -4.55592e-11 1.12026e-07)
(-2.49282e-08 -1.25691e-11 1.1116e-07)
(-2.51133e-08 -2.18727e-11 1.19633e-07)
(-2.42244e-08 -4.43817e-11 1.17065e-07)
(-2.66774e-08 -1.23833e-11 1.16176e-07)
(-2.69023e-08 -2.12522e-11 1.24761e-07)
(-2.59898e-08 -4.31586e-11 1.22165e-07)
(-2.84744e-08 -1.21701e-11 1.21254e-07)
(-2.87382e-08 -2.06117e-11 1.29946e-07)
(-2.78028e-08 -4.18939e-11 1.27323e-07)
(-3.03177e-08 -1.19312e-11 1.2639e-07)
(-3.06193e-08 -1.99534e-11 1.35185e-07)
(-2.96619e-08 -4.05915e-11 1.32536e-07)
(-3.22058e-08 -1.16685e-11 1.31583e-07)
(-3.25438e-08 -1.92792e-11 1.40474e-07)
(-3.15654e-08 -3.92554e-11 1.37802e-07)
(-3.41368e-08 -1.13837e-11 1.36828e-07)
(-3.45102e-08 -1.85909e-11 1.45813e-07)
(-3.35115e-08 -3.78895e-11 1.43117e-07)
(-3.61092e-08 -1.10784e-11 1.42125e-07)
(-3.65166e-08 -1.78907e-11 1.51197e-07)
(-3.54985e-08 -3.64978e-11 1.4848e-07)
(-3.81212e-08 -1.07544e-11 1.47469e-07)
(-3.85613e-08 -1.71805e-11 1.56625e-07)
(-3.75247e-08 -3.50843e-11 1.53887e-07)
(-4.01712e-08 -1.04134e-11 1.52858e-07)
(-4.06426e-08 -1.64622e-11 1.62093e-07)
(-3.95884e-08 -3.36528e-11 1.59336e-07)
(-4.22574e-08 -1.00571e-11 1.58291e-07)
(-4.27587e-08 -1.57378e-11 1.67601e-07)
(-4.16878e-08 -3.22072e-11 1.64826e-07)
(-4.43782e-08 -9.68729e-12 1.63764e-07)
(-4.4908e-08 -1.50091e-11 1.73144e-07)
(-4.38211e-08 -3.07514e-11 1.70352e-07)
(-4.65318e-08 -9.30559e-12 1.69275e-07)
(-4.70887e-08 -1.42782e-11 1.78722e-07)
(-4.59867e-08 -2.92893e-11 1.75914e-07)
(-4.87165e-08 -8.9137e-12 1.74823e-07)
(-4.92991e-08 -1.35469e-11 1.84331e-07)
(-4.81829e-08 -2.78246e-11 1.81508e-07)
(-5.09306e-08 -8.5133e-12 1.80403e-07)
(-5.15374e-08 -1.28171e-11 1.8997e-07)
(-5.04079e-08 -2.63611e-11 1.87134e-07)
(-5.31725e-08 -8.10606e-12 1.86016e-07)
(-5.38021e-08 -1.20906e-11 1.95636e-07)
(-5.26601e-08 -2.49027e-11 1.92787e-07)
(-5.54406e-08 -7.69361e-12 1.91657e-07)
(-5.60915e-08 -1.13694e-11 2.01328e-07)
(-5.49377e-08 -2.3453e-11 1.98468e-07)
(-5.77331e-08 -7.27758e-12 1.97326e-07)
(-5.8404e-08 -1.06553e-11 2.07044e-07)
(-5.72393e-08 -2.20157e-11 2.04173e-07)
(-6.00485e-08 -6.85959e-12 2.0302e-07)
(-6.0738e-08 -9.95001e-12 2.12781e-07)
(-5.95631e-08 -2.05944e-11 2.099e-07)
(-6.23853e-08 -6.44122e-12 2.08738e-07)
(-6.30919e-08 -9.25538e-12 2.18539e-07)
(-6.19077e-08 -1.91928e-11 2.15648e-07)
(-6.47418e-08 -6.02404e-12 2.14477e-07)
(-6.54643e-08 -8.57317e-12 2.24314e-07)
(-6.42714e-08 -1.78143e-11 2.21416e-07)
(-6.71166e-08 -5.6096e-12 2.20235e-07)
(-6.78536e-08 -7.90511e-12 2.30106e-07)
(-6.66528e-08 -1.64626e-11 2.272e-07)
(-6.95082e-08 -5.19941e-12 2.26012e-07)
(-7.02585e-08 -7.25292e-12 2.35913e-07)
(-6.90504e-08 -1.51409e-11 2.33e-07)
(-7.19153e-08 -4.79496e-12 2.31805e-07)
(-7.26774e-08 -6.61828e-12 2.41732e-07)
(-7.14628e-08 -1.38528e-11 2.38814e-07)
(-7.43363e-08 -4.39773e-12 2.37612e-07)
(-7.51092e-08 -6.00285e-12 2.47564e-07)
(-7.38887e-08 -1.26015e-11 2.44641e-07)
(-7.677e-08 -4.00915e-12 2.43433e-07)
(-7.75525e-08 -5.40826e-12 2.53406e-07)
(-7.63267e-08 -1.13903e-11 2.50478e-07)
(-7.92152e-08 -3.63062e-12 2.49265e-07)
(-8.00061e-08 -4.83612e-12 2.59257e-07)
(-7.87756e-08 -1.02225e-11 2.56326e-07)
(-8.16704e-08 -3.26354e-12 2.55107e-07)
(-8.24687e-08 -4.288e-12 2.65115e-07)
(-8.12341e-08 -9.10119e-12 2.62181e-07)
(-8.41347e-08 -2.90924e-12 2.60958e-07)
(-8.49392e-08 -3.7655e-12 2.7098e-07)
(-8.37011e-08 -8.02959e-12 2.68043e-07)
(-8.66068e-08 -2.56906e-12 2.66816e-07)
(-8.74166e-08 -3.27017e-12 2.7685e-07)
(-8.61755e-08 -7.0108e-12 2.73912e-07)
(-8.90857e-08 -2.24431e-12 2.72681e-07)
(-8.98998e-08 -2.80359e-12 2.82725e-07)
(-8.86561e-08 -6.04793e-12 2.79784e-07)
(-9.15703e-08 -1.93629e-12 2.7855e-07)
(-9.23879e-08 -2.36736e-12 2.88602e-07)
(-9.11421e-08 -5.14413e-12 2.85661e-07)
(-9.40597e-08 -1.64628e-12 2.84424e-07)
(-9.48799e-08 -1.96309e-12 2.94482e-07)
(-9.36325e-08 -4.30257e-12 2.9154e-07)
(-9.65529e-08 -1.37559e-12 2.90301e-07)
(-9.7375e-08 -1.59237e-12 3.00363e-07)
(-9.61263e-08 -3.52646e-12 2.97421e-07)
(-9.90492e-08 -1.12552e-12 2.9618e-07)
(-9.98724e-08 -1.2567e-12 3.06245e-07)
(-9.86228e-08 -2.81896e-12 3.03303e-07)
(-1.01548e-07 -8.97324e-13 3.0206e-07)
(-1.02371e-07 -9.57275e-13 3.12126e-07)
(-1.01121e-07 -2.18291e-12 3.09185e-07)
(-1.04048e-07 -6.92162e-13 3.07941e-07)
(-1.04871e-07 -6.94611e-13 3.18007e-07)
(-1.03621e-07 -1.62036e-12 3.15066e-07)
(-1.06549e-07 -5.10877e-13 3.13822e-07)
(-1.07371e-07 -4.67933e-13 3.23887e-07)
(-1.06121e-07 -1.13153e-12 3.20947e-07)
(-1.0905e-07 -3.53671e-13 3.19702e-07)
(-1.09872e-07 -2.74199e-13 3.29765e-07)
(-1.08621e-07 -7.13315e-13 3.26826e-07)
(-1.11551e-07 -2.19634e-13 3.2558e-07)
(-1.12371e-07 -1.06605e-13 3.3564e-07)
(-1.11121e-07 -3.56464e-13 3.32703e-07)
(-1.14052e-07 -1.05766e-13 3.31457e-07)
(-1.14869e-07 4.36976e-14 3.41514e-07)
(-1.1362e-07 -4.14923e-14 3.38577e-07)
(-1.16551e-07 -5.55745e-15 3.37331e-07)
(-1.17367e-07 1.83659e-13 3.47385e-07)
(-1.16118e-07 2.49934e-13 3.4445e-07)
(-1.19049e-07 8.52968e-14 3.43203e-07)
(-1.18615e-07 5.22573e-13 3.50319e-07)
(-1.21546e-07 1.68235e-13 3.49073e-07)
(1.52243e-10 -5.02979e-11 1.34458e-10)
(6.36373e-11 -6.0616e-11 -3.45763e-11)
(3.53376e-11 -1.73977e-11 -6.7406e-11)
(3.80287e-10 -6.30773e-11 5.62966e-10)
(2.69246e-10 -9.00481e-11 2.78521e-10)
(1.54795e-10 -1.82472e-11 2.34883e-10)
(6.08734e-10 -6.37849e-11 1.17003e-09)
(5.05809e-10 -8.98713e-11 7.82896e-10)
(2.94476e-10 -9.22382e-12 7.41899e-10)
(8.19353e-10 -6.26318e-11 1.94745e-09)
(7.29917e-10 -8.61506e-11 1.45947e-09)
(4.23545e-10 -1.29331e-12 1.41976e-09)
(1.00384e-09 -6.19116e-11 2.90027e-09)
(9.29724e-10 -8.36184e-11 2.31434e-09)
(5.30764e-10 3.63647e-12 2.27258e-09)
(1.15678e-09 -6.20842e-11 4.03021e-09)
(1.10061e-09 -8.28524e-11 3.34926e-09)
(6.10999e-10 5.73905e-12 3.30191e-09)
(1.27391e-09 -6.30924e-11 5.3372e-09)
(1.23798e-09 -8.36481e-11 4.56395e-09)
(6.5955e-10 5.62895e-12 4.50768e-09)
(1.35137e-09 -6.46988e-11 6.81993e-09)
(1.33757e-09 -8.55317e-11 5.95706e-09)
(6.72116e-10 3.99967e-12 5.88887e-09)
(1.38558e-09 -6.66583e-11 8.47605e-09)
(1.39556e-09 -8.80618e-11 7.52619e-09)
(6.44853e-10 1.43434e-12 7.44343e-09)
(1.37326e-09 -6.87716e-11 1.03025e-08)
(1.40848e-09 -9.09019e-11 9.2682e-09)
(5.74293e-10 -1.63729e-12 9.16854e-09)
(1.31144e-09 -7.08923e-11 1.22958e-08)
(1.37319e-09 -9.3812e-11 1.11795e-08)
(4.57314e-10 -4.92006e-12 1.10609e-08)
(1.19744e-09 -7.29213e-11 1.44521e-08)
(1.28685e-09 -9.66315e-11 1.32562e-08)
(2.91111e-10 -8.22331e-12 1.31168e-08)
(1.02885e-09 -7.47974e-11 1.67674e-08)
(1.14695e-09 -9.92605e-11 1.54942e-08)
(7.31787e-11 -1.1432e-11 1.53325e-08)
(8.0356e-10 -7.6487e-11 1.92377e-08)
(9.51225e-10 -1.01643e-10 1.78894e-08)
(-1.98709e-10 -1.44825e-11 1.7704e-08)
(5.19706e-10 -7.79748e-11 2.18587e-08)
(6.97702e-10 -1.03754e-10 2.04375e-08)
(-5.26517e-10 -1.73437e-11 2.02273e-08)
(1.75679e-10 -7.92573e-11 2.46262e-08)
(3.84656e-10 -1.05584e-10 2.31344e-08)
(-9.11959e-10 -2.00043e-11 2.28984e-08)
(-2.29892e-10 -8.03372e-11 2.75361e-08)
(1.0608e-11 -1.07136e-10 2.59758e-08)
(-1.35651e-09 -2.2464e-11 2.57131e-08)
(-6.98145e-10 -8.12208e-11 3.05843e-08)
(-4.25689e-10 -1.0842e-10 2.89576e-08)
(-1.86141e-09 -2.47278e-11 2.86674e-08)
(-1.23e-09 -8.19154e-11 3.37665e-08)
(-9.25257e-10 -1.09444e-10 3.20755e-08)
(-2.4277e-09 -2.68026e-11 3.17572e-08)
(-1.82616e-09 -8.24286e-11 3.70786e-08)
(-1.4889e-09 -1.10221e-10 3.53254e-08)
(-3.05617e-09 -2.8696e-11 3.49786e-08)
(-2.48714e-09 -8.27678e-11 4.05167e-08)
(-2.11723e-09 -1.10761e-10 3.87032e-08)
(-3.74744e-09 -3.04152e-11 3.83275e-08)
(-3.21325e-09 -8.29397e-11 4.40766e-08)
(-2.81063e-09 -1.11073e-10 4.22049e-08)
(-4.50193e-09 -3.19665e-11 4.18e-08)
(-4.00462e-09 -8.29504e-11 4.77543e-08)
(-3.56935e-09 -1.11166e-10 4.58264e-08)
(-5.31987e-09 -3.33557e-11 4.53921e-08)
(-4.86122e-09 -8.2806e-11 5.1546e-08)
(-4.3934e-09 -1.11048e-10 4.95638e-08)
(-6.20131e-09 -3.45879e-11 4.91e-08)
(-5.78284e-09 -8.2512e-11 5.54477e-08)
(-5.28268e-09 -1.10728e-10 5.34131e-08)
(-7.14616e-09 -3.56679e-11 5.29199e-08)
(-6.76913e-09 -8.20737e-11 5.94557e-08)
(-6.23689e-09 -1.10212e-10 5.73706e-08)
(-8.15414e-09 -3.66002e-11 5.68479e-08)
(-7.81959e-09 -8.14966e-11 6.35661e-08)
(-7.25561e-09 -1.09508e-10 6.14324e-08)
(-9.22485e-09 -3.73891e-11 6.08804e-08)
(-8.93359e-09 -8.0786e-11 6.77753e-08)
(-8.33826e-09 -1.08623e-10 6.55947e-08)
(-1.03577e-08 -3.80389e-11 6.50137e-08)
(-1.01104e-08 -7.99473e-11 7.20797e-08)
(-9.48415e-09 -1.07564e-10 6.9854e-08)
(-1.15521e-08 -3.85542e-11 6.92442e-08)
(-1.13491e-08 -7.89858e-11 7.64756e-08)
(-1.06924e-08 -1.06339e-10 7.42066e-08)
(-1.28072e-08 -3.89392e-11 7.35683e-08)
(-1.26487e-08 -7.79073e-11 8.09595e-08)
(-1.19622e-08 -1.04954e-10 7.8649e-08)
(-1.41221e-08 -3.91987e-11 7.79825e-08)
(-1.40081e-08 -7.67171e-11 8.5528e-08)
(-1.32924e-08 -1.03418e-10 8.31777e-08)
(-1.54958e-08 -3.93371e-11 8.24835e-08)
(-1.54262e-08 -7.54211e-11 9.01778e-08)
(-1.4682e-08 -1.01738e-10 8.77892e-08)
(-1.69272e-08 -3.93593e-11 8.70678e-08)
(-1.69017e-08 -7.4025e-11 9.49054e-08)
(-1.61296e-08 -9.99204e-11 9.24803e-08)
(-1.8415e-08 -3.927e-11 9.17322e-08)
(-1.84333e-08 -7.25345e-11 9.97078e-08)
(-1.7634e-08 -9.79744e-11 9.72476e-08)
(-1.99581e-08 -3.90742e-11 9.64734e-08)
(-2.00196e-08 -7.09554e-11 1.04582e-07)
(-1.91938e-08 -9.59073e-11 1.02088e-07)
(-2.15551e-08 -3.87767e-11 1.01288e-07)
(-2.16591e-08 -6.92937e-11 1.09524e-07)
(-2.08076e-08 -9.37269e-11 1.06998e-07)
(-2.32045e-08 -3.83828e-11 1.06174e-07)
(-2.33502e-08 -6.75553e-11 1.14531e-07)
(-2.24738e-08 -9.14411e-11 1.11975e-07)
(-2.49049e-08 -3.78973e-11 1.11127e-07)
(-2.50915e-08 -6.57461e-11 1.19601e-07)
(-2.4191e-08 -8.90577e-11 1.17016e-07)
(-2.66548e-08 -3.73254e-11 1.16144e-07)
(-2.68813e-08 -6.38719e-11 1.24731e-07)
(-2.59576e-08 -8.65846e-11 1.22118e-07)
(-2.84526e-08 -3.66722e-11 1.21223e-07)
(-2.8718e-08 -6.19388e-11 1.29917e-07)
(-2.77718e-08 -8.40298e-11 1.27278e-07)
(-3.02967e-08 -3.5943e-11 1.26361e-07)
(-3.05998e-08 -5.99526e-11 1.35157e-07)
(-2.96321e-08 -8.14011e-11 1.32493e-07)
(-3.21855e-08 -3.51427e-11 1.31555e-07)
(-3.25252e-08 -5.79193e-11 1.40448e-07)
(-3.15368e-08 -7.87064e-11 1.37761e-07)
(-3.41174e-08 -3.42767e-11 1.36801e-07)
(-3.44924e-08 -5.58447e-11 1.45787e-07)
(-3.34841e-08 -7.59536e-11 1.43078e-07)
(-3.60906e-08 -3.335e-11 1.42099e-07)
(-3.64996e-08 -5.37349e-11 1.51173e-07)
(-3.54723e-08 -7.31505e-11 1.48442e-07)
(-3.81034e-08 -3.23678e-11 1.47444e-07)
(-3.85451e-08 -5.15956e-11 1.56602e-07)
(-3.74998e-08 -7.03051e-11 1.53851e-07)
(-4.01543e-08 -3.13353e-11 1.52835e-07)
(-4.06272e-08 -4.94326e-11 1.62072e-07)
(-3.95647e-08 -6.74249e-11 1.59303e-07)
(-4.22413e-08 -3.02576e-11 1.58269e-07)
(-4.27442e-08 -4.72519e-11 1.6758e-07)
(-4.16653e-08 -6.45179e-11 1.64793e-07)
(-4.43629e-08 -2.91397e-11 1.63743e-07)
(-4.48943e-08 -4.50591e-11 1.73125e-07)
(-4.37999e-08 -6.15916e-11 1.70322e-07)
(-4.65173e-08 -2.79868e-11 1.69256e-07)
(-4.70757e-08 -4.28599e-11 1.78703e-07)
(-4.59667e-08 -5.86538e-11 1.75885e-07)
(-4.87028e-08 -2.68039e-11 1.74804e-07)
(-4.92869e-08 -4.06602e-11 1.84313e-07)
(-4.81641e-08 -5.5712e-11 1.81481e-07)
(-5.09177e-08 -2.5596e-11 1.80386e-07)
(-5.1526e-08 -3.84654e-11 1.89953e-07)
(-5.03902e-08 -5.27738e-11 1.87108e-07)
(-5.31604e-08 -2.4368e-11 1.85999e-07)
(-5.37915e-08 -3.62813e-11 1.95621e-07)
(-5.26436e-08 -4.98466e-11 1.92763e-07)
(-5.54292e-08 -2.31249e-11 1.91642e-07)
(-5.60816e-08 -3.41133e-11 2.01314e-07)
(-5.49224e-08 -4.69378e-11 1.98445e-07)
(-5.77225e-08 -2.18715e-11 1.97311e-07)
(-5.83948e-08 -3.19669e-11 2.0703e-07)
(-5.7225e-08 -4.40547e-11 2.04151e-07)
(-6.00387e-08 -2.06126e-11 2.03006e-07)
(-6.07295e-08 -2.98475e-11 2.12769e-07)
(-5.95499e-08 -4.12045e-11 2.0988e-07)
(-6.23762e-08 -1.9353e-11 2.08725e-07)
(-6.30841e-08 -2.77604e-11 2.18527e-07)
(-6.18955e-08 -3.83944e-11 2.1563e-07)
(-6.47334e-08 -1.80974e-11 2.14465e-07)
(-6.54572e-08 -2.5711e-11 2.24303e-07)
(-6.42602e-08 -3.56314e-11 2.21398e-07)
(-6.71089e-08 -1.68503e-11 2.20224e-07)
(-6.78471e-08 -2.37044e-11 2.30096e-07)
(-6.66426e-08 -3.29225e-11 2.27184e-07)
(-6.95012e-08 -1.56162e-11 2.26002e-07)
(-7.02526e-08 -2.17457e-11 2.35903e-07)
(-6.90412e-08 -3.02745e-11 2.32986e-07)
(-7.19089e-08 -1.43998e-11 2.31795e-07)
(-7.26722e-08 -1.98399e-11 2.41724e-07)
(-7.14545e-08 -2.76942e-11 2.38801e-07)
(-7.43305e-08 -1.32053e-11 2.37603e-07)
(-7.51045e-08 -1.7992e-11 2.47556e-07)
(-7.38813e-08 -2.51881e-11 2.44629e-07)
(-7.67648e-08 -1.20369e-11 2.43425e-07)
(-7.75483e-08 -1.62069e-11 2.53399e-07)
(-7.63201e-08 -2.27627e-11 2.50467e-07)
(-7.92105e-08 -1.0899e-11 2.49257e-07)
(-8.00024e-08 -1.44893e-11 2.5925e-07)
(-7.87698e-08 -2.04245e-11 2.56315e-07)
(-8.16663e-08 -9.79567e-12 2.551e-07)
(-8.24655e-08 -1.2844e-11 2.6511e-07)
(-8.12291e-08 -1.81798e-11 2.62172e-07)
(-8.41311e-08 -8.73085e-12 2.60952e-07)
(-8.49365e-08 -1.12757e-11 2.70975e-07)
(-8.36967e-08 -1.60347e-11 2.68035e-07)
(-8.66037e-08 -7.70855e-12 2.66811e-07)
(-8.74143e-08 -9.78899e-12 2.76846e-07)
(-8.61718e-08 -1.39955e-11 2.73904e-07)
(-8.9083e-08 -6.73265e-12 2.72676e-07)
(-8.98979e-08 -8.38856e-12 2.82721e-07)
(-8.8653e-08 -1.20683e-11 2.79778e-07)
(-9.1568e-08 -5.80701e-12 2.78546e-07)
(-9.23863e-08 -7.07916e-12 2.88599e-07)
(-9.11396e-08 -1.02593e-11 2.85655e-07)
(-9.40578e-08 -4.93547e-12 2.84421e-07)
(-9.48787e-08 -5.86553e-12 2.94479e-07)
(-9.36305e-08 -8.57465e-12 2.91535e-07)
(-9.65514e-08 -4.12187e-12 2.90298e-07)
(-9.73741e-08 -4.75243e-12 3.00361e-07)
(-9.61248e-08 -7.0207e-12 2.97417e-07)
(-9.90481e-08 -3.37006e-12 2.96178e-07)
(-9.98717e-08 -3.74437e-12 3.06243e-07)
(-9.86217e-08 -5.60367e-12 3.03299e-07)
(-1.01547e-07 -2.68383e-12 3.02058e-07)
(-1.02371e-07 -2.84505e-12 3.12125e-07)
(-1.0112e-07 -4.32934e-12 3.09182e-07)
(-1.04047e-07 -2.06667e-12 3.07939e-07)
(-1.04871e-07 -2.05625e-12 3.18006e-07)
(-1.0362e-07 -3.20202e-12 3.15064e-07)
(-1.06549e-07 -1.52124e-12 3.1382e-07)
(-1.07371e-07 -1.3759e-12 3.23886e-07)
(-1.06121e-07 -2.22264e-12 3.20945e-07)
(-1.0905e-07 -1.04834e-12 3.197e-07)
(-1.09872e-07 -7.94766e-13 3.29764e-07)
(-1.08622e-07 -1.38534e-12 3.26824e-07)
(-1.11551e-07 -6.45335e-13 3.25579e-07)
(-1.12371e-07 -2.90806e-13 3.3564e-07)
(-1.11122e-07 -6.7109e-13 3.32701e-07)
(-1.14052e-07 -3.02791e-13 3.31456e-07)
(-1.1487e-07 1.65539e-13 3.41513e-07)
(-1.13621e-07 -3.4989e-14 3.38576e-07)
(-1.16551e-07 1.107e-15 3.3733e-07)
(-1.17367e-07 5.8848e-13 3.47384e-07)
(-1.16119e-07 5.71609e-13 3.44449e-07)
(-1.1905e-07 2.80457e-13 3.43202e-07)
(-1.18615e-07 1.12541e-12 3.50318e-07)
(-1.21546e-07 5.18245e-13 3.49072e-07)
(1.6639e-10 -1.00432e-10 1.10461e-10)
(8.17666e-11 -1.25904e-10 -4.82583e-11)
(3.94055e-11 -3.94693e-11 -6.74294e-11)
(4.01293e-10 -1.16569e-10 4.9981e-10)
(2.94471e-10 -1.62568e-10 2.01182e-10)
(1.66253e-10 -3.82705e-11 1.94066e-10)
(6.31929e-10 -1.12443e-10 1.0741e-09)
(5.31538e-10 -1.48032e-10 6.58018e-10)
(3.09714e-10 -1.9282e-11 6.60423e-10)
(8.4479e-10 -1.07651e-10 1.82825e-09)
(7.57802e-10 -1.36404e-10 1.30311e-09)
(4.42176e-10 -4.21446e-12 1.30898e-09)
(1.03229e-09 -1.05184e-10 2.76535e-09)
(9.61907e-10 -1.30803e-10 2.13731e-09)
(5.53696e-10 4.56652e-12 2.14227e-09)
(1.18874e-09 -1.05099e-10 3.88516e-09)
(1.13792e-09 -1.29446e-10 3.1592e-09)
(6.38713e-10 7.99568e-12 3.15907e-09)
(1.30954e-09 -1.06798e-10 5.18613e-09)
(1.28051e-09 -1.30896e-10 4.36639e-09)
(6.92032e-10 7.52052e-12 4.35732e-09)
(1.39055e-09 -1.0961e-10 6.66579e-09)
(1.38507e-09 -1.34014e-10 5.75588e-09)
(7.09063e-10 4.51527e-12 5.73452e-09)
(1.42805e-09 -1.1301e-10 8.32097e-09)
(1.44761e-09 -1.3801e-10 7.32411e-09)
(6.85822e-10 2.6255e-14 7.28756e-09)
(1.4187e-09 -1.16627e-10 1.0148e-08)
(1.46459e-09 -1.42359e-10 9.0671e-09)
(6.18803e-10 -5.22113e-12 9.01286e-09)
(1.35952e-09 -1.20211e-10 1.21428e-08)
(1.43287e-09 -1.46717e-10 1.09807e-08)
(5.04898e-10 -1.07484e-11 1.09066e-08)
(1.24784e-09 -1.23601e-10 1.43014e-08)
(1.34966e-09 -1.50865e-10 1.30604e-08)
(3.41344e-10 -1.62562e-11 1.29647e-08)
(1.08127e-09 -1.26707e-10 1.66194e-08)
(1.21246e-09 -1.54675e-10 1.53021e-08)
(1.25684e-10 -2.15693e-11 1.5183e-08)
(8.57722e-10 -1.2948e-10 1.90927e-08)
(1.01907e-09 -1.5808e-10 1.77014e-08)
(-1.44267e-10 -2.65943e-11 1.75576e-08)
(5.75354e-10 -1.31902e-10 2.17169e-08)
(7.67543e-10 -1.61054e-10 2.02538e-08)
(-4.70433e-10 -3.12887e-11 2.00841e-08)
(2.32574e-10 -1.33972e-10 2.44878e-08)
(4.5618e-10 -1.63596e-10 2.29551e-08)
(-8.54499e-10 -3.56397e-11 2.27586e-08)
(-1.7197e-10 -1.35698e-10 2.74012e-08)
(8.35267e-11 -1.65714e-10 2.5801e-08)
(-1.29791e-09 -3.96507e-11 2.55768e-08)
(-6.39405e-10 -1.37094e-10 3.04528e-08)
(-3.51645e-10 -1.67427e-10 2.87873e-08)
(-1.80191e-09 -4.33325e-11 2.85346e-08)
(-1.17064e-09 -1.38173e-10 3.36385e-08)
(-8.50343e-10 -1.68753e-10 3.19098e-08)
(-2.36748e-09 -4.66988e-11 3.1628e-08)
(-1.76636e-09 -1.3895e-10 3.69542e-08)
(-1.41336e-09 -1.69709e-10 3.51643e-08)
(-2.99544e-09 -4.97629e-11 3.48529e-08)
(-2.42708e-09 -1.39436e-10 4.03957e-08)
(-2.04128e-09 -1.70313e-10 3.85466e-08)
(-3.68638e-09 -5.25375e-11 3.82054e-08)
(-3.1531e-09 -1.39644e-10 4.39591e-08)
(-2.73451e-09 -1.7058e-10 4.20528e-08)
(-4.44072e-09 -5.50337e-11 4.16814e-08)
(-3.94454e-09 -1.39585e-10 4.76403e-08)
(-3.49324e-09 -1.70523e-10 4.56788e-08)
(-5.25866e-09 -5.72614e-11 4.5277e-08)
(-4.80136e-09 -1.39269e-10 5.14354e-08)
(-4.31751e-09 -1.70156e-10 4.94206e-08)
(-6.14027e-09 -5.92293e-11 4.89884e-08)
(-5.72335e-09 -1.38705e-10 5.53406e-08)
(-5.20719e-09 -1.6949e-10 5.32744e-08)
(-7.08543e-09 -6.09457e-11 5.28117e-08)
(-6.71013e-09 -1.37903e-10 5.93519e-08)
(-6.16198e-09 -1.68537e-10 5.72362e-08)
(-8.09387e-09 -6.24181e-11 5.67432e-08)
(-7.76122e-09 -1.36871e-10 6.34656e-08)
(-7.18144e-09 -1.67308e-10 6.13023e-08)
(-9.16516e-09 -6.3654e-11 6.0779e-08)
(-8.87596e-09 -1.35619e-10 6.76781e-08)
(-8.26499e-09 -1.65813e-10 6.54689e-08)
(-1.02988e-08 -6.46608e-11 6.49156e-08)
(-1.00536e-08 -1.34155e-10 7.19857e-08)
(-9.41191e-09 -1.64064e-10 6.97324e-08)
(-1.1494e-08 -6.54457e-11 6.91494e-08)
(-1.12932e-08 -1.32489e-10 7.63847e-08)
(-1.06214e-08 -1.6207e-10 7.40891e-08)
(-1.275e-08 -6.60163e-11 7.34767e-08)
(-1.25939e-08 -1.30631e-10 8.08718e-08)
(-1.18924e-08 -1.59844e-10 7.85355e-08)
(-1.40659e-08 -6.63802e-11 7.78942e-08)
(-1.39545e-08 -1.28588e-10 8.54434e-08)
(-1.32241e-08 -1.57397e-10 8.30681e-08)
(-1.54407e-08 -6.65451e-11 8.23983e-08)
(-1.53738e-08 -1.26372e-10 9.00962e-08)
(-1.46151e-08 -1.54739e-10 8.76836e-08)
(-1.68733e-08 -6.65189e-11 8.69857e-08)
(-1.68506e-08 -1.23992e-10 9.48269e-08)
(-1.60643e-08 -1.51882e-10 9.23785e-08)
(-1.83624e-08 -6.63096e-11 9.16531e-08)
(-1.83835e-08 -1.21456e-10 9.96322e-08)
(-1.75704e-08 -1.48838e-10 9.71496e-08)
(-1.99068e-08 -6.59255e-11 9.63973e-08)
(-1.99712e-08 -1.18776e-10 1.04509e-07)
(-1.9132e-08 -1.45618e-10 1.01994e-07)
(-2.15051e-08 -6.53747e-11 1.01215e-07)
(-2.16122e-08 -1.1596e-10 1.09454e-07)
(-2.07476e-08 -1.42234e-10 1.06908e-07)
(-2.3156e-08 -6.46655e-11 1.06103e-07)
(-2.33048e-08 -1.13018e-10 1.14464e-07)
(-2.24157e-08 -1.38697e-10 1.11888e-07)
(-2.48579e-08 -6.38065e-11 1.11059e-07)
(-2.50476e-08 -1.09961e-10 1.19537e-07)
(-2.41349e-08 -1.35019e-10 1.16933e-07)
(-2.66094e-08 -6.28059e-11 1.16079e-07)
(-2.6839e-08 -1.06798e-10 1.24669e-07)
(-2.59034e-08 -1.31212e-10 1.22038e-07)
(-2.84087e-08 -6.16724e-11 1.21161e-07)
(-2.86773e-08 -1.0354e-10 1.29858e-07)
(-2.77197e-08 -1.27287e-10 1.27201e-07)
(-3.02545e-08 -6.04144e-11 1.26301e-07)
(-3.05608e-08 -1.00195e-10 1.351e-07)
(-2.9582e-08 -1.23257e-10 1.3242e-07)
(-3.21449e-08 -5.90405e-11 1.31498e-07)
(-3.24878e-08 -9.67732e-11 1.40394e-07)
(-3.14887e-08 -1.19132e-10 1.3769e-07)
(-3.40784e-08 -5.75593e-11 1.36747e-07)
(-3.44566e-08 -9.32853e-11 1.45736e-07)
(-3.34381e-08 -1.14925e-10 1.43011e-07)
(-3.60533e-08 -5.59792e-11 1.42047e-07)
(-3.64654e-08 -8.97406e-11 1.51124e-07)
(-3.54285e-08 -1.10647e-10 1.48378e-07)
(-3.80678e-08 -5.43088e-11 1.47395e-07)
(-3.85126e-08 -8.61488e-11 1.56555e-07)
(-3.7458e-08 -1.0631e-10 1.53791e-07)
(-4.01203e-08 -5.25566e-11 1.52788e-07)
(-4.05964e-08 -8.25197e-11 1.62027e-07)
(-3.9525e-08 -1.01925e-10 1.59245e-07)
(-4.2209e-08 -5.0731e-11 1.58224e-07)
(-4.2715e-08 -7.88627e-11 1.67538e-07)
(-4.16277e-08 -9.75038e-11 1.64739e-07)
(-4.43322e-08 -4.88405e-11 1.63701e-07)
(-4.48667e-08 -7.51875e-11 1.73085e-07)
(-4.37643e-08 -9.30576e-11 1.7027e-07)
(-4.64883e-08 -4.68935e-11 1.69215e-07)
(-4.70497e-08 -7.15035e-11 1.78665e-07)
(-4.59332e-08 -8.85978e-11 1.75836e-07)
(-4.86754e-08 -4.48983e-11 1.74766e-07)
(-4.92625e-08 -6.78202e-11 1.84278e-07)
(-4.81326e-08 -8.41356e-11 1.81435e-07)
(-5.0892e-08 -4.28631e-11 1.8035e-07)
(-5.15032e-08 -6.41468e-11 1.8992e-07)
(-5.03607e-08 -7.96821e-11 1.87064e-07)
(-5.31362e-08 -4.07961e-11 1.85965e-07)
(-5.37702e-08 -6.04927e-11 1.95589e-07)
(-5.2616e-08 -7.52483e-11 1.92722e-07)
(-5.54066e-08 -3.87054e-11 1.9161e-07)
(-5.60618e-08 -5.68668e-11 2.01284e-07)
(-5.48967e-08 -7.08452e-11 1.98406e-07)
(-5.77014e-08 -3.65991e-11 1.97282e-07)
(-5.83765e-08 -5.32784e-11 2.07003e-07)
(-5.72012e-08 -6.64835e-11 2.04115e-07)
(-6.00191e-08 -3.44851e-11 2.02979e-07)
(-6.07126e-08 -4.97363e-11 2.12743e-07)
(-5.9528e-08 -6.2174e-11 2.09846e-07)
(-6.2358e-08 -3.23712e-11 2.08699e-07)
(-6.30686e-08 -4.62493e-11 2.18503e-07)
(-6.18753e-08 -5.79271e-11 2.15598e-07)
(-6.47167e-08 -3.0265e-11 2.14441e-07)
(-6.5443e-08 -4.28261e-11 2.24281e-07)
(-6.42418e-08 -5.37533e-11 2.21369e-07)
(-6.70936e-08 -2.81744e-11 2.20202e-07)
(-6.78342e-08 -3.94753e-11 2.30075e-07)
(-6.66258e-08 -4.96629e-11 2.27157e-07)
(-6.94872e-08 -2.61066e-11 2.25981e-07)
(-7.02409e-08 -3.62054e-11 2.35884e-07)
(-6.9026e-08 -4.56658e-11 2.32961e-07)
(-7.18961e-08 -2.4069e-11 2.31776e-07)
(-7.26617e-08 -3.30246e-11 2.41707e-07)
(-7.14408e-08 -4.17721e-11 2.38778e-07)
(-7.4319e-08 -2.2069e-11 2.37586e-07)
(-7.50952e-08 -2.99411e-11 2.4754e-07)
(-7.38691e-08 -3.79916e-11 2.44608e-07)
(-7.67545e-08 -2.01134e-11 2.43409e-07)
(-7.75401e-08 -2.6963e-11 2.53384e-07)
(-7.63093e-08 -3.43338e-11 2.50448e-07)
(-7.92013e-08 -1.82094e-11 2.49243e-07)
(-7.99952e-08 -2.40981e-11 2.59237e-07)
(-7.87603e-08 -3.08081e-11 2.56298e-07)
(-8.16582e-08 -1.63635e-11 2.55087e-07)
(-8.24593e-08 -2.13541e-11 2.65098e-07)
(-8.12208e-08 -2.7424e-11 2.62156e-07)
(-8.4124e-08 -1.45825e-11 2.6094e-07)
(-8.49312e-08 -1.87389e-11 2.70965e-07)
(-8.36897e-08 -2.41904e-11 2.68021e-07)
(-8.65975e-08 -1.28729e-11 2.668e-07)
(-8.74099e-08 -1.62599e-11 2.76837e-07)
(-8.61658e-08 -2.11164e-11 2.73892e-07)
(-8.90778e-08 -1.1241e-11 2.72667e-07)
(-8.98942e-08 -1.39249e-11 2.82713e-07)
(-8.86481e-08 -1.82111e-11 2.79767e-07)
(-9.15636e-08 -9.69317e-12 2.78538e-07)
(-9.23834e-08 -1.17415e-11 2.88592e-07)
(-9.11356e-08 -1.54834e-11 2.85645e-07)
(-9.40542e-08 -8.23563e-12 2.84413e-07)
(-9.48764e-08 -9.71752e-12 2.94473e-07)
(-9.36273e-08 -1.29423e-11 2.91527e-07)
(-9.65485e-08 -6.87465e-12 2.90292e-07)
(-9.73723e-08 -7.86061e-12 3.00355e-07)
(-9.61224e-08 -1.05969e-11 2.97409e-07)
(-9.90458e-08 -5.61652e-12 2.96172e-07)
(-9.98705e-08 -6.17832e-12 3.06238e-07)
(-9.862e-08 -8.45635e-12 3.03293e-07)
(-1.01545e-07 -4.46746e-12 3.02054e-07)
(-1.0237e-07 -4.67702e-12 3.12121e-07)
(-1.01119e-07 -6.52926e-12 3.09177e-07)
(-1.04046e-07 -3.43333e-12 3.07935e-07)
(-1.04871e-07 -3.36016e-12 3.18003e-07)
(-1.0362e-07 -4.82258e-12 3.1506e-07)
(-1.06548e-07 -2.51886e-12 3.13817e-07)
(-1.07371e-07 -2.2248e-12 3.23883e-07)
(-1.06121e-07 -3.3388e-12 3.20941e-07)
(-1.0905e-07 -1.72575e-12 3.19698e-07)
(-1.09872e-07 -1.25533e-12 3.29762e-07)
(-1.08622e-07 -2.07079e-12 3.26821e-07)
(-1.11551e-07 -1.04969e-12 3.25577e-07)
(-1.12372e-07 -4.10603e-13 3.35638e-07)
(-1.11122e-07 -9.90126e-13 3.32699e-07)
(-1.14052e-07 -4.74451e-13 3.31454e-07)
(-1.1487e-07 3.76341e-13 3.41512e-07)
(-1.13622e-07 -1.47783e-14 3.38575e-07)
(-1.16552e-07 4.31178e-14 3.37329e-07)
(-1.17368e-07 1.11912e-12 3.47383e-07)
(-1.1612e-07 9.77072e-13 3.44447e-07)
(-1.1905e-07 5.49583e-13 3.43201e-07)
(-1.18616e-07 1.81589e-12 3.50317e-07)
(-1.21547e-07 9.51109e-13 3.49071e-07)
(2.00243e-10 -1.8868e-10 4.5044e-11)
(5.25841e-11 -8.36126e-11 -9.09308e-11)
(4.31991e-10 -1.96434e-10 3.61168e-10)
(1.82217e-10 -7.88981e-11 8.2804e-11)
(6.62699e-10 -1.74996e-10 8.88795e-10)
(3.27758e-10 -4.09542e-11 4.90824e-10)
(8.80421e-10 -1.62727e-10 1.61408e-09)
(4.66775e-10 -1.61874e-11 1.10451e-09)
(1.07432e-09 -1.58284e-10 2.53321e-09)
(5.87116e-10 -4.10894e-12 1.91642e-09)
(1.23751e-09 -1.58396e-10 3.64262e-09)
(6.81056e-10 -2.95973e-13 2.92069e-09)
(1.36474e-09 -1.61141e-10 4.93848e-09)
(7.42582e-10 -1.7608e-12 4.11254e-09)
(1.45161e-09 -1.65296e-10 6.41669e-09)
(7.66852e-10 -6.41108e-12 5.48748e-09)
(1.49432e-09 -1.7009e-10 8.07289e-09)
(7.49856e-10 -1.2827e-11 7.04105e-09)
(1.48956e-09 -1.75034e-10 9.90259e-09)
(6.88172e-10 -2.00786e-11 8.76872e-09)
(1.43437e-09 -1.79816e-10 1.19012e-08)
(5.7881e-10 -2.75717e-11 1.0666e-08)
(1.32615e-09 -1.8425e-10 1.40643e-08)
(4.19126e-10 -3.49432e-11 1.27285e-08)
(1.16258e-09 -1.88234e-10 1.63874e-08)
(2.06762e-10 -4.19865e-11 1.49518e-08)
(9.41595e-10 -1.91723e-10 1.88659e-08)
(-6.03849e-11 -4.85963e-11 1.73315e-08)
(6.61403e-10 -1.94705e-10 2.14956e-08)
(-3.8418e-10 -5.47297e-11 1.98635e-08)
(3.2044e-10 -1.97189e-10 2.4272e-08)
(-7.6626e-10 -6.03789e-11 2.25434e-08)
(-8.26205e-11 -1.99193e-10 2.7191e-08)
(-1.20804e-09 -6.55549e-11 2.53672e-08)
(-5.48886e-10 -2.00738e-10 3.02483e-08)
(-1.71073e-09 -7.02768e-11 2.83306e-08)
(-1.07925e-09 -2.01847e-10 3.34396e-08)
(-2.27531e-09 -7.45655e-11 3.14296e-08)
(-1.67439e-09 -2.02542e-10 3.67609e-08)
(-2.90256e-09 -7.84415e-11 3.46601e-08)
(-2.33479e-09 -2.02841e-10 4.0208e-08)
(-3.59307e-09 -8.19231e-11 3.80181e-08)
(-3.06074e-09 -2.02761e-10 4.37769e-08)
(-4.34723e-09 -8.50265e-11 4.14996e-08)
(-3.85236e-09 -2.02318e-10 4.74635e-08)
(-5.16526e-09 -8.77658e-11 4.51007e-08)
(-4.70959e-09 -2.01527e-10 5.1264e-08)
(-6.04718e-09 -9.01535e-11 4.88175e-08)
(-5.6322e-09 -2.00401e-10 5.51745e-08)
(-6.99288e-09 -9.22013e-11 5.26461e-08)
(-6.61982e-09 -1.98953e-10 5.91911e-08)
(-8.00206e-09 -9.39198e-11 5.65829e-08)
(-7.67193e-09 -1.97196e-10 6.33101e-08)
(-9.07429e-09 -9.53196e-11 6.06239e-08)
(-8.78787e-09 -1.95142e-10 6.75277e-08)
(-1.0209e-08 -9.64107e-11 6.47657e-08)
(-9.96687e-09 -1.92804e-10 7.18403e-08)
(-1.14055e-08 -9.72036e-11 6.90045e-08)
(-1.1208e-08 -1.90195e-10 7.62443e-08)
(-1.2663e-08 -9.77084e-11 7.33368e-08)
(-1.25103e-08 -1.87327e-10 8.07363e-08)
(-1.39805e-08 -9.79358e-11 7.77591e-08)
(-1.38727e-08 -1.84214e-10 8.53127e-08)
(-1.53571e-08 -9.78963e-11 8.2268e-08)
(-1.52939e-08 -1.80868e-10 8.99702e-08)
(-1.67915e-08 -9.76008e-11 8.68601e-08)
(-1.67728e-08 -1.77303e-10 9.47055e-08)
(-1.82826e-08 -9.70603e-11 9.15322e-08)
(-1.83078e-08 -1.73532e-10 9.95154e-08)
(-1.98291e-08 -9.6286e-11 9.6281e-08)
(-1.98977e-08 -1.69568e-10 1.04397e-07)
(-2.14296e-08 -9.5289e-11 1.01103e-07)
(-2.15409e-08 -1.65425e-10 1.09346e-07)
(-2.30827e-08 -9.40809e-11 1.05996e-07)
(-2.32359e-08 -1.61116e-10 1.14361e-07)
(-2.47869e-08 -9.2673e-11 1.10956e-07)
(-2.49811e-08 -1.56655e-10 1.19438e-07)
(-2.65407e-08 -9.10769e-11 1.1598e-07)
(-2.67749e-08 -1.52055e-10 1.24574e-07)
(-2.83425e-08 -8.93043e-11 1.21066e-07)
(-2.86156e-08 -1.4733e-10 1.29767e-07)
(-3.01907e-08 -8.73667e-11 1.26211e-07)
(-3.05016e-08 -1.42493e-10 1.35013e-07)
(-3.20837e-08 -8.52758e-11 1.31411e-07)
(-3.24311e-08 -1.37558e-10 1.40311e-07)
(-3.40197e-08 -8.30432e-11 1.36664e-07)
(-3.44025e-08 -1.32537e-10 1.45657e-07)
(-3.59971e-08 -8.06806e-11 1.41968e-07)
(-3.64139e-08 -1.27445e-10 1.51048e-07)
(-3.80141e-08 -7.81996e-11 1.4732e-07)
(-3.84636e-08 -1.22294e-10 1.56483e-07)
(-4.00692e-08 -7.56118e-11 1.52717e-07)
(-4.05499e-08 -1.17099e-10 1.61959e-07)
(-4.21604e-08 -7.29287e-11 1.58156e-07)
(-4.2671e-08 -1.11871e-10 1.67473e-07)
(-4.42862e-08 -7.01619e-11 1.63636e-07)
(-4.48252e-08 -1.06624e-10 1.73023e-07)
(-4.64447e-08 -6.73227e-11 1.69154e-07)
(-4.70107e-08 -1.01372e-10 1.78607e-07)
(-4.86343e-08 -6.44225e-11 1.74708e-07)
(-4.92259e-08 -9.61258e-11 1.84223e-07)
(-5.08533e-08 -6.14725e-11 1.80295e-07)
(-5.14689e-08 -9.08997e-11 1.89868e-07)
(-5.31e-08 -5.84838e-11 1.85914e-07)
(-5.37383e-08 -8.57059e-11 1.95541e-07)
(-5.53728e-08 -5.54677e-11 1.91561e-07)
(-5.60322e-08 -8.05569e-11 2.01239e-07)
(-5.76699e-08 -5.24348e-11 1.97236e-07)
(-5.83491e-08 -7.5465e-11 2.0696e-07)
(-5.99899e-08 -4.93962e-11 2.02936e-07)
(-6.06874e-08 -7.04424e-11 2.12703e-07)
(-6.2331e-08 -4.63624e-11 2.08659e-07)
(-6.30455e-08 -6.55013e-11 2.18466e-07)
(-6.46918e-08 -4.33439e-11 2.14404e-07)
(-6.54219e-08 -6.06535e-11 2.24247e-07)
(-6.70708e-08 -4.03512e-11 2.20168e-07)
(-6.78151e-08 -5.59107e-11 2.30043e-07)
(-6.94664e-08 -3.73944e-11 2.25949e-07)
(-7.02237e-08 -5.12845e-11 2.35855e-07)
(-7.18773e-08 -3.44835e-11 2.31747e-07)
(-7.26463e-08 -4.67862e-11 2.4168e-07)
(-7.43021e-08 -3.16284e-11 2.37559e-07)
(-7.50815e-08 -4.2427e-11 2.47516e-07)
(-7.67394e-08 -2.88386e-11 2.43384e-07)
(-7.75281e-08 -3.82179e-11 2.53362e-07)
(-7.91879e-08 -2.61237e-11 2.4922e-07)
(-7.99847e-08 -3.41697e-11 2.59217e-07)
(-8.16464e-08 -2.34929e-11 2.55067e-07)
(-8.24503e-08 -3.02928e-11 2.6508e-07)
(-8.41137e-08 -2.09551e-11 2.60922e-07)
(-8.49235e-08 -2.65979e-11 2.70948e-07)
(-8.65887e-08 -1.85192e-11 2.66784e-07)
(-8.74035e-08 -2.30952e-11 2.76822e-07)
(-8.90702e-08 -1.61938e-11 2.72652e-07)
(-8.98891e-08 -1.97951e-11 2.827e-07)
(-9.15574e-08 -1.39876e-11 2.78525e-07)
(-9.23793e-08 -1.67077e-11 2.88581e-07)
(-9.40491e-08 -1.19088e-11 2.84402e-07)
(-9.48732e-08 -1.38436e-11 2.94463e-07)
(-9.65445e-08 -9.9659e-12 2.90282e-07)
(-9.73701e-08 -1.1213e-11 3.00347e-07)
(-9.90427e-08 -8.16731e-12 2.96164e-07)
(-9.98691e-08 -8.82621e-12 3.06231e-07)
(-1.01543e-07 -6.52142e-12 3.02047e-07)
(-1.02369e-07 -6.69227e-12 3.12115e-07)
(-1.04045e-07 -5.03635e-12 3.0793e-07)
(-1.04871e-07 -4.81713e-12 3.17998e-07)
(-1.06547e-07 -3.71912e-12 3.13812e-07)
(-1.07372e-07 -3.19908e-12 3.23879e-07)
(-1.09049e-07 -2.5735e-12 3.19694e-07)
(-1.09873e-07 -1.81797e-12 3.29759e-07)
(-1.11552e-07 -1.59592e-12 3.25574e-07)
(-1.12373e-07 -6.03919e-13 3.35636e-07)
(-1.14053e-07 -7.63033e-13 3.31452e-07)
(-1.14872e-07 5.75927e-13 3.4151e-07)
(-1.16553e-07 9.55051e-15 3.37327e-07)
(-1.17369e-07 1.6611e-12 3.47381e-07)
(-1.19051e-07 8.29245e-13 3.432e-07)
(-1.21548e-07 1.29556e-12 3.49069e-07)
(3.13876e-11 -2.48033e-11 -5.1331e-11)
(1.00039e-11 -2.16547e-12 -1.09115e-10)
(-3.79782e-11 -9.68641e-11 -1.30851e-10)
(8.14938e-11 -7.55665e-11 2.12701e-10)
(5.2495e-11 -4.7317e-11 7.51307e-11)
(-7.6158e-11 -1.93347e-10 -4.82868e-12)
(1.33838e-10 -1.17033e-10 7.07432e-10)
(1.03514e-10 -9.03986e-11 4.92966e-10)
(-1.11395e-10 -2.49197e-10 3.69792e-10)
(1.75495e-10 -1.41597e-10 1.4082e-09)
(1.47871e-10 -1.18619e-10 1.11031e-09)
(-1.51148e-10 -2.83468e-10 9.56881e-10)
(1.96318e-10 -1.53042e-10 2.30545e-09)
(1.74881e-10 -1.3384e-10 1.9213e-09)
(-2.06326e-10 -3.01348e-10 1.74543e-09)
(1.88945e-10 -1.5552e-10 3.39234e-09)
(1.7718e-10 -1.39622e-10 2.92048e-09)
(-2.85507e-10 -3.07139e-10 2.72677e-09)
(1.4779e-10 -1.52181e-10 4.66344e-09)
(1.4886e-10 -1.39e-10 4.10339e-09)
(-3.94969e-10 -3.04762e-10 3.89422e-09)
(6.84265e-11 -1.45309e-10 6.11392e-09)
(8.50747e-11 -1.34328e-10 5.46606e-09)
(-5.39542e-10 -2.97278e-10 5.24224e-09)
(-5.27765e-11 -1.36478e-10 7.73914e-09)
(-1.81857e-11 -1.27292e-10 7.00445e-09)
(-7.23051e-10 -2.86863e-10 6.7658e-09)
(-2.18898e-10 -1.26718e-10 9.5346e-09)
(-1.64325e-10 -1.19024e-10 8.71446e-09)
(-9.48653e-10 -2.74956e-10 8.46021e-09)
(-4.32622e-10 -1.16675e-10 1.14959e-08)
(-3.56298e-10 -1.10254e-10 1.05919e-08)
(-1.21906e-09 -2.62455e-10 1.0321e-08)
(-6.96337e-10 -1.06731e-10 1.36187e-08)
(-5.96716e-10 -1.01423e-10 1.26327e-08)
(-1.53669e-09 -2.49891e-10 1.23439e-08)
(-1.01218e-09 -9.70973e-11 1.58989e-08)
(-8.87902e-10 -9.27839e-11 1.48327e-08)
(-1.9037e-09 -2.37556e-10 1.45248e-08)
(-1.38206e-09 -8.78755e-11 1.83322e-08)
(-1.23193e-09 -8.44683e-11 1.71877e-08)
(-2.32206e-09 -2.25591e-10 1.68597e-08)
(-1.80769e-09 -7.91055e-11 2.09146e-08)
(-1.63066e-09 -7.6534e-11 1.96938e-08)
(-2.79354e-09 -2.14055e-10 1.93446e-08)
(-2.29055e-09 -7.07927e-11 2.36419e-08)
(-2.08569e-09 -6.89981e-11 2.23469e-08)
(-3.31971e-09 -2.0296e-10 2.19754e-08)
(-2.83194e-09 -6.29257e-11 2.65103e-08)
(-2.59846e-09 -6.18562e-11 2.51429e-08)
(-3.90195e-09 -1.92297e-10 2.47485e-08)
(-3.43293e-09 -5.54864e-11 2.95155e-08)
(-3.17015e-09 -5.50949e-11 2.80778e-08)
(-4.54143e-09 -1.82045e-10 2.76597e-08)
(-4.09441e-09 -4.8456e-11 3.26538e-08)
(-3.80175e-09 -4.86977e-11 3.11478e-08)
(-5.23914e-09 -1.72186e-10 3.07053e-08)
(-4.81706e-09 -4.18167e-11 3.59212e-08)
(-4.49407e-09 -4.26487e-11 3.43487e-08)
(-5.99587e-09 -1.62701e-10 3.38815e-08)
(-5.60138e-09 -3.55532e-11 3.93137e-08)
(-5.24769e-09 -3.69337e-11 3.76768e-08)
(-6.81221e-09 -1.53576e-10 3.71844e-08)
(-6.44766e-09 -2.96525e-11 4.28275e-08)
(-6.06302e-09 -3.15408e-11 4.11281e-08)
(-7.68856e-09 -1.44798e-10 4.06102e-08)
(-7.35606e-09 -2.41036e-11 4.64588e-08)
(-6.94029e-09 -2.64596e-11 4.46989e-08)
(-8.62517e-09 -1.36358e-10 4.41552e-08)
(-8.32653e-09 -1.88967e-11 5.02037e-08)
(-7.87956e-09 -2.16814e-11 4.83852e-08)
(-9.62209e-09 -1.28249e-10 4.78157e-08)
(-9.35889e-09 -1.40231e-11 5.40587e-08)
(-8.88072e-09 -1.71985e-11 5.21834e-08)
(-1.06792e-08 -1.20464e-10 5.1588e-08)
(-1.04528e-08 -9.47461e-12 5.80199e-08)
(-9.9435e-09 -1.30035e-11 5.60898e-08)
(-1.17963e-08 -1.12997e-10 5.54684e-08)
(-1.16077e-08 -5.24342e-12 6.20838e-08)
(-1.10675e-08 -9.08967e-12 6.01006e-08)
(-1.2973e-08 -1.05844e-10 5.94534e-08)
(-1.28231e-08 -1.32163e-12 6.62467e-08)
(-1.22522e-08 -5.45027e-12 6.42124e-08)
(-1.42087e-08 -9.89999e-11 6.35395e-08)
(-1.40982e-08 2.29867e-12 7.05052e-08)
(-1.34969e-08 -2.07847e-12 6.84215e-08)
(-1.55029e-08 -9.24586e-11 6.77231e-08)
(-1.54322e-08 5.62559e-12 7.48558e-08)
(-1.48008e-08 1.03265e-12 7.27244e-08)
(-1.68546e-08 -8.62151e-11 7.20008e-08)
(-1.68241e-08 8.66743e-12 7.92951e-08)
(-1.6163e-08 3.89022e-12 7.71177e-08)
(-1.82631e-08 -8.02639e-11 7.63693e-08)
(-1.82728e-08 1.14327e-11 8.38197e-08)
(-1.75826e-08 6.50154e-12 8.15981e-08)
(-1.97273e-08 -7.45989e-11 8.08252e-08)
(-1.97772e-08 1.39302e-11 8.84263e-08)
(-1.90584e-08 8.87413e-12 8.61623e-08)
(-2.12462e-08 -6.92142e-11 8.53652e-08)
(-2.13361e-08 1.61688e-11 9.31118e-08)
(-2.05892e-08 1.10157e-11 9.08068e-08)
(-2.28187e-08 -6.41032e-11 8.99861e-08)
(-2.29482e-08 1.81576e-11 9.78729e-08)
(-2.21738e-08 1.29341e-11 9.55287e-08)
(-2.44434e-08 -5.92592e-11 9.46848e-08)
(-2.46121e-08 1.9906e-11 1.02707e-07)
(-2.38109e-08 1.46374e-11 1.00325e-07)
(-2.61191e-08 -5.46755e-11 9.94582e-08)
(-2.63264e-08 2.14234e-11 1.0761e-07)
(-2.5499e-08 1.61338e-11 1.05192e-07)
(-2.78444e-08 -5.03449e-11 1.04303e-07)
(-2.80895e-08 2.27192e-11 1.12579e-07)
(-2.72368e-08 1.74314e-11 1.10127e-07)
(-2.96179e-08 -4.62602e-11 1.09217e-07)
(-2.99001e-08 2.38033e-11 1.17613e-07)
(-2.90227e-08 1.85388e-11 1.15127e-07)
(-3.14381e-08 -4.24139e-11 1.14196e-07)
(-3.17564e-08 2.46851e-11 1.22707e-07)
(-3.08551e-08 1.94643e-11 1.20189e-07)
(-3.33035e-08 -3.87987e-11 1.19238e-07)
(-3.3657e-08 2.53746e-11 1.27859e-07)
(-3.27326e-08 2.02164e-11 1.25311e-07)
(-3.52125e-08 -3.54068e-11 1.24341e-07)
(-3.56001e-08 2.58816e-11 1.33066e-07)
(-3.46534e-08 2.08036e-11 1.30489e-07)
(-3.71635e-08 -3.22307e-11 1.295e-07)
(-3.75841e-08 2.62157e-11 1.38325e-07)
(-3.66159e-08 2.12346e-11 1.35721e-07)
(-3.91549e-08 -2.92625e-11 1.34714e-07)
(-3.96074e-08 2.6387e-11 1.43635e-07)
(-3.86185e-08 2.15179e-11 1.41005e-07)
(-4.11851e-08 -2.64945e-11 1.3998e-07)
(-4.16682e-08 2.64052e-11 1.48991e-07)
(-4.06595e-08 2.16621e-11 1.46337e-07)
(-4.32525e-08 -2.39189e-11 1.45295e-07)
(-4.37649e-08 2.62801e-11 1.54393e-07)
(-4.27372e-08 2.16757e-11 1.51715e-07)
(-4.53553e-08 -2.15278e-11 1.50658e-07)
(-4.58957e-08 2.60216e-11 1.59837e-07)
(-4.48499e-08 2.15673e-11 1.57136e-07)
(-4.74919e-08 -1.93134e-11 1.56064e-07)
(-4.8059e-08 2.56393e-11 1.65321e-07)
(-4.6996e-08 2.13455e-11 1.62599e-07)
(-4.96606e-08 -1.7268e-11 1.61512e-07)
(-5.02531e-08 2.51429e-11 1.70842e-07)
(-4.91736e-08 2.10186e-11 1.68101e-07)
(-5.18599e-08 -1.53837e-11 1.67e-07)
(-5.24763e-08 2.4542e-11 1.76399e-07)
(-5.13813e-08 2.05951e-11 1.73639e-07)
(-5.40879e-08 -1.36528e-11 1.72525e-07)
(-5.4727e-08 2.38462e-11 1.81989e-07)
(-5.36172e-08 2.00833e-11 1.79211e-07)
(-5.63431e-08 -1.20676e-11 1.78085e-07)
(-5.70035e-08 2.30649e-11 1.8761e-07)
(-5.58798e-08 1.94915e-11 1.84816e-07)
(-5.86239e-08 -1.06206e-11 1.83678e-07)
(-5.93041e-08 2.22074e-11 1.93259e-07)
(-5.81674e-08 1.88279e-11 1.9045e-07)
(-6.09286e-08 -9.30427e-12 1.89302e-07)
(-6.16274e-08 2.1283e-11 1.98936e-07)
(-6.04784e-08 1.81006e-11 1.96112e-07)
(-6.32557e-08 -8.11112e-12 1.94954e-07)
(-6.39716e-08 2.03006e-11 2.04638e-07)
(-6.28113e-08 1.73175e-11 2.018e-07)
(-6.56036e-08 -7.03386e-12 2.00633e-07)
(-6.63354e-08 1.92694e-11 2.10362e-07)
(-6.51644e-08 1.64866e-11 2.07513e-07)
(-6.79708e-08 -6.0653e-12 2.06336e-07)
(-6.87171e-08 1.8198e-11 2.16107e-07)
(-6.75363e-08 1.56155e-11 2.13247e-07)
(-7.03558e-08 -5.1984e-12 2.12062e-07)
(-7.11154e-08 1.70951e-11 2.21872e-07)
(-6.99255e-08 1.47119e-11 2.19001e-07)
(-7.27572e-08 -4.42623e-12 2.17809e-07)
(-7.35288e-08 1.59692e-11 2.27654e-07)
(-7.23305e-08 1.37832e-11 2.24774e-07)
(-7.51736e-08 -3.74205e-12 2.23575e-07)
(-7.59559e-08 1.48286e-11 2.33453e-07)
(-7.475e-08 1.28367e-11 2.30563e-07)
(-7.76035e-08 -3.13926e-12 2.29358e-07)
(-7.83955e-08 1.36813e-11 2.39265e-07)
(-7.71825e-08 1.18797e-11 2.36368e-07)
(-8.00457e-08 -2.61147e-12 2.35157e-07)
(-8.08461e-08 1.25353e-11 2.4509e-07)
(-7.96269e-08 1.0919e-11 2.42186e-07)
(-8.24989e-08 -2.15249e-12 2.40969e-07)
(-8.33066e-08 1.13983e-11 2.50926e-07)
(-8.20818e-08 9.96148e-12 2.48016e-07)
(-8.49619e-08 -1.75632e-12 2.46795e-07)
(-8.57759e-08 1.02776e-11 2.56772e-07)
(-8.45461e-08 9.01369e-12 2.53856e-07)
(-8.74334e-08 -1.4172e-12 2.52631e-07)
(-8.82527e-08 9.18054e-12 2.62627e-07)
(-8.70185e-08 8.08205e-12 2.59706e-07)
(-8.99124e-08 -1.1296e-12 2.58477e-07)
(-9.0736e-08 8.11411e-12 2.68489e-07)
(-8.94979e-08 7.17278e-12 2.65564e-07)
(-9.23978e-08 -8.88262e-13 2.64332e-07)
(-9.32247e-08 7.08513e-12 2.74356e-07)
(-9.19834e-08 6.2919e-12 2.71428e-07)
(-9.48886e-08 -6.88142e-13 2.70193e-07)
(-9.5718e-08 6.10024e-12 2.80229e-07)
(-9.4474e-08 5.4453e-12 2.77297e-07)
(-9.73838e-08 -5.24467e-13 2.7606e-07)
(-9.82149e-08 5.16595e-12 2.86105e-07)
(-9.69686e-08 4.63869e-12 2.83171e-07)
(-9.98826e-08 -3.92687e-13 2.81932e-07)
(-1.00715e-07 4.28869e-12 2.91984e-07)
(-9.94665e-08 3.87774e-12 2.89048e-07)
(-1.02384e-07 -2.88445e-13 2.87807e-07)
(-1.03216e-07 3.47487e-12 2.97864e-07)
(-1.01967e-07 3.16806e-12 2.94927e-07)
(-1.04887e-07 -2.07505e-13 2.93685e-07)
(-1.05719e-07 2.73083e-12 3.03746e-07)
(-1.04469e-07 2.51519e-12 3.00808e-07)
(-1.07392e-07 -1.45649e-13 2.99564e-07)
(-1.08223e-07 2.06259e-12 3.09627e-07)
(-1.06972e-07 1.92457e-12 3.06689e-07)
(-1.09897e-07 -9.85249e-14 3.05445e-07)
(-1.10727e-07 1.475e-12 3.15509e-07)
(-1.09475e-07 1.40103e-12 3.1257e-07)
(-1.12402e-07 -6.1543e-14 3.11325e-07)
(-1.1323e-07 9.69955e-13 3.21389e-07)
(-1.11979e-07 9.47586e-13 3.18451e-07)
(-1.14907e-07 -2.98732e-14 3.17205e-07)
(-1.15732e-07 5.40687e-13 3.27267e-07)
(-1.14481e-07 5.63416e-13 3.2433e-07)
(-1.17411e-07 2.01225e-15 3.23084e-07)
(-1.18234e-07 1.49354e-13 3.33143e-07)
(-1.16983e-07 2.37763e-13 3.30207e-07)
(-1.19914e-07 3.68589e-14 3.28961e-07)
(-1.20733e-07 -2.63004e-13 3.39017e-07)
(-1.19483e-07 -7.41116e-14 3.36082e-07)
(-1.22414e-07 4.95487e-14 3.34835e-07)
(-1.23231e-07 -4.63734e-13 3.44888e-07)
(-1.21982e-07 -4.13894e-13 3.41954e-07)
(-1.24913e-07 4.94286e-14 3.40708e-07)
(-1.24478e-07 -4.41907e-13 3.47823e-07)
(-1.2741e-07 6.00998e-13 3.46577e-07)
(3.11826e-11 -2.2021e-11 1.82574e-11)
(1.10328e-11 -4.04635e-12 -9.8001e-11)
(-1.44114e-11 -5.41076e-11 -9.82659e-11)
(7.84663e-11 -5.85925e-11 3.56146e-10)
(5.11046e-11 -3.31208e-11 1.51556e-10)
(-5.68161e-11 -1.28937e-10 1.17918e-10)
(1.22238e-10 -8.85279e-11 8.96742e-10)
(9.68144e-11 -6.12756e-11 6.19849e-10)
(-1.05572e-10 -1.77721e-10 5.48135e-10)
(1.52775e-10 -1.07524e-10 1.62455e-09)
(1.33353e-10 -8.07996e-11 1.2695e-09)
(-1.60449e-10 -2.07378e-10 1.16695e-09)
(1.62294e-10 -1.17231e-10 2.53769e-09)
(1.51484e-10 -9.2046e-11 2.10065e-09)
(-2.30292e-10 -2.23047e-10 1.974e-09)
(1.44578e-10 -1.20085e-10 3.63311e-09)
(1.4512e-10 -9.68459e-11 3.11183e-09)
(-3.22601e-10 -2.28783e-10 2.96533e-09)
(9.44511e-11 -1.18307e-10 4.90777e-09)
(1.08957e-10 -9.70803e-11 4.30114e-09)
(-4.43211e-10 -2.27866e-10 4.13713e-09)
(7.50828e-12 -1.1364e-10 6.35853e-09)
(3.83488e-11 -9.43433e-11 5.66642e-09)
(-5.96988e-10 -2.2278e-10 5.48582e-09)
(-1.20023e-10 -1.07326e-10 7.98187e-09)
(-7.07172e-11 -8.98248e-11 7.2049e-09)
(-7.88002e-10 -2.15284e-10 7.00771e-09)
(-2.91414e-10 -1.00192e-10 9.77405e-09)
(-2.21742e-10 -8.43456e-11 8.91329e-09)
(-1.01971e-09 -2.06544e-10 8.69894e-09)
(-5.09538e-10 -9.27657e-11 1.17312e-08)
(-4.17814e-10 -7.84409e-11 1.0788e-08)
(-1.29512e-09 -1.97288e-10 1.05556e-08)
(-7.76941e-10 -8.53602e-11 1.38492e-08)
(-6.6167e-10 -7.24414e-11 1.28254e-08)
(-1.61686e-09 -1.87948e-10 1.25738e-08)
(-1.09588e-09 -7.81513e-11 1.61243e-08)
(-9.55745e-10 -6.65386e-11 1.50214e-08)
(-1.98729e-09 -1.78758e-10 1.47497e-08)
(-1.46837e-09 -7.12275e-11 1.85523e-08)
(-1.30221e-09 -6.08345e-11 1.73723e-08)
(-2.40851e-09 -1.69836e-10 1.70793e-08)
(-1.89618e-09 -6.46255e-11 2.11292e-08)
(-1.70296e-09 -5.5377e-11 1.9874e-08)
(-2.88237e-09 -1.6123e-10 1.95587e-08)
(-2.38084e-09 -5.8354e-11 2.3851e-08)
(-2.15969e-09 -5.01827e-11 2.25226e-08)
(-3.41051e-09 -1.5295e-10 2.21841e-08)
(-2.92368e-09 -5.24072e-11 2.67138e-08)
(-2.67384e-09 -4.52517e-11 2.5314e-08)
(-3.99436e-09 -1.4499e-10 2.49515e-08)
(-3.52581e-09 -4.67735e-11 2.97135e-08)
(-3.24663e-09 -4.05766e-11 2.82443e-08)
(-4.63512e-09 -1.37336e-10 2.78572e-08)
(-4.18813e-09 -4.14402e-11 3.28462e-08)
(-3.87907e-09 -3.61475e-11 3.13097e-08)
(-5.3338e-09 -1.29973e-10 3.08973e-08)
(-4.91133e-09 -3.63947e-11 3.61081e-08)
(-4.57199e-09 -3.19543e-11 3.45061e-08)
(-6.09121e-09 -1.22888e-10 3.4068e-08)
(-5.69593e-09 -3.16266e-11 3.94951e-08)
(-5.32597e-09 -2.79878e-11 3.78296e-08)
(-6.90794e-09 -1.16069e-10 3.73654e-08)
(-6.54225e-09 -2.71265e-11 4.30034e-08)
(-6.14145e-09 -2.42403e-11 4.12764e-08)
(-7.78444e-09 -1.09508e-10 4.07858e-08)
(-7.45044e-09 -2.28866e-11 4.66293e-08)
(-7.01867e-09 -2.0705e-11 4.48426e-08)
(-8.72093e-09 -1.03198e-10 4.43254e-08)
(-8.42047e-09 -1.89001e-11 5.03689e-08)
(-7.95768e-09 -1.73762e-11 4.85245e-08)
(-9.71751e-09 -9.7133e-11 4.79805e-08)
(-9.45217e-09 -1.51607e-11 5.42186e-08)
(-8.9584e-09 -1.42488e-11 5.23183e-08)
(-1.07741e-08 -9.13091e-11 5.17475e-08)
(-1.05452e-08 -1.16626e-11 5.81746e-08)
(-1.00206e-08 -1.1318e-11 5.62204e-08)
(-1.18904e-08 -8.5722e-11 5.56228e-08)
(-1.16991e-08 -8.40021e-12 6.22334e-08)
(-1.11438e-08 -8.57923e-12 6.02269e-08)
(-1.30661e-08 -8.03681e-11 5.96026e-08)
(-1.29133e-08 -5.36777e-12 6.63913e-08)
(-1.23275e-08 -6.02806e-12 6.43344e-08)
(-1.43007e-08 -7.52435e-11 6.36836e-08)
(-1.4187e-08 -2.55954e-12 7.06448e-08)
(-1.35712e-08 -3.65991e-12 6.85394e-08)
(-1.55935e-08 -7.03444e-11 6.78622e-08)
(-1.55194e-08 3.03778e-14 7.49905e-08)
(-1.48739e-08 -1.47014e-12 7.28382e-08)
(-1.69438e-08 -6.56671e-11 7.21351e-08)
(-1.69096e-08 2.40805e-12 7.94249e-08)
(-1.62348e-08 5.46067e-13 7.72275e-08)
(-1.83506e-08 -6.12072e-11 7.64987e-08)
(-1.83565e-08 4.57974e-12 8.39448e-08)
(-1.76529e-08 2.39363e-12 8.1704e-08)
(-1.98131e-08 -5.69603e-11 8.09499e-08)
(-1.9859e-08 6.55186e-12 8.85468e-08)
(-1.91271e-08 4.07765e-12 8.62642e-08)
(-2.13301e-08 -5.29221e-11 8.54852e-08)
(-2.14159e-08 8.33098e-12 9.32277e-08)
(-2.06563e-08 5.60334e-12 9.0905e-08)
(-2.29006e-08 -4.90875e-11 9.01016e-08)
(-2.30258e-08 9.92384e-12 9.79843e-08)
(-2.22392e-08 6.97604e-12 9.56231e-08)
(-2.45232e-08 -4.54517e-11 9.47958e-08)
(-2.46875e-08 1.13373e-11 1.02814e-07)
(-2.38745e-08 8.2012e-12 1.00415e-07)
(-2.61967e-08 -4.20096e-11 9.95648e-08)
(-2.63995e-08 1.25782e-11 1.07712e-07)
(-2.55608e-08 9.28438e-12 1.05279e-07)
(-2.79198e-08 -3.87559e-11 1.04406e-07)
(-2.81603e-08 1.36537e-11 1.12678e-07)
(-2.72967e-08 1.02312e-11 1.1021e-07)
(-2.96909e-08 -3.56851e-11 1.09315e-07)
(-2.99685e-08 1.45708e-11 1.17707e-07)
(-2.90806e-08 1.10473e-11 1.15207e-07)
(-3.15087e-08 -3.27918e-11 1.1429e-07)
(-3.18224e-08 1.53368e-11 1.22797e-07)
(-3.0911e-08 1.17385e-11 1.20266e-07)
(-3.33717e-08 -3.00704e-11 1.19328e-07)
(-3.37204e-08 1.59587e-11 1.27945e-07)
(-3.27864e-08 1.23106e-11 1.25384e-07)
(-3.52782e-08 -2.75153e-11 1.24427e-07)
(-3.5661e-08 1.64439e-11 1.33148e-07)
(-3.47051e-08 1.27693e-11 1.30559e-07)
(-3.72267e-08 -2.51207e-11 1.29582e-07)
(-3.76425e-08 1.67996e-11 1.38404e-07)
(-3.66656e-08 1.31204e-11 1.35788e-07)
(-3.92156e-08 -2.28808e-11 1.34792e-07)
(-3.96632e-08 1.70331e-11 1.4371e-07)
(-3.8666e-08 1.33699e-11 1.41068e-07)
(-4.12433e-08 -2.07899e-11 1.40055e-07)
(-4.17215e-08 1.71515e-11 1.49063e-07)
(-4.07049e-08 1.35236e-11 1.46397e-07)
(-4.3308e-08 -1.88422e-11 1.45366e-07)
(-4.38156e-08 1.71621e-11 1.54461e-07)
(-4.27805e-08 1.35872e-11 1.51772e-07)
(-4.54083e-08 -1.70319e-11 1.50725e-07)
(-4.59439e-08 1.70722e-11 1.59901e-07)
(-4.48911e-08 1.35666e-11 1.57191e-07)
(-4.75423e-08 -1.5353e-11 1.56128e-07)
(-4.81047e-08 1.68889e-11 1.65382e-07)
(-4.70351e-08 1.34676e-11 1.62651e-07)
(-4.97085e-08 -1.37999e-11 1.61573e-07)
(-5.02963e-08 1.66194e-11 1.709e-07)
(-4.92107e-08 1.3296e-11 1.6815e-07)
(-5.19052e-08 -1.23668e-11 1.67057e-07)
(-5.2517e-08 1.62706e-11 1.76453e-07)
(-5.14163e-08 1.30574e-11 1.73685e-07)
(-5.41307e-08 -1.10479e-11 1.72579e-07)
(-5.47652e-08 1.58497e-11 1.8204e-07)
(-5.36502e-08 1.27576e-11 1.79255e-07)
(-5.63835e-08 -9.83749e-12 1.78136e-07)
(-5.70393e-08 1.53637e-11 1.87658e-07)
(-5.59107e-08 1.24022e-11 1.84857e-07)
(-5.86618e-08 -8.72997e-12 1.83726e-07)
(-5.93376e-08 1.48193e-11 1.93305e-07)
(-5.81964e-08 1.19968e-11 1.90489e-07)
(-6.09641e-08 -7.71975e-12 1.89347e-07)
(-6.16585e-08 1.42233e-11 1.98978e-07)
(-6.05054e-08 1.15468e-11 1.96149e-07)
(-6.32889e-08 -6.8013e-12 1.94996e-07)
(-6.40005e-08 1.35826e-11 2.04677e-07)
(-6.28364e-08 1.10577e-11 2.01834e-07)
(-6.56345e-08 -5.96921e-12 2.00672e-07)
(-6.63621e-08 1.29036e-11 2.10399e-07)
(-6.51876e-08 1.05349e-11 2.07544e-07)
(-6.79994e-08 -5.21812e-12 2.06372e-07)
(-6.87417e-08 1.21928e-11 2.16141e-07)
(-6.75577e-08 9.98355e-12 2.13276e-07)
(-7.03823e-08 -4.5428e-12 2.12096e-07)
(-7.11379e-08 1.14568e-11 2.21904e-07)
(-6.99452e-08 9.40895e-12 2.19028e-07)
(-7.27816e-08 -3.9381e-12 2.1784e-07)
(-7.35493e-08 1.07015e-11 2.27683e-07)
(-7.23485e-08 8.81615e-12 2.24799e-07)
(-7.51959e-08 -3.39901e-12 2.23603e-07)
(-7.59745e-08 9.93332e-12 2.33479e-07)
(-7.47664e-08 8.21012e-12 2.30586e-07)
(-7.76238e-08 -2.92063e-12 2.29384e-07)
(-7.84122e-08 9.15806e-12 2.39289e-07)
(-7.71974e-08 7.59572e-12 2.36389e-07)
(-8.00641e-08 -2.49821e-12 2.35181e-07)
(-8.08611e-08 8.38159e-12 2.45112e-07)
(-7.96402e-08 6.97771e-12 2.42205e-07)
(-8.25155e-08 -2.12714e-12 2.40991e-07)
(-8.33199e-08 7.60955e-12 2.50946e-07)
(-8.20937e-08 6.36072e-12 2.48033e-07)
(-8.49767e-08 -1.80295e-12 2.46815e-07)
(-8.57875e-08 6.84745e-12 2.56791e-07)
(-8.45566e-08 5.74923e-12 2.53872e-07)
(-8.74465e-08 -1.52138e-12 2.52649e-07)
(-8.82628e-08 6.10063e-12 2.62643e-07)
(-8.70277e-08 5.14762e-12 2.5972e-07)
(-8.9924e-08 -1.2783e-12 2.58493e-07)
(-9.07447e-08 5.37429e-12 2.68503e-07)
(-8.95059e-08 4.56013e-12 2.65576e-07)
(-9.24079e-08 -1.0698e-12 2.64346e-07)
(-9.32321e-08 4.67346e-12 2.74369e-07)
(-9.19903e-08 3.99088e-12 2.71439e-07)
(-9.48972e-08 -8.92123e-13 2.70205e-07)
(-9.57242e-08 4.00308e-12 2.8024e-07)
(-9.44797e-08 3.44388e-12 2.77307e-07)
(-9.73911e-08 -7.41725e-13 2.76071e-07)
(-9.822e-08 3.36798e-12 2.86114e-07)
(-9.69734e-08 2.92309e-12 2.8318e-07)
(-9.98887e-08 -6.15217e-13 2.81941e-07)
(-1.00719e-07 2.77296e-12 2.91992e-07)
(-9.94704e-08 2.43237e-12 2.89055e-07)
(-1.02389e-07 -5.09363e-13 2.87815e-07)
(-1.03219e-07 2.22274e-12 2.97871e-07)
(-1.0197e-07 1.97557e-12 2.94934e-07)
(-1.04891e-07 -4.21025e-13 2.93692e-07)
(-1.05722e-07 1.72192e-12 3.03751e-07)
(-1.04471e-07 1.55647e-12 3.00813e-07)
(-1.07395e-07 -3.4711e-13 2.9957e-07)
(-1.08224e-07 1.27471e-12 3.09632e-07)
(-1.06973e-07 1.17867e-12 3.06694e-07)
(-1.09899e-07 -2.84492e-13 3.05449e-07)
(-1.10727e-07 8.84055e-13 3.15512e-07)
(-1.09476e-07 8.45205e-13 3.12574e-07)
(-1.12404e-07 -2.30004e-13 3.11329e-07)
(-1.1323e-07 5.50327e-13 3.21392e-07)
(-1.11979e-07 5.57718e-13 3.18454e-07)
(-1.14908e-07 -1.80556e-13 3.17208e-07)
(-1.15732e-07 2.68571e-13 3.27269e-07)
(-1.14481e-07 3.15271e-13 3.24332e-07)
(-1.17411e-07 -1.32962e-13 3.23086e-07)
(-1.18233e-07 2.05399e-14 3.33145e-07)
(-1.16983e-07 1.10977e-13 3.30209e-07)
(-1.19913e-07 -8.46296e-14 3.28962e-07)
(-1.20732e-07 -2.16498e-13 3.39018e-07)
(-1.19483e-07 -7.65935e-14 3.36083e-07)
(-1.22414e-07 -4.17728e-14 3.34837e-07)
(-1.2323e-07 -3.81644e-13 3.44889e-07)
(-1.21981e-07 -2.51196e-13 3.41955e-07)
(-1.24913e-07 1.05983e-14 3.40708e-07)
(-1.24478e-07 -3.29991e-13 3.47824e-07)
(-1.27409e-07 2.33762e-13 3.46577e-07)
(2.83508e-11 -1.42594e-11 3.57678e-11)
(1.03183e-11 -2.88752e-12 -1.0022e-10)
(-1.03924e-11 -2.87885e-11 -9.83469e-11)
(7.23689e-11 -3.54297e-11 4.15841e-10)
(4.79557e-11 -1.69989e-11 1.78302e-10)
(-5.09104e-11 -7.37445e-11 1.61301e-10)
(1.11554e-10 -5.30977e-11 9.93442e-10)
(9.06668e-11 -3.06359e-11 6.77887e-10)
(-1.04607e-10 -1.04429e-10 6.34744e-10)
(1.36425e-10 -6.47492e-11 1.74665e-09)
(1.23469e-10 -4.04084e-11 1.3506e-09)
(-1.67274e-10 -1.23697e-10 1.28352e-09)
(1.39846e-10 -7.10212e-11 2.67604e-09)
(1.37242e-10 -4.62541e-11 2.19718e-09)
(-2.45406e-10 -1.34266e-10 2.10961e-09)
(1.16142e-10 -7.31632e-11 3.78132e-09)
(1.26366e-10 -4.89076e-11 3.21823e-09)
(-3.45585e-10 -1.38503e-10 3.11254e-09)
(6.04912e-11 -7.24233e-11 5.06144e-09)
(8.58919e-11 -4.92331e-11 4.41343e-09)
(-4.73255e-10 -1.38442e-10 4.29084e-09)
(-3.13472e-11 -6.98368e-11 6.51462e-09)
(1.1365e-11 -4.80087e-11 5.78182e-09)
(-6.33136e-10 -1.35661e-10 5.64258e-09)
(-1.63112e-10 -6.61675e-11 8.13834e-09)
(-1.01147e-10 -4.58358e-11 7.32148e-09)
(-8.2931e-10 -1.31287e-10 7.16518e-09)
(-3.38113e-10 -6.19379e-11 9.92949e-09)
(-2.55142e-10 -4.31385e-11 9.02973e-09)
(-1.06532e-09 -1.26073e-10 8.85556e-09)
(-5.59294e-10 -5.74856e-11 1.18846e-08)
(-4.53742e-10 -4.0198e-11 1.09034e-08)
(-1.3443e-09 -1.20494e-10 1.07104e-08)
(-8.29277e-10 -5.30162e-11 1.40001e-08)
(-6.99738e-10 -3.71903e-11 1.29391e-08)
(-1.669e-09 -1.14832e-10 1.2726e-08)
(-1.15039e-09 -4.86467e-11 1.62722e-08)
(-9.95618e-10 -3.42187e-11 1.51332e-08)
(-2.04189e-09 -1.09246e-10 1.48989e-08)
(-1.52471e-09 -4.44378e-11 1.86969e-08)
(-1.3436e-09 -3.13393e-11 1.74817e-08)
(-2.46515e-09 -1.03814e-10 1.72252e-08)
(-1.95404e-09 -4.04165e-11 2.12704e-08)
(-1.74562e-09 -2.85794e-11 1.99809e-08)
(-2.9407e-09 -9.85686e-11 1.97012e-08)
(-2.43996e-09 -3.65908e-11 2.39887e-08)
(-2.2034e-09 -2.59491e-11 2.26269e-08)
(-3.47024e-09 -9.35202e-11 2.2323e-08)
(-2.98382e-09 -3.29591e-11 2.68479e-08)
(-2.71841e-09 -2.34497e-11 2.54157e-08)
(-4.05522e-09 -8.86653e-11 2.50868e-08)
(-3.58675e-09 -2.95153e-11 2.9844e-08)
(-3.29189e-09 -2.10782e-11 2.83434e-08)
(-4.69687e-09 -8.39961e-11 2.79889e-08)
(-4.24966e-09 -2.62524e-11 3.29732e-08)
(-3.92487e-09 -1.883e-11 3.1406e-08)
(-5.39624e-09 -7.95037e-11 3.10253e-08)
(-4.97327e-09 -2.31633e-11 3.62314e-08)
(-4.61816e-09 -1.67002e-11 3.45997e-08)
(-6.15412e-09 -7.51802e-11 3.41923e-08)
(-5.75809e-09 -2.02417e-11 3.96148e-08)
(-5.37239e-09 -1.46845e-11 3.79205e-08)
(-6.97116e-09 -7.10187e-11 3.74861e-08)
(-6.60447e-09 -1.74824e-11 4.31196e-08)
(-6.18798e-09 -1.27789e-11 4.13647e-08)
(-7.84777e-09 -6.70141e-11 4.09028e-08)
(-7.51255e-09 -1.48807e-11 4.67419e-08)
(-7.06518e-09 -1.09802e-11 4.49282e-08)
(-8.78422e-09 -6.31621e-11 4.44389e-08)
(-8.48232e-09 -1.24326e-11 5.0478e-08)
(-8.00406e-09 -9.28564e-12 4.86075e-08)
(-9.7806e-09 -5.94595e-11 4.80905e-08)
(-9.51362e-09 -1.01344e-11 5.43243e-08)
(-9.00453e-09 -7.69258e-12 5.23987e-08)
(-1.08368e-08 -5.59036e-11 5.18539e-08)
(-1.06061e-08 -7.98277e-12 5.82769e-08)
(-1.00664e-08 -6.19871e-12 5.62982e-08)
(-1.19527e-08 -5.24919e-11 5.57257e-08)
(-1.17594e-08 -5.97423e-12 6.23322e-08)
(-1.11891e-08 -4.80179e-12 6.03022e-08)
(-1.31278e-08 -4.92222e-11 5.97022e-08)
(-1.29728e-08 -4.10544e-12 6.64868e-08)
(-1.23724e-08 -3.49959e-12 6.44072e-08)
(-1.43616e-08 -4.60924e-11 6.37798e-08)
(-1.42456e-08 -2.37298e-12 7.0737e-08)
(-1.36154e-08 -2.28985e-12 6.86097e-08)
(-1.56535e-08 -4.31e-11 6.79551e-08)
(-1.5577e-08 -7.733e-13 7.50795e-08)
(-1.49174e-08 -1.17023e-12 7.29061e-08)
(-1.70028e-08 -4.02429e-11 7.22246e-08)
(-1.69661e-08 6.97241e-13 7.95108e-08)
(-1.62775e-08 -1.3835e-13 7.7293e-08)
(-1.84086e-08 -3.75184e-11 7.65851e-08)
(-1.84119e-08 2.0424e-12 8.40275e-08)
(-1.76948e-08 8.08267e-13 8.17671e-08)
(-1.98699e-08 -3.49239e-11 8.10331e-08)
(-1.99131e-08 3.26606e-12 8.86265e-08)
(-1.91681e-08 1.67217e-12 8.6325e-08)
(-2.13857e-08 -3.24566e-11 8.55653e-08)
(-2.14686e-08 4.37217e-12 9.33044e-08)
(-2.06963e-08 2.45599e-12 9.09635e-08)
(-2.29549e-08 -3.01136e-11 9.01787e-08)
(-2.30772e-08 5.36481e-12 9.80581e-08)
(-2.22782e-08 3.1624e-12 9.56794e-08)
(-2.45761e-08 -2.78919e-11 9.48699e-08)
(-2.47374e-08 6.2481e-12 1.02884e-07)
(-2.39125e-08 3.79414e-12 1.00469e-07)
(-2.62482e-08 -2.57883e-11 9.9636e-08)
(-2.64479e-08 7.02625e-12 1.0778e-07)
(-2.55977e-08 4.35402e-12 1.05331e-07)
(-2.79698e-08 -2.37997e-11 1.04474e-07)
(-2.82072e-08 7.70352e-12 1.12743e-07)
(-2.73324e-08 4.84485e-12 1.1026e-07)
(-2.97394e-08 -2.19228e-11 1.0938e-07)
(-3.00138e-08 8.28421e-12 1.1777e-07)
(-2.91151e-08 5.2695e-12 1.15255e-07)
(-3.15557e-08 -2.01541e-11 1.14353e-07)
(-3.18661e-08 8.77266e-12 1.22857e-07)
(-3.09444e-08 5.63087e-12 1.20312e-07)
(-3.3417e-08 -1.84903e-11 1.19388e-07)
(-3.37625e-08 9.17323e-12 1.28002e-07)
(-3.28185e-08 5.93187e-12 1.25428e-07)
(-3.53219e-08 -1.6928e-11 1.24484e-07)
(-3.57015e-08 9.49031e-12 1.33203e-07)
(-3.4736e-08 6.17543e-12 1.30601e-07)
(-3.72687e-08 -1.54637e-11 1.29637e-07)
(-3.76813e-08 9.72829e-12 1.38456e-07)
(-3.66952e-08 6.36447e-12 1.35828e-07)
(-3.92559e-08 -1.40937e-11 1.34845e-07)
(-3.97003e-08 9.89157e-12 1.43759e-07)
(-3.86945e-08 6.50195e-12 1.41107e-07)
(-4.12819e-08 -1.28147e-11 1.40104e-07)
(-4.17569e-08 9.98454e-12 1.4911e-07)
(-4.07321e-08 6.59081e-12 1.46434e-07)
(-4.3345e-08 -1.1623e-11 1.45414e-07)
(-4.38493e-08 1.00116e-11 1.54506e-07)
(-4.28064e-08 6.63399e-12 1.51807e-07)
(-4.54436e-08 -1.05152e-11 1.5077e-07)
(-4.5976e-08 9.97711e-12 1.59944e-07)
(-4.49158e-08 6.63443e-12 1.57224e-07)
(-4.75759e-08 -9.48754e-12 1.56171e-07)
(-4.81351e-08 9.88544e-12 1.65422e-07)
(-4.70585e-08 6.59504e-12 1.62682e-07)
(-4.97404e-08 -8.53665e-12 1.61613e-07)
(-5.0325e-08 9.74091e-12 1.70938e-07)
(-4.92329e-08 6.51872e-12 1.68179e-07)
(-5.19354e-08 -7.65895e-12 1.67096e-07)
(-5.25441e-08 9.54782e-12 1.76489e-07)
(-5.14372e-08 6.40838e-12 1.73713e-07)
(-5.41593e-08 -6.85094e-12 1.72615e-07)
(-5.47908e-08 9.31044e-12 1.82074e-07)
(-5.36699e-08 6.26688e-12 1.79281e-07)
(-5.64104e-08 -6.10914e-12 1.7817e-07)
(-5.70632e-08 9.03298e-12 1.8769e-07)
(-5.59293e-08 6.09705e-12 1.84881e-07)
(-5.86871e-08 -5.4301e-12 1.83758e-07)
(-5.936e-08 8.71962e-12 1.93335e-07)
(-5.82137e-08 5.90171e-12 1.90512e-07)
(-6.09878e-08 -4.81042e-12 1.89377e-07)
(-6.16794e-08 8.37449e-12 1.99006e-07)
(-6.05216e-08 5.68363e-12 1.9617e-07)
(-6.3311e-08 -4.24673e-12 1.95024e-07)
(-6.40199e-08 8.00166e-12 2.04703e-07)
(-6.28515e-08 5.44556e-12 2.01855e-07)
(-6.56551e-08 -3.73573e-12 2.00698e-07)
(-6.638e-08 7.60514e-12 2.10423e-07)
(-6.52016e-08 5.19021e-12 2.07563e-07)
(-6.80186e-08 -3.27413e-12 2.06397e-07)
(-6.87582e-08 7.18887e-12 2.16164e-07)
(-6.75707e-08 4.92024e-12 2.13294e-07)
(-7.04e-08 -2.85875e-12 2.12118e-07)
(-7.11531e-08 6.75671e-12 2.21925e-07)
(-6.9957e-08 4.63826e-12 2.19044e-07)
(-7.27979e-08 -2.48645e-12 2.17861e-07)
(-7.35631e-08 6.31248e-12 2.27703e-07)
(-7.23594e-08 4.34683e-12 2.24814e-07)
(-7.52108e-08 -2.15417e-12 2.23623e-07)
(-7.5987e-08 5.85987e-12 2.33497e-07)
(-7.47763e-08 4.04848e-12 2.306e-07)
(-7.76375e-08 -1.85891e-12 2.29402e-07)
(-7.84235e-08 5.40251e-12 2.39306e-07)
(-7.72063e-08 3.74566e-12 2.36402e-07)
(-8.00765e-08 -1.59778e-12 2.35197e-07)
(-8.08712e-08 4.94395e-12 2.45127e-07)
(-7.96483e-08 3.44077e-12 2.42217e-07)
(-8.25266e-08 -1.36795e-12 2.41006e-07)
(-8.33289e-08 4.48762e-12 2.5096e-07)
(-8.21009e-08 3.13614e-12 2.48044e-07)
(-8.49867e-08 -1.16671e-12 2.46828e-07)
(-8.57955e-08 4.03687e-12 2.56803e-07)
(-8.4563e-08 2.83404e-12 2.53882e-07)
(-8.74554e-08 -9.91451e-13 2.52661e-07)
(-8.82698e-08 3.59496e-12 2.62654e-07)
(-8.70333e-08 2.53669e-12 2.59729e-07)
(-8.99318e-08 -8.39652e-13 2.58504e-07)
(-9.07507e-08 3.16503e-12 2.68513e-07)
(-8.95108e-08 2.24623e-12 2.65584e-07)
(-9.24147e-08 -7.08922e-13 2.64356e-07)
(-9.32373e-08 2.75018e-12 2.74377e-07)
(-9.19945e-08 1.96475e-12 2.71446e-07)
(-9.49031e-08 -5.96975e-13 2.70214e-07)
(-9.57285e-08 2.35342e-12 2.80247e-07)
(-9.44833e-08 1.69428e-12 2.77313e-07)
(-9.73962e-08 -5.0164e-13 2.76078e-07)
(-9.82235e-08 1.9777e-12 2.86121e-07)
(-9.69764e-08 1.43682e-12 2.83185e-07)
(-9.98929e-08 -4.20849e-13 2.81948e-07)
(-1.00721e-07 1.62595e-12 2.91997e-07)
(-9.94728e-08 1.19434e-12 2.8906e-07)
(-1.02392e-07 -3.52626e-13 2.87821e-07)
(-1.03222e-07 1.30105e-12 2.97876e-07)
(-1.01972e-07 9.68797e-13 2.94937e-07)
(-1.04894e-07 -2.95059e-13 2.93696e-07)
(-1.05723e-07 1.00576e-12 3.03755e-07)
(-1.04473e-07 7.62083e-13 3.00816e-07)
(-1.07397e-07 -2.4627e-13 2.99574e-07)
(-1.08226e-07 7.42533e-13 3.09635e-07)
(-1.06975e-07 5.75987e-13 3.06696e-07)
(-1.09901e-07 -2.04381e-13 3.05453e-07)
(-1.10728e-07 5.13045e-13 3.15515e-07)
(-1.09477e-07 4.11968e-13 3.12576e-07)
(-1.12405e-07 -1.67511e-13 3.11332e-07)
(-1.13231e-07 3.17529e-13 3.21394e-07)
(-1.1198e-07 2.70779e-13 3.18455e-07)
(-1.14909e-07 -1.33785e-13 3.1721e-07)
(-1.15732e-07 1.53157e-13 3.27271e-07)
(-1.14482e-07 1.51945e-13 3.24333e-07)
(-1.17412e-07 -1.01187e-13 3.23088e-07)
(-1.18233e-07 1.07054e-14 3.33146e-07)
(-1.16983e-07 5.22469e-14 3.3021e-07)
(-1.19913e-07 -6.85359e-14 3.28964e-07)
(-1.20732e-07 -1.1617e-13 3.3902e-07)
(-1.19483e-07 -3.68524e-14 3.36084e-07)
(-1.22414e-07 -3.8196e-14 3.34838e-07)
(-1.2323e-07 -2.10335e-13 3.4489e-07)
(-1.21981e-07 -1.14617e-13 3.41956e-07)
(-1.24913e-07 5.71931e-15 3.40709e-07)
(-1.24478e-07 -1.66688e-13 3.47825e-07)
(-1.27409e-07 1.05406e-13 3.46579e-07)
(2.66274e-11 -4.98571e-12 4.27269e-11)
(9.99893e-12 2.53788e-20 -1.00913e-10)
(-9.48132e-12 -8.95812e-12 -9.83215e-11)
(6.87277e-11 -1.18669e-11 4.40826e-10)
(4.66886e-11 6.54789e-20 1.85957e-10)
(-4.96674e-11 -2.37124e-11 1.7927e-10)
(1.05685e-10 -1.76515e-11 1.03578e-09)
(8.83786e-11 9.7115e-20 6.95241e-10)
(-1.05411e-10 -3.41961e-11 6.72354e-10)
(1.27991e-10 -2.15541e-11 1.80209e-09)
(1.20018e-10 1.28111e-19 1.37561e-09)
(-1.71266e-10 -4.09299e-11 1.3362e-09)
(1.28662e-10 -2.37198e-11 2.74053e-09)
(1.32454e-10 1.36042e-19 2.22763e-09)
(-2.5298e-10 -4.46985e-11 2.17277e-09)
(1.022e-10 -2.45147e-11 3.85171e-09)
(1.20175e-10 9.67749e-20 3.2523e-09)
(-3.56741e-10 -4.62812e-11 3.18258e-09)
(4.39317e-11 -2.43332e-11 5.13538e-09)
(7.83297e-11 2.03077e-20 4.44978e-09)
(-4.87756e-10 -4.63695e-11 4.36507e-09)
(-5.02873e-11 -2.35156e-11 6.59043e-09)
(2.53177e-12 -7.66087e-20 5.81945e-09)
(-6.50625e-10 -4.5506e-11 5.71907e-09)
(-1.84154e-10 -2.23192e-11 8.21482e-09)
(-1.11117e-10 -2.09711e-19 7.35968e-09)
(-8.49387e-10 -4.40802e-11 7.24258e-09)
(-3.60976e-10 -2.09224e-11 1.00058e-08)
(-2.66104e-10 -3.8722e-19 9.06803e-09)
(-1.0876e-09 -4.23541e-11 8.93295e-09)
(-5.83716e-10 -1.94421e-11 1.19603e-08)
(-4.65557e-10 -5.13535e-19 1.09415e-08)
(-1.36842e-09 -4.04941e-11 1.07871e-08)
(-8.55022e-10 -1.795e-11 1.40747e-08)
(-7.12277e-10 -6.18482e-19 1.29767e-08)
(-1.69466e-09 -3.85999e-11 1.28017e-08)
(-1.17726e-09 -1.64877e-11 1.63454e-08)
(-1.00877e-09 -7.62454e-19 1.51701e-08)
(-2.06883e-09 -3.6727e-11 1.49732e-08)
(-1.55251e-09 -1.50768e-11 1.87686e-08)
(-1.35726e-09 -9.18688e-19 1.75179e-08)
(-2.49315e-09 -3.49038e-11 1.72979e-08)
(-1.98263e-09 -1.37273e-11 2.13404e-08)
(-1.75972e-09 -1.08935e-18 2.00164e-08)
(-2.96958e-09 -3.31426e-11 1.97723e-08)
(-2.4692e-09 -1.24424e-11 2.4057e-08)
(-2.21786e-09 -1.289e-18 2.26615e-08)
(-3.49984e-09 -3.14469e-11 2.23923e-08)
(-3.01358e-09 -1.1222e-11 2.69145e-08)
(-2.73317e-09 -1.53367e-18 2.54494e-08)
(-4.08541e-09 -2.9816e-11 2.51544e-08)
(-3.61692e-09 -1.00643e-11 2.99088e-08)
(-3.30688e-09 -1.84127e-18 2.83762e-08)
(-4.72753e-09 -2.82474e-11 2.80547e-08)
(-4.28014e-09 -8.96689e-12 3.30362e-08)
(-3.94004e-09 -2.22657e-18 3.1438e-08)
(-5.42725e-09 -2.67382e-11 3.10893e-08)
(-5.00397e-09 -7.92759e-12 3.62926e-08)
(-4.63346e-09 -2.6113e-18 3.46308e-08)
(-6.18538e-09 -2.52856e-11 3.42545e-08)
(-5.78891e-09 -6.94433e-12 3.96742e-08)
(-5.38777e-09 -2.98378e-18 3.79507e-08)
(-7.00258e-09 -2.38874e-11 3.75464e-08)
(-6.63533e-09 -6.01533e-12 4.31773e-08)
(-6.2034e-09 -3.37986e-18 4.13939e-08)
(-7.87926e-09 -2.25418e-11 4.09614e-08)
(-7.54336e-09 -5.13909e-12 4.67979e-08)
(-7.0806e-09 -3.81126e-18 4.49567e-08)
(-8.8157e-09 -2.12474e-11 4.44956e-08)
(-8.51302e-09 -4.31428e-12 5.05323e-08)
(-8.01944e-09 -4.20553e-18 4.86351e-08)
(-9.81198e-09 -2.00031e-11 4.81454e-08)
(-9.54412e-09 -3.53968e-12 5.43768e-08)
(-9.01984e-09 -4.57569e-18 5.24254e-08)
(-1.0868e-08 -1.88081e-11 5.19072e-08)
(-1.06364e-08 -2.81416e-12 5.83277e-08)
(-1.00815e-08 -4.98691e-18 5.6324e-08)
(-1.19836e-08 -1.76615e-11 5.57772e-08)
(-1.17893e-08 -2.13661e-12 6.23814e-08)
(-1.12042e-08 -5.43904e-18 6.03272e-08)
(-1.31584e-08 -1.65625e-11 5.97519e-08)
(-1.30023e-08 -1.50591e-12 6.65343e-08)
(-1.23872e-08 -5.92089e-18 6.44314e-08)
(-1.43919e-08 -1.55105e-11 6.38279e-08)
(-1.42747e-08 -9.2092e-13 7.07829e-08)
(-1.363e-08 -6.42344e-18 6.8633e-08)
(-1.56834e-08 -1.45047e-11 6.80015e-08)
(-1.56056e-08 -3.80464e-13 7.51238e-08)
(-1.49318e-08 -6.94049e-18 7.29286e-08)
(-1.70322e-08 -1.35442e-11 7.22695e-08)
(-1.69942e-08 1.1667e-13 7.95535e-08)
(-1.62917e-08 -7.4641e-18 7.73147e-08)
(-1.84375e-08 -1.26283e-11 7.66283e-08)
(-1.84394e-08 5.71736e-13 8.40687e-08)
(-1.77087e-08 -8.01511e-18 8.1788e-08)
(-1.98983e-08 -1.17561e-11 8.10747e-08)
(-1.994e-08 9.86024e-13 8.86661e-08)
(-1.91817e-08 -8.60131e-18 8.63452e-08)
(-2.14135e-08 -1.09267e-11 8.56054e-08)
(-2.14949e-08 1.36086e-12 9.33425e-08)
(-2.07096e-08 -9.13182e-18 9.09829e-08)
(-2.29819e-08 -1.0139e-11 9.02172e-08)
(-2.31028e-08 1.6976e-12 9.80948e-08)
(-2.22912e-08 -9.63112e-18 9.56981e-08)
(-2.46025e-08 -9.39201e-12 9.4907e-08)
(-2.47623e-08 1.99763e-12 1.0292e-07)
(-2.39251e-08 -1.02134e-17 1.00487e-07)
(-2.62739e-08 -8.68476e-12 9.96716e-08)
(-2.64721e-08 2.26235e-12 1.07814e-07)
(-2.56099e-08 -1.08818e-17 1.05348e-07)
(-2.79947e-08 -8.01613e-12 1.04508e-07)
(-2.82306e-08 2.49319e-12 1.12776e-07)
(-2.73442e-08 -1.15959e-17 1.10277e-07)
(-2.97636e-08 -7.38502e-12 1.09413e-07)
(-3.00364e-08 2.69159e-12 1.17801e-07)
(-2.91266e-08 -1.23428e-17 1.15271e-07)
(-3.15791e-08 -6.7903e-12 1.14384e-07)
(-3.18879e-08 2.859e-12 1.22887e-07)
(-3.09555e-08 -1.30755e-17 1.20327e-07)
(-3.34396e-08 -6.23083e-12 1.19418e-07)
(-3.37835e-08 2.99687e-12 1.28031e-07)
(-3.28292e-08 -1.37808e-17 1.25443e-07)
(-3.53437e-08 -5.70545e-12 1.24513e-07)
(-3.57216e-08 3.10669e-12 1.3323e-07)
(-3.47463e-08 -1.4509e-17 1.30615e-07)
(-3.72897e-08 -5.21298e-12 1.29664e-07)
(-3.77006e-08 3.18992e-12 1.38482e-07)
(-3.67051e-08 -1.52681e-17 1.35841e-07)
(-3.92761e-08 -4.75224e-12 1.34871e-07)
(-3.97188e-08 3.24803e-12 1.43784e-07)
(-3.87039e-08 -1.61859e-17 1.41119e-07)
(-4.13012e-08 -4.32206e-12 1.40129e-07)
(-4.17746e-08 3.28249e-12 1.49133e-07)
(-4.07412e-08 -1.72154e-17 1.46446e-07)
(-4.33635e-08 -3.92123e-12 1.45437e-07)
(-4.38662e-08 3.29479e-12 1.54528e-07)
(-4.28151e-08 -1.8275e-17 1.51818e-07)
(-4.54612e-08 -3.54856e-12 1.50792e-07)
(-4.5992e-08 3.28637e-12 1.59965e-07)
(-4.4924e-08 -1.93453e-17 1.57235e-07)
(-4.75927e-08 -3.20286e-12 1.56192e-07)
(-4.81503e-08 3.25871e-12 1.65442e-07)
(-4.70663e-08 -2.04495e-17 1.62692e-07)
(-4.97564e-08 -2.88294e-12 1.61633e-07)
(-5.03394e-08 3.21325e-12 1.70957e-07)
(-4.92403e-08 -2.1612e-17 1.68189e-07)
(-5.19505e-08 -2.58761e-12 1.67115e-07)
(-5.25577e-08 3.15143e-12 1.76507e-07)
(-5.14442e-08 -2.28553e-17 1.73722e-07)
(-5.41736e-08 -2.31571e-12 1.72633e-07)
(-5.48035e-08 3.07468e-12 1.82091e-07)
(-5.36765e-08 -2.4166e-17 1.7929e-07)
(-5.64239e-08 -2.06605e-12 1.78187e-07)
(-5.70752e-08 2.98442e-12 1.87706e-07)
(-5.59355e-08 -2.55286e-17 1.8489e-07)
(-5.86998e-08 -1.83748e-12 1.83774e-07)
(-5.93712e-08 2.88205e-12 1.93349e-07)
(-5.82195e-08 -2.6951e-17 1.9052e-07)
(-6.09997e-08 -1.62886e-12 1.89392e-07)
(-6.16898e-08 2.76895e-12 1.9902e-07)
(-6.05271e-08 -2.84074e-17 1.96177e-07)
(-6.33221e-08 -1.43905e-12 1.95038e-07)
(-6.40296e-08 2.64648e-12 2.04716e-07)
(-6.28565e-08 -2.96994e-17 2.01861e-07)
(-6.56655e-08 -1.26695e-12 2.00711e-07)
(-6.6389e-08 2.51599e-12 2.10435e-07)
(-6.52063e-08 -3.09956e-17 2.07569e-07)
(-6.80282e-08 -1.11144e-12 2.06409e-07)
(-6.87665e-08 2.3788e-12 2.16175e-07)
(-6.7575e-08 -3.23584e-17 2.13299e-07)
(-7.04089e-08 -9.71467e-13 2.1213e-07)
(-7.11606e-08 2.23621e-12 2.21935e-07)
(-6.9961e-08 -3.37608e-17 2.1905e-07)
(-7.28061e-08 -8.45966e-13 2.17872e-07)
(-7.35701e-08 2.08949e-12 2.27712e-07)
(-7.2363e-08 -3.51873e-17 2.24819e-07)
(-7.52183e-08 -7.33909e-13 2.23633e-07)
(-7.59934e-08 1.93989e-12 2.33506e-07)
(-7.47796e-08 -3.66077e-17 2.30605e-07)
(-7.76443e-08 -6.34292e-13 2.29411e-07)
(-7.84292e-08 1.78862e-12 2.39314e-07)
(-7.72093e-08 -3.80187e-17 2.36406e-07)
(-8.00827e-08 -5.46138e-13 2.35205e-07)
(-8.08763e-08 1.63687e-12 2.45134e-07)
(-7.9651e-08 -3.9482e-17 2.42221e-07)
(-8.25322e-08 -4.68502e-13 2.41014e-07)
(-8.33335e-08 1.48579e-12 2.50967e-07)
(-8.21033e-08 -4.09831e-17 2.48047e-07)
(-8.49917e-08 -4.0047e-13 2.46835e-07)
(-8.57995e-08 1.33651e-12 2.56809e-07)
(-8.45651e-08 -4.25048e-17 2.53885e-07)
(-8.74599e-08 -3.41163e-13 2.52668e-07)
(-8.82733e-08 1.19011e-12 2.62659e-07)
(-8.70352e-08 -4.40511e-17 2.59732e-07)
(-8.99358e-08 -2.89737e-13 2.5851e-07)
(-9.07538e-08 1.04767e-12 2.68517e-07)
(-8.95125e-08 -4.57156e-17 2.65587e-07)
(-9.24182e-08 -2.45386e-13 2.64361e-07)
(-9.32399e-08 9.1021e-13 2.74382e-07)
(-9.19959e-08 -4.72565e-17 2.71448e-07)
(-9.49061e-08 -2.07344e-13 2.70218e-07)
(-9.57307e-08 7.7875e-13 2.80251e-07)
(-9.44845e-08 -4.86428e-17 2.77315e-07)
(-9.73987e-08 -1.74879e-13 2.76082e-07)
(-9.82253e-08 6.54286e-13 2.86124e-07)
(-9.69774e-08 -5.0112e-17 2.83186e-07)
(-9.9895e-08 -1.47297e-13 2.81951e-07)
(-1.00723e-07 5.37803e-13 2.92e-07)
(-9.94736e-08 -5.16626e-17 2.89061e-07)
(-1.02394e-07 -1.23933e-13 2.87824e-07)
(-1.03223e-07 4.30265e-13 2.97878e-07)
(-1.01972e-07 -5.32411e-17 2.94939e-07)
(-1.04896e-07 -1.04145e-13 2.93699e-07)
(-1.05724e-07 3.3259e-13 3.03757e-07)
(-1.04473e-07 -5.49986e-17 3.00818e-07)
(-1.07398e-07 -8.73021e-14 2.99576e-07)
(-1.08226e-07 2.45578e-13 3.09637e-07)
(-1.06975e-07 -5.7672e-17 3.06697e-07)
(-1.09902e-07 -7.27781e-14 3.05454e-07)
(-1.10729e-07 1.69762e-13 3.15516e-07)
(-1.09477e-07 -6.05475e-17 3.12577e-07)
(-1.12406e-07 -5.99484e-14 3.11333e-07)
(-1.13231e-07 1.05207e-13 3.21395e-07)
(-1.1198e-07 -6.28693e-17 3.18456e-07)
(-1.14909e-07 -4.81881e-14 3.17211e-07)
(-1.15732e-07 5.10445e-14 3.27272e-07)
(-1.14482e-07 -6.5315e-17 3.24334e-07)
(-1.17412e-07 -3.68079e-14 3.23089e-07)
(-1.18233e-07 4.56803e-15 3.33147e-07)
(-1.16983e-07 -6.77521e-17 3.3021e-07)
(-1.19914e-07 -2.53727e-14 3.28964e-07)
(-1.20732e-07 -3.61867e-14 3.3902e-07)
(-1.19483e-07 -6.99021e-17 3.36084e-07)
(-1.22414e-07 -1.44571e-14 3.34838e-07)
(-1.2323e-07 -7.00104e-14 3.44891e-07)
(-1.21981e-07 -7.26938e-17 3.41956e-07)
(-1.24912e-07 2.4124e-16 3.4071e-07)
(-1.24477e-07 -7.47807e-17 3.47826e-07)
(-1.27409e-07 2.37895e-14 3.46579e-07)
(2.66274e-11 4.98571e-12 4.27269e-11)
(1.03183e-11 2.88752e-12 -1.0022e-10)
(-9.48132e-12 8.95812e-12 -9.83215e-11)
(6.87277e-11 1.18669e-11 4.40826e-10)
(4.79557e-11 1.69989e-11 1.78302e-10)
(-4.96674e-11 2.37124e-11 1.7927e-10)
(1.05685e-10 1.76515e-11 1.03578e-09)
(9.06668e-11 3.06359e-11 6.77887e-10)
(-1.05411e-10 3.41961e-11 6.72354e-10)
(1.27991e-10 2.15541e-11 1.80209e-09)
(1.23469e-10 4.04084e-11 1.3506e-09)
(-1.71266e-10 4.09299e-11 1.3362e-09)
(1.28662e-10 2.37198e-11 2.74053e-09)
(1.37242e-10 4.62541e-11 2.19718e-09)
(-2.5298e-10 4.46985e-11 2.17277e-09)
(1.022e-10 2.45147e-11 3.85171e-09)
(1.26366e-10 4.89076e-11 3.21823e-09)
(-3.56741e-10 4.62812e-11 3.18258e-09)
(4.39317e-11 2.43332e-11 5.13538e-09)
(8.58919e-11 4.92331e-11 4.41343e-09)
(-4.87756e-10 4.63695e-11 4.36507e-09)
(-5.02873e-11 2.35156e-11 6.59043e-09)
(1.1365e-11 4.80087e-11 5.78182e-09)
(-6.50625e-10 4.5506e-11 5.71907e-09)
(-1.84154e-10 2.23192e-11 8.21482e-09)
(-1.01147e-10 4.58358e-11 7.32148e-09)
(-8.49387e-10 4.40802e-11 7.24258e-09)
(-3.60976e-10 2.09224e-11 1.00058e-08)
(-2.55142e-10 4.31385e-11 9.02973e-09)
(-1.0876e-09 4.23541e-11 8.93295e-09)
(-5.83716e-10 1.94421e-11 1.19603e-08)
(-4.53742e-10 4.0198e-11 1.09034e-08)
(-1.36842e-09 4.04941e-11 1.07871e-08)
(-8.55022e-10 1.795e-11 1.40747e-08)
(-6.99738e-10 3.71903e-11 1.29391e-08)
(-1.69466e-09 3.85999e-11 1.28017e-08)
(-1.17726e-09 1.64877e-11 1.63454e-08)
(-9.95618e-10 3.42187e-11 1.51332e-08)
(-2.06883e-09 3.6727e-11 1.49732e-08)
(-1.55251e-09 1.50768e-11 1.87686e-08)
(-1.3436e-09 3.13393e-11 1.74817e-08)
(-2.49315e-09 3.49038e-11 1.72979e-08)
(-1.98263e-09 1.37272e-11 2.13404e-08)
(-1.74562e-09 2.85794e-11 1.99809e-08)
(-2.96958e-09 3.31426e-11 1.97723e-08)
(-2.4692e-09 1.24424e-11 2.4057e-08)
(-2.2034e-09 2.59491e-11 2.26269e-08)
(-3.49984e-09 3.14469e-11 2.23923e-08)
(-3.01358e-09 1.1222e-11 2.69145e-08)
(-2.71841e-09 2.34497e-11 2.54157e-08)
(-4.08541e-09 2.9816e-11 2.51544e-08)
(-3.61692e-09 1.00643e-11 2.99088e-08)
(-3.29189e-09 2.10782e-11 2.83434e-08)
(-4.72753e-09 2.82474e-11 2.80547e-08)
(-4.28014e-09 8.96688e-12 3.30362e-08)
(-3.92487e-09 1.883e-11 3.1406e-08)
(-5.42725e-09 2.67382e-11 3.10893e-08)
(-5.00397e-09 7.92758e-12 3.62926e-08)
(-4.61816e-09 1.67002e-11 3.45997e-08)
(-6.18538e-09 2.52856e-11 3.42545e-08)
(-5.78891e-09 6.94432e-12 3.96742e-08)
(-5.37239e-09 1.46845e-11 3.79205e-08)
(-7.00258e-09 2.38874e-11 3.75464e-08)
(-6.63533e-09 6.01533e-12 4.31773e-08)
(-6.18798e-09 1.27789e-11 4.13647e-08)
(-7.87926e-09 2.25418e-11 4.09614e-08)
(-7.54336e-09 5.13909e-12 4.67979e-08)
(-7.06518e-09 1.09802e-11 4.49282e-08)
(-8.8157e-09 2.12474e-11 4.44956e-08)
(-8.51302e-09 4.31427e-12 5.05323e-08)
(-8.00406e-09 9.28564e-12 4.86075e-08)
(-9.81198e-09 2.00031e-11 4.81454e-08)
(-9.54412e-09 3.53967e-12 5.43768e-08)
(-9.00453e-09 7.69257e-12 5.23987e-08)
(-1.0868e-08 1.88081e-11 5.19072e-08)
(-1.06364e-08 2.81415e-12 5.83277e-08)
(-1.00664e-08 6.1987e-12 5.62982e-08)
(-1.19836e-08 1.76614e-11 5.57772e-08)
(-1.17893e-08 2.1366e-12 6.23814e-08)
(-1.11891e-08 4.80178e-12 6.03022e-08)
(-1.31584e-08 1.65625e-11 5.97519e-08)
(-1.30023e-08 1.5059e-12 6.65343e-08)
(-1.23724e-08 3.49958e-12 6.44072e-08)
(-1.43919e-08 1.55105e-11 6.38279e-08)
(-1.42747e-08 9.20906e-13 7.07829e-08)
(-1.36154e-08 2.28983e-12 6.86097e-08)
(-1.56834e-08 1.45047e-11 6.80015e-08)
(-1.56056e-08 3.8045e-13 7.51238e-08)
(-1.49174e-08 1.17022e-12 7.29061e-08)
(-1.70322e-08 1.35442e-11 7.22695e-08)
(-1.69942e-08 -1.16685e-13 7.95535e-08)
(-1.62775e-08 1.38336e-13 7.7293e-08)
(-1.84375e-08 1.26283e-11 7.66283e-08)
(-1.84394e-08 -5.71752e-13 8.40687e-08)
(-1.76948e-08 -8.08283e-13 8.17671e-08)
(-1.98983e-08 1.17561e-11 8.10747e-08)
(-1.994e-08 -9.86042e-13 8.86661e-08)
(-1.91681e-08 -1.67219e-12 8.6325e-08)
(-2.14135e-08 1.09267e-11 8.56054e-08)
(-2.14949e-08 -1.36088e-12 9.33425e-08)
(-2.06963e-08 -2.456e-12 9.09635e-08)
(-2.29819e-08 1.01389e-11 9.02172e-08)
(-2.31028e-08 -1.69762e-12 9.80948e-08)
(-2.22782e-08 -3.16241e-12 9.56794e-08)
(-2.46025e-08 9.39199e-12 9.4907e-08)
(-2.47623e-08 -1.99765e-12 1.0292e-07)
(-2.39125e-08 -3.79416e-12 1.00469e-07)
(-2.62739e-08 8.68474e-12 9.96716e-08)
(-2.64721e-08 -2.26237e-12 1.07814e-07)
(-2.55977e-08 -4.35404e-12 1.05331e-07)
(-2.79947e-08 8.01611e-12 1.04508e-07)
(-2.82306e-08 -2.49322e-12 1.12776e-07)
(-2.73324e-08 -4.84487e-12 1.1026e-07)
(-2.97636e-08 7.385e-12 1.09413e-07)
(-3.00364e-08 -2.69161e-12 1.17801e-07)
(-2.91151e-08 -5.26953e-12 1.15255e-07)
(-3.15791e-08 6.79028e-12 1.14384e-07)
(-3.18879e-08 -2.85902e-12 1.22887e-07)
(-3.09444e-08 -5.6309e-12 1.20312e-07)
(-3.34396e-08 6.23081e-12 1.19418e-07)
(-3.37835e-08 -2.9969e-12 1.28031e-07)
(-3.28185e-08 -5.9319e-12 1.25428e-07)
(-3.53437e-08 5.70542e-12 1.24513e-07)
(-3.57216e-08 -3.10672e-12 1.3323e-07)
(-3.4736e-08 -6.17546e-12 1.30601e-07)
(-3.72897e-08 5.21295e-12 1.29664e-07)
(-3.77006e-08 -3.18995e-12 1.38482e-07)
(-3.66952e-08 -6.3645e-12 1.35828e-07)
(-3.92761e-08 4.75222e-12 1.34871e-07)
(-3.97188e-08 -3.24806e-12 1.43784e-07)
(-3.86945e-08 -6.50199e-12 1.41107e-07)
(-4.13012e-08 4.32203e-12 1.40129e-07)
(-4.17746e-08 -3.28253e-12 1.49133e-07)
(-4.07321e-08 -6.59085e-12 1.46434e-07)
(-4.33635e-08 3.92119e-12 1.45437e-07)
(-4.38662e-08 -3.29482e-12 1.54528e-07)
(-4.28064e-08 -6.63403e-12 1.51807e-07)
(-4.54612e-08 3.54852e-12 1.50792e-07)
(-4.5992e-08 -3.28641e-12 1.59965e-07)
(-4.49158e-08 -6.63447e-12 1.57224e-07)
(-4.75927e-08 3.20282e-12 1.56192e-07)
(-4.81503e-08 -3.25875e-12 1.65442e-07)
(-4.70585e-08 -6.59508e-12 1.62682e-07)
(-4.97564e-08 2.8829e-12 1.61633e-07)
(-5.03394e-08 -3.21329e-12 1.70957e-07)
(-4.92329e-08 -6.51877e-12 1.68179e-07)
(-5.19505e-08 2.58757e-12 1.67115e-07)
(-5.25577e-08 -3.15148e-12 1.76507e-07)
(-5.14372e-08 -6.40843e-12 1.73713e-07)
(-5.41736e-08 2.31566e-12 1.72633e-07)
(-5.48035e-08 -3.07473e-12 1.82091e-07)
(-5.36699e-08 -6.26693e-12 1.79281e-07)
(-5.64239e-08 2.066e-12 1.78187e-07)
(-5.70752e-08 -2.98448e-12 1.87706e-07)
(-5.59293e-08 -6.0971e-12 1.84881e-07)
(-5.86998e-08 1.83743e-12 1.83774e-07)
(-5.93712e-08 -2.88211e-12 1.93349e-07)
(-5.82137e-08 -5.90176e-12 1.90512e-07)
(-6.09997e-08 1.62881e-12 1.89392e-07)
(-6.16898e-08 -2.76901e-12 1.9902e-07)
(-6.05216e-08 -5.68369e-12 1.9617e-07)
(-6.33221e-08 1.439e-12 1.95038e-07)
(-6.40296e-08 -2.64654e-12 2.04716e-07)
(-6.28515e-08 -5.44562e-12 2.01855e-07)
(-6.56655e-08 1.26689e-12 2.00711e-07)
(-6.6389e-08 -2.51606e-12 2.10435e-07)
(-6.52016e-08 -5.19028e-12 2.07563e-07)
(-6.80282e-08 1.11138e-12 2.06409e-07)
(-6.87665e-08 -2.37887e-12 2.16175e-07)
(-6.75707e-08 -4.92031e-12 2.13294e-07)
(-7.04089e-08 9.71407e-13 2.1213e-07)
(-7.11606e-08 -2.23628e-12 2.21935e-07)
(-6.9957e-08 -4.63833e-12 2.19044e-07)
(-7.28061e-08 8.45903e-13 2.17872e-07)
(-7.35701e-08 -2.08957e-12 2.27712e-07)
(-7.23594e-08 -4.34691e-12 2.24814e-07)
(-7.52183e-08 7.33843e-13 2.23633e-07)
(-7.59934e-08 -1.93997e-12 2.33506e-07)
(-7.47763e-08 -4.04856e-12 2.306e-07)
(-7.76443e-08 6.34223e-13 2.29411e-07)
(-7.84292e-08 -1.7887e-12 2.39314e-07)
(-7.72063e-08 -3.74574e-12 2.36402e-07)
(-8.00827e-08 5.46066e-13 2.35205e-07)
(-8.08763e-08 -1.63695e-12 2.45134e-07)
(-7.96483e-08 -3.44085e-12 2.42217e-07)
(-8.25322e-08 4.68428e-13 2.41014e-07)
(-8.33335e-08 -1.48587e-12 2.50967e-07)
(-8.21009e-08 -3.13622e-12 2.48044e-07)
(-8.49917e-08 4.00392e-13 2.46835e-07)
(-8.57995e-08 -1.33659e-12 2.56809e-07)
(-8.4563e-08 -2.83413e-12 2.53882e-07)
(-8.74599e-08 3.41082e-13 2.52668e-07)
(-8.82733e-08 -1.1902e-12 2.62659e-07)
(-8.70333e-08 -2.53678e-12 2.59729e-07)
(-8.99358e-08 2.89653e-13 2.5851e-07)
(-9.07538e-08 -1.04776e-12 2.68517e-07)
(-8.95108e-08 -2.24632e-12 2.65584e-07)
(-9.24182e-08 2.45299e-13 2.64361e-07)
(-9.32399e-08 -9.10306e-13 2.74382e-07)
(-9.19945e-08 -1.96484e-12 2.71446e-07)
(-9.49061e-08 2.07253e-13 2.70218e-07)
(-9.57307e-08 -7.78849e-13 2.80251e-07)
(-9.44833e-08 -1.69437e-12 2.77313e-07)
(-9.73987e-08 1.74786e-13 2.76082e-07)
(-9.82253e-08 -6.54388e-13 2.86124e-07)
(-9.69764e-08 -1.43692e-12 2.83185e-07)
(-9.9895e-08 1.47201e-13 2.81951e-07)
(-1.00723e-07 -5.37908e-13 2.92e-07)
(-9.94728e-08 -1.19445e-12 2.8906e-07)
(-1.02394e-07 1.23834e-13 2.87824e-07)
(-1.03223e-07 -4.30373e-13 2.97878e-07)
(-1.01972e-07 -9.68905e-13 2.94937e-07)
(-1.04896e-07 1.04042e-13 2.93699e-07)
(-1.05724e-07 -3.32703e-13 3.03757e-07)
(-1.04473e-07 -7.62195e-13 3.00816e-07)
(-1.07398e-07 8.71968e-14 2.99576e-07)
(-1.08226e-07 -2.45696e-13 3.09637e-07)
(-1.06975e-07 -5.76103e-13 3.06696e-07)
(-1.09902e-07 7.26689e-14 3.05454e-07)
(-1.10729e-07 -1.69886e-13 3.15516e-07)
(-1.09477e-07 -4.1209e-13 3.12576e-07)
(-1.12406e-07 5.98343e-14 3.11333e-07)
(-1.13231e-07 -1.05335e-13 3.21395e-07)
(-1.1198e-07 -2.70904e-13 3.18455e-07)
(-1.14909e-07 4.80695e-14 3.17211e-07)
(-1.15732e-07 -5.11777e-14 3.27272e-07)
(-1.14482e-07 -1.52075e-13 3.24333e-07)
(-1.17412e-07 3.66846e-14 3.23089e-07)
(-1.18233e-07 -4.70591e-15 3.33147e-07)
(-1.16983e-07 -5.23818e-14 3.3021e-07)
(-1.19914e-07 2.52445e-14 3.28964e-07)
(-1.20732e-07 3.60439e-14 3.3902e-07)
(-1.19483e-07 3.67127e-14 3.36084e-07)
(-1.22414e-07 1.43242e-14 3.34838e-07)
(-1.2323e-07 6.98629e-14 3.44891e-07)
(-1.21981e-07 1.14472e-13 3.41956e-07)
(-1.24912e-07 -3.79896e-16 3.4071e-07)
(-1.24478e-07 1.66539e-13 3.47825e-07)
(-1.27409e-07 -2.39323e-14 3.46579e-07)
(2.83508e-11 1.42594e-11 3.57678e-11)
(1.10328e-11 4.04635e-12 -9.8001e-11)
(-1.03924e-11 2.87885e-11 -9.83469e-11)
(7.23689e-11 3.54297e-11 4.15841e-10)
(5.11046e-11 3.31208e-11 1.51556e-10)
(-5.09104e-11 7.37445e-11 1.61301e-10)
(1.11554e-10 5.30977e-11 9.93442e-10)
(9.68144e-11 6.12756e-11 6.19849e-10)
(-1.04607e-10 1.04429e-10 6.34744e-10)
(1.36425e-10 6.47492e-11 1.74665e-09)
(1.33353e-10 8.07996e-11 1.2695e-09)
(-1.67274e-10 1.23697e-10 1.28352e-09)
(1.39846e-10 7.10212e-11 2.67604e-09)
(1.51484e-10 9.2046e-11 2.10065e-09)
(-2.45406e-10 1.34266e-10 2.10961e-09)
(1.16142e-10 7.31632e-11 3.78132e-09)
(1.4512e-10 9.68459e-11 3.11183e-09)
(-3.45585e-10 1.38503e-10 3.11254e-09)
(6.04912e-11 7.24233e-11 5.06144e-09)
(1.08957e-10 9.70803e-11 4.30114e-09)
(-4.73255e-10 1.38442e-10 4.29084e-09)
(-3.13472e-11 6.98368e-11 6.51462e-09)
(3.83488e-11 9.43433e-11 5.66642e-09)
(-6.33136e-10 1.35661e-10 5.64258e-09)
(-1.63112e-10 6.61675e-11 8.13834e-09)
(-7.07172e-11 8.98248e-11 7.2049e-09)
(-8.2931e-10 1.31287e-10 7.16518e-09)
(-3.38113e-10 6.19379e-11 9.92949e-09)
(-2.21742e-10 8.43456e-11 8.91329e-09)
(-1.06532e-09 1.26073e-10 8.85556e-09)
(-5.59294e-10 5.74856e-11 1.18846e-08)
(-4.17814e-10 7.84409e-11 1.0788e-08)
(-1.3443e-09 1.20494e-10 1.07104e-08)
(-8.29277e-10 5.30162e-11 1.40001e-08)
(-6.6167e-10 7.24414e-11 1.28254e-08)
(-1.669e-09 1.14832e-10 1.2726e-08)
(-1.15039e-09 4.86467e-11 1.62722e-08)
(-9.55745e-10 6.65386e-11 1.50214e-08)
(-2.04189e-09 1.09246e-10 1.48989e-08)
(-1.52471e-09 4.44378e-11 1.86969e-08)
(-1.30221e-09 6.08345e-11 1.73723e-08)
(-2.46515e-09 1.03814e-10 1.72252e-08)
(-1.95404e-09 4.04165e-11 2.12704e-08)
(-1.70296e-09 5.5377e-11 1.9874e-08)
(-2.9407e-09 9.85686e-11 1.97012e-08)
(-2.43996e-09 3.65908e-11 2.39887e-08)
(-2.15969e-09 5.01827e-11 2.25226e-08)
(-3.47024e-09 9.35202e-11 2.2323e-08)
(-2.98382e-09 3.29591e-11 2.68479e-08)
(-2.67384e-09 4.52517e-11 2.5314e-08)
(-4.05522e-09 8.86653e-11 2.50868e-08)
(-3.58675e-09 2.95153e-11 2.9844e-08)
(-3.24663e-09 4.05766e-11 2.82443e-08)
(-4.69687e-09 8.39961e-11 2.79889e-08)
(-4.24966e-09 2.62524e-11 3.29732e-08)
(-3.87907e-09 3.61475e-11 3.13097e-08)
(-5.39624e-09 7.95037e-11 3.10253e-08)
(-4.97327e-09 2.31633e-11 3.62314e-08)
(-4.57199e-09 3.19543e-11 3.45061e-08)
(-6.15412e-09 7.51802e-11 3.41923e-08)
(-5.75809e-09 2.02417e-11 3.96148e-08)
(-5.32597e-09 2.79878e-11 3.78296e-08)
(-6.97116e-09 7.10187e-11 3.74861e-08)
(-6.60447e-09 1.74824e-11 4.31196e-08)
(-6.14145e-09 2.42403e-11 4.12764e-08)
(-7.84777e-09 6.70141e-11 4.09028e-08)
(-7.51255e-09 1.48807e-11 4.67419e-08)
(-7.01867e-09 2.0705e-11 4.48426e-08)
(-8.78422e-09 6.31621e-11 4.44389e-08)
(-8.48232e-09 1.24326e-11 5.0478e-08)
(-7.95768e-09 1.73762e-11 4.85245e-08)
(-9.7806e-09 5.94595e-11 4.80905e-08)
(-9.51362e-09 1.01344e-11 5.43243e-08)
(-8.9584e-09 1.42488e-11 5.23183e-08)
(-1.08368e-08 5.59035e-11 5.18539e-08)
(-1.06061e-08 7.98276e-12 5.82769e-08)
(-1.00206e-08 1.1318e-11 5.62204e-08)
(-1.19527e-08 5.24919e-11 5.57257e-08)
(-1.17594e-08 5.97422e-12 6.23322e-08)
(-1.11438e-08 8.57922e-12 6.02269e-08)
(-1.31278e-08 4.92222e-11 5.97022e-08)
(-1.29728e-08 4.10543e-12 6.64868e-08)
(-1.23275e-08 6.02805e-12 6.43344e-08)
(-1.43616e-08 4.60923e-11 6.37798e-08)
(-1.42456e-08 2.37297e-12 7.0737e-08)
(-1.35712e-08 3.6599e-12 6.85394e-08)
(-1.56535e-08 4.31e-11 6.79551e-08)
(-1.5577e-08 7.73286e-13 7.50795e-08)
(-1.48739e-08 1.47012e-12 7.28382e-08)
(-1.70028e-08 4.02429e-11 7.22246e-08)
(-1.69661e-08 -6.97256e-13 7.95108e-08)
(-1.62348e-08 -5.4608e-13 7.72275e-08)
(-1.84086e-08 3.75184e-11 7.65851e-08)
(-1.84119e-08 -2.04242e-12 8.40275e-08)
(-1.76529e-08 -2.39365e-12 8.1704e-08)
(-1.98699e-08 3.49239e-11 8.10331e-08)
(-1.99131e-08 -3.26607e-12 8.86265e-08)
(-1.91271e-08 -4.07767e-12 8.62642e-08)
(-2.13857e-08 3.24566e-11 8.55653e-08)
(-2.14686e-08 -4.37219e-12 9.33044e-08)
(-2.06563e-08 -5.60335e-12 9.0905e-08)
(-2.29549e-08 3.01136e-11 9.01787e-08)
(-2.30772e-08 -5.36482e-12 9.80581e-08)
(-2.22392e-08 -6.97605e-12 9.56231e-08)
(-2.45761e-08 2.78919e-11 9.48699e-08)
(-2.47374e-08 -6.24812e-12 1.02884e-07)
(-2.38745e-08 -8.20122e-12 1.00415e-07)
(-2.62482e-08 2.57883e-11 9.9636e-08)
(-2.64479e-08 -7.02627e-12 1.0778e-07)
(-2.55608e-08 -9.2844e-12 1.05279e-07)
(-2.79698e-08 2.37997e-11 1.04474e-07)
(-2.82072e-08 -7.70354e-12 1.12743e-07)
(-2.72967e-08 -1.02312e-11 1.1021e-07)
(-2.97394e-08 2.19227e-11 1.0938e-07)
(-3.00138e-08 -8.28424e-12 1.1777e-07)
(-2.90806e-08 -1.10474e-11 1.15207e-07)
(-3.15557e-08 2.01541e-11 1.14353e-07)
(-3.18661e-08 -8.77269e-12 1.22857e-07)
(-3.0911e-08 -1.17386e-11 1.20266e-07)
(-3.3417e-08 1.84903e-11 1.19388e-07)
(-3.37625e-08 -9.17326e-12 1.28002e-07)
(-3.27864e-08 -1.23106e-11 1.25384e-07)
(-3.53219e-08 1.6928e-11 1.24484e-07)
(-3.57015e-08 -9.49034e-12 1.33203e-07)
(-3.47051e-08 -1.27693e-11 1.30559e-07)
(-3.72687e-08 1.54636e-11 1.29637e-07)
(-3.76813e-08 -9.72832e-12 1.38456e-07)
(-3.66656e-08 -1.31205e-11 1.35788e-07)
(-3.92559e-08 1.40937e-11 1.34845e-07)
(-3.97003e-08 -9.8916e-12 1.43759e-07)
(-3.8666e-08 -1.337e-11 1.41068e-07)
(-4.12819e-08 1.28147e-11 1.40104e-07)
(-4.17569e-08 -9.98458e-12 1.4911e-07)
(-4.07049e-08 -1.35236e-11 1.46397e-07)
(-4.3345e-08 1.1623e-11 1.45414e-07)
(-4.38493e-08 -1.00116e-11 1.54506e-07)
(-4.27805e-08 -1.35872e-11 1.51772e-07)
(-4.54436e-08 1.05151e-11 1.5077e-07)
(-4.5976e-08 -9.97716e-12 1.59944e-07)
(-4.48911e-08 -1.35667e-11 1.57191e-07)
(-4.75759e-08 9.48751e-12 1.56171e-07)
(-4.81351e-08 -9.88549e-12 1.65422e-07)
(-4.70351e-08 -1.34677e-11 1.62651e-07)
(-4.97404e-08 8.53661e-12 1.61613e-07)
(-5.0325e-08 -9.74096e-12 1.70938e-07)
(-4.92107e-08 -1.3296e-11 1.6815e-07)
(-5.19354e-08 7.65891e-12 1.67096e-07)
(-5.25441e-08 -9.54787e-12 1.76489e-07)
(-5.14163e-08 -1.30575e-11 1.73685e-07)
(-5.41593e-08 6.85089e-12 1.72615e-07)
(-5.47908e-08 -9.31049e-12 1.82074e-07)
(-5.36502e-08 -1.27577e-11 1.79255e-07)
(-5.64104e-08 6.10909e-12 1.7817e-07)
(-5.70632e-08 -9.03303e-12 1.8769e-07)
(-5.59107e-08 -1.24023e-11 1.84857e-07)
(-5.86871e-08 5.43005e-12 1.83758e-07)
(-5.936e-08 -8.71968e-12 1.93335e-07)
(-5.81964e-08 -1.19968e-11 1.90489e-07)
(-6.09878e-08 4.81037e-12 1.89377e-07)
(-6.16794e-08 -8.37455e-12 1.99006e-07)
(-6.05054e-08 -1.15468e-11 1.96149e-07)
(-6.3311e-08 4.24668e-12 1.95024e-07)
(-6.40199e-08 -8.00173e-12 2.04703e-07)
(-6.28364e-08 -1.10578e-11 2.01834e-07)
(-6.56551e-08 3.73567e-12 2.00698e-07)
(-6.638e-08 -7.60521e-12 2.10423e-07)
(-6.51876e-08 -1.05349e-11 2.07544e-07)
(-6.80186e-08 3.27407e-12 2.06397e-07)
(-6.87582e-08 -7.18894e-12 2.16164e-07)
(-6.75577e-08 -9.98362e-12 2.13276e-07)
(-7.04e-08 2.85869e-12 2.12118e-07)
(-7.11531e-08 -6.75678e-12 2.21925e-07)
(-6.99452e-08 -9.40902e-12 2.19028e-07)
(-7.27979e-08 2.48639e-12 2.17861e-07)
(-7.35631e-08 -6.31255e-12 2.27703e-07)
(-7.23485e-08 -8.81622e-12 2.24799e-07)
(-7.52108e-08 2.1541e-12 2.23623e-07)
(-7.5987e-08 -5.85994e-12 2.33497e-07)
(-7.47664e-08 -8.21019e-12 2.30586e-07)
(-7.76375e-08 1.85884e-12 2.29402e-07)
(-7.84235e-08 -5.40259e-12 2.39306e-07)
(-7.71974e-08 -7.5958e-12 2.36389e-07)
(-8.00765e-08 1.5977e-12 2.35197e-07)
(-8.08712e-08 -4.94403e-12 2.45127e-07)
(-7.96402e-08 -6.97779e-12 2.42205e-07)
(-8.25266e-08 1.36787e-12 2.41006e-07)
(-8.33289e-08 -4.48771e-12 2.5096e-07)
(-8.20937e-08 -6.3608e-12 2.48033e-07)
(-8.49867e-08 1.16664e-12 2.46828e-07)
(-8.57955e-08 -4.03696e-12 2.56803e-07)
(-8.45566e-08 -5.74932e-12 2.53872e-07)
(-8.74554e-08 9.91369e-13 2.52661e-07)
(-8.82698e-08 -3.59505e-12 2.62654e-07)
(-8.70277e-08 -5.14771e-12 2.5972e-07)
(-8.99318e-08 8.39568e-13 2.58504e-07)
(-9.07507e-08 -3.16513e-12 2.68513e-07)
(-8.95059e-08 -4.56022e-12 2.65576e-07)
(-9.24147e-08 7.08834e-13 2.64356e-07)
(-9.32373e-08 -2.75028e-12 2.74377e-07)
(-9.19903e-08 -3.99097e-12 2.71439e-07)
(-9.49031e-08 5.96884e-13 2.70214e-07)
(-9.57285e-08 -2.35352e-12 2.80247e-07)
(-9.44797e-08 -3.44398e-12 2.77307e-07)
(-9.73962e-08 5.01546e-13 2.76078e-07)
(-9.82235e-08 -1.9778e-12 2.86121e-07)
(-9.69734e-08 -2.92319e-12 2.8318e-07)
(-9.98929e-08 4.20752e-13 2.81948e-07)
(-1.00721e-07 -1.62606e-12 2.91997e-07)
(-9.94704e-08 -2.43248e-12 2.89055e-07)
(-1.02392e-07 3.52526e-13 2.87821e-07)
(-1.03222e-07 -1.30116e-12 2.97876e-07)
(-1.0197e-07 -1.97568e-12 2.94934e-07)
(-1.04894e-07 2.94955e-13 2.93696e-07)
(-1.05723e-07 -1.00588e-12 3.03755e-07)
(-1.04471e-07 -1.55658e-12 3.00813e-07)
(-1.07397e-07 2.46163e-13 2.99574e-07)
(-1.08226e-07 -7.42652e-13 3.09635e-07)
(-1.06973e-07 -1.17879e-12 3.06694e-07)
(-1.09901e-07 2.04271e-13 3.05453e-07)
(-1.10728e-07 -5.13169e-13 3.15515e-07)
(-1.09476e-07 -8.45325e-13 3.12574e-07)
(-1.12405e-07 1.67396e-13 3.11332e-07)
(-1.13231e-07 -3.17656e-13 3.21394e-07)
(-1.11979e-07 -5.57842e-13 3.18454e-07)
(-1.14909e-07 1.33667e-13 3.1721e-07)
(-1.15732e-07 -1.53288e-13 3.27271e-07)
(-1.14481e-07 -3.15399e-13 3.24332e-07)
(-1.17412e-07 1.01064e-13 3.23088e-07)
(-1.18233e-07 -1.08418e-14 3.33146e-07)
(-1.16983e-07 -1.1111e-13 3.30209e-07)
(-1.19913e-07 6.84092e-14 3.28964e-07)
(-1.20732e-07 1.16029e-13 3.3902e-07)
(-1.19483e-07 7.64561e-14 3.36083e-07)
(-1.22414e-07 3.80643e-14 3.34838e-07)
(-1.2323e-07 2.10189e-13 3.4489e-07)
(-1.21981e-07 2.51053e-13 3.41955e-07)
(-1.24913e-07 -5.85678e-15 3.40709e-07)
(-1.24478e-07 3.29843e-13 3.47824e-07)
(-1.27409e-07 -1.05549e-13 3.46579e-07)
(3.11826e-11 2.2021e-11 1.82574e-11)
(1.00039e-11 2.16547e-12 -1.09115e-10)
(-1.44114e-11 5.41076e-11 -9.82659e-11)
(7.84663e-11 5.85925e-11 3.56146e-10)
(5.2495e-11 4.7317e-11 7.51307e-11)
(-5.68161e-11 1.28937e-10 1.17918e-10)
(1.22238e-10 8.85279e-11 8.96742e-10)
(1.03514e-10 9.03986e-11 4.92966e-10)
(-1.05572e-10 1.77721e-10 5.48135e-10)
(1.52775e-10 1.07524e-10 1.62455e-09)
(1.47871e-10 1.18619e-10 1.11031e-09)
(-1.60449e-10 2.07378e-10 1.16695e-09)
(1.62294e-10 1.17231e-10 2.53769e-09)
(1.74881e-10 1.3384e-10 1.9213e-09)
(-2.30292e-10 2.23047e-10 1.974e-09)
(1.44578e-10 1.20085e-10 3.63311e-09)
(1.7718e-10 1.39622e-10 2.92048e-09)
(-3.22601e-10 2.28783e-10 2.96533e-09)
(9.44511e-11 1.18307e-10 4.90777e-09)
(1.4886e-10 1.39e-10 4.10339e-09)
(-4.43211e-10 2.27866e-10 4.13713e-09)
(7.50828e-12 1.1364e-10 6.35853e-09)
(8.50747e-11 1.34328e-10 5.46606e-09)
(-5.96988e-10 2.2278e-10 5.48582e-09)
(-1.20023e-10 1.07326e-10 7.98187e-09)
(-1.81857e-11 1.27292e-10 7.00445e-09)
(-7.88002e-10 2.15284e-10 7.00771e-09)
(-2.91414e-10 1.00192e-10 9.77405e-09)
(-1.64325e-10 1.19024e-10 8.71446e-09)
(-1.01971e-09 2.06544e-10 8.69894e-09)
(-5.09538e-10 9.27657e-11 1.17312e-08)
(-3.56298e-10 1.10254e-10 1.05919e-08)
(-1.29512e-09 1.97288e-10 1.05556e-08)
(-7.76941e-10 8.53602e-11 1.38492e-08)
(-5.96716e-10 1.01423e-10 1.26327e-08)
(-1.61686e-09 1.87948e-10 1.25738e-08)
(-1.09588e-09 7.81513e-11 1.61243e-08)
(-8.87902e-10 9.27839e-11 1.48327e-08)
(-1.98729e-09 1.78758e-10 1.47497e-08)
(-1.46837e-09 7.12275e-11 1.85523e-08)
(-1.23193e-09 8.44683e-11 1.71877e-08)
(-2.40851e-09 1.69836e-10 1.70793e-08)
(-1.89618e-09 6.46255e-11 2.11292e-08)
(-1.63066e-09 7.6534e-11 1.96938e-08)
(-2.88237e-09 1.6123e-10 1.95587e-08)
(-2.38084e-09 5.8354e-11 2.3851e-08)
(-2.08569e-09 6.89981e-11 2.23469e-08)
(-3.41051e-09 1.5295e-10 2.21841e-08)
(-2.92368e-09 5.24072e-11 2.67138e-08)
(-2.59846e-09 6.18562e-11 2.51429e-08)
(-3.99436e-09 1.4499e-10 2.49515e-08)
(-3.52581e-09 4.67735e-11 2.97135e-08)
(-3.17015e-09 5.50949e-11 2.80778e-08)
(-4.63512e-09 1.37336e-10 2.78572e-08)
(-4.18813e-09 4.14401e-11 3.28462e-08)
(-3.80175e-09 4.86977e-11 3.11478e-08)
(-5.3338e-09 1.29973e-10 3.08973e-08)
(-4.91133e-09 3.63947e-11 3.61081e-08)
(-4.49407e-09 4.26487e-11 3.43487e-08)
(-6.09121e-09 1.22888e-10 3.4068e-08)
(-5.69593e-09 3.16266e-11 3.94951e-08)
(-5.24769e-09 3.69337e-11 3.76768e-08)
(-6.90794e-09 1.16069e-10 3.73654e-08)
(-6.54225e-09 2.71265e-11 4.30034e-08)
(-6.06302e-09 3.15408e-11 4.11281e-08)
(-7.78444e-09 1.09508e-10 4.07858e-08)
(-7.45044e-09 2.28866e-11 4.66293e-08)
(-6.94029e-09 2.64596e-11 4.46989e-08)
(-8.72093e-09 1.03198e-10 4.43254e-08)
(-8.42047e-09 1.89001e-11 5.03689e-08)
(-7.87956e-09 2.16814e-11 4.83852e-08)
(-9.71751e-09 9.7133e-11 4.79805e-08)
(-9.45217e-09 1.51607e-11 5.42186e-08)
(-8.88072e-09 1.71984e-11 5.21834e-08)
(-1.07741e-08 9.13091e-11 5.17475e-08)
(-1.05452e-08 1.16626e-11 5.81746e-08)
(-9.9435e-09 1.30035e-11 5.60898e-08)
(-1.18904e-08 8.5722e-11 5.56228e-08)
(-1.16991e-08 8.4002e-12 6.22334e-08)
(-1.10675e-08 9.08966e-12 6.01006e-08)
(-1.30661e-08 8.03681e-11 5.96026e-08)
(-1.29133e-08 5.36776e-12 6.63913e-08)
(-1.22522e-08 5.45026e-12 6.42124e-08)
(-1.43007e-08 7.52435e-11 6.36836e-08)
(-1.4187e-08 2.55953e-12 7.06448e-08)
(-1.34969e-08 2.07846e-12 6.84215e-08)
(-1.55935e-08 7.03444e-11 6.78622e-08)
(-1.55194e-08 -3.03894e-14 7.49905e-08)
(-1.48008e-08 -1.03266e-12 7.27244e-08)
(-1.69438e-08 6.56671e-11 7.21351e-08)
(-1.69096e-08 -2.40807e-12 7.94249e-08)
(-1.6163e-08 -3.89023e-12 7.71177e-08)
(-1.83506e-08 6.12071e-11 7.64987e-08)
(-1.83565e-08 -4.57975e-12 8.39448e-08)
(-1.75826e-08 -6.50155e-12 8.15981e-08)
(-1.98131e-08 5.69603e-11 8.09499e-08)
(-1.9859e-08 -6.55187e-12 8.85468e-08)
(-1.90584e-08 -8.87415e-12 8.61623e-08)
(-2.13301e-08 5.2922e-11 8.54852e-08)
(-2.14159e-08 -8.331e-12 9.32277e-08)
(-2.05892e-08 -1.10157e-11 9.08068e-08)
(-2.29006e-08 4.90875e-11 9.01016e-08)
(-2.30258e-08 -9.92385e-12 9.79843e-08)
(-2.21738e-08 -1.29341e-11 9.55287e-08)
(-2.45232e-08 4.54517e-11 9.47958e-08)
(-2.46875e-08 -1.13373e-11 1.02814e-07)
(-2.38109e-08 -1.46374e-11 1.00325e-07)
(-2.61967e-08 4.20096e-11 9.95648e-08)
(-2.63995e-08 -1.25782e-11 1.07712e-07)
(-2.5499e-08 -1.61338e-11 1.05192e-07)
(-2.79198e-08 3.87558e-11 1.04406e-07)
(-2.81603e-08 -1.36537e-11 1.12678e-07)
(-2.72368e-08 -1.74315e-11 1.10127e-07)
(-2.96909e-08 3.56851e-11 1.09315e-07)
(-2.99685e-08 -1.45708e-11 1.17707e-07)
(-2.90227e-08 -1.85388e-11 1.15127e-07)
(-3.15087e-08 3.27918e-11 1.1429e-07)
(-3.18224e-08 -1.53368e-11 1.22797e-07)
(-3.08551e-08 -1.94643e-11 1.20189e-07)
(-3.33717e-08 3.00704e-11 1.19328e-07)
(-3.37204e-08 -1.59588e-11 1.27945e-07)
(-3.27326e-08 -2.02164e-11 1.25311e-07)
(-3.52782e-08 2.75153e-11 1.24427e-07)
(-3.5661e-08 -1.6444e-11 1.33148e-07)
(-3.46534e-08 -2.08037e-11 1.30489e-07)
(-3.72267e-08 2.51206e-11 1.29582e-07)
(-3.76425e-08 -1.67997e-11 1.38404e-07)
(-3.66159e-08 -2.12346e-11 1.35721e-07)
(-3.92156e-08 2.28808e-11 1.34792e-07)
(-3.96632e-08 -1.70331e-11 1.4371e-07)
(-3.86185e-08 -2.15179e-11 1.41005e-07)
(-4.12433e-08 2.07899e-11 1.40055e-07)
(-4.17215e-08 -1.71515e-11 1.49063e-07)
(-4.06595e-08 -2.16621e-11 1.46337e-07)
(-4.3308e-08 1.88422e-11 1.45366e-07)
(-4.38156e-08 -1.71622e-11 1.54461e-07)
(-4.27372e-08 -2.16757e-11 1.51715e-07)
(-4.54083e-08 1.70318e-11 1.50725e-07)
(-4.59439e-08 -1.70723e-11 1.59901e-07)
(-4.48499e-08 -2.15674e-11 1.57136e-07)
(-4.75423e-08 1.5353e-11 1.56128e-07)
(-4.81047e-08 -1.6889e-11 1.65382e-07)
(-4.6996e-08 -2.13455e-11 1.62599e-07)
(-4.97085e-08 1.37999e-11 1.61573e-07)
(-5.02963e-08 -1.66194e-11 1.709e-07)
(-4.91736e-08 -2.10186e-11 1.68101e-07)
(-5.19052e-08 1.23668e-11 1.67057e-07)
(-5.2517e-08 -1.62707e-11 1.76453e-07)
(-5.13813e-08 -2.05951e-11 1.73639e-07)
(-5.41307e-08 1.10478e-11 1.72579e-07)
(-5.47652e-08 -1.58498e-11 1.8204e-07)
(-5.36172e-08 -2.00834e-11 1.79211e-07)
(-5.63835e-08 9.83744e-12 1.78136e-07)
(-5.70393e-08 -1.53637e-11 1.87658e-07)
(-5.58798e-08 -1.94916e-11 1.84816e-07)
(-5.86618e-08 8.72992e-12 1.83726e-07)
(-5.93376e-08 -1.48193e-11 1.93305e-07)
(-5.81674e-08 -1.8828e-11 1.9045e-07)
(-6.09641e-08 7.7197e-12 1.89347e-07)
(-6.16585e-08 -1.42234e-11 1.98978e-07)
(-6.04784e-08 -1.81007e-11 1.96112e-07)
(-6.32889e-08 6.80125e-12 1.94996e-07)
(-6.40005e-08 -1.35826e-11 2.04677e-07)
(-6.28113e-08 -1.73176e-11 2.018e-07)
(-6.56345e-08 5.96915e-12 2.00672e-07)
(-6.63621e-08 -1.29036e-11 2.10399e-07)
(-6.51644e-08 -1.64866e-11 2.07513e-07)
(-6.79994e-08 5.21807e-12 2.06372e-07)
(-6.87417e-08 -1.21929e-11 2.16141e-07)
(-6.75363e-08 -1.56156e-11 2.13247e-07)
(-7.03823e-08 4.54274e-12 2.12096e-07)
(-7.11379e-08 -1.14568e-11 2.21904e-07)
(-6.99255e-08 -1.47119e-11 2.19001e-07)
(-7.27816e-08 3.93804e-12 2.1784e-07)
(-7.35493e-08 -1.07016e-11 2.27683e-07)
(-7.23305e-08 -1.37833e-11 2.24774e-07)
(-7.51959e-08 3.39894e-12 2.23603e-07)
(-7.59745e-08 -9.9334e-12 2.33479e-07)
(-7.475e-08 -1.28368e-11 2.30563e-07)
(-7.76238e-08 2.92056e-12 2.29384e-07)
(-7.84122e-08 -9.15814e-12 2.39289e-07)
(-7.71825e-08 -1.18798e-11 2.36368e-07)
(-8.00641e-08 2.49814e-12 2.35181e-07)
(-8.08611e-08 -8.38167e-12 2.45112e-07)
(-7.96269e-08 -1.09191e-11 2.42186e-07)
(-8.25155e-08 2.12706e-12 2.40991e-07)
(-8.33199e-08 -7.60963e-12 2.50946e-07)
(-8.20818e-08 -9.96157e-12 2.48016e-07)
(-8.49767e-08 1.80287e-12 2.46815e-07)
(-8.57875e-08 -6.84754e-12 2.56791e-07)
(-8.45461e-08 -9.01378e-12 2.53856e-07)
(-8.74465e-08 1.5213e-12 2.52649e-07)
(-8.82628e-08 -6.10072e-12 2.62643e-07)
(-8.70185e-08 -8.08214e-12 2.59706e-07)
(-8.9924e-08 1.27822e-12 2.58493e-07)
(-9.07447e-08 -5.37438e-12 2.68503e-07)
(-8.94979e-08 -7.17287e-12 2.65564e-07)
(-9.24079e-08 1.06971e-12 2.64346e-07)
(-9.32321e-08 -4.67356e-12 2.74369e-07)
(-9.19834e-08 -6.292e-12 2.71428e-07)
(-9.48972e-08 8.92032e-13 2.70205e-07)
(-9.57242e-08 -4.00318e-12 2.8024e-07)
(-9.4474e-08 -5.4454e-12 2.77297e-07)
(-9.73911e-08 7.4163e-13 2.76071e-07)
(-9.822e-08 -3.36809e-12 2.86114e-07)
(-9.69686e-08 -4.6388e-12 2.83171e-07)
(-9.98887e-08 6.1512e-13 2.81941e-07)
(-1.00719e-07 -2.77306e-12 2.91992e-07)
(-9.94665e-08 -3.87785e-12 2.89048e-07)
(-1.02389e-07 5.09262e-13 2.87815e-07)
(-1.03219e-07 -2.22285e-12 2.97871e-07)
(-1.01967e-07 -3.16817e-12 2.94927e-07)
(-1.04891e-07 4.2092e-13 2.93692e-07)
(-1.05722e-07 -1.72204e-12 3.03751e-07)
(-1.04469e-07 -2.51531e-12 3.00808e-07)
(-1.07395e-07 3.47001e-13 2.9957e-07)
(-1.08224e-07 -1.27482e-12 3.09632e-07)
(-1.06972e-07 -1.92469e-12 3.06689e-07)
(-1.09899e-07 2.8438e-13 3.05449e-07)
(-1.10727e-07 -8.84176e-13 3.15512e-07)
(-1.09475e-07 -1.40115e-12 3.1257e-07)
(-1.12404e-07 2.29888e-13 3.11329e-07)
(-1.1323e-07 -5.50452e-13 3.21392e-07)
(-1.11979e-07 -9.47708e-13 3.18451e-07)
(-1.14908e-07 1.80437e-13 3.17208e-07)
(-1.15732e-07 -2.687e-13 3.27269e-07)
(-1.14481e-07 -5.63542e-13 3.2433e-07)
(-1.17411e-07 1.32839e-13 3.23086e-07)
(-1.18233e-07 -2.06734e-14 3.33145e-07)
(-1.16983e-07 -2.37893e-13 3.30207e-07)
(-1.19913e-07 8.45026e-14 3.28962e-07)
(-1.20732e-07 2.1636e-13 3.39018e-07)
(-1.19483e-07 7.39771e-14 3.36082e-07)
(-1.22414e-07 4.16416e-14 3.34837e-07)
(-1.2323e-07 3.81501e-13 3.44889e-07)
(-1.21982e-07 4.13755e-13 3.41954e-07)
(-1.24913e-07 -1.07341e-14 3.40708e-07)
(-1.24478e-07 4.41758e-13 3.47823e-07)
(-1.27409e-07 -2.33904e-13 3.46577e-07)
(3.13876e-11 2.48033e-11 -5.1331e-11)
(-3.79782e-11 9.68641e-11 -1.30851e-10)
(8.14938e-11 7.55665e-11 2.12701e-10)
(-7.6158e-11 1.93347e-10 -4.82868e-12)
(1.33838e-10 1.17033e-10 7.07432e-10)
(-1.11395e-10 2.49197e-10 3.69792e-10)
(1.75495e-10 1.41597e-10 1.4082e-09)
(-1.51148e-10 2.83468e-10 9.56881e-10)
(1.96318e-10 1.53042e-10 2.30545e-09)
(-2.06326e-10 3.01348e-10 1.74543e-09)
(1.88945e-10 1.5552e-10 3.39234e-09)
(-2.85507e-10 3.07139e-10 2.72677e-09)
(1.4779e-10 1.52181e-10 4.66344e-09)
(-3.94969e-10 3.04762e-10 3.89422e-09)
(6.84265e-11 1.45309e-10 6.11392e-09)
(-5.39542e-10 2.97278e-10 5.24224e-09)
(-5.27765e-11 1.36478e-10 7.73914e-09)
(-7.23051e-10 2.86863e-10 6.7658e-09)
(-2.18898e-10 1.26718e-10 9.5346e-09)
(-9.48653e-10 2.74956e-10 8.46021e-09)
(-4.32622e-10 1.16675e-10 1.14959e-08)
(-1.21906e-09 2.62455e-10 1.0321e-08)
(-6.96337e-10 1.06731e-10 1.36187e-08)
(-1.53669e-09 2.49891e-10 1.23439e-08)
(-1.01218e-09 9.70973e-11 1.58989e-08)
(-1.9037e-09 2.37556e-10 1.45248e-08)
(-1.38206e-09 8.78755e-11 1.83322e-08)
(-2.32206e-09 2.25591e-10 1.68597e-08)
(-1.80769e-09 7.91055e-11 2.09146e-08)
(-2.79354e-09 2.14055e-10 1.93446e-08)
(-2.29055e-09 7.07927e-11 2.36419e-08)
(-3.31971e-09 2.0296e-10 2.19754e-08)
(-2.83194e-09 6.29257e-11 2.65103e-08)
(-3.90195e-09 1.92297e-10 2.47485e-08)
(-3.43293e-09 5.54864e-11 2.95155e-08)
(-4.54143e-09 1.82045e-10 2.76597e-08)
(-4.09441e-09 4.8456e-11 3.26538e-08)
(-5.23914e-09 1.72186e-10 3.07053e-08)
(-4.81706e-09 4.18167e-11 3.59212e-08)
(-5.99587e-09 1.62701e-10 3.38815e-08)
(-5.60138e-09 3.55532e-11 3.93137e-08)
(-6.81221e-09 1.53576e-10 3.71844e-08)
(-6.44766e-09 2.96525e-11 4.28275e-08)
(-7.68856e-09 1.44798e-10 4.06102e-08)
(-7.35606e-09 2.41036e-11 4.64588e-08)
(-8.62517e-09 1.36358e-10 4.41552e-08)
(-8.32653e-09 1.88967e-11 5.02037e-08)
(-9.62209e-09 1.28249e-10 4.78157e-08)
(-9.35889e-09 1.40231e-11 5.40587e-08)
(-1.06792e-08 1.20464e-10 5.1588e-08)
(-1.04528e-08 9.4746e-12 5.80199e-08)
(-1.17963e-08 1.12997e-10 5.54684e-08)
(-1.16077e-08 5.24341e-12 6.20838e-08)
(-1.2973e-08 1.05844e-10 5.94534e-08)
(-1.28231e-08 1.32162e-12 6.62467e-08)
(-1.42087e-08 9.89999e-11 6.35395e-08)
(-1.40982e-08 -2.29869e-12 7.05052e-08)
(-1.55029e-08 9.24586e-11 6.77231e-08)
(-1.54322e-08 -5.62561e-12 7.48558e-08)
(-1.68546e-08 8.62151e-11 7.20008e-08)
(-1.68241e-08 -8.66745e-12 7.92951e-08)
(-1.82631e-08 8.02639e-11 7.63693e-08)
(-1.82728e-08 -1.14327e-11 8.38197e-08)
(-1.97273e-08 7.45989e-11 8.08252e-08)
(-1.97772e-08 -1.39302e-11 8.84263e-08)
(-2.12462e-08 6.92142e-11 8.53652e-08)
(-2.13361e-08 -1.61688e-11 9.31118e-08)
(-2.28187e-08 6.41032e-11 8.99861e-08)
(-2.29482e-08 -1.81576e-11 9.78729e-08)
(-2.44434e-08 5.92592e-11 9.46848e-08)
(-2.46121e-08 -1.9906e-11 1.02707e-07)
(-2.61191e-08 5.46755e-11 9.94582e-08)
(-2.63264e-08 -2.14234e-11 1.0761e-07)
(-2.78444e-08 5.03449e-11 1.04303e-07)
(-2.80895e-08 -2.27193e-11 1.12579e-07)
(-2.96179e-08 4.62601e-11 1.09217e-07)
(-2.99001e-08 -2.38033e-11 1.17613e-07)
(-3.14381e-08 4.24139e-11 1.14196e-07)
(-3.17564e-08 -2.46852e-11 1.22707e-07)
(-3.33035e-08 3.87986e-11 1.19238e-07)
(-3.3657e-08 -2.53747e-11 1.27859e-07)
(-3.52125e-08 3.54068e-11 1.24341e-07)
(-3.56001e-08 -2.58816e-11 1.33066e-07)
(-3.71635e-08 3.22306e-11 1.295e-07)
(-3.75841e-08 -2.62158e-11 1.38325e-07)
(-3.91549e-08 2.92625e-11 1.34714e-07)
(-3.96074e-08 -2.6387e-11 1.43635e-07)
(-4.11851e-08 2.64945e-11 1.3998e-07)
(-4.16682e-08 -2.64052e-11 1.48991e-07)
(-4.32525e-08 2.39188e-11 1.45295e-07)
(-4.37649e-08 -2.62802e-11 1.54393e-07)
(-4.53553e-08 2.15277e-11 1.50658e-07)
(-4.58957e-08 -2.60216e-11 1.59837e-07)
(-4.74919e-08 1.93134e-11 1.56064e-07)
(-4.8059e-08 -2.56393e-11 1.65321e-07)
(-4.96606e-08 1.72679e-11 1.61512e-07)
(-5.02531e-08 -2.51429e-11 1.70842e-07)
(-5.18599e-08 1.53836e-11 1.67e-07)
(-5.24763e-08 -2.45421e-11 1.76399e-07)
(-5.40879e-08 1.36527e-11 1.72525e-07)
(-5.4727e-08 -2.38463e-11 1.81989e-07)
(-5.63431e-08 1.20676e-11 1.78085e-07)
(-5.70035e-08 -2.3065e-11 1.8761e-07)
(-5.86239e-08 1.06206e-11 1.83678e-07)
(-5.93041e-08 -2.22075e-11 1.93259e-07)
(-6.09286e-08 9.30422e-12 1.89302e-07)
(-6.16274e-08 -2.1283e-11 1.98936e-07)
(-6.32557e-08 8.11106e-12 1.94954e-07)
(-6.39716e-08 -2.03007e-11 2.04638e-07)
(-6.56036e-08 7.0338e-12 2.00633e-07)
(-6.63354e-08 -1.92694e-11 2.10362e-07)
(-6.79708e-08 6.06525e-12 2.06336e-07)
(-6.87171e-08 -1.8198e-11 2.16107e-07)
(-7.03558e-08 5.19834e-12 2.12062e-07)
(-7.11154e-08 -1.70952e-11 2.21872e-07)
(-7.27572e-08 4.42617e-12 2.17809e-07)
(-7.35288e-08 -1.59693e-11 2.27654e-07)
(-7.51736e-08 3.74198e-12 2.23575e-07)
(-7.59559e-08 -1.48287e-11 2.33453e-07)
(-7.76035e-08 3.13919e-12 2.29358e-07)
(-7.83955e-08 -1.36814e-11 2.39265e-07)
(-8.00457e-08 2.6114e-12 2.35157e-07)
(-8.08461e-08 -1.25354e-11 2.4509e-07)
(-8.24989e-08 2.15241e-12 2.40969e-07)
(-8.33066e-08 -1.13984e-11 2.50926e-07)
(-8.49619e-08 1.75624e-12 2.46795e-07)
(-8.57759e-08 -1.02777e-11 2.56772e-07)
(-8.74334e-08 1.41712e-12 2.52631e-07)
(-8.82527e-08 -9.18063e-12 2.62627e-07)
(-8.99124e-08 1.12952e-12 2.58477e-07)
(-9.0736e-08 -8.11421e-12 2.68489e-07)
(-9.23978e-08 8.88173e-13 2.64332e-07)
(-9.32247e-08 -7.08524e-12 2.74356e-07)
(-9.48886e-08 6.88049e-13 2.70193e-07)
(-9.5718e-08 -6.10035e-12 2.80229e-07)
(-9.73838e-08 5.2437e-13 2.7606e-07)
(-9.82149e-08 -5.16606e-12 2.86105e-07)
(-9.98826e-08 3.92587e-13 2.81932e-07)
(-1.00715e-07 -4.28881e-12 2.91984e-07)
(-1.02384e-07 2.88341e-13 2.87807e-07)
(-1.03216e-07 -3.47499e-12 2.97864e-07)
(-1.04887e-07 2.07397e-13 2.93685e-07)
(-1.05719e-07 -2.73094e-12 3.03746e-07)
(-1.07392e-07 1.45537e-13 2.99564e-07)
(-1.08223e-07 -2.0627e-12 3.09627e-07)
(-1.09897e-07 9.84104e-14 3.05445e-07)
(-1.10727e-07 -1.47512e-12 3.15509e-07)
(-1.12402e-07 6.14273e-14 3.11325e-07)
(-1.1323e-07 -9.7008e-13 3.21389e-07)
(-1.14907e-07 2.97553e-14 3.17205e-07)
(-1.15732e-07 -5.40816e-13 3.27267e-07)
(-1.17411e-07 -2.13383e-15 3.23084e-07)
(-1.18234e-07 -1.49485e-13 3.33143e-07)
(-1.19914e-07 -3.69843e-14 3.28961e-07)
(-1.20733e-07 2.62867e-13 3.39017e-07)
(-1.22414e-07 -4.96785e-14 3.34835e-07)
(-1.23231e-07 4.63584e-13 3.44888e-07)
(-1.24913e-07 -4.95656e-14 3.40708e-07)
(-1.2741e-07 -6.01149e-13 3.46577e-07)
(-1.40638e-10 -2.63336e-10 -8.49569e-11)
(-6.25569e-11 -1.49635e-10 -1.19308e-10)
(-1.35991e-10 -2.85886e-10 -1.22831e-10)
(-2.68938e-10 -3.65883e-10 1.51629e-10)
(-1.87008e-10 -2.77533e-10 3.7442e-11)
(-3.43638e-10 -4.76261e-10 -5.91662e-12)
(-3.94989e-10 -4.14844e-10 6.188e-10)
(-3.23149e-10 -3.39407e-10 4.24037e-10)
(-5.59807e-10 -5.44105e-10 3.446e-10)
(-5.31134e-10 -4.42474e-10 1.29392e-09)
(-4.62987e-10 -3.7504e-10 1.01252e-09)
(-7.78663e-10 -5.82009e-10 9.05142e-10)
(-6.86037e-10 -4.54724e-10 2.16673e-09)
(-6.15703e-10 -3.93181e-10 1.79704e-09)
(-1.01069e-09 -6.00547e-10 1.66813e-09)
(-8.67002e-10 -4.55687e-10 3.22874e-09)
(-7.90079e-10 -3.98726e-10 2.77041e-09)
(-1.26537e-09 -6.0419e-10 2.62416e-09)
(-1.07961e-09 -4.49199e-10 4.47319e-09)
(-9.92355e-10 -3.9587e-10 3.92662e-09)
(-1.54874e-09 -5.97999e-10 3.76511e-09)
(-1.3281e-09 -4.38206e-10 5.89435e-09)
(-1.2274e-09 -3.87809e-10 5.26056e-09)
(-1.86518e-09 -5.85912e-10 5.08426e-09)
(-1.6158e-09 -4.24751e-10 7.48714e-09)
(-1.4991e-09 -3.76793e-10 6.76749e-09)
(-2.21803e-09 -5.70607e-10 6.57589e-09)
(-1.94551e-09 -4.10137e-10 9.24691e-09)
(-1.81069e-09 -3.64291e-10 8.44299e-09)
(-2.61003e-09 -5.5377e-10 8.23506e-09)
(-2.31966e-09 -3.95147e-10 1.11694e-08)
(-2.16491e-09 -3.51199e-10 1.02829e-08)
(-3.0436e-09 -5.36388e-10 1.00573e-08)
(-2.74043e-09 -3.80221e-10 1.32504e-08)
(-2.56421e-09 -3.38033e-10 1.22831e-08)
(-3.52091e-09 -5.19001e-10 1.20387e-08)
(-3.20983e-09 -3.65582e-10 1.54861e-08)
(-3.01078e-09 -3.25062e-10 1.44398e-08)
(-4.04399e-09 -5.01877e-10 1.41752e-08)
(-3.72968e-09 -3.51329e-10 1.78725e-08)
(-3.50661e-09 -3.12413e-10 1.67491e-08)
(-4.61471e-09 -4.85131e-10 1.64631e-08)
(-4.3016e-09 -3.37493e-10 2.0406e-08)
(-4.05347e-09 -3.00134e-10 1.92071e-08)
(-5.23479e-09 -4.68794e-10 1.88988e-08)
(-4.92706e-09 -3.2407e-10 2.30826e-08)
(-4.65296e-09 -2.88227e-10 2.18103e-08)
(-5.90578e-09 -4.52859e-10 2.14786e-08)
(-5.60734e-09 -3.11044e-10 2.58986e-08)
(-5.30646e-09 -2.7668e-10 2.45547e-08)
(-6.62904e-09 -4.37302e-10 2.41988e-08)
(-6.34349e-09 -2.98394e-10 2.88502e-08)
(-6.01516e-09 -2.65474e-10 2.74366e-08)
(-7.40576e-09 -4.22099e-10 2.70559e-08)
(-7.13642e-09 -2.86101e-10 3.19338e-08)
(-6.78006e-09 -2.54589e-10 3.04523e-08)
(-8.23692e-09 -4.07228e-10 3.00462e-08)
(-7.98681e-09 -2.74149e-10 3.51455e-08)
(-7.60196e-09 -2.4401e-10 3.35981e-08)
(-9.12332e-09 -3.92673e-10 3.3166e-08)
(-8.89518e-09 -2.62529e-10 3.84818e-08)
(-8.48147e-09 -2.33725e-10 3.68703e-08)
(-1.00656e-08 -3.78422e-10 3.64119e-08)
(-9.86187e-09 -2.5123e-10 4.19389e-08)
(-9.41901e-09 -2.23725e-10 4.02651e-08)
(-1.10641e-08 -3.64468e-10 3.97801e-08)
(-1.0887e-08 -2.40247e-10 4.55131e-08)
(-1.04148e-08 -2.14004e-10 4.37789e-08)
(-1.21193e-08 -3.50808e-10 4.32672e-08)
(-1.19706e-08 -2.29576e-10 4.92009e-08)
(-1.1469e-08 -2.04558e-10 4.74082e-08)
(-1.3231e-08 -3.37439e-10 4.68695e-08)
(-1.31126e-08 -2.19214e-10 5.29987e-08)
(-1.25816e-08 -1.95384e-10 5.11492e-08)
(-1.43994e-08 -3.24361e-10 5.05835e-08)
(-1.43125e-08 -2.09158e-10 5.6903e-08)
(-1.37521e-08 -1.86479e-10 5.49985e-08)
(-1.56241e-08 -3.11574e-10 5.44059e-08)
(-1.557e-08 -1.99406e-10 6.09102e-08)
(-1.49804e-08 -1.77841e-10 5.89525e-08)
(-1.69049e-08 -2.99079e-10 5.83331e-08)
(-1.68846e-08 -1.89956e-10 6.50169e-08)
(-1.62659e-08 -1.69468e-10 6.30078e-08)
(-1.82412e-08 -2.86876e-10 6.23617e-08)
(-1.82554e-08 -1.80805e-10 6.92197e-08)
(-1.7608e-08 -1.61358e-10 6.71609e-08)
(-1.96324e-08 -2.74966e-10 6.64884e-08)
(-1.96817e-08 -1.71949e-10 7.35153e-08)
(-1.9006e-08 -1.53509e-10 7.14086e-08)
(-2.10779e-08 -2.63348e-10 7.07099e-08)
(-2.11627e-08 -1.63387e-10 7.79004e-08)
(-2.04589e-08 -1.45918e-10 7.57473e-08)
(-2.25768e-08 -2.52023e-10 7.50228e-08)
(-2.26972e-08 -1.55114e-10 8.23717e-08)
(-2.19659e-08 -1.38582e-10 8.0174e-08)
(-2.41281e-08 -2.40989e-10 7.94241e-08)
(-2.42842e-08 -1.47126e-10 8.6926e-08)
(-2.35259e-08 -1.31497e-10 8.46853e-08)
(-2.57308e-08 -2.30245e-10 8.39104e-08)
(-2.59226e-08 -1.3942e-10 9.15602e-08)
(-2.51377e-08 -1.2466e-10 8.92781e-08)
(-2.73839e-08 -2.19791e-10 8.84787e-08)
(-2.76111e-08 -1.3199e-10 9.62712e-08)
(-2.68003e-08 -1.18068e-10 9.39492e-08)
(-2.90862e-08 -2.09623e-10 9.31259e-08)
(-2.93483e-08 -1.24833e-10 1.01056e-07)
(-2.85122e-08 -1.11716e-10 9.86957e-08)
(-3.08363e-08 -1.9974e-10 9.78489e-08)
(-3.1133e-08 -1.17944e-10 1.05911e-07)
(-3.02722e-08 -1.056e-10 1.03514e-07)
(-3.26331e-08 -1.9014e-10 1.02645e-07)
(-3.29636e-08 -1.11316e-10 1.10835e-07)
(-3.20789e-08 -9.97158e-11 1.08402e-07)
(-3.4475e-08 -1.80819e-10 1.07511e-07)
(-3.48388e-08 -1.04946e-10 1.15823e-07)
(-3.39308e-08 -9.40587e-11 1.13357e-07)
(-3.63608e-08 -1.71776e-10 1.12444e-07)
(-3.67569e-08 -9.88278e-11 1.20873e-07)
(-3.58264e-08 -8.86239e-11 1.18375e-07)
(-3.82889e-08 -1.63007e-10 1.17441e-07)
(-3.87165e-08 -9.29556e-11 1.25983e-07)
(-3.77643e-08 -8.34068e-11 1.23454e-07)
(-4.02578e-08 -1.54508e-10 1.22499e-07)
(-4.0716e-08 -8.73241e-11 1.31149e-07)
(-3.97427e-08 -7.84024e-11 1.28591e-07)
(-4.22661e-08 -1.46277e-10 1.27617e-07)
(-4.27538e-08 -8.19276e-11 1.3637e-07)
(-4.17603e-08 -7.36058e-11 1.33783e-07)
(-4.43121e-08 -1.38309e-10 1.3279e-07)
(-4.48282e-08 -7.67603e-11 1.41642e-07)
(-4.38153e-08 -6.90118e-11 1.39028e-07)
(-4.63942e-08 -1.30603e-10 1.38017e-07)
(-4.69377e-08 -7.18165e-11 1.46962e-07)
(-4.59062e-08 -6.46154e-11 1.44323e-07)
(-4.8511e-08 -1.23153e-10 1.43295e-07)
(-4.90805e-08 -6.70903e-11 1.52329e-07)
(-4.80313e-08 -6.04115e-11 1.49666e-07)
(-5.06607e-08 -1.15956e-10 1.48621e-07)
(-5.12552e-08 -6.25758e-11 1.5774e-07)
(-5.0189e-08 -5.6395e-11 1.55054e-07)
(-5.28418e-08 -1.09008e-10 1.53993e-07)
(-5.34599e-08 -5.82674e-11 1.63192e-07)
(-5.23777e-08 -5.25606e-11 1.60484e-07)
(-5.50527e-08 -1.02306e-10 1.59408e-07)
(-5.56932e-08 -5.4159e-11 1.68684e-07)
(-5.45956e-08 -4.89034e-11 1.65955e-07)
(-5.72917e-08 -9.58455e-11 1.64865e-07)
(-5.79533e-08 -5.02451e-11 1.74212e-07)
(-5.68413e-08 -4.54181e-11 1.71464e-07)
(-5.95573e-08 -8.96232e-11 1.7036e-07)
(-6.02388e-08 -4.65198e-11 1.79775e-07)
(-5.91131e-08 -4.20996e-11 1.77009e-07)
(-6.18479e-08 -8.36353e-11 1.75892e-07)
(-6.25479e-08 -4.29775e-11 1.85371e-07)
(-6.14094e-08 -3.89431e-11 1.82587e-07)
(-6.41619e-08 -7.78779e-11 1.81459e-07)
(-6.48792e-08 -3.96126e-11 1.90997e-07)
(-6.37286e-08 -3.59435e-11 1.88197e-07)
(-6.64977e-08 -7.23475e-11 1.87057e-07)
(-6.72311e-08 -3.64196e-11 1.96651e-07)
(-6.60692e-08 -3.30959e-11 1.93836e-07)
(-6.8854e-08 -6.70405e-11 1.92686e-07)
(-6.9602e-08 -3.33931e-11 2.02331e-07)
(-6.84296e-08 -3.03955e-11 1.99503e-07)
(-7.12291e-08 -6.19534e-11 1.98342e-07)
(-7.19906e-08 -3.05278e-11 2.08036e-07)
(-7.08085e-08 -2.78377e-11 2.05195e-07)
(-7.36216e-08 -5.70828e-11 2.04025e-07)
(-7.43954e-08 -2.78186e-11 2.13763e-07)
(-7.32043e-08 -2.54177e-11 2.1091e-07)
(-7.60302e-08 -5.24254e-11 2.09731e-07)
(-7.6815e-08 -2.52604e-11 2.19511e-07)
(-7.56156e-08 -2.31312e-11 2.16647e-07)
(-7.84533e-08 -4.79781e-11 2.1546e-07)
(-7.9248e-08 -2.28484e-11 2.25278e-07)
(-7.8041e-08 -2.09738e-11 2.22403e-07)
(-8.08896e-08 -4.37379e-11 2.2121e-07)
(-8.16931e-08 -2.05779e-11 2.31062e-07)
(-8.04793e-08 -1.89412e-11 2.28178e-07)
(-8.3338e-08 -3.97018e-11 2.26977e-07)
(-8.4149e-08 -1.84445e-11 2.36861e-07)
(-8.2929e-08 -1.70294e-11 2.33969e-07)
(-8.5797e-08 -3.58674e-11 2.32762e-07)
(-8.66146e-08 -1.64439e-11 2.42674e-07)
(-8.5389e-08 -1.52346e-11 2.39774e-07)
(-8.82655e-08 -3.2232e-11 2.38562e-07)
(-8.90887e-08 -1.45719e-11 2.485e-07)
(-8.78581e-08 -1.3553e-11 2.45593e-07)
(-9.07423e-08 -2.87933e-11 2.44376e-07)
(-9.15701e-08 -1.28248e-11 2.54336e-07)
(-9.03352e-08 -1.19812e-11 2.51424e-07)
(-9.32263e-08 -2.55495e-11 2.50202e-07)
(-9.40578e-08 -1.1199e-11 2.60182e-07)
(-9.28191e-08 -1.05159e-11 2.57264e-07)
(-9.57165e-08 -2.24986e-11 2.56038e-07)
(-9.65507e-08 -9.69121e-12 2.66036e-07)
(-9.53087e-08 -9.15408e-12 2.63113e-07)
(-9.82118e-08 -1.96392e-11 2.61884e-07)
(-9.9048e-08 -8.2985e-12 2.71897e-07)
(-9.78033e-08 -7.89296e-12 2.6897e-07)
(-1.00711e-07 -1.69702e-11 2.67738e-07)
(-1.01549e-07 -7.01816e-12 2.77763e-07)
(-1.00302e-07 -6.73006e-12 2.74833e-07)
(-1.03214e-07 -1.44908e-11 2.73598e-07)
(-1.04052e-07 -5.84782e-12 2.83634e-07)
(-1.02803e-07 -5.66315e-12 2.80702e-07)
(-1.0572e-07 -1.22006e-11 2.79464e-07)
(-1.06557e-07 -4.78532e-12 2.89508e-07)
(-1.05307e-07 -4.69027e-12 2.86574e-07)
(-1.08227e-07 -1.00995e-11 2.85335e-07)
(-1.09064e-07 -3.82862e-12 2.95385e-07)
(-1.07812e-07 -3.80962e-12 2.92449e-07)
(-1.10735e-07 -8.18774e-12 2.91208e-07)
(-1.1157e-07 -2.9755e-12 3.01263e-07)
(-1.10319e-07 -3.01945e-12 2.98326e-07)
(-1.13244e-07 -6.46572e-12 2.97084e-07)
(-1.14077e-07 -2.22305e-12 3.07142e-07)
(-1.12825e-07 -2.31767e-12 3.04205e-07)
(-1.15752e-07 -4.93326e-12 3.02961e-07)
(-1.16584e-07 -1.56671e-12 3.13021e-07)
(-1.15331e-07 -1.70134e-12 3.10084e-07)
(-1.1826e-07 -3.58869e-12 3.08839e-07)
(-1.19089e-07 -9.98011e-13 3.189e-07)
(-1.17837e-07 -1.16559e-12 3.15962e-07)
(-1.20767e-07 -2.4265e-12 3.14717e-07)
(-1.21593e-07 -5.01923e-13 3.24777e-07)
(-1.20341e-07 -7.01032e-13 3.2184e-07)
(-1.23272e-07 -1.43203e-12 3.20594e-07)
(-1.24095e-07 -6.29733e-14 3.30652e-07)
(-1.22844e-07 -2.91178e-13 3.27716e-07)
(-1.25776e-07 -5.74304e-13 3.2647e-07)
(-1.26595e-07 3.62036e-13 3.36526e-07)
(-1.25345e-07 7.81498e-14 3.3359e-07)
(-1.28277e-07 1.9098e-13 3.32344e-07)
(-1.29093e-07 1.11433e-12 3.42396e-07)
(-1.27844e-07 4.63195e-13 3.39462e-07)
(-1.30777e-07 9.88173e-13 3.38216e-07)
(-1.30341e-07 1.27103e-12 3.45331e-07)
(-1.33273e-07 2.38972e-12 3.44085e-07)
(-9.9362e-11 -1.60089e-10 1.90035e-12)
(-3.58509e-11 -7.94675e-11 -9.68335e-11)
(-6.898e-11 -1.5291e-10 -7.01235e-11)
(-2.40972e-10 -2.47594e-10 3.09407e-10)
(-1.59493e-10 -1.69991e-10 1.27554e-10)
(-2.86294e-10 -3.04242e-10 1.38506e-10)
(-3.87149e-10 -2.96166e-10 8.17778e-10)
(-3.0863e-10 -2.21173e-10 5.62217e-10)
(-5.30235e-10 -3.80227e-10 5.38101e-10)
(-5.41914e-10 -3.22471e-10 1.51602e-09)
(-4.63664e-10 -2.50553e-10 1.18e-09)
(-7.73864e-10 -4.19973e-10 1.12497e-09)
(-7.13315e-10 -3.34153e-10 2.4014e-09)
(-6.30603e-10 -2.65577e-10 1.98189e-09)
(-1.02673e-09 -4.38136e-10 1.90218e-09)
(-9.08178e-10 -3.36111e-10 3.46923e-09)
(-8.17466e-10 -2.70772e-10 2.96486e-09)
(-1.2987e-09 -4.42641e-10 2.86477e-09)
(-1.13212e-09 -3.31892e-10 4.71514e-09)
(-1.03025e-09 -2.69568e-10 4.12552e-09)
(-1.59594e-09 -4.3877e-10 4.00743e-09)
(-1.38969e-09 -3.2399e-10 6.13504e-09)
(-1.27391e-09 -2.64442e-10 5.46054e-09)
(-1.92327e-09 -4.30017e-10 5.32532e-09)
(-1.68464e-09 -3.14087e-10 7.72487e-09)
(-1.55258e-09 -2.57088e-10 6.96642e-09)
(-2.28462e-09 -4.18652e-10 6.81391e-09)
(-2.02015e-09 -3.03244e-10 9.48065e-09)
(-1.86978e-09 -2.48607e-10 8.6395e-09)
(-2.6833e-09 -4.06071e-10 8.469e-09)
(-2.399e-09 -2.92095e-10 1.13985e-08)
(-2.22854e-09 -2.39667e-10 1.04761e-08)
(-3.12215e-09 -3.9308e-10 1.02866e-08)
(-2.82361e-09 -2.8099e-10 1.34745e-08)
(-2.63153e-09 -2.30653e-10 1.24725e-08)
(-3.60372e-09 -3.80112e-10 1.22628e-08)
(-3.29617e-09 -2.70106e-10 1.57049e-08)
(-3.08112e-09 -2.21767e-10 1.4625e-08)
(-4.13027e-09 -3.67376e-10 1.4394e-08)
(-3.81864e-09 -2.5952e-10 1.8086e-08)
(-3.57944e-09 -2.13103e-10 1.69299e-08)
(-4.70386e-09 -3.54954e-10 1.66766e-08)
(-4.39273e-09 -2.49253e-10 2.0614e-08)
(-4.12836e-09 -2.04696e-10 1.93835e-08)
(-5.3263e-09 -3.42863e-10 1.91068e-08)
(-5.01998e-09 -2.39302e-10 2.32851e-08)
(-4.72954e-09 -1.96547e-10 2.19821e-08)
(-5.99924e-09 -3.31092e-10 2.1681e-08)
(-5.70168e-09 -2.29651e-10 2.60956e-08)
(-5.3844e-09 -1.88649e-10 2.47219e-08)
(-6.72407e-09 -3.19617e-10 2.43957e-08)
(-6.43894e-09 -2.20282e-10 2.90417e-08)
(-6.09418e-09 -1.80987e-10 2.75992e-08)
(-7.50203e-09 -3.08416e-10 2.72473e-08)
(-7.23268e-09 -2.11182e-10 3.21198e-08)
(-6.85989e-09 -1.73547e-10 3.06103e-08)
(-8.33412e-09 -2.97468e-10 3.02321e-08)
(-8.08359e-09 -2.02337e-10 3.53261e-08)
(-7.68236e-09 -1.66318e-10 3.37515e-08)
(-9.22117e-09 -2.8676e-10 3.33464e-08)
(-8.99222e-09 -1.93739e-10 3.86569e-08)
(-8.56219e-09 -1.59291e-10 3.70191e-08)
(-1.01638e-08 -2.76282e-10 3.65868e-08)
(-9.9589e-09 -1.85381e-10 4.21086e-08)
(-9.49985e-09 -1.5246e-10 4.04093e-08)
(-1.11625e-08 -2.66026e-10 3.99496e-08)
(-1.09838e-08 -1.77259e-10 4.56775e-08)
(-1.04956e-08 -1.45821e-10 4.39187e-08)
(-1.22174e-08 -2.55991e-10 4.34313e-08)
(-1.2067e-08 -1.69369e-10 4.936e-08)
(-1.15495e-08 -1.3937e-10 4.75435e-08)
(-1.33288e-08 -2.46173e-10 4.70283e-08)
(-1.32082e-08 -1.61709e-10 5.31526e-08)
(-1.26615e-08 -1.33107e-10 5.12801e-08)
(-1.44966e-08 -2.36573e-10 5.07372e-08)
(-1.44073e-08 -1.54277e-10 5.70517e-08)
(-1.38315e-08 -1.27028e-10 5.51251e-08)
(-1.57205e-08 -2.2719e-10 5.45544e-08)
(-1.56637e-08 -1.47071e-10 6.10539e-08)
(-1.50589e-08 -1.21132e-10 5.90748e-08)
(-1.70003e-08 -2.18026e-10 5.84765e-08)
(-1.6977e-08 -1.4009e-10 6.51556e-08)
(-1.63435e-08 -1.15419e-10 6.31259e-08)
(-1.83354e-08 -2.09079e-10 6.25001e-08)
(-1.83464e-08 -1.33331e-10 6.93535e-08)
(-1.76845e-08 -1.09886e-10 6.72749e-08)
(-1.97253e-08 -2.00351e-10 6.66219e-08)
(-1.97712e-08 -1.26793e-10 7.36443e-08)
(-1.90812e-08 -1.04532e-10 7.15185e-08)
(-2.11693e-08 -1.91841e-10 7.08385e-08)
(-2.12504e-08 -1.20472e-10 7.80247e-08)
(-2.05327e-08 -9.93553e-11 7.58532e-08)
(-2.26665e-08 -1.83548e-10 7.51467e-08)
(-2.27831e-08 -1.14367e-10 8.24913e-08)
(-2.20383e-08 -9.43533e-11 8.0276e-08)
(-2.4216e-08 -1.75473e-10 7.95432e-08)
(-2.43682e-08 -1.08474e-10 8.7041e-08)
(-2.35967e-08 -8.95239e-11 8.47834e-08)
(-2.58168e-08 -1.67614e-10 8.4025e-08)
(-2.60045e-08 -1.0279e-10 9.16707e-08)
(-2.52069e-08 -8.48647e-11 8.93724e-08)
(-2.74679e-08 -1.59969e-10 8.85888e-08)
(-2.76909e-08 -9.73114e-11 9.63773e-08)
(-2.68677e-08 -8.03729e-11 9.40398e-08)
(-2.9168e-08 -1.52537e-10 9.32315e-08)
(-2.94259e-08 -9.20354e-11 1.01158e-07)
(-2.85778e-08 -7.60459e-11 9.87826e-08)
(-3.0916e-08 -1.45317e-10 9.79502e-08)
(-3.12082e-08 -8.69578e-11 1.06009e-07)
(-3.03359e-08 -7.18806e-11 1.03598e-07)
(-3.27104e-08 -1.38306e-10 1.02742e-07)
(-3.30365e-08 -8.20749e-11 1.10928e-07)
(-3.21406e-08 -6.78739e-11 1.08482e-07)
(-3.455e-08 -1.31503e-10 1.07604e-07)
(-3.49092e-08 -7.73826e-11 1.15912e-07)
(-3.39905e-08 -6.40228e-11 1.13433e-07)
(-3.64334e-08 -1.24905e-10 1.12532e-07)
(-3.68249e-08 -7.2877e-11 1.20959e-07)
(-3.58841e-08 -6.03239e-11 1.18448e-07)
(-3.8359e-08 -1.1851e-10 1.17526e-07)
(-3.8782e-08 -6.85538e-11 1.26065e-07)
(-3.78199e-08 -5.67739e-11 1.23524e-07)
(-4.03255e-08 -1.12314e-10 1.2258e-07)
(-4.0779e-08 -6.44088e-11 1.31227e-07)
(-3.97963e-08 -5.33694e-11 1.28657e-07)
(-4.23312e-08 -1.06317e-10 1.27694e-07)
(-4.28142e-08 -6.04377e-11 1.36444e-07)
(-4.18117e-08 -5.01069e-11 1.33847e-07)
(-4.43746e-08 -1.00514e-10 1.32864e-07)
(-4.4886e-08 -5.66362e-11 1.41712e-07)
(-4.38646e-08 -4.6983e-11 1.39088e-07)
(-4.64542e-08 -9.49029e-11 1.38087e-07)
(-4.69929e-08 -5.29999e-11 1.47029e-07)
(-4.59533e-08 -4.3994e-11 1.44381e-07)
(-4.85684e-08 -8.94812e-11 1.43361e-07)
(-4.91332e-08 -4.95244e-11 1.52393e-07)
(-4.80763e-08 -4.11365e-11 1.4972e-07)
(-5.07155e-08 -8.42459e-11 1.48684e-07)
(-5.13053e-08 -4.62054e-11 1.578e-07)
(-5.02319e-08 -3.84069e-11 1.55105e-07)
(-5.2894e-08 -7.91939e-11 1.54053e-07)
(-5.35075e-08 -4.30385e-11 1.63249e-07)
(-5.24184e-08 -3.58016e-11 1.60533e-07)
(-5.51023e-08 -7.43224e-11 1.59465e-07)
(-5.57382e-08 -4.00192e-11 1.68737e-07)
(-5.46342e-08 -3.3317e-11 1.66001e-07)
(-5.73388e-08 -6.96285e-11 1.64918e-07)
(-5.79959e-08 -3.71433e-11 1.74263e-07)
(-5.68778e-08 -3.09497e-11 1.71508e-07)
(-5.96018e-08 -6.51092e-11 1.70411e-07)
(-6.02788e-08 -3.44064e-11 1.79823e-07)
(-5.91475e-08 -2.86962e-11 1.7705e-07)
(-6.18899e-08 -6.07617e-11 1.75939e-07)
(-6.25855e-08 -3.18043e-11 1.85415e-07)
(-6.14418e-08 -2.65529e-11 1.82626e-07)
(-6.42015e-08 -5.6583e-11 1.81503e-07)
(-6.49144e-08 -2.93328e-11 1.91038e-07)
(-6.3759e-08 -2.45164e-11 1.88233e-07)
(-6.65349e-08 -5.25704e-11 1.87098e-07)
(-6.72639e-08 -2.69876e-11 1.9669e-07)
(-6.60976e-08 -2.25834e-11 1.9387e-07)
(-6.88888e-08 -4.8721e-11 1.92724e-07)
(-6.96326e-08 -2.47649e-11 2.02367e-07)
(-6.84561e-08 -2.07505e-11 1.99534e-07)
(-7.12616e-08 -4.50322e-11 1.98378e-07)
(-7.2019e-08 -2.26605e-11 2.0807e-07)
(-7.08331e-08 -1.90144e-11 2.05224e-07)
(-7.36518e-08 -4.15014e-11 2.04058e-07)
(-7.44216e-08 -2.06707e-11 2.13794e-07)
(-7.32271e-08 -1.7372e-11 2.10937e-07)
(-7.60581e-08 -3.81259e-11 2.09762e-07)
(-7.6839e-08 -1.87916e-11 2.1954e-07)
(-7.56366e-08 -1.58202e-11 2.16672e-07)
(-7.84791e-08 -3.49034e-11 2.15489e-07)
(-7.927e-08 -1.70195e-11 2.25304e-07)
(-7.80603e-08 -1.43559e-11 2.22426e-07)
(-8.09134e-08 -3.18315e-11 2.21236e-07)
(-8.17131e-08 -1.53511e-11 2.31086e-07)
(-8.04969e-08 -1.29763e-11 2.28199e-07)
(-8.33596e-08 -2.89079e-11 2.27001e-07)
(-8.41672e-08 -1.37828e-11 2.36883e-07)
(-8.2945e-08 -1.16785e-11 2.33988e-07)
(-8.58167e-08 -2.61306e-11 2.32784e-07)
(-8.6631e-08 -1.23114e-11 2.42694e-07)
(-8.54035e-08 -1.04598e-11 2.39792e-07)
(-8.82833e-08 -2.34976e-11 2.38582e-07)
(-8.91033e-08 -1.09339e-11 2.48518e-07)
(-8.78711e-08 -9.31773e-12 2.45609e-07)
(-9.07583e-08 -2.10071e-11 2.44394e-07)
(-9.1583e-08 -9.64731e-12 2.54352e-07)
(-9.03467e-08 -8.24983e-12 2.51438e-07)
(-9.32406e-08 -1.86575e-11 2.50218e-07)
(-9.40691e-08 -8.44907e-12 2.60196e-07)
(-9.28293e-08 -7.25385e-12 2.57277e-07)
(-9.57291e-08 -1.64474e-11 2.56052e-07)
(-9.65606e-08 -7.33664e-12 2.66048e-07)
(-9.53177e-08 -6.32769e-12 2.63125e-07)
(-9.82229e-08 -1.43756e-11 2.61897e-07)
(-9.90565e-08 -6.3078e-12 2.71907e-07)
(-9.7811e-08 -5.46944e-12 2.6898e-07)
(-1.00721e-07 -1.24412e-11 2.67749e-07)
(-1.01556e-07 -5.36052e-12 2.77772e-07)
(-1.00308e-07 -4.67738e-12 2.74842e-07)
(-1.03222e-07 -1.06436e-11 2.73608e-07)
(-1.04058e-07 -4.49305e-12 2.83642e-07)
(-1.02809e-07 -3.94999e-12 2.80709e-07)
(-1.05727e-07 -8.98248e-12 2.79472e-07)
(-1.06562e-07 -3.7038e-12 2.89515e-07)
(-1.05312e-07 -3.28593e-12 2.8658e-07)
(-1.08232e-07 -7.45776e-12 2.85341e-07)
(-1.09067e-07 -2.99127e-12 2.95391e-07)
(-1.07816e-07 -2.68398e-12 2.92454e-07)
(-1.1074e-07 -6.0697e-12 2.91214e-07)
(-1.11573e-07 -2.35387e-12 3.01268e-07)
(-1.10322e-07 -2.14294e-12 2.98331e-07)
(-1.13247e-07 -4.81857e-12 2.97089e-07)
(-1.14079e-07 -1.78947e-12 3.07146e-07)
(-1.12827e-07 -1.66141e-12 3.04208e-07)
(-1.15755e-07 -3.70425e-12 3.02965e-07)
(-1.16585e-07 -1.29482e-12 3.13024e-07)
(-1.15333e-07 -1.23735e-12 3.10087e-07)
(-1.18262e-07 -2.72535e-12 3.08842e-07)
(-1.1909e-07 -8.63981e-13 3.18902e-07)
(-1.17838e-07 -8.67423e-13 3.15964e-07)
(-1.20768e-07 -1.87752e-12 3.14719e-07)
(-1.21593e-07 -4.86239e-13 3.24779e-07)
(-1.20342e-07 -5.45284e-13 3.21841e-07)
(-1.23273e-07 -1.14987e-12 3.20596e-07)
(-1.24095e-07 -1.46963e-13 3.30653e-07)
(-1.22844e-07 -2.60565e-13 3.27717e-07)
(-1.25776e-07 -5.20029e-13 3.26471e-07)
(-1.26595e-07 1.85358e-13 3.36526e-07)
(-1.25345e-07 -1.68468e-15 3.33591e-07)
(-1.28277e-07 4.57899e-14 3.32345e-07)
(-1.29093e-07 6.26113e-13 3.42397e-07)
(-1.27844e-07 2.75071e-13 3.39463e-07)
(-1.30776e-07 6.19389e-13 3.38216e-07)
(-1.30341e-07 6.81743e-13 3.45332e-07)
(-1.33273e-07 1.38443e-12 3.44085e-07)
(-8.69483e-11 -8.77469e-11 2.84678e-11)
(-3.02039e-11 -3.47049e-11 -9.40184e-11)
(-5.52713e-11 -7.8038e-11 -5.69571e-11)
(-2.28121e-10 -1.42545e-10 3.80055e-10)
(-1.49032e-10 -8.03257e-11 1.62474e-10)
(-2.61491e-10 -1.70848e-10 2.00828e-10)
(-3.827e-10 -1.74874e-10 9.24289e-10)
(-3.0198e-10 -1.0804e-10 6.28476e-10)
(-5.12161e-10 -2.22091e-10 6.40655e-10)
(-5.47844e-10 -1.9302e-10 1.64603e-09)
(-4.64177e-10 -1.24391e-10 1.26818e-09)
(-7.68589e-10 -2.50147e-10 1.2533e-09)
(-7.29237e-10 -2.01523e-10 2.54578e-09)
(-6.38628e-10 -1.32951e-10 2.08416e-09)
(-1.03408e-09 -2.63581e-10 2.04624e-09)
(-9.32986e-10 -2.03537e-10 3.62184e-09)
(-8.32469e-10 -1.36157e-10 3.07574e-09)
(-1.31717e-09 -2.67607e-10 3.01794e-09)
(-1.16451e-09 -2.01427e-10 4.87184e-09)
(-1.05141e-09 -1.3588e-10 4.2412e-09)
(-1.62381e-09 -2.65885e-10 4.1652e-09)
(-1.42841e-09 -1.9686e-10 6.29307e-09)
(-1.3003e-09 -1.3347e-10 5.57842e-09)
(-1.95887e-09 -2.60842e-10 5.48468e-09)
(-1.72855e-09 -1.90947e-10 7.8824e-09)
(-1.58333e-09 -1.29844e-10 7.08474e-09)
(-2.32647e-09 -2.54024e-10 6.9729e-09)
(-2.0683e-09 -1.84393e-10 9.63649e-09)
(-1.90412e-09 -1.25597e-10 8.75709e-09)
(-2.73015e-09 -2.46374e-10 8.62632e-09)
(-2.45059e-09 -1.77615e-10 1.15519e-08)
(-2.2658e-09 -1.2109e-10 1.05922e-08)
(-3.17302e-09 -2.38435e-10 1.04414e-08)
(-2.87803e-09 -1.70848e-10 1.36249e-08)
(-2.67118e-09 -1.16532e-10 1.25866e-08)
(-3.65782e-09 -2.30498e-10 1.24147e-08)
(-3.3529e-09 -1.64209e-10 1.58521e-08)
(-3.12274e-09 -1.12034e-10 1.47368e-08)
(-4.18698e-09 -2.22704e-10 1.45426e-08)
(-3.87726e-09 -1.57752e-10 1.82297e-08)
(-3.62266e-09 -1.07645e-10 1.70392e-08)
(-4.76268e-09 -2.15109e-10 1.68216e-08)
(-4.45292e-09 -1.5149e-10 2.07541e-08)
(-4.1729e-09 -1.03387e-10 1.94902e-08)
(-5.38686e-09 -2.07725e-10 1.92482e-08)
(-5.08142e-09 -1.45422e-10 2.34215e-08)
(-4.77514e-09 -9.92618e-11 2.2086e-08)
(-6.06119e-09 -2.00543e-10 2.18188e-08)
(-5.76413e-09 -1.39539e-10 2.62283e-08)
(-5.43087e-09 -9.52637e-11 2.48231e-08)
(-6.78716e-09 -1.93547e-10 2.45298e-08)
(-6.50217e-09 -1.33831e-10 2.91708e-08)
(-6.14133e-09 -9.13859e-11 2.76976e-08)
(-7.56599e-09 -1.86724e-10 2.73776e-08)
(-7.29648e-09 -1.28287e-10 3.22451e-08)
(-6.90755e-09 -8.76214e-11 3.07059e-08)
(-8.39874e-09 -1.80059e-10 3.03586e-08)
(-8.14777e-09 -1.229e-10 3.54477e-08)
(-7.73037e-09 -8.39643e-11 3.38443e-08)
(-9.28624e-09 -1.73542e-10 3.34692e-08)
(-9.05659e-09 -1.17663e-10 3.87749e-08)
(-8.61043e-09 -8.04099e-11 3.71091e-08)
(-1.02291e-08 -1.67168e-10 3.67059e-08)
(-1.00233e-08 -1.12574e-10 4.22229e-08)
(-9.54816e-09 -7.6955e-11 4.04967e-08)
(-1.12279e-08 -1.60931e-10 4.0065e-08)
(-1.10481e-08 -1.07629e-10 4.57882e-08)
(-1.05439e-08 -7.35975e-11 4.40033e-08)
(-1.22828e-08 -1.5483e-10 4.3543e-08)
(-1.21309e-08 -1.02825e-10 4.94672e-08)
(-1.15976e-08 -7.03358e-11 4.76254e-08)
(-1.33939e-08 -1.48863e-10 4.71364e-08)
(-1.32717e-08 -9.81628e-11 5.32563e-08)
(-1.27094e-08 -6.71686e-11 5.13594e-08)
(-1.45613e-08 -1.4303e-10 5.08417e-08)
(-1.44702e-08 -9.36398e-11 5.71519e-08)
(-1.38789e-08 -6.40954e-11 5.52017e-08)
(-1.57847e-08 -1.3733e-10 5.46554e-08)
(-1.5726e-08 -8.92552e-11 6.11507e-08)
(-1.51059e-08 -6.11152e-11 5.91489e-08)
(-1.70638e-08 -1.31764e-10 5.8574e-08)
(-1.70384e-08 -8.50078e-11 6.52491e-08)
(-1.63899e-08 -5.82273e-11 6.31974e-08)
(-1.83981e-08 -1.26332e-10 6.25942e-08)
(-1.84069e-08 -8.08966e-11 6.94437e-08)
(-1.77302e-08 -5.54311e-11 6.73439e-08)
(-1.97871e-08 -1.21034e-10 6.67127e-08)
(-1.98306e-08 -7.692e-11 7.37312e-08)
(-1.91262e-08 -5.27256e-11 7.1585e-08)
(-2.12301e-08 -1.15871e-10 7.0926e-08)
(-2.13087e-08 -7.30767e-11 7.81084e-08)
(-2.0577e-08 -5.011e-11 7.59174e-08)
(-2.27262e-08 -1.1084e-10 7.5231e-08)
(-2.28402e-08 -6.9365e-11 8.25719e-08)
(-2.20816e-08 -4.7583e-11 8.03377e-08)
(-2.42745e-08 -1.05943e-10 7.96244e-08)
(-2.4424e-08 -6.5783e-11 8.71185e-08)
(-2.36391e-08 -4.51436e-11 8.48428e-08)
(-2.58741e-08 -1.01178e-10 8.4103e-08)
(-2.6059e-08 -6.23288e-11 9.17452e-08)
(-2.52483e-08 -4.27905e-11 8.94295e-08)
(-2.75238e-08 -9.6545e-11 8.86637e-08)
(-2.77439e-08 -5.90003e-11 9.64488e-08)
(-2.6908e-08 -4.05223e-11 9.40947e-08)
(-2.92226e-08 -9.20424e-11 9.33035e-08)
(-2.94775e-08 -5.57953e-11 1.01226e-07)
(-2.86171e-08 -3.83377e-11 9.88353e-08)
(-3.0969e-08 -8.76693e-11 9.80193e-08)
(-3.12583e-08 -5.27115e-11 1.06075e-07)
(-3.0374e-08 -3.6235e-11 1.03648e-07)
(-3.2762e-08 -8.34244e-11 1.02808e-07)
(-3.3085e-08 -4.97466e-11 1.10991e-07)
(-3.21776e-08 -3.42127e-11 1.08531e-07)
(-3.46e-08 -7.93065e-11 1.07667e-07)
(-3.49561e-08 -4.68981e-11 1.15973e-07)
(-3.40263e-08 -3.22693e-11 1.1348e-07)
(-3.64818e-08 -7.53139e-11 1.12593e-07)
(-3.68702e-08 -4.41634e-11 1.21016e-07)
(-3.59187e-08 -3.04029e-11 1.18492e-07)
(-3.84058e-08 -7.14452e-11 1.17584e-07)
(-3.88256e-08 -4.15401e-11 1.2612e-07)
(-3.78532e-08 -2.8612e-11 1.23566e-07)
(-4.03705e-08 -6.76988e-11 1.22636e-07)
(-4.08209e-08 -3.90254e-11 1.3128e-07)
(-3.98284e-08 -2.68948e-11 1.28698e-07)
(-4.23746e-08 -6.4073e-11 1.27747e-07)
(-4.28544e-08 -3.66169e-11 1.36494e-07)
(-4.18425e-08 -2.52495e-11 1.33885e-07)
(-4.44163e-08 -6.0566e-11 1.32914e-07)
(-4.49245e-08 -3.43116e-11 1.4176e-07)
(-4.38942e-08 -2.36743e-11 1.39125e-07)
(-4.64942e-08 -5.71762e-11 1.38135e-07)
(-4.70297e-08 -3.21071e-11 1.47074e-07)
(-4.59816e-08 -2.21674e-11 1.44415e-07)
(-4.86066e-08 -5.39017e-11 1.43407e-07)
(-4.91683e-08 -3.00006e-11 1.52435e-07)
(-4.81033e-08 -2.0727e-11 1.49753e-07)
(-5.0752e-08 -5.07408e-11 1.48727e-07)
(-5.13386e-08 -2.79893e-11 1.57841e-07)
(-5.02576e-08 -1.93514e-11 1.55137e-07)
(-5.29288e-08 -4.76915e-11 1.54093e-07)
(-5.35392e-08 -2.60706e-11 1.63288e-07)
(-5.24428e-08 -1.80386e-11 1.60563e-07)
(-5.51354e-08 -4.4752e-11 1.59503e-07)
(-5.57682e-08 -2.42417e-11 1.68774e-07)
(-5.46574e-08 -1.67868e-11 1.66029e-07)
(-5.73702e-08 -4.19205e-11 1.64955e-07)
(-5.80242e-08 -2.25001e-11 1.74297e-07)
(-5.68997e-08 -1.55944e-11 1.71534e-07)
(-5.96316e-08 -3.91952e-11 1.70445e-07)
(-6.03055e-08 -2.08431e-11 1.79855e-07)
(-5.91682e-08 -1.44594e-11 1.77075e-07)
(-6.1918e-08 -3.65743e-11 1.75972e-07)
(-6.26106e-08 -1.92679e-11 1.85445e-07)
(-6.14612e-08 -1.33801e-11 1.82649e-07)
(-6.42279e-08 -3.40558e-11 1.81533e-07)
(-6.49379e-08 -1.77721e-11 1.91067e-07)
(-6.37772e-08 -1.23547e-11 1.88255e-07)
(-6.65597e-08 -3.16381e-11 1.87127e-07)
(-6.72859e-08 -1.63531e-11 1.96716e-07)
(-6.61147e-08 -1.13816e-11 1.93891e-07)
(-6.8912e-08 -2.93195e-11 1.92751e-07)
(-6.96531e-08 -1.50084e-11 2.02392e-07)
(-6.84721e-08 -1.0459e-11 1.99553e-07)
(-7.12832e-08 -2.70981e-11 1.98403e-07)
(-7.20379e-08 -1.37356e-11 2.08092e-07)
(-7.08479e-08 -9.58532e-12 2.05242e-07)
(-7.3672e-08 -2.49725e-11 2.04081e-07)
(-7.44391e-08 -1.25322e-11 2.13816e-07)
(-7.32408e-08 -8.75884e-12 2.10954e-07)
(-7.60768e-08 -2.29409e-11 2.09783e-07)
(-7.68552e-08 -1.13959e-11 2.19559e-07)
(-7.56493e-08 -7.97802e-12 2.16687e-07)
(-7.84963e-08 -2.10018e-11 2.15508e-07)
(-7.92848e-08 -1.03245e-11 2.25322e-07)
(-7.80719e-08 -7.24133e-12 2.2244e-07)
(-8.09292e-08 -1.91537e-11 2.21254e-07)
(-8.17266e-08 -9.31583e-12 2.31102e-07)
(-8.05075e-08 -6.54728e-12 2.28212e-07)
(-8.33741e-08 -1.73953e-11 2.27018e-07)
(-8.41794e-08 -8.36779e-12 2.36898e-07)
(-8.29547e-08 -5.89443e-12 2.34e-07)
(-8.58299e-08 -1.57252e-11 2.32799e-07)
(-8.6642e-08 -7.47838e-12 2.42708e-07)
(-8.54122e-08 -5.28143e-12 2.39803e-07)
(-8.82953e-08 -1.41422e-11 2.38596e-07)
(-8.91131e-08 -6.64573e-12 2.4853e-07)
(-8.7879e-08 -4.70696e-12 2.45619e-07)
(-9.07691e-08 -1.26451e-11 2.44406e-07)
(-9.15918e-08 -5.86805e-12 2.54363e-07)
(-9.03537e-08 -4.16979e-12 2.51447e-07)
(-9.32502e-08 -1.1233e-11 2.50229e-07)
(-9.40768e-08 -5.1437e-12 2.60206e-07)
(-9.28355e-08 -3.66878e-12 2.57285e-07)
(-9.57377e-08 -9.90498e-12 2.56062e-07)
(-9.65673e-08 -4.47116e-12 2.66057e-07)
(-9.53231e-08 -3.20286e-12 2.63132e-07)
(-9.82304e-08 -8.66025e-12 2.61905e-07)
(-9.90623e-08 -3.84906e-12 2.71915e-07)
(-9.78158e-08 -2.77106e-12 2.68986e-07)
(-1.00728e-07 -7.49828e-12 2.67756e-07)
(-1.01561e-07 -3.27619e-12 2.77779e-07)
(-1.00312e-07 -2.3725e-12 2.74847e-07)
(-1.03228e-07 -6.41867e-12 2.73614e-07)
(-1.04062e-07 -2.75145e-12 2.83648e-07)
(-1.02812e-07 -2.00643e-12 2.80714e-07)
(-1.05731e-07 -5.42122e-12 2.79478e-07)
(-1.06566e-07 -2.27389e-12 2.8952e-07)
(-1.05315e-07 -1.67216e-12 2.86584e-07)
(-1.08236e-07 -4.50595e-12 2.85346e-07)
(-1.0907e-07 -1.84261e-12 2.95395e-07)
(-1.07818e-07 -1.36908e-12 2.92458e-07)
(-1.10743e-07 -3.67301e-12 2.91218e-07)
(-1.11576e-07 -1.45661e-12 3.01271e-07)
(-1.10323e-07 -1.09657e-12 2.98334e-07)
(-1.1325e-07 -2.92253e-12 2.97092e-07)
(-1.14081e-07 -1.11458e-12 3.07149e-07)
(-1.12829e-07 -8.53925e-13 3.04211e-07)
(-1.15757e-07 -2.25439e-12 3.02968e-07)
(-1.16586e-07 -8.1446e-13 3.13027e-07)
(-1.15334e-07 -6.4008e-13 3.10088e-07)
(-1.18263e-07 -1.66761e-12 3.08844e-07)
(-1.1909e-07 -5.52582e-13 3.18904e-07)
(-1.17839e-07 -4.53289e-13 3.15966e-07)
(-1.20769e-07 -1.15928e-12 3.14721e-07)
(-1.21593e-07 -3.22926e-13 3.2478e-07)
(-1.20342e-07 -2.90361e-13 3.21843e-07)
(-1.23273e-07 -7.2269e-13 3.20597e-07)
(-1.24095e-07 -1.17452e-13 3.30655e-07)
(-1.22844e-07 -1.46423e-13 3.27718e-07)
(-1.25776e-07 -3.45554e-13 3.26472e-07)
(-1.26595e-07 8.37092e-14 3.36527e-07)
(-1.25345e-07 -1.56001e-14 3.33592e-07)
(-1.28277e-07 -9.58446e-15 3.32345e-07)
(-1.29093e-07 3.21515e-13 3.42397e-07)
(-1.27844e-07 1.21997e-13 3.39463e-07)
(-1.30776e-07 3.26881e-13 3.38217e-07)
(-1.30341e-07 2.92009e-13 3.45332e-07)
(-1.33273e-07 7.18083e-13 3.44086e-07)
(-8.30509e-11 -2.75175e-11 3.97343e-11)
(-2.89799e-11 7.27345e-20 -9.31342e-11)
(-5.1409e-11 -2.35445e-11 -5.07816e-11)
(-2.24188e-10 -4.59868e-11 4.10755e-10)
(-1.46517e-10 1.9015e-19 1.72855e-10)
(-2.53199e-10 -5.41761e-11 2.28395e-10)
(-3.81814e-10 -5.74374e-11 9.72251e-10)
(-3.00444e-10 3.13529e-19 6.48738e-10)
(-5.05789e-10 -7.23815e-11 6.8709e-10)
(-5.51154e-10 -6.40215e-11 1.70641e-09)
(-4.6462e-10 4.51371e-19 1.29584e-09)
(-7.66867e-10 -8.26914e-11 1.31302e-09)
(-7.36936e-10 -6.71934e-11 2.61445e-09)
(-6.41294e-10 5.97135e-19 2.11687e-09)
(-1.03758e-09 -8.77516e-11 2.11486e-09)
(-9.44826e-10 -6.80603e-11 3.69566e-09)
(-8.37311e-10 7.39217e-19 3.11171e-09)
(-1.32571e-09 -8.94099e-11 3.0922e-09)
(-1.18004e-09 -6.74618e-11 4.94857e-09)
(-1.05823e-09 8.52689e-19 4.27909e-09)
(-1.63688e-09 -8.89938e-11 4.24269e-09)
(-1.4471e-09 -6.59889e-11 6.3711e-09)
(-1.30886e-09 9.04384e-19 5.6173e-09)
(-1.97582e-09 -8.73805e-11 5.56368e-09)
(-1.74991e-09 -6.40346e-11 7.96065e-09)
(-1.59337e-09 9.38779e-19 7.12394e-09)
(-2.34664e-09 -8.51256e-11 7.05223e-09)
(-2.09186e-09 -6.18478e-11 9.71423e-09)
(-1.91537e-09 9.06665e-19 8.79618e-09)
(-2.75296e-09 -8.25672e-11 8.70519e-09)
(-2.47597e-09 -5.9577e-11 1.16286e-08)
(-2.27806e-09 8.16978e-19 1.06309e-08)
(-3.19796e-09 -7.99003e-11 1.05193e-08)
(-2.90488e-09 -5.73053e-11 1.37003e-08)
(-2.68427e-09 7.37196e-19 1.26247e-08)
(-3.68447e-09 -7.72298e-11 1.24912e-08)
(-3.38098e-09 -5.5075e-11 1.5926e-08)
(-3.1365e-09 6.72268e-19 1.47742e-08)
(-4.21503e-09 -7.46065e-11 1.46176e-08)
(-3.90634e-09 -5.2905e-11 1.83019e-08)
(-3.63698e-09 5.94132e-19 1.70757e-08)
(-4.79187e-09 -7.20508e-11 1.68949e-08)
(-4.4828e-09 -5.08011e-11 2.08245e-08)
(-4.18766e-09 4.92033e-19 1.95258e-08)
(-5.41696e-09 -6.95672e-11 1.93197e-08)
(-5.11197e-09 -4.87627e-11 2.34901e-08)
(-4.79028e-09 3.82909e-19 2.21208e-08)
(-6.09203e-09 -6.71529e-11 2.18884e-08)
(-5.7952e-09 -4.67869e-11 2.62951e-08)
(-5.4463e-09 2.81978e-19 2.48569e-08)
(-6.81858e-09 -6.48027e-11 2.45976e-08)
(-6.53365e-09 -4.48699e-11 2.92357e-08)
(-6.15699e-09 2.42022e-19 2.77305e-08)
(-7.59788e-09 -6.25111e-11 2.74435e-08)
(-7.32825e-09 -4.30084e-11 3.23082e-08)
(-6.92339e-09 1.79193e-19 3.07379e-08)
(-8.43097e-09 -6.02734e-11 3.04226e-08)
(-8.17974e-09 -4.11998e-11 3.55089e-08)
(-7.74634e-09 -8.64177e-21 3.38754e-08)
(-9.31871e-09 -5.80862e-11 3.35313e-08)
(-9.08866e-09 -3.9442e-11 3.88343e-08)
(-8.62646e-09 -2.35251e-19 3.71393e-08)
(-1.02617e-08 -5.59471e-11 3.67661e-08)
(-1.00554e-08 -3.77337e-11 4.22805e-08)
(-9.56423e-09 -4.80197e-19 4.05259e-08)
(-1.12605e-08 -5.38546e-11 4.01234e-08)
(-1.10801e-08 -3.60738e-11 4.5844e-08)
(-1.05599e-08 -7.61374e-19 4.40316e-08)
(-1.23154e-08 -5.18078e-11 4.35996e-08)
(-1.21628e-08 -3.44617e-11 4.95212e-08)
(-1.16136e-08 -1.07885e-18 4.76528e-08)
(-1.34264e-08 -4.98062e-11 4.71912e-08)
(-1.33034e-08 -3.2897e-11 5.33085e-08)
(-1.27253e-08 -1.39926e-18 5.13859e-08)
(-1.45936e-08 -4.78498e-11 5.08946e-08)
(-1.45016e-08 -3.13791e-11 5.72024e-08)
(-1.38947e-08 -1.71842e-18 5.52274e-08)
(-1.58167e-08 -4.59385e-11 5.47065e-08)
(-1.5757e-08 -2.99078e-11 6.11994e-08)
(-1.51216e-08 -2.05298e-18 5.91737e-08)
(-1.70955e-08 -4.40723e-11 5.86234e-08)
(-1.7069e-08 -2.84827e-11 6.52961e-08)
(-1.64053e-08 -2.40719e-18 6.32214e-08)
(-1.84295e-08 -4.22512e-11 6.26419e-08)
(-1.84371e-08 -2.71034e-11 6.94891e-08)
(-1.77455e-08 -2.79553e-18 6.7367e-08)
(-1.9818e-08 -4.04754e-11 6.67587e-08)
(-1.98603e-08 -2.57693e-11 7.3775e-08)
(-1.91412e-08 -3.22171e-18 7.16073e-08)
(-2.12605e-08 -3.87446e-11 7.09703e-08)
(-2.13379e-08 -2.44801e-11 7.81505e-08)
(-2.05917e-08 -3.68398e-18 7.59388e-08)
(-2.27561e-08 -3.70589e-11 7.52737e-08)
(-2.28687e-08 -2.32352e-11 8.26124e-08)
(-2.2096e-08 -4.19339e-18 8.03584e-08)
(-2.43038e-08 -3.5418e-11 7.96654e-08)
(-2.44519e-08 -2.20338e-11 8.71576e-08)
(-2.36532e-08 -4.7413e-18 8.48627e-08)
(-2.59028e-08 -3.38218e-11 8.41425e-08)
(-2.60862e-08 -2.08755e-11 9.17827e-08)
(-2.52621e-08 -5.32867e-18 8.94487e-08)
(-2.75518e-08 -3.22698e-11 8.87017e-08)
(-2.77704e-08 -1.97594e-11 9.64848e-08)
(-2.69215e-08 -5.94005e-18 9.41131e-08)
(-2.92498e-08 -3.07619e-11 9.33399e-08)
(-2.95032e-08 -1.86848e-11 1.01261e-07)
(-2.86301e-08 -6.57102e-18 9.8853e-08)
(-3.09956e-08 -2.92975e-11 9.80542e-08)
(-3.12833e-08 -1.7651e-11 1.06108e-07)
(-3.03867e-08 -7.2708e-18 1.03665e-07)
(-3.27878e-08 -2.78764e-11 1.02842e-07)
(-3.31092e-08 -1.66572e-11 1.11023e-07)
(-3.21899e-08 -8.0417e-18 1.08547e-07)
(-3.4625e-08 -2.64979e-11 1.07699e-07)
(-3.49795e-08 -1.57025e-11 1.16003e-07)
(-3.40382e-08 -8.89012e-18 1.13495e-07)
(-3.6506e-08 -2.51616e-11 1.12624e-07)
(-3.68928e-08 -1.4786e-11 1.21045e-07)
(-3.59302e-08 -9.84168e-18 1.18507e-07)
(-3.84291e-08 -2.3867e-11 1.17613e-07)
(-3.88474e-08 -1.3907e-11 1.26147e-07)
(-3.78643e-08 -1.07593e-17 1.2358e-07)
(-4.03931e-08 -2.26135e-11 1.22664e-07)
(-4.08418e-08 -1.30644e-11 1.31306e-07)
(-3.98391e-08 -1.16368e-17 1.28711e-07)
(-4.23963e-08 -2.14005e-11 1.27773e-07)
(-4.28744e-08 -1.22576e-11 1.36519e-07)
(-4.18528e-08 -1.24405e-17 1.33898e-07)
(-4.44371e-08 -2.02275e-11 1.32939e-07)
(-4.49437e-08 -1.14854e-11 1.41784e-07)
(-4.3904e-08 -1.31669e-17 1.39137e-07)
(-4.65142e-08 -1.90939e-11 1.38159e-07)
(-4.70481e-08 -1.0747e-11 1.47097e-07)
(-4.5991e-08 -1.4031e-17 1.44427e-07)
(-4.86257e-08 -1.7999e-11 1.4343e-07)
(-4.91858e-08 -1.00416e-11 1.52457e-07)
(-4.81123e-08 -1.49992e-17 1.49764e-07)
(-5.07703e-08 -1.69422e-11 1.48749e-07)
(-5.13553e-08 -9.36812e-12 1.57861e-07)
(-5.02661e-08 -1.60186e-17 1.55147e-07)
(-5.29462e-08 -1.5923e-11 1.54114e-07)
(-5.3555e-08 -8.72573e-12 1.63307e-07)
(-5.2451e-08 -1.70774e-17 1.60573e-07)
(-5.5152e-08 -1.49406e-11 1.59523e-07)
(-5.57832e-08 -8.11352e-12 1.68792e-07)
(-5.46651e-08 -1.8175e-17 1.66039e-07)
(-5.73859e-08 -1.39944e-11 1.64973e-07)
(-5.80384e-08 -7.53057e-12 1.74314e-07)
(-5.6907e-08 -1.93044e-17 1.71543e-07)
(-5.96464e-08 -1.30839e-11 1.70462e-07)
(-6.03189e-08 -6.97598e-12 1.79871e-07)
(-5.91751e-08 -2.04576e-17 1.77083e-07)
(-6.1932e-08 -1.22083e-11 1.75988e-07)
(-6.26232e-08 -6.44888e-12 1.85461e-07)
(-6.14677e-08 -2.16196e-17 1.82657e-07)
(-6.42411e-08 -1.13672e-11 1.81548e-07)
(-6.49497e-08 -5.94839e-12 1.91081e-07)
(-6.37833e-08 -2.28571e-17 1.88262e-07)
(-6.65721e-08 -1.05598e-11 1.87141e-07)
(-6.72969e-08 -5.47365e-12 1.96729e-07)
(-6.61204e-08 -2.43716e-17 1.93897e-07)
(-6.89236e-08 -9.78557e-12 1.92764e-07)
(-6.96633e-08 -5.02382e-12 2.02404e-07)
(-6.84774e-08 -2.58988e-17 1.9956e-07)
(-7.12941e-08 -9.04396e-12 1.98415e-07)
(-7.20474e-08 -4.59806e-12 2.08104e-07)
(-7.08529e-08 -2.71701e-17 2.05248e-07)
(-7.36821e-08 -8.33438e-12 2.04093e-07)
(-7.44479e-08 -4.19558e-12 2.13826e-07)
(-7.32454e-08 -2.8469e-17 2.10959e-07)
(-7.60861e-08 -7.65629e-12 2.09794e-07)
(-7.68632e-08 -3.81559e-12 2.19569e-07)
(-7.56535e-08 -2.98322e-17 2.16692e-07)
(-7.85049e-08 -7.00917e-12 2.15518e-07)
(-7.92922e-08 -3.45733e-12 2.25331e-07)
(-7.80758e-08 -3.12338e-17 2.22445e-07)
(-8.09371e-08 -6.39251e-12 2.21263e-07)
(-8.17334e-08 -3.12007e-12 2.31111e-07)
(-8.0511e-08 -3.26139e-17 2.28216e-07)
(-8.33814e-08 -5.80583e-12 2.27026e-07)
(-8.41855e-08 -2.8031e-12 2.36906e-07)
(-8.29579e-08 -3.39817e-17 2.34004e-07)
(-8.58365e-08 -5.24868e-12 2.32807e-07)
(-8.66475e-08 -2.50576e-12 2.42715e-07)
(-8.54152e-08 -3.54168e-17 2.39806e-07)
(-8.83013e-08 -4.72064e-12 2.38603e-07)
(-8.91181e-08 -2.2274e-12 2.48536e-07)
(-8.78816e-08 -3.6845e-17 2.45622e-07)
(-9.07745e-08 -4.22133e-12 2.44412e-07)
(-9.15962e-08 -1.96742e-12 2.54369e-07)
(-9.03561e-08 -3.8392e-17 2.51449e-07)
(-9.32551e-08 -3.7504e-12 2.50234e-07)
(-9.40807e-08 -1.72529e-12 2.60211e-07)
(-9.28376e-08 -3.99494e-17 2.57287e-07)
(-9.5742e-08 -3.30755e-12 2.56067e-07)
(-9.65707e-08 -1.50047e-12 2.66061e-07)
(-9.5325e-08 -4.14791e-17 2.63134e-07)
(-9.82342e-08 -2.89253e-12 2.6191e-07)
(-9.90652e-08 -1.29252e-12 2.71919e-07)
(-9.78173e-08 -4.31014e-17 2.68988e-07)
(-1.00731e-07 -2.50515e-12 2.6776e-07)
(-1.01563e-07 -1.10102e-12 2.77782e-07)
(-1.00314e-07 -4.46901e-17 2.74849e-07)
(-1.03231e-07 -2.14527e-12 2.73618e-07)
(-1.04064e-07 -9.25606e-13 2.83651e-07)
(-1.02813e-07 -4.61771e-17 2.80715e-07)
(-1.05734e-07 -1.81283e-12 2.79481e-07)
(-1.06567e-07 -7.65965e-13 2.89522e-07)
(-1.05316e-07 -4.76047e-17 2.86586e-07)
(-1.08238e-07 -1.50785e-12 2.85349e-07)
(-1.09072e-07 -6.21787e-13 2.95397e-07)
(-1.07819e-07 -4.89361e-17 2.92459e-07)
(-1.10744e-07 -1.23036e-12 2.9122e-07)
(-1.11577e-07 -4.92735e-13 3.01273e-07)
(-1.10324e-07 -5.01111e-17 2.98335e-07)
(-1.13251e-07 -9.80413e-13 2.97094e-07)
(-1.14082e-07 -3.78356e-13 3.0715e-07)
(-1.12829e-07 -5.14294e-17 3.04212e-07)
(-1.15758e-07 -7.57946e-13 3.02969e-07)
(-1.16587e-07 -2.77938e-13 3.13028e-07)
(-1.15334e-07 -5.3485e-17 3.10089e-07)
(-1.18264e-07 -5.62587e-13 3.08846e-07)
(-1.19091e-07 -1.9023e-13 3.18905e-07)
(-1.17839e-07 -5.57013e-17 3.15966e-07)
(-1.20769e-07 -3.93302e-13 3.14722e-07)
(-1.21594e-07 -1.13241e-13 3.24781e-07)
(-1.20342e-07 -5.79727e-17 3.21843e-07)
(-1.23274e-07 -2.47795e-13 3.20598e-07)
(-1.24095e-07 -4.44033e-14 3.30655e-07)
(-1.22845e-07 -6.0379e-17 3.27718e-07)
(-1.25776e-07 -1.22089e-13 3.26473e-07)
(-1.26595e-07 2.19751e-14 3.36528e-07)
(-1.25345e-07 -6.28016e-17 3.33592e-07)
(-1.28277e-07 -1.05282e-14 3.32346e-07)
(-1.29093e-07 9.40573e-14 3.42398e-07)
(-1.27844e-07 -6.58196e-17 3.39464e-07)
(-1.30776e-07 9.87289e-14 3.38217e-07)
(-1.30341e-07 -6.8234e-17 3.45333e-07)
(-1.33273e-07 2.15427e-13 3.44086e-07)
(-8.30509e-11 2.75175e-11 3.97343e-11)
(-3.02039e-11 3.47049e-11 -9.40184e-11)
(-5.1409e-11 2.35445e-11 -5.07816e-11)
(-2.24188e-10 4.59868e-11 4.10755e-10)
(-1.49032e-10 8.03257e-11 1.62474e-10)
(-2.53199e-10 5.41761e-11 2.28395e-10)
(-3.81814e-10 5.74374e-11 9.72251e-10)
(-3.0198e-10 1.0804e-10 6.28476e-10)
(-5.05789e-10 7.23815e-11 6.8709e-10)
(-5.51154e-10 6.40215e-11 1.70641e-09)
(-4.64177e-10 1.24391e-10 1.26818e-09)
(-7.66867e-10 8.26914e-11 1.31302e-09)
(-7.36936e-10 6.71934e-11 2.61445e-09)
(-6.38628e-10 1.32951e-10 2.08416e-09)
(-1.03758e-09 8.77516e-11 2.11486e-09)
(-9.44826e-10 6.80603e-11 3.69566e-09)
(-8.32469e-10 1.36157e-10 3.07574e-09)
(-1.32571e-09 8.94099e-11 3.0922e-09)
(-1.18004e-09 6.74618e-11 4.94857e-09)
(-1.05141e-09 1.3588e-10 4.2412e-09)
(-1.63688e-09 8.89938e-11 4.24269e-09)
(-1.4471e-09 6.59889e-11 6.3711e-09)
(-1.3003e-09 1.3347e-10 5.57842e-09)
(-1.97582e-09 8.73805e-11 5.56368e-09)
(-1.74991e-09 6.40346e-11 7.96065e-09)
(-1.58333e-09 1.29844e-10 7.08474e-09)
(-2.34664e-09 8.51256e-11 7.05223e-09)
(-2.09186e-09 6.18478e-11 9.71423e-09)
(-1.90412e-09 1.25597e-10 8.75709e-09)
(-2.75296e-09 8.25672e-11 8.70519e-09)
(-2.47597e-09 5.9577e-11 1.16286e-08)
(-2.2658e-09 1.2109e-10 1.05922e-08)
(-3.19796e-09 7.99003e-11 1.05193e-08)
(-2.90488e-09 5.73053e-11 1.37003e-08)
(-2.67118e-09 1.16532e-10 1.25866e-08)
(-3.68447e-09 7.72298e-11 1.24912e-08)
(-3.38098e-09 5.5075e-11 1.5926e-08)
(-3.12274e-09 1.12034e-10 1.47368e-08)
(-4.21503e-09 7.46065e-11 1.46176e-08)
(-3.90634e-09 5.2905e-11 1.83019e-08)
(-3.62266e-09 1.07646e-10 1.70392e-08)
(-4.79187e-09 7.20508e-11 1.68949e-08)
(-4.4828e-09 5.08011e-11 2.08245e-08)
(-4.1729e-09 1.03387e-10 1.94902e-08)
(-5.41696e-09 6.95672e-11 1.93197e-08)
(-5.11197e-09 4.87627e-11 2.34901e-08)
(-4.77514e-09 9.92618e-11 2.2086e-08)
(-6.09203e-09 6.71529e-11 2.18884e-08)
(-5.7952e-09 4.67869e-11 2.62951e-08)
(-5.43087e-09 9.52637e-11 2.48231e-08)
(-6.81858e-09 6.48027e-11 2.45976e-08)
(-6.53365e-09 4.48699e-11 2.92357e-08)
(-6.14133e-09 9.13859e-11 2.76976e-08)
(-7.59788e-09 6.25111e-11 2.74435e-08)
(-7.32825e-09 4.30084e-11 3.23082e-08)
(-6.90755e-09 8.76214e-11 3.07059e-08)
(-8.43097e-09 6.02734e-11 3.04226e-08)
(-8.17974e-09 4.11998e-11 3.55089e-08)
(-7.73037e-09 8.39643e-11 3.38443e-08)
(-9.31871e-09 5.80862e-11 3.35313e-08)
(-9.08866e-09 3.9442e-11 3.88343e-08)
(-8.61043e-09 8.04099e-11 3.71091e-08)
(-1.02617e-08 5.59471e-11 3.67661e-08)
(-1.00554e-08 3.77337e-11 4.22805e-08)
(-9.54816e-09 7.6955e-11 4.04967e-08)
(-1.12605e-08 5.38546e-11 4.01234e-08)
(-1.10801e-08 3.60738e-11 4.5844e-08)
(-1.05439e-08 7.35975e-11 4.40033e-08)
(-1.23154e-08 5.18078e-11 4.35996e-08)
(-1.21628e-08 3.44617e-11 4.95212e-08)
(-1.15976e-08 7.03357e-11 4.76254e-08)
(-1.34264e-08 4.98062e-11 4.71912e-08)
(-1.33034e-08 3.2897e-11 5.33085e-08)
(-1.27094e-08 6.71686e-11 5.13594e-08)
(-1.45936e-08 4.78498e-11 5.08946e-08)
(-1.45016e-08 3.13791e-11 5.72024e-08)
(-1.38789e-08 6.40954e-11 5.52017e-08)
(-1.58167e-08 4.59385e-11 5.47065e-08)
(-1.5757e-08 2.99078e-11 6.11994e-08)
(-1.51059e-08 6.11152e-11 5.91489e-08)
(-1.70955e-08 4.40723e-11 5.86234e-08)
(-1.7069e-08 2.84827e-11 6.52961e-08)
(-1.63899e-08 5.82273e-11 6.31974e-08)
(-1.84295e-08 4.22512e-11 6.26419e-08)
(-1.84371e-08 2.71034e-11 6.94891e-08)
(-1.77302e-08 5.54311e-11 6.73439e-08)
(-1.9818e-08 4.04754e-11 6.67587e-08)
(-1.98603e-08 2.57693e-11 7.3775e-08)
(-1.91262e-08 5.27256e-11 7.1585e-08)
(-2.12605e-08 3.87446e-11 7.09703e-08)
(-2.13379e-08 2.44801e-11 7.81505e-08)
(-2.0577e-08 5.01099e-11 7.59174e-08)
(-2.27561e-08 3.70589e-11 7.52737e-08)
(-2.28687e-08 2.32352e-11 8.26124e-08)
(-2.20816e-08 4.7583e-11 8.03377e-08)
(-2.43038e-08 3.5418e-11 7.96654e-08)
(-2.44519e-08 2.20338e-11 8.71576e-08)
(-2.36391e-08 4.51436e-11 8.48428e-08)
(-2.59028e-08 3.38218e-11 8.41425e-08)
(-2.60862e-08 2.08755e-11 9.17827e-08)
(-2.52483e-08 4.27905e-11 8.94295e-08)
(-2.75518e-08 3.22698e-11 8.87017e-08)
(-2.77704e-08 1.97594e-11 9.64848e-08)
(-2.6908e-08 4.05223e-11 9.40947e-08)
(-2.92498e-08 3.07619e-11 9.33399e-08)
(-2.95032e-08 1.86848e-11 1.01261e-07)
(-2.86171e-08 3.83376e-11 9.88353e-08)
(-3.09956e-08 2.92975e-11 9.80542e-08)
(-3.12833e-08 1.7651e-11 1.06108e-07)
(-3.0374e-08 3.6235e-11 1.03648e-07)
(-3.27878e-08 2.78763e-11 1.02842e-07)
(-3.31092e-08 1.66572e-11 1.11023e-07)
(-3.21776e-08 3.42127e-11 1.08531e-07)
(-3.4625e-08 2.64979e-11 1.07699e-07)
(-3.49795e-08 1.57024e-11 1.16003e-07)
(-3.40263e-08 3.22693e-11 1.1348e-07)
(-3.6506e-08 2.51616e-11 1.12624e-07)
(-3.68928e-08 1.4786e-11 1.21045e-07)
(-3.59187e-08 3.04029e-11 1.18492e-07)
(-3.84291e-08 2.38669e-11 1.17613e-07)
(-3.88474e-08 1.39069e-11 1.26147e-07)
(-3.78532e-08 2.8612e-11 1.23566e-07)
(-4.03931e-08 2.26134e-11 1.22664e-07)
(-4.08418e-08 1.30644e-11 1.31306e-07)
(-3.98284e-08 2.68948e-11 1.28698e-07)
(-4.23963e-08 2.14005e-11 1.27773e-07)
(-4.28744e-08 1.22575e-11 1.36519e-07)
(-4.18425e-08 2.52495e-11 1.33885e-07)
(-4.44371e-08 2.02275e-11 1.32939e-07)
(-4.49437e-08 1.14854e-11 1.41784e-07)
(-4.38942e-08 2.36743e-11 1.39125e-07)
(-4.65142e-08 1.90939e-11 1.38159e-07)
(-4.70481e-08 1.0747e-11 1.47097e-07)
(-4.59816e-08 2.21674e-11 1.44415e-07)
(-4.86257e-08 1.7999e-11 1.4343e-07)
(-4.91858e-08 1.00415e-11 1.52457e-07)
(-4.81033e-08 2.0727e-11 1.49753e-07)
(-5.07703e-08 1.69422e-11 1.48749e-07)
(-5.13553e-08 9.36809e-12 1.57861e-07)
(-5.02576e-08 1.93513e-11 1.55137e-07)
(-5.29462e-08 1.5923e-11 1.54114e-07)
(-5.3555e-08 8.7257e-12 1.63307e-07)
(-5.24428e-08 1.80385e-11 1.60563e-07)
(-5.5152e-08 1.49406e-11 1.59523e-07)
(-5.57832e-08 8.11348e-12 1.68792e-07)
(-5.46574e-08 1.67868e-11 1.66029e-07)
(-5.73859e-08 1.39944e-11 1.64973e-07)
(-5.80384e-08 7.53053e-12 1.74314e-07)
(-5.68997e-08 1.55943e-11 1.71534e-07)
(-5.96464e-08 1.30839e-11 1.70462e-07)
(-6.03189e-08 6.97594e-12 1.79871e-07)
(-5.91682e-08 1.44593e-11 1.77075e-07)
(-6.1932e-08 1.22083e-11 1.75988e-07)
(-6.26232e-08 6.44884e-12 1.85461e-07)
(-6.14612e-08 1.338e-11 1.82649e-07)
(-6.42411e-08 1.13671e-11 1.81548e-07)
(-6.49497e-08 5.94835e-12 1.91081e-07)
(-6.37772e-08 1.23547e-11 1.88255e-07)
(-6.65721e-08 1.05597e-11 1.87141e-07)
(-6.72969e-08 5.4736e-12 1.96729e-07)
(-6.61147e-08 1.13816e-11 1.93891e-07)
(-6.89236e-08 9.78553e-12 1.92764e-07)
(-6.96633e-08 5.02376e-12 2.02404e-07)
(-6.84721e-08 1.0459e-11 1.99553e-07)
(-7.12941e-08 9.04391e-12 1.98415e-07)
(-7.20474e-08 4.59801e-12 2.08104e-07)
(-7.08479e-08 9.58526e-12 2.05242e-07)
(-7.36821e-08 8.33433e-12 2.04093e-07)
(-7.44479e-08 4.19552e-12 2.13826e-07)
(-7.32408e-08 8.75878e-12 2.10954e-07)
(-7.60861e-08 7.65624e-12 2.09794e-07)
(-7.68632e-08 3.81553e-12 2.19569e-07)
(-7.56493e-08 7.97796e-12 2.16687e-07)
(-7.85049e-08 7.00912e-12 2.15518e-07)
(-7.92922e-08 3.45727e-12 2.25331e-07)
(-7.80719e-08 7.24127e-12 2.2244e-07)
(-8.09371e-08 6.39245e-12 2.21263e-07)
(-8.17334e-08 3.12e-12 2.31111e-07)
(-8.05075e-08 6.54721e-12 2.28212e-07)
(-8.33814e-08 5.80577e-12 2.27026e-07)
(-8.41855e-08 2.80303e-12 2.36906e-07)
(-8.29547e-08 5.89436e-12 2.34e-07)
(-8.58365e-08 5.24862e-12 2.32807e-07)
(-8.66475e-08 2.50568e-12 2.42715e-07)
(-8.54122e-08 5.28136e-12 2.39803e-07)
(-8.83013e-08 4.72058e-12 2.38603e-07)
(-8.91181e-08 2.22732e-12 2.48536e-07)
(-8.7879e-08 4.70688e-12 2.45619e-07)
(-9.07745e-08 4.22126e-12 2.44412e-07)
(-9.15962e-08 1.96735e-12 2.54369e-07)
(-9.03537e-08 4.16972e-12 2.51447e-07)
(-9.32551e-08 3.75033e-12 2.50234e-07)
(-9.40807e-08 1.7252e-12 2.60211e-07)
(-9.28355e-08 3.6687e-12 2.57285e-07)
(-9.5742e-08 3.30748e-12 2.56067e-07)
(-9.65707e-08 1.50039e-12 2.66061e-07)
(-9.53231e-08 3.20278e-12 2.63132e-07)
(-9.82342e-08 2.89245e-12 2.6191e-07)
(-9.90652e-08 1.29243e-12 2.71919e-07)
(-9.78158e-08 2.77097e-12 2.68986e-07)
(-1.00731e-07 2.50507e-12 2.6776e-07)
(-1.01563e-07 1.10093e-12 2.77782e-07)
(-1.00312e-07 2.37242e-12 2.74847e-07)
(-1.03231e-07 2.14518e-12 2.73618e-07)
(-1.04064e-07 9.25512e-13 2.83651e-07)
(-1.02812e-07 2.00634e-12 2.80714e-07)
(-1.05734e-07 1.81275e-12 2.79481e-07)
(-1.06567e-07 7.65868e-13 2.89522e-07)
(-1.05315e-07 1.67206e-12 2.86584e-07)
(-1.08238e-07 1.50776e-12 2.85349e-07)
(-1.09072e-07 6.21688e-13 2.95397e-07)
(-1.07818e-07 1.36898e-12 2.92458e-07)
(-1.10744e-07 1.23026e-12 2.9122e-07)
(-1.11577e-07 4.92633e-13 3.01273e-07)
(-1.10323e-07 1.09647e-12 2.98334e-07)
(-1.13251e-07 9.80317e-13 2.97094e-07)
(-1.14082e-07 3.78251e-13 3.0715e-07)
(-1.12829e-07 8.53821e-13 3.04211e-07)
(-1.15758e-07 7.57848e-13 3.02969e-07)
(-1.16587e-07 2.77828e-13 3.13028e-07)
(-1.15334e-07 6.39973e-13 3.10088e-07)
(-1.18264e-07 5.62485e-13 3.08846e-07)
(-1.19091e-07 1.90116e-13 3.18905e-07)
(-1.17839e-07 4.53178e-13 3.15966e-07)
(-1.20769e-07 3.93197e-13 3.14722e-07)
(-1.21594e-07 1.13123e-13 3.24781e-07)
(-1.20342e-07 2.90244e-13 3.21843e-07)
(-1.23274e-07 2.47687e-13 3.20598e-07)
(-1.24095e-07 4.42801e-14 3.30655e-07)
(-1.22844e-07 1.46302e-13 3.27718e-07)
(-1.25776e-07 1.21975e-13 3.26473e-07)
(-1.26595e-07 -2.21039e-14 3.36528e-07)
(-1.25345e-07 1.5475e-14 3.33592e-07)
(-1.28277e-07 1.04097e-14 3.32346e-07)
(-1.29093e-07 -9.41913e-14 3.42398e-07)
(-1.27844e-07 -1.22128e-13 3.39463e-07)
(-1.30776e-07 -9.88531e-14 3.38217e-07)
(-1.30341e-07 -2.92145e-13 3.45332e-07)
(-1.33273e-07 -2.15557e-13 3.44086e-07)
(-8.69483e-11 8.77469e-11 2.84678e-11)
(-3.58509e-11 7.94675e-11 -9.68335e-11)
(-5.52713e-11 7.8038e-11 -5.69571e-11)
(-2.28121e-10 1.42545e-10 3.80055e-10)
(-1.59493e-10 1.69991e-10 1.27554e-10)
(-2.61491e-10 1.70848e-10 2.00828e-10)
(-3.827e-10 1.74874e-10 9.24289e-10)
(-3.0863e-10 2.21173e-10 5.62217e-10)
(-5.12161e-10 2.22091e-10 6.40655e-10)
(-5.47844e-10 1.9302e-10 1.64603e-09)
(-4.63664e-10 2.50553e-10 1.18e-09)
(-7.68589e-10 2.50147e-10 1.2533e-09)
(-7.29237e-10 2.01523e-10 2.54578e-09)
(-6.30603e-10 2.65577e-10 1.98189e-09)
(-1.03408e-09 2.63581e-10 2.04624e-09)
(-9.32986e-10 2.03537e-10 3.62184e-09)
(-8.17466e-10 2.70772e-10 2.96486e-09)
(-1.31717e-09 2.67607e-10 3.01794e-09)
(-1.16451e-09 2.01427e-10 4.87184e-09)
(-1.03025e-09 2.69568e-10 4.12552e-09)
(-1.62381e-09 2.65885e-10 4.1652e-09)
(-1.42841e-09 1.9686e-10 6.29307e-09)
(-1.27391e-09 2.64442e-10 5.46054e-09)
(-1.95887e-09 2.60842e-10 5.48468e-09)
(-1.72855e-09 1.90947e-10 7.8824e-09)
(-1.55258e-09 2.57088e-10 6.96642e-09)
(-2.32647e-09 2.54024e-10 6.9729e-09)
(-2.0683e-09 1.84393e-10 9.63649e-09)
(-1.86978e-09 2.48607e-10 8.6395e-09)
(-2.73015e-09 2.46374e-10 8.62632e-09)
(-2.45059e-09 1.77615e-10 1.15519e-08)
(-2.22854e-09 2.39667e-10 1.04761e-08)
(-3.17302e-09 2.38435e-10 1.04414e-08)
(-2.87803e-09 1.70848e-10 1.36249e-08)
(-2.63153e-09 2.30653e-10 1.24725e-08)
(-3.65782e-09 2.30498e-10 1.24147e-08)
(-3.3529e-09 1.64209e-10 1.58521e-08)
(-3.08112e-09 2.21767e-10 1.4625e-08)
(-4.18698e-09 2.22704e-10 1.45426e-08)
(-3.87726e-09 1.57752e-10 1.82297e-08)
(-3.57944e-09 2.13103e-10 1.69299e-08)
(-4.76268e-09 2.15109e-10 1.68216e-08)
(-4.45292e-09 1.5149e-10 2.07541e-08)
(-4.12836e-09 2.04696e-10 1.93835e-08)
(-5.38686e-09 2.07725e-10 1.92482e-08)
(-5.08142e-09 1.45422e-10 2.34215e-08)
(-4.72954e-09 1.96547e-10 2.19821e-08)
(-6.06119e-09 2.00543e-10 2.18188e-08)
(-5.76413e-09 1.39539e-10 2.62283e-08)
(-5.3844e-09 1.88649e-10 2.47219e-08)
(-6.78716e-09 1.93547e-10 2.45298e-08)
(-6.50217e-09 1.33831e-10 2.91708e-08)
(-6.09418e-09 1.80987e-10 2.75992e-08)
(-7.56599e-09 1.86724e-10 2.73776e-08)
(-7.29648e-09 1.28287e-10 3.22451e-08)
(-6.85989e-09 1.73547e-10 3.06103e-08)
(-8.39874e-09 1.80059e-10 3.03586e-08)
(-8.14777e-09 1.229e-10 3.54477e-08)
(-7.68236e-09 1.66318e-10 3.37515e-08)
(-9.28624e-09 1.73542e-10 3.34692e-08)
(-9.05659e-09 1.17663e-10 3.87749e-08)
(-8.56219e-09 1.59291e-10 3.70191e-08)
(-1.02291e-08 1.67168e-10 3.67059e-08)
(-1.00233e-08 1.12574e-10 4.22229e-08)
(-9.49985e-09 1.5246e-10 4.04093e-08)
(-1.12279e-08 1.60931e-10 4.0065e-08)
(-1.10481e-08 1.07629e-10 4.57882e-08)
(-1.04956e-08 1.45821e-10 4.39187e-08)
(-1.22828e-08 1.5483e-10 4.3543e-08)
(-1.21309e-08 1.02825e-10 4.94672e-08)
(-1.15495e-08 1.3937e-10 4.75435e-08)
(-1.33939e-08 1.48863e-10 4.71364e-08)
(-1.32717e-08 9.81628e-11 5.32563e-08)
(-1.26615e-08 1.33107e-10 5.12801e-08)
(-1.45613e-08 1.4303e-10 5.08417e-08)
(-1.44702e-08 9.36398e-11 5.71519e-08)
(-1.38315e-08 1.27028e-10 5.51251e-08)
(-1.57847e-08 1.3733e-10 5.46554e-08)
(-1.5726e-08 8.92552e-11 6.11507e-08)
(-1.50589e-08 1.21132e-10 5.90748e-08)
(-1.70638e-08 1.31764e-10 5.8574e-08)
(-1.70384e-08 8.50078e-11 6.52491e-08)
(-1.63435e-08 1.15419e-10 6.31259e-08)
(-1.83981e-08 1.26332e-10 6.25942e-08)
(-1.84069e-08 8.08966e-11 6.94437e-08)
(-1.76845e-08 1.09886e-10 6.72749e-08)
(-1.97871e-08 1.21034e-10 6.67127e-08)
(-1.98306e-08 7.692e-11 7.37312e-08)
(-1.90812e-08 1.04532e-10 7.15185e-08)
(-2.12301e-08 1.15871e-10 7.0926e-08)
(-2.13087e-08 7.30767e-11 7.81084e-08)
(-2.05327e-08 9.93553e-11 7.58532e-08)
(-2.27262e-08 1.1084e-10 7.5231e-08)
(-2.28402e-08 6.9365e-11 8.25719e-08)
(-2.20383e-08 9.43533e-11 8.0276e-08)
(-2.42745e-08 1.05943e-10 7.96244e-08)
(-2.4424e-08 6.5783e-11 8.71185e-08)
(-2.35967e-08 8.95239e-11 8.47834e-08)
(-2.58741e-08 1.01178e-10 8.4103e-08)
(-2.6059e-08 6.23287e-11 9.17452e-08)
(-2.52069e-08 8.48647e-11 8.93724e-08)
(-2.75238e-08 9.6545e-11 8.86637e-08)
(-2.77439e-08 5.90002e-11 9.64488e-08)
(-2.68677e-08 8.03729e-11 9.40398e-08)
(-2.92226e-08 9.20424e-11 9.33035e-08)
(-2.94775e-08 5.57953e-11 1.01226e-07)
(-2.85778e-08 7.60459e-11 9.87826e-08)
(-3.0969e-08 8.76693e-11 9.80193e-08)
(-3.12583e-08 5.27115e-11 1.06075e-07)
(-3.03359e-08 7.18806e-11 1.03598e-07)
(-3.2762e-08 8.34244e-11 1.02808e-07)
(-3.3085e-08 4.97466e-11 1.10991e-07)
(-3.21406e-08 6.78739e-11 1.08482e-07)
(-3.46e-08 7.93064e-11 1.07667e-07)
(-3.49561e-08 4.68981e-11 1.15973e-07)
(-3.39905e-08 6.40228e-11 1.13433e-07)
(-3.64818e-08 7.53139e-11 1.12593e-07)
(-3.68702e-08 4.41634e-11 1.21016e-07)
(-3.58841e-08 6.03239e-11 1.18448e-07)
(-3.84058e-08 7.14452e-11 1.17584e-07)
(-3.88256e-08 4.15401e-11 1.2612e-07)
(-3.78199e-08 5.67739e-11 1.23524e-07)
(-4.03705e-08 6.76988e-11 1.22636e-07)
(-4.08209e-08 3.90254e-11 1.3128e-07)
(-3.97963e-08 5.33694e-11 1.28657e-07)
(-4.23746e-08 6.40729e-11 1.27747e-07)
(-4.28544e-08 3.66168e-11 1.36494e-07)
(-4.18117e-08 5.01069e-11 1.33847e-07)
(-4.44163e-08 6.0566e-11 1.32914e-07)
(-4.49245e-08 3.43116e-11 1.4176e-07)
(-4.38646e-08 4.6983e-11 1.39088e-07)
(-4.64942e-08 5.71762e-11 1.38135e-07)
(-4.70297e-08 3.21071e-11 1.47074e-07)
(-4.59533e-08 4.3994e-11 1.44381e-07)
(-4.86066e-08 5.39017e-11 1.43407e-07)
(-4.91683e-08 3.00005e-11 1.52435e-07)
(-4.80763e-08 4.11365e-11 1.4972e-07)
(-5.0752e-08 5.07407e-11 1.48727e-07)
(-5.13386e-08 2.79892e-11 1.57841e-07)
(-5.02319e-08 3.84068e-11 1.55105e-07)
(-5.29288e-08 4.76914e-11 1.54093e-07)
(-5.35392e-08 2.60705e-11 1.63288e-07)
(-5.24184e-08 3.58015e-11 1.60533e-07)
(-5.51354e-08 4.4752e-11 1.59503e-07)
(-5.57682e-08 2.42417e-11 1.68774e-07)
(-5.46342e-08 3.3317e-11 1.66001e-07)
(-5.73702e-08 4.19205e-11 1.64955e-07)
(-5.80242e-08 2.25001e-11 1.74297e-07)
(-5.68778e-08 3.09497e-11 1.71508e-07)
(-5.96316e-08 3.91952e-11 1.70445e-07)
(-6.03055e-08 2.0843e-11 1.79855e-07)
(-5.91475e-08 2.86962e-11 1.7705e-07)
(-6.1918e-08 3.65742e-11 1.75972e-07)
(-6.26106e-08 1.92679e-11 1.85445e-07)
(-6.14418e-08 2.65529e-11 1.82626e-07)
(-6.42279e-08 3.40558e-11 1.81533e-07)
(-6.49379e-08 1.77721e-11 1.91067e-07)
(-6.3759e-08 2.45164e-11 1.88233e-07)
(-6.65597e-08 3.16381e-11 1.87127e-07)
(-6.72859e-08 1.63531e-11 1.96716e-07)
(-6.60976e-08 2.25833e-11 1.9387e-07)
(-6.8912e-08 2.93194e-11 1.92751e-07)
(-6.96531e-08 1.50084e-11 2.02392e-07)
(-6.84561e-08 2.07504e-11 1.99534e-07)
(-7.12832e-08 2.70981e-11 1.98403e-07)
(-7.20379e-08 1.37355e-11 2.08092e-07)
(-7.08331e-08 1.90143e-11 2.05224e-07)
(-7.3672e-08 2.49724e-11 2.04081e-07)
(-7.44391e-08 1.25321e-11 2.13816e-07)
(-7.32271e-08 1.73719e-11 2.10937e-07)
(-7.60768e-08 2.29408e-11 2.09783e-07)
(-7.68552e-08 1.13958e-11 2.19559e-07)
(-7.56366e-08 1.58201e-11 2.16672e-07)
(-7.84963e-08 2.10017e-11 2.15508e-07)
(-7.92848e-08 1.03244e-11 2.25322e-07)
(-7.80603e-08 1.43558e-11 2.22426e-07)
(-8.09292e-08 1.91536e-11 2.21254e-07)
(-8.17266e-08 9.31576e-12 2.31102e-07)
(-8.04969e-08 1.29762e-11 2.28199e-07)
(-8.33741e-08 1.73952e-11 2.27018e-07)
(-8.41794e-08 8.36772e-12 2.36898e-07)
(-8.2945e-08 1.16784e-11 2.33988e-07)
(-8.58299e-08 1.57251e-11 2.32799e-07)
(-8.6642e-08 7.47831e-12 2.42708e-07)
(-8.54035e-08 1.04597e-11 2.39792e-07)
(-8.82953e-08 1.41421e-11 2.38596e-07)
(-8.91131e-08 6.64565e-12 2.4853e-07)
(-8.78711e-08 9.31765e-12 2.45609e-07)
(-9.07691e-08 1.26451e-11 2.44406e-07)
(-9.15918e-08 5.86797e-12 2.54363e-07)
(-9.03467e-08 8.24976e-12 2.51438e-07)
(-9.32502e-08 1.1233e-11 2.50229e-07)
(-9.40768e-08 5.14362e-12 2.60206e-07)
(-9.28293e-08 7.25377e-12 2.57277e-07)
(-9.57377e-08 9.9049e-12 2.56062e-07)
(-9.65673e-08 4.47108e-12 2.66057e-07)
(-9.53177e-08 6.32761e-12 2.63125e-07)
(-9.82304e-08 8.66018e-12 2.61905e-07)
(-9.90623e-08 3.84898e-12 2.71915e-07)
(-9.7811e-08 5.46935e-12 2.6898e-07)
(-1.00728e-07 7.4982e-12 2.67756e-07)
(-1.01561e-07 3.2761e-12 2.77779e-07)
(-1.00308e-07 4.67729e-12 2.74842e-07)
(-1.03228e-07 6.41858e-12 2.73614e-07)
(-1.04062e-07 2.75136e-12 2.83648e-07)
(-1.02809e-07 3.9499e-12 2.80709e-07)
(-1.05731e-07 5.42114e-12 2.79478e-07)
(-1.06566e-07 2.2738e-12 2.8952e-07)
(-1.05312e-07 3.28583e-12 2.8658e-07)
(-1.08236e-07 4.50587e-12 2.85346e-07)
(-1.0907e-07 1.84251e-12 2.95395e-07)
(-1.07816e-07 2.68388e-12 2.92454e-07)
(-1.10743e-07 3.67291e-12 2.91218e-07)
(-1.11576e-07 1.45651e-12 3.01271e-07)
(-1.10322e-07 2.14284e-12 2.98331e-07)
(-1.1325e-07 2.92243e-12 2.97092e-07)
(-1.14081e-07 1.11448e-12 3.07149e-07)
(-1.12827e-07 1.6613e-12 3.04208e-07)
(-1.15757e-07 2.25429e-12 3.02968e-07)
(-1.16586e-07 8.14351e-13 3.13027e-07)
(-1.15333e-07 1.23724e-12 3.10087e-07)
(-1.18263e-07 1.66751e-12 3.08844e-07)
(-1.1909e-07 5.52468e-13 3.18904e-07)
(-1.17838e-07 8.67309e-13 3.15964e-07)
(-1.20769e-07 1.15918e-12 3.14721e-07)
(-1.21593e-07 3.22808e-13 3.2478e-07)
(-1.20342e-07 5.45166e-13 3.21841e-07)
(-1.23273e-07 7.2258e-13 3.20597e-07)
(-1.24095e-07 1.1733e-13 3.30655e-07)
(-1.22844e-07 2.60444e-13 3.27717e-07)
(-1.25776e-07 3.4544e-13 3.26472e-07)
(-1.26595e-07 -8.38368e-14 3.36527e-07)
(-1.25345e-07 1.55914e-15 3.33591e-07)
(-1.28277e-07 9.46635e-15 3.32345e-07)
(-1.29093e-07 -3.21649e-13 3.42397e-07)
(-1.27844e-07 -2.75203e-13 3.39463e-07)
(-1.30776e-07 -3.27006e-13 3.38217e-07)
(-1.30341e-07 -6.8188e-13 3.45332e-07)
(-1.33273e-07 -7.18213e-13 3.44086e-07)
(-9.9362e-11 1.60089e-10 1.90035e-12)
(-6.25569e-11 1.49635e-10 -1.19308e-10)
(-6.898e-11 1.5291e-10 -7.01235e-11)
(-2.40972e-10 2.47594e-10 3.09407e-10)
(-1.87008e-10 2.77533e-10 3.7442e-11)
(-2.86294e-10 3.04242e-10 1.38506e-10)
(-3.87149e-10 2.96166e-10 8.17778e-10)
(-3.23149e-10 3.39407e-10 4.24037e-10)
(-5.30235e-10 3.80227e-10 5.38101e-10)
(-5.41914e-10 3.22471e-10 1.51602e-09)
(-4.62987e-10 3.7504e-10 1.01252e-09)
(-7.73864e-10 4.19973e-10 1.12497e-09)
(-7.13315e-10 3.34153e-10 2.4014e-09)
(-6.15703e-10 3.93181e-10 1.79704e-09)
(-1.02673e-09 4.38136e-10 1.90218e-09)
(-9.08178e-10 3.36111e-10 3.46923e-09)
(-7.90079e-10 3.98726e-10 2.77041e-09)
(-1.2987e-09 4.42641e-10 2.86477e-09)
(-1.13212e-09 3.31892e-10 4.71514e-09)
(-9.92355e-10 3.9587e-10 3.92662e-09)
(-1.59594e-09 4.3877e-10 4.00743e-09)
(-1.38969e-09 3.2399e-10 6.13504e-09)
(-1.2274e-09 3.87809e-10 5.26056e-09)
(-1.92327e-09 4.30017e-10 5.32532e-09)
(-1.68464e-09 3.14087e-10 7.72487e-09)
(-1.4991e-09 3.76793e-10 6.76749e-09)
(-2.28462e-09 4.18652e-10 6.81391e-09)
(-2.02015e-09 3.03244e-10 9.48065e-09)
(-1.81069e-09 3.64291e-10 8.44299e-09)
(-2.6833e-09 4.06071e-10 8.469e-09)
(-2.399e-09 2.92095e-10 1.13985e-08)
(-2.16491e-09 3.51199e-10 1.02829e-08)
(-3.12215e-09 3.9308e-10 1.02866e-08)
(-2.82361e-09 2.8099e-10 1.34745e-08)
(-2.56421e-09 3.38033e-10 1.22831e-08)
(-3.60372e-09 3.80112e-10 1.22628e-08)
(-3.29617e-09 2.70106e-10 1.57049e-08)
(-3.01078e-09 3.25062e-10 1.44398e-08)
(-4.13027e-09 3.67376e-10 1.4394e-08)
(-3.81864e-09 2.5952e-10 1.8086e-08)
(-3.50661e-09 3.12413e-10 1.67491e-08)
(-4.70386e-09 3.54954e-10 1.66766e-08)
(-4.39273e-09 2.49253e-10 2.0614e-08)
(-4.05347e-09 3.00134e-10 1.92071e-08)
(-5.3263e-09 3.42863e-10 1.91068e-08)
(-5.01998e-09 2.39302e-10 2.32851e-08)
(-4.65296e-09 2.88227e-10 2.18103e-08)
(-5.99924e-09 3.31092e-10 2.1681e-08)
(-5.70168e-09 2.29651e-10 2.60956e-08)
(-5.30646e-09 2.7668e-10 2.45547e-08)
(-6.72407e-09 3.19617e-10 2.43957e-08)
(-6.43894e-09 2.20282e-10 2.90417e-08)
(-6.01516e-09 2.65474e-10 2.74366e-08)
(-7.50203e-09 3.08416e-10 2.72473e-08)
(-7.23268e-09 2.11182e-10 3.21198e-08)
(-6.78006e-09 2.54589e-10 3.04523e-08)
(-8.33412e-09 2.97468e-10 3.02321e-08)
(-8.08359e-09 2.02337e-10 3.53261e-08)
(-7.60196e-09 2.4401e-10 3.35981e-08)
(-9.22117e-09 2.8676e-10 3.33464e-08)
(-8.99222e-09 1.93739e-10 3.86569e-08)
(-8.48147e-09 2.33725e-10 3.68703e-08)
(-1.01638e-08 2.76282e-10 3.65868e-08)
(-9.9589e-09 1.85381e-10 4.21086e-08)
(-9.41901e-09 2.23725e-10 4.02651e-08)
(-1.11625e-08 2.66026e-10 3.99496e-08)
(-1.09838e-08 1.77259e-10 4.56775e-08)
(-1.04148e-08 2.14004e-10 4.37789e-08)
(-1.22174e-08 2.55991e-10 4.34313e-08)
(-1.2067e-08 1.69369e-10 4.936e-08)
(-1.1469e-08 2.04558e-10 4.74082e-08)
(-1.33288e-08 2.46173e-10 4.70283e-08)
(-1.32082e-08 1.61709e-10 5.31526e-08)
(-1.25816e-08 1.95384e-10 5.11492e-08)
(-1.44966e-08 2.36573e-10 5.07372e-08)
(-1.44073e-08 1.54277e-10 5.70517e-08)
(-1.37521e-08 1.86479e-10 5.49985e-08)
(-1.57205e-08 2.2719e-10 5.45544e-08)
(-1.56637e-08 1.47071e-10 6.10539e-08)
(-1.49804e-08 1.77841e-10 5.89525e-08)
(-1.70003e-08 2.18026e-10 5.84765e-08)
(-1.6977e-08 1.4009e-10 6.51556e-08)
(-1.62659e-08 1.69468e-10 6.30078e-08)
(-1.83354e-08 2.09079e-10 6.25001e-08)
(-1.83464e-08 1.33331e-10 6.93535e-08)
(-1.7608e-08 1.61358e-10 6.71609e-08)
(-1.97253e-08 2.00351e-10 6.66219e-08)
(-1.97712e-08 1.26793e-10 7.36443e-08)
(-1.9006e-08 1.53509e-10 7.14086e-08)
(-2.11693e-08 1.91841e-10 7.08385e-08)
(-2.12504e-08 1.20472e-10 7.80247e-08)
(-2.04589e-08 1.45918e-10 7.57473e-08)
(-2.26665e-08 1.83548e-10 7.51467e-08)
(-2.27831e-08 1.14367e-10 8.24913e-08)
(-2.19659e-08 1.38582e-10 8.0174e-08)
(-2.4216e-08 1.75473e-10 7.95432e-08)
(-2.43682e-08 1.08474e-10 8.7041e-08)
(-2.35259e-08 1.31497e-10 8.46853e-08)
(-2.58168e-08 1.67614e-10 8.4025e-08)
(-2.60045e-08 1.0279e-10 9.16707e-08)
(-2.51377e-08 1.2466e-10 8.92781e-08)
(-2.74679e-08 1.59969e-10 8.85888e-08)
(-2.76909e-08 9.73114e-11 9.63773e-08)
(-2.68003e-08 1.18068e-10 9.39492e-08)
(-2.9168e-08 1.52537e-10 9.32315e-08)
(-2.94259e-08 9.20353e-11 1.01158e-07)
(-2.85122e-08 1.11716e-10 9.86957e-08)
(-3.0916e-08 1.45317e-10 9.79502e-08)
(-3.12082e-08 8.69578e-11 1.06009e-07)
(-3.02722e-08 1.056e-10 1.03514e-07)
(-3.27104e-08 1.38306e-10 1.02742e-07)
(-3.30365e-08 8.20749e-11 1.10928e-07)
(-3.20789e-08 9.97158e-11 1.08402e-07)
(-3.455e-08 1.31503e-10 1.07604e-07)
(-3.49092e-08 7.73826e-11 1.15912e-07)
(-3.39308e-08 9.40586e-11 1.13357e-07)
(-3.64334e-08 1.24905e-10 1.12532e-07)
(-3.68249e-08 7.2877e-11 1.20959e-07)
(-3.58264e-08 8.86239e-11 1.18375e-07)
(-3.8359e-08 1.1851e-10 1.17526e-07)
(-3.8782e-08 6.85537e-11 1.26065e-07)
(-3.77643e-08 8.34068e-11 1.23454e-07)
(-4.03255e-08 1.12314e-10 1.2258e-07)
(-4.0779e-08 6.44087e-11 1.31227e-07)
(-3.97427e-08 7.84024e-11 1.28591e-07)
(-4.23312e-08 1.06317e-10 1.27694e-07)
(-4.28142e-08 6.04377e-11 1.36444e-07)
(-4.17603e-08 7.36057e-11 1.33783e-07)
(-4.43746e-08 1.00514e-10 1.32864e-07)
(-4.4886e-08 5.66362e-11 1.41712e-07)
(-4.38153e-08 6.90118e-11 1.39028e-07)
(-4.64542e-08 9.49029e-11 1.38087e-07)
(-4.69929e-08 5.29999e-11 1.47029e-07)
(-4.59062e-08 6.46154e-11 1.44323e-07)
(-4.85684e-08 8.94812e-11 1.43361e-07)
(-4.91332e-08 4.95244e-11 1.52393e-07)
(-4.80313e-08 6.04115e-11 1.49666e-07)
(-5.07155e-08 8.42458e-11 1.48684e-07)
(-5.13053e-08 4.62054e-11 1.578e-07)
(-5.0189e-08 5.63949e-11 1.55054e-07)
(-5.2894e-08 7.91939e-11 1.54053e-07)
(-5.35075e-08 4.30385e-11 1.63249e-07)
(-5.23777e-08 5.25606e-11 1.60484e-07)
(-5.51023e-08 7.43224e-11 1.59465e-07)
(-5.57382e-08 4.00192e-11 1.68737e-07)
(-5.45956e-08 4.89033e-11 1.65955e-07)
(-5.73388e-08 6.96285e-11 1.64918e-07)
(-5.79959e-08 3.71433e-11 1.74263e-07)
(-5.68413e-08 4.5418e-11 1.71464e-07)
(-5.96018e-08 6.51092e-11 1.70411e-07)
(-6.02788e-08 3.44064e-11 1.79823e-07)
(-5.91131e-08 4.20996e-11 1.77009e-07)
(-6.18899e-08 6.07616e-11 1.75939e-07)
(-6.25855e-08 3.18043e-11 1.85415e-07)
(-6.14094e-08 3.89431e-11 1.82587e-07)
(-6.42015e-08 5.6583e-11 1.81503e-07)
(-6.49144e-08 2.93327e-11 1.91038e-07)
(-6.37286e-08 3.59435e-11 1.88197e-07)
(-6.65349e-08 5.25703e-11 1.87098e-07)
(-6.72639e-08 2.69876e-11 1.9669e-07)
(-6.60692e-08 3.30959e-11 1.93836e-07)
(-6.88888e-08 4.8721e-11 1.92724e-07)
(-6.96326e-08 2.47648e-11 2.02367e-07)
(-6.84296e-08 3.03955e-11 1.99503e-07)
(-7.12616e-08 4.50322e-11 1.98378e-07)
(-7.2019e-08 2.26605e-11 2.0807e-07)
(-7.08085e-08 2.78376e-11 2.05195e-07)
(-7.36518e-08 4.15014e-11 2.04058e-07)
(-7.44216e-08 2.06706e-11 2.13794e-07)
(-7.32043e-08 2.54177e-11 2.1091e-07)
(-7.60581e-08 3.81259e-11 2.09762e-07)
(-7.6839e-08 1.87915e-11 2.1954e-07)
(-7.56156e-08 2.31312e-11 2.16647e-07)
(-7.84791e-08 3.49034e-11 2.15489e-07)
(-7.927e-08 1.70195e-11 2.25304e-07)
(-7.8041e-08 2.09737e-11 2.22403e-07)
(-8.09134e-08 3.18314e-11 2.21236e-07)
(-8.17131e-08 1.5351e-11 2.31086e-07)
(-8.04793e-08 1.89411e-11 2.28178e-07)
(-8.33596e-08 2.89079e-11 2.27001e-07)
(-8.41672e-08 1.37827e-11 2.36883e-07)
(-8.2929e-08 1.70294e-11 2.33969e-07)
(-8.58167e-08 2.61305e-11 2.32784e-07)
(-8.6631e-08 1.23113e-11 2.42694e-07)
(-8.5389e-08 1.52345e-11 2.39774e-07)
(-8.82833e-08 2.34975e-11 2.38582e-07)
(-8.91033e-08 1.09338e-11 2.48518e-07)
(-8.78581e-08 1.3553e-11 2.45593e-07)
(-9.07583e-08 2.1007e-11 2.44394e-07)
(-9.1583e-08 9.64724e-12 2.54352e-07)
(-9.03352e-08 1.19811e-11 2.51424e-07)
(-9.32406e-08 1.86574e-11 2.50218e-07)
(-9.40691e-08 8.44899e-12 2.60196e-07)
(-9.28191e-08 1.05158e-11 2.57264e-07)
(-9.57291e-08 1.64473e-11 2.56052e-07)
(-9.65606e-08 7.33656e-12 2.66048e-07)
(-9.53087e-08 9.154e-12 2.63113e-07)
(-9.82229e-08 1.43755e-11 2.61897e-07)
(-9.90565e-08 6.30771e-12 2.71907e-07)
(-9.78033e-08 7.89287e-12 2.6897e-07)
(-1.00721e-07 1.24412e-11 2.67749e-07)
(-1.01556e-07 5.36043e-12 2.77772e-07)
(-1.00302e-07 6.72997e-12 2.74833e-07)
(-1.03222e-07 1.06435e-11 2.73608e-07)
(-1.04058e-07 4.49296e-12 2.83642e-07)
(-1.02803e-07 5.66306e-12 2.80702e-07)
(-1.05727e-07 8.98239e-12 2.79472e-07)
(-1.06562e-07 3.7037e-12 2.89515e-07)
(-1.05307e-07 4.69017e-12 2.86574e-07)
(-1.08232e-07 7.45767e-12 2.85341e-07)
(-1.09067e-07 2.99117e-12 2.95391e-07)
(-1.07812e-07 3.80952e-12 2.92449e-07)
(-1.1074e-07 6.06961e-12 2.91214e-07)
(-1.11573e-07 2.35376e-12 3.01268e-07)
(-1.10319e-07 3.01934e-12 2.98326e-07)
(-1.13247e-07 4.81847e-12 2.97089e-07)
(-1.14079e-07 1.78936e-12 3.07146e-07)
(-1.12825e-07 2.31756e-12 3.04205e-07)
(-1.15755e-07 3.70415e-12 3.02965e-07)
(-1.16585e-07 1.2947e-12 3.13024e-07)
(-1.15331e-07 1.70123e-12 3.10084e-07)
(-1.18262e-07 2.72524e-12 3.08842e-07)
(-1.1909e-07 8.63864e-13 3.18902e-07)
(-1.17837e-07 1.16548e-12 3.15962e-07)
(-1.20768e-07 1.8774e-12 3.14719e-07)
(-1.21593e-07 4.86118e-13 3.24779e-07)
(-1.20341e-07 7.00914e-13 3.2184e-07)
(-1.23273e-07 1.14975e-12 3.20596e-07)
(-1.24095e-07 1.46839e-13 3.30653e-07)
(-1.22844e-07 2.91056e-13 3.27716e-07)
(-1.25776e-07 5.1991e-13 3.26471e-07)
(-1.26595e-07 -1.85487e-13 3.36526e-07)
(-1.25345e-07 -7.82748e-14 3.3359e-07)
(-1.28277e-07 -4.59134e-14 3.32345e-07)
(-1.29093e-07 -6.26248e-13 3.42397e-07)
(-1.27844e-07 -4.63326e-13 3.39462e-07)
(-1.30776e-07 -6.19516e-13 3.38216e-07)
(-1.30341e-07 -1.27117e-12 3.45331e-07)
(-1.33273e-07 -1.38456e-12 3.44085e-07)
(-1.40638e-10 2.63336e-10 -8.49569e-11)
(-1.35991e-10 2.85886e-10 -1.22831e-10)
(-2.68938e-10 3.65883e-10 1.51629e-10)
(-3.43638e-10 4.76261e-10 -5.91662e-12)
(-3.94989e-10 4.14844e-10 6.188e-10)
(-5.59807e-10 5.44105e-10 3.446e-10)
(-5.31134e-10 4.42474e-10 1.29392e-09)
(-7.78663e-10 5.82009e-10 9.05142e-10)
(-6.86037e-10 4.54724e-10 2.16673e-09)
(-1.01069e-09 6.00547e-10 1.66813e-09)
(-8.67002e-10 4.55687e-10 3.22874e-09)
(-1.26537e-09 6.0419e-10 2.62416e-09)
(-1.07961e-09 4.49199e-10 4.47319e-09)
(-1.54874e-09 5.97999e-10 3.76511e-09)
(-1.3281e-09 4.38206e-10 5.89435e-09)
(-1.86518e-09 5.85912e-10 5.08426e-09)
(-1.6158e-09 4.24751e-10 7.48714e-09)
(-2.21803e-09 5.70607e-10 6.57589e-09)
(-1.94551e-09 4.10137e-10 9.24691e-09)
(-2.61003e-09 5.5377e-10 8.23506e-09)
(-2.31966e-09 3.95147e-10 1.11694e-08)
(-3.0436e-09 5.36388e-10 1.00573e-08)
(-2.74043e-09 3.80221e-10 1.32504e-08)
(-3.52091e-09 5.19001e-10 1.20387e-08)
(-3.20983e-09 3.65582e-10 1.54861e-08)
(-4.04399e-09 5.01877e-10 1.41752e-08)
(-3.72968e-09 3.51329e-10 1.78725e-08)
(-4.61471e-09 4.85131e-10 1.64631e-08)
(-4.3016e-09 3.37493e-10 2.0406e-08)
(-5.23479e-09 4.68794e-10 1.88988e-08)
(-4.92706e-09 3.2407e-10 2.30826e-08)
(-5.90578e-09 4.52859e-10 2.14786e-08)
(-5.60734e-09 3.11044e-10 2.58986e-08)
(-6.62904e-09 4.37302e-10 2.41988e-08)
(-6.34349e-09 2.98394e-10 2.88502e-08)
(-7.40576e-09 4.22099e-10 2.70559e-08)
(-7.13642e-09 2.86101e-10 3.19338e-08)
(-8.23692e-09 4.07228e-10 3.00462e-08)
(-7.98681e-09 2.74149e-10 3.51455e-08)
(-9.12332e-09 3.92673e-10 3.3166e-08)
(-8.89518e-09 2.62529e-10 3.84818e-08)
(-1.00656e-08 3.78422e-10 3.64119e-08)
(-9.86187e-09 2.5123e-10 4.19389e-08)
(-1.10641e-08 3.64468e-10 3.97801e-08)
(-1.0887e-08 2.40247e-10 4.55131e-08)
(-1.21193e-08 3.50808e-10 4.32672e-08)
(-1.19706e-08 2.29576e-10 4.92009e-08)
(-1.3231e-08 3.37439e-10 4.68695e-08)
(-1.31126e-08 2.19214e-10 5.29987e-08)
(-1.43994e-08 3.24361e-10 5.05835e-08)
(-1.43125e-08 2.09158e-10 5.6903e-08)
(-1.56241e-08 3.11574e-10 5.44059e-08)
(-1.557e-08 1.99406e-10 6.09102e-08)
(-1.69049e-08 2.99079e-10 5.83331e-08)
(-1.68846e-08 1.89956e-10 6.50169e-08)
(-1.82412e-08 2.86876e-10 6.23617e-08)
(-1.82554e-08 1.80805e-10 6.92197e-08)
(-1.96324e-08 2.74966e-10 6.64884e-08)
(-1.96817e-08 1.71949e-10 7.35153e-08)
(-2.10779e-08 2.63348e-10 7.07099e-08)
(-2.11627e-08 1.63387e-10 7.79004e-08)
(-2.25768e-08 2.52023e-10 7.50228e-08)
(-2.26972e-08 1.55114e-10 8.23717e-08)
(-2.41281e-08 2.40989e-10 7.94241e-08)
(-2.42842e-08 1.47126e-10 8.6926e-08)
(-2.57308e-08 2.30245e-10 8.39104e-08)
(-2.59226e-08 1.3942e-10 9.15602e-08)
(-2.73839e-08 2.19791e-10 8.84787e-08)
(-2.76111e-08 1.3199e-10 9.62712e-08)
(-2.90862e-08 2.09623e-10 9.31259e-08)
(-2.93483e-08 1.24833e-10 1.01056e-07)
(-3.08363e-08 1.9974e-10 9.78489e-08)
(-3.1133e-08 1.17944e-10 1.05911e-07)
(-3.26331e-08 1.9014e-10 1.02645e-07)
(-3.29636e-08 1.11316e-10 1.10835e-07)
(-3.4475e-08 1.80819e-10 1.07511e-07)
(-3.48388e-08 1.04946e-10 1.15823e-07)
(-3.63608e-08 1.71776e-10 1.12444e-07)
(-3.67569e-08 9.88277e-11 1.20873e-07)
(-3.82889e-08 1.63007e-10 1.17441e-07)
(-3.87165e-08 9.29556e-11 1.25983e-07)
(-4.02578e-08 1.54508e-10 1.22499e-07)
(-4.0716e-08 8.73241e-11 1.31149e-07)
(-4.22661e-08 1.46277e-10 1.27617e-07)
(-4.27538e-08 8.19276e-11 1.3637e-07)
(-4.43121e-08 1.38309e-10 1.3279e-07)
(-4.48282e-08 7.67603e-11 1.41642e-07)
(-4.63942e-08 1.30603e-10 1.38017e-07)
(-4.69377e-08 7.18165e-11 1.46962e-07)
(-4.8511e-08 1.23153e-10 1.43295e-07)
(-4.90805e-08 6.70902e-11 1.52329e-07)
(-5.06607e-08 1.15956e-10 1.48621e-07)
(-5.12552e-08 6.25758e-11 1.5774e-07)
(-5.28418e-08 1.09008e-10 1.53993e-07)
(-5.34599e-08 5.82673e-11 1.63192e-07)
(-5.50527e-08 1.02306e-10 1.59408e-07)
(-5.56932e-08 5.4159e-11 1.68684e-07)
(-5.72917e-08 9.58455e-11 1.64865e-07)
(-5.79533e-08 5.02451e-11 1.74212e-07)
(-5.95573e-08 8.96232e-11 1.7036e-07)
(-6.02388e-08 4.65198e-11 1.79775e-07)
(-6.18479e-08 8.36353e-11 1.75892e-07)
(-6.25479e-08 4.29775e-11 1.85371e-07)
(-6.41619e-08 7.78779e-11 1.81459e-07)
(-6.48792e-08 3.96126e-11 1.90997e-07)
(-6.64977e-08 7.23475e-11 1.87057e-07)
(-6.72311e-08 3.64195e-11 1.96651e-07)
(-6.8854e-08 6.70405e-11 1.92686e-07)
(-6.9602e-08 3.3393e-11 2.02331e-07)
(-7.12291e-08 6.19534e-11 1.98342e-07)
(-7.19906e-08 3.05277e-11 2.08036e-07)
(-7.36216e-08 5.70827e-11 2.04025e-07)
(-7.43954e-08 2.78185e-11 2.13763e-07)
(-7.60302e-08 5.24254e-11 2.09731e-07)
(-7.6815e-08 2.52603e-11 2.19511e-07)
(-7.84533e-08 4.7978e-11 2.1546e-07)
(-7.9248e-08 2.28483e-11 2.25278e-07)
(-8.08896e-08 4.37378e-11 2.2121e-07)
(-8.16931e-08 2.05779e-11 2.31062e-07)
(-8.3338e-08 3.97018e-11 2.26977e-07)
(-8.4149e-08 1.84445e-11 2.36861e-07)
(-8.5797e-08 3.58673e-11 2.32762e-07)
(-8.66146e-08 1.64438e-11 2.42674e-07)
(-8.82655e-08 3.22319e-11 2.38562e-07)
(-8.90887e-08 1.45718e-11 2.485e-07)
(-9.07423e-08 2.87933e-11 2.44376e-07)
(-9.15701e-08 1.28247e-11 2.54336e-07)
(-9.32263e-08 2.55494e-11 2.50202e-07)
(-9.40578e-08 1.11989e-11 2.60182e-07)
(-9.57165e-08 2.24985e-11 2.56038e-07)
(-9.65507e-08 9.69113e-12 2.66036e-07)
(-9.82118e-08 1.96392e-11 2.61884e-07)
(-9.9048e-08 8.29841e-12 2.71897e-07)
(-1.00711e-07 1.69702e-11 2.67738e-07)
(-1.01549e-07 7.01808e-12 2.77763e-07)
(-1.03214e-07 1.44908e-11 2.73598e-07)
(-1.04052e-07 5.84773e-12 2.83634e-07)
(-1.0572e-07 1.22005e-11 2.79464e-07)
(-1.06557e-07 4.78523e-12 2.89508e-07)
(-1.08227e-07 1.00994e-11 2.85335e-07)
(-1.09064e-07 3.82852e-12 2.95385e-07)
(-1.10735e-07 8.18765e-12 2.91208e-07)
(-1.1157e-07 2.97539e-12 3.01263e-07)
(-1.13244e-07 6.46562e-12 2.97084e-07)
(-1.14077e-07 2.22294e-12 3.07142e-07)
(-1.15752e-07 4.93316e-12 3.02961e-07)
(-1.16584e-07 1.5666e-12 3.13021e-07)
(-1.1826e-07 3.58858e-12 3.08839e-07)
(-1.19089e-07 9.97897e-13 3.189e-07)
(-1.20767e-07 2.42639e-12 3.14717e-07)
(-1.21593e-07 5.01805e-13 3.24777e-07)
(-1.23272e-07 1.43192e-12 3.20594e-07)
(-1.24095e-07 6.28498e-14 3.30652e-07)
(-1.25776e-07 5.74191e-13 3.2647e-07)
(-1.26595e-07 -3.62165e-13 3.36526e-07)
(-1.28277e-07 -1.91098e-13 3.32344e-07)
(-1.29093e-07 -1.11447e-12 3.42396e-07)
(-1.30777e-07 -9.883e-13 3.38216e-07)
(-1.33273e-07 -2.38986e-12 3.44085e-07)
(-3.27627e-10 -4.97711e-10 -4.54705e-11)
(-1.42859e-10 -2.93935e-10 -7.12809e-11)
(-2.45567e-10 -4.57889e-10 -4.73375e-11)
(-6.37799e-10 -6.53545e-10 1.86921e-10)
(-4.44817e-10 -5.04919e-10 9.71209e-11)
(-6.38113e-10 -7.47554e-10 9.39245e-11)
(-9.4235e-10 -7.10491e-10 6.30035e-10)
(-7.69451e-10 -5.87568e-10 4.5862e-10)
(-1.03534e-09 -8.3556e-10 4.23152e-10)
(-1.25608e-09 -7.39385e-10 1.2782e-09)
(-1.09286e-09 -6.29686e-10 1.01661e-09)
(-1.43115e-09 -8.78944e-10 9.55846e-10)
(-1.58782e-09 -7.49376e-10 2.12444e-09)
(-1.42572e-09 -6.48039e-10 1.77189e-09)
(-1.84028e-09 -8.96132e-10 1.69201e-09)
(-1.94469e-09 -7.45914e-10 3.15942e-09)
(-1.77857e-09 -6.50412e-10 2.71686e-09)
(-2.27282e-09 -8.94916e-10 2.62136e-09)
(-2.33166e-09 -7.34166e-10 4.37502e-09)
(-2.15744e-09 -6.43003e-10 3.84397e-09)
(-2.73343e-09 -8.82761e-10 3.73397e-09)
(-2.75225e-09 -7.17802e-10 5.76455e-09)
(-2.56662e-09 -6.3005e-10 5.14679e-09)
(-3.22516e-09 -8.64698e-10 5.0219e-09)
(-3.2092e-09 -6.99149e-10 7.32246e-09)
(-3.00954e-09 -6.14251e-10 6.61981e-09)
(-3.75046e-09 -8.43782e-10 6.4789e-09)
(-3.70486e-09 -6.79572e-10 9.04403e-09)
(-3.48903e-09 -5.97215e-10 8.25829e-09)
(-4.31153e-09 -8.21744e-10 8.09992e-09)
(-4.2414e-09 -6.59817e-10 1.09251e-08)
(-4.00758e-09 -5.79833e-10 1.0058e-08)
(-4.91043e-09 -7.9949e-10 9.88068e-09)
(-4.82084e-09 -6.40255e-10 1.29618e-08)
(-4.56747e-09 -5.62559e-10 1.20151e-08)
(-5.54918e-09 -7.77451e-10 1.18174e-08)
(-5.44508e-09 -6.21046e-10 1.51504e-08)
(-5.17081e-09 -5.45595e-10 1.41259e-08)
(-6.22973e-09 -7.55798e-10 1.39065e-08)
(-6.11589e-09 -6.02235e-10 1.74875e-08)
(-5.81954e-09 -5.29007e-10 1.63868e-08)
(-6.95393e-09 -7.34568e-10 1.61445e-08)
(-6.8349e-09 -5.83817e-10 1.99695e-08)
(-6.51542e-09 -5.12796e-10 1.87944e-08)
(-7.7235e-09 -7.1374e-10 1.85282e-08)
(-7.60358e-09 -5.65765e-10 2.25929e-08)
(-7.26003e-09 -4.96936e-10 2.13451e-08)
(-8.53999e-09 -6.93274e-10 2.10541e-08)
(-8.42318e-09 -5.48048e-10 2.53542e-08)
(-8.05478e-09 -4.81394e-10 2.40355e-08)
(-9.4048e-09 -6.7313e-10 2.37188e-08)
(-9.29482e-09 -5.30641e-10 2.82499e-08)
(-8.90086e-09 -4.66141e-10 2.6862e-08)
(-1.03191e-08 -6.53273e-10 2.65191e-08)
(-1.02194e-08 -5.13525e-10 3.12765e-08)
(-9.79929e-09 -4.51155e-10 2.98211e-08)
(-1.1284e-08 -6.33679e-10 2.94514e-08)
(-1.11976e-08 -4.96686e-10 3.44304e-08)
(-1.07509e-08 -4.3642e-10 3.29094e-08)
(-1.23002e-08 -6.14336e-10 3.25124e-08)
(-1.223e-08 -4.80118e-10 3.77082e-08)
(-1.17563e-08 -4.21926e-10 3.61234e-08)
(-1.33684e-08 -5.95235e-10 3.56988e-08)
(-1.3317e-08 -4.63817e-10 4.11064e-08)
(-1.2816e-08 -4.07669e-10 3.94595e-08)
(-1.4489e-08 -5.76374e-10 3.9007e-08)
(-1.44587e-08 -4.47785e-10 4.46215e-08)
(-1.39302e-08 -3.93648e-10 4.29142e-08)
(-1.56625e-08 -5.57757e-10 4.24337e-08)
(-1.56552e-08 -4.32022e-10 4.82501e-08)
(-1.50991e-08 -3.79862e-10 4.64842e-08)
(-1.68888e-08 -5.39387e-10 4.59755e-08)
(-1.69064e-08 -4.16532e-10 5.19887e-08)
(-1.63226e-08 -3.66315e-10 5.0166e-08)
(-1.8168e-08 -5.2127e-10 4.96291e-08)
(-1.82119e-08 -4.01318e-10 5.5834e-08)
(-1.76006e-08 -3.53008e-10 5.39562e-08)
(-1.94999e-08 -5.03413e-10 5.33912e-08)
(-1.95715e-08 -3.86384e-10 5.97826e-08)
(-1.89327e-08 -3.39946e-10 5.78514e-08)
(-2.08843e-08 -4.85821e-10 5.72584e-08)
(-2.09846e-08 -3.71733e-10 6.38312e-08)
(-2.03185e-08 -3.2713e-10 6.18483e-08)
(-2.23206e-08 -4.68501e-10 6.12276e-08)
(-2.24506e-08 -3.57367e-10 6.79765e-08)
(-2.17574e-08 -3.14564e-10 6.59437e-08)
(-2.38083e-08 -4.51458e-10 6.52953e-08)
(-2.39686e-08 -3.4329e-10 7.22154e-08)
(-2.32488e-08 -3.02249e-10 7.01341e-08)
(-2.53468e-08 -4.34698e-10 6.94586e-08)
(-2.55379e-08 -3.29503e-10 7.65445e-08)
(-2.47917e-08 -2.90188e-10 7.44165e-08)
(-2.69353e-08 -4.18226e-10 7.37142e-08)
(-2.71575e-08 -3.16008e-10 8.09607e-08)
(-2.63854e-08 -2.78381e-10 7.87877e-08)
(-2.85729e-08 -4.02045e-10 7.80589e-08)
(-2.88264e-08 -3.02807e-10 8.5461e-08)
(-2.80288e-08 -2.66831e-10 8.32445e-08)
(-3.02586e-08 -3.86161e-10 8.24897e-08)
(-3.05435e-08 -2.89899e-10 9.00423e-08)
(-2.97209e-08 -2.55538e-10 8.77838e-08)
(-3.19915e-08 -3.70575e-10 8.70036e-08)
(-3.23075e-08 -2.77286e-10 9.47016e-08)
(-3.14605e-08 -2.44502e-10 9.24026e-08)
(-3.37703e-08 -3.55291e-10 9.15975e-08)
(-3.41172e-08 -2.64968e-10 9.94358e-08)
(-3.32465e-08 -2.33724e-10 9.7098e-08)
(-3.55939e-08 -3.40312e-10 9.62686e-08)
(-3.59714e-08 -2.52944e-10 1.04242e-07)
(-3.50774e-08 -2.23202e-10 1.01867e-07)
(-3.74611e-08 -3.2564e-10 1.01014e-07)
(-3.78686e-08 -2.41214e-10 1.09118e-07)
(-3.69521e-08 -2.12938e-10 1.06706e-07)
(-3.93705e-08 -3.11276e-10 1.0583e-07)
(-3.98074e-08 -2.29777e-10 1.14059e-07)
(-3.88691e-08 -2.0293e-10 1.11614e-07)
(-4.13208e-08 -2.97223e-10 1.10715e-07)
(-4.17864e-08 -2.18633e-10 1.19065e-07)
(-4.0827e-08 -1.93177e-10 1.16586e-07)
(-4.33106e-08 -2.83481e-10 1.15666e-07)
(-4.38041e-08 -2.07781e-10 1.24131e-07)
(-4.28243e-08 -1.83679e-10 1.21621e-07)
(-4.53384e-08 -2.70052e-10 1.2068e-07)
(-4.5859e-08 -1.97219e-10 1.29255e-07)
(-4.48595e-08 -1.74435e-10 1.26715e-07)
(-4.74028e-08 -2.56938e-10 1.25754e-07)
(-4.79495e-08 -1.86947e-10 1.34435e-07)
(-4.69311e-08 -1.65443e-10 1.31866e-07)
(-4.95022e-08 -2.44138e-10 1.30885e-07)
(-5.00742e-08 -1.76961e-10 1.39668e-07)
(-4.90376e-08 -1.56701e-10 1.37071e-07)
(-5.16353e-08 -2.31653e-10 1.36072e-07)
(-5.22313e-08 -1.67262e-10 1.44952e-07)
(-5.11774e-08 -1.48209e-10 1.42329e-07)
(-5.38003e-08 -2.19484e-10 1.41311e-07)
(-5.44194e-08 -1.57847e-10 1.50283e-07)
(-5.33489e-08 -1.39965e-10 1.47635e-07)
(-5.59958e-08 -2.07632e-10 1.466e-07)
(-5.66368e-08 -1.48715e-10 1.5566e-07)
(-5.55506e-08 -1.31967e-10 1.52988e-07)
(-5.82203e-08 -1.96097e-10 1.51936e-07)
(-5.88821e-08 -1.39865e-10 1.61079e-07)
(-5.77809e-08 -1.24214e-10 1.58385e-07)
(-6.04722e-08 -1.84879e-10 1.57318e-07)
(-6.11536e-08 -1.31293e-10 1.6654e-07)
(-6.00382e-08 -1.16705e-10 1.63824e-07)
(-6.27499e-08 -1.73979e-10 1.62742e-07)
(-6.34497e-08 -1.22999e-10 1.72039e-07)
(-6.2321e-08 -1.09437e-10 1.69303e-07)
(-6.5052e-08 -1.63396e-10 1.68207e-07)
(-6.5769e-08 -1.14982e-10 1.77574e-07)
(-6.46276e-08 -1.02409e-10 1.74819e-07)
(-6.73768e-08 -1.53131e-10 1.7371e-07)
(-6.81099e-08 -1.07238e-10 1.83143e-07)
(-6.69567e-08 -9.56188e-11 1.80371e-07)
(-6.9723e-08 -1.43185e-10 1.79249e-07)
(-7.04709e-08 -9.97676e-11 1.88744e-07)
(-6.93066e-08 -8.90659e-11 1.85955e-07)
(-7.2089e-08 -1.33558e-10 1.84821e-07)
(-7.28505e-08 -9.25681e-11 1.94375e-07)
(-7.16759e-08 -8.27485e-11 1.9157e-07)
(-7.44733e-08 -1.24249e-10 1.90425e-07)
(-7.52473e-08 -8.56383e-11 2.00034e-07)
(-7.40632e-08 -7.66649e-11 1.97214e-07)
(-7.68746e-08 -1.1526e-10 1.96059e-07)
(-7.76599e-08 -7.89768e-11 2.05719e-07)
(-7.64669e-08 -7.08139e-11 2.02885e-07)
(-7.92914e-08 -1.06592e-10 2.0172e-07)
(-8.00869e-08 -7.25824e-11 2.11427e-07)
(-7.88857e-08 -6.51942e-11 2.08581e-07)
(-8.17224e-08 -9.82437e-11 2.07406e-07)
(-8.25269e-08 -6.64539e-11 2.17157e-07)
(-8.13184e-08 -5.98047e-11 2.143e-07)
(-8.41663e-08 -9.02172e-11 2.13117e-07)
(-8.49787e-08 -6.05903e-11 2.22908e-07)
(-8.37634e-08 -5.46443e-11 2.20039e-07)
(-8.66217e-08 -8.25131e-11 2.18849e-07)
(-8.7441e-08 -5.49909e-11 2.28677e-07)
(-8.62196e-08 -4.97121e-11 2.25798e-07)
(-8.90874e-08 -7.51324e-11 2.24601e-07)
(-8.99127e-08 -4.96549e-11 2.34462e-07)
(-8.86858e-08 -4.50074e-11 2.31575e-07)
(-9.15623e-08 -6.80763e-11 2.30371e-07)
(-9.23925e-08 -4.45819e-11 2.40263e-07)
(-9.11607e-08 -4.05295e-11 2.37368e-07)
(-9.40452e-08 -6.13462e-11 2.36158e-07)
(-9.48794e-08 -3.97716e-11 2.46077e-07)
(-9.36433e-08 -3.6278e-11 2.43175e-07)
(-9.6535e-08 -5.49437e-11 2.41959e-07)
(-9.73723e-08 -3.52242e-11 2.51903e-07)
(-9.61325e-08 -3.22528e-11 2.48994e-07)
(-9.90306e-08 -4.88705e-11 2.47774e-07)
(-9.98702e-08 -3.09399e-11 2.5774e-07)
(-9.86272e-08 -2.84538e-11 2.54825e-07)
(-1.01531e-07 -4.31289e-11 2.53601e-07)
(-1.02372e-07 -2.69194e-11 2.63585e-07)
(-1.01126e-07 -2.48816e-11 2.60666e-07)
(-1.04036e-07 -3.77212e-11 2.59438e-07)
(-1.04877e-07 -2.31637e-11 2.69439e-07)
(-1.03629e-07 -2.15366e-11 2.66515e-07)
(-1.06543e-07 -3.26505e-11 2.65284e-07)
(-1.07385e-07 -1.96743e-11 2.75299e-07)
(-1.06135e-07 -1.84201e-11 2.72372e-07)
(-1.09053e-07 -2.79198e-11 2.71137e-07)
(-1.09894e-07 -1.64532e-11 2.81164e-07)
(-1.08643e-07 -1.55333e-11 2.78234e-07)
(-1.11564e-07 -2.35332e-11 2.76997e-07)
(-1.12404e-07 -1.35027e-11 2.87034e-07)
(-1.11152e-07 -1.28783e-11 2.84101e-07)
(-1.14076e-07 -1.9495e-11 2.82862e-07)
(-1.14915e-07 -1.08256e-11 2.92907e-07)
(-1.13662e-07 -1.04572e-11 2.89972e-07)
(-1.16588e-07 -1.58101e-11 2.88731e-07)
(-1.17425e-07 -8.42408e-12 2.98782e-07)
(-1.16172e-07 -8.27252e-12 2.95846e-07)
(-1.191e-07 -1.24838e-11 2.94603e-07)
(-1.19935e-07 -6.29937e-12 3.04658e-07)
(-1.18682e-07 -6.32598e-12 3.01721e-07)
(-1.21612e-07 -9.52086e-12 3.00478e-07)
(-1.22443e-07 -4.44883e-12 3.10535e-07)
(-1.2119e-07 -4.61748e-12 3.07597e-07)
(-1.24121e-07 -6.9241e-12 3.06353e-07)
(-1.2495e-07 -2.86076e-12 3.16411e-07)
(-1.23698e-07 -3.14215e-12 3.13474e-07)
(-1.2663e-07 -4.69105e-12 3.12229e-07)
(-1.27455e-07 -1.50456e-12 3.22287e-07)
(-1.26203e-07 -1.884e-12 3.1935e-07)
(-1.29136e-07 -2.80619e-12 3.18104e-07)
(-1.29958e-07 -3.20418e-13 3.28161e-07)
(-1.28707e-07 -8.05838e-13 3.25225e-07)
(-1.3164e-07 -1.2269e-12 3.23979e-07)
(-1.32459e-07 8.1712e-13 3.34034e-07)
(-1.31209e-07 1.56937e-13 3.31098e-07)
(-1.34142e-07 1.32339e-13 3.29852e-07)
(-1.34957e-07 2.26363e-12 3.39904e-07)
(-1.33708e-07 1.13637e-12 3.3697e-07)
(-1.36642e-07 1.45794e-12 3.35723e-07)
(-1.36206e-07 2.50315e-12 3.42839e-07)
(-1.39139e-07 3.20169e-12 3.41592e-07)
(-2.43301e-10 -2.96837e-10 6.80234e-11)
(-8.84446e-11 -1.53168e-10 -2.63835e-11)
(-1.36605e-10 -2.43171e-10 3.48258e-11)
(-5.79535e-10 -4.36573e-10 3.67104e-10)
(-3.88984e-10 -3.06508e-10 2.13708e-10)
(-5.47042e-10 -4.73867e-10 2.69887e-10)
(-9.16485e-10 -5.03643e-10 8.4427e-10)
(-7.35364e-10 -3.81748e-10 6.16618e-10)
(-9.85941e-10 -5.81367e-10 6.39081e-10)
(-1.2567e-09 -5.35234e-10 1.5099e-09)
(-1.08132e-09 -4.19919e-10 1.19747e-09)
(-1.41528e-09 -6.31647e-10 1.19062e-09)
(-1.61013e-09 -5.46228e-10 2.3643e-09)
(-1.43359e-09 -4.36522e-10 1.96534e-09)
(-1.8508e-09 -6.50608e-10 1.93531e-09)
(-1.98424e-09 -5.44914e-10 3.40172e-09)
(-1.80254e-09 -4.3988e-10 2.91639e-09)
(-2.30428e-09 -6.51864e-10 2.86692e-09)
(-2.38458e-09 -5.36523e-10 4.6163e-09)
(-2.19432e-09 -4.35492e-10 4.04537e-09)
(-2.78099e-09 -6.43432e-10 3.97813e-09)
(-2.81545e-09 -5.24323e-10 6.00282e-09)
(-2.61366e-09 -4.26819e-10 5.34741e-09)
(-3.28488e-09 -6.29963e-10 5.26262e-09)
(-3.28029e-09 -5.10297e-10 7.55658e-09)
(-3.06448e-09 -4.15979e-10 6.81805e-09)
(-3.81936e-09 -6.14153e-10 6.71509e-09)
(-3.78209e-09 -4.95584e-10 9.27336e-09)
(-3.55013e-09 -4.04216e-10 8.45318e-09)
(-4.38742e-09 -5.97494e-10 8.33103e-09)
(-4.32347e-09 -4.80791e-10 1.11493e-08)
(-4.07352e-09 -3.92211e-10 1.0249e-08)
(-4.99174e-09 -5.80748e-10 1.01064e-08)
(-4.9068e-09 -4.66208e-10 1.31806e-08)
(-4.63726e-09 -3.80304e-10 1.22018e-08)
(-5.63478e-09 -5.6426e-10 1.20376e-08)
(-5.53419e-09 -4.51948e-10 1.53639e-08)
(-5.2437e-09 -3.68643e-10 1.43082e-08)
(-6.31879e-09 -5.48152e-10 1.41212e-08)
(-6.2076e-09 -4.38035e-10 1.76955e-08)
(-5.89494e-09 -3.57272e-10 1.65645e-08)
(-7.04581e-09 -5.32437e-10 1.63536e-08)
(-6.92875e-09 -4.24453e-10 2.01719e-08)
(-6.59287e-09 -3.46188e-10 1.89675e-08)
(-7.81769e-09 -5.17081e-10 1.87317e-08)
(-7.69916e-09 -4.11171e-10 2.27898e-08)
(-7.33915e-09 -3.35366e-10 2.15135e-08)
(-8.63607e-09 -5.02037e-10 2.12519e-08)
(-8.52014e-09 -3.98158e-10 2.55455e-08)
(-8.13523e-09 -3.24777e-10 2.41992e-08)
(-9.50239e-09 -4.87264e-10 2.39111e-08)
(-9.39284e-09 -3.85389e-10 2.84357e-08)
(-8.98236e-09 -3.14398e-10 2.70211e-08)
(-1.04179e-08 -4.72725e-10 2.67057e-08)
(-1.03182e-08 -3.72845e-10 3.14567e-08)
(-9.88156e-09 -3.0421e-10 2.99756e-08)
(-1.13836e-08 -4.58397e-10 2.96325e-08)
(-1.12969e-08 -3.60514e-10 3.46052e-08)
(-1.08337e-08 -2.94199e-10 3.30592e-08)
(-1.24004e-08 -4.44265e-10 3.26879e-08)
(-1.23295e-08 -3.48389e-10 3.78775e-08)
(-1.18394e-08 -2.84358e-10 3.62686e-08)
(-1.34689e-08 -4.3032e-10 3.58688e-08)
(-1.34164e-08 -3.36467e-10 4.12703e-08)
(-1.28991e-08 -2.74683e-10 3.96001e-08)
(-1.45896e-08 -4.1656e-10 3.91715e-08)
(-1.45578e-08 -3.24746e-10 4.47801e-08)
(-1.40132e-08 -2.65172e-10 4.30503e-08)
(-1.57629e-08 -4.02985e-10 4.25928e-08)
(-1.57538e-08 -3.13228e-10 4.84034e-08)
(-1.51818e-08 -2.55824e-10 4.66158e-08)
(-1.69888e-08 -3.89597e-10 4.61293e-08)
(-1.70042e-08 -3.01915e-10 5.21368e-08)
(-1.64048e-08 -2.46642e-10 5.02932e-08)
(-1.82673e-08 -3.76401e-10 4.97777e-08)
(-1.83089e-08 -2.90809e-10 5.5977e-08)
(-1.76821e-08 -2.37627e-10 5.40791e-08)
(-1.95984e-08 -3.634e-10 5.35345e-08)
(-1.96674e-08 -2.79912e-10 5.99206e-08)
(-1.90133e-08 -2.2878e-10 5.797e-08)
(-2.09816e-08 -3.50599e-10 5.73967e-08)
(-2.10792e-08 -2.69227e-10 6.39642e-08)
(-2.03981e-08 -2.20104e-10 6.19627e-08)
(-2.24167e-08 -3.38002e-10 6.13608e-08)
(-2.25437e-08 -2.58755e-10 6.81047e-08)
(-2.18359e-08 -2.11601e-10 6.60539e-08)
(-2.3903e-08 -3.25614e-10 6.54237e-08)
(-2.40601e-08 -2.48499e-10 7.23387e-08)
(-2.33259e-08 -2.03271e-10 7.02403e-08)
(-2.544e-08 -3.13437e-10 6.95821e-08)
(-2.56277e-08 -2.38459e-10 7.66632e-08)
(-2.48675e-08 -1.95115e-10 7.45187e-08)
(-2.70267e-08 -3.01476e-10 7.38329e-08)
(-2.72454e-08 -2.28636e-10 8.10748e-08)
(-2.64596e-08 -1.87136e-10 7.88859e-08)
(-2.86625e-08 -2.89732e-10 7.8173e-08)
(-2.89123e-08 -2.19031e-10 8.55706e-08)
(-2.81014e-08 -1.79333e-10 8.33389e-08)
(-3.03463e-08 -2.7821e-10 8.25992e-08)
(-3.06273e-08 -2.09645e-10 9.01475e-08)
(-2.97918e-08 -1.71706e-10 8.78744e-08)
(-3.20771e-08 -2.6691e-10 8.71086e-08)
(-3.23891e-08 -2.00478e-10 9.48024e-08)
(-3.15297e-08 -1.64257e-10 9.24896e-08)
(-3.38538e-08 -2.55834e-10 9.16982e-08)
(-3.41966e-08 -1.91528e-10 9.95324e-08)
(-3.33138e-08 -1.56984e-10 9.71813e-08)
(-3.56751e-08 -2.44985e-10 9.6365e-08)
(-3.60484e-08 -1.82797e-10 1.04335e-07)
(-3.51428e-08 -1.49887e-10 1.01947e-07)
(-3.754e-08 -2.34364e-10 1.01106e-07)
(-3.79432e-08 -1.74284e-10 1.09206e-07)
(-3.70155e-08 -1.42967e-10 1.06783e-07)
(-3.9447e-08 -2.23971e-10 1.05918e-07)
(-3.98796e-08 -1.65987e-10 1.14144e-07)
(-3.89305e-08 -1.36221e-10 1.11687e-07)
(-4.13949e-08 -2.13808e-10 1.10799e-07)
(-4.18561e-08 -1.57907e-10 1.19145e-07)
(-4.08863e-08 -1.29651e-10 1.16656e-07)
(-4.33822e-08 -2.03875e-10 1.15746e-07)
(-4.38713e-08 -1.50041e-10 1.24208e-07)
(-4.28815e-08 -1.23255e-10 1.21687e-07)
(-4.54074e-08 -1.94173e-10 1.20756e-07)
(-4.59236e-08 -1.42389e-10 1.29329e-07)
(-4.49146e-08 -1.17032e-10 1.26778e-07)
(-4.74693e-08 -1.84702e-10 1.25826e-07)
(-4.80116e-08 -1.3495e-10 1.34505e-07)
(-4.6984e-08 -1.1098e-10 1.31926e-07)
(-4.95661e-08 -1.75463e-10 1.30954e-07)
(-5.01336e-08 -1.27722e-10 1.39734e-07)
(-4.90884e-08 -1.051e-10 1.37129e-07)
(-5.16965e-08 -1.66456e-10 1.36137e-07)
(-5.22881e-08 -1.20704e-10 1.45014e-07)
(-5.1226e-08 -9.93898e-11 1.42383e-07)
(-5.3859e-08 -1.57681e-10 1.41373e-07)
(-5.44736e-08 -1.13895e-10 1.50342e-07)
(-5.33953e-08 -9.38482e-11 1.47686e-07)
(-5.60519e-08 -1.49138e-10 1.46659e-07)
(-5.66885e-08 -1.07293e-10 1.55715e-07)
(-5.55949e-08 -8.84741e-11 1.53036e-07)
(-5.82738e-08 -1.40827e-10 1.51992e-07)
(-5.89312e-08 -1.00897e-10 1.61132e-07)
(-5.7823e-08 -8.32662e-11 1.58431e-07)
(-6.05231e-08 -1.32747e-10 1.5737e-07)
(-6.12001e-08 -9.47055e-11 1.6659e-07)
(-6.00782e-08 -7.82235e-11 1.63868e-07)
(-6.27982e-08 -1.249e-10 1.62791e-07)
(-6.34937e-08 -8.87165e-11 1.72086e-07)
(-6.23588e-08 -7.33445e-11 1.69344e-07)
(-6.50977e-08 -1.17285e-10 1.68253e-07)
(-6.58105e-08 -8.29289e-11 1.77618e-07)
(-6.46634e-08 -6.86281e-11 1.74858e-07)
(-6.74201e-08 -1.09902e-10 1.73753e-07)
(-6.8149e-08 -7.73412e-11 1.83184e-07)
(-6.69904e-08 -6.40732e-11 1.80407e-07)
(-6.97637e-08 -1.0275e-10 1.79289e-07)
(-7.05075e-08 -7.19522e-11 1.88783e-07)
(-6.93382e-08 -5.96784e-11 1.85989e-07)
(-7.21273e-08 -9.58301e-11 1.84859e-07)
(-7.28848e-08 -6.67604e-11 1.94411e-07)
(-7.17056e-08 -5.54427e-11 1.91602e-07)
(-7.45092e-08 -8.9142e-11 1.9046e-07)
(-7.52793e-08 -6.17646e-11 2.00067e-07)
(-7.40908e-08 -5.13649e-11 1.97243e-07)
(-7.69082e-08 -8.26857e-11 1.96091e-07)
(-7.76896e-08 -5.69636e-11 2.05749e-07)
(-7.64927e-08 -4.74441e-11 2.02912e-07)
(-7.93227e-08 -7.64614e-11 2.0175e-07)
(-8.01144e-08 -5.23563e-11 2.11455e-07)
(-7.89097e-08 -4.36793e-11 2.08606e-07)
(-8.17514e-08 -7.04693e-11 2.07434e-07)
(-8.25523e-08 -4.79417e-11 2.17183e-07)
(-8.13405e-08 -4.00694e-11 2.14322e-07)
(-8.41931e-08 -6.47097e-11 2.13142e-07)
(-8.5002e-08 -4.37188e-11 2.22931e-07)
(-8.37837e-08 -3.66138e-11 2.2006e-07)
(-8.66464e-08 -5.9183e-11 2.18872e-07)
(-8.74623e-08 -3.96868e-11 2.28698e-07)
(-8.62383e-08 -3.33117e-11 2.25818e-07)
(-8.91101e-08 -5.38898e-11 2.24622e-07)
(-8.9932e-08 -3.58452e-11 2.34481e-07)
(-8.87028e-08 -3.01624e-11 2.31592e-07)
(-9.1583e-08 -4.88306e-11 2.3039e-07)
(-9.241e-08 -3.21934e-11 2.4028e-07)
(-9.11762e-08 -2.71655e-11 2.37383e-07)
(-9.4064e-08 -4.40062e-11 2.36175e-07)
(-9.48951e-08 -2.8731e-11 2.46092e-07)
(-9.36572e-08 -2.43205e-11 2.43189e-07)
(-9.65519e-08 -3.94176e-11 2.41975e-07)
(-9.73863e-08 -2.5458e-11 2.51917e-07)
(-9.61449e-08 -2.16273e-11 2.49007e-07)
(-9.90458e-08 -3.5066e-11 2.47788e-07)
(-9.98826e-08 -2.23745e-11 2.57752e-07)
(-9.86382e-08 -1.90858e-11 2.54836e-07)
(-1.01545e-07 -3.09527e-11 2.53613e-07)
(-1.02383e-07 -1.94808e-11 2.63596e-07)
(-1.01136e-07 -1.66962e-11 2.60676e-07)
(-1.04047e-07 -2.70793e-11 2.59448e-07)
(-1.04887e-07 -1.67777e-11 2.69448e-07)
(-1.03638e-07 -1.44589e-11 2.66524e-07)
(-1.06553e-07 -2.34479e-11 2.65293e-07)
(-1.07393e-07 -1.42662e-11 2.75307e-07)
(-1.06143e-07 -1.23746e-11 2.72379e-07)
(-1.09062e-07 -2.00608e-11 2.71145e-07)
(-1.09901e-07 -1.19478e-11 2.81171e-07)
(-1.08649e-07 -1.04443e-11 2.7824e-07)
(-1.11572e-07 -1.69209e-11 2.77004e-07)
(-1.1241e-07 -9.82422e-12 2.87039e-07)
(-1.11158e-07 -8.66924e-12 2.84106e-07)
(-1.14083e-07 -1.40314e-11 2.82867e-07)
(-1.14919e-07 -7.89748e-12 2.92911e-07)
(-1.13667e-07 -7.05109e-12 2.89976e-07)
(-1.16594e-07 -1.1396e-11 2.88736e-07)
(-1.17429e-07 -6.16936e-12 2.98785e-07)
(-1.16176e-07 -5.59143e-12 2.95849e-07)
(-1.19105e-07 -9.01876e-12 2.94607e-07)
(-1.19937e-07 -4.64044e-12 3.04661e-07)
(-1.18684e-07 -4.29142e-12 3.01724e-07)
(-1.21615e-07 -6.90307e-12 3.0048e-07)
(-1.22445e-07 -3.30829e-12 3.10537e-07)
(-1.21192e-07 -3.15067e-12 3.076e-07)
(-1.24124e-07 -5.05058e-12 3.06355e-07)
(-1.24951e-07 -2.16357e-12 3.16413e-07)
(-1.23699e-07 -2.16527e-12 3.13476e-07)
(-1.26631e-07 -3.45826e-12 3.1223e-07)
(-1.27456e-07 -1.18376e-12 3.22288e-07)
(-1.26204e-07 -1.32376e-12 3.19351e-07)
(-1.29137e-07 -2.11281e-12 3.18105e-07)
(-1.29958e-07 -3.27322e-13 3.28162e-07)
(-1.28708e-07 -6.02124e-13 3.25226e-07)
(-1.31641e-07 -9.81786e-13 3.23979e-07)
(-1.32459e-07 4.79824e-13 3.34034e-07)
(-1.31209e-07 3.92688e-14 3.31099e-07)
(-1.34142e-07 -6.32525e-15 3.29852e-07)
(-1.34957e-07 1.37777e-12 3.39904e-07)
(-1.33709e-07 6.77976e-13 3.3697e-07)
(-1.36642e-07 9.18079e-13 3.35723e-07)
(-1.36206e-07 1.42955e-12 3.42839e-07)
(-1.39139e-07 1.96543e-12 3.41592e-07)
(-2.16425e-10 -1.60968e-10 1.18348e-10)
(-7.65324e-11 -6.5871e-11 -8.9232e-12)
(-1.15983e-10 -1.23359e-10 7.47876e-11)
(-5.49299e-10 -2.50283e-10 4.61968e-10)
(-3.66099e-10 -1.43879e-10 2.69009e-10)
(-5.09043e-10 -2.65473e-10 3.66206e-10)
(-8.98269e-10 -2.97214e-10 9.6866e-10)
(-7.17183e-10 -1.86211e-10 6.99276e-10)
(-9.55627e-10 -3.39593e-10 7.66926e-10)
(-1.25323e-09 -3.20525e-10 1.65218e-09)
(-1.07341e-09 -2.08537e-10 1.29726e-09)
(-1.40092e-09 -3.76566e-10 1.33586e-09)
(-1.62028e-09 -3.29465e-10 2.51704e-09)
(-1.43604e-09 -2.18604e-10 2.07575e-09)
(-1.85212e-09 -3.91669e-10 2.09073e-09)
(-2.00597e-09 -3.29746e-10 3.55994e-09)
(-1.81424e-09 -2.21144e-10 3.033e-09)
(-2.31926e-09 -3.94119e-10 3.02774e-09)
(-2.41582e-09 -3.2509e-10 4.77665e-09)
(-2.21389e-09 -2.19312e-10 4.16503e-09)
(-2.80729e-09 -3.89671e-10 4.14098e-09)
(-2.8543e-09 -3.178e-10 6.16306e-09)
(-2.63967e-09 -2.15077e-10 5.468e-09)
(-3.32024e-09 -3.81669e-10 5.42526e-09)
(-3.32518e-09 -3.09251e-10 7.7153e-09)
(-3.09567e-09 -2.09628e-10 6.93816e-09)
(-3.86185e-09 -3.72016e-10 6.8761e-09)
(-3.83174e-09 -3.00223e-10 9.42967e-09)
(-3.58544e-09 -2.0366e-10 8.5719e-09)
(-4.43547e-09 -3.61757e-10 8.48952e-09)
(-4.37689e-09 -2.91133e-10 1.13026e-08)
(-4.11209e-09 -1.97549e-10 1.03657e-08)
(-5.04415e-09 -3.51425e-10 1.02619e-08)
(-4.96322e-09 -2.82178e-10 1.33307e-08)
(-4.67843e-09 -1.91487e-10 1.23162e-08)
(-5.69061e-09 -3.41265e-10 1.21897e-08)
(-5.59303e-09 -2.73437e-10 1.55104e-08)
(-5.28695e-09 -1.85556e-10 1.442e-08)
(-6.37734e-09 -3.31361e-10 1.42697e-08)
(-6.26839e-09 -2.64923e-10 1.78383e-08)
(-5.93986e-09 -1.79781e-10 1.66737e-08)
(-7.10654e-09 -3.21724e-10 1.64984e-08)
(-6.99111e-09 -2.56626e-10 2.0311e-08)
(-6.63914e-09 -1.74158e-10 1.90739e-08)
(-7.88017e-09 -3.12328e-10 1.88727e-08)
(-7.76277e-09 -2.48524e-10 2.29251e-08)
(-7.3865e-09 -1.68675e-10 2.16171e-08)
(-8.69996e-09 -3.03142e-10 2.13891e-08)
(-8.58475e-09 -2.40596e-10 2.5677e-08)
(-8.18344e-09 -1.63315e-10 2.42999e-08)
(-9.5674e-09 -2.94135e-10 2.40445e-08)
(-9.4582e-09 -2.32823e-10 2.85634e-08)
(-9.03124e-09 -1.58066e-10 2.71189e-08)
(-1.04838e-08 -2.85281e-10 2.68353e-08)
(-1.03841e-08 -2.25193e-10 3.15807e-08)
(-9.93094e-09 -1.52917e-10 3.00706e-08)
(-1.14501e-08 -2.76564e-10 2.97582e-08)
(-1.13631e-08 -2.17696e-10 3.47253e-08)
(-1.08834e-08 -1.47859e-10 3.31514e-08)
(-1.24673e-08 -2.67972e-10 3.28099e-08)
(-1.23959e-08 -2.10328e-10 3.7994e-08)
(-1.18893e-08 -1.4289e-10 3.63579e-08)
(-1.35361e-08 -2.59499e-10 3.59869e-08)
(-1.34828e-08 -2.03085e-10 4.13831e-08)
(-1.29491e-08 -1.38005e-10 3.96866e-08)
(-1.46569e-08 -2.51141e-10 3.92859e-08)
(-1.4624e-08 -1.95968e-10 4.48892e-08)
(-1.40631e-08 -1.33205e-10 4.31341e-08)
(-1.583e-08 -2.429e-10 4.27035e-08)
(-1.58197e-08 -1.88977e-10 4.85089e-08)
(-1.52315e-08 -1.28488e-10 4.66969e-08)
(-1.70556e-08 -2.34775e-10 4.62363e-08)
(-1.70696e-08 -1.82112e-10 5.22387e-08)
(-1.64542e-08 -1.23857e-10 5.03715e-08)
(-1.83337e-08 -2.2677e-10 4.98811e-08)
(-1.83737e-08 -1.75375e-10 5.60754e-08)
(-1.77311e-08 -1.1931e-10 5.41547e-08)
(-1.96642e-08 -2.18886e-10 5.36344e-08)
(-1.97314e-08 -1.68767e-10 6.00155e-08)
(-1.90618e-08 -1.1485e-10 5.8043e-08)
(-2.10468e-08 -2.11126e-10 5.7493e-08)
(-2.11423e-08 -1.6229e-10 6.40558e-08)
(-2.0446e-08 -1.10477e-10 6.20331e-08)
(-2.24811e-08 -2.03492e-10 6.14537e-08)
(-2.26059e-08 -1.55944e-10 6.81929e-08)
(-2.18831e-08 -1.06191e-10 6.61218e-08)
(-2.39665e-08 -1.95988e-10 6.55132e-08)
(-2.41212e-08 -1.49731e-10 7.24237e-08)
(-2.33723e-08 -1.01995e-10 7.03057e-08)
(-2.55024e-08 -1.88615e-10 6.96682e-08)
(-2.56876e-08 -1.43651e-10 7.67449e-08)
(-2.49131e-08 -9.78874e-11 7.45816e-08)
(-2.7088e-08 -1.81375e-10 7.39158e-08)
(-2.73041e-08 -1.37705e-10 8.11534e-08)
(-2.65043e-08 -9.38695e-11 7.89465e-08)
(-2.87225e-08 -1.7427e-10 7.82527e-08)
(-2.89697e-08 -1.31893e-10 8.56461e-08)
(-2.81452e-08 -8.99414e-11 8.33971e-08)
(-3.0405e-08 -1.67301e-10 8.26758e-08)
(-3.06833e-08 -1.26215e-10 9.02199e-08)
(-2.98345e-08 -8.61033e-11 8.79303e-08)
(-3.21344e-08 -1.60469e-10 8.71822e-08)
(-3.24437e-08 -1.20672e-10 9.48719e-08)
(-3.15713e-08 -8.23551e-11 9.25432e-08)
(-3.39097e-08 -1.53776e-10 9.17687e-08)
(-3.42497e-08 -1.15262e-10 9.9599e-08)
(-3.33543e-08 -7.86969e-11 9.72327e-08)
(-3.57295e-08 -1.47222e-10 9.64325e-08)
(-3.60999e-08 -1.09986e-10 1.04398e-07)
(-3.51821e-08 -7.51283e-11 1.01996e-07)
(-3.75929e-08 -1.40808e-10 1.01171e-07)
(-3.79931e-08 -1.04844e-10 1.09267e-07)
(-3.70536e-08 -7.16492e-11 1.0683e-07)
(-3.94983e-08 -1.34534e-10 1.0598e-07)
(-3.99278e-08 -9.98337e-11 1.14202e-07)
(-3.89674e-08 -6.82592e-11 1.11732e-07)
(-4.14445e-08 -1.28402e-10 1.10859e-07)
(-4.19027e-08 -9.49559e-11 1.19201e-07)
(-4.09219e-08 -6.49578e-11 1.16699e-07)
(-4.34301e-08 -1.2241e-10 1.15803e-07)
(-4.39162e-08 -9.02094e-11 1.24261e-07)
(-4.29159e-08 -6.17447e-11 1.21728e-07)
(-4.54537e-08 -1.1656e-10 1.2081e-07)
(-4.59668e-08 -8.55936e-11 1.29379e-07)
(-4.49477e-08 -5.86194e-11 1.26818e-07)
(-4.75138e-08 -1.10852e-10 1.25878e-07)
(-4.8053e-08 -8.11076e-11 1.34553e-07)
(-4.70159e-08 -5.55812e-11 1.31964e-07)
(-4.96089e-08 -1.05286e-10 1.31003e-07)
(-5.01733e-08 -7.67505e-11 1.3978e-07)
(-4.91189e-08 -5.26296e-11 1.37164e-07)
(-5.17376e-08 -9.98609e-11 1.36184e-07)
(-5.23261e-08 -7.25214e-11 1.45057e-07)
(-5.12552e-08 -4.9764e-11 1.42416e-07)
(-5.38983e-08 -9.45776e-11 1.41417e-07)
(-5.45099e-08 -6.84194e-11 1.50383e-07)
(-5.34233e-08 -4.69838e-11 1.47718e-07)
(-5.60895e-08 -8.94359e-11 1.467e-07)
(-5.6723e-08 -6.44435e-11 1.55754e-07)
(-5.56215e-08 -4.42882e-11 1.53067e-07)
(-5.83096e-08 -8.44356e-11 1.52031e-07)
(-5.8964e-08 -6.05927e-11 1.61169e-07)
(-5.78483e-08 -4.16767e-11 1.5846e-07)
(-6.05571e-08 -7.95766e-11 1.57407e-07)
(-6.12312e-08 -5.6866e-11 1.66624e-07)
(-6.01022e-08 -3.91485e-11 1.63894e-07)
(-6.28306e-08 -7.48587e-11 1.62827e-07)
(-6.35231e-08 -5.32625e-11 1.72118e-07)
(-6.23816e-08 -3.6703e-11 1.69369e-07)
(-6.51284e-08 -7.02817e-11 1.68286e-07)
(-6.58383e-08 -4.97812e-11 1.77648e-07)
(-6.46849e-08 -3.43396e-11 1.74881e-07)
(-6.7449e-08 -6.58456e-11 1.73784e-07)
(-6.81751e-08 -4.64212e-11 1.83213e-07)
(-6.70106e-08 -3.20575e-11 1.80429e-07)
(-6.9791e-08 -6.155e-11 1.79318e-07)
(-7.0532e-08 -4.31815e-11 1.88809e-07)
(-6.93573e-08 -2.98562e-11 1.86009e-07)
(-7.21529e-08 -5.7395e-11 1.84886e-07)
(-7.29077e-08 -4.00612e-11 1.94436e-07)
(-7.17234e-08 -2.7735e-11 1.91621e-07)
(-7.45333e-08 -5.33804e-11 1.90485e-07)
(-7.53006e-08 -3.70596e-11 2.0009e-07)
(-7.41075e-08 -2.56933e-11 1.97262e-07)
(-7.69306e-08 -4.95062e-11 1.96115e-07)
(-7.77094e-08 -3.41757e-11 2.0577e-07)
(-7.65082e-08 -2.37306e-11 2.02929e-07)
(-7.93436e-08 -4.57723e-11 2.01772e-07)
(-8.01327e-08 -3.14089e-11 2.11474e-07)
(-7.89241e-08 -2.18463e-11 2.08621e-07)
(-8.17708e-08 -4.21787e-11 2.07454e-07)
(-8.25692e-08 -2.87585e-11 2.17201e-07)
(-8.13538e-08 -2.00399e-11 2.14337e-07)
(-8.42111e-08 -3.87256e-11 2.13161e-07)
(-8.50176e-08 -2.62237e-11 2.22948e-07)
(-8.3796e-08 -1.83111e-11 2.20073e-07)
(-8.66629e-08 -3.54131e-11 2.18889e-07)
(-8.74766e-08 -2.38042e-11 2.28713e-07)
(-8.62495e-08 -1.66593e-11 2.2583e-07)
(-8.91253e-08 -3.22413e-11 2.24637e-07)
(-8.9945e-08 -2.14994e-11 2.34495e-07)
(-8.8713e-08 -1.50842e-11 2.31603e-07)
(-9.15968e-08 -2.92106e-11 2.30404e-07)
(-9.24217e-08 -1.93089e-11 2.40293e-07)
(-9.11854e-08 -1.35856e-11 2.37393e-07)
(-9.40765e-08 -2.63214e-11 2.36188e-07)
(-9.49056e-08 -1.72325e-11 2.46104e-07)
(-9.36656e-08 -1.21632e-11 2.43198e-07)
(-9.65632e-08 -2.35742e-11 2.41986e-07)
(-9.73957e-08 -1.52702e-11 2.51927e-07)
(-9.61524e-08 -1.08169e-11 2.49015e-07)
(-9.90559e-08 -2.09696e-11 2.47798e-07)
(-9.98909e-08 -1.34218e-11 2.57761e-07)
(-9.86449e-08 -9.54665e-12 2.54843e-07)
(-1.01554e-07 -1.85083e-11 2.53622e-07)
(-1.0239e-07 -1.16877e-11 2.63604e-07)
(-1.01142e-07 -8.35251e-12 2.60682e-07)
(-1.04055e-07 -1.61914e-11 2.59456e-07)
(-1.04893e-07 -1.00682e-11 2.69455e-07)
(-1.03643e-07 -7.23468e-12 2.66529e-07)
(-1.0656e-07 -1.402e-11 2.653e-07)
(-1.07398e-07 -8.56406e-12 2.75312e-07)
(-1.06147e-07 -6.19352e-12 2.72384e-07)
(-1.09068e-07 -1.19955e-11 2.71151e-07)
(-1.09906e-07 -7.17607e-12 2.81176e-07)
(-1.08653e-07 -5.22954e-12 2.78244e-07)
(-1.11577e-07 -1.01197e-11 2.77009e-07)
(-1.12414e-07 -5.90538e-12 2.87043e-07)
(-1.11161e-07 -4.34341e-12 2.8411e-07)
(-1.14087e-07 -8.39462e-12 2.82872e-07)
(-1.14923e-07 -4.7532e-12 2.92914e-07)
(-1.13669e-07 -3.53594e-12 2.89979e-07)
(-1.16597e-07 -6.82253e-12 2.88739e-07)
(-1.17431e-07 -3.72054e-12 2.98788e-07)
(-1.16178e-07 -2.80794e-12 2.95852e-07)
(-1.19107e-07 -5.40583e-12 2.9461e-07)
(-1.19939e-07 -2.8076e-12 3.04663e-07)
(-1.18686e-07 -2.15991e-12 3.01726e-07)
(-1.21617e-07 -4.14651e-12 3.00483e-07)
(-1.22446e-07 -2.01257e-12 3.10538e-07)
(-1.21194e-07 -1.59154e-12 3.07601e-07)
(-1.24126e-07 -3.04522e-12 3.06357e-07)
(-1.24952e-07 -1.32949e-12 3.16414e-07)
(-1.237e-07 -1.1006e-12 3.13477e-07)
(-1.26633e-07 -2.09947e-12 3.12232e-07)
(-1.27456e-07 -7.45376e-13 3.22289e-07)
(-1.26205e-07 -6.81214e-13 3.19352e-07)
(-1.29138e-07 -1.30052e-12 3.18106e-07)
(-1.29959e-07 -2.37713e-13 3.28163e-07)
(-1.28708e-07 -3.21919e-13 3.25226e-07)
(-1.31641e-07 -6.29468e-13 3.2398e-07)
(-1.32459e-07 2.33587e-13 3.34035e-07)
(-1.31209e-07 -4.51123e-15 3.31099e-07)
(-1.34143e-07 -5.40428e-14 3.29853e-07)
(-1.34958e-07 7.23479e-13 3.39905e-07)
(-1.33709e-07 3.04604e-13 3.36971e-07)
(-1.36642e-07 4.82217e-13 3.35724e-07)
(-1.36206e-07 6.37389e-13 3.42839e-07)
(-1.39139e-07 1.03973e-12 3.41593e-07)
(-2.07646e-10 -5.01437e-11 1.41279e-10)
(-7.39177e-11 1.53961e-19 -3.37047e-12)
(-1.1074e-10 -3.7145e-11 9.34473e-11)
(-5.38751e-10 -8.0543e-11 5.05541e-10)
(-3.60293e-10 4.1015e-19 2.86296e-10)
(-4.96726e-10 -8.42175e-11 4.11093e-10)
(-8.91349e-10 -9.75979e-11 1.02689e-09)
(-7.12264e-10 6.17255e-19 7.25404e-10)
(-9.44621e-10 -1.10778e-10 8.27279e-10)
(-1.25185e-09 -1.06371e-10 1.72009e-09)
(-1.07113e-09 8.17109e-19 1.32926e-09)
(-1.39505e-09 -1.24602e-10 1.40542e-09)
(-1.62474e-09 -1.09909e-10 2.5912e-09)
(-1.43676e-09 1.01666e-18 2.11163e-09)
(-1.85241e-09 -1.30495e-10 2.16627e-09)
(-2.01586e-09 -1.10279e-10 3.63781e-09)
(-1.81784e-09 1.22006e-18 3.07129e-09)
(-2.32565e-09 -1.31737e-10 3.10694e-09)
(-2.4304e-09 -1.08846e-10 4.85636e-09)
(-2.22005e-09 1.41968e-18 4.20465e-09)
(-2.81915e-09 -1.30439e-10 4.22205e-09)
(-2.87278e-09 -1.0645e-10 6.24331e-09)
(-2.64799e-09 1.60024e-18 5.50816e-09)
(-3.33672e-09 -1.27829e-10 5.50688e-09)
(-3.34684e-09 -1.03592e-10 7.79521e-09)
(-3.10577e-09 1.76839e-18 6.97832e-09)
(-3.88207e-09 -1.24605e-10 6.95737e-09)
(-3.85595e-09 -1.00556e-10 9.50865e-09)
(-3.59697e-09 1.9303e-18 8.61171e-09)
(-4.45869e-09 -1.21151e-10 8.56985e-09)
(-4.40314e-09 -9.74919e-11 1.13803e-08)
(-4.12477e-09 2.05365e-18 1.0405e-08)
(-5.06973e-09 -1.17663e-10 1.03409e-08)
(-4.99109e-09 -9.44725e-11 1.34068e-08)
(-4.69202e-09 2.10724e-18 1.23547e-08)
(-5.71807e-09 -1.14232e-10 1.22671e-08)
(-5.62221e-09 -9.15264e-11 1.55848e-08)
(-5.30126e-09 2.13657e-18 1.44577e-08)
(-6.40629e-09 -1.1089e-10 1.43454e-08)
(-6.29861e-09 -8.86597e-11 1.79109e-08)
(-5.95476e-09 2.1309e-18 1.67105e-08)
(-7.13667e-09 -1.07641e-10 1.65723e-08)
(-7.02217e-09 -8.58684e-11 2.03818e-08)
(-6.65451e-09 2.09849e-18 1.91097e-08)
(-7.91125e-09 -1.04477e-10 1.89447e-08)
(-7.7945e-09 -8.31448e-11 2.29939e-08)
(-7.40225e-09 2.06936e-18 2.1652e-08)
(-8.73179e-09 -1.01387e-10 2.14592e-08)
(-8.61701e-09 -8.04813e-11 2.5744e-08)
(-8.19949e-09 2.07567e-18 2.43339e-08)
(-9.59983e-09 -9.83602e-11 2.41126e-08)
(-9.49085e-09 -7.78714e-11 2.86284e-08)
(-9.04751e-09 2.08421e-18 2.71519e-08)
(-1.05166e-08 -9.53868e-11 2.69015e-08)
(-1.0417e-08 -7.53103e-11 3.16438e-08)
(-9.94738e-09 2.07935e-18 3.01026e-08)
(-1.14833e-08 -9.24607e-11 2.98225e-08)
(-1.13962e-08 -7.27949e-11 3.47865e-08)
(-1.09e-08 2.06537e-18 3.31825e-08)
(-1.25008e-08 -8.95777e-11 3.28722e-08)
(-1.24291e-08 -7.03233e-11 3.80533e-08)
(-1.19059e-08 2.01238e-18 3.6388e-08)
(-1.35697e-08 -8.67354e-11 3.60473e-08)
(-1.3516e-08 -6.78944e-11 4.14405e-08)
(-1.29657e-08 1.94538e-18 3.97158e-08)
(-1.46905e-08 -8.39328e-11 3.93444e-08)
(-1.46572e-08 -6.5508e-11 4.49448e-08)
(-1.40797e-08 1.87111e-18 4.31623e-08)
(-1.58635e-08 -8.11695e-11 4.27601e-08)
(-1.58526e-08 -6.3164e-11 4.85626e-08)
(-1.5248e-08 1.72925e-18 4.67242e-08)
(-1.7089e-08 -7.84459e-11 4.62911e-08)
(-1.71024e-08 -6.08629e-11 5.22907e-08)
(-1.64706e-08 1.51699e-18 5.0398e-08)
(-1.8367e-08 -7.57628e-11 4.9934e-08)
(-1.84061e-08 -5.86051e-11 5.61256e-08)
(-1.77474e-08 1.29722e-18 5.41802e-08)
(-1.96972e-08 -7.31208e-11 5.36855e-08)
(-1.97635e-08 -5.63909e-11 6.00639e-08)
(-1.9078e-08 1.07384e-18 5.80677e-08)
(-2.10794e-08 -7.05209e-11 5.75424e-08)
(-2.1174e-08 -5.42208e-11 6.41025e-08)
(-2.0462e-08 8.37329e-19 6.20569e-08)
(-2.25133e-08 -6.79639e-11 6.15013e-08)
(-2.2637e-08 -5.20951e-11 6.82379e-08)
(-2.18988e-08 5.84548e-19 6.61447e-08)
(-2.39982e-08 -6.54505e-11 6.5559e-08)
(-2.41519e-08 -5.00142e-11 7.2467e-08)
(-2.33878e-08 2.94542e-19 7.03278e-08)
(-2.55336e-08 -6.29816e-11 6.97124e-08)
(-2.57177e-08 -4.79783e-11 7.67866e-08)
(-2.49283e-08 -3.479e-20 7.46029e-08)
(-2.71187e-08 -6.05576e-11 7.39583e-08)
(-2.73336e-08 -4.59876e-11 8.11935e-08)
(-2.65192e-08 -3.91056e-19 7.89669e-08)
(-2.87526e-08 -5.81792e-11 7.82936e-08)
(-2.89985e-08 -4.4042e-11 8.56846e-08)
(-2.81597e-08 -7.88004e-19 8.34167e-08)
(-3.04344e-08 -5.58468e-11 8.27151e-08)
(-3.07113e-08 -4.21418e-11 9.02569e-08)
(-2.98488e-08 -1.27708e-18 8.79492e-08)
(-3.21631e-08 -5.35608e-11 8.72199e-08)
(-3.2471e-08 -4.02868e-11 9.49073e-08)
(-3.15852e-08 -1.85554e-18 9.25613e-08)
(-3.39377e-08 -5.13215e-11 9.18049e-08)
(-3.42762e-08 -3.84769e-11 9.96329e-08)
(-3.33678e-08 -2.44185e-18 9.72501e-08)
(-3.57568e-08 -4.91293e-11 9.64672e-08)
(-3.61257e-08 -3.67121e-11 1.04431e-07)
(-3.51953e-08 -3.05994e-18 1.02013e-07)
(-3.76193e-08 -4.69842e-11 1.01204e-07)
(-3.80181e-08 -3.49922e-11 1.09298e-07)
(-3.70664e-08 -3.73223e-18 1.06846e-07)
(-3.95239e-08 -4.48866e-11 1.06012e-07)
(-3.9952e-08 -3.33169e-11 1.14232e-07)
(-3.89797e-08 -4.43666e-18 1.11747e-07)
(-4.14693e-08 -4.28364e-11 1.10889e-07)
(-4.1926e-08 -3.16861e-11 1.19229e-07)
(-4.09339e-08 -5.18928e-18 1.16714e-07)
(-4.34541e-08 -4.08338e-11 1.15832e-07)
(-4.39387e-08 -3.00996e-11 1.24288e-07)
(-4.29274e-08 -6.02801e-18 1.21742e-07)
(-4.54768e-08 -3.88788e-11 1.20838e-07)
(-4.59884e-08 -2.85569e-11 1.29405e-07)
(-4.49588e-08 -6.91747e-18 1.26831e-07)
(-4.75361e-08 -3.69716e-11 1.25904e-07)
(-4.80738e-08 -2.70579e-11 1.34577e-07)
(-4.70265e-08 -7.8558e-18 1.31976e-07)
(-4.96304e-08 -3.51119e-11 1.31028e-07)
(-5.01932e-08 -2.56022e-11 1.39803e-07)
(-4.91291e-08 -8.80453e-18 1.37176e-07)
(-5.17582e-08 -3.32999e-11 1.36207e-07)
(-5.23451e-08 -2.41895e-11 1.4508e-07)
(-5.1265e-08 -9.74094e-18 1.42428e-07)
(-5.3918e-08 -3.15356e-11 1.4144e-07)
(-5.4528e-08 -2.28195e-11 1.50404e-07)
(-5.34326e-08 -1.07022e-17 1.47729e-07)
(-5.61083e-08 -2.98187e-11 1.46722e-07)
(-5.67403e-08 -2.14918e-11 1.55774e-07)
(-5.56304e-08 -1.16957e-17 1.53077e-07)
(-5.83275e-08 -2.81494e-11 1.52052e-07)
(-5.89804e-08 -2.02062e-11 1.61187e-07)
(-5.78568e-08 -1.27209e-17 1.58469e-07)
(-6.05742e-08 -2.65275e-11 1.57427e-07)
(-6.12468e-08 -1.89621e-11 1.66642e-07)
(-6.01102e-08 -1.3783e-17 1.63904e-07)
(-6.28468e-08 -2.49529e-11 1.62845e-07)
(-6.35379e-08 -1.77594e-11 1.72135e-07)
(-6.23892e-08 -1.48753e-17 1.69378e-07)
(-6.51437e-08 -2.34256e-11 1.68303e-07)
(-6.58522e-08 -1.65976e-11 1.77664e-07)
(-6.46921e-08 -1.5995e-17 1.74889e-07)
(-6.74635e-08 -2.19456e-11 1.738e-07)
(-6.81881e-08 -1.54764e-11 1.83227e-07)
(-6.70174e-08 -1.71344e-17 1.80436e-07)
(-6.98047e-08 -2.05126e-11 1.79333e-07)
(-7.05443e-08 -1.43956e-11 1.88823e-07)
(-6.93636e-08 -1.82353e-17 1.86017e-07)
(-7.21658e-08 -1.91268e-11 1.849e-07)
(-7.29192e-08 -1.33548e-11 1.94448e-07)
(-7.17294e-08 -1.93536e-17 1.91628e-07)
(-7.45453e-08 -1.7788e-11 1.90499e-07)
(-7.53113e-08 -1.23536e-11 2.00102e-07)
(-7.41131e-08 -2.06089e-17 1.97268e-07)
(-7.69419e-08 -1.64961e-11 1.96127e-07)
(-7.77194e-08 -1.13919e-11 2.05781e-07)
(-7.65134e-08 -2.19444e-17 2.02935e-07)
(-7.93541e-08 -1.52512e-11 2.01783e-07)
(-8.01419e-08 -1.04694e-11 2.11485e-07)
(-7.89289e-08 -2.32828e-17 2.08627e-07)
(-8.17806e-08 -1.40533e-11 2.07465e-07)
(-8.25777e-08 -9.5857e-12 2.1721e-07)
(-8.13582e-08 -2.4625e-17 2.14342e-07)
(-8.422e-08 -1.29023e-11 2.1317e-07)
(-8.50254e-08 -8.74074e-12 2.22956e-07)
(-8.38001e-08 -2.59923e-17 2.20078e-07)
(-8.66712e-08 -1.17984e-11 2.18898e-07)
(-8.74837e-08 -7.93427e-12 2.28721e-07)
(-8.62532e-08 -2.73728e-17 2.25834e-07)
(-8.91328e-08 -1.07415e-11 2.24645e-07)
(-8.99515e-08 -7.16613e-12 2.34502e-07)
(-8.87165e-08 -2.87336e-17 2.31607e-07)
(-9.16038e-08 -9.73168e-12 2.30412e-07)
(-9.24276e-08 -6.4362e-12 2.40299e-07)
(-9.11886e-08 -3.01024e-17 2.37397e-07)
(-9.40828e-08 -8.76916e-12 2.36194e-07)
(-9.49109e-08 -5.74436e-12 2.46109e-07)
(-9.36684e-08 -3.1529e-17 2.43201e-07)
(-9.65689e-08 -7.85405e-12 2.41992e-07)
(-9.74004e-08 -5.09059e-12 2.51932e-07)
(-9.61549e-08 -3.29016e-17 2.49018e-07)
(-9.9061e-08 -6.98655e-12 2.47803e-07)
(-9.9895e-08 -4.47489e-12 2.57765e-07)
(-9.86472e-08 -3.43927e-17 2.54846e-07)
(-1.01558e-07 -6.16691e-12 2.53627e-07)
(-1.02394e-07 -3.89731e-12 2.63608e-07)
(-1.01144e-07 -3.59318e-17 2.60684e-07)
(-1.04059e-07 -5.39544e-12 2.5946e-07)
(-1.04896e-07 -3.35801e-12 2.69458e-07)
(-1.03645e-07 -3.75209e-17 2.66531e-07)
(-1.06564e-07 -4.67255e-12 2.65303e-07)
(-1.07401e-07 -2.8572e-12 2.75316e-07)
(-1.06149e-07 -3.91568e-17 2.72385e-07)
(-1.09071e-07 -3.9987e-12 2.71154e-07)
(-1.09908e-07 -2.39518e-12 2.81178e-07)
(-1.08654e-07 -4.08202e-17 2.78246e-07)
(-1.11579e-07 -3.37449e-12 2.77011e-07)
(-1.12416e-07 -1.97234e-12 2.87046e-07)
(-1.11162e-07 -4.247e-17 2.84111e-07)
(-1.14089e-07 -2.8006e-12 2.82874e-07)
(-1.14924e-07 -1.58907e-12 2.92916e-07)
(-1.1367e-07 -4.41138e-17 2.8998e-07)
(-1.16599e-07 -2.27782e-12 2.88741e-07)
(-1.17433e-07 -1.2457e-12 2.98789e-07)
(-1.16178e-07 -4.56993e-17 2.95852e-07)
(-1.19109e-07 -1.80694e-12 2.94611e-07)
(-1.1994e-07 -9.42236e-13 3.04664e-07)
(-1.18687e-07 -4.68987e-17 3.01726e-07)
(-1.21618e-07 -1.38857e-12 3.00484e-07)
(-1.22447e-07 -6.77996e-13 3.10539e-07)
(-1.21194e-07 -4.77831e-17 3.07602e-07)
(-1.24126e-07 -1.02286e-12 3.06358e-07)
(-1.24953e-07 -4.50899e-13 3.16415e-07)
(-1.237e-07 -4.90252e-17 3.13477e-07)
(-1.26633e-07 -7.08811e-13 3.12232e-07)
(-1.27457e-07 -2.56663e-13 3.22289e-07)
(-1.26205e-07 -5.06482e-17 3.19352e-07)
(-1.29138e-07 -4.43336e-13 3.18107e-07)
(-1.29959e-07 -8.82229e-14 3.28163e-07)
(-1.28708e-07 -5.29132e-17 3.25227e-07)
(-1.31642e-07 -2.20204e-13 3.23981e-07)
(-1.32459e-07 6.62251e-14 3.34035e-07)
(-1.3121e-07 -5.55084e-17 3.311e-07)
(-1.34143e-07 -2.93111e-14 3.29853e-07)
(-1.34958e-07 2.20108e-13 3.39905e-07)
(-1.33709e-07 -5.79829e-17 3.36971e-07)
(-1.36642e-07 1.4608e-13 3.35724e-07)
(-1.36206e-07 -6.16221e-17 3.4284e-07)
(-1.3914e-07 3.20147e-13 3.41593e-07)
(-2.07646e-10 5.01437e-11 1.41279e-10)
(-7.65324e-11 6.5871e-11 -8.9232e-12)
(-1.1074e-10 3.7145e-11 9.34473e-11)
(-5.38751e-10 8.0543e-11 5.05541e-10)
(-3.66099e-10 1.43879e-10 2.69009e-10)
(-4.96726e-10 8.42175e-11 4.11093e-10)
(-8.91349e-10 9.75979e-11 1.02689e-09)
(-7.17183e-10 1.86211e-10 6.99276e-10)
(-9.44621e-10 1.10778e-10 8.27279e-10)
(-1.25185e-09 1.06371e-10 1.72009e-09)
(-1.07341e-09 2.08537e-10 1.29726e-09)
(-1.39505e-09 1.24602e-10 1.40542e-09)
(-1.62474e-09 1.09909e-10 2.5912e-09)
(-1.43604e-09 2.18604e-10 2.07575e-09)
(-1.85241e-09 1.30495e-10 2.16627e-09)
(-2.01586e-09 1.10279e-10 3.63781e-09)
(-1.81424e-09 2.21144e-10 3.033e-09)
(-2.32565e-09 1.31738e-10 3.10694e-09)
(-2.4304e-09 1.08846e-10 4.85636e-09)
(-2.21389e-09 2.19312e-10 4.16503e-09)
(-2.81915e-09 1.30439e-10 4.22205e-09)
(-2.87278e-09 1.0645e-10 6.24331e-09)
(-2.63967e-09 2.15077e-10 5.468e-09)
(-3.33672e-09 1.27829e-10 5.50688e-09)
(-3.34684e-09 1.03592e-10 7.79521e-09)
(-3.09567e-09 2.09628e-10 6.93816e-09)
(-3.88207e-09 1.24605e-10 6.95737e-09)
(-3.85595e-09 1.00556e-10 9.50865e-09)
(-3.58544e-09 2.0366e-10 8.5719e-09)
(-4.45869e-09 1.21151e-10 8.56985e-09)
(-4.40314e-09 9.74919e-11 1.13803e-08)
(-4.11209e-09 1.97549e-10 1.03657e-08)
(-5.06973e-09 1.17663e-10 1.03409e-08)
(-4.99109e-09 9.44725e-11 1.34068e-08)
(-4.67843e-09 1.91487e-10 1.23162e-08)
(-5.71807e-09 1.14232e-10 1.22671e-08)
(-5.62221e-09 9.15264e-11 1.55848e-08)
(-5.28695e-09 1.85556e-10 1.442e-08)
(-6.40629e-09 1.1089e-10 1.43454e-08)
(-6.29861e-09 8.86597e-11 1.79109e-08)
(-5.93986e-09 1.79781e-10 1.66737e-08)
(-7.13667e-09 1.07641e-10 1.65723e-08)
(-7.02217e-09 8.58684e-11 2.03818e-08)
(-6.63914e-09 1.74158e-10 1.90739e-08)
(-7.91125e-09 1.04477e-10 1.89447e-08)
(-7.7945e-09 8.31448e-11 2.29939e-08)
(-7.3865e-09 1.68675e-10 2.16171e-08)
(-8.73179e-09 1.01387e-10 2.14592e-08)
(-8.61701e-09 8.04813e-11 2.5744e-08)
(-8.18344e-09 1.63315e-10 2.42999e-08)
(-9.59983e-09 9.83602e-11 2.41126e-08)
(-9.49085e-09 7.78714e-11 2.86284e-08)
(-9.03124e-09 1.58066e-10 2.71189e-08)
(-1.05166e-08 9.53868e-11 2.69015e-08)
(-1.0417e-08 7.53103e-11 3.16438e-08)
(-9.93094e-09 1.52917e-10 3.00706e-08)
(-1.14833e-08 9.24607e-11 2.98225e-08)
(-1.13962e-08 7.27949e-11 3.47865e-08)
(-1.08834e-08 1.47859e-10 3.31514e-08)
(-1.25008e-08 8.95777e-11 3.28722e-08)
(-1.24291e-08 7.03233e-11 3.80533e-08)
(-1.18893e-08 1.4289e-10 3.63579e-08)
(-1.35697e-08 8.67354e-11 3.60473e-08)
(-1.3516e-08 6.78944e-11 4.14405e-08)
(-1.29491e-08 1.38005e-10 3.96866e-08)
(-1.46905e-08 8.39328e-11 3.93444e-08)
(-1.46572e-08 6.5508e-11 4.49448e-08)
(-1.40631e-08 1.33205e-10 4.31341e-08)
(-1.58635e-08 8.11695e-11 4.27601e-08)
(-1.58526e-08 6.3164e-11 4.85626e-08)
(-1.52315e-08 1.28488e-10 4.66969e-08)
(-1.7089e-08 7.84459e-11 4.62911e-08)
(-1.71024e-08 6.08629e-11 5.22907e-08)
(-1.64542e-08 1.23857e-10 5.03715e-08)
(-1.8367e-08 7.57628e-11 4.9934e-08)
(-1.84061e-08 5.86051e-11 5.61256e-08)
(-1.77311e-08 1.1931e-10 5.41547e-08)
(-1.96972e-08 7.31208e-11 5.36855e-08)
(-1.97635e-08 5.63909e-11 6.00639e-08)
(-1.90618e-08 1.1485e-10 5.8043e-08)
(-2.10794e-08 7.05209e-11 5.75424e-08)
(-2.1174e-08 5.42208e-11 6.41025e-08)
(-2.0446e-08 1.10477e-10 6.20331e-08)
(-2.25133e-08 6.79639e-11 6.15013e-08)
(-2.2637e-08 5.20951e-11 6.82379e-08)
(-2.18831e-08 1.06191e-10 6.61218e-08)
(-2.39982e-08 6.54505e-11 6.5559e-08)
(-2.41519e-08 5.00142e-11 7.2467e-08)
(-2.33723e-08 1.01995e-10 7.03057e-08)
(-2.55336e-08 6.29816e-11 6.97124e-08)
(-2.57177e-08 4.79783e-11 7.67866e-08)
(-2.49131e-08 9.78874e-11 7.45816e-08)
(-2.71187e-08 6.05576e-11 7.39583e-08)
(-2.73336e-08 4.59876e-11 8.11935e-08)
(-2.65043e-08 9.38695e-11 7.89465e-08)
(-2.87526e-08 5.81792e-11 7.82936e-08)
(-2.89985e-08 4.4042e-11 8.56846e-08)
(-2.81452e-08 8.99414e-11 8.33971e-08)
(-3.04344e-08 5.58468e-11 8.27151e-08)
(-3.07113e-08 4.21418e-11 9.02569e-08)
(-2.98345e-08 8.61033e-11 8.79303e-08)
(-3.21631e-08 5.35608e-11 8.72199e-08)
(-3.2471e-08 4.02868e-11 9.49073e-08)
(-3.15713e-08 8.23551e-11 9.25432e-08)
(-3.39377e-08 5.13215e-11 9.18049e-08)
(-3.42762e-08 3.84769e-11 9.96329e-08)
(-3.33543e-08 7.86969e-11 9.72327e-08)
(-3.57568e-08 4.91293e-11 9.64672e-08)
(-3.61257e-08 3.67121e-11 1.04431e-07)
(-3.51821e-08 7.51283e-11 1.01996e-07)
(-3.76193e-08 4.69842e-11 1.01204e-07)
(-3.80181e-08 3.49922e-11 1.09298e-07)
(-3.70536e-08 7.16492e-11 1.0683e-07)
(-3.95239e-08 4.48866e-11 1.06012e-07)
(-3.9952e-08 3.33169e-11 1.14232e-07)
(-3.89674e-08 6.82591e-11 1.11732e-07)
(-4.14693e-08 4.28364e-11 1.10889e-07)
(-4.1926e-08 3.16861e-11 1.19229e-07)
(-4.09219e-08 6.49578e-11 1.16699e-07)
(-4.34541e-08 4.08338e-11 1.15832e-07)
(-4.39387e-08 3.00996e-11 1.24288e-07)
(-4.29159e-08 6.17447e-11 1.21728e-07)
(-4.54768e-08 3.88788e-11 1.20838e-07)
(-4.59884e-08 2.85569e-11 1.29405e-07)
(-4.49477e-08 5.86194e-11 1.26818e-07)
(-4.75361e-08 3.69715e-11 1.25904e-07)
(-4.80738e-08 2.70579e-11 1.34577e-07)
(-4.70159e-08 5.55812e-11 1.31964e-07)
(-4.96304e-08 3.51119e-11 1.31028e-07)
(-5.01932e-08 2.56022e-11 1.39803e-07)
(-4.91189e-08 5.26296e-11 1.37164e-07)
(-5.17582e-08 3.32999e-11 1.36207e-07)
(-5.23451e-08 2.41895e-11 1.4508e-07)
(-5.12552e-08 4.9764e-11 1.42416e-07)
(-5.3918e-08 3.15355e-11 1.4144e-07)
(-5.4528e-08 2.28195e-11 1.50404e-07)
(-5.34233e-08 4.69838e-11 1.47718e-07)
(-5.61083e-08 2.98187e-11 1.46722e-07)
(-5.67403e-08 2.14918e-11 1.55774e-07)
(-5.56215e-08 4.42882e-11 1.53067e-07)
(-5.83275e-08 2.81494e-11 1.52052e-07)
(-5.89804e-08 2.02061e-11 1.61187e-07)
(-5.78483e-08 4.16767e-11 1.5846e-07)
(-6.05742e-08 2.65275e-11 1.57427e-07)
(-6.12468e-08 1.89621e-11 1.66642e-07)
(-6.01022e-08 3.91485e-11 1.63894e-07)
(-6.28468e-08 2.49529e-11 1.62845e-07)
(-6.35379e-08 1.77593e-11 1.72135e-07)
(-6.23816e-08 3.6703e-11 1.69369e-07)
(-6.51437e-08 2.34256e-11 1.68303e-07)
(-6.58522e-08 1.65976e-11 1.77664e-07)
(-6.46849e-08 3.43396e-11 1.74881e-07)
(-6.74635e-08 2.19455e-11 1.738e-07)
(-6.81881e-08 1.54764e-11 1.83227e-07)
(-6.70106e-08 3.20575e-11 1.80429e-07)
(-6.98047e-08 2.05126e-11 1.79333e-07)
(-7.05443e-08 1.43956e-11 1.88823e-07)
(-6.93573e-08 2.98562e-11 1.86009e-07)
(-7.21658e-08 1.91268e-11 1.849e-07)
(-7.29192e-08 1.33547e-11 1.94448e-07)
(-7.17234e-08 2.7735e-11 1.91621e-07)
(-7.45453e-08 1.77879e-11 1.90499e-07)
(-7.53113e-08 1.23536e-11 2.00102e-07)
(-7.41075e-08 2.56933e-11 1.97262e-07)
(-7.69419e-08 1.64961e-11 1.96127e-07)
(-7.77194e-08 1.13919e-11 2.05781e-07)
(-7.65082e-08 2.37305e-11 2.02929e-07)
(-7.93541e-08 1.52512e-11 2.01783e-07)
(-8.01419e-08 1.04693e-11 2.11485e-07)
(-7.89241e-08 2.18463e-11 2.08621e-07)
(-8.17806e-08 1.40533e-11 2.07465e-07)
(-8.25777e-08 9.58565e-12 2.1721e-07)
(-8.13538e-08 2.00399e-11 2.14337e-07)
(-8.422e-08 1.29023e-11 2.1317e-07)
(-8.50254e-08 8.74068e-12 2.22956e-07)
(-8.3796e-08 1.8311e-11 2.20073e-07)
(-8.66712e-08 1.17983e-11 2.18898e-07)
(-8.74837e-08 7.93421e-12 2.28721e-07)
(-8.62495e-08 1.66592e-11 2.2583e-07)
(-8.91328e-08 1.07414e-11 2.24645e-07)
(-8.99515e-08 7.16607e-12 2.34502e-07)
(-8.8713e-08 1.50842e-11 2.31603e-07)
(-9.16038e-08 9.73163e-12 2.30412e-07)
(-9.24276e-08 6.43613e-12 2.40299e-07)
(-9.11854e-08 1.35855e-11 2.37393e-07)
(-9.40828e-08 8.76911e-12 2.36194e-07)
(-9.49109e-08 5.7443e-12 2.46109e-07)
(-9.36656e-08 1.21631e-11 2.43198e-07)
(-9.65689e-08 7.85399e-12 2.41992e-07)
(-9.74004e-08 5.09053e-12 2.51932e-07)
(-9.61524e-08 1.08168e-11 2.49015e-07)
(-9.9061e-08 6.98649e-12 2.47803e-07)
(-9.9895e-08 4.47482e-12 2.57765e-07)
(-9.86449e-08 9.54658e-12 2.54843e-07)
(-1.01558e-07 6.16684e-12 2.53627e-07)
(-1.02394e-07 3.89724e-12 2.63608e-07)
(-1.01142e-07 8.35243e-12 2.60682e-07)
(-1.04059e-07 5.39538e-12 2.5946e-07)
(-1.04896e-07 3.35793e-12 2.69458e-07)
(-1.03643e-07 7.23461e-12 2.66529e-07)
(-1.06564e-07 4.67248e-12 2.65303e-07)
(-1.07401e-07 2.85712e-12 2.75316e-07)
(-1.06147e-07 6.19344e-12 2.72384e-07)
(-1.09071e-07 3.99863e-12 2.71154e-07)
(-1.09908e-07 2.3951e-12 2.81178e-07)
(-1.08653e-07 5.22945e-12 2.78244e-07)
(-1.11579e-07 3.37441e-12 2.77011e-07)
(-1.12416e-07 1.97225e-12 2.87046e-07)
(-1.11161e-07 4.34332e-12 2.8411e-07)
(-1.14089e-07 2.80053e-12 2.82874e-07)
(-1.14924e-07 1.58898e-12 2.92916e-07)
(-1.13669e-07 3.53586e-12 2.89979e-07)
(-1.16599e-07 2.27774e-12 2.88741e-07)
(-1.17433e-07 1.24561e-12 2.98789e-07)
(-1.16178e-07 2.80785e-12 2.95852e-07)
(-1.19109e-07 1.80685e-12 2.94611e-07)
(-1.1994e-07 9.42141e-13 3.04664e-07)
(-1.18686e-07 2.15982e-12 3.01726e-07)
(-1.21618e-07 1.38849e-12 3.00484e-07)
(-1.22447e-07 6.77899e-13 3.10539e-07)
(-1.21194e-07 1.59144e-12 3.07601e-07)
(-1.24126e-07 1.02277e-12 3.06358e-07)
(-1.24953e-07 4.50799e-13 3.16415e-07)
(-1.237e-07 1.1005e-12 3.13477e-07)
(-1.26633e-07 7.08718e-13 3.12232e-07)
(-1.27457e-07 2.56559e-13 3.22289e-07)
(-1.26205e-07 6.81111e-13 3.19352e-07)
(-1.29138e-07 4.4324e-13 3.18107e-07)
(-1.29959e-07 8.81142e-14 3.28163e-07)
(-1.28708e-07 3.21812e-13 3.25226e-07)
(-1.31642e-07 2.20102e-13 3.23981e-07)
(-1.32459e-07 -6.63391e-14 3.34035e-07)
(-1.31209e-07 4.39966e-15 3.31099e-07)
(-1.34143e-07 2.92067e-14 3.29853e-07)
(-1.34958e-07 -2.20228e-13 3.39905e-07)
(-1.33709e-07 -3.04722e-13 3.36971e-07)
(-1.36642e-07 -1.46189e-13 3.35724e-07)
(-1.36206e-07 -6.37512e-13 3.42839e-07)
(-1.3914e-07 -3.20267e-13 3.41593e-07)
(-2.16425e-10 1.60968e-10 1.18348e-10)
(-8.84446e-11 1.53168e-10 -2.63835e-11)
(-1.15983e-10 1.23359e-10 7.47876e-11)
(-5.49299e-10 2.50283e-10 4.61968e-10)
(-3.88984e-10 3.06508e-10 2.13708e-10)
(-5.09043e-10 2.65473e-10 3.66206e-10)
(-8.98269e-10 2.97214e-10 9.6866e-10)
(-7.35364e-10 3.81748e-10 6.16618e-10)
(-9.55627e-10 3.39593e-10 7.66926e-10)
(-1.25323e-09 3.20525e-10 1.65218e-09)
(-1.08132e-09 4.19919e-10 1.19747e-09)
(-1.40092e-09 3.76566e-10 1.33586e-09)
(-1.62028e-09 3.29465e-10 2.51704e-09)
(-1.43359e-09 4.36522e-10 1.96534e-09)
(-1.85212e-09 3.91669e-10 2.09073e-09)
(-2.00597e-09 3.29746e-10 3.55994e-09)
(-1.80254e-09 4.3988e-10 2.91639e-09)
(-2.31926e-09 3.94119e-10 3.02774e-09)
(-2.41582e-09 3.2509e-10 4.77665e-09)
(-2.19432e-09 4.35492e-10 4.04537e-09)
(-2.80729e-09 3.89671e-10 4.14098e-09)
(-2.8543e-09 3.178e-10 6.16306e-09)
(-2.61366e-09 4.26819e-10 5.34741e-09)
(-3.32024e-09 3.81669e-10 5.42526e-09)
(-3.32518e-09 3.09251e-10 7.7153e-09)
(-3.06448e-09 4.15979e-10 6.81805e-09)
(-3.86185e-09 3.72016e-10 6.8761e-09)
(-3.83174e-09 3.00223e-10 9.42967e-09)
(-3.55013e-09 4.04216e-10 8.45318e-09)
(-4.43547e-09 3.61757e-10 8.48952e-09)
(-4.37689e-09 2.91133e-10 1.13026e-08)
(-4.07352e-09 3.92211e-10 1.0249e-08)
(-5.04415e-09 3.51426e-10 1.02619e-08)
(-4.96322e-09 2.82178e-10 1.33307e-08)
(-4.63726e-09 3.80304e-10 1.22018e-08)
(-5.69061e-09 3.41265e-10 1.21897e-08)
(-5.59303e-09 2.73437e-10 1.55104e-08)
(-5.2437e-09 3.68643e-10 1.43082e-08)
(-6.37734e-09 3.31361e-10 1.42697e-08)
(-6.26839e-09 2.64923e-10 1.78383e-08)
(-5.89494e-09 3.57272e-10 1.65645e-08)
(-7.10654e-09 3.21724e-10 1.64984e-08)
(-6.99111e-09 2.56626e-10 2.0311e-08)
(-6.59287e-09 3.46188e-10 1.89675e-08)
(-7.88017e-09 3.12328e-10 1.88727e-08)
(-7.76277e-09 2.48524e-10 2.29251e-08)
(-7.33915e-09 3.35366e-10 2.15135e-08)
(-8.69996e-09 3.03142e-10 2.13891e-08)
(-8.58475e-09 2.40596e-10 2.5677e-08)
(-8.13523e-09 3.24777e-10 2.41992e-08)
(-9.5674e-09 2.94135e-10 2.40445e-08)
(-9.4582e-09 2.32823e-10 2.85634e-08)
(-8.98236e-09 3.14398e-10 2.70211e-08)
(-1.04838e-08 2.85281e-10 2.68353e-08)
(-1.03841e-08 2.25193e-10 3.15807e-08)
(-9.88156e-09 3.0421e-10 2.99756e-08)
(-1.14501e-08 2.76564e-10 2.97582e-08)
(-1.13631e-08 2.17696e-10 3.47253e-08)
(-1.08337e-08 2.94199e-10 3.30592e-08)
(-1.24673e-08 2.67972e-10 3.28099e-08)
(-1.23959e-08 2.10328e-10 3.7994e-08)
(-1.18394e-08 2.84358e-10 3.62686e-08)
(-1.35361e-08 2.59499e-10 3.59869e-08)
(-1.34828e-08 2.03085e-10 4.13831e-08)
(-1.28991e-08 2.74683e-10 3.96001e-08)
(-1.46569e-08 2.51141e-10 3.92859e-08)
(-1.4624e-08 1.95968e-10 4.48892e-08)
(-1.40132e-08 2.65172e-10 4.30503e-08)
(-1.583e-08 2.429e-10 4.27035e-08)
(-1.58197e-08 1.88977e-10 4.85089e-08)
(-1.51818e-08 2.55824e-10 4.66158e-08)
(-1.70556e-08 2.34775e-10 4.62363e-08)
(-1.70696e-08 1.82112e-10 5.22387e-08)
(-1.64048e-08 2.46642e-10 5.02932e-08)
(-1.83337e-08 2.2677e-10 4.98811e-08)
(-1.83737e-08 1.75375e-10 5.60754e-08)
(-1.76821e-08 2.37627e-10 5.40791e-08)
(-1.96642e-08 2.18886e-10 5.36344e-08)
(-1.97314e-08 1.68767e-10 6.00155e-08)
(-1.90133e-08 2.2878e-10 5.797e-08)
(-2.10468e-08 2.11126e-10 5.7493e-08)
(-2.11423e-08 1.6229e-10 6.40558e-08)
(-2.03981e-08 2.20104e-10 6.19627e-08)
(-2.24811e-08 2.03492e-10 6.14537e-08)
(-2.26059e-08 1.55944e-10 6.81929e-08)
(-2.18359e-08 2.11601e-10 6.60539e-08)
(-2.39665e-08 1.95988e-10 6.55132e-08)
(-2.41212e-08 1.49731e-10 7.24237e-08)
(-2.33259e-08 2.03271e-10 7.02403e-08)
(-2.55024e-08 1.88615e-10 6.96682e-08)
(-2.56876e-08 1.43651e-10 7.67449e-08)
(-2.48675e-08 1.95115e-10 7.45187e-08)
(-2.7088e-08 1.81375e-10 7.39158e-08)
(-2.73041e-08 1.37705e-10 8.11534e-08)
(-2.64596e-08 1.87136e-10 7.88859e-08)
(-2.87225e-08 1.7427e-10 7.82527e-08)
(-2.89697e-08 1.31893e-10 8.56461e-08)
(-2.81014e-08 1.79333e-10 8.33389e-08)
(-3.0405e-08 1.67301e-10 8.26758e-08)
(-3.06833e-08 1.26215e-10 9.02199e-08)
(-2.97918e-08 1.71706e-10 8.78744e-08)
(-3.21344e-08 1.60469e-10 8.71822e-08)
(-3.24437e-08 1.20672e-10 9.48719e-08)
(-3.15297e-08 1.64257e-10 9.24896e-08)
(-3.39097e-08 1.53776e-10 9.17687e-08)
(-3.42497e-08 1.15262e-10 9.9599e-08)
(-3.33138e-08 1.56984e-10 9.71813e-08)
(-3.57295e-08 1.47222e-10 9.64325e-08)
(-3.60999e-08 1.09986e-10 1.04398e-07)
(-3.51428e-08 1.49887e-10 1.01947e-07)
(-3.75929e-08 1.40808e-10 1.01171e-07)
(-3.79931e-08 1.04844e-10 1.09267e-07)
(-3.70155e-08 1.42967e-10 1.06783e-07)
(-3.94983e-08 1.34534e-10 1.0598e-07)
(-3.99278e-08 9.98337e-11 1.14202e-07)
(-3.89305e-08 1.36221e-10 1.11687e-07)
(-4.14445e-08 1.28402e-10 1.10859e-07)
(-4.19027e-08 9.49559e-11 1.19201e-07)
(-4.08863e-08 1.29651e-10 1.16656e-07)
(-4.34301e-08 1.2241e-10 1.15803e-07)
(-4.39162e-08 9.02094e-11 1.24261e-07)
(-4.28815e-08 1.23255e-10 1.21687e-07)
(-4.54537e-08 1.1656e-10 1.2081e-07)
(-4.59668e-08 8.55936e-11 1.29379e-07)
(-4.49146e-08 1.17032e-10 1.26778e-07)
(-4.75138e-08 1.10852e-10 1.25878e-07)
(-4.8053e-08 8.11076e-11 1.34553e-07)
(-4.6984e-08 1.1098e-10 1.31926e-07)
(-4.96089e-08 1.05286e-10 1.31003e-07)
(-5.01733e-08 7.67505e-11 1.3978e-07)
(-4.90884e-08 1.051e-10 1.37129e-07)
(-5.17376e-08 9.98609e-11 1.36184e-07)
(-5.23261e-08 7.25214e-11 1.45057e-07)
(-5.1226e-08 9.93898e-11 1.42383e-07)
(-5.38983e-08 9.45776e-11 1.41417e-07)
(-5.45099e-08 6.84194e-11 1.50383e-07)
(-5.33953e-08 9.38482e-11 1.47686e-07)
(-5.60895e-08 8.94359e-11 1.467e-07)
(-5.6723e-08 6.44435e-11 1.55754e-07)
(-5.55949e-08 8.84741e-11 1.53036e-07)
(-5.83096e-08 8.44356e-11 1.52031e-07)
(-5.8964e-08 6.05927e-11 1.61169e-07)
(-5.7823e-08 8.32662e-11 1.58431e-07)
(-6.05571e-08 7.95766e-11 1.57407e-07)
(-6.12312e-08 5.6866e-11 1.66624e-07)
(-6.00782e-08 7.82234e-11 1.63868e-07)
(-6.28306e-08 7.48587e-11 1.62827e-07)
(-6.35231e-08 5.32625e-11 1.72118e-07)
(-6.23588e-08 7.33445e-11 1.69344e-07)
(-6.51284e-08 7.02817e-11 1.68286e-07)
(-6.58383e-08 4.97812e-11 1.77648e-07)
(-6.46634e-08 6.86281e-11 1.74858e-07)
(-6.7449e-08 6.58455e-11 1.73784e-07)
(-6.81751e-08 4.64212e-11 1.83213e-07)
(-6.69904e-08 6.40731e-11 1.80407e-07)
(-6.9791e-08 6.155e-11 1.79318e-07)
(-7.0532e-08 4.31815e-11 1.88809e-07)
(-6.93382e-08 5.96783e-11 1.85989e-07)
(-7.21529e-08 5.7395e-11 1.84886e-07)
(-7.29077e-08 4.00612e-11 1.94436e-07)
(-7.17056e-08 5.54426e-11 1.91602e-07)
(-7.45333e-08 5.33804e-11 1.90485e-07)
(-7.53006e-08 3.70595e-11 2.0009e-07)
(-7.40908e-08 5.13649e-11 1.97243e-07)
(-7.69306e-08 4.95062e-11 1.96115e-07)
(-7.77094e-08 3.41757e-11 2.0577e-07)
(-7.64927e-08 4.74441e-11 2.02912e-07)
(-7.93436e-08 4.57722e-11 2.01772e-07)
(-8.01327e-08 3.14089e-11 2.11474e-07)
(-7.89097e-08 4.36792e-11 2.08606e-07)
(-8.17708e-08 4.21787e-11 2.07454e-07)
(-8.25692e-08 2.87584e-11 2.17201e-07)
(-8.13405e-08 4.00694e-11 2.14322e-07)
(-8.42111e-08 3.87256e-11 2.13161e-07)
(-8.50176e-08 2.62237e-11 2.22948e-07)
(-8.37837e-08 3.66138e-11 2.2006e-07)
(-8.66629e-08 3.5413e-11 2.18889e-07)
(-8.74766e-08 2.38041e-11 2.28713e-07)
(-8.62383e-08 3.33116e-11 2.25818e-07)
(-8.91253e-08 3.22412e-11 2.24637e-07)
(-8.9945e-08 2.14993e-11 2.34495e-07)
(-8.87028e-08 3.01623e-11 2.31592e-07)
(-9.15968e-08 2.92106e-11 2.30404e-07)
(-9.24217e-08 1.93088e-11 2.40293e-07)
(-9.11762e-08 2.71654e-11 2.37383e-07)
(-9.40765e-08 2.63214e-11 2.36188e-07)
(-9.49056e-08 1.72325e-11 2.46104e-07)
(-9.36572e-08 2.43205e-11 2.43189e-07)
(-9.65632e-08 2.35741e-11 2.41986e-07)
(-9.73957e-08 1.52701e-11 2.51927e-07)
(-9.61449e-08 2.16273e-11 2.49007e-07)
(-9.90559e-08 2.09695e-11 2.47798e-07)
(-9.98909e-08 1.34218e-11 2.57761e-07)
(-9.86382e-08 1.90858e-11 2.54836e-07)
(-1.01554e-07 1.85083e-11 2.53622e-07)
(-1.0239e-07 1.16876e-11 2.63604e-07)
(-1.01136e-07 1.66962e-11 2.60676e-07)
(-1.04055e-07 1.61914e-11 2.59456e-07)
(-1.04893e-07 1.00682e-11 2.69455e-07)
(-1.03638e-07 1.44589e-11 2.66524e-07)
(-1.0656e-07 1.40199e-11 2.653e-07)
(-1.07398e-07 8.56398e-12 2.75312e-07)
(-1.06143e-07 1.23745e-11 2.72379e-07)
(-1.09068e-07 1.19955e-11 2.71151e-07)
(-1.09906e-07 7.17598e-12 2.81176e-07)
(-1.08649e-07 1.04442e-11 2.7824e-07)
(-1.11577e-07 1.01196e-11 2.77009e-07)
(-1.12414e-07 5.90529e-12 2.87043e-07)
(-1.11158e-07 8.66915e-12 2.84106e-07)
(-1.14087e-07 8.39454e-12 2.82872e-07)
(-1.14923e-07 4.75311e-12 2.92914e-07)
(-1.13667e-07 7.051e-12 2.89976e-07)
(-1.16597e-07 6.82245e-12 2.88739e-07)
(-1.17431e-07 3.72045e-12 2.98788e-07)
(-1.16176e-07 5.59134e-12 2.95849e-07)
(-1.19107e-07 5.40574e-12 2.9461e-07)
(-1.19939e-07 2.80751e-12 3.04663e-07)
(-1.18684e-07 4.29132e-12 3.01724e-07)
(-1.21617e-07 4.14642e-12 3.00483e-07)
(-1.22446e-07 2.01247e-12 3.10538e-07)
(-1.21192e-07 3.15057e-12 3.076e-07)
(-1.24126e-07 3.04512e-12 3.06357e-07)
(-1.24952e-07 1.32938e-12 3.16414e-07)
(-1.23699e-07 2.16516e-12 3.13476e-07)
(-1.26633e-07 2.09937e-12 3.12232e-07)
(-1.27456e-07 7.45271e-13 3.22289e-07)
(-1.26204e-07 1.32365e-12 3.19351e-07)
(-1.29138e-07 1.30042e-12 3.18106e-07)
(-1.29959e-07 2.37604e-13 3.28163e-07)
(-1.28708e-07 6.02013e-13 3.25226e-07)
(-1.31641e-07 6.29366e-13 3.2398e-07)
(-1.32459e-07 -2.33703e-13 3.34035e-07)
(-1.31209e-07 -3.93844e-14 3.31099e-07)
(-1.34143e-07 5.39361e-14 3.29853e-07)
(-1.34958e-07 -7.236e-13 3.39905e-07)
(-1.33709e-07 -6.78096e-13 3.3697e-07)
(-1.36642e-07 -4.82332e-13 3.35724e-07)
(-1.36206e-07 -1.42967e-12 3.42839e-07)
(-1.39139e-07 -1.03984e-12 3.41593e-07)
(-2.43301e-10 2.96837e-10 6.80234e-11)
(-1.42859e-10 2.93935e-10 -7.12809e-11)
(-1.36605e-10 2.43171e-10 3.48258e-11)
(-5.79535e-10 4.36573e-10 3.67104e-10)
(-4.44817e-10 5.04919e-10 9.71209e-11)
(-5.47042e-10 4.73867e-10 2.69887e-10)
(-9.16485e-10 5.03643e-10 8.4427e-10)
(-7.69451e-10 5.87568e-10 4.5862e-10)
(-9.85941e-10 5.81367e-10 6.39081e-10)
(-1.2567e-09 5.35234e-10 1.5099e-09)
(-1.09286e-09 6.29686e-10 1.01661e-09)
(-1.41528e-09 6.31647e-10 1.19062e-09)
(-1.61013e-09 5.46228e-10 2.3643e-09)
(-1.42572e-09 6.48039e-10 1.77189e-09)
(-1.8508e-09 6.50608e-10 1.93531e-09)
(-1.98424e-09 5.44914e-10 3.40172e-09)
(-1.77857e-09 6.50412e-10 2.71686e-09)
(-2.30428e-09 6.51864e-10 2.86692e-09)
(-2.38458e-09 5.36523e-10 4.6163e-09)
(-2.15744e-09 6.43003e-10 3.84397e-09)
(-2.78099e-09 6.43432e-10 3.97813e-09)
(-2.81545e-09 5.24323e-10 6.00282e-09)
(-2.56662e-09 6.3005e-10 5.14679e-09)
(-3.28488e-09 6.29963e-10 5.26262e-09)
(-3.28029e-09 5.10297e-10 7.55658e-09)
(-3.00954e-09 6.14251e-10 6.61981e-09)
(-3.81936e-09 6.14153e-10 6.71509e-09)
(-3.78209e-09 4.95584e-10 9.27336e-09)
(-3.48903e-09 5.97215e-10 8.25829e-09)
(-4.38742e-09 5.97494e-10 8.33103e-09)
(-4.32347e-09 4.80791e-10 1.11493e-08)
(-4.00758e-09 5.79833e-10 1.0058e-08)
(-4.99174e-09 5.80748e-10 1.01064e-08)
(-4.9068e-09 4.66208e-10 1.31806e-08)
(-4.56747e-09 5.62559e-10 1.20151e-08)
(-5.63478e-09 5.6426e-10 1.20376e-08)
(-5.53419e-09 4.51948e-10 1.53639e-08)
(-5.17081e-09 5.45595e-10 1.41259e-08)
(-6.31879e-09 5.48152e-10 1.41212e-08)
(-6.2076e-09 4.38035e-10 1.76955e-08)
(-5.81954e-09 5.29007e-10 1.63868e-08)
(-7.04581e-09 5.32437e-10 1.63536e-08)
(-6.92875e-09 4.24453e-10 2.01719e-08)
(-6.51542e-09 5.12796e-10 1.87944e-08)
(-7.81769e-09 5.17081e-10 1.87317e-08)
(-7.69916e-09 4.11171e-10 2.27898e-08)
(-7.26003e-09 4.96936e-10 2.13451e-08)
(-8.63607e-09 5.02037e-10 2.12519e-08)
(-8.52014e-09 3.98158e-10 2.55455e-08)
(-8.05478e-09 4.81394e-10 2.40355e-08)
(-9.50239e-09 4.87264e-10 2.39111e-08)
(-9.39284e-09 3.85389e-10 2.84357e-08)
(-8.90086e-09 4.66141e-10 2.6862e-08)
(-1.04179e-08 4.72725e-10 2.67057e-08)
(-1.03182e-08 3.72845e-10 3.14567e-08)
(-9.79929e-09 4.51155e-10 2.98211e-08)
(-1.13836e-08 4.58397e-10 2.96325e-08)
(-1.12969e-08 3.60514e-10 3.46052e-08)
(-1.07509e-08 4.3642e-10 3.29094e-08)
(-1.24004e-08 4.44265e-10 3.26879e-08)
(-1.23295e-08 3.48389e-10 3.78775e-08)
(-1.17563e-08 4.21926e-10 3.61234e-08)
(-1.34689e-08 4.3032e-10 3.58688e-08)
(-1.34164e-08 3.36467e-10 4.12703e-08)
(-1.2816e-08 4.07669e-10 3.94595e-08)
(-1.45896e-08 4.1656e-10 3.91715e-08)
(-1.45578e-08 3.24746e-10 4.47801e-08)
(-1.39302e-08 3.93648e-10 4.29142e-08)
(-1.57629e-08 4.02985e-10 4.25928e-08)
(-1.57538e-08 3.13228e-10 4.84034e-08)
(-1.50991e-08 3.79862e-10 4.64842e-08)
(-1.69888e-08 3.89597e-10 4.61293e-08)
(-1.70042e-08 3.01915e-10 5.21368e-08)
(-1.63226e-08 3.66315e-10 5.0166e-08)
(-1.82673e-08 3.76401e-10 4.97777e-08)
(-1.83089e-08 2.90809e-10 5.5977e-08)
(-1.76006e-08 3.53008e-10 5.39562e-08)
(-1.95984e-08 3.634e-10 5.35345e-08)
(-1.96674e-08 2.79912e-10 5.99206e-08)
(-1.89327e-08 3.39946e-10 5.78514e-08)
(-2.09816e-08 3.50599e-10 5.73967e-08)
(-2.10792e-08 2.69227e-10 6.39642e-08)
(-2.03185e-08 3.2713e-10 6.18483e-08)
(-2.24167e-08 3.38002e-10 6.13608e-08)
(-2.25437e-08 2.58755e-10 6.81047e-08)
(-2.17574e-08 3.14564e-10 6.59437e-08)
(-2.3903e-08 3.25614e-10 6.54237e-08)
(-2.40601e-08 2.48499e-10 7.23387e-08)
(-2.32488e-08 3.02249e-10 7.01341e-08)
(-2.544e-08 3.13437e-10 6.95821e-08)
(-2.56277e-08 2.38459e-10 7.66632e-08)
(-2.47917e-08 2.90188e-10 7.44165e-08)
(-2.70267e-08 3.01476e-10 7.38329e-08)
(-2.72454e-08 2.28636e-10 8.10748e-08)
(-2.63854e-08 2.78381e-10 7.87877e-08)
(-2.86625e-08 2.89732e-10 7.8173e-08)
(-2.89123e-08 2.19031e-10 8.55706e-08)
(-2.80288e-08 2.66831e-10 8.32445e-08)
(-3.03463e-08 2.7821e-10 8.25992e-08)
(-3.06273e-08 2.09645e-10 9.01475e-08)
(-2.97209e-08 2.55538e-10 8.77838e-08)
(-3.20771e-08 2.6691e-10 8.71086e-08)
(-3.23891e-08 2.00478e-10 9.48024e-08)
(-3.14605e-08 2.44502e-10 9.24026e-08)
(-3.38538e-08 2.55834e-10 9.16982e-08)
(-3.41966e-08 1.91528e-10 9.95324e-08)
(-3.32465e-08 2.33724e-10 9.7098e-08)
(-3.56751e-08 2.44985e-10 9.6365e-08)
(-3.60484e-08 1.82797e-10 1.04335e-07)
(-3.50774e-08 2.23202e-10 1.01867e-07)
(-3.754e-08 2.34364e-10 1.01106e-07)
(-3.79432e-08 1.74284e-10 1.09206e-07)
(-3.69521e-08 2.12938e-10 1.06706e-07)
(-3.9447e-08 2.23971e-10 1.05918e-07)
(-3.98796e-08 1.65987e-10 1.14144e-07)
(-3.88691e-08 2.0293e-10 1.11614e-07)
(-4.13949e-08 2.13808e-10 1.10799e-07)
(-4.18561e-08 1.57907e-10 1.19145e-07)
(-4.0827e-08 1.93177e-10 1.16586e-07)
(-4.33822e-08 2.03875e-10 1.15746e-07)
(-4.38713e-08 1.50041e-10 1.24208e-07)
(-4.28243e-08 1.83679e-10 1.21621e-07)
(-4.54074e-08 1.94173e-10 1.20756e-07)
(-4.59236e-08 1.42389e-10 1.29329e-07)
(-4.48595e-08 1.74435e-10 1.26715e-07)
(-4.74693e-08 1.84702e-10 1.25826e-07)
(-4.80116e-08 1.3495e-10 1.34505e-07)
(-4.69311e-08 1.65443e-10 1.31866e-07)
(-4.95661e-08 1.75463e-10 1.30954e-07)
(-5.01336e-08 1.27722e-10 1.39734e-07)
(-4.90376e-08 1.56701e-10 1.37071e-07)
(-5.16965e-08 1.66456e-10 1.36137e-07)
(-5.22881e-08 1.20704e-10 1.45014e-07)
(-5.11774e-08 1.48209e-10 1.42329e-07)
(-5.3859e-08 1.57681e-10 1.41373e-07)
(-5.44736e-08 1.13895e-10 1.50342e-07)
(-5.33489e-08 1.39965e-10 1.47635e-07)
(-5.60519e-08 1.49138e-10 1.46659e-07)
(-5.66885e-08 1.07293e-10 1.55715e-07)
(-5.55506e-08 1.31967e-10 1.52988e-07)
(-5.82738e-08 1.40827e-10 1.51992e-07)
(-5.89312e-08 1.00897e-10 1.61132e-07)
(-5.77809e-08 1.24214e-10 1.58385e-07)
(-6.05231e-08 1.32747e-10 1.5737e-07)
(-6.12001e-08 9.47054e-11 1.6659e-07)
(-6.00382e-08 1.16705e-10 1.63824e-07)
(-6.27982e-08 1.249e-10 1.62791e-07)
(-6.34937e-08 8.87165e-11 1.72086e-07)
(-6.2321e-08 1.09437e-10 1.69303e-07)
(-6.50977e-08 1.17285e-10 1.68253e-07)
(-6.58105e-08 8.29288e-11 1.77618e-07)
(-6.46276e-08 1.02408e-10 1.74819e-07)
(-6.74201e-08 1.09902e-10 1.73753e-07)
(-6.8149e-08 7.73412e-11 1.83184e-07)
(-6.69567e-08 9.56188e-11 1.80371e-07)
(-6.97637e-08 1.0275e-10 1.79289e-07)
(-7.05075e-08 7.19522e-11 1.88783e-07)
(-6.93066e-08 8.90659e-11 1.85955e-07)
(-7.21273e-08 9.58301e-11 1.84859e-07)
(-7.28848e-08 6.67604e-11 1.94411e-07)
(-7.16759e-08 8.27484e-11 1.9157e-07)
(-7.45092e-08 8.91419e-11 1.9046e-07)
(-7.52793e-08 6.17646e-11 2.00067e-07)
(-7.40632e-08 7.66649e-11 1.97214e-07)
(-7.69082e-08 8.26856e-11 1.96091e-07)
(-7.76896e-08 5.69636e-11 2.05749e-07)
(-7.64669e-08 7.08139e-11 2.02885e-07)
(-7.93227e-08 7.64613e-11 2.0175e-07)
(-8.01144e-08 5.23563e-11 2.11455e-07)
(-7.88857e-08 6.51942e-11 2.08581e-07)
(-8.17514e-08 7.04693e-11 2.07434e-07)
(-8.25523e-08 4.79416e-11 2.17183e-07)
(-8.13184e-08 5.98047e-11 2.143e-07)
(-8.41931e-08 6.47097e-11 2.13142e-07)
(-8.5002e-08 4.37187e-11 2.22931e-07)
(-8.37634e-08 5.46443e-11 2.20039e-07)
(-8.66464e-08 5.9183e-11 2.18872e-07)
(-8.74623e-08 3.96868e-11 2.28698e-07)
(-8.62196e-08 4.97121e-11 2.25798e-07)
(-8.91101e-08 5.38897e-11 2.24622e-07)
(-8.9932e-08 3.58451e-11 2.34481e-07)
(-8.86858e-08 4.50073e-11 2.31575e-07)
(-9.1583e-08 4.88305e-11 2.3039e-07)
(-9.241e-08 3.21933e-11 2.4028e-07)
(-9.11607e-08 4.05294e-11 2.37368e-07)
(-9.4064e-08 4.40061e-11 2.36175e-07)
(-9.48951e-08 2.87309e-11 2.46092e-07)
(-9.36433e-08 3.62779e-11 2.43175e-07)
(-9.65519e-08 3.94175e-11 2.41975e-07)
(-9.73863e-08 2.54579e-11 2.51917e-07)
(-9.61325e-08 3.22527e-11 2.48994e-07)
(-9.90458e-08 3.50659e-11 2.47788e-07)
(-9.98826e-08 2.23744e-11 2.57752e-07)
(-9.86272e-08 2.84538e-11 2.54825e-07)
(-1.01545e-07 3.09526e-11 2.53613e-07)
(-1.02383e-07 1.94808e-11 2.63596e-07)
(-1.01126e-07 2.48815e-11 2.60666e-07)
(-1.04047e-07 2.70792e-11 2.59448e-07)
(-1.04887e-07 1.67776e-11 2.69448e-07)
(-1.03629e-07 2.15366e-11 2.66515e-07)
(-1.06553e-07 2.34478e-11 2.65293e-07)
(-1.07393e-07 1.42662e-11 2.75307e-07)
(-1.06135e-07 1.842e-11 2.72372e-07)
(-1.09062e-07 2.00608e-11 2.71145e-07)
(-1.09901e-07 1.19477e-11 2.81171e-07)
(-1.08643e-07 1.55332e-11 2.78234e-07)
(-1.11572e-07 1.69208e-11 2.77004e-07)
(-1.1241e-07 9.82413e-12 2.87039e-07)
(-1.11152e-07 1.28782e-11 2.84101e-07)
(-1.14083e-07 1.40313e-11 2.82867e-07)
(-1.14919e-07 7.89739e-12 2.92911e-07)
(-1.13662e-07 1.04571e-11 2.89972e-07)
(-1.16594e-07 1.13959e-11 2.88736e-07)
(-1.17429e-07 6.16926e-12 2.98785e-07)
(-1.16172e-07 8.27243e-12 2.95846e-07)
(-1.19105e-07 9.01867e-12 2.94607e-07)
(-1.19937e-07 4.64034e-12 3.04661e-07)
(-1.18682e-07 6.32588e-12 3.01721e-07)
(-1.21615e-07 6.90298e-12 3.0048e-07)
(-1.22445e-07 3.30818e-12 3.10537e-07)
(-1.2119e-07 4.61738e-12 3.07597e-07)
(-1.24124e-07 5.05048e-12 3.06355e-07)
(-1.24951e-07 2.16346e-12 3.16413e-07)
(-1.23698e-07 3.14205e-12 3.13474e-07)
(-1.26631e-07 3.45816e-12 3.1223e-07)
(-1.27456e-07 1.18364e-12 3.22288e-07)
(-1.26203e-07 1.88389e-12 3.1935e-07)
(-1.29137e-07 2.11271e-12 3.18105e-07)
(-1.29958e-07 3.27204e-13 3.28162e-07)
(-1.28707e-07 8.05725e-13 3.25225e-07)
(-1.31641e-07 9.81677e-13 3.23979e-07)
(-1.32459e-07 -4.79945e-13 3.34034e-07)
(-1.31209e-07 -1.57056e-13 3.31098e-07)
(-1.34142e-07 6.20869e-15 3.29852e-07)
(-1.34957e-07 -1.37789e-12 3.39904e-07)
(-1.33708e-07 -1.13649e-12 3.3697e-07)
(-1.36642e-07 -9.18196e-13 3.35723e-07)
(-1.36206e-07 -2.50328e-12 3.42839e-07)
(-1.39139e-07 -1.96555e-12 3.41592e-07)
(-3.27627e-10 4.97711e-10 -4.54705e-11)
(-2.45567e-10 4.57889e-10 -4.73375e-11)
(-6.37799e-10 6.53545e-10 1.86921e-10)
(-6.38113e-10 7.47554e-10 9.39245e-11)
(-9.4235e-10 7.10491e-10 6.30035e-10)
(-1.03534e-09 8.3556e-10 4.23152e-10)
(-1.25608e-09 7.39385e-10 1.2782e-09)
(-1.43115e-09 8.78944e-10 9.55846e-10)
(-1.58782e-09 7.49376e-10 2.12444e-09)
(-1.84028e-09 8.96132e-10 1.69201e-09)
(-1.94469e-09 7.45914e-10 3.15942e-09)
(-2.27282e-09 8.94916e-10 2.62136e-09)
(-2.33166e-09 7.34166e-10 4.37502e-09)
(-2.73343e-09 8.82761e-10 3.73397e-09)
(-2.75225e-09 7.17802e-10 5.76455e-09)
(-3.22516e-09 8.64698e-10 5.0219e-09)
(-3.2092e-09 6.99149e-10 7.32246e-09)
(-3.75046e-09 8.43782e-10 6.4789e-09)
(-3.70486e-09 6.79572e-10 9.04403e-09)
(-4.31153e-09 8.21744e-10 8.09992e-09)
(-4.2414e-09 6.59817e-10 1.09251e-08)
(-4.91043e-09 7.9949e-10 9.88068e-09)
(-4.82084e-09 6.40255e-10 1.29618e-08)
(-5.54918e-09 7.77451e-10 1.18174e-08)
(-5.44508e-09 6.21046e-10 1.51504e-08)
(-6.22973e-09 7.55798e-10 1.39065e-08)
(-6.11589e-09 6.02235e-10 1.74875e-08)
(-6.95393e-09 7.34568e-10 1.61445e-08)
(-6.8349e-09 5.83817e-10 1.99695e-08)
(-7.7235e-09 7.1374e-10 1.85282e-08)
(-7.60358e-09 5.65765e-10 2.25929e-08)
(-8.53999e-09 6.93274e-10 2.10541e-08)
(-8.42318e-09 5.48048e-10 2.53542e-08)
(-9.4048e-09 6.7313e-10 2.37188e-08)
(-9.29482e-09 5.30641e-10 2.82499e-08)
(-1.03191e-08 6.53273e-10 2.65191e-08)
(-1.02194e-08 5.13525e-10 3.12765e-08)
(-1.1284e-08 6.33679e-10 2.94514e-08)
(-1.11976e-08 4.96686e-10 3.44304e-08)
(-1.23002e-08 6.14336e-10 3.25124e-08)
(-1.223e-08 4.80118e-10 3.77082e-08)
(-1.33684e-08 5.95235e-10 3.56988e-08)
(-1.3317e-08 4.63817e-10 4.11064e-08)
(-1.4489e-08 5.76374e-10 3.9007e-08)
(-1.44587e-08 4.47785e-10 4.46215e-08)
(-1.56625e-08 5.57757e-10 4.24337e-08)
(-1.56552e-08 4.32022e-10 4.82501e-08)
(-1.68888e-08 5.39387e-10 4.59755e-08)
(-1.69064e-08 4.16532e-10 5.19887e-08)
(-1.8168e-08 5.2127e-10 4.96291e-08)
(-1.82119e-08 4.01318e-10 5.5834e-08)
(-1.94999e-08 5.03413e-10 5.33912e-08)
(-1.95715e-08 3.86384e-10 5.97826e-08)
(-2.08843e-08 4.85821e-10 5.72584e-08)
(-2.09846e-08 3.71733e-10 6.38312e-08)
(-2.23206e-08 4.68501e-10 6.12276e-08)
(-2.24506e-08 3.57367e-10 6.79765e-08)
(-2.38083e-08 4.51458e-10 6.52953e-08)
(-2.39686e-08 3.4329e-10 7.22154e-08)
(-2.53468e-08 4.34698e-10 6.94586e-08)
(-2.55379e-08 3.29503e-10 7.65445e-08)
(-2.69353e-08 4.18226e-10 7.37142e-08)
(-2.71575e-08 3.16008e-10 8.09607e-08)
(-2.85729e-08 4.02045e-10 7.80589e-08)
(-2.88264e-08 3.02807e-10 8.5461e-08)
(-3.02586e-08 3.86161e-10 8.24897e-08)
(-3.05435e-08 2.89899e-10 9.00423e-08)
(-3.19915e-08 3.70575e-10 8.70036e-08)
(-3.23075e-08 2.77286e-10 9.47016e-08)
(-3.37703e-08 3.55291e-10 9.15975e-08)
(-3.41172e-08 2.64968e-10 9.94358e-08)
(-3.55939e-08 3.40312e-10 9.62686e-08)
(-3.59714e-08 2.52944e-10 1.04242e-07)
(-3.74611e-08 3.2564e-10 1.01014e-07)
(-3.78686e-08 2.41214e-10 1.09118e-07)
(-3.93705e-08 3.11276e-10 1.0583e-07)
(-3.98074e-08 2.29777e-10 1.14059e-07)
(-4.13208e-08 2.97223e-10 1.10715e-07)
(-4.17864e-08 2.18633e-10 1.19065e-07)
(-4.33106e-08 2.83481e-10 1.15666e-07)
(-4.38041e-08 2.07781e-10 1.24131e-07)
(-4.53384e-08 2.70052e-10 1.2068e-07)
(-4.5859e-08 1.97219e-10 1.29255e-07)
(-4.74028e-08 2.56938e-10 1.25754e-07)
(-4.79495e-08 1.86947e-10 1.34435e-07)
(-4.95022e-08 2.44138e-10 1.30885e-07)
(-5.00742e-08 1.76961e-10 1.39668e-07)
(-5.16353e-08 2.31653e-10 1.36072e-07)
(-5.22313e-08 1.67262e-10 1.44952e-07)
(-5.38003e-08 2.19484e-10 1.41311e-07)
(-5.44194e-08 1.57847e-10 1.50283e-07)
(-5.59958e-08 2.07632e-10 1.466e-07)
(-5.66368e-08 1.48715e-10 1.5566e-07)
(-5.82203e-08 1.96097e-10 1.51936e-07)
(-5.88821e-08 1.39865e-10 1.61079e-07)
(-6.04722e-08 1.84879e-10 1.57318e-07)
(-6.11536e-08 1.31293e-10 1.6654e-07)
(-6.27499e-08 1.73979e-10 1.62742e-07)
(-6.34497e-08 1.22999e-10 1.72039e-07)
(-6.5052e-08 1.63396e-10 1.68207e-07)
(-6.5769e-08 1.14982e-10 1.77574e-07)
(-6.73768e-08 1.53131e-10 1.7371e-07)
(-6.81099e-08 1.07238e-10 1.83143e-07)
(-6.9723e-08 1.43185e-10 1.79249e-07)
(-7.04709e-08 9.97676e-11 1.88744e-07)
(-7.2089e-08 1.33557e-10 1.84821e-07)
(-7.28505e-08 9.25681e-11 1.94375e-07)
(-7.44733e-08 1.24249e-10 1.90425e-07)
(-7.52473e-08 8.56382e-11 2.00034e-07)
(-7.68746e-08 1.1526e-10 1.96059e-07)
(-7.76599e-08 7.89767e-11 2.05719e-07)
(-7.92914e-08 1.06592e-10 2.0172e-07)
(-8.00869e-08 7.25823e-11 2.11427e-07)
(-8.17224e-08 9.82436e-11 2.07406e-07)
(-8.25269e-08 6.64538e-11 2.17157e-07)
(-8.41663e-08 9.02172e-11 2.13117e-07)
(-8.49787e-08 6.05903e-11 2.22908e-07)
(-8.66217e-08 8.25131e-11 2.18849e-07)
(-8.7441e-08 5.49908e-11 2.28677e-07)
(-8.90874e-08 7.51324e-11 2.24601e-07)
(-8.99127e-08 4.96548e-11 2.34462e-07)
(-9.15623e-08 6.80763e-11 2.30371e-07)
(-9.23925e-08 4.45818e-11 2.40263e-07)
(-9.40452e-08 6.13462e-11 2.36158e-07)
(-9.48794e-08 3.97716e-11 2.46077e-07)
(-9.6535e-08 5.49436e-11 2.41959e-07)
(-9.73723e-08 3.52241e-11 2.51903e-07)
(-9.90306e-08 4.88704e-11 2.47774e-07)
(-9.98702e-08 3.09398e-11 2.5774e-07)
(-1.01531e-07 4.31288e-11 2.53601e-07)
(-1.02372e-07 2.69193e-11 2.63585e-07)
(-1.04036e-07 3.77212e-11 2.59438e-07)
(-1.04877e-07 2.31636e-11 2.69439e-07)
(-1.06543e-07 3.26504e-11 2.65284e-07)
(-1.07385e-07 1.96742e-11 2.75299e-07)
(-1.09053e-07 2.79198e-11 2.71137e-07)
(-1.09894e-07 1.64531e-11 2.81164e-07)
(-1.11564e-07 2.35331e-11 2.76997e-07)
(-1.12404e-07 1.35027e-11 2.87034e-07)
(-1.14076e-07 1.94949e-11 2.82862e-07)
(-1.14915e-07 1.08255e-11 2.92907e-07)
(-1.16588e-07 1.581e-11 2.88731e-07)
(-1.17425e-07 8.42399e-12 2.98782e-07)
(-1.191e-07 1.24837e-11 2.94603e-07)
(-1.19935e-07 6.29927e-12 3.04658e-07)
(-1.21612e-07 9.52076e-12 3.00478e-07)
(-1.22443e-07 4.44873e-12 3.10535e-07)
(-1.24121e-07 6.924e-12 3.06353e-07)
(-1.2495e-07 2.86066e-12 3.16411e-07)
(-1.2663e-07 4.69096e-12 3.12229e-07)
(-1.27455e-07 1.50446e-12 3.22287e-07)
(-1.29136e-07 2.80609e-12 3.18104e-07)
(-1.29958e-07 3.2031e-13 3.28161e-07)
(-1.3164e-07 1.2268e-12 3.23979e-07)
(-1.32459e-07 -8.17236e-13 3.34034e-07)
(-1.34142e-07 -1.32442e-13 3.29852e-07)
(-1.34957e-07 -2.26376e-12 3.39904e-07)
(-1.36642e-07 -1.45805e-12 3.35723e-07)
(-1.39139e-07 -3.20182e-12 3.41592e-07)
(-5.41019e-10 -7.08639e-10 8.5809e-11)
(-2.40654e-10 -4.18353e-10 5.63858e-11)
(-3.96323e-10 -6.1585e-10 1.44644e-10)
(-1.04219e-09 -9.29135e-10 3.28336e-10)
(-7.42957e-10 -7.17225e-10 2.66119e-10)
(-9.69085e-10 -1.01877e-09 3.18961e-10)
(-1.52291e-09 -1.00335e-09 7.47286e-10)
(-1.25412e-09 -8.31651e-10 6.03223e-10)
(-1.53713e-09 -1.13082e-09 6.10191e-10)
(-2.01254e-09 -1.03506e-09 1.36796e-09)
(-1.75639e-09 -8.83482e-10 1.12924e-09)
(-2.11139e-09 -1.17744e-09 1.11284e-09)
(-2.52263e-09 -1.0411e-09 2.18725e-09)
(-2.26881e-09 -9.01078e-10 1.85433e-09)
(-2.70374e-09 -1.19132e-09 1.82407e-09)
(-3.05876e-09 -1.03126e-09 3.19418e-09)
(-2.80257e-09 -8.98528e-10 2.76988e-09)
(-3.32059e-09 -1.18381e-09 2.72713e-09)
(-3.62391e-09 -1.01284e-09 4.37902e-09)
(-3.36156e-09 -8.85156e-10 3.8662e-09)
(-3.96393e-09 -1.16446e-09 3.80975e-09)
(-4.22016e-09 -9.9026e-10 5.73427e-09)
(-3.94846e-09 -8.6641e-10 5.13544e-09)
(-4.6353e-09 -1.13947e-09 5.06346e-09)
(-4.84937e-09 -9.65987e-10 7.25422e-09)
(-4.56575e-09 -8.45344e-10 6.57156e-09)
(-5.33636e-09 -1.11224e-09 6.4821e-09)
(-5.51346e-09 -9.41293e-10 8.93427e-09)
(-5.21576e-09 -8.23569e-10 8.16973e-09)
(-6.06893e-09 -1.08448e-09 8.06095e-09)
(-6.21436e-09 -9.16774e-10 1.07705e-08)
(-5.90077e-09 -8.01858e-10 9.92589e-09)
(-6.83499e-09 -1.05694e-09 9.7961e-09)
(-6.95402e-09 -8.92659e-10 1.27595e-08)
(-6.62296e-09 -7.80527e-10 1.18364e-08)
(-7.63656e-09 -1.0299e-09 1.16842e-08)
(-7.73434e-09 -8.68999e-10 1.48979e-08)
(-7.38444e-09 -7.59663e-10 1.3898e-08)
(-8.47561e-09 -1.00339e-09 1.37219e-08)
(-8.55711e-09 -8.45766e-10 1.71825e-08)
(-8.18716e-09 -7.39246e-10 1.61073e-08)
(-9.35406e-09 -9.7737e-10 1.59063e-08)
(-9.42399e-09 -8.22904e-10 1.961e-08)
(-9.03291e-09 -7.19218e-10 1.84612e-08)
(-1.02737e-08 -9.51751e-10 1.82343e-08)
(-1.03365e-08 -8.00359e-10 2.21772e-08)
(-9.92333e-09 -6.99517e-10 2.09565e-08)
(-1.12361e-08 -9.26461e-10 2.07028e-08)
(-1.12959e-08 -7.78087e-10 2.48809e-08)
(-1.08598e-08 -6.80091e-10 2.35898e-08)
(-1.22427e-08 -9.01444e-10 2.33086e-08)
(-1.23033e-08 -7.56056e-10 2.77178e-08)
(-1.18436e-08 -6.609e-10 2.6358e-08)
(-1.32947e-08 -8.76659e-10 2.60487e-08)
(-1.33596e-08 -7.34248e-10 3.06845e-08)
(-1.28758e-08 -6.4192e-10 2.92577e-08)
(-1.43932e-08 -8.52084e-10 2.89199e-08)
(-1.44657e-08 -7.12655e-10 3.3778e-08)
(-1.39572e-08 -6.23135e-10 3.22858e-08)
(-1.55391e-08 -8.27707e-10 3.19189e-08)
(-1.56221e-08 -6.91274e-10 3.69947e-08)
(-1.50885e-08 -6.0454e-10 3.54388e-08)
(-1.67329e-08 -8.03529e-10 3.50426e-08)
(-1.68292e-08 -6.70108e-10 4.03314e-08)
(-1.62702e-08 -5.86135e-10 3.87136e-08)
(-1.79754e-08 -7.79555e-10 3.82878e-08)
(-1.80872e-08 -6.49165e-10 4.37848e-08)
(-1.75026e-08 -5.67923e-10 4.21067e-08)
(-1.92667e-08 -7.55794e-10 4.16513e-08)
(-1.93962e-08 -6.28452e-10 4.73517e-08)
(-1.87859e-08 -5.49912e-10 4.56149e-08)
(-2.0607e-08 -7.32257e-10 4.51299e-08)
(-2.07562e-08 -6.07979e-10 5.10288e-08)
(-2.012e-08 -5.32108e-10 4.9235e-08)
(-2.19964e-08 -7.08957e-10 4.87204e-08)
(-2.21669e-08 -5.87754e-10 5.48128e-08)
(-2.15049e-08 -5.14519e-10 5.29638e-08)
(-2.34348e-08 -6.85905e-10 5.24196e-08)
(-2.36279e-08 -5.67786e-10 5.87006e-08)
(-2.29403e-08 -4.97154e-10 5.67979e-08)
(-2.49219e-08 -6.63115e-10 5.62243e-08)
(-2.51389e-08 -5.48084e-10 6.26889e-08)
(-2.44257e-08 -4.80018e-10 6.07342e-08)
(-2.64574e-08 -6.40597e-10 6.01315e-08)
(-2.66992e-08 -5.28657e-10 6.67746e-08)
(-2.59607e-08 -4.63121e-10 6.47695e-08)
(-2.80407e-08 -6.18363e-10 6.4138e-08)
(-2.83082e-08 -5.09512e-10 7.09546e-08)
(-2.75446e-08 -4.46467e-10 6.89007e-08)
(-2.96713e-08 -5.96423e-10 6.82408e-08)
(-2.9965e-08 -4.90655e-10 7.52258e-08)
(-2.91767e-08 -4.30064e-10 7.31247e-08)
(-3.13483e-08 -5.74787e-10 7.24367e-08)
(-3.16688e-08 -4.72093e-10 7.95851e-08)
(-3.08562e-08 -4.13918e-10 7.74383e-08)
(-3.30711e-08 -5.53463e-10 7.67228e-08)
(-3.34186e-08 -4.53833e-10 8.40296e-08)
(-3.25821e-08 -3.98032e-10 8.18387e-08)
(-3.48388e-08 -5.32459e-10 8.10961e-08)
(-3.52133e-08 -4.35879e-10 8.85561e-08)
(-3.43535e-08 -3.82413e-10 8.63227e-08)
(-3.66503e-08 -5.11784e-10 8.55537e-08)
(-3.70518e-08 -4.18236e-10 9.31619e-08)
(-3.61691e-08 -3.67064e-10 9.08874e-08)
(-3.85045e-08 -4.91444e-10 9.00925e-08)
(-3.8933e-08 -4.0091e-10 9.78439e-08)
(-3.8028e-08 -3.51989e-10 9.55299e-08)
(-4.04005e-08 -4.71445e-10 9.47097e-08)
(-4.08555e-08 -3.83905e-10 1.02599e-07)
(-3.99289e-08 -3.37193e-10 1.00247e-07)
(-4.23369e-08 -4.51795e-10 9.94025e-08)
(-4.28182e-08 -3.67224e-10 1.07425e-07)
(-4.18704e-08 -3.22678e-10 1.05037e-07)
(-4.43125e-08 -4.32499e-10 1.04168e-07)
(-4.48195e-08 -3.50871e-10 1.12319e-07)
(-4.38513e-08 -3.08448e-10 1.09895e-07)
(-4.63261e-08 -4.13561e-10 1.09004e-07)
(-4.68582e-08 -3.3485e-10 1.17278e-07)
(-4.58703e-08 -2.94505e-10 1.14821e-07)
(-4.83763e-08 -3.94988e-10 1.13906e-07)
(-4.89328e-08 -3.19165e-10 1.223e-07)
(-4.79259e-08 -2.80853e-10 1.1981e-07)
(-5.04618e-08 -3.76784e-10 1.18874e-07)
(-5.10419e-08 -3.03816e-10 1.27381e-07)
(-5.00166e-08 -2.67493e-10 1.2486e-07)
(-5.2581e-08 -3.58953e-10 1.23903e-07)
(-5.3184e-08 -2.88809e-10 1.32519e-07)
(-5.21411e-08 -2.54428e-10 1.29968e-07)
(-5.47327e-08 -3.415e-10 1.28991e-07)
(-5.53576e-08 -2.74146e-10 1.37712e-07)
(-5.42978e-08 -2.41661e-10 1.35133e-07)
(-5.69153e-08 -3.24428e-10 1.34136e-07)
(-5.75612e-08 -2.59828e-10 1.42956e-07)
(-5.64853e-08 -2.29193e-10 1.4035e-07)
(-5.91274e-08 -3.07743e-10 1.39335e-07)
(-5.97932e-08 -2.45859e-10 1.48251e-07)
(-5.8702e-08 -2.17027e-10 1.45619e-07)
(-6.13675e-08 -2.91446e-10 1.44586e-07)
(-6.20523e-08 -2.32241e-10 1.53592e-07)
(-6.09464e-08 -2.05163e-10 1.50936e-07)
(-6.36341e-08 -2.75543e-10 1.49886e-07)
(-6.43368e-08 -2.18976e-10 1.58978e-07)
(-6.32171e-08 -1.93605e-10 1.56299e-07)
(-6.59257e-08 -2.60037e-10 1.55233e-07)
(-6.66452e-08 -2.06067e-10 1.64407e-07)
(-6.55125e-08 -1.82354e-10 1.61705e-07)
(-6.82409e-08 -2.4493e-10 1.60624e-07)
(-6.89762e-08 -1.93516e-10 1.69876e-07)
(-6.78311e-08 -1.71412e-10 1.67153e-07)
(-7.05782e-08 -2.30228e-10 1.66057e-07)
(-7.13281e-08 -1.81325e-10 1.75382e-07)
(-7.01714e-08 -1.6078e-10 1.7264e-07)
(-7.29361e-08 -2.15933e-10 1.7153e-07)
(-7.36995e-08 -1.69497e-10 1.80924e-07)
(-7.2532e-08 -1.50461e-10 1.78163e-07)
(-7.53132e-08 -2.02049e-10 1.7704e-07)
(-7.6089e-08 -1.58033e-10 1.86499e-07)
(-7.49115e-08 -1.40456e-10 1.83721e-07)
(-7.77081e-08 -1.88579e-10 1.82586e-07)
(-7.84951e-08 -1.46937e-10 1.92106e-07)
(-7.73083e-08 -1.30767e-10 1.89312e-07)
(-8.01194e-08 -1.75526e-10 1.88165e-07)
(-8.09166e-08 -1.36211e-10 1.97742e-07)
(-7.97211e-08 -1.21396e-10 1.94932e-07)
(-8.25457e-08 -1.62896e-10 1.93775e-07)
(-8.3352e-08 -1.25857e-10 2.03406e-07)
(-8.21485e-08 -1.12346e-10 2.00581e-07)
(-8.49856e-08 -1.50691e-10 1.99414e-07)
(-8.58e-08 -1.15877e-10 2.09094e-07)
(-8.45893e-08 -1.03617e-10 2.06257e-07)
(-8.74379e-08 -1.38915e-10 2.0508e-07)
(-8.82594e-08 -1.06276e-10 2.14807e-07)
(-8.70421e-08 -9.52125e-11 2.11957e-07)
(-8.99014e-08 -1.27573e-10 2.10771e-07)
(-9.07289e-08 -9.70556e-11 2.2054e-07)
(-8.95056e-08 -8.71348e-11 2.17679e-07)
(-9.23747e-08 -1.16668e-10 2.16486e-07)
(-9.32073e-08 -8.82188e-11 2.26294e-07)
(-9.19787e-08 -7.93861e-11 2.23422e-07)
(-9.48568e-08 -1.06205e-10 2.22222e-07)
(-9.56935e-08 -7.97689e-11 2.32065e-07)
(-9.44602e-08 -7.1969e-11 2.29184e-07)
(-9.73465e-08 -9.61888e-11 2.27977e-07)
(-9.81865e-08 -7.17095e-11 2.37853e-07)
(-9.6949e-08 -6.48863e-11 2.34963e-07)
(-9.98426e-08 -8.66235e-11 2.3375e-07)
(-1.00685e-07 -6.40442e-11 2.43655e-07)
(-9.9444e-08 -5.81408e-11 2.40757e-07)
(-1.02344e-07 -7.75145e-11 2.39539e-07)
(-1.03189e-07 -5.6777e-11 2.4947e-07)
(-1.01944e-07 -5.17357e-11 2.46566e-07)
(-1.0485e-07 -6.88669e-11 2.45343e-07)
(-1.05696e-07 -4.9912e-11 2.55297e-07)
(-1.04449e-07 -4.56745e-11 2.52387e-07)
(-1.0736e-07 -6.06866e-11 2.51159e-07)
(-1.08206e-07 -4.34541e-11 2.61135e-07)
(-1.06957e-07 -3.99608e-11 2.58218e-07)
(-1.09873e-07 -5.29794e-11 2.56987e-07)
(-1.10718e-07 -3.74083e-11 2.66981e-07)
(-1.09467e-07 -3.45989e-11 2.6406e-07)
(-1.12387e-07 -4.57519e-11 2.62825e-07)
(-1.13231e-07 -3.17803e-11 2.72834e-07)
(-1.11979e-07 -2.95933e-11 2.69909e-07)
(-1.14903e-07 -3.90112e-11 2.68672e-07)
(-1.15746e-07 -2.65764e-11 2.78694e-07)
(-1.14493e-07 -2.49492e-11 2.75765e-07)
(-1.17419e-07 -3.27651e-11 2.74526e-07)
(-1.1826e-07 -2.18036e-11 2.84558e-07)
(-1.17006e-07 -2.06725e-11 2.81627e-07)
(-1.19935e-07 -2.70223e-11 2.80386e-07)
(-1.20774e-07 -1.74694e-11 2.90427e-07)
(-1.1952e-07 -1.67694e-11 2.87494e-07)
(-1.22451e-07 -2.17923e-11 2.86251e-07)
(-1.23287e-07 -1.35814e-11 2.96299e-07)
(-1.22033e-07 -1.32469e-11 2.93364e-07)
(-1.24965e-07 -1.70853e-11 2.92119e-07)
(-1.25798e-07 -1.01462e-11 3.02172e-07)
(-1.24544e-07 -1.01114e-11 2.99236e-07)
(-1.27478e-07 -1.29122e-11 2.9799e-07)
(-1.28308e-07 -7.1668e-12 3.08047e-07)
(-1.27055e-07 -7.36743e-12 3.0511e-07)
(-1.29989e-07 -9.28222e-12 3.03864e-07)
(-1.30816e-07 -4.63682e-12 3.13921e-07)
(-1.29563e-07 -5.01462e-12 3.10985e-07)
(-1.32498e-07 -6.20105e-12 3.09738e-07)
(-1.33321e-07 -2.52875e-12 3.19796e-07)
(-1.3207e-07 -3.04027e-12 3.16859e-07)
(-1.35005e-07 -3.66334e-12 3.15612e-07)
(-1.35825e-07 -7.74284e-13 3.25669e-07)
(-1.34574e-07 -1.40644e-12 3.22733e-07)
(-1.37509e-07 -1.63913e-12 3.21485e-07)
(-1.38325e-07 7.73067e-13 3.31541e-07)
(-1.37076e-07 -3.28092e-14 3.28605e-07)
(-1.4001e-07 -5.19876e-14 3.27358e-07)
(-1.40824e-07 2.39592e-12 3.37411e-07)
(-1.39575e-07 1.23492e-12 3.34476e-07)
(-1.4251e-07 1.26883e-12 3.33229e-07)
(-1.42073e-07 2.66852e-12 3.40346e-07)
(-1.45007e-07 2.65565e-12 3.39098e-07)
(-4.21893e-10 -4.21366e-10 2.31866e-10)
(-1.64172e-10 -2.16433e-10 1.31363e-10)
(-2.64251e-10 -3.31708e-10 2.654e-10)
(-9.61022e-10 -6.18814e-10 5.38038e-10)
(-6.67568e-10 -4.35046e-10 4.18763e-10)
(-8.59032e-10 -6.47152e-10 5.34837e-10)
(-1.48394e-09 -7.09082e-10 9.83339e-10)
(-1.20766e-09 -5.40032e-10 7.88496e-10)
(-1.47648e-09 -7.86078e-10 8.55909e-10)
(-2.00648e-09 -7.46663e-10 1.61445e-09)
(-1.73722e-09 -5.88709e-10 1.32873e-09)
(-2.08951e-09 -8.448e-10 1.36842e-09)
(-2.54246e-09 -7.55894e-10 2.43628e-09)
(-2.27248e-09 -6.06204e-10 2.06002e-09)
(-2.71176e-09 -8.63061e-10 2.08106e-09)
(-3.09841e-09 -7.50056e-10 3.44159e-09)
(-2.8249e-09 -6.06577e-10 2.97716e-09)
(-3.3518e-09 -8.60162e-10 2.98125e-09)
(-3.67843e-09 -7.36568e-10 4.62261e-09)
(-3.39854e-09 -5.98082e-10 4.07226e-09)
(-4.01259e-09 -8.46562e-10 4.05898e-09)
(-4.28573e-09 -7.19509e-10 5.97295e-09)
(-3.99666e-09 -5.85271e-10 5.33863e-09)
(-4.69682e-09 -8.27973e-10 5.30691e-09)
(-4.92321e-09 -7.01083e-10 7.48749e-09)
(-4.62246e-09 -5.70628e-10 6.77097e-09)
(-5.40738e-09 -8.07456e-10 6.7195e-09)
(-5.59357e-09 -6.82405e-10 9.16194e-09)
(-5.27897e-09 -5.5545e-10 8.36487e-09)
(-6.14707e-09 -7.86539e-10 8.29229e-09)
(-6.29934e-09 -6.63976e-10 1.09926e-08)
(-5.96898e-09 -5.40353e-10 1.01165e-08)
(-6.91858e-09 -7.65894e-10 1.00215e-08)
(-7.04287e-09 -6.45975e-10 1.29759e-08)
(-6.6951e-09 -5.25586e-10 1.20224e-08)
(-7.72441e-09 -7.45752e-10 1.19036e-08)
(-7.82631e-09 -6.28423e-10 1.51086e-08)
(-7.45969e-09 -5.11211e-10 1.40793e-08)
(-8.56688e-09 -7.26135e-10 1.39356e-08)
(-8.65163e-09 -6.11274e-10 1.73874e-08)
(-8.26493e-09 -4.97204e-10 1.62839e-08)
(-9.44811e-09 -7.06982e-10 1.61142e-08)
(-9.52058e-09 -5.94466e-10 1.98093e-08)
(-9.11272e-09 -4.83513e-10 1.8633e-08)
(-1.037e-08 -6.88209e-10 1.84364e-08)
(-1.04347e-08 -5.77941e-10 2.23708e-08)
(-1.00048e-08 -4.70084e-10 2.11235e-08)
(-1.13342e-08 -6.69738e-10 2.08992e-08)
(-1.13955e-08 -5.6165e-10 2.50688e-08)
(-1.09426e-08 -4.56869e-10 2.37521e-08)
(-1.23423e-08 -6.51507e-10 2.34993e-08)
(-1.24039e-08 -5.45561e-10 2.79001e-08)
(-1.19274e-08 -4.43835e-10 2.65155e-08)
(-1.33955e-08 -6.33476e-10 2.62337e-08)
(-1.3461e-08 -5.29653e-10 3.08613e-08)
(-1.29604e-08 -4.30958e-10 2.94105e-08)
(-1.44948e-08 -6.15617e-10 2.90992e-08)
(-1.45675e-08 -5.13916e-10 3.39491e-08)
(-1.40423e-08 -4.18225e-10 3.24338e-08)
(-1.56412e-08 -5.97918e-10 3.20926e-08)
(-1.5724e-08 -4.98345e-10 3.71603e-08)
(-1.51738e-08 -4.05629e-10 3.55822e-08)
(-1.68354e-08 -5.80373e-10 3.52107e-08)
(-1.6931e-08 -4.8294e-10 4.04916e-08)
(-1.63555e-08 -3.9317e-10 3.88523e-08)
(-1.80778e-08 -5.62985e-10 3.84504e-08)
(-1.81886e-08 -4.67706e-10 4.39396e-08)
(-1.75878e-08 -3.80848e-10 4.22409e-08)
(-1.93689e-08 -5.45757e-10 4.18084e-08)
(-1.94971e-08 -4.52647e-10 4.75012e-08)
(-1.88706e-08 -3.68666e-10 4.57446e-08)
(-2.07087e-08 -5.28699e-10 4.52816e-08)
(-2.08562e-08 -4.3777e-10 5.1173e-08)
(-2.02042e-08 -3.56631e-10 4.93602e-08)
(-2.20975e-08 -5.11817e-10 4.88667e-08)
(-2.22659e-08 -4.23081e-10 5.49519e-08)
(-2.15884e-08 -3.44747e-10 5.30846e-08)
(-2.35349e-08 -4.95121e-10 5.25607e-08)
(-2.37258e-08 -4.08587e-10 5.88346e-08)
(-2.30228e-08 -3.33019e-10 5.69144e-08)
(-2.5021e-08 -4.78619e-10 5.63603e-08)
(-2.52355e-08 -3.94294e-10 6.28179e-08)
(-2.45072e-08 -3.21452e-10 6.08464e-08)
(-2.65551e-08 -4.62319e-10 6.02624e-08)
(-2.67943e-08 -3.80207e-10 6.68988e-08)
(-2.6041e-08 -3.1005e-10 6.48775e-08)
(-2.8137e-08 -4.4623e-10 6.4264e-08)
(-2.84016e-08 -3.66332e-10 7.1074e-08)
(-2.76236e-08 -2.98819e-10 6.90047e-08)
(-2.97659e-08 -4.30358e-10 6.83619e-08)
(-3.00566e-08 -3.52674e-10 7.53404e-08)
(-2.92543e-08 -2.87762e-10 7.32246e-08)
(-3.14413e-08 -4.14711e-10 7.25531e-08)
(-3.17584e-08 -3.39236e-10 7.96952e-08)
(-3.09322e-08 -2.76883e-10 7.75344e-08)
(-3.31622e-08 -3.99294e-10 7.68345e-08)
(-3.35062e-08 -3.26024e-10 8.41351e-08)
(-3.26565e-08 -2.66185e-10 8.19308e-08)
(-3.49278e-08 -3.84112e-10 8.12033e-08)
(-3.52988e-08 -3.1304e-10 8.86572e-08)
(-3.44261e-08 -2.55672e-10 8.64111e-08)
(-3.67372e-08 -3.69172e-10 8.56563e-08)
(-3.71351e-08 -3.00288e-10 9.32587e-08)
(-3.62399e-08 -2.45345e-10 9.09721e-08)
(-3.85893e-08 -3.54479e-10 9.01908e-08)
(-3.90139e-08 -2.87771e-10 9.79365e-08)
(-3.80969e-08 -2.35208e-10 9.5611e-08)
(-4.0483e-08 -3.40035e-10 9.48037e-08)
(-4.09341e-08 -2.75492e-10 1.02688e-07)
(-3.99958e-08 -2.25262e-10 1.00325e-07)
(-4.2417e-08 -3.25847e-10 9.94924e-08)
(-4.28943e-08 -2.63454e-10 1.0751e-07)
(-4.19353e-08 -2.15511e-10 1.05111e-07)
(-4.43903e-08 -3.11917e-10 1.04254e-07)
(-4.48932e-08 -2.51659e-10 1.124e-07)
(-4.39142e-08 -2.05954e-10 1.09966e-07)
(-4.64014e-08 -2.9825e-10 1.09085e-07)
(-4.69293e-08 -2.40108e-10 1.17355e-07)
(-4.5931e-08 -1.96596e-10 1.14888e-07)
(-4.84491e-08 -2.84849e-10 1.13984e-07)
(-4.90014e-08 -2.28805e-10 1.22373e-07)
(-4.79844e-08 -1.87436e-10 1.19874e-07)
(-5.05319e-08 -2.71716e-10 1.18948e-07)
(-5.11079e-08 -2.1775e-10 1.2745e-07)
(-5.0073e-08 -1.78477e-10 1.24921e-07)
(-5.26486e-08 -2.58856e-10 1.23973e-07)
(-5.32473e-08 -2.06946e-10 1.32585e-07)
(-5.21953e-08 -1.69719e-10 1.30026e-07)
(-5.47977e-08 -2.4627e-10 1.29058e-07)
(-5.54183e-08 -1.96395e-10 1.37774e-07)
(-5.43499e-08 -1.61165e-10 1.35188e-07)
(-5.69776e-08 -2.33962e-10 1.34199e-07)
(-5.76193e-08 -1.86097e-10 1.43015e-07)
(-5.65351e-08 -1.52814e-10 1.40403e-07)
(-5.91871e-08 -2.21934e-10 1.39395e-07)
(-5.98487e-08 -1.76054e-10 1.48306e-07)
(-5.87496e-08 -1.44669e-10 1.45668e-07)
(-6.14245e-08 -2.10189e-10 1.44643e-07)
(-6.21051e-08 -1.66268e-10 1.53645e-07)
(-6.09919e-08 -1.36731e-10 1.50983e-07)
(-6.36885e-08 -1.98729e-10 1.49939e-07)
(-6.43871e-08 -1.5674e-10 1.59028e-07)
(-6.32604e-08 -1.28999e-10 1.56343e-07)
(-6.59776e-08 -1.87557e-10 1.55283e-07)
(-6.66929e-08 -1.47471e-10 1.64453e-07)
(-6.55536e-08 -1.21477e-10 1.61747e-07)
(-6.82902e-08 -1.76674e-10 1.60671e-07)
(-6.90213e-08 -1.38463e-10 1.69919e-07)
(-6.78701e-08 -1.14163e-10 1.67192e-07)
(-7.06249e-08 -1.66084e-10 1.66101e-07)
(-7.13707e-08 -1.29717e-10 1.75423e-07)
(-7.02083e-08 -1.0706e-10 1.72676e-07)
(-7.29803e-08 -1.55789e-10 1.71571e-07)
(-7.37396e-08 -1.21234e-10 1.80962e-07)
(-7.25668e-08 -1.00168e-10 1.78197e-07)
(-7.53549e-08 -1.4579e-10 1.77079e-07)
(-7.61267e-08 -1.13016e-10 1.86535e-07)
(-7.49441e-08 -9.34885e-11 1.83753e-07)
(-7.77473e-08 -1.36091e-10 1.82622e-07)
(-7.85305e-08 -1.05065e-10 1.92139e-07)
(-7.73389e-08 -8.70224e-11 1.89341e-07)
(-8.01561e-08 -1.26693e-10 1.88198e-07)
(-8.09496e-08 -9.73806e-11 1.97773e-07)
(-7.97497e-08 -8.07707e-11 1.9496e-07)
(-8.258e-08 -1.176e-10 1.93806e-07)
(-8.33827e-08 -8.9966e-11 2.03434e-07)
(-8.21752e-08 -7.47347e-11 2.00607e-07)
(-8.50176e-08 -1.08813e-10 1.99443e-07)
(-8.58285e-08 -8.28222e-11 2.0912e-07)
(-8.46141e-08 -6.89155e-11 2.0628e-07)
(-8.74677e-08 -1.00336e-10 2.05106e-07)
(-8.82857e-08 -7.59511e-11 2.1483e-07)
(-8.7065e-08 -6.33143e-11 2.11978e-07)
(-8.99289e-08 -9.21712e-11 2.10795e-07)
(-9.07531e-08 -6.93545e-11 2.20561e-07)
(-8.95268e-08 -5.79326e-11 2.17698e-07)
(-9.24001e-08 -8.43214e-11 2.16508e-07)
(-9.32295e-08 -6.30343e-11 2.26313e-07)
(-9.19981e-08 -5.27717e-11 2.23439e-07)
(-9.48801e-08 -7.67896e-11 2.22241e-07)
(-9.57137e-08 -5.69926e-11 2.32082e-07)
(-9.44779e-08 -4.78332e-11 2.292e-07)
(-9.73678e-08 -6.9579e-11 2.27995e-07)
(-9.82048e-08 -5.12316e-11 2.37868e-07)
(-9.69651e-08 -4.31188e-11 2.34977e-07)
(-9.9862e-08 -6.26927e-11 2.33766e-07)
(-1.00702e-07 -4.57538e-11 2.43669e-07)
(-9.94586e-08 -3.86303e-11 2.4077e-07)
(-1.02362e-07 -5.61344e-11 2.39553e-07)
(-1.03203e-07 -4.05619e-11 2.49482e-07)
(-1.01957e-07 -3.43697e-11 2.46577e-07)
(-1.04866e-07 -4.99076e-11 2.45355e-07)
(-1.05709e-07 -3.56588e-11 2.55308e-07)
(-1.0446e-07 -3.03391e-11 2.52397e-07)
(-1.07374e-07 -4.40164e-11 2.5117e-07)
(-1.08217e-07 -3.10477e-11 2.61144e-07)
(-1.06967e-07 -2.6541e-11 2.58227e-07)
(-1.09885e-07 -3.8465e-11 2.56997e-07)
(-1.10728e-07 -2.67322e-11 2.66988e-07)
(-1.09476e-07 -2.2978e-11 2.64067e-07)
(-1.12398e-07 -3.32581e-11 2.62833e-07)
(-1.1324e-07 -2.27166e-11 2.72841e-07)
(-1.11987e-07 -1.96534e-11 2.69916e-07)
(-1.14912e-07 -2.8401e-11 2.68679e-07)
(-1.15753e-07 -1.90054e-11 2.78699e-07)
(-1.14499e-07 -1.65706e-11 2.75771e-07)
(-1.17427e-07 -2.38994e-11 2.74531e-07)
(-1.18266e-07 -1.5604e-11 2.84563e-07)
(-1.17012e-07 -1.37337e-11 2.81632e-07)
(-1.19942e-07 -1.97598e-11 2.8039e-07)
(-1.20779e-07 -1.2518e-11 2.9043e-07)
(-1.19524e-07 -1.1147e-11 2.87497e-07)
(-1.22456e-07 -1.59895e-11 2.86254e-07)
(-1.23291e-07 -9.75305e-12 2.96301e-07)
(-1.22036e-07 -8.81533e-12 2.93367e-07)
(-1.2497e-07 -1.25962e-11 2.92122e-07)
(-1.25801e-07 -7.31365e-12 3.02174e-07)
(-1.24547e-07 -6.74294e-12 2.99238e-07)
(-1.27481e-07 -9.58771e-12 2.97992e-07)
(-1.2831e-07 -5.20088e-12 3.08048e-07)
(-1.27057e-07 -4.93249e-12 3.05112e-07)
(-1.29992e-07 -6.97019e-12 3.03865e-07)
(-1.30817e-07 -3.40774e-12 3.13922e-07)
(-1.29565e-07 -3.38235e-12 3.10986e-07)
(-1.325e-07 -4.74532e-12 3.09738e-07)
(-1.33322e-07 -1.91099e-12 3.19796e-07)
(-1.32071e-07 -2.08178e-12 3.1686e-07)
(-1.35006e-07 -2.90417e-12 3.15612e-07)
(-1.35825e-07 -6.60884e-13 3.25669e-07)
(-1.34574e-07 -1.00361e-12 3.22733e-07)
(-1.37509e-07 -1.41714e-12 3.21486e-07)
(-1.38326e-07 4.31875e-13 3.31541e-07)
(-1.37076e-07 -9.67051e-14 3.28606e-07)
(-1.40011e-07 -2.22059e-13 3.27358e-07)
(-1.40824e-07 1.50572e-12 3.37411e-07)
(-1.39575e-07 7.27156e-13 3.34477e-07)
(-1.4251e-07 7.90892e-13 3.33229e-07)
(-1.42073e-07 1.57827e-12 3.40346e-07)
(-1.45007e-07 1.78965e-12 3.39098e-07)
(-3.88628e-10 -2.2836e-10 3.17832e-10)
(-1.50159e-10 -9.30407e-11 1.71527e-10)
(-2.52749e-10 -1.70429e-10 3.49968e-10)
(-9.22651e-10 -3.54909e-10 6.67118e-10)
(-6.39591e-10 -2.04461e-10 5.03571e-10)
(-8.21338e-10 -3.64251e-10 6.79433e-10)
(-1.45821e-09 -4.1885e-10 1.13182e-09)
(-1.18404e-09 -2.63743e-10 8.93446e-10)
(-1.44199e-09 -4.6033e-10 1.01568e-09)
(-1.99715e-09 -4.4755e-10 1.77273e-09)
(-1.72454e-09 -2.92656e-10 1.44357e-09)
(-2.0706e-09 -5.04495e-10 1.53371e-09)
(-2.54876e-09 -4.56147e-10 2.59967e-09)
(-2.27135e-09 -3.0377e-10 2.18057e-09)
(-2.70966e-09 -5.20082e-10 2.24973e-09)
(-3.11811e-09 -4.53869e-10 3.60693e-09)
(-2.83437e-09 -3.05011e-10 3.10068e-09)
(-3.36467e-09 -5.20338e-10 3.15099e-09)
(-3.70899e-09 -4.4608e-10 4.78768e-09)
(-3.41704e-09 -3.01136e-10 4.19668e-09)
(-4.03784e-09 -5.12847e-10 4.22783e-09)
(-4.32484e-09 -4.35722e-10 6.13632e-09)
(-4.02247e-09 -2.94771e-10 5.46251e-09)
(-4.7319e-09 -5.01734e-10 5.47358e-09)
(-4.96896e-09 -4.24367e-10 7.64828e-09)
(-4.65404e-09 -2.8734e-10 6.89337e-09)
(-5.45009e-09 -4.89182e-10 6.88324e-09)
(-5.64447e-09 -4.12811e-10 9.31962e-09)
(-5.31505e-09 -2.79584e-10 8.48522e-09)
(-6.19567e-09 -4.76288e-10 8.45268e-09)
(-6.35425e-09 -4.01416e-10 1.11468e-08)
(-6.00857e-09 -2.71861e-10 1.02345e-08)
(-6.97173e-09 -4.63548e-10 1.01783e-08)
(-7.10091e-09 -3.90313e-10 1.31265e-08)
(-6.73744e-09 -2.64315e-10 1.21378e-08)
(-7.7811e-09 -4.51141e-10 1.20567e-08)
(-7.88684e-09 -3.7952e-10 1.52555e-08)
(-7.5042e-09 -2.56984e-10 1.41919e-08)
(-8.62637e-09 -4.39092e-10 1.40849e-08)
(-8.71415e-09 -3.69006e-10 1.75306e-08)
(-8.31115e-09 -2.49858e-10 1.63937e-08)
(-9.50982e-09 -4.27363e-10 1.62597e-08)
(-9.58469e-09 -3.58728e-10 1.99486e-08)
(-9.16032e-09 -2.42907e-10 1.87399e-08)
(-1.04335e-08 -4.15896e-10 1.85781e-08)
(-1.05001e-08 -3.48642e-10 2.25062e-08)
(-1.00535e-08 -2.361e-10 2.12275e-08)
(-1.13992e-08 -4.04639e-10 2.10369e-08)
(-1.14618e-08 -3.38715e-10 2.52004e-08)
(-1.09922e-08 -2.29412e-10 2.38531e-08)
(-1.24083e-08 -3.93547e-10 2.36332e-08)
(-1.2471e-08 -3.28922e-10 2.80278e-08)
(-1.19777e-08 -2.22821e-10 2.66137e-08)
(-1.34624e-08 -3.82589e-10 2.63637e-08)
(-1.35286e-08 -3.19248e-10 3.09851e-08)
(-1.30111e-08 -2.16315e-10 2.95058e-08)
(-1.45624e-08 -3.71746e-10 2.92253e-08)
(-1.46354e-08 -3.09685e-10 3.40692e-08)
(-1.40933e-08 -2.09885e-10 3.25262e-08)
(-1.57092e-08 -3.61006e-10 3.22149e-08)
(-1.57921e-08 -3.00227e-10 3.72766e-08)
(-1.5225e-08 -2.03528e-10 3.56717e-08)
(-1.69036e-08 -3.50365e-10 3.53292e-08)
(-1.69991e-08 -2.90875e-10 4.06041e-08)
(-1.64068e-08 -1.97242e-10 3.8939e-08)
(-1.81461e-08 -3.39823e-10 3.85651e-08)
(-1.82565e-08 -2.81631e-10 4.40484e-08)
(-1.76389e-08 -1.91027e-10 4.23247e-08)
(-1.9437e-08 -3.29382e-10 4.19194e-08)
(-1.95646e-08 -2.72497e-10 4.76064e-08)
(-1.89216e-08 -1.84885e-10 4.58257e-08)
(-2.07766e-08 -3.19047e-10 4.53889e-08)
(-2.09233e-08 -2.63476e-10 5.12746e-08)
(-2.02549e-08 -1.78819e-10 4.94386e-08)
(-2.21649e-08 -3.08821e-10 4.89704e-08)
(-2.23323e-08 -2.54573e-10 5.50499e-08)
(-2.16386e-08 -1.7283e-10 5.31602e-08)
(-2.36018e-08 -2.9871e-10 5.26607e-08)
(-2.37914e-08 -2.45792e-10 5.89291e-08)
(-2.30725e-08 -1.66921e-10 5.69873e-08)
(-2.50871e-08 -2.8872e-10 5.64568e-08)
(-2.53002e-08 -2.37136e-10 6.2909e-08)
(-2.45563e-08 -1.61096e-10 6.09168e-08)
(-2.66205e-08 -2.78854e-10 6.03555e-08)
(-2.6858e-08 -2.28608e-10 6.69865e-08)
(-2.60894e-08 -1.55355e-10 6.49454e-08)
(-2.82014e-08 -2.69119e-10 6.43536e-08)
(-2.84642e-08 -2.20212e-10 7.11584e-08)
(-2.76712e-08 -1.49702e-10 6.90699e-08)
(-2.98293e-08 -2.59517e-10 6.84481e-08)
(-3.0118e-08 -2.1195e-10 7.54216e-08)
(-2.9301e-08 -1.44139e-10 7.32874e-08)
(-3.15035e-08 -2.50053e-10 7.2636e-08)
(-3.18186e-08 -2.03825e-10 7.97731e-08)
(-3.0978e-08 -1.38666e-10 7.75947e-08)
(-3.32232e-08 -2.40731e-10 7.69143e-08)
(-3.3565e-08 -1.95839e-10 8.42099e-08)
(-3.27013e-08 -1.33286e-10 8.19889e-08)
(-3.49875e-08 -2.31554e-10 8.12799e-08)
(-3.53562e-08 -1.87995e-10 8.8729e-08)
(-3.44698e-08 -1.28e-10 8.64668e-08)
(-3.67955e-08 -2.22525e-10 8.57298e-08)
(-3.7191e-08 -1.80295e-10 9.33275e-08)
(-3.62826e-08 -1.2281e-10 9.10255e-08)
(-3.86461e-08 -2.13647e-10 9.02613e-08)
(-3.90683e-08 -1.72739e-10 9.80024e-08)
(-3.81384e-08 -1.17716e-10 9.56622e-08)
(-4.05382e-08 -2.04923e-10 9.48713e-08)
(-4.09869e-08 -1.6533e-10 1.02751e-07)
(-4.00361e-08 -1.12721e-10 1.00374e-07)
(-4.24707e-08 -1.96354e-10 9.9557e-08)
(-4.29454e-08 -1.58069e-10 1.0757e-07)
(-4.19744e-08 -1.07824e-10 1.05158e-07)
(-4.44423e-08 -1.87944e-10 1.04316e-07)
(-4.49426e-08 -1.50957e-10 1.12457e-07)
(-4.39521e-08 -1.03026e-10 1.10011e-07)
(-4.64518e-08 -1.79694e-10 1.09144e-07)
(-4.69771e-08 -1.43996e-10 1.1741e-07)
(-4.59676e-08 -9.83295e-11 1.14931e-07)
(-4.84978e-08 -1.71606e-10 1.14041e-07)
(-4.90474e-08 -1.37187e-10 1.22425e-07)
(-4.80198e-08 -9.37338e-11 1.19915e-07)
(-5.0579e-08 -1.63682e-10 1.19001e-07)
(-5.11522e-08 -1.3053e-10 1.275e-07)
(-5.01071e-08 -8.92399e-11 1.2496e-07)
(-5.26939e-08 -1.55924e-10 1.24024e-07)
(-5.32899e-08 -1.24026e-10 1.32632e-07)
(-5.2228e-08 -8.48484e-11 1.30063e-07)
(-5.48412e-08 -1.48333e-10 1.29107e-07)
(-5.54591e-08 -1.17677e-10 1.37819e-07)
(-5.43812e-08 -8.05599e-11 1.35223e-07)
(-5.70194e-08 -1.40911e-10 1.34246e-07)
(-5.76583e-08 -1.11482e-10 1.43058e-07)
(-5.65652e-08 -7.63748e-11 1.40436e-07)
(-5.92271e-08 -1.3366e-10 1.39439e-07)
(-5.9886e-08 -1.05444e-10 1.48347e-07)
(-5.87784e-08 -7.22938e-11 1.457e-07)
(-6.14628e-08 -1.2658e-10 1.44684e-07)
(-6.21407e-08 -9.95614e-11 1.53683e-07)
(-6.10193e-08 -6.83172e-11 1.51012e-07)
(-6.3725e-08 -1.19674e-10 1.49979e-07)
(-6.44208e-08 -9.38364e-11 1.59064e-07)
(-6.32865e-08 -6.44454e-11 1.56371e-07)
(-6.60123e-08 -1.12942e-10 1.5532e-07)
(-6.6725e-08 -8.82693e-11 1.64487e-07)
(-6.55784e-08 -6.0679e-11 1.61773e-07)
(-6.83231e-08 -1.06386e-10 1.60706e-07)
(-6.90516e-08 -8.28606e-11 1.69951e-07)
(-6.78935e-08 -5.70183e-11 1.67217e-07)
(-7.06561e-08 -1.00007e-10 1.66134e-07)
(-7.13993e-08 -7.7611e-11 1.75452e-07)
(-7.02305e-08 -5.34637e-11 1.72699e-07)
(-7.30098e-08 -9.38069e-11 1.71602e-07)
(-7.37666e-08 -7.25212e-11 1.8099e-07)
(-7.25877e-08 -5.00158e-11 1.78219e-07)
(-7.53827e-08 -8.77863e-11 1.77108e-07)
(-7.6152e-08 -6.7592e-11 1.86561e-07)
(-7.49638e-08 -4.66748e-11 1.83773e-07)
(-7.77734e-08 -8.19468e-11 1.82649e-07)
(-7.85541e-08 -6.2824e-11 1.92163e-07)
(-7.73574e-08 -4.34413e-11 1.8936e-07)
(-8.01806e-08 -7.62898e-11 1.88223e-07)
(-8.09717e-08 -5.82179e-11 1.97795e-07)
(-7.9767e-08 -4.03158e-11 1.94977e-07)
(-8.26029e-08 -7.08167e-11 1.93829e-07)
(-8.34032e-08 -5.37748e-11 2.03454e-07)
(-8.21913e-08 -3.72987e-11 2.00623e-07)
(-8.5039e-08 -6.5529e-11 1.99464e-07)
(-8.58475e-08 -4.94952e-11 2.09139e-07)
(-8.4629e-08 -3.43906e-11 2.06295e-07)
(-8.74875e-08 -6.04281e-11 2.05126e-07)
(-8.83033e-08 -4.53803e-11 2.14847e-07)
(-8.70788e-08 -3.15921e-11 2.11992e-07)
(-8.99473e-08 -5.55157e-11 2.10814e-07)
(-9.07693e-08 -4.14309e-11 2.20577e-07)
(-8.95395e-08 -2.89038e-11 2.17711e-07)
(-9.2417e-08 -5.07933e-11 2.16524e-07)
(-9.32443e-08 -3.76482e-11 2.26327e-07)
(-9.20098e-08 -2.63263e-11 2.23451e-07)
(-9.48956e-08 -4.62626e-11 2.22256e-07)
(-9.57273e-08 -3.40333e-11 2.32095e-07)
(-9.44886e-08 -2.38605e-11 2.2921e-07)
(-9.73819e-08 -4.19256e-11 2.28008e-07)
(-9.82171e-08 -3.05875e-11 2.3788e-07)
(-9.69748e-08 -2.1507e-11 2.34987e-07)
(-9.98749e-08 -3.7784e-11 2.33778e-07)
(-1.00713e-07 -2.7312e-11 2.43679e-07)
(-9.94673e-08 -1.92667e-11 2.40779e-07)
(-1.02373e-07 -3.38399e-11 2.39564e-07)
(-1.03213e-07 -2.42085e-11 2.49492e-07)
(-1.01965e-07 -1.71406e-11 2.46585e-07)
(-1.04877e-07 -3.00954e-11 2.45365e-07)
(-1.05717e-07 -2.12787e-11 2.55316e-07)
(-1.04467e-07 -1.51298e-11 2.52403e-07)
(-1.07384e-07 -2.6553e-11 2.51179e-07)
(-1.08225e-07 -1.85245e-11 2.61151e-07)
(-1.06973e-07 -1.32354e-11 2.58233e-07)
(-1.09893e-07 -2.32151e-11 2.57004e-07)
(-1.10735e-07 -1.5948e-11 2.66995e-07)
(-1.09482e-07 -1.14588e-11 2.64072e-07)
(-1.12405e-07 -2.00847e-11 2.6284e-07)
(-1.13246e-07 -1.35518e-11 2.72846e-07)
(-1.11992e-07 -9.80164e-12 2.6992e-07)
(-1.14919e-07 -1.71648e-11 2.68684e-07)
(-1.15758e-07 -1.13389e-11 2.78704e-07)
(-1.14503e-07 -8.26561e-12 2.75775e-07)
(-1.17432e-07 -1.44591e-11 2.74536e-07)
(-1.1827e-07 -9.31227e-12 2.84567e-07)
(-1.17015e-07 -6.85279e-12 2.81635e-07)
(-1.19946e-07 -1.19715e-11 2.80394e-07)
(-1.20782e-07 -7.47558e-12 2.90434e-07)
(-1.19527e-07 -5.56546e-12 2.875e-07)
(-1.2246e-07 -9.70659e-12 2.86257e-07)
(-1.23293e-07 -5.83213e-12 2.96304e-07)
(-1.22039e-07 -4.40599e-12 2.93369e-07)
(-1.24973e-07 -7.6691e-12 2.92125e-07)
(-1.25803e-07 -4.38438e-12 3.02176e-07)
(-1.24549e-07 -3.37646e-12 2.9924e-07)
(-1.27484e-07 -5.86355e-12 2.97995e-07)
(-1.28312e-07 -3.13231e-12 3.08049e-07)
(-1.27058e-07 -2.47795e-12 3.05113e-07)
(-1.29993e-07 -4.29316e-12 3.03867e-07)
(-1.30818e-07 -2.07064e-12 3.13923e-07)
(-1.29566e-07 -1.70914e-12 3.10987e-07)
(-1.32501e-07 -2.9577e-12 3.0974e-07)
(-1.33323e-07 -1.1847e-12 3.19797e-07)
(-1.32071e-07 -1.06399e-12 3.16861e-07)
(-1.35007e-07 -1.8498e-12 3.15613e-07)
(-1.35826e-07 -4.45852e-13 3.2567e-07)
(-1.34575e-07 -5.28737e-13 3.22734e-07)
(-1.3751e-07 -9.49727e-13 3.21486e-07)
(-1.38326e-07 1.94556e-13 3.31541e-07)
(-1.37076e-07 -7.9202e-14 3.28606e-07)
(-1.40011e-07 -2.1991e-13 3.27358e-07)
(-1.40824e-07 7.98452e-13 3.37411e-07)
(-1.39576e-07 3.24032e-13 3.34477e-07)
(-1.4251e-07 4.01701e-13 3.33229e-07)
(-1.42073e-07 7.19863e-13 3.40346e-07)
(-1.45008e-07 9.88204e-13 3.39098e-07)
(-3.79033e-10 -7.13584e-11 3.58164e-10)
(-1.47557e-10 3.00623e-19 1.84278e-10)
(-2.53711e-10 -5.18479e-11 3.88556e-10)
(-9.10158e-10 -1.14499e-10 7.28631e-10)
(-6.32956e-10 6.42588e-19 5.30803e-10)
(-8.1156e-10 -1.1622e-10 7.47922e-10)
(-1.44853e-09 -1.3776e-10 1.20342e-09)
(-1.1778e-09 9.06158e-19 9.27432e-10)
(-1.4303e-09 -1.50593e-10 1.09283e-09)
(-1.99298e-09 -1.48682e-10 1.84986e-09)
(-1.72081e-09 1.20704e-18 1.48101e-09)
(-2.06285e-09 -1.6718e-10 1.61419e-09)
(-2.55101e-09 -1.52271e-10 2.68021e-09)
(-2.2708e-09 1.5124e-18 2.22018e-09)
(-2.7081e-09 -1.73417e-10 2.33265e-09)
(-3.12654e-09 -1.51843e-10 3.68928e-09)
(-2.83707e-09 1.81881e-18 3.14159e-09)
(-3.36968e-09 -1.74005e-10 3.23535e-09)
(-3.72281e-09 -1.49368e-10 4.87062e-09)
(-3.42269e-09 2.11404e-18 4.23817e-09)
(-4.04882e-09 -1.71719e-10 4.31253e-09)
(-4.34311e-09 -1.45931e-10 6.21894e-09)
(-4.03059e-09 2.38829e-18 5.50404e-09)
(-4.7479e-09 -1.68075e-10 5.55779e-09)
(-4.99079e-09 -1.42113e-10 7.72996e-09)
(-4.66417e-09 2.63332e-18 6.93455e-09)
(-5.47014e-09 -1.63878e-10 6.96639e-09)
(-5.66911e-09 -1.3821e-10 9.39998e-09)
(-5.32676e-09 2.85294e-18 8.52581e-09)
(-6.21893e-09 -1.59535e-10 8.53442e-09)
(-6.38109e-09 -1.34357e-10 1.12256e-08)
(-6.02153e-09 3.06502e-18 1.02743e-08)
(-6.99749e-09 -1.55234e-10 1.02584e-08)
(-7.12949e-09 -1.30604e-10 1.32036e-08)
(-6.75137e-09 3.27051e-18 1.21768e-08)
(-7.80883e-09 -1.51044e-10 1.21351e-08)
(-7.91678e-09 -1.26961e-10 1.53307e-08)
(-7.5189e-09 3.45078e-18 1.423e-08)
(-8.65564e-09 -1.4698e-10 1.41614e-08)
(-8.74517e-09 -1.23418e-10 1.76039e-08)
(-8.32646e-09 3.59952e-18 1.64308e-08)
(-9.54031e-09 -1.43029e-10 1.63343e-08)
(-9.61658e-09 -1.19958e-10 2.002e-08)
(-9.17612e-09 3.72031e-18 1.87761e-08)
(-1.04649e-08 -1.39171e-10 1.86507e-08)
(-1.05327e-08 -1.16566e-10 2.25757e-08)
(-1.00697e-08 3.81416e-18 2.12627e-08)
(-1.14314e-08 -1.35387e-10 2.11076e-08)
(-1.14949e-08 -1.13231e-10 2.52679e-08)
(-1.10086e-08 3.88316e-18 2.38874e-08)
(-1.24412e-08 -1.31663e-10 2.37019e-08)
(-1.25045e-08 -1.09943e-10 2.80934e-08)
(-1.19944e-08 3.93958e-18 2.6647e-08)
(-1.34957e-08 -1.27986e-10 2.64305e-08)
(-1.35624e-08 -1.06697e-10 3.10488e-08)
(-1.3028e-08 3.98872e-18 2.95381e-08)
(-1.4596e-08 -1.24349e-10 2.92901e-08)
(-1.46694e-08 -1.03488e-10 3.41308e-08)
(-1.41103e-08 4.02834e-18 3.25576e-08)
(-1.5743e-08 -1.20749e-10 3.22777e-08)
(-1.58262e-08 -1.00317e-10 3.73363e-08)
(-1.52421e-08 4.05787e-18 3.57021e-08)
(-1.69376e-08 -1.17182e-10 3.53901e-08)
(-1.70331e-08 -9.71813e-11 4.06619e-08)
(-1.64239e-08 4.06951e-18 3.89684e-08)
(-1.81801e-08 -1.13649e-10 3.86241e-08)
(-1.82905e-08 -9.40824e-11 4.41044e-08)
(-1.7656e-08 4.06492e-18 4.23532e-08)
(-1.9471e-08 -1.10151e-10 4.19765e-08)
(-1.95984e-08 -9.10212e-11 4.76605e-08)
(-1.89386e-08 4.04419e-18 4.58532e-08)
(-2.08104e-08 -1.06689e-10 4.54441e-08)
(-2.09568e-08 -8.79986e-11 5.13269e-08)
(-2.02717e-08 4.00603e-18 4.94652e-08)
(-2.21985e-08 -1.03263e-10 4.90237e-08)
(-2.23655e-08 -8.5016e-11 5.51004e-08)
(-2.16553e-08 3.93388e-18 5.31859e-08)
(-2.36351e-08 -9.98772e-11 5.27123e-08)
(-2.38243e-08 -8.20746e-11 5.89778e-08)
(-2.30891e-08 3.83643e-18 5.70122e-08)
(-2.51201e-08 -9.65316e-11 5.65066e-08)
(-2.53326e-08 -7.91757e-11 6.29559e-08)
(-2.45727e-08 3.71439e-18 6.09407e-08)
(-2.6653e-08 -9.32284e-11 6.04034e-08)
(-2.68899e-08 -7.63203e-11 6.70317e-08)
(-2.61055e-08 3.56707e-18 6.49684e-08)
(-2.82335e-08 -8.99689e-11 6.43999e-08)
(-2.84955e-08 -7.35095e-11 7.12019e-08)
(-2.76871e-08 3.38084e-18 6.90921e-08)
(-2.98609e-08 -8.67548e-11 6.84927e-08)
(-3.01488e-08 -7.07442e-11 7.54635e-08)
(-2.93166e-08 3.15755e-18 7.33088e-08)
(-3.15345e-08 -8.35872e-11 7.26789e-08)
(-3.18487e-08 -6.80252e-11 7.98134e-08)
(-3.09933e-08 2.90571e-18 7.76153e-08)
(-3.32536e-08 -8.04674e-11 7.69555e-08)
(-3.35944e-08 -6.53534e-11 8.42486e-08)
(-3.27162e-08 2.61381e-18 8.20086e-08)
(-3.50173e-08 -7.73965e-11 8.13195e-08)
(-3.53849e-08 -6.27295e-11 8.87661e-08)
(-3.44844e-08 2.28361e-18 8.64857e-08)
(-3.68245e-08 -7.43755e-11 8.57679e-08)
(-3.7219e-08 -6.01539e-11 9.33631e-08)
(-3.62968e-08 1.90521e-18 9.10437e-08)
(-3.86744e-08 -7.14053e-11 9.02978e-08)
(-3.90955e-08 -5.76274e-11 9.80365e-08)
(-3.81523e-08 1.47813e-18 9.56796e-08)
(-4.05658e-08 -6.84868e-11 9.49063e-08)
(-4.10133e-08 -5.51503e-11 1.02784e-07)
(-4.00496e-08 1.00399e-18 1.00391e-07)
(-4.24975e-08 -6.56208e-11 9.95905e-08)
(-4.2971e-08 -5.27232e-11 1.07601e-07)
(-4.19875e-08 4.81408e-19 1.05174e-07)
(-4.44683e-08 -6.2808e-11 1.04348e-07)
(-4.49674e-08 -5.03464e-11 1.12487e-07)
(-4.39647e-08 -8.6579e-20 1.10026e-07)
(-4.6477e-08 -6.00491e-11 1.09175e-07)
(-4.7001e-08 -4.80204e-11 1.17438e-07)
(-4.59799e-08 -7.03051e-19 1.14945e-07)
(-4.85221e-08 -5.73447e-11 1.1407e-07)
(-4.90705e-08 -4.57454e-11 1.22452e-07)
(-4.80316e-08 -1.36026e-18 1.19929e-07)
(-5.06024e-08 -5.46954e-11 1.19029e-07)
(-5.11744e-08 -4.35217e-11 1.27526e-07)
(-5.01184e-08 -2.06566e-18 1.24973e-07)
(-5.27165e-08 -5.21019e-11 1.24051e-07)
(-5.33112e-08 -4.13497e-11 1.32657e-07)
(-5.2239e-08 -2.81419e-18 1.30076e-07)
(-5.48629e-08 -4.95645e-11 1.29132e-07)
(-5.54795e-08 -3.92296e-11 1.37842e-07)
(-5.43917e-08 -3.60299e-18 1.35235e-07)
(-5.70402e-08 -4.70838e-11 1.3427e-07)
(-5.76778e-08 -3.71615e-11 1.4308e-07)
(-5.65752e-08 -4.42976e-18 1.40447e-07)
(-5.9247e-08 -4.46603e-11 1.39462e-07)
(-5.99046e-08 -3.51458e-11 1.48368e-07)
(-5.8788e-08 -5.3003e-18 1.45711e-07)
(-6.14818e-08 -4.22944e-11 1.44706e-07)
(-6.21584e-08 -3.31827e-11 1.53702e-07)
(-6.10284e-08 -6.20253e-18 1.51023e-07)
(-6.37432e-08 -3.99866e-11 1.49999e-07)
(-6.44377e-08 -3.12723e-11 1.59082e-07)
(-6.32952e-08 -7.13945e-18 1.56381e-07)
(-6.60295e-08 -3.77373e-11 1.55339e-07)
(-6.6741e-08 -2.94148e-11 1.64505e-07)
(-6.55866e-08 -8.12358e-18 1.61782e-07)
(-6.83395e-08 -3.55469e-11 1.60724e-07)
(-6.90668e-08 -2.76105e-11 1.69967e-07)
(-6.79013e-08 -9.14589e-18 1.67225e-07)
(-7.06716e-08 -3.34159e-11 1.66151e-07)
(-7.14136e-08 -2.58595e-11 1.75468e-07)
(-7.02378e-08 -1.01994e-17 1.72708e-07)
(-7.30244e-08 -3.13447e-11 1.71618e-07)
(-7.378e-08 -2.41621e-11 1.81004e-07)
(-7.25947e-08 -1.1296e-17 1.78227e-07)
(-7.53965e-08 -2.93336e-11 1.77123e-07)
(-7.61646e-08 -2.25185e-11 1.86574e-07)
(-7.49704e-08 -1.24182e-17 1.8378e-07)
(-7.77864e-08 -2.73832e-11 1.82663e-07)
(-7.8566e-08 -2.09288e-11 1.92176e-07)
(-7.73635e-08 -1.35503e-17 1.89367e-07)
(-8.01928e-08 -2.54938e-11 1.88237e-07)
(-8.09827e-08 -1.93934e-11 1.97807e-07)
(-7.97727e-08 -1.46925e-17 1.94983e-07)
(-8.26143e-08 -2.3666e-11 1.93841e-07)
(-8.34135e-08 -1.79125e-11 2.03465e-07)
(-8.21967e-08 -1.58765e-17 2.00629e-07)
(-8.50496e-08 -2.19002e-11 1.99475e-07)
(-8.5857e-08 -1.64862e-11 2.09149e-07)
(-8.4634e-08 -1.71037e-17 2.063e-07)
(-8.74974e-08 -2.01968e-11 2.05137e-07)
(-8.83121e-08 -1.51151e-11 2.14856e-07)
(-8.70834e-08 -1.8367e-17 2.11997e-07)
(-8.99564e-08 -1.85565e-11 2.10823e-07)
(-9.07773e-08 -1.37992e-11 2.20586e-07)
(-8.95437e-08 -1.96621e-17 2.17716e-07)
(-9.24254e-08 -1.69797e-11 2.16533e-07)
(-9.32517e-08 -1.2539e-11 2.26335e-07)
(-9.20137e-08 -2.10032e-17 2.23455e-07)
(-9.49033e-08 -1.54669e-11 2.22265e-07)
(-9.5734e-08 -1.13349e-11 2.32102e-07)
(-9.44922e-08 -2.23591e-17 2.29214e-07)
(-9.73889e-08 -1.40189e-11 2.28016e-07)
(-9.82232e-08 -1.01873e-11 2.37886e-07)
(-9.6978e-08 -2.36943e-17 2.3499e-07)
(-9.98812e-08 -1.26361e-11 2.33785e-07)
(-1.00718e-07 -9.09649e-12 2.43685e-07)
(-9.94702e-08 -2.51124e-17 2.40782e-07)
(-1.02379e-07 -1.13193e-11 2.3957e-07)
(-1.03218e-07 -8.06312e-12 2.49497e-07)
(-1.01968e-07 -2.65286e-17 2.46588e-07)
(-1.04882e-07 -1.00692e-11 2.4537e-07)
(-1.05722e-07 -7.08772e-12 2.55321e-07)
(-1.0447e-07 -2.78916e-17 2.52406e-07)
(-1.07388e-07 -8.88657e-12 2.51184e-07)
(-1.08229e-07 -6.17093e-12 2.61155e-07)
(-1.06975e-07 -2.93451e-17 2.58235e-07)
(-1.09897e-07 -7.77224e-12 2.57009e-07)
(-1.10738e-07 -5.31347e-12 2.66998e-07)
(-1.09483e-07 -3.09198e-17 2.64074e-07)
(-1.12409e-07 -6.72718e-12 2.62844e-07)
(-1.13249e-07 -4.5162e-12 2.72849e-07)
(-1.11993e-07 -3.25627e-17 2.69922e-07)
(-1.14922e-07 -5.75245e-12 2.68688e-07)
(-1.1576e-07 -3.7801e-12 2.78706e-07)
(-1.14505e-07 -3.42571e-17 2.75776e-07)
(-1.17435e-07 -4.84926e-12 2.74539e-07)
(-1.18272e-07 -3.10625e-12 2.84569e-07)
(-1.17016e-07 -3.59397e-17 2.81636e-07)
(-1.19949e-07 -4.01898e-12 2.80397e-07)
(-1.20784e-07 -2.49583e-12 2.90435e-07)
(-1.19528e-07 -3.76296e-17 2.87501e-07)
(-1.22462e-07 -3.26313e-12 2.86259e-07)
(-1.23295e-07 -1.94992e-12 2.96305e-07)
(-1.2204e-07 -3.94109e-17 2.9337e-07)
(-1.24974e-07 -2.58329e-12 2.92126e-07)
(-1.25804e-07 -1.46928e-12 3.02177e-07)
(-1.2455e-07 -4.11925e-17 2.99241e-07)
(-1.27485e-07 -1.98093e-12 2.97996e-07)
(-1.28312e-07 -1.05374e-12 3.0805e-07)
(-1.27059e-07 -4.25861e-17 3.05113e-07)
(-1.29994e-07 -1.45698e-12 3.03868e-07)
(-1.30819e-07 -7.01293e-13 3.13924e-07)
(-1.29566e-07 -4.38805e-17 3.10987e-07)
(-1.32502e-07 -1.01112e-12 3.0974e-07)
(-1.33323e-07 -4.06907e-13 3.19797e-07)
(-1.32072e-07 -4.59183e-17 3.16861e-07)
(-1.35007e-07 -6.40485e-13 3.15614e-07)
(-1.35826e-07 -1.6131e-13 3.2567e-07)
(-1.34575e-07 -4.82789e-17 3.22734e-07)
(-1.3751e-07 -3.38211e-13 3.21487e-07)
(-1.38326e-07 5.05337e-14 3.31541e-07)
(-1.37076e-07 -4.86629e-17 3.28606e-07)
(-1.40011e-07 -9.19413e-14 3.27359e-07)
(-1.40825e-07 2.46115e-13 3.37411e-07)
(-1.39576e-07 -4.77265e-17 3.34477e-07)
(-1.4251e-07 1.17837e-13 3.33229e-07)
(-1.42073e-07 -5.86829e-17 3.40346e-07)
(-1.45008e-07 3.11524e-13 3.39098e-07)
(-3.79033e-10 7.13584e-11 3.58164e-10)
(-1.50159e-10 9.30407e-11 1.71527e-10)
(-2.53711e-10 5.18479e-11 3.88556e-10)
(-9.10158e-10 1.14499e-10 7.28631e-10)
(-6.39591e-10 2.04461e-10 5.03571e-10)
(-8.1156e-10 1.1622e-10 7.47922e-10)
(-1.44853e-09 1.3776e-10 1.20342e-09)
(-1.18404e-09 2.63743e-10 8.93446e-10)
(-1.4303e-09 1.50593e-10 1.09283e-09)
(-1.99298e-09 1.48682e-10 1.84986e-09)
(-1.72454e-09 2.92656e-10 1.44357e-09)
(-2.06285e-09 1.6718e-10 1.61419e-09)
(-2.55101e-09 1.52271e-10 2.68021e-09)
(-2.27135e-09 3.0377e-10 2.18057e-09)
(-2.7081e-09 1.73417e-10 2.33265e-09)
(-3.12654e-09 1.51843e-10 3.68928e-09)
(-2.83437e-09 3.05011e-10 3.10068e-09)
(-3.36968e-09 1.74005e-10 3.23535e-09)
(-3.72281e-09 1.49368e-10 4.87062e-09)
(-3.41704e-09 3.01136e-10 4.19668e-09)
(-4.04882e-09 1.71719e-10 4.31253e-09)
(-4.34311e-09 1.45931e-10 6.21894e-09)
(-4.02247e-09 2.94771e-10 5.46251e-09)
(-4.7479e-09 1.68075e-10 5.55779e-09)
(-4.99079e-09 1.42113e-10 7.72996e-09)
(-4.65404e-09 2.8734e-10 6.89337e-09)
(-5.47014e-09 1.63878e-10 6.96639e-09)
(-5.66911e-09 1.3821e-10 9.39998e-09)
(-5.31505e-09 2.79584e-10 8.48522e-09)
(-6.21893e-09 1.59535e-10 8.53442e-09)
(-6.38109e-09 1.34357e-10 1.12256e-08)
(-6.00857e-09 2.71861e-10 1.02345e-08)
(-6.99749e-09 1.55234e-10 1.02584e-08)
(-7.12949e-09 1.30604e-10 1.32036e-08)
(-6.73744e-09 2.64315e-10 1.21378e-08)
(-7.80883e-09 1.51044e-10 1.21351e-08)
(-7.91678e-09 1.26961e-10 1.53307e-08)
(-7.5042e-09 2.56984e-10 1.41919e-08)
(-8.65564e-09 1.4698e-10 1.41614e-08)
(-8.74517e-09 1.23418e-10 1.76039e-08)
(-8.31115e-09 2.49858e-10 1.63937e-08)
(-9.54031e-09 1.43029e-10 1.63343e-08)
(-9.61658e-09 1.19958e-10 2.002e-08)
(-9.16032e-09 2.42907e-10 1.87399e-08)
(-1.04649e-08 1.39171e-10 1.86507e-08)
(-1.05327e-08 1.16566e-10 2.25757e-08)
(-1.00535e-08 2.361e-10 2.12275e-08)
(-1.14314e-08 1.35387e-10 2.11076e-08)
(-1.14949e-08 1.13231e-10 2.52679e-08)
(-1.09922e-08 2.29412e-10 2.38531e-08)
(-1.24412e-08 1.31663e-10 2.37019e-08)
(-1.25045e-08 1.09943e-10 2.80934e-08)
(-1.19777e-08 2.22821e-10 2.66137e-08)
(-1.34957e-08 1.27986e-10 2.64305e-08)
(-1.35624e-08 1.06697e-10 3.10488e-08)
(-1.30111e-08 2.16315e-10 2.95058e-08)
(-1.4596e-08 1.24349e-10 2.92901e-08)
(-1.46694e-08 1.03488e-10 3.41308e-08)
(-1.40933e-08 2.09885e-10 3.25262e-08)
(-1.5743e-08 1.20749e-10 3.22777e-08)
(-1.58262e-08 1.00317e-10 3.73363e-08)
(-1.5225e-08 2.03528e-10 3.56717e-08)
(-1.69376e-08 1.17182e-10 3.53901e-08)
(-1.70331e-08 9.71813e-11 4.06619e-08)
(-1.64068e-08 1.97242e-10 3.8939e-08)
(-1.81801e-08 1.13649e-10 3.86241e-08)
(-1.82905e-08 9.40824e-11 4.41044e-08)
(-1.76389e-08 1.91027e-10 4.23247e-08)
(-1.9471e-08 1.10151e-10 4.19765e-08)
(-1.95984e-08 9.10212e-11 4.76605e-08)
(-1.89216e-08 1.84885e-10 4.58257e-08)
(-2.08104e-08 1.06689e-10 4.54441e-08)
(-2.09568e-08 8.79986e-11 5.13269e-08)
(-2.02549e-08 1.78819e-10 4.94386e-08)
(-2.21985e-08 1.03263e-10 4.90237e-08)
(-2.23655e-08 8.5016e-11 5.51004e-08)
(-2.16386e-08 1.7283e-10 5.31602e-08)
(-2.36351e-08 9.98772e-11 5.27123e-08)
(-2.38243e-08 8.20746e-11 5.89778e-08)
(-2.30725e-08 1.66921e-10 5.69873e-08)
(-2.51201e-08 9.65316e-11 5.65066e-08)
(-2.53326e-08 7.91757e-11 6.29559e-08)
(-2.45563e-08 1.61096e-10 6.09168e-08)
(-2.6653e-08 9.32284e-11 6.04034e-08)
(-2.68899e-08 7.63203e-11 6.70317e-08)
(-2.60894e-08 1.55355e-10 6.49454e-08)
(-2.82335e-08 8.9969e-11 6.43999e-08)
(-2.84955e-08 7.35095e-11 7.12019e-08)
(-2.76712e-08 1.49702e-10 6.90699e-08)
(-2.98609e-08 8.67548e-11 6.84927e-08)
(-3.01488e-08 7.07442e-11 7.54635e-08)
(-2.9301e-08 1.44139e-10 7.32874e-08)
(-3.15345e-08 8.35872e-11 7.26789e-08)
(-3.18487e-08 6.80253e-11 7.98134e-08)
(-3.0978e-08 1.38666e-10 7.75947e-08)
(-3.32536e-08 8.04674e-11 7.69555e-08)
(-3.35944e-08 6.53535e-11 8.42486e-08)
(-3.27013e-08 1.33286e-10 8.19889e-08)
(-3.50173e-08 7.73965e-11 8.13195e-08)
(-3.53849e-08 6.27295e-11 8.87661e-08)
(-3.44698e-08 1.28e-10 8.64668e-08)
(-3.68245e-08 7.43755e-11 8.57679e-08)
(-3.7219e-08 6.01539e-11 9.33631e-08)
(-3.62826e-08 1.2281e-10 9.10255e-08)
(-3.86744e-08 7.14053e-11 9.02978e-08)
(-3.90955e-08 5.76274e-11 9.80365e-08)
(-3.81384e-08 1.17716e-10 9.56622e-08)
(-4.05658e-08 6.84868e-11 9.49063e-08)
(-4.10133e-08 5.51503e-11 1.02784e-07)
(-4.00361e-08 1.12721e-10 1.00374e-07)
(-4.24975e-08 6.56208e-11 9.95905e-08)
(-4.2971e-08 5.27232e-11 1.07601e-07)
(-4.19744e-08 1.07824e-10 1.05158e-07)
(-4.44683e-08 6.2808e-11 1.04348e-07)
(-4.49674e-08 5.03464e-11 1.12487e-07)
(-4.39521e-08 1.03026e-10 1.10011e-07)
(-4.6477e-08 6.00491e-11 1.09175e-07)
(-4.7001e-08 4.80204e-11 1.17438e-07)
(-4.59676e-08 9.83295e-11 1.14931e-07)
(-4.85221e-08 5.73447e-11 1.1407e-07)
(-4.90705e-08 4.57454e-11 1.22452e-07)
(-4.80198e-08 9.37338e-11 1.19915e-07)
(-5.06024e-08 5.46954e-11 1.19029e-07)
(-5.11744e-08 4.35217e-11 1.27526e-07)
(-5.01071e-08 8.92398e-11 1.2496e-07)
(-5.27165e-08 5.21019e-11 1.24051e-07)
(-5.33112e-08 4.13497e-11 1.32657e-07)
(-5.2228e-08 8.48484e-11 1.30063e-07)
(-5.48629e-08 4.95645e-11 1.29132e-07)
(-5.54795e-08 3.92295e-11 1.37842e-07)
(-5.43812e-08 8.05598e-11 1.35223e-07)
(-5.70402e-08 4.70838e-11 1.3427e-07)
(-5.76778e-08 3.71615e-11 1.4308e-07)
(-5.65652e-08 7.63748e-11 1.40436e-07)
(-5.9247e-08 4.46603e-11 1.39462e-07)
(-5.99046e-08 3.51458e-11 1.48368e-07)
(-5.87784e-08 7.22938e-11 1.457e-07)
(-6.14818e-08 4.22944e-11 1.44706e-07)
(-6.21584e-08 3.31826e-11 1.53702e-07)
(-6.10193e-08 6.83172e-11 1.51012e-07)
(-6.37432e-08 3.99866e-11 1.49999e-07)
(-6.44377e-08 3.12722e-11 1.59082e-07)
(-6.32865e-08 6.44454e-11 1.56371e-07)
(-6.60295e-08 3.77373e-11 1.55339e-07)
(-6.6741e-08 2.94148e-11 1.64505e-07)
(-6.55784e-08 6.0679e-11 1.61773e-07)
(-6.83395e-08 3.55469e-11 1.60724e-07)
(-6.90668e-08 2.76105e-11 1.69967e-07)
(-6.78935e-08 5.70183e-11 1.67217e-07)
(-7.06716e-08 3.34159e-11 1.66151e-07)
(-7.14136e-08 2.58595e-11 1.75468e-07)
(-7.02305e-08 5.34637e-11 1.72699e-07)
(-7.30244e-08 3.13446e-11 1.71618e-07)
(-7.378e-08 2.41621e-11 1.81004e-07)
(-7.25877e-08 5.00157e-11 1.78219e-07)
(-7.53965e-08 2.93336e-11 1.77123e-07)
(-7.61646e-08 2.25185e-11 1.86574e-07)
(-7.49638e-08 4.66748e-11 1.83773e-07)
(-7.77864e-08 2.73831e-11 1.82663e-07)
(-7.8566e-08 2.09288e-11 1.92176e-07)
(-7.73574e-08 4.34413e-11 1.8936e-07)
(-8.01928e-08 2.54938e-11 1.88237e-07)
(-8.09827e-08 1.93934e-11 1.97807e-07)
(-7.9767e-08 4.03157e-11 1.94977e-07)
(-8.26143e-08 2.3666e-11 1.93841e-07)
(-8.34135e-08 1.79124e-11 2.03465e-07)
(-8.21913e-08 3.72986e-11 2.00623e-07)
(-8.50496e-08 2.19001e-11 1.99475e-07)
(-8.5857e-08 1.64862e-11 2.09149e-07)
(-8.4629e-08 3.43906e-11 2.06295e-07)
(-8.74974e-08 2.01968e-11 2.05137e-07)
(-8.83121e-08 1.5115e-11 2.14856e-07)
(-8.70788e-08 3.15921e-11 2.11992e-07)
(-8.99564e-08 1.85564e-11 2.10823e-07)
(-9.07773e-08 1.37992e-11 2.20586e-07)
(-8.95395e-08 2.89037e-11 2.17711e-07)
(-9.24254e-08 1.69796e-11 2.16533e-07)
(-9.32517e-08 1.2539e-11 2.26335e-07)
(-9.20098e-08 2.63263e-11 2.23451e-07)
(-9.49033e-08 1.54669e-11 2.22265e-07)
(-9.5734e-08 1.13349e-11 2.32102e-07)
(-9.44886e-08 2.38604e-11 2.2921e-07)
(-9.73889e-08 1.40188e-11 2.28016e-07)
(-9.82232e-08 1.01872e-11 2.37886e-07)
(-9.69748e-08 2.15069e-11 2.34987e-07)
(-9.98812e-08 1.26361e-11 2.33785e-07)
(-1.00718e-07 9.09644e-12 2.43685e-07)
(-9.94673e-08 1.92666e-11 2.40779e-07)
(-1.02379e-07 1.13193e-11 2.3957e-07)
(-1.03218e-07 8.06307e-12 2.49497e-07)
(-1.01965e-07 1.71406e-11 2.46585e-07)
(-1.04882e-07 1.00692e-11 2.4537e-07)
(-1.05722e-07 7.08767e-12 2.55321e-07)
(-1.04467e-07 1.51297e-11 2.52403e-07)
(-1.07388e-07 8.88652e-12 2.51184e-07)
(-1.08229e-07 6.17087e-12 2.61155e-07)
(-1.06973e-07 1.32354e-11 2.58233e-07)
(-1.09897e-07 7.77218e-12 2.57009e-07)
(-1.10738e-07 5.31341e-12 2.66998e-07)
(-1.09482e-07 1.14588e-11 2.64072e-07)
(-1.12409e-07 6.72712e-12 2.62844e-07)
(-1.13249e-07 4.51614e-12 2.72849e-07)
(-1.11992e-07 9.80158e-12 2.6992e-07)
(-1.14922e-07 5.75239e-12 2.68688e-07)
(-1.1576e-07 3.78003e-12 2.78706e-07)
(-1.14503e-07 8.26554e-12 2.75775e-07)
(-1.17435e-07 4.8492e-12 2.74539e-07)
(-1.18272e-07 3.10618e-12 2.84569e-07)
(-1.17015e-07 6.85272e-12 2.81635e-07)
(-1.19949e-07 4.01891e-12 2.80397e-07)
(-1.20784e-07 2.49575e-12 2.90435e-07)
(-1.19527e-07 5.56539e-12 2.875e-07)
(-1.22462e-07 3.26306e-12 2.86259e-07)
(-1.23295e-07 1.94984e-12 2.96305e-07)
(-1.22039e-07 4.40591e-12 2.93369e-07)
(-1.24974e-07 2.58321e-12 2.92126e-07)
(-1.25804e-07 1.4692e-12 3.02177e-07)
(-1.24549e-07 3.37638e-12 2.9924e-07)
(-1.27485e-07 1.98085e-12 2.97996e-07)
(-1.28312e-07 1.05365e-12 3.0805e-07)
(-1.27058e-07 2.47786e-12 3.05113e-07)
(-1.29994e-07 1.4569e-12 3.03868e-07)
(-1.30819e-07 7.01203e-13 3.13924e-07)
(-1.29566e-07 1.70905e-12 3.10987e-07)
(-1.32502e-07 1.01104e-12 3.0974e-07)
(-1.33323e-07 4.06813e-13 3.19797e-07)
(-1.32071e-07 1.0639e-12 3.16861e-07)
(-1.35007e-07 6.40397e-13 3.15614e-07)
(-1.35826e-07 1.61213e-13 3.2567e-07)
(-1.34575e-07 5.28641e-13 3.22734e-07)
(-1.3751e-07 3.38121e-13 3.21487e-07)
(-1.38326e-07 -5.06325e-14 3.31541e-07)
(-1.37076e-07 7.91026e-14 3.28606e-07)
(-1.40011e-07 9.18495e-14 3.27359e-07)
(-1.40825e-07 -2.46223e-13 3.37411e-07)
(-1.39576e-07 -3.24139e-13 3.34477e-07)
(-1.4251e-07 -1.17951e-13 3.33229e-07)
(-1.42073e-07 -7.19976e-13 3.40346e-07)
(-1.45008e-07 -3.11697e-13 3.39098e-07)
(-3.88628e-10 2.2836e-10 3.17832e-10)
(-1.64172e-10 2.16433e-10 1.31363e-10)
(-2.52749e-10 1.70429e-10 3.49968e-10)
(-9.22651e-10 3.54909e-10 6.67118e-10)
(-6.67568e-10 4.35046e-10 4.18763e-10)
(-8.21338e-10 3.64251e-10 6.79433e-10)
(-1.45821e-09 4.1885e-10 1.13182e-09)
(-1.20766e-09 5.40032e-10 7.88496e-10)
(-1.44199e-09 4.6033e-10 1.01568e-09)
(-1.99715e-09 4.4755e-10 1.77273e-09)
(-1.73722e-09 5.88709e-10 1.32873e-09)
(-2.0706e-09 5.04495e-10 1.53371e-09)
(-2.54876e-09 4.56147e-10 2.59967e-09)
(-2.27248e-09 6.06204e-10 2.06002e-09)
(-2.70966e-09 5.20082e-10 2.24973e-09)
(-3.11811e-09 4.53869e-10 3.60693e-09)
(-2.8249e-09 6.06577e-10 2.97716e-09)
(-3.36467e-09 5.20338e-10 3.15099e-09)
(-3.70899e-09 4.4608e-10 4.78768e-09)
(-3.39854e-09 5.98082e-10 4.07226e-09)
(-4.03784e-09 5.12847e-10 4.22783e-09)
(-4.32484e-09 4.35722e-10 6.13632e-09)
(-3.99666e-09 5.85271e-10 5.33863e-09)
(-4.7319e-09 5.01734e-10 5.47358e-09)
(-4.96896e-09 4.24367e-10 7.64828e-09)
(-4.62246e-09 5.70628e-10 6.77097e-09)
(-5.45009e-09 4.89182e-10 6.88324e-09)
(-5.64447e-09 4.12811e-10 9.31962e-09)
(-5.27897e-09 5.5545e-10 8.36487e-09)
(-6.19567e-09 4.76288e-10 8.45268e-09)
(-6.35425e-09 4.01416e-10 1.11468e-08)
(-5.96898e-09 5.40353e-10 1.01165e-08)
(-6.97173e-09 4.63548e-10 1.01783e-08)
(-7.10091e-09 3.90313e-10 1.31265e-08)
(-6.6951e-09 5.25586e-10 1.20224e-08)
(-7.7811e-09 4.51141e-10 1.20567e-08)
(-7.88684e-09 3.7952e-10 1.52555e-08)
(-7.45969e-09 5.11211e-10 1.40793e-08)
(-8.62637e-09 4.39092e-10 1.40849e-08)
(-8.71415e-09 3.69006e-10 1.75306e-08)
(-8.26493e-09 4.97204e-10 1.62839e-08)
(-9.50982e-09 4.27363e-10 1.62597e-08)
(-9.58469e-09 3.58728e-10 1.99486e-08)
(-9.11272e-09 4.83513e-10 1.8633e-08)
(-1.04335e-08 4.15896e-10 1.85781e-08)
(-1.05001e-08 3.48642e-10 2.25062e-08)
(-1.00048e-08 4.70084e-10 2.11235e-08)
(-1.13992e-08 4.04639e-10 2.10369e-08)
(-1.14618e-08 3.38715e-10 2.52004e-08)
(-1.09426e-08 4.56869e-10 2.37521e-08)
(-1.24083e-08 3.93547e-10 2.36332e-08)
(-1.2471e-08 3.28922e-10 2.80278e-08)
(-1.19274e-08 4.43835e-10 2.65155e-08)
(-1.34624e-08 3.82589e-10 2.63637e-08)
(-1.35286e-08 3.19248e-10 3.09851e-08)
(-1.29604e-08 4.30958e-10 2.94105e-08)
(-1.45624e-08 3.71746e-10 2.92253e-08)
(-1.46354e-08 3.09685e-10 3.40692e-08)
(-1.40423e-08 4.18225e-10 3.24338e-08)
(-1.57092e-08 3.61006e-10 3.22149e-08)
(-1.57921e-08 3.00227e-10 3.72766e-08)
(-1.51738e-08 4.05629e-10 3.55822e-08)
(-1.69036e-08 3.50365e-10 3.53292e-08)
(-1.69991e-08 2.90875e-10 4.06041e-08)
(-1.63555e-08 3.9317e-10 3.88523e-08)
(-1.81461e-08 3.39823e-10 3.85651e-08)
(-1.82565e-08 2.81631e-10 4.40484e-08)
(-1.75878e-08 3.80848e-10 4.22409e-08)
(-1.9437e-08 3.29382e-10 4.19194e-08)
(-1.95646e-08 2.72497e-10 4.76064e-08)
(-1.88706e-08 3.68666e-10 4.57446e-08)
(-2.07766e-08 3.19047e-10 4.53889e-08)
(-2.09233e-08 2.63476e-10 5.12746e-08)
(-2.02042e-08 3.56631e-10 4.93602e-08)
(-2.21649e-08 3.08821e-10 4.89704e-08)
(-2.23323e-08 2.54573e-10 5.50499e-08)
(-2.15884e-08 3.44747e-10 5.30846e-08)
(-2.36018e-08 2.9871e-10 5.26607e-08)
(-2.37914e-08 2.45792e-10 5.89291e-08)
(-2.30228e-08 3.33019e-10 5.69144e-08)
(-2.50871e-08 2.8872e-10 5.64568e-08)
(-2.53002e-08 2.37136e-10 6.2909e-08)
(-2.45072e-08 3.21452e-10 6.08464e-08)
(-2.66205e-08 2.78854e-10 6.03555e-08)
(-2.6858e-08 2.28608e-10 6.69865e-08)
(-2.6041e-08 3.1005e-10 6.48775e-08)
(-2.82014e-08 2.69119e-10 6.43536e-08)
(-2.84642e-08 2.20212e-10 7.11584e-08)
(-2.76236e-08 2.98819e-10 6.90047e-08)
(-2.98293e-08 2.59517e-10 6.84481e-08)
(-3.0118e-08 2.1195e-10 7.54216e-08)
(-2.92543e-08 2.87762e-10 7.32246e-08)
(-3.15035e-08 2.50053e-10 7.2636e-08)
(-3.18186e-08 2.03825e-10 7.97731e-08)
(-3.09322e-08 2.76883e-10 7.75344e-08)
(-3.32232e-08 2.40731e-10 7.69143e-08)
(-3.3565e-08 1.95839e-10 8.42099e-08)
(-3.26565e-08 2.66185e-10 8.19308e-08)
(-3.49875e-08 2.31554e-10 8.12799e-08)
(-3.53562e-08 1.87995e-10 8.8729e-08)
(-3.44261e-08 2.55672e-10 8.64111e-08)
(-3.67955e-08 2.22525e-10 8.57298e-08)
(-3.7191e-08 1.80295e-10 9.33275e-08)
(-3.62399e-08 2.45345e-10 9.09721e-08)
(-3.86461e-08 2.13647e-10 9.02613e-08)
(-3.90683e-08 1.72739e-10 9.80024e-08)
(-3.80969e-08 2.35208e-10 9.5611e-08)
(-4.05382e-08 2.04923e-10 9.48713e-08)
(-4.09869e-08 1.6533e-10 1.02751e-07)
(-3.99958e-08 2.25262e-10 1.00325e-07)
(-4.24707e-08 1.96354e-10 9.9557e-08)
(-4.29454e-08 1.58069e-10 1.0757e-07)
(-4.19353e-08 2.15511e-10 1.05111e-07)
(-4.44423e-08 1.87944e-10 1.04316e-07)
(-4.49426e-08 1.50957e-10 1.12457e-07)
(-4.39142e-08 2.05954e-10 1.09966e-07)
(-4.64518e-08 1.79694e-10 1.09144e-07)
(-4.69771e-08 1.43996e-10 1.1741e-07)
(-4.5931e-08 1.96596e-10 1.14888e-07)
(-4.84978e-08 1.71606e-10 1.14041e-07)
(-4.90474e-08 1.37187e-10 1.22425e-07)
(-4.79844e-08 1.87436e-10 1.19874e-07)
(-5.0579e-08 1.63682e-10 1.19001e-07)
(-5.11522e-08 1.3053e-10 1.275e-07)
(-5.0073e-08 1.78477e-10 1.24921e-07)
(-5.26939e-08 1.55924e-10 1.24024e-07)
(-5.32899e-08 1.24026e-10 1.32632e-07)
(-5.21953e-08 1.69719e-10 1.30026e-07)
(-5.48412e-08 1.48333e-10 1.29107e-07)
(-5.54591e-08 1.17677e-10 1.37819e-07)
(-5.43499e-08 1.61165e-10 1.35188e-07)
(-5.70194e-08 1.40911e-10 1.34246e-07)
(-5.76583e-08 1.11482e-10 1.43058e-07)
(-5.65351e-08 1.52814e-10 1.40403e-07)
(-5.92271e-08 1.3366e-10 1.39439e-07)
(-5.9886e-08 1.05444e-10 1.48347e-07)
(-5.87496e-08 1.44669e-10 1.45668e-07)
(-6.14628e-08 1.2658e-10 1.44684e-07)
(-6.21407e-08 9.95614e-11 1.53683e-07)
(-6.09919e-08 1.36731e-10 1.50983e-07)
(-6.3725e-08 1.19674e-10 1.49979e-07)
(-6.44208e-08 9.38364e-11 1.59064e-07)
(-6.32604e-08 1.28999e-10 1.56343e-07)
(-6.60123e-08 1.12942e-10 1.5532e-07)
(-6.6725e-08 8.82692e-11 1.64487e-07)
(-6.55536e-08 1.21477e-10 1.61747e-07)
(-6.83231e-08 1.06386e-10 1.60706e-07)
(-6.90516e-08 8.28605e-11 1.69951e-07)
(-6.78701e-08 1.14163e-10 1.67192e-07)
(-7.06561e-08 1.00007e-10 1.66134e-07)
(-7.13993e-08 7.7611e-11 1.75452e-07)
(-7.02083e-08 1.0706e-10 1.72676e-07)
(-7.30098e-08 9.38069e-11 1.71602e-07)
(-7.37666e-08 7.25212e-11 1.8099e-07)
(-7.25668e-08 1.00168e-10 1.78197e-07)
(-7.53827e-08 8.77863e-11 1.77108e-07)
(-7.6152e-08 6.75919e-11 1.86561e-07)
(-7.49441e-08 9.34885e-11 1.83753e-07)
(-7.77734e-08 8.19468e-11 1.82649e-07)
(-7.85541e-08 6.28239e-11 1.92163e-07)
(-7.73389e-08 8.70224e-11 1.89341e-07)
(-8.01806e-08 7.62898e-11 1.88223e-07)
(-8.09717e-08 5.82179e-11 1.97795e-07)
(-7.97497e-08 8.07707e-11 1.9496e-07)
(-8.26029e-08 7.08167e-11 1.93829e-07)
(-8.34032e-08 5.37747e-11 2.03454e-07)
(-8.21752e-08 7.47347e-11 2.00607e-07)
(-8.5039e-08 6.5529e-11 1.99464e-07)
(-8.58475e-08 4.94952e-11 2.09139e-07)
(-8.46141e-08 6.89154e-11 2.0628e-07)
(-8.74875e-08 6.04281e-11 2.05126e-07)
(-8.83033e-08 4.53803e-11 2.14847e-07)
(-8.7065e-08 6.33143e-11 2.11978e-07)
(-8.99473e-08 5.55156e-11 2.10814e-07)
(-9.07693e-08 4.14309e-11 2.20577e-07)
(-8.95268e-08 5.79325e-11 2.17698e-07)
(-9.2417e-08 5.07932e-11 2.16524e-07)
(-9.32443e-08 3.76482e-11 2.26327e-07)
(-9.19981e-08 5.27716e-11 2.23439e-07)
(-9.48956e-08 4.62626e-11 2.22256e-07)
(-9.57273e-08 3.40333e-11 2.32095e-07)
(-9.44779e-08 4.78332e-11 2.292e-07)
(-9.73819e-08 4.19255e-11 2.28008e-07)
(-9.82171e-08 3.05874e-11 2.3788e-07)
(-9.69651e-08 4.31188e-11 2.34977e-07)
(-9.98749e-08 3.77839e-11 2.33778e-07)
(-1.00713e-07 2.7312e-11 2.43679e-07)
(-9.94586e-08 3.86303e-11 2.4077e-07)
(-1.02373e-07 3.38398e-11 2.39564e-07)
(-1.03213e-07 2.42085e-11 2.49492e-07)
(-1.01957e-07 3.43696e-11 2.46577e-07)
(-1.04877e-07 3.00954e-11 2.45365e-07)
(-1.05717e-07 2.12786e-11 2.55316e-07)
(-1.0446e-07 3.0339e-11 2.52397e-07)
(-1.07384e-07 2.65529e-11 2.51179e-07)
(-1.08225e-07 1.85244e-11 2.61151e-07)
(-1.06967e-07 2.65409e-11 2.58227e-07)
(-1.09893e-07 2.32151e-11 2.57004e-07)
(-1.10735e-07 1.59479e-11 2.66995e-07)
(-1.09476e-07 2.2978e-11 2.64067e-07)
(-1.12405e-07 2.00846e-11 2.6284e-07)
(-1.13246e-07 1.35518e-11 2.72846e-07)
(-1.11987e-07 1.96534e-11 2.69916e-07)
(-1.14919e-07 1.71647e-11 2.68684e-07)
(-1.15758e-07 1.13388e-11 2.78704e-07)
(-1.14499e-07 1.65706e-11 2.75771e-07)
(-1.17432e-07 1.4459e-11 2.74536e-07)
(-1.1827e-07 9.3122e-12 2.84567e-07)
(-1.17012e-07 1.37336e-11 2.81632e-07)
(-1.19946e-07 1.19714e-11 2.80394e-07)
(-1.20782e-07 7.4755e-12 2.90434e-07)
(-1.19524e-07 1.11469e-11 2.87497e-07)
(-1.2246e-07 9.70652e-12 2.86257e-07)
(-1.23293e-07 5.83205e-12 2.96304e-07)
(-1.22036e-07 8.81525e-12 2.93367e-07)
(-1.24973e-07 7.66902e-12 2.92125e-07)
(-1.25803e-07 4.3843e-12 3.02176e-07)
(-1.24547e-07 6.74286e-12 2.99238e-07)
(-1.27484e-07 5.86347e-12 2.97995e-07)
(-1.28312e-07 3.13222e-12 3.08049e-07)
(-1.27057e-07 4.93241e-12 3.05112e-07)
(-1.29993e-07 4.29308e-12 3.03867e-07)
(-1.30818e-07 2.07054e-12 3.13923e-07)
(-1.29565e-07 3.38226e-12 3.10986e-07)
(-1.32501e-07 2.95762e-12 3.0974e-07)
(-1.33323e-07 1.1846e-12 3.19797e-07)
(-1.32071e-07 2.08168e-12 3.1686e-07)
(-1.35007e-07 1.84971e-12 3.15613e-07)
(-1.35826e-07 4.45753e-13 3.2567e-07)
(-1.34574e-07 1.00351e-12 3.22733e-07)
(-1.3751e-07 9.49636e-13 3.21486e-07)
(-1.38326e-07 -1.94662e-13 3.31541e-07)
(-1.37076e-07 9.65985e-14 3.28606e-07)
(-1.40011e-07 2.19811e-13 3.27358e-07)
(-1.40824e-07 -7.98562e-13 3.37411e-07)
(-1.39575e-07 -7.2727e-13 3.34477e-07)
(-1.4251e-07 -4.01807e-13 3.33229e-07)
(-1.42073e-07 -1.57838e-12 3.40346e-07)
(-1.45008e-07 -9.8828e-13 3.39098e-07)
(-4.21893e-10 4.21366e-10 2.31866e-10)
(-2.40654e-10 4.18353e-10 5.63858e-11)
(-2.64251e-10 3.31708e-10 2.654e-10)
(-9.61022e-10 6.18814e-10 5.38038e-10)
(-7.42957e-10 7.17225e-10 2.66119e-10)
(-8.59032e-10 6.47152e-10 5.34837e-10)
(-1.48394e-09 7.09082e-10 9.83339e-10)
(-1.25412e-09 8.31651e-10 6.03223e-10)
(-1.47648e-09 7.86078e-10 8.55909e-10)
(-2.00648e-09 7.46663e-10 1.61445e-09)
(-1.75639e-09 8.83482e-10 1.12924e-09)
(-2.08951e-09 8.448e-10 1.36842e-09)
(-2.54246e-09 7.55894e-10 2.43628e-09)
(-2.26881e-09 9.01078e-10 1.85433e-09)
(-2.71176e-09 8.63061e-10 2.08106e-09)
(-3.09841e-09 7.50056e-10 3.44159e-09)
(-2.80257e-09 8.98528e-10 2.76988e-09)
(-3.3518e-09 8.60162e-10 2.98125e-09)
(-3.67843e-09 7.36568e-10 4.62261e-09)
(-3.36156e-09 8.85156e-10 3.8662e-09)
(-4.01259e-09 8.46562e-10 4.05898e-09)
(-4.28573e-09 7.19509e-10 5.97295e-09)
(-3.94846e-09 8.6641e-10 5.13544e-09)
(-4.69682e-09 8.27973e-10 5.30691e-09)
(-4.92321e-09 7.01083e-10 7.48749e-09)
(-4.56575e-09 8.45344e-10 6.57156e-09)
(-5.40738e-09 8.07456e-10 6.7195e-09)
(-5.59357e-09 6.82405e-10 9.16194e-09)
(-5.21576e-09 8.23569e-10 8.16973e-09)
(-6.14707e-09 7.86539e-10 8.29229e-09)
(-6.29934e-09 6.63976e-10 1.09926e-08)
(-5.90077e-09 8.01858e-10 9.92589e-09)
(-6.91858e-09 7.65894e-10 1.00215e-08)
(-7.04287e-09 6.45975e-10 1.29759e-08)
(-6.62296e-09 7.80527e-10 1.18364e-08)
(-7.72441e-09 7.45752e-10 1.19036e-08)
(-7.82631e-09 6.28423e-10 1.51086e-08)
(-7.38444e-09 7.59663e-10 1.3898e-08)
(-8.56688e-09 7.26135e-10 1.39356e-08)
(-8.65163e-09 6.11274e-10 1.73874e-08)
(-8.18716e-09 7.39246e-10 1.61073e-08)
(-9.44811e-09 7.06982e-10 1.61142e-08)
(-9.52058e-09 5.94466e-10 1.98093e-08)
(-9.03291e-09 7.19218e-10 1.84612e-08)
(-1.037e-08 6.88209e-10 1.84364e-08)
(-1.04347e-08 5.77941e-10 2.23708e-08)
(-9.92333e-09 6.99517e-10 2.09565e-08)
(-1.13342e-08 6.69738e-10 2.08992e-08)
(-1.13955e-08 5.6165e-10 2.50688e-08)
(-1.08598e-08 6.80091e-10 2.35898e-08)
(-1.23423e-08 6.51507e-10 2.34993e-08)
(-1.24039e-08 5.45561e-10 2.79001e-08)
(-1.18436e-08 6.609e-10 2.6358e-08)
(-1.33955e-08 6.33476e-10 2.62337e-08)
(-1.3461e-08 5.29653e-10 3.08613e-08)
(-1.28758e-08 6.4192e-10 2.92577e-08)
(-1.44948e-08 6.15617e-10 2.90992e-08)
(-1.45675e-08 5.13916e-10 3.39491e-08)
(-1.39572e-08 6.23135e-10 3.22858e-08)
(-1.56412e-08 5.97918e-10 3.20926e-08)
(-1.5724e-08 4.98345e-10 3.71603e-08)
(-1.50885e-08 6.0454e-10 3.54388e-08)
(-1.68354e-08 5.80373e-10 3.52107e-08)
(-1.6931e-08 4.8294e-10 4.04916e-08)
(-1.62702e-08 5.86135e-10 3.87136e-08)
(-1.80778e-08 5.62985e-10 3.84504e-08)
(-1.81886e-08 4.67706e-10 4.39396e-08)
(-1.75026e-08 5.67923e-10 4.21067e-08)
(-1.93689e-08 5.45757e-10 4.18084e-08)
(-1.94971e-08 4.52647e-10 4.75012e-08)
(-1.87859e-08 5.49912e-10 4.56149e-08)
(-2.07087e-08 5.28699e-10 4.52816e-08)
(-2.08562e-08 4.3777e-10 5.1173e-08)
(-2.012e-08 5.32108e-10 4.9235e-08)
(-2.20975e-08 5.11817e-10 4.88667e-08)
(-2.22659e-08 4.23081e-10 5.49519e-08)
(-2.15049e-08 5.14519e-10 5.29638e-08)
(-2.35349e-08 4.95121e-10 5.25607e-08)
(-2.37258e-08 4.08587e-10 5.88346e-08)
(-2.29403e-08 4.97154e-10 5.67979e-08)
(-2.5021e-08 4.78619e-10 5.63603e-08)
(-2.52355e-08 3.94294e-10 6.28179e-08)
(-2.44257e-08 4.80018e-10 6.07342e-08)
(-2.65551e-08 4.62319e-10 6.02624e-08)
(-2.67943e-08 3.80207e-10 6.68988e-08)
(-2.59607e-08 4.63121e-10 6.47695e-08)
(-2.8137e-08 4.4623e-10 6.4264e-08)
(-2.84016e-08 3.66332e-10 7.1074e-08)
(-2.75446e-08 4.46467e-10 6.89007e-08)
(-2.97659e-08 4.30358e-10 6.83619e-08)
(-3.00566e-08 3.52674e-10 7.53404e-08)
(-2.91767e-08 4.30064e-10 7.31247e-08)
(-3.14413e-08 4.14711e-10 7.25531e-08)
(-3.17584e-08 3.39236e-10 7.96952e-08)
(-3.08562e-08 4.13918e-10 7.74383e-08)
(-3.31622e-08 3.99294e-10 7.68345e-08)
(-3.35062e-08 3.26024e-10 8.41351e-08)
(-3.25821e-08 3.98032e-10 8.18387e-08)
(-3.49278e-08 3.84112e-10 8.12033e-08)
(-3.52988e-08 3.1304e-10 8.86572e-08)
(-3.43535e-08 3.82413e-10 8.63227e-08)
(-3.67372e-08 3.69172e-10 8.56563e-08)
(-3.71351e-08 3.00288e-10 9.32587e-08)
(-3.61691e-08 3.67064e-10 9.08874e-08)
(-3.85893e-08 3.54479e-10 9.01908e-08)
(-3.90139e-08 2.87771e-10 9.79365e-08)
(-3.8028e-08 3.51989e-10 9.55299e-08)
(-4.0483e-08 3.40035e-10 9.48037e-08)
(-4.09341e-08 2.75492e-10 1.02688e-07)
(-3.99289e-08 3.37193e-10 1.00247e-07)
(-4.2417e-08 3.25847e-10 9.94924e-08)
(-4.28943e-08 2.63454e-10 1.0751e-07)
(-4.18704e-08 3.22678e-10 1.05037e-07)
(-4.43903e-08 3.11917e-10 1.04254e-07)
(-4.48932e-08 2.51659e-10 1.124e-07)
(-4.38513e-08 3.08448e-10 1.09895e-07)
(-4.64014e-08 2.9825e-10 1.09085e-07)
(-4.69293e-08 2.40108e-10 1.17355e-07)
(-4.58703e-08 2.94505e-10 1.14821e-07)
(-4.84491e-08 2.84849e-10 1.13984e-07)
(-4.90014e-08 2.28805e-10 1.22373e-07)
(-4.79259e-08 2.80853e-10 1.1981e-07)
(-5.05319e-08 2.71716e-10 1.18948e-07)
(-5.11079e-08 2.1775e-10 1.2745e-07)
(-5.00166e-08 2.67493e-10 1.2486e-07)
(-5.26486e-08 2.58856e-10 1.23973e-07)
(-5.32473e-08 2.06946e-10 1.32585e-07)
(-5.21411e-08 2.54428e-10 1.29968e-07)
(-5.47977e-08 2.4627e-10 1.29058e-07)
(-5.54183e-08 1.96395e-10 1.37774e-07)
(-5.42978e-08 2.41661e-10 1.35133e-07)
(-5.69776e-08 2.33962e-10 1.34199e-07)
(-5.76193e-08 1.86097e-10 1.43015e-07)
(-5.64853e-08 2.29193e-10 1.4035e-07)
(-5.91871e-08 2.21934e-10 1.39395e-07)
(-5.98487e-08 1.76054e-10 1.48306e-07)
(-5.8702e-08 2.17027e-10 1.45619e-07)
(-6.14245e-08 2.10189e-10 1.44643e-07)
(-6.21051e-08 1.66268e-10 1.53645e-07)
(-6.09464e-08 2.05163e-10 1.50936e-07)
(-6.36885e-08 1.98729e-10 1.49939e-07)
(-6.43871e-08 1.5674e-10 1.59028e-07)
(-6.32171e-08 1.93605e-10 1.56299e-07)
(-6.59776e-08 1.87557e-10 1.55283e-07)
(-6.66929e-08 1.47471e-10 1.64453e-07)
(-6.55125e-08 1.82354e-10 1.61705e-07)
(-6.82902e-08 1.76674e-10 1.60671e-07)
(-6.90213e-08 1.38463e-10 1.69919e-07)
(-6.78311e-08 1.71412e-10 1.67153e-07)
(-7.06249e-08 1.66084e-10 1.66101e-07)
(-7.13707e-08 1.29717e-10 1.75423e-07)
(-7.01714e-08 1.6078e-10 1.7264e-07)
(-7.29803e-08 1.55788e-10 1.71571e-07)
(-7.37396e-08 1.21234e-10 1.80962e-07)
(-7.2532e-08 1.50461e-10 1.78163e-07)
(-7.53549e-08 1.4579e-10 1.77079e-07)
(-7.61267e-08 1.13016e-10 1.86535e-07)
(-7.49115e-08 1.40456e-10 1.83721e-07)
(-7.77473e-08 1.36091e-10 1.82622e-07)
(-7.85305e-08 1.05065e-10 1.92139e-07)
(-7.73083e-08 1.30767e-10 1.89312e-07)
(-8.01561e-08 1.26693e-10 1.88198e-07)
(-8.09496e-08 9.73806e-11 1.97773e-07)
(-7.97211e-08 1.21396e-10 1.94932e-07)
(-8.258e-08 1.176e-10 1.93806e-07)
(-8.33827e-08 8.9966e-11 2.03434e-07)
(-8.21485e-08 1.12346e-10 2.00581e-07)
(-8.50176e-08 1.08813e-10 1.99443e-07)
(-8.58285e-08 8.28222e-11 2.0912e-07)
(-8.45893e-08 1.03617e-10 2.06257e-07)
(-8.74677e-08 1.00336e-10 2.05106e-07)
(-8.82857e-08 7.59511e-11 2.1483e-07)
(-8.70421e-08 9.52125e-11 2.11957e-07)
(-8.99289e-08 9.21712e-11 2.10795e-07)
(-9.07531e-08 6.93545e-11 2.20561e-07)
(-8.95056e-08 8.71348e-11 2.17679e-07)
(-9.24001e-08 8.43214e-11 2.16508e-07)
(-9.32295e-08 6.30342e-11 2.26313e-07)
(-9.19787e-08 7.93861e-11 2.23422e-07)
(-9.48801e-08 7.67896e-11 2.22241e-07)
(-9.57137e-08 5.69925e-11 2.32082e-07)
(-9.44602e-08 7.1969e-11 2.29184e-07)
(-9.73678e-08 6.95789e-11 2.27995e-07)
(-9.82048e-08 5.12316e-11 2.37868e-07)
(-9.6949e-08 6.48862e-11 2.34963e-07)
(-9.9862e-08 6.26927e-11 2.33766e-07)
(-1.00702e-07 4.57538e-11 2.43669e-07)
(-9.9444e-08 5.81407e-11 2.40757e-07)
(-1.02362e-07 5.61343e-11 2.39553e-07)
(-1.03203e-07 4.05619e-11 2.49482e-07)
(-1.01944e-07 5.17357e-11 2.46566e-07)
(-1.04866e-07 4.99075e-11 2.45355e-07)
(-1.05709e-07 3.56587e-11 2.55308e-07)
(-1.04449e-07 4.56744e-11 2.52387e-07)
(-1.07374e-07 4.40163e-11 2.5117e-07)
(-1.08217e-07 3.10476e-11 2.61144e-07)
(-1.06957e-07 3.99608e-11 2.58218e-07)
(-1.09885e-07 3.84649e-11 2.56997e-07)
(-1.10728e-07 2.67322e-11 2.66988e-07)
(-1.09467e-07 3.45988e-11 2.6406e-07)
(-1.12398e-07 3.32581e-11 2.62833e-07)
(-1.1324e-07 2.27165e-11 2.72841e-07)
(-1.11979e-07 2.95933e-11 2.69909e-07)
(-1.14912e-07 2.8401e-11 2.68679e-07)
(-1.15753e-07 1.90054e-11 2.78699e-07)
(-1.14493e-07 2.49492e-11 2.75765e-07)
(-1.17427e-07 2.38993e-11 2.74531e-07)
(-1.18266e-07 1.5604e-11 2.84563e-07)
(-1.17006e-07 2.06724e-11 2.81627e-07)
(-1.19942e-07 1.97598e-11 2.8039e-07)
(-1.20779e-07 1.25179e-11 2.9043e-07)
(-1.1952e-07 1.67694e-11 2.87494e-07)
(-1.22456e-07 1.59894e-11 2.86254e-07)
(-1.23291e-07 9.75296e-12 2.96301e-07)
(-1.22033e-07 1.32468e-11 2.93364e-07)
(-1.2497e-07 1.25961e-11 2.92122e-07)
(-1.25801e-07 7.31356e-12 3.02174e-07)
(-1.24544e-07 1.01113e-11 2.99236e-07)
(-1.27481e-07 9.58763e-12 2.97992e-07)
(-1.2831e-07 5.20079e-12 3.08048e-07)
(-1.27055e-07 7.36734e-12 3.0511e-07)
(-1.29992e-07 6.97011e-12 3.03865e-07)
(-1.30817e-07 3.40764e-12 3.13922e-07)
(-1.29563e-07 5.01453e-12 3.10985e-07)
(-1.325e-07 4.74523e-12 3.09738e-07)
(-1.33322e-07 1.91089e-12 3.19796e-07)
(-1.3207e-07 3.04018e-12 3.16859e-07)
(-1.35006e-07 2.90408e-12 3.15612e-07)
(-1.35825e-07 6.60776e-13 3.25669e-07)
(-1.34574e-07 1.40634e-12 3.22733e-07)
(-1.37509e-07 1.41704e-12 3.21486e-07)
(-1.38326e-07 -4.31988e-13 3.31541e-07)
(-1.37076e-07 3.26997e-14 3.28605e-07)
(-1.40011e-07 2.21953e-13 3.27358e-07)
(-1.40824e-07 -1.50583e-12 3.37411e-07)
(-1.39575e-07 -1.23503e-12 3.34476e-07)
(-1.4251e-07 -7.90989e-13 3.33229e-07)
(-1.42073e-07 -2.66863e-12 3.40346e-07)
(-1.45007e-07 -1.78972e-12 3.39098e-07)
(-5.41019e-10 7.08639e-10 8.5809e-11)
(-3.96323e-10 6.1585e-10 1.44644e-10)
(-1.04219e-09 9.29135e-10 3.28336e-10)
(-9.69085e-10 1.01877e-09 3.18961e-10)
(-1.52291e-09 1.00335e-09 7.47286e-10)
(-1.53713e-09 1.13082e-09 6.10191e-10)
(-2.01254e-09 1.03506e-09 1.36796e-09)
(-2.11139e-09 1.17744e-09 1.11284e-09)
(-2.52263e-09 1.0411e-09 2.18725e-09)
(-2.70374e-09 1.19132e-09 1.82407e-09)
(-3.05876e-09 1.03126e-09 3.19418e-09)
(-3.32059e-09 1.18381e-09 2.72713e-09)
(-3.62391e-09 1.01284e-09 4.37902e-09)
(-3.96393e-09 1.16446e-09 3.80975e-09)
(-4.22016e-09 9.9026e-10 5.73427e-09)
(-4.6353e-09 1.13947e-09 5.06346e-09)
(-4.84937e-09 9.65987e-10 7.25422e-09)
(-5.33636e-09 1.11224e-09 6.4821e-09)
(-5.51346e-09 9.41293e-10 8.93427e-09)
(-6.06893e-09 1.08448e-09 8.06095e-09)
(-6.21436e-09 9.16774e-10 1.07705e-08)
(-6.83499e-09 1.05694e-09 9.7961e-09)
(-6.95402e-09 8.92659e-10 1.27595e-08)
(-7.63656e-09 1.0299e-09 1.16842e-08)
(-7.73434e-09 8.68999e-10 1.48979e-08)
(-8.47561e-09 1.00339e-09 1.37219e-08)
(-8.55711e-09 8.45766e-10 1.71825e-08)
(-9.35406e-09 9.7737e-10 1.59063e-08)
(-9.42399e-09 8.22904e-10 1.961e-08)
(-1.02737e-08 9.51751e-10 1.82343e-08)
(-1.03365e-08 8.00359e-10 2.21772e-08)
(-1.12361e-08 9.26461e-10 2.07028e-08)
(-1.12959e-08 7.78087e-10 2.48809e-08)
(-1.22427e-08 9.01444e-10 2.33086e-08)
(-1.23033e-08 7.56056e-10 2.77178e-08)
(-1.32947e-08 8.76659e-10 2.60487e-08)
(-1.33596e-08 7.34248e-10 3.06845e-08)
(-1.43932e-08 8.52084e-10 2.89199e-08)
(-1.44657e-08 7.12655e-10 3.3778e-08)
(-1.55391e-08 8.27707e-10 3.19189e-08)
(-1.56221e-08 6.91274e-10 3.69947e-08)
(-1.67329e-08 8.03529e-10 3.50426e-08)
(-1.68292e-08 6.70108e-10 4.03314e-08)
(-1.79754e-08 7.79555e-10 3.82878e-08)
(-1.80872e-08 6.49165e-10 4.37848e-08)
(-1.92667e-08 7.55794e-10 4.16513e-08)
(-1.93962e-08 6.28452e-10 4.73517e-08)
(-2.0607e-08 7.32257e-10 4.51299e-08)
(-2.07562e-08 6.07979e-10 5.10288e-08)
(-2.19964e-08 7.08957e-10 4.87204e-08)
(-2.21669e-08 5.87754e-10 5.48128e-08)
(-2.34348e-08 6.85905e-10 5.24196e-08)
(-2.36279e-08 5.67786e-10 5.87006e-08)
(-2.49219e-08 6.63115e-10 5.62243e-08)
(-2.51389e-08 5.48084e-10 6.26889e-08)
(-2.64574e-08 6.40597e-10 6.01315e-08)
(-2.66992e-08 5.28657e-10 6.67746e-08)
(-2.80407e-08 6.18363e-10 6.4138e-08)
(-2.83082e-08 5.09512e-10 7.09546e-08)
(-2.96713e-08 5.96423e-10 6.82408e-08)
(-2.9965e-08 4.90655e-10 7.52258e-08)
(-3.13483e-08 5.74787e-10 7.24367e-08)
(-3.16688e-08 4.72093e-10 7.95851e-08)
(-3.30711e-08 5.53463e-10 7.67228e-08)
(-3.34186e-08 4.53833e-10 8.40296e-08)
(-3.48388e-08 5.32459e-10 8.10961e-08)
(-3.52133e-08 4.35879e-10 8.85561e-08)
(-3.66503e-08 5.11784e-10 8.55537e-08)
(-3.70518e-08 4.18236e-10 9.31619e-08)
(-3.85045e-08 4.91444e-10 9.00925e-08)
(-3.8933e-08 4.0091e-10 9.78439e-08)
(-4.04005e-08 4.71445e-10 9.47097e-08)
(-4.08555e-08 3.83905e-10 1.02599e-07)
(-4.23369e-08 4.51795e-10 9.94025e-08)
(-4.28182e-08 3.67224e-10 1.07425e-07)
(-4.43125e-08 4.32499e-10 1.04168e-07)
(-4.48195e-08 3.50871e-10 1.12319e-07)
(-4.63261e-08 4.13561e-10 1.09004e-07)
(-4.68582e-08 3.3485e-10 1.17278e-07)
(-4.83763e-08 3.94988e-10 1.13906e-07)
(-4.89328e-08 3.19164e-10 1.223e-07)
(-5.04618e-08 3.76784e-10 1.18874e-07)
(-5.10419e-08 3.03816e-10 1.27381e-07)
(-5.2581e-08 3.58953e-10 1.23903e-07)
(-5.3184e-08 2.88809e-10 1.32519e-07)
(-5.47327e-08 3.415e-10 1.28991e-07)
(-5.53576e-08 2.74146e-10 1.37712e-07)
(-5.69153e-08 3.24428e-10 1.34136e-07)
(-5.75612e-08 2.59828e-10 1.42956e-07)
(-5.91274e-08 3.07743e-10 1.39335e-07)
(-5.97932e-08 2.45859e-10 1.48251e-07)
(-6.13675e-08 2.91446e-10 1.44586e-07)
(-6.20523e-08 2.32241e-10 1.53592e-07)
(-6.36341e-08 2.75543e-10 1.49886e-07)
(-6.43368e-08 2.18976e-10 1.58978e-07)
(-6.59257e-08 2.60037e-10 1.55233e-07)
(-6.66452e-08 2.06067e-10 1.64407e-07)
(-6.82409e-08 2.4493e-10 1.60624e-07)
(-6.89762e-08 1.93516e-10 1.69876e-07)
(-7.05782e-08 2.30228e-10 1.66057e-07)
(-7.13281e-08 1.81325e-10 1.75382e-07)
(-7.29361e-08 2.15933e-10 1.7153e-07)
(-7.36995e-08 1.69497e-10 1.80924e-07)
(-7.53132e-08 2.02049e-10 1.7704e-07)
(-7.6089e-08 1.58033e-10 1.86499e-07)
(-7.77081e-08 1.88578e-10 1.82586e-07)
(-7.84951e-08 1.46937e-10 1.92106e-07)
(-8.01194e-08 1.75526e-10 1.88165e-07)
(-8.09166e-08 1.36211e-10 1.97742e-07)
(-8.25457e-08 1.62896e-10 1.93775e-07)
(-8.3352e-08 1.25856e-10 2.03406e-07)
(-8.49856e-08 1.50691e-10 1.99414e-07)
(-8.58e-08 1.15877e-10 2.09094e-07)
(-8.74379e-08 1.38915e-10 2.0508e-07)
(-8.82594e-08 1.06276e-10 2.14807e-07)
(-8.99014e-08 1.27573e-10 2.10771e-07)
(-9.07289e-08 9.70555e-11 2.2054e-07)
(-9.23747e-08 1.16668e-10 2.16486e-07)
(-9.32073e-08 8.82187e-11 2.26294e-07)
(-9.48568e-08 1.06205e-10 2.22222e-07)
(-9.56935e-08 7.97689e-11 2.32065e-07)
(-9.73465e-08 9.61887e-11 2.27977e-07)
(-9.81865e-08 7.17095e-11 2.37853e-07)
(-9.98426e-08 8.66235e-11 2.3375e-07)
(-1.00685e-07 6.40441e-11 2.43655e-07)
(-1.02344e-07 7.75144e-11 2.39539e-07)
(-1.03189e-07 5.67769e-11 2.4947e-07)
(-1.0485e-07 6.88669e-11 2.45343e-07)
(-1.05696e-07 4.9912e-11 2.55297e-07)
(-1.0736e-07 6.06865e-11 2.51159e-07)
(-1.08206e-07 4.34541e-11 2.61135e-07)
(-1.09873e-07 5.29793e-11 2.56987e-07)
(-1.10718e-07 3.74083e-11 2.66981e-07)
(-1.12387e-07 4.57519e-11 2.62825e-07)
(-1.13231e-07 3.17802e-11 2.72834e-07)
(-1.14903e-07 3.90112e-11 2.68672e-07)
(-1.15746e-07 2.65763e-11 2.78694e-07)
(-1.17419e-07 3.27651e-11 2.74526e-07)
(-1.1826e-07 2.18035e-11 2.84558e-07)
(-1.19935e-07 2.70222e-11 2.80386e-07)
(-1.20774e-07 1.74693e-11 2.90427e-07)
(-1.22451e-07 2.17922e-11 2.86251e-07)
(-1.23287e-07 1.35813e-11 2.96299e-07)
(-1.24965e-07 1.70853e-11 2.92119e-07)
(-1.25798e-07 1.01461e-11 3.02172e-07)
(-1.27478e-07 1.29121e-11 2.9799e-07)
(-1.28308e-07 7.16671e-12 3.08047e-07)
(-1.29989e-07 9.28214e-12 3.03864e-07)
(-1.30816e-07 4.63673e-12 3.13921e-07)
(-1.32498e-07 6.20096e-12 3.09738e-07)
(-1.33321e-07 2.52866e-12 3.19796e-07)
(-1.35005e-07 3.66325e-12 3.15612e-07)
(-1.35825e-07 7.7419e-13 3.25669e-07)
(-1.37509e-07 1.63903e-12 3.21485e-07)
(-1.38325e-07 -7.73168e-13 3.31541e-07)
(-1.4001e-07 5.19026e-14 3.27358e-07)
(-1.40824e-07 -2.39604e-12 3.37411e-07)
(-1.4251e-07 -1.26892e-12 3.33229e-07)
(-1.45007e-07 -2.65577e-12 3.39098e-07)
(-8.083e-10 -9.27236e-10 3.69751e-10)
(-4.22125e-10 -5.4975e-10 3.45935e-10)
(-1.47315e-09 -1.22065e-09 6.00539e-10)
(-1.08817e-09 -9.4878e-10 5.91809e-10)
(-2.12464e-09 -1.30436e-09 9.74014e-10)
(-1.76182e-09 -1.08725e-09 8.63804e-10)
(-2.79926e-09 -1.33313e-09 1.56597e-09)
(-2.44698e-09 -1.14097e-09 1.3512e-09)
(-3.4984e-09 -1.33351e-09 2.35983e-09)
(-3.14957e-09 -1.15537e-09 2.04846e-09)
(-4.22221e-09 -1.31656e-09 3.3374e-09)
(-3.87318e-09 -1.14736e-09 2.9346e-09)
(-4.97149e-09 -1.29068e-09 4.48783e-09)
(-4.61879e-09 -1.12764e-09 3.99722e-09)
(-5.74743e-09 -1.26106e-09 5.80399e-09)
(-5.38795e-09 -1.10266e-09 5.22841e-09)
(-6.55161e-09 -1.23037e-09 7.28072e-09)
(-6.18269e-09 -1.07586e-09 6.62248e-09)
(-7.38593e-09 -1.19979e-09 8.91395e-09)
(-7.00533e-09 -1.04886e-09 8.17503e-09)
(-8.25241e-09 -1.16974e-09 1.07002e-08)
(-7.85822e-09 -1.02231e-09 9.88237e-09)
(-9.15314e-09 -1.14032e-09 1.26365e-08)
(-8.74371e-09 -9.96385e-10 1.17413e-08)
(-1.00901e-08 -1.11146e-09 1.47197e-08)
(-9.664e-09 -9.71064e-10 1.37487e-08)
(-1.10652e-08 -1.08306e-09 1.6947e-08)
(-1.06212e-08 -9.46249e-10 1.59016e-08)
(-1.20801e-08 -1.05503e-09 1.93155e-08)
(-1.16171e-08 -9.21833e-10 1.81973e-08)
(-1.31364e-08 -1.02727e-09 2.18222e-08)
(-1.26534e-08 -8.97724e-10 2.06326e-08)
(-1.42355e-08 -9.99756e-10 2.4464e-08)
(-1.37317e-08 -8.73857e-10 2.32046e-08)
(-1.53784e-08 -9.72437e-10 2.7238e-08)
(-1.48531e-08 -8.50187e-10 2.59103e-08)
(-1.65663e-08 -9.45304e-10 3.01411e-08)
(-1.60187e-08 -8.26691e-10 2.87466e-08)
(-1.77998e-08 -9.18354e-10 3.31701e-08)
(-1.72295e-08 -8.03359e-10 3.17106e-08)
(-1.90796e-08 -8.91594e-10 3.63221e-08)
(-1.84862e-08 -7.80192e-10 3.4799e-08)
(-2.04061e-08 -8.65035e-10 3.95938e-08)
(-1.97893e-08 -7.57195e-10 3.80087e-08)
(-2.17796e-08 -8.3869e-10 4.29822e-08)
(-2.11391e-08 -7.34381e-10 4.13367e-08)
(-2.32003e-08 -8.12576e-10 4.64841e-08)
(-2.25359e-08 -7.11761e-10 4.47799e-08)
(-2.4668e-08 -7.86708e-10 5.00965e-08)
(-2.39798e-08 -6.89348e-10 4.83351e-08)
(-2.61828e-08 -7.61101e-10 5.38163e-08)
(-2.54706e-08 -6.67156e-10 5.19993e-08)
(-2.77443e-08 -7.35771e-10 5.76404e-08)
(-2.70082e-08 -6.45198e-10 5.57694e-08)
(-2.9352e-08 -7.1073e-10 6.15657e-08)
(-2.85922e-08 -6.23486e-10 5.96422e-08)
(-3.10056e-08 -6.85993e-10 6.55892e-08)
(-3.02221e-08 -6.02031e-10 6.36149e-08)
(-3.27042e-08 -6.61571e-10 6.97078e-08)
(-3.18975e-08 -5.80845e-10 6.76842e-08)
(-3.44473e-08 -6.37476e-10 7.39187e-08)
(-3.36176e-08 -5.59937e-10 7.18474e-08)
(-3.6234e-08 -6.13719e-10 7.82189e-08)
(-3.53816e-08 -5.39317e-10 7.61013e-08)
(-3.80633e-08 -5.90309e-10 8.26053e-08)
(-3.71887e-08 -5.18993e-10 8.0443e-08)
(-3.99344e-08 -5.67255e-10 8.70752e-08)
(-3.9038e-08 -4.98973e-10 8.48696e-08)
(-4.18462e-08 -5.44567e-10 9.16256e-08)
(-4.09284e-08 -4.79266e-10 8.93783e-08)
(-4.37974e-08 -5.22251e-10 9.62537e-08)
(-4.28589e-08 -4.59878e-10 9.39661e-08)
(-4.5787e-08 -5.00317e-10 1.00957e-07)
(-4.48283e-08 -4.40815e-10 9.86303e-08)
(-4.78137e-08 -4.78771e-10 1.05732e-07)
(-4.68353e-08 -4.22084e-10 1.03368e-07)
(-4.98763e-08 -4.57619e-10 1.10576e-07)
(-4.88789e-08 -4.03691e-10 1.08177e-07)
(-5.19733e-08 -4.36868e-10 1.15487e-07)
(-5.09576e-08 -3.85642e-10 1.13053e-07)
(-5.41035e-08 -4.16525e-10 1.20463e-07)
(-5.30701e-08 -3.6794e-10 1.17995e-07)
(-5.62655e-08 -3.96594e-10 1.25499e-07)
(-5.5215e-08 -3.50592e-10 1.23e-07)
(-5.84578e-08 -3.77081e-10 1.30595e-07)
(-5.7391e-08 -3.33603e-10 1.28065e-07)
(-6.06791e-08 -3.57992e-10 1.35746e-07)
(-5.95967e-08 -3.16976e-10 1.33187e-07)
(-6.29278e-08 -3.39332e-10 1.40952e-07)
(-6.18306e-08 -3.00716e-10 1.38365e-07)
(-6.52026e-08 -3.21106e-10 1.46208e-07)
(-6.40912e-08 -2.84828e-10 1.43595e-07)
(-6.7502e-08 -3.03318e-10 1.51514e-07)
(-6.63771e-08 -2.69315e-10 1.48875e-07)
(-6.98245e-08 -2.85973e-10 1.56866e-07)
(-6.86869e-08 -2.54183e-10 1.54203e-07)
(-7.21687e-08 -2.69077e-10 1.62262e-07)
(-7.10192e-08 -2.39433e-10 1.59576e-07)
(-7.45332e-08 -2.52633e-10 1.677e-07)
(-7.33724e-08 -2.25072e-10 1.64992e-07)
(-7.69165e-08 -2.36647e-10 1.73177e-07)
(-7.57452e-08 -2.11102e-10 1.70449e-07)
(-7.93173e-08 -2.21123e-10 1.78691e-07)
(-7.81362e-08 -1.97529e-10 1.75944e-07)
(-8.17341e-08 -2.06066e-10 1.84241e-07)
(-8.05439e-08 -1.84355e-10 1.81475e-07)
(-8.41657e-08 -1.91481e-10 1.89824e-07)
(-8.2967e-08 -1.71585e-10 1.8704e-07)
(-8.66107e-08 -1.77374e-10 1.95437e-07)
(-8.54043e-08 -1.59223e-10 1.92638e-07)
(-8.90677e-08 -1.63748e-10 2.01079e-07)
(-8.78543e-08 -1.47274e-10 1.98265e-07)
(-9.15357e-08 -1.5061e-10 2.06748e-07)
(-9.03158e-08 -1.35742e-10 2.0392e-07)
(-9.40133e-08 -1.37965e-10 2.12442e-07)
(-9.27877e-08 -1.24632e-10 2.09601e-07)
(-9.64994e-08 -1.25819e-10 2.18159e-07)
(-9.52686e-08 -1.13948e-10 2.15306e-07)
(-9.89929e-08 -1.14177e-10 2.23897e-07)
(-9.77575e-08 -1.03695e-10 2.21032e-07)
(-1.01493e-07 -1.03046e-10 2.29654e-07)
(-1.00253e-07 -9.38782e-11 2.2678e-07)
(-1.03998e-07 -9.24311e-11 2.35429e-07)
(-1.02755e-07 -8.45031e-11 2.32545e-07)
(-1.06507e-07 -8.234e-11 2.4122e-07)
(-1.05261e-07 -7.55751e-11 2.38328e-07)
(-1.0902e-07 -7.27794e-11 2.47025e-07)
(-1.07772e-07 -6.71001e-11 2.44125e-07)
(-1.11535e-07 -6.37568e-11 2.52843e-07)
(-1.10285e-07 -5.90841e-11 2.49937e-07)
(-1.14052e-07 -5.52799e-11 2.58673e-07)
(-1.128e-07 -5.15338e-11 2.5576e-07)
(-1.16571e-07 -4.73574e-11 2.64512e-07)
(-1.15317e-07 -4.44562e-11 2.61594e-07)
(-1.19089e-07 -3.99985e-11 2.70359e-07)
(-1.17835e-07 -3.78589e-11 2.67437e-07)
(-1.21607e-07 -3.32132e-11 2.76214e-07)
(-1.20353e-07 -3.17504e-11 2.73287e-07)
(-1.24125e-07 -2.70129e-11 2.82074e-07)
(-1.2287e-07 -2.614e-11 2.79145e-07)
(-1.26641e-07 -2.14099e-11 2.87939e-07)
(-1.25386e-07 -2.10381e-11 2.85007e-07)
(-1.29156e-07 -1.64175e-11 2.93808e-07)
(-1.27901e-07 -1.6456e-11 2.90874e-07)
(-1.31668e-07 -1.20493e-11 2.99679e-07)
(-1.30414e-07 -1.24056e-11 2.96744e-07)
(-1.34179e-07 -8.31732e-12 3.05552e-07)
(-1.32925e-07 -8.89806e-12 3.02616e-07)
(-1.36686e-07 -5.22819e-12 3.11426e-07)
(-1.35434e-07 -5.94113e-12 3.0849e-07)
(-1.39192e-07 -2.77414e-12 3.173e-07)
(-1.3794e-07 -3.53347e-12 3.14363e-07)
(-1.41695e-07 -9.17098e-13 3.23173e-07)
(-1.40444e-07 -1.65353e-12 3.20237e-07)
(-1.44195e-07 4.43611e-13 3.29045e-07)
(-1.42945e-07 -2.42651e-13 3.26109e-07)
(-1.46693e-07 1.52847e-12 3.34916e-07)
(-1.45444e-07 8.23673e-13 3.31981e-07)
(-1.47942e-07 1.77888e-12 3.37851e-07)
(-6.80758e-10 -5.58714e-10 5.63308e-10)
(-3.51168e-10 -2.8882e-10 4.69469e-10)
(-1.38376e-09 -8.15307e-10 8.51526e-10)
(-1.01156e-09 -5.78452e-10 7.97714e-10)
(-2.08075e-09 -9.21787e-10 1.23851e-09)
(-1.71222e-09 -7.07375e-10 1.0836e-09)
(-2.79115e-09 -9.61002e-10 1.83168e-09)
(-2.42519e-09 -7.61197e-10 1.57261e-09)
(-3.51793e-09 -9.67115e-10 2.62176e-09)
(-3.15187e-09 -7.77587e-10 2.26879e-09)
(-4.26267e-09 -9.56469e-10 3.5934e-09)
(-3.89514e-09 -7.74583e-10 3.15181e-09)
(-5.02743e-09 -9.37786e-10 4.73714e-09)
(-4.65605e-09 -7.61971e-10 4.21003e-09)
(-5.8147e-09 -9.15754e-10 6.04651e-09)
(-5.43678e-09 -7.4505e-10 5.43623e-09)
(-6.62725e-09 -8.92758e-10 7.51663e-09)
(-6.24022e-09 -7.26589e-10 6.82515e-09)
(-7.46787e-09 -8.69882e-10 9.14351e-09)
(-7.06942e-09 -7.07917e-10 8.37257e-09)
(-8.33921e-09 -8.47529e-10 1.09237e-08)
(-7.92735e-09 -6.8959e-10 1.00749e-08)
(-9.24377e-09 -8.25776e-10 1.28539e-08)
(-8.81676e-09 -6.71769e-10 1.19288e-08)
(-1.01838e-08 -8.04564e-10 1.49313e-08)
(-9.74017e-09 -6.54443e-10 1.39314e-08)
(-1.11614e-08 -7.8379e-10 1.71528e-08)
(-1.06998e-08 -6.37534e-10 1.60795e-08)
(-1.21784e-08 -7.63356e-10 1.95155e-08)
(-1.16978e-08 -6.20953e-10 1.83703e-08)
(-1.32364e-08 -7.43184e-10 2.20164e-08)
(-1.27358e-08 -6.04623e-10 2.08008e-08)
(-1.43368e-08 -7.23217e-10 2.46525e-08)
(-1.38153e-08 -5.88486e-10 2.3368e-08)
(-1.54807e-08 -7.0342e-10 2.74208e-08)
(-1.49377e-08 -5.72503e-10 2.60689e-08)
(-1.66692e-08 -6.83773e-10 3.03181e-08)
(-1.61041e-08 -5.56652e-10 2.89005e-08)
(-1.79031e-08 -6.64271e-10 3.33416e-08)
(-1.73154e-08 -5.4092e-10 3.18596e-08)
(-1.9183e-08 -6.44913e-10 3.64879e-08)
(-1.85723e-08 -5.25307e-10 3.49433e-08)
(-2.05094e-08 -6.25705e-10 3.97541e-08)
(-1.98754e-08 -5.09813e-10 3.81484e-08)
(-2.18825e-08 -6.06658e-10 4.31371e-08)
(-2.12251e-08 -4.94445e-10 4.14718e-08)
(-2.33026e-08 -5.8778e-10 4.66336e-08)
(-2.26215e-08 -4.79211e-10 4.49104e-08)
(-2.47696e-08 -5.69083e-10 5.02408e-08)
(-2.40648e-08 -4.64119e-10 4.84612e-08)
(-2.62833e-08 -5.50578e-10 5.39553e-08)
(-2.55549e-08 -4.49177e-10 5.21209e-08)
(-2.78436e-08 -5.32275e-10 5.77743e-08)
(-2.70915e-08 -4.34396e-10 5.58866e-08)
(-2.945e-08 -5.14184e-10 6.16945e-08)
(-2.86745e-08 -4.19782e-10 5.97552e-08)
(-3.11019e-08 -4.96314e-10 6.57131e-08)
(-3.03032e-08 -4.05343e-10 6.37237e-08)
(-3.27989e-08 -4.78674e-10 6.9827e-08)
(-3.19772e-08 -3.91086e-10 6.77889e-08)
(-3.45402e-08 -4.61272e-10 7.40331e-08)
(-3.36958e-08 -3.77019e-10 7.1948e-08)
(-3.63249e-08 -4.44115e-10 7.83286e-08)
(-3.54583e-08 -3.63146e-10 7.6198e-08)
(-3.81522e-08 -4.27211e-10 8.27106e-08)
(-3.72638e-08 -3.49474e-10 8.05358e-08)
(-4.00211e-08 -4.10564e-10 8.7176e-08)
(-3.91113e-08 -3.36009e-10 8.49587e-08)
(-4.19306e-08 -3.94183e-10 9.17221e-08)
(-4.09999e-08 -3.22754e-10 8.94636e-08)
(-4.38795e-08 -3.78072e-10 9.63459e-08)
(-4.29284e-08 -3.09715e-10 9.40478e-08)
(-4.58667e-08 -3.62236e-10 1.01045e-07)
(-4.48958e-08 -2.96895e-10 9.87085e-08)
(-4.7891e-08 -3.46681e-10 1.05816e-07)
(-4.69009e-08 -2.843e-10 1.03443e-07)
(-4.9951e-08 -3.31411e-10 1.10656e-07)
(-4.89424e-08 -2.71932e-10 1.08248e-07)
(-5.20455e-08 -3.1643e-10 1.15564e-07)
(-5.10189e-08 -2.59796e-10 1.13121e-07)
(-5.41731e-08 -3.01743e-10 1.20535e-07)
(-5.31293e-08 -2.47895e-10 1.1806e-07)
(-5.63325e-08 -2.87355e-10 1.25568e-07)
(-5.52721e-08 -2.36231e-10 1.23062e-07)
(-5.85222e-08 -2.73267e-10 1.3066e-07)
(-5.74459e-08 -2.24809e-10 1.28123e-07)
(-6.07408e-08 -2.59486e-10 1.35808e-07)
(-5.96493e-08 -2.13631e-10 1.33243e-07)
(-6.29869e-08 -2.46013e-10 1.4101e-07)
(-6.1881e-08 -2.02699e-10 1.38418e-07)
(-6.5259e-08 -2.32853e-10 1.46264e-07)
(-6.41394e-08 -1.92018e-10 1.43645e-07)
(-6.75558e-08 -2.20008e-10 1.51566e-07)
(-6.64231e-08 -1.81589e-10 1.48922e-07)
(-6.98756e-08 -2.07483e-10 1.56915e-07)
(-6.87307e-08 -1.71415e-10 1.54247e-07)
(-7.22173e-08 -1.95281e-10 1.62308e-07)
(-7.10608e-08 -1.61499e-10 1.59618e-07)
(-7.45792e-08 -1.83405e-10 1.67743e-07)
(-7.34118e-08 -1.51844e-10 1.65031e-07)
(-7.69599e-08 -1.71858e-10 1.73217e-07)
(-7.57825e-08 -1.42452e-10 1.70485e-07)
(-7.93582e-08 -1.60643e-10 1.78729e-07)
(-7.81713e-08 -1.33325e-10 1.75978e-07)
(-8.17726e-08 -1.49765e-10 1.84276e-07)
(-8.0577e-08 -1.24467e-10 1.81507e-07)
(-8.42017e-08 -1.39227e-10 1.89856e-07)
(-8.29981e-08 -1.1588e-10 1.8707e-07)
(-8.66443e-08 -1.29032e-10 1.95467e-07)
(-8.54333e-08 -1.07567e-10 1.92665e-07)
(-8.90991e-08 -1.19184e-10 2.01107e-07)
(-8.78814e-08 -9.9531e-11 1.9829e-07)
(-9.15648e-08 -1.09686e-10 2.06773e-07)
(-9.0341e-08 -9.17746e-11 2.03943e-07)
(-9.40402e-08 -1.00543e-10 2.12465e-07)
(-9.2811e-08 -8.4301e-11 2.09622e-07)
(-9.65242e-08 -9.17581e-11 2.1818e-07)
(-9.52901e-08 -7.71133e-11 2.15325e-07)
(-9.90156e-08 -8.33362e-11 2.23916e-07)
(-9.77772e-08 -7.02146e-11 2.2105e-07)
(-1.01513e-07 -7.52812e-11 2.29671e-07)
(-1.00271e-07 -6.36084e-11 2.26796e-07)
(-1.04017e-07 -6.75976e-11 2.35444e-07)
(-1.02771e-07 -5.72981e-11 2.3256e-07)
(-1.06524e-07 -6.02903e-11 2.41234e-07)
(-1.05276e-07 -5.12874e-11 2.38341e-07)
(-1.09035e-07 -5.33642e-11 2.47037e-07)
(-1.07785e-07 -4.55802e-11 2.44137e-07)
(-1.11549e-07 -4.68247e-11 2.52854e-07)
(-1.10297e-07 -4.01806e-11 2.49947e-07)
(-1.14064e-07 -4.06775e-11 2.58681e-07)
(-1.12811e-07 -3.50929e-11 2.55769e-07)
(-1.16581e-07 -3.49288e-11 2.64519e-07)
(-1.15327e-07 -3.03221e-11 2.61601e-07)
(-1.19098e-07 -2.95855e-11 2.70365e-07)
(-1.17843e-07 -2.58733e-11 2.67443e-07)
(-1.21615e-07 -2.46553e-11 2.76219e-07)
(-1.2036e-07 -2.17523e-11 2.73293e-07)
(-1.24131e-07 -2.01466e-11 2.82078e-07)
(-1.22876e-07 -1.79657e-11 2.79149e-07)
(-1.26646e-07 -1.60689e-11 2.87942e-07)
(-1.25391e-07 -1.45208e-11 2.85011e-07)
(-1.2916e-07 -1.24318e-11 2.9381e-07)
(-1.27905e-07 -1.14253e-11 2.90877e-07)
(-1.31671e-07 -9.24501e-12 2.99681e-07)
(-1.30417e-07 -8.68733e-12 2.96746e-07)
(-1.34181e-07 -6.51521e-12 3.05553e-07)
(-1.32927e-07 -6.31357e-12 3.02618e-07)
(-1.36688e-07 -4.24218e-12 3.11427e-07)
(-1.35435e-07 -4.30708e-12 3.08491e-07)
(-1.39193e-07 -2.41062e-12 3.173e-07)
(-1.37941e-07 -2.66221e-12 3.14364e-07)
(-1.41695e-07 -9.78509e-13 3.23173e-07)
(-1.40445e-07 -1.3568e-12 3.20237e-07)
(-1.44195e-07 1.36844e-13 3.29045e-07)
(-1.42946e-07 -3.42464e-13 3.2611e-07)
(-1.46694e-07 1.07477e-12 3.34916e-07)
(-1.45445e-07 4.6619e-13 3.31981e-07)
(-1.47942e-07 1.19935e-12 3.37851e-07)
(-6.63361e-10 -3.06478e-10 7.06066e-10)
(-3.54067e-10 -1.27072e-10 5.47899e-10)
(-1.34997e-09 -4.70195e-10 1.02748e-09)
(-9.91009e-10 -2.744e-10 9.25666e-10)
(-2.05359e-09 -5.46066e-10 1.41499e-09)
(-1.68909e-09 -3.46819e-10 1.21519e-09)
(-2.77942e-09 -5.76967e-10 2.00713e-09)
(-2.41091e-09 -3.79081e-10 1.70328e-09)
(-3.52236e-09 -5.84172e-10 2.79659e-09)
(-3.14916e-09 -3.89984e-10 2.39975e-09)
(-4.28112e-09 -5.79209e-10 3.76656e-09)
(-3.90346e-09 -3.89685e-10 3.28249e-09)
(-5.05724e-09 -5.68399e-10 4.90757e-09)
(-4.67379e-09 -3.83826e-10 4.33939e-09)
(-5.85342e-09 -5.55098e-10 6.21362e-09)
(-5.46212e-09 -3.75444e-10 5.56355e-09)
(-6.67285e-09 -5.41013e-10 7.68013e-09)
(-6.27154e-09 -3.6612e-10 6.95002e-09)
(-7.51876e-09 -5.26941e-10 9.30327e-09)
(-7.10538e-09 -3.56624e-10 8.49479e-09)
(-8.3942e-09 -5.13192e-10 1.10796e-08)
(-7.9669e-09 -3.47287e-10 1.01943e-08)
(-9.30195e-09 -4.99841e-10 1.30061e-08)
(-8.8591e-09 -3.38216e-10 1.20455e-08)
(-1.02445e-08 -4.86859e-10 1.50796e-08)
(-9.78471e-09 -3.29414e-10 1.40451e-08)
(-1.12241e-08 -4.7418e-10 1.72973e-08)
(-1.07461e-08 -3.20841e-10 1.61904e-08)
(-1.22427e-08 -4.61737e-10 1.96561e-08)
(-1.17454e-08 -3.1245e-10 1.84782e-08)
(-1.3302e-08 -4.49475e-10 2.21531e-08)
(-1.27845e-08 -3.04199e-10 2.09058e-08)
(-1.44033e-08 -4.37354e-10 2.47853e-08)
(-1.38649e-08 -2.96055e-10 2.34701e-08)
(-1.5548e-08 -4.25347e-10 2.75497e-08)
(-1.4988e-08 -2.87996e-10 2.61681e-08)
(-1.67371e-08 -4.1344e-10 3.04433e-08)
(-1.61549e-08 -2.80007e-10 2.89968e-08)
(-1.79713e-08 -4.01626e-10 3.34629e-08)
(-1.73665e-08 -2.72083e-10 3.19531e-08)
(-1.92514e-08 -3.89903e-10 3.66054e-08)
(-1.86236e-08 -2.6422e-10 3.50339e-08)
(-2.05777e-08 -3.78274e-10 3.98679e-08)
(-1.99268e-08 -2.56419e-10 3.82361e-08)
(-2.19507e-08 -3.66744e-10 4.32471e-08)
(-2.12763e-08 -2.48683e-10 4.15567e-08)
(-2.33704e-08 -3.55319e-10 4.674e-08)
(-2.26726e-08 -2.41015e-10 4.49925e-08)
(-2.48368e-08 -3.44006e-10 5.03435e-08)
(-2.41155e-08 -2.3342e-10 4.85405e-08)
(-2.635e-08 -3.3281e-10 5.40545e-08)
(-2.56052e-08 -2.25901e-10 5.21976e-08)
(-2.79095e-08 -3.21738e-10 5.78699e-08)
(-2.71413e-08 -2.18464e-10 5.59606e-08)
(-2.95149e-08 -3.10795e-10 6.17868e-08)
(-2.87236e-08 -2.11111e-10 5.98266e-08)
(-3.11659e-08 -2.99988e-10 6.5802e-08)
(-3.03517e-08 -2.03848e-10 6.37925e-08)
(-3.28618e-08 -2.89322e-10 6.99125e-08)
(-3.20249e-08 -1.96677e-10 6.78552e-08)
(-3.46019e-08 -2.788e-10 7.41154e-08)
(-3.37427e-08 -1.89601e-10 7.20118e-08)
(-3.63853e-08 -2.68428e-10 7.84077e-08)
(-3.55042e-08 -1.82625e-10 7.62593e-08)
(-3.82113e-08 -2.5821e-10 8.27865e-08)
(-3.73087e-08 -1.7575e-10 8.05948e-08)
(-4.00788e-08 -2.48149e-10 8.72489e-08)
(-3.91552e-08 -1.68979e-10 8.50153e-08)
(-4.19868e-08 -2.3825e-10 9.17919e-08)
(-4.10427e-08 -1.62314e-10 8.95179e-08)
(-4.39342e-08 -2.28514e-10 9.64129e-08)
(-4.29701e-08 -1.55759e-10 9.40999e-08)
(-4.59198e-08 -2.18946e-10 1.01109e-07)
(-4.49363e-08 -1.49314e-10 9.87583e-08)
(-4.79424e-08 -2.09549e-10 1.05877e-07)
(-4.69402e-08 -1.42983e-10 1.0349e-07)
(-5.00007e-08 -2.00324e-10 1.10715e-07)
(-4.89804e-08 -1.36767e-10 1.08294e-07)
(-5.20935e-08 -1.91275e-10 1.1562e-07)
(-5.10557e-08 -1.30667e-10 1.13165e-07)
(-5.42194e-08 -1.82405e-10 1.20589e-07)
(-5.31647e-08 -1.24685e-10 1.18102e-07)
(-5.6377e-08 -1.73715e-10 1.25619e-07)
(-5.53062e-08 -1.18823e-10 1.23101e-07)
(-5.85649e-08 -1.65207e-10 1.30708e-07)
(-5.74787e-08 -1.13083e-10 1.28161e-07)
(-6.07818e-08 -1.56885e-10 1.35854e-07)
(-5.96808e-08 -1.07466e-10 1.33279e-07)
(-6.30261e-08 -1.4875e-10 1.41054e-07)
(-6.19111e-08 -1.01973e-10 1.38452e-07)
(-6.52965e-08 -1.40804e-10 1.46305e-07)
(-6.41682e-08 -9.66057e-11 1.43677e-07)
(-6.75914e-08 -1.33049e-10 1.51605e-07)
(-6.64506e-08 -9.13655e-11 1.48953e-07)
(-6.99096e-08 -1.25487e-10 1.56952e-07)
(-6.87569e-08 -8.62537e-11 1.54276e-07)
(-7.22494e-08 -1.1812e-10 1.62342e-07)
(-7.10856e-08 -8.12715e-11 1.59645e-07)
(-7.46096e-08 -1.1095e-10 1.67775e-07)
(-7.34354e-08 -7.64203e-11 1.65057e-07)
(-7.69887e-08 -1.0398e-10 1.73248e-07)
(-7.58047e-08 -7.17014e-11 1.70509e-07)
(-7.93853e-08 -9.72099e-11 1.78757e-07)
(-7.81923e-08 -6.71161e-11 1.76001e-07)
(-8.1798e-08 -9.06433e-11 1.84302e-07)
(-8.05967e-08 -6.26656e-11 1.81528e-07)
(-8.42255e-08 -8.42817e-11 1.89881e-07)
(-8.30166e-08 -5.83515e-11 1.8709e-07)
(-8.66665e-08 -7.81274e-11 1.9549e-07)
(-8.54506e-08 -5.41749e-11 1.92684e-07)
(-8.91197e-08 -7.21823e-11 2.01128e-07)
(-8.78975e-08 -5.01374e-11 1.98307e-07)
(-9.15839e-08 -6.64489e-11 2.06793e-07)
(-9.03559e-08 -4.62403e-11 2.03959e-07)
(-9.40579e-08 -6.09292e-11 2.12483e-07)
(-9.28248e-08 -4.24852e-11 2.09637e-07)
(-9.65404e-08 -5.56258e-11 2.18196e-07)
(-9.53028e-08 -3.88736e-11 2.15338e-07)
(-9.90305e-08 -5.05409e-11 2.23931e-07)
(-9.77889e-08 -3.54071e-11 2.21062e-07)
(-1.01527e-07 -4.56773e-11 2.29685e-07)
(-1.00282e-07 -3.20873e-11 2.26807e-07)
(-1.04029e-07 -4.10376e-11 2.35457e-07)
(-1.02781e-07 -2.8916e-11 2.3257e-07)
(-1.06535e-07 -3.66245e-11 2.41244e-07)
(-1.05285e-07 -2.5895e-11 2.3835e-07)
(-1.09045e-07 -3.24411e-11 2.47047e-07)
(-1.07793e-07 -2.30262e-11 2.44145e-07)
(-1.11558e-07 -2.84906e-11 2.52862e-07)
(-1.10304e-07 -2.03117e-11 2.49954e-07)
(-1.14072e-07 -2.47765e-11 2.58689e-07)
(-1.12817e-07 -1.77537e-11 2.55775e-07)
(-1.16588e-07 -2.13025e-11 2.64525e-07)
(-1.15332e-07 -1.53546e-11 2.61607e-07)
(-1.19104e-07 -1.8073e-11 2.70371e-07)
(-1.17848e-07 -1.31171e-11 2.67448e-07)
(-1.2162e-07 -1.50926e-11 2.76223e-07)
(-1.20363e-07 -1.10442e-11 2.73297e-07)
(-1.24135e-07 -1.23666e-11 2.82082e-07)
(-1.22879e-07 -9.13919e-12 2.79152e-07)
(-1.26649e-07 -9.90077e-12 2.87945e-07)
(-1.25394e-07 -7.40581e-12 2.85014e-07)
(-1.29162e-07 -7.70105e-12 2.93813e-07)
(-1.27907e-07 -5.84803e-12 2.90879e-07)
(-1.31673e-07 -5.77276e-12 2.99683e-07)
(-1.30419e-07 -4.46977e-12 2.96748e-07)
(-1.34182e-07 -4.11889e-12 3.05555e-07)
(-1.32929e-07 -3.27407e-12 3.02619e-07)
(-1.36689e-07 -2.73711e-12 3.11428e-07)
(-1.35436e-07 -2.26162e-12 3.08492e-07)
(-1.39193e-07 -1.615e-12 3.17301e-07)
(-1.37942e-07 -1.42814e-12 3.14365e-07)
(-1.41696e-07 -7.23897e-13 3.23174e-07)
(-1.40445e-07 -7.60721e-13 3.20238e-07)
(-1.44196e-07 -1.28313e-14 3.29045e-07)
(-1.42946e-07 -2.33655e-13 3.2611e-07)
(-1.46694e-07 5.91425e-13 3.34916e-07)
(-1.45445e-07 1.95396e-13 3.31981e-07)
(-1.47942e-07 5.80103e-13 3.37851e-07)
(-6.63499e-10 -9.66679e-11 7.72172e-10)
(-3.57472e-10 3.64829e-19 5.72089e-10)
(-1.34151e-09 -1.52491e-10 1.11215e-09)
(-9.87577e-10 8.33371e-19 9.66857e-10)
(-2.04408e-09 -1.80053e-10 1.50115e-09)
(-1.68339e-09 1.18924e-18 1.25821e-09)
(-2.77421e-09 -1.91902e-10 2.09334e-09)
(-2.40673e-09 1.57085e-18 1.74618e-09)
(-3.52351e-09 -1.95122e-10 2.88323e-09)
(-3.14805e-09 1.99067e-18 2.44296e-09)
(-4.28867e-09 -1.93848e-10 3.85317e-09)
(-3.9057e-09 2.40981e-18 3.32591e-09)
(-5.0704e-09 -1.90393e-10 4.9935e-09)
(-4.67909e-09 2.79589e-18 4.38264e-09)
(-5.87122e-09 -1.8599e-10 6.29837e-09)
(-5.47e-09 3.16265e-18 5.60632e-09)
(-6.69434e-09 -1.8127e-10 7.76339e-09)
(-6.28149e-09 3.53089e-18 6.9921e-09)
(-7.54316e-09 -1.76531e-10 9.38485e-09)
(-7.11697e-09 3.87731e-18 8.53606e-09)
(-8.42086e-09 -1.71895e-10 1.11594e-08)
(-7.97977e-09 4.18253e-18 1.02347e-08)
(-9.33038e-09 -1.67394e-10 1.3084e-08)
(-8.87297e-09 4.45792e-18 1.20849e-08)
(-1.02743e-08 -1.63022e-10 1.51557e-08)
(-9.79935e-09 4.72315e-18 1.40837e-08)
(-1.1255e-08 -1.58758e-10 1.73714e-08)
(-1.07614e-08 4.98095e-18 1.6228e-08)
(-1.22745e-08 -1.54577e-10 1.97283e-08)
(-1.17612e-08 5.22145e-18 1.85149e-08)
(-1.33344e-08 -1.50461e-10 2.22233e-08)
(-1.28006e-08 5.46408e-18 2.09415e-08)
(-1.44363e-08 -1.46396e-10 2.48536e-08)
(-1.38813e-08 5.71025e-18 2.35048e-08)
(-1.55814e-08 -1.42371e-10 2.7616e-08)
(-1.50047e-08 5.92146e-18 2.62018e-08)
(-1.67707e-08 -1.3838e-10 3.05076e-08)
(-1.61717e-08 6.10051e-18 2.90295e-08)
(-1.80052e-08 -1.34422e-10 3.35253e-08)
(-1.73835e-08 6.25809e-18 3.19848e-08)
(-1.92853e-08 -1.30495e-10 3.66659e-08)
(-1.86406e-08 6.39328e-18 3.50646e-08)
(-2.06116e-08 -1.266e-10 3.99265e-08)
(-1.99438e-08 6.51455e-18 3.82659e-08)
(-2.19845e-08 -1.22739e-10 4.33038e-08)
(-2.12934e-08 6.60628e-18 4.15856e-08)
(-2.3404e-08 -1.18914e-10 4.67948e-08)
(-2.26895e-08 6.6545e-18 4.50205e-08)
(-2.48703e-08 -1.15125e-10 5.03965e-08)
(-2.41324e-08 6.69125e-18 4.85675e-08)
(-2.63831e-08 -1.11377e-10 5.41057e-08)
(-2.56219e-08 6.71692e-18 5.22237e-08)
(-2.79422e-08 -1.0767e-10 5.79193e-08)
(-2.71579e-08 6.73219e-18 5.59858e-08)
(-2.95473e-08 -1.04008e-10 6.18344e-08)
(-2.874e-08 6.70803e-18 5.98509e-08)
(-3.11978e-08 -1.0039e-10 6.58479e-08)
(-3.03678e-08 6.64589e-18 6.38159e-08)
(-3.28931e-08 -9.682e-11 6.99567e-08)
(-3.20408e-08 6.53203e-18 6.78778e-08)
(-3.46326e-08 -9.32987e-11 7.4158e-08)
(-3.37582e-08 6.38132e-18 7.20335e-08)
(-3.64154e-08 -8.98277e-11 7.84486e-08)
(-3.55195e-08 6.20556e-18 7.62802e-08)
(-3.82407e-08 -8.64083e-11 8.28258e-08)
(-3.73236e-08 6.06881e-18 8.06149e-08)
(-4.01075e-08 -8.30418e-11 8.72866e-08)
(-3.91697e-08 5.85377e-18 8.50346e-08)
(-4.20147e-08 -7.97294e-11 9.18282e-08)
(-4.10569e-08 5.54378e-18 8.95365e-08)
(-4.39613e-08 -7.64721e-11 9.64476e-08)
(-4.29839e-08 5.18682e-18 9.41177e-08)
(-4.59461e-08 -7.32711e-11 1.01142e-07)
(-4.49498e-08 4.77292e-18 9.87754e-08)
(-4.79679e-08 -7.01271e-11 1.05909e-07)
(-4.69532e-08 4.31733e-18 1.03507e-07)
(-5.00255e-08 -6.70413e-11 1.10745e-07)
(-4.8993e-08 3.82526e-18 1.08309e-07)
(-5.21174e-08 -6.40143e-11 1.15649e-07)
(-5.10679e-08 3.27216e-18 1.1318e-07)
(-5.42424e-08 -6.1047e-11 1.20616e-07)
(-5.31765e-08 2.66606e-18 1.18116e-07)
(-5.63991e-08 -5.81403e-11 1.25645e-07)
(-5.53175e-08 2.00428e-18 1.23115e-07)
(-5.85862e-08 -5.52948e-11 1.30733e-07)
(-5.74896e-08 1.28635e-18 1.28174e-07)
(-6.08021e-08 -5.25112e-11 1.35878e-07)
(-5.96913e-08 5.49778e-19 1.33291e-07)
(-6.30456e-08 -4.97903e-11 1.41076e-07)
(-6.19211e-08 -1.93036e-19 1.38463e-07)
(-6.53151e-08 -4.71327e-11 1.46326e-07)
(-6.41777e-08 -9.98203e-19 1.43688e-07)
(-6.76091e-08 -4.45391e-11 1.51625e-07)
(-6.64597e-08 -1.84942e-18 1.48963e-07)
(-6.99264e-08 -4.20102e-11 1.56971e-07)
(-6.87655e-08 -2.7232e-18 1.54286e-07)
(-7.22654e-08 -3.95466e-11 1.6236e-07)
(-7.10938e-08 -3.61988e-18 1.59654e-07)
(-7.46247e-08 -3.71489e-11 1.67792e-07)
(-7.34431e-08 -4.51856e-18 1.65066e-07)
(-7.70029e-08 -3.48178e-11 1.73264e-07)
(-7.58121e-08 -5.4216e-18 1.70518e-07)
(-7.93986e-08 -3.25539e-11 1.78772e-07)
(-7.81992e-08 -6.43204e-18 1.76008e-07)
(-8.18105e-08 -3.0358e-11 1.84316e-07)
(-8.06032e-08 -7.6646e-18 1.81535e-07)
(-8.42373e-08 -2.82306e-11 1.89894e-07)
(-8.30227e-08 -8.87007e-18 1.87097e-07)
(-8.66775e-08 -2.61726e-11 1.95502e-07)
(-8.54563e-08 -1.00135e-17 1.9269e-07)
(-8.91299e-08 -2.41845e-11 2.01139e-07)
(-8.79028e-08 -1.11464e-17 1.98313e-07)
(-9.15933e-08 -2.22671e-11 2.06803e-07)
(-9.03609e-08 -1.22731e-17 2.03964e-07)
(-9.40666e-08 -2.04212e-11 2.12493e-07)
(-9.28293e-08 -1.34383e-17 2.09642e-07)
(-9.65484e-08 -1.86476e-11 2.18205e-07)
(-9.5307e-08 -1.46263e-17 2.15343e-07)
(-9.90378e-08 -1.69471e-11 2.23939e-07)
(-9.77927e-08 -1.57914e-17 2.21067e-07)
(-1.01534e-07 -1.53204e-11 2.29692e-07)
(-1.00285e-07 -1.69263e-17 2.26811e-07)
(-1.04035e-07 -1.37686e-11 2.35463e-07)
(-1.02784e-07 -1.82159e-17 2.32573e-07)
(-1.06541e-07 -1.22924e-11 2.4125e-07)
(-1.05288e-07 -1.98478e-17 2.38353e-07)
(-1.0905e-07 -1.0893e-11 2.47052e-07)
(-1.07795e-07 -2.18157e-17 2.44148e-07)
(-1.11562e-07 -9.57147e-12 2.52867e-07)
(-1.10306e-07 -2.33073e-17 2.49956e-07)
(-1.14076e-07 -8.32885e-12 2.58693e-07)
(-1.12819e-07 -2.46373e-17 2.55777e-07)
(-1.16591e-07 -7.1665e-12 2.64529e-07)
(-1.15334e-07 -2.61667e-17 2.61609e-07)
(-1.19107e-07 -6.08582e-12 2.70374e-07)
(-1.17849e-07 -2.78149e-17 2.67449e-07)
(-1.21622e-07 -5.08843e-12 2.76226e-07)
(-1.20365e-07 -2.95432e-17 2.73298e-07)
(-1.24137e-07 -4.17611e-12 2.82084e-07)
(-1.2288e-07 -3.12684e-17 2.79154e-07)
(-1.26651e-07 -3.3508e-12 2.87947e-07)
(-1.25395e-07 -3.30986e-17 2.85015e-07)
(-1.29164e-07 -2.61447e-12 2.93814e-07)
(-1.27908e-07 -3.52827e-17 2.9088e-07)
(-1.31674e-07 -1.96877e-12 2.99684e-07)
(-1.30419e-07 -3.72727e-17 2.96749e-07)
(-1.34183e-07 -1.41448e-12 3.05556e-07)
(-1.32929e-07 -3.83812e-17 3.0262e-07)
(-1.36689e-07 -9.50394e-13 3.11428e-07)
(-1.35437e-07 -3.93006e-17 3.08492e-07)
(-1.39194e-07 -5.71846e-13 3.17301e-07)
(-1.37942e-07 -4.19117e-17 3.14365e-07)
(-1.41696e-07 -2.6888e-13 3.23174e-07)
(-1.40445e-07 -4.29836e-17 3.20238e-07)
(-1.44196e-07 -2.46598e-14 3.29046e-07)
(-1.42946e-07 -4.15497e-17 3.2611e-07)
(-1.46694e-07 1.83237e-13 3.34916e-07)
(-1.45445e-07 -5.62014e-17 3.31981e-07)
(-1.47942e-07 -1.31558e-16 3.37851e-07)
(-6.63499e-10 9.66679e-11 7.72172e-10)
(-3.54067e-10 1.27072e-10 5.47899e-10)
(-1.34151e-09 1.52491e-10 1.11215e-09)
(-9.91009e-10 2.744e-10 9.25666e-10)
(-2.04408e-09 1.80053e-10 1.50115e-09)
(-1.68909e-09 3.46819e-10 1.21519e-09)
(-2.77421e-09 1.91902e-10 2.09334e-09)
(-2.41091e-09 3.79081e-10 1.70328e-09)
(-3.52351e-09 1.95122e-10 2.88323e-09)
(-3.14916e-09 3.89984e-10 2.39975e-09)
(-4.28867e-09 1.93848e-10 3.85317e-09)
(-3.90346e-09 3.89685e-10 3.28249e-09)
(-5.0704e-09 1.90393e-10 4.9935e-09)
(-4.67379e-09 3.83826e-10 4.33939e-09)
(-5.87122e-09 1.8599e-10 6.29837e-09)
(-5.46212e-09 3.75444e-10 5.56355e-09)
(-6.69434e-09 1.8127e-10 7.76339e-09)
(-6.27154e-09 3.6612e-10 6.95002e-09)
(-7.54316e-09 1.76531e-10 9.38485e-09)
(-7.10538e-09 3.56624e-10 8.49479e-09)
(-8.42086e-09 1.71895e-10 1.11594e-08)
(-7.9669e-09 3.47287e-10 1.01943e-08)
(-9.33038e-09 1.67394e-10 1.3084e-08)
(-8.8591e-09 3.38216e-10 1.20455e-08)
(-1.02743e-08 1.63022e-10 1.51557e-08)
(-9.78471e-09 3.29414e-10 1.40451e-08)
(-1.1255e-08 1.58758e-10 1.73714e-08)
(-1.07461e-08 3.20841e-10 1.61904e-08)
(-1.22745e-08 1.54577e-10 1.97283e-08)
(-1.17454e-08 3.1245e-10 1.84782e-08)
(-1.33344e-08 1.50461e-10 2.22233e-08)
(-1.27845e-08 3.04199e-10 2.09058e-08)
(-1.44363e-08 1.46396e-10 2.48536e-08)
(-1.38649e-08 2.96055e-10 2.34701e-08)
(-1.55814e-08 1.42371e-10 2.7616e-08)
(-1.4988e-08 2.87996e-10 2.61681e-08)
(-1.67707e-08 1.3838e-10 3.05076e-08)
(-1.61549e-08 2.80007e-10 2.89968e-08)
(-1.80052e-08 1.34422e-10 3.35253e-08)
(-1.73665e-08 2.72083e-10 3.19531e-08)
(-1.92853e-08 1.30495e-10 3.66659e-08)
(-1.86236e-08 2.6422e-10 3.50339e-08)
(-2.06116e-08 1.266e-10 3.99265e-08)
(-1.99268e-08 2.56419e-10 3.82361e-08)
(-2.19845e-08 1.22739e-10 4.33038e-08)
(-2.12763e-08 2.48683e-10 4.15567e-08)
(-2.3404e-08 1.18914e-10 4.67948e-08)
(-2.26726e-08 2.41015e-10 4.49925e-08)
(-2.48703e-08 1.15125e-10 5.03965e-08)
(-2.41155e-08 2.3342e-10 4.85405e-08)
(-2.63831e-08 1.11377e-10 5.41057e-08)
(-2.56052e-08 2.25901e-10 5.21976e-08)
(-2.79422e-08 1.0767e-10 5.79193e-08)
(-2.71413e-08 2.18464e-10 5.59606e-08)
(-2.95473e-08 1.04008e-10 6.18344e-08)
(-2.87236e-08 2.11111e-10 5.98266e-08)
(-3.11978e-08 1.0039e-10 6.58479e-08)
(-3.03517e-08 2.03848e-10 6.37925e-08)
(-3.28931e-08 9.682e-11 6.99567e-08)
(-3.20249e-08 1.96677e-10 6.78552e-08)
(-3.46326e-08 9.32987e-11 7.4158e-08)
(-3.37427e-08 1.89601e-10 7.20118e-08)
(-3.64154e-08 8.98277e-11 7.84486e-08)
(-3.55042e-08 1.82625e-10 7.62593e-08)
(-3.82407e-08 8.64083e-11 8.28258e-08)
(-3.73087e-08 1.7575e-10 8.05948e-08)
(-4.01075e-08 8.30418e-11 8.72866e-08)
(-3.91552e-08 1.68979e-10 8.50153e-08)
(-4.20147e-08 7.97294e-11 9.18282e-08)
(-4.10427e-08 1.62314e-10 8.95179e-08)
(-4.39613e-08 7.64722e-11 9.64476e-08)
(-4.29701e-08 1.55759e-10 9.40999e-08)
(-4.59461e-08 7.32711e-11 1.01142e-07)
(-4.49363e-08 1.49314e-10 9.87583e-08)
(-4.79679e-08 7.01271e-11 1.05909e-07)
(-4.69402e-08 1.42983e-10 1.0349e-07)
(-5.00255e-08 6.70413e-11 1.10745e-07)
(-4.89804e-08 1.36767e-10 1.08294e-07)
(-5.21174e-08 6.40143e-11 1.15649e-07)
(-5.10557e-08 1.30667e-10 1.13165e-07)
(-5.42424e-08 6.1047e-11 1.20616e-07)
(-5.31647e-08 1.24685e-10 1.18102e-07)
(-5.63991e-08 5.81403e-11 1.25645e-07)
(-5.53062e-08 1.18823e-10 1.23101e-07)
(-5.85862e-08 5.52948e-11 1.30733e-07)
(-5.74787e-08 1.13083e-10 1.28161e-07)
(-6.08021e-08 5.25112e-11 1.35878e-07)
(-5.96808e-08 1.07466e-10 1.33279e-07)
(-6.30456e-08 4.97903e-11 1.41076e-07)
(-6.19111e-08 1.01973e-10 1.38452e-07)
(-6.53151e-08 4.71327e-11 1.46326e-07)
(-6.41682e-08 9.66057e-11 1.43677e-07)
(-6.76091e-08 4.45391e-11 1.51625e-07)
(-6.64506e-08 9.13655e-11 1.48953e-07)
(-6.99264e-08 4.20102e-11 1.56971e-07)
(-6.87569e-08 8.62536e-11 1.54276e-07)
(-7.22654e-08 3.95466e-11 1.6236e-07)
(-7.10856e-08 8.12715e-11 1.59645e-07)
(-7.46247e-08 3.71489e-11 1.67792e-07)
(-7.34354e-08 7.64203e-11 1.65057e-07)
(-7.70029e-08 3.48178e-11 1.73264e-07)
(-7.58047e-08 7.17014e-11 1.70509e-07)
(-7.93986e-08 3.25539e-11 1.78772e-07)
(-7.81923e-08 6.7116e-11 1.76001e-07)
(-8.18105e-08 3.0358e-11 1.84316e-07)
(-8.05967e-08 6.26656e-11 1.81528e-07)
(-8.42373e-08 2.82306e-11 1.89894e-07)
(-8.30166e-08 5.83514e-11 1.8709e-07)
(-8.66775e-08 2.61725e-11 1.95502e-07)
(-8.54506e-08 5.41749e-11 1.92684e-07)
(-8.91299e-08 2.41845e-11 2.01139e-07)
(-8.78975e-08 5.01374e-11 1.98307e-07)
(-9.15933e-08 2.22671e-11 2.06803e-07)
(-9.03559e-08 4.62403e-11 2.03959e-07)
(-9.40666e-08 2.04212e-11 2.12493e-07)
(-9.28248e-08 4.24852e-11 2.09637e-07)
(-9.65484e-08 1.86476e-11 2.18205e-07)
(-9.53028e-08 3.88736e-11 2.15338e-07)
(-9.90378e-08 1.6947e-11 2.23939e-07)
(-9.77889e-08 3.5407e-11 2.21062e-07)
(-1.01534e-07 1.53204e-11 2.29692e-07)
(-1.00282e-07 3.20873e-11 2.26807e-07)
(-1.04035e-07 1.37685e-11 2.35463e-07)
(-1.02781e-07 2.8916e-11 2.3257e-07)
(-1.06541e-07 1.22924e-11 2.4125e-07)
(-1.05285e-07 2.5895e-11 2.3835e-07)
(-1.0905e-07 1.0893e-11 2.47052e-07)
(-1.07793e-07 2.30262e-11 2.44145e-07)
(-1.11562e-07 9.57142e-12 2.52867e-07)
(-1.10304e-07 2.03117e-11 2.49954e-07)
(-1.14076e-07 8.3288e-12 2.58693e-07)
(-1.12817e-07 1.77537e-11 2.55775e-07)
(-1.16591e-07 7.16644e-12 2.64529e-07)
(-1.15332e-07 1.53546e-11 2.61607e-07)
(-1.19107e-07 6.08576e-12 2.70374e-07)
(-1.17848e-07 1.31171e-11 2.67448e-07)
(-1.21622e-07 5.08836e-12 2.76226e-07)
(-1.20363e-07 1.10442e-11 2.73297e-07)
(-1.24137e-07 4.17604e-12 2.82084e-07)
(-1.22879e-07 9.13913e-12 2.79152e-07)
(-1.26651e-07 3.35073e-12 2.87947e-07)
(-1.25394e-07 7.40574e-12 2.85014e-07)
(-1.29164e-07 2.61439e-12 2.93814e-07)
(-1.27907e-07 5.84796e-12 2.90879e-07)
(-1.31674e-07 1.96869e-12 2.99684e-07)
(-1.30419e-07 4.46969e-12 2.96748e-07)
(-1.34183e-07 1.4144e-12 3.05556e-07)
(-1.32929e-07 3.27399e-12 3.02619e-07)
(-1.36689e-07 9.50313e-13 3.11428e-07)
(-1.35436e-07 2.26154e-12 3.08492e-07)
(-1.39194e-07 5.71763e-13 3.17301e-07)
(-1.37942e-07 1.42805e-12 3.14365e-07)
(-1.41696e-07 2.68795e-13 3.23174e-07)
(-1.40445e-07 7.60638e-13 3.20238e-07)
(-1.44196e-07 2.45534e-14 3.29046e-07)
(-1.42946e-07 2.33565e-13 3.2611e-07)
(-1.46694e-07 -1.83415e-13 3.34916e-07)
(-1.45445e-07 -1.95515e-13 3.31981e-07)
(-1.47942e-07 -5.80235e-13 3.37851e-07)
(-6.63361e-10 3.06478e-10 7.06066e-10)
(-3.51168e-10 2.8882e-10 4.69469e-10)
(-1.34997e-09 4.70195e-10 1.02748e-09)
(-1.01156e-09 5.78452e-10 7.97714e-10)
(-2.05359e-09 5.46066e-10 1.41499e-09)
(-1.71222e-09 7.07375e-10 1.0836e-09)
(-2.77942e-09 5.76967e-10 2.00713e-09)
(-2.42519e-09 7.61197e-10 1.57261e-09)
(-3.52236e-09 5.84172e-10 2.79659e-09)
(-3.15187e-09 7.77587e-10 2.26879e-09)
(-4.28112e-09 5.79209e-10 3.76656e-09)
(-3.89514e-09 7.74583e-10 3.15181e-09)
(-5.05724e-09 5.68399e-10 4.90757e-09)
(-4.65605e-09 7.61971e-10 4.21003e-09)
(-5.85342e-09 5.55098e-10 6.21362e-09)
(-5.43678e-09 7.4505e-10 5.43623e-09)
(-6.67285e-09 5.41013e-10 7.68013e-09)
(-6.24022e-09 7.26589e-10 6.82515e-09)
(-7.51876e-09 5.26941e-10 9.30327e-09)
(-7.06942e-09 7.07917e-10 8.37257e-09)
(-8.3942e-09 5.13192e-10 1.10796e-08)
(-7.92735e-09 6.8959e-10 1.00749e-08)
(-9.30195e-09 4.99841e-10 1.30061e-08)
(-8.81676e-09 6.71769e-10 1.19288e-08)
(-1.02445e-08 4.86859e-10 1.50796e-08)
(-9.74017e-09 6.54443e-10 1.39314e-08)
(-1.12241e-08 4.7418e-10 1.72973e-08)
(-1.06998e-08 6.37534e-10 1.60795e-08)
(-1.22427e-08 4.61737e-10 1.96561e-08)
(-1.16978e-08 6.20953e-10 1.83703e-08)
(-1.3302e-08 4.49475e-10 2.21531e-08)
(-1.27358e-08 6.04623e-10 2.08008e-08)
(-1.44033e-08 4.37354e-10 2.47853e-08)
(-1.38153e-08 5.88486e-10 2.3368e-08)
(-1.5548e-08 4.25348e-10 2.75497e-08)
(-1.49377e-08 5.72503e-10 2.60689e-08)
(-1.67371e-08 4.1344e-10 3.04433e-08)
(-1.61041e-08 5.56652e-10 2.89005e-08)
(-1.79713e-08 4.01626e-10 3.34629e-08)
(-1.73154e-08 5.4092e-10 3.18596e-08)
(-1.92514e-08 3.89903e-10 3.66054e-08)
(-1.85723e-08 5.25307e-10 3.49433e-08)
(-2.05777e-08 3.78274e-10 3.98679e-08)
(-1.98754e-08 5.09813e-10 3.81484e-08)
(-2.19507e-08 3.66744e-10 4.32471e-08)
(-2.12251e-08 4.94445e-10 4.14718e-08)
(-2.33704e-08 3.55319e-10 4.674e-08)
(-2.26215e-08 4.79211e-10 4.49104e-08)
(-2.48368e-08 3.44006e-10 5.03435e-08)
(-2.40648e-08 4.64119e-10 4.84612e-08)
(-2.635e-08 3.3281e-10 5.40545e-08)
(-2.55549e-08 4.49177e-10 5.21209e-08)
(-2.79095e-08 3.21738e-10 5.78699e-08)
(-2.70915e-08 4.34396e-10 5.58866e-08)
(-2.95149e-08 3.10795e-10 6.17868e-08)
(-2.86745e-08 4.19782e-10 5.97552e-08)
(-3.11659e-08 2.99988e-10 6.5802e-08)
(-3.03032e-08 4.05343e-10 6.37237e-08)
(-3.28618e-08 2.89322e-10 6.99125e-08)
(-3.19772e-08 3.91086e-10 6.77889e-08)
(-3.46019e-08 2.788e-10 7.41154e-08)
(-3.36958e-08 3.77019e-10 7.1948e-08)
(-3.63853e-08 2.68428e-10 7.84077e-08)
(-3.54583e-08 3.63146e-10 7.6198e-08)
(-3.82113e-08 2.5821e-10 8.27865e-08)
(-3.72638e-08 3.49474e-10 8.05358e-08)
(-4.00788e-08 2.48149e-10 8.72489e-08)
(-3.91113e-08 3.36009e-10 8.49587e-08)
(-4.19868e-08 2.3825e-10 9.17919e-08)
(-4.09999e-08 3.22754e-10 8.94636e-08)
(-4.39342e-08 2.28514e-10 9.64129e-08)
(-4.29284e-08 3.09715e-10 9.40478e-08)
(-4.59198e-08 2.18946e-10 1.01109e-07)
(-4.48958e-08 2.96895e-10 9.87085e-08)
(-4.79424e-08 2.09549e-10 1.05877e-07)
(-4.69009e-08 2.843e-10 1.03443e-07)
(-5.00007e-08 2.00324e-10 1.10715e-07)
(-4.89424e-08 2.71932e-10 1.08248e-07)
(-5.20935e-08 1.91275e-10 1.1562e-07)
(-5.10189e-08 2.59796e-10 1.13121e-07)
(-5.42194e-08 1.82405e-10 1.20589e-07)
(-5.31293e-08 2.47895e-10 1.1806e-07)
(-5.6377e-08 1.73715e-10 1.25619e-07)
(-5.52721e-08 2.36231e-10 1.23062e-07)
(-5.85649e-08 1.65207e-10 1.30708e-07)
(-5.74459e-08 2.24809e-10 1.28123e-07)
(-6.07818e-08 1.56885e-10 1.35854e-07)
(-5.96493e-08 2.13631e-10 1.33243e-07)
(-6.30261e-08 1.4875e-10 1.41054e-07)
(-6.1881e-08 2.02699e-10 1.38418e-07)
(-6.52965e-08 1.40804e-10 1.46305e-07)
(-6.41394e-08 1.92018e-10 1.43645e-07)
(-6.75914e-08 1.33049e-10 1.51605e-07)
(-6.64231e-08 1.81589e-10 1.48922e-07)
(-6.99096e-08 1.25487e-10 1.56952e-07)
(-6.87307e-08 1.71415e-10 1.54247e-07)
(-7.22494e-08 1.1812e-10 1.62342e-07)
(-7.10608e-08 1.61499e-10 1.59618e-07)
(-7.46096e-08 1.1095e-10 1.67775e-07)
(-7.34118e-08 1.51844e-10 1.65031e-07)
(-7.69887e-08 1.0398e-10 1.73248e-07)
(-7.57825e-08 1.42452e-10 1.70485e-07)
(-7.93853e-08 9.72099e-11 1.78757e-07)
(-7.81713e-08 1.33325e-10 1.75978e-07)
(-8.1798e-08 9.06432e-11 1.84302e-07)
(-8.0577e-08 1.24467e-10 1.81507e-07)
(-8.42255e-08 8.42817e-11 1.89881e-07)
(-8.29981e-08 1.1588e-10 1.8707e-07)
(-8.66665e-08 7.81273e-11 1.9549e-07)
(-8.54333e-08 1.07567e-10 1.92665e-07)
(-8.91197e-08 7.21823e-11 2.01128e-07)
(-8.78814e-08 9.9531e-11 1.9829e-07)
(-9.15839e-08 6.64488e-11 2.06793e-07)
(-9.0341e-08 9.17746e-11 2.03943e-07)
(-9.40579e-08 6.09292e-11 2.12483e-07)
(-9.2811e-08 8.4301e-11 2.09622e-07)
(-9.65404e-08 5.56257e-11 2.18196e-07)
(-9.52901e-08 7.71132e-11 2.15325e-07)
(-9.90305e-08 5.05409e-11 2.23931e-07)
(-9.77772e-08 7.02146e-11 2.2105e-07)
(-1.01527e-07 4.56773e-11 2.29685e-07)
(-1.00271e-07 6.36084e-11 2.26796e-07)
(-1.04029e-07 4.10375e-11 2.35457e-07)
(-1.02771e-07 5.72981e-11 2.3256e-07)
(-1.06535e-07 3.66244e-11 2.41244e-07)
(-1.05276e-07 5.12874e-11 2.38341e-07)
(-1.09045e-07 3.24411e-11 2.47047e-07)
(-1.07785e-07 4.55802e-11 2.44137e-07)
(-1.11558e-07 2.84906e-11 2.52862e-07)
(-1.10297e-07 4.01805e-11 2.49947e-07)
(-1.14072e-07 2.47764e-11 2.58689e-07)
(-1.12811e-07 3.50929e-11 2.55769e-07)
(-1.16588e-07 2.13025e-11 2.64525e-07)
(-1.15327e-07 3.0322e-11 2.61601e-07)
(-1.19104e-07 1.80729e-11 2.70371e-07)
(-1.17843e-07 2.58732e-11 2.67443e-07)
(-1.2162e-07 1.50925e-11 2.76223e-07)
(-1.2036e-07 2.17522e-11 2.73293e-07)
(-1.24135e-07 1.23665e-11 2.82082e-07)
(-1.22876e-07 1.79656e-11 2.79149e-07)
(-1.26649e-07 9.9007e-12 2.87945e-07)
(-1.25391e-07 1.45207e-11 2.85011e-07)
(-1.29162e-07 7.70098e-12 2.93813e-07)
(-1.27905e-07 1.14253e-11 2.90877e-07)
(-1.31673e-07 5.77268e-12 2.99683e-07)
(-1.30417e-07 8.68725e-12 2.96746e-07)
(-1.34182e-07 4.11881e-12 3.05555e-07)
(-1.32927e-07 6.31349e-12 3.02618e-07)
(-1.36689e-07 2.73703e-12 3.11428e-07)
(-1.35435e-07 4.30699e-12 3.08491e-07)
(-1.39193e-07 1.61492e-12 3.17301e-07)
(-1.37941e-07 2.66212e-12 3.14364e-07)
(-1.41696e-07 7.23808e-13 3.23174e-07)
(-1.40445e-07 1.35671e-12 3.20237e-07)
(-1.44196e-07 1.2734e-14 3.29045e-07)
(-1.42946e-07 3.42365e-13 3.2611e-07)
(-1.46694e-07 -5.91496e-13 3.34916e-07)
(-1.45445e-07 -4.66284e-13 3.31981e-07)
(-1.47942e-07 -1.19935e-12 3.37851e-07)
(-6.80758e-10 5.58714e-10 5.63308e-10)
(-4.22125e-10 5.4975e-10 3.45935e-10)
(-1.38376e-09 8.15307e-10 8.51526e-10)
(-1.08817e-09 9.4878e-10 5.91809e-10)
(-2.08075e-09 9.21787e-10 1.23851e-09)
(-1.76182e-09 1.08725e-09 8.63804e-10)
(-2.79115e-09 9.61002e-10 1.83168e-09)
(-2.44698e-09 1.14097e-09 1.3512e-09)
(-3.51793e-09 9.67115e-10 2.62176e-09)
(-3.14957e-09 1.15537e-09 2.04846e-09)
(-4.26267e-09 9.56469e-10 3.5934e-09)
(-3.87318e-09 1.14736e-09 2.9346e-09)
(-5.02743e-09 9.37786e-10 4.73714e-09)
(-4.61879e-09 1.12764e-09 3.99722e-09)
(-5.8147e-09 9.15754e-10 6.04651e-09)
(-5.38795e-09 1.10266e-09 5.22841e-09)
(-6.62725e-09 8.92758e-10 7.51663e-09)
(-6.18269e-09 1.07586e-09 6.62248e-09)
(-7.46787e-09 8.69882e-10 9.14351e-09)
(-7.00533e-09 1.04886e-09 8.17503e-09)
(-8.33921e-09 8.47529e-10 1.09237e-08)
(-7.85822e-09 1.02231e-09 9.88237e-09)
(-9.24377e-09 8.25776e-10 1.28539e-08)
(-8.74371e-09 9.96385e-10 1.17413e-08)
(-1.01838e-08 8.04564e-10 1.49313e-08)
(-9.664e-09 9.71064e-10 1.37487e-08)
(-1.11614e-08 7.8379e-10 1.71528e-08)
(-1.06212e-08 9.46249e-10 1.59016e-08)
(-1.21784e-08 7.63356e-10 1.95155e-08)
(-1.16171e-08 9.21833e-10 1.81973e-08)
(-1.32364e-08 7.43184e-10 2.20164e-08)
(-1.26534e-08 8.97724e-10 2.06326e-08)
(-1.43368e-08 7.23217e-10 2.46525e-08)
(-1.37317e-08 8.73857e-10 2.32046e-08)
(-1.54807e-08 7.0342e-10 2.74208e-08)
(-1.48531e-08 8.50187e-10 2.59103e-08)
(-1.66692e-08 6.83773e-10 3.03181e-08)
(-1.60187e-08 8.26691e-10 2.87466e-08)
(-1.79031e-08 6.64271e-10 3.33416e-08)
(-1.72295e-08 8.03359e-10 3.17106e-08)
(-1.9183e-08 6.44913e-10 3.64879e-08)
(-1.84862e-08 7.80192e-10 3.4799e-08)
(-2.05094e-08 6.25705e-10 3.97541e-08)
(-1.97893e-08 7.57195e-10 3.80087e-08)
(-2.18825e-08 6.06658e-10 4.31371e-08)
(-2.11391e-08 7.34381e-10 4.13367e-08)
(-2.33026e-08 5.8778e-10 4.66336e-08)
(-2.25359e-08 7.11761e-10 4.47799e-08)
(-2.47696e-08 5.69083e-10 5.02408e-08)
(-2.39798e-08 6.89348e-10 4.83351e-08)
(-2.62833e-08 5.50578e-10 5.39553e-08)
(-2.54706e-08 6.67156e-10 5.19993e-08)
(-2.78436e-08 5.32275e-10 5.77743e-08)
(-2.70082e-08 6.45198e-10 5.57694e-08)
(-2.945e-08 5.14184e-10 6.16945e-08)
(-2.85922e-08 6.23486e-10 5.96422e-08)
(-3.11019e-08 4.96314e-10 6.57131e-08)
(-3.02221e-08 6.02031e-10 6.36149e-08)
(-3.27989e-08 4.78674e-10 6.9827e-08)
(-3.18975e-08 5.80845e-10 6.76842e-08)
(-3.45402e-08 4.61272e-10 7.40331e-08)
(-3.36176e-08 5.59937e-10 7.18474e-08)
(-3.63249e-08 4.44115e-10 7.83286e-08)
(-3.53816e-08 5.39317e-10 7.61013e-08)
(-3.81522e-08 4.27211e-10 8.27106e-08)
(-3.71887e-08 5.18993e-10 8.0443e-08)
(-4.00211e-08 4.10564e-10 8.7176e-08)
(-3.9038e-08 4.98973e-10 8.48696e-08)
(-4.19306e-08 3.94183e-10 9.17221e-08)
(-4.09284e-08 4.79266e-10 8.93783e-08)
(-4.38795e-08 3.78072e-10 9.63459e-08)
(-4.28589e-08 4.59878e-10 9.39661e-08)
(-4.58667e-08 3.62236e-10 1.01045e-07)
(-4.48283e-08 4.40815e-10 9.86303e-08)
(-4.7891e-08 3.46681e-10 1.05816e-07)
(-4.68353e-08 4.22084e-10 1.03368e-07)
(-4.9951e-08 3.31411e-10 1.10656e-07)
(-4.88789e-08 4.03691e-10 1.08177e-07)
(-5.20455e-08 3.1643e-10 1.15564e-07)
(-5.09576e-08 3.85642e-10 1.13053e-07)
(-5.41731e-08 3.01743e-10 1.20535e-07)
(-5.30701e-08 3.6794e-10 1.17995e-07)
(-5.63325e-08 2.87355e-10 1.25568e-07)
(-5.5215e-08 3.50592e-10 1.23e-07)
(-5.85222e-08 2.73267e-10 1.3066e-07)
(-5.7391e-08 3.33603e-10 1.28065e-07)
(-6.07408e-08 2.59486e-10 1.35808e-07)
(-5.95967e-08 3.16976e-10 1.33187e-07)
(-6.29869e-08 2.46013e-10 1.4101e-07)
(-6.18306e-08 3.00716e-10 1.38365e-07)
(-6.5259e-08 2.32853e-10 1.46264e-07)
(-6.40912e-08 2.84828e-10 1.43595e-07)
(-6.75558e-08 2.20008e-10 1.51566e-07)
(-6.63771e-08 2.69315e-10 1.48875e-07)
(-6.98756e-08 2.07483e-10 1.56915e-07)
(-6.86869e-08 2.54183e-10 1.54203e-07)
(-7.22173e-08 1.95281e-10 1.62308e-07)
(-7.10192e-08 2.39433e-10 1.59576e-07)
(-7.45792e-08 1.83404e-10 1.67743e-07)
(-7.33724e-08 2.25072e-10 1.64992e-07)
(-7.69599e-08 1.71858e-10 1.73217e-07)
(-7.57452e-08 2.11102e-10 1.70449e-07)
(-7.93582e-08 1.60643e-10 1.78729e-07)
(-7.81362e-08 1.97529e-10 1.75944e-07)
(-8.17726e-08 1.49765e-10 1.84276e-07)
(-8.05439e-08 1.84355e-10 1.81475e-07)
(-8.42017e-08 1.39227e-10 1.89856e-07)
(-8.2967e-08 1.71585e-10 1.8704e-07)
(-8.66443e-08 1.29032e-10 1.95467e-07)
(-8.54043e-08 1.59223e-10 1.92638e-07)
(-8.90991e-08 1.19184e-10 2.01107e-07)
(-8.78543e-08 1.47274e-10 1.98265e-07)
(-9.15648e-08 1.09686e-10 2.06773e-07)
(-9.03158e-08 1.35742e-10 2.0392e-07)
(-9.40402e-08 1.00543e-10 2.12465e-07)
(-9.27877e-08 1.24632e-10 2.09601e-07)
(-9.65242e-08 9.17581e-11 2.1818e-07)
(-9.52686e-08 1.13948e-10 2.15306e-07)
(-9.90156e-08 8.33361e-11 2.23916e-07)
(-9.77575e-08 1.03695e-10 2.21032e-07)
(-1.01513e-07 7.52811e-11 2.29671e-07)
(-1.00253e-07 9.38781e-11 2.2678e-07)
(-1.04017e-07 6.75976e-11 2.35444e-07)
(-1.02755e-07 8.45031e-11 2.32545e-07)
(-1.06524e-07 6.02903e-11 2.41234e-07)
(-1.05261e-07 7.55751e-11 2.38328e-07)
(-1.09035e-07 5.33642e-11 2.47037e-07)
(-1.07772e-07 6.71e-11 2.44125e-07)
(-1.11549e-07 4.68246e-11 2.52854e-07)
(-1.10285e-07 5.9084e-11 2.49937e-07)
(-1.14064e-07 4.06774e-11 2.58681e-07)
(-1.128e-07 5.15337e-11 2.5576e-07)
(-1.16581e-07 3.49288e-11 2.64519e-07)
(-1.15317e-07 4.44561e-11 2.61594e-07)
(-1.19098e-07 2.95855e-11 2.70365e-07)
(-1.17835e-07 3.78588e-11 2.67437e-07)
(-1.21615e-07 2.46553e-11 2.76219e-07)
(-1.20353e-07 3.17504e-11 2.73287e-07)
(-1.24131e-07 2.01466e-11 2.82078e-07)
(-1.2287e-07 2.614e-11 2.79145e-07)
(-1.26646e-07 1.60688e-11 2.87942e-07)
(-1.25386e-07 2.10381e-11 2.85007e-07)
(-1.2916e-07 1.24318e-11 2.9381e-07)
(-1.27901e-07 1.6456e-11 2.90874e-07)
(-1.31671e-07 9.24494e-12 2.99681e-07)
(-1.30414e-07 1.24056e-11 2.96744e-07)
(-1.34181e-07 6.51513e-12 3.05553e-07)
(-1.32925e-07 8.89799e-12 3.02616e-07)
(-1.36688e-07 4.2421e-12 3.11427e-07)
(-1.35434e-07 5.94105e-12 3.0849e-07)
(-1.39193e-07 2.41053e-12 3.173e-07)
(-1.3794e-07 3.53339e-12 3.14363e-07)
(-1.41695e-07 9.78412e-13 3.23173e-07)
(-1.40444e-07 1.65344e-12 3.20237e-07)
(-1.44195e-07 -1.36934e-13 3.29045e-07)
(-1.42945e-07 2.42559e-13 3.26109e-07)
(-1.46694e-07 -1.07483e-12 3.34916e-07)
(-1.45444e-07 -8.23749e-13 3.31981e-07)
(-1.47942e-07 -1.77897e-12 3.37851e-07)
(-8.083e-10 9.27236e-10 3.69751e-10)
(-1.47315e-09 1.22065e-09 6.00539e-10)
(-2.12464e-09 1.30436e-09 9.74014e-10)
(-2.79926e-09 1.33313e-09 1.56597e-09)
(-3.4984e-09 1.33351e-09 2.35983e-09)
(-4.22221e-09 1.31656e-09 3.3374e-09)
(-4.97149e-09 1.29068e-09 4.48783e-09)
(-5.74743e-09 1.26106e-09 5.80399e-09)
(-6.55161e-09 1.23037e-09 7.28072e-09)
(-7.38593e-09 1.19979e-09 8.91395e-09)
(-8.25241e-09 1.16974e-09 1.07002e-08)
(-9.15314e-09 1.14032e-09 1.26365e-08)
(-1.00901e-08 1.11146e-09 1.47197e-08)
(-1.10652e-08 1.08306e-09 1.6947e-08)
(-1.20801e-08 1.05503e-09 1.93155e-08)
(-1.31364e-08 1.02727e-09 2.18222e-08)
(-1.42355e-08 9.99756e-10 2.4464e-08)
(-1.53784e-08 9.72437e-10 2.7238e-08)
(-1.65663e-08 9.45304e-10 3.01411e-08)
(-1.77998e-08 9.18354e-10 3.31701e-08)
(-1.90796e-08 8.91594e-10 3.63221e-08)
(-2.04061e-08 8.65035e-10 3.95938e-08)
(-2.17796e-08 8.3869e-10 4.29822e-08)
(-2.32003e-08 8.12576e-10 4.64841e-08)
(-2.4668e-08 7.86708e-10 5.00965e-08)
(-2.61828e-08 7.61101e-10 5.38163e-08)
(-2.77443e-08 7.35771e-10 5.76404e-08)
(-2.9352e-08 7.1073e-10 6.15657e-08)
(-3.10056e-08 6.85993e-10 6.55892e-08)
(-3.27042e-08 6.61571e-10 6.97078e-08)
(-3.44473e-08 6.37476e-10 7.39187e-08)
(-3.6234e-08 6.13719e-10 7.82189e-08)
(-3.80633e-08 5.90309e-10 8.26053e-08)
(-3.99344e-08 5.67255e-10 8.70752e-08)
(-4.18462e-08 5.44567e-10 9.16256e-08)
(-4.37974e-08 5.22251e-10 9.62537e-08)
(-4.5787e-08 5.00317e-10 1.00957e-07)
(-4.78137e-08 4.78771e-10 1.05732e-07)
(-4.98763e-08 4.57619e-10 1.10576e-07)
(-5.19733e-08 4.36868e-10 1.15487e-07)
(-5.41035e-08 4.16525e-10 1.20463e-07)
(-5.62655e-08 3.96594e-10 1.25499e-07)
(-5.84578e-08 3.77081e-10 1.30595e-07)
(-6.06791e-08 3.57992e-10 1.35746e-07)
(-6.29278e-08 3.39332e-10 1.40952e-07)
(-6.52026e-08 3.21106e-10 1.46208e-07)
(-6.7502e-08 3.03318e-10 1.51514e-07)
(-6.98245e-08 2.85973e-10 1.56866e-07)
(-7.21687e-08 2.69077e-10 1.62262e-07)
(-7.45332e-08 2.52633e-10 1.677e-07)
(-7.69165e-08 2.36647e-10 1.73177e-07)
(-7.93173e-08 2.21123e-10 1.78691e-07)
(-8.17341e-08 2.06066e-10 1.84241e-07)
(-8.41657e-08 1.91481e-10 1.89824e-07)
(-8.66107e-08 1.77374e-10 1.95437e-07)
(-8.90677e-08 1.63748e-10 2.01079e-07)
(-9.15357e-08 1.5061e-10 2.06748e-07)
(-9.40133e-08 1.37965e-10 2.12442e-07)
(-9.64994e-08 1.25819e-10 2.18159e-07)
(-9.89929e-08 1.14177e-10 2.23897e-07)
(-1.01493e-07 1.03046e-10 2.29654e-07)
(-1.03998e-07 9.24311e-11 2.35429e-07)
(-1.06507e-07 8.23399e-11 2.4122e-07)
(-1.0902e-07 7.27794e-11 2.47025e-07)
(-1.11535e-07 6.37567e-11 2.52843e-07)
(-1.14052e-07 5.52799e-11 2.58673e-07)
(-1.16571e-07 4.73574e-11 2.64512e-07)
(-1.19089e-07 3.99984e-11 2.70359e-07)
(-1.21607e-07 3.32132e-11 2.76214e-07)
(-1.24125e-07 2.70128e-11 2.82074e-07)
(-1.26641e-07 2.14098e-11 2.87939e-07)
(-1.29156e-07 1.64174e-11 2.93808e-07)
(-1.31668e-07 1.20492e-11 2.99679e-07)
(-1.34179e-07 8.31724e-12 3.05552e-07)
(-1.36686e-07 5.22811e-12 3.11426e-07)
(-1.39192e-07 2.77405e-12 3.173e-07)
(-1.41695e-07 9.17015e-13 3.23173e-07)
(-1.44195e-07 -4.43683e-13 3.29045e-07)
(-1.46693e-07 -1.52856e-12 3.34916e-07)
)
;

boundaryField
{
    left
    {
        type            calculated;
        value           uniform (0 0 0);
    }
    right
    {
        type            calculated;
        value           nonuniform List<vector> 
64
(
(-1.08139e-07 -2.89947e-12 3.58241e-07)
(-1.08137e-07 -1.94491e-12 3.58243e-07)
(-1.08135e-07 -1.05596e-12 3.58244e-07)
(-1.08135e-07 -3.30882e-13 3.58245e-07)
(-1.08135e-07 3.30682e-13 3.58245e-07)
(-1.08135e-07 1.05578e-12 3.58244e-07)
(-1.08137e-07 1.94475e-12 3.58243e-07)
(-1.08139e-07 2.89934e-12 3.58241e-07)
(-1.14002e-07 -3.42745e-12 3.55744e-07)
(-1.14e-07 -2.39596e-12 3.55747e-07)
(-1.13999e-07 -1.30693e-12 3.55748e-07)
(-1.13999e-07 -4.12967e-13 3.55749e-07)
(-1.13999e-07 4.12793e-13 3.55749e-07)
(-1.13999e-07 1.30675e-12 3.55748e-07)
(-1.14e-07 2.3958e-12 3.55747e-07)
(-1.14002e-07 3.42729e-12 3.55744e-07)
(-1.19864e-07 -2.35529e-12 3.53249e-07)
(-1.19863e-07 -1.88057e-12 3.53251e-07)
(-1.19862e-07 -1.05706e-12 3.53252e-07)
(-1.19862e-07 -3.38892e-13 3.53253e-07)
(-1.19862e-07 3.38733e-13 3.53253e-07)
(-1.19862e-07 1.0569e-12 3.53252e-07)
(-1.19863e-07 1.88041e-12 3.53251e-07)
(-1.19864e-07 2.35511e-12 3.53249e-07)
(-1.25726e-07 -2.91144e-14 3.50755e-07)
(-1.25725e-07 -5.38828e-13 3.50756e-07)
(-1.25725e-07 -3.63109e-13 3.50758e-07)
(-1.25725e-07 -1.25802e-13 3.50758e-07)
(-1.25725e-07 1.25652e-13 3.50758e-07)
(-1.25725e-07 3.62958e-13 3.50758e-07)
(-1.25725e-07 5.38678e-13 3.50756e-07)
(-1.25726e-07 2.89405e-14 3.50755e-07)
(-1.31589e-07 2.574e-12 3.48263e-07)
(-1.31588e-07 1.09642e-12 3.48264e-07)
(-1.31589e-07 5.03341e-13 3.48265e-07)
(-1.31589e-07 1.43772e-13 3.48265e-07)
(-1.31589e-07 -1.43913e-13 3.48265e-07)
(-1.31589e-07 -5.0348e-13 3.48265e-07)
(-1.31588e-07 -1.09656e-12 3.48264e-07)
(-1.31589e-07 -2.57415e-12 3.48263e-07)
(-1.37453e-07 4.25019e-12 3.45771e-07)
(-1.37454e-07 2.30111e-12 3.45772e-07)
(-1.37454e-07 1.16873e-12 3.45772e-07)
(-1.37454e-07 3.55374e-13 3.45773e-07)
(-1.37454e-07 -3.55502e-13 3.45773e-07)
(-1.37454e-07 -1.16886e-12 3.45772e-07)
(-1.37454e-07 -2.30124e-12 3.45772e-07)
(-1.37453e-07 -4.25033e-12 3.45771e-07)
(-1.43321e-07 4.19411e-12 3.43279e-07)
(-1.43321e-07 2.5734e-12 3.43279e-07)
(-1.43321e-07 1.37193e-12 3.43279e-07)
(-1.43322e-07 4.2826e-13 3.4328e-07)
(-1.43322e-07 -4.28379e-13 3.4328e-07)
(-1.43321e-07 -1.37204e-12 3.43279e-07)
(-1.43321e-07 -2.5735e-12 3.43279e-07)
(-1.43321e-07 -4.19424e-12 3.43279e-07)
(-1.4919e-07 2.55092e-12 3.40785e-07)
(-1.49191e-07 1.98318e-12 3.40785e-07)
(-1.49191e-07 1.16556e-12 3.40785e-07)
(-1.49191e-07 3.75976e-13 3.40785e-07)
(-1.49191e-07 -3.7624e-13 3.40785e-07)
(-1.49191e-07 -1.16558e-12 3.40785e-07)
(-1.49191e-07 -1.98318e-12 3.40785e-07)
(-1.4919e-07 -2.55106e-12 3.40785e-07)
)
;
    }
    back
    {
        type            calculated;
        value           nonuniform List<vector> 
640
(
(5.39113e-10 -4.88637e-10 2.38691e-10)
(3.70656e-10 -4.21523e-10 1.53587e-11)
(2.03999e-10 -2.37817e-10 -1.44467e-10)
(-6.21995e-12 7.72638e-12 -2.34187e-10)
(-2.5079e-10 2.77232e-10 -2.61918e-10)
(-5.16954e-10 5.37783e-10 -2.19352e-10)
(-7.97172e-10 7.57138e-10 -9.73445e-11)
(-1.16846e-09 9.74636e-10 1.81012e-10)
(1.01069e-09 -7.15099e-10 5.75249e-10)
(6.32451e-10 -4.9262e-10 2.47271e-10)
(3.18089e-10 -2.41774e-10 8.06374e-12)
(2.96926e-11 6.3824e-11 -1.47225e-10)
(-2.56495e-10 3.85847e-10 -2.00893e-10)
(-5.63436e-10 6.99224e-10 -1.48563e-10)
(-9.15897e-10 9.87191e-10 3.08666e-12)
(-1.31478e-09 1.30046e-09 3.01765e-10)
(1.5533e-09 -8.26744e-10 1.01226e-09)
(1.02679e-09 -5.11735e-10 6.68881e-10)
(5.44154e-10 -2.12195e-10 4.13592e-10)
(9.59126e-11 1.12994e-10 2.34956e-10)
(-3.44692e-10 4.45369e-10 1.5807e-10)
(-8.04955e-10 7.75265e-10 1.8587e-10)
(-1.30698e-09 1.10075e-09 3.15429e-10)
(-1.82334e-09 1.43877e-09 5.54272e-10)
(2.10619e-09 -8.98636e-10 1.64841e-09)
(1.43294e-09 -5.33664e-10 1.29581e-09)
(7.84551e-10 -1.97443e-10 1.02797e-09)
(1.61027e-10 1.4428e-10 8.32214e-10)
(-4.58319e-10 4.83689e-10 7.32118e-10)
(-1.09503e-09 8.20172e-10 7.31634e-10)
(-1.76436e-09 1.15704e-09 8.34728e-10)
(-2.45379e-09 1.49556e-09 1.04231e-09)
(2.64398e-09 -9.40112e-10 2.4924e-09)
(1.81477e-09 -5.48967e-10 2.12564e-09)
(1.00258e-09 -1.91546e-10 1.84387e-09)
(2.0669e-10 1.60326e-10 1.63127e-09)
(-5.88922e-10 5.02947e-10 1.50925e-09)
(-1.40123e-09 8.39704e-10 1.48324e-09)
(-2.24378e-09 1.17522e-09 1.56095e-09)
(-3.12025e-09 1.50958e-09 1.74538e-09)
(3.15601e-09 -9.63484e-10 3.54032e-09)
(2.16617e-09 -5.59228e-10 3.15464e-09)
(1.19009e-09 -1.91261e-10 2.85602e-09)
(2.24422e-10 1.65497e-10 2.62483e-09)
(-7.44846e-10 5.08177e-10 2.48083e-09)
(-1.73252e-09 8.41646e-10 2.43008e-09)
(-2.7529e-09 1.17131e-09 2.48201e-09)
(-3.81721e-09 1.49859e-09 2.64015e-09)
(3.63447e-09 -9.75403e-10 4.78742e-09)
(2.48238e-09 -5.65898e-10 4.37867e-09)
(1.34235e-09 -1.94231e-10 4.05938e-09)
(2.08604e-10 1.63387e-10 3.80667e-09)
(-9.32554e-10 5.03806e-10 3.63886e-09)
(-2.09521e-09 8.32367e-10 3.56184e-09)
(-3.29464e-09 1.15517e-09 3.58561e-09)
(-4.54476e-09 1.47416e-09 3.71228e-09)
(4.07296e-09 -9.7983e-10 6.22846e-09)
(2.75856e-09 -5.69957e-10 5.79293e-09)
(1.45509e-09 -1.98911e-10 5.44904e-09)
(1.54858e-10 1.56726e-10 5.17127e-09)
(-1.15633e-09 4.9335e-10 4.97669e-09)
(-2.49248e-09 8.16411e-10 4.87047e-09)
(-3.86949e-09 1.13249e-09 4.86252e-09)
(-5.30187e-09 1.44336e-09 4.95271e-09)
(4.46606e-09 -9.79221e-10 7.8581e-09)
(2.99036e-09 -5.72082e-10 7.39238e-09)
(1.52456e-09 -2.04354e-10 7.02004e-09)
(5.96695e-11 1.47449e-10 6.71351e-09)
(-1.41933e-09 4.79379e-10 6.48867e-09)
(-2.92652e-09 7.96848e-10 6.34972e-09)
(-4.47814e-09 1.1067e-09 6.30611e-09)
(-6.0883e-09 1.41005e-09 6.35538e-09)
(4.80915e-09 -9.75133e-10 9.67098e-09)
(3.17385e-09 -5.72722e-10 9.17189e-09)
(1.54745e-09 -2.09972e-10 8.76748e-09)
(-7.99258e-11 1.36853e-10 8.42853e-09)
(-1.72408e-09 4.63606e-10 8.16982e-09)
(-3.39923e-09 7.75578e-10 7.99449e-09)
(-5.12171e-09 1.07968e-09 7.91142e-09)
(-6.90484e-09 1.37611e-09 7.91589e-09)
(5.09821e-09 -9.68564e-10 1.16618e-08)
(3.30558e-09 -5.72161e-10 1.11264e-08)
(1.52078e-09 -2.15397e-10 1.06865e-08)
(-2.6653e-10 1.25772e-10 1.03117e-08)
(-2.07284e-09 4.47096e-10 1.00156e-08)
(-3.91246e-09 7.53699e-10 9.80047e-09)
(-5.8017e-09 1.05242e-09 9.67443e-09)
(-7.75302e-09 1.34236e-09 9.63071e-09)
(5.32981e-09 -9.60163e-10 1.38252e-08)
(3.38248e-09 -5.70583e-10 1.32508e-08)
(1.44189e-09 -2.20407e-10 1.27725e-08)
(-5.02487e-10 1.14708e-10 1.23586e-08)
(-2.46767e-09 4.30472e-10 1.2022e-08)
(-4.46803e-09 7.31797e-10 1.17638e-08)
(-6.51985e-09 1.02536e-09 1.15916e-08)
(-8.63466e-09 1.30909e-09 1.14968e-08)
(5.50098e-09 -9.5036e-10 1.61561e-08)
(3.40187e-09 -5.68117e-10 1.55402e-08)
(1.30839e-09 -2.24882e-10 1.50207e-08)
(-7.89932e-10 1.03945e-10 1.45649e-08)
(-2.91054e-09 4.14069e-10 1.41848e-08)
(-5.06779e-09 7.10161e-10 1.38807e-08)
(-7.27796e-09 9.98681e-10 1.36597e-08)
(-9.55175e-09 1.27634e-09 1.35111e-08)
(5.60917e-09 -9.39447e-10 1.86494e-08)
(3.3614e-09 -5.64859e-10 1.79899e-08)
(1.11816e-09 -2.28769e-10 1.74267e-08)
(-1.13081e-09 9.36297e-11 1.69264e-08)
(-3.40325e-09 3.9805e-10 1.65003e-08)
(-5.71351e-09 6.88906e-10 1.61478e-08)
(-8.07784e-09 9.72414e-10 1.58755e-08)
(-1.05062e-08 1.24406e-09 1.5671e-08)
(5.65221e-09 -9.27625e-10 2.13002e-08)
(3.25902e-09 -5.60886e-10 2.05951e-08)
(8.69307e-10 -2.32057e-10 1.9986e-08)
(-1.52688e-09 8.38207e-11 1.94391e-08)
(-3.9475e-09 3.82479e-10 1.89647e-08)
(-6.40685e-09 6.68061e-10 1.85615e-08)
(-8.92121e-09 9.46531e-10 1.82358e-08)
(-1.14998e-08 1.21216e-09 1.79734e-08)
(5.62823e-09 -9.1504e-10 2.41035e-08)
(3.09297e-09 -5.5626e-10 2.3351e-08)
(5.60185e-10 -2.3476e-10 2.26943e-08)
(-1.9797e-09 7.45317e-11 2.20987e-08)
(-4.5448e-09 3.67365e-10 2.15741e-08)
(-7.14934e-09 6.47615e-10 2.11184e-08)
(-9.80963e-09 9.20989e-10 2.07375e-08)
(-1.25342e-08 1.18057e-09 2.04155e-08)
(5.53567e-09 -9.01794e-10 2.70545e-08)
(2.86177e-09 -5.51037e-10 2.62532e-08)
(1.89368e-10 -2.36902e-10 2.55471e-08)
(-2.49065e-09 6.57521e-11 2.49013e-08)
(-5.1965e-09 3.52698e-10 2.43247e-08)
(-7.94234e-09 6.27542e-10 2.38149e-08)
(-1.07445e-08 8.95746e-10 2.33772e-08)
(-1.3611e-08 1.14923e-09 2.29942e-08)
(5.37327e-09 -8.87967e-10 3.01486e-08)
(2.56415e-09 -5.45261e-10 2.92972e-08)
(-2.44348e-10 -2.38512e-10 2.85404e-08)
(-3.0609e-09 5.74612e-11 2.78428e-08)
(-5.90377e-09 3.38456e-10 2.72129e-08)
(-8.78703e-09 6.07816e-10 2.66475e-08)
(-1.17271e-08 8.70767e-10 2.61517e-08)
(-1.47312e-08 1.11812e-09 2.57066e-08)
(5.13998e-09 -8.73619e-10 3.33809e-08)
(2.19912e-09 -5.38973e-10 3.24784e-08)
(-7.41949e-10 -2.39619e-10 3.16697e-08)
(-3.69142e-09 4.96359e-11 3.09193e-08)
(-6.66758e-09 3.24616e-10 3.02349e-08)
(-9.6844e-09 5.88416e-10 2.96128e-08)
(-1.27583e-08 8.46034e-10 2.90578e-08)
(-1.5896e-08 1.08721e-09 2.85496e-08)
(4.83502e-09 -8.58796e-10 3.67471e-08)
(1.76589e-09 -5.32207e-10 3.57925e-08)
(-1.30421e-09 -2.4025e-10 3.49311e-08)
(-4.38298e-09 4.22543e-11 3.41267e-08)
(-7.48872e-09 3.11162e-10 3.33869e-08)
(-1.06353e-08 5.69326e-10 3.27072e-08)
(-1.38391e-08 8.21533e-10 3.20922e-08)
(-1.71064e-08 1.05649e-09 3.15201e-08)
(4.45782e-09 -8.43538e-10 4.02424e-08)
(1.26389e-09 -5.24992e-10 3.92353e-08)
(-1.9317e-09 -2.40429e-10 3.83202e-08)
(-5.13617e-09 3.52971e-11 3.74613e-08)
(-8.36779e-09 2.98078e-10 3.66652e-08)
(-1.16403e-08 5.50537e-10 3.59272e-08)
(-1.49701e-08 7.97263e-10 3.52514e-08)
(-1.83629e-08 1.02598e-09 3.4615e-08)
(4.00801e-09 -8.27878e-10 4.38626e-08)
(6.92745e-10 -5.17355e-10 4.28023e-08)
(-2.62481e-09 -2.40177e-10 4.18332e-08)
(-5.95137e-09 2.87482e-11 4.0919e-08)
(-9.30518e-09 2.85354e-10 4.00662e-08)
(-1.26998e-08 5.32045e-10 3.92693e-08)
(-1.61518e-08 7.73225e-10 3.85324e-08)
(-1.96661e-08 9.95689e-10 3.78312e-08)
(3.48545e-09 -8.11844e-10 4.76032e-08)
(5.22846e-11 -5.09319e-10 4.64894e-08)
(-3.38371e-09 -2.39514e-10 4.54658e-08)
(-6.82881e-09 2.25937e-11 4.44961e-08)
(-1.03012e-08 2.72981e-10 4.35861e-08)
(-1.38142e-08 5.13849e-10 4.27301e-08)
(-1.73845e-08 7.49427e-10 4.19316e-08)
(-2.10163e-08 9.65631e-10 4.11656e-08)
(2.89016e-09 -7.95462e-10 5.14598e-08)
(-6.57484e-10 -5.00906e-10 5.02925e-08)
(-4.20844e-09 -2.38456e-10 4.92142e-08)
(-7.76851e-09 1.68221e-11 4.81888e-08)
(-1.13558e-08 2.60956e-10 4.72214e-08)
(-1.49835e-08 4.95952e-10 4.63059e-08)
(-1.86683e-08 7.25877e-10 4.54459e-08)
(-2.24138e-08 9.35823e-10 4.4615e-08)
(2.22234e-09 -7.78757e-10 5.54284e-08)
(-1.43638e-09 -4.92137e-10 5.42074e-08)
(-5.09883e-09 -2.3702e-10 5.30745e-08)
(-8.77036e-09 1.14228e-11 5.19932e-08)
(-1.2469e-08 2.49273e-10 5.09684e-08)
(-1.62078e-08 4.78357e-10 4.99936e-08)
(-2.00033e-08 7.02586e-10 4.90719e-08)
(-2.38586e-08 9.06285e-10 4.81764e-08)
(1.48236e-09 -7.61752e-10 5.95047e-08)
(-2.28408e-09 -4.8303e-10 5.82302e-08)
(-6.05458e-09 -2.35221e-10 5.70427e-08)
(-9.83409e-09 6.38663e-12 5.59057e-08)
(-1.36405e-08 2.3793e-10 5.48235e-08)
(-1.74867e-08 4.61066e-10 5.37895e-08)
(-2.13892e-08 6.79564e-10 5.28065e-08)
(-2.53506e-08 8.77033e-10 5.18466e-08)
(6.70749e-10 -7.44469e-10 6.36846e-08)
(-3.20007e-09 -4.73607e-10 6.2357e-08)
(-7.07523e-09 -2.33073e-10 6.11151e-08)
(-1.09593e-08 1.70448e-12 5.99226e-08)
(-1.48699e-08 2.26924e-10 5.87834e-08)
(-1.882e-08 4.44085e-10 5.76904e-08)
(-2.28258e-08 6.56822e-10 5.66464e-08)
(-2.68896e-08 8.48087e-10 5.56226e-08)
(-2.11834e-10 -7.26931e-10 6.79641e-08)
(-4.18372e-09 -4.63884e-10 6.65838e-08)
(-8.16018e-09 -2.3059e-10 6.5288e-08)
(-1.21453e-08 -2.63236e-12 6.40403e-08)
(-1.61568e-08 2.16253e-10 6.28444e-08)
(-2.02071e-08 4.27418e-10 6.16929e-08)
(-2.43127e-08 6.34369e-10 6.05883e-08)
(-2.84753e-08 8.19463e-10 5.95012e-08)
(-1.16458e-09 -7.09161e-10 7.23393e-08)
(-5.23428e-09 -4.53881e-10 7.09069e-08)
(-9.30871e-09 -2.27787e-10 6.95576e-08)
(-1.33916e-08 -6.63265e-12 6.82552e-08)
(-1.75004e-08 2.05914e-10 6.70032e-08)
(-2.16476e-08 4.11068e-10 6.57938e-08)
(-2.58494e-08 6.12216e-10 6.46292e-08)
(-3.0107e-08 7.91175e-10 6.34795e-08)
(-2.18657e-09 -6.91179e-10 7.68064e-08)
(-6.35086e-09 -4.43617e-10 7.53225e-08)
(-1.052e-08 -2.24678e-10 7.39203e-08)
(-1.46973e-08 -1.03053e-11 7.2564e-08)
(-1.89001e-08 1.95904e-10 7.12564e-08)
(-2.31407e-08 3.95038e-10 6.99896e-08)
(-2.74352e-08 5.90371e-10 6.87658e-08)
(-3.17844e-08 7.63239e-10 6.75545e-08)
(-3.27676e-09 -6.73009e-10 8.13617e-08)
(-7.53244e-09 -4.33111e-10 7.98269e-08)
(-1.1793e-08 -2.21277e-10 7.83726e-08)
(-1.60615e-08 -1.36593e-11 7.6963e-08)
(-2.0355e-08 1.8622e-10 7.56006e-08)
(-2.46856e-08 3.79332e-10 7.42774e-08)
(-2.90693e-08 5.68843e-10 7.29952e-08)
(-3.35066e-08 7.35669e-10 7.1723e-08)
(-4.434e-09 -6.54672e-10 8.60013e-08)
(-8.77794e-09 -4.2238e-10 8.44167e-08)
(-1.31267e-08 -2.17599e-10 8.29111e-08)
(-1.74831e-08 -1.67042e-11 8.1449e-08)
(-2.1864e-08 1.76858e-10 8.00327e-08)
(-2.62813e-08 3.63951e-10 7.86538e-08)
(-3.07509e-08 5.4764e-10 7.73141e-08)
(-3.52729e-08 7.08476e-10 7.59822e-08)
(-5.65705e-09 -6.3619e-10 9.07218e-08)
(-1.00861e-08 -4.11444e-10 8.90883e-08)
(-1.452e-08 -2.13658e-10 8.75323e-08)
(-1.89611e-08 -1.94493e-11 8.60186e-08)
(-2.34262e-08 1.67815e-10 8.45493e-08)
(-2.79269e-08 3.48898e-10 8.31157e-08)
(-3.24791e-08 5.26769e-10 8.17195e-08)
(-3.70825e-08 6.81674e-10 8.03291e-08)
(-6.94456e-09 -6.17585e-10 9.55196e-08)
(-1.14557e-08 -4.00321e-10 9.38382e-08)
(-1.59716e-08 -2.0947e-10 9.22328e-08)
(-2.04943e-08 -2.19046e-11 9.06686e-08)
(-2.50404e-08 1.59086e-10 8.91472e-08)
(-2.96214e-08 3.34174e-10 8.76601e-08)
(-3.42529e-08 5.06236e-10 8.62086e-08)
(-3.89343e-08 6.55273e-10 8.47608e-08)
(-8.29513e-09 -5.9888e-10 1.00391e-07)
(-1.28854e-08 -3.89031e-10 9.86631e-08)
(-1.74802e-08 -2.05048e-10 9.70094e-08)
(-2.20814e-08 -2.408e-11 9.53958e-08)
(-2.67054e-08 1.50666e-10 9.38235e-08)
(-3.13635e-08 3.1978e-10 9.22839e-08)
(-3.60711e-08 4.86049e-10 9.07782e-08)
(-4.08274e-08 6.29284e-10 8.92744e-08)
(-9.70726e-09 -5.80096e-10 1.05334e-07)
(-1.43736e-08 -3.77592e-10 1.0356e-07)
(-1.90444e-08 -2.00408e-10 1.01859e-07)
(-2.37211e-08 -2.59858e-11 1.00197e-07)
(-2.84199e-08 1.42551e-10 9.85749e-08)
(-3.3152e-08 3.05716e-10 9.69841e-08)
(-3.79326e-08 4.66212e-10 9.54255e-08)
(-4.27606e-08 6.03716e-10 9.3867e-08)
(-1.11794e-08 -5.61255e-10 1.10343e-07)
(-1.5919e-08 -3.66023e-10 1.08525e-07)
(-2.06627e-08 -1.95565e-10 1.06778e-07)
(-2.54119e-08 -2.76322e-11 1.05069e-07)
(-3.01826e-08 1.34735e-10 1.03399e-07)
(-3.49856e-08 2.91983e-10 1.01758e-07)
(-3.98361e-08 4.46732e-10 1.00148e-07)
(-4.47328e-08 5.78578e-10 9.85359e-08)
(-1.27099e-08 -5.42381e-10 1.15417e-07)
(-1.75198e-08 -3.54343e-10 1.13555e-07)
(-2.23336e-08 -1.90533e-10 1.11764e-07)
(-2.71524e-08 -2.903e-11 1.10009e-07)
(-3.1992e-08 1.27213e-10 1.08291e-07)
(-3.6863e-08 2.7858e-10 1.06602e-07)
(-4.17805e-08 4.27612e-10 1.04942e-07)
(-4.67428e-08 5.53879e-10 1.03278e-07)
(-1.42972e-08 -5.23493e-10 1.20551e-07)
(-1.91746e-08 -3.4257e-10 1.18648e-07)
(-2.40556e-08 -1.85329e-10 1.16814e-07)
(-2.89411e-08 -3.01896e-11 1.15014e-07)
(-3.38467e-08 1.19979e-10 1.13251e-07)
(-3.87828e-08 2.65507e-10 1.11514e-07)
(-4.37642e-08 4.08858e-10 1.09805e-07)
(-4.87893e-08 5.29627e-10 1.08091e-07)
(-1.59395e-08 -5.04616e-10 1.25744e-07)
(-2.08816e-08 -3.30724e-10 1.23801e-07)
(-2.5827e-08 -1.79967e-10 1.21924e-07)
(-3.07764e-08 -3.11218e-11 1.20081e-07)
(-3.57452e-08 1.13028e-10 1.18273e-07)
(-4.07436e-08 2.52764e-10 1.16491e-07)
(-4.57861e-08 3.90474e-10 1.14734e-07)
(-5.0871e-08 5.0583e-10 1.12972e-07)
(-1.76351e-08 -4.85769e-10 1.30991e-07)
(-2.26392e-08 -3.18822e-10 1.29009e-07)
(-2.76462e-08 -1.74461e-10 1.27092e-07)
(-3.26568e-08 -3.18374e-11 1.25208e-07)
(-3.76859e-08 1.06353e-10 1.23357e-07)
(-4.27438e-08 2.40349e-10 1.2153e-07)
(-4.78446e-08 3.72464e-10 1.19728e-07)
(-5.29866e-08 4.82494e-10 1.17918e-07)
(-1.93821e-08 -4.66976e-10 1.36291e-07)
(-2.44456e-08 -3.06884e-10 1.34272e-07)
(-2.95115e-08 -1.68828e-10 1.32315e-07)
(-3.45805e-08 -3.23473e-11 1.30391e-07)
(-3.96674e-08 9.99493e-11 1.28498e-07)
(-4.4782e-08 2.28261e-10 1.26628e-07)
(-4.99384e-08 3.54832e-10 1.24782e-07)
(-5.51346e-08 4.59626e-10 1.22927e-07)
(-2.11788e-08 -4.48258e-10 1.4164e-07)
(-2.6299e-08 -2.94929e-10 1.39585e-07)
(-3.14212e-08 -1.63083e-10 1.37591e-07)
(-3.65461e-08 -3.26624e-11 1.35627e-07)
(-4.1688e-08 9.38096e-11 1.33695e-07)
(-4.68566e-08 2.16499e-10 1.31784e-07)
(-5.20658e-08 3.37581e-10 1.29894e-07)
(-5.73138e-08 4.37233e-10 1.27996e-07)
(-2.30234e-08 -4.29637e-10 1.47036e-07)
(-2.81977e-08 -2.82973e-10 1.44946e-07)
(-3.33736e-08 -1.5724e-10 1.42916e-07)
(-3.85517e-08 -3.27936e-11 1.40915e-07)
(-4.3746e-08 8.79279e-11 1.38944e-07)
(-4.89661e-08 2.05062e-10 1.36993e-07)
(-5.42256e-08 3.20715e-10 1.35063e-07)
(-5.95225e-08 4.15321e-10 1.33122e-07)
(-2.49141e-08 -4.11135e-10 1.52475e-07)
(-3.01399e-08 -2.71037e-10 1.50353e-07)
(-3.5367e-08 -1.51314e-10 1.48288e-07)
(-4.05957e-08 -3.27518e-11 1.46251e-07)
(-4.58399e-08 8.22979e-11 1.44243e-07)
(-5.11089e-08 1.93948e-10 1.42254e-07)
(-5.64161e-08 3.04237e-10 1.40284e-07)
(-6.17595e-08 3.93895e-10 1.38304e-07)
(-2.68488e-08 -3.92773e-10 1.57956e-07)
(-3.21238e-08 -2.59138e-10 1.55802e-07)
(-3.73995e-08 -1.45321e-10 1.53704e-07)
(-4.26764e-08 -3.2548e-11 1.51634e-07)
(-4.7968e-08 7.69133e-11 1.4959e-07)
(-5.32835e-08 1.83156e-10 1.47564e-07)
(-5.86359e-08 2.8815e-10 1.45557e-07)
(-6.40232e-08 3.72963e-10 1.43537e-07)
(-2.88259e-08 -3.74573e-10 1.63476e-07)
(-3.41475e-08 -2.47295e-10 1.61292e-07)
(-3.94695e-08 -1.39274e-10 1.59163e-07)
(-4.47921e-08 -3.21931e-11 1.57059e-07)
(-5.01287e-08 7.17676e-11 1.54982e-07)
(-5.54882e-08 1.72683e-10 1.52921e-07)
(-6.08833e-08 2.72457e-10 1.50877e-07)
(-6.63123e-08 3.52528e-10 1.48821e-07)
(-3.08435e-08 -3.56556e-10 1.69033e-07)
(-3.62094e-08 -2.35526e-10 1.6682e-07)
(-4.15752e-08 -1.3319e-10 1.64661e-07)
(-4.69412e-08 -3.16978e-11 1.62526e-07)
(-5.23204e-08 6.68545e-11 1.60416e-07)
(-5.77215e-08 1.62529e-10 1.58322e-07)
(-6.3157e-08 2.57162e-10 1.56243e-07)
(-6.86252e-08 3.32597e-10 1.54152e-07)
(-3.28996e-08 -3.38744e-10 1.74623e-07)
(-3.83074e-08 -2.23848e-10 1.72384e-07)
(-4.37148e-08 -1.27083e-10 1.70196e-07)
(-4.91218e-08 -3.1073e-11 1.68032e-07)
(-5.45413e-08 6.21675e-11 1.65891e-07)
(-5.99818e-08 1.5269e-10 1.63765e-07)
(-6.54554e-08 2.42267e-10 1.61653e-07)
(-7.09605e-08 3.13175e-10 1.59528e-07)
(-3.49925e-08 -3.21158e-10 1.80246e-07)
(-4.044e-08 -2.12279e-10 1.77981e-07)
(-4.58866e-08 -1.20967e-10 1.75766e-07)
(-5.13324e-08 -3.03295e-11 1.73574e-07)
(-5.679e-08 5.77002e-11 1.71404e-07)
(-6.22675e-08 1.43166e-10 1.69247e-07)
(-6.7777e-08 2.27775e-10 1.67104e-07)
(-7.33168e-08 2.94267e-10 1.64948e-07)
(-3.71202e-08 -3.03819e-10 1.85898e-07)
(-4.26052e-08 -2.00838e-10 1.8361e-07)
(-4.80888e-08 -1.14857e-10 1.81369e-07)
(-5.35713e-08 -2.94778e-11 1.7915e-07)
(-5.90647e-08 5.34464e-11 1.76952e-07)
(-6.45771e-08 1.33954e-10 1.74767e-07)
(-7.01203e-08 2.13688e-10 1.72594e-07)
(-7.56926e-08 2.75879e-10 1.70407e-07)
(-3.92811e-08 -2.86749e-10 1.91577e-07)
(-4.48014e-08 -1.89543e-10 1.89267e-07)
(-5.03198e-08 -1.08767e-10 1.87002e-07)
(-5.58367e-08 -2.85285e-11 1.84758e-07)
(-6.13638e-08 4.93998e-11 1.82534e-07)
(-6.69091e-08 1.25054e-10 1.80322e-07)
(-7.24838e-08 2.00011e-10 1.78121e-07)
(-7.80865e-08 2.58016e-10 1.75905e-07)
(-4.14733e-08 -2.69969e-10 1.97282e-07)
(-4.70267e-08 -1.78409e-10 1.94951e-07)
(-5.25779e-08 -1.02711e-10 1.92664e-07)
(-5.81271e-08 -2.74921e-11 1.90396e-07)
(-6.36859e-08 4.55541e-11 1.88147e-07)
(-6.92619e-08 1.16462e-10 1.85909e-07)
(-7.4866e-08 1.86745e-10 1.83682e-07)
(-8.04971e-08 2.40683e-10 1.8144e-07)
(-4.3695e-08 -2.53498e-10 2.03011e-07)
(-4.92794e-08 -1.67456e-10 2.0066e-07)
(-5.48613e-08 -9.6704e-11 1.98351e-07)
(-6.04409e-08 -2.63789e-11 1.96062e-07)
(-6.60293e-08 4.19033e-11 1.93789e-07)
(-7.1634e-08 1.08177e-10 1.91528e-07)
(-7.72656e-08 1.73893e-10 1.89275e-07)
(-8.29231e-08 2.23886e-10 1.87008e-07)
(-4.59444e-08 -2.37359e-10 2.08761e-07)
(-5.15579e-08 -1.567e-10 2.06392e-07)
(-5.71685e-08 -9.07594e-11 2.04064e-07)
(-6.27764e-08 -2.51989e-11 2.01753e-07)
(-6.83925e-08 3.84414e-11 1.99459e-07)
(-7.4024e-08 1.00198e-10 1.97175e-07)
(-7.96812e-08 1.6146e-10 1.94899e-07)
(-8.53632e-08 2.07631e-10 1.92608e-07)
(-4.82199e-08 -2.21573e-10 2.1453e-07)
(-5.38605e-08 -1.46159e-10 2.12145e-07)
(-5.94978e-08 -8.48912e-11 2.09798e-07)
(-6.51321e-08 -2.39624e-11 2.07468e-07)
(-7.0774e-08 3.51625e-11 2.05154e-07)
(-7.64304e-08 9.25237e-11 2.02849e-07)
(-8.21113e-08 1.49447e-10 2.00551e-07)
(-8.78159e-08 1.91922e-10 1.98237e-07)
(-5.05197e-08 -2.06158e-10 2.20318e-07)
(-5.61855e-08 -1.35849e-10 2.17918e-07)
(-6.18476e-08 -7.91129e-11 2.15554e-07)
(-6.75066e-08 -2.26792e-11 2.13206e-07)
(-7.31724e-08 3.20609e-11 2.10872e-07)
(-7.88519e-08 8.51519e-11 2.08547e-07)
(-8.45547e-08 1.37857e-10 2.06229e-07)
(-9.02801e-08 1.76767e-10 2.03895e-07)
(-5.28422e-08 -1.91136e-10 2.26122e-07)
(-5.85313e-08 -1.25787e-10 2.23707e-07)
(-6.42165e-08 -7.34379e-11 2.21328e-07)
(-6.98982e-08 -2.1359e-11 2.18963e-07)
(-7.55862e-08 2.9131e-11 2.16612e-07)
(-8.12871e-08 7.80819e-11 2.14269e-07)
(-8.701e-08 1.26696e-10 2.11931e-07)
(-9.27546e-08 1.6217e-10 2.09578e-07)
(-5.51857e-08 -1.76528e-10 2.3194e-07)
(-6.08964e-08 -1.15989e-10 2.29513e-07)
(-6.66029e-08 -6.78797e-11 2.27119e-07)
(-7.23057e-08 -2.00113e-11 2.24739e-07)
(-7.80141e-08 2.63673e-11 2.22372e-07)
(-8.37346e-08 7.13123e-11 2.20011e-07)
(-8.9476e-08 1.15964e-10 2.17655e-07)
(-9.5238e-08 1.48139e-10 2.15285e-07)
(-5.75488e-08 -1.62352e-10 2.37771e-07)
(-6.32793e-08 -1.06473e-10 2.35333e-07)
(-6.90053e-08 -6.24511e-11 2.32925e-07)
(-7.47274e-08 -1.86454e-11 2.30531e-07)
(-8.04547e-08 2.37648e-11 2.28149e-07)
(-8.61932e-08 6.48423e-11 2.25773e-07)
(-9.19515e-08 1.05667e-10 2.23401e-07)
(-9.77294e-08 1.3468e-10 2.21014e-07)
(-5.99298e-08 -1.4863e-10 2.43613e-07)
(-6.56784e-08 -9.72548e-11 2.41165e-07)
(-7.14224e-08 -5.71651e-11 2.38745e-07)
(-7.71622e-08 -1.72705e-11 2.36338e-07)
(-8.29067e-08 2.13182e-11 2.33942e-07)
(-8.86617e-08 5.86712e-11 2.31552e-07)
(-9.44354e-08 9.58085e-11 2.29165e-07)
(-1.00228e-07 1.21799e-10 2.26763e-07)
(-6.23273e-08 -1.3538e-10 2.49466e-07)
(-6.80924e-08 -8.83499e-11 2.47008e-07)
(-7.38527e-08 -5.20344e-11 2.44578e-07)
(-7.96087e-08 -1.58955e-11 2.42159e-07)
(-8.53689e-08 1.90229e-11 2.39751e-07)
(-9.11389e-08 5.27985e-11 2.37347e-07)
(-9.69264e-08 8.63917e-11 2.34946e-07)
(-1.02731e-07 1.09504e-10 2.32531e-07)
(-6.47397e-08 -1.22623e-10 2.55327e-07)
(-7.05198e-08 -7.97743e-11 2.52861e-07)
(-7.62949e-08 -4.70713e-11 2.50421e-07)
(-8.20657e-08 -1.4529e-11 2.47992e-07)
(-8.78401e-08 1.68742e-11 2.45572e-07)
(-9.36237e-08 4.72238e-11 2.43156e-07)
(-9.94236e-08 7.74213e-11 2.40742e-07)
(-1.0524e-07 9.78011e-11 2.38315e-07)
(-6.71658e-08 -1.10377e-10 2.61195e-07)
(-7.29593e-08 -7.15439e-11 2.58722e-07)
(-7.87477e-08 -4.2288e-11 2.56274e-07)
(-8.45318e-08 -1.31795e-11 2.53835e-07)
(-9.03192e-08 1.48679e-11 2.51404e-07)
(-9.61149e-08 4.19472e-11 2.48977e-07)
(-1.01926e-07 6.89018e-11 2.46553e-07)
(-1.07752e-07 8.66992e-11 2.44115e-07)
(-6.96041e-08 -9.86617e-11 2.67069e-07)
(-7.54096e-08 -6.36741e-11 2.64591e-07)
(-8.121e-08 -3.76967e-11 2.62134e-07)
(-8.70061e-08 -1.18551e-11 2.59687e-07)
(-9.28049e-08 1.29998e-11 2.57247e-07)
(-9.86116e-08 3.6969e-11 2.5481e-07)
(-1.04432e-07 6.08379e-11 2.52375e-07)
(-1.10268e-07 7.62061e-11 2.49927e-07)
(-7.20533e-08 -8.74967e-11 2.72948e-07)
(-7.78694e-08 -5.61804e-11 2.70465e-07)
(-8.36805e-08 -3.3309e-11 2.68001e-07)
(-8.94873e-08 -1.05637e-11 2.65546e-07)
(-9.52964e-08 1.12664e-11 2.63098e-07)
(-1.01113e-07 3.22897e-11 2.60653e-07)
(-1.06942e-07 5.32349e-11 2.58209e-07)
(-1.12785e-07 6.63303e-11 2.55752e-07)
(-7.45122e-08 -7.69007e-11 2.78831e-07)
(-8.03377e-08 -4.9078e-11 2.76343e-07)
(-8.61582e-08 -2.91366e-11 2.73874e-07)
(-9.19744e-08 -9.3131e-12 2.71413e-07)
(-9.77927e-08 9.66412e-12 2.68957e-07)
(-1.03617e-07 2.79105e-11 2.66504e-07)
(-1.09454e-07 4.60985e-11 2.64052e-07)
(-1.15304e-07 5.70811e-11 2.61587e-07)
(-7.69796e-08 -6.68928e-11 2.84717e-07)
(-8.28132e-08 -4.23822e-11 2.82226e-07)
(-8.86419e-08 -2.5191e-11 2.79752e-07)
(-9.44664e-08 -8.11065e-12 2.77284e-07)
(-1.00293e-07 8.18991e-12 2.74822e-07)
(-1.06125e-07 2.38328e-11 2.72362e-07)
(-1.11968e-07 3.94347e-11 2.69903e-07)
(-1.17823e-07 4.84683e-11 2.67431e-07)
(-7.94543e-08 -5.7492e-11 2.90605e-07)
(-8.52949e-08 -3.61084e-11 2.88111e-07)
(-9.11307e-08 -2.14838e-11 2.85632e-07)
(-9.69625e-08 -6.96368e-12 2.8316e-07)
(-1.02796e-07 6.84103e-12 2.80692e-07)
(-1.08634e-07 2.00586e-11 2.78226e-07)
(-1.14483e-07 3.32504e-11 2.7576e-07)
(-1.20343e-07 4.05027e-11 2.73283e-07)
(-8.19353e-08 -4.87179e-11 2.96494e-07)
(-8.77818e-08 -3.02719e-11 2.93997e-07)
(-9.36236e-08 -1.80263e-11 2.91515e-07)
(-9.94616e-08 -5.87934e-12 2.89038e-07)
(-1.05301e-07 5.61498e-12 2.86566e-07)
(-1.11145e-07 1.65902e-11 2.84095e-07)
(-1.16998e-07 2.7553e-11 2.81623e-07)
(-1.22862e-07 3.31961e-11 2.79142e-07)
(-8.44215e-08 -4.059e-11 3.02382e-07)
(-9.02728e-08 -2.48884e-11 2.99885e-07)
(-9.61198e-08 -1.483e-11 2.974e-07)
(-1.01963e-07 -4.86473e-12 2.94919e-07)
(-1.07808e-07 4.50951e-12 2.92442e-07)
(-1.13656e-07 1.34306e-11 2.89967e-07)
(-1.19513e-07 2.23505e-11 2.87491e-07)
(-1.25379e-07 2.65616e-11 2.85005e-07)
(-8.6912e-08 -3.31284e-11 3.08271e-07)
(-9.27672e-08 -1.99735e-11 3.05772e-07)
(-9.86183e-08 -1.19066e-11 3.03285e-07)
(-1.04466e-07 -3.92694e-12 3.00801e-07)
(-1.10315e-07 3.52229e-12 2.98321e-07)
(-1.16167e-07 1.05825e-11 2.95841e-07)
(-1.22028e-07 1.76514e-11 2.93361e-07)
(-1.27896e-07 2.06135e-11 2.90873e-07)
(-8.94058e-08 -2.63532e-11 3.14158e-07)
(-9.5264e-08 -1.55425e-11 3.11659e-07)
(-1.01119e-07 -9.26689e-12 3.0917e-07)
(-1.0697e-07 -3.07299e-12 3.06684e-07)
(-1.12822e-07 2.65055e-12 3.04201e-07)
(-1.18678e-07 8.04813e-12 3.01718e-07)
(-1.2454e-07 1.34635e-11 2.99235e-07)
(-1.3041e-07 1.53671e-11 2.96743e-07)
(-9.1902e-08 -2.02832e-11 3.20044e-07)
(-9.77626e-08 -1.16087e-11 3.17545e-07)
(-1.0362e-07 -6.92017e-12 3.15054e-07)
(-1.09474e-07 -2.3095e-12 3.12566e-07)
(-1.1533e-07 1.89018e-12 3.1008e-07)
(-1.21188e-07 5.82731e-12 3.07595e-07)
(-1.27052e-07 9.79292e-12 3.05109e-07)
(-1.32922e-07 1.08378e-11 3.02616e-07)
(-9.43999e-08 -1.4934e-11 3.25928e-07)
(-1.00262e-07 -8.1801e-12 3.23429e-07)
(-1.06121e-07 -4.87071e-12 3.20937e-07)
(-1.11978e-07 -1.64138e-12 3.18447e-07)
(-1.17836e-07 1.23421e-12 3.1596e-07)
(-1.23696e-07 3.91371e-12 3.13472e-07)
(-1.29561e-07 6.63969e-12 3.10984e-07)
(-1.35432e-07 7.03916e-12 3.0849e-07)
(-9.68988e-08 -1.03119e-11 3.31809e-07)
(-1.02762e-07 -5.25226e-12 3.29311e-07)
(-1.08623e-07 -3.11087e-12 3.26818e-07)
(-1.14482e-07 -1.06897e-12 3.24327e-07)
(-1.20341e-07 6.69568e-13 3.21838e-07)
(-1.26202e-07 2.28701e-12 3.19349e-07)
(-1.32068e-07 3.9903e-12 3.16859e-07)
(-1.37939e-07 3.97876e-12 3.14364e-07)
(-9.93979e-08 -6.39995e-12 3.37687e-07)
(-1.05262e-07 -2.79571e-12 3.3519e-07)
(-1.11124e-07 -1.60871e-12 3.32697e-07)
(-1.16984e-07 -5.84459e-13 3.30205e-07)
(-1.22844e-07 1.68699e-13 3.27715e-07)
(-1.28707e-07 8.95347e-13 3.25224e-07)
(-1.34573e-07 1.7996e-12 3.22733e-07)
(-1.40443e-07 1.64693e-12 3.20237e-07)
(-1.01897e-07 -3.13418e-12 3.43563e-07)
(-1.07761e-07 -7.25297e-13 3.41066e-07)
(-1.13623e-07 -2.75855e-13 3.38573e-07)
(-1.19485e-07 -1.57531e-13 3.36081e-07)
(-1.25346e-07 -3.18759e-13 3.3359e-07)
(-1.31209e-07 -3.71205e-13 3.31098e-07)
(-1.37075e-07 -4.06341e-14 3.28606e-07)
(-1.42945e-07 -9.82522e-16 3.2611e-07)
(-1.04395e-07 -2.93325e-13 3.49435e-07)
(-1.10259e-07 1.24742e-12 3.46939e-07)
(-1.16122e-07 1.21102e-12 3.44446e-07)
(-1.21983e-07 4.51343e-13 3.41954e-07)
(-1.27845e-07 -7.1754e-13 3.39462e-07)
(-1.33708e-07 -1.6099e-12 3.3697e-07)
(-1.39575e-07 -1.72217e-12 3.34477e-07)
(-1.45444e-07 -1.09614e-12 3.3198e-07)
(-1.06892e-07 2.18027e-12 3.55305e-07)
(-1.12756e-07 3.14334e-12 3.5281e-07)
(-1.18618e-07 2.44347e-12 3.50316e-07)
(-1.2448e-07 4.54538e-13 3.47824e-07)
(-1.30341e-07 -1.98853e-12 3.45332e-07)
(-1.36205e-07 -3.71545e-12 3.4284e-07)
(-1.42072e-07 -3.87274e-12 3.40346e-07)
(-1.47942e-07 -2.10687e-12 3.3785e-07)
)
;
    }
    front
    {
        type            calculated;
        value           nonuniform List<vector> 
640
(
(5.39113e-10 4.88637e-10 2.38691e-10)
(3.70656e-10 4.21523e-10 1.53587e-11)
(2.03999e-10 2.37817e-10 -1.44467e-10)
(-6.21995e-12 -7.72638e-12 -2.34187e-10)
(-2.5079e-10 -2.77232e-10 -2.61918e-10)
(-5.16954e-10 -5.37783e-10 -2.19352e-10)
(-7.97172e-10 -7.57138e-10 -9.73445e-11)
(-1.16846e-09 -9.74636e-10 1.81012e-10)
(1.01069e-09 7.15099e-10 5.75249e-10)
(6.32451e-10 4.9262e-10 2.47271e-10)
(3.18089e-10 2.41774e-10 8.06374e-12)
(2.96926e-11 -6.3824e-11 -1.47225e-10)
(-2.56495e-10 -3.85847e-10 -2.00893e-10)
(-5.63436e-10 -6.99224e-10 -1.48563e-10)
(-9.15897e-10 -9.87191e-10 3.08666e-12)
(-1.31478e-09 -1.30046e-09 3.01765e-10)
(1.5533e-09 8.26744e-10 1.01226e-09)
(1.02679e-09 5.11735e-10 6.68881e-10)
(5.44154e-10 2.12195e-10 4.13592e-10)
(9.59126e-11 -1.12994e-10 2.34956e-10)
(-3.44692e-10 -4.45369e-10 1.5807e-10)
(-8.04955e-10 -7.75265e-10 1.8587e-10)
(-1.30698e-09 -1.10075e-09 3.15429e-10)
(-1.82334e-09 -1.43877e-09 5.54272e-10)
(2.10619e-09 8.98636e-10 1.64841e-09)
(1.43294e-09 5.33664e-10 1.29581e-09)
(7.84551e-10 1.97443e-10 1.02797e-09)
(1.61027e-10 -1.4428e-10 8.32214e-10)
(-4.58319e-10 -4.83689e-10 7.32118e-10)
(-1.09503e-09 -8.20172e-10 7.31634e-10)
(-1.76436e-09 -1.15704e-09 8.34728e-10)
(-2.45379e-09 -1.49556e-09 1.04231e-09)
(2.64398e-09 9.40112e-10 2.4924e-09)
(1.81477e-09 5.48967e-10 2.12564e-09)
(1.00258e-09 1.91546e-10 1.84387e-09)
(2.0669e-10 -1.60326e-10 1.63127e-09)
(-5.88922e-10 -5.02947e-10 1.50925e-09)
(-1.40123e-09 -8.39704e-10 1.48324e-09)
(-2.24378e-09 -1.17522e-09 1.56095e-09)
(-3.12025e-09 -1.50958e-09 1.74538e-09)
(3.15601e-09 9.63484e-10 3.54032e-09)
(2.16617e-09 5.59228e-10 3.15464e-09)
(1.19009e-09 1.91261e-10 2.85602e-09)
(2.24422e-10 -1.65497e-10 2.62483e-09)
(-7.44846e-10 -5.08177e-10 2.48083e-09)
(-1.73252e-09 -8.41646e-10 2.43008e-09)
(-2.7529e-09 -1.17131e-09 2.48201e-09)
(-3.81721e-09 -1.49859e-09 2.64015e-09)
(3.63447e-09 9.75403e-10 4.78742e-09)
(2.48238e-09 5.65898e-10 4.37867e-09)
(1.34235e-09 1.94231e-10 4.05938e-09)
(2.08604e-10 -1.63387e-10 3.80667e-09)
(-9.32554e-10 -5.03806e-10 3.63886e-09)
(-2.09521e-09 -8.32367e-10 3.56184e-09)
(-3.29464e-09 -1.15517e-09 3.58561e-09)
(-4.54476e-09 -1.47416e-09 3.71228e-09)
(4.07296e-09 9.7983e-10 6.22846e-09)
(2.75856e-09 5.69957e-10 5.79293e-09)
(1.45509e-09 1.98911e-10 5.44904e-09)
(1.54858e-10 -1.56726e-10 5.17127e-09)
(-1.15633e-09 -4.9335e-10 4.97669e-09)
(-2.49248e-09 -8.16411e-10 4.87047e-09)
(-3.86949e-09 -1.13249e-09 4.86252e-09)
(-5.30187e-09 -1.44336e-09 4.95271e-09)
(4.46606e-09 9.79221e-10 7.8581e-09)
(2.99036e-09 5.72082e-10 7.39238e-09)
(1.52456e-09 2.04354e-10 7.02004e-09)
(5.96695e-11 -1.47449e-10 6.71351e-09)
(-1.41933e-09 -4.79379e-10 6.48867e-09)
(-2.92652e-09 -7.96848e-10 6.34972e-09)
(-4.47814e-09 -1.1067e-09 6.30611e-09)
(-6.0883e-09 -1.41005e-09 6.35538e-09)
(4.80915e-09 9.75133e-10 9.67098e-09)
(3.17385e-09 5.72722e-10 9.17189e-09)
(1.54745e-09 2.09972e-10 8.76748e-09)
(-7.99259e-11 -1.36853e-10 8.42853e-09)
(-1.72408e-09 -4.63606e-10 8.16982e-09)
(-3.39923e-09 -7.75578e-10 7.99449e-09)
(-5.12171e-09 -1.07968e-09 7.91142e-09)
(-6.90484e-09 -1.37611e-09 7.91589e-09)
(5.09821e-09 9.68564e-10 1.16618e-08)
(3.30558e-09 5.72161e-10 1.11264e-08)
(1.52078e-09 2.15397e-10 1.06865e-08)
(-2.6653e-10 -1.25772e-10 1.03117e-08)
(-2.07284e-09 -4.47096e-10 1.00156e-08)
(-3.91246e-09 -7.53699e-10 9.80047e-09)
(-5.8017e-09 -1.05242e-09 9.67443e-09)
(-7.75302e-09 -1.34236e-09 9.63071e-09)
(5.32981e-09 9.60163e-10 1.38252e-08)
(3.38248e-09 5.70583e-10 1.32508e-08)
(1.44189e-09 2.20407e-10 1.27725e-08)
(-5.02487e-10 -1.14708e-10 1.23586e-08)
(-2.46767e-09 -4.30472e-10 1.2022e-08)
(-4.46803e-09 -7.31797e-10 1.17638e-08)
(-6.51985e-09 -1.02536e-09 1.15916e-08)
(-8.63466e-09 -1.30909e-09 1.14968e-08)
(5.50098e-09 9.5036e-10 1.61561e-08)
(3.40187e-09 5.68117e-10 1.55402e-08)
(1.30839e-09 2.24882e-10 1.50207e-08)
(-7.89932e-10 -1.03945e-10 1.45649e-08)
(-2.91054e-09 -4.14069e-10 1.41848e-08)
(-5.06779e-09 -7.10161e-10 1.38807e-08)
(-7.27796e-09 -9.98681e-10 1.36597e-08)
(-9.55175e-09 -1.27634e-09 1.35111e-08)
(5.60917e-09 9.39447e-10 1.86494e-08)
(3.3614e-09 5.64859e-10 1.79899e-08)
(1.11816e-09 2.28769e-10 1.74267e-08)
(-1.13081e-09 -9.36297e-11 1.69264e-08)
(-3.40325e-09 -3.9805e-10 1.65003e-08)
(-5.71351e-09 -6.88906e-10 1.61478e-08)
(-8.07784e-09 -9.72414e-10 1.58755e-08)
(-1.05062e-08 -1.24406e-09 1.5671e-08)
(5.65221e-09 9.27625e-10 2.13002e-08)
(3.25902e-09 5.60886e-10 2.05951e-08)
(8.69307e-10 2.32057e-10 1.9986e-08)
(-1.52688e-09 -8.38207e-11 1.94391e-08)
(-3.9475e-09 -3.82479e-10 1.89647e-08)
(-6.40685e-09 -6.68061e-10 1.85615e-08)
(-8.92121e-09 -9.46531e-10 1.82358e-08)
(-1.14998e-08 -1.21216e-09 1.79734e-08)
(5.62823e-09 9.1504e-10 2.41035e-08)
(3.09297e-09 5.5626e-10 2.3351e-08)
(5.60185e-10 2.3476e-10 2.26943e-08)
(-1.9797e-09 -7.45317e-11 2.20987e-08)
(-4.5448e-09 -3.67365e-10 2.15741e-08)
(-7.14934e-09 -6.47615e-10 2.11184e-08)
(-9.80963e-09 -9.20989e-10 2.07375e-08)
(-1.25342e-08 -1.18057e-09 2.04155e-08)
(5.53567e-09 9.01794e-10 2.70545e-08)
(2.86177e-09 5.51037e-10 2.62532e-08)
(1.89368e-10 2.36902e-10 2.55471e-08)
(-2.49065e-09 -6.57521e-11 2.49013e-08)
(-5.1965e-09 -3.52698e-10 2.43247e-08)
(-7.94234e-09 -6.27542e-10 2.38149e-08)
(-1.07445e-08 -8.95746e-10 2.33772e-08)
(-1.3611e-08 -1.14923e-09 2.29942e-08)
(5.37327e-09 8.87967e-10 3.01486e-08)
(2.56415e-09 5.45261e-10 2.92972e-08)
(-2.44348e-10 2.38512e-10 2.85404e-08)
(-3.0609e-09 -5.74612e-11 2.78428e-08)
(-5.90377e-09 -3.38456e-10 2.72129e-08)
(-8.78703e-09 -6.07816e-10 2.66475e-08)
(-1.17271e-08 -8.70767e-10 2.61517e-08)
(-1.47312e-08 -1.11812e-09 2.57066e-08)
(5.13998e-09 8.73618e-10 3.33809e-08)
(2.19912e-09 5.38973e-10 3.24784e-08)
(-7.41949e-10 2.39619e-10 3.16697e-08)
(-3.69142e-09 -4.96359e-11 3.09193e-08)
(-6.66758e-09 -3.24616e-10 3.02349e-08)
(-9.6844e-09 -5.88416e-10 2.96128e-08)
(-1.27583e-08 -8.46034e-10 2.90578e-08)
(-1.5896e-08 -1.08721e-09 2.85496e-08)
(4.83502e-09 8.58796e-10 3.67471e-08)
(1.76589e-09 5.32207e-10 3.57925e-08)
(-1.30421e-09 2.4025e-10 3.49311e-08)
(-4.38298e-09 -4.22543e-11 3.41267e-08)
(-7.48872e-09 -3.11162e-10 3.33869e-08)
(-1.06353e-08 -5.69326e-10 3.27072e-08)
(-1.38391e-08 -8.21533e-10 3.20922e-08)
(-1.71064e-08 -1.05649e-09 3.15201e-08)
(4.45782e-09 8.43538e-10 4.02424e-08)
(1.26389e-09 5.24992e-10 3.92353e-08)
(-1.9317e-09 2.40429e-10 3.83202e-08)
(-5.13617e-09 -3.52971e-11 3.74613e-08)
(-8.36779e-09 -2.98078e-10 3.66652e-08)
(-1.16403e-08 -5.50537e-10 3.59272e-08)
(-1.49701e-08 -7.97263e-10 3.52514e-08)
(-1.83629e-08 -1.02598e-09 3.4615e-08)
(4.00801e-09 8.27878e-10 4.38626e-08)
(6.92745e-10 5.17355e-10 4.28023e-08)
(-2.62481e-09 2.40177e-10 4.18332e-08)
(-5.95137e-09 -2.87482e-11 4.0919e-08)
(-9.30518e-09 -2.85354e-10 4.00662e-08)
(-1.26998e-08 -5.32045e-10 3.92693e-08)
(-1.61518e-08 -7.73225e-10 3.85324e-08)
(-1.96661e-08 -9.95689e-10 3.78312e-08)
(3.48545e-09 8.11844e-10 4.76032e-08)
(5.22846e-11 5.09319e-10 4.64894e-08)
(-3.38371e-09 2.39514e-10 4.54658e-08)
(-6.82881e-09 -2.25937e-11 4.44961e-08)
(-1.03012e-08 -2.72981e-10 4.35861e-08)
(-1.38142e-08 -5.13849e-10 4.27301e-08)
(-1.73845e-08 -7.49427e-10 4.19316e-08)
(-2.10163e-08 -9.65631e-10 4.11656e-08)
(2.89016e-09 7.95462e-10 5.14598e-08)
(-6.57484e-10 5.00906e-10 5.02925e-08)
(-4.20844e-09 2.38456e-10 4.92142e-08)
(-7.76851e-09 -1.68221e-11 4.81888e-08)
(-1.13558e-08 -2.60956e-10 4.72214e-08)
(-1.49835e-08 -4.95952e-10 4.63059e-08)
(-1.86683e-08 -7.25877e-10 4.54459e-08)
(-2.24138e-08 -9.35823e-10 4.4615e-08)
(2.22234e-09 7.78757e-10 5.54284e-08)
(-1.43638e-09 4.92137e-10 5.42074e-08)
(-5.09883e-09 2.3702e-10 5.30745e-08)
(-8.77036e-09 -1.14228e-11 5.19932e-08)
(-1.2469e-08 -2.49273e-10 5.09684e-08)
(-1.62078e-08 -4.78357e-10 4.99936e-08)
(-2.00033e-08 -7.02586e-10 4.90719e-08)
(-2.38586e-08 -9.06284e-10 4.81764e-08)
(1.48236e-09 7.61752e-10 5.95047e-08)
(-2.28408e-09 4.8303e-10 5.82302e-08)
(-6.05458e-09 2.35221e-10 5.70427e-08)
(-9.83409e-09 -6.38663e-12 5.59057e-08)
(-1.36405e-08 -2.3793e-10 5.48235e-08)
(-1.74867e-08 -4.61066e-10 5.37895e-08)
(-2.13892e-08 -6.79564e-10 5.28065e-08)
(-2.53506e-08 -8.77033e-10 5.18466e-08)
(6.70749e-10 7.44469e-10 6.36846e-08)
(-3.20007e-09 4.73607e-10 6.2357e-08)
(-7.07523e-09 2.33073e-10 6.11151e-08)
(-1.09593e-08 -1.70449e-12 5.99226e-08)
(-1.48699e-08 -2.26924e-10 5.87834e-08)
(-1.882e-08 -4.44085e-10 5.76904e-08)
(-2.28258e-08 -6.56822e-10 5.66464e-08)
(-2.68896e-08 -8.48087e-10 5.56226e-08)
(-2.11834e-10 7.26931e-10 6.79641e-08)
(-4.18372e-09 4.63884e-10 6.65838e-08)
(-8.16018e-09 2.3059e-10 6.5288e-08)
(-1.21453e-08 2.63235e-12 6.40403e-08)
(-1.61568e-08 -2.16253e-10 6.28444e-08)
(-2.02071e-08 -4.27418e-10 6.16929e-08)
(-2.43127e-08 -6.34369e-10 6.05883e-08)
(-2.84753e-08 -8.19463e-10 5.95012e-08)
(-1.16458e-09 7.09161e-10 7.23393e-08)
(-5.23428e-09 4.53881e-10 7.09069e-08)
(-9.30871e-09 2.27787e-10 6.95576e-08)
(-1.33916e-08 6.63264e-12 6.82552e-08)
(-1.75004e-08 -2.05914e-10 6.70032e-08)
(-2.16476e-08 -4.11068e-10 6.57938e-08)
(-2.58494e-08 -6.12216e-10 6.46292e-08)
(-3.0107e-08 -7.91175e-10 6.34795e-08)
(-2.18657e-09 6.91179e-10 7.68064e-08)
(-6.35086e-09 4.43617e-10 7.53225e-08)
(-1.052e-08 2.24678e-10 7.39203e-08)
(-1.46973e-08 1.03053e-11 7.2564e-08)
(-1.89001e-08 -1.95904e-10 7.12564e-08)
(-2.31407e-08 -3.95038e-10 6.99896e-08)
(-2.74352e-08 -5.90371e-10 6.87658e-08)
(-3.17844e-08 -7.63239e-10 6.75545e-08)
(-3.27676e-09 6.73009e-10 8.13617e-08)
(-7.53244e-09 4.33111e-10 7.98269e-08)
(-1.1793e-08 2.21277e-10 7.83726e-08)
(-1.60615e-08 1.36593e-11 7.6963e-08)
(-2.0355e-08 -1.8622e-10 7.56006e-08)
(-2.46856e-08 -3.79332e-10 7.42774e-08)
(-2.90693e-08 -5.68843e-10 7.29952e-08)
(-3.35066e-08 -7.35669e-10 7.1723e-08)
(-4.434e-09 6.54672e-10 8.60013e-08)
(-8.77794e-09 4.2238e-10 8.44167e-08)
(-1.31267e-08 2.17599e-10 8.29111e-08)
(-1.74831e-08 1.67042e-11 8.1449e-08)
(-2.1864e-08 -1.76858e-10 8.00327e-08)
(-2.62813e-08 -3.63951e-10 7.86538e-08)
(-3.07509e-08 -5.4764e-10 7.73141e-08)
(-3.52729e-08 -7.08476e-10 7.59822e-08)
(-5.65705e-09 6.3619e-10 9.07218e-08)
(-1.00861e-08 4.11444e-10 8.90883e-08)
(-1.452e-08 2.13658e-10 8.75323e-08)
(-1.89611e-08 1.94493e-11 8.60186e-08)
(-2.34262e-08 -1.67815e-10 8.45493e-08)
(-2.79269e-08 -3.48898e-10 8.31157e-08)
(-3.24791e-08 -5.26769e-10 8.17195e-08)
(-3.70825e-08 -6.81674e-10 8.03291e-08)
(-6.94456e-09 6.17585e-10 9.55196e-08)
(-1.14557e-08 4.00321e-10 9.38382e-08)
(-1.59716e-08 2.0947e-10 9.22328e-08)
(-2.04943e-08 2.19046e-11 9.06686e-08)
(-2.50404e-08 -1.59086e-10 8.91472e-08)
(-2.96214e-08 -3.34174e-10 8.76601e-08)
(-3.42529e-08 -5.06236e-10 8.62086e-08)
(-3.89343e-08 -6.55273e-10 8.47608e-08)
(-8.29513e-09 5.9888e-10 1.00391e-07)
(-1.28854e-08 3.89031e-10 9.86631e-08)
(-1.74802e-08 2.05048e-10 9.70094e-08)
(-2.20814e-08 2.408e-11 9.53958e-08)
(-2.67054e-08 -1.50666e-10 9.38235e-08)
(-3.13635e-08 -3.1978e-10 9.22839e-08)
(-3.60711e-08 -4.86049e-10 9.07782e-08)
(-4.08274e-08 -6.29284e-10 8.92744e-08)
(-9.70726e-09 5.80096e-10 1.05334e-07)
(-1.43736e-08 3.77592e-10 1.0356e-07)
(-1.90444e-08 2.00408e-10 1.01859e-07)
(-2.37211e-08 2.59857e-11 1.00197e-07)
(-2.84199e-08 -1.42551e-10 9.85749e-08)
(-3.3152e-08 -3.05716e-10 9.69841e-08)
(-3.79326e-08 -4.66212e-10 9.54255e-08)
(-4.27606e-08 -6.03716e-10 9.3867e-08)
(-1.11794e-08 5.61255e-10 1.10343e-07)
(-1.5919e-08 3.66023e-10 1.08525e-07)
(-2.06627e-08 1.95565e-10 1.06778e-07)
(-2.54119e-08 2.76322e-11 1.05069e-07)
(-3.01826e-08 -1.34735e-10 1.03399e-07)
(-3.49856e-08 -2.91983e-10 1.01758e-07)
(-3.98361e-08 -4.46732e-10 1.00148e-07)
(-4.47328e-08 -5.78578e-10 9.85359e-08)
(-1.27099e-08 5.42381e-10 1.15417e-07)
(-1.75198e-08 3.54343e-10 1.13555e-07)
(-2.23336e-08 1.90533e-10 1.11764e-07)
(-2.71524e-08 2.90299e-11 1.10009e-07)
(-3.1992e-08 -1.27213e-10 1.08291e-07)
(-3.6863e-08 -2.7858e-10 1.06602e-07)
(-4.17805e-08 -4.27612e-10 1.04942e-07)
(-4.67428e-08 -5.53879e-10 1.03278e-07)
(-1.42972e-08 5.23493e-10 1.20551e-07)
(-1.91746e-08 3.4257e-10 1.18648e-07)
(-2.40556e-08 1.85329e-10 1.16814e-07)
(-2.89411e-08 3.01895e-11 1.15014e-07)
(-3.38467e-08 -1.19979e-10 1.13251e-07)
(-3.87828e-08 -2.65507e-10 1.11514e-07)
(-4.37642e-08 -4.08858e-10 1.09805e-07)
(-4.87893e-08 -5.29627e-10 1.08091e-07)
(-1.59395e-08 5.04616e-10 1.25744e-07)
(-2.08816e-08 3.30724e-10 1.23801e-07)
(-2.5827e-08 1.79966e-10 1.21924e-07)
(-3.07764e-08 3.11217e-11 1.20081e-07)
(-3.57452e-08 -1.13028e-10 1.18273e-07)
(-4.07436e-08 -2.52764e-10 1.16491e-07)
(-4.57861e-08 -3.90474e-10 1.14734e-07)
(-5.0871e-08 -5.0583e-10 1.12972e-07)
(-1.76351e-08 4.85769e-10 1.30991e-07)
(-2.26392e-08 3.18822e-10 1.29009e-07)
(-2.76462e-08 1.74461e-10 1.27092e-07)
(-3.26568e-08 3.18373e-11 1.25208e-07)
(-3.76859e-08 -1.06353e-10 1.23357e-07)
(-4.27438e-08 -2.40349e-10 1.2153e-07)
(-4.78446e-08 -3.72464e-10 1.19728e-07)
(-5.29866e-08 -4.82494e-10 1.17918e-07)
(-1.93821e-08 4.66976e-10 1.36291e-07)
(-2.44456e-08 3.06884e-10 1.34272e-07)
(-2.95115e-08 1.68828e-10 1.32315e-07)
(-3.45805e-08 3.23472e-11 1.30391e-07)
(-3.96674e-08 -9.99493e-11 1.28498e-07)
(-4.4782e-08 -2.28261e-10 1.26628e-07)
(-4.99384e-08 -3.54832e-10 1.24782e-07)
(-5.51346e-08 -4.59626e-10 1.22927e-07)
(-2.11788e-08 4.48258e-10 1.4164e-07)
(-2.6299e-08 2.94929e-10 1.39585e-07)
(-3.14212e-08 1.63083e-10 1.37591e-07)
(-3.65461e-08 3.26623e-11 1.35627e-07)
(-4.1688e-08 -9.38096e-11 1.33695e-07)
(-4.68566e-08 -2.16499e-10 1.31784e-07)
(-5.20658e-08 -3.37581e-10 1.29894e-07)
(-5.73138e-08 -4.37233e-10 1.27996e-07)
(-2.30234e-08 4.29637e-10 1.47036e-07)
(-2.81977e-08 2.82973e-10 1.44946e-07)
(-3.33736e-08 1.5724e-10 1.42916e-07)
(-3.85517e-08 3.27935e-11 1.40915e-07)
(-4.3746e-08 -8.79279e-11 1.38944e-07)
(-4.89661e-08 -2.05062e-10 1.36993e-07)
(-5.42256e-08 -3.20715e-10 1.35063e-07)
(-5.95225e-08 -4.15321e-10 1.33122e-07)
(-2.49141e-08 4.11135e-10 1.52475e-07)
(-3.01399e-08 2.71037e-10 1.50353e-07)
(-3.5367e-08 1.51314e-10 1.48288e-07)
(-4.05957e-08 3.27518e-11 1.46251e-07)
(-4.58399e-08 -8.2298e-11 1.44243e-07)
(-5.11089e-08 -1.93948e-10 1.42254e-07)
(-5.64161e-08 -3.04237e-10 1.40284e-07)
(-6.17595e-08 -3.93895e-10 1.38304e-07)
(-2.68488e-08 3.92773e-10 1.57956e-07)
(-3.21238e-08 2.59138e-10 1.55802e-07)
(-3.73995e-08 1.45321e-10 1.53704e-07)
(-4.26764e-08 3.2548e-11 1.51634e-07)
(-4.7968e-08 -7.69133e-11 1.4959e-07)
(-5.32835e-08 -1.83156e-10 1.47564e-07)
(-5.86359e-08 -2.8815e-10 1.45557e-07)
(-6.40232e-08 -3.72963e-10 1.43537e-07)
(-2.88259e-08 3.74573e-10 1.63476e-07)
(-3.41475e-08 2.47295e-10 1.61292e-07)
(-3.94695e-08 1.39274e-10 1.59163e-07)
(-4.47921e-08 3.2193e-11 1.57059e-07)
(-5.01287e-08 -7.17677e-11 1.54982e-07)
(-5.54882e-08 -1.72683e-10 1.52921e-07)
(-6.08833e-08 -2.72457e-10 1.50877e-07)
(-6.63123e-08 -3.52528e-10 1.48821e-07)
(-3.08435e-08 3.56556e-10 1.69033e-07)
(-3.62094e-08 2.35525e-10 1.6682e-07)
(-4.15752e-08 1.3319e-10 1.64661e-07)
(-4.69412e-08 3.16978e-11 1.62526e-07)
(-5.23204e-08 -6.68545e-11 1.60416e-07)
(-5.77215e-08 -1.62529e-10 1.58322e-07)
(-6.3157e-08 -2.57162e-10 1.56243e-07)
(-6.86252e-08 -3.32597e-10 1.54152e-07)
(-3.28996e-08 3.38744e-10 1.74623e-07)
(-3.83074e-08 2.23848e-10 1.72384e-07)
(-4.37148e-08 1.27083e-10 1.70196e-07)
(-4.91218e-08 3.1073e-11 1.68032e-07)
(-5.45413e-08 -6.21675e-11 1.65891e-07)
(-5.99818e-08 -1.5269e-10 1.63765e-07)
(-6.54554e-08 -2.42267e-10 1.61653e-07)
(-7.09605e-08 -3.13175e-10 1.59528e-07)
(-3.49925e-08 3.21158e-10 1.80246e-07)
(-4.044e-08 2.12279e-10 1.77981e-07)
(-4.58866e-08 1.20967e-10 1.75766e-07)
(-5.13324e-08 3.03294e-11 1.73574e-07)
(-5.679e-08 -5.77003e-11 1.71404e-07)
(-6.22675e-08 -1.43166e-10 1.69247e-07)
(-6.7777e-08 -2.27775e-10 1.67104e-07)
(-7.33168e-08 -2.94267e-10 1.64948e-07)
(-3.71202e-08 3.03819e-10 1.85898e-07)
(-4.26052e-08 2.00838e-10 1.8361e-07)
(-4.80888e-08 1.14857e-10 1.81369e-07)
(-5.35713e-08 2.94778e-11 1.7915e-07)
(-5.90647e-08 -5.34464e-11 1.76952e-07)
(-6.45771e-08 -1.33954e-10 1.74767e-07)
(-7.01203e-08 -2.13688e-10 1.72594e-07)
(-7.56926e-08 -2.75879e-10 1.70407e-07)
(-3.92811e-08 2.86749e-10 1.91577e-07)
(-4.48014e-08 1.89542e-10 1.89267e-07)
(-5.03198e-08 1.08767e-10 1.87002e-07)
(-5.58367e-08 2.85285e-11 1.84758e-07)
(-6.13638e-08 -4.93998e-11 1.82534e-07)
(-6.69091e-08 -1.25054e-10 1.80322e-07)
(-7.24838e-08 -2.00011e-10 1.78121e-07)
(-7.80865e-08 -2.58016e-10 1.75905e-07)
(-4.14733e-08 2.69968e-10 1.97282e-07)
(-4.70267e-08 1.78409e-10 1.94951e-07)
(-5.25779e-08 1.02711e-10 1.92664e-07)
(-5.81271e-08 2.74921e-11 1.90396e-07)
(-6.36859e-08 -4.55541e-11 1.88147e-07)
(-6.92619e-08 -1.16462e-10 1.85909e-07)
(-7.4866e-08 -1.86745e-10 1.83682e-07)
(-8.04971e-08 -2.40683e-10 1.8144e-07)
(-4.3695e-08 2.53498e-10 2.03011e-07)
(-4.92794e-08 1.67456e-10 2.0066e-07)
(-5.48613e-08 9.67039e-11 1.98351e-07)
(-6.04409e-08 2.63788e-11 1.96062e-07)
(-6.60293e-08 -4.19034e-11 1.93789e-07)
(-7.1634e-08 -1.08177e-10 1.91528e-07)
(-7.72656e-08 -1.73894e-10 1.89275e-07)
(-8.29231e-08 -2.23886e-10 1.87008e-07)
(-4.59444e-08 2.37359e-10 2.08761e-07)
(-5.15579e-08 1.567e-10 2.06392e-07)
(-5.71685e-08 9.07594e-11 2.04064e-07)
(-6.27764e-08 2.51989e-11 2.01753e-07)
(-6.83925e-08 -3.84415e-11 1.99459e-07)
(-7.4024e-08 -1.00198e-10 1.97175e-07)
(-7.96812e-08 -1.6146e-10 1.94899e-07)
(-8.53632e-08 -2.07631e-10 1.92608e-07)
(-4.82199e-08 2.21572e-10 2.1453e-07)
(-5.38605e-08 1.46159e-10 2.12145e-07)
(-5.94978e-08 8.48911e-11 2.09798e-07)
(-6.51321e-08 2.39624e-11 2.07468e-07)
(-7.0774e-08 -3.51626e-11 2.05154e-07)
(-7.64304e-08 -9.25237e-11 2.02849e-07)
(-8.21113e-08 -1.49447e-10 2.00551e-07)
(-8.78159e-08 -1.91922e-10 1.98237e-07)
(-5.05197e-08 2.06158e-10 2.20318e-07)
(-5.61855e-08 1.35848e-10 2.17918e-07)
(-6.18476e-08 7.91128e-11 2.15554e-07)
(-6.75066e-08 2.26792e-11 2.13206e-07)
(-7.31724e-08 -3.2061e-11 2.10872e-07)
(-7.88519e-08 -8.5152e-11 2.08547e-07)
(-8.45547e-08 -1.37858e-10 2.06229e-07)
(-9.02801e-08 -1.76767e-10 2.03895e-07)
(-5.28422e-08 1.91136e-10 2.26122e-07)
(-5.85313e-08 1.25786e-10 2.23707e-07)
(-6.42165e-08 7.34379e-11 2.21328e-07)
(-6.98982e-08 2.13589e-11 2.18963e-07)
(-7.55862e-08 -2.9131e-11 2.16612e-07)
(-8.12871e-08 -7.80819e-11 2.14269e-07)
(-8.701e-08 -1.26696e-10 2.11931e-07)
(-9.27546e-08 -1.6217e-10 2.09578e-07)
(-5.51857e-08 1.76528e-10 2.3194e-07)
(-6.08964e-08 1.15989e-10 2.29513e-07)
(-6.66029e-08 6.78796e-11 2.27119e-07)
(-7.23057e-08 2.00112e-11 2.24739e-07)
(-7.80141e-08 -2.63674e-11 2.22372e-07)
(-8.37346e-08 -7.13123e-11 2.20011e-07)
(-8.9476e-08 -1.15964e-10 2.17655e-07)
(-9.5238e-08 -1.48139e-10 2.15285e-07)
(-5.75488e-08 1.62352e-10 2.37771e-07)
(-6.32793e-08 1.06473e-10 2.35333e-07)
(-6.90053e-08 6.2451e-11 2.32925e-07)
(-7.47274e-08 1.86454e-11 2.30531e-07)
(-8.04547e-08 -2.37648e-11 2.28149e-07)
(-8.61932e-08 -6.48424e-11 2.25773e-07)
(-9.19515e-08 -1.05667e-10 2.23401e-07)
(-9.77294e-08 -1.3468e-10 2.21014e-07)
(-5.99298e-08 1.4863e-10 2.43613e-07)
(-6.56784e-08 9.72547e-11 2.41165e-07)
(-7.14224e-08 5.7165e-11 2.38745e-07)
(-7.71622e-08 1.72705e-11 2.36338e-07)
(-8.29067e-08 -2.13183e-11 2.33942e-07)
(-8.86617e-08 -5.86713e-11 2.31552e-07)
(-9.44354e-08 -9.58085e-11 2.29165e-07)
(-1.00228e-07 -1.21799e-10 2.26763e-07)
(-6.23273e-08 1.3538e-10 2.49466e-07)
(-6.80924e-08 8.83498e-11 2.47008e-07)
(-7.38527e-08 5.20343e-11 2.44578e-07)
(-7.96087e-08 1.58954e-11 2.42159e-07)
(-8.53689e-08 -1.9023e-11 2.39751e-07)
(-9.11389e-08 -5.27985e-11 2.37347e-07)
(-9.69264e-08 -8.63918e-11 2.34946e-07)
(-1.02731e-07 -1.09504e-10 2.32531e-07)
(-6.47397e-08 1.22622e-10 2.55327e-07)
(-7.05198e-08 7.97742e-11 2.52861e-07)
(-7.62949e-08 4.70712e-11 2.50421e-07)
(-8.20657e-08 1.4529e-11 2.47992e-07)
(-8.78401e-08 -1.68743e-11 2.45572e-07)
(-9.36237e-08 -4.72239e-11 2.43156e-07)
(-9.94236e-08 -7.74214e-11 2.40742e-07)
(-1.0524e-07 -9.78012e-11 2.38315e-07)
(-6.71658e-08 1.10377e-10 2.61195e-07)
(-7.29593e-08 7.15438e-11 2.58722e-07)
(-7.87477e-08 4.2288e-11 2.56274e-07)
(-8.45318e-08 1.31794e-11 2.53835e-07)
(-9.03192e-08 -1.4868e-11 2.51404e-07)
(-9.61149e-08 -4.19473e-11 2.48977e-07)
(-1.01926e-07 -6.89018e-11 2.46553e-07)
(-1.07752e-07 -8.66993e-11 2.44115e-07)
(-6.96041e-08 9.86615e-11 2.67069e-07)
(-7.54096e-08 6.3674e-11 2.64591e-07)
(-8.121e-08 3.76966e-11 2.62134e-07)
(-8.70061e-08 1.1855e-11 2.59687e-07)
(-9.28049e-08 -1.29999e-11 2.57247e-07)
(-9.86116e-08 -3.6969e-11 2.5481e-07)
(-1.04432e-07 -6.08379e-11 2.52375e-07)
(-1.10268e-07 -7.62062e-11 2.49927e-07)
(-7.20533e-08 8.74965e-11 2.72948e-07)
(-7.78694e-08 5.61803e-11 2.70465e-07)
(-8.36805e-08 3.33089e-11 2.68001e-07)
(-8.94873e-08 1.05636e-11 2.65546e-07)
(-9.52964e-08 -1.12665e-11 2.63098e-07)
(-1.01113e-07 -3.22898e-11 2.60653e-07)
(-1.06942e-07 -5.3235e-11 2.58209e-07)
(-1.12785e-07 -6.63304e-11 2.55752e-07)
(-7.45122e-08 7.69006e-11 2.78831e-07)
(-8.03377e-08 4.90779e-11 2.76343e-07)
(-8.61582e-08 2.91365e-11 2.73874e-07)
(-9.19744e-08 9.313e-12 2.71413e-07)
(-9.77927e-08 -9.6642e-12 2.68957e-07)
(-1.03617e-07 -2.79106e-11 2.66504e-07)
(-1.09454e-07 -4.60985e-11 2.64052e-07)
(-1.15304e-07 -5.70811e-11 2.61587e-07)
(-7.69796e-08 6.68926e-11 2.84717e-07)
(-8.28132e-08 4.23821e-11 2.82226e-07)
(-8.86419e-08 2.51909e-11 2.79752e-07)
(-9.44664e-08 8.11055e-12 2.77284e-07)
(-1.00293e-07 -8.19e-12 2.74822e-07)
(-1.06125e-07 -2.38329e-11 2.72362e-07)
(-1.11968e-07 -3.94348e-11 2.69903e-07)
(-1.17823e-07 -4.84683e-11 2.67431e-07)
(-7.94543e-08 5.74919e-11 2.90605e-07)
(-8.52949e-08 3.61082e-11 2.88111e-07)
(-9.11307e-08 2.14837e-11 2.85632e-07)
(-9.69625e-08 6.96358e-12 2.8316e-07)
(-1.02796e-07 -6.84112e-12 2.80692e-07)
(-1.08634e-07 -2.00587e-11 2.78226e-07)
(-1.14483e-07 -3.32505e-11 2.7576e-07)
(-1.20343e-07 -4.05027e-11 2.73283e-07)
(-8.19353e-08 4.87177e-11 2.96494e-07)
(-8.77818e-08 3.02717e-11 2.93997e-07)
(-9.36236e-08 1.80261e-11 2.91515e-07)
(-9.94616e-08 5.87923e-12 2.89038e-07)
(-1.05301e-07 -5.61508e-12 2.86566e-07)
(-1.11145e-07 -1.65903e-11 2.84095e-07)
(-1.16998e-07 -2.75531e-11 2.81623e-07)
(-1.22862e-07 -3.31961e-11 2.79142e-07)
(-8.44215e-08 4.05898e-11 3.02382e-07)
(-9.02728e-08 2.48882e-11 2.99885e-07)
(-9.61198e-08 1.48299e-11 2.974e-07)
(-1.01963e-07 4.86462e-12 2.94919e-07)
(-1.07808e-07 -4.50961e-12 2.92442e-07)
(-1.13656e-07 -1.34306e-11 2.89967e-07)
(-1.19513e-07 -2.23506e-11 2.87491e-07)
(-1.25379e-07 -2.65617e-11 2.85005e-07)
(-8.6912e-08 3.31283e-11 3.08271e-07)
(-9.27672e-08 1.99734e-11 3.05772e-07)
(-9.86183e-08 1.19065e-11 3.03285e-07)
(-1.04466e-07 3.92682e-12 3.00801e-07)
(-1.10315e-07 -3.5224e-12 2.98321e-07)
(-1.16167e-07 -1.05826e-11 2.95841e-07)
(-1.22028e-07 -1.76514e-11 2.93361e-07)
(-1.27896e-07 -2.06136e-11 2.90873e-07)
(-8.94058e-08 2.6353e-11 3.14158e-07)
(-9.5264e-08 1.55424e-11 3.11659e-07)
(-1.01119e-07 9.26676e-12 3.0917e-07)
(-1.0697e-07 3.07288e-12 3.06684e-07)
(-1.12822e-07 -2.65066e-12 3.04201e-07)
(-1.18678e-07 -8.04823e-12 3.01718e-07)
(-1.2454e-07 -1.34636e-11 2.99235e-07)
(-1.3041e-07 -1.53672e-11 2.96743e-07)
(-9.1902e-08 2.02831e-11 3.20044e-07)
(-9.77626e-08 1.16086e-11 3.17545e-07)
(-1.0362e-07 6.92004e-12 3.15054e-07)
(-1.09474e-07 2.30939e-12 3.12566e-07)
(-1.1533e-07 -1.89029e-12 3.1008e-07)
(-1.21188e-07 -5.82741e-12 3.07595e-07)
(-1.27052e-07 -9.79301e-12 3.05109e-07)
(-1.32922e-07 -1.08379e-11 3.02616e-07)
(-9.43999e-08 1.49339e-11 3.25928e-07)
(-1.00262e-07 8.17995e-12 3.23429e-07)
(-1.06121e-07 4.87058e-12 3.20937e-07)
(-1.11978e-07 1.64126e-12 3.18447e-07)
(-1.17836e-07 -1.23433e-12 3.1596e-07)
(-1.23696e-07 -3.91382e-12 3.13472e-07)
(-1.29561e-07 -6.63979e-12 3.10984e-07)
(-1.35432e-07 -7.03924e-12 3.0849e-07)
(-9.68988e-08 1.03117e-11 3.31809e-07)
(-1.02762e-07 5.25211e-12 3.29311e-07)
(-1.08623e-07 3.11073e-12 3.26818e-07)
(-1.14482e-07 1.06884e-12 3.24327e-07)
(-1.20341e-07 -6.69686e-13 3.21838e-07)
(-1.26202e-07 -2.28712e-12 3.19349e-07)
(-1.32068e-07 -3.9904e-12 3.16859e-07)
(-1.37939e-07 -3.97885e-12 3.14364e-07)
(-9.93979e-08 6.39975e-12 3.37687e-07)
(-1.05262e-07 2.79555e-12 3.3519e-07)
(-1.11124e-07 1.60856e-12 3.32697e-07)
(-1.16984e-07 5.84332e-13 3.30205e-07)
(-1.22844e-07 -1.6882e-13 3.27715e-07)
(-1.28707e-07 -8.95465e-13 3.25224e-07)
(-1.34573e-07 -1.79971e-12 3.22733e-07)
(-1.40443e-07 -1.64703e-12 3.20237e-07)
(-1.01897e-07 3.13399e-12 3.43563e-07)
(-1.07761e-07 7.2514e-13 3.41066e-07)
(-1.13623e-07 2.75707e-13 3.38573e-07)
(-1.19485e-07 1.57398e-13 3.36081e-07)
(-1.25346e-07 3.18639e-13 3.3359e-07)
(-1.31209e-07 3.71083e-13 3.31098e-07)
(-1.37075e-07 4.0521e-14 3.28606e-07)
(-1.42945e-07 8.83316e-16 3.2611e-07)
(-1.04395e-07 2.93158e-13 3.49435e-07)
(-1.10259e-07 -1.24758e-12 3.46939e-07)
(-1.16122e-07 -1.21116e-12 3.44446e-07)
(-1.21983e-07 -4.51481e-13 3.41954e-07)
(-1.27845e-07 7.17409e-13 3.39462e-07)
(-1.33708e-07 1.60978e-12 3.3697e-07)
(-1.39575e-07 1.72206e-12 3.34477e-07)
(-1.45444e-07 1.09601e-12 3.3198e-07)
(-1.06892e-07 -2.1804e-12 3.55305e-07)
(-1.12756e-07 -3.1435e-12 3.5281e-07)
(-1.18618e-07 -2.44362e-12 3.50316e-07)
(-1.2448e-07 -4.54679e-13 3.47824e-07)
(-1.30341e-07 1.98839e-12 3.45332e-07)
(-1.36205e-07 3.71532e-12 3.4284e-07)
(-1.42072e-07 3.87264e-12 3.40346e-07)
(-1.47942e-07 2.10679e-12 3.3785e-07)
)
;
    }
    top
    {
        type            calculated;
        value           nonuniform List<vector> 
640
(
(-8.30656e-10 -7.59855e-10 5.11121e-10)
(-8.18171e-10 -4.65033e-10 6.929e-10)
(-9.19517e-10 -2.57338e-10 8.46519e-10)
(-9.74367e-10 -7.95049e-11 9.12111e-10)
(-9.74367e-10 7.95049e-11 9.12111e-10)
(-9.19517e-10 2.57338e-10 8.46519e-10)
(-8.18171e-10 4.65033e-10 6.929e-10)
(-8.30656e-10 7.59855e-10 5.11121e-10)
(-1.28384e-09 -1.30177e-09 6.3774e-10)
(-1.20299e-09 -8.51211e-10 8.90125e-10)
(-1.18426e-09 -4.91226e-10 1.08435e-09)
(-1.1863e-09 -1.57662e-10 1.1731e-09)
(-1.1863e-09 1.57662e-10 1.1731e-09)
(-1.18426e-09 4.91226e-10 1.08435e-09)
(-1.20299e-09 8.51211e-10 8.90125e-10)
(-1.28384e-09 1.30177e-09 6.3774e-10)
(-2.00707e-09 -1.43843e-09 9.0974e-10)
(-1.95012e-09 -1.00746e-09 1.18457e-09)
(-1.91031e-09 -5.94686e-10 1.37564e-09)
(-1.89719e-09 -1.95085e-10 1.46762e-09)
(-1.89719e-09 1.95085e-10 1.46762e-09)
(-1.91031e-09 5.94686e-10 1.37564e-09)
(-1.95012e-09 1.00746e-09 1.18457e-09)
(-2.00707e-09 1.43843e-09 9.0974e-10)
(-2.80518e-09 -1.4841e-09 1.39748e-09)
(-2.78286e-09 -1.06671e-09 1.67465e-09)
(-2.76039e-09 -6.37743e-10 1.85981e-09)
(-2.75111e-09 -2.11437e-10 1.95058e-09)
(-2.75111e-09 2.11437e-10 1.95058e-09)
(-2.76039e-09 6.37743e-10 1.85981e-09)
(-2.78286e-09 1.06671e-09 1.67465e-09)
(-2.80518e-09 1.4841e-09 1.39748e-09)
(-3.61101e-09 -1.49349e-09 2.08523e-09)
(-3.61747e-09 -1.08238e-09 2.35663e-09)
(-3.61422e-09 -6.51932e-10 2.53831e-09)
(-3.61232e-09 -2.17284e-10 2.62823e-09)
(-3.61232e-09 2.17284e-10 2.62823e-09)
(-3.61422e-09 6.51932e-10 2.53831e-09)
(-3.61747e-09 1.08238e-09 2.35663e-09)
(-3.61101e-09 1.49349e-09 2.08523e-09)
(-4.42838e-09 -1.47958e-09 2.95888e-09)
(-4.45765e-09 -1.07557e-09 3.22203e-09)
(-4.46969e-09 -6.50432e-10 3.40009e-09)
(-4.4746e-09 -2.17409e-10 3.48903e-09)
(-4.4746e-09 2.17409e-10 3.48903e-09)
(-4.46969e-09 6.50432e-10 3.40009e-09)
(-4.45765e-09 1.07557e-09 3.22203e-09)
(-4.42838e-09 1.47958e-09 2.95888e-09)
(-5.26351e-09 -1.45298e-09 4.00699e-09)
(-5.31009e-09 -1.05749e-09 4.26153e-09)
(-5.33428e-09 -6.40792e-10 4.43543e-09)
(-5.345e-09 -2.14523e-10 4.52302e-09)
(-5.345e-09 2.14523e-10 4.52302e-09)
(-5.33428e-09 6.40792e-10 4.43543e-09)
(-5.31009e-09 1.05749e-09 4.26153e-09)
(-5.26351e-09 1.45298e-09 4.00699e-09)
(-6.11978e-09 -1.42084e-09 5.22145e-09)
(-6.17914e-09 -1.0344e-09 5.46772e-09)
(-6.21293e-09 -6.27382e-10 5.63725e-09)
(-6.22847e-09 -2.10202e-10 5.72317e-09)
(-6.22847e-09 2.10202e-10 5.72317e-09)
(-6.21293e-09 6.27382e-10 5.63725e-09)
(-6.17914e-09 1.0344e-09 5.46772e-09)
(-6.11978e-09 1.42084e-09 5.22145e-09)
(-6.99976e-09 -1.38698e-09 6.59663e-09)
(-7.06856e-09 -1.0096e-09 6.83522e-09)
(-7.10981e-09 -6.12547e-10 7.00041e-09)
(-7.12923e-09 -2.05304e-10 7.08449e-09)
(-7.12923e-09 2.05304e-10 7.08449e-09)
(-7.10981e-09 6.12547e-10 7.00041e-09)
(-7.06856e-09 1.0096e-09 6.83522e-09)
(-6.99976e-09 1.38698e-09 6.59663e-09)
(-7.90587e-09 -1.35311e-09 8.12833e-09)
(-7.98175e-09 -9.84637e-10 8.35983e-09)
(-8.02873e-09 -5.97428e-10 8.52077e-09)
(-8.05122e-09 -2.0026e-10 8.60294e-09)
(-8.05122e-09 2.0026e-10 8.60294e-09)
(-8.02873e-09 5.97428e-10 8.52077e-09)
(-7.98175e-09 9.84637e-10 8.35983e-09)
(-7.90587e-09 1.35311e-09 8.12833e-09)
(-8.84053e-09 -1.31986e-09 9.81313e-09)
(-8.92179e-09 -9.60141e-10 1.0038e-08)
(-8.97319e-09 -5.82511e-10 1.01948e-08)
(-8.99808e-09 -1.95258e-10 1.0275e-08)
(-8.99808e-09 1.95258e-10 1.0275e-08)
(-8.97319e-09 5.82511e-10 1.01948e-08)
(-8.92179e-09 9.60141e-10 1.0038e-08)
(-8.84053e-09 1.31986e-09 9.81313e-09)
(-9.80604e-09 -1.28736e-09 1.1648e-08)
(-9.89148e-09 -9.36265e-10 1.18665e-08)
(-9.94631e-09 -5.67948e-10 1.20193e-08)
(-9.97307e-09 -1.90366e-10 1.20975e-08)
(-9.97307e-09 1.90366e-10 1.20975e-08)
(-9.94631e-09 5.67948e-10 1.20193e-08)
(-9.89148e-09 9.36265e-10 1.18665e-08)
(-9.80604e-09 1.28736e-09 1.1648e-08)
(-1.08046e-08 -1.25552e-09 1.36301e-08)
(-1.08933e-08 -9.12965e-10 1.38425e-08)
(-1.09508e-08 -5.5374e-10 1.39912e-08)
(-1.09791e-08 -1.8559e-10 1.40676e-08)
(-1.09791e-08 1.8559e-10 1.40676e-08)
(-1.09508e-08 5.5374e-10 1.39912e-08)
(-1.08933e-08 9.12965e-10 1.38425e-08)
(-1.08046e-08 1.25552e-09 1.36301e-08)
(-1.18381e-08 -1.22423e-09 1.57566e-08)
(-1.19296e-08 -8.90134e-10 1.5963e-08)
(-1.19892e-08 -5.39833e-10 1.61078e-08)
(-1.20186e-08 -1.80916e-10 1.61822e-08)
(-1.20186e-08 1.80916e-10 1.61822e-08)
(-1.19892e-08 5.39833e-10 1.61078e-08)
(-1.19296e-08 8.90134e-10 1.5963e-08)
(-1.18381e-08 1.22423e-09 1.57566e-08)
(-1.29085e-08 -1.19333e-09 1.80249e-08)
(-1.30021e-08 -8.6766e-10 1.82253e-08)
(-1.30634e-08 -5.26159e-10 1.83662e-08)
(-1.30937e-08 -1.76323e-10 1.84385e-08)
(-1.30937e-08 1.76323e-10 1.84385e-08)
(-1.30634e-08 5.26159e-10 1.83662e-08)
(-1.30021e-08 8.6766e-10 1.82253e-08)
(-1.29085e-08 1.19333e-09 1.80249e-08)
(-1.40174e-08 -1.16274e-09 2.0432e-08)
(-1.41128e-08 -8.4545e-10 2.06265e-08)
(-1.41754e-08 -5.1266e-10 2.07634e-08)
(-1.42064e-08 -1.7179e-10 2.08338e-08)
(-1.42064e-08 1.7179e-10 2.08338e-08)
(-1.41754e-08 5.1266e-10 2.07634e-08)
(-1.41128e-08 8.4545e-10 2.06265e-08)
(-1.40174e-08 1.16274e-09 2.0432e-08)
(-1.51663e-08 -1.13238e-09 2.29751e-08)
(-1.5263e-08 -8.23437e-10 2.31637e-08)
(-1.53267e-08 -4.99293e-10 2.32967e-08)
(-1.53583e-08 -1.67305e-10 2.33651e-08)
(-1.53583e-08 1.67305e-10 2.33651e-08)
(-1.53267e-08 4.99293e-10 2.32967e-08)
(-1.5263e-08 8.23437e-10 2.31637e-08)
(-1.51663e-08 1.13238e-09 2.29751e-08)
(-1.63564e-08 -1.1022e-09 2.56513e-08)
(-1.64542e-08 -8.01581e-10 2.5834e-08)
(-1.65187e-08 -4.8603e-10 2.59631e-08)
(-1.65507e-08 -1.62855e-10 2.60296e-08)
(-1.65507e-08 1.62855e-10 2.60296e-08)
(-1.65187e-08 4.8603e-10 2.59631e-08)
(-1.64542e-08 8.01581e-10 2.5834e-08)
(-1.63564e-08 1.1022e-09 2.56513e-08)
(-1.75888e-08 -1.07218e-09 2.84576e-08)
(-1.76873e-08 -7.79859e-10 2.86346e-08)
(-1.77524e-08 -4.72855e-10 2.87598e-08)
(-1.77847e-08 -1.58437e-10 2.88243e-08)
(-1.77847e-08 1.58437e-10 2.88243e-08)
(-1.77524e-08 4.72855e-10 2.87598e-08)
(-1.76873e-08 7.79859e-10 2.86346e-08)
(-1.75888e-08 1.07218e-09 2.84576e-08)
(-1.88643e-08 -1.04233e-09 3.13911e-08)
(-1.89634e-08 -7.58263e-10 3.15623e-08)
(-1.90288e-08 -4.5976e-10 3.16837e-08)
(-1.90613e-08 -1.54046e-10 3.17462e-08)
(-1.90613e-08 1.54046e-10 3.17462e-08)
(-1.90288e-08 4.5976e-10 3.16837e-08)
(-1.89634e-08 7.58263e-10 3.15623e-08)
(-1.88643e-08 1.04233e-09 3.13911e-08)
(-2.01839e-08 -1.01265e-09 3.44489e-08)
(-2.0283e-08 -7.36795e-10 3.46143e-08)
(-2.03487e-08 -4.46746e-10 3.47318e-08)
(-2.03813e-08 -1.49683e-10 3.47924e-08)
(-2.03813e-08 1.49683e-10 3.47924e-08)
(-2.03487e-08 4.46746e-10 3.47318e-08)
(-2.0283e-08 7.36795e-10 3.46143e-08)
(-2.01839e-08 1.01265e-09 3.44489e-08)
(-2.15478e-08 -9.83152e-10 3.76278e-08)
(-2.16469e-08 -7.15463e-10 3.77876e-08)
(-2.17126e-08 -4.33817e-10 3.79013e-08)
(-2.17453e-08 -1.45349e-10 3.79599e-08)
(-2.17453e-08 1.45349e-10 3.79599e-08)
(-2.17126e-08 4.33817e-10 3.79013e-08)
(-2.16469e-08 7.15463e-10 3.77876e-08)
(-2.15478e-08 9.83152e-10 3.76278e-08)
(-2.29567e-08 -9.53854e-10 4.09248e-08)
(-2.30554e-08 -6.94276e-10 4.10791e-08)
(-2.3121e-08 -4.20978e-10 4.1189e-08)
(-2.31535e-08 -1.41046e-10 4.12457e-08)
(-2.31535e-08 1.41046e-10 4.12457e-08)
(-2.3121e-08 4.20978e-10 4.1189e-08)
(-2.30554e-08 6.94276e-10 4.10791e-08)
(-2.29567e-08 9.53854e-10 4.09248e-08)
(-2.44106e-08 -9.24777e-10 4.4337e-08)
(-2.45088e-08 -6.7325e-10 4.44858e-08)
(-2.4574e-08 -4.08238e-10 4.45919e-08)
(-2.46065e-08 -1.36776e-10 4.46468e-08)
(-2.46065e-08 1.36776e-10 4.46468e-08)
(-2.4574e-08 4.08238e-10 4.45919e-08)
(-2.45088e-08 6.7325e-10 4.44858e-08)
(-2.44106e-08 9.24777e-10 4.4337e-08)
(-2.59096e-08 -8.95939e-10 4.78613e-08)
(-2.60071e-08 -6.52396e-10 4.80046e-08)
(-2.60719e-08 -3.95603e-10 4.81072e-08)
(-2.61041e-08 -1.32542e-10 4.81602e-08)
(-2.61041e-08 1.32542e-10 4.81602e-08)
(-2.60719e-08 3.95603e-10 4.81072e-08)
(-2.60071e-08 6.52396e-10 4.80046e-08)
(-2.59096e-08 8.95939e-10 4.78613e-08)
(-2.74538e-08 -8.6736e-10 5.14947e-08)
(-2.75504e-08 -6.31729e-10 5.16327e-08)
(-2.76145e-08 -3.83082e-10 5.17316e-08)
(-2.76464e-08 -1.28346e-10 5.17828e-08)
(-2.76464e-08 1.28346e-10 5.17828e-08)
(-2.76145e-08 3.83082e-10 5.17316e-08)
(-2.75504e-08 6.31729e-10 5.16327e-08)
(-2.74538e-08 8.6736e-10 5.14947e-08)
(-2.9043e-08 -8.39058e-10 5.52341e-08)
(-2.91383e-08 -6.1126e-10 5.53669e-08)
(-2.92018e-08 -3.70683e-10 5.54623e-08)
(-2.92333e-08 -1.24191e-10 5.55116e-08)
(-2.92333e-08 1.24191e-10 5.55116e-08)
(-2.92018e-08 3.70683e-10 5.54623e-08)
(-2.91383e-08 6.1126e-10 5.53669e-08)
(-2.9043e-08 8.39058e-10 5.52341e-08)
(-3.06767e-08 -8.11051e-10 5.90766e-08)
(-3.07707e-08 -5.91003e-10 5.92043e-08)
(-3.08333e-08 -3.58412e-10 5.92962e-08)
(-3.08645e-08 -1.2008e-10 5.93438e-08)
(-3.08645e-08 1.2008e-10 5.93438e-08)
(-3.08333e-08 3.58412e-10 5.92962e-08)
(-3.07707e-08 5.91003e-10 5.92043e-08)
(-3.06767e-08 8.11051e-10 5.90766e-08)
(-3.23546e-08 -7.83355e-10 6.30192e-08)
(-3.24472e-08 -5.70969e-10 6.31419e-08)
(-3.25088e-08 -3.46278e-10 6.32303e-08)
(-3.25395e-08 -1.16015e-10 6.32762e-08)
(-3.25395e-08 1.16015e-10 6.32762e-08)
(-3.25088e-08 3.46278e-10 6.32303e-08)
(-3.24472e-08 5.70969e-10 6.31419e-08)
(-3.23546e-08 7.83355e-10 6.30192e-08)
(-3.40762e-08 -7.55985e-10 6.70589e-08)
(-3.41671e-08 -5.51168e-10 6.71767e-08)
(-3.42277e-08 -3.34285e-10 6.72618e-08)
(-3.42579e-08 -1.11997e-10 6.73059e-08)
(-3.42579e-08 1.11997e-10 6.73059e-08)
(-3.42277e-08 3.34285e-10 6.72618e-08)
(-3.41671e-08 5.51168e-10 6.71767e-08)
(-3.40762e-08 7.55985e-10 6.70589e-08)
(-3.58408e-08 -7.28955e-10 7.11928e-08)
(-3.59299e-08 -5.3161e-10 7.13058e-08)
(-3.59893e-08 -3.2244e-10 7.13876e-08)
(-3.6019e-08 -1.08029e-10 7.14301e-08)
(-3.6019e-08 1.08029e-10 7.14301e-08)
(-3.59893e-08 3.2244e-10 7.13876e-08)
(-3.59299e-08 5.3161e-10 7.13058e-08)
(-3.58408e-08 7.28955e-10 7.11928e-08)
(-3.76476e-08 -7.0228e-10 7.5418e-08)
(-3.77349e-08 -5.12305e-10 7.55262e-08)
(-3.7793e-08 -3.10749e-10 7.56048e-08)
(-3.7822e-08 -1.04113e-10 7.56457e-08)
(-3.7822e-08 1.04113e-10 7.56457e-08)
(-3.7793e-08 3.10749e-10 7.56048e-08)
(-3.77349e-08 5.12305e-10 7.55262e-08)
(-3.76476e-08 7.0228e-10 7.5418e-08)
(-3.94959e-08 -6.7597e-10 7.97315e-08)
(-3.95811e-08 -4.93261e-10 7.98352e-08)
(-3.9638e-08 -2.99217e-10 7.99106e-08)
(-3.96663e-08 -1.0025e-10 7.99498e-08)
(-3.96663e-08 1.0025e-10 7.99498e-08)
(-3.9638e-08 2.99217e-10 7.99106e-08)
(-3.95811e-08 4.93261e-10 7.98352e-08)
(-3.94959e-08 6.7597e-10 7.97315e-08)
(-4.13847e-08 -6.50039e-10 8.41305e-08)
(-4.14678e-08 -4.74487e-10 8.42297e-08)
(-4.15233e-08 -2.87848e-10 8.4302e-08)
(-4.1551e-08 -9.64422e-11 8.43397e-08)
(-4.1551e-08 9.64422e-11 8.43397e-08)
(-4.15233e-08 2.87848e-10 8.4302e-08)
(-4.14678e-08 4.74487e-10 8.42297e-08)
(-4.13847e-08 6.50039e-10 8.41305e-08)
(-4.3313e-08 -6.24495e-10 8.86121e-08)
(-4.3394e-08 -4.55989e-10 8.87069e-08)
(-4.3448e-08 -2.76647e-10 8.87762e-08)
(-4.34749e-08 -9.26908e-11 8.88123e-08)
(-4.34749e-08 9.26908e-11 8.88123e-08)
(-4.3448e-08 2.76647e-10 8.87762e-08)
(-4.3394e-08 4.55989e-10 8.87069e-08)
(-4.3313e-08 6.24495e-10 8.86121e-08)
(-4.52799e-08 -5.99351e-10 9.31735e-08)
(-4.53585e-08 -4.37776e-10 9.32641e-08)
(-4.5411e-08 -2.65618e-10 9.33304e-08)
(-4.54372e-08 -8.89973e-11 9.3365e-08)
(-4.54372e-08 8.89973e-11 9.3365e-08)
(-4.5411e-08 2.65618e-10 9.33304e-08)
(-4.53585e-08 4.37776e-10 9.32641e-08)
(-4.52799e-08 5.99351e-10 9.31735e-08)
(-4.7284e-08 -5.74615e-10 9.7812e-08)
(-4.73603e-08 -4.19854e-10 9.78983e-08)
(-4.74113e-08 -2.54766e-10 9.79618e-08)
(-4.74367e-08 -8.53631e-11 9.7995e-08)
(-4.74367e-08 8.53631e-11 9.7995e-08)
(-4.74113e-08 2.54766e-10 9.79618e-08)
(-4.73603e-08 4.19854e-10 9.78983e-08)
(-4.7284e-08 5.74615e-10 9.7812e-08)
(-4.93244e-08 -5.50296e-10 1.02525e-07)
(-4.93983e-08 -4.0223e-10 1.02607e-07)
(-4.94477e-08 -2.44094e-10 1.02668e-07)
(-4.94723e-08 -8.17893e-11 1.02699e-07)
(-4.94723e-08 8.17893e-11 1.02699e-07)
(-4.94477e-08 2.44094e-10 1.02668e-07)
(-4.93983e-08 4.0223e-10 1.02607e-07)
(-4.93244e-08 5.50296e-10 1.02525e-07)
(-5.13998e-08 -5.26403e-10 1.07309e-07)
(-5.14712e-08 -3.84909e-10 1.07387e-07)
(-5.1519e-08 -2.33606e-10 1.07445e-07)
(-5.15428e-08 -7.82773e-11 1.07475e-07)
(-5.15428e-08 7.82773e-11 1.07475e-07)
(-5.1519e-08 2.33606e-10 1.07445e-07)
(-5.14712e-08 3.84909e-10 1.07387e-07)
(-5.13998e-08 5.26403e-10 1.07309e-07)
(-5.35088e-08 -5.02944e-10 1.12162e-07)
(-5.35778e-08 -3.67898e-10 1.12236e-07)
(-5.36239e-08 -2.23305e-10 1.12292e-07)
(-5.36468e-08 -7.48281e-11 1.12321e-07)
(-5.36468e-08 7.48281e-11 1.12321e-07)
(-5.36239e-08 2.23305e-10 1.12292e-07)
(-5.35778e-08 3.67898e-10 1.12236e-07)
(-5.35088e-08 5.02944e-10 1.12162e-07)
(-5.56503e-08 -4.79926e-10 1.17081e-07)
(-5.57167e-08 -3.51201e-10 1.17152e-07)
(-5.57611e-08 -2.13195e-10 1.17205e-07)
(-5.57832e-08 -7.14428e-11 1.17232e-07)
(-5.57832e-08 7.14428e-11 1.17232e-07)
(-5.57611e-08 2.13195e-10 1.17205e-07)
(-5.57167e-08 3.51201e-10 1.17152e-07)
(-5.56503e-08 4.79926e-10 1.17081e-07)
(-5.78228e-08 -4.57357e-10 1.22064e-07)
(-5.78866e-08 -3.34825e-10 1.22131e-07)
(-5.79293e-08 -2.03278e-10 1.22181e-07)
(-5.79506e-08 -6.81226e-11 1.22207e-07)
(-5.79506e-08 6.81226e-11 1.22207e-07)
(-5.79293e-08 2.03278e-10 1.22181e-07)
(-5.78866e-08 3.34825e-10 1.22131e-07)
(-5.78228e-08 4.57357e-10 1.22064e-07)
(-6.0025e-08 -4.35244e-10 1.27108e-07)
(-6.00863e-08 -3.18774e-10 1.27171e-07)
(-6.01273e-08 -1.93559e-10 1.27219e-07)
(-6.01477e-08 -6.48684e-11 1.27244e-07)
(-6.01477e-08 6.48684e-11 1.27244e-07)
(-6.01273e-08 1.93559e-10 1.27219e-07)
(-6.00863e-08 3.18774e-10 1.27171e-07)
(-6.0025e-08 4.35244e-10 1.27108e-07)
(-6.22555e-08 -4.13593e-10 1.3221e-07)
(-6.23142e-08 -3.03054e-10 1.3227e-07)
(-6.23535e-08 -1.84039e-10 1.32315e-07)
(-6.2373e-08 -6.16812e-11 1.32339e-07)
(-6.2373e-08 6.16812e-11 1.32339e-07)
(-6.23535e-08 1.84039e-10 1.32315e-07)
(-6.23142e-08 3.03054e-10 1.3227e-07)
(-6.22555e-08 4.13593e-10 1.3221e-07)
(-6.45129e-08 -3.92411e-10 1.37368e-07)
(-6.45691e-08 -2.87669e-10 1.37424e-07)
(-6.46066e-08 -1.74723e-10 1.37467e-07)
(-6.46253e-08 -5.8562e-11 1.3749e-07)
(-6.46253e-08 5.8562e-11 1.3749e-07)
(-6.46066e-08 1.74723e-10 1.37467e-07)
(-6.45691e-08 2.87669e-10 1.37424e-07)
(-6.45129e-08 3.92411e-10 1.37368e-07)
(-6.67958e-08 -3.71705e-10 1.42579e-07)
(-6.68494e-08 -2.72624e-10 1.42632e-07)
(-6.68852e-08 -1.65612e-10 1.42673e-07)
(-6.6903e-08 -5.55116e-11 1.42694e-07)
(-6.6903e-08 5.55116e-11 1.42694e-07)
(-6.68852e-08 1.65612e-10 1.42673e-07)
(-6.68494e-08 2.72624e-10 1.42632e-07)
(-6.67958e-08 3.71705e-10 1.42579e-07)
(-6.91028e-08 -3.5148e-10 1.47841e-07)
(-6.91538e-08 -2.57923e-10 1.47891e-07)
(-6.91879e-08 -1.56709e-10 1.4793e-07)
(-6.92049e-08 -5.25311e-11 1.4795e-07)
(-6.92049e-08 5.25311e-11 1.4795e-07)
(-6.91879e-08 1.56709e-10 1.4793e-07)
(-6.91538e-08 2.57923e-10 1.47891e-07)
(-6.91028e-08 3.5148e-10 1.47841e-07)
(-7.14325e-08 -3.31742e-10 1.53152e-07)
(-7.1481e-08 -2.43571e-10 1.53199e-07)
(-7.15133e-08 -1.48017e-10 1.53235e-07)
(-7.15294e-08 -4.96214e-11 1.53254e-07)
(-7.15294e-08 4.96214e-11 1.53254e-07)
(-7.15133e-08 1.48017e-10 1.53235e-07)
(-7.1481e-08 2.43571e-10 1.53199e-07)
(-7.14325e-08 3.31742e-10 1.53152e-07)
(-7.37834e-08 -3.12498e-10 1.58509e-07)
(-7.38294e-08 -2.29573e-10 1.58553e-07)
(-7.386e-08 -1.39539e-10 1.58587e-07)
(-7.38753e-08 -4.67832e-11 1.58605e-07)
(-7.38753e-08 4.67832e-11 1.58605e-07)
(-7.386e-08 1.39539e-10 1.58587e-07)
(-7.38294e-08 2.29573e-10 1.58553e-07)
(-7.37834e-08 3.12498e-10 1.58509e-07)
(-7.61542e-08 -2.93753e-10 1.63909e-07)
(-7.61976e-08 -2.15933e-10 1.63951e-07)
(-7.62266e-08 -1.31278e-10 1.63982e-07)
(-7.6241e-08 -4.40175e-11 1.63999e-07)
(-7.6241e-08 4.40175e-11 1.63999e-07)
(-7.62266e-08 1.31278e-10 1.63982e-07)
(-7.61976e-08 2.15933e-10 1.63951e-07)
(-7.61542e-08 2.93753e-10 1.63909e-07)
(-7.85434e-08 -2.75513e-10 1.69351e-07)
(-7.85844e-08 -2.02656e-10 1.6939e-07)
(-7.86117e-08 -1.23236e-10 1.6942e-07)
(-7.86253e-08 -4.13253e-11 1.69436e-07)
(-7.86253e-08 4.13253e-11 1.69436e-07)
(-7.86117e-08 1.23236e-10 1.6942e-07)
(-7.85844e-08 2.02656e-10 1.6939e-07)
(-7.85434e-08 2.75513e-10 1.69351e-07)
(-8.09497e-08 -2.57784e-10 1.74832e-07)
(-8.09883e-08 -1.89745e-10 1.74868e-07)
(-8.10139e-08 -1.15415e-10 1.74896e-07)
(-8.10267e-08 -3.87073e-11 1.74911e-07)
(-8.10267e-08 3.87073e-11 1.74911e-07)
(-8.10139e-08 1.15415e-10 1.74896e-07)
(-8.09883e-08 1.89745e-10 1.74868e-07)
(-8.09497e-08 2.57784e-10 1.74832e-07)
(-8.33717e-08 -2.40572e-10 1.80351e-07)
(-8.34079e-08 -1.77206e-10 1.80384e-07)
(-8.3432e-08 -1.07819e-10 1.8041e-07)
(-8.34439e-08 -3.61645e-11 1.80424e-07)
(-8.34439e-08 3.61645e-11 1.80424e-07)
(-8.3432e-08 1.07819e-10 1.8041e-07)
(-8.34079e-08 1.77206e-10 1.80384e-07)
(-8.33717e-08 2.40572e-10 1.80351e-07)
(-8.58081e-08 -2.23884e-10 1.85904e-07)
(-8.5842e-08 -1.65043e-10 1.85935e-07)
(-8.58645e-08 -1.00451e-10 1.85959e-07)
(-8.58757e-08 -3.36978e-11 1.85972e-07)
(-8.58757e-08 3.36978e-11 1.85972e-07)
(-8.58645e-08 1.00451e-10 1.85959e-07)
(-8.5842e-08 1.65043e-10 1.85935e-07)
(-8.58081e-08 2.23884e-10 1.85904e-07)
(-8.82576e-08 -2.07724e-10 1.91489e-07)
(-8.82892e-08 -1.53261e-10 1.91518e-07)
(-8.83102e-08 -9.33122e-11 1.9154e-07)
(-8.83206e-08 -3.1308e-11 1.91553e-07)
(-8.83206e-08 3.1308e-11 1.91553e-07)
(-8.83102e-08 9.33121e-11 1.9154e-07)
(-8.82892e-08 1.53261e-10 1.91518e-07)
(-8.82576e-08 2.07724e-10 1.91489e-07)
(-9.07189e-08 -1.92101e-10 1.97106e-07)
(-9.07483e-08 -1.41864e-10 1.97132e-07)
(-9.07677e-08 -8.64065e-11 1.97153e-07)
(-9.07774e-08 -2.89963e-11 1.97164e-07)
(-9.07774e-08 2.89962e-11 1.97164e-07)
(-9.07677e-08 8.64065e-11 1.97153e-07)
(-9.07483e-08 1.41864e-10 1.97132e-07)
(-9.07189e-08 1.92101e-10 1.97106e-07)
(-9.31908e-08 -1.77019e-10 2.02751e-07)
(-9.3218e-08 -1.30857e-10 2.02775e-07)
(-9.3236e-08 -7.97367e-11 2.02794e-07)
(-9.32449e-08 -2.67634e-11 2.02804e-07)
(-9.32449e-08 2.67633e-11 2.02804e-07)
(-9.3236e-08 7.97366e-11 2.02794e-07)
(-9.3218e-08 1.30857e-10 2.02775e-07)
(-9.31908e-08 1.77019e-10 2.02751e-07)
(-9.56721e-08 -1.62486e-10 2.08422e-07)
(-9.56972e-08 -1.20245e-10 2.08444e-07)
(-9.57138e-08 -7.33055e-11 2.08462e-07)
(-9.5722e-08 -2.46103e-11 2.08471e-07)
(-9.5722e-08 2.46103e-11 2.08471e-07)
(-9.57138e-08 7.33055e-11 2.08462e-07)
(-9.56972e-08 1.20245e-10 2.08444e-07)
(-9.56721e-08 1.62486e-10 2.08422e-07)
(-9.81617e-08 -1.48509e-10 2.14119e-07)
(-9.81847e-08 -1.10034e-10 2.14138e-07)
(-9.81999e-08 -6.71161e-11 2.14155e-07)
(-9.82074e-08 -2.25382e-11 2.14163e-07)
(-9.82074e-08 2.25381e-11 2.14163e-07)
(-9.81999e-08 6.71161e-11 2.14155e-07)
(-9.81847e-08 1.10033e-10 2.14138e-07)
(-9.81617e-08 1.48509e-10 2.14119e-07)
(-1.00658e-07 -1.35094e-10 2.19838e-07)
(-1.00679e-07 -1.00227e-10 2.19856e-07)
(-1.00693e-07 -6.11715e-11 2.1987e-07)
(-1.007e-07 -2.05479e-11 2.19878e-07)
(-1.007e-07 2.05479e-11 2.19878e-07)
(-1.00693e-07 6.11715e-11 2.1987e-07)
(-1.00679e-07 1.00227e-10 2.19856e-07)
(-1.00658e-07 1.35094e-10 2.19838e-07)
(-1.03161e-07 -1.22249e-10 2.25578e-07)
(-1.0318e-07 -9.0832e-11 2.25594e-07)
(-1.03193e-07 -5.54749e-11 2.25607e-07)
(-1.03199e-07 -1.86406e-11 2.25614e-07)
(-1.03199e-07 1.86405e-11 2.25614e-07)
(-1.03193e-07 5.54749e-11 2.25607e-07)
(-1.0318e-07 9.0832e-11 2.25594e-07)
(-1.03161e-07 1.22249e-10 2.25578e-07)
(-1.05669e-07 -1.09982e-10 2.31337e-07)
(-1.05686e-07 -8.18529e-11 2.31351e-07)
(-1.05697e-07 -5.00298e-11 2.31363e-07)
(-1.05703e-07 -1.68173e-11 2.31369e-07)
(-1.05703e-07 1.68172e-11 2.31369e-07)
(-1.05697e-07 5.00297e-11 2.31363e-07)
(-1.05686e-07 8.18529e-11 2.31351e-07)
(-1.05669e-07 1.09982e-10 2.31337e-07)
(-1.08181e-07 -9.82995e-11 2.37113e-07)
(-1.08196e-07 -7.32959e-11 2.37126e-07)
(-1.08206e-07 -4.48393e-11 2.37137e-07)
(-1.08211e-07 -1.50792e-11 2.37142e-07)
(-1.08211e-07 1.50791e-11 2.37142e-07)
(-1.08206e-07 4.48393e-11 2.37137e-07)
(-1.08196e-07 7.32958e-11 2.37126e-07)
(-1.08181e-07 9.82994e-11 2.37113e-07)
(-1.10696e-07 -8.72108e-11 2.42906e-07)
(-1.1071e-07 -6.51669e-11 2.42917e-07)
(-1.10719e-07 -3.99073e-11 2.42926e-07)
(-1.10723e-07 -1.34275e-11 2.42931e-07)
(-1.10723e-07 1.34274e-11 2.42931e-07)
(-1.10719e-07 3.99072e-11 2.42926e-07)
(-1.1071e-07 6.51668e-11 2.42917e-07)
(-1.10696e-07 8.72108e-11 2.42906e-07)
(-1.13213e-07 -7.67243e-11 2.48712e-07)
(-1.13225e-07 -5.74723e-11 2.48721e-07)
(-1.13233e-07 -3.52374e-11 2.4873e-07)
(-1.13237e-07 -1.18634e-11 2.48735e-07)
(-1.13237e-07 1.18633e-11 2.48735e-07)
(-1.13233e-07 3.52374e-11 2.4873e-07)
(-1.13225e-07 5.74722e-11 2.48721e-07)
(-1.13213e-07 7.67243e-11 2.48712e-07)
(-1.15732e-07 -6.68492e-11 2.54531e-07)
(-1.15743e-07 -5.02187e-11 2.54539e-07)
(-1.1575e-07 -3.08337e-11 2.54546e-07)
(-1.15753e-07 -1.03883e-11 2.5455e-07)
(-1.15753e-07 1.03882e-11 2.5455e-07)
(-1.1575e-07 3.08337e-11 2.54546e-07)
(-1.15743e-07 5.02187e-11 2.54539e-07)
(-1.15732e-07 6.68492e-11 2.54531e-07)
(-1.18252e-07 -5.75951e-11 2.60361e-07)
(-1.18261e-07 -4.34134e-11 2.60368e-07)
(-1.18267e-07 -2.67006e-11 2.60374e-07)
(-1.1827e-07 -9.00363e-12 2.60378e-07)
(-1.1827e-07 9.00358e-12 2.60378e-07)
(-1.18267e-07 2.67006e-11 2.60374e-07)
(-1.18261e-07 4.34134e-11 2.60368e-07)
(-1.18252e-07 5.7595e-11 2.60361e-07)
(-1.20772e-07 -4.89723e-11 2.66201e-07)
(-1.2078e-07 -3.70641e-11 2.66206e-07)
(-1.20785e-07 -2.28428e-11 2.66212e-07)
(-1.20787e-07 -7.71101e-12 2.66215e-07)
(-1.20787e-07 7.71096e-12 2.66215e-07)
(-1.20785e-07 2.28428e-11 2.66212e-07)
(-1.2078e-07 3.7064e-11 2.66206e-07)
(-1.20772e-07 4.89723e-11 2.66201e-07)
(-1.23291e-07 -4.09922e-11 2.72049e-07)
(-1.23298e-07 -3.11792e-11 2.72053e-07)
(-1.23302e-07 -1.92655e-11 2.72058e-07)
(-1.23304e-07 -6.51218e-12 2.7206e-07)
(-1.23304e-07 6.51213e-12 2.7206e-07)
(-1.23302e-07 1.92654e-11 2.72058e-07)
(-1.23298e-07 3.11791e-11 2.72053e-07)
(-1.23291e-07 4.09922e-11 2.72049e-07)
(-1.2581e-07 -3.36672e-11 2.77904e-07)
(-1.25815e-07 -2.57682e-11 2.77907e-07)
(-1.25819e-07 -1.59744e-11 2.77911e-07)
(-1.25821e-07 -5.40909e-12 2.77913e-07)
(-1.25821e-07 5.40904e-12 2.77913e-07)
(-1.25819e-07 1.59744e-11 2.77911e-07)
(-1.25815e-07 2.57681e-11 2.77907e-07)
(-1.2581e-07 3.36672e-11 2.77904e-07)
(-1.28327e-07 -2.70111e-11 2.83764e-07)
(-1.28331e-07 -2.08415e-11 2.83767e-07)
(-1.28334e-07 -1.29761e-11 2.8377e-07)
(-1.28336e-07 -4.40394e-12 2.83772e-07)
(-1.28336e-07 4.40388e-12 2.83772e-07)
(-1.28334e-07 1.29761e-11 2.8377e-07)
(-1.28331e-07 2.08415e-11 2.83767e-07)
(-1.28327e-07 2.7011e-11 2.83764e-07)
(-1.30842e-07 -2.10389e-11 2.8963e-07)
(-1.30846e-07 -1.64108e-11 2.89631e-07)
(-1.30848e-07 -1.02777e-11 2.89634e-07)
(-1.30849e-07 -3.49907e-12 2.89635e-07)
(-1.30849e-07 3.499e-12 2.89635e-07)
(-1.30848e-07 1.02776e-11 2.89634e-07)
(-1.30846e-07 1.64107e-11 2.89631e-07)
(-1.30842e-07 2.10389e-11 2.8963e-07)
(-1.33355e-07 -1.57673e-11 2.95498e-07)
(-1.33358e-07 -1.24882e-11 2.95499e-07)
(-1.33359e-07 -7.88637e-12 2.95501e-07)
(-1.3336e-07 -2.69688e-12 2.95502e-07)
(-1.3336e-07 2.69681e-12 2.95502e-07)
(-1.33359e-07 7.8863e-12 2.95501e-07)
(-1.33358e-07 1.24881e-11 2.95499e-07)
(-1.33355e-07 1.57672e-11 2.95498e-07)
(-1.35866e-07 -1.12134e-11 3.01369e-07)
(-1.35868e-07 -9.08565e-12 3.0137e-07)
(-1.35869e-07 -5.80873e-12 3.01371e-07)
(-1.35869e-07 -1.9994e-12 3.01372e-07)
(-1.35869e-07 1.99933e-12 3.01372e-07)
(-1.35869e-07 5.80866e-12 3.01371e-07)
(-1.35868e-07 9.08558e-12 3.0137e-07)
(-1.35866e-07 1.12133e-11 3.01369e-07)
(-1.38374e-07 -7.39339e-12 3.07242e-07)
(-1.38375e-07 -6.21191e-12 3.07242e-07)
(-1.38376e-07 -4.04852e-12 3.07243e-07)
(-1.38376e-07 -1.40752e-12 3.07244e-07)
(-1.38376e-07 1.40744e-12 3.07244e-07)
(-1.38376e-07 4.04845e-12 3.07243e-07)
(-1.38375e-07 6.21183e-12 3.07242e-07)
(-1.38374e-07 7.39332e-12 3.07242e-07)
(-1.40879e-07 -4.31861e-12 3.13115e-07)
(-1.4088e-07 -3.86699e-12 3.13115e-07)
(-1.4088e-07 -2.60263e-12 3.13116e-07)
(-1.40881e-07 -9.19617e-13 3.13116e-07)
(-1.40881e-07 9.19532e-13 3.13116e-07)
(-1.4088e-07 2.60257e-12 3.13116e-07)
(-1.4088e-07 3.86691e-12 3.13115e-07)
(-1.40879e-07 4.31852e-12 3.13115e-07)
(-1.43382e-07 -1.98744e-12 3.18989e-07)
(-1.43382e-07 -2.03184e-12 3.18989e-07)
(-1.43383e-07 -1.45447e-12 3.18989e-07)
(-1.43383e-07 -5.29404e-13 3.18989e-07)
(-1.43383e-07 5.29328e-13 3.18989e-07)
(-1.43383e-07 1.45439e-12 3.18989e-07)
(-1.43382e-07 2.03175e-12 3.18989e-07)
(-1.43382e-07 1.98734e-12 3.18989e-07)
(-1.45882e-07 -3.73091e-13 3.24861e-07)
(-1.45882e-07 -6.52804e-13 3.24861e-07)
(-1.45882e-07 -5.63469e-13 3.24861e-07)
(-1.45883e-07 -2.22601e-13 3.24861e-07)
(-1.45883e-07 2.2253e-13 3.24861e-07)
(-1.45882e-07 5.63364e-13 3.24861e-07)
(-1.45882e-07 6.52718e-13 3.24861e-07)
(-1.45882e-07 3.73038e-13 3.24861e-07)
(-1.4838e-07 6.27006e-13 3.30732e-07)
(-1.4838e-07 3.90726e-13 3.30732e-07)
(-1.4838e-07 1.47608e-13 3.30732e-07)
(-1.48381e-07 2.49432e-14 3.30732e-07)
(-1.48381e-07 -2.50868e-14 3.30732e-07)
(-1.4838e-07 -1.47704e-13 3.30732e-07)
(-1.4838e-07 -3.90777e-13 3.30732e-07)
(-1.4838e-07 -6.27042e-13 3.30732e-07)
(-1.50877e-07 1.39189e-12 3.36601e-07)
(-1.50877e-07 1.35159e-12 3.36602e-07)
(-1.50877e-07 7.88288e-13 3.36602e-07)
(-1.50877e-07 2.43179e-13 3.36602e-07)
(-1.50877e-07 -2.43482e-13 3.36602e-07)
(-1.50877e-07 -7.88269e-13 3.36602e-07)
(-1.50877e-07 -1.35159e-12 3.36602e-07)
(-1.50877e-07 -1.39207e-12 3.36601e-07)
)
;
    }
    bottom
    {
        type            calculated;
        value           nonuniform List<vector> 
640
(
(5.59643e-10 3.61605e-10 4.97612e-10)
(5.78325e-10 2.00387e-10 6.76497e-10)
(6.12843e-10 9.82575e-11 7.57061e-10)
(6.27839e-10 2.9307e-11 7.89436e-10)
(6.27839e-10 -2.9307e-11 7.89436e-10)
(6.12843e-10 -9.82575e-11 7.57061e-10)
(5.78325e-10 -2.00387e-10 6.76497e-10)
(5.59643e-10 -3.61605e-10 4.97612e-10)
(1.10894e-09 6.66622e-10 8.50648e-10)
(1.06064e-09 4.13666e-10 1.04719e-09)
(1.04985e-09 2.23533e-10 1.18087e-09)
(1.04847e-09 6.93502e-11 1.23686e-09)
(1.04847e-09 -6.93502e-11 1.23686e-09)
(1.04985e-09 -2.23533e-10 1.18087e-09)
(1.06064e-09 -4.13666e-10 1.04719e-09)
(1.10894e-09 -6.66622e-10 8.50648e-10)
(1.74472e-09 8.2043e-10 1.3238e-09)
(1.69311e-09 5.28734e-10 1.53265e-09)
(1.66751e-09 2.95695e-10 1.67133e-09)
(1.65893e-09 9.40648e-11 1.73382e-09)
(1.65893e-09 -9.40648e-11 1.73382e-09)
(1.66751e-09 -2.95695e-10 1.67133e-09)
(1.69311e-09 -5.28734e-10 1.53265e-09)
(1.74472e-09 -8.2043e-10 1.3238e-09)
(2.39155e-09 9.08984e-10 1.9919e-09)
(2.34294e-09 5.99335e-10 2.21987e-09)
(2.3137e-09 3.40865e-10 2.3635e-09)
(2.30168e-09 1.1e-10 2.43031e-09)
(2.30168e-09 -1.1e-10 2.43031e-09)
(2.3137e-09 -3.40865e-10 2.3635e-09)
(2.34294e-09 -5.99335e-10 2.21987e-09)
(2.39155e-09 -9.08984e-10 1.9919e-09)
(3.02017e-09 9.59572e-10 2.85747e-09)
(2.97071e-09 6.41628e-10 3.09947e-09)
(2.93952e-09 3.6886e-10 3.24789e-09)
(2.92538e-09 1.19996e-10 3.31758e-09)
(2.92538e-09 -1.19996e-10 3.31758e-09)
(2.93952e-09 -3.6886e-10 3.24789e-09)
(2.97071e-09 -6.41628e-10 3.09947e-09)
(3.02017e-09 -9.59572e-10 2.85747e-09)
(3.61985e-09 9.87647e-10 3.92248e-09)
(3.56769e-09 6.6593e-10 4.17331e-09)
(3.53429e-09 3.85558e-10 4.32595e-09)
(3.51849e-09 1.26025e-10 4.39786e-09)
(3.51849e-09 -1.26025e-10 4.39786e-09)
(3.53429e-09 -3.85558e-10 4.32595e-09)
(3.56769e-09 -6.6593e-10 4.17331e-09)
(3.61985e-09 -9.87647e-10 3.92248e-09)
(4.1834e-09 1.00186e-09 5.18455e-09)
(4.12764e-09 6.79022e-10 5.44021e-09)
(4.09171e-09 3.94973e-10 5.59584e-09)
(4.0744e-09 1.29484e-10 5.66936e-09)
(4.0744e-09 -1.29484e-10 5.66936e-09)
(4.09171e-09 -3.94973e-10 5.59584e-09)
(4.12764e-09 -6.79022e-10 5.44021e-09)
(4.1834e-09 -1.00186e-09 5.18455e-09)
(4.70485e-09 1.00714e-09 6.63979e-09)
(4.64504e-09 6.84962e-10 6.89722e-09)
(4.60635e-09 3.99673e-10 7.05444e-09)
(4.58757e-09 1.31279e-10 7.12895e-09)
(4.58757e-09 -1.31279e-10 7.12895e-09)
(4.60635e-09 -3.99673e-10 7.05444e-09)
(4.64504e-09 -6.84962e-10 6.89722e-09)
(4.70485e-09 -1.00714e-09 6.63979e-09)
(5.17906e-09 1.00648e-09 8.28362e-09)
(5.11507e-09 6.86213e-10 8.54056e-09)
(5.07358e-09 4.01277e-10 8.69808e-09)
(5.05335e-09 1.31981e-10 8.77297e-09)
(5.05335e-09 -1.31981e-10 8.77297e-09)
(5.07358e-09 -4.01277e-10 8.69808e-09)
(5.11507e-09 -6.86213e-10 8.54056e-09)
(5.17906e-09 -1.00648e-09 8.28362e-09)
(5.60154e-09 1.00179e-09 1.01111e-08)
(5.53347e-09 6.84316e-10 1.0366e-08)
(5.48926e-09 4.00807e-10 1.05227e-08)
(5.46763e-09 1.31953e-10 1.05975e-08)
(5.46763e-09 -1.31953e-10 1.05975e-08)
(5.48926e-09 -4.00807e-10 1.05227e-08)
(5.53347e-09 -6.84316e-10 1.0366e-08)
(5.60154e-09 -1.00179e-09 1.01111e-08)
(5.96838e-09 9.94269e-10 1.21173e-08)
(5.89647e-09 6.80244e-10 1.23688e-08)
(5.8497e-09 3.98913e-10 1.2524e-08)
(5.82677e-09 1.31425e-10 1.25981e-08)
(5.82677e-09 -1.31425e-10 1.25981e-08)
(5.8497e-09 -3.98913e-10 1.2524e-08)
(5.89647e-09 -6.80244e-10 1.23688e-08)
(5.96838e-09 -9.94269e-10 1.21173e-08)
(6.27618e-09 9.84722e-10 1.42969e-08)
(6.20075e-09 6.7462e-10 1.45443e-08)
(6.15162e-09 3.96009e-10 1.46973e-08)
(6.12749e-09 1.30543e-10 1.47706e-08)
(6.12749e-09 -1.30543e-10 1.47706e-08)
(6.15162e-09 -3.96009e-10 1.46973e-08)
(6.20075e-09 -6.7462e-10 1.45443e-08)
(6.27618e-09 -9.84722e-10 1.42969e-08)
(6.522e-09 9.73671e-10 1.66449e-08)
(6.44339e-09 6.67849e-10 1.68877e-08)
(6.39213e-09 3.92362e-10 1.70381e-08)
(6.36693e-09 1.29401e-10 1.71102e-08)
(6.36693e-09 -1.29401e-10 1.71102e-08)
(6.39213e-09 -3.92362e-10 1.70381e-08)
(6.44339e-09 -6.67849e-10 1.68877e-08)
(6.522e-09 -9.73671e-10 1.66449e-08)
(6.70329e-09 9.61468e-10 1.91562e-08)
(6.62187e-09 6.60197e-10 1.9394e-08)
(6.56872e-09 3.88147e-10 1.95414e-08)
(6.54257e-09 1.28063e-10 1.96122e-08)
(6.54257e-09 -1.28063e-10 1.96122e-08)
(6.56872e-09 -3.88147e-10 1.95414e-08)
(6.62187e-09 -6.60197e-10 1.9394e-08)
(6.70329e-09 -9.61468e-10 1.91562e-08)
(6.81787e-09 9.48353e-10 2.18258e-08)
(6.73399e-09 6.51846e-10 2.20583e-08)
(6.6792e-09 3.83485e-10 2.22026e-08)
(6.65221e-09 1.2657e-10 2.2272e-08)
(6.65221e-09 -1.2657e-10 2.2272e-08)
(6.6792e-09 -3.83485e-10 2.22026e-08)
(6.73399e-09 -6.51847e-10 2.20583e-08)
(6.81787e-09 -9.48353e-10 2.18258e-08)
(6.86389e-09 9.34492e-10 2.46487e-08)
(6.7779e-09 6.42922e-10 2.48758e-08)
(6.7217e-09 3.78456e-10 2.50168e-08)
(6.69399e-09 1.2495e-10 2.50847e-08)
(6.69399e-09 -1.2495e-10 2.50847e-08)
(6.7217e-09 -3.78456e-10 2.50168e-08)
(6.7779e-09 -6.42922e-10 2.48758e-08)
(6.86389e-09 -9.34492e-10 2.46487e-08)
(6.83979e-09 9.20004e-10 2.762e-08)
(6.75203e-09 6.33511e-10 2.78417e-08)
(6.69462e-09 3.73117e-10 2.79793e-08)
(6.66631e-09 1.23223e-10 2.80456e-08)
(6.66631e-09 -1.23223e-10 2.80456e-08)
(6.69462e-09 -3.73117e-10 2.79793e-08)
(6.75203e-09 -6.33511e-10 2.78417e-08)
(6.83979e-09 -9.20004e-10 2.762e-08)
(6.74429e-09 9.04975e-10 3.07349e-08)
(6.65506e-09 6.23679e-10 3.09511e-08)
(6.59668e-09 3.67511e-10 3.10854e-08)
(6.56787e-09 1.21404e-10 3.115e-08)
(6.56787e-09 -1.21404e-10 3.115e-08)
(6.59668e-09 -3.67511e-10 3.10854e-08)
(6.65506e-09 -6.23679e-10 3.09511e-08)
(6.74429e-09 -9.04975e-10 3.07349e-08)
(6.57635e-09 8.89468e-10 3.39887e-08)
(6.48597e-09 6.13473e-10 3.41994e-08)
(6.4268e-09 3.61668e-10 3.43302e-08)
(6.39758e-09 1.19504e-10 3.43932e-08)
(6.39758e-09 -1.19504e-10 3.43932e-08)
(6.4268e-09 -3.61668e-10 3.43302e-08)
(6.48597e-09 -6.13473e-10 3.41994e-08)
(6.57635e-09 -8.89469e-10 3.39887e-08)
(6.33517e-09 8.73534e-10 3.73768e-08)
(6.24393e-09 6.0293e-10 3.75819e-08)
(6.18417e-09 3.55611e-10 3.77093e-08)
(6.15465e-09 1.17531e-10 3.77706e-08)
(6.15465e-09 -1.17531e-10 3.77706e-08)
(6.18417e-09 -3.55611e-10 3.77093e-08)
(6.24393e-09 -6.0293e-10 3.75819e-08)
(6.33517e-09 -8.73534e-10 3.73768e-08)
(6.0202e-09 8.57211e-10 4.08944e-08)
(5.92837e-09 5.9208e-10 4.1094e-08)
(5.8682e-09 3.49359e-10 4.12179e-08)
(5.83847e-09 1.1549e-10 4.12777e-08)
(5.83847e-09 -1.1549e-10 4.12777e-08)
(5.8682e-09 -3.49359e-10 4.12179e-08)
(5.92837e-09 -5.9208e-10 4.1094e-08)
(6.0202e-09 -8.57211e-10 4.08944e-08)
(5.63106e-09 8.40531e-10 4.4537e-08)
(5.53892e-09 5.80946e-10 4.47312e-08)
(5.47851e-09 3.42928e-10 4.48517e-08)
(5.44865e-09 1.13389e-10 4.49098e-08)
(5.44865e-09 -1.13389e-10 4.49098e-08)
(5.47851e-09 -3.42928e-10 4.48517e-08)
(5.53892e-09 -5.80946e-10 4.47312e-08)
(5.63106e-09 -8.40531e-10 4.4537e-08)
(5.16761e-09 8.23523e-10 4.83003e-08)
(5.0754e-09 5.6955e-10 4.8489e-08)
(5.01493e-09 3.36331e-10 4.86061e-08)
(4.98502e-09 1.1123e-10 4.86626e-08)
(4.98502e-09 -1.1123e-10 4.86626e-08)
(5.01493e-09 -3.36331e-10 4.86061e-08)
(5.0754e-09 -5.6955e-10 4.8489e-08)
(5.16761e-09 -8.23523e-10 4.83003e-08)
(4.62987e-09 8.06212e-10 5.21797e-08)
(4.53784e-09 5.57912e-10 5.23631e-08)
(4.47746e-09 3.2958e-10 5.24768e-08)
(4.44758e-09 1.09019e-10 5.25316e-08)
(4.44758e-09 -1.09019e-10 5.25316e-08)
(4.47746e-09 -3.2958e-10 5.24768e-08)
(4.53784e-09 -5.57912e-10 5.23631e-08)
(4.62987e-09 -8.06212e-10 5.21797e-08)
(4.01805e-09 7.88621e-10 5.61711e-08)
(3.92643e-09 5.46048e-10 5.63491e-08)
(3.86628e-09 3.22685e-10 5.64595e-08)
(3.8365e-09 1.06758e-10 5.65127e-08)
(3.8365e-09 -1.06758e-10 5.65127e-08)
(3.86628e-09 -3.22685e-10 5.64595e-08)
(3.92643e-09 -5.46048e-10 5.63491e-08)
(4.01805e-09 -7.88621e-10 5.61711e-08)
(3.33252e-09 7.70774e-10 6.02702e-08)
(3.24152e-09 5.33975e-10 6.04429e-08)
(3.18175e-09 3.15656e-10 6.05499e-08)
(3.15215e-09 1.04452e-10 6.06015e-08)
(3.15215e-09 -1.04452e-10 6.06015e-08)
(3.18175e-09 -3.15656e-10 6.05499e-08)
(3.24152e-09 -5.33975e-10 6.04429e-08)
(3.33252e-09 -7.70774e-10 6.02702e-08)
(2.57381e-09 7.52691e-10 6.44728e-08)
(2.48364e-09 5.2171e-10 6.46403e-08)
(2.42438e-09 3.08505e-10 6.4744e-08)
(2.39502e-09 1.02103e-10 6.4794e-08)
(2.39502e-09 -1.02103e-10 6.4794e-08)
(2.42438e-09 -3.08505e-10 6.4744e-08)
(2.48364e-09 -5.2171e-10 6.46403e-08)
(2.57381e-09 -7.52691e-10 6.44728e-08)
(1.7426e-09 7.34394e-10 6.87749e-08)
(1.65344e-09 5.09269e-10 6.89372e-08)
(1.59482e-09 3.0124e-10 6.90376e-08)
(1.56576e-09 9.97147e-11 6.90861e-08)
(1.56576e-09 -9.97147e-11 6.90861e-08)
(1.59482e-09 -3.0124e-10 6.90376e-08)
(1.65344e-09 -5.09269e-10 6.89372e-08)
(1.7426e-09 -7.34394e-10 6.87749e-08)
(8.39692e-10 7.15905e-10 7.31724e-08)
(7.51725e-10 4.96668e-10 7.33296e-08)
(6.93863e-10 2.93872e-10 7.34269e-08)
(6.65167e-10 9.72909e-11 7.34737e-08)
(6.65167e-10 -9.72909e-11 7.34737e-08)
(6.93863e-10 -2.93872e-10 7.34269e-08)
(7.51725e-10 -4.96668e-10 7.33296e-08)
(8.39692e-10 -7.15905e-10 7.31724e-08)
(-1.33976e-10 6.97245e-10 7.76616e-08)
(-2.20581e-10 4.83922e-10 7.78137e-08)
(-2.77578e-10 2.86409e-10 7.79078e-08)
(-3.05859e-10 9.48345e-11 7.79531e-08)
(-3.05859e-10 -9.48345e-11 7.79531e-08)
(-2.77578e-10 -2.86409e-10 7.79078e-08)
(-2.20581e-10 -4.83922e-10 7.78137e-08)
(-1.33976e-10 -6.97245e-10 7.76616e-08)
(-1.17735e-09 6.78434e-10 8.22385e-08)
(-1.26244e-09 4.71048e-10 8.23857e-08)
(-1.31847e-09 2.78863e-10 8.24766e-08)
(-1.34628e-09 9.23489e-11 8.25204e-08)
(-1.34628e-09 -9.23489e-11 8.25204e-08)
(-1.31847e-09 -2.78863e-10 8.24766e-08)
(-1.26244e-09 -4.71048e-10 8.23857e-08)
(-1.17735e-09 -6.78434e-10 8.22385e-08)
(-2.28927e-09 6.59495e-10 8.68995e-08)
(-2.3727e-09 4.58061e-10 8.70418e-08)
(-2.42767e-09 2.71241e-10 8.71296e-08)
(-2.45497e-09 8.98372e-11 8.71719e-08)
(-2.45497e-09 -8.98372e-11 8.71719e-08)
(-2.42767e-09 -2.71241e-10 8.71296e-08)
(-2.3727e-09 -4.58062e-10 8.70418e-08)
(-2.28927e-09 -6.59495e-10 8.68995e-08)
(-3.46848e-09 6.40448e-10 9.16409e-08)
(-3.55012e-09 4.44978e-10 9.17783e-08)
(-3.60394e-09 2.63555e-10 9.18631e-08)
(-3.63069e-09 8.73028e-11 9.19039e-08)
(-3.63069e-09 -8.73028e-11 9.19039e-08)
(-3.60394e-09 -2.63555e-10 9.18631e-08)
(-3.55012e-09 -4.44978e-10 9.17783e-08)
(-3.46848e-09 -6.40448e-10 9.16409e-08)
(-4.71362e-09 6.21314e-10 9.64592e-08)
(-4.79336e-09 4.31814e-10 9.65918e-08)
(-4.84596e-09 2.55814e-10 9.66736e-08)
(-4.8721e-09 8.47488e-11 9.67129e-08)
(-4.8721e-09 -8.47489e-11 9.67129e-08)
(-4.84596e-09 -2.55814e-10 9.66736e-08)
(-4.79336e-09 -4.31814e-10 9.65918e-08)
(-4.71362e-09 -6.21314e-10 9.64592e-08)
(-6.02328e-09 6.02114e-10 1.01351e-07)
(-6.10101e-09 4.18585e-10 1.01479e-07)
(-6.1523e-09 2.48028e-10 1.01558e-07)
(-6.17781e-09 8.21787e-11 1.01595e-07)
(-6.17781e-09 -8.21787e-11 1.01595e-07)
(-6.1523e-09 -2.48028e-10 1.01558e-07)
(-6.10101e-09 -4.18585e-10 1.01479e-07)
(-6.02328e-09 -6.02114e-10 1.01351e-07)
(-7.39594e-09 5.8287e-10 1.06312e-07)
(-7.47155e-09 4.05306e-10 1.06436e-07)
(-7.52148e-09 2.40205e-10 1.06512e-07)
(-7.54633e-09 7.95955e-11 1.06548e-07)
(-7.54633e-09 -7.95956e-11 1.06548e-07)
(-7.52148e-09 -2.40206e-10 1.06512e-07)
(-7.47155e-09 -4.05306e-10 1.06436e-07)
(-7.39594e-09 -5.8287e-10 1.06312e-07)
(-8.83003e-09 5.63602e-10 1.11341e-07)
(-8.90345e-09 3.91993e-10 1.1146e-07)
(-8.95195e-09 2.32357e-10 1.11533e-07)
(-8.97611e-09 7.70027e-11 1.11568e-07)
(-8.97611e-09 -7.70027e-11 1.11568e-07)
(-8.95195e-09 -2.32357e-10 1.11533e-07)
(-8.90345e-09 -3.91993e-10 1.1146e-07)
(-8.83003e-09 -5.63602e-10 1.11341e-07)
(-1.03239e-08 5.44332e-10 1.16433e-07)
(-1.03951e-08 3.78663e-10 1.16547e-07)
(-1.04421e-08 2.24492e-10 1.16617e-07)
(-1.04655e-08 7.44033e-11 1.16651e-07)
(-1.04655e-08 -7.44033e-11 1.16651e-07)
(-1.04421e-08 -2.24492e-10 1.16617e-07)
(-1.03951e-08 -3.78663e-10 1.16547e-07)
(-1.03239e-08 -5.44332e-10 1.16433e-07)
(-1.18759e-08 5.2508e-10 1.21585e-07)
(-1.19447e-08 3.6533e-10 1.21695e-07)
(-1.19903e-08 2.1662e-10 1.21762e-07)
(-1.2013e-08 7.18006e-11 1.21795e-07)
(-1.2013e-08 -7.18007e-11 1.21795e-07)
(-1.19903e-08 -2.1662e-10 1.21762e-07)
(-1.19447e-08 -3.6533e-10 1.21695e-07)
(-1.18759e-08 -5.2508e-10 1.21585e-07)
(-1.34844e-08 5.05867e-10 1.26794e-07)
(-1.35508e-08 3.5201e-10 1.269e-07)
(-1.35947e-08 2.0875e-10 1.26965e-07)
(-1.36166e-08 6.91979e-11 1.26996e-07)
(-1.36166e-08 -6.91979e-11 1.26996e-07)
(-1.35947e-08 -2.0875e-10 1.26965e-07)
(-1.35508e-08 -3.5201e-10 1.269e-07)
(-1.34844e-08 -5.05867e-10 1.26794e-07)
(-1.51474e-08 4.86714e-10 1.32058e-07)
(-1.52114e-08 3.38718e-10 1.3216e-07)
(-1.52537e-08 2.00892e-10 1.32222e-07)
(-1.52749e-08 6.65982e-11 1.32251e-07)
(-1.52749e-08 -6.65983e-11 1.32251e-07)
(-1.52537e-08 -2.00893e-10 1.32222e-07)
(-1.52114e-08 -3.38718e-10 1.3216e-07)
(-1.51474e-08 -4.86714e-10 1.32058e-07)
(-1.68633e-08 4.67641e-10 1.37374e-07)
(-1.69248e-08 3.25471e-10 1.37471e-07)
(-1.69655e-08 1.93056e-10 1.3753e-07)
(-1.69859e-08 6.40049e-11 1.37559e-07)
(-1.69859e-08 -6.4005e-11 1.37559e-07)
(-1.69655e-08 -1.93056e-10 1.3753e-07)
(-1.69248e-08 -3.25471e-10 1.37471e-07)
(-1.68633e-08 -4.67641e-10 1.37374e-07)
(-1.86302e-08 4.48669e-10 1.42738e-07)
(-1.86891e-08 3.12283e-10 1.42831e-07)
(-1.87282e-08 1.85251e-10 1.42887e-07)
(-1.87478e-08 6.14211e-11 1.42915e-07)
(-1.87478e-08 -6.14211e-11 1.42915e-07)
(-1.87282e-08 -1.85251e-10 1.42887e-07)
(-1.86891e-08 -3.12283e-10 1.42831e-07)
(-1.86302e-08 -4.48669e-10 1.42738e-07)
(-2.04462e-08 4.2982e-10 1.48147e-07)
(-2.05026e-08 2.99169e-10 1.48236e-07)
(-2.05401e-08 1.77486e-10 1.48291e-07)
(-2.05588e-08 5.88499e-11 1.48317e-07)
(-2.05588e-08 -5.88499e-11 1.48317e-07)
(-2.05401e-08 -1.77486e-10 1.48291e-07)
(-2.05026e-08 -2.99169e-10 1.48236e-07)
(-2.04462e-08 -4.2982e-10 1.48147e-07)
(-2.23096e-08 4.11112e-10 1.53601e-07)
(-2.23634e-08 2.86145e-10 1.53686e-07)
(-2.23992e-08 1.6977e-10 1.53737e-07)
(-2.24172e-08 5.62945e-11 1.53762e-07)
(-2.24172e-08 -5.62945e-11 1.53762e-07)
(-2.23992e-08 -1.6977e-10 1.53737e-07)
(-2.23634e-08 -2.86145e-10 1.53686e-07)
(-2.23096e-08 -4.11112e-10 1.53601e-07)
(-2.42183e-08 3.92568e-10 1.59094e-07)
(-2.42697e-08 2.73226e-10 1.59176e-07)
(-2.43038e-08 1.62114e-10 1.59225e-07)
(-2.43209e-08 5.37579e-11 1.59248e-07)
(-2.43209e-08 -5.3758e-11 1.59248e-07)
(-2.43038e-08 -1.62114e-10 1.59225e-07)
(-2.42697e-08 -2.73226e-10 1.59176e-07)
(-2.42183e-08 -3.92568e-10 1.59094e-07)
(-2.61707e-08 3.74207e-10 1.64626e-07)
(-2.62194e-08 2.60427e-10 1.64704e-07)
(-2.62519e-08 1.54525e-10 1.64751e-07)
(-2.62682e-08 5.12434e-11 1.64773e-07)
(-2.62682e-08 -5.12435e-11 1.64773e-07)
(-2.62519e-08 -1.54525e-10 1.64751e-07)
(-2.62194e-08 -2.60427e-10 1.64704e-07)
(-2.61707e-08 -3.74207e-10 1.64626e-07)
(-2.81646e-08 3.56049e-10 1.70194e-07)
(-2.82109e-08 2.47763e-10 1.70268e-07)
(-2.82417e-08 1.47014e-10 1.70312e-07)
(-2.82571e-08 4.87541e-11 1.70334e-07)
(-2.82571e-08 -4.87541e-11 1.70334e-07)
(-2.82417e-08 -1.47014e-10 1.70312e-07)
(-2.82109e-08 -2.47763e-10 1.70268e-07)
(-2.81646e-08 -3.56049e-10 1.70194e-07)
(-3.01984e-08 3.38116e-10 1.75796e-07)
(-3.02421e-08 2.35249e-10 1.75866e-07)
(-3.02713e-08 1.39589e-10 1.75908e-07)
(-3.02859e-08 4.62929e-11 1.75928e-07)
(-3.02859e-08 -4.6293e-11 1.75928e-07)
(-3.02713e-08 -1.39589e-10 1.75908e-07)
(-3.02421e-08 -2.35249e-10 1.75866e-07)
(-3.01984e-08 -3.38116e-10 1.75796e-07)
(-3.22702e-08 3.20426e-10 1.81428e-07)
(-3.23114e-08 2.229e-10 1.81494e-07)
(-3.23389e-08 1.32259e-10 1.81534e-07)
(-3.23527e-08 4.3863e-11 1.81553e-07)
(-3.23527e-08 -4.38631e-11 1.81553e-07)
(-3.23389e-08 -1.32259e-10 1.81534e-07)
(-3.23114e-08 -2.229e-10 1.81494e-07)
(-3.22702e-08 -3.20426e-10 1.81428e-07)
(-3.4378e-08 3.03001e-10 1.87089e-07)
(-3.44167e-08 2.1073e-10 1.87152e-07)
(-3.44426e-08 1.25035e-10 1.8719e-07)
(-3.44556e-08 4.14674e-11 1.87208e-07)
(-3.44556e-08 -4.14675e-11 1.87208e-07)
(-3.44426e-08 -1.25035e-10 1.8719e-07)
(-3.44167e-08 -2.1073e-10 1.87152e-07)
(-3.4378e-08 -3.03001e-10 1.87089e-07)
(-3.652e-08 2.8586e-10 1.92777e-07)
(-3.65563e-08 1.98755e-10 1.92837e-07)
(-3.65806e-08 1.17924e-10 1.92873e-07)
(-3.65928e-08 3.91092e-11 1.9289e-07)
(-3.65928e-08 -3.91093e-11 1.9289e-07)
(-3.65806e-08 -1.17924e-10 1.92873e-07)
(-3.65563e-08 -1.98755e-10 1.92837e-07)
(-3.652e-08 -2.8586e-10 1.92777e-07)
(-3.86944e-08 2.69024e-10 1.9849e-07)
(-3.87283e-08 1.8699e-10 1.98547e-07)
(-3.8751e-08 1.10935e-10 1.9858e-07)
(-3.87625e-08 3.67913e-11 1.98596e-07)
(-3.87625e-08 -3.67914e-11 1.98596e-07)
(-3.8751e-08 -1.10935e-10 1.9858e-07)
(-3.87283e-08 -1.8699e-10 1.98547e-07)
(-3.86944e-08 -2.69024e-10 1.9849e-07)
(-4.08994e-08 2.52512e-10 2.04226e-07)
(-4.0931e-08 1.75448e-10 2.04279e-07)
(-4.09521e-08 1.04078e-10 2.0431e-07)
(-4.09628e-08 3.45169e-11 2.04325e-07)
(-4.09628e-08 -3.45169e-11 2.04325e-07)
(-4.09521e-08 -1.04078e-10 2.0431e-07)
(-4.0931e-08 -1.75448e-10 2.04279e-07)
(-4.08994e-08 -2.52512e-10 2.04226e-07)
(-4.31333e-08 2.36343e-10 2.09983e-07)
(-4.31625e-08 1.64144e-10 2.10032e-07)
(-4.31822e-08 9.73619e-11 2.10062e-07)
(-4.31921e-08 3.22888e-11 2.10076e-07)
(-4.31921e-08 -3.22889e-11 2.10076e-07)
(-4.31822e-08 -9.7362e-11 2.10062e-07)
(-4.31625e-08 -1.64144e-10 2.10032e-07)
(-4.31333e-08 -2.36344e-10 2.09983e-07)
(-4.53943e-08 2.20539e-10 2.15758e-07)
(-4.54212e-08 1.53093e-10 2.15805e-07)
(-4.54394e-08 9.07947e-11 2.15832e-07)
(-4.54486e-08 3.011e-11 2.15845e-07)
(-4.54486e-08 -3.01101e-11 2.15845e-07)
(-4.54394e-08 -9.07948e-11 2.15832e-07)
(-4.54212e-08 -1.53093e-10 2.15805e-07)
(-4.53943e-08 -2.20539e-10 2.15758e-07)
(-4.76806e-08 2.05118e-10 2.21551e-07)
(-4.77054e-08 1.42309e-10 2.21595e-07)
(-4.77221e-08 8.43855e-11 2.2162e-07)
(-4.77306e-08 2.79835e-11 2.21632e-07)
(-4.77306e-08 -2.79836e-11 2.21632e-07)
(-4.77221e-08 -8.43856e-11 2.2162e-07)
(-4.77054e-08 -1.42309e-10 2.21595e-07)
(-4.76806e-08 -2.05118e-10 2.21551e-07)
(-4.99906e-08 1.90099e-10 2.27359e-07)
(-5.00133e-08 1.31806e-10 2.274e-07)
(-5.00286e-08 7.8143e-11 2.27424e-07)
(-5.00364e-08 2.59122e-11 2.27435e-07)
(-5.00364e-08 -2.59123e-11 2.27435e-07)
(-5.00286e-08 -7.81431e-11 2.27424e-07)
(-5.00133e-08 -1.31806e-10 2.274e-07)
(-4.99906e-08 -1.90099e-10 2.27359e-07)
(-5.23227e-08 1.75503e-10 2.33182e-07)
(-5.23433e-08 1.21599e-10 2.33219e-07)
(-5.23573e-08 7.20759e-11 2.33242e-07)
(-5.23644e-08 2.3899e-11 2.33252e-07)
(-5.23644e-08 -2.38991e-11 2.33252e-07)
(-5.23573e-08 -7.2076e-11 2.33242e-07)
(-5.23433e-08 -1.21599e-10 2.33219e-07)
(-5.23227e-08 -1.75503e-10 2.33182e-07)
(-5.46752e-08 1.61347e-10 2.39016e-07)
(-5.46938e-08 1.11701e-10 2.39051e-07)
(-5.47065e-08 6.61926e-11 2.39072e-07)
(-5.47129e-08 2.19468e-11 2.39081e-07)
(-5.47129e-08 -2.19469e-11 2.39081e-07)
(-5.47065e-08 -6.61927e-11 2.39072e-07)
(-5.46938e-08 -1.11701e-10 2.39051e-07)
(-5.46752e-08 -1.61347e-10 2.39016e-07)
(-5.70465e-08 1.47652e-10 2.44862e-07)
(-5.70632e-08 1.02127e-10 2.44894e-07)
(-5.70747e-08 6.05017e-11 2.44913e-07)
(-5.70805e-08 2.00584e-11 2.44922e-07)
(-5.70805e-08 -2.00585e-11 2.44922e-07)
(-5.70747e-08 -6.05018e-11 2.44913e-07)
(-5.70632e-08 -1.02127e-10 2.44894e-07)
(-5.70465e-08 -1.47652e-10 2.44862e-07)
(-5.94352e-08 1.34436e-10 2.50717e-07)
(-5.94501e-08 9.289e-11 2.50747e-07)
(-5.94603e-08 5.50117e-11 2.50764e-07)
(-5.94656e-08 1.82367e-11 2.50772e-07)
(-5.94656e-08 -1.82368e-11 2.50772e-07)
(-5.94603e-08 -5.50118e-11 2.50764e-07)
(-5.94501e-08 -9.28901e-11 2.50747e-07)
(-5.94352e-08 -1.34437e-10 2.50717e-07)
(-6.18398e-08 1.21719e-10 2.5658e-07)
(-6.18529e-08 8.4004e-11 2.56607e-07)
(-6.1862e-08 4.97309e-11 2.56623e-07)
(-6.18667e-08 1.64844e-11 2.5663e-07)
(-6.18667e-08 -1.64845e-11 2.5663e-07)
(-6.1862e-08 -4.9731e-11 2.56623e-07)
(-6.18529e-08 -8.40041e-11 2.56607e-07)
(-6.18398e-08 -1.21719e-10 2.5658e-07)
(-6.42588e-08 1.09518e-10 2.6245e-07)
(-6.42703e-08 7.54827e-11 2.62475e-07)
(-6.42783e-08 4.46676e-11 2.62489e-07)
(-6.42824e-08 1.48045e-11 2.62495e-07)
(-6.42824e-08 -1.48046e-11 2.62495e-07)
(-6.42783e-08 -4.46678e-11 2.62489e-07)
(-6.42703e-08 -7.54828e-11 2.62475e-07)
(-6.42588e-08 -1.09518e-10 2.6245e-07)
(-6.66908e-08 9.78519e-11 2.68325e-07)
(-6.67008e-08 6.73397e-11 2.68348e-07)
(-6.67077e-08 3.98302e-11 2.6836e-07)
(-6.67113e-08 1.31996e-11 2.68366e-07)
(-6.67113e-08 -1.31997e-11 2.68366e-07)
(-6.67077e-08 -3.98303e-11 2.6836e-07)
(-6.67008e-08 -6.73399e-11 2.68348e-07)
(-6.66908e-08 -9.7852e-11 2.68325e-07)
(-6.91346e-08 8.67398e-11 2.74205e-07)
(-6.9143e-08 5.95886e-11 2.74226e-07)
(-6.9149e-08 3.52269e-11 2.74237e-07)
(-6.91521e-08 1.16726e-11 2.74242e-07)
(-6.91521e-08 -1.16727e-11 2.74242e-07)
(-6.9149e-08 -3.5227e-11 2.74237e-07)
(-6.9143e-08 -5.95887e-11 2.74226e-07)
(-6.91346e-08 -8.674e-11 2.74205e-07)
(-7.15888e-08 7.61999e-11 2.80089e-07)
(-7.15959e-08 5.22428e-11 2.80107e-07)
(-7.16009e-08 3.0866e-11 2.80117e-07)
(-7.16035e-08 1.02262e-11 2.80122e-07)
(-7.16035e-08 -1.02264e-11 2.80122e-07)
(-7.16009e-08 -3.08662e-11 2.80117e-07)
(-7.15959e-08 -5.2243e-11 2.80107e-07)
(-7.15888e-08 -7.62001e-11 2.80089e-07)
(-7.40522e-08 6.62509e-11 2.85975e-07)
(-7.4058e-08 4.53163e-11 2.85991e-07)
(-7.40621e-08 2.6756e-11 2.86e-07)
(-7.40644e-08 8.8634e-12 2.86004e-07)
(-7.40644e-08 -8.86353e-12 2.86004e-07)
(-7.40621e-08 -2.67562e-11 2.86e-07)
(-7.4058e-08 -4.53164e-11 2.85991e-07)
(-7.40522e-08 -6.62511e-11 2.85975e-07)
(-7.65236e-08 5.69116e-11 2.91862e-07)
(-7.65282e-08 3.88229e-11 2.91876e-07)
(-7.65316e-08 2.29055e-11 2.91884e-07)
(-7.65334e-08 7.58698e-12 2.91888e-07)
(-7.65334e-08 -7.58711e-12 2.91888e-07)
(-7.65316e-08 -2.29057e-11 2.91884e-07)
(-7.65282e-08 -3.88231e-11 2.91876e-07)
(-7.65236e-08 -5.69118e-11 2.91862e-07)
(-7.90019e-08 4.82014e-11 2.97751e-07)
(-7.90054e-08 3.27772e-11 2.97763e-07)
(-7.90081e-08 1.93234e-11 2.9777e-07)
(-7.90095e-08 6.4e-12 2.97773e-07)
(-7.90095e-08 -6.40014e-12 2.97773e-07)
(-7.90081e-08 -1.93236e-11 2.9777e-07)
(-7.90054e-08 -3.27773e-11 2.97763e-07)
(-7.90019e-08 -4.82016e-11 2.97751e-07)
(-8.1486e-08 4.01404e-11 3.03639e-07)
(-8.14885e-08 2.71942e-11 3.0365e-07)
(-8.14905e-08 1.60191e-11 3.03655e-07)
(-8.14916e-08 5.30563e-12 3.03658e-07)
(-8.14916e-08 -5.30578e-12 3.03658e-07)
(-8.14905e-08 -1.60193e-11 3.03655e-07)
(-8.14885e-08 -2.71943e-11 3.0365e-07)
(-8.1486e-08 -4.01405e-11 3.03639e-07)
(-8.39749e-08 3.27496e-11 3.09527e-07)
(-8.39766e-08 2.20898e-11 3.09536e-07)
(-8.3978e-08 1.30023e-11 3.09541e-07)
(-8.39788e-08 4.3072e-12 3.09543e-07)
(-8.39788e-08 -4.30736e-12 3.09543e-07)
(-8.3978e-08 -1.30025e-11 3.09541e-07)
(-8.39766e-08 -2.20899e-11 3.09536e-07)
(-8.39749e-08 -3.27497e-11 3.09527e-07)
(-8.64678e-08 2.60511e-11 3.15413e-07)
(-8.64687e-08 1.74804e-11 3.15421e-07)
(-8.64695e-08 1.02833e-11 3.15425e-07)
(-8.647e-08 3.4081e-12 3.15426e-07)
(-8.647e-08 -3.40826e-12 3.15426e-07)
(-8.64695e-08 -1.02834e-11 3.15425e-07)
(-8.64687e-08 -1.74805e-11 3.15421e-07)
(-8.64678e-08 -2.60513e-11 3.15413e-07)
(-8.89635e-08 2.00677e-11 3.21298e-07)
(-8.89638e-08 1.33824e-11 3.21304e-07)
(-8.89641e-08 7.8717e-12 3.21307e-07)
(-8.89644e-08 2.61159e-12 3.21309e-07)
(-8.89644e-08 -2.61175e-12 3.21309e-07)
(-8.89641e-08 -7.87186e-12 3.21307e-07)
(-8.89638e-08 -1.33826e-11 3.21304e-07)
(-8.89635e-08 -2.00679e-11 3.21298e-07)
(-9.14615e-08 1.48213e-11 3.2718e-07)
(-9.14611e-08 9.8102e-12 3.27185e-07)
(-9.1461e-08 5.77555e-12 3.27188e-07)
(-9.14611e-08 1.92014e-12 3.27189e-07)
(-9.14611e-08 -1.9203e-12 3.27189e-07)
(-9.1461e-08 -5.77571e-12 3.27188e-07)
(-9.14611e-08 -9.81036e-12 3.27185e-07)
(-9.14615e-08 -1.48215e-11 3.2718e-07)
(-9.39608e-08 1.03276e-11 3.3306e-07)
(-9.39599e-08 6.7709e-12 3.33064e-07)
(-9.39595e-08 3.99763e-12 3.33067e-07)
(-9.39593e-08 1.33433e-12 3.33068e-07)
(-9.39593e-08 -1.33449e-12 3.33068e-07)
(-9.39595e-08 -3.99779e-12 3.33067e-07)
(-9.39599e-08 -6.77107e-12 3.33064e-07)
(-9.39608e-08 -1.03278e-11 3.3306e-07)
(-9.64607e-08 6.58023e-12 3.38938e-07)
(-9.64595e-08 4.25373e-12 3.38941e-07)
(-9.64587e-08 2.52865e-12 3.38943e-07)
(-9.64584e-08 8.50526e-13 3.38944e-07)
(-9.64584e-08 -8.50683e-13 3.38944e-07)
(-9.64587e-08 -2.52881e-12 3.38943e-07)
(-9.64595e-08 -4.25391e-12 3.38941e-07)
(-9.64607e-08 -6.58041e-12 3.38938e-07)
(-9.89607e-08 3.50513e-12 3.44812e-07)
(-9.89591e-08 2.20507e-12 3.44815e-07)
(-9.89581e-08 1.33513e-12 3.44816e-07)
(-9.89576e-08 4.57545e-13 3.44817e-07)
(-9.89576e-08 -4.57702e-13 3.44817e-07)
(-9.89581e-08 -1.33531e-12 3.44816e-07)
(-9.89591e-08 -2.20525e-12 3.44815e-07)
(-9.89607e-08 -3.50531e-12 3.44812e-07)
(-1.0146e-07 9.22632e-13 3.50684e-07)
(-1.01458e-07 5.08618e-13 3.50687e-07)
(-1.01457e-07 3.58824e-13 3.50688e-07)
(-1.01456e-07 1.37404e-13 3.50689e-07)
(-1.01456e-07 -1.37576e-13 3.50689e-07)
(-1.01457e-07 -3.58995e-13 3.50688e-07)
(-1.01458e-07 -5.08792e-13 3.50687e-07)
(-1.0146e-07 -9.22804e-13 3.50684e-07)
(-1.03958e-07 -1.27759e-12 3.56554e-07)
(-1.03956e-07 -9.50987e-13 3.56556e-07)
(-1.03955e-07 -4.66878e-13 3.56558e-07)
(-1.03954e-07 -1.31919e-13 3.56559e-07)
(-1.03954e-07 1.31719e-13 3.56559e-07)
(-1.03955e-07 4.66694e-13 3.56558e-07)
(-1.03956e-07 9.5082e-13 3.56556e-07)
(-1.03958e-07 1.27744e-12 3.56554e-07)
)
;
    }
}


// ************************************************************************* //
