# ale_2x_dt0.0005_replay_movingWallPressure: forces per unit depth (N/m) on cylinder+flag (total) and flag (plate), last 2 s at 1 ms; coupled FSI3 2x trajectory replayed with movingWallPressure on the plate
time,total_drag,total_lift,plate_drag,plate_lift
31.00000,4.836024e+02,9.439660e+00,5.704119e+00,-9.387493e+01
31.00100,4.824573e+02,4.368893e+00,4.809547e+00,-9.881713e+01
31.00200,4.812289e+02,-8.544540e-01,3.834149e+00,-1.037512e+02
31.00300,4.799298e+02,-6.089953e+00,2.795246e+00,-1.085713e+02
31.00400,4.784954e+02,-1.077937e+01,1.618811e+00,-1.127415e+02
31.00500,4.770262e+02,-1.555609e+01,4.226768e-01,-1.168935e+02
31.00600,4.754875e+02,-2.035541e+01,-8.404480e-01,-1.209367e+02
31.00700,4.738581e+02,-2.491362e+01,-2.203657e+00,-1.246164e+02
31.00800,4.722091e+02,-2.960583e+01,-3.585527e+00,-1.283095e+02
31.00900,4.705037e+02,-3.401494e+01,-5.037372e+00,-1.316144e+02
31.01000,4.688189e+02,-3.839767e+01,-6.493127e+00,-1.347673e+02
31.01100,4.670397e+02,-4.240607e+01,-8.037927e+00,-1.374151e+02
31.01200,4.653192e+02,-4.722774e+01,-9.551240e+00,-1.407637e+02
31.01300,4.636853e+02,-5.202205e+01,-1.098721e+01,-1.439660e+02
31.01400,4.620231e+02,-5.604010e+01,-1.248777e+01,-1.462795e+02
31.01500,4.604885e+02,-6.160330e+01,-1.388321e+01,-1.499220e+02
31.01600,4.591129e+02,-6.650625e+01,-1.512507e+01,-1.528598e+02
31.01700,4.572346e+02,-6.919727e+01,-1.686907e+01,-1.535191e+02
31.01800,4.556978e+02,-7.323193e+01,-1.831190e+01,-1.553555e+02
31.01900,4.542381e+02,-7.742780e+01,-1.968459e+01,-1.572695e+02
31.02000,4.528491e+02,-8.213027e+01,-2.102810e+01,-1.595177e+02
31.02100,4.515616e+02,-8.623520e+01,-2.227861e+01,-1.611417e+02
31.02200,4.503709e+02,-9.103207e+01,-2.345907e+01,-1.632681e+02
31.02300,4.489553e+02,-9.422227e+01,-2.485635e+01,-1.638360e+02
31.02400,4.478237e+02,-9.826427e+01,-2.599487e+01,-1.650696e+02
31.02500,4.467402e+02,-1.009961e+02,-2.709629e+01,-1.650279e+02
31.02600,4.457900e+02,-1.057831e+02,-2.807805e+01,-1.667539e+02
31.02700,4.447446e+02,-1.080667e+02,-2.918480e+01,-1.661137e+02
31.02800,4.437689e+02,-1.072883e+02,-3.018801e+01,-1.626101e+02
31.02900,4.432231e+02,-1.130152e+02,-3.083960e+01,-1.649611e+02
31.03000,4.426975e+02,-1.165872e+02,-3.143389e+01,-1.652673e+02
31.03100,4.424897e+02,-1.212922e+02,-3.174061e+01,-1.665080e+02
31.03200,4.416747e+02,-1.221608e+02,-3.262240e+01,-1.642105e+02
31.03300,4.414133e+02,-1.250718e+02,-3.297661e+01,-1.636935e+02
31.03400,4.409636e+02,-1.261726e+02,-3.350548e+01,-1.614843e+02
31.03500,4.407899e+02,-1.279779e+02,-3.377295e+01,-1.598601e+02
31.03600,4.408117e+02,-1.322487e+02,-3.385431e+01,-1.604213e+02
31.03700,4.406429e+02,-1.319647e+02,-3.409594e+01,-1.568087e+02
31.03800,4.405639e+02,-1.362073e+02,-3.425599e+01,-1.572631e+02
31.03900,4.407660e+02,-1.378976e+02,-3.415037e+01,-1.553507e+02
31.04000,4.408397e+02,-1.383221e+02,-3.413306e+01,-1.522669e+02
31.04100,4.411739e+02,-1.399696e+02,-3.387278e+01,-1.502471e+02
31.04200,4.416577e+02,-1.411088e+02,-3.345423e+01,-1.477635e+02
31.04300,4.423028e+02,-1.426787e+02,-3.289976e+01,-1.456359e+02
31.04400,4.429349e+02,-1.435409e+02,-3.233450e+01,-1.428533e+02
31.04500,4.437214e+02,-1.446725e+02,-3.162586e+01,-1.403019e+02
31.04600,4.444995e+02,-1.448212e+02,-3.090191e+01,-1.368503e+02
31.04700,4.453862e+02,-1.449123e+02,-3.007835e+01,-1.333351e+02
31.04800,4.465163e+02,-1.458539e+02,-2.903682e+01,-1.306028e+02
31.04900,4.476675e+02,-1.462216e+02,-2.795336e+01,-1.273709e+02
31.05000,4.489353e+02,-1.469715e+02,-2.676277e+01,-1.244811e+02
31.05100,4.502291e+02,-1.467951e+02,-2.554509e+01,-1.207719e+02
31.05200,4.516451e+02,-1.470107e+02,-2.421050e+01,-1.174157e+02
31.05300,4.530623e+02,-1.464927e+02,-2.287865e+01,-1.134135e+02
31.05400,4.545070e+02,-1.466467e+02,-2.152413e+01,-1.100797e+02
31.05500,4.560748e+02,-1.461110e+02,-2.004599e+01,-1.061340e+02
31.05600,4.576408e+02,-1.451497e+02,-1.857039e+01,-1.018194e+02
31.05700,4.592838e+02,-1.444229e+02,-1.703283e+01,-9.779173e+01
31.05800,4.609703e+02,-1.438145e+02,-1.545853e+01,-9.387867e+01
31.05900,4.625463e+02,-1.420729e+02,-1.398305e+01,-8.899767e+01
31.06000,4.641886e+02,-1.403909e+02,-1.245527e+01,-8.419520e+01
31.06100,4.658329e+02,-1.390105e+02,-1.093138e+01,-7.976053e+01
31.06200,4.674354e+02,-1.368396e+02,-9.446120e+00,-7.461547e+01
31.06300,4.690154e+02,-1.342746e+02,-7.990800e+00,-6.920393e+01
31.06400,4.705420e+02,-1.312475e+02,-6.583894e+00,-6.340961e+01
31.06500,4.720427e+02,-1.283322e+02,-5.206924e+00,-5.780099e+01
31.06600,4.735203e+02,-1.253648e+02,-3.856993e+00,-5.222351e+01
31.06700,4.748349e+02,-1.204600e+02,-2.650020e+00,-4.492135e+01
31.06800,4.761599e+02,-1.165757e+02,-1.440651e+00,-3.865642e+01
31.06900,4.774065e+02,-1.118457e+02,-3.124755e-01,-3.169273e+01
31.07000,4.786173e+02,-1.072955e+02,7.772593e-01,-2.496743e+01
31.07100,4.797237e+02,-1.024240e+02,1.795314e+00,-1.805908e+01
31.07200,4.807491e+02,-9.720993e+01,2.723979e+00,-1.090417e+01
31.07300,4.816404e+02,-9.196280e+01,3.549537e+00,-3.829073e+00
31.07400,4.825094e+02,-8.587127e+01,4.328611e+00,3.918443e+00
31.07500,4.831255e+02,-8.074200e+01,4.886386e+00,1.073031e+01
31.07600,4.837615e+02,-7.477547e+01,5.483399e+00,1.817019e+01
31.07700,4.842887e+02,-6.888733e+01,5.981173e+00,2.542737e+01
31.07800,4.847257e+02,-6.258197e+01,6.403387e+00,3.300037e+01
31.07900,4.849971e+02,-5.711681e+01,6.670453e+00,3.967225e+01
31.08000,4.851378e+02,-5.106786e+01,6.859793e+00,4.676270e+01
31.08100,4.851993e+02,-4.501435e+01,6.963667e+00,5.378288e+01
31.08200,4.851284e+02,-3.895887e+01,6.956333e+00,6.066679e+01
31.08300,4.849044e+02,-3.290093e+01,6.837120e+00,6.742400e+01
31.08400,4.845616e+02,-2.728719e+01,6.592067e+00,7.370880e+01
31.08500,4.840685e+02,-2.173827e+01,6.229345e+00,7.978580e+01
31.08600,4.835039e+02,-1.581126e+01,5.815597e+00,8.609947e+01
31.08700,4.827459e+02,-1.077208e+01,5.229360e+00,9.150213e+01
31.08800,4.818492e+02,-5.630219e+00,4.531193e+00,9.683847e+01
31.08900,4.809109e+02,-2.790401e-01,3.790752e+00,1.023005e+02
31.09000,4.798003e+02,4.537641e+00,2.885944e+00,1.071095e+02
31.09100,4.785108e+02,8.926840e+00,1.825463e+00,1.114291e+02
31.09200,4.772393e+02,1.377567e+01,7.875453e-01,1.160668e+02
31.09300,4.757996e+02,1.814960e+01,-4.097651e-01,1.201131e+02
31.09400,4.743813e+02,2.288835e+01,-1.583550e+00,1.244238e+02
31.09500,4.728368e+02,2.728007e+01,-2.881205e+00,1.282374e+02
31.09600,4.712362e+02,3.137931e+01,-4.234896e+00,1.316975e+02
31.09700,4.695248e+02,3.536249e+01,-5.687901e+00,1.348959e+02
31.09800,4.678763e+02,3.969014e+01,-7.091853e+00,1.383257e+02
31.09900,4.662095e+02,4.389331e+01,-8.525807e+00,1.415229e+02
31.10000,4.644847e+02,4.783525e+01,-1.002905e+01,1.443247e+02
31.10100,4.626679e+02,5.191778e+01,-1.162698e+01,1.471550e+02
31.10200,4.610183e+02,5.642501e+01,-1.307497e+01,1.502790e+02
31.10300,4.593761e+02,6.069365e+01,-1.453223e+01,1.530325e+02
31.10400,4.576285e+02,6.526811e+01,-1.610219e+01,1.559713e+02
31.10500,4.561241e+02,6.977947e+01,-1.744465e+01,1.587451e+02
31.10600,4.548406e+02,7.504200e+01,-1.859636e+01,1.621063e+02
31.10700,4.530191e+02,7.777280e+01,-2.028734e+01,1.628890e+02
31.10800,4.514444e+02,8.149540e+01,-2.175759e+01,1.645355e+02
31.10900,4.500507e+02,8.588653e+01,-2.306257e+01,1.667127e+02
31.11000,4.486159e+02,8.976393e+01,-2.442219e+01,1.683297e+02
31.11100,4.475839e+02,9.521060e+01,-2.542509e+01,1.712562e+02
31.11200,4.463826e+02,9.927893e+01,-2.659689e+01,1.728397e+02
31.11300,4.449093e+02,1.032031e+02,-2.803525e+01,1.741628e+02
31.11400,4.438016e+02,1.070548e+02,-2.912730e+01,1.753319e+02
31.11500,4.429421e+02,1.124301e+02,-3.000997e+01,1.777945e+02
31.11600,4.418297e+02,1.146595e+02,-3.112858e+01,1.773208e+02
31.11700,4.409197e+02,1.187605e+02,-3.205819e+01,1.784335e+02
31.11800,4.399456e+02,1.168457e+02,-3.304879e+01,1.740115e+02
31.11900,4.391655e+02,1.207697e+02,-3.386796e+01,1.748383e+02
31.12000,4.384094e+02,1.242249e+02,-3.467836e+01,1.751586e+02
31.12100,4.384101e+02,1.295757e+02,-3.476219e+01,1.771137e+02
31.12200,4.376174e+02,1.303421e+02,-3.559638e+01,1.748563e+02
31.12300,4.372819e+02,1.332805e+02,-3.599958e+01,1.744823e+02
31.12400,4.368541e+02,1.342427e+02,-3.648022e+01,1.722825e+02
31.12500,4.366629e+02,1.359203e+02,-3.674291e+01,1.706610e+02
31.12600,4.366175e+02,1.382809e+02,-3.684455e+01,1.696191e+02
31.12700,4.364572e+02,1.388805e+02,-3.705855e+01,1.669357e+02
31.12800,4.362713e+02,1.433161e+02,-3.729995e+01,1.677122e+02
31.12900,4.363791e+02,1.430584e+02,-3.725062e+01,1.641430e+02
31.13000,4.365355e+02,1.440954e+02,-3.714785e+01,1.617442e+02
31.13100,4.368677e+02,1.453999e+02,-3.688134e+01,1.595412e+02
31.13200,4.370807e+02,1.440563e+02,-3.669077e+01,1.549113e+02
31.13300,4.378330e+02,1.462772e+02,-3.601254e+01,1.534977e+02
31.13400,4.384348e+02,1.464785e+02,-3.547117e+01,1.502331e+02
31.13500,4.391624e+02,1.466303e+02,-3.479351e+01,1.468981e+02
31.13600,4.400872e+02,1.475377e+02,-3.394101e+01,1.442401e+02
31.13700,4.409849e+02,1.476805e+02,-3.309165e+01,1.408839e+02
31.13800,4.421297e+02,1.482085e+02,-3.204167e+01,1.378626e+02
31.13900,4.433155e+02,1.482403e+02,-3.094459e+01,1.343833e+02
31.14000,4.445573e+02,1.482444e+02,-2.977215e+01,1.308825e+02
31.14100,4.458647e+02,1.477781e+02,-2.855251e+01,1.269713e+02
31.14200,4.473662e+02,1.480173e+02,-2.715743e+01,1.237054e+02
31.14300,4.489245e+02,1.484421e+02,-2.571127e+01,1.206411e+02
31.14400,4.505423e+02,1.483009e+02,-2.421629e+01,1.170491e+02
31.14500,4.522056e+02,1.480490e+02,-2.268525e+01,1.133625e+02
31.14600,4.539757e+02,1.478542e+02,-2.106028e+01,1.097741e+02
31.14700,4.557015e+02,1.475285e+02,-1.949184e+01,1.060783e+02
31.14800,4.574881e+02,1.467636e+02,-1.786897e+01,1.020055e+02
31.14900,4.593081e+02,1.465723e+02,-1.623181e+01,9.851887e+01
31.15000,4.611207e+02,1.458143e+02,-1.460763e+01,9.450787e+01
31.15100,4.630157e+02,1.450338e+02,-1.291446e+01,9.055853e+01
31.15200,4.649671e+02,1.448323e+02,-1.118055e+01,8.714487e+01
31.15300,4.666935e+02,1.428963e+02,-9.656373e+00,8.222487e+01
31.15400,4.683929e+02,1.402643e+02,-8.167493e+00,7.668520e+01
31.15500,4.701450e+02,1.383919e+02,-6.638051e+00,7.192547e+01
31.15600,4.718487e+02,1.363349e+02,-5.158961e+00,6.707480e+01
31.15700,4.734532e+02,1.337203e+02,-3.774764e+00,6.171753e+01
31.15800,4.750230e+02,1.308641e+02,-2.426663e+00,5.624891e+01
31.15900,4.765491e+02,1.276333e+02,-1.122943e+00,5.050394e+01
31.16000,4.779895e+02,1.238997e+02,9.765760e-02,4.436883e+01
31.16100,4.793529e+02,1.200621e+02,1.260788e+00,3.822533e+01
31.16200,4.806538e+02,1.157495e+02,2.364591e+00,3.172763e+01
31.16300,4.818560e+02,1.111073e+02,3.385675e+00,2.502007e+01
31.16400,4.829301e+02,1.059119e+02,4.308205e+00,1.790051e+01
31.16500,4.839328e+02,1.007410e+02,5.157769e+00,1.089415e+01
31.16600,4.848461e+02,9.543553e+01,5.941311e+00,3.859722e+00
31.16700,4.856237e+02,9.056693e+01,6.592264e+00,-2.644127e+00
31.16800,4.862603e+02,8.521153e+01,7.151887e+00,-9.522607e+00
31.16900,4.868717e+02,7.947333e+01,7.699753e+00,-1.664017e+01
31.17000,4.873081e+02,7.353213e+01,8.108153e+00,-2.381395e+01
31.17100,4.876476e+02,6.748220e+01,8.431527e+00,-3.098659e+01
31.17200,4.879062e+02,6.115207e+01,8.692013e+00,-3.830202e+01
31.17300,4.879696e+02,5.513261e+01,8.812367e+00,-4.520807e+01
31.17400,4.879437e+02,4.895272e+01,8.854827e+00,-5.213313e+01
31.17500,4.877059e+02,4.306069e+01,8.721840e+00,-5.870766e+01
31.17600,4.873847e+02,3.718360e+01,8.520533e+00,-6.511913e+01
31.17700,4.868883e+02,3.174554e+01,8.170493e+00,-7.100520e+01
31.17800,4.862861e+02,2.604125e+01,7.735393e+00,-7.702447e+01
31.17900,4.855305e+02,2.033955e+01,7.184247e+00,-8.290253e+01
31.18000,4.846873e+02,1.467373e+01,6.546417e+00,-8.864307e+01
31.18100,4.836899e+02,9.245680e+00,5.778655e+00,-9.400953e+01
31.18200,4.825577e+02,4.106721e+00,4.895060e+00,-9.901973e+01
31.18300,4.813290e+02,-1.098463e+00,3.921803e+00,-1.039393e+02
31.18400,4.800360e+02,-6.334651e+00,2.888228e+00,-1.087617e+02
31.18500,4.785940e+02,-1.098008e+01,1.700969e+00,-1.128954e+02
31.18600,4.771367e+02,-1.578435e+01,5.196939e-01,-1.170741e+02
31.18700,4.755931e+02,-2.055344e+01,-7.512067e-01,-1.210992e+02
31.18800,4.739972e+02,-2.520021e+01,-2.077819e+00,-1.248664e+02
31.18900,4.723577e+02,-2.994618e+01,-3.451783e+00,-1.286187e+02
31.19000,4.706353e+02,-3.423463e+01,-4.919703e+00,-1.318145e+02
31.19100,4.689406e+02,-3.862513e+01,-6.385285e+00,-1.349743e+02
31.19200,4.671597e+02,-4.259916e+01,-7.929733e+00,-1.375920e+02
31.19300,4.654481e+02,-4.743340e+01,-9.433973e+00,-1.409573e+02
31.19400,4.638108e+02,-5.218517e+01,-1.087323e+01,-1.441218e+02
31.19500,4.621605e+02,-5.631477e+01,-1.236088e+01,-1.465471e+02
31.19600,4.606063e+02,-6.177505e+01,-1.377366e+01,-1.500985e+02
31.19700,4.592403e+02,-6.674193e+01,-1.500494e+01,-1.531002e+02
31.19800,4.573707e+02,-6.946340e+01,-1.674052e+01,-1.537971e+02
31.19900,4.558254e+02,-7.345387e+01,-1.819095e+01,-1.555953e+02
31.20000,4.543597e+02,-7.763653e+01,-1.956989e+01,-1.574970e+02
31.20100,4.529637e+02,-8.220520e+01,-2.091483e+01,-1.596293e+02
31.20200,4.516718e+02,-8.639707e+01,-2.217263e+01,-1.613396e+02
31.20300,4.504926e+02,-9.118033e+01,-2.334211e+01,-1.634544e+02
31.20400,4.490535e+02,-9.437040e+01,-2.476057e+01,-1.640261e+02
31.20500,4.479305e+02,-9.838227e+01,-2.589021e+01,-1.652371e+02
31.20600,4.468659e+02,-1.014057e+02,-2.697489e+01,-1.654623e+02
31.20700,4.458795e+02,-1.058497e+02,-2.798966e+01,-1.668792e+02
31.20800,4.448753e+02,-1.087421e+02,-2.905968e+01,-1.667988e+02
31.20900,4.438313e+02,-1.072773e+02,-3.012357e+01,-1.626693e+02
31.21000,4.432796e+02,-1.129922e+02,-3.077961e+01,-1.650139e+02
31.21100,4.427390e+02,-1.165489e+02,-3.138905e+01,-1.653111e+02
31.21200,4.425393e+02,-1.213261e+02,-3.168862e+01,-1.666162e+02
31.21300,4.417413e+02,-1.223325e+02,-3.255428e+01,-1.644493e+02
31.21400,4.414983e+02,-1.254618e+02,-3.289287e+01,-1.641341e+02
31.21500,4.410075e+02,-1.263410e+02,-3.345793e+01,-1.617285e+02
31.21600,4.408535e+02,-1.282935e+02,-3.370825e+01,-1.602391e+02
31.21700,4.408319e+02,-1.317893e+02,-3.383217e+01,-1.600901e+02
31.21800,4.406974e+02,-1.322631e+02,-3.404191e+01,-1.571753e+02
31.21900,4.406186e+02,-1.368351e+02,-3.420625e+01,-1.579286e+02
31.22000,4.407892e+02,-1.378885e+02,-3.412319e+01,-1.554406e+02
31.22100,4.409013e+02,-1.385514e+02,-3.407580e+01,-1.525766e+02
31.22200,4.411835e+02,-1.399908e+02,-3.385429e+01,-1.503713e+02
31.22300,4.416851e+02,-1.412609e+02,-3.342909e+01,-1.480066e+02
31.22400,4.423003e+02,-1.427682e+02,-3.289818e+01,-1.458217e+02
31.22500,4.429471e+02,-1.436975e+02,-3.232315e+01,-1.431017e+02
31.22600,4.436931e+02,-1.445505e+02,-3.164387e+01,-1.403037e+02
31.22700,4.444899e+02,-1.448241e+02,-3.091156e+01,-1.369636e+02
31.22800,4.453724e+02,-1.450088e+02,-3.008860e+01,-1.335349e+02
31.22900,4.464919e+02,-1.458343e+02,-2.906195e+01,-1.306935e+02
31.23000,4.476512e+02,-1.463663e+02,-2.796911e+01,-1.276164e+02
31.23100,4.489015e+02,-1.470075e+02,-2.679295e+01,-1.246208e+02
31.23200,4.501973e+02,-1.469036e+02,-2.557458e+01,-1.209781e+02
31.23300,4.516199e+02,-1.471599e+02,-2.423655e+01,-1.176575e+02
31.23400,4.530193e+02,-1.464998e+02,-2.291167e+01,-1.135305e+02
31.23500,4.544703e+02,-1.467882e+02,-2.155870e+01,-1.103176e+02
31.23600,4.560249e+02,-1.461021e+02,-2.009256e+01,-1.062322e+02
31.23700,4.575933e+02,-1.451699e+02,-1.861492e+01,-1.019433e+02
31.23800,4.592329e+02,-1.445538e+02,-1.708107e+01,-9.801227e+01
31.23900,4.609269e+02,-1.436566e+02,-1.549605e+01,-9.384167e+01
31.24000,4.625021e+02,-1.421285e+02,-1.402482e+01,-8.915400e+01
31.24100,4.641442e+02,-1.404508e+02,-1.249691e+01,-8.435507e+01
31.24200,4.657777e+02,-1.391514e+02,-1.098249e+01,-7.999053e+01
31.24300,4.673887e+02,-1.369155e+02,-9.489260e+00,-7.478413e+01
31.24400,4.689676e+02,-1.342804e+02,-8.033907e+00,-6.930660e+01
31.24500,4.704896e+02,-1.312368e+02,-6.629275e+00,-6.349734e+01
31.24600,4.719983e+02,-1.283830e+02,-5.245718e+00,-5.794217e+01
31.24700,4.734807e+02,-1.253817e+02,-3.894665e+00,-5.233529e+01
31.24800,4.747908e+02,-1.204446e+02,-2.687725e+00,-4.499542e+01
31.24900,4.761255e+02,-1.165513e+02,-1.473544e+00,-3.872273e+01
31.25000,4.773743e+02,-1.119398e+02,-3.388076e-01,-3.186581e+01
31.25100,4.785861e+02,-1.073331e+02,7.512620e-01,-2.508335e+01
31.25200,4.797043e+02,-1.025681e+02,1.768692e+00,-1.827077e+01
31.25300,4.807309e+02,-9.702540e+01,2.712753e+00,-1.081213e+01
31.25400,4.815969e+02,-9.220607e+01,3.498028e+00,-4.124201e+00
31.25500,4.824788e+02,-8.599053e+01,4.302107e+00,3.738034e+00
31.25600,4.831247e+02,-8.072553e+01,4.886192e+00,1.067427e+01
31.25700,4.837569e+02,-7.479620e+01,5.480219e+00,1.808309e+01
31.25800,4.842907e+02,-6.890087e+01,5.982841e+00,2.535218e+01
31.25900,4.847219e+02,-6.272529e+01,6.402746e+00,3.280877e+01
31.26000,4.850095e+02,-5.715179e+01,6.679513e+00,3.958157e+01
31.26100,4.851580e+02,-5.110036e+01,6.873247e+00,4.668141e+01
31.26200,4.852336e+02,-4.491738e+01,6.994973e+00,5.381990e+01
31.26300,4.851563e+02,-3.894498e+01,6.981187e+00,6.063395e+01
31.26400,4.849445e+02,-3.282931e+01,6.871100e+00,6.744687e+01
31.26500,4.846042e+02,-2.723868e+01,6.630388e+00,7.370960e+01
31.26600,4.841203e+02,-2.164771e+01,6.274925e+00,7.983087e+01
31.26700,4.835323e+02,-1.598005e+01,5.837436e+00,8.590853e+01
31.26800,4.828172e+02,-1.063493e+01,5.288916e+00,9.159660e+01
31.26900,4.819161e+02,-5.570348e+00,4.587532e+00,9.686827e+01
31.27000,4.809881e+02,-1.993314e-01,3.859515e+00,1.023486e+02
31.27100,4.799171e+02,4.826561e+00,2.992317e+00,1.073488e+02
31.27200,4.786105e+02,9.152147e+00,1.913385e+00,1.116166e+02
31.27300,4.773311e+02,1.389114e+01,8.664280e-01,1.161596e+02
31.27400,4.759039e+02,1.827987e+01,-3.143871e-01,1.202257e+02
31.27500,4.744675e+02,2.292163e+01,-1.510189e+00,1.244489e+02
31.27600,4.729395e+02,2.740722e+01,-2.790067e+00,1.283545e+02
31.27700,4.713486e+02,3.152340e+01,-4.136377e+00,1.318341e+02
31.27800,4.696320e+02,3.548497e+01,-5.591151e+00,1.350104e+02
31.27900,4.679931e+02,3.982949e+01,-6.989033e+00,1.384679e+02
31.28000,4.663111e+02,4.395213e+01,-8.433507e+00,1.415867e+02
31.28100,4.645940e+02,4.792537e+01,-9.931600e+00,1.444271e+02
31.28200,4.627915e+02,5.197882e+01,-1.151362e+01,1.472395e+02
31.28300,4.611299e+02,5.649775e+01,-1.297501e+01,1.503687e+02
31.28400,4.595049e+02,6.088684e+01,-1.441509e+01,1.532366e+02
31.28500,4.576935e+02,6.514731e+01,-1.604502e+01,1.558984e+02
31.28600,4.562273e+02,6.977773e+01,-1.734964e+01,1.587869e+02
31.28700,4.549339e+02,7.504027e+01,-1.851151e+01,1.621447e+02
31.28800,4.531343e+02,7.787827e+01,-2.017941e+01,1.630361e+02
31.28900,4.515377e+02,8.148513e+01,-2.167091e+01,1.645809e+02
31.29000,4.501525e+02,8.591193e+01,-2.296691e+01,1.667939e+02
31.29100,4.487117e+02,8.981900e+01,-2.433090e+01,1.684409e+02
31.29200,4.476653e+02,9.500287e+01,-2.534489e+01,1.711329e+02
31.29300,4.464719e+02,9.930440e+01,-2.650728e+01,1.729321e+02
31.29400,4.450149e+02,1.032199e+02,-2.793395e+01,1.742521e+02
31.29500,4.438796e+02,1.069843e+02,-2.905490e+01,1.753484e+02
31.29600,4.430026e+02,1.123762e+02,-2.995034e+01,1.778205e+02
31.29700,4.418962e+02,1.145365e+02,-3.106343e+01,1.772921e+02
31.29800,4.409918e+02,1.189031e+02,-3.198640e+01,1.786527e+02
31.29900,4.400163e+02,1.169263e+02,-3.298021e+01,1.741741e+02
31.30000,4.392129e+02,1.206137e+02,-3.382287e+01,1.747880e+02
31.30100,4.383851e+02,1.236702e+02,-3.469749e+01,1.747547e+02
31.30200,4.384203e+02,1.293113e+02,-3.474922e+01,1.769731e+02
31.30300,4.376911e+02,1.304338e+02,-3.552279e+01,1.750385e+02
31.30400,4.373169e+02,1.331597e+02,-3.596367e+01,1.744817e+02
31.30500,4.368858e+02,1.341933e+02,-3.644671e+01,1.723459e+02
31.30600,4.366892e+02,1.359199e+02,-3.671723e+01,1.707687e+02
31.30700,4.366234e+02,1.376952e+02,-3.683450e+01,1.691867e+02
31.30800,4.364828e+02,1.389961e+02,-3.703215e+01,1.671535e+02
31.30900,4.363033e+02,1.428713e+02,-3.726677e+01,1.674227e+02
31.31000,4.364150e+02,1.432141e+02,-3.721336e+01,1.644063e+02
31.31100,4.365419e+02,1.439163e+02,-3.714263e+01,1.617021e+02
31.31200,4.368813e+02,1.452782e+02,-3.686949e+01,1.595551e+02
31.31300,4.370534e+02,1.437750e+02,-3.671513e+01,1.547784e+02
31.31400,4.378239e+02,1.461267e+02,-3.602021e+01,1.534867e+02
31.31500,4.384185e+02,1.463419e+02,-3.548534e+01,1.502397e+02
31.31600,4.391451e+02,1.464659e+02,-3.481105e+01,1.468754e+02
31.31700,4.400730e+02,1.475308e+02,-3.395448e+01,1.443685e+02
31.31800,4.409530e+02,1.474787e+02,-3.312183e+01,1.408300e+02
31.31900,4.421015e+02,1.481403e+02,-3.206975e+01,1.379276e+02
31.32000,4.432708e+02,1.480836e+02,-3.098643e+01,1.343697e+02
31.32100,4.445173e+02,1.481166e+02,-2.980973e+01,1.308967e+02
31.32200,4.458183e+02,1.476106e+02,-2.859546e+01,1.269530e+02
31.32300,4.473108e+02,1.478969e+02,-2.720870e+01,1.237351e+02
31.32400,4.488754e+02,1.482663e+02,-2.575801e+01,1.206170e+02
31.32500,4.504924e+02,1.481209e+02,-2.426517e+01,1.170221e+02
31.32600,4.521527e+02,1.479422e+02,-2.273413e+01,1.133973e+02
31.32700,4.539211e+02,1.478053e+02,-2.111054e+01,1.098675e+02
31.32800,4.556500e+02,1.473593e+02,-1.953977e+01,1.060547e+02
31.32900,4.574214e+02,1.466938e+02,-1.793190e+01,1.020759e+02
31.33000,4.592660e+02,1.462953e+02,-1.626735e+01,9.839267e+01
31.33100,4.610683e+02,1.456223e+02,-1.465487e+01,9.446653e+01
31.33200,4.629497e+02,1.448695e+02,-1.297456e+01,9.053367e+01
31.33300,4.648885e+02,1.444781e+02,-1.125003e+01,8.694947e+01
31.33400,4.666381e+02,1.427742e+02,-9.703340e+00,8.224360e+01
31.33500,4.683362e+02,1.401278e+02,-8.216547e+00,7.669333e+01
31.33600,4.700935e+02,1.380846e+02,-6.679553e+00,7.177327e+01
31.33700,4.717808e+02,1.363311e+02,-5.216095e+00,6.719093e+01
31.33800,4.733941e+02,1.337140e+02,-3.825891e+00,6.183074e+01
31.33900,4.749773e+02,1.306898e+02,-2.462534e+00,5.621341e+01
31.34000,4.765064e+02,1.274429e+02,-1.160645e+00,5.044920e+01
31.34100,4.779511e+02,1.238681e+02,6.538605e-02,4.445771e+01
31.34200,4.793169e+02,1.199467e+02,1.231287e+00,3.823259e+01
31.34300,4.806181e+02,1.157095e+02,2.336008e+00,3.180109e+01
31.34400,4.818241e+02,1.109577e+02,3.361271e+00,2.498984e+01
31.34500,4.829099e+02,1.059010e+02,4.290647e+00,1.799690e+01
31.34600,4.839109e+02,1.007237e+02,5.140365e+00,1.098003e+01
31.34700,4.848391e+02,9.519607e+01,5.940229e+00,3.738771e+00
31.34800,4.856382e+02,9.018800e+01,6.612965e+00,-2.898031e+00
31.34900,4.862523e+02,8.520327e+01,7.145847e+00,-9.434293e+00
31.35000,4.868781e+02,7.929893e+01,7.706253e+00,-1.671225e+01
31.35100,4.873217e+02,7.340707e+01,8.118460e+00,-2.384439e+01
31.35200,4.876548e+02,6.745180e+01,8.438287e+00,-3.093085e+01
31.35300,4.879265e+02,6.104423e+01,8.709740e+00,-3.832394e+01
31.35400,4.879931e+02,5.501775e+01,8.829513e+00,-4.523844e+01
31.35500,4.879791e+02,4.881379e+01,8.885340e+00,-5.219271e+01
31.35600,4.877584e+02,4.286949e+01,8.763693e+00,-5.881823e+01
31.35700,4.874460e+02,3.692161e+01,8.577147e+00,-6.529557e+01
31.35800,4.869494e+02,3.156719e+01,8.222400e+00,-7.110700e+01
31.35900,4.863549e+02,2.586181e+01,7.793973e+00,-7.713167e+01
31.36000,4.856093e+02,2.011677e+01,7.251673e+00,-8.305693e+01
31.36100,4.847649e+02,1.448969e+01,6.614483e+00,-8.876487e+01
31.36200,4.837793e+02,9.060313e+00,5.855628e+00,-9.413873e+01
31.36300,4.826532e+02,3.908447e+00,4.977238e+00,-9.916393e+01
31.36400,4.814225e+02,-1.278527e+00,4.004832e+00,-1.040667e+02
31.36500,4.801414e+02,-6.572601e+00,2.980305e+00,-1.089489e+02
31.36600,4.787105e+02,-1.121287e+01,1.807107e+00,-1.130828e+02
31.36700,4.772314e+02,-1.595829e+01,5.966837e-01,-1.172081e+02
31.36800,4.757115e+02,-2.078353e+01,-6.477234e-01,-1.212933e+02
31.36900,4.741379e+02,-2.551970e+01,-1.949407e+00,-1.251486e+02
31.37000,4.724993e+02,-3.021754e+01,-3.325537e+00,-1.288616e+02
31.37100,4.707719e+02,-3.452010e+01,-4.795457e+00,-1.320745e+02
31.37200,4.690639e+02,-3.884983e+01,-6.273611e+00,-1.351771e+02
31.37300,4.672815e+02,-4.279816e+01,-7.819413e+00,-1.377756e+02
31.37400,4.655865e+02,-4.766140e+01,-9.307807e+00,-1.411788e+02
31.37500,4.639325e+02,-5.233053e+01,-1.076275e+01,-1.442646e+02
31.37600,4.622925e+02,-5.655812e+01,-1.223855e+01,-1.467869e+02
31.37700,4.607329e+02,-6.196101e+01,-1.365575e+01,-1.502943e+02
31.37800,4.593489e+02,-6.689707e+01,-1.490433e+01,-1.532686e+02
31.37900,4.575012e+02,-6.971827e+01,-1.661813e+01,-1.540606e+02
31.38000,4.559399e+02,-7.361140e+01,-1.808213e+01,-1.557744e+02
31.38100,4.544709e+02,-7.778820e+01,-1.946231e+01,-1.576718e+02
31.38200,4.530955e+02,-8.230347e+01,-2.078743e+01,-1.597643e+02
31.38300,4.517675e+02,-8.651127e+01,-2.208017e+01,-1.614889e+02
31.38400,4.506138e+02,-9.130180e+01,-2.322569e+01,-1.636184e+02
31.38500,4.491583e+02,-9.452353e+01,-2.465839e+01,-1.642249e+02
31.38600,4.480450e+02,-9.855840e+01,-2.577832e+01,-1.654563e+02
31.38700,4.469851e+02,-1.017431e+02,-2.685933e+01,-1.658317e+02
31.38800,4.459662e+02,-1.058633e+02,-2.790433e+01,-1.669623e+02
31.38900,4.450079e+02,-1.095617e+02,-2.892771e+01,-1.676101e+02
31.39000,4.439155e+02,-1.074717e+02,-3.004093e+01,-1.629193e+02
31.39100,4.433135e+02,-1.128762e+02,-3.073879e+01,-1.649828e+02
31.39200,4.427802e+02,-1.165293e+02,-3.134296e+01,-1.653699e+02
31.39300,4.425633e+02,-1.211713e+02,-3.165983e+01,-1.665581e+02
31.39400,4.418118e+02,-1.224701e+02,-3.248442e+01,-1.646620e+02
31.39500,4.415503e+02,-1.255638e+02,-3.284132e+01,-1.643137e+02
31.39600,4.410579e+02,-1.265159e+02,-3.340329e+01,-1.619748e+02
31.39700,4.409210e+02,-1.285614e+02,-3.364160e+01,-1.605776e+02
31.39800,4.408386e+02,-1.311492e+02,-3.382348e+01,-1.595977e+02
31.39900,4.407487e+02,-1.327067e+02,-3.398759e+01,-1.576712e+02
31.40000,4.406653e+02,-1.372641e+02,-3.415599e+01,-1.584236e+02
31.40100,4.408069e+02,-1.378653e+02,-3.410403e+01,-1.555171e+02
31.40200,4.409438e+02,-1.388434e+02,-3.403211e+01,-1.529448e+02
31.40300,4.412093e+02,-1.400547e+02,-3.382579e+01,-1.505360e+02
31.40400,4.417080e+02,-1.413875e+02,-3.340739e+01,-1.482258e+02
31.40500,4.423047e+02,-1.427869e+02,-3.289388e+01,-1.459514e+02
31.40600,4.429454e+02,-1.437352e+02,-3.232454e+01,-1.432461e+02
31.40700,4.436699e+02,-1.444205e+02,-3.166241e+01,-1.402975e+02
31.40800,4.444788e+02,-1.449045e+02,-3.092019e+01,-1.371449e+02
31.40900,4.453651e+02,-1.451717e+02,-3.009442e+01,-1.337946e+02
31.41000,4.464635e+02,-1.458350e+02,-2.908421e+01,-1.308079e+02
31.41100,4.476257e+02,-1.464295e+02,-2.799227e+01,-1.277826e+02
31.41200,4.488537e+02,-1.467587e+02,-2.683287e+01,-1.245082e+02
31.41300,4.501671e+02,-1.469695e+02,-2.560435e+01,-1.211485e+02
31.41400,4.515840e+02,-1.471775e+02,-2.427103e+01,-1.177841e+02
31.41500,4.529912e+02,-1.464035e+02,-2.293693e+01,-1.135517e+02
31.41600,4.544253e+02,-1.468453e+02,-2.160031e+01,-1.104827e+02
31.41700,4.559775e+02,-1.461287e+02,-2.013607e+01,-1.063657e+02
31.41800,4.575486e+02,-1.452065e+02,-1.865737e+01,-1.020829e+02
31.41900,4.591798e+02,-1.445844e+02,-1.712877e+01,-9.814867e+01
31.42000,4.608705e+02,-1.436078e+02,-1.555007e+01,-9.390633e+01
31.42100,4.624596e+02,-1.419883e+02,-1.406271e+01,-8.913460e+01
31.42200,4.641017e+02,-1.405171e+02,-1.253646e+01,-8.452400e+01
31.42300,4.657481e+02,-1.388683e+02,-1.100771e+01,-7.983807e+01
31.42400,4.673431e+02,-1.369655e+02,-9.531520e+00,-7.493547e+01
31.42500,4.689197e+02,-1.342908e+02,-8.076713e+00,-6.941540e+01
31.42600,4.704486e+02,-1.312413e+02,-6.668533e+00,-6.359361e+01
31.42700,4.719511e+02,-1.283932e+02,-5.286486e+00,-5.805229e+01
31.42800,4.734367e+02,-1.254055e+02,-3.932816e+00,-5.245383e+01
31.42900,4.747569e+02,-1.204265e+02,-2.723181e+00,-4.507396e+01
31.43000,4.760881e+02,-1.165699e+02,-1.504217e+00,-3.883275e+01
31.43100,4.773407e+02,-1.119688e+02,-3.670711e-01,-3.198209e+01
31.43200,4.785550e+02,-1.073518e+02,7.259587e-01,-2.518822e+01
31.43300,4.796777e+02,-1.026949e+02,1.742939e+00,-1.847141e+01
31.43400,4.807089e+02,-9.688653e+01,2.697685e+00,-1.076342e+01
31.43500,4.815717e+02,-9.236613e+01,3.467686e+00,-4.352190e+00
31.43600,4.824545e+02,-8.604887e+01,4.283562e+00,3.610892e+00
31.43700,4.831275e+02,-8.066813e+01,4.888625e+00,1.065152e+01
31.43800,4.837541e+02,-7.483167e+01,5.476354e+00,1.798373e+01
31.43900,4.842885e+02,-6.895613e+01,5.982725e+00,2.523773e+01
31.44000,4.847269e+02,-6.274551e+01,6.407291e+00,3.272876e+01
31.44100,4.850189e+02,-5.713723e+01,6.690173e+00,3.953646e+01
31.44200,4.851689e+02,-5.108425e+01,6.885553e+00,4.663849e+01
31.44300,4.852586e+02,-4.479707e+01,7.021053e+00,5.387580e+01
31.44400,4.851793e+02,-3.897787e+01,7.002713e+00,6.055787e+01
31.44500,4.849789e+02,-3.279219e+01,6.904247e+00,6.742927e+01
31.44600,4.846473e+02,-2.717682e+01,6.669560e+00,7.372107e+01
31.44700,4.841728e+02,-2.155768e+01,6.320715e+00,7.987413e+01
31.44800,4.835827e+02,-1.599363e+01,5.879061e+00,8.586180e+01
31.44900,4.828698e+02,-1.061031e+01,5.331192e+00,9.158553e+01
31.45000,4.819959e+02,-5.387132e+00,4.656774e+00,9.701087e+01
31.45100,4.810430e+02,-2.164011e-01,3.903223e+00,1.023027e+02
31.45200,4.799847e+02,4.882080e+00,3.051730e+00,1.073827e+02
31.45300,4.786902e+02,9.223873e+00,1.983338e+00,1.116645e+02
31.45400,4.774243e+02,1.402385e+01,9.445907e-01,1.162657e+02
31.45500,4.760003e+02,1.840719e+01,-2.281854e-01,1.203299e+02
31.45600,4.745498e+02,2.292333e+01,-1.438143e+00,1.244389e+02
31.45700,4.730515e+02,2.760277e+01,-2.691133e+00,1.285323e+02
31.45800,4.714471e+02,3.161237e+01,-4.047634e+00,1.319121e+02
31.45900,4.697460e+02,3.562782e+01,-5.489346e+00,1.351480e+02
31.46000,4.681287e+02,4.010317e+01,-6.866493e+00,1.387289e+02
31.46100,4.664219e+02,4.406365e+01,-8.335633e+00,1.416970e+02
31.46200,4.646964e+02,4.801156e+01,-9.838647e+00,1.445185e+02
31.46300,4.629236e+02,5.204493e+01,-1.139439e+01,1.473225e+02
31.46400,4.612488e+02,5.662421e+01,-1.286720e+01,1.505070e+02
31.46500,4.595770e+02,6.075072e+01,-1.434912e+01,1.531457e+02
31.46600,4.578190e+02,6.536196e+01,-1.593160e+01,1.561255e+02
31.46700,4.563379e+02,6.987327e+01,-1.724855e+01,1.589117e+02
31.46800,4.550160e+02,7.503167e+01,-1.843514e+01,1.621721e+02
31.46900,4.532668e+02,7.808667e+01,-2.005429e+01,1.632793e+02
31.47000,4.516562e+02,8.160700e+01,-2.156048e+01,1.647409e+02
31.47100,4.502469e+02,8.590707e+01,-2.287895e+01,1.668460e+02
31.47200,4.488156e+02,8.987073e+01,-2.423206e+01,1.685507e+02
31.47300,4.477645e+02,9.490827e+01,-2.524906e+01,1.711091e+02
31.47400,4.465657e+02,9.930947e+01,-2.641725e+01,1.730044e+02
31.47500,4.451290e+02,1.033294e+02,-2.782442e+01,1.744220e+02
31.47600,4.439631e+02,1.069259e+02,-2.897596e+01,1.753670e+02
31.47700,4.430946e+02,1.124749e+02,-2.986071e+01,1.779869e+02
31.47800,4.419644e+02,1.144472e+02,-3.099673e+01,1.772908e+02
31.47900,4.410977e+02,1.192045e+02,-3.188207e+01,1.790157e+02
31.48000,4.400841e+02,1.170945e+02,-3.291696e+01,1.744171e+02
31.48100,4.392650e+02,1.205472e+02,-3.376807e+01,1.748217e+02
31.48200,4.383969e+02,1.233813e+02,-3.468139e+01,1.745821e+02
31.48300,4.384275e+02,1.290569e+02,-3.473889e+01,1.768374e+02
31.48400,4.377439e+02,1.304110e+02,-3.547149e+01,1.751165e+02
31.48500,4.373687e+02,1.332251e+02,-3.591123e+01,1.746458e+02
31.48600,4.369123e+02,1.341395e+02,-3.641751e+01,1.724011e+02
31.48700,4.367240e+02,1.359220e+02,-3.668087e+01,1.708825e+02
31.48800,4.366370e+02,1.372139e+02,-3.682044e+01,1.688567e+02
31.48900,4.365342e+02,1.393613e+02,-3.698289e+01,1.675967e+02
31.49000,4.363347e+02,1.422235e+02,-3.723711e+01,1.669445e+02
31.49100,4.364306e+02,1.432743e+02,-3.719606e+01,1.645809e+02
31.49200,4.365557e+02,1.438378e+02,-3.712949e+01,1.617499e+02
31.49300,4.369011e+02,1.452652e+02,-3.685051e+01,1.596630e+02
31.49400,4.370298e+02,1.436039e+02,-3.673591e+01,1.547431e+02
31.49500,4.378171e+02,1.460021e+02,-3.602687e+01,1.534941e+02
31.49600,4.384130e+02,1.462273e+02,-3.549307e+01,1.502563e+02
31.49700,4.391109e+02,1.463177e+02,-3.483808e+01,1.468673e+02
31.49800,4.400518e+02,1.474872e+02,-3.397652e+01,1.444501e+02
31.49900,4.409270e+02,1.473575e+02,-3.314559e+01,1.408481e+02
31.50000,4.420767e+02,1.480893e+02,-3.209333e+01,1.380014e+02
31.50100,4.432358e+02,1.479245e+02,-3.102009e+01,1.343562e+02
31.50200,4.444798e+02,1.480071e+02,-2.984651e+01,1.309277e+02
31.50300,4.457683e+02,1.475507e+02,-2.863959e+01,1.270309e+02
31.50400,4.472730e+02,1.479125e+02,-2.724561e+01,1.238827e+02
31.50500,4.488232e+02,1.481092e+02,-2.580591e+01,1.206069e+02
31.50600,4.504543e+02,1.482645e+02,-2.430146e+01,1.172743e+02
31.50700,4.520943e+02,1.477677e+02,-2.278798e+01,1.133689e+02
31.50800,4.538636e+02,1.477695e+02,-2.116214e+01,1.099689e+02
31.50900,4.556019e+02,1.471930e+02,-1.958193e+01,1.060347e+02
31.51000,4.573603e+02,1.466221e+02,-1.798849e+01,1.021432e+02
31.51100,4.592062e+02,1.460797e+02,-1.631787e+01,9.831980e+01
31.51200,4.610206e+02,1.454915e+02,-1.469389e+01,9.447173e+01
31.51300,4.628803e+02,1.447212e+02,-1.303655e+01,9.052807e+01
31.51400,4.648145e+02,1.442233e+02,-1.131563e+01,8.684460e+01
31.51500,4.665803e+02,1.426625e+02,-9.751047e+00,8.227067e+01
31.51600,4.682725e+02,1.398756e+02,-8.272573e+00,7.658820e+01
31.51700,4.700235e+02,1.381389e+02,-6.741367e+00,7.194067e+01
31.51800,4.717155e+02,1.362959e+02,-5.272167e+00,6.727880e+01
31.51900,4.733510e+02,1.334648e+02,-3.860510e+00,6.172193e+01
31.52000,4.749317e+02,1.305463e+02,-2.501485e+00,5.619891e+01
31.52100,4.764609e+02,1.273281e+02,-1.197126e+00,5.046588e+01
31.52200,4.779119e+02,1.237531e+02,3.187409e-02,4.446585e+01
31.52300,4.792797e+02,1.198371e+02,1.200897e+00,3.824677e+01
31.52400,4.805821e+02,1.156499e+02,2.305851e+00,3.185125e+01
31.52500,4.817919e+02,1.108353e+02,3.336375e+00,2.498223e+01
31.52600,4.828919e+02,1.057783e+02,4.274551e+00,1.798459e+01
31.52700,4.838931e+02,1.006737e+02,5.125106e+00,1.103734e+01
31.52800,4.848145e+02,9.520553e+01,5.916718e+00,3.845353e+00
31.52900,4.856373e+02,9.004973e+01,6.614109e+00,-2.932910e+00
31.53000,4.862521e+02,8.520560e+01,7.144687e+00,-9.340713e+00
31.53100,4.868709e+02,7.917253e+01,7.697567e+00,-1.674150e+01
31.53200,4.873235e+02,7.341307e+01,8.117780e+00,-2.375002e+01
31.53300,4.876657e+02,6.740213e+01,8.447833e+00,-3.089548e+01
31.53400,4.879548e+02,6.086812e+01,8.735647e+00,-3.841237e+01
31.53500,4.880200e+02,5.486111e+01,8.853473e+00,-4.531239e+01
31.53600,4.880135e+02,4.865688e+01,8.914887e+00,-5.226583e+01
31.53700,4.878056e+02,4.273085e+01,8.802340e+00,-5.888067e+01
31.53800,4.875099e+02,3.663012e+01,8.635800e+00,-6.550309e+01
31.53900,4.870137e+02,3.136760e+01,8.278093e+00,-7.123193e+01
31.54000,4.864253e+02,2.567883e+01,7.853620e+00,-7.724573e+01
31.54100,4.856849e+02,1.993696e+01,7.316680e+00,-8.317093e+01
31.54200,4.848483e+02,1.426089e+01,6.687380e+00,-8.892640e+01
31.54300,4.838685e+02,8.833013e+00,5.934139e+00,-9.430147e+01
31.54400,4.827505e+02,3.711229e+00,5.060361e+00,-9.930960e+01
31.54500,4.815202e+02,-1.483237e+00,4.090243e+00,-1.042204e+02
31.54600,4.802491e+02,-6.830833e+00,3.072556e+00,-1.091536e+02
31.54700,4.788371e+02,-1.149450e+01,1.923366e+00,-1.133147e+02
31.54800,4.773513e+02,-1.623182e+01,7.032613e-01,-1.174353e+02
31.54900,4.758285e+02,-2.098076e+01,-5.440951e-01,-1.214515e+02
31.55000,4.742655e+02,-2.576665e+01,-1.834877e+00,-1.253639e+02
31.55100,4.726419e+02,-3.047354e+01,-3.199267e+00,-1.290891e+02
31.55200,4.709111e+02,-3.481793e+01,-4.669924e+00,-1.323452e+02
31.55300,4.692093e+02,-3.915109e+01,-6.136576e+00,-1.354517e+02
31.55400,4.674082e+02,-4.303265e+01,-7.704747e+00,-1.379919e+02
31.55500,4.657163e+02,-4.782034e+01,-9.187967e+00,-1.413320e+02
31.55600,4.640613e+02,-5.254202e+01,-1.064403e+01,-1.444691e+02
31.55700,4.624285e+02,-5.680301e+01,-1.211359e+01,-1.470279e+02
31.55800,4.608635e+02,-6.219815e+01,-1.353504e+01,-1.505351e+02
31.55900,4.594747e+02,-6.712967e+01,-1.478853e+01,-1.535068e+02
31.56000,4.576423e+02,-6.999193e+01,-1.648607e+01,-1.543442e+02
31.56100,4.560606e+02,-7.380820e+01,-1.796789e+01,-1.559891e+02
31.56200,4.545876e+02,-7.795520e+01,-1.935133e+01,-1.578616e+02
31.56300,4.532361e+02,-8.244100e+01,-2.065377e+01,-1.599341e+02
31.56400,4.518678e+02,-8.661333e+01,-2.198366e+01,-1.616310e+02
31.56500,4.507445e+02,-9.145560e+01,-2.310145e+01,-1.638141e+02
31.56600,4.492671e+02,-9.466560e+01,-2.455319e+01,-1.644081e+02
31.56700,4.481547e+02,-9.870733e+01,-2.567143e+01,-1.656501e+02
31.56800,4.471456e+02,-1.023309e+02,-2.670477e+01,-1.664267e+02
31.56900,4.460580e+02,-1.059691e+02,-2.781373e+01,-1.671199e+02
31.57000,4.451271e+02,-1.101327e+02,-2.881125e+01,-1.681989e+02
31.57100,4.439982e+02,-1.077096e+02,-2.995911e+01,-1.632071e+02
31.57200,4.433469e+02,-1.126493e+02,-3.069727e+01,-1.648470e+02
31.57300,4.427999e+02,-1.163731e+02,-3.131737e+01,-1.653043e+02
31.57400,4.426061e+02,-1.211297e+02,-3.161495e+01,-1.666026e+02
31.57500,4.418849e+02,-1.226101e+02,-3.241130e+01,-1.648754e+02
31.57600,4.415973e+02,-1.256871e+02,-3.278915e+01,-1.645118e+02
31.57700,4.411083e+02,-1.266205e+02,-3.334947e+01,-1.621609e+02
31.57800,4.409977e+02,-1.289853e+02,-3.356689e+01,-1.610488e+02
31.57900,4.408773e+02,-1.307815e+02,-3.378188e+01,-1.593490e+02
31.58000,4.408257e+02,-1.334339e+02,-3.391805e+01,-1.584246e+02
31.58100,4.406933e+02,-1.364788e+02,-3.411871e+01,-1.578095e+02
31.58200,4.408140e+02,-1.378214e+02,-3.409309e+01,-1.555805e+02
31.58300,4.409865e+02,-1.390593e+02,-3.398709e+01,-1.532416e+02
31.58400,4.412231e+02,-1.399867e+02,-3.381218e+01,-1.505789e+02
31.58500,4.417354e+02,-1.415019e+02,-3.338272e+01,-1.484318e+02
31.58600,4.423083e+02,-1.428702e+02,-3.289011e+01,-1.461291e+02
31.58700,4.429467e+02,-1.437923e+02,-3.231951e+01,-1.434099e+02
31.58800,4.436715e+02,-1.445044e+02,-3.166333e+01,-1.404757e+02
31.58900,4.444724e+02,-1.449395e+02,-3.092524e+01,-1.372823e+02
31.59000,4.453626e+02,-1.452736e+02,-3.009957e+01,-1.339961e+02
31.59100,4.464503e+02,-1.458857e+02,-2.909529e+01,-1.309663e+02
31.59200,4.476027e+02,-1.465119e+02,-2.801319e+01,-1.279671e+02
31.59300,4.488221e+02,-1.467421e+02,-2.686375e+01,-1.246053e+02
31.59400,4.501359e+02,-1.468593e+02,-2.563639e+01,-1.211587e+02
31.59500,4.515479e+02,-1.472351e+02,-2.430402e+01,-1.179474e+02
31.59600,4.529604e+02,-1.463767e+02,-2.296381e+01,-1.136379e+02
31.59700,4.543805e+02,-1.469291e+02,-2.164294e+01,-1.106717e+02
31.59800,4.559350e+02,-1.461110e+02,-2.017789e+01,-1.064582e+02
31.59900,4.575016e+02,-1.452781e+02,-1.870112e+01,-1.022593e+02
31.60000,4.591281e+02,-1.446082e+02,-1.717553e+01,-9.827733e+01
31.60100,4.607774e+02,-1.434158e+02,-1.563399e+01,-9.383487e+01
31.60200,4.624217e+02,-1.420524e+02,-1.409845e+01,-8.930027e+01
31.60300,4.640503e+02,-1.404102e+02,-1.258265e+01,-8.453207e+01
31.60400,4.656985e+02,-1.389130e+02,-1.105377e+01,-7.997760e+01
31.60500,4.672889e+02,-1.371180e+02,-9.582233e+00,-7.517507e+01
31.60600,4.688733e+02,-1.343135e+02,-8.119480e+00,-6.953033e+01
31.60700,4.704090e+02,-1.313885e+02,-6.703047e+00,-6.382909e+01
31.60800,4.719035e+02,-1.283481e+02,-5.329070e+00,-5.810633e+01
31.60900,4.733893e+02,-1.253113e+02,-3.974128e+00,-5.246341e+01
31.61000,4.747147e+02,-1.204637e+02,-2.758185e+00,-4.520297e+01
31.61100,4.760498e+02,-1.165611e+02,-1.537792e+00,-3.891727e+01
31.61200,4.773106e+02,-1.120493e+02,-3.960912e-01,-3.214218e+01
31.61300,4.785167e+02,-1.074011e+02,6.983693e-01,-2.532070e+01
31.61400,4.796500e+02,-1.026885e+02,1.718491e+00,-1.854921e+01
31.61500,4.806977e+02,-9.685827e+01,2.679139e+00,-1.081259e+01
31.61600,4.815769e+02,-9.229933e+01,3.472152e+00,-4.370711e+00
31.61700,4.824403e+02,-8.620680e+01,4.265966e+00,3.396789e+00
31.61800,4.831407e+02,-8.053093e+01,4.900261e+00,1.070525e+01
31.61900,4.837451e+02,-7.486287e+01,5.469093e+00,1.788591e+01
31.62000,4.842825e+02,-6.909733e+01,5.978923e+00,2.504101e+01
31.62100,4.847335e+02,-6.279918e+01,6.411587e+00,3.261757e+01
31.62200,4.850312e+02,-5.700319e+01,6.707240e+00,3.959551e+01
31.62300,4.851940e+02,-5.101277e+01,6.905940e+00,4.664748e+01
31.62400,4.852865e+02,-4.476090e+01,7.041867e+00,5.386089e+01
31.62500,4.852048e+02,-3.895283e+01,7.028380e+00,6.053034e+01
31.62600,4.850207e+02,-3.272149e+01,6.940300e+00,6.745080e+01
31.62700,4.846935e+02,-2.710439e+01,6.709947e+00,7.374540e+01
31.62800,4.842225e+02,-2.147887e+01,6.365040e+00,7.990540e+01
31.62900,4.836370e+02,-1.591868e+01,5.925715e+00,8.589227e+01
31.63000,4.829281e+02,-1.055563e+01,5.380909e+00,9.160287e+01
31.63100,4.820624e+02,-5.316797e+00,4.716514e+00,9.704353e+01
31.63200,4.811166e+02,-1.009180e-01,3.967828e+00,1.023799e+02
31.63300,4.800674e+02,5.023521e+00,3.125129e+00,1.074935e+02
31.63400,4.787978e+02,9.440273e+00,2.080411e+00,1.118422e+02
31.63500,4.775341e+02,1.424735e+01,1.042262e+00,1.164570e+02
31.63600,4.760942e+02,1.849530e+01,-1.451886e-01,1.204007e+02
31.63700,4.746429e+02,2.302010e+01,-1.357315e+00,1.245185e+02
31.63800,4.731600e+02,2.777166e+01,-2.594555e+00,1.286805e+02
31.63900,4.715535e+02,3.176907e+01,-3.952021e+00,1.320561e+02
31.64000,4.698608e+02,3.577395e+01,-5.387649e+00,1.352885e+02
31.64100,4.682511e+02,4.020412e+01,-6.755673e+00,1.388398e+02
31.64200,4.665317e+02,4.419123e+01,-8.238100e+00,1.418193e+02
31.64300,4.648049e+02,4.812513e+01,-9.740320e+00,1.446402e+02
31.64400,4.630588e+02,5.215171e+01,-1.127130e+01,1.474407e+02
31.64500,4.613741e+02,5.673395e+01,-1.275295e+01,1.506303e+02
31.64600,4.596757e+02,6.080212e+01,-1.426005e+01,1.532261e+02
31.64700,4.579519e+02,6.545415e+01,-1.580913e+01,1.562473e+02
31.64800,4.564506e+02,6.997133e+01,-1.714748e+01,1.590420e+02
31.64900,4.550967e+02,7.497940e+01,-1.835882e+01,1.621661e+02
31.65000,4.534171e+02,7.831820e+01,-1.991437e+01,1.635508e+02
31.65100,4.517563e+02,8.163627e+01,-2.146737e+01,1.648173e+02
31.65200,4.503328e+02,8.587667e+01,-2.279803e+01,1.668757e+02
31.65300,4.489200e+02,8.992593e+01,-2.413423e+01,1.686614e+02
31.65400,4.478551e+02,9.485827e+01,-2.515694e+01,1.711235e+02
31.65500,4.466514e+02,9.936400e+01,-2.633417e+01,1.731191e+02
31.65600,4.452492e+02,1.034571e+02,-2.770967e+01,1.746077e+02
31.65700,4.440532e+02,1.069549e+02,-2.888977e+01,1.754700e+02
31.65800,4.431923e+02,1.125529e+02,-2.976633e+01,1.781379e+02
31.65900,4.420313e+02,1.143671e+02,-3.092929e+01,1.773014e+02
31.66000,4.411908e+02,1.194071e+02,-3.178925e+01,1.792863e+02
31.66100,4.401151e+02,1.172692e+02,-3.289178e+01,1.746657e+02
31.66200,4.393287e+02,1.204533e+02,-3.370374e+01,1.748297e+02
31.66300,4.384238e+02,1.231367e+02,-3.464978e+01,1.744523e+02
31.66400,4.384532e+02,1.289367e+02,-3.471349e+01,1.768269e+02
31.66500,4.377844e+02,1.303527e+02,-3.542755e+01,1.751677e+02
31.66600,4.373795e+02,1.328380e+02,-3.590093e+01,1.743976e+02
31.66700,4.369555e+02,1.341940e+02,-3.637417e+01,1.725539e+02
31.66800,4.367539e+02,1.359411e+02,-3.664775e+01,1.710106e+02
31.66900,4.366587e+02,1.369750e+02,-3.679966e+01,1.687552e+02
31.67000,4.365885e+02,1.395905e+02,-3.693201e+01,1.679183e+02
31.67100,4.363495e+02,1.414125e+02,-3.721637e+01,1.663212e+02
31.67200,4.364601e+02,1.433566e+02,-3.716604e+01,1.647739e+02
31.67300,4.365664e+02,1.437293e+02,-3.712013e+01,1.617707e+02
31.67400,4.369371e+02,1.453218e+02,-3.681827e+01,1.598334e+02
31.67500,4.370110e+02,1.435450e+02,-3.675073e+01,1.548082e+02
31.67600,4.378095e+02,1.458815e+02,-3.603253e+01,1.535124e+02
31.67700,4.383979e+02,1.461047e+02,-3.550443e+01,1.502729e+02
31.67800,4.391192e+02,1.462978e+02,-3.483309e+01,1.469756e+02
31.67900,4.400236e+02,1.474696e+02,-3.400429e+01,1.445649e+02
31.68000,4.409179e+02,1.473369e+02,-3.315610e+01,1.409587e+02
31.68100,4.420464e+02,1.480092e+02,-3.211891e+01,1.380605e+02
31.68200,4.431913e+02,1.477466e+02,-3.106003e+01,1.343229e+02
31.68300,4.444385e+02,1.479027e+02,-2.988429e+01,1.309612e+02
31.68400,4.457215e+02,1.474282e+02,-2.868135e+01,1.270501e+02
31.68500,4.472377e+02,1.478454e+02,-2.728024e+01,1.239554e+02
31.68600,4.487723e+02,1.479177e+02,-2.585339e+01,1.205651e+02
31.68700,4.504049e+02,1.481915e+02,-2.434746e+01,1.173353e+02
31.68800,4.520430e+02,1.476230e+02,-2.283581e+01,1.133693e+02
31.68900,4.538156e+02,1.476535e+02,-2.120943e+01,1.099949e+02
31.69000,4.555533e+02,1.470628e+02,-1.962466e+01,1.060477e+02
31.69100,4.573048e+02,1.464760e+02,-1.803903e+01,1.021456e+02
31.69200,4.591357e+02,1.460013e+02,-1.638285e+01,9.837480e+01
31.69300,4.609709e+02,1.452969e+02,-1.473535e+01,9.442427e+01
31.69400,4.628112e+02,1.445658e+02,-1.309923e+01,9.051387e+01
31.69500,4.647476e+02,1.439397e+02,-1.137617e+01,8.671793e+01
31.69600,4.665605e+02,1.427014e+02,-9.771520e+00,8.243693e+01
31.69700,4.682159e+02,1.399412e+02,-8.321893e+00,7.677660e+01
31.69800,4.699651e+02,1.380556e+02,-6.792540e+00,7.198880e+01
31.69900,4.716698e+02,1.361288e+02,-5.310939e+00,6.725087e+01
31.70000,4.733035e+02,1.333523e+02,-3.900678e+00,6.173692e+01
31.70100,4.748837e+02,1.304027e+02,-2.541827e+00,5.618875e+01
31.70200,4.764189e+02,1.272553e+02,-1.232067e+00,5.051641e+01
31.70300,4.778707e+02,1.236506e+02,-1.691141e-03,4.448787e+01
31.70400,4.792443e+02,1.197009e+02,1.172007e+00,3.823485e+01
31.70500,4.805469e+02,1.155639e+02,2.278329e+00,3.188767e+01
31.70600,4.817629e+02,1.107281e+02,3.313129e+00,2.498934e+01
31.70700,4.828632e+02,1.057267e+02,4.254279e+00,1.804289e+01
31.70800,4.838734e+02,1.006184e+02,5.109245e+00,1.108899e+01
31.70900,4.847948e+02,9.520033e+01,5.899839e+00,3.938664e+00
31.71000,4.856229e+02,8.996133e+01,6.602925e+00,-2.917721e+00
31.71100,4.862435e+02,8.536160e+01,7.133127e+00,-9.103327e+00
31.71200,4.868672e+02,7.903460e+01,7.693433e+00,-1.677795e+01
31.71300,4.873344e+02,7.331880e+01,8.125140e+00,-2.375047e+01
31.71400,4.876867e+02,6.725853e+01,8.466513e+00,-3.094459e+01
31.71500,4.879795e+02,6.071137e+01,8.759487e+00,-3.847471e+01
31.71600,4.880581e+02,5.468822e+01,8.886387e+00,-4.539452e+01
31.71700,4.880466e+02,4.851875e+01,8.943020e+00,-5.232669e+01
31.71800,4.878464e+02,4.261287e+01,8.837873e+00,-5.892124e+01
31.71900,4.875633e+02,3.646984e+01,8.680807e+00,-6.558778e+01
31.72000,4.870863e+02,3.107073e+01,8.343607e+00,-7.144513e+01
31.72100,4.864919e+02,2.552091e+01,7.911080e+00,-7.733547e+01
31.72200,4.857629e+02,1.969638e+01,7.384467e+00,-8.333860e+01
31.72300,4.849353e+02,1.404431e+01,6.764047e+00,-8.907707e+01
31.72400,4.839613e+02,8.606933e+00,6.015015e+00,-9.446660e+01
31.72500,4.828539e+02,3.451085e+00,5.148721e+00,-9.951040e+01
31.72600,4.816200e+02,-1.702851e+00,4.177855e+00,-1.043852e+02
31.72700,4.803578e+02,-7.039207e+00,3.164925e+00,-1.093130e+02
31.72800,4.789573e+02,-1.177719e+01,2.029071e+00,-1.135525e+02
31.72900,4.774777e+02,-1.656391e+01,8.159280e-01,-1.177150e+02
31.73000,4.759283e+02,-2.114907e+01,-4.613725e-01,-1.215852e+02
31.73100,4.743735e+02,-2.597405e+01,-1.745429e+00,-1.255421e+02
31.73200,4.727868e+02,-3.078773e+01,-3.067763e+00,-1.293685e+02
31.73300,4.710554e+02,-3.511607e+01,-4.537521e+00,-1.326185e+02
31.73400,4.693415e+02,-3.942433e+01,-6.015971e+00,-1.356983e+02
31.73500,4.675446e+02,-4.330923e+01,-7.581460e+00,-1.382503e+02
31.73600,4.658656e+02,-4.804472e+01,-9.049960e+00,-1.415465e+02
31.73700,4.642069e+02,-5.283679e+01,-1.050650e+01,-1.447501e+02
31.73800,4.625651e+02,-5.711003e+01,-1.198635e+01,-1.473208e+02
31.73900,4.609981e+02,-6.239396e+01,-1.340892e+01,-1.507321e+02
31.74000,4.596082e+02,-6.737833e+01,-1.466497e+01,-1.537583e+02
31.74100,4.577852e+02,-7.026760e+01,-1.635219e+01,-1.546303e+02
31.74200,4.561629e+02,-7.391533e+01,-1.786976e+01,-1.561213e+02
31.74300,4.547095e+02,-7.814907e+01,-1.923535e+01,-1.580749e+02
31.74400,4.533474e+02,-8.246700e+01,-2.054205e+01,-1.600009e+02
31.74500,4.519860e+02,-8.682240e+01,-2.186969e+01,-1.618690e+02
31.74600,4.508676e+02,-9.167173e+01,-2.298330e+01,-1.640611e+02
31.74700,4.493849e+02,-9.486200e+01,-2.443938e+01,-1.646369e+02
31.74800,4.482677e+02,-9.891080e+01,-2.556143e+01,-1.658919e+02
31.74900,4.473322e+02,-1.031142e+02,-2.652672e+01,-1.671971e+02
31.75000,4.461469e+02,-1.059686e+02,-2.772614e+01,-1.671821e+02
31.75100,4.452439e+02,-1.105991e+02,-2.869412e+01,-1.686885e+02
31.75200,4.440893e+02,-1.079144e+02,-2.986671e+01,-1.634625e+02
31.75300,4.434025e+02,-1.125443e+02,-3.063697e+01,-1.648244e+02
31.75400,4.428237e+02,-1.162430e+02,-3.128757e+01,-1.652604e+02
31.75500,4.426560e+02,-1.211219e+02,-3.156307e+01,-1.666755e+02
31.75600,4.419409e+02,-1.225933e+02,-3.235247e+01,-1.649415e+02
31.75700,4.416231e+02,-1.255909e+02,-3.275895e+01,-1.645079e+02
31.75800,4.411649e+02,-1.268235e+02,-3.329180e+01,-1.624325e+02
31.75900,4.410527e+02,-1.292396e+02,-3.351105e+01,-1.613708e+02
31.76000,4.409209e+02,-1.302562e+02,-3.373655e+01,-1.589620e+02
31.76100,4.408995e+02,-1.337647e+02,-3.384959e+01,-1.588163e+02
31.76200,4.407439e+02,-1.357171e+02,-3.407480e+01,-1.572103e+02
31.76300,4.408352e+02,-1.379442e+02,-3.406409e+01,-1.557949e+02
31.76400,4.410277e+02,-1.392187e+02,-3.393813e+01,-1.534870e+02
31.76500,4.412385e+02,-1.400057e+02,-3.379856e+01,-1.506995e+02
31.76600,4.417622e+02,-1.416227e+02,-3.335622e+01,-1.486469e+02
31.76700,4.423153e+02,-1.429270e+02,-3.287743e+01,-1.462883e+02
31.76800,4.429480e+02,-1.437847e+02,-3.231979e+01,-1.435113e+02
31.76900,4.436692e+02,-1.446191e+02,-3.166155e+01,-1.406876e+02
31.77000,4.444604e+02,-1.449231e+02,-3.093607e+01,-1.373797e+02
31.77100,4.453582e+02,-1.453369e+02,-3.010556e+01,-1.341617e+02
31.77200,4.464396e+02,-1.459469e+02,-2.910657e+01,-1.311333e+02
31.77300,4.475775e+02,-1.465561e+02,-2.803111e+01,-1.281167e+02
31.77400,4.487892e+02,-1.466593e+02,-2.689481e+01,-1.246373e+02
31.77500,4.501005e+02,-1.470181e+02,-2.566535e+01,-1.214127e+02
31.77600,4.515065e+02,-1.471806e+02,-2.434255e+01,-1.180047e+02
31.77700,4.529312e+02,-1.463903e+02,-2.298905e+01,-1.137590e+02
31.77800,4.543429e+02,-1.470401e+02,-2.167900e+01,-1.108833e+02
31.77900,4.558845e+02,-1.462455e+02,-2.022155e+01,-1.066843e+02
31.78000,4.574585e+02,-1.452505e+02,-1.874375e+01,-1.023393e+02
31.78100,4.590793e+02,-1.446287e+02,-1.722067e+01,-9.840287e+01
31.78200,4.607185e+02,-1.433833e+02,-1.568864e+01,-9.391053e+01
31.78300,4.623669e+02,-1.420853e+02,-1.414881e+01,-8.943493e+01
31.78400,4.640152e+02,-1.402264e+02,-1.261380e+01,-8.446693e+01
31.78500,4.656473e+02,-1.387825e+02,-1.109979e+01,-7.995820e+01
31.78600,4.672530e+02,-1.369534e+02,-9.615027e+00,-7.512253e+01
31.78700,4.688183e+02,-1.344686e+02,-8.165653e+00,-6.977040e+01
31.78800,4.703711e+02,-1.314889e+02,-6.737807e+00,-6.401658e+01
31.78900,4.718555e+02,-1.283511e+02,-5.370687e+00,-5.820559e+01
31.79000,4.733383e+02,-1.252578e+02,-4.017381e+00,-5.250812e+01
31.79100,4.746733e+02,-1.205224e+02,-2.792734e+00,-4.534878e+01
31.79200,4.760212e+02,-1.165629e+02,-1.569071e+00,-3.900621e+01
31.79300,4.772738e+02,-1.121277e+02,-4.255259e-01,-3.229947e+01
31.79400,4.784851e+02,-1.074291e+02,6.701520e-01,-2.543067e+01
31.79500,4.796193e+02,-1.026703e+02,1.695243e+00,-1.861571e+01
31.79600,4.806639e+02,-9.705440e+01,2.650080e+00,-1.107329e+01
31.79700,4.815747e+02,-9.212107e+01,3.475518e+00,-4.279269e+00
31.79800,4.824241e+02,-8.629793e+01,4.248255e+00,3.243411e+00
31.79900,4.831507e+02,-8.037887e+01,4.917739e+00,1.076841e+01
31.80000,4.837426e+02,-7.487173e+01,5.465863e+00,1.781409e+01
31.80100,4.842932e+02,-6.895967e+01,5.988804e+00,2.509865e+01
31.80200,4.847483e+02,-6.285247e+01,6.424473e+00,3.250572e+01
31.80300,4.850473e+02,-5.691541e+01,6.726540e+00,3.962082e+01
31.80400,4.852235e+02,-5.099079e+01,6.926253e+00,4.661019e+01
31.80500,4.853068e+02,-4.467994e+01,7.064473e+00,5.388119e+01
31.80600,4.852408e+02,-3.885020e+01,7.060673e+00,6.057349e+01
31.80700,4.850597e+02,-3.267671e+01,6.975900e+00,6.744873e+01
31.80800,4.847384e+02,-2.702723e+01,6.749573e+00,7.377173e+01
31.80900,4.842771e+02,-2.135511e+01,6.412485e+00,7.998307e+01
31.81000,4.836906e+02,-1.587778e+01,5.971902e+00,8.589207e+01
31.81100,4.829977e+02,-1.041053e+01,5.441425e+00,9.170333e+01
31.81200,4.821263e+02,-5.255642e+00,4.766884e+00,9.707227e+01
31.81300,4.811924e+02,6.834853e-03,4.033654e+00,1.024511e+02
31.81400,4.801303e+02,5.042518e+00,3.175597e+00,1.074912e+02
31.81500,4.789553e+02,9.895553e+00,2.222501e+00,1.122405e+02
31.81600,4.776211e+02,1.430607e+01,1.117173e+00,1.165001e+02
31.81700,4.761927e+02,1.864572e+01,-5.790593e-02,1.205287e+02
31.81800,4.747324e+02,2.307745e+01,-1.278396e+00,1.245605e+02
31.81900,4.732612e+02,2.781235e+01,-2.505544e+00,1.287192e+02
31.82000,4.716675e+02,3.196519e+01,-3.850188e+00,1.322342e+02
31.82100,4.699763e+02,3.596369e+01,-5.284153e+00,1.354681e+02
31.82200,4.683787e+02,4.039119e+01,-6.638831e+00,1.390231e+02
31.82300,4.666439e+02,4.431453e+01,-8.137007e+00,1.419400e+02
31.82400,4.649174e+02,4.826165e+01,-9.638200e+00,1.447809e+02
31.82500,4.631903e+02,5.228406e+01,-1.114799e+01,1.475754e+02
31.82600,4.614783e+02,5.679790e+01,-1.265917e+01,1.507162e+02
31.82700,4.597653e+02,6.081697e+01,-1.417972e+01,1.532745e+02
31.82800,4.580961e+02,6.555031e+01,-1.567415e+01,1.563725e+02
31.82900,4.565530e+02,6.998153e+01,-1.705651e+01,1.590849e+02
31.83000,4.551861e+02,7.494847e+01,-1.827701e+01,1.621791e+02
31.83100,4.535373e+02,7.846487e+01,-1.980191e+01,1.637343e+02
31.83200,4.518568e+02,8.168187e+01,-2.137272e+01,1.649095e+02
31.83300,4.504335e+02,8.593447e+01,-2.270338e+01,1.669829e+02
31.83400,4.490263e+02,9.003533e+01,-2.403190e+01,1.688146e+02
31.83500,4.479558e+02,9.478353e+01,-2.505985e+01,1.711146e+02
31.83600,4.467388e+02,9.940807e+01,-2.625060e+01,1.732252e+02
31.83700,4.453831e+02,1.036261e+02,-2.758205e+01,1.748353e+02
31.83800,4.441227e+02,1.069273e+02,-2.882055e+01,1.755216e+02
31.83900,4.432828e+02,1.124726e+02,-2.968010e+01,1.781433e+02
31.84000,4.421048e+02,1.142948e+02,-3.085719e+01,1.773173e+02
31.84100,4.412889e+02,1.195064e+02,-3.169437e+01,1.794664e+02
31.84200,4.401745e+02,1.174784e+02,-3.283694e+01,1.749427e+02
31.84300,4.393823e+02,1.202609e+02,-3.364934e+01,1.747505e+02
31.84400,4.384586e+02,1.229623e+02,-3.461482e+01,1.743900e+02
31.84500,4.385345e+02,1.292389e+02,-3.464105e+01,1.772083e+02
31.84600,4.378235e+02,1.302915e+02,-3.538670e+01,1.752117e+02
31.84700,4.374009e+02,1.326824e+02,-3.587341e+01,1.743617e+02
31.84800,4.370081e+02,1.342561e+02,-3.632323e+01,1.727151e+02
31.84900,4.367922e+02,1.359651e+02,-3.660918e+01,1.711371e+02
31.85000,4.366789e+02,1.370313e+02,-3.677972e+01,1.689171e+02
31.85100,4.366358e+02,1.397249e+02,-3.688373e+01,1.681507e+02
31.85200,4.364085e+02,1.404067e+02,-3.715643e+01,1.655147e+02
31.85300,4.364953e+02,1.434653e+02,-3.713278e+01,1.649861e+02
31.85400,4.365841e+02,1.437029e+02,-3.710237e+01,1.618657e+02
31.85500,4.369507e+02,1.452663e+02,-3.680484e+01,1.599003e+02
31.85600,4.370587e+02,1.438305e+02,-3.671155e+01,1.551939e+02
31.85700,4.378015e+02,1.458034e+02,-3.603896e+01,1.535638e+02
31.85800,4.383871e+02,1.459925e+02,-3.551359e+01,1.502955e+02
31.85900,4.391237e+02,1.463650e+02,-3.483138e+01,1.471630e+02
31.86000,4.399932e+02,1.473450e+02,-3.403416e+01,1.445801e+02
31.86100,4.409023e+02,1.472494e+02,-3.317236e+01,1.410103e+02
31.86200,4.420195e+02,1.478405e+02,-3.214587e+01,1.380383e+02
31.86300,4.431578e+02,1.476689e+02,-3.109088e+01,1.343808e+02
31.86400,4.444059e+02,1.477644e+02,-2.991713e+01,1.309659e+02
31.86500,4.456831e+02,1.473248e+02,-2.871764e+01,1.270855e+02
31.86600,4.471875e+02,1.477797e+02,-2.732611e+01,1.240273e+02
31.86700,4.487239e+02,1.477975e+02,-2.589689e+01,1.205866e+02
31.86800,4.503583e+02,1.480410e+02,-2.439233e+01,1.173265e+02
31.86900,4.519951e+02,1.474132e+02,-2.288201e+01,1.133087e+02
31.87000,4.537633e+02,1.476362e+02,-2.125715e+01,1.101141e+02
31.87100,4.554985e+02,1.469135e+02,-1.967312e+01,1.060439e+02
31.87200,4.572430e+02,1.464143e+02,-1.809379e+01,1.022194e+02
31.87300,4.590875e+02,1.459095e+02,-1.642930e+01,9.842420e+01
31.87400,4.609267e+02,1.449889e+02,-1.476759e+01,9.427033e+01
31.87500,4.627669e+02,1.443069e+02,-1.313561e+01,9.040360e+01
31.87600,4.646659e+02,1.438227e+02,-1.144599e+01,8.674040e+01
31.87700,4.665277e+02,1.429643e+02,-9.800767e+00,8.280033e+01
31.87800,4.681797e+02,1.400188e+02,-8.352700e+00,7.697613e+01
31.87900,4.699070e+02,1.379348e+02,-6.843473e+00,7.200093e+01
31.88000,4.716203e+02,1.359321e+02,-5.354385e+00,6.719227e+01
31.88100,4.732605e+02,1.332563e+02,-3.937451e+00,6.177178e+01
31.88200,4.748389e+02,1.303253e+02,-2.579996e+00,5.623313e+01
31.88300,4.763729e+02,1.271713e+02,-1.269089e+00,5.055831e+01
31.88400,4.778317e+02,1.235490e+02,-3.410541e-02,4.450805e+01
31.88500,4.792079e+02,1.195278e+02,1.142105e+00,3.818772e+01
31.88600,4.805156e+02,1.154153e+02,2.252996e+00,3.186494e+01
31.88700,4.817360e+02,1.106091e+02,3.291701e+00,2.498681e+01
31.88800,4.828397e+02,1.056145e+02,4.235019e+00,1.804425e+01
31.88900,4.838539e+02,1.006117e+02,5.093726e+00,1.118441e+01
31.89000,4.847803e+02,9.511933e+01,5.887065e+00,3.962198e+00
31.89100,4.856532e+02,8.951567e+01,6.640832e+00,-3.234186e+00
31.89200,4.862538e+02,8.519027e+01,7.145647e+00,-9.169640e+00
31.89300,4.868693e+02,7.872040e+01,7.699127e+00,-1.697641e+01
31.89400,4.873487e+02,7.322873e+01,8.137073e+00,-2.374757e+01
31.89500,4.877051e+02,6.711953e+01,8.483427e+00,-3.098949e+01
31.89600,4.880083e+02,6.055055e+01,8.786567e+00,-3.854477e+01
31.89700,4.880913e+02,5.453205e+01,8.916920e+00,-4.546049e+01
31.89800,4.880819e+02,4.837535e+01,8.973807e+00,-5.238833e+01
31.89900,4.878944e+02,4.247215e+01,8.878533e+00,-5.898563e+01
31.90000,4.876197e+02,3.629425e+01,8.728713e+00,-6.568807e+01
31.90100,4.871562e+02,3.081336e+01,8.406573e+00,-7.162420e+01
31.90200,4.865595e+02,2.536209e+01,7.969140e+00,-7.742653e+01
31.90300,4.858410e+02,1.949165e+01,7.451320e+00,-8.347713e+01
31.90400,4.850113e+02,1.388073e+01,6.827527e+00,-8.917580e+01
31.90500,4.840548e+02,8.367853e+00,6.096337e+00,-9.464333e+01
31.90600,4.829491e+02,3.278149e+00,5.231563e+00,-9.962933e+01
31.90700,4.817251e+02,-1.947088e+00,4.269871e+00,-1.045774e+02
31.90800,4.804579e+02,-7.224533e+00,3.247995e+00,-1.094469e+02
31.90900,4.790909e+02,-1.217842e+01,2.147661e+00,-1.138907e+02
31.91000,4.775932e+02,-1.674871e+01,9.183787e-01,-1.178627e+02
31.91100,4.760517e+02,-2.140597e+01,-3.527173e-01,-1.218013e+02
31.91200,4.744831e+02,-2.614070e+01,-1.652727e+00,-1.256810e+02
31.91300,4.729367e+02,-3.114339e+01,-2.930239e+00,-1.296845e+02
31.91400,4.711957e+02,-3.541196e+01,-4.411488e+00,-1.328869e+02
31.91500,4.694692e+02,-3.965506e+01,-5.901473e+00,-1.359075e+02
31.91600,4.676636e+02,-4.348339e+01,-7.474553e+00,-1.384097e+02
31.91700,4.660214e+02,-4.828887e+01,-8.906680e+00,-1.417782e+02
31.91800,4.643417e+02,-5.307755e+01,-1.038437e+01,-1.449840e+02
31.91900,4.627031e+02,-5.737029e+01,-1.185841e+01,-1.475761e+02
31.92000,4.611569e+02,-6.260855e+01,-1.325837e+01,-1.509531e+02
31.92100,4.597533e+02,-6.766233e+01,-1.452878e+01,-1.540443e+02
31.92200,4.579253e+02,-7.055900e+01,-1.622071e+01,-1.549293e+02
31.92300,4.562734e+02,-7.406873e+01,-1.776544e+01,-1.562953e+02
31.92400,4.548322e+02,-7.835860e+01,-1.912036e+01,-1.583012e+02
31.92500,4.534670e+02,-8.256927e+01,-2.042308e+01,-1.601356e+02
31.92600,4.520955e+02,-8.701593e+01,-2.176319e+01,-1.620893e+02
31.92700,4.509996e+02,-9.195487e+01,-2.285909e+01,-1.643717e+02
31.92800,4.495065e+02,-9.509300e+01,-2.432285e+01,-1.648991e+02
31.92900,4.483733e+02,-9.904613e+01,-2.545813e+01,-1.660717e+02
31.93000,4.474603e+02,-1.035460e+02,-2.640265e+01,-1.676486e+02
31.93100,4.462384e+02,-1.060662e+02,-2.763070e+01,-1.673350e+02
31.93200,4.453578e+02,-1.110451e+02,-2.858295e+01,-1.691654e+02
31.93300,4.441919e+02,-1.082213e+02,-2.976471e+01,-1.638127e+02
31.93400,4.434792e+02,-1.126239e+02,-3.055792e+01,-1.649665e+02
31.93500,4.428839e+02,-1.162521e+02,-3.122433e+01,-1.653445e+02
31.93600,4.427152e+02,-1.211391e+02,-3.150415e+01,-1.667732e+02
31.93700,4.419826e+02,-1.226569e+02,-3.230303e+01,-1.650812e+02
31.93800,4.416464e+02,-1.253677e+02,-3.273585e+01,-1.643948e+02
31.93900,4.412099e+02,-1.269007e+02,-3.324523e+01,-1.625953e+02
31.94000,4.410842e+02,-1.293282e+02,-3.347946e+01,-1.615427e+02
31.94100,4.409537e+02,-1.301708e+02,-3.369447e+01,-1.589780e+02
31.94200,4.409465e+02,-1.339123e+02,-3.379025e+01,-1.590469e+02
31.94300,4.407847e+02,-1.347366e+02,-3.403423e+01,-1.564133e+02
31.94400,4.408656e+02,-1.381082e+02,-3.403140e+01,-1.560427e+02
31.94500,4.410827e+02,-1.394740e+02,-3.388732e+01,-1.538160e+02
31.94600,4.412566e+02,-1.400563e+02,-3.378170e+01,-1.508460e+02
31.94700,4.417891e+02,-1.417855e+02,-3.333362e+01,-1.488931e+02
31.94800,4.423259e+02,-1.429913e+02,-3.286607e+01,-1.464501e+02
31.94900,4.429451e+02,-1.438383e+02,-3.232033e+01,-1.436622e+02
31.95000,4.436605e+02,-1.446407e+02,-3.166885e+01,-1.408128e+02
31.95100,4.444669e+02,-1.451601e+02,-3.092753e+01,-1.376964e+02
31.95200,4.453372e+02,-1.453331e+02,-3.011887e+01,-1.342715e+02
31.95300,4.464196e+02,-1.460310e+02,-2.912415e+01,-1.313166e+02
31.95400,4.475524e+02,-1.465675e+02,-2.805659e+01,-1.282342e+02
31.95500,4.487535e+02,-1.466613e+02,-2.692577e+01,-1.247491e+02
31.95600,4.500695e+02,-1.471064e+02,-2.569433e+01,-1.215969e+02
31.95700,4.514610e+02,-1.470941e+02,-2.438481e+01,-1.180296e+02
31.95800,4.528991e+02,-1.464427e+02,-2.302112e+01,-1.139195e+02
31.95900,4.542991e+02,-1.470033e+02,-2.171937e+01,-1.109617e+02
31.96000,4.558421e+02,-1.462987e+02,-2.026287e+01,-1.068370e+02
31.96100,4.574147e+02,-1.453570e+02,-1.878220e+01,-1.025489e+02
31.96200,4.590299e+02,-1.446586e+02,-1.726645e+01,-9.853527e+01
31.96300,4.606561e+02,-1.434523e+02,-1.574301e+01,-9.407380e+01
31.96400,4.623134e+02,-1.420967e+02,-1.419920e+01,-8.954753e+01
31.96500,4.639576e+02,-1.402903e+02,-1.266739e+01,-8.462640e+01
31.96600,4.656029e+02,-1.388293e+02,-1.114036e+01,-8.010507e+01
31.96700,4.672150e+02,-1.365567e+02,-9.647767e+00,-7.486447e+01
31.96800,4.687733e+02,-1.344703e+02,-8.209020e+00,-6.987073e+01
31.96900,4.703258e+02,-1.315575e+02,-6.778700e+00,-6.417413e+01
31.97000,4.718165e+02,-1.284057e+02,-5.406631e+00,-5.834727e+01
31.97100,4.732901e+02,-1.252205e+02,-4.059432e+00,-5.256632e+01
31.97200,4.746341e+02,-1.206162e+02,-2.827965e+00,-4.552237e+01
31.97300,4.759797e+02,-1.166599e+02,-1.602983e+00,-3.918403e+01
31.97400,4.772455e+02,-1.121633e+02,-4.535499e-01,-3.241459e+01
31.97500,4.784539e+02,-1.074072e+02,6.425947e-01,-2.549307e+01
31.97600,4.795855e+02,-1.026831e+02,1.670897e+00,-1.870645e+01
31.97700,4.806353e+02,-9.722433e+01,2.624637e+00,-1.130929e+01
31.97800,4.815772e+02,-9.205353e+01,3.469231e+00,-4.284693e+00
31.97900,4.823843e+02,-8.641707e+01,4.216119e+00,3.061302e+00
31.98000,4.831603e+02,-8.028873e+01,4.926291e+00,1.078201e+01
31.98100,4.837337e+02,-7.492753e+01,5.459123e+00,1.769279e+01
31.98200,4.842907e+02,-6.892393e+01,5.987912e+00,2.506316e+01
31.98300,4.847467e+02,-6.290629e+01,6.423328e+00,3.239690e+01
31.98400,4.850787e+02,-5.664105e+01,6.755780e+00,3.981273e+01
31.98500,4.852723e+02,-5.090781e+01,6.967213e+00,4.662333e+01
31.98600,4.853340e+02,-4.465367e+01,7.086680e+00,5.385714e+01
31.98700,4.852731e+02,-3.885036e+01,7.084780e+00,6.052710e+01
31.98800,4.851037e+02,-3.264511e+01,7.010393e+00,6.743333e+01
31.98900,4.847855e+02,-2.693843e+01,6.789607e+00,7.381187e+01
31.99000,4.843241e+02,-2.133526e+01,6.454605e+00,7.996620e+01
31.99100,4.837489e+02,-1.578977e+01,6.021303e+00,8.593753e+01
31.99200,4.830709e+02,-1.024537e+01,5.505539e+00,9.181620e+01
31.99300,4.822058e+02,-5.110967e+00,4.833953e+00,9.717847e+01
31.99400,4.812689e+02,1.139252e-01,4.098877e+00,1.025247e+02
31.99500,4.802105e+02,5.127237e+00,3.246022e+00,1.075502e+02
31.99600,4.790721e+02,1.016349e+01,2.327718e+00,1.124683e+02
31.99700,4.777257e+02,1.445495e+01,1.206850e+00,1.166251e+02
31.99800,4.762969e+02,1.879265e+01,3.478273e-02,1.206555e+02
31.99900,4.748265e+02,2.317337e+01,-1.196382e+00,1.246382e+02
32.00000,4.733713e+02,2.795401e+01,-2.408306e+00,1.288491e+02
32.00100,4.717690e+02,3.204525e+01,-3.761518e+00,1.323092e+02
32.00200,4.701122e+02,3.633896e+01,-5.161583e+00,1.358167e+02
32.00300,4.685017e+02,4.055001e+01,-6.529669e+00,1.391846e+02
32.00400,4.667586e+02,4.440052e+01,-8.035320e+00,1.420321e+02
32.00500,4.650370e+02,4.842183e+01,-9.528707e+00,1.449472e+02
32.00600,4.633039e+02,5.227353e+01,-1.104507e+01,1.475809e+02
32.00700,4.615823e+02,5.685411e+01,-1.256515e+01,1.507965e+02
32.00800,4.598878e+02,6.093917e+01,-1.406549e+01,1.534196e+02
32.00900,4.582338e+02,6.560857e+01,-1.554656e+01,1.564613e+02
32.01000,4.566545e+02,7.009080e+01,-1.696125e+01,1.592219e+02
32.01100,4.552774e+02,7.494513e+01,-1.819253e+01,1.622171e+02
32.01200,4.536603e+02,7.860367e+01,-1.968587e+01,1.639157e+02
32.01300,4.519588e+02,8.175633e+01,-2.127649e+01,1.650298e+02
32.01400,4.505352e+02,8.589093e+01,-2.260996e+01,1.669993e+02
32.01500,4.490939e+02,8.988513e+01,-2.396705e+01,1.687399e+02
32.01600,4.480402e+02,9.469553e+01,-2.497807e+01,1.710929e+02
32.01700,4.468263e+02,9.936773e+01,-2.616669e+01,1.732587e+02
32.01800,4.455265e+02,1.038791e+02,-2.744797e+01,1.751343e+02
32.01900,4.442047e+02,1.068885e+02,-2.874329e+01,1.755625e+02
32.02000,4.433453e+02,1.122644e+02,-2.961643e+01,1.780384e+02
32.02100,4.421790e+02,1.141957e+02,-3.078483e+01,1.773098e+02
32.02200,4.413823e+02,1.197031e+02,-3.160552e+01,1.797345e+02
32.02300,4.402465e+02,1.178338e+02,-3.276497e+01,1.753527e+02
32.02400,4.394599e+02,1.202035e+02,-3.357389e+01,1.747917e+02
32.02500,4.384993e+02,1.228385e+02,-3.457093e+01,1.743747e+02
32.02600,4.386057e+02,1.293662e+02,-3.457547e+01,1.774252e+02
32.02700,4.378715e+02,1.301865e+02,-3.533910e+01,1.752190e+02
32.02800,4.374465e+02,1.325870e+02,-3.582959e+01,1.743833e+02
32.02900,4.370551e+02,1.343121e+02,-3.627800e+01,1.728760e+02
32.03000,4.368326e+02,1.359931e+02,-3.656989e+01,1.712759e+02
32.03100,4.366825e+02,1.370136e+02,-3.677009e+01,1.690113e+02
32.03200,4.366688e+02,1.396763e+02,-3.684901e+01,1.682121e+02
32.03300,4.364437e+02,1.399121e+02,-3.712326e+01,1.651879e+02
32.03400,4.365235e+02,1.435745e+02,-3.710341e+01,1.651979e+02
32.03500,4.365999e+02,1.435745e+02,-3.708799e+01,1.618684e+02
32.03600,4.369673e+02,1.452412e+02,-3.678786e+01,1.599991e+02
32.03700,4.371325e+02,1.443309e+02,-3.664888e+01,1.557757e+02
32.03800,4.377974e+02,1.456934e+02,-3.604404e+01,1.535889e+02
32.03900,4.383709e+02,1.458114e+02,-3.552773e+01,1.502603e+02
32.04000,4.391227e+02,1.464081e+02,-3.483325e+01,1.473321e+02
32.04100,4.399707e+02,1.473443e+02,-3.405571e+01,1.447059e+02
32.04200,4.408707e+02,1.471109e+02,-3.320251e+01,1.410173e+02
32.04300,4.419955e+02,1.477660e+02,-3.216861e+01,1.381036e+02
32.04400,4.431193e+02,1.474963e+02,-3.112621e+01,1.343562e+02
32.04500,4.443699e+02,1.476830e+02,-2.995352e+01,1.310259e+02
32.04600,4.456436e+02,1.472918e+02,-2.875710e+01,1.271886e+02
32.04700,4.471495e+02,1.477895e+02,-2.736083e+01,1.241700e+02
32.04800,4.486726e+02,1.475712e+02,-2.594412e+01,1.205151e+02
32.04900,4.503043e+02,1.477857e+02,-2.444361e+01,1.172263e+02
32.05000,4.519325e+02,1.473543e+02,-2.293455e+01,1.133903e+02
32.05100,4.537199e+02,1.475885e+02,-2.129936e+01,1.102035e+02
32.05200,4.554422e+02,1.466556e+02,-1.972391e+01,1.059463e+02
32.05300,4.571893e+02,1.463778e+02,-1.814281e+01,1.023182e+02
32.05400,4.590315e+02,1.457675e+02,-1.648115e+01,9.842900e+01
32.05500,4.608623e+02,1.448223e+02,-1.482789e+01,9.425187e+01
32.05600,4.626993e+02,1.442040e+02,-1.319559e+01,9.044080e+01
32.05700,4.645885e+02,1.436655e+02,-1.151841e+01,8.672673e+01
32.05800,4.664968e+02,1.431317e+02,-9.828713e+00,8.308487e+01
32.05900,4.681525e+02,1.401621e+02,-8.377367e+00,7.723507e+01
32.06000,4.698487e+02,1.376879e+02,-6.893627e+00,7.190207e+01
32.06100,4.715695e+02,1.358087e+02,-5.399188e+00,6.720340e+01
32.06200,4.732100e+02,1.331578e+02,-3.979363e+00,6.180608e+01
32.06300,4.747950e+02,1.302088e+02,-2.618451e+00,5.624928e+01
32.06400,4.763280e+02,1.270819e+02,-1.306134e+00,5.059846e+01
32.06500,4.777918e+02,1.234530e+02,-6.782960e-02,4.453691e+01
32.06600,4.791731e+02,1.194414e+02,1.113117e+00,3.822231e+01
32.06700,4.804859e+02,1.153224e+02,2.228341e+00,3.189457e+01
32.06800,4.817060e+02,1.105157e+02,3.268099e+00,2.500964e+01
32.06900,4.828165e+02,1.054565e+02,4.215769e+00,1.800729e+01
32.07000,4.838349e+02,1.005702e+02,5.078555e+00,1.124805e+01
32.07100,4.847681e+02,9.499413e+01,5.876263e+00,3.946715e+00
32.07200,4.857131e+02,8.908420e+01,6.708347e+00,-3.534834e+00
32.07300,4.862587e+02,8.491847e+01,7.157040e+00,-9.323913e+00
32.07400,4.868715e+02,7.855360e+01,7.703567e+00,-1.703631e+01
32.07500,4.873618e+02,7.313673e+01,8.147313e+00,-2.374633e+01
32.07600,4.877246e+02,6.696153e+01,8.499687e+00,-3.105074e+01
32.07700,4.880373e+02,6.039906e+01,8.815433e+00,-3.860651e+01
32.07800,4.881285e+02,5.435150e+01,8.947153e+00,-4.555403e+01
32.07900,4.880996e+02,4.833177e+01,8.987193e+00,-5.235579e+01
32.08000,4.879419e+02,4.232406e+01,8.918560e+00,-5.905363e+01
32.08100,4.876744e+02,3.614191e+01,8.774933e+00,-6.576543e+01
32.08200,4.872171e+02,3.066486e+01,8.460127e+00,-7.170393e+01
32.08300,4.866317e+02,2.511635e+01,8.032267e+00,-7.759300e+01
32.08400,4.859193e+02,1.929133e+01,7.517980e+00,-8.360880e+01
32.08500,4.850949e+02,1.365671e+01,6.898267e+00,-8.932927e+01
32.08600,4.841467e+02,8.131660e+00,6.176709e+00,-9.481727e+01
32.08700,4.830536e+02,2.945242e+00,5.321531e+00,-9.988673e+01
32.08800,4.818241e+02,-2.148655e+00,4.356908e+00,-1.047256e+02
32.08900,4.805822e+02,-7.515553e+00,3.358146e+00,-1.096827e+02
32.09000,4.792088e+02,-1.243949e+01,2.251463e+00,-1.141045e+02
32.09100,4.777159e+02,-1.700782e+01,1.026482e+00,-1.180765e+02
32.09200,4.761779e+02,-2.166509e+01,-2.385735e-01,-1.220148e+02
32.09300,4.745904e+02,-2.629800e+01,-1.561875e+00,-1.258094e+02
32.09400,4.730650e+02,-3.142407e+01,-2.815026e+00,-1.299293e+02
32.09500,4.713257e+02,-3.568646e+01,-4.297703e+00,-1.331299e+02
32.09600,4.696007e+02,-3.994913e+01,-5.781332e+00,-1.361696e+02
32.09700,4.677779e+02,-4.363689e+01,-7.372033e+00,-1.385478e+02
32.09800,4.661908e+02,-4.863595e+01,-8.750540e+00,-1.421006e+02
32.09900,4.644815e+02,-5.333729e+01,-1.025627e+01,-1.452325e+02
32.10000,4.628378e+02,-5.760480e+01,-1.173492e+01,-1.478055e+02
32.10100,4.613118e+02,-6.278548e+01,-1.311069e+01,-1.511345e+02
32.10200,4.598764e+02,-6.787627e+01,-1.441430e+01,-1.542599e+02
32.10300,4.580793e+02,-7.089660e+01,-1.607499e+01,-1.552686e+02
32.10400,4.563919e+02,-7.429087e+01,-1.765243e+01,-1.565281e+02
32.10500,4.549556e+02,-7.852513e+01,-1.900495e+01,-1.584887e+02
32.10600,4.535908e+02,-8.268520e+01,-2.030328e+01,-1.602790e+02
32.10700,4.522185e+02,-8.720527e+01,-2.164610e+01,-1.623065e+02
32.10800,4.511288e+02,-9.220573e+01,-2.273521e+01,-1.646480e+02
32.10900,4.496353e+02,-9.532653e+01,-2.419882e+01,-1.651619e+02
32.11000,4.484861e+02,-9.924740e+01,-2.534807e+01,-1.663082e+02
32.11100,4.475793e+02,-1.039445e+02,-2.628843e+01,-1.680675e+02
32.11200,4.463319e+02,-1.061429e+02,-2.753771e+01,-1.674651e+02
32.11300,4.454879e+02,-1.115255e+02,-2.845453e+01,-1.696680e+02
32.11400,4.442917e+02,-1.086105e+02,-2.966745e+01,-1.642311e+02
32.11500,4.435922e+02,-1.128602e+02,-3.044239e+01,-1.652479e+02
32.11600,4.429627e+02,-1.163763e+02,-3.114375e+01,-1.655277e+02
32.11700,4.427711e+02,-1.211767e+02,-3.144631e+01,-1.668868e+02
32.11800,4.420455e+02,-1.227186e+02,-3.223827e+01,-1.652218e+02
32.11900,4.416869e+02,-1.253748e+02,-3.269211e+01,-1.644875e+02
32.12000,4.412622e+02,-1.270443e+02,-3.319202e+01,-1.628135e+02
32.12100,4.411051e+02,-1.293291e+02,-3.345084e+01,-1.616304e+02
32.12200,4.410037e+02,-1.305640e+02,-3.364555e+01,-1.594251e+02
32.12300,4.410110e+02,-1.343419e+02,-3.371937e+01,-1.595302e+02
32.12400,4.408346e+02,-1.342408e+02,-3.398163e+01,-1.560541e+02
32.12500,4.408931e+02,-1.381739e+02,-3.399505e+01,-1.562053e+02
32.12600,4.411297e+02,-1.397142e+02,-3.383974e+01,-1.541297e+02
32.12700,4.412745e+02,-1.400933e+02,-3.376409e+01,-1.509801e+02
32.12800,4.417729e+02,-1.417490e+02,-3.333799e+01,-1.489626e+02
32.12900,4.423389e+02,-1.431093e+02,-3.285254e+01,-1.466579e+02
32.13000,4.429464e+02,-1.438581e+02,-3.231683e+01,-1.437799e+02
32.13100,4.436462e+02,-1.446819e+02,-3.167999e+01,-1.409532e+02
32.13200,4.444753e+02,-1.453417e+02,-3.091814e+01,-1.379668e+02
32.13300,4.453299e+02,-1.453799e+02,-3.012734e+01,-1.344208e+02
32.13400,4.463945e+02,-1.460817e+02,-2.914068e+01,-1.314669e+02
32.13500,4.475253e+02,-1.466371e+02,-2.808133e+01,-1.284032e+02
32.13600,4.487250e+02,-1.466763e+02,-2.695217e+01,-1.248713e+02
32.13700,4.500450e+02,-1.470716e+02,-2.571958e+01,-1.216750e+02
32.13800,4.514187e+02,-1.470733e+02,-2.442384e+01,-1.181155e+02
32.13900,4.528597e+02,-1.465517e+02,-2.305727e+01,-1.141237e+02
32.14000,4.542707e+02,-1.471052e+02,-2.174687e+01,-1.111587e+02
32.14100,4.557925e+02,-1.462562e+02,-2.030867e+01,-1.069076e+02
32.14200,4.573799e+02,-1.454153e+02,-1.881661e+01,-1.027081e+02
32.14300,4.589845e+02,-1.446847e+02,-1.730860e+01,-9.866347e+01
32.14400,4.606053e+02,-1.434025e+02,-1.579240e+01,-9.412853e+01
32.14500,4.622668e+02,-1.422181e+02,-1.424103e+01,-8.975840e+01
32.14600,4.639025e+02,-1.403887e+02,-1.271845e+01,-8.481300e+01
32.14700,4.655735e+02,-1.384953e+02,-1.116652e+01,-7.989933e+01
32.14800,4.671663e+02,-1.366771e+02,-9.692067e+00,-7.507113e+01
32.14900,4.687113e+02,-1.345126e+02,-8.264480e+00,-7.000180e+01
32.15000,4.702783e+02,-1.316457e+02,-6.820627e+00,-6.435059e+01
32.15100,4.717791e+02,-1.286075e+02,-5.439357e+00,-5.862572e+01
32.15200,4.732376e+02,-1.251049e+02,-4.104860e+00,-5.255272e+01
32.15300,4.745878e+02,-1.208342e+02,-2.865939e+00,-4.580877e+01
32.15400,4.759453e+02,-1.167225e+02,-1.633162e+00,-3.932697e+01
32.15500,4.772155e+02,-1.122008e+02,-4.825695e-01,-3.253349e+01
32.15600,4.784181e+02,-1.074220e+02,6.143521e-01,-2.559039e+01
32.15700,4.795603e+02,-1.027362e+02,1.647998e+00,-1.883541e+01
32.15800,4.806131e+02,-9.724587e+01,2.600224e+00,-1.140398e+01
32.15900,4.815570e+02,-9.209153e+01,3.455611e+00,-4.395405e+00
32.16000,4.823526e+02,-8.653353e+01,4.184849e+00,2.880167e+00
32.16100,4.831763e+02,-8.022227e+01,4.934967e+00,1.077670e+01
32.16200,4.837233e+02,-7.494000e+01,5.453865e+00,1.761283e+01
32.16300,4.842909e+02,-6.895280e+01,5.987183e+00,2.497793e+01
32.16400,4.847535e+02,-6.296269e+01,6.425462e+00,3.228614e+01
32.16500,4.850795e+02,-5.677905e+01,6.754860e+00,3.962997e+01
32.16600,4.852793e+02,-5.087218e+01,6.977867e+00,4.660229e+01
32.16700,4.853634e+02,-4.454633e+01,7.113953e+00,5.390193e+01
32.16800,4.853297e+02,-3.867097e+01,7.136867e+00,6.064085e+01
32.16900,4.851500e+02,-3.265111e+01,7.045553e+00,6.738420e+01
32.17000,4.848264e+02,-2.688640e+01,6.825107e+00,7.381900e+01
32.17100,4.843776e+02,-2.120801e+01,6.501108e+00,8.004480e+01
32.17200,4.838038e+02,-1.573405e+01,6.069331e+00,8.595227e+01
32.17300,4.831592e+02,-9.965287e+00,5.581282e+00,9.203960e+01
32.17400,4.822811e+02,-5.015807e+00,4.897408e+00,9.724113e+01
32.17500,4.813319e+02,1.258307e-01,4.149653e+00,1.025134e+02
32.17600,4.802945e+02,5.257782e+00,3.319883e+00,1.076510e+02
32.17700,4.791136e+02,1.005421e+01,2.357194e+00,1.123559e+02
32.17800,4.778383e+02,1.463603e+01,1.306056e+00,1.167785e+02
32.17900,4.763981e+02,1.894657e+01,1.246630e-01,1.207917e+02
32.18000,4.749259e+02,2.332688e+01,-1.109097e+00,1.247693e+02
32.18100,4.734815e+02,2.811201e+01,-2.310895e+00,1.289929e+02
32.18200,4.718789e+02,3.218333e+01,-3.667213e+00,1.324369e+02
32.18300,4.702133e+02,3.633447e+01,-5.073136e+00,1.358243e+02
32.18400,4.686183e+02,4.067663e+01,-6.425668e+00,1.393097e+02
32.18500,4.668849e+02,4.460577e+01,-7.922900e+00,1.422343e+02
32.18600,4.651693e+02,4.857731e+01,-9.410813e+00,1.451143e+02
32.18700,4.633983e+02,5.225546e+01,-1.096223e+01,1.475864e+02
32.18800,4.616677e+02,5.682582e+01,-1.248920e+01,1.507983e+02
32.18900,4.600123e+02,6.109910e+01,-1.395114e+01,1.535969e+02
32.19000,4.583678e+02,6.561656e+01,-1.542335e+01,1.565011e+02
32.19100,4.567581e+02,7.012227e+01,-1.686838e+01,1.592887e+02
32.19200,4.553721e+02,7.496260e+01,-1.810543e+01,1.622742e+02
32.19300,4.537852e+02,7.871307e+01,-1.956956e+01,1.640715e+02
32.19400,4.520554e+02,8.173860e+01,-2.118425e+01,1.650679e+02
32.19500,4.506305e+02,8.595300e+01,-2.251683e+01,1.671130e+02
32.19600,4.491963e+02,8.994673e+01,-2.387147e+01,1.688523e+02
32.19700,4.481254e+02,9.473420e+01,-2.489848e+01,1.711878e+02
32.19800,4.469156e+02,9.934487e+01,-2.608055e+01,1.733038e+02
32.19900,4.456786e+02,1.039682e+02,-2.730561e+01,1.752843e+02
32.20000,4.442765e+02,1.068457e+02,-2.867098e+01,1.756017e+02
32.20100,4.433517e+02,1.117140e+02,-2.960492e+01,1.776150e+02
32.20200,4.422590e+02,1.141042e+02,-3.070672e+01,1.773098e+02
32.20300,4.414781e+02,1.198550e+02,-3.151376e+01,1.799615e+02
32.20400,4.403331e+02,1.181604e+02,-3.268086e+01,1.757421e+02
32.20500,4.395147e+02,1.200134e+02,-3.351720e+01,1.747162e+02
32.20600,4.386203e+02,1.230419e+02,-3.445561e+01,1.746579e+02
32.20700,4.386622e+02,1.294033e+02,-3.452207e+01,1.775606e+02
32.20800,4.379253e+02,1.301635e+02,-3.528529e+01,1.752970e+02
32.20900,4.374865e+02,1.325111e+02,-3.578898e+01,1.744191e+02
32.21000,4.370922e+02,1.343483e+02,-3.624241e+01,1.730157e+02
32.21100,4.368728e+02,1.360344e+02,-3.652689e+01,1.714247e+02
32.21200,4.367097e+02,1.370071e+02,-3.674364e+01,1.691229e+02
32.21300,4.367149e+02,1.396592e+02,-3.680261e+01,1.683125e+02
32.21400,4.364795e+02,1.396985e+02,-3.708829e+01,1.651099e+02
32.21500,4.365529e+02,1.436402e+02,-3.707492e+01,1.653781e+02
32.21600,4.366185e+02,1.435189e+02,-3.707007e+01,1.619388e+02
32.21700,4.369806e+02,1.451947e+02,-3.677502e+01,1.600792e+02
32.21800,4.371918e+02,1.446937e+02,-3.659826e+01,1.562327e+02
32.21900,4.377936e+02,1.455749e+02,-3.604949e+01,1.536081e+02
32.22000,4.383732e+02,1.458471e+02,-3.552479e+01,1.504176e+02
32.22100,4.391148e+02,1.463744e+02,-3.484208e+01,1.474265e+02
32.22200,4.399491e+02,1.472666e+02,-3.407380e+01,1.447617e+02
32.22300,4.408605e+02,1.470926e+02,-3.321749e+01,1.411289e+02
32.22400,4.419724e+02,1.476990e+02,-3.219091e+01,1.381810e+02
32.22500,4.430799e+02,1.474434e+02,-3.116419e+01,1.344413e+02
32.22600,4.443330e+02,1.476183e+02,-2.998959e+01,1.311021e+02
32.22700,4.456238e+02,1.472713e+02,-2.877866e+01,1.273002e+02
32.22800,4.471037e+02,1.476726e+02,-2.740314e+01,1.241982e+02
32.22900,4.486217e+02,1.473065e+02,-2.598989e+01,1.204059e+02
32.23000,4.502397e+02,1.475835e+02,-2.450162e+01,1.171787e+02
32.23100,4.518844e+02,1.472006e+02,-2.298129e+01,1.133854e+02
32.23200,4.536681e+02,1.474615e+02,-2.134809e+01,1.102240e+02
32.23300,4.553929e+02,1.465348e+02,-1.976818e+01,1.059687e+02
32.23400,4.571320e+02,1.462529e+02,-1.819552e+01,1.023399e+02
32.23500,4.589699e+02,1.456126e+02,-1.653789e+01,9.841993e+01
32.23600,4.607988e+02,1.448329e+02,-1.488768e+01,9.439707e+01
32.23700,4.626631e+02,1.439104e+02,-1.321959e+01,9.030327e+01
32.23800,4.645313e+02,1.434327e+02,-1.156719e+01,8.664647e+01
32.23900,4.664469e+02,1.430425e+02,-9.873247e+00,8.313513e+01
32.24000,4.681321e+02,1.403703e+02,-8.394407e+00,7.755753e+01
32.24100,4.697895e+02,1.374279e+02,-6.946120e+00,7.179120e+01
32.24200,4.715114e+02,1.357540e+02,-5.447381e+00,6.728307e+01
32.24300,4.731624e+02,1.330446e+02,-4.019937e+00,6.182362e+01
32.24400,4.747497e+02,1.301166e+02,-2.657359e+00,5.628560e+01
32.24500,4.762809e+02,1.269419e+02,-1.342309e+00,5.059306e+01
32.24600,4.777499e+02,1.233095e+02,-1.012109e-01,4.452329e+01
32.24700,4.791365e+02,1.193927e+02,1.083395e+00,3.829353e+01
32.24800,4.804541e+02,1.152284e+02,2.201873e+00,3.192326e+01
32.24900,4.816758e+02,1.103899e+02,3.244827e+00,2.500297e+01
32.25000,4.827973e+02,1.053460e+02,4.198628e+00,1.801194e+01
32.25100,4.838171e+02,1.004533e+02,5.064990e+00,1.124709e+01
32.25200,4.847442e+02,9.500067e+01,5.855937e+00,4.055557e+00
32.25300,4.856916e+02,8.897020e+01,6.690053e+00,-3.545379e+00
32.25400,4.862568e+02,8.479920e+01,7.154553e+00,-9.336940e+00
32.25500,4.868684e+02,7.846567e+01,7.703413e+00,-1.702577e+01
32.25600,4.873739e+02,7.299900e+01,8.157673e+00,-2.378595e+01
32.25700,4.877391e+02,6.685720e+01,8.513680e+00,-3.105893e+01
32.25800,4.880603e+02,6.025049e+01,8.835307e+00,-3.866169e+01
32.25900,4.881611e+02,5.420886e+01,8.975213e+00,-4.560557e+01
32.26000,4.881061e+02,4.832233e+01,8.990033e+00,-5.229626e+01
32.26100,4.879923e+02,4.213899e+01,8.961800e+00,-5.915393e+01
32.26200,4.877311e+02,3.594420e+01,8.823133e+00,-6.587909e+01
32.26300,4.872861e+02,3.038361e+01,8.518427e+00,-7.189607e+01
32.26400,4.867036e+02,2.489253e+01,8.093827e+00,-7.774340e+01
32.26500,4.859893e+02,1.919323e+01,7.578053e+00,-8.364347e+01
32.26600,4.851769e+02,1.343671e+01,6.966987e+00,-8.947787e+01
32.26700,4.842407e+02,7.860527e+00,6.259996e+00,-9.502293e+01
32.26800,4.831489e+02,2.728517e+00,5.400880e+00,-1.000369e+02
32.26900,4.819236e+02,-2.379419e+00,4.443012e+00,-1.048993e+02
32.27000,4.807059e+02,-7.809647e+00,3.470825e+00,-1.099189e+02
32.27100,4.793134e+02,-1.258323e+01,2.343205e+00,-1.142073e+02
32.27200,4.778460e+02,-1.734511e+01,1.141515e+00,-1.183633e+02
32.27300,4.762982e+02,-2.191404e+01,-1.340741e-01,-1.222180e+02
32.27400,4.746943e+02,-2.650045e+01,-1.475931e+00,-1.259744e+02
32.27500,4.731758e+02,-3.161324e+01,-2.720070e+00,-1.300886e+02
32.27600,4.714691e+02,-3.598069e+01,-4.167988e+00,-1.333890e+02
32.27700,4.697343e+02,-4.018402e+01,-5.660482e+00,-1.363785e+02
32.27800,4.679248e+02,-4.402669e+01,-7.238013e+00,-1.389043e+02
32.27900,4.663436e+02,-4.882999e+01,-8.609687e+00,-1.422859e+02
32.28000,4.646189e+02,-5.356093e+01,-1.013249e+01,-1.454435e+02
32.28100,4.629963e+02,-5.803825e+01,-1.158601e+01,-1.482147e+02
32.28200,4.614585e+02,-6.290921e+01,-1.297077e+01,-1.512652e+02
32.28300,4.599858e+02,-6.803940e+01,-1.431411e+01,-1.544255e+02
32.28400,4.582545e+02,-7.131507e+01,-1.591031e+01,-1.556869e+02
32.28500,4.565087e+02,-7.439767e+01,-1.754389e+01,-1.566589e+02
32.28600,4.550727e+02,-7.875980e+01,-1.889040e+01,-1.587382e+02
32.28700,4.537091e+02,-8.291267e+01,-2.019106e+01,-1.605213e+02
32.28800,4.523449e+02,-8.743540e+01,-2.152513e+01,-1.625569e+02
32.28900,4.512495e+02,-9.232873e+01,-2.261737e+01,-1.648069e+02
32.29000,4.497743e+02,-9.560607e+01,-2.406581e+01,-1.654643e+02
32.29100,4.486047e+02,-9.943093e+01,-2.523337e+01,-1.665337e+02
32.29200,4.476846e+02,-1.044116e+02,-2.618259e+01,-1.685477e+02
32.29300,4.464409e+02,-1.063035e+02,-2.743255e+01,-1.676721e+02
32.29400,4.456204e+02,-1.119716e+02,-2.832544e+01,-1.701392e+02
32.29500,4.444085e+02,-1.090829e+02,-2.955217e+01,-1.647316e+02
32.29600,4.436791e+02,-1.128639e+02,-3.035826e+01,-1.653272e+02
32.29700,4.430161e+02,-1.163250e+02,-3.109011e+01,-1.655552e+02
32.29800,4.428420e+02,-1.213320e+02,-3.137591e+01,-1.671105e+02
32.29900,4.421103e+02,-1.228469e+02,-3.217113e+01,-1.654173e+02
32.30000,4.417420e+02,-1.254476e+02,-3.263736e+01,-1.646385e+02
32.30100,4.413075e+02,-1.271900e+02,-3.314340e+01,-1.630294e+02
32.30200,4.411401e+02,-1.294303e+02,-3.341125e+01,-1.618075e+02
32.30300,4.410501e+02,-1.308652e+02,-3.360159e+01,-1.597925e+02
32.30400,4.410883e+02,-1.348774e+02,-3.364637e+01,-1.601018e+02
32.30500,4.408760e+02,-1.343731e+02,-3.393150e+01,-1.562716e+02
32.30600,4.409267e+02,-1.382935e+02,-3.395084e+01,-1.564193e+02
32.30700,4.411741e+02,-1.399188e+02,-3.379381e+01,-1.544125e+02
32.30800,4.412785e+02,-1.400799e+02,-3.375424e+01,-1.510655e+02
32.30900,4.417613e+02,-1.416743e+02,-3.334753e+01,-1.489957e+02
32.31000,4.423525e+02,-1.432079e+02,-3.283770e+01,-1.468505e+02
32.31100,4.429561e+02,-1.439311e+02,-3.230543e+01,-1.439485e+02
32.31200,4.436453e+02,-1.447411e+02,-3.168079e+01,-1.411103e+02
32.31300,4.444687e+02,-1.454628e+02,-3.091851e+01,-1.381845e+02
32.31400,4.453429e+02,-1.456504e+02,-3.011736e+01,-1.347693e+02
32.31500,4.463803e+02,-1.461270e+02,-2.915551e+01,-1.316198e+02
32.31600,4.475037e+02,-1.466901e+02,-2.810115e+01,-1.285550e+02
32.31700,4.487003e+02,-1.466921e+02,-2.697633e+01,-1.249895e+02
32.31800,4.500113e+02,-1.470859e+02,-2.575080e+01,-1.217912e+02
32.31900,4.513816e+02,-1.470485e+02,-2.445885e+01,-1.181992e+02
32.32000,4.528244e+02,-1.466387e+02,-2.309108e+01,-1.143135e+02
32.32100,4.542307e+02,-1.470907e+02,-2.178059e+01,-1.112531e+02
32.32200,4.557507e+02,-1.462520e+02,-2.034993e+01,-1.070057e+02
32.32300,4.573473e+02,-1.456227e+02,-1.884796e+01,-1.029991e+02
32.32400,4.589405e+02,-1.447198e+02,-1.735031e+01,-9.879720e+01
32.32500,4.605578e+02,-1.434091e+02,-1.583597e+01,-9.423853e+01
32.32600,4.622216e+02,-1.423873e+02,-1.428140e+01,-9.000893e+01
32.32700,4.638511e+02,-1.404277e+02,-1.276397e+01,-8.495500e+01
32.32800,4.655133e+02,-1.385633e+02,-1.122158e+01,-8.006067e+01
32.32900,4.671221e+02,-1.366863e+02,-9.732380e+00,-7.517400e+01
32.33000,4.686959e+02,-1.341486e+02,-8.278900e+00,-6.977000e+01
32.33100,4.702306e+02,-1.318331e+02,-6.863640e+00,-6.461319e+01
32.33200,4.717430e+02,-1.287481e+02,-5.472352e+00,-5.884705e+01
32.33300,4.731949e+02,-1.252391e+02,-4.142872e+00,-5.276793e+01
32.33400,4.745560e+02,-1.208432e+02,-2.893257e+00,-4.590783e+01
32.33500,4.759091e+02,-1.167715e+02,-1.665079e+00,-3.945925e+01
32.33600,4.771797e+02,-1.122315e+02,-5.128145e-01,-3.264479e+01
32.33700,4.783909e+02,-1.074964e+02,5.849311e-01,-2.573987e+01
32.33800,4.795337e+02,-1.028061e+02,1.625271e+00,-1.898091e+01
32.33900,4.805791e+02,-9.731387e+01,2.576861e+00,-1.154429e+01
32.34000,4.815403e+02,-9.195400e+01,3.447476e+00,-4.343831e+00
32.34100,4.823679e+02,-8.674660e+01,4.181330e+00,2.615339e+00
32.34200,4.831526e+02,-8.032987e+01,4.916677e+00,1.060716e+01
32.34300,4.837093e+02,-7.502613e+01,5.442379e+00,1.746670e+01
32.34400,4.842882e+02,-6.893120e+01,5.986733e+00,2.493752e+01
32.34500,4.847592e+02,-6.304267e+01,6.426932e+00,3.215703e+01
32.34600,4.850741e+02,-5.690375e+01,6.748920e+00,3.946227e+01
32.34700,4.852875e+02,-5.084177e+01,6.991740e+00,4.658537e+01
32.34800,4.853843e+02,-4.459981e+01,7.130467e+00,5.380105e+01
32.34900,4.853481e+02,-3.865924e+01,7.154640e+00,6.060945e+01
32.35000,4.851889e+02,-3.264871e+01,7.078247e+00,6.735000e+01
32.35100,4.848835e+02,-2.675234e+01,6.877327e+00,7.390040e+01
32.35200,4.844313e+02,-2.109966e+01,6.549852e+00,8.010207e+01
32.35300,4.838566e+02,-1.571679e+01,6.115478e+00,8.593560e+01
32.35400,4.832417e+02,-9.716533e+00,5.653726e+00,9.223967e+01
32.35500,4.823569e+02,-4.914994e+00,4.959801e+00,9.730747e+01
32.35600,4.814186e+02,3.712306e-01,4.225479e+00,1.027117e+02
32.35700,4.803710e+02,5.320664e+00,3.386540e+00,1.076891e+02
32.35800,4.791895e+02,1.007941e+01,2.423344e+00,1.123641e+02
32.35900,4.780007e+02,1.511000e+01,1.455605e+00,1.171929e+02
32.36000,4.764985e+02,1.909302e+01,2.123473e-01,1.209203e+02
32.36100,4.750176e+02,2.332983e+01,-1.028021e+00,1.247697e+02
32.36200,4.735929e+02,2.830067e+01,-2.211774e+00,1.291631e+02
32.36300,4.719863e+02,3.233970e+01,-3.571064e+00,1.325811e+02
32.36400,4.703317e+02,3.650622e+01,-4.967995e+00,1.359907e+02
32.36500,4.687359e+02,4.083471e+01,-6.320882e+00,1.394637e+02
32.36600,4.670026e+02,4.472953e+01,-7.815933e+00,1.423609e+02
32.36700,4.652910e+02,4.884492e+01,-9.297120e+00,1.453801e+02
32.36800,4.635097e+02,5.236513e+01,-1.086211e+01,1.477133e+02
32.36900,4.617881e+02,5.690742e+01,-1.237931e+01,1.508930e+02
32.37000,4.601277e+02,6.117957e+01,-1.384551e+01,1.537013e+02
32.37100,4.585022e+02,6.571548e+01,-1.529494e+01,1.566193e+02
32.37200,4.568505e+02,7.015420e+01,-1.678318e+01,1.593557e+02
32.37300,4.554612e+02,7.493967e+01,-1.802427e+01,1.622941e+02
32.37400,4.539030e+02,7.879340e+01,-1.945906e+01,1.641955e+02
32.37500,4.521628e+02,8.181173e+01,-2.108203e+01,1.651897e+02
32.37600,4.507315e+02,8.605833e+01,-2.241862e+01,1.672651e+02
32.37700,4.493015e+02,8.998267e+01,-2.377338e+01,1.689435e+02
32.37800,4.481767e+02,9.461240e+01,-2.485105e+01,1.711403e+02
32.37900,4.470131e+02,9.929053e+01,-2.598917e+01,1.733221e+02
32.38000,4.458145e+02,1.040919e+02,-2.716905e+01,1.754711e+02
32.38100,4.443572e+02,1.068047e+02,-2.859387e+01,1.756407e+02
32.38200,4.433559e+02,1.112397e+02,-2.959538e+01,1.772637e+02
32.38300,4.423494e+02,1.141209e+02,-3.061703e+01,1.774065e+02
32.38400,4.415697e+02,1.200174e+02,-3.142609e+01,1.801974e+02
32.38500,4.404111e+02,1.185424e+02,-3.260205e+01,1.761819e+02
32.38600,4.395875e+02,1.199101e+02,-3.344204e+01,1.747113e+02
32.38700,4.387243e+02,1.231165e+02,-3.435573e+01,1.748240e+02
32.38800,4.386704e+02,1.291825e+02,-3.451328e+01,1.774597e+02
32.38900,4.379687e+02,1.300763e+02,-3.524215e+01,1.753188e+02
32.39000,4.375304e+02,1.324274e+02,-3.574556e+01,1.744451e+02
32.39100,4.371365e+02,1.343791e+02,-3.619772e+01,1.731528e+02
32.39200,4.369191e+02,1.361005e+02,-3.648181e+01,1.715900e+02
32.39300,4.367351e+02,1.370142e+02,-3.671742e+01,1.692421e+02
32.39400,4.367448e+02,1.395585e+02,-3.677287e+01,1.683324e+02
32.39500,4.364948e+02,1.392797e+02,-3.707281e+01,1.648448e+02
32.39600,4.365753e+02,1.438166e+02,-3.705313e+01,1.656607e+02
32.39700,4.366398e+02,1.434459e+02,-3.704826e+01,1.619933e+02
32.39800,4.369823e+02,1.450305e+02,-3.677359e+01,1.600534e+02
32.39900,4.372209e+02,1.448349e+02,-3.657336e+01,1.564879e+02
32.40000,4.377955e+02,1.455277e+02,-3.604816e+01,1.536891e+02
32.40100,4.383671e+02,1.457261e+02,-3.553080e+01,1.504323e+02
32.40200,4.391149e+02,1.463817e+02,-3.484307e+01,1.475583e+02
32.40300,4.399286e+02,1.471671e+02,-3.409197e+01,1.448086e+02
32.40400,4.408398e+02,1.470173e+02,-3.323809e+01,1.411927e+02
32.40500,4.419438e+02,1.475241e+02,-3.221829e+01,1.381528e+02
32.40600,4.430368e+02,1.473889e+02,-3.120359e+01,1.345263e+02
32.40700,4.442948e+02,1.474501e+02,-3.002762e+01,1.310857e+02
32.40800,4.455877e+02,1.471897e+02,-2.881472e+01,1.273629e+02
32.40900,4.470599e+02,1.475444e+02,-2.744293e+01,1.242202e+02
32.41000,4.485663e+02,1.471817e+02,-2.603886e+01,1.204227e+02
32.41100,4.501915e+02,1.474476e+02,-2.454717e+01,1.171863e+02
32.41200,4.518293e+02,1.469393e+02,-2.303417e+01,1.132825e+02
32.41300,4.536095e+02,1.473195e+02,-2.140211e+01,1.102297e+02
32.41400,4.553422e+02,1.463687e+02,-1.981433e+01,1.059517e+02
32.41500,4.570714e+02,1.461611e+02,-1.825133e+01,1.023869e+02
32.41600,4.589100e+02,1.454028e+02,-1.659491e+01,9.835620e+01
32.41700,4.607378e+02,1.446899e+02,-1.494363e+01,9.440060e+01
32.41800,4.625979e+02,1.436259e+02,-1.327550e+01,9.017540e+01
32.41900,4.644647e+02,1.432332e+02,-1.162597e+01,8.659573e+01
32.42000,4.663648e+02,1.428150e+02,-9.947740e+00,8.305700e+01
32.42100,4.680773e+02,1.402467e+02,-8.441060e+00,7.757833e+01
32.42200,4.697394e+02,1.373079e+02,-6.990500e+00,7.180573e+01
32.42300,4.714597e+02,1.356021e+02,-5.491707e+00,6.726593e+01
32.42400,4.731122e+02,1.328201e+02,-4.061940e+00,6.174319e+01
32.42500,4.747034e+02,1.299797e+02,-2.696284e+00,5.628159e+01
32.42600,4.762375e+02,1.268244e+02,-1.377631e+00,5.060774e+01
32.42700,4.777109e+02,1.231262e+02,-1.319707e-01,4.447157e+01
32.42800,4.791024e+02,1.192497e+02,1.054371e+00,3.827898e+01
32.42900,4.804250e+02,1.151019e+02,2.176308e+00,3.192139e+01
32.43000,4.816513e+02,1.102668e+02,3.227593e+00,2.500427e+01
32.43100,4.827785e+02,1.052826e+02,4.182659e+00,1.806312e+01
32.43200,4.837921e+02,1.003852e+02,5.044377e+00,1.128861e+01
32.43300,4.847274e+02,9.490927e+01,5.840649e+00,4.071784e+00
32.43400,4.856174e+02,8.911600e+01,6.616585e+00,-3.309759e+00
32.43500,4.862505e+02,8.467107e+01,7.147573e+00,-9.356267e+00
32.43600,4.868589e+02,7.859187e+01,7.692180e+00,-1.681647e+01
32.43700,4.873887e+02,7.290413e+01,8.167947e+00,-2.378673e+01
32.43800,4.877540e+02,6.676947e+01,8.528193e+00,-3.105335e+01
32.43900,4.880829e+02,6.014224e+01,8.853680e+00,-3.868311e+01
32.44000,4.881977e+02,5.402165e+01,9.006387e+00,-4.569818e+01
32.44100,4.881396e+02,4.821857e+01,9.018627e+00,-5.231862e+01
32.44200,4.880407e+02,4.197723e+01,9.002467e+00,-5.923403e+01
32.44300,4.877869e+02,3.574781e+01,8.871040e+00,-6.598992e+01
32.44400,4.873624e+02,3.002428e+01,8.586927e+00,-7.216513e+01
32.44500,4.867767e+02,2.465229e+01,8.156567e+00,-7.790473e+01
32.44600,4.860729e+02,1.896045e+01,7.647220e+00,-8.379967e+01
32.44700,4.852604e+02,1.323250e+01,7.038473e+00,-8.961313e+01
32.44800,4.843343e+02,7.609027e+00,6.342506e+00,-9.521307e+01
32.44900,4.832377e+02,2.558010e+00,5.476319e+00,-1.001449e+02
32.45000,4.820245e+02,-2.581741e+00,4.529637e+00,-1.050492e+02
32.45100,4.808179e+02,-8.107600e+00,3.569101e+00,-1.101583e+02
32.45200,4.794299e+02,-1.285297e+01,2.446198e+00,-1.144266e+02
32.45300,4.779719e+02,-1.765373e+01,1.252573e+00,-1.186241e+02
32.45400,4.764217e+02,-2.215632e+01,-2.675113e-02,-1.224153e+02
32.45500,4.748300e+02,-2.680998e+01,-1.355599e+00,-1.262394e+02
32.45600,4.733127e+02,-3.192135e+01,-2.598285e+00,-1.303595e+02
32.45700,4.716223e+02,-3.630031e+01,-4.024559e+00,-1.336697e+02
32.45800,4.698705e+02,-4.044900e+01,-5.537133e+00,-1.366163e+02
32.45900,4.680575e+02,-4.420118e+01,-7.118493e+00,-1.390687e+02
32.46000,4.664979e+02,-4.911641e+01,-8.468133e+00,-1.425515e+02
32.46100,4.647482e+02,-5.379577e+01,-1.001303e+01,-1.456575e+02
32.46200,4.631419e+02,-5.830493e+01,-1.144971e+01,-1.484769e+02
32.46300,4.616139e+02,-6.304545e+01,-1.282233e+01,-1.514069e+02
32.46400,4.601135e+02,-6.826947e+01,-1.419639e+01,-1.546572e+02
32.46500,4.584181e+02,-7.169547e+01,-1.575663e+01,-1.560647e+02
32.46600,4.566472e+02,-7.465947e+01,-1.741515e+01,-1.569284e+02
32.46700,4.552011e+02,-7.899187e+01,-1.876852e+01,-1.589837e+02
32.46800,4.538307e+02,-8.312927e+01,-2.007535e+01,-1.607571e+02
32.46900,4.524555e+02,-8.752547e+01,-2.141903e+01,-1.626831e+02
32.47000,4.513711e+02,-9.246107e+01,-2.249723e+01,-1.649717e+02
32.47100,4.499318e+02,-9.595680e+01,-2.391585e+01,-1.658319e+02
32.47200,4.487009e+02,-9.957420e+01,-2.513808e+01,-1.667174e+02
32.47300,4.478125e+02,-1.048839e+02,-2.605941e+01,-1.690293e+02
32.47400,4.465318e+02,-1.062941e+02,-2.734203e+01,-1.677270e+02
32.47500,4.457459e+02,-1.122635e+02,-2.820100e+01,-1.704751e+02
32.47600,4.445306e+02,-1.096533e+02,-2.943209e+01,-1.653193e+02
32.47700,4.438269e+02,-1.130952e+02,-3.021709e+01,-1.656064e+02
32.47800,4.430293e+02,-1.162612e+02,-3.106862e+01,-1.655703e+02
32.47900,4.429256e+02,-1.215221e+02,-3.129495e+01,-1.673609e+02
32.48000,4.421743e+02,-1.229015e+02,-3.210757e+01,-1.655477e+02
32.48100,4.417953e+02,-1.255693e+02,-3.258281e+01,-1.648305e+02
32.48200,4.413665e+02,-1.273006e+02,-3.308637e+01,-1.632141e+02
32.48300,4.411933e+02,-1.296467e+02,-3.336050e+01,-1.620865e+02
32.48400,4.410719e+02,-1.310305e+02,-3.357255e+01,-1.600387e+02
32.48500,4.411210e+02,-1.354161e+02,-3.361885e+01,-1.606789e+02
32.48600,4.409245e+02,-1.346808e+02,-3.388289e+01,-1.566429e+02
32.48700,4.409655e+02,-1.389308e+02,-3.391446e+01,-1.570969e+02
32.48800,4.412263e+02,-1.402636e+02,-3.374401e+01,-1.548188e+02
32.48900,4.412901e+02,-1.400491e+02,-3.373857e+01,-1.511359e+02
32.49000,4.417537e+02,-1.416322e+02,-3.335309e+01,-1.490596e+02
32.49100,4.423735e+02,-1.433585e+02,-3.281555e+01,-1.470889e+02
32.49200,4.429617e+02,-1.439870e+02,-3.229667e+01,-1.441019e+02
32.49300,4.436453e+02,-1.447979e+02,-3.167995e+01,-1.412572e+02
32.49400,4.444344e+02,-1.453217e+02,-3.094933e+01,-1.381630e+02
32.49500,4.453426e+02,-1.458461e+02,-3.011308e+01,-1.350513e+02
32.49600,4.463573e+02,-1.461099e+02,-2.917803e+01,-1.317157e+02
32.49700,4.474913e+02,-1.467805e+02,-2.811379e+01,-1.287421e+02
32.49800,4.486739e+02,-1.467555e+02,-2.700012e+01,-1.251559e+02
32.49900,4.499847e+02,-1.471312e+02,-2.577631e+01,-1.219338e+02
32.50000,4.513469e+02,-1.470672e+02,-2.449159e+01,-1.183219e+02
32.50100,4.527807e+02,-1.467546e+02,-2.313097e+01,-1.145299e+02
32.50200,4.542018e+02,-1.470531e+02,-2.180732e+01,-1.113250e+02
32.50300,4.557038e+02,-1.462472e+02,-2.039436e+01,-1.071063e+02
32.50400,4.573067e+02,-1.456545e+02,-1.888674e+01,-1.031369e+02
32.50500,4.588861e+02,-1.446595e+02,-1.740033e+01,-9.884460e+01
32.50600,4.605088e+02,-1.434185e+02,-1.588197e+01,-9.434547e+01
32.50700,4.621867e+02,-1.425521e+02,-1.431345e+01,-9.026547e+01
32.50800,4.638003e+02,-1.404065e+02,-1.281202e+01,-8.503653e+01
32.50900,4.654626e+02,-1.387119e+02,-1.126844e+01,-8.029080e+01
32.51000,4.670874e+02,-1.363215e+02,-9.763020e+00,-7.493993e+01
32.51100,4.686631e+02,-1.342650e+02,-8.308860e+00,-6.997167e+01
32.51200,4.701823e+02,-1.318411e+02,-6.907780e+00,-6.472179e+01
32.51300,4.717040e+02,-1.289235e+02,-5.509226e+00,-5.909927e+01
32.51400,4.731619e+02,-1.252621e+02,-4.171663e+00,-5.288446e+01
32.51500,4.745213e+02,-1.208333e+02,-2.925951e+00,-4.598983e+01
32.51600,4.758707e+02,-1.168533e+02,-1.699416e+00,-3.962098e+01
32.51700,4.771477e+02,-1.123710e+02,-5.403477e-01,-3.286043e+01
32.51800,4.783581e+02,-1.075125e+02,5.587918e-01,-2.583876e+01
32.51900,4.795089e+02,-1.028165e+02,1.604131e+00,-1.906794e+01
32.52000,4.805591e+02,-9.743700e+01,2.556251e+00,-1.174040e+01
32.52100,4.815243e+02,-9.179460e+01,3.440107e+00,-4.270147e+00
32.52200,4.823553e+02,-8.682007e+01,4.172829e+00,2.475126e+00
32.52300,4.831297e+02,-8.041187e+01,4.898358e+00,1.046325e+01
32.52400,4.837187e+02,-7.505107e+01,5.445549e+00,1.737556e+01
32.52500,4.842904e+02,-6.885813e+01,5.990930e+00,2.494748e+01
32.52600,4.847523e+02,-6.322635e+01,6.423691e+00,3.192557e+01
32.52700,4.850915e+02,-5.688090e+01,6.761873e+00,3.942753e+01
32.52800,4.853005e+02,-5.084774e+01,7.005933e+00,4.652133e+01
32.52900,4.854136e+02,-4.463814e+01,7.148193e+00,5.371320e+01
32.53000,4.853741e+02,-3.864473e+01,7.178720e+00,6.057500e+01
32.53100,4.852047e+02,-3.274319e+01,7.095813e+00,6.722147e+01
32.53200,4.849430e+02,-2.663436e+01,6.924860e+00,7.397620e+01
32.53300,4.845009e+02,-2.091219e+01,6.612857e+00,8.023227e+01
32.53400,4.839199e+02,-1.563244e+01,6.170749e+00,8.597660e+01
32.53500,4.832760e+02,-9.879500e+00,5.680834e+00,9.206713e+01
32.53600,4.824357e+02,-4.735997e+00,5.028745e+00,9.744327e+01
32.53700,4.814945e+02,4.233201e-01,4.290729e+00,1.027381e+02
32.53800,4.804448e+02,5.428831e+00,3.450168e+00,1.077640e+02
32.53900,4.792819e+02,1.022891e+01,2.504444e+00,1.124815e+02
32.54000,4.781009e+02,1.526279e+01,1.541567e+00,1.173232e+02
32.54100,4.766160e+02,1.936128e+01,3.168583e-01,1.211560e+02
32.54200,4.751223e+02,2.349014e+01,-9.343027e-01,1.249087e+02
32.54300,4.737062e+02,2.848296e+01,-2.111475e+00,1.293289e+02
32.54400,4.720942e+02,3.249936e+01,-3.474565e+00,1.327259e+02
32.54500,4.704608e+02,3.673739e+01,-4.854125e+00,1.362151e+02
32.54600,4.688496e+02,4.094763e+01,-6.218834e+00,1.395753e+02
32.54700,4.671401e+02,4.497241e+01,-7.693800e+00,1.425938e+02
32.54800,4.653693e+02,4.868245e+01,-9.230067e+00,1.452623e+02
32.54900,4.636019e+02,5.241347e+01,-1.077911e+01,1.477857e+02
32.55000,4.619225e+02,5.709435e+01,-1.225681e+01,1.510903e+02
32.55100,4.602426e+02,6.132343e+01,-1.373895e+01,1.538610e+02
32.55200,4.586284e+02,6.560080e+01,-1.517694e+01,1.565484e+02
32.55300,4.569541e+02,7.024807e+01,-1.668747e+01,1.594811e+02
32.55400,4.555442e+02,7.487333e+01,-1.794723e+01,1.622712e+02
32.55500,4.540176e+02,7.889567e+01,-1.935173e+01,1.643389e+02
32.55600,4.522657e+02,8.184607e+01,-2.098658e+01,1.652719e+02
32.55700,4.508311e+02,8.604647e+01,-2.232615e+01,1.673112e+02
32.55800,4.494093e+02,9.000060e+01,-2.367220e+01,1.690209e+02
32.55900,4.482756e+02,9.471000e+01,-2.475727e+01,1.712848e+02
32.56000,4.470851e+02,9.921207e+01,-2.591829e+01,1.733156e+02
32.56100,4.459399e+02,1.040709e+02,-2.704833e+01,1.755253e+02
32.56200,4.444383e+02,1.068405e+02,-2.851529e+01,1.757453e+02
32.56300,4.433365e+02,1.106243e+02,-2.961059e+01,1.767841e+02
32.56400,4.424440e+02,1.140515e+02,-3.052632e+01,1.774251e+02
32.56500,4.416276e+02,1.198027e+02,-3.136652e+01,1.800901e+02
32.56600,4.405173e+02,1.190886e+02,-3.249881e+01,1.767721e+02
32.56700,4.396507e+02,1.197076e+02,-3.337889e+01,1.746161e+02
32.56800,4.388256e+02,1.231643e+02,-3.425750e+01,1.749647e+02
32.56900,4.386705e+02,1.289247e+02,-3.450867e+01,1.773238e+02
32.57000,4.380387e+02,1.300948e+02,-3.517459e+01,1.754361e+02
32.57100,4.375689e+02,1.323349e+02,-3.570225e+01,1.744629e+02
32.57200,4.371721e+02,1.343355e+02,-3.616152e+01,1.732215e+02
32.57300,4.369731e+02,1.361705e+02,-3.643105e+01,1.717592e+02
32.57400,4.367563e+02,1.370211e+02,-3.669494e+01,1.693632e+02
32.57500,4.367622e+02,1.394729e+02,-3.675492e+01,1.683709e+02
32.57600,4.365213e+02,1.392209e+02,-3.704873e+01,1.649069e+02
32.57700,4.365901e+02,1.441835e+02,-3.703787e+01,1.661128e+02
32.57800,4.366553e+02,1.433653e+02,-3.703212e+01,1.620368e+02
32.57900,4.369777e+02,1.448621e+02,-3.677556e+01,1.600256e+02
32.58000,4.372543e+02,1.449743e+02,-3.654586e+01,1.567362e+02
32.58100,4.377793e+02,1.453227e+02,-3.606268e+01,1.536274e+02
32.58200,4.383522e+02,1.455869e+02,-3.554384e+01,1.504300e+02
32.58300,4.391041e+02,1.462338e+02,-3.485679e+01,1.475508e+02
32.58400,4.399074e+02,1.470848e+02,-3.410841e+01,1.448626e+02
32.58500,4.408219e+02,1.469221e+02,-3.325707e+01,1.412349e+02
32.58600,4.419070e+02,1.475476e+02,-3.225421e+01,1.383007e+02
32.58700,4.429989e+02,1.471747e+02,-3.123872e+01,1.344687e+02
32.58800,4.442617e+02,1.473389e+02,-3.006209e+01,1.311167e+02
32.58900,4.455462e+02,1.470446e+02,-2.885439e+01,1.273684e+02
32.59000,4.470189e+02,1.474749e+02,-2.747971e+01,1.242953e+02
32.59100,4.485168e+02,1.470151e+02,-2.608549e+01,1.204002e+02
32.59200,4.501378e+02,1.472663e+02,-2.459733e+01,1.171540e+02
32.59300,4.517773e+02,1.467683e+02,-2.308243e+01,1.132597e+02
32.59400,4.535513e+02,1.472553e+02,-2.145396e+01,1.103015e+02
32.59500,4.552824e+02,1.461931e+02,-1.987013e+01,1.059241e+02
32.59600,4.570241e+02,1.460680e+02,-1.829525e+01,1.024366e+02
32.59700,4.588461e+02,1.452428e+02,-1.665087e+01,9.834420e+01
32.59800,4.606793e+02,1.444745e+02,-1.499820e+01,9.434107e+01
32.59900,4.625327e+02,1.434772e+02,-1.333507e+01,9.016827e+01
32.60000,4.644238e+02,1.428874e+02,-1.165491e+01,8.641460e+01
32.60100,4.663039e+02,1.424975e+02,-9.997773e+00,8.289673e+01
32.60200,4.680194e+02,1.401384e+02,-8.492607e+00,7.760907e+01
32.60300,4.696798e+02,1.371863e+02,-7.039867e+00,7.182533e+01
32.60400,4.714075e+02,1.354194e+02,-5.536880e+00,6.722440e+01
32.60500,4.730615e+02,1.326151e+02,-4.102979e+00,6.167868e+01
32.60600,4.746575e+02,1.297849e+02,-2.735995e+00,5.622505e+01
32.60700,4.761933e+02,1.267540e+02,-1.415349e+00,5.066296e+01
32.60800,4.776697e+02,1.229863e+02,-1.628173e-01,4.446306e+01
32.60900,4.790679e+02,1.191370e+02,1.023279e+00,3.828905e+01
32.61000,4.803923e+02,1.149551e+02,2.150558e+00,3.190272e+01
32.61100,4.816281e+02,1.102453e+02,3.209763e+00,2.509615e+01
32.61200,4.827540e+02,1.051992e+02,4.159952e+00,1.809691e+01
32.61300,4.837711e+02,1.002107e+02,5.026265e+00,1.123424e+01
32.61400,4.847161e+02,9.479207e+01,5.832993e+00,4.066539e+00
32.61500,4.855852e+02,8.906820e+01,6.586504e+00,-3.252683e+00
32.61600,4.862869e+02,8.446813e+01,7.186947e+00,-9.446260e+00
32.61700,4.868596e+02,7.862747e+01,7.692507e+00,-1.669316e+01
32.61800,4.874020e+02,7.271453e+01,8.179580e+00,-2.387255e+01
32.61900,4.877693e+02,6.664439e+01,8.542787e+00,-3.107858e+01
32.62000,4.881023e+02,5.996517e+01,8.866153e+00,-3.876461e+01
32.62100,4.882362e+02,5.384905e+01,9.036507e+00,-4.577749e+01
32.62200,4.881758e+02,4.803450e+01,9.050913e+00,-5.241716e+01
32.62300,4.880871e+02,4.175623e+01,9.044520e+00,-5.936327e+01
32.62400,4.878462e+02,3.558993e+01,8.921513e+00,-6.606932e+01
32.62500,4.874316e+02,2.973751e+01,8.648993e+00,-7.236420e+01
32.62600,4.868545e+02,2.433219e+01,8.227267e+00,-7.813600e+01
32.62700,4.861577e+02,1.873993e+01,7.716580e+00,-8.394513e+01
32.62800,4.853454e+02,1.300375e+01,7.111487e+00,-8.977107e+01
32.62900,4.844305e+02,7.328440e+00,6.426206e+00,-9.542600e+01
32.63000,4.833288e+02,2.359993e+00,5.554555e+00,-1.002792e+02
32.63100,4.821251e+02,-2.843633e+00,4.614183e+00,-1.052561e+02
32.63200,4.809279e+02,-8.384220e+00,3.666001e+00,-1.103739e+02
32.63300,4.795521e+02,-1.316243e+01,2.553479e+00,-1.146827e+02
32.63400,4.780985e+02,-1.796021e+01,1.363406e+00,-1.188802e+02
32.63500,4.765505e+02,-2.245503e+01,8.758760e-02,-1.226658e+02
32.63600,4.749770e+02,-2.716539e+01,-1.223085e+00,-1.265475e+02
32.63700,4.734371e+02,-3.218043e+01,-2.488839e+00,-1.305821e+02
32.63800,4.717686e+02,-3.658297e+01,-3.891550e+00,-1.339203e+02
32.63900,4.700141e+02,-4.076384e+01,-5.405189e+00,-1.368988e+02
32.64000,4.682001e+02,-4.442931e+01,-6.989013e+00,-1.392839e+02
32.64100,4.666456e+02,-4.945670e+01,-8.333500e+00,-1.428654e+02
32.64200,4.648823e+02,-5.401255e+01,-9.890293e+00,-1.458573e+02
32.64300,4.632829e+02,-5.856981e+01,-1.131852e+01,-1.487365e+02
32.64400,4.617537e+02,-6.331366e+01,-1.269164e+01,-1.516659e+02
32.64500,4.602365e+02,-6.846753e+01,-1.408115e+01,-1.548514e+02
32.64600,4.585577e+02,-7.197227e+01,-1.562669e+01,-1.563413e+02
32.64700,4.567821e+02,-7.491327e+01,-1.728877e+01,-1.571909e+02
32.64800,4.553301e+02,-7.922093e+01,-1.864617e+01,-1.592259e+02
32.64900,4.539483e+02,-8.330333e+01,-1.996323e+01,-1.609552e+02
32.65000,4.525712e+02,-8.770333e+01,-2.130715e+01,-1.628842e+02
32.65100,4.514869e+02,-9.253633e+01,-2.238437e+01,-1.650868e+02
32.65200,4.500921e+02,-9.630560e+01,-2.376182e+01,-1.661993e+02
32.65300,4.488045e+02,-9.973767e+01,-2.503733e+01,-1.669189e+02
32.65400,4.479405e+02,-1.052685e+02,-2.593530e+01,-1.694335e+02
32.65500,4.466214e+02,-1.063610e+02,-2.725201e+01,-1.678477e+02
32.65600,4.458699e+02,-1.126249e+02,-2.808236e+01,-1.708705e+02
32.65700,4.446475e+02,-1.102596e+02,-2.931547e+01,-1.659317e+02
32.65800,4.439615e+02,-1.134235e+02,-3.008006e+01,-1.659672e+02
32.65900,4.431209e+02,-1.164796e+02,-3.098041e+01,-1.658421e+02
32.66000,4.429834e+02,-1.215670e+02,-3.123474e+01,-1.674794e+02
32.66100,4.422436e+02,-1.230968e+02,-3.203649e+01,-1.658033e+02
32.66200,4.418472e+02,-1.256333e+02,-3.252725e+01,-1.649690e+02
32.66300,4.414169e+02,-1.273013e+02,-3.303827e+01,-1.632966e+02
32.66400,4.412346e+02,-1.297437e+02,-3.330988e+01,-1.622706e+02
32.66500,4.411061e+02,-1.311857e+02,-3.353223e+01,-1.602710e+02
32.66600,4.411458e+02,-1.353067e+02,-3.359259e+01,-1.606688e+02
32.66700,4.409587e+02,-1.350982e+02,-3.383441e+01,-1.571165e+02
32.66800,4.410144e+02,-1.391839e+02,-3.386977e+01,-1.574182e+02
32.66900,4.412597e+02,-1.403786e+02,-3.370694e+01,-1.550232e+02
32.67000,4.413031e+02,-1.400687e+02,-3.372359e+01,-1.512535e+02
32.67100,4.417428e+02,-1.415212e+02,-3.336130e+01,-1.490630e+02
32.67200,4.423817e+02,-1.434127e+02,-3.280589e+01,-1.472394e+02
32.67300,4.429703e+02,-1.441063e+02,-3.228615e+01,-1.443123e+02
32.67400,4.436631e+02,-1.449520e+02,-3.166347e+01,-1.414997e+02
32.67500,4.444063e+02,-1.452713e+02,-3.097593e+01,-1.382249e+02
32.67600,4.453357e+02,-1.459026e+02,-3.011845e+01,-1.352064e+02
32.67700,4.463425e+02,-1.461220e+02,-2.919129e+01,-1.318338e+02
32.67800,4.474671e+02,-1.468753e+02,-2.813383e+01,-1.289339e+02
32.67900,4.486459e+02,-1.467282e+02,-2.702635e+01,-1.252387e+02
32.68000,4.499567e+02,-1.471389e+02,-2.580361e+01,-1.220437e+02
32.68100,4.513105e+02,-1.471421e+02,-2.452345e+01,-1.185004e+02
32.68200,4.527449e+02,-1.467807e+02,-2.316569e+01,-1.146652e+02
32.68300,4.541651e+02,-1.470880e+02,-2.184016e+01,-1.114589e+02
32.68400,4.556641e+02,-1.462623e+02,-2.043206e+01,-1.072237e+02
32.68500,4.572612e+02,-1.457113e+02,-1.892891e+01,-1.032977e+02
32.68600,4.588479e+02,-1.446833e+02,-1.743626e+01,-9.897133e+01
32.68700,4.604593e+02,-1.434025e+02,-1.592807e+01,-9.443127e+01
32.68800,4.622039e+02,-1.430158e+02,-1.430023e+01,-9.079360e+01
32.68900,4.637372e+02,-1.404644e+02,-1.286616e+01,-8.518433e+01
32.69000,4.654097e+02,-1.387499e+02,-1.131665e+01,-8.042367e+01
32.69100,4.670381e+02,-1.363357e+02,-9.807507e+00,-7.505260e+01
32.69200,4.686225e+02,-1.342813e+02,-8.346333e+00,-7.008160e+01
32.69300,4.701281e+02,-1.318039e+02,-6.956980e+00,-6.478557e+01
32.69400,4.716729e+02,-1.290963e+02,-5.536085e+00,-5.935302e+01
32.69500,4.731214e+02,-1.253138e+02,-4.208685e+00,-5.302136e+01
32.69600,4.744829e+02,-1.208952e+02,-2.959817e+00,-4.613739e+01
32.69700,4.758332e+02,-1.169117e+02,-1.732570e+00,-3.976116e+01
32.69800,4.771144e+02,-1.124394e+02,-5.687761e-01,-3.301337e+01
32.69900,4.783280e+02,-1.075075e+02,5.327894e-01,-2.591581e+01
32.70000,4.794863e+02,-1.028699e+02,1.580408e+00,-1.919786e+01
32.70100,4.805367e+02,-9.748753e+01,2.536149e+00,-1.186933e+01
32.70200,4.815089e+02,-9.165900e+01,3.430884e+00,-4.219893e+00
32.70300,4.823412e+02,-8.677320e+01,4.166029e+00,2.444370e+00
32.70400,4.831169e+02,-8.050893e+01,4.879662e+00,1.030894e+01
32.70500,4.837254e+02,-7.495327e+01,5.451295e+00,1.740189e+01
32.70600,4.842817e+02,-6.882433e+01,5.990956e+00,2.491367e+01
32.70700,4.847589e+02,-6.315147e+01,6.429431e+00,3.192981e+01
32.70800,4.851073e+02,-5.682620e+01,6.777040e+00,3.941832e+01
32.70900,4.853207e+02,-5.078165e+01,7.023747e+00,4.652475e+01
32.71000,4.854410e+02,-4.461726e+01,7.168687e+00,5.368123e+01
32.71100,4.854080e+02,-3.855029e+01,7.207073e+00,6.061321e+01
32.71200,4.852355e+02,-3.274135e+01,7.122453e+00,6.718020e+01
32.71300,4.849795e+02,-2.658307e+01,6.960987e+00,7.398133e+01
32.71400,4.845404e+02,-2.088335e+01,6.647220e+00,8.022307e+01
32.71500,4.839885e+02,-1.544231e+01,6.232673e+00,8.611093e+01
32.71600,4.833537e+02,-9.751753e+00,5.749767e+00,9.215127e+01
32.71700,4.825143e+02,-4.587983e+00,5.098804e+00,9.755100e+01
32.71800,4.815647e+02,5.232265e-01,4.352276e+00,1.028029e+02
32.71900,4.805354e+02,5.569985e+00,3.528889e+00,1.078755e+02
32.72000,4.793679e+02,1.034703e+01,2.579538e+00,1.125681e+02
32.72100,4.781834e+02,1.537751e+01,1.615010e+00,1.174191e+02
32.72200,4.767257e+02,1.954981e+01,4.143943e-01,1.213191e+02
32.72300,4.752248e+02,2.364233e+01,-8.410727e-01,1.250404e+02
32.72400,4.738164e+02,2.858768e+01,-2.016243e+00,1.294222e+02
32.72500,4.722062e+02,3.265217e+01,-3.376188e+00,1.328638e+02
32.72600,4.705806e+02,3.691197e+01,-4.747417e+00,1.363801e+02
32.72700,4.689726e+02,4.109660e+01,-6.108991e+00,1.397188e+02
32.72800,4.672174e+02,4.496192e+01,-7.622313e+00,1.425997e+02
32.72900,4.654839e+02,4.882317e+01,-9.127553e+00,1.454195e+02
32.73000,4.637241e+02,5.257601e+01,-1.066715e+01,1.479515e+02
32.73100,4.620483e+02,5.724287e+01,-1.214044e+01,1.512501e+02
32.73200,4.603586e+02,6.143595e+01,-1.363627e+01,1.539925e+02
32.73300,4.587428e+02,6.564449e+01,-1.507395e+01,1.566173e+02
32.73400,4.570634e+02,7.035747e+01,-1.658682e+01,1.596181e+02
32.73500,4.556349e+02,7.484367e+01,-1.786305e+01,1.622859e+02
32.73600,4.541374e+02,7.902487e+01,-1.923945e+01,1.645060e+02
32.73700,4.523805e+02,8.192460e+01,-2.088092e+01,1.653917e+02
32.73800,4.509300e+02,8.610087e+01,-2.223215e+01,1.674115e+02
32.73900,4.495215e+02,9.008987e+01,-2.356818e+01,1.691556e+02
32.74000,4.483747e+02,9.481267e+01,-2.466148e+01,1.714403e+02
32.74100,4.471615e+02,9.916793e+01,-2.584291e+01,1.733455e+02
32.74200,4.460485e+02,1.040599e+02,-2.694043e+01,1.755778e+02
32.74300,4.445159e+02,1.068157e+02,-2.844039e+01,1.757965e+02
32.74400,4.433992e+02,1.104085e+02,-2.954903e+01,1.766695e+02
32.74500,4.425111e+02,1.138156e+02,-3.045686e+01,1.772941e+02
32.74600,4.416795e+02,1.196277e+02,-3.131528e+01,1.800086e+02
32.74700,4.406147e+02,1.195111e+02,-3.240461e+01,1.772451e+02
32.74800,4.397132e+02,1.194646e+02,-3.331708e+01,1.744908e+02
32.74900,4.389469e+02,1.233941e+02,-3.414145e+01,1.752656e+02
32.75000,4.387229e+02,1.288893e+02,-3.445602e+01,1.773887e+02
32.75100,4.380901e+02,1.300857e+02,-3.512064e+01,1.755237e+02
32.75200,4.376145e+02,1.322621e+02,-3.565559e+01,1.745035e+02
32.75300,4.372056e+02,1.342370e+02,-3.612457e+01,1.732345e+02
32.75400,4.370201e+02,1.362068e+02,-3.638411e+01,1.718979e+02
32.75500,4.367569e+02,1.368303e+02,-3.669179e+01,1.693047e+02
32.75600,4.367970e+02,1.391625e+02,-3.671985e+01,1.681939e+02
32.75700,4.365532e+02,1.393181e+02,-3.701788e+01,1.651041e+02
32.75800,4.366031e+02,1.444631e+02,-3.702526e+01,1.664847e+02
32.75900,4.366771e+02,1.433929e+02,-3.700566e+01,1.621774e+02
32.76000,4.369805e+02,1.447968e+02,-3.676869e+01,1.600863e+02
32.76100,4.372711e+02,1.449428e+02,-3.653055e+01,1.568322e+02
32.76200,4.377659e+02,1.452399e+02,-3.607413e+01,1.536730e+02
32.76300,4.383531e+02,1.454845e+02,-3.554433e+01,1.504649e+02
32.76400,4.390979e+02,1.462893e+02,-3.486023e+01,1.477316e+02
32.76500,4.398849e+02,1.468812e+02,-3.412735e+01,1.448053e+02
32.76600,4.408027e+02,1.467210e+02,-3.327576e+01,1.411766e+02
32.76700,4.418723e+02,1.473845e+02,-3.228447e+01,1.382814e+02
32.76800,4.429731e+02,1.471328e+02,-3.126323e+01,1.345651e+02
32.76900,4.442203e+02,1.471913e+02,-3.009909e+01,1.311163e+02
32.77000,4.455061e+02,1.468929e+02,-2.889365e+01,1.273646e+02
32.77100,4.469760e+02,1.474173e+02,-2.751884e+01,1.243779e+02
32.77200,4.484731e+02,1.469476e+02,-2.612769e+01,1.204665e+02
32.77300,4.500851e+02,1.470922e+02,-2.464761e+01,1.171228e+02
32.77400,4.517265e+02,1.466758e+02,-2.312881e+01,1.133101e+02
32.77500,4.534964e+02,1.470367e+02,-2.150517e+01,1.102347e+02
32.77600,4.552199e+02,1.459504e+02,-1.992799e+01,1.058398e+02
32.77700,4.569650e+02,1.459773e+02,-1.834675e+01,1.024899e+02
32.77800,4.587859e+02,1.450863e+02,-1.670339e+01,9.833620e+01
32.77900,4.606200e+02,1.443720e+02,-1.505315e+01,9.438127e+01
32.78000,4.624689e+02,1.433495e+02,-1.339473e+01,9.017853e+01
32.78100,4.643636e+02,1.426966e+02,-1.170691e+01,8.636953e+01
32.78200,4.662373e+02,1.421883e+02,-1.005655e+01,8.274233e+01
32.78300,4.679492e+02,1.400813e+02,-8.553260e+00,7.768727e+01
32.78400,4.696181e+02,1.369319e+02,-7.093927e+00,7.171973e+01
32.78500,4.713569e+02,1.352337e+02,-5.579151e+00,6.718260e+01
32.78600,4.730123e+02,1.323937e+02,-4.142616e+00,6.159866e+01
32.78700,4.746107e+02,1.296768e+02,-2.775412e+00,5.624650e+01
32.78800,4.761501e+02,1.265401e+02,-1.452643e+00,5.058738e+01
32.78900,4.776273e+02,1.228535e+02,-1.954127e-01,4.446318e+01
32.79000,4.790329e+02,1.190032e+02,9.941873e-01,3.828031e+01
32.79100,4.803600e+02,1.148013e+02,2.124658e+00,3.187841e+01
32.79200,4.815968e+02,1.102149e+02,3.182565e+00,2.517660e+01
32.79300,4.827267e+02,1.050922e+02,4.137033e+00,1.810369e+01
32.79400,4.837523e+02,1.000600e+02,5.014131e+00,1.120685e+01
32.79500,4.847024e+02,9.468867e+01,5.823261e+00,4.075248e+00
32.79600,4.855651e+02,8.900007e+01,6.568685e+00,-3.214326e+00
32.79700,4.863553e+02,8.391387e+01,7.264460e+00,-9.860700e+00
32.79800,4.868867e+02,7.825487e+01,7.721380e+00,-1.694539e+01
32.79900,4.874129e+02,7.253967e+01,8.189540e+00,-2.394415e+01
32.80000,4.877901e+02,6.645771e+01,8.562107e+00,-3.116164e+01
32.80100,4.881179e+02,5.992101e+01,8.879147e+00,-3.872471e+01
32.80200,4.882750e+02,5.366520e+01,9.068533e+00,-4.586699e+01
32.80300,4.882145e+02,4.782978e+01,9.084653e+00,-5.252992e+01
32.80400,4.881358e+02,4.151439e+01,9.086760e+00,-5.951620e+01
32.80500,4.879213e+02,3.515520e+01,8.986633e+00,-6.639545e+01
32.80600,4.875012e+02,2.943569e+01,8.710827e+00,-7.258040e+01
32.80700,4.869385e+02,2.396689e+01,8.304153e+00,-7.841473e+01
32.80800,4.862412e+02,1.851280e+01,7.788933e+00,-8.409813e+01
32.80900,4.854297e+02,1.278914e+01,7.183013e+00,-8.991667e+01
32.81000,4.845229e+02,7.083800e+00,6.504205e+00,-9.560467e+01
32.81100,4.834286e+02,2.090919e+00,5.641928e+00,-1.004788e+02
32.81200,4.822321e+02,-3.114734e+00,4.707264e+00,-1.054655e+02
32.81300,4.810395e+02,-8.664473e+00,3.763571e+00,-1.105911e+02
32.81400,4.796788e+02,-1.350759e+01,2.665913e+00,-1.149732e+02
32.81500,4.782280e+02,-1.826305e+01,1.478009e+00,-1.191269e+02
32.81600,4.766825e+02,-2.275966e+01,2.043752e-01,-1.229214e+02
32.81700,4.751197e+02,-2.757376e+01,-1.089647e+00,-1.269034e+02
32.81800,4.735379e+02,-3.233820e+01,-2.406390e+00,-1.307061e+02
32.81900,4.718969e+02,-3.681769e+01,-3.779091e+00,-1.341225e+02
32.82000,4.701731e+02,-4.116802e+01,-5.259125e+00,-1.372637e+02
32.82100,4.683725e+02,-4.486031e+01,-6.831893e+00,-1.396826e+02
32.82200,4.667842e+02,-4.976499e+01,-8.207327e+00,-1.431446e+02
32.82300,4.650185e+02,-5.421862e+01,-9.766733e+00,-1.460461e+02
32.82400,4.634153e+02,-5.879166e+01,-1.119633e+01,-1.489519e+02
32.82500,4.618964e+02,-6.365572e+01,-1.255866e+01,-1.519893e+02
32.82600,4.603621e+02,-6.867940e+01,-1.396443e+01,-1.550591e+02
32.82700,4.586945e+02,-7.222007e+01,-1.550037e+01,-1.565891e+02
32.82800,4.569078e+02,-7.519920e+01,-1.716855e+01,-1.574750e+02
32.82900,4.554525e+02,-7.941860e+01,-1.852985e+01,-1.594355e+02
32.83000,4.540711e+02,-8.351673e+01,-1.984653e+01,-1.611868e+02
32.83100,4.527001e+02,-8.795220e+01,-2.118401e+01,-1.631518e+02
32.83200,4.516059e+02,-9.266093e+01,-2.226682e+01,-1.652409e+02
32.83300,4.502587e+02,-9.673727e+01,-2.359733e+01,-1.666416e+02
32.83400,4.489130e+02,-9.991053e+01,-2.493130e+01,-1.671275e+02
32.83500,4.480499e+02,-1.054923e+02,-2.582842e+01,-1.696925e+02
32.83600,4.467291e+02,-1.064636e+02,-2.714675e+01,-1.680025e+02
32.83700,4.459539e+02,-1.125592e+02,-2.799727e+01,-1.708689e+02
32.83800,4.447803e+02,-1.113119e+02,-2.919379e+01,-1.669588e+02
32.83900,4.440529e+02,-1.133146e+02,-2.998499e+01,-1.659323e+02
32.84000,4.432335e+02,-1.168147e+02,-3.087220e+01,-1.662171e+02
32.84100,4.430488e+02,-1.216531e+02,-3.116959e+01,-1.676283e+02
32.84200,4.423121e+02,-1.231819e+02,-3.196535e+01,-1.659600e+02
32.84300,4.419137e+02,-1.257135e+02,-3.246108e+01,-1.651225e+02
32.84400,4.414826e+02,-1.275339e+02,-3.297188e+01,-1.635927e+02
32.84500,4.412864e+02,-1.298738e+02,-3.326239e+01,-1.624727e+02
32.84600,4.411398e+02,-1.313743e+02,-3.349161e+01,-1.605338e+02
32.84700,4.411798e+02,-1.349300e+02,-3.355094e+01,-1.604145e+02
32.84800,4.410041e+02,-1.353102e+02,-3.378342e+01,-1.574001e+02
32.84900,4.410533e+02,-1.384805e+02,-3.383033e+01,-1.568664e+02
32.85000,4.412883e+02,-1.403212e+02,-3.367394e+01,-1.550733e+02
32.85100,4.413224e+02,-1.401345e+02,-3.370413e+01,-1.514076e+02
32.85200,4.417343e+02,-1.414995e+02,-3.336445e+01,-1.491427e+02
32.85300,4.423919e+02,-1.434633e+02,-3.279504e+01,-1.473841e+02
32.85400,4.429846e+02,-1.442115e+02,-3.227208e+01,-1.445109e+02
32.85500,4.436630e+02,-1.450295e+02,-3.165791e+01,-1.416736e+02
32.85600,4.443879e+02,-1.452359e+02,-3.099375e+01,-1.382960e+02
32.85700,4.453355e+02,-1.460277e+02,-3.012020e+01,-1.354220e+02
32.85800,4.463312e+02,-1.462475e+02,-2.920183e+01,-1.320459e+02
32.85900,4.474460e+02,-1.468251e+02,-2.815469e+01,-1.289963e+02
32.86000,4.486137e+02,-1.467425e+02,-2.705523e+01,-1.253523e+02
32.86100,4.499209e+02,-1.471245e+02,-2.583473e+01,-1.221365e+02
32.86200,4.512743e+02,-1.471438e+02,-2.455685e+01,-1.186043e+02
32.86300,4.527110e+02,-1.467996e+02,-2.319901e+01,-1.147889e+02
32.86400,4.541294e+02,-1.470366e+02,-2.187015e+01,-1.115167e+02
32.86500,4.556192e+02,-1.462641e+02,-2.047333e+01,-1.073306e+02
32.86600,4.572233e+02,-1.458190e+02,-1.896366e+01,-1.035029e+02
32.86700,4.588025e+02,-1.447416e+02,-1.747932e+01,-9.912300e+01
32.86800,4.604048e+02,-1.434423e+02,-1.597649e+01,-9.456780e+01
32.86900,4.621928e+02,-1.433088e+02,-1.431135e+01,-9.116333e+01
32.87000,4.636884e+02,-1.404146e+02,-1.291225e+01,-8.523900e+01
32.87100,4.653575e+02,-1.387521e+02,-1.136490e+01,-8.052093e+01
32.87200,4.669823e+02,-1.364701e+02,-9.858107e+00,-7.526960e+01
32.87300,4.685821e+02,-1.341625e+02,-8.382060e+00,-7.007120e+01
32.87400,4.701077e+02,-1.316153e+02,-6.974200e+00,-6.471813e+01
32.87500,4.716488e+02,-1.294420e+02,-5.561166e+00,-5.975960e+01
32.87600,4.730756e+02,-1.253343e+02,-4.248220e+00,-5.313303e+01
32.87700,4.744463e+02,-1.209487e+02,-2.992560e+00,-4.627528e+01
32.87800,4.757980e+02,-1.169711e+02,-1.764485e+00,-3.990186e+01
32.87900,4.770809e+02,-1.125209e+02,-5.976226e-01,-3.317823e+01
32.88000,4.782965e+02,-1.076069e+02,5.066975e-01,-2.609059e+01
32.88100,4.794601e+02,-1.028940e+02,1.558165e+00,-1.930105e+01
32.88200,4.805126e+02,-9.753680e+01,2.516615e+00,-1.199609e+01
32.88300,4.814925e+02,-9.158380e+01,3.418747e+00,-4.224361e+00
32.88400,4.823323e+02,-8.661327e+01,4.163325e+00,2.518809e+00
32.88500,4.831041e+02,-8.047293e+01,4.870925e+00,1.027373e+01
32.88600,4.837441e+02,-7.478480e+01,5.469904e+00,1.748573e+01
32.88700,4.842870e+02,-6.886253e+01,5.986967e+00,2.482179e+01
32.88800,4.847633e+02,-6.309395e+01,6.434520e+00,3.191840e+01
32.88900,4.851311e+02,-5.678065e+01,6.799087e+00,3.939778e+01
32.89000,4.853521e+02,-5.074785e+01,7.043147e+00,4.650849e+01
32.89100,4.854614e+02,-4.453105e+01,7.191240e+00,5.369999e+01
32.89200,4.854435e+02,-3.843096e+01,7.237367e+00,6.067125e+01
32.89300,4.852708e+02,-3.274807e+01,7.153053e+00,6.712833e+01
32.89400,4.850250e+02,-2.648713e+01,7.000933e+00,7.402580e+01
32.89500,4.845956e+02,-2.080917e+01,6.691300e+00,8.025193e+01
32.89600,4.840423e+02,-1.531203e+01,6.280451e+00,8.619387e+01
32.89700,4.834227e+02,-9.640420e+00,5.811424e+00,9.222500e+01
32.89800,4.825967e+02,-4.425888e+00,5.172937e+00,9.767100e+01
32.89900,4.816471e+02,6.290693e-01,4.423849e+00,1.028707e+02
32.90000,4.806249e+02,5.686968e+00,3.607257e+00,1.079621e+02
32.90100,4.794474e+02,1.042259e+01,2.645515e+00,1.126193e+02
32.90200,4.782698e+02,1.549215e+01,1.690589e+00,1.175119e+02
32.90300,4.768307e+02,1.971716e+01,5.026114e-01,1.214583e+02
32.90400,4.753423e+02,2.384138e+01,-7.363807e-01,1.252173e+02
32.90500,4.739253e+02,2.879405e+01,-1.915933e+00,1.296051e+02
32.90600,4.723203e+02,3.280300e+01,-3.276233e+00,1.329998e+02
32.90700,4.707095e+02,3.710746e+01,-4.631518e+00,1.365634e+02
32.90800,4.690724e+02,4.124826e+01,-6.016903e+00,1.398634e+02
32.90900,4.673293e+02,4.511662e+01,-7.520700e+00,1.427531e+02
32.91000,4.656102e+02,4.901699e+01,-9.014887e+00,1.456149e+02
32.91100,4.638419e+02,5.267997e+01,-1.056171e+01,1.480665e+02
32.91200,4.621683e+02,5.734186e+01,-1.203097e+01,1.513624e+02
32.91300,4.604803e+02,6.156770e+01,-1.352493e+01,1.541376e+02
32.91400,4.588601e+02,6.572598e+01,-1.496820e+01,1.567229e+02
32.91500,4.571704e+02,7.038720e+01,-1.648599e+01,1.596828e+02
32.91600,4.557392e+02,7.490587e+01,-1.776725e+01,1.623815e+02
32.91700,4.542624e+02,7.915640e+01,-1.912437e+01,1.646751e+02
32.91800,4.524834e+02,8.199173e+01,-2.078112e+01,1.655061e+02
32.91900,4.510487e+02,8.621133e+01,-2.212227e+01,1.675638e+02
32.92000,4.496236e+02,9.017927e+01,-2.346847e+01,1.692920e+02
32.92100,4.484681e+02,9.479287e+01,-2.457348e+01,1.714844e+02
32.92200,4.472614e+02,9.908853e+01,-2.574751e+01,1.733386e+02
32.92300,4.461408e+02,1.037835e+02,-2.684903e+01,1.753958e+02
32.92400,4.445963e+02,1.068466e+02,-2.836344e+01,1.758972e+02
32.92500,4.434667e+02,1.102862e+02,-2.948190e+01,1.766357e+02
32.92600,4.425898e+02,1.136580e+02,-3.037862e+01,1.772291e+02
32.92700,4.417325e+02,1.194396e+02,-3.126145e+01,1.799177e+02
32.92800,4.406814e+02,1.194927e+02,-3.233840e+01,1.773136e+02
32.92900,4.397682e+02,1.194181e+02,-3.326309e+01,1.745355e+02
32.93000,4.390203e+02,1.234279e+02,-3.406771e+01,1.753916e+02
32.93100,4.387706e+02,1.287574e+02,-3.440633e+01,1.773679e+02
32.93200,4.381379e+02,1.300131e+02,-3.507307e+01,1.755561e+02
32.93300,4.376735e+02,1.322719e+02,-3.559797e+01,1.746098e+02
32.93400,4.372441e+02,1.340981e+02,-3.608680e+01,1.732153e+02
32.93500,4.370517e+02,1.361150e+02,-3.635096e+01,1.719215e+02
32.93600,4.367929e+02,1.368951e+02,-3.665575e+01,1.694733e+02
32.93700,4.368227e+02,1.387056e+02,-3.669657e+01,1.678864e+02
32.93800,4.365675e+02,1.393087e+02,-3.700071e+01,1.652073e+02
32.93900,4.366163e+02,1.438037e+02,-3.701047e+01,1.659966e+02
32.94000,4.367090e+02,1.434891e+02,-3.697513e+01,1.623849e+02
32.94100,4.369903e+02,1.446607e+02,-3.675785e+01,1.600853e+02
32.94200,4.372925e+02,1.449515e+02,-3.651207e+01,1.569627e+02
32.94300,4.377355e+02,1.449714e+02,-3.610041e+01,1.535480e+02
32.94400,4.383421e+02,1.453297e+02,-3.555369e+01,1.504477e+02
32.94500,4.390895e+02,1.462769e+02,-3.487041e+01,1.478482e+02
32.94600,4.398728e+02,1.467591e+02,-3.413959e+01,1.448170e+02
32.94700,4.407835e+02,1.466649e+02,-3.329527e+01,1.412535e+02
32.94800,4.418341e+02,1.471268e+02,-3.231982e+01,1.381791e+02
32.94900,4.429384e+02,1.469792e+02,-3.129616e+01,1.345551e+02
32.95000,4.441941e+02,1.471795e+02,-3.012502e+01,1.312389e+02
32.95100,4.454655e+02,1.468202e+02,-2.893062e+01,1.274335e+02
32.95200,4.469357e+02,1.473013e+02,-2.755707e+01,1.244048e+02
32.95300,4.484291e+02,1.468462e+02,-2.617137e+01,1.205041e+02
32.95400,4.500352e+02,1.469340e+02,-2.469513e+01,1.171030e+02
32.95500,4.516773e+02,1.465079e+02,-2.317395e+01,1.132965e+02
32.95600,4.534287e+02,1.467998e+02,-2.156557e+01,1.101474e+02
32.95700,4.551503e+02,1.459148e+02,-1.998843e+01,1.059311e+02
32.95800,4.569097e+02,1.458609e+02,-1.839647e+01,1.025145e+02
32.95900,4.587299e+02,1.449007e+02,-1.675566e+01,9.829400e+01
32.96000,4.605606e+02,1.442307e+02,-1.510569e+01,9.438520e+01
32.96100,4.624024e+02,1.432998e+02,-1.345461e+01,9.026080e+01
32.96200,4.642971e+02,1.425186e+02,-1.176751e+01,8.633600e+01
32.96300,4.661935e+02,1.417879e+02,-1.008753e+01,8.250147e+01
32.96400,4.679185e+02,1.400499e+02,-8.578467e+00,7.778687e+01
32.96500,4.695638e+02,1.368095e+02,-7.141887e+00,7.173273e+01
32.96600,4.713035e+02,1.349859e+02,-5.621795e+00,6.708047e+01
32.96700,4.729647e+02,1.322653e+02,-4.183919e+00,6.160431e+01
32.96800,4.745651e+02,1.295377e+02,-2.813747e+00,5.623904e+01
32.96900,4.761091e+02,1.263932e+02,-1.487985e+00,5.056836e+01
32.97000,4.775854e+02,1.227284e+02,-2.268897e-01,4.446311e+01
32.97100,4.789993e+02,1.188648e+02,9.653327e-01,3.826849e+01
32.97200,4.803243e+02,1.146818e+02,2.093799e+00,3.188424e+01
32.97300,4.815667e+02,1.101199e+02,3.155479e+00,2.519935e+01
32.97400,4.827027e+02,1.049107e+02,4.121402e+00,1.804265e+01
32.97500,4.837401e+02,9.993460e+01,5.003383e+00,1.119881e+01
32.97600,4.846913e+02,9.458333e+01,5.815402e+00,4.079715e+00
32.97700,4.855479e+02,8.893893e+01,6.550800e+00,-3.174065e+00
32.97800,4.864106e+02,8.346887e+01,7.324493e+00,-1.017464e+01
32.97900,4.868987e+02,7.791373e+01,7.735180e+00,-1.716473e+01
32.98000,4.874203e+02,7.234573e+01,8.198247e+00,-2.403307e+01
32.98100,4.878177e+02,6.627882e+01,8.583347e+00,-3.123985e+01
32.98200,4.881482e+02,5.966185e+01,8.905980e+00,-3.888181e+01
32.98300,4.883125e+02,5.351267e+01,9.100680e+00,-4.592917e+01
32.98400,4.882493e+02,4.767317e+01,9.115820e+00,-5.259494e+01
32.98500,4.881807e+02,4.133767e+01,9.126033e+00,-5.960641e+01
32.98600,4.879937e+02,3.476209e+01,9.050853e+00,-6.668400e+01
32.98700,4.875712e+02,2.913806e+01,8.772747e+00,-7.279187e+01
32.98800,4.870171e+02,2.368827e+01,8.374840e+00,-7.861427e+01
32.98900,4.863277e+02,1.825827e+01,7.864580e+00,-8.427480e+01
32.99000,4.855161e+02,1.255153e+01,7.256847e+00,-9.008260e+01
32.99100,4.846105e+02,6.858627e+00,6.575477e+00,-9.576347e+01
32.99200,4.835315e+02,1.797212e+00,5.732092e+00,-1.007036e+02
32.99300,4.823563e+02,-3.442357e+00,4.821275e+00,-1.057273e+02
32.99400,4.811514e+02,-8.939520e+00,3.860765e+00,-1.108053e+02
32.99500,4.798031e+02,-1.382009e+01,2.774327e+00,-1.152277e+02
32.99600,4.783624e+02,-1.861874e+01,1.598007e+00,-1.194261e+02
32.99700,4.768177e+02,-2.303277e+01,3.229179e-01,-1.231515e+02
32.99800,4.752617e+02,-2.795584e+01,-9.601300e-01,-1.272319e+02
32.99900,4.736646e+02,-3.263398e+01,-2.295942e+00,-1.309592e+02
33.00000,4.720207e+02,-3.704665e+01,-3.672805e+00,-1.343194e+02
