# ale_1x_dt0.001_replay_movingWallPressure: forces per unit depth (N/m) on cylinder+flag (total) and flag (plate), last 2 s at 1 ms; coupled FSI3 2x trajectory replayed with movingWallPressure on the plate
time,total_drag,total_lift,plate_drag,plate_lift
31.00000,4.934652e+02,-8.065580e+01,1.279357e+01,-1.669048e+02
31.00100,4.926797e+02,-8.347827e+01,1.224275e+01,-1.696236e+02
31.00200,4.917776e+02,-8.717620e+01,1.166078e+01,-1.731057e+02
31.00300,4.905745e+02,-8.832080e+01,1.069409e+01,-1.740501e+02
31.00400,4.891806e+02,-8.917807e+01,9.541233e+00,-1.746175e+02
31.00500,4.876565e+02,-8.970893e+01,8.286967e+00,-1.746959e+02
31.00600,4.862333e+02,-9.079507e+01,7.131387e+00,-1.753011e+02
31.00700,4.845879e+02,-9.039020e+01,5.742466e+00,-1.744187e+02
31.00800,4.833006e+02,-9.305000e+01,4.665579e+00,-1.761303e+02
31.00900,4.823589e+02,-9.713333e+01,3.950101e+00,-1.793295e+02
31.01000,4.810202e+02,-9.914713e+01,2.874939e+00,-1.803890e+02
31.01100,4.787863e+02,-9.668980e+01,9.232887e-01,-1.769903e+02
31.01200,4.766294e+02,-9.550093e+01,-1.019842e+00,-1.745534e+02
31.01300,4.747645e+02,-9.552060e+01,-2.687435e+00,-1.732401e+02
31.01400,4.729087e+02,-9.598187e+01,-4.363681e+00,-1.722765e+02
31.01500,4.711397e+02,-9.607627e+01,-5.968177e+00,-1.709389e+02
31.01600,4.693961e+02,-9.703087e+01,-7.534820e+00,-1.702656e+02
31.01700,4.675730e+02,-9.755867e+01,-9.189733e+00,-1.690983e+02
31.01800,4.658285e+02,-9.856307e+01,-1.082399e+01,-1.682893e+02
31.01900,4.641901e+02,-9.892493e+01,-1.239099e+01,-1.668307e+02
31.02000,4.625763e+02,-9.950393e+01,-1.390505e+01,-1.654845e+02
31.02100,4.612549e+02,-1.022779e+02,-1.519999e+01,-1.656160e+02
31.02200,4.600255e+02,-1.033359e+02,-1.645479e+01,-1.645140e+02
31.02300,4.585442e+02,-1.037781e+02,-1.798961e+01,-1.626140e+02
31.02400,4.570603e+02,-1.050795e+02,-1.943000e+01,-1.614859e+02
31.02500,4.557832e+02,-1.056593e+02,-2.069581e+01,-1.595410e+02
31.02600,4.541749e+02,-1.054944e+02,-2.228669e+01,-1.568861e+02
31.02700,4.531942e+02,-1.074811e+02,-2.330930e+01,-1.561171e+02
31.02800,4.524470e+02,-1.104249e+02,-2.416788e+01,-1.561055e+02
31.02900,4.519708e+02,-1.149725e+02,-2.473501e+01,-1.575337e+02
31.03000,4.497055e+02,-1.060149e+02,-2.699796e+01,-1.465505e+02
31.03100,4.484112e+02,-1.033261e+02,-2.827245e+01,-1.413001e+02
31.03200,4.461313e+02,-9.407840e+01,-3.048780e+01,-1.300775e+02
31.03300,4.456945e+02,-9.517973e+01,-3.106319e+01,-1.280745e+02
31.03400,4.453709e+02,-9.758207e+01,-3.142729e+01,-1.272452e+02
31.03500,4.449254e+02,-9.933367e+01,-3.197236e+01,-1.258231e+02
31.03600,4.446672e+02,-9.998760e+01,-3.236171e+01,-1.233644e+02
31.03700,4.443931e+02,-9.898247e+01,-3.271133e+01,-1.192887e+02
31.03800,4.442644e+02,-9.813167e+01,-3.291635e+01,-1.153237e+02
31.03900,4.443723e+02,-9.803413e+01,-3.291221e+01,-1.120320e+02
31.04000,4.448374e+02,-9.953433e+01,-3.251661e+01,-1.101158e+02
31.04100,4.443832e+02,-9.149193e+01,-3.298011e+01,-9.956813e+01
31.04200,4.444603e+02,-8.862793e+01,-3.297257e+01,-9.372240e+01
31.04300,4.450479e+02,-9.402620e+01,-3.247001e+01,-9.534973e+01
31.04400,4.456109e+02,-9.364793e+01,-3.197730e+01,-9.160447e+01
31.04500,4.459630e+02,-9.012560e+01,-3.167064e+01,-8.508520e+01
31.04600,4.467527e+02,-9.170947e+01,-3.094231e+01,-8.320093e+01
31.04700,4.474014e+02,-9.191007e+01,-3.035844e+01,-8.010173e+01
31.04800,4.486481e+02,-8.993953e+01,-2.921108e+01,-7.498707e+01
31.04900,4.498121e+02,-8.961180e+01,-2.814261e+01,-7.140100e+01
31.05000,4.509841e+02,-8.831800e+01,-2.704258e+01,-6.687920e+01
31.05100,4.520012e+02,-8.550607e+01,-2.606663e+01,-6.105583e+01
31.05200,4.533403e+02,-8.356293e+01,-2.480139e+01,-5.599165e+01
31.05300,4.547736e+02,-8.229733e+01,-2.344175e+01,-5.162449e+01
31.05400,4.562184e+02,-7.952840e+01,-2.208503e+01,-4.586965e+01
31.05500,4.576450e+02,-7.558340e+01,-2.074951e+01,-3.910125e+01
31.05600,4.593007e+02,-7.360340e+01,-1.920341e+01,-3.417459e+01
31.05700,4.610351e+02,-7.224180e+01,-1.755423e+01,-2.986171e+01
31.05800,4.626924e+02,-6.875940e+01,-1.601720e+01,-2.368062e+01
31.05900,4.644096e+02,-6.581229e+01,-1.440922e+01,-1.799494e+01
31.06000,4.661246e+02,-6.246363e+01,-1.279042e+01,-1.198764e+01
31.06100,4.678363e+02,-5.806801e+01,-1.119062e+01,-4.989497e+00
31.06200,4.695483e+02,-5.386766e+01,-9.612907e+00,1.599429e+00
31.06300,4.712455e+02,-5.009811e+01,-8.056613e+00,7.851913e+00
31.06400,4.729229e+02,-4.621355e+01,-6.473829e+00,1.411625e+01
31.06500,4.745991e+02,-4.105407e+01,-4.951681e+00,2.152943e+01
31.06600,4.763105e+02,-3.543900e+01,-3.386902e+00,2.909153e+01
31.06700,4.777654e+02,-2.922147e+01,-2.031369e+00,3.722177e+01
31.06800,4.793116e+02,-2.352631e+01,-6.305967e-01,4.488609e+01
31.06900,4.808353e+02,-1.639925e+01,7.566560e-01,5.373759e+01
31.07000,4.823271e+02,-9.826880e+00,2.126905e+00,6.202921e+01
31.07100,4.836910e+02,-2.558579e+00,3.382489e+00,7.082533e+01
31.07200,4.849261e+02,6.150517e+00,4.511885e+00,8.087113e+01
31.07300,4.862178e+02,1.191507e+01,5.692146e+00,8.800633e+01
31.07400,4.874853e+02,1.781961e+01,6.836113e+00,9.521773e+01
31.07500,4.885928e+02,2.502051e+01,7.869800e+00,1.036453e+02
31.07600,4.896703e+02,3.283927e+01,8.861493e+00,1.125633e+02
31.07700,4.906584e+02,3.979093e+01,9.780880e+00,1.205054e+02
31.07800,4.915653e+02,4.753221e+01,1.062699e+01,1.289357e+02
31.07900,4.919709e+02,5.079479e+01,1.101227e+01,1.333239e+02
31.08000,4.924947e+02,5.689451e+01,1.155883e+01,1.401267e+02
31.08100,4.930087e+02,6.434306e+01,1.209261e+01,1.481645e+02
31.08200,4.933131e+02,6.922560e+01,1.239109e+01,1.537219e+02
31.08300,4.934144e+02,7.395487e+01,1.253925e+01,1.590050e+02
31.08400,4.935221e+02,8.001020e+01,1.273071e+01,1.655189e+02
31.08500,4.934555e+02,8.470673e+01,1.275504e+01,1.705345e+02
31.08600,4.931477e+02,8.784047e+01,1.256062e+01,1.738956e+02
31.08700,4.927743e+02,9.131053e+01,1.234469e+01,1.775779e+02
31.08800,4.923097e+02,9.483273e+01,1.200361e+01,1.812071e+02
31.08900,4.913593e+02,9.549847e+01,1.119944e+01,1.819926e+02
31.09000,4.905233e+02,9.692580e+01,1.053508e+01,1.834338e+02
31.09100,4.896255e+02,9.976653e+01,9.886447e+00,1.860963e+02
31.09200,4.886921e+02,1.029904e+02,9.191267e+00,1.891307e+02
31.09300,4.876107e+02,1.046750e+02,8.314233e+00,1.906667e+02
31.09400,4.861679e+02,1.053129e+02,7.135740e+00,1.910982e+02
31.09500,4.850643e+02,1.075808e+02,6.216343e+00,1.927890e+02
31.09600,4.834108e+02,1.072731e+02,4.808439e+00,1.920410e+02
31.09700,4.819213e+02,1.081389e+02,3.559116e+00,1.923805e+02
31.09800,4.805472e+02,1.090730e+02,2.417541e+00,1.926780e+02
31.09900,4.796843e+02,1.130137e+02,1.785063e+00,1.958901e+02
31.10000,4.778741e+02,1.122944e+02,1.618824e-01,1.942810e+02
31.10100,4.758095e+02,1.103157e+02,-1.724219e+00,1.913778e+02
31.10200,4.738065e+02,1.101711e+02,-3.521053e+00,1.899703e+02
31.10300,4.721015e+02,1.102008e+02,-5.050625e+00,1.888150e+02
31.10400,4.702113e+02,1.098807e+02,-6.761640e+00,1.872193e+02
31.10500,4.686421e+02,1.114806e+02,-8.176420e+00,1.872829e+02
31.10600,4.667810e+02,1.111216e+02,-9.908353e+00,1.854894e+02
31.10700,4.651503e+02,1.124247e+02,-1.138551e+01,1.851258e+02
31.10800,4.639636e+02,1.146654e+02,-1.251687e+01,1.854613e+02
31.10900,4.624582e+02,1.167109e+02,-1.390751e+01,1.854989e+02
31.11000,4.609013e+02,1.172409e+02,-1.540475e+01,1.841553e+02
31.11100,4.594768e+02,1.177727e+02,-1.678623e+01,1.826667e+02
31.11200,4.579039e+02,1.186634e+02,-1.833420e+01,1.813186e+02
31.11300,4.565407e+02,1.197605e+02,-1.971691e+01,1.801028e+02
31.11400,4.552866e+02,1.211106e+02,-2.096362e+01,1.791204e+02
31.11500,4.542836e+02,1.235663e+02,-2.196759e+01,1.789800e+02
31.11600,4.523711e+02,1.213193e+02,-2.376385e+01,1.745474e+02
31.11700,4.514761e+02,1.229869e+02,-2.468319e+01,1.735472e+02
31.11800,4.507401e+02,1.257109e+02,-2.550565e+01,1.734181e+02
31.11900,4.502828e+02,1.317283e+02,-2.611367e+01,1.763123e+02
31.12000,4.483313e+02,1.242236e+02,-2.793113e+01,1.667585e+02
31.12100,4.469202e+02,1.196093e+02,-2.936960e+01,1.598301e+02
31.12200,4.447107e+02,1.099734e+02,-3.149487e+01,1.484043e+02
31.12300,4.443255e+02,1.117075e+02,-3.193478e+01,1.471218e+02
31.12400,4.438539e+02,1.124791e+02,-3.247294e+01,1.449029e+02
31.12500,4.433924e+02,1.136963e+02,-3.302645e+01,1.431428e+02
31.12600,4.430626e+02,1.141974e+02,-3.337991e+01,1.405779e+02
31.12700,4.424639e+02,1.115963e+02,-3.398138e+01,1.352156e+02
31.12800,4.423005e+02,1.102919e+02,-3.421349e+01,1.309699e+02
31.12900,4.426807e+02,1.115462e+02,-3.393012e+01,1.289663e+02
31.13000,4.420894e+02,1.028013e+02,-3.452696e+01,1.179386e+02
31.13100,4.418888e+02,1.006923e+02,-3.473224e+01,1.129401e+02
31.13200,4.420381e+02,1.036187e+02,-3.461041e+01,1.124295e+02
31.13300,4.425398e+02,1.033334e+02,-3.419971e+01,1.089760e+02
31.13400,4.425929e+02,9.975920e+01,-3.412604e+01,1.025405e+02
31.13500,4.430418e+02,1.015410e+02,-3.372605e+01,1.008864e+02
31.13600,4.436990e+02,9.668600e+01,-3.313019e+01,9.325367e+01
31.13700,4.442775e+02,9.375133e+01,-3.258506e+01,8.738793e+01
31.13800,4.454982e+02,9.337927e+01,-3.146770e+01,8.383107e+01
31.13900,4.468003e+02,9.443313e+01,-3.026389e+01,8.160033e+01
31.14000,4.477916e+02,9.168533e+01,-2.933567e+01,7.578527e+01
31.14100,4.489879e+02,9.059533e+01,-2.819315e+01,7.160527e+01
31.14200,4.501417e+02,8.654447e+01,-2.710719e+01,6.464789e+01
31.14300,4.515785e+02,8.506340e+01,-2.578045e+01,6.011410e+01
31.14400,4.529433e+02,8.198547e+01,-2.450829e+01,5.421925e+01
31.14500,4.544775e+02,7.955807e+01,-2.309218e+01,4.884263e+01
31.14600,4.562076e+02,7.813260e+01,-2.149769e+01,4.443748e+01
31.14700,4.578073e+02,7.439400e+01,-2.003139e+01,3.794145e+01
31.14800,4.595907e+02,7.228007e+01,-1.840145e+01,3.295031e+01
31.14900,4.613965e+02,7.024353e+01,-1.675501e+01,2.804339e+01
31.15000,4.633023e+02,6.786893e+01,-1.502930e+01,2.292795e+01
31.15100,4.651579e+02,6.405155e+01,-1.334957e+01,1.651443e+01
31.15200,4.670699e+02,6.063098e+01,-1.163333e+01,1.046910e+01
31.15300,4.690023e+02,5.872187e+01,-9.950147e+00,5.842410e+00
31.15400,4.708215e+02,5.448363e+01,-8.324280e+00,-7.850233e-01
31.15500,4.726543e+02,5.036675e+01,-6.711500e+00,-7.308853e+00
31.15600,4.744775e+02,4.622482e+01,-5.088373e+00,-1.382419e+01
31.15700,4.762520e+02,4.154918e+01,-3.526990e+00,-2.062663e+01
31.15800,4.779923e+02,3.687656e+01,-1.997053e+00,-2.739152e+01
31.15900,4.798101e+02,3.182140e+01,-4.316750e-01,-3.444928e+01
31.16000,4.815517e+02,2.736332e+01,1.081787e+00,-4.098115e+01
31.16100,4.832028e+02,2.111531e+01,2.544067e+00,-4.900106e+01
31.16200,4.847723e+02,1.609755e+01,3.911166e+00,-5.586377e+01
31.16300,4.863251e+02,1.047927e+01,5.276209e+00,-6.309037e+01
31.16400,4.877662e+02,2.419631e+00,6.538057e+00,-7.241973e+01
31.16500,4.891355e+02,-4.474027e+00,7.746413e+00,-8.068000e+01
31.16600,4.902396e+02,-9.084167e+00,8.712787e+00,-8.685920e+01
31.16700,4.914109e+02,-1.555287e+01,9.762600e+00,-9.455920e+01
31.16800,4.924283e+02,-2.431567e+01,1.071697e+01,-1.042499e+02
31.16900,4.933407e+02,-2.946305e+01,1.153899e+01,-1.104153e+02
31.17000,4.941731e+02,-3.473043e+01,1.227675e+01,-1.166366e+02
31.17100,4.948723e+02,-4.008385e+01,1.294097e+01,-1.229027e+02
31.17200,4.954988e+02,-4.685443e+01,1.356005e+01,-1.303665e+02
31.17300,4.959126e+02,-5.218269e+01,1.400909e+01,-1.364095e+02
31.17400,4.961654e+02,-5.749318e+01,1.427194e+01,-1.422515e+02
31.17500,4.963812e+02,-6.393465e+01,1.468370e+01,-1.489965e+02
31.17600,4.962917e+02,-6.690753e+01,1.469864e+01,-1.525375e+02
31.17700,4.961295e+02,-7.093160e+01,1.465773e+01,-1.569005e+02
31.17800,4.958799e+02,-7.614033e+01,1.460459e+01,-1.621220e+02
31.17900,4.953647e+02,-7.820133e+01,1.425381e+01,-1.645077e+02
31.18000,4.946030e+02,-7.983107e+01,1.367151e+01,-1.661339e+02
31.18100,4.935406e+02,-8.086093e+01,1.286671e+01,-1.670629e+02
31.18200,4.927374e+02,-8.337127e+01,1.226519e+01,-1.694985e+02
31.18300,4.919249e+02,-8.756680e+01,1.181081e+01,-1.734403e+02
31.18400,4.906985e+02,-8.853560e+01,1.079817e+01,-1.742269e+02
31.18500,4.893241e+02,-8.966173e+01,9.684193e+00,-1.750521e+02
31.18600,4.878003e+02,-9.012233e+01,8.415793e+00,-1.750635e+02
31.18700,4.863527e+02,-9.106887e+01,7.235867e+00,-1.755409e+02
31.18800,4.846927e+02,-9.049580e+01,5.838633e+00,-1.745174e+02
31.18900,4.833927e+02,-9.310640e+01,4.750793e+00,-1.761789e+02
31.19000,4.824749e+02,-9.726340e+01,4.061972e+00,-1.794586e+02
31.19100,4.811398e+02,-9.949820e+01,2.969827e+00,-1.807103e+02
31.19200,4.789589e+02,-9.728087e+01,1.082514e+00,-1.775587e+02
31.19300,4.767787e+02,-9.588440e+01,-8.757413e-01,-1.749169e+02
31.19400,4.749016e+02,-9.572407e+01,-2.562810e+00,-1.734494e+02
31.19500,4.730745e+02,-9.633100e+01,-4.215958e+00,-1.726243e+02
31.19600,4.712413e+02,-9.627820e+01,-5.855432e+00,-1.711420e+02
31.19700,4.695319e+02,-9.737507e+01,-7.413553e+00,-1.706149e+02
31.19800,4.677038e+02,-9.781747e+01,-9.055680e+00,-1.693706e+02
31.19900,4.660073e+02,-9.873407e+01,-1.066299e+01,-1.685080e+02
31.20000,4.643029e+02,-9.924053e+01,-1.226981e+01,-1.671400e+02
31.20100,4.626287e+02,-9.942780e+01,-1.385970e+01,-1.654724e+02
31.20200,4.613791e+02,-1.025175e+02,-1.508202e+01,-1.658815e+02
31.20300,4.601509e+02,-1.031751e+02,-1.634111e+01,-1.644483e+02
31.20400,4.586448e+02,-1.041687e+02,-1.789565e+01,-1.630143e+02
31.20500,4.571304e+02,-1.051155e+02,-1.934236e+01,-1.615617e+02
31.20600,4.558760e+02,-1.059722e+02,-2.059389e+01,-1.598877e+02
31.20700,4.543175e+02,-1.059766e+02,-2.214541e+01,-1.573850e+02
31.20800,4.533153e+02,-1.077136e+02,-2.319460e+01,-1.563996e+02
31.20900,4.525307e+02,-1.104128e+02,-2.409727e+01,-1.561703e+02
31.21000,4.520497e+02,-1.150235e+02,-2.465433e+01,-1.576485e+02
31.21100,4.498803e+02,-1.069719e+02,-2.682521e+01,-1.474819e+02
31.21200,4.485239e+02,-1.036499e+02,-2.816175e+01,-1.416717e+02
31.21300,4.462949e+02,-9.454167e+01,-3.033847e+01,-1.305801e+02
31.21400,4.456846e+02,-9.499140e+01,-3.105159e+01,-1.279949e+02
31.21500,4.454395e+02,-9.776227e+01,-3.135309e+01,-1.274705e+02
31.21600,4.450336e+02,-9.959947e+01,-3.187477e+01,-1.261537e+02
31.21700,4.447139e+02,-1.000123e+02,-3.232301e+01,-1.234669e+02
31.21800,4.444895e+02,-9.944627e+01,-3.260131e+01,-1.197980e+02
31.21900,4.443242e+02,-9.825967e+01,-3.285543e+01,-1.155349e+02
31.22000,4.444251e+02,-9.840913e+01,-3.286269e+01,-1.124505e+02
31.22100,4.448485e+02,-9.989613e+01,-3.248735e+01,-1.105393e+02
31.22200,4.444574e+02,-9.230707e+01,-3.290956e+01,-1.003868e+02
31.22300,4.445147e+02,-8.829653e+01,-3.291848e+01,-9.349327e+01
31.22400,4.450431e+02,-9.385260e+01,-3.247185e+01,-9.528140e+01
31.22500,4.456779e+02,-9.384727e+01,-3.192111e+01,-9.189667e+01
31.22600,4.459807e+02,-9.025507e+01,-3.165296e+01,-8.529107e+01
31.22700,4.467842e+02,-9.057620e+01,-3.091300e+01,-8.226207e+01
31.22800,4.474881e+02,-9.378173e+01,-3.027187e+01,-8.189460e+01
31.22900,4.487479e+02,-9.028860e+01,-2.911984e+01,-7.539733e+01
31.23000,4.498079e+02,-8.963420e+01,-2.814495e+01,-7.151167e+01
31.23100,4.509620e+02,-8.857013e+01,-2.705490e+01,-6.717860e+01
31.23200,4.520685e+02,-8.594873e+01,-2.600997e+01,-6.154999e+01
31.23300,4.533299e+02,-8.383793e+01,-2.481351e+01,-5.631023e+01
31.23400,4.547667e+02,-8.238567e+01,-2.344877e+01,-5.179105e+01
31.23500,4.562131e+02,-7.978413e+01,-2.208993e+01,-4.618102e+01
31.23600,4.576221e+02,-7.559053e+01,-2.077137e+01,-3.918351e+01
31.23700,4.592769e+02,-7.387180e+01,-1.922266e+01,-3.450906e+01
31.23800,4.609896e+02,-7.232573e+01,-1.759316e+01,-3.002016e+01
31.23900,4.626503e+02,-6.877587e+01,-1.605255e+01,-2.376541e+01
31.24000,4.643997e+02,-6.579212e+01,-1.442267e+01,-1.808426e+01
31.24100,4.660945e+02,-6.262249e+01,-1.282015e+01,-1.218989e+01
31.24200,4.677791e+02,-5.775639e+01,-1.123875e+01,-4.777577e+00
31.24300,4.695333e+02,-5.431838e+01,-9.633547e+00,1.111617e+00
31.24400,4.712223e+02,-5.056721e+01,-8.078953e+00,7.369727e+00
31.24500,4.729001e+02,-4.631747e+01,-6.496713e+00,1.394574e+01
31.24600,4.745549e+02,-4.135095e+01,-4.989789e+00,2.118764e+01
31.24700,4.762830e+02,-3.593513e+01,-3.413559e+00,2.858115e+01
31.24800,4.778161e+02,-3.040485e+01,-1.989472e+00,3.607513e+01
31.24900,4.792889e+02,-2.358219e+01,-6.476739e-01,4.476228e+01
31.25000,4.807984e+02,-1.658247e+01,7.236533e-01,5.354021e+01
31.25100,4.823161e+02,-1.015804e+01,2.117442e+00,6.167087e+01
31.25200,4.837279e+02,-3.823379e+00,3.412084e+00,6.961480e+01
31.25300,4.849266e+02,5.873775e+00,4.517812e+00,8.056220e+01
31.25400,4.862228e+02,1.187533e+01,5.687895e+00,8.793167e+01
31.25500,4.874540e+02,1.751633e+01,6.814807e+00,9.490647e+01
31.25600,4.885811e+02,2.486761e+01,7.860047e+00,1.034671e+02
31.25700,4.896491e+02,3.200505e+01,8.841100e+00,1.117813e+02
31.25800,4.906689e+02,3.969993e+01,9.791107e+00,1.203971e+02
31.25900,4.915835e+02,4.750125e+01,1.064608e+01,1.288839e+02
31.26000,4.919756e+02,5.073128e+01,1.102567e+01,1.332366e+02
31.26100,4.925337e+02,5.671587e+01,1.156599e+01,1.399493e+02
31.26200,4.930327e+02,6.431897e+01,1.211809e+01,1.481221e+02
31.26300,4.933349e+02,6.935800e+01,1.242207e+01,1.538382e+02
31.26400,4.934570e+02,7.336780e+01,1.257677e+01,1.584697e+02
31.26500,4.935728e+02,8.009733e+01,1.277352e+01,1.655874e+02
31.26600,4.934886e+02,8.447553e+01,1.278178e+01,1.703363e+02
31.26700,4.931889e+02,8.772593e+01,1.258818e+01,1.737905e+02
31.26800,4.927955e+02,9.105520e+01,1.234780e+01,1.773314e+02
31.26900,4.924111e+02,9.504713e+01,1.210582e+01,1.814153e+02
31.27000,4.914820e+02,9.574393e+01,1.132212e+01,1.822283e+02
31.27100,4.906720e+02,9.737227e+01,1.069277e+01,1.838611e+02
31.27200,4.896821e+02,9.951380e+01,9.917787e+00,1.858726e+02
31.27300,4.887764e+02,1.027517e+02,9.239727e+00,1.889300e+02
31.27400,4.876979e+02,1.047294e+02,8.393113e+00,1.907380e+02
31.27500,4.862809e+02,1.055280e+02,7.237000e+00,1.913181e+02
31.27600,4.851555e+02,1.078776e+02,6.314003e+00,1.930929e+02
31.27700,4.835329e+02,1.074316e+02,4.917392e+00,1.922111e+02
31.27800,4.820549e+02,1.082526e+02,3.680582e+00,1.925169e+02
31.27900,4.806024e+02,1.089783e+02,2.453313e+00,1.926293e+02
31.28000,4.798201e+02,1.133301e+02,1.905412e+00,1.962071e+02
31.28100,4.779665e+02,1.122853e+02,2.461307e-01,1.943206e+02
31.28200,4.759882e+02,1.107607e+02,-1.561287e+00,1.918473e+02
31.28300,4.739473e+02,1.101947e+02,-3.402947e+00,1.900407e+02
31.28400,4.722035e+02,1.101293e+02,-4.950636e+00,1.888168e+02
31.28500,4.703825e+02,1.103358e+02,-6.595961e+00,1.876958e+02
31.28600,4.688025e+02,1.116657e+02,-8.043080e+00,1.875058e+02
31.28700,4.668785e+02,1.110729e+02,-9.814760e+00,1.855127e+02
31.28800,4.652549e+02,1.122939e+02,-1.128239e+01,1.850851e+02
31.28900,4.641039e+02,1.147711e+02,-1.238479e+01,1.856375e+02
31.29000,4.625699e+02,1.167957e+02,-1.380362e+01,1.856396e+02
31.29100,4.610237e+02,1.172619e+02,-1.528811e+01,1.842595e+02
31.29200,4.596329e+02,1.179142e+02,-1.663839e+01,1.828924e+02
31.29300,4.580289e+02,1.187067e+02,-1.821541e+01,1.814525e+02
31.29400,4.566269e+02,1.199718e+02,-1.962635e+01,1.803695e+02
31.29500,4.553974e+02,1.210327e+02,-2.087427e+01,1.791084e+02
31.29600,4.543812e+02,1.236237e+02,-2.186858e+01,1.791341e+02
31.29700,4.523751e+02,1.209077e+02,-2.373129e+01,1.742505e+02
31.29800,4.515581e+02,1.229052e+02,-2.459795e+01,1.735954e+02
31.29900,4.508749e+02,1.261425e+02,-2.537967e+01,1.739176e+02
31.30000,4.503925e+02,1.313353e+02,-2.600220e+01,1.760750e+02
31.30100,4.484930e+02,1.248629e+02,-2.776789e+01,1.674427e+02
31.30200,4.470530e+02,1.198787e+02,-2.924550e+01,1.601821e+02
31.30300,4.448315e+02,1.102271e+02,-3.137475e+01,1.487335e+02
31.30400,4.444042e+02,1.117567e+02,-3.185749e+01,1.472692e+02
31.30500,4.439449e+02,1.124703e+02,-3.237793e+01,1.450018e+02
31.30600,4.434647e+02,1.139186e+02,-3.295416e+01,1.434443e+02
31.30700,4.431501e+02,1.142710e+02,-3.329281e+01,1.407590e+02
31.30800,4.425409e+02,1.117061e+02,-3.390221e+01,1.354293e+02
31.30900,4.424099e+02,1.107236e+02,-3.411477e+01,1.314645e+02
31.31000,4.427144e+02,1.113611e+02,-3.389963e+01,1.289275e+02
31.31100,4.421666e+02,1.032751e+02,-3.444695e+01,1.184923e+02
31.31200,4.419254e+02,1.002451e+02,-3.469379e+01,1.126458e+02
31.31300,4.421736e+02,1.038130e+02,-3.450435e+01,1.127401e+02
31.31400,4.425675e+02,1.035510e+02,-3.415253e+01,1.092703e+02
31.31500,4.426285e+02,9.884153e+01,-3.407949e+01,1.018366e+02
31.31600,4.430865e+02,1.021493e+02,-3.369091e+01,1.015609e+02
31.31700,4.436925e+02,9.653060e+01,-3.314548e+01,9.321447e+01
31.31800,4.443594e+02,9.400480e+01,-3.251424e+01,8.773347e+01
31.31900,4.456421e+02,9.423660e+01,-3.133009e+01,8.473820e+01
31.32000,4.467685e+02,9.420993e+01,-3.027987e+01,8.150913e+01
31.32100,4.478023e+02,9.131127e+01,-2.933259e+01,7.559367e+01
31.32200,4.489959e+02,9.061367e+01,-2.818979e+01,7.172720e+01
31.32300,4.501182e+02,8.627733e+01,-2.712509e+01,6.452955e+01
31.32400,4.515814e+02,8.507327e+01,-2.577205e+01,6.025642e+01
31.32500,4.529543e+02,8.211047e+01,-2.449867e+01,5.445293e+01
31.32600,4.545165e+02,8.027173e+01,-2.305061e+01,4.959343e+01
31.32700,4.562093e+02,7.827847e+01,-2.149847e+01,4.466890e+01
31.32800,4.577952e+02,7.444487e+01,-2.003496e+01,3.810044e+01
31.32900,4.595906e+02,7.208827e+01,-1.840462e+01,3.289915e+01
31.33000,4.613896e+02,7.015893e+01,-1.675801e+01,2.807993e+01
31.33100,4.632368e+02,6.792980e+01,-1.508024e+01,2.308381e+01
31.33200,4.651352e+02,6.400380e+01,-1.336573e+01,1.658403e+01
31.33300,4.670593e+02,6.090297e+01,-1.163792e+01,1.081843e+01
31.33400,4.689912e+02,5.890304e+01,-9.960760e+00,6.110265e+00
31.33500,4.707916e+02,5.433481e+01,-8.347247e+00,-8.128567e-01
31.33600,4.726289e+02,5.038029e+01,-6.728280e+00,-7.195380e+00
31.33700,4.744566e+02,4.630308e+01,-5.104281e+00,-1.365404e+01
31.33800,4.762265e+02,4.138024e+01,-3.543715e+00,-2.067783e+01
31.33900,4.779629e+02,3.728300e+01,-2.010771e+00,-2.691589e+01
31.34000,4.797709e+02,3.224949e+01,-4.525569e-01,-3.399083e+01
31.34100,4.815086e+02,2.778433e+01,1.060369e+00,-4.051077e+01
31.34200,4.832243e+02,2.101654e+01,2.548789e+00,-4.899119e+01
31.34300,4.847715e+02,1.606285e+01,3.912284e+00,-5.579057e+01
31.34400,4.863011e+02,1.057103e+01,5.260008e+00,-6.295123e+01
31.34500,4.877931e+02,3.017921e+00,6.556469e+00,-7.178107e+01
31.34600,4.891049e+02,-4.359924e+00,7.738613e+00,-8.050260e+01
31.34700,4.902289e+02,-8.992287e+00,8.721380e+00,-8.670147e+01
31.34800,4.913975e+02,-1.555337e+01,9.775113e+00,-9.446833e+01
31.34900,4.924605e+02,-2.347695e+01,1.073295e+01,-1.034144e+02
31.35000,4.933612e+02,-2.964506e+01,1.156863e+01,-1.105345e+02
31.35100,4.941833e+02,-3.485429e+01,1.230253e+01,-1.166929e+02
31.35200,4.948999e+02,-4.004658e+01,1.296195e+01,-1.228055e+02
31.35300,4.955211e+02,-4.668949e+01,1.357851e+01,-1.301647e+02
31.35400,4.959341e+02,-5.213151e+01,1.402753e+01,-1.363164e+02
31.35500,4.961909e+02,-5.749670e+01,1.431345e+01,-1.422151e+02
31.35600,4.964899e+02,-6.389965e+01,1.476172e+01,-1.489426e+02
31.35700,4.963752e+02,-6.721920e+01,1.477132e+01,-1.527937e+02
31.35800,4.962235e+02,-7.126160e+01,1.473803e+01,-1.571451e+02
31.35900,4.959382e+02,-7.576007e+01,1.462178e+01,-1.617432e+02
31.36000,4.954100e+02,-7.837000e+01,1.430730e+01,-1.646342e+02
31.36100,4.946639e+02,-8.008513e+01,1.374075e+01,-1.663495e+02
31.36200,4.936571e+02,-8.082060e+01,1.293567e+01,-1.670135e+02
31.36300,4.928044e+02,-8.341487e+01,1.232365e+01,-1.695083e+02
31.36400,4.920423e+02,-8.774927e+01,1.191670e+01,-1.735933e+02
31.36500,4.908452e+02,-8.896287e+01,1.093718e+01,-1.746144e+02
31.36600,4.894831e+02,-9.026513e+01,9.843547e+00,-1.755940e+02
31.36700,4.879441e+02,-9.057027e+01,8.541993e+00,-1.754666e+02
31.36800,4.864682e+02,-9.127267e+01,7.335140e+00,-1.757273e+02
31.36900,4.848291e+02,-9.079233e+01,5.952837e+00,-1.747897e+02
31.37000,4.834725e+02,-9.314393e+01,4.829999e+00,-1.762193e+02
31.37100,4.825812e+02,-9.743980e+01,4.168176e+00,-1.796263e+02
31.37200,4.812819e+02,-9.973127e+01,3.082389e+00,-1.809470e+02
31.37300,4.791068e+02,-9.753987e+01,1.224716e+00,-1.778270e+02
31.37400,4.769466e+02,-9.637607e+01,-7.206460e-01,-1.753918e+02
31.37500,4.750510e+02,-9.601367e+01,-2.429684e+00,-1.737466e+02
31.37600,4.732414e+02,-9.673767e+01,-4.056348e+00,-1.730181e+02
31.37700,4.713445e+02,-9.644900e+01,-5.750040e+00,-1.713167e+02
31.37800,4.696564e+02,-9.758107e+01,-7.289787e+00,-1.708392e+02
31.37900,4.678669e+02,-9.827287e+01,-8.918267e+00,-1.698367e+02
31.38000,4.661033e+02,-9.882180e+01,-1.056027e+01,-1.686211e+02
31.38100,4.644320e+02,-9.941127e+01,-1.214647e+01,-1.673325e+02
31.38200,4.626892e+02,-9.943027e+01,-1.379850e+01,-1.655091e+02
31.38300,4.615085e+02,-1.023775e+02,-1.496752e+01,-1.658407e+02
31.38400,4.602065e+02,-1.034181e+02,-1.628615e+01,-1.647012e+02
31.38500,4.587955e+02,-1.047792e+02,-1.774335e+01,-1.636237e+02
31.38600,4.572231e+02,-1.049953e+02,-1.923646e+01,-1.615226e+02
31.38700,4.560269e+02,-1.063468e+02,-2.043184e+01,-1.603119e+02
31.38800,4.545061e+02,-1.065466e+02,-2.196457e+01,-1.579548e+02
31.38900,4.534156e+02,-1.078635e+02,-2.310589e+01,-1.566072e+02
31.39000,4.526291e+02,-1.105253e+02,-2.400580e+01,-1.563477e+02
31.39100,4.521584e+02,-1.151732e+02,-2.455723e+01,-1.578547e+02
31.39200,4.500733e+02,-1.077233e+02,-2.661905e+01,-1.482578e+02
31.39300,4.486287e+02,-1.039801e+02,-2.806351e+01,-1.420395e+02
31.39400,4.464277e+02,-9.466200e+01,-3.022263e+01,-1.307689e+02
31.39500,4.458715e+02,-9.635493e+01,-3.085644e+01,-1.293067e+02
31.39600,4.454231e+02,-9.751700e+01,-3.136177e+01,-1.273027e+02
31.39700,4.451275e+02,-9.966547e+01,-3.179142e+01,-1.263089e+02
31.39800,4.447383e+02,-9.992900e+01,-3.230251e+01,-1.234689e+02
31.39900,4.445877e+02,-9.973727e+01,-3.249012e+01,-1.201557e+02
31.40000,4.443991e+02,-9.863200e+01,-3.278820e+01,-1.159483e+02
31.40100,4.444793e+02,-9.895687e+01,-3.280000e+01,-1.130402e+02
31.40200,4.448770e+02,-9.994300e+01,-3.245819e+01,-1.106731e+02
31.40300,4.445357e+02,-9.307767e+01,-3.283214e+01,-1.011721e+02
31.40400,4.445619e+02,-8.784000e+01,-3.286890e+01,-9.316647e+01
31.40500,4.451197e+02,-9.421513e+01,-3.239730e+01,-9.568487e+01
31.40600,4.457091e+02,-9.389647e+01,-3.189338e+01,-9.204047e+01
31.40700,4.459616e+02,-9.012700e+01,-3.166239e+01,-8.527493e+01
31.40800,4.467922e+02,-9.045553e+01,-3.091059e+01,-8.225153e+01
31.40900,4.476471e+02,-9.429520e+01,-3.012217e+01,-8.243080e+01
31.41000,4.487995e+02,-9.082507e+01,-2.907148e+01,-7.597980e+01
31.41100,4.498384e+02,-8.993367e+01,-2.811480e+01,-7.187193e+01
31.41200,4.510055e+02,-8.901387e+01,-2.701157e+01,-6.765413e+01
31.41300,4.521070e+02,-8.607267e+01,-2.598048e+01,-6.177786e+01
31.41400,4.533572e+02,-8.405953e+01,-2.479115e+01,-5.659558e+01
31.41500,4.547592e+02,-8.252933e+01,-2.345610e+01,-5.199732e+01
31.41600,4.561827e+02,-7.981153e+01,-2.211662e+01,-4.628309e+01
31.41700,4.576195e+02,-7.567200e+01,-2.077639e+01,-3.932663e+01
31.41800,4.592513e+02,-7.418440e+01,-1.923739e+01,-3.489047e+01
31.41900,4.609700e+02,-7.239327e+01,-1.761781e+01,-3.014674e+01
31.42000,4.626207e+02,-6.863907e+01,-1.607929e+01,-2.371819e+01
31.42100,4.643815e+02,-6.629089e+01,-1.443257e+01,-1.860810e+01
31.42200,4.660847e+02,-6.275941e+01,-1.282935e+01,-1.239000e+01
31.42300,4.677449e+02,-5.764883e+01,-1.127398e+01,-4.771363e+00
31.42400,4.695137e+02,-5.451461e+01,-9.653793e+00,8.571013e-01
31.42500,4.711955e+02,-5.085265e+01,-8.091827e+00,7.042427e+00
31.42600,4.728887e+02,-4.666701e+01,-6.515941e+00,1.357637e+01
31.42700,4.745693e+02,-4.217646e+01,-4.975181e+00,2.035939e+01
31.42800,4.762436e+02,-3.580585e+01,-3.442530e+00,2.864064e+01
31.42900,4.778406e+02,-3.120027e+01,-1.972545e+00,3.528795e+01
31.43000,4.792833e+02,-2.376595e+01,-6.532652e-01,4.453478e+01
31.43100,4.807943e+02,-1.698665e+01,7.196493e-01,5.310102e+01
31.43200,4.823017e+02,-1.043054e+01,2.105707e+00,6.136889e+01
31.43300,4.837127e+02,-3.747171e+00,3.398505e+00,6.962713e+01
31.43400,4.849856e+02,4.384995e+00,4.564203e+00,7.914553e+01
31.43500,4.862000e+02,1.173893e+01,5.669812e+00,8.779333e+01
31.43600,4.874217e+02,1.702460e+01,6.794220e+00,9.443187e+01
31.43700,4.885921e+02,2.430724e+01,7.868940e+00,1.029284e+02
31.43800,4.896542e+02,3.179063e+01,8.844887e+00,1.115427e+02
31.43900,4.906754e+02,3.948356e+01,9.797427e+00,1.201665e+02
31.44000,4.915533e+02,4.689223e+01,1.061635e+01,1.283140e+02
31.44100,4.920173e+02,5.076797e+01,1.106379e+01,1.332433e+02
31.44200,4.925581e+02,5.667572e+01,1.158760e+01,1.398866e+02
31.44300,4.930592e+02,6.398991e+01,1.212481e+01,1.477997e+02
31.44400,4.933973e+02,6.968933e+01,1.250166e+01,1.541531e+02
31.44500,4.935108e+02,7.357200e+01,1.262377e+01,1.586289e+02
31.44600,4.936201e+02,7.977093e+01,1.281007e+01,1.652827e+02
31.44700,4.935081e+02,8.416853e+01,1.279363e+01,1.700533e+02
31.44800,4.932129e+02,8.754253e+01,1.260521e+01,1.736157e+02
31.44900,4.928351e+02,9.094740e+01,1.236819e+01,1.772241e+02
31.45000,4.924203e+02,9.458247e+01,1.209563e+01,1.810116e+02
31.45100,4.917163e+02,9.672287e+01,1.158037e+01,1.831322e+02
31.45200,4.907727e+02,9.731173e+01,1.079110e+01,1.838264e+02
31.45300,4.898036e+02,9.978113e+01,1.002353e+01,1.861420e+02
31.45400,4.888497e+02,1.025128e+02,9.284467e+00,1.887268e+02
31.45500,4.877857e+02,1.048245e+02,8.471587e+00,1.908343e+02
31.45600,4.863952e+02,1.056749e+02,7.331360e+00,1.914759e+02
31.45700,4.852237e+02,1.076835e+02,6.381471e+00,1.929446e+02
31.45800,4.836577e+02,1.077515e+02,5.033244e+00,1.925241e+02
31.45900,4.821760e+02,1.083746e+02,3.786103e+00,1.926609e+02
31.46000,4.806780e+02,1.089529e+02,2.509643e+00,1.926416e+02
31.46100,4.799423e+02,1.135752e+02,2.008013e+00,1.964655e+02
31.46200,4.780199e+02,1.119761e+02,2.947204e-01,1.940875e+02
31.46300,4.761730e+02,1.112640e+02,-1.382721e+00,1.923776e+02
31.46400,4.741092e+02,1.102182e+02,-3.263368e+00,1.901233e+02
31.46500,4.723168e+02,1.101453e+02,-4.845188e+00,1.888882e+02
31.46600,4.705423e+02,1.108493e+02,-6.439028e+00,1.882175e+02
31.46700,4.689596e+02,1.117514e+02,-7.911073e+00,1.876567e+02
31.46800,4.669848e+02,1.110955e+02,-9.716913e+00,1.855923e+02
31.46900,4.653874e+02,1.123141e+02,-1.115925e+01,1.851743e+02
31.47000,4.641979e+02,1.149332e+02,-1.228479e+01,1.858459e+02
31.47100,4.627447e+02,1.169708e+02,-1.365329e+01,1.858759e+02
31.47200,4.611335e+02,1.172798e+02,-1.517955e+01,1.843547e+02
31.47300,4.597381e+02,1.179214e+02,-1.653816e+01,1.829789e+02
31.47400,4.581127e+02,1.189747e+02,-1.813239e+01,1.817609e+02
31.47500,4.567445e+02,1.200737e+02,-1.951014e+01,1.805491e+02
31.47600,4.555437e+02,1.213321e+02,-2.074417e+01,1.794552e+02
31.47700,4.544823e+02,1.235889e+02,-2.177355e+01,1.791951e+02
31.47800,4.525050e+02,1.210216e+02,-2.358155e+01,1.744479e+02
31.47900,4.516818e+02,1.231249e+02,-2.447605e+01,1.738869e+02
31.48000,4.509947e+02,1.263485e+02,-2.527301e+01,1.742019e+02
31.48100,4.504147e+02,1.307817e+02,-2.594988e+01,1.756814e+02
31.48200,4.486465e+02,1.249889e+02,-2.764191e+01,1.676614e+02
31.48300,4.471403e+02,1.202641e+02,-2.914339e+01,1.606339e+02
31.48400,4.449898e+02,1.104741e+02,-3.122881e+01,1.490590e+02
31.48500,4.444452e+02,1.115825e+02,-3.180037e+01,1.472077e+02
31.48600,4.440431e+02,1.126180e+02,-3.227742e+01,1.452448e+02
31.48700,4.435479e+02,1.139802e+02,-3.286746e+01,1.436080e+02
31.48800,4.432411e+02,1.144476e+02,-3.320616e+01,1.410364e+02
31.48900,4.426158e+02,1.117997e+02,-3.382332e+01,1.356255e+02
31.49000,4.424905e+02,1.108537e+02,-3.404247e+01,1.317011e+02
31.49100,4.427329e+02,1.110901e+02,-3.388279e+01,1.288018e+02
31.49200,4.422450e+02,1.038413e+02,-3.435195e+01,1.191209e+02
31.49300,4.419951e+02,9.988060e+01,-3.463614e+01,1.124213e+02
31.49400,4.422433e+02,1.041101e+02,-3.443600e+01,1.131299e+02
31.49500,4.426295e+02,1.036714e+02,-3.407615e+01,1.095018e+02
31.49600,4.426863e+02,9.881907e+01,-3.403546e+01,1.019362e+02
31.49700,4.431485e+02,1.020923e+02,-3.364740e+01,1.016134e+02
31.49800,4.437101e+02,9.644380e+01,-3.312523e+01,9.325193e+01
31.49900,4.444219e+02,9.430473e+01,-3.244633e+01,8.812267e+01
31.50000,4.457343e+02,9.467387e+01,-3.123572e+01,8.526507e+01
31.50100,4.468036e+02,9.445727e+01,-3.024811e+01,8.182987e+01
31.50200,4.478247e+02,9.146433e+01,-2.931121e+01,7.584633e+01
31.50300,4.489864e+02,9.037480e+01,-2.819130e+01,7.162907e+01
31.50400,4.501398e+02,8.647573e+01,-2.710210e+01,6.483102e+01
31.50500,4.515989e+02,8.521460e+01,-2.575662e+01,6.049105e+01
31.50600,4.529617e+02,8.230127e+01,-2.448691e+01,5.473749e+01
31.50700,4.545377e+02,8.027633e+01,-2.303885e+01,4.971642e+01
31.50800,4.561771e+02,7.835180e+01,-2.151230e+01,4.485325e+01
31.50900,4.577939e+02,7.449327e+01,-2.002635e+01,3.825895e+01
31.51000,4.595601e+02,7.215913e+01,-1.842447e+01,3.305096e+01
31.51100,4.613996e+02,7.003973e+01,-1.675267e+01,2.808848e+01
31.51200,4.632123e+02,6.779327e+01,-1.509415e+01,2.306551e+01
31.51300,4.650989e+02,6.415422e+01,-1.339559e+01,1.682296e+01
31.51400,4.670475e+02,6.107870e+01,-1.164761e+01,1.107760e+01
31.51500,4.689698e+02,5.892216e+01,-9.976027e+00,6.234427e+00
31.51600,4.707746e+02,5.427829e+01,-8.361033e+00,-7.732747e-01
31.51700,4.726072e+02,5.019906e+01,-6.736040e+00,-7.271813e+00
31.51800,4.744367e+02,4.641285e+01,-5.116947e+00,-1.345034e+01
31.51900,4.762037e+02,4.167794e+01,-3.551861e+00,-2.030670e+01
31.52000,4.779617e+02,3.741711e+01,-2.010984e+00,-2.669288e+01
31.52100,4.797481e+02,3.247132e+01,-4.649515e-01,-3.371204e+01
31.52200,4.814721e+02,2.807735e+01,1.041156e+00,-4.015216e+01
31.52300,4.831800e+02,2.149282e+01,2.523635e+00,-4.849279e+01
31.52400,4.847793e+02,1.601242e+01,3.917617e+00,-5.573413e+01
31.52500,4.862800e+02,1.058666e+01,5.242392e+00,-6.287905e+01
31.52600,4.878253e+02,3.725558e+00,6.578171e+00,-7.105907e+01
31.52700,4.891394e+02,-4.306661e+00,7.766153e+00,-8.036320e+01
31.52800,4.901863e+02,-8.643640e+00,8.705373e+00,-8.632927e+01
31.52900,4.914059e+02,-1.547469e+01,9.790960e+00,-9.432447e+01
31.53000,4.924659e+02,-2.248007e+01,1.076149e+01,-1.024149e+02
31.53100,4.933875e+02,-3.001497e+01,1.160189e+01,-1.108360e+02
31.53200,4.942207e+02,-3.500887e+01,1.233195e+01,-1.167932e+02
31.53300,4.949218e+02,-3.999065e+01,1.298666e+01,-1.227063e+02
31.53400,4.955357e+02,-4.643715e+01,1.359511e+01,-1.298902e+02
31.53500,4.959498e+02,-5.205018e+01,1.403660e+01,-1.361961e+02
31.53600,4.962737e+02,-5.779706e+01,1.440965e+01,-1.424459e+02
31.53700,4.965654e+02,-6.361651e+01,1.479277e+01,-1.486561e+02
31.53800,4.964994e+02,-6.815700e+01,1.490891e+01,-1.536299e+02
31.53900,4.962897e+02,-7.119313e+01,1.479590e+01,-1.570483e+02
31.54000,4.959937e+02,-7.529240e+01,1.463928e+01,-1.612940e+02
31.54100,4.954671e+02,-7.858913e+01,1.436791e+01,-1.648044e+02
31.54200,4.947305e+02,-8.020240e+01,1.380615e+01,-1.664413e+02
31.54300,4.937497e+02,-8.083000e+01,1.300557e+01,-1.670010e+02
31.54400,4.928773e+02,-8.364720e+01,1.241653e+01,-1.696945e+02
31.54500,4.921157e+02,-8.747727e+01,1.194619e+01,-1.733401e+02
31.54600,4.910505e+02,-8.977627e+01,1.114409e+01,-1.753659e+02
31.54700,4.897081e+02,-9.103540e+01,1.007165e+01,-1.763074e+02
31.54800,4.880983e+02,-9.105593e+01,8.667707e+00,-1.758995e+02
31.54900,4.865547e+02,-9.134827e+01,7.405327e+00,-1.757957e+02
31.55000,4.849916e+02,-9.130160e+01,6.096721e+00,-1.752565e+02
31.55100,4.835332e+02,-9.313147e+01,4.896849e+00,-1.762218e+02
31.55200,4.826916e+02,-9.752787e+01,4.271444e+00,-1.797247e+02
31.55300,4.814093e+02,-9.993520e+01,3.190599e+00,-1.811497e+02
31.55400,4.792446e+02,-9.767353e+01,1.353476e+00,-1.779805e+02
31.55500,4.771175e+02,-9.678733e+01,-5.633237e-01,-1.758030e+02
31.55600,4.751772e+02,-9.596793e+01,-2.316703e+00,-1.737515e+02
31.55700,4.733977e+02,-9.727167e+01,-3.912525e+00,-1.735293e+02
31.55800,4.714905e+02,-9.671833e+01,-5.607493e+00,-1.716041e+02
31.55900,4.698037e+02,-9.770800e+01,-7.151460e+00,-1.710019e+02
31.56000,4.679886e+02,-9.863807e+01,-8.806347e+00,-1.702026e+02
31.56100,4.662666e+02,-9.918727e+01,-1.040633e+01,-1.690099e+02
31.56200,4.645947e+02,-9.953187e+01,-1.198938e+01,-1.675069e+02
31.56300,4.628225e+02,-9.987500e+01,-1.366965e+01,-1.659457e+02
31.56400,4.616199e+02,-1.025238e+02,-1.486597e+01,-1.660463e+02
31.56500,4.603220e+02,-1.041706e+02,-1.616815e+01,-1.654029e+02
31.56600,4.589235e+02,-1.049645e+02,-1.761042e+01,-1.638570e+02
31.56700,4.573837e+02,-1.055339e+02,-1.907601e+01,-1.620792e+02
31.56800,4.561289e+02,-1.063903e+02,-2.032805e+01,-1.604252e+02
31.56900,4.546730e+02,-1.069354e+02,-2.180069e+01,-1.583742e+02
31.57000,4.534987e+02,-1.078611e+02,-2.302932e+01,-1.566723e+02
31.57100,4.527260e+02,-1.104371e+02,-2.390928e+01,-1.563561e+02
31.57200,4.522525e+02,-1.153320e+02,-2.446599e+01,-1.580729e+02
31.57300,4.502790e+02,-1.084501e+02,-2.641735e+01,-1.490168e+02
31.57400,4.487097e+02,-1.042402e+02,-2.797927e+01,-1.423265e+02
31.57500,4.465655e+02,-9.495000e+01,-3.008967e+01,-1.311271e+02
31.57600,4.459929e+02,-9.674187e+01,-3.073203e+01,-1.297463e+02
31.57700,4.455024e+02,-9.754193e+01,-3.128293e+01,-1.274209e+02
31.57800,4.451570e+02,-9.968653e+01,-3.175809e+01,-1.263915e+02
31.57900,4.448539e+02,-1.000396e+02,-3.218899e+01,-1.236793e+02
31.58000,4.446847e+02,-9.990100e+01,-3.239600e+01,-1.203983e+02
31.58100,4.444693e+02,-9.921393e+01,-3.270641e+01,-1.165702e+02
31.58200,4.445507e+02,-9.932073e+01,-3.273008e+01,-1.134614e+02
31.58300,4.449172e+02,-1.001137e+02,-3.241686e+01,-1.109242e+02
31.58400,4.446015e+02,-9.368427e+01,-3.276604e+01,-1.018187e+02
31.58500,4.446183e+02,-8.744033e+01,-3.281304e+01,-9.289973e+01
31.58600,4.451744e+02,-9.438113e+01,-3.234335e+01,-9.592607e+01
31.58700,4.457478e+02,-9.421433e+01,-3.185108e+01,-9.241673e+01
31.58800,4.460033e+02,-9.025067e+01,-3.162393e+01,-8.549000e+01
31.58900,4.467553e+02,-8.999747e+01,-3.094482e+01,-8.195480e+01
31.59000,4.477901e+02,-9.417760e+01,-2.999498e+01,-8.242413e+01
31.59100,4.488842e+02,-9.203687e+01,-2.899013e+01,-7.716487e+01
31.59200,4.498921e+02,-9.038747e+01,-2.806067e+01,-7.237147e+01
31.59300,4.510127e+02,-8.906947e+01,-2.700036e+01,-6.779487e+01
31.59400,4.521053e+02,-8.625700e+01,-2.597754e+01,-6.204169e+01
31.59500,4.533873e+02,-8.430287e+01,-2.476490e+01,-5.691105e+01
31.59600,4.547755e+02,-8.265073e+01,-2.344118e+01,-5.220475e+01
31.59700,4.561783e+02,-7.971433e+01,-2.212100e+01,-4.629080e+01
31.59800,4.575965e+02,-7.605613e+01,-2.079209e+01,-3.975563e+01
31.59900,4.592509e+02,-7.441553e+01,-1.923772e+01,-3.519334e+01
31.60000,4.609533e+02,-7.237580e+01,-1.763499e+01,-3.021262e+01
31.60100,4.626083e+02,-6.884993e+01,-1.608497e+01,-2.400047e+01
31.60200,4.643505e+02,-6.651867e+01,-1.445905e+01,-1.889440e+01
31.60300,4.660923e+02,-6.265323e+01,-1.282973e+01,-1.238628e+01
31.60400,4.677285e+02,-5.773155e+01,-1.129143e+01,-4.944387e+00
31.60500,4.695147e+02,-5.526327e+01,-9.655693e+00,1.125283e-01
31.60600,4.711514e+02,-5.085593e+01,-8.113180e+00,6.956833e+00
31.60700,4.728797e+02,-4.683243e+01,-6.533369e+00,1.334722e+01
31.60800,4.745417e+02,-4.241873e+01,-4.998630e+00,2.004938e+01
31.60900,4.761997e+02,-3.582108e+01,-3.476359e+00,2.856955e+01
31.61000,4.778184e+02,-3.140286e+01,-1.991925e+00,3.504354e+01
31.61100,4.793205e+02,-2.441164e+01,-6.252579e-01,4.386965e+01
31.61200,4.808006e+02,-1.736103e+01,7.282567e-01,5.267338e+01
31.61300,4.822827e+02,-1.086693e+01,2.090773e+00,6.090997e+01
31.61400,4.836959e+02,-3.680053e+00,3.384993e+00,6.962373e+01
31.61500,4.850411e+02,2.861363e+00,4.608542e+00,7.770607e+01
31.61600,4.861899e+02,1.132717e+01,5.669537e+00,8.734567e+01
31.61700,4.874209e+02,1.737223e+01,6.795033e+00,9.468820e+01
31.61800,4.885781e+02,2.425394e+01,7.858747e+00,1.028399e+02
31.61900,4.896497e+02,3.135434e+01,8.840607e+00,1.110927e+02
31.62000,4.906743e+02,3.961227e+01,9.796980e+00,1.202353e+02
31.62100,4.915314e+02,4.629161e+01,1.059735e+01,1.277461e+02
31.62200,4.920638e+02,5.060459e+01,1.110651e+01,1.330680e+02
31.62300,4.925741e+02,5.668179e+01,1.160766e+01,1.398510e+02
31.62400,4.930841e+02,6.337180e+01,1.212549e+01,1.472152e+02
31.62500,4.934467e+02,6.998347e+01,1.255757e+01,1.544099e+02
31.62600,4.935612e+02,7.384120e+01,1.267565e+01,1.588471e+02
31.62700,4.936661e+02,7.969227e+01,1.285044e+01,1.651973e+02
31.62800,4.935548e+02,8.425680e+01,1.283264e+01,1.701019e+02
31.62900,4.932283e+02,8.706407e+01,1.261399e+01,1.731559e+02
31.63000,4.928656e+02,9.055513e+01,1.237998e+01,1.768593e+02
31.63100,4.925184e+02,9.477887e+01,1.219394e+01,1.811897e+02
31.63200,4.919005e+02,9.732673e+01,1.177319e+01,1.836826e+02
31.63300,4.908533e+02,9.760053e+01,1.086519e+01,1.840907e+02
31.63400,4.899546e+02,1.002377e+02,1.016641e+01,1.865771e+02
31.63500,4.888820e+02,1.021508e+02,9.300667e+00,1.883913e+02
31.63600,4.878848e+02,1.049599e+02,8.549640e+00,1.909595e+02
31.63700,4.865029e+02,1.057611e+02,7.422933e+00,1.915701e+02
31.63800,4.853011e+02,1.075600e+02,6.454227e+00,1.928447e+02
31.63900,4.837670e+02,1.078444e+02,5.132885e+00,1.926253e+02
31.64000,4.823007e+02,1.085061e+02,3.894122e+00,1.928043e+02
31.64100,4.808148e+02,1.092531e+02,2.642158e+00,1.929376e+02
31.64200,4.800113e+02,1.135839e+02,2.048269e+00,1.964964e+02
31.64300,4.780750e+02,1.116151e+02,3.444581e-01,1.937999e+02
31.64400,4.763643e+02,1.118805e+02,-1.202851e+00,1.929891e+02
31.64500,4.742743e+02,1.104916e+02,-3.112598e+00,1.904203e+02
31.64600,4.724501e+02,1.103833e+02,-4.722378e+00,1.891441e+02
31.64700,4.706908e+02,1.111311e+02,-6.301005e+00,1.885196e+02
31.64800,4.690795e+02,1.118983e+02,-7.799467e+00,1.878375e+02
31.64900,4.671088e+02,1.112305e+02,-9.602787e+00,1.857615e+02
31.65000,4.655420e+02,1.126291e+02,-1.101443e+01,1.855124e+02
31.65100,4.643225e+02,1.151835e+02,-1.216130e+01,1.861255e+02
31.65200,4.628913e+02,1.169145e+02,-1.352911e+01,1.858901e+02
31.65300,4.612337e+02,1.173861e+02,-1.507001e+01,1.845127e+02
31.65400,4.598350e+02,1.179507e+02,-1.644383e+01,1.830673e+02
31.65500,4.582078e+02,1.193202e+02,-1.804105e+01,1.821256e+02
31.65600,4.568749e+02,1.201805e+02,-1.938213e+01,1.807313e+02
31.65700,4.556357e+02,1.212367e+02,-2.065186e+01,1.794371e+02
31.65800,4.545869e+02,1.237161e+02,-2.166291e+01,1.793907e+02
31.65900,4.526803e+02,1.215128e+02,-2.340437e+01,1.749669e+02
31.66000,4.517192e+02,1.227973e+02,-2.444626e+01,1.736802e+02
31.66100,4.511195e+02,1.264481e+02,-2.516638e+01,1.743792e+02
31.66200,4.504679e+02,1.305727e+02,-2.584571e+01,1.755904e+02
31.66300,4.488391e+02,1.254737e+02,-2.748063e+01,1.681947e+02
31.66400,4.472701e+02,1.207899e+02,-2.900486e+01,1.611973e+02
31.66500,4.451557e+02,1.107023e+02,-3.107700e+01,1.493651e+02
31.66600,4.445328e+02,1.115075e+02,-3.171183e+01,1.472381e+02
31.66700,4.441068e+02,1.129423e+02,-3.221161e+01,1.456213e+02
31.66800,4.436251e+02,1.140261e+02,-3.279042e+01,1.437399e+02
31.66900,4.433319e+02,1.146627e+02,-3.311419e+01,1.413218e+02
31.67000,4.426787e+02,1.118105e+02,-3.375481e+01,1.357257e+02
31.67100,4.425767e+02,1.110695e+02,-3.396525e+01,1.320058e+02
31.67200,4.428316e+02,1.115506e+02,-3.378673e+01,1.293082e+02
31.67300,4.422324e+02,1.034811e+02,-3.435795e+01,1.189030e+02
31.67400,4.420333e+02,9.920307e+01,-3.459289e+01,1.119291e+02
31.67500,4.423031e+02,1.045121e+02,-3.437535e+01,1.135883e+02
31.67600,4.427391e+02,1.037160e+02,-3.397731e+01,1.096603e+02
31.67700,4.427389e+02,9.937920e+01,-3.398940e+01,1.025298e+02
31.67800,4.432031e+02,1.017421e+02,-3.359823e+01,1.013910e+02
31.67900,4.437067e+02,9.645407e+01,-3.311461e+01,9.337153e+01
31.68000,4.445452e+02,9.502793e+01,-3.232743e+01,8.888847e+01
31.68100,4.457986e+02,9.499387e+01,-3.117709e+01,8.565960e+01
31.68200,4.468061e+02,9.440507e+01,-3.024140e+01,8.188233e+01
31.68300,4.478355e+02,9.182547e+01,-2.928931e+01,7.627253e+01
31.68400,4.490251e+02,9.015813e+01,-2.816572e+01,7.154673e+01
31.68500,4.501975e+02,8.704513e+01,-2.705100e+01,6.545501e+01
31.68600,4.516036e+02,8.527140e+01,-2.575096e+01,6.063864e+01
31.68700,4.529551e+02,8.237420e+01,-2.448467e+01,5.490076e+01
31.68800,4.545414e+02,8.042853e+01,-2.302759e+01,4.996056e+01
31.68900,4.561643e+02,7.848913e+01,-2.151698e+01,4.507425e+01
31.69000,4.577863e+02,7.452673e+01,-2.003049e+01,3.838803e+01
31.69100,4.595489e+02,7.221953e+01,-1.843066e+01,3.319393e+01
31.69200,4.614081e+02,7.011587e+01,-1.674511e+01,2.825724e+01
31.69300,4.631923e+02,6.783227e+01,-1.510685e+01,2.320126e+01
31.69400,4.650892e+02,6.402553e+01,-1.339603e+01,1.680466e+01
31.69500,4.670077e+02,6.137829e+01,-1.168555e+01,1.142119e+01
31.69600,4.689374e+02,5.902853e+01,-9.991407e+00,6.437315e+00
31.69700,4.707625e+02,5.442107e+01,-8.371967e+00,-5.648322e-01
31.69800,4.726010e+02,5.025897e+01,-6.737513e+00,-7.136953e+00
31.69900,4.744041e+02,4.664299e+01,-5.134432e+00,-1.315419e+01
31.70000,4.761855e+02,4.177447e+01,-3.560125e+00,-2.012899e+01
31.70100,4.779514e+02,3.736783e+01,-2.017641e+00,-2.663976e+01
31.70200,4.797301e+02,3.272302e+01,-4.754997e-01,-3.342463e+01
31.70300,4.814705e+02,2.810088e+01,1.043086e+00,-4.002485e+01
31.70400,4.831575e+02,2.186018e+01,2.513919e+00,-4.809459e+01
31.70500,4.847537e+02,1.644979e+01,3.903317e+00,-5.528304e+01
31.70600,4.862817e+02,1.039715e+01,5.246153e+00,-6.296692e+01
31.70700,4.878077e+02,3.740591e+00,6.571289e+00,-7.099473e+01
31.70800,4.891417e+02,-3.235095e+00,7.772960e+00,-7.931100e+01
31.70900,4.902041e+02,-8.319140e+00,8.720980e+00,-8.597500e+01
31.71000,4.913873e+02,-1.530695e+01,9.789860e+00,-9.412873e+01
31.71100,4.924914e+02,-2.185289e+01,1.078556e+01,-1.017989e+02
31.71200,4.934045e+02,-3.004148e+01,1.163877e+01,-1.108139e+02
31.71300,4.942351e+02,-3.507442e+01,1.236463e+01,-1.168022e+02
31.71400,4.949716e+02,-4.015929e+01,1.302741e+01,-1.228273e+02
31.71500,4.955825e+02,-4.644363e+01,1.362744e+01,-1.298558e+02
31.71600,4.959627e+02,-5.206519e+01,1.404093e+01,-1.361614e+02
31.71700,4.963946e+02,-5.815809e+01,1.455937e+01,-1.427628e+02
31.71800,4.965765e+02,-6.332695e+01,1.480514e+01,-1.483707e+02
31.71900,4.965928e+02,-6.820367e+01,1.497266e+01,-1.536627e+02
31.72000,4.963284e+02,-7.102620e+01,1.482651e+01,-1.568744e+02
31.72100,4.960761e+02,-7.531247e+01,1.471310e+01,-1.612901e+02
31.72200,4.955753e+02,-7.861987e+01,1.444824e+01,-1.648088e+02
31.72300,4.948014e+02,-8.036960e+01,1.387689e+01,-1.665945e+02
31.72400,4.938234e+02,-8.098040e+01,1.308303e+01,-1.671296e+02
31.72500,4.929907e+02,-8.358947e+01,1.249662e+01,-1.696395e+02
31.72600,4.921961e+02,-8.741820e+01,1.200701e+01,-1.732905e+02
31.72700,4.912424e+02,-9.048887e+01,1.133553e+01,-1.760320e+02
31.72800,4.898408e+02,-9.132633e+01,1.019705e+01,-1.765837e+02
31.72900,4.882803e+02,-9.162040e+01,8.843460e+00,-1.764356e+02
31.73000,4.866883e+02,-9.146813e+01,7.522567e+00,-1.759197e+02
31.73100,4.851899e+02,-9.193660e+01,6.268135e+00,-1.758421e+02
31.73200,4.836205e+02,-9.313467e+01,4.984497e+00,-1.762504e+02
31.73300,4.827870e+02,-9.756940e+01,4.362889e+00,-1.797892e+02
31.73400,4.815617e+02,-1.001477e+02,3.338747e+00,-1.813662e+02
31.73500,4.793446e+02,-9.772580e+01,1.440367e+00,-1.780690e+02
31.73600,4.773117e+02,-9.724713e+01,-3.818519e-01,-1.762759e+02
31.73700,4.753250e+02,-9.617220e+01,-2.184288e+00,-1.739832e+02
31.73800,4.735192e+02,-9.747513e+01,-3.788067e+00,-1.737636e+02
31.73900,4.716697e+02,-9.707187e+01,-5.441301e+00,-1.719750e+02
31.74000,4.699609e+02,-9.791213e+01,-7.001307e+00,-1.712375e+02
31.74100,4.681709e+02,-9.925247e+01,-8.643433e+00,-1.708113e+02
31.74200,4.664491e+02,-9.964087e+01,-1.023408e+01,-1.694829e+02
31.74300,4.647245e+02,-9.962247e+01,-1.186530e+01,-1.676419e+02
31.74400,4.630579e+02,-1.001558e+02,-1.344419e+01,-1.662884e+02
31.74500,4.616568e+02,-1.021577e+02,-1.482565e+01,-1.657819e+02
31.74600,4.604429e+02,-1.047689e+02,-1.605062e+01,-1.659989e+02
31.74700,4.590005e+02,-1.049313e+02,-1.752337e+01,-1.639045e+02
31.74800,4.575314e+02,-1.059018e+02,-1.892334e+01,-1.624904e+02
31.74900,4.563027e+02,-1.068777e+02,-2.016196e+01,-1.609397e+02
31.75000,4.548109e+02,-1.068457e+02,-2.165543e+01,-1.583938e+02
31.75100,4.536173e+02,-1.081321e+02,-2.292627e+01,-1.569844e+02
31.75200,4.528731e+02,-1.108679e+02,-2.377025e+01,-1.568311e+02
31.75300,4.523361e+02,-1.151942e+02,-2.436609e+01,-1.580426e+02
31.75400,4.504883e+02,-1.093229e+02,-2.621285e+01,-1.498995e+02
31.75500,4.488075e+02,-1.043991e+02,-2.788340e+01,-1.425457e+02
31.75600,4.467219e+02,-9.554640e+01,-2.993444e+01,-1.317575e+02
31.75700,4.461295e+02,-9.689267e+01,-3.060154e+01,-1.299847e+02
31.75800,4.456972e+02,-9.828473e+01,-3.109084e+01,-1.281932e+02
31.75900,4.451083e+02,-9.920020e+01,-3.179461e+01,-1.260228e+02
31.76000,4.449777e+02,-1.004154e+02,-3.206285e+01,-1.241210e+02
31.76100,4.448178e+02,-1.004339e+02,-3.227703e+01,-1.209647e+02
31.76200,4.445421e+02,-9.976987e+01,-3.261721e+01,-1.171817e+02
31.76300,4.446179e+02,-9.945520e+01,-3.266414e+01,-1.136836e+02
31.76400,4.449615e+02,-1.002083e+02,-3.237182e+01,-1.111117e+02
31.76500,4.446829e+02,-9.431347e+01,-3.268712e+01,-1.024910e+02
31.76600,4.446797e+02,-8.777280e+01,-3.275156e+01,-9.330213e+01
31.76700,4.452040e+02,-9.365740e+01,-3.231155e+01,-9.537073e+01
31.76800,4.457955e+02,-9.454780e+01,-3.179597e+01,-9.282847e+01
31.76900,4.460553e+02,-9.029587e+01,-3.157847e+01,-8.564273e+01
31.77000,4.469139e+02,-9.096920e+01,-3.080037e+01,-8.293627e+01
31.77100,4.478697e+02,-9.321587e+01,-2.992657e+01,-8.165620e+01
31.77200,4.489143e+02,-9.336127e+01,-2.895447e+01,-7.844933e+01
31.77300,4.499205e+02,-9.039427e+01,-2.803278e+01,-7.247647e+01
31.77400,4.510369e+02,-8.909300e+01,-2.697703e+01,-6.792687e+01
31.77500,4.521307e+02,-8.669460e+01,-2.595191e+01,-6.252629e+01
31.77600,4.534277e+02,-8.424773e+01,-2.473606e+01,-5.697705e+01
31.77700,4.547851e+02,-8.279333e+01,-2.343197e+01,-5.242981e+01
31.77800,4.561897e+02,-7.976893e+01,-2.210986e+01,-4.643630e+01
31.77900,4.576020e+02,-7.630513e+01,-2.078274e+01,-4.008309e+01
31.78000,4.592372e+02,-7.472560e+01,-1.924675e+01,-3.555654e+01
31.78100,4.609249e+02,-7.226000e+01,-1.766157e+01,-3.019771e+01
31.78200,4.625983e+02,-6.905047e+01,-1.608647e+01,-2.428259e+01
31.78300,4.643283e+02,-6.665056e+01,-1.447687e+01,-1.910087e+01
31.78400,4.660725e+02,-6.281576e+01,-1.284466e+01,-1.260805e+01
31.78500,4.677410e+02,-5.829029e+01,-1.128568e+01,-5.532280e+00
31.78600,4.694940e+02,-5.535625e+01,-9.663293e+00,-6.257085e-02
31.78700,4.711287e+02,-5.108895e+01,-8.142873e+00,6.672953e+00
31.78800,4.728819e+02,-4.723956e+01,-6.533075e+00,1.289511e+01
31.78900,4.745195e+02,-4.222403e+01,-5.009229e+00,2.013066e+01
31.79000,4.761619e+02,-3.597639e+01,-3.510694e+00,2.837067e+01
31.79100,4.778001e+02,-3.162478e+01,-2.008840e+00,3.478572e+01
31.79200,4.793483e+02,-2.506901e+01,-6.050331e-01,4.318846e+01
31.79300,4.808199e+02,-1.783086e+01,7.440753e-01,5.216115e+01
31.79400,4.822511e+02,-1.113041e+01,2.064919e+00,6.062047e+01
31.79500,4.836943e+02,-4.033594e+00,3.384999e+00,6.924520e+01
31.79600,4.850365e+02,2.800871e+00,4.606863e+00,7.759687e+01
31.79700,4.862375e+02,9.870573e+00,5.707319e+00,8.594053e+01
31.79800,4.873911e+02,1.733587e+01,6.778480e+00,9.462840e+01
31.79900,4.885777e+02,2.434074e+01,7.853927e+00,1.028657e+02
31.80000,4.896651e+02,3.126470e+01,8.854013e+00,1.109499e+02
31.80100,4.906779e+02,3.949280e+01,9.800093e+00,1.200771e+02
31.80200,4.915298e+02,4.605909e+01,1.059701e+01,1.275025e+02
31.80300,4.921303e+02,5.101978e+01,1.116771e+01,1.333989e+02
31.80400,4.925897e+02,5.631235e+01,1.162393e+01,1.394851e+02
31.80500,4.931047e+02,6.284653e+01,1.213207e+01,1.467107e+02
31.80600,4.934937e+02,6.987540e+01,1.259903e+01,1.543029e+02
31.80700,4.935916e+02,7.398447e+01,1.271239e+01,1.589642e+02
31.80800,4.937308e+02,7.957660e+01,1.290816e+01,1.650777e+02
31.80900,4.936010e+02,8.428160e+01,1.286933e+01,1.700875e+02
31.81000,4.932671e+02,8.713747e+01,1.264388e+01,1.732024e+02
31.81100,4.928936e+02,9.027107e+01,1.238337e+01,1.765785e+02
31.81200,4.926477e+02,9.517067e+01,1.233294e+01,1.815405e+02
31.81300,4.919480e+02,9.711213e+01,1.180528e+01,1.834851e+02
31.81400,4.910254e+02,9.851253e+01,1.104461e+01,1.849221e+02
31.81500,4.900486e+02,1.003558e+02,1.024044e+01,1.866891e+02
31.81600,4.889861e+02,1.022974e+02,9.400533e+00,1.885197e+02
31.81700,4.879940e+02,1.047603e+02,8.626053e+00,1.907918e+02
31.81800,4.866757e+02,1.062689e+02,7.583873e+00,1.920348e+02
31.81900,4.853580e+02,1.076705e+02,6.507023e+00,1.929473e+02
31.82000,4.838709e+02,1.080352e+02,5.230274e+00,1.928117e+02
31.82100,4.824141e+02,1.085828e+02,3.993139e+00,1.928927e+02
31.82200,4.809444e+02,1.095428e+02,2.759882e+00,1.932177e+02
31.82300,4.801138e+02,1.136942e+02,2.131325e+00,1.966221e+02
31.82400,4.781989e+02,1.119325e+02,4.566104e-01,1.941103e+02
31.82500,4.765218e+02,1.122365e+02,-1.054487e+00,1.933587e+02
31.82600,4.744408e+02,1.108245e+02,-2.958173e+00,1.907657e+02
31.82700,4.725939e+02,1.107801e+02,-4.589779e+00,1.895360e+02
31.82800,4.708252e+02,1.112829e+02,-6.174418e+00,1.887037e+02
31.82900,4.691852e+02,1.119871e+02,-7.690900e+00,1.879649e+02
31.83000,4.672612e+02,1.111717e+02,-9.476493e+00,1.857628e+02
31.83100,4.656857e+02,1.128570e+02,-1.088124e+01,1.857672e+02
31.83200,4.644561e+02,1.154104e+02,-1.202709e+01,1.863874e+02
31.83300,4.630398e+02,1.169333e+02,-1.339595e+01,1.859711e+02
31.83400,4.613536e+02,1.174069e+02,-1.494985e+01,1.845998e+02
31.83500,4.599243e+02,1.182582e+02,-1.635594e+01,1.833917e+02
31.83600,4.583266e+02,1.195583e+02,-1.792725e+01,1.824001e+02
31.83700,4.569963e+02,1.202937e+02,-1.926597e+01,1.809069e+02
31.83800,4.557457e+02,1.213571e+02,-2.054494e+01,1.796115e+02
31.83900,4.546867e+02,1.237953e+02,-2.155523e+01,1.795350e+02
31.84000,4.528358e+02,1.217899e+02,-2.324479e+01,1.752976e+02
31.84100,4.518265e+02,1.229776e+02,-2.435020e+01,1.739154e+02
31.84200,4.511621e+02,1.259533e+02,-2.512334e+01,1.740255e+02
31.84300,4.505484e+02,1.305303e+02,-2.574342e+01,1.756367e+02
31.84400,4.490304e+02,1.261859e+02,-2.730483e+01,1.689189e+02
31.84500,4.474023e+02,1.211416e+02,-2.886307e+01,1.616035e+02
31.84600,4.453187e+02,1.111377e+02,-3.092555e+01,1.498491e+02
31.84700,4.446143e+02,1.116974e+02,-3.162968e+01,1.474927e+02
31.84800,4.441901e+02,1.131647e+02,-3.213083e+01,1.458988e+02
31.84900,4.437061e+02,1.141014e+02,-3.270567e+01,1.438920e+02
31.85000,4.434088e+02,1.146557e+02,-3.303571e+01,1.414130e+02
31.85100,4.427636e+02,1.120297e+02,-3.366771e+01,1.360177e+02
31.85200,4.426572e+02,1.112222e+02,-3.388382e+01,1.322465e+02
31.85300,4.428997e+02,1.116875e+02,-3.371697e+01,1.295307e+02
31.85400,4.423591e+02,1.043262e+02,-3.424926e+01,1.197584e+02
31.85500,4.420465e+02,9.829140e+01,-3.456862e+01,1.112148e+02
31.85600,4.423491e+02,1.046780e+02,-3.431475e+01,1.138424e+02
31.85700,4.428077e+02,1.038709e+02,-3.392611e+01,1.098831e+02
31.85800,4.428027e+02,9.980147e+01,-3.392573e+01,1.030051e+02
31.85900,4.432562e+02,1.013468e+02,-3.354523e+01,1.011417e+02
31.86000,4.437015e+02,9.655767e+01,-3.311038e+01,9.356560e+01
31.86100,4.446728e+02,9.565687e+01,-3.221316e+01,8.956313e+01
31.86200,4.458592e+02,9.531367e+01,-3.111599e+01,8.604353e+01
31.86300,4.468172e+02,9.425173e+01,-3.022488e+01,8.184487e+01
31.86400,4.478572e+02,9.202773e+01,-2.926959e+01,7.655327e+01
31.86500,4.490639e+02,9.033847e+01,-2.813270e+01,7.180420e+01
31.86600,4.502227e+02,8.726287e+01,-2.702279e+01,6.575932e+01
31.86700,4.516191e+02,8.537993e+01,-2.573464e+01,6.082931e+01
31.86800,4.529531e+02,8.243487e+01,-2.448289e+01,5.505037e+01
31.86900,4.545448e+02,8.061453e+01,-2.301427e+01,5.023219e+01
31.87000,4.561459e+02,7.826320e+01,-2.153163e+01,4.496558e+01
31.87100,4.577871e+02,7.471847e+01,-2.003122e+01,3.864888e+01
31.87200,4.595419e+02,7.227873e+01,-1.843108e+01,3.334158e+01
31.87300,4.613663e+02,7.017167e+01,-1.677055e+01,2.838273e+01
31.87400,4.632219e+02,6.786487e+01,-1.508422e+01,2.335926e+01
31.87500,4.650670e+02,6.405145e+01,-1.340456e+01,1.691633e+01
31.87600,4.670188e+02,6.142707e+01,-1.168391e+01,1.155669e+01
31.87700,4.688953e+02,5.950811e+01,-1.001927e+01,6.952513e+00
31.87800,4.707503e+02,5.452678e+01,-8.386060e+00,-3.924970e-01
31.87900,4.725821e+02,5.054537e+01,-6.742240e+00,-6.783213e+00
31.88000,4.743667e+02,4.668187e+01,-5.152941e+00,-1.304426e+01
31.88100,4.761883e+02,4.190801e+01,-3.551353e+00,-1.990567e+01
31.88200,4.779459e+02,3.749485e+01,-2.017929e+00,-2.644307e+01
31.88300,4.797122e+02,3.279530e+01,-4.845306e-01,-3.329623e+01
31.88400,4.814647e+02,2.800627e+01,1.042504e+00,-4.003469e+01
31.88500,4.831349e+02,2.242285e+01,2.507000e+00,-4.751466e+01
31.88600,4.847444e+02,1.647736e+01,3.902321e+00,-5.519760e+01
31.88700,4.862920e+02,1.041700e+01,5.257479e+00,-6.286341e+01
31.88800,4.877905e+02,3.785813e+00,6.562163e+00,-7.090560e+01
31.88900,4.891643e+02,-2.487331e+00,7.796000e+00,-7.855680e+01
31.89000,4.902179e+02,-8.195640e+00,8.736753e+00,-8.579393e+01
31.89100,4.914060e+02,-1.514023e+01,9.804520e+00,-9.393147e+01
31.89200,4.924980e+02,-2.174333e+01,1.080381e+01,-1.016515e+02
31.89300,4.934272e+02,-2.934760e+01,1.166931e+01,-1.101295e+02
31.89400,4.942415e+02,-3.491161e+01,1.239184e+01,-1.166149e+02
31.89500,4.950015e+02,-4.033489e+01,1.306351e+01,-1.229510e+02
31.89600,4.956073e+02,-4.631421e+01,1.364454e+01,-1.297037e+02
31.89700,4.960211e+02,-5.217658e+01,1.410886e+01,-1.362267e+02
31.89800,4.964529e+02,-5.823137e+01,1.461822e+01,-1.428101e+02
31.89900,4.966215e+02,-6.333651e+01,1.485190e+01,-1.483613e+02
31.90000,4.966891e+02,-6.834300e+01,1.504715e+01,-1.537733e+02
31.90100,4.963955e+02,-7.110067e+01,1.488987e+01,-1.569260e+02
31.90200,4.961493e+02,-7.534627e+01,1.477745e+01,-1.612863e+02
31.90300,4.956803e+02,-7.855767e+01,1.452358e+01,-1.647498e+02
31.90400,4.948895e+02,-8.062900e+01,1.396397e+01,-1.668181e+02
31.90500,4.939109e+02,-8.114473e+01,1.317523e+01,-1.672817e+02
31.90600,4.930990e+02,-8.354880e+01,1.257343e+01,-1.695833e+02
31.90700,4.922813e+02,-8.735007e+01,1.207646e+01,-1.732322e+02
31.90800,4.914178e+02,-9.108540e+01,1.150781e+01,-1.765883e+02
31.90900,4.899759e+02,-9.163633e+01,1.032639e+01,-1.768757e+02
31.91000,4.884705e+02,-9.216433e+01,9.024467e+00,-1.769539e+02
31.91100,4.868175e+02,-9.163020e+01,7.634400e+00,-1.760770e+02
31.91200,4.853473e+02,-9.231247e+01,6.411973e+00,-1.761967e+02
31.91300,4.837367e+02,-9.317020e+01,5.084665e+00,-1.763164e+02
31.91400,4.828789e+02,-9.767300e+01,4.456591e+00,-1.798955e+02
31.91500,4.816729e+02,-9.999707e+01,3.446208e+00,-1.812636e+02
31.91600,4.794121e+02,-9.784767e+01,1.488821e+00,-1.782142e+02
31.91700,4.775512e+02,-9.789487e+01,-1.566634e-01,-1.769185e+02
31.91800,4.755743e+02,-9.692560e+01,-1.947194e+00,-1.747112e+02
31.91900,4.736253e+02,-9.735647e+01,-3.683613e+00,-1.737011e+02
31.92000,4.718687e+02,-9.741093e+01,-5.257311e+00,-1.723478e+02
31.92100,4.700373e+02,-9.809600e+01,-6.921593e+00,-1.714156e+02
31.92200,4.683270e+02,-9.933200e+01,-8.496233e+00,-1.709491e+02
31.92300,4.666794e+02,-1.002839e+02,-1.002035e+01,-1.701396e+02
31.92400,4.648540e+02,-9.990693e+01,-1.173881e+01,-1.679431e+02
31.92500,4.632651e+02,-1.004925e+02,-1.324555e+01,-1.666804e+02
31.92600,4.618023e+02,-1.019346e+02,-1.468843e+01,-1.656837e+02
31.92700,4.605550e+02,-1.049565e+02,-1.594512e+01,-1.662247e+02
31.92800,4.590397e+02,-1.048095e+02,-1.746554e+01,-1.638689e+02
31.92900,4.577043e+02,-1.063295e+02,-1.874908e+01,-1.629455e+02
31.93000,4.564010e+02,-1.069547e+02,-2.006489e+01,-1.610887e+02
31.93100,4.549905e+02,-1.072665e+02,-2.147462e+01,-1.588523e+02
31.93200,4.537405e+02,-1.084287e+02,-2.281187e+01,-1.573242e+02
31.93300,4.530049e+02,-1.111077e+02,-2.365124e+01,-1.571285e+02
31.93400,4.524315e+02,-1.152977e+02,-2.426190e+01,-1.582201e+02
31.93500,4.506913e+02,-1.099927e+02,-2.601282e+01,-1.506047e+02
31.93600,4.489893e+02,-1.048499e+02,-2.771281e+01,-1.430535e+02
31.93700,4.468019e+02,-9.578380e+01,-2.984783e+01,-1.320362e+02
31.93800,4.462504e+02,-9.703673e+01,-3.048813e+01,-1.302185e+02
31.93900,4.457899e+02,-9.870893e+01,-3.098617e+01,-1.286571e+02
31.94000,4.452421e+02,-9.950527e+01,-3.167013e+01,-1.263909e+02
31.94100,4.450183e+02,-1.003080e+02,-3.201201e+01,-1.241068e+02
31.94200,4.448671e+02,-1.005490e+02,-3.222341e+01,-1.211592e+02
31.94300,4.446401e+02,-1.001223e+02,-3.251997e+01,-1.176083e+02
31.94400,4.446909e+02,-9.968900e+01,-3.259315e+01,-1.139949e+02
31.94500,4.450092e+02,-1.003300e+02,-3.232389e+01,-1.113236e+02
31.94600,4.447597e+02,-9.488500e+01,-3.261188e+01,-1.031145e+02
31.94700,4.447603e+02,-8.857787e+01,-3.267173e+01,-9.413447e+01
31.94800,4.452507e+02,-9.280573e+01,-3.226538e+01,-9.468627e+01
31.94900,4.458207e+02,-9.455987e+01,-3.176505e+01,-9.294833e+01
31.95000,4.460404e+02,-9.021220e+01,-3.158613e+01,-8.565980e+01
31.95100,4.471098e+02,-9.212307e+01,-3.062283e+01,-8.408600e+01
31.95200,4.480172e+02,-9.245680e+01,-2.979313e+01,-8.107400e+01
31.95300,4.489391e+02,-9.429600e+01,-2.893094e+01,-7.939840e+01
31.95400,4.499382e+02,-9.044873e+01,-2.801050e+01,-7.261107e+01
31.95500,4.510389e+02,-8.895400e+01,-2.697292e+01,-6.790627e+01
31.95600,4.521512e+02,-8.690507e+01,-2.592921e+01,-6.281457e+01
31.95700,4.534640e+02,-8.456273e+01,-2.470528e+01,-5.735727e+01
31.95800,4.548149e+02,-8.306187e+01,-2.340487e+01,-5.276256e+01
31.95900,4.561586e+02,-7.929507e+01,-2.213933e+01,-4.611279e+01
31.96000,4.576119e+02,-7.658873e+01,-2.076726e+01,-4.045165e+01
31.96100,4.592368e+02,-7.503713e+01,-1.924753e+01,-3.592031e+01
31.96200,4.608710e+02,-7.174640e+01,-1.771220e+01,-2.981992e+01
31.96300,4.625959e+02,-6.925827e+01,-1.608593e+01,-2.456230e+01
31.96400,4.643153e+02,-6.677540e+01,-1.448388e+01,-1.930448e+01
31.96500,4.660769e+02,-6.327197e+01,-1.283412e+01,-1.309502e+01
31.96600,4.677745e+02,-5.843977e+01,-1.126847e+01,-5.770460e+00
31.96700,4.694675e+02,-5.553929e+01,-9.673720e+00,-3.078878e-01
31.96800,4.711128e+02,-5.110965e+01,-8.164113e+00,6.575273e+00
31.96900,4.728751e+02,-4.735521e+01,-6.541581e+00,1.268144e+01
31.97000,4.745005e+02,-4.223456e+01,-5.020694e+00,2.003011e+01
31.97100,4.761399e+02,-3.633739e+01,-3.530503e+00,2.798617e+01
31.97200,4.777669e+02,-3.143091e+01,-2.035522e+00,3.491041e+01
31.97300,4.793455e+02,-2.525359e+01,-6.063655e-01,4.292742e+01
31.97400,4.808689e+02,-1.886617e+01,7.856847e-01,5.113684e+01
31.97500,4.822521e+02,-1.166783e+01,2.066519e+00,6.007670e+01
31.97600,4.836890e+02,-4.130180e+00,3.382206e+00,6.910713e+01
31.97700,4.850415e+02,2.618950e+00,4.614231e+00,7.737253e+01
31.97800,4.862965e+02,8.385007e+00,5.756135e+00,8.451920e+01
31.97900,4.873895e+02,1.731257e+01,6.784073e+00,9.455507e+01
31.98000,4.885696e+02,2.445169e+01,7.856913e+00,1.029318e+02
31.98100,4.896812e+02,3.164278e+01,8.861287e+00,1.112241e+02
31.98200,4.906785e+02,3.921087e+01,9.801833e+00,1.197859e+02
31.98300,4.915387e+02,4.577699e+01,1.060713e+01,1.272253e+02
31.98400,4.922561e+02,5.197406e+01,1.128525e+01,1.342199e+02
31.98500,4.926061e+02,5.608399e+01,1.164012e+01,1.392420e+02
31.98600,4.931271e+02,6.248580e+01,1.214480e+01,1.463498e+02
31.98700,4.935425e+02,7.001553e+01,1.264315e+01,1.544043e+02
31.98800,4.936339e+02,7.415013e+01,1.276752e+01,1.591106e+02
31.98900,4.937953e+02,7.962567e+01,1.296095e+01,1.650911e+02
31.99000,4.936644e+02,8.439653e+01,1.291953e+01,1.701485e+02
31.99100,4.932989e+02,8.685573e+01,1.266465e+01,1.729467e+02
31.99200,4.929923e+02,9.033060e+01,1.247831e+01,1.766135e+02
31.99300,4.927426e+02,9.535100e+01,1.242662e+01,1.816900e+02
31.99400,4.919959e+02,9.694300e+01,1.183409e+01,1.833238e+02
31.99500,4.911854e+02,9.931547e+01,1.120341e+01,1.856467e+02
31.99600,4.901485e+02,1.005830e+02,1.031691e+01,1.868917e+02
31.99700,4.891504e+02,1.026825e+02,9.566573e+00,1.888730e+02
31.99800,4.880824e+02,1.045170e+02,8.688513e+00,1.905753e+02
31.99900,4.868357e+02,1.067767e+02,7.728627e+00,1.924909e+02
32.00000,4.854229e+02,1.075637e+02,6.556250e+00,1.928631e+02
32.00100,4.840112e+02,1.086677e+02,5.374996e+00,1.933992e+02
32.00200,4.825379e+02,1.087577e+02,4.101809e+00,1.930529e+02
32.00300,4.810831e+02,1.098275e+02,2.882453e+00,1.934873e+02
32.00400,4.802815e+02,1.141687e+02,2.286273e+00,1.970742e+02
32.00500,4.782693e+02,1.119829e+02,5.036711e-01,1.941741e+02
32.00600,4.767120e+02,1.127719e+02,-8.733233e-01,1.938846e+02
32.00700,4.746164e+02,1.111765e+02,-2.794608e+00,1.911283e+02
32.00800,4.727276e+02,1.110301e+02,-4.466873e+00,1.897907e+02
32.00900,4.709771e+02,1.115734e+02,-6.031558e+00,1.890079e+02
32.01000,4.692708e+02,1.119043e+02,-7.605080e+00,1.879331e+02
32.01100,4.674077e+02,1.113651e+02,-9.344053e+00,1.859774e+02
32.01200,4.658648e+02,1.132159e+02,-1.071609e+01,1.861409e+02
32.01300,4.646245e+02,1.157657e+02,-1.186611e+01,1.867626e+02
32.01400,4.631906e+02,1.170811e+02,-1.324934e+01,1.861736e+02
32.01500,4.614471e+02,1.175834e+02,-1.486273e+01,1.847928e+02
32.01600,4.600178e+02,1.185633e+02,-1.626665e+01,1.837060e+02
32.01700,4.584790e+02,1.199370e+02,-1.777779e+01,1.827977e+02
32.01800,4.571274e+02,1.203549e+02,-1.913895e+01,1.810347e+02
32.01900,4.558663e+02,1.215243e+02,-2.042022e+01,1.798403e+02
32.02000,4.547629e+02,1.234307e+02,-2.148952e+01,1.792693e+02
32.02100,4.530165e+02,1.222199e+02,-2.306663e+01,1.757663e+02
32.02200,4.520037e+02,1.236480e+02,-2.418319e+01,1.745729e+02
32.02300,4.511839e+02,1.253114e+02,-2.508685e+01,1.735422e+02
32.02400,4.506266e+02,1.304487e+02,-2.565745e+01,1.756406e+02
32.02500,4.492104e+02,1.265499e+02,-2.714043e+01,1.693553e+02
32.02600,4.475115e+02,1.211420e+02,-2.876303e+01,1.616795e+02
32.02700,4.454786e+02,1.116451e+02,-3.076271e+01,1.503958e+02
32.02800,4.447191e+02,1.120971e+02,-3.152613e+01,1.479374e+02
32.02900,4.442447e+02,1.132927e+02,-3.207123e+01,1.460787e+02
32.03000,4.438131e+02,1.143303e+02,-3.259808e+01,1.441940e+02
32.03100,4.434627e+02,1.146089e+02,-3.297934e+01,1.414555e+02
32.03200,4.428752e+02,1.122703e+02,-3.356031e+01,1.363403e+02
32.03300,4.427439e+02,1.114485e+02,-3.379241e+01,1.325458e+02
32.03400,4.429669e+02,1.118675e+02,-3.364761e+01,1.297866e+02
32.03500,4.424597e+02,1.050276e+02,-3.416595e+01,1.204845e+02
32.03600,4.421904e+02,9.849213e+01,-3.442585e+01,1.114800e+02
32.03700,4.423512e+02,1.041769e+02,-3.430042e+01,1.135121e+02
32.03800,4.428420e+02,1.039640e+02,-3.390386e+01,1.100386e+02
32.03900,4.428669e+02,9.977320e+01,-3.386401e+01,1.030944e+02
32.04000,4.433031e+02,1.011254e+02,-3.349028e+01,1.010439e+02
32.04100,4.437401e+02,9.687120e+01,-3.307575e+01,9.394620e+01
32.04200,4.447645e+02,9.588293e+01,-3.212697e+01,8.987333e+01
32.04300,4.458995e+02,9.554620e+01,-3.106666e+01,8.636800e+01
32.04400,4.468143e+02,9.417733e+01,-3.023147e+01,8.185380e+01
32.04500,4.478667e+02,9.211007e+01,-2.925625e+01,7.672820e+01
32.04600,4.491192e+02,9.108073e+01,-2.807288e+01,7.256127e+01
32.04700,4.502705e+02,8.735853e+01,-2.698327e+01,6.596323e+01
32.04800,4.516196e+02,8.540373e+01,-2.572914e+01,6.094662e+01
32.04900,4.529579e+02,8.249100e+01,-2.447633e+01,5.519907e+01
32.05000,4.545445e+02,8.087100e+01,-2.300103e+01,5.056483e+01
32.05100,4.561255e+02,7.792207e+01,-2.155021e+01,4.475217e+01
32.05200,4.577907e+02,7.484687e+01,-2.002929e+01,3.885296e+01
32.05300,4.595321e+02,7.232800e+01,-1.843423e+01,3.347708e+01
32.05400,4.613441e+02,7.008327e+01,-1.678453e+01,2.839965e+01
32.05500,4.632326e+02,6.779560e+01,-1.507687e+01,2.340055e+01
32.05600,4.650252e+02,6.426208e+01,-1.342389e+01,1.718997e+01
32.05700,4.670183e+02,6.157263e+01,-1.169578e+01,1.178377e+01
32.05800,4.688975e+02,5.946587e+01,-1.001262e+01,7.009633e+00
32.05900,4.707038e+02,5.482077e+01,-8.421667e+00,-6.309695e-02
32.06000,4.725580e+02,5.078681e+01,-6.751920e+00,-6.464592e+00
32.06100,4.743485e+02,4.633918e+01,-5.163731e+00,-1.325701e+01
32.06200,4.761794e+02,4.196233e+01,-3.552885e+00,-1.976254e+01
32.06300,4.779391e+02,3.800764e+01,-2.016705e+00,-2.590487e+01
32.06400,4.797003e+02,3.290236e+01,-4.888990e-01,-3.312091e+01
32.06500,4.814598e+02,2.804113e+01,1.040174e+00,-3.993190e+01
32.06600,4.831135e+02,2.270875e+01,2.500479e+00,-4.717196e+01
32.06700,4.847323e+02,1.645839e+01,3.898173e+00,-5.515575e+01
32.06800,4.862895e+02,1.020485e+01,5.261417e+00,-6.297181e+01
32.06900,4.877747e+02,3.881210e+00,6.557142e+00,-7.075807e+01
32.07000,4.891852e+02,-2.048367e+00,7.815600e+00,-7.809020e+01
32.07100,4.902354e+02,-7.695153e+00,8.752827e+00,-8.525920e+01
32.07200,4.914229e+02,-1.500695e+01,9.823880e+00,-9.374747e+01
32.07300,4.924963e+02,-2.158419e+01,1.080654e+01,-1.014729e+02
32.07400,4.934638e+02,-2.835229e+01,1.170280e+01,-1.091671e+02
32.07500,4.942760e+02,-3.509326e+01,1.242860e+01,-1.167450e+02
32.07600,4.950272e+02,-4.062519e+01,1.310135e+01,-1.231695e+02
32.07700,4.955893e+02,-4.595949e+01,1.362007e+01,-1.293328e+02
32.07800,4.961551e+02,-5.270673e+01,1.426341e+01,-1.366756e+02
32.07900,4.964984e+02,-5.828011e+01,1.465822e+01,-1.428251e+02
32.08000,4.966707e+02,-6.331097e+01,1.489392e+01,-1.483215e+02
32.08100,4.967538e+02,-6.845240e+01,1.510535e+01,-1.538413e+02
32.08200,4.964741e+02,-7.130867e+01,1.496175e+01,-1.571007e+02
32.08300,4.962028e+02,-7.525573e+01,1.482235e+01,-1.611910e+02
32.08400,4.957908e+02,-7.870273e+01,1.461893e+01,-1.648445e+02
32.08500,4.949905e+02,-8.087520e+01,1.405773e+01,-1.670076e+02
32.08600,4.939994e+02,-8.133313e+01,1.325938e+01,-1.674545e+02
32.08700,4.931953e+02,-8.353953e+01,1.264792e+01,-1.695529e+02
32.08800,4.923710e+02,-8.745793e+01,1.215373e+01,-1.733263e+02
32.08900,4.914949e+02,-9.103980e+01,1.156456e+01,-1.765494e+02
32.09000,4.902083e+02,-9.268260e+01,1.056435e+01,-1.778395e+02
32.09100,4.887176e+02,-9.292620e+01,9.264160e+00,-1.776692e+02
32.09200,4.869279e+02,-9.159573e+01,7.723607e+00,-1.760462e+02
32.09300,4.854862e+02,-9.251727e+01,6.525371e+00,-1.763956e+02
32.09400,4.838414e+02,-9.312320e+01,5.179169e+00,-1.763039e+02
32.09500,4.830005e+02,-9.789980e+01,4.576296e+00,-1.801107e+02
32.09600,4.817927e+02,-1.000989e+02,3.562587e+00,-1.813711e+02
32.09700,4.795689e+02,-9.822500e+01,1.625880e+00,-1.785947e+02
32.09800,4.777387e+02,-9.835287e+01,1.792074e-02,-1.773711e+02
32.09900,4.757455e+02,-9.747707e+01,-1.784544e+00,-1.752424e+02
32.10000,4.738025e+02,-9.755920e+01,-3.520219e+00,-1.739253e+02
32.10100,4.720325e+02,-9.797660e+01,-5.108776e+00,-1.728937e+02
32.10200,4.701857e+02,-9.823073e+01,-6.773320e+00,-1.715784e+02
32.10300,4.685021e+02,-9.955800e+01,-8.330447e+00,-1.712050e+02
32.10400,4.669393e+02,-1.011089e+02,-9.774813e+00,-1.709577e+02
32.10500,4.650217e+02,-1.002681e+02,-1.158154e+01,-1.683158e+02
32.10600,4.633321e+02,-1.005093e+02,-1.317589e+01,-1.667270e+02
32.10700,4.619769e+02,-1.021696e+02,-1.452231e+01,-1.659797e+02
32.10800,4.607215e+02,-1.052018e+02,-1.578955e+01,-1.664991e+02
32.10900,4.591863e+02,-1.056875e+02,-1.730012e+01,-1.647081e+02
32.11000,4.577995e+02,-1.061763e+02,-1.865404e+01,-1.628689e+02
32.11100,4.565277e+02,-1.070321e+02,-1.993936e+01,-1.612259e+02
32.11200,4.551544e+02,-1.075141e+02,-2.131387e+01,-1.591437e+02
32.11300,4.538839e+02,-1.086749e+02,-2.267603e+01,-1.576160e+02
32.11400,4.531273e+02,-1.112403e+02,-2.353876e+01,-1.573132e+02
32.11500,4.524986e+02,-1.151936e+02,-2.417786e+01,-1.582043e+02
32.11600,4.508615e+02,-1.105093e+02,-2.584348e+01,-1.511570e+02
32.11700,4.491199e+02,-1.050293e+02,-2.758509e+01,-1.433034e+02
32.11800,4.469499e+02,-9.635533e+01,-2.970208e+01,-1.326192e+02
32.11900,4.463625e+02,-9.726827e+01,-3.037229e+01,-1.305105e+02
32.12000,4.458947e+02,-9.894960e+01,-3.088735e+01,-1.289550e+02
32.12100,4.453672e+02,-9.961440e+01,-3.155363e+01,-1.265987e+02
32.12200,4.450709e+02,-1.006865e+02,-3.193815e+01,-1.244936e+02
32.12300,4.449190e+02,-1.005516e+02,-3.216588e+01,-1.212654e+02
32.12400,4.447224e+02,-1.003018e+02,-3.244237e+01,-1.178550e+02
32.12500,4.447556e+02,-9.982640e+01,-3.252116e+01,-1.142133e+02
32.12600,4.450649e+02,-1.005324e+02,-3.226684e+01,-1.115987e+02
32.12700,4.448579e+02,-9.568713e+01,-3.251715e+01,-1.039363e+02
32.12800,4.448187e+02,-8.912847e+01,-3.261056e+01,-9.472507e+01
32.12900,4.453085e+02,-9.199493e+01,-3.220912e+01,-9.403433e+01
32.13000,4.458645e+02,-9.471520e+01,-3.171825e+01,-9.318120e+01
32.13100,4.460519e+02,-9.027627e+01,-3.156979e+01,-8.580987e+01
32.13200,4.472458e+02,-9.255413e+01,-3.050263e+01,-8.459540e+01
32.13300,4.481451e+02,-9.154400e+01,-2.967329e+01,-8.033647e+01
32.13400,4.489687e+02,-9.540813e+01,-2.890530e+01,-8.050047e+01
32.13500,4.499782e+02,-9.088593e+01,-2.796019e+01,-7.309013e+01
32.13600,4.510356e+02,-8.869953e+01,-2.697310e+01,-6.777093e+01
32.13700,4.521720e+02,-8.713687e+01,-2.590543e+01,-6.311145e+01
32.13800,4.534699e+02,-8.489747e+01,-2.469335e+01,-5.773016e+01
32.13900,4.548621e+02,-8.311820e+01,-2.336919e+01,-5.290823e+01
32.14000,4.561627e+02,-7.943527e+01,-2.213077e+01,-4.632438e+01
32.14100,4.576225e+02,-7.677280e+01,-2.075763e+01,-4.070579e+01
32.14200,4.592445e+02,-7.497907e+01,-1.923905e+01,-3.596556e+01
32.14300,4.608613e+02,-7.185927e+01,-1.772231e+01,-3.000337e+01
32.14400,4.625620e+02,-6.931013e+01,-1.611345e+01,-2.467690e+01
32.14500,4.642981e+02,-6.695660e+01,-1.449118e+01,-1.954546e+01
32.14600,4.660559e+02,-6.310328e+01,-1.284969e+01,-1.303063e+01
32.14700,4.677623e+02,-5.870082e+01,-1.127668e+01,-6.086255e+00
32.14800,4.694568e+02,-5.564419e+01,-9.690160e+00,-4.757406e-01
32.14900,4.711162e+02,-5.138685e+01,-8.160527e+00,6.239375e+00
32.15000,4.728684e+02,-4.734619e+01,-6.545828e+00,1.260617e+01
32.15100,4.744854e+02,-4.199183e+01,-5.037567e+00,2.016471e+01
32.15200,4.761001e+02,-3.664771e+01,-3.557859e+00,2.764468e+01
32.15300,4.777552e+02,-3.138739e+01,-2.045388e+00,3.487760e+01
32.15400,4.793295e+02,-2.537062e+01,-6.170072e-01,4.275921e+01
32.15500,4.808930e+02,-1.960790e+01,8.065353e-01,5.039440e+01
32.15600,4.822753e+02,-1.177925e+01,2.086019e+00,5.987961e+01
32.15700,4.836661e+02,-4.147123e+00,3.365546e+00,6.905733e+01
32.15800,4.850471e+02,2.386336e+00,4.620017e+00,7.708667e+01
32.15900,4.862975e+02,8.253633e+00,5.761695e+00,8.435127e+01
32.16000,4.874329e+02,1.634614e+01,6.818193e+00,9.361073e+01
32.16100,4.885579e+02,2.453225e+01,7.856013e+00,1.029908e+02
32.16200,4.896685e+02,3.157880e+01,8.858027e+00,1.111353e+02
32.16300,4.907134e+02,3.942563e+01,9.826140e+00,1.199163e+02
32.16400,4.915581e+02,4.557557e+01,1.062695e+01,1.270093e+02
32.16500,4.923141e+02,5.234140e+01,1.134053e+01,1.345085e+02
32.16600,4.926371e+02,5.604383e+01,1.166924e+01,1.391703e+02
32.16700,4.931494e+02,6.248751e+01,1.217361e+01,1.463079e+02
32.16800,4.935951e+02,6.976360e+01,1.265645e+01,1.541450e+02
32.16900,4.937190e+02,7.500913e+01,1.287991e+01,1.598980e+02
32.17000,4.938536e+02,7.996467e+01,1.301162e+01,1.653559e+02
32.17100,4.937036e+02,8.404040e+01,1.294887e+01,1.698009e+02
32.17200,4.933290e+02,8.660967e+01,1.267877e+01,1.727161e+02
32.17300,4.931168e+02,9.051527e+01,1.260914e+01,1.767479e+02
32.17400,4.928114e+02,9.541240e+01,1.248467e+01,1.817295e+02
32.17500,4.920729e+02,9.721580e+01,1.189551e+01,1.835626e+02
32.17600,4.912499e+02,9.927367e+01,1.124973e+01,1.855884e+02
32.17700,4.903554e+02,1.014866e+02,1.052587e+01,1.877273e+02
32.17800,4.892958e+02,1.031531e+02,9.706387e+00,1.892926e+02
32.17900,4.882080e+02,1.048276e+02,8.801640e+00,1.908535e+02
32.18000,4.869743e+02,1.069326e+02,7.844153e+00,1.926351e+02
32.18100,4.854595e+02,1.073158e+02,6.580699e+00,1.926510e+02
32.18200,4.841805e+02,1.092295e+02,5.535276e+00,1.939271e+02
32.18300,4.826704e+02,1.090695e+02,4.221311e+00,1.933335e+02
32.18400,4.812053e+02,1.098955e+02,2.993285e+00,1.935651e+02
32.18500,4.804629e+02,1.147002e+02,2.459863e+00,1.975770e+02
32.18600,4.783688e+02,1.121951e+02,5.835115e-01,1.943821e+02
32.18700,4.768855e+02,1.133332e+02,-7.101873e-01,1.944225e+02
32.18800,4.748079e+02,1.116508e+02,-2.616749e+00,1.916031e+02
32.18900,4.728659e+02,1.113495e+02,-4.341865e+00,1.900996e+02
32.19000,4.711226e+02,1.118023e+02,-5.893309e+00,1.892531e+02
32.19100,4.693766e+02,1.119959e+02,-7.498880e+00,1.880521e+02
32.19200,4.675711e+02,1.116515e+02,-9.197480e+00,1.862764e+02
32.19300,4.660461e+02,1.135627e+02,-1.054917e+01,1.864992e+02
32.19400,4.648049e+02,1.159536e+02,-1.169469e+01,1.869960e+02
32.19500,4.633106e+02,1.174642e+02,-1.313287e+01,1.865539e+02
32.19600,4.615793e+02,1.178094e+02,-1.474491e+01,1.850329e+02
32.19700,4.601274e+02,1.190499e+02,-1.615514e+01,1.841797e+02
32.19800,4.585831e+02,1.198097e+02,-1.766888e+01,1.827453e+02
32.19900,4.572647e+02,1.204130e+02,-1.900164e+01,1.811611e+02
32.20000,4.560035e+02,1.217564e+02,-2.028255e+01,1.801211e+02
32.20100,4.548888e+02,1.234614e+02,-2.138525e+01,1.793513e+02
32.20200,4.531683e+02,1.224816e+02,-2.291845e+01,1.760774e+02
32.20300,4.521297e+02,1.240045e+02,-2.405505e+01,1.749508e+02
32.20400,4.512999e+02,1.252686e+02,-2.496674e+01,1.735847e+02
32.20500,4.506847e+02,1.301327e+02,-2.559963e+01,1.754365e+02
32.20600,4.494322e+02,1.274079e+02,-2.692651e+01,1.702165e+02
32.20700,4.476122e+02,1.211564e+02,-2.867041e+01,1.617614e+02
32.20800,4.456138e+02,1.124893e+02,-3.061809e+01,1.512303e+02
32.20900,4.448680e+02,1.122887e+02,-3.138698e+01,1.482096e+02
32.21000,4.443349e+02,1.133297e+02,-3.197903e+01,1.461899e+02
32.21100,4.439001e+02,1.145045e+02,-3.250140e+01,1.444291e+02
32.21200,4.435345e+02,1.146369e+02,-3.291325e+01,1.415653e+02
32.21300,4.429741e+02,1.125068e+02,-3.346697e+01,1.366405e+02
32.21400,4.428169e+02,1.115481e+02,-3.371233e+01,1.327237e+02
32.21500,4.430185e+02,1.118667e+02,-3.358781e+01,1.298713e+02
32.21600,4.425517e+02,1.055734e+02,-3.409302e+01,1.210895e+02
32.21700,4.423162e+02,9.854447e+01,-3.430461e+01,1.116029e+02
32.21800,4.424021e+02,1.041417e+02,-3.424592e+01,1.135765e+02
32.21900,4.428743e+02,1.038023e+02,-3.387817e+01,1.099864e+02
32.22000,4.428919e+02,9.970433e+01,-3.383462e+01,1.031089e+02
32.22100,4.433601e+02,1.010547e+02,-3.342323e+01,1.010765e+02
32.22200,4.438229e+02,9.745927e+01,-3.299787e+01,9.457967e+01
32.22300,4.448265e+02,9.600040e+01,-3.206888e+01,9.007447e+01
32.22400,4.459375e+02,9.576147e+01,-3.102607e+01,8.666407e+01
32.22500,4.468383e+02,9.405340e+01,-3.020789e+01,8.183133e+01
32.22600,4.479154e+02,9.261413e+01,-2.920741e+01,7.726860e+01
32.22700,4.491324e+02,9.115093e+01,-2.805900e+01,7.271367e+01
32.22800,4.503019e+02,8.738847e+01,-2.695865e+01,6.609773e+01
32.22900,4.516201e+02,8.541707e+01,-2.572260e+01,6.104557e+01
32.23000,4.529600e+02,8.261560e+01,-2.446891e+01,5.541590e+01
32.23100,4.545463e+02,8.101327e+01,-2.298912e+01,5.078840e+01
32.23200,4.561157e+02,7.769227e+01,-2.156168e+01,4.462987e+01
32.23300,4.577828e+02,7.481620e+01,-2.003467e+01,3.891305e+01
32.23400,4.595201e+02,7.234320e+01,-1.843775e+01,3.357525e+01
32.23500,4.613421e+02,7.002320e+01,-1.678421e+01,2.844900e+01
32.23600,4.631919e+02,6.777887e+01,-1.510219e+01,2.345974e+01
32.23700,4.650509e+02,6.420179e+01,-1.341117e+01,1.724061e+01
32.23800,4.669858e+02,6.189739e+01,-1.171759e+01,1.215738e+01
32.23900,4.688874e+02,5.940895e+01,-1.002041e+01,7.036113e+00
32.24000,4.706876e+02,5.457893e+01,-8.423180e+00,-1.958887e-01
32.24100,4.725055e+02,5.111396e+01,-6.791013e+00,-6.098941e+00
32.24200,4.743517e+02,4.622511e+01,-5.155935e+00,-1.325347e+01
32.24300,4.761711e+02,4.199348e+01,-3.558043e+00,-1.964285e+01
32.24400,4.779238e+02,3.809416e+01,-2.021265e+00,-2.575501e+01
32.24500,4.796909e+02,3.302819e+01,-4.920211e-01,-3.292260e+01
32.24600,4.814497e+02,2.808921e+01,1.037571e+00,-3.981424e+01
32.24700,4.831081e+02,2.274497e+01,2.498451e+00,-4.707107e+01
32.24800,4.847178e+02,1.654543e+01,3.895116e+00,-5.501615e+01
32.24900,4.862826e+02,1.011952e+01,5.262841e+00,-6.297051e+01
32.25000,4.877680e+02,3.980341e+00,6.563881e+00,-7.060367e+01
32.25100,4.892033e+02,-2.404019e+00,7.831173e+00,-7.835467e+01
32.25200,4.902657e+02,-6.896087e+00,8.777127e+00,-8.445353e+01
32.25300,4.914397e+02,-1.492440e+01,9.843153e+00,-9.361133e+01
32.25400,4.925294e+02,-2.154394e+01,1.083919e+01,-1.013645e+02
32.25500,4.934661e+02,-2.776932e+01,1.171369e+01,-1.086043e+02
32.25600,4.943162e+02,-3.500683e+01,1.246517e+01,-1.166186e+02
32.25700,4.950662e+02,-4.084985e+01,1.313903e+01,-1.233322e+02
32.25800,4.956405e+02,-4.600911e+01,1.368037e+01,-1.293349e+02
32.25900,4.962176e+02,-5.287925e+01,1.432427e+01,-1.367999e+02
32.26000,4.965624e+02,-5.848789e+01,1.471720e+01,-1.429859e+02
32.26100,4.967442e+02,-6.347711e+01,1.495766e+01,-1.484589e+02
32.26200,4.967993e+02,-6.831747e+01,1.513981e+01,-1.536819e+02
32.26300,4.965917e+02,-7.199393e+01,1.508673e+01,-1.576977e+02
32.26400,4.962907e+02,-7.541000e+01,1.490203e+01,-1.613268e+02
32.26500,4.958887e+02,-7.883647e+01,1.470472e+01,-1.649347e+02
32.26600,4.950797e+02,-8.087853e+01,1.413593e+01,-1.669835e+02
32.26700,4.941293e+02,-8.174260e+01,1.336919e+01,-1.678068e+02
32.26800,4.933021e+02,-8.376687e+01,1.274315e+01,-1.697428e+02
32.26900,4.924582e+02,-8.749747e+01,1.222610e+01,-1.733505e+02
32.27000,4.915922e+02,-9.118747e+01,1.164827e+01,-1.766784e+02
32.27100,4.904353e+02,-9.354300e+01,1.078420e+01,-1.786269e+02
32.27200,4.889063e+02,-9.318013e+01,9.450500e+00,-1.779279e+02
32.27300,4.870724e+02,-9.183980e+01,7.845753e+00,-1.762641e+02
32.27400,4.856295e+02,-9.285860e+01,6.651903e+00,-1.767071e+02
32.27500,4.839073e+02,-9.295193e+01,5.235177e+00,-1.761741e+02
32.27600,4.831910e+02,-9.853900e+01,4.754827e+00,-1.806914e+02
32.27700,4.819039e+02,-1.002067e+02,3.673263e+00,-1.814775e+02
32.27800,4.797537e+02,-9.875993e+01,1.790661e+00,-1.791133e+02
32.27900,4.778974e+02,-9.857513e+01,1.617042e-01,-1.776065e+02
32.28000,4.759452e+02,-9.811407e+01,-1.583775e+00,-1.758706e+02
32.28100,4.739846e+02,-9.779400e+01,-3.352427e+00,-1.741765e+02
32.28200,4.722563e+02,-9.859187e+01,-4.903692e+00,-1.735099e+02
32.28300,4.703438e+02,-9.851680e+01,-6.623377e+00,-1.718630e+02
32.28400,4.686969e+02,-9.987027e+01,-8.144200e+00,-1.715369e+02
32.28500,4.670776e+02,-1.011876e+02,-9.646767e+00,-1.710807e+02
32.28600,4.651643e+02,-1.008015e+02,-1.144114e+01,-1.688258e+02
32.28700,4.634241e+02,-1.007236e+02,-1.308270e+01,-1.669363e+02
32.28800,4.622517e+02,-1.030819e+02,-1.426915e+01,-1.668671e+02
32.28900,4.607444e+02,-1.048880e+02,-1.576090e+01,-1.662618e+02
32.29000,4.593670e+02,-1.062064e+02,-1.710624e+01,-1.652286e+02
32.29100,4.579229e+02,-1.061229e+02,-1.853019e+01,-1.628969e+02
32.29200,4.566877e+02,-1.074326e+02,-1.978315e+01,-1.616519e+02
32.29300,4.553753e+02,-1.079629e+02,-2.110433e+01,-1.596129e+02
32.29400,4.540777e+02,-1.090940e+02,-2.249920e+01,-1.580815e+02
32.29500,4.532096e+02,-1.112812e+02,-2.345397e+01,-1.574018e+02
32.29600,4.525825e+02,-1.152023e+02,-2.408851e+01,-1.582793e+02
32.29700,4.510747e+02,-1.114493e+02,-2.563965e+01,-1.520801e+02
32.29800,4.492617e+02,-1.052010e+02,-2.744275e+01,-1.435551e+02
32.29900,4.471373e+02,-9.687167e+01,-2.952432e+01,-1.331781e+02
32.30000,4.463916e+02,-9.714447e+01,-3.032669e+01,-1.304515e+02
32.30100,4.460085e+02,-9.876767e+01,-3.079855e+01,-1.288837e+02
32.30200,4.454736e+02,-1.000302e+02,-3.143412e+01,-1.270593e+02
32.30300,4.452382e+02,-1.013092e+02,-3.177825e+01,-1.251463e+02
32.30400,4.449059e+02,-1.006415e+02,-3.216459e+01,-1.213964e+02
32.30500,4.447439e+02,-1.001743e+02,-3.241831e+01,-1.178137e+02
32.30600,4.448575e+02,-1.001193e+02,-3.241783e+01,-1.145790e+02
32.30700,4.451233e+02,-1.006933e+02,-3.220972e+01,-1.118323e+02
32.30800,4.449594e+02,-9.634633e+01,-3.242080e+01,-1.046280e+02
32.30900,4.448885e+02,-8.982460e+01,-3.253861e+01,-9.544460e+01
32.31000,4.453501e+02,-9.109947e+01,-3.216971e+01,-9.330753e+01
32.31100,4.459089e+02,-9.481207e+01,-3.167221e+01,-9.335813e+01
32.31200,4.461235e+02,-9.089093e+01,-3.150135e+01,-8.644920e+01
32.31300,4.473423e+02,-9.295393e+01,-3.041188e+01,-8.506140e+01
32.31400,4.482179e+02,-9.159760e+01,-2.960597e+01,-8.047333e+01
32.31500,4.490295e+02,-9.480833e+01,-2.885001e+01,-8.005433e+01
32.31600,4.500223e+02,-9.128040e+01,-2.791946e+01,-7.354040e+01
32.31700,4.510384e+02,-8.909267e+01,-2.695647e+01,-6.819960e+01
32.31800,4.522075e+02,-8.734253e+01,-2.587138e+01,-6.337855e+01
32.31900,4.534976e+02,-8.523600e+01,-2.466671e+01,-5.812296e+01
32.32000,4.548859e+02,-8.297740e+01,-2.335279e+01,-5.287246e+01
32.32100,4.561477e+02,-7.935660e+01,-2.213949e+01,-4.633252e+01
32.32200,4.576235e+02,-7.683320e+01,-2.075370e+01,-4.084647e+01
32.32300,4.592664e+02,-7.530053e+01,-1.921702e+01,-3.634492e+01
32.32400,4.608525e+02,-7.183587e+01,-1.773317e+01,-3.006037e+01
32.32500,4.625560e+02,-6.940607e+01,-1.611933e+01,-2.484689e+01
32.32600,4.642595e+02,-6.702600e+01,-1.451950e+01,-1.969269e+01
32.32700,4.660224e+02,-6.283638e+01,-1.287772e+01,-1.287022e+01
32.32800,4.677540e+02,-5.924859e+01,-1.129019e+01,-6.649527e+00
32.32900,4.694656e+02,-5.547285e+01,-9.687047e+00,-4.057033e-01
32.33000,4.711229e+02,-5.172931e+01,-8.154707e+00,5.838228e+00
32.33100,4.728587e+02,-4.739483e+01,-6.545085e+00,1.250089e+01
32.33200,4.744756e+02,-4.192451e+01,-5.047710e+00,2.014275e+01
32.33300,4.760586e+02,-3.690428e+01,-3.587227e+00,2.735098e+01
32.33400,4.777465e+02,-3.125631e+01,-2.054260e+00,3.490387e+01
32.33500,4.793099e+02,-2.542744e+01,-6.319925e-01,4.264937e+01
32.33600,4.808765e+02,-1.983785e+01,7.935840e-01,5.012433e+01
32.33700,4.823127e+02,-1.240797e+01,2.115735e+00,5.922732e+01
32.33800,4.836438e+02,-4.203064e+00,3.349665e+00,6.897760e+01
32.33900,4.850498e+02,2.226784e+00,4.625265e+00,7.687313e+01
32.34000,4.862974e+02,8.001353e+00,5.766567e+00,8.407047e+01
32.34100,4.874911e+02,1.501925e+01,6.862373e+00,9.233133e+01
32.34200,4.885669e+02,2.486777e+01,7.873047e+00,1.032440e+02
32.34300,4.896727e+02,3.203409e+01,8.868847e+00,1.114998e+02
32.34400,4.906912e+02,3.912251e+01,9.810473e+00,1.196232e+02
32.34500,4.915889e+02,4.550085e+01,1.064839e+01,1.268961e+02
32.34600,4.923535e+02,5.246552e+01,1.137813e+01,1.345815e+02
32.34700,4.926666e+02,5.599440e+01,1.169686e+01,1.390913e+02
32.34800,4.931728e+02,6.221862e+01,1.219679e+01,1.460330e+02
32.34900,4.936359e+02,6.967300e+01,1.267841e+01,1.540315e+02
32.35000,4.937809e+02,7.529040e+01,1.294604e+01,1.601471e+02
32.35100,4.939011e+02,8.005180e+01,1.305513e+01,1.654235e+02
32.35200,4.937700e+02,8.415747e+01,1.300422e+01,1.698695e+02
32.35300,4.934290e+02,8.674567e+01,1.278022e+01,1.728232e+02
32.35400,4.932167e+02,9.097633e+01,1.270501e+01,1.771441e+02
32.35500,4.928591e+02,9.532627e+01,1.251973e+01,1.816351e+02
32.35600,4.921455e+02,9.741853e+01,1.195330e+01,1.837325e+02
32.35700,4.913255e+02,9.941227e+01,1.130992e+01,1.856815e+02
32.35800,4.905529e+02,1.022682e+02,1.072559e+01,1.884577e+02
32.35900,4.894109e+02,1.034591e+02,9.808053e+00,1.895647e+02
32.36000,4.883619e+02,1.054288e+02,8.954600e+00,1.913953e+02
32.36100,4.871239e+02,1.071699e+02,7.953773e+00,1.928445e+02
32.36200,4.855487e+02,1.074941e+02,6.663383e+00,1.928166e+02
32.36300,4.843233e+02,1.096012e+02,5.666942e+00,1.942849e+02
32.36400,4.827856e+02,1.092317e+02,4.325442e+00,1.934829e+02
32.36500,4.813534e+02,1.103161e+02,3.127856e+00,1.939573e+02
32.36600,4.806186e+02,1.151335e+02,2.604914e+00,1.979838e+02
32.36700,4.785473e+02,1.127608e+02,7.394427e-01,1.949064e+02
32.36800,4.769901e+02,1.134173e+02,-6.148043e-01,1.945205e+02
32.36900,4.749599e+02,1.118418e+02,-2.467987e+00,1.918473e+02
32.37000,4.730181e+02,1.116028e+02,-4.218219e+00,1.903366e+02
32.37100,4.712578e+02,1.119322e+02,-5.764450e+00,1.894077e+02
32.37200,4.694835e+02,1.120324e+02,-7.397580e+00,1.881207e+02
32.37300,4.677387e+02,1.121354e+02,-9.032907e+00,1.867549e+02
32.37400,4.662538e+02,1.136497e+02,-1.037179e+01,1.866364e+02
32.37500,4.649259e+02,1.162544e+02,-1.157973e+01,1.872959e+02
32.37600,4.634836e+02,1.178714e+02,-1.296392e+01,1.869801e+02
32.37700,4.617273e+02,1.179894e+02,-1.461121e+01,1.852383e+02
32.37800,4.602643e+02,1.195428e+02,-1.601176e+01,1.846757e+02
32.37900,4.587190e+02,1.199159e+02,-1.753362e+01,1.829092e+02
32.38000,4.574119e+02,1.207148e+02,-1.885841e+01,1.814934e+02
32.38100,4.561213e+02,1.219360e+02,-2.016407e+01,1.803424e+02
32.38200,4.550210e+02,1.236760e+02,-2.126903e+01,1.796128e+02
32.38300,4.533184e+02,1.228483e+02,-2.278103e+01,1.764679e+02
32.38400,4.522631e+02,1.241632e+02,-2.391566e+01,1.751638e+02
32.38500,4.514670e+02,1.256137e+02,-2.480045e+01,1.739563e+02
32.38600,4.506068e+02,1.289064e+02,-2.566667e+01,1.744141e+02
32.38700,4.496377e+02,1.281998e+02,-2.672579e+01,1.710115e+02
32.38800,4.477503e+02,1.212409e+02,-2.853917e+01,1.619110e+02
32.38900,4.457757e+02,1.134683e+02,-3.045881e+01,1.521815e+02
32.39000,4.449965e+02,1.125263e+02,-3.126479e+01,1.485100e+02
32.39100,4.444235e+02,1.133335e+02,-3.188693e+01,1.462711e+02
32.39200,4.439467e+02,1.146343e+02,-3.244381e+01,1.446025e+02
32.39300,4.436449e+02,1.149117e+02,-3.281741e+01,1.419077e+02
32.39400,4.430568e+02,1.126067e+02,-3.338443e+01,1.368073e+02
32.39500,4.429010e+02,1.117115e+02,-3.362189e+01,1.329603e+02
32.39600,4.430739e+02,1.119260e+02,-3.352163e+01,1.300063e+02
32.39700,4.426695e+02,1.062642e+02,-3.399555e+01,1.218192e+02
32.39800,4.423861e+02,9.820740e+01,-3.423630e+01,1.113843e+02
32.39900,4.425063e+02,1.045897e+02,-3.414037e+01,1.140680e+02
32.40000,4.429046e+02,1.036073e+02,-3.385464e+01,1.099056e+02
32.40100,4.429059e+02,9.946047e+01,-3.381705e+01,1.029724e+02
32.40200,4.434179e+02,1.004145e+02,-3.336576e+01,1.005932e+02
32.40300,4.439133e+02,9.836220e+01,-3.290909e+01,9.549267e+01
32.40400,4.449023e+02,9.615827e+01,-3.199928e+01,9.031120e+01
32.40500,4.459601e+02,9.589400e+01,-3.099967e+01,8.688567e+01
32.40600,4.468959e+02,9.437673e+01,-3.015011e+01,8.219293e+01
32.40700,4.479503e+02,9.277573e+01,-2.917408e+01,7.751613e+01
32.40800,4.491537e+02,9.130733e+01,-2.803671e+01,7.293760e+01
32.40900,4.503065e+02,8.764820e+01,-2.695207e+01,6.641621e+01
32.41000,4.516229e+02,8.503993e+01,-2.572059e+01,6.080916e+01
32.41100,4.529797e+02,8.292567e+01,-2.444543e+01,5.578878e+01
32.41200,4.545618e+02,8.130540e+01,-2.296741e+01,5.114618e+01
32.41300,4.561141e+02,7.746220e+01,-2.156379e+01,4.450624e+01
32.41400,4.577678e+02,7.470273e+01,-2.004637e+01,3.889132e+01
32.41500,4.595397e+02,7.237140e+01,-1.841703e+01,3.370845e+01
32.41600,4.613328e+02,7.005727e+01,-1.678832e+01,2.856521e+01
32.41700,4.631784e+02,6.772073e+01,-1.511235e+01,2.348797e+01
32.41800,4.650473e+02,6.441246e+01,-1.341465e+01,1.751628e+01
32.41900,4.669960e+02,6.224457e+01,-1.170377e+01,1.255446e+01
32.42000,4.688530e+02,5.914990e+01,-1.005195e+01,6.876433e+00
32.42100,4.706662e+02,5.467063e+01,-8.425700e+00,-2.461671e-02
32.42200,4.724942e+02,5.116724e+01,-6.797000e+00,-5.983189e+00
32.42300,4.743414e+02,4.625345e+01,-5.165501e+00,-1.312426e+01
32.42400,4.761691e+02,4.223335e+01,-3.553759e+00,-1.934927e+01
32.42500,4.779151e+02,3.803793e+01,-2.025224e+00,-2.573717e+01
32.42600,4.796818e+02,3.309842e+01,-4.906198e-01,-3.278605e+01
32.42700,4.814415e+02,2.813269e+01,1.037159e+00,-3.969211e+01
32.42800,4.831075e+02,2.261887e+01,2.500882e+00,-4.711936e+01
32.42900,4.847181e+02,1.688110e+01,3.899445e+00,-5.464660e+01
32.43000,4.862687e+02,1.014945e+01,5.263369e+00,-6.286638e+01
32.43100,4.877735e+02,3.903895e+00,6.576834e+00,-7.062067e+01
32.43200,4.891879e+02,-2.441699e+00,7.829380e+00,-7.836913e+01
32.43300,4.903303e+02,-6.527338e+00,8.819740e+00,-8.401773e+01
32.43400,4.914609e+02,-1.477199e+01,9.867027e+00,-9.341053e+01
32.43500,4.925571e+02,-2.148283e+01,1.086625e+01,-1.012542e+02
32.43600,4.935029e+02,-2.775662e+01,1.175507e+01,-1.085379e+02
32.43700,4.943469e+02,-3.447310e+01,1.248653e+01,-1.160969e+02
32.43800,4.950589e+02,-4.062417e+01,1.313094e+01,-1.230767e+02
32.43900,4.957613e+02,-4.641367e+01,1.382049e+01,-1.296719e+02
32.44000,4.962612e+02,-5.291821e+01,1.436486e+01,-1.368027e+02
32.44100,4.966190e+02,-5.865733e+01,1.476671e+01,-1.431110e+02
32.44200,4.968073e+02,-6.358155e+01,1.501269e+01,-1.485347e+02
32.44300,4.968505e+02,-6.815880e+01,1.517216e+01,-1.535093e+02
32.44400,4.967211e+02,-7.277627e+01,1.522355e+01,-1.583882e+02
32.44500,4.963695e+02,-7.546960e+01,1.497472e+01,-1.613688e+02
32.44600,4.959605e+02,-7.877620e+01,1.475955e+01,-1.648537e+02
32.44700,4.951895e+02,-8.102713e+01,1.423513e+01,-1.670796e+02
32.44800,4.942708e+02,-8.211080e+01,1.349215e+01,-1.681281e+02
32.44900,4.934152e+02,-8.413080e+01,1.284980e+01,-1.700863e+02
32.45000,4.925608e+02,-8.753407e+01,1.230355e+01,-1.733701e+02
32.45100,4.916851e+02,-9.141893e+01,1.173732e+01,-1.768783e+02
32.45200,4.906403e+02,-9.408847e+01,1.097430e+01,-1.791341e+02
32.45300,4.890637e+02,-9.333133e+01,9.586740e+00,-1.780853e+02
32.45400,4.872774e+02,-9.243553e+01,8.029987e+00,-1.768134e+02
32.45500,4.857797e+02,-9.337353e+01,6.803093e+00,-1.771770e+02
32.45600,4.840660e+02,-9.324853e+01,5.380003e+00,-1.764542e+02
32.45700,4.833733e+02,-9.881233e+01,4.913273e+00,-1.809589e+02
32.45800,4.820217e+02,-1.005507e+02,3.788431e+00,-1.817911e+02
32.45900,4.799044e+02,-9.905393e+01,1.927463e+00,-1.794131e+02
32.46000,4.780469e+02,-9.885173e+01,3.083270e-01,-1.779009e+02
32.46100,4.761848e+02,-9.864693e+01,-1.362382e+00,-1.764173e+02
32.46200,4.741723e+02,-9.815767e+01,-3.185882e+00,-1.745297e+02
32.46300,4.724557e+02,-9.930100e+01,-4.712593e+00,-1.741983e+02
32.46400,4.705179e+02,-9.873900e+01,-6.463785e+00,-1.720966e+02
32.46500,4.688604e+02,-1.003215e+02,-7.978747e+00,-1.719923e+02
32.46600,4.672047e+02,-1.014508e+02,-9.523993e+00,-1.713369e+02
32.46700,4.653973e+02,-1.012429e+02,-1.122658e+01,-1.693027e+02
32.46800,4.635333e+02,-1.008355e+02,-1.297857e+01,-1.670677e+02
32.46900,4.624499e+02,-1.037536e+02,-1.408891e+01,-1.675139e+02
32.47000,4.609027e+02,-1.052989e+02,-1.560666e+01,-1.666954e+02
32.47100,4.595057e+02,-1.063446e+02,-1.694839e+01,-1.654097e+02
32.47200,4.580416e+02,-1.063711e+02,-1.841682e+01,-1.631871e+02
32.47300,4.568581e+02,-1.077989e+02,-1.961739e+01,-1.620475e+02
32.47400,4.556140e+02,-1.085926e+02,-2.087855e+01,-1.602455e+02
32.47500,4.542851e+02,-1.096904e+02,-2.230689e+01,-1.586886e+02
32.47600,4.532931e+02,-1.112631e+02,-2.336032e+01,-1.574447e+02
32.47700,4.526687e+02,-1.150758e+02,-2.399623e+01,-1.582333e+02
32.47800,4.513011e+02,-1.124351e+02,-2.542507e+01,-1.530419e+02
32.47900,4.494045e+02,-1.056382e+02,-2.729971e+01,-1.440359e+02
32.48000,4.473114e+02,-9.730193e+01,-2.935418e+01,-1.336458e+02
32.48100,4.464872e+02,-9.723093e+01,-3.023329e+01,-1.306043e+02
32.48200,4.461347e+02,-9.900040e+01,-3.069001e+01,-1.291706e+02
32.48300,4.455939e+02,-1.005925e+02,-3.129431e+01,-1.276449e+02
32.48400,4.453570e+02,-1.015347e+02,-3.165902e+01,-1.254434e+02
32.48500,4.450185e+02,-1.013065e+02,-3.205505e+01,-1.220495e+02
32.48600,4.447810e+02,-1.000663e+02,-3.238142e+01,-1.177991e+02
32.48700,4.448693e+02,-1.000277e+02,-3.239751e+01,-1.145705e+02
32.48800,4.451897e+02,-1.007900e+02,-3.214707e+01,-1.120113e+02
32.48900,4.450636e+02,-9.699273e+01,-3.232256e+01,-1.053085e+02
32.49000,4.449846e+02,-9.075300e+01,-3.244703e+01,-9.638087e+01
32.49100,4.454005e+02,-9.031113e+01,-3.212101e+01,-9.267533e+01
32.49200,4.460130e+02,-9.535000e+01,-3.157277e+01,-9.391947e+01
32.49300,4.461366e+02,-9.093700e+01,-3.148628e+01,-8.658153e+01
32.49400,4.474344e+02,-9.355567e+01,-3.032118e+01,-8.568500e+01
32.49500,4.482977e+02,-9.162013e+01,-2.953655e+01,-8.060293e+01
32.49600,4.490976e+02,-9.396167e+01,-2.878606e+01,-7.937120e+01
32.49700,4.500651e+02,-9.193100e+01,-2.787534e+01,-7.421987e+01
32.49800,4.510549e+02,-8.932840e+01,-2.692976e+01,-6.848947e+01
32.49900,4.522289e+02,-8.746020e+01,-2.584751e+01,-6.356490e+01
32.50000,4.535170e+02,-8.546133e+01,-2.464728e+01,-5.840985e+01
32.50100,4.548928e+02,-8.320927e+01,-2.334113e+01,-5.314633e+01
32.50200,4.561610e+02,-7.937853e+01,-2.212613e+01,-4.644836e+01
32.50300,4.576164e+02,-7.674920e+01,-2.075715e+01,-4.085807e+01
32.50400,4.592911e+02,-7.574987e+01,-1.919131e+01,-3.682923e+01
32.50500,4.608567e+02,-7.191840e+01,-1.772781e+01,-3.021456e+01
32.50600,4.625175e+02,-6.953873e+01,-1.615385e+01,-2.502259e+01
32.50700,4.642811e+02,-6.710880e+01,-1.449784e+01,-1.987206e+01
32.50800,4.659825e+02,-6.274581e+01,-1.291617e+01,-1.285197e+01
32.50900,4.677493e+02,-5.954313e+01,-1.129687e+01,-6.984873e+00
32.51000,4.694466e+02,-5.564881e+01,-9.709153e+00,-6.240353e-01
32.51100,4.711396e+02,-5.212865e+01,-8.139833e+00,5.386114e+00
32.51200,4.728409e+02,-4.734299e+01,-6.559375e+00,1.247467e+01
32.51300,4.744543e+02,-4.178147e+01,-5.065569e+00,2.020146e+01
32.51400,4.760684e+02,-3.770172e+01,-3.572978e+00,2.656450e+01
32.51500,4.777069e+02,-3.088770e+01,-2.089957e+00,3.517574e+01
32.51600,4.792893e+02,-2.542312e+01,-6.471001e-01,4.259832e+01
32.51700,4.808631e+02,-2.010601e+01,7.833853e-01,4.982440e+01
32.51800,4.823408e+02,-1.297553e+01,2.137583e+00,5.864321e+01
32.51900,4.836527e+02,-4.413797e+00,3.358401e+00,6.871347e+01
32.52000,4.850324e+02,2.203722e+00,4.615023e+00,7.681340e+01
32.52100,4.862973e+02,7.839120e+00,5.768609e+00,8.388760e+01
32.52200,4.875081e+02,1.438764e+01,6.876727e+00,9.170913e+01
32.52300,4.885900e+02,2.422321e+01,7.890080e+00,1.026061e+02
32.52400,4.896673e+02,3.223833e+01,8.870853e+00,1.116635e+02
32.52500,4.906792e+02,3.902998e+01,9.805480e+00,1.195119e+02
32.52600,4.916097e+02,4.579869e+01,1.067239e+01,1.271283e+02
32.52700,4.924194e+02,5.284549e+01,1.143158e+01,1.348785e+02
32.52800,4.926972e+02,5.595797e+01,1.172521e+01,1.390263e+02
32.52900,4.932053e+02,6.222779e+01,1.222797e+01,1.460074e+02
32.53000,4.936537e+02,6.945647e+01,1.270373e+01,1.538089e+02
32.53100,4.938784e+02,7.521813e+01,1.300147e+01,1.600887e+02
32.53200,4.939271e+02,8.033247e+01,1.310519e+01,1.656658e+02
32.53300,4.938260e+02,8.421240e+01,1.304459e+01,1.698922e+02
32.53400,4.935528e+02,8.715180e+01,1.290777e+01,1.731734e+02
32.53500,4.932887e+02,9.114640e+01,1.277397e+01,1.772919e+02
32.53600,4.929157e+02,9.516593e+01,1.256033e+01,1.814707e+02
32.53700,4.922307e+02,9.764567e+01,1.202479e+01,1.839296e+02
32.53800,4.914055e+02,9.938087e+01,1.137758e+01,1.856518e+02
32.53900,4.906759e+02,1.025302e+02,1.084109e+01,1.887098e+02
32.54000,4.895683e+02,1.040381e+02,9.955500e+00,1.900919e+02
32.54100,4.885586e+02,1.061034e+02,9.153780e+00,1.920199e+02
32.54200,4.872093e+02,1.070801e+02,8.015160e+00,1.927560e+02
32.54300,4.856665e+02,1.076453e+02,6.754473e+00,1.929716e+02
32.54400,4.844864e+02,1.099724e+02,5.801721e+00,1.946449e+02
32.54500,4.828980e+02,1.097719e+02,4.445674e+00,1.939774e+02
32.54600,4.815047e+02,1.107249e+02,3.264977e+00,1.943442e+02
32.54700,4.807837e+02,1.154879e+02,2.758443e+00,1.983381e+02
32.54800,4.787253e+02,1.133014e+02,8.975647e-01,1.954110e+02
32.54900,4.771073e+02,1.136340e+02,-5.098668e-01,1.947488e+02
32.55000,4.751053e+02,1.119587e+02,-2.328325e+00,1.920158e+02
32.55100,4.731632e+02,1.117153e+02,-4.090655e+00,1.904779e+02
32.55200,4.714147e+02,1.122159e+02,-5.618731e+00,1.897020e+02
32.55300,4.696180e+02,1.122483e+02,-7.270107e+00,1.883469e+02
32.55400,4.678816e+02,1.122887e+02,-8.893080e+00,1.869489e+02
32.55500,4.664180e+02,1.138123e+02,-1.023079e+01,1.868245e+02
32.55600,4.650636e+02,1.166129e+02,-1.144873e+01,1.876601e+02
32.55700,4.636433e+02,1.181139e+02,-1.280387e+01,1.872635e+02
32.55800,4.618435e+02,1.183791e+02,-1.449964e+01,1.856357e+02
32.55900,4.604326e+02,1.197183e+02,-1.584892e+01,1.849025e+02
32.56000,4.589065e+02,1.200729e+02,-1.735261e+01,1.831421e+02
32.56100,4.575337e+02,1.208492e+02,-1.873875e+01,1.816749e+02
32.56200,4.562443e+02,1.220695e+02,-2.004214e+01,1.805313e+02
32.56300,4.551416e+02,1.237847e+02,-2.116153e+01,1.797767e+02
32.56400,4.534823e+02,1.231659e+02,-2.263807e+01,1.768406e+02
32.56500,4.523719e+02,1.241622e+02,-2.378342e+01,1.752267e+02
32.56600,4.516139e+02,1.259351e+02,-2.465697e+01,1.743119e+02
32.56700,4.506996e+02,1.289057e+02,-2.557269e+01,1.744861e+02
32.56800,4.497706e+02,1.285519e+02,-2.658625e+01,1.714207e+02
32.56900,4.478710e+02,1.213141e+02,-2.843087e+01,1.620521e+02
32.57000,4.459311e+02,1.136971e+02,-3.031323e+01,1.524791e+02
32.57100,4.450959e+02,1.128805e+02,-3.117249e+01,1.489057e+02
32.57200,4.445429e+02,1.134833e+02,-3.176973e+01,1.465066e+02
32.57300,4.440307e+02,1.148511e+02,-3.235801e+01,1.448805e+02
32.57400,4.437208e+02,1.148691e+02,-3.273839e+01,1.419623e+02
32.57500,4.431591e+02,1.127731e+02,-3.328741e+01,1.370436e+02
32.57600,4.429735e+02,1.117833e+02,-3.354255e+01,1.331149e+02
32.57700,4.431395e+02,1.120327e+02,-3.345725e+01,1.301981e+02
32.57800,4.427798e+02,1.067671e+02,-3.388700e+01,1.223804e+02
32.57900,4.425025e+02,9.852233e+01,-3.412523e+01,1.117600e+02
32.58000,4.425759e+02,1.045239e+02,-3.406961e+01,1.141091e+02
32.58100,4.429941e+02,1.039254e+02,-3.376524e+01,1.102818e+02
32.58200,4.429247e+02,9.916287e+01,-3.380536e+01,1.028078e+02
32.58300,4.433969e+02,9.896887e+01,-3.338289e+01,9.938507e+01
32.58400,4.439953e+02,9.947993e+01,-3.282282e+01,9.660800e+01
32.58500,4.450725e+02,9.679220e+01,-3.184209e+01,9.099253e+01
32.58600,4.460237e+02,9.644120e+01,-3.094261e+01,8.747013e+01
32.58700,4.469463e+02,9.455807e+01,-3.009003e+01,8.245307e+01
32.58800,4.479899e+02,9.292240e+01,-2.913707e+01,7.774900e+01
32.58900,4.491189e+02,9.087480e+01,-2.806908e+01,7.263513e+01
32.59000,4.503381e+02,8.775313e+01,-2.693005e+01,6.660807e+01
32.59100,4.516390e+02,8.481513e+01,-2.570467e+01,6.072503e+01
32.59200,4.529868e+02,8.323240e+01,-2.443230e+01,5.617379e+01
32.59300,4.545903e+02,8.153113e+01,-2.294101e+01,5.143889e+01
32.59400,4.561062e+02,7.728960e+01,-2.156883e+01,4.443542e+01
32.59500,4.577975e+02,7.492727e+01,-2.001824e+01,3.920106e+01
32.59600,4.595220e+02,7.216473e+01,-1.842874e+01,3.361623e+01
32.59700,4.613244e+02,7.002533e+01,-1.679096e+01,2.862842e+01
32.59800,4.631717e+02,6.753687e+01,-1.511693e+01,2.341089e+01
32.59900,4.650075e+02,6.474079e+01,-1.343561e+01,1.790578e+01
32.60000,4.670287e+02,6.220589e+01,-1.168284e+01,1.262226e+01
32.60100,4.688237e+02,5.908714e+01,-1.007080e+01,6.922027e+00
32.60200,4.706509e+02,5.483842e+01,-8.432507e+00,2.133762e-01
32.60300,4.724930e+02,5.121830e+01,-6.793853e+00,-5.852316e+00
32.60400,4.743480e+02,4.610653e+01,-5.156204e+00,-1.316183e+01
32.60500,4.761365e+02,4.251171e+01,-3.575053e+00,-1.903115e+01
32.60600,4.779185e+02,3.802969e+01,-2.017816e+00,-2.565434e+01
32.60700,4.796767e+02,3.307677e+01,-4.879283e-01,-3.273261e+01
32.60800,4.814309e+02,2.823695e+01,1.036695e+00,-3.951436e+01
32.60900,4.831088e+02,2.240775e+01,2.504521e+00,-4.723595e+01
32.61000,4.847067e+02,1.730614e+01,3.903854e+00,-5.416872e+01
32.61100,4.862766e+02,1.003166e+01,5.268427e+00,-6.289638e+01
32.61200,4.877751e+02,3.726939e+00,6.592069e+00,-7.071920e+01
32.61300,4.892091e+02,-2.520742e+00,7.854140e+00,-7.836553e+01
32.61400,4.903214e+02,-6.391519e+00,8.822640e+00,-8.384067e+01
32.61500,4.915163e+02,-1.444898e+01,9.904833e+00,-9.303120e+01
32.61600,4.925777e+02,-2.142221e+01,1.089229e+01,-1.011338e+02
32.61700,4.935455e+02,-2.775375e+01,1.179394e+01,-1.084901e+02
32.61800,4.943876e+02,-3.361312e+01,1.251903e+01,-1.152432e+02
32.61900,4.950983e+02,-4.097564e+01,1.317602e+01,-1.233614e+02
32.62000,4.958207e+02,-4.664578e+01,1.388377e+01,-1.298431e+02
32.62100,4.963234e+02,-5.314016e+01,1.442406e+01,-1.369656e+02
32.62200,4.966858e+02,-5.887009e+01,1.483101e+01,-1.432679e+02
32.62300,4.968851e+02,-6.378391e+01,1.508052e+01,-1.486878e+02
32.62400,4.969159e+02,-6.822680e+01,1.522998e+01,-1.535355e+02
32.62500,4.968221e+02,-7.315187e+01,1.532205e+01,-1.586988e+02
32.62600,4.964643e+02,-7.571160e+01,1.505849e+01,-1.615600e+02
32.62700,4.960513e+02,-7.899660e+01,1.485035e+01,-1.650151e+02
32.62800,4.953093e+02,-8.133833e+01,1.433483e+01,-1.673287e+02
32.62900,4.944186e+02,-8.242553e+01,1.362028e+01,-1.683995e+02
32.63000,4.935713e+02,-8.465173e+01,1.298400e+01,-1.705486e+02
32.63100,4.926732e+02,-8.793367e+01,1.242595e+01,-1.736955e+02
32.63200,4.917907e+02,-9.167193e+01,1.183459e+01,-1.770962e+02
32.63300,4.907768e+02,-9.423300e+01,1.108343e+01,-1.792621e+02
32.63400,4.892978e+02,-9.401360e+01,9.801420e+00,-1.787283e+02
32.63500,4.874951e+02,-9.328060e+01,8.245600e+00,-1.775767e+02
32.63600,4.859211e+02,-9.351760e+01,6.927060e+00,-1.772978e+02
32.63700,4.842384e+02,-9.368167e+01,5.536282e+00,-1.768521e+02
32.63800,4.835162e+02,-9.908747e+01,5.032604e+00,-1.811993e+02
32.63900,4.821607e+02,-1.012339e+02,3.937255e+00,-1.824132e+02
32.64000,4.801231e+02,-9.950107e+01,2.129830e+00,-1.798419e+02
32.64100,4.782316e+02,-9.923413e+01,4.820033e-01,-1.783042e+02
32.64200,4.763129e+02,-9.905833e+01,-1.244554e+00,-1.768027e+02
32.64300,4.743501e+02,-9.838773e+01,-3.027202e+00,-1.747649e+02
32.64400,4.726710e+02,-9.982933e+01,-4.512067e+00,-1.747049e+02
32.64500,4.706721e+02,-9.923113e+01,-6.326579e+00,-1.725395e+02
32.64600,4.690683e+02,-1.006913e+02,-7.772053e+00,-1.723869e+02
32.64700,4.673453e+02,-1.020804e+02,-9.385887e+00,-1.719068e+02
32.64800,4.656039e+02,-1.017011e+02,-1.103513e+01,-1.697600e+02
32.64900,4.637014e+02,-1.009069e+02,-1.281604e+01,-1.671715e+02
32.65000,4.625691e+02,-1.039478e+02,-1.397986e+01,-1.677325e+02
32.65100,4.610958e+02,-1.060918e+02,-1.541837e+01,-1.674703e+02
32.65200,4.596693e+02,-1.062973e+02,-1.678450e+01,-1.654303e+02
32.65300,4.581883e+02,-1.068790e+02,-1.826291e+01,-1.636816e+02
32.65400,4.570210e+02,-1.081905e+02,-1.945545e+01,-1.624559e+02
32.65500,4.559171e+02,-1.096034e+02,-2.061465e+01,-1.612173e+02
32.65600,4.544062e+02,-1.096819e+02,-2.219238e+01,-1.587356e+02
32.65700,4.534008e+02,-1.112547e+02,-2.323162e+01,-1.575086e+02
32.65800,4.527695e+02,-1.151731e+02,-2.389042e+01,-1.583636e+02
32.65900,4.514865e+02,-1.131523e+02,-2.524900e+01,-1.537526e+02
32.66000,4.495481e+02,-1.061962e+02,-2.715693e+01,-1.446117e+02
32.66100,4.474923e+02,-9.786640e+01,-2.917105e+01,-1.342173e+02
32.66200,4.466469e+02,-9.769260e+01,-3.009321e+01,-1.311040e+02
32.66300,4.461928e+02,-9.906000e+01,-3.062509e+01,-1.292807e+02
32.66400,4.457172e+02,-1.008561e+02,-3.116791e+01,-1.279507e+02
32.66500,4.455103e+02,-1.022005e+02,-3.150588e+01,-1.261279e+02
32.66600,4.451783e+02,-1.017703e+02,-3.190193e+01,-1.225585e+02
32.66700,4.448251e+02,-1.004036e+02,-3.233339e+01,-1.181425e+02
32.66800,4.449091e+02,-1.001479e+02,-3.235058e+01,-1.147395e+02
32.66900,4.452326e+02,-1.006852e+02,-3.210821e+01,-1.120109e+02
32.67000,4.451468e+02,-9.760767e+01,-3.223961e+01,-1.059430e+02
32.67100,4.451040e+02,-9.192407e+01,-3.233309e+01,-9.750900e+01
32.67200,4.454521e+02,-8.971393e+01,-3.206592e+01,-9.219713e+01
32.67300,4.460397e+02,-9.540107e+01,-3.154225e+01,-9.403133e+01
32.67400,4.462133e+02,-9.132700e+01,-3.141580e+01,-8.702640e+01
32.67500,4.475241e+02,-9.403207e+01,-3.023709e+01,-8.619547e+01
32.67600,4.483559e+02,-9.170613e+01,-2.948407e+01,-8.077207e+01
32.67700,4.491387e+02,-9.277687e+01,-2.874055e+01,-7.837300e+01
32.67800,4.501104e+02,-9.300840e+01,-2.782720e+01,-7.527187e+01
32.67900,4.510945e+02,-8.912713e+01,-2.689669e+01,-6.839127e+01
32.68000,4.522324e+02,-8.805720e+01,-2.582589e+01,-6.415872e+01
32.68100,4.535379e+02,-8.564960e+01,-2.462531e+01,-5.865581e+01
32.68200,4.549056e+02,-8.340727e+01,-2.332839e+01,-5.338595e+01
32.68300,4.561729e+02,-7.915040e+01,-2.211768e+01,-4.635255e+01
32.68400,4.576495e+02,-7.732060e+01,-2.072220e+01,-4.143505e+01
32.68500,4.592944e+02,-7.599033e+01,-1.918513e+01,-3.710565e+01
32.68600,4.608179e+02,-7.157013e+01,-1.776111e+01,-2.997693e+01
32.68700,4.625248e+02,-6.965520e+01,-1.614657e+01,-2.521113e+01
32.68800,4.642647e+02,-6.732767e+01,-1.450923e+01,-2.013438e+01
32.68900,4.659732e+02,-6.291204e+01,-1.293015e+01,-1.306773e+01
32.69000,4.677121e+02,-5.973105e+01,-1.132947e+01,-7.200547e+00
32.69100,4.694372e+02,-5.598837e+01,-9.729700e+00,-9.839100e-01
32.69200,4.711439e+02,-5.193825e+01,-8.132847e+00,5.471009e+00
32.69300,4.728165e+02,-4.725591e+01,-6.578791e+00,1.247334e+01
32.69400,4.744405e+02,-4.213307e+01,-5.077525e+00,1.983777e+01
32.69500,4.760725e+02,-3.816526e+01,-3.565595e+00,2.605403e+01
32.69600,4.776761e+02,-3.118638e+01,-2.117600e+00,3.488224e+01
32.69700,4.792611e+02,-2.525120e+01,-6.686847e-01,4.270539e+01
32.69800,4.808364e+02,-1.997446e+01,7.619480e-01,4.988665e+01
32.69900,4.823142e+02,-1.286314e+01,2.118347e+00,5.869756e+01
32.70000,4.836982e+02,-5.470703e+00,3.393935e+00,6.767193e+01
32.70100,4.850066e+02,1.989691e+00,4.599435e+00,7.660587e+01
32.70200,4.862987e+02,7.574893e+00,5.775245e+00,8.362440e+01
32.70300,4.875055e+02,1.434875e+01,6.877747e+00,9.163293e+01
32.70400,4.886314e+02,2.321133e+01,7.918167e+00,1.016146e+02
32.70500,4.896801e+02,3.225979e+01,8.887633e+00,1.116425e+02
32.70600,4.906739e+02,3.903928e+01,9.806873e+00,1.195058e+02
32.70700,4.915955e+02,4.577105e+01,1.066695e+01,1.271103e+02
32.70800,4.924635e+02,5.300790e+01,1.147509e+01,1.350038e+02
32.70900,4.927466e+02,5.602347e+01,1.176363e+01,1.390550e+02
32.71000,4.932377e+02,6.230474e+01,1.225771e+01,1.460489e+02
32.71100,4.936842e+02,6.936893e+01,1.273211e+01,1.537115e+02
32.71200,4.939376e+02,7.573067e+01,1.306272e+01,1.605399e+02
32.71300,4.939970e+02,8.029127e+01,1.314888e+01,1.656358e+02
32.71400,4.938569e+02,8.410100e+01,1.307354e+01,1.697825e+02
32.71500,4.937010e+02,8.762293e+01,1.306651e+01,1.735875e+02
32.71600,4.933390e+02,9.120373e+01,1.282389e+01,1.773323e+02
32.71700,4.929779e+02,9.503653e+01,1.259209e+01,1.813327e+02
32.71800,4.923065e+02,9.777933e+01,1.209299e+01,1.840557e+02
32.71900,4.914901e+02,9.954853e+01,1.145398e+01,1.858087e+02
32.72000,4.907518e+02,1.026373e+02,1.090989e+01,1.888205e+02
32.72100,4.897499e+02,1.045386e+02,1.012243e+01,1.905567e+02
32.72200,4.886852e+02,1.064029e+02,9.272820e+00,1.923019e+02
32.72300,4.873431e+02,1.074766e+02,8.151913e+00,1.931228e+02
32.72400,4.858215e+02,1.077260e+02,6.870093e+00,1.930768e+02
32.72500,4.846328e+02,1.104624e+02,5.936733e+00,1.951093e+02
32.72600,4.830009e+02,1.099244e+02,4.547622e+00,1.941353e+02
32.72700,4.816269e+02,1.107062e+02,3.377342e+00,1.943647e+02
32.72800,4.809473e+02,1.159190e+02,2.910429e+00,1.987655e+02
32.72900,4.789204e+02,1.138520e+02,1.083666e+00,1.959379e+02
32.73000,4.770978e+02,1.131342e+02,-5.432405e-01,1.943395e+02
32.73100,4.752763e+02,1.122581e+02,-2.164089e+00,1.923455e+02
32.73200,4.733524e+02,1.119537e+02,-3.915356e+00,1.907565e+02
32.73300,4.715961e+02,1.125391e+02,-5.451471e+00,1.900447e+02
32.73400,4.697908e+02,1.127889e+02,-7.105960e+00,1.888731e+02
32.73500,4.680407e+02,1.124609e+02,-8.732867e+00,1.871743e+02
32.73600,4.665363e+02,1.141111e+02,-1.012616e+01,1.871215e+02
32.73700,4.652216e+02,1.167735e+02,-1.130093e+01,1.878697e+02
32.73800,4.637455e+02,1.181272e+02,-1.270178e+01,1.873313e+02
32.73900,4.619807e+02,1.186556e+02,-1.436518e+01,1.859545e+02
32.74000,4.605594e+02,1.193855e+02,-1.573113e+01,1.846815e+02
32.74100,4.590621e+02,1.203996e+02,-1.719455e+01,1.835195e+02
32.74200,4.576529e+02,1.210221e+02,-1.861792e+01,1.818980e+02
32.74300,4.563714e+02,1.221333e+02,-1.990735e+01,1.806671e+02
32.74400,4.552879e+02,1.239890e+02,-2.103625e+01,1.800463e+02
32.74500,4.536617e+02,1.234815e+02,-2.249268e+01,1.772287e+02
32.74600,4.525021e+02,1.241857e+02,-2.363371e+01,1.753372e+02
32.74700,4.517031e+02,1.262513e+02,-2.458038e+01,1.746411e+02
32.74800,4.508407e+02,1.291084e+02,-2.541365e+01,1.747394e+02
32.74900,4.498631e+02,1.283485e+02,-2.648981e+01,1.713598e+02
32.75000,4.479953e+02,1.214047e+02,-2.830319e+01,1.622337e+02
32.75100,4.460641e+02,1.140487e+02,-3.018850e+01,1.528656e+02
32.75200,4.452315e+02,1.133518e+02,-3.104067e+01,1.494337e+02
32.75300,4.447047e+02,1.137325e+02,-3.161830e+01,1.468581e+02
32.75400,4.441294e+02,1.147087e+02,-3.226124e+01,1.448543e+02
32.75500,4.437727e+02,1.148305e+02,-3.267096e+01,1.420181e+02
32.75600,4.432661e+02,1.129674e+02,-3.319891e+01,1.373119e+02
32.75700,4.430499e+02,1.117997e+02,-3.346443e+01,1.332267e+02
32.75800,4.432058e+02,1.121180e+02,-3.339691e+01,1.303844e+02
32.75900,4.429105e+02,1.074115e+02,-3.372796e+01,1.230723e+02
32.76000,4.426054e+02,9.925980e+01,-3.404687e+01,1.125231e+02
32.76100,4.426203e+02,1.037056e+02,-3.403027e+01,1.134713e+02
32.76200,4.430351e+02,1.040730e+02,-3.370063e+01,1.105383e+02
32.76300,4.430073e+02,9.937213e+01,-3.373015e+01,1.030872e+02
32.76400,4.434345e+02,9.788153e+01,-3.335283e+01,9.851427e+01
32.76500,4.440780e+02,1.001663e+02,-3.274283e+01,9.735427e+01
32.76600,4.451657e+02,9.708180e+01,-3.175240e+01,9.135060e+01
32.76700,4.460785e+02,9.657553e+01,-3.089785e+01,8.770067e+01
32.76800,4.469532e+02,9.433047e+01,-3.007411e+01,8.236307e+01
32.76900,4.480033e+02,9.277420e+01,-2.911543e+01,7.773367e+01
32.77000,4.491637e+02,9.095400e+01,-2.802603e+01,7.281193e+01
32.77100,4.503149e+02,8.768360e+01,-2.695363e+01,6.665128e+01
32.77200,4.516403e+02,8.501587e+01,-2.569651e+01,6.102551e+01
32.77300,4.530113e+02,8.318700e+01,-2.440781e+01,5.625499e+01
32.77400,4.545951e+02,8.134067e+01,-2.293593e+01,5.136367e+01
32.77500,4.561310e+02,7.730067e+01,-2.154470e+01,4.456389e+01
32.77600,4.577975e+02,7.484693e+01,-2.001405e+01,3.923747e+01
32.77700,4.595281e+02,7.231547e+01,-1.842083e+01,3.384872e+01
32.77800,4.613030e+02,6.969900e+01,-1.680767e+01,2.844845e+01
32.77900,4.631647e+02,6.725160e+01,-1.512575e+01,2.325296e+01
32.78000,4.650081e+02,6.511851e+01,-1.342861e+01,1.834446e+01
32.78100,4.670001e+02,6.231651e+01,-1.169627e+01,1.282220e+01
32.78200,4.687959e+02,5.892745e+01,-1.009226e+01,6.879067e+00
32.78300,4.706484e+02,5.460279e+01,-8.432827e+00,1.105859e-01
32.78400,4.724815e+02,5.106107e+01,-6.800287e+00,-5.888935e+00
32.78500,4.743515e+02,4.621498e+01,-5.145045e+00,-1.297195e+01
32.78600,4.761338e+02,4.234362e+01,-3.570745e+00,-1.908804e+01
32.78700,4.779064e+02,3.817635e+01,-2.026286e+00,-2.541627e+01
32.78800,4.796607e+02,3.291513e+01,-4.916835e-01,-3.277279e+01
32.78900,4.814354e+02,2.812851e+01,1.046410e+00,-3.952084e+01
32.79000,4.830966e+02,2.231203e+01,2.505096e+00,-4.723920e+01
32.79100,4.847153e+02,1.733193e+01,3.918937e+00,-5.403911e+01
32.79200,4.862817e+02,1.003054e+01,5.278827e+00,-6.281480e+01
32.79300,4.877871e+02,3.537903e+00,6.609439e+00,-7.081373e+01
32.79400,4.892246e+02,-2.579837e+00,7.873587e+00,-7.832933e+01
32.79500,4.903195e+02,-6.567545e+00,8.828867e+00,-8.394033e+01
32.79600,4.915480e+02,-1.387277e+01,9.936840e+00,-9.243327e+01
32.79700,4.926219e+02,-2.172444e+01,1.094005e+01,-1.013149e+02
32.79800,4.936009e+02,-2.788599e+01,1.183553e+01,-1.085453e+02
32.79900,4.944296e+02,-3.279018e+01,1.253528e+01,-1.144079e+02
32.80000,4.952018e+02,-4.160241e+01,1.329445e+01,-1.238857e+02
32.80100,4.958599e+02,-4.690432e+01,1.392227e+01,-1.300219e+02
32.80200,4.963786e+02,-5.336589e+01,1.447261e+01,-1.371107e+02
32.80300,4.967563e+02,-5.919474e+01,1.489213e+01,-1.435089e+02
32.80400,4.969665e+02,-6.399049e+01,1.515091e+01,-1.488298e+02
32.80500,4.969866e+02,-6.871540e+01,1.531253e+01,-1.539259e+02
32.80600,4.969095e+02,-7.341647e+01,1.540867e+01,-1.588886e+02
32.80700,4.965502e+02,-7.582800e+01,1.513459e+01,-1.616111e+02
32.80800,4.961555e+02,-7.944260e+01,1.495969e+01,-1.653735e+02
32.80900,4.954229e+02,-8.158460e+01,1.442205e+01,-1.675097e+02
32.81000,4.946005e+02,-8.269447e+01,1.375598e+01,-1.686091e+02
32.81100,4.936905e+02,-8.533400e+01,1.312304e+01,-1.711339e+02
32.81200,4.927706e+02,-8.823887e+01,1.253700e+01,-1.739428e+02
32.81300,4.919173e+02,-9.202167e+01,1.194676e+01,-1.773885e+02
32.81400,4.909163e+02,-9.432747e+01,1.117250e+01,-1.793183e+02
32.81500,4.895355e+02,-9.481320e+01,1.003423e+01,-1.794565e+02
32.81600,4.877546e+02,-9.451680e+01,8.510193e+00,-1.786842e+02
32.81700,4.860416e+02,-9.345740e+01,7.028153e+00,-1.772146e+02
32.81800,4.843885e+02,-9.416733e+01,5.663158e+00,-1.772659e+02
32.81900,4.836765e+02,-9.958040e+01,5.183692e+00,-1.816451e+02
32.82000,4.823291e+02,-1.017827e+02,4.098581e+00,-1.829037e+02
32.82100,4.803765e+02,-1.003848e+02,2.376283e+00,-1.806536e+02
32.82200,4.783403e+02,-9.957460e+01,5.669889e-01,-1.786098e+02
32.82300,4.765041e+02,-9.943147e+01,-1.068260e+00,-1.771574e+02
32.82400,4.745520e+02,-9.890220e+01,-2.829233e+00,-1.752570e+02
32.82500,4.728912e+02,-1.005795e+02,-4.311626e+00,-1.753703e+02
32.82600,4.708313e+02,-9.960173e+01,-6.171902e+00,-1.728927e+02
32.82700,4.692888e+02,-1.010262e+02,-7.562280e+00,-1.727280e+02
32.82800,4.674897e+02,-1.020787e+02,-9.248053e+00,-1.719326e+02
32.82900,4.657715e+02,-1.024376e+02,-1.087014e+01,-1.704243e+02
32.83000,4.639309e+02,-1.016849e+02,-1.261464e+01,-1.678853e+02
32.83100,4.627244e+02,-1.044821e+02,-1.382471e+01,-1.682676e+02
32.83200,4.613795e+02,-1.070023e+02,-1.512969e+01,-1.683331e+02
32.83300,4.596997e+02,-1.058668e+02,-1.675407e+01,-1.650706e+02
32.83400,4.584017e+02,-1.078509e+02,-1.804646e+01,-1.645709e+02
32.83500,4.571443e+02,-1.083775e+02,-1.934840e+01,-1.626652e+02
32.83600,4.561107e+02,-1.100678e+02,-2.043291e+01,-1.616823e+02
32.83700,4.545123e+02,-1.095433e+02,-2.207568e+01,-1.586558e+02
32.83800,4.535730e+02,-1.115349e+02,-2.306365e+01,-1.578215e+02
32.83900,4.528265e+02,-1.152081e+02,-2.383288e+01,-1.584139e+02
32.84000,4.516690e+02,-1.139927e+02,-2.507111e+01,-1.545447e+02
32.84100,4.496924e+02,-1.066818e+02,-2.701523e+01,-1.451045e+02
32.84200,4.476719e+02,-9.844347e+01,-2.898939e+01,-1.347901e+02
32.84300,4.468146e+02,-9.820593e+01,-2.995791e+01,-1.316299e+02
32.84400,4.462418e+02,-9.890100e+01,-3.054245e+01,-1.292095e+02
32.84500,4.458966e+02,-1.013763e+02,-3.100473e+01,-1.284711e+02
32.84600,4.455808e+02,-1.029052e+02,-3.141575e+01,-1.268073e+02
32.84700,4.453161e+02,-1.022232e+02,-3.176823e+01,-1.230353e+02
32.84800,4.448693e+02,-1.007428e+02,-3.227861e+01,-1.184862e+02
32.84900,4.450157e+02,-1.005055e+02,-3.225699e+01,-1.151311e+02
32.85000,4.452756e+02,-1.011218e+02,-3.205740e+01,-1.124415e+02
32.85100,4.452265e+02,-9.800547e+01,-3.216685e+01,-1.063774e+02
32.85200,4.451283e+02,-9.202540e+01,-3.230759e+01,-9.766987e+01
32.85300,4.455135e+02,-8.929767e+01,-3.200569e+01,-9.189367e+01
32.85400,4.460866e+02,-9.556487e+01,-3.149412e+01,-9.423267e+01
32.85500,4.463141e+02,-9.197393e+01,-3.132564e+01,-8.768553e+01
32.85600,4.475489e+02,-9.428120e+01,-3.021275e+01,-8.647813e+01
32.85700,4.483840e+02,-9.195820e+01,-2.945278e+01,-8.105640e+01
32.85800,4.492045e+02,-9.152167e+01,-2.867294e+01,-7.730753e+01
32.85900,4.501295e+02,-9.406527e+01,-2.780856e+01,-7.630407e+01
32.86000,4.511165e+02,-8.879520e+01,-2.687941e+01,-6.816633e+01
32.86100,4.522499e+02,-8.830447e+01,-2.580496e+01,-6.444389e+01
32.86200,4.535469e+02,-8.599973e+01,-2.461205e+01,-5.904213e+01
32.86300,4.549167e+02,-8.366940e+01,-2.331501e+01,-5.367719e+01
32.86400,4.561983e+02,-7.976680e+01,-2.209027e+01,-4.696656e+01
32.86500,4.576641e+02,-7.744353e+01,-2.070905e+01,-4.162071e+01
32.86600,4.592772e+02,-7.599020e+01,-1.920015e+01,-3.715767e+01
32.86700,4.608109e+02,-7.181540e+01,-1.776781e+01,-3.025016e+01
32.86800,4.624972e+02,-6.942607e+01,-1.617153e+01,-2.507501e+01
32.86900,4.642183e+02,-6.734253e+01,-1.454681e+01,-2.020511e+01
32.87000,4.659477e+02,-6.282519e+01,-1.295650e+01,-1.304915e+01
32.87100,4.676882e+02,-5.972071e+01,-1.135227e+01,-7.247293e+00
32.87200,4.694198e+02,-5.616642e+01,-9.745580e+00,-1.214473e+00
32.87300,4.711259e+02,-5.184981e+01,-8.161680e+00,5.509550e+00
32.87400,4.727887e+02,-4.727935e+01,-6.591657e+00,1.238353e+01
32.87500,4.744219e+02,-4.232593e+01,-5.096153e+00,1.961112e+01
32.87600,4.760580e+02,-3.837969e+01,-3.578097e+00,2.578953e+01
32.87700,4.776470e+02,-3.126785e+01,-2.144745e+00,3.477002e+01
32.87800,4.792385e+02,-2.546267e+01,-6.863773e-01,4.247463e+01
32.87900,4.808073e+02,-1.977953e+01,7.367913e-01,5.001436e+01
32.88000,4.822842e+02,-1.283316e+01,2.094005e+00,5.869428e+01
32.88100,4.837269e+02,-6.199885e+00,3.414091e+00,6.694193e+01
32.88200,4.849957e+02,1.584607e+00,4.593199e+00,7.619453e+01
32.88300,4.862997e+02,7.725827e+00,5.772995e+00,8.374053e+01
32.88400,4.874969e+02,1.462151e+01,6.876367e+00,9.184473e+01
32.88500,4.886781e+02,2.210666e+01,7.953227e+00,1.005433e+02
32.88600,4.896747e+02,3.259322e+01,8.891473e+00,1.119171e+02
32.88700,4.906635e+02,3.901013e+01,9.802993e+00,1.194727e+02
32.88800,4.916097e+02,4.584302e+01,1.068249e+01,1.271491e+02
32.88900,4.924057e+02,5.212679e+01,1.142389e+01,1.341996e+02
32.89000,4.928070e+02,5.628048e+01,1.182053e+01,1.392729e+02
32.89100,4.932978e+02,6.271690e+01,1.230567e+01,1.463857e+02
32.89200,4.937233e+02,6.930287e+01,1.276683e+01,1.536388e+02
32.89300,4.939807e+02,7.593433e+01,1.310404e+01,1.607105e+02
32.89400,4.940876e+02,8.070907e+01,1.322466e+01,1.660213e+02
32.89500,4.939137e+02,8.421993e+01,1.314568e+01,1.698784e+02
32.89600,4.938085e+02,8.810520e+01,1.316490e+01,1.740016e+02
32.89700,4.934301e+02,9.146960e+01,1.290555e+01,1.775659e+02
32.89800,4.930191e+02,9.486747e+01,1.261702e+01,1.811547e+02
32.89900,4.924171e+02,9.812273e+01,1.219161e+01,1.843783e+02
32.90000,4.915767e+02,9.964820e+01,1.153303e+01,1.859154e+02
32.90100,4.908353e+02,1.026832e+02,1.098471e+01,1.888621e+02
32.90200,4.899049e+02,1.049737e+02,1.025997e+01,1.909729e+02
32.90300,4.888141e+02,1.067526e+02,9.391507e+00,1.926184e+02
32.90400,4.874953e+02,1.078805e+02,8.300653e+00,1.934905e+02
32.90500,4.860073e+02,1.082844e+02,7.046793e+00,1.935943e+02
32.90600,4.847321e+02,1.100239e+02,6.006560e+00,1.947659e+02
32.90700,4.831191e+02,1.101801e+02,4.653915e+00,1.943829e+02
32.90800,4.817645e+02,1.110824e+02,3.511295e+00,1.947319e+02
32.90900,4.811103e+02,1.163012e+02,3.062327e+00,1.991445e+02
32.91000,4.790901e+02,1.142740e+02,1.244897e+00,1.963427e+02
32.91100,4.771624e+02,1.128777e+02,-4.916949e-01,1.941521e+02
32.91200,4.754589e+02,1.127892e+02,-1.990593e+00,1.928705e+02
32.91300,4.735021e+02,1.121249e+02,-3.778469e+00,1.909572e+02
32.91400,4.717534e+02,1.128562e+02,-5.307577e+00,1.903688e+02
32.91500,4.699880e+02,1.130290e+02,-6.921680e+00,1.891572e+02
32.91600,4.681518e+02,1.128535e+02,-8.623260e+00,1.875657e+02
32.91700,4.666739e+02,1.143340e+02,-9.985280e+00,1.873667e+02
32.91800,4.654115e+02,1.167061e+02,-1.114170e+01,1.878767e+02
32.91900,4.638682e+02,1.182417e+02,-1.258015e+01,1.874931e+02
32.92000,4.621171e+02,1.186718e+02,-1.422859e+01,1.860383e+02
32.92100,4.606767e+02,1.194522e+02,-1.562219e+01,1.847930e+02
32.92200,4.592032e+02,1.207421e+02,-1.704258e+01,1.839064e+02
32.92300,4.577519e+02,1.210880e+02,-1.851493e+01,1.820153e+02
32.92400,4.564903e+02,1.220951e+02,-1.978341e+01,1.807055e+02
32.92500,4.554093e+02,1.238420e+02,-2.091211e+01,1.800023e+02
32.92600,4.538291e+02,1.238728e+02,-2.236343e+01,1.776587e+02
32.92700,4.526323e+02,1.242603e+02,-2.349337e+01,1.754873e+02
32.92800,4.517687e+02,1.262901e+02,-2.449939e+01,1.747451e+02
32.92900,4.510461e+02,1.295397e+02,-2.524640e+01,1.751890e+02
32.93000,4.499138e+02,1.279467e+02,-2.641918e+01,1.711007e+02
32.93100,4.480548e+02,1.209172e+02,-2.822951e+01,1.619007e+02
32.93200,4.462437e+02,1.145810e+02,-3.001505e+01,1.534400e+02
32.93300,4.453869e+02,1.136391e+02,-3.091803e+01,1.497971e+02
32.93400,4.448119e+02,1.138883e+02,-3.150323e+01,1.470903e+02
32.93500,4.442243e+02,1.145422e+02,-3.215850e+01,1.447906e+02
32.93600,4.438348e+02,1.150130e+02,-3.260659e+01,1.422688e+02
32.93700,4.433747e+02,1.129490e+02,-3.309117e+01,1.374067e+02
32.93800,4.431415e+02,1.119508e+02,-3.339563e+01,1.334496e+02
32.93900,4.432795e+02,1.122260e+02,-3.331398e+01,1.305905e+02
32.94000,4.429777e+02,1.075687e+02,-3.363149e+01,1.233177e+02
32.94100,4.427046e+02,9.967813e+01,-3.396614e+01,1.130099e+02
32.94200,4.426539e+02,1.028993e+02,-3.400949e+01,1.128480e+02
32.94300,4.430759e+02,1.041812e+02,-3.363372e+01,1.107600e+02
32.94400,4.430817e+02,9.939513e+01,-3.365721e+01,1.032045e+02
32.94500,4.434859e+02,9.713987e+01,-3.331335e+01,9.794647e+01
32.94600,4.441744e+02,1.006515e+02,-3.265947e+01,9.791533e+01
32.94700,4.452511e+02,9.745687e+01,-3.166022e+01,9.181380e+01
32.94800,4.460972e+02,9.643860e+01,-3.087933e+01,8.766707e+01
32.94900,4.469851e+02,9.431973e+01,-3.005269e+01,8.245987e+01
32.95000,4.480085e+02,9.250627e+01,-2.909802e+01,7.760707e+01
32.95100,4.491918e+02,9.088460e+01,-2.799968e+01,7.285980e+01
32.95200,4.503210e+02,8.752280e+01,-2.694469e+01,6.663265e+01
32.95300,4.516021e+02,8.505873e+01,-2.572342e+01,6.116719e+01
32.95400,4.530631e+02,8.287487e+01,-2.436912e+01,5.610595e+01
32.95500,4.546198e+02,8.125913e+01,-2.291281e+01,5.140759e+01
32.95600,4.561330e+02,7.718980e+01,-2.154076e+01,4.456705e+01
32.95700,4.577935e+02,7.474227e+01,-2.001481e+01,3.924897e+01
32.95800,4.595164e+02,7.211020e+01,-1.842914e+01,3.377052e+01
32.95900,4.613041e+02,6.962133e+01,-1.680431e+01,2.848187e+01
32.96000,4.631313e+02,6.676060e+01,-1.515079e+01,2.292731e+01
32.96100,4.650188e+02,6.503469e+01,-1.342289e+01,1.836897e+01
32.96200,4.669485e+02,6.287374e+01,-1.171857e+01,1.341435e+01
32.96300,4.688159e+02,5.847259e+01,-1.007827e+01,6.595609e+00
32.96400,4.706197e+02,5.425701e+01,-8.455060e+00,-1.094919e-01
32.96500,4.725139e+02,5.122428e+01,-6.766273e+00,-5.613761e+00
32.96600,4.743285e+02,4.606896e+01,-5.159624e+00,-1.301211e+01
32.96700,4.761288e+02,4.214363e+01,-3.570605e+00,-1.916508e+01
32.96800,4.779260e+02,3.795355e+01,-2.005582e+00,-2.550790e+01
32.96900,4.796174e+02,3.294098e+01,-5.216547e-01,-3.266169e+01
32.97000,4.814295e+02,2.803081e+01,1.051489e+00,-3.951023e+01
32.97100,4.830882e+02,2.225179e+01,2.512335e+00,-4.719112e+01
32.97200,4.847349e+02,1.714417e+01,3.935563e+00,-5.411347e+01
32.97300,4.862863e+02,9.920347e+00,5.293945e+00,-6.283156e+01
32.97400,4.878025e+02,3.263447e+00,6.629459e+00,-7.098200e+01
32.97500,4.892437e+02,-2.674521e+00,7.895707e+00,-7.831460e+01
32.97600,4.903458e+02,-6.802340e+00,8.860813e+00,-8.405907e+01
32.97700,4.915709e+02,-1.347558e+01,9.963280e+00,-9.200073e+01
32.97800,4.926367e+02,-2.190939e+01,1.097434e+01,-1.014226e+02
32.97900,4.936850e+02,-2.816962e+01,1.188327e+01,-1.087169e+02
32.98000,4.944667e+02,-3.285910e+01,1.255982e+01,-1.143953e+02
32.98100,4.952867e+02,-4.141309e+01,1.336843e+01,-1.236393e+02
32.98200,4.959074e+02,-4.713587e+01,1.397271e+01,-1.301813e+02
32.98300,4.964497e+02,-5.373441e+01,1.454201e+01,-1.373841e+02
32.98400,4.968375e+02,-5.964446e+01,1.496689e+01,-1.438559e+02
32.98500,4.970620e+02,-6.427739e+01,1.522953e+01,-1.490428e+02
32.98600,4.970767e+02,-6.957400e+01,1.541990e+01,-1.546411e+02
32.98700,4.970058e+02,-7.373753e+01,1.549647e+01,-1.591234e+02
32.98800,4.966404e+02,-7.594187e+01,1.521345e+01,-1.616592e+02
32.98900,4.962873e+02,-8.008253e+01,1.509031e+01,-1.659006e+02
32.99000,4.955257e+02,-8.153840e+01,1.449893e+01,-1.674252e+02
32.99100,4.947565e+02,-8.300733e+01,1.387537e+01,-1.688690e+02
32.99200,4.937911e+02,-8.625400e+01,1.327545e+01,-1.719099e+02
32.99300,4.929547e+02,-8.887013e+01,1.269558e+01,-1.744813e+02
32.99400,4.920420e+02,-9.201060e+01,1.203447e+01,-1.773327e+02
32.99500,4.910436e+02,-9.442733e+01,1.126415e+01,-1.793815e+02
32.99600,4.897466e+02,-9.579180e+01,1.025888e+01,-1.803378e+02
32.99700,4.880372e+02,-9.571087e+01,8.785800e+00,-1.797386e+02
32.99800,4.861671e+02,-9.369407e+01,7.133340e+00,-1.773839e+02
32.99900,4.845883e+02,-9.470453e+01,5.832579e+00,-1.777327e+02
33.00000,4.838244e+02,-9.985127e+01,5.325071e+00,-1.818993e+02
