# ale_2x_dt0.00025_replay_movingWallPressure: forces per unit depth (N/m) on cylinder+flag (total) and flag (plate), last 2 s at 1 ms; coupled FSI3 2x trajectory replayed with movingWallPressure on the plate
time,total_drag,total_lift,plate_drag,plate_lift
31.00000,4.838088e+02,1.085115e+01,5.921050e+00,-9.286260e+01
31.00100,4.826516e+02,5.720345e+00,5.013853e+00,-9.784640e+01
31.00200,4.814542e+02,2.252254e-01,4.057227e+00,-1.030204e+02
31.00300,4.800739e+02,-4.650687e+00,2.950961e+00,-1.075101e+02
31.00400,4.787075e+02,-9.710520e+00,1.828299e+00,-1.120613e+02
31.00500,4.771287e+02,-1.427171e+01,5.307228e-01,-1.159967e+02
31.00600,4.756399e+02,-1.950060e+01,-6.848660e-01,-1.204284e+02
31.00700,4.740192e+02,-2.425839e+01,-2.032005e+00,-1.243137e+02
31.00800,4.723261e+02,-2.863125e+01,-3.466463e+00,-1.276903e+02
31.00900,4.706645e+02,-3.339970e+01,-4.864909e+00,-1.313539e+02
31.01000,4.689498e+02,-3.761750e+01,-6.363408e+00,-1.343146e+02
31.01100,4.671426e+02,-4.214272e+01,-7.941447e+00,-1.374796e+02
31.01200,4.654503e+02,-4.672203e+01,-9.417687e+00,-1.405969e+02
31.01300,4.636961e+02,-5.135233e+01,-1.098428e+01,-1.436093e+02
31.01400,4.621490e+02,-5.618537e+01,-1.236921e+01,-1.466751e+02
31.01500,4.606038e+02,-6.082755e+01,-1.376079e+01,-1.494767e+02
31.01600,4.590855e+02,-6.543158e+01,-1.514243e+01,-1.521242e+02
31.01700,4.571986e+02,-6.809973e+01,-1.690146e+01,-1.527341e+02
31.01800,4.557527e+02,-7.258773e+01,-1.825609e+01,-1.550301e+02
31.01900,4.542433e+02,-7.720687e+01,-1.969495e+01,-1.573134e+02
31.02000,4.527503e+02,-8.175280e+01,-2.113064e+01,-1.594147e+02
31.02100,4.514367e+02,-8.531160e+01,-2.240205e+01,-1.605460e+02
31.02200,4.502819e+02,-8.980807e+01,-2.353361e+01,-1.623877e+02
31.02300,4.488549e+02,-9.302273e+01,-2.494620e+01,-1.629780e+02
31.02400,4.477670e+02,-9.660947e+01,-2.604811e+01,-1.638121e+02
31.02500,4.467187e+02,-1.006983e+02,-2.711884e+01,-1.650003e+02
31.02600,4.457853e+02,-1.058177e+02,-2.810208e+01,-1.670132e+02
31.02700,4.446193e+02,-1.038031e+02,-2.927014e+01,-1.624595e+02
31.02800,4.438563e+02,-1.090260e+02,-3.011373e+01,-1.644174e+02
31.02900,4.431867e+02,-1.123197e+02,-3.085977e+01,-1.645645e+02
31.03000,4.428121e+02,-1.165965e+02,-3.132504e+01,-1.655070e+02
31.03100,4.421807e+02,-1.188455e+02,-3.202274e+01,-1.645110e+02
31.03200,4.416443e+02,-1.212098e+02,-3.264116e+01,-1.635799e+02
31.03300,4.412586e+02,-1.233015e+02,-3.311621e+01,-1.623220e+02
31.03400,4.409952e+02,-1.246927e+02,-3.347727e+01,-1.603603e+02
31.03500,4.407987e+02,-1.282894e+02,-3.376466e+01,-1.603788e+02
31.03600,4.405470e+02,-1.316552e+02,-3.408295e+01,-1.601179e+02
31.03700,4.404407e+02,-1.332815e+02,-3.428531e+01,-1.582235e+02
31.03800,4.404690e+02,-1.350970e+02,-3.434219e+01,-1.564632e+02
31.03900,4.406247e+02,-1.368565e+02,-3.427518e+01,-1.546224e+02
31.04000,4.407491e+02,-1.375893e+02,-3.421125e+01,-1.518095e+02
31.04100,4.412380e+02,-1.396152e+02,-3.381233e+01,-1.501424e+02
31.04200,4.416727e+02,-1.407708e+02,-3.344893e+01,-1.476639e+02
31.04300,4.422015e+02,-1.419060e+02,-3.297269e+01,-1.451336e+02
31.04400,4.429255e+02,-1.430674e+02,-3.234344e+01,-1.426262e+02
31.04500,4.436567e+02,-1.433935e+02,-3.168372e+01,-1.393317e+02
31.04600,4.445122e+02,-1.441857e+02,-3.089652e+01,-1.364781e+02
31.04700,4.454745e+02,-1.448435e+02,-2.999998e+01,-1.334759e+02
31.04800,4.464941e+02,-1.450686e+02,-2.905207e+01,-1.300920e+02
31.04900,4.476905e+02,-1.455201e+02,-2.792987e+01,-1.269061e+02
31.05000,4.489229e+02,-1.459694e+02,-2.676672e+01,-1.237372e+02
31.05100,4.502816e+02,-1.462153e+02,-2.549372e+01,-1.204191e+02
31.05200,4.516531e+02,-1.467035e+02,-2.420333e+01,-1.173286e+02
31.05300,4.530820e+02,-1.463472e+02,-2.285489e+01,-1.134802e+02
31.05400,4.545768e+02,-1.461496e+02,-2.144877e+01,-1.097877e+02
31.05500,4.561508e+02,-1.457264e+02,-1.997402e+01,-1.059695e+02
31.05600,4.577265e+02,-1.448539e+02,-1.849400e+01,-1.017303e+02
31.05700,4.593647e+02,-1.442222e+02,-1.695785e+01,-9.777140e+01
31.05800,4.609988e+02,-1.431349e+02,-1.542849e+01,-9.342773e+01
31.05900,4.626587e+02,-1.420042e+02,-1.387937e+01,-8.907013e+01
31.06000,4.643161e+02,-1.402240e+02,-1.234345e+01,-8.421560e+01
31.06100,4.659492e+02,-1.383711e+02,-1.082680e+01,-7.931727e+01
31.06200,4.675691e+02,-1.363279e+02,-9.327327e+00,-7.431000e+01
31.06300,4.691569e+02,-1.340357e+02,-7.862627e+00,-6.915267e+01
31.06400,4.706949e+02,-1.309906e+02,-6.442672e+00,-6.332497e+01
31.06500,4.721886e+02,-1.280024e+02,-5.065311e+00,-5.765394e+01
31.06600,4.736425e+02,-1.244349e+02,-3.727877e+00,-5.151478e+01
31.06700,4.750841e+02,-1.211989e+02,-2.417354e+00,-4.575570e+01
31.06800,4.763473e+02,-1.162001e+02,-1.249044e+00,-3.847517e+01
31.06900,4.776209e+02,-1.115864e+02,-9.610160e-02,-3.158358e+01
31.07000,4.788653e+02,-1.074273e+02,1.035795e+00,-2.523837e+01
31.07100,4.799632e+02,-1.025799e+02,2.036895e+00,-1.834231e+01
31.07200,4.809876e+02,-9.724407e+01,2.955501e+00,-1.106601e+01
31.07300,4.818935e+02,-9.193920e+01,3.784282e+00,-3.926889e+00
31.07400,4.827367e+02,-8.623867e+01,4.547569e+00,3.470419e+00
31.07500,4.833987e+02,-8.089120e+01,5.156323e+00,1.047608e+01
31.07600,4.840720e+02,-7.509213e+01,5.783221e+00,1.775525e+01
31.07700,4.846350e+02,-6.885767e+01,6.311752e+00,2.536709e+01
31.07800,4.850345e+02,-6.285712e+01,6.717373e+00,3.264091e+01
31.07900,4.853137e+02,-5.743973e+01,6.996213e+00,3.926665e+01
31.08000,4.855081e+02,-5.099151e+01,7.224580e+00,4.675783e+01
31.08100,4.855743e+02,-4.477371e+01,7.339380e+00,5.389370e+01
31.08200,4.854655e+02,-3.895225e+01,7.307673e+00,6.057069e+01
31.08300,4.852912e+02,-3.282847e+01,7.214747e+00,6.742520e+01
31.08400,4.849307e+02,-2.704426e+01,6.963273e+00,7.382960e+01
31.08500,4.845025e+02,-2.090287e+01,6.666132e+00,8.044867e+01
31.08600,4.838371e+02,-1.583053e+01,6.155837e+00,8.600420e+01
31.08700,4.830912e+02,-1.038700e+01,5.581851e+00,9.175273e+01
31.08800,4.822203e+02,-5.094921e+00,4.898300e+00,9.723900e+01
31.08900,4.811736e+02,-2.526565e-01,4.054307e+00,1.022330e+02
31.09000,4.800820e+02,4.802068e+00,3.172257e+00,1.072712e+02
31.09100,4.788845e+02,9.801040e+00,2.198988e+00,1.121561e+02
31.09200,4.775515e+02,1.445539e+01,1.105717e+00,1.165944e+02
31.09300,4.761366e+02,1.898475e+01,-6.571875e-02,1.207995e+02
31.09400,4.746959e+02,2.376147e+01,-1.268948e+00,1.251211e+02
31.09500,4.730991e+02,2.791691e+01,-2.620482e+00,1.287235e+02
31.09600,4.715059e+02,3.240679e+01,-3.951753e+00,1.325446e+02
31.09700,4.699053e+02,3.684050e+01,-5.315229e+00,1.361931e+02
31.09800,4.681953e+02,4.102654e+01,-6.780260e+00,1.394645e+02
31.09900,4.665375e+02,4.526887e+01,-8.210740e+00,1.426934e+02
31.10000,4.647803e+02,4.943623e+01,-9.733293e+00,1.457170e+02
31.10100,4.629852e+02,5.358451e+01,-1.131984e+01,1.485892e+02
31.10200,4.612106e+02,5.828327e+01,-1.289427e+01,1.518858e+02
31.10300,4.595963e+02,6.258935e+01,-1.431121e+01,1.546875e+02
31.10400,4.579760e+02,6.680000e+01,-1.576283e+01,1.572611e+02
31.10500,4.564388e+02,7.139087e+01,-1.713763e+01,1.601038e+02
31.10600,4.550980e+02,7.663853e+01,-1.834753e+01,1.634407e+02
31.10700,4.531502e+02,7.881140e+01,-2.015931e+01,1.636767e+02
31.10800,4.517174e+02,8.346280e+01,-2.148583e+01,1.662219e+02
31.10900,4.503333e+02,8.774367e+01,-2.278511e+01,1.683056e+02
31.11000,4.489433e+02,9.246993e+01,-2.411863e+01,1.706782e+02
31.11100,4.477016e+02,9.723240e+01,-2.531315e+01,1.729899e+02
31.11200,4.464697e+02,1.007767e+02,-2.651056e+01,1.740827e+02
31.11300,4.452656e+02,1.051289e+02,-2.768509e+01,1.757879e+02
31.11400,4.439171e+02,1.085435e+02,-2.902121e+01,1.765557e+02
31.11500,4.429564e+02,1.122597e+02,-2.998969e+01,1.775301e+02
31.11600,4.420161e+02,1.162664e+02,-3.095024e+01,1.786676e+02
31.11700,4.410059e+02,1.175626e+02,-3.195638e+01,1.771964e+02
31.11800,4.403265e+02,1.207345e+02,-3.267466e+01,1.774143e+02
31.11900,4.392515e+02,1.232490e+02,-3.379283e+01,1.769636e+02
31.12000,4.388051e+02,1.270379e+02,-3.429057e+01,1.775787e+02
31.12100,4.385525e+02,1.314201e+02,-3.461886e+01,1.786525e+02
31.12200,4.377751e+02,1.322253e+02,-3.545269e+01,1.764337e+02
31.12300,4.373410e+02,1.342268e+02,-3.594170e+01,1.752165e+02
31.12400,4.370313e+02,1.358919e+02,-3.631121e+01,1.736381e+02
31.12500,4.368506e+02,1.365004e+02,-3.655849e+01,1.710326e+02
31.12600,4.367137e+02,1.425719e+02,-3.674898e+01,1.733801e+02
31.12700,4.364287e+02,1.429519e+02,-3.708500e+01,1.704838e+02
31.12800,4.363376e+02,1.437286e+02,-3.723714e+01,1.679187e+02
31.12900,4.365214e+02,1.457795e+02,-3.711678e+01,1.664488e+02
31.13000,4.365867e+02,1.456627e+02,-3.709293e+01,1.630024e+02
31.13100,4.367501e+02,1.455643e+02,-3.696584e+01,1.595260e+02
31.13200,4.373871e+02,1.476807e+02,-3.640591e+01,1.580400e+02
31.13300,4.379453e+02,1.484715e+02,-3.590839e+01,1.553113e+02
31.13400,4.385384e+02,1.485959e+02,-3.536090e+01,1.519796e+02
31.13500,4.392706e+02,1.488365e+02,-3.468589e+01,1.487311e+02
31.13600,4.401084e+02,1.489325e+02,-3.389464e+01,1.453291e+02
31.13700,4.411512e+02,1.495175e+02,-3.293807e+01,1.423631e+02
31.13800,4.422225e+02,1.498027e+02,-3.193347e+01,1.391240e+02
31.13900,4.433973e+02,1.500931e+02,-3.083446e+01,1.358980e+02
31.14000,4.447137e+02,1.504362e+02,-2.960890e+01,1.327079e+02
31.14100,4.460276e+02,1.500053e+02,-2.838269e+01,1.288096e+02
31.14200,4.474982e+02,1.499529e+02,-2.702033e+01,1.252679e+02
31.14300,4.490455e+02,1.500555e+02,-2.558011e+01,1.218885e+02
31.14400,4.506867e+02,1.502984e+02,-2.406333e+01,1.186650e+02
31.14500,4.523763e+02,1.498711e+02,-2.251026e+01,1.148185e+02
31.14600,4.540367e+02,1.497769e+02,-2.100078e+01,1.112954e+02
31.14700,4.558178e+02,1.496481e+02,-1.937196e+01,1.078068e+02
31.14800,4.576215e+02,1.490367e+02,-1.773813e+01,1.038703e+02
31.14900,4.594568e+02,1.487235e+02,-1.608129e+01,1.002607e+02
31.15000,4.613470e+02,1.482533e+02,-1.438147e+01,9.652020e+01
31.15100,4.631993e+02,1.474223e+02,-1.272491e+01,9.251687e+01
31.15200,4.649761e+02,1.458935e+02,-1.114871e+01,8.788347e+01
31.15300,4.668019e+02,1.447362e+02,-9.540580e+00,8.366567e+01
31.15400,4.685639e+02,1.426101e+02,-7.995127e+00,7.859127e+01
31.15500,4.703037e+02,1.405385e+02,-6.479503e+00,7.364480e+01
31.15600,4.719875e+02,1.385959e+02,-5.018497e+00,6.887900e+01
31.15700,4.736252e+02,1.356545e+02,-3.609328e+00,6.323221e+01
31.15800,4.752045e+02,1.328561e+02,-2.245685e+00,5.781605e+01
31.15900,4.767289e+02,1.292827e+02,-9.339847e-01,5.174606e+01
31.16000,4.781763e+02,1.258143e+02,2.905655e-01,4.585637e+01
31.16100,4.795428e+02,1.219879e+02,1.461719e+00,3.973781e+01
31.16200,4.808504e+02,1.176224e+02,2.572319e+00,3.317656e+01
31.16300,4.821534e+02,1.124692e+02,3.696250e+00,2.600625e+01
31.16400,4.831073e+02,1.087945e+02,4.482234e+00,2.028781e+01
31.16500,4.841211e+02,1.033379e+02,5.340836e+00,1.299408e+01
31.16600,4.850087e+02,9.801740e+01,6.110039e+00,5.958103e+00
31.16700,4.858399e+02,9.278240e+01,6.820793e+00,-8.943800e-01
31.16800,4.866069e+02,8.683447e+01,7.496213e+00,-8.326633e+00
31.16900,4.871537e+02,8.112907e+01,7.982667e+00,-1.540418e+01
31.17000,4.875987e+02,7.530120e+01,8.408773e+00,-2.247457e+01
31.17100,4.879302e+02,6.947727e+01,8.725340e+00,-2.945585e+01
31.17200,4.881787e+02,6.304464e+01,8.984553e+00,-3.685842e+01
31.17300,4.882353e+02,5.713688e+01,9.085340e+00,-4.364261e+01
31.17400,4.882190e+02,5.060096e+01,9.150053e+00,-5.094061e+01
31.17500,4.879857e+02,4.505111e+01,9.001760e+00,-5.716291e+01
31.17600,4.877335e+02,3.825669e+01,8.879460e+00,-6.440172e+01
31.17700,4.871749e+02,3.301152e+01,8.474613e+00,-7.014707e+01
31.17800,4.865549e+02,2.757086e+01,8.017040e+00,-7.592133e+01
31.17900,4.858084e+02,2.167704e+01,7.470233e+00,-8.198613e+01
31.18000,4.849298e+02,1.597308e+01,6.811320e+00,-8.774420e+01
31.18100,4.838987e+02,1.072097e+01,5.995027e+00,-9.294887e+01
31.18200,4.827394e+02,5.629223e+00,5.088471e+00,-9.790487e+01
31.18300,4.815279e+02,2.121243e-01,4.121506e+00,-1.030105e+02
31.18400,4.801878e+02,-4.866788e+00,3.050228e+00,-1.076925e+02
31.18500,4.788017e+02,-9.881027e+00,1.916778e+00,-1.122047e+02
31.18600,4.772439e+02,-1.442055e+01,6.344489e-01,-1.161204e+02
31.18700,4.757501e+02,-1.960337e+01,-5.890890e-01,-1.205123e+02
31.18800,4.741324e+02,-2.437631e+01,-1.935358e+00,-1.244135e+02
31.18900,4.724505e+02,-2.887721e+01,-3.354307e+00,-1.279088e+02
31.19000,4.707842e+02,-3.354439e+01,-4.756389e+00,-1.314907e+02
31.19100,4.690481e+02,-3.773717e+01,-6.268828e+00,-1.344292e+02
31.19200,4.672324e+02,-4.213696e+01,-7.856687e+00,-1.374868e+02
31.19300,4.655980e+02,-4.696030e+01,-9.285013e+00,-1.408288e+02
31.19400,4.638178e+02,-5.155027e+01,-1.087177e+01,-1.438132e+02
31.19500,4.622469e+02,-5.626063e+01,-1.227869e+01,-1.467723e+02
31.19600,4.607205e+02,-6.100893e+01,-1.365082e+01,-1.496733e+02
31.19700,4.592131e+02,-6.556223e+01,-1.502600e+01,-1.522794e+02
31.19800,4.573104e+02,-6.819227e+01,-1.679615e+01,-1.528625e+02
31.19900,4.558676e+02,-7.273300e+01,-1.814553e+01,-1.552087e+02
31.20000,4.543509e+02,-7.726060e+01,-1.959218e+01,-1.574154e+02
31.20100,4.528480e+02,-8.186133e+01,-2.103813e+01,-1.595665e+02
31.20200,4.515571e+02,-8.547273e+01,-2.228853e+01,-1.607567e+02
31.20300,4.504021e+02,-9.004927e+01,-2.342113e+01,-1.626694e+02
31.20400,4.489467e+02,-9.311813e+01,-2.485495e+01,-1.631304e+02
31.20500,4.478191e+02,-9.648287e+01,-2.599464e+01,-1.637715e+02
31.20600,4.468125e+02,-1.008119e+02,-2.702617e+01,-1.651748e+02
31.20700,4.458615e+02,-1.058289e+02,-2.802786e+01,-1.671049e+02
31.20800,4.447457e+02,-1.046208e+02,-2.914911e+01,-1.632853e+02
31.20900,4.438876e+02,-1.086744e+02,-3.007495e+01,-1.641869e+02
31.21000,4.432457e+02,-1.123840e+02,-3.079890e+01,-1.647145e+02
31.21100,4.428689e+02,-1.166147e+02,-3.126444e+01,-1.656136e+02
31.21200,4.423579e+02,-1.196235e+02,-3.185263e+01,-1.653083e+02
31.21300,4.416929e+02,-1.211958e+02,-3.259283e+01,-1.636671e+02
31.21400,4.413495e+02,-1.235913e+02,-3.302362e+01,-1.626830e+02
31.21500,4.410305e+02,-1.248801e+02,-3.343785e+01,-1.606347e+02
31.21600,4.408665e+02,-1.286567e+02,-3.369327e+01,-1.608095e+02
31.21700,4.406101e+02,-1.319828e+02,-3.402214e+01,-1.605261e+02
31.21800,4.404576e+02,-1.332517e+02,-3.426711e+01,-1.583071e+02
31.21900,4.404919e+02,-1.350730e+02,-3.432782e+01,-1.565617e+02
31.22000,4.406900e+02,-1.372712e+02,-3.420818e+01,-1.551085e+02
31.22100,4.407391e+02,-1.373625e+02,-3.421546e+01,-1.517169e+02
31.22200,4.412642e+02,-1.397165e+02,-3.378675e+01,-1.503510e+02
31.22300,4.416655e+02,-1.407593e+02,-3.344905e+01,-1.477733e+02
31.22400,4.421877e+02,-1.417424e+02,-3.299216e+01,-1.451104e+02
31.22500,4.428994e+02,-1.430240e+02,-3.236293e+01,-1.427075e+02
31.22600,4.436279e+02,-1.432531e+02,-3.170018e+01,-1.393182e+02
31.22700,4.444757e+02,-1.440919e+02,-3.093198e+01,-1.365167e+02
31.22800,4.454449e+02,-1.447925e+02,-3.002452e+01,-1.335539e+02
31.22900,4.464649e+02,-1.451045e+02,-2.908075e+01,-1.302459e+02
31.23000,4.476551e+02,-1.456523e+02,-2.796459e+01,-1.271513e+02
31.23100,4.489074e+02,-1.458874e+02,-2.678084e+01,-1.237916e+02
31.23200,4.502281e+02,-1.462997e+02,-2.554533e+01,-1.206184e+02
31.23300,4.515982e+02,-1.466719e+02,-2.425274e+01,-1.174291e+02
31.23400,4.530481e+02,-1.462163e+02,-2.289250e+01,-1.134832e+02
31.23500,4.545221e+02,-1.459779e+02,-2.149939e+01,-1.097570e+02
31.23600,4.560896e+02,-1.457877e+02,-2.002625e+01,-1.061513e+02
31.23700,4.576678e+02,-1.448427e+02,-1.854691e+01,-1.018403e+02
31.23800,4.593100e+02,-1.442660e+02,-1.700918e+01,-9.793353e+01
31.23900,4.609411e+02,-1.430191e+02,-1.548361e+01,-9.343673e+01
31.24000,4.626067e+02,-1.420338e+02,-1.392793e+01,-8.922120e+01
31.24100,4.642549e+02,-1.402387e+02,-1.239790e+01,-8.434540e+01
31.24200,4.658924e+02,-1.385205e+02,-1.087772e+01,-7.956747e+01
31.24300,4.675115e+02,-1.363354e+02,-9.379580e+00,-7.443227e+01
31.24400,4.691066e+02,-1.340031e+02,-7.910540e+00,-6.923447e+01
31.24500,4.706367e+02,-1.310239e+02,-6.490795e+00,-6.346727e+01
31.24600,4.721356e+02,-1.279935e+02,-5.114643e+00,-5.775125e+01
31.24700,4.735844e+02,-1.243733e+02,-3.775343e+00,-5.156665e+01
31.24800,4.750373e+02,-1.212165e+02,-2.460586e+00,-4.587137e+01
31.24900,4.763065e+02,-1.162629e+02,-1.287474e+00,-3.862693e+01
31.25000,4.775835e+02,-1.116425e+02,-1.293166e-01,-3.173040e+01
31.25100,4.788277e+02,-1.074917e+02,1.003136e+00,-2.539119e+01
31.25200,4.799359e+02,-1.026411e+02,2.007712e+00,-1.849394e+01
31.25300,4.809602e+02,-9.724013e+01,2.933341e+00,-1.115166e+01
31.25400,4.818701e+02,-9.196120e+01,3.763721e+00,-4.028471e+00
31.25500,4.827141e+02,-8.633127e+01,4.525573e+00,3.304505e+00
31.25600,4.833782e+02,-8.119620e+01,5.136557e+00,1.011467e+01
31.25700,4.840623e+02,-7.511247e+01,5.774666e+00,1.766095e+01
31.25800,4.846345e+02,-6.892753e+01,6.305821e+00,2.522509e+01
31.25900,4.850423e+02,-6.282705e+01,6.723727e+00,3.259699e+01
31.26000,4.853314e+02,-5.737757e+01,7.009093e+00,3.926241e+01
31.26100,4.855273e+02,-5.095609e+01,7.240133e+00,4.672723e+01
31.26200,4.856018e+02,-4.474487e+01,7.366840e+00,5.386540e+01
31.26300,4.854837e+02,-3.887081e+01,7.329720e+00,6.059560e+01
31.26400,4.853228e+02,-3.281461e+01,7.244067e+00,6.738213e+01
31.26500,4.849721e+02,-2.700886e+01,6.999973e+00,7.381553e+01
31.26600,4.845063e+02,-2.119370e+01,6.669760e+00,8.014147e+01
31.26700,4.838904e+02,-1.583733e+01,6.199993e+00,8.595373e+01
31.26800,4.831535e+02,-1.035895e+01,5.634249e+00,9.174180e+01
31.26900,4.822783e+02,-5.094237e+00,4.947167e+00,9.720607e+01
31.27000,4.812533e+02,-1.549949e-01,4.121722e+00,1.022960e+02
31.27100,4.801831e+02,5.063545e+00,3.261920e+00,1.074831e+02
31.27200,4.789669e+02,9.892807e+00,2.272186e+00,1.122122e+02
31.27300,4.776416e+02,1.453317e+01,1.188262e+00,1.166471e+02
31.27400,4.762319e+02,1.910825e+01,1.607273e-02,1.208932e+02
31.27500,4.748195e+02,2.405919e+01,-1.156361e+00,1.253851e+02
31.27600,4.732165e+02,2.809710e+01,-2.517975e+00,1.288884e+02
31.27700,4.716231e+02,3.259334e+01,-3.847815e+00,1.327191e+02
31.27800,4.699971e+02,3.680296e+01,-5.235640e+00,1.361532e+02
31.27900,4.683000e+02,4.102637e+01,-6.685847e+00,1.394757e+02
31.28000,4.666563e+02,4.536729e+01,-8.103013e+00,1.427998e+02
31.28100,4.649127e+02,4.949379e+01,-9.609060e+00,1.457951e+02
31.28200,4.630687e+02,5.358766e+01,-1.124102e+01,1.486097e+02
31.28300,4.613253e+02,5.835337e+01,-1.279246e+01,1.519839e+02
31.28400,4.597139e+02,6.276534e+01,-1.420037e+01,1.548791e+02
31.28500,4.580660e+02,6.670680e+01,-1.568065e+01,1.572129e+02
31.28600,4.565381e+02,7.138380e+01,-1.704432e+01,1.601350e+02
31.28700,4.551958e+02,7.663847e+01,-1.825730e+01,1.634803e+02
31.28800,4.532587e+02,7.897193e+01,-2.005093e+01,1.638709e+02
31.28900,4.518132e+02,8.349660e+01,-2.139533e+01,1.663010e+02
31.29000,4.504209e+02,8.780040e+01,-2.270201e+01,1.684087e+02
31.29100,4.490367e+02,9.245640e+01,-2.402821e+01,1.707257e+02
31.29200,4.477895e+02,9.719160e+01,-2.523159e+01,1.730175e+02
31.29300,4.465549e+02,1.008048e+02,-2.642363e+01,1.741817e+02
31.29400,4.454848e+02,1.056131e+02,-2.747179e+01,1.762988e+02
31.29500,4.439953e+02,1.084455e+02,-2.894318e+01,1.765461e+02
31.29600,4.430024e+02,1.120701e+02,-2.994265e+01,1.774407e+02
31.29700,4.421409e+02,1.164964e+02,-3.082875e+01,1.789515e+02
31.29800,4.410681e+02,1.176345e+02,-3.189224e+01,1.773560e+02
31.29900,4.403779e+02,1.205002e+02,-3.262403e+01,1.772915e+02
31.30000,4.393056e+02,1.232601e+02,-3.372833e+01,1.770651e+02
31.30100,4.387886e+02,1.267160e+02,-3.430249e+01,1.773801e+02
31.30200,4.386501e+02,1.316465e+02,-3.452910e+01,1.789630e+02
31.30300,4.378190e+02,1.322913e+02,-3.540453e+01,1.766004e+02
31.30400,4.373611e+02,1.342793e+02,-3.592146e+01,1.753683e+02
31.30500,4.370331e+02,1.357223e+02,-3.630201e+01,1.735936e+02
31.30600,4.368747e+02,1.360945e+02,-3.653136e+01,1.707719e+02
31.30700,4.367613e+02,1.414392e+02,-3.670804e+01,1.724605e+02
31.30800,4.364507e+02,1.429987e+02,-3.705992e+01,1.706369e+02
31.30900,4.363590e+02,1.437595e+02,-3.721900e+01,1.680620e+02
31.31000,4.364953e+02,1.453537e+02,-3.713585e+01,1.661802e+02
31.31100,4.366058e+02,1.457279e+02,-3.707287e+01,1.631768e+02
31.31200,4.367564e+02,1.455697e+02,-3.696135e+01,1.596484e+02
31.31300,4.373849e+02,1.476507e+02,-3.641359e+01,1.581435e+02
31.31400,4.379305e+02,1.483632e+02,-3.591775e+01,1.553355e+02
31.31500,4.385376e+02,1.486207e+02,-3.535978e+01,1.521285e+02
31.31600,4.392755e+02,1.490262e+02,-3.468649e+01,1.490209e+02
31.31700,4.400810e+02,1.489145e+02,-3.392175e+01,1.454411e+02
31.31800,4.411154e+02,1.494563e+02,-3.296651e+01,1.424379e+02
31.31900,4.421907e+02,1.498887e+02,-3.196010e+01,1.393329e+02
31.32000,4.433593e+02,1.499961e+02,-3.087105e+01,1.359325e+02
31.32100,4.446582e+02,1.502433e+02,-2.966067e+01,1.326579e+02
31.32200,4.459726e+02,1.500619e+02,-2.843157e+01,1.289915e+02
31.32300,4.474217e+02,1.496007e+02,-2.708359e+01,1.250773e+02
31.32400,4.490175e+02,1.503525e+02,-2.561219e+01,1.222927e+02
31.32500,4.506191e+02,1.501977e+02,-2.412141e+01,1.187058e+02
31.32600,4.523122e+02,1.496268e+02,-2.256544e+01,1.147269e+02
31.32700,4.539682e+02,1.496836e+02,-2.105959e+01,1.113485e+02
31.32800,4.557507e+02,1.495160e+02,-1.943305e+01,1.078144e+02
31.32900,4.575502e+02,1.488635e+02,-1.780281e+01,1.038421e+02
31.33000,4.593911e+02,1.485985e+02,-1.613977e+01,1.002733e+02
31.33100,4.612741e+02,1.480445e+02,-1.444906e+01,9.645533e+01
31.33200,4.631333e+02,1.474401e+02,-1.278405e+01,9.265820e+01
31.33300,4.649071e+02,1.457401e+02,-1.121145e+01,8.786640e+01
31.33400,4.667332e+02,1.446217e+02,-9.598573e+00,8.368440e+01
31.33500,4.685026e+02,1.425613e+02,-8.050727e+00,7.866513e+01
31.33600,4.702385e+02,1.405831e+02,-6.533985e+00,7.380720e+01
31.33700,4.719331e+02,1.385435e+02,-5.068349e+00,6.895413e+01
31.33800,4.735609e+02,1.356357e+02,-3.659285e+00,6.333265e+01
31.33900,4.751499e+02,1.327681e+02,-2.290351e+00,5.784889e+01
31.34000,4.766766e+02,1.292337e+02,-9.793167e-01,5.181214e+01
31.34100,4.781249e+02,1.257135e+02,2.528325e-01,4.587467e+01
31.34200,4.795017e+02,1.219368e+02,1.426560e+00,3.979937e+01
31.34300,4.808191e+02,1.175152e+02,2.543607e+00,3.317995e+01
31.34400,4.821167e+02,1.127392e+02,3.662569e+00,2.636091e+01
31.34500,4.830734e+02,1.089698e+02,4.448491e+00,2.054793e+01
31.34600,4.840960e+02,1.033220e+02,5.321978e+00,1.307473e+01
31.34700,4.849937e+02,9.801507e+01,6.093538e+00,6.048975e+00
31.34800,4.858159e+02,9.270307e+01,6.804913e+00,-8.762140e-01
31.34900,4.865830e+02,8.691267e+01,7.474800e+00,-8.171907e+00
31.35000,4.871429e+02,8.111507e+01,7.981527e+00,-1.533573e+01
31.35100,4.876041e+02,7.526027e+01,8.413520e+00,-2.243551e+01
31.35200,4.879395e+02,6.950453e+01,8.730393e+00,-2.935541e+01
31.35300,4.881827e+02,6.306991e+01,8.988953e+00,-3.676278e+01
31.35400,4.882665e+02,5.700965e+01,9.109847e+00,-4.369604e+01
31.35500,4.882423e+02,5.070766e+01,9.170053e+00,-5.078204e+01
31.35600,4.880406e+02,4.489417e+01,9.047233e+00,-5.724778e+01
31.35700,4.877371e+02,3.858660e+01,8.877087e+00,-6.404767e+01
31.35800,4.872490e+02,3.281206e+01,8.538860e+00,-7.028107e+01
31.35900,4.866215e+02,2.741408e+01,8.079587e+00,-7.602233e+01
31.36000,4.858815e+02,2.155537e+01,7.533520e+00,-8.205887e+01
31.36100,4.850031e+02,1.590249e+01,6.874320e+00,-8.776780e+01
31.36200,4.839691e+02,1.069110e+01,6.058553e+00,-9.294300e+01
31.36300,4.828269e+02,5.534896e+00,5.164085e+00,-9.796220e+01
31.36400,4.816191e+02,1.551527e-01,4.197920e+00,-1.030351e+02
31.36500,4.802991e+02,-5.005843e+00,3.145971e+00,-1.077983e+02
31.36600,4.789074e+02,-1.009324e+01,2.012621e+00,-1.123910e+02
31.36700,4.773588e+02,-1.458679e+01,7.358087e-01,-1.162614e+02
31.36800,4.758621e+02,-1.973280e+01,-4.899835e-01,-1.206219e+02
31.36900,4.742308e+02,-2.438523e+01,-1.851674e+00,-1.244149e+02
31.37000,4.725623e+02,-2.894885e+01,-3.259935e+00,-1.279746e+02
31.37100,4.708875e+02,-3.362304e+01,-4.664681e+00,-1.315587e+02
31.37200,4.691695e+02,-3.785985e+01,-6.160311e+00,-1.345578e+02
31.37300,4.673523e+02,-4.224881e+01,-7.748087e+00,-1.376047e+02
31.37400,4.657261e+02,-4.707714e+01,-9.171587e+00,-1.409519e+02
31.37500,4.639118e+02,-5.162535e+01,-1.078877e+01,-1.439140e+02
31.37600,4.623387e+02,-5.615259e+01,-1.219290e+01,-1.467013e+02
31.37700,4.608318e+02,-6.109035e+01,-1.354660e+01,-1.497803e+02
31.37800,4.593599e+02,-6.601615e+01,-1.487955e+01,-1.527361e+02
31.37900,4.574214e+02,-6.824487e+01,-1.669122e+01,-1.529548e+02
31.38000,4.559668e+02,-7.277580e+01,-1.804961e+01,-1.552846e+02
31.38100,4.544639e+02,-7.733553e+01,-1.948529e+01,-1.575391e+02
31.38200,4.529650e+02,-8.198007e+01,-2.092615e+01,-1.597373e+02
31.38300,4.516677e+02,-8.557547e+01,-2.218093e+01,-1.609136e+02
31.38400,4.504817e+02,-9.000393e+01,-2.334089e+01,-1.626947e+02
31.38500,4.490511e+02,-9.323513e+01,-2.475277e+01,-1.633025e+02
31.38600,4.479119e+02,-9.662873e+01,-2.590345e+01,-1.639717e+02
31.38700,4.469036e+02,-1.008863e+02,-2.693691e+01,-1.653181e+02
31.38800,4.459439e+02,-1.056681e+02,-2.794422e+01,-1.670377e+02
31.38900,4.448679e+02,-1.055956e+02,-2.902703e+01,-1.642519e+02
31.39000,4.439214e+02,-1.083875e+02,-3.003379e+01,-1.640075e+02
31.39100,4.433031e+02,-1.123868e+02,-3.073631e+01,-1.648061e+02
31.39200,4.429173e+02,-1.165579e+02,-3.121180e+01,-1.656510e+02
31.39300,4.424860e+02,-1.201384e+02,-3.172508e+01,-1.658718e+02
31.39400,4.417433e+02,-1.211835e+02,-3.253915e+01,-1.637524e+02
31.39500,4.414177e+02,-1.237453e+02,-3.295259e+01,-1.629235e+02
31.39600,4.410634e+02,-1.250254e+02,-3.339995e+01,-1.608706e+02
31.39700,4.408969e+02,-1.292354e+02,-3.365405e+01,-1.614413e+02
31.39800,4.406983e+02,-1.323460e+02,-3.393270e+01,-1.609774e+02
31.39900,4.404766e+02,-1.332089e+02,-3.424228e+01,-1.583823e+02
31.40000,4.404932e+02,-1.350067e+02,-3.431590e+01,-1.566125e+02
31.40100,4.407240e+02,-1.375089e+02,-3.416777e+01,-1.554375e+02
31.40200,4.407392e+02,-1.371903e+02,-3.421693e+01,-1.516732e+02
31.40300,4.412668e+02,-1.398481e+02,-3.377767e+01,-1.505881e+02
31.40400,4.416653e+02,-1.407597e+02,-3.344931e+01,-1.478963e+02
31.40500,4.421821e+02,-1.417349e+02,-3.299979e+01,-1.452262e+02
31.40600,4.428898e+02,-1.430446e+02,-3.237166e+01,-1.428483e+02
31.40700,4.436149e+02,-1.433494e+02,-3.171358e+01,-1.395250e+02
31.40800,4.444926e+02,-1.443849e+02,-3.091481e+01,-1.369011e+02
31.40900,4.454117e+02,-1.445871e+02,-3.006181e+01,-1.334889e+02
31.41000,4.464351e+02,-1.452027e+02,-2.910076e+01,-1.304633e+02
31.41100,4.476196e+02,-1.455476e+02,-2.799232e+01,-1.271859e+02
31.41200,4.488717e+02,-1.460126e+02,-2.681837e+01,-1.240326e+02
31.41300,4.501794e+02,-1.461381e+02,-2.559086e+01,-1.206015e+02
31.41400,4.515717e+02,-1.469747e+02,-2.427873e+01,-1.178260e+02
31.41500,4.530045e+02,-1.461808e+02,-2.293085e+01,-1.135691e+02
31.41600,4.544758e+02,-1.460357e+02,-2.154580e+01,-1.099378e+02
31.41700,4.560367e+02,-1.456243e+02,-2.007671e+01,-1.061224e+02
31.41800,4.576129e+02,-1.448819e+02,-1.859805e+01,-1.019992e+02
31.41900,4.592540e+02,-1.442192e+02,-1.706029e+01,-9.801487e+01
31.42000,4.608885e+02,-1.430393e+02,-1.553211e+01,-9.357267e+01
31.42100,4.625479e+02,-1.419524e+02,-1.398441e+01,-8.927213e+01
31.42200,4.641961e+02,-1.402559e+02,-1.245085e+01,-8.447927e+01
31.42300,4.658438e+02,-1.385267e+02,-1.092285e+01,-7.969760e+01
31.42400,4.674598e+02,-1.363081e+02,-9.429347e+00,-7.452120e+01
31.42500,4.690522e+02,-1.340582e+02,-7.959500e+00,-6.939807e+01
31.42600,4.705819e+02,-1.309163e+02,-6.540589e+00,-6.348022e+01
31.42700,4.720851e+02,-1.280135e+02,-5.157379e+00,-5.788457e+01
31.42800,4.735418e+02,-1.243718e+02,-3.812798e+00,-5.165970e+01
31.42900,4.749889e+02,-1.212065e+02,-2.502279e+00,-4.596482e+01
31.43000,4.762639e+02,-1.162728e+02,-1.326598e+00,-3.873369e+01
31.43100,4.775461e+02,-1.116818e+02,-1.631147e-01,-3.186572e+01
31.43200,4.787659e+02,-1.075297e+02,9.468640e-01,-2.551937e+01
31.43300,4.799077e+02,-1.027568e+02,1.979352e+00,-1.869949e+01
31.43400,4.809281e+02,-9.724513e+01,2.911545e+00,-1.124424e+01
31.43500,4.818509e+02,-9.204500e+01,3.745237e+00,-4.198765e+00
31.43600,4.826957e+02,-8.638447e+01,4.507698e+00,3.171090e+00
31.43700,4.833671e+02,-8.106500e+01,5.127452e+00,1.014979e+01
31.43800,4.840523e+02,-7.515053e+01,5.766250e+00,1.755051e+01
31.43900,4.846253e+02,-6.887880e+01,6.305370e+00,2.520183e+01
31.44000,4.850455e+02,-6.285339e+01,6.724087e+00,3.250335e+01
31.44100,4.853331e+02,-5.739547e+01,7.016173e+00,3.917346e+01
31.44200,4.855297e+02,-5.108363e+01,7.235967e+00,4.654206e+01
31.44300,4.856218e+02,-4.474704e+01,7.382760e+00,5.380463e+01
31.44400,4.855347e+02,-3.879803e+01,7.373093e+00,6.059904e+01
31.44500,4.853527e+02,-3.281028e+01,7.274413e+00,6.732773e+01
31.44600,4.850131e+02,-2.697197e+01,7.037333e+00,7.380233e+01
31.44700,4.845526e+02,-2.117945e+01,6.708413e+00,8.011300e+01
31.44800,4.839576e+02,-1.569874e+01,6.257472e+00,8.604207e+01
31.44900,4.832191e+02,-1.024774e+01,5.691277e+00,9.180360e+01
31.45000,4.823493e+02,-4.986279e+00,5.008635e+00,9.727153e+01
31.45100,4.814217e+02,3.273716e-01,4.272551e+00,1.027006e+02
31.45200,4.802440e+02,5.035845e+00,3.315755e+00,1.074356e+02
31.45300,4.790524e+02,9.951460e+00,2.344419e+00,1.122456e+02
31.45400,4.777422e+02,1.465176e+01,1.271932e+00,1.167399e+02
31.45500,4.763255e+02,1.917058e+01,9.663340e-02,1.209355e+02
31.45600,4.749175e+02,2.411847e+01,-1.070776e+00,1.254305e+02
31.45700,4.733137e+02,2.819085e+01,-2.429131e+00,1.289699e+02
31.45800,4.717344e+02,3.271285e+01,-3.747483e+00,1.328271e+02
31.45900,4.701116e+02,3.697314e+01,-5.137306e+00,1.363069e+02
31.46000,4.684234e+02,4.124023e+01,-6.572820e+00,1.396759e+02
31.46100,4.667800e+02,4.557950e+01,-7.990067e+00,1.430084e+02
31.46200,4.650481e+02,4.958079e+01,-9.486700e+00,1.458820e+02
31.46300,4.631588e+02,5.358692e+01,-1.116114e+01,1.486188e+02
31.46400,4.614387e+02,5.855438e+01,-1.268356e+01,1.521969e+02
31.46500,4.598254e+02,6.277533e+01,-1.410073e+01,1.549175e+02
31.46600,4.581825e+02,6.687940e+01,-1.557337e+01,1.574006e+02
31.46700,4.566369e+02,7.139627e+01,-1.695229e+01,1.601874e+02
31.46800,4.552655e+02,7.653513e+01,-1.819054e+01,1.634274e+02
31.46900,4.533436e+02,7.895707e+01,-1.996913e+01,1.639150e+02
31.47000,4.519104e+02,8.352220e+01,-2.130258e+01,1.663753e+02
31.47100,4.505177e+02,8.785333e+01,-2.260926e+01,1.685100e+02
31.47200,4.491265e+02,9.246273e+01,-2.394127e+01,1.707881e+02
31.47300,4.478860e+02,9.726167e+01,-2.514044e+01,1.731439e+02
31.47400,4.466408e+02,1.008434e+02,-2.633937e+01,1.742873e+02
31.47500,4.456123e+02,1.057510e+02,-2.735005e+01,1.764946e+02
31.47600,4.440836e+02,1.084577e+02,-2.885547e+01,1.766331e+02
31.47700,4.430803e+02,1.120711e+02,-2.986575e+01,1.775164e+02
31.47800,4.422151e+02,1.165047e+02,-3.075602e+01,1.790393e+02
31.47900,4.411433e+02,1.177511e+02,-3.181863e+01,1.775481e+02
31.48000,4.404207e+02,1.203445e+02,-3.258052e+01,1.772394e+02
31.48100,4.393547e+02,1.231327e+02,-3.368083e+01,1.770419e+02
31.48200,4.387768e+02,1.264907e+02,-3.431373e+01,1.772680e+02
31.48300,4.387386e+02,1.318353e+02,-3.444362e+01,1.792318e+02
31.48400,4.378527e+02,1.322622e+02,-3.536653e+01,1.766707e+02
31.48500,4.374079e+02,1.343994e+02,-3.588148e+01,1.755826e+02
31.48600,4.371029e+02,1.359421e+02,-3.623248e+01,1.738938e+02
31.48700,4.368953e+02,1.363903e+02,-3.650798e+01,1.711492e+02
31.48800,4.367945e+02,1.412575e+02,-3.667329e+01,1.723973e+02
31.48900,4.364527e+02,1.428150e+02,-3.705678e+01,1.705863e+02
31.49000,4.363771e+02,1.437006e+02,-3.719561e+01,1.681229e+02
31.49100,4.364947e+02,1.451857e+02,-3.713577e+01,1.661463e+02
31.49200,4.366178e+02,1.456941e+02,-3.706349e+01,1.632633e+02
31.49300,4.367479e+02,1.454779e+02,-3.696348e+01,1.596880e+02
31.49400,4.373702e+02,1.475005e+02,-3.642417e+01,1.581292e+02
31.49500,4.379223e+02,1.483267e+02,-3.592663e+01,1.554214e+02
31.49600,4.385151e+02,1.485165e+02,-3.537903e+01,1.521553e+02
31.49700,4.392565e+02,1.490159e+02,-3.469949e+01,1.491343e+02
31.49800,4.400554e+02,1.489251e+02,-3.394252e+01,1.455829e+02
31.49900,4.410886e+02,1.494526e+02,-3.299537e+01,1.425685e+02
31.50000,4.421643e+02,1.499015e+02,-3.198697e+01,1.394677e+02
31.50100,4.433171e+02,1.498103e+02,-3.091073e+01,1.358931e+02
31.50200,4.446077e+02,1.501433e+02,-2.970739e+01,1.326957e+02
31.50300,4.459299e+02,1.498463e+02,-2.847167e+01,1.289278e+02
31.50400,4.473585e+02,1.494382e+02,-2.714190e+01,1.250623e+02
31.50500,4.489633e+02,1.502465e+02,-2.566686e+01,1.223277e+02
31.50600,4.505588e+02,1.501297e+02,-2.417774e+01,1.187729e+02
31.50700,4.522483e+02,1.496479e+02,-2.262894e+01,1.148649e+02
31.50800,4.539248e+02,1.497039e+02,-2.109368e+01,1.115014e+02
31.50900,4.556850e+02,1.493821e+02,-1.949579e+01,1.078202e+02
31.51000,4.574878e+02,1.488979e+02,-1.785852e+01,1.039951e+02
31.51100,4.593278e+02,1.485105e+02,-1.619665e+01,1.003236e+02
31.51200,4.611913e+02,1.479628e+02,-1.452039e+01,9.651280e+01
31.51300,4.630908e+02,1.475293e+02,-1.282147e+01,9.286573e+01
31.51400,4.648344e+02,1.456064e+02,-1.127465e+01,8.786927e+01
31.51500,4.666692e+02,1.444805e+02,-9.654307e+00,8.367573e+01
31.51600,4.684393e+02,1.425047e+02,-8.109793e+00,7.873213e+01
31.51700,4.701779e+02,1.405625e+02,-6.589233e+00,7.390987e+01
31.51800,4.718699e+02,1.385178e+02,-5.118155e+00,6.905013e+01
31.51900,4.735015e+02,1.355573e+02,-3.707551e+00,6.337989e+01
31.52000,4.750948e+02,1.327434e+02,-2.337429e+00,5.794067e+01
31.52100,4.766226e+02,1.292253e+02,-1.027507e+00,5.191435e+01
31.52200,4.780721e+02,1.256157e+02,2.112663e-01,4.589906e+01
31.52300,4.794581e+02,1.219110e+02,1.389607e+00,3.988148e+01
31.52400,4.807739e+02,1.176000e+02,2.509341e+00,3.337255e+01
31.52500,4.820435e+02,1.128785e+02,3.603249e+00,2.658332e+01
31.52600,4.830553e+02,1.088546e+02,4.433735e+00,2.053637e+01
31.52700,4.840712e+02,1.032267e+02,5.306711e+00,1.308419e+01
31.52800,4.849739e+02,9.802780e+01,6.077631e+00,6.151887e+00
31.52900,4.857973e+02,9.260247e+01,6.791240e+00,-8.904400e-01
31.53000,4.865673e+02,8.696167e+01,7.460107e+00,-8.042587e+00
31.53100,4.871391e+02,8.117420e+01,7.976580e+00,-1.520213e+01
31.53200,4.876135e+02,7.521367e+01,8.418620e+00,-2.240475e+01
31.53300,4.879399e+02,6.956180e+01,8.734513e+00,-2.922732e+01
31.53400,4.882014e+02,6.300479e+01,9.005427e+00,-3.675614e+01
31.53500,4.882913e+02,5.699351e+01,9.130860e+00,-4.364799e+01
31.53600,4.882751e+02,5.061299e+01,9.195827e+00,-5.080321e+01
31.53700,4.880865e+02,4.459166e+01,9.098880e+00,-5.747416e+01
31.53800,4.877638e+02,3.869011e+01,8.897173e+00,-6.390046e+01
31.53900,4.873147e+02,3.269094e+01,8.593327e+00,-7.033560e+01
31.54000,4.866607e+02,2.746374e+01,8.106400e+00,-7.593413e+01
31.54100,4.859537e+02,2.155039e+01,7.593980e+00,-8.202447e+01
31.54200,4.850850e+02,1.578147e+01,6.944407e+00,-8.784527e+01
31.54300,4.840535e+02,1.048773e+01,6.134843e+00,-9.309533e+01
31.54400,4.829103e+02,5.429669e+00,5.234321e+00,-9.802313e+01
31.54500,4.817147e+02,5.006186e-02,4.280219e+00,-1.031097e+02
31.54600,4.804005e+02,-5.245981e+00,3.237004e+00,-1.080012e+02
31.54700,4.790179e+02,-1.027089e+01,2.112003e+00,-1.125391e+02
31.54800,4.774847e+02,-1.473873e+01,8.437100e-01,-1.163982e+02
31.54900,4.759795e+02,-1.992586e+01,-3.858952e-01,-1.207878e+02
31.55000,4.743279e+02,-2.444969e+01,-1.769140e+00,-1.244639e+02
31.55100,4.726669e+02,-2.900573e+01,-3.167964e+00,-1.280279e+02
31.55200,4.710173e+02,-3.380763e+01,-4.545375e+00,-1.317359e+02
31.55300,4.692921e+02,-3.800799e+01,-6.050602e+00,-1.347123e+02
31.55400,4.674715e+02,-4.239759e+01,-7.639167e+00,-1.377520e+02
31.55500,4.658478e+02,-4.720603e+01,-9.060893e+00,-1.410859e+02
31.55600,4.640461e+02,-5.181979e+01,-1.066356e+01,-1.441158e+02
31.55700,4.624191e+02,-5.608765e+01,-1.212040e+01,-1.466655e+02
31.55800,4.609470e+02,-6.115751e+01,-1.344173e+01,-1.498797e+02
31.55900,4.594921e+02,-6.603821e+01,-1.475959e+01,-1.528050e+02
31.56000,4.575475e+02,-6.843467e+01,-1.657218e+01,-1.531670e+02
31.56100,4.560817e+02,-7.290660e+01,-1.794023e+01,-1.554457e+02
31.56200,4.545712e+02,-7.733087e+01,-1.938150e+01,-1.575914e+02
31.56300,4.530723e+02,-8.198700e+01,-2.082275e+01,-1.598072e+02
31.56400,4.517719e+02,-8.563960e+01,-2.208167e+01,-1.610313e+02
31.56500,4.505860e+02,-9.004700e+01,-2.324212e+01,-1.628055e+02
31.56600,4.491297e+02,-9.307720e+01,-2.467581e+01,-1.632343e+02
31.56700,4.479508e+02,-9.649980e+01,-2.586305e+01,-1.639269e+02
31.56800,4.469633e+02,-1.006709e+02,-2.687621e+01,-1.652075e+02
31.56900,4.460151e+02,-1.056899e+02,-2.786575e+01,-1.671397e+02
31.57000,4.449650e+02,-1.059225e+02,-2.893389e+01,-1.646349e+02
31.57100,4.439836e+02,-1.083121e+02,-2.995942e+01,-1.640267e+02
31.57200,4.433550e+02,-1.122835e+02,-3.068365e+01,-1.647995e+02
31.57300,4.429664e+02,-1.165047e+02,-3.116258e+01,-1.657007e+02
31.57400,4.425833e+02,-1.204093e+02,-3.163067e+01,-1.662205e+02
31.57500,4.417903e+02,-1.212279e+02,-3.248839e+01,-1.638915e+02
31.57600,4.414932e+02,-1.239282e+02,-3.288261e+01,-1.631910e+02
31.57700,4.410601e+02,-1.248911e+02,-3.339452e+01,-1.608581e+02
31.57800,4.409239e+02,-1.294783e+02,-3.362164e+01,-1.617677e+02
31.57900,4.407610e+02,-1.326085e+02,-3.387193e+01,-1.613279e+02
31.58000,4.405022e+02,-1.332057e+02,-3.421355e+01,-1.584891e+02
31.58100,4.405189e+02,-1.350213e+02,-3.428724e+01,-1.567407e+02
31.58200,4.407421e+02,-1.376220e+02,-3.414683e+01,-1.556529e+02
31.58300,4.407588e+02,-1.370983e+02,-3.419185e+01,-1.516983e+02
31.58400,4.413111e+02,-1.401007e+02,-3.373537e+01,-1.509347e+02
31.58500,4.416425e+02,-1.406407e+02,-3.346361e+01,-1.479143e+02
31.58600,4.421751e+02,-1.416821e+02,-3.300539e+01,-1.452994e+02
31.58700,4.428994e+02,-1.430876e+02,-3.236378e+01,-1.430139e+02
31.58800,4.436026e+02,-1.433669e+02,-3.172590e+01,-1.396635e+02
31.58900,4.444900e+02,-1.445029e+02,-3.091303e+01,-1.371289e+02
31.59000,4.453815e+02,-1.446183e+02,-3.008669e+01,-1.336419e+02
31.59100,4.464068e+02,-1.451153e+02,-2.913377e+01,-1.305088e+02
31.59200,4.475841e+02,-1.454564e+02,-2.802812e+01,-1.272205e+02
31.59300,4.488466e+02,-1.461935e+02,-2.684445e+01,-1.243213e+02
31.59400,4.501458e+02,-1.462389e+02,-2.562181e+01,-1.208169e+02
31.59500,4.515337e+02,-1.468890e+02,-2.432022e+01,-1.178704e+02
31.59600,4.529585e+02,-1.460005e+02,-2.297399e+01,-1.135254e+02
31.59700,4.544227e+02,-1.460114e+02,-2.159555e+01,-1.100441e+02
31.59800,4.559812e+02,-1.455485e+02,-2.012971e+01,-1.061737e+02
31.59900,4.575656e+02,-1.447928e+02,-1.864317e+01,-1.020396e+02
31.60000,4.591983e+02,-1.442338e+02,-1.711049e+01,-9.815753e+01
31.60100,4.608308e+02,-1.430200e+02,-1.558524e+01,-9.367420e+01
31.60200,4.624931e+02,-1.419509e+02,-1.403493e+01,-8.939707e+01
31.60300,4.641385e+02,-1.401457e+02,-1.250399e+01,-8.449927e+01
31.60400,4.657903e+02,-1.385440e+02,-1.097298e+01,-7.983460e+01
31.60500,4.674002e+02,-1.363640e+02,-9.482313e+00,-7.468853e+01
31.60600,4.689945e+02,-1.340122e+02,-8.008433e+00,-6.946520e+01
31.60700,4.705312e+02,-1.309891e+02,-6.583050e+00,-6.365823e+01
31.60800,4.720333e+02,-1.279975e+02,-5.203625e+00,-5.798153e+01
31.60900,4.734909e+02,-1.245369e+02,-3.859223e+00,-5.192055e+01
31.61000,4.749357e+02,-1.211447e+02,-2.545260e+00,-4.601449e+01
31.61100,4.762187e+02,-1.162248e+02,-1.366216e+00,-3.879419e+01
31.61200,4.775052e+02,-1.117395e+02,-1.982765e-01,-3.202079e+01
31.61300,4.787320e+02,-1.074224e+02,9.183947e-01,-2.551822e+01
31.61400,4.798736e+02,-1.026858e+02,1.954644e+00,-1.872497e+01
31.61500,4.809003e+02,-9.728040e+01,2.885672e+00,-1.137111e+01
31.61600,4.818328e+02,-9.202127e+01,3.728499e+00,-4.268095e+00
31.61700,4.826738e+02,-8.639760e+01,4.492688e+00,3.072542e+00
31.61800,4.833841e+02,-8.083947e+01,5.144465e+00,1.027033e+01
31.61900,4.840448e+02,-7.520847e+01,5.757340e+00,1.742058e+01
31.62000,4.846168e+02,-6.880567e+01,6.303663e+00,2.518969e+01
31.62100,4.850547e+02,-6.274792e+01,6.736393e+00,3.252566e+01
31.62200,4.853442e+02,-5.735727e+01,7.027460e+00,3.914049e+01
31.62300,4.855421e+02,-5.109862e+01,7.247493e+00,4.646334e+01
31.62400,4.856365e+02,-4.476034e+01,7.390707e+00,5.372974e+01
31.62500,4.855846e+02,-3.872207e+01,7.413867e+00,6.060665e+01
31.62600,4.853847e+02,-3.279233e+01,7.304647e+00,6.728540e+01
31.62700,4.850567e+02,-2.683877e+01,7.078373e+00,7.387433e+01
31.62800,4.845952e+02,-2.114713e+01,6.748247e+00,8.009153e+01
31.62900,4.840055e+02,-1.572344e+01,6.295455e+00,8.597527e+01
31.63000,4.832715e+02,-1.017871e+01,5.744252e+00,9.183273e+01
31.63100,4.824197e+02,-4.914754e+00,5.068512e+00,9.730513e+01
31.63200,4.815172e+02,6.279020e-01,4.360778e+00,1.029408e+02
31.63300,4.803247e+02,5.119025e+00,3.383457e+00,1.074892e+02
31.63400,4.791310e+02,9.930960e+00,2.412049e+00,1.122000e+02
31.63500,4.778435e+02,1.480224e+01,1.359735e+00,1.168597e+02
31.63600,4.764225e+02,1.934871e+01,1.815394e-01,1.210757e+02
31.63700,4.750427e+02,2.440247e+01,-9.623353e-01,1.256849e+02
31.63800,4.734203e+02,2.834773e+01,-2.334769e+00,1.291041e+02
31.63900,4.718457e+02,3.283487e+01,-3.649074e+00,1.329395e+02
31.64000,4.702271e+02,3.731002e+01,-5.025498e+00,1.366118e+02
31.64100,4.685283e+02,4.132533e+01,-6.482084e+00,1.397595e+02
31.64200,4.668887e+02,4.568673e+01,-7.891780e+00,1.431148e+02
31.64300,4.651452e+02,4.968988e+01,-9.395580e+00,1.459933e+02
31.64400,4.632635e+02,5.365950e+01,-1.106515e+01,1.486971e+02
31.64500,4.615239e+02,5.854159e+01,-1.260718e+01,1.522039e+02
31.64600,4.599339e+02,6.283506e+01,-1.400017e+01,1.549986e+02
31.64700,4.582853e+02,6.690120e+01,-1.547859e+01,1.574496e+02
31.64800,4.567366e+02,7.139360e+01,-1.686078e+01,1.602185e+02
31.64900,4.554100e+02,7.680033e+01,-1.805826e+01,1.637018e+02
31.65000,4.534627e+02,7.906613e+01,-1.985465e+01,1.640741e+02
31.65100,4.520133e+02,8.354240e+01,-2.120535e+01,1.664450e+02
31.65200,4.506277e+02,8.789640e+01,-2.250265e+01,1.686062e+02
31.65300,4.492192e+02,9.243520e+01,-2.385189e+01,1.708183e+02
31.65400,4.479768e+02,9.734333e+01,-2.505237e+01,1.732781e+02
31.65500,4.467185e+02,1.009227e+02,-2.626653e+01,1.744176e+02
31.65600,4.457342e+02,1.058420e+02,-2.723327e+01,1.766456e+02
31.65700,4.441549e+02,1.083577e+02,-2.877970e+01,1.766149e+02
31.65800,4.431382e+02,1.119113e+02,-2.980711e+01,1.774489e+02
31.65900,4.422712e+02,1.164529e+02,-3.070164e+01,1.790674e+02
31.66000,4.412110e+02,1.178916e+02,-3.175178e+01,1.777599e+02
31.66100,4.404573e+02,1.202067e+02,-3.254209e+01,1.771943e+02
31.66200,4.393938e+02,1.229773e+02,-3.363835e+01,1.769887e+02
31.66300,4.387360e+02,1.260739e+02,-3.434893e+01,1.769842e+02
31.66400,4.387732e+02,1.317285e+02,-3.440647e+01,1.792355e+02
31.66500,4.378987e+02,1.321611e+02,-3.532199e+01,1.766815e+02
31.66600,4.374509e+02,1.344732e+02,-3.583886e+01,1.757487e+02
31.66700,4.371324e+02,1.359547e+02,-3.619981e+01,1.740100e+02
31.66800,4.369104e+02,1.365623e+02,-3.648900e+01,1.714144e+02
31.66900,4.368067e+02,1.409408e+02,-3.665749e+01,1.722212e+02
31.67000,4.364704e+02,1.424890e+02,-3.703610e+01,1.704024e+02
31.67100,4.363967e+02,1.437606e+02,-3.717275e+01,1.682864e+02
31.67200,4.365066e+02,1.450886e+02,-3.712809e+01,1.661745e+02
31.67300,4.366107e+02,1.456130e+02,-3.705959e+01,1.633098e+02
31.67400,4.367661e+02,1.455475e+02,-3.694871e+01,1.598682e+02
31.67500,4.373917e+02,1.476563e+02,-3.640241e+01,1.583840e+02
31.67600,4.379036e+02,1.482642e+02,-3.594171e+01,1.554869e+02
31.67700,4.384999e+02,1.485167e+02,-3.539689e+01,1.522753e+02
31.67800,4.392598e+02,1.491475e+02,-3.469731e+01,1.493671e+02
31.67900,4.400342e+02,1.489455e+02,-3.397261e+01,1.457292e+02
31.68000,4.410591e+02,1.494584e+02,-3.302319e+01,1.426981e+02
31.68100,4.421275e+02,1.498537e+02,-3.201685e+01,1.395531e+02
31.68200,4.432901e+02,1.498250e+02,-3.094207e+01,1.360311e+02
31.68300,4.445680e+02,1.500813e+02,-2.974629e+01,1.327690e+02
31.68400,4.458867e+02,1.496479e+02,-2.851348e+01,1.288727e+02
31.68500,4.473195e+02,1.495500e+02,-2.718179e+01,1.252941e+02
31.68600,4.488957e+02,1.500287e+02,-2.572507e+01,1.222640e+02
31.68700,4.504991e+02,1.500439e+02,-2.423563e+01,1.188201e+02
31.68800,4.521813e+02,1.496497e+02,-2.268961e+01,1.150027e+02
31.68900,4.538622e+02,1.496619e+02,-2.115358e+01,1.115886e+02
31.69000,4.556155e+02,1.492543e+02,-1.955713e+01,1.078301e+02
31.69100,4.574233e+02,1.488244e+02,-1.791599e+01,1.040610e+02
31.69200,4.592551e+02,1.484561e+02,-1.625907e+01,1.004024e+02
31.69300,4.611157e+02,1.477469e+02,-1.458968e+01,9.643753e+01
31.69400,4.630645e+02,1.477579e+02,-1.284708e+01,9.319793e+01
31.69500,4.647686e+02,1.455060e+02,-1.133302e+01,8.790620e+01
31.69600,4.666053e+02,1.444850e+02,-9.713420e+00,8.379833e+01
31.69700,4.683712e+02,1.423941e+02,-8.166327e+00,7.875073e+01
31.69800,4.701113e+02,1.406115e+02,-6.644895e+00,7.407493e+01
31.69900,4.718130e+02,1.384733e+02,-5.168517e+00,6.913007e+01
31.70000,4.734447e+02,1.355316e+02,-3.756675e+00,6.347798e+01
31.70100,4.750403e+02,1.327343e+02,-2.383933e+00,5.804583e+01
31.70200,4.765695e+02,1.292407e+02,-1.075528e+00,5.204005e+01
31.70300,4.780265e+02,1.256330e+02,1.710452e-01,4.602226e+01
31.70400,4.794141e+02,1.218367e+02,1.353583e+00,3.991567e+01
31.70500,4.807399e+02,1.176188e+02,2.477998e+00,3.349319e+01
31.70600,4.819678e+02,1.127934e+02,3.530503e+00,2.660560e+01
31.70700,4.830421e+02,1.084610e+02,4.435541e+00,2.026665e+01
31.70800,4.840451e+02,1.032157e+02,5.286260e+00,1.316757e+01
31.70900,4.849525e+02,9.800747e+01,6.060975e+00,6.226451e+00
31.71000,4.857791e+02,9.250707e+01,6.778913e+00,-8.878433e-01
31.71100,4.865515e+02,8.696600e+01,7.448060e+00,-7.954407e+00
31.71200,4.871384e+02,8.112873e+01,7.974420e+00,-1.516380e+01
31.71300,4.876084e+02,7.519380e+01,8.420227e+00,-2.234123e+01
31.71400,4.879567e+02,6.947893e+01,8.747860e+00,-2.922639e+01
31.71500,4.882191e+02,6.294611e+01,9.020807e+00,-3.673919e+01
31.71600,4.883137e+02,5.697791e+01,9.151033e+00,-4.359721e+01
31.71700,4.883038e+02,5.055595e+01,9.218380e+00,-5.078772e+01
31.71800,4.881302e+02,4.447255e+01,9.140593e+00,-5.752609e+01
31.71900,4.877985e+02,3.872163e+01,8.924813e+00,-6.381669e+01
31.72000,4.874126e+02,3.230194e+01,8.684720e+00,-7.063387e+01
31.72100,4.867265e+02,2.729467e+01,8.162553e+00,-7.604027e+01
31.72200,4.860463e+02,2.133757e+01,7.675767e+00,-8.217867e+01
31.72300,4.851669e+02,1.571341e+01,7.016300e+00,-8.787460e+01
31.72400,4.841421e+02,1.034059e+01,6.210620e+00,-9.319867e+01
31.72500,4.830067e+02,5.253777e+00,5.317917e+00,-9.815213e+01
31.72600,4.817984e+02,2.732315e-02,4.347939e+00,-1.031095e+02
31.72700,4.805223e+02,-5.502647e+00,3.345315e+00,-1.082239e+02
31.72800,4.791513e+02,-1.068228e+01,2.230244e+00,-1.128879e+02
31.72900,4.775994e+02,-1.499030e+01,9.514727e-01,-1.166245e+02
31.73000,4.760996e+02,-2.013021e+01,-2.776089e-01,-1.209726e+02
31.73100,4.744649e+02,-2.463719e+01,-1.643850e+00,-1.246351e+02
31.73200,4.727873e+02,-2.915055e+01,-3.061676e+00,-1.281660e+02
31.73300,4.711247e+02,-3.385645e+01,-4.448530e+00,-1.317823e+02
31.73400,4.694100e+02,-3.813590e+01,-5.946556e+00,-1.348439e+02
31.73500,4.675948e+02,-4.252089e+01,-7.526767e+00,-1.378825e+02
31.73600,4.659491e+02,-4.724977e+01,-8.968453e+00,-1.411387e+02
31.73700,4.641547e+02,-5.192787e+01,-1.056582e+01,-1.442367e+02
31.73800,4.625191e+02,-5.607229e+01,-1.202723e+01,-1.466792e+02
31.73900,4.610597e+02,-6.127259e+01,-1.333433e+01,-1.500137e+02
31.74000,4.596372e+02,-6.623211e+01,-1.462374e+01,-1.530295e+02
31.74100,4.576701e+02,-6.866427e+01,-1.645526e+01,-1.534102e+02
31.74200,4.561807e+02,-7.298033e+01,-1.784679e+01,-1.555568e+02
31.74300,4.546884e+02,-7.745140e+01,-1.926891e+01,-1.577526e+02
31.74400,4.531999e+02,-8.216193e+01,-2.070105e+01,-1.600235e+02
31.74500,4.518697e+02,-8.573980e+01,-2.198219e+01,-1.611831e+02
31.74600,4.506885e+02,-9.006773e+01,-2.314471e+01,-1.628927e+02
31.74700,4.492329e+02,-9.319707e+01,-2.457399e+01,-1.634105e+02
31.74800,4.480687e+02,-9.705767e+01,-2.574682e+01,-1.644918e+02
31.74900,4.470524e+02,-1.007240e+02,-2.678813e+01,-1.653257e+02
31.75000,4.461033e+02,-1.057263e+02,-2.777448e+01,-1.672528e+02
31.75100,4.450309e+02,-1.059685e+02,-2.885900e+01,-1.647563e+02
31.75200,4.440748e+02,-1.083753e+02,-2.987577e+01,-1.641787e+02
31.75300,4.434147e+02,-1.123272e+02,-3.061667e+01,-1.649215e+02
31.75400,4.429833e+02,-1.163726e+02,-3.113973e+01,-1.656706e+02
31.75500,4.426704e+02,-1.206008e+02,-3.154705e+01,-1.664973e+02
31.75600,4.418355e+02,-1.212151e+02,-3.244029e+01,-1.639769e+02
31.75700,4.415360e+02,-1.239353e+02,-3.283651e+01,-1.632890e+02
31.75800,4.411157e+02,-1.251586e+02,-3.333889e+01,-1.611999e+02
31.75900,4.409619e+02,-1.294588e+02,-3.358195e+01,-1.618546e+02
31.76000,4.408401e+02,-1.330637e+02,-3.380641e+01,-1.618531e+02
31.76100,4.405263e+02,-1.332099e+02,-3.418352e+01,-1.586005e+02
31.76200,4.405369e+02,-1.349296e+02,-3.426625e+01,-1.567708e+02
31.76300,4.407833e+02,-1.377059e+02,-3.411239e+01,-1.558471e+02
31.76400,4.407659e+02,-1.371815e+02,-3.417416e+01,-1.518977e+02
31.76500,4.413223e+02,-1.401817e+02,-3.373133e+01,-1.511356e+02
31.76600,4.416483e+02,-1.406584e+02,-3.345641e+01,-1.480509e+02
31.76700,4.421665e+02,-1.415703e+02,-3.301377e+01,-1.453159e+02
31.76800,4.429225e+02,-1.433039e+02,-3.234355e+01,-1.433274e+02
31.76900,4.435783e+02,-1.433391e+02,-3.174640e+01,-1.397651e+02
31.77000,4.444635e+02,-1.445248e+02,-3.093242e+01,-1.372687e+02
31.77100,4.453603e+02,-1.446509e+02,-3.010615e+01,-1.337947e+02
31.77200,4.463882e+02,-1.451779e+02,-2.914891e+01,-1.306801e+02
31.77300,4.475481e+02,-1.454132e+02,-2.806117e+01,-1.273076e+02
31.77400,4.488073e+02,-1.462394e+02,-2.687707e+01,-1.244906e+02
31.77500,4.501061e+02,-1.462211e+02,-2.566161e+01,-1.209334e+02
31.77600,4.514816e+02,-1.468203e+02,-2.437221e+01,-1.179309e+02
31.77700,4.529084e+02,-1.458920e+02,-2.301731e+01,-1.135537e+02
31.77800,4.543714e+02,-1.459411e+02,-2.164417e+01,-1.101031e+02
31.77900,4.559287e+02,-1.455072e+02,-2.017997e+01,-1.062575e+02
31.78000,4.575139e+02,-1.447919e+02,-1.869129e+01,-1.021637e+02
31.78100,4.591513e+02,-1.441275e+02,-1.715651e+01,-9.818133e+01
31.78200,4.607745e+02,-1.429792e+02,-1.563817e+01,-9.375887e+01
31.78300,4.624359e+02,-1.419706e+02,-1.408567e+01,-8.954460e+01
31.78400,4.640827e+02,-1.402031e+02,-1.255580e+01,-8.466567e+01
31.78500,4.657316e+02,-1.385909e+02,-1.102430e+01,-8.000580e+01
31.78600,4.673465e+02,-1.363487e+02,-9.531800e+00,-7.478807e+01
31.78700,4.689389e+02,-1.339634e+02,-8.059353e+00,-6.952893e+01
31.78800,4.704801e+02,-1.309371e+02,-6.629980e+00,-6.372031e+01
31.78900,4.719875e+02,-1.280063e+02,-5.246918e+00,-5.809309e+01
31.79000,4.734373e+02,-1.246039e+02,-3.905558e+00,-5.208119e+01
31.79100,4.748856e+02,-1.211229e+02,-2.590943e+00,-4.609573e+01
31.79200,4.761755e+02,-1.162436e+02,-1.406463e+00,-3.890818e+01
31.79300,4.774671e+02,-1.117743e+02,-2.335749e-01,-3.215071e+01
31.79400,4.786739e+02,-1.074870e+02,8.634333e-01,-2.567887e+01
31.79500,4.798401e+02,-1.027361e+02,1.927061e+00,-1.886618e+01
31.79600,4.808807e+02,-9.740240e+01,2.863367e+00,-1.156745e+01
31.79700,4.818101e+02,-9.204360e+01,3.710182e+00,-4.377545e+00
31.79800,4.826484e+02,-8.642900e+01,4.476954e+00,2.952945e+00
31.79900,4.834299e+02,-8.040093e+01,5.189659e+00,1.058242e+01
31.80000,4.840361e+02,-7.518700e+01,5.748807e+00,1.736413e+01
31.80100,4.846139e+02,-6.885227e+01,6.301494e+00,2.507249e+01
31.80200,4.851088e+02,-6.221608e+01,6.786860e+00,3.293603e+01
31.80300,4.853575e+02,-5.737524e+01,7.035187e+00,3.905650e+01
31.80400,4.855585e+02,-5.106759e+01,7.262380e+00,4.642279e+01
31.80500,4.856503e+02,-4.466043e+01,7.413533e+00,5.376438e+01
31.80600,4.856235e+02,-3.862017e+01,7.447333e+00,6.064421e+01
31.80700,4.854290e+02,-3.275426e+01,7.337667e+00,6.726707e+01
31.80800,4.850990e+02,-2.682390e+01,7.115720e+00,7.383507e+01
31.80900,4.846481e+02,-2.110392e+01,6.791260e+00,8.008473e+01
31.81000,4.840764e+02,-1.554662e+01,6.355953e+00,8.609100e+01
31.81100,4.833378e+02,-1.014953e+01,5.801871e+00,9.182427e+01
31.81200,4.824901e+02,-4.861873e+00,5.129539e+00,9.731967e+01
31.81300,4.815758e+02,7.308807e-01,4.412735e+00,1.030090e+02
31.81400,4.803965e+02,5.188798e+00,3.447326e+00,1.075190e+02
31.81500,4.792219e+02,1.005392e+01,2.490307e+00,1.122887e+02
31.81600,4.779377e+02,1.502312e+01,1.449720e+00,1.170491e+02
31.81700,4.765032e+02,1.934056e+01,2.489031e-01,1.210491e+02
31.81800,4.751409e+02,2.453743e+01,-8.701667e-01,1.257991e+02
31.81900,4.735209e+02,2.843177e+01,-2.245724e+00,1.291712e+02
31.82000,4.719658e+02,3.305957e+01,-3.543063e+00,1.331408e+02
31.82100,4.703097e+02,3.718871e+01,-4.953319e+00,1.365054e+02
31.82200,4.686385e+02,4.146371e+01,-6.385142e+00,1.398911e+02
31.82300,4.670045e+02,4.588901e+01,-7.783007e+00,1.433073e+02
31.82400,4.652542e+02,4.983719e+01,-9.296960e+00,1.461372e+02
31.82500,4.633925e+02,5.381827e+01,-1.094802e+01,1.488607e+02
31.82600,4.616180e+02,5.857615e+01,-1.252207e+01,1.522564e+02
31.82700,4.600469e+02,6.297697e+01,-1.389546e+01,1.551497e+02
31.82800,4.584044e+02,6.702827e+01,-1.536997e+01,1.575970e+02
31.82900,4.568358e+02,7.151487e+01,-1.676307e+01,1.603633e+02
31.83000,4.555082e+02,7.678873e+01,-1.796842e+01,1.637229e+02
31.83100,4.536183e+02,7.931547e+01,-1.971312e+01,1.643514e+02
31.83200,4.520825e+02,8.345567e+01,-2.114007e+01,1.664165e+02
31.83300,4.507302e+02,8.795613e+01,-2.240543e+01,1.687116e+02
31.83400,4.493327e+02,9.249740e+01,-2.374665e+01,1.709349e+02
31.83500,4.480599e+02,9.749167e+01,-2.497032e+01,1.734720e+02
31.83600,4.468083e+02,1.009773e+02,-2.617947e+01,1.745295e+02
31.83700,4.458363e+02,1.059028e+02,-2.713431e+01,1.767655e+02
31.83800,4.442257e+02,1.083330e+02,-2.870612e+01,1.766646e+02
31.83900,4.432254e+02,1.119797e+02,-2.972103e+01,1.775877e+02
31.84000,4.423375e+02,1.164776e+02,-3.063293e+01,1.791696e+02
31.84100,4.412668e+02,1.179909e+02,-3.169617e+01,1.779316e+02
31.84200,4.404668e+02,1.199167e+02,-3.252842e+01,1.770135e+02
31.84300,4.394707e+02,1.229843e+02,-3.355722e+01,1.770785e+02
31.84400,4.387303e+02,1.260486e+02,-3.435750e+01,1.770575e+02
31.84500,4.387787e+02,1.314403e+02,-3.439643e+01,1.790705e+02
31.84600,4.379345e+02,1.320375e+02,-3.528581e+01,1.766611e+02
31.84700,4.375131e+02,1.345009e+02,-3.576826e+01,1.758741e+02
31.84800,4.371655e+02,1.359809e+02,-3.616590e+01,1.741402e+02
31.84900,4.369290e+02,1.367316e+02,-3.646862e+01,1.716725e+02
31.85000,4.368106e+02,1.410378e+02,-3.664945e+01,1.724210e+02
31.85100,4.365018e+02,1.420809e+02,-3.700659e+01,1.701493e+02
31.85200,4.364028e+02,1.436200e+02,-3.716565e+01,1.682691e+02
31.85300,4.365084e+02,1.450093e+02,-3.712497e+01,1.662225e+02
31.85400,4.366270e+02,1.456443e+02,-3.703833e+01,1.634554e+02
31.85500,4.367936e+02,1.457281e+02,-3.692121e+01,1.601517e+02
31.85600,4.373795e+02,1.476535e+02,-3.640683e+01,1.584983e+02
31.85700,4.378948e+02,1.482100e+02,-3.594983e+01,1.555622e+02
31.85800,4.384824e+02,1.484467e+02,-3.541532e+01,1.523347e+02
31.85900,4.392367e+02,1.491803e+02,-3.471295e+01,1.495282e+02
31.86000,4.399876e+02,1.487473e+02,-3.400967e+01,1.456663e+02
31.86100,4.410221e+02,1.493571e+02,-3.305505e+01,1.427310e+02
31.86200,4.420941e+02,1.498465e+02,-3.205015e+01,1.396737e+02
31.86300,4.432447e+02,1.498025e+02,-3.098211e+01,1.361441e+02
31.86400,4.445209e+02,1.499585e+02,-2.978753e+01,1.327831e+02
31.86500,4.458362e+02,1.495953e+02,-2.856203e+01,1.289455e+02
31.86600,4.472699e+02,1.495989e+02,-2.722715e+01,1.254661e+02
31.86700,4.488341e+02,1.499657e+02,-2.578094e+01,1.223409e+02
31.86800,4.504419e+02,1.499246e+02,-2.429081e+01,1.188401e+02
31.86900,4.521139e+02,1.496798e+02,-2.275263e+01,1.151578e+02
31.87000,4.538220e+02,1.495320e+02,-2.118869e+01,1.115987e+02
31.87100,4.555502e+02,1.490954e+02,-1.961785e+01,1.078101e+02
31.87200,4.573547e+02,1.487487e+02,-1.797803e+01,1.041164e+02
31.87300,4.591839e+02,1.484114e+02,-1.632217e+01,1.004834e+02
31.87400,4.610488e+02,1.476893e+02,-1.464931e+01,9.650707e+01
31.87500,4.630318e+02,1.479267e+02,-1.287524e+01,9.347973e+01
31.87600,4.646929e+02,1.455125e+02,-1.139725e+01,8.803073e+01
31.87700,4.665399e+02,1.444274e+02,-9.772367e+00,8.386547e+01
31.87800,4.683016e+02,1.422679e+02,-8.226580e+00,7.875547e+01
31.87900,4.700505e+02,1.404335e+02,-6.695167e+00,7.402880e+01
31.88000,4.717513e+02,1.383995e+02,-5.219305e+00,6.917787e+01
31.88100,4.733913e+02,1.355113e+02,-3.802929e+00,6.357037e+01
31.88200,4.749860e+02,1.327607e+02,-2.430861e+00,5.818285e+01
31.88300,4.765129e+02,1.291749e+02,-1.118471e+00,5.209173e+01
31.88400,4.779762e+02,1.256458e+02,1.308648e-01,4.614437e+01
31.88500,4.793707e+02,1.218089e+02,1.316222e+00,3.999390e+01
31.88600,4.806953e+02,1.175022e+02,2.445811e+00,3.349319e+01
31.88700,4.819259e+02,1.126833e+02,3.493195e+00,2.660491e+01
31.88800,4.830190e+02,1.083533e+02,4.417423e+00,2.026103e+01
31.88900,4.840200e+02,1.032154e+02,5.266575e+00,1.326299e+01
31.89000,4.849354e+02,9.795093e+01,6.046897e+00,6.270409e+00
31.89100,4.857689e+02,9.239100e+01,6.770227e+00,-9.048307e-01
31.89200,4.865375e+02,8.690393e+01,7.440020e+00,-7.927387e+00
31.89300,4.871381e+02,8.117133e+01,7.970527e+00,-1.504584e+01
31.89400,4.876200e+02,7.517200e+01,8.423607e+00,-2.228316e+01
31.89500,4.879725e+02,6.940847e+01,8.759147e+00,-2.920999e+01
31.89600,4.882375e+02,6.293773e+01,9.034127e+00,-3.667665e+01
31.89700,4.883366e+02,5.695987e+01,9.171140e+00,-4.355001e+01
31.89800,4.883326e+02,5.053714e+01,9.238947e+00,-5.074332e+01
31.89900,4.881721e+02,4.434312e+01,9.176527e+00,-5.758502e+01
31.90000,4.878383e+02,3.872797e+01,8.955140e+00,-6.375780e+01
31.90100,4.874921e+02,3.211956e+01,8.750980e+00,-7.074620e+01
31.90200,4.867794e+02,2.726422e+01,8.209193e+00,-7.602153e+01
31.90300,4.860902e+02,2.135100e+01,7.706593e+00,-8.212140e+01
31.90400,4.852519e+02,1.555423e+01,7.087920e+00,-8.798000e+01
31.90500,4.842375e+02,1.014259e+01,6.292653e+00,-9.334733e+01
31.90600,4.831068e+02,5.046267e+00,5.405471e+00,-9.831533e+01
31.90700,4.818757e+02,-5.968883e-02,4.418723e+00,-1.031659e+02
31.90800,4.806305e+02,-5.646609e+00,3.443610e+00,-1.083410e+02
31.90900,4.792338e+02,-1.059677e+01,2.300161e+00,-1.127933e+02
31.91000,4.777173e+02,-1.518448e+01,1.055687e+00,-1.167929e+02
31.91100,4.762182e+02,-2.030363e+01,-1.698762e-01,-1.211331e+02
31.91200,4.745829e+02,-2.476104e+01,-1.536824e+00,-1.247433e+02
31.91300,4.729103e+02,-2.935565e+01,-2.951080e+00,-1.283617e+02
31.91400,4.712459e+02,-3.401815e+01,-4.341311e+00,-1.319331e+02
31.91500,4.695261e+02,-3.835192e+01,-5.840461e+00,-1.350552e+02
31.91600,4.677183e+02,-4.268102e+01,-7.413120e+00,-1.380451e+02
31.91700,4.660545e+02,-4.728837e+01,-8.875260e+00,-1.411937e+02
31.91800,4.642341e+02,-5.190545e+01,-1.049800e+01,-1.442477e+02
31.91900,4.626051e+02,-5.607684e+01,-1.194534e+01,-1.467142e+02
31.92000,4.611493e+02,-6.122342e+01,-1.325292e+01,-1.499936e+02
31.92100,4.597441e+02,-6.630711e+01,-1.452412e+01,-1.531315e+02
31.92200,4.577607e+02,-6.859987e+01,-1.636911e+01,-1.533977e+02
31.92300,4.562937e+02,-7.306140e+01,-1.773980e+01,-1.556801e+02
31.92400,4.547797e+02,-7.723853e+01,-1.917594e+01,-1.576072e+02
31.92500,4.533327e+02,-8.245680e+01,-2.057183e+01,-1.603499e+02
31.92600,4.519766e+02,-8.585360e+01,-2.187693e+01,-1.613429e+02
31.92700,4.507907e+02,-9.013333e+01,-2.304333e+01,-1.630130e+02
31.92800,4.494000e+02,-9.353067e+01,-2.441337e+01,-1.637814e+02
31.92900,4.481642e+02,-9.734767e+01,-2.565292e+01,-1.648176e+02
31.93000,4.471484e+02,-1.007972e+02,-2.669390e+01,-1.654667e+02
31.93100,4.461898e+02,-1.055557e+02,-2.769121e+01,-1.671819e+02
31.93200,4.451052e+02,-1.059896e+02,-2.878476e+01,-1.648599e+02
31.93300,4.441677e+02,-1.083725e+02,-2.978461e+01,-1.642621e+02
31.93400,4.434163e+02,-1.120461e+02,-3.061081e+01,-1.647537e+02
31.93500,4.429699e+02,-1.160075e+02,-3.114755e+01,-1.654333e+02
31.93600,4.427538e+02,-1.207764e+02,-3.146396e+01,-1.667522e+02
31.93700,4.418933e+02,-1.212977e+02,-3.238861e+01,-1.641521e+02
31.93800,4.415815e+02,-1.240803e+02,-3.278705e+01,-1.635207e+02
31.93900,4.411431e+02,-1.251359e+02,-3.330246e+01,-1.612845e+02
31.94000,4.409935e+02,-1.285818e+02,-3.354391e+01,-1.611648e+02
31.94100,4.409041e+02,-1.347593e+02,-3.373994e+01,-1.635028e+02
31.94200,4.405616e+02,-1.332189e+02,-3.414581e+01,-1.587213e+02
31.94300,4.405629e+02,-1.349504e+02,-3.423388e+01,-1.568970e+02
31.94400,4.407711e+02,-1.374441e+02,-3.411498e+01,-1.557237e+02
31.94500,4.407640e+02,-1.371242e+02,-3.416878e+01,-1.519655e+02
31.94600,4.413204e+02,-1.401355e+02,-3.372491e+01,-1.512118e+02
31.94700,4.416458e+02,-1.406429e+02,-3.345595e+01,-1.481488e+02
31.94800,4.421528e+02,-1.414443e+02,-3.301702e+01,-1.453157e+02
31.94900,4.429103e+02,-1.432515e+02,-3.235252e+01,-1.434018e+02
31.95000,4.435582e+02,-1.432717e+02,-3.176529e+01,-1.398271e+02
31.95100,4.444261e+02,-1.442979e+02,-3.096653e+01,-1.371872e+02
31.95200,4.453272e+02,-1.445856e+02,-3.012992e+01,-1.338603e+02
31.95300,4.463798e+02,-1.452481e+02,-2.916070e+01,-1.308543e+02
31.95400,4.475117e+02,-1.454393e+02,-2.809197e+01,-1.274568e+02
31.95500,4.487664e+02,-1.462005e+02,-2.691471e+01,-1.245820e+02
31.95600,4.500643e+02,-1.462519e+02,-2.570385e+01,-1.210751e+02
31.95700,4.514134e+02,-1.467199e+02,-2.443221e+01,-1.179656e+02
31.95800,4.528701e+02,-1.459168e+02,-2.305326e+01,-1.136967e+02
31.95900,4.543234e+02,-1.458179e+02,-2.168996e+01,-1.101241e+02
31.96000,4.558800e+02,-1.453929e+02,-2.022551e+01,-1.062712e+02
31.96100,4.574761e+02,-1.449343e+02,-1.872725e+01,-1.024159e+02
31.96200,4.590906e+02,-1.441008e+02,-1.721134e+01,-9.827533e+01
31.96300,4.607199e+02,-1.428699e+02,-1.568728e+01,-9.378207e+01
31.96400,4.623798e+02,-1.419419e+02,-1.413819e+01,-8.964027e+01
31.96500,4.640169e+02,-1.403122e+02,-1.261295e+01,-8.487667e+01
31.96600,4.656805e+02,-1.386346e+02,-1.107199e+01,-8.015600e+01
31.96700,4.672866e+02,-1.362669e+02,-9.585793e+00,-7.481927e+01
31.96800,4.688833e+02,-1.339507e+02,-8.109280e+00,-6.962840e+01
31.96900,4.704315e+02,-1.309565e+02,-6.677340e+00,-6.384485e+01
31.97000,4.719349e+02,-1.279542e+02,-5.293585e+00,-5.814914e+01
31.97100,4.733918e+02,-1.245465e+02,-3.951011e+00,-5.213262e+01
31.97200,4.748358e+02,-1.210567e+02,-2.636352e+00,-4.613611e+01
31.97300,4.761338e+02,-1.163179e+02,-1.443412e+00,-3.907390e+01
31.97400,4.774253e+02,-1.117677e+02,-2.677077e-01,-3.224307e+01
31.97500,4.786527e+02,-1.071292e+02,8.478380e-01,-2.544235e+01
31.97600,4.798092e+02,-1.026858e+02,1.901394e+00,-1.891113e+01
31.97700,4.808543e+02,-9.745233e+01,2.840448e+00,-1.170562e+01
31.97800,4.817891e+02,-9.206920e+01,3.692216e+00,-4.485149e+00
31.97900,4.826291e+02,-8.642833e+01,4.462617e+00,2.872333e+00
31.98000,4.834124e+02,-8.044300e+01,5.175701e+00,1.046027e+01
31.98100,4.840267e+02,-7.525520e+01,5.735932e+00,1.722609e+01
31.98200,4.846024e+02,-6.887940e+01,6.298173e+00,2.496419e+01
31.98300,4.850893e+02,-6.242893e+01,6.768460e+00,3.267355e+01
31.98400,4.853693e+02,-5.737412e+01,7.046193e+00,3.899015e+01
31.98500,4.855715e+02,-5.108733e+01,7.274740e+00,4.633237e+01
31.98600,4.856596e+02,-4.469699e+01,7.425433e+00,5.367512e+01
31.98700,4.856599e+02,-3.854299e+01,7.481140e+00,6.065758e+01
31.98800,4.854641e+02,-3.264911e+01,7.373500e+00,6.730807e+01
31.98900,4.851425e+02,-2.678825e+01,7.153447e+00,7.381700e+01
31.99000,4.846992e+02,-2.104057e+01,6.835933e+00,8.009807e+01
31.99100,4.840973e+02,-1.573586e+01,6.371360e+00,8.587340e+01
31.99200,4.834017e+02,-1.003779e+01,5.856870e+00,9.188640e+01
31.99300,4.825521e+02,-4.853957e+00,5.185117e+00,9.729340e+01
31.99400,4.816371e+02,7.113673e-01,4.464611e+00,1.029613e+02
31.99500,4.804801e+02,5.277436e+00,3.518668e+00,1.075747e+02
31.99600,4.793183e+02,1.024056e+01,2.573141e+00,1.124350e+02
31.99700,4.780351e+02,1.518209e+01,1.535913e+00,1.171767e+02
31.99800,4.766160e+02,1.957959e+01,3.463768e-01,1.212527e+02
31.99900,4.752427e+02,2.466573e+01,-7.800400e-01,1.259052e+02
32.00000,4.736371e+02,2.865810e+01,-2.141243e+00,1.293662e+02
32.00100,4.721077e+02,3.352391e+01,-3.415844e+00,1.335545e+02
32.00200,4.704116e+02,3.721875e+01,-4.863773e+00,1.365351e+02
32.00300,4.687553e+02,4.162561e+01,-6.278251e+00,1.400441e+02
32.00400,4.671173e+02,4.601507e+01,-7.682153e+00,1.434358e+02
32.00500,4.653692e+02,5.000127e+01,-9.195407e+00,1.462993e+02
32.00600,4.635244e+02,5.393625e+01,-1.083085e+01,1.489850e+02
32.00700,4.617463e+02,5.869407e+01,-1.240195e+01,1.523796e+02
32.00800,4.601541e+02,6.309721e+01,-1.379524e+01,1.552858e+02
32.00900,4.585247e+02,6.720000e+01,-1.525580e+01,1.577887e+02
32.01000,4.569631e+02,7.162447e+01,-1.664865e+01,1.605027e+02
32.01100,4.556074e+02,7.690227e+01,-1.787047e+01,1.638827e+02
32.01200,4.537198e+02,7.937467e+01,-1.961879e+01,1.644542e+02
32.01300,4.522071e+02,8.363493e+01,-2.102133e+01,1.666285e+02
32.01400,4.508225e+02,8.802347e+01,-2.232104e+01,1.688213e+02
32.01500,4.494187e+02,9.246993e+01,-2.365935e+01,1.709715e+02
32.01600,4.481543e+02,9.757247e+01,-2.488108e+01,1.735953e+02
32.01700,4.468874e+02,1.010345e+02,-2.610561e+01,1.746436e+02
32.01800,4.459583e+02,1.060827e+02,-2.701683e+01,1.769985e+02
32.01900,4.442763e+02,1.082007e+02,-2.865307e+01,1.766171e+02
32.02000,4.433246e+02,1.120893e+02,-2.962682e+01,1.777575e+02
32.02100,4.424023e+02,1.164937e+02,-3.056457e+01,1.792643e+02
32.02200,4.413603e+02,1.185224e+02,-3.161259e+01,1.785023e+02
32.02300,4.405000e+02,1.196053e+02,-3.249287e+01,1.768229e+02
32.02400,4.395550e+02,1.230383e+02,-3.347225e+01,1.772148e+02
32.02500,4.387561e+02,1.260435e+02,-3.433641e+01,1.771417e+02
32.02600,4.387952e+02,1.311705e+02,-3.437828e+01,1.789158e+02
32.02700,4.379673e+02,1.319989e+02,-3.524675e+01,1.767269e+02
32.02800,4.375692e+02,1.346316e+02,-3.570910e+01,1.760984e+02
32.02900,4.371977e+02,1.359769e+02,-3.613194e+01,1.742432e+02
32.03000,4.369489e+02,1.368797e+02,-3.644890e+01,1.719136e+02
32.03100,4.368313e+02,1.411581e+02,-3.662739e+01,1.726393e+02
32.03200,4.365213e+02,1.419278e+02,-3.698831e+01,1.701244e+02
32.03300,4.364206e+02,1.435987e+02,-3.714395e+01,1.683665e+02
32.03400,4.365307e+02,1.450072e+02,-3.709915e+01,1.663322e+02
32.03500,4.366269e+02,1.456107e+02,-3.703642e+01,1.635447e+02
32.03600,4.368777e+02,1.463563e+02,-3.684689e+01,1.608447e+02
32.03700,4.373703e+02,1.474432e+02,-3.641560e+01,1.584295e+02
32.03800,4.378805e+02,1.481110e+02,-3.596413e+01,1.556049e+02
32.03900,4.384626e+02,1.483195e+02,-3.543317e+01,1.523429e+02
32.04000,4.392078e+02,1.490957e+02,-3.474215e+01,1.495747e+02
32.04100,4.399271e+02,1.483715e+02,-3.406587e+01,1.454433e+02
32.04200,4.410034e+02,1.493632e+02,-3.308174e+01,1.428628e+02
32.04300,4.420602e+02,1.497345e+02,-3.208571e+01,1.397027e+02
32.04400,4.432209e+02,1.499115e+02,-3.099924e+01,1.363722e+02
32.04500,4.444695e+02,1.499688e+02,-2.983249e+01,1.329145e+02
32.04600,4.457782e+02,1.494433e+02,-2.861503e+01,1.289351e+02
32.04700,4.472173e+02,1.495004e+02,-2.727605e+01,1.255008e+02
32.04800,4.487713e+02,1.498689e+02,-2.583760e+01,1.223893e+02
32.04900,4.503817e+02,1.498960e+02,-2.434395e+01,1.189454e+02
32.05000,4.520517e+02,1.496409e+02,-2.281105e+01,1.152540e+02
32.05100,4.537775e+02,1.493571e+02,-2.122648e+01,1.115698e+02
32.05200,4.554863e+02,1.491477e+02,-1.967531e+01,1.079867e+02
32.05300,4.572875e+02,1.486307e+02,-1.803995e+01,1.041339e+02
32.05400,4.591161e+02,1.482318e+02,-1.638358e+01,1.004484e+02
32.05500,4.609751e+02,1.475413e+02,-1.471465e+01,9.649920e+01
32.05600,4.629489e+02,1.476170e+02,-1.294897e+01,9.332867e+01
32.05700,4.646222e+02,1.452760e+02,-1.146263e+01,8.793813e+01
32.05800,4.664773e+02,1.442599e+02,-9.828720e+00,8.383107e+01
32.05900,4.682370e+02,1.422478e+02,-8.279280e+00,7.885393e+01
32.06000,4.699866e+02,1.402736e+02,-6.747920e+00,7.400433e+01
32.06100,4.716929e+02,1.383584e+02,-5.270370e+00,6.926153e+01
32.06200,4.733343e+02,1.354337e+02,-3.852884e+00,6.361548e+01
32.06300,4.749321e+02,1.327118e+02,-2.476059e+00,5.825321e+01
32.06400,4.764583e+02,1.291835e+02,-1.162723e+00,5.221508e+01
32.06500,4.779307e+02,1.256093e+02,9.151273e-02,4.621693e+01
32.06600,4.793249e+02,1.217713e+02,1.276931e+00,4.006826e+01
32.06700,4.806559e+02,1.174689e+02,2.412786e+00,3.356734e+01
32.06800,4.818965e+02,1.125702e+02,3.470707e+00,2.660338e+01
32.06900,4.829853e+02,1.084026e+02,4.391875e+00,2.040325e+01
32.07000,4.840009e+02,1.031395e+02,5.249795e+00,1.328828e+01
32.07100,4.849141e+02,9.795127e+01,6.029768e+00,6.361364e+00
32.07200,4.857585e+02,9.242533e+01,6.757060e+00,-7.822440e-01
32.07300,4.865267e+02,8.688380e+01,7.429907e+00,-7.858153e+00
32.07400,4.871297e+02,8.110773e+01,7.969973e+00,-1.501847e+01
32.07500,4.876251e+02,7.512467e+01,8.427980e+00,-2.224789e+01
32.07600,4.879821e+02,6.935353e+01,8.771833e+00,-2.919025e+01
32.07700,4.882550e+02,6.288133e+01,9.049040e+00,-3.665624e+01
32.07800,4.883618e+02,5.688753e+01,9.193020e+00,-4.354999e+01
32.07900,4.883585e+02,5.050419e+01,9.256513e+00,-5.071343e+01
32.08000,4.882036e+02,4.436245e+01,9.200760e+00,-5.750447e+01
32.08100,4.878683e+02,3.878003e+01,8.980867e+00,-6.365783e+01
32.08200,4.875593e+02,3.195379e+01,8.811273e+00,-7.084647e+01
32.08300,4.868275e+02,2.726624e+01,8.243633e+00,-7.597220e+01
32.08400,4.861504e+02,2.125889e+01,7.762913e+00,-8.216493e+01
32.08500,4.853326e+02,1.542507e+01,7.156813e+00,-8.805753e+01
32.08600,4.843425e+02,9.821767e+00,6.384617e+00,-9.360480e+01
32.08700,4.832025e+02,4.900955e+00,5.484463e+00,-9.843447e+01
32.08800,4.819611e+02,-1.173093e-01,4.492753e+00,-1.031965e+02
32.08900,4.807433e+02,-5.824378e+00,3.541298e+00,-1.084907e+02
32.09000,4.793321e+02,-1.069269e+01,2.386369e+00,-1.128643e+02
32.09100,4.778403e+02,-1.540941e+01,1.165843e+00,-1.169920e+02
32.09200,4.763361e+02,-2.049433e+01,-6.189226e-02,-1.213084e+02
32.09300,4.747017e+02,-2.490425e+01,-1.432864e+00,-1.248729e+02
32.09400,4.730387e+02,-2.954571e+01,-2.836879e+00,-1.285424e+02
32.09500,4.713742e+02,-3.424873e+01,-4.227209e+00,-1.321498e+02
32.09600,4.696688e+02,-3.855451e+01,-5.701411e+00,-1.352629e+02
32.09700,4.678622e+02,-4.277199e+01,-7.282460e+00,-1.381381e+02
32.09800,4.661801e+02,-4.746638e+01,-8.760747e+00,-1.413737e+02
32.09900,4.643803e+02,-5.216995e+01,-1.036543e+01,-1.445134e+02
32.10000,4.627350e+02,-5.625681e+01,-1.182650e+01,-1.469063e+02
32.10100,4.612349e+02,-6.120738e+01,-1.317221e+01,-1.500145e+02
32.10200,4.598539e+02,-6.637203e+01,-1.442301e+01,-1.532243e+02
32.10300,4.578851e+02,-6.872507e+01,-1.625147e+01,-1.535593e+02
32.10400,4.564211e+02,-7.320193e+01,-1.761929e+01,-1.558589e+02
32.10500,4.549176e+02,-7.726153e+01,-1.904222e+01,-1.576759e+02
32.10600,4.534479e+02,-8.244827e+01,-2.046409e+01,-1.603954e+02
32.10700,4.520941e+02,-8.604480e+01,-2.176378e+01,-1.615719e+02
32.10800,4.508987e+02,-9.016747e+01,-2.293795e+01,-1.631065e+02
32.10900,4.495919e+02,-9.393787e+01,-2.422847e+01,-1.642150e+02
32.11000,4.482568e+02,-9.751787e+01,-2.556182e+01,-1.650447e+02
32.11100,4.472473e+02,-1.008646e+02,-2.659406e+01,-1.656056e+02
32.11200,4.462341e+02,-1.051557e+02,-2.764033e+01,-1.669066e+02
32.11300,4.451898e+02,-1.061560e+02,-2.870510e+01,-1.650973e+02
32.11400,4.443088e+02,-1.085935e+02,-2.965021e+01,-1.645526e+02
32.11500,4.433949e+02,-1.116937e+02,-3.062573e+01,-1.645235e+02
32.11600,4.429150e+02,-1.155683e+02,-3.119407e+01,-1.651329e+02
32.11700,4.427369e+02,-1.203311e+02,-3.147376e+01,-1.664391e+02
32.11800,4.419451e+02,-1.214060e+02,-3.233330e+01,-1.643513e+02
32.11900,4.415924e+02,-1.239102e+02,-3.277262e+01,-1.634715e+02
32.12000,4.411682e+02,-1.251287e+02,-3.327131e+01,-1.613831e+02
32.12100,4.410341e+02,-1.274027e+02,-3.349865e+01,-1.601919e+02
32.12200,4.409128e+02,-1.342493e+02,-3.371987e+01,-1.631368e+02
32.12300,4.405848e+02,-1.331687e+02,-3.411955e+01,-1.587858e+02
32.12400,4.405763e+02,-1.349049e+02,-3.421041e+01,-1.569656e+02
32.12500,4.407831e+02,-1.373578e+02,-3.409851e+01,-1.557579e+02
32.12600,4.407663e+02,-1.371873e+02,-3.415974e+01,-1.521407e+02
32.12700,4.412777e+02,-1.397953e+02,-3.376197e+01,-1.510159e+02
32.12800,4.416527e+02,-1.405989e+02,-3.345560e+01,-1.482231e+02
32.12900,4.421467e+02,-1.413625e+02,-3.302157e+01,-1.453566e+02
32.13000,4.428724e+02,-1.430387e+02,-3.238779e+01,-1.433247e+02
32.13100,4.435629e+02,-1.434733e+02,-3.176169e+01,-1.401329e+02
32.13200,4.444029e+02,-1.442563e+02,-3.098789e+01,-1.372742e+02
32.13300,4.453063e+02,-1.445723e+02,-3.014817e+01,-1.339722e+02
32.13400,4.463518e+02,-1.451170e+02,-2.919189e+01,-1.308498e+02
32.13500,4.474869e+02,-1.454427e+02,-2.811870e+01,-1.275811e+02
32.13600,4.487124e+02,-1.460153e+02,-2.696383e+01,-1.245416e+02
32.13700,4.500233e+02,-1.463155e+02,-2.573904e+01,-1.212593e+02
32.13800,4.513637e+02,-1.465249e+02,-2.447699e+01,-1.179092e+02
32.13900,4.528311e+02,-1.459786e+02,-2.309122e+01,-1.138739e+02
32.14000,4.542684e+02,-1.458546e+02,-2.174210e+01,-1.102799e+02
32.14100,4.558182e+02,-1.453479e+02,-2.028188e+01,-1.063533e+02
32.14200,4.574427e+02,-1.449561e+02,-1.875991e+01,-1.025592e+02
32.14300,4.590303e+02,-1.440094e+02,-1.726760e+01,-9.831140e+01
32.14400,4.606673e+02,-1.428667e+02,-1.573674e+01,-9.389820e+01
32.14500,4.623211e+02,-1.419302e+02,-1.419269e+01,-8.974807e+01
32.14600,4.639684e+02,-1.402319e+02,-1.266057e+01,-8.492347e+01
32.14700,4.656298e+02,-1.386926e+02,-1.111885e+01,-8.032507e+01
32.14800,4.672377e+02,-1.363007e+02,-9.629393e+00,-7.496787e+01
32.14900,4.688285e+02,-1.339011e+02,-8.159427e+00,-6.969667e+01
32.15000,4.703743e+02,-1.310087e+02,-6.728060e+00,-6.400535e+01
32.15100,4.718857e+02,-1.278728e+02,-5.336513e+00,-5.818929e+01
32.15200,4.733423e+02,-1.244583e+02,-3.993201e+00,-5.215562e+01
32.15300,4.747930e+02,-1.210417e+02,-2.674851e+00,-4.623289e+01
32.15400,4.760894e+02,-1.164167e+02,-1.480276e+00,-3.926260e+01
32.15500,4.773836e+02,-1.118239e+02,-3.034107e-01,-3.239400e+01
32.15600,4.786278e+02,-1.070009e+02,8.250593e-01,-2.541886e+01
32.15700,4.797775e+02,-1.026671e+02,1.877457e+00,-1.898656e+01
32.15800,4.808257e+02,-9.745573e+01,2.817566e+00,-1.180001e+01
32.15900,4.817692e+02,-9.218780e+01,3.675023e+00,-4.678343e+00
32.16000,4.826089e+02,-8.651447e+01,4.448060e+00,2.706564e+00
32.16100,4.833885e+02,-8.053993e+01,5.148963e+00,1.030167e+01
32.16200,4.840028e+02,-7.522040e+01,5.722841e+00,1.717927e+01
32.16300,4.845947e+02,-6.898367e+01,6.293298e+00,2.479554e+01
32.16400,4.850793e+02,-6.251675e+01,6.761487e+00,3.252121e+01
32.16500,4.853793e+02,-5.727726e+01,7.055780e+00,3.900967e+01
32.16600,4.855904e+02,-5.103250e+01,7.290100e+00,4.631668e+01
32.16700,4.856593e+02,-4.485426e+01,7.422307e+00,5.347109e+01
32.16800,4.856690e+02,-3.861374e+01,7.484753e+00,6.053666e+01
32.16900,4.855087e+02,-3.256225e+01,7.410500e+00,6.733600e+01
32.17000,4.851809e+02,-2.678491e+01,7.188420e+00,7.376487e+01
32.17100,4.847555e+02,-2.087145e+01,6.884953e+00,8.020767e+01
32.17200,4.841930e+02,-1.533350e+01,6.453873e+00,8.618560e+01
32.17300,4.834727e+02,-9.851433e+00,5.917832e+00,9.201280e+01
32.17400,4.826302e+02,-4.680365e+00,5.253738e+00,9.741613e+01
32.17500,4.817105e+02,8.001447e-01,4.528201e+00,1.030112e+02
32.17600,4.806570e+02,5.852061e+00,3.678193e+00,1.080634e+02
32.17700,4.794048e+02,1.036063e+01,2.649426e+00,1.125212e+02
32.17800,4.781321e+02,1.527198e+01,1.618742e+00,1.172366e+02
32.17900,4.767442e+02,2.009458e+01,4.637837e-01,1.217041e+02
32.18000,4.753337e+02,2.470663e+01,-6.990333e-01,1.259311e+02
32.18100,4.737443e+02,2.882164e+01,-2.046945e+00,1.295037e+02
32.18200,4.721958e+02,3.341109e+01,-3.340501e+00,1.334495e+02
32.18300,4.705214e+02,3.738836e+01,-4.766341e+00,1.366832e+02
32.18400,4.688671e+02,4.175925e+01,-6.177474e+00,1.401649e+02
32.18500,4.672336e+02,4.622535e+01,-7.576840e+00,1.436323e+02
32.18600,4.654541e+02,4.995393e+01,-9.119760e+00,1.462547e+02
32.18700,4.636381e+02,5.410505e+01,-1.072124e+01,1.491569e+02
32.18800,4.618912e+02,5.870976e+01,-1.226637e+01,1.524093e+02
32.18900,4.602645e+02,6.324475e+01,-1.369171e+01,1.554435e+02
32.19000,4.586473e+02,6.734193e+01,-1.514258e+01,1.579497e+02
32.19100,4.570921e+02,7.181013e+01,-1.652939e+01,1.607021e+02
32.19200,4.557059e+02,7.694133e+01,-1.777893e+01,1.639615e+02
32.19300,4.538765e+02,7.970287e+01,-1.947229e+01,1.648025e+02
32.19400,4.522935e+02,8.360333e+01,-2.093890e+01,1.666508e+02
32.19500,4.508995e+02,8.797960e+01,-2.224701e+01,1.688390e+02
32.19600,4.495512e+02,9.253653e+01,-2.353117e+01,1.710819e+02
32.19700,4.482583e+02,9.760187e+01,-2.478495e+01,1.736857e+02
32.19800,4.469823e+02,1.011349e+02,-2.601533e+01,1.747963e+02
32.19900,4.460034e+02,1.059145e+02,-2.697261e+01,1.769169e+02
32.20000,4.444191e+02,1.085156e+02,-2.852061e+01,1.769691e+02
32.20100,4.433889e+02,1.120397e+02,-2.956093e+01,1.777936e+02
32.20200,4.424643e+02,1.164525e+02,-3.050255e+01,1.793009e+02
32.20300,4.414589e+02,1.194180e+02,-3.152371e+01,1.794021e+02
32.20400,4.405556e+02,1.194192e+02,-3.243502e+01,1.767365e+02
32.20500,4.396500e+02,1.231294e+02,-3.338429e+01,1.773873e+02
32.20600,4.387563e+02,1.259074e+02,-3.433065e+01,1.771131e+02
32.20700,4.388365e+02,1.311006e+02,-3.433103e+01,1.789493e+02
32.20800,4.379937e+02,1.319055e+02,-3.521499e+01,1.767370e+02
32.20900,4.376261e+02,1.347874e+02,-3.565273e+01,1.763336e+02
32.21000,4.372333e+02,1.360107e+02,-3.609605e+01,1.743800e+02
32.21100,4.369773e+02,1.370025e+02,-3.641739e+01,1.721307e+02
32.21200,4.368524e+02,1.413579e+02,-3.660517e+01,1.729265e+02
32.21300,4.365369e+02,1.419419e+02,-3.696841e+01,1.702471e+02
32.21400,4.364285e+02,1.435728e+02,-3.712968e+01,1.684523e+02
32.21500,4.365475e+02,1.450041e+02,-3.708036e+01,1.664471e+02
32.21600,4.366429e+02,1.456589e+02,-3.702426e+01,1.637073e+02
32.21700,4.370022e+02,1.472643e+02,-3.673499e+01,1.617847e+02
32.21800,4.373395e+02,1.471030e+02,-3.643924e+01,1.582412e+02
32.21900,4.378645e+02,1.480179e+02,-3.597769e+01,1.556415e+02
32.22000,4.384511e+02,1.483720e+02,-3.544771e+01,1.525196e+02
32.22100,4.391740e+02,1.488885e+02,-3.477546e+01,1.495175e+02
32.22200,4.398893e+02,1.482583e+02,-3.410136e+01,1.454613e+02
32.22300,4.409860e+02,1.493286e+02,-3.309977e+01,1.429490e+02
32.22400,4.420103e+02,1.495699e+02,-3.212801e+01,1.396809e+02
32.22500,4.431895e+02,1.498941e+02,-3.102810e+01,1.364779e+02
32.22600,4.444247e+02,1.497821e+02,-2.987317e+01,1.328789e+02
32.22700,4.457300e+02,1.493189e+02,-2.866497e+01,1.289516e+02
32.22800,4.471607e+02,1.494161e+02,-2.732703e+01,1.255483e+02
32.22900,4.487168e+02,1.497164e+02,-2.589145e+01,1.223719e+02
32.23000,4.503223e+02,1.498127e+02,-2.440064e+01,1.189964e+02
32.23100,4.519893e+02,1.495725e+02,-2.286665e+01,1.153233e+02
32.23200,4.537347e+02,1.491743e+02,-2.126323e+01,1.115304e+02
32.23300,4.554165e+02,1.490887e+02,-1.974085e+01,1.080604e+02
32.23400,4.572162e+02,1.484469e+02,-1.810753e+01,1.040809e+02
32.23500,4.590291e+02,1.479349e+02,-1.646027e+01,1.003000e+02
32.23600,4.608998e+02,1.474342e+02,-1.478213e+01,9.652580e+01
32.23700,4.628651e+02,1.474963e+02,-1.302438e+01,9.333527e+01
32.23800,4.645571e+02,1.451623e+02,-1.152121e+01,8.795740e+01
32.23900,4.664035e+02,1.442056e+02,-9.889733e+00,8.390573e+01
32.24000,4.681776e+02,1.421900e+02,-8.331080e+00,7.892627e+01
32.24100,4.699263e+02,1.403133e+02,-6.802047e+00,7.415973e+01
32.24200,4.716321e+02,1.381551e+02,-5.317438e+00,6.919427e+01
32.24300,4.732762e+02,1.353611e+02,-3.902229e+00,6.366637e+01
32.24400,4.748769e+02,1.325787e+02,-2.521021e+00,5.824215e+01
32.24500,4.764056e+02,1.291566e+02,-1.208881e+00,5.230446e+01
32.24600,4.778861e+02,1.255137e+02,5.697238e-02,4.623923e+01
32.24700,4.792789e+02,1.216691e+02,1.242425e+00,4.007697e+01
32.24800,4.806153e+02,1.174245e+02,2.377977e+00,3.363289e+01
32.24900,4.818581e+02,1.124907e+02,3.441315e+00,2.663353e+01
32.25000,4.829722e+02,1.079113e+02,4.394793e+00,2.005063e+01
32.25100,4.839731e+02,1.031487e+02,5.226365e+00,1.339621e+01
32.25200,4.848957e+02,9.791633e+01,6.014535e+00,6.421315e+00
32.25300,4.857373e+02,9.231620e+01,6.748820e+00,-7.951660e-01
32.25400,4.865142e+02,8.678680e+01,7.423340e+00,-7.854433e+00
32.25500,4.871245e+02,8.112640e+01,7.967387e+00,-1.492163e+01
32.25600,4.876297e+02,7.505593e+01,8.432087e+00,-2.223238e+01
32.25700,4.879935e+02,6.933080e+01,8.782413e+00,-2.913513e+01
32.25800,4.882716e+02,6.284425e+01,9.063060e+00,-3.662005e+01
32.25900,4.883827e+02,5.691461e+01,9.210553e+00,-4.346212e+01
32.26000,4.883754e+02,5.046747e+01,9.276313e+00,-5.068276e+01
32.26100,4.882413e+02,4.434696e+01,9.228847e+00,-5.746090e+01
32.26200,4.879135e+02,3.877726e+01,9.015493e+00,-6.360973e+01
32.26300,4.875756e+02,3.214270e+01,8.822787e+00,-7.062007e+01
32.26400,4.868842e+02,2.722811e+01,8.290853e+00,-7.596160e+01
32.26500,4.862170e+02,2.118873e+01,7.821447e+00,-8.218667e+01
32.26600,4.853812e+02,1.538436e+01,7.197527e+00,-8.805873e+01
32.26700,4.844046e+02,9.992713e+00,6.436669e+00,-9.341587e+01
32.26800,4.832889e+02,4.716509e+00,5.564253e+00,-9.857760e+01
32.26900,4.820454e+02,-1.765211e-01,4.566595e+00,-1.032249e+02
32.27000,4.808433e+02,-5.956722e+00,3.627126e+00,-1.085919e+02
32.27100,4.794377e+02,-1.079552e+01,2.476322e+00,-1.129432e+02
32.27200,4.779619e+02,-1.566209e+01,1.275727e+00,-1.172158e+02
32.27300,4.764507e+02,-2.067891e+01,3.841605e-02,-1.214731e+02
32.27400,4.748405e+02,-2.527314e+01,-1.305676e+00,-1.252081e+02
32.27500,4.731605e+02,-2.967560e+01,-2.725329e+00,-1.286627e+02
32.27600,4.714902e+02,-3.433709e+01,-4.125021e+00,-1.322369e+02
32.27700,4.698015e+02,-3.872737e+01,-5.577100e+00,-1.354314e+02
32.27800,4.679849e+02,-4.280124e+01,-7.171720e+00,-1.381667e+02
32.27900,4.663039e+02,-4.761600e+01,-8.648593e+00,-1.415282e+02
32.28000,4.645169e+02,-5.245343e+01,-1.023730e+01,-1.447967e+02
32.28100,4.628572e+02,-5.634711e+01,-1.171410e+01,-1.470128e+02
32.28200,4.613547e+02,-6.135577e+01,-1.306097e+01,-1.501793e+02
32.28300,4.599663e+02,-6.645678e+01,-1.431876e+01,-1.533361e+02
32.28400,4.580077e+02,-6.885273e+01,-1.613541e+01,-1.537197e+02
32.28500,4.565359e+02,-7.329553e+01,-1.751172e+01,-1.559891e+02
32.28600,4.550338e+02,-7.729253e+01,-1.892429e+01,-1.577541e+02
32.28700,4.535703e+02,-8.243573e+01,-2.034063e+01,-1.604401e+02
32.28800,4.521957e+02,-8.603980e+01,-2.166801e+01,-1.616295e+02
32.28900,4.510213e+02,-9.021387e+01,-2.281890e+01,-1.632137e+02
32.29000,4.498507e+02,-9.451360e+01,-2.398147e+01,-1.648009e+02
32.29100,4.483385e+02,-9.765980e+01,-2.547964e+01,-1.652432e+02
32.29200,4.473185e+02,-1.009308e+02,-2.651751e+01,-1.657361e+02
32.29300,4.463317e+02,-1.050130e+02,-2.754327e+01,-1.668554e+02
32.29400,4.452783e+02,-1.063873e+02,-2.861982e+01,-1.653875e+02
32.29500,4.444365e+02,-1.087537e+02,-2.952537e+01,-1.647869e+02
32.29600,4.433626e+02,-1.113363e+02,-3.064388e+01,-1.642772e+02
32.29700,4.429609e+02,-1.155286e+02,-3.114654e+01,-1.651887e+02
32.29800,4.427476e+02,-1.201378e+02,-3.145798e+01,-1.663605e+02
32.29900,4.420044e+02,-1.216088e+02,-3.228327e+01,-1.646425e+02
32.30000,4.416415e+02,-1.239745e+02,-3.271702e+01,-1.636291e+02
32.30100,4.412385e+02,-1.253844e+02,-3.319972e+01,-1.617133e+02
32.30200,4.410709e+02,-1.263423e+02,-3.345889e+01,-1.593269e+02
32.30300,4.409157e+02,-1.327827e+02,-3.371473e+01,-1.619038e+02
32.30400,4.405988e+02,-1.330247e+02,-3.410770e+01,-1.587657e+02
32.30500,4.405913e+02,-1.348139e+02,-3.419299e+01,-1.569940e+02
32.30600,4.408172e+02,-1.374541e+02,-3.406107e+01,-1.559563e+02
32.30700,4.407764e+02,-1.371303e+02,-3.415108e+01,-1.522001e+02
32.30800,4.412163e+02,-1.394132e+02,-3.381768e+01,-1.507829e+02
32.30900,4.416522e+02,-1.405737e+02,-3.346350e+01,-1.483221e+02
32.31000,4.421470e+02,-1.413663e+02,-3.302459e+01,-1.454795e+02
32.31100,4.428559e+02,-1.430397e+02,-3.240180e+01,-1.434487e+02
32.31200,4.436009e+02,-1.440599e+02,-3.172375e+01,-1.407883e+02
32.31300,4.443815e+02,-1.442230e+02,-3.100773e+01,-1.373627e+02
32.31400,4.452721e+02,-1.445683e+02,-3.017381e+01,-1.340947e+02
32.31500,4.462896e+02,-1.448232e+02,-2.924597e+01,-1.307100e+02
32.31600,4.474584e+02,-1.455332e+02,-2.814694e+01,-1.277851e+02
32.31700,4.486675e+02,-1.459316e+02,-2.700565e+01,-1.245897e+02
32.31800,4.499835e+02,-1.463257e+02,-2.577556e+01,-1.213915e+02
32.31900,4.513235e+02,-1.463547e+02,-2.451398e+01,-1.178727e+02
32.32000,4.527753e+02,-1.459343e+02,-2.313881e+01,-1.139561e+02
32.32100,4.542179e+02,-1.458615e+02,-2.178837e+01,-1.104099e+02
32.32200,4.557643e+02,-1.453282e+02,-2.033495e+01,-1.064543e+02
32.32300,4.573863e+02,-1.448889e+02,-1.881343e+01,-1.026157e+02
32.32400,4.589826e+02,-1.438670e+02,-1.731121e+01,-9.830347e+01
32.32500,4.605988e+02,-1.427331e+02,-1.579856e+01,-9.389433e+01
32.32600,4.622792e+02,-1.417686e+02,-1.423130e+01,-8.972500e+01
32.32700,4.639117e+02,-1.401890e+02,-1.271119e+01,-8.500307e+01
32.32800,4.655773e+02,-1.387999e+02,-1.116507e+01,-8.053573e+01
32.32900,4.671871e+02,-1.361899e+02,-9.677987e+00,-7.498073e+01
32.33000,4.687797e+02,-1.339869e+02,-8.203853e+00,-6.988253e+01
32.33100,4.703193e+02,-1.309929e+02,-6.778307e+00,-6.409795e+01
32.33200,4.718357e+02,-1.278135e+02,-5.381237e+00,-5.824408e+01
32.33300,4.732974e+02,-1.244583e+02,-4.033988e+00,-5.226743e+01
32.33400,4.747497e+02,-1.210201e+02,-2.712015e+00,-4.631638e+01
32.33500,4.760460e+02,-1.164019e+02,-1.518734e+00,-3.935058e+01
32.33600,4.773454e+02,-1.118255e+02,-3.416969e-01,-3.248847e+01
32.33700,4.785841e+02,-1.069859e+02,7.959513e-01,-2.549978e+01
32.33800,4.797555e+02,-1.027241e+02,1.853093e+00,-1.913246e+01
32.33900,4.807989e+02,-9.744173e+01,2.795641e+00,-1.187818e+01
32.34000,4.817465e+02,-9.218640e+01,3.656452e+00,-4.767197e+00
32.34100,4.825893e+02,-8.654247e+01,4.431762e+00,2.589288e+00
32.34200,4.833703e+02,-8.062253e+01,5.130669e+00,1.014413e+01
32.34300,4.839803e+02,-7.550267e+01,5.705138e+00,1.684794e+01
32.34400,4.845944e+02,-6.897500e+01,6.291075e+00,2.472551e+01
32.34500,4.850835e+02,-6.256788e+01,6.761433e+00,3.239517e+01
32.34600,4.853935e+02,-5.719141e+01,7.069393e+00,3.901839e+01
32.34700,4.856077e+02,-5.102176e+01,7.303907e+00,4.625365e+01
32.34800,4.857164e+02,-4.463830e+01,7.469633e+00,5.359818e+01
32.34900,4.856953e+02,-3.858111e+01,7.508893e+00,6.050408e+01
32.35000,4.855501e+02,-3.249329e+01,7.445127e+00,6.734687e+01
32.35100,4.852329e+02,-2.665093e+01,7.232060e+00,7.383407e+01
32.35200,4.848090e+02,-2.076838e+01,6.931807e+00,8.025400e+01
32.35300,4.843161e+02,-1.454509e+01,6.574557e+00,8.685800e+01
32.35400,4.835355e+02,-9.750093e+00,5.976311e+00,9.206413e+01
32.35500,4.827147e+02,-4.414715e+00,5.326646e+00,9.762400e+01
32.35600,4.817862e+02,9.265320e-01,4.594941e+00,1.030883e+02
32.35700,4.807592e+02,6.061605e+00,3.768360e+00,1.082247e+02
32.35800,4.795087e+02,1.059365e+01,2.739271e+00,1.127091e+02
32.35900,4.782310e+02,1.549184e+01,1.707552e+00,1.174159e+02
32.36000,4.768269e+02,2.000865e+01,5.351071e-01,1.216181e+02
32.36100,4.754279e+02,2.476374e+01,-6.150515e-01,1.259741e+02
32.36200,4.738512e+02,2.896937e+01,-1.950599e+00,1.296260e+02
32.36300,4.723092e+02,3.367084e+01,-3.233141e+00,1.336840e+02
32.36400,4.706281e+02,3.752402e+01,-4.669259e+00,1.368039e+02
32.36500,4.689849e+02,4.189059e+01,-6.073733e+00,1.402857e+02
32.36600,4.673667e+02,4.660772e+01,-7.454960e+00,1.439798e+02
32.36700,4.655467e+02,4.991156e+01,-9.040820e+00,1.462125e+02
32.36800,4.637525e+02,5.422979e+01,-1.061638e+01,1.492889e+02
32.36900,4.620424e+02,5.870979e+01,-1.212409e+01,1.524313e+02
32.37000,4.603585e+02,6.323686e+01,-1.360641e+01,1.554584e+02
32.37100,4.587663e+02,6.747400e+01,-1.503232e+01,1.580991e+02
32.37200,4.572236e+02,7.200180e+01,-1.641089e+01,1.609039e+02
32.37300,4.557921e+02,7.696060e+01,-1.769958e+01,1.640211e+02
32.37400,4.539977e+02,7.981780e+01,-1.935782e+01,1.649570e+02
32.37500,4.524174e+02,8.369513e+01,-2.082134e+01,1.667883e+02
32.37600,4.510098e+02,8.808700e+01,-2.214161e+01,1.689867e+02
32.37700,4.496368e+02,9.233293e+01,-2.344155e+01,1.709569e+02
32.37800,4.483555e+02,9.772133e+01,-2.469450e+01,1.738572e+02
32.37900,4.470615e+02,1.011274e+02,-2.593983e+01,1.748497e+02
32.38000,4.460313e+02,1.057563e+02,-2.694438e+01,1.768391e+02
32.38100,4.444910e+02,1.085129e+02,-2.844956e+01,1.770389e+02
32.38200,4.434763e+02,1.121605e+02,-2.947493e+01,1.779760e+02
32.38300,4.425218e+02,1.163497e+02,-3.044421e+01,1.792835e+02
32.38400,4.415688e+02,1.202982e+02,-3.142119e+01,1.802843e+02
32.38500,4.406021e+02,1.191539e+02,-3.238627e+01,1.765807e+02
32.38600,4.397955e+02,1.234065e+02,-3.324020e+01,1.777231e+02
32.38700,4.387657e+02,1.257841e+02,-3.431908e+01,1.770939e+02
32.38800,4.388903e+02,1.310063e+02,-3.427421e+01,1.789595e+02
32.38900,4.380265e+02,1.318472e+02,-3.518223e+01,1.767843e+02
32.39000,4.377281e+02,1.352739e+02,-3.555700e+01,1.768771e+02
32.39100,4.372581e+02,1.359140e+02,-3.606974e+01,1.743927e+02
32.39200,4.370165e+02,1.371163e+02,-3.637640e+01,1.723401e+02
32.39300,4.368795e+02,1.412649e+02,-3.657549e+01,1.729562e+02
32.39400,4.365630e+02,1.417597e+02,-3.693953e+01,1.701901e+02
32.39500,4.364491e+02,1.434959e+02,-3.710914e+01,1.684974e+02
32.39600,4.365483e+02,1.449895e+02,-3.707233e+01,1.665529e+02
32.39700,4.366284e+02,1.454713e+02,-3.703392e+01,1.636541e+02
32.39800,4.370739e+02,1.476690e+02,-3.667243e+01,1.622653e+02
32.39900,4.373127e+02,1.467707e+02,-3.646148e+01,1.580431e+02
32.40000,4.378485e+02,1.480060e+02,-3.599203e+01,1.557539e+02
32.40100,4.384345e+02,1.483345e+02,-3.546405e+01,1.526095e+02
32.40200,4.391412e+02,1.487360e+02,-3.480037e+01,1.495047e+02
32.40300,4.398752e+02,1.482238e+02,-3.411405e+01,1.455563e+02
32.40400,4.409409e+02,1.492361e+02,-3.313906e+01,1.429915e+02
32.40500,4.419723e+02,1.494900e+02,-3.216879e+01,1.397375e+02
32.40600,4.431461e+02,1.497885e+02,-3.107178e+01,1.365110e+02
32.40700,4.443841e+02,1.497013e+02,-2.991353e+01,1.329297e+02
32.40800,4.456927e+02,1.493765e+02,-2.869777e+01,1.291255e+02
32.40900,4.471050e+02,1.492893e+02,-2.738212e+01,1.255547e+02
32.41000,4.486647e+02,1.497209e+02,-2.593778e+01,1.225058e+02
32.41100,4.502661e+02,1.496935e+02,-2.445306e+01,1.190197e+02
32.41200,4.519321e+02,1.494519e+02,-2.292177e+01,1.153407e+02
32.41300,4.536812e+02,1.490595e+02,-2.130552e+01,1.115595e+02
32.41400,4.553460e+02,1.490033e+02,-1.980549e+01,1.081061e+02
32.41500,4.571450e+02,1.482780e+02,-1.816940e+01,1.040601e+02
32.41600,4.589515e+02,1.477770e+02,-1.652949e+01,1.002786e+02
32.41700,4.608257e+02,1.473099e+02,-1.484851e+01,9.653800e+01
32.41800,4.627833e+02,1.473281e+02,-1.309791e+01,9.330247e+01
32.41900,4.644749e+02,1.450113e+02,-1.159203e+01,8.794353e+01
32.42000,4.663226e+02,1.443005e+02,-9.952593e+00,8.411160e+01
32.42100,4.681121e+02,1.421383e+02,-8.388173e+00,7.900340e+01
32.42200,4.698641e+02,1.402735e+02,-6.856460e+00,7.424380e+01
32.42300,4.715707e+02,1.381457e+02,-5.374073e+00,6.929933e+01
32.42400,4.732192e+02,1.353363e+02,-3.951792e+00,6.375587e+01
32.42500,4.748131e+02,1.325061e+02,-2.568829e+00,5.829943e+01
32.42600,4.763539e+02,1.291325e+02,-1.253629e+00,5.239597e+01
32.42700,4.778401e+02,1.254593e+02,1.808903e-02,4.629916e+01
32.42800,4.792351e+02,1.216223e+02,1.204857e+00,4.014162e+01
32.42900,4.805733e+02,1.173866e+02,2.344098e+00,3.370097e+01
32.43000,4.818179e+02,1.124564e+02,3.410250e+00,2.670445e+01
32.43100,4.829544e+02,1.076139e+02,4.386257e+00,1.987207e+01
32.43200,4.839466e+02,1.031947e+02,5.203451e+00,1.353258e+01
32.43300,4.848797e+02,9.784453e+01,5.999624e+00,6.446257e+00
32.43400,4.857201e+02,9.224753e+01,6.736500e+00,-7.718400e-01
32.43500,4.865059e+02,8.679627e+01,7.414020e+00,-7.764673e+00
32.43600,4.871153e+02,8.119033e+01,7.960587e+00,-1.477701e+01
32.43700,4.876339e+02,7.500520e+01,8.435633e+00,-2.220229e+01
32.43800,4.880133e+02,6.921607e+01,8.800007e+00,-2.916853e+01
32.43900,4.882889e+02,6.279139e+01,9.078780e+00,-3.659811e+01
32.44000,4.884143e+02,5.678747e+01,9.235813e+00,-4.351220e+01
32.44100,4.884080e+02,5.038518e+01,9.302853e+00,-5.069369e+01
32.44200,4.882746e+02,4.426063e+01,9.259220e+00,-5.747771e+01
32.44300,4.879687e+02,3.860755e+01,9.062447e+00,-6.371364e+01
32.44400,4.876089e+02,3.216257e+01,8.849873e+00,-7.055287e+01
32.44500,4.869461e+02,2.709292e+01,8.344400e+00,-7.603773e+01
32.44600,4.862655e+02,2.116879e+01,7.857107e+00,-8.215467e+01
32.44700,4.854570e+02,1.528562e+01,7.261680e+00,-8.810847e+01
32.44800,4.844945e+02,9.839053e+00,6.513053e+00,-9.352747e+01
32.44900,4.833957e+02,4.494733e+00,5.656037e+00,-9.875080e+01
32.45000,4.821377e+02,-2.646236e-01,4.646947e+00,-1.032880e+02
32.45100,4.809448e+02,-6.106198e+00,3.716288e+00,-1.087020e+02
32.45200,4.795479e+02,-1.096439e+01,2.571837e+00,-1.130807e+02
32.45300,4.780991e+02,-1.604247e+01,1.398311e+00,-1.175491e+02
32.45400,4.765518e+02,-2.070242e+01,1.192823e-01,-1.214867e+02
32.45500,4.749476e+02,-2.530629e+01,-1.211147e+00,-1.252401e+02
32.45600,4.732816e+02,-2.981548e+01,-2.616185e+00,-1.287886e+02
32.45700,4.716159e+02,-3.450680e+01,-4.013620e+00,-1.323952e+02
32.45800,4.699314e+02,-3.894080e+01,-5.460115e+00,-1.356383e+02
32.45900,4.681401e+02,-4.303574e+01,-7.029040e+00,-1.383953e+02
32.46000,4.664140e+02,-4.761665e+01,-8.549860e+00,-1.415463e+02
32.46100,4.646467e+02,-5.262776e+01,-1.011607e+01,-1.449767e+02
32.46200,4.630032e+02,-5.660511e+01,-1.157988e+01,-1.472775e+02
32.46300,4.614820e+02,-6.153078e+01,-1.294199e+01,-1.503720e+02
32.46400,4.600890e+02,-6.659444e+01,-1.420383e+01,-1.534969e+02
32.46500,4.581191e+02,-6.905960e+01,-1.602953e+01,-1.539407e+02
32.46600,4.566545e+02,-7.348093e+01,-1.739632e+01,-1.562026e+02
32.46700,4.551421e+02,-7.735373e+01,-1.882083e+01,-1.578560e+02
32.46800,4.536861e+02,-8.227733e+01,-2.022356e+01,-1.603424e+02
32.46900,4.522880e+02,-8.611920e+01,-2.157889e+01,-1.617547e+02
32.47000,4.511185e+02,-9.013440e+01,-2.272501e+01,-1.632111e+02
32.47100,4.500301e+02,-9.484273e+01,-2.380855e+01,-1.651631e+02
32.47200,4.484291e+02,-9.772293e+01,-2.539041e+01,-1.653639e+02
32.47300,4.474179e+02,-1.010931e+02,-2.641951e+01,-1.659525e+02
32.47400,4.464406e+02,-1.049924e+02,-2.743619e+01,-1.669191e+02
32.47500,4.453709e+02,-1.065701e+02,-2.852994e+01,-1.656346e+02
32.47600,4.445599e+02,-1.088243e+02,-2.940223e+01,-1.649290e+02
32.47700,4.433663e+02,-1.111223e+02,-3.063661e+01,-1.641617e+02
32.47800,4.430219e+02,-1.154776e+02,-3.108254e+01,-1.652289e+02
32.47900,4.427737e+02,-1.199453e+02,-3.142821e+01,-1.662810e+02
32.48000,4.420599e+02,-1.216569e+02,-3.222813e+01,-1.647781e+02
32.48100,4.417003e+02,-1.241812e+02,-3.265534e+01,-1.639200e+02
32.48200,4.412775e+02,-1.255181e+02,-3.315957e+01,-1.619387e+02
32.48300,4.411325e+02,-1.263789e+02,-3.340072e+01,-1.594664e+02
32.48400,4.409631e+02,-1.312407e+02,-3.366524e+01,-1.605955e+02
32.48500,4.406471e+02,-1.329219e+02,-3.405951e+01,-1.587856e+02
32.48600,4.406137e+02,-1.347767e+02,-3.416789e+01,-1.570647e+02
32.48700,4.408301e+02,-1.373191e+02,-3.404347e+01,-1.559469e+02
32.48800,4.407750e+02,-1.370248e+02,-3.414938e+01,-1.522133e+02
32.48900,4.411751e+02,-1.391806e+02,-3.384877e+01,-1.506826e+02
32.49000,4.416631e+02,-1.406071e+02,-3.344633e+01,-1.484682e+02
32.49100,4.421294e+02,-1.414279e+02,-3.303384e+01,-1.456601e+02
32.49200,4.428349e+02,-1.428899e+02,-3.241353e+01,-1.434356e+02
32.49300,4.435868e+02,-1.440789e+02,-3.174038e+01,-1.409371e+02
32.49400,4.443590e+02,-1.442231e+02,-3.102797e+01,-1.374853e+02
32.49500,4.452373e+02,-1.444769e+02,-3.020608e+01,-1.341351e+02
32.49600,4.462529e+02,-1.447827e+02,-2.927403e+01,-1.308036e+02
32.49700,4.474291e+02,-1.456137e+02,-2.817069e+01,-1.279758e+02
32.49800,4.486329e+02,-1.459639e+02,-2.703547e+01,-1.247459e+02
32.49900,4.499445e+02,-1.463430e+02,-2.580960e+01,-1.215331e+02
32.50000,4.513043e+02,-1.464809e+02,-2.453337e+01,-1.181095e+02
32.50100,4.527173e+02,-1.457589e+02,-2.319353e+01,-1.139213e+02
32.50200,4.541667e+02,-1.458061e+02,-2.183665e+01,-1.104831e+02
32.50300,4.557109e+02,-1.453287e+02,-2.038293e+01,-1.065769e+02
32.50400,4.573135e+02,-1.447787e+02,-1.887850e+01,-1.026376e+02
32.50500,4.589261e+02,-1.439041e+02,-1.736531e+01,-9.845973e+01
32.50600,4.605621e+02,-1.425119e+02,-1.583307e+01,-9.381747e+01
32.50700,4.622189e+02,-1.417260e+02,-1.428756e+01,-8.980580e+01
32.50800,4.638505e+02,-1.402180e+02,-1.276797e+01,-8.514393e+01
32.50900,4.655161e+02,-1.387055e+02,-1.122097e+01,-8.056220e+01
32.51000,4.671249e+02,-1.361507e+02,-9.730853e+00,-7.506527e+01
32.51100,4.687277e+02,-1.339907e+02,-8.251433e+00,-6.999673e+01
32.51200,4.702660e+02,-1.309301e+02,-6.821933e+00,-6.415517e+01
32.51300,4.717839e+02,-1.279028e+02,-5.427767e+00,-5.843453e+01
32.51400,4.732546e+02,-1.244577e+02,-4.076775e+00,-5.237683e+01
32.51500,4.747050e+02,-1.210630e+02,-2.751148e+00,-4.646274e+01
32.51600,4.760049e+02,-1.163729e+02,-1.554633e+00,-3.943250e+01
32.51700,4.773086e+02,-1.118155e+02,-3.745064e-01,-3.258428e+01
32.51800,4.785512e+02,-1.071036e+02,7.606613e-01,-2.570452e+01
32.51900,4.797056e+02,-1.027715e+02,1.804843e+00,-1.927161e+01
32.52000,4.807727e+02,-9.738960e+01,2.775275e+00,-1.192293e+01
32.52100,4.817252e+02,-9.214413e+01,3.638357e+00,-4.816747e+00
32.52200,4.825771e+02,-8.651773e+01,4.418375e+00,2.529179e+00
32.52300,4.833475e+02,-8.059913e+01,5.116989e+00,1.007771e+01
32.52400,4.839792e+02,-7.531480e+01,5.702273e+00,1.693427e+01
32.52500,4.845913e+02,-6.898107e+01,6.288301e+00,2.464140e+01
32.52600,4.850858e+02,-6.255447e+01,6.764520e+00,3.233532e+01
32.52700,4.854021e+02,-5.717883e+01,7.076620e+00,3.895848e+01
32.52800,4.856199e+02,-5.091068e+01,7.320780e+00,4.629190e+01
32.52900,4.857478e+02,-4.445699e+01,7.499487e+00,5.370089e+01
32.53000,4.857311e+02,-3.849445e+01,7.539487e+00,6.052355e+01
32.53100,4.855787e+02,-3.242985e+01,7.478793e+00,6.734440e+01
32.53200,4.852823e+02,-2.653822e+01,7.274967e+00,7.388500e+01
32.53300,4.848636e+02,-2.065265e+01,6.979027e+00,8.030967e+01
32.53400,4.843215e+02,-1.488861e+01,6.578863e+00,8.650487e+01
32.53500,4.836010e+02,-9.668293e+00,6.031775e+00,9.209733e+01
32.53600,4.827908e+02,-4.237681e+00,5.394059e+00,9.774333e+01
32.53700,4.818660e+02,1.021522e+00,4.663776e+00,1.031430e+02
32.53800,4.808185e+02,6.063390e+00,3.819378e+00,1.082000e+02
32.53900,4.796025e+02,1.094956e+01,2.833405e+00,1.130121e+02
32.54000,4.783257e+02,1.563821e+01,1.791241e+00,1.175265e+02
32.54100,4.769226e+02,2.012859e+01,6.210997e-01,1.217095e+02
32.54200,4.755211e+02,2.485878e+01,-5.306337e-01,1.260432e+02
32.54300,4.739651e+02,2.913642e+01,-1.851202e+00,1.297657e+02
32.54400,4.724161e+02,3.383875e+01,-3.135809e+00,1.338298e+02
32.54500,4.707441e+02,3.772881e+01,-4.565481e+00,1.369843e+02
32.54600,4.691020e+02,4.199855e+01,-5.970312e+00,1.403807e+02
32.54700,4.674581e+02,4.649448e+01,-7.375067e+00,1.438839e+02
32.54800,4.656486e+02,4.995341e+01,-8.952733e+00,1.462517e+02
32.54900,4.638669e+02,5.429557e+01,-1.051342e+01,1.493573e+02
32.55000,4.622025e+02,5.880169e+01,-1.197192e+01,1.525384e+02
32.55100,4.604698e+02,6.343065e+01,-1.350286e+01,1.556487e+02
32.55200,4.588948e+02,6.770553e+01,-1.491418e+01,1.583382e+02
32.55300,4.573306e+02,7.214373e+01,-1.630483e+01,1.610646e+02
32.55400,4.558859e+02,7.702360e+01,-1.761065e+01,1.641102e+02
32.55500,4.541265e+02,8.003300e+01,-1.923566e+01,1.651999e+02
32.55600,4.525289e+02,8.381680e+01,-2.071793e+01,1.669419e+02
32.55700,4.511129e+02,8.817393e+01,-2.204287e+01,1.691145e+02
32.55800,4.497372e+02,9.223053e+01,-2.333873e+01,1.709145e+02
32.55900,4.484673e+02,9.761513e+01,-2.458340e+01,1.738156e+02
32.56000,4.471394e+02,1.011615e+02,-2.586395e+01,1.749369e+02
32.56100,4.460687e+02,1.056497e+02,-2.690526e+01,1.768075e+02
32.56200,4.445745e+02,1.085087e+02,-2.837060e+01,1.771002e+02
32.56300,4.435493e+02,1.121075e+02,-2.940396e+01,1.780033e+02
32.56400,4.426015e+02,1.163038e+02,-3.036744e+01,1.793203e+02
32.56500,4.416495e+02,1.208670e+02,-3.134566e+01,1.808877e+02
32.56600,4.406511e+02,1.188673e+02,-3.233332e+01,1.764006e+02
32.56700,4.399151e+02,1.237397e+02,-3.312375e+01,1.781190e+02
32.56800,4.387245e+02,1.251830e+02,-3.434592e+01,1.766335e+02
32.56900,4.389421e+02,1.310399e+02,-3.421974e+01,1.790782e+02
32.57000,4.381177e+02,1.321979e+02,-3.508885e+01,1.771914e+02
32.57100,4.377641e+02,1.352686e+02,-3.551522e+01,1.769637e+02
32.57200,4.372874e+02,1.359575e+02,-3.604049e+01,1.745265e+02
32.57300,4.370482e+02,1.372596e+02,-3.634234e+01,1.725785e+02
32.57400,4.369106e+02,1.412791e+02,-3.654265e+01,1.730804e+02
32.57500,4.365991e+02,1.413402e+02,-3.690117e+01,1.699209e+02
32.57600,4.364716e+02,1.434791e+02,-3.708685e+01,1.685891e+02
32.57700,4.366044e+02,1.453081e+02,-3.701564e+01,1.669433e+02
32.57800,4.366621e+02,1.455599e+02,-3.700916e+01,1.638471e+02
32.57900,4.370835e+02,1.476181e+02,-3.665507e+01,1.623240e+02
32.58000,4.372708e+02,1.466335e+02,-3.649645e+01,1.580369e+02
32.58100,4.378392e+02,1.479327e+02,-3.599739e+01,1.558026e+02
32.58200,4.384131e+02,1.483113e+02,-3.547942e+01,1.527038e+02
32.58300,4.391179e+02,1.486666e+02,-3.482443e+01,1.495652e+02
32.58400,4.398565e+02,1.482059e+02,-3.413958e+01,1.456672e+02
32.58500,4.409024e+02,1.491275e+02,-3.317297e+01,1.430183e+02
32.58600,4.419225e+02,1.493523e+02,-3.221339e+01,1.397421e+02
32.58700,4.431145e+02,1.497587e+02,-3.110281e+01,1.366061e+02
32.58800,4.443402e+02,1.495903e+02,-2.995323e+01,1.329485e+02
32.58900,4.456391e+02,1.492661e+02,-2.874579e+01,1.291463e+02
32.59000,4.470579e+02,1.492707e+02,-2.742501e+01,1.256635e+02
32.59100,4.486119e+02,1.496925e+02,-2.598606e+01,1.226116e+02
32.59200,4.502021e+02,1.495542e+02,-2.451149e+01,1.190145e+02
32.59300,4.518663e+02,1.493789e+02,-2.298073e+01,1.154023e+02
32.59400,4.536371e+02,1.493920e+02,-2.135336e+01,1.119919e+02
32.59500,4.552779e+02,1.489674e+02,-1.986780e+01,1.081903e+02
32.59600,4.570875e+02,1.483315e+02,-1.822182e+01,1.042309e+02
32.59700,4.588826e+02,1.476181e+02,-1.659130e+01,1.002609e+02
32.59800,4.607565e+02,1.471140e+02,-1.491265e+01,9.648340e+01
32.59900,4.627061e+02,1.471331e+02,-1.316418e+01,9.324960e+01
32.60000,4.644180e+02,1.449653e+02,-1.164159e+01,8.802613e+01
32.60100,4.662605e+02,1.442224e+02,-1.000900e+01,8.416260e+01
32.60200,4.680473e+02,1.419745e+02,-8.445587e+00,7.897847e+01
32.60300,4.698028e+02,1.402142e+02,-6.910040e+00,7.430527e+01
32.60400,4.715077e+02,1.380234e+02,-5.427505e+00,6.930520e+01
32.60500,4.731699e+02,1.352606e+02,-3.996999e+00,6.380234e+01
32.60600,4.747607e+02,1.324164e+02,-2.616910e+00,5.833064e+01
32.60700,4.763016e+02,1.291368e+02,-1.297733e+00,5.251965e+01
32.60800,4.777831e+02,1.253973e+02,-2.480823e-02,4.635536e+01
32.60900,4.791913e+02,1.216017e+02,1.167757e+00,4.022811e+01
32.61000,4.805365e+02,1.173698e+02,2.309092e+00,3.378862e+01
32.61100,4.817825e+02,1.122850e+02,3.380670e+00,2.664720e+01
32.61200,4.829123e+02,1.077056e+02,4.350849e+00,2.005443e+01
32.61300,4.839109e+02,1.032965e+02,5.174782e+00,1.372115e+01
32.61400,4.848587e+02,9.784827e+01,5.982142e+00,6.539962e+00
32.61500,4.857052e+02,9.222433e+01,6.723067e+00,-7.006680e-01
32.61600,4.864937e+02,8.683260e+01,7.403760e+00,-7.640413e+00
32.61700,4.871082e+02,8.117000e+01,7.957807e+00,-1.471428e+01
32.61800,4.876373e+02,7.493173e+01,8.439693e+00,-2.218714e+01
32.61900,4.880282e+02,6.913653e+01,8.813613e+00,-2.916881e+01
32.62000,4.883069e+02,6.276163e+01,9.093547e+00,-3.655605e+01
32.62100,4.884393e+02,5.675668e+01,9.255233e+00,-4.346970e+01
32.62200,4.884379e+02,5.028120e+01,9.329180e+00,-5.072191e+01
32.62300,4.883145e+02,4.422591e+01,9.290113e+00,-5.745901e+01
32.62400,4.880125e+02,3.849748e+01,9.102493e+00,-6.375873e+01
32.62500,4.876565e+02,3.210036e+01,8.889140e+00,-7.056027e+01
32.62600,4.870048e+02,2.700883e+01,8.393653e+00,-7.607013e+01
32.62700,4.863281e+02,2.117123e+01,7.908187e+00,-8.210807e+01
32.62800,4.855387e+02,1.516957e+01,7.331747e+00,-8.817620e+01
32.62900,4.845675e+02,9.745053e+00,6.572959e+00,-9.358220e+01
32.63000,4.834982e+02,4.290178e+00,5.747082e+00,-9.890333e+01
32.63100,4.822310e+02,-3.510005e-01,4.727279e+00,-1.033469e+02
32.63200,4.810473e+02,-6.221910e+00,3.806289e+00,-1.087849e+02
32.63300,4.796501e+02,-1.116651e+01,2.667773e+00,-1.132539e+02
32.63400,4.781949e+02,-1.601259e+01,1.479972e+00,-1.175145e+02
32.63500,4.766661e+02,-2.092657e+01,2.243511e-01,-1.216839e+02
32.63600,4.750681e+02,-2.546314e+01,-1.102604e+00,-1.253767e+02
32.63700,4.734093e+02,-2.999617e+01,-2.500915e+00,-1.289587e+02
32.63800,4.717358e+02,-3.462947e+01,-3.908917e+00,-1.325057e+02
32.63900,4.700549e+02,-3.911693e+01,-5.348436e+00,-1.358053e+02
32.64000,4.682944e+02,-4.343451e+01,-6.889860e+00,-1.387692e+02
32.64100,4.665347e+02,-4.780996e+01,-8.440067e+00,-1.417397e+02
32.64200,4.647643e+02,-5.275502e+01,-1.000657e+01,-1.451118e+02
32.64300,4.631387e+02,-5.682801e+01,-1.146059e+01,-1.475106e+02
32.64400,4.616404e+02,-6.178858e+01,-1.279357e+01,-1.506480e+02
32.64500,4.601841e+02,-6.661228e+01,-1.411450e+01,-1.535448e+02
32.64600,4.582569e+02,-6.922473e+01,-1.590182e+01,-1.541353e+02
32.64700,4.567676e+02,-7.352833e+01,-1.729041e+01,-1.562969e+02
32.64800,4.552703e+02,-7.754027e+01,-1.870051e+01,-1.580716e+02
32.64900,4.538055e+02,-8.204853e+01,-2.010139e+01,-1.601851e+02
32.65000,4.524003e+02,-8.621033e+01,-2.147073e+01,-1.618983e+02
32.65100,4.512267e+02,-9.018740e+01,-2.261898e+01,-1.633225e+02
32.65200,4.501717e+02,-9.500487e+01,-2.367211e+01,-1.653747e+02
32.65300,4.485403e+02,-9.769120e+01,-2.528337e+01,-1.654099e+02
32.65400,4.474928e+02,-1.009679e+02,-2.634455e+01,-1.659133e+02
32.65500,4.465201e+02,-1.050347e+02,-2.735633e+01,-1.670304e+02
32.65600,4.454391e+02,-1.066262e+02,-2.845927e+01,-1.657663e+02
32.65700,4.446377e+02,-1.087556e+02,-2.932520e+01,-1.649507e+02
32.65800,4.434590e+02,-1.115401e+02,-3.055212e+01,-1.646376e+02
32.65900,4.430738e+02,-1.155241e+02,-3.102309e+01,-1.653623e+02
32.66000,4.428214e+02,-1.198575e+02,-3.137730e+01,-1.662951e+02
32.66100,4.421022e+02,-1.216434e+02,-3.217691e+01,-1.648550e+02
32.66200,4.417793e+02,-1.244615e+02,-3.257997e+01,-1.642718e+02
32.66300,4.413259e+02,-1.256023e+02,-3.311668e+01,-1.621233e+02
32.66400,4.411965e+02,-1.269875e+02,-3.333018e+01,-1.601166e+02
32.66500,4.409846e+02,-1.309767e+02,-3.363686e+01,-1.604619e+02
32.66600,4.406916e+02,-1.327439e+02,-3.401485e+01,-1.587381e+02
32.66700,4.406347e+02,-1.347843e+02,-3.414059e+01,-1.571875e+02
32.66800,4.408131e+02,-1.370991e+02,-3.405556e+01,-1.558648e+02
32.66900,4.407981e+02,-1.370068e+02,-3.412621e+01,-1.523135e+02
32.67000,4.411771e+02,-1.392684e+02,-3.384169e+01,-1.508696e+02
32.67100,4.416633e+02,-1.405307e+02,-3.343879e+01,-1.485147e+02
32.67200,4.420990e+02,-1.412380e+02,-3.305976e+01,-1.456111e+02
32.67300,4.428277e+02,-1.428313e+02,-3.241900e+01,-1.435047e+02
32.67400,4.435587e+02,-1.439801e+02,-3.176383e+01,-1.409756e+02
32.67500,4.443381e+02,-1.440911e+02,-3.104553e+01,-1.374874e+02
32.67600,4.451875e+02,-1.442891e+02,-3.025135e+01,-1.340829e+02
32.67700,4.462214e+02,-1.447558e+02,-2.929753e+01,-1.309072e+02
32.67800,4.473972e+02,-1.456355e+02,-2.820563e+01,-1.281294e+02
32.67900,4.486021e+02,-1.459285e+02,-2.706961e+01,-1.248367e+02
32.68000,4.499109e+02,-1.463253e+02,-2.584247e+01,-1.216362e+02
32.68100,4.512658e+02,-1.463755e+02,-2.456539e+01,-1.181365e+02
32.68200,4.526587e+02,-1.456619e+02,-2.324700e+01,-1.139523e+02
32.68300,4.541187e+02,-1.457843e+02,-2.188300e+01,-1.105881e+02
32.68400,4.556517e+02,-1.453713e+02,-2.043357e+01,-1.067433e+02
32.68500,4.572525e+02,-1.447233e+02,-1.893477e+01,-1.027082e+02
32.68600,4.588489e+02,-1.437220e+02,-1.743386e+01,-9.841540e+01
32.68700,4.605043e+02,-1.426352e+02,-1.588821e+01,-9.405013e+01
32.68800,4.621554e+02,-1.416583e+02,-1.434555e+01,-8.985953e+01
32.68900,4.638061e+02,-1.399049e+02,-1.280945e+01,-8.497760e+01
32.69000,4.654585e+02,-1.386619e+02,-1.127429e+01,-8.063820e+01
32.69100,4.670707e+02,-1.361515e+02,-9.781453e+00,-7.517460e+01
32.69200,4.686745e+02,-1.339784e+02,-8.299620e+00,-7.009520e+01
32.69300,4.702150e+02,-1.309627e+02,-6.871093e+00,-6.429719e+01
32.69400,4.717375e+02,-1.278768e+02,-5.467329e+00,-5.852453e+01
32.69500,4.732081e+02,-1.244515e+02,-4.118055e+00,-5.248285e+01
32.69600,4.746623e+02,-1.210531e+02,-2.789349e+00,-4.655817e+01
32.69700,4.759595e+02,-1.163332e+02,-1.593804e+00,-3.949544e+01
32.69800,4.772764e+02,-1.118117e+02,-4.099798e-01,-3.268205e+01
32.69900,4.785113e+02,-1.071235e+02,7.257733e-01,-2.582085e+01
32.70000,4.796515e+02,-1.028790e+02,1.754593e+00,-1.946466e+01
32.70100,4.807471e+02,-9.736727e+01,2.756400e+00,-1.199938e+01
32.70200,4.817048e+02,-9.208660e+01,3.620413e+00,-4.856134e+00
32.70300,4.825599e+02,-8.641840e+01,4.403989e+00,2.539224e+00
32.70400,4.833380e+02,-8.062220e+01,5.104419e+00,9.971013e+00
32.70500,4.840243e+02,-7.490507e+01,5.745417e+00,1.721181e+01
32.70600,4.845916e+02,-6.899380e+01,6.283598e+00,2.454845e+01
32.70700,4.850906e+02,-6.252055e+01,6.769060e+00,3.229434e+01
32.70800,4.854188e+02,-5.706947e+01,7.091393e+00,3.898377e+01
32.70900,4.856349e+02,-5.084294e+01,7.334627e+00,4.628591e+01
32.71000,4.857695e+02,-4.438868e+01,7.520447e+00,5.369604e+01
32.71100,4.857653e+02,-3.841015e+01,7.569273e+00,6.054050e+01
32.71200,4.856092e+02,-3.246729e+01,7.507200e+00,6.725113e+01
32.71300,4.853272e+02,-2.644813e+01,7.317220e+00,7.391580e+01
32.71400,4.849203e+02,-2.054453e+01,7.026407e+00,8.035600e+01
32.71500,4.843775e+02,-1.482273e+01,6.627817e+00,8.652147e+01
32.71600,4.836754e+02,-9.478113e+00,6.093165e+00,9.222907e+01
32.71700,4.828658e+02,-4.155813e+00,5.457747e+00,9.778067e+01
32.71800,4.819460e+02,1.166442e+00,4.733779e+00,1.032383e+02
32.71900,4.808945e+02,6.164611e+00,3.887603e+00,1.082632e+02
32.72000,4.796844e+02,1.103053e+01,2.910400e+00,1.130594e+02
32.72100,4.784295e+02,1.584880e+01,1.881173e+00,1.176936e+02
32.72200,4.770181e+02,2.025917e+01,7.089913e-01,1.218047e+02
32.72300,4.756255e+02,2.502641e+01,-4.357345e-01,1.261783e+02
32.72400,4.740909e+02,2.937153e+01,-1.740579e+00,1.299710e+02
32.72500,4.725361e+02,3.402497e+01,-3.029075e+00,1.339925e+02
32.72600,4.708481e+02,3.784038e+01,-4.471439e+00,1.370783e+02
32.72700,4.692313e+02,4.224661e+01,-5.853297e+00,1.406102e+02
32.72800,4.675749e+02,4.662355e+01,-7.271780e+00,1.440030e+02
32.72900,4.657653e+02,5.022169e+01,-8.847293e+00,1.465029e+02
32.73000,4.640052e+02,5.456139e+01,-1.038452e+01,1.496105e+02
32.73100,4.623361e+02,5.898365e+01,-1.185059e+01,1.527282e+02
32.73200,4.605701e+02,6.347115e+01,-1.341061e+01,1.557029e+02
32.73300,4.590204e+02,6.791567e+01,-1.479843e+01,1.585540e+02
32.73400,4.574579e+02,7.230507e+01,-1.618754e+01,1.612402e+02
32.73500,4.559823e+02,7.705153e+01,-1.752225e+01,1.641614e+02
32.73600,4.542643e+02,8.025627e+01,-1.910710e+01,1.654493e+02
32.73700,4.526329e+02,8.391773e+01,-2.061953e+01,1.670680e+02
32.73800,4.511882e+02,8.808373e+01,-2.197119e+01,1.690835e+02
32.73900,4.498257e+02,9.234067e+01,-2.325614e+01,1.710546e+02
32.74000,4.485879e+02,9.745867e+01,-2.446449e+01,1.737267e+02
32.74100,4.472243e+02,1.012526e+02,-2.577893e+01,1.750801e+02
32.74200,4.461212e+02,1.055587e+02,-2.685404e+01,1.767848e+02
32.74300,4.446559e+02,1.085381e+02,-2.828982e+01,1.771961e+02
32.74400,4.436475e+02,1.123372e+02,-2.930881e+01,1.782797e+02
32.74500,4.426753e+02,1.162268e+02,-3.029579e+01,1.793258e+02
32.74600,4.417745e+02,1.214641e+02,-3.122319e+01,1.815035e+02
32.74700,4.406981e+02,1.184902e+02,-3.228609e+01,1.761369e+02
32.74800,4.400149e+02,1.238493e+02,-3.302880e+01,1.783056e+02
32.74900,4.388631e+02,1.254493e+02,-3.421059e+01,1.769609e+02
32.75000,4.389812e+02,1.310014e+02,-3.418139e+01,1.791393e+02
32.75100,4.381832e+02,1.321661e+02,-3.502729e+01,1.772551e+02
32.75200,4.377850e+02,1.349843e+02,-3.549477e+01,1.768088e+02
32.75300,4.373381e+02,1.359843e+02,-3.599367e+01,1.746525e+02
32.75400,4.370874e+02,1.374169e+02,-3.629928e+01,1.728199e+02
32.75500,4.369355e+02,1.412683e+02,-3.652127e+01,1.731718e+02
32.75600,4.366420e+02,1.419622e+02,-3.685605e+01,1.705873e+02
32.75700,4.364940e+02,1.435032e+02,-3.706667e+01,1.687259e+02
32.75800,4.366453e+02,1.454700e+02,-3.697338e+01,1.672011e+02
32.75900,4.366740e+02,1.455063e+02,-3.699583e+01,1.639062e+02
32.76000,4.370897e+02,1.476486e+02,-3.665185e+01,1.624673e+02
32.76100,4.372102e+02,1.463323e+02,-3.655037e+01,1.578793e+02
32.76200,4.378349e+02,1.478973e+02,-3.600122e+01,1.558840e+02
32.76300,4.384038e+02,1.482683e+02,-3.548877e+01,1.527837e+02
32.76400,4.390969e+02,1.485618e+02,-3.484473e+01,1.495894e+02
32.76500,4.398565e+02,1.483973e+02,-3.413999e+01,1.459633e+02
32.76600,4.408636e+02,1.490105e+02,-3.320502e+01,1.430343e+02
32.76700,4.418980e+02,1.493125e+02,-3.223533e+01,1.398170e+02
32.76800,4.430735e+02,1.496471e+02,-3.114419e+01,1.366219e+02
32.76900,4.442937e+02,1.494385e+02,-2.999753e+01,1.329300e+02
32.77000,4.455915e+02,1.492009e+02,-2.878899e+01,1.292068e+02
32.77100,4.470039e+02,1.491865e+02,-2.747269e+01,1.257131e+02
32.77200,4.485587e+02,1.496559e+02,-2.603760e+01,1.227041e+02
32.77300,4.501448e+02,1.495460e+02,-2.456445e+01,1.191317e+02
32.77400,4.518093e+02,1.493946e+02,-2.303450e+01,1.155385e+02
32.77500,4.535762e+02,1.494159e+02,-2.141270e+01,1.121385e+02
32.77600,4.552001e+02,1.488764e+02,-1.994206e+01,1.082347e+02
32.77700,4.570254e+02,1.482017e+02,-1.828011e+01,1.042398e+02
32.77800,4.588247e+02,1.476183e+02,-1.664566e+01,1.003837e+02
32.77900,4.606912e+02,1.470502e+02,-1.497183e+01,9.654140e+01
32.78000,4.626259e+02,1.469387e+02,-1.323608e+01,9.319120e+01
32.78100,4.643843e+02,1.451572e+02,-1.167247e+01,8.831593e+01
32.78200,4.661975e+02,1.440465e+02,-1.006719e+01,8.412360e+01
32.78300,4.679856e+02,1.419786e+02,-8.499407e+00,7.910067e+01
32.78400,4.697385e+02,1.401649e+02,-6.965247e+00,7.437933e+01
32.78500,4.714473e+02,1.379455e+02,-5.480403e+00,6.934913e+01
32.78600,4.731003e+02,1.352709e+02,-4.047130e+00,6.393589e+01
32.78700,4.747055e+02,1.324181e+02,-2.668706e+00,5.844252e+01
32.78800,4.762529e+02,1.291633e+02,-1.341059e+00,5.265697e+01
32.78900,4.777358e+02,1.253655e+02,-6.824693e-02,4.642784e+01
32.79000,4.791482e+02,1.215497e+02,1.130427e+00,4.028864e+01
32.79100,4.804954e+02,1.173096e+02,2.275657e+00,3.383575e+01
32.79200,4.817459e+02,1.121597e+02,3.349167e+00,2.662501e+01
32.79300,4.828447e+02,1.078528e+02,4.282287e+00,2.028765e+01
32.79400,4.838820e+02,1.034496e+02,5.143914e+00,1.395388e+01
32.79500,4.848325e+02,9.773660e+01,5.969692e+00,6.526253e+00
32.79600,4.856925e+02,9.221307e+01,6.711567e+00,-6.253465e-01
32.79700,4.864786e+02,8.683673e+01,7.391487e+00,-7.548180e+00
32.79800,4.871044e+02,8.119280e+01,7.953933e+00,-1.461024e+01
32.79900,4.876401e+02,7.489820e+01,8.443120e+00,-2.214357e+01
32.80000,4.880359e+02,6.906847e+01,8.818060e+00,-2.915496e+01
32.80100,4.883225e+02,6.276367e+01,9.107167e+00,-3.648624e+01
32.80200,4.884639e+02,5.660985e+01,9.279493e+00,-4.353797e+01
32.80300,4.884643e+02,5.031233e+01,9.351167e+00,-5.062907e+01
32.80400,4.883493e+02,4.420353e+01,9.317293e+00,-5.742340e+01
32.80500,4.880710e+02,3.826373e+01,9.155200e+00,-6.392004e+01
32.80600,4.877002e+02,3.204987e+01,8.926507e+00,-7.055540e+01
32.80700,4.870612e+02,2.697391e+01,8.441493e+00,-7.605467e+01
32.80800,4.863924e+02,2.116145e+01,7.958880e+00,-8.206607e+01
32.80900,4.855912e+02,1.512887e+01,7.371200e+00,-8.817520e+01
32.81000,4.846541e+02,9.631113e+00,6.650143e+00,-9.365567e+01
32.81100,4.836257e+02,3.883849e+00,5.861169e+00,-9.923887e+01
32.81200,4.823311e+02,-5.238233e-01,4.813933e+00,-1.034862e+02
32.81300,4.811615e+02,-6.498615e+00,3.908241e+00,-1.090099e+02
32.81400,4.797597e+02,-1.132093e+01,2.762699e+00,-1.133793e+02
32.81500,4.783033e+02,-1.620443e+01,1.577490e+00,-1.176772e+02
32.81600,4.767935e+02,-2.111980e+01,3.416151e-01,-1.218512e+02
32.81700,4.751840e+02,-2.565531e+01,-9.982647e-01,-1.255464e+02
32.81800,4.735433e+02,-3.025058e+01,-2.380643e+00,-1.291917e+02
32.81900,4.718425e+02,-3.477443e+01,-3.808252e+00,-1.326425e+02
32.82000,4.701811e+02,-3.922389e+01,-5.231830e+00,-1.359129e+02
32.82100,4.683771e+02,-4.330419e+01,-6.813360e+00,-1.386677e+02
32.82200,4.666805e+02,-4.807856e+01,-8.305913e+00,-1.420037e+02
32.82300,4.648825e+02,-5.281646e+01,-9.897713e+00,-1.451872e+02
32.82400,4.632462e+02,-5.693493e+01,-1.135831e+01,-1.476441e+02
32.82500,4.617751e+02,-6.195799e+01,-1.267024e+01,-1.508340e+02
32.82600,4.602959e+02,-6.667300e+01,-1.401043e+01,-1.536347e+02
32.82700,4.584101e+02,-6.950607e+01,-1.575345e+01,-1.544489e+02
32.82800,4.568859e+02,-7.363947e+01,-1.717775e+01,-1.564387e+02
32.82900,4.553765e+02,-7.773900e+01,-1.859493e+01,-1.583053e+02
32.83000,4.539303e+02,-8.227513e+01,-1.998279e+01,-1.604447e+02
32.83100,4.525095e+02,-8.629740e+01,-2.136635e+01,-1.620367e+02
32.83200,4.513195e+02,-9.018020e+01,-2.252919e+01,-1.633775e+02
32.83300,4.503053e+02,-9.524187e+01,-2.353524e+01,-1.656571e+02
32.83400,4.486298e+02,-9.773080e+01,-2.519351e+01,-1.655199e+02
32.83500,4.475687e+02,-1.009121e+02,-2.626879e+01,-1.659338e+02
32.83600,4.465939e+02,-1.050989e+02,-2.728145e+01,-1.671652e+02
32.83700,4.455497e+02,-1.073506e+02,-2.835386e+01,-1.665107e+02
32.83800,4.446422e+02,-1.083609e+02,-2.931135e+01,-1.646680e+02
32.83900,4.435579e+02,-1.118833e+02,-3.045599e+01,-1.650409e+02
32.84000,4.432115e+02,-1.159815e+02,-3.088466e+01,-1.658613e+02
32.84100,4.428565e+02,-1.197811e+02,-3.133690e+01,-1.663187e+02
32.84200,4.421560e+02,-1.215664e+02,-3.212219e+01,-1.648881e+02
32.84300,4.418733e+02,-1.249447e+02,-3.249019e+01,-1.648189e+02
32.84400,4.413513e+02,-1.254895e+02,-3.308323e+01,-1.621234e+02
32.84500,4.412341e+02,-1.272779e+02,-3.328875e+01,-1.604913e+02
32.84600,4.409973e+02,-1.309117e+02,-3.361812e+01,-1.605063e+02
32.84700,4.407359e+02,-1.327315e+02,-3.397176e+01,-1.588375e+02
32.84800,4.406673e+02,-1.349592e+02,-3.410158e+01,-1.574515e+02
32.84900,4.408027e+02,-1.368501e+02,-3.406013e+01,-1.557520e+02
32.85000,4.408191e+02,-1.370195e+02,-3.410418e+01,-1.524416e+02
32.85100,4.411953e+02,-1.392903e+02,-3.382561e+01,-1.510075e+02
32.85200,4.416628e+02,-1.404989e+02,-3.343079e+01,-1.486022e+02
32.85300,4.421163e+02,-1.413997e+02,-3.304509e+01,-1.458835e+02
32.85400,4.427967e+02,-1.427291e+02,-3.244371e+01,-1.435396e+02
32.85500,4.435311e+02,-1.438187e+02,-3.179210e+01,-1.409531e+02
32.85600,4.443187e+02,-1.440025e+02,-3.106196e+01,-1.375267e+02
32.85700,4.451523e+02,-1.441648e+02,-3.028082e+01,-1.340921e+02
32.85800,4.461973e+02,-1.447995e+02,-2.932138e+01,-1.310798e+02
32.85900,4.473579e+02,-1.454611e+02,-2.823861e+01,-1.281051e+02
32.86000,4.485489e+02,-1.458230e+02,-2.711243e+01,-1.248685e+02
32.86100,4.498604e+02,-1.461337e+02,-2.588917e+01,-1.215835e+02
32.86200,4.512245e+02,-1.461967e+02,-2.460167e+01,-1.181001e+02
32.86300,4.526099e+02,-1.456168e+02,-2.329406e+01,-1.140329e+02
32.86400,4.540669e+02,-1.457380e+02,-2.193061e+01,-1.106714e+02
32.86500,4.556057e+02,-1.452995e+02,-2.047772e+01,-1.067947e+02
32.86600,4.571991e+02,-1.446650e+02,-1.898387e+01,-1.027771e+02
32.86700,4.587964e+02,-1.436743e+02,-1.748293e+01,-9.849247e+01
32.86800,4.604436e+02,-1.425687e+02,-1.594301e+01,-9.411367e+01
32.86900,4.621160e+02,-1.413187e+02,-1.438176e+01,-8.967527e+01
32.87000,4.637493e+02,-1.398509e+02,-1.286089e+01,-8.504760e+01
32.87100,4.654034e+02,-1.389512e+02,-1.131973e+01,-8.102620e+01
32.87200,4.670171e+02,-1.361421e+02,-9.831453e+00,-7.528220e+01
32.87300,4.686239e+02,-1.339347e+02,-8.345927e+00,-7.016893e+01
32.87400,4.701676e+02,-1.309507e+02,-6.916713e+00,-6.439671e+01
32.87500,4.716915e+02,-1.278521e+02,-5.510612e+00,-5.860946e+01
32.87600,4.731623e+02,-1.244610e+02,-4.160047e+00,-5.260183e+01
32.87700,4.746215e+02,-1.209733e+02,-2.826968e+00,-4.659325e+01
32.87800,4.759219e+02,-1.163523e+02,-1.630763e+00,-3.961595e+01
32.87900,4.772394e+02,-1.118604e+02,-4.431029e-01,-3.282462e+01
32.88000,4.784693e+02,-1.071370e+02,6.944520e-01,-2.593300e+01
32.88100,4.795901e+02,-1.031660e+02,1.693449e+00,-1.981774e+01
32.88200,4.807225e+02,-9.728953e+01,2.737746e+00,-1.202177e+01
32.88300,4.816871e+02,-9.210420e+01,3.605787e+00,-4.956778e+00
32.88400,4.825416e+02,-8.643240e+01,4.387773e+00,2.436323e+00
32.88500,4.833212e+02,-8.058060e+01,5.094384e+00,9.924267e+00
32.88600,4.840629e+02,-7.444293e+01,5.789793e+00,1.755315e+01
32.88700,4.845861e+02,-6.901740e+01,6.279289e+00,2.444247e+01
32.88800,4.850931e+02,-6.252914e+01,6.772387e+00,3.221029e+01
32.88900,4.854345e+02,-5.703610e+01,7.099900e+00,3.894739e+01
32.89000,4.856463e+02,-5.084965e+01,7.342233e+00,4.621179e+01
32.89100,4.857937e+02,-4.433936e+01,7.541893e+00,5.367825e+01
32.89200,4.857853e+02,-3.839489e+01,7.581413e+00,6.049359e+01
32.89300,4.856161e+02,-3.260768e+01,7.507413e+00,6.706020e+01
32.89400,4.853781e+02,-2.633171e+01,7.362813e+00,7.396867e+01
32.89500,4.849799e+02,-2.039826e+01,7.077260e+00,8.044060e+01
32.89600,4.844392e+02,-1.469224e+01,6.681480e+00,8.659540e+01
32.89700,4.837425e+02,-9.363813e+00,6.153089e+00,9.228400e+01
32.89800,4.829393e+02,-4.000073e+00,5.524971e+00,9.788327e+01
32.89900,4.820321e+02,1.310073e+00,4.806104e+00,1.033359e+02
32.90000,4.809717e+02,6.288045e+00,3.957646e+00,1.083411e+02
32.90100,4.798631e+02,1.163897e+01,3.074393e+00,1.135789e+02
32.90200,4.785282e+02,1.603591e+01,1.967534e+00,1.178397e+02
32.90300,4.771266e+02,2.044867e+01,8.061507e-01,1.219642e+02
32.90400,4.757353e+02,2.514644e+01,-3.400755e-01,1.262770e+02
32.90500,4.742197e+02,2.967986e+01,-1.622911e+00,1.302443e+02
32.90600,4.726627e+02,3.423501e+01,-2.916772e+00,1.341793e+02
32.90700,4.709741e+02,3.815077e+01,-4.359461e+00,1.373591e+02
32.90800,4.693648e+02,4.254627e+01,-5.732388e+00,1.408827e+02
32.90900,4.676932e+02,4.677437e+01,-7.167533e+00,1.441406e+02
32.91000,4.658916e+02,5.049681e+01,-8.730547e+00,1.467599e+02
32.91100,4.641327e+02,5.469842e+01,-1.026907e+01,1.497451e+02
32.91200,4.624634e+02,5.920750e+01,-1.173589e+01,1.529537e+02
32.91300,4.606893e+02,6.360271e+01,-1.330555e+01,1.558402e+02
32.91400,4.591449e+02,6.801093e+01,-1.468764e+01,1.586669e+02
32.91500,4.575773e+02,7.249587e+01,-1.607512e+01,1.614361e+02
32.91600,4.560893e+02,7.717473e+01,-1.742415e+01,1.642989e+02
32.91700,4.543875e+02,8.044620e+01,-1.899223e+01,1.656605e+02
32.91800,4.527389e+02,8.404920e+01,-2.051993e+01,1.672266e+02
32.91900,4.512753e+02,8.811813e+01,-2.188767e+01,1.691609e+02
32.92000,4.499426e+02,9.240833e+01,-2.314975e+01,1.711688e+02
32.92100,4.487123e+02,9.734540e+01,-2.433937e+01,1.736753e+02
32.92200,4.473245e+02,1.013331e+02,-2.568316e+01,1.752115e+02
32.92300,4.461911e+02,1.055379e+02,-2.678759e+01,1.768241e+02
32.92400,4.447506e+02,1.085503e+02,-2.819887e+01,1.772730e+02
32.92500,4.436920e+02,1.121885e+02,-2.926446e+01,1.782150e+02
32.92600,4.427669e+02,1.163249e+02,-3.020615e+01,1.794823e+02
32.92700,4.418924e+02,1.220534e+02,-3.110557e+01,1.821165e+02
32.92800,4.407475e+02,1.184557e+02,-3.223428e+01,1.761881e+02
32.92900,4.400666e+02,1.238225e+02,-3.297215e+01,1.783574e+02
32.93000,4.390007e+02,1.257083e+02,-3.407611e+01,1.772806e+02
32.93100,4.390420e+02,1.310701e+02,-3.412435e+01,1.792904e+02
32.93200,4.382351e+02,1.321604e+02,-3.497493e+01,1.773395e+02
32.93300,4.378045e+02,1.347795e+02,-3.547064e+01,1.767187e+02
32.93400,4.373823e+02,1.360681e+02,-3.594709e+01,1.748234e+02
32.93500,4.371441e+02,1.376545e+02,-3.624303e+01,1.731364e+02
32.93600,4.369679e+02,1.412419e+02,-3.648714e+01,1.732468e+02
32.93700,4.366939e+02,1.430670e+02,-3.680683e+01,1.716911e+02
32.93800,4.365126e+02,1.435014e+02,-3.704407e+01,1.688233e+02
32.93900,4.366730e+02,1.454605e+02,-3.694858e+01,1.673007e+02
32.94000,4.366675e+02,1.454145e+02,-3.699827e+01,1.639393e+02
32.94100,4.370815e+02,1.474777e+02,-3.665845e+01,1.624207e+02
32.94200,4.371570e+02,1.460611e+02,-3.659600e+01,1.577454e+02
32.94300,4.378200e+02,1.479402e+02,-3.600971e+01,1.560332e+02
32.94400,4.383927e+02,1.481919e+02,-3.549839e+01,1.528283e+02
32.94500,4.390854e+02,1.485955e+02,-3.485958e+01,1.497418e+02
32.94600,4.398405e+02,1.483657e+02,-3.415789e+01,1.460538e+02
32.94700,4.408299e+02,1.489991e+02,-3.323461e+01,1.431389e+02
32.94800,4.418668e+02,1.492249e+02,-3.226710e+01,1.398505e+02
32.94900,4.430359e+02,1.495883e+02,-3.117631e+01,1.366809e+02
32.95000,4.442534e+02,1.492420e+02,-3.004342e+01,1.328671e+02
32.95100,4.455437e+02,1.491646e+02,-2.883109e+01,1.292958e+02
32.95200,4.469615e+02,1.492514e+02,-2.751381e+01,1.259033e+02
32.95300,4.484865e+02,1.493608e+02,-2.609801e+01,1.225571e+02
32.95400,4.501145e+02,1.498175e+02,-2.460238e+01,1.194963e+02
32.95500,4.517445e+02,1.492594e+02,-2.309334e+01,1.155408e+02
32.95600,4.535013e+02,1.492389e+02,-2.148302e+01,1.120995e+02
32.95700,4.551471e+02,1.486792e+02,-1.998862e+01,1.081755e+02
32.95800,4.569569e+02,1.481468e+02,-1.834159e+01,1.043076e+02
32.95900,4.587620e+02,1.475364e+02,-1.670337e+01,1.004306e+02
32.96000,4.606144e+02,1.470084e+02,-1.503776e+01,9.662827e+01
32.96100,4.625543e+02,1.468128e+02,-1.330244e+01,9.319233e+01
32.96200,4.643586e+02,1.453817e+02,-1.169469e+01,8.863940e+01
32.96300,4.661277e+02,1.439105e+02,-1.012898e+01,8.411640e+01
32.96400,4.679234e+02,1.420399e+02,-8.552813e+00,7.927387e+01
32.96500,4.696794e+02,1.401212e+02,-7.017720e+00,7.445293e+01
32.96600,4.713880e+02,1.378368e+02,-5.530664e+00,6.936260e+01
32.96700,4.730481e+02,1.351675e+02,-4.093851e+00,6.395132e+01
32.96800,4.746506e+02,1.323615e+02,-2.716225e+00,5.850201e+01
32.96900,4.761963e+02,1.291387e+02,-1.383840e+00,5.274787e+01
32.97000,4.776853e+02,1.253315e+02,-1.105392e-01,4.650141e+01
32.97100,4.791044e+02,1.215549e+02,1.093647e+00,4.039347e+01
32.97200,4.804518e+02,1.172260e+02,2.242341e+00,3.385979e+01
32.97300,4.817053e+02,1.120808e+02,3.319775e+00,2.664593e+01
32.97400,4.828052e+02,1.079036e+02,4.245233e+00,2.043076e+01
32.97500,4.838697e+02,1.032575e+02,5.139733e+00,1.387181e+01
32.97600,4.848129e+02,9.771733e+01,5.953037e+00,6.594448e+00
32.97700,4.856787e+02,9.222933e+01,6.700100e+00,-5.212025e-01
32.97800,4.864555e+02,8.694887e+01,7.374407e+00,-7.366080e+00
32.97900,4.871061e+02,8.119060e+01,7.953900e+00,-1.452816e+01
32.98000,4.876411e+02,7.481573e+01,8.448080e+00,-2.214561e+01
32.98100,4.880396e+02,6.903180e+01,8.816540e+00,-2.911258e+01
32.98200,4.883452e+02,6.261693e+01,9.126280e+00,-3.655169e+01
32.98300,4.884832e+02,5.646230e+01,9.304100e+00,-4.361045e+01
32.98400,4.884983e+02,5.027481e+01,9.377760e+00,-5.060686e+01
32.98500,4.883818e+02,4.418434e+01,9.343687e+00,-5.738125e+01
32.98600,4.881313e+02,3.808213e+01,9.209353e+00,-6.403351e+01
32.98700,4.877365e+02,3.211581e+01,8.958367e+00,-7.044713e+01
32.98800,4.871224e+02,2.683022e+01,8.493380e+00,-7.613813e+01
32.98900,4.864606e+02,2.102697e+01,8.019587e+00,-8.214407e+01
32.99000,4.856657e+02,1.503015e+01,7.433900e+00,-8.822673e+01
32.99100,4.847363e+02,9.513507e+00,6.726600e+00,-9.372600e+01
32.99200,4.836729e+02,4.047267e+00,5.896875e+00,-9.906433e+01
32.99300,4.824439e+02,-7.748327e-01,4.915201e+00,-1.036893e+02
32.99400,4.812440e+02,-6.545339e+00,3.978513e+00,-1.090302e+02
32.99500,4.798643e+02,-1.139571e+01,2.852569e+00,-1.134237e+02
32.99600,4.783925e+02,-1.622851e+01,1.654976e+00,-1.176843e+02
32.99700,4.768867e+02,-2.112309e+01,4.194183e-01,-1.218459e+02
32.99800,4.753033e+02,-2.583631e+01,-8.944047e-01,-1.257091e+02
32.99900,4.737030e+02,-3.075360e+01,-2.236087e+00,-1.296449e+02
33.00000,4.719589e+02,-3.492044e+01,-3.704172e+00,-1.327779e+02
