/*--------------------------------*- C++ -*----------------------------------*\
| =========                 |                                                 |
| \\      /  F ield         | foam-extend: Open Source CFD                    |
|  \\    /   O peration     | Version:     4.1                                |
|   \\  /    A nd           | Web:         http://www.foam-extend.org         |
|    \\/     M anipulation  |                                                 |
\*---------------------------------------------------------------------------*/
FoamFile
{
    version     2.0;
    format      ascii;
    class       pointVectorField;
    location    "0.192";
    object      pointDD;
}
// * * * * * * * * * * * * * * * * * * * * * * * * * * * * * * * * * * * * * //

dimensions      [0 1 0 0 0 0 0];

internalField   nonuniform List<vector> 
6561
(
(0 0 0)
(1.06561e-09 7.23746e-10 6.51541e-10)
(1.61329e-09 9.45415e-10 1.03518e-09)
(2.26937e-09 1.06927e-09 1.60342e-09)
(2.94296e-09 1.14606e-09 2.40149e-09)
(3.59847e-09 1.18983e-09 3.42319e-09)
(4.2223e-09 1.21344e-09 4.66316e-09)
(4.80583e-09 1.22414e-09 6.11566e-09)
(5.34237e-09 1.22629e-09 7.77484e-09)
(5.82638e-09 1.22263e-09 9.63482e-09)
(6.25318e-09 1.21494e-09 1.16898e-08)
(6.61873e-09 1.20437e-09 1.39338e-08)
(6.91959e-09 1.19168e-09 1.63613e-08)
(7.15282e-09 1.1774e-09 1.89666e-08)
(7.31587e-09 1.16187e-09 2.17443e-08)
(7.40662e-09 1.14535e-09 2.46888e-08)
(7.42323e-09 1.128e-09 2.77949e-08)
(7.36422e-09 1.10995e-09 3.10575e-08)
(7.22836e-09 1.09129e-09 3.44713e-08)
(7.01467e-09 1.07209e-09 3.80313e-08)
(6.72246e-09 1.0524e-09 4.17326e-08)
(6.35124e-09 1.03227e-09 4.55703e-08)
(5.90075e-09 1.01173e-09 4.95395e-08)
(5.37092e-09 9.9081e-10 5.36355e-08)
(4.76191e-09 9.69544e-10 5.78538e-08)
(4.07402e-09 9.4796e-10 6.21896e-08)
(3.30775e-09 9.26083e-10 6.66386e-08)
(2.46375e-09 9.03939e-10 7.11963e-08)
(1.54283e-09 8.81554e-10 7.58585e-08)
(5.45918e-10 8.58954e-10 8.06209e-08)
(-5.25911e-10 8.36164e-10 8.54795e-08)
(-1.67147e-09 8.13209e-10 9.04301e-08)
(-2.88946e-09 7.90115e-10 9.54689e-08)
(-4.17849e-09 7.66907e-10 1.00592e-07)
(-5.53707e-09 7.4361e-10 1.05796e-07)
(-6.96362e-09 7.2025e-10 1.11076e-07)
(-8.45651e-09 6.96851e-10 1.1643e-07)
(-1.0014e-08 6.7344e-10 1.21853e-07)
(-1.16344e-08 6.50041e-10 1.27343e-07)
(-1.33158e-08 6.26679e-10 1.32896e-07)
(-1.50563e-08 6.0338e-10 1.38509e-07)
(-1.68542e-08 5.80168e-10 1.44179e-07)
(-1.87073e-08 5.57068e-10 1.49903e-07)
(-2.06138e-08 5.34105e-10 1.55677e-07)
(-2.25717e-08 5.11304e-10 1.61499e-07)
(-2.4579e-08 4.8869e-10 1.67366e-07)
(-2.66337e-08 4.66286e-10 1.73275e-07)
(-2.87338e-08 4.44119e-10 1.79225e-07)
(-3.08773e-08 4.22212e-10 1.85211e-07)
(-3.30621e-08 4.0059e-10 1.91232e-07)
(-3.52864e-08 3.79277e-10 1.97285e-07)
(-3.75481e-08 3.58297e-10 2.03368e-07)
(-3.98453e-08 3.37674e-10 2.09479e-07)
(-4.2176e-08 3.17433e-10 2.15615e-07)
(-4.45384e-08 2.97598e-10 2.21775e-07)
(-4.69305e-08 2.78191e-10 2.27956e-07)
(-4.93505e-08 2.59237e-10 2.34157e-07)
(-5.17967e-08 2.40759e-10 2.40375e-07)
(-5.42671e-08 2.22781e-10 2.46609e-07)
(-5.67602e-08 2.05325e-10 2.52857e-07)
(-5.92741e-08 1.88415e-10 2.59118e-07)
(-6.18073e-08 1.72074e-10 2.65389e-07)
(-6.43582e-08 1.56324e-10 2.7167e-07)
(-6.69251e-08 1.41187e-10 2.77959e-07)
(-6.95067e-08 1.26687e-10 2.84255e-07)
(-7.21014e-08 1.12844e-10 2.90556e-07)
(-7.47078e-08 9.96821e-11 2.96861e-07)
(-7.73246e-08 8.72224e-11 3.03169e-07)
(-7.99506e-08 7.54874e-11 3.0948e-07)
(-8.25845e-08 6.44997e-11 3.15791e-07)
(-8.5225e-08 5.42822e-11 3.22104e-07)
(-8.78712e-08 4.48588e-11 3.28415e-07)
(-9.0522e-08 3.62541e-11 3.34726e-07)
(-9.31764e-08 2.84933e-11 3.41035e-07)
(-9.58334e-08 2.16011e-11 3.47342e-07)
(-9.84922e-08 1.55984e-11 3.53646e-07)
(-1.01152e-07 1.04913e-11 3.59947e-07)
(-1.03812e-07 6.24362e-12 3.66246e-07)
(-1.06472e-07 2.69665e-12 3.72541e-07)
(-1.09131e-07 -3.03588e-13 3.78834e-07)
(-1.11788e-07 -2.72824e-12 3.85124e-07)
(0 0 0)
(8.86231e-10 4.40581e-10 8.21219e-10)
(1.50204e-09 6.51656e-10 1.27312e-09)
(2.18918e-09 7.66341e-10 1.89151e-09)
(2.87325e-09 8.33809e-10 2.72083e-09)
(3.53064e-09 8.72649e-10 3.75995e-09)
(4.15259e-09 8.93913e-10 5.00885e-09)
(4.73247e-09 9.04151e-10 6.46474e-09)
(5.26455e-09 9.07235e-10 8.12357e-09)
(5.74386e-09 9.05551e-10 9.98065e-09)
(6.16604e-09 9.00608e-10 1.20309e-08)
(6.52723e-09 8.93372e-10 1.42692e-08)
(6.82411e-09 8.84471e-10 1.66901e-08)
(7.05375e-09 8.7432e-10 1.92883e-08)
(7.21366e-09 8.63197e-10 2.20586e-08)
(7.30168e-09 8.51292e-10 2.49956e-08)
(7.316e-09 8.38739e-10 2.80941e-08)
(7.25509e-09 8.25633e-10 3.13489e-08)
(7.11772e-09 8.12044e-10 3.47551e-08)
(6.90291e-09 7.98024e-10 3.83075e-08)
(6.60993e-09 7.83616e-10 4.20012e-08)
(6.23829e-09 7.68852e-10 4.58313e-08)
(5.78769e-09 7.5376e-10 4.97931e-08)
(5.25808e-09 7.38367e-10 5.38818e-08)
(4.64956e-09 7.22694e-10 5.80927e-08)
(3.96245e-09 7.06763e-10 6.24214e-08)
(3.19722e-09 6.90594e-10 6.68633e-08)
(2.35451e-09 6.74209e-10 7.1414e-08)
(1.43509e-09 6.57627e-10 7.60693e-08)
(4.39889e-10 6.40868e-10 8.08249e-08)
(-6.30033e-10 6.23951e-10 8.56768e-08)
(-1.77351e-09 6.06897e-10 9.06209e-08)
(-2.98925e-09 5.89725e-10 9.56532e-08)
(-4.27588e-09 5.72455e-10 1.0077e-07)
(-5.63193e-09 5.55107e-10 1.05967e-07)
(-7.05584e-09 5.377e-10 1.11242e-07)
(-8.54597e-09 5.20254e-10 1.16589e-07)
(-1.01006e-08 5.02788e-10 1.22007e-07)
(-1.17181e-08 4.85323e-10 1.27491e-07)
(-1.33965e-08 4.67877e-10 1.33039e-07)
(-1.5134e-08 4.5047e-10 1.38646e-07)
(-1.69287e-08 4.33122e-10 1.4431e-07)
(-1.87787e-08 4.15851e-10 1.50028e-07)
(-2.0682e-08 3.98677e-10 1.55797e-07)
(-2.26368e-08 3.81618e-10 1.61614e-07)
(-2.46409e-08 3.64695e-10 1.67476e-07)
(-2.66924e-08 3.47926e-10 1.7338e-07)
(-2.87893e-08 3.31329e-10 1.79324e-07)
(-3.09297e-08 3.14925e-10 1.85306e-07)
(-3.31114e-08 2.98731e-10 1.91322e-07)
(-3.53326e-08 2.82766e-10 1.97371e-07)
(-3.75913e-08 2.67049e-10 2.03449e-07)
(-3.98855e-08 2.51599e-10 2.09556e-07)
(-4.22133e-08 2.36434e-10 2.15688e-07)
(-4.45728e-08 2.21572e-10 2.21843e-07)
(-4.69622e-08 2.07032e-10 2.2802e-07)
(-4.93795e-08 1.92831e-10 2.34217e-07)
(-5.18231e-08 1.78989e-10 2.40431e-07)
(-5.4291e-08 1.65522e-10 2.46662e-07)
(-5.67816e-08 1.52449e-10 2.52906e-07)
(-5.92932e-08 1.39787e-10 2.59163e-07)
(-6.18242e-08 1.27554e-10 2.65431e-07)
(-6.4373e-08 1.15767e-10 2.71709e-07)
(-6.69379e-08 1.04444e-10 2.77994e-07)
(-6.95176e-08 9.36012e-11 2.84287e-07)
(-7.21105e-08 8.32568e-11 2.90585e-07)
(-7.47153e-08 7.34275e-11 2.96887e-07)
(-7.73306e-08 6.41305e-11 3.03193e-07)
(-7.99551e-08 5.53832e-11 3.09501e-07)
(-8.25877e-08 4.72034e-11 3.1581e-07)
(-8.52272e-08 3.96097e-11 3.2212e-07)
(-8.78724e-08 3.26212e-11 3.28429e-07)
(-9.05223e-08 2.6258e-11 3.34738e-07)
(-9.31759e-08 2.05411e-11 3.41045e-07)
(-9.58323e-08 1.54905e-11 3.4735e-07)
(-9.84906e-08 1.1122e-11 3.53652e-07)
(-1.0115e-07 7.43714e-12 3.59952e-07)
(-1.0381e-07 4.39739e-12 3.6625e-07)
(-1.0647e-07 1.88957e-12 3.72544e-07)
(-1.09128e-07 -2.26513e-13 3.78836e-07)
(-1.11785e-07 -2.0985e-12 3.85127e-07)
(0 0 0)
(8.84773e-10 2.51151e-10 9.78053e-10)
(1.46553e-09 3.92187e-10 1.45474e-09)
(2.14769e-09 4.7342e-10 2.08404e-09)
(2.83089e-09 5.23254e-10 2.92487e-09)
(3.48628e-09 5.53027e-10 3.9726e-09)
(4.10532e-09 5.69987e-10 5.22716e-09)
(4.68177e-09 5.7881e-10 6.68612e-09)
(5.2102e-09 5.82369e-10 8.34587e-09)
(5.68585e-09 5.82444e-10 1.02022e-08)
(6.1045e-09 5.8016e-10 1.22504e-08)
(6.46243e-09 5.76228e-10 1.44858e-08)
(6.75632e-09 5.71106e-10 1.69031e-08)
(6.9833e-09 5.65093e-10 1.94973e-08)
(7.14086e-09 5.58387e-10 2.22632e-08)
(7.22685e-09 5.51125e-10 2.51957e-08)
(7.23943e-09 5.434e-10 2.82895e-08)
(7.17708e-09 5.3528e-10 3.15397e-08)
(7.03853e-09 5.26813e-10 3.49411e-08)
(6.82282e-09 5.18037e-10 3.84887e-08)
(6.52918e-09 5.08981e-10 4.21776e-08)
(6.15712e-09 4.99668e-10 4.6003e-08)
(5.70634e-09 4.90119e-10 4.996e-08)
(5.17675e-09 4.80349e-10 5.4044e-08)
(4.56847e-09 4.70376e-10 5.82503e-08)
(3.8818e-09 4.60214e-10 6.25743e-08)
(3.11718e-09 4.49877e-10 6.70116e-08)
(2.27526e-09 4.3938e-10 7.15579e-08)
(1.3568e-09 4.28735e-10 7.62087e-08)
(3.62708e-10 4.17958e-10 8.09599e-08)
(-7.05964e-10 4.07061e-10 8.58074e-08)
(-1.84806e-09 3.96059e-10 9.07471e-08)
(-3.0623e-09 3.84964e-10 9.57751e-08)
(-4.34732e-09 3.73791e-10 1.00888e-07)
(-5.70165e-09 3.62553e-10 1.06081e-07)
(-7.12375e-09 3.51263e-10 1.11351e-07)
(-8.61199e-09 3.39936e-10 1.16695e-07)
(-1.01647e-08 3.28585e-10 1.22109e-07)
(-1.17801e-08 3.17222e-10 1.27589e-07)
(-1.34564e-08 3.05862e-10 1.33132e-07)
(-1.51918e-08 2.94519e-10 1.38736e-07)
(-1.69843e-08 2.83204e-10 1.44397e-07)
(-1.88322e-08 2.71932e-10 1.50111e-07)
(-2.07333e-08 2.60716e-10 1.55876e-07)
(-2.26858e-08 2.49568e-10 1.6169e-07)
(-2.46877e-08 2.38503e-10 1.67548e-07)
(-2.67369e-08 2.27532e-10 1.73449e-07)
(-2.88316e-08 2.1667e-10 1.7939e-07)
(-3.09697e-08 2.05928e-10 1.85368e-07)
(-3.31492e-08 1.9532e-10 1.91381e-07)
(-3.53682e-08 1.84858e-10 1.97427e-07)
(-3.76248e-08 1.74556e-10 2.03502e-07)
(-3.99168e-08 1.64426e-10 2.09606e-07)
(-4.22425e-08 1.5448e-10 2.15735e-07)
(-4.46e-08 1.44731e-10 2.21888e-07)
(-4.69873e-08 1.35191e-10 2.28062e-07)
(-4.94027e-08 1.25874e-10 2.34256e-07)
(-5.18443e-08 1.16791e-10 2.40467e-07)
(-5.43104e-08 1.07953e-10 2.46695e-07)
(-5.67992e-08 9.93749e-11 2.52937e-07)
(-5.93091e-08 9.10669e-11 2.59192e-07)
(-6.18385e-08 8.30413e-11 2.65458e-07)
(-6.43856e-08 7.531e-11 2.71733e-07)
(-6.69491e-08 6.78849e-11 2.78016e-07)
(-6.95273e-08 6.07775e-11 2.84307e-07)
(-7.21189e-08 5.39996e-11 2.90603e-07)
(-7.47224e-08 4.75628e-11 2.96903e-07)
(-7.73365e-08 4.14791e-11 3.03207e-07)
(-7.996e-08 3.57602e-11 3.09513e-07)
(-8.25915e-08 3.04185e-11 3.15821e-07)
(-8.52301e-08 2.54667e-11 3.22129e-07)
(-8.78744e-08 2.09183e-11 3.28437e-07)
(-9.05236e-08 1.67873e-11 3.34744e-07)
(-9.31765e-08 1.30876e-11 3.4105e-07)
(-9.58323e-08 9.83233e-12 3.47354e-07)
(-9.84902e-08 7.02998e-12 3.53656e-07)
(-1.01149e-07 4.67786e-12 3.59955e-07)
(-1.03809e-07 2.74728e-12 3.66252e-07)
(-1.06468e-07 1.16816e-12 3.72546e-07)
(-1.09127e-07 -1.55315e-13 3.78838e-07)
(-1.11784e-07 -1.34695e-12 3.85128e-07)
(0 0 0)
(8.94937e-10 1.12867e-10 1.05818e-09)
(1.45312e-09 1.83207e-10 1.5597e-09)
(2.1275e-09 2.2557e-10 2.19437e-09)
(2.80775e-09 2.52117e-10 3.03967e-09)
(3.46104e-09 2.68366e-10 4.09115e-09)
(4.078e-09 2.77878e-10 5.34867e-09)
(4.65226e-09 2.83038e-10 6.80958e-09)
(5.17843e-09 2.85367e-10 8.47023e-09)
(5.65186e-09 2.85823e-10 1.03265e-08)
(6.0684e-09 2.85014e-10 1.2374e-08)
(6.42434e-09 2.83325e-10 1.46079e-08)
(6.71644e-09 2.81003e-10 1.70234e-08)
(6.94181e-09 2.7821e-10 1.96155e-08)
(7.09796e-09 2.75052e-10 2.23791e-08)
(7.18271e-09 2.71602e-10 2.5309e-08)
(7.19425e-09 2.67909e-10 2.84003e-08)
(7.13102e-09 2.6401e-10 3.16478e-08)
(6.99176e-09 2.59929e-10 3.50465e-08)
(6.77549e-09 2.55688e-10 3.85914e-08)
(6.48145e-09 2.51301e-10 4.22777e-08)
(6.10912e-09 2.4678e-10 4.61003e-08)
(5.65821e-09 2.42135e-10 5.00547e-08)
(5.12863e-09 2.37376e-10 5.4136e-08)
(4.52047e-09 2.32511e-10 5.83396e-08)
(3.83403e-09 2.27547e-10 6.26609e-08)
(3.06976e-09 2.22491e-10 6.70956e-08)
(2.22829e-09 2.17351e-10 7.16392e-08)
(1.31037e-09 2.12134e-10 7.62875e-08)
(3.16923e-10 2.06845e-10 8.10362e-08)
(-7.51026e-10 2.01494e-10 8.58811e-08)
(-1.89232e-09 1.96085e-10 9.08184e-08)
(-3.10569e-09 1.90627e-10 9.5844e-08)
(-4.38977e-09 1.85126e-10 1.00954e-07)
(-5.7431e-09 1.79589e-10 1.06145e-07)
(-7.16414e-09 1.74023e-10 1.11413e-07)
(-8.65128e-09 1.68435e-10 1.16754e-07)
(-1.02028e-08 1.62832e-10 1.22166e-07)
(-1.18171e-08 1.5722e-10 1.27644e-07)
(-1.34921e-08 1.51607e-10 1.33185e-07)
(-1.52263e-08 1.45999e-10 1.38787e-07)
(-1.70176e-08 1.40403e-10 1.44445e-07)
(-1.88641e-08 1.34825e-10 1.50157e-07)
(-2.07639e-08 1.29273e-10 1.55921e-07)
(-2.27151e-08 1.23753e-10 1.61732e-07)
(-2.47156e-08 1.18272e-10 1.67588e-07)
(-2.67636e-08 1.12836e-10 1.73488e-07)
(-2.88569e-08 1.07452e-10 1.79427e-07)
(-3.09937e-08 1.02126e-10 1.85403e-07)
(-3.31719e-08 9.68659e-11 1.91414e-07)
(-3.53897e-08 9.16768e-11 1.97458e-07)
(-3.76449e-08 8.65657e-11 2.03532e-07)
(-3.99357e-08 8.15389e-11 2.09633e-07)
(-4.22601e-08 7.66029e-11 2.15761e-07)
(-4.46164e-08 7.1764e-11 2.21912e-07)
(-4.70025e-08 6.70285e-11 2.28085e-07)
(-4.94167e-08 6.24027e-11 2.34277e-07)
(-5.18572e-08 5.78928e-11 2.40487e-07)
(-5.43222e-08 5.3505e-11 2.46714e-07)
(-5.681e-08 4.92454e-11 2.52954e-07)
(-5.93189e-08 4.51202e-11 2.59207e-07)
(-6.18472e-08 4.11353e-11 2.65472e-07)
(-6.43934e-08 3.72968e-11 2.71746e-07)
(-6.6956e-08 3.36106e-11 2.78028e-07)
(-6.95333e-08 3.00827e-11 2.84317e-07)
(-7.21241e-08 2.67189e-11 2.90612e-07)
(-7.47268e-08 2.35252e-11 2.96912e-07)
(-7.73403e-08 2.05076e-11 3.03215e-07)
(-7.99631e-08 1.76721e-11 3.0952e-07)
(-8.2594e-08 1.50251e-11 3.15827e-07)
(-8.5232e-08 1.25731e-11 3.22134e-07)
(-8.78758e-08 1.03228e-11 3.28441e-07)
(-9.05245e-08 8.28157e-12 3.34748e-07)
(-9.3177e-08 6.45633e-12 3.41053e-07)
(-9.58325e-08 4.85341e-12 3.47357e-07)
(-9.849e-08 3.47648e-12 3.53658e-07)
(-1.01149e-07 2.32295e-12 3.59957e-07)
(-1.03808e-07 1.3774e-12 3.66253e-07)
(-1.06467e-07 6.07401e-13 3.72547e-07)
(-1.09126e-07 -3.13309e-14 3.78839e-07)
(-1.11783e-07 -6.0443e-13 3.8513e-07)
(0 0 0)
(8.98646e-10 -4.38082e-19 1.0815e-09)
(1.45045e-09 -8.55579e-19 1.59149e-09)
(2.12199e-09 -1.25255e-18 2.22903e-09)
(2.80076e-09 -1.66783e-18 3.07623e-09)
(3.45305e-09 -2.09935e-18 4.12907e-09)
(4.06917e-09 -2.54635e-18 5.38762e-09)
(4.64264e-09 -3.00928e-18 6.84923e-09)
(5.16803e-09 -3.49865e-18 8.51026e-09)
(5.64071e-09 -4.00728e-18 1.03666e-08)
(6.05652e-09 -4.52285e-18 1.24139e-08)
(6.41181e-09 -5.07547e-18 1.46474e-08)
(6.7033e-09 -5.68717e-18 1.70624e-08)
(6.92813e-09 -6.32268e-18 1.96538e-08)
(7.0838e-09 -7.00816e-18 2.24167e-08)
(7.16814e-09 -7.75265e-18 2.53459e-08)
(7.17933e-09 -8.37953e-18 2.84363e-08)
(7.1158e-09 -8.8764e-18 3.1683e-08)
(6.97631e-09 -9.4647e-18 3.50808e-08)
(6.75984e-09 -1.02117e-17 3.86248e-08)
(6.46566e-09 -1.10173e-17 4.23102e-08)
(6.09324e-09 -1.18128e-17 4.6132e-08)
(5.64229e-09 -1.26019e-17 5.00854e-08)
(5.1127e-09 -1.3405e-17 5.41659e-08)
(4.50458e-09 -1.42405e-17 5.83686e-08)
(3.81821e-09 -1.51149e-17 6.26891e-08)
(3.05406e-09 -1.6023e-17 6.7123e-08)
(2.21272e-09 -1.69575e-17 7.16657e-08)
(1.29499e-09 -1.79102e-17 7.63131e-08)
(3.01742e-10 -1.88651e-17 8.1061e-08)
(-7.65972e-10 -1.97965e-17 8.59051e-08)
(-1.907e-09 -2.06901e-17 9.08416e-08)
(-3.12009e-09 -2.15719e-17 9.58664e-08)
(-4.40386e-09 -2.24932e-17 1.00976e-07)
(-5.75686e-09 -2.34373e-17 1.06166e-07)
(-7.17756e-09 -2.43603e-17 1.11433e-07)
(-8.66434e-09 -2.53295e-17 1.16774e-07)
(-1.02155e-08 -2.64087e-17 1.22184e-07)
(-1.18293e-08 -2.74606e-17 1.27662e-07)
(-1.3504e-08 -2.85734e-17 1.33202e-07)
(-1.52378e-08 -3.00332e-17 1.38803e-07)
(-1.70286e-08 -3.15316e-17 1.44461e-07)
(-1.88747e-08 -3.17669e-17 1.50172e-07)
(-2.07741e-08 -3.10784e-17 1.55935e-07)
(-2.27249e-08 -3.17287e-17 1.61746e-07)
(-2.4725e-08 -3.36037e-17 1.67601e-07)
(-2.67725e-08 -3.5318e-17 1.735e-07)
(-2.88654e-08 -3.67806e-17 1.79438e-07)
(-3.10017e-08 -3.8288e-17 1.85414e-07)
(-3.31795e-08 -3.98978e-17 1.91425e-07)
(-3.53968e-08 -4.1417e-17 1.97468e-07)
(-3.76516e-08 -4.27887e-17 2.03541e-07)
(-3.9942e-08 -4.42878e-17 2.09642e-07)
(-4.2266e-08 -4.61319e-17 2.15769e-07)
(-4.46219e-08 -4.8157e-17 2.2192e-07)
(-4.70076e-08 -5.01471e-17 2.28092e-07)
(-4.94215e-08 -5.21255e-17 2.34284e-07)
(-5.18616e-08 -5.41561e-17 2.40494e-07)
(-5.43262e-08 -5.61566e-17 2.46719e-07)
(-5.68136e-08 -5.78372e-17 2.5296e-07)
(-5.93222e-08 -5.91998e-17 2.59212e-07)
(-6.18502e-08 -6.05799e-17 2.65476e-07)
(-6.43961e-08 -6.19627e-17 2.7175e-07)
(-6.69583e-08 -6.31713e-17 2.78032e-07)
(-6.95354e-08 -6.4463e-17 2.84321e-07)
(-7.21259e-08 -6.62043e-17 2.90615e-07)
(-7.47284e-08 -6.8192e-17 2.96914e-07)
(-7.73416e-08 -6.98688e-17 3.03217e-07)
(-7.99641e-08 -7.11313e-17 3.09522e-07)
(-8.25949e-08 -7.29847e-17 3.15828e-07)
(-8.52327e-08 -7.72987e-17 3.22136e-07)
(-8.78763e-08 -8.29223e-17 3.28443e-07)
(-9.05249e-08 -8.63538e-17 3.34749e-07)
(-9.31772e-08 -8.79135e-17 3.41054e-07)
(-9.58326e-08 -8.93136e-17 3.47357e-07)
(-9.849e-08 -8.99158e-17 3.53659e-07)
(-1.01149e-07 -8.8226e-17 3.59957e-07)
(-1.03808e-07 -8.61074e-17 3.66254e-07)
(-1.06467e-07 -8.96033e-17 3.72548e-07)
(-1.09125e-07 -1.01009e-16 3.7884e-07)
(-1.11782e-07 -1.12632e-16 3.8513e-07)
(0 0 0)
(8.94937e-10 -1.12867e-10 1.05818e-09)
(1.45312e-09 -1.83207e-10 1.5597e-09)
(2.1275e-09 -2.2557e-10 2.19437e-09)
(2.80775e-09 -2.52117e-10 3.03967e-09)
(3.46104e-09 -2.68366e-10 4.09115e-09)
(4.078e-09 -2.77878e-10 5.34867e-09)
(4.65226e-09 -2.83038e-10 6.80958e-09)
(5.17843e-09 -2.85367e-10 8.47023e-09)
(5.65186e-09 -2.85823e-10 1.03265e-08)
(6.0684e-09 -2.85014e-10 1.2374e-08)
(6.42434e-09 -2.83325e-10 1.46079e-08)
(6.71644e-09 -2.81003e-10 1.70234e-08)
(6.94181e-09 -2.7821e-10 1.96155e-08)
(7.09796e-09 -2.75052e-10 2.23791e-08)
(7.18271e-09 -2.71602e-10 2.5309e-08)
(7.19425e-09 -2.67909e-10 2.84003e-08)
(7.13102e-09 -2.6401e-10 3.16478e-08)
(6.99176e-09 -2.59929e-10 3.50465e-08)
(6.77549e-09 -2.55688e-10 3.85914e-08)
(6.48145e-09 -2.51301e-10 4.22777e-08)
(6.10912e-09 -2.4678e-10 4.61003e-08)
(5.65821e-09 -2.42135e-10 5.00547e-08)
(5.12863e-09 -2.37376e-10 5.4136e-08)
(4.52047e-09 -2.32511e-10 5.83396e-08)
(3.83403e-09 -2.27547e-10 6.26609e-08)
(3.06976e-09 -2.22491e-10 6.70956e-08)
(2.22829e-09 -2.17351e-10 7.16392e-08)
(1.31037e-09 -2.12134e-10 7.62875e-08)
(3.16923e-10 -2.06845e-10 8.10362e-08)
(-7.51026e-10 -2.01494e-10 8.58811e-08)
(-1.89232e-09 -1.96085e-10 9.08184e-08)
(-3.10569e-09 -1.90627e-10 9.5844e-08)
(-4.38977e-09 -1.85126e-10 1.00954e-07)
(-5.7431e-09 -1.79589e-10 1.06145e-07)
(-7.16414e-09 -1.74023e-10 1.11413e-07)
(-8.65128e-09 -1.68435e-10 1.16754e-07)
(-1.02028e-08 -1.62832e-10 1.22166e-07)
(-1.18171e-08 -1.5722e-10 1.27644e-07)
(-1.34921e-08 -1.51607e-10 1.33185e-07)
(-1.52263e-08 -1.45999e-10 1.38787e-07)
(-1.70176e-08 -1.40403e-10 1.44445e-07)
(-1.88641e-08 -1.34825e-10 1.50157e-07)
(-2.07639e-08 -1.29273e-10 1.55921e-07)
(-2.27151e-08 -1.23753e-10 1.61732e-07)
(-2.47156e-08 -1.18272e-10 1.67588e-07)
(-2.67636e-08 -1.12836e-10 1.73488e-07)
(-2.88569e-08 -1.07452e-10 1.79427e-07)
(-3.09937e-08 -1.02127e-10 1.85403e-07)
(-3.31719e-08 -9.6866e-11 1.91414e-07)
(-3.53897e-08 -9.16769e-11 1.97458e-07)
(-3.76449e-08 -8.65658e-11 2.03532e-07)
(-3.99357e-08 -8.1539e-11 2.09633e-07)
(-4.22601e-08 -7.6603e-11 2.15761e-07)
(-4.46164e-08 -7.17641e-11 2.21912e-07)
(-4.70025e-08 -6.70286e-11 2.28085e-07)
(-4.94167e-08 -6.24028e-11 2.34277e-07)
(-5.18572e-08 -5.78929e-11 2.40487e-07)
(-5.43222e-08 -5.35051e-11 2.46714e-07)
(-5.681e-08 -4.92456e-11 2.52954e-07)
(-5.93189e-08 -4.51203e-11 2.59207e-07)
(-6.18472e-08 -4.11355e-11 2.65472e-07)
(-6.43934e-08 -3.72969e-11 2.71746e-07)
(-6.6956e-08 -3.36108e-11 2.78028e-07)
(-6.95333e-08 -3.00828e-11 2.84317e-07)
(-7.21241e-08 -2.6719e-11 2.90612e-07)
(-7.47268e-08 -2.35253e-11 2.96912e-07)
(-7.73403e-08 -2.05077e-11 3.03215e-07)
(-7.99631e-08 -1.76723e-11 3.0952e-07)
(-8.2594e-08 -1.50253e-11 3.15827e-07)
(-8.5232e-08 -1.25732e-11 3.22134e-07)
(-8.78758e-08 -1.0323e-11 3.28441e-07)
(-9.05245e-08 -8.28174e-12 3.34748e-07)
(-9.3177e-08 -6.45651e-12 3.41053e-07)
(-9.58325e-08 -4.85359e-12 3.47357e-07)
(-9.849e-08 -3.47666e-12 3.53658e-07)
(-1.01149e-07 -2.32313e-12 3.59957e-07)
(-1.03808e-07 -1.37758e-12 3.66253e-07)
(-1.06467e-07 -6.07584e-13 3.72547e-07)
(-1.09126e-07 3.11333e-14 3.78839e-07)
(-1.11783e-07 6.04217e-13 3.8513e-07)
(0 0 0)
(8.84773e-10 -2.51151e-10 9.78053e-10)
(1.46553e-09 -3.92187e-10 1.45474e-09)
(2.14769e-09 -4.7342e-10 2.08404e-09)
(2.83089e-09 -5.23254e-10 2.92487e-09)
(3.48628e-09 -5.53027e-10 3.9726e-09)
(4.10532e-09 -5.69987e-10 5.22716e-09)
(4.68177e-09 -5.7881e-10 6.68612e-09)
(5.2102e-09 -5.82369e-10 8.34587e-09)
(5.68585e-09 -5.82444e-10 1.02022e-08)
(6.1045e-09 -5.8016e-10 1.22504e-08)
(6.46243e-09 -5.76228e-10 1.44858e-08)
(6.75632e-09 -5.71106e-10 1.69031e-08)
(6.9833e-09 -5.65093e-10 1.94973e-08)
(7.14086e-09 -5.58387e-10 2.22632e-08)
(7.22685e-09 -5.51125e-10 2.51957e-08)
(7.23943e-09 -5.434e-10 2.82895e-08)
(7.17708e-09 -5.3528e-10 3.15397e-08)
(7.03853e-09 -5.26813e-10 3.49411e-08)
(6.82282e-09 -5.18038e-10 3.84887e-08)
(6.52918e-09 -5.08981e-10 4.21776e-08)
(6.15712e-09 -4.99669e-10 4.6003e-08)
(5.70634e-09 -4.90119e-10 4.996e-08)
(5.17675e-09 -4.80349e-10 5.4044e-08)
(4.56847e-09 -4.70376e-10 5.82503e-08)
(3.8818e-09 -4.60214e-10 6.25743e-08)
(3.11718e-09 -4.49877e-10 6.70116e-08)
(2.27526e-09 -4.3938e-10 7.15579e-08)
(1.3568e-09 -4.28736e-10 7.62087e-08)
(3.62708e-10 -4.17958e-10 8.09599e-08)
(-7.05964e-10 -4.07061e-10 8.58074e-08)
(-1.84806e-09 -3.96059e-10 9.07471e-08)
(-3.0623e-09 -3.84964e-10 9.57751e-08)
(-4.34732e-09 -3.73791e-10 1.00888e-07)
(-5.70165e-09 -3.62553e-10 1.06081e-07)
(-7.12375e-09 -3.51263e-10 1.11351e-07)
(-8.61199e-09 -3.39936e-10 1.16695e-07)
(-1.01647e-08 -3.28585e-10 1.22109e-07)
(-1.17801e-08 -3.17222e-10 1.27589e-07)
(-1.34564e-08 -3.05863e-10 1.33132e-07)
(-1.51918e-08 -2.94519e-10 1.38736e-07)
(-1.69843e-08 -2.83204e-10 1.44397e-07)
(-1.88322e-08 -2.71932e-10 1.50111e-07)
(-2.07333e-08 -2.60716e-10 1.55876e-07)
(-2.26858e-08 -2.49568e-10 1.6169e-07)
(-2.46877e-08 -2.38503e-10 1.67548e-07)
(-2.67369e-08 -2.27532e-10 1.73449e-07)
(-2.88316e-08 -2.1667e-10 1.7939e-07)
(-3.09697e-08 -2.05928e-10 1.85368e-07)
(-3.31492e-08 -1.9532e-10 1.91381e-07)
(-3.53682e-08 -1.84859e-10 1.97427e-07)
(-3.76248e-08 -1.74556e-10 2.03502e-07)
(-3.99168e-08 -1.64426e-10 2.09606e-07)
(-4.22425e-08 -1.5448e-10 2.15735e-07)
(-4.46e-08 -1.44731e-10 2.21888e-07)
(-4.69873e-08 -1.35192e-10 2.28062e-07)
(-4.94027e-08 -1.25874e-10 2.34256e-07)
(-5.18443e-08 -1.16791e-10 2.40467e-07)
(-5.43104e-08 -1.07954e-10 2.46695e-07)
(-5.67992e-08 -9.93751e-11 2.52937e-07)
(-5.93091e-08 -9.1067e-11 2.59192e-07)
(-6.18385e-08 -8.30414e-11 2.65458e-07)
(-6.43856e-08 -7.53102e-11 2.71733e-07)
(-6.69491e-08 -6.7885e-11 2.78016e-07)
(-6.95273e-08 -6.07776e-11 2.84307e-07)
(-7.21189e-08 -5.39997e-11 2.90603e-07)
(-7.47224e-08 -4.7563e-11 2.96903e-07)
(-7.73365e-08 -4.14792e-11 3.03207e-07)
(-7.996e-08 -3.57603e-11 3.09513e-07)
(-8.25915e-08 -3.04186e-11 3.15821e-07)
(-8.52301e-08 -2.54669e-11 3.22129e-07)
(-8.78744e-08 -2.09185e-11 3.28437e-07)
(-9.05236e-08 -1.67874e-11 3.34744e-07)
(-9.31765e-08 -1.30878e-11 3.4105e-07)
(-9.58323e-08 -9.83251e-12 3.47354e-07)
(-9.84902e-08 -7.03016e-12 3.53656e-07)
(-1.01149e-07 -4.67804e-12 3.59955e-07)
(-1.03809e-07 -2.74747e-12 3.66252e-07)
(-1.06468e-07 -1.16835e-12 3.72546e-07)
(-1.09127e-07 1.55126e-13 3.78838e-07)
(-1.11784e-07 1.34677e-12 3.85128e-07)
(0 0 0)
(8.86231e-10 -4.40581e-10 8.21219e-10)
(1.50204e-09 -6.51656e-10 1.27312e-09)
(2.18918e-09 -7.66341e-10 1.89151e-09)
(2.87325e-09 -8.33809e-10 2.72083e-09)
(3.53064e-09 -8.72649e-10 3.75995e-09)
(4.15259e-09 -8.93913e-10 5.00885e-09)
(4.73247e-09 -9.04151e-10 6.46474e-09)
(5.26455e-09 -9.07235e-10 8.12357e-09)
(5.74386e-09 -9.05551e-10 9.98065e-09)
(6.16604e-09 -9.00608e-10 1.20309e-08)
(6.52723e-09 -8.93372e-10 1.42692e-08)
(6.82411e-09 -8.84471e-10 1.66901e-08)
(7.05375e-09 -8.7432e-10 1.92883e-08)
(7.21366e-09 -8.63197e-10 2.20586e-08)
(7.30168e-09 -8.51292e-10 2.49956e-08)
(7.316e-09 -8.38739e-10 2.80941e-08)
(7.25509e-09 -8.25633e-10 3.13489e-08)
(7.11772e-09 -8.12044e-10 3.47551e-08)
(6.90291e-09 -7.98024e-10 3.83075e-08)
(6.60993e-09 -7.83616e-10 4.20012e-08)
(6.23829e-09 -7.68852e-10 4.58313e-08)
(5.78769e-09 -7.53761e-10 4.97931e-08)
(5.25808e-09 -7.38367e-10 5.38818e-08)
(4.64956e-09 -7.22694e-10 5.80927e-08)
(3.96245e-09 -7.06763e-10 6.24214e-08)
(3.19722e-09 -6.90595e-10 6.68633e-08)
(2.35451e-09 -6.74209e-10 7.1414e-08)
(1.43509e-09 -6.57627e-10 7.60693e-08)
(4.39889e-10 -6.40868e-10 8.08249e-08)
(-6.30033e-10 -6.23951e-10 8.56768e-08)
(-1.77351e-09 -6.06897e-10 9.06209e-08)
(-2.98925e-09 -5.89725e-10 9.56532e-08)
(-4.27588e-09 -5.72455e-10 1.0077e-07)
(-5.63193e-09 -5.55107e-10 1.05967e-07)
(-7.05584e-09 -5.377e-10 1.11242e-07)
(-8.54597e-09 -5.20254e-10 1.16589e-07)
(-1.01006e-08 -5.02788e-10 1.22007e-07)
(-1.17181e-08 -4.85323e-10 1.27491e-07)
(-1.33965e-08 -4.67877e-10 1.33039e-07)
(-1.5134e-08 -4.5047e-10 1.38646e-07)
(-1.69287e-08 -4.33122e-10 1.4431e-07)
(-1.87787e-08 -4.15851e-10 1.50028e-07)
(-2.0682e-08 -3.98677e-10 1.55797e-07)
(-2.26368e-08 -3.81618e-10 1.61614e-07)
(-2.46409e-08 -3.64695e-10 1.67476e-07)
(-2.66924e-08 -3.47926e-10 1.7338e-07)
(-2.87893e-08 -3.31329e-10 1.79324e-07)
(-3.09297e-08 -3.14925e-10 1.85306e-07)
(-3.31114e-08 -2.98731e-10 1.91322e-07)
(-3.53326e-08 -2.82766e-10 1.97371e-07)
(-3.75913e-08 -2.6705e-10 2.03449e-07)
(-3.98855e-08 -2.51599e-10 2.09556e-07)
(-4.22133e-08 -2.36434e-10 2.15688e-07)
(-4.45728e-08 -2.21572e-10 2.21843e-07)
(-4.69622e-08 -2.07032e-10 2.2802e-07)
(-4.93795e-08 -1.92832e-10 2.34217e-07)
(-5.18231e-08 -1.78989e-10 2.40431e-07)
(-5.4291e-08 -1.65522e-10 2.46662e-07)
(-5.67816e-08 -1.52449e-10 2.52906e-07)
(-5.92932e-08 -1.39787e-10 2.59163e-07)
(-6.18242e-08 -1.27554e-10 2.65431e-07)
(-6.4373e-08 -1.15767e-10 2.71709e-07)
(-6.69379e-08 -1.04444e-10 2.77994e-07)
(-6.95176e-08 -9.36014e-11 2.84287e-07)
(-7.21105e-08 -8.32569e-11 2.90585e-07)
(-7.47153e-08 -7.34276e-11 2.96887e-07)
(-7.73306e-08 -6.41306e-11 3.03193e-07)
(-7.99551e-08 -5.53833e-11 3.09501e-07)
(-8.25877e-08 -4.72036e-11 3.1581e-07)
(-8.52272e-08 -3.96098e-11 3.2212e-07)
(-8.78724e-08 -3.26213e-11 3.28429e-07)
(-9.05223e-08 -2.62582e-11 3.34738e-07)
(-9.31759e-08 -2.05413e-11 3.41045e-07)
(-9.58323e-08 -1.54906e-11 3.4735e-07)
(-9.84906e-08 -1.11222e-11 3.53652e-07)
(-1.0115e-07 -7.43734e-12 3.59952e-07)
(-1.0381e-07 -4.39758e-12 3.6625e-07)
(-1.0647e-07 -1.88976e-12 3.72544e-07)
(-1.09128e-07 2.26333e-13 3.78836e-07)
(-1.11785e-07 2.09834e-12 3.85127e-07)
(0 0 0)
(1.06561e-09 -7.23746e-10 6.51541e-10)
(1.61329e-09 -9.45415e-10 1.03518e-09)
(2.26937e-09 -1.06927e-09 1.60342e-09)
(2.94296e-09 -1.14606e-09 2.40149e-09)
(3.59847e-09 -1.18983e-09 3.42319e-09)
(4.2223e-09 -1.21344e-09 4.66316e-09)
(4.80583e-09 -1.22414e-09 6.11566e-09)
(5.34237e-09 -1.22629e-09 7.77484e-09)
(5.82638e-09 -1.22263e-09 9.63482e-09)
(6.25318e-09 -1.21494e-09 1.16898e-08)
(6.61873e-09 -1.20437e-09 1.39338e-08)
(6.91959e-09 -1.19168e-09 1.63613e-08)
(7.15282e-09 -1.1774e-09 1.89666e-08)
(7.31587e-09 -1.16187e-09 2.17443e-08)
(7.40662e-09 -1.14535e-09 2.46888e-08)
(7.42323e-09 -1.128e-09 2.77949e-08)
(7.36422e-09 -1.10995e-09 3.10575e-08)
(7.22836e-09 -1.09129e-09 3.44713e-08)
(7.01467e-09 -1.07209e-09 3.80313e-08)
(6.72246e-09 -1.0524e-09 4.17326e-08)
(6.35124e-09 -1.03227e-09 4.55703e-08)
(5.90075e-09 -1.01173e-09 4.95395e-08)
(5.37092e-09 -9.9081e-10 5.36355e-08)
(4.76191e-09 -9.69544e-10 5.78538e-08)
(4.07402e-09 -9.4796e-10 6.21896e-08)
(3.30775e-09 -9.26083e-10 6.66386e-08)
(2.46375e-09 -9.03939e-10 7.11963e-08)
(1.54283e-09 -8.81554e-10 7.58585e-08)
(5.45918e-10 -8.58954e-10 8.06209e-08)
(-5.25911e-10 -8.36164e-10 8.54795e-08)
(-1.67147e-09 -8.13209e-10 9.04301e-08)
(-2.88946e-09 -7.90115e-10 9.54689e-08)
(-4.17849e-09 -7.66907e-10 1.00592e-07)
(-5.53707e-09 -7.4361e-10 1.05796e-07)
(-6.96362e-09 -7.2025e-10 1.11076e-07)
(-8.45651e-09 -6.96851e-10 1.1643e-07)
(-1.0014e-08 -6.7344e-10 1.21853e-07)
(-1.16344e-08 -6.50041e-10 1.27343e-07)
(-1.33158e-08 -6.26679e-10 1.32896e-07)
(-1.50563e-08 -6.0338e-10 1.38509e-07)
(-1.68542e-08 -5.80168e-10 1.44179e-07)
(-1.87073e-08 -5.57068e-10 1.49903e-07)
(-2.06138e-08 -5.34105e-10 1.55677e-07)
(-2.25717e-08 -5.11304e-10 1.61499e-07)
(-2.4579e-08 -4.8869e-10 1.67366e-07)
(-2.66337e-08 -4.66287e-10 1.73275e-07)
(-2.87338e-08 -4.44119e-10 1.79225e-07)
(-3.08773e-08 -4.22212e-10 1.85211e-07)
(-3.30621e-08 -4.0059e-10 1.91232e-07)
(-3.52864e-08 -3.79277e-10 1.97285e-07)
(-3.75481e-08 -3.58297e-10 2.03368e-07)
(-3.98453e-08 -3.37675e-10 2.09479e-07)
(-4.2176e-08 -3.17434e-10 2.15615e-07)
(-4.45384e-08 -2.97598e-10 2.21775e-07)
(-4.69305e-08 -2.78191e-10 2.27956e-07)
(-4.93505e-08 -2.59237e-10 2.34157e-07)
(-5.17967e-08 -2.40759e-10 2.40375e-07)
(-5.42671e-08 -2.22781e-10 2.46609e-07)
(-5.67602e-08 -2.05325e-10 2.52857e-07)
(-5.92741e-08 -1.88416e-10 2.59118e-07)
(-6.18073e-08 -1.72074e-10 2.65389e-07)
(-6.43582e-08 -1.56324e-10 2.7167e-07)
(-6.69251e-08 -1.41187e-10 2.77959e-07)
(-6.95067e-08 -1.26687e-10 2.84255e-07)
(-7.21014e-08 -1.12844e-10 2.90556e-07)
(-7.47078e-08 -9.96823e-11 2.96861e-07)
(-7.73246e-08 -8.72226e-11 3.03169e-07)
(-7.99506e-08 -7.54876e-11 3.0948e-07)
(-8.25845e-08 -6.44998e-11 3.15791e-07)
(-8.5225e-08 -5.42824e-11 3.22104e-07)
(-8.78712e-08 -4.4859e-11 3.28415e-07)
(-9.0522e-08 -3.62543e-11 3.34726e-07)
(-9.31764e-08 -2.84935e-11 3.41035e-07)
(-9.58334e-08 -2.16013e-11 3.47342e-07)
(-9.84922e-08 -1.55986e-11 3.53646e-07)
(-1.01152e-07 -1.04915e-11 3.59947e-07)
(-1.03812e-07 -6.24384e-12 3.66246e-07)
(-1.06472e-07 -2.69685e-12 3.72541e-07)
(-1.09131e-07 3.03417e-13 3.78834e-07)
(-1.11788e-07 2.7281e-12 3.85124e-07)
(0 0 0)
(6.84492e-10 5.65993e-10 2.8813e-10)
(1.13152e-09 6.8304e-10 6.7001e-10)
(1.63929e-09 7.43119e-10 1.23786e-09)
(2.14255e-09 7.83449e-10 2.02396e-09)
(2.62034e-09 8.07632e-10 3.02793e-09)
(3.06483e-09 8.21571e-10 4.2453e-09)
(3.46969e-09 8.28765e-10 5.67101e-09)
(3.82931e-09 8.31379e-10 7.29957e-09)
(4.13881e-09 8.30794e-10 9.12541e-09)
(4.39393e-09 8.27892e-10 1.11429e-08)
(4.59095e-09 8.23241e-10 1.33466e-08)
(4.72664e-09 8.17216e-10 1.5731e-08)
(4.79819e-09 8.10071e-10 1.82907e-08)
(4.80317e-09 8.01984e-10 2.10206e-08)
(4.73951e-09 7.93086e-10 2.39155e-08)
(4.60542e-09 7.83474e-10 2.69703e-08)
(4.39943e-09 7.73224e-10 3.018e-08)
(4.12033e-09 7.62397e-10 3.35398e-08)
(3.76715e-09 7.5104e-10 3.70449e-08)
(3.33917e-09 7.39194e-10 4.06903e-08)
(2.83591e-09 7.26893e-10 4.44716e-08)
(2.25708e-09 7.14166e-10 4.8384e-08)
(1.6026e-09 7.0104e-10 5.2423e-08)
(8.72591e-10 6.87541e-10 5.65842e-08)
(6.73399e-11 6.73691e-10 6.0863e-08)
(-8.12692e-10 6.59513e-10 6.52552e-08)
(-1.76689e-09 6.4503e-10 6.97566e-08)
(-2.79448e-09 6.30263e-10 7.4363e-08)
(-3.89457e-09 6.15234e-10 7.90702e-08)
(-5.06613e-09 5.99965e-10 8.38744e-08)
(-6.30802e-09 5.84478e-10 8.87715e-08)
(-7.61898e-09 5.68794e-10 9.37577e-08)
(-8.99766e-09 5.52936e-10 9.88293e-08)
(-1.04426e-08 5.36924e-10 1.03983e-07)
(-1.19523e-08 5.20782e-10 1.09214e-07)
(-1.35252e-08 5.04531e-10 1.1452e-07)
(-1.51596e-08 4.88192e-10 1.19897e-07)
(-1.68537e-08 4.71788e-10 1.25342e-07)
(-1.86059e-08 4.5534e-10 1.30851e-07)
(-2.04143e-08 4.3887e-10 1.36422e-07)
(-2.2277e-08 4.224e-10 1.42052e-07)
(-2.41921e-08 4.05951e-10 1.47736e-07)
(-2.61578e-08 3.89545e-10 1.53473e-07)
(-2.81722e-08 3.73203e-10 1.59259e-07)
(-3.02332e-08 3.56947e-10 1.65092e-07)
(-3.2339e-08 3.40798e-10 1.70969e-07)
(-3.44875e-08 3.24777e-10 1.76887e-07)
(-3.66769e-08 3.08905e-10 1.82844e-07)
(-3.89051e-08 2.93204e-10 1.88838e-07)
(-4.11704e-08 2.77694e-10 1.94865e-07)
(-4.34706e-08 2.62396e-10 2.00923e-07)
(-4.58041e-08 2.47331e-10 2.07011e-07)
(-4.81687e-08 2.32518e-10 2.13126e-07)
(-5.05628e-08 2.1798e-10 2.19266e-07)
(-5.29845e-08 2.03735e-10 2.25429e-07)
(-5.5432e-08 1.89805e-10 2.31613e-07)
(-5.79036e-08 1.76208e-10 2.37816e-07)
(-6.03975e-08 1.62965e-10 2.44036e-07)
(-6.2912e-08 1.50095e-10 2.50271e-07)
(-6.54456e-08 1.37618e-10 2.5652e-07)
(-6.79967e-08 1.25552e-10 2.62781e-07)
(-7.05637e-08 1.13918e-10 2.69053e-07)
(-7.31451e-08 1.02733e-10 2.75334e-07)
(-7.57395e-08 9.20167e-11 2.81623e-07)
(-7.83455e-08 8.17871e-11 2.87918e-07)
(-8.09618e-08 7.20627e-11 2.94218e-07)
(-8.35871e-08 6.28618e-11 3.00522e-07)
(-8.62203e-08 5.42028e-11 3.06829e-07)
(-8.886e-08 4.61042e-11 3.13139e-07)
(-9.15054e-08 3.85847e-11 3.19449e-07)
(-9.41553e-08 3.16634e-11 3.25759e-07)
(-9.68087e-08 2.53591e-11 3.32069e-07)
(-9.94649e-08 1.96899e-11 3.38378e-07)
(-1.02123e-07 1.46707e-11 3.44685e-07)
(-1.04782e-07 1.03082e-11 3.50989e-07)
(-1.07441e-07 6.59068e-12 3.57291e-07)
(-1.10101e-07 3.46596e-12 3.6359e-07)
(-1.12759e-07 7.57888e-13 3.69886e-07)
(-1.15416e-07 -1.69561e-12 3.76178e-07)
(-1.18073e-07 -3.77719e-12 3.82468e-07)
(0 0 0)
(5.09215e-10 3.26785e-10 4.21911e-10)
(1.04203e-09 4.59662e-10 8.90518e-10)
(1.5729e-09 5.24794e-10 1.5155e-09)
(2.07963e-09 5.62698e-10 2.33531e-09)
(2.55609e-09 5.84784e-10 3.35821e-09)
(2.99716e-09 5.97225e-10 4.58532e-09)
(3.39753e-09 6.03709e-10 6.01476e-09)
(3.75227e-09 6.06366e-10 7.64305e-09)
(4.05688e-09 6.06464e-10 9.46594e-09)
(4.30733e-09 6.04775e-10 1.14787e-08)
(4.50002e-09 6.0177e-10 1.36765e-08)
(4.6318e-09 5.97744e-10 1.60542e-08)
(4.69986e-09 5.92887e-10 1.86068e-08)
(4.7018e-09 5.8733e-10 2.13292e-08)
(4.63552e-09 5.81164e-10 2.42165e-08)
(4.49924e-09 5.74459e-10 2.72636e-08)
(4.29145e-09 5.67267e-10 3.04657e-08)
(4.01093e-09 5.59632e-10 3.38178e-08)
(3.65671e-09 5.51588e-10 3.73152e-08)
(3.22805e-09 5.43165e-10 4.09531e-08)
(2.72444e-09 5.34387e-10 4.47268e-08)
(2.14557e-09 5.25277e-10 4.86318e-08)
(1.49137e-09 5.15855e-10 5.26634e-08)
(7.61918e-10 5.0614e-10 5.68173e-08)
(-4.25034e-11 4.96148e-10 6.1089e-08)
(-9.21453e-10 4.85898e-10 6.54741e-08)
(-1.87433e-09 4.75406e-10 6.99686e-08)
(-2.90039e-09 4.64688e-10 7.45681e-08)
(-3.99873e-09 4.53761e-10 7.92686e-08)
(-5.16837e-09 4.42642e-10 8.40661e-08)
(-6.40815e-09 4.31348e-10 8.89566e-08)
(-7.71685e-09 4.19894e-10 9.39364e-08)
(-9.09313e-09 4.08298e-10 9.90017e-08)
(-1.05356e-08 3.96577e-10 1.04149e-07)
(-1.20426e-08 3.84746e-10 1.09374e-07)
(-1.36128e-08 3.72823e-10 1.14674e-07)
(-1.52443e-08 3.60824e-10 1.20045e-07)
(-1.69355e-08 3.48767e-10 1.25485e-07)
(-1.86847e-08 3.36667e-10 1.30988e-07)
(-2.04901e-08 3.24541e-10 1.36554e-07)
(-2.23497e-08 3.12407e-10 1.42178e-07)
(-2.42617e-08 3.00279e-10 1.47857e-07)
(-2.62243e-08 2.88176e-10 1.53588e-07)
(-2.82355e-08 2.76112e-10 1.59369e-07)
(-3.02934e-08 2.64105e-10 1.65197e-07)
(-3.23961e-08 2.52171e-10 1.71069e-07)
(-3.45415e-08 2.40326e-10 1.76983e-07)
(-3.67278e-08 2.28585e-10 1.82935e-07)
(-3.8953e-08 2.16966e-10 1.88924e-07)
(-4.12152e-08 2.05484e-10 1.94946e-07)
(-4.35125e-08 1.94155e-10 2.01001e-07)
(-4.5843e-08 1.82995e-10 2.07084e-07)
(-4.82048e-08 1.72019e-10 2.13195e-07)
(-5.05962e-08 1.61243e-10 2.19331e-07)
(-5.30151e-08 1.50682e-10 2.2549e-07)
(-5.546e-08 1.40352e-10 2.3167e-07)
(-5.7929e-08 1.30267e-10 2.37869e-07)
(-6.04205e-08 1.20444e-10 2.44085e-07)
(-6.29327e-08 1.10897e-10 2.50317e-07)
(-6.5464e-08 1.0164e-10 2.56563e-07)
(-6.80129e-08 9.26883e-11 2.6282e-07)
(-7.05778e-08 8.40566e-11 2.69089e-07)
(-7.31573e-08 7.57591e-11 2.75367e-07)
(-7.57498e-08 6.781e-11 2.81653e-07)
(-7.83541e-08 6.02234e-11 2.87945e-07)
(-8.09688e-08 5.30135e-11 2.94242e-07)
(-8.35927e-08 4.61944e-11 3.00544e-07)
(-8.62245e-08 3.97804e-11 3.06849e-07)
(-8.8863e-08 3.37859e-11 3.13155e-07)
(-9.15073e-08 2.82258e-11 3.19463e-07)
(-9.41562e-08 2.31153e-11 3.25772e-07)
(-9.68089e-08 1.84698e-11 3.3208e-07)
(-9.94643e-08 1.43038e-11 3.38386e-07)
(-1.02122e-07 1.06287e-11 3.44692e-07)
(-1.0478e-07 7.44857e-12 3.50995e-07)
(-1.07439e-07 4.75021e-12 3.57296e-07)
(-1.10098e-07 2.48243e-12 3.63594e-07)
(-1.12757e-07 5.31356e-13 3.69889e-07)
(-1.15414e-07 -1.21929e-12 3.76181e-07)
(-1.1807e-07 -2.85953e-12 3.82471e-07)
(0 0 0)
(4.72549e-10 1.77042e-10 5.1594e-10)
(9.97981e-10 2.72138e-10 1.02818e-09)
(1.52912e-09 3.26397e-10 1.68026e-09)
(2.03581e-09 3.58549e-10 2.52009e-09)
(2.51095e-09 3.77147e-10 3.55703e-09)
(2.94975e-09 3.8758e-10 4.79315e-09)
(3.34723e-09 3.93105e-10 6.22768e-09)
(3.69876e-09 3.95599e-10 7.85811e-09)
(4.00008e-09 3.96149e-10 9.68097e-09)
(4.24734e-09 3.95394e-10 1.16922e-08)
(4.43703e-09 3.93708e-10 1.38872e-08)
(4.56604e-09 3.91317e-10 1.62615e-08)
(4.63163e-09 3.8836e-10 1.88102e-08)
(4.63138e-09 3.84928e-10 2.15284e-08)
(4.5632e-09 3.81085e-10 2.44111e-08)
(4.4253e-09 3.76875e-10 2.74536e-08)
(4.21617e-09 3.72336e-10 3.0651e-08)
(3.93458e-09 3.67494e-10 3.39984e-08)
(3.57954e-09 3.62373e-10 3.7491e-08)
(3.1503e-09 3.56992e-10 4.11241e-08)
(2.64635e-09 3.51367e-10 4.48931e-08)
(2.06737e-09 3.45515e-10 4.87934e-08)
(1.41326e-09 3.39447e-10 5.28204e-08)
(6.84108e-10 3.33177e-10 5.69696e-08)
(-1.19826e-10 3.26716e-10 6.12367e-08)
(-9.98108e-10 3.20075e-10 6.56173e-08)
(-1.95015e-09 3.13266e-10 7.01073e-08)
(-2.97521e-09 3.06301e-10 7.47023e-08)
(-4.07242e-09 2.99189e-10 7.93985e-08)
(-5.24078e-09 2.91943e-10 8.41917e-08)
(-6.47916e-09 2.84573e-10 8.9078e-08)
(-7.78634e-09 2.7709e-10 9.40536e-08)
(-9.161e-09 2.69507e-10 9.91147e-08)
(-1.06017e-08 2.61833e-10 1.04258e-07)
(-1.2107e-08 2.54081e-10 1.09479e-07)
(-1.36752e-08 2.46262e-10 1.14775e-07)
(-1.53048e-08 2.38387e-10 1.20142e-07)
(-1.69941e-08 2.30467e-10 1.25578e-07)
(-1.87412e-08 2.22513e-10 1.31078e-07)
(-2.05444e-08 2.14537e-10 1.3664e-07)
(-2.24019e-08 2.0655e-10 1.4226e-07)
(-2.43118e-08 1.98563e-10 1.47936e-07)
(-2.62723e-08 1.90588e-10 1.53664e-07)
(-2.82813e-08 1.82634e-10 1.59441e-07)
(-3.0337e-08 1.74714e-10 1.65266e-07)
(-3.24374e-08 1.66839e-10 1.71135e-07)
(-3.45807e-08 1.59018e-10 1.77045e-07)
(-3.67648e-08 1.51264e-10 1.82994e-07)
(-3.89878e-08 1.43587e-10 1.8898e-07)
(-4.12479e-08 1.35998e-10 1.94999e-07)
(-4.35431e-08 1.28508e-10 2.01051e-07)
(-4.58716e-08 1.21127e-10 2.07132e-07)
(-4.82314e-08 1.13866e-10 2.1324e-07)
(-5.06207e-08 1.06735e-10 2.19373e-07)
(-5.30378e-08 9.97449e-11 2.25529e-07)
(-5.54808e-08 9.29063e-11 2.31706e-07)
(-5.7948e-08 8.62291e-11 2.37903e-07)
(-6.04377e-08 7.97237e-11 2.44117e-07)
(-6.29482e-08 7.34001e-11 2.50346e-07)
(-6.54779e-08 6.72683e-11 2.5659e-07)
(-6.80253e-08 6.13382e-11 2.62845e-07)
(-7.05887e-08 5.56196e-11 2.69112e-07)
(-7.31667e-08 5.01223e-11 2.75388e-07)
(-7.5758e-08 4.48559e-11 2.81671e-07)
(-7.8361e-08 3.983e-11 2.87962e-07)
(-8.09746e-08 3.50542e-11 2.94257e-07)
(-8.35974e-08 3.05382e-11 3.00557e-07)
(-8.62282e-08 2.62918e-11 3.0686e-07)
(-8.88658e-08 2.2325e-11 3.13166e-07)
(-9.15093e-08 1.86482e-11 3.19472e-07)
(-9.41575e-08 1.5272e-11 3.25779e-07)
(-9.68095e-08 1.22071e-11 3.32086e-07)
(-9.94644e-08 9.46342e-12 3.38392e-07)
(-1.02121e-07 7.04795e-12 3.44696e-07)
(-1.0478e-07 4.96152e-12 3.50998e-07)
(-1.07438e-07 3.19219e-12 3.57298e-07)
(-1.10097e-07 1.70453e-12 3.63596e-07)
(-1.12755e-07 4.3149e-13 3.6989e-07)
(-1.15412e-07 -7.0363e-13 3.76183e-07)
(-1.18069e-07 -1.79696e-12 3.82473e-07)
(0 0 0)
(4.61112e-10 7.89107e-11 5.65538e-10)
(9.7853e-10 1.27006e-10 1.10211e-09)
(1.50659e-09 1.56327e-10 1.76839e-09)
(2.01157e-09 1.74283e-10 2.619e-09)
(2.48517e-09 1.84893e-10 3.66422e-09)
(2.92231e-09 1.90917e-10 4.90628e-09)
(3.31797e-09 1.9415e-10 6.34466e-09)
(3.66757e-09 1.95671e-10 7.97722e-09)
(3.96694e-09 1.96116e-10 9.80083e-09)
(4.2123e-09 1.95853e-10 1.18118e-08)
(4.40021e-09 1.95099e-10 1.40058e-08)
(4.52758e-09 1.9398e-10 1.63785e-08)
(4.59168e-09 1.92571e-10 1.89252e-08)
(4.59012e-09 1.90922e-10 2.16412e-08)
(4.52079e-09 1.89065e-10 2.45216e-08)
(4.38191e-09 1.87024e-10 2.75616e-08)
(4.17196e-09 1.84815e-10 3.07564e-08)
(3.88971e-09 1.82454e-10 3.41012e-08)
(3.53416e-09 1.79952e-10 3.75912e-08)
(3.10455e-09 1.77319e-10 4.12217e-08)
(2.60036e-09 1.74562e-10 4.4988e-08)
(2.02128e-09 1.7169e-10 4.88856e-08)
(1.3672e-09 1.68708e-10 5.291e-08)
(6.38186e-10 1.65624e-10 5.70566e-08)
(-1.65492e-10 1.62442e-10 6.13211e-08)
(-1.04341e-09 1.5917e-10 6.56992e-08)
(-1.99499e-09 1.55811e-10 7.01866e-08)
(-3.0195e-09 1.52373e-10 7.47791e-08)
(-4.11607e-09 1.4886e-10 7.94728e-08)
(-5.2837e-09 1.45277e-10 8.42635e-08)
(-6.52128e-09 1.41632e-10 8.91474e-08)
(-7.82759e-09 1.37929e-10 9.41206e-08)
(-9.20132e-09 1.34173e-10 9.91794e-08)
(-1.0641e-08 1.30371e-10 1.0432e-07)
(-1.21453e-08 1.26528e-10 1.09539e-07)
(-1.37124e-08 1.2265e-10 1.14833e-07)
(-1.53409e-08 1.18743e-10 1.20198e-07)
(-1.7029e-08 1.14812e-10 1.25631e-07)
(-1.87749e-08 1.10863e-10 1.31129e-07)
(-2.05769e-08 1.06901e-10 1.36689e-07)
(-2.24332e-08 1.02932e-10 1.42307e-07)
(-2.43418e-08 9.8962e-11 1.47981e-07)
(-2.6301e-08 9.49965e-11 1.53707e-07)
(-2.83087e-08 9.10409e-11 1.59483e-07)
(-3.03631e-08 8.71008e-11 1.65305e-07)
(-3.24623e-08 8.31819e-11 1.71172e-07)
(-3.46042e-08 7.92895e-11 1.7708e-07)
(-3.67871e-08 7.54293e-11 1.83028e-07)
(-3.90089e-08 7.16066e-11 1.89012e-07)
(-4.12677e-08 6.7827e-11 1.9503e-07)
(-4.35617e-08 6.40957e-11 2.01079e-07)
(-4.58889e-08 6.04183e-11 2.07158e-07)
(-4.82475e-08 5.68e-11 2.13265e-07)
(-5.06357e-08 5.32462e-11 2.19396e-07)
(-5.30516e-08 4.97621e-11 2.25551e-07)
(-5.54935e-08 4.63529e-11 2.31727e-07)
(-5.79596e-08 4.30239e-11 2.37922e-07)
(-6.04483e-08 3.97802e-11 2.44135e-07)
(-6.29578e-08 3.66268e-11 2.50363e-07)
(-6.54865e-08 3.35688e-11 2.56605e-07)
(-6.80329e-08 3.06112e-11 2.62859e-07)
(-7.05955e-08 2.77589e-11 2.69124e-07)
(-7.31727e-08 2.50168e-11 2.75399e-07)
(-7.57631e-08 2.23899e-11 2.81682e-07)
(-7.83654e-08 1.9883e-11 2.87971e-07)
(-8.09783e-08 1.75008e-11 2.94266e-07)
(-8.36004e-08 1.52484e-11 3.00565e-07)
(-8.62306e-08 1.31308e-11 3.06867e-07)
(-8.88677e-08 1.1153e-11 3.13171e-07)
(-9.15107e-08 9.32046e-12 3.19477e-07)
(-9.41584e-08 7.63855e-12 3.25783e-07)
(-9.681e-08 6.11271e-12 3.32089e-07)
(-9.94646e-08 4.74783e-12 3.38395e-07)
(-1.02121e-07 3.54718e-12 3.44698e-07)
(-1.04779e-07 2.51053e-12 3.51e-07)
(-1.07438e-07 1.63108e-12 3.573e-07)
(-1.10096e-07 8.90836e-13 3.63597e-07)
(-1.12754e-07 2.59197e-13 3.69892e-07)
(-1.15412e-07 -2.99259e-13 3.76184e-07)
(-1.18068e-07 -8.32933e-13 3.82474e-07)
(0 0 0)
(4.58164e-10 -3.4406e-19 5.80266e-10)
(9.73117e-10 -6.36606e-19 1.12473e-09)
(1.49988e-09 -9.39224e-19 1.79587e-09)
(2.00401e-09 -1.26023e-18 2.65011e-09)
(2.47689e-09 -1.59629e-18 3.69813e-09)
(2.91338e-09 -1.94094e-18 4.94224e-09)
(3.30838e-09 -2.286e-18 6.38202e-09)
(3.65732e-09 -2.64926e-18 8.01542e-09)
(3.95605e-09 -3.04319e-18 9.83941e-09)
(4.20077e-09 -3.44955e-18 1.18504e-08)
(4.38808e-09 -3.8725e-18 1.40442e-08)
(4.5149e-09 -4.35883e-18 1.64164e-08)
(4.57851e-09 -4.89808e-18 1.89626e-08)
(4.5765e-09 -5.41253e-18 2.16779e-08)
(4.50679e-09 -5.87014e-18 2.45575e-08)
(4.36758e-09 -6.30286e-18 2.75968e-08)
(4.15736e-09 -6.7746e-18 3.07907e-08)
(3.87488e-09 -7.3221e-18 3.41347e-08)
(3.51915e-09 -7.918e-18 3.76238e-08)
(3.08942e-09 -8.53118e-18 4.12534e-08)
(2.58515e-09 -9.16151e-18 4.50189e-08)
(2.00603e-09 -9.81399e-18 4.89157e-08)
(1.35195e-09 -1.04958e-17 5.29392e-08)
(6.22977e-10 -1.12112e-17 5.7085e-08)
(-1.80623e-10 -1.19605e-17 6.13487e-08)
(-1.05843e-09 -1.27432e-17 6.57259e-08)
(-2.00986e-09 -1.35555e-17 7.02125e-08)
(-3.03419e-09 -1.43936e-17 7.48042e-08)
(-4.13055e-09 -1.52477e-17 7.9497e-08)
(-5.29794e-09 -1.60983e-17 8.42869e-08)
(-6.53527e-09 -1.69369e-17 8.917e-08)
(-7.8413e-09 -1.77868e-17 9.41425e-08)
(-9.21472e-09 -1.86879e-17 9.92005e-08)
(-1.06541e-08 -1.96501e-17 1.0434e-07)
(-1.2158e-08 -2.07157e-17 1.09559e-07)
(-1.37248e-08 -2.18949e-17 1.14852e-07)
(-1.53529e-08 -2.30893e-17 1.20216e-07)
(-1.70406e-08 -2.42493e-17 1.25649e-07)
(-1.87861e-08 -2.54207e-17 1.31146e-07)
(-2.05878e-08 -2.65745e-17 1.36705e-07)
(-2.24436e-08 -2.75394e-17 1.42322e-07)
(-2.43518e-08 -2.83678e-17 1.47995e-07)
(-2.63105e-08 -2.95735e-17 1.53721e-07)
(-2.83179e-08 -3.12565e-17 1.59496e-07)
(-3.03718e-08 -3.29357e-17 1.65318e-07)
(-3.24706e-08 -3.44373e-17 1.71184e-07)
(-3.46121e-08 -3.58773e-17 1.77092e-07)
(-3.67945e-08 -3.7347e-17 1.83039e-07)
(-3.90159e-08 -3.88666e-17 1.89022e-07)
(-4.12743e-08 -4.03832e-17 1.95039e-07)
(-4.35679e-08 -4.18489e-17 2.01089e-07)
(-4.58947e-08 -4.33967e-17 2.07167e-07)
(-4.82529e-08 -4.51177e-17 2.13273e-07)
(-5.06407e-08 -4.6848e-17 2.19404e-07)
(-5.30563e-08 -4.85131e-17 2.25558e-07)
(-5.54978e-08 -5.0192e-17 2.31734e-07)
(-5.79635e-08 -5.19195e-17 2.37928e-07)
(-6.04518e-08 -5.36256e-17 2.4414e-07)
(-6.2961e-08 -5.5195e-17 2.50368e-07)
(-6.54894e-08 -5.66849e-17 2.5661e-07)
(-6.80355e-08 -5.81974e-17 2.62864e-07)
(-7.05978e-08 -5.96944e-17 2.69129e-07)
(-7.31747e-08 -6.11942e-17 2.75403e-07)
(-7.57649e-08 -6.2827e-17 2.81685e-07)
(-7.8367e-08 -6.46397e-17 2.87974e-07)
(-8.09796e-08 -6.64769e-17 2.94268e-07)
(-8.36015e-08 -6.81009e-17 3.00567e-07)
(-8.62315e-08 -6.97152e-17 3.06869e-07)
(-8.88684e-08 -7.18887e-17 3.13173e-07)
(-9.15112e-08 -7.44335e-17 3.19479e-07)
(-9.41588e-08 -7.64127e-17 3.25785e-07)
(-9.68102e-08 -7.77649e-17 3.32091e-07)
(-9.94647e-08 -7.92578e-17 3.38396e-07)
(-1.02121e-07 -8.07188e-17 3.44699e-07)
(-1.04779e-07 -8.19271e-17 3.51001e-07)
(-1.07438e-07 -8.35993e-17 3.573e-07)
(-1.10096e-07 -8.62543e-17 3.63598e-07)
(-1.12754e-07 -8.98236e-17 3.69892e-07)
(-1.15411e-07 -9.47586e-17 3.76184e-07)
(-1.18068e-07 -1.00818e-16 3.82474e-07)
(0 0 0)
(4.61112e-10 -7.89107e-11 5.65538e-10)
(9.7853e-10 -1.27006e-10 1.10211e-09)
(1.50659e-09 -1.56327e-10 1.76839e-09)
(2.01157e-09 -1.74283e-10 2.619e-09)
(2.48517e-09 -1.84893e-10 3.66422e-09)
(2.92231e-09 -1.90917e-10 4.90628e-09)
(3.31797e-09 -1.9415e-10 6.34466e-09)
(3.66757e-09 -1.95671e-10 7.97722e-09)
(3.96694e-09 -1.96116e-10 9.80083e-09)
(4.2123e-09 -1.95853e-10 1.18118e-08)
(4.40021e-09 -1.95099e-10 1.40058e-08)
(4.52758e-09 -1.9398e-10 1.63785e-08)
(4.59168e-09 -1.92571e-10 1.89252e-08)
(4.59012e-09 -1.90922e-10 2.16412e-08)
(4.52079e-09 -1.89065e-10 2.45216e-08)
(4.38191e-09 -1.87024e-10 2.75616e-08)
(4.17196e-09 -1.84815e-10 3.07564e-08)
(3.88971e-09 -1.82454e-10 3.41012e-08)
(3.53416e-09 -1.79952e-10 3.75912e-08)
(3.10455e-09 -1.77319e-10 4.12217e-08)
(2.60036e-09 -1.74562e-10 4.4988e-08)
(2.02128e-09 -1.7169e-10 4.88856e-08)
(1.3672e-09 -1.68708e-10 5.291e-08)
(6.38186e-10 -1.65624e-10 5.70566e-08)
(-1.65492e-10 -1.62442e-10 6.13211e-08)
(-1.04341e-09 -1.5917e-10 6.56992e-08)
(-1.99499e-09 -1.55811e-10 7.01866e-08)
(-3.0195e-09 -1.52373e-10 7.47791e-08)
(-4.11607e-09 -1.4886e-10 7.94728e-08)
(-5.2837e-09 -1.45277e-10 8.42635e-08)
(-6.52128e-09 -1.41632e-10 8.91474e-08)
(-7.82759e-09 -1.37929e-10 9.41206e-08)
(-9.20132e-09 -1.34173e-10 9.91794e-08)
(-1.0641e-08 -1.30371e-10 1.0432e-07)
(-1.21453e-08 -1.26528e-10 1.09539e-07)
(-1.37124e-08 -1.22651e-10 1.14833e-07)
(-1.53409e-08 -1.18743e-10 1.20198e-07)
(-1.7029e-08 -1.14812e-10 1.25631e-07)
(-1.87749e-08 -1.10863e-10 1.31129e-07)
(-2.05769e-08 -1.06901e-10 1.36689e-07)
(-2.24332e-08 -1.02932e-10 1.42307e-07)
(-2.43418e-08 -9.89621e-11 1.47981e-07)
(-2.6301e-08 -9.49965e-11 1.53707e-07)
(-2.83087e-08 -9.1041e-11 1.59483e-07)
(-3.03631e-08 -8.71009e-11 1.65305e-07)
(-3.24623e-08 -8.3182e-11 1.71172e-07)
(-3.46042e-08 -7.92896e-11 1.7708e-07)
(-3.67871e-08 -7.54294e-11 1.83028e-07)
(-3.90089e-08 -7.16067e-11 1.89012e-07)
(-4.12677e-08 -6.7827e-11 1.9503e-07)
(-4.35617e-08 -6.40958e-11 2.01079e-07)
(-4.58889e-08 -6.04184e-11 2.07158e-07)
(-4.82475e-08 -5.68001e-11 2.13265e-07)
(-5.06357e-08 -5.32463e-11 2.19396e-07)
(-5.30516e-08 -4.97622e-11 2.25551e-07)
(-5.54935e-08 -4.6353e-11 2.31727e-07)
(-5.79596e-08 -4.3024e-11 2.37922e-07)
(-6.04483e-08 -3.97803e-11 2.44135e-07)
(-6.29578e-08 -3.66269e-11 2.50363e-07)
(-6.54865e-08 -3.35689e-11 2.56605e-07)
(-6.80329e-08 -3.06113e-11 2.62859e-07)
(-7.05955e-08 -2.7759e-11 2.69124e-07)
(-7.31727e-08 -2.5017e-11 2.75399e-07)
(-7.57631e-08 -2.239e-11 2.81682e-07)
(-7.83654e-08 -1.98831e-11 2.87971e-07)
(-8.09783e-08 -1.7501e-11 2.94266e-07)
(-8.36004e-08 -1.52486e-11 3.00565e-07)
(-8.62306e-08 -1.31309e-11 3.06867e-07)
(-8.88677e-08 -1.11532e-11 3.13171e-07)
(-9.15107e-08 -9.32061e-12 3.19477e-07)
(-9.41584e-08 -7.6387e-12 3.25783e-07)
(-9.681e-08 -6.11286e-12 3.32089e-07)
(-9.94646e-08 -4.74798e-12 3.38395e-07)
(-1.02121e-07 -3.54734e-12 3.44698e-07)
(-1.04779e-07 -2.5107e-12 3.51e-07)
(-1.07438e-07 -1.63125e-12 3.573e-07)
(-1.10096e-07 -8.9101e-13 3.63597e-07)
(-1.12754e-07 -2.59376e-13 3.69892e-07)
(-1.15412e-07 2.99072e-13 3.76184e-07)
(-1.18068e-07 8.32737e-13 3.82474e-07)
(0 0 0)
(4.72549e-10 -1.77042e-10 5.1594e-10)
(9.97981e-10 -2.72138e-10 1.02818e-09)
(1.52912e-09 -3.26397e-10 1.68026e-09)
(2.03581e-09 -3.58549e-10 2.52009e-09)
(2.51095e-09 -3.77147e-10 3.55703e-09)
(2.94975e-09 -3.8758e-10 4.79315e-09)
(3.34723e-09 -3.93105e-10 6.22768e-09)
(3.69876e-09 -3.95599e-10 7.85811e-09)
(4.00008e-09 -3.96149e-10 9.68097e-09)
(4.24734e-09 -3.95394e-10 1.16922e-08)
(4.43703e-09 -3.93708e-10 1.38872e-08)
(4.56604e-09 -3.91317e-10 1.62615e-08)
(4.63163e-09 -3.8836e-10 1.88102e-08)
(4.63138e-09 -3.84928e-10 2.15284e-08)
(4.5632e-09 -3.81085e-10 2.44111e-08)
(4.4253e-09 -3.76875e-10 2.74536e-08)
(4.21617e-09 -3.72336e-10 3.0651e-08)
(3.93458e-09 -3.67494e-10 3.39984e-08)
(3.57954e-09 -3.62373e-10 3.7491e-08)
(3.1503e-09 -3.56992e-10 4.11241e-08)
(2.64635e-09 -3.51367e-10 4.48931e-08)
(2.06737e-09 -3.45515e-10 4.87934e-08)
(1.41326e-09 -3.39447e-10 5.28204e-08)
(6.84108e-10 -3.33177e-10 5.69696e-08)
(-1.19826e-10 -3.26716e-10 6.12367e-08)
(-9.98108e-10 -3.20075e-10 6.56173e-08)
(-1.95015e-09 -3.13266e-10 7.01073e-08)
(-2.97521e-09 -3.06301e-10 7.47023e-08)
(-4.07242e-09 -2.99189e-10 7.93985e-08)
(-5.24078e-09 -2.91943e-10 8.41917e-08)
(-6.47916e-09 -2.84573e-10 8.9078e-08)
(-7.78634e-09 -2.7709e-10 9.40536e-08)
(-9.161e-09 -2.69507e-10 9.91147e-08)
(-1.06017e-08 -2.61833e-10 1.04258e-07)
(-1.2107e-08 -2.54082e-10 1.09479e-07)
(-1.36752e-08 -2.46262e-10 1.14775e-07)
(-1.53048e-08 -2.38387e-10 1.20142e-07)
(-1.69941e-08 -2.30467e-10 1.25578e-07)
(-1.87412e-08 -2.22513e-10 1.31078e-07)
(-2.05444e-08 -2.14537e-10 1.3664e-07)
(-2.24019e-08 -2.0655e-10 1.4226e-07)
(-2.43118e-08 -1.98563e-10 1.47936e-07)
(-2.62723e-08 -1.90588e-10 1.53664e-07)
(-2.82813e-08 -1.82634e-10 1.59441e-07)
(-3.0337e-08 -1.74714e-10 1.65266e-07)
(-3.24374e-08 -1.66839e-10 1.71135e-07)
(-3.45807e-08 -1.59019e-10 1.77045e-07)
(-3.67648e-08 -1.51264e-10 1.82994e-07)
(-3.89878e-08 -1.43588e-10 1.8898e-07)
(-4.12479e-08 -1.35999e-10 1.94999e-07)
(-4.35431e-08 -1.28508e-10 2.01051e-07)
(-4.58716e-08 -1.21127e-10 2.07132e-07)
(-4.82314e-08 -1.13866e-10 2.1324e-07)
(-5.06207e-08 -1.06735e-10 2.19373e-07)
(-5.30378e-08 -9.9745e-11 2.25529e-07)
(-5.54808e-08 -9.29064e-11 2.31706e-07)
(-5.7948e-08 -8.62292e-11 2.37903e-07)
(-6.04377e-08 -7.97238e-11 2.44117e-07)
(-6.29482e-08 -7.34002e-11 2.50346e-07)
(-6.54779e-08 -6.72684e-11 2.5659e-07)
(-6.80253e-08 -6.13383e-11 2.62845e-07)
(-7.05887e-08 -5.56197e-11 2.69112e-07)
(-7.31667e-08 -5.01224e-11 2.75388e-07)
(-7.5758e-08 -4.48561e-11 2.81671e-07)
(-7.8361e-08 -3.98302e-11 2.87962e-07)
(-8.09746e-08 -3.50544e-11 2.94257e-07)
(-8.35974e-08 -3.05384e-11 3.00557e-07)
(-8.62282e-08 -2.62919e-11 3.0686e-07)
(-8.88658e-08 -2.23251e-11 3.13166e-07)
(-9.15093e-08 -1.86483e-11 3.19472e-07)
(-9.41575e-08 -1.52722e-11 3.25779e-07)
(-9.68095e-08 -1.22073e-11 3.32086e-07)
(-9.94644e-08 -9.46357e-12 3.38392e-07)
(-1.02121e-07 -7.04811e-12 3.44696e-07)
(-1.0478e-07 -4.96168e-12 3.50998e-07)
(-1.07438e-07 -3.19236e-12 3.57298e-07)
(-1.10097e-07 -1.70471e-12 3.63596e-07)
(-1.12755e-07 -4.31669e-13 3.6989e-07)
(-1.15412e-07 7.0345e-13 3.76183e-07)
(-1.18069e-07 1.79678e-12 3.82473e-07)
(0 0 0)
(5.09215e-10 -3.26785e-10 4.21911e-10)
(1.04203e-09 -4.59662e-10 8.90518e-10)
(1.5729e-09 -5.24794e-10 1.5155e-09)
(2.07963e-09 -5.62698e-10 2.33531e-09)
(2.55609e-09 -5.84784e-10 3.35821e-09)
(2.99716e-09 -5.97225e-10 4.58532e-09)
(3.39753e-09 -6.03709e-10 6.01476e-09)
(3.75227e-09 -6.06366e-10 7.64305e-09)
(4.05688e-09 -6.06464e-10 9.46594e-09)
(4.30733e-09 -6.04775e-10 1.14787e-08)
(4.50002e-09 -6.0177e-10 1.36765e-08)
(4.6318e-09 -5.97744e-10 1.60542e-08)
(4.69986e-09 -5.92887e-10 1.86068e-08)
(4.7018e-09 -5.8733e-10 2.13292e-08)
(4.63552e-09 -5.81164e-10 2.42165e-08)
(4.49924e-09 -5.74459e-10 2.72636e-08)
(4.29145e-09 -5.67267e-10 3.04657e-08)
(4.01093e-09 -5.59632e-10 3.38178e-08)
(3.65671e-09 -5.51588e-10 3.73152e-08)
(3.22805e-09 -5.43165e-10 4.09531e-08)
(2.72444e-09 -5.34387e-10 4.47268e-08)
(2.14557e-09 -5.25277e-10 4.86318e-08)
(1.49137e-09 -5.15855e-10 5.26634e-08)
(7.61918e-10 -5.0614e-10 5.68173e-08)
(-4.25034e-11 -4.96148e-10 6.1089e-08)
(-9.21453e-10 -4.85898e-10 6.54741e-08)
(-1.87433e-09 -4.75406e-10 6.99686e-08)
(-2.90039e-09 -4.64688e-10 7.45681e-08)
(-3.99873e-09 -4.53761e-10 7.92686e-08)
(-5.16837e-09 -4.42642e-10 8.40661e-08)
(-6.40815e-09 -4.31348e-10 8.89566e-08)
(-7.71685e-09 -4.19894e-10 9.39364e-08)
(-9.09313e-09 -4.08298e-10 9.90017e-08)
(-1.05356e-08 -3.96577e-10 1.04149e-07)
(-1.20426e-08 -3.84746e-10 1.09374e-07)
(-1.36128e-08 -3.72823e-10 1.14674e-07)
(-1.52443e-08 -3.60824e-10 1.20045e-07)
(-1.69355e-08 -3.48767e-10 1.25485e-07)
(-1.86847e-08 -3.36667e-10 1.30988e-07)
(-2.04901e-08 -3.24542e-10 1.36554e-07)
(-2.23497e-08 -3.12407e-10 1.42178e-07)
(-2.42617e-08 -3.00279e-10 1.47857e-07)
(-2.62243e-08 -2.88176e-10 1.53588e-07)
(-2.82355e-08 -2.76112e-10 1.59369e-07)
(-3.02934e-08 -2.64105e-10 1.65197e-07)
(-3.23961e-08 -2.52171e-10 1.71069e-07)
(-3.45415e-08 -2.40326e-10 1.76983e-07)
(-3.67278e-08 -2.28586e-10 1.82935e-07)
(-3.8953e-08 -2.16966e-10 1.88924e-07)
(-4.12152e-08 -2.05484e-10 1.94946e-07)
(-4.35125e-08 -1.94155e-10 2.01001e-07)
(-4.5843e-08 -1.82995e-10 2.07084e-07)
(-4.82048e-08 -1.72019e-10 2.13195e-07)
(-5.05962e-08 -1.61243e-10 2.19331e-07)
(-5.30151e-08 -1.50682e-10 2.2549e-07)
(-5.546e-08 -1.40352e-10 2.3167e-07)
(-5.7929e-08 -1.30267e-10 2.37869e-07)
(-6.04205e-08 -1.20444e-10 2.44085e-07)
(-6.29327e-08 -1.10897e-10 2.50317e-07)
(-6.5464e-08 -1.0164e-10 2.56563e-07)
(-6.80129e-08 -9.26884e-11 2.6282e-07)
(-7.05778e-08 -8.40567e-11 2.69089e-07)
(-7.31573e-08 -7.57592e-11 2.75367e-07)
(-7.57498e-08 -6.78101e-11 2.81653e-07)
(-7.83541e-08 -6.02236e-11 2.87945e-07)
(-8.09688e-08 -5.30137e-11 2.94242e-07)
(-8.35927e-08 -4.61946e-11 3.00544e-07)
(-8.62245e-08 -3.97805e-11 3.06849e-07)
(-8.8863e-08 -3.3786e-11 3.13155e-07)
(-9.15073e-08 -2.8226e-11 3.19463e-07)
(-9.41562e-08 -2.31155e-11 3.25772e-07)
(-9.68089e-08 -1.847e-11 3.3208e-07)
(-9.94643e-08 -1.43039e-11 3.38386e-07)
(-1.02122e-07 -1.06289e-11 3.44692e-07)
(-1.0478e-07 -7.44874e-12 3.50995e-07)
(-1.07439e-07 -4.75038e-12 3.57296e-07)
(-1.10098e-07 -2.48261e-12 3.63594e-07)
(-1.12757e-07 -5.31536e-13 3.69889e-07)
(-1.15414e-07 1.21912e-12 3.76181e-07)
(-1.1807e-07 2.85937e-12 3.82471e-07)
(0 0 0)
(6.84492e-10 -5.65993e-10 2.8813e-10)
(1.13152e-09 -6.8304e-10 6.7001e-10)
(1.63929e-09 -7.43119e-10 1.23786e-09)
(2.14255e-09 -7.83449e-10 2.02396e-09)
(2.62034e-09 -8.07632e-10 3.02793e-09)
(3.06483e-09 -8.21571e-10 4.2453e-09)
(3.46969e-09 -8.28765e-10 5.67101e-09)
(3.82931e-09 -8.31379e-10 7.29957e-09)
(4.13881e-09 -8.30794e-10 9.12541e-09)
(4.39393e-09 -8.27892e-10 1.11429e-08)
(4.59095e-09 -8.23241e-10 1.33466e-08)
(4.72664e-09 -8.17216e-10 1.5731e-08)
(4.79819e-09 -8.10071e-10 1.82907e-08)
(4.80317e-09 -8.01984e-10 2.10206e-08)
(4.73951e-09 -7.93086e-10 2.39155e-08)
(4.60542e-09 -7.83474e-10 2.69703e-08)
(4.39943e-09 -7.73224e-10 3.018e-08)
(4.12033e-09 -7.62397e-10 3.35398e-08)
(3.76715e-09 -7.5104e-10 3.70449e-08)
(3.33917e-09 -7.39194e-10 4.06903e-08)
(2.83591e-09 -7.26893e-10 4.44716e-08)
(2.25708e-09 -7.14166e-10 4.8384e-08)
(1.6026e-09 -7.0104e-10 5.2423e-08)
(8.72591e-10 -6.87541e-10 5.65842e-08)
(6.73399e-11 -6.73691e-10 6.0863e-08)
(-8.12692e-10 -6.59513e-10 6.52552e-08)
(-1.76689e-09 -6.4503e-10 6.97566e-08)
(-2.79448e-09 -6.30263e-10 7.4363e-08)
(-3.89457e-09 -6.15234e-10 7.90702e-08)
(-5.06613e-09 -5.99965e-10 8.38744e-08)
(-6.30802e-09 -5.84478e-10 8.87715e-08)
(-7.61898e-09 -5.68794e-10 9.37577e-08)
(-8.99766e-09 -5.52936e-10 9.88293e-08)
(-1.04426e-08 -5.36924e-10 1.03983e-07)
(-1.19523e-08 -5.20782e-10 1.09214e-07)
(-1.35252e-08 -5.04531e-10 1.1452e-07)
(-1.51596e-08 -4.88192e-10 1.19897e-07)
(-1.68537e-08 -4.71788e-10 1.25342e-07)
(-1.86059e-08 -4.5534e-10 1.30851e-07)
(-2.04143e-08 -4.3887e-10 1.36422e-07)
(-2.2277e-08 -4.224e-10 1.42052e-07)
(-2.41921e-08 -4.05951e-10 1.47736e-07)
(-2.61578e-08 -3.89545e-10 1.53473e-07)
(-2.81722e-08 -3.73203e-10 1.59259e-07)
(-3.02332e-08 -3.56947e-10 1.65092e-07)
(-3.2339e-08 -3.40798e-10 1.70969e-07)
(-3.44875e-08 -3.24777e-10 1.76887e-07)
(-3.66769e-08 -3.08906e-10 1.82844e-07)
(-3.89051e-08 -2.93204e-10 1.88838e-07)
(-4.11704e-08 -2.77694e-10 1.94865e-07)
(-4.34706e-08 -2.62396e-10 2.00923e-07)
(-4.58041e-08 -2.47331e-10 2.07011e-07)
(-4.81687e-08 -2.32518e-10 2.13126e-07)
(-5.05628e-08 -2.1798e-10 2.19266e-07)
(-5.29845e-08 -2.03735e-10 2.25429e-07)
(-5.5432e-08 -1.89805e-10 2.31613e-07)
(-5.79036e-08 -1.76208e-10 2.37816e-07)
(-6.03975e-08 -1.62965e-10 2.44036e-07)
(-6.2912e-08 -1.50095e-10 2.50271e-07)
(-6.54456e-08 -1.37618e-10 2.5652e-07)
(-6.79967e-08 -1.25553e-10 2.62781e-07)
(-7.05637e-08 -1.13918e-10 2.69053e-07)
(-7.31451e-08 -1.02733e-10 2.75334e-07)
(-7.57395e-08 -9.20168e-11 2.81623e-07)
(-7.83455e-08 -8.17872e-11 2.87918e-07)
(-8.09618e-08 -7.20628e-11 2.94218e-07)
(-8.35871e-08 -6.2862e-11 3.00522e-07)
(-8.62203e-08 -5.4203e-11 3.06829e-07)
(-8.886e-08 -4.61044e-11 3.13139e-07)
(-9.15054e-08 -3.85849e-11 3.19449e-07)
(-9.41553e-08 -3.16636e-11 3.25759e-07)
(-9.68087e-08 -2.53593e-11 3.32069e-07)
(-9.94649e-08 -1.96901e-11 3.38378e-07)
(-1.02123e-07 -1.46709e-11 3.44685e-07)
(-1.04782e-07 -1.03084e-11 3.50989e-07)
(-1.07441e-07 -6.59087e-12 3.57291e-07)
(-1.10101e-07 -3.46616e-12 3.6359e-07)
(-1.12759e-07 -7.5807e-13 3.69886e-07)
(-1.15416e-07 1.69544e-12 3.76178e-07)
(-1.18073e-07 3.77704e-12 3.82468e-07)
(0 0 0)
(4.09123e-10 3.72869e-10 3.37474e-11)
(6.75807e-10 3.91425e-10 3.58096e-10)
(1.01514e-09 3.90706e-10 9.11843e-10)
(1.34907e-09 3.95273e-10 1.68473e-09)
(1.6543e-09 4.00528e-10 2.67173e-09)
(1.92451e-09 4.05807e-10 3.86797e-09)
(2.15476e-09 4.10725e-10 5.26838e-09)
(2.34046e-09 4.15065e-10 6.86768e-09)
(2.47753e-09 4.18726e-10 8.66051e-09)
(2.56235e-09 4.21653e-10 1.06415e-08)
(2.59166e-09 4.23818e-10 1.28055e-08)
(2.5626e-09 4.25216e-10 1.51473e-08)
(2.47264e-09 4.25863e-10 1.76618e-08)
(2.31953e-09 4.25788e-10 2.03441e-08)
(2.10132e-09 4.25032e-10 2.31894e-08)
(1.81634e-09 4.23635e-10 2.61928e-08)
(1.46315e-09 4.21639e-10 2.93496e-08)
(1.04057e-09 4.19083e-10 3.26552e-08)
(5.4767e-10 4.16001e-10 3.61049e-08)
(-1.62765e-11 4.12425e-10 3.96943e-08)
(-6.51768e-10 4.0838e-10 4.34188e-08)
(-1.3591e-09 4.03892e-10 4.7274e-08)
(-2.13837e-09 3.98983e-10 5.12555e-08)
(-2.98948e-09 3.93671e-10 5.5359e-08)
(-3.91219e-09 3.87978e-10 5.95804e-08)
(-4.90605e-09 3.8192e-10 6.39153e-08)
(-5.97049e-09 3.75516e-10 6.83597e-08)
(-7.10479e-09 3.68783e-10 7.29096e-08)
(-8.30807e-09 3.61739e-10 7.7561e-08)
(-9.57936e-09 3.54402e-10 8.23101e-08)
(-1.09176e-08 3.4679e-10 8.71529e-08)
(-1.23215e-08 3.38919e-10 9.20858e-08)
(-1.37898e-08 3.30809e-10 9.71051e-08)
(-1.53211e-08 3.22477e-10 1.02207e-07)
(-1.69139e-08 3.1394e-10 1.07389e-07)
(-1.85667e-08 3.05218e-10 1.12646e-07)
(-2.02779e-08 2.96328e-10 1.17976e-07)
(-2.20459e-08 2.87288e-10 1.23375e-07)
(-2.38688e-08 2.78117e-10 1.2884e-07)
(-2.57449e-08 2.68832e-10 1.34368e-07)
(-2.76725e-08 2.59451e-10 1.39956e-07)
(-2.96496e-08 2.49993e-10 1.456e-07)
(-3.16746e-08 2.40476e-10 1.51299e-07)
(-3.37454e-08 2.30916e-10 1.57048e-07)
(-3.58602e-08 2.21333e-10 1.62846e-07)
(-3.80171e-08 2.11744e-10 1.6869e-07)
(-4.02141e-08 2.02166e-10 1.74576e-07)
(-4.24495e-08 1.92617e-10 1.80503e-07)
(-4.47214e-08 1.83114e-10 1.86467e-07)
(-4.70277e-08 1.73675e-10 1.92468e-07)
(-4.93668e-08 1.64317e-10 1.98501e-07)
(-5.17367e-08 1.55057e-10 2.04565e-07)
(-5.41356e-08 1.45911e-10 2.10658e-07)
(-5.65618e-08 1.36897e-10 2.16777e-07)
(-5.90134e-08 1.28032e-10 2.2292e-07)
(-6.14887e-08 1.19331e-10 2.29086e-07)
(-6.39862e-08 1.1081e-10 2.35273e-07)
(-6.6504e-08 1.02487e-10 2.41478e-07)
(-6.90406e-08 9.4376e-11 2.47699e-07)
(-7.15944e-08 8.64935e-11 2.53936e-07)
(-7.41639e-08 7.88548e-11 2.60186e-07)
(-7.67477e-08 7.14751e-11 2.66448e-07)
(-7.93443e-08 6.43694e-11 2.7272e-07)
(-8.19523e-08 5.75525e-11 2.79001e-07)
(-8.45704e-08 5.1039e-11 2.85289e-07)
(-8.71975e-08 4.48433e-11 2.91583e-07)
(-8.98322e-08 3.89798e-11 2.97883e-07)
(-9.24735e-08 3.34628e-11 3.04186e-07)
(-9.51202e-08 2.83065e-11 3.10491e-07)
(-9.77714e-08 2.35255e-11 3.16799e-07)
(-1.00426e-07 1.91342e-11 3.23107e-07)
(-1.03084e-07 1.51469e-11 3.29416e-07)
(-1.05743e-07 1.15766e-11 3.35723e-07)
(-1.08403e-07 8.43247e-12 3.4203e-07)
(-1.11064e-07 5.71461e-12 3.48334e-07)
(-1.13724e-07 3.40327e-12 3.54636e-07)
(-1.16384e-07 1.43562e-12 3.60935e-07)
(-1.19043e-07 -3.98237e-13 3.67231e-07)
(-1.217e-07 -2.16353e-12 3.73524e-07)
(-1.24356e-07 -3.50405e-12 3.79813e-07)
(0 0 0)
(2.94669e-10 2.2073e-10 1.74416e-10)
(6.35057e-10 2.68719e-10 5.84183e-10)
(9.80449e-10 2.77965e-10 1.1892e-09)
(1.30495e-09 2.83247e-10 1.99224e-09)
(1.60072e-09 2.87607e-10 2.99632e-09)
(1.86246e-09 2.91449e-10 4.20109e-09)
(2.08504e-09 2.94978e-10 5.60431e-09)
(2.26388e-09 2.9819e-10 7.20262e-09)
(2.39487e-09 3.0103e-10 8.99197e-09)
(2.47432e-09 3.03443e-10 1.09679e-08)
(2.49893e-09 3.05379e-10 1.31257e-08)
(2.46578e-09 3.06807e-10 1.54608e-08)
(2.37227e-09 3.07715e-10 1.79681e-08)
(2.21612e-09 3.08109e-10 2.06431e-08)
(1.99534e-09 3.08002e-10 2.34808e-08)
(1.7082e-09 3.07419e-10 2.64767e-08)
(1.35328e-09 3.06383e-10 2.96259e-08)
(9.29349e-10 3.04919e-10 3.2924e-08)
(4.3546e-10 3.03051e-10 3.63662e-08)
(-1.29125e-10 3.008e-10 3.99482e-08)
(-7.64922e-10 2.98186e-10 4.36653e-08)
(-1.47224e-09 2.95226e-10 4.75132e-08)
(-2.2512e-09 2.91937e-10 5.14875e-08)
(-3.10173e-09 2.88332e-10 5.55839e-08)
(-4.02358e-09 2.84426e-10 5.97982e-08)
(-5.01633e-09 2.80234e-10 6.41262e-08)
(-6.07943e-09 2.75768e-10 6.85638e-08)
(-7.21217e-09 2.71042e-10 7.31069e-08)
(-8.4137e-09 2.66069e-10 7.77517e-08)
(-9.68305e-09 2.60863e-10 8.24942e-08)
(-1.10191e-08 2.55437e-10 8.73307e-08)
(-1.24208e-08 2.49805e-10 9.22573e-08)
(-1.38867e-08 2.43981e-10 9.72704e-08)
(-1.54154e-08 2.37977e-10 1.02366e-07)
(-1.70056e-08 2.31809e-10 1.07542e-07)
(-1.86557e-08 2.2549e-10 1.12793e-07)
(-2.03641e-08 2.19033e-10 1.18117e-07)
(-2.21291e-08 2.12454e-10 1.23511e-07)
(-2.3949e-08 2.05765e-10 1.2897e-07)
(-2.58221e-08 1.98981e-10 1.34493e-07)
(-2.77466e-08 1.92115e-10 1.40075e-07)
(-2.97207e-08 1.85181e-10 1.45715e-07)
(-3.17425e-08 1.78194e-10 1.51408e-07)
(-3.38102e-08 1.71166e-10 1.57153e-07)
(-3.59218e-08 1.64113e-10 1.62946e-07)
(-3.80756e-08 1.57046e-10 1.68784e-07)
(-4.02696e-08 1.4998e-10 1.74666e-07)
(-4.25019e-08 1.42929e-10 1.80588e-07)
(-4.47707e-08 1.35905e-10 1.86548e-07)
(-4.7074e-08 1.28923e-10 1.92544e-07)
(-4.94101e-08 1.21995e-10 1.98573e-07)
(-5.17771e-08 1.15134e-10 2.04633e-07)
(-5.41731e-08 1.08353e-10 2.10722e-07)
(-5.65965e-08 1.01666e-10 2.16837e-07)
(-5.90454e-08 9.50854e-11 2.22977e-07)
(-6.15181e-08 8.86231e-11 2.29139e-07)
(-6.4013e-08 8.2292e-11 2.35322e-07)
(-6.65283e-08 7.61045e-11 2.41523e-07)
(-6.90625e-08 7.00727e-11 2.47741e-07)
(-7.16141e-08 6.42086e-11 2.53975e-07)
(-7.41814e-08 5.85242e-11 2.60222e-07)
(-7.67631e-08 5.30311e-11 2.6648e-07)
(-7.93577e-08 4.77409e-11 2.72749e-07)
(-8.19639e-08 4.26648e-11 2.79027e-07)
(-8.45803e-08 3.78143e-11 2.85313e-07)
(-8.72057e-08 3.32004e-11 2.91605e-07)
(-8.98389e-08 2.88342e-11 2.97902e-07)
(-9.24788e-08 2.47269e-11 3.04202e-07)
(-9.51242e-08 2.08897e-11 3.10506e-07)
(-9.77743e-08 1.7334e-11 3.16811e-07)
(-1.00428e-07 1.40713e-11 3.23118e-07)
(-1.03085e-07 1.11128e-11 3.29425e-07)
(-1.05743e-07 8.46877e-12 3.35731e-07)
(-1.08403e-07 6.14571e-12 3.42036e-07)
(-1.11063e-07 4.14234e-12 3.48339e-07)
(-1.13723e-07 2.44017e-12 3.54639e-07)
(-1.16382e-07 9.81017e-13 3.60938e-07)
(-1.19041e-07 -3.48659e-13 3.67233e-07)
(-1.21698e-07 -1.5872e-12 3.73526e-07)
(-1.24354e-07 -2.69824e-12 3.79815e-07)
(0 0 0)
(2.63991e-10 1.17227e-10 2.34424e-10)
(5.99646e-10 1.5756e-10 6.99032e-10)
(9.4502e-10 1.73024e-10 1.34245e-09)
(1.26775e-09 1.80984e-10 2.17153e-09)
(1.56011e-09 1.85714e-10 3.19285e-09)
(1.8177e-09 1.88996e-10 4.40835e-09)
(2.03591e-09 1.91629e-10 5.81754e-09)
(2.21047e-09 1.93896e-10 7.4184e-09)
(2.33742e-09 1.9588e-10 9.20788e-09)
(2.41317e-09 1.97588e-10 1.11822e-08)
(2.43446e-09 1.98999e-10 1.33374e-08)
(2.39835e-09 2.00092e-10 1.56689e-08)
(2.30225e-09 2.00855e-10 1.81722e-08)
(2.14384e-09 2.01286e-10 2.08428e-08)
(1.92112e-09 2.01389e-10 2.3676e-08)
(1.63236e-09 2.01177e-10 2.66671e-08)
(1.27609e-09 2.00663e-10 2.98116e-08)
(8.51096e-10 1.99863e-10 3.31049e-08)
(3.564e-10 1.9879e-10 3.65423e-08)
(-2.08744e-10 1.97458e-10 4.01194e-08)
(-8.44865e-10 1.95879e-10 4.38317e-08)
(-1.55228e-09 1.94066e-10 4.76748e-08)
(-2.33113e-09 1.92027e-10 5.16444e-08)
(-3.18134e-09 1.89774e-10 5.57361e-08)
(-4.10267e-09 1.87315e-10 5.99457e-08)
(-5.09474e-09 1.8466e-10 6.42691e-08)
(-6.15698e-09 1.81817e-10 6.87022e-08)
(-7.2887e-09 1.78796e-10 7.32409e-08)
(-8.48907e-09 1.75604e-10 7.78813e-08)
(-9.75712e-09 1.72252e-10 8.26194e-08)
(-1.10918e-08 1.68748e-10 8.74516e-08)
(-1.24919e-08 1.65102e-10 9.23739e-08)
(-1.39561e-08 1.61322e-10 9.73829e-08)
(-1.54831e-08 1.57418e-10 1.02475e-07)
(-1.70715e-08 1.53399e-10 1.07646e-07)
(-1.87197e-08 1.49275e-10 1.12894e-07)
(-2.04261e-08 1.45054e-10 1.18214e-07)
(-2.21891e-08 1.40747e-10 1.23604e-07)
(-2.40069e-08 1.36362e-10 1.29059e-07)
(-2.58779e-08 1.31909e-10 1.34578e-07)
(-2.78003e-08 1.27398e-10 1.40157e-07)
(-2.97721e-08 1.22838e-10 1.45793e-07)
(-3.17917e-08 1.18237e-10 1.51483e-07)
(-3.38572e-08 1.13607e-10 1.57224e-07)
(-3.59667e-08 1.08954e-10 1.63014e-07)
(-3.81182e-08 1.0429e-10 1.68849e-07)
(-4.031e-08 9.96233e-11 1.74728e-07)
(-4.25401e-08 9.49626e-11 1.80647e-07)
(-4.48067e-08 9.03173e-11 1.86604e-07)
(-4.71079e-08 8.56964e-11 1.92597e-07)
(-4.94419e-08 8.11089e-11 1.98623e-07)
(-5.18068e-08 7.65637e-11 2.0468e-07)
(-5.42008e-08 7.20695e-11 2.10766e-07)
(-5.66221e-08 6.76351e-11 2.16878e-07)
(-5.90691e-08 6.32692e-11 2.23015e-07)
(-6.15399e-08 5.89803e-11 2.29175e-07)
(-6.40329e-08 5.47769e-11 2.35355e-07)
(-6.65465e-08 5.06673e-11 2.41554e-07)
(-6.9079e-08 4.66598e-11 2.4777e-07)
(-7.16289e-08 4.27626e-11 2.54001e-07)
(-7.41946e-08 3.89837e-11 2.60246e-07)
(-7.67748e-08 3.5331e-11 2.66503e-07)
(-7.9368e-08 3.18124e-11 2.7277e-07)
(-8.19728e-08 2.84356e-11 2.79046e-07)
(-8.45879e-08 2.52081e-11 2.8533e-07)
(-8.72121e-08 2.21377e-11 2.9162e-07)
(-8.98442e-08 1.9232e-11 2.97915e-07)
(-9.24831e-08 1.64985e-11 3.04214e-07)
(-9.51276e-08 1.3945e-11 3.10516e-07)
(-9.77768e-08 1.15795e-11 3.1682e-07)
(-1.0043e-07 9.40994e-12 3.23125e-07)
(-1.03086e-07 7.44404e-12 3.29431e-07)
(-1.05743e-07 5.68849e-12 3.35736e-07)
(-1.08403e-07 4.14713e-12 3.4204e-07)
(-1.11062e-07 2.81774e-12 3.48342e-07)
(-1.13722e-07 1.68653e-12 3.54642e-07)
(-1.16381e-07 7.17989e-13 3.6094e-07)
(-1.1904e-07 -1.4712e-13 3.67235e-07)
(-1.21697e-07 -9.50636e-13 3.73527e-07)
(-1.24353e-07 -1.77925e-12 3.79817e-07)
(0 0 0)
(2.52236e-10 5.1328e-11 2.6144e-10)
(5.81012e-10 7.32064e-11 7.54132e-10)
(9.24196e-10 8.31052e-11 1.41962e-09)
(1.24551e-09 8.84573e-11 2.26503e-09)
(1.53602e-09 9.158e-11 3.29799e-09)
(1.7914e-09 9.35835e-11 4.52137e-09)
(2.00724e-09 9.505e-11 5.93549e-09)
(2.17939e-09 9.62371e-11 7.53905e-09)
(2.30403e-09 9.72453e-11 9.32957e-09)
(2.37762e-09 9.81051e-11 1.13038e-08)
(2.39694e-09 9.8818e-11 1.34579e-08)
(2.35907e-09 9.93769e-11 1.57878e-08)
(2.2614e-09 9.97759e-11 1.82892e-08)
(2.10163e-09 1.00013e-10 2.09575e-08)
(1.87774e-09 1.0009e-10 2.37882e-08)
(1.58798e-09 1.0001e-10 2.67768e-08)
(1.23089e-09 9.97817e-11 2.99186e-08)
(8.05233e-10 9.94101e-11 3.32092e-08)
(3.10029e-10 9.89024e-11 3.66439e-08)
(-2.55477e-10 9.82651e-11 4.02183e-08)
(-8.9182e-10 9.75043e-11 4.39279e-08)
(-1.59933e-09 9.66254e-11 4.77683e-08)
(-2.37814e-09 9.56337e-11 5.17351e-08)
(-3.22819e-09 9.45338e-11 5.58242e-08)
(-4.14926e-09 9.33304e-11 6.00312e-08)
(-5.14095e-09 9.2028e-11 6.43519e-08)
(-6.20271e-09 9.0631e-11 6.87824e-08)
(-7.33386e-09 8.91438e-11 7.33185e-08)
(-8.53357e-09 8.75709e-11 7.79563e-08)
(-9.80088e-09 8.59166e-11 8.2692e-08)
(-1.11347e-08 8.41856e-11 8.75217e-08)
(-1.25339e-08 8.23823e-11 9.24416e-08)
(-1.39972e-08 8.05114e-11 9.74482e-08)
(-1.55232e-08 7.85774e-11 1.02538e-07)
(-1.71106e-08 7.65851e-11 1.07707e-07)
(-1.87576e-08 7.45391e-11 1.12952e-07)
(-2.04629e-08 7.24441e-11 1.1827e-07)
(-2.22247e-08 7.03048e-11 1.23657e-07)
(-2.40413e-08 6.81259e-11 1.29111e-07)
(-2.59111e-08 6.59121e-11 1.34628e-07)
(-2.78321e-08 6.36682e-11 1.40205e-07)
(-2.98028e-08 6.13988e-11 1.45838e-07)
(-3.18211e-08 5.91087e-11 1.51526e-07)
(-3.38852e-08 5.68025e-11 1.57265e-07)
(-3.59934e-08 5.44849e-11 1.63053e-07)
(-3.81436e-08 5.21605e-11 1.68887e-07)
(-4.03341e-08 4.98339e-11 1.74763e-07)
(-4.25629e-08 4.75098e-11 1.80681e-07)
(-4.48283e-08 4.51927e-11 1.86636e-07)
(-4.71282e-08 4.28872e-11 1.92627e-07)
(-4.94609e-08 4.05977e-11 1.98651e-07)
(-5.18246e-08 3.83288e-11 2.04707e-07)
(-5.42174e-08 3.60848e-11 2.10791e-07)
(-5.66376e-08 3.38702e-11 2.16902e-07)
(-5.90834e-08 3.16893e-11 2.23038e-07)
(-6.15531e-08 2.95465e-11 2.29196e-07)
(-6.4045e-08 2.7446e-11 2.35375e-07)
(-6.65575e-08 2.53919e-11 2.41572e-07)
(-6.9089e-08 2.33886e-11 2.47787e-07)
(-7.16379e-08 2.144e-11 2.54017e-07)
(-7.42027e-08 1.95503e-11 2.6026e-07)
(-7.6782e-08 1.77234e-11 2.66515e-07)
(-7.93743e-08 1.59632e-11 2.72781e-07)
(-8.19783e-08 1.42737e-11 2.79056e-07)
(-8.45926e-08 1.26588e-11 2.85339e-07)
(-8.72161e-08 1.11222e-11 2.91628e-07)
(-8.98476e-08 9.66782e-12 2.97922e-07)
(-9.24858e-08 8.29959e-12 3.04221e-07)
(-9.51298e-08 7.02147e-12 3.10522e-07)
(-9.77785e-08 5.83747e-12 3.16825e-07)
(-1.00431e-07 4.75169e-12 3.2313e-07)
(-1.03086e-07 3.768e-12 3.29434e-07)
(-1.05744e-07 2.88968e-12 3.35739e-07)
(-1.08403e-07 2.11841e-12 3.42042e-07)
(-1.11062e-07 1.45277e-12 3.48344e-07)
(-1.13722e-07 8.85607e-13 3.54644e-07)
(-1.16381e-07 4.00065e-13 3.60941e-07)
(-1.19039e-07 -2.8835e-14 3.67236e-07)
(-1.21696e-07 -4.22505e-13 3.73528e-07)
(-1.24352e-07 -8.34675e-13 3.79818e-07)
(0 0 0)
(2.48947e-10 -1.74204e-19 2.69442e-10)
(5.75441e-10 -3.55724e-19 7.70736e-10)
(9.1765e-10 -5.57954e-19 1.44328e-09)
(1.2383e-09 -7.82494e-19 2.29412e-09)
(1.52812e-09 -1.02998e-18 3.33109e-09)
(1.78276e-09 -1.29373e-18 4.55727e-09)
(1.99782e-09 -1.56003e-18 5.97323e-09)
(2.16918e-09 -1.82324e-18 7.57786e-09)
(2.29306e-09 -2.08194e-18 9.36888e-09)
(2.36594e-09 -2.34494e-18 1.13432e-08)
(2.38461e-09 -2.62605e-18 1.34971e-08)
(2.34615e-09 -2.93831e-18 1.58266e-08)
(2.24796e-09 -3.28791e-18 1.83273e-08)
(2.08773e-09 -3.66451e-18 2.09949e-08)
(1.86345e-09 -4.05514e-18 2.38249e-08)
(1.57336e-09 -4.46235e-18 2.68126e-08)
(1.21599e-09 -4.89639e-18 2.99536e-08)
(7.90107e-10 -5.34983e-18 3.32433e-08)
(2.94729e-10 -5.81245e-18 3.66771e-08)
(-2.70901e-10 -6.29178e-18 4.02506e-08)
(-9.07323e-10 -6.79993e-18 4.39593e-08)
(-1.61487e-09 -7.33689e-18 4.77989e-08)
(-2.39367e-09 -7.90245e-18 5.17649e-08)
(-3.24367e-09 -8.50359e-18 5.5853e-08)
(-4.16466e-09 -9.14365e-18 6.00591e-08)
(-5.15623e-09 -9.82256e-18 6.43791e-08)
(-6.21784e-09 -1.05349e-17 6.88087e-08)
(-7.3488e-09 -1.12715e-17 7.3344e-08)
(-8.5483e-09 -1.20216e-17 7.7981e-08)
(-9.81536e-09 -1.27694e-17 8.27158e-08)
(-1.11489e-08 -1.35075e-17 8.75447e-08)
(-1.25479e-08 -1.4248e-17 9.24638e-08)
(-1.40108e-08 -1.50284e-17 9.74696e-08)
(-1.55365e-08 -1.58922e-17 1.02558e-07)
(-1.71235e-08 -1.68596e-17 1.07727e-07)
(-1.87702e-08 -1.79387e-17 1.12971e-07)
(-2.04751e-08 -1.90951e-17 1.18288e-07)
(-2.22365e-08 -2.02578e-17 1.23675e-07)
(-2.40527e-08 -2.13956e-17 1.29128e-07)
(-2.59221e-08 -2.25442e-17 1.34644e-07)
(-2.78427e-08 -2.37528e-17 1.4022e-07)
(-2.98129e-08 -2.50752e-17 1.45853e-07)
(-3.18308e-08 -2.65814e-17 1.5154e-07)
(-3.38946e-08 -2.81459e-17 1.57279e-07)
(-3.60023e-08 -2.95895e-17 1.63066e-07)
(-3.81521e-08 -3.0954e-17 1.68899e-07)
(-4.03421e-08 -3.23285e-17 1.74775e-07)
(-4.25706e-08 -3.3741e-17 1.80692e-07)
(-4.48354e-08 -3.52031e-17 1.86646e-07)
(-4.7135e-08 -3.67116e-17 1.92637e-07)
(-4.94673e-08 -3.82185e-17 1.98661e-07)
(-5.18305e-08 -3.97328e-17 2.04716e-07)
(-5.42229e-08 -4.12402e-17 2.10799e-07)
(-5.66427e-08 -4.27037e-17 2.1691e-07)
(-5.90881e-08 -4.42124e-17 2.23045e-07)
(-6.15575e-08 -4.57927e-17 2.29203e-07)
(-6.4049e-08 -4.73923e-17 2.35381e-07)
(-6.65612e-08 -4.89692e-17 2.41578e-07)
(-6.90923e-08 -5.04819e-17 2.47792e-07)
(-7.16409e-08 -5.19685e-17 2.54022e-07)
(-7.42054e-08 -5.34977e-17 2.60265e-07)
(-7.67844e-08 -5.50809e-17 2.6652e-07)
(-7.93764e-08 -5.67194e-17 2.72785e-07)
(-8.19801e-08 -5.8417e-17 2.7906e-07)
(-8.45942e-08 -6.01179e-17 2.85342e-07)
(-8.72175e-08 -6.17659e-17 2.91631e-07)
(-8.98487e-08 -6.33787e-17 2.97925e-07)
(-9.24867e-08 -6.49797e-17 3.04223e-07)
(-9.51305e-08 -6.66449e-17 3.10524e-07)
(-9.77791e-08 -6.8337e-17 3.16827e-07)
(-1.00431e-07 -6.98999e-17 3.23131e-07)
(-1.03087e-07 -7.14481e-17 3.29436e-07)
(-1.05744e-07 -7.31231e-17 3.3574e-07)
(-1.08403e-07 -7.48286e-17 3.42043e-07)
(-1.11062e-07 -7.66477e-17 3.48345e-07)
(-1.13722e-07 -7.8871e-17 3.54644e-07)
(-1.16381e-07 -8.1484e-17 3.60942e-07)
(-1.19039e-07 -8.40694e-17 3.67237e-07)
(-1.21696e-07 -8.68369e-17 3.73529e-07)
(-1.24352e-07 -8.92921e-17 3.79818e-07)
(0 0 0)
(2.52236e-10 -5.1328e-11 2.6144e-10)
(5.81012e-10 -7.32064e-11 7.54132e-10)
(9.24196e-10 -8.31052e-11 1.41962e-09)
(1.24551e-09 -8.84573e-11 2.26503e-09)
(1.53602e-09 -9.158e-11 3.29799e-09)
(1.7914e-09 -9.35835e-11 4.52137e-09)
(2.00724e-09 -9.50501e-11 5.93549e-09)
(2.17939e-09 -9.62371e-11 7.53905e-09)
(2.30403e-09 -9.72453e-11 9.32957e-09)
(2.37762e-09 -9.81051e-11 1.13038e-08)
(2.39694e-09 -9.8818e-11 1.34579e-08)
(2.35907e-09 -9.93769e-11 1.57878e-08)
(2.2614e-09 -9.97759e-11 1.82892e-08)
(2.10163e-09 -1.00013e-10 2.09575e-08)
(1.87774e-09 -1.0009e-10 2.37882e-08)
(1.58798e-09 -1.0001e-10 2.67768e-08)
(1.23089e-09 -9.97817e-11 2.99186e-08)
(8.05233e-10 -9.94101e-11 3.32092e-08)
(3.10029e-10 -9.89024e-11 3.66439e-08)
(-2.55477e-10 -9.82651e-11 4.02183e-08)
(-8.9182e-10 -9.75043e-11 4.39279e-08)
(-1.59933e-09 -9.66255e-11 4.77683e-08)
(-2.37814e-09 -9.56337e-11 5.17351e-08)
(-3.22819e-09 -9.45338e-11 5.58242e-08)
(-4.14926e-09 -9.33304e-11 6.00312e-08)
(-5.14095e-09 -9.2028e-11 6.43519e-08)
(-6.20271e-09 -9.0631e-11 6.87824e-08)
(-7.33386e-09 -8.91438e-11 7.33185e-08)
(-8.53357e-09 -8.75709e-11 7.79563e-08)
(-9.80088e-09 -8.59167e-11 8.2692e-08)
(-1.11347e-08 -8.41856e-11 8.75217e-08)
(-1.25339e-08 -8.23824e-11 9.24416e-08)
(-1.39972e-08 -8.05114e-11 9.74482e-08)
(-1.55232e-08 -7.85775e-11 1.02538e-07)
(-1.71106e-08 -7.65852e-11 1.07707e-07)
(-1.87576e-08 -7.45391e-11 1.12952e-07)
(-2.04629e-08 -7.24441e-11 1.1827e-07)
(-2.22247e-08 -7.03048e-11 1.23657e-07)
(-2.40413e-08 -6.81259e-11 1.29111e-07)
(-2.59111e-08 -6.59122e-11 1.34628e-07)
(-2.78321e-08 -6.36682e-11 1.40205e-07)
(-2.98028e-08 -6.13989e-11 1.45838e-07)
(-3.18211e-08 -5.91088e-11 1.51526e-07)
(-3.38852e-08 -5.68026e-11 1.57265e-07)
(-3.59934e-08 -5.44849e-11 1.63053e-07)
(-3.81436e-08 -5.21605e-11 1.68887e-07)
(-4.03341e-08 -4.9834e-11 1.74763e-07)
(-4.25629e-08 -4.75099e-11 1.80681e-07)
(-4.48283e-08 -4.51928e-11 1.86636e-07)
(-4.71282e-08 -4.28872e-11 1.92627e-07)
(-4.94609e-08 -4.05978e-11 1.98651e-07)
(-5.18246e-08 -3.83288e-11 2.04707e-07)
(-5.42174e-08 -3.60849e-11 2.10791e-07)
(-5.66376e-08 -3.38703e-11 2.16902e-07)
(-5.90834e-08 -3.16894e-11 2.23038e-07)
(-6.15531e-08 -2.95466e-11 2.29196e-07)
(-6.4045e-08 -2.74461e-11 2.35375e-07)
(-6.65575e-08 -2.5392e-11 2.41572e-07)
(-6.9089e-08 -2.33887e-11 2.47787e-07)
(-7.16379e-08 -2.14401e-11 2.54017e-07)
(-7.42027e-08 -1.95504e-11 2.6026e-07)
(-7.6782e-08 -1.77235e-11 2.66515e-07)
(-7.93743e-08 -1.59633e-11 2.72781e-07)
(-8.19783e-08 -1.42738e-11 2.79056e-07)
(-8.45926e-08 -1.26589e-11 2.85339e-07)
(-8.72161e-08 -1.11223e-11 2.91628e-07)
(-8.98476e-08 -9.66794e-12 2.97922e-07)
(-9.24858e-08 -8.29972e-12 3.04221e-07)
(-9.51298e-08 -7.0216e-12 3.10522e-07)
(-9.77785e-08 -5.83761e-12 3.16825e-07)
(-1.00431e-07 -4.75182e-12 3.2313e-07)
(-1.03086e-07 -3.76814e-12 3.29434e-07)
(-1.05744e-07 -2.88982e-12 3.35739e-07)
(-1.08403e-07 -2.11856e-12 3.42042e-07)
(-1.11062e-07 -1.45292e-12 3.48344e-07)
(-1.13722e-07 -8.85765e-13 3.54644e-07)
(-1.16381e-07 -4.00229e-13 3.60941e-07)
(-1.19039e-07 2.8667e-14 3.67236e-07)
(-1.21696e-07 4.22332e-13 3.73528e-07)
(-1.24352e-07 8.34497e-13 3.79818e-07)
(0 0 0)
(2.63991e-10 -1.17227e-10 2.34424e-10)
(5.99646e-10 -1.5756e-10 6.99032e-10)
(9.4502e-10 -1.73024e-10 1.34245e-09)
(1.26775e-09 -1.80984e-10 2.17153e-09)
(1.56011e-09 -1.85714e-10 3.19285e-09)
(1.8177e-09 -1.88996e-10 4.40835e-09)
(2.03591e-09 -1.91629e-10 5.81754e-09)
(2.21047e-09 -1.93896e-10 7.4184e-09)
(2.33742e-09 -1.9588e-10 9.20788e-09)
(2.41317e-09 -1.97588e-10 1.11822e-08)
(2.43446e-09 -1.98999e-10 1.33374e-08)
(2.39835e-09 -2.00092e-10 1.56689e-08)
(2.30225e-09 -2.00855e-10 1.81722e-08)
(2.14384e-09 -2.01286e-10 2.08428e-08)
(1.92112e-09 -2.01389e-10 2.3676e-08)
(1.63236e-09 -2.01177e-10 2.66671e-08)
(1.27609e-09 -2.00663e-10 2.98116e-08)
(8.51096e-10 -1.99863e-10 3.31049e-08)
(3.564e-10 -1.9879e-10 3.65423e-08)
(-2.08744e-10 -1.97458e-10 4.01194e-08)
(-8.44865e-10 -1.95879e-10 4.38317e-08)
(-1.55228e-09 -1.94066e-10 4.76748e-08)
(-2.33113e-09 -1.92027e-10 5.16444e-08)
(-3.18134e-09 -1.89774e-10 5.57361e-08)
(-4.10267e-09 -1.87315e-10 5.99457e-08)
(-5.09474e-09 -1.8466e-10 6.42691e-08)
(-6.15698e-09 -1.81817e-10 6.87022e-08)
(-7.2887e-09 -1.78796e-10 7.32409e-08)
(-8.48907e-09 -1.75604e-10 7.78813e-08)
(-9.75712e-09 -1.72252e-10 8.26194e-08)
(-1.10918e-08 -1.68748e-10 8.74516e-08)
(-1.24919e-08 -1.65102e-10 9.23739e-08)
(-1.39561e-08 -1.61322e-10 9.73829e-08)
(-1.54831e-08 -1.57418e-10 1.02475e-07)
(-1.70715e-08 -1.53399e-10 1.07646e-07)
(-1.87197e-08 -1.49275e-10 1.12894e-07)
(-2.04261e-08 -1.45054e-10 1.18214e-07)
(-2.21891e-08 -1.40747e-10 1.23604e-07)
(-2.40069e-08 -1.36362e-10 1.29059e-07)
(-2.58779e-08 -1.31909e-10 1.34578e-07)
(-2.78003e-08 -1.27398e-10 1.40157e-07)
(-2.97721e-08 -1.22838e-10 1.45793e-07)
(-3.17917e-08 -1.18237e-10 1.51483e-07)
(-3.38572e-08 -1.13607e-10 1.57224e-07)
(-3.59667e-08 -1.08954e-10 1.63014e-07)
(-3.81182e-08 -1.0429e-10 1.68849e-07)
(-4.031e-08 -9.96234e-11 1.74728e-07)
(-4.25401e-08 -9.49627e-11 1.80647e-07)
(-4.48067e-08 -9.03174e-11 1.86604e-07)
(-4.71079e-08 -8.56965e-11 1.92597e-07)
(-4.94419e-08 -8.1109e-11 1.98623e-07)
(-5.18068e-08 -7.65637e-11 2.0468e-07)
(-5.42008e-08 -7.20696e-11 2.10766e-07)
(-5.66221e-08 -6.76352e-11 2.16878e-07)
(-5.90691e-08 -6.32693e-11 2.23015e-07)
(-6.15399e-08 -5.89804e-11 2.29175e-07)
(-6.40329e-08 -5.4777e-11 2.35355e-07)
(-6.65465e-08 -5.06674e-11 2.41554e-07)
(-6.9079e-08 -4.66599e-11 2.4777e-07)
(-7.16289e-08 -4.27627e-11 2.54001e-07)
(-7.41946e-08 -3.89838e-11 2.60246e-07)
(-7.67748e-08 -3.53312e-11 2.66503e-07)
(-7.9368e-08 -3.18125e-11 2.7277e-07)
(-8.19728e-08 -2.84357e-11 2.79046e-07)
(-8.45879e-08 -2.52083e-11 2.8533e-07)
(-8.72121e-08 -2.21379e-11 2.9162e-07)
(-8.98442e-08 -1.92321e-11 2.97915e-07)
(-9.24831e-08 -1.64986e-11 3.04214e-07)
(-9.51276e-08 -1.39451e-11 3.10516e-07)
(-9.77768e-08 -1.15796e-11 3.1682e-07)
(-1.0043e-07 -9.41008e-12 3.23125e-07)
(-1.03086e-07 -7.44419e-12 3.29431e-07)
(-1.05743e-07 -5.68864e-12 3.35736e-07)
(-1.08403e-07 -4.14728e-12 3.4204e-07)
(-1.11062e-07 -2.81789e-12 3.48342e-07)
(-1.13722e-07 -1.68669e-12 3.54642e-07)
(-1.16381e-07 -7.18152e-13 3.6094e-07)
(-1.1904e-07 1.46953e-13 3.67235e-07)
(-1.21697e-07 9.50466e-13 3.73527e-07)
(-1.24353e-07 1.77907e-12 3.79817e-07)
(0 0 0)
(2.94669e-10 -2.2073e-10 1.74416e-10)
(6.35057e-10 -2.68719e-10 5.84183e-10)
(9.80449e-10 -2.77965e-10 1.1892e-09)
(1.30495e-09 -2.83247e-10 1.99224e-09)
(1.60072e-09 -2.87607e-10 2.99632e-09)
(1.86246e-09 -2.91449e-10 4.20109e-09)
(2.08504e-09 -2.94978e-10 5.60431e-09)
(2.26388e-09 -2.9819e-10 7.20262e-09)
(2.39487e-09 -3.0103e-10 8.99197e-09)
(2.47432e-09 -3.03443e-10 1.09679e-08)
(2.49893e-09 -3.05379e-10 1.31257e-08)
(2.46578e-09 -3.06807e-10 1.54608e-08)
(2.37227e-09 -3.07715e-10 1.79681e-08)
(2.21612e-09 -3.08109e-10 2.06431e-08)
(1.99534e-09 -3.08002e-10 2.34808e-08)
(1.7082e-09 -3.07419e-10 2.64767e-08)
(1.35328e-09 -3.06383e-10 2.96259e-08)
(9.29349e-10 -3.04919e-10 3.2924e-08)
(4.3546e-10 -3.03051e-10 3.63662e-08)
(-1.29125e-10 -3.008e-10 3.99482e-08)
(-7.64922e-10 -2.98186e-10 4.36653e-08)
(-1.47224e-09 -2.95226e-10 4.75132e-08)
(-2.2512e-09 -2.91937e-10 5.14875e-08)
(-3.10173e-09 -2.88332e-10 5.55839e-08)
(-4.02358e-09 -2.84426e-10 5.97982e-08)
(-5.01633e-09 -2.80234e-10 6.41262e-08)
(-6.07943e-09 -2.75768e-10 6.85638e-08)
(-7.21217e-09 -2.71042e-10 7.31069e-08)
(-8.4137e-09 -2.66069e-10 7.77517e-08)
(-9.68305e-09 -2.60863e-10 8.24942e-08)
(-1.10191e-08 -2.55437e-10 8.73307e-08)
(-1.24208e-08 -2.49805e-10 9.22573e-08)
(-1.38867e-08 -2.43981e-10 9.72704e-08)
(-1.54154e-08 -2.37977e-10 1.02366e-07)
(-1.70056e-08 -2.31809e-10 1.07542e-07)
(-1.86557e-08 -2.2549e-10 1.12793e-07)
(-2.03641e-08 -2.19033e-10 1.18117e-07)
(-2.21291e-08 -2.12454e-10 1.23511e-07)
(-2.3949e-08 -2.05765e-10 1.2897e-07)
(-2.58221e-08 -1.98981e-10 1.34493e-07)
(-2.77466e-08 -1.92115e-10 1.40075e-07)
(-2.97207e-08 -1.85181e-10 1.45715e-07)
(-3.17425e-08 -1.78194e-10 1.51408e-07)
(-3.38102e-08 -1.71166e-10 1.57153e-07)
(-3.59218e-08 -1.64113e-10 1.62946e-07)
(-3.80756e-08 -1.57046e-10 1.68784e-07)
(-4.02696e-08 -1.4998e-10 1.74666e-07)
(-4.25019e-08 -1.42929e-10 1.80588e-07)
(-4.47707e-08 -1.35905e-10 1.86548e-07)
(-4.7074e-08 -1.28923e-10 1.92544e-07)
(-4.94101e-08 -1.21995e-10 1.98573e-07)
(-5.17771e-08 -1.15134e-10 2.04633e-07)
(-5.41731e-08 -1.08354e-10 2.10722e-07)
(-5.65965e-08 -1.01666e-10 2.16837e-07)
(-5.90454e-08 -9.50855e-11 2.22977e-07)
(-6.15181e-08 -8.86232e-11 2.29139e-07)
(-6.4013e-08 -8.22921e-11 2.35322e-07)
(-6.65283e-08 -7.61046e-11 2.41523e-07)
(-6.90625e-08 -7.00728e-11 2.47741e-07)
(-7.16141e-08 -6.42087e-11 2.53975e-07)
(-7.41814e-08 -5.85243e-11 2.60222e-07)
(-7.67631e-08 -5.30312e-11 2.6648e-07)
(-7.93577e-08 -4.7741e-11 2.72749e-07)
(-8.19639e-08 -4.2665e-11 2.79027e-07)
(-8.45803e-08 -3.78144e-11 2.85313e-07)
(-8.72057e-08 -3.32005e-11 2.91605e-07)
(-8.98389e-08 -2.88343e-11 2.97902e-07)
(-9.24788e-08 -2.4727e-11 3.04202e-07)
(-9.51242e-08 -2.08898e-11 3.10506e-07)
(-9.77743e-08 -1.73341e-11 3.16811e-07)
(-1.00428e-07 -1.40714e-11 3.23118e-07)
(-1.03085e-07 -1.1113e-11 3.29425e-07)
(-1.05743e-07 -8.46891e-12 3.35731e-07)
(-1.08403e-07 -6.14586e-12 3.42036e-07)
(-1.11063e-07 -4.14249e-12 3.48339e-07)
(-1.13723e-07 -2.44033e-12 3.54639e-07)
(-1.16382e-07 -9.81181e-13 3.60938e-07)
(-1.19041e-07 3.48491e-13 3.67233e-07)
(-1.21698e-07 1.58703e-12 3.73526e-07)
(-1.24354e-07 2.69806e-12 3.79815e-07)
(0 0 0)
(4.09123e-10 -3.72869e-10 3.37474e-11)
(6.75807e-10 -3.91425e-10 3.58096e-10)
(1.01514e-09 -3.90706e-10 9.11843e-10)
(1.34907e-09 -3.95273e-10 1.68473e-09)
(1.6543e-09 -4.00528e-10 2.67173e-09)
(1.92451e-09 -4.05807e-10 3.86797e-09)
(2.15476e-09 -4.10725e-10 5.26838e-09)
(2.34046e-09 -4.15065e-10 6.86768e-09)
(2.47753e-09 -4.18726e-10 8.66051e-09)
(2.56235e-09 -4.21653e-10 1.06415e-08)
(2.59166e-09 -4.23818e-10 1.28055e-08)
(2.5626e-09 -4.25216e-10 1.51473e-08)
(2.47264e-09 -4.25863e-10 1.76618e-08)
(2.31953e-09 -4.25788e-10 2.03441e-08)
(2.10132e-09 -4.25032e-10 2.31894e-08)
(1.81634e-09 -4.23635e-10 2.61928e-08)
(1.46315e-09 -4.21639e-10 2.93496e-08)
(1.04057e-09 -4.19083e-10 3.26552e-08)
(5.4767e-10 -4.16002e-10 3.61049e-08)
(-1.62765e-11 -4.12425e-10 3.96943e-08)
(-6.51768e-10 -4.0838e-10 4.34188e-08)
(-1.3591e-09 -4.03892e-10 4.7274e-08)
(-2.13837e-09 -3.98983e-10 5.12555e-08)
(-2.98948e-09 -3.93671e-10 5.5359e-08)
(-3.91219e-09 -3.87978e-10 5.95804e-08)
(-4.90605e-09 -3.8192e-10 6.39153e-08)
(-5.97049e-09 -3.75516e-10 6.83597e-08)
(-7.10479e-09 -3.68783e-10 7.29096e-08)
(-8.30807e-09 -3.61739e-10 7.7561e-08)
(-9.57936e-09 -3.54402e-10 8.23101e-08)
(-1.09176e-08 -3.4679e-10 8.71529e-08)
(-1.23215e-08 -3.38919e-10 9.20858e-08)
(-1.37898e-08 -3.30809e-10 9.71051e-08)
(-1.53211e-08 -3.22477e-10 1.02207e-07)
(-1.69139e-08 -3.1394e-10 1.07389e-07)
(-1.85667e-08 -3.05218e-10 1.12646e-07)
(-2.02779e-08 -2.96328e-10 1.17976e-07)
(-2.20459e-08 -2.87288e-10 1.23375e-07)
(-2.38688e-08 -2.78117e-10 1.2884e-07)
(-2.57449e-08 -2.68832e-10 1.34368e-07)
(-2.76725e-08 -2.59451e-10 1.39956e-07)
(-2.96496e-08 -2.49993e-10 1.456e-07)
(-3.16746e-08 -2.40476e-10 1.51299e-07)
(-3.37454e-08 -2.30916e-10 1.57048e-07)
(-3.58602e-08 -2.21333e-10 1.62846e-07)
(-3.80171e-08 -2.11744e-10 1.6869e-07)
(-4.02141e-08 -2.02166e-10 1.74576e-07)
(-4.24495e-08 -1.92617e-10 1.80503e-07)
(-4.47214e-08 -1.83114e-10 1.86467e-07)
(-4.70277e-08 -1.73675e-10 1.92468e-07)
(-4.93668e-08 -1.64317e-10 1.98501e-07)
(-5.17367e-08 -1.55057e-10 2.04565e-07)
(-5.41356e-08 -1.45911e-10 2.10658e-07)
(-5.65618e-08 -1.36897e-10 2.16777e-07)
(-5.90134e-08 -1.28032e-10 2.2292e-07)
(-6.14887e-08 -1.19331e-10 2.29086e-07)
(-6.39862e-08 -1.1081e-10 2.35273e-07)
(-6.6504e-08 -1.02487e-10 2.41478e-07)
(-6.90406e-08 -9.4376e-11 2.47699e-07)
(-7.15944e-08 -8.64936e-11 2.53936e-07)
(-7.41639e-08 -7.88549e-11 2.60186e-07)
(-7.67477e-08 -7.14752e-11 2.66448e-07)
(-7.93443e-08 -6.43696e-11 2.7272e-07)
(-8.19523e-08 -5.75527e-11 2.79001e-07)
(-8.45704e-08 -5.10391e-11 2.85289e-07)
(-8.71975e-08 -4.48435e-11 2.91583e-07)
(-8.98322e-08 -3.89799e-11 2.97883e-07)
(-9.24735e-08 -3.34629e-11 3.04186e-07)
(-9.51202e-08 -2.83067e-11 3.10491e-07)
(-9.77714e-08 -2.35257e-11 3.16799e-07)
(-1.00426e-07 -1.91344e-11 3.23107e-07)
(-1.03084e-07 -1.51471e-11 3.29416e-07)
(-1.05743e-07 -1.15767e-11 3.35723e-07)
(-1.08403e-07 -8.43262e-12 3.4203e-07)
(-1.11064e-07 -5.71476e-12 3.48334e-07)
(-1.13724e-07 -3.40343e-12 3.54636e-07)
(-1.16384e-07 -1.43578e-12 3.60935e-07)
(-1.19043e-07 3.98076e-13 3.67231e-07)
(-1.217e-07 2.16337e-12 3.73524e-07)
(-1.24356e-07 3.50389e-12 3.79813e-07)
(0 0 0)
(1.46743e-10 1.09438e-10 -1.38534e-10)
(2.65151e-10 7.48654e-11 1.36591e-10)
(4.253e-10 4.18524e-11 6.71977e-10)
(5.77871e-10 2.39053e-11 1.42882e-09)
(7.03715e-10 1.67167e-11 2.39823e-09)
(7.95651e-10 1.66948e-11 3.57382e-09)
(8.48625e-10 2.11205e-11 4.9498e-09)
(8.5841e-10 2.80932e-11 6.52066e-09)
(8.21405e-10 3.63478e-11 8.28111e-09)
(7.34454e-10 4.5066e-11 1.0226e-08)
(5.94743e-10 5.37379e-11 1.23504e-08)
(3.99738e-10 6.2065e-11 1.46494e-08)
(1.47156e-10 6.98887e-11 1.71183e-08)
(-1.65054e-10 7.71389e-11 1.97526e-08)
(-5.38716e-10 8.37972e-11 2.25476e-08)
(-9.75428e-10 8.98736e-11 2.54988e-08)
(-1.47656e-09 9.53911e-11 2.86019e-08)
(-2.04327e-09 1.00377e-10 3.18524e-08)
(-2.67648e-09 1.04859e-10 3.52459e-08)
(-3.37691e-09 1.08861e-10 3.87781e-08)
(-4.14507e-09 1.12405e-10 4.24448e-08)
(-4.98126e-09 1.15511e-10 4.62416e-08)
(-5.88562e-09 1.18193e-10 5.01645e-08)
(-6.85808e-09 1.20468e-10 5.42093e-08)
(-7.8984e-09 1.2235e-10 5.83718e-08)
(-9.0062e-09 1.2385e-10 6.26482e-08)
(-1.01809e-08 1.24981e-10 6.70344e-08)
(-1.14219e-08 1.25756e-10 7.15265e-08)
(-1.27283e-08 1.26187e-10 7.61208e-08)
(-1.40993e-08 1.26287e-10 8.08134e-08)
(-1.55336e-08 1.26068e-10 8.56006e-08)
(-1.70302e-08 1.25542e-10 9.04788e-08)
(-1.85879e-08 1.24724e-10 9.54444e-08)
(-2.02053e-08 1.23626e-10 1.00494e-07)
(-2.18809e-08 1.22262e-10 1.05624e-07)
(-2.36134e-08 1.20645e-10 1.10831e-07)
(-2.5401e-08 1.18788e-10 1.16112e-07)
(-2.72423e-08 1.16707e-10 1.21464e-07)
(-2.91355e-08 1.14413e-10 1.26883e-07)
(-3.1079e-08 1.11921e-10 1.32366e-07)
(-3.3071e-08 1.09246e-10 1.37911e-07)
(-3.51097e-08 1.064e-10 1.43514e-07)
(-3.71933e-08 1.03398e-10 1.49173e-07)
(-3.93201e-08 1.00254e-10 1.54884e-07)
(-4.14882e-08 9.69805e-11 1.60646e-07)
(-4.36957e-08 9.35927e-11 1.66454e-07)
(-4.59409e-08 9.01038e-11 1.72307e-07)
(-4.82218e-08 8.65275e-11 1.78202e-07)
(-5.05367e-08 8.28773e-11 1.84137e-07)
(-5.28838e-08 7.91667e-11 1.90108e-07)
(-5.52612e-08 7.54091e-11 1.96115e-07)
(-5.76671e-08 7.16177e-11 2.02153e-07)
(-6.00999e-08 6.78056e-11 2.08222e-07)
(-6.25577e-08 6.39857e-11 2.14319e-07)
(-6.50389e-08 6.01709e-11 2.20442e-07)
(-6.75418e-08 5.63738e-11 2.26588e-07)
(-7.00648e-08 5.26068e-11 2.32757e-07)
(-7.26062e-08 4.88821e-11 2.38945e-07)
(-7.51646e-08 4.52119e-11 2.45152e-07)
(-7.77385e-08 4.1608e-11 2.51375e-07)
(-8.03263e-08 3.80819e-11 2.57612e-07)
(-8.29267e-08 3.46451e-11 2.63862e-07)
(-8.55383e-08 3.13086e-11 2.70124e-07)
(-8.81599e-08 2.80834e-11 2.76396e-07)
(-9.07902e-08 2.49799e-11 2.82676e-07)
(-9.3428e-08 2.20088e-11 2.88963e-07)
(-9.60723e-08 1.91801e-11 2.95256e-07)
(-9.87218e-08 1.6504e-11 3.01554e-07)
(-1.01376e-07 1.39904e-11 3.07855e-07)
(-1.04033e-07 1.16491e-11 3.14159e-07)
(-1.06693e-07 9.49026e-12 3.20464e-07)
(-1.09354e-07 7.52346e-12 3.2677e-07)
(-1.12017e-07 5.75775e-12 3.33075e-07)
(-1.1468e-07 4.19976e-12 3.3938e-07)
(-1.17343e-07 2.84994e-12 3.45683e-07)
(-1.20005e-07 1.69559e-12 3.51984e-07)
(-1.22666e-07 6.94274e-13 3.58283e-07)
(-1.25326e-07 -3.35754e-13 3.64579e-07)
(-1.27983e-07 -1.22942e-12 3.70871e-07)
(-1.30639e-07 -1.45773e-12 3.7716e-07)
(0 0 0)
(1.18005e-10 6.48602e-11 3.22098e-11)
(2.64053e-10 4.82882e-11 3.82694e-10)
(4.1416e-10 2.26135e-11 9.54865e-10)
(5.49027e-10 6.52687e-12 1.7334e-09)
(6.59244e-10 -8.99786e-13 2.71505e-09)
(7.38291e-10 -2.2749e-12 3.8961e-09)
(7.8067e-10 3.00105e-13 5.27286e-09)
(7.81745e-10 5.24985e-12 6.84142e-09)
(7.37549e-10 1.14807e-11 8.5976e-09)
(6.44619e-10 1.82691e-11 1.0537e-08)
(4.99897e-10 2.51548e-11 1.26551e-08)
(3.00666e-10 3.18609e-11 1.49474e-08)
(4.45059e-11 3.82334e-11 1.74094e-08)
(-2.7073e-10 4.41972e-11 2.00365e-08)
(-6.46932e-10 4.97243e-11 2.28244e-08)
(-1.08574e-09 5.48132e-11 2.57684e-08)
(-1.58857e-09 5.9476e-11 2.88643e-08)
(-2.15659e-09 6.37298e-11 3.21076e-08)
(-2.79076e-09 6.75929e-11 3.54939e-08)
(-3.49179e-09 7.10828e-11 3.9019e-08)
(-4.26023e-09 7.4215e-11 4.26786e-08)
(-5.0964e-09 7.70032e-11 4.64685e-08)
(-6.00044e-09 7.94596e-11 5.03844e-08)
(-6.97229e-09 8.15951e-11 5.44224e-08)
(-8.01175e-09 8.34201e-11 5.85782e-08)
(-9.11844e-09 8.49441e-11 6.28479e-08)
(-1.02918e-08 8.61768e-11 6.72275e-08)
(-1.15313e-08 8.71275e-11 7.17132e-08)
(-1.28359e-08 8.78058e-11 7.63011e-08)
(-1.42049e-08 8.82212e-11 8.09874e-08)
(-1.56371e-08 8.83836e-11 8.57684e-08)
(-1.71315e-08 8.83028e-11 9.06405e-08)
(-1.86868e-08 8.7989e-11 9.56002e-08)
(-2.03016e-08 8.74524e-11 1.00644e-07)
(-2.19746e-08 8.67033e-11 1.05768e-07)
(-2.37043e-08 8.57524e-11 1.1097e-07)
(-2.54891e-08 8.46102e-11 1.16245e-07)
(-2.73275e-08 8.32873e-11 1.21591e-07)
(-2.92177e-08 8.17945e-11 1.27005e-07)
(-3.11582e-08 8.01425e-11 1.32483e-07)
(-3.31471e-08 7.8342e-11 1.38023e-07)
(-3.51827e-08 7.64039e-11 1.43621e-07)
(-3.72632e-08 7.4339e-11 1.49275e-07)
(-3.93869e-08 7.2158e-11 1.54982e-07)
(-4.15518e-08 6.98716e-11 1.60738e-07)
(-4.37562e-08 6.74906e-11 1.66542e-07)
(-4.59983e-08 6.50256e-11 1.7239e-07)
(-4.82761e-08 6.24873e-11 1.78281e-07)
(-5.0588e-08 5.9886e-11 1.84211e-07)
(-5.2932e-08 5.72324e-11 1.90179e-07)
(-5.53064e-08 5.45367e-11 1.96181e-07)
(-5.77094e-08 5.18093e-11 2.02216e-07)
(-6.01393e-08 4.90603e-11 2.08281e-07)
(-6.25943e-08 4.62997e-11 2.14374e-07)
(-6.50727e-08 4.35374e-11 2.20493e-07)
(-6.75729e-08 4.07834e-11 2.26636e-07)
(-7.00933e-08 3.80472e-11 2.32801e-07)
(-7.26323e-08 3.53383e-11 2.38986e-07)
(-7.51883e-08 3.2666e-11 2.4519e-07)
(-7.77598e-08 3.00396e-11 2.51409e-07)
(-8.03454e-08 2.74681e-11 2.57644e-07)
(-8.29436e-08 2.49602e-11 2.63891e-07)
(-8.55533e-08 2.25245e-11 2.7015e-07)
(-8.81729e-08 2.01696e-11 2.76419e-07)
(-9.08014e-08 1.79036e-11 2.82697e-07)
(-9.34375e-08 1.57347e-11 2.88982e-07)
(-9.60802e-08 1.36708e-11 2.95273e-07)
(-9.87283e-08 1.17198e-11 3.01568e-07)
(-1.01381e-07 9.88942e-12 3.07867e-07)
(-1.04037e-07 8.1876e-12 3.14169e-07)
(-1.06696e-07 6.62211e-12 3.20473e-07)
(-1.09356e-07 5.20057e-12 3.26777e-07)
(-1.12018e-07 3.92983e-12 3.33081e-07)
(-1.1468e-07 2.81446e-12 3.39384e-07)
(-1.17343e-07 1.85376e-12 3.45687e-07)
(-1.20004e-07 1.03499e-12 3.51987e-07)
(-1.22665e-07 3.13472e-13 3.58285e-07)
(-1.25324e-07 -3.86107e-13 3.6458e-07)
(-1.27981e-07 -9.74417e-13 3.70872e-07)
(-1.30637e-07 -1.29355e-12 3.7716e-07)
(0 0 0)
(1.05988e-10 3.06772e-11 7.98581e-11)
(2.47776e-10 2.32799e-11 4.911e-10)
(3.93671e-10 9.78107e-12 1.10672e-09)
(5.22411e-10 7.13202e-14 1.91329e-09)
(6.25507e-10 -5.00532e-12 2.91257e-09)
(6.97471e-10 -6.29195e-12 4.10405e-09)
(7.33298e-10 -4.88507e-12 5.4862e-09)
(7.2854e-10 -1.76537e-12 7.0567e-09)
(6.79261e-10 2.32881e-12 8.81245e-09)
(5.81951e-10 6.8861e-12 1.07498e-08)
(4.33475e-10 1.15714e-11 1.28649e-08)
(2.31033e-10 1.6178e-11 1.51534e-08)
(-2.78643e-11 2.05871e-11 1.76112e-08)
(-3.45425e-10 2.47378e-11 2.02338e-08)
(-7.23584e-10 2.86042e-11 2.30169e-08)
(-1.16402e-09 3.2181e-11 2.59562e-08)
(-1.66817e-09 3.54731e-11 2.90472e-08)
(-2.23724e-09 3.84903e-11 3.22856e-08)
(-2.87217e-09 4.12439e-11 3.5667e-08)
(-3.57373e-09 4.37447e-11 3.91872e-08)
(-4.34246e-09 4.60026e-11 4.2842e-08)
(-5.17869e-09 4.80266e-11 4.66271e-08)
(-6.08257e-09 4.98245e-11 5.05382e-08)
(-7.05407e-09 5.14035e-11 5.45714e-08)
(-8.09298e-09 5.27705e-11 5.87226e-08)
(-9.19894e-09 5.39317e-11 6.29877e-08)
(-1.03714e-08 5.48934e-11 6.73628e-08)
(-1.16098e-08 5.56621e-11 7.18439e-08)
(-1.29133e-08 5.62439e-11 7.64274e-08)
(-1.42809e-08 5.66454e-11 8.11093e-08)
(-1.57117e-08 5.68731e-11 8.58861e-08)
(-1.72045e-08 5.69338e-11 9.0754e-08)
(-1.87581e-08 5.68341e-11 9.57095e-08)
(-2.03712e-08 5.65812e-11 1.00749e-07)
(-2.20423e-08 5.61819e-11 1.05869e-07)
(-2.377e-08 5.56434e-11 1.11067e-07)
(-2.55529e-08 5.49729e-11 1.16339e-07)
(-2.73892e-08 5.41775e-11 1.21681e-07)
(-2.92773e-08 5.32646e-11 1.27091e-07)
(-3.12156e-08 5.22414e-11 1.32566e-07)
(-3.32023e-08 5.11153e-11 1.38102e-07)
(-3.52358e-08 4.98936e-11 1.43697e-07)
(-3.73141e-08 4.85835e-11 1.49347e-07)
(-3.94355e-08 4.71924e-11 1.5505e-07)
(-4.15982e-08 4.57277e-11 1.60803e-07)
(-4.38003e-08 4.41964e-11 1.66604e-07)
(-4.60402e-08 4.2606e-11 1.72449e-07)
(-4.83158e-08 4.09636e-11 1.78337e-07)
(-5.06254e-08 3.92763e-11 1.84264e-07)
(-5.29673e-08 3.75513e-11 1.90229e-07)
(-5.53395e-08 3.57956e-11 1.96228e-07)
(-5.77404e-08 3.40161e-11 2.0226e-07)
(-6.01682e-08 3.22199e-11 2.08323e-07)
(-6.26212e-08 3.04136e-11 2.14413e-07)
(-6.50977e-08 2.86041e-11 2.2053e-07)
(-6.7596e-08 2.67981e-11 2.2667e-07)
(-7.01145e-08 2.5002e-11 2.32833e-07)
(-7.26516e-08 2.32224e-11 2.39016e-07)
(-7.52059e-08 2.14655e-11 2.45217e-07)
(-7.77757e-08 1.97377e-11 2.51434e-07)
(-8.03597e-08 1.80451e-11 2.57667e-07)
(-8.29564e-08 1.63936e-11 2.63912e-07)
(-8.55646e-08 1.4789e-11 2.70169e-07)
(-8.81828e-08 1.32373e-11 2.76436e-07)
(-9.081e-08 1.17439e-11 2.82712e-07)
(-9.34449e-08 1.03144e-11 2.88995e-07)
(-9.60864e-08 8.95426e-12 2.95285e-07)
(-9.87334e-08 7.66887e-12 3.01579e-07)
(-1.01385e-07 6.4636e-12 3.07877e-07)
(-1.0404e-07 5.34386e-12 3.14177e-07)
(-1.06698e-07 4.31501e-12 3.20479e-07)
(-1.09358e-07 3.3822e-12 3.26782e-07)
(-1.12019e-07 2.54991e-12 3.33086e-07)
(-1.14681e-07 1.82074e-12 3.39388e-07)
(-1.17343e-07 1.19348e-12 3.4569e-07)
(-1.20004e-07 6.59376e-13 3.51989e-07)
(-1.22664e-07 1.94184e-13 3.58286e-07)
(-1.25323e-07 -2.3575e-13 3.64581e-07)
(-1.2798e-07 -6.1753e-13 3.70873e-07)
(-1.30636e-07 -1.02962e-12 3.77162e-07)
(0 0 0)
(9.99327e-11 1.22879e-11 9.55691e-11)
(2.3715e-10 9.61492e-12 5.37902e-10)
(3.8006e-10 3.8626e-12 1.18088e-09)
(5.05723e-10 -5.55773e-13 2.00712e-09)
(6.05277e-10 -2.99434e-12 3.01965e-09)
(6.7353e-10 -3.6885e-12 4.2196e-09)
(7.0575e-10 -3.07591e-12 5.60676e-09)
(6.97653e-10 -1.59673e-12 7.17979e-09)
(6.4538e-10 3.94812e-13 8.93634e-09)
(5.45438e-10 2.64303e-12 1.08733e-08)
(3.94677e-10 4.97553e-12 1.29871e-08)
(1.90267e-10 7.28335e-12 1.52738e-08)
(-7.03163e-11 9.50246e-12 1.77293e-08)
(-3.89311e-10 1.15988e-11 2.03495e-08)
(-7.6868e-10 1.3557e-11 2.313e-08)
(-1.21013e-09 1.53726e-11 2.60665e-08)
(-1.7151e-09 1.70472e-11 2.91548e-08)
(-2.28481e-09 1.85849e-11 3.23903e-08)
(-2.92024e-09 1.99909e-11 3.5769e-08)
(-3.62214e-09 2.12702e-11 3.92864e-08)
(-4.39106e-09 2.24279e-11 4.29383e-08)
(-5.22735e-09 2.3468e-11 4.67205e-08)
(-6.13117e-09 2.43946e-11 5.06289e-08)
(-7.10248e-09 2.52111e-11 5.46594e-08)
(-8.14109e-09 2.59208e-11 5.88078e-08)
(-9.24665e-09 2.65269e-11 6.30702e-08)
(-1.04186e-08 2.70326e-11 6.74426e-08)
(-1.16564e-08 2.74409e-11 7.19211e-08)
(-1.29592e-08 2.77549e-11 7.6502e-08)
(-1.4326e-08 2.79779e-11 8.11814e-08)
(-1.5756e-08 2.81132e-11 8.59556e-08)
(-1.72479e-08 2.81641e-11 9.0821e-08)
(-1.88005e-08 2.8134e-11 9.57741e-08)
(-2.04125e-08 2.80264e-11 1.00811e-07)
(-2.20826e-08 2.78447e-11 1.05929e-07)
(-2.38092e-08 2.75927e-11 1.11125e-07)
(-2.55908e-08 2.72738e-11 1.16394e-07)
(-2.74259e-08 2.68916e-11 1.21734e-07)
(-2.93128e-08 2.64499e-11 1.27142e-07)
(-3.12499e-08 2.59523e-11 1.32615e-07)
(-3.32353e-08 2.54024e-11 1.38149e-07)
(-3.52674e-08 2.4804e-11 1.43741e-07)
(-3.73444e-08 2.41607e-11 1.49389e-07)
(-3.94645e-08 2.34762e-11 1.55091e-07)
(-4.16259e-08 2.27542e-11 1.60842e-07)
(-4.38267e-08 2.19983e-11 1.66641e-07)
(-4.60652e-08 2.12121e-11 1.72484e-07)
(-4.83395e-08 2.03994e-11 1.7837e-07)
(-5.06479e-08 1.95636e-11 1.84296e-07)
(-5.29884e-08 1.87084e-11 1.90258e-07)
(-5.53594e-08 1.78373e-11 1.96256e-07)
(-5.77591e-08 1.69538e-11 2.02286e-07)
(-6.01857e-08 1.60615e-11 2.08347e-07)
(-6.26374e-08 1.51637e-11 2.14436e-07)
(-6.51127e-08 1.42638e-11 2.20551e-07)
(-6.76099e-08 1.33652e-11 2.2669e-07)
(-7.01273e-08 1.24713e-11 2.32852e-07)
(-7.26633e-08 1.15852e-11 2.39033e-07)
(-7.52165e-08 1.07102e-11 2.45233e-07)
(-7.77853e-08 9.84934e-12 2.51449e-07)
(-8.03684e-08 9.00581e-12 2.5768e-07)
(-8.29642e-08 8.18259e-12 2.63924e-07)
(-8.55715e-08 7.38264e-12 2.7018e-07)
(-8.81889e-08 6.60886e-12 2.76446e-07)
(-9.08153e-08 5.86409e-12 2.82721e-07)
(-9.34494e-08 5.15113e-12 2.89003e-07)
(-9.60902e-08 4.47273e-12 2.95292e-07)
(-9.87366e-08 3.83164e-12 3.01585e-07)
(-1.01388e-07 3.23059e-12 3.07882e-07)
(-1.04042e-07 2.67233e-12 3.14182e-07)
(-1.067e-07 2.15958e-12 3.20483e-07)
(-1.09359e-07 1.69492e-12 3.26786e-07)
(-1.1202e-07 1.28051e-12 3.33088e-07)
(-1.14681e-07 9.17557e-13 3.39391e-07)
(-1.17343e-07 6.0536e-13 3.45691e-07)
(-1.20004e-07 3.39632e-13 3.51991e-07)
(-1.22664e-07 1.0947e-13 3.58288e-07)
(-1.25323e-07 -9.76593e-14 3.64582e-07)
(-1.2798e-07 -2.82659e-13 3.70874e-07)
(-1.30636e-07 -5.04975e-13 3.77163e-07)
(0 0 0)
(9.80542e-11 -3.07416e-20 1.00126e-10)
(2.33687e-10 -7.91038e-20 5.5178e-10)
(3.7552e-10 -1.47694e-19 1.20346e-09)
(5.00147e-10 -2.4069e-19 2.03633e-09)
(5.98567e-10 -3.66762e-19 3.05354e-09)
(6.65641e-10 -5.23533e-19 4.25661e-09)
(6.96705e-10 -6.91628e-19 5.64571e-09)
(6.87521e-10 -8.5961e-19 7.2198e-09)
(6.34261e-10 -1.02765e-18 8.97678e-09)
(5.33443e-10 -1.18202e-18 1.09137e-08)
(3.81915e-10 -1.32888e-18 1.30272e-08)
(1.76842e-10 -1.49935e-18 1.53134e-08)
(-8.43102e-11 -1.70343e-18 1.77682e-08)
(-4.03789e-10 -1.94199e-18 2.03876e-08)
(-7.83567e-10 -2.21963e-18 2.31673e-08)
(-1.22535e-09 -2.53735e-18 2.6103e-08)
(-1.73061e-09 -2.89214e-18 2.91903e-08)
(-2.30054e-09 -3.27439e-18 3.24249e-08)
(-2.93613e-09 -3.6701e-18 3.58026e-08)
(-3.63815e-09 -4.07986e-18 3.93191e-08)
(-4.40714e-09 -4.51752e-18 4.29701e-08)
(-5.24346e-09 -4.98879e-18 4.67514e-08)
(-6.14726e-09 -5.47722e-18 5.06589e-08)
(-7.11851e-09 -5.97429e-18 5.46884e-08)
(-8.15703e-09 -6.50385e-18 5.8836e-08)
(-9.26245e-09 -7.08325e-18 6.30975e-08)
(-1.04343e-08 -7.70531e-18 6.7469e-08)
(-1.16719e-08 -8.35912e-18 7.19467e-08)
(-1.29744e-08 -9.03014e-18 7.65266e-08)
(-1.4341e-08 -9.70024e-18 8.12052e-08)
(-1.57707e-08 -1.03656e-17 8.59786e-08)
(-1.72623e-08 -1.10304e-17 9.08432e-08)
(-1.88145e-08 -1.16856e-17 9.57955e-08)
(-2.04262e-08 -1.23632e-17 1.00832e-07)
(-2.20959e-08 -1.31213e-17 1.05949e-07)
(-2.38222e-08 -1.39718e-17 1.11144e-07)
(-2.56034e-08 -1.48997e-17 1.16412e-07)
(-2.74381e-08 -1.58551e-17 1.21752e-07)
(-2.93246e-08 -1.67683e-17 1.27159e-07)
(-3.12613e-08 -1.7663e-17 1.32631e-07)
(-3.32463e-08 -1.86462e-17 1.38164e-07)
(-3.5278e-08 -1.97596e-17 1.43756e-07)
(-3.73545e-08 -2.09867e-17 1.49404e-07)
(-3.94742e-08 -2.22622e-17 1.55104e-07)
(-4.16351e-08 -2.35093e-17 1.60855e-07)
(-4.38355e-08 -2.4736e-17 1.66653e-07)
(-4.60736e-08 -2.59828e-17 1.72496e-07)
(-4.83474e-08 -2.72697e-17 1.78381e-07)
(-5.06554e-08 -2.86129e-17 1.84306e-07)
(-5.29955e-08 -3.00182e-17 1.90268e-07)
(-5.53661e-08 -3.14565e-17 1.96265e-07)
(-5.77653e-08 -3.292e-17 2.02295e-07)
(-6.01915e-08 -3.437e-17 2.08355e-07)
(-6.26428e-08 -3.57428e-17 2.14444e-07)
(-6.51177e-08 -3.71333e-17 2.20558e-07)
(-6.76145e-08 -3.86035e-17 2.26697e-07)
(-7.01315e-08 -4.00911e-17 2.32858e-07)
(-7.26672e-08 -4.1568e-17 2.39039e-07)
(-7.52201e-08 -4.30124e-17 2.45238e-07)
(-7.77886e-08 -4.44435e-17 2.51454e-07)
(-8.03713e-08 -4.59346e-17 2.57684e-07)
(-8.29668e-08 -4.75136e-17 2.63928e-07)
(-8.55738e-08 -4.9153e-17 2.70184e-07)
(-8.81909e-08 -5.08316e-17 2.7645e-07)
(-9.08171e-08 -5.25389e-17 2.82724e-07)
(-9.3451e-08 -5.41794e-17 2.89006e-07)
(-9.60915e-08 -5.56959e-17 2.95294e-07)
(-9.87377e-08 -5.7198e-17 3.01587e-07)
(-1.01388e-07 -5.87793e-17 3.07884e-07)
(-1.04043e-07 -6.04565e-17 3.14183e-07)
(-1.067e-07 -6.2286e-17 3.20485e-07)
(-1.0936e-07 -6.44819e-17 3.26787e-07)
(-1.1202e-07 -6.69673e-17 3.33089e-07)
(-1.14682e-07 -6.92891e-17 3.39391e-07)
(-1.17343e-07 -7.138e-17 3.45692e-07)
(-1.20004e-07 -7.35307e-17 3.51991e-07)
(-1.22664e-07 -7.57974e-17 3.58288e-07)
(-1.25323e-07 -7.82853e-17 3.64583e-07)
(-1.2798e-07 -8.08323e-17 3.70875e-07)
(-1.30636e-07 -8.22468e-17 3.77163e-07)
(0 0 0)
(9.99327e-11 -1.22879e-11 9.55691e-11)
(2.3715e-10 -9.61492e-12 5.37902e-10)
(3.8006e-10 -3.8626e-12 1.18088e-09)
(5.05723e-10 5.55772e-13 2.00712e-09)
(6.05277e-10 2.99434e-12 3.01965e-09)
(6.7353e-10 3.6885e-12 4.2196e-09)
(7.0575e-10 3.07591e-12 5.60676e-09)
(6.97653e-10 1.59673e-12 7.17979e-09)
(6.4538e-10 -3.94814e-13 8.93634e-09)
(5.45438e-10 -2.64303e-12 1.08733e-08)
(3.94677e-10 -4.97554e-12 1.29871e-08)
(1.90267e-10 -7.28335e-12 1.52738e-08)
(-7.03163e-11 -9.50247e-12 1.77293e-08)
(-3.89311e-10 -1.15988e-11 2.03495e-08)
(-7.6868e-10 -1.3557e-11 2.313e-08)
(-1.21013e-09 -1.53727e-11 2.60665e-08)
(-1.7151e-09 -1.70472e-11 2.91548e-08)
(-2.28481e-09 -1.85849e-11 3.23903e-08)
(-2.92024e-09 -1.99909e-11 3.5769e-08)
(-3.62214e-09 -2.12703e-11 3.92864e-08)
(-4.39106e-09 -2.24279e-11 4.29383e-08)
(-5.22735e-09 -2.3468e-11 4.67205e-08)
(-6.13117e-09 -2.43946e-11 5.06289e-08)
(-7.10248e-09 -2.52111e-11 5.46594e-08)
(-8.14109e-09 -2.59208e-11 5.88078e-08)
(-9.24665e-09 -2.6527e-11 6.30702e-08)
(-1.04186e-08 -2.70326e-11 6.74426e-08)
(-1.16564e-08 -2.74409e-11 7.19211e-08)
(-1.29592e-08 -2.77549e-11 7.6502e-08)
(-1.4326e-08 -2.79779e-11 8.11814e-08)
(-1.5756e-08 -2.81132e-11 8.59556e-08)
(-1.72479e-08 -2.81641e-11 9.0821e-08)
(-1.88005e-08 -2.8134e-11 9.57741e-08)
(-2.04125e-08 -2.80264e-11 1.00811e-07)
(-2.20826e-08 -2.78448e-11 1.05929e-07)
(-2.38092e-08 -2.75927e-11 1.11125e-07)
(-2.55908e-08 -2.72738e-11 1.16394e-07)
(-2.74259e-08 -2.68917e-11 1.21734e-07)
(-2.93128e-08 -2.64499e-11 1.27142e-07)
(-3.12499e-08 -2.59523e-11 1.32615e-07)
(-3.32353e-08 -2.54025e-11 1.38149e-07)
(-3.52674e-08 -2.48041e-11 1.43741e-07)
(-3.73444e-08 -2.41608e-11 1.49389e-07)
(-3.94645e-08 -2.34763e-11 1.55091e-07)
(-4.16259e-08 -2.27542e-11 1.60842e-07)
(-4.38267e-08 -2.19983e-11 1.66641e-07)
(-4.60652e-08 -2.12122e-11 1.72484e-07)
(-4.83395e-08 -2.03994e-11 1.7837e-07)
(-5.06479e-08 -1.95637e-11 1.84296e-07)
(-5.29884e-08 -1.87085e-11 1.90258e-07)
(-5.53594e-08 -1.78374e-11 1.96256e-07)
(-5.77591e-08 -1.69539e-11 2.02286e-07)
(-6.01857e-08 -1.60616e-11 2.08347e-07)
(-6.26374e-08 -1.51637e-11 2.14436e-07)
(-6.51127e-08 -1.42639e-11 2.20551e-07)
(-6.76099e-08 -1.33653e-11 2.2669e-07)
(-7.01273e-08 -1.24714e-11 2.32852e-07)
(-7.26633e-08 -1.15853e-11 2.39033e-07)
(-7.52165e-08 -1.07102e-11 2.45233e-07)
(-7.77853e-08 -9.84943e-12 2.51449e-07)
(-8.03684e-08 -9.0059e-12 2.5768e-07)
(-8.29642e-08 -8.18268e-12 2.63924e-07)
(-8.55715e-08 -7.38274e-12 2.7018e-07)
(-8.81889e-08 -6.60896e-12 2.76446e-07)
(-9.08153e-08 -5.8642e-12 2.82721e-07)
(-9.34494e-08 -5.15124e-12 2.89003e-07)
(-9.60902e-08 -4.47284e-12 2.95292e-07)
(-9.87366e-08 -3.83175e-12 3.01585e-07)
(-1.01388e-07 -3.23071e-12 3.07882e-07)
(-1.04042e-07 -2.67246e-12 3.14182e-07)
(-1.067e-07 -2.15971e-12 3.20483e-07)
(-1.09359e-07 -1.69505e-12 3.26786e-07)
(-1.1202e-07 -1.28065e-12 3.33088e-07)
(-1.14681e-07 -9.17695e-13 3.39391e-07)
(-1.17343e-07 -6.05502e-13 3.45691e-07)
(-1.20004e-07 -3.39779e-13 3.51991e-07)
(-1.22664e-07 -1.09621e-13 3.58288e-07)
(-1.25323e-07 9.75031e-14 3.64582e-07)
(-1.2798e-07 2.82498e-13 3.70874e-07)
(-1.30636e-07 5.0481e-13 3.77163e-07)
(0 0 0)
(1.05988e-10 -3.06772e-11 7.98581e-11)
(2.47776e-10 -2.32799e-11 4.911e-10)
(3.93671e-10 -9.78107e-12 1.10672e-09)
(5.22411e-10 -7.13207e-14 1.91329e-09)
(6.25507e-10 5.00532e-12 2.91257e-09)
(6.97471e-10 6.29194e-12 4.10405e-09)
(7.33298e-10 4.88507e-12 5.4862e-09)
(7.2854e-10 1.76537e-12 7.0567e-09)
(6.79261e-10 -2.32881e-12 8.81245e-09)
(5.81951e-10 -6.8861e-12 1.07498e-08)
(4.33475e-10 -1.15714e-11 1.28649e-08)
(2.31033e-10 -1.6178e-11 1.51534e-08)
(-2.78643e-11 -2.05871e-11 1.76112e-08)
(-3.45425e-10 -2.47378e-11 2.02338e-08)
(-7.23584e-10 -2.86042e-11 2.30169e-08)
(-1.16402e-09 -3.2181e-11 2.59562e-08)
(-1.66817e-09 -3.54731e-11 2.90472e-08)
(-2.23724e-09 -3.84903e-11 3.22856e-08)
(-2.87217e-09 -4.12439e-11 3.5667e-08)
(-3.57373e-09 -4.37447e-11 3.91872e-08)
(-4.34246e-09 -4.60026e-11 4.2842e-08)
(-5.17869e-09 -4.80266e-11 4.66271e-08)
(-6.08257e-09 -4.98245e-11 5.05382e-08)
(-7.05407e-09 -5.14036e-11 5.45714e-08)
(-8.09298e-09 -5.27705e-11 5.87226e-08)
(-9.19894e-09 -5.39317e-11 6.29877e-08)
(-1.03714e-08 -5.48934e-11 6.73628e-08)
(-1.16098e-08 -5.56621e-11 7.18439e-08)
(-1.29133e-08 -5.62439e-11 7.64274e-08)
(-1.42809e-08 -5.66454e-11 8.11093e-08)
(-1.57117e-08 -5.68731e-11 8.58861e-08)
(-1.72045e-08 -5.69338e-11 9.0754e-08)
(-1.87581e-08 -5.68342e-11 9.57095e-08)
(-2.03712e-08 -5.65812e-11 1.00749e-07)
(-2.20423e-08 -5.61819e-11 1.05869e-07)
(-2.377e-08 -5.56434e-11 1.11067e-07)
(-2.55529e-08 -5.49729e-11 1.16339e-07)
(-2.73892e-08 -5.41776e-11 1.21681e-07)
(-2.92773e-08 -5.32646e-11 1.27091e-07)
(-3.12156e-08 -5.22415e-11 1.32566e-07)
(-3.32023e-08 -5.11154e-11 1.38102e-07)
(-3.52358e-08 -4.98936e-11 1.43697e-07)
(-3.73141e-08 -4.85835e-11 1.49347e-07)
(-3.94355e-08 -4.71925e-11 1.5505e-07)
(-4.15982e-08 -4.57277e-11 1.60803e-07)
(-4.38003e-08 -4.41965e-11 1.66604e-07)
(-4.60402e-08 -4.26061e-11 1.72449e-07)
(-4.83158e-08 -4.09637e-11 1.78337e-07)
(-5.06254e-08 -3.92764e-11 1.84264e-07)
(-5.29673e-08 -3.75514e-11 1.90229e-07)
(-5.53395e-08 -3.57957e-11 1.96228e-07)
(-5.77404e-08 -3.40162e-11 2.0226e-07)
(-6.01682e-08 -3.22199e-11 2.08323e-07)
(-6.26212e-08 -3.04137e-11 2.14413e-07)
(-6.50977e-08 -2.86042e-11 2.2053e-07)
(-6.7596e-08 -2.67982e-11 2.2667e-07)
(-7.01145e-08 -2.50021e-11 2.32833e-07)
(-7.26516e-08 -2.32225e-11 2.39016e-07)
(-7.52059e-08 -2.14656e-11 2.45217e-07)
(-7.77757e-08 -1.97378e-11 2.51434e-07)
(-8.03597e-08 -1.80452e-11 2.57667e-07)
(-8.29564e-08 -1.63937e-11 2.63912e-07)
(-8.55646e-08 -1.47891e-11 2.70169e-07)
(-8.81828e-08 -1.32374e-11 2.76436e-07)
(-9.081e-08 -1.1744e-11 2.82712e-07)
(-9.34449e-08 -1.03145e-11 2.88995e-07)
(-9.60864e-08 -8.95438e-12 2.95285e-07)
(-9.87334e-08 -7.66898e-12 3.01579e-07)
(-1.01385e-07 -6.46372e-12 3.07877e-07)
(-1.0404e-07 -5.34398e-12 3.14177e-07)
(-1.06698e-07 -4.31513e-12 3.20479e-07)
(-1.09358e-07 -3.38233e-12 3.26782e-07)
(-1.12019e-07 -2.55004e-12 3.33086e-07)
(-1.14681e-07 -1.82087e-12 3.39388e-07)
(-1.17343e-07 -1.19362e-12 3.4569e-07)
(-1.20004e-07 -6.59522e-13 3.51989e-07)
(-1.22664e-07 -1.94334e-13 3.58286e-07)
(-1.25323e-07 2.35595e-13 3.64581e-07)
(-1.2798e-07 6.17371e-13 3.70873e-07)
(-1.30636e-07 1.02945e-12 3.77162e-07)
(0 0 0)
(1.18005e-10 -6.48602e-11 3.22098e-11)
(2.64053e-10 -4.82882e-11 3.82694e-10)
(4.1416e-10 -2.26135e-11 9.54865e-10)
(5.49027e-10 -6.52688e-12 1.7334e-09)
(6.59244e-10 8.99786e-13 2.71505e-09)
(7.38291e-10 2.2749e-12 3.8961e-09)
(7.8067e-10 -3.00106e-13 5.27286e-09)
(7.81745e-10 -5.24985e-12 6.84142e-09)
(7.37549e-10 -1.14807e-11 8.5976e-09)
(6.44619e-10 -1.82691e-11 1.0537e-08)
(4.99897e-10 -2.51548e-11 1.26551e-08)
(3.00666e-10 -3.18609e-11 1.49474e-08)
(4.45059e-11 -3.82334e-11 1.74094e-08)
(-2.7073e-10 -4.41972e-11 2.00365e-08)
(-6.46932e-10 -4.97243e-11 2.28244e-08)
(-1.08574e-09 -5.48132e-11 2.57684e-08)
(-1.58857e-09 -5.9476e-11 2.88643e-08)
(-2.15659e-09 -6.37298e-11 3.21076e-08)
(-2.79076e-09 -6.7593e-11 3.54939e-08)
(-3.49179e-09 -7.10828e-11 3.9019e-08)
(-4.26023e-09 -7.4215e-11 4.26786e-08)
(-5.0964e-09 -7.70032e-11 4.64685e-08)
(-6.00044e-09 -7.94596e-11 5.03844e-08)
(-6.97229e-09 -8.15951e-11 5.44224e-08)
(-8.01175e-09 -8.34201e-11 5.85782e-08)
(-9.11844e-09 -8.49442e-11 6.28479e-08)
(-1.02918e-08 -8.61768e-11 6.72275e-08)
(-1.15313e-08 -8.71276e-11 7.17132e-08)
(-1.28359e-08 -8.78058e-11 7.63011e-08)
(-1.42049e-08 -8.82212e-11 8.09874e-08)
(-1.56371e-08 -8.83836e-11 8.57684e-08)
(-1.71315e-08 -8.83028e-11 9.06405e-08)
(-1.86868e-08 -8.7989e-11 9.56002e-08)
(-2.03016e-08 -8.74524e-11 1.00644e-07)
(-2.19746e-08 -8.67034e-11 1.05768e-07)
(-2.37043e-08 -8.57525e-11 1.1097e-07)
(-2.54891e-08 -8.46102e-11 1.16245e-07)
(-2.73275e-08 -8.32874e-11 1.21591e-07)
(-2.92177e-08 -8.17945e-11 1.27005e-07)
(-3.11582e-08 -8.01425e-11 1.32483e-07)
(-3.31471e-08 -7.8342e-11 1.38023e-07)
(-3.51827e-08 -7.6404e-11 1.43621e-07)
(-3.72632e-08 -7.4339e-11 1.49275e-07)
(-3.93869e-08 -7.2158e-11 1.54982e-07)
(-4.15518e-08 -6.98717e-11 1.60738e-07)
(-4.37562e-08 -6.74907e-11 1.66542e-07)
(-4.59983e-08 -6.50257e-11 1.7239e-07)
(-4.82761e-08 -6.24873e-11 1.78281e-07)
(-5.0588e-08 -5.98861e-11 1.84211e-07)
(-5.2932e-08 -5.72325e-11 1.90179e-07)
(-5.53064e-08 -5.45368e-11 1.96181e-07)
(-5.77094e-08 -5.18094e-11 2.02216e-07)
(-6.01393e-08 -4.90603e-11 2.08281e-07)
(-6.25943e-08 -4.62997e-11 2.14374e-07)
(-6.50727e-08 -4.35375e-11 2.20493e-07)
(-6.75729e-08 -4.07835e-11 2.26636e-07)
(-7.00933e-08 -3.80473e-11 2.32801e-07)
(-7.26323e-08 -3.53384e-11 2.38986e-07)
(-7.51883e-08 -3.26661e-11 2.4519e-07)
(-7.77598e-08 -3.00397e-11 2.51409e-07)
(-8.03454e-08 -2.74682e-11 2.57644e-07)
(-8.29436e-08 -2.49603e-11 2.63891e-07)
(-8.55533e-08 -2.25246e-11 2.7015e-07)
(-8.81729e-08 -2.01697e-11 2.76419e-07)
(-9.08014e-08 -1.79037e-11 2.82697e-07)
(-9.34375e-08 -1.57348e-11 2.88982e-07)
(-9.60802e-08 -1.36709e-11 2.95273e-07)
(-9.87283e-08 -1.17199e-11 3.01568e-07)
(-1.01381e-07 -9.88953e-12 3.07867e-07)
(-1.04037e-07 -8.18772e-12 3.14169e-07)
(-1.06696e-07 -6.62223e-12 3.20473e-07)
(-1.09356e-07 -5.2007e-12 3.26777e-07)
(-1.12018e-07 -3.92996e-12 3.33081e-07)
(-1.1468e-07 -2.8146e-12 3.39384e-07)
(-1.17343e-07 -1.8539e-12 3.45687e-07)
(-1.20004e-07 -1.03513e-12 3.51987e-07)
(-1.22665e-07 -3.1362e-13 3.58285e-07)
(-1.25324e-07 3.85953e-13 3.6458e-07)
(-1.27981e-07 9.74255e-13 3.70872e-07)
(-1.30637e-07 1.29337e-12 3.7716e-07)
(0 0 0)
(1.46743e-10 -1.09438e-10 -1.38534e-10)
(2.65151e-10 -7.48654e-11 1.36591e-10)
(4.253e-10 -4.18524e-11 6.71977e-10)
(5.77871e-10 -2.39053e-11 1.42882e-09)
(7.03715e-10 -1.67167e-11 2.39823e-09)
(7.95651e-10 -1.66948e-11 3.57382e-09)
(8.48625e-10 -2.11205e-11 4.9498e-09)
(8.5841e-10 -2.80932e-11 6.52066e-09)
(8.21405e-10 -3.63478e-11 8.28111e-09)
(7.34454e-10 -4.5066e-11 1.0226e-08)
(5.94743e-10 -5.37379e-11 1.23504e-08)
(3.99738e-10 -6.2065e-11 1.46494e-08)
(1.47156e-10 -6.98887e-11 1.71183e-08)
(-1.65054e-10 -7.71389e-11 1.97526e-08)
(-5.38716e-10 -8.37972e-11 2.25476e-08)
(-9.75428e-10 -8.98736e-11 2.54988e-08)
(-1.47656e-09 -9.53911e-11 2.86019e-08)
(-2.04327e-09 -1.00377e-10 3.18524e-08)
(-2.67648e-09 -1.04859e-10 3.52459e-08)
(-3.37691e-09 -1.08861e-10 3.87781e-08)
(-4.14507e-09 -1.12405e-10 4.24448e-08)
(-4.98126e-09 -1.15511e-10 4.62416e-08)
(-5.88562e-09 -1.18193e-10 5.01645e-08)
(-6.85808e-09 -1.20469e-10 5.42093e-08)
(-7.8984e-09 -1.2235e-10 5.83718e-08)
(-9.0062e-09 -1.2385e-10 6.26482e-08)
(-1.01809e-08 -1.24981e-10 6.70344e-08)
(-1.14219e-08 -1.25756e-10 7.15265e-08)
(-1.27283e-08 -1.26187e-10 7.61208e-08)
(-1.40993e-08 -1.26287e-10 8.08134e-08)
(-1.55336e-08 -1.26068e-10 8.56006e-08)
(-1.70302e-08 -1.25542e-10 9.04788e-08)
(-1.85879e-08 -1.24724e-10 9.54444e-08)
(-2.02053e-08 -1.23626e-10 1.00494e-07)
(-2.18809e-08 -1.22262e-10 1.05624e-07)
(-2.36134e-08 -1.20645e-10 1.10831e-07)
(-2.5401e-08 -1.18789e-10 1.16112e-07)
(-2.72423e-08 -1.16707e-10 1.21464e-07)
(-2.91355e-08 -1.14413e-10 1.26883e-07)
(-3.1079e-08 -1.11921e-10 1.32366e-07)
(-3.3071e-08 -1.09246e-10 1.37911e-07)
(-3.51097e-08 -1.064e-10 1.43514e-07)
(-3.71933e-08 -1.03398e-10 1.49173e-07)
(-3.93201e-08 -1.00254e-10 1.54884e-07)
(-4.14882e-08 -9.69806e-11 1.60646e-07)
(-4.36957e-08 -9.35928e-11 1.66454e-07)
(-4.59409e-08 -9.01039e-11 1.72307e-07)
(-4.82218e-08 -8.65276e-11 1.78202e-07)
(-5.05367e-08 -8.28774e-11 1.84137e-07)
(-5.28838e-08 -7.91668e-11 1.90108e-07)
(-5.52612e-08 -7.54092e-11 1.96115e-07)
(-5.76671e-08 -7.16178e-11 2.02153e-07)
(-6.00999e-08 -6.78057e-11 2.08222e-07)
(-6.25577e-08 -6.39858e-11 2.14319e-07)
(-6.50389e-08 -6.0171e-11 2.20442e-07)
(-6.75418e-08 -5.63738e-11 2.26588e-07)
(-7.00648e-08 -5.26068e-11 2.32757e-07)
(-7.26062e-08 -4.88822e-11 2.38945e-07)
(-7.51646e-08 -4.5212e-11 2.45152e-07)
(-7.77385e-08 -4.16081e-11 2.51375e-07)
(-8.03263e-08 -3.8082e-11 2.57612e-07)
(-8.29267e-08 -3.46452e-11 2.63862e-07)
(-8.55383e-08 -3.13087e-11 2.70124e-07)
(-8.81599e-08 -2.80835e-11 2.76396e-07)
(-9.07902e-08 -2.498e-11 2.82676e-07)
(-9.3428e-08 -2.20089e-11 2.88963e-07)
(-9.60723e-08 -1.91802e-11 2.95256e-07)
(-9.87218e-08 -1.65041e-11 3.01554e-07)
(-1.01376e-07 -1.39905e-11 3.07855e-07)
(-1.04033e-07 -1.16493e-11 3.14159e-07)
(-1.06693e-07 -9.49039e-12 3.20464e-07)
(-1.09354e-07 -7.52359e-12 3.2677e-07)
(-1.12017e-07 -5.75787e-12 3.33075e-07)
(-1.1468e-07 -4.19989e-12 3.3938e-07)
(-1.17343e-07 -2.85008e-12 3.45683e-07)
(-1.20005e-07 -1.69573e-12 3.51984e-07)
(-1.22666e-07 -6.9442e-13 3.58283e-07)
(-1.25326e-07 3.35606e-13 3.64579e-07)
(-1.27983e-07 1.22928e-12 3.70871e-07)
(-1.30639e-07 1.45757e-12 3.7716e-07)
(0 0 0)
(-1.28852e-10 -1.96709e-10 -2.25703e-10)
(-1.26669e-10 -2.69371e-10 1.26058e-11)
(-1.45483e-10 -3.16641e-10 5.24872e-10)
(-1.8108e-10 -3.44428e-10 1.26067e-09)
(-2.40566e-10 -3.56485e-10 2.20898e-09)
(-3.31632e-10 -3.57436e-10 3.36171e-09)
(-4.59798e-10 -3.51075e-10 4.71183e-09)
(-6.29142e-10 -3.40261e-10 6.25319e-09)
(-8.429e-10 -3.26995e-10 7.98029e-09)
(-1.10382e-09 -3.12582e-10 9.88805e-09)
(-1.41438e-09 -2.97824e-10 1.19717e-08)
(-1.77683e-09 -2.83186e-10 1.42268e-08)
(-2.19325e-09 -2.68914e-10 1.6649e-08)
(-2.66557e-09 -2.5512e-10 1.92339e-08)
(-3.19551e-09 -2.41845e-10 2.19773e-08)
(-3.78462e-09 -2.29087e-10 2.4875e-08)
(-4.43425e-09 -2.16829e-10 2.7923e-08)
(-5.14552e-09 -2.05048e-10 3.11169e-08)
(-5.91938e-09 -1.9372e-10 3.44527e-08)
(-6.75654e-09 -1.82827e-10 3.79264e-08)
(-7.65753e-09 -1.72351e-10 4.15338e-08)
(-8.62268e-09 -1.6228e-10 4.52708e-08)
(-9.65214e-09 -1.52603e-10 4.91336e-08)
(-1.07459e-08 -1.43312e-10 5.31182e-08)
(-1.19037e-08 -1.34399e-10 5.72205e-08)
(-1.31253e-08 -1.25859e-10 6.14369e-08)
(-1.44101e-08 -1.17684e-10 6.57634e-08)
(-1.57574e-08 -1.0987e-10 7.01963e-08)
(-1.71667e-08 -1.02409e-10 7.4732e-08)
(-1.86368e-08 -9.52946e-11 7.93666e-08)
(-2.01669e-08 -8.85211e-11 8.40968e-08)
(-2.17558e-08 -8.20807e-11 8.89189e-08)
(-2.34023e-08 -7.59661e-11 9.38294e-08)
(-2.51052e-08 -7.01696e-11 9.8825e-08)
(-2.68631e-08 -6.46832e-11 1.03902e-07)
(-2.86746e-08 -5.94987e-11 1.09058e-07)
(-3.05381e-08 -5.46076e-11 1.14289e-07)
(-3.24521e-08 -5.00014e-11 1.19592e-07)
(-3.4415e-08 -4.56713e-11 1.24964e-07)
(-3.64251e-08 -4.16083e-11 1.30401e-07)
(-3.84808e-08 -3.78034e-11 1.35902e-07)
(-4.05804e-08 -3.42476e-11 1.41462e-07)
(-4.27222e-08 -3.09317e-11 1.4708e-07)
(-4.49042e-08 -2.78465e-11 1.52751e-07)
(-4.71249e-08 -2.49828e-11 1.58475e-07)
(-4.93824e-08 -2.23313e-11 1.64247e-07)
(-5.1675e-08 -1.98828e-11 1.70065e-07)
(-5.40008e-08 -1.76281e-11 1.75927e-07)
(-5.63582e-08 -1.55581e-11 1.81831e-07)
(-5.87453e-08 -1.36637e-11 1.87773e-07)
(-6.11604e-08 -1.19359e-11 1.93751e-07)
(-6.36018e-08 -1.03658e-11 1.99763e-07)
(-6.60678e-08 -8.94451e-12 2.05807e-07)
(-6.85568e-08 -7.66341e-12 2.1188e-07)
(-7.1067e-08 -6.51394e-12 2.17981e-07)
(-7.35969e-08 -5.48769e-12 2.24108e-07)
(-7.6145e-08 -4.57644e-12 2.30257e-07)
(-7.87097e-08 -3.77214e-12 2.36428e-07)
(-8.12894e-08 -3.06693e-12 2.42618e-07)
(-8.38829e-08 -2.45318e-12 2.48826e-07)
(-8.64887e-08 -1.92348e-12 2.5505e-07)
(-8.91055e-08 -1.47066e-12 2.61288e-07)
(-9.17319e-08 -1.08782e-12 2.67539e-07)
(-9.43668e-08 -7.68319e-13 2.738e-07)
(-9.70091e-08 -5.05824e-13 2.80072e-07)
(-9.96575e-08 -2.94285e-13 2.86351e-07)
(-1.02311e-07 -1.2795e-13 2.92637e-07)
(-1.04969e-07 -1.3484e-15 2.98928e-07)
(-1.0763e-07 9.07458e-14 3.05224e-07)
(-1.10293e-07 1.53381e-13 3.11523e-07)
(-1.12958e-07 1.91538e-13 3.17825e-07)
(-1.15624e-07 2.10312e-13 3.24127e-07)
(-1.1829e-07 2.15144e-13 3.3043e-07)
(-1.20956e-07 2.12019e-13 3.36733e-07)
(-1.23621e-07 2.07634e-13 3.43034e-07)
(-1.26285e-07 2.1078e-13 3.49334e-07)
(-1.28947e-07 2.32091e-13 3.55632e-07)
(-1.31607e-07 1.93439e-13 3.61927e-07)
(-1.34265e-07 4.74656e-13 3.6822e-07)
(-1.36921e-07 1.52422e-12 3.74507e-07)
(0 0 0)
(-4.95234e-11 -1.26191e-10 -3.07655e-11)
(-9.36762e-11 -1.99856e-10 2.76183e-10)
(-1.41537e-10 -2.44736e-10 8.14752e-10)
(-2.00302e-10 -2.70659e-10 1.56507e-09)
(-2.7951e-10 -2.8262e-10 2.52061e-09)
(-3.86675e-10 -2.84771e-10 3.67521e-09)
(-5.27606e-10 -2.80509e-10 5.02363e-09)
(-7.06986e-10 -2.72359e-10 6.5611e-09)
(-9.28675e-10 -2.62062e-10 8.28301e-09)
(-1.19595e-09 -2.50745e-10 1.01848e-08)
(-1.51168e-09 -2.39096e-10 1.22622e-08)
(-1.8784e-09 -2.2751e-10 1.45107e-08)
(-2.2984e-09 -2.16198e-10 1.69261e-08)
(-2.77372e-09 -2.05257e-10 1.95042e-08)
(-3.30618e-09 -1.9472e-10 2.22408e-08)
(-3.89737e-09 -1.84589e-10 2.51317e-08)
(-4.54867e-09 -1.74851e-10 2.81728e-08)
(-5.26125e-09 -1.65487e-10 3.13599e-08)
(-6.03606e-09 -1.5648e-10 3.46889e-08)
(-6.87383e-09 -1.47815e-10 3.81558e-08)
(-7.77511e-09 -1.39479e-10 4.17565e-08)
(-8.74025e-09 -1.31461e-10 4.54869e-08)
(-9.7694e-09 -1.23755e-10 4.93431e-08)
(-1.08626e-08 -1.16354e-10 5.3321e-08)
(-1.20195e-08 -1.09251e-10 5.7417e-08)
(-1.324e-08 -1.02443e-10 6.16269e-08)
(-1.45235e-08 -9.59245e-11 6.59471e-08)
(-1.58693e-08 -8.96904e-11 7.03738e-08)
(-1.72768e-08 -8.37359e-11 7.49033e-08)
(-1.8745e-08 -7.8056e-11 7.9532e-08)
(-2.0273e-08 -7.26452e-11 8.42562e-08)
(-2.18597e-08 -6.7498e-11 8.90725e-08)
(-2.35038e-08 -6.26083e-11 9.39773e-08)
(-2.52042e-08 -5.79701e-11 9.89672e-08)
(-2.69595e-08 -5.3577e-11 1.04039e-07)
(-2.87682e-08 -4.94226e-11 1.09189e-07)
(-3.06289e-08 -4.55001e-11 1.14415e-07)
(-3.254e-08 -4.18027e-11 1.19712e-07)
(-3.44999e-08 -3.83235e-11 1.25079e-07)
(-3.6507e-08 -3.50554e-11 1.30512e-07)
(-3.85597e-08 -3.19912e-11 1.36007e-07)
(-4.06562e-08 -2.91239e-11 1.41563e-07)
(-4.27948e-08 -2.64461e-11 1.47176e-07)
(-4.49737e-08 -2.39506e-11 1.52843e-07)
(-4.71913e-08 -2.16301e-11 1.58562e-07)
(-4.94456e-08 -1.94773e-11 1.64329e-07)
(-5.17351e-08 -1.7485e-11 1.70144e-07)
(-5.40578e-08 -1.5646e-11 1.76001e-07)
(-5.64121e-08 -1.39529e-11 1.819e-07)
(-5.87961e-08 -1.23987e-11 1.87838e-07)
(-6.12082e-08 -1.09762e-11 1.93813e-07)
(-6.36466e-08 -9.67851e-12 1.99821e-07)
(-6.61097e-08 -8.49859e-12 2.05861e-07)
(-6.85958e-08 -7.42963e-12 2.11931e-07)
(-7.11033e-08 -6.46489e-12 2.18029e-07)
(-7.36305e-08 -5.59775e-12 2.24152e-07)
(-7.61759e-08 -4.82174e-12 2.30298e-07)
(-7.8738e-08 -4.13051e-12 2.36466e-07)
(-8.13153e-08 -3.51786e-12 2.42653e-07)
(-8.39064e-08 -2.97779e-12 2.48858e-07)
(-8.65099e-08 -2.50443e-12 2.55079e-07)
(-8.91244e-08 -2.09214e-12 2.61314e-07)
(-9.17488e-08 -1.73547e-12 2.67562e-07)
(-9.43817e-08 -1.42918e-12 2.73821e-07)
(-9.7022e-08 -1.16827e-12 2.8009e-07)
(-9.96687e-08 -9.47951e-13 2.86367e-07)
(-1.02321e-07 -7.63684e-13 2.92651e-07)
(-1.04977e-07 -6.11146e-13 2.98941e-07)
(-1.07636e-07 -4.86211e-13 3.05235e-07)
(-1.10298e-07 -3.84902e-13 3.11532e-07)
(-1.12962e-07 -3.03323e-13 3.17832e-07)
(-1.15627e-07 -2.37552e-13 3.24133e-07)
(-1.18292e-07 -1.83548e-13 3.30435e-07)
(-1.20957e-07 -1.37159e-13 3.36736e-07)
(-1.23622e-07 -9.39838e-14 3.43037e-07)
(-1.26285e-07 -5.03028e-14 3.49336e-07)
(-1.28947e-07 -1.29927e-14 3.55633e-07)
(-1.31606e-07 1.6154e-14 3.61928e-07)
(-1.34264e-07 2.36001e-13 3.68219e-07)
(-1.3692e-07 8.22333e-13 3.74507e-07)
(0 0 0)
(-3.54401e-11 -7.61512e-11 2.27893e-11)
(-8.51122e-11 -1.29316e-10 3.91703e-10)
(-1.44026e-10 -1.63526e-10 9.73095e-10)
(-2.15024e-10 -1.83523e-10 1.74994e-09)
(-3.0594e-10 -1.93136e-10 2.72133e-09)
(-4.23542e-10 -1.95501e-10 3.88462e-09)
(-5.73393e-10 -1.93118e-10 5.23695e-09)
(-7.60216e-10 -1.87839e-10 6.77518e-09)
(-9.88045e-10 -1.80941e-10 8.49577e-09)
(-1.26037e-09 -1.73257e-10 1.03949e-08)
(-1.58026e-09 -1.65296e-10 1.24687e-08)
(-1.95042e-09 -1.57352e-10 1.47132e-08)
(-2.37328e-09 -1.49583e-10 1.71241e-08)
(-2.85099e-09 -1.42061e-10 1.96976e-08)
(-3.38542e-09 -1.34814e-10 2.24294e-08)
(-3.97823e-09 -1.27844e-10 2.53154e-08)
(-4.63084e-09 -1.21143e-10 2.83516e-08)
(-5.34443e-09 -1.14698e-10 3.15338e-08)
(-6.11998e-09 -1.08497e-10 3.48579e-08)
(-6.95824e-09 -1.02531e-10 3.83199e-08)
(-7.85977e-09 -9.67894e-11 4.19157e-08)
(-8.82493e-09 -9.12666e-11 4.56413e-08)
(-9.8539e-09 -8.5957e-11 4.94927e-08)
(-1.09467e-08 -8.08562e-11 5.34659e-08)
(-1.21031e-08 -7.59607e-11 5.75572e-08)
(-1.33228e-08 -7.1267e-11 6.17625e-08)
(-1.46053e-08 -6.6772e-11 6.60782e-08)
(-1.59501e-08 -6.24723e-11 7.05005e-08)
(-1.73563e-08 -5.83648e-11 7.50256e-08)
(-1.88232e-08 -5.44458e-11 7.96499e-08)
(-2.03497e-08 -5.07116e-11 8.43698e-08)
(-2.19347e-08 -4.71585e-11 8.91819e-08)
(-2.35772e-08 -4.37824e-11 9.40826e-08)
(-2.52758e-08 -4.0579e-11 9.90685e-08)
(-2.70291e-08 -3.75441e-11 1.04136e-07)
(-2.88359e-08 -3.46731e-11 1.09283e-07)
(-3.06945e-08 -3.19614e-11 1.14504e-07)
(-3.26035e-08 -2.94044e-11 1.19798e-07)
(-3.45614e-08 -2.69973e-11 1.25161e-07)
(-3.65663e-08 -2.47352e-11 1.3059e-07)
(-3.86168e-08 -2.26132e-11 1.36082e-07)
(-4.0711e-08 -2.06265e-11 1.41635e-07)
(-4.28474e-08 -1.87699e-11 1.47244e-07)
(-4.50241e-08 -1.70386e-11 1.52908e-07)
(-4.72393e-08 -1.54275e-11 1.58624e-07)
(-4.94914e-08 -1.39317e-11 1.64388e-07)
(-5.17786e-08 -1.25462e-11 1.70199e-07)
(-5.40991e-08 -1.12659e-11 1.76054e-07)
(-5.64511e-08 -1.00859e-11 1.8195e-07)
(-5.8833e-08 -9.00138e-12 1.87885e-07)
(-6.12429e-08 -8.00739e-12 1.93857e-07)
(-6.36792e-08 -7.09912e-12 1.99863e-07)
(-6.61402e-08 -6.27183e-12 2.059e-07)
(-6.86242e-08 -5.5208e-12 2.11968e-07)
(-7.11297e-08 -4.84142e-12 2.18063e-07)
(-7.36549e-08 -4.22915e-12 2.24183e-07)
(-7.61984e-08 -3.67953e-12 2.30327e-07)
(-7.87587e-08 -3.18822e-12 2.36493e-07)
(-8.13342e-08 -2.75095e-12 2.42678e-07)
(-8.39236e-08 -2.36359e-12 2.48881e-07)
(-8.65254e-08 -2.02214e-12 2.551e-07)
(-8.91384e-08 -1.7227e-12 2.61333e-07)
(-9.17612e-08 -1.46153e-12 2.67579e-07)
(-9.43927e-08 -1.23504e-12 2.73837e-07)
(-9.70317e-08 -1.03979e-12 2.80104e-07)
(-9.9677e-08 -8.72484e-13 2.86379e-07)
(-1.02328e-07 -7.3001e-13 2.92662e-07)
(-1.04983e-07 -6.09394e-13 2.9895e-07)
(-1.07641e-07 -5.07802e-13 3.05243e-07)
(-1.10302e-07 -4.22509e-13 3.11539e-07)
(-1.12965e-07 -3.50856e-13 3.17838e-07)
(-1.15629e-07 -2.90195e-13 3.24138e-07)
(-1.18294e-07 -2.37862e-13 3.30439e-07)
(-1.20958e-07 -1.91204e-13 3.36739e-07)
(-1.23622e-07 -1.47528e-13 3.43039e-07)
(-1.26285e-07 -1.04454e-13 3.49338e-07)
(-1.28946e-07 -6.32409e-14 3.55634e-07)
(-1.31606e-07 -1.79352e-14 3.61929e-07)
(-1.34264e-07 9.35972e-14 3.6822e-07)
(-1.3692e-07 1.84857e-13 3.74508e-07)
(0 0 0)
(-3.22325e-11 -3.60587e-11 3.94354e-11)
(-8.31787e-11 -6.29741e-11 4.4146e-10)
(-1.46883e-10 -8.08719e-11 1.05165e-09)
(-2.23967e-10 -9.16047e-11 1.84844e-09)
(-3.21093e-10 -9.69565e-11 2.83268e-09)
(-4.44511e-10 -9.84972e-11 4.00379e-09)
(-5.99549e-10 -9.75193e-11 5.36041e-09)
(-7.90852e-10 -9.49918e-11 6.9005e-09)
(-1.02247e-09 -9.15884e-11 8.6213e-09)
(-1.29796e-09 -8.775e-11 1.05196e-08)
(-1.62049e-09 -8.3749e-11 1.25917e-08)
(-1.99284e-09 -7.97436e-11 1.4834e-08)
(-2.41752e-09 -7.5819e-11 1.72426e-08)
(-2.89673e-09 -7.20158e-11 1.98134e-08)
(-3.43241e-09 -6.83495e-11 2.25424e-08)
(-4.02624e-09 -6.48223e-11 2.54256e-08)
(-4.67966e-09 -6.14305e-11 2.84588e-08)
(-5.39389e-09 -5.81681e-11 3.16381e-08)
(-6.16991e-09 -5.50291e-11 3.49593e-08)
(-7.00849e-09 -5.20081e-11 3.84184e-08)
(-7.91019e-09 -4.9101e-11 4.20112e-08)
(-8.87538e-09 -4.63042e-11 4.57339e-08)
(-9.90424e-09 -4.36152e-11 4.95825e-08)
(-1.09968e-08 -4.10318e-11 5.35529e-08)
(-1.21529e-08 -3.85521e-11 5.76414e-08)
(-1.33721e-08 -3.61745e-11 6.1844e-08)
(-1.46541e-08 -3.38973e-11 6.61569e-08)
(-1.59982e-08 -3.1719e-11 7.05765e-08)
(-1.74038e-08 -2.96379e-11 7.50989e-08)
(-1.88698e-08 -2.76522e-11 7.97207e-08)
(-2.03954e-08 -2.576e-11 8.44381e-08)
(-2.19796e-08 -2.39595e-11 8.92476e-08)
(-2.3621e-08 -2.22486e-11 9.41459e-08)
(-2.53185e-08 -2.06252e-11 9.91294e-08)
(-2.70708e-08 -1.9087e-11 1.04195e-07)
(-2.88763e-08 -1.76318e-11 1.09339e-07)
(-3.07338e-08 -1.62573e-11 1.14558e-07)
(-3.26416e-08 -1.49611e-11 1.1985e-07)
(-3.45981e-08 -1.37408e-11 1.25211e-07)
(-3.66018e-08 -1.25939e-11 1.30638e-07)
(-3.86509e-08 -1.15179e-11 1.36128e-07)
(-4.07439e-08 -1.05104e-11 1.41678e-07)
(-4.28789e-08 -9.56887e-12 1.47285e-07)
(-4.50542e-08 -8.69071e-12 1.52947e-07)
(-4.72681e-08 -7.87343e-12 1.58661e-07)
(-4.95189e-08 -7.11449e-12 1.64424e-07)
(-5.18047e-08 -6.41138e-12 1.70233e-07)
(-5.41239e-08 -5.76156e-12 1.76086e-07)
(-5.64746e-08 -5.16253e-12 1.8198e-07)
(-5.88551e-08 -4.61181e-12 1.87914e-07)
(-6.12637e-08 -4.10694e-12 1.93884e-07)
(-6.36988e-08 -3.64546e-12 1.99888e-07)
(-6.61585e-08 -3.22497e-12 2.05924e-07)
(-6.86413e-08 -2.84308e-12 2.1199e-07)
(-7.11456e-08 -2.49747e-12 2.18083e-07)
(-7.36696e-08 -2.18583e-12 2.24202e-07)
(-7.6212e-08 -1.9059e-12 2.30345e-07)
(-7.87712e-08 -1.65547e-12 2.36509e-07)
(-8.13456e-08 -1.43241e-12 2.42693e-07)
(-8.39339e-08 -1.2346e-12 2.48894e-07)
(-8.65348e-08 -1.06002e-12 2.55112e-07)
(-8.91468e-08 -9.06704e-13 2.61345e-07)
(-9.17687e-08 -7.7275e-13 2.6759e-07)
(-9.43994e-08 -6.5634e-13 2.73846e-07)
(-9.70375e-08 -5.55731e-13 2.80112e-07)
(-9.96821e-08 -4.6926e-13 2.86387e-07)
(-1.02332e-07 -3.95344e-13 2.92668e-07)
(-1.04986e-07 -3.32478e-13 2.98956e-07)
(-1.07644e-07 -2.79226e-13 3.05248e-07)
(-1.10305e-07 -2.34209e-13 3.11543e-07)
(-1.12967e-07 -1.96084e-13 3.17841e-07)
(-1.15631e-07 -1.6352e-13 3.24141e-07)
(-1.18295e-07 -1.35188e-13 3.30441e-07)
(-1.20959e-07 -1.09762e-13 3.36741e-07)
(-1.23623e-07 -8.58628e-14 3.43041e-07)
(-1.26285e-07 -6.23429e-14 3.49339e-07)
(-1.28946e-07 -3.95442e-14 3.55635e-07)
(-1.31606e-07 -1.28731e-14 3.6193e-07)
(-1.34264e-07 3.55631e-14 3.68221e-07)
(-1.3692e-07 4.19369e-14 3.74509e-07)
(0 0 0)
(-3.16632e-11 7.31127e-20 4.43079e-11)
(-8.30697e-11 1.37543e-19 4.56352e-10)
(-1.48169e-10 2.02765e-19 1.07582e-09)
(-2.27057e-10 2.65302e-19 1.87945e-09)
(-3.26088e-10 3.159e-19 2.86833e-09)
(-4.51349e-10 3.40251e-19 4.04241e-09)
(-6.08072e-10 3.30627e-19 5.40076e-09)
(-8.00857e-10 2.94707e-19 6.9417e-09)
(-1.03375e-09 2.2424e-19 8.66274e-09)
(-1.31032e-09 1.31786e-19 1.05608e-08)
(-1.63374e-09 4.90271e-20 1.26325e-08)
(-2.00684e-09 -2.74605e-20 1.48742e-08)
(-2.43214e-09 -1.09384e-19 1.72819e-08)
(-2.91187e-09 -2.02924e-19 1.98519e-08)
(-3.44797e-09 -3.21122e-19 2.258e-08)
(-4.04215e-09 -4.75038e-19 2.54622e-08)
(-4.69585e-09 -6.63214e-19 2.84946e-08)
(-5.4103e-09 -8.84286e-19 3.16729e-08)
(-6.18648e-09 -1.13404e-18 3.49931e-08)
(-7.02516e-09 -1.41135e-18 3.84512e-08)
(-7.92692e-09 -1.72579e-18 4.20431e-08)
(-8.89213e-09 -2.08786e-18 4.57648e-08)
(-9.92097e-09 -2.4843e-18 4.96124e-08)
(-1.10134e-08 -2.88846e-18 5.35819e-08)
(-1.21694e-08 -3.30998e-18 5.76694e-08)
(-1.33885e-08 -3.77269e-18 6.18711e-08)
(-1.46703e-08 -4.27781e-18 6.61832e-08)
(-1.60143e-08 -4.82172e-18 7.06018e-08)
(-1.74195e-08 -5.40115e-18 7.51234e-08)
(-1.88853e-08 -6.00958e-18 7.97443e-08)
(-2.04107e-08 -6.64579e-18 8.44608e-08)
(-2.19945e-08 -7.30908e-18 8.92695e-08)
(-2.36356e-08 -7.96615e-18 9.41669e-08)
(-2.53327e-08 -8.61053e-18 9.91496e-08)
(-2.70846e-08 -9.2999e-18 1.04214e-07)
(-2.88898e-08 -1.00501e-17 1.09358e-07)
(-3.07469e-08 -1.08576e-17 1.14576e-07)
(-3.26542e-08 -1.17367e-17 1.19867e-07)
(-3.46103e-08 -1.26655e-17 1.25227e-07)
(-3.66136e-08 -1.35675e-17 1.30653e-07)
(-3.86623e-08 -1.4389e-17 1.36143e-07)
(-4.07548e-08 -1.51886e-17 1.41692e-07)
(-4.28893e-08 -1.60699e-17 1.47299e-07)
(-4.50642e-08 -1.70707e-17 1.5296e-07)
(-4.72777e-08 -1.81466e-17 1.58673e-07)
(-4.9528e-08 -1.92552e-17 1.64435e-07)
(-5.18134e-08 -2.0393e-17 1.70244e-07)
(-5.41321e-08 -2.15623e-17 1.76096e-07)
(-5.64824e-08 -2.2771e-17 1.8199e-07)
(-5.88625e-08 -2.40234e-17 1.87923e-07)
(-6.12707e-08 -2.53015e-17 1.93892e-07)
(-6.37053e-08 -2.66101e-17 1.99896e-07)
(-6.61646e-08 -2.80318e-17 2.05932e-07)
(-6.8647e-08 -2.9503e-17 2.11997e-07)
(-7.11509e-08 -3.086e-17 2.1809e-07)
(-7.36746e-08 -3.21612e-17 2.24208e-07)
(-7.62165e-08 -3.35026e-17 2.30351e-07)
(-7.87753e-08 -3.48821e-17 2.36514e-07)
(-8.13494e-08 -3.62733e-17 2.42698e-07)
(-8.39374e-08 -3.76683e-17 2.48899e-07)
(-8.65379e-08 -3.91252e-17 2.55116e-07)
(-8.91496e-08 -4.06579e-17 2.61348e-07)
(-9.17713e-08 -4.22611e-17 2.67593e-07)
(-9.44016e-08 -4.39299e-17 2.73849e-07)
(-9.70395e-08 -4.56282e-17 2.80115e-07)
(-9.96838e-08 -4.73152e-17 2.86389e-07)
(-1.02334e-07 -4.89149e-17 2.9267e-07)
(-1.04988e-07 -5.04554e-17 2.98958e-07)
(-1.07645e-07 -5.20014e-17 3.05249e-07)
(-1.10306e-07 -5.35282e-17 3.11545e-07)
(-1.12968e-07 -5.50402e-17 3.17843e-07)
(-1.15631e-07 -5.68195e-17 3.24142e-07)
(-1.18295e-07 -5.91404e-17 3.30442e-07)
(-1.20959e-07 -6.16817e-17 3.36742e-07)
(-1.23623e-07 -6.41172e-17 3.43042e-07)
(-1.26285e-07 -6.652e-17 3.4934e-07)
(-1.28946e-07 -6.88735e-17 3.55636e-07)
(-1.31606e-07 -7.14753e-17 3.6193e-07)
(-1.34263e-07 -7.40084e-17 3.68222e-07)
(-1.3692e-07 -7.63994e-17 3.7451e-07)
(0 0 0)
(-3.22325e-11 3.60587e-11 3.94354e-11)
(-8.31787e-11 6.29741e-11 4.4146e-10)
(-1.46883e-10 8.08719e-11 1.05165e-09)
(-2.23967e-10 9.16047e-11 1.84844e-09)
(-3.21093e-10 9.69565e-11 2.83268e-09)
(-4.44511e-10 9.84972e-11 4.00379e-09)
(-5.99549e-10 9.75193e-11 5.36041e-09)
(-7.90852e-10 9.49918e-11 6.9005e-09)
(-1.02247e-09 9.15884e-11 8.6213e-09)
(-1.29796e-09 8.775e-11 1.05196e-08)
(-1.62049e-09 8.3749e-11 1.25917e-08)
(-1.99284e-09 7.97436e-11 1.4834e-08)
(-2.41752e-09 7.5819e-11 1.72426e-08)
(-2.89673e-09 7.20158e-11 1.98134e-08)
(-3.43241e-09 6.83495e-11 2.25424e-08)
(-4.02624e-09 6.48223e-11 2.54256e-08)
(-4.67966e-09 6.14305e-11 2.84588e-08)
(-5.39389e-09 5.81681e-11 3.16381e-08)
(-6.16991e-09 5.5029e-11 3.49593e-08)
(-7.00849e-09 5.20081e-11 3.84184e-08)
(-7.91019e-09 4.9101e-11 4.20112e-08)
(-8.87538e-09 4.63042e-11 4.57339e-08)
(-9.90424e-09 4.36152e-11 4.95825e-08)
(-1.09968e-08 4.10318e-11 5.35529e-08)
(-1.21529e-08 3.85521e-11 5.76414e-08)
(-1.33721e-08 3.61744e-11 6.1844e-08)
(-1.46541e-08 3.38973e-11 6.61569e-08)
(-1.59982e-08 3.1719e-11 7.05765e-08)
(-1.74038e-08 2.96378e-11 7.50989e-08)
(-1.88698e-08 2.76521e-11 7.97207e-08)
(-2.03954e-08 2.576e-11 8.44381e-08)
(-2.19796e-08 2.39595e-11 8.92476e-08)
(-2.3621e-08 2.22486e-11 9.41459e-08)
(-2.53185e-08 2.06252e-11 9.91294e-08)
(-2.70708e-08 1.9087e-11 1.04195e-07)
(-2.88763e-08 1.76318e-11 1.09339e-07)
(-3.07338e-08 1.62573e-11 1.14558e-07)
(-3.26416e-08 1.49611e-11 1.1985e-07)
(-3.45981e-08 1.37408e-11 1.25211e-07)
(-3.66018e-08 1.25939e-11 1.30638e-07)
(-3.86509e-08 1.15179e-11 1.36128e-07)
(-4.07439e-08 1.05104e-11 1.41678e-07)
(-4.28789e-08 9.56884e-12 1.47285e-07)
(-4.50542e-08 8.69068e-12 1.52947e-07)
(-4.72681e-08 7.87339e-12 1.58661e-07)
(-4.95189e-08 7.11446e-12 1.64424e-07)
(-5.18047e-08 6.41133e-12 1.70233e-07)
(-5.41239e-08 5.76151e-12 1.76086e-07)
(-5.64746e-08 5.16249e-12 1.8198e-07)
(-5.88551e-08 4.61177e-12 1.87914e-07)
(-6.12637e-08 4.10688e-12 1.93884e-07)
(-6.36988e-08 3.6454e-12 1.99888e-07)
(-6.61585e-08 3.22491e-12 2.05924e-07)
(-6.86413e-08 2.84303e-12 2.1199e-07)
(-7.11456e-08 2.49741e-12 2.18083e-07)
(-7.36696e-08 2.18576e-12 2.24202e-07)
(-7.6212e-08 1.90583e-12 2.30345e-07)
(-7.87712e-08 1.6554e-12 2.36509e-07)
(-8.13456e-08 1.43233e-12 2.42693e-07)
(-8.39339e-08 1.23452e-12 2.48894e-07)
(-8.65348e-08 1.05994e-12 2.55112e-07)
(-8.91468e-08 9.06622e-13 2.61345e-07)
(-9.17687e-08 7.72665e-13 2.6759e-07)
(-9.43994e-08 6.56252e-13 2.73846e-07)
(-9.70375e-08 5.5564e-13 2.80112e-07)
(-9.96821e-08 4.69165e-13 2.86387e-07)
(-1.02332e-07 3.95246e-13 2.92668e-07)
(-1.04986e-07 3.32376e-13 2.98956e-07)
(-1.07644e-07 2.79122e-13 3.05248e-07)
(-1.10305e-07 2.34101e-13 3.11543e-07)
(-1.12967e-07 1.95973e-13 3.17841e-07)
(-1.15631e-07 1.63405e-13 3.24141e-07)
(-1.18295e-07 1.35069e-13 3.30441e-07)
(-1.20959e-07 1.09639e-13 3.36741e-07)
(-1.23623e-07 8.57351e-14 3.43041e-07)
(-1.26285e-07 6.22107e-14 3.49339e-07)
(-1.28946e-07 3.94073e-14 3.55635e-07)
(-1.31606e-07 1.27307e-14 3.6193e-07)
(-1.34264e-07 -3.57108e-14 3.68221e-07)
(-1.3692e-07 -4.20895e-14 3.74509e-07)
(0 0 0)
(-3.54401e-11 7.61512e-11 2.27893e-11)
(-8.51122e-11 1.29316e-10 3.91703e-10)
(-1.44026e-10 1.63526e-10 9.73095e-10)
(-2.15024e-10 1.83523e-10 1.74994e-09)
(-3.0594e-10 1.93136e-10 2.72133e-09)
(-4.23542e-10 1.95501e-10 3.88462e-09)
(-5.73393e-10 1.93118e-10 5.23695e-09)
(-7.60216e-10 1.87839e-10 6.77518e-09)
(-9.88045e-10 1.80941e-10 8.49577e-09)
(-1.26037e-09 1.73257e-10 1.03949e-08)
(-1.58026e-09 1.65296e-10 1.24687e-08)
(-1.95042e-09 1.57352e-10 1.47132e-08)
(-2.37328e-09 1.49583e-10 1.71241e-08)
(-2.85099e-09 1.42061e-10 1.96976e-08)
(-3.38542e-09 1.34814e-10 2.24294e-08)
(-3.97823e-09 1.27844e-10 2.53154e-08)
(-4.63084e-09 1.21143e-10 2.83516e-08)
(-5.34443e-09 1.14698e-10 3.15338e-08)
(-6.11998e-09 1.08497e-10 3.48579e-08)
(-6.95824e-09 1.02531e-10 3.83199e-08)
(-7.85977e-09 9.67894e-11 4.19157e-08)
(-8.82493e-09 9.12666e-11 4.56413e-08)
(-9.8539e-09 8.5957e-11 4.94927e-08)
(-1.09467e-08 8.08562e-11 5.34659e-08)
(-1.21031e-08 7.59607e-11 5.75572e-08)
(-1.33228e-08 7.1267e-11 6.17625e-08)
(-1.46053e-08 6.6772e-11 6.60782e-08)
(-1.59501e-08 6.24723e-11 7.05005e-08)
(-1.73563e-08 5.83648e-11 7.50256e-08)
(-1.88232e-08 5.44458e-11 7.96499e-08)
(-2.03497e-08 5.07116e-11 8.43698e-08)
(-2.19347e-08 4.71585e-11 8.91819e-08)
(-2.35772e-08 4.37824e-11 9.40826e-08)
(-2.52758e-08 4.0579e-11 9.90685e-08)
(-2.70291e-08 3.75441e-11 1.04136e-07)
(-2.88359e-08 3.46731e-11 1.09283e-07)
(-3.06945e-08 3.19614e-11 1.14504e-07)
(-3.26035e-08 2.94044e-11 1.19798e-07)
(-3.45614e-08 2.69973e-11 1.25161e-07)
(-3.65663e-08 2.47352e-11 1.3059e-07)
(-3.86168e-08 2.26132e-11 1.36082e-07)
(-4.0711e-08 2.06264e-11 1.41635e-07)
(-4.28474e-08 1.87699e-11 1.47244e-07)
(-4.50241e-08 1.70386e-11 1.52908e-07)
(-4.72393e-08 1.54275e-11 1.58624e-07)
(-4.94914e-08 1.39317e-11 1.64388e-07)
(-5.17786e-08 1.25461e-11 1.70199e-07)
(-5.40991e-08 1.12658e-11 1.76054e-07)
(-5.64511e-08 1.00859e-11 1.8195e-07)
(-5.8833e-08 9.00133e-12 1.87885e-07)
(-6.12429e-08 8.00733e-12 1.93857e-07)
(-6.36792e-08 7.09907e-12 1.99863e-07)
(-6.61402e-08 6.27177e-12 2.059e-07)
(-6.86242e-08 5.52074e-12 2.11968e-07)
(-7.11297e-08 4.84136e-12 2.18063e-07)
(-7.36549e-08 4.22909e-12 2.24183e-07)
(-7.61984e-08 3.67947e-12 2.30327e-07)
(-7.87587e-08 3.18815e-12 2.36493e-07)
(-8.13342e-08 2.75087e-12 2.42678e-07)
(-8.39236e-08 2.36352e-12 2.48881e-07)
(-8.65254e-08 2.02206e-12 2.551e-07)
(-8.91384e-08 1.72262e-12 2.61333e-07)
(-9.17612e-08 1.46145e-12 2.67579e-07)
(-9.43927e-08 1.23495e-12 2.73837e-07)
(-9.70317e-08 1.03969e-12 2.80104e-07)
(-9.9677e-08 8.72389e-13 2.86379e-07)
(-1.02328e-07 7.29911e-13 2.92662e-07)
(-1.04983e-07 6.09292e-13 2.9895e-07)
(-1.07641e-07 5.07697e-13 3.05243e-07)
(-1.10302e-07 4.224e-13 3.11539e-07)
(-1.12965e-07 3.50743e-13 3.17838e-07)
(-1.15629e-07 2.90079e-13 3.24138e-07)
(-1.18294e-07 2.37743e-13 3.30439e-07)
(-1.20958e-07 1.91081e-13 3.36739e-07)
(-1.23622e-07 1.47401e-13 3.43039e-07)
(-1.26285e-07 1.04323e-13 3.49338e-07)
(-1.28946e-07 6.31049e-14 3.55634e-07)
(-1.31606e-07 1.7794e-14 3.61929e-07)
(-1.34264e-07 -9.37443e-14 3.6822e-07)
(-1.3692e-07 -1.8501e-13 3.74508e-07)
(0 0 0)
(-4.95234e-11 1.26191e-10 -3.07655e-11)
(-9.36762e-11 1.99856e-10 2.76183e-10)
(-1.41537e-10 2.44736e-10 8.14752e-10)
(-2.00302e-10 2.70659e-10 1.56507e-09)
(-2.7951e-10 2.8262e-10 2.52061e-09)
(-3.86675e-10 2.84771e-10 3.67521e-09)
(-5.27606e-10 2.80509e-10 5.02363e-09)
(-7.06986e-10 2.72359e-10 6.5611e-09)
(-9.28675e-10 2.62062e-10 8.28301e-09)
(-1.19595e-09 2.50745e-10 1.01848e-08)
(-1.51168e-09 2.39096e-10 1.22622e-08)
(-1.8784e-09 2.2751e-10 1.45107e-08)
(-2.2984e-09 2.16198e-10 1.69261e-08)
(-2.77372e-09 2.05257e-10 1.95042e-08)
(-3.30618e-09 1.9472e-10 2.22408e-08)
(-3.89737e-09 1.84589e-10 2.51317e-08)
(-4.54867e-09 1.74851e-10 2.81728e-08)
(-5.26125e-09 1.65487e-10 3.13599e-08)
(-6.03606e-09 1.5648e-10 3.46889e-08)
(-6.87383e-09 1.47815e-10 3.81558e-08)
(-7.77511e-09 1.39479e-10 4.17565e-08)
(-8.74025e-09 1.31461e-10 4.54869e-08)
(-9.7694e-09 1.23755e-10 4.93431e-08)
(-1.08626e-08 1.16354e-10 5.3321e-08)
(-1.20195e-08 1.09251e-10 5.7417e-08)
(-1.324e-08 1.02443e-10 6.16269e-08)
(-1.45235e-08 9.59245e-11 6.59471e-08)
(-1.58693e-08 8.96904e-11 7.03738e-08)
(-1.72768e-08 8.37359e-11 7.49033e-08)
(-1.8745e-08 7.8056e-11 7.9532e-08)
(-2.0273e-08 7.26452e-11 8.42562e-08)
(-2.18597e-08 6.74979e-11 8.90725e-08)
(-2.35038e-08 6.26083e-11 9.39773e-08)
(-2.52042e-08 5.79701e-11 9.89672e-08)
(-2.69595e-08 5.3577e-11 1.04039e-07)
(-2.87682e-08 4.94226e-11 1.09189e-07)
(-3.06289e-08 4.55001e-11 1.14415e-07)
(-3.254e-08 4.18027e-11 1.19712e-07)
(-3.44999e-08 3.83235e-11 1.25079e-07)
(-3.6507e-08 3.50553e-11 1.30512e-07)
(-3.85597e-08 3.19912e-11 1.36007e-07)
(-4.06562e-08 2.91238e-11 1.41563e-07)
(-4.27948e-08 2.6446e-11 1.47176e-07)
(-4.49737e-08 2.39505e-11 1.52843e-07)
(-4.71913e-08 2.163e-11 1.58562e-07)
(-4.94456e-08 1.94773e-11 1.64329e-07)
(-5.17351e-08 1.7485e-11 1.70144e-07)
(-5.40578e-08 1.56459e-11 1.76001e-07)
(-5.64121e-08 1.39528e-11 1.819e-07)
(-5.87961e-08 1.23986e-11 1.87838e-07)
(-6.12082e-08 1.09762e-11 1.93813e-07)
(-6.36466e-08 9.67846e-12 1.99821e-07)
(-6.61097e-08 8.49854e-12 2.05861e-07)
(-6.85958e-08 7.42957e-12 2.11931e-07)
(-7.11033e-08 6.46483e-12 2.18029e-07)
(-7.36305e-08 5.59769e-12 2.24152e-07)
(-7.61759e-08 4.82167e-12 2.30298e-07)
(-7.8738e-08 4.13044e-12 2.36466e-07)
(-8.13153e-08 3.51779e-12 2.42653e-07)
(-8.39064e-08 2.97771e-12 2.48858e-07)
(-8.65099e-08 2.50435e-12 2.55079e-07)
(-8.91244e-08 2.09206e-12 2.61314e-07)
(-9.17488e-08 1.73538e-12 2.67562e-07)
(-9.43817e-08 1.42909e-12 2.73821e-07)
(-9.7022e-08 1.16818e-12 2.8009e-07)
(-9.96687e-08 9.47855e-13 2.86367e-07)
(-1.02321e-07 7.63585e-13 2.92651e-07)
(-1.04977e-07 6.11043e-13 2.98941e-07)
(-1.07636e-07 4.86104e-13 3.05235e-07)
(-1.10298e-07 3.84791e-13 3.11532e-07)
(-1.12962e-07 3.03208e-13 3.17832e-07)
(-1.15627e-07 2.37433e-13 3.24133e-07)
(-1.18292e-07 1.83427e-13 3.30435e-07)
(-1.20957e-07 1.37036e-13 3.36736e-07)
(-1.23622e-07 9.38568e-14 3.43037e-07)
(-1.26285e-07 5.01719e-14 3.49336e-07)
(-1.28947e-07 1.28575e-14 3.55633e-07)
(-1.31606e-07 -1.62946e-14 3.61928e-07)
(-1.34264e-07 -2.36151e-13 3.68219e-07)
(-1.3692e-07 -8.22495e-13 3.74507e-07)
(0 0 0)
(-1.28852e-10 1.96709e-10 -2.25703e-10)
(-1.26669e-10 2.69371e-10 1.26058e-11)
(-1.45483e-10 3.16641e-10 5.24872e-10)
(-1.8108e-10 3.44428e-10 1.26067e-09)
(-2.40566e-10 3.56485e-10 2.20898e-09)
(-3.31632e-10 3.57436e-10 3.36171e-09)
(-4.59798e-10 3.51075e-10 4.71183e-09)
(-6.29142e-10 3.40261e-10 6.25319e-09)
(-8.429e-10 3.26995e-10 7.98029e-09)
(-1.10382e-09 3.12582e-10 9.88805e-09)
(-1.41438e-09 2.97824e-10 1.19717e-08)
(-1.77683e-09 2.83186e-10 1.42268e-08)
(-2.19325e-09 2.68914e-10 1.6649e-08)
(-2.66557e-09 2.5512e-10 1.92339e-08)
(-3.19551e-09 2.41845e-10 2.19773e-08)
(-3.78462e-09 2.29087e-10 2.4875e-08)
(-4.43425e-09 2.16829e-10 2.7923e-08)
(-5.14552e-09 2.05048e-10 3.11169e-08)
(-5.91938e-09 1.9372e-10 3.44527e-08)
(-6.75654e-09 1.82827e-10 3.79264e-08)
(-7.65753e-09 1.72351e-10 4.15338e-08)
(-8.62268e-09 1.6228e-10 4.52708e-08)
(-9.65214e-09 1.52603e-10 4.91336e-08)
(-1.07459e-08 1.43312e-10 5.31182e-08)
(-1.19037e-08 1.34399e-10 5.72205e-08)
(-1.31253e-08 1.25859e-10 6.14369e-08)
(-1.44101e-08 1.17684e-10 6.57634e-08)
(-1.57574e-08 1.09869e-10 7.01963e-08)
(-1.71667e-08 1.02409e-10 7.4732e-08)
(-1.86368e-08 9.52946e-11 7.93666e-08)
(-2.01669e-08 8.85211e-11 8.40968e-08)
(-2.17558e-08 8.20807e-11 8.89189e-08)
(-2.34023e-08 7.59661e-11 9.38294e-08)
(-2.51052e-08 7.01696e-11 9.8825e-08)
(-2.68631e-08 6.46832e-11 1.03902e-07)
(-2.86746e-08 5.94987e-11 1.09058e-07)
(-3.05381e-08 5.46076e-11 1.14289e-07)
(-3.24521e-08 5.00014e-11 1.19592e-07)
(-3.4415e-08 4.56712e-11 1.24964e-07)
(-3.64251e-08 4.16082e-11 1.30401e-07)
(-3.84808e-08 3.78034e-11 1.35902e-07)
(-4.05804e-08 3.42476e-11 1.41462e-07)
(-4.27222e-08 3.09317e-11 1.4708e-07)
(-4.49042e-08 2.78465e-11 1.52751e-07)
(-4.71249e-08 2.49827e-11 1.58475e-07)
(-4.93824e-08 2.23312e-11 1.64247e-07)
(-5.1675e-08 1.98827e-11 1.70065e-07)
(-5.40008e-08 1.76281e-11 1.75927e-07)
(-5.63582e-08 1.55581e-11 1.81831e-07)
(-5.87453e-08 1.36637e-11 1.87773e-07)
(-6.11604e-08 1.19359e-11 1.93751e-07)
(-6.36018e-08 1.03657e-11 1.99763e-07)
(-6.60678e-08 8.94446e-12 2.05807e-07)
(-6.85568e-08 7.66335e-12 2.1188e-07)
(-7.1067e-08 6.51387e-12 2.17981e-07)
(-7.35969e-08 5.48762e-12 2.24108e-07)
(-7.6145e-08 4.57637e-12 2.30257e-07)
(-7.87097e-08 3.77206e-12 2.36428e-07)
(-8.12894e-08 3.06685e-12 2.42618e-07)
(-8.38829e-08 2.4531e-12 2.48826e-07)
(-8.64887e-08 1.9234e-12 2.5505e-07)
(-8.91055e-08 1.47057e-12 2.61288e-07)
(-9.17319e-08 1.08773e-12 2.67539e-07)
(-9.43668e-08 7.68228e-13 2.738e-07)
(-9.70091e-08 5.05731e-13 2.80072e-07)
(-9.96575e-08 2.94189e-13 2.86351e-07)
(-1.02311e-07 1.27851e-13 2.92637e-07)
(-1.04969e-07 1.2461e-15 2.98928e-07)
(-1.0763e-07 -9.08523e-14 3.05224e-07)
(-1.10293e-07 -1.53492e-13 3.11523e-07)
(-1.12958e-07 -1.91653e-13 3.17825e-07)
(-1.15624e-07 -2.10429e-13 3.24127e-07)
(-1.1829e-07 -2.15263e-13 3.3043e-07)
(-1.20956e-07 -2.12141e-13 3.36733e-07)
(-1.23621e-07 -2.07758e-13 3.43034e-07)
(-1.26285e-07 -2.10908e-13 3.49334e-07)
(-1.28947e-07 -2.32221e-13 3.55632e-07)
(-1.31607e-07 -1.93575e-13 3.61927e-07)
(-1.34265e-07 -4.74801e-13 3.6822e-07)
(-1.36921e-07 -1.52438e-12 3.74507e-07)
(0 0 0)
(-4.2434e-10 -5.10226e-10 -2.21863e-10)
(-5.26641e-10 -6.16679e-10 -5.00109e-13)
(-7.22994e-10 -6.74909e-10 4.85332e-10)
(-9.47929e-10 -7.07318e-10 1.19478e-09)
(-1.19509e-09 -7.19467e-10 2.11799e-09)
(-1.47248e-09 -7.17646e-10 3.24495e-09)
(-1.78549e-09 -7.0688e-10 4.56683e-09)
(-2.13753e-09 -6.90822e-10 6.07652e-09)
(-2.5312e-09 -6.71939e-10 7.76815e-09)
(-2.96876e-09 -6.51768e-10 9.63666e-09)
(-3.45234e-09 -6.31208e-10 1.16776e-08)
(-3.98399e-09 -6.10746e-10 1.38866e-08)
(-4.56567e-09 -5.90623e-10 1.62598e-08)
(-5.19922e-09 -5.70935e-10 1.87933e-08)
(-5.88633e-09 -5.51708e-10 2.1483e-08)
(-6.62855e-09 -5.3293e-10 2.43252e-08)
(-7.42721e-09 -5.14579e-10 2.73159e-08)
(-8.28346e-09 -4.96629e-10 3.04513e-08)
(-9.19824e-09 -4.79061e-10 3.37274e-08)
(-1.01723e-08 -4.61858e-10 3.71405e-08)
(-1.12062e-08 -4.45012e-10 4.06866e-08)
(-1.23003e-08 -4.28514e-10 4.4362e-08)
(-1.34547e-08 -4.12363e-10 4.81627e-08)
(-1.46696e-08 -3.96556e-10 5.20851e-08)
(-1.59447e-08 -3.81094e-10 5.61254e-08)
(-1.72796e-08 -3.65977e-10 6.02799e-08)
(-1.86741e-08 -3.51206e-10 6.45449e-08)
(-2.01274e-08 -3.36782e-10 6.89168e-08)
(-2.16389e-08 -3.22704e-10 7.33921e-08)
(-2.32077e-08 -3.08974e-10 7.79671e-08)
(-2.48329e-08 -2.9559e-10 8.26385e-08)
(-2.65134e-08 -2.82551e-10 8.74028e-08)
(-2.82481e-08 -2.69857e-10 9.22566e-08)
(-3.00358e-08 -2.57504e-10 9.71966e-08)
(-3.18752e-08 -2.45492e-10 1.0222e-07)
(-3.37648e-08 -2.33817e-10 1.07322e-07)
(-3.57033e-08 -2.22476e-10 1.12501e-07)
(-3.76892e-08 -2.11467e-10 1.17754e-07)
(-3.97209e-08 -2.00786e-10 1.23077e-07)
(-4.17968e-08 -1.9043e-10 1.28467e-07)
(-4.39154e-08 -1.80395e-10 1.33922e-07)
(-4.60749e-08 -1.70676e-10 1.39439e-07)
(-4.82738e-08 -1.6127e-10 1.45014e-07)
(-5.05103e-08 -1.52173e-10 1.50645e-07)
(-5.27826e-08 -1.43381e-10 1.56329e-07)
(-5.50892e-08 -1.34888e-10 1.62063e-07)
(-5.74283e-08 -1.26691e-10 1.67846e-07)
(-5.97981e-08 -1.18786e-10 1.73674e-07)
(-6.2197e-08 -1.11168e-10 1.79545e-07)
(-6.46232e-08 -1.03832e-10 1.85456e-07)
(-6.70752e-08 -9.6775e-11 1.91405e-07)
(-6.95512e-08 -8.99919e-11 1.97389e-07)
(-7.20496e-08 -8.34787e-11 2.03407e-07)
(-7.45688e-08 -7.72315e-11 2.09456e-07)
(-7.71073e-08 -7.12462e-11 2.15534e-07)
(-7.96634e-08 -6.55189e-11 2.21639e-07)
(-8.22358e-08 -6.00461e-11 2.27769e-07)
(-8.48229e-08 -5.48241e-11 2.33921e-07)
(-8.74234e-08 -4.98496e-11 2.40095e-07)
(-9.00358e-08 -4.51195e-11 2.46287e-07)
(-9.26588e-08 -4.06308e-11 2.52497e-07)
(-9.52913e-08 -3.63808e-11 2.58722e-07)
(-9.79319e-08 -3.23672e-11 2.6496e-07)
(-1.0058e-07 -2.85878e-11 2.71211e-07)
(-1.03233e-07 -2.50409e-11 2.77473e-07)
(-1.05892e-07 -2.17249e-11 2.83743e-07)
(-1.08554e-07 -1.86389e-11 2.90022e-07)
(-1.1122e-07 -1.57823e-11 2.96307e-07)
(-1.13887e-07 -1.31549e-11 3.02597e-07)
(-1.16557e-07 -1.07568e-11 3.08891e-07)
(-1.19226e-07 -8.58835e-12 3.15188e-07)
(-1.21896e-07 -6.64962e-12 3.21487e-07)
(-1.24566e-07 -4.93934e-12 3.27787e-07)
(-1.27234e-07 -3.45284e-12 3.34087e-07)
(-1.29901e-07 -2.17769e-12 3.40387e-07)
(-1.32566e-07 -1.08376e-12 3.46685e-07)
(-1.3523e-07 -1.06918e-13 3.52982e-07)
(-1.3789e-07 8.02247e-13 3.59276e-07)
(-1.40548e-07 2.14387e-12 3.65568e-07)
(-1.43204e-07 4.13681e-12 3.71856e-07)
(0 0 0)
(-2.23375e-10 -3.25894e-10 -1.48857e-11)
(-4.60387e-10 -4.55628e-10 2.72824e-10)
(-7.07466e-10 -5.14736e-10 7.80795e-10)
(-9.61127e-10 -5.45229e-10 1.50054e-09)
(-1.23182e-09 -5.57163e-10 2.42684e-09)
(-1.52796e-09 -5.56618e-10 3.55216e-09)
(-1.85525e-09 -5.48339e-10 4.8698e-09)
(-2.21806e-09 -5.35631e-10 6.37394e-09)
(-2.61995e-09 -5.20637e-10 8.05941e-09)
(-3.06392e-09 -5.04657e-10 9.9215e-09)
(-3.55264e-09 -4.88429e-10 1.19559e-08)
(-4.08849e-09 -4.7234e-10 1.41584e-08)
(-4.67366e-09 -4.56569e-10 1.6525e-08)
(-5.31014e-09 -4.41182e-10 1.90518e-08)
(-5.99972e-09 -4.26186e-10 2.1735e-08)
(-6.74398e-09 -4.11564e-10 2.45705e-08)
(-7.54429e-09 -3.97291e-10 2.75547e-08)
(-8.40183e-09 -3.83343e-10 3.06834e-08)
(-9.31755e-09 -3.697e-10 3.3953e-08)
(-1.02922e-08 -3.56349e-10 3.73595e-08)
(-1.13264e-08 -3.4328e-10 4.08992e-08)
(-1.24205e-08 -3.30488e-10 4.45681e-08)
(-1.35746e-08 -3.17969e-10 4.83624e-08)
(-1.47889e-08 -3.05722e-10 5.22785e-08)
(-1.60631e-08 -2.93747e-10 5.63125e-08)
(-1.7397e-08 -2.82045e-10 6.04608e-08)
(-1.87901e-08 -2.70615e-10 6.47197e-08)
(-2.02419e-08 -2.59458e-10 6.90856e-08)
(-2.17517e-08 -2.48574e-10 7.35549e-08)
(-2.33186e-08 -2.37963e-10 7.81242e-08)
(-2.49417e-08 -2.27623e-10 8.27898e-08)
(-2.66199e-08 -2.17555e-10 8.75484e-08)
(-2.83523e-08 -2.07756e-10 9.23967e-08)
(-3.01374e-08 -1.98225e-10 9.73313e-08)
(-3.19742e-08 -1.88959e-10 1.02349e-07)
(-3.38611e-08 -1.79958e-10 1.07446e-07)
(-3.57968e-08 -1.71218e-10 1.1262e-07)
(-3.77797e-08 -1.62737e-10 1.17868e-07)
(-3.98085e-08 -1.54511e-10 1.23186e-07)
(-4.18814e-08 -1.46538e-10 1.28572e-07)
(-4.39969e-08 -1.38815e-10 1.34022e-07)
(-4.61533e-08 -1.31338e-10 1.39533e-07)
(-4.83491e-08 -1.24104e-10 1.45104e-07)
(-5.05824e-08 -1.1711e-10 1.5073e-07)
(-5.28516e-08 -1.10352e-10 1.5641e-07)
(-5.5155e-08 -1.03826e-10 1.62141e-07)
(-5.74909e-08 -9.75298e-11 1.67919e-07)
(-5.98576e-08 -9.14588e-11 1.73743e-07)
(-6.22534e-08 -8.56097e-11 1.7961e-07)
(-6.46766e-08 -7.99789e-11 1.85517e-07)
(-6.71255e-08 -7.45629e-11 1.91462e-07)
(-6.95985e-08 -6.93584e-11 1.97443e-07)
(-7.20939e-08 -6.43618e-11 2.03457e-07)
(-7.46103e-08 -5.95698e-11 2.09503e-07)
(-7.71459e-08 -5.49792e-11 2.15578e-07)
(-7.96993e-08 -5.05869e-11 2.2168e-07)
(-8.2269e-08 -4.63898e-11 2.27806e-07)
(-8.48535e-08 -4.2385e-11 2.33956e-07)
(-8.74514e-08 -3.85697e-11 2.40126e-07)
(-9.00613e-08 -3.49414e-11 2.46315e-07)
(-9.2682e-08 -3.14975e-11 2.52522e-07)
(-9.53122e-08 -2.82359e-11 2.58745e-07)
(-9.79507e-08 -2.51546e-11 2.64981e-07)
(-1.00596e-07 -2.22517e-11 2.7123e-07)
(-1.03248e-07 -1.95257e-11 2.77489e-07)
(-1.05905e-07 -1.69753e-11 2.83758e-07)
(-1.08565e-07 -1.45997e-11 2.90034e-07)
(-1.11229e-07 -1.23984e-11 2.96317e-07)
(-1.13895e-07 -1.0371e-11 3.02606e-07)
(-1.16563e-07 -8.51785e-12 3.08898e-07)
(-1.19232e-07 -6.83917e-12 3.15194e-07)
(-1.219e-07 -5.3351e-12 3.21492e-07)
(-1.24569e-07 -4.00479e-12 3.2779e-07)
(-1.27236e-07 -2.84481e-12 3.3409e-07)
(-1.29902e-07 -1.84575e-12 3.40388e-07)
(-1.32567e-07 -9.86528e-13 3.46686e-07)
(-1.3523e-07 -2.31915e-13 3.52982e-07)
(-1.3789e-07 4.91574e-13 3.59276e-07)
(-1.40548e-07 1.43731e-12 3.65568e-07)
(-1.43204e-07 2.72955e-12 3.71855e-07)
(0 0 0)
(-1.79882e-10 -1.88688e-10 5.86079e-11)
(-4.25667e-10 -2.8789e-10 4.07564e-10)
(-6.91999e-10 -3.39978e-10 9.53213e-10)
(-9.64625e-10 -3.66504e-10 1.6949e-09)
(-1.25183e-09 -3.77194e-10 2.63343e-09)
(-1.56175e-09 -3.77955e-10 3.76466e-09)
(-1.9002e-09 -3.72759e-10 5.08411e-09)
(-2.27191e-09 -3.64205e-10 6.58745e-09)
(-2.68084e-09 -3.53935e-10 8.27048e-09)
(-3.1304e-09 -3.42935e-10 1.01291e-08)
(-3.62358e-09 -3.31756e-10 1.21594e-08)
(-4.16304e-09 -3.20685e-10 1.43575e-08)
(-4.75116e-09 -3.09853e-10 1.67195e-08)
(-5.39006e-09 -2.99303e-10 1.92415e-08)
(-6.08161e-09 -2.89038e-10 2.19197e-08)
(-6.82747e-09 -2.79042e-10 2.47504e-08)
(-7.62906e-09 -2.69295e-10 2.77295e-08)
(-8.48758e-09 -2.59777e-10 3.08533e-08)
(-9.40401e-09 -2.50473e-10 3.4118e-08)
(-1.03791e-08 -2.41373e-10 3.75196e-08)
(-1.14135e-08 -2.32469e-10 4.10543e-08)
(-1.25076e-08 -2.23757e-10 4.47184e-08)
(-1.36615e-08 -2.15233e-10 4.85079e-08)
(-1.48753e-08 -2.06898e-10 5.24193e-08)
(-1.61489e-08 -1.98751e-10 5.64486e-08)
(-1.7482e-08 -1.90791e-10 6.05923e-08)
(-1.88742e-08 -1.8302e-10 6.48467e-08)
(-2.03248e-08 -1.75437e-10 6.92081e-08)
(-2.18333e-08 -1.68042e-10 7.3673e-08)
(-2.33988e-08 -1.60835e-10 7.82379e-08)
(-2.50204e-08 -1.53815e-10 8.28994e-08)
(-2.6697e-08 -1.46981e-10 8.76538e-08)
(-2.84276e-08 -1.40333e-10 9.2498e-08)
(-3.0211e-08 -1.3387e-10 9.74286e-08)
(-3.20458e-08 -1.27589e-10 1.02442e-07)
(-3.39307e-08 -1.21489e-10 1.07536e-07)
(-3.58643e-08 -1.15568e-10 1.12706e-07)
(-3.78452e-08 -1.09825e-10 1.1795e-07)
(-3.98717e-08 -1.04257e-10 1.23264e-07)
(-4.19425e-08 -9.88616e-11 1.28646e-07)
(-4.40557e-08 -9.36375e-11 1.34093e-07)
(-4.62099e-08 -8.85819e-11 1.39601e-07)
(-4.84034e-08 -8.36925e-11 1.45169e-07)
(-5.06344e-08 -7.89667e-11 1.50792e-07)
(-5.29013e-08 -7.4402e-11 1.56469e-07)
(-5.52024e-08 -6.99961e-11 1.62196e-07)
(-5.7536e-08 -6.57462e-11 1.67971e-07)
(-5.99005e-08 -6.16499e-11 1.73792e-07)
(-6.2294e-08 -5.77046e-11 1.79656e-07)
(-6.47149e-08 -5.39078e-11 1.85561e-07)
(-6.71617e-08 -5.0257e-11 1.91503e-07)
(-6.96325e-08 -4.67498e-11 1.97482e-07)
(-7.21258e-08 -4.33837e-11 2.03494e-07)
(-7.46401e-08 -4.01564e-11 2.09537e-07)
(-7.71737e-08 -3.70655e-11 2.15609e-07)
(-7.97251e-08 -3.41088e-11 2.21709e-07)
(-8.22928e-08 -3.12841e-11 2.27833e-07)
(-8.48754e-08 -2.85894e-11 2.3398e-07)
(-8.74715e-08 -2.60227e-11 2.40149e-07)
(-9.00797e-08 -2.35821e-11 2.46336e-07)
(-9.26987e-08 -2.12659e-11 2.52541e-07)
(-9.53273e-08 -1.90725e-11 2.58762e-07)
(-9.79642e-08 -1.70004e-11 2.64996e-07)
(-1.00608e-07 -1.50482e-11 2.71243e-07)
(-1.03259e-07 -1.3215e-11 2.77501e-07)
(-1.05914e-07 -1.14998e-11 2.83768e-07)
(-1.08573e-07 -9.90199e-12 2.90043e-07)
(-1.11236e-07 -8.42112e-12 2.96325e-07)
(-1.13901e-07 -7.0571e-12 3.02612e-07)
(-1.16568e-07 -5.81004e-12 3.08904e-07)
(-1.19235e-07 -4.68018e-12 3.15199e-07)
(-1.21903e-07 -3.66759e-12 3.21495e-07)
(-1.24571e-07 -2.77158e-12 3.27794e-07)
(-1.27238e-07 -1.9896e-12 3.34092e-07)
(-1.29903e-07 -1.31503e-12 3.4039e-07)
(-1.32567e-07 -7.33915e-13 3.46687e-07)
(-1.3523e-07 -2.23014e-13 3.52983e-07)
(-1.3789e-07 2.61983e-13 3.59277e-07)
(-1.40548e-07 8.14651e-13 3.65568e-07)
(-1.43204e-07 1.35541e-12 3.71856e-07)
(0 0 0)
(-1.66357e-10 -8.72863e-11 8.81909e-11)
(-4.10281e-10 -1.38807e-10 4.71606e-10)
(-6.83568e-10 -1.67603e-10 1.04339e-09)
(-9.65615e-10 -1.8278e-10 1.80211e-09)
(-1.26189e-09 -1.89224e-10 2.7512e-09)
(-1.57984e-09 -1.90159e-10 3.8885e-09)
(-1.9251e-09 -1.87801e-10 5.21089e-09)
(-2.30242e-09 -1.83593e-10 6.71507e-09)
(-2.71591e-09 -1.78439e-10 8.39754e-09)
(-3.16915e-09 -1.72876e-10 1.02547e-08)
(-3.66528e-09 -1.67207e-10 1.22829e-08)
(-4.20713e-09 -1.6159e-10 1.44786e-08)
(-4.79717e-09 -1.56096e-10 1.68378e-08)
(-5.43764e-09 -1.50748e-10 1.9357e-08)
(-6.13046e-09 -1.45549e-10 2.20323e-08)
(-6.87735e-09 -1.4049e-10 2.486e-08)
(-7.67975e-09 -1.35559e-10 2.78361e-08)
(-8.53888e-09 -1.30748e-10 3.0957e-08)
(-9.45576e-09 -1.26046e-10 3.42186e-08)
(-1.04312e-08 -1.21448e-10 3.76172e-08)
(-1.14657e-08 -1.16951e-10 4.11489e-08)
(-1.25598e-08 -1.12552e-10 4.481e-08)
(-1.37136e-08 -1.08248e-10 4.85967e-08)
(-1.49271e-08 -1.04041e-10 5.25051e-08)
(-1.62004e-08 -9.99294e-11 5.65316e-08)
(-1.7533e-08 -9.59134e-11 6.06725e-08)
(-1.89246e-08 -9.1993e-11 6.49241e-08)
(-2.03746e-08 -8.81684e-11 6.92828e-08)
(-2.18823e-08 -8.44395e-11 7.37451e-08)
(-2.34469e-08 -8.08061e-11 7.83074e-08)
(-2.50676e-08 -7.72679e-11 8.29662e-08)
(-2.67433e-08 -7.38244e-11 8.77181e-08)
(-2.84728e-08 -7.04752e-11 9.25598e-08)
(-3.02551e-08 -6.72195e-11 9.7488e-08)
(-3.20887e-08 -6.40566e-11 1.02499e-07)
(-3.39724e-08 -6.09856e-11 1.0759e-07)
(-3.59048e-08 -5.80055e-11 1.12758e-07)
(-3.78844e-08 -5.51155e-11 1.18e-07)
(-3.99097e-08 -5.23142e-11 1.23312e-07)
(-4.19791e-08 -4.96008e-11 1.28692e-07)
(-4.4091e-08 -4.69738e-11 1.34137e-07)
(-4.62439e-08 -4.44323e-11 1.39643e-07)
(-4.8436e-08 -4.19748e-11 1.45208e-07)
(-5.06656e-08 -3.96001e-11 1.5083e-07)
(-5.29312e-08 -3.73069e-11 1.56504e-07)
(-5.52309e-08 -3.5094e-11 1.6223e-07)
(-5.75632e-08 -3.29599e-11 1.68004e-07)
(-5.99262e-08 -3.09035e-11 1.73823e-07)
(-6.23184e-08 -2.89233e-11 1.79685e-07)
(-6.4738e-08 -2.70181e-11 1.85588e-07)
(-6.71834e-08 -2.51865e-11 1.91529e-07)
(-6.96529e-08 -2.34273e-11 1.97505e-07)
(-7.2145e-08 -2.17393e-11 2.03516e-07)
(-7.4658e-08 -2.01212e-11 2.09558e-07)
(-7.71904e-08 -1.85717e-11 2.15629e-07)
(-7.97406e-08 -1.70899e-11 2.21726e-07)
(-8.23071e-08 -1.56745e-11 2.27849e-07)
(-8.48886e-08 -1.43245e-11 2.33995e-07)
(-8.74836e-08 -1.30388e-11 2.40163e-07)
(-9.00908e-08 -1.18164e-11 2.46349e-07)
(-9.27088e-08 -1.06566e-11 2.52553e-07)
(-9.53363e-08 -9.5584e-12 2.58772e-07)
(-9.79723e-08 -8.52106e-12 2.65006e-07)
(-1.00616e-07 -7.54394e-12 2.71252e-07)
(-1.03265e-07 -6.62645e-12 2.77509e-07)
(-1.05919e-07 -5.76814e-12 2.83775e-07)
(-1.08578e-07 -4.96868e-12 2.90049e-07)
(-1.1124e-07 -4.22785e-12 2.9633e-07)
(-1.13905e-07 -3.54562e-12 3.02617e-07)
(-1.16571e-07 -2.92205e-12 3.08908e-07)
(-1.19238e-07 -2.35724e-12 3.15202e-07)
(-1.21905e-07 -1.85121e-12 3.21498e-07)
(-1.24572e-07 -1.40357e-12 3.27796e-07)
(-1.27239e-07 -1.01289e-12 3.34094e-07)
(-1.29904e-07 -6.75741e-13 3.40392e-07)
(-1.32568e-07 -3.85359e-13 3.46688e-07)
(-1.3523e-07 -1.30978e-13 3.52984e-07)
(-1.3789e-07 1.0812e-13 3.59277e-07)
(-1.40548e-07 3.63256e-13 3.65569e-07)
(-1.43205e-07 5.80861e-13 3.71857e-07)
(0 0 0)
(-1.63114e-10 2.01507e-19 9.73165e-11)
(-4.06361e-10 3.7622e-19 4.91439e-10)
(-6.81398e-10 5.42341e-19 1.07178e-09)
(-9.66077e-10 7.12086e-19 1.83644e-09)
(-1.26509e-09 8.86319e-19 2.78943e-09)
(-1.58559e-09 1.05553e-18 3.92911e-09)
(-1.93309e-09 1.20254e-18 5.25278e-09)
(-2.3123e-09 1.32681e-18 6.75745e-09)
(-2.72735e-09 1.4307e-18 8.43989e-09)
(-3.18186e-09 1.49884e-18 1.02967e-08)
(-3.67902e-09 1.53117e-18 1.23243e-08)
(-4.2217e-09 1.5489e-18 1.45191e-08)
(-4.81242e-09 1.55471e-18 1.68776e-08)
(-5.45342e-09 1.54038e-18 1.93958e-08)
(-6.14669e-09 1.52458e-18 2.20702e-08)
(-6.89393e-09 1.52531e-18 2.48968e-08)
(-7.69661e-09 1.52599e-18 2.7872e-08)
(-8.55595e-09 1.49965e-18 3.09918e-08)
(-9.47299e-09 1.43132e-18 3.42524e-08)
(-1.04485e-08 1.31981e-18 3.765e-08)
(-1.14831e-08 1.17375e-18 4.11807e-08)
(-1.25771e-08 9.9294e-19 4.48409e-08)
(-1.37309e-08 7.58132e-19 4.86265e-08)
(-1.49444e-08 4.64902e-19 5.2534e-08)
(-1.62175e-08 1.3868e-19 5.65596e-08)
(-1.755e-08 -2.10166e-19 6.06995e-08)
(-1.89414e-08 -5.8648e-19 6.49502e-08)
(-2.03911e-08 -9.94684e-19 6.9308e-08)
(-2.18986e-08 -1.44383e-18 7.37693e-08)
(-2.3463e-08 -1.93824e-18 7.83307e-08)
(-2.50833e-08 -2.4719e-18 8.29887e-08)
(-2.67587e-08 -3.03775e-18 8.77398e-08)
(-2.84879e-08 -3.64394e-18 9.25806e-08)
(-3.02698e-08 -4.29971e-18 9.75079e-08)
(-3.2103e-08 -4.99923e-18 1.02518e-07)
(-3.39864e-08 -5.73552e-18 1.07609e-07)
(-3.59183e-08 -6.51407e-18 1.12776e-07)
(-3.78975e-08 -7.35435e-18 1.18017e-07)
(-3.99224e-08 -8.27393e-18 1.23329e-07)
(-4.19913e-08 -9.23701e-18 1.28708e-07)
(-4.41028e-08 -1.01629e-17 1.34152e-07)
(-4.62552e-08 -1.10368e-17 1.39657e-07)
(-4.84468e-08 -1.19093e-17 1.45222e-07)
(-5.0676e-08 -1.28325e-17 1.50842e-07)
(-5.29411e-08 -1.38255e-17 1.56516e-07)
(-5.52404e-08 -1.48679e-17 1.62241e-07)
(-5.75722e-08 -1.59429e-17 1.68014e-07)
(-5.99348e-08 -1.70442e-17 1.73833e-07)
(-6.23265e-08 -1.81707e-17 1.79695e-07)
(-6.47457e-08 -1.93158e-17 1.85597e-07)
(-6.71907e-08 -2.0464e-17 1.91537e-07)
(-6.96598e-08 -2.16126e-17 1.97513e-07)
(-7.21514e-08 -2.28424e-17 2.03523e-07)
(-7.4664e-08 -2.41894e-17 2.09565e-07)
(-7.71959e-08 -2.55185e-17 2.15635e-07)
(-7.97457e-08 -2.67955e-17 2.21733e-07)
(-8.23119e-08 -2.80936e-17 2.27855e-07)
(-8.4893e-08 -2.94266e-17 2.34001e-07)
(-8.74877e-08 -3.07835e-17 2.40167e-07)
(-9.00945e-08 -3.21541e-17 2.46353e-07)
(-9.27121e-08 -3.35751e-17 2.52557e-07)
(-9.53394e-08 -3.50551e-17 2.58776e-07)
(-9.7975e-08 -3.65728e-17 2.65009e-07)
(-1.00618e-07 -3.81601e-17 2.71255e-07)
(-1.03267e-07 -3.97963e-17 2.77511e-07)
(-1.05921e-07 -4.14644e-17 2.83777e-07)
(-1.0858e-07 -4.31543e-17 2.90051e-07)
(-1.11242e-07 -4.48047e-17 2.96332e-07)
(-1.13906e-07 -4.63966e-17 3.02618e-07)
(-1.16572e-07 -4.79397e-17 3.08909e-07)
(-1.19238e-07 -4.94088e-17 3.15203e-07)
(-1.21906e-07 -5.07656e-17 3.21499e-07)
(-1.24573e-07 -5.21842e-17 3.27796e-07)
(-1.27239e-07 -5.38764e-17 3.34094e-07)
(-1.29904e-07 -5.58391e-17 3.40392e-07)
(-1.32568e-07 -5.80647e-17 3.46689e-07)
(-1.3523e-07 -6.04421e-17 3.52984e-07)
(-1.3789e-07 -6.30274e-17 3.59278e-07)
(-1.40548e-07 -6.57831e-17 3.65569e-07)
(-1.43205e-07 -6.95177e-17 3.71857e-07)
(0 0 0)
(-1.66357e-10 8.72863e-11 8.81909e-11)
(-4.10281e-10 1.38807e-10 4.71606e-10)
(-6.83568e-10 1.67603e-10 1.04339e-09)
(-9.65615e-10 1.8278e-10 1.80211e-09)
(-1.26189e-09 1.89224e-10 2.7512e-09)
(-1.57984e-09 1.90159e-10 3.8885e-09)
(-1.9251e-09 1.87801e-10 5.21089e-09)
(-2.30242e-09 1.83593e-10 6.71507e-09)
(-2.71591e-09 1.78439e-10 8.39754e-09)
(-3.16915e-09 1.72876e-10 1.02547e-08)
(-3.66528e-09 1.67207e-10 1.22829e-08)
(-4.20713e-09 1.6159e-10 1.44786e-08)
(-4.79717e-09 1.56096e-10 1.68378e-08)
(-5.43764e-09 1.50748e-10 1.9357e-08)
(-6.13046e-09 1.45549e-10 2.20323e-08)
(-6.87735e-09 1.4049e-10 2.486e-08)
(-7.67975e-09 1.35559e-10 2.78361e-08)
(-8.53888e-09 1.30748e-10 3.0957e-08)
(-9.45576e-09 1.26046e-10 3.42186e-08)
(-1.04312e-08 1.21448e-10 3.76172e-08)
(-1.14657e-08 1.16951e-10 4.11489e-08)
(-1.25598e-08 1.12552e-10 4.481e-08)
(-1.37136e-08 1.08248e-10 4.85967e-08)
(-1.49271e-08 1.04041e-10 5.25051e-08)
(-1.62004e-08 9.99294e-11 5.65316e-08)
(-1.7533e-08 9.59134e-11 6.06725e-08)
(-1.89246e-08 9.1993e-11 6.49241e-08)
(-2.03746e-08 8.81684e-11 6.92828e-08)
(-2.18823e-08 8.44395e-11 7.37451e-08)
(-2.34469e-08 8.08061e-11 7.83074e-08)
(-2.50676e-08 7.72679e-11 8.29662e-08)
(-2.67433e-08 7.38244e-11 8.77181e-08)
(-2.84728e-08 7.04752e-11 9.25598e-08)
(-3.02551e-08 6.72195e-11 9.7488e-08)
(-3.20887e-08 6.40566e-11 1.02499e-07)
(-3.39724e-08 6.09856e-11 1.0759e-07)
(-3.59048e-08 5.80055e-11 1.12758e-07)
(-3.78844e-08 5.51154e-11 1.18e-07)
(-3.99097e-08 5.23142e-11 1.23312e-07)
(-4.19791e-08 4.96007e-11 1.28692e-07)
(-4.4091e-08 4.69738e-11 1.34137e-07)
(-4.62439e-08 4.44322e-11 1.39643e-07)
(-4.8436e-08 4.19747e-11 1.45208e-07)
(-5.06656e-08 3.96001e-11 1.5083e-07)
(-5.29312e-08 3.73069e-11 1.56504e-07)
(-5.52309e-08 3.5094e-11 1.6223e-07)
(-5.75632e-08 3.29599e-11 1.68004e-07)
(-5.99262e-08 3.09034e-11 1.73823e-07)
(-6.23184e-08 2.89232e-11 1.79685e-07)
(-6.4738e-08 2.7018e-11 1.85588e-07)
(-6.71834e-08 2.51864e-11 1.91529e-07)
(-6.96529e-08 2.34273e-11 1.97505e-07)
(-7.2145e-08 2.17392e-11 2.03516e-07)
(-7.4658e-08 2.01211e-11 2.09558e-07)
(-7.71904e-08 1.85717e-11 2.15629e-07)
(-7.97406e-08 1.70898e-11 2.21726e-07)
(-8.23071e-08 1.56744e-11 2.27849e-07)
(-8.48886e-08 1.43244e-11 2.33995e-07)
(-8.74836e-08 1.30387e-11 2.40163e-07)
(-9.00908e-08 1.18164e-11 2.46349e-07)
(-9.27088e-08 1.06565e-11 2.52553e-07)
(-9.53363e-08 9.55833e-12 2.58772e-07)
(-9.79723e-08 8.52099e-12 2.65006e-07)
(-1.00616e-07 7.54387e-12 2.71252e-07)
(-1.03265e-07 6.62638e-12 2.77509e-07)
(-1.05919e-07 5.76806e-12 2.83775e-07)
(-1.08578e-07 4.96859e-12 2.90049e-07)
(-1.1124e-07 4.22776e-12 2.9633e-07)
(-1.13905e-07 3.54553e-12 3.02617e-07)
(-1.16571e-07 2.92195e-12 3.08908e-07)
(-1.19238e-07 2.35714e-12 3.15202e-07)
(-1.21905e-07 1.85111e-12 3.21498e-07)
(-1.24572e-07 1.40346e-12 3.27796e-07)
(-1.27239e-07 1.01278e-12 3.34094e-07)
(-1.29904e-07 6.75629e-13 3.40392e-07)
(-1.32568e-07 3.85242e-13 3.46688e-07)
(-1.3523e-07 1.30857e-13 3.52984e-07)
(-1.3789e-07 -1.08246e-13 3.59277e-07)
(-1.40548e-07 -3.63388e-13 3.65569e-07)
(-1.43205e-07 -5.81e-13 3.71857e-07)
(0 0 0)
(-1.79882e-10 1.88688e-10 5.86079e-11)
(-4.25667e-10 2.8789e-10 4.07564e-10)
(-6.91999e-10 3.39978e-10 9.53213e-10)
(-9.64625e-10 3.66504e-10 1.6949e-09)
(-1.25183e-09 3.77194e-10 2.63343e-09)
(-1.56175e-09 3.77955e-10 3.76466e-09)
(-1.9002e-09 3.72759e-10 5.08411e-09)
(-2.27191e-09 3.64205e-10 6.58745e-09)
(-2.68084e-09 3.53935e-10 8.27048e-09)
(-3.1304e-09 3.42935e-10 1.01291e-08)
(-3.62358e-09 3.31756e-10 1.21594e-08)
(-4.16304e-09 3.20685e-10 1.43575e-08)
(-4.75116e-09 3.09853e-10 1.67195e-08)
(-5.39006e-09 2.99303e-10 1.92415e-08)
(-6.08161e-09 2.89038e-10 2.19197e-08)
(-6.82747e-09 2.79042e-10 2.47504e-08)
(-7.62906e-09 2.69295e-10 2.77295e-08)
(-8.48758e-09 2.59777e-10 3.08533e-08)
(-9.40401e-09 2.50473e-10 3.4118e-08)
(-1.03791e-08 2.41373e-10 3.75196e-08)
(-1.14135e-08 2.32469e-10 4.10543e-08)
(-1.25076e-08 2.23757e-10 4.47184e-08)
(-1.36615e-08 2.15233e-10 4.85079e-08)
(-1.48753e-08 2.06898e-10 5.24193e-08)
(-1.61489e-08 1.98751e-10 5.64486e-08)
(-1.7482e-08 1.90791e-10 6.05923e-08)
(-1.88742e-08 1.8302e-10 6.48467e-08)
(-2.03248e-08 1.75437e-10 6.92081e-08)
(-2.18333e-08 1.68042e-10 7.3673e-08)
(-2.33988e-08 1.60835e-10 7.82379e-08)
(-2.50204e-08 1.53815e-10 8.28994e-08)
(-2.6697e-08 1.46981e-10 8.76538e-08)
(-2.84276e-08 1.40333e-10 9.2498e-08)
(-3.0211e-08 1.3387e-10 9.74286e-08)
(-3.20458e-08 1.27589e-10 1.02442e-07)
(-3.39307e-08 1.21489e-10 1.07536e-07)
(-3.58643e-08 1.15568e-10 1.12706e-07)
(-3.78452e-08 1.09825e-10 1.1795e-07)
(-3.98717e-08 1.04256e-10 1.23264e-07)
(-4.19425e-08 9.88616e-11 1.28646e-07)
(-4.40557e-08 9.36375e-11 1.34093e-07)
(-4.62099e-08 8.85819e-11 1.39601e-07)
(-4.84034e-08 8.36925e-11 1.45169e-07)
(-5.06344e-08 7.89667e-11 1.50792e-07)
(-5.29013e-08 7.4402e-11 1.56469e-07)
(-5.52024e-08 6.9996e-11 1.62196e-07)
(-5.7536e-08 6.57461e-11 1.67971e-07)
(-5.99005e-08 6.16498e-11 1.73792e-07)
(-6.2294e-08 5.77046e-11 1.79656e-07)
(-6.47149e-08 5.39078e-11 1.85561e-07)
(-6.71617e-08 5.0257e-11 1.91503e-07)
(-6.96325e-08 4.67498e-11 1.97482e-07)
(-7.21258e-08 4.33837e-11 2.03494e-07)
(-7.46401e-08 4.01563e-11 2.09537e-07)
(-7.71737e-08 3.70654e-11 2.15609e-07)
(-7.97251e-08 3.41087e-11 2.21709e-07)
(-8.22928e-08 3.1284e-11 2.27833e-07)
(-8.48754e-08 2.85893e-11 2.3398e-07)
(-8.74715e-08 2.60226e-11 2.40149e-07)
(-9.00797e-08 2.35821e-11 2.46336e-07)
(-9.26987e-08 2.12659e-11 2.52541e-07)
(-9.53273e-08 1.90724e-11 2.58762e-07)
(-9.79642e-08 1.70003e-11 2.64996e-07)
(-1.00608e-07 1.50482e-11 2.71243e-07)
(-1.03259e-07 1.32149e-11 2.77501e-07)
(-1.05914e-07 1.14997e-11 2.83768e-07)
(-1.08573e-07 9.9019e-12 2.90043e-07)
(-1.11236e-07 8.42103e-12 2.96325e-07)
(-1.13901e-07 7.05701e-12 3.02612e-07)
(-1.16568e-07 5.80995e-12 3.08904e-07)
(-1.19235e-07 4.68008e-12 3.15199e-07)
(-1.21903e-07 3.66749e-12 3.21495e-07)
(-1.24571e-07 2.77147e-12 3.27794e-07)
(-1.27238e-07 1.98949e-12 3.34092e-07)
(-1.29903e-07 1.31492e-12 3.4039e-07)
(-1.32567e-07 7.33796e-13 3.46687e-07)
(-1.3523e-07 2.2289e-13 3.52983e-07)
(-1.3789e-07 -2.62112e-13 3.59277e-07)
(-1.40548e-07 -8.14784e-13 3.65568e-07)
(-1.43204e-07 -1.35555e-12 3.71856e-07)
(0 0 0)
(-2.23375e-10 3.25894e-10 -1.48857e-11)
(-4.60387e-10 4.55628e-10 2.72824e-10)
(-7.07466e-10 5.14736e-10 7.80795e-10)
(-9.61127e-10 5.45229e-10 1.50054e-09)
(-1.23182e-09 5.57163e-10 2.42684e-09)
(-1.52796e-09 5.56618e-10 3.55216e-09)
(-1.85525e-09 5.48339e-10 4.8698e-09)
(-2.21806e-09 5.35631e-10 6.37394e-09)
(-2.61995e-09 5.20637e-10 8.05941e-09)
(-3.06392e-09 5.04657e-10 9.9215e-09)
(-3.55264e-09 4.88429e-10 1.19559e-08)
(-4.08849e-09 4.7234e-10 1.41584e-08)
(-4.67366e-09 4.56569e-10 1.6525e-08)
(-5.31014e-09 4.41182e-10 1.90518e-08)
(-5.99972e-09 4.26186e-10 2.1735e-08)
(-6.74398e-09 4.11564e-10 2.45705e-08)
(-7.54429e-09 3.97291e-10 2.75547e-08)
(-8.40183e-09 3.83343e-10 3.06834e-08)
(-9.31755e-09 3.697e-10 3.3953e-08)
(-1.02922e-08 3.56349e-10 3.73595e-08)
(-1.13264e-08 3.4328e-10 4.08992e-08)
(-1.24205e-08 3.30488e-10 4.45681e-08)
(-1.35746e-08 3.17969e-10 4.83624e-08)
(-1.47889e-08 3.05722e-10 5.22785e-08)
(-1.60631e-08 2.93747e-10 5.63125e-08)
(-1.7397e-08 2.82045e-10 6.04608e-08)
(-1.87901e-08 2.70615e-10 6.47197e-08)
(-2.02419e-08 2.59458e-10 6.90856e-08)
(-2.17517e-08 2.48574e-10 7.35549e-08)
(-2.33186e-08 2.37963e-10 7.81242e-08)
(-2.49417e-08 2.27623e-10 8.27898e-08)
(-2.66199e-08 2.17555e-10 8.75484e-08)
(-2.83523e-08 2.07756e-10 9.23967e-08)
(-3.01374e-08 1.98225e-10 9.73313e-08)
(-3.19742e-08 1.88959e-10 1.02349e-07)
(-3.38611e-08 1.79958e-10 1.07446e-07)
(-3.57968e-08 1.71218e-10 1.1262e-07)
(-3.77797e-08 1.62737e-10 1.17868e-07)
(-3.98085e-08 1.54511e-10 1.23186e-07)
(-4.18814e-08 1.46538e-10 1.28572e-07)
(-4.39969e-08 1.38815e-10 1.34022e-07)
(-4.61533e-08 1.31338e-10 1.39533e-07)
(-4.83491e-08 1.24104e-10 1.45104e-07)
(-5.05824e-08 1.1711e-10 1.5073e-07)
(-5.28516e-08 1.10352e-10 1.5641e-07)
(-5.5155e-08 1.03826e-10 1.62141e-07)
(-5.74909e-08 9.75298e-11 1.67919e-07)
(-5.98576e-08 9.14587e-11 1.73743e-07)
(-6.22534e-08 8.56096e-11 1.7961e-07)
(-6.46766e-08 7.99788e-11 1.85517e-07)
(-6.71255e-08 7.45629e-11 1.91462e-07)
(-6.95985e-08 6.93583e-11 1.97443e-07)
(-7.20939e-08 6.43617e-11 2.03457e-07)
(-7.46103e-08 5.95698e-11 2.09503e-07)
(-7.71459e-08 5.49792e-11 2.15578e-07)
(-7.96993e-08 5.05868e-11 2.2168e-07)
(-8.2269e-08 4.63897e-11 2.27806e-07)
(-8.48535e-08 4.23849e-11 2.33956e-07)
(-8.74514e-08 3.85696e-11 2.40126e-07)
(-9.00613e-08 3.49413e-11 2.46315e-07)
(-9.2682e-08 3.14975e-11 2.52522e-07)
(-9.53122e-08 2.82359e-11 2.58745e-07)
(-9.79507e-08 2.51545e-11 2.64981e-07)
(-1.00596e-07 2.22516e-11 2.7123e-07)
(-1.03248e-07 1.95256e-11 2.77489e-07)
(-1.05905e-07 1.69752e-11 2.83758e-07)
(-1.08565e-07 1.45996e-11 2.90034e-07)
(-1.11229e-07 1.23983e-11 2.96317e-07)
(-1.13895e-07 1.03709e-11 3.02606e-07)
(-1.16563e-07 8.51775e-12 3.08898e-07)
(-1.19232e-07 6.83907e-12 3.15194e-07)
(-1.219e-07 5.335e-12 3.21492e-07)
(-1.24569e-07 4.00468e-12 3.2779e-07)
(-1.27236e-07 2.8447e-12 3.3409e-07)
(-1.29902e-07 1.84563e-12 3.40388e-07)
(-1.32567e-07 9.8641e-13 3.46686e-07)
(-1.3523e-07 2.31792e-13 3.52982e-07)
(-1.3789e-07 -4.91703e-13 3.59276e-07)
(-1.40548e-07 -1.43744e-12 3.65568e-07)
(-1.43204e-07 -2.72969e-12 3.71855e-07)
(0 0 0)
(-4.2434e-10 5.10226e-10 -2.21863e-10)
(-5.26641e-10 6.16679e-10 -5.0011e-13)
(-7.22994e-10 6.74909e-10 4.85332e-10)
(-9.47929e-10 7.07318e-10 1.19478e-09)
(-1.19509e-09 7.19467e-10 2.11799e-09)
(-1.47248e-09 7.17646e-10 3.24495e-09)
(-1.78549e-09 7.0688e-10 4.56683e-09)
(-2.13753e-09 6.90822e-10 6.07652e-09)
(-2.5312e-09 6.71939e-10 7.76815e-09)
(-2.96876e-09 6.51768e-10 9.63666e-09)
(-3.45234e-09 6.31208e-10 1.16776e-08)
(-3.98399e-09 6.10746e-10 1.38866e-08)
(-4.56567e-09 5.90623e-10 1.62598e-08)
(-5.19922e-09 5.70935e-10 1.87933e-08)
(-5.88633e-09 5.51708e-10 2.1483e-08)
(-6.62855e-09 5.3293e-10 2.43252e-08)
(-7.42721e-09 5.14579e-10 2.73159e-08)
(-8.28346e-09 4.96629e-10 3.04513e-08)
(-9.19824e-09 4.79061e-10 3.37274e-08)
(-1.01723e-08 4.61858e-10 3.71405e-08)
(-1.12062e-08 4.45012e-10 4.06866e-08)
(-1.23003e-08 4.28514e-10 4.4362e-08)
(-1.34547e-08 4.12363e-10 4.81627e-08)
(-1.46696e-08 3.96556e-10 5.20851e-08)
(-1.59447e-08 3.81094e-10 5.61254e-08)
(-1.72796e-08 3.65977e-10 6.02799e-08)
(-1.86741e-08 3.51206e-10 6.45449e-08)
(-2.01274e-08 3.36782e-10 6.89168e-08)
(-2.16389e-08 3.22704e-10 7.33921e-08)
(-2.32077e-08 3.08974e-10 7.79671e-08)
(-2.48329e-08 2.9559e-10 8.26385e-08)
(-2.65134e-08 2.82551e-10 8.74028e-08)
(-2.82481e-08 2.69857e-10 9.22566e-08)
(-3.00358e-08 2.57504e-10 9.71966e-08)
(-3.18752e-08 2.45492e-10 1.0222e-07)
(-3.37648e-08 2.33817e-10 1.07322e-07)
(-3.57033e-08 2.22476e-10 1.12501e-07)
(-3.76892e-08 2.11467e-10 1.17754e-07)
(-3.97209e-08 2.00786e-10 1.23077e-07)
(-4.17968e-08 1.9043e-10 1.28467e-07)
(-4.39154e-08 1.80395e-10 1.33922e-07)
(-4.60749e-08 1.70676e-10 1.39439e-07)
(-4.82738e-08 1.6127e-10 1.45014e-07)
(-5.05103e-08 1.52173e-10 1.50645e-07)
(-5.27826e-08 1.43381e-10 1.56329e-07)
(-5.50892e-08 1.34888e-10 1.62063e-07)
(-5.74283e-08 1.26691e-10 1.67846e-07)
(-5.97981e-08 1.18786e-10 1.73674e-07)
(-6.2197e-08 1.11168e-10 1.79545e-07)
(-6.46232e-08 1.03832e-10 1.85456e-07)
(-6.70752e-08 9.67749e-11 1.91405e-07)
(-6.95512e-08 8.99918e-11 1.97389e-07)
(-7.20496e-08 8.34787e-11 2.03407e-07)
(-7.45688e-08 7.72314e-11 2.09456e-07)
(-7.71073e-08 7.12461e-11 2.15534e-07)
(-7.96634e-08 6.55189e-11 2.21639e-07)
(-8.22358e-08 6.0046e-11 2.27769e-07)
(-8.48229e-08 5.4824e-11 2.33921e-07)
(-8.74234e-08 4.98495e-11 2.40095e-07)
(-9.00358e-08 4.51194e-11 2.46287e-07)
(-9.26588e-08 4.06307e-11 2.52497e-07)
(-9.52913e-08 3.63807e-11 2.58722e-07)
(-9.79319e-08 3.23671e-11 2.6496e-07)
(-1.0058e-07 2.85877e-11 2.71211e-07)
(-1.03233e-07 2.50408e-11 2.77473e-07)
(-1.05892e-07 2.17248e-11 2.83743e-07)
(-1.08554e-07 1.86389e-11 2.90022e-07)
(-1.1122e-07 1.57822e-11 2.96307e-07)
(-1.13887e-07 1.31548e-11 3.02597e-07)
(-1.16557e-07 1.07567e-11 3.08891e-07)
(-1.19226e-07 8.58824e-12 3.15188e-07)
(-1.21896e-07 6.64951e-12 3.21487e-07)
(-1.24566e-07 4.93923e-12 3.27787e-07)
(-1.27234e-07 3.45272e-12 3.34087e-07)
(-1.29901e-07 2.17757e-12 3.40387e-07)
(-1.32566e-07 1.08364e-12 3.46685e-07)
(-1.3523e-07 1.06792e-13 3.52982e-07)
(-1.3789e-07 -8.02377e-13 3.59276e-07)
(-1.40548e-07 -2.14401e-12 3.65568e-07)
(-1.43204e-07 -4.13696e-12 3.71856e-07)
(0 0 0)
(-7.47141e-10 -8.02612e-10 -1.22977e-10)
(-9.60782e-10 -9.52854e-10 9.66306e-11)
(-1.33033e-09 -1.03057e-09 5.55448e-10)
(-1.74071e-09 -1.06759e-09 1.23672e-09)
(-2.17582e-09 -1.07707e-09 2.1329e-09)
(-2.64254e-09 -1.06968e-09 3.23189e-09)
(-3.14431e-09 -1.05251e-09 4.52304e-09)
(-3.68286e-09 -1.03002e-09 5.9983e-09)
(-4.25976e-09 -1.00495e-09 7.65152e-09)
(-4.87671e-09 -9.78884e-10 9.4778e-09)
(-5.53553e-09 -9.52642e-10 1.14729e-08)
(-6.23814e-09 -9.26625e-10 1.3633e-08)
(-6.98647e-09 -9.00994e-10 1.59545e-08)
(-7.78236e-09 -8.75791e-10 1.84336e-08)
(-8.62753e-09 -8.51e-10 2.1067e-08)
(-9.52354e-09 -8.26587e-10 2.3851e-08)
(-1.04718e-08 -8.0252e-10 2.67819e-08)
(-1.14734e-08 -7.7877e-10 2.98562e-08)
(-1.25293e-08 -7.55319e-10 3.30702e-08)
(-1.36404e-08 -7.32157e-10 3.64203e-08)
(-1.48072e-08 -7.0928e-10 3.99027e-08)
(-1.60302e-08 -6.86688e-10 4.3514e-08)
(-1.73094e-08 -6.64387e-10 4.72505e-08)
(-1.86451e-08 -6.42382e-10 5.11085e-08)
(-2.0037e-08 -6.20681e-10 5.50845e-08)
(-2.1485e-08 -5.99291e-10 5.9175e-08)
(-2.29886e-08 -5.7822e-10 6.33764e-08)
(-2.45473e-08 -5.57476e-10 6.76852e-08)
(-2.61604e-08 -5.37065e-10 7.20981e-08)
(-2.78271e-08 -5.16993e-10 7.66116e-08)
(-2.95466e-08 -4.97266e-10 8.12223e-08)
(-3.13179e-08 -4.77889e-10 8.59269e-08)
(-3.31399e-08 -4.58867e-10 9.07222e-08)
(-3.50114e-08 -4.40204e-10 9.56048e-08)
(-3.69313e-08 -4.21902e-10 1.00572e-07)
(-3.88981e-08 -4.03966e-10 1.0562e-07)
(-4.09106e-08 -3.86397e-10 1.10745e-07)
(-4.29673e-08 -3.69199e-10 1.15946e-07)
(-4.50667e-08 -3.52374e-10 1.21219e-07)
(-4.72073e-08 -3.35922e-10 1.26561e-07)
(-4.93876e-08 -3.19847e-10 1.31968e-07)
(-5.16059e-08 -3.04148e-10 1.37439e-07)
(-5.38608e-08 -2.88828e-10 1.4297e-07)
(-5.61504e-08 -2.73887e-10 1.48559e-07)
(-5.84733e-08 -2.59325e-10 1.54203e-07)
(-6.08278e-08 -2.45145e-10 1.59899e-07)
(-6.32121e-08 -2.31346e-10 1.65644e-07)
(-6.56247e-08 -2.1793e-10 1.71437e-07)
(-6.8064e-08 -2.04896e-10 1.77274e-07)
(-7.05282e-08 -1.92245e-10 1.83153e-07)
(-7.30159e-08 -1.79978e-10 1.89072e-07)
(-7.55253e-08 -1.68096e-10 1.95028e-07)
(-7.8055e-08 -1.56599e-10 2.01019e-07)
(-8.06034e-08 -1.45488e-10 2.07042e-07)
(-8.31689e-08 -1.34764e-10 2.13097e-07)
(-8.57502e-08 -1.24427e-10 2.19179e-07)
(-8.83458e-08 -1.14479e-10 2.25288e-07)
(-9.09543e-08 -1.04921e-10 2.31422e-07)
(-9.35744e-08 -9.57549e-11 2.37577e-07)
(-9.62047e-08 -8.69815e-11 2.43753e-07)
(-9.8844e-08 -7.86029e-11 2.49948e-07)
(-1.01491e-07 -7.06211e-11 2.56159e-07)
(-1.04145e-07 -6.30384e-11 2.62385e-07)
(-1.06805e-07 -5.58574e-11 2.68625e-07)
(-1.09469e-07 -4.90812e-11 2.74876e-07)
(-1.12136e-07 -4.2713e-11 2.81138e-07)
(-1.14807e-07 -3.67567e-11 2.87408e-07)
(-1.17479e-07 -3.12169e-11 2.93686e-07)
(-1.20153e-07 -2.60983e-11 2.9997e-07)
(-1.22827e-07 -2.14067e-11 3.06259e-07)
(-1.25501e-07 -1.7148e-11 3.12552e-07)
(-1.28174e-07 -1.3328e-11 3.18847e-07)
(-1.30846e-07 -9.95095e-12 3.25143e-07)
(-1.33516e-07 -7.01678e-12 3.31441e-07)
(-1.36185e-07 -4.51484e-12 3.37738e-07)
(-1.38851e-07 -2.41018e-12 3.44035e-07)
(-1.41515e-07 -6.18501e-13 3.50331e-07)
(-1.44176e-07 9.96257e-13 3.56624e-07)
(-1.46834e-07 2.91945e-12 3.62916e-07)
(-1.49491e-07 5.152e-12 3.69204e-07)
(0 0 0)
(-4.19383e-10 -5.14075e-10 9.31755e-11)
(-8.58128e-10 -7.05384e-10 3.81919e-10)
(-1.30302e-09 -7.8273e-10 8.60292e-10)
(-1.75012e-09 -8.17433e-10 1.54763e-09)
(-2.21336e-09 -8.27106e-10 2.44271e-09)
(-2.70122e-09 -8.21612e-10 3.53669e-09)
(-3.2182e-09 -8.07674e-10 4.82117e-09)
(-3.76772e-09 -7.8942e-10 6.28923e-09)
(-4.35273e-09 -7.69249e-10 7.93526e-09)
(-4.97587e-09 -7.48469e-10 9.75447e-09)
(-5.63959e-09 -7.27734e-10 1.17427e-08)
(-6.34621e-09 -7.07331e-10 1.3896e-08)
(-7.09787e-09 -6.87352e-10 1.62107e-08)
(-7.89656e-09 -6.67795e-10 1.86832e-08)
(-8.74408e-09 -6.48624e-10 2.13099e-08)
(-9.64203e-09 -6.29792e-10 2.40872e-08)
(-1.05918e-08 -6.11258e-10 2.70115e-08)
(-1.15946e-08 -5.92993e-10 3.00791e-08)
(-1.26514e-08 -5.74974e-10 3.32865e-08)
(-1.37631e-08 -5.57191e-10 3.663e-08)
(-1.49301e-08 -5.39637e-10 4.0106e-08)
(-1.61529e-08 -5.22312e-10 4.37108e-08)
(-1.74318e-08 -5.05219e-10 4.74408e-08)
(-1.87668e-08 -4.88361e-10 5.12925e-08)
(-2.01579e-08 -4.71744e-10 5.52623e-08)
(-2.16047e-08 -4.55373e-10 5.93466e-08)
(-2.31069e-08 -4.39254e-10 6.35419e-08)
(-2.46639e-08 -4.23393e-10 6.78448e-08)
(-2.62753e-08 -4.07794e-10 7.22518e-08)
(-2.794e-08 -3.92462e-10 7.67595e-08)
(-2.96574e-08 -3.774e-10 8.13646e-08)
(-3.14264e-08 -3.62613e-10 8.60636e-08)
(-3.3246e-08 -3.48103e-10 9.08535e-08)
(-3.5115e-08 -3.33874e-10 9.57308e-08)
(-3.70321e-08 -3.19926e-10 1.00692e-07)
(-3.89962e-08 -3.06264e-10 1.05735e-07)
(-4.10059e-08 -2.92887e-10 1.10856e-07)
(-4.30596e-08 -2.79798e-10 1.16052e-07)
(-4.5156e-08 -2.66998e-10 1.2132e-07)
(-4.72936e-08 -2.54488e-10 1.26657e-07)
(-4.94708e-08 -2.42269e-10 1.3206e-07)
(-5.16861e-08 -2.30341e-10 1.37526e-07)
(-5.39377e-08 -2.18705e-10 1.43053e-07)
(-5.62243e-08 -2.07362e-10 1.48638e-07)
(-5.8544e-08 -1.96311e-10 1.54277e-07)
(-6.08952e-08 -1.85553e-10 1.59969e-07)
(-6.32764e-08 -1.75089e-10 1.6571e-07)
(-6.56859e-08 -1.64917e-10 1.71499e-07)
(-6.8122e-08 -1.5504e-10 1.77332e-07)
(-7.05832e-08 -1.45455e-10 1.83208e-07)
(-7.30678e-08 -1.36165e-10 1.89123e-07)
(-7.55742e-08 -1.27168e-10 1.95076e-07)
(-7.81009e-08 -1.18466e-10 2.01063e-07)
(-8.06464e-08 -1.10057e-10 2.07084e-07)
(-8.32091e-08 -1.01944e-10 2.13135e-07)
(-8.57876e-08 -9.41255e-11 2.19215e-07)
(-8.83805e-08 -8.66029e-11 2.25321e-07)
(-9.09863e-08 -7.93766e-11 2.31451e-07)
(-9.36038e-08 -7.24474e-11 2.37604e-07)
(-9.62317e-08 -6.58162e-11 2.43777e-07)
(-9.88686e-08 -5.94842e-11 2.4997e-07)
(-1.01514e-07 -5.34526e-11 2.56178e-07)
(-1.04165e-07 -4.77229e-11 2.62402e-07)
(-1.06823e-07 -4.22969e-11 2.6864e-07)
(-1.09485e-07 -3.71767e-11 2.74889e-07)
(-1.1215e-07 -3.23647e-11 2.81149e-07)
(-1.14819e-07 -2.78637e-11 2.87418e-07)
(-1.1749e-07 -2.36771e-11 2.93694e-07)
(-1.20162e-07 -1.98087e-11 2.99977e-07)
(-1.22834e-07 -1.62629e-11 3.06264e-07)
(-1.25507e-07 -1.30445e-11 3.12556e-07)
(-1.28179e-07 -1.01582e-11 3.1885e-07)
(-1.3085e-07 -7.60753e-12 3.25146e-07)
(-1.33519e-07 -5.39212e-12 3.31442e-07)
(-1.36187e-07 -3.50286e-12 3.37739e-07)
(-1.38852e-07 -1.91202e-12 3.44036e-07)
(-1.41515e-07 -5.60859e-13 3.50331e-07)
(-1.44176e-07 6.67154e-13 3.56624e-07)
(-1.46834e-07 2.01659e-12 3.62915e-07)
(-1.49491e-07 3.56214e-12 3.69204e-07)
(0 0 0)
(-3.50216e-10 -2.95651e-10 1.97663e-10)
(-8.02207e-10 -4.43788e-10 5.46141e-10)
(-1.27353e-09 -5.15726e-10 1.05384e-09)
(-1.74511e-09 -5.4818e-10 1.75605e-09)
(-2.22882e-09 -5.58287e-10 2.65823e-09)
(-2.73324e-09 -5.5584e-10 3.75446e-09)
(-3.26321e-09 -5.46658e-10 5.03816e-09)
(-3.82275e-09 -5.34109e-10 6.50364e-09)
(-4.41546e-09 -5.20103e-10 8.14602e-09)
(-5.04455e-09 -5.05664e-10 9.96098e-09)
(-5.71294e-09 -4.91297e-10 1.19446e-08)
(-6.42326e-09 -4.77215e-10 1.40931e-08)
(-7.1779e-09 -4.63479e-10 1.64029e-08)
(-7.97901e-09 -4.50081e-10 1.88704e-08)
(-8.82849e-09 -4.36985e-10 2.14921e-08)
(-9.72802e-09 -4.24148e-10 2.42643e-08)
(-1.0679e-08 -4.11536e-10 2.71836e-08)
(-1.16828e-08 -3.99121e-10 3.02462e-08)
(-1.27403e-08 -3.86885e-10 3.34486e-08)
(-1.38523e-08 -3.74818e-10 3.67871e-08)
(-1.50195e-08 -3.62914e-10 4.02581e-08)
(-1.62423e-08 -3.51171e-10 4.3858e-08)
(-1.75209e-08 -3.3959e-10 4.75833e-08)
(-1.88555e-08 -3.28174e-10 5.14302e-08)
(-2.02458e-08 -3.16926e-10 5.53953e-08)
(-2.16918e-08 -3.05849e-10 5.94749e-08)
(-2.3193e-08 -2.94948e-10 6.36657e-08)
(-2.47489e-08 -2.84225e-10 6.79641e-08)
(-2.63589e-08 -2.73685e-10 7.23667e-08)
(-2.80222e-08 -2.63329e-10 7.68701e-08)
(-2.9738e-08 -2.53161e-10 8.14709e-08)
(-3.15053e-08 -2.43182e-10 8.61658e-08)
(-3.33231e-08 -2.33395e-10 9.09515e-08)
(-3.51902e-08 -2.23801e-10 9.58248e-08)
(-3.71054e-08 -2.14402e-10 1.00783e-07)
(-3.90675e-08 -2.05199e-10 1.05822e-07)
(-4.1075e-08 -1.96192e-10 1.10939e-07)
(-4.31266e-08 -1.87383e-10 1.16131e-07)
(-4.52209e-08 -1.78771e-10 1.21395e-07)
(-4.73562e-08 -1.70359e-10 1.26729e-07)
(-4.95311e-08 -1.62145e-10 1.32128e-07)
(-5.17441e-08 -1.54131e-10 1.37591e-07)
(-5.39935e-08 -1.46316e-10 1.43115e-07)
(-5.62777e-08 -1.38701e-10 1.48696e-07)
(-5.85951e-08 -1.31285e-10 1.54333e-07)
(-6.0944e-08 -1.24068e-10 1.60022e-07)
(-6.33229e-08 -1.17051e-10 1.6576e-07)
(-6.57301e-08 -1.10232e-10 1.71546e-07)
(-6.81639e-08 -1.03613e-10 1.77376e-07)
(-7.06228e-08 -9.71935e-11 1.83249e-07)
(-7.31052e-08 -9.09724e-11 1.89162e-07)
(-7.56094e-08 -8.49502e-11 1.95112e-07)
(-7.8134e-08 -7.91268e-11 2.01097e-07)
(-8.06773e-08 -7.35021e-11 2.07115e-07)
(-8.3238e-08 -6.80763e-11 2.13164e-07)
(-8.58145e-08 -6.28494e-11 2.19242e-07)
(-8.84054e-08 -5.78216e-11 2.25346e-07)
(-9.10093e-08 -5.29932e-11 2.31474e-07)
(-9.36249e-08 -4.83646e-11 2.37625e-07)
(-9.6251e-08 -4.39361e-11 2.43796e-07)
(-9.88862e-08 -3.97085e-11 2.49987e-07)
(-1.01529e-07 -3.56824e-11 2.56194e-07)
(-1.04179e-07 -3.18586e-11 2.62416e-07)
(-1.06835e-07 -2.82384e-11 2.68652e-07)
(-1.09496e-07 -2.48229e-11 2.749e-07)
(-1.1216e-07 -2.16137e-11 2.81159e-07)
(-1.14828e-07 -1.86128e-11 2.87426e-07)
(-1.17497e-07 -1.58223e-11 2.93701e-07)
(-1.20168e-07 -1.32449e-11 2.99982e-07)
(-1.2284e-07 -1.08836e-11 3.06269e-07)
(-1.25511e-07 -8.74192e-12 3.12559e-07)
(-1.28182e-07 -6.82286e-12 3.18853e-07)
(-1.30852e-07 -5.12856e-12 3.25148e-07)
(-1.33521e-07 -3.65817e-12 3.31444e-07)
(-1.36188e-07 -2.40436e-12 3.37741e-07)
(-1.38853e-07 -1.3475e-12 3.44037e-07)
(-1.41516e-07 -4.49489e-13 3.50331e-07)
(-1.44176e-07 3.57181e-13 3.56624e-07)
(-1.46835e-07 1.17808e-12 3.62915e-07)
(-1.49492e-07 1.98427e-12 3.69204e-07)
(0 0 0)
(-3.29826e-10 -1.36391e-10 2.50632e-10)
(-7.77643e-10 -2.1383e-10 6.33941e-10)
(-1.25701e-09 -2.54356e-10 1.16153e-09)
(-1.74005e-09 -2.73564e-10 1.87528e-09)
(-2.23489e-09 -2.80171e-10 2.78424e-09)
(-2.74907e-09 -2.79626e-10 3.88397e-09)
(-3.28717e-09 -2.75255e-10 5.16884e-09)
(-3.85326e-09 -2.68975e-10 6.63392e-09)
(-4.45116e-09 -2.61866e-10 8.27487e-09)
(-5.08433e-09 -2.54504e-10 1.00878e-08)
(-5.75592e-09 -2.47175e-10 1.20689e-08)
(-6.46877e-09 -2.39998e-10 1.42147e-08)
(-7.22543e-09 -2.33011e-10 1.65216e-08)
(-8.02815e-09 -2.26207e-10 1.89861e-08)
(-8.87893e-09 -2.19567e-10 2.16048e-08)
(-9.77949e-09 -2.13067e-10 2.43739e-08)
(-1.07313e-08 -2.06688e-10 2.72901e-08)
(-1.17357e-08 -2.00414e-10 3.03496e-08)
(-1.27936e-08 -1.94234e-10 3.35489e-08)
(-1.39059e-08 -1.88142e-10 3.68844e-08)
(-1.50732e-08 -1.82135e-10 4.03524e-08)
(-1.6296e-08 -1.76211e-10 4.39493e-08)
(-1.75745e-08 -1.7037e-10 4.76716e-08)
(-1.89087e-08 -1.64614e-10 5.15156e-08)
(-2.02987e-08 -1.58945e-10 5.54777e-08)
(-2.17442e-08 -1.53363e-10 5.95546e-08)
(-2.32447e-08 -1.47871e-10 6.37425e-08)
(-2.48e-08 -1.42471e-10 6.80382e-08)
(-2.64092e-08 -1.37164e-10 7.24381e-08)
(-2.80716e-08 -1.31952e-10 7.69388e-08)
(-2.97865e-08 -1.26835e-10 8.1537e-08)
(-3.15528e-08 -1.21815e-10 8.62293e-08)
(-3.33695e-08 -1.16893e-10 9.10126e-08)
(-3.52355e-08 -1.12069e-10 9.58834e-08)
(-3.71496e-08 -1.07345e-10 1.00839e-07)
(-3.91104e-08 -1.0272e-10 1.05875e-07)
(-4.11167e-08 -9.81959e-11 1.1099e-07)
(-4.3167e-08 -9.37719e-11 1.1618e-07)
(-4.52599e-08 -8.94487e-11 1.21442e-07)
(-4.73939e-08 -8.52263e-11 1.26774e-07)
(-4.95675e-08 -8.11049e-11 1.32171e-07)
(-5.1779e-08 -7.70846e-11 1.37632e-07)
(-5.4027e-08 -7.31654e-11 1.43154e-07)
(-5.63098e-08 -6.93472e-11 1.48733e-07)
(-5.86258e-08 -6.563e-11 1.54368e-07)
(-6.09734e-08 -6.20137e-11 1.60055e-07)
(-6.33509e-08 -5.84982e-11 1.65791e-07)
(-6.57567e-08 -5.50833e-11 1.71575e-07)
(-6.81891e-08 -5.1769e-11 1.77404e-07)
(-7.06467e-08 -4.85552e-11 1.83275e-07)
(-7.31277e-08 -4.54416e-11 1.89186e-07)
(-7.56306e-08 -4.24283e-11 1.95135e-07)
(-7.81539e-08 -3.95151e-11 2.01119e-07)
(-8.06959e-08 -3.6702e-11 2.07135e-07)
(-8.32553e-08 -3.3989e-11 2.13183e-07)
(-8.58306e-08 -3.13759e-11 2.19259e-07)
(-8.84203e-08 -2.8863e-11 2.25361e-07)
(-9.10231e-08 -2.64502e-11 2.31488e-07)
(-9.36376e-08 -2.41377e-11 2.37638e-07)
(-9.62626e-08 -2.19257e-11 2.43808e-07)
(-9.88968e-08 -1.98144e-11 2.49998e-07)
(-1.01539e-07 -1.78042e-11 2.56204e-07)
(-1.04188e-07 -1.58954e-11 2.62425e-07)
(-1.06843e-07 -1.40885e-11 2.6866e-07)
(-1.09503e-07 -1.23842e-11 2.74907e-07)
(-1.12166e-07 -1.07833e-11 2.81165e-07)
(-1.14833e-07 -9.28669e-12 2.87431e-07)
(-1.17502e-07 -7.89548e-12 2.93706e-07)
(-1.20172e-07 -6.61107e-12 2.99986e-07)
(-1.22843e-07 -5.435e-12 3.06272e-07)
(-1.25514e-07 -4.36898e-12 3.12562e-07)
(-1.28184e-07 -3.41454e-12 3.18855e-07)
(-1.30854e-07 -2.57262e-12 3.2515e-07)
(-1.33522e-07 -1.8425e-12 3.31446e-07)
(-1.36189e-07 -1.2201e-12 3.37742e-07)
(-1.38853e-07 -6.95551e-13 3.44037e-07)
(-1.41516e-07 -2.5078e-13 3.50332e-07)
(-1.44177e-07 1.45151e-13 3.56625e-07)
(-1.46835e-07 5.31741e-13 3.62916e-07)
(-1.49492e-07 8.8984e-13 3.69204e-07)
(0 0 0)
(-3.25122e-10 3.77072e-19 2.67454e-10)
(-7.71387e-10 6.60083e-19 6.61974e-10)
(-1.25247e-09 9.14637e-19 1.19623e-09)
(-1.73853e-09 1.1797e-18 1.91408e-09)
(-2.23664e-09 1.45094e-18 2.82564e-09)
(-2.75392e-09 1.72243e-18 3.92686e-09)
(-3.29471e-09 1.98609e-18 5.21239e-09)
(-3.86303e-09 2.23131e-18 6.67753e-09)
(-4.46273e-09 2.46413e-18 8.31814e-09)
(-5.09733e-09 2.68562e-18 1.01304e-08)
(-5.77005e-09 2.8803e-18 1.21108e-08)
(-6.4838e-09 3.04633e-18 1.42557e-08)
(-7.24117e-09 3.18406e-18 1.65617e-08)
(-8.04446e-09 3.28983e-18 1.90252e-08)
(-8.89569e-09 3.38159e-18 2.16428e-08)
(-9.79661e-09 3.4769e-18 2.4411e-08)
(-1.07487e-08 3.56936e-18 2.73261e-08)
(-1.17533e-08 3.64572e-18 3.03846e-08)
(-1.28114e-08 3.69337e-18 3.35829e-08)
(-1.39238e-08 3.70854e-18 3.69173e-08)
(-1.50911e-08 3.69582e-18 4.03843e-08)
(-1.63139e-08 3.6554e-18 4.39802e-08)
(-1.75923e-08 3.57343e-18 4.77015e-08)
(-1.89265e-08 3.43492e-18 5.15445e-08)
(-2.03163e-08 3.25014e-18 5.55057e-08)
(-2.17616e-08 3.03389e-18 5.95815e-08)
(-2.3262e-08 2.78738e-18 6.37686e-08)
(-2.4817e-08 2.50768e-18 6.80633e-08)
(-2.64259e-08 2.1897e-18 7.24623e-08)
(-2.80881e-08 1.82854e-18 7.69621e-08)
(-2.98027e-08 1.43128e-18 8.15594e-08)
(-3.15687e-08 1.00318e-18 8.62509e-08)
(-3.3385e-08 5.26366e-19 9.10333e-08)
(-3.52506e-08 -8.87289e-21 9.59033e-08)
(-3.71643e-08 -5.86591e-19 1.00858e-07)
(-3.91247e-08 -1.1973e-18 1.05894e-07)
(-4.11306e-08 -1.84279e-18 1.11008e-07)
(-4.31805e-08 -2.52327e-18 1.16197e-07)
(-4.52729e-08 -3.24789e-18 1.21458e-07)
(-4.74065e-08 -4.03568e-18 1.26789e-07)
(-4.95796e-08 -4.88369e-18 1.32186e-07)
(-5.17907e-08 -5.76089e-18 1.37646e-07)
(-5.40382e-08 -6.64225e-18 1.43167e-07)
(-5.63205e-08 -7.52934e-18 1.48746e-07)
(-5.86361e-08 -8.44444e-18 1.54379e-07)
(-6.09832e-08 -9.39836e-18 1.60066e-07)
(-6.33602e-08 -1.03841e-17 1.65802e-07)
(-6.57655e-08 -1.13989e-17 1.71585e-07)
(-6.81975e-08 -1.24438e-17 1.77414e-07)
(-7.06546e-08 -1.35129e-17 1.83284e-07)
(-7.31352e-08 -1.46008e-17 1.89195e-07)
(-7.56377e-08 -1.56905e-17 1.95143e-07)
(-7.81605e-08 -1.67724e-17 2.01126e-07)
(-8.07021e-08 -1.78905e-17 2.07142e-07)
(-8.32611e-08 -1.90713e-17 2.13189e-07)
(-8.5836e-08 -2.02888e-17 2.19265e-07)
(-8.84253e-08 -2.15285e-17 2.25367e-07)
(-9.10277e-08 -2.27986e-17 2.31493e-07)
(-9.36419e-08 -2.41101e-17 2.37643e-07)
(-9.62665e-08 -2.54521e-17 2.43813e-07)
(-9.89003e-08 -2.68259e-17 2.50001e-07)
(-1.01542e-07 -2.8269e-17 2.56207e-07)
(-1.04191e-07 -2.9745e-17 2.62428e-07)
(-1.06846e-07 -3.12263e-17 2.68663e-07)
(-1.09505e-07 -3.27686e-17 2.7491e-07)
(-1.12168e-07 -3.43907e-17 2.81167e-07)
(-1.14835e-07 -3.60673e-17 2.87433e-07)
(-1.17503e-07 -3.77638e-17 2.93707e-07)
(-1.20173e-07 -3.94469e-17 2.99988e-07)
(-1.22844e-07 -4.11227e-17 3.06273e-07)
(-1.25515e-07 -4.2816e-17 3.12563e-07)
(-1.28185e-07 -4.44262e-17 3.18856e-07)
(-1.30854e-07 -4.58269e-17 3.2515e-07)
(-1.33522e-07 -4.71869e-17 3.31446e-07)
(-1.36189e-07 -4.8925e-17 3.37742e-07)
(-1.38854e-07 -5.11056e-17 3.44038e-07)
(-1.41516e-07 -5.28413e-17 3.50332e-07)
(-1.44177e-07 -5.42669e-17 3.56625e-07)
(-1.46835e-07 -5.80604e-17 3.62916e-07)
(-1.49492e-07 -6.28538e-17 3.69205e-07)
(0 0 0)
(-3.29826e-10 1.36391e-10 2.50632e-10)
(-7.77643e-10 2.1383e-10 6.33941e-10)
(-1.25701e-09 2.54356e-10 1.16153e-09)
(-1.74005e-09 2.73564e-10 1.87528e-09)
(-2.23489e-09 2.80171e-10 2.78424e-09)
(-2.74907e-09 2.79626e-10 3.88397e-09)
(-3.28717e-09 2.75255e-10 5.16884e-09)
(-3.85326e-09 2.68975e-10 6.63392e-09)
(-4.45116e-09 2.61866e-10 8.27487e-09)
(-5.08433e-09 2.54504e-10 1.00878e-08)
(-5.75592e-09 2.47175e-10 1.20689e-08)
(-6.46877e-09 2.39998e-10 1.42147e-08)
(-7.22543e-09 2.33011e-10 1.65216e-08)
(-8.02815e-09 2.26207e-10 1.89861e-08)
(-8.87893e-09 2.19567e-10 2.16048e-08)
(-9.77949e-09 2.13067e-10 2.43739e-08)
(-1.07313e-08 2.06688e-10 2.72901e-08)
(-1.17357e-08 2.00414e-10 3.03496e-08)
(-1.27936e-08 1.94234e-10 3.35489e-08)
(-1.39059e-08 1.88142e-10 3.68844e-08)
(-1.50732e-08 1.82135e-10 4.03524e-08)
(-1.6296e-08 1.76211e-10 4.39493e-08)
(-1.75745e-08 1.7037e-10 4.76716e-08)
(-1.89087e-08 1.64614e-10 5.15156e-08)
(-2.02987e-08 1.58945e-10 5.54777e-08)
(-2.17442e-08 1.53363e-10 5.95546e-08)
(-2.32447e-08 1.47871e-10 6.37425e-08)
(-2.48e-08 1.42471e-10 6.80382e-08)
(-2.64092e-08 1.37164e-10 7.24381e-08)
(-2.80716e-08 1.31952e-10 7.69388e-08)
(-2.97865e-08 1.26835e-10 8.1537e-08)
(-3.15528e-08 1.21815e-10 8.62293e-08)
(-3.33695e-08 1.16893e-10 9.10126e-08)
(-3.52355e-08 1.12069e-10 9.58834e-08)
(-3.71496e-08 1.07345e-10 1.00839e-07)
(-3.91104e-08 1.0272e-10 1.05875e-07)
(-4.11167e-08 9.81959e-11 1.1099e-07)
(-4.3167e-08 9.37719e-11 1.1618e-07)
(-4.52599e-08 8.94487e-11 1.21442e-07)
(-4.73939e-08 8.52263e-11 1.26774e-07)
(-4.95675e-08 8.11049e-11 1.32171e-07)
(-5.1779e-08 7.70846e-11 1.37632e-07)
(-5.4027e-08 7.31654e-11 1.43154e-07)
(-5.63098e-08 6.93472e-11 1.48733e-07)
(-5.86258e-08 6.563e-11 1.54368e-07)
(-6.09734e-08 6.20137e-11 1.60055e-07)
(-6.33509e-08 5.84982e-11 1.65791e-07)
(-6.57567e-08 5.50833e-11 1.71575e-07)
(-6.81891e-08 5.1769e-11 1.77404e-07)
(-7.06467e-08 4.85552e-11 1.83275e-07)
(-7.31277e-08 4.54416e-11 1.89186e-07)
(-7.56306e-08 4.24283e-11 1.95135e-07)
(-7.81539e-08 3.95151e-11 2.01119e-07)
(-8.06959e-08 3.6702e-11 2.07135e-07)
(-8.32553e-08 3.39889e-11 2.13183e-07)
(-8.58306e-08 3.13759e-11 2.19259e-07)
(-8.84203e-08 2.8863e-11 2.25361e-07)
(-9.10231e-08 2.64502e-11 2.31488e-07)
(-9.36376e-08 2.41377e-11 2.37638e-07)
(-9.62626e-08 2.19257e-11 2.43808e-07)
(-9.88968e-08 1.98144e-11 2.49998e-07)
(-1.01539e-07 1.78041e-11 2.56204e-07)
(-1.04188e-07 1.58953e-11 2.62425e-07)
(-1.06843e-07 1.40884e-11 2.6866e-07)
(-1.09503e-07 1.23842e-11 2.74907e-07)
(-1.12166e-07 1.07832e-11 2.81165e-07)
(-1.14833e-07 9.28661e-12 2.87431e-07)
(-1.17502e-07 7.89541e-12 2.93706e-07)
(-1.20172e-07 6.61099e-12 2.99986e-07)
(-1.22843e-07 5.43492e-12 3.06272e-07)
(-1.25514e-07 4.36889e-12 3.12562e-07)
(-1.28184e-07 3.41445e-12 3.18855e-07)
(-1.30854e-07 2.57253e-12 3.2515e-07)
(-1.33522e-07 1.84241e-12 3.31446e-07)
(-1.36189e-07 1.22001e-12 3.37742e-07)
(-1.38853e-07 6.95448e-13 3.44037e-07)
(-1.41516e-07 2.50674e-13 3.50332e-07)
(-1.44177e-07 -1.45263e-13 3.56625e-07)
(-1.46835e-07 -5.31859e-13 3.62916e-07)
(-1.49492e-07 -8.89964e-13 3.69204e-07)
(0 0 0)
(-3.50216e-10 2.95651e-10 1.97663e-10)
(-8.02207e-10 4.43788e-10 5.46141e-10)
(-1.27353e-09 5.15726e-10 1.05384e-09)
(-1.74511e-09 5.4818e-10 1.75605e-09)
(-2.22882e-09 5.58287e-10 2.65823e-09)
(-2.73324e-09 5.5584e-10 3.75446e-09)
(-3.26321e-09 5.46658e-10 5.03816e-09)
(-3.82275e-09 5.34109e-10 6.50364e-09)
(-4.41546e-09 5.20103e-10 8.14602e-09)
(-5.04455e-09 5.05664e-10 9.96098e-09)
(-5.71294e-09 4.91297e-10 1.19446e-08)
(-6.42326e-09 4.77215e-10 1.40931e-08)
(-7.1779e-09 4.63479e-10 1.64029e-08)
(-7.97901e-09 4.50081e-10 1.88704e-08)
(-8.82849e-09 4.36985e-10 2.14921e-08)
(-9.72802e-09 4.24148e-10 2.42643e-08)
(-1.0679e-08 4.11536e-10 2.71836e-08)
(-1.16828e-08 3.99121e-10 3.02462e-08)
(-1.27403e-08 3.86885e-10 3.34486e-08)
(-1.38523e-08 3.74818e-10 3.67871e-08)
(-1.50195e-08 3.62914e-10 4.02581e-08)
(-1.62423e-08 3.51171e-10 4.3858e-08)
(-1.75209e-08 3.3959e-10 4.75833e-08)
(-1.88555e-08 3.28174e-10 5.14302e-08)
(-2.02458e-08 3.16926e-10 5.53953e-08)
(-2.16918e-08 3.05849e-10 5.94749e-08)
(-2.3193e-08 2.94948e-10 6.36657e-08)
(-2.47489e-08 2.84225e-10 6.79641e-08)
(-2.63589e-08 2.73685e-10 7.23667e-08)
(-2.80222e-08 2.63329e-10 7.68701e-08)
(-2.9738e-08 2.53161e-10 8.14709e-08)
(-3.15053e-08 2.43182e-10 8.61658e-08)
(-3.33231e-08 2.33395e-10 9.09515e-08)
(-3.51902e-08 2.23801e-10 9.58248e-08)
(-3.71054e-08 2.14402e-10 1.00783e-07)
(-3.90675e-08 2.05199e-10 1.05822e-07)
(-4.1075e-08 1.96192e-10 1.10939e-07)
(-4.31266e-08 1.87383e-10 1.16131e-07)
(-4.52209e-08 1.78771e-10 1.21395e-07)
(-4.73562e-08 1.70359e-10 1.26729e-07)
(-4.95311e-08 1.62145e-10 1.32128e-07)
(-5.17441e-08 1.54131e-10 1.37591e-07)
(-5.39935e-08 1.46316e-10 1.43115e-07)
(-5.62777e-08 1.38701e-10 1.48696e-07)
(-5.85951e-08 1.31285e-10 1.54333e-07)
(-6.0944e-08 1.24068e-10 1.60022e-07)
(-6.33229e-08 1.17051e-10 1.6576e-07)
(-6.57301e-08 1.10232e-10 1.71546e-07)
(-6.81639e-08 1.03613e-10 1.77376e-07)
(-7.06228e-08 9.71935e-11 1.83249e-07)
(-7.31052e-08 9.09724e-11 1.89162e-07)
(-7.56094e-08 8.49502e-11 1.95112e-07)
(-7.8134e-08 7.91267e-11 2.01097e-07)
(-8.06773e-08 7.35021e-11 2.07115e-07)
(-8.3238e-08 6.80762e-11 2.13164e-07)
(-8.58145e-08 6.28493e-11 2.19242e-07)
(-8.84054e-08 5.78215e-11 2.25346e-07)
(-9.10093e-08 5.29932e-11 2.31474e-07)
(-9.36249e-08 4.83645e-11 2.37625e-07)
(-9.6251e-08 4.39361e-11 2.43796e-07)
(-9.88862e-08 3.97084e-11 2.49987e-07)
(-1.01529e-07 3.56823e-11 2.56194e-07)
(-1.04179e-07 3.18586e-11 2.62416e-07)
(-1.06835e-07 2.82383e-11 2.68652e-07)
(-1.09496e-07 2.48228e-11 2.749e-07)
(-1.1216e-07 2.16137e-11 2.81159e-07)
(-1.14828e-07 1.86127e-11 2.87426e-07)
(-1.17497e-07 1.58222e-11 2.93701e-07)
(-1.20168e-07 1.32448e-11 2.99982e-07)
(-1.2284e-07 1.08836e-11 3.06269e-07)
(-1.25511e-07 8.74183e-12 3.12559e-07)
(-1.28182e-07 6.82277e-12 3.18853e-07)
(-1.30852e-07 5.12846e-12 3.25148e-07)
(-1.33521e-07 3.65808e-12 3.31444e-07)
(-1.36188e-07 2.40426e-12 3.37741e-07)
(-1.38853e-07 1.3474e-12 3.44037e-07)
(-1.41516e-07 4.49378e-13 3.50331e-07)
(-1.44176e-07 -3.57298e-13 3.56624e-07)
(-1.46835e-07 -1.1782e-12 3.62915e-07)
(-1.49492e-07 -1.98439e-12 3.69204e-07)
(0 0 0)
(-4.19383e-10 5.14075e-10 9.31755e-11)
(-8.58128e-10 7.05384e-10 3.81919e-10)
(-1.30302e-09 7.8273e-10 8.60292e-10)
(-1.75012e-09 8.17433e-10 1.54763e-09)
(-2.21336e-09 8.27106e-10 2.44271e-09)
(-2.70122e-09 8.21612e-10 3.53669e-09)
(-3.2182e-09 8.07674e-10 4.82117e-09)
(-3.76772e-09 7.8942e-10 6.28923e-09)
(-4.35273e-09 7.69249e-10 7.93526e-09)
(-4.97587e-09 7.48469e-10 9.75447e-09)
(-5.63959e-09 7.27734e-10 1.17427e-08)
(-6.34621e-09 7.07331e-10 1.3896e-08)
(-7.09787e-09 6.87352e-10 1.62107e-08)
(-7.89656e-09 6.67795e-10 1.86832e-08)
(-8.74408e-09 6.48624e-10 2.13099e-08)
(-9.64203e-09 6.29792e-10 2.40872e-08)
(-1.05918e-08 6.11258e-10 2.70115e-08)
(-1.15946e-08 5.92993e-10 3.00791e-08)
(-1.26514e-08 5.74974e-10 3.32865e-08)
(-1.37631e-08 5.57191e-10 3.663e-08)
(-1.49301e-08 5.39637e-10 4.0106e-08)
(-1.61529e-08 5.22312e-10 4.37108e-08)
(-1.74318e-08 5.05219e-10 4.74408e-08)
(-1.87668e-08 4.88361e-10 5.12925e-08)
(-2.01579e-08 4.71744e-10 5.52623e-08)
(-2.16047e-08 4.55373e-10 5.93466e-08)
(-2.31069e-08 4.39254e-10 6.35419e-08)
(-2.46639e-08 4.23393e-10 6.78448e-08)
(-2.62753e-08 4.07794e-10 7.22518e-08)
(-2.794e-08 3.92462e-10 7.67595e-08)
(-2.96574e-08 3.774e-10 8.13646e-08)
(-3.14264e-08 3.62613e-10 8.60636e-08)
(-3.3246e-08 3.48103e-10 9.08535e-08)
(-3.5115e-08 3.33874e-10 9.57308e-08)
(-3.70321e-08 3.19926e-10 1.00692e-07)
(-3.89962e-08 3.06264e-10 1.05735e-07)
(-4.10059e-08 2.92887e-10 1.10856e-07)
(-4.30596e-08 2.79798e-10 1.16052e-07)
(-4.5156e-08 2.66998e-10 1.2132e-07)
(-4.72936e-08 2.54488e-10 1.26657e-07)
(-4.94708e-08 2.42269e-10 1.3206e-07)
(-5.16861e-08 2.30341e-10 1.37526e-07)
(-5.39377e-08 2.18705e-10 1.43053e-07)
(-5.62243e-08 2.07362e-10 1.48638e-07)
(-5.8544e-08 1.96311e-10 1.54277e-07)
(-6.08952e-08 1.85553e-10 1.59969e-07)
(-6.32764e-08 1.75089e-10 1.6571e-07)
(-6.56859e-08 1.64917e-10 1.71499e-07)
(-6.8122e-08 1.5504e-10 1.77332e-07)
(-7.05832e-08 1.45455e-10 1.83208e-07)
(-7.30678e-08 1.36165e-10 1.89123e-07)
(-7.55742e-08 1.27168e-10 1.95076e-07)
(-7.81009e-08 1.18465e-10 2.01063e-07)
(-8.06464e-08 1.10057e-10 2.07084e-07)
(-8.32091e-08 1.01944e-10 2.13135e-07)
(-8.57876e-08 9.41255e-11 2.19215e-07)
(-8.83805e-08 8.66028e-11 2.25321e-07)
(-9.09863e-08 7.93765e-11 2.31451e-07)
(-9.36038e-08 7.24473e-11 2.37604e-07)
(-9.62317e-08 6.58161e-11 2.43777e-07)
(-9.88686e-08 5.94841e-11 2.4997e-07)
(-1.01514e-07 5.34525e-11 2.56178e-07)
(-1.04165e-07 4.77228e-11 2.62402e-07)
(-1.06823e-07 4.22969e-11 2.6864e-07)
(-1.09485e-07 3.71767e-11 2.74889e-07)
(-1.1215e-07 3.23647e-11 2.81149e-07)
(-1.14819e-07 2.78637e-11 2.87418e-07)
(-1.1749e-07 2.3677e-11 2.93694e-07)
(-1.20162e-07 1.98086e-11 2.99977e-07)
(-1.22834e-07 1.62628e-11 3.06264e-07)
(-1.25507e-07 1.30444e-11 3.12556e-07)
(-1.28179e-07 1.01582e-11 3.1885e-07)
(-1.3085e-07 7.60743e-12 3.25146e-07)
(-1.33519e-07 5.39202e-12 3.31442e-07)
(-1.36187e-07 3.50276e-12 3.37739e-07)
(-1.38852e-07 1.91191e-12 3.44036e-07)
(-1.41515e-07 5.60749e-13 3.50331e-07)
(-1.44176e-07 -6.67269e-13 3.56624e-07)
(-1.46834e-07 -2.01671e-12 3.62915e-07)
(-1.49491e-07 -3.56227e-12 3.69204e-07)
(0 0 0)
(-7.47141e-10 8.02612e-10 -1.22977e-10)
(-9.60782e-10 9.52854e-10 9.66306e-11)
(-1.33033e-09 1.03057e-09 5.55448e-10)
(-1.74071e-09 1.06759e-09 1.23672e-09)
(-2.17582e-09 1.07707e-09 2.1329e-09)
(-2.64254e-09 1.06968e-09 3.23189e-09)
(-3.14431e-09 1.05251e-09 4.52304e-09)
(-3.68286e-09 1.03002e-09 5.9983e-09)
(-4.25976e-09 1.00495e-09 7.65152e-09)
(-4.87671e-09 9.78884e-10 9.4778e-09)
(-5.53553e-09 9.52642e-10 1.14729e-08)
(-6.23814e-09 9.26625e-10 1.3633e-08)
(-6.98647e-09 9.00994e-10 1.59545e-08)
(-7.78236e-09 8.75791e-10 1.84336e-08)
(-8.62753e-09 8.51e-10 2.1067e-08)
(-9.52354e-09 8.26587e-10 2.3851e-08)
(-1.04718e-08 8.0252e-10 2.67819e-08)
(-1.14734e-08 7.7877e-10 2.98562e-08)
(-1.25293e-08 7.55319e-10 3.30702e-08)
(-1.36404e-08 7.32157e-10 3.64203e-08)
(-1.48072e-08 7.0928e-10 3.99027e-08)
(-1.60302e-08 6.86688e-10 4.3514e-08)
(-1.73094e-08 6.64387e-10 4.72505e-08)
(-1.86451e-08 6.42382e-10 5.11085e-08)
(-2.0037e-08 6.20681e-10 5.50845e-08)
(-2.1485e-08 5.99291e-10 5.9175e-08)
(-2.29886e-08 5.7822e-10 6.33764e-08)
(-2.45473e-08 5.57476e-10 6.76852e-08)
(-2.61604e-08 5.37065e-10 7.20981e-08)
(-2.78271e-08 5.16993e-10 7.66116e-08)
(-2.95466e-08 4.97266e-10 8.12223e-08)
(-3.13179e-08 4.77889e-10 8.59269e-08)
(-3.31399e-08 4.58867e-10 9.07222e-08)
(-3.50114e-08 4.40204e-10 9.56048e-08)
(-3.69313e-08 4.21902e-10 1.00572e-07)
(-3.88981e-08 4.03966e-10 1.0562e-07)
(-4.09106e-08 3.86397e-10 1.10745e-07)
(-4.29673e-08 3.69199e-10 1.15946e-07)
(-4.50667e-08 3.52374e-10 1.21219e-07)
(-4.72073e-08 3.35922e-10 1.26561e-07)
(-4.93876e-08 3.19847e-10 1.31968e-07)
(-5.16059e-08 3.04148e-10 1.37439e-07)
(-5.38608e-08 2.88828e-10 1.4297e-07)
(-5.61504e-08 2.73887e-10 1.48559e-07)
(-5.84733e-08 2.59325e-10 1.54203e-07)
(-6.08278e-08 2.45145e-10 1.59899e-07)
(-6.32121e-08 2.31346e-10 1.65644e-07)
(-6.56247e-08 2.1793e-10 1.71437e-07)
(-6.8064e-08 2.04896e-10 1.77274e-07)
(-7.05282e-08 1.92245e-10 1.83153e-07)
(-7.30159e-08 1.79978e-10 1.89072e-07)
(-7.55253e-08 1.68096e-10 1.95028e-07)
(-7.8055e-08 1.56599e-10 2.01019e-07)
(-8.06034e-08 1.45488e-10 2.07042e-07)
(-8.31689e-08 1.34764e-10 2.13097e-07)
(-8.57502e-08 1.24427e-10 2.19179e-07)
(-8.83458e-08 1.14479e-10 2.25288e-07)
(-9.09543e-08 1.04921e-10 2.31422e-07)
(-9.35744e-08 9.57549e-11 2.37577e-07)
(-9.62047e-08 8.69815e-11 2.43753e-07)
(-9.8844e-08 7.86029e-11 2.49948e-07)
(-1.01491e-07 7.0621e-11 2.56159e-07)
(-1.04145e-07 6.30383e-11 2.62385e-07)
(-1.06805e-07 5.58574e-11 2.68625e-07)
(-1.09469e-07 4.90811e-11 2.74876e-07)
(-1.12136e-07 4.27129e-11 2.81138e-07)
(-1.14807e-07 3.67567e-11 2.87408e-07)
(-1.17479e-07 3.12168e-11 2.93686e-07)
(-1.20153e-07 2.60983e-11 2.9997e-07)
(-1.22827e-07 2.14067e-11 3.06259e-07)
(-1.25501e-07 1.7148e-11 3.12552e-07)
(-1.28174e-07 1.33279e-11 3.18847e-07)
(-1.30846e-07 9.95085e-12 3.25143e-07)
(-1.33516e-07 7.01667e-12 3.31441e-07)
(-1.36185e-07 4.51473e-12 3.37738e-07)
(-1.38851e-07 2.41007e-12 3.44035e-07)
(-1.41515e-07 6.18382e-13 3.50331e-07)
(-1.44176e-07 -9.96383e-13 3.56624e-07)
(-1.46834e-07 -2.91957e-12 3.62916e-07)
(-1.49491e-07 -5.15212e-12 3.69204e-07)
(0 0 0)
(-1.12286e-09 -1.08518e-09 1.0483e-10)
(-1.43464e-09 -1.29101e-09 3.16124e-10)
(-1.96687e-09 -1.38873e-09 7.37687e-10)
(-2.56479e-09 -1.42755e-09 1.39061e-09)
(-3.1942e-09 -1.43216e-09 2.25996e-09)
(-3.85645e-09 -1.41731e-09 3.32918e-09)
(-4.55218e-09 -1.39215e-09 4.58628e-09)
(-5.28137e-09 -1.36203e-09 6.02297e-09)
(-6.04464e-09 -1.3299e-09 7.63336e-09)
(-6.8433e-09 -1.29727e-09 9.41292e-09)
(-7.67908e-09 -1.2648e-09 1.13579e-08)
(-8.55394e-09 -1.23277e-09 1.34648e-08)
(-9.46989e-09 -1.20121e-09 1.57303e-08)
(-1.04288e-08 -1.17009e-09 1.81513e-08)
(-1.14326e-08 -1.13936e-09 2.07245e-08)
(-1.24827e-08 -1.10895e-09 2.34465e-08)
(-1.35807e-08 -1.07882e-09 2.63141e-08)
(-1.47278e-08 -1.04894e-09 2.93238e-08)
(-1.59248e-08 -1.01929e-09 3.24723e-08)
(-1.71728e-08 -9.89882e-10 3.57561e-08)
(-1.84723e-08 -9.60709e-10 3.91718e-08)
(-1.98237e-08 -9.31785e-10 4.27159e-08)
(-2.12272e-08 -9.03122e-10 4.63851e-08)
(-2.26832e-08 -8.74735e-10 5.01759e-08)
(-2.41913e-08 -8.46638e-10 5.40848e-08)
(-2.57515e-08 -8.18846e-10 5.81086e-08)
(-2.73634e-08 -7.91375e-10 6.22438e-08)
(-2.90265e-08 -7.64237e-10 6.64871e-08)
(-3.07403e-08 -7.37446e-10 7.08351e-08)
(-3.2504e-08 -7.11015e-10 7.52847e-08)
(-3.43167e-08 -6.84953e-10 7.98325e-08)
(-3.61777e-08 -6.59272e-10 8.44753e-08)
(-3.80858e-08 -6.33982e-10 8.921e-08)
(-4.00401e-08 -6.09091e-10 9.40333e-08)
(-4.20392e-08 -5.84609e-10 9.89423e-08)
(-4.40821e-08 -5.60542e-10 1.03934e-07)
(-4.61673e-08 -5.369e-10 1.09005e-07)
(-4.82935e-08 -5.13687e-10 1.14152e-07)
(-5.04593e-08 -4.90912e-10 1.19373e-07)
(-5.26634e-08 -4.68579e-10 1.24664e-07)
(-5.49041e-08 -4.46696e-10 1.30023e-07)
(-5.71799e-08 -4.25266e-10 1.35447e-07)
(-5.94895e-08 -4.04296e-10 1.40933e-07)
(-6.1831e-08 -3.83791e-10 1.46479e-07)
(-6.42031e-08 -3.63756e-10 1.52081e-07)
(-6.66041e-08 -3.44194e-10 1.57737e-07)
(-6.90325e-08 -3.25111e-10 1.63444e-07)
(-7.14866e-08 -3.06511e-10 1.69201e-07)
(-7.3965e-08 -2.88399e-10 1.75003e-07)
(-7.64659e-08 -2.70779e-10 1.8085e-07)
(-7.8988e-08 -2.53655e-10 1.86737e-07)
(-8.15296e-08 -2.37033e-10 1.92664e-07)
(-8.40893e-08 -2.20915e-10 1.98627e-07)
(-8.66655e-08 -2.05308e-10 2.04625e-07)
(-8.9257e-08 -1.90215e-10 2.10655e-07)
(-9.18622e-08 -1.75642e-10 2.16715e-07)
(-9.44798e-08 -1.61593e-10 2.22803e-07)
(-9.71085e-08 -1.48074e-10 2.28917e-07)
(-9.9747e-08 -1.3509e-10 2.35054e-07)
(-1.02394e-07 -1.22646e-10 2.41214e-07)
(-1.05049e-07 -1.10749e-10 2.47393e-07)
(-1.07709e-07 -9.94045e-11 2.5359e-07)
(-1.10375e-07 -8.86187e-11 2.59804e-07)
(-1.13046e-07 -7.83987e-11 2.66032e-07)
(-1.15719e-07 -6.87516e-11 2.72274e-07)
(-1.18395e-07 -5.96851e-11 2.78526e-07)
(-1.21072e-07 -5.12075e-11 2.84789e-07)
(-1.23751e-07 -4.33279e-11 2.9106e-07)
(-1.26429e-07 -3.60562e-11 2.97338e-07)
(-1.29107e-07 -2.94031e-11 3.03622e-07)
(-1.31784e-07 -2.33805e-11 3.0991e-07)
(-1.3446e-07 -1.80006e-11 3.16202e-07)
(-1.37133e-07 -1.32755e-11 3.22496e-07)
(-1.39805e-07 -9.21455e-12 3.28791e-07)
(-1.42474e-07 -5.81994e-12 3.35087e-07)
(-1.4514e-07 -3.07551e-12 3.41382e-07)
(-1.47804e-07 -9.2579e-13 3.47677e-07)
(-1.50465e-07 7.56415e-13 3.5397e-07)
(-1.53123e-07 2.35279e-12 3.60261e-07)
(-1.5578e-07 3.97345e-12 3.66551e-07)
(0 0 0)
(-6.655e-10 -6.9858e-10 3.37006e-10)
(-1.29556e-09 -9.57916e-10 6.22758e-10)
(-1.93127e-09 -1.05344e-09 1.05857e-09)
(-2.57428e-09 -1.09029e-09 1.71163e-09)
(-3.23574e-09 -1.09617e-09 2.57559e-09)
(-3.92099e-09 -1.08461e-09 3.63673e-09)
(-4.63248e-09 -1.06417e-09 4.88496e-09)
(-5.37252e-09 -1.03975e-09 6.31293e-09)
(-6.14355e-09 -1.01396e-09 7.91506e-09)
(-6.94804e-09 -9.88048e-10 9.6868e-09)
(-7.78843e-09 -9.62532e-10 1.16243e-08)
(-8.66707e-09 -9.37565e-10 1.37239e-08)
(-9.58617e-09 -9.13136e-10 1.59824e-08)
(-1.05478e-08 -8.89171e-10 1.83963e-08)
(-1.15538e-08 -8.65585e-10 2.09625e-08)
(-1.26057e-08 -8.42308e-10 2.36776e-08)
(-1.37052e-08 -8.19285e-10 2.65382e-08)
(-1.48533e-08 -7.96481e-10 2.9541e-08)
(-1.60511e-08 -7.73876e-10 3.26826e-08)
(-1.72995e-08 -7.51464e-10 3.59596e-08)
(-1.8599e-08 -7.29243e-10 3.93685e-08)
(-1.99502e-08 -7.0722e-10 4.2906e-08)
(-2.13533e-08 -6.85403e-10 4.65686e-08)
(-2.28084e-08 -6.63802e-10 5.03528e-08)
(-2.43155e-08 -6.42429e-10 5.42554e-08)
(-2.58744e-08 -6.21295e-10 5.82729e-08)
(-2.74848e-08 -6.0041e-10 6.24019e-08)
(-2.91462e-08 -5.79785e-10 6.66391e-08)
(-3.0858e-08 -5.59428e-10 7.09813e-08)
(-3.26196e-08 -5.3935e-10 7.5425e-08)
(-3.44301e-08 -5.19558e-10 7.99671e-08)
(-3.62887e-08 -5.0006e-10 8.46044e-08)
(-3.81943e-08 -4.80863e-10 8.93336e-08)
(-4.01459e-08 -4.61974e-10 9.41516e-08)
(-4.21423e-08 -4.43399e-10 9.90553e-08)
(-4.41823e-08 -4.25142e-10 1.04042e-07)
(-4.62645e-08 -4.07211e-10 1.09107e-07)
(-4.83878e-08 -3.89609e-10 1.1425e-07)
(-5.05505e-08 -3.72341e-10 1.19466e-07)
(-5.27514e-08 -3.55412e-10 1.24753e-07)
(-5.4989e-08 -3.38826e-10 1.30108e-07)
(-5.72617e-08 -3.22586e-10 1.35527e-07)
(-5.9568e-08 -3.06697e-10 1.41009e-07)
(-6.19064e-08 -2.91161e-10 1.4655e-07)
(-6.42752e-08 -2.75983e-10 1.52148e-07)
(-6.6673e-08 -2.61165e-10 1.57801e-07)
(-6.90982e-08 -2.46711e-10 1.63504e-07)
(-7.15491e-08 -2.32625e-10 1.69257e-07)
(-7.40243e-08 -2.18908e-10 1.75056e-07)
(-7.65221e-08 -2.05565e-10 1.80899e-07)
(-7.90411e-08 -1.92598e-10 1.86783e-07)
(-8.15797e-08 -1.80011e-10 1.92707e-07)
(-8.41364e-08 -1.67807e-10 1.98667e-07)
(-8.67097e-08 -1.55989e-10 2.04662e-07)
(-8.92983e-08 -1.44561e-10 2.10689e-07)
(-9.19007e-08 -1.33525e-10 2.16746e-07)
(-9.45156e-08 -1.22886e-10 2.22831e-07)
(-9.71416e-08 -1.12648e-10 2.28942e-07)
(-9.97775e-08 -1.02814e-10 2.35077e-07)
(-1.02422e-07 -9.33882e-11 2.41234e-07)
(-1.05074e-07 -8.43749e-11 2.47411e-07)
(-1.07733e-07 -7.57785e-11 2.53607e-07)
(-1.10396e-07 -6.76038e-11 2.59818e-07)
(-1.13064e-07 -5.98558e-11 2.66045e-07)
(-1.15736e-07 -5.25399e-11 2.72284e-07)
(-1.1841e-07 -4.56618e-11 2.78535e-07)
(-1.21085e-07 -3.92279e-11 2.84796e-07)
(-1.23762e-07 -3.32451e-11 2.91066e-07)
(-1.26439e-07 -2.77211e-11 2.97343e-07)
(-1.29115e-07 -2.26645e-11 3.03625e-07)
(-1.31791e-07 -1.80847e-11 3.09913e-07)
(-1.34465e-07 -1.39914e-11 3.16203e-07)
(-1.37137e-07 -1.03938e-11 3.22497e-07)
(-1.39808e-07 -7.2981e-12 3.28792e-07)
(-1.42476e-07 -4.70236e-12 3.35087e-07)
(-1.45141e-07 -2.58694e-12 3.41382e-07)
(-1.47804e-07 -8.98841e-13 3.47677e-07)
(-1.50465e-07 4.74059e-13 3.5397e-07)
(-1.53123e-07 1.74042e-12 3.60261e-07)
(-1.55781e-07 3.0276e-12 3.66551e-07)
(0 0 0)
(-5.87244e-10 -4.04351e-10 4.86798e-10)
(-1.2303e-09 -6.03496e-10 8.2751e-10)
(-1.89475e-09 -6.94096e-10 1.27946e-09)
(-2.56482e-09 -7.30737e-10 1.93801e-09)
(-3.24898e-09 -7.39139e-10 2.80291e-09)
(-3.95241e-09 -7.32831e-10 3.86215e-09)
(-4.67794e-09 -7.1927e-10 5.1068e-09)
(-5.42862e-09 -7.02493e-10 6.53032e-09)
(-6.2077e-09 -6.84609e-10 8.12758e-09)
(-7.01833e-09 -6.66635e-10 9.8943e-09)
(-7.86346e-09 -6.48996e-10 1.18267e-08)
(-8.74584e-09 -6.31815e-10 1.39212e-08)
(-9.66793e-09 -6.1508e-10 1.61746e-08)
(-1.06319e-08 -5.98726e-10 1.85834e-08)
(-1.16399e-08 -5.82682e-10 2.11445e-08)
(-1.26934e-08 -5.66883e-10 2.38544e-08)
(-1.37941e-08 -5.51284e-10 2.67099e-08)
(-1.49431e-08 -5.35851e-10 2.97076e-08)
(-1.61416e-08 -5.20567e-10 3.28442e-08)
(-1.73903e-08 -5.05422e-10 3.61161e-08)
(-1.869e-08 -4.90414e-10 3.952e-08)
(-2.00411e-08 -4.75544e-10 4.30526e-08)
(-2.14439e-08 -4.60819e-10 4.67103e-08)
(-2.28985e-08 -4.46245e-10 5.04897e-08)
(-2.44049e-08 -4.31828e-10 5.43875e-08)
(-2.59629e-08 -4.17576e-10 5.84003e-08)
(-2.75723e-08 -4.03496e-10 6.25248e-08)
(-2.92325e-08 -3.89595e-10 6.67575e-08)
(-3.0943e-08 -3.7588e-10 7.10952e-08)
(-3.27031e-08 -3.62355e-10 7.55346e-08)
(-3.4512e-08 -3.49026e-10 8.00724e-08)
(-3.63689e-08 -3.35899e-10 8.47055e-08)
(-3.82727e-08 -3.22978e-10 8.94306e-08)
(-4.02224e-08 -3.10267e-10 9.42446e-08)
(-4.22168e-08 -2.9777e-10 9.91444e-08)
(-4.42547e-08 -2.85491e-10 1.04127e-07)
(-4.63348e-08 -2.73433e-10 1.09189e-07)
(-4.84559e-08 -2.616e-10 1.14328e-07)
(-5.06164e-08 -2.49993e-10 1.1954e-07)
(-5.28151e-08 -2.38617e-10 1.24824e-07)
(-5.50503e-08 -2.27473e-10 1.30175e-07)
(-5.73207e-08 -2.16564e-10 1.35591e-07)
(-5.96247e-08 -2.05893e-10 1.4107e-07)
(-6.19607e-08 -1.95461e-10 1.46608e-07)
(-6.43272e-08 -1.85271e-10 1.52203e-07)
(-6.67227e-08 -1.75324e-10 1.57852e-07)
(-6.91455e-08 -1.65624e-10 1.63553e-07)
(-7.15941e-08 -1.56171e-10 1.69303e-07)
(-7.4067e-08 -1.46968e-10 1.75099e-07)
(-7.65626e-08 -1.38016e-10 1.80939e-07)
(-7.90793e-08 -1.29319e-10 1.86821e-07)
(-8.16156e-08 -1.20877e-10 1.92742e-07)
(-8.41701e-08 -1.12692e-10 1.987e-07)
(-8.67413e-08 -1.04768e-10 2.04692e-07)
(-8.93278e-08 -9.71055e-11 2.10717e-07)
(-9.19282e-08 -8.97071e-11 2.16772e-07)
(-9.45411e-08 -8.25751e-11 2.22855e-07)
(-9.71651e-08 -7.57118e-11 2.28964e-07)
(-9.97992e-08 -6.91199e-11 2.35097e-07)
(-1.02442e-07 -6.28017e-11 2.41252e-07)
(-1.05092e-07 -5.67602e-11 2.47428e-07)
(-1.07749e-07 -5.0998e-11 2.53621e-07)
(-1.10411e-07 -4.55184e-11 2.59831e-07)
(-1.13078e-07 -4.03245e-11 2.66056e-07)
(-1.15748e-07 -3.542e-11 2.72294e-07)
(-1.1842e-07 -3.08087e-11 2.78544e-07)
(-1.21094e-07 -2.64948e-11 2.84804e-07)
(-1.2377e-07 -2.24832e-11 2.91072e-07)
(-1.26445e-07 -1.87791e-11 2.97348e-07)
(-1.29121e-07 -1.53885e-11 3.0363e-07)
(-1.31795e-07 -1.2318e-11 3.09916e-07)
(-1.34468e-07 -9.57421e-12 3.16206e-07)
(-1.3714e-07 -7.16294e-12 3.22499e-07)
(-1.3981e-07 -5.08712e-12 3.28793e-07)
(-1.42477e-07 -3.34281e-12 3.35088e-07)
(-1.45142e-07 -1.91249e-12 3.41383e-07)
(-1.47805e-07 -7.56309e-13 3.47677e-07)
(-1.50465e-07 1.98445e-13 3.5397e-07)
(-1.53124e-07 1.06215e-12 3.60261e-07)
(-1.55781e-07 1.90006e-12 3.66551e-07)
(0 0 0)
(-5.71523e-10 -1.8769e-10 5.75572e-10)
(-1.2051e-09 -2.91677e-10 9.4786e-10)
(-1.87516e-09 -3.42944e-10 1.40851e-09)
(-2.55661e-09 -3.65066e-10 2.071e-09)
(-3.25267e-09 -3.71159e-10 2.93817e-09)
(-3.96676e-09 -3.68793e-10 3.998e-09)
(-4.70116e-09 -3.62246e-10 5.24184e-09)
(-5.45892e-09 -3.53827e-10 6.66363e-09)
(-6.24355e-09 -3.44741e-10 8.25859e-09)
(-7.05849e-09 -3.35574e-10 1.00227e-08)
(-7.90697e-09 -3.26576e-10 1.19522e-08)
(-8.79197e-09 -3.17825e-10 1.40438e-08)
(-9.71613e-09 -3.09319e-10 1.62942e-08)
(-1.06818e-08 -3.01023e-10 1.86999e-08)
(-1.1691e-08 -2.929e-10 2.12579e-08)
(-1.27456e-08 -2.84912e-10 2.39647e-08)
(-1.38471e-08 -2.77033e-10 2.68171e-08)
(-1.49967e-08 -2.69245e-10 2.98118e-08)
(-1.61956e-08 -2.61537e-10 3.29452e-08)
(-1.74447e-08 -2.53901e-10 3.6214e-08)
(-1.87445e-08 -2.46337e-10 3.96149e-08)
(-2.00955e-08 -2.38846e-10 4.31444e-08)
(-2.14981e-08 -2.31428e-10 4.67991e-08)
(-2.29525e-08 -2.24088e-10 5.05756e-08)
(-2.44585e-08 -2.16829e-10 5.44705e-08)
(-2.6016e-08 -2.09654e-10 5.84804e-08)
(-2.76247e-08 -2.02567e-10 6.2602e-08)
(-2.92842e-08 -1.95572e-10 6.6832e-08)
(-3.09939e-08 -1.88671e-10 7.1167e-08)
(-3.27532e-08 -1.81867e-10 7.56037e-08)
(-3.45612e-08 -1.75163e-10 8.01389e-08)
(-3.6417e-08 -1.68562e-10 8.47694e-08)
(-3.83197e-08 -1.62066e-10 8.9492e-08)
(-4.02683e-08 -1.55676e-10 9.43035e-08)
(-4.22615e-08 -1.49396e-10 9.92009e-08)
(-4.42982e-08 -1.43225e-10 1.04181e-07)
(-4.6377e-08 -1.37167e-10 1.09241e-07)
(-4.84968e-08 -1.31223e-10 1.14377e-07)
(-5.0656e-08 -1.25394e-10 1.19588e-07)
(-5.28533e-08 -1.19681e-10 1.24869e-07)
(-5.50872e-08 -1.14086e-10 1.30218e-07)
(-5.73562e-08 -1.08609e-10 1.35632e-07)
(-5.96587e-08 -1.03253e-10 1.41109e-07)
(-6.19933e-08 -9.80178e-11 1.46645e-07)
(-6.43585e-08 -9.29044e-11 1.52238e-07)
(-6.67525e-08 -8.79142e-11 1.57885e-07)
(-6.91739e-08 -8.30479e-11 1.63584e-07)
(-7.16211e-08 -7.83065e-11 1.69332e-07)
(-7.40926e-08 -7.3691e-11 1.75127e-07)
(-7.65868e-08 -6.92023e-11 1.80965e-07)
(-7.91021e-08 -6.48413e-11 1.86846e-07)
(-8.16371e-08 -6.06091e-11 1.92765e-07)
(-8.41903e-08 -5.65064e-11 1.98721e-07)
(-8.67603e-08 -5.25344e-11 2.04712e-07)
(-8.93455e-08 -4.86941e-11 2.10736e-07)
(-9.19446e-08 -4.49865e-11 2.16789e-07)
(-9.45563e-08 -4.14127e-11 2.22871e-07)
(-9.71792e-08 -3.79738e-11 2.28979e-07)
(-9.98121e-08 -3.46711e-11 2.35111e-07)
(-1.02454e-07 -3.15059e-11 2.41265e-07)
(-1.05103e-07 -2.84793e-11 2.47439e-07)
(-1.07759e-07 -2.55929e-11 2.53631e-07)
(-1.1042e-07 -2.28482e-11 2.5984e-07)
(-1.13085e-07 -2.02467e-11 2.66064e-07)
(-1.15754e-07 -1.77903e-11 2.72301e-07)
(-1.18426e-07 -1.54808e-11 2.7855e-07)
(-1.211e-07 -1.33204e-11 2.84809e-07)
(-1.23774e-07 -1.13116e-11 2.91077e-07)
(-1.26449e-07 -9.45705e-12 2.97352e-07)
(-1.29124e-07 -7.75983e-12 3.03633e-07)
(-1.31798e-07 -6.22326e-12 3.09919e-07)
(-1.3447e-07 -4.85064e-12 3.16208e-07)
(-1.37142e-07 -3.6447e-12 3.225e-07)
(-1.39811e-07 -2.60643e-12 3.28794e-07)
(-1.42478e-07 -1.73294e-12 3.35089e-07)
(-1.45143e-07 -1.01441e-12 3.41384e-07)
(-1.47805e-07 -4.30377e-13 3.47678e-07)
(-1.50466e-07 5.43831e-14 3.5397e-07)
(-1.53124e-07 4.86662e-13 3.60261e-07)
(-1.55781e-07 8.95048e-13 3.66551e-07)
(0 0 0)
(-5.69097e-10 5.33534e-19 6.03808e-10)
(-1.19932e-09 9.26661e-19 9.86834e-10)
(-1.86993e-09 1.28041e-18 1.45066e-09)
(-2.55409e-09 1.66207e-18 2.11469e-09)
(-3.25356e-09 2.05718e-18 2.98291e-09)
(-3.971e-09 2.4428e-18 4.04323e-09)
(-4.70833e-09 2.81382e-18 5.28705e-09)
(-5.46851e-09 3.16951e-18 6.70844e-09)
(-6.25508e-09 3.51198e-18 8.30276e-09)
(-7.07154e-09 3.84052e-18 1.0066e-08)
(-7.92122e-09 4.15288e-18 1.19947e-08)
(-8.80715e-09 4.45128e-18 1.40853e-08)
(-9.73204e-09 4.73263e-18 1.63347e-08)
(-1.06983e-08 4.99258e-18 1.87394e-08)
(-1.1708e-08 5.23748e-18 2.12964e-08)
(-1.27629e-08 5.46703e-18 2.40022e-08)
(-1.38647e-08 5.67388e-18 2.68535e-08)
(-1.50145e-08 5.85634e-18 2.98471e-08)
(-1.62136e-08 6.01128e-18 3.29795e-08)
(-1.74627e-08 6.13683e-18 3.62473e-08)
(-1.87626e-08 6.23182e-18 3.96471e-08)
(-2.01136e-08 6.29357e-18 4.31756e-08)
(-2.15162e-08 6.31761e-18 4.68293e-08)
(-2.29704e-08 6.30448e-18 5.06048e-08)
(-2.44763e-08 6.2557e-18 5.44987e-08)
(-2.60337e-08 6.1704e-18 5.85077e-08)
(-2.76422e-08 6.04703e-18 6.26283e-08)
(-2.93015e-08 5.88101e-18 6.68573e-08)
(-3.10109e-08 5.66731e-18 7.11914e-08)
(-3.27698e-08 5.40719e-18 7.56272e-08)
(-3.45775e-08 5.11202e-18 8.01615e-08)
(-3.6433e-08 4.79738e-18 8.47912e-08)
(-3.83354e-08 4.44824e-18 8.95129e-08)
(-4.02835e-08 4.04676e-18 9.43236e-08)
(-4.22764e-08 3.60206e-18 9.92202e-08)
(-4.43126e-08 3.11668e-18 1.04199e-07)
(-4.63911e-08 2.59334e-18 1.09259e-07)
(-4.85104e-08 2.0341e-18 1.14394e-07)
(-5.06692e-08 1.43064e-18 1.19604e-07)
(-5.2866e-08 7.73025e-19 1.24884e-07)
(-5.50994e-08 6.63598e-20 1.30233e-07)
(-5.73679e-08 -6.78332e-19 1.35646e-07)
(-5.967e-08 -1.4518e-18 1.41122e-07)
(-6.20042e-08 -2.24742e-18 1.46658e-07)
(-6.43688e-08 -3.07507e-18 1.5225e-07)
(-6.67624e-08 -3.93972e-18 1.57897e-07)
(-6.91833e-08 -4.82892e-18 1.63595e-07)
(-7.16301e-08 -5.74103e-18 1.69342e-07)
(-7.41011e-08 -6.67531e-18 1.75136e-07)
(-7.65948e-08 -7.62495e-18 1.80974e-07)
(-7.91097e-08 -8.61233e-18 1.86854e-07)
(-8.16443e-08 -9.66081e-18 1.92773e-07)
(-8.4197e-08 -1.07352e-17 1.98729e-07)
(-8.67665e-08 -1.18059e-17 2.04719e-07)
(-8.93513e-08 -1.28833e-17 2.10742e-07)
(-9.195e-08 -1.39755e-17 2.16795e-07)
(-9.45613e-08 -1.50993e-17 2.22876e-07)
(-9.71838e-08 -1.62634e-17 2.28984e-07)
(-9.98164e-08 -1.7456e-17 2.35115e-07)
(-1.02458e-07 -1.86694e-17 2.41269e-07)
(-1.05107e-07 -1.99598e-17 2.47442e-07)
(-1.07762e-07 -2.14572e-17 2.53635e-07)
(-1.10423e-07 -2.31418e-17 2.59843e-07)
(-1.13088e-07 -2.47574e-17 2.66067e-07)
(-1.15757e-07 -2.62602e-17 2.72304e-07)
(-1.18428e-07 -2.78207e-17 2.78552e-07)
(-1.21101e-07 -2.94706e-17 2.84811e-07)
(-1.23776e-07 -3.11691e-17 2.91078e-07)
(-1.2645e-07 -3.28834e-17 2.97353e-07)
(-1.29125e-07 -3.46445e-17 3.03634e-07)
(-1.31799e-07 -3.65403e-17 3.0992e-07)
(-1.34471e-07 -3.84629e-17 3.16209e-07)
(-1.37142e-07 -4.00849e-17 3.22501e-07)
(-1.39811e-07 -4.15161e-17 3.28795e-07)
(-1.42478e-07 -4.34192e-17 3.35089e-07)
(-1.45143e-07 -4.50951e-17 3.41384e-07)
(-1.47805e-07 -4.53845e-17 3.47678e-07)
(-1.50466e-07 -5.09482e-17 3.5397e-07)
(-1.53124e-07 -7.25833e-17 3.60262e-07)
(-1.55781e-07 -9.76246e-17 3.66551e-07)
(0 0 0)
(-5.71523e-10 1.8769e-10 5.75572e-10)
(-1.2051e-09 2.91677e-10 9.4786e-10)
(-1.87516e-09 3.42944e-10 1.40851e-09)
(-2.55661e-09 3.65066e-10 2.071e-09)
(-3.25267e-09 3.71159e-10 2.93817e-09)
(-3.96676e-09 3.68793e-10 3.998e-09)
(-4.70116e-09 3.62246e-10 5.24184e-09)
(-5.45892e-09 3.53828e-10 6.66363e-09)
(-6.24355e-09 3.44741e-10 8.25859e-09)
(-7.05849e-09 3.35574e-10 1.00227e-08)
(-7.90697e-09 3.26576e-10 1.19522e-08)
(-8.79197e-09 3.17825e-10 1.40438e-08)
(-9.71613e-09 3.09319e-10 1.62942e-08)
(-1.06818e-08 3.01024e-10 1.86999e-08)
(-1.1691e-08 2.929e-10 2.12579e-08)
(-1.27456e-08 2.84912e-10 2.39647e-08)
(-1.38471e-08 2.77033e-10 2.68171e-08)
(-1.49967e-08 2.69245e-10 2.98118e-08)
(-1.61956e-08 2.61537e-10 3.29452e-08)
(-1.74447e-08 2.53901e-10 3.6214e-08)
(-1.87445e-08 2.46337e-10 3.96149e-08)
(-2.00955e-08 2.38846e-10 4.31444e-08)
(-2.14981e-08 2.31428e-10 4.67991e-08)
(-2.29525e-08 2.24088e-10 5.05756e-08)
(-2.44585e-08 2.16829e-10 5.44705e-08)
(-2.6016e-08 2.09654e-10 5.84804e-08)
(-2.76247e-08 2.02567e-10 6.2602e-08)
(-2.92842e-08 1.95572e-10 6.6832e-08)
(-3.09939e-08 1.88671e-10 7.1167e-08)
(-3.27532e-08 1.81867e-10 7.56037e-08)
(-3.45612e-08 1.75163e-10 8.01389e-08)
(-3.6417e-08 1.68562e-10 8.47694e-08)
(-3.83197e-08 1.62066e-10 8.9492e-08)
(-4.02683e-08 1.55676e-10 9.43035e-08)
(-4.22615e-08 1.49396e-10 9.92009e-08)
(-4.42982e-08 1.43225e-10 1.04181e-07)
(-4.6377e-08 1.37167e-10 1.09241e-07)
(-4.84968e-08 1.31223e-10 1.14377e-07)
(-5.0656e-08 1.25394e-10 1.19588e-07)
(-5.28533e-08 1.19681e-10 1.24869e-07)
(-5.50872e-08 1.14086e-10 1.30218e-07)
(-5.73562e-08 1.08609e-10 1.35632e-07)
(-5.96587e-08 1.03253e-10 1.41109e-07)
(-6.19933e-08 9.80177e-11 1.46645e-07)
(-6.43585e-08 9.29044e-11 1.52238e-07)
(-6.67525e-08 8.79142e-11 1.57885e-07)
(-6.91739e-08 8.30479e-11 1.63584e-07)
(-7.16211e-08 7.83065e-11 1.69332e-07)
(-7.40926e-08 7.3691e-11 1.75127e-07)
(-7.65868e-08 6.92023e-11 1.80965e-07)
(-7.91021e-08 6.48413e-11 1.86846e-07)
(-8.16371e-08 6.0609e-11 1.92765e-07)
(-8.41903e-08 5.65064e-11 1.98721e-07)
(-8.67603e-08 5.25344e-11 2.04712e-07)
(-8.93455e-08 4.86941e-11 2.10736e-07)
(-9.19446e-08 4.49865e-11 2.16789e-07)
(-9.45563e-08 4.14126e-11 2.22871e-07)
(-9.71792e-08 3.79738e-11 2.28979e-07)
(-9.98121e-08 3.46711e-11 2.35111e-07)
(-1.02454e-07 3.15058e-11 2.41265e-07)
(-1.05103e-07 2.84793e-11 2.47439e-07)
(-1.07759e-07 2.55929e-11 2.53631e-07)
(-1.1042e-07 2.28481e-11 2.5984e-07)
(-1.13085e-07 2.02467e-11 2.66064e-07)
(-1.15754e-07 1.77902e-11 2.72301e-07)
(-1.18426e-07 1.54807e-11 2.7855e-07)
(-1.211e-07 1.33204e-11 2.84809e-07)
(-1.23774e-07 1.13115e-11 2.91077e-07)
(-1.26449e-07 9.45698e-12 2.97352e-07)
(-1.29124e-07 7.75976e-12 3.03633e-07)
(-1.31798e-07 6.22318e-12 3.09919e-07)
(-1.3447e-07 4.85056e-12 3.16208e-07)
(-1.37142e-07 3.64462e-12 3.225e-07)
(-1.39811e-07 2.60634e-12 3.28794e-07)
(-1.42478e-07 1.73285e-12 3.35089e-07)
(-1.45143e-07 1.01432e-12 3.41384e-07)
(-1.47805e-07 4.30284e-13 3.47678e-07)
(-1.50466e-07 -5.44857e-14 3.5397e-07)
(-1.53124e-07 -4.8678e-13 3.60261e-07)
(-1.55781e-07 -8.95177e-13 3.66551e-07)
(0 0 0)
(-5.87244e-10 4.04351e-10 4.86798e-10)
(-1.2303e-09 6.03496e-10 8.2751e-10)
(-1.89475e-09 6.94096e-10 1.27946e-09)
(-2.56482e-09 7.30737e-10 1.93801e-09)
(-3.24898e-09 7.39139e-10 2.80291e-09)
(-3.95241e-09 7.32831e-10 3.86215e-09)
(-4.67794e-09 7.1927e-10 5.1068e-09)
(-5.42862e-09 7.02493e-10 6.53032e-09)
(-6.2077e-09 6.84609e-10 8.12758e-09)
(-7.01833e-09 6.66635e-10 9.8943e-09)
(-7.86346e-09 6.48996e-10 1.18267e-08)
(-8.74584e-09 6.31815e-10 1.39212e-08)
(-9.66793e-09 6.1508e-10 1.61746e-08)
(-1.06319e-08 5.98726e-10 1.85834e-08)
(-1.16399e-08 5.82682e-10 2.11445e-08)
(-1.26934e-08 5.66883e-10 2.38544e-08)
(-1.37941e-08 5.51284e-10 2.67099e-08)
(-1.49431e-08 5.35851e-10 2.97076e-08)
(-1.61416e-08 5.20567e-10 3.28442e-08)
(-1.73903e-08 5.05422e-10 3.61161e-08)
(-1.869e-08 4.90414e-10 3.952e-08)
(-2.00411e-08 4.75544e-10 4.30526e-08)
(-2.14439e-08 4.60819e-10 4.67103e-08)
(-2.28985e-08 4.46245e-10 5.04897e-08)
(-2.44049e-08 4.31828e-10 5.43875e-08)
(-2.59629e-08 4.17576e-10 5.84003e-08)
(-2.75723e-08 4.03496e-10 6.25248e-08)
(-2.92325e-08 3.89595e-10 6.67575e-08)
(-3.0943e-08 3.7588e-10 7.10952e-08)
(-3.27031e-08 3.62355e-10 7.55346e-08)
(-3.4512e-08 3.49026e-10 8.00724e-08)
(-3.63689e-08 3.35899e-10 8.47055e-08)
(-3.82727e-08 3.22978e-10 8.94306e-08)
(-4.02224e-08 3.10267e-10 9.42446e-08)
(-4.22168e-08 2.9777e-10 9.91444e-08)
(-4.42547e-08 2.85491e-10 1.04127e-07)
(-4.63348e-08 2.73433e-10 1.09189e-07)
(-4.84559e-08 2.616e-10 1.14328e-07)
(-5.06164e-08 2.49993e-10 1.1954e-07)
(-5.28151e-08 2.38617e-10 1.24824e-07)
(-5.50503e-08 2.27473e-10 1.30175e-07)
(-5.73207e-08 2.16564e-10 1.35591e-07)
(-5.96247e-08 2.05893e-10 1.4107e-07)
(-6.19607e-08 1.95461e-10 1.46608e-07)
(-6.43272e-08 1.85271e-10 1.52203e-07)
(-6.67227e-08 1.75324e-10 1.57852e-07)
(-6.91455e-08 1.65623e-10 1.63553e-07)
(-7.15941e-08 1.56171e-10 1.69303e-07)
(-7.4067e-08 1.46968e-10 1.75099e-07)
(-7.65626e-08 1.38016e-10 1.80939e-07)
(-7.90793e-08 1.29319e-10 1.86821e-07)
(-8.16156e-08 1.20877e-10 1.92742e-07)
(-8.41701e-08 1.12692e-10 1.987e-07)
(-8.67413e-08 1.04768e-10 2.04692e-07)
(-8.93278e-08 9.71054e-11 2.10717e-07)
(-9.19282e-08 8.9707e-11 2.16772e-07)
(-9.45411e-08 8.2575e-11 2.22855e-07)
(-9.71651e-08 7.57118e-11 2.28964e-07)
(-9.97992e-08 6.91198e-11 2.35097e-07)
(-1.02442e-07 6.28017e-11 2.41252e-07)
(-1.05092e-07 5.67601e-11 2.47428e-07)
(-1.07749e-07 5.0998e-11 2.53621e-07)
(-1.10411e-07 4.55183e-11 2.59831e-07)
(-1.13078e-07 4.03245e-11 2.66056e-07)
(-1.15748e-07 3.542e-11 2.72294e-07)
(-1.1842e-07 3.08086e-11 2.78544e-07)
(-1.21094e-07 2.64947e-11 2.84804e-07)
(-1.2377e-07 2.24831e-11 2.91072e-07)
(-1.26445e-07 1.8779e-11 2.97348e-07)
(-1.29121e-07 1.53885e-11 3.0363e-07)
(-1.31795e-07 1.23179e-11 3.09916e-07)
(-1.34468e-07 9.57414e-12 3.16206e-07)
(-1.3714e-07 7.16286e-12 3.22499e-07)
(-1.3981e-07 5.08703e-12 3.28793e-07)
(-1.42477e-07 3.34272e-12 3.35088e-07)
(-1.45142e-07 1.9124e-12 3.41383e-07)
(-1.47805e-07 7.5621e-13 3.47677e-07)
(-1.50465e-07 -1.98547e-13 3.5397e-07)
(-1.53124e-07 -1.06224e-12 3.60261e-07)
(-1.55781e-07 -1.90011e-12 3.66551e-07)
(0 0 0)
(-6.655e-10 6.9858e-10 3.37006e-10)
(-1.29556e-09 9.57916e-10 6.22758e-10)
(-1.93127e-09 1.05344e-09 1.05857e-09)
(-2.57428e-09 1.09029e-09 1.71163e-09)
(-3.23574e-09 1.09617e-09 2.57559e-09)
(-3.92099e-09 1.08461e-09 3.63673e-09)
(-4.63248e-09 1.06417e-09 4.88496e-09)
(-5.37252e-09 1.03975e-09 6.31293e-09)
(-6.14355e-09 1.01396e-09 7.91506e-09)
(-6.94804e-09 9.88048e-10 9.6868e-09)
(-7.78843e-09 9.62532e-10 1.16243e-08)
(-8.66707e-09 9.37565e-10 1.37239e-08)
(-9.58617e-09 9.13136e-10 1.59824e-08)
(-1.05478e-08 8.89171e-10 1.83963e-08)
(-1.15538e-08 8.65585e-10 2.09625e-08)
(-1.26057e-08 8.42308e-10 2.36776e-08)
(-1.37052e-08 8.19285e-10 2.65382e-08)
(-1.48533e-08 7.96481e-10 2.9541e-08)
(-1.60511e-08 7.73876e-10 3.26826e-08)
(-1.72995e-08 7.51464e-10 3.59596e-08)
(-1.8599e-08 7.29243e-10 3.93685e-08)
(-1.99502e-08 7.0722e-10 4.2906e-08)
(-2.13533e-08 6.85403e-10 4.65686e-08)
(-2.28084e-08 6.63802e-10 5.03528e-08)
(-2.43155e-08 6.42429e-10 5.42554e-08)
(-2.58744e-08 6.21295e-10 5.82729e-08)
(-2.74848e-08 6.0041e-10 6.24019e-08)
(-2.91462e-08 5.79785e-10 6.66391e-08)
(-3.0858e-08 5.59428e-10 7.09813e-08)
(-3.26196e-08 5.3935e-10 7.5425e-08)
(-3.44301e-08 5.19558e-10 7.99671e-08)
(-3.62887e-08 5.0006e-10 8.46044e-08)
(-3.81943e-08 4.80863e-10 8.93336e-08)
(-4.01459e-08 4.61974e-10 9.41516e-08)
(-4.21423e-08 4.43399e-10 9.90553e-08)
(-4.41823e-08 4.25142e-10 1.04042e-07)
(-4.62645e-08 4.07211e-10 1.09107e-07)
(-4.83878e-08 3.89609e-10 1.1425e-07)
(-5.05505e-08 3.72341e-10 1.19466e-07)
(-5.27514e-08 3.55412e-10 1.24753e-07)
(-5.4989e-08 3.38826e-10 1.30108e-07)
(-5.72617e-08 3.22586e-10 1.35527e-07)
(-5.9568e-08 3.06697e-10 1.41009e-07)
(-6.19064e-08 2.91161e-10 1.4655e-07)
(-6.42752e-08 2.75983e-10 1.52148e-07)
(-6.6673e-08 2.61165e-10 1.57801e-07)
(-6.90982e-08 2.46711e-10 1.63504e-07)
(-7.15491e-08 2.32625e-10 1.69257e-07)
(-7.40243e-08 2.18908e-10 1.75056e-07)
(-7.65221e-08 2.05565e-10 1.80899e-07)
(-7.90411e-08 1.92598e-10 1.86783e-07)
(-8.15797e-08 1.80011e-10 1.92707e-07)
(-8.41364e-08 1.67807e-10 1.98667e-07)
(-8.67097e-08 1.55989e-10 2.04662e-07)
(-8.92983e-08 1.44561e-10 2.10689e-07)
(-9.19007e-08 1.33525e-10 2.16746e-07)
(-9.45156e-08 1.22886e-10 2.22831e-07)
(-9.71416e-08 1.12648e-10 2.28942e-07)
(-9.97775e-08 1.02814e-10 2.35077e-07)
(-1.02422e-07 9.33881e-11 2.41234e-07)
(-1.05074e-07 8.43748e-11 2.47411e-07)
(-1.07733e-07 7.57785e-11 2.53607e-07)
(-1.10396e-07 6.76038e-11 2.59818e-07)
(-1.13064e-07 5.98558e-11 2.66045e-07)
(-1.15736e-07 5.25399e-11 2.72284e-07)
(-1.1841e-07 4.56618e-11 2.78535e-07)
(-1.21085e-07 3.92278e-11 2.84796e-07)
(-1.23762e-07 3.3245e-11 2.91066e-07)
(-1.26439e-07 2.7721e-11 2.97343e-07)
(-1.29115e-07 2.26645e-11 3.03625e-07)
(-1.31791e-07 1.80846e-11 3.09913e-07)
(-1.34465e-07 1.39914e-11 3.16203e-07)
(-1.37137e-07 1.03938e-11 3.22497e-07)
(-1.39808e-07 7.29801e-12 3.28792e-07)
(-1.42476e-07 4.70227e-12 3.35087e-07)
(-1.45141e-07 2.58684e-12 3.41382e-07)
(-1.47804e-07 8.98744e-13 3.47677e-07)
(-1.50465e-07 -4.74152e-13 3.5397e-07)
(-1.53123e-07 -1.74051e-12 3.60261e-07)
(-1.55781e-07 -3.0277e-12 3.66551e-07)
(0 0 0)
(-1.12286e-09 1.08518e-09 1.0483e-10)
(-1.43464e-09 1.29101e-09 3.16124e-10)
(-1.96687e-09 1.38873e-09 7.37687e-10)
(-2.56479e-09 1.42755e-09 1.39061e-09)
(-3.1942e-09 1.43216e-09 2.25996e-09)
(-3.85645e-09 1.41731e-09 3.32918e-09)
(-4.55218e-09 1.39215e-09 4.58628e-09)
(-5.28137e-09 1.36203e-09 6.02297e-09)
(-6.04464e-09 1.3299e-09 7.63336e-09)
(-6.8433e-09 1.29727e-09 9.41292e-09)
(-7.67908e-09 1.2648e-09 1.13579e-08)
(-8.55394e-09 1.23277e-09 1.34648e-08)
(-9.46989e-09 1.20121e-09 1.57303e-08)
(-1.04288e-08 1.17009e-09 1.81513e-08)
(-1.14326e-08 1.13936e-09 2.07245e-08)
(-1.24827e-08 1.10895e-09 2.34465e-08)
(-1.35807e-08 1.07882e-09 2.63141e-08)
(-1.47278e-08 1.04894e-09 2.93238e-08)
(-1.59248e-08 1.01929e-09 3.24723e-08)
(-1.71728e-08 9.89882e-10 3.57561e-08)
(-1.84723e-08 9.60709e-10 3.91718e-08)
(-1.98237e-08 9.31785e-10 4.27159e-08)
(-2.12272e-08 9.03122e-10 4.63851e-08)
(-2.26832e-08 8.74735e-10 5.01759e-08)
(-2.41913e-08 8.46638e-10 5.40848e-08)
(-2.57515e-08 8.18846e-10 5.81086e-08)
(-2.73634e-08 7.91375e-10 6.22438e-08)
(-2.90265e-08 7.64237e-10 6.64871e-08)
(-3.07403e-08 7.37446e-10 7.08351e-08)
(-3.2504e-08 7.11015e-10 7.52847e-08)
(-3.43167e-08 6.84953e-10 7.98325e-08)
(-3.61777e-08 6.59272e-10 8.44753e-08)
(-3.80858e-08 6.33982e-10 8.921e-08)
(-4.00401e-08 6.09091e-10 9.40333e-08)
(-4.20392e-08 5.84609e-10 9.89423e-08)
(-4.40821e-08 5.60542e-10 1.03934e-07)
(-4.61673e-08 5.369e-10 1.09005e-07)
(-4.82935e-08 5.13687e-10 1.14152e-07)
(-5.04593e-08 4.90912e-10 1.19373e-07)
(-5.26634e-08 4.68579e-10 1.24664e-07)
(-5.49041e-08 4.46696e-10 1.30023e-07)
(-5.71799e-08 4.25266e-10 1.35447e-07)
(-5.94895e-08 4.04296e-10 1.40933e-07)
(-6.1831e-08 3.83791e-10 1.46479e-07)
(-6.42031e-08 3.63756e-10 1.52081e-07)
(-6.66041e-08 3.44194e-10 1.57737e-07)
(-6.90325e-08 3.25111e-10 1.63444e-07)
(-7.14866e-08 3.06511e-10 1.69201e-07)
(-7.3965e-08 2.88399e-10 1.75003e-07)
(-7.64659e-08 2.70779e-10 1.8085e-07)
(-7.8988e-08 2.53655e-10 1.86737e-07)
(-8.15296e-08 2.37033e-10 1.92664e-07)
(-8.40893e-08 2.20915e-10 1.98627e-07)
(-8.66655e-08 2.05308e-10 2.04625e-07)
(-8.9257e-08 1.90215e-10 2.10655e-07)
(-9.18622e-08 1.75642e-10 2.16715e-07)
(-9.44798e-08 1.61593e-10 2.22803e-07)
(-9.71085e-08 1.48074e-10 2.28917e-07)
(-9.9747e-08 1.3509e-10 2.35054e-07)
(-1.02394e-07 1.22646e-10 2.41214e-07)
(-1.05049e-07 1.10749e-10 2.47393e-07)
(-1.07709e-07 9.94044e-11 2.5359e-07)
(-1.10375e-07 8.86187e-11 2.59804e-07)
(-1.13046e-07 7.83986e-11 2.66032e-07)
(-1.15719e-07 6.87515e-11 2.72274e-07)
(-1.18395e-07 5.9685e-11 2.78526e-07)
(-1.21072e-07 5.12075e-11 2.84789e-07)
(-1.23751e-07 4.33279e-11 2.9106e-07)
(-1.26429e-07 3.60561e-11 2.97338e-07)
(-1.29107e-07 2.94031e-11 3.03622e-07)
(-1.31784e-07 2.33804e-11 3.0991e-07)
(-1.3446e-07 1.80006e-11 3.16202e-07)
(-1.37133e-07 1.32754e-11 3.22496e-07)
(-1.39805e-07 9.21447e-12 3.28791e-07)
(-1.42474e-07 5.81985e-12 3.35087e-07)
(-1.4514e-07 3.07541e-12 3.41382e-07)
(-1.47804e-07 9.2569e-13 3.47677e-07)
(-1.50465e-07 -7.56529e-13 3.5397e-07)
(-1.53123e-07 -2.3529e-12 3.60261e-07)
(-1.5578e-07 -3.97356e-12 3.66551e-07)
(0 0 0)
(-1.58783e-09 -1.34131e-09 4.76349e-10)
(-1.87017e-09 -1.62509e-09 6.44249e-10)
(-2.59065e-09 -1.73701e-09 1.04891e-09)
(-3.41958e-09 -1.77359e-09 1.68329e-09)
(-4.26957e-09 -1.77243e-09 2.52604e-09)
(-5.14128e-09 -1.75001e-09 3.56266e-09)
(-6.03854e-09 -1.71679e-09 4.78175e-09)
(-6.96261e-09 -1.67891e-09 6.17552e-09)
(-7.91475e-09 -1.63956e-09 7.73865e-09)
(-8.89674e-09 -1.60019e-09 9.46719e-09)
(-9.9107e-09 -1.56133e-09 1.13578e-08)
(-1.09588e-08 -1.52309e-09 1.34076e-08)
(-1.20433e-08 -1.48543e-09 1.56135e-08)
(-1.31662e-08 -1.44823e-09 1.79726e-08)
(-1.43293e-08 -1.41139e-09 2.0482e-08)
(-1.55342e-08 -1.37484e-09 2.31386e-08)
(-1.67825e-08 -1.33851e-09 2.59394e-08)
(-1.80753e-08 -1.30238e-09 2.88812e-08)
(-1.94138e-08 -1.26644e-09 3.19609e-08)
(-2.07987e-08 -1.2307e-09 3.51752e-08)
(-2.22308e-08 -1.19518e-09 3.85209e-08)
(-2.37105e-08 -1.15989e-09 4.19948e-08)
(-2.52381e-08 -1.12485e-09 4.55936e-08)
(-2.68138e-08 -1.09009e-09 4.93142e-08)
(-2.84377e-08 -1.05563e-09 5.31532e-08)
(-3.01094e-08 -1.02149e-09 5.71074e-08)
(-3.18289e-08 -9.87703e-10 6.11736e-08)
(-3.35957e-08 -9.54278e-10 6.53487e-08)
(-3.54091e-08 -9.21237e-10 6.96293e-08)
(-3.72687e-08 -8.88597e-10 7.40124e-08)
(-3.91737e-08 -8.56377e-10 7.84948e-08)
(-4.11231e-08 -8.24589e-10 8.30734e-08)
(-4.31162e-08 -7.93251e-10 8.77451e-08)
(-4.51518e-08 -7.62374e-10 9.25067e-08)
(-4.72288e-08 -7.31971e-10 9.73554e-08)
(-4.93462e-08 -7.02055e-10 1.02288e-07)
(-5.15027e-08 -6.72636e-10 1.07302e-07)
(-5.36969e-08 -6.43725e-10 1.12394e-07)
(-5.59276e-08 -6.15333e-10 1.1756e-07)
(-5.81933e-08 -5.87467e-10 1.228e-07)
(-6.04928e-08 -5.60139e-10 1.28108e-07)
(-6.28245e-08 -5.33355e-10 1.33483e-07)
(-6.51869e-08 -5.07124e-10 1.38923e-07)
(-6.75786e-08 -4.81455e-10 1.44423e-07)
(-6.99981e-08 -4.56354e-10 1.49982e-07)
(-7.24438e-08 -4.31829e-10 1.55596e-07)
(-7.49143e-08 -4.07888e-10 1.61264e-07)
(-7.74081e-08 -3.84537e-10 1.66983e-07)
(-7.99236e-08 -3.61784e-10 1.72749e-07)
(-8.24594e-08 -3.39635e-10 1.78561e-07)
(-8.50139e-08 -3.18098e-10 1.84417e-07)
(-8.75858e-08 -2.9718e-10 1.90313e-07)
(-9.01735e-08 -2.76888e-10 1.96247e-07)
(-9.27758e-08 -2.57228e-10 2.02218e-07)
(-9.53912e-08 -2.3821e-10 2.08223e-07)
(-9.80184e-08 -2.19839e-10 2.14259e-07)
(-1.00656e-07 -2.02125e-10 2.20325e-07)
(-1.03303e-07 -1.85075e-10 2.26418e-07)
(-1.05958e-07 -1.68697e-10 2.32536e-07)
(-1.0862e-07 -1.53e-10 2.38678e-07)
(-1.11288e-07 -1.37992e-10 2.44841e-07)
(-1.1396e-07 -1.23684e-10 2.51024e-07)
(-1.16636e-07 -1.10084e-10 2.57224e-07)
(-1.19315e-07 -9.72029e-11 2.63441e-07)
(-1.21996e-07 -8.50513e-11 2.69671e-07)
(-1.24678e-07 -7.36402e-11 2.75914e-07)
(-1.27361e-07 -6.29816e-11 2.82169e-07)
(-1.30043e-07 -5.30883e-11 2.88432e-07)
(-1.32725e-07 -4.39743e-11 2.94704e-07)
(-1.35405e-07 -3.5655e-11 3.00982e-07)
(-1.38083e-07 -2.81472e-11 3.07266e-07)
(-1.40759e-07 -2.14695e-11 3.13554e-07)
(-1.43433e-07 -1.56419e-11 3.19846e-07)
(-1.46103e-07 -1.0685e-11 3.26139e-07)
(-1.48771e-07 -6.61792e-12 3.32433e-07)
(-1.51436e-07 -3.45313e-12 3.38727e-07)
(-1.54098e-07 -1.18728e-12 3.45021e-07)
(-1.56757e-07 2.34934e-13 3.51314e-07)
(-1.59414e-07 1.15743e-12 3.57604e-07)
(-1.62071e-07 2.11939e-12 3.63894e-07)
(0 0 0)
(-1.10708e-09 -9.0296e-10 7.34464e-10)
(-1.7251e-09 -1.22953e-09 9.705e-10)
(-2.55514e-09 -1.33615e-09 1.38544e-09)
(-3.43056e-09 -1.37106e-09 2.01516e-09)
(-4.31306e-09 -1.37232e-09 2.84866e-09)
(-5.20806e-09 -1.35489e-09 3.8744e-09)
(-6.12104e-09 -1.32822e-09 5.08266e-09)
(-7.05573e-09 -1.29779e-09 6.46635e-09)
(-8.01537e-09 -1.26638e-09 8.02028e-09)
(-9.00298e-09 -1.23521e-09 9.74034e-09)
(-1.00214e-08 -1.20469e-09 1.1623e-08)
(-1.10731e-08 -1.17486e-09 1.36651e-08)
(-1.21606e-08 -1.14564e-09 1.58635e-08)
(-1.3286e-08 -1.11689e-09 1.82153e-08)
(-1.44512e-08 -1.08849e-09 2.07174e-08)
(-1.56579e-08 -1.06036e-09 2.33669e-08)
(-1.69075e-08 -1.03243e-09 2.61604e-08)
(-1.82013e-08 -1.00468e-09 2.90951e-08)
(-1.95404e-08 -9.77091e-10 3.21677e-08)
(-2.09257e-08 -9.49656e-10 3.53749e-08)
(-2.23577e-08 -9.22387e-10 3.87137e-08)
(-2.38371e-08 -8.95297e-10 4.21808e-08)
(-2.53641e-08 -8.68402e-10 4.57729e-08)
(-2.69389e-08 -8.41719e-10 4.94867e-08)
(-2.85616e-08 -8.15266e-10 5.33192e-08)
(-3.0232e-08 -7.8906e-10 5.7267e-08)
(-3.19498e-08 -7.63116e-10 6.1327e-08)
(-3.37147e-08 -7.37451e-10 6.54958e-08)
(-3.55262e-08 -7.12077e-10 6.97705e-08)
(-3.73836e-08 -6.87009e-10 7.41477e-08)
(-3.92863e-08 -6.62259e-10 7.86243e-08)
(-4.12332e-08 -6.37839e-10 8.31973e-08)
(-4.32237e-08 -6.13759e-10 8.78634e-08)
(-4.52566e-08 -5.90029e-10 9.26198e-08)
(-4.73308e-08 -5.6666e-10 9.74633e-08)
(-4.94453e-08 -5.43659e-10 1.02391e-07)
(-5.15987e-08 -5.21036e-10 1.074e-07)
(-5.37899e-08 -4.98799e-10 1.12487e-07)
(-5.60175e-08 -4.76954e-10 1.17649e-07)
(-5.82801e-08 -4.5551e-10 1.22883e-07)
(-6.05764e-08 -4.34473e-10 1.28188e-07)
(-6.29048e-08 -4.1385e-10 1.33559e-07)
(-6.52641e-08 -3.93647e-10 1.38994e-07)
(-6.76525e-08 -3.7387e-10 1.4449e-07)
(-7.00688e-08 -3.54525e-10 1.50045e-07)
(-7.25113e-08 -3.35619e-10 1.55655e-07)
(-7.49787e-08 -3.17156e-10 1.6132e-07)
(-7.74693e-08 -2.99143e-10 1.67034e-07)
(-7.99816e-08 -2.81585e-10 1.72797e-07)
(-8.25143e-08 -2.64488e-10 1.78606e-07)
(-8.50657e-08 -2.47856e-10 1.84458e-07)
(-8.76346e-08 -2.31697e-10 1.90351e-07)
(-9.02194e-08 -2.16016e-10 1.96283e-07)
(-9.28188e-08 -2.00817e-10 2.02251e-07)
(-9.54313e-08 -1.86108e-10 2.08253e-07)
(-9.80557e-08 -1.71894e-10 2.14286e-07)
(-1.00691e-07 -1.58182e-10 2.20349e-07)
(-1.03335e-07 -1.44977e-10 2.2644e-07)
(-1.05987e-07 -1.32287e-10 2.32556e-07)
(-1.08647e-07 -1.20117e-10 2.38696e-07)
(-1.11312e-07 -1.08475e-10 2.44857e-07)
(-1.13982e-07 -9.73688e-11 2.51038e-07)
(-1.16656e-07 -8.68047e-11 2.57236e-07)
(-1.19333e-07 -7.6791e-11 2.63451e-07)
(-1.22012e-07 -6.7336e-11 2.6968e-07)
(-1.24693e-07 -5.84485e-11 2.75921e-07)
(-1.27373e-07 -5.01379e-11 2.82174e-07)
(-1.30054e-07 -4.24143e-11 2.88437e-07)
(-1.32734e-07 -3.52889e-11 2.94707e-07)
(-1.35412e-07 -2.8774e-11 3.00985e-07)
(-1.38089e-07 -2.28834e-11 3.07268e-07)
(-1.40764e-07 -1.76319e-11 3.13555e-07)
(-1.43436e-07 -1.30349e-11 3.19846e-07)
(-1.46106e-07 -9.10709e-12 3.26139e-07)
(-1.48773e-07 -5.85812e-12 3.32433e-07)
(-1.51437e-07 -3.28558e-12 3.38727e-07)
(-1.54098e-07 -1.3625e-12 3.45021e-07)
(-1.56757e-07 -7.61606e-15 3.51314e-07)
(-1.59414e-07 1.00745e-12 3.57605e-07)
(-1.62071e-07 1.99637e-12 3.63895e-07)
(0 0 0)
(-1.10448e-09 -5.51867e-10 9.46209e-10)
(-1.67261e-09 -7.87178e-10 1.21448e-09)
(-2.51726e-09 -8.84118e-10 1.63372e-09)
(-3.41936e-09 -9.19569e-10 2.26e-09)
(-4.32483e-09 -9.25405e-10 3.08784e-09)
(-5.23785e-09 -9.15823e-10 4.10698e-09)
(-6.16466e-09 -8.98685e-10 5.30843e-09)
(-7.10982e-09 -8.78345e-10 6.68551e-09)
(-8.07737e-09 -8.57038e-10 8.23318e-09)
(-9.07099e-09 -8.35786e-10 9.94732e-09)
(-1.0094e-08 -8.14967e-10 1.18243e-08)
(-1.11494e-08 -7.94655e-10 1.38609e-08)
(-1.22398e-08 -7.74797e-10 1.6054e-08)
(-1.33675e-08 -7.55302e-10 1.84004e-08)
(-1.45345e-08 -7.36083e-10 2.08973e-08)
(-1.57426e-08 -7.1707e-10 2.35414e-08)
(-1.69934e-08 -6.98216e-10 2.63297e-08)
(-1.8288e-08 -6.79491e-10 2.92592e-08)
(-1.96277e-08 -6.60882e-10 3.23265e-08)
(-2.10132e-08 -6.42384e-10 3.55287e-08)
(-2.24453e-08 -6.24002e-10 3.88623e-08)
(-2.39245e-08 -6.05743e-10 4.23244e-08)
(-2.54512e-08 -5.87616e-10 4.59115e-08)
(-2.70254e-08 -5.69633e-10 4.96205e-08)
(-2.86474e-08 -5.51806e-10 5.34481e-08)
(-3.03168e-08 -5.34144e-10 5.73912e-08)
(-3.20336e-08 -5.16659e-10 6.14465e-08)
(-3.37973e-08 -4.99362e-10 6.56108e-08)
(-3.56074e-08 -4.8226e-10 6.98809e-08)
(-3.74633e-08 -4.65363e-10 7.42538e-08)
(-3.93643e-08 -4.48679e-10 7.87261e-08)
(-4.13096e-08 -4.32216e-10 8.32949e-08)
(-4.32982e-08 -4.15981e-10 8.7957e-08)
(-4.53292e-08 -3.9998e-10 9.27093e-08)
(-4.74014e-08 -3.84221e-10 9.75489e-08)
(-4.95139e-08 -3.68707e-10 1.02473e-07)
(-5.16652e-08 -3.53446e-10 1.07478e-07)
(-5.38542e-08 -3.38443e-10 1.12561e-07)
(-5.60796e-08 -3.23703e-10 1.1772e-07)
(-5.834e-08 -3.0923e-10 1.22951e-07)
(-6.0634e-08 -2.9503e-10 1.28252e-07)
(-6.29602e-08 -2.81106e-10 1.33619e-07)
(-6.53172e-08 -2.67463e-10 1.39051e-07)
(-6.77034e-08 -2.54105e-10 1.44544e-07)
(-7.01173e-08 -2.41037e-10 1.50096e-07)
(-7.25576e-08 -2.28262e-10 1.55704e-07)
(-7.50226e-08 -2.15785e-10 1.61365e-07)
(-7.7511e-08 -2.03608e-10 1.67077e-07)
(-8.00211e-08 -1.91736e-10 1.72838e-07)
(-8.25516e-08 -1.80173e-10 1.78644e-07)
(-8.51009e-08 -1.68923e-10 1.84494e-07)
(-8.76676e-08 -1.5799e-10 1.90384e-07)
(-9.02503e-08 -1.47376e-10 1.96313e-07)
(-9.28476e-08 -1.37088e-10 2.02279e-07)
(-9.54581e-08 -1.27127e-10 2.08279e-07)
(-9.80806e-08 -1.17499e-10 2.1431e-07)
(-1.00714e-07 -1.08208e-10 2.20371e-07)
(-1.03356e-07 -9.92579e-11 2.2646e-07)
(-1.06007e-07 -9.06532e-11 2.32574e-07)
(-1.08665e-07 -8.23984e-11 2.38712e-07)
(-1.11328e-07 -7.44983e-11 2.44871e-07)
(-1.13997e-07 -6.69576e-11 2.51051e-07)
(-1.16669e-07 -5.97815e-11 2.57248e-07)
(-1.19345e-07 -5.29753e-11 2.63461e-07)
(-1.22022e-07 -4.65445e-11 2.69688e-07)
(-1.24701e-07 -4.04951e-11 2.75929e-07)
(-1.27381e-07 -3.48336e-11 2.8218e-07)
(-1.3006e-07 -2.9567e-11 2.88442e-07)
(-1.32739e-07 -2.4703e-11 2.94711e-07)
(-1.35417e-07 -2.02503e-11 3.00988e-07)
(-1.38092e-07 -1.62184e-11 3.0727e-07)
(-1.40766e-07 -1.26176e-11 3.13557e-07)
(-1.43438e-07 -9.45793e-12 3.19847e-07)
(-1.46107e-07 -6.74781e-12 3.26139e-07)
(-1.48774e-07 -4.48981e-12 3.32433e-07)
(-1.51437e-07 -2.67362e-12 3.38727e-07)
(-1.54099e-07 -1.26451e-12 3.45021e-07)
(-1.56757e-07 -1.8437e-13 3.51314e-07)
(-1.59415e-07 7.16385e-13 3.57605e-07)
(-1.62071e-07 1.54915e-12 3.63895e-07)
(0 0 0)
(-1.14199e-09 -2.63436e-10 1.0824e-09)
(-1.65401e-09 -3.84571e-10 1.36566e-09)
(-2.49461e-09 -4.38196e-10 1.78323e-09)
(-3.40945e-09 -4.59496e-10 2.40652e-09)
(-4.32792e-09 -4.64525e-10 3.23198e-09)
(-5.25163e-09 -4.60836e-10 4.24841e-09)
(-6.18706e-09 -4.52764e-10 5.44677e-09)
(-7.13909e-09 -4.42758e-10 6.82057e-09)
(-8.11201e-09 -4.32096e-10 8.36493e-09)
(-9.10979e-09 -4.21381e-10 1.00758e-08)
(-1.0136e-08 -4.10852e-10 1.19495e-08)
(-1.11939e-08 -4.00572e-10 1.39829e-08)
(-1.22863e-08 -3.90525e-10 1.61728e-08)
(-1.34155e-08 -3.8067e-10 1.85161e-08)
(-1.45838e-08 -3.70961e-10 2.10098e-08)
(-1.57929e-08 -3.61364e-10 2.36507e-08)
(-1.70444e-08 -3.51853e-10 2.64359e-08)
(-1.83396e-08 -3.42411e-10 2.93622e-08)
(-1.96796e-08 -3.3303e-10 3.24264e-08)
(-2.10654e-08 -3.23707e-10 3.56254e-08)
(-2.24976e-08 -3.14444e-10 3.8956e-08)
(-2.39767e-08 -3.05245e-10 4.2415e-08)
(-2.55032e-08 -2.96113e-10 4.59991e-08)
(-2.70772e-08 -2.87054e-10 4.97051e-08)
(-2.86987e-08 -2.78074e-10 5.35298e-08)
(-3.03676e-08 -2.69179e-10 5.747e-08)
(-3.20838e-08 -2.60373e-10 6.15225e-08)
(-3.38467e-08 -2.51662e-10 6.5684e-08)
(-3.5656e-08 -2.4305e-10 6.99514e-08)
(-3.75111e-08 -2.34541e-10 7.43215e-08)
(-3.94111e-08 -2.26141e-10 7.87912e-08)
(-4.13554e-08 -2.17851e-10 8.33574e-08)
(-4.33429e-08 -2.09677e-10 8.8017e-08)
(-4.53728e-08 -2.01621e-10 9.27669e-08)
(-4.74438e-08 -1.93687e-10 9.7604e-08)
(-4.9555e-08 -1.85876e-10 1.02525e-07)
(-5.17051e-08 -1.78194e-10 1.07528e-07)
(-5.38929e-08 -1.70641e-10 1.12609e-07)
(-5.61169e-08 -1.6322e-10 1.17766e-07)
(-5.8376e-08 -1.55934e-10 1.22995e-07)
(-6.06687e-08 -1.48785e-10 1.28293e-07)
(-6.29935e-08 -1.41776e-10 1.33659e-07)
(-6.53491e-08 -1.34907e-10 1.39089e-07)
(-6.77339e-08 -1.28183e-10 1.4458e-07)
(-7.01465e-08 -1.21604e-10 1.5013e-07)
(-7.25854e-08 -1.15173e-10 1.55736e-07)
(-7.5049e-08 -1.08891e-10 1.61396e-07)
(-7.7536e-08 -1.02761e-10 1.67106e-07)
(-8.00448e-08 -9.67839e-11 1.72865e-07)
(-8.25739e-08 -9.09624e-11 1.78669e-07)
(-8.51219e-08 -8.52981e-11 1.84517e-07)
(-8.76873e-08 -7.97931e-11 1.90406e-07)
(-9.02688e-08 -7.44491e-11 1.96334e-07)
(-9.28648e-08 -6.92683e-11 2.02298e-07)
(-9.54742e-08 -6.42526e-11 2.08296e-07)
(-9.80955e-08 -5.94041e-11 2.14326e-07)
(-1.00727e-07 -5.47248e-11 2.20386e-07)
(-1.03369e-07 -5.02168e-11 2.26474e-07)
(-1.06018e-07 -4.58825e-11 2.32587e-07)
(-1.08675e-07 -4.1724e-11 2.38724e-07)
(-1.11338e-07 -3.77437e-11 2.44882e-07)
(-1.14005e-07 -3.3944e-11 2.5106e-07)
(-1.16677e-07 -3.03273e-11 2.57256e-07)
(-1.19351e-07 -2.68964e-11 2.63468e-07)
(-1.22028e-07 -2.36541e-11 2.69695e-07)
(-1.24706e-07 -2.06033e-11 2.75934e-07)
(-1.27385e-07 -1.77473e-11 2.82185e-07)
(-1.30064e-07 -1.50897e-11 2.88446e-07)
(-1.32742e-07 -1.26344e-11 2.94715e-07)
(-1.35419e-07 -1.03859e-11 3.00991e-07)
(-1.38094e-07 -8.3489e-12 3.07273e-07)
(-1.40768e-07 -6.52861e-12 3.13559e-07)
(-1.43439e-07 -4.92991e-12 3.19848e-07)
(-1.46108e-07 -3.55636e-12 3.2614e-07)
(-1.48774e-07 -2.40799e-12 3.32434e-07)
(-1.51438e-07 -1.47744e-12 3.38728e-07)
(-1.54099e-07 -7.43844e-13 3.45021e-07)
(-1.56758e-07 -1.65434e-13 3.51314e-07)
(-1.59415e-07 3.21928e-13 3.57605e-07)
(-1.62071e-07 7.57796e-13 3.63895e-07)
(0 0 0)
(-1.15729e-09 3.35717e-19 1.12443e-09)
(-1.65106e-09 9.9606e-19 1.41395e-09)
(-2.48862e-09 1.59078e-18 1.83212e-09)
(-3.40645e-09 2.11566e-18 2.45487e-09)
(-4.3287e-09 2.63932e-18 3.27986e-09)
(-5.25578e-09 3.13617e-18 4.29566e-09)
(-6.19405e-09 3.62552e-18 5.49321e-09)
(-7.14839e-09 4.11694e-18 6.86607e-09)
(-8.12317e-09 4.59382e-18 8.40942e-09)
(-9.1224e-09 5.04873e-18 1.01192e-08)
(-1.01498e-08 5.47103e-18 1.1992e-08)
(-1.12085e-08 5.86874e-18 1.40243e-08)
(-1.23016e-08 6.26279e-18 1.62131e-08)
(-1.34314e-08 6.65335e-18 1.85553e-08)
(-1.46001e-08 7.0466e-18 2.10479e-08)
(-1.58095e-08 7.44368e-18 2.36878e-08)
(-1.70613e-08 7.8124e-18 2.6472e-08)
(-1.83567e-08 8.13174e-18 2.93972e-08)
(-1.96969e-08 8.41241e-18 3.24604e-08)
(-2.10827e-08 8.66461e-18 3.56584e-08)
(-2.2515e-08 8.89077e-18 3.89879e-08)
(-2.39941e-08 9.08228e-18 4.24458e-08)
(-2.55205e-08 9.22584e-18 4.60289e-08)
(-2.70944e-08 9.32198e-18 4.97339e-08)
(-2.87157e-08 9.37942e-18 5.35577e-08)
(-3.03845e-08 9.41061e-18 5.74969e-08)
(-3.21005e-08 9.41328e-18 6.15484e-08)
(-3.38632e-08 9.36771e-18 6.5709e-08)
(-3.56722e-08 9.25626e-18 6.99754e-08)
(-3.7527e-08 9.09805e-18 7.43447e-08)
(-3.94267e-08 8.93938e-18 7.88135e-08)
(-4.13706e-08 8.77642e-18 8.33788e-08)
(-4.33578e-08 8.53908e-18 8.80375e-08)
(-4.53873e-08 8.20926e-18 9.27866e-08)
(-4.7458e-08 7.83673e-18 9.76229e-08)
(-4.95687e-08 7.43797e-18 1.02544e-07)
(-5.17184e-08 7.0099e-18 1.07545e-07)
(-5.39057e-08 6.53948e-18 1.12626e-07)
(-5.61294e-08 6.00528e-18 1.17781e-07)
(-5.8388e-08 5.40972e-18 1.2301e-07)
(-6.06802e-08 4.77521e-18 1.28308e-07)
(-6.30046e-08 4.09941e-18 1.33673e-07)
(-6.53597e-08 3.38246e-18 1.39102e-07)
(-6.7744e-08 2.65411e-18 1.44593e-07)
(-7.01562e-08 1.90914e-18 1.50142e-07)
(-7.25946e-08 1.12568e-18 1.55747e-07)
(-7.50578e-08 3.12521e-19 1.61406e-07)
(-7.75443e-08 -5.1503e-19 1.67116e-07)
(-8.00527e-08 -1.33654e-18 1.72874e-07)
(-8.25813e-08 -2.14661e-18 1.78678e-07)
(-8.51289e-08 -3.03928e-18 1.84525e-07)
(-8.76939e-08 -4.04904e-18 1.90414e-07)
(-9.02749e-08 -5.0609e-18 1.96341e-07)
(-9.28706e-08 -6.04024e-18 2.02305e-07)
(-9.54795e-08 -7.00861e-18 2.08303e-07)
(-9.81004e-08 -7.95967e-18 2.14332e-07)
(-1.00732e-07 -8.9343e-18 2.20392e-07)
(-1.03373e-07 -9.95999e-18 2.26479e-07)
(-1.06022e-07 -1.09736e-17 2.32591e-07)
(-1.08678e-07 -1.19357e-17 2.38728e-07)
(-1.11341e-07 -1.30544e-17 2.44886e-07)
(-1.14008e-07 -1.47573e-17 2.51063e-07)
(-1.16679e-07 -1.67714e-17 2.57259e-07)
(-1.19354e-07 -1.84184e-17 2.63471e-07)
(-1.2203e-07 -1.98511e-17 2.69697e-07)
(-1.24708e-07 -2.13999e-17 2.75937e-07)
(-1.27387e-07 -2.30426e-17 2.82187e-07)
(-1.30065e-07 -2.47513e-17 2.88447e-07)
(-1.32743e-07 -2.65672e-17 2.94716e-07)
(-1.3542e-07 -2.86398e-17 3.00992e-07)
(-1.38095e-07 -3.09915e-17 3.07273e-07)
(-1.40768e-07 -3.30691e-17 3.1356e-07)
(-1.43439e-07 -3.47904e-17 3.19849e-07)
(-1.46108e-07 -3.77957e-17 3.26141e-07)
(-1.48774e-07 -4.14459e-17 3.32434e-07)
(-1.51438e-07 -3.90457e-17 3.38728e-07)
(-1.54099e-07 -3.29028e-17 3.45021e-07)
(-1.56758e-07 -5.18215e-17 3.51314e-07)
(-1.59415e-07 -1.1549e-16 3.57605e-07)
(-1.62071e-07 -1.75406e-16 3.63895e-07)
(0 0 0)
(-1.14199e-09 2.63436e-10 1.0824e-09)
(-1.65401e-09 3.84571e-10 1.36566e-09)
(-2.49461e-09 4.38196e-10 1.78323e-09)
(-3.40945e-09 4.59496e-10 2.40652e-09)
(-4.32792e-09 4.64525e-10 3.23198e-09)
(-5.25163e-09 4.60836e-10 4.24841e-09)
(-6.18706e-09 4.52765e-10 5.44677e-09)
(-7.13909e-09 4.42758e-10 6.82057e-09)
(-8.11201e-09 4.32096e-10 8.36493e-09)
(-9.10979e-09 4.21381e-10 1.00758e-08)
(-1.0136e-08 4.10852e-10 1.19495e-08)
(-1.11939e-08 4.00572e-10 1.39829e-08)
(-1.22863e-08 3.90525e-10 1.61728e-08)
(-1.34155e-08 3.8067e-10 1.85161e-08)
(-1.45838e-08 3.70961e-10 2.10098e-08)
(-1.57929e-08 3.61364e-10 2.36507e-08)
(-1.70444e-08 3.51853e-10 2.64359e-08)
(-1.83396e-08 3.42411e-10 2.93622e-08)
(-1.96796e-08 3.3303e-10 3.24264e-08)
(-2.10654e-08 3.23707e-10 3.56254e-08)
(-2.24976e-08 3.14444e-10 3.8956e-08)
(-2.39767e-08 3.05245e-10 4.2415e-08)
(-2.55032e-08 2.96113e-10 4.59991e-08)
(-2.70772e-08 2.87054e-10 4.97051e-08)
(-2.86987e-08 2.78074e-10 5.35298e-08)
(-3.03676e-08 2.69179e-10 5.747e-08)
(-3.20838e-08 2.60373e-10 6.15225e-08)
(-3.38467e-08 2.51662e-10 6.5684e-08)
(-3.5656e-08 2.4305e-10 6.99514e-08)
(-3.75111e-08 2.34541e-10 7.43215e-08)
(-3.94111e-08 2.26141e-10 7.87912e-08)
(-4.13554e-08 2.17851e-10 8.33574e-08)
(-4.33429e-08 2.09677e-10 8.8017e-08)
(-4.53728e-08 2.01621e-10 9.27669e-08)
(-4.74438e-08 1.93687e-10 9.7604e-08)
(-4.9555e-08 1.85876e-10 1.02525e-07)
(-5.17051e-08 1.78194e-10 1.07528e-07)
(-5.38929e-08 1.70641e-10 1.12609e-07)
(-5.61169e-08 1.6322e-10 1.17766e-07)
(-5.8376e-08 1.55934e-10 1.22995e-07)
(-6.06687e-08 1.48785e-10 1.28293e-07)
(-6.29935e-08 1.41776e-10 1.33659e-07)
(-6.53491e-08 1.34907e-10 1.39089e-07)
(-6.77339e-08 1.28183e-10 1.4458e-07)
(-7.01465e-08 1.21604e-10 1.5013e-07)
(-7.25854e-08 1.15173e-10 1.55736e-07)
(-7.5049e-08 1.08891e-10 1.61396e-07)
(-7.7536e-08 1.02761e-10 1.67106e-07)
(-8.00448e-08 9.67839e-11 1.72865e-07)
(-8.25739e-08 9.09624e-11 1.78669e-07)
(-8.51219e-08 8.52981e-11 1.84517e-07)
(-8.76873e-08 7.97931e-11 1.90406e-07)
(-9.02688e-08 7.44491e-11 1.96334e-07)
(-9.28648e-08 6.92683e-11 2.02298e-07)
(-9.54742e-08 6.42526e-11 2.08296e-07)
(-9.80955e-08 5.9404e-11 2.14326e-07)
(-1.00727e-07 5.47247e-11 2.20386e-07)
(-1.03369e-07 5.02168e-11 2.26474e-07)
(-1.06018e-07 4.58825e-11 2.32587e-07)
(-1.08675e-07 4.1724e-11 2.38724e-07)
(-1.11338e-07 3.77437e-11 2.44882e-07)
(-1.14005e-07 3.39439e-11 2.5106e-07)
(-1.16677e-07 3.03273e-11 2.57256e-07)
(-1.19351e-07 2.68964e-11 2.63468e-07)
(-1.22028e-07 2.3654e-11 2.69695e-07)
(-1.24706e-07 2.06033e-11 2.75934e-07)
(-1.27385e-07 1.77473e-11 2.82185e-07)
(-1.30064e-07 1.50897e-11 2.88446e-07)
(-1.32742e-07 1.26344e-11 2.94715e-07)
(-1.35419e-07 1.03858e-11 3.00991e-07)
(-1.38094e-07 8.34884e-12 3.07273e-07)
(-1.40768e-07 6.52854e-12 3.13559e-07)
(-1.43439e-07 4.92984e-12 3.19848e-07)
(-1.46108e-07 3.55629e-12 3.2614e-07)
(-1.48774e-07 2.40791e-12 3.32434e-07)
(-1.51438e-07 1.47736e-12 3.38728e-07)
(-1.54099e-07 7.43765e-13 3.45021e-07)
(-1.56758e-07 1.65332e-13 3.51314e-07)
(-1.59415e-07 -3.2206e-13 3.57605e-07)
(-1.62071e-07 -7.57944e-13 3.63895e-07)
(0 0 0)
(-1.10448e-09 5.51867e-10 9.46209e-10)
(-1.67261e-09 7.87178e-10 1.21448e-09)
(-2.51726e-09 8.84118e-10 1.63372e-09)
(-3.41936e-09 9.19569e-10 2.26e-09)
(-4.32483e-09 9.25405e-10 3.08784e-09)
(-5.23785e-09 9.15823e-10 4.10698e-09)
(-6.16466e-09 8.98685e-10 5.30843e-09)
(-7.10982e-09 8.78345e-10 6.68551e-09)
(-8.07737e-09 8.57038e-10 8.23318e-09)
(-9.07099e-09 8.35786e-10 9.94732e-09)
(-1.0094e-08 8.14967e-10 1.18243e-08)
(-1.11494e-08 7.94655e-10 1.38609e-08)
(-1.22398e-08 7.74797e-10 1.6054e-08)
(-1.33675e-08 7.55302e-10 1.84004e-08)
(-1.45345e-08 7.36083e-10 2.08973e-08)
(-1.57426e-08 7.1707e-10 2.35414e-08)
(-1.69934e-08 6.98216e-10 2.63297e-08)
(-1.8288e-08 6.79491e-10 2.92592e-08)
(-1.96277e-08 6.60882e-10 3.23265e-08)
(-2.10132e-08 6.42384e-10 3.55287e-08)
(-2.24453e-08 6.24002e-10 3.88623e-08)
(-2.39245e-08 6.05743e-10 4.23244e-08)
(-2.54512e-08 5.87616e-10 4.59115e-08)
(-2.70254e-08 5.69633e-10 4.96205e-08)
(-2.86474e-08 5.51806e-10 5.34481e-08)
(-3.03168e-08 5.34144e-10 5.73912e-08)
(-3.20336e-08 5.16659e-10 6.14465e-08)
(-3.37973e-08 4.99362e-10 6.56108e-08)
(-3.56074e-08 4.8226e-10 6.98809e-08)
(-3.74633e-08 4.65363e-10 7.42538e-08)
(-3.93643e-08 4.48679e-10 7.87261e-08)
(-4.13096e-08 4.32216e-10 8.32949e-08)
(-4.32982e-08 4.15981e-10 8.7957e-08)
(-4.53292e-08 3.9998e-10 9.27093e-08)
(-4.74014e-08 3.84221e-10 9.75489e-08)
(-4.95139e-08 3.68707e-10 1.02473e-07)
(-5.16652e-08 3.53447e-10 1.07478e-07)
(-5.38542e-08 3.38443e-10 1.12561e-07)
(-5.60796e-08 3.23703e-10 1.1772e-07)
(-5.834e-08 3.0923e-10 1.22951e-07)
(-6.0634e-08 2.9503e-10 1.28252e-07)
(-6.29602e-08 2.81106e-10 1.33619e-07)
(-6.53172e-08 2.67463e-10 1.39051e-07)
(-6.77034e-08 2.54105e-10 1.44544e-07)
(-7.01173e-08 2.41037e-10 1.50096e-07)
(-7.25576e-08 2.28262e-10 1.55704e-07)
(-7.50226e-08 2.15785e-10 1.61365e-07)
(-7.7511e-08 2.03608e-10 1.67077e-07)
(-8.00211e-08 1.91736e-10 1.72838e-07)
(-8.25516e-08 1.80173e-10 1.78644e-07)
(-8.51009e-08 1.68923e-10 1.84494e-07)
(-8.76676e-08 1.5799e-10 1.90384e-07)
(-9.02503e-08 1.47376e-10 1.96313e-07)
(-9.28476e-08 1.37088e-10 2.02279e-07)
(-9.54581e-08 1.27127e-10 2.08279e-07)
(-9.80806e-08 1.17499e-10 2.1431e-07)
(-1.00714e-07 1.08208e-10 2.20371e-07)
(-1.03356e-07 9.92579e-11 2.2646e-07)
(-1.06007e-07 9.06532e-11 2.32574e-07)
(-1.08665e-07 8.23984e-11 2.38712e-07)
(-1.11328e-07 7.44982e-11 2.44871e-07)
(-1.13997e-07 6.69576e-11 2.51051e-07)
(-1.16669e-07 5.97815e-11 2.57248e-07)
(-1.19345e-07 5.29752e-11 2.63461e-07)
(-1.22022e-07 4.65444e-11 2.69688e-07)
(-1.24701e-07 4.04951e-11 2.75929e-07)
(-1.27381e-07 3.48336e-11 2.8218e-07)
(-1.3006e-07 2.9567e-11 2.88442e-07)
(-1.32739e-07 2.4703e-11 2.94711e-07)
(-1.35417e-07 2.02503e-11 3.00988e-07)
(-1.38092e-07 1.62184e-11 3.0727e-07)
(-1.40766e-07 1.26175e-11 3.13557e-07)
(-1.43438e-07 9.45786e-12 3.19847e-07)
(-1.46107e-07 6.74774e-12 3.26139e-07)
(-1.48774e-07 4.48974e-12 3.32433e-07)
(-1.51437e-07 2.67354e-12 3.38727e-07)
(-1.54099e-07 1.26442e-12 3.45021e-07)
(-1.56757e-07 1.84287e-13 3.51314e-07)
(-1.59415e-07 -7.16409e-13 3.57605e-07)
(-1.62071e-07 -1.5491e-12 3.63895e-07)
(0 0 0)
(-1.10708e-09 9.0296e-10 7.34464e-10)
(-1.7251e-09 1.22953e-09 9.705e-10)
(-2.55514e-09 1.33615e-09 1.38544e-09)
(-3.43056e-09 1.37106e-09 2.01516e-09)
(-4.31306e-09 1.37232e-09 2.84866e-09)
(-5.20806e-09 1.35489e-09 3.8744e-09)
(-6.12104e-09 1.32822e-09 5.08266e-09)
(-7.05573e-09 1.29779e-09 6.46635e-09)
(-8.01537e-09 1.26638e-09 8.02028e-09)
(-9.00298e-09 1.23521e-09 9.74034e-09)
(-1.00214e-08 1.20469e-09 1.1623e-08)
(-1.10731e-08 1.17486e-09 1.36651e-08)
(-1.21606e-08 1.14564e-09 1.58635e-08)
(-1.3286e-08 1.11689e-09 1.82153e-08)
(-1.44512e-08 1.08849e-09 2.07174e-08)
(-1.56579e-08 1.06036e-09 2.33669e-08)
(-1.69075e-08 1.03243e-09 2.61604e-08)
(-1.82013e-08 1.00468e-09 2.90951e-08)
(-1.95404e-08 9.77091e-10 3.21677e-08)
(-2.09257e-08 9.49656e-10 3.53749e-08)
(-2.23577e-08 9.22387e-10 3.87137e-08)
(-2.38371e-08 8.95297e-10 4.21808e-08)
(-2.53641e-08 8.68402e-10 4.57729e-08)
(-2.69389e-08 8.41719e-10 4.94867e-08)
(-2.85616e-08 8.15266e-10 5.33192e-08)
(-3.0232e-08 7.8906e-10 5.7267e-08)
(-3.19498e-08 7.63116e-10 6.1327e-08)
(-3.37147e-08 7.37451e-10 6.54958e-08)
(-3.55262e-08 7.12077e-10 6.97705e-08)
(-3.73836e-08 6.87009e-10 7.41477e-08)
(-3.92863e-08 6.6226e-10 7.86243e-08)
(-4.12332e-08 6.37839e-10 8.31973e-08)
(-4.32237e-08 6.13759e-10 8.78634e-08)
(-4.52566e-08 5.9003e-10 9.26198e-08)
(-4.73308e-08 5.6666e-10 9.74633e-08)
(-4.94453e-08 5.43659e-10 1.02391e-07)
(-5.15987e-08 5.21036e-10 1.074e-07)
(-5.37899e-08 4.98799e-10 1.12487e-07)
(-5.60175e-08 4.76954e-10 1.17649e-07)
(-5.82801e-08 4.5551e-10 1.22883e-07)
(-6.05764e-08 4.34473e-10 1.28188e-07)
(-6.29048e-08 4.1385e-10 1.33559e-07)
(-6.52641e-08 3.93647e-10 1.38994e-07)
(-6.76525e-08 3.7387e-10 1.4449e-07)
(-7.00688e-08 3.54525e-10 1.50045e-07)
(-7.25113e-08 3.35619e-10 1.55655e-07)
(-7.49787e-08 3.17156e-10 1.6132e-07)
(-7.74693e-08 2.99143e-10 1.67034e-07)
(-7.99816e-08 2.81585e-10 1.72797e-07)
(-8.25143e-08 2.64488e-10 1.78606e-07)
(-8.50657e-08 2.47856e-10 1.84458e-07)
(-8.76346e-08 2.31697e-10 1.90351e-07)
(-9.02194e-08 2.16016e-10 1.96283e-07)
(-9.28188e-08 2.00817e-10 2.02251e-07)
(-9.54313e-08 1.86108e-10 2.08253e-07)
(-9.80557e-08 1.71894e-10 2.14286e-07)
(-1.00691e-07 1.58182e-10 2.20349e-07)
(-1.03335e-07 1.44977e-10 2.2644e-07)
(-1.05987e-07 1.32287e-10 2.32556e-07)
(-1.08647e-07 1.20117e-10 2.38696e-07)
(-1.11312e-07 1.08475e-10 2.44857e-07)
(-1.13982e-07 9.73688e-11 2.51038e-07)
(-1.16656e-07 8.68047e-11 2.57236e-07)
(-1.19333e-07 7.6791e-11 2.63451e-07)
(-1.22012e-07 6.7336e-11 2.6968e-07)
(-1.24693e-07 5.84485e-11 2.75921e-07)
(-1.27373e-07 5.01379e-11 2.82174e-07)
(-1.30054e-07 4.24142e-11 2.88437e-07)
(-1.32734e-07 3.52888e-11 2.94707e-07)
(-1.35412e-07 2.8774e-11 3.00985e-07)
(-1.38089e-07 2.28834e-11 3.07268e-07)
(-1.40764e-07 1.76318e-11 3.13555e-07)
(-1.43436e-07 1.30349e-11 3.19846e-07)
(-1.46106e-07 9.10702e-12 3.26139e-07)
(-1.48773e-07 5.85804e-12 3.32433e-07)
(-1.51437e-07 3.28549e-12 3.38727e-07)
(-1.54098e-07 1.36241e-12 3.45021e-07)
(-1.56757e-07 7.56255e-15 3.51314e-07)
(-1.59414e-07 -1.00751e-12 3.57605e-07)
(-1.62071e-07 -1.99645e-12 3.63895e-07)
(0 0 0)
(-1.58783e-09 1.34131e-09 4.76349e-10)
(-1.87017e-09 1.62509e-09 6.44249e-10)
(-2.59065e-09 1.73701e-09 1.04891e-09)
(-3.41958e-09 1.77359e-09 1.68329e-09)
(-4.26957e-09 1.77243e-09 2.52604e-09)
(-5.14128e-09 1.75001e-09 3.56266e-09)
(-6.03854e-09 1.71679e-09 4.78175e-09)
(-6.96261e-09 1.67891e-09 6.17552e-09)
(-7.91475e-09 1.63956e-09 7.73865e-09)
(-8.89674e-09 1.60019e-09 9.46719e-09)
(-9.9107e-09 1.56133e-09 1.13578e-08)
(-1.09588e-08 1.52309e-09 1.34076e-08)
(-1.20433e-08 1.48543e-09 1.56135e-08)
(-1.31662e-08 1.44823e-09 1.79726e-08)
(-1.43293e-08 1.41139e-09 2.0482e-08)
(-1.55342e-08 1.37484e-09 2.31386e-08)
(-1.67825e-08 1.33851e-09 2.59394e-08)
(-1.80753e-08 1.30238e-09 2.88812e-08)
(-1.94138e-08 1.26644e-09 3.19609e-08)
(-2.07987e-08 1.2307e-09 3.51752e-08)
(-2.22308e-08 1.19518e-09 3.85209e-08)
(-2.37105e-08 1.15989e-09 4.19948e-08)
(-2.52381e-08 1.12485e-09 4.55936e-08)
(-2.68138e-08 1.09009e-09 4.93142e-08)
(-2.84377e-08 1.05563e-09 5.31532e-08)
(-3.01094e-08 1.02149e-09 5.71074e-08)
(-3.18289e-08 9.87703e-10 6.11736e-08)
(-3.35957e-08 9.54278e-10 6.53487e-08)
(-3.54091e-08 9.21237e-10 6.96293e-08)
(-3.72687e-08 8.88598e-10 7.40124e-08)
(-3.91737e-08 8.56377e-10 7.84948e-08)
(-4.11231e-08 8.24589e-10 8.30734e-08)
(-4.31162e-08 7.93251e-10 8.77451e-08)
(-4.51518e-08 7.62374e-10 9.25067e-08)
(-4.72288e-08 7.31971e-10 9.73554e-08)
(-4.93462e-08 7.02055e-10 1.02288e-07)
(-5.15027e-08 6.72636e-10 1.07302e-07)
(-5.36969e-08 6.43725e-10 1.12394e-07)
(-5.59276e-08 6.15333e-10 1.1756e-07)
(-5.81933e-08 5.87467e-10 1.228e-07)
(-6.04928e-08 5.60139e-10 1.28108e-07)
(-6.28245e-08 5.33355e-10 1.33483e-07)
(-6.51869e-08 5.07124e-10 1.38923e-07)
(-6.75786e-08 4.81455e-10 1.44423e-07)
(-6.99981e-08 4.56354e-10 1.49982e-07)
(-7.24438e-08 4.31829e-10 1.55596e-07)
(-7.49143e-08 4.07888e-10 1.61264e-07)
(-7.74081e-08 3.84537e-10 1.66983e-07)
(-7.99236e-08 3.61784e-10 1.72749e-07)
(-8.24594e-08 3.39635e-10 1.78561e-07)
(-8.50139e-08 3.18098e-10 1.84417e-07)
(-8.75858e-08 2.9718e-10 1.90313e-07)
(-9.01735e-08 2.76888e-10 1.96247e-07)
(-9.27758e-08 2.57228e-10 2.02218e-07)
(-9.53912e-08 2.3821e-10 2.08223e-07)
(-9.80184e-08 2.19839e-10 2.14259e-07)
(-1.00656e-07 2.02125e-10 2.20325e-07)
(-1.03303e-07 1.85075e-10 2.26418e-07)
(-1.05958e-07 1.68697e-10 2.32536e-07)
(-1.0862e-07 1.52999e-10 2.38678e-07)
(-1.11288e-07 1.37992e-10 2.44841e-07)
(-1.1396e-07 1.23684e-10 2.51024e-07)
(-1.16636e-07 1.10084e-10 2.57224e-07)
(-1.19315e-07 9.72029e-11 2.63441e-07)
(-1.21996e-07 8.50512e-11 2.69671e-07)
(-1.24678e-07 7.36401e-11 2.75914e-07)
(-1.27361e-07 6.29815e-11 2.82169e-07)
(-1.30043e-07 5.30883e-11 2.88432e-07)
(-1.32725e-07 4.39743e-11 2.94704e-07)
(-1.35405e-07 3.56549e-11 3.00982e-07)
(-1.38083e-07 2.81471e-11 3.07266e-07)
(-1.40759e-07 2.14694e-11 3.13554e-07)
(-1.43433e-07 1.56419e-11 3.19846e-07)
(-1.46103e-07 1.0685e-11 3.26139e-07)
(-1.48771e-07 6.61784e-12 3.32433e-07)
(-1.51436e-07 3.45302e-12 3.38727e-07)
(-1.54098e-07 1.1872e-12 3.45021e-07)
(-1.56757e-07 -2.3501e-13 3.51314e-07)
(-1.59414e-07 -1.15755e-12 3.57604e-07)
(-1.62071e-07 -2.11956e-12 3.63894e-07)
)
;

boundaryField
{
    left
    {
        type            fixedValue;
        value           uniform (0 0 0);
    }
    right
    {
        type            calculated;
    }
    back
    {
        type            calculated;
    }
    front
    {
        type            calculated;
    }
    top
    {
        type            calculated;
    }
    bottom
    {
        type            calculated;
    }
}


// ************************************************************************* //
