/*--------------------------------*- C++ -*----------------------------------*\
| =========                 |                                                 |
| \\      /  F ield         | foam-extend: Open Source CFD                    |
|  \\    /   O peration     | Version:     4.1                                |
|   \\  /    A nd           | Web:         http://www.foam-extend.org         |
|    \\/     M anipulation  |                                                 |
\*---------------------------------------------------------------------------*/
FoamFile
{
    version     2.0;
    format      ascii;
    class       vectorField;
    location    "0.198/polyMesh";
    object      points;
}
// * * * * * * * * * * * * * * * * * * * * * * * * * * * * * * * * * * * * * //


6561
(
(0 0 0)
(0.000125 0 0)
(0.00025 0 0)
(0.000375 0 0)
(0.0005 0 0)
(0.000625 0 0)
(0.00075 0 0)
(0.000875 0 0)
(0.001 0 0)
(0.001125 0 0)
(0.00125 0 0)
(0.001375 0 0)
(0.0015 0 0)
(0.001625 0 0)
(0.00175 0 0)
(0.001875 0 0)
(0.002 0 0)
(0.002125 0 0)
(0.00225 0 0)
(0.002375 0 0)
(0.0025 0 0)
(0.002625 0 0)
(0.00275 0 0)
(0.002875 0 0)
(0.003 0 0)
(0.003125 0 0)
(0.00325 0 0)
(0.003375 0 0)
(0.0035 0 0)
(0.003625 0 0)
(0.00375 0 0)
(0.003875 0 0)
(0.004 0 0)
(0.004125 0 0)
(0.00425 0 0)
(0.004375 0 0)
(0.0045 0 0)
(0.004625 0 0)
(0.00475 0 0)
(0.004875 0 0)
(0.005 0 0)
(0.005125 0 0)
(0.00525 0 0)
(0.005375 0 0)
(0.0055 0 0)
(0.005625 0 0)
(0.00575 0 0)
(0.005875 0 0)
(0.006 0 0)
(0.006125 0 0)
(0.00625 0 0)
(0.006375 0 0)
(0.0065 0 0)
(0.006625 0 0)
(0.00675 0 0)
(0.006875 0 0)
(0.007 0 0)
(0.007125 0 0)
(0.00725 0 0)
(0.007375 0 0)
(0.0075 0 0)
(0.007625 0 0)
(0.00775 0 0)
(0.007875 0 0)
(0.008 0 0)
(0.008125 0 0)
(0.00825 0 0)
(0.008375 0 0)
(0.0085 0 0)
(0.008625 0 0)
(0.00875 0 0)
(0.008875 0 0)
(0.009 0 0)
(0.009125 0 0)
(0.00925 0 0)
(0.009375 0 0)
(0.0095 0 0)
(0.009625 0 0)
(0.00975 0 0)
(0.009875 0 0)
(0.01 0 0)
(0 0.000125 0)
(0.000125 0.000125 0)
(0.00025 0.000125 0)
(0.000375 0.000125 0)
(0.0005 0.000125 0)
(0.000625 0.000125 0)
(0.00075 0.000125 0)
(0.000875 0.000125 0)
(0.001 0.000125 0)
(0.001125 0.000125 0)
(0.00125 0.000125 0)
(0.001375 0.000125 0)
(0.0015 0.000125 0)
(0.001625 0.000125 0)
(0.00175 0.000125 0)
(0.001875 0.000125 0)
(0.002 0.000125 0)
(0.002125 0.000125 0)
(0.00225 0.000125 0)
(0.002375 0.000125 0)
(0.0025 0.000125 0)
(0.002625 0.000125 0)
(0.00275 0.000125 0)
(0.002875 0.000125 0)
(0.003 0.000125 0)
(0.003125 0.000125 0)
(0.00325 0.000125 0)
(0.003375 0.000125 0)
(0.0035 0.000125 0)
(0.003625 0.000125 0)
(0.00375 0.000125 0)
(0.003875 0.000125 0)
(0.004 0.000125 0)
(0.004125 0.000125 0)
(0.00425 0.000125 0)
(0.004375 0.000125 0)
(0.0045 0.000125 0)
(0.004625 0.000125 0)
(0.00475 0.000125 0)
(0.004875 0.000125 0)
(0.005 0.000125 0)
(0.005125 0.000125 0)
(0.00525 0.000125 0)
(0.005375 0.000125 0)
(0.0055 0.000125 0)
(0.005625 0.000125 0)
(0.00575 0.000125 0)
(0.005875 0.000125 0)
(0.006 0.000125 0)
(0.006125 0.000125 0)
(0.00625 0.000125 0)
(0.006375 0.000125 0)
(0.0065 0.000125 0)
(0.006625 0.000125 0)
(0.00675 0.000125 0)
(0.006875 0.000125 0)
(0.007 0.000125 0)
(0.007125 0.000125 0)
(0.00725 0.000125 0)
(0.007375 0.000125 0)
(0.0075 0.000125 0)
(0.007625 0.000125 0)
(0.00775 0.000125 0)
(0.007875 0.000125 0)
(0.008 0.000125 0)
(0.008125 0.000125 0)
(0.00825 0.000125 0)
(0.008375 0.000125 0)
(0.0085 0.000125 0)
(0.008625 0.000125 0)
(0.00875 0.000125 0)
(0.008875 0.000125 0)
(0.009 0.000125 0)
(0.009125 0.000125 0)
(0.00925 0.000125 0)
(0.009375 0.000125 0)
(0.0095 0.000125 0)
(0.009625 0.000125 0)
(0.00975 0.000125 0)
(0.009875 0.000125 0)
(0.01 0.000125 0)
(0 0.00025 0)
(0.000125 0.00025 0)
(0.00025 0.00025 0)
(0.000375 0.00025 0)
(0.0005 0.00025 0)
(0.000625 0.00025 0)
(0.00075 0.00025 0)
(0.000875 0.00025 0)
(0.001 0.00025 0)
(0.001125 0.00025 0)
(0.00125 0.00025 0)
(0.001375 0.00025 0)
(0.0015 0.00025 0)
(0.001625 0.00025 0)
(0.00175 0.00025 0)
(0.001875 0.00025 0)
(0.002 0.00025 0)
(0.002125 0.00025 0)
(0.00225 0.00025 0)
(0.002375 0.00025 0)
(0.0025 0.00025 0)
(0.002625 0.00025 0)
(0.00275 0.00025 0)
(0.002875 0.00025 0)
(0.003 0.00025 0)
(0.003125 0.00025 0)
(0.00325 0.00025 0)
(0.003375 0.00025 0)
(0.0035 0.00025 0)
(0.003625 0.00025 0)
(0.00375 0.00025 0)
(0.003875 0.00025 0)
(0.004 0.00025 0)
(0.004125 0.00025 0)
(0.00425 0.00025 0)
(0.004375 0.00025 0)
(0.0045 0.00025 0)
(0.004625 0.00025 0)
(0.00475 0.00025 0)
(0.004875 0.00025 0)
(0.005 0.00025 0)
(0.005125 0.00025 0)
(0.00525 0.00025 0)
(0.005375 0.00025 0)
(0.0055 0.00025 0)
(0.005625 0.00025 0)
(0.00575 0.00025 0)
(0.005875 0.00025 0)
(0.006 0.00025 0)
(0.006125 0.00025 0)
(0.00625 0.00025 0)
(0.006375 0.00025 0)
(0.0065 0.00025 0)
(0.006625 0.00025 0)
(0.00675 0.00025 0)
(0.006875 0.00025 0)
(0.007 0.00025 0)
(0.007125 0.00025 0)
(0.00725 0.00025 0)
(0.007375 0.00025 0)
(0.0075 0.00025 0)
(0.007625 0.00025 0)
(0.00775 0.00025 0)
(0.007875 0.00025 0)
(0.008 0.00025 0)
(0.008125 0.00025 0)
(0.00825 0.00025 0)
(0.008375 0.00025 0)
(0.0085 0.00025 0)
(0.008625 0.00025 0)
(0.00875 0.00025 0)
(0.008875 0.00025 0)
(0.009 0.00025 0)
(0.009125 0.00025 0)
(0.00925 0.00025 0)
(0.009375 0.00025 0)
(0.0095 0.00025 0)
(0.009625 0.00025 0)
(0.00975 0.00025 0)
(0.009875 0.00025 0)
(0.01 0.00025 0)
(0 0.000375 0)
(0.000125 0.000375 0)
(0.00025 0.000375 0)
(0.000375 0.000375 0)
(0.0005 0.000375 0)
(0.000625 0.000375 0)
(0.00075 0.000375 0)
(0.000875 0.000375 0)
(0.001 0.000375 0)
(0.001125 0.000375 0)
(0.00125 0.000375 0)
(0.001375 0.000375 0)
(0.0015 0.000375 0)
(0.001625 0.000375 0)
(0.00175 0.000375 0)
(0.001875 0.000375 0)
(0.002 0.000375 0)
(0.002125 0.000375 0)
(0.00225 0.000375 0)
(0.002375 0.000375 0)
(0.0025 0.000375 0)
(0.002625 0.000375 0)
(0.00275 0.000375 0)
(0.002875 0.000375 0)
(0.003 0.000375 0)
(0.003125 0.000375 0)
(0.00325 0.000375 0)
(0.003375 0.000375 0)
(0.0035 0.000375 0)
(0.003625 0.000375 0)
(0.00375 0.000375 0)
(0.003875 0.000375 0)
(0.004 0.000375 0)
(0.004125 0.000375 0)
(0.00425 0.000375 0)
(0.004375 0.000375 0)
(0.0045 0.000375 0)
(0.004625 0.000375 0)
(0.00475 0.000375 0)
(0.004875 0.000375 0)
(0.005 0.000375 0)
(0.005125 0.000375 0)
(0.00525 0.000375 0)
(0.005375 0.000375 0)
(0.0055 0.000375 0)
(0.005625 0.000375 0)
(0.00575 0.000375 0)
(0.005875 0.000375 0)
(0.006 0.000375 0)
(0.006125 0.000375 0)
(0.00625 0.000375 0)
(0.006375 0.000375 0)
(0.0065 0.000375 0)
(0.006625 0.000375 0)
(0.00675 0.000375 0)
(0.006875 0.000375 0)
(0.007 0.000375 0)
(0.007125 0.000375 0)
(0.00725 0.000375 0)
(0.007375 0.000375 0)
(0.0075 0.000375 0)
(0.007625 0.000375 0)
(0.00775 0.000375 0)
(0.007875 0.000375 0)
(0.008 0.000375 0)
(0.008125 0.000375 0)
(0.00825 0.000375 0)
(0.008375 0.000375 0)
(0.0085 0.000375 0)
(0.008625 0.000375 0)
(0.00875 0.000375 0)
(0.008875 0.000375 0)
(0.009 0.000375 0)
(0.009125 0.000375 0)
(0.00925 0.000375 0)
(0.009375 0.000375 0)
(0.0095 0.000375 0)
(0.009625 0.000375 0)
(0.00975 0.000375 0)
(0.009875 0.000375 0)
(0.01 0.000375 0)
(0 0.0005 0)
(0.000125 0.0005 0)
(0.00025 0.0005 0)
(0.000375 0.0005 0)
(0.0005 0.0005 0)
(0.000625 0.0005 0)
(0.00075 0.0005 0)
(0.000875 0.0005 0)
(0.001 0.0005 0)
(0.001125 0.0005 0)
(0.00125 0.0005 0)
(0.001375 0.0005 0)
(0.0015 0.0005 0)
(0.001625 0.0005 0)
(0.00175 0.0005 0)
(0.001875 0.0005 0)
(0.002 0.0005 0)
(0.002125 0.0005 0)
(0.00225 0.0005 0)
(0.002375 0.0005 0)
(0.0025 0.0005 0)
(0.002625 0.0005 0)
(0.00275 0.0005 0)
(0.002875 0.0005 0)
(0.003 0.0005 0)
(0.003125 0.0005 0)
(0.00325 0.0005 0)
(0.003375 0.0005 0)
(0.0035 0.0005 0)
(0.003625 0.0005 0)
(0.00375 0.0005 0)
(0.003875 0.0005 0)
(0.004 0.0005 0)
(0.004125 0.0005 0)
(0.00425 0.0005 0)
(0.004375 0.0005 0)
(0.0045 0.0005 0)
(0.004625 0.0005 0)
(0.00475 0.0005 0)
(0.004875 0.0005 0)
(0.005 0.0005 0)
(0.005125 0.0005 0)
(0.00525 0.0005 0)
(0.005375 0.0005 0)
(0.0055 0.0005 0)
(0.005625 0.0005 0)
(0.00575 0.0005 0)
(0.005875 0.0005 0)
(0.006 0.0005 0)
(0.006125 0.0005 0)
(0.00625 0.0005 0)
(0.006375 0.0005 0)
(0.0065 0.0005 0)
(0.006625 0.0005 0)
(0.00675 0.0005 0)
(0.006875 0.0005 0)
(0.007 0.0005 0)
(0.007125 0.0005 0)
(0.00725 0.0005 0)
(0.007375 0.0005 0)
(0.0075 0.0005 0)
(0.007625 0.0005 0)
(0.00775 0.0005 0)
(0.007875 0.0005 0)
(0.008 0.0005 0)
(0.008125 0.0005 0)
(0.00825 0.0005 0)
(0.008375 0.0005 0)
(0.0085 0.0005 0)
(0.008625 0.0005 0)
(0.00875 0.0005 0)
(0.008875 0.0005 0)
(0.009 0.0005 0)
(0.009125 0.0005 0)
(0.00925 0.0005 0)
(0.009375 0.0005 0)
(0.0095 0.0005 0)
(0.009625 0.0005 0)
(0.00975 0.0005 0)
(0.009875 0.0005 0)
(0.01 0.0005 0)
(0 0.000625 0)
(0.000125 0.000625 0)
(0.00025 0.000625 0)
(0.000375 0.000625 0)
(0.0005 0.000625 0)
(0.000625 0.000625 0)
(0.00075 0.000625 0)
(0.000875 0.000625 0)
(0.001 0.000625 0)
(0.001125 0.000625 0)
(0.00125 0.000625 0)
(0.001375 0.000625 0)
(0.0015 0.000625 0)
(0.001625 0.000625 0)
(0.00175 0.000625 0)
(0.001875 0.000625 0)
(0.002 0.000625 0)
(0.002125 0.000625 0)
(0.00225 0.000625 0)
(0.002375 0.000625 0)
(0.0025 0.000625 0)
(0.002625 0.000625 0)
(0.00275 0.000625 0)
(0.002875 0.000625 0)
(0.003 0.000625 0)
(0.003125 0.000625 0)
(0.00325 0.000625 0)
(0.003375 0.000625 0)
(0.0035 0.000625 0)
(0.003625 0.000625 0)
(0.00375 0.000625 0)
(0.003875 0.000625 0)
(0.004 0.000625 0)
(0.004125 0.000625 0)
(0.00425 0.000625 0)
(0.004375 0.000625 0)
(0.0045 0.000625 0)
(0.004625 0.000625 0)
(0.00475 0.000625 0)
(0.004875 0.000625 0)
(0.005 0.000625 0)
(0.005125 0.000625 0)
(0.00525 0.000625 0)
(0.005375 0.000625 0)
(0.0055 0.000625 0)
(0.005625 0.000625 0)
(0.00575 0.000625 0)
(0.005875 0.000625 0)
(0.006 0.000625 0)
(0.006125 0.000625 0)
(0.00625 0.000625 0)
(0.006375 0.000625 0)
(0.0065 0.000625 0)
(0.006625 0.000625 0)
(0.00675 0.000625 0)
(0.006875 0.000625 0)
(0.007 0.000625 0)
(0.007125 0.000625 0)
(0.00725 0.000625 0)
(0.007375 0.000625 0)
(0.0075 0.000625 0)
(0.007625 0.000625 0)
(0.00775 0.000625 0)
(0.007875 0.000625 0)
(0.008 0.000625 0)
(0.008125 0.000625 0)
(0.00825 0.000625 0)
(0.008375 0.000625 0)
(0.0085 0.000625 0)
(0.008625 0.000625 0)
(0.00875 0.000625 0)
(0.008875 0.000625 0)
(0.009 0.000625 0)
(0.009125 0.000625 0)
(0.00925 0.000625 0)
(0.009375 0.000625 0)
(0.0095 0.000625 0)
(0.009625 0.000625 0)
(0.00975 0.000625 0)
(0.009875 0.000625 0)
(0.01 0.000625 0)
(0 0.00075 0)
(0.000125 0.00075 0)
(0.00025 0.00075 0)
(0.000375 0.00075 0)
(0.0005 0.00075 0)
(0.000625 0.00075 0)
(0.00075 0.00075 0)
(0.000875 0.00075 0)
(0.001 0.00075 0)
(0.001125 0.00075 0)
(0.00125 0.00075 0)
(0.001375 0.00075 0)
(0.0015 0.00075 0)
(0.001625 0.00075 0)
(0.00175 0.00075 0)
(0.001875 0.00075 0)
(0.002 0.00075 0)
(0.002125 0.00075 0)
(0.00225 0.00075 0)
(0.002375 0.00075 0)
(0.0025 0.00075 0)
(0.002625 0.00075 0)
(0.00275 0.00075 0)
(0.002875 0.00075 0)
(0.003 0.00075 0)
(0.003125 0.00075 0)
(0.00325 0.00075 0)
(0.003375 0.00075 0)
(0.0035 0.00075 0)
(0.003625 0.00075 0)
(0.00375 0.00075 0)
(0.003875 0.00075 0)
(0.004 0.00075 0)
(0.004125 0.00075 0)
(0.00425 0.00075 0)
(0.004375 0.00075 0)
(0.0045 0.00075 0)
(0.004625 0.00075 0)
(0.00475 0.00075 0)
(0.004875 0.00075 0)
(0.005 0.00075 0)
(0.005125 0.00075 0)
(0.00525 0.00075 0)
(0.005375 0.00075 0)
(0.0055 0.00075 0)
(0.005625 0.00075 0)
(0.00575 0.00075 0)
(0.005875 0.00075 0)
(0.006 0.00075 0)
(0.006125 0.00075 0)
(0.00625 0.00075 0)
(0.006375 0.00075 0)
(0.0065 0.00075 0)
(0.006625 0.00075 0)
(0.00675 0.00075 0)
(0.006875 0.00075 0)
(0.007 0.00075 0)
(0.007125 0.00075 0)
(0.00725 0.00075 0)
(0.007375 0.00075 0)
(0.0075 0.00075 0)
(0.007625 0.00075 0)
(0.00775 0.00075 0)
(0.007875 0.00075 0)
(0.008 0.00075 0)
(0.008125 0.00075 0)
(0.00825 0.00075 0)
(0.008375 0.00075 0)
(0.0085 0.00075 0)
(0.008625 0.00075 0)
(0.00875 0.00075 0)
(0.008875 0.00075 0)
(0.009 0.00075 0)
(0.009125 0.00075 0)
(0.00925 0.00075 0)
(0.009375 0.00075 0)
(0.0095 0.00075 0)
(0.009625 0.00075 0)
(0.00975 0.00075 0)
(0.009875 0.00075 0)
(0.01 0.00075 0)
(0 0.000875 0)
(0.000125 0.000875 0)
(0.00025 0.000875 0)
(0.000375 0.000875 0)
(0.0005 0.000875 0)
(0.000625 0.000875 0)
(0.00075 0.000875 0)
(0.000875 0.000875 0)
(0.001 0.000875 0)
(0.001125 0.000875 0)
(0.00125 0.000875 0)
(0.001375 0.000875 0)
(0.0015 0.000875 0)
(0.001625 0.000875 0)
(0.00175 0.000875 0)
(0.001875 0.000875 0)
(0.002 0.000875 0)
(0.002125 0.000875 0)
(0.00225 0.000875 0)
(0.002375 0.000875 0)
(0.0025 0.000875 0)
(0.002625 0.000875 0)
(0.00275 0.000875 0)
(0.002875 0.000875 0)
(0.003 0.000875 0)
(0.003125 0.000875 0)
(0.00325 0.000875 0)
(0.003375 0.000875 0)
(0.0035 0.000875 0)
(0.003625 0.000875 0)
(0.00375 0.000875 0)
(0.003875 0.000875 0)
(0.004 0.000875 0)
(0.004125 0.000875 0)
(0.00425 0.000875 0)
(0.004375 0.000875 0)
(0.0045 0.000875 0)
(0.004625 0.000875 0)
(0.00475 0.000875 0)
(0.004875 0.000875 0)
(0.005 0.000875 0)
(0.005125 0.000875 0)
(0.00525 0.000875 0)
(0.005375 0.000875 0)
(0.0055 0.000875 0)
(0.005625 0.000875 0)
(0.00575 0.000875 0)
(0.005875 0.000875 0)
(0.006 0.000875 0)
(0.006125 0.000875 0)
(0.00625 0.000875 0)
(0.006375 0.000875 0)
(0.0065 0.000875 0)
(0.006625 0.000875 0)
(0.00675 0.000875 0)
(0.006875 0.000875 0)
(0.007 0.000875 0)
(0.007125 0.000875 0)
(0.00725 0.000875 0)
(0.007375 0.000875 0)
(0.0075 0.000875 0)
(0.007625 0.000875 0)
(0.00775 0.000875 0)
(0.007875 0.000875 0)
(0.008 0.000875 0)
(0.008125 0.000875 0)
(0.00825 0.000875 0)
(0.008375 0.000875 0)
(0.0085 0.000875 0)
(0.008625 0.000875 0)
(0.00875 0.000875 0)
(0.008875 0.000875 0)
(0.009 0.000875 0)
(0.009125 0.000875 0)
(0.00925 0.000875 0)
(0.009375 0.000875 0)
(0.0095 0.000875 0)
(0.009625 0.000875 0)
(0.00975 0.000875 0)
(0.009875 0.000875 0)
(0.01 0.000875 0)
(0 0.001 0)
(0.000125 0.001 0)
(0.00025 0.001 0)
(0.000375 0.001 0)
(0.0005 0.001 0)
(0.000625 0.001 0)
(0.00075 0.001 0)
(0.000875 0.001 0)
(0.001 0.001 0)
(0.001125 0.001 0)
(0.00125 0.001 0)
(0.001375 0.001 0)
(0.0015 0.001 0)
(0.001625 0.001 0)
(0.00175 0.001 0)
(0.001875 0.001 0)
(0.002 0.001 0)
(0.002125 0.001 0)
(0.00225 0.001 0)
(0.002375 0.001 0)
(0.0025 0.001 0)
(0.002625 0.001 0)
(0.00275 0.001 0)
(0.002875 0.001 0)
(0.003 0.001 0)
(0.003125 0.001 0)
(0.00325 0.001 0)
(0.003375 0.001 0)
(0.0035 0.001 0)
(0.003625 0.001 0)
(0.00375 0.001 0)
(0.003875 0.001 0)
(0.004 0.001 0)
(0.004125 0.001 0)
(0.00425 0.001 0)
(0.004375 0.001 0)
(0.0045 0.001 0)
(0.004625 0.001 0)
(0.00475 0.001 0)
(0.004875 0.001 0)
(0.005 0.001 0)
(0.005125 0.001 0)
(0.00525 0.001 0)
(0.005375 0.001 0)
(0.0055 0.001 0)
(0.005625 0.001 0)
(0.00575 0.001 0)
(0.005875 0.001 0)
(0.006 0.001 0)
(0.006125 0.001 0)
(0.00625 0.001 0)
(0.006375 0.001 0)
(0.0065 0.001 0)
(0.006625 0.001 0)
(0.00675 0.001 0)
(0.006875 0.001 0)
(0.007 0.001 0)
(0.007125 0.001 0)
(0.00725 0.001 0)
(0.007375 0.001 0)
(0.0075 0.001 0)
(0.007625 0.001 0)
(0.00775 0.001 0)
(0.007875 0.001 0)
(0.008 0.001 0)
(0.008125 0.001 0)
(0.00825 0.001 0)
(0.008375 0.001 0)
(0.0085 0.001 0)
(0.008625 0.001 0)
(0.00875 0.001 0)
(0.008875 0.001 0)
(0.009 0.001 0)
(0.009125 0.001 0)
(0.00925 0.001 0)
(0.009375 0.001 0)
(0.0095 0.001 0)
(0.009625 0.001 0)
(0.00975 0.001 0)
(0.009875 0.001 0)
(0.01 0.001 0)
(0 0 0.000125)
(0.000125 0 0.000125)
(0.00025 0 0.000125)
(0.000375 0 0.000125)
(0.0005 0 0.000125)
(0.000625 0 0.000125)
(0.00075 0 0.000125)
(0.000875 0 0.000125)
(0.001 0 0.000125)
(0.001125 0 0.000125)
(0.00125 0 0.000125)
(0.001375 0 0.000125)
(0.0015 0 0.000125)
(0.001625 0 0.000125)
(0.00175 0 0.000125)
(0.001875 0 0.000125)
(0.002 0 0.000125)
(0.002125 0 0.000125)
(0.00225 0 0.000125)
(0.002375 0 0.000125)
(0.0025 0 0.000125)
(0.002625 0 0.000125)
(0.00275 0 0.000125)
(0.002875 0 0.000125)
(0.003 0 0.000125)
(0.003125 0 0.000125)
(0.00325 0 0.000125)
(0.003375 0 0.000125)
(0.0035 0 0.000125)
(0.003625 0 0.000125)
(0.00375 0 0.000125)
(0.003875 0 0.000125)
(0.004 0 0.000125)
(0.004125 0 0.000125)
(0.00425 0 0.000125)
(0.004375 0 0.000125)
(0.0045 0 0.000125)
(0.004625 0 0.000125)
(0.00475 0 0.000125)
(0.004875 0 0.000125)
(0.005 0 0.000125)
(0.005125 0 0.000125)
(0.00525 0 0.000125)
(0.005375 0 0.000125)
(0.0055 0 0.000125)
(0.005625 0 0.000125)
(0.00575 0 0.000125)
(0.005875 0 0.000125)
(0.006 0 0.000125)
(0.006125 0 0.000125)
(0.00625 0 0.000125)
(0.006375 0 0.000125)
(0.0065 0 0.000125)
(0.006625 0 0.000125)
(0.00675 0 0.000125)
(0.006875 0 0.000125)
(0.007 0 0.000125)
(0.007125 0 0.000125)
(0.00725 0 0.000125)
(0.007375 0 0.000125)
(0.0075 0 0.000125)
(0.007625 0 0.000125)
(0.00775 0 0.000125)
(0.007875 0 0.000125)
(0.008 0 0.000125)
(0.008125 0 0.000125)
(0.00825 0 0.000125)
(0.008375 0 0.000125)
(0.0085 0 0.000125)
(0.008625 0 0.000125)
(0.00875 0 0.000125)
(0.008875 0 0.000125)
(0.009 0 0.000125)
(0.009125 0 0.000125)
(0.00925 0 0.000125)
(0.009375 0 0.000125)
(0.0095 0 0.000125)
(0.009625 0 0.000125)
(0.00975 0 0.000125)
(0.009875 0 0.000125)
(0.01 0 0.000125)
(0 0.000125 0.000125)
(0.000125 0.000125 0.000125)
(0.00025 0.000125 0.000125)
(0.000375 0.000125 0.000125)
(0.0005 0.000125 0.000125)
(0.000625 0.000125 0.000125)
(0.00075 0.000125 0.000125)
(0.000875 0.000125 0.000125)
(0.001 0.000125 0.000125)
(0.001125 0.000125 0.000125)
(0.00125 0.000125 0.000125)
(0.001375 0.000125 0.000125)
(0.0015 0.000125 0.000125)
(0.001625 0.000125 0.000125)
(0.00175 0.000125 0.000125)
(0.001875 0.000125 0.000125)
(0.002 0.000125 0.000125)
(0.002125 0.000125 0.000125)
(0.00225 0.000125 0.000125)
(0.002375 0.000125 0.000125)
(0.0025 0.000125 0.000125)
(0.002625 0.000125 0.000125)
(0.00275 0.000125 0.000125)
(0.002875 0.000125 0.000125)
(0.003 0.000125 0.000125)
(0.003125 0.000125 0.000125)
(0.00325 0.000125 0.000125)
(0.003375 0.000125 0.000125)
(0.0035 0.000125 0.000125)
(0.003625 0.000125 0.000125)
(0.00375 0.000125 0.000125)
(0.003875 0.000125 0.000125)
(0.004 0.000125 0.000125)
(0.004125 0.000125 0.000125)
(0.00425 0.000125 0.000125)
(0.004375 0.000125 0.000125)
(0.0045 0.000125 0.000125)
(0.004625 0.000125 0.000125)
(0.00475 0.000125 0.000125)
(0.004875 0.000125 0.000125)
(0.005 0.000125 0.000125)
(0.005125 0.000125 0.000125)
(0.00525 0.000125 0.000125)
(0.005375 0.000125 0.000125)
(0.0055 0.000125 0.000125)
(0.005625 0.000125 0.000125)
(0.00575 0.000125 0.000125)
(0.005875 0.000125 0.000125)
(0.006 0.000125 0.000125)
(0.006125 0.000125 0.000125)
(0.00625 0.000125 0.000125)
(0.006375 0.000125 0.000125)
(0.0065 0.000125 0.000125)
(0.006625 0.000125 0.000125)
(0.00675 0.000125 0.000125)
(0.006875 0.000125 0.000125)
(0.007 0.000125 0.000125)
(0.007125 0.000125 0.000125)
(0.00725 0.000125 0.000125)
(0.007375 0.000125 0.000125)
(0.0075 0.000125 0.000125)
(0.007625 0.000125 0.000125)
(0.00775 0.000125 0.000125)
(0.007875 0.000125 0.000125)
(0.008 0.000125 0.000125)
(0.008125 0.000125 0.000125)
(0.00825 0.000125 0.000125)
(0.008375 0.000125 0.000125)
(0.0085 0.000125 0.000125)
(0.008625 0.000125 0.000125)
(0.00875 0.000125 0.000125)
(0.008875 0.000125 0.000125)
(0.009 0.000125 0.000125)
(0.009125 0.000125 0.000125)
(0.00925 0.000125 0.000125)
(0.009375 0.000125 0.000125)
(0.0095 0.000125 0.000125)
(0.009625 0.000125 0.000125)
(0.00975 0.000125 0.000125)
(0.009875 0.000125 0.000125)
(0.01 0.000125 0.000125)
(0 0.00025 0.000125)
(0.000125 0.00025 0.000125)
(0.00025 0.00025 0.000125)
(0.000375 0.00025 0.000125)
(0.0005 0.00025 0.000125)
(0.000625 0.00025 0.000125)
(0.00075 0.00025 0.000125)
(0.000875 0.00025 0.000125)
(0.001 0.00025 0.000125)
(0.001125 0.00025 0.000125)
(0.00125 0.00025 0.000125)
(0.001375 0.00025 0.000125)
(0.0015 0.00025 0.000125)
(0.001625 0.00025 0.000125)
(0.00175 0.00025 0.000125)
(0.001875 0.00025 0.000125)
(0.002 0.00025 0.000125)
(0.002125 0.00025 0.000125)
(0.00225 0.00025 0.000125)
(0.002375 0.00025 0.000125)
(0.0025 0.00025 0.000125)
(0.002625 0.00025 0.000125)
(0.00275 0.00025 0.000125)
(0.002875 0.00025 0.000125)
(0.003 0.00025 0.000125)
(0.003125 0.00025 0.000125)
(0.00325 0.00025 0.000125)
(0.003375 0.00025 0.000125)
(0.0035 0.00025 0.000125)
(0.003625 0.00025 0.000125)
(0.00375 0.00025 0.000125)
(0.003875 0.00025 0.000125)
(0.004 0.00025 0.000125)
(0.004125 0.00025 0.000125)
(0.00425 0.00025 0.000125)
(0.004375 0.00025 0.000125)
(0.0045 0.00025 0.000125)
(0.004625 0.00025 0.000125)
(0.00475 0.00025 0.000125)
(0.004875 0.00025 0.000125)
(0.005 0.00025 0.000125)
(0.005125 0.00025 0.000125)
(0.00525 0.00025 0.000125)
(0.005375 0.00025 0.000125)
(0.0055 0.00025 0.000125)
(0.005625 0.00025 0.000125)
(0.00575 0.00025 0.000125)
(0.005875 0.00025 0.000125)
(0.006 0.00025 0.000125)
(0.006125 0.00025 0.000125)
(0.00625 0.00025 0.000125)
(0.006375 0.00025 0.000125)
(0.0065 0.00025 0.000125)
(0.006625 0.00025 0.000125)
(0.00675 0.00025 0.000125)
(0.006875 0.00025 0.000125)
(0.007 0.00025 0.000125)
(0.007125 0.00025 0.000125)
(0.00725 0.00025 0.000125)
(0.007375 0.00025 0.000125)
(0.0075 0.00025 0.000125)
(0.007625 0.00025 0.000125)
(0.00775 0.00025 0.000125)
(0.007875 0.00025 0.000125)
(0.008 0.00025 0.000125)
(0.008125 0.00025 0.000125)
(0.00825 0.00025 0.000125)
(0.008375 0.00025 0.000125)
(0.0085 0.00025 0.000125)
(0.008625 0.00025 0.000125)
(0.00875 0.00025 0.000125)
(0.008875 0.00025 0.000125)
(0.009 0.00025 0.000125)
(0.009125 0.00025 0.000125)
(0.00925 0.00025 0.000125)
(0.009375 0.00025 0.000125)
(0.0095 0.00025 0.000125)
(0.009625 0.00025 0.000125)
(0.00975 0.00025 0.000125)
(0.009875 0.00025 0.000125)
(0.01 0.00025 0.000125)
(0 0.000375 0.000125)
(0.000125 0.000375 0.000125)
(0.00025 0.000375 0.000125)
(0.000375 0.000375 0.000125)
(0.0005 0.000375 0.000125)
(0.000625 0.000375 0.000125)
(0.00075 0.000375 0.000125)
(0.000875 0.000375 0.000125)
(0.001 0.000375 0.000125)
(0.001125 0.000375 0.000125)
(0.00125 0.000375 0.000125)
(0.001375 0.000375 0.000125)
(0.0015 0.000375 0.000125)
(0.001625 0.000375 0.000125)
(0.00175 0.000375 0.000125)
(0.001875 0.000375 0.000125)
(0.002 0.000375 0.000125)
(0.002125 0.000375 0.000125)
(0.00225 0.000375 0.000125)
(0.002375 0.000375 0.000125)
(0.0025 0.000375 0.000125)
(0.002625 0.000375 0.000125)
(0.00275 0.000375 0.000125)
(0.002875 0.000375 0.000125)
(0.003 0.000375 0.000125)
(0.003125 0.000375 0.000125)
(0.00325 0.000375 0.000125)
(0.003375 0.000375 0.000125)
(0.0035 0.000375 0.000125)
(0.003625 0.000375 0.000125)
(0.00375 0.000375 0.000125)
(0.003875 0.000375 0.000125)
(0.004 0.000375 0.000125)
(0.004125 0.000375 0.000125)
(0.00425 0.000375 0.000125)
(0.004375 0.000375 0.000125)
(0.0045 0.000375 0.000125)
(0.004625 0.000375 0.000125)
(0.00475 0.000375 0.000125)
(0.004875 0.000375 0.000125)
(0.005 0.000375 0.000125)
(0.005125 0.000375 0.000125)
(0.00525 0.000375 0.000125)
(0.005375 0.000375 0.000125)
(0.0055 0.000375 0.000125)
(0.005625 0.000375 0.000125)
(0.00575 0.000375 0.000125)
(0.005875 0.000375 0.000125)
(0.006 0.000375 0.000125)
(0.006125 0.000375 0.000125)
(0.00625 0.000375 0.000125)
(0.006375 0.000375 0.000125)
(0.0065 0.000375 0.000125)
(0.006625 0.000375 0.000125)
(0.00675 0.000375 0.000125)
(0.006875 0.000375 0.000125)
(0.007 0.000375 0.000125)
(0.007125 0.000375 0.000125)
(0.00725 0.000375 0.000125)
(0.007375 0.000375 0.000125)
(0.0075 0.000375 0.000125)
(0.007625 0.000375 0.000125)
(0.00775 0.000375 0.000125)
(0.007875 0.000375 0.000125)
(0.008 0.000375 0.000125)
(0.008125 0.000375 0.000125)
(0.00825 0.000375 0.000125)
(0.008375 0.000375 0.000125)
(0.0085 0.000375 0.000125)
(0.008625 0.000375 0.000125)
(0.00875 0.000375 0.000125)
(0.008875 0.000375 0.000125)
(0.009 0.000375 0.000125)
(0.009125 0.000375 0.000125)
(0.00925 0.000375 0.000125)
(0.009375 0.000375 0.000125)
(0.0095 0.000375 0.000125)
(0.009625 0.000375 0.000125)
(0.00975 0.000375 0.000125)
(0.009875 0.000375 0.000125)
(0.01 0.000375 0.000125)
(0 0.0005 0.000125)
(0.000125 0.0005 0.000125)
(0.00025 0.0005 0.000125)
(0.000375 0.0005 0.000125)
(0.0005 0.0005 0.000125)
(0.000625 0.0005 0.000125)
(0.00075 0.0005 0.000125)
(0.000875 0.0005 0.000125)
(0.001 0.0005 0.000125)
(0.001125 0.0005 0.000125)
(0.00125 0.0005 0.000125)
(0.001375 0.0005 0.000125)
(0.0015 0.0005 0.000125)
(0.001625 0.0005 0.000125)
(0.00175 0.0005 0.000125)
(0.001875 0.0005 0.000125)
(0.002 0.0005 0.000125)
(0.002125 0.0005 0.000125)
(0.00225 0.0005 0.000125)
(0.002375 0.0005 0.000125)
(0.0025 0.0005 0.000125)
(0.002625 0.0005 0.000125)
(0.00275 0.0005 0.000125)
(0.002875 0.0005 0.000125)
(0.003 0.0005 0.000125)
(0.003125 0.0005 0.000125)
(0.00325 0.0005 0.000125)
(0.003375 0.0005 0.000125)
(0.0035 0.0005 0.000125)
(0.003625 0.0005 0.000125)
(0.00375 0.0005 0.000125)
(0.003875 0.0005 0.000125)
(0.004 0.0005 0.000125)
(0.004125 0.0005 0.000125)
(0.00425 0.0005 0.000125)
(0.004375 0.0005 0.000125)
(0.0045 0.0005 0.000125)
(0.004625 0.0005 0.000125)
(0.00475 0.0005 0.000125)
(0.004875 0.0005 0.000125)
(0.005 0.0005 0.000125)
(0.005125 0.0005 0.000125)
(0.00525 0.0005 0.000125)
(0.005375 0.0005 0.000125)
(0.0055 0.0005 0.000125)
(0.005625 0.0005 0.000125)
(0.00575 0.0005 0.000125)
(0.005875 0.0005 0.000125)
(0.006 0.0005 0.000125)
(0.006125 0.0005 0.000125)
(0.00625 0.0005 0.000125)
(0.006375 0.0005 0.000125)
(0.0065 0.0005 0.000125)
(0.006625 0.0005 0.000125)
(0.00675 0.0005 0.000125)
(0.006875 0.0005 0.000125)
(0.007 0.0005 0.000125)
(0.007125 0.0005 0.000125)
(0.00725 0.0005 0.000125)
(0.007375 0.0005 0.000125)
(0.0075 0.0005 0.000125)
(0.007625 0.0005 0.000125)
(0.00775 0.0005 0.000125)
(0.007875 0.0005 0.000125)
(0.008 0.0005 0.000125)
(0.008125 0.0005 0.000125)
(0.00825 0.0005 0.000125)
(0.008375 0.0005 0.000125)
(0.0085 0.0005 0.000125)
(0.008625 0.0005 0.000125)
(0.00875 0.0005 0.000125)
(0.008875 0.0005 0.000125)
(0.009 0.0005 0.000125)
(0.009125 0.0005 0.000125)
(0.00925 0.0005 0.000125)
(0.009375 0.0005 0.000125)
(0.0095 0.0005 0.000125)
(0.009625 0.0005 0.000125)
(0.00975 0.0005 0.000125)
(0.009875 0.0005 0.000125)
(0.01 0.0005 0.000125)
(0 0.000625 0.000125)
(0.000125 0.000625 0.000125)
(0.00025 0.000625 0.000125)
(0.000375 0.000625 0.000125)
(0.0005 0.000625 0.000125)
(0.000625 0.000625 0.000125)
(0.00075 0.000625 0.000125)
(0.000875 0.000625 0.000125)
(0.001 0.000625 0.000125)
(0.001125 0.000625 0.000125)
(0.00125 0.000625 0.000125)
(0.001375 0.000625 0.000125)
(0.0015 0.000625 0.000125)
(0.001625 0.000625 0.000125)
(0.00175 0.000625 0.000125)
(0.001875 0.000625 0.000125)
(0.002 0.000625 0.000125)
(0.002125 0.000625 0.000125)
(0.00225 0.000625 0.000125)
(0.002375 0.000625 0.000125)
(0.0025 0.000625 0.000125)
(0.002625 0.000625 0.000125)
(0.00275 0.000625 0.000125)
(0.002875 0.000625 0.000125)
(0.003 0.000625 0.000125)
(0.003125 0.000625 0.000125)
(0.00325 0.000625 0.000125)
(0.003375 0.000625 0.000125)
(0.0035 0.000625 0.000125)
(0.003625 0.000625 0.000125)
(0.00375 0.000625 0.000125)
(0.003875 0.000625 0.000125)
(0.004 0.000625 0.000125)
(0.004125 0.000625 0.000125)
(0.00425 0.000625 0.000125)
(0.004375 0.000625 0.000125)
(0.0045 0.000625 0.000125)
(0.004625 0.000625 0.000125)
(0.00475 0.000625 0.000125)
(0.004875 0.000625 0.000125)
(0.005 0.000625 0.000125)
(0.005125 0.000625 0.000125)
(0.00525 0.000625 0.000125)
(0.005375 0.000625 0.000125)
(0.0055 0.000625 0.000125)
(0.005625 0.000625 0.000125)
(0.00575 0.000625 0.000125)
(0.005875 0.000625 0.000125)
(0.006 0.000625 0.000125)
(0.006125 0.000625 0.000125)
(0.00625 0.000625 0.000125)
(0.006375 0.000625 0.000125)
(0.0065 0.000625 0.000125)
(0.006625 0.000625 0.000125)
(0.00675 0.000625 0.000125)
(0.006875 0.000625 0.000125)
(0.007 0.000625 0.000125)
(0.007125 0.000625 0.000125)
(0.00725 0.000625 0.000125)
(0.007375 0.000625 0.000125)
(0.0075 0.000625 0.000125)
(0.007625 0.000625 0.000125)
(0.00775 0.000625 0.000125)
(0.007875 0.000625 0.000125)
(0.008 0.000625 0.000125)
(0.008125 0.000625 0.000125)
(0.00825 0.000625 0.000125)
(0.008375 0.000625 0.000125)
(0.0085 0.000625 0.000125)
(0.008625 0.000625 0.000125)
(0.00875 0.000625 0.000125)
(0.008875 0.000625 0.000125)
(0.009 0.000625 0.000125)
(0.009125 0.000625 0.000125)
(0.00925 0.000625 0.000125)
(0.009375 0.000625 0.000125)
(0.0095 0.000625 0.000125)
(0.009625 0.000625 0.000125)
(0.00975 0.000625 0.000125)
(0.009875 0.000625 0.000125)
(0.01 0.000625 0.000125)
(0 0.00075 0.000125)
(0.000125 0.00075 0.000125)
(0.00025 0.00075 0.000125)
(0.000375 0.00075 0.000125)
(0.0005 0.00075 0.000125)
(0.000625 0.00075 0.000125)
(0.00075 0.00075 0.000125)
(0.000875 0.00075 0.000125)
(0.001 0.00075 0.000125)
(0.001125 0.00075 0.000125)
(0.00125 0.00075 0.000125)
(0.001375 0.00075 0.000125)
(0.0015 0.00075 0.000125)
(0.001625 0.00075 0.000125)
(0.00175 0.00075 0.000125)
(0.001875 0.00075 0.000125)
(0.002 0.00075 0.000125)
(0.002125 0.00075 0.000125)
(0.00225 0.00075 0.000125)
(0.002375 0.00075 0.000125)
(0.0025 0.00075 0.000125)
(0.002625 0.00075 0.000125)
(0.00275 0.00075 0.000125)
(0.002875 0.00075 0.000125)
(0.003 0.00075 0.000125)
(0.003125 0.00075 0.000125)
(0.00325 0.00075 0.000125)
(0.003375 0.00075 0.000125)
(0.0035 0.00075 0.000125)
(0.003625 0.00075 0.000125)
(0.00375 0.00075 0.000125)
(0.003875 0.00075 0.000125)
(0.004 0.00075 0.000125)
(0.004125 0.00075 0.000125)
(0.00425 0.00075 0.000125)
(0.004375 0.00075 0.000125)
(0.0045 0.00075 0.000125)
(0.004625 0.00075 0.000125)
(0.00475 0.00075 0.000125)
(0.004875 0.00075 0.000125)
(0.005 0.00075 0.000125)
(0.005125 0.00075 0.000125)
(0.00525 0.00075 0.000125)
(0.005375 0.00075 0.000125)
(0.0055 0.00075 0.000125)
(0.005625 0.00075 0.000125)
(0.00575 0.00075 0.000125)
(0.005875 0.00075 0.000125)
(0.006 0.00075 0.000125)
(0.006125 0.00075 0.000125)
(0.00625 0.00075 0.000125)
(0.006375 0.00075 0.000125)
(0.0065 0.00075 0.000125)
(0.006625 0.00075 0.000125)
(0.00675 0.00075 0.000125)
(0.006875 0.00075 0.000125)
(0.007 0.00075 0.000125)
(0.007125 0.00075 0.000125)
(0.00725 0.00075 0.000125)
(0.007375 0.00075 0.000125)
(0.0075 0.00075 0.000125)
(0.007625 0.00075 0.000125)
(0.00775 0.00075 0.000125)
(0.007875 0.00075 0.000125)
(0.008 0.00075 0.000125)
(0.008125 0.00075 0.000125)
(0.00825 0.00075 0.000125)
(0.008375 0.00075 0.000125)
(0.0085 0.00075 0.000125)
(0.008625 0.00075 0.000125)
(0.00875 0.00075 0.000125)
(0.008875 0.00075 0.000125)
(0.009 0.00075 0.000125)
(0.009125 0.00075 0.000125)
(0.00925 0.00075 0.000125)
(0.009375 0.00075 0.000125)
(0.0095 0.00075 0.000125)
(0.009625 0.00075 0.000125)
(0.00975 0.00075 0.000125)
(0.009875 0.00075 0.000125)
(0.01 0.00075 0.000125)
(0 0.000875 0.000125)
(0.000125 0.000875 0.000125)
(0.00025 0.000875 0.000125)
(0.000375 0.000875 0.000125)
(0.0005 0.000875 0.000125)
(0.000625 0.000875 0.000125)
(0.00075 0.000875 0.000125)
(0.000875 0.000875 0.000125)
(0.001 0.000875 0.000125)
(0.001125 0.000875 0.000125)
(0.00125 0.000875 0.000125)
(0.001375 0.000875 0.000125)
(0.0015 0.000875 0.000125)
(0.001625 0.000875 0.000125)
(0.00175 0.000875 0.000125)
(0.001875 0.000875 0.000125)
(0.002 0.000875 0.000125)
(0.002125 0.000875 0.000125)
(0.00225 0.000875 0.000125)
(0.002375 0.000875 0.000125)
(0.0025 0.000875 0.000125)
(0.002625 0.000875 0.000125)
(0.00275 0.000875 0.000125)
(0.002875 0.000875 0.000125)
(0.003 0.000875 0.000125)
(0.003125 0.000875 0.000125)
(0.00325 0.000875 0.000125)
(0.003375 0.000875 0.000125)
(0.0035 0.000875 0.000125)
(0.003625 0.000875 0.000125)
(0.00375 0.000875 0.000125)
(0.003875 0.000875 0.000125)
(0.004 0.000875 0.000125)
(0.004125 0.000875 0.000125)
(0.00425 0.000875 0.000125)
(0.004375 0.000875 0.000125)
(0.0045 0.000875 0.000125)
(0.004625 0.000875 0.000125)
(0.00475 0.000875 0.000125)
(0.004875 0.000875 0.000125)
(0.005 0.000875 0.000125)
(0.005125 0.000875 0.000125)
(0.00525 0.000875 0.000125)
(0.005375 0.000875 0.000125)
(0.0055 0.000875 0.000125)
(0.005625 0.000875 0.000125)
(0.00575 0.000875 0.000125)
(0.005875 0.000875 0.000125)
(0.006 0.000875 0.000125)
(0.006125 0.000875 0.000125)
(0.00625 0.000875 0.000125)
(0.006375 0.000875 0.000125)
(0.0065 0.000875 0.000125)
(0.006625 0.000875 0.000125)
(0.00675 0.000875 0.000125)
(0.006875 0.000875 0.000125)
(0.007 0.000875 0.000125)
(0.007125 0.000875 0.000125)
(0.00725 0.000875 0.000125)
(0.007375 0.000875 0.000125)
(0.0075 0.000875 0.000125)
(0.007625 0.000875 0.000125)
(0.00775 0.000875 0.000125)
(0.007875 0.000875 0.000125)
(0.008 0.000875 0.000125)
(0.008125 0.000875 0.000125)
(0.00825 0.000875 0.000125)
(0.008375 0.000875 0.000125)
(0.0085 0.000875 0.000125)
(0.008625 0.000875 0.000125)
(0.00875 0.000875 0.000125)
(0.008875 0.000875 0.000125)
(0.009 0.000875 0.000125)
(0.009125 0.000875 0.000125)
(0.00925 0.000875 0.000125)
(0.009375 0.000875 0.000125)
(0.0095 0.000875 0.000125)
(0.009625 0.000875 0.000125)
(0.00975 0.000875 0.000125)
(0.009875 0.000875 0.000125)
(0.01 0.000875 0.000125)
(0 0.001 0.000125)
(0.000125 0.001 0.000125)
(0.00025 0.001 0.000125)
(0.000375 0.001 0.000125)
(0.0005 0.001 0.000125)
(0.000625 0.001 0.000125)
(0.00075 0.001 0.000125)
(0.000875 0.001 0.000125)
(0.001 0.001 0.000125)
(0.001125 0.001 0.000125)
(0.00125 0.001 0.000125)
(0.001375 0.001 0.000125)
(0.0015 0.001 0.000125)
(0.001625 0.001 0.000125)
(0.00175 0.001 0.000125)
(0.001875 0.001 0.000125)
(0.002 0.001 0.000125)
(0.002125 0.001 0.000125)
(0.00225 0.001 0.000125)
(0.002375 0.001 0.000125)
(0.0025 0.001 0.000125)
(0.002625 0.001 0.000125)
(0.00275 0.001 0.000125)
(0.002875 0.001 0.000125)
(0.003 0.001 0.000125)
(0.003125 0.001 0.000125)
(0.00325 0.001 0.000125)
(0.003375 0.001 0.000125)
(0.0035 0.001 0.000125)
(0.003625 0.001 0.000125)
(0.00375 0.001 0.000125)
(0.003875 0.001 0.000125)
(0.004 0.001 0.000125)
(0.004125 0.001 0.000125)
(0.00425 0.001 0.000125)
(0.004375 0.001 0.000125)
(0.0045 0.001 0.000125)
(0.004625 0.001 0.000125)
(0.00475 0.001 0.000125)
(0.004875 0.001 0.000125)
(0.005 0.001 0.000125)
(0.005125 0.001 0.000125)
(0.00525 0.001 0.000125)
(0.005375 0.001 0.000125)
(0.0055 0.001 0.000125)
(0.005625 0.001 0.000125)
(0.00575 0.001 0.000125)
(0.005875 0.001 0.000125)
(0.006 0.001 0.000125)
(0.006125 0.001 0.000125)
(0.00625 0.001 0.000125)
(0.006375 0.001 0.000125)
(0.0065 0.001 0.000125)
(0.006625 0.001 0.000125)
(0.00675 0.001 0.000125)
(0.006875 0.001 0.000125)
(0.007 0.001 0.000125)
(0.007125 0.001 0.000125)
(0.00725 0.001 0.000125)
(0.007375 0.001 0.000125)
(0.0075 0.001 0.000125)
(0.007625 0.001 0.000125)
(0.00775 0.001 0.000125)
(0.007875 0.001 0.000125)
(0.008 0.001 0.000125)
(0.008125 0.001 0.000125)
(0.00825 0.001 0.000125)
(0.008375 0.001 0.000125)
(0.0085 0.001 0.000125)
(0.008625 0.001 0.000125)
(0.00875 0.001 0.000125)
(0.008875 0.001 0.000125)
(0.009 0.001 0.000125)
(0.009125 0.001 0.000125)
(0.00925 0.001 0.000125)
(0.009375 0.001 0.000125)
(0.0095 0.001 0.000125)
(0.009625 0.001 0.000125)
(0.00975 0.001 0.000125)
(0.009875 0.001 0.000125)
(0.01 0.001 0.000125)
(0 0 0.00025)
(0.000125 0 0.00025)
(0.00025 0 0.00025)
(0.000375 0 0.00025)
(0.0005 0 0.00025)
(0.000625 0 0.00025)
(0.00075 0 0.00025)
(0.000875 0 0.00025)
(0.001 0 0.00025)
(0.001125 0 0.00025)
(0.00125 0 0.00025)
(0.001375 0 0.00025)
(0.0015 0 0.00025)
(0.001625 0 0.00025)
(0.00175 0 0.00025)
(0.001875 0 0.00025)
(0.002 0 0.00025)
(0.002125 0 0.00025)
(0.00225 0 0.00025)
(0.002375 0 0.00025)
(0.0025 0 0.00025)
(0.002625 0 0.00025)
(0.00275 0 0.00025)
(0.002875 0 0.00025)
(0.003 0 0.00025)
(0.003125 0 0.00025)
(0.00325 0 0.00025)
(0.003375 0 0.00025)
(0.0035 0 0.00025)
(0.003625 0 0.00025)
(0.00375 0 0.00025)
(0.003875 0 0.00025)
(0.004 0 0.00025)
(0.004125 0 0.00025)
(0.00425 0 0.00025)
(0.004375 0 0.00025)
(0.0045 0 0.00025)
(0.004625 0 0.00025)
(0.00475 0 0.00025)
(0.004875 0 0.00025)
(0.005 0 0.00025)
(0.005125 0 0.00025)
(0.00525 0 0.00025)
(0.005375 0 0.00025)
(0.0055 0 0.00025)
(0.005625 0 0.00025)
(0.00575 0 0.00025)
(0.005875 0 0.00025)
(0.006 0 0.00025)
(0.006125 0 0.00025)
(0.00625 0 0.00025)
(0.006375 0 0.00025)
(0.0065 0 0.00025)
(0.006625 0 0.00025)
(0.00675 0 0.00025)
(0.006875 0 0.00025)
(0.007 0 0.00025)
(0.007125 0 0.00025)
(0.00725 0 0.00025)
(0.007375 0 0.00025)
(0.0075 0 0.00025)
(0.007625 0 0.00025)
(0.00775 0 0.00025)
(0.007875 0 0.00025)
(0.008 0 0.00025)
(0.008125 0 0.00025)
(0.00825 0 0.00025)
(0.008375 0 0.00025)
(0.0085 0 0.00025)
(0.008625 0 0.00025)
(0.00875 0 0.00025)
(0.008875 0 0.00025)
(0.009 0 0.00025)
(0.009125 0 0.00025)
(0.00925 0 0.00025)
(0.009375 0 0.00025)
(0.0095 0 0.00025)
(0.009625 0 0.00025)
(0.00975 0 0.00025)
(0.009875 0 0.00025)
(0.01 0 0.00025)
(0 0.000125 0.00025)
(0.000125 0.000125 0.00025)
(0.00025 0.000125 0.00025)
(0.000375 0.000125 0.00025)
(0.0005 0.000125 0.00025)
(0.000625 0.000125 0.00025)
(0.00075 0.000125 0.00025)
(0.000875 0.000125 0.00025)
(0.001 0.000125 0.00025)
(0.001125 0.000125 0.00025)
(0.00125 0.000125 0.00025)
(0.001375 0.000125 0.00025)
(0.0015 0.000125 0.00025)
(0.001625 0.000125 0.00025)
(0.00175 0.000125 0.00025)
(0.001875 0.000125 0.00025)
(0.002 0.000125 0.00025)
(0.002125 0.000125 0.00025)
(0.00225 0.000125 0.00025)
(0.002375 0.000125 0.00025)
(0.0025 0.000125 0.00025)
(0.002625 0.000125 0.00025)
(0.00275 0.000125 0.00025)
(0.002875 0.000125 0.00025)
(0.003 0.000125 0.00025)
(0.003125 0.000125 0.00025)
(0.00325 0.000125 0.00025)
(0.003375 0.000125 0.00025)
(0.0035 0.000125 0.00025)
(0.003625 0.000125 0.00025)
(0.00375 0.000125 0.00025)
(0.003875 0.000125 0.00025)
(0.004 0.000125 0.00025)
(0.004125 0.000125 0.00025)
(0.00425 0.000125 0.00025)
(0.004375 0.000125 0.00025)
(0.0045 0.000125 0.00025)
(0.004625 0.000125 0.00025)
(0.00475 0.000125 0.00025)
(0.004875 0.000125 0.00025)
(0.005 0.000125 0.00025)
(0.005125 0.000125 0.00025)
(0.00525 0.000125 0.00025)
(0.005375 0.000125 0.00025)
(0.0055 0.000125 0.00025)
(0.005625 0.000125 0.00025)
(0.00575 0.000125 0.00025)
(0.005875 0.000125 0.00025)
(0.006 0.000125 0.00025)
(0.006125 0.000125 0.00025)
(0.00625 0.000125 0.00025)
(0.006375 0.000125 0.00025)
(0.0065 0.000125 0.00025)
(0.006625 0.000125 0.00025)
(0.00675 0.000125 0.00025)
(0.006875 0.000125 0.00025)
(0.007 0.000125 0.00025)
(0.007125 0.000125 0.00025)
(0.00725 0.000125 0.00025)
(0.007375 0.000125 0.00025)
(0.0075 0.000125 0.00025)
(0.007625 0.000125 0.00025)
(0.00775 0.000125 0.00025)
(0.007875 0.000125 0.00025)
(0.008 0.000125 0.00025)
(0.008125 0.000125 0.00025)
(0.00825 0.000125 0.00025)
(0.008375 0.000125 0.00025)
(0.0085 0.000125 0.00025)
(0.008625 0.000125 0.00025)
(0.00875 0.000125 0.00025)
(0.008875 0.000125 0.00025)
(0.009 0.000125 0.00025)
(0.009125 0.000125 0.00025)
(0.00925 0.000125 0.00025)
(0.009375 0.000125 0.00025)
(0.0095 0.000125 0.00025)
(0.009625 0.000125 0.00025)
(0.00975 0.000125 0.00025)
(0.009875 0.000125 0.00025)
(0.01 0.000125 0.00025)
(0 0.00025 0.00025)
(0.000125 0.00025 0.00025)
(0.00025 0.00025 0.00025)
(0.000375 0.00025 0.00025)
(0.0005 0.00025 0.00025)
(0.000625 0.00025 0.00025)
(0.00075 0.00025 0.00025)
(0.000875 0.00025 0.00025)
(0.001 0.00025 0.00025)
(0.001125 0.00025 0.00025)
(0.00125 0.00025 0.00025)
(0.001375 0.00025 0.00025)
(0.0015 0.00025 0.00025)
(0.001625 0.00025 0.00025)
(0.00175 0.00025 0.00025)
(0.001875 0.00025 0.00025)
(0.002 0.00025 0.00025)
(0.002125 0.00025 0.00025)
(0.00225 0.00025 0.00025)
(0.002375 0.00025 0.00025)
(0.0025 0.00025 0.00025)
(0.002625 0.00025 0.00025)
(0.00275 0.00025 0.00025)
(0.002875 0.00025 0.00025)
(0.003 0.00025 0.00025)
(0.003125 0.00025 0.00025)
(0.00325 0.00025 0.00025)
(0.003375 0.00025 0.00025)
(0.0035 0.00025 0.00025)
(0.003625 0.00025 0.00025)
(0.00375 0.00025 0.00025)
(0.003875 0.00025 0.00025)
(0.004 0.00025 0.00025)
(0.004125 0.00025 0.00025)
(0.00425 0.00025 0.00025)
(0.004375 0.00025 0.00025)
(0.0045 0.00025 0.00025)
(0.004625 0.00025 0.00025)
(0.00475 0.00025 0.00025)
(0.004875 0.00025 0.00025)
(0.005 0.00025 0.00025)
(0.005125 0.00025 0.00025)
(0.00525 0.00025 0.00025)
(0.005375 0.00025 0.00025)
(0.0055 0.00025 0.00025)
(0.005625 0.00025 0.00025)
(0.00575 0.00025 0.00025)
(0.005875 0.00025 0.00025)
(0.006 0.00025 0.00025)
(0.006125 0.00025 0.00025)
(0.00625 0.00025 0.00025)
(0.006375 0.00025 0.00025)
(0.0065 0.00025 0.00025)
(0.006625 0.00025 0.00025)
(0.00675 0.00025 0.00025)
(0.006875 0.00025 0.00025)
(0.007 0.00025 0.00025)
(0.007125 0.00025 0.00025)
(0.00725 0.00025 0.00025)
(0.007375 0.00025 0.00025)
(0.0075 0.00025 0.00025)
(0.007625 0.00025 0.00025)
(0.00775 0.00025 0.00025)
(0.007875 0.00025 0.00025)
(0.008 0.00025 0.00025)
(0.008125 0.00025 0.00025)
(0.00825 0.00025 0.00025)
(0.008375 0.00025 0.00025)
(0.0085 0.00025 0.00025)
(0.008625 0.00025 0.00025)
(0.00875 0.00025 0.00025)
(0.008875 0.00025 0.00025)
(0.009 0.00025 0.00025)
(0.009125 0.00025 0.00025)
(0.00925 0.00025 0.00025)
(0.009375 0.00025 0.00025)
(0.0095 0.00025 0.00025)
(0.009625 0.00025 0.00025)
(0.00975 0.00025 0.00025)
(0.009875 0.00025 0.00025)
(0.01 0.00025 0.00025)
(0 0.000375 0.00025)
(0.000125 0.000375 0.00025)
(0.00025 0.000375 0.00025)
(0.000375 0.000375 0.00025)
(0.0005 0.000375 0.00025)
(0.000625 0.000375 0.00025)
(0.00075 0.000375 0.00025)
(0.000875 0.000375 0.00025)
(0.001 0.000375 0.00025)
(0.001125 0.000375 0.00025)
(0.00125 0.000375 0.00025)
(0.001375 0.000375 0.00025)
(0.0015 0.000375 0.00025)
(0.001625 0.000375 0.00025)
(0.00175 0.000375 0.00025)
(0.001875 0.000375 0.00025)
(0.002 0.000375 0.00025)
(0.002125 0.000375 0.00025)
(0.00225 0.000375 0.00025)
(0.002375 0.000375 0.00025)
(0.0025 0.000375 0.00025)
(0.002625 0.000375 0.00025)
(0.00275 0.000375 0.00025)
(0.002875 0.000375 0.00025)
(0.003 0.000375 0.00025)
(0.003125 0.000375 0.00025)
(0.00325 0.000375 0.00025)
(0.003375 0.000375 0.00025)
(0.0035 0.000375 0.00025)
(0.003625 0.000375 0.00025)
(0.00375 0.000375 0.00025)
(0.003875 0.000375 0.00025)
(0.004 0.000375 0.00025)
(0.004125 0.000375 0.00025)
(0.00425 0.000375 0.00025)
(0.004375 0.000375 0.00025)
(0.0045 0.000375 0.00025)
(0.004625 0.000375 0.00025)
(0.00475 0.000375 0.00025)
(0.004875 0.000375 0.00025)
(0.005 0.000375 0.00025)
(0.005125 0.000375 0.00025)
(0.00525 0.000375 0.00025)
(0.005375 0.000375 0.00025)
(0.0055 0.000375 0.00025)
(0.005625 0.000375 0.00025)
(0.00575 0.000375 0.00025)
(0.005875 0.000375 0.00025)
(0.006 0.000375 0.00025)
(0.006125 0.000375 0.00025)
(0.00625 0.000375 0.00025)
(0.006375 0.000375 0.00025)
(0.0065 0.000375 0.00025)
(0.006625 0.000375 0.00025)
(0.00675 0.000375 0.00025)
(0.006875 0.000375 0.00025)
(0.007 0.000375 0.00025)
(0.007125 0.000375 0.00025)
(0.00725 0.000375 0.00025)
(0.007375 0.000375 0.00025)
(0.0075 0.000375 0.00025)
(0.007625 0.000375 0.00025)
(0.00775 0.000375 0.00025)
(0.007875 0.000375 0.00025)
(0.008 0.000375 0.00025)
(0.008125 0.000375 0.00025)
(0.00825 0.000375 0.00025)
(0.008375 0.000375 0.00025)
(0.0085 0.000375 0.00025)
(0.008625 0.000375 0.00025)
(0.00875 0.000375 0.00025)
(0.008875 0.000375 0.00025)
(0.009 0.000375 0.00025)
(0.009125 0.000375 0.00025)
(0.00925 0.000375 0.00025)
(0.009375 0.000375 0.00025)
(0.0095 0.000375 0.00025)
(0.009625 0.000375 0.00025)
(0.00975 0.000375 0.00025)
(0.009875 0.000375 0.00025)
(0.01 0.000375 0.00025)
(0 0.0005 0.00025)
(0.000125 0.0005 0.00025)
(0.00025 0.0005 0.00025)
(0.000375 0.0005 0.00025)
(0.0005 0.0005 0.00025)
(0.000625 0.0005 0.00025)
(0.00075 0.0005 0.00025)
(0.000875 0.0005 0.00025)
(0.001 0.0005 0.00025)
(0.001125 0.0005 0.00025)
(0.00125 0.0005 0.00025)
(0.001375 0.0005 0.00025)
(0.0015 0.0005 0.00025)
(0.001625 0.0005 0.00025)
(0.00175 0.0005 0.00025)
(0.001875 0.0005 0.00025)
(0.002 0.0005 0.00025)
(0.002125 0.0005 0.00025)
(0.00225 0.0005 0.00025)
(0.002375 0.0005 0.00025)
(0.0025 0.0005 0.00025)
(0.002625 0.0005 0.00025)
(0.00275 0.0005 0.00025)
(0.002875 0.0005 0.00025)
(0.003 0.0005 0.00025)
(0.003125 0.0005 0.00025)
(0.00325 0.0005 0.00025)
(0.003375 0.0005 0.00025)
(0.0035 0.0005 0.00025)
(0.003625 0.0005 0.00025)
(0.00375 0.0005 0.00025)
(0.003875 0.0005 0.00025)
(0.004 0.0005 0.00025)
(0.004125 0.0005 0.00025)
(0.00425 0.0005 0.00025)
(0.004375 0.0005 0.00025)
(0.0045 0.0005 0.00025)
(0.004625 0.0005 0.00025)
(0.00475 0.0005 0.00025)
(0.004875 0.0005 0.00025)
(0.005 0.0005 0.00025)
(0.005125 0.0005 0.00025)
(0.00525 0.0005 0.00025)
(0.005375 0.0005 0.00025)
(0.0055 0.0005 0.00025)
(0.005625 0.0005 0.00025)
(0.00575 0.0005 0.00025)
(0.005875 0.0005 0.00025)
(0.006 0.0005 0.00025)
(0.006125 0.0005 0.00025)
(0.00625 0.0005 0.00025)
(0.006375 0.0005 0.00025)
(0.0065 0.0005 0.00025)
(0.006625 0.0005 0.00025)
(0.00675 0.0005 0.00025)
(0.006875 0.0005 0.00025)
(0.007 0.0005 0.00025)
(0.007125 0.0005 0.00025)
(0.00725 0.0005 0.00025)
(0.007375 0.0005 0.00025)
(0.0075 0.0005 0.00025)
(0.007625 0.0005 0.00025)
(0.00775 0.0005 0.00025)
(0.007875 0.0005 0.00025)
(0.008 0.0005 0.00025)
(0.008125 0.0005 0.00025)
(0.00825 0.0005 0.00025)
(0.008375 0.0005 0.00025)
(0.0085 0.0005 0.00025)
(0.008625 0.0005 0.00025)
(0.00875 0.0005 0.00025)
(0.008875 0.0005 0.00025)
(0.009 0.0005 0.00025)
(0.009125 0.0005 0.00025)
(0.00925 0.0005 0.00025)
(0.009375 0.0005 0.00025)
(0.0095 0.0005 0.00025)
(0.009625 0.0005 0.00025)
(0.00975 0.0005 0.00025)
(0.009875 0.0005 0.00025)
(0.01 0.0005 0.00025)
(0 0.000625 0.00025)
(0.000125 0.000625 0.00025)
(0.00025 0.000625 0.00025)
(0.000375 0.000625 0.00025)
(0.0005 0.000625 0.00025)
(0.000625 0.000625 0.00025)
(0.00075 0.000625 0.00025)
(0.000875 0.000625 0.00025)
(0.001 0.000625 0.00025)
(0.001125 0.000625 0.00025)
(0.00125 0.000625 0.00025)
(0.001375 0.000625 0.00025)
(0.0015 0.000625 0.00025)
(0.001625 0.000625 0.00025)
(0.00175 0.000625 0.00025)
(0.001875 0.000625 0.00025)
(0.002 0.000625 0.00025)
(0.002125 0.000625 0.00025)
(0.00225 0.000625 0.00025)
(0.002375 0.000625 0.00025)
(0.0025 0.000625 0.00025)
(0.002625 0.000625 0.00025)
(0.00275 0.000625 0.00025)
(0.002875 0.000625 0.00025)
(0.003 0.000625 0.00025)
(0.003125 0.000625 0.00025)
(0.00325 0.000625 0.00025)
(0.003375 0.000625 0.00025)
(0.0035 0.000625 0.00025)
(0.003625 0.000625 0.00025)
(0.00375 0.000625 0.00025)
(0.003875 0.000625 0.00025)
(0.004 0.000625 0.00025)
(0.004125 0.000625 0.00025)
(0.00425 0.000625 0.00025)
(0.004375 0.000625 0.00025)
(0.0045 0.000625 0.00025)
(0.004625 0.000625 0.00025)
(0.00475 0.000625 0.00025)
(0.004875 0.000625 0.00025)
(0.005 0.000625 0.00025)
(0.005125 0.000625 0.00025)
(0.00525 0.000625 0.00025)
(0.005375 0.000625 0.00025)
(0.0055 0.000625 0.00025)
(0.005625 0.000625 0.00025)
(0.00575 0.000625 0.00025)
(0.005875 0.000625 0.00025)
(0.006 0.000625 0.00025)
(0.006125 0.000625 0.00025)
(0.00625 0.000625 0.00025)
(0.006375 0.000625 0.00025)
(0.0065 0.000625 0.00025)
(0.006625 0.000625 0.00025)
(0.00675 0.000625 0.00025)
(0.006875 0.000625 0.00025)
(0.007 0.000625 0.00025)
(0.007125 0.000625 0.00025)
(0.00725 0.000625 0.00025)
(0.007375 0.000625 0.00025)
(0.0075 0.000625 0.00025)
(0.007625 0.000625 0.00025)
(0.00775 0.000625 0.00025)
(0.007875 0.000625 0.00025)
(0.008 0.000625 0.00025)
(0.008125 0.000625 0.00025)
(0.00825 0.000625 0.00025)
(0.008375 0.000625 0.00025)
(0.0085 0.000625 0.00025)
(0.008625 0.000625 0.00025)
(0.00875 0.000625 0.00025)
(0.008875 0.000625 0.00025)
(0.009 0.000625 0.00025)
(0.009125 0.000625 0.00025)
(0.00925 0.000625 0.00025)
(0.009375 0.000625 0.00025)
(0.0095 0.000625 0.00025)
(0.009625 0.000625 0.00025)
(0.00975 0.000625 0.00025)
(0.009875 0.000625 0.00025)
(0.01 0.000625 0.00025)
(0 0.00075 0.00025)
(0.000125 0.00075 0.00025)
(0.00025 0.00075 0.00025)
(0.000375 0.00075 0.00025)
(0.0005 0.00075 0.00025)
(0.000625 0.00075 0.00025)
(0.00075 0.00075 0.00025)
(0.000875 0.00075 0.00025)
(0.001 0.00075 0.00025)
(0.001125 0.00075 0.00025)
(0.00125 0.00075 0.00025)
(0.001375 0.00075 0.00025)
(0.0015 0.00075 0.00025)
(0.001625 0.00075 0.00025)
(0.00175 0.00075 0.00025)
(0.001875 0.00075 0.00025)
(0.002 0.00075 0.00025)
(0.002125 0.00075 0.00025)
(0.00225 0.00075 0.00025)
(0.002375 0.00075 0.00025)
(0.0025 0.00075 0.00025)
(0.002625 0.00075 0.00025)
(0.00275 0.00075 0.00025)
(0.002875 0.00075 0.00025)
(0.003 0.00075 0.00025)
(0.003125 0.00075 0.00025)
(0.00325 0.00075 0.00025)
(0.003375 0.00075 0.00025)
(0.0035 0.00075 0.00025)
(0.003625 0.00075 0.00025)
(0.00375 0.00075 0.00025)
(0.003875 0.00075 0.00025)
(0.004 0.00075 0.00025)
(0.004125 0.00075 0.00025)
(0.00425 0.00075 0.00025)
(0.004375 0.00075 0.00025)
(0.0045 0.00075 0.00025)
(0.004625 0.00075 0.00025)
(0.00475 0.00075 0.00025)
(0.004875 0.00075 0.00025)
(0.005 0.00075 0.00025)
(0.005125 0.00075 0.00025)
(0.00525 0.00075 0.00025)
(0.005375 0.00075 0.00025)
(0.0055 0.00075 0.00025)
(0.005625 0.00075 0.00025)
(0.00575 0.00075 0.00025)
(0.005875 0.00075 0.00025)
(0.006 0.00075 0.00025)
(0.006125 0.00075 0.00025)
(0.00625 0.00075 0.00025)
(0.006375 0.00075 0.00025)
(0.0065 0.00075 0.00025)
(0.006625 0.00075 0.00025)
(0.00675 0.00075 0.00025)
(0.006875 0.00075 0.00025)
(0.007 0.00075 0.00025)
(0.007125 0.00075 0.00025)
(0.00725 0.00075 0.00025)
(0.007375 0.00075 0.00025)
(0.0075 0.00075 0.00025)
(0.007625 0.00075 0.00025)
(0.00775 0.00075 0.00025)
(0.007875 0.00075 0.00025)
(0.008 0.00075 0.00025)
(0.008125 0.00075 0.00025)
(0.00825 0.00075 0.00025)
(0.008375 0.00075 0.00025)
(0.0085 0.00075 0.00025)
(0.008625 0.00075 0.00025)
(0.00875 0.00075 0.00025)
(0.008875 0.00075 0.00025)
(0.009 0.00075 0.00025)
(0.009125 0.00075 0.00025)
(0.00925 0.00075 0.00025)
(0.009375 0.00075 0.00025)
(0.0095 0.00075 0.00025)
(0.009625 0.00075 0.00025)
(0.00975 0.00075 0.00025)
(0.009875 0.00075 0.00025)
(0.01 0.00075 0.00025)
(0 0.000875 0.00025)
(0.000125 0.000875 0.00025)
(0.00025 0.000875 0.00025)
(0.000375 0.000875 0.00025)
(0.0005 0.000875 0.00025)
(0.000625 0.000875 0.00025)
(0.00075 0.000875 0.00025)
(0.000875 0.000875 0.00025)
(0.001 0.000875 0.00025)
(0.001125 0.000875 0.00025)
(0.00125 0.000875 0.00025)
(0.001375 0.000875 0.00025)
(0.0015 0.000875 0.00025)
(0.001625 0.000875 0.00025)
(0.00175 0.000875 0.00025)
(0.001875 0.000875 0.00025)
(0.002 0.000875 0.00025)
(0.002125 0.000875 0.00025)
(0.00225 0.000875 0.00025)
(0.002375 0.000875 0.00025)
(0.0025 0.000875 0.00025)
(0.002625 0.000875 0.00025)
(0.00275 0.000875 0.00025)
(0.002875 0.000875 0.00025)
(0.003 0.000875 0.00025)
(0.003125 0.000875 0.00025)
(0.00325 0.000875 0.00025)
(0.003375 0.000875 0.00025)
(0.0035 0.000875 0.00025)
(0.003625 0.000875 0.00025)
(0.00375 0.000875 0.00025)
(0.003875 0.000875 0.00025)
(0.004 0.000875 0.00025)
(0.004125 0.000875 0.00025)
(0.00425 0.000875 0.00025)
(0.004375 0.000875 0.00025)
(0.0045 0.000875 0.00025)
(0.004625 0.000875 0.00025)
(0.00475 0.000875 0.00025)
(0.004875 0.000875 0.00025)
(0.005 0.000875 0.00025)
(0.005125 0.000875 0.00025)
(0.00525 0.000875 0.00025)
(0.005375 0.000875 0.00025)
(0.0055 0.000875 0.00025)
(0.005625 0.000875 0.00025)
(0.00575 0.000875 0.00025)
(0.005875 0.000875 0.00025)
(0.006 0.000875 0.00025)
(0.006125 0.000875 0.00025)
(0.00625 0.000875 0.00025)
(0.006375 0.000875 0.00025)
(0.0065 0.000875 0.00025)
(0.006625 0.000875 0.00025)
(0.00675 0.000875 0.00025)
(0.006875 0.000875 0.00025)
(0.007 0.000875 0.00025)
(0.007125 0.000875 0.00025)
(0.00725 0.000875 0.00025)
(0.007375 0.000875 0.00025)
(0.0075 0.000875 0.00025)
(0.007625 0.000875 0.00025)
(0.00775 0.000875 0.00025)
(0.007875 0.000875 0.00025)
(0.008 0.000875 0.00025)
(0.008125 0.000875 0.00025)
(0.00825 0.000875 0.00025)
(0.008375 0.000875 0.00025)
(0.0085 0.000875 0.00025)
(0.008625 0.000875 0.00025)
(0.00875 0.000875 0.00025)
(0.008875 0.000875 0.00025)
(0.009 0.000875 0.00025)
(0.009125 0.000875 0.00025)
(0.00925 0.000875 0.00025)
(0.009375 0.000875 0.00025)
(0.0095 0.000875 0.00025)
(0.009625 0.000875 0.00025)
(0.00975 0.000875 0.00025)
(0.009875 0.000875 0.00025)
(0.01 0.000875 0.00025)
(0 0.001 0.00025)
(0.000125 0.001 0.00025)
(0.00025 0.001 0.00025)
(0.000375 0.001 0.00025)
(0.0005 0.001 0.00025)
(0.000625 0.001 0.00025)
(0.00075 0.001 0.00025)
(0.000875 0.001 0.00025)
(0.001 0.001 0.00025)
(0.001125 0.001 0.00025)
(0.00125 0.001 0.00025)
(0.001375 0.001 0.00025)
(0.0015 0.001 0.00025)
(0.001625 0.001 0.00025)
(0.00175 0.001 0.00025)
(0.001875 0.001 0.00025)
(0.002 0.001 0.00025)
(0.002125 0.001 0.00025)
(0.00225 0.001 0.00025)
(0.002375 0.001 0.00025)
(0.0025 0.001 0.00025)
(0.002625 0.001 0.00025)
(0.00275 0.001 0.00025)
(0.002875 0.001 0.00025)
(0.003 0.001 0.00025)
(0.003125 0.001 0.00025)
(0.00325 0.001 0.00025)
(0.003375 0.001 0.00025)
(0.0035 0.001 0.00025)
(0.003625 0.001 0.00025)
(0.00375 0.001 0.00025)
(0.003875 0.001 0.00025)
(0.004 0.001 0.00025)
(0.004125 0.001 0.00025)
(0.00425 0.001 0.00025)
(0.004375 0.001 0.00025)
(0.0045 0.001 0.00025)
(0.004625 0.001 0.00025)
(0.00475 0.001 0.00025)
(0.004875 0.001 0.00025)
(0.005 0.001 0.00025)
(0.005125 0.001 0.00025)
(0.00525 0.001 0.00025)
(0.005375 0.001 0.00025)
(0.0055 0.001 0.00025)
(0.005625 0.001 0.00025)
(0.00575 0.001 0.00025)
(0.005875 0.001 0.00025)
(0.006 0.001 0.00025)
(0.006125 0.001 0.00025)
(0.00625 0.001 0.00025)
(0.006375 0.001 0.00025)
(0.0065 0.001 0.00025)
(0.006625 0.001 0.00025)
(0.00675 0.001 0.00025)
(0.006875 0.001 0.00025)
(0.007 0.001 0.00025)
(0.007125 0.001 0.00025)
(0.00725 0.001 0.00025)
(0.007375 0.001 0.00025)
(0.0075 0.001 0.00025)
(0.007625 0.001 0.00025)
(0.00775 0.001 0.00025)
(0.007875 0.001 0.00025)
(0.008 0.001 0.00025)
(0.008125 0.001 0.00025)
(0.00825 0.001 0.00025)
(0.008375 0.001 0.00025)
(0.0085 0.001 0.00025)
(0.008625 0.001 0.00025)
(0.00875 0.001 0.00025)
(0.008875 0.001 0.00025)
(0.009 0.001 0.00025)
(0.009125 0.001 0.00025)
(0.00925 0.001 0.00025)
(0.009375 0.001 0.00025)
(0.0095 0.001 0.00025)
(0.009625 0.001 0.00025)
(0.00975 0.001 0.00025)
(0.009875 0.001 0.00025)
(0.01 0.001 0.00025)
(0 0 0.000375)
(0.000125 0 0.000375)
(0.00025 0 0.000375)
(0.000375 0 0.000375)
(0.0005 0 0.000375)
(0.000625 0 0.000375)
(0.00075 0 0.000375)
(0.000875 0 0.000375)
(0.001 0 0.000375)
(0.001125 0 0.000375)
(0.00125 0 0.000375)
(0.001375 0 0.000375)
(0.0015 0 0.000375)
(0.001625 0 0.000375)
(0.00175 0 0.000375)
(0.001875 0 0.000375)
(0.002 0 0.000375)
(0.002125 0 0.000375)
(0.00225 0 0.000375)
(0.002375 0 0.000375)
(0.0025 0 0.000375)
(0.002625 0 0.000375)
(0.00275 0 0.000375)
(0.002875 0 0.000375)
(0.003 0 0.000375)
(0.003125 0 0.000375)
(0.00325 0 0.000375)
(0.003375 0 0.000375)
(0.0035 0 0.000375)
(0.003625 0 0.000375)
(0.00375 0 0.000375)
(0.003875 0 0.000375)
(0.004 0 0.000375)
(0.004125 0 0.000375)
(0.00425 0 0.000375)
(0.004375 0 0.000375)
(0.0045 0 0.000375)
(0.004625 0 0.000375)
(0.00475 0 0.000375)
(0.004875 0 0.000375)
(0.005 0 0.000375)
(0.005125 0 0.000375)
(0.00525 0 0.000375)
(0.005375 0 0.000375)
(0.0055 0 0.000375)
(0.005625 0 0.000375)
(0.00575 0 0.000375)
(0.005875 0 0.000375)
(0.006 0 0.000375)
(0.006125 0 0.000375)
(0.00625 0 0.000375)
(0.006375 0 0.000375)
(0.0065 0 0.000375)
(0.006625 0 0.000375)
(0.00675 0 0.000375)
(0.006875 0 0.000375)
(0.007 0 0.000375)
(0.007125 0 0.000375)
(0.00725 0 0.000375)
(0.007375 0 0.000375)
(0.0075 0 0.000375)
(0.007625 0 0.000375)
(0.00775 0 0.000375)
(0.007875 0 0.000375)
(0.008 0 0.000375)
(0.008125 0 0.000375)
(0.00825 0 0.000375)
(0.008375 0 0.000375)
(0.0085 0 0.000375)
(0.008625 0 0.000375)
(0.00875 0 0.000375)
(0.008875 0 0.000375)
(0.009 0 0.000375)
(0.009125 0 0.000375)
(0.00925 0 0.000375)
(0.009375 0 0.000375)
(0.0095 0 0.000375)
(0.009625 0 0.000375)
(0.00975 0 0.000375)
(0.009875 0 0.000375)
(0.01 0 0.000375)
(0 0.000125 0.000375)
(0.000125 0.000125 0.000375)
(0.00025 0.000125 0.000375)
(0.000375 0.000125 0.000375)
(0.0005 0.000125 0.000375)
(0.000625 0.000125 0.000375)
(0.00075 0.000125 0.000375)
(0.000875 0.000125 0.000375)
(0.001 0.000125 0.000375)
(0.001125 0.000125 0.000375)
(0.00125 0.000125 0.000375)
(0.001375 0.000125 0.000375)
(0.0015 0.000125 0.000375)
(0.001625 0.000125 0.000375)
(0.00175 0.000125 0.000375)
(0.001875 0.000125 0.000375)
(0.002 0.000125 0.000375)
(0.002125 0.000125 0.000375)
(0.00225 0.000125 0.000375)
(0.002375 0.000125 0.000375)
(0.0025 0.000125 0.000375)
(0.002625 0.000125 0.000375)
(0.00275 0.000125 0.000375)
(0.002875 0.000125 0.000375)
(0.003 0.000125 0.000375)
(0.003125 0.000125 0.000375)
(0.00325 0.000125 0.000375)
(0.003375 0.000125 0.000375)
(0.0035 0.000125 0.000375)
(0.003625 0.000125 0.000375)
(0.00375 0.000125 0.000375)
(0.003875 0.000125 0.000375)
(0.004 0.000125 0.000375)
(0.004125 0.000125 0.000375)
(0.00425 0.000125 0.000375)
(0.004375 0.000125 0.000375)
(0.0045 0.000125 0.000375)
(0.004625 0.000125 0.000375)
(0.00475 0.000125 0.000375)
(0.004875 0.000125 0.000375)
(0.005 0.000125 0.000375)
(0.005125 0.000125 0.000375)
(0.00525 0.000125 0.000375)
(0.005375 0.000125 0.000375)
(0.0055 0.000125 0.000375)
(0.005625 0.000125 0.000375)
(0.00575 0.000125 0.000375)
(0.005875 0.000125 0.000375)
(0.006 0.000125 0.000375)
(0.006125 0.000125 0.000375)
(0.00625 0.000125 0.000375)
(0.006375 0.000125 0.000375)
(0.0065 0.000125 0.000375)
(0.006625 0.000125 0.000375)
(0.00675 0.000125 0.000375)
(0.006875 0.000125 0.000375)
(0.007 0.000125 0.000375)
(0.007125 0.000125 0.000375)
(0.00725 0.000125 0.000375)
(0.007375 0.000125 0.000375)
(0.0075 0.000125 0.000375)
(0.007625 0.000125 0.000375)
(0.00775 0.000125 0.000375)
(0.007875 0.000125 0.000375)
(0.008 0.000125 0.000375)
(0.008125 0.000125 0.000375)
(0.00825 0.000125 0.000375)
(0.008375 0.000125 0.000375)
(0.0085 0.000125 0.000375)
(0.008625 0.000125 0.000375)
(0.00875 0.000125 0.000375)
(0.008875 0.000125 0.000375)
(0.009 0.000125 0.000375)
(0.009125 0.000125 0.000375)
(0.00925 0.000125 0.000375)
(0.009375 0.000125 0.000375)
(0.0095 0.000125 0.000375)
(0.009625 0.000125 0.000375)
(0.00975 0.000125 0.000375)
(0.009875 0.000125 0.000375)
(0.01 0.000125 0.000375)
(0 0.00025 0.000375)
(0.000125 0.00025 0.000375)
(0.00025 0.00025 0.000375)
(0.000375 0.00025 0.000375)
(0.0005 0.00025 0.000375)
(0.000625 0.00025 0.000375)
(0.00075 0.00025 0.000375)
(0.000875 0.00025 0.000375)
(0.001 0.00025 0.000375)
(0.001125 0.00025 0.000375)
(0.00125 0.00025 0.000375)
(0.001375 0.00025 0.000375)
(0.0015 0.00025 0.000375)
(0.001625 0.00025 0.000375)
(0.00175 0.00025 0.000375)
(0.001875 0.00025 0.000375)
(0.002 0.00025 0.000375)
(0.002125 0.00025 0.000375)
(0.00225 0.00025 0.000375)
(0.002375 0.00025 0.000375)
(0.0025 0.00025 0.000375)
(0.002625 0.00025 0.000375)
(0.00275 0.00025 0.000375)
(0.002875 0.00025 0.000375)
(0.003 0.00025 0.000375)
(0.003125 0.00025 0.000375)
(0.00325 0.00025 0.000375)
(0.003375 0.00025 0.000375)
(0.0035 0.00025 0.000375)
(0.003625 0.00025 0.000375)
(0.00375 0.00025 0.000375)
(0.003875 0.00025 0.000375)
(0.004 0.00025 0.000375)
(0.004125 0.00025 0.000375)
(0.00425 0.00025 0.000375)
(0.004375 0.00025 0.000375)
(0.0045 0.00025 0.000375)
(0.004625 0.00025 0.000375)
(0.00475 0.00025 0.000375)
(0.004875 0.00025 0.000375)
(0.005 0.00025 0.000375)
(0.005125 0.00025 0.000375)
(0.00525 0.00025 0.000375)
(0.005375 0.00025 0.000375)
(0.0055 0.00025 0.000375)
(0.005625 0.00025 0.000375)
(0.00575 0.00025 0.000375)
(0.005875 0.00025 0.000375)
(0.006 0.00025 0.000375)
(0.006125 0.00025 0.000375)
(0.00625 0.00025 0.000375)
(0.006375 0.00025 0.000375)
(0.0065 0.00025 0.000375)
(0.006625 0.00025 0.000375)
(0.00675 0.00025 0.000375)
(0.006875 0.00025 0.000375)
(0.007 0.00025 0.000375)
(0.007125 0.00025 0.000375)
(0.00725 0.00025 0.000375)
(0.007375 0.00025 0.000375)
(0.0075 0.00025 0.000375)
(0.007625 0.00025 0.000375)
(0.00775 0.00025 0.000375)
(0.007875 0.00025 0.000375)
(0.008 0.00025 0.000375)
(0.008125 0.00025 0.000375)
(0.00825 0.00025 0.000375)
(0.008375 0.00025 0.000375)
(0.0085 0.00025 0.000375)
(0.008625 0.00025 0.000375)
(0.00875 0.00025 0.000375)
(0.008875 0.00025 0.000375)
(0.009 0.00025 0.000375)
(0.009125 0.00025 0.000375)
(0.00925 0.00025 0.000375)
(0.009375 0.00025 0.000375)
(0.0095 0.00025 0.000375)
(0.009625 0.00025 0.000375)
(0.00975 0.00025 0.000375)
(0.009875 0.00025 0.000375)
(0.01 0.00025 0.000375)
(0 0.000375 0.000375)
(0.000125 0.000375 0.000375)
(0.00025 0.000375 0.000375)
(0.000375 0.000375 0.000375)
(0.0005 0.000375 0.000375)
(0.000625 0.000375 0.000375)
(0.00075 0.000375 0.000375)
(0.000875 0.000375 0.000375)
(0.001 0.000375 0.000375)
(0.001125 0.000375 0.000375)
(0.00125 0.000375 0.000375)
(0.001375 0.000375 0.000375)
(0.0015 0.000375 0.000375)
(0.001625 0.000375 0.000375)
(0.00175 0.000375 0.000375)
(0.001875 0.000375 0.000375)
(0.002 0.000375 0.000375)
(0.002125 0.000375 0.000375)
(0.00225 0.000375 0.000375)
(0.002375 0.000375 0.000375)
(0.0025 0.000375 0.000375)
(0.002625 0.000375 0.000375)
(0.00275 0.000375 0.000375)
(0.002875 0.000375 0.000375)
(0.003 0.000375 0.000375)
(0.003125 0.000375 0.000375)
(0.00325 0.000375 0.000375)
(0.003375 0.000375 0.000375)
(0.0035 0.000375 0.000375)
(0.003625 0.000375 0.000375)
(0.00375 0.000375 0.000375)
(0.003875 0.000375 0.000375)
(0.004 0.000375 0.000375)
(0.004125 0.000375 0.000375)
(0.00425 0.000375 0.000375)
(0.004375 0.000375 0.000375)
(0.0045 0.000375 0.000375)
(0.004625 0.000375 0.000375)
(0.00475 0.000375 0.000375)
(0.004875 0.000375 0.000375)
(0.005 0.000375 0.000375)
(0.005125 0.000375 0.000375)
(0.00525 0.000375 0.000375)
(0.005375 0.000375 0.000375)
(0.0055 0.000375 0.000375)
(0.005625 0.000375 0.000375)
(0.00575 0.000375 0.000375)
(0.005875 0.000375 0.000375)
(0.006 0.000375 0.000375)
(0.006125 0.000375 0.000375)
(0.00625 0.000375 0.000375)
(0.006375 0.000375 0.000375)
(0.0065 0.000375 0.000375)
(0.006625 0.000375 0.000375)
(0.00675 0.000375 0.000375)
(0.006875 0.000375 0.000375)
(0.007 0.000375 0.000375)
(0.007125 0.000375 0.000375)
(0.00725 0.000375 0.000375)
(0.007375 0.000375 0.000375)
(0.0075 0.000375 0.000375)
(0.007625 0.000375 0.000375)
(0.00775 0.000375 0.000375)
(0.007875 0.000375 0.000375)
(0.008 0.000375 0.000375)
(0.008125 0.000375 0.000375)
(0.00825 0.000375 0.000375)
(0.008375 0.000375 0.000375)
(0.0085 0.000375 0.000375)
(0.008625 0.000375 0.000375)
(0.00875 0.000375 0.000375)
(0.008875 0.000375 0.000375)
(0.009 0.000375 0.000375)
(0.009125 0.000375 0.000375)
(0.00925 0.000375 0.000375)
(0.009375 0.000375 0.000375)
(0.0095 0.000375 0.000375)
(0.009625 0.000375 0.000375)
(0.00975 0.000375 0.000375)
(0.009875 0.000375 0.000375)
(0.01 0.000375 0.000375)
(0 0.0005 0.000375)
(0.000125 0.0005 0.000375)
(0.00025 0.0005 0.000375)
(0.000375 0.0005 0.000375)
(0.0005 0.0005 0.000375)
(0.000625 0.0005 0.000375)
(0.00075 0.0005 0.000375)
(0.000875 0.0005 0.000375)
(0.001 0.0005 0.000375)
(0.001125 0.0005 0.000375)
(0.00125 0.0005 0.000375)
(0.001375 0.0005 0.000375)
(0.0015 0.0005 0.000375)
(0.001625 0.0005 0.000375)
(0.00175 0.0005 0.000375)
(0.001875 0.0005 0.000375)
(0.002 0.0005 0.000375)
(0.002125 0.0005 0.000375)
(0.00225 0.0005 0.000375)
(0.002375 0.0005 0.000375)
(0.0025 0.0005 0.000375)
(0.002625 0.0005 0.000375)
(0.00275 0.0005 0.000375)
(0.002875 0.0005 0.000375)
(0.003 0.0005 0.000375)
(0.003125 0.0005 0.000375)
(0.00325 0.0005 0.000375)
(0.003375 0.0005 0.000375)
(0.0035 0.0005 0.000375)
(0.003625 0.0005 0.000375)
(0.00375 0.0005 0.000375)
(0.003875 0.0005 0.000375)
(0.004 0.0005 0.000375)
(0.004125 0.0005 0.000375)
(0.00425 0.0005 0.000375)
(0.004375 0.0005 0.000375)
(0.0045 0.0005 0.000375)
(0.004625 0.0005 0.000375)
(0.00475 0.0005 0.000375)
(0.004875 0.0005 0.000375)
(0.005 0.0005 0.000375)
(0.005125 0.0005 0.000375)
(0.00525 0.0005 0.000375)
(0.005375 0.0005 0.000375)
(0.0055 0.0005 0.000375)
(0.005625 0.0005 0.000375)
(0.00575 0.0005 0.000375)
(0.005875 0.0005 0.000375)
(0.006 0.0005 0.000375)
(0.006125 0.0005 0.000375)
(0.00625 0.0005 0.000375)
(0.006375 0.0005 0.000375)
(0.0065 0.0005 0.000375)
(0.006625 0.0005 0.000375)
(0.00675 0.0005 0.000375)
(0.006875 0.0005 0.000375)
(0.007 0.0005 0.000375)
(0.007125 0.0005 0.000375)
(0.00725 0.0005 0.000375)
(0.007375 0.0005 0.000375)
(0.0075 0.0005 0.000375)
(0.007625 0.0005 0.000375)
(0.00775 0.0005 0.000375)
(0.007875 0.0005 0.000375)
(0.008 0.0005 0.000375)
(0.008125 0.0005 0.000375)
(0.00825 0.0005 0.000375)
(0.008375 0.0005 0.000375)
(0.0085 0.0005 0.000375)
(0.008625 0.0005 0.000375)
(0.00875 0.0005 0.000375)
(0.008875 0.0005 0.000375)
(0.009 0.0005 0.000375)
(0.009125 0.0005 0.000375)
(0.00925 0.0005 0.000375)
(0.009375 0.0005 0.000375)
(0.0095 0.0005 0.000375)
(0.009625 0.0005 0.000375)
(0.00975 0.0005 0.000375)
(0.009875 0.0005 0.000375)
(0.01 0.0005 0.000375)
(0 0.000625 0.000375)
(0.000125 0.000625 0.000375)
(0.00025 0.000625 0.000375)
(0.000375 0.000625 0.000375)
(0.0005 0.000625 0.000375)
(0.000625 0.000625 0.000375)
(0.00075 0.000625 0.000375)
(0.000875 0.000625 0.000375)
(0.001 0.000625 0.000375)
(0.001125 0.000625 0.000375)
(0.00125 0.000625 0.000375)
(0.001375 0.000625 0.000375)
(0.0015 0.000625 0.000375)
(0.001625 0.000625 0.000375)
(0.00175 0.000625 0.000375)
(0.001875 0.000625 0.000375)
(0.002 0.000625 0.000375)
(0.002125 0.000625 0.000375)
(0.00225 0.000625 0.000375)
(0.002375 0.000625 0.000375)
(0.0025 0.000625 0.000375)
(0.002625 0.000625 0.000375)
(0.00275 0.000625 0.000375)
(0.002875 0.000625 0.000375)
(0.003 0.000625 0.000375)
(0.003125 0.000625 0.000375)
(0.00325 0.000625 0.000375)
(0.003375 0.000625 0.000375)
(0.0035 0.000625 0.000375)
(0.003625 0.000625 0.000375)
(0.00375 0.000625 0.000375)
(0.003875 0.000625 0.000375)
(0.004 0.000625 0.000375)
(0.004125 0.000625 0.000375)
(0.00425 0.000625 0.000375)
(0.004375 0.000625 0.000375)
(0.0045 0.000625 0.000375)
(0.004625 0.000625 0.000375)
(0.00475 0.000625 0.000375)
(0.004875 0.000625 0.000375)
(0.005 0.000625 0.000375)
(0.005125 0.000625 0.000375)
(0.00525 0.000625 0.000375)
(0.005375 0.000625 0.000375)
(0.0055 0.000625 0.000375)
(0.005625 0.000625 0.000375)
(0.00575 0.000625 0.000375)
(0.005875 0.000625 0.000375)
(0.006 0.000625 0.000375)
(0.006125 0.000625 0.000375)
(0.00625 0.000625 0.000375)
(0.006375 0.000625 0.000375)
(0.0065 0.000625 0.000375)
(0.006625 0.000625 0.000375)
(0.00675 0.000625 0.000375)
(0.006875 0.000625 0.000375)
(0.007 0.000625 0.000375)
(0.007125 0.000625 0.000375)
(0.00725 0.000625 0.000375)
(0.007375 0.000625 0.000375)
(0.0075 0.000625 0.000375)
(0.007625 0.000625 0.000375)
(0.00775 0.000625 0.000375)
(0.007875 0.000625 0.000375)
(0.008 0.000625 0.000375)
(0.008125 0.000625 0.000375)
(0.00825 0.000625 0.000375)
(0.008375 0.000625 0.000375)
(0.0085 0.000625 0.000375)
(0.008625 0.000625 0.000375)
(0.00875 0.000625 0.000375)
(0.008875 0.000625 0.000375)
(0.009 0.000625 0.000375)
(0.009125 0.000625 0.000375)
(0.00925 0.000625 0.000375)
(0.009375 0.000625 0.000375)
(0.0095 0.000625 0.000375)
(0.009625 0.000625 0.000375)
(0.00975 0.000625 0.000375)
(0.009875 0.000625 0.000375)
(0.01 0.000625 0.000375)
(0 0.00075 0.000375)
(0.000125 0.00075 0.000375)
(0.00025 0.00075 0.000375)
(0.000375 0.00075 0.000375)
(0.0005 0.00075 0.000375)
(0.000625 0.00075 0.000375)
(0.00075 0.00075 0.000375)
(0.000875 0.00075 0.000375)
(0.001 0.00075 0.000375)
(0.001125 0.00075 0.000375)
(0.00125 0.00075 0.000375)
(0.001375 0.00075 0.000375)
(0.0015 0.00075 0.000375)
(0.001625 0.00075 0.000375)
(0.00175 0.00075 0.000375)
(0.001875 0.00075 0.000375)
(0.002 0.00075 0.000375)
(0.002125 0.00075 0.000375)
(0.00225 0.00075 0.000375)
(0.002375 0.00075 0.000375)
(0.0025 0.00075 0.000375)
(0.002625 0.00075 0.000375)
(0.00275 0.00075 0.000375)
(0.002875 0.00075 0.000375)
(0.003 0.00075 0.000375)
(0.003125 0.00075 0.000375)
(0.00325 0.00075 0.000375)
(0.003375 0.00075 0.000375)
(0.0035 0.00075 0.000375)
(0.003625 0.00075 0.000375)
(0.00375 0.00075 0.000375)
(0.003875 0.00075 0.000375)
(0.004 0.00075 0.000375)
(0.004125 0.00075 0.000375)
(0.00425 0.00075 0.000375)
(0.004375 0.00075 0.000375)
(0.0045 0.00075 0.000375)
(0.004625 0.00075 0.000375)
(0.00475 0.00075 0.000375)
(0.004875 0.00075 0.000375)
(0.005 0.00075 0.000375)
(0.005125 0.00075 0.000375)
(0.00525 0.00075 0.000375)
(0.005375 0.00075 0.000375)
(0.0055 0.00075 0.000375)
(0.005625 0.00075 0.000375)
(0.00575 0.00075 0.000375)
(0.005875 0.00075 0.000375)
(0.006 0.00075 0.000375)
(0.006125 0.00075 0.000375)
(0.00625 0.00075 0.000375)
(0.006375 0.00075 0.000375)
(0.0065 0.00075 0.000375)
(0.006625 0.00075 0.000375)
(0.00675 0.00075 0.000375)
(0.006875 0.00075 0.000375)
(0.007 0.00075 0.000375)
(0.007125 0.00075 0.000375)
(0.00725 0.00075 0.000375)
(0.007375 0.00075 0.000375)
(0.0075 0.00075 0.000375)
(0.007625 0.00075 0.000375)
(0.00775 0.00075 0.000375)
(0.007875 0.00075 0.000375)
(0.008 0.00075 0.000375)
(0.008125 0.00075 0.000375)
(0.00825 0.00075 0.000375)
(0.008375 0.00075 0.000375)
(0.0085 0.00075 0.000375)
(0.008625 0.00075 0.000375)
(0.00875 0.00075 0.000375)
(0.008875 0.00075 0.000375)
(0.009 0.00075 0.000375)
(0.009125 0.00075 0.000375)
(0.00925 0.00075 0.000375)
(0.009375 0.00075 0.000375)
(0.0095 0.00075 0.000375)
(0.009625 0.00075 0.000375)
(0.00975 0.00075 0.000375)
(0.009875 0.00075 0.000375)
(0.01 0.00075 0.000375)
(0 0.000875 0.000375)
(0.000125 0.000875 0.000375)
(0.00025 0.000875 0.000375)
(0.000375 0.000875 0.000375)
(0.0005 0.000875 0.000375)
(0.000625 0.000875 0.000375)
(0.00075 0.000875 0.000375)
(0.000875 0.000875 0.000375)
(0.001 0.000875 0.000375)
(0.001125 0.000875 0.000375)
(0.00125 0.000875 0.000375)
(0.001375 0.000875 0.000375)
(0.0015 0.000875 0.000375)
(0.001625 0.000875 0.000375)
(0.00175 0.000875 0.000375)
(0.001875 0.000875 0.000375)
(0.002 0.000875 0.000375)
(0.002125 0.000875 0.000375)
(0.00225 0.000875 0.000375)
(0.002375 0.000875 0.000375)
(0.0025 0.000875 0.000375)
(0.002625 0.000875 0.000375)
(0.00275 0.000875 0.000375)
(0.002875 0.000875 0.000375)
(0.003 0.000875 0.000375)
(0.003125 0.000875 0.000375)
(0.00325 0.000875 0.000375)
(0.003375 0.000875 0.000375)
(0.0035 0.000875 0.000375)
(0.003625 0.000875 0.000375)
(0.00375 0.000875 0.000375)
(0.003875 0.000875 0.000375)
(0.004 0.000875 0.000375)
(0.004125 0.000875 0.000375)
(0.00425 0.000875 0.000375)
(0.004375 0.000875 0.000375)
(0.0045 0.000875 0.000375)
(0.004625 0.000875 0.000375)
(0.00475 0.000875 0.000375)
(0.004875 0.000875 0.000375)
(0.005 0.000875 0.000375)
(0.005125 0.000875 0.000375)
(0.00525 0.000875 0.000375)
(0.005375 0.000875 0.000375)
(0.0055 0.000875 0.000375)
(0.005625 0.000875 0.000375)
(0.00575 0.000875 0.000375)
(0.005875 0.000875 0.000375)
(0.006 0.000875 0.000375)
(0.006125 0.000875 0.000375)
(0.00625 0.000875 0.000375)
(0.006375 0.000875 0.000375)
(0.0065 0.000875 0.000375)
(0.006625 0.000875 0.000375)
(0.00675 0.000875 0.000375)
(0.006875 0.000875 0.000375)
(0.007 0.000875 0.000375)
(0.007125 0.000875 0.000375)
(0.00725 0.000875 0.000375)
(0.007375 0.000875 0.000375)
(0.0075 0.000875 0.000375)
(0.007625 0.000875 0.000375)
(0.00775 0.000875 0.000375)
(0.007875 0.000875 0.000375)
(0.008 0.000875 0.000375)
(0.008125 0.000875 0.000375)
(0.00825 0.000875 0.000375)
(0.008375 0.000875 0.000375)
(0.0085 0.000875 0.000375)
(0.008625 0.000875 0.000375)
(0.00875 0.000875 0.000375)
(0.008875 0.000875 0.000375)
(0.009 0.000875 0.000375)
(0.009125 0.000875 0.000375)
(0.00925 0.000875 0.000375)
(0.009375 0.000875 0.000375)
(0.0095 0.000875 0.000375)
(0.009625 0.000875 0.000375)
(0.00975 0.000875 0.000375)
(0.009875 0.000875 0.000375)
(0.01 0.000875 0.000375)
(0 0.001 0.000375)
(0.000125 0.001 0.000375)
(0.00025 0.001 0.000375)
(0.000375 0.001 0.000375)
(0.0005 0.001 0.000375)
(0.000625 0.001 0.000375)
(0.00075 0.001 0.000375)
(0.000875 0.001 0.000375)
(0.001 0.001 0.000375)
(0.001125 0.001 0.000375)
(0.00125 0.001 0.000375)
(0.001375 0.001 0.000375)
(0.0015 0.001 0.000375)
(0.001625 0.001 0.000375)
(0.00175 0.001 0.000375)
(0.001875 0.001 0.000375)
(0.002 0.001 0.000375)
(0.002125 0.001 0.000375)
(0.00225 0.001 0.000375)
(0.002375 0.001 0.000375)
(0.0025 0.001 0.000375)
(0.002625 0.001 0.000375)
(0.00275 0.001 0.000375)
(0.002875 0.001 0.000375)
(0.003 0.001 0.000375)
(0.003125 0.001 0.000375)
(0.00325 0.001 0.000375)
(0.003375 0.001 0.000375)
(0.0035 0.001 0.000375)
(0.003625 0.001 0.000375)
(0.00375 0.001 0.000375)
(0.003875 0.001 0.000375)
(0.004 0.001 0.000375)
(0.004125 0.001 0.000375)
(0.00425 0.001 0.000375)
(0.004375 0.001 0.000375)
(0.0045 0.001 0.000375)
(0.004625 0.001 0.000375)
(0.00475 0.001 0.000375)
(0.004875 0.001 0.000375)
(0.005 0.001 0.000375)
(0.005125 0.001 0.000375)
(0.00525 0.001 0.000375)
(0.005375 0.001 0.000375)
(0.0055 0.001 0.000375)
(0.005625 0.001 0.000375)
(0.00575 0.001 0.000375)
(0.005875 0.001 0.000375)
(0.006 0.001 0.000375)
(0.006125 0.001 0.000375)
(0.00625 0.001 0.000375)
(0.006375 0.001 0.000375)
(0.0065 0.001 0.000375)
(0.006625 0.001 0.000375)
(0.00675 0.001 0.000375)
(0.006875 0.001 0.000375)
(0.007 0.001 0.000375)
(0.007125 0.001 0.000375)
(0.00725 0.001 0.000375)
(0.007375 0.001 0.000375)
(0.0075 0.001 0.000375)
(0.007625 0.001 0.000375)
(0.00775 0.001 0.000375)
(0.007875 0.001 0.000375)
(0.008 0.001 0.000375)
(0.008125 0.001 0.000375)
(0.00825 0.001 0.000375)
(0.008375 0.001 0.000375)
(0.0085 0.001 0.000375)
(0.008625 0.001 0.000375)
(0.00875 0.001 0.000375)
(0.008875 0.001 0.000375)
(0.009 0.001 0.000375)
(0.009125 0.001 0.000375)
(0.00925 0.001 0.000375)
(0.009375 0.001 0.000375)
(0.0095 0.001 0.000375)
(0.009625 0.001 0.000375)
(0.00975 0.001 0.000375)
(0.009875 0.001 0.000375)
(0.01 0.001 0.000375)
(0 0 0.0005)
(0.000125 0 0.0005)
(0.00025 0 0.0005)
(0.000375 0 0.0005)
(0.0005 0 0.0005)
(0.000625 0 0.0005)
(0.00075 0 0.0005)
(0.000875 0 0.0005)
(0.001 0 0.0005)
(0.001125 0 0.0005)
(0.00125 0 0.0005)
(0.001375 0 0.0005)
(0.0015 0 0.0005)
(0.001625 0 0.0005)
(0.00175 0 0.0005)
(0.001875 0 0.0005)
(0.002 0 0.0005)
(0.002125 0 0.0005)
(0.00225 0 0.0005)
(0.002375 0 0.0005)
(0.0025 0 0.0005)
(0.002625 0 0.0005)
(0.00275 0 0.0005)
(0.002875 0 0.0005)
(0.003 0 0.0005)
(0.003125 0 0.0005)
(0.00325 0 0.0005)
(0.003375 0 0.0005)
(0.0035 0 0.0005)
(0.003625 0 0.0005)
(0.00375 0 0.0005)
(0.003875 0 0.0005)
(0.004 0 0.0005)
(0.004125 0 0.0005)
(0.00425 0 0.0005)
(0.004375 0 0.0005)
(0.0045 0 0.0005)
(0.004625 0 0.0005)
(0.00475 0 0.0005)
(0.004875 0 0.0005)
(0.005 0 0.0005)
(0.005125 0 0.0005)
(0.00525 0 0.0005)
(0.005375 0 0.0005)
(0.0055 0 0.0005)
(0.005625 0 0.0005)
(0.00575 0 0.0005)
(0.005875 0 0.0005)
(0.006 0 0.0005)
(0.006125 0 0.0005)
(0.00625 0 0.0005)
(0.006375 0 0.0005)
(0.0065 0 0.0005)
(0.006625 0 0.0005)
(0.00675 0 0.0005)
(0.006875 0 0.0005)
(0.007 0 0.0005)
(0.007125 0 0.0005)
(0.00725 0 0.0005)
(0.007375 0 0.0005)
(0.0075 0 0.0005)
(0.007625 0 0.0005)
(0.00775 0 0.0005)
(0.007875 0 0.0005)
(0.008 0 0.0005)
(0.008125 0 0.0005)
(0.00825 0 0.0005)
(0.008375 0 0.0005)
(0.0085 0 0.0005)
(0.008625 0 0.0005)
(0.00875 0 0.0005)
(0.008875 0 0.0005)
(0.009 0 0.0005)
(0.009125 0 0.0005)
(0.00925 0 0.0005)
(0.009375 0 0.0005)
(0.0095 0 0.0005)
(0.009625 0 0.0005)
(0.00975 0 0.0005)
(0.009875 0 0.0005)
(0.01 0 0.0005)
(0 0.000125 0.0005)
(0.000125 0.000125 0.0005)
(0.00025 0.000125 0.0005)
(0.000375 0.000125 0.0005)
(0.0005 0.000125 0.0005)
(0.000625 0.000125 0.0005)
(0.00075 0.000125 0.0005)
(0.000875 0.000125 0.0005)
(0.001 0.000125 0.0005)
(0.001125 0.000125 0.0005)
(0.00125 0.000125 0.0005)
(0.001375 0.000125 0.0005)
(0.0015 0.000125 0.0005)
(0.001625 0.000125 0.0005)
(0.00175 0.000125 0.0005)
(0.001875 0.000125 0.0005)
(0.002 0.000125 0.0005)
(0.002125 0.000125 0.0005)
(0.00225 0.000125 0.0005)
(0.002375 0.000125 0.0005)
(0.0025 0.000125 0.0005)
(0.002625 0.000125 0.0005)
(0.00275 0.000125 0.0005)
(0.002875 0.000125 0.0005)
(0.003 0.000125 0.0005)
(0.003125 0.000125 0.0005)
(0.00325 0.000125 0.0005)
(0.003375 0.000125 0.0005)
(0.0035 0.000125 0.0005)
(0.003625 0.000125 0.0005)
(0.00375 0.000125 0.0005)
(0.003875 0.000125 0.0005)
(0.004 0.000125 0.0005)
(0.004125 0.000125 0.0005)
(0.00425 0.000125 0.0005)
(0.004375 0.000125 0.0005)
(0.0045 0.000125 0.0005)
(0.004625 0.000125 0.0005)
(0.00475 0.000125 0.0005)
(0.004875 0.000125 0.0005)
(0.005 0.000125 0.0005)
(0.005125 0.000125 0.0005)
(0.00525 0.000125 0.0005)
(0.005375 0.000125 0.0005)
(0.0055 0.000125 0.0005)
(0.005625 0.000125 0.0005)
(0.00575 0.000125 0.0005)
(0.005875 0.000125 0.0005)
(0.006 0.000125 0.0005)
(0.006125 0.000125 0.0005)
(0.00625 0.000125 0.0005)
(0.006375 0.000125 0.0005)
(0.0065 0.000125 0.0005)
(0.006625 0.000125 0.0005)
(0.00675 0.000125 0.0005)
(0.006875 0.000125 0.0005)
(0.007 0.000125 0.0005)
(0.007125 0.000125 0.0005)
(0.00725 0.000125 0.0005)
(0.007375 0.000125 0.0005)
(0.0075 0.000125 0.0005)
(0.007625 0.000125 0.0005)
(0.00775 0.000125 0.0005)
(0.007875 0.000125 0.0005)
(0.008 0.000125 0.0005)
(0.008125 0.000125 0.0005)
(0.00825 0.000125 0.0005)
(0.008375 0.000125 0.0005)
(0.0085 0.000125 0.0005)
(0.008625 0.000125 0.0005)
(0.00875 0.000125 0.0005)
(0.008875 0.000125 0.0005)
(0.009 0.000125 0.0005)
(0.009125 0.000125 0.0005)
(0.00925 0.000125 0.0005)
(0.009375 0.000125 0.0005)
(0.0095 0.000125 0.0005)
(0.009625 0.000125 0.0005)
(0.00975 0.000125 0.0005)
(0.009875 0.000125 0.0005)
(0.01 0.000125 0.0005)
(0 0.00025 0.0005)
(0.000125 0.00025 0.0005)
(0.00025 0.00025 0.0005)
(0.000375 0.00025 0.0005)
(0.0005 0.00025 0.0005)
(0.000625 0.00025 0.0005)
(0.00075 0.00025 0.0005)
(0.000875 0.00025 0.0005)
(0.001 0.00025 0.0005)
(0.001125 0.00025 0.0005)
(0.00125 0.00025 0.0005)
(0.001375 0.00025 0.0005)
(0.0015 0.00025 0.0005)
(0.001625 0.00025 0.0005)
(0.00175 0.00025 0.0005)
(0.001875 0.00025 0.0005)
(0.002 0.00025 0.0005)
(0.002125 0.00025 0.0005)
(0.00225 0.00025 0.0005)
(0.002375 0.00025 0.0005)
(0.0025 0.00025 0.0005)
(0.002625 0.00025 0.0005)
(0.00275 0.00025 0.0005)
(0.002875 0.00025 0.0005)
(0.003 0.00025 0.0005)
(0.003125 0.00025 0.0005)
(0.00325 0.00025 0.0005)
(0.003375 0.00025 0.0005)
(0.0035 0.00025 0.0005)
(0.003625 0.00025 0.0005)
(0.00375 0.00025 0.0005)
(0.003875 0.00025 0.0005)
(0.004 0.00025 0.0005)
(0.004125 0.00025 0.0005)
(0.00425 0.00025 0.0005)
(0.004375 0.00025 0.0005)
(0.0045 0.00025 0.0005)
(0.004625 0.00025 0.0005)
(0.00475 0.00025 0.0005)
(0.004875 0.00025 0.0005)
(0.005 0.00025 0.0005)
(0.005125 0.00025 0.0005)
(0.00525 0.00025 0.0005)
(0.005375 0.00025 0.0005)
(0.0055 0.00025 0.0005)
(0.005625 0.00025 0.0005)
(0.00575 0.00025 0.0005)
(0.005875 0.00025 0.0005)
(0.006 0.00025 0.0005)
(0.006125 0.00025 0.0005)
(0.00625 0.00025 0.0005)
(0.006375 0.00025 0.0005)
(0.0065 0.00025 0.0005)
(0.006625 0.00025 0.0005)
(0.00675 0.00025 0.0005)
(0.006875 0.00025 0.0005)
(0.007 0.00025 0.0005)
(0.007125 0.00025 0.0005)
(0.00725 0.00025 0.0005)
(0.007375 0.00025 0.0005)
(0.0075 0.00025 0.0005)
(0.007625 0.00025 0.0005)
(0.00775 0.00025 0.0005)
(0.007875 0.00025 0.0005)
(0.008 0.00025 0.0005)
(0.008125 0.00025 0.0005)
(0.00825 0.00025 0.0005)
(0.008375 0.00025 0.0005)
(0.0085 0.00025 0.0005)
(0.008625 0.00025 0.0005)
(0.00875 0.00025 0.0005)
(0.008875 0.00025 0.0005)
(0.009 0.00025 0.0005)
(0.009125 0.00025 0.0005)
(0.00925 0.00025 0.0005)
(0.009375 0.00025 0.0005)
(0.0095 0.00025 0.0005)
(0.009625 0.00025 0.0005)
(0.00975 0.00025 0.0005)
(0.009875 0.00025 0.0005)
(0.01 0.00025 0.0005)
(0 0.000375 0.0005)
(0.000125 0.000375 0.0005)
(0.00025 0.000375 0.0005)
(0.000375 0.000375 0.0005)
(0.0005 0.000375 0.0005)
(0.000625 0.000375 0.0005)
(0.00075 0.000375 0.0005)
(0.000875 0.000375 0.0005)
(0.001 0.000375 0.0005)
(0.001125 0.000375 0.0005)
(0.00125 0.000375 0.0005)
(0.001375 0.000375 0.0005)
(0.0015 0.000375 0.0005)
(0.001625 0.000375 0.0005)
(0.00175 0.000375 0.0005)
(0.001875 0.000375 0.0005)
(0.002 0.000375 0.0005)
(0.002125 0.000375 0.0005)
(0.00225 0.000375 0.0005)
(0.002375 0.000375 0.0005)
(0.0025 0.000375 0.0005)
(0.002625 0.000375 0.0005)
(0.00275 0.000375 0.0005)
(0.002875 0.000375 0.0005)
(0.003 0.000375 0.0005)
(0.003125 0.000375 0.0005)
(0.00325 0.000375 0.0005)
(0.003375 0.000375 0.0005)
(0.0035 0.000375 0.0005)
(0.003625 0.000375 0.0005)
(0.00375 0.000375 0.0005)
(0.003875 0.000375 0.0005)
(0.004 0.000375 0.0005)
(0.004125 0.000375 0.0005)
(0.00425 0.000375 0.0005)
(0.004375 0.000375 0.0005)
(0.0045 0.000375 0.0005)
(0.004625 0.000375 0.0005)
(0.00475 0.000375 0.0005)
(0.004875 0.000375 0.0005)
(0.005 0.000375 0.0005)
(0.005125 0.000375 0.0005)
(0.00525 0.000375 0.0005)
(0.005375 0.000375 0.0005)
(0.0055 0.000375 0.0005)
(0.005625 0.000375 0.0005)
(0.00575 0.000375 0.0005)
(0.005875 0.000375 0.0005)
(0.006 0.000375 0.0005)
(0.006125 0.000375 0.0005)
(0.00625 0.000375 0.0005)
(0.006375 0.000375 0.0005)
(0.0065 0.000375 0.0005)
(0.006625 0.000375 0.0005)
(0.00675 0.000375 0.0005)
(0.006875 0.000375 0.0005)
(0.007 0.000375 0.0005)
(0.007125 0.000375 0.0005)
(0.00725 0.000375 0.0005)
(0.007375 0.000375 0.0005)
(0.0075 0.000375 0.0005)
(0.007625 0.000375 0.0005)
(0.00775 0.000375 0.0005)
(0.007875 0.000375 0.0005)
(0.008 0.000375 0.0005)
(0.008125 0.000375 0.0005)
(0.00825 0.000375 0.0005)
(0.008375 0.000375 0.0005)
(0.0085 0.000375 0.0005)
(0.008625 0.000375 0.0005)
(0.00875 0.000375 0.0005)
(0.008875 0.000375 0.0005)
(0.009 0.000375 0.0005)
(0.009125 0.000375 0.0005)
(0.00925 0.000375 0.0005)
(0.009375 0.000375 0.0005)
(0.0095 0.000375 0.0005)
(0.009625 0.000375 0.0005)
(0.00975 0.000375 0.0005)
(0.009875 0.000375 0.0005)
(0.01 0.000375 0.0005)
(0 0.0005 0.0005)
(0.000125 0.0005 0.0005)
(0.00025 0.0005 0.0005)
(0.000375 0.0005 0.0005)
(0.0005 0.0005 0.0005)
(0.000625 0.0005 0.0005)
(0.00075 0.0005 0.0005)
(0.000875 0.0005 0.0005)
(0.001 0.0005 0.0005)
(0.001125 0.0005 0.0005)
(0.00125 0.0005 0.0005)
(0.001375 0.0005 0.0005)
(0.0015 0.0005 0.0005)
(0.001625 0.0005 0.0005)
(0.00175 0.0005 0.0005)
(0.001875 0.0005 0.0005)
(0.002 0.0005 0.0005)
(0.002125 0.0005 0.0005)
(0.00225 0.0005 0.0005)
(0.002375 0.0005 0.0005)
(0.0025 0.0005 0.0005)
(0.002625 0.0005 0.0005)
(0.00275 0.0005 0.0005)
(0.002875 0.0005 0.0005)
(0.003 0.0005 0.0005)
(0.003125 0.0005 0.0005)
(0.00325 0.0005 0.0005)
(0.003375 0.0005 0.0005)
(0.0035 0.0005 0.0005)
(0.003625 0.0005 0.0005)
(0.00375 0.0005 0.0005)
(0.003875 0.0005 0.0005)
(0.004 0.0005 0.0005)
(0.004125 0.0005 0.0005)
(0.00425 0.0005 0.0005)
(0.004375 0.0005 0.0005)
(0.0045 0.0005 0.0005)
(0.004625 0.0005 0.0005)
(0.00475 0.0005 0.0005)
(0.004875 0.0005 0.0005)
(0.005 0.0005 0.0005)
(0.005125 0.0005 0.0005)
(0.00525 0.0005 0.0005)
(0.005375 0.0005 0.0005)
(0.0055 0.0005 0.0005)
(0.005625 0.0005 0.0005)
(0.00575 0.0005 0.0005)
(0.005875 0.0005 0.0005)
(0.006 0.0005 0.0005)
(0.006125 0.0005 0.0005)
(0.00625 0.0005 0.0005)
(0.006375 0.0005 0.0005)
(0.0065 0.0005 0.0005)
(0.006625 0.0005 0.0005)
(0.00675 0.0005 0.0005)
(0.006875 0.0005 0.0005)
(0.007 0.0005 0.0005)
(0.007125 0.0005 0.0005)
(0.00725 0.0005 0.0005)
(0.007375 0.0005 0.0005)
(0.0075 0.0005 0.0005)
(0.007625 0.0005 0.0005)
(0.00775 0.0005 0.0005)
(0.007875 0.0005 0.0005)
(0.008 0.0005 0.0005)
(0.008125 0.0005 0.0005)
(0.00825 0.0005 0.0005)
(0.008375 0.0005 0.0005)
(0.0085 0.0005 0.0005)
(0.008625 0.0005 0.0005)
(0.00875 0.0005 0.0005)
(0.008875 0.0005 0.0005)
(0.009 0.0005 0.0005)
(0.009125 0.0005 0.0005)
(0.00925 0.0005 0.0005)
(0.009375 0.0005 0.0005)
(0.0095 0.0005 0.0005)
(0.009625 0.0005 0.0005)
(0.00975 0.0005 0.0005)
(0.009875 0.0005 0.0005)
(0.01 0.0005 0.0005)
(0 0.000625 0.0005)
(0.000125 0.000625 0.0005)
(0.00025 0.000625 0.0005)
(0.000375 0.000625 0.0005)
(0.0005 0.000625 0.0005)
(0.000625 0.000625 0.0005)
(0.00075 0.000625 0.0005)
(0.000875 0.000625 0.0005)
(0.001 0.000625 0.0005)
(0.001125 0.000625 0.0005)
(0.00125 0.000625 0.0005)
(0.001375 0.000625 0.0005)
(0.0015 0.000625 0.0005)
(0.001625 0.000625 0.0005)
(0.00175 0.000625 0.0005)
(0.001875 0.000625 0.0005)
(0.002 0.000625 0.0005)
(0.002125 0.000625 0.0005)
(0.00225 0.000625 0.0005)
(0.002375 0.000625 0.0005)
(0.0025 0.000625 0.0005)
(0.002625 0.000625 0.0005)
(0.00275 0.000625 0.0005)
(0.002875 0.000625 0.0005)
(0.003 0.000625 0.0005)
(0.003125 0.000625 0.0005)
(0.00325 0.000625 0.0005)
(0.003375 0.000625 0.0005)
(0.0035 0.000625 0.0005)
(0.003625 0.000625 0.0005)
(0.00375 0.000625 0.0005)
(0.003875 0.000625 0.0005)
(0.004 0.000625 0.0005)
(0.004125 0.000625 0.0005)
(0.00425 0.000625 0.0005)
(0.004375 0.000625 0.0005)
(0.0045 0.000625 0.0005)
(0.004625 0.000625 0.0005)
(0.00475 0.000625 0.0005)
(0.004875 0.000625 0.0005)
(0.005 0.000625 0.0005)
(0.005125 0.000625 0.0005)
(0.00525 0.000625 0.0005)
(0.005375 0.000625 0.0005)
(0.0055 0.000625 0.0005)
(0.005625 0.000625 0.0005)
(0.00575 0.000625 0.0005)
(0.005875 0.000625 0.0005)
(0.006 0.000625 0.0005)
(0.006125 0.000625 0.0005)
(0.00625 0.000625 0.0005)
(0.006375 0.000625 0.0005)
(0.0065 0.000625 0.0005)
(0.006625 0.000625 0.0005)
(0.00675 0.000625 0.0005)
(0.006875 0.000625 0.0005)
(0.007 0.000625 0.0005)
(0.007125 0.000625 0.0005)
(0.00725 0.000625 0.0005)
(0.007375 0.000625 0.0005)
(0.0075 0.000625 0.0005)
(0.007625 0.000625 0.0005)
(0.00775 0.000625 0.0005)
(0.007875 0.000625 0.0005)
(0.008 0.000625 0.0005)
(0.008125 0.000625 0.0005)
(0.00825 0.000625 0.0005)
(0.008375 0.000625 0.0005)
(0.0085 0.000625 0.0005)
(0.008625 0.000625 0.0005)
(0.00875 0.000625 0.0005)
(0.008875 0.000625 0.0005)
(0.009 0.000625 0.0005)
(0.009125 0.000625 0.0005)
(0.00925 0.000625 0.0005)
(0.009375 0.000625 0.0005)
(0.0095 0.000625 0.0005)
(0.009625 0.000625 0.0005)
(0.00975 0.000625 0.0005)
(0.009875 0.000625 0.0005)
(0.01 0.000625 0.0005)
(0 0.00075 0.0005)
(0.000125 0.00075 0.0005)
(0.00025 0.00075 0.0005)
(0.000375 0.00075 0.0005)
(0.0005 0.00075 0.0005)
(0.000625 0.00075 0.0005)
(0.00075 0.00075 0.0005)
(0.000875 0.00075 0.0005)
(0.001 0.00075 0.0005)
(0.001125 0.00075 0.0005)
(0.00125 0.00075 0.0005)
(0.001375 0.00075 0.0005)
(0.0015 0.00075 0.0005)
(0.001625 0.00075 0.0005)
(0.00175 0.00075 0.0005)
(0.001875 0.00075 0.0005)
(0.002 0.00075 0.0005)
(0.002125 0.00075 0.0005)
(0.00225 0.00075 0.0005)
(0.002375 0.00075 0.0005)
(0.0025 0.00075 0.0005)
(0.002625 0.00075 0.0005)
(0.00275 0.00075 0.0005)
(0.002875 0.00075 0.0005)
(0.003 0.00075 0.0005)
(0.003125 0.00075 0.0005)
(0.00325 0.00075 0.0005)
(0.003375 0.00075 0.0005)
(0.0035 0.00075 0.0005)
(0.003625 0.00075 0.0005)
(0.00375 0.00075 0.0005)
(0.003875 0.00075 0.0005)
(0.004 0.00075 0.0005)
(0.004125 0.00075 0.0005)
(0.00425 0.00075 0.0005)
(0.004375 0.00075 0.0005)
(0.0045 0.00075 0.0005)
(0.004625 0.00075 0.0005)
(0.00475 0.00075 0.0005)
(0.004875 0.00075 0.0005)
(0.005 0.00075 0.0005)
(0.005125 0.00075 0.0005)
(0.00525 0.00075 0.0005)
(0.005375 0.00075 0.0005)
(0.0055 0.00075 0.0005)
(0.005625 0.00075 0.0005)
(0.00575 0.00075 0.0005)
(0.005875 0.00075 0.0005)
(0.006 0.00075 0.0005)
(0.006125 0.00075 0.0005)
(0.00625 0.00075 0.0005)
(0.006375 0.00075 0.0005)
(0.0065 0.00075 0.0005)
(0.006625 0.00075 0.0005)
(0.00675 0.00075 0.0005)
(0.006875 0.00075 0.0005)
(0.007 0.00075 0.0005)
(0.007125 0.00075 0.0005)
(0.00725 0.00075 0.0005)
(0.007375 0.00075 0.0005)
(0.0075 0.00075 0.0005)
(0.007625 0.00075 0.0005)
(0.00775 0.00075 0.0005)
(0.007875 0.00075 0.0005)
(0.008 0.00075 0.0005)
(0.008125 0.00075 0.0005)
(0.00825 0.00075 0.0005)
(0.008375 0.00075 0.0005)
(0.0085 0.00075 0.0005)
(0.008625 0.00075 0.0005)
(0.00875 0.00075 0.0005)
(0.008875 0.00075 0.0005)
(0.009 0.00075 0.0005)
(0.009125 0.00075 0.0005)
(0.00925 0.00075 0.0005)
(0.009375 0.00075 0.0005)
(0.0095 0.00075 0.0005)
(0.009625 0.00075 0.0005)
(0.00975 0.00075 0.0005)
(0.009875 0.00075 0.0005)
(0.01 0.00075 0.0005)
(0 0.000875 0.0005)
(0.000125 0.000875 0.0005)
(0.00025 0.000875 0.0005)
(0.000375 0.000875 0.0005)
(0.0005 0.000875 0.0005)
(0.000625 0.000875 0.0005)
(0.00075 0.000875 0.0005)
(0.000875 0.000875 0.0005)
(0.001 0.000875 0.0005)
(0.001125 0.000875 0.0005)
(0.00125 0.000875 0.0005)
(0.001375 0.000875 0.0005)
(0.0015 0.000875 0.0005)
(0.001625 0.000875 0.0005)
(0.00175 0.000875 0.0005)
(0.001875 0.000875 0.0005)
(0.002 0.000875 0.0005)
(0.002125 0.000875 0.0005)
(0.00225 0.000875 0.0005)
(0.002375 0.000875 0.0005)
(0.0025 0.000875 0.0005)
(0.002625 0.000875 0.0005)
(0.00275 0.000875 0.0005)
(0.002875 0.000875 0.0005)
(0.003 0.000875 0.0005)
(0.003125 0.000875 0.0005)
(0.00325 0.000875 0.0005)
(0.003375 0.000875 0.0005)
(0.0035 0.000875 0.0005)
(0.003625 0.000875 0.0005)
(0.00375 0.000875 0.0005)
(0.003875 0.000875 0.0005)
(0.004 0.000875 0.0005)
(0.004125 0.000875 0.0005)
(0.00425 0.000875 0.0005)
(0.004375 0.000875 0.0005)
(0.0045 0.000875 0.0005)
(0.004625 0.000875 0.0005)
(0.00475 0.000875 0.0005)
(0.004875 0.000875 0.0005)
(0.005 0.000875 0.0005)
(0.005125 0.000875 0.0005)
(0.00525 0.000875 0.0005)
(0.005375 0.000875 0.0005)
(0.0055 0.000875 0.0005)
(0.005625 0.000875 0.0005)
(0.00575 0.000875 0.0005)
(0.005875 0.000875 0.0005)
(0.006 0.000875 0.0005)
(0.006125 0.000875 0.0005)
(0.00625 0.000875 0.0005)
(0.006375 0.000875 0.0005)
(0.0065 0.000875 0.0005)
(0.006625 0.000875 0.0005)
(0.00675 0.000875 0.0005)
(0.006875 0.000875 0.0005)
(0.007 0.000875 0.0005)
(0.007125 0.000875 0.0005)
(0.00725 0.000875 0.0005)
(0.007375 0.000875 0.0005)
(0.0075 0.000875 0.0005)
(0.007625 0.000875 0.0005)
(0.00775 0.000875 0.0005)
(0.007875 0.000875 0.0005)
(0.008 0.000875 0.0005)
(0.008125 0.000875 0.0005)
(0.00825 0.000875 0.0005)
(0.008375 0.000875 0.0005)
(0.0085 0.000875 0.0005)
(0.008625 0.000875 0.0005)
(0.00875 0.000875 0.0005)
(0.008875 0.000875 0.0005)
(0.009 0.000875 0.0005)
(0.009125 0.000875 0.0005)
(0.00925 0.000875 0.0005)
(0.009375 0.000875 0.0005)
(0.0095 0.000875 0.0005)
(0.009625 0.000875 0.0005)
(0.00975 0.000875 0.0005)
(0.009875 0.000875 0.0005)
(0.01 0.000875 0.0005)
(0 0.001 0.0005)
(0.000125 0.001 0.0005)
(0.00025 0.001 0.0005)
(0.000375 0.001 0.0005)
(0.0005 0.001 0.0005)
(0.000625 0.001 0.0005)
(0.00075 0.001 0.0005)
(0.000875 0.001 0.0005)
(0.001 0.001 0.0005)
(0.001125 0.001 0.0005)
(0.00125 0.001 0.0005)
(0.001375 0.001 0.0005)
(0.0015 0.001 0.0005)
(0.001625 0.001 0.0005)
(0.00175 0.001 0.0005)
(0.001875 0.001 0.0005)
(0.002 0.001 0.0005)
(0.002125 0.001 0.0005)
(0.00225 0.001 0.0005)
(0.002375 0.001 0.0005)
(0.0025 0.001 0.0005)
(0.002625 0.001 0.0005)
(0.00275 0.001 0.0005)
(0.002875 0.001 0.0005)
(0.003 0.001 0.0005)
(0.003125 0.001 0.0005)
(0.00325 0.001 0.0005)
(0.003375 0.001 0.0005)
(0.0035 0.001 0.0005)
(0.003625 0.001 0.0005)
(0.00375 0.001 0.0005)
(0.003875 0.001 0.0005)
(0.004 0.001 0.0005)
(0.004125 0.001 0.0005)
(0.00425 0.001 0.0005)
(0.004375 0.001 0.0005)
(0.0045 0.001 0.0005)
(0.004625 0.001 0.0005)
(0.00475 0.001 0.0005)
(0.004875 0.001 0.0005)
(0.005 0.001 0.0005)
(0.005125 0.001 0.0005)
(0.00525 0.001 0.0005)
(0.005375 0.001 0.0005)
(0.0055 0.001 0.0005)
(0.005625 0.001 0.0005)
(0.00575 0.001 0.0005)
(0.005875 0.001 0.0005)
(0.006 0.001 0.0005)
(0.006125 0.001 0.0005)
(0.00625 0.001 0.0005)
(0.006375 0.001 0.0005)
(0.0065 0.001 0.0005)
(0.006625 0.001 0.0005)
(0.00675 0.001 0.0005)
(0.006875 0.001 0.0005)
(0.007 0.001 0.0005)
(0.007125 0.001 0.0005)
(0.00725 0.001 0.0005)
(0.007375 0.001 0.0005)
(0.0075 0.001 0.0005)
(0.007625 0.001 0.0005)
(0.00775 0.001 0.0005)
(0.007875 0.001 0.0005)
(0.008 0.001 0.0005)
(0.008125 0.001 0.0005)
(0.00825 0.001 0.0005)
(0.008375 0.001 0.0005)
(0.0085 0.001 0.0005)
(0.008625 0.001 0.0005)
(0.00875 0.001 0.0005)
(0.008875 0.001 0.0005)
(0.009 0.001 0.0005)
(0.009125 0.001 0.0005)
(0.00925 0.001 0.0005)
(0.009375 0.001 0.0005)
(0.0095 0.001 0.0005)
(0.009625 0.001 0.0005)
(0.00975 0.001 0.0005)
(0.009875 0.001 0.0005)
(0.01 0.001 0.0005)
(0 0 0.000625)
(0.000125 0 0.000625)
(0.00025 0 0.000625)
(0.000375 0 0.000625)
(0.0005 0 0.000625)
(0.000625 0 0.000625)
(0.00075 0 0.000625)
(0.000875 0 0.000625)
(0.001 0 0.000625)
(0.001125 0 0.000625)
(0.00125 0 0.000625)
(0.001375 0 0.000625)
(0.0015 0 0.000625)
(0.001625 0 0.000625)
(0.00175 0 0.000625)
(0.001875 0 0.000625)
(0.002 0 0.000625)
(0.002125 0 0.000625)
(0.00225 0 0.000625)
(0.002375 0 0.000625)
(0.0025 0 0.000625)
(0.002625 0 0.000625)
(0.00275 0 0.000625)
(0.002875 0 0.000625)
(0.003 0 0.000625)
(0.003125 0 0.000625)
(0.00325 0 0.000625)
(0.003375 0 0.000625)
(0.0035 0 0.000625)
(0.003625 0 0.000625)
(0.00375 0 0.000625)
(0.003875 0 0.000625)
(0.004 0 0.000625)
(0.004125 0 0.000625)
(0.00425 0 0.000625)
(0.004375 0 0.000625)
(0.0045 0 0.000625)
(0.004625 0 0.000625)
(0.00475 0 0.000625)
(0.004875 0 0.000625)
(0.005 0 0.000625)
(0.005125 0 0.000625)
(0.00525 0 0.000625)
(0.005375 0 0.000625)
(0.0055 0 0.000625)
(0.005625 0 0.000625)
(0.00575 0 0.000625)
(0.005875 0 0.000625)
(0.006 0 0.000625)
(0.006125 0 0.000625)
(0.00625 0 0.000625)
(0.006375 0 0.000625)
(0.0065 0 0.000625)
(0.006625 0 0.000625)
(0.00675 0 0.000625)
(0.006875 0 0.000625)
(0.007 0 0.000625)
(0.007125 0 0.000625)
(0.00725 0 0.000625)
(0.007375 0 0.000625)
(0.0075 0 0.000625)
(0.007625 0 0.000625)
(0.00775 0 0.000625)
(0.007875 0 0.000625)
(0.008 0 0.000625)
(0.008125 0 0.000625)
(0.00825 0 0.000625)
(0.008375 0 0.000625)
(0.0085 0 0.000625)
(0.008625 0 0.000625)
(0.00875 0 0.000625)
(0.008875 0 0.000625)
(0.009 0 0.000625)
(0.009125 0 0.000625)
(0.00925 0 0.000625)
(0.009375 0 0.000625)
(0.0095 0 0.000625)
(0.009625 0 0.000625)
(0.00975 0 0.000625)
(0.009875 0 0.000625)
(0.01 0 0.000625)
(0 0.000125 0.000625)
(0.000125 0.000125 0.000625)
(0.00025 0.000125 0.000625)
(0.000375 0.000125 0.000625)
(0.0005 0.000125 0.000625)
(0.000625 0.000125 0.000625)
(0.00075 0.000125 0.000625)
(0.000875 0.000125 0.000625)
(0.001 0.000125 0.000625)
(0.001125 0.000125 0.000625)
(0.00125 0.000125 0.000625)
(0.001375 0.000125 0.000625)
(0.0015 0.000125 0.000625)
(0.001625 0.000125 0.000625)
(0.00175 0.000125 0.000625)
(0.001875 0.000125 0.000625)
(0.002 0.000125 0.000625)
(0.002125 0.000125 0.000625)
(0.00225 0.000125 0.000625)
(0.002375 0.000125 0.000625)
(0.0025 0.000125 0.000625)
(0.002625 0.000125 0.000625)
(0.00275 0.000125 0.000625)
(0.002875 0.000125 0.000625)
(0.003 0.000125 0.000625)
(0.003125 0.000125 0.000625)
(0.00325 0.000125 0.000625)
(0.003375 0.000125 0.000625)
(0.0035 0.000125 0.000625)
(0.003625 0.000125 0.000625)
(0.00375 0.000125 0.000625)
(0.003875 0.000125 0.000625)
(0.004 0.000125 0.000625)
(0.004125 0.000125 0.000625)
(0.00425 0.000125 0.000625)
(0.004375 0.000125 0.000625)
(0.0045 0.000125 0.000625)
(0.004625 0.000125 0.000625)
(0.00475 0.000125 0.000625)
(0.004875 0.000125 0.000625)
(0.005 0.000125 0.000625)
(0.005125 0.000125 0.000625)
(0.00525 0.000125 0.000625)
(0.005375 0.000125 0.000625)
(0.0055 0.000125 0.000625)
(0.005625 0.000125 0.000625)
(0.00575 0.000125 0.000625)
(0.005875 0.000125 0.000625)
(0.006 0.000125 0.000625)
(0.006125 0.000125 0.000625)
(0.00625 0.000125 0.000625)
(0.006375 0.000125 0.000625)
(0.0065 0.000125 0.000625)
(0.006625 0.000125 0.000625)
(0.00675 0.000125 0.000625)
(0.006875 0.000125 0.000625)
(0.007 0.000125 0.000625)
(0.007125 0.000125 0.000625)
(0.00725 0.000125 0.000625)
(0.007375 0.000125 0.000625)
(0.0075 0.000125 0.000625)
(0.007625 0.000125 0.000625)
(0.00775 0.000125 0.000625)
(0.007875 0.000125 0.000625)
(0.008 0.000125 0.000625)
(0.008125 0.000125 0.000625)
(0.00825 0.000125 0.000625)
(0.008375 0.000125 0.000625)
(0.0085 0.000125 0.000625)
(0.008625 0.000125 0.000625)
(0.00875 0.000125 0.000625)
(0.008875 0.000125 0.000625)
(0.009 0.000125 0.000625)
(0.009125 0.000125 0.000625)
(0.00925 0.000125 0.000625)
(0.009375 0.000125 0.000625)
(0.0095 0.000125 0.000625)
(0.009625 0.000125 0.000625)
(0.00975 0.000125 0.000625)
(0.009875 0.000125 0.000625)
(0.01 0.000125 0.000625)
(0 0.00025 0.000625)
(0.000125 0.00025 0.000625)
(0.00025 0.00025 0.000625)
(0.000375 0.00025 0.000625)
(0.0005 0.00025 0.000625)
(0.000625 0.00025 0.000625)
(0.00075 0.00025 0.000625)
(0.000875 0.00025 0.000625)
(0.001 0.00025 0.000625)
(0.001125 0.00025 0.000625)
(0.00125 0.00025 0.000625)
(0.001375 0.00025 0.000625)
(0.0015 0.00025 0.000625)
(0.001625 0.00025 0.000625)
(0.00175 0.00025 0.000625)
(0.001875 0.00025 0.000625)
(0.002 0.00025 0.000625)
(0.002125 0.00025 0.000625)
(0.00225 0.00025 0.000625)
(0.002375 0.00025 0.000625)
(0.0025 0.00025 0.000625)
(0.002625 0.00025 0.000625)
(0.00275 0.00025 0.000625)
(0.002875 0.00025 0.000625)
(0.003 0.00025 0.000625)
(0.003125 0.00025 0.000625)
(0.00325 0.00025 0.000625)
(0.003375 0.00025 0.000625)
(0.0035 0.00025 0.000625)
(0.003625 0.00025 0.000625)
(0.00375 0.00025 0.000625)
(0.003875 0.00025 0.000625)
(0.004 0.00025 0.000625)
(0.004125 0.00025 0.000625)
(0.00425 0.00025 0.000625)
(0.004375 0.00025 0.000625)
(0.0045 0.00025 0.000625)
(0.004625 0.00025 0.000625)
(0.00475 0.00025 0.000625)
(0.004875 0.00025 0.000625)
(0.005 0.00025 0.000625)
(0.005125 0.00025 0.000625)
(0.00525 0.00025 0.000625)
(0.005375 0.00025 0.000625)
(0.0055 0.00025 0.000625)
(0.005625 0.00025 0.000625)
(0.00575 0.00025 0.000625)
(0.005875 0.00025 0.000625)
(0.006 0.00025 0.000625)
(0.006125 0.00025 0.000625)
(0.00625 0.00025 0.000625)
(0.006375 0.00025 0.000625)
(0.0065 0.00025 0.000625)
(0.006625 0.00025 0.000625)
(0.00675 0.00025 0.000625)
(0.006875 0.00025 0.000625)
(0.007 0.00025 0.000625)
(0.007125 0.00025 0.000625)
(0.00725 0.00025 0.000625)
(0.007375 0.00025 0.000625)
(0.0075 0.00025 0.000625)
(0.007625 0.00025 0.000625)
(0.00775 0.00025 0.000625)
(0.007875 0.00025 0.000625)
(0.008 0.00025 0.000625)
(0.008125 0.00025 0.000625)
(0.00825 0.00025 0.000625)
(0.008375 0.00025 0.000625)
(0.0085 0.00025 0.000625)
(0.008625 0.00025 0.000625)
(0.00875 0.00025 0.000625)
(0.008875 0.00025 0.000625)
(0.009 0.00025 0.000625)
(0.009125 0.00025 0.000625)
(0.00925 0.00025 0.000625)
(0.009375 0.00025 0.000625)
(0.0095 0.00025 0.000625)
(0.009625 0.00025 0.000625)
(0.00975 0.00025 0.000625)
(0.009875 0.00025 0.000625)
(0.01 0.00025 0.000625)
(0 0.000375 0.000625)
(0.000125 0.000375 0.000625)
(0.00025 0.000375 0.000625)
(0.000375 0.000375 0.000625)
(0.0005 0.000375 0.000625)
(0.000625 0.000375 0.000625)
(0.00075 0.000375 0.000625)
(0.000875 0.000375 0.000625)
(0.001 0.000375 0.000625)
(0.001125 0.000375 0.000625)
(0.00125 0.000375 0.000625)
(0.001375 0.000375 0.000625)
(0.0015 0.000375 0.000625)
(0.001625 0.000375 0.000625)
(0.00175 0.000375 0.000625)
(0.001875 0.000375 0.000625)
(0.002 0.000375 0.000625)
(0.002125 0.000375 0.000625)
(0.00225 0.000375 0.000625)
(0.002375 0.000375 0.000625)
(0.0025 0.000375 0.000625)
(0.002625 0.000375 0.000625)
(0.00275 0.000375 0.000625)
(0.002875 0.000375 0.000625)
(0.003 0.000375 0.000625)
(0.003125 0.000375 0.000625)
(0.00325 0.000375 0.000625)
(0.003375 0.000375 0.000625)
(0.0035 0.000375 0.000625)
(0.003625 0.000375 0.000625)
(0.00375 0.000375 0.000625)
(0.003875 0.000375 0.000625)
(0.004 0.000375 0.000625)
(0.004125 0.000375 0.000625)
(0.00425 0.000375 0.000625)
(0.004375 0.000375 0.000625)
(0.0045 0.000375 0.000625)
(0.004625 0.000375 0.000625)
(0.00475 0.000375 0.000625)
(0.004875 0.000375 0.000625)
(0.005 0.000375 0.000625)
(0.005125 0.000375 0.000625)
(0.00525 0.000375 0.000625)
(0.005375 0.000375 0.000625)
(0.0055 0.000375 0.000625)
(0.005625 0.000375 0.000625)
(0.00575 0.000375 0.000625)
(0.005875 0.000375 0.000625)
(0.006 0.000375 0.000625)
(0.006125 0.000375 0.000625)
(0.00625 0.000375 0.000625)
(0.006375 0.000375 0.000625)
(0.0065 0.000375 0.000625)
(0.006625 0.000375 0.000625)
(0.00675 0.000375 0.000625)
(0.006875 0.000375 0.000625)
(0.007 0.000375 0.000625)
(0.007125 0.000375 0.000625)
(0.00725 0.000375 0.000625)
(0.007375 0.000375 0.000625)
(0.0075 0.000375 0.000625)
(0.007625 0.000375 0.000625)
(0.00775 0.000375 0.000625)
(0.007875 0.000375 0.000625)
(0.008 0.000375 0.000625)
(0.008125 0.000375 0.000625)
(0.00825 0.000375 0.000625)
(0.008375 0.000375 0.000625)
(0.0085 0.000375 0.000625)
(0.008625 0.000375 0.000625)
(0.00875 0.000375 0.000625)
(0.008875 0.000375 0.000625)
(0.009 0.000375 0.000625)
(0.009125 0.000375 0.000625)
(0.00925 0.000375 0.000625)
(0.009375 0.000375 0.000625)
(0.0095 0.000375 0.000625)
(0.009625 0.000375 0.000625)
(0.00975 0.000375 0.000625)
(0.009875 0.000375 0.000625)
(0.01 0.000375 0.000625)
(0 0.0005 0.000625)
(0.000125 0.0005 0.000625)
(0.00025 0.0005 0.000625)
(0.000375 0.0005 0.000625)
(0.0005 0.0005 0.000625)
(0.000625 0.0005 0.000625)
(0.00075 0.0005 0.000625)
(0.000875 0.0005 0.000625)
(0.001 0.0005 0.000625)
(0.001125 0.0005 0.000625)
(0.00125 0.0005 0.000625)
(0.001375 0.0005 0.000625)
(0.0015 0.0005 0.000625)
(0.001625 0.0005 0.000625)
(0.00175 0.0005 0.000625)
(0.001875 0.0005 0.000625)
(0.002 0.0005 0.000625)
(0.002125 0.0005 0.000625)
(0.00225 0.0005 0.000625)
(0.002375 0.0005 0.000625)
(0.0025 0.0005 0.000625)
(0.002625 0.0005 0.000625)
(0.00275 0.0005 0.000625)
(0.002875 0.0005 0.000625)
(0.003 0.0005 0.000625)
(0.003125 0.0005 0.000625)
(0.00325 0.0005 0.000625)
(0.003375 0.0005 0.000625)
(0.0035 0.0005 0.000625)
(0.003625 0.0005 0.000625)
(0.00375 0.0005 0.000625)
(0.003875 0.0005 0.000625)
(0.004 0.0005 0.000625)
(0.004125 0.0005 0.000625)
(0.00425 0.0005 0.000625)
(0.004375 0.0005 0.000625)
(0.0045 0.0005 0.000625)
(0.004625 0.0005 0.000625)
(0.00475 0.0005 0.000625)
(0.004875 0.0005 0.000625)
(0.005 0.0005 0.000625)
(0.005125 0.0005 0.000625)
(0.00525 0.0005 0.000625)
(0.005375 0.0005 0.000625)
(0.0055 0.0005 0.000625)
(0.005625 0.0005 0.000625)
(0.00575 0.0005 0.000625)
(0.005875 0.0005 0.000625)
(0.006 0.0005 0.000625)
(0.006125 0.0005 0.000625)
(0.00625 0.0005 0.000625)
(0.006375 0.0005 0.000625)
(0.0065 0.0005 0.000625)
(0.006625 0.0005 0.000625)
(0.00675 0.0005 0.000625)
(0.006875 0.0005 0.000625)
(0.007 0.0005 0.000625)
(0.007125 0.0005 0.000625)
(0.00725 0.0005 0.000625)
(0.007375 0.0005 0.000625)
(0.0075 0.0005 0.000625)
(0.007625 0.0005 0.000625)
(0.00775 0.0005 0.000625)
(0.007875 0.0005 0.000625)
(0.008 0.0005 0.000625)
(0.008125 0.0005 0.000625)
(0.00825 0.0005 0.000625)
(0.008375 0.0005 0.000625)
(0.0085 0.0005 0.000625)
(0.008625 0.0005 0.000625)
(0.00875 0.0005 0.000625)
(0.008875 0.0005 0.000625)
(0.009 0.0005 0.000625)
(0.009125 0.0005 0.000625)
(0.00925 0.0005 0.000625)
(0.009375 0.0005 0.000625)
(0.0095 0.0005 0.000625)
(0.009625 0.0005 0.000625)
(0.00975 0.0005 0.000625)
(0.009875 0.0005 0.000625)
(0.01 0.0005 0.000625)
(0 0.000625 0.000625)
(0.000125 0.000625 0.000625)
(0.00025 0.000625 0.000625)
(0.000375 0.000625 0.000625)
(0.0005 0.000625 0.000625)
(0.000625 0.000625 0.000625)
(0.00075 0.000625 0.000625)
(0.000875 0.000625 0.000625)
(0.001 0.000625 0.000625)
(0.001125 0.000625 0.000625)
(0.00125 0.000625 0.000625)
(0.001375 0.000625 0.000625)
(0.0015 0.000625 0.000625)
(0.001625 0.000625 0.000625)
(0.00175 0.000625 0.000625)
(0.001875 0.000625 0.000625)
(0.002 0.000625 0.000625)
(0.002125 0.000625 0.000625)
(0.00225 0.000625 0.000625)
(0.002375 0.000625 0.000625)
(0.0025 0.000625 0.000625)
(0.002625 0.000625 0.000625)
(0.00275 0.000625 0.000625)
(0.002875 0.000625 0.000625)
(0.003 0.000625 0.000625)
(0.003125 0.000625 0.000625)
(0.00325 0.000625 0.000625)
(0.003375 0.000625 0.000625)
(0.0035 0.000625 0.000625)
(0.003625 0.000625 0.000625)
(0.00375 0.000625 0.000625)
(0.003875 0.000625 0.000625)
(0.004 0.000625 0.000625)
(0.004125 0.000625 0.000625)
(0.00425 0.000625 0.000625)
(0.004375 0.000625 0.000625)
(0.0045 0.000625 0.000625)
(0.004625 0.000625 0.000625)
(0.00475 0.000625 0.000625)
(0.004875 0.000625 0.000625)
(0.005 0.000625 0.000625)
(0.005125 0.000625 0.000625)
(0.00525 0.000625 0.000625)
(0.005375 0.000625 0.000625)
(0.0055 0.000625 0.000625)
(0.005625 0.000625 0.000625)
(0.00575 0.000625 0.000625)
(0.005875 0.000625 0.000625)
(0.006 0.000625 0.000625)
(0.006125 0.000625 0.000625)
(0.00625 0.000625 0.000625)
(0.006375 0.000625 0.000625)
(0.0065 0.000625 0.000625)
(0.006625 0.000625 0.000625)
(0.00675 0.000625 0.000625)
(0.006875 0.000625 0.000625)
(0.007 0.000625 0.000625)
(0.007125 0.000625 0.000625)
(0.00725 0.000625 0.000625)
(0.007375 0.000625 0.000625)
(0.0075 0.000625 0.000625)
(0.007625 0.000625 0.000625)
(0.00775 0.000625 0.000625)
(0.007875 0.000625 0.000625)
(0.008 0.000625 0.000625)
(0.008125 0.000625 0.000625)
(0.00825 0.000625 0.000625)
(0.008375 0.000625 0.000625)
(0.0085 0.000625 0.000625)
(0.008625 0.000625 0.000625)
(0.00875 0.000625 0.000625)
(0.008875 0.000625 0.000625)
(0.009 0.000625 0.000625)
(0.009125 0.000625 0.000625)
(0.00925 0.000625 0.000625)
(0.009375 0.000625 0.000625)
(0.0095 0.000625 0.000625)
(0.009625 0.000625 0.000625)
(0.00975 0.000625 0.000625)
(0.009875 0.000625 0.000625)
(0.01 0.000625 0.000625)
(0 0.00075 0.000625)
(0.000125 0.00075 0.000625)
(0.00025 0.00075 0.000625)
(0.000375 0.00075 0.000625)
(0.0005 0.00075 0.000625)
(0.000625 0.00075 0.000625)
(0.00075 0.00075 0.000625)
(0.000875 0.00075 0.000625)
(0.001 0.00075 0.000625)
(0.001125 0.00075 0.000625)
(0.00125 0.00075 0.000625)
(0.001375 0.00075 0.000625)
(0.0015 0.00075 0.000625)
(0.001625 0.00075 0.000625)
(0.00175 0.00075 0.000625)
(0.001875 0.00075 0.000625)
(0.002 0.00075 0.000625)
(0.002125 0.00075 0.000625)
(0.00225 0.00075 0.000625)
(0.002375 0.00075 0.000625)
(0.0025 0.00075 0.000625)
(0.002625 0.00075 0.000625)
(0.00275 0.00075 0.000625)
(0.002875 0.00075 0.000625)
(0.003 0.00075 0.000625)
(0.003125 0.00075 0.000625)
(0.00325 0.00075 0.000625)
(0.003375 0.00075 0.000625)
(0.0035 0.00075 0.000625)
(0.003625 0.00075 0.000625)
(0.00375 0.00075 0.000625)
(0.003875 0.00075 0.000625)
(0.004 0.00075 0.000625)
(0.004125 0.00075 0.000625)
(0.00425 0.00075 0.000625)
(0.004375 0.00075 0.000625)
(0.0045 0.00075 0.000625)
(0.004625 0.00075 0.000625)
(0.00475 0.00075 0.000625)
(0.004875 0.00075 0.000625)
(0.005 0.00075 0.000625)
(0.005125 0.00075 0.000625)
(0.00525 0.00075 0.000625)
(0.005375 0.00075 0.000625)
(0.0055 0.00075 0.000625)
(0.005625 0.00075 0.000625)
(0.00575 0.00075 0.000625)
(0.005875 0.00075 0.000625)
(0.006 0.00075 0.000625)
(0.006125 0.00075 0.000625)
(0.00625 0.00075 0.000625)
(0.006375 0.00075 0.000625)
(0.0065 0.00075 0.000625)
(0.006625 0.00075 0.000625)
(0.00675 0.00075 0.000625)
(0.006875 0.00075 0.000625)
(0.007 0.00075 0.000625)
(0.007125 0.00075 0.000625)
(0.00725 0.00075 0.000625)
(0.007375 0.00075 0.000625)
(0.0075 0.00075 0.000625)
(0.007625 0.00075 0.000625)
(0.00775 0.00075 0.000625)
(0.007875 0.00075 0.000625)
(0.008 0.00075 0.000625)
(0.008125 0.00075 0.000625)
(0.00825 0.00075 0.000625)
(0.008375 0.00075 0.000625)
(0.0085 0.00075 0.000625)
(0.008625 0.00075 0.000625)
(0.00875 0.00075 0.000625)
(0.008875 0.00075 0.000625)
(0.009 0.00075 0.000625)
(0.009125 0.00075 0.000625)
(0.00925 0.00075 0.000625)
(0.009375 0.00075 0.000625)
(0.0095 0.00075 0.000625)
(0.009625 0.00075 0.000625)
(0.00975 0.00075 0.000625)
(0.009875 0.00075 0.000625)
(0.01 0.00075 0.000625)
(0 0.000875 0.000625)
(0.000125 0.000875 0.000625)
(0.00025 0.000875 0.000625)
(0.000375 0.000875 0.000625)
(0.0005 0.000875 0.000625)
(0.000625 0.000875 0.000625)
(0.00075 0.000875 0.000625)
(0.000875 0.000875 0.000625)
(0.001 0.000875 0.000625)
(0.001125 0.000875 0.000625)
(0.00125 0.000875 0.000625)
(0.001375 0.000875 0.000625)
(0.0015 0.000875 0.000625)
(0.001625 0.000875 0.000625)
(0.00175 0.000875 0.000625)
(0.001875 0.000875 0.000625)
(0.002 0.000875 0.000625)
(0.002125 0.000875 0.000625)
(0.00225 0.000875 0.000625)
(0.002375 0.000875 0.000625)
(0.0025 0.000875 0.000625)
(0.002625 0.000875 0.000625)
(0.00275 0.000875 0.000625)
(0.002875 0.000875 0.000625)
(0.003 0.000875 0.000625)
(0.003125 0.000875 0.000625)
(0.00325 0.000875 0.000625)
(0.003375 0.000875 0.000625)
(0.0035 0.000875 0.000625)
(0.003625 0.000875 0.000625)
(0.00375 0.000875 0.000625)
(0.003875 0.000875 0.000625)
(0.004 0.000875 0.000625)
(0.004125 0.000875 0.000625)
(0.00425 0.000875 0.000625)
(0.004375 0.000875 0.000625)
(0.0045 0.000875 0.000625)
(0.004625 0.000875 0.000625)
(0.00475 0.000875 0.000625)
(0.004875 0.000875 0.000625)
(0.005 0.000875 0.000625)
(0.005125 0.000875 0.000625)
(0.00525 0.000875 0.000625)
(0.005375 0.000875 0.000625)
(0.0055 0.000875 0.000625)
(0.005625 0.000875 0.000625)
(0.00575 0.000875 0.000625)
(0.005875 0.000875 0.000625)
(0.006 0.000875 0.000625)
(0.006125 0.000875 0.000625)
(0.00625 0.000875 0.000625)
(0.006375 0.000875 0.000625)
(0.0065 0.000875 0.000625)
(0.006625 0.000875 0.000625)
(0.00675 0.000875 0.000625)
(0.006875 0.000875 0.000625)
(0.007 0.000875 0.000625)
(0.007125 0.000875 0.000625)
(0.00725 0.000875 0.000625)
(0.007375 0.000875 0.000625)
(0.0075 0.000875 0.000625)
(0.007625 0.000875 0.000625)
(0.00775 0.000875 0.000625)
(0.007875 0.000875 0.000625)
(0.008 0.000875 0.000625)
(0.008125 0.000875 0.000625)
(0.00825 0.000875 0.000625)
(0.008375 0.000875 0.000625)
(0.0085 0.000875 0.000625)
(0.008625 0.000875 0.000625)
(0.00875 0.000875 0.000625)
(0.008875 0.000875 0.000625)
(0.009 0.000875 0.000625)
(0.009125 0.000875 0.000625)
(0.00925 0.000875 0.000625)
(0.009375 0.000875 0.000625)
(0.0095 0.000875 0.000625)
(0.009625 0.000875 0.000625)
(0.00975 0.000875 0.000625)
(0.009875 0.000875 0.000625)
(0.01 0.000875 0.000625)
(0 0.001 0.000625)
(0.000125 0.001 0.000625)
(0.00025 0.001 0.000625)
(0.000375 0.001 0.000625)
(0.0005 0.001 0.000625)
(0.000625 0.001 0.000625)
(0.00075 0.001 0.000625)
(0.000875 0.001 0.000625)
(0.001 0.001 0.000625)
(0.001125 0.001 0.000625)
(0.00125 0.001 0.000625)
(0.001375 0.001 0.000625)
(0.0015 0.001 0.000625)
(0.001625 0.001 0.000625)
(0.00175 0.001 0.000625)
(0.001875 0.001 0.000625)
(0.002 0.001 0.000625)
(0.002125 0.001 0.000625)
(0.00225 0.001 0.000625)
(0.002375 0.001 0.000625)
(0.0025 0.001 0.000625)
(0.002625 0.001 0.000625)
(0.00275 0.001 0.000625)
(0.002875 0.001 0.000625)
(0.003 0.001 0.000625)
(0.003125 0.001 0.000625)
(0.00325 0.001 0.000625)
(0.003375 0.001 0.000625)
(0.0035 0.001 0.000625)
(0.003625 0.001 0.000625)
(0.00375 0.001 0.000625)
(0.003875 0.001 0.000625)
(0.004 0.001 0.000625)
(0.004125 0.001 0.000625)
(0.00425 0.001 0.000625)
(0.004375 0.001 0.000625)
(0.0045 0.001 0.000625)
(0.004625 0.001 0.000625)
(0.00475 0.001 0.000625)
(0.004875 0.001 0.000625)
(0.005 0.001 0.000625)
(0.005125 0.001 0.000625)
(0.00525 0.001 0.000625)
(0.005375 0.001 0.000625)
(0.0055 0.001 0.000625)
(0.005625 0.001 0.000625)
(0.00575 0.001 0.000625)
(0.005875 0.001 0.000625)
(0.006 0.001 0.000625)
(0.006125 0.001 0.000625)
(0.00625 0.001 0.000625)
(0.006375 0.001 0.000625)
(0.0065 0.001 0.000625)
(0.006625 0.001 0.000625)
(0.00675 0.001 0.000625)
(0.006875 0.001 0.000625)
(0.007 0.001 0.000625)
(0.007125 0.001 0.000625)
(0.00725 0.001 0.000625)
(0.007375 0.001 0.000625)
(0.0075 0.001 0.000625)
(0.007625 0.001 0.000625)
(0.00775 0.001 0.000625)
(0.007875 0.001 0.000625)
(0.008 0.001 0.000625)
(0.008125 0.001 0.000625)
(0.00825 0.001 0.000625)
(0.008375 0.001 0.000625)
(0.0085 0.001 0.000625)
(0.008625 0.001 0.000625)
(0.00875 0.001 0.000625)
(0.008875 0.001 0.000625)
(0.009 0.001 0.000625)
(0.009125 0.001 0.000625)
(0.00925 0.001 0.000625)
(0.009375 0.001 0.000625)
(0.0095 0.001 0.000625)
(0.009625 0.001 0.000625)
(0.00975 0.001 0.000625)
(0.009875 0.001 0.000625)
(0.01 0.001 0.000625)
(0 0 0.00075)
(0.000125 0 0.00075)
(0.00025 0 0.00075)
(0.000375 0 0.00075)
(0.0005 0 0.00075)
(0.000625 0 0.00075)
(0.00075 0 0.00075)
(0.000875 0 0.00075)
(0.001 0 0.00075)
(0.001125 0 0.00075)
(0.00125 0 0.00075)
(0.001375 0 0.00075)
(0.0015 0 0.00075)
(0.001625 0 0.00075)
(0.00175 0 0.00075)
(0.001875 0 0.00075)
(0.002 0 0.00075)
(0.002125 0 0.00075)
(0.00225 0 0.00075)
(0.002375 0 0.00075)
(0.0025 0 0.00075)
(0.002625 0 0.00075)
(0.00275 0 0.00075)
(0.002875 0 0.00075)
(0.003 0 0.00075)
(0.003125 0 0.00075)
(0.00325 0 0.00075)
(0.003375 0 0.00075)
(0.0035 0 0.00075)
(0.003625 0 0.00075)
(0.00375 0 0.00075)
(0.003875 0 0.00075)
(0.004 0 0.00075)
(0.004125 0 0.00075)
(0.00425 0 0.00075)
(0.004375 0 0.00075)
(0.0045 0 0.00075)
(0.004625 0 0.00075)
(0.00475 0 0.00075)
(0.004875 0 0.00075)
(0.005 0 0.00075)
(0.005125 0 0.00075)
(0.00525 0 0.00075)
(0.005375 0 0.00075)
(0.0055 0 0.00075)
(0.005625 0 0.00075)
(0.00575 0 0.00075)
(0.005875 0 0.00075)
(0.006 0 0.00075)
(0.006125 0 0.00075)
(0.00625 0 0.00075)
(0.006375 0 0.00075)
(0.0065 0 0.00075)
(0.006625 0 0.00075)
(0.00675 0 0.00075)
(0.006875 0 0.00075)
(0.007 0 0.00075)
(0.007125 0 0.00075)
(0.00725 0 0.00075)
(0.007375 0 0.00075)
(0.0075 0 0.00075)
(0.007625 0 0.00075)
(0.00775 0 0.00075)
(0.007875 0 0.00075)
(0.008 0 0.00075)
(0.008125 0 0.00075)
(0.00825 0 0.00075)
(0.008375 0 0.00075)
(0.0085 0 0.00075)
(0.008625 0 0.00075)
(0.00875 0 0.00075)
(0.008875 0 0.00075)
(0.009 0 0.00075)
(0.009125 0 0.00075)
(0.00925 0 0.00075)
(0.009375 0 0.00075)
(0.0095 0 0.00075)
(0.009625 0 0.00075)
(0.00975 0 0.00075)
(0.009875 0 0.00075)
(0.01 0 0.00075)
(0 0.000125 0.00075)
(0.000125 0.000125 0.00075)
(0.00025 0.000125 0.00075)
(0.000375 0.000125 0.00075)
(0.0005 0.000125 0.00075)
(0.000625 0.000125 0.00075)
(0.00075 0.000125 0.00075)
(0.000875 0.000125 0.00075)
(0.001 0.000125 0.00075)
(0.001125 0.000125 0.00075)
(0.00125 0.000125 0.00075)
(0.001375 0.000125 0.00075)
(0.0015 0.000125 0.00075)
(0.001625 0.000125 0.00075)
(0.00175 0.000125 0.00075)
(0.001875 0.000125 0.00075)
(0.002 0.000125 0.00075)
(0.002125 0.000125 0.00075)
(0.00225 0.000125 0.00075)
(0.002375 0.000125 0.00075)
(0.0025 0.000125 0.00075)
(0.002625 0.000125 0.00075)
(0.00275 0.000125 0.00075)
(0.002875 0.000125 0.00075)
(0.003 0.000125 0.00075)
(0.003125 0.000125 0.00075)
(0.00325 0.000125 0.00075)
(0.003375 0.000125 0.00075)
(0.0035 0.000125 0.00075)
(0.003625 0.000125 0.00075)
(0.00375 0.000125 0.00075)
(0.003875 0.000125 0.00075)
(0.004 0.000125 0.00075)
(0.004125 0.000125 0.00075)
(0.00425 0.000125 0.00075)
(0.004375 0.000125 0.00075)
(0.0045 0.000125 0.00075)
(0.004625 0.000125 0.00075)
(0.00475 0.000125 0.00075)
(0.004875 0.000125 0.00075)
(0.005 0.000125 0.00075)
(0.005125 0.000125 0.00075)
(0.00525 0.000125 0.00075)
(0.005375 0.000125 0.00075)
(0.0055 0.000125 0.00075)
(0.005625 0.000125 0.00075)
(0.00575 0.000125 0.00075)
(0.005875 0.000125 0.00075)
(0.006 0.000125 0.00075)
(0.006125 0.000125 0.00075)
(0.00625 0.000125 0.00075)
(0.006375 0.000125 0.00075)
(0.0065 0.000125 0.00075)
(0.006625 0.000125 0.00075)
(0.00675 0.000125 0.00075)
(0.006875 0.000125 0.00075)
(0.007 0.000125 0.00075)
(0.007125 0.000125 0.00075)
(0.00725 0.000125 0.00075)
(0.007375 0.000125 0.00075)
(0.0075 0.000125 0.00075)
(0.007625 0.000125 0.00075)
(0.00775 0.000125 0.00075)
(0.007875 0.000125 0.00075)
(0.008 0.000125 0.00075)
(0.008125 0.000125 0.00075)
(0.00825 0.000125 0.00075)
(0.008375 0.000125 0.00075)
(0.0085 0.000125 0.00075)
(0.008625 0.000125 0.00075)
(0.00875 0.000125 0.00075)
(0.008875 0.000125 0.00075)
(0.009 0.000125 0.00075)
(0.009125 0.000125 0.00075)
(0.00925 0.000125 0.00075)
(0.009375 0.000125 0.00075)
(0.0095 0.000125 0.00075)
(0.009625 0.000125 0.00075)
(0.00975 0.000125 0.00075)
(0.009875 0.000125 0.00075)
(0.01 0.000125 0.00075)
(0 0.00025 0.00075)
(0.000125 0.00025 0.00075)
(0.00025 0.00025 0.00075)
(0.000375 0.00025 0.00075)
(0.0005 0.00025 0.00075)
(0.000625 0.00025 0.00075)
(0.00075 0.00025 0.00075)
(0.000875 0.00025 0.00075)
(0.001 0.00025 0.00075)
(0.001125 0.00025 0.00075)
(0.00125 0.00025 0.00075)
(0.001375 0.00025 0.00075)
(0.0015 0.00025 0.00075)
(0.001625 0.00025 0.00075)
(0.00175 0.00025 0.00075)
(0.001875 0.00025 0.00075)
(0.002 0.00025 0.00075)
(0.002125 0.00025 0.00075)
(0.00225 0.00025 0.00075)
(0.002375 0.00025 0.00075)
(0.0025 0.00025 0.00075)
(0.002625 0.00025 0.00075)
(0.00275 0.00025 0.00075)
(0.002875 0.00025 0.00075)
(0.003 0.00025 0.00075)
(0.003125 0.00025 0.00075)
(0.00325 0.00025 0.00075)
(0.003375 0.00025 0.00075)
(0.0035 0.00025 0.00075)
(0.003625 0.00025 0.00075)
(0.00375 0.00025 0.00075)
(0.003875 0.00025 0.00075)
(0.004 0.00025 0.00075)
(0.004125 0.00025 0.00075)
(0.00425 0.00025 0.00075)
(0.004375 0.00025 0.00075)
(0.0045 0.00025 0.00075)
(0.004625 0.00025 0.00075)
(0.00475 0.00025 0.00075)
(0.004875 0.00025 0.00075)
(0.005 0.00025 0.00075)
(0.005125 0.00025 0.00075)
(0.00525 0.00025 0.00075)
(0.005375 0.00025 0.00075)
(0.0055 0.00025 0.00075)
(0.005625 0.00025 0.00075)
(0.00575 0.00025 0.00075)
(0.005875 0.00025 0.00075)
(0.006 0.00025 0.00075)
(0.006125 0.00025 0.00075)
(0.00625 0.00025 0.00075)
(0.006375 0.00025 0.00075)
(0.0065 0.00025 0.00075)
(0.006625 0.00025 0.00075)
(0.00675 0.00025 0.00075)
(0.006875 0.00025 0.00075)
(0.007 0.00025 0.00075)
(0.007125 0.00025 0.00075)
(0.00725 0.00025 0.00075)
(0.007375 0.00025 0.00075)
(0.0075 0.00025 0.00075)
(0.007625 0.00025 0.00075)
(0.00775 0.00025 0.00075)
(0.007875 0.00025 0.00075)
(0.008 0.00025 0.00075)
(0.008125 0.00025 0.00075)
(0.00825 0.00025 0.00075)
(0.008375 0.00025 0.00075)
(0.0085 0.00025 0.00075)
(0.008625 0.00025 0.00075)
(0.00875 0.00025 0.00075)
(0.008875 0.00025 0.00075)
(0.009 0.00025 0.00075)
(0.009125 0.00025 0.00075)
(0.00925 0.00025 0.00075)
(0.009375 0.00025 0.00075)
(0.0095 0.00025 0.00075)
(0.009625 0.00025 0.00075)
(0.00975 0.00025 0.00075)
(0.009875 0.00025 0.00075)
(0.01 0.00025 0.00075)
(0 0.000375 0.00075)
(0.000125 0.000375 0.00075)
(0.00025 0.000375 0.00075)
(0.000375 0.000375 0.00075)
(0.0005 0.000375 0.00075)
(0.000625 0.000375 0.00075)
(0.00075 0.000375 0.00075)
(0.000875 0.000375 0.00075)
(0.001 0.000375 0.00075)
(0.001125 0.000375 0.00075)
(0.00125 0.000375 0.00075)
(0.001375 0.000375 0.00075)
(0.0015 0.000375 0.00075)
(0.001625 0.000375 0.00075)
(0.00175 0.000375 0.00075)
(0.001875 0.000375 0.00075)
(0.002 0.000375 0.00075)
(0.002125 0.000375 0.00075)
(0.00225 0.000375 0.00075)
(0.002375 0.000375 0.00075)
(0.0025 0.000375 0.00075)
(0.002625 0.000375 0.00075)
(0.00275 0.000375 0.00075)
(0.002875 0.000375 0.00075)
(0.003 0.000375 0.00075)
(0.003125 0.000375 0.00075)
(0.00325 0.000375 0.00075)
(0.003375 0.000375 0.00075)
(0.0035 0.000375 0.00075)
(0.003625 0.000375 0.00075)
(0.00375 0.000375 0.00075)
(0.003875 0.000375 0.00075)
(0.004 0.000375 0.00075)
(0.004125 0.000375 0.00075)
(0.00425 0.000375 0.00075)
(0.004375 0.000375 0.00075)
(0.0045 0.000375 0.00075)
(0.004625 0.000375 0.00075)
(0.00475 0.000375 0.00075)
(0.004875 0.000375 0.00075)
(0.005 0.000375 0.00075)
(0.005125 0.000375 0.00075)
(0.00525 0.000375 0.00075)
(0.005375 0.000375 0.00075)
(0.0055 0.000375 0.00075)
(0.005625 0.000375 0.00075)
(0.00575 0.000375 0.00075)
(0.005875 0.000375 0.00075)
(0.006 0.000375 0.00075)
(0.006125 0.000375 0.00075)
(0.00625 0.000375 0.00075)
(0.006375 0.000375 0.00075)
(0.0065 0.000375 0.00075)
(0.006625 0.000375 0.00075)
(0.00675 0.000375 0.00075)
(0.006875 0.000375 0.00075)
(0.007 0.000375 0.00075)
(0.007125 0.000375 0.00075)
(0.00725 0.000375 0.00075)
(0.007375 0.000375 0.00075)
(0.0075 0.000375 0.00075)
(0.007625 0.000375 0.00075)
(0.00775 0.000375 0.00075)
(0.007875 0.000375 0.00075)
(0.008 0.000375 0.00075)
(0.008125 0.000375 0.00075)
(0.00825 0.000375 0.00075)
(0.008375 0.000375 0.00075)
(0.0085 0.000375 0.00075)
(0.008625 0.000375 0.00075)
(0.00875 0.000375 0.00075)
(0.008875 0.000375 0.00075)
(0.009 0.000375 0.00075)
(0.009125 0.000375 0.00075)
(0.00925 0.000375 0.00075)
(0.009375 0.000375 0.00075)
(0.0095 0.000375 0.00075)
(0.009625 0.000375 0.00075)
(0.00975 0.000375 0.00075)
(0.009875 0.000375 0.00075)
(0.01 0.000375 0.00075)
(0 0.0005 0.00075)
(0.000125 0.0005 0.00075)
(0.00025 0.0005 0.00075)
(0.000375 0.0005 0.00075)
(0.0005 0.0005 0.00075)
(0.000625 0.0005 0.00075)
(0.00075 0.0005 0.00075)
(0.000875 0.0005 0.00075)
(0.001 0.0005 0.00075)
(0.001125 0.0005 0.00075)
(0.00125 0.0005 0.00075)
(0.001375 0.0005 0.00075)
(0.0015 0.0005 0.00075)
(0.001625 0.0005 0.00075)
(0.00175 0.0005 0.00075)
(0.001875 0.0005 0.00075)
(0.002 0.0005 0.00075)
(0.002125 0.0005 0.00075)
(0.00225 0.0005 0.00075)
(0.002375 0.0005 0.00075)
(0.0025 0.0005 0.00075)
(0.002625 0.0005 0.00075)
(0.00275 0.0005 0.00075)
(0.002875 0.0005 0.00075)
(0.003 0.0005 0.00075)
(0.003125 0.0005 0.00075)
(0.00325 0.0005 0.00075)
(0.003375 0.0005 0.00075)
(0.0035 0.0005 0.00075)
(0.003625 0.0005 0.00075)
(0.00375 0.0005 0.00075)
(0.003875 0.0005 0.00075)
(0.004 0.0005 0.00075)
(0.004125 0.0005 0.00075)
(0.00425 0.0005 0.00075)
(0.004375 0.0005 0.00075)
(0.0045 0.0005 0.00075)
(0.004625 0.0005 0.00075)
(0.00475 0.0005 0.00075)
(0.004875 0.0005 0.00075)
(0.005 0.0005 0.00075)
(0.005125 0.0005 0.00075)
(0.00525 0.0005 0.00075)
(0.005375 0.0005 0.00075)
(0.0055 0.0005 0.00075)
(0.005625 0.0005 0.00075)
(0.00575 0.0005 0.00075)
(0.005875 0.0005 0.00075)
(0.006 0.0005 0.00075)
(0.006125 0.0005 0.00075)
(0.00625 0.0005 0.00075)
(0.006375 0.0005 0.00075)
(0.0065 0.0005 0.00075)
(0.006625 0.0005 0.00075)
(0.00675 0.0005 0.00075)
(0.006875 0.0005 0.00075)
(0.007 0.0005 0.00075)
(0.007125 0.0005 0.00075)
(0.00725 0.0005 0.00075)
(0.007375 0.0005 0.00075)
(0.0075 0.0005 0.00075)
(0.007625 0.0005 0.00075)
(0.00775 0.0005 0.00075)
(0.007875 0.0005 0.00075)
(0.008 0.0005 0.00075)
(0.008125 0.0005 0.00075)
(0.00825 0.0005 0.00075)
(0.008375 0.0005 0.00075)
(0.0085 0.0005 0.00075)
(0.008625 0.0005 0.00075)
(0.00875 0.0005 0.00075)
(0.008875 0.0005 0.00075)
(0.009 0.0005 0.00075)
(0.009125 0.0005 0.00075)
(0.00925 0.0005 0.00075)
(0.009375 0.0005 0.00075)
(0.0095 0.0005 0.00075)
(0.009625 0.0005 0.00075)
(0.00975 0.0005 0.00075)
(0.009875 0.0005 0.00075)
(0.01 0.0005 0.00075)
(0 0.000625 0.00075)
(0.000125 0.000625 0.00075)
(0.00025 0.000625 0.00075)
(0.000375 0.000625 0.00075)
(0.0005 0.000625 0.00075)
(0.000625 0.000625 0.00075)
(0.00075 0.000625 0.00075)
(0.000875 0.000625 0.00075)
(0.001 0.000625 0.00075)
(0.001125 0.000625 0.00075)
(0.00125 0.000625 0.00075)
(0.001375 0.000625 0.00075)
(0.0015 0.000625 0.00075)
(0.001625 0.000625 0.00075)
(0.00175 0.000625 0.00075)
(0.001875 0.000625 0.00075)
(0.002 0.000625 0.00075)
(0.002125 0.000625 0.00075)
(0.00225 0.000625 0.00075)
(0.002375 0.000625 0.00075)
(0.0025 0.000625 0.00075)
(0.002625 0.000625 0.00075)
(0.00275 0.000625 0.00075)
(0.002875 0.000625 0.00075)
(0.003 0.000625 0.00075)
(0.003125 0.000625 0.00075)
(0.00325 0.000625 0.00075)
(0.003375 0.000625 0.00075)
(0.0035 0.000625 0.00075)
(0.003625 0.000625 0.00075)
(0.00375 0.000625 0.00075)
(0.003875 0.000625 0.00075)
(0.004 0.000625 0.00075)
(0.004125 0.000625 0.00075)
(0.00425 0.000625 0.00075)
(0.004375 0.000625 0.00075)
(0.0045 0.000625 0.00075)
(0.004625 0.000625 0.00075)
(0.00475 0.000625 0.00075)
(0.004875 0.000625 0.00075)
(0.005 0.000625 0.00075)
(0.005125 0.000625 0.00075)
(0.00525 0.000625 0.00075)
(0.005375 0.000625 0.00075)
(0.0055 0.000625 0.00075)
(0.005625 0.000625 0.00075)
(0.00575 0.000625 0.00075)
(0.005875 0.000625 0.00075)
(0.006 0.000625 0.00075)
(0.006125 0.000625 0.00075)
(0.00625 0.000625 0.00075)
(0.006375 0.000625 0.00075)
(0.0065 0.000625 0.00075)
(0.006625 0.000625 0.00075)
(0.00675 0.000625 0.00075)
(0.006875 0.000625 0.00075)
(0.007 0.000625 0.00075)
(0.007125 0.000625 0.00075)
(0.00725 0.000625 0.00075)
(0.007375 0.000625 0.00075)
(0.0075 0.000625 0.00075)
(0.007625 0.000625 0.00075)
(0.00775 0.000625 0.00075)
(0.007875 0.000625 0.00075)
(0.008 0.000625 0.00075)
(0.008125 0.000625 0.00075)
(0.00825 0.000625 0.00075)
(0.008375 0.000625 0.00075)
(0.0085 0.000625 0.00075)
(0.008625 0.000625 0.00075)
(0.00875 0.000625 0.00075)
(0.008875 0.000625 0.00075)
(0.009 0.000625 0.00075)
(0.009125 0.000625 0.00075)
(0.00925 0.000625 0.00075)
(0.009375 0.000625 0.00075)
(0.0095 0.000625 0.00075)
(0.009625 0.000625 0.00075)
(0.00975 0.000625 0.00075)
(0.009875 0.000625 0.00075)
(0.01 0.000625 0.00075)
(0 0.00075 0.00075)
(0.000125 0.00075 0.00075)
(0.00025 0.00075 0.00075)
(0.000375 0.00075 0.00075)
(0.0005 0.00075 0.00075)
(0.000625 0.00075 0.00075)
(0.00075 0.00075 0.00075)
(0.000875 0.00075 0.00075)
(0.001 0.00075 0.00075)
(0.001125 0.00075 0.00075)
(0.00125 0.00075 0.00075)
(0.001375 0.00075 0.00075)
(0.0015 0.00075 0.00075)
(0.001625 0.00075 0.00075)
(0.00175 0.00075 0.00075)
(0.001875 0.00075 0.00075)
(0.002 0.00075 0.00075)
(0.002125 0.00075 0.00075)
(0.00225 0.00075 0.00075)
(0.002375 0.00075 0.00075)
(0.0025 0.00075 0.00075)
(0.002625 0.00075 0.00075)
(0.00275 0.00075 0.00075)
(0.002875 0.00075 0.00075)
(0.003 0.00075 0.00075)
(0.003125 0.00075 0.00075)
(0.00325 0.00075 0.00075)
(0.003375 0.00075 0.00075)
(0.0035 0.00075 0.00075)
(0.003625 0.00075 0.00075)
(0.00375 0.00075 0.00075)
(0.003875 0.00075 0.00075)
(0.004 0.00075 0.00075)
(0.004125 0.00075 0.00075)
(0.00425 0.00075 0.00075)
(0.004375 0.00075 0.00075)
(0.0045 0.00075 0.00075)
(0.004625 0.00075 0.00075)
(0.00475 0.00075 0.00075)
(0.004875 0.00075 0.00075)
(0.005 0.00075 0.00075)
(0.005125 0.00075 0.00075)
(0.00525 0.00075 0.00075)
(0.005375 0.00075 0.00075)
(0.0055 0.00075 0.00075)
(0.005625 0.00075 0.00075)
(0.00575 0.00075 0.00075)
(0.005875 0.00075 0.00075)
(0.006 0.00075 0.00075)
(0.006125 0.00075 0.00075)
(0.00625 0.00075 0.00075)
(0.006375 0.00075 0.00075)
(0.0065 0.00075 0.00075)
(0.006625 0.00075 0.00075)
(0.00675 0.00075 0.00075)
(0.006875 0.00075 0.00075)
(0.007 0.00075 0.00075)
(0.007125 0.00075 0.00075)
(0.00725 0.00075 0.00075)
(0.007375 0.00075 0.00075)
(0.0075 0.00075 0.00075)
(0.007625 0.00075 0.00075)
(0.00775 0.00075 0.00075)
(0.007875 0.00075 0.00075)
(0.008 0.00075 0.00075)
(0.008125 0.00075 0.00075)
(0.00825 0.00075 0.00075)
(0.008375 0.00075 0.00075)
(0.0085 0.00075 0.00075)
(0.008625 0.00075 0.00075)
(0.00875 0.00075 0.00075)
(0.008875 0.00075 0.00075)
(0.009 0.00075 0.00075)
(0.009125 0.00075 0.00075)
(0.00925 0.00075 0.00075)
(0.009375 0.00075 0.00075)
(0.0095 0.00075 0.00075)
(0.009625 0.00075 0.00075)
(0.00975 0.00075 0.00075)
(0.009875 0.00075 0.00075)
(0.01 0.00075 0.00075)
(0 0.000875 0.00075)
(0.000125 0.000875 0.00075)
(0.00025 0.000875 0.00075)
(0.000375 0.000875 0.00075)
(0.0005 0.000875 0.00075)
(0.000625 0.000875 0.00075)
(0.00075 0.000875 0.00075)
(0.000875 0.000875 0.00075)
(0.001 0.000875 0.00075)
(0.001125 0.000875 0.00075)
(0.00125 0.000875 0.00075)
(0.001375 0.000875 0.00075)
(0.0015 0.000875 0.00075)
(0.001625 0.000875 0.00075)
(0.00175 0.000875 0.00075)
(0.001875 0.000875 0.00075)
(0.002 0.000875 0.00075)
(0.002125 0.000875 0.00075)
(0.00225 0.000875 0.00075)
(0.002375 0.000875 0.00075)
(0.0025 0.000875 0.00075)
(0.002625 0.000875 0.00075)
(0.00275 0.000875 0.00075)
(0.002875 0.000875 0.00075)
(0.003 0.000875 0.00075)
(0.003125 0.000875 0.00075)
(0.00325 0.000875 0.00075)
(0.003375 0.000875 0.00075)
(0.0035 0.000875 0.00075)
(0.003625 0.000875 0.00075)
(0.00375 0.000875 0.00075)
(0.003875 0.000875 0.00075)
(0.004 0.000875 0.00075)
(0.004125 0.000875 0.00075)
(0.00425 0.000875 0.00075)
(0.004375 0.000875 0.00075)
(0.0045 0.000875 0.00075)
(0.004625 0.000875 0.00075)
(0.00475 0.000875 0.00075)
(0.004875 0.000875 0.00075)
(0.005 0.000875 0.00075)
(0.005125 0.000875 0.00075)
(0.00525 0.000875 0.00075)
(0.005375 0.000875 0.00075)
(0.0055 0.000875 0.00075)
(0.005625 0.000875 0.00075)
(0.00575 0.000875 0.00075)
(0.005875 0.000875 0.00075)
(0.006 0.000875 0.00075)
(0.006125 0.000875 0.00075)
(0.00625 0.000875 0.00075)
(0.006375 0.000875 0.00075)
(0.0065 0.000875 0.00075)
(0.006625 0.000875 0.00075)
(0.00675 0.000875 0.00075)
(0.006875 0.000875 0.00075)
(0.007 0.000875 0.00075)
(0.007125 0.000875 0.00075)
(0.00725 0.000875 0.00075)
(0.007375 0.000875 0.00075)
(0.0075 0.000875 0.00075)
(0.007625 0.000875 0.00075)
(0.00775 0.000875 0.00075)
(0.007875 0.000875 0.00075)
(0.008 0.000875 0.00075)
(0.008125 0.000875 0.00075)
(0.00825 0.000875 0.00075)
(0.008375 0.000875 0.00075)
(0.0085 0.000875 0.00075)
(0.008625 0.000875 0.00075)
(0.00875 0.000875 0.00075)
(0.008875 0.000875 0.00075)
(0.009 0.000875 0.00075)
(0.009125 0.000875 0.00075)
(0.00925 0.000875 0.00075)
(0.009375 0.000875 0.00075)
(0.0095 0.000875 0.00075)
(0.009625 0.000875 0.00075)
(0.00975 0.000875 0.00075)
(0.009875 0.000875 0.00075)
(0.01 0.000875 0.00075)
(0 0.001 0.00075)
(0.000125 0.001 0.00075)
(0.00025 0.001 0.00075)
(0.000375 0.001 0.00075)
(0.0005 0.001 0.00075)
(0.000625 0.001 0.00075)
(0.00075 0.001 0.00075)
(0.000875 0.001 0.00075)
(0.001 0.001 0.00075)
(0.001125 0.001 0.00075)
(0.00125 0.001 0.00075)
(0.001375 0.001 0.00075)
(0.0015 0.001 0.00075)
(0.001625 0.001 0.00075)
(0.00175 0.001 0.00075)
(0.001875 0.001 0.00075)
(0.002 0.001 0.00075)
(0.002125 0.001 0.00075)
(0.00225 0.001 0.00075)
(0.002375 0.001 0.00075)
(0.0025 0.001 0.00075)
(0.002625 0.001 0.00075)
(0.00275 0.001 0.00075)
(0.002875 0.001 0.00075)
(0.003 0.001 0.00075)
(0.003125 0.001 0.00075)
(0.00325 0.001 0.00075)
(0.003375 0.001 0.00075)
(0.0035 0.001 0.00075)
(0.003625 0.001 0.00075)
(0.00375 0.001 0.00075)
(0.003875 0.001 0.00075)
(0.004 0.001 0.00075)
(0.004125 0.001 0.00075)
(0.00425 0.001 0.00075)
(0.004375 0.001 0.00075)
(0.0045 0.001 0.00075)
(0.004625 0.001 0.00075)
(0.00475 0.001 0.00075)
(0.004875 0.001 0.00075)
(0.005 0.001 0.00075)
(0.005125 0.001 0.00075)
(0.00525 0.001 0.00075)
(0.005375 0.001 0.00075)
(0.0055 0.001 0.00075)
(0.005625 0.001 0.00075)
(0.00575 0.001 0.00075)
(0.005875 0.001 0.00075)
(0.006 0.001 0.00075)
(0.006125 0.001 0.00075)
(0.00625 0.001 0.00075)
(0.006375 0.001 0.00075)
(0.0065 0.001 0.00075)
(0.006625 0.001 0.00075)
(0.00675 0.001 0.00075)
(0.006875 0.001 0.00075)
(0.007 0.001 0.00075)
(0.007125 0.001 0.00075)
(0.00725 0.001 0.00075)
(0.007375 0.001 0.00075)
(0.0075 0.001 0.00075)
(0.007625 0.001 0.00075)
(0.00775 0.001 0.00075)
(0.007875 0.001 0.00075)
(0.008 0.001 0.00075)
(0.008125 0.001 0.00075)
(0.00825 0.001 0.00075)
(0.008375 0.001 0.00075)
(0.0085 0.001 0.00075)
(0.008625 0.001 0.00075)
(0.00875 0.001 0.00075)
(0.008875 0.001 0.00075)
(0.009 0.001 0.00075)
(0.009125 0.001 0.00075)
(0.00925 0.001 0.00075)
(0.009375 0.001 0.00075)
(0.0095 0.001 0.00075)
(0.009625 0.001 0.00075)
(0.00975 0.001 0.00075)
(0.009875 0.001 0.00075)
(0.01 0.001 0.00075)
(0 0 0.000875)
(0.000125 0 0.000875)
(0.00025 0 0.000875)
(0.000375 0 0.000875)
(0.0005 0 0.000875)
(0.000625 0 0.000875)
(0.00075 0 0.000875)
(0.000875 0 0.000875)
(0.001 0 0.000875)
(0.001125 0 0.000875)
(0.00125 0 0.000875)
(0.001375 0 0.000875)
(0.0015 0 0.000875)
(0.001625 0 0.000875)
(0.00175 0 0.000875)
(0.001875 0 0.000875)
(0.002 0 0.000875)
(0.002125 0 0.000875)
(0.00225 0 0.000875)
(0.002375 0 0.000875)
(0.0025 0 0.000875)
(0.002625 0 0.000875)
(0.00275 0 0.000875)
(0.002875 0 0.000875)
(0.003 0 0.000875)
(0.003125 0 0.000875)
(0.00325 0 0.000875)
(0.003375 0 0.000875)
(0.0035 0 0.000875)
(0.003625 0 0.000875)
(0.00375 0 0.000875)
(0.003875 0 0.000875)
(0.004 0 0.000875)
(0.004125 0 0.000875)
(0.00425 0 0.000875)
(0.004375 0 0.000875)
(0.0045 0 0.000875)
(0.004625 0 0.000875)
(0.00475 0 0.000875)
(0.004875 0 0.000875)
(0.005 0 0.000875)
(0.005125 0 0.000875)
(0.00525 0 0.000875)
(0.005375 0 0.000875)
(0.0055 0 0.000875)
(0.005625 0 0.000875)
(0.00575 0 0.000875)
(0.005875 0 0.000875)
(0.006 0 0.000875)
(0.006125 0 0.000875)
(0.00625 0 0.000875)
(0.006375 0 0.000875)
(0.0065 0 0.000875)
(0.006625 0 0.000875)
(0.00675 0 0.000875)
(0.006875 0 0.000875)
(0.007 0 0.000875)
(0.007125 0 0.000875)
(0.00725 0 0.000875)
(0.007375 0 0.000875)
(0.0075 0 0.000875)
(0.007625 0 0.000875)
(0.00775 0 0.000875)
(0.007875 0 0.000875)
(0.008 0 0.000875)
(0.008125 0 0.000875)
(0.00825 0 0.000875)
(0.008375 0 0.000875)
(0.0085 0 0.000875)
(0.008625 0 0.000875)
(0.00875 0 0.000875)
(0.008875 0 0.000875)
(0.009 0 0.000875)
(0.009125 0 0.000875)
(0.00925 0 0.000875)
(0.009375 0 0.000875)
(0.0095 0 0.000875)
(0.009625 0 0.000875)
(0.00975 0 0.000875)
(0.009875 0 0.000875)
(0.01 0 0.000875)
(0 0.000125 0.000875)
(0.000125 0.000125 0.000875)
(0.00025 0.000125 0.000875)
(0.000375 0.000125 0.000875)
(0.0005 0.000125 0.000875)
(0.000625 0.000125 0.000875)
(0.00075 0.000125 0.000875)
(0.000875 0.000125 0.000875)
(0.001 0.000125 0.000875)
(0.001125 0.000125 0.000875)
(0.00125 0.000125 0.000875)
(0.001375 0.000125 0.000875)
(0.0015 0.000125 0.000875)
(0.001625 0.000125 0.000875)
(0.00175 0.000125 0.000875)
(0.001875 0.000125 0.000875)
(0.002 0.000125 0.000875)
(0.002125 0.000125 0.000875)
(0.00225 0.000125 0.000875)
(0.002375 0.000125 0.000875)
(0.0025 0.000125 0.000875)
(0.002625 0.000125 0.000875)
(0.00275 0.000125 0.000875)
(0.002875 0.000125 0.000875)
(0.003 0.000125 0.000875)
(0.003125 0.000125 0.000875)
(0.00325 0.000125 0.000875)
(0.003375 0.000125 0.000875)
(0.0035 0.000125 0.000875)
(0.003625 0.000125 0.000875)
(0.00375 0.000125 0.000875)
(0.003875 0.000125 0.000875)
(0.004 0.000125 0.000875)
(0.004125 0.000125 0.000875)
(0.00425 0.000125 0.000875)
(0.004375 0.000125 0.000875)
(0.0045 0.000125 0.000875)
(0.004625 0.000125 0.000875)
(0.00475 0.000125 0.000875)
(0.004875 0.000125 0.000875)
(0.005 0.000125 0.000875)
(0.005125 0.000125 0.000875)
(0.00525 0.000125 0.000875)
(0.005375 0.000125 0.000875)
(0.0055 0.000125 0.000875)
(0.005625 0.000125 0.000875)
(0.00575 0.000125 0.000875)
(0.005875 0.000125 0.000875)
(0.006 0.000125 0.000875)
(0.006125 0.000125 0.000875)
(0.00625 0.000125 0.000875)
(0.006375 0.000125 0.000875)
(0.0065 0.000125 0.000875)
(0.006625 0.000125 0.000875)
(0.00675 0.000125 0.000875)
(0.006875 0.000125 0.000875)
(0.007 0.000125 0.000875)
(0.007125 0.000125 0.000875)
(0.00725 0.000125 0.000875)
(0.007375 0.000125 0.000875)
(0.0075 0.000125 0.000875)
(0.007625 0.000125 0.000875)
(0.00775 0.000125 0.000875)
(0.007875 0.000125 0.000875)
(0.008 0.000125 0.000875)
(0.008125 0.000125 0.000875)
(0.00825 0.000125 0.000875)
(0.008375 0.000125 0.000875)
(0.0085 0.000125 0.000875)
(0.008625 0.000125 0.000875)
(0.00875 0.000125 0.000875)
(0.008875 0.000125 0.000875)
(0.009 0.000125 0.000875)
(0.009125 0.000125 0.000875)
(0.00925 0.000125 0.000875)
(0.009375 0.000125 0.000875)
(0.0095 0.000125 0.000875)
(0.009625 0.000125 0.000875)
(0.00975 0.000125 0.000875)
(0.009875 0.000125 0.000875)
(0.01 0.000125 0.000875)
(0 0.00025 0.000875)
(0.000125 0.00025 0.000875)
(0.00025 0.00025 0.000875)
(0.000375 0.00025 0.000875)
(0.0005 0.00025 0.000875)
(0.000625 0.00025 0.000875)
(0.00075 0.00025 0.000875)
(0.000875 0.00025 0.000875)
(0.001 0.00025 0.000875)
(0.001125 0.00025 0.000875)
(0.00125 0.00025 0.000875)
(0.001375 0.00025 0.000875)
(0.0015 0.00025 0.000875)
(0.001625 0.00025 0.000875)
(0.00175 0.00025 0.000875)
(0.001875 0.00025 0.000875)
(0.002 0.00025 0.000875)
(0.002125 0.00025 0.000875)
(0.00225 0.00025 0.000875)
(0.002375 0.00025 0.000875)
(0.0025 0.00025 0.000875)
(0.002625 0.00025 0.000875)
(0.00275 0.00025 0.000875)
(0.002875 0.00025 0.000875)
(0.003 0.00025 0.000875)
(0.003125 0.00025 0.000875)
(0.00325 0.00025 0.000875)
(0.003375 0.00025 0.000875)
(0.0035 0.00025 0.000875)
(0.003625 0.00025 0.000875)
(0.00375 0.00025 0.000875)
(0.003875 0.00025 0.000875)
(0.004 0.00025 0.000875)
(0.004125 0.00025 0.000875)
(0.00425 0.00025 0.000875)
(0.004375 0.00025 0.000875)
(0.0045 0.00025 0.000875)
(0.004625 0.00025 0.000875)
(0.00475 0.00025 0.000875)
(0.004875 0.00025 0.000875)
(0.005 0.00025 0.000875)
(0.005125 0.00025 0.000875)
(0.00525 0.00025 0.000875)
(0.005375 0.00025 0.000875)
(0.0055 0.00025 0.000875)
(0.005625 0.00025 0.000875)
(0.00575 0.00025 0.000875)
(0.005875 0.00025 0.000875)
(0.006 0.00025 0.000875)
(0.006125 0.00025 0.000875)
(0.00625 0.00025 0.000875)
(0.006375 0.00025 0.000875)
(0.0065 0.00025 0.000875)
(0.006625 0.00025 0.000875)
(0.00675 0.00025 0.000875)
(0.006875 0.00025 0.000875)
(0.007 0.00025 0.000875)
(0.007125 0.00025 0.000875)
(0.00725 0.00025 0.000875)
(0.007375 0.00025 0.000875)
(0.0075 0.00025 0.000875)
(0.007625 0.00025 0.000875)
(0.00775 0.00025 0.000875)
(0.007875 0.00025 0.000875)
(0.008 0.00025 0.000875)
(0.008125 0.00025 0.000875)
(0.00825 0.00025 0.000875)
(0.008375 0.00025 0.000875)
(0.0085 0.00025 0.000875)
(0.008625 0.00025 0.000875)
(0.00875 0.00025 0.000875)
(0.008875 0.00025 0.000875)
(0.009 0.00025 0.000875)
(0.009125 0.00025 0.000875)
(0.00925 0.00025 0.000875)
(0.009375 0.00025 0.000875)
(0.0095 0.00025 0.000875)
(0.009625 0.00025 0.000875)
(0.00975 0.00025 0.000875)
(0.009875 0.00025 0.000875)
(0.01 0.00025 0.000875)
(0 0.000375 0.000875)
(0.000125 0.000375 0.000875)
(0.00025 0.000375 0.000875)
(0.000375 0.000375 0.000875)
(0.0005 0.000375 0.000875)
(0.000625 0.000375 0.000875)
(0.00075 0.000375 0.000875)
(0.000875 0.000375 0.000875)
(0.001 0.000375 0.000875)
(0.001125 0.000375 0.000875)
(0.00125 0.000375 0.000875)
(0.001375 0.000375 0.000875)
(0.0015 0.000375 0.000875)
(0.001625 0.000375 0.000875)
(0.00175 0.000375 0.000875)
(0.001875 0.000375 0.000875)
(0.002 0.000375 0.000875)
(0.002125 0.000375 0.000875)
(0.00225 0.000375 0.000875)
(0.002375 0.000375 0.000875)
(0.0025 0.000375 0.000875)
(0.002625 0.000375 0.000875)
(0.00275 0.000375 0.000875)
(0.002875 0.000375 0.000875)
(0.003 0.000375 0.000875)
(0.003125 0.000375 0.000875)
(0.00325 0.000375 0.000875)
(0.003375 0.000375 0.000875)
(0.0035 0.000375 0.000875)
(0.003625 0.000375 0.000875)
(0.00375 0.000375 0.000875)
(0.003875 0.000375 0.000875)
(0.004 0.000375 0.000875)
(0.004125 0.000375 0.000875)
(0.00425 0.000375 0.000875)
(0.004375 0.000375 0.000875)
(0.0045 0.000375 0.000875)
(0.004625 0.000375 0.000875)
(0.00475 0.000375 0.000875)
(0.004875 0.000375 0.000875)
(0.005 0.000375 0.000875)
(0.005125 0.000375 0.000875)
(0.00525 0.000375 0.000875)
(0.005375 0.000375 0.000875)
(0.0055 0.000375 0.000875)
(0.005625 0.000375 0.000875)
(0.00575 0.000375 0.000875)
(0.005875 0.000375 0.000875)
(0.006 0.000375 0.000875)
(0.006125 0.000375 0.000875)
(0.00625 0.000375 0.000875)
(0.006375 0.000375 0.000875)
(0.0065 0.000375 0.000875)
(0.006625 0.000375 0.000875)
(0.00675 0.000375 0.000875)
(0.006875 0.000375 0.000875)
(0.007 0.000375 0.000875)
(0.007125 0.000375 0.000875)
(0.00725 0.000375 0.000875)
(0.007375 0.000375 0.000875)
(0.0075 0.000375 0.000875)
(0.007625 0.000375 0.000875)
(0.00775 0.000375 0.000875)
(0.007875 0.000375 0.000875)
(0.008 0.000375 0.000875)
(0.008125 0.000375 0.000875)
(0.00825 0.000375 0.000875)
(0.008375 0.000375 0.000875)
(0.0085 0.000375 0.000875)
(0.008625 0.000375 0.000875)
(0.00875 0.000375 0.000875)
(0.008875 0.000375 0.000875)
(0.009 0.000375 0.000875)
(0.009125 0.000375 0.000875)
(0.00925 0.000375 0.000875)
(0.009375 0.000375 0.000875)
(0.0095 0.000375 0.000875)
(0.009625 0.000375 0.000875)
(0.00975 0.000375 0.000875)
(0.009875 0.000375 0.000875)
(0.01 0.000375 0.000875)
(0 0.0005 0.000875)
(0.000125 0.0005 0.000875)
(0.00025 0.0005 0.000875)
(0.000375 0.0005 0.000875)
(0.0005 0.0005 0.000875)
(0.000625 0.0005 0.000875)
(0.00075 0.0005 0.000875)
(0.000875 0.0005 0.000875)
(0.001 0.0005 0.000875)
(0.001125 0.0005 0.000875)
(0.00125 0.0005 0.000875)
(0.001375 0.0005 0.000875)
(0.0015 0.0005 0.000875)
(0.001625 0.0005 0.000875)
(0.00175 0.0005 0.000875)
(0.001875 0.0005 0.000875)
(0.002 0.0005 0.000875)
(0.002125 0.0005 0.000875)
(0.00225 0.0005 0.000875)
(0.002375 0.0005 0.000875)
(0.0025 0.0005 0.000875)
(0.002625 0.0005 0.000875)
(0.00275 0.0005 0.000875)
(0.002875 0.0005 0.000875)
(0.003 0.0005 0.000875)
(0.003125 0.0005 0.000875)
(0.00325 0.0005 0.000875)
(0.003375 0.0005 0.000875)
(0.0035 0.0005 0.000875)
(0.003625 0.0005 0.000875)
(0.00375 0.0005 0.000875)
(0.003875 0.0005 0.000875)
(0.004 0.0005 0.000875)
(0.004125 0.0005 0.000875)
(0.00425 0.0005 0.000875)
(0.004375 0.0005 0.000875)
(0.0045 0.0005 0.000875)
(0.004625 0.0005 0.000875)
(0.00475 0.0005 0.000875)
(0.004875 0.0005 0.000875)
(0.005 0.0005 0.000875)
(0.005125 0.0005 0.000875)
(0.00525 0.0005 0.000875)
(0.005375 0.0005 0.000875)
(0.0055 0.0005 0.000875)
(0.005625 0.0005 0.000875)
(0.00575 0.0005 0.000875)
(0.005875 0.0005 0.000875)
(0.006 0.0005 0.000875)
(0.006125 0.0005 0.000875)
(0.00625 0.0005 0.000875)
(0.006375 0.0005 0.000875)
(0.0065 0.0005 0.000875)
(0.006625 0.0005 0.000875)
(0.00675 0.0005 0.000875)
(0.006875 0.0005 0.000875)
(0.007 0.0005 0.000875)
(0.007125 0.0005 0.000875)
(0.00725 0.0005 0.000875)
(0.007375 0.0005 0.000875)
(0.0075 0.0005 0.000875)
(0.007625 0.0005 0.000875)
(0.00775 0.0005 0.000875)
(0.007875 0.0005 0.000875)
(0.008 0.0005 0.000875)
(0.008125 0.0005 0.000875)
(0.00825 0.0005 0.000875)
(0.008375 0.0005 0.000875)
(0.0085 0.0005 0.000875)
(0.008625 0.0005 0.000875)
(0.00875 0.0005 0.000875)
(0.008875 0.0005 0.000875)
(0.009 0.0005 0.000875)
(0.009125 0.0005 0.000875)
(0.00925 0.0005 0.000875)
(0.009375 0.0005 0.000875)
(0.0095 0.0005 0.000875)
(0.009625 0.0005 0.000875)
(0.00975 0.0005 0.000875)
(0.009875 0.0005 0.000875)
(0.01 0.0005 0.000875)
(0 0.000625 0.000875)
(0.000125 0.000625 0.000875)
(0.00025 0.000625 0.000875)
(0.000375 0.000625 0.000875)
(0.0005 0.000625 0.000875)
(0.000625 0.000625 0.000875)
(0.00075 0.000625 0.000875)
(0.000875 0.000625 0.000875)
(0.001 0.000625 0.000875)
(0.001125 0.000625 0.000875)
(0.00125 0.000625 0.000875)
(0.001375 0.000625 0.000875)
(0.0015 0.000625 0.000875)
(0.001625 0.000625 0.000875)
(0.00175 0.000625 0.000875)
(0.001875 0.000625 0.000875)
(0.002 0.000625 0.000875)
(0.002125 0.000625 0.000875)
(0.00225 0.000625 0.000875)
(0.002375 0.000625 0.000875)
(0.0025 0.000625 0.000875)
(0.002625 0.000625 0.000875)
(0.00275 0.000625 0.000875)
(0.002875 0.000625 0.000875)
(0.003 0.000625 0.000875)
(0.003125 0.000625 0.000875)
(0.00325 0.000625 0.000875)
(0.003375 0.000625 0.000875)
(0.0035 0.000625 0.000875)
(0.003625 0.000625 0.000875)
(0.00375 0.000625 0.000875)
(0.003875 0.000625 0.000875)
(0.004 0.000625 0.000875)
(0.004125 0.000625 0.000875)
(0.00425 0.000625 0.000875)
(0.004375 0.000625 0.000875)
(0.0045 0.000625 0.000875)
(0.004625 0.000625 0.000875)
(0.00475 0.000625 0.000875)
(0.004875 0.000625 0.000875)
(0.005 0.000625 0.000875)
(0.005125 0.000625 0.000875)
(0.00525 0.000625 0.000875)
(0.005375 0.000625 0.000875)
(0.0055 0.000625 0.000875)
(0.005625 0.000625 0.000875)
(0.00575 0.000625 0.000875)
(0.005875 0.000625 0.000875)
(0.006 0.000625 0.000875)
(0.006125 0.000625 0.000875)
(0.00625 0.000625 0.000875)
(0.006375 0.000625 0.000875)
(0.0065 0.000625 0.000875)
(0.006625 0.000625 0.000875)
(0.00675 0.000625 0.000875)
(0.006875 0.000625 0.000875)
(0.007 0.000625 0.000875)
(0.007125 0.000625 0.000875)
(0.00725 0.000625 0.000875)
(0.007375 0.000625 0.000875)
(0.0075 0.000625 0.000875)
(0.007625 0.000625 0.000875)
(0.00775 0.000625 0.000875)
(0.007875 0.000625 0.000875)
(0.008 0.000625 0.000875)
(0.008125 0.000625 0.000875)
(0.00825 0.000625 0.000875)
(0.008375 0.000625 0.000875)
(0.0085 0.000625 0.000875)
(0.008625 0.000625 0.000875)
(0.00875 0.000625 0.000875)
(0.008875 0.000625 0.000875)
(0.009 0.000625 0.000875)
(0.009125 0.000625 0.000875)
(0.00925 0.000625 0.000875)
(0.009375 0.000625 0.000875)
(0.0095 0.000625 0.000875)
(0.009625 0.000625 0.000875)
(0.00975 0.000625 0.000875)
(0.009875 0.000625 0.000875)
(0.01 0.000625 0.000875)
(0 0.00075 0.000875)
(0.000125 0.00075 0.000875)
(0.00025 0.00075 0.000875)
(0.000375 0.00075 0.000875)
(0.0005 0.00075 0.000875)
(0.000625 0.00075 0.000875)
(0.00075 0.00075 0.000875)
(0.000875 0.00075 0.000875)
(0.001 0.00075 0.000875)
(0.001125 0.00075 0.000875)
(0.00125 0.00075 0.000875)
(0.001375 0.00075 0.000875)
(0.0015 0.00075 0.000875)
(0.001625 0.00075 0.000875)
(0.00175 0.00075 0.000875)
(0.001875 0.00075 0.000875)
(0.002 0.00075 0.000875)
(0.002125 0.00075 0.000875)
(0.00225 0.00075 0.000875)
(0.002375 0.00075 0.000875)
(0.0025 0.00075 0.000875)
(0.002625 0.00075 0.000875)
(0.00275 0.00075 0.000875)
(0.002875 0.00075 0.000875)
(0.003 0.00075 0.000875)
(0.003125 0.00075 0.000875)
(0.00325 0.00075 0.000875)
(0.003375 0.00075 0.000875)
(0.0035 0.00075 0.000875)
(0.003625 0.00075 0.000875)
(0.00375 0.00075 0.000875)
(0.003875 0.00075 0.000875)
(0.004 0.00075 0.000875)
(0.004125 0.00075 0.000875)
(0.00425 0.00075 0.000875)
(0.004375 0.00075 0.000875)
(0.0045 0.00075 0.000875)
(0.004625 0.00075 0.000875)
(0.00475 0.00075 0.000875)
(0.004875 0.00075 0.000875)
(0.005 0.00075 0.000875)
(0.005125 0.00075 0.000875)
(0.00525 0.00075 0.000875)
(0.005375 0.00075 0.000875)
(0.0055 0.00075 0.000875)
(0.005625 0.00075 0.000875)
(0.00575 0.00075 0.000875)
(0.005875 0.00075 0.000875)
(0.006 0.00075 0.000875)
(0.006125 0.00075 0.000875)
(0.00625 0.00075 0.000875)
(0.006375 0.00075 0.000875)
(0.0065 0.00075 0.000875)
(0.006625 0.00075 0.000875)
(0.00675 0.00075 0.000875)
(0.006875 0.00075 0.000875)
(0.007 0.00075 0.000875)
(0.007125 0.00075 0.000875)
(0.00725 0.00075 0.000875)
(0.007375 0.00075 0.000875)
(0.0075 0.00075 0.000875)
(0.007625 0.00075 0.000875)
(0.00775 0.00075 0.000875)
(0.007875 0.00075 0.000875)
(0.008 0.00075 0.000875)
(0.008125 0.00075 0.000875)
(0.00825 0.00075 0.000875)
(0.008375 0.00075 0.000875)
(0.0085 0.00075 0.000875)
(0.008625 0.00075 0.000875)
(0.00875 0.00075 0.000875)
(0.008875 0.00075 0.000875)
(0.009 0.00075 0.000875)
(0.009125 0.00075 0.000875)
(0.00925 0.00075 0.000875)
(0.009375 0.00075 0.000875)
(0.0095 0.00075 0.000875)
(0.009625 0.00075 0.000875)
(0.00975 0.00075 0.000875)
(0.009875 0.00075 0.000875)
(0.01 0.00075 0.000875)
(0 0.000875 0.000875)
(0.000125 0.000875 0.000875)
(0.00025 0.000875 0.000875)
(0.000375 0.000875 0.000875)
(0.0005 0.000875 0.000875)
(0.000625 0.000875 0.000875)
(0.00075 0.000875 0.000875)
(0.000875 0.000875 0.000875)
(0.001 0.000875 0.000875)
(0.001125 0.000875 0.000875)
(0.00125 0.000875 0.000875)
(0.001375 0.000875 0.000875)
(0.0015 0.000875 0.000875)
(0.001625 0.000875 0.000875)
(0.00175 0.000875 0.000875)
(0.001875 0.000875 0.000875)
(0.002 0.000875 0.000875)
(0.002125 0.000875 0.000875)
(0.00225 0.000875 0.000875)
(0.002375 0.000875 0.000875)
(0.0025 0.000875 0.000875)
(0.002625 0.000875 0.000875)
(0.00275 0.000875 0.000875)
(0.002875 0.000875 0.000875)
(0.003 0.000875 0.000875)
(0.003125 0.000875 0.000875)
(0.00325 0.000875 0.000875)
(0.003375 0.000875 0.000875)
(0.0035 0.000875 0.000875)
(0.003625 0.000875 0.000875)
(0.00375 0.000875 0.000875)
(0.003875 0.000875 0.000875)
(0.004 0.000875 0.000875)
(0.004125 0.000875 0.000875)
(0.00425 0.000875 0.000875)
(0.004375 0.000875 0.000875)
(0.0045 0.000875 0.000875)
(0.004625 0.000875 0.000875)
(0.00475 0.000875 0.000875)
(0.004875 0.000875 0.000875)
(0.005 0.000875 0.000875)
(0.005125 0.000875 0.000875)
(0.00525 0.000875 0.000875)
(0.005375 0.000875 0.000875)
(0.0055 0.000875 0.000875)
(0.005625 0.000875 0.000875)
(0.00575 0.000875 0.000875)
(0.005875 0.000875 0.000875)
(0.006 0.000875 0.000875)
(0.006125 0.000875 0.000875)
(0.00625 0.000875 0.000875)
(0.006375 0.000875 0.000875)
(0.0065 0.000875 0.000875)
(0.006625 0.000875 0.000875)
(0.00675 0.000875 0.000875)
(0.006875 0.000875 0.000875)
(0.007 0.000875 0.000875)
(0.007125 0.000875 0.000875)
(0.00725 0.000875 0.000875)
(0.007375 0.000875 0.000875)
(0.0075 0.000875 0.000875)
(0.007625 0.000875 0.000875)
(0.00775 0.000875 0.000875)
(0.007875 0.000875 0.000875)
(0.008 0.000875 0.000875)
(0.008125 0.000875 0.000875)
(0.00825 0.000875 0.000875)
(0.008375 0.000875 0.000875)
(0.0085 0.000875 0.000875)
(0.008625 0.000875 0.000875)
(0.00875 0.000875 0.000875)
(0.008875 0.000875 0.000875)
(0.009 0.000875 0.000875)
(0.009125 0.000875 0.000875)
(0.00925 0.000875 0.000875)
(0.009375 0.000875 0.000875)
(0.0095 0.000875 0.000875)
(0.009625 0.000875 0.000875)
(0.00975 0.000875 0.000875)
(0.009875 0.000875 0.000875)
(0.01 0.000875 0.000875)
(0 0.001 0.000875)
(0.000125 0.001 0.000875)
(0.00025 0.001 0.000875)
(0.000375 0.001 0.000875)
(0.0005 0.001 0.000875)
(0.000625 0.001 0.000875)
(0.00075 0.001 0.000875)
(0.000875 0.001 0.000875)
(0.001 0.001 0.000875)
(0.001125 0.001 0.000875)
(0.00125 0.001 0.000875)
(0.001375 0.001 0.000875)
(0.0015 0.001 0.000875)
(0.001625 0.001 0.000875)
(0.00175 0.001 0.000875)
(0.001875 0.001 0.000875)
(0.002 0.001 0.000875)
(0.002125 0.001 0.000875)
(0.00225 0.001 0.000875)
(0.002375 0.001 0.000875)
(0.0025 0.001 0.000875)
(0.002625 0.001 0.000875)
(0.00275 0.001 0.000875)
(0.002875 0.001 0.000875)
(0.003 0.001 0.000875)
(0.003125 0.001 0.000875)
(0.00325 0.001 0.000875)
(0.003375 0.001 0.000875)
(0.0035 0.001 0.000875)
(0.003625 0.001 0.000875)
(0.00375 0.001 0.000875)
(0.003875 0.001 0.000875)
(0.004 0.001 0.000875)
(0.004125 0.001 0.000875)
(0.00425 0.001 0.000875)
(0.004375 0.001 0.000875)
(0.0045 0.001 0.000875)
(0.004625 0.001 0.000875)
(0.00475 0.001 0.000875)
(0.004875 0.001 0.000875)
(0.005 0.001 0.000875)
(0.005125 0.001 0.000875)
(0.00525 0.001 0.000875)
(0.005375 0.001 0.000875)
(0.0055 0.001 0.000875)
(0.005625 0.001 0.000875)
(0.00575 0.001 0.000875)
(0.005875 0.001 0.000875)
(0.006 0.001 0.000875)
(0.006125 0.001 0.000875)
(0.00625 0.001 0.000875)
(0.006375 0.001 0.000875)
(0.0065 0.001 0.000875)
(0.006625 0.001 0.000875)
(0.00675 0.001 0.000875)
(0.006875 0.001 0.000875)
(0.007 0.001 0.000875)
(0.007125 0.001 0.000875)
(0.00725 0.001 0.000875)
(0.007375 0.001 0.000875)
(0.0075 0.001 0.000875)
(0.007625 0.001 0.000875)
(0.00775 0.001 0.000875)
(0.007875 0.001 0.000875)
(0.008 0.001 0.000875)
(0.008125 0.001 0.000875)
(0.00825 0.001 0.000875)
(0.008375 0.001 0.000875)
(0.0085 0.001 0.000875)
(0.008625 0.001 0.000875)
(0.00875 0.001 0.000875)
(0.008875 0.001 0.000875)
(0.009 0.001 0.000875)
(0.009125 0.001 0.000875)
(0.00925 0.001 0.000875)
(0.009375 0.001 0.000875)
(0.0095 0.001 0.000875)
(0.009625 0.001 0.000875)
(0.00975 0.001 0.000875)
(0.009875 0.001 0.000875)
(0.01 0.001 0.000875)
(0 0 0.001)
(0.000125 0 0.001)
(0.00025 0 0.001)
(0.000375 0 0.001)
(0.0005 0 0.001)
(0.000625 0 0.001)
(0.00075 0 0.001)
(0.000875 0 0.001)
(0.001 0 0.001)
(0.001125 0 0.001)
(0.00125 0 0.001)
(0.001375 0 0.001)
(0.0015 0 0.001)
(0.001625 0 0.001)
(0.00175 0 0.001)
(0.001875 0 0.001)
(0.002 0 0.001)
(0.002125 0 0.001)
(0.00225 0 0.001)
(0.002375 0 0.001)
(0.0025 0 0.001)
(0.002625 0 0.001)
(0.00275 0 0.001)
(0.002875 0 0.001)
(0.003 0 0.001)
(0.003125 0 0.001)
(0.00325 0 0.001)
(0.003375 0 0.001)
(0.0035 0 0.001)
(0.003625 0 0.001)
(0.00375 0 0.001)
(0.003875 0 0.001)
(0.004 0 0.001)
(0.004125 0 0.001)
(0.00425 0 0.001)
(0.004375 0 0.001)
(0.0045 0 0.001)
(0.004625 0 0.001)
(0.00475 0 0.001)
(0.004875 0 0.001)
(0.005 0 0.001)
(0.005125 0 0.001)
(0.00525 0 0.001)
(0.005375 0 0.001)
(0.0055 0 0.001)
(0.005625 0 0.001)
(0.00575 0 0.001)
(0.005875 0 0.001)
(0.006 0 0.001)
(0.006125 0 0.001)
(0.00625 0 0.001)
(0.006375 0 0.001)
(0.0065 0 0.001)
(0.006625 0 0.001)
(0.00675 0 0.001)
(0.006875 0 0.001)
(0.007 0 0.001)
(0.007125 0 0.001)
(0.00725 0 0.001)
(0.007375 0 0.001)
(0.0075 0 0.001)
(0.007625 0 0.001)
(0.00775 0 0.001)
(0.007875 0 0.001)
(0.008 0 0.001)
(0.008125 0 0.001)
(0.00825 0 0.001)
(0.008375 0 0.001)
(0.0085 0 0.001)
(0.008625 0 0.001)
(0.00875 0 0.001)
(0.008875 0 0.001)
(0.009 0 0.001)
(0.009125 0 0.001)
(0.00925 0 0.001)
(0.009375 0 0.001)
(0.0095 0 0.001)
(0.009625 0 0.001)
(0.00975 0 0.001)
(0.009875 0 0.001)
(0.01 0 0.001)
(0 0.000125 0.001)
(0.000125 0.000125 0.001)
(0.00025 0.000125 0.001)
(0.000375 0.000125 0.001)
(0.0005 0.000125 0.001)
(0.000625 0.000125 0.001)
(0.00075 0.000125 0.001)
(0.000875 0.000125 0.001)
(0.001 0.000125 0.001)
(0.001125 0.000125 0.001)
(0.00125 0.000125 0.001)
(0.001375 0.000125 0.001)
(0.0015 0.000125 0.001)
(0.001625 0.000125 0.001)
(0.00175 0.000125 0.001)
(0.001875 0.000125 0.001)
(0.002 0.000125 0.001)
(0.002125 0.000125 0.001)
(0.00225 0.000125 0.001)
(0.002375 0.000125 0.001)
(0.0025 0.000125 0.001)
(0.002625 0.000125 0.001)
(0.00275 0.000125 0.001)
(0.002875 0.000125 0.001)
(0.003 0.000125 0.001)
(0.003125 0.000125 0.001)
(0.00325 0.000125 0.001)
(0.003375 0.000125 0.001)
(0.0035 0.000125 0.001)
(0.003625 0.000125 0.001)
(0.00375 0.000125 0.001)
(0.003875 0.000125 0.001)
(0.004 0.000125 0.001)
(0.004125 0.000125 0.001)
(0.00425 0.000125 0.001)
(0.004375 0.000125 0.001)
(0.0045 0.000125 0.001)
(0.004625 0.000125 0.001)
(0.00475 0.000125 0.001)
(0.004875 0.000125 0.001)
(0.005 0.000125 0.001)
(0.005125 0.000125 0.001)
(0.00525 0.000125 0.001)
(0.005375 0.000125 0.001)
(0.0055 0.000125 0.001)
(0.005625 0.000125 0.001)
(0.00575 0.000125 0.001)
(0.005875 0.000125 0.001)
(0.006 0.000125 0.001)
(0.006125 0.000125 0.001)
(0.00625 0.000125 0.001)
(0.006375 0.000125 0.001)
(0.0065 0.000125 0.001)
(0.006625 0.000125 0.001)
(0.00675 0.000125 0.001)
(0.006875 0.000125 0.001)
(0.007 0.000125 0.001)
(0.007125 0.000125 0.001)
(0.00725 0.000125 0.001)
(0.007375 0.000125 0.001)
(0.0075 0.000125 0.001)
(0.007625 0.000125 0.001)
(0.00775 0.000125 0.001)
(0.007875 0.000125 0.001)
(0.008 0.000125 0.001)
(0.008125 0.000125 0.001)
(0.00825 0.000125 0.001)
(0.008375 0.000125 0.001)
(0.0085 0.000125 0.001)
(0.008625 0.000125 0.001)
(0.00875 0.000125 0.001)
(0.008875 0.000125 0.001)
(0.009 0.000125 0.001)
(0.009125 0.000125 0.001)
(0.00925 0.000125 0.001)
(0.009375 0.000125 0.001)
(0.0095 0.000125 0.001)
(0.009625 0.000125 0.001)
(0.00975 0.000125 0.001)
(0.009875 0.000125 0.001)
(0.01 0.000125 0.001)
(0 0.00025 0.001)
(0.000125 0.00025 0.001)
(0.00025 0.00025 0.001)
(0.000375 0.00025 0.001)
(0.0005 0.00025 0.001)
(0.000625 0.00025 0.001)
(0.00075 0.00025 0.001)
(0.000875 0.00025 0.001)
(0.001 0.00025 0.001)
(0.001125 0.00025 0.001)
(0.00125 0.00025 0.001)
(0.001375 0.00025 0.001)
(0.0015 0.00025 0.001)
(0.001625 0.00025 0.001)
(0.00175 0.00025 0.001)
(0.001875 0.00025 0.001)
(0.002 0.00025 0.001)
(0.002125 0.00025 0.001)
(0.00225 0.00025 0.001)
(0.002375 0.00025 0.001)
(0.0025 0.00025 0.001)
(0.002625 0.00025 0.001)
(0.00275 0.00025 0.001)
(0.002875 0.00025 0.001)
(0.003 0.00025 0.001)
(0.003125 0.00025 0.001)
(0.00325 0.00025 0.001)
(0.003375 0.00025 0.001)
(0.0035 0.00025 0.001)
(0.003625 0.00025 0.001)
(0.00375 0.00025 0.001)
(0.003875 0.00025 0.001)
(0.004 0.00025 0.001)
(0.004125 0.00025 0.001)
(0.00425 0.00025 0.001)
(0.004375 0.00025 0.001)
(0.0045 0.00025 0.001)
(0.004625 0.00025 0.001)
(0.00475 0.00025 0.001)
(0.004875 0.00025 0.001)
(0.005 0.00025 0.001)
(0.005125 0.00025 0.001)
(0.00525 0.00025 0.001)
(0.005375 0.00025 0.001)
(0.0055 0.00025 0.001)
(0.005625 0.00025 0.001)
(0.00575 0.00025 0.001)
(0.005875 0.00025 0.001)
(0.006 0.00025 0.001)
(0.006125 0.00025 0.001)
(0.00625 0.00025 0.001)
(0.006375 0.00025 0.001)
(0.0065 0.00025 0.001)
(0.006625 0.00025 0.001)
(0.00675 0.00025 0.001)
(0.006875 0.00025 0.001)
(0.007 0.00025 0.001)
(0.007125 0.00025 0.001)
(0.00725 0.00025 0.001)
(0.007375 0.00025 0.001)
(0.0075 0.00025 0.001)
(0.007625 0.00025 0.001)
(0.00775 0.00025 0.001)
(0.007875 0.00025 0.001)
(0.008 0.00025 0.001)
(0.008125 0.00025 0.001)
(0.00825 0.00025 0.001)
(0.008375 0.00025 0.001)
(0.0085 0.00025 0.001)
(0.008625 0.00025 0.001)
(0.00875 0.00025 0.001)
(0.008875 0.00025 0.001)
(0.009 0.00025 0.001)
(0.009125 0.00025 0.001)
(0.00925 0.00025 0.001)
(0.009375 0.00025 0.001)
(0.0095 0.00025 0.001)
(0.009625 0.00025 0.001)
(0.00975 0.00025 0.001)
(0.009875 0.00025 0.001)
(0.01 0.00025 0.001)
(0 0.000375 0.001)
(0.000125 0.000375 0.001)
(0.00025 0.000375 0.001)
(0.000375 0.000375 0.001)
(0.0005 0.000375 0.001)
(0.000625 0.000375 0.001)
(0.00075 0.000375 0.001)
(0.000875 0.000375 0.001)
(0.001 0.000375 0.001)
(0.001125 0.000375 0.001)
(0.00125 0.000375 0.001)
(0.001375 0.000375 0.001)
(0.0015 0.000375 0.001)
(0.001625 0.000375 0.001)
(0.00175 0.000375 0.001)
(0.001875 0.000375 0.001)
(0.002 0.000375 0.001)
(0.002125 0.000375 0.001)
(0.00225 0.000375 0.001)
(0.002375 0.000375 0.001)
(0.0025 0.000375 0.001)
(0.002625 0.000375 0.001)
(0.00275 0.000375 0.001)
(0.002875 0.000375 0.001)
(0.003 0.000375 0.001)
(0.003125 0.000375 0.001)
(0.00325 0.000375 0.001)
(0.003375 0.000375 0.001)
(0.0035 0.000375 0.001)
(0.003625 0.000375 0.001)
(0.00375 0.000375 0.001)
(0.003875 0.000375 0.001)
(0.004 0.000375 0.001)
(0.004125 0.000375 0.001)
(0.00425 0.000375 0.001)
(0.004375 0.000375 0.001)
(0.0045 0.000375 0.001)
(0.004625 0.000375 0.001)
(0.00475 0.000375 0.001)
(0.004875 0.000375 0.001)
(0.005 0.000375 0.001)
(0.005125 0.000375 0.001)
(0.00525 0.000375 0.001)
(0.005375 0.000375 0.001)
(0.0055 0.000375 0.001)
(0.005625 0.000375 0.001)
(0.00575 0.000375 0.001)
(0.005875 0.000375 0.001)
(0.006 0.000375 0.001)
(0.006125 0.000375 0.001)
(0.00625 0.000375 0.001)
(0.006375 0.000375 0.001)
(0.0065 0.000375 0.001)
(0.006625 0.000375 0.001)
(0.00675 0.000375 0.001)
(0.006875 0.000375 0.001)
(0.007 0.000375 0.001)
(0.007125 0.000375 0.001)
(0.00725 0.000375 0.001)
(0.007375 0.000375 0.001)
(0.0075 0.000375 0.001)
(0.007625 0.000375 0.001)
(0.00775 0.000375 0.001)
(0.007875 0.000375 0.001)
(0.008 0.000375 0.001)
(0.008125 0.000375 0.001)
(0.00825 0.000375 0.001)
(0.008375 0.000375 0.001)
(0.0085 0.000375 0.001)
(0.008625 0.000375 0.001)
(0.00875 0.000375 0.001)
(0.008875 0.000375 0.001)
(0.009 0.000375 0.001)
(0.009125 0.000375 0.001)
(0.00925 0.000375 0.001)
(0.009375 0.000375 0.001)
(0.0095 0.000375 0.001)
(0.009625 0.000375 0.001)
(0.00975 0.000375 0.001)
(0.009875 0.000375 0.001)
(0.01 0.000375 0.001)
(0 0.0005 0.001)
(0.000125 0.0005 0.001)
(0.00025 0.0005 0.001)
(0.000375 0.0005 0.001)
(0.0005 0.0005 0.001)
(0.000625 0.0005 0.001)
(0.00075 0.0005 0.001)
(0.000875 0.0005 0.001)
(0.001 0.0005 0.001)
(0.001125 0.0005 0.001)
(0.00125 0.0005 0.001)
(0.001375 0.0005 0.001)
(0.0015 0.0005 0.001)
(0.001625 0.0005 0.001)
(0.00175 0.0005 0.001)
(0.001875 0.0005 0.001)
(0.002 0.0005 0.001)
(0.002125 0.0005 0.001)
(0.00225 0.0005 0.001)
(0.002375 0.0005 0.001)
(0.0025 0.0005 0.001)
(0.002625 0.0005 0.001)
(0.00275 0.0005 0.001)
(0.002875 0.0005 0.001)
(0.003 0.0005 0.001)
(0.003125 0.0005 0.001)
(0.00325 0.0005 0.001)
(0.003375 0.0005 0.001)
(0.0035 0.0005 0.001)
(0.003625 0.0005 0.001)
(0.00375 0.0005 0.001)
(0.003875 0.0005 0.001)
(0.004 0.0005 0.001)
(0.004125 0.0005 0.001)
(0.00425 0.0005 0.001)
(0.004375 0.0005 0.001)
(0.0045 0.0005 0.001)
(0.004625 0.0005 0.001)
(0.00475 0.0005 0.001)
(0.004875 0.0005 0.001)
(0.005 0.0005 0.001)
(0.005125 0.0005 0.001)
(0.00525 0.0005 0.001)
(0.005375 0.0005 0.001)
(0.0055 0.0005 0.001)
(0.005625 0.0005 0.001)
(0.00575 0.0005 0.001)
(0.005875 0.0005 0.001)
(0.006 0.0005 0.001)
(0.006125 0.0005 0.001)
(0.00625 0.0005 0.001)
(0.006375 0.0005 0.001)
(0.0065 0.0005 0.001)
(0.006625 0.0005 0.001)
(0.00675 0.0005 0.001)
(0.006875 0.0005 0.001)
(0.007 0.0005 0.001)
(0.007125 0.0005 0.001)
(0.00725 0.0005 0.001)
(0.007375 0.0005 0.001)
(0.0075 0.0005 0.001)
(0.007625 0.0005 0.001)
(0.00775 0.0005 0.001)
(0.007875 0.0005 0.001)
(0.008 0.0005 0.001)
(0.008125 0.0005 0.001)
(0.00825 0.0005 0.001)
(0.008375 0.0005 0.001)
(0.0085 0.0005 0.001)
(0.008625 0.0005 0.001)
(0.00875 0.0005 0.001)
(0.008875 0.0005 0.001)
(0.009 0.0005 0.001)
(0.009125 0.0005 0.001)
(0.00925 0.0005 0.001)
(0.009375 0.0005 0.001)
(0.0095 0.0005 0.001)
(0.009625 0.0005 0.001)
(0.00975 0.0005 0.001)
(0.009875 0.0005 0.001)
(0.01 0.0005 0.001)
(0 0.000625 0.001)
(0.000125 0.000625 0.001)
(0.00025 0.000625 0.001)
(0.000375 0.000625 0.001)
(0.0005 0.000625 0.001)
(0.000625 0.000625 0.001)
(0.00075 0.000625 0.001)
(0.000875 0.000625 0.001)
(0.001 0.000625 0.001)
(0.001125 0.000625 0.001)
(0.00125 0.000625 0.001)
(0.001375 0.000625 0.001)
(0.0015 0.000625 0.001)
(0.001625 0.000625 0.001)
(0.00175 0.000625 0.001)
(0.001875 0.000625 0.001)
(0.002 0.000625 0.001)
(0.002125 0.000625 0.001)
(0.00225 0.000625 0.001)
(0.002375 0.000625 0.001)
(0.0025 0.000625 0.001)
(0.002625 0.000625 0.001)
(0.00275 0.000625 0.001)
(0.002875 0.000625 0.001)
(0.003 0.000625 0.001)
(0.003125 0.000625 0.001)
(0.00325 0.000625 0.001)
(0.003375 0.000625 0.001)
(0.0035 0.000625 0.001)
(0.003625 0.000625 0.001)
(0.00375 0.000625 0.001)
(0.003875 0.000625 0.001)
(0.004 0.000625 0.001)
(0.004125 0.000625 0.001)
(0.00425 0.000625 0.001)
(0.004375 0.000625 0.001)
(0.0045 0.000625 0.001)
(0.004625 0.000625 0.001)
(0.00475 0.000625 0.001)
(0.004875 0.000625 0.001)
(0.005 0.000625 0.001)
(0.005125 0.000625 0.001)
(0.00525 0.000625 0.001)
(0.005375 0.000625 0.001)
(0.0055 0.000625 0.001)
(0.005625 0.000625 0.001)
(0.00575 0.000625 0.001)
(0.005875 0.000625 0.001)
(0.006 0.000625 0.001)
(0.006125 0.000625 0.001)
(0.00625 0.000625 0.001)
(0.006375 0.000625 0.001)
(0.0065 0.000625 0.001)
(0.006625 0.000625 0.001)
(0.00675 0.000625 0.001)
(0.006875 0.000625 0.001)
(0.007 0.000625 0.001)
(0.007125 0.000625 0.001)
(0.00725 0.000625 0.001)
(0.007375 0.000625 0.001)
(0.0075 0.000625 0.001)
(0.007625 0.000625 0.001)
(0.00775 0.000625 0.001)
(0.007875 0.000625 0.001)
(0.008 0.000625 0.001)
(0.008125 0.000625 0.001)
(0.00825 0.000625 0.001)
(0.008375 0.000625 0.001)
(0.0085 0.000625 0.001)
(0.008625 0.000625 0.001)
(0.00875 0.000625 0.001)
(0.008875 0.000625 0.001)
(0.009 0.000625 0.001)
(0.009125 0.000625 0.001)
(0.00925 0.000625 0.001)
(0.009375 0.000625 0.001)
(0.0095 0.000625 0.001)
(0.009625 0.000625 0.001)
(0.00975 0.000625 0.001)
(0.009875 0.000625 0.001)
(0.01 0.000625 0.001)
(0 0.00075 0.001)
(0.000125 0.00075 0.001)
(0.00025 0.00075 0.001)
(0.000375 0.00075 0.001)
(0.0005 0.00075 0.001)
(0.000625 0.00075 0.001)
(0.00075 0.00075 0.001)
(0.000875 0.00075 0.001)
(0.001 0.00075 0.001)
(0.001125 0.00075 0.001)
(0.00125 0.00075 0.001)
(0.001375 0.00075 0.001)
(0.0015 0.00075 0.001)
(0.001625 0.00075 0.001)
(0.00175 0.00075 0.001)
(0.001875 0.00075 0.001)
(0.002 0.00075 0.001)
(0.002125 0.00075 0.001)
(0.00225 0.00075 0.001)
(0.002375 0.00075 0.001)
(0.0025 0.00075 0.001)
(0.002625 0.00075 0.001)
(0.00275 0.00075 0.001)
(0.002875 0.00075 0.001)
(0.003 0.00075 0.001)
(0.003125 0.00075 0.001)
(0.00325 0.00075 0.001)
(0.003375 0.00075 0.001)
(0.0035 0.00075 0.001)
(0.003625 0.00075 0.001)
(0.00375 0.00075 0.001)
(0.003875 0.00075 0.001)
(0.004 0.00075 0.001)
(0.004125 0.00075 0.001)
(0.00425 0.00075 0.001)
(0.004375 0.00075 0.001)
(0.0045 0.00075 0.001)
(0.004625 0.00075 0.001)
(0.00475 0.00075 0.001)
(0.004875 0.00075 0.001)
(0.005 0.00075 0.001)
(0.005125 0.00075 0.001)
(0.00525 0.00075 0.001)
(0.005375 0.00075 0.001)
(0.0055 0.00075 0.001)
(0.005625 0.00075 0.001)
(0.00575 0.00075 0.001)
(0.005875 0.00075 0.001)
(0.006 0.00075 0.001)
(0.006125 0.00075 0.001)
(0.00625 0.00075 0.001)
(0.006375 0.00075 0.001)
(0.0065 0.00075 0.001)
(0.006625 0.00075 0.001)
(0.00675 0.00075 0.001)
(0.006875 0.00075 0.001)
(0.007 0.00075 0.001)
(0.007125 0.00075 0.001)
(0.00725 0.00075 0.001)
(0.007375 0.00075 0.001)
(0.0075 0.00075 0.001)
(0.007625 0.00075 0.001)
(0.00775 0.00075 0.001)
(0.007875 0.00075 0.001)
(0.008 0.00075 0.001)
(0.008125 0.00075 0.001)
(0.00825 0.00075 0.001)
(0.008375 0.00075 0.001)
(0.0085 0.00075 0.001)
(0.008625 0.00075 0.001)
(0.00875 0.00075 0.001)
(0.008875 0.00075 0.001)
(0.009 0.00075 0.001)
(0.009125 0.00075 0.001)
(0.00925 0.00075 0.001)
(0.009375 0.00075 0.001)
(0.0095 0.00075 0.001)
(0.009625 0.00075 0.001)
(0.00975 0.00075 0.001)
(0.009875 0.00075 0.001)
(0.01 0.00075 0.001)
(0 0.000875 0.001)
(0.000125 0.000875 0.001)
(0.00025 0.000875 0.001)
(0.000375 0.000875 0.001)
(0.0005 0.000875 0.001)
(0.000625 0.000875 0.001)
(0.00075 0.000875 0.001)
(0.000875 0.000875 0.001)
(0.001 0.000875 0.001)
(0.001125 0.000875 0.001)
(0.00125 0.000875 0.001)
(0.001375 0.000875 0.001)
(0.0015 0.000875 0.001)
(0.001625 0.000875 0.001)
(0.00175 0.000875 0.001)
(0.001875 0.000875 0.001)
(0.002 0.000875 0.001)
(0.002125 0.000875 0.001)
(0.00225 0.000875 0.001)
(0.002375 0.000875 0.001)
(0.0025 0.000875 0.001)
(0.002625 0.000875 0.001)
(0.00275 0.000875 0.001)
(0.002875 0.000875 0.001)
(0.003 0.000875 0.001)
(0.003125 0.000875 0.001)
(0.00325 0.000875 0.001)
(0.003375 0.000875 0.001)
(0.0035 0.000875 0.001)
(0.003625 0.000875 0.001)
(0.00375 0.000875 0.001)
(0.003875 0.000875 0.001)
(0.004 0.000875 0.001)
(0.004125 0.000875 0.001)
(0.00425 0.000875 0.001)
(0.004375 0.000875 0.001)
(0.0045 0.000875 0.001)
(0.004625 0.000875 0.001)
(0.00475 0.000875 0.001)
(0.004875 0.000875 0.001)
(0.005 0.000875 0.001)
(0.005125 0.000875 0.001)
(0.00525 0.000875 0.001)
(0.005375 0.000875 0.001)
(0.0055 0.000875 0.001)
(0.005625 0.000875 0.001)
(0.00575 0.000875 0.001)
(0.005875 0.000875 0.001)
(0.006 0.000875 0.001)
(0.006125 0.000875 0.001)
(0.00625 0.000875 0.001)
(0.006375 0.000875 0.001)
(0.0065 0.000875 0.001)
(0.006625 0.000875 0.001)
(0.00675 0.000875 0.001)
(0.006875 0.000875 0.001)
(0.007 0.000875 0.001)
(0.007125 0.000875 0.001)
(0.00725 0.000875 0.001)
(0.007375 0.000875 0.001)
(0.0075 0.000875 0.001)
(0.007625 0.000875 0.001)
(0.00775 0.000875 0.001)
(0.007875 0.000875 0.001)
(0.008 0.000875 0.001)
(0.008125 0.000875 0.001)
(0.00825 0.000875 0.001)
(0.008375 0.000875 0.001)
(0.0085 0.000875 0.001)
(0.008625 0.000875 0.001)
(0.00875 0.000875 0.001)
(0.008875 0.000875 0.001)
(0.009 0.000875 0.001)
(0.009125 0.000875 0.001)
(0.00925 0.000875 0.001)
(0.009375 0.000875 0.001)
(0.0095 0.000875 0.001)
(0.009625 0.000875 0.001)
(0.00975 0.000875 0.001)
(0.009875 0.000875 0.001)
(0.01 0.000875 0.001)
(0 0.001 0.001)
(0.000125 0.001 0.001)
(0.00025 0.001 0.001)
(0.000375 0.001 0.001)
(0.0005 0.001 0.001)
(0.000625 0.001 0.001)
(0.00075 0.001 0.001)
(0.000875 0.001 0.001)
(0.001 0.001 0.001)
(0.001125 0.001 0.001)
(0.00125 0.001 0.001)
(0.001375 0.001 0.001)
(0.0015 0.001 0.001)
(0.001625 0.001 0.001)
(0.00175 0.001 0.001)
(0.001875 0.001 0.001)
(0.002 0.001 0.001)
(0.002125 0.001 0.001)
(0.00225 0.001 0.001)
(0.002375 0.001 0.001)
(0.0025 0.001 0.001)
(0.002625 0.001 0.001)
(0.00275 0.001 0.001)
(0.002875 0.001 0.001)
(0.003 0.001 0.001)
(0.003125 0.001 0.001)
(0.00325 0.001 0.001)
(0.003375 0.001 0.001)
(0.0035 0.001 0.001)
(0.003625 0.001 0.001)
(0.00375 0.001 0.001)
(0.003875 0.001 0.001)
(0.004 0.001 0.001)
(0.004125 0.001 0.001)
(0.00425 0.001 0.001)
(0.004375 0.001 0.001)
(0.0045 0.001 0.001)
(0.004625 0.001 0.001)
(0.00475 0.001 0.001)
(0.004875 0.001 0.001)
(0.005 0.001 0.001)
(0.005125 0.001 0.001)
(0.00525 0.001 0.001)
(0.005375 0.001 0.001)
(0.0055 0.001 0.001)
(0.005625 0.001 0.001)
(0.00575 0.001 0.001)
(0.005875 0.001 0.001)
(0.006 0.001 0.001)
(0.006125 0.001 0.001)
(0.00625 0.001 0.001)
(0.006375 0.001 0.001)
(0.0065 0.001 0.001)
(0.006625 0.001 0.001)
(0.00675 0.001 0.001)
(0.006875 0.001 0.001)
(0.007 0.001 0.001)
(0.007125 0.001 0.001)
(0.00725 0.001 0.001)
(0.007375 0.001 0.001)
(0.0075 0.001 0.001)
(0.007625 0.001 0.001)
(0.00775 0.001 0.001)
(0.007875 0.001 0.001)
(0.008 0.001 0.001)
(0.008125 0.001 0.001)
(0.00825 0.001 0.001)
(0.008375 0.001 0.001)
(0.0085 0.001 0.001)
(0.008625 0.001 0.001)
(0.00875 0.001 0.001)
(0.008875 0.001 0.001)
(0.009 0.001 0.001)
(0.009125 0.001 0.001)
(0.00925 0.001 0.001)
(0.009375 0.001 0.001)
(0.0095 0.001 0.001)
(0.009625 0.001 0.001)
(0.00975 0.001 0.001)
(0.009875 0.001 0.001)
(0.01 0.001 0.001)
)


// ************************************************************************* //
