# cfd3_1x_dt0.001: drag and lift on cylinder+plate (N/m), total/pressure/viscous, last 4 s at 1 ms
time,drag,lift,drag_p,lift_p,drag_v,lift_v
36.00000,4.500686e+02,-2.829837e+02,4.046293e+02,-2.830609e+02,4.543924e+01,7.723040e-02
36.00100,4.500539e+02,-2.888141e+02,4.045917e+02,-2.887869e+02,4.546224e+01,-2.732839e-02
36.00200,4.500406e+02,-2.946267e+02,4.045570e+02,-2.944937e+02,4.548363e+01,-1.329259e-01
36.00300,4.500129e+02,-3.000437e+02,4.045096e+02,-2.998042e+02,4.550333e+01,-2.395203e-01
36.00400,4.499829e+02,-3.054381e+02,4.044617e+02,-3.050911e+02,4.552129e+01,-3.470364e-01
36.00500,4.499379e+02,-3.105945e+02,4.044005e+02,-3.101389e+02,4.553741e+01,-4.556475e-01
36.00600,4.498831e+02,-3.156595e+02,4.043316e+02,-3.150939e+02,4.555158e+01,-5.654874e-01
36.00700,4.498392e+02,-3.200294e+02,4.042751e+02,-3.193533e+02,4.556406e+01,-6.761080e-01
36.00800,4.497791e+02,-3.246022e+02,4.042043e+02,-3.238153e+02,4.557475e+01,-7.868653e-01
36.00900,4.497137e+02,-3.287549e+02,4.041301e+02,-3.278571e+02,4.558363e+01,-8.978593e-01
36.01000,4.496331e+02,-3.328660e+02,4.040425e+02,-3.318569e+02,4.559060e+01,-1.009135e+00
36.01100,4.495527e+02,-3.366667e+02,4.039569e+02,-3.355457e+02,4.559571e+01,-1.121022e+00
36.01200,4.494669e+02,-3.403063e+02,4.038679e+02,-3.390726e+02,4.559902e+01,-1.233717e+00
36.01300,4.493739e+02,-3.436881e+02,4.037734e+02,-3.423413e+02,4.560052e+01,-1.346782e+00
36.01400,4.492673e+02,-3.470119e+02,4.036671e+02,-3.455529e+02,4.560021e+01,-1.458977e+00
36.01500,4.491556e+02,-3.502949e+02,4.035575e+02,-3.487238e+02,4.559811e+01,-1.571021e+00
36.01600,4.490398e+02,-3.520576e+02,4.034455e+02,-3.503763e+02,4.559431e+01,-1.681315e+00
36.01700,4.489206e+02,-3.535730e+02,4.033318e+02,-3.517832e+02,4.558881e+01,-1.789800e+00
36.01800,4.488033e+02,-3.540897e+02,4.032217e+02,-3.521937e+02,4.558163e+01,-1.896003e+00
36.01900,4.486822e+02,-3.562123e+02,4.031095e+02,-3.542113e+02,4.557274e+01,-2.000994e+00
36.02000,4.485569e+02,-3.582087e+02,4.029947e+02,-3.561035e+02,4.556221e+01,-2.105219e+00
36.02100,4.484151e+02,-3.596580e+02,4.028652e+02,-3.574488e+02,4.554993e+01,-2.209178e+00
36.02200,4.482741e+02,-3.607946e+02,4.027381e+02,-3.584817e+02,4.553598e+01,-2.312939e+00
36.02300,4.481254e+02,-3.617197e+02,4.026050e+02,-3.593035e+02,4.552040e+01,-2.416217e+00
36.02400,4.479673e+02,-3.622396e+02,4.024640e+02,-3.597212e+02,4.550331e+01,-2.518415e+00
36.02500,4.477503e+02,-3.622527e+02,4.022653e+02,-3.596339e+02,4.548495e+01,-2.618850e+00
36.02600,4.477254e+02,-3.634841e+02,4.022609e+02,-3.607658e+02,4.546457e+01,-2.718347e+00
36.02700,4.475896e+02,-3.637943e+02,4.021475e+02,-3.609778e+02,4.544213e+01,-2.816557e+00
36.02800,4.474551e+02,-3.630748e+02,4.020365e+02,-3.601614e+02,4.541849e+01,-2.913395e+00
36.02900,4.472971e+02,-3.624696e+02,4.019035e+02,-3.594607e+02,4.539359e+01,-3.008946e+00
36.03000,4.471513e+02,-3.616186e+02,4.017839e+02,-3.585160e+02,4.536739e+01,-3.102607e+00
36.03100,4.469602e+02,-3.604869e+02,4.016206e+02,-3.572928e+02,4.533962e+01,-3.194043e+00
36.03200,4.468187e+02,-3.598599e+02,4.015079e+02,-3.565759e+02,4.531072e+01,-3.284055e+00
36.03300,4.466721e+02,-3.569978e+02,4.013915e+02,-3.536273e+02,4.528068e+01,-3.370553e+00
36.03400,4.465393e+02,-3.557095e+02,4.012895e+02,-3.522549e+02,4.524977e+01,-3.454601e+00
36.03500,4.462960e+02,-3.526224e+02,4.010779e+02,-3.490865e+02,4.521805e+01,-3.535887e+00
36.03600,4.461109e+02,-3.499525e+02,4.009255e+02,-3.463376e+02,4.518531e+01,-3.614888e+00
36.03700,4.459541e+02,-3.473187e+02,4.008024e+02,-3.436269e+02,4.515172e+01,-3.691886e+00
36.03800,4.457921e+02,-3.445830e+02,4.006747e+02,-3.408163e+02,4.511729e+01,-3.766695e+00
36.03900,4.456256e+02,-3.414825e+02,4.005437e+02,-3.376433e+02,4.508188e+01,-3.839271e+00
36.04000,4.455006e+02,-3.389645e+02,4.004544e+02,-3.350549e+02,4.504617e+01,-3.909611e+00
36.04100,4.453517e+02,-3.355797e+02,4.003417e+02,-3.316017e+02,4.500999e+01,-3.977975e+00
36.04200,4.451861e+02,-3.314103e+02,4.002129e+02,-3.273663e+02,4.497319e+01,-4.043991e+00
36.04300,4.450347e+02,-3.273765e+02,4.000988e+02,-3.232689e+02,4.493585e+01,-4.107535e+00
36.04400,4.448963e+02,-3.234371e+02,3.999981e+02,-3.192683e+02,4.489811e+01,-4.168751e+00
36.04500,4.447618e+02,-3.196883e+02,3.999018e+02,-3.154603e+02,4.485997e+01,-4.228010e+00
36.04600,4.446385e+02,-3.138600e+02,3.998169e+02,-3.095759e+02,4.482151e+01,-4.284125e+00
36.04700,4.444660e+02,-3.100147e+02,3.996835e+02,-3.056771e+02,4.478244e+01,-4.337612e+00
36.04800,4.443671e+02,-3.052606e+02,3.996237e+02,-3.008726e+02,4.474333e+01,-4.388005e+00
36.04900,4.442452e+02,-3.005059e+02,3.995411e+02,-2.960706e+02,4.470411e+01,-4.435315e+00
36.05000,4.440557e+02,-2.939751e+02,3.993908e+02,-2.894957e+02,4.466483e+01,-4.479393e+00
36.05100,4.438953e+02,-2.880591e+02,3.992695e+02,-2.835381e+02,4.462577e+01,-4.520928e+00
36.05200,4.437556e+02,-2.823148e+02,3.991691e+02,-2.777551e+02,4.458655e+01,-4.559773e+00
36.05300,4.436518e+02,-2.768759e+02,3.991044e+02,-2.722795e+02,4.454736e+01,-4.596416e+00
36.05400,4.435425e+02,-2.711207e+02,3.990342e+02,-2.664898e+02,4.450824e+01,-4.630942e+00
36.05500,4.434407e+02,-2.654511e+02,3.989714e+02,-2.607881e+02,4.446925e+01,-4.663032e+00
36.05600,4.433393e+02,-2.593576e+02,3.989089e+02,-2.546651e+02,4.443039e+01,-4.692413e+00
36.05700,4.432395e+02,-2.526568e+02,3.988478e+02,-2.479381e+02,4.439170e+01,-4.718701e+00
36.05800,4.431319e+02,-2.458497e+02,3.987789e+02,-2.411079e+02,4.435301e+01,-4.741859e+00
36.05900,4.430387e+02,-2.388719e+02,3.987244e+02,-2.341099e+02,4.431435e+01,-4.761944e+00
36.06000,4.429917e+02,-2.321631e+02,3.987152e+02,-2.273845e+02,4.427650e+01,-4.778651e+00
36.06100,4.428795e+02,-2.266883e+02,3.986407e+02,-2.218951e+02,4.423877e+01,-4.793233e+00
36.06200,4.427916e+02,-2.198471e+02,3.985904e+02,-2.150417e+02,4.420123e+01,-4.805469e+00
36.06300,4.427189e+02,-2.131461e+02,3.985548e+02,-2.083310e+02,4.416407e+01,-4.815131e+00
36.06400,4.426337e+02,-2.052475e+02,3.985065e+02,-2.004257e+02,4.412717e+01,-4.821871e+00
36.06500,4.425651e+02,-1.981989e+02,3.984745e+02,-1.933733e+02,4.409067e+01,-4.825601e+00
36.06600,4.425074e+02,-1.905881e+02,3.984527e+02,-1.857616e+02,4.405473e+01,-4.826516e+00
36.06700,4.424537e+02,-1.833140e+02,3.984343e+02,-1.784896e+02,4.401940e+01,-4.824393e+00
36.06800,4.423950e+02,-1.760627e+02,3.984105e+02,-1.712438e+02,4.398457e+01,-4.818931e+00
36.06900,4.423387e+02,-1.688528e+02,3.983885e+02,-1.640420e+02,4.395018e+01,-4.810797e+00
36.07000,4.422700e+02,-1.615689e+02,3.983538e+02,-1.567691e+02,4.391618e+01,-4.799787e+00
36.07100,4.422148e+02,-1.538572e+02,3.983319e+02,-1.490720e+02,4.388293e+01,-4.785198e+00
36.07200,4.422731e+02,-1.445878e+02,3.984230e+02,-1.398192e+02,4.385015e+01,-4.768552e+00
36.07300,4.422975e+02,-1.358773e+02,3.984799e+02,-1.311269e+02,4.381772e+01,-4.750375e+00
36.07400,4.422745e+02,-1.282466e+02,3.984886e+02,-1.235164e+02,4.378586e+01,-4.730193e+00
36.07500,4.422501e+02,-1.206833e+02,3.984954e+02,-1.159756e+02,4.375470e+01,-4.707741e+00
36.07600,4.422279e+02,-1.131183e+02,3.985037e+02,-1.084357e+02,4.372426e+01,-4.682656e+00
36.07700,4.422012e+02,-1.048333e+02,3.985067e+02,-1.001781e+02,4.369446e+01,-4.655125e+00
36.07800,4.421846e+02,-9.691253e+01,3.985193e+02,-9.228687e+01,4.366533e+01,-4.625628e+00
36.07900,4.421726e+02,-8.905987e+01,3.985357e+02,-8.446560e+01,4.363693e+01,-4.594315e+00
36.08000,4.421681e+02,-8.124540e+01,3.985587e+02,-7.668460e+01,4.360933e+01,-4.560767e+00
36.08100,4.421632e+02,-7.344947e+01,3.985807e+02,-6.892453e+01,4.358248e+01,-4.524967e+00
36.08200,4.421623e+02,-6.540280e+01,3.986059e+02,-6.091603e+01,4.355637e+01,-4.486764e+00
36.08300,4.421580e+02,-5.722570e+01,3.986271e+02,-5.278002e+01,4.353093e+01,-4.445676e+00
36.08400,4.421635e+02,-4.945351e+01,3.986573e+02,-4.505169e+01,4.350630e+01,-4.401819e+00
36.08500,4.421626e+02,-4.176812e+01,3.986803e+02,-3.741219e+01,4.348235e+01,-4.355938e+00
36.08600,4.421707e+02,-3.401989e+01,3.987115e+02,-2.971226e+01,4.345915e+01,-4.307621e+00
36.08700,4.421857e+02,-2.616490e+01,3.987490e+02,-2.190782e+01,4.343673e+01,-4.257079e+00
36.08800,4.422077e+02,-1.817096e+01,3.987926e+02,-1.396669e+01,4.341508e+01,-4.204264e+00
36.08900,4.421899e+02,-1.061337e+01,3.987962e+02,-6.464344e+00,4.339376e+01,-4.149019e+00
36.09000,4.421756e+02,-2.961751e+00,3.988025e+02,1.129538e+00,4.337309e+01,-4.091289e+00
36.09100,4.420994e+02,4.263649e+00,3.987465e+02,8.295393e+00,4.335292e+01,-4.031744e+00
36.09200,4.420393e+02,1.168243e+01,3.987060e+02,1.565339e+01,4.333336e+01,-3.970965e+00
36.09300,4.420542e+02,1.912877e+01,3.987397e+02,2.303753e+01,4.331453e+01,-3.908762e+00
36.09400,4.420682e+02,2.661142e+01,3.987717e+02,3.045626e+01,4.329645e+01,-3.844836e+00
36.09500,4.420797e+02,3.400459e+01,3.988007e+02,3.778355e+01,4.327907e+01,-3.778960e+00
36.09600,4.420896e+02,4.145237e+01,3.988272e+02,4.516351e+01,4.326238e+01,-3.711145e+00
36.09700,4.420930e+02,4.854287e+01,3.988467e+02,5.218422e+01,4.324629e+01,-3.641353e+00
36.09800,4.421014e+02,5.553341e+01,3.988705e+02,5.910345e+01,4.323083e+01,-3.570049e+00
36.09900,4.421098e+02,6.257612e+01,3.988938e+02,6.607325e+01,4.321603e+01,-3.497127e+00
36.10000,4.421171e+02,6.955233e+01,3.989153e+02,7.297487e+01,4.320183e+01,-3.422514e+00
36.10100,4.421224e+02,7.652767e+01,3.989342e+02,7.987387e+01,4.318819e+01,-3.346136e+00
36.10200,4.421357e+02,8.331400e+01,3.989605e+02,8.658193e+01,4.317517e+01,-3.267957e+00
36.10300,4.421279e+02,8.964233e+01,3.989653e+02,9.283040e+01,4.316257e+01,-3.188041e+00
36.10400,4.421147e+02,9.607793e+01,3.989645e+02,9.918513e+01,4.315028e+01,-3.107239e+00
36.10500,4.421429e+02,1.023487e+02,3.990043e+02,1.053744e+02,4.313866e+01,-3.025665e+00
36.10600,4.421464e+02,1.086249e+02,3.990187e+02,1.115683e+02,4.312763e+01,-2.943416e+00
36.10700,4.421519e+02,1.148367e+02,3.990348e+02,1.176970e+02,4.311718e+01,-2.860339e+00
36.10800,4.421525e+02,1.208782e+02,3.990452e+02,1.236542e+02,4.310726e+01,-2.775973e+00
36.10900,4.421523e+02,1.266839e+02,3.990544e+02,1.293743e+02,4.309783e+01,-2.690347e+00
36.11000,4.421461e+02,1.322605e+02,3.990573e+02,1.348644e+02,4.308879e+01,-2.603841e+00
36.11100,4.421497e+02,1.380028e+02,3.990694e+02,1.405191e+02,4.308023e+01,-2.516309e+00
36.11200,4.421486e+02,1.434835e+02,3.990765e+02,1.459111e+02,4.307209e+01,-2.427659e+00
36.11300,4.421413e+02,1.488701e+02,3.990770e+02,1.512079e+02,4.306431e+01,-2.337755e+00
36.11400,4.421380e+02,1.539332e+02,3.990811e+02,1.561803e+02,4.305689e+01,-2.247077e+00
36.11500,4.421393e+02,1.588545e+02,3.990894e+02,1.610101e+02,4.304990e+01,-2.155685e+00
36.11600,4.421327e+02,1.637613e+02,3.990895e+02,1.658249e+02,4.304325e+01,-2.063601e+00
36.11700,4.421271e+02,1.684683e+02,3.990901e+02,1.704391e+02,4.303696e+01,-1.970755e+00
36.11800,4.421358e+02,1.730521e+02,3.991046e+02,1.749293e+02,4.303119e+01,-1.877213e+00
36.11900,4.421241e+02,1.775046e+02,3.990982e+02,1.792881e+02,4.302584e+01,-1.783517e+00
36.12000,4.421216e+02,1.816209e+02,3.991006e+02,1.833106e+02,4.302098e+01,-1.689696e+00
36.12100,4.421207e+02,1.855400e+02,3.991041e+02,1.871358e+02,4.301663e+01,-1.595767e+00
36.12200,4.420955e+02,1.894491e+02,3.990830e+02,1.909507e+02,4.301255e+01,-1.501607e+00
36.12300,4.420735e+02,1.932359e+02,3.990648e+02,1.946429e+02,4.300874e+01,-1.407049e+00
36.12400,4.420554e+02,1.967517e+02,3.990501e+02,1.980639e+02,4.300527e+01,-1.312222e+00
36.12500,4.420332e+02,2.002092e+02,3.990310e+02,2.014265e+02,4.300225e+01,-1.217271e+00
36.12600,4.419599e+02,2.044163e+02,3.989601e+02,2.055391e+02,4.299979e+01,-1.122701e+00
36.12700,4.419555e+02,2.071835e+02,3.989577e+02,2.082113e+02,4.299783e+01,-1.027838e+00
36.12800,4.420216e+02,2.093264e+02,3.990255e+02,2.102591e+02,4.299603e+01,-9.327487e-01
36.12900,4.421255e+02,2.110718e+02,3.991314e+02,2.119096e+02,4.299416e+01,-8.377780e-01
36.13000,4.421979e+02,2.122757e+02,3.992060e+02,2.130193e+02,4.299197e+01,-7.435840e-01
36.13100,4.421710e+02,2.146788e+02,3.991813e+02,2.153283e+02,4.298976e+01,-6.495350e-01
36.13200,4.421378e+02,2.173391e+02,3.991503e+02,2.178943e+02,4.298754e+01,-5.552020e-01
36.13300,4.421151e+02,2.191346e+02,3.991297e+02,2.195962e+02,4.298538e+01,-4.616251e-01
36.13400,4.421156e+02,2.209015e+02,3.991321e+02,2.212703e+02,4.298348e+01,-3.687038e-01
36.13500,4.421073e+02,2.224774e+02,3.991255e+02,2.227543e+02,4.298174e+01,-2.769267e-01
36.13600,4.421282e+02,2.233912e+02,3.991476e+02,2.235771e+02,4.298061e+01,-1.858559e-01
36.13700,4.421231e+02,2.246384e+02,3.991433e+02,2.247338e+02,4.297983e+01,-9.542280e-02
36.13800,4.421368e+02,2.254137e+02,3.991573e+02,2.254195e+02,4.297955e+01,-5.735526e-03
36.13900,4.421434e+02,2.260327e+02,3.991637e+02,2.259491e+02,4.297971e+01,8.350093e-02
36.14000,4.421527e+02,2.263726e+02,3.991724e+02,2.262004e+02,4.298030e+01,1.722415e-01
36.14100,4.421543e+02,2.268974e+02,3.991729e+02,2.266372e+02,4.298133e+01,2.602378e-01
36.14200,4.422277e+02,2.278827e+02,3.992451e+02,2.275355e+02,4.298261e+01,3.472021e-01
36.14300,4.422546e+02,2.277145e+02,3.992705e+02,2.272811e+02,4.298411e+01,4.334983e-01
36.14400,4.422109e+02,2.267501e+02,3.992249e+02,2.262303e+02,4.298603e+01,5.198267e-01
36.14500,4.422167e+02,2.258808e+02,3.992285e+02,2.252754e+02,4.298825e+01,6.053770e-01
36.14600,4.422275e+02,2.252630e+02,3.992367e+02,2.245729e+02,4.299076e+01,6.900727e-01
36.14700,4.422903e+02,2.236675e+02,3.992964e+02,2.228948e+02,4.299393e+01,7.727020e-01
36.14800,4.423257e+02,2.221993e+02,3.993280e+02,2.213457e+02,4.299771e+01,8.536540e-01
36.14900,4.423599e+02,2.209035e+02,3.993577e+02,2.199708e+02,4.300220e+01,9.326720e-01
36.15000,4.423919e+02,2.194367e+02,3.993846e+02,2.184264e+02,4.300737e+01,1.010295e+00
36.15100,4.424322e+02,2.179297e+02,3.994189e+02,2.168427e+02,4.301325e+01,1.087024e+00
36.15200,4.424574e+02,2.156463e+02,3.994377e+02,2.144837e+02,4.301973e+01,1.162618e+00
36.15300,4.424987e+02,2.134655e+02,3.994717e+02,2.122285e+02,4.302691e+01,1.237082e+00
36.15400,4.425444e+02,2.111665e+02,3.995096e+02,2.098562e+02,4.303481e+01,1.310317e+00
36.15500,4.425979e+02,2.086251e+02,3.995544e+02,2.072429e+02,4.304349e+01,1.382130e+00
36.15600,4.426559e+02,2.053305e+02,3.996030e+02,2.038783e+02,4.305295e+01,1.452271e+00
36.15700,4.427143e+02,2.019723e+02,3.996512e+02,2.004514e+02,4.306315e+01,1.520905e+00
36.15800,4.427983e+02,1.984781e+02,3.997241e+02,1.968901e+02,4.307427e+01,1.587917e+00
36.15900,4.427943e+02,1.958179e+02,3.997088e+02,1.941646e+02,4.308549e+01,1.653380e+00
36.16000,4.427944e+02,1.921011e+02,3.996973e+02,1.903841e+02,4.309704e+01,1.716959e+00
36.16100,4.428775e+02,1.890064e+02,3.997678e+02,1.872279e+02,4.310970e+01,1.778575e+00
36.16200,4.429884e+02,1.855795e+02,3.998645e+02,1.837411e+02,4.312387e+01,1.838420e+00
36.16300,4.430707e+02,1.810814e+02,3.999315e+02,1.791857e+02,4.313922e+01,1.895671e+00
36.16400,4.431703e+02,1.762743e+02,4.000146e+02,1.743236e+02,4.315575e+01,1.950703e+00
36.16500,4.432549e+02,1.713709e+02,4.000815e+02,1.693669e+02,4.317332e+01,2.004052e+00
36.16600,4.433459e+02,1.665117e+02,4.001539e+02,1.644562e+02,4.319200e+01,2.055484e+00
36.16700,4.434338e+02,1.615624e+02,4.002221e+02,1.594575e+02,4.321165e+01,2.104911e+00
36.16800,4.435279e+02,1.565811e+02,4.002956e+02,1.544288e+02,4.323229e+01,2.152300e+00
36.16900,4.436277e+02,1.510957e+02,4.003738e+02,1.488983e+02,4.325393e+01,2.197443e+00
36.17000,4.437411e+02,1.455120e+02,4.004643e+02,1.432717e+02,4.327669e+01,2.240311e+00
36.17100,4.438463e+02,1.399229e+02,4.005458e+02,1.376421e+02,4.330049e+01,2.280761e+00
36.17200,4.439785e+02,1.339124e+02,4.006530e+02,1.315936e+02,4.332551e+01,2.318795e+00
36.17300,4.440465e+02,1.286172e+02,4.006952e+02,1.262621e+02,4.335122e+01,2.355097e+00
36.17400,4.441397e+02,1.227311e+02,4.007621e+02,1.203424e+02,4.337767e+01,2.388650e+00
36.17500,4.442593e+02,1.164227e+02,4.008543e+02,1.140035e+02,4.340510e+01,2.419119e+00
36.17600,4.443833e+02,1.100218e+02,4.009497e+02,1.075758e+02,4.343361e+01,2.446009e+00
36.17700,4.445087e+02,1.038657e+02,4.010453e+02,1.013954e+02,4.346331e+01,2.470375e+00
36.17800,4.446189e+02,9.739160e+01,4.011248e+02,9.489927e+01,4.349412e+01,2.492311e+00
36.17900,4.448114e+02,8.911640e+01,4.012853e+02,8.660507e+01,4.352603e+01,2.511337e+00
36.18000,4.449838e+02,8.151060e+01,4.014247e+02,7.898360e+01,4.355910e+01,2.526995e+00
36.18100,4.451242e+02,7.449727e+01,4.015309e+02,7.195740e+01,4.359329e+01,2.539854e+00
36.18200,4.452667e+02,6.746473e+01,4.016381e+02,6.491481e+01,4.362857e+01,2.549923e+00
36.18300,4.454109e+02,5.973275e+01,4.017461e+02,5.717591e+01,4.366485e+01,2.556841e+00
36.18400,4.455633e+02,5.218734e+01,4.018612e+02,4.962675e+01,4.370213e+01,2.560592e+00
36.18500,4.457227e+02,4.430796e+01,4.019823e+02,4.174679e+01,4.374041e+01,2.561164e+00
36.18600,4.458675e+02,3.682327e+01,4.020881e+02,3.426461e+01,4.377951e+01,2.558672e+00
36.18700,4.460257e+02,2.921917e+01,4.022063e+02,2.666611e+01,4.381946e+01,2.553052e+00
36.18800,4.461817e+02,2.140159e+01,4.023215e+02,1.885744e+01,4.386019e+01,2.544150e+00
36.18900,4.463406e+02,1.353171e+01,4.024389e+02,1.099986e+01,4.390168e+01,2.531847e+00
36.19000,4.464999e+02,5.378306e+00,4.025561e+02,2.862125e+00,4.394390e+01,2.516181e+00
36.19100,4.466607e+02,-3.059383e+00,4.026739e+02,-5.555981e+00,4.398684e+01,2.496598e+00
36.19200,4.468223e+02,-1.149677e+01,4.027919e+02,-1.397058e+01,4.403047e+01,2.473813e+00
36.19300,4.469837e+02,-1.986891e+01,4.029090e+02,-2.231658e+01,4.407474e+01,2.447671e+00
36.19400,4.471376e+02,-2.826880e+01,4.030181e+02,-3.068727e+01,4.411943e+01,2.418475e+00
36.19500,4.473341e+02,-3.625680e+01,4.031696e+02,-3.864420e+01,4.416447e+01,2.387403e+00
36.19600,4.475148e+02,-4.468433e+01,4.033051e+02,-4.703792e+01,4.420975e+01,2.353590e+00
36.19700,4.475835e+02,-5.324331e+01,4.033279e+02,-5.556044e+01,4.425567e+01,2.317123e+00
36.19800,4.477147e+02,-6.180127e+01,4.034128e+02,-6.407918e+01,4.430188e+01,2.277912e+00
36.19900,4.478655e+02,-7.046960e+01,4.035171e+02,-7.270527e+01,4.434834e+01,2.235631e+00
36.20000,4.479312e+02,-7.902347e+01,4.035359e+02,-8.121393e+01,4.439530e+01,2.190471e+00
36.20100,4.481000e+02,-8.752167e+01,4.036579e+02,-8.966467e+01,4.444203e+01,2.142955e+00
36.20200,4.482431e+02,-9.580487e+01,4.037544e+02,-9.789713e+01,4.448869e+01,2.092283e+00
36.20300,4.483715e+02,-1.041721e+02,4.038362e+02,-1.062104e+02,4.453526e+01,2.038379e+00
36.20400,4.484939e+02,-1.126361e+02,4.039123e+02,-1.146173e+02,4.458162e+01,1.981231e+00
36.20500,4.486093e+02,-1.211681e+02,4.039818e+02,-1.230895e+02,4.462754e+01,1.921415e+00
36.20600,4.487597e+02,-1.299703e+02,4.040863e+02,-1.318289e+02,4.467341e+01,1.858567e+00
36.20700,4.489118e+02,-1.386953e+02,4.041925e+02,-1.404885e+02,4.471938e+01,1.793193e+00
36.20800,4.490490e+02,-1.470898e+02,4.042837e+02,-1.488151e+02,4.476530e+01,1.725312e+00
36.20900,4.491269e+02,-1.551020e+02,4.043165e+02,-1.567574e+02,4.481045e+01,1.655405e+00
36.21000,4.492124e+02,-1.631502e+02,4.043578e+02,-1.647334e+02,4.485461e+01,1.583185e+00
36.21100,4.493649e+02,-1.714024e+02,4.044665e+02,-1.729105e+02,4.489837e+01,1.508148e+00
36.21200,4.494523e+02,-1.796422e+02,4.045107e+02,-1.810727e+02,4.494158e+01,1.430505e+00
36.21300,4.495265e+02,-1.871345e+02,4.045423e+02,-1.884855e+02,4.498420e+01,1.350941e+00
36.21400,4.496063e+02,-1.950531e+02,4.045804e+02,-1.963223e+02,4.502595e+01,1.269251e+00
36.21500,4.496839e+02,-2.029309e+02,4.046172e+02,-2.041163e+02,4.506671e+01,1.185341e+00
36.21600,4.497418e+02,-2.105751e+02,4.046356e+02,-2.116741e+02,4.510617e+01,1.099043e+00
36.21700,4.498045e+02,-2.180811e+02,4.046601e+02,-2.190916e+02,4.514438e+01,1.010506e+00
36.21800,4.498617e+02,-2.253051e+02,4.046804e+02,-2.262249e+02,4.518136e+01,9.198220e-01
36.21900,4.499125e+02,-2.328401e+02,4.046955e+02,-2.336667e+02,4.521708e+01,8.266487e-01
36.22000,4.499564e+02,-2.400494e+02,4.047049e+02,-2.407808e+02,4.525148e+01,7.314380e-01
36.22100,4.499970e+02,-2.471139e+02,4.047125e+02,-2.477483e+02,4.528451e+01,6.344570e-01
36.22200,4.500257e+02,-2.539285e+02,4.047096e+02,-2.544641e+02,4.531607e+01,5.356329e-01
36.22300,4.500466e+02,-2.606149e+02,4.047005e+02,-2.610503e+02,4.534611e+01,4.354448e-01
36.22400,4.500636e+02,-2.671275e+02,4.046889e+02,-2.674617e+02,4.537469e+01,3.341882e-01
36.22500,4.500684e+02,-2.736264e+02,4.046667e+02,-2.738582e+02,4.540169e+01,2.318153e-01
36.22600,4.500724e+02,-2.800185e+02,4.046452e+02,-2.801469e+02,4.542719e+01,1.284877e-01
36.22700,4.500619e+02,-2.859645e+02,4.046108e+02,-2.859890e+02,4.545104e+01,2.442995e-02
36.22800,4.500458e+02,-2.917314e+02,4.045726e+02,-2.916508e+02,4.547319e+01,-8.057900e-02
36.22900,4.500321e+02,-2.974565e+02,4.045383e+02,-2.972699e+02,4.549378e+01,-1.866583e-01
36.23000,4.499976e+02,-3.028502e+02,4.044850e+02,-3.025565e+02,4.551261e+01,-2.937640e-01
36.23100,4.499632e+02,-3.079219e+02,4.044335e+02,-3.075202e+02,4.552967e+01,-4.017684e-01
36.23200,4.499109e+02,-3.132317e+02,4.043661e+02,-3.127208e+02,4.554481e+01,-5.109542e-01
36.23300,4.498614e+02,-3.178951e+02,4.043033e+02,-3.172738e+02,4.555813e+01,-6.213487e-01
36.23400,4.498086e+02,-3.223942e+02,4.042389e+02,-3.216622e+02,4.556968e+01,-7.319807e-01
36.23500,4.497484e+02,-3.266986e+02,4.041689e+02,-3.258558e+02,4.557949e+01,-8.428500e-01
36.23600,4.496721e+02,-3.308501e+02,4.040847e+02,-3.298961e+02,4.558737e+01,-9.538860e-01
36.23700,4.495928e+02,-3.347713e+02,4.039994e+02,-3.337059e+02,4.559339e+01,-1.065475e+00
36.23800,4.495109e+02,-3.385266e+02,4.039133e+02,-3.373488e+02,4.559760e+01,-1.177797e+00
36.23900,4.494219e+02,-3.420223e+02,4.038219e+02,-3.407311e+02,4.560001e+01,-1.291132e+00
36.24000,4.493218e+02,-3.453799e+02,4.037212e+02,-3.439761e+02,4.560061e+01,-1.403743e+00
36.24100,4.492101e+02,-3.486957e+02,4.036107e+02,-3.471800e+02,4.559936e+01,-1.515721e+00
36.24200,4.490962e+02,-3.515699e+02,4.034998e+02,-3.499426e+02,4.559638e+01,-1.627313e+00
36.24300,4.489793e+02,-3.525629e+02,4.033875e+02,-3.508264e+02,4.559171e+01,-1.736454e+00
36.24400,4.488633e+02,-3.537533e+02,4.032780e+02,-3.519098e+02,4.558539e+01,-1.843572e+00
36.24500,4.487425e+02,-3.551715e+02,4.031651e+02,-3.532223e+02,4.557734e+01,-1.949188e+00
36.24600,4.486176e+02,-3.573815e+02,4.030500e+02,-3.553279e+02,4.556759e+01,-2.053633e+00
36.24700,4.484870e+02,-3.590098e+02,4.029309e+02,-3.568521e+02,4.555618e+01,-2.157627e+00
36.24800,4.483441e+02,-3.603147e+02,4.028010e+02,-3.580531e+02,4.554305e+01,-2.261475e+00
36.24900,4.481932e+02,-3.612363e+02,4.026650e+02,-3.588711e+02,4.552818e+01,-2.365159e+00
36.25000,4.480493e+02,-3.619717e+02,4.025374e+02,-3.595037e+02,4.551183e+01,-2.468029e+00
36.25100,4.478760e+02,-3.624669e+02,4.023819e+02,-3.598975e+02,4.549405e+01,-2.569336e+00
36.25200,4.476605e+02,-3.622687e+02,4.021855e+02,-3.595997e+02,4.547500e+01,-2.668995e+00
36.25300,4.476767e+02,-3.639066e+02,4.022231e+02,-3.611387e+02,4.545358e+01,-2.767910e+00
36.25400,4.475324e+02,-3.633552e+02,4.021017e+02,-3.604897e+02,4.543066e+01,-2.865449e+00
36.25500,4.473849e+02,-3.629661e+02,4.019785e+02,-3.600044e+02,4.540649e+01,-2.961702e+00
36.25600,4.472200e+02,-3.620049e+02,4.018391e+02,-3.589485e+02,4.538089e+01,-3.056408e+00
36.25700,4.470431e+02,-3.609388e+02,4.016893e+02,-3.577899e+02,4.535379e+01,-3.148915e+00
36.25800,4.468857e+02,-3.601332e+02,4.015603e+02,-3.568937e+02,4.532536e+01,-3.239490e+00
36.25900,4.467419e+02,-3.587123e+02,4.014461e+02,-3.553843e+02,4.529585e+01,-3.328025e+00
36.26000,4.466461e+02,-3.559429e+02,4.013809e+02,-3.525298e+02,4.526515e+01,-3.413071e+00
36.26100,4.464324e+02,-3.547579e+02,4.011984e+02,-3.512620e+02,4.523400e+01,-3.495892e+00
36.26200,4.461915e+02,-3.511711e+02,4.009898e+02,-3.475951e+02,4.520173e+01,-3.575976e+00
36.26300,4.460307e+02,-3.486713e+02,4.008621e+02,-3.450173e+02,4.516855e+01,-3.653917e+00
36.26400,4.458724e+02,-3.459199e+02,4.007379e+02,-3.421900e+02,4.513454e+01,-3.729835e+00
36.26500,4.457025e+02,-3.429727e+02,4.006029e+02,-3.391693e+02,4.509956e+01,-3.803481e+00
36.26600,4.455830e+02,-3.405997e+02,4.005187e+02,-3.367246e+02,4.506425e+01,-3.875088e+00
36.26700,4.454109e+02,-3.370739e+02,4.003826e+02,-3.331296e+02,4.502826e+01,-3.944321e+00
36.26800,4.452761e+02,-3.337631e+02,4.002842e+02,-3.297516e+02,4.499182e+01,-4.011578e+00
36.26900,4.451049e+02,-3.292611e+02,4.001502e+02,-3.251848e+02,4.495471e+01,-4.076384e+00
36.27000,4.449617e+02,-3.253203e+02,4.000445e+02,-3.211816e+02,4.491712e+01,-4.138713e+00
36.27100,4.448314e+02,-3.216367e+02,3.999522e+02,-3.174378e+02,4.487925e+01,-4.198870e+00
36.27200,4.446989e+02,-3.167762e+02,3.998579e+02,-3.125196e+02,4.484098e+01,-4.256571e+00
36.27300,4.445372e+02,-3.120109e+02,3.997351e+02,-3.076993e+02,4.480207e+01,-4.311580e+00
36.27400,4.444167e+02,-3.074853e+02,3.996537e+02,-3.031218e+02,4.476296e+01,-4.363439e+00
36.27500,4.443230e+02,-3.032457e+02,3.995991e+02,-2.988335e+02,4.472383e+01,-4.412282e+00
36.27600,4.441350e+02,-2.968811e+02,3.994505e+02,-2.924231e+02,4.468450e+01,-4.458035e+00
36.27700,4.439941e+02,-2.911219e+02,3.993487e+02,-2.866214e+02,4.464535e+01,-4.500548e+00
36.27800,4.438111e+02,-2.851501e+02,3.992050e+02,-2.806096e+02,4.460614e+01,-4.540558e+00
36.27900,4.437010e+02,-2.795531e+02,3.991341e+02,-2.749747e+02,4.456693e+01,-4.578349e+00
36.28000,4.435908e+02,-2.738799e+02,3.990631e+02,-2.692659e+02,4.452773e+01,-4.614049e+00
36.28100,4.434905e+02,-2.682114e+02,3.990018e+02,-2.635640e+02,4.448867e+01,-4.647387e+00
36.28200,4.433911e+02,-2.627290e+02,3.989413e+02,-2.580507e+02,4.444975e+01,-4.678310e+00
36.28300,4.432849e+02,-2.557339e+02,3.988739e+02,-2.510278e+02,4.441093e+01,-4.706069e+00
36.28400,4.431881e+02,-2.493835e+02,3.988158e+02,-2.446527e+02,4.437227e+01,-4.730796e+00
36.28500,4.430845e+02,-2.423135e+02,3.987509e+02,-2.375611e+02,4.433361e+01,-4.752405e+00
36.28600,4.430090e+02,-2.354995e+02,3.987137e+02,-2.307287e+02,4.429529e+01,-4.770812e+00
36.28700,4.429388e+02,-2.294368e+02,3.986812e+02,-2.246504e+02,4.425759e+01,-4.786420e+00
36.28800,4.428325e+02,-2.232149e+02,3.986125e+02,-2.184150e+02,4.421993e+01,-4.799847e+00
36.28900,4.427535e+02,-2.164927e+02,3.985709e+02,-2.116819e+02,4.418255e+01,-4.810841e+00
36.29000,4.426769e+02,-2.091898e+02,3.985314e+02,-2.043709e+02,4.414550e+01,-4.818951e+00
36.29100,4.425975e+02,-2.015908e+02,3.984887e+02,-1.967667e+02,4.410877e+01,-4.824183e+00
36.29200,4.425353e+02,-1.942519e+02,3.984627e+02,-1.894255e+02,4.407254e+01,-4.826403e+00
36.29300,4.424803e+02,-1.868991e+02,3.984434e+02,-1.820733e+02,4.403691e+01,-4.825871e+00
36.29400,4.424265e+02,-1.796997e+02,3.984246e+02,-1.748777e+02,4.400185e+01,-4.822008e+00
36.29500,4.423667e+02,-1.723405e+02,3.983995e+02,-1.675254e+02,4.396724e+01,-4.815128e+00
36.29600,4.423091e+02,-1.654029e+02,3.983760e+02,-1.605973e+02,4.393309e+01,-4.805701e+00
36.29700,4.422433e+02,-1.574109e+02,3.983439e+02,-1.526181e+02,4.389946e+01,-4.792851e+00
36.29800,4.422359e+02,-1.492665e+02,3.983695e+02,-1.444893e+02,4.386642e+01,-4.777167e+00
36.29900,4.422675e+02,-1.402753e+02,3.984337e+02,-1.355158e+02,4.383383e+01,-4.759449e+00
36.30000,4.422911e+02,-1.321197e+02,3.984895e+02,-1.273794e+02,4.380165e+01,-4.740346e+00
36.30100,4.422641e+02,-1.243227e+02,3.984940e+02,-1.196037e+02,4.377011e+01,-4.719031e+00
36.30200,4.422415e+02,-1.168961e+02,3.985023e+02,-1.122007e+02,4.373930e+01,-4.695409e+00
36.30300,4.422139e+02,-1.088798e+02,3.985047e+02,-1.042109e+02,4.370916e+01,-4.668963e+00
36.30400,4.421931e+02,-1.008045e+02,3.985133e+02,-9.616393e+01,4.367969e+01,-4.640523e+00
36.30500,4.421765e+02,-9.295573e+01,3.985256e+02,-8.834553e+01,4.365090e+01,-4.610175e+00
36.30600,4.421712e+02,-8.507593e+01,3.985483e+02,-8.049820e+01,4.362292e+01,-4.577753e+00
36.30700,4.421646e+02,-7.731553e+01,3.985689e+02,-7.277253e+01,4.359569e+01,-4.543026e+00
36.30800,4.421635e+02,-6.946513e+01,3.985943e+02,-6.495909e+01,4.356923e+01,-4.506039e+00
36.30900,4.421593e+02,-6.129204e+01,3.986159e+02,-5.682555e+01,4.354345e+01,-4.466483e+00
36.31000,4.421631e+02,-5.315585e+01,3.986446e+02,-4.873208e+01,4.351845e+01,-4.423771e+00
36.31100,4.421609e+02,-4.567242e+01,3.986667e+02,-4.129353e+01,4.349415e+01,-4.378885e+00
36.31200,4.421671e+02,-3.782562e+01,3.986965e+02,-3.349380e+01,4.347059e+01,-4.331822e+00
36.31300,4.421763e+02,-2.998623e+01,3.987285e+02,-2.570387e+01,4.344776e+01,-4.282357e+00
36.31400,4.421961e+02,-2.214531e+01,3.987705e+02,-1.791462e+01,4.342572e+01,-4.230687e+00
36.31500,4.421978e+02,-1.441183e+01,3.987935e+02,-1.023513e+01,4.340426e+01,-4.176695e+00
36.31600,4.422054e+02,-6.725007e+00,3.988222e+02,-2.604885e+00,4.338323e+01,-4.120118e+00
36.31700,4.421296e+02,7.060660e-01,3.987667e+02,4.767385e+00,4.336290e+01,-4.061319e+00
36.31800,4.420439e+02,7.976247e+00,3.987009e+02,1.197734e+01,4.334300e+01,-4.001097e+00
36.31900,4.420502e+02,1.543956e+01,3.987264e+02,1.937925e+01,4.332379e+01,-3.939689e+00
36.32000,4.420661e+02,2.313289e+01,3.987607e+02,2.700950e+01,4.330536e+01,-3.876606e+00
36.32100,4.420779e+02,3.028737e+01,3.987902e+02,3.409909e+01,4.328767e+01,-3.811718e+00
36.32200,4.420871e+02,3.777801e+01,3.988165e+02,4.152285e+01,4.327066e+01,-3.744847e+00
36.32300,4.420903e+02,4.506577e+01,3.988361e+02,4.874182e+01,4.325426e+01,-3.676055e+00
36.32400,4.420961e+02,5.206699e+01,3.988577e+02,5.567243e+01,4.323847e+01,-3.605434e+00
36.32500,4.421070e+02,5.906124e+01,3.988836e+02,6.259459e+01,4.322335e+01,-3.533357e+00
36.32600,4.421139e+02,6.613077e+01,3.989051e+02,6.959033e+01,4.320887e+01,-3.459583e+00
36.32700,4.421191e+02,7.305707e+01,3.989242e+02,7.644113e+01,4.319494e+01,-3.384083e+00
36.32800,4.421298e+02,8.007927e+01,3.989482e+02,8.338607e+01,4.318162e+01,-3.306753e+00
36.32900,4.421339e+02,8.654913e+01,3.989650e+02,8.977687e+01,4.316883e+01,-3.227737e+00
36.33000,4.421243e+02,9.289127e+01,3.989679e+02,9.603840e+01,4.315641e+01,-3.147180e+00
36.33100,4.421271e+02,9.926907e+01,3.989826e+02,1.023351e+02,4.314445e+01,-3.066044e+00
36.33200,4.421421e+02,1.055072e+02,3.990090e+02,1.084911e+02,4.313310e+01,-2.983972e+00
36.33300,4.421481e+02,1.118093e+02,3.990257e+02,1.147107e+02,4.312235e+01,-2.901400e+00
36.33400,4.421536e+02,1.179048e+02,3.990415e+02,1.207225e+02,4.311218e+01,-2.817763e+00
36.33500,4.421529e+02,1.237795e+02,3.990503e+02,1.265121e+02,4.310253e+01,-2.732629e+00
36.33600,4.421485e+02,1.294015e+02,3.990552e+02,1.320481e+02,4.309329e+01,-2.646676e+00
36.33700,4.421479e+02,1.351693e+02,3.990634e+02,1.377289e+02,4.308449e+01,-2.559687e+00
36.33800,4.421486e+02,1.407828e+02,3.990725e+02,1.432545e+02,4.307613e+01,-2.471614e+00
36.33900,4.421462e+02,1.462348e+02,3.990780e+02,1.486172e+02,4.306817e+01,-2.382426e+00
36.34000,4.421387e+02,1.514935e+02,3.990782e+02,1.537856e+02,4.306057e+01,-2.292153e+00
36.34100,4.421372e+02,1.563927e+02,3.990839e+02,1.585937e+02,4.305335e+01,-2.201070e+00
36.34200,4.421365e+02,1.614745e+02,3.990899e+02,1.635837e+02,4.304653e+01,-2.109252e+00
36.34300,4.421312e+02,1.662149e+02,3.990911e+02,1.682317e+02,4.304007e+01,-2.016843e+00
36.34400,4.421276e+02,1.707277e+02,3.990936e+02,1.726511e+02,4.303400e+01,-1.923396e+00
36.34500,4.421336e+02,1.753731e+02,3.991051e+02,1.772027e+02,4.302847e+01,-1.829700e+00
36.34600,4.421264e+02,1.797405e+02,3.991030e+02,1.814765e+02,4.302344e+01,-1.736016e+00
36.34700,4.421183e+02,1.836275e+02,3.990995e+02,1.852697e+02,4.301882e+01,-1.642169e+00
36.34800,4.421110e+02,1.875330e+02,3.990964e+02,1.890811e+02,4.301463e+01,-1.548155e+00
36.34900,4.420843e+02,1.913739e+02,3.990736e+02,1.928278e+02,4.301068e+01,-1.453847e+00
36.35000,4.420638e+02,1.949919e+02,3.990568e+02,1.963510e+02,4.300702e+01,-1.359151e+00
36.35100,4.420460e+02,1.984299e+02,3.990423e+02,1.996941e+02,4.300376e+01,-1.264235e+00
36.35200,4.420119e+02,2.021100e+02,3.990109e+02,2.032793e+02,4.300098e+01,-1.169307e+00
36.35300,4.419440e+02,2.060107e+02,3.989452e+02,2.070854e+02,4.299877e+01,-1.074639e+00
36.35400,4.419579e+02,2.085371e+02,3.989609e+02,2.095167e+02,4.299702e+01,-9.795973e-01
36.35500,4.420753e+02,2.102377e+02,3.990801e+02,2.111224e+02,4.299521e+01,-8.846260e-01
36.35600,4.421957e+02,2.114975e+02,3.992027e+02,2.122876e+02,4.299307e+01,-7.901160e-01
36.35700,4.421813e+02,2.130871e+02,3.991905e+02,2.137835e+02,4.299081e+01,-6.965053e-01
36.35800,4.421554e+02,2.164264e+02,3.991667e+02,2.170284e+02,4.298871e+01,-6.020195e-01
36.35900,4.421172e+02,2.182589e+02,3.991307e+02,2.187669e+02,4.298649e+01,-5.080138e-01
36.36000,4.421143e+02,2.200699e+02,3.991299e+02,2.204847e+02,4.298445e+01,-4.147951e-01
36.36100,4.421159e+02,2.217121e+02,3.991331e+02,2.220347e+02,4.298270e+01,-3.225668e-01
36.36200,4.421196e+02,2.229402e+02,3.991383e+02,2.231713e+02,4.298131e+01,-2.310741e-01
36.36300,4.421248e+02,2.240569e+02,3.991445e+02,2.241972e+02,4.298035e+01,-1.402648e-01
36.36400,4.421284e+02,2.250973e+02,3.991486e+02,2.251475e+02,4.297978e+01,-5.013608e-02
36.36500,4.421399e+02,2.257443e+02,3.991602e+02,2.257049e+02,4.297970e+01,3.934516e-02
36.36600,4.421484e+02,2.262266e+02,3.991683e+02,2.260983e+02,4.298007e+01,1.282899e-01
36.36700,4.421555e+02,2.266481e+02,3.991747e+02,2.264315e+02,4.298085e+01,2.166631e-01
36.36800,4.421327e+02,2.268853e+02,3.991505e+02,2.265813e+02,4.298220e+01,3.040699e-01
36.36900,4.422821e+02,2.283513e+02,3.992985e+02,2.279608e+02,4.298354e+01,3.905151e-01
36.37000,4.422169e+02,2.268868e+02,3.992316e+02,2.264099e+02,4.298528e+01,4.769415e-01
36.37100,4.422164e+02,2.262481e+02,3.992291e+02,2.256853e+02,4.298734e+01,5.628265e-01
36.37200,4.422078e+02,2.258719e+02,3.992182e+02,2.252237e+02,4.298959e+01,6.481885e-01
36.37300,4.422637e+02,2.244985e+02,3.992713e+02,2.237665e+02,4.299240e+01,7.318853e-01
36.37400,4.423171e+02,2.229423e+02,3.993212e+02,2.221287e+02,4.299593e+01,8.135807e-01
36.37500,4.423333e+02,2.213196e+02,3.993335e+02,2.204261e+02,4.299982e+01,8.935127e-01
36.37600,4.423807e+02,2.202715e+02,3.993761e+02,2.192997e+02,4.300461e+01,9.718173e-01
36.37700,4.424116e+02,2.186455e+02,3.994015e+02,2.175965e+02,4.301011e+01,1.049011e+00
36.37800,4.424490e+02,2.169548e+02,3.994327e+02,2.158297e+02,4.301631e+01,1.125112e+00
36.37900,4.424793e+02,2.145701e+02,3.994561e+02,2.133699e+02,4.302317e+01,1.200203e+00
36.38000,4.425235e+02,2.122977e+02,3.994927e+02,2.110237e+02,4.303074e+01,1.274065e+00
36.38100,4.425717e+02,2.101092e+02,3.995327e+02,2.087625e+02,4.303905e+01,1.346728e+00
36.38200,4.426261e+02,2.067129e+02,3.995781e+02,2.052953e+02,4.304811e+01,1.417542e+00
36.38300,4.426866e+02,2.038110e+02,3.996287e+02,2.023241e+02,4.305795e+01,1.486947e+00
36.38400,4.427523e+02,2.002545e+02,3.996837e+02,1.986997e+02,4.306859e+01,1.554799e+00
36.38500,4.428272e+02,1.968745e+02,3.997471e+02,1.952535e+02,4.308006e+01,1.620988e+00
36.38600,4.427823e+02,1.941174e+02,3.996910e+02,1.924317e+02,4.309128e+01,1.685655e+00
36.38700,4.428245e+02,1.907556e+02,3.997211e+02,1.890074e+02,4.310331e+01,1.748253e+00
36.38800,4.429349e+02,1.873745e+02,3.998181e+02,1.855655e+02,4.311676e+01,1.809047e+00
36.38900,4.430292e+02,1.832982e+02,3.998977e+02,1.814309e+02,4.313150e+01,1.867341e+00
36.39000,4.431190e+02,1.785891e+02,3.999715e+02,1.766657e+02,4.314741e+01,1.923411e+00
36.39100,4.432130e+02,1.739223e+02,4.000485e+02,1.719447e+02,4.316446e+01,1.977637e+00
36.39200,4.433006e+02,1.688687e+02,4.001180e+02,1.668387e+02,4.318258e+01,2.030054e+00
36.39300,4.433937e+02,1.640813e+02,4.001919e+02,1.620008e+02,4.320181e+01,2.080507e+00
36.39400,4.434815e+02,1.590132e+02,4.002596e+02,1.568843e+02,4.322198e+01,2.128920e+00
36.39500,4.435779e+02,1.539119e+02,4.003347e+02,1.517367e+02,4.324313e+01,2.175231e+00
36.39600,4.436828e+02,1.482587e+02,4.004175e+02,1.460394e+02,4.326531e+01,2.219245e+00
36.39700,4.437910e+02,1.426748e+02,4.005024e+02,1.404139e+02,4.328856e+01,2.260915e+00
36.39800,4.439093e+02,1.370461e+02,4.005963e+02,1.347461e+02,4.331295e+01,2.300070e+00
36.39900,4.440268e+02,1.310270e+02,4.006884e+02,1.286899e+02,4.333842e+01,2.337119e+00
36.40000,4.440841e+02,1.258375e+02,4.007196e+02,1.234652e+02,4.336445e+01,2.372220e+00
36.40100,4.442009e+02,1.194886e+02,4.008095e+02,1.170844e+02,4.339139e+01,2.404215e+00
36.40200,4.443197e+02,1.131443e+02,4.009004e+02,1.107111e+02,4.341933e+01,2.433082e+00
36.40300,4.444509e+02,1.068382e+02,4.010025e+02,1.043796e+02,4.344847e+01,2.458591e+00
36.40400,4.445691e+02,1.005511e+02,4.010903e+02,9.806947e+01,4.347874e+01,2.481589e+00
36.40500,4.447112e+02,9.331807e+01,4.012011e+02,9.081593e+01,4.351013e+01,2.502113e+00
36.40600,4.449035e+02,8.520347e+01,4.013609e+02,8.268413e+01,4.354263e+01,2.519331e+00
36.40700,4.450530e+02,7.799747e+01,4.014767e+02,7.546393e+01,4.357628e+01,2.533544e+00
36.40800,4.451956e+02,7.116113e+01,4.015846e+02,6.861600e+01,4.361103e+01,2.545100e+00
36.40900,4.453387e+02,6.346567e+01,4.016919e+02,6.091209e+01,4.364682e+01,2.553592e+00
36.41000,4.454863e+02,5.595715e+01,4.018027e+02,5.339822e+01,4.368360e+01,2.558937e+00
36.41100,4.456410e+02,4.827305e+01,4.019196e+02,4.571195e+01,4.372137e+01,2.561103e+00
36.41200,4.458068e+02,4.038067e+01,4.020467e+02,3.782062e+01,4.376016e+01,2.560058e+00
36.41300,4.459444e+02,3.302596e+01,4.021447e+02,3.046997e+01,4.379969e+01,2.555991e+00
36.41400,4.461032e+02,2.528751e+01,4.022632e+02,2.273869e+01,4.384003e+01,2.548814e+00
36.41500,4.462587e+02,1.760933e+01,4.023776e+02,1.507107e+01,4.388111e+01,2.538261e+00
36.41600,4.464206e+02,9.445293e+00,4.024977e+02,6.920933e+00,4.392295e+01,2.524357e+00
36.41700,4.465820e+02,1.133721e+00,4.026165e+02,-1.372747e+00,4.396555e+01,2.506469e+00
36.41800,4.467419e+02,-7.353960e+00,4.027331e+02,-9.839320e+00,4.400885e+01,2.485360e+00
36.41900,4.469033e+02,-1.573352e+01,4.028505e+02,-1.819445e+01,4.405279e+01,2.460927e+00
36.42000,4.470651e+02,-2.412117e+01,4.029677e+02,-2.655439e+01,4.409737e+01,2.433222e+00
36.42100,4.472369e+02,-3.224439e+01,4.030947e+02,-3.464755e+01,4.414226e+01,2.403163e+00
36.42200,4.474235e+02,-4.054961e+01,4.032361e+02,-4.292041e+01,4.418742e+01,2.370789e+00
36.42300,4.475508e+02,-4.893231e+01,4.033178e+02,-5.126793e+01,4.423301e+01,2.335631e+00
36.42400,4.476541e+02,-5.766815e+01,4.033751e+02,-5.996591e+01,4.427911e+01,2.297761e+00
36.42500,4.477899e+02,-6.623221e+01,4.034645e+02,-6.848920e+01,4.432545e+01,2.256986e+00
36.42600,4.478938e+02,-7.476140e+01,4.035217e+02,-7.697467e+01,4.437217e+01,2.213247e+00
36.42700,4.480227e+02,-8.332593e+01,4.036037e+02,-8.549267e+01,4.441907e+01,2.166753e+00
36.42800,4.481699e+02,-9.172847e+01,4.037041e+02,-9.384627e+01,4.446569e+01,2.117838e+00
36.42900,4.483077e+02,-9.999960e+01,4.037953e+02,-1.020651e+02,4.451230e+01,2.065532e+00
36.43000,4.484335e+02,-1.084661e+02,4.038747e+02,-1.104761e+02,4.455877e+01,2.010005e+00
36.43100,4.485531e+02,-1.168460e+02,4.039482e+02,-1.187975e+02,4.460493e+01,1.951461e+00
36.43200,4.486791e+02,-1.256921e+02,4.040283e+02,-1.275822e+02,4.465075e+01,1.890121e+00
36.43300,4.488369e+02,-1.343055e+02,4.041403e+02,-1.361315e+02,4.469664e+01,1.825981e+00
36.43400,4.489815e+02,-1.430360e+02,4.042389e+02,-1.447953e+02,4.474258e+01,1.759289e+00
36.43500,4.490983e+02,-1.511951e+02,4.043101e+02,-1.528852e+02,4.478821e+01,1.690141e+00
36.43600,4.491537e+02,-1.591337e+02,4.043210e+02,-1.607529e+02,4.483275e+01,1.619168e+00
36.43700,4.492961e+02,-1.672981e+02,4.044194e+02,-1.688436e+02,4.487670e+01,1.545587e+00
36.43800,4.494169e+02,-1.757540e+02,4.044967e+02,-1.772231e+02,4.492017e+01,1.469121e+00
36.43900,4.494896e+02,-1.832588e+02,4.045264e+02,-1.846493e+02,4.496317e+01,1.390477e+00
36.44000,4.495674e+02,-1.911070e+02,4.045620e+02,-1.924169e+02,4.500540e+01,1.309855e+00
36.44100,4.496472e+02,-1.991139e+02,4.046005e+02,-2.003409e+02,4.504669e+01,1.227034e+00
36.44200,4.497147e+02,-2.067135e+02,4.046279e+02,-2.078555e+02,4.508681e+01,1.141977e+00
36.44300,4.497747e+02,-2.143569e+02,4.046491e+02,-2.154115e+02,4.512566e+01,1.054564e+00
36.44400,4.498355e+02,-2.216823e+02,4.046723e+02,-2.226473e+02,4.516329e+01,9.649100e-01
36.44500,4.498873e+02,-2.291129e+02,4.046877e+02,-2.299859e+02,4.519965e+01,8.730613e-01
36.44600,4.499338e+02,-2.364850e+02,4.046991e+02,-2.372637e+02,4.523469e+01,7.787207e-01
36.44700,4.499767e+02,-2.437119e+02,4.047083e+02,-2.443946e+02,4.526839e+01,6.826793e-01
36.44800,4.500126e+02,-2.505989e+02,4.047119e+02,-2.511836e+02,4.530068e+01,5.847420e-01
36.44900,4.500348e+02,-2.573009e+02,4.047034e+02,-2.577861e+02,4.533145e+01,4.851113e-01
36.45000,4.500569e+02,-2.638756e+02,4.046962e+02,-2.642600e+02,4.536077e+01,3.843934e-01
36.45100,4.500648e+02,-2.703538e+02,4.046763e+02,-2.706364e+02,4.538853e+01,2.826306e-01
36.45200,4.500727e+02,-2.770312e+02,4.046579e+02,-2.772111e+02,4.541480e+01,1.799551e-01
36.45300,4.500685e+02,-2.830452e+02,4.046289e+02,-2.831213e+02,4.543948e+01,7.614607e-02
36.45400,4.500538e+02,-2.888741e+02,4.045913e+02,-2.888457e+02,4.546247e+01,-2.842295e-02
36.45500,4.500405e+02,-2.946863e+02,4.045567e+02,-2.945523e+02,4.548384e+01,-1.340318e-01
36.45600,4.500125e+02,-3.001011e+02,4.045090e+02,-2.998604e+02,4.550352e+01,-2.406373e-01
36.45700,4.499825e+02,-3.054876e+02,4.044611e+02,-3.051395e+02,4.552147e+01,-3.481617e-01
36.45800,4.499374e+02,-3.106483e+02,4.043998e+02,-3.101915e+02,4.553756e+01,-4.567842e-01
36.45900,4.498827e+02,-3.157071e+02,4.043309e+02,-3.151404e+02,4.555172e+01,-5.666384e-01
36.46000,4.498385e+02,-3.200780e+02,4.042744e+02,-3.194007e+02,4.556417e+01,-6.772620e-01
36.46100,4.497785e+02,-3.246471e+02,4.042036e+02,-3.238591e+02,4.557485e+01,-7.880207e-01
36.46200,4.497129e+02,-3.287982e+02,4.041292e+02,-3.278992e+02,4.558371e+01,-8.990167e-01
36.46300,4.496323e+02,-3.329065e+02,4.040416e+02,-3.318961e+02,4.559065e+01,-1.010299e+00
36.46400,4.495518e+02,-3.367044e+02,4.039561e+02,-3.355822e+02,4.559575e+01,-1.122195e+00
36.46500,4.494659e+02,-3.403432e+02,4.038669e+02,-3.391083e+02,4.559904e+01,-1.234899e+00
36.46600,4.493729e+02,-3.437231e+02,4.037724e+02,-3.423751e+02,4.560053e+01,-1.347955e+00
36.46700,4.492661e+02,-3.470459e+02,4.036659e+02,-3.455857e+02,4.560019e+01,-1.460145e+00
36.46800,4.491545e+02,-3.503299e+02,4.035564e+02,-3.487578e+02,4.559807e+01,-1.572191e+00
36.46900,4.490385e+02,-3.520635e+02,4.034442e+02,-3.503810e+02,4.559425e+01,-1.682455e+00
36.47000,4.489194e+02,-3.535931e+02,4.033307e+02,-3.518022e+02,4.558873e+01,-1.790925e+00
36.47100,4.488019e+02,-3.541017e+02,4.032204e+02,-3.522047e+02,4.558153e+01,-1.897117e+00
36.47200,4.486809e+02,-3.562318e+02,4.031083e+02,-3.542297e+02,4.557263e+01,-2.002090e+00
36.47300,4.485555e+02,-3.582239e+02,4.029935e+02,-3.561176e+02,4.556209e+01,-2.106309e+00
36.47400,4.484137e+02,-3.596735e+02,4.028639e+02,-3.574633e+02,4.554979e+01,-2.210265e+00
36.47500,4.482726e+02,-3.608041e+02,4.027367e+02,-3.584901e+02,4.553582e+01,-2.314025e+00
36.47600,4.481239e+02,-3.617261e+02,4.026037e+02,-3.593088e+02,4.552022e+01,-2.417295e+00
36.47700,4.479655e+02,-3.622450e+02,4.024624e+02,-3.597255e+02,4.550311e+01,-2.519478e+00
36.47800,4.477466e+02,-3.622391e+02,4.022618e+02,-3.596192e+02,4.548475e+01,-2.619891e+00
36.47900,4.477264e+02,-3.635083e+02,4.022621e+02,-3.607890e+02,4.546435e+01,-2.719383e+00
36.48000,4.475882e+02,-3.637922e+02,4.021463e+02,-3.609746e+02,4.544190e+01,-2.817579e+00
36.48100,4.474535e+02,-3.630715e+02,4.020353e+02,-3.601571e+02,4.541824e+01,-2.914403e+00
36.48200,4.472953e+02,-3.624591e+02,4.019020e+02,-3.594492e+02,4.539332e+01,-3.009935e+00
36.48300,4.471493e+02,-3.616056e+02,4.017823e+02,-3.585021e+02,4.536711e+01,-3.103573e+00
36.48400,4.469587e+02,-3.604770e+02,4.016193e+02,-3.572820e+02,4.533932e+01,-3.194993e+00
36.48500,4.468171e+02,-3.598359e+02,4.015067e+02,-3.565509e+02,4.531041e+01,-3.284979e+00
36.48600,4.466709e+02,-3.569723e+02,4.013905e+02,-3.536009e+02,4.528036e+01,-3.371442e+00
36.48700,4.465361e+02,-3.557013e+02,4.012867e+02,-3.522458e+02,4.524945e+01,-3.455467e+00
36.48800,4.462932e+02,-3.525836e+02,4.010755e+02,-3.490469e+02,4.521772e+01,-3.536722e+00
36.48900,4.461093e+02,-3.499279e+02,4.009244e+02,-3.463121e+02,4.518496e+01,-3.615701e+00
36.49000,4.459526e+02,-3.472897e+02,4.008012e+02,-3.435971e+02,4.515136e+01,-3.692677e+00
36.49100,4.457904e+02,-3.445523e+02,4.006735e+02,-3.407848e+02,4.511692e+01,-3.767463e+00
36.49200,4.456244e+02,-3.414559e+02,4.005429e+02,-3.376158e+02,4.508151e+01,-3.840017e+00
36.49300,4.454985e+02,-3.389223e+02,4.004527e+02,-3.350120e+02,4.504579e+01,-3.910326e+00
36.49400,4.453509e+02,-3.355589e+02,4.003412e+02,-3.315803e+02,4.500961e+01,-3.978677e+00
36.49500,4.451843e+02,-3.313591e+02,4.002115e+02,-3.273144e+02,4.497281e+01,-4.044667e+00
36.49600,4.450332e+02,-3.273335e+02,4.000977e+02,-3.232253e+02,4.493545e+01,-4.108183e+00
36.49700,4.448950e+02,-3.233992e+02,3.999973e+02,-3.192298e+02,4.489771e+01,-4.169377e+00
36.49800,4.447607e+02,-3.196427e+02,3.999011e+02,-3.154141e+02,4.485958e+01,-4.228611e+00
36.49900,4.446367e+02,-3.138115e+02,3.998156e+02,-3.095268e+02,4.482110e+01,-4.284699e+00
36.50000,4.444649e+02,-3.099615e+02,3.996829e+02,-3.056234e+02,4.478203e+01,-4.338150e+00
36.50100,4.443661e+02,-3.052154e+02,3.996231e+02,-3.008269e+02,4.474292e+01,-4.388510e+00
36.50200,4.442431e+02,-3.004385e+02,3.995394e+02,-2.960027e+02,4.470371e+01,-4.435793e+00
36.50300,4.440543e+02,-2.939189e+02,3.993899e+02,-2.894391e+02,4.466443e+01,-4.479837e+00
36.50400,4.438931e+02,-2.880018e+02,3.992678e+02,-2.834805e+02,4.462536e+01,-4.521341e+00
36.50500,4.437545e+02,-2.822563e+02,3.991684e+02,-2.776961e+02,4.458613e+01,-4.560163e+00
36.50600,4.436506e+02,-2.768143e+02,3.991037e+02,-2.722175e+02,4.454694e+01,-4.596784e+00
36.50700,4.435414e+02,-2.710613e+02,3.990336e+02,-2.664301e+02,4.450782e+01,-4.631285e+00
36.50800,4.434397e+02,-2.653931e+02,3.989708e+02,-2.607298e+02,4.446883e+01,-4.663351e+00
36.50900,4.433381e+02,-2.592810e+02,3.989082e+02,-2.545883e+02,4.442997e+01,-4.692699e+00
36.51000,4.432387e+02,-2.525953e+02,3.988474e+02,-2.478763e+02,4.439129e+01,-4.718958e+00
36.51100,4.431309e+02,-2.457739e+02,3.987783e+02,-2.410319e+02,4.435260e+01,-4.742083e+00
36.51200,4.430377e+02,-2.387981e+02,3.987237e+02,-2.340360e+02,4.431394e+01,-4.762135e+00
36.51300,4.429909e+02,-2.321022e+02,3.987149e+02,-2.273234e+02,4.427609e+01,-4.778816e+00
36.51400,4.428785e+02,-2.266195e+02,3.986401e+02,-2.218261e+02,4.423837e+01,-4.793371e+00
36.51500,4.427909e+02,-2.197775e+02,3.985900e+02,-2.149719e+02,4.420083e+01,-4.805580e+00
36.51600,4.427181e+02,-2.130698e+02,3.985545e+02,-2.082545e+02,4.416367e+01,-4.815211e+00
36.51700,4.426329e+02,-2.051671e+02,3.985061e+02,-2.003452e+02,4.412677e+01,-4.821918e+00
36.51800,4.425645e+02,-1.981213e+02,3.984742e+02,-1.932957e+02,4.409028e+01,-4.825615e+00
36.51900,4.425068e+02,-1.905135e+02,3.984525e+02,-1.856869e+02,4.405435e+01,-4.826503e+00
36.52000,4.424531e+02,-1.832389e+02,3.984341e+02,-1.784145e+02,4.401903e+01,-4.824342e+00
36.52100,4.423944e+02,-1.759836e+02,3.984102e+02,-1.711647e+02,4.398420e+01,-4.818848e+00
36.52200,4.423380e+02,-1.687817e+02,3.983882e+02,-1.639710e+02,4.394982e+01,-4.810689e+00
36.52300,4.422691e+02,-1.614706e+02,3.983533e+02,-1.566710e+02,4.391582e+01,-4.799638e+00
36.52400,4.422152e+02,-1.537663e+02,3.983327e+02,-1.489813e+02,4.388257e+01,-4.785027e+00
36.52500,4.422729e+02,-1.445053e+02,3.984231e+02,-1.397369e+02,4.384980e+01,-4.768359e+00
36.52600,4.422976e+02,-1.358013e+02,3.984802e+02,-1.310512e+02,4.381738e+01,-4.750167e+00
36.52700,4.422743e+02,-1.281643e+02,3.984888e+02,-1.234343e+02,4.378553e+01,-4.729962e+00
36.52800,4.422499e+02,-1.206056e+02,3.984955e+02,-1.158981e+02,4.375437e+01,-4.707489e+00
36.52900,4.422277e+02,-1.130295e+02,3.985037e+02,-1.083472e+02,4.372394e+01,-4.682369e+00
36.53000,4.422010e+02,-1.047511e+02,3.985069e+02,-1.000963e+02,4.369415e+01,-4.654819e+00
36.53100,4.421844e+02,-9.683153e+01,3.985194e+02,-9.220620e+01,4.366502e+01,-4.625302e+00
36.53200,4.421726e+02,-8.897813e+01,3.985359e+02,-8.438420e+01,4.363663e+01,-4.593968e+00
36.53300,4.421680e+02,-8.116513e+01,3.985589e+02,-7.660473e+01,4.360905e+01,-4.560399e+00
36.53400,4.421632e+02,-7.337187e+01,3.985810e+02,-6.884727e+01,4.358220e+01,-4.524579e+00
36.53500,4.421623e+02,-6.531947e+01,3.986061e+02,-6.083311e+01,4.355609e+01,-4.486353e+00
36.53600,4.421580e+02,-5.713939e+01,3.986273e+02,-5.269415e+01,4.353067e+01,-4.445233e+00
36.53700,4.421635e+02,-4.938106e+01,3.986574e+02,-4.497971e+01,4.350604e+01,-4.401355e+00
36.53800,4.421627e+02,-4.168485e+01,3.986806e+02,-3.732941e+01,4.348211e+01,-4.355451e+00
36.53900,4.421709e+02,-3.393701e+01,3.987119e+02,-2.962990e+01,4.345891e+01,-4.307109e+00
36.54000,4.421859e+02,-2.608104e+01,3.987494e+02,-2.182450e+01,4.343649e+01,-4.256541e+00
36.54100,4.422075e+02,-1.809341e+01,3.987927e+02,-1.388970e+01,4.341485e+01,-4.203703e+00
36.54200,4.421902e+02,-1.053097e+01,3.987967e+02,-6.382537e+00,4.339354e+01,-4.148429e+00
36.54300,4.421749e+02,-2.885825e+00,3.988019e+02,1.204852e+00,4.337287e+01,-4.090677e+00
36.54400,4.420976e+02,4.342956e+00,3.987449e+02,8.374067e+00,4.335271e+01,-4.031113e+00
36.54500,4.420397e+02,1.176013e+01,3.987066e+02,1.573045e+01,4.333316e+01,-3.970323e+00
36.54600,4.420546e+02,1.921060e+01,3.987403e+02,2.311870e+01,4.331435e+01,-3.908103e+00
36.54700,4.420685e+02,2.668722e+01,3.987722e+02,3.053137e+01,4.329627e+01,-3.844157e+00
36.54800,4.420799e+02,3.408259e+01,3.988011e+02,3.786085e+01,4.327890e+01,-3.778261e+00
36.54900,4.420897e+02,4.152669e+01,3.988275e+02,4.523712e+01,4.326221e+01,-3.710427e+00
36.55000,4.420931e+02,4.861631e+01,3.988469e+02,5.225693e+01,4.324613e+01,-3.640620e+00
36.55100,4.421016e+02,5.560760e+01,3.988709e+02,5.917690e+01,4.323068e+01,-3.569301e+00
36.55200,4.421099e+02,6.265205e+01,3.988940e+02,6.614841e+01,4.321588e+01,-3.496360e+00
36.55300,4.421172e+02,6.961933e+01,3.989155e+02,7.304107e+01,4.320169e+01,-3.421731e+00
36.55400,4.421224e+02,7.660007e+01,3.989344e+02,7.994540e+01,4.318805e+01,-3.345333e+00
36.55500,4.421357e+02,8.338013e+01,3.989607e+02,8.664727e+01,4.317503e+01,-3.267137e+00
36.55600,4.421278e+02,8.971047e+01,3.989654e+02,9.289767e+01,4.316245e+01,-3.187206e+00
36.55700,4.421139e+02,9.614667e+01,3.989638e+02,9.925307e+01,4.315015e+01,-3.106393e+00
36.55800,4.421433e+02,1.024131e+02,3.990047e+02,1.054379e+02,4.313853e+01,-3.024810e+00
36.55900,4.421465e+02,1.086955e+02,3.990191e+02,1.116381e+02,4.312751e+01,-2.942553e+00
36.56000,4.421521e+02,1.148992e+02,3.990351e+02,1.177587e+02,4.311707e+01,-2.859465e+00
36.56100,4.421525e+02,1.209391e+02,3.990454e+02,1.237141e+02,4.310715e+01,-2.775082e+00
36.56200,4.421523e+02,1.267419e+02,3.990545e+02,1.294314e+02,4.309773e+01,-2.689454e+00
36.56300,4.421461e+02,1.323214e+02,3.990575e+02,1.349243e+02,4.308869e+01,-2.602939e+00
36.56400,4.421497e+02,1.380601e+02,3.990695e+02,1.405755e+02,4.308014e+01,-2.515395e+00
36.56500,4.421487e+02,1.435394e+02,3.990767e+02,1.459661e+02,4.307200e+01,-2.426735e+00
36.56600,4.421413e+02,1.489239e+02,3.990770e+02,1.512607e+02,4.306422e+01,-2.336819e+00
36.56700,4.421380e+02,1.539807e+02,3.990811e+02,1.562268e+02,4.305681e+01,-2.246130e+00
36.56800,4.421394e+02,1.589085e+02,3.990896e+02,1.610632e+02,4.304982e+01,-2.154730e+00
36.56900,4.421327e+02,1.638105e+02,3.990895e+02,1.658731e+02,4.304318e+01,-2.062640e+00
36.57000,4.421271e+02,1.685157e+02,3.990901e+02,1.704855e+02,4.303689e+01,-1.969777e+00
36.57100,4.421359e+02,1.730997e+02,3.991047e+02,1.749759e+02,4.303113e+01,-1.876233e+00
36.57200,4.421240e+02,1.775509e+02,3.990983e+02,1.793335e+02,4.302578e+01,-1.782537e+00
36.57300,4.421215e+02,1.816617e+02,3.991005e+02,1.833505e+02,4.302093e+01,-1.688720e+00
36.57400,4.421210e+02,1.855777e+02,3.991044e+02,1.871725e+02,4.301659e+01,-1.594790e+00
36.57500,4.420952e+02,1.894898e+02,3.990827e+02,1.909905e+02,4.301251e+01,-1.500627e+00
36.57600,4.420733e+02,1.932740e+02,3.990646e+02,1.946801e+02,4.300870e+01,-1.406065e+00
36.57700,4.420551e+02,1.967869e+02,3.990499e+02,1.980981e+02,4.300524e+01,-1.311235e+00
36.57800,4.420329e+02,2.002439e+02,3.990306e+02,2.014602e+02,4.300223e+01,-1.216285e+00
36.57900,4.419593e+02,2.044547e+02,3.989595e+02,2.055764e+02,4.299977e+01,-1.121715e+00
36.58000,4.419547e+02,2.072172e+02,3.989569e+02,2.082441e+02,4.299781e+01,-1.026846e+00
36.58100,4.420233e+02,2.093418e+02,3.990273e+02,2.102735e+02,4.299601e+01,-9.317607e-01
36.58200,4.421284e+02,2.110704e+02,3.991343e+02,2.119072e+02,4.299413e+01,-8.368033e-01
36.58300,4.421973e+02,2.122994e+02,3.992054e+02,2.130420e+02,4.299193e+01,-7.426153e-01
36.58400,4.421704e+02,2.147299e+02,3.991807e+02,2.153784e+02,4.298973e+01,-6.485397e-01
36.58500,4.421371e+02,2.173515e+02,3.991496e+02,2.179057e+02,4.298751e+01,-5.542112e-01
36.58600,4.421149e+02,2.191523e+02,3.991296e+02,2.196130e+02,4.298535e+01,-4.606426e-01
36.58700,4.421156e+02,2.209171e+02,3.991321e+02,2.212848e+02,4.298346e+01,-3.677277e-01
36.58800,4.421073e+02,2.224891e+02,3.991256e+02,2.227651e+02,4.298172e+01,-2.759593e-01
36.58900,4.421282e+02,2.234041e+02,3.991476e+02,2.235890e+02,4.298059e+01,-1.848983e-01
36.59000,4.421231e+02,2.246526e+02,3.991433e+02,2.247471e+02,4.297981e+01,-9.447347e-02
36.59100,4.421370e+02,2.254193e+02,3.991575e+02,2.254241e+02,4.297954e+01,-4.793189e-03
36.59200,4.421435e+02,2.260377e+02,3.991639e+02,2.259533e+02,4.297970e+01,8.443600e-02
36.59300,4.421527e+02,2.263775e+02,3.991724e+02,2.262044e+02,4.298031e+01,1.731687e-01
36.59400,4.421541e+02,2.269010e+02,3.991727e+02,2.266399e+02,4.298133e+01,2.611554e-01
36.59500,4.422306e+02,2.279140e+02,3.992479e+02,2.275659e+02,4.298261e+01,3.481050e-01
36.59600,4.422535e+02,2.276927e+02,3.992694e+02,2.272583e+02,4.298413e+01,4.344009e-01
36.59700,4.422109e+02,2.267403e+02,3.992248e+02,2.262195e+02,4.298605e+01,5.207216e-01
36.59800,4.422165e+02,2.258749e+02,3.992283e+02,2.252686e+02,4.298827e+01,6.062661e-01
36.59900,4.422279e+02,2.252482e+02,3.992371e+02,2.245572e+02,4.299079e+01,6.909427e-01
36.60000,4.422912e+02,2.236544e+02,3.992973e+02,2.228809e+02,4.299397e+01,7.735547e-01
36.60100,4.423257e+02,2.221802e+02,3.993280e+02,2.213257e+02,4.299775e+01,8.544947e-01
36.60200,4.423603e+02,2.208907e+02,3.993581e+02,2.199572e+02,4.300225e+01,9.334980e-01
36.60300,4.423922e+02,2.194192e+02,3.993848e+02,2.184081e+02,4.300742e+01,1.011109e+00
36.60400,4.424325e+02,2.179093e+02,3.994191e+02,2.168215e+02,4.301330e+01,1.087823e+00
36.60500,4.424578e+02,2.156233e+02,3.994380e+02,2.144599e+02,4.301980e+01,1.163405e+00
36.60600,4.424991e+02,2.134415e+02,3.994721e+02,2.122036e+02,4.302699e+01,1.237855e+00
36.60700,4.425449e+02,2.111443e+02,3.995100e+02,2.098332e+02,4.303489e+01,1.311077e+00
36.60800,4.425983e+02,2.085869e+02,3.995547e+02,2.072040e+02,4.304358e+01,1.382871e+00
36.60900,4.426567e+02,2.053035e+02,3.996036e+02,2.038505e+02,4.305305e+01,1.453000e+00
36.61000,4.427150e+02,2.019346e+02,3.996517e+02,2.004130e+02,4.306325e+01,1.521617e+00
36.61100,4.427995e+02,1.984397e+02,3.997251e+02,1.968511e+02,4.307439e+01,1.588611e+00
36.61200,4.427930e+02,1.957997e+02,3.997074e+02,1.941456e+02,4.308560e+01,1.654059e+00
36.61300,4.427951e+02,1.920630e+02,3.996979e+02,1.903453e+02,4.309715e+01,1.717615e+00
36.61400,4.428785e+02,1.889623e+02,3.997686e+02,1.871831e+02,4.310983e+01,1.779207e+00
36.61500,4.429895e+02,1.855366e+02,3.998655e+02,1.836976e+02,4.312402e+01,1.839015e+00
36.61600,4.430717e+02,1.810327e+02,3.999324e+02,1.791365e+02,4.313938e+01,1.896244e+00
36.61700,4.431713e+02,1.762325e+02,4.000153e+02,1.742812e+02,4.315591e+01,1.951264e+00
36.61800,4.432558e+02,1.713095e+02,4.000823e+02,1.693050e+02,4.317351e+01,2.004593e+00
36.61900,4.433470e+02,1.664647e+02,4.001548e+02,1.644087e+02,4.319220e+01,2.056005e+00
36.62000,4.434347e+02,1.615093e+02,4.002229e+02,1.594039e+02,4.321186e+01,2.105411e+00
36.62100,4.435289e+02,1.565323e+02,4.002965e+02,1.543796e+02,4.323250e+01,2.152781e+00
36.62200,4.436288e+02,1.510337e+02,4.003747e+02,1.488359e+02,4.325415e+01,2.197900e+00
36.62300,4.437421e+02,1.454522e+02,4.004651e+02,1.432115e+02,4.327693e+01,2.240743e+00
36.62400,4.438475e+02,1.398647e+02,4.005468e+02,1.375835e+02,4.330075e+01,2.281166e+00
36.62500,4.439803e+02,1.338403e+02,4.006545e+02,1.315212e+02,4.332578e+01,2.319175e+00
36.62600,4.440458e+02,1.285815e+02,4.006943e+02,1.262260e+02,4.335148e+01,2.355465e+00
36.62700,4.441411e+02,1.226527e+02,4.007632e+02,1.202637e+02,4.337794e+01,2.388981e+00
36.62800,4.442607e+02,1.163562e+02,4.008554e+02,1.139368e+02,4.340538e+01,2.419416e+00
36.62900,4.443849e+02,1.099555e+02,4.009509e+02,1.075093e+02,4.343391e+01,2.446273e+00
36.63000,4.445099e+02,1.037993e+02,4.010463e+02,1.013287e+02,4.346361e+01,2.470613e+00
36.63100,4.446209e+02,9.730947e+01,4.011264e+02,9.481693e+01,4.349444e+01,2.492514e+00
36.63200,4.448129e+02,8.904427e+01,4.012865e+02,8.653273e+01,4.352637e+01,2.511511e+00
36.63300,4.449853e+02,8.143247e+01,4.014259e+02,7.890533e+01,4.355945e+01,2.527142e+00
36.63400,4.451258e+02,7.442400e+01,4.015321e+02,7.188400e+01,4.359365e+01,2.539975e+00
36.63500,4.452682e+02,6.738473e+01,4.016393e+02,6.483471e+01,4.362893e+01,2.550011e+00
36.63600,4.454125e+02,5.965519e+01,4.017473e+02,5.709830e+01,4.366523e+01,2.556895e+00
36.63700,4.455649e+02,5.210635e+01,4.018624e+02,4.954573e+01,4.370252e+01,2.560612e+00
36.63800,4.457247e+02,4.422247e+01,4.019839e+02,4.166132e+01,4.374082e+01,2.561147e+00
36.63900,4.458689e+02,3.674609e+01,4.020890e+02,3.418747e+01,4.377992e+01,2.558623e+00
36.64000,4.460273e+02,2.913893e+01,4.022075e+02,2.658596e+01,4.381988e+01,2.552971e+00
36.64100,4.461833e+02,2.132058e+01,4.023227e+02,1.877655e+01,4.386061e+01,2.544034e+00
36.64200,4.463423e+02,1.344732e+01,4.024401e+02,1.091563e+01,4.390211e+01,2.531697e+00
36.64300,4.465017e+02,5.292442e+00,4.025573e+02,2.776447e+00,4.394435e+01,2.515994e+00
36.64400,4.466623e+02,-3.149657e+00,4.026751e+02,-5.646035e+00,4.398729e+01,2.496377e+00
36.64500,4.468240e+02,-1.158377e+01,4.027931e+02,-1.405733e+01,4.403092e+01,2.473557e+00
36.64600,4.469854e+02,-1.995682e+01,4.029102e+02,-2.240421e+01,4.407520e+01,2.447385e+00
36.64700,4.471394e+02,-2.835247e+01,4.030195e+02,-3.077063e+01,4.411989e+01,2.418167e+00
36.64800,4.473359e+02,-3.634477e+01,4.031710e+02,-3.873184e+01,4.416493e+01,2.387067e+00
36.64900,4.475157e+02,-4.477180e+01,4.033055e+02,-4.712503e+01,4.421023e+01,2.353226e+00
36.65000,4.475853e+02,-5.333423e+01,4.033291e+02,-5.565096e+01,4.425614e+01,2.316728e+00
36.65100,4.477161e+02,-6.188516e+01,4.034137e+02,-6.416265e+01,4.430237e+01,2.277488e+00
36.65200,4.478670e+02,-7.056020e+01,4.035182e+02,-7.279533e+01,4.434882e+01,2.235175e+00
36.65300,4.479321e+02,-7.911240e+01,4.035363e+02,-8.130240e+01,4.439579e+01,2.189986e+00
36.65400,4.481015e+02,-8.761167e+01,4.036589e+02,-8.975413e+01,4.444252e+01,2.142446e+00
36.65500,4.482445e+02,-9.589073e+01,4.037554e+02,-9.798253e+01,4.448917e+01,2.091740e+00
36.65600,4.483728e+02,-1.042580e+02,4.038371e+02,-1.062958e+02,4.453575e+01,2.037803e+00
36.65700,4.484951e+02,-1.127245e+02,4.039130e+02,-1.147052e+02,4.458209e+01,1.980624e+00
36.65800,4.486103e+02,-1.212656e+02,4.039823e+02,-1.231863e+02,4.462801e+01,1.920780e+00
36.65900,4.487615e+02,-1.300607e+02,4.040876e+02,-1.319186e+02,4.467389e+01,1.857898e+00
36.66000,4.489134e+02,-1.387871e+02,4.041935e+02,-1.405796e+02,4.471986e+01,1.792499e+00
36.66100,4.490501e+02,-1.471718e+02,4.042843e+02,-1.488964e+02,4.476577e+01,1.724593e+00
36.66200,4.491276e+02,-1.551863e+02,4.043167e+02,-1.568409e+02,4.481091e+01,1.654666e+00
36.66300,4.492141e+02,-1.632357e+02,4.043590e+02,-1.648181e+02,4.485506e+01,1.582419e+00
36.66400,4.493661e+02,-1.714919e+02,4.044673e+02,-1.729993e+02,4.489882e+01,1.507352e+00
36.66500,4.494531e+02,-1.797235e+02,4.045110e+02,-1.811532e+02,4.494203e+01,1.429685e+00
36.66600,4.495274e+02,-1.872153e+02,4.045427e+02,-1.885654e+02,4.498463e+01,1.350100e+00
36.66700,4.496071e+02,-1.951398e+02,4.045808e+02,-1.964081e+02,4.502639e+01,1.268384e+00
36.66800,4.496847e+02,-2.030096e+02,4.046175e+02,-2.041941e+02,4.506712e+01,1.184452e+00
36.66900,4.497422e+02,-2.106494e+02,4.046356e+02,-2.117475e+02,4.510657e+01,1.098131e+00
36.67000,4.498053e+02,-2.181549e+02,4.046605e+02,-2.191645e+02,4.514477e+01,1.009572e+00
36.67100,4.498623e+02,-2.253849e+02,4.046805e+02,-2.263037e+02,4.518173e+01,9.188653e-01
36.67200,4.499130e+02,-2.329139e+02,4.046956e+02,-2.337396e+02,4.521745e+01,8.256573e-01
36.67300,4.499568e+02,-2.401253e+02,4.047050e+02,-2.408557e+02,4.525183e+01,7.304347e-01
36.67400,4.499974e+02,-2.471857e+02,4.047125e+02,-2.478191e+02,4.528484e+01,6.334359e-01
36.67500,4.500258e+02,-2.539961e+02,4.047094e+02,-2.545307e+02,4.531639e+01,5.345936e-01
36.67600,4.500468e+02,-2.606838e+02,4.047004e+02,-2.611182e+02,4.534641e+01,4.343939e-01
36.67700,4.500637e+02,-2.671952e+02,4.046887e+02,-2.675283e+02,4.537497e+01,3.331268e-01
36.67800,4.500685e+02,-2.737020e+02,4.046665e+02,-2.739327e+02,4.540197e+01,2.307507e-01
36.67900,4.500724e+02,-2.800789e+02,4.046449e+02,-2.802063e+02,4.542745e+01,1.274007e-01
36.68000,4.500617e+02,-2.860257e+02,4.046104e+02,-2.860490e+02,4.545127e+01,2.333886e-02
36.68100,4.500457e+02,-2.917912e+02,4.045722e+02,-2.917095e+02,4.547341e+01,-8.167920e-02
36.68200,4.500318e+02,-2.975128e+02,4.045378e+02,-2.973250e+02,4.549399e+01,-1.877687e-01
36.68300,4.499973e+02,-3.029039e+02,4.044845e+02,-3.026090e+02,4.551279e+01,-2.948831e-01
36.68400,4.499627e+02,-3.079743e+02,4.044329e+02,-3.075714e+02,4.552984e+01,-4.028986e-01
36.68500,4.499103e+02,-3.132859e+02,4.043653e+02,-3.127737e+02,4.554496e+01,-5.120963e-01
36.68600,4.498612e+02,-3.179361e+02,4.043029e+02,-3.173135e+02,4.555826e+01,-6.224971e-01
36.68700,4.498079e+02,-3.224439e+02,4.042381e+02,-3.217107e+02,4.556979e+01,-7.331307e-01
36.68800,4.497477e+02,-3.267425e+02,4.041681e+02,-3.258985e+02,4.557957e+01,-8.440053e-01
36.68900,4.496712e+02,-3.308899e+02,4.040837e+02,-3.299349e+02,4.558745e+01,-9.550460e-01
36.69000,4.495919e+02,-3.348114e+02,4.039985e+02,-3.337447e+02,4.559344e+01,-1.066641e+00
36.69100,4.495099e+02,-3.385647e+02,4.039123e+02,-3.373857e+02,4.559763e+01,-1.178969e+00
36.69200,4.494209e+02,-3.420583e+02,4.038209e+02,-3.407661e+02,4.560002e+01,-1.292310e+00
36.69300,4.493207e+02,-3.454160e+02,4.037201e+02,-3.440111e+02,4.560060e+01,-1.404905e+00
36.69400,4.492089e+02,-3.487293e+02,4.036096e+02,-3.472125e+02,4.559933e+01,-1.516882e+00
36.69500,4.490950e+02,-3.515823e+02,4.034987e+02,-3.499539e+02,4.559634e+01,-1.628446e+00
36.69600,4.489781e+02,-3.525845e+02,4.033864e+02,-3.508469e+02,4.559165e+01,-1.737575e+00
36.69700,4.488621e+02,-3.537538e+02,4.032768e+02,-3.519091e+02,4.558531e+01,-1.844665e+00
36.69800,4.487413e+02,-3.551977e+02,4.031640e+02,-3.532474e+02,4.557725e+01,-1.950272e+00
36.69900,4.486163e+02,-3.574023e+02,4.030489e+02,-3.553476e+02,4.556749e+01,-2.054715e+00
36.70000,4.484855e+02,-3.590319e+02,4.029295e+02,-3.568732e+02,4.555605e+01,-2.158711e+00
36.70100,4.483426e+02,-3.603259e+02,4.027997e+02,-3.580633e+02,4.554290e+01,-2.262556e+00
36.70200,4.481916e+02,-3.612459e+02,4.026636e+02,-3.588797e+02,4.552801e+01,-2.366231e+00
36.70300,4.480475e+02,-3.619757e+02,4.025359e+02,-3.595067e+02,4.551165e+01,-2.469087e+00
36.70400,4.478739e+02,-3.624670e+02,4.023801e+02,-3.598966e+02,4.549386e+01,-2.570377e+00
36.70500,4.476601e+02,-3.622798e+02,4.021853e+02,-3.596098e+02,4.547479e+01,-2.670027e+00
36.70600,4.476747e+02,-3.639120e+02,4.022213e+02,-3.611431e+02,4.545334e+01,-2.768927e+00
36.70700,4.475310e+02,-3.633438e+02,4.021006e+02,-3.604773e+02,4.543040e+01,-2.866452e+00
36.70800,4.473834e+02,-3.629587e+02,4.019772e+02,-3.599960e+02,4.540621e+01,-2.962691e+00
36.70900,4.472186e+02,-3.619958e+02,4.018380e+02,-3.589385e+02,4.538061e+01,-3.057383e+00
36.71000,4.470411e+02,-3.609275e+02,4.016876e+02,-3.577776e+02,4.535349e+01,-3.149857e+00
36.71100,4.468843e+02,-3.601258e+02,4.015592e+02,-3.568853e+02,4.532505e+01,-3.240416e+00
36.71200,4.467402e+02,-3.586865e+02,4.014447e+02,-3.553575e+02,4.529552e+01,-3.328913e+00
36.71300,4.466479e+02,-3.559075e+02,4.013830e+02,-3.524935e+02,4.526481e+01,-3.413929e+00
36.71400,4.464300e+02,-3.547243e+02,4.011964e+02,-3.512276e+02,4.523364e+01,-3.496724e+00
36.71500,4.461897e+02,-3.511477e+02,4.009883e+02,-3.475709e+02,4.520137e+01,-3.576789e+00
36.71600,4.460289e+02,-3.486447e+02,4.008607e+02,-3.449900e+02,4.516818e+01,-3.654717e+00
36.71700,4.458705e+02,-3.458920e+02,4.007363e+02,-3.421614e+02,4.513416e+01,-3.730613e+00
36.71800,4.457003e+02,-3.429364e+02,4.006012e+02,-3.391322e+02,4.509917e+01,-3.804237e+00
36.71900,4.455815e+02,-3.405739e+02,4.005176e+02,-3.366981e+02,4.506385e+01,-3.875821e+00
36.72000,4.454093e+02,-3.370393e+02,4.003815e+02,-3.330943e+02,4.502785e+01,-3.945035e+00
36.72100,4.452743e+02,-3.337215e+02,4.002829e+02,-3.297093e+02,4.499141e+01,-4.012267e+00
36.72200,4.451033e+02,-3.292209e+02,4.001489e+02,-3.251438e+02,4.495430e+01,-4.077047e+00
36.72300,4.449601e+02,-3.252759e+02,4.000435e+02,-3.211365e+02,4.491671e+01,-4.139352e+00
36.72400,4.448299e+02,-3.216005e+02,3.999511e+02,-3.174011e+02,4.487884e+01,-4.199488e+00
36.72500,4.446977e+02,-3.167120e+02,3.998572e+02,-3.124548e+02,4.484057e+01,-4.257155e+00
36.72600,4.445353e+02,-3.119719e+02,3.997336e+02,-3.076597e+02,4.480164e+01,-4.312141e+00
36.72700,4.444155e+02,-3.074371e+02,3.996530e+02,-3.030732e+02,4.476253e+01,-4.363968e+00
36.72800,4.443217e+02,-3.031952e+02,3.995983e+02,-2.987824e+02,4.472340e+01,-4.412771e+00
36.72900,4.441329e+02,-2.968138e+02,3.994489e+02,-2.923553e+02,4.468407e+01,-4.458486e+00
36.73000,4.439917e+02,-2.910335e+02,3.993467e+02,-2.865325e+02,4.464493e+01,-4.500987e+00
36.73100,4.438102e+02,-2.851026e+02,3.992045e+02,-2.805616e+02,4.460573e+01,-4.540971e+00
36.73200,4.437003e+02,-2.795026e+02,3.991338e+02,-2.749239e+02,4.456653e+01,-4.578736e+00
36.73300,4.435897e+02,-2.738223e+02,3.990624e+02,-2.692079e+02,4.452733e+01,-4.614412e+00
36.73400,4.434893e+02,-2.681525e+02,3.990011e+02,-2.635048e+02,4.448826e+01,-4.647723e+00
36.73500,4.433900e+02,-2.626692e+02,3.989407e+02,-2.579905e+02,4.444935e+01,-4.678618e+00
36.73600,4.432837e+02,-2.556586e+02,3.988731e+02,-2.509522e+02,4.441053e+01,-4.706342e+00
36.73700,4.431869e+02,-2.493121e+02,3.988150e+02,-2.445810e+02,4.437186e+01,-4.731036e+00
36.73800,4.430835e+02,-2.422386e+02,3.987503e+02,-2.374860e+02,4.433321e+01,-4.752612e+00
36.73900,4.430086e+02,-2.354290e+02,3.987137e+02,-2.306581e+02,4.429489e+01,-4.770982e+00
36.74000,4.429377e+02,-2.293785e+02,3.986805e+02,-2.245919e+02,4.425720e+01,-4.786567e+00
36.74100,4.428315e+02,-2.231436e+02,3.986120e+02,-2.183437e+02,4.421954e+01,-4.799969e+00
36.74200,4.427528e+02,-2.164289e+02,3.985707e+02,-2.116180e+02,4.418215e+01,-4.810939e+00
36.74300,4.426759e+02,-2.091040e+02,3.985308e+02,-2.042850e+02,4.414511e+01,-4.819014e+00
36.74400,4.425968e+02,-2.015188e+02,3.984884e+02,-1.966946e+02,4.410839e+01,-4.824217e+00
36.74500,4.425347e+02,-1.941726e+02,3.984625e+02,-1.893462e+02,4.407217e+01,-4.826412e+00
36.74600,4.424797e+02,-1.868229e+02,3.984432e+02,-1.819970e+02,4.403653e+01,-4.825849e+00
36.74700,4.424257e+02,-1.796253e+02,3.984243e+02,-1.748033e+02,4.400148e+01,-4.821952e+00
36.74800,4.423662e+02,-1.722628e+02,3.983993e+02,-1.674478e+02,4.396688e+01,-4.815044e+00
36.74900,4.423085e+02,-1.653269e+02,3.983757e+02,-1.605213e+02,4.393273e+01,-4.805585e+00
36.75000,4.422429e+02,-1.573332e+02,3.983437e+02,-1.525405e+02,4.389911e+01,-4.792695e+00
36.75100,4.422365e+02,-1.491678e+02,3.983705e+02,-1.443908e+02,4.386607e+01,-4.776988e+00
36.75200,4.422690e+02,-1.401637e+02,3.984355e+02,-1.354045e+02,4.383349e+01,-4.759268e+00
36.75300,4.422905e+02,-1.320471e+02,3.984891e+02,-1.273070e+02,4.380132e+01,-4.740143e+00
36.75400,4.422635e+02,-1.242489e+02,3.984937e+02,-1.195301e+02,4.376978e+01,-4.718803e+00
36.75500,4.422411e+02,-1.168201e+02,3.985022e+02,-1.121250e+02,4.373899e+01,-4.695151e+00
36.75600,4.422135e+02,-1.087900e+02,3.985046e+02,-1.041213e+02,4.370885e+01,-4.668679e+00
36.75700,4.421929e+02,-1.007227e+02,3.985135e+02,-9.608247e+01,4.367938e+01,-4.640215e+00
36.75800,4.421763e+02,-9.287320e+01,3.985257e+02,-8.826333e+01,4.365060e+01,-4.609848e+00
36.75900,4.421711e+02,-8.499540e+01,3.985485e+02,-8.041800e+01,4.362263e+01,-4.577401e+00
36.76000,4.421645e+02,-7.723480e+01,3.985691e+02,-7.269213e+01,4.359541e+01,-4.542649e+00
36.76100,4.421635e+02,-6.938020e+01,3.985946e+02,-6.487459e+01,4.356895e+01,-4.505637e+00
36.76200,4.421593e+02,-6.120629e+01,3.986161e+02,-5.674024e+01,4.354318e+01,-4.466051e+00
36.76300,4.421633e+02,-5.307802e+01,3.986451e+02,-4.865470e+01,4.351819e+01,-4.423315e+00
36.76400,4.421609e+02,-4.558911e+01,3.986670e+02,-4.121070e+01,4.349391e+01,-4.378410e+00
36.76500,4.421671e+02,-3.774647e+01,3.986968e+02,-3.341515e+01,4.347035e+01,-4.331319e+00
36.76600,4.421764e+02,-2.990076e+01,3.987289e+02,-2.561893e+01,4.344753e+01,-4.281832e+00
36.76700,4.421965e+02,-2.206303e+01,3.987709e+02,-1.783289e+01,4.342549e+01,-4.230141e+00
36.76800,4.421975e+02,-1.433239e+01,3.987935e+02,-1.015627e+01,4.340403e+01,-4.176123e+00
36.76900,4.422050e+02,-6.643187e+00,3.988219e+02,-2.523670e+00,4.338301e+01,-4.119517e+00
36.77000,4.421288e+02,7.803193e-01,3.987661e+02,4.841021e+00,4.336269e+01,-4.060702e+00
36.77100,4.420437e+02,8.055593e+00,3.987009e+02,1.205606e+01,4.334279e+01,-4.000465e+00
36.77200,4.420503e+02,1.551565e+01,3.987267e+02,1.945469e+01,4.332359e+01,-3.939041e+00
36.77300,4.420662e+02,2.321057e+01,3.987611e+02,2.708651e+01,4.330517e+01,-3.875941e+00
36.77400,4.420779e+02,3.036385e+01,3.987905e+02,3.417488e+01,4.328749e+01,-3.811032e+00
36.77500,4.420872e+02,3.785839e+01,3.988167e+02,4.160253e+01,4.327049e+01,-3.744141e+00
36.77600,4.420904e+02,4.514023e+01,3.988363e+02,4.881556e+01,4.325409e+01,-3.675327e+00
36.77700,4.420963e+02,5.214003e+01,3.988579e+02,5.574473e+01,4.323831e+01,-3.604688e+00
36.77800,4.421070e+02,5.913594e+01,3.988838e+02,6.266853e+01,4.322320e+01,-3.532592e+00
36.77900,4.421140e+02,6.620471e+01,3.989053e+02,6.966353e+01,4.320871e+01,-3.458799e+00
36.78000,4.421192e+02,7.313187e+01,3.989244e+02,7.651513e+01,4.319480e+01,-3.383279e+00
36.78100,4.421300e+02,8.015133e+01,3.989485e+02,8.345727e+01,4.318148e+01,-3.305929e+00
36.78200,4.421338e+02,8.661527e+01,3.989651e+02,8.984213e+01,4.316870e+01,-3.226893e+00
36.78300,4.421243e+02,9.295793e+01,3.989680e+02,9.610420e+01,4.315629e+01,-3.146329e+00
36.78400,4.421277e+02,9.933567e+01,3.989834e+02,1.024009e+02,4.314433e+01,-3.065183e+00
36.78500,4.421420e+02,1.055717e+02,3.990090e+02,1.085548e+02,4.313299e+01,-2.983101e+00
36.78600,4.421480e+02,1.118708e+02,3.990258e+02,1.147713e+02,4.312225e+01,-2.900521e+00
36.78700,4.421535e+02,1.179703e+02,3.990415e+02,1.207872e+02,4.311208e+01,-2.816872e+00
36.78800,4.421529e+02,1.238379e+02,3.990504e+02,1.265697e+02,4.310243e+01,-2.731726e+00
36.78900,4.421484e+02,1.294594e+02,3.990552e+02,1.321052e+02,4.309320e+01,-2.645763e+00
36.79000,4.421479e+02,1.352277e+02,3.990635e+02,1.377865e+02,4.308440e+01,-2.558763e+00
36.79100,4.421485e+02,1.408434e+02,3.990725e+02,1.433141e+02,4.307605e+01,-2.470677e+00
36.79200,4.421460e+02,1.462905e+02,3.990779e+02,1.486721e+02,4.306809e+01,-2.381476e+00
36.79300,4.421388e+02,1.515468e+02,3.990783e+02,1.538380e+02,4.306049e+01,-2.291197e+00
36.79400,4.421373e+02,1.564435e+02,3.990840e+02,1.586436e+02,4.305327e+01,-2.200108e+00
36.79500,4.421363e+02,1.615224e+02,3.990899e+02,1.636307e+02,4.304645e+01,-2.108283e+00
36.79600,4.421311e+02,1.662651e+02,3.990911e+02,1.682810e+02,4.304001e+01,-2.015869e+00
36.79700,4.421277e+02,1.707760e+02,3.990937e+02,1.726984e+02,4.303394e+01,-1.922417e+00
36.79800,4.421335e+02,1.754198e+02,3.991051e+02,1.772485e+02,4.302842e+01,-1.828719e+00
36.79900,4.421263e+02,1.797826e+02,3.991029e+02,1.815177e+02,4.302339e+01,-1.735028e+00
36.80000,4.421183e+02,1.836700e+02,3.990995e+02,1.853112e+02,4.301877e+01,-1.641181e+00
36.80100,4.421108e+02,1.875741e+02,3.990963e+02,1.891213e+02,4.301459e+01,-1.547165e+00
36.80200,4.420840e+02,1.914125e+02,3.990734e+02,1.928654e+02,4.301065e+01,-1.452855e+00
36.80300,4.420637e+02,1.950289e+02,3.990567e+02,1.963871e+02,4.300699e+01,-1.358155e+00
36.80400,4.420457e+02,1.984657e+02,3.990420e+02,1.997290e+02,4.300373e+01,-1.263239e+00
36.80500,4.420114e+02,2.021522e+02,3.990104e+02,2.033205e+02,4.300095e+01,-1.168312e+00
36.80600,4.419447e+02,2.060268e+02,3.989460e+02,2.071005e+02,4.299875e+01,-1.073629e+00
36.80700,4.419588e+02,2.085593e+02,3.989618e+02,2.095379e+02,4.299700e+01,-9.785860e-01
36.80800,4.420755e+02,2.102645e+02,3.990803e+02,2.111481e+02,4.299519e+01,-8.836087e-01
36.80900,4.421961e+02,2.115123e+02,3.992031e+02,2.123015e+02,4.299305e+01,-7.891080e-01
36.81000,4.421811e+02,2.131145e+02,3.991903e+02,2.138101e+02,4.299079e+01,-6.955000e-01
36.81100,4.421551e+02,2.164489e+02,3.991664e+02,2.170499e+02,4.298869e+01,-6.010157e-01
36.81200,4.421171e+02,2.182767e+02,3.991307e+02,2.187838e+02,4.298647e+01,-5.070233e-01
36.81300,4.421143e+02,2.200900e+02,3.991299e+02,2.205038e+02,4.298444e+01,-4.138136e-01
36.81400,4.421158e+02,2.217300e+02,3.991331e+02,2.220516e+02,4.298269e+01,-3.215989e-01
36.81500,4.421200e+02,2.229476e+02,3.991387e+02,2.231777e+02,4.298131e+01,-2.301143e-01
36.81600,4.421247e+02,2.240705e+02,3.991444e+02,2.242099e+02,4.298035e+01,-1.393125e-01
36.81700,4.421285e+02,2.251055e+02,3.991487e+02,2.251547e+02,4.297978e+01,-4.919267e-02
36.81800,4.421399e+02,2.257514e+02,3.991602e+02,2.257111e+02,4.297971e+01,4.028331e-02
36.81900,4.421485e+02,2.262283e+02,3.991684e+02,2.260990e+02,4.298007e+01,1.292209e-01
36.82000,4.421556e+02,2.266536e+02,3.991747e+02,2.264360e+02,4.298087e+01,2.175860e-01
36.82100,4.421337e+02,2.268969e+02,3.991515e+02,2.265919e+02,4.298221e+01,3.049819e-01
36.82200,4.422819e+02,2.283450e+02,3.992983e+02,2.279535e+02,4.298356e+01,3.914216e-01
36.82300,4.422167e+02,2.268808e+02,3.992314e+02,2.264029e+02,4.298531e+01,4.778443e-01
36.82400,4.422165e+02,2.262387e+02,3.992291e+02,2.256751e+02,4.298737e+01,5.637209e-01
36.82500,4.422073e+02,2.258746e+02,3.992177e+02,2.252255e+02,4.298962e+01,6.490815e-01
36.82600,4.422646e+02,2.244731e+02,3.992722e+02,2.237404e+02,4.299243e+01,7.327527e-01
36.82700,4.423176e+02,2.229272e+02,3.993216e+02,2.221128e+02,4.299597e+01,8.144280e-01
36.82800,4.423338e+02,2.213067e+02,3.993339e+02,2.204123e+02,4.299987e+01,8.943387e-01
36.82900,4.423810e+02,2.202579e+02,3.993763e+02,2.192853e+02,4.300467e+01,9.726280e-01
36.83000,4.424121e+02,2.186298e+02,3.994019e+02,2.175799e+02,4.301017e+01,1.049814e+00
36.83100,4.424489e+02,2.169219e+02,3.994325e+02,2.157960e+02,4.301638e+01,1.125897e+00
36.83200,4.424798e+02,2.145491e+02,3.994566e+02,2.133481e+02,4.302325e+01,1.200977e+00
36.83300,4.425239e+02,2.122735e+02,3.994931e+02,2.109986e+02,4.303082e+01,1.274829e+00
36.83400,4.425724e+02,2.100814e+02,3.995333e+02,2.087339e+02,4.303914e+01,1.347477e+00
36.83500,4.426268e+02,2.066823e+02,3.995786e+02,2.052641e+02,4.304821e+01,1.418277e+00
36.83600,4.426873e+02,2.037765e+02,3.996292e+02,2.022888e+02,4.305806e+01,1.487666e+00
36.83700,4.427532e+02,2.002181e+02,3.996845e+02,1.986626e+02,4.306871e+01,1.555501e+00
36.83800,4.428269e+02,1.968490e+02,3.997467e+02,1.952273e+02,4.308018e+01,1.621675e+00
36.83900,4.427828e+02,1.940691e+02,3.996914e+02,1.923827e+02,4.309140e+01,1.686324e+00
36.84000,4.428253e+02,1.907287e+02,3.997219e+02,1.889797e+02,4.310344e+01,1.748901e+00
36.84100,4.429359e+02,1.873406e+02,3.998189e+02,1.855309e+02,4.311691e+01,1.809677e+00
36.84200,4.430299e+02,1.832524e+02,3.998983e+02,1.813844e+02,4.313166e+01,1.867947e+00
36.84300,4.431205e+02,1.785245e+02,3.999729e+02,1.766005e+02,4.314759e+01,1.923985e+00
36.84400,4.432138e+02,1.738730e+02,4.000491e+02,1.718948e+02,4.316465e+01,1.978193e+00
36.84500,4.433015e+02,1.688213e+02,4.001187e+02,1.667907e+02,4.318278e+01,2.030589e+00
36.84600,4.433946e+02,1.640294e+02,4.001926e+02,1.619484e+02,4.320203e+01,2.081022e+00
36.84700,4.434825e+02,1.589611e+02,4.002603e+02,1.568316e+02,4.322220e+01,2.129417e+00
36.84800,4.435789e+02,1.538548e+02,4.003355e+02,1.516791e+02,4.324335e+01,2.175705e+00
36.84900,4.436841e+02,1.482014e+02,4.004185e+02,1.459817e+02,4.326555e+01,2.219697e+00
36.85000,4.437921e+02,1.426170e+02,4.005033e+02,1.403557e+02,4.328881e+01,2.261343e+00
36.85100,4.439106e+02,1.369846e+02,4.005974e+02,1.346841e+02,4.331321e+01,2.300475e+00
36.85200,4.440275e+02,1.309716e+02,4.006889e+02,1.286341e+02,4.333869e+01,2.337503e+00
36.85300,4.440851e+02,1.257740e+02,4.007204e+02,1.234015e+02,4.336473e+01,2.372573e+00
36.85400,4.442021e+02,1.194255e+02,4.008105e+02,1.170210e+02,4.339167e+01,2.404536e+00
36.85500,4.443209e+02,1.130744e+02,4.009013e+02,1.106411e+02,4.341963e+01,2.433355e+00
36.85600,4.444523e+02,1.067757e+02,4.010035e+02,1.043168e+02,4.344877e+01,2.458840e+00
36.85700,4.445703e+02,1.004821e+02,4.010912e+02,9.800027e+01,4.347907e+01,2.481814e+00
36.85800,4.447131e+02,9.323100e+01,4.012027e+02,9.072873e+01,4.351047e+01,2.502311e+00
36.85900,4.449053e+02,8.512507e+01,4.013623e+02,8.260560e+01,4.354298e+01,2.519491e+00
36.86000,4.450544e+02,7.792427e+01,4.014778e+02,7.539060e+01,4.357663e+01,2.533676e+00
36.86100,4.451971e+02,7.109420e+01,4.015857e+02,6.854900e+01,4.361140e+01,2.545208e+00
36.86200,4.453401e+02,6.337810e+01,4.016929e+02,6.082443e+01,4.364720e+01,2.553667e+00
36.86300,4.454879e+02,5.587703e+01,4.018039e+02,5.331806e+01,4.368399e+01,2.558979e+00
36.86400,4.456426e+02,4.819095e+01,4.019209e+02,4.562984e+01,4.372177e+01,2.561111e+00
36.86500,4.458083e+02,4.030175e+01,4.020478e+02,3.774172e+01,4.376057e+01,2.560033e+00
36.86600,4.459461e+02,3.294600e+01,4.021460e+02,3.039007e+01,4.380011e+01,2.555933e+00
36.86700,4.461048e+02,2.520523e+01,4.022643e+02,2.265651e+01,4.384045e+01,2.548722e+00
36.86800,4.462603e+02,1.752813e+01,4.023788e+02,1.498999e+01,4.388154e+01,2.538133e+00
36.86900,4.464223e+02,9.363333e+00,4.024989e+02,6.839140e+00,4.392339e+01,2.524193e+00
36.87000,4.465837e+02,1.043566e+00,4.026177e+02,-1.462694e+00,4.396600e+01,2.506259e+00
36.87100,4.467436e+02,-7.443853e+00,4.027343e+02,-9.928973e+00,4.400930e+01,2.485119e+00
36.87200,4.469050e+02,-1.582040e+01,4.028517e+02,-1.828105e+01,4.405325e+01,2.460651e+00
36.87300,4.470665e+02,-2.421153e+01,4.029687e+02,-2.664443e+01,4.409784e+01,2.432910e+00
36.87400,4.472397e+02,-3.232144e+01,4.030970e+02,-3.472428e+01,4.414274e+01,2.402839e+00
36.87500,4.474252e+02,-4.063776e+01,4.032373e+02,-4.300819e+01,4.418790e+01,2.370437e+00
36.87600,4.475513e+02,-4.902288e+01,4.033179e+02,-5.135813e+01,4.423349e+01,2.335251e+00
36.87700,4.476555e+02,-5.775846e+01,4.033759e+02,-6.005581e+01,4.427960e+01,2.297349e+00
36.87800,4.477914e+02,-6.632156e+01,4.034655e+02,-6.857813e+01,4.432594e+01,2.256541e+00
36.87900,4.478943e+02,-7.485347e+01,4.035217e+02,-7.706627e+01,4.437267e+01,2.212772e+00
36.88000,4.480244e+02,-8.341500e+01,4.036049e+02,-8.558127e+01,4.441956e+01,2.166257e+00
36.88100,4.481715e+02,-9.181420e+01,4.037053e+02,-9.393147e+01,4.446617e+01,2.117301e+00
36.88200,4.483089e+02,-1.000897e+02,4.037961e+02,-1.021547e+02,4.451279e+01,2.064961e+00
36.88300,4.484347e+02,-1.085541e+02,4.038755e+02,-1.105635e+02,4.455925e+01,2.009402e+00
36.88400,4.485543e+02,-1.169361e+02,4.039489e+02,-1.188869e+02,4.460540e+01,1.950830e+00
36.88500,4.486807e+02,-1.257828e+02,4.040295e+02,-1.276722e+02,4.465122e+01,1.889459e+00
36.88600,4.488386e+02,-1.343982e+02,4.041415e+02,-1.362235e+02,4.469712e+01,1.825293e+00
36.88700,4.489825e+02,-1.431117e+02,4.042395e+02,-1.448703e+02,4.474305e+01,1.758580e+00
36.88800,4.490993e+02,-1.512811e+02,4.043106e+02,-1.529705e+02,4.478867e+01,1.689407e+00
36.88900,4.491545e+02,-1.592177e+02,4.043213e+02,-1.608361e+02,4.483321e+01,1.618411e+00
36.89000,4.492973e+02,-1.673841e+02,4.044202e+02,-1.689289e+02,4.487715e+01,1.544801e+00
36.89100,4.494179e+02,-1.758372e+02,4.044973e+02,-1.773055e+02,4.492061e+01,1.468313e+00
36.89200,4.494904e+02,-1.833408e+02,4.045267e+02,-1.847305e+02,4.496361e+01,1.389645e+00
36.89300,4.495683e+02,-1.911911e+02,4.045625e+02,-1.925001e+02,4.500583e+01,1.308997e+00
36.89400,4.496480e+02,-1.991960e+02,4.046009e+02,-2.004221e+02,4.504711e+01,1.226153e+00
36.89500,4.497154e+02,-2.067955e+02,4.046282e+02,-2.079366e+02,4.508721e+01,1.141069e+00
36.89600,4.497754e+02,-2.144359e+02,4.046493e+02,-2.154896e+02,4.512605e+01,1.053634e+00
36.89700,4.498361e+02,-2.217589e+02,4.046725e+02,-2.227229e+02,4.516367e+01,9.639587e-01
36.89800,4.498879e+02,-2.291954e+02,4.046879e+02,-2.300675e+02,4.520001e+01,8.720827e-01
36.89900,4.499342e+02,-2.365575e+02,4.046991e+02,-2.373352e+02,4.523505e+01,7.777207e-01
36.90000,4.499772e+02,-2.437848e+02,4.047085e+02,-2.444665e+02,4.526873e+01,6.816600e-01
36.90100,4.500129e+02,-2.506715e+02,4.047119e+02,-2.512553e+02,4.530101e+01,5.837049e-01
36.90200,4.500351e+02,-2.573723e+02,4.047033e+02,-2.578564e+02,4.533176e+01,4.840623e-01
36.90300,4.500571e+02,-2.639435e+02,4.046960e+02,-2.643269e+02,4.536107e+01,3.833326e-01
36.90400,4.500649e+02,-2.704206e+02,4.046761e+02,-2.707022e+02,4.538881e+01,2.815566e-01
36.90500,4.500727e+02,-2.770951e+02,4.046576e+02,-2.772740e+02,4.541506e+01,1.788715e-01
36.90600,4.500683e+02,-2.831068e+02,4.046286e+02,-2.831819e+02,4.543973e+01,7.505627e-02
36.90700,4.500536e+02,-2.889341e+02,4.045909e+02,-2.889046e+02,4.546269e+01,-2.952301e-02
36.90800,4.500404e+02,-2.947461e+02,4.045563e+02,-2.946109e+02,4.548405e+01,-1.351431e-01
36.90900,4.500121e+02,-3.001581e+02,4.045084e+02,-2.999163e+02,4.550371e+01,-2.417595e-01
36.91000,4.499821e+02,-3.055375e+02,4.044605e+02,-3.051882e+02,4.552164e+01,-3.492921e-01
36.91100,4.499369e+02,-3.107023e+02,4.043991e+02,-3.102444e+02,4.553771e+01,-4.579261e-01
36.91200,4.498822e+02,-3.157548e+02,4.043303e+02,-3.151870e+02,4.555185e+01,-5.677947e-01
36.91300,4.498379e+02,-3.201269e+02,4.042737e+02,-3.194484e+02,4.556429e+01,-6.784207e-01
36.91400,4.497778e+02,-3.246921e+02,4.042029e+02,-3.239029e+02,4.557495e+01,-7.891820e-01
36.91500,4.497121e+02,-3.288415e+02,4.041283e+02,-3.279413e+02,4.558379e+01,-9.001793e-01
36.91600,4.496314e+02,-3.329471e+02,4.040407e+02,-3.319356e+02,4.559071e+01,-1.011468e+00
36.91700,4.495510e+02,-3.367421e+02,4.039552e+02,-3.356187e+02,4.559579e+01,-1.123371e+00
36.91800,4.494650e+02,-3.403803e+02,4.038659e+02,-3.391441e+02,4.559906e+01,-1.236084e+00
36.91900,4.493719e+02,-3.437583e+02,4.037713e+02,-3.424092e+02,4.560053e+01,-1.349134e+00
36.92000,4.492649e+02,-3.470801e+02,4.036647e+02,-3.456187e+02,4.560017e+01,-1.461318e+00
36.92100,4.491533e+02,-3.503654e+02,4.035553e+02,-3.487921e+02,4.559804e+01,-1.573366e+00
36.92200,4.490372e+02,-3.520692e+02,4.034430e+02,-3.503856e+02,4.559419e+01,-1.683601e+00
36.92300,4.489182e+02,-3.536130e+02,4.033295e+02,-3.518209e+02,4.558866e+01,-1.792055e+00
36.92400,4.488006e+02,-3.541143e+02,4.032191e+02,-3.522161e+02,4.558145e+01,-1.898235e+00
36.92500,4.486795e+02,-3.562515e+02,4.031070e+02,-3.542483e+02,4.557253e+01,-2.003191e+00
36.92600,4.485542e+02,-3.582391e+02,4.029922e+02,-3.561317e+02,4.556196e+01,-2.107402e+00
36.92700,4.484123e+02,-3.596887e+02,4.028626e+02,-3.574774e+02,4.554965e+01,-2.211357e+00
36.92800,4.482711e+02,-3.608135e+02,4.027354e+02,-3.584983e+02,4.553566e+01,-2.315116e+00
36.92900,4.481223e+02,-3.617325e+02,4.026023e+02,-3.593141e+02,4.552005e+01,-2.418378e+00
36.93000,4.479637e+02,-3.622504e+02,4.024608e+02,-3.597299e+02,4.550293e+01,-2.520546e+00
36.93100,4.477428e+02,-3.622248e+02,4.022583e+02,-3.596039e+02,4.548455e+01,-2.620935e+00
36.93200,4.477273e+02,-3.635331e+02,4.022632e+02,-3.608127e+02,4.546412e+01,-2.720423e+00
36.93300,4.475867e+02,-3.637889e+02,4.021451e+02,-3.609703e+02,4.544166e+01,-2.818605e+00
36.93400,4.474521e+02,-3.630689e+02,4.020341e+02,-3.601535e+02,4.541799e+01,-2.915415e+00
36.93500,4.472936e+02,-3.624481e+02,4.019005e+02,-3.594372e+02,4.539305e+01,-3.010928e+00
36.93600,4.471474e+02,-3.615951e+02,4.017806e+02,-3.584906e+02,4.536682e+01,-3.104544e+00
36.93700,4.469571e+02,-3.604668e+02,4.016180e+02,-3.572709e+02,4.533902e+01,-3.195947e+00
36.93800,4.468155e+02,-3.598111e+02,4.015053e+02,-3.565252e+02,4.531010e+01,-3.285907e+00
36.93900,4.466697e+02,-3.569461e+02,4.013896e+02,-3.535738e+02,4.528003e+01,-3.372334e+00
36.94000,4.465332e+02,-3.556953e+02,4.012841e+02,-3.522389e+02,4.524913e+01,-3.456339e+00
36.94100,4.462904e+02,-3.525447e+02,4.010730e+02,-3.490071e+02,4.521738e+01,-3.537562e+00
36.94200,4.461078e+02,-3.499027e+02,4.009232e+02,-3.462862e+02,4.518461e+01,-3.616519e+00
36.94300,4.459510e+02,-3.472603e+02,4.008000e+02,-3.435668e+02,4.515101e+01,-3.693473e+00
36.94400,4.457888e+02,-3.445209e+02,4.006722e+02,-3.407527e+02,4.511655e+01,-3.768235e+00
36.94500,4.456232e+02,-3.414290e+02,4.005420e+02,-3.375883e+02,4.508114e+01,-3.840767e+00
36.94600,4.454965e+02,-3.388804e+02,4.004511e+02,-3.349694e+02,4.504541e+01,-3.911045e+00
36.94700,4.453501e+02,-3.355384e+02,4.003408e+02,-3.315591e+02,4.500923e+01,-3.979383e+00
36.94800,4.451825e+02,-3.313073e+02,4.002101e+02,-3.272619e+02,4.497242e+01,-4.045347e+00
36.94900,4.450318e+02,-3.272901e+02,4.000967e+02,-3.231812e+02,4.493505e+01,-4.108835e+00
36.95000,4.448937e+02,-3.233615e+02,3.999964e+02,-3.191914e+02,4.489731e+01,-4.170006e+00
36.95100,4.447597e+02,-3.195981e+02,3.999005e+02,-3.153689e+02,4.485918e+01,-4.229216e+00
36.95200,4.446349e+02,-3.137625e+02,3.998142e+02,-3.094773e+02,4.482069e+01,-4.285277e+00
36.95300,4.444641e+02,-3.099015e+02,3.996824e+02,-3.055628e+02,4.478163e+01,-4.338691e+00
36.95400,4.443650e+02,-3.051712e+02,3.996225e+02,-3.007822e+02,4.474252e+01,-4.389018e+00
36.95500,4.442409e+02,-3.003718e+02,3.995377e+02,-2.959355e+02,4.470330e+01,-4.436273e+00
36.95600,4.440530e+02,-2.938634e+02,3.993889e+02,-2.893831e+02,4.466402e+01,-4.480281e+00
36.95700,4.438910e+02,-2.879445e+02,3.992661e+02,-2.834228e+02,4.462494e+01,-4.521755e+00
36.95800,4.437533e+02,-2.821981e+02,3.991677e+02,-2.776375e+02,4.458571e+01,-4.560555e+00
36.95900,4.436493e+02,-2.767530e+02,3.991029e+02,-2.721559e+02,4.454652e+01,-4.597152e+00
36.96000,4.435404e+02,-2.710019e+02,3.990330e+02,-2.663703e+02,4.450740e+01,-4.631630e+00
36.96100,4.434386e+02,-2.653353e+02,3.989702e+02,-2.606717e+02,4.446841e+01,-4.663671e+00
36.96200,4.433370e+02,-2.592046e+02,3.989075e+02,-2.545117e+02,4.442955e+01,-4.692985e+00
36.96300,4.432378e+02,-2.525340e+02,3.988469e+02,-2.478148e+02,4.439087e+01,-4.719216e+00
36.96400,4.431299e+02,-2.456981e+02,3.987777e+02,-2.409557e+02,4.435219e+01,-4.742309e+00
36.96500,4.430367e+02,-2.387239e+02,3.987231e+02,-2.339615e+02,4.431352e+01,-4.762329e+00
36.96600,4.429902e+02,-2.320415e+02,3.987145e+02,-2.272626e+02,4.427569e+01,-4.778982e+00
36.96700,4.428775e+02,-2.265504e+02,3.986395e+02,-2.217569e+02,4.423796e+01,-4.793509e+00
36.96800,4.427901e+02,-2.197076e+02,3.985897e+02,-2.149019e+02,4.420043e+01,-4.805693e+00
36.96900,4.427174e+02,-2.129941e+02,3.985541e+02,-2.081788e+02,4.416327e+01,-4.815293e+00
36.97000,4.426321e+02,-2.050867e+02,3.985057e+02,-2.002648e+02,4.412638e+01,-4.821967e+00
36.97100,4.425638e+02,-1.980433e+02,3.984739e+02,-1.932177e+02,4.408989e+01,-4.825632e+00
36.97200,4.425063e+02,-1.904383e+02,3.984523e+02,-1.856118e+02,4.405398e+01,-4.826491e+00
36.97300,4.424526e+02,-1.831634e+02,3.984339e+02,-1.783391e+02,4.401866e+01,-4.824293e+00
36.97400,4.423938e+02,-1.759059e+02,3.984099e+02,-1.710871e+02,4.398383e+01,-4.818766e+00
36.97500,4.423373e+02,-1.687103e+02,3.983879e+02,-1.638997e+02,4.394945e+01,-4.810583e+00
36.97600,4.422683e+02,-1.613716e+02,3.983529e+02,-1.565721e+02,4.391546e+01,-4.799491e+00
36.97700,4.422157e+02,-1.536753e+02,3.983334e+02,-1.488905e+02,4.388221e+01,-4.784857e+00
36.97800,4.422727e+02,-1.444218e+02,3.984233e+02,-1.396536e+02,4.384945e+01,-4.768166e+00
36.97900,4.422976e+02,-1.357248e+02,3.984805e+02,-1.309749e+02,4.381703e+01,-4.749960e+00
36.98000,4.422741e+02,-1.280817e+02,3.984889e+02,-1.233519e+02,4.378519e+01,-4.729732e+00
36.98100,4.422498e+02,-1.205275e+02,3.984957e+02,-1.158203e+02,4.375405e+01,-4.707237e+00
36.98200,4.422275e+02,-1.129410e+02,3.985039e+02,-1.082589e+02,4.372362e+01,-4.682083e+00
36.98300,4.422009e+02,-1.046684e+02,3.985070e+02,-1.000139e+02,4.369383e+01,-4.654513e+00
36.98400,4.421843e+02,-9.675020e+01,3.985195e+02,-9.212520e+01,4.366472e+01,-4.624976e+00
36.98500,4.421726e+02,-8.889600e+01,3.985362e+02,-8.430233e+01,4.363634e+01,-4.593621e+00
36.98600,4.421679e+02,-8.108447e+01,3.985591e+02,-7.652447e+01,4.360876e+01,-4.560029e+00
36.98700,4.421633e+02,-7.329413e+01,3.985813e+02,-6.876993e+01,4.358192e+01,-4.524191e+00
36.98800,4.421622e+02,-6.523594e+01,3.986064e+02,-6.075000e+01,4.355582e+01,-4.485943e+00
36.98900,4.421580e+02,-5.705259e+01,3.986276e+02,-5.260780e+01,4.353041e+01,-4.444789e+00
36.99000,4.421633e+02,-4.930785e+01,3.986575e+02,-4.490695e+01,4.350578e+01,-4.400891e+00
36.99100,4.421628e+02,-4.160109e+01,3.986809e+02,-3.724612e+01,4.348185e+01,-4.354964e+00
36.99200,4.421710e+02,-3.385377e+01,3.987123e+02,-2.954717e+01,4.345867e+01,-4.306595e+00
36.99300,4.421861e+02,-2.599697e+01,3.987499e+02,-2.174097e+01,4.343625e+01,-4.256003e+00
36.99400,4.422073e+02,-1.801597e+01,3.987927e+02,-1.381283e+01,4.341462e+01,-4.203140e+00
36.99500,4.421905e+02,-1.044821e+01,3.987972e+02,-6.300377e+00,4.339331e+01,-4.147838e+00
36.99600,4.421741e+02,-2.810476e+00,3.988015e+02,1.279587e+00,4.337266e+01,-4.090063e+00
36.99700,4.420959e+02,4.421422e+00,3.987433e+02,8.451907e+00,4.335251e+01,-4.030482e+00
36.99800,4.420401e+02,1.183843e+01,3.987072e+02,1.580811e+01,4.333297e+01,-3.969680e+00
36.99900,4.420549e+02,1.929340e+01,3.987408e+02,2.320085e+01,4.331415e+01,-3.907442e+00
37.00000,4.420687e+02,2.676538e+01,3.987726e+02,3.060885e+01,4.329609e+01,-3.843477e+00
37.00100,4.420801e+02,3.416094e+01,3.988014e+02,3.793850e+01,4.327873e+01,-3.777559e+00
37.00200,4.420898e+02,4.160141e+01,3.988277e+02,4.531111e+01,4.326204e+01,-3.709707e+00
37.00300,4.420931e+02,4.868974e+01,3.988471e+02,5.232963e+01,4.324596e+01,-3.639884e+00
37.00400,4.421017e+02,5.568279e+01,3.988713e+02,5.925134e+01,4.323052e+01,-3.568549e+00
37.00500,4.421099e+02,6.272775e+01,3.988942e+02,6.622335e+01,4.321573e+01,-3.495589e+00
37.00600,4.421173e+02,6.968620e+01,3.989158e+02,7.310713e+01,4.320154e+01,-3.420944e+00
37.00700,4.421225e+02,7.667273e+01,3.989345e+02,8.001727e+01,4.318791e+01,-3.344528e+00
37.00800,4.421357e+02,8.344747e+01,3.989608e+02,8.671373e+01,4.317490e+01,-3.266313e+00
37.00900,4.421278e+02,8.977827e+01,3.989655e+02,9.296467e+01,4.316232e+01,-3.186367e+00
37.01000,4.421131e+02,9.621613e+01,3.989631e+02,9.932167e+01,4.315002e+01,-3.105545e+00
37.01100,4.421435e+02,1.024776e+02,3.990051e+02,1.055016e+02,4.313841e+01,-3.023951e+00
37.01200,4.421467e+02,1.087677e+02,3.990193e+02,1.117093e+02,4.312739e+01,-2.941686e+00
37.01300,4.421524e+02,1.149609e+02,3.990354e+02,1.178195e+02,4.311695e+01,-2.858587e+00
37.01400,4.421526e+02,1.210001e+02,3.990455e+02,1.237743e+02,4.310704e+01,-2.774186e+00
37.01500,4.421524e+02,1.267987e+02,3.990547e+02,1.294873e+02,4.309762e+01,-2.688557e+00
37.01600,4.421463e+02,1.323825e+02,3.990577e+02,1.349845e+02,4.308859e+01,-2.602031e+00
37.01700,4.421497e+02,1.381176e+02,3.990697e+02,1.406321e+02,4.308004e+01,-2.514477e+00
37.01800,4.421487e+02,1.435958e+02,3.990768e+02,1.460216e+02,4.307191e+01,-2.425805e+00
37.01900,4.421412e+02,1.489781e+02,3.990771e+02,1.513140e+02,4.306413e+01,-2.335878e+00
37.02000,4.421379e+02,1.540281e+02,3.990812e+02,1.562733e+02,4.305673e+01,-2.245179e+00
37.02100,4.421395e+02,1.589629e+02,3.990897e+02,1.611167e+02,4.304975e+01,-2.153771e+00
37.02200,4.421327e+02,1.638601e+02,3.990895e+02,1.659217e+02,4.304311e+01,-2.061675e+00
37.02300,4.421270e+02,1.685634e+02,3.990902e+02,1.705322e+02,4.303683e+01,-1.968797e+00
37.02400,4.421359e+02,1.731475e+02,3.991048e+02,1.750227e+02,4.303107e+01,-1.875250e+00
37.02500,4.421240e+02,1.775969e+02,3.990983e+02,1.793785e+02,4.302573e+01,-1.781555e+00
37.02600,4.421213e+02,1.817029e+02,3.991005e+02,1.833907e+02,4.302087e+01,-1.687741e+00
37.02700,4.421213e+02,1.856158e+02,3.991048e+02,1.872096e+02,4.301654e+01,-1.593811e+00
37.02800,4.420949e+02,1.895307e+02,3.990825e+02,1.910303e+02,4.301247e+01,-1.499644e+00
37.02900,4.420731e+02,1.933121e+02,3.990644e+02,1.947172e+02,4.300867e+01,-1.405077e+00
37.03000,4.420549e+02,1.968223e+02,3.990497e+02,1.981326e+02,4.300521e+01,-1.310246e+00
37.03100,4.420324e+02,2.002812e+02,3.990303e+02,2.014965e+02,4.300219e+01,-1.215295e+00
37.03200,4.419587e+02,2.044927e+02,3.989590e+02,2.056134e+02,4.299974e+01,-1.120724e+00
37.03300,4.419539e+02,2.072526e+02,3.989561e+02,2.082785e+02,4.299779e+01,-1.025849e+00
37.03400,4.420250e+02,2.093565e+02,3.990290e+02,2.102872e+02,4.299600e+01,-9.307680e-01
37.03500,4.421311e+02,2.110693e+02,3.991370e+02,2.119051e+02,4.299411e+01,-8.358240e-01
37.03600,4.421968e+02,2.123226e+02,3.992049e+02,2.130643e+02,4.299191e+01,-7.416433e-01
37.03700,4.421698e+02,2.147793e+02,3.991801e+02,2.154269e+02,4.298971e+01,-6.475421e-01
37.03800,4.421365e+02,2.173635e+02,3.991490e+02,2.179167e+02,4.298749e+01,-5.532186e-01
37.03900,4.421148e+02,2.191707e+02,3.991295e+02,2.196303e+02,4.298533e+01,-4.596581e-01
37.04000,4.421156e+02,2.209333e+02,3.991322e+02,2.213001e+02,4.298343e+01,-3.667538e-01
37.04100,4.421073e+02,2.225010e+02,3.991257e+02,2.227760e+02,4.298170e+01,-2.749932e-01
37.04200,4.421281e+02,2.234172e+02,3.991475e+02,2.236011e+02,4.298057e+01,-1.839411e-01
37.04300,4.421231e+02,2.246656e+02,3.991433e+02,2.247591e+02,4.297980e+01,-9.352367e-02
37.04400,4.421372e+02,2.254249e+02,3.991577e+02,2.254287e+02,4.297953e+01,-3.849479e-03
37.04500,4.421437e+02,2.260428e+02,3.991640e+02,2.259574e+02,4.297971e+01,8.537287e-02
37.04600,4.421528e+02,2.263823e+02,3.991725e+02,2.262082e+02,4.298031e+01,1.740979e-01
37.04700,4.421539e+02,2.269041e+02,3.991725e+02,2.266420e+02,4.298135e+01,2.620749e-01
37.04800,4.422333e+02,2.279459e+02,3.992507e+02,2.275969e+02,4.298262e+01,3.490094e-01
37.04900,4.422525e+02,2.276703e+02,3.992683e+02,2.272350e+02,4.298413e+01,4.353051e-01
37.05000,4.422107e+02,2.267305e+02,3.992247e+02,2.262089e+02,4.298606e+01,5.216182e-01
37.05100,4.422164e+02,2.258688e+02,3.992281e+02,2.252617e+02,4.298829e+01,6.071571e-01
37.05200,4.422284e+02,2.252332e+02,3.992376e+02,2.245414e+02,4.299081e+01,6.918147e-01
37.05300,4.422922e+02,2.236427e+02,3.992982e+02,2.228683e+02,4.299400e+01,7.744100e-01
37.05400,4.423259e+02,2.221595e+02,3.993281e+02,2.213042e+02,4.299779e+01,8.553387e-01
37.05500,4.423607e+02,2.208781e+02,3.993584e+02,2.199438e+02,4.300229e+01,9.343273e-01
37.05600,4.423925e+02,2.194015e+02,3.993851e+02,2.183896e+02,4.300747e+01,1.011926e+00
37.05700,4.424327e+02,2.178891e+02,3.994194e+02,2.168004e+02,4.301337e+01,1.088625e+00
37.05800,4.424581e+02,2.156001e+02,3.994383e+02,2.144359e+02,4.301987e+01,1.164194e+00
37.05900,4.424996e+02,2.134174e+02,3.994725e+02,2.121788e+02,4.302707e+01,1.238629e+00
37.06000,4.425453e+02,2.111232e+02,3.995103e+02,2.098113e+02,4.303497e+01,1.311840e+00
37.06100,4.425987e+02,2.085481e+02,3.995550e+02,2.071645e+02,4.304367e+01,1.383615e+00
37.06200,4.426573e+02,2.052764e+02,3.996042e+02,2.038227e+02,4.305314e+01,1.453731e+00
37.06300,4.427157e+02,2.018968e+02,3.996523e+02,2.003745e+02,4.306336e+01,1.522332e+00
37.06400,4.428007e+02,1.984008e+02,3.997262e+02,1.968115e+02,4.307450e+01,1.589308e+00
37.06500,4.427917e+02,1.957825e+02,3.997059e+02,1.941278e+02,4.308571e+01,1.654741e+00
37.06600,4.427958e+02,1.920254e+02,3.996985e+02,1.903071e+02,4.309727e+01,1.718274e+00
37.06700,4.428794e+02,1.889177e+02,3.997695e+02,1.871379e+02,4.310995e+01,1.779842e+00
37.06800,4.429907e+02,1.854931e+02,3.998665e+02,1.836535e+02,4.312416e+01,1.839613e+00
37.06900,4.430729e+02,1.809855e+02,3.999333e+02,1.790887e+02,4.313953e+01,1.896820e+00
37.07000,4.431722e+02,1.761899e+02,4.000161e+02,1.742381e+02,4.315609e+01,1.951827e+00
37.07100,4.432567e+02,1.712481e+02,4.000831e+02,1.692430e+02,4.317369e+01,2.005136e+00
37.07200,4.433481e+02,1.664171e+02,4.001557e+02,1.643606e+02,4.319239e+01,2.056527e+00
37.07300,4.434357e+02,1.614555e+02,4.002236e+02,1.593497e+02,4.321207e+01,2.105913e+00
37.07400,4.435300e+02,1.564833e+02,4.002973e+02,1.543301e+02,4.323272e+01,2.153263e+00
37.07500,4.436299e+02,1.509715e+02,4.003755e+02,1.487731e+02,4.325439e+01,2.198359e+00
37.07600,4.437427e+02,1.453911e+02,4.004656e+02,1.431500e+02,4.327717e+01,2.241175e+00
37.07700,4.438489e+02,1.398063e+02,4.005479e+02,1.375247e+02,4.330099e+01,2.281571e+00
37.07800,4.439821e+02,1.337677e+02,4.006561e+02,1.314482e+02,4.332605e+01,2.319555e+00
37.07900,4.440453e+02,1.285444e+02,4.006935e+02,1.261885e+02,4.335174e+01,2.355834e+00
37.08000,4.441426e+02,1.225749e+02,4.007644e+02,1.201856e+02,4.337821e+01,2.389313e+00
37.08100,4.442621e+02,1.162896e+02,4.008565e+02,1.138699e+02,4.340567e+01,2.419714e+00
37.08200,4.443863e+02,1.098897e+02,4.009521e+02,1.074431e+02,4.343421e+01,2.446539e+00
37.08300,4.445113e+02,1.037325e+02,4.010473e+02,1.012617e+02,4.346392e+01,2.470851e+00
37.08400,4.446228e+02,9.722700e+01,4.011280e+02,9.473427e+01,4.349476e+01,2.492718e+00
37.08500,4.448143e+02,8.897167e+01,4.012876e+02,8.646000e+01,4.352670e+01,2.511685e+00
37.08600,4.449870e+02,8.135407e+01,4.014272e+02,7.882680e+01,4.355979e+01,2.527289e+00
37.08700,4.451273e+02,7.435080e+01,4.015333e+02,7.181073e+01,4.359401e+01,2.540096e+00
37.08800,4.452697e+02,6.730420e+01,4.016405e+02,6.475412e+01,4.362930e+01,2.550100e+00
37.08900,4.454141e+02,5.957648e+01,4.017485e+02,5.701953e+01,4.366561e+01,2.556949e+00
37.09000,4.455665e+02,5.202578e+01,4.018637e+02,4.946515e+01,4.370291e+01,2.560631e+00
37.09100,4.457267e+02,4.413621e+01,4.019854e+02,4.157507e+01,4.374122e+01,2.561131e+00
37.09200,4.458703e+02,3.666867e+01,4.020900e+02,3.411010e+01,4.378033e+01,2.558575e+00
37.09300,4.460289e+02,2.905837e+01,4.022087e+02,2.650548e+01,4.382030e+01,2.552890e+00
37.09400,4.461849e+02,2.123989e+01,4.023239e+02,1.869597e+01,4.386104e+01,2.543917e+00
37.09500,4.463439e+02,1.336157e+01,4.024414e+02,1.083001e+01,4.390255e+01,2.531551e+00
37.09600,4.465033e+02,5.206558e+00,4.025585e+02,2.690746e+00,4.394479e+01,2.515812e+00
37.09700,4.466640e+02,-3.240085e+00,4.026763e+02,-5.736247e+00,4.398773e+01,2.496162e+00
37.09800,4.468257e+02,-1.167105e+01,4.027943e+02,-1.414435e+01,4.403138e+01,2.473305e+00
37.09900,4.469871e+02,-2.004511e+01,4.029115e+02,-2.249221e+01,4.407567e+01,2.447102e+00
37.10000,4.471412e+02,-2.843658e+01,4.030208e+02,-3.085444e+01,4.412036e+01,2.417862e+00
37.10100,4.473378e+02,-3.643305e+01,4.031724e+02,-3.881978e+01,4.416540e+01,2.386733e+00
37.10200,4.475165e+02,-4.486005e+01,4.033058e+02,-4.721291e+01,4.421070e+01,2.352863e+00
37.10300,4.475869e+02,-5.342557e+01,4.033303e+02,-5.574190e+01,4.425662e+01,2.316333e+00
37.10400,4.477175e+02,-6.196737e+01,4.034146e+02,-6.424444e+01,4.430285e+01,2.277065e+00
37.10500,4.478686e+02,-7.065120e+01,4.035193e+02,-7.288593e+01,4.434931e+01,2.234721e+00
37.10600,4.479330e+02,-7.920193e+01,4.035367e+02,-8.139147e+01,4.439628e+01,2.189501e+00
37.10700,4.481030e+02,-8.770220e+01,4.036600e+02,-8.984413e+01,4.444301e+01,2.141937e+00
37.10800,4.482460e+02,-9.597733e+01,4.037564e+02,-9.806853e+01,4.448965e+01,2.091196e+00
37.10900,4.483742e+02,-1.043458e+02,4.038379e+02,-1.063830e+02,4.453623e+01,2.037225e+00
37.11000,4.484963e+02,-1.128122e+02,4.039138e+02,-1.147922e+02,4.458258e+01,1.980016e+00
37.11100,4.486114e+02,-1.213629e+02,4.039829e+02,-1.232831e+02,4.462849e+01,1.920143e+00
37.11200,4.487632e+02,-1.301516e+02,4.040889e+02,-1.320089e+02,4.467436e+01,1.857228e+00
37.11300,4.489149e+02,-1.388795e+02,4.041946e+02,-1.406713e+02,4.472033e+01,1.791803e+00
37.11400,4.490511e+02,-1.472543e+02,4.042849e+02,-1.489781e+02,4.476624e+01,1.723873e+00
37.11500,4.491283e+02,-1.552709e+02,4.043169e+02,-1.569247e+02,4.481137e+01,1.653926e+00
37.11600,4.492157e+02,-1.633214e+02,4.043603e+02,-1.649031e+02,4.485552e+01,1.581653e+00
37.11700,4.493672e+02,-1.715815e+02,4.044679e+02,-1.730881e+02,4.489927e+01,1.506555e+00
37.11800,4.494538e+02,-1.798051e+02,4.045113e+02,-1.812339e+02,4.494247e+01,1.428864e+00
37.11900,4.495282e+02,-1.872966e+02,4.045431e+02,-1.886459e+02,4.498507e+01,1.349257e+00
37.12000,4.496079e+02,-1.952247e+02,4.045811e+02,-1.964922e+02,4.502681e+01,1.267517e+00
37.12100,4.496854e+02,-2.030889e+02,4.046179e+02,-2.042725e+02,4.506754e+01,1.183562e+00
37.12200,4.497426e+02,-2.107247e+02,4.046356e+02,-2.118219e+02,4.510697e+01,1.097219e+00
37.12300,4.498059e+02,-2.182291e+02,4.046608e+02,-2.192378e+02,4.514516e+01,1.008635e+00
37.12400,4.498627e+02,-2.254649e+02,4.046807e+02,-2.263829e+02,4.518211e+01,9.179053e-01
37.12500,4.499135e+02,-2.329882e+02,4.046957e+02,-2.338129e+02,4.521781e+01,8.246633e-01
37.12600,4.499573e+02,-2.402016e+02,4.047051e+02,-2.409310e+02,4.525217e+01,7.294287e-01
37.12700,4.499978e+02,-2.472579e+02,4.047126e+02,-2.478903e+02,4.528517e+01,6.324115e-01
37.12800,4.500259e+02,-2.540639e+02,4.047092e+02,-2.545974e+02,4.531671e+01,5.335512e-01
37.12900,4.500471e+02,-2.607531e+02,4.047003e+02,-2.611865e+02,4.534671e+01,4.333399e-01
37.13000,4.500638e+02,-2.672633e+02,4.046886e+02,-2.675953e+02,4.537526e+01,3.320623e-01
37.13100,4.500685e+02,-2.737776e+02,4.046663e+02,-2.740073e+02,4.540223e+01,2.296830e-01
37.13200,4.500723e+02,-2.801397e+02,4.046447e+02,-2.802660e+02,4.542771e+01,1.263102e-01
37.13300,4.500615e+02,-2.860871e+02,4.046100e+02,-2.861093e+02,4.545151e+01,2.224357e-02
37.13400,4.500455e+02,-2.918511e+02,4.045719e+02,-2.917683e+02,4.547363e+01,-8.278360e-02
37.13500,4.500315e+02,-2.975693e+02,4.045373e+02,-2.973805e+02,4.549419e+01,-1.888832e-01
37.13600,4.499969e+02,-3.029580e+02,4.044839e+02,-3.026620e+02,4.551298e+01,-2.960061e-01
37.13700,4.499623e+02,-3.080284e+02,4.044323e+02,-3.076244e+02,4.553001e+01,-4.040335e-01
37.13800,4.499097e+02,-3.133395e+02,4.043645e+02,-3.128262e+02,4.554510e+01,-5.132430e-01
37.13900,4.498609e+02,-3.179769e+02,4.043026e+02,-3.173532e+02,4.555839e+01,-6.236499e-01
37.14000,4.498072e+02,-3.224928e+02,4.042373e+02,-3.217585e+02,4.556991e+01,-7.342860e-01
37.14100,4.497470e+02,-3.267870e+02,4.041673e+02,-3.259419e+02,4.557967e+01,-8.451647e-01
37.14200,4.496703e+02,-3.309281e+02,4.040827e+02,-3.299719e+02,4.558751e+01,-9.562100e-01
37.14300,4.495911e+02,-3.348517e+02,4.039975e+02,-3.337839e+02,4.559349e+01,-1.067810e+00
37.14400,4.495091e+02,-3.386030e+02,4.039114e+02,-3.374229e+02,4.559766e+01,-1.180147e+00
37.14500,4.494199e+02,-3.420958e+02,4.038199e+02,-3.408023e+02,4.560003e+01,-1.293484e+00
37.14600,4.493195e+02,-3.454517e+02,4.037189e+02,-3.440457e+02,4.560059e+01,-1.406065e+00
37.14700,4.492078e+02,-3.487631e+02,4.036085e+02,-3.472450e+02,4.559931e+01,-1.518042e+00
37.14800,4.490937e+02,-3.515949e+02,4.034975e+02,-3.499653e+02,4.559630e+01,-1.629580e+00
37.14900,4.489769e+02,-3.526059e+02,4.033853e+02,-3.508672e+02,4.559159e+01,-1.738697e+00
37.15000,4.488609e+02,-3.537548e+02,4.032757e+02,-3.519090e+02,4.558523e+01,-1.845760e+00
37.15100,4.487401e+02,-3.552237e+02,4.031629e+02,-3.532724e+02,4.557715e+01,-1.951358e+00
37.15200,4.486151e+02,-3.574231e+02,4.030477e+02,-3.553673e+02,4.556737e+01,-2.055800e+00
37.15300,4.484840e+02,-3.590487e+02,4.029281e+02,-3.568889e+02,4.555592e+01,-2.159794e+00
37.15400,4.483411e+02,-3.603383e+02,4.027983e+02,-3.580746e+02,4.554275e+01,-2.263637e+00
37.15500,4.481900e+02,-3.612562e+02,4.026621e+02,-3.588889e+02,4.552785e+01,-2.367305e+00
37.15600,4.480459e+02,-3.619799e+02,4.025344e+02,-3.595098e+02,4.551146e+01,-2.470146e+00
37.15700,4.478718e+02,-3.624676e+02,4.023781e+02,-3.598962e+02,4.549367e+01,-2.571421e+00
37.15800,4.476599e+02,-3.622917e+02,4.021853e+02,-3.596207e+02,4.547457e+01,-2.671061e+00
37.15900,4.476727e+02,-3.639183e+02,4.022196e+02,-3.611483e+02,4.545309e+01,-2.769947e+00
37.16000,4.475297e+02,-3.633324e+02,4.020995e+02,-3.604649e+02,4.543015e+01,-2.867457e+00
37.16100,4.473818e+02,-3.629517e+02,4.019759e+02,-3.599880e+02,4.540595e+01,-2.963683e+00
37.16200,4.472172e+02,-3.619871e+02,4.018369e+02,-3.589288e+02,4.538033e+01,-3.058361e+00
37.16300,4.470391e+02,-3.609172e+02,4.016859e+02,-3.577664e+02,4.535319e+01,-3.150805e+00
37.16400,4.468828e+02,-3.601183e+02,4.015581e+02,-3.568770e+02,4.532473e+01,-3.241347e+00
37.16500,4.467385e+02,-3.586605e+02,4.014433e+02,-3.553307e+02,4.529520e+01,-3.329806e+00
37.16600,4.466480e+02,-3.558845e+02,4.013835e+02,-3.524697e+02,4.526447e+01,-3.414797e+00
37.16700,4.464277e+02,-3.546891e+02,4.011944e+02,-3.511915e+02,4.523329e+01,-3.497565e+00
37.16800,4.461879e+02,-3.511240e+02,4.009869e+02,-3.475464e+02,4.520101e+01,-3.577611e+00
37.16900,4.460272e+02,-3.486169e+02,4.008594e+02,-3.449613e+02,4.516781e+01,-3.655522e+00
37.17000,4.458687e+02,-3.458630e+02,4.007349e+02,-3.421316e+02,4.513378e+01,-3.731397e+00
37.17100,4.456983e+02,-3.428987e+02,4.005995e+02,-3.390937e+02,4.509878e+01,-3.804997e+00
37.17200,4.455799e+02,-3.405468e+02,4.005165e+02,-3.366702e+02,4.506346e+01,-3.876556e+00
37.17300,4.454078e+02,-3.370044e+02,4.003804e+02,-3.330587e+02,4.502746e+01,-3.945749e+00
37.17400,4.452725e+02,-3.336794e+02,4.002815e+02,-3.296665e+02,4.499101e+01,-4.012956e+00
37.17500,4.451017e+02,-3.291803e+02,4.001477e+02,-3.251025e+02,4.495389e+01,-4.077710e+00
37.17600,4.449587e+02,-3.252309e+02,4.000424e+02,-3.210910e+02,4.491629e+01,-4.139991e+00
37.17700,4.448284e+02,-3.215619e+02,3.999500e+02,-3.173619e+02,4.487842e+01,-4.200107e+00
37.17800,4.446966e+02,-3.166482e+02,3.998564e+02,-3.123905e+02,4.484015e+01,-4.257739e+00
37.17900,4.445333e+02,-3.119327e+02,3.997321e+02,-3.076200e+02,4.480122e+01,-4.312702e+00
37.18000,4.444145e+02,-3.073893e+02,3.996523e+02,-3.030248e+02,4.476211e+01,-4.364497e+00
37.18100,4.443206e+02,-3.031446e+02,3.995976e+02,-2.987314e+02,4.472298e+01,-4.413260e+00
37.18200,4.441309e+02,-2.967452e+02,3.994472e+02,-2.922863e+02,4.468365e+01,-4.458936e+00
37.18300,4.439893e+02,-2.909450e+02,3.993447e+02,-2.864435e+02,4.464453e+01,-4.501425e+00
37.18400,4.438093e+02,-2.850547e+02,3.992039e+02,-2.805133e+02,4.460533e+01,-4.541383e+00
37.18500,4.436996e+02,-2.794520e+02,3.991335e+02,-2.748729e+02,4.456613e+01,-4.579123e+00
37.18600,4.435886e+02,-2.737651e+02,3.990617e+02,-2.691503e+02,4.452693e+01,-4.614775e+00
37.18700,4.434882e+02,-2.680939e+02,3.990003e+02,-2.634459e+02,4.448786e+01,-4.648059e+00
37.18800,4.433889e+02,-2.626097e+02,3.989400e+02,-2.579308e+02,4.444895e+01,-4.678926e+00
37.18900,4.432824e+02,-2.555835e+02,3.988723e+02,-2.508769e+02,4.441013e+01,-4.706615e+00
37.19000,4.431856e+02,-2.492406e+02,3.988141e+02,-2.445093e+02,4.437146e+01,-4.731276e+00
37.19100,4.430825e+02,-2.421633e+02,3.987497e+02,-2.374105e+02,4.433281e+01,-4.752819e+00
37.19200,4.430082e+02,-2.353582e+02,3.987137e+02,-2.305871e+02,4.429450e+01,-4.771152e+00
37.19300,4.429365e+02,-2.293204e+02,3.986797e+02,-2.245337e+02,4.425681e+01,-4.786714e+00
37.19400,4.428306e+02,-2.230722e+02,3.986115e+02,-2.182721e+02,4.421915e+01,-4.800091e+00
37.19500,4.427521e+02,-2.163654e+02,3.985703e+02,-2.115544e+02,4.418177e+01,-4.811035e+00
37.19600,4.426749e+02,-2.090182e+02,3.985303e+02,-2.041991e+02,4.414473e+01,-4.819078e+00
37.19700,4.425961e+02,-2.014469e+02,3.984881e+02,-1.966226e+02,4.410801e+01,-4.824251e+00
37.19800,4.425340e+02,-1.940931e+02,3.984623e+02,-1.892667e+02,4.407179e+01,-4.826421e+00
37.19900,4.424792e+02,-1.867461e+02,3.984431e+02,-1.819203e+02,4.403617e+01,-4.825828e+00
37.20000,4.424250e+02,-1.795505e+02,3.984239e+02,-1.747286e+02,4.400111e+01,-4.821895e+00
37.20100,4.423656e+02,-1.721858e+02,3.983991e+02,-1.673709e+02,4.396652e+01,-4.814960e+00
37.20200,4.423077e+02,-1.652505e+02,3.983754e+02,-1.604451e+02,4.393238e+01,-4.805468e+00
37.20300,4.422423e+02,-1.572551e+02,3.983436e+02,-1.524626e+02,4.389876e+01,-4.792540e+00
37.20400,4.422372e+02,-1.490682e+02,3.983715e+02,-1.442914e+02,4.386573e+01,-4.776809e+00
37.20500,4.422705e+02,-1.400532e+02,3.984373e+02,-1.352941e+02,4.383315e+01,-4.759086e+00
37.20600,4.422897e+02,-1.319739e+02,3.984888e+02,-1.272339e+02,4.380099e+01,-4.739940e+00
37.20700,4.422630e+02,-1.241747e+02,3.984935e+02,-1.194561e+02,4.376946e+01,-4.718573e+00
37.20800,4.422408e+02,-1.167441e+02,3.985021e+02,-1.120492e+02,4.373867e+01,-4.694892e+00
37.20900,4.422130e+02,-1.087004e+02,3.985045e+02,-1.040320e+02,4.370853e+01,-4.668393e+00
37.21000,4.421927e+02,-1.006407e+02,3.985136e+02,-9.600087e+01,4.367908e+01,-4.639907e+00
37.21100,4.421762e+02,-9.279040e+01,3.985259e+02,-8.818087e+01,4.365031e+01,-4.609520e+00
37.21200,4.421711e+02,-8.491460e+01,3.985487e+02,-8.033753e+01,4.362234e+01,-4.577048e+00
37.21300,4.421645e+02,-7.715380e+01,3.985693e+02,-7.261153e+01,4.359513e+01,-4.542271e+00
37.21400,4.421636e+02,-6.929453e+01,3.985949e+02,-6.478930e+01,4.356869e+01,-4.505234e+00
37.21500,4.421592e+02,-6.112029e+01,3.986163e+02,-5.665467e+01,4.354291e+01,-4.465618e+00
37.21600,4.421634e+02,-5.299983e+01,3.986455e+02,-4.857697e+01,4.351794e+01,-4.422857e+00
37.21700,4.421609e+02,-4.550582e+01,3.986673e+02,-4.112789e+01,4.349365e+01,-4.377935e+00
37.21800,4.421672e+02,-3.766537e+01,3.986971e+02,-3.333455e+01,4.347011e+01,-4.330815e+00
37.21900,4.421766e+02,-2.981593e+01,3.987293e+02,-2.553462e+01,4.344729e+01,-4.281305e+00
37.22000,4.421967e+02,-2.198089e+01,3.987715e+02,-1.775129e+01,4.342527e+01,-4.229591e+00
37.22100,4.421973e+02,-1.425332e+01,3.987935e+02,-1.007777e+01,4.340381e+01,-4.175547e+00
37.22200,4.422045e+02,-6.561447e+00,3.988217e+02,-2.442535e+00,4.338280e+01,-4.118911e+00
37.22300,4.421279e+02,8.548500e-01,3.987655e+02,4.914931e+00,4.336248e+01,-4.060081e+00
37.22400,4.420435e+02,8.135067e+00,3.987009e+02,1.213490e+01,4.334259e+01,-3.999829e+00
37.22500,4.420505e+02,1.559191e+01,3.987271e+02,1.953029e+01,4.332340e+01,-3.938389e+00
37.22600,4.420663e+02,2.328803e+01,3.987613e+02,2.716330e+01,4.330499e+01,-3.875271e+00
37.22700,4.420780e+02,3.044065e+01,3.987907e+02,3.425099e+01,4.328731e+01,-3.810342e+00
37.22800,4.420872e+02,3.793883e+01,3.988169e+02,4.168225e+01,4.327031e+01,-3.743431e+00
37.22900,4.420905e+02,4.521499e+01,3.988365e+02,4.888958e+01,4.325393e+01,-3.674595e+00
37.23000,4.420963e+02,5.221332e+01,3.988582e+02,5.581726e+01,4.323815e+01,-3.603939e+00
37.23100,4.421071e+02,5.921076e+01,3.988840e+02,6.274259e+01,4.322305e+01,-3.531823e+00
37.23200,4.421141e+02,6.627873e+01,3.989055e+02,6.973673e+01,4.320857e+01,-3.458011e+00
37.23300,4.421193e+02,7.320673e+01,3.989246e+02,7.658920e+01,4.319465e+01,-3.382472e+00
37.23400,4.421301e+02,8.022073e+01,3.989488e+02,8.352587e+01,4.318135e+01,-3.305103e+00
37.23500,4.421337e+02,8.668113e+01,3.989652e+02,8.990720e+01,4.316857e+01,-3.226048e+00
37.23600,4.421242e+02,9.302587e+01,3.989681e+02,9.617133e+01,4.315615e+01,-3.145476e+00
37.23700,4.421284e+02,9.940220e+01,3.989842e+02,1.024665e+02,4.314422e+01,-3.064321e+00
37.23800,4.421419e+02,1.056366e+02,3.990091e+02,1.086188e+02,4.313288e+01,-2.982227e+00
37.23900,4.421480e+02,1.119330e+02,3.990259e+02,1.148327e+02,4.312214e+01,-2.899641e+00
37.24000,4.421535e+02,1.180363e+02,3.990415e+02,1.208523e+02,4.311198e+01,-2.815979e+00
37.24100,4.421528e+02,1.238975e+02,3.990505e+02,1.266283e+02,4.310233e+01,-2.730821e+00
37.24200,4.421482e+02,1.295176e+02,3.990551e+02,1.321624e+02,4.309311e+01,-2.644847e+00
37.24300,4.421479e+02,1.352865e+02,3.990635e+02,1.378443e+02,4.308431e+01,-2.557837e+00
37.24400,4.421485e+02,1.409037e+02,3.990725e+02,1.433735e+02,4.307597e+01,-2.469738e+00
37.24500,4.421459e+02,1.463466e+02,3.990779e+02,1.487271e+02,4.306801e+01,-2.380525e+00
37.24600,4.421388e+02,1.516001e+02,3.990784e+02,1.538903e+02,4.306041e+01,-2.290240e+00
37.24700,4.421373e+02,1.564945e+02,3.990841e+02,1.586937e+02,4.305320e+01,-2.199145e+00
37.24800,4.421362e+02,1.615704e+02,3.990898e+02,1.636777e+02,4.304639e+01,-2.107313e+00
37.24900,4.421311e+02,1.663156e+02,3.990911e+02,1.683305e+02,4.303994e+01,-2.014892e+00
37.25000,4.421277e+02,1.708246e+02,3.990939e+02,1.727460e+02,4.303388e+01,-1.921437e+00
37.25100,4.421334e+02,1.754653e+02,3.991050e+02,1.772931e+02,4.302837e+01,-1.827737e+00
37.25200,4.421263e+02,1.798251e+02,3.991029e+02,1.815591e+02,4.302334e+01,-1.734039e+00
37.25300,4.421183e+02,1.837127e+02,3.990995e+02,1.853529e+02,4.301873e+01,-1.640191e+00
37.25400,4.421106e+02,1.876155e+02,3.990961e+02,1.891617e+02,4.301454e+01,-1.546173e+00
37.25500,4.420837e+02,1.914514e+02,3.990731e+02,1.929033e+02,4.301061e+01,-1.451860e+00
37.25600,4.420635e+02,1.950660e+02,3.990565e+02,1.964231e+02,4.300695e+01,-1.357159e+00
37.25700,4.420455e+02,1.985017e+02,3.990418e+02,1.997640e+02,4.300370e+01,-1.262241e+00
37.25800,4.420108e+02,2.021947e+02,3.990099e+02,2.033619e+02,4.300093e+01,-1.167316e+00
37.25900,4.419454e+02,2.060443e+02,3.989467e+02,2.071169e+02,4.299873e+01,-1.072620e+00
37.26000,4.419597e+02,2.085815e+02,3.989627e+02,2.095590e+02,4.299698e+01,-9.775733e-01
37.26100,4.420757e+02,2.102912e+02,3.990805e+02,2.111738e+02,4.299518e+01,-8.825913e-01
37.26200,4.421965e+02,2.115272e+02,3.992035e+02,2.123153e+02,4.299303e+01,-7.881000e-01
37.26300,4.421808e+02,2.131421e+02,3.991901e+02,2.138366e+02,4.299077e+01,-6.944933e-01
37.26400,4.421548e+02,2.164713e+02,3.991661e+02,2.170713e+02,4.298867e+01,-6.000107e-01
37.26500,4.421170e+02,2.182949e+02,3.991306e+02,2.188010e+02,4.298645e+01,-5.060315e-01
37.26600,4.421144e+02,2.201107e+02,3.991299e+02,2.205235e+02,4.298442e+01,-4.128307e-01
37.26700,4.421157e+02,2.217477e+02,3.991330e+02,2.220683e+02,4.298267e+01,-3.206291e-01
37.26800,4.421204e+02,2.229555e+02,3.991391e+02,2.231846e+02,4.298130e+01,-2.291519e-01
37.26900,4.421247e+02,2.240839e+02,3.991444e+02,2.242222e+02,4.298034e+01,-1.383571e-01
37.27000,4.421285e+02,2.251135e+02,3.991487e+02,2.251618e+02,4.297979e+01,-4.824605e-02
37.27100,4.421399e+02,2.257585e+02,3.991602e+02,2.257173e+02,4.297971e+01,4.122483e-02
37.27200,4.421485e+02,2.262301e+02,3.991685e+02,2.260999e+02,4.298009e+01,1.301553e-01
37.27300,4.421557e+02,2.266586e+02,3.991748e+02,2.264401e+02,4.298089e+01,2.185123e-01
37.27400,4.421347e+02,2.269085e+02,3.991524e+02,2.266025e+02,4.298223e+01,3.058972e-01
37.27500,4.422817e+02,2.283384e+02,3.992981e+02,2.279461e+02,4.298358e+01,3.923315e-01
37.27600,4.422166e+02,2.268751e+02,3.992313e+02,2.263963e+02,4.298533e+01,4.787506e-01
37.27700,4.422165e+02,2.262293e+02,3.992291e+02,2.256647e+02,4.298739e+01,5.646187e-01
37.27800,4.422069e+02,2.258775e+02,3.992172e+02,2.252275e+02,4.298965e+01,6.499782e-01
37.27900,4.422655e+02,2.244487e+02,3.992730e+02,2.237151e+02,4.299247e+01,7.336253e-01
37.28000,4.423181e+02,2.229119e+02,3.993221e+02,2.220966e+02,4.299601e+01,8.152793e-01
37.28100,4.423342e+02,2.212935e+02,3.993343e+02,2.203983e+02,4.299991e+01,8.951680e-01
37.28200,4.423814e+02,2.202437e+02,3.993767e+02,2.192703e+02,4.300472e+01,9.734420e-01
37.28300,4.424125e+02,2.186139e+02,3.994023e+02,2.175633e+02,4.301023e+01,1.050619e+00
37.28400,4.424489e+02,2.168897e+02,3.994325e+02,2.157629e+02,4.301645e+01,1.126684e+00
37.28500,4.424803e+02,2.145277e+02,3.994570e+02,2.133260e+02,4.302332e+01,1.201755e+00
37.28600,4.425245e+02,2.122489e+02,3.994935e+02,2.109733e+02,4.303090e+01,1.275596e+00
37.28700,4.425731e+02,2.100534e+02,3.995339e+02,2.087052e+02,4.303923e+01,1.348229e+00
37.28800,4.426275e+02,2.066511e+02,3.995791e+02,2.052321e+02,4.304831e+01,1.419015e+00
37.28900,4.426879e+02,2.037419e+02,3.996297e+02,2.022535e+02,4.305817e+01,1.488388e+00
37.29000,4.427541e+02,2.001815e+02,3.996853e+02,1.986253e+02,4.306883e+01,1.556207e+00
37.29100,4.428265e+02,1.968235e+02,3.997463e+02,1.952011e+02,4.308029e+01,1.622365e+00
37.29200,4.427833e+02,1.940205e+02,3.996918e+02,1.923335e+02,4.309152e+01,1.686995e+00
37.29300,4.428263e+02,1.907016e+02,3.997227e+02,1.889521e+02,4.310357e+01,1.749551e+00
37.29400,4.429369e+02,1.873066e+02,3.998198e+02,1.854963e+02,4.311706e+01,1.810308e+00
37.29500,4.430307e+02,1.831985e+02,3.998988e+02,1.813299e+02,4.313182e+01,1.868552e+00
37.29600,4.431220e+02,1.784631e+02,3.999742e+02,1.765385e+02,4.314777e+01,1.924560e+00
37.29700,4.432147e+02,1.738243e+02,4.000498e+02,1.718455e+02,4.316483e+01,1.978751e+00
37.29800,4.433025e+02,1.687723e+02,4.001195e+02,1.667412e+02,4.318298e+01,2.031125e+00
37.29900,4.433955e+02,1.639791e+02,4.001933e+02,1.618976e+02,4.320223e+01,2.081539e+00
37.30000,4.434835e+02,1.589091e+02,4.002611e+02,1.567791e+02,4.322242e+01,2.129913e+00
37.30100,4.435799e+02,1.537981e+02,4.003363e+02,1.516219e+02,4.324358e+01,2.176181e+00
37.30200,4.436853e+02,1.481444e+02,4.004195e+02,1.459243e+02,4.326579e+01,2.220151e+00
37.30300,4.437932e+02,1.425593e+02,4.005041e+02,1.402975e+02,4.328907e+01,2.261771e+00
37.30400,4.439120e+02,1.369229e+02,4.005985e+02,1.346220e+02,4.331347e+01,2.300880e+00
37.30500,4.440283e+02,1.309161e+02,4.006893e+02,1.285782e+02,4.333897e+01,2.337888e+00
37.30600,4.440862e+02,1.257105e+02,4.007212e+02,1.233376e+02,4.336501e+01,2.372925e+00
37.30700,4.442034e+02,1.193621e+02,4.008114e+02,1.169572e+02,4.339197e+01,2.404857e+00
37.30800,4.443222e+02,1.130049e+02,4.009023e+02,1.105712e+02,4.341993e+01,2.433629e+00
37.30900,4.444536e+02,1.067129e+02,4.010045e+02,1.042539e+02,4.344909e+01,2.459090e+00
37.31000,4.445715e+02,1.004133e+02,4.010921e+02,9.793127e+01,4.347939e+01,2.482041e+00
37.31100,4.447151e+02,9.314360e+01,4.012043e+02,9.064113e+01,4.351081e+01,2.502508e+00
37.31200,4.449072e+02,8.504653e+01,4.013639e+02,8.252687e+01,4.354333e+01,2.519653e+00
37.31300,4.450559e+02,7.785093e+01,4.014789e+02,7.531713e+01,4.357700e+01,2.533809e+00
37.31400,4.451986e+02,7.102760e+01,4.015868e+02,6.848227e+01,4.361177e+01,2.545316e+00
37.31500,4.453417e+02,6.329056e+01,4.016941e+02,6.073682e+01,4.364758e+01,2.553741e+00
37.31600,4.454895e+02,5.579656e+01,4.018051e+02,5.323754e+01,4.368438e+01,2.559020e+00
37.31700,4.456443e+02,4.810829e+01,4.019221e+02,4.554717e+01,4.372217e+01,2.561119e+00
37.31800,4.458099e+02,4.022255e+01,4.020489e+02,3.766255e+01,4.376098e+01,2.560009e+00
37.31900,4.459478e+02,3.286566e+01,4.021473e+02,3.030978e+01,4.380053e+01,2.555874e+00
37.32000,4.461064e+02,2.512277e+01,4.022655e+02,2.257414e+01,4.384088e+01,2.548630e+00
37.32100,4.462620e+02,1.744584e+01,4.023800e+02,1.490783e+01,4.388197e+01,2.538003e+00
37.32200,4.464239e+02,9.281693e+00,4.025001e+02,6.757667e+00,4.392384e+01,2.524029e+00
37.32300,4.465853e+02,9.533033e-01,4.026189e+02,-1.552747e+00,4.396645e+01,2.506050e+00
37.32400,4.467453e+02,-7.533907e+00,4.027356e+02,-1.001879e+01,4.400976e+01,2.484879e+00
37.32500,4.469067e+02,-1.590787e+01,4.028529e+02,-1.836825e+01,4.405372e+01,2.460375e+00
37.32600,4.470679e+02,-2.430231e+01,4.029695e+02,-2.673490e+01,4.409831e+01,2.432597e+00
37.32700,4.472425e+02,-3.239933e+01,4.030993e+02,-3.480185e+01,4.414321e+01,2.402513e+00
37.32800,4.474269e+02,-4.072605e+01,4.032385e+02,-4.309613e+01,4.418838e+01,2.370084e+00
37.32900,4.475519e+02,-4.911369e+01,4.033179e+02,-5.144856e+01,4.423398e+01,2.334869e+00
37.33000,4.476568e+02,-5.784881e+01,4.033767e+02,-6.014575e+01,4.428009e+01,2.296936e+00
37.33100,4.477929e+02,-6.641097e+01,4.034665e+02,-6.866707e+01,4.432643e+01,2.256095e+00
37.33200,4.478949e+02,-7.494467e+01,4.035217e+02,-7.715693e+01,4.437316e+01,2.212295e+00
37.33300,4.480261e+02,-8.350373e+01,4.036061e+02,-8.566953e+01,4.442005e+01,2.165761e+00
37.33400,4.481731e+02,-9.190107e+01,4.037065e+02,-9.401787e+01,4.446666e+01,2.116764e+00
37.33500,4.483101e+02,-1.001807e+02,4.037968e+02,-1.022451e+02,4.451327e+01,2.064389e+00
37.33600,4.484360e+02,-1.086425e+02,4.038763e+02,-1.106513e+02,4.455974e+01,2.008797e+00
37.33700,4.485556e+02,-1.170265e+02,4.039497e+02,-1.189767e+02,4.460588e+01,1.950197e+00
37.33800,4.486824e+02,-1.258716e+02,4.040307e+02,-1.277604e+02,4.465171e+01,1.888795e+00
37.33900,4.488403e+02,-1.344913e+02,4.041427e+02,-1.363159e+02,4.469760e+01,1.824604e+00
37.34000,4.489836e+02,-1.431896e+02,4.042401e+02,-1.449475e+02,4.474353e+01,1.757869e+00
37.34100,4.491003e+02,-1.513677e+02,4.043111e+02,-1.530564e+02,4.478915e+01,1.688671e+00
37.34200,4.491553e+02,-1.593017e+02,4.043216e+02,-1.609193e+02,4.483367e+01,1.617651e+00
37.34300,4.492985e+02,-1.674705e+02,4.044209e+02,-1.690145e+02,4.487760e+01,1.544013e+00
37.34400,4.494191e+02,-1.759212e+02,4.044980e+02,-1.773887e+02,4.492105e+01,1.467501e+00
37.34500,4.494911e+02,-1.834232e+02,4.045271e+02,-1.848120e+02,4.496405e+01,1.388809e+00
37.34600,4.495692e+02,-1.912756e+02,4.045629e+02,-1.925837e+02,4.500626e+01,1.308139e+00
37.34700,4.496487e+02,-1.992776e+02,4.046012e+02,-2.005029e+02,4.504753e+01,1.225270e+00
37.34800,4.497162e+02,-2.068781e+02,4.046286e+02,-2.080183e+02,4.508763e+01,1.140161e+00
37.34900,4.497760e+02,-2.145155e+02,4.046496e+02,-2.155682e+02,4.512645e+01,1.052702e+00
37.35000,4.498367e+02,-2.218357e+02,4.046726e+02,-2.227987e+02,4.516406e+01,9.630047e-01
37.35100,4.498884e+02,-2.292777e+02,4.046880e+02,-2.301489e+02,4.520039e+01,8.711013e-01
37.35200,4.499346e+02,-2.366308e+02,4.046992e+02,-2.374075e+02,4.523540e+01,7.767187e-01
37.35300,4.499777e+02,-2.438576e+02,4.047086e+02,-2.445383e+02,4.526908e+01,6.806380e-01
37.35400,4.500133e+02,-2.507444e+02,4.047119e+02,-2.513271e+02,4.530134e+01,5.826655e-01
37.35500,4.500354e+02,-2.574439e+02,4.047033e+02,-2.579269e+02,4.533207e+01,4.830108e-01
37.35600,4.500572e+02,-2.640114e+02,4.046959e+02,-2.643937e+02,4.536136e+01,3.822694e-01
37.35700,4.500649e+02,-2.704877e+02,4.046758e+02,-2.707681e+02,4.538909e+01,2.804803e-01
37.35800,4.500727e+02,-2.771594e+02,4.046573e+02,-2.773372e+02,4.541533e+01,1.777853e-01
37.35900,4.500682e+02,-2.831688e+02,4.046282e+02,-2.832428e+02,4.543997e+01,7.396380e-02
37.36000,4.500535e+02,-2.889945e+02,4.045905e+02,-2.889639e+02,4.546292e+01,-3.062597e-02
37.36100,4.500403e+02,-2.948059e+02,4.045560e+02,-2.946697e+02,4.548427e+01,-1.362572e-01
37.36200,4.500117e+02,-3.002156e+02,4.045079e+02,-2.999727e+02,4.550391e+01,-2.428847e-01
37.36300,4.499817e+02,-3.055876e+02,4.044599e+02,-3.052372e+02,4.552182e+01,-3.504257e-01
37.36400,4.499363e+02,-3.107568e+02,4.043985e+02,-3.102977e+02,4.553787e+01,-4.590711e-01
37.36500,4.498817e+02,-3.158027e+02,4.043297e+02,-3.152337e+02,4.555199e+01,-5.689563e-01
37.36600,4.498373e+02,-3.201762e+02,4.042729e+02,-3.194966e+02,4.556441e+01,-6.795853e-01
37.36700,4.497771e+02,-3.247373e+02,4.042021e+02,-3.239469e+02,4.557505e+01,-7.903480e-01
37.36800,4.497113e+02,-3.288851e+02,4.041275e+02,-3.279837e+02,4.558387e+01,-9.013460e-01
37.36900,4.496305e+02,-3.329879e+02,4.040397e+02,-3.319753e+02,4.559077e+01,-1.012641e+00
37.37000,4.495501e+02,-3.367799e+02,4.039543e+02,-3.356553e+02,4.559583e+01,-1.124552e+00
37.37100,4.494641e+02,-3.404173e+02,4.038650e+02,-3.391801e+02,4.559908e+01,-1.237274e+00
37.37200,4.493708e+02,-3.437937e+02,4.037703e+02,-3.424435e+02,4.560053e+01,-1.350316e+00
37.37300,4.492637e+02,-3.471145e+02,4.036635e+02,-3.456520e+02,4.560015e+01,-1.462495e+00
37.37400,4.491522e+02,-3.504013e+02,4.035541e+02,-3.488267e+02,4.559801e+01,-1.574545e+00
37.37500,4.490359e+02,-3.520749e+02,4.034417e+02,-3.503901e+02,4.559415e+01,-1.684751e+00
37.37600,4.489169e+02,-3.536328e+02,4.033284e+02,-3.518397e+02,4.558859e+01,-1.793189e+00
37.37700,4.487992e+02,-3.541295e+02,4.032179e+02,-3.522302e+02,4.558136e+01,-1.899358e+00
37.37800,4.486782e+02,-3.562707e+02,4.031057e+02,-3.542664e+02,4.557242e+01,-2.004297e+00
37.37900,4.485528e+02,-3.582539e+02,4.029910e+02,-3.561454e+02,4.556184e+01,-2.108500e+00
37.38000,4.484108e+02,-3.597035e+02,4.028613e+02,-3.574911e+02,4.554951e+01,-2.212453e+00
37.38100,4.482695e+02,-3.608226e+02,4.027341e+02,-3.585064e+02,4.553550e+01,-2.316210e+00
37.38200,4.481208e+02,-3.617389e+02,4.026009e+02,-3.593195e+02,4.551987e+01,-2.419464e+00
37.38300,4.479619e+02,-3.622555e+02,4.024592e+02,-3.597339e+02,4.550273e+01,-2.521617e+00
37.38400,4.477389e+02,-3.622098e+02,4.022545e+02,-3.595878e+02,4.548435e+01,-2.621983e+00
37.38500,4.477281e+02,-3.635557e+02,4.022642e+02,-3.608343e+02,4.546390e+01,-2.721465e+00
37.38600,4.475854e+02,-3.637882e+02,4.021440e+02,-3.609685e+02,4.544142e+01,-2.819633e+00
37.38700,4.474507e+02,-3.630661e+02,4.020329e+02,-3.601496e+02,4.541774e+01,-2.916430e+00
37.38800,4.472919e+02,-3.624336e+02,4.018991e+02,-3.594217e+02,4.539278e+01,-3.011922e+00
37.38900,4.471455e+02,-3.615855e+02,4.017789e+02,-3.584800e+02,4.536654e+01,-3.105516e+00
37.39000,4.469555e+02,-3.604573e+02,4.016168e+02,-3.572605e+02,4.533873e+01,-3.196901e+00
37.39100,4.468139e+02,-3.597868e+02,4.015041e+02,-3.565000e+02,4.530979e+01,-3.286835e+00
37.39200,4.466684e+02,-3.569233e+02,4.013887e+02,-3.535500e+02,4.527971e+01,-3.373229e+00
37.39300,4.465303e+02,-3.556862e+02,4.012815e+02,-3.522290e+02,4.524881e+01,-3.457211e+00
37.39400,4.462877e+02,-3.525067e+02,4.010706e+02,-3.489683e+02,4.521705e+01,-3.538404e+00
37.39500,4.461063e+02,-3.498776e+02,4.009220e+02,-3.462603e+02,4.518427e+01,-3.617339e+00
37.39600,4.459495e+02,-3.472307e+02,4.007988e+02,-3.435364e+02,4.515065e+01,-3.694271e+00
37.39700,4.457871e+02,-3.444897e+02,4.006709e+02,-3.407207e+02,4.511619e+01,-3.769008e+00
37.39800,4.456219e+02,-3.414023e+02,4.005411e+02,-3.375608e+02,4.508077e+01,-3.841518e+00
37.39900,4.454945e+02,-3.388390e+02,4.004495e+02,-3.349272e+02,4.504503e+01,-3.911765e+00
37.40000,4.453493e+02,-3.355182e+02,4.003404e+02,-3.315381e+02,4.500885e+01,-3.980091e+00
37.40100,4.451807e+02,-3.312543e+02,4.002086e+02,-3.272083e+02,4.497203e+01,-4.046031e+00
37.40200,4.450303e+02,-3.272468e+02,4.000957e+02,-3.231373e+02,4.493466e+01,-4.109490e+00
37.40300,4.448924e+02,-3.233243e+02,3.999955e+02,-3.191537e+02,4.489691e+01,-4.170637e+00
37.40400,4.447586e+02,-3.195543e+02,3.998998e+02,-3.153245e+02,4.485878e+01,-4.229823e+00
37.40500,4.446331e+02,-3.137122e+02,3.998129e+02,-3.094264e+02,4.482029e+01,-4.285855e+00
37.40600,4.444632e+02,-3.098418e+02,3.996819e+02,-3.055026e+02,4.478123e+01,-4.339233e+00
37.40700,4.443639e+02,-3.051266e+02,3.996218e+02,-3.007371e+02,4.474212e+01,-4.389527e+00
37.40800,4.442388e+02,-3.003046e+02,3.995359e+02,-2.958679e+02,4.470290e+01,-4.436753e+00
37.40900,4.440516e+02,-2.938077e+02,3.993880e+02,-2.893270e+02,4.466362e+01,-4.480727e+00
37.41000,4.438889e+02,-2.878865e+02,3.992643e+02,-2.833643e+02,4.462453e+01,-4.522170e+00
37.41100,4.437522e+02,-2.821396e+02,3.991669e+02,-2.775787e+02,4.458529e+01,-4.560947e+00
37.41200,4.436480e+02,-2.766917e+02,3.991019e+02,-2.720942e+02,4.454610e+01,-4.597521e+00
37.41300,4.435393e+02,-2.709419e+02,3.990324e+02,-2.663099e+02,4.450698e+01,-4.631975e+00
37.41400,4.434376e+02,-2.652775e+02,3.989696e+02,-2.606135e+02,4.446799e+01,-4.663993e+00
37.41500,4.433359e+02,-2.591282e+02,3.989068e+02,-2.544349e+02,4.442914e+01,-4.693272e+00
37.41600,4.432370e+02,-2.524731e+02,3.988465e+02,-2.477537e+02,4.439046e+01,-4.719475e+00
37.41700,4.431289e+02,-2.456220e+02,3.987771e+02,-2.408795e+02,4.435178e+01,-4.742536e+00
37.41800,4.430356e+02,-2.386491e+02,3.987225e+02,-2.338866e+02,4.431311e+01,-4.762523e+00
37.41900,4.429895e+02,-2.319809e+02,3.987142e+02,-2.272017e+02,4.427528e+01,-4.779149e+00
37.42000,4.428765e+02,-2.264810e+02,3.986390e+02,-2.216873e+02,4.423755e+01,-4.793649e+00
37.42100,4.427893e+02,-2.196374e+02,3.985893e+02,-2.148316e+02,4.420003e+01,-4.805805e+00
37.42200,4.427167e+02,-2.129188e+02,3.985537e+02,-2.081034e+02,4.416288e+01,-4.815375e+00
37.42300,4.426312e+02,-2.050061e+02,3.985052e+02,-2.001841e+02,4.412599e+01,-4.822016e+00
37.42400,4.425631e+02,-1.979649e+02,3.984736e+02,-1.931392e+02,4.408951e+01,-4.825649e+00
37.42500,4.425057e+02,-1.903628e+02,3.984521e+02,-1.855363e+02,4.405360e+01,-4.826479e+00
37.42600,4.424520e+02,-1.830877e+02,3.984337e+02,-1.782635e+02,4.401829e+01,-4.824243e+00
37.42700,4.423931e+02,-1.758283e+02,3.984097e+02,-1.710096e+02,4.398346e+01,-4.818685e+00
37.42800,4.423367e+02,-1.686389e+02,3.983876e+02,-1.638284e+02,4.394909e+01,-4.810477e+00
37.42900,4.422675e+02,-1.612735e+02,3.983525e+02,-1.564741e+02,4.391510e+01,-4.799344e+00
37.43000,4.422161e+02,-1.535838e+02,3.983342e+02,-1.487991e+02,4.388186e+01,-4.784689e+00
37.43100,4.422725e+02,-1.443361e+02,3.984235e+02,-1.395682e+02,4.384911e+01,-4.767973e+00
37.43200,4.422976e+02,-1.356481e+02,3.984809e+02,-1.308984e+02,4.381669e+01,-4.749751e+00
37.43300,4.422739e+02,-1.279990e+02,3.984891e+02,-1.232695e+02,4.378485e+01,-4.729501e+00
37.43400,4.422497e+02,-1.204495e+02,3.984959e+02,-1.157425e+02,4.375371e+01,-4.706985e+00
37.43500,4.422273e+02,-1.128523e+02,3.985039e+02,-1.081705e+02,4.372330e+01,-4.681795e+00
37.43600,4.422007e+02,-1.045856e+02,3.985071e+02,-9.993140e+01,4.369352e+01,-4.654207e+00
37.43700,4.421841e+02,-9.666873e+01,3.985197e+02,-9.204407e+01,4.366441e+01,-4.624650e+00
37.43800,4.421725e+02,-8.881353e+01,3.985365e+02,-8.422027e+01,4.363604e+01,-4.593274e+00
37.43900,4.421678e+02,-8.100367e+01,3.985593e+02,-7.644407e+01,4.360847e+01,-4.559660e+00
37.44000,4.421633e+02,-7.321653e+01,3.985816e+02,-6.869273e+01,4.358164e+01,-4.523802e+00
37.44100,4.421622e+02,-6.515143e+01,3.986067e+02,-6.066590e+01,4.355555e+01,-4.485531e+00
37.44200,4.421581e+02,-5.696539e+01,3.986279e+02,-5.252105e+01,4.353014e+01,-4.444345e+00
37.44300,4.421632e+02,-4.923368e+01,3.986577e+02,-4.483326e+01,4.350553e+01,-4.400424e+00
37.44400,4.421629e+02,-4.151735e+01,3.986813e+02,-3.716288e+01,4.348161e+01,-4.354475e+00
37.44500,4.421711e+02,-3.377024e+01,3.987127e+02,-2.946416e+01,4.345843e+01,-4.306079e+00
37.44600,4.421863e+02,-2.591253e+01,3.987503e+02,-2.165707e+01,4.343602e+01,-4.255462e+00
37.44700,4.422072e+02,-1.793850e+01,3.987928e+02,-1.373593e+01,4.341439e+01,-4.202575e+00
37.44800,4.421908e+02,-1.036552e+01,3.987977e+02,-6.218276e+00,4.339309e+01,-4.147245e+00
37.44900,4.421733e+02,-2.735700e+00,3.988009e+02,1.353748e+00,4.337245e+01,-4.089448e+00
37.45000,4.420942e+02,4.500727e+00,3.987419e+02,8.530573e+00,4.335231e+01,-4.029849e+00
37.45100,4.420405e+02,1.191715e+01,3.987077e+02,1.588619e+01,4.333277e+01,-3.969036e+00
37.45200,4.420553e+02,1.937677e+01,3.987413e+02,2.328355e+01,4.331397e+01,-3.906779e+00
37.45300,4.420689e+02,2.684335e+01,3.987730e+02,3.068615e+01,4.329590e+01,-3.842794e+00
37.45400,4.420803e+02,3.424079e+01,3.988017e+02,3.801764e+01,4.327855e+01,-3.776855e+00
37.45500,4.420899e+02,4.167659e+01,3.988280e+02,4.538557e+01,4.326187e+01,-3.708983e+00
37.45600,4.420932e+02,4.876317e+01,3.988474e+02,5.240232e+01,4.324580e+01,-3.639145e+00
37.45700,4.421019e+02,5.575743e+01,3.988716e+02,5.932522e+01,4.323037e+01,-3.567794e+00
37.45800,4.421100e+02,6.280347e+01,3.988944e+02,6.629828e+01,4.321558e+01,-3.494817e+00
37.45900,4.421174e+02,6.975280e+01,3.989160e+02,7.317300e+01,4.320140e+01,-3.420155e+00
37.46000,4.421225e+02,7.674573e+01,3.989347e+02,8.008947e+01,4.318777e+01,-3.343720e+00
37.46100,4.421357e+02,8.351587e+01,3.989609e+02,8.678133e+01,4.317477e+01,-3.265487e+00
37.46200,4.421277e+02,8.984620e+01,3.989655e+02,9.303173e+01,4.316219e+01,-3.185525e+00
37.46300,4.421132e+02,9.628460e+01,3.989633e+02,9.938933e+01,4.314989e+01,-3.104695e+00
37.46400,4.421436e+02,1.025423e+02,3.990053e+02,1.055653e+02,4.313829e+01,-3.023091e+00
37.46500,4.421468e+02,1.088384e+02,3.990195e+02,1.117793e+02,4.312727e+01,-2.940819e+00
37.46600,4.421525e+02,1.150237e+02,3.990356e+02,1.178815e+02,4.311684e+01,-2.857709e+00
37.46700,4.421526e+02,1.210607e+02,3.990457e+02,1.238339e+02,4.310694e+01,-2.773285e+00
37.46800,4.421524e+02,1.268559e+02,3.990549e+02,1.295435e+02,4.309753e+01,-2.687653e+00
37.46900,4.421463e+02,1.324439e+02,3.990578e+02,1.350449e+02,4.308851e+01,-2.601118e+00
37.47000,4.421497e+02,1.381753e+02,3.990698e+02,1.406889e+02,4.307995e+01,-2.513554e+00
37.47100,4.421487e+02,1.436525e+02,3.990769e+02,1.460773e+02,4.307183e+01,-2.424872e+00
37.47200,4.421411e+02,1.490326e+02,3.990770e+02,1.513675e+02,4.306405e+01,-2.334934e+00
37.47300,4.421379e+02,1.540763e+02,3.990813e+02,1.563205e+02,4.305665e+01,-2.244225e+00
37.47400,4.421397e+02,1.590187e+02,3.990900e+02,1.611715e+02,4.304967e+01,-2.152810e+00
37.47500,4.421326e+02,1.639089e+02,3.990895e+02,1.659697e+02,4.304305e+01,-2.060707e+00
37.47600,4.421269e+02,1.686107e+02,3.990901e+02,1.705785e+02,4.303676e+01,-1.967815e+00
37.47700,4.421359e+02,1.731949e+02,3.991049e+02,1.750692e+02,4.303101e+01,-1.874262e+00
37.47800,4.421239e+02,1.776428e+02,3.990983e+02,1.794234e+02,4.302567e+01,-1.780569e+00
37.47900,4.421212e+02,1.817445e+02,3.991004e+02,1.834312e+02,4.302083e+01,-1.686759e+00
37.48000,4.421214e+02,1.856544e+02,3.991049e+02,1.872472e+02,4.301650e+01,-1.592828e+00
37.48100,4.420947e+02,1.895732e+02,3.990823e+02,1.910719e+02,4.301243e+01,-1.498658e+00
37.48200,4.420729e+02,1.933495e+02,3.990643e+02,1.947536e+02,4.300863e+01,-1.404086e+00
37.48300,4.420547e+02,1.968574e+02,3.990495e+02,1.981666e+02,4.300517e+01,-1.309249e+00
37.48400,4.420320e+02,2.003195e+02,3.990298e+02,2.015337e+02,4.300217e+01,-1.214295e+00
37.48500,4.419582e+02,2.045303e+02,3.989585e+02,2.056500e+02,4.299972e+01,-1.119724e+00
37.48600,4.419531e+02,2.072901e+02,3.989553e+02,2.083149e+02,4.299778e+01,-1.024841e+00
37.48700,4.420268e+02,2.093701e+02,3.990308e+02,2.102999e+02,4.299598e+01,-9.297653e-01
37.48800,4.421338e+02,2.110681e+02,3.991397e+02,2.119030e+02,4.299407e+01,-8.348347e-01
37.48900,4.421962e+02,2.123454e+02,3.992043e+02,2.130861e+02,4.299188e+01,-7.406620e-01
37.49000,4.421692e+02,2.148277e+02,3.991795e+02,2.154742e+02,4.298968e+01,-6.465374e-01
37.49100,4.421359e+02,2.173748e+02,3.991484e+02,2.179271e+02,4.298746e+01,-5.522199e-01
37.49200,4.421147e+02,2.191885e+02,3.991294e+02,2.196471e+02,4.298530e+01,-4.586681e-01
37.49300,4.421157e+02,2.209511e+02,3.991323e+02,2.213169e+02,4.298341e+01,-3.657858e-01
37.49400,4.421073e+02,2.225131e+02,3.991257e+02,2.227871e+02,4.298168e+01,-2.740311e-01
37.49500,4.421279e+02,2.234299e+02,3.991474e+02,2.236129e+02,4.298056e+01,-1.829851e-01
37.49600,4.421230e+02,2.246781e+02,3.991433e+02,2.247707e+02,4.297979e+01,-9.257300e-02
37.49700,4.421374e+02,2.254301e+02,3.991579e+02,2.254331e+02,4.297953e+01,-2.903860e-03
37.49800,4.421439e+02,2.260481e+02,3.991641e+02,2.259618e+02,4.297971e+01,8.631220e-02
37.49900,4.421529e+02,2.263869e+02,3.991725e+02,2.262119e+02,4.298031e+01,1.750295e-01
37.50000,4.421536e+02,2.269067e+02,3.991723e+02,2.266437e+02,4.298136e+01,2.629967e-01
37.50100,4.422361e+02,2.279765e+02,3.992535e+02,2.276265e+02,4.298263e+01,3.499147e-01
37.50200,4.422514e+02,2.276474e+02,3.992673e+02,2.272112e+02,4.298415e+01,4.362099e-01
37.50300,4.422107e+02,2.267215e+02,3.992246e+02,2.261989e+02,4.298608e+01,5.225159e-01
37.50400,4.422162e+02,2.258627e+02,3.992279e+02,2.252547e+02,4.298831e+01,6.080493e-01
37.50500,4.422289e+02,2.252181e+02,3.992381e+02,2.245255e+02,4.299083e+01,6.926880e-01
37.50600,4.422923e+02,2.236180e+02,3.992983e+02,2.228427e+02,4.299403e+01,7.752587e-01
37.50700,4.423260e+02,2.221399e+02,3.993282e+02,2.212838e+02,4.299782e+01,8.561747e-01
37.50800,4.423611e+02,2.208664e+02,3.993588e+02,2.199312e+02,4.300233e+01,9.351493e-01
37.50900,4.423929e+02,2.193843e+02,3.993853e+02,2.183715e+02,4.300752e+01,1.012737e+00
37.51000,4.424331e+02,2.178695e+02,3.994197e+02,2.167801e+02,4.301342e+01,1.089421e+00
37.51100,4.424586e+02,2.155780e+02,3.994387e+02,2.144130e+02,4.301993e+01,1.164979e+00
37.51200,4.425001e+02,2.133951e+02,3.994730e+02,2.121557e+02,4.302714e+01,1.239401e+00
37.51300,4.425458e+02,2.111005e+02,3.995108e+02,2.097879e+02,4.303505e+01,1.312599e+00
37.51400,4.425991e+02,2.084963e+02,3.995554e+02,2.071119e+02,4.304375e+01,1.384346e+00
37.51500,4.426580e+02,2.052521e+02,3.996048e+02,2.037977e+02,4.305323e+01,1.454449e+00
37.51600,4.427163e+02,2.018607e+02,3.996529e+02,2.003377e+02,4.306346e+01,1.523035e+00
37.51700,4.428019e+02,1.983630e+02,3.997273e+02,1.967730e+02,4.307462e+01,1.589994e+00
37.51800,4.427903e+02,1.957676e+02,3.997045e+02,1.941122e+02,4.308581e+01,1.655413e+00
37.51900,4.427965e+02,1.919893e+02,3.996991e+02,1.902704e+02,4.309738e+01,1.718925e+00
37.52000,4.428803e+02,1.888736e+02,3.997703e+02,1.870931e+02,4.311008e+01,1.780470e+00
37.52100,4.429918e+02,1.854499e+02,3.998675e+02,1.836097e+02,4.312430e+01,1.840204e+00
37.52200,4.430740e+02,1.809380e+02,3.999343e+02,1.790407e+02,4.313969e+01,1.897390e+00
37.52300,4.431731e+02,1.761478e+02,4.000169e+02,1.741954e+02,4.315625e+01,1.952385e+00
37.52400,4.432577e+02,1.711872e+02,4.000839e+02,1.691815e+02,4.317387e+01,2.005673e+00
37.52500,4.433492e+02,1.663697e+02,4.001566e+02,1.643127e+02,4.319259e+01,2.057045e+00
37.52600,4.434366e+02,1.614018e+02,4.002243e+02,1.592954e+02,4.321227e+01,2.106411e+00
37.52700,4.435311e+02,1.564346e+02,4.002981e+02,1.542809e+02,4.323294e+01,2.153740e+00
37.52800,4.436309e+02,1.509093e+02,4.003763e+02,1.487105e+02,4.325461e+01,2.198812e+00
37.52900,4.437435e+02,1.453301e+02,4.004661e+02,1.430885e+02,4.327740e+01,2.241603e+00
37.53000,4.438502e+02,1.397498e+02,4.005489e+02,1.374679e+02,4.330124e+01,2.281971e+00
37.53100,4.439840e+02,1.336945e+02,4.006577e+02,1.313746e+02,4.332631e+01,2.319931e+00
37.53200,4.440448e+02,1.285057e+02,4.006928e+02,1.261495e+02,4.335201e+01,2.356198e+00
37.53300,4.441440e+02,1.224977e+02,4.007655e+02,1.201081e+02,4.337848e+01,2.389639e+00
37.53400,4.442635e+02,1.162226e+02,4.008576e+02,1.138026e+02,4.340595e+01,2.420007e+00
37.53500,4.443879e+02,1.098233e+02,4.009533e+02,1.073765e+02,4.343451e+01,2.446801e+00
37.53600,4.445126e+02,1.036657e+02,4.010483e+02,1.011946e+02,4.346423e+01,2.471084e+00
37.53700,4.446247e+02,9.714447e+01,4.011296e+02,9.465153e+01,4.349509e+01,2.492918e+00
37.53800,4.448158e+02,8.889893e+01,4.012887e+02,8.638713e+01,4.352704e+01,2.511855e+00
37.53900,4.449885e+02,8.127567e+01,4.014284e+02,7.874820e+01,4.356014e+01,2.527431e+00
37.54000,4.451289e+02,7.427727e+01,4.015345e+02,7.173700e+01,4.359437e+01,2.540212e+00
37.54100,4.452713e+02,6.722353e+01,4.016417e+02,6.467336e+01,4.362967e+01,2.550183e+00
37.54200,4.454157e+02,5.949881e+01,4.017497e+02,5.694181e+01,4.366599e+01,2.556999e+00
37.54300,4.455682e+02,5.194295e+01,4.018649e+02,4.938231e+01,4.370331e+01,2.560647e+00
37.54400,4.457286e+02,4.404985e+01,4.019870e+02,4.148874e+01,4.374163e+01,2.561111e+00
37.54500,4.458717e+02,3.659133e+01,4.020909e+02,3.403281e+01,4.378075e+01,2.558521e+00
37.54600,4.460306e+02,2.897791e+01,4.022099e+02,2.642511e+01,4.382072e+01,2.552804e+00
37.54700,4.461865e+02,2.115931e+01,4.023251e+02,1.861552e+01,4.386147e+01,2.543797e+00
37.54800,4.463456e+02,1.327586e+01,4.024426e+02,1.074446e+01,4.390299e+01,2.531401e+00
37.54900,4.465050e+02,5.120818e+00,4.025598e+02,2.605193e+00,4.394523e+01,2.515625e+00
37.55000,4.466657e+02,-3.330428e+00,4.026775e+02,-5.826370e+00,4.398819e+01,2.495942e+00
37.55100,4.468274e+02,-1.175839e+01,4.027955e+02,-1.423144e+01,4.403183e+01,2.473049e+00
37.55200,4.469889e+02,-2.013346e+01,4.029127e+02,-2.258027e+01,4.407613e+01,2.446815e+00
37.55300,4.471430e+02,-2.852066e+01,4.030221e+02,-3.093821e+01,4.412083e+01,2.417553e+00
37.55400,4.473397e+02,-3.652162e+01,4.031739e+02,-3.890802e+01,4.416587e+01,2.386395e+00
37.55500,4.475173e+02,-4.494885e+01,4.033061e+02,-4.730135e+01,4.421117e+01,2.352498e+00
37.55600,4.475887e+02,-5.351741e+01,4.033316e+02,-5.583335e+01,4.425711e+01,2.315935e+00
37.55700,4.477189e+02,-6.205690e+01,4.034156e+02,-6.433353e+01,4.430333e+01,2.276636e+00
37.55800,4.478701e+02,-7.074107e+01,4.035203e+02,-7.297533e+01,4.434979e+01,2.234259e+00
37.55900,4.479339e+02,-7.929067e+01,4.035371e+02,-8.147967e+01,4.439677e+01,2.189010e+00
37.56000,4.481045e+02,-8.779213e+01,4.036610e+02,-8.993353e+01,4.444349e+01,2.141423e+00
37.56100,4.482475e+02,-9.606320e+01,4.037573e+02,-9.815387e+01,4.449014e+01,2.090647e+00
37.56200,4.483755e+02,-1.044345e+02,4.038388e+02,-1.064712e+02,4.453671e+01,2.036643e+00
37.56300,4.484976e+02,-1.128988e+02,4.039145e+02,-1.148782e+02,4.458306e+01,1.979404e+00
37.56400,4.486124e+02,-1.214592e+02,4.039835e+02,-1.233787e+02,4.462896e+01,1.919503e+00
37.56500,4.487650e+02,-1.302424e+02,4.040901e+02,-1.320990e+02,4.467484e+01,1.856555e+00
37.56600,4.489165e+02,-1.389717e+02,4.041957e+02,-1.407627e+02,4.472081e+01,1.791105e+00
37.56700,4.490522e+02,-1.473364e+02,4.042855e+02,-1.490595e+02,4.476671e+01,1.723151e+00
37.56800,4.491290e+02,-1.553551e+02,4.043172e+02,-1.570083e+02,4.481183e+01,1.653185e+00
37.56900,4.492175e+02,-1.634071e+02,4.043615e+02,-1.649879e+02,4.485598e+01,1.580886e+00
37.57000,4.493683e+02,-1.716709e+02,4.044686e+02,-1.731767e+02,4.489973e+01,1.505758e+00
37.57100,4.494545e+02,-1.798863e+02,4.045116e+02,-1.813144e+02,4.494292e+01,1.428043e+00
37.57200,4.495290e+02,-1.873779e+02,4.045435e+02,-1.887263e+02,4.498551e+01,1.348414e+00
37.57300,4.496087e+02,-1.953083e+02,4.045815e+02,-1.965749e+02,4.502724e+01,1.266651e+00
37.57400,4.496861e+02,-2.031684e+02,4.046182e+02,-2.043511e+02,4.506795e+01,1.182674e+00
37.57500,4.497437e+02,-2.107959e+02,4.046363e+02,-2.118921e+02,4.510739e+01,1.096311e+00
37.57600,4.498065e+02,-2.183039e+02,4.046610e+02,-2.193117e+02,4.514555e+01,1.007702e+00
37.57700,4.498632e+02,-2.255444e+02,4.046807e+02,-2.264614e+02,4.518250e+01,9.169480e-01
37.57800,4.499139e+02,-2.330627e+02,4.046957e+02,-2.338863e+02,4.521818e+01,8.236713e-01
37.57900,4.499576e+02,-2.402781e+02,4.047051e+02,-2.410065e+02,4.525253e+01,7.284240e-01
37.58000,4.499981e+02,-2.473305e+02,4.047126e+02,-2.479619e+02,4.528551e+01,6.313889e-01
37.58100,4.500260e+02,-2.541315e+02,4.047090e+02,-2.546640e+02,4.531703e+01,5.325107e-01
37.58200,4.500473e+02,-2.608228e+02,4.047003e+02,-2.612551e+02,4.534702e+01,4.322876e-01
37.58300,4.500639e+02,-2.673313e+02,4.046883e+02,-2.676623e+02,4.537555e+01,3.309993e-01
37.58400,4.500686e+02,-2.738531e+02,4.046661e+02,-2.740817e+02,4.540251e+01,2.286167e-01
37.58500,4.500723e+02,-2.802009e+02,4.046443e+02,-2.803261e+02,4.542796e+01,1.252251e-01
37.58600,4.500613e+02,-2.861482e+02,4.046096e+02,-2.861693e+02,4.545175e+01,2.115160e-02
37.58700,4.500453e+02,-2.919111e+02,4.045715e+02,-2.918271e+02,4.547386e+01,-8.388560e-02
37.58800,4.500312e+02,-2.976258e+02,4.045369e+02,-2.974358e+02,4.549439e+01,-1.899957e-01
37.58900,4.499965e+02,-3.030125e+02,4.044833e+02,-3.027154e+02,4.551316e+01,-2.971277e-01
37.59000,4.499618e+02,-3.080828e+02,4.044317e+02,-3.076777e+02,4.553017e+01,-4.051671e-01
37.59100,4.499090e+02,-3.133933e+02,4.043637e+02,-3.128789e+02,4.554525e+01,-5.143887e-01
37.59200,4.498607e+02,-3.180179e+02,4.043022e+02,-3.173931e+02,4.555851e+01,-6.248018e-01
37.59300,4.498065e+02,-3.225414e+02,4.042365e+02,-3.218059e+02,4.557001e+01,-7.354407e-01
37.59400,4.497463e+02,-3.268316e+02,4.041665e+02,-3.259853e+02,4.557976e+01,-8.463233e-01
37.59500,4.496693e+02,-3.309681e+02,4.040817e+02,-3.300107e+02,4.558759e+01,-9.573727e-01
37.59600,4.495901e+02,-3.348919e+02,4.039966e+02,-3.338229e+02,4.559354e+01,-1.068978e+00
37.59700,4.495081e+02,-3.386411e+02,4.039104e+02,-3.374598e+02,4.559769e+01,-1.181323e+00
37.59800,4.494190e+02,-3.421331e+02,4.038189e+02,-3.408385e+02,4.560005e+01,-1.294656e+00
37.59900,4.493183e+02,-3.454872e+02,4.037177e+02,-3.440800e+02,4.560058e+01,-1.407224e+00
37.60000,4.492067e+02,-3.487966e+02,4.036073e+02,-3.472774e+02,4.559929e+01,-1.519202e+00
37.60100,4.490925e+02,-3.516074e+02,4.034963e+02,-3.499767e+02,4.559625e+01,-1.630713e+00
37.60200,4.489756e+02,-3.526271e+02,4.033841e+02,-3.508873e+02,4.559153e+01,-1.739819e+00
37.60300,4.488596e+02,-3.537561e+02,4.032745e+02,-3.519093e+02,4.558515e+01,-1.846855e+00
37.60400,4.487388e+02,-3.552496e+02,4.031617e+02,-3.532971e+02,4.557705e+01,-1.952444e+00
37.60500,4.486138e+02,-3.574436e+02,4.030466e+02,-3.553867e+02,4.556725e+01,-2.056885e+00
37.60600,4.484825e+02,-3.590645e+02,4.029267e+02,-3.569036e+02,4.555579e+01,-2.160876e+00
37.60700,4.483397e+02,-3.603508e+02,4.027971e+02,-3.580861e+02,4.554260e+01,-2.264718e+00
37.60800,4.481884e+02,-3.612665e+02,4.026607e+02,-3.588981e+02,4.552768e+01,-2.368379e+00
37.60900,4.480442e+02,-3.619842e+02,4.025329e+02,-3.595130e+02,4.551128e+01,-2.471205e+00
37.61000,4.478696e+02,-3.624679e+02,4.023761e+02,-3.598955e+02,4.549347e+01,-2.572463e+00
37.61100,4.476595e+02,-3.623037e+02,4.021852e+02,-3.596316e+02,4.547435e+01,-2.672095e+00
37.61200,4.476707e+02,-3.639250e+02,4.022178e+02,-3.611541e+02,4.545285e+01,-2.770966e+00
37.61300,4.475283e+02,-3.633206e+02,4.020984e+02,-3.604521e+02,4.542988e+01,-2.868461e+00
37.61400,4.473803e+02,-3.629449e+02,4.019745e+02,-3.599803e+02,4.540567e+01,-2.964675e+00
37.61500,4.472159e+02,-3.619785e+02,4.018358e+02,-3.589191e+02,4.538005e+01,-3.059339e+00
37.61600,4.470372e+02,-3.609069e+02,4.016843e+02,-3.577552e+02,4.535289e+01,-3.151751e+00
37.61700,4.468813e+02,-3.601111e+02,4.015569e+02,-3.568687e+02,4.532442e+01,-3.242277e+00
37.61800,4.467369e+02,-3.586345e+02,4.014420e+02,-3.553038e+02,4.529487e+01,-3.330698e+00
37.61900,4.466463e+02,-3.558761e+02,4.013822e+02,-3.524603e+02,4.526414e+01,-3.415670e+00
37.62000,4.464254e+02,-3.546525e+02,4.011924e+02,-3.511541e+02,4.523295e+01,-3.498412e+00
37.62100,4.461861e+02,-3.511005e+02,4.009855e+02,-3.475221e+02,4.520065e+01,-3.578437e+00
37.62200,4.460256e+02,-3.485875e+02,4.008581e+02,-3.449312e+02,4.516745e+01,-3.656331e+00
37.62300,4.458669e+02,-3.458329e+02,4.007335e+02,-3.421007e+02,4.513341e+01,-3.732181e+00
37.62400,4.456963e+02,-3.428597e+02,4.005979e+02,-3.390539e+02,4.509839e+01,-3.805757e+00
37.62500,4.455785e+02,-3.405186e+02,4.005154e+02,-3.366413e+02,4.506307e+01,-3.877291e+00
37.62600,4.454065e+02,-3.369690e+02,4.003794e+02,-3.330226e+02,4.502707e+01,-3.946463e+00
37.62700,4.452709e+02,-3.336370e+02,4.002803e+02,-3.296233e+02,4.499061e+01,-4.013643e+00
37.62800,4.451001e+02,-3.291397e+02,4.001466e+02,-3.250613e+02,4.495349e+01,-4.078371e+00
37.62900,4.449573e+02,-3.251857e+02,4.000414e+02,-3.210451e+02,4.491589e+01,-4.140627e+00
37.63000,4.448263e+02,-3.215107e+02,3.999483e+02,-3.173100e+02,4.487800e+01,-4.200723e+00
37.63100,4.446956e+02,-3.165863e+02,3.998559e+02,-3.123280e+02,4.483973e+01,-4.258320e+00
37.63200,4.445314e+02,-3.118959e+02,3.997306e+02,-3.075827e+02,4.480079e+01,-4.313261e+00
37.63300,4.444135e+02,-3.073415e+02,3.996518e+02,-3.029765e+02,4.476168e+01,-4.365023e+00
37.63400,4.443195e+02,-3.030949e+02,3.995969e+02,-2.986811e+02,4.472255e+01,-4.413747e+00
37.63500,4.441288e+02,-2.966766e+02,3.994456e+02,-2.922172e+02,4.468322e+01,-4.459385e+00
37.63600,4.439870e+02,-2.908568e+02,3.993429e+02,-2.863549e+02,4.464412e+01,-4.501863e+00
37.63700,4.438083e+02,-2.850075e+02,3.992034e+02,-2.804657e+02,4.460492e+01,-4.541794e+00
37.63800,4.436989e+02,-2.794019e+02,3.991331e+02,-2.748225e+02,4.456573e+01,-4.579510e+00
37.63900,4.435875e+02,-2.737086e+02,3.990609e+02,-2.690935e+02,4.452653e+01,-4.615137e+00
37.64000,4.434870e+02,-2.680361e+02,3.989996e+02,-2.633877e+02,4.448746e+01,-4.648395e+00
37.64100,4.433879e+02,-2.625510e+02,3.989393e+02,-2.578718e+02,4.444855e+01,-4.679235e+00
37.64200,4.432812e+02,-2.555093e+02,3.988715e+02,-2.508025e+02,4.440973e+01,-4.706889e+00
37.64300,4.431844e+02,-2.491696e+02,3.988133e+02,-2.444381e+02,4.437106e+01,-4.731517e+00
37.64400,4.430815e+02,-2.420881e+02,3.987491e+02,-2.373350e+02,4.433241e+01,-4.753027e+00
37.64500,4.430078e+02,-2.352876e+02,3.987137e+02,-2.305163e+02,4.429411e+01,-4.771323e+00
37.64600,4.429353e+02,-2.292627e+02,3.986789e+02,-2.244758e+02,4.425641e+01,-4.786862e+00
37.64700,4.428297e+02,-2.230009e+02,3.986109e+02,-2.182007e+02,4.421876e+01,-4.800213e+00
37.64800,4.427514e+02,-2.163024e+02,3.985701e+02,-2.114913e+02,4.418138e+01,-4.811134e+00
37.64900,4.426740e+02,-2.089323e+02,3.985297e+02,-2.041131e+02,4.414434e+01,-4.819147e+00
37.65000,4.425954e+02,-2.013756e+02,3.984878e+02,-1.965513e+02,4.410763e+01,-4.824289e+00
37.65100,4.425334e+02,-1.940139e+02,3.984620e+02,-1.891874e+02,4.407141e+01,-4.826432e+00
37.65200,4.424787e+02,-1.866696e+02,3.984429e+02,-1.818437e+02,4.403579e+01,-4.825809e+00
37.65300,4.424243e+02,-1.794751e+02,3.984235e+02,-1.746533e+02,4.400075e+01,-4.821841e+00
37.65400,4.423651e+02,-1.721093e+02,3.983989e+02,-1.672943e+02,4.396615e+01,-4.814878e+00
37.65500,4.423071e+02,-1.651746e+02,3.983751e+02,-1.603693e+02,4.393202e+01,-4.805353e+00
37.65600,4.422419e+02,-1.571773e+02,3.983435e+02,-1.523849e+02,4.389841e+01,-4.792387e+00
37.65700,4.422379e+02,-1.489680e+02,3.983725e+02,-1.441914e+02,4.386539e+01,-4.776631e+00
37.65800,4.422719e+02,-1.399439e+02,3.984391e+02,-1.351849e+02,4.383281e+01,-4.758905e+00
37.65900,4.422891e+02,-1.319003e+02,3.984885e+02,-1.271605e+02,4.380065e+01,-4.739738e+00
37.66000,4.422625e+02,-1.241003e+02,3.984934e+02,-1.193819e+02,4.376913e+01,-4.718345e+00
37.66100,4.422404e+02,-1.166681e+02,3.985021e+02,-1.119734e+02,4.373835e+01,-4.694635e+00
37.66200,4.422126e+02,-1.086111e+02,3.985044e+02,-1.039430e+02,4.370822e+01,-4.668110e+00
37.66300,4.421925e+02,-1.005589e+02,3.985137e+02,-9.591927e+01,4.367877e+01,-4.639601e+00
37.66400,4.421760e+02,-9.270860e+01,3.985260e+02,-8.809940e+01,4.365001e+01,-4.609195e+00
37.66500,4.421711e+02,-8.483347e+01,3.985490e+02,-8.025680e+01,4.362205e+01,-4.576698e+00
37.66600,4.421644e+02,-7.707247e+01,3.985695e+02,-7.253053e+01,4.359485e+01,-4.541896e+00
37.66700,4.421636e+02,-6.920700e+01,3.985952e+02,-6.470219e+01,4.356841e+01,-4.504833e+00
37.66800,4.421591e+02,-6.103429e+01,3.986164e+02,-5.656911e+01,4.354265e+01,-4.465187e+00
37.66900,4.421635e+02,-5.292142e+01,3.986459e+02,-4.849902e+01,4.351768e+01,-4.422401e+00
37.67000,4.421609e+02,-4.542276e+01,3.986675e+02,-4.104530e+01,4.349341e+01,-4.377460e+00
37.67100,4.421672e+02,-3.758367e+01,3.986973e+02,-3.325335e+01,4.346987e+01,-4.330313e+00
37.67200,4.421768e+02,-2.973147e+01,3.987297e+02,-2.545069e+01,4.344706e+01,-4.280778e+00
37.67300,4.421970e+02,-2.189872e+01,3.987719e+02,-1.766968e+01,4.342504e+01,-4.229041e+00
37.67400,4.421971e+02,-1.417459e+01,3.987935e+02,-9.999613e+00,4.340359e+01,-4.174973e+00
37.67500,4.422041e+02,-6.479559e+00,3.988215e+02,-2.361253e+00,4.338258e+01,-4.118307e+00
37.67600,4.421271e+02,9.295733e-01,3.987649e+02,4.989033e+00,4.336227e+01,-4.059460e+00
37.67700,4.420433e+02,8.214693e+00,3.987009e+02,1.221389e+01,4.334238e+01,-3.999193e+00
37.67800,4.420507e+02,1.566821e+01,3.987275e+02,1.960595e+01,4.332320e+01,-3.937738e+00
37.67900,4.420665e+02,2.336547e+01,3.987617e+02,2.724007e+01,4.330479e+01,-3.874601e+00
37.68000,4.420781e+02,3.051773e+01,3.987909e+02,3.432738e+01,4.328713e+01,-3.809653e+00
37.68100,4.420872e+02,3.801950e+01,3.988171e+02,4.176222e+01,4.327013e+01,-3.742721e+00
37.68200,4.420905e+02,4.528985e+01,3.988368e+02,4.896372e+01,4.325375e+01,-3.673863e+00
37.68300,4.420965e+02,5.228696e+01,3.988585e+02,5.589015e+01,4.323799e+01,-3.603189e+00
37.68400,4.421071e+02,5.928560e+01,3.988842e+02,6.281666e+01,4.322289e+01,-3.531054e+00
37.68500,4.421142e+02,6.635291e+01,3.989058e+02,6.981013e+01,4.320841e+01,-3.457225e+00
37.68600,4.421193e+02,7.328160e+01,3.989248e+02,7.666327e+01,4.319451e+01,-3.381665e+00
37.68700,4.421303e+02,8.029047e+01,3.989491e+02,8.359480e+01,4.318121e+01,-3.304277e+00
37.68800,4.421337e+02,8.674793e+01,3.989652e+02,8.997313e+01,4.316843e+01,-3.225204e+00
37.68900,4.421241e+02,9.309293e+01,3.989681e+02,9.623753e+01,4.315603e+01,-3.144623e+00
37.69000,4.421290e+02,9.946907e+01,3.989849e+02,1.025325e+02,4.314410e+01,-3.063459e+00
37.69100,4.421419e+02,1.057017e+02,3.990091e+02,1.086830e+02,4.313277e+01,-2.981355e+00
37.69200,4.421479e+02,1.119955e+02,3.990259e+02,1.148943e+02,4.312203e+01,-2.898760e+00
37.69300,4.421534e+02,1.181023e+02,3.990415e+02,1.209174e+02,4.311188e+01,-2.815086e+00
37.69400,4.421528e+02,1.239573e+02,3.990506e+02,1.266873e+02,4.310224e+01,-2.729917e+00
37.69500,4.421481e+02,1.295759e+02,3.990551e+02,1.322199e+02,4.309301e+01,-2.643931e+00
37.69600,4.421479e+02,1.353455e+02,3.990637e+02,1.379025e+02,4.308423e+01,-2.556910e+00
37.69700,4.421485e+02,1.409639e+02,3.990726e+02,1.434327e+02,4.307588e+01,-2.468799e+00
37.69800,4.421457e+02,1.464030e+02,3.990778e+02,1.487825e+02,4.306793e+01,-2.379573e+00
37.69900,4.421389e+02,1.516536e+02,3.990785e+02,1.539429e+02,4.306034e+01,-2.289282e+00
37.70000,4.421373e+02,1.565466e+02,3.990842e+02,1.587448e+02,4.305313e+01,-2.198180e+00
37.70100,4.421360e+02,1.616183e+02,3.990897e+02,1.637246e+02,4.304632e+01,-2.106341e+00
37.70200,4.421311e+02,1.663661e+02,3.990912e+02,1.683801e+02,4.303988e+01,-2.013913e+00
37.70300,4.421279e+02,1.708733e+02,3.990940e+02,1.727937e+02,4.303382e+01,-1.920455e+00
37.70400,4.421333e+02,1.755120e+02,3.991050e+02,1.773388e+02,4.302831e+01,-1.826753e+00
37.70500,4.421262e+02,1.798675e+02,3.991029e+02,1.816005e+02,4.302329e+01,-1.733049e+00
37.70600,4.421183e+02,1.837553e+02,3.990996e+02,1.853945e+02,4.301869e+01,-1.639199e+00
37.70700,4.421104e+02,1.876569e+02,3.990959e+02,1.892021e+02,4.301450e+01,-1.545180e+00
37.70800,4.420835e+02,1.914902e+02,3.990729e+02,1.929411e+02,4.301057e+01,-1.450863e+00
37.70900,4.420633e+02,1.951023e+02,3.990564e+02,1.964585e+02,4.300691e+01,-1.356160e+00
37.71000,4.420453e+02,1.985378e+02,3.990416e+02,1.997991e+02,4.300367e+01,-1.261242e+00
37.71100,4.420103e+02,2.022368e+02,3.990094e+02,2.034031e+02,4.300090e+01,-1.166317e+00
37.71200,4.419460e+02,2.060628e+02,3.989473e+02,2.071344e+02,4.299871e+01,-1.071609e+00
37.71300,4.419607e+02,2.086033e+02,3.989637e+02,2.095798e+02,4.299696e+01,-9.765600e-01
37.71400,4.420759e+02,2.103179e+02,3.990808e+02,2.111994e+02,4.299516e+01,-8.815727e-01
37.71500,4.421969e+02,2.115420e+02,3.992039e+02,2.123291e+02,4.299301e+01,-7.870900e-01
37.71600,4.421806e+02,2.131695e+02,3.991899e+02,2.138630e+02,4.299075e+01,-6.934860e-01
37.71700,4.421545e+02,2.164935e+02,3.991659e+02,2.170925e+02,4.298865e+01,-5.990041e-01
37.71800,4.421169e+02,2.183134e+02,3.991305e+02,2.188185e+02,4.298643e+01,-5.050378e-01
37.71900,4.421144e+02,2.201313e+02,3.991300e+02,2.205431e+02,4.298441e+01,-4.118457e-01
37.72000,4.421157e+02,2.217653e+02,3.991330e+02,2.220850e+02,4.298266e+01,-3.196571e-01
37.72100,4.421208e+02,2.229635e+02,3.991395e+02,2.231917e+02,4.298129e+01,-2.281873e-01
37.72200,4.421247e+02,2.240969e+02,3.991443e+02,2.242343e+02,4.298034e+01,-1.373996e-01
37.72300,4.421286e+02,2.251211e+02,3.991489e+02,2.251684e+02,4.297979e+01,-4.729748e-02
37.72400,4.421399e+02,2.257656e+02,3.991603e+02,2.257234e+02,4.297972e+01,4.216823e-02
37.72500,4.421486e+02,2.262318e+02,3.991685e+02,2.261007e+02,4.298009e+01,1.310916e-01
37.72600,4.421557e+02,2.266632e+02,3.991749e+02,2.264438e+02,4.298090e+01,2.194403e-01
37.72700,4.421356e+02,2.269194e+02,3.991534e+02,2.266126e+02,4.298225e+01,3.068137e-01
37.72800,4.422815e+02,2.283331e+02,3.992979e+02,2.279399e+02,4.298360e+01,3.932437e-01
37.72900,4.422165e+02,2.268675e+02,3.992311e+02,2.263878e+02,4.298535e+01,4.796581e-01
37.73000,4.422165e+02,2.262211e+02,3.992291e+02,2.256557e+02,4.298742e+01,5.655185e-01
37.73100,4.422067e+02,2.258749e+02,3.992170e+02,2.252240e+02,4.298967e+01,6.508741e-01
37.73200,4.422661e+02,2.244287e+02,3.992735e+02,2.236942e+02,4.299250e+01,7.344987e-01
37.73300,4.423185e+02,2.228965e+02,3.993225e+02,2.220803e+02,4.299605e+01,8.161327e-01
37.73400,4.423347e+02,2.212816e+02,3.993347e+02,2.203856e+02,4.299996e+01,8.959993e-01
37.73500,4.423817e+02,2.202287e+02,3.993770e+02,2.192545e+02,4.300477e+01,9.742573e-01
37.73600,4.424129e+02,2.185976e+02,3.994027e+02,2.175461e+02,4.301029e+01,1.051426e+00
37.73700,4.424489e+02,2.168571e+02,3.994324e+02,2.157295e+02,4.301651e+01,1.127477e+00
37.73800,4.424808e+02,2.145061e+02,3.994574e+02,2.133036e+02,4.302339e+01,1.202537e+00
37.73900,4.425249e+02,2.122242e+02,3.994939e+02,2.109479e+02,4.303098e+01,1.276367e+00
37.74000,4.425738e+02,2.100252e+02,3.995345e+02,2.086763e+02,4.303932e+01,1.348983e+00
37.74100,4.426281e+02,2.066196e+02,3.995797e+02,2.051999e+02,4.304841e+01,1.419755e+00
37.74200,4.426885e+02,2.037070e+02,3.996303e+02,2.022179e+02,4.305827e+01,1.489112e+00
37.74300,4.427550e+02,2.001444e+02,3.996861e+02,1.985875e+02,4.306894e+01,1.556913e+00
37.74400,4.428262e+02,1.967977e+02,3.997458e+02,1.951747e+02,4.308041e+01,1.623055e+00
37.74500,4.427838e+02,1.939715e+02,3.996921e+02,1.922838e+02,4.309165e+01,1.687665e+00
37.74600,4.428272e+02,1.906744e+02,3.997235e+02,1.889242e+02,4.310371e+01,1.750201e+00
37.74700,4.429379e+02,1.872725e+02,3.998207e+02,1.854616e+02,4.311721e+01,1.810940e+00
37.74800,4.430313e+02,1.831449e+02,3.998993e+02,1.812758e+02,4.313199e+01,1.869157e+00
37.74900,4.431234e+02,1.784021e+02,3.999755e+02,1.764770e+02,4.314794e+01,1.925135e+00
37.75000,4.432155e+02,1.737737e+02,4.000505e+02,1.717944e+02,4.316503e+01,1.979313e+00
37.75100,4.433034e+02,1.687213e+02,4.001203e+02,1.666896e+02,4.318318e+01,2.031666e+00
37.75200,4.433963e+02,1.639277e+02,4.001939e+02,1.618456e+02,4.320244e+01,2.082060e+00
37.75300,4.434845e+02,1.588571e+02,4.002619e+02,1.567267e+02,4.322264e+01,2.130413e+00
37.75400,4.435810e+02,1.537415e+02,4.003372e+02,1.515648e+02,4.324381e+01,2.176657e+00
37.75500,4.436866e+02,1.480873e+02,4.004205e+02,1.458667e+02,4.326603e+01,2.220604e+00
37.75600,4.437943e+02,1.425012e+02,4.005050e+02,1.402390e+02,4.328931e+01,2.262200e+00
37.75700,4.439134e+02,1.368609e+02,4.005996e+02,1.345596e+02,4.331374e+01,2.301285e+00
37.75800,4.440290e+02,1.308605e+02,4.006898e+02,1.285222e+02,4.333924e+01,2.338272e+00
37.75900,4.440873e+02,1.256468e+02,4.007220e+02,1.232735e+02,4.336529e+01,2.373277e+00
37.76000,4.442046e+02,1.192984e+02,4.008123e+02,1.168933e+02,4.339225e+01,2.405179e+00
37.76100,4.443234e+02,1.129351e+02,4.009031e+02,1.105012e+02,4.342023e+01,2.433903e+00
37.76200,4.444549e+02,1.066500e+02,4.010055e+02,1.041906e+02,4.344940e+01,2.459339e+00
37.76300,4.445727e+02,1.003447e+02,4.010930e+02,9.786240e+01,4.347972e+01,2.482266e+00
37.76400,4.447171e+02,9.305573e+01,4.012059e+02,9.055307e+01,4.351115e+01,2.502705e+00
37.76500,4.449090e+02,8.496767e+01,4.013653e+02,8.244787e+01,4.354368e+01,2.519812e+00
37.76600,4.450573e+02,7.777733e+01,4.014799e+02,7.524333e+01,4.357736e+01,2.533940e+00
37.76700,4.452001e+02,7.095867e+01,4.015879e+02,6.841327e+01,4.361215e+01,2.545421e+00
37.76800,4.453432e+02,6.320433e+01,4.016952e+02,6.065052e+01,4.364796e+01,2.553814e+00
37.76900,4.454911e+02,5.571601e+01,4.018063e+02,5.315695e+01,4.368477e+01,2.559059e+00
37.77000,4.456459e+02,4.802529e+01,4.019233e+02,4.546417e+01,4.372257e+01,2.561124e+00
37.77100,4.458114e+02,4.014321e+01,4.020500e+02,3.758323e+01,4.376139e+01,2.559981e+00
37.77200,4.459495e+02,3.278506e+01,4.021485e+02,3.022925e+01,4.380095e+01,2.555812e+00
37.77300,4.461081e+02,2.504015e+01,4.022667e+02,2.249161e+01,4.384131e+01,2.548535e+00
37.77400,4.462637e+02,1.736378e+01,4.023813e+02,1.482591e+01,4.388241e+01,2.537872e+00
37.77500,4.464255e+02,9.200333e+00,4.025013e+02,6.676473e+00,4.392428e+01,2.523862e+00
37.77600,4.465870e+02,8.628847e-01,4.026201e+02,-1.642953e+00,4.396690e+01,2.505838e+00
37.77700,4.467471e+02,-7.624347e+00,4.027369e+02,-1.010898e+01,4.401021e+01,2.484635e+00
37.77800,4.469084e+02,-1.599547e+01,4.028542e+02,-1.845556e+01,4.405418e+01,2.460095e+00
37.77900,4.470692e+02,-2.439353e+01,4.029705e+02,-2.682581e+01,4.409877e+01,2.432280e+00
37.78000,4.472452e+02,-3.247800e+01,4.031015e+02,-3.488019e+01,4.414369e+01,2.402183e+00
37.78100,4.474287e+02,-4.081446e+01,4.032399e+02,-4.318419e+01,4.418886e+01,2.369727e+00
37.78200,4.475525e+02,-4.920466e+01,4.033180e+02,-5.153914e+01,4.423446e+01,2.334483e+00
37.78300,4.476581e+02,-5.793945e+01,4.033775e+02,-6.023597e+01,4.428057e+01,2.296519e+00
37.78400,4.477944e+02,-6.650046e+01,4.034675e+02,-6.875613e+01,4.432691e+01,2.255645e+00
37.78500,4.478955e+02,-7.503533e+01,4.035218e+02,-7.724713e+01,4.437365e+01,2.211815e+00
37.78600,4.480279e+02,-8.359273e+01,4.036073e+02,-8.575800e+01,4.442053e+01,2.165261e+00
37.78700,4.481747e+02,-9.198840e+01,4.037076e+02,-9.410467e+01,4.446715e+01,2.116223e+00
37.78800,4.483113e+02,-1.002706e+02,4.037976e+02,-1.023344e+02,4.451376e+01,2.063814e+00
37.78900,4.484373e+02,-1.087309e+02,4.038770e+02,-1.107391e+02,4.456022e+01,2.008189e+00
37.79000,4.485568e+02,-1.171172e+02,4.039505e+02,-1.190667e+02,4.460636e+01,1.949561e+00
37.79100,4.486841e+02,-1.259607e+02,4.040319e+02,-1.278489e+02,4.465219e+01,1.888128e+00
37.79200,4.488420e+02,-1.345845e+02,4.041439e+02,-1.364084e+02,4.469808e+01,1.823911e+00
37.79300,4.489847e+02,-1.432690e+02,4.042407e+02,-1.450261e+02,4.474401e+01,1.757154e+00
37.79400,4.491013e+02,-1.514543e+02,4.043116e+02,-1.531423e+02,4.478962e+01,1.687932e+00
37.79500,4.491561e+02,-1.593860e+02,4.043219e+02,-1.610029e+02,4.483413e+01,1.616886e+00
37.79600,4.492997e+02,-1.675575e+02,4.044217e+02,-1.691007e+02,4.487805e+01,1.543221e+00
37.79700,4.494201e+02,-1.760040e+02,4.044986e+02,-1.774707e+02,4.492151e+01,1.466686e+00
37.79800,4.494919e+02,-1.835058e+02,4.045275e+02,-1.848937e+02,4.496449e+01,1.387969e+00
37.79900,4.495701e+02,-1.913604e+02,4.045634e+02,-1.926677e+02,4.500669e+01,1.307274e+00
37.80000,4.496495e+02,-1.993591e+02,4.046016e+02,-2.005835e+02,4.504795e+01,1.224382e+00
37.80100,4.497170e+02,-2.069606e+02,4.046289e+02,-2.080999e+02,4.508803e+01,1.139248e+00
37.80200,4.497767e+02,-2.145948e+02,4.046498e+02,-2.156466e+02,4.512685e+01,1.051765e+00
37.80300,4.498372e+02,-2.219121e+02,4.046728e+02,-2.228741e+02,4.516444e+01,9.620473e-01
37.80400,4.498890e+02,-2.293597e+02,4.046882e+02,-2.302298e+02,4.520075e+01,8.701173e-01
37.80500,4.499351e+02,-2.367051e+02,4.046993e+02,-2.374808e+02,4.523576e+01,7.757140e-01
37.80600,4.499781e+02,-2.439301e+02,4.047087e+02,-2.446097e+02,4.526942e+01,6.796140e-01
37.80700,4.500136e+02,-2.508171e+02,4.047119e+02,-2.513987e+02,4.530167e+01,5.816231e-01
37.80800,4.500357e+02,-2.575151e+02,4.047033e+02,-2.579971e+02,4.533239e+01,4.819565e-01
37.80900,4.500573e+02,-2.640790e+02,4.046957e+02,-2.644602e+02,4.536166e+01,3.812035e-01
37.81000,4.500649e+02,-2.705546e+02,4.046756e+02,-2.708340e+02,4.538937e+01,2.794014e-01
37.81100,4.500727e+02,-2.772236e+02,4.046571e+02,-2.774003e+02,4.541559e+01,1.766967e-01
37.81200,4.500681e+02,-2.832309e+02,4.046278e+02,-2.833037e+02,4.544022e+01,7.286900e-02
37.81300,4.500533e+02,-2.890548e+02,4.045901e+02,-2.890231e+02,4.546315e+01,-3.173107e-02
37.81400,4.500401e+02,-2.948659e+02,4.045557e+02,-2.947285e+02,4.548448e+01,-1.373734e-01
37.81500,4.500113e+02,-3.002727e+02,4.045073e+02,-3.000287e+02,4.550410e+01,-2.440116e-01
37.81600,4.499813e+02,-3.056377e+02,4.044593e+02,-3.052862e+02,4.552199e+01,-3.515608e-01
37.81700,4.499358e+02,-3.108113e+02,4.043978e+02,-3.103511e+02,4.553803e+01,-4.602178e-01
37.81800,4.498812e+02,-3.158503e+02,4.043291e+02,-3.152803e+02,4.555213e+01,-5.701197e-01
37.81900,4.498367e+02,-3.202255e+02,4.042722e+02,-3.195448e+02,4.556453e+01,-6.807513e-01
37.82000,4.497765e+02,-3.247825e+02,4.042014e+02,-3.239910e+02,4.557514e+01,-7.915160e-01
37.82100,4.497105e+02,-3.289284e+02,4.041265e+02,-3.280259e+02,4.558395e+01,-9.025147e-01
37.82200,4.496297e+02,-3.330287e+02,4.040389e+02,-3.320149e+02,4.559083e+01,-1.013815e+00
37.82300,4.495493e+02,-3.368176e+02,4.039534e+02,-3.356919e+02,4.559587e+01,-1.125734e+00
37.82400,4.494631e+02,-3.404544e+02,4.038640e+02,-3.392159e+02,4.559910e+01,-1.238465e+00
37.82500,4.493697e+02,-3.438292e+02,4.037692e+02,-3.424777e+02,4.560053e+01,-1.351499e+00
37.82600,4.492625e+02,-3.471489e+02,4.036624e+02,-3.456853e+02,4.560013e+01,-1.463672e+00
37.82700,4.491511e+02,-3.504373e+02,4.035531e+02,-3.488617e+02,4.559797e+01,-1.575725e+00
37.82800,4.490346e+02,-3.520803e+02,4.034405e+02,-3.503943e+02,4.559409e+01,-1.685901e+00
37.82900,4.489157e+02,-3.536524e+02,4.033272e+02,-3.518581e+02,4.558853e+01,-1.794323e+00
37.83000,4.487979e+02,-3.541447e+02,4.032166e+02,-3.522442e+02,4.558127e+01,-1.900482e+00
37.83100,4.486768e+02,-3.562899e+02,4.031045e+02,-3.542845e+02,4.557231e+01,-2.005403e+00
37.83200,4.485515e+02,-3.582685e+02,4.029897e+02,-3.561589e+02,4.556171e+01,-2.109598e+00
37.83300,4.484093e+02,-3.597181e+02,4.028599e+02,-3.575045e+02,4.554937e+01,-2.213549e+00
37.83400,4.482680e+02,-3.608318e+02,4.027327e+02,-3.585145e+02,4.553534e+01,-2.317305e+00
37.83500,4.481193e+02,-3.617463e+02,4.025996e+02,-3.593257e+02,4.551970e+01,-2.420551e+00
37.83600,4.479601e+02,-3.622603e+02,4.024576e+02,-3.597376e+02,4.550255e+01,-2.522689e+00
37.83700,4.477349e+02,-3.621939e+02,4.022508e+02,-3.595709e+02,4.548416e+01,-2.623031e+00
37.83800,4.477289e+02,-3.635775e+02,4.022651e+02,-3.608549e+02,4.546369e+01,-2.722506e+00
37.83900,4.475841e+02,-3.637880e+02,4.021429e+02,-3.609673e+02,4.544119e+01,-2.820660e+00
37.84000,4.474493e+02,-3.630634e+02,4.020317e+02,-3.601459e+02,4.541749e+01,-2.917444e+00
37.84100,4.472902e+02,-3.624205e+02,4.018977e+02,-3.594076e+02,4.539252e+01,-3.012916e+00
37.84200,4.471435e+02,-3.615755e+02,4.017773e+02,-3.584690e+02,4.536625e+01,-3.106489e+00
37.84300,4.469539e+02,-3.604478e+02,4.016155e+02,-3.572499e+02,4.533843e+01,-3.197857e+00
37.84400,4.468123e+02,-3.597624e+02,4.015028e+02,-3.564747e+02,4.530948e+01,-3.287764e+00
37.84500,4.466672e+02,-3.569015e+02,4.013878e+02,-3.535273e+02,4.527939e+01,-3.374124e+00
37.84600,4.465271e+02,-3.556717e+02,4.012786e+02,-3.522136e+02,4.524848e+01,-3.458082e+00
37.84700,4.462851e+02,-3.524701e+02,4.010683e+02,-3.489309e+02,4.521671e+01,-3.539243e+00
37.84800,4.461048e+02,-3.498523e+02,4.009209e+02,-3.462342e+02,4.518392e+01,-3.618156e+00
37.84900,4.459479e+02,-3.472012e+02,4.007976e+02,-3.435061e+02,4.515030e+01,-3.695067e+00
37.85000,4.457855e+02,-3.444584e+02,4.006697e+02,-3.406887e+02,4.511583e+01,-3.769780e+00
37.85100,4.456207e+02,-3.413759e+02,4.005403e+02,-3.375337e+02,4.508040e+01,-3.842267e+00
37.85200,4.454925e+02,-3.387982e+02,4.004479e+02,-3.348857e+02,4.504465e+01,-3.912485e+00
37.85300,4.453485e+02,-3.354985e+02,4.003400e+02,-3.315177e+02,4.500847e+01,-3.980799e+00
37.85400,4.451789e+02,-3.312007e+02,4.002072e+02,-3.271539e+02,4.497164e+01,-4.046713e+00
37.85500,4.450289e+02,-3.272038e+02,4.000946e+02,-3.230937e+02,4.493427e+01,-4.110143e+00
37.85600,4.448912e+02,-3.232882e+02,3.999947e+02,-3.191169e+02,4.489652e+01,-4.171266e+00
37.85700,4.447575e+02,-3.195112e+02,3.998992e+02,-3.152807e+02,4.485839e+01,-4.230429e+00
37.85800,4.446313e+02,-3.136615e+02,3.998115e+02,-3.093751e+02,4.481989e+01,-4.286433e+00
37.85900,4.444623e+02,-3.097825e+02,3.996815e+02,-3.054427e+02,4.478083e+01,-4.339773e+00
37.86000,4.443628e+02,-3.050816e+02,3.996211e+02,-3.006916e+02,4.474172e+01,-4.390033e+00
37.86100,4.442366e+02,-3.002371e+02,3.995341e+02,-2.957999e+02,4.470249e+01,-4.437229e+00
37.86200,4.440503e+02,-2.937519e+02,3.993870e+02,-2.892708e+02,4.466321e+01,-4.481169e+00
37.86300,4.438867e+02,-2.878277e+02,3.992626e+02,-2.833051e+02,4.462411e+01,-4.522582e+00
37.86400,4.437511e+02,-2.820828e+02,3.991661e+02,-2.775215e+02,4.458488e+01,-4.561336e+00
37.86500,4.436466e+02,-2.766281e+02,3.991009e+02,-2.720303e+02,4.454568e+01,-4.597889e+00
37.86600,4.435383e+02,-2.708789e+02,3.990317e+02,-2.662465e+02,4.450656e+01,-4.632316e+00
37.86700,4.434366e+02,-2.652205e+02,3.989691e+02,-2.605561e+02,4.446758e+01,-4.664310e+00
37.86800,4.433348e+02,-2.590522e+02,3.989061e+02,-2.543586e+02,4.442872e+01,-4.693556e+00
37.86900,4.432361e+02,-2.524131e+02,3.988461e+02,-2.476934e+02,4.439005e+01,-4.719731e+00
37.87000,4.431279e+02,-2.455465e+02,3.987765e+02,-2.408037e+02,4.435137e+01,-4.742761e+00
37.87100,4.430345e+02,-2.385743e+02,3.987218e+02,-2.338116e+02,4.431270e+01,-4.762715e+00
37.87200,4.429887e+02,-2.319206e+02,3.987139e+02,-2.271413e+02,4.427487e+01,-4.779315e+00
37.87300,4.428756e+02,-2.264119e+02,3.986385e+02,-2.216181e+02,4.423715e+01,-4.793788e+00
37.87400,4.427885e+02,-2.195672e+02,3.985889e+02,-2.147613e+02,4.419963e+01,-4.805917e+00
37.87500,4.427159e+02,-2.128440e+02,3.985534e+02,-2.080286e+02,4.416249e+01,-4.815457e+00
37.87600,4.426303e+02,-2.049257e+02,3.985047e+02,-2.001036e+02,4.412561e+01,-4.822065e+00
37.87700,4.425625e+02,-1.978863e+02,3.984733e+02,-1.930606e+02,4.408913e+01,-4.825666e+00
37.87800,4.425051e+02,-1.902868e+02,3.984519e+02,-1.854603e+02,4.405322e+01,-4.826468e+00
37.87900,4.424515e+02,-1.830123e+02,3.984335e+02,-1.781881e+02,4.401791e+01,-4.824195e+00
37.88000,4.423925e+02,-1.757505e+02,3.984093e+02,-1.709319e+02,4.398309e+01,-4.818604e+00
37.88100,4.423361e+02,-1.685676e+02,3.983873e+02,-1.637572e+02,4.394873e+01,-4.810371e+00
37.88200,4.422667e+02,-1.611766e+02,3.983520e+02,-1.563774e+02,4.391475e+01,-4.799199e+00
37.88300,4.422165e+02,-1.534919e+02,3.983349e+02,-1.487074e+02,4.388151e+01,-4.784521e+00
37.88400,4.422723e+02,-1.442511e+02,3.984236e+02,-1.394833e+02,4.384876e+01,-4.767781e+00
37.88500,4.422976e+02,-1.355710e+02,3.984813e+02,-1.308215e+02,4.381635e+01,-4.749543e+00
37.88600,4.422737e+02,-1.279162e+02,3.984892e+02,-1.231869e+02,4.378452e+01,-4.729270e+00
37.88700,4.422495e+02,-1.203713e+02,3.984961e+02,-1.156646e+02,4.375339e+01,-4.706733e+00
37.88800,4.422270e+02,-1.127634e+02,3.985040e+02,-1.080819e+02,4.372299e+01,-4.681509e+00
37.88900,4.422005e+02,-1.045018e+02,3.985073e+02,-9.984793e+01,4.369321e+01,-4.653907e+00
37.89000,4.421839e+02,-9.658733e+01,3.985198e+02,-9.196300e+01,4.366411e+01,-4.624331e+00
37.89100,4.421725e+02,-8.873087e+01,3.985367e+02,-8.413793e+01,4.363575e+01,-4.592933e+00
37.89200,4.421677e+02,-8.092313e+01,3.985595e+02,-7.636387e+01,4.360818e+01,-4.559295e+00
37.89300,4.421633e+02,-7.313933e+01,3.985819e+02,-6.861593e+01,4.358136e+01,-4.523418e+00
37.89400,4.421622e+02,-6.506902e+01,3.986069e+02,-6.058390e+01,4.355528e+01,-4.485125e+00
37.89500,4.421581e+02,-5.687848e+01,3.986282e+02,-5.243457e+01,4.352988e+01,-4.443905e+00
37.89600,4.421631e+02,-4.915802e+01,3.986579e+02,-4.475806e+01,4.350527e+01,-4.399963e+00
37.89700,4.421630e+02,-4.143313e+01,3.986816e+02,-3.707914e+01,4.348135e+01,-4.353989e+00
37.89800,4.421712e+02,-3.368633e+01,3.987130e+02,-2.938076e+01,4.345819e+01,-4.305567e+00
37.89900,4.421865e+02,-2.582774e+01,3.987507e+02,-2.157281e+01,4.343579e+01,-4.254924e+00
37.90000,4.422070e+02,-1.786095e+01,3.987929e+02,-1.365894e+01,4.341417e+01,-4.202013e+00
37.90100,4.421911e+02,-1.028277e+01,3.987982e+02,-6.136117e+00,4.339287e+01,-4.146654e+00
37.90200,4.421726e+02,-2.660261e+00,3.988003e+02,1.428573e+00,4.337223e+01,-4.088835e+00
37.90300,4.420926e+02,4.580366e+00,3.987405e+02,8.609580e+00,4.335210e+01,-4.029217e+00
37.90400,4.420409e+02,1.199573e+01,3.987083e+02,1.596412e+01,4.333257e+01,-3.968392e+00
37.90500,4.420556e+02,1.946048e+01,3.987419e+02,2.336660e+01,4.331377e+01,-3.906117e+00
37.90600,4.420691e+02,2.692084e+01,3.987734e+02,3.076295e+01,4.329572e+01,-3.842111e+00
37.90700,4.420805e+02,3.432077e+01,3.988021e+02,3.809692e+01,4.327837e+01,-3.776151e+00
37.90800,4.420899e+02,4.175215e+01,3.988283e+02,4.546041e+01,4.326170e+01,-3.708260e+00
37.90900,4.420932e+02,4.883665e+01,3.988476e+02,5.247505e+01,4.324563e+01,-3.638407e+00
37.91000,4.421021e+02,5.583179e+01,3.988719e+02,5.939883e+01,4.323021e+01,-3.567040e+00
37.91100,4.421101e+02,6.287904e+01,3.988946e+02,6.637308e+01,4.321543e+01,-3.494044e+00
37.91200,4.421175e+02,6.981900e+01,3.989163e+02,7.323833e+01,4.320125e+01,-3.419366e+00
37.91300,4.421225e+02,7.681900e+01,3.989349e+02,8.016193e+01,4.318763e+01,-3.342913e+00
37.91400,4.421357e+02,8.358353e+01,3.989611e+02,8.684820e+01,4.317464e+01,-3.264661e+00
37.91500,4.421277e+02,8.991487e+01,3.989657e+02,9.309953e+01,4.316206e+01,-3.184683e+00
37.91600,4.421133e+02,9.635347e+01,3.989636e+02,9.945733e+01,4.314977e+01,-3.103846e+00
37.91700,4.421436e+02,1.026073e+02,3.990054e+02,1.056295e+02,4.313817e+01,-3.022231e+00
37.91800,4.421468e+02,1.089087e+02,3.990197e+02,1.118487e+02,4.312717e+01,-2.939952e+00
37.91900,4.421525e+02,1.150869e+02,3.990358e+02,1.179437e+02,4.311674e+01,-2.856829e+00
37.92000,4.421525e+02,1.211216e+02,3.990457e+02,1.238940e+02,4.310684e+01,-2.772384e+00
37.92100,4.421524e+02,1.269132e+02,3.990549e+02,1.296000e+02,4.309743e+01,-2.686749e+00
37.92200,4.421463e+02,1.325052e+02,3.990579e+02,1.351054e+02,4.308841e+01,-2.600205e+00
37.92300,4.421497e+02,1.382331e+02,3.990699e+02,1.407457e+02,4.307987e+01,-2.512630e+00
37.92400,4.421487e+02,1.437093e+02,3.990770e+02,1.461332e+02,4.307175e+01,-2.423938e+00
37.92500,4.421410e+02,1.490872e+02,3.990770e+02,1.514212e+02,4.306397e+01,-2.333989e+00
37.92600,4.421378e+02,1.541250e+02,3.990813e+02,1.563683e+02,4.305657e+01,-2.243269e+00
37.92700,4.421398e+02,1.590743e+02,3.990902e+02,1.612261e+02,4.304961e+01,-2.151847e+00
37.92800,4.421325e+02,1.639579e+02,3.990895e+02,1.660177e+02,4.304298e+01,-2.059737e+00
37.92900,4.421268e+02,1.686581e+02,3.990901e+02,1.706249e+02,4.303670e+01,-1.966831e+00
37.93000,4.421359e+02,1.732419e+02,3.991049e+02,1.751151e+02,4.303095e+01,-1.873271e+00
37.93100,4.421239e+02,1.776892e+02,3.990983e+02,1.794687e+02,4.302562e+01,-1.779579e+00
37.93200,4.421211e+02,1.817863e+02,3.991003e+02,1.834721e+02,4.302077e+01,-1.685774e+00
37.93300,4.421212e+02,1.856940e+02,3.991047e+02,1.872859e+02,4.301645e+01,-1.591842e+00
37.93400,4.420946e+02,1.896205e+02,3.990822e+02,1.911181e+02,4.301239e+01,-1.497668e+00
37.93500,4.420727e+02,1.933859e+02,3.990641e+02,1.947890e+02,4.300859e+01,-1.403090e+00
37.93600,4.420545e+02,1.968916e+02,3.990493e+02,1.981998e+02,4.300514e+01,-1.308250e+00
37.93700,4.420315e+02,2.003571e+02,3.990294e+02,2.015703e+02,4.300213e+01,-1.213293e+00
37.93800,4.419577e+02,2.045675e+02,3.989580e+02,2.056862e+02,4.299969e+01,-1.118722e+00
37.93900,4.419523e+02,2.073281e+02,3.989545e+02,2.083519e+02,4.299777e+01,-1.023831e+00
37.94000,4.420286e+02,2.093831e+02,3.990327e+02,2.103119e+02,4.299596e+01,-9.287600e-01
37.94100,4.421365e+02,2.110671e+02,3.991425e+02,2.119010e+02,4.299405e+01,-8.338440e-01
37.94200,4.421957e+02,2.123664e+02,3.992039e+02,2.131061e+02,4.299185e+01,-7.396793e-01
37.94300,4.421687e+02,2.148751e+02,3.991790e+02,2.155207e+02,4.298965e+01,-6.455327e-01
37.94400,4.421352e+02,2.173856e+02,3.991478e+02,2.179368e+02,4.298743e+01,-5.512219e-01
37.94500,4.421145e+02,2.192067e+02,3.991293e+02,2.196644e+02,4.298527e+01,-4.576789e-01
37.94600,4.421157e+02,2.209691e+02,3.991323e+02,2.213339e+02,4.298339e+01,-3.648179e-01
37.94700,4.421074e+02,2.225248e+02,3.991257e+02,2.227979e+02,4.298166e+01,-2.730691e-01
37.94800,4.421279e+02,2.234435e+02,3.991473e+02,2.236255e+02,4.298055e+01,-1.820285e-01
37.94900,4.421231e+02,2.246907e+02,3.991433e+02,2.247823e+02,4.297978e+01,-9.162113e-02
37.95000,4.421375e+02,2.254363e+02,3.991580e+02,2.254383e+02,4.297952e+01,-1.956651e-03
37.95100,4.421440e+02,2.260533e+02,3.991643e+02,2.259661e+02,4.297971e+01,8.725300e-02
37.95200,4.421529e+02,2.263913e+02,3.991726e+02,2.262154e+02,4.298032e+01,1.759625e-01
37.95300,4.421534e+02,2.269087e+02,3.991720e+02,2.266447e+02,4.298137e+01,2.639193e-01
37.95400,4.422388e+02,2.280067e+02,3.992561e+02,2.276559e+02,4.298264e+01,3.508199e-01
37.95500,4.422503e+02,2.276240e+02,3.992661e+02,2.271869e+02,4.298416e+01,4.371150e-01
37.95600,4.422107e+02,2.267123e+02,3.992245e+02,2.261889e+02,4.298610e+01,5.234138e-01
37.95700,4.422161e+02,2.258572e+02,3.992277e+02,2.252483e+02,4.298833e+01,6.089423e-01
37.95800,4.422293e+02,2.252017e+02,3.992385e+02,2.245081e+02,4.299086e+01,6.935613e-01
37.95900,4.422928e+02,2.235996e+02,3.992987e+02,2.228235e+02,4.299407e+01,7.761113e-01
37.96000,4.423261e+02,2.221197e+02,3.993283e+02,2.212626e+02,4.299786e+01,8.570153e-01
37.96100,4.423615e+02,2.208541e+02,3.993591e+02,2.199181e+02,4.300238e+01,9.359753e-01
37.96200,4.423932e+02,2.193667e+02,3.993857e+02,2.183531e+02,4.300757e+01,1.013551e+00
37.96300,4.424334e+02,2.178496e+02,3.994199e+02,2.167593e+02,4.301348e+01,1.090221e+00
37.96400,4.424590e+02,2.155558e+02,3.994390e+02,2.143901e+02,4.302000e+01,1.165767e+00
37.96500,4.425007e+02,2.133717e+02,3.994735e+02,2.121315e+02,4.302721e+01,1.240175e+00
37.96600,4.425463e+02,2.110793e+02,3.995112e+02,2.097660e+02,4.303514e+01,1.313361e+00
37.96700,4.425996e+02,2.084416e+02,3.995557e+02,2.070565e+02,4.304385e+01,1.385078e+00
37.96800,4.426587e+02,2.052283e+02,3.996054e+02,2.037731e+02,4.305333e+01,1.455168e+00
37.96900,4.427170e+02,2.018247e+02,3.996535e+02,2.003009e+02,4.306357e+01,1.523739e+00
37.97000,4.428031e+02,1.983248e+02,3.997283e+02,1.967341e+02,4.307473e+01,1.590681e+00
37.97100,4.427888e+02,1.957537e+02,3.997029e+02,1.940976e+02,4.308591e+01,1.656087e+00
37.97200,4.427973e+02,1.919528e+02,3.996998e+02,1.902333e+02,4.309749e+01,1.719578e+00
37.97300,4.428813e+02,1.888291e+02,3.997711e+02,1.870479e+02,4.311020e+01,1.781099e+00
37.97400,4.429929e+02,1.854063e+02,3.998685e+02,1.835655e+02,4.312444e+01,1.840796e+00
37.97500,4.430751e+02,1.808900e+02,3.999353e+02,1.789920e+02,4.313985e+01,1.897960e+00
37.97600,4.431741e+02,1.761057e+02,4.000177e+02,1.741527e+02,4.315643e+01,1.952942e+00
37.97700,4.432587e+02,1.711264e+02,4.000847e+02,1.691202e+02,4.317405e+01,2.006211e+00
37.97800,4.433503e+02,1.663224e+02,4.001575e+02,1.642648e+02,4.319279e+01,2.057563e+00
37.97900,4.434375e+02,1.613479e+02,4.002250e+02,1.592409e+02,4.321249e+01,2.106907e+00
37.98000,4.435321e+02,1.563853e+02,4.002989e+02,1.542311e+02,4.323316e+01,2.154218e+00
37.98100,4.436320e+02,1.508471e+02,4.003772e+02,1.486479e+02,4.325484e+01,2.199267e+00
37.98200,4.437443e+02,1.452688e+02,4.004666e+02,1.430268e+02,4.327764e+01,2.242031e+00
37.98300,4.438515e+02,1.396929e+02,4.005501e+02,1.374105e+02,4.330149e+01,2.282373e+00
37.98400,4.439859e+02,1.336207e+02,4.006593e+02,1.313003e+02,4.332657e+01,2.320307e+00
37.98500,4.440444e+02,1.284659e+02,4.006921e+02,1.261093e+02,4.335227e+01,2.356563e+00
37.98600,4.441453e+02,1.224215e+02,4.007665e+02,1.200315e+02,4.337875e+01,2.389967e+00
37.98700,4.442649e+02,1.161555e+02,4.008587e+02,1.137352e+02,4.340623e+01,2.420300e+00
37.98800,4.443893e+02,1.097567e+02,4.009545e+02,1.073097e+02,4.343480e+01,2.447061e+00
37.98900,4.445139e+02,1.035986e+02,4.010493e+02,1.011273e+02,4.346455e+01,2.471317e+00
37.99000,4.446267e+02,9.706180e+01,4.011312e+02,9.456873e+01,4.349541e+01,2.493117e+00
37.99100,4.448172e+02,8.882607e+01,4.012899e+02,8.631407e+01,4.352737e+01,2.512024e+00
37.99200,4.449901e+02,8.119713e+01,4.014297e+02,7.866953e+01,4.356049e+01,2.527574e+00
37.99300,4.451305e+02,7.420340e+01,4.015357e+02,7.166307e+01,4.359473e+01,2.540328e+00
37.99400,4.452729e+02,6.714260e+01,4.016428e+02,6.459231e+01,4.363005e+01,2.550267e+00
37.99500,4.454172e+02,5.942050e+01,4.017509e+02,5.686345e+01,4.366637e+01,2.557049e+00
37.99600,4.455698e+02,5.186014e+01,4.018661e+02,4.929947e+01,4.370370e+01,2.560663e+00
37.99700,4.457306e+02,4.396375e+01,4.019886e+02,4.140266e+01,4.374203e+01,2.561089e+00
37.99800,4.458731e+02,3.651356e+01,4.020919e+02,3.395509e+01,4.378116e+01,2.558467e+00
37.99900,4.460322e+02,2.889711e+01,4.022110e+02,2.634440e+01,4.382114e+01,2.552717e+00
38.00000,4.461882e+02,2.107841e+01,4.023263e+02,1.853473e+01,4.386190e+01,2.543675e+00
38.00100,4.463473e+02,1.319025e+01,4.024439e+02,1.065900e+01,4.390342e+01,2.531250e+00
38.00200,4.465067e+02,5.035017e+00,4.025610e+02,2.519581e+00,4.394567e+01,2.515437e+00
38.00300,4.466673e+02,-3.421101e+00,4.026787e+02,-5.916821e+00,4.398863e+01,2.495721e+00
38.00400,4.468291e+02,-1.184590e+01,4.027967e+02,-1.431869e+01,4.403229e+01,2.472791e+00
38.00500,4.469906e+02,-2.022206e+01,4.029140e+02,-2.266859e+01,4.407659e+01,2.446527e+00
38.00600,4.471448e+02,-2.860505e+01,4.030235e+02,-3.102229e+01,4.412129e+01,2.417243e+00
38.00700,4.473416e+02,-3.661031e+01,4.031753e+02,-3.899636e+01,4.416634e+01,2.386055e+00
38.00800,4.475181e+02,-4.503783e+01,4.033065e+02,-4.738996e+01,4.421165e+01,2.352130e+00
38.00900,4.475904e+02,-5.360974e+01,4.033328e+02,-5.592527e+01,4.425759e+01,2.315535e+00
38.01000,4.477204e+02,-6.214956e+01,4.034166e+02,-6.442576e+01,4.430381e+01,2.276203e+00
38.01100,4.478716e+02,-7.083067e+01,4.035213e+02,-7.306447e+01,4.435028e+01,2.233794e+00
38.01200,4.479347e+02,-7.937947e+01,4.035375e+02,-8.156800e+01,4.439726e+01,2.188515e+00
38.01300,4.481060e+02,-8.788200e+01,4.036620e+02,-9.002293e+01,4.444398e+01,2.140905e+00
38.01400,4.482489e+02,-9.614893e+01,4.037583e+02,-9.823900e+01,4.449063e+01,2.090095e+00
38.01500,4.483768e+02,-1.045247e+02,4.038396e+02,-1.065608e+02,4.453720e+01,2.036057e+00
38.01600,4.484988e+02,-1.129842e+02,4.039153e+02,-1.149630e+02,4.458354e+01,1.978789e+00
38.01700,4.486135e+02,-1.215545e+02,4.039840e+02,-1.234734e+02,4.462943e+01,1.918859e+00
38.01800,4.487668e+02,-1.303340e+02,4.040915e+02,-1.321899e+02,4.467531e+01,1.855879e+00
38.01900,4.489181e+02,-1.390638e+02,4.041968e+02,-1.408542e+02,4.472129e+01,1.790404e+00
38.02000,4.490532e+02,-1.474184e+02,4.042861e+02,-1.491409e+02,4.476719e+01,1.722425e+00
38.02100,4.491297e+02,-1.554395e+02,4.043174e+02,-1.570920e+02,4.481229e+01,1.652440e+00
38.02200,4.492191e+02,-1.634927e+02,4.043627e+02,-1.650728e+02,4.485643e+01,1.580115e+00
38.02300,4.493695e+02,-1.717600e+02,4.044693e+02,-1.732650e+02,4.490018e+01,1.504958e+00
38.02400,4.494553e+02,-1.799675e+02,4.045119e+02,-1.813948e+02,4.494337e+01,1.427220e+00
38.02500,4.495299e+02,-1.874593e+02,4.045439e+02,-1.888069e+02,4.498595e+01,1.347569e+00
38.02600,4.496095e+02,-1.953922e+02,4.045818e+02,-1.966580e+02,4.502767e+01,1.265782e+00
38.02700,4.496869e+02,-2.032479e+02,4.046185e+02,-2.044297e+02,4.506837e+01,1.181782e+00
38.02800,4.497447e+02,-2.108685e+02,4.046369e+02,-2.119639e+02,4.510779e+01,1.095398e+00
38.02900,4.498071e+02,-2.183790e+02,4.046612e+02,-2.193858e+02,4.514595e+01,1.006764e+00
38.03000,4.498637e+02,-2.256233e+02,4.046808e+02,-2.265393e+02,4.518288e+01,9.159867e-01
38.03100,4.499143e+02,-2.331367e+02,4.046957e+02,-2.339593e+02,4.521855e+01,8.226720e-01
38.03200,4.499580e+02,-2.403548e+02,4.047051e+02,-2.410822e+02,4.525288e+01,7.274113e-01
38.03300,4.499985e+02,-2.474032e+02,4.047127e+02,-2.480335e+02,4.528585e+01,6.303589e-01
38.03400,4.500261e+02,-2.541989e+02,4.047087e+02,-2.547304e+02,4.531735e+01,5.314637e-01
38.03500,4.500475e+02,-2.608925e+02,4.047001e+02,-2.613238e+02,4.534733e+01,4.312299e-01
38.03600,4.500640e+02,-2.673993e+02,4.046881e+02,-2.677292e+02,4.537583e+01,3.299318e-01
38.03700,4.500687e+02,-2.739284e+02,4.046659e+02,-2.741560e+02,4.540278e+01,2.275461e-01
38.03800,4.500723e+02,-2.802631e+02,4.046440e+02,-2.803873e+02,4.542822e+01,1.241439e-01
38.03900,4.500611e+02,-2.862087e+02,4.046091e+02,-2.862287e+02,4.545199e+01,2.006079e-02
38.04000,4.500452e+02,-2.919709e+02,4.045711e+02,-2.918860e+02,4.547408e+01,-8.498793e-02
38.04100,4.500309e+02,-2.976822e+02,4.045363e+02,-2.974911e+02,4.549459e+01,-1.911093e-01
38.04200,4.499961e+02,-3.030670e+02,4.044828e+02,-3.027688e+02,4.551335e+01,-2.982506e-01
38.04300,4.499613e+02,-3.081373e+02,4.044310e+02,-3.077309e+02,4.553033e+01,-4.063023e-01
38.04400,4.499083e+02,-3.134470e+02,4.043629e+02,-3.129315e+02,4.554539e+01,-5.155361e-01
38.04500,4.498604e+02,-3.180589e+02,4.043017e+02,-3.174329e+02,4.555865e+01,-6.259552e-01
38.04600,4.498058e+02,-3.225891e+02,4.042357e+02,-3.218525e+02,4.557013e+01,-7.365967e-01
38.04700,4.497455e+02,-3.268763e+02,4.041657e+02,-3.260289e+02,4.557985e+01,-8.474833e-01
38.04800,4.496684e+02,-3.310090e+02,4.040807e+02,-3.300505e+02,4.558765e+01,-9.585367e-01
38.04900,4.495893e+02,-3.349320e+02,4.039957e+02,-3.338619e+02,4.559359e+01,-1.070147e+00
38.05000,4.495072e+02,-3.386789e+02,4.039095e+02,-3.374965e+02,4.559772e+01,-1.182499e+00
38.05100,4.494180e+02,-3.421705e+02,4.038179e+02,-3.408747e+02,4.560005e+01,-1.295828e+00
38.05200,4.493171e+02,-3.455225e+02,4.037165e+02,-3.441141e+02,4.560057e+01,-1.408383e+00
38.05300,4.492055e+02,-3.488301e+02,4.036062e+02,-3.473097e+02,4.559925e+01,-1.520361e+00
38.05400,4.490913e+02,-3.516200e+02,4.034951e+02,-3.499881e+02,4.559621e+01,-1.631847e+00
38.05500,4.489744e+02,-3.526480e+02,4.033829e+02,-3.509071e+02,4.559147e+01,-1.740940e+00
38.05600,4.488583e+02,-3.537578e+02,4.032733e+02,-3.519099e+02,4.558507e+01,-1.847950e+00
38.05700,4.487375e+02,-3.552752e+02,4.031606e+02,-3.533217e+02,4.557695e+01,-1.953529e+00
38.05800,4.486125e+02,-3.574638e+02,4.030454e+02,-3.554058e+02,4.556714e+01,-2.057968e+00
38.05900,4.484809e+02,-3.590800e+02,4.029253e+02,-3.569181e+02,4.555565e+01,-2.161958e+00
38.06000,4.483382e+02,-3.603631e+02,4.027957e+02,-3.580973e+02,4.554245e+01,-2.265797e+00
38.06100,4.481868e+02,-3.612766e+02,4.026593e+02,-3.589071e+02,4.552751e+01,-2.369450e+00
38.06200,4.480425e+02,-3.619903e+02,4.025314e+02,-3.595181e+02,4.551109e+01,-2.472263e+00
38.06300,4.478674e+02,-3.624670e+02,4.023741e+02,-3.598935e+02,4.549327e+01,-2.573505e+00
38.06400,4.476593e+02,-3.623153e+02,4.021851e+02,-3.596422e+02,4.547413e+01,-2.673128e+00
38.06500,4.476686e+02,-3.639319e+02,4.022160e+02,-3.611600e+02,4.545260e+01,-2.771983e+00
38.06600,4.475269e+02,-3.633106e+02,4.020973e+02,-3.604411e+02,4.542962e+01,-2.869465e+00
38.06700,4.473787e+02,-3.629372e+02,4.019733e+02,-3.599715e+02,4.540539e+01,-2.965665e+00
38.06800,4.472145e+02,-3.619693e+02,4.018347e+02,-3.589089e+02,4.537976e+01,-3.060315e+00
38.06900,4.470353e+02,-3.608962e+02,4.016827e+02,-3.577435e+02,4.535259e+01,-3.152698e+00
38.07000,4.468799e+02,-3.601035e+02,4.015558e+02,-3.568603e+02,4.532411e+01,-3.243207e+00
38.07100,4.467352e+02,-3.586079e+02,4.014407e+02,-3.552763e+02,4.529455e+01,-3.331590e+00
38.07200,4.466447e+02,-3.558674e+02,4.013809e+02,-3.524509e+02,4.526381e+01,-3.416543e+00
38.07300,4.464231e+02,-3.546153e+02,4.011905e+02,-3.511161e+02,4.523261e+01,-3.499258e+00
38.07400,4.461843e+02,-3.510739e+02,4.009840e+02,-3.474947e+02,4.520030e+01,-3.579262e+00
38.07500,4.460240e+02,-3.485585e+02,4.008569e+02,-3.449013e+02,4.516709e+01,-3.657137e+00
38.07600,4.458653e+02,-3.458029e+02,4.007322e+02,-3.420699e+02,4.513305e+01,-3.732964e+00
38.07700,4.456942e+02,-3.428203e+02,4.005962e+02,-3.390139e+02,4.509801e+01,-3.806514e+00
38.07800,4.455771e+02,-3.404903e+02,4.005144e+02,-3.366123e+02,4.506269e+01,-3.878023e+00
38.07900,4.454051e+02,-3.369340e+02,4.003784e+02,-3.329868e+02,4.502667e+01,-3.947175e+00
38.08000,4.452693e+02,-3.335948e+02,4.002791e+02,-3.295805e+02,4.499022e+01,-4.014329e+00
38.08100,4.450985e+02,-3.290993e+02,4.001455e+02,-3.250202e+02,4.495309e+01,-4.079031e+00
38.08200,4.449559e+02,-3.251403e+02,4.000403e+02,-3.209991e+02,4.491548e+01,-4.141262e+00
38.08300,4.448243e+02,-3.214621e+02,3.999467e+02,-3.172607e+02,4.487758e+01,-4.201338e+00
38.08400,4.446946e+02,-3.165243e+02,3.998553e+02,-3.122654e+02,4.483930e+01,-4.258901e+00
38.08500,4.445294e+02,-3.118604e+02,3.997291e+02,-3.075466e+02,4.480036e+01,-4.313818e+00
38.08600,4.444125e+02,-3.072919e+02,3.996512e+02,-3.029264e+02,4.476125e+01,-4.365549e+00
38.08700,4.443184e+02,-3.030453e+02,3.995963e+02,-2.986310e+02,4.472211e+01,-4.414233e+00
38.08800,4.441267e+02,-2.966072e+02,3.994439e+02,-2.921474e+02,4.468279e+01,-4.459833e+00
38.08900,4.439849e+02,-2.907690e+02,3.993411e+02,-2.862667e+02,4.464371e+01,-4.502299e+00
38.09000,4.438074e+02,-2.849598e+02,3.992029e+02,-2.804176e+02,4.460452e+01,-4.542205e+00
38.09100,4.436981e+02,-2.793520e+02,3.991327e+02,-2.747721e+02,4.456533e+01,-4.579897e+00
38.09200,4.435864e+02,-2.736521e+02,3.990603e+02,-2.690367e+02,4.452613e+01,-4.615500e+00
38.09300,4.434859e+02,-2.679785e+02,3.989989e+02,-2.633297e+02,4.448706e+01,-4.648731e+00
38.09400,4.433868e+02,-2.624925e+02,3.989387e+02,-2.578129e+02,4.444815e+01,-4.679544e+00
38.09500,4.432800e+02,-2.554355e+02,3.988707e+02,-2.507283e+02,4.440933e+01,-4.707164e+00
38.09600,4.431831e+02,-2.490987e+02,3.988125e+02,-2.443669e+02,4.437066e+01,-4.731759e+00
38.09700,4.430805e+02,-2.420122e+02,3.987485e+02,-2.372590e+02,4.433201e+01,-4.753235e+00
38.09800,4.430075e+02,-2.352167e+02,3.987137e+02,-2.304453e+02,4.429371e+01,-4.771494e+00
38.09900,4.429342e+02,-2.292049e+02,3.986781e+02,-2.244179e+02,4.425602e+01,-4.787011e+00
38.10000,4.428287e+02,-2.229297e+02,3.986103e+02,-2.181293e+02,4.421837e+01,-4.800337e+00
38.10100,4.427507e+02,-2.162397e+02,3.985697e+02,-2.114285e+02,4.418100e+01,-4.811233e+00
38.10200,4.426730e+02,-2.088464e+02,3.985291e+02,-2.040272e+02,4.414396e+01,-4.819219e+00
38.10300,4.425947e+02,-2.013046e+02,3.984875e+02,-1.964803e+02,4.410725e+01,-4.824329e+00
38.10400,4.425328e+02,-1.939346e+02,3.984617e+02,-1.891082e+02,4.407104e+01,-4.826444e+00
38.10500,4.424781e+02,-1.865930e+02,3.984427e+02,-1.817672e+02,4.403543e+01,-4.825789e+00
38.10600,4.424236e+02,-1.793977e+02,3.984232e+02,-1.745759e+02,4.400038e+01,-4.821786e+00
38.10700,4.423645e+02,-1.720329e+02,3.983987e+02,-1.672181e+02,4.396579e+01,-4.814795e+00
38.10800,4.423063e+02,-1.650992e+02,3.983747e+02,-1.602939e+02,4.393166e+01,-4.805239e+00
38.10900,4.422413e+02,-1.570998e+02,3.983433e+02,-1.523075e+02,4.389807e+01,-4.792233e+00
38.11000,4.422385e+02,-1.488671e+02,3.983735e+02,-1.440906e+02,4.386505e+01,-4.776454e+00
38.11100,4.422732e+02,-1.398357e+02,3.984407e+02,-1.350770e+02,4.383247e+01,-4.758723e+00
38.11200,4.422885e+02,-1.318264e+02,3.984882e+02,-1.270869e+02,4.380031e+01,-4.739535e+00
38.11300,4.422620e+02,-1.240257e+02,3.984932e+02,-1.193076e+02,4.376881e+01,-4.718117e+00
38.11400,4.422400e+02,-1.165921e+02,3.985020e+02,-1.118978e+02,4.373803e+01,-4.694377e+00
38.11500,4.422123e+02,-1.085223e+02,3.985043e+02,-1.038545e+02,4.370791e+01,-4.667826e+00
38.11600,4.421923e+02,-1.004765e+02,3.985139e+02,-9.583720e+01,4.367847e+01,-4.639294e+00
38.11700,4.421759e+02,-9.262820e+01,3.985262e+02,-8.801933e+01,4.364971e+01,-4.608871e+00
38.11800,4.421710e+02,-8.475207e+01,3.985493e+02,-8.017573e+01,4.362176e+01,-4.576347e+00
38.11900,4.421643e+02,-7.698907e+01,3.985698e+02,-7.244753e+01,4.359457e+01,-4.541521e+00
38.12000,4.421637e+02,-6.912127e+01,3.985955e+02,-6.461685e+01,4.356813e+01,-4.504433e+00
38.12100,4.421590e+02,-6.094799e+01,3.986166e+02,-5.648323e+01,4.354238e+01,-4.464755e+00
38.12200,4.421637e+02,-5.284245e+01,3.986463e+02,-4.842050e+01,4.351742e+01,-4.421944e+00
38.12300,4.421609e+02,-4.533967e+01,3.986677e+02,-4.096268e+01,4.349315e+01,-4.376985e+00
38.12400,4.421673e+02,-3.750350e+01,3.986977e+02,-3.317369e+01,4.346962e+01,-4.329810e+00
38.12500,4.421770e+02,-2.964677e+01,3.987302e+02,-2.536653e+01,4.344683e+01,-4.280251e+00
38.12600,4.421973e+02,-2.181612e+01,3.987725e+02,-1.758763e+01,4.342481e+01,-4.228493e+00
38.12700,4.421969e+02,-1.409537e+01,3.987935e+02,-9.920980e+00,4.340337e+01,-4.174398e+00
38.12800,4.422037e+02,-6.397577e+00,3.988213e+02,-2.279876e+00,4.338237e+01,-4.117701e+00
38.12900,4.421263e+02,1.004601e+00,3.987643e+02,5.063441e+00,4.336205e+01,-4.058839e+00
38.13000,4.420431e+02,8.294500e+00,3.987009e+02,1.229306e+01,4.334217e+01,-3.998557e+00
38.13100,4.420508e+02,1.574465e+01,3.987278e+02,1.968174e+01,4.332300e+01,-3.937086e+00
38.13200,4.420665e+02,2.344149e+01,3.987619e+02,2.731542e+01,4.330461e+01,-3.873932e+00
38.13300,4.420781e+02,3.059524e+01,3.987912e+02,3.440420e+01,4.328694e+01,-3.808963e+00
38.13400,4.420872e+02,3.810042e+01,3.988173e+02,4.184243e+01,4.326996e+01,-3.742012e+00
38.13500,4.420906e+02,4.536481e+01,3.988370e+02,4.903793e+01,4.325358e+01,-3.673132e+00
38.13600,4.420966e+02,5.236081e+01,3.988588e+02,5.596325e+01,4.323782e+01,-3.602440e+00
38.13700,4.421071e+02,5.936055e+01,3.988843e+02,6.289083e+01,4.322273e+01,-3.530286e+00
38.13800,4.421143e+02,6.642723e+01,3.989060e+02,6.988367e+01,4.320827e+01,-3.456438e+00
38.13900,4.421194e+02,7.335653e+01,3.989250e+02,7.673740e+01,4.319437e+01,-3.380859e+00
38.14000,4.421305e+02,8.036053e+01,3.989494e+02,8.366400e+01,4.318107e+01,-3.303451e+00
38.14100,4.421336e+02,8.681480e+01,3.989653e+02,9.003920e+01,4.316830e+01,-3.224359e+00
38.14200,4.421241e+02,9.315960e+01,3.989682e+02,9.630340e+01,4.315590e+01,-3.143772e+00
38.14300,4.421296e+02,9.953720e+01,3.989856e+02,1.025998e+02,4.314398e+01,-3.062597e+00
38.14400,4.421419e+02,1.057665e+02,3.990092e+02,1.087469e+02,4.313265e+01,-2.980482e+00
38.14500,4.421479e+02,1.120583e+02,3.990260e+02,1.149561e+02,4.312193e+01,-2.897879e+00
38.14600,4.421533e+02,1.181673e+02,3.990415e+02,1.209815e+02,4.311178e+01,-2.814193e+00
38.14700,4.421528e+02,1.240171e+02,3.990507e+02,1.267461e+02,4.310214e+01,-2.729013e+00
38.14800,4.421479e+02,1.296347e+02,3.990551e+02,1.322777e+02,4.309292e+01,-2.643016e+00
38.14900,4.421479e+02,1.354049e+02,3.990637e+02,1.379609e+02,4.308413e+01,-2.555984e+00
38.15000,4.421484e+02,1.410239e+02,3.990726e+02,1.434918e+02,4.307579e+01,-2.467860e+00
38.15100,4.421456e+02,1.464595e+02,3.990777e+02,1.488381e+02,4.306785e+01,-2.378621e+00
38.15200,4.421389e+02,1.517059e+02,3.990787e+02,1.539942e+02,4.306026e+01,-2.288324e+00
38.15300,4.421374e+02,1.565983e+02,3.990843e+02,1.587955e+02,4.305306e+01,-2.197216e+00
38.15400,4.421359e+02,1.616665e+02,3.990896e+02,1.637719e+02,4.304625e+01,-2.105371e+00
38.15500,4.421311e+02,1.664170e+02,3.990913e+02,1.684299e+02,4.303981e+01,-2.012935e+00
38.15600,4.421279e+02,1.709220e+02,3.990941e+02,1.728415e+02,4.303376e+01,-1.919473e+00
38.15700,4.421332e+02,1.755603e+02,3.991050e+02,1.773860e+02,4.302825e+01,-1.825769e+00
38.15800,4.421261e+02,1.799099e+02,3.991029e+02,1.816420e+02,4.302324e+01,-1.732058e+00
38.15900,4.421183e+02,1.837980e+02,3.990996e+02,1.854362e+02,4.301864e+01,-1.638207e+00
38.16000,4.421102e+02,1.876983e+02,3.990957e+02,1.892425e+02,4.301446e+01,-1.544186e+00
38.16100,4.420832e+02,1.915293e+02,3.990727e+02,1.929792e+02,4.301053e+01,-1.449865e+00
38.16200,4.420631e+02,1.951390e+02,3.990562e+02,1.964941e+02,4.300688e+01,-1.355160e+00
38.16300,4.420450e+02,1.985736e+02,3.990413e+02,1.998338e+02,4.300364e+01,-1.260241e+00
38.16400,4.420097e+02,2.022798e+02,3.990088e+02,2.034451e+02,4.300088e+01,-1.165319e+00
38.16500,4.419465e+02,2.060819e+02,3.989478e+02,2.071525e+02,4.299869e+01,-1.070598e+00
38.16600,4.419616e+02,2.086243e+02,3.989647e+02,2.095999e+02,4.299694e+01,-9.755467e-01
38.16700,4.420762e+02,2.103441e+02,3.990811e+02,2.112247e+02,4.299514e+01,-8.805547e-01
38.16800,4.421973e+02,2.115554e+02,3.992043e+02,2.123415e+02,4.299299e+01,-7.860813e-01
38.16900,4.421804e+02,2.131971e+02,3.991897e+02,2.138895e+02,4.299073e+01,-6.924793e-01
38.17000,4.421542e+02,2.165155e+02,3.991656e+02,2.171135e+02,4.298863e+01,-5.979984e-01
38.17100,4.421169e+02,2.183323e+02,3.991304e+02,2.188363e+02,4.298641e+01,-5.040448e-01
38.17200,4.421145e+02,2.201517e+02,3.991301e+02,2.205626e+02,4.298439e+01,-4.108615e-01
38.17300,4.421155e+02,2.217833e+02,3.991329e+02,2.221019e+02,4.298265e+01,-3.186859e-01
38.17400,4.421212e+02,2.229715e+02,3.991399e+02,2.231988e+02,4.298129e+01,-2.272234e-01
38.17500,4.421246e+02,2.241100e+02,3.991443e+02,2.242464e+02,4.298034e+01,-1.364431e-01
38.17600,4.421287e+02,2.251287e+02,3.991489e+02,2.251750e+02,4.297979e+01,-4.634987e-02
38.17700,4.421400e+02,2.257733e+02,3.991603e+02,2.257302e+02,4.297973e+01,4.311091e-02
38.17800,4.421487e+02,2.262331e+02,3.991686e+02,2.261011e+02,4.298011e+01,1.320270e-01
38.17900,4.421559e+02,2.266703e+02,3.991749e+02,2.264499e+02,4.298091e+01,2.203674e-01
38.18000,4.421366e+02,2.269309e+02,3.991543e+02,2.266232e+02,4.298226e+01,3.077299e-01
38.18100,4.422812e+02,2.283256e+02,3.992976e+02,2.279315e+02,4.298362e+01,3.941546e-01
38.18200,4.422163e+02,2.268619e+02,3.992309e+02,2.263813e+02,4.298537e+01,4.805658e-01
38.18300,4.422165e+02,2.262116e+02,3.992291e+02,2.256452e+02,4.298745e+01,5.664181e-01
38.18400,4.422072e+02,2.258620e+02,3.992175e+02,2.252103e+02,4.298970e+01,6.517641e-01
38.18500,4.422661e+02,2.244177e+02,3.992735e+02,2.236824e+02,4.299253e+01,7.353700e-01
38.18600,4.423189e+02,2.228812e+02,3.993228e+02,2.220643e+02,4.299609e+01,8.169847e-01
38.18700,4.423351e+02,2.212691e+02,3.993351e+02,2.203722e+02,4.300001e+01,8.968307e-01
38.18800,4.423821e+02,2.202135e+02,3.993773e+02,2.192384e+02,4.300483e+01,9.750733e-01
38.18900,4.424134e+02,2.185813e+02,3.994031e+02,2.175291e+02,4.301035e+01,1.052233e+00
38.19000,4.424489e+02,2.168233e+02,3.994324e+02,2.156950e+02,4.301658e+01,1.128275e+00
38.19100,4.424813e+02,2.144852e+02,3.994578e+02,2.132819e+02,4.302347e+01,1.203322e+00
38.19200,4.425255e+02,2.121999e+02,3.994944e+02,2.109228e+02,4.303107e+01,1.277139e+00
38.19300,4.425745e+02,2.099973e+02,3.995351e+02,2.086475e+02,4.303941e+01,1.349737e+00
38.19400,4.426287e+02,2.065881e+02,3.995801e+02,2.051676e+02,4.304851e+01,1.420493e+00
38.19500,4.426892e+02,2.036720e+02,3.996308e+02,2.021821e+02,4.305839e+01,1.489833e+00
38.19600,4.427559e+02,2.001071e+02,3.996869e+02,1.985495e+02,4.306906e+01,1.557617e+00
38.19700,4.428259e+02,1.967719e+02,3.997453e+02,1.951481e+02,4.308053e+01,1.623743e+00
38.19800,4.427843e+02,1.939220e+02,3.996925e+02,1.922337e+02,4.309177e+01,1.688333e+00
38.19900,4.428281e+02,1.906471e+02,3.997243e+02,1.888963e+02,4.310385e+01,1.750849e+00
38.20000,4.429389e+02,1.872389e+02,3.998215e+02,1.854273e+02,4.311737e+01,1.811569e+00
38.20100,4.430320e+02,1.830921e+02,3.998999e+02,1.812223e+02,4.313215e+01,1.869760e+00
38.20200,4.431249e+02,1.783417e+02,3.999767e+02,1.764160e+02,4.314812e+01,1.925709e+00
38.20300,4.432164e+02,1.737222e+02,4.000512e+02,1.717423e+02,4.316521e+01,1.979873e+00
38.20400,4.433043e+02,1.686705e+02,4.001210e+02,1.666383e+02,4.318338e+01,2.032205e+00
38.20500,4.433970e+02,1.638713e+02,4.001943e+02,1.617888e+02,4.320265e+01,2.082579e+00
38.20600,4.434856e+02,1.588053e+02,4.002627e+02,1.566744e+02,4.322285e+01,2.130911e+00
38.20700,4.435821e+02,1.536849e+02,4.003381e+02,1.515078e+02,4.324403e+01,2.177133e+00
38.20800,4.436879e+02,1.480304e+02,4.004216e+02,1.458093e+02,4.326627e+01,2.221056e+00
38.20900,4.437955e+02,1.424432e+02,4.005059e+02,1.401806e+02,4.328957e+01,2.262627e+00
38.21000,4.439148e+02,1.367988e+02,4.006008e+02,1.344971e+02,4.331400e+01,2.301689e+00
38.21100,4.440298e+02,1.308050e+02,4.006903e+02,1.284663e+02,4.333951e+01,2.338655e+00
38.21200,4.440884e+02,1.255830e+02,4.007228e+02,1.232093e+02,4.336556e+01,2.373629e+00
38.21300,4.442059e+02,1.192349e+02,4.008133e+02,1.168293e+02,4.339254e+01,2.405498e+00
38.21400,4.443246e+02,1.128654e+02,4.009041e+02,1.104313e+02,4.342053e+01,2.434175e+00
38.21500,4.444563e+02,1.065869e+02,4.010066e+02,1.041273e+02,4.344971e+01,2.459587e+00
38.21600,4.445739e+02,1.002763e+02,4.010939e+02,9.779373e+01,4.348004e+01,2.482490e+00
38.21700,4.447191e+02,9.296760e+01,4.012075e+02,9.046473e+01,4.351148e+01,2.502900e+00
38.21800,4.449108e+02,8.488873e+01,4.013668e+02,8.236880e+01,4.354403e+01,2.519971e+00
38.21900,4.450587e+02,7.770367e+01,4.014811e+02,7.516960e+01,4.357771e+01,2.534070e+00
38.22000,4.452015e+02,7.088873e+01,4.015890e+02,6.834320e+01,4.361251e+01,2.545525e+00
38.22100,4.453447e+02,6.311897e+01,4.016963e+02,6.056509e+01,4.364834e+01,2.553885e+00
38.22200,4.454927e+02,5.563539e+01,4.018075e+02,5.307629e+01,4.368516e+01,2.559097e+00
38.22300,4.456476e+02,4.794202e+01,4.019246e+02,4.538089e+01,4.372297e+01,2.561127e+00
38.22400,4.458129e+02,4.006375e+01,4.020511e+02,3.750381e+01,4.376180e+01,2.559951e+00
38.22500,4.459512e+02,3.270425e+01,4.021499e+02,3.014849e+01,4.380137e+01,2.555749e+00
38.22600,4.461097e+02,2.495739e+01,4.022679e+02,2.240895e+01,4.384173e+01,2.548437e+00
38.22700,4.462653e+02,1.728169e+01,4.023825e+02,1.474395e+01,4.388285e+01,2.537738e+00
38.22800,4.464272e+02,9.112160e+00,4.025025e+02,6.588472e+00,4.392472e+01,2.523691e+00
38.22900,4.465887e+02,7.751187e-01,4.026213e+02,-1.730509e+00,4.396735e+01,2.505627e+00
38.23000,4.467488e+02,-7.713673e+00,4.027381e+02,-1.019807e+01,4.401067e+01,2.484391e+00
38.23100,4.469101e+02,-1.608268e+01,4.028554e+02,-1.854249e+01,4.405465e+01,2.459813e+00
38.23200,4.470706e+02,-2.448431e+01,4.029713e+02,-2.691627e+01,4.409923e+01,2.431961e+00
38.23300,4.472479e+02,-3.255704e+01,4.031037e+02,-3.495889e+01,4.414417e+01,2.401851e+00
38.23400,4.474305e+02,-4.090271e+01,4.032411e+02,-4.327208e+01,4.418933e+01,2.369367e+00
38.23500,4.475530e+02,-4.929561e+01,4.033181e+02,-5.162971e+01,4.423495e+01,2.334095e+00
38.23600,4.476593e+02,-5.802550e+01,4.033783e+02,-6.032161e+01,4.428105e+01,2.296103e+00
38.23700,4.477959e+02,-6.659067e+01,4.034685e+02,-6.884587e+01,4.432740e+01,2.255196e+00
38.23800,4.478961e+02,-7.512640e+01,4.035219e+02,-7.733773e+01,4.437414e+01,2.211336e+00
38.23900,4.480297e+02,-8.368213e+01,4.036086e+02,-8.584693e+01,4.442102e+01,2.164761e+00
38.24000,4.481764e+02,-9.207620e+01,4.037087e+02,-9.419187e+01,4.446764e+01,2.115683e+00
38.24100,4.483126e+02,-1.003601e+02,4.037984e+02,-1.024233e+02,4.451425e+01,2.063239e+00
38.24200,4.484385e+02,-1.088197e+02,4.038778e+02,-1.108273e+02,4.456071e+01,2.007581e+00
38.24300,4.485581e+02,-1.172083e+02,4.039512e+02,-1.191572e+02,4.460684e+01,1.948925e+00
38.24400,4.486857e+02,-1.260508e+02,4.040331e+02,-1.279383e+02,4.465267e+01,1.887461e+00
38.24500,4.488437e+02,-1.346832e+02,4.041451e+02,-1.365065e+02,4.469857e+01,1.823216e+00
38.24600,4.489859e+02,-1.433483e+02,4.042413e+02,-1.451047e+02,4.474449e+01,1.756435e+00
38.24700,4.491023e+02,-1.515405e+02,4.043121e+02,-1.532277e+02,4.479009e+01,1.687189e+00
38.24800,4.491569e+02,-1.594705e+02,4.043223e+02,-1.610866e+02,4.483459e+01,1.616118e+00
38.24900,4.493009e+02,-1.676445e+02,4.044225e+02,-1.691869e+02,4.487851e+01,1.542427e+00
38.25000,4.494212e+02,-1.760854e+02,4.044992e+02,-1.775513e+02,4.492195e+01,1.465867e+00
38.25100,4.494927e+02,-1.835885e+02,4.045278e+02,-1.849757e+02,4.496493e+01,1.387126e+00
38.25200,4.495710e+02,-1.914449e+02,4.045639e+02,-1.927513e+02,4.500713e+01,1.306407e+00
38.25300,4.496503e+02,-1.994403e+02,4.046019e+02,-2.006638e+02,4.504837e+01,1.223491e+00
38.25400,4.497178e+02,-2.070431e+02,4.046293e+02,-2.081815e+02,4.508845e+01,1.138331e+00
38.25500,4.497773e+02,-2.146741e+02,4.046501e+02,-2.157249e+02,4.512725e+01,1.050826e+00
38.25600,4.498378e+02,-2.219887e+02,4.046729e+02,-2.229498e+02,4.516483e+01,9.610873e-01
38.25700,4.498895e+02,-2.294413e+02,4.046884e+02,-2.303105e+02,4.520113e+01,8.691307e-01
38.25800,4.499355e+02,-2.367796e+02,4.046993e+02,-2.375543e+02,4.523612e+01,7.747067e-01
38.25900,4.499785e+02,-2.440027e+02,4.047088e+02,-2.446812e+02,4.526977e+01,6.785873e-01
38.26000,4.500139e+02,-2.508893e+02,4.047119e+02,-2.514699e+02,4.530199e+01,5.805786e-01
38.26100,4.500359e+02,-2.575861e+02,4.047032e+02,-2.580671e+02,4.533270e+01,4.809003e-01
38.26200,4.500575e+02,-2.641467e+02,4.046955e+02,-2.645269e+02,4.536195e+01,3.801359e-01
38.26300,4.500650e+02,-2.706219e+02,4.046753e+02,-2.709001e+02,4.538965e+01,2.783207e-01
38.26400,4.500726e+02,-2.772879e+02,4.046567e+02,-2.774635e+02,4.541585e+01,1.756062e-01
38.26500,4.500679e+02,-2.832931e+02,4.046275e+02,-2.833648e+02,4.544047e+01,7.177233e-02
38.26600,4.500531e+02,-2.891151e+02,4.045897e+02,-2.890823e+02,4.546338e+01,-3.283801e-02
38.26700,4.500400e+02,-2.949259e+02,4.045553e+02,-2.947874e+02,4.548469e+01,-1.384914e-01
38.26800,4.500110e+02,-3.003298e+02,4.045067e+02,-3.000847e+02,4.550429e+01,-2.451402e-01
38.26900,4.499809e+02,-3.056877e+02,4.044587e+02,-3.053351e+02,4.552217e+01,-3.526975e-01
38.27000,4.499353e+02,-3.108661e+02,4.043971e+02,-3.104047e+02,4.553818e+01,-4.613661e-01
38.27100,4.498807e+02,-3.158981e+02,4.043284e+02,-3.153269e+02,4.555226e+01,-5.712849e-01
38.27200,4.498361e+02,-3.202751e+02,4.042715e+02,-3.195933e+02,4.556465e+01,-6.819187e-01
38.27300,4.497759e+02,-3.248278e+02,4.042007e+02,-3.240351e+02,4.557524e+01,-7.926853e-01
38.27400,4.497097e+02,-3.289718e+02,4.041257e+02,-3.280681e+02,4.558403e+01,-9.036847e-01
38.27500,4.496288e+02,-3.330697e+02,4.040379e+02,-3.320547e+02,4.559089e+01,-1.014991e+00
38.27600,4.495485e+02,-3.368553e+02,4.039525e+02,-3.357283e+02,4.559591e+01,-1.126917e+00
38.27700,4.494622e+02,-3.404917e+02,4.038631e+02,-3.392520e+02,4.559913e+01,-1.239657e+00
38.27800,4.493687e+02,-3.438647e+02,4.037681e+02,-3.425121e+02,4.560053e+01,-1.352683e+00
38.27900,4.492613e+02,-3.471835e+02,4.036612e+02,-3.457186e+02,4.560012e+01,-1.464851e+00
38.28000,4.491499e+02,-3.504737e+02,4.035520e+02,-3.488968e+02,4.559794e+01,-1.576907e+00
38.28100,4.490333e+02,-3.520855e+02,4.034393e+02,-3.503985e+02,4.559404e+01,-1.687053e+00
38.28200,4.489145e+02,-3.536719e+02,4.033261e+02,-3.518765e+02,4.558845e+01,-1.795459e+00
38.28300,4.487965e+02,-3.541598e+02,4.032153e+02,-3.522582e+02,4.558118e+01,-1.901607e+00
38.28400,4.486755e+02,-3.563094e+02,4.031033e+02,-3.543029e+02,4.557221e+01,-2.006510e+00
38.28500,4.485501e+02,-3.582833e+02,4.029885e+02,-3.561725e+02,4.556159e+01,-2.110698e+00
38.28600,4.484079e+02,-3.597325e+02,4.028587e+02,-3.575178e+02,4.554923e+01,-2.214647e+00
38.28700,4.482665e+02,-3.608410e+02,4.027313e+02,-3.585226e+02,4.553519e+01,-2.318401e+00
38.28800,4.481177e+02,-3.617524e+02,4.025982e+02,-3.593307e+02,4.551953e+01,-2.421638e+00
38.28900,4.479584e+02,-3.622651e+02,4.024560e+02,-3.597414e+02,4.550236e+01,-2.523762e+00
38.29000,4.477309e+02,-3.621774e+02,4.022469e+02,-3.595533e+02,4.548396e+01,-2.624079e+00
38.29100,4.477295e+02,-3.635987e+02,4.022660e+02,-3.608751e+02,4.546347e+01,-2.723548e+00
38.29200,4.475828e+02,-3.637862e+02,4.021419e+02,-3.609645e+02,4.544095e+01,-2.821688e+00
38.29300,4.474479e+02,-3.630613e+02,4.020306e+02,-3.601429e+02,4.541724e+01,-2.918459e+00
38.29400,4.472885e+02,-3.624088e+02,4.018963e+02,-3.593949e+02,4.539225e+01,-3.013912e+00
38.29500,4.471416e+02,-3.615654e+02,4.017757e+02,-3.584579e+02,4.536597e+01,-3.107462e+00
38.29600,4.469524e+02,-3.604385e+02,4.016143e+02,-3.572396e+02,4.533813e+01,-3.198813e+00
38.29700,4.468107e+02,-3.597382e+02,4.015015e+02,-3.564495e+02,4.530917e+01,-3.288694e+00
38.29800,4.466660e+02,-3.568799e+02,4.013869e+02,-3.535049e+02,4.527908e+01,-3.375021e+00
38.29900,4.465240e+02,-3.556561e+02,4.012758e+02,-3.521971e+02,4.524816e+01,-3.458953e+00
38.30000,4.462826e+02,-3.524338e+02,4.010662e+02,-3.488937e+02,4.521637e+01,-3.540083e+00
38.30100,4.461033e+02,-3.498277e+02,4.009197e+02,-3.462087e+02,4.518357e+01,-3.618974e+00
38.30200,4.459464e+02,-3.471719e+02,4.007965e+02,-3.434761e+02,4.514994e+01,-3.695863e+00
38.30300,4.457839e+02,-3.444271e+02,4.006684e+02,-3.406566e+02,4.511546e+01,-3.770552e+00
38.30400,4.456195e+02,-3.413497e+02,4.005395e+02,-3.375067e+02,4.508003e+01,-3.843018e+00
38.30500,4.454905e+02,-3.387575e+02,4.004463e+02,-3.348442e+02,4.504427e+01,-3.913210e+00
38.30600,4.453477e+02,-3.354799e+02,4.003397e+02,-3.314984e+02,4.500809e+01,-3.981511e+00
38.30700,4.451771e+02,-3.311477e+02,4.002058e+02,-3.271003e+02,4.497125e+01,-4.047398e+00
38.30800,4.450274e+02,-3.271605e+02,4.000935e+02,-3.230497e+02,4.493388e+01,-4.110798e+00
38.30900,4.448899e+02,-3.232491e+02,3.999938e+02,-3.190773e+02,4.489613e+01,-4.171896e+00
38.31000,4.447564e+02,-3.194654e+02,3.998984e+02,-3.152344e+02,4.485799e+01,-4.231033e+00
38.31100,4.446296e+02,-3.136125e+02,3.998101e+02,-3.093255e+02,4.481949e+01,-4.287009e+00
38.31200,4.444614e+02,-3.097244e+02,3.996809e+02,-3.053841e+02,4.478043e+01,-4.340313e+00
38.31300,4.443617e+02,-3.050373e+02,3.996204e+02,-3.006467e+02,4.474132e+01,-4.390539e+00
38.31400,4.442344e+02,-3.001693e+02,3.995323e+02,-2.957316e+02,4.470209e+01,-4.437708e+00
38.31500,4.440489e+02,-2.936961e+02,3.993861e+02,-2.892145e+02,4.466281e+01,-4.481613e+00
38.31600,4.438847e+02,-2.877683e+02,3.992609e+02,-2.832454e+02,4.462371e+01,-4.522995e+00
38.31700,4.437499e+02,-2.820282e+02,3.991654e+02,-2.774665e+02,4.458447e+01,-4.561727e+00
38.31800,4.436452e+02,-2.765641e+02,3.990999e+02,-2.719659e+02,4.454527e+01,-4.598257e+00
38.31900,4.435373e+02,-2.708173e+02,3.990311e+02,-2.661846e+02,4.450615e+01,-4.632661e+00
38.32000,4.434356e+02,-2.651632e+02,3.989685e+02,-2.604986e+02,4.446717e+01,-4.664629e+00
38.32100,4.433337e+02,-2.589755e+02,3.989054e+02,-2.542817e+02,4.442831e+01,-4.693842e+00
38.32200,4.432353e+02,-2.523532e+02,3.988457e+02,-2.476332e+02,4.438964e+01,-4.719989e+00
38.32300,4.431269e+02,-2.454706e+02,3.987759e+02,-2.407276e+02,4.435096e+01,-4.742987e+00
38.32400,4.430336e+02,-2.385018e+02,3.987213e+02,-2.337389e+02,4.431229e+01,-4.762909e+00
38.32500,4.429879e+02,-2.318570e+02,3.987134e+02,-2.270775e+02,4.427447e+01,-4.779481e+00
38.32600,4.428747e+02,-2.263423e+02,3.986379e+02,-2.215483e+02,4.423675e+01,-4.793928e+00
38.32700,4.427877e+02,-2.194967e+02,3.985885e+02,-2.146907e+02,4.419923e+01,-4.806031e+00
38.32800,4.427151e+02,-2.127696e+02,3.985531e+02,-2.079541e+02,4.416210e+01,-4.815541e+00
38.32900,4.426295e+02,-2.048455e+02,3.985043e+02,-2.000233e+02,4.412522e+01,-4.822117e+00
38.33000,4.425618e+02,-1.978075e+02,3.984730e+02,-1.929818e+02,4.408875e+01,-4.825685e+00
38.33100,4.425045e+02,-1.902107e+02,3.984517e+02,-1.853843e+02,4.405285e+01,-4.826458e+00
38.33200,4.424509e+02,-1.829369e+02,3.984333e+02,-1.781127e+02,4.401755e+01,-4.824147e+00
38.33300,4.423918e+02,-1.756725e+02,3.984091e+02,-1.708540e+02,4.398273e+01,-4.818524e+00
38.33400,4.423355e+02,-1.684964e+02,3.983871e+02,-1.636861e+02,4.394837e+01,-4.810266e+00
38.33500,4.422660e+02,-1.610807e+02,3.983516e+02,-1.562817e+02,4.391439e+01,-4.799055e+00
38.33600,4.422169e+02,-1.533995e+02,3.983357e+02,-1.486151e+02,4.388116e+01,-4.784354e+00
38.33700,4.422721e+02,-1.441659e+02,3.984237e+02,-1.393983e+02,4.384841e+01,-4.767591e+00
38.33800,4.422976e+02,-1.354937e+02,3.984816e+02,-1.307443e+02,4.381601e+01,-4.749337e+00
38.33900,4.422735e+02,-1.278331e+02,3.984894e+02,-1.231040e+02,4.378419e+01,-4.729040e+00
38.34000,4.422494e+02,-1.202930e+02,3.984963e+02,-1.155865e+02,4.375307e+01,-4.706482e+00
38.34100,4.422268e+02,-1.126742e+02,3.985041e+02,-1.079930e+02,4.372267e+01,-4.681223e+00
38.34200,4.422003e+02,-1.044175e+02,3.985074e+02,-9.976393e+01,4.369290e+01,-4.653610e+00
38.34300,4.421837e+02,-9.650573e+01,3.985199e+02,-9.188173e+01,4.366381e+01,-4.624015e+00
38.34400,4.421725e+02,-8.864807e+01,3.985370e+02,-8.405547e+01,4.363545e+01,-4.592595e+00
38.34500,4.421677e+02,-8.084220e+01,3.985598e+02,-7.628327e+01,4.360789e+01,-4.558933e+00
38.34600,4.421633e+02,-7.306247e+01,3.985822e+02,-6.853947e+01,4.358108e+01,-4.523036e+00
38.34700,4.421622e+02,-6.498561e+01,3.986071e+02,-6.050089e+01,4.355501e+01,-4.484719e+00
38.34800,4.421581e+02,-5.679257e+01,3.986285e+02,-5.234910e+01,4.352961e+01,-4.443467e+00
38.34900,4.421630e+02,-4.908039e+01,3.986580e+02,-4.468089e+01,4.350501e+01,-4.399501e+00
38.35000,4.421631e+02,-4.134899e+01,3.986819e+02,-3.699549e+01,4.348111e+01,-4.353504e+00
38.35100,4.421713e+02,-3.360239e+01,3.987134e+02,-2.929734e+01,4.345795e+01,-4.305055e+00
38.35200,4.421867e+02,-2.574287e+01,3.987511e+02,-2.148849e+01,4.343555e+01,-4.254386e+00
38.35300,4.422068e+02,-1.778358e+01,3.987929e+02,-1.358213e+01,4.341393e+01,-4.201451e+00
38.35400,4.421914e+02,-1.020000e+01,3.987987e+02,-6.053937e+00,4.339265e+01,-4.146063e+00
38.35500,4.421718e+02,-2.584679e+00,3.987998e+02,1.503541e+00,4.337202e+01,-4.088221e+00
38.35600,4.420910e+02,4.660259e+00,3.987391e+02,8.688847e+00,4.335189e+01,-4.028585e+00
38.35700,4.420411e+02,1.207437e+01,3.987088e+02,1.604211e+01,4.333237e+01,-3.967748e+00
38.35800,4.420559e+02,1.954451e+01,3.987423e+02,2.344996e+01,4.331359e+01,-3.905455e+00
38.35900,4.420694e+02,2.699794e+01,3.987738e+02,3.083937e+01,4.329553e+01,-3.841429e+00
38.36000,4.420807e+02,3.439906e+01,3.988025e+02,3.817451e+01,4.327819e+01,-3.775449e+00
38.36100,4.420900e+02,4.182792e+01,3.988285e+02,4.553546e+01,4.326153e+01,-3.707537e+00
38.36200,4.420933e+02,4.891031e+01,3.988478e+02,5.254799e+01,4.324547e+01,-3.637669e+00
38.36300,4.421023e+02,5.590625e+01,3.988723e+02,5.947254e+01,4.323005e+01,-3.566286e+00
38.36400,4.421101e+02,6.295473e+01,3.988949e+02,6.644800e+01,4.321528e+01,-3.493271e+00
38.36500,4.421176e+02,6.988487e+01,3.989165e+02,7.330347e+01,4.320111e+01,-3.418577e+00
38.36600,4.421226e+02,7.689280e+01,3.989351e+02,8.023487e+01,4.318750e+01,-3.342105e+00
38.36700,4.421357e+02,8.365047e+01,3.989612e+02,8.691427e+01,4.317451e+01,-3.263835e+00
38.36800,4.421277e+02,8.998420e+01,3.989657e+02,9.316800e+01,4.316193e+01,-3.183841e+00
38.36900,4.421135e+02,9.642207e+01,3.989639e+02,9.952507e+01,4.314965e+01,-3.102997e+00
38.37000,4.421436e+02,1.026731e+02,3.990055e+02,1.056944e+02,4.313805e+01,-3.021371e+00
38.37100,4.421468e+02,1.089791e+02,3.990198e+02,1.119181e+02,4.312705e+01,-2.939084e+00
38.37200,4.421526e+02,1.151507e+02,3.990360e+02,1.180066e+02,4.311663e+01,-2.855949e+00
38.37300,4.421525e+02,1.211831e+02,3.990458e+02,1.239546e+02,4.310674e+01,-2.771482e+00
38.37400,4.421524e+02,1.269709e+02,3.990551e+02,1.296567e+02,4.309733e+01,-2.685843e+00
38.37500,4.421464e+02,1.325668e+02,3.990581e+02,1.351661e+02,4.308832e+01,-2.599289e+00
38.37600,4.421497e+02,1.382911e+02,3.990699e+02,1.408028e+02,4.307978e+01,-2.511704e+00
38.37700,4.421487e+02,1.437663e+02,3.990771e+02,1.461893e+02,4.307167e+01,-2.423001e+00
38.37800,4.421409e+02,1.491422e+02,3.990770e+02,1.514753e+02,4.306389e+01,-2.333042e+00
38.37900,4.421377e+02,1.541740e+02,3.990812e+02,1.564163e+02,4.305650e+01,-2.242311e+00
38.38000,4.421400e+02,1.591298e+02,3.990905e+02,1.612807e+02,4.304953e+01,-2.150882e+00
38.38100,4.421324e+02,1.640072e+02,3.990895e+02,1.660659e+02,4.304291e+01,-2.058765e+00
38.38200,4.421267e+02,1.687057e+02,3.990901e+02,1.706716e+02,4.303663e+01,-1.965845e+00
38.38300,4.421359e+02,1.732889e+02,3.991050e+02,1.751611e+02,4.303089e+01,-1.872278e+00
38.38400,4.421239e+02,1.777357e+02,3.990983e+02,1.795143e+02,4.302557e+01,-1.778589e+00
38.38500,4.421209e+02,1.818283e+02,3.991002e+02,1.835131e+02,4.302073e+01,-1.684788e+00
38.38600,4.421210e+02,1.857336e+02,3.991046e+02,1.873244e+02,4.301641e+01,-1.590855e+00
38.38700,4.420944e+02,1.896669e+02,3.990821e+02,1.911635e+02,4.301235e+01,-1.496677e+00
38.38800,4.420725e+02,1.934225e+02,3.990639e+02,1.948246e+02,4.300855e+01,-1.402093e+00
38.38900,4.420543e+02,1.969260e+02,3.990492e+02,1.982333e+02,4.300511e+01,-1.307249e+00
38.39000,4.420312e+02,2.003951e+02,3.990291e+02,2.016074e+02,4.300211e+01,-1.212291e+00
38.39100,4.419571e+02,2.046048e+02,3.989575e+02,2.057225e+02,4.299967e+01,-1.117719e+00
38.39200,4.419515e+02,2.073669e+02,3.989537e+02,2.083897e+02,4.299775e+01,-1.022821e+00
38.39300,4.420304e+02,2.093961e+02,3.990345e+02,2.103238e+02,4.299595e+01,-9.277540e-01
38.39400,4.421391e+02,2.110668e+02,3.991451e+02,2.118997e+02,4.299402e+01,-8.328513e-01
38.39500,4.421953e+02,2.123890e+02,3.992034e+02,2.131277e+02,4.299183e+01,-7.386947e-01
38.39600,4.421681e+02,2.149211e+02,3.991785e+02,2.155656e+02,4.298963e+01,-6.445271e-01
38.39700,4.421346e+02,2.173983e+02,3.991472e+02,2.179485e+02,4.298741e+01,-5.502225e-01
38.39800,4.421145e+02,2.192254e+02,3.991292e+02,2.196821e+02,4.298525e+01,-4.566886e-01
38.39900,4.421157e+02,2.209865e+02,3.991323e+02,2.213503e+02,4.298337e+01,-3.638485e-01
38.40000,4.421074e+02,2.225356e+02,3.991257e+02,2.228077e+02,4.298165e+01,-2.721058e-01
38.40100,4.421277e+02,2.234562e+02,3.991472e+02,2.236373e+02,4.298053e+01,-1.810709e-01
38.40200,4.421232e+02,2.247025e+02,3.991434e+02,2.247931e+02,4.297977e+01,-9.066827e-02
38.40300,4.421376e+02,2.254427e+02,3.991581e+02,2.254437e+02,4.297952e+01,-1.008327e-03
38.40400,4.421441e+02,2.260584e+02,3.991645e+02,2.259702e+02,4.297971e+01,8.819493e-02
38.40500,4.421529e+02,2.263953e+02,3.991726e+02,2.262184e+02,4.298033e+01,1.768964e-01
38.40600,4.421531e+02,2.269101e+02,3.991717e+02,2.266453e+02,4.298138e+01,2.648427e-01
38.40700,4.422415e+02,2.280354e+02,3.992588e+02,2.276837e+02,4.298265e+01,3.517245e-01
38.40800,4.422492e+02,2.276003e+02,3.992650e+02,2.271623e+02,4.298417e+01,4.380195e-01
38.40900,4.422106e+02,2.267041e+02,3.992245e+02,2.261797e+02,4.298611e+01,5.243115e-01
38.41000,4.422159e+02,2.258510e+02,3.992275e+02,2.252412e+02,4.298835e+01,6.098349e-01
38.41100,4.422299e+02,2.251862e+02,3.992390e+02,2.244917e+02,4.299089e+01,6.944347e-01
38.41200,4.422933e+02,2.235817e+02,3.992992e+02,2.228047e+02,4.299410e+01,7.769647e-01
38.41300,4.423263e+02,2.220985e+02,3.993283e+02,2.212406e+02,4.299789e+01,8.578567e-01
38.41400,4.423619e+02,2.208417e+02,3.993595e+02,2.199049e+02,4.300242e+01,9.368020e-01
38.41500,4.423935e+02,2.193491e+02,3.993859e+02,2.183347e+02,4.300762e+01,1.014365e+00
38.41600,4.424337e+02,2.178296e+02,3.994202e+02,2.167386e+02,4.301353e+01,1.091020e+00
38.41700,4.424594e+02,2.155336e+02,3.994393e+02,2.143670e+02,4.302007e+01,1.166554e+00
38.41800,4.425012e+02,2.133474e+02,3.994739e+02,2.121064e+02,4.302729e+01,1.240949e+00
38.41900,4.425468e+02,2.110593e+02,3.995116e+02,2.097452e+02,4.303522e+01,1.314123e+00
38.42000,4.426001e+02,2.083881e+02,3.995561e+02,2.070022e+02,4.304393e+01,1.385811e+00
38.42100,4.426594e+02,2.052045e+02,3.996060e+02,2.037486e+02,4.305343e+01,1.455887e+00
38.42200,4.427177e+02,2.017885e+02,3.996540e+02,2.002641e+02,4.306367e+01,1.524443e+00
38.42300,4.428043e+02,1.982865e+02,3.997294e+02,1.966952e+02,4.307485e+01,1.591369e+00
38.42400,4.427873e+02,1.957401e+02,3.997013e+02,1.940834e+02,4.308601e+01,1.656762e+00
38.42500,4.427980e+02,1.919159e+02,3.997004e+02,1.901957e+02,4.309760e+01,1.720231e+00
38.42600,4.428823e+02,1.887842e+02,3.997720e+02,1.870025e+02,4.311033e+01,1.781727e+00
38.42700,4.429941e+02,1.853622e+02,3.998695e+02,1.835209e+02,4.312458e+01,1.841389e+00
38.42800,4.430763e+02,1.808415e+02,3.999363e+02,1.789429e+02,4.314000e+01,1.898531e+00
38.42900,4.431751e+02,1.760634e+02,4.000185e+02,1.741099e+02,4.315659e+01,1.953500e+00
38.43000,4.432597e+02,1.710659e+02,4.000855e+02,1.690591e+02,4.317423e+01,2.006749e+00
38.43100,4.433515e+02,1.662749e+02,4.001585e+02,1.642169e+02,4.319298e+01,2.058080e+00
38.43200,4.434385e+02,1.612937e+02,4.002257e+02,1.591863e+02,4.321269e+01,2.107405e+00
38.43300,4.435331e+02,1.563355e+02,4.002997e+02,1.541808e+02,4.323337e+01,2.154695e+00
38.43400,4.436331e+02,1.507849e+02,4.003780e+02,1.485852e+02,4.325507e+01,2.199720e+00
38.43500,4.437451e+02,1.452073e+02,4.004672e+02,1.429649e+02,4.327787e+01,2.242459e+00
38.43600,4.438529e+02,1.396355e+02,4.005511e+02,1.373528e+02,4.330174e+01,2.282773e+00
38.43700,4.439878e+02,1.335464e+02,4.006609e+02,1.312257e+02,4.332685e+01,2.320683e+00
38.43800,4.440441e+02,1.284251e+02,4.006915e+02,1.260681e+02,4.335254e+01,2.356926e+00
38.43900,4.441466e+02,1.223461e+02,4.007676e+02,1.199558e+02,4.337903e+01,2.390293e+00
38.44000,4.442662e+02,1.160883e+02,4.008597e+02,1.136677e+02,4.340652e+01,2.420593e+00
38.44100,4.443908e+02,1.096903e+02,4.009557e+02,1.072430e+02,4.343510e+01,2.447323e+00
38.44200,4.445151e+02,1.035299e+02,4.010503e+02,1.010583e+02,4.346486e+01,2.471550e+00
38.44300,4.446285e+02,9.697920e+01,4.011328e+02,9.448587e+01,4.349573e+01,2.493316e+00
38.44400,4.448187e+02,8.875320e+01,4.012910e+02,8.624100e+01,4.352771e+01,2.512193e+00
38.44500,4.449917e+02,8.111860e+01,4.014309e+02,7.859087e+01,4.356083e+01,2.527715e+00
38.44600,4.451320e+02,7.412940e+01,4.015369e+02,7.158900e+01,4.359509e+01,2.540443e+00
38.44700,4.452744e+02,6.706147e+01,4.016440e+02,6.451114e+01,4.363041e+01,2.550349e+00
38.44800,4.454188e+02,5.934185e+01,4.017521e+02,5.678475e+01,4.366675e+01,2.557098e+00
38.44900,4.455715e+02,5.177745e+01,4.018674e+02,4.921677e+01,4.370409e+01,2.560677e+00
38.45000,4.457327e+02,4.387737e+01,4.019903e+02,4.131630e+01,4.374244e+01,2.561065e+00
38.45100,4.458744e+02,3.643557e+01,4.020929e+02,3.387716e+01,4.378157e+01,2.558412e+00
38.45200,4.460338e+02,2.881593e+01,4.022122e+02,2.626330e+01,4.382157e+01,2.552629e+00
38.45300,4.461898e+02,2.099786e+01,4.023275e+02,1.845431e+01,4.386233e+01,2.543551e+00
38.45400,4.463489e+02,1.310435e+01,4.024451e+02,1.057326e+01,4.390386e+01,2.531096e+00
38.45500,4.465083e+02,4.949241e+00,4.025623e+02,2.433994e+00,4.394612e+01,2.515247e+00
38.45600,4.466689e+02,-3.511573e+00,4.026799e+02,-6.007070e+00,4.398909e+01,2.495497e+00
38.45700,4.468307e+02,-1.193353e+01,4.027979e+02,-1.440607e+01,4.403275e+01,2.472532e+00
38.45800,4.469923e+02,-2.031078e+01,4.029153e+02,-2.275702e+01,4.407706e+01,2.446236e+00
38.45900,4.471466e+02,-2.868957e+01,4.030249e+02,-3.110650e+01,4.412176e+01,2.416930e+00
38.46000,4.473435e+02,-3.669911e+01,4.031767e+02,-3.908482e+01,4.416681e+01,2.385714e+00
38.46100,4.475190e+02,-4.512668e+01,4.033069e+02,-4.747844e+01,4.421213e+01,2.351760e+00
38.46200,4.475922e+02,-5.370260e+01,4.033341e+02,-5.601773e+01,4.425807e+01,2.315132e+00
38.46300,4.477219e+02,-6.224219e+01,4.034176e+02,-6.451796e+01,4.430430e+01,2.275767e+00
38.46400,4.478731e+02,-7.092020e+01,4.035223e+02,-7.315353e+01,4.435077e+01,2.233327e+00
38.46500,4.479355e+02,-7.946853e+01,4.035378e+02,-8.165653e+01,4.439775e+01,2.188019e+00
38.46600,4.481075e+02,-8.797213e+01,4.036630e+02,-9.011253e+01,4.444447e+01,2.140385e+00
38.46700,4.482505e+02,-9.623487e+01,4.037593e+02,-9.832440e+01,4.449111e+01,2.089540e+00
38.46800,4.483781e+02,-1.046161e+02,4.038404e+02,-1.066516e+02,4.453768e+01,2.035469e+00
38.46900,4.485001e+02,-1.130684e+02,4.039160e+02,-1.150466e+02,4.458402e+01,1.978171e+00
38.47000,4.486145e+02,-1.216497e+02,4.039845e+02,-1.235679e+02,4.462991e+01,1.918213e+00
38.47100,4.487685e+02,-1.304250e+02,4.040927e+02,-1.322802e+02,4.467579e+01,1.855200e+00
38.47200,4.489196e+02,-1.391563e+02,4.041979e+02,-1.409460e+02,4.472177e+01,1.789701e+00
38.47300,4.490543e+02,-1.475005e+02,4.042866e+02,-1.492222e+02,4.476766e+01,1.721698e+00
38.47400,4.491303e+02,-1.555241e+02,4.043176e+02,-1.571758e+02,4.481275e+01,1.651693e+00
38.47500,4.492209e+02,-1.635784e+02,4.043640e+02,-1.651578e+02,4.485689e+01,1.579343e+00
38.47600,4.493706e+02,-1.718491e+02,4.044699e+02,-1.733532e+02,4.490063e+01,1.504156e+00
38.47700,4.494561e+02,-1.800487e+02,4.045122e+02,-1.814751e+02,4.494381e+01,1.426394e+00
38.47800,4.495307e+02,-1.875409e+02,4.045443e+02,-1.888877e+02,4.498639e+01,1.346721e+00
38.47900,4.496103e+02,-1.954760e+02,4.045821e+02,-1.967409e+02,4.502810e+01,1.264911e+00
38.48000,4.496877e+02,-2.033275e+02,4.046189e+02,-2.045084e+02,4.506879e+01,1.180889e+00
38.48100,4.497455e+02,-2.109423e+02,4.046373e+02,-2.120367e+02,4.510820e+01,1.094483e+00
38.48200,4.498079e+02,-2.184513e+02,4.046615e+02,-2.194571e+02,4.514635e+01,1.005823e+00
38.48300,4.498641e+02,-2.257041e+02,4.046809e+02,-2.266192e+02,4.518327e+01,9.150213e-01
38.48400,4.499147e+02,-2.332108e+02,4.046958e+02,-2.340325e+02,4.521892e+01,8.216687e-01
38.48500,4.499583e+02,-2.404314e+02,4.047051e+02,-2.411578e+02,4.525324e+01,7.263953e-01
38.48600,4.499989e+02,-2.474759e+02,4.047127e+02,-2.481053e+02,4.528619e+01,6.293257e-01
38.48700,4.500261e+02,-2.542661e+02,4.047084e+02,-2.547966e+02,4.531767e+01,5.304141e-01
38.48800,4.500477e+02,-2.609625e+02,4.047001e+02,-2.613927e+02,4.534763e+01,4.301697e-01
38.48900,4.500641e+02,-2.674673e+02,4.046879e+02,-2.677962e+02,4.537613e+01,3.288621e-01
38.49000,4.500687e+02,-2.740037e+02,4.046657e+02,-2.742301e+02,4.540306e+01,2.264735e-01
38.49100,4.500722e+02,-2.803255e+02,4.046437e+02,-2.804486e+02,4.542847e+01,1.230609e-01
38.49200,4.500610e+02,-2.862693e+02,4.046087e+02,-2.862883e+02,4.545223e+01,1.896813e-02
38.49300,4.500450e+02,-2.920309e+02,4.045707e+02,-2.919448e+02,4.547430e+01,-8.609393e-02
38.49400,4.500307e+02,-2.977389e+02,4.045359e+02,-2.975467e+02,4.549480e+01,-1.922265e-01
38.49500,4.499957e+02,-3.031218e+02,4.044822e+02,-3.028224e+02,4.551353e+01,-2.993768e-01
38.49600,4.499609e+02,-3.081918e+02,4.044304e+02,-3.077843e+02,4.553050e+01,-4.074401e-01
38.49700,4.499077e+02,-3.135009e+02,4.043621e+02,-3.129842e+02,4.554553e+01,-5.166857e-01
38.49800,4.498601e+02,-3.181003e+02,4.043013e+02,-3.174731e+02,4.555877e+01,-6.271106e-01
38.49900,4.498051e+02,-3.226369e+02,4.042349e+02,-3.218991e+02,4.557023e+01,-7.377540e-01
38.50000,4.497447e+02,-3.269207e+02,4.041648e+02,-3.260721e+02,4.557994e+01,-8.486447e-01
38.50100,4.496675e+02,-3.310509e+02,4.040798e+02,-3.300913e+02,4.558773e+01,-9.597027e-01
38.50200,4.495884e+02,-3.349720e+02,4.039947e+02,-3.339007e+02,4.559365e+01,-1.071317e+00
38.50300,4.495063e+02,-3.387169e+02,4.039085e+02,-3.375333e+02,4.559775e+01,-1.183677e+00
38.50400,4.494171e+02,-3.422079e+02,4.038170e+02,-3.409109e+02,4.560007e+01,-1.297001e+00
38.50500,4.493159e+02,-3.455579e+02,4.037153e+02,-3.441483e+02,4.560057e+01,-1.409544e+00
38.50600,4.492043e+02,-3.488635e+02,4.036051e+02,-3.473420e+02,4.559923e+01,-1.521523e+00
38.50700,4.490901e+02,-3.516327e+02,4.034939e+02,-3.499997e+02,4.559616e+01,-1.632982e+00
38.50800,4.489732e+02,-3.526689e+02,4.033817e+02,-3.509268e+02,4.559141e+01,-1.742063e+00
38.50900,4.488571e+02,-3.537599e+02,4.032721e+02,-3.519109e+02,4.558499e+01,-1.849047e+00
38.51000,4.487363e+02,-3.553007e+02,4.031595e+02,-3.533460e+02,4.557685e+01,-1.954617e+00
38.51100,4.486113e+02,-3.574837e+02,4.030443e+02,-3.554247e+02,4.556703e+01,-2.059053e+00
38.51200,4.484793e+02,-3.590953e+02,4.029238e+02,-3.569323e+02,4.555552e+01,-2.163041e+00
38.51300,4.483367e+02,-3.603751e+02,4.027944e+02,-3.581083e+02,4.554230e+01,-2.266878e+00
38.51400,4.481851e+02,-3.612867e+02,4.026578e+02,-3.589161e+02,4.552735e+01,-2.370523e+00
38.51500,4.480408e+02,-3.619964e+02,4.025299e+02,-3.595231e+02,4.551091e+01,-2.473323e+00
38.51600,4.478652e+02,-3.624651e+02,4.023721e+02,-3.598906e+02,4.549307e+01,-2.574549e+00
38.51700,4.476590e+02,-3.623273e+02,4.021851e+02,-3.596531e+02,4.547391e+01,-2.674162e+00
38.51800,4.476665e+02,-3.639396e+02,4.022141e+02,-3.611666e+02,4.545235e+01,-2.773003e+00
38.51900,4.475255e+02,-3.633039e+02,4.020961e+02,-3.604334e+02,4.542936e+01,-2.870471e+00
38.52000,4.473771e+02,-3.629285e+02,4.019720e+02,-3.599619e+02,4.540512e+01,-2.966658e+00
38.52100,4.472131e+02,-3.619596e+02,4.018337e+02,-3.588983e+02,4.537947e+01,-3.061294e+00
38.52200,4.470333e+02,-3.608849e+02,4.016811e+02,-3.577313e+02,4.535228e+01,-3.153647e+00
38.52300,4.468784e+02,-3.600950e+02,4.015546e+02,-3.568509e+02,4.532379e+01,-3.244139e+00
38.52400,4.467336e+02,-3.585807e+02,4.014394e+02,-3.552483e+02,4.529422e+01,-3.332485e+00
38.52500,4.466431e+02,-3.558588e+02,4.013796e+02,-3.524414e+02,4.526347e+01,-3.417418e+00
38.52600,4.464207e+02,-3.545778e+02,4.011885e+02,-3.510777e+02,4.523227e+01,-3.500106e+00
38.52700,4.461825e+02,-3.510441e+02,4.009825e+02,-3.474640e+02,4.519995e+01,-3.580088e+00
38.52800,4.460224e+02,-3.485299e+02,4.008557e+02,-3.448720e+02,4.516673e+01,-3.657944e+00
38.52900,4.458635e+02,-3.457734e+02,4.007309e+02,-3.420397e+02,4.513268e+01,-3.733747e+00
38.53000,4.456922e+02,-3.427808e+02,4.005945e+02,-3.389735e+02,4.509763e+01,-3.807273e+00
38.53100,4.455756e+02,-3.404622e+02,4.005133e+02,-3.365835e+02,4.506229e+01,-3.878756e+00
38.53200,4.454037e+02,-3.368994e+02,4.003774e+02,-3.329515e+02,4.502628e+01,-3.947887e+00
38.53300,4.452676e+02,-3.335531e+02,4.002778e+02,-3.295380e+02,4.498982e+01,-4.015016e+00
38.53400,4.450970e+02,-3.290579e+02,4.001443e+02,-3.249782e+02,4.495269e+01,-4.079691e+00
38.53500,4.449545e+02,-3.250958e+02,4.000393e+02,-3.209539e+02,4.491507e+01,-4.141897e+00
38.53600,4.448224e+02,-3.214153e+02,3.999452e+02,-3.172134e+02,4.487716e+01,-4.201955e+00
38.53700,4.446936e+02,-3.164624e+02,3.998547e+02,-3.122029e+02,4.483888e+01,-4.259483e+00
38.53800,4.445275e+02,-3.118244e+02,3.997275e+02,-3.075100e+02,4.479993e+01,-4.314378e+00
38.53900,4.444115e+02,-3.072420e+02,3.996506e+02,-3.028759e+02,4.476083e+01,-4.366076e+00
38.54000,4.443173e+02,-3.029960e+02,3.995956e+02,-2.985813e+02,4.472169e+01,-4.414721e+00
38.54100,4.441247e+02,-2.965354e+02,3.994423e+02,-2.920751e+02,4.468237e+01,-4.460283e+00
38.54200,4.439828e+02,-2.906812e+02,3.993395e+02,-2.861785e+02,4.464330e+01,-4.502735e+00
38.54300,4.438064e+02,-2.849118e+02,3.992023e+02,-2.803691e+02,4.460411e+01,-4.542619e+00
38.54400,4.436971e+02,-2.793028e+02,3.991322e+02,-2.747225e+02,4.456493e+01,-4.580286e+00
38.54500,4.435854e+02,-2.735961e+02,3.990597e+02,-2.689802e+02,4.452573e+01,-4.615865e+00
38.54600,4.434848e+02,-2.679211e+02,3.989981e+02,-2.632721e+02,4.448667e+01,-4.649068e+00
38.54700,4.433858e+02,-2.624345e+02,3.989381e+02,-2.577546e+02,4.444776e+01,-4.679854e+00
38.54800,4.432788e+02,-2.553622e+02,3.988699e+02,-2.506547e+02,4.440893e+01,-4.707440e+00
38.54900,4.431819e+02,-2.490279e+02,3.988117e+02,-2.442959e+02,4.437026e+01,-4.732002e+00
38.55000,4.430795e+02,-2.419362e+02,3.987479e+02,-2.371827e+02,4.433161e+01,-4.753444e+00
38.55100,4.430071e+02,-2.351457e+02,3.987138e+02,-2.303741e+02,4.429333e+01,-4.771666e+00
38.55200,4.429330e+02,-2.291472e+02,3.986773e+02,-2.243601e+02,4.425563e+01,-4.787159e+00
38.55300,4.428277e+02,-2.228583e+02,3.986097e+02,-2.180578e+02,4.421798e+01,-4.800460e+00
38.55400,4.427501e+02,-2.161774e+02,3.985695e+02,-2.113661e+02,4.418061e+01,-4.811332e+00
38.55500,4.426720e+02,-2.087607e+02,3.985285e+02,-2.039414e+02,4.414357e+01,-4.819291e+00
38.55600,4.425940e+02,-2.012338e+02,3.984871e+02,-1.964095e+02,4.410687e+01,-4.824369e+00
38.55700,4.425322e+02,-1.938553e+02,3.984615e+02,-1.890288e+02,4.407067e+01,-4.826457e+00
38.55800,4.424776e+02,-1.865163e+02,3.984425e+02,-1.816905e+02,4.403506e+01,-4.825771e+00
38.55900,4.424229e+02,-1.793208e+02,3.984229e+02,-1.744991e+02,4.400002e+01,-4.821731e+00
38.56000,4.423639e+02,-1.719565e+02,3.983985e+02,-1.671418e+02,4.396543e+01,-4.814713e+00
38.56100,4.423057e+02,-1.650239e+02,3.983743e+02,-1.602188e+02,4.393131e+01,-4.805125e+00
38.56200,4.422408e+02,-1.570221e+02,3.983431e+02,-1.522301e+02,4.389772e+01,-4.792081e+00
38.56300,4.422392e+02,-1.487673e+02,3.983745e+02,-1.439911e+02,4.386471e+01,-4.776278e+00
38.56400,4.422745e+02,-1.397279e+02,3.984423e+02,-1.349693e+02,4.383213e+01,-4.758542e+00
38.56500,4.422879e+02,-1.317517e+02,3.984879e+02,-1.270124e+02,4.379999e+01,-4.739333e+00
38.56600,4.422615e+02,-1.239504e+02,3.984931e+02,-1.192325e+02,4.376848e+01,-4.717888e+00
38.56700,4.422397e+02,-1.165159e+02,3.985019e+02,-1.118217e+02,4.373771e+01,-4.694120e+00
38.56800,4.422119e+02,-1.084333e+02,3.985043e+02,-1.037657e+02,4.370760e+01,-4.667543e+00
38.56900,4.421921e+02,-1.003939e+02,3.985140e+02,-9.575487e+01,4.367817e+01,-4.638987e+00
38.57000,4.421757e+02,-9.254653e+01,3.985263e+02,-8.793800e+01,4.364941e+01,-4.608545e+00
38.57100,4.421710e+02,-8.467067e+01,3.985495e+02,-8.009467e+01,4.362147e+01,-4.575997e+00
38.57200,4.421643e+02,-7.690553e+01,3.985700e+02,-7.236433e+01,4.359429e+01,-4.541146e+00
38.57300,4.421637e+02,-6.903560e+01,3.985958e+02,-6.453155e+01,4.356786e+01,-4.504031e+00
38.57400,4.421589e+02,-6.086143e+01,3.986168e+02,-5.639711e+01,4.354211e+01,-4.464324e+00
38.57500,4.421639e+02,-5.276300e+01,3.986467e+02,-4.834151e+01,4.351717e+01,-4.421487e+00
38.57600,4.421609e+02,-4.525654e+01,3.986680e+02,-4.088003e+01,4.349291e+01,-4.376509e+00
38.57700,4.421673e+02,-3.742326e+01,3.986979e+02,-3.309395e+01,4.346938e+01,-4.329307e+00
38.57800,4.421772e+02,-2.956211e+01,3.987306e+02,-2.528238e+01,4.344659e+01,-4.279724e+00
38.57900,4.421975e+02,-2.173323e+01,3.987730e+02,-1.750529e+01,4.342459e+01,-4.227942e+00
38.58000,4.421967e+02,-1.401619e+01,3.987935e+02,-9.842367e+00,4.340315e+01,-4.173823e+00
38.58100,4.422032e+02,-6.315163e+00,3.988211e+02,-2.198067e+00,4.338215e+01,-4.117095e+00
38.58200,4.421255e+02,1.079761e+00,3.987637e+02,5.137979e+00,4.336184e+01,-4.058217e+00
38.58300,4.420429e+02,8.374513e+00,3.987009e+02,1.237243e+01,4.334197e+01,-3.997919e+00
38.58400,4.420509e+02,1.582128e+01,3.987281e+02,1.975771e+01,4.332280e+01,-3.936433e+00
38.58500,4.420666e+02,2.350877e+01,3.987622e+02,2.738203e+01,4.330441e+01,-3.873266e+00
38.58600,4.420782e+02,3.067449e+01,3.987915e+02,3.448277e+01,4.328676e+01,-3.808277e+00
38.58700,4.420873e+02,3.818257e+01,3.988175e+02,4.192388e+01,4.326978e+01,-3.741305e+00
38.58800,4.420907e+02,4.544081e+01,3.988372e+02,4.911321e+01,4.325341e+01,-3.672402e+00
38.58900,4.420967e+02,5.243535e+01,3.988591e+02,5.603704e+01,4.323766e+01,-3.601693e+00
38.59000,4.421071e+02,5.943621e+01,3.988845e+02,6.296573e+01,4.322257e+01,-3.529519e+00
38.59100,4.421143e+02,6.650221e+01,3.989063e+02,6.995787e+01,4.320811e+01,-3.455652e+00
38.59200,4.421195e+02,7.343207e+01,3.989252e+02,7.681213e+01,4.319422e+01,-3.380053e+00
38.59300,4.421307e+02,8.043140e+01,3.989497e+02,8.373400e+01,4.318093e+01,-3.302626e+00
38.59400,4.421335e+02,8.688220e+01,3.989653e+02,9.010573e+01,4.316817e+01,-3.223515e+00
38.59500,4.421240e+02,9.322707e+01,3.989682e+02,9.637000e+01,4.315577e+01,-3.142919e+00
38.59600,4.421301e+02,9.960520e+01,3.989863e+02,1.026669e+02,4.314386e+01,-3.061735e+00
38.59700,4.421419e+02,1.058317e+02,3.990093e+02,1.088113e+02,4.313254e+01,-2.979608e+00
38.59800,4.421479e+02,1.121215e+02,3.990261e+02,1.150185e+02,4.312182e+01,-2.896998e+00
38.59900,4.421533e+02,1.182326e+02,3.990415e+02,1.210459e+02,4.311167e+01,-2.813299e+00
38.60000,4.421528e+02,1.240776e+02,3.990508e+02,1.268057e+02,4.310205e+01,-2.728107e+00
38.60100,4.421478e+02,1.296937e+02,3.990550e+02,1.323358e+02,4.309283e+01,-2.642100e+00
38.60200,4.421479e+02,1.354644e+02,3.990639e+02,1.380195e+02,4.308405e+01,-2.555057e+00
38.60300,4.421484e+02,1.410841e+02,3.990727e+02,1.435511e+02,4.307571e+01,-2.466921e+00
38.60400,4.421454e+02,1.465163e+02,3.990777e+02,1.488940e+02,4.306777e+01,-2.377669e+00
38.60500,4.421390e+02,1.517587e+02,3.990789e+02,1.540461e+02,4.306019e+01,-2.287365e+00
38.60600,4.421374e+02,1.566499e+02,3.990844e+02,1.588461e+02,4.305299e+01,-2.196250e+00
38.60700,4.421357e+02,1.617149e+02,3.990895e+02,1.638193e+02,4.304618e+01,-2.104397e+00
38.60800,4.421310e+02,1.664654e+02,3.990913e+02,1.684774e+02,4.303975e+01,-2.011957e+00
38.60900,4.421280e+02,1.709713e+02,3.990943e+02,1.728898e+02,4.303370e+01,-1.918490e+00
38.61000,4.421332e+02,1.756075e+02,3.991050e+02,1.774323e+02,4.302820e+01,-1.824785e+00
38.61100,4.421261e+02,1.799529e+02,3.991029e+02,1.816839e+02,4.302319e+01,-1.731066e+00
38.61200,4.421183e+02,1.838410e+02,3.990997e+02,1.854782e+02,4.301859e+01,-1.637214e+00
38.61300,4.421100e+02,1.877405e+02,3.990956e+02,1.892837e+02,4.301442e+01,-1.543191e+00
38.61400,4.420829e+02,1.915690e+02,3.990725e+02,1.930179e+02,4.301049e+01,-1.448866e+00
38.61500,4.420629e+02,1.951763e+02,3.990561e+02,1.965304e+02,4.300685e+01,-1.354159e+00
38.61600,4.420447e+02,1.986095e+02,3.990411e+02,1.998687e+02,4.300361e+01,-1.259239e+00
38.61700,4.420091e+02,2.023247e+02,3.990083e+02,2.034891e+02,4.300085e+01,-1.164317e+00
38.61800,4.419469e+02,2.061020e+02,3.989483e+02,2.071715e+02,4.299867e+01,-1.069585e+00
38.61900,4.419626e+02,2.086451e+02,3.989657e+02,2.096196e+02,4.299692e+01,-9.745320e-01
38.62000,4.420765e+02,2.103703e+02,3.990813e+02,2.112499e+02,4.299513e+01,-8.795353e-01
38.62100,4.421977e+02,2.115685e+02,3.992047e+02,2.123535e+02,4.299297e+01,-7.850707e-01
38.62200,4.421802e+02,2.132246e+02,3.991895e+02,2.139161e+02,4.299071e+01,-6.914707e-01
38.62300,4.421539e+02,2.165373e+02,3.991653e+02,2.171343e+02,4.298860e+01,-5.969902e-01
38.62400,4.421167e+02,2.183515e+02,3.991303e+02,2.188545e+02,4.298639e+01,-5.030491e-01
38.62500,4.421145e+02,2.201723e+02,3.991301e+02,2.205821e+02,4.298437e+01,-4.098744e-01
38.62600,4.421155e+02,2.218014e+02,3.991329e+02,2.221191e+02,4.298263e+01,-3.177118e-01
38.62700,4.421215e+02,2.229798e+02,3.991403e+02,2.232061e+02,4.298128e+01,-2.262569e-01
38.62800,4.421246e+02,2.241231e+02,3.991442e+02,2.242585e+02,4.298033e+01,-1.354839e-01
38.62900,4.421288e+02,2.251363e+02,3.991490e+02,2.251817e+02,4.297979e+01,-4.539963e-02
38.63000,4.421400e+02,2.257810e+02,3.991603e+02,2.257369e+02,4.297973e+01,4.405616e-02
38.63100,4.421487e+02,2.262348e+02,3.991687e+02,2.261019e+02,4.298011e+01,1.329651e-01
38.63200,4.421559e+02,2.266770e+02,3.991751e+02,2.264557e+02,4.298093e+01,2.212973e-01
38.63300,4.421376e+02,2.269427e+02,3.991553e+02,2.266341e+02,4.298227e+01,3.086487e-01
38.63400,4.422810e+02,2.283179e+02,3.992973e+02,2.279229e+02,4.298363e+01,3.950683e-01
38.63500,4.422162e+02,2.268564e+02,3.992308e+02,2.263749e+02,4.298539e+01,4.814762e-01
38.63600,4.422165e+02,2.262024e+02,3.992291e+02,2.256351e+02,4.298747e+01,5.673206e-01
38.63700,4.422077e+02,2.258488e+02,3.992179e+02,2.251961e+02,4.298973e+01,6.526571e-01
38.63800,4.422661e+02,2.244072e+02,3.992735e+02,2.236710e+02,4.299257e+01,7.362440e-01
38.63900,4.423193e+02,2.228651e+02,3.993231e+02,2.220473e+02,4.299613e+01,8.178400e-01
38.64000,4.423356e+02,2.212563e+02,3.993355e+02,2.203587e+02,4.300006e+01,8.976647e-01
38.64100,4.423825e+02,2.201980e+02,3.993776e+02,2.192221e+02,4.300489e+01,9.758907e-01
38.64200,4.424139e+02,2.185651e+02,3.994035e+02,2.175120e+02,4.301042e+01,1.053043e+00
38.64300,4.424490e+02,2.167900e+02,3.994324e+02,2.156609e+02,4.301665e+01,1.129075e+00
38.64400,4.424817e+02,2.144627e+02,3.994582e+02,2.132587e+02,4.302355e+01,1.204109e+00
38.64500,4.425259e+02,2.121757e+02,3.994948e+02,2.108977e+02,4.303115e+01,1.277912e+00
38.64600,4.425752e+02,2.099696e+02,3.995357e+02,2.086191e+02,4.303951e+01,1.350492e+00
38.64700,4.426293e+02,2.065567e+02,3.995807e+02,2.051355e+02,4.304861e+01,1.421233e+00
38.64800,4.426898e+02,2.036369e+02,3.996313e+02,2.021464e+02,4.305849e+01,1.490556e+00
38.64900,4.427568e+02,2.000697e+02,3.996877e+02,1.985113e+02,4.306918e+01,1.558322e+00
38.65000,4.428255e+02,1.967461e+02,3.997448e+02,1.951217e+02,4.308065e+01,1.624433e+00
38.65100,4.427848e+02,1.938723e+02,3.996929e+02,1.921833e+02,4.309189e+01,1.689003e+00
38.65200,4.428291e+02,1.906199e+02,3.997251e+02,1.888683e+02,4.310399e+01,1.751498e+00
38.65300,4.429399e+02,1.872046e+02,3.998223e+02,1.853924e+02,4.311751e+01,1.812200e+00
38.65400,4.430327e+02,1.830398e+02,3.999003e+02,1.811695e+02,4.313231e+01,1.870365e+00
38.65500,4.431263e+02,1.782818e+02,3.999779e+02,1.763555e+02,4.314829e+01,1.926285e+00
38.65600,4.432173e+02,1.736703e+02,4.000519e+02,1.716899e+02,4.316540e+01,1.980435e+00
38.65700,4.433053e+02,1.686198e+02,4.001217e+02,1.665871e+02,4.318358e+01,2.032746e+00
38.65800,4.433976e+02,1.638153e+02,4.001948e+02,1.617322e+02,4.320285e+01,2.083100e+00
38.65900,4.434866e+02,1.587531e+02,4.002635e+02,1.566217e+02,4.322307e+01,2.131411e+00
38.66000,4.435832e+02,1.536281e+02,4.003389e+02,1.514505e+02,4.324426e+01,2.177608e+00
38.66100,4.436891e+02,1.479732e+02,4.004227e+02,1.457517e+02,4.326651e+01,2.221509e+00
38.66200,4.437966e+02,1.423849e+02,4.005068e+02,1.401218e+02,4.328981e+01,2.263054e+00
38.66300,4.439162e+02,1.367364e+02,4.006019e+02,1.344343e+02,4.331427e+01,2.302092e+00
38.66400,4.440305e+02,1.307493e+02,4.006907e+02,1.284102e+02,4.333977e+01,2.339038e+00
38.66500,4.440895e+02,1.255189e+02,4.007237e+02,1.231449e+02,4.336584e+01,2.373979e+00
38.66600,4.442071e+02,1.191711e+02,4.008143e+02,1.167652e+02,4.339283e+01,2.405817e+00
38.66700,4.443258e+02,1.127955e+02,4.009050e+02,1.103611e+02,4.342082e+01,2.434447e+00
38.66800,4.444576e+02,1.065241e+02,4.010076e+02,1.040643e+02,4.345003e+01,2.459835e+00
38.66900,4.445751e+02,1.002079e+02,4.010948e+02,9.772513e+01,4.348037e+01,2.482715e+00
38.67000,4.447210e+02,9.287900e+01,4.012092e+02,9.037587e+01,4.351181e+01,2.503095e+00
38.67100,4.449126e+02,8.480953e+01,4.013683e+02,8.228940e+01,4.354437e+01,2.520128e+00
38.67200,4.450602e+02,7.762980e+01,4.014821e+02,7.509560e+01,4.357807e+01,2.534199e+00
38.67300,4.452030e+02,7.081787e+01,4.015901e+02,6.827220e+01,4.361289e+01,2.545627e+00
38.67400,4.453462e+02,6.303371e+01,4.016975e+02,6.047976e+01,4.364872e+01,2.553954e+00
38.67500,4.454943e+02,5.555455e+01,4.018087e+02,5.299541e+01,4.368555e+01,2.559132e+00
38.67600,4.456493e+02,4.785882e+01,4.019259e+02,4.529769e+01,4.372337e+01,2.561129e+00
38.67700,4.458145e+02,3.998403e+01,4.020522e+02,3.742411e+01,4.376221e+01,2.559920e+00
38.67800,4.459529e+02,3.262285e+01,4.021511e+02,3.006717e+01,4.380179e+01,2.555683e+00
38.67900,4.461113e+02,2.487449e+01,4.022691e+02,2.232615e+01,4.384216e+01,2.548339e+00
38.68000,4.462670e+02,1.719940e+01,4.023837e+02,1.466180e+01,4.388328e+01,2.537603e+00
38.68100,4.464288e+02,9.023047e+00,4.025037e+02,6.499527e+00,4.392517e+01,2.523517e+00
38.68200,4.465903e+02,6.875067e-01,4.026225e+02,-1.817909e+00,4.396780e+01,2.505415e+00
38.68300,4.467505e+02,-7.802973e+00,4.027394e+02,-1.028712e+01,4.401113e+01,2.484145e+00
38.68400,4.469117e+02,-1.617006e+01,4.028567e+02,-1.862959e+01,4.405511e+01,2.459531e+00
38.68500,4.470719e+02,-2.457557e+01,4.029722e+02,-2.700721e+01,4.409970e+01,2.431640e+00
38.68600,4.472505e+02,-3.263665e+01,4.031058e+02,-3.503816e+01,4.414464e+01,2.401515e+00
38.68700,4.474323e+02,-4.099099e+01,4.032425e+02,-4.335999e+01,4.418981e+01,2.369004e+00
38.68800,4.475536e+02,-4.938666e+01,4.033181e+02,-5.172037e+01,4.423543e+01,2.333704e+00
38.68900,4.476602e+02,-5.810274e+01,4.033787e+02,-6.039843e+01,4.428153e+01,2.295688e+00
38.69000,4.477975e+02,-6.668233e+01,4.034697e+02,-6.893707e+01,4.432789e+01,2.254749e+00
38.69100,4.478967e+02,-7.521807e+01,4.035221e+02,-7.742893e+01,4.437463e+01,2.210859e+00
38.69200,4.480314e+02,-8.377247e+01,4.036099e+02,-8.593673e+01,4.442150e+01,2.164262e+00
38.69300,4.481781e+02,-9.216480e+01,4.037099e+02,-9.427993e+01,4.446813e+01,2.115144e+00
38.69400,4.483139e+02,-1.004501e+02,4.037992e+02,-1.025128e+02,4.451473e+01,2.062666e+00
38.69500,4.484398e+02,-1.089090e+02,4.038786e+02,-1.109160e+02,4.456119e+01,2.006974e+00
38.69600,4.485593e+02,-1.172999e+02,4.039520e+02,-1.192483e+02,4.460732e+01,1.948289e+00
38.69700,4.486875e+02,-1.261407e+02,4.040343e+02,-1.280275e+02,4.465315e+01,1.886793e+00
38.69800,4.488455e+02,-1.347857e+02,4.041464e+02,-1.366082e+02,4.469905e+01,1.822519e+00
38.69900,4.489871e+02,-1.434283e+02,4.042421e+02,-1.451840e+02,4.474497e+01,1.755714e+00
38.70000,4.491033e+02,-1.516267e+02,4.043127e+02,-1.533132e+02,4.479056e+01,1.686442e+00
38.70100,4.491577e+02,-1.595549e+02,4.043227e+02,-1.611703e+02,4.483505e+01,1.615348e+00
38.70200,4.493022e+02,-1.677309e+02,4.044232e+02,-1.692725e+02,4.487896e+01,1.541629e+00
38.70300,4.494223e+02,-1.761673e+02,4.044998e+02,-1.776323e+02,4.492241e+01,1.465045e+00
38.70400,4.494935e+02,-1.836712e+02,4.045281e+02,-1.850575e+02,4.496537e+01,1.386280e+00
38.70500,4.495719e+02,-1.915293e+02,4.045643e+02,-1.928348e+02,4.500756e+01,1.305537e+00
38.70600,4.496511e+02,-1.995216e+02,4.046023e+02,-2.007442e+02,4.504880e+01,1.222598e+00
38.70700,4.497186e+02,-2.071255e+02,4.046297e+02,-2.082629e+02,4.508886e+01,1.137414e+00
38.70800,4.497779e+02,-2.147539e+02,4.046503e+02,-2.158038e+02,4.512765e+01,1.049885e+00
38.70900,4.498383e+02,-2.220653e+02,4.046731e+02,-2.230254e+02,4.516521e+01,9.601253e-01
38.71000,4.498901e+02,-2.295227e+02,4.046886e+02,-2.303909e+02,4.520150e+01,8.681427e-01
38.71100,4.499359e+02,-2.368543e+02,4.046995e+02,-2.376279e+02,4.523648e+01,7.736973e-01
38.71200,4.499790e+02,-2.440753e+02,4.047089e+02,-2.447529e+02,4.527011e+01,6.775587e-01
38.71300,4.500143e+02,-2.509602e+02,4.047119e+02,-2.515397e+02,4.530233e+01,5.795326e-01
38.71400,4.500362e+02,-2.576571e+02,4.047032e+02,-2.581369e+02,4.533302e+01,4.798427e-01
38.71500,4.500576e+02,-2.642147e+02,4.046953e+02,-2.645938e+02,4.536225e+01,3.790669e-01
38.71600,4.500651e+02,-2.706894e+02,4.046751e+02,-2.709666e+02,4.538993e+01,2.772387e-01
38.71700,4.500726e+02,-2.773524e+02,4.046565e+02,-2.775269e+02,4.541612e+01,1.745140e-01
38.71800,4.500678e+02,-2.833555e+02,4.046271e+02,-2.834261e+02,4.544071e+01,7.067400e-02
38.71900,4.500529e+02,-2.891755e+02,4.045893e+02,-2.891416e+02,4.546361e+01,-3.394667e-02
38.72000,4.500399e+02,-2.949860e+02,4.045550e+02,-2.948464e+02,4.548491e+01,-1.396111e-01
38.72100,4.500106e+02,-3.003871e+02,4.045061e+02,-3.001408e+02,4.550449e+01,-2.462706e-01
38.72200,4.499804e+02,-3.057377e+02,4.044581e+02,-3.053839e+02,4.552235e+01,-3.538359e-01
38.72300,4.499348e+02,-3.109209e+02,4.043964e+02,-3.104583e+02,4.553834e+01,-4.625159e-01
38.72400,4.498802e+02,-3.159460e+02,4.043278e+02,-3.153735e+02,4.555240e+01,-5.724518e-01
38.72500,4.498355e+02,-3.203250e+02,4.042707e+02,-3.196419e+02,4.556477e+01,-6.830887e-01
38.72600,4.497753e+02,-3.248731e+02,4.041999e+02,-3.240793e+02,4.557535e+01,-7.938567e-01
38.72700,4.497089e+02,-3.290151e+02,4.041248e+02,-3.281103e+02,4.558411e+01,-9.048567e-01
38.72800,4.496279e+02,-3.331109e+02,4.040370e+02,-3.320948e+02,4.559095e+01,-1.016169e+00
38.72900,4.495476e+02,-3.368928e+02,4.039517e+02,-3.357647e+02,4.559596e+01,-1.128102e+00
38.73000,4.494613e+02,-3.405289e+02,4.038621e+02,-3.392881e+02,4.559915e+01,-1.240851e+00
38.73100,4.493677e+02,-3.439004e+02,4.037671e+02,-3.425465e+02,4.560054e+01,-1.353869e+00
38.73200,4.492601e+02,-3.472181e+02,4.036600e+02,-3.457520e+02,4.560011e+01,-1.466032e+00
38.73300,4.491488e+02,-3.505107e+02,4.035509e+02,-3.489327e+02,4.559791e+01,-1.578091e+00
38.73400,4.490320e+02,-3.520904e+02,4.034380e+02,-3.504022e+02,4.559399e+01,-1.688206e+00
38.73500,4.489133e+02,-3.536913e+02,4.033249e+02,-3.518947e+02,4.558839e+01,-1.796597e+00
38.73600,4.487951e+02,-3.541749e+02,4.032140e+02,-3.522721e+02,4.558109e+01,-1.902735e+00
38.73700,4.486741e+02,-3.563292e+02,4.031020e+02,-3.543215e+02,4.557211e+01,-2.007620e+00
38.73800,4.485487e+02,-3.582980e+02,4.029873e+02,-3.561862e+02,4.556147e+01,-2.111799e+00
38.73900,4.484064e+02,-3.597467e+02,4.028573e+02,-3.575309e+02,4.554909e+01,-2.215745e+00
38.74000,4.482649e+02,-3.608503e+02,4.027299e+02,-3.585308e+02,4.553503e+01,-2.319499e+00
38.74100,4.481162e+02,-3.617586e+02,4.025969e+02,-3.593359e+02,4.551935e+01,-2.422727e+00
38.74200,4.479566e+02,-3.622699e+02,4.024544e+02,-3.597451e+02,4.550217e+01,-2.524837e+00
38.74300,4.477267e+02,-3.621599e+02,4.022429e+02,-3.595348e+02,4.548377e+01,-2.625129e+00
38.74400,4.477300e+02,-3.636194e+02,4.022667e+02,-3.608948e+02,4.546325e+01,-2.724591e+00
38.74500,4.475815e+02,-3.637846e+02,4.021408e+02,-3.609619e+02,4.544072e+01,-2.822717e+00
38.74600,4.474465e+02,-3.630596e+02,4.020295e+02,-3.601401e+02,4.541700e+01,-2.919477e+00
38.74700,4.472869e+02,-3.623978e+02,4.018949e+02,-3.593829e+02,4.539199e+01,-3.014909e+00
38.74800,4.471397e+02,-3.615551e+02,4.017740e+02,-3.584467e+02,4.536570e+01,-3.108437e+00
38.74900,4.469509e+02,-3.604290e+02,4.016130e+02,-3.572292e+02,4.533784e+01,-3.199770e+00
38.75000,4.468091e+02,-3.597141e+02,4.015003e+02,-3.564245e+02,4.530887e+01,-3.289625e+00
38.75100,4.466649e+02,-3.568585e+02,4.013861e+02,-3.534826e+02,4.527876e+01,-3.375919e+00
38.75200,4.465211e+02,-3.556423e+02,4.012732e+02,-3.521824e+02,4.524784e+01,-3.459825e+00
38.75300,4.462801e+02,-3.523975e+02,4.010641e+02,-3.488565e+02,4.521604e+01,-3.540926e+00
38.75400,4.461017e+02,-3.498028e+02,4.009185e+02,-3.461831e+02,4.518323e+01,-3.619794e+00
38.75500,4.459448e+02,-3.471423e+02,4.007952e+02,-3.434457e+02,4.514959e+01,-3.696661e+00
38.75600,4.457822e+02,-3.443955e+02,4.006671e+02,-3.406242e+02,4.511510e+01,-3.771326e+00
38.75700,4.456183e+02,-3.413231e+02,4.005386e+02,-3.374794e+02,4.507967e+01,-3.843769e+00
38.75800,4.454886e+02,-3.387170e+02,4.004447e+02,-3.348031e+02,4.504389e+01,-3.913937e+00
38.75900,4.453470e+02,-3.354619e+02,4.003393e+02,-3.314797e+02,4.500771e+01,-3.982225e+00
38.76000,4.451753e+02,-3.310951e+02,4.002044e+02,-3.270471e+02,4.497087e+01,-4.048085e+00
38.76100,4.450259e+02,-3.271168e+02,4.000925e+02,-3.230053e+02,4.493349e+01,-4.111455e+00
38.76200,4.448887e+02,-3.232095e+02,3.999929e+02,-3.190369e+02,4.489573e+01,-4.172528e+00
38.76300,4.447549e+02,-3.194106e+02,3.998973e+02,-3.151790e+02,4.485759e+01,-4.231635e+00
38.76400,4.446279e+02,-3.135667e+02,3.998089e+02,-3.092791e+02,4.481908e+01,-4.287584e+00
38.76500,4.444605e+02,-3.096683e+02,3.996805e+02,-3.053275e+02,4.478003e+01,-4.340852e+00
38.76600,4.443607e+02,-3.049946e+02,3.996198e+02,-3.006035e+02,4.474092e+01,-4.391047e+00
38.76700,4.442323e+02,-3.001011e+02,3.995305e+02,-2.956629e+02,4.470169e+01,-4.438187e+00
38.76800,4.440475e+02,-2.936402e+02,3.993851e+02,-2.891581e+02,4.466241e+01,-4.482057e+00
38.76900,4.438826e+02,-2.877077e+02,3.992593e+02,-2.831842e+02,4.462329e+01,-4.523408e+00
38.77000,4.437487e+02,-2.819725e+02,3.991647e+02,-2.774104e+02,4.458405e+01,-4.562119e+00
38.77100,4.436439e+02,-2.765007e+02,3.990990e+02,-2.719021e+02,4.454485e+01,-4.598627e+00
38.77200,4.435363e+02,-2.707569e+02,3.990305e+02,-2.661239e+02,4.450573e+01,-4.633005e+00
38.77300,4.434346e+02,-2.651064e+02,3.989679e+02,-2.604414e+02,4.446675e+01,-4.664950e+00
38.77400,4.433325e+02,-2.588983e+02,3.989047e+02,-2.542042e+02,4.442790e+01,-4.694129e+00
38.77500,4.432345e+02,-2.522940e+02,3.988453e+02,-2.475737e+02,4.438923e+01,-4.720248e+00
38.77600,4.431259e+02,-2.453949e+02,3.987753e+02,-2.406517e+02,4.435055e+01,-4.743215e+00
38.77700,4.430329e+02,-2.384329e+02,3.987211e+02,-2.336698e+02,4.431189e+01,-4.763103e+00
38.77800,4.429867e+02,-2.317902e+02,3.987127e+02,-2.270105e+02,4.427407e+01,-4.779650e+00
38.77900,4.428737e+02,-2.262717e+02,3.986373e+02,-2.214776e+02,4.423635e+01,-4.794074e+00
38.78000,4.427869e+02,-2.194265e+02,3.985881e+02,-2.146203e+02,4.419884e+01,-4.806150e+00
38.78100,4.427145e+02,-2.126957e+02,3.985527e+02,-2.078801e+02,4.416171e+01,-4.815631e+00
38.78200,4.426287e+02,-2.047657e+02,3.985039e+02,-1.999435e+02,4.412483e+01,-4.822173e+00
38.78300,4.425611e+02,-1.977287e+02,3.984727e+02,-1.929030e+02,4.408837e+01,-4.825708e+00
38.78400,4.425039e+02,-1.901346e+02,3.984515e+02,-1.853081e+02,4.405247e+01,-4.826452e+00
38.78500,4.424503e+02,-1.828617e+02,3.984331e+02,-1.780376e+02,4.401718e+01,-4.824104e+00
38.78600,4.423912e+02,-1.755943e+02,3.984088e+02,-1.707759e+02,4.398237e+01,-4.818448e+00
38.78700,4.423348e+02,-1.684257e+02,3.983868e+02,-1.636155e+02,4.394801e+01,-4.810165e+00
38.78800,4.422652e+02,-1.609857e+02,3.983512e+02,-1.561868e+02,4.391403e+01,-4.798913e+00
38.78900,4.422173e+02,-1.533067e+02,3.983365e+02,-1.485225e+02,4.388081e+01,-4.784191e+00
38.79000,4.422719e+02,-1.440809e+02,3.984239e+02,-1.393135e+02,4.384807e+01,-4.767403e+00
38.79100,4.422976e+02,-1.354165e+02,3.984819e+02,-1.306673e+02,4.381567e+01,-4.749132e+00
38.79200,4.422734e+02,-1.277498e+02,3.984895e+02,-1.230210e+02,4.378385e+01,-4.728812e+00
38.79300,4.422493e+02,-1.202147e+02,3.984965e+02,-1.155085e+02,4.375274e+01,-4.706233e+00
38.79400,4.422266e+02,-1.125847e+02,3.985043e+02,-1.079038e+02,4.372235e+01,-4.680939e+00
38.79500,4.422001e+02,-1.043333e+02,3.985075e+02,-9.968000e+01,4.369259e+01,-4.653314e+00
38.79600,4.421836e+02,-9.642393e+01,3.985201e+02,-9.180027e+01,4.366350e+01,-4.623700e+00
38.79700,4.421725e+02,-8.856533e+01,3.985373e+02,-8.397307e+01,4.363515e+01,-4.592258e+00
38.79800,4.421676e+02,-8.076100e+01,3.985600e+02,-7.620247e+01,4.360761e+01,-4.558573e+00
38.79900,4.421633e+02,-7.298607e+01,3.985825e+02,-6.846340e+01,4.358081e+01,-4.522656e+00
38.80000,4.421621e+02,-6.490163e+01,3.986074e+02,-6.041732e+01,4.355473e+01,-4.484317e+00
38.80100,4.421581e+02,-5.670662e+01,3.986288e+02,-5.226359e+01,4.352935e+01,-4.443031e+00
38.80200,4.421629e+02,-4.900311e+01,3.986581e+02,-4.460407e+01,4.350475e+01,-4.399043e+00
38.80300,4.421631e+02,-4.126471e+01,3.986823e+02,-3.691169e+01,4.348085e+01,-4.353021e+00
38.80400,4.421715e+02,-3.351825e+01,3.987137e+02,-2.921371e+01,4.345771e+01,-4.304545e+00
38.80500,4.421869e+02,-2.565777e+01,3.987515e+02,-2.140391e+01,4.343533e+01,-4.253850e+00
38.80600,4.422067e+02,-1.770625e+01,3.987929e+02,-1.350537e+01,4.341371e+01,-4.200889e+00
38.80700,4.421917e+02,-1.011737e+01,3.987993e+02,-5.971897e+00,4.339243e+01,-4.145473e+00
38.80800,4.421711e+02,-2.508415e+00,3.987993e+02,1.579194e+00,4.337181e+01,-4.087608e+00
38.80900,4.420892e+02,4.736458e+00,3.987375e+02,8.764413e+00,4.335169e+01,-4.027955e+00
38.81000,4.420415e+02,1.215445e+01,3.987094e+02,1.612156e+01,4.333217e+01,-3.967106e+00
38.81100,4.420563e+02,1.963026e+01,3.987429e+02,2.353506e+01,4.331339e+01,-3.904794e+00
38.81200,4.420697e+02,2.707562e+01,3.987743e+02,3.091637e+01,4.329535e+01,-3.840748e+00
38.81300,4.420809e+02,3.447585e+01,3.988029e+02,3.825060e+01,4.327802e+01,-3.774748e+00
38.81400,4.420901e+02,4.190395e+01,3.988287e+02,4.561077e+01,4.326136e+01,-3.706817e+00
38.81500,4.420933e+02,4.898419e+01,3.988480e+02,5.262112e+01,4.324531e+01,-3.636933e+00
38.81600,4.421025e+02,5.598068e+01,3.988726e+02,5.954621e+01,4.322989e+01,-3.565534e+00
38.81700,4.421102e+02,6.303059e+01,3.988951e+02,6.652309e+01,4.321513e+01,-3.492499e+00
38.81800,4.421177e+02,6.995720e+01,3.989167e+02,7.337500e+01,4.320097e+01,-3.417787e+00
38.81900,4.421227e+02,7.696547e+01,3.989353e+02,8.030673e+01,4.318736e+01,-3.341295e+00
38.82000,4.421357e+02,8.371687e+01,3.989614e+02,8.697987e+01,4.317437e+01,-3.263007e+00
38.82100,4.421276e+02,9.005313e+01,3.989658e+02,9.323613e+01,4.316180e+01,-3.182998e+00
38.82200,4.421137e+02,9.648900e+01,3.989641e+02,9.959113e+01,4.314953e+01,-3.102147e+00
38.82300,4.421436e+02,1.027386e+02,3.990057e+02,1.057591e+02,4.313793e+01,-3.020511e+00
38.82400,4.421469e+02,1.090486e+02,3.990199e+02,1.119868e+02,4.312694e+01,-2.938217e+00
38.82500,4.421527e+02,1.152145e+02,3.990361e+02,1.180695e+02,4.311653e+01,-2.855070e+00
38.82600,4.421525e+02,1.212449e+02,3.990459e+02,1.240154e+02,4.310664e+01,-2.770580e+00
38.82700,4.421524e+02,1.270287e+02,3.990551e+02,1.297137e+02,4.309723e+01,-2.684937e+00
38.82800,4.421464e+02,1.326287e+02,3.990582e+02,1.352270e+02,4.308823e+01,-2.598374e+00
38.82900,4.421497e+02,1.383490e+02,3.990700e+02,1.408598e+02,4.307969e+01,-2.510779e+00
38.83000,4.421487e+02,1.438235e+02,3.990772e+02,1.462455e+02,4.307158e+01,-2.422065e+00
38.83100,4.421407e+02,1.491974e+02,3.990769e+02,1.515295e+02,4.306382e+01,-2.332095e+00
38.83200,4.421377e+02,1.542236e+02,3.990813e+02,1.564650e+02,4.305642e+01,-2.241354e+00
38.83300,4.421401e+02,1.591844e+02,3.990906e+02,1.613343e+02,4.304947e+01,-2.149917e+00
38.83400,4.421323e+02,1.640569e+02,3.990895e+02,1.661147e+02,4.304285e+01,-2.057794e+00
38.83500,4.421267e+02,1.687537e+02,3.990901e+02,1.707186e+02,4.303657e+01,-1.964860e+00
38.83600,4.421359e+02,1.733361e+02,3.991051e+02,1.752074e+02,4.303083e+01,-1.871286e+00
38.83700,4.421239e+02,1.777825e+02,3.990984e+02,1.795601e+02,4.302551e+01,-1.777599e+00
38.83800,4.421208e+02,1.818707e+02,3.991001e+02,1.835545e+02,4.302068e+01,-1.683802e+00
38.83900,4.421208e+02,1.857735e+02,3.991045e+02,1.873633e+02,4.301636e+01,-1.589869e+00
38.84000,4.420943e+02,1.897131e+02,3.990819e+02,1.912089e+02,4.301231e+01,-1.495685e+00
38.84100,4.420723e+02,1.934593e+02,3.990637e+02,1.948603e+02,4.300851e+01,-1.401097e+00
38.84200,4.420541e+02,1.969606e+02,3.990490e+02,1.982668e+02,4.300507e+01,-1.306249e+00
38.84300,4.420309e+02,2.004335e+02,3.990288e+02,2.016449e+02,4.300208e+01,-1.211290e+00
38.84400,4.419566e+02,2.046425e+02,3.989570e+02,2.057592e+02,4.299965e+01,-1.116717e+00
38.84500,4.419507e+02,2.074067e+02,3.989529e+02,2.084285e+02,4.299773e+01,-1.021810e+00
38.84600,4.420323e+02,2.094089e+02,3.990363e+02,2.103357e+02,4.299593e+01,-9.267480e-01
38.84700,4.421416e+02,2.110671e+02,3.991476e+02,2.118990e+02,4.299399e+01,-8.318580e-01
38.84800,4.421948e+02,2.124120e+02,3.992030e+02,2.131497e+02,4.299179e+01,-7.377093e-01
38.84900,4.421677e+02,2.149661e+02,3.991781e+02,2.156095e+02,4.298961e+01,-6.435220e-01
38.85000,4.421340e+02,2.174129e+02,3.991466e+02,2.179621e+02,4.298738e+01,-5.492231e-01
38.85100,4.421143e+02,2.192437e+02,3.991291e+02,2.196995e+02,4.298523e+01,-4.556982e-01
38.85200,4.421157e+02,2.210035e+02,3.991323e+02,2.213663e+02,4.298335e+01,-3.628787e-01
38.85300,4.421074e+02,2.225462e+02,3.991258e+02,2.228173e+02,4.298163e+01,-2.711423e-01
38.85400,4.421277e+02,2.234687e+02,3.991471e+02,2.236489e+02,4.298051e+01,-1.801132e-01
38.85500,4.421233e+02,2.247132e+02,3.991435e+02,2.248029e+02,4.297976e+01,-8.971567e-02
38.85600,4.421377e+02,2.254494e+02,3.991581e+02,2.254494e+02,4.297951e+01,-6.016702e-05
38.85700,4.421443e+02,2.260637e+02,3.991646e+02,2.259746e+02,4.297971e+01,8.913680e-02
38.85800,4.421530e+02,2.263993e+02,3.991727e+02,2.262215e+02,4.298033e+01,1.778303e-01
38.85900,4.421528e+02,2.269113e+02,3.991715e+02,2.266456e+02,4.298139e+01,2.657661e-01
38.86000,4.422441e+02,2.280635e+02,3.992615e+02,2.277109e+02,4.298266e+01,3.526282e-01
38.86100,4.422480e+02,2.275757e+02,3.992639e+02,2.271367e+02,4.298419e+01,4.389230e-01
38.86200,4.422105e+02,2.266965e+02,3.992244e+02,2.261713e+02,4.298613e+01,5.252086e-01
38.86300,4.422157e+02,2.258452e+02,3.992274e+02,2.252345e+02,4.298837e+01,6.107271e-01
38.86400,4.422303e+02,2.251709e+02,3.992395e+02,2.244756e+02,4.299091e+01,6.953080e-01
38.86500,4.422939e+02,2.235645e+02,3.992997e+02,2.227867e+02,4.299413e+01,7.778180e-01
38.86600,4.423263e+02,2.220755e+02,3.993284e+02,2.212167e+02,4.299793e+01,8.586973e-01
38.86700,4.423623e+02,2.208298e+02,3.993599e+02,2.198921e+02,4.300247e+01,9.376280e-01
38.86800,4.423939e+02,2.193319e+02,3.993862e+02,2.183168e+02,4.300767e+01,1.015179e+00
38.86900,4.424341e+02,2.178100e+02,3.994205e+02,2.167182e+02,4.301359e+01,1.091820e+00
38.87000,4.424598e+02,2.155116e+02,3.994397e+02,2.143443e+02,4.302013e+01,1.167342e+00
38.87100,4.425017e+02,2.133241e+02,3.994743e+02,2.120824e+02,4.302736e+01,1.241723e+00
38.87200,4.425473e+02,2.110384e+02,3.995120e+02,2.097235e+02,4.303530e+01,1.314886e+00
38.87300,4.426005e+02,2.083364e+02,3.995565e+02,2.069499e+02,4.304402e+01,1.386545e+00
38.87400,4.426601e+02,2.051810e+02,3.996066e+02,2.037244e+02,4.305353e+01,1.456609e+00
38.87500,4.427183e+02,2.017525e+02,3.996545e+02,2.002273e+02,4.306378e+01,1.525151e+00
38.87600,4.428055e+02,1.982483e+02,3.997306e+02,1.966563e+02,4.307497e+01,1.592058e+00
38.87700,4.427856e+02,1.957275e+02,3.996995e+02,1.940700e+02,4.308611e+01,1.657439e+00
38.87800,4.427987e+02,1.918788e+02,3.997010e+02,1.901579e+02,4.309771e+01,1.720886e+00
38.87900,4.428835e+02,1.887429e+02,3.997731e+02,1.869605e+02,4.311045e+01,1.782361e+00
38.88000,4.429952e+02,1.853146e+02,3.998705e+02,1.834726e+02,4.312472e+01,1.841985e+00
38.88100,4.430773e+02,1.807913e+02,3.999371e+02,1.788923e+02,4.314016e+01,1.899103e+00
38.88200,4.431760e+02,1.760211e+02,4.000193e+02,1.740671e+02,4.315676e+01,1.954059e+00
38.88300,4.432607e+02,1.710059e+02,4.000863e+02,1.689986e+02,4.317441e+01,2.007289e+00
38.88400,4.433526e+02,1.662279e+02,4.001595e+02,1.641693e+02,4.319318e+01,2.058600e+00
38.88500,4.434394e+02,1.612396e+02,4.002265e+02,1.591317e+02,4.321290e+01,2.107904e+00
38.88600,4.435342e+02,1.562847e+02,4.003006e+02,1.541296e+02,4.323359e+01,2.155175e+00
38.88700,4.436342e+02,1.507231e+02,4.003789e+02,1.485229e+02,4.325530e+01,2.200176e+00
38.88800,4.437459e+02,1.451458e+02,4.004678e+02,1.429029e+02,4.327811e+01,2.242889e+00
38.88900,4.438542e+02,1.395779e+02,4.005522e+02,1.372947e+02,4.330199e+01,2.283176e+00
38.89000,4.439897e+02,1.334717e+02,4.006626e+02,1.311507e+02,4.332711e+01,2.321060e+00
38.89100,4.440438e+02,1.283835e+02,4.006910e+02,1.260262e+02,4.335281e+01,2.357291e+00
38.89200,4.441479e+02,1.222715e+02,4.007686e+02,1.198809e+02,4.337931e+01,2.390622e+00
38.89300,4.442675e+02,1.160205e+02,4.008607e+02,1.135996e+02,4.340681e+01,2.420887e+00
38.89400,4.443922e+02,1.096241e+02,4.009568e+02,1.071765e+02,4.343541e+01,2.447585e+00
38.89500,4.445163e+02,1.034600e+02,4.010511e+02,1.009882e+02,4.346517e+01,2.471785e+00
38.89600,4.446305e+02,9.689667e+01,4.011344e+02,9.440313e+01,4.349606e+01,2.493517e+00
38.89700,4.448201e+02,8.868033e+01,4.012921e+02,8.616800e+01,4.352805e+01,2.512363e+00
38.89800,4.449933e+02,8.104020e+01,4.014321e+02,7.851233e+01,4.356119e+01,2.527858e+00
38.89900,4.451336e+02,7.405540e+01,4.015381e+02,7.151487e+01,4.359545e+01,2.540559e+00
38.90000,4.452760e+02,6.698027e+01,4.016452e+02,6.442986e+01,4.363079e+01,2.550433e+00
38.90100,4.454204e+02,5.926294e+01,4.017533e+02,5.670579e+01,4.366713e+01,2.557148e+00
38.90200,4.455731e+02,5.169481e+01,4.018686e+02,4.913411e+01,4.370448e+01,2.560693e+00
38.90300,4.457347e+02,4.379039e+01,4.019919e+02,4.122935e+01,4.374285e+01,2.561043e+00
38.90400,4.458758e+02,3.635754e+01,4.020938e+02,3.379918e+01,4.378199e+01,2.558357e+00
38.90500,4.460354e+02,2.873472e+01,4.022134e+02,2.618218e+01,4.382199e+01,2.552541e+00
38.90600,4.461914e+02,2.091736e+01,4.023287e+02,1.837393e+01,4.386276e+01,2.543428e+00
38.90700,4.463506e+02,1.301853e+01,4.024463e+02,1.048759e+01,4.390429e+01,2.530943e+00
38.90800,4.465101e+02,4.863319e+00,4.025635e+02,2.348263e+00,4.394656e+01,2.515056e+00
38.90900,4.466706e+02,-3.602039e+00,4.026811e+02,-6.097313e+00,4.398954e+01,2.495273e+00
38.91000,4.468324e+02,-1.202174e+01,4.027992e+02,-1.449401e+01,4.403321e+01,2.472272e+00
38.91100,4.469940e+02,-2.039954e+01,4.029165e+02,-2.284549e+01,4.407753e+01,2.445944e+00
38.91200,4.471484e+02,-2.877416e+01,4.030262e+02,-3.119078e+01,4.412223e+01,2.416617e+00
38.91300,4.473453e+02,-3.678803e+01,4.031781e+02,-3.917341e+01,4.416728e+01,2.385371e+00
38.91400,4.475198e+02,-4.521545e+01,4.033072e+02,-4.756683e+01,4.421260e+01,2.351390e+00
38.91500,4.475939e+02,-5.379689e+01,4.033354e+02,-5.611163e+01,4.425855e+01,2.314737e+00
38.91600,4.477234e+02,-6.233461e+01,4.034186e+02,-6.460995e+01,4.430479e+01,2.275341e+00
38.91700,4.478746e+02,-7.100973e+01,4.035234e+02,-7.324267e+01,4.435125e+01,2.232867e+00
38.91800,4.479364e+02,-7.955747e+01,4.035382e+02,-8.174500e+01,4.439824e+01,2.187529e+00
38.91900,4.481089e+02,-8.806247e+01,4.036640e+02,-9.020233e+01,4.444496e+01,2.139871e+00
38.92000,4.482519e+02,-9.632080e+01,4.037603e+02,-9.840980e+01,4.449161e+01,2.088991e+00
38.92100,4.483794e+02,-1.047075e+02,4.038412e+02,-1.067424e+02,4.453817e+01,2.034884e+00
38.92200,4.485013e+02,-1.131525e+02,4.039167e+02,-1.151300e+02,4.458450e+01,1.977557e+00
38.92300,4.486155e+02,-1.217447e+02,4.039851e+02,-1.236622e+02,4.463039e+01,1.917569e+00
38.92400,4.487703e+02,-1.305170e+02,4.040941e+02,-1.323715e+02,4.467627e+01,1.854530e+00
38.92500,4.489212e+02,-1.392486e+02,4.041989e+02,-1.410376e+02,4.472224e+01,1.789003e+00
38.92600,4.490553e+02,-1.475825e+02,4.042872e+02,-1.493035e+02,4.476813e+01,1.720973e+00
38.92700,4.491310e+02,-1.556088e+02,4.043178e+02,-1.572597e+02,4.481322e+01,1.650948e+00
38.92800,4.492226e+02,-1.636643e+02,4.043653e+02,-1.652429e+02,4.485735e+01,1.578571e+00
38.92900,4.493717e+02,-1.719381e+02,4.044706e+02,-1.734414e+02,4.490109e+01,1.503355e+00
38.93000,4.494568e+02,-1.801300e+02,4.045125e+02,-1.815555e+02,4.494426e+01,1.425569e+00
38.93100,4.495315e+02,-1.876227e+02,4.045447e+02,-1.889686e+02,4.498683e+01,1.345874e+00
38.93200,4.496110e+02,-1.955598e+02,4.045825e+02,-1.968239e+02,4.502853e+01,1.264040e+00
38.93300,4.496884e+02,-2.034074e+02,4.046192e+02,-2.045874e+02,4.506921e+01,1.179995e+00
38.93400,4.497463e+02,-2.110171e+02,4.046377e+02,-2.121107e+02,4.510861e+01,1.093567e+00
38.93500,4.498087e+02,-2.185212e+02,4.046620e+02,-2.195261e+02,4.514675e+01,1.004881e+00
38.93600,4.498646e+02,-2.257864e+02,4.046809e+02,-2.267005e+02,4.518365e+01,9.140553e-01
38.93700,4.499151e+02,-2.332863e+02,4.046959e+02,-2.341069e+02,4.521929e+01,8.206647e-01
38.93800,4.499587e+02,-2.405077e+02,4.047051e+02,-2.412331e+02,4.525360e+01,7.253780e-01
38.93900,4.499992e+02,-2.475486e+02,4.047127e+02,-2.481769e+02,4.528653e+01,6.282907e-01
38.94000,4.500261e+02,-2.543326e+02,4.047081e+02,-2.548620e+02,4.531799e+01,5.293629e-01
38.94100,4.500479e+02,-2.610328e+02,4.047000e+02,-2.614619e+02,4.534794e+01,4.291081e-01
38.94200,4.500641e+02,-2.675355e+02,4.046877e+02,-2.678633e+02,4.537642e+01,3.277911e-01
38.94300,4.500688e+02,-2.740782e+02,4.046655e+02,-2.743036e+02,4.540333e+01,2.253997e-01
38.94400,4.500721e+02,-2.803885e+02,4.046434e+02,-2.805105e+02,4.542873e+01,1.219768e-01
38.94500,4.500608e+02,-2.863303e+02,4.046083e+02,-2.863481e+02,4.545247e+01,1.787421e-02
38.94600,4.500449e+02,-2.920906e+02,4.045703e+02,-2.920034e+02,4.547453e+01,-8.720380e-02
38.94700,4.500303e+02,-2.977963e+02,4.045353e+02,-2.976030e+02,4.549501e+01,-1.933481e-01
38.94800,4.499954e+02,-3.031767e+02,4.044817e+02,-3.028763e+02,4.551372e+01,-3.005066e-01
38.94900,4.499604e+02,-3.082465e+02,4.044297e+02,-3.078379e+02,4.553067e+01,-4.085811e-01
38.95000,4.499070e+02,-3.135551e+02,4.043613e+02,-3.130372e+02,4.554568e+01,-5.178381e-01
38.95100,4.498598e+02,-3.181419e+02,4.043009e+02,-3.175137e+02,4.555891e+01,-6.282683e-01
38.95200,4.498045e+02,-3.226846e+02,4.042341e+02,-3.219457e+02,4.557035e+01,-7.389140e-01
38.95300,4.497441e+02,-3.269652e+02,4.041640e+02,-3.261154e+02,4.558003e+01,-8.498073e-01
38.95400,4.496667e+02,-3.310931e+02,4.040789e+02,-3.301322e+02,4.558780e+01,-9.608700e-01
38.95500,4.495875e+02,-3.350121e+02,4.039938e+02,-3.339396e+02,4.559370e+01,-1.072490e+00
38.95600,4.495053e+02,-3.387551e+02,4.039075e+02,-3.375703e+02,4.559779e+01,-1.184856e+00
38.95700,4.494161e+02,-3.422455e+02,4.038160e+02,-3.409473e+02,4.560009e+01,-1.298177e+00
38.95800,4.493147e+02,-3.455925e+02,4.037141e+02,-3.441818e+02,4.560056e+01,-1.410707e+00
38.95900,4.492031e+02,-3.488971e+02,4.036039e+02,-3.473745e+02,4.559921e+01,-1.522687e+00
38.96000,4.490889e+02,-3.516449e+02,4.034927e+02,-3.500107e+02,4.559612e+01,-1.634119e+00
38.96100,4.489719e+02,-3.526897e+02,4.033806e+02,-3.509465e+02,4.559135e+01,-1.743187e+00
38.96200,4.488558e+02,-3.537625e+02,4.032709e+02,-3.519124e+02,4.558491e+01,-1.850147e+00
38.96300,4.487351e+02,-3.553261e+02,4.031583e+02,-3.533704e+02,4.557676e+01,-1.955706e+00
38.96400,4.486100e+02,-3.575037e+02,4.030431e+02,-3.554435e+02,4.556691e+01,-2.060140e+00
38.96500,4.484778e+02,-3.591105e+02,4.029224e+02,-3.569463e+02,4.555539e+01,-2.164125e+00
38.96600,4.483353e+02,-3.603873e+02,4.027931e+02,-3.581193e+02,4.554215e+01,-2.267960e+00
38.96700,4.481835e+02,-3.612968e+02,4.026564e+02,-3.589252e+02,4.552718e+01,-2.371598e+00
38.96800,4.480391e+02,-3.620024e+02,4.025284e+02,-3.595280e+02,4.551073e+01,-2.474384e+00
38.96900,4.478630e+02,-3.624635e+02,4.023701e+02,-3.598879e+02,4.549287e+01,-2.575594e+00
38.97000,4.476587e+02,-3.623393e+02,4.021850e+02,-3.596641e+02,4.547369e+01,-2.675198e+00
38.97100,4.476643e+02,-3.639477e+02,4.022123e+02,-3.611737e+02,4.545211e+01,-2.774023e+00
38.97200,4.475241e+02,-3.632975e+02,4.020951e+02,-3.604261e+02,4.542910e+01,-2.871479e+00
38.97300,4.473753e+02,-3.629168e+02,4.019705e+02,-3.599491e+02,4.540485e+01,-2.967652e+00
38.97400,4.472119e+02,-3.619509e+02,4.018327e+02,-3.588886e+02,4.537919e+01,-3.062267e+00
38.97500,4.470315e+02,-3.608734e+02,4.016795e+02,-3.577188e+02,4.535198e+01,-3.154593e+00
38.97600,4.468769e+02,-3.600859e+02,4.015535e+02,-3.568409e+02,4.532348e+01,-3.245073e+00
38.97700,4.467321e+02,-3.585536e+02,4.014381e+02,-3.552202e+02,4.529389e+01,-3.333380e+00
38.97800,4.466415e+02,-3.558506e+02,4.013783e+02,-3.524323e+02,4.526314e+01,-3.418295e+00
38.97900,4.464184e+02,-3.545402e+02,4.011865e+02,-3.510393e+02,4.523193e+01,-3.500955e+00
38.98000,4.461807e+02,-3.510147e+02,4.009811e+02,-3.474338e+02,4.519960e+01,-3.580915e+00
38.98100,4.460208e+02,-3.485017e+02,4.008544e+02,-3.448430e+02,4.516637e+01,-3.658751e+00
38.98200,4.458618e+02,-3.457438e+02,4.007295e+02,-3.420093e+02,4.513231e+01,-3.734531e+00
38.98300,4.456901e+02,-3.427405e+02,4.005929e+02,-3.389325e+02,4.509725e+01,-3.808031e+00
38.98400,4.455741e+02,-3.404337e+02,4.005123e+02,-3.365543e+02,4.506191e+01,-3.879489e+00
38.98500,4.454023e+02,-3.368649e+02,4.003764e+02,-3.329163e+02,4.502589e+01,-3.948599e+00
38.98600,4.452660e+02,-3.335113e+02,4.002766e+02,-3.294956e+02,4.498942e+01,-4.015703e+00
38.98700,4.450955e+02,-3.290163e+02,4.001433e+02,-3.249359e+02,4.495229e+01,-4.080351e+00
38.98800,4.449530e+02,-3.250503e+02,4.000383e+02,-3.209078e+02,4.491467e+01,-4.142532e+00
38.98900,4.448205e+02,-3.213703e+02,3.999438e+02,-3.171677e+02,4.487675e+01,-4.202575e+00
38.99000,4.446926e+02,-3.164005e+02,3.998541e+02,-3.121404e+02,4.483846e+01,-4.260069e+00
38.99100,4.445255e+02,-3.117878e+02,3.997260e+02,-3.074729e+02,4.479951e+01,-4.314941e+00
38.99200,4.444104e+02,-3.071923e+02,3.996500e+02,-3.028257e+02,4.476040e+01,-4.366606e+00
38.99300,4.443162e+02,-3.029468e+02,3.995949e+02,-2.985316e+02,4.472126e+01,-4.415210e+00
38.99400,4.441225e+02,-2.964649e+02,3.994406e+02,-2.920041e+02,4.468194e+01,-4.460733e+00
38.99500,4.439809e+02,-2.905925e+02,3.993380e+02,-2.860894e+02,4.464290e+01,-4.503172e+00
38.99600,4.438050e+02,-2.848516e+02,3.992013e+02,-2.803085e+02,4.460371e+01,-4.543029e+00
38.99700,4.436962e+02,-2.792560e+02,3.991317e+02,-2.746753e+02,4.456453e+01,-4.580671e+00
38.99800,4.435843e+02,-2.735422e+02,3.990590e+02,-2.689259e+02,4.452533e+01,-4.616225e+00
38.99900,4.434837e+02,-2.678657e+02,3.989975e+02,-2.632163e+02,4.448627e+01,-4.649403e+00
39.00000,4.433848e+02,-2.623784e+02,3.989375e+02,-2.576983e+02,4.444736e+01,-4.680163e+00
39.00100,4.432777e+02,-2.552889e+02,3.988691e+02,-2.505811e+02,4.440854e+01,-4.707715e+00
39.00200,4.431807e+02,-2.489577e+02,3.988109e+02,-2.442254e+02,4.436987e+01,-4.732244e+00
39.00300,4.430785e+02,-2.418604e+02,3.987473e+02,-2.371068e+02,4.433121e+01,-4.753653e+00
39.00400,4.430067e+02,-2.350734e+02,3.987138e+02,-2.303015e+02,4.429294e+01,-4.771837e+00
39.00500,4.429318e+02,-2.290900e+02,3.986766e+02,-2.243027e+02,4.425525e+01,-4.787307e+00
39.00600,4.428268e+02,-2.227869e+02,3.986092e+02,-2.179864e+02,4.421760e+01,-4.800583e+00
39.00700,4.427494e+02,-2.161159e+02,3.985691e+02,-2.113045e+02,4.418023e+01,-4.811431e+00
39.00800,4.426711e+02,-2.086753e+02,3.985279e+02,-2.038559e+02,4.414320e+01,-4.819361e+00
39.00900,4.425933e+02,-2.011633e+02,3.984868e+02,-1.963389e+02,4.410649e+01,-4.824408e+00
39.01000,4.425315e+02,-1.937760e+02,3.984613e+02,-1.889495e+02,4.407029e+01,-4.826468e+00
39.01100,4.424771e+02,-1.864397e+02,3.984423e+02,-1.816140e+02,4.403469e+01,-4.825751e+00
39.01200,4.424222e+02,-1.792439e+02,3.984225e+02,-1.744223e+02,4.399966e+01,-4.821676e+00
39.01300,4.423633e+02,-1.718805e+02,3.983982e+02,-1.670659e+02,4.396508e+01,-4.814629e+00
39.01400,4.423049e+02,-1.649491e+02,3.983740e+02,-1.601441e+02,4.393095e+01,-4.805010e+00
39.01500,4.422402e+02,-1.569447e+02,3.983429e+02,-1.521528e+02,4.389737e+01,-4.791927e+00
39.01600,4.422399e+02,-1.486691e+02,3.983755e+02,-1.438929e+02,4.386437e+01,-4.776102e+00
39.01700,4.422757e+02,-1.396206e+02,3.984439e+02,-1.348623e+02,4.383179e+01,-4.758361e+00
39.01800,4.422873e+02,-1.316771e+02,3.984877e+02,-1.269380e+02,4.379965e+01,-4.739129e+00
39.01900,4.422611e+02,-1.238743e+02,3.984929e+02,-1.191566e+02,4.376816e+01,-4.717659e+00
39.02000,4.422393e+02,-1.164393e+02,3.985019e+02,-1.117455e+02,4.373740e+01,-4.693862e+00
39.02100,4.422115e+02,-1.083442e+02,3.985042e+02,-1.036769e+02,4.370729e+01,-4.667259e+00
39.02200,4.421920e+02,-1.003111e+02,3.985141e+02,-9.567247e+01,4.367786e+01,-4.638680e+00
39.02300,4.421756e+02,-9.246420e+01,3.985265e+02,-8.785593e+01,4.364912e+01,-4.608219e+00
39.02400,4.421709e+02,-8.458940e+01,3.985497e+02,-8.001373e+01,4.362119e+01,-4.575646e+00
39.02500,4.421643e+02,-7.682200e+01,3.985703e+02,-7.228120e+01,4.359401e+01,-4.540770e+00
39.02600,4.421637e+02,-6.895013e+01,3.985961e+02,-6.444648e+01,4.356759e+01,-4.503630e+00
39.02700,4.421588e+02,-6.077490e+01,3.986169e+02,-5.631101e+01,4.354185e+01,-4.463892e+00
39.02800,4.421640e+02,-5.268317e+01,3.986471e+02,-4.826214e+01,4.351691e+01,-4.421030e+00
39.02900,4.421609e+02,-4.517360e+01,3.986683e+02,-4.079757e+01,4.349265e+01,-4.376033e+00
39.03000,4.421674e+02,-3.734446e+01,3.986983e+02,-3.301565e+01,4.346914e+01,-4.328803e+00
39.03100,4.421774e+02,-2.947738e+01,3.987310e+02,-2.519818e+01,4.344636e+01,-4.279197e+00
39.03200,4.421979e+02,-2.165012e+01,3.987735e+02,-1.742273e+01,4.342437e+01,-4.227393e+00
39.03300,4.421965e+02,-1.393690e+01,3.987935e+02,-9.763653e+00,4.340292e+01,-4.173247e+00
39.03400,4.422028e+02,-6.232567e+00,3.988209e+02,-2.116078e+00,4.338194e+01,-4.116489e+00
39.03500,4.421247e+02,1.155073e+00,3.987631e+02,5.212669e+00,4.336163e+01,-4.057596e+00
39.03600,4.420426e+02,8.454567e+00,3.987009e+02,1.245185e+01,4.334177e+01,-3.997283e+00
39.03700,4.420511e+02,1.589797e+01,3.987285e+02,1.983375e+01,4.332261e+01,-3.935781e+00
39.03800,4.420667e+02,2.357665e+01,3.987624e+02,2.744925e+01,4.330423e+01,-3.872600e+00
39.03900,4.420783e+02,3.075377e+01,3.987917e+02,3.456136e+01,4.328658e+01,-3.807591e+00
39.04000,4.420873e+02,3.826473e+01,3.988177e+02,4.200533e+01,4.326961e+01,-3.740598e+00
39.04100,4.420907e+02,4.551677e+01,3.988375e+02,4.918843e+01,4.325324e+01,-3.671672e+00
39.04200,4.420969e+02,5.250897e+01,3.988593e+02,5.610992e+01,4.323750e+01,-3.600945e+00
39.04300,4.421072e+02,5.951169e+01,3.988847e+02,6.304044e+01,4.322242e+01,-3.528752e+00
39.04400,4.421145e+02,6.657705e+01,3.989065e+02,7.003193e+01,4.320797e+01,-3.454867e+00
39.04500,4.421195e+02,7.350747e+01,3.989255e+02,7.688673e+01,4.319407e+01,-3.379249e+00
39.04600,4.421309e+02,8.050240e+01,3.989501e+02,8.380420e+01,4.318079e+01,-3.301803e+00
39.04700,4.421334e+02,8.694953e+01,3.989654e+02,9.017227e+01,4.316803e+01,-3.222671e+00
39.04800,4.421239e+02,9.329533e+01,3.989683e+02,9.643740e+01,4.315564e+01,-3.142068e+00
39.04900,4.421307e+02,9.967260e+01,3.989869e+02,1.027335e+02,4.314374e+01,-3.060874e+00
39.05000,4.421418e+02,1.058969e+02,3.990094e+02,1.088756e+02,4.313243e+01,-2.978736e+00
39.05100,4.421479e+02,1.121847e+02,3.990262e+02,1.150808e+02,4.312171e+01,-2.896118e+00
39.05200,4.421532e+02,1.182978e+02,3.990416e+02,1.211102e+02,4.311157e+01,-2.812407e+00
39.05300,4.421528e+02,1.241389e+02,3.990509e+02,1.268661e+02,4.310195e+01,-2.727203e+00
39.05400,4.421477e+02,1.297527e+02,3.990549e+02,1.323938e+02,4.309273e+01,-2.641185e+00
39.05500,4.421479e+02,1.355234e+02,3.990639e+02,1.380775e+02,4.308396e+01,-2.554131e+00
39.05600,4.421483e+02,1.411443e+02,3.990727e+02,1.436103e+02,4.307563e+01,-2.465983e+00
39.05700,4.421453e+02,1.465733e+02,3.990776e+02,1.489499e+02,4.306769e+01,-2.376717e+00
39.05800,4.421391e+02,1.518119e+02,3.990790e+02,1.540983e+02,4.306011e+01,-2.286407e+00
39.05900,4.421375e+02,1.567013e+02,3.990845e+02,1.588965e+02,4.305291e+01,-2.195286e+00
39.06000,4.421355e+02,1.617631e+02,3.990894e+02,1.638666e+02,4.304611e+01,-2.103426e+00
39.06100,4.421309e+02,1.665137e+02,3.990913e+02,1.685247e+02,4.303968e+01,-2.010979e+00
39.06200,4.421281e+02,1.710208e+02,3.990945e+02,1.729383e+02,4.303364e+01,-1.917509e+00
39.06300,4.421331e+02,1.756513e+02,3.991050e+02,1.774751e+02,4.302815e+01,-1.823803e+00
39.06400,4.421260e+02,1.799949e+02,3.991029e+02,1.817249e+02,4.302314e+01,-1.730079e+00
39.06500,4.421183e+02,1.838855e+02,3.990997e+02,1.855217e+02,4.301855e+01,-1.636224e+00
39.06600,4.421098e+02,1.877833e+02,3.990954e+02,1.893255e+02,4.301438e+01,-1.542198e+00
39.06700,4.420827e+02,1.916090e+02,3.990722e+02,1.930569e+02,4.301045e+01,-1.447869e+00
39.06800,4.420627e+02,1.952146e+02,3.990559e+02,1.965677e+02,4.300681e+01,-1.353159e+00
39.06900,4.420444e+02,1.986457e+02,3.990408e+02,1.999039e+02,4.300357e+01,-1.258237e+00
39.07000,4.420086e+02,2.023700e+02,3.990077e+02,2.035333e+02,4.300083e+01,-1.163317e+00
39.07100,4.419474e+02,2.061233e+02,3.989487e+02,2.071919e+02,4.299865e+01,-1.068574e+00
39.07200,4.419636e+02,2.086659e+02,3.989667e+02,2.096394e+02,4.299689e+01,-9.735187e-01
39.07300,4.420767e+02,2.103966e+02,3.990817e+02,2.112751e+02,4.299511e+01,-8.785180e-01
39.07400,4.421981e+02,2.115820e+02,3.992051e+02,2.123661e+02,4.299295e+01,-7.840627e-01
39.07500,4.421801e+02,2.132523e+02,3.991893e+02,2.139428e+02,4.299069e+01,-6.904633e-01
39.07600,4.421537e+02,2.165591e+02,3.991651e+02,2.171551e+02,4.298858e+01,-5.959833e-01
39.07700,4.421167e+02,2.183711e+02,3.991303e+02,2.188731e+02,4.298637e+01,-5.020544e-01
39.07800,4.421145e+02,2.201928e+02,3.991301e+02,2.206017e+02,4.298435e+01,-4.088881e-01
39.07900,4.421154e+02,2.218191e+02,3.991328e+02,2.221359e+02,4.298261e+01,-3.167382e-01
39.08000,4.421219e+02,2.229885e+02,3.991407e+02,2.232138e+02,4.298127e+01,-2.252906e-01
39.08100,4.421245e+02,2.241364e+02,3.991442e+02,2.242709e+02,4.298033e+01,-1.345249e-01
39.08200,4.421289e+02,2.251443e+02,3.991491e+02,2.251888e+02,4.297979e+01,-4.444957e-02
39.08300,4.421400e+02,2.257889e+02,3.991603e+02,2.257439e+02,4.297973e+01,4.500124e-02
39.08400,4.421488e+02,2.262370e+02,3.991687e+02,2.261031e+02,4.298012e+01,1.339031e-01
39.08500,4.421561e+02,2.266843e+02,3.991751e+02,2.264620e+02,4.298094e+01,2.222274e-01
39.08600,4.421387e+02,2.269543e+02,3.991563e+02,2.266448e+02,4.298229e+01,3.095676e-01
39.08700,4.422807e+02,2.283107e+02,3.992971e+02,2.279148e+02,4.298365e+01,3.959825e-01
39.08800,4.422161e+02,2.268510e+02,3.992307e+02,2.263686e+02,4.298541e+01,4.823873e-01
39.08900,4.422165e+02,2.261944e+02,3.992291e+02,2.256261e+02,4.298749e+01,5.682243e-01
39.09000,4.422082e+02,2.258351e+02,3.992185e+02,2.251815e+02,4.298976e+01,6.535511e-01
39.09100,4.422661e+02,2.243984e+02,3.992735e+02,2.236613e+02,4.299260e+01,7.371200e-01
39.09200,4.423197e+02,2.228486e+02,3.993235e+02,2.220299e+02,4.299617e+01,8.186973e-01
39.09300,4.423363e+02,2.212479e+02,3.993362e+02,2.203493e+02,4.300011e+01,8.985000e-01
39.09400,4.423828e+02,2.201813e+02,3.993779e+02,2.192045e+02,4.300495e+01,9.767100e-01
39.09500,4.424143e+02,2.185470e+02,3.994038e+02,2.174932e+02,4.301049e+01,1.053853e+00
39.09600,4.424491e+02,2.167568e+02,3.994323e+02,2.156269e+02,4.301673e+01,1.129877e+00
39.09700,4.424822e+02,2.144392e+02,3.994585e+02,2.132343e+02,4.302363e+01,1.204897e+00
39.09800,4.425264e+02,2.121510e+02,3.994951e+02,2.108723e+02,4.303123e+01,1.278687e+00
39.09900,4.425759e+02,2.099408e+02,3.995363e+02,2.085896e+02,4.303961e+01,1.351249e+00
39.10000,4.426299e+02,2.065253e+02,3.995811e+02,2.051034e+02,4.304872e+01,1.421975e+00
39.10100,4.426904e+02,2.036017e+02,3.996318e+02,2.021105e+02,4.305861e+01,1.491281e+00
39.10200,4.427577e+02,2.000323e+02,3.996884e+02,1.984733e+02,4.306931e+01,1.559029e+00
39.10300,4.428251e+02,1.967207e+02,3.997443e+02,1.950955e+02,4.308077e+01,1.625123e+00
39.10400,4.427853e+02,1.938225e+02,3.996933e+02,1.921328e+02,4.309202e+01,1.689675e+00
39.10500,4.428300e+02,1.905928e+02,3.997259e+02,1.888407e+02,4.310413e+01,1.752149e+00
39.10600,4.429409e+02,1.871707e+02,3.998232e+02,1.853578e+02,4.311767e+01,1.812833e+00
39.10700,4.430333e+02,1.829886e+02,3.999009e+02,1.811177e+02,4.313248e+01,1.870972e+00
39.10800,4.431276e+02,1.782225e+02,3.999791e+02,1.762957e+02,4.314848e+01,1.926864e+00
39.10900,4.432181e+02,1.736181e+02,4.000525e+02,1.716371e+02,4.316559e+01,1.981000e+00
39.11000,4.433062e+02,1.685691e+02,4.001224e+02,1.665359e+02,4.318378e+01,2.033289e+00
39.11100,4.433983e+02,1.637594e+02,4.001953e+02,1.616758e+02,4.320306e+01,2.083622e+00
39.11200,4.434877e+02,1.587009e+02,4.002643e+02,1.565689e+02,4.322328e+01,2.131911e+00
39.11300,4.435843e+02,1.535709e+02,4.003398e+02,1.513929e+02,4.324449e+01,2.178085e+00
39.11400,4.436905e+02,1.479160e+02,4.004237e+02,1.456940e+02,4.326675e+01,2.221963e+00
39.11500,4.437977e+02,1.423264e+02,4.005077e+02,1.400629e+02,4.329007e+01,2.263483e+00
39.11600,4.439176e+02,1.366738e+02,4.006031e+02,1.343713e+02,4.331453e+01,2.302497e+00
39.11700,4.440312e+02,1.306935e+02,4.006912e+02,1.283541e+02,4.334005e+01,2.339423e+00
39.11800,4.440906e+02,1.254546e+02,4.007245e+02,1.230803e+02,4.336612e+01,2.374331e+00
39.11900,4.442083e+02,1.191072e+02,4.008152e+02,1.167011e+02,4.339312e+01,2.406138e+00
39.12000,4.443271e+02,1.127256e+02,4.009059e+02,1.102909e+02,4.342113e+01,2.434721e+00
39.12100,4.444589e+02,1.064613e+02,4.010086e+02,1.040012e+02,4.345034e+01,2.460084e+00
39.12200,4.445763e+02,1.001397e+02,4.010957e+02,9.765673e+01,4.348069e+01,2.482941e+00
39.12300,4.447230e+02,9.279000e+01,4.012109e+02,9.028673e+01,4.351215e+01,2.503291e+00
39.12400,4.449144e+02,8.473013e+01,4.013697e+02,8.220987e+01,4.354472e+01,2.520287e+00
39.12500,4.450617e+02,7.755593e+01,4.014833e+02,7.502160e+01,4.357843e+01,2.534329e+00
39.12600,4.452045e+02,7.074640e+01,4.015913e+02,6.820067e+01,4.361325e+01,2.545730e+00
39.12700,4.453477e+02,6.294873e+01,4.016987e+02,6.039471e+01,4.364910e+01,2.554024e+00
39.12800,4.454959e+02,5.547361e+01,4.018099e+02,5.291445e+01,4.368594e+01,2.559169e+00
39.12900,4.456509e+02,4.777607e+01,4.019271e+02,4.521494e+01,4.372377e+01,2.561132e+00
39.13000,4.458160e+02,3.990409e+01,4.020533e+02,3.734420e+01,4.376262e+01,2.559889e+00
39.13100,4.459546e+02,3.254104e+01,4.021524e+02,2.998542e+01,4.380221e+01,2.555619e+00
39.13200,4.461129e+02,2.479143e+01,4.022703e+02,2.224319e+01,4.384259e+01,2.548241e+00
39.13300,4.462687e+02,1.711672e+01,4.023849e+02,1.457925e+01,4.388371e+01,2.537468e+00
39.13400,4.464305e+02,8.934213e+00,4.025049e+02,6.410872e+00,4.392561e+01,2.523343e+00
39.13500,4.465920e+02,5.997799e-01,4.026237e+02,-1.905424e+00,4.396825e+01,2.505204e+00
39.13600,4.467523e+02,-7.892380e+00,4.027407e+02,-1.037628e+01,4.401159e+01,2.483900e+00
39.13700,4.469135e+02,-1.625766e+01,4.028579e+02,-1.871691e+01,4.405557e+01,2.459248e+00
39.13800,4.470732e+02,-2.466710e+01,4.029731e+02,-2.709842e+01,4.410017e+01,2.431319e+00
39.13900,4.472531e+02,-3.271685e+01,4.031079e+02,-3.511803e+01,4.414511e+01,2.401180e+00
39.14000,4.474342e+02,-4.107936e+01,4.032439e+02,-4.344800e+01,4.419029e+01,2.368641e+00
39.14100,4.475541e+02,-4.947779e+01,4.033183e+02,-5.181110e+01,4.423591e+01,2.333313e+00
39.14200,4.476611e+02,-5.818142e+01,4.033791e+02,-6.047669e+01,4.428202e+01,2.295272e+00
39.14300,4.477991e+02,-6.677393e+01,4.034708e+02,-6.902827e+01,4.432837e+01,2.254301e+00
39.14400,4.478974e+02,-7.531080e+01,4.035223e+02,-7.752113e+01,4.437512e+01,2.210380e+00
39.14500,4.480331e+02,-8.386267e+01,4.036112e+02,-8.602640e+01,4.442199e+01,2.163763e+00
39.14600,4.481797e+02,-9.225333e+01,4.037111e+02,-9.436793e+01,4.446861e+01,2.114604e+00
39.14700,4.483153e+02,-1.005401e+02,4.038001e+02,-1.026022e+02,4.451522e+01,2.062091e+00
39.14800,4.484411e+02,-1.089983e+02,4.038794e+02,-1.110047e+02,4.456167e+01,2.006366e+00
39.14900,4.485606e+02,-1.173915e+02,4.039528e+02,-1.193392e+02,4.460780e+01,1.947653e+00
39.15000,4.486891e+02,-1.262307e+02,4.040355e+02,-1.281169e+02,4.465363e+01,1.886125e+00
39.15100,4.488471e+02,-1.348859e+02,4.041476e+02,-1.367077e+02,4.469953e+01,1.821821e+00
39.15200,4.489883e+02,-1.435093e+02,4.042428e+02,-1.452643e+02,4.474545e+01,1.754993e+00
39.15300,4.491043e+02,-1.517131e+02,4.043133e+02,-1.533988e+02,4.479104e+01,1.685695e+00
39.15400,4.491586e+02,-1.596397e+02,4.043231e+02,-1.612543e+02,4.483551e+01,1.614577e+00
39.15500,4.493034e+02,-1.678175e+02,4.044240e+02,-1.693583e+02,4.487942e+01,1.540830e+00
39.15600,4.494233e+02,-1.762494e+02,4.045004e+02,-1.777137e+02,4.492286e+01,1.464223e+00
39.15700,4.494943e+02,-1.837527e+02,4.045285e+02,-1.851381e+02,4.496581e+01,1.385434e+00
39.15800,4.495728e+02,-1.916140e+02,4.045648e+02,-1.929187e+02,4.500799e+01,1.304668e+00
39.15900,4.496519e+02,-1.996031e+02,4.046026e+02,-2.008249e+02,4.504922e+01,1.221705e+00
39.16000,4.497194e+02,-2.072090e+02,4.046301e+02,-2.083455e+02,4.508927e+01,1.136495e+00
39.16100,4.497785e+02,-2.148331e+02,4.046505e+02,-2.158821e+02,4.512805e+01,1.048943e+00
39.16200,4.498389e+02,-2.221422e+02,4.046733e+02,-2.231013e+02,4.516560e+01,9.591627e-01
39.16300,4.498906e+02,-2.296041e+02,4.046887e+02,-2.304712e+02,4.520187e+01,8.671533e-01
39.16400,4.499364e+02,-2.369291e+02,4.046995e+02,-2.377017e+02,4.523684e+01,7.726880e-01
39.16500,4.499794e+02,-2.441482e+02,4.047090e+02,-2.448247e+02,4.527045e+01,6.765293e-01
39.16600,4.500146e+02,-2.510315e+02,4.047119e+02,-2.516100e+02,4.530265e+01,5.784852e-01
39.16700,4.500365e+02,-2.577281e+02,4.047031e+02,-2.582068e+02,4.533333e+01,4.787838e-01
39.16800,4.500577e+02,-2.642828e+02,4.046951e+02,-2.646608e+02,4.536255e+01,3.779965e-01
39.16900,4.500651e+02,-2.707569e+02,4.046749e+02,-2.710331e+02,4.539022e+01,2.761551e-01
39.17000,4.500726e+02,-2.774171e+02,4.046562e+02,-2.775905e+02,4.541639e+01,1.734202e-01
39.17100,4.500676e+02,-2.834181e+02,4.046267e+02,-2.834876e+02,4.544096e+01,6.957413e-02
39.17200,4.500527e+02,-2.892359e+02,4.045889e+02,-2.892009e+02,4.546384e+01,-3.505691e-02
39.17300,4.500397e+02,-2.950463e+02,4.045547e+02,-2.949055e+02,4.548512e+01,-1.407325e-01
39.17400,4.500102e+02,-3.004445e+02,4.045055e+02,-3.001970e+02,4.550469e+01,-2.474025e-01
39.17500,4.499800e+02,-3.057876e+02,4.044575e+02,-3.054326e+02,4.552252e+01,-3.549759e-01
39.17600,4.499343e+02,-3.109759e+02,4.043957e+02,-3.105122e+02,4.553849e+01,-4.636675e-01
39.17700,4.498797e+02,-3.159940e+02,4.043272e+02,-3.154203e+02,4.555254e+01,-5.736205e-01
39.17800,4.498349e+02,-3.203750e+02,4.042700e+02,-3.196908e+02,4.556489e+01,-6.842593e-01
39.17900,4.497746e+02,-3.249185e+02,4.041992e+02,-3.241235e+02,4.557545e+01,-7.950293e-01
39.18000,4.497081e+02,-3.290584e+02,4.041239e+02,-3.281523e+02,4.558419e+01,-9.060300e-01
39.18100,4.496271e+02,-3.331525e+02,4.040361e+02,-3.321351e+02,4.559101e+01,-1.017348e+00
39.18200,4.495468e+02,-3.369331e+02,4.039508e+02,-3.358038e+02,4.559600e+01,-1.129290e+00
39.18300,4.494603e+02,-3.405652e+02,4.038611e+02,-3.393232e+02,4.559917e+01,-1.242048e+00
39.18400,4.493666e+02,-3.439357e+02,4.037661e+02,-3.425806e+02,4.560054e+01,-1.355058e+00
39.18500,4.492589e+02,-3.472524e+02,4.036589e+02,-3.457852e+02,4.560009e+01,-1.467215e+00
39.18600,4.491477e+02,-3.505483e+02,4.035498e+02,-3.489691e+02,4.559787e+01,-1.579277e+00
39.18700,4.490307e+02,-3.520937e+02,4.034367e+02,-3.504044e+02,4.559394e+01,-1.689361e+00
39.18800,4.489121e+02,-3.537106e+02,4.033238e+02,-3.519129e+02,4.558832e+01,-1.797736e+00
39.18900,4.487937e+02,-3.541898e+02,4.032127e+02,-3.522859e+02,4.558101e+01,-1.903865e+00
39.19000,4.486728e+02,-3.563491e+02,4.031008e+02,-3.543404e+02,4.557200e+01,-2.008731e+00
39.19100,4.485472e+02,-3.583129e+02,4.029859e+02,-3.562000e+02,4.556135e+01,-2.112903e+00
39.19200,4.484049e+02,-3.597607e+02,4.028560e+02,-3.575439e+02,4.554895e+01,-2.216846e+00
39.19300,4.482634e+02,-3.608595e+02,4.027285e+02,-3.585389e+02,4.553487e+01,-2.320597e+00
39.19400,4.481147e+02,-3.617649e+02,4.025955e+02,-3.593411e+02,4.551918e+01,-2.423819e+00
39.19500,4.479548e+02,-3.622746e+02,4.024528e+02,-3.597487e+02,4.550198e+01,-2.525913e+00
39.19600,4.477223e+02,-3.621415e+02,4.022387e+02,-3.595153e+02,4.548357e+01,-2.626179e+00
39.19700,4.477305e+02,-3.636397e+02,4.022675e+02,-3.609141e+02,4.546303e+01,-2.725634e+00
39.19800,4.475802e+02,-3.637833e+02,4.021397e+02,-3.609595e+02,4.544049e+01,-2.823747e+00
39.19900,4.474452e+02,-3.630580e+02,4.020285e+02,-3.601375e+02,4.541675e+01,-2.920494e+00
39.20000,4.472853e+02,-3.623871e+02,4.018935e+02,-3.593713e+02,4.539173e+01,-3.015907e+00
39.20100,4.471378e+02,-3.615443e+02,4.017724e+02,-3.584349e+02,4.536542e+01,-3.109413e+00
39.20200,4.469493e+02,-3.604195e+02,4.016118e+02,-3.572188e+02,4.533755e+01,-3.200728e+00
39.20300,4.468075e+02,-3.596899e+02,4.014990e+02,-3.563993e+02,4.530857e+01,-3.290556e+00
39.20400,4.466637e+02,-3.568373e+02,4.013853e+02,-3.534605e+02,4.527845e+01,-3.376817e+00
39.20500,4.465183e+02,-3.556294e+02,4.012707e+02,-3.521687e+02,4.524752e+01,-3.460699e+00
39.20600,4.462776e+02,-3.523613e+02,4.010619e+02,-3.488195e+02,4.521571e+01,-3.541769e+00
39.20700,4.461001e+02,-3.497776e+02,4.009173e+02,-3.461570e+02,4.518289e+01,-3.620615e+00
39.20800,4.459433e+02,-3.471125e+02,4.007940e+02,-3.434151e+02,4.514924e+01,-3.697459e+00
39.20900,4.457805e+02,-3.443635e+02,4.006658e+02,-3.405915e+02,4.511474e+01,-3.772101e+00
39.21000,4.456170e+02,-3.412966e+02,4.005377e+02,-3.374521e+02,4.507930e+01,-3.844521e+00
39.21100,4.454867e+02,-3.386767e+02,4.004431e+02,-3.347620e+02,4.504351e+01,-3.914663e+00
39.21200,4.453463e+02,-3.354446e+02,4.003389e+02,-3.314616e+02,4.500733e+01,-3.982939e+00
39.21300,4.451735e+02,-3.310417e+02,4.002030e+02,-3.269929e+02,4.497049e+01,-4.048772e+00
39.21400,4.450245e+02,-3.270729e+02,4.000914e+02,-3.229608e+02,4.493310e+01,-4.112113e+00
39.21500,4.448874e+02,-3.231697e+02,3.999921e+02,-3.189965e+02,4.489535e+01,-4.173160e+00
39.21600,4.447535e+02,-3.193555e+02,3.998963e+02,-3.151233e+02,4.485720e+01,-4.232237e+00
39.21700,4.446263e+02,-3.135208e+02,3.998076e+02,-3.092326e+02,4.481868e+01,-4.288159e+00
39.21800,4.444596e+02,-3.096127e+02,3.996799e+02,-3.052713e+02,4.477963e+01,-4.341392e+00
39.21900,4.443597e+02,-3.049518e+02,3.996192e+02,-3.005603e+02,4.474052e+01,-4.391555e+00
39.22000,4.442301e+02,-3.000327e+02,3.995288e+02,-2.955940e+02,4.470129e+01,-4.438667e+00
39.22100,4.440462e+02,-2.935840e+02,3.993842e+02,-2.891015e+02,4.466201e+01,-4.482503e+00
39.22200,4.438805e+02,-2.876468e+02,3.992577e+02,-2.831229e+02,4.462288e+01,-4.523823e+00
39.22300,4.437476e+02,-2.819159e+02,3.991639e+02,-2.773533e+02,4.458364e+01,-4.562511e+00
39.22400,4.436425e+02,-2.764375e+02,3.990981e+02,-2.718385e+02,4.454443e+01,-4.598997e+00
39.22500,4.435353e+02,-2.706970e+02,3.990299e+02,-2.660637e+02,4.450531e+01,-4.633351e+00
39.22600,4.434337e+02,-2.650497e+02,3.989673e+02,-2.603845e+02,4.446634e+01,-4.665273e+00
39.22700,4.433314e+02,-2.588201e+02,3.989039e+02,-2.541257e+02,4.442749e+01,-4.694416e+00
39.22800,4.432337e+02,-2.522354e+02,3.988449e+02,-2.475149e+02,4.438883e+01,-4.720509e+00
39.22900,4.431249e+02,-2.453191e+02,3.987748e+02,-2.405757e+02,4.435015e+01,-4.743444e+00
39.23000,4.430323e+02,-2.383639e+02,3.987207e+02,-2.336006e+02,4.431149e+01,-4.763298e+00
39.23100,4.429856e+02,-2.317233e+02,3.987119e+02,-2.269435e+02,4.427367e+01,-4.779819e+00
39.23200,4.428727e+02,-2.262009e+02,3.986367e+02,-2.214067e+02,4.423596e+01,-4.794222e+00
39.23300,4.427861e+02,-2.193565e+02,3.985877e+02,-2.145503e+02,4.419845e+01,-4.806272e+00
39.23400,4.427137e+02,-2.126222e+02,3.985524e+02,-2.078065e+02,4.416132e+01,-4.815723e+00
39.23500,4.426279e+02,-2.046859e+02,3.985034e+02,-1.998637e+02,4.412445e+01,-4.822231e+00
39.23600,4.425605e+02,-1.976515e+02,3.984725e+02,-1.928258e+02,4.408799e+01,-4.825734e+00
39.23700,4.425033e+02,-1.900580e+02,3.984513e+02,-1.852316e+02,4.405210e+01,-4.826447e+00
39.23800,4.424498e+02,-1.827863e+02,3.984329e+02,-1.779623e+02,4.401681e+01,-4.824062e+00
39.23900,4.423905e+02,-1.755156e+02,3.984085e+02,-1.706973e+02,4.398201e+01,-4.818373e+00
39.24000,4.423342e+02,-1.683548e+02,3.983865e+02,-1.635447e+02,4.394765e+01,-4.810064e+00
39.24100,4.422645e+02,-1.608913e+02,3.983508e+02,-1.560925e+02,4.391368e+01,-4.798773e+00
39.24200,4.422177e+02,-1.532135e+02,3.983373e+02,-1.484295e+02,4.388046e+01,-4.784028e+00
39.24300,4.422717e+02,-1.439956e+02,3.984240e+02,-1.392284e+02,4.384773e+01,-4.767215e+00
39.24400,4.422977e+02,-1.353399e+02,3.984823e+02,-1.305909e+02,4.381533e+01,-4.748927e+00
39.24500,4.422732e+02,-1.276663e+02,3.984897e+02,-1.229377e+02,4.378352e+01,-4.728584e+00
39.24600,4.422491e+02,-1.201363e+02,3.984967e+02,-1.154303e+02,4.375241e+01,-4.705983e+00
39.24700,4.422264e+02,-1.124949e+02,3.985043e+02,-1.078143e+02,4.372203e+01,-4.680655e+00
39.24800,4.421999e+02,-1.042491e+02,3.985077e+02,-9.959613e+01,4.369228e+01,-4.653018e+00
39.24900,4.421834e+02,-9.634207e+01,3.985202e+02,-9.171873e+01,4.366320e+01,-4.623385e+00
39.25000,4.421724e+02,-8.848253e+01,3.985375e+02,-8.389060e+01,4.363486e+01,-4.591921e+00
39.25100,4.421675e+02,-8.067987e+01,3.985602e+02,-7.612167e+01,4.360733e+01,-4.558212e+00
39.25200,4.421633e+02,-7.291013e+01,3.985828e+02,-6.838787e+01,4.358053e+01,-4.522276e+00
39.25300,4.421621e+02,-6.481744e+01,3.986077e+02,-6.033353e+01,4.355447e+01,-4.483914e+00
39.25400,4.421582e+02,-5.662055e+01,3.986291e+02,-5.217795e+01,4.352909e+01,-4.442596e+00
39.25500,4.421628e+02,-4.892557e+01,3.986583e+02,-4.452699e+01,4.350450e+01,-4.398583e+00
39.25600,4.421632e+02,-4.118040e+01,3.986826e+02,-3.682787e+01,4.348061e+01,-4.352537e+00
39.25700,4.421716e+02,-3.343401e+01,3.987141e+02,-2.912997e+01,4.345747e+01,-4.304035e+00
39.25800,4.421871e+02,-2.557241e+01,3.987520e+02,-2.131909e+01,4.343509e+01,-4.253313e+00
39.25900,4.422065e+02,-1.762930e+01,3.987930e+02,-1.342897e+01,4.341348e+01,-4.200329e+00
39.26000,4.421919e+02,-1.003469e+01,3.987997e+02,-5.889811e+00,4.339220e+01,-4.144884e+00
39.26100,4.421703e+02,-2.431901e+00,3.987987e+02,1.655094e+00,4.337159e+01,-4.086995e+00
39.26200,4.420873e+02,4.810489e+00,3.987358e+02,8.837813e+00,4.335148e+01,-4.027326e+00
39.26300,4.420420e+02,1.223517e+01,3.987101e+02,1.620164e+01,4.333197e+01,-3.966465e+00
39.26400,4.420569e+02,1.971705e+01,3.987437e+02,2.362118e+01,4.331320e+01,-3.904133e+00
39.26500,4.420700e+02,2.715351e+01,3.987748e+02,3.099358e+01,4.329517e+01,-3.840067e+00
39.26600,4.420811e+02,3.455307e+01,3.988033e+02,3.832711e+01,4.327785e+01,-3.774047e+00
39.26700,4.420901e+02,4.197941e+01,3.988289e+02,4.568551e+01,4.326119e+01,-3.706096e+00
39.26800,4.420933e+02,4.905813e+01,3.988482e+02,5.269432e+01,4.324514e+01,-3.636197e+00
39.26900,4.421027e+02,5.605494e+01,3.988729e+02,5.961972e+01,4.322974e+01,-3.564781e+00
39.27000,4.421103e+02,6.310637e+01,3.988953e+02,6.659810e+01,4.321498e+01,-3.491728e+00
39.27100,4.421177e+02,7.003033e+01,3.989169e+02,7.344733e+01,4.320082e+01,-3.416997e+00
39.27200,4.421227e+02,7.703807e+01,3.989355e+02,8.037860e+01,4.318722e+01,-3.340485e+00
39.27300,4.421357e+02,8.378327e+01,3.989615e+02,8.704547e+01,4.317424e+01,-3.262180e+00
39.27400,4.421275e+02,9.012200e+01,3.989659e+02,9.330413e+01,4.316167e+01,-3.182155e+00
39.27500,4.421137e+02,9.655447e+01,3.989643e+02,9.965580e+01,4.314940e+01,-3.101297e+00
39.27600,4.421437e+02,1.028041e+02,3.990058e+02,1.058238e+02,4.313781e+01,-3.019651e+00
39.27700,4.421469e+02,1.091169e+02,3.990201e+02,1.120543e+02,4.312683e+01,-2.937351e+00
39.27800,4.421527e+02,1.152797e+02,3.990363e+02,1.181338e+02,4.311642e+01,-2.854191e+00
39.27900,4.421525e+02,1.213066e+02,3.990459e+02,1.240763e+02,4.310653e+01,-2.769678e+00
39.28000,4.421523e+02,1.270865e+02,3.990552e+02,1.297705e+02,4.309714e+01,-2.684031e+00
39.28100,4.421465e+02,1.326905e+02,3.990583e+02,1.352879e+02,4.308814e+01,-2.597458e+00
39.28200,4.421497e+02,1.384068e+02,3.990701e+02,1.409167e+02,4.307961e+01,-2.509853e+00
39.28300,4.421488e+02,1.438807e+02,3.990773e+02,1.463018e+02,4.307150e+01,-2.421129e+00
39.28400,4.421407e+02,1.492500e+02,3.990769e+02,1.515811e+02,4.306374e+01,-2.331148e+00
39.28500,4.421377e+02,1.542743e+02,3.990813e+02,1.565147e+02,4.305635e+01,-2.240398e+00
39.28600,4.421401e+02,1.592387e+02,3.990907e+02,1.613876e+02,4.304939e+01,-2.148953e+00
39.28700,4.421323e+02,1.641087e+02,3.990895e+02,1.661655e+02,4.304278e+01,-2.056823e+00
39.28800,4.421265e+02,1.688017e+02,3.990901e+02,1.707655e+02,4.303651e+01,-1.963876e+00
39.28900,4.421359e+02,1.733834e+02,3.991051e+02,1.752537e+02,4.303077e+01,-1.870295e+00
39.29000,4.421239e+02,1.778293e+02,3.990984e+02,1.796059e+02,4.302546e+01,-1.776610e+00
39.29100,4.421207e+02,1.819131e+02,3.991001e+02,1.835959e+02,4.302063e+01,-1.682817e+00
39.29200,4.421206e+02,1.858138e+02,3.991043e+02,1.874027e+02,4.301631e+01,-1.588883e+00
39.29300,4.420941e+02,1.897583e+02,3.990818e+02,1.912531e+02,4.301227e+01,-1.494696e+00
39.29400,4.420721e+02,1.934963e+02,3.990636e+02,1.948963e+02,4.300847e+01,-1.400101e+00
39.29500,4.420539e+02,1.969953e+02,3.990488e+02,1.983006e+02,4.300503e+01,-1.305251e+00
39.29600,4.420305e+02,2.004722e+02,3.990285e+02,2.016825e+02,4.300205e+01,-1.210291e+00
39.29700,4.419561e+02,2.046807e+02,3.989565e+02,2.057964e+02,4.299963e+01,-1.115717e+00
39.29800,4.419498e+02,2.074445e+02,3.989521e+02,2.084653e+02,4.299772e+01,-1.020801e+00
39.29900,4.420341e+02,2.094221e+02,3.990382e+02,2.103479e+02,4.299591e+01,-9.257440e-01
39.30000,4.421440e+02,2.110681e+02,3.991501e+02,2.118989e+02,4.299397e+01,-8.308667e-01
39.30100,4.421943e+02,2.124348e+02,3.992026e+02,2.131715e+02,4.299177e+01,-7.367260e-01
39.30200,4.421672e+02,2.150106e+02,3.991776e+02,2.156531e+02,4.298958e+01,-6.425198e-01
39.30300,4.421334e+02,2.174282e+02,3.991460e+02,2.179765e+02,4.298735e+01,-5.482263e-01
39.30400,4.421142e+02,2.192625e+02,3.991290e+02,2.197172e+02,4.298520e+01,-4.547101e-01
39.30500,4.421157e+02,2.210191e+02,3.991324e+02,2.213810e+02,4.298333e+01,-3.619107e-01
39.30600,4.421075e+02,2.225573e+02,3.991258e+02,2.228275e+02,4.298161e+01,-2.701807e-01
39.30700,4.421275e+02,2.234817e+02,3.991471e+02,2.236608e+02,4.298051e+01,-1.791572e-01
39.30800,4.421234e+02,2.247239e+02,3.991437e+02,2.248127e+02,4.297975e+01,-8.876487e-02
39.30900,4.421377e+02,2.254565e+02,3.991582e+02,2.254555e+02,4.297951e+01,8.863213e-04
39.31000,4.421444e+02,2.260697e+02,3.991647e+02,2.259796e+02,4.297971e+01,9.007713e-02
39.31100,4.421530e+02,2.264035e+02,3.991727e+02,2.262248e+02,4.298034e+01,1.787629e-01
39.31200,4.421525e+02,2.269125e+02,3.991711e+02,2.266457e+02,4.298141e+01,2.666881e-01
39.31300,4.422467e+02,2.280921e+02,3.992641e+02,2.277386e+02,4.298267e+01,3.535297e-01
39.31400,4.422461e+02,2.275394e+02,3.992619e+02,2.270996e+02,4.298421e+01,4.398334e-01
39.31500,4.422107e+02,2.266921e+02,3.992245e+02,2.261660e+02,4.298615e+01,5.261146e-01
39.31600,4.422157e+02,2.258418e+02,3.992273e+02,2.252302e+02,4.298839e+01,6.116283e-01
39.31700,4.422309e+02,2.251573e+02,3.992400e+02,2.244611e+02,4.299094e+01,6.961893e-01
39.31800,4.422945e+02,2.235489e+02,3.993003e+02,2.227702e+02,4.299417e+01,7.786793e-01
39.31900,4.423265e+02,2.220526e+02,3.993285e+02,2.211931e+02,4.299797e+01,8.595447e-01
39.32000,4.423627e+02,2.208183e+02,3.993603e+02,2.198799e+02,4.300251e+01,9.384593e-01
39.32100,4.423943e+02,2.193151e+02,3.993865e+02,2.182991e+02,4.300772e+01,1.015998e+00
39.32200,4.424344e+02,2.177907e+02,3.994207e+02,2.166981e+02,4.301365e+01,1.092624e+00
39.32300,4.424602e+02,2.154905e+02,3.994400e+02,2.143224e+02,4.302020e+01,1.168135e+00
39.32400,4.425022e+02,2.133008e+02,3.994747e+02,2.120583e+02,4.302743e+01,1.242502e+00
39.32500,4.425479e+02,2.110190e+02,3.995125e+02,2.097033e+02,4.303539e+01,1.315653e+00
39.32600,4.426011e+02,2.082857e+02,3.995569e+02,2.068985e+02,4.304411e+01,1.387284e+00
39.32700,4.426609e+02,2.051574e+02,3.996073e+02,2.037001e+02,4.305363e+01,1.457336e+00
39.32800,4.427190e+02,2.017161e+02,3.996551e+02,2.001902e+02,4.306389e+01,1.525861e+00
39.32900,4.428069e+02,1.982096e+02,3.997317e+02,1.966169e+02,4.307509e+01,1.592751e+00
39.33000,4.427839e+02,1.957157e+02,3.996977e+02,1.940575e+02,4.308621e+01,1.658119e+00
39.33100,4.427995e+02,1.918415e+02,3.997017e+02,1.901200e+02,4.309782e+01,1.721544e+00
39.33200,4.428851e+02,1.887104e+02,3.997745e+02,1.869274e+02,4.311059e+01,1.783004e+00
39.33300,4.429961e+02,1.852604e+02,3.998713e+02,1.834178e+02,4.312487e+01,1.842587e+00
39.33400,4.430783e+02,1.807373e+02,3.999379e+02,1.788377e+02,4.314031e+01,1.899679e+00
39.33500,4.431769e+02,1.759797e+02,4.000199e+02,1.740250e+02,4.315693e+01,1.954621e+00
39.33600,4.432616e+02,1.709465e+02,4.000870e+02,1.689387e+02,4.317459e+01,2.007831e+00
39.33700,4.433538e+02,1.661813e+02,4.001604e+02,1.641221e+02,4.319337e+01,2.059122e+00
39.33800,4.434403e+02,1.611849e+02,4.002272e+02,1.590765e+02,4.321311e+01,2.108405e+00
39.33900,4.435351e+02,1.562293e+02,4.003013e+02,1.540737e+02,4.323381e+01,2.155653e+00
39.34000,4.436353e+02,1.506632e+02,4.003797e+02,1.484625e+02,4.325553e+01,2.200631e+00
39.34100,4.437468e+02,1.450846e+02,4.004685e+02,1.428413e+02,4.327835e+01,2.243320e+00
39.34200,4.438555e+02,1.395208e+02,4.005533e+02,1.372372e+02,4.330224e+01,2.283580e+00
39.34300,4.439917e+02,1.333970e+02,4.006643e+02,1.310756e+02,4.332738e+01,2.321439e+00
39.34400,4.440436e+02,1.283414e+02,4.006905e+02,1.259837e+02,4.335308e+01,2.357657e+00
39.34500,4.441491e+02,1.221981e+02,4.007695e+02,1.198071e+02,4.337959e+01,2.390952e+00
39.34600,4.442687e+02,1.159526e+02,4.008616e+02,1.135314e+02,4.340709e+01,2.421183e+00
39.34700,4.443936e+02,1.095577e+02,4.009579e+02,1.071099e+02,4.343571e+01,2.447849e+00
39.34800,4.445175e+02,1.033906e+02,4.010521e+02,1.009186e+02,4.346548e+01,2.472021e+00
39.34900,4.446324e+02,9.681420e+01,4.011360e+02,9.432047e+01,4.349639e+01,2.493719e+00
39.35000,4.448216e+02,8.860753e+01,4.012932e+02,8.609500e+01,4.352839e+01,2.512534e+00
39.35100,4.449949e+02,8.096187e+01,4.014334e+02,7.843387e+01,4.356153e+01,2.528002e+00
39.35200,4.451351e+02,7.398140e+01,4.015393e+02,7.144073e+01,4.359581e+01,2.540677e+00
39.35300,4.452775e+02,6.689900e+01,4.016463e+02,6.434849e+01,4.363116e+01,2.550518e+00
39.35400,4.454220e+02,5.918385e+01,4.017545e+02,5.662665e+01,4.366751e+01,2.557199e+00
39.35500,4.455747e+02,5.161223e+01,4.018699e+02,4.905152e+01,4.370487e+01,2.560709e+00
39.35600,4.457369e+02,4.370293e+01,4.019936e+02,4.114190e+01,4.374325e+01,2.561023e+00
39.35700,4.458772e+02,3.627941e+01,4.020947e+02,3.372111e+01,4.378241e+01,2.558303e+00
39.35800,4.460370e+02,2.865357e+01,4.022145e+02,2.610112e+01,4.382241e+01,2.552455e+00
39.35900,4.461930e+02,2.083696e+01,4.023298e+02,1.829365e+01,4.386319e+01,2.543307e+00
39.36000,4.463522e+02,1.293267e+01,4.024475e+02,1.040188e+01,4.390473e+01,2.530790e+00
39.36100,4.465117e+02,4.777813e+00,4.025647e+02,2.262947e+00,4.394701e+01,2.514865e+00
39.36200,4.466723e+02,-3.692579e+00,4.026823e+02,-6.187630e+00,4.398999e+01,2.495050e+00
39.36300,4.468341e+02,-1.211007e+01,4.028004e+02,-1.458208e+01,4.403367e+01,2.472013e+00
39.36400,4.469957e+02,-2.048839e+01,4.029177e+02,-2.293405e+01,4.407799e+01,2.445654e+00
39.36500,4.471503e+02,-2.885876e+01,4.030275e+02,-3.127507e+01,4.412270e+01,2.416305e+00
39.36600,4.473473e+02,-3.687711e+01,4.031795e+02,-3.926215e+01,4.416775e+01,2.385031e+00
39.36700,4.475206e+02,-4.530405e+01,4.033075e+02,-4.765507e+01,4.421308e+01,2.351021e+00
39.36800,4.475957e+02,-5.389173e+01,4.033367e+02,-5.620607e+01,4.425904e+01,2.314342e+00
39.36900,4.477249e+02,-6.242700e+01,4.034196e+02,-6.470191e+01,4.430527e+01,2.274915e+00
39.37000,4.478761e+02,-7.109947e+01,4.035244e+02,-7.333187e+01,4.435174e+01,2.232409e+00
39.37100,4.479373e+02,-7.964660e+01,4.035385e+02,-8.183360e+01,4.439873e+01,2.187039e+00
39.37200,4.481104e+02,-8.815247e+01,4.036649e+02,-9.029180e+01,4.444545e+01,2.139357e+00
39.37300,4.482534e+02,-9.640747e+01,4.037613e+02,-9.849587e+01,4.449209e+01,2.088441e+00
39.37400,4.483807e+02,-1.047988e+02,4.038420e+02,-1.068331e+02,4.453865e+01,2.034300e+00
39.37500,4.485025e+02,-1.132363e+02,4.039175e+02,-1.152133e+02,4.458499e+01,1.976943e+00
39.37600,4.486165e+02,-1.218393e+02,4.039857e+02,-1.237562e+02,4.463086e+01,1.916926e+00
39.37700,4.487721e+02,-1.306089e+02,4.040953e+02,-1.324628e+02,4.467674e+01,1.853861e+00
39.37800,4.489227e+02,-1.393412e+02,4.042000e+02,-1.411295e+02,4.472272e+01,1.788305e+00
39.37900,4.490564e+02,-1.476646e+02,4.042878e+02,-1.493848e+02,4.476861e+01,1.720249e+00
39.38000,4.491317e+02,-1.556935e+02,4.043180e+02,-1.573437e+02,4.481368e+01,1.650203e+00
39.38100,4.492243e+02,-1.637502e+02,4.043665e+02,-1.653280e+02,4.485781e+01,1.577800e+00
39.38200,4.493728e+02,-1.720270e+02,4.044713e+02,-1.735295e+02,4.490154e+01,1.502553e+00
39.38300,4.494575e+02,-1.802113e+02,4.045129e+02,-1.816360e+02,4.494471e+01,1.424745e+00
39.38400,4.495323e+02,-1.877047e+02,4.045450e+02,-1.890497e+02,4.498727e+01,1.345027e+00
39.38500,4.496118e+02,-1.956439e+02,4.045829e+02,-1.969071e+02,4.502895e+01,1.263169e+00
39.38600,4.496891e+02,-2.034871e+02,4.046195e+02,-2.046662e+02,4.506963e+01,1.179102e+00
39.38700,4.497471e+02,-2.110929e+02,4.046381e+02,-2.121855e+02,4.510901e+01,1.092651e+00
39.38800,4.498096e+02,-2.185921e+02,4.046625e+02,-2.195961e+02,4.514715e+01,1.003939e+00
39.38900,4.498651e+02,-2.258686e+02,4.046811e+02,-2.267817e+02,4.518404e+01,9.130880e-01
39.39000,4.499156e+02,-2.333619e+02,4.046959e+02,-2.341816e+02,4.521967e+01,8.196633e-01
39.39100,4.499590e+02,-2.405837e+02,4.047051e+02,-2.413081e+02,4.525395e+01,7.243613e-01
39.39200,4.499995e+02,-2.476213e+02,4.047126e+02,-2.482485e+02,4.528688e+01,6.272565e-01
39.39300,4.500261e+02,-2.543985e+02,4.047077e+02,-2.549269e+02,4.531831e+01,5.283124e-01
39.39400,4.500481e+02,-2.611033e+02,4.046999e+02,-2.615314e+02,4.534825e+01,4.280469e-01
39.39500,4.500642e+02,-2.676035e+02,4.046875e+02,-2.679303e+02,4.537671e+01,3.267202e-01
39.39600,4.500689e+02,-2.741525e+02,4.046652e+02,-2.743769e+02,4.540361e+01,2.243259e-01
39.39700,4.500721e+02,-2.804517e+02,4.046431e+02,-2.805727e+02,4.542899e+01,1.208925e-01
39.39800,4.500606e+02,-2.863913e+02,4.046079e+02,-2.864081e+02,4.545271e+01,1.677987e-02
39.39900,4.500447e+02,-2.921506e+02,4.045699e+02,-2.920623e+02,4.547475e+01,-8.831407e-02
39.40000,4.500301e+02,-2.978535e+02,4.045349e+02,-2.976590e+02,4.549521e+01,-1.944697e-01
39.40100,4.499950e+02,-3.032324e+02,4.044811e+02,-3.029308e+02,4.551391e+01,-3.016367e-01
39.40200,4.499599e+02,-3.083012e+02,4.044291e+02,-3.078915e+02,4.553084e+01,-4.097229e-01
39.40300,4.499064e+02,-3.136092e+02,4.043605e+02,-3.130902e+02,4.554583e+01,-5.189924e-01
39.40400,4.498595e+02,-3.181839e+02,4.043005e+02,-3.175545e+02,4.555904e+01,-6.294283e-01
39.40500,4.498038e+02,-3.227323e+02,4.042333e+02,-3.219922e+02,4.557046e+01,-7.400767e-01
39.40600,4.497433e+02,-3.270091e+02,4.041631e+02,-3.261581e+02,4.558013e+01,-8.509733e-01
39.40700,4.496657e+02,-3.311356e+02,4.040779e+02,-3.301735e+02,4.558787e+01,-9.620400e-01
39.40800,4.495866e+02,-3.350521e+02,4.039929e+02,-3.339785e+02,4.559375e+01,-1.073665e+00
39.40900,4.495044e+02,-3.387937e+02,4.039066e+02,-3.376077e+02,4.559782e+01,-1.186039e+00
39.41000,4.494151e+02,-3.422833e+02,4.038150e+02,-3.409840e+02,4.560010e+01,-1.299355e+00
39.41100,4.493135e+02,-3.456275e+02,4.037130e+02,-3.442156e+02,4.560055e+01,-1.411873e+00
39.41200,4.492020e+02,-3.489307e+02,4.036028e+02,-3.474069e+02,4.559919e+01,-1.523855e+00
39.41300,4.490877e+02,-3.516561e+02,4.034915e+02,-3.500209e+02,4.559608e+01,-1.635259e+00
39.41400,4.489707e+02,-3.527150e+02,4.033795e+02,-3.509707e+02,4.559129e+01,-1.744316e+00
39.41500,4.488546e+02,-3.537647e+02,4.032697e+02,-3.519134e+02,4.558483e+01,-1.851250e+00
39.41600,4.487339e+02,-3.553507e+02,4.031572e+02,-3.533939e+02,4.557667e+01,-1.956799e+00
39.41700,4.486087e+02,-3.575229e+02,4.030419e+02,-3.554617e+02,4.556681e+01,-2.061231e+00
39.41800,4.484762e+02,-3.591249e+02,4.029210e+02,-3.569597e+02,4.555526e+01,-2.165213e+00
39.41900,4.483338e+02,-3.603991e+02,4.027918e+02,-3.581300e+02,4.554201e+01,-2.269044e+00
39.42000,4.481819e+02,-3.613067e+02,4.026549e+02,-3.589340e+02,4.552701e+01,-2.372674e+00
39.42100,4.480374e+02,-3.620083e+02,4.025269e+02,-3.595328e+02,4.551055e+01,-2.475447e+00
39.42200,4.478607e+02,-3.624616e+02,4.023681e+02,-3.598850e+02,4.549268e+01,-2.576641e+00
39.42300,4.476585e+02,-3.623513e+02,4.021850e+02,-3.596751e+02,4.547347e+01,-2.676236e+00
39.42400,4.476622e+02,-3.639558e+02,4.022103e+02,-3.611808e+02,4.545186e+01,-2.775045e+00
39.42500,4.475228e+02,-3.632911e+02,4.020940e+02,-3.604187e+02,4.542883e+01,-2.872487e+00
39.42600,4.473730e+02,-3.628998e+02,4.019685e+02,-3.599311e+02,4.540457e+01,-2.968645e+00
39.42700,4.472107e+02,-3.619434e+02,4.018319e+02,-3.588802e+02,4.537889e+01,-3.063239e+00
39.42800,4.470297e+02,-3.608623e+02,4.016780e+02,-3.577068e+02,4.535167e+01,-3.155539e+00
39.42900,4.468755e+02,-3.600781e+02,4.015524e+02,-3.568321e+02,4.532316e+01,-3.246006e+00
39.43000,4.467305e+02,-3.585265e+02,4.014370e+02,-3.551923e+02,4.529357e+01,-3.334277e+00
39.43100,4.466399e+02,-3.558429e+02,4.013771e+02,-3.524237e+02,4.526281e+01,-3.419172e+00
39.43200,4.464161e+02,-3.545027e+02,4.011845e+02,-3.510009e+02,4.523159e+01,-3.501805e+00
39.43300,4.461789e+02,-3.509857e+02,4.009797e+02,-3.474039e+02,4.519925e+01,-3.581741e+00
39.43400,4.460192e+02,-3.484733e+02,4.008531e+02,-3.448137e+02,4.516601e+01,-3.659560e+00
39.43500,4.458601e+02,-3.457142e+02,4.007282e+02,-3.419789e+02,4.513195e+01,-3.735316e+00
39.43600,4.456881e+02,-3.426997e+02,4.005912e+02,-3.388909e+02,4.509686e+01,-3.808790e+00
39.43700,4.455727e+02,-3.404051e+02,4.005112e+02,-3.365249e+02,4.506151e+01,-3.880223e+00
39.43800,4.454009e+02,-3.368307e+02,4.003755e+02,-3.328813e+02,4.502549e+01,-3.949312e+00
39.43900,4.452643e+02,-3.334696e+02,4.002753e+02,-3.294532e+02,4.498902e+01,-4.016390e+00
39.44000,4.450940e+02,-3.289751e+02,4.001421e+02,-3.248941e+02,4.495188e+01,-4.081011e+00
39.44100,4.449516e+02,-3.250043e+02,4.000373e+02,-3.208611e+02,4.491426e+01,-4.143167e+00
39.44200,4.448187e+02,-3.213269e+02,3.999424e+02,-3.171237e+02,4.487633e+01,-4.203195e+00
39.44300,4.446917e+02,-3.163383e+02,3.998536e+02,-3.120777e+02,4.483804e+01,-4.260655e+00
39.44400,4.445236e+02,-3.117509e+02,3.997245e+02,-3.074355e+02,4.479908e+01,-4.315502e+00
39.44500,4.444094e+02,-3.071434e+02,3.996494e+02,-3.027763e+02,4.475997e+01,-4.367135e+00
39.44600,4.443151e+02,-3.028977e+02,3.995943e+02,-2.984820e+02,4.472083e+01,-4.415698e+00
39.44700,4.441204e+02,-2.963950e+02,3.994389e+02,-2.919338e+02,4.468151e+01,-4.461184e+00
39.44800,4.439791e+02,-2.905029e+02,3.993366e+02,-2.859993e+02,4.464250e+01,-4.503609e+00
39.44900,4.438037e+02,-2.847909e+02,3.992003e+02,-2.802475e+02,4.460331e+01,-4.543438e+00
39.45000,4.436953e+02,-2.792091e+02,3.991311e+02,-2.746281e+02,4.456413e+01,-4.581054e+00
39.45100,4.435833e+02,-2.734885e+02,3.990584e+02,-2.688719e+02,4.452494e+01,-4.616585e+00
39.45200,4.434826e+02,-2.678105e+02,3.989967e+02,-2.631607e+02,4.448587e+01,-4.649737e+00
39.45300,4.433839e+02,-2.623227e+02,3.989369e+02,-2.576423e+02,4.444697e+01,-4.680471e+00
39.45400,4.432765e+02,-2.552157e+02,3.988683e+02,-2.505077e+02,4.440815e+01,-4.707990e+00
39.45500,4.431795e+02,-2.488874e+02,3.988101e+02,-2.441549e+02,4.436947e+01,-4.732486e+00
39.45600,4.430775e+02,-2.417834e+02,3.987467e+02,-2.370295e+02,4.433082e+01,-4.753861e+00
39.45700,4.430064e+02,-2.350020e+02,3.987139e+02,-2.302300e+02,4.429256e+01,-4.772007e+00
39.45800,4.429307e+02,-2.290328e+02,3.986758e+02,-2.242453e+02,4.425487e+01,-4.787455e+00
39.45900,4.428258e+02,-2.227155e+02,3.986086e+02,-2.179147e+02,4.421722e+01,-4.800704e+00
39.46000,4.427487e+02,-2.160551e+02,3.985689e+02,-2.112435e+02,4.417986e+01,-4.811528e+00
39.46100,4.426701e+02,-2.085901e+02,3.985273e+02,-2.037707e+02,4.414282e+01,-4.819431e+00
39.46200,4.425926e+02,-2.010927e+02,3.984865e+02,-1.962683e+02,4.410613e+01,-4.824447e+00
39.46300,4.425309e+02,-1.936971e+02,3.984610e+02,-1.888707e+02,4.406993e+01,-4.826479e+00
39.46400,4.424765e+02,-1.863632e+02,3.984421e+02,-1.815375e+02,4.403433e+01,-4.825731e+00
39.46500,4.424215e+02,-1.791654e+02,3.984222e+02,-1.743438e+02,4.399930e+01,-4.821621e+00
39.46600,4.423627e+02,-1.718052e+02,3.983980e+02,-1.669907e+02,4.396473e+01,-4.814545e+00
39.46700,4.423043e+02,-1.648750e+02,3.983737e+02,-1.600701e+02,4.393060e+01,-4.804895e+00
39.46800,4.422397e+02,-1.568675e+02,3.983426e+02,-1.520758e+02,4.389703e+01,-4.791774e+00
39.46900,4.422407e+02,-1.485701e+02,3.983766e+02,-1.437942e+02,4.386403e+01,-4.775926e+00
39.47000,4.422769e+02,-1.395146e+02,3.984454e+02,-1.347564e+02,4.383146e+01,-4.758178e+00
39.47100,4.422867e+02,-1.316021e+02,3.984874e+02,-1.268632e+02,4.379933e+01,-4.738925e+00
39.47200,4.422606e+02,-1.237981e+02,3.984928e+02,-1.190807e+02,4.376784e+01,-4.717429e+00
39.47300,4.422389e+02,-1.163631e+02,3.985019e+02,-1.116695e+02,4.373709e+01,-4.693603e+00
39.47400,4.422111e+02,-1.082551e+02,3.985041e+02,-1.035881e+02,4.370699e+01,-4.666975e+00
39.47500,4.421918e+02,-1.002299e+02,3.985143e+02,-9.559153e+01,4.367756e+01,-4.638374e+00
39.47600,4.421755e+02,-9.238113e+01,3.985266e+02,-8.777320e+01,4.364883e+01,-4.607894e+00
39.47700,4.421709e+02,-8.450793e+01,3.985500e+02,-7.993267e+01,4.362090e+01,-4.575295e+00
39.47800,4.421642e+02,-7.673820e+01,3.985705e+02,-7.219787e+01,4.359373e+01,-4.540395e+00
39.47900,4.421637e+02,-6.886460e+01,3.985964e+02,-6.436140e+01,4.356732e+01,-4.503229e+00
39.48000,4.421587e+02,-6.068975e+01,3.986171e+02,-5.622629e+01,4.354159e+01,-4.463460e+00
39.48100,4.421641e+02,-5.260167e+01,3.986475e+02,-4.818110e+01,4.351665e+01,-4.420573e+00
39.48200,4.421609e+02,-4.509045e+01,3.986685e+02,-4.071489e+01,4.349241e+01,-4.375556e+00
39.48300,4.421675e+02,-3.726527e+01,3.986986e+02,-3.293697e+01,4.346890e+01,-4.328299e+00
39.48400,4.421776e+02,-2.939319e+01,3.987315e+02,-2.511452e+01,4.344613e+01,-4.278669e+00
39.48500,4.421981e+02,-2.156697e+01,3.987740e+02,-1.734013e+01,4.342414e+01,-4.226843e+00
39.48600,4.421963e+02,-1.385759e+01,3.987935e+02,-9.684913e+00,4.340270e+01,-4.172671e+00
39.48700,4.422023e+02,-6.150077e+00,3.988206e+02,-2.034195e+00,4.338173e+01,-4.115883e+00
39.48800,4.421239e+02,1.230593e+00,3.987625e+02,5.287567e+00,4.336142e+01,-4.056974e+00
39.48900,4.420424e+02,8.534667e+00,3.987009e+02,1.253131e+01,4.334156e+01,-3.996645e+00
39.49000,4.420512e+02,1.597493e+01,3.987288e+02,1.991006e+01,4.332241e+01,-3.935127e+00
39.49100,4.420667e+02,2.364474e+01,3.987627e+02,2.751667e+01,4.330404e+01,-3.871933e+00
39.49200,4.420783e+02,3.083281e+01,3.987919e+02,3.463971e+01,4.328639e+01,-3.806904e+00
39.49300,4.420873e+02,3.834693e+01,3.988179e+02,4.208682e+01,4.326943e+01,-3.739890e+00
39.49400,4.420908e+02,4.559220e+01,3.988377e+02,4.926314e+01,4.325307e+01,-3.670941e+00
39.49500,4.420969e+02,5.258115e+01,3.988596e+02,5.618135e+01,4.323733e+01,-3.600198e+00
39.49600,4.421072e+02,5.958731e+01,3.988849e+02,6.311529e+01,4.322226e+01,-3.527985e+00
39.49700,4.421145e+02,6.665179e+01,3.989067e+02,7.010587e+01,4.320781e+01,-3.454083e+00
39.49800,4.421196e+02,7.358287e+01,3.989257e+02,7.696127e+01,4.319393e+01,-3.378445e+00
39.49900,4.421310e+02,8.057353e+01,3.989503e+02,8.387453e+01,4.318066e+01,-3.300979e+00
39.50000,4.421333e+02,8.701700e+01,3.989655e+02,9.023887e+01,4.316791e+01,-3.221828e+00
39.50100,4.421239e+02,9.336340e+01,3.989683e+02,9.650467e+01,4.315551e+01,-3.141217e+00
39.50200,4.421311e+02,9.973993e+01,3.989875e+02,1.027999e+02,4.314362e+01,-3.060013e+00
39.50300,4.421418e+02,1.059619e+02,3.990095e+02,1.089398e+02,4.313232e+01,-2.977865e+00
39.50400,4.421479e+02,1.122481e+02,3.990263e+02,1.151433e+02,4.312160e+01,-2.895239e+00
39.50500,4.421531e+02,1.183630e+02,3.990417e+02,1.211745e+02,4.311147e+01,-2.811516e+00
39.50600,4.421528e+02,1.242002e+02,3.990510e+02,1.269265e+02,4.310185e+01,-2.726301e+00
39.50700,4.421475e+02,1.298116e+02,3.990549e+02,1.324519e+02,4.309264e+01,-2.640271e+00
39.50800,4.421479e+02,1.355835e+02,3.990641e+02,1.381367e+02,4.308387e+01,-2.553207e+00
39.50900,4.421483e+02,1.412041e+02,3.990727e+02,1.436692e+02,4.307554e+01,-2.465045e+00
39.51000,4.421451e+02,1.466301e+02,3.990775e+02,1.490058e+02,4.306761e+01,-2.375767e+00
39.51100,4.421391e+02,1.518650e+02,3.990791e+02,1.541505e+02,4.306003e+01,-2.285449e+00
39.51200,4.421375e+02,1.567523e+02,3.990847e+02,1.589467e+02,4.305285e+01,-2.194322e+00
39.51300,4.421354e+02,1.618110e+02,3.990893e+02,1.639135e+02,4.304604e+01,-2.102455e+00
39.51400,4.421309e+02,1.665616e+02,3.990913e+02,1.685716e+02,4.303961e+01,-2.010003e+00
39.51500,4.421282e+02,1.710705e+02,3.990946e+02,1.729870e+02,4.303358e+01,-1.916529e+00
39.51600,4.421331e+02,1.756964e+02,3.991049e+02,1.775192e+02,4.302809e+01,-1.822823e+00
39.51700,4.421259e+02,1.800369e+02,3.991029e+02,1.817659e+02,4.302309e+01,-1.729091e+00
39.51800,4.421182e+02,1.839297e+02,3.990997e+02,1.855649e+02,4.301851e+01,-1.635235e+00
39.51900,4.421096e+02,1.878259e+02,3.990953e+02,1.893671e+02,4.301433e+01,-1.541206e+00
39.52000,4.420824e+02,1.916488e+02,3.990720e+02,1.930957e+02,4.301041e+01,-1.446873e+00
39.52100,4.420625e+02,1.952533e+02,3.990558e+02,1.966055e+02,4.300677e+01,-1.352159e+00
39.52200,4.420441e+02,1.986816e+02,3.990405e+02,1.999388e+02,4.300354e+01,-1.257237e+00
39.52300,4.420080e+02,2.024153e+02,3.990072e+02,2.035776e+02,4.300080e+01,-1.162318e+00
39.52400,4.419477e+02,2.061456e+02,3.989491e+02,2.072132e+02,4.299863e+01,-1.067565e+00
39.52500,4.419647e+02,2.086863e+02,3.989678e+02,2.096587e+02,4.299687e+01,-9.725080e-01
39.52600,4.420770e+02,2.104226e+02,3.990819e+02,2.113001e+02,4.299509e+01,-8.775027e-01
39.52700,4.421985e+02,2.115955e+02,3.992055e+02,2.123785e+02,4.299293e+01,-7.830560e-01
39.52800,4.421799e+02,2.132799e+02,3.991892e+02,2.139694e+02,4.299068e+01,-6.894580e-01
39.52900,4.421533e+02,2.165805e+02,3.991648e+02,2.171755e+02,4.298856e+01,-5.949779e-01
39.53000,4.421166e+02,2.183909e+02,3.991302e+02,2.188919e+02,4.298635e+01,-5.010611e-01
39.53100,4.421145e+02,2.202132e+02,3.991301e+02,2.206211e+02,4.298434e+01,-4.079031e-01
39.53200,4.421154e+02,2.218361e+02,3.991328e+02,2.221518e+02,4.298260e+01,-3.157656e-01
39.53300,4.421222e+02,2.229980e+02,3.991409e+02,2.232223e+02,4.298127e+01,-2.243259e-01
39.53400,4.421245e+02,2.241495e+02,3.991441e+02,2.242831e+02,4.298033e+01,-1.335674e-01
39.53500,4.421290e+02,2.251523e+02,3.991492e+02,2.251957e+02,4.297979e+01,-4.350083e-02
39.53600,4.421401e+02,2.257958e+02,3.991603e+02,2.257499e+02,4.297974e+01,4.594470e-02
39.53700,4.421489e+02,2.262395e+02,3.991687e+02,2.261047e+02,4.298013e+01,1.348396e-01
39.53800,4.421561e+02,2.266920e+02,3.991752e+02,2.264689e+02,4.298095e+01,2.231562e-01
39.53900,4.421397e+02,2.269663e+02,3.991573e+02,2.266558e+02,4.298231e+01,3.104855e-01
39.54000,4.422805e+02,2.283029e+02,3.992968e+02,2.279061e+02,4.298367e+01,3.968955e-01
39.54100,4.422159e+02,2.268459e+02,3.992305e+02,2.263626e+02,4.298544e+01,4.832973e-01
39.54200,4.422165e+02,2.261861e+02,3.992291e+02,2.256170e+02,4.298752e+01,5.691269e-01
39.54300,4.422087e+02,2.258215e+02,3.992189e+02,2.251671e+02,4.298979e+01,6.544441e-01
39.54400,4.422662e+02,2.243887e+02,3.992735e+02,2.236507e+02,4.299263e+01,7.379947e-01
39.54500,4.423200e+02,2.228331e+02,3.993238e+02,2.220135e+02,4.299621e+01,8.195527e-01
39.54600,4.423379e+02,2.212547e+02,3.993377e+02,2.203554e+02,4.300019e+01,8.993340e-01
39.54700,4.423830e+02,2.201613e+02,3.993779e+02,2.191838e+02,4.300503e+01,9.775273e-01
39.54800,4.424147e+02,2.185270e+02,3.994041e+02,2.174723e+02,4.301059e+01,1.054662e+00
39.54900,4.424491e+02,2.167221e+02,3.994322e+02,2.155915e+02,4.301683e+01,1.130678e+00
39.55000,4.424826e+02,2.144138e+02,3.994589e+02,2.132081e+02,4.302373e+01,1.205685e+00
39.55100,4.425267e+02,2.121247e+02,3.994954e+02,2.108453e+02,4.303135e+01,1.279463e+00
39.55200,4.425764e+02,2.099098e+02,3.995367e+02,2.085578e+02,4.303973e+01,1.352007e+00
39.55300,4.426305e+02,2.064933e+02,3.995816e+02,2.050707e+02,4.304885e+01,1.422718e+00
39.55400,4.426911e+02,2.035659e+02,3.996323e+02,2.020738e+02,4.305874e+01,1.492007e+00
39.55500,4.427586e+02,1.999946e+02,3.996891e+02,1.984349e+02,4.306945e+01,1.559739e+00
39.55600,4.428247e+02,1.966963e+02,3.997437e+02,1.950705e+02,4.308091e+01,1.625817e+00
39.55700,4.427858e+02,1.937719e+02,3.996936e+02,1.920815e+02,4.309215e+01,1.690349e+00
39.55800,4.428310e+02,1.905655e+02,3.997267e+02,1.888127e+02,4.310428e+01,1.752803e+00
39.55900,4.429418e+02,1.871367e+02,3.998240e+02,1.853233e+02,4.311784e+01,1.813467e+00
39.56000,4.430340e+02,1.829377e+02,3.999013e+02,1.810661e+02,4.313265e+01,1.871582e+00
39.56100,4.431289e+02,1.781637e+02,3.999803e+02,1.762362e+02,4.314867e+01,1.927445e+00
39.56200,4.432190e+02,1.735653e+02,4.000533e+02,1.715837e+02,4.316579e+01,1.981566e+00
39.56300,4.433071e+02,1.685187e+02,4.001231e+02,1.664849e+02,4.318399e+01,2.033835e+00
39.56400,4.433990e+02,1.637036e+02,4.001957e+02,1.616195e+02,4.320327e+01,2.084146e+00
39.56500,4.434886e+02,1.586483e+02,4.002651e+02,1.565159e+02,4.322351e+01,2.132413e+00
39.56600,4.435854e+02,1.535135e+02,4.003407e+02,1.513349e+02,4.324472e+01,2.178563e+00
39.56700,4.436917e+02,1.478585e+02,4.004247e+02,1.456361e+02,4.326700e+01,2.222417e+00
39.56800,4.437989e+02,1.422655e+02,4.005085e+02,1.400015e+02,4.329033e+01,2.263911e+00
39.56900,4.439190e+02,1.366114e+02,4.006042e+02,1.343085e+02,4.331480e+01,2.302901e+00
39.57000,4.440319e+02,1.306380e+02,4.006916e+02,1.282982e+02,4.334033e+01,2.339807e+00
39.57100,4.440917e+02,1.253905e+02,4.007253e+02,1.230158e+02,4.336641e+01,2.374683e+00
39.57200,4.442095e+02,1.190435e+02,4.008161e+02,1.166370e+02,4.339342e+01,2.406459e+00
39.57300,4.443283e+02,1.126559e+02,4.009068e+02,1.102209e+02,4.342143e+01,2.434996e+00
39.57400,4.444603e+02,1.063983e+02,4.010096e+02,1.039380e+02,4.345066e+01,2.460334e+00
39.57500,4.445775e+02,1.000719e+02,4.010965e+02,9.758880e+01,4.348103e+01,2.483167e+00
39.57600,4.447250e+02,9.270087e+01,4.012125e+02,9.019740e+01,4.351249e+01,2.503488e+00
39.57700,4.449162e+02,8.465080e+01,4.013711e+02,8.213033e+01,4.354507e+01,2.520447e+00
39.57800,4.450632e+02,7.748147e+01,4.014844e+02,7.494700e+01,4.357880e+01,2.534459e+00
39.57900,4.452060e+02,7.067240e+01,4.015924e+02,6.812653e+01,4.361363e+01,2.545831e+00
39.58000,4.453493e+02,6.286607e+01,4.016998e+02,6.031197e+01,4.364949e+01,2.554094e+00
39.58100,4.454974e+02,5.539295e+01,4.018111e+02,5.283375e+01,4.368634e+01,2.559205e+00
39.58200,4.456526e+02,4.769334e+01,4.019284e+02,4.513221e+01,4.372418e+01,2.561135e+00
39.58300,4.458175e+02,3.982423e+01,4.020545e+02,3.726437e+01,4.376303e+01,2.559859e+00
39.58400,4.459563e+02,3.245919e+01,4.021537e+02,2.990364e+01,4.380263e+01,2.555554e+00
39.58500,4.461145e+02,2.470843e+01,4.022715e+02,2.216029e+01,4.384302e+01,2.548143e+00
39.58600,4.462703e+02,1.703421e+01,4.023862e+02,1.449688e+01,4.388416e+01,2.537333e+00
39.58700,4.464321e+02,8.845407e+00,4.025061e+02,6.322239e+00,4.392606e+01,2.523171e+00
39.58800,4.465937e+02,5.111573e-01,4.026249e+02,-1.993836e+00,4.396871e+01,2.504993e+00
39.58900,4.467540e+02,-7.981540e+00,4.027419e+02,-1.046519e+01,4.401205e+01,2.483655e+00
39.59000,4.469151e+02,-1.634503e+01,4.028591e+02,-1.880399e+01,4.405605e+01,2.458964e+00
39.59100,4.470745e+02,-2.475881e+01,4.029739e+02,-2.718981e+01,4.410064e+01,2.430997e+00
39.59200,4.472556e+02,-3.279734e+01,4.031100e+02,-3.519818e+01,4.414559e+01,2.400842e+00
39.59300,4.474361e+02,-4.116747e+01,4.032453e+02,-4.353575e+01,4.419077e+01,2.368275e+00
39.59400,4.475547e+02,-4.956886e+01,4.033183e+02,-5.190178e+01,4.423640e+01,2.332920e+00
39.59500,4.476621e+02,-5.826124e+01,4.033796e+02,-6.055609e+01,4.428251e+01,2.294853e+00
39.59600,4.478007e+02,-6.686547e+01,4.034719e+02,-6.911927e+01,4.432885e+01,2.253851e+00
39.59700,4.478981e+02,-7.540347e+01,4.035225e+02,-7.761333e+01,4.437561e+01,2.209899e+00
39.59800,4.480349e+02,-8.395280e+01,4.036125e+02,-8.611607e+01,4.442247e+01,2.163260e+00
39.59900,4.481813e+02,-9.234180e+01,4.037123e+02,-9.445580e+01,4.446910e+01,2.114061e+00
39.60000,4.483166e+02,-1.006300e+02,4.038009e+02,-1.026915e+02,4.451571e+01,2.061515e+00
39.60100,4.484424e+02,-1.090875e+02,4.038803e+02,-1.110933e+02,4.456216e+01,2.005756e+00
39.60200,4.485619e+02,-1.174827e+02,4.039536e+02,-1.194297e+02,4.460828e+01,1.947014e+00
39.60300,4.486908e+02,-1.263211e+02,4.040367e+02,-1.282065e+02,4.465411e+01,1.885455e+00
39.60400,4.488489e+02,-1.349847e+02,4.041488e+02,-1.368058e+02,4.470002e+01,1.821123e+00
39.60500,4.489895e+02,-1.435912e+02,4.042435e+02,-1.453455e+02,4.474593e+01,1.754271e+00
39.60600,4.491053e+02,-1.517996e+02,4.043138e+02,-1.534846e+02,4.479151e+01,1.684949e+00
39.60700,4.491595e+02,-1.597251e+02,4.043235e+02,-1.613389e+02,4.483598e+01,1.613805e+00
39.60800,4.493046e+02,-1.679043e+02,4.044247e+02,-1.694443e+02,4.487987e+01,1.540031e+00
39.60900,4.494243e+02,-1.763311e+02,4.045010e+02,-1.777945e+02,4.492331e+01,1.463400e+00
39.61000,4.494951e+02,-1.838345e+02,4.045289e+02,-1.852191e+02,4.496626e+01,1.384589e+00
39.61100,4.495737e+02,-1.916987e+02,4.045653e+02,-1.930025e+02,4.500843e+01,1.303799e+00
39.61200,4.496526e+02,-1.996847e+02,4.046030e+02,-2.009055e+02,4.504965e+01,1.220812e+00
39.61300,4.497202e+02,-2.072923e+02,4.046305e+02,-2.084279e+02,4.508969e+01,1.135577e+00
39.61400,4.497792e+02,-2.149132e+02,4.046507e+02,-2.159612e+02,4.512845e+01,1.048001e+00
39.61500,4.498394e+02,-2.222189e+02,4.046734e+02,-2.231771e+02,4.516599e+01,9.582007e-01
39.61600,4.498911e+02,-2.296872e+02,4.046889e+02,-2.305533e+02,4.520225e+01,8.661647e-01
39.61700,4.499368e+02,-2.370035e+02,4.046996e+02,-2.377752e+02,4.523719e+01,7.716780e-01
39.61800,4.499799e+02,-2.442206e+02,4.047091e+02,-2.448961e+02,4.527080e+01,6.755000e-01
39.61900,4.500149e+02,-2.511026e+02,4.047119e+02,-2.516801e+02,4.530299e+01,5.774379e-01
39.62000,4.500367e+02,-2.577989e+02,4.047031e+02,-2.582766e+02,4.533365e+01,4.777250e-01
39.62100,4.500578e+02,-2.643509e+02,4.046950e+02,-2.647278e+02,4.536285e+01,3.769263e-01
39.62200,4.500652e+02,-2.708244e+02,4.046747e+02,-2.710995e+02,4.539050e+01,2.750721e-01
39.62300,4.500726e+02,-2.774817e+02,4.046559e+02,-2.776540e+02,4.541665e+01,1.723271e-01
39.62400,4.500675e+02,-2.834806e+02,4.046263e+02,-2.835491e+02,4.544121e+01,6.847533e-02
39.62500,4.500526e+02,-2.892965e+02,4.045885e+02,-2.892603e+02,4.546407e+01,-3.616580e-02
39.62600,4.500397e+02,-2.951066e+02,4.045543e+02,-2.949647e+02,4.548534e+01,-1.418522e-01
39.62700,4.500098e+02,-3.005019e+02,4.045049e+02,-3.002533e+02,4.550488e+01,-2.485328e-01
39.62800,4.499796e+02,-3.058373e+02,4.044569e+02,-3.054812e+02,4.552270e+01,-3.561139e-01
39.62900,4.499337e+02,-3.110309e+02,4.043951e+02,-3.105661e+02,4.553865e+01,-4.648171e-01
39.63000,4.498792e+02,-3.160419e+02,4.043265e+02,-3.154671e+02,4.555268e+01,-5.747875e-01
39.63100,4.498343e+02,-3.204253e+02,4.042693e+02,-3.197399e+02,4.556501e+01,-6.854293e-01
39.63200,4.497740e+02,-3.249640e+02,4.041984e+02,-3.241678e+02,4.557555e+01,-7.962007e-01
39.63300,4.497073e+02,-3.291017e+02,4.041230e+02,-3.281945e+02,4.558427e+01,-9.072020e-01
39.63400,4.496262e+02,-3.331923e+02,4.040351e+02,-3.321738e+02,4.559107e+01,-1.018525e+00
39.63500,4.495459e+02,-3.369736e+02,4.039499e+02,-3.358431e+02,4.559604e+01,-1.130475e+00
39.63600,4.494593e+02,-3.406017e+02,4.038601e+02,-3.393584e+02,4.559919e+01,-1.243242e+00
39.63700,4.493655e+02,-3.439711e+02,4.037650e+02,-3.426148e+02,4.560055e+01,-1.356245e+00
39.63800,4.492577e+02,-3.472868e+02,4.036577e+02,-3.458184e+02,4.560007e+01,-1.468397e+00
39.63900,4.491465e+02,-3.505858e+02,4.035487e+02,-3.490053e+02,4.559784e+01,-1.580462e+00
39.64000,4.490294e+02,-3.520970e+02,4.034355e+02,-3.504065e+02,4.559389e+01,-1.690515e+00
39.64100,4.489109e+02,-3.537299e+02,4.033227e+02,-3.519311e+02,4.558825e+01,-1.798874e+00
39.64200,4.487924e+02,-3.542048e+02,4.032115e+02,-3.522998e+02,4.558092e+01,-1.904993e+00
39.64300,4.486714e+02,-3.563693e+02,4.030995e+02,-3.543595e+02,4.557189e+01,-2.009841e+00
39.64400,4.485455e+02,-3.583282e+02,4.029843e+02,-3.562142e+02,4.556122e+01,-2.114005e+00
39.64500,4.484035e+02,-3.597748e+02,4.028547e+02,-3.575568e+02,4.554880e+01,-2.217946e+00
39.64600,4.482619e+02,-3.608687e+02,4.027272e+02,-3.585470e+02,4.553471e+01,-2.321696e+00
39.64700,4.481131e+02,-3.617711e+02,4.025941e+02,-3.593462e+02,4.551900e+01,-2.424909e+00
39.64800,4.479530e+02,-3.622793e+02,4.024512e+02,-3.597523e+02,4.550179e+01,-2.526988e+00
39.64900,4.477179e+02,-3.621222e+02,4.022345e+02,-3.594949e+02,4.548338e+01,-2.627229e+00
39.65000,4.477309e+02,-3.636597e+02,4.022681e+02,-3.609330e+02,4.546282e+01,-2.726677e+00
39.65100,4.475790e+02,-3.637824e+02,4.021387e+02,-3.609577e+02,4.544026e+01,-2.824777e+00
39.65200,4.474439e+02,-3.630568e+02,4.020274e+02,-3.601353e+02,4.541651e+01,-2.921511e+00
39.65300,4.472837e+02,-3.623771e+02,4.018921e+02,-3.593601e+02,4.539147e+01,-3.016904e+00
39.65400,4.471359e+02,-3.615339e+02,4.017708e+02,-3.584235e+02,4.536514e+01,-3.110388e+00
39.65500,4.469478e+02,-3.604102e+02,4.016105e+02,-3.572085e+02,4.533726e+01,-3.201685e+00
39.65600,4.468060e+02,-3.596657e+02,4.014977e+02,-3.563743e+02,4.530827e+01,-3.291487e+00
39.65700,4.466625e+02,-3.568162e+02,4.013844e+02,-3.534385e+02,4.527813e+01,-3.377715e+00
39.65800,4.465155e+02,-3.556143e+02,4.012683e+02,-3.521527e+02,4.524720e+01,-3.461572e+00
39.65900,4.462752e+02,-3.523260e+02,4.010598e+02,-3.487834e+02,4.521537e+01,-3.542611e+00
39.66000,4.460986e+02,-3.497526e+02,4.009160e+02,-3.461312e+02,4.518255e+01,-3.621434e+00
39.66100,4.459417e+02,-3.470829e+02,4.007928e+02,-3.433846e+02,4.514889e+01,-3.698256e+00
39.66200,4.457789e+02,-3.443316e+02,4.006645e+02,-3.405587e+02,4.511438e+01,-3.772874e+00
39.66300,4.456157e+02,-3.412706e+02,4.005368e+02,-3.374253e+02,4.507894e+01,-3.845273e+00
39.66400,4.454847e+02,-3.386369e+02,4.004416e+02,-3.347215e+02,4.504314e+01,-3.915390e+00
39.66500,4.453456e+02,-3.354277e+02,4.003386e+02,-3.314441e+02,4.500696e+01,-3.983653e+00
39.66600,4.451717e+02,-3.309879e+02,4.002016e+02,-3.269385e+02,4.497011e+01,-4.049460e+00
39.66700,4.450230e+02,-3.270290e+02,4.000903e+02,-3.229162e+02,4.493271e+01,-4.112771e+00
39.66800,4.448862e+02,-3.231301e+02,3.999912e+02,-3.189563e+02,4.489495e+01,-4.173793e+00
39.66900,4.447520e+02,-3.193005e+02,3.998952e+02,-3.150676e+02,4.485681e+01,-4.232840e+00
39.67000,4.446246e+02,-3.134750e+02,3.998063e+02,-3.091863e+02,4.481828e+01,-4.288735e+00
39.67100,4.444587e+02,-3.095573e+02,3.996794e+02,-3.052154e+02,4.477923e+01,-4.341933e+00
39.67200,4.443587e+02,-3.049093e+02,3.996186e+02,-3.005172e+02,4.474012e+01,-4.392063e+00
39.67300,4.442279e+02,-2.999639e+02,3.995270e+02,-2.955248e+02,4.470089e+01,-4.439148e+00
39.67400,4.440449e+02,-2.935276e+02,3.993833e+02,-2.890447e+02,4.466160e+01,-4.482951e+00
39.67500,4.438787e+02,-2.875893e+02,3.992561e+02,-2.830651e+02,4.462247e+01,-4.524240e+00
39.67600,4.437464e+02,-2.818581e+02,3.991632e+02,-2.772952e+02,4.458323e+01,-4.562907e+00
39.67700,4.436411e+02,-2.763739e+02,3.990971e+02,-2.717746e+02,4.454402e+01,-4.599369e+00
39.67800,4.435342e+02,-2.706363e+02,3.990293e+02,-2.660026e+02,4.450490e+01,-4.633699e+00
39.67900,4.434326e+02,-2.649932e+02,3.989667e+02,-2.603276e+02,4.446593e+01,-4.665597e+00
39.68000,4.433303e+02,-2.587453e+02,3.989033e+02,-2.540505e+02,4.442707e+01,-4.694707e+00
39.68100,4.432329e+02,-2.521749e+02,3.988445e+02,-2.474541e+02,4.438842e+01,-4.720771e+00
39.68200,4.431239e+02,-2.452431e+02,3.987742e+02,-2.404994e+02,4.434975e+01,-4.743675e+00
39.68300,4.430315e+02,-2.382943e+02,3.987205e+02,-2.335308e+02,4.431110e+01,-4.763496e+00
39.68400,4.429845e+02,-2.316560e+02,3.987112e+02,-2.268760e+02,4.427327e+01,-4.779989e+00
39.68500,4.428717e+02,-2.261298e+02,3.986361e+02,-2.213355e+02,4.423556e+01,-4.794371e+00
39.68600,4.427853e+02,-2.192863e+02,3.985873e+02,-2.144799e+02,4.419805e+01,-4.806395e+00
39.68700,4.427130e+02,-2.125487e+02,3.985521e+02,-2.077329e+02,4.416093e+01,-4.815815e+00
39.68800,4.426270e+02,-2.046061e+02,3.985029e+02,-1.997839e+02,4.412406e+01,-4.822291e+00
39.68900,4.425598e+02,-1.975747e+02,3.984722e+02,-1.927490e+02,4.408761e+01,-4.825761e+00
39.69000,4.425028e+02,-1.899810e+02,3.984511e+02,-1.851545e+02,4.405173e+01,-4.826445e+00
39.69100,4.424492e+02,-1.827111e+02,3.984328e+02,-1.778871e+02,4.401644e+01,-4.824021e+00
39.69200,4.423899e+02,-1.754363e+02,3.984083e+02,-1.706180e+02,4.398164e+01,-4.818298e+00
39.69300,4.423336e+02,-1.682839e+02,3.983863e+02,-1.634739e+02,4.394729e+01,-4.809964e+00
39.69400,4.422637e+02,-1.607975e+02,3.983503e+02,-1.559989e+02,4.391333e+01,-4.798634e+00
39.69500,4.422181e+02,-1.531199e+02,3.983380e+02,-1.483361e+02,4.388011e+01,-4.783865e+00
39.69600,4.422715e+02,-1.439099e+02,3.984241e+02,-1.391429e+02,4.384738e+01,-4.767029e+00
39.69700,4.422976e+02,-1.352615e+02,3.984827e+02,-1.305128e+02,4.381500e+01,-4.748723e+00
39.69800,4.422730e+02,-1.275827e+02,3.984898e+02,-1.228543e+02,4.378319e+01,-4.728356e+00
39.69900,4.422490e+02,-1.200607e+02,3.984969e+02,-1.153550e+02,4.375209e+01,-4.705735e+00
39.70000,4.422261e+02,-1.124052e+02,3.985045e+02,-1.077249e+02,4.372171e+01,-4.680373e+00
39.70100,4.421997e+02,-1.041644e+02,3.985078e+02,-9.951167e+01,4.369197e+01,-4.652723e+00
39.70200,4.421832e+02,-9.625993e+01,3.985203e+02,-9.163687e+01,4.366289e+01,-4.623070e+00
39.70300,4.421723e+02,-8.839940e+01,3.985378e+02,-8.380780e+01,4.363457e+01,-4.591584e+00
39.70400,4.421674e+02,-8.059660e+01,3.985604e+02,-7.603873e+01,4.360704e+01,-4.557851e+00
39.70500,4.421633e+02,-7.283573e+01,3.985831e+02,-6.831387e+01,4.358025e+01,-4.521895e+00
39.70600,4.421621e+02,-6.473339e+01,3.986079e+02,-6.024988e+01,4.355419e+01,-4.483508e+00
39.70700,4.421582e+02,-5.653440e+01,3.986294e+02,-5.209225e+01,4.352883e+01,-4.442155e+00
39.70800,4.421627e+02,-4.884755e+01,3.986585e+02,-4.444943e+01,4.350425e+01,-4.398120e+00
39.70900,4.421633e+02,-4.109606e+01,3.986829e+02,-3.674401e+01,4.348036e+01,-4.352049e+00
39.71000,4.421717e+02,-3.334971e+01,3.987145e+02,-2.904619e+01,4.345723e+01,-4.303519e+00
39.71100,4.421873e+02,-2.548699e+01,3.987524e+02,-2.123421e+01,4.343486e+01,-4.252773e+00
39.71200,4.422063e+02,-1.755249e+01,3.987931e+02,-1.335273e+01,4.341325e+01,-4.199763e+00
39.71300,4.421923e+02,-9.951113e+00,3.988003e+02,-5.806821e+00,4.339198e+01,-4.144290e+00
39.71400,4.421695e+02,-2.355200e+00,3.987981e+02,1.731178e+00,4.337138e+01,-4.086378e+00
39.71500,4.420854e+02,4.884924e+00,3.987341e+02,8.911620e+00,4.335127e+01,-4.026693e+00
39.71600,4.420425e+02,1.231572e+01,3.987107e+02,1.628154e+01,4.333177e+01,-3.965820e+00
39.71700,4.420573e+02,1.980439e+01,3.987443e+02,2.370786e+01,4.331301e+01,-3.903469e+00
39.71800,4.420703e+02,2.723085e+01,3.987753e+02,3.107023e+01,4.329498e+01,-3.839382e+00
39.71900,4.420813e+02,3.463134e+01,3.988037e+02,3.840468e+01,4.327767e+01,-3.773342e+00
39.72000,4.420901e+02,4.205475e+01,3.988291e+02,4.576013e+01,4.326102e+01,-3.705373e+00
39.72100,4.420933e+02,4.913169e+01,3.988484e+02,5.276715e+01,4.324498e+01,-3.635456e+00
39.72200,4.421028e+02,5.612916e+01,3.988732e+02,5.969319e+01,4.322959e+01,-3.564026e+00
39.72300,4.421103e+02,6.318193e+01,3.988955e+02,6.667287e+01,4.321483e+01,-3.490954e+00
39.72400,4.421178e+02,7.010347e+01,3.989171e+02,7.351967e+01,4.320068e+01,-3.416204e+00
39.72500,4.421228e+02,7.711053e+01,3.989357e+02,8.045020e+01,4.318708e+01,-3.339673e+00
39.72600,4.421357e+02,8.385013e+01,3.989617e+02,8.711147e+01,4.317411e+01,-3.261351e+00
39.72700,4.421275e+02,9.019080e+01,3.989659e+02,9.337213e+01,4.316154e+01,-3.181310e+00
39.72800,4.421139e+02,9.662027e+01,3.989646e+02,9.972067e+01,4.314928e+01,-3.100446e+00
39.72900,4.421437e+02,1.028697e+02,3.990059e+02,1.058885e+02,4.313770e+01,-3.018789e+00
39.73000,4.421470e+02,1.091857e+02,3.990203e+02,1.121221e+02,4.312671e+01,-2.936482e+00
39.73100,4.421528e+02,1.153437e+02,3.990365e+02,1.181971e+02,4.311631e+01,-2.853310e+00
39.73200,4.421525e+02,1.213679e+02,3.990461e+02,1.241367e+02,4.310643e+01,-2.768775e+00
39.73300,4.421523e+02,1.271450e+02,3.990553e+02,1.298281e+02,4.309704e+01,-2.683123e+00
39.73400,4.421465e+02,1.327522e+02,3.990585e+02,1.353487e+02,4.308805e+01,-2.596541e+00
39.73500,4.421497e+02,1.384645e+02,3.990701e+02,1.409735e+02,4.307952e+01,-2.508925e+00
39.73600,4.421488e+02,1.439379e+02,3.990773e+02,1.463581e+02,4.307142e+01,-2.420191e+00
39.73700,4.421406e+02,1.492999e+02,3.990769e+02,1.516301e+02,4.306366e+01,-2.330202e+00
39.73800,4.421377e+02,1.543262e+02,3.990814e+02,1.565656e+02,4.305627e+01,-2.239442e+00
39.73900,4.421401e+02,1.592928e+02,3.990907e+02,1.614408e+02,4.304933e+01,-2.147988e+00
39.74000,4.421323e+02,1.641614e+02,3.990896e+02,1.662173e+02,4.304271e+01,-2.055852e+00
39.74100,4.421265e+02,1.688496e+02,3.990900e+02,1.708125e+02,4.303645e+01,-1.962891e+00
39.74200,4.421358e+02,1.734308e+02,3.991051e+02,1.753001e+02,4.303071e+01,-1.869304e+00
39.74300,4.421239e+02,1.778761e+02,3.990985e+02,1.796517e+02,4.302541e+01,-1.775622e+00
39.74400,4.421206e+02,1.819557e+02,3.991000e+02,1.836375e+02,4.302058e+01,-1.681833e+00
39.74500,4.421204e+02,1.858540e+02,3.991041e+02,1.874419e+02,4.301627e+01,-1.587897e+00
39.74600,4.420939e+02,1.898031e+02,3.990817e+02,1.912967e+02,4.301223e+01,-1.493707e+00
39.74700,4.420719e+02,1.935335e+02,3.990634e+02,1.949325e+02,4.300844e+01,-1.399107e+00
39.74800,4.420537e+02,1.970303e+02,3.990487e+02,1.983345e+02,4.300500e+01,-1.304253e+00
39.74900,4.420301e+02,2.005111e+02,3.990281e+02,2.017203e+02,4.300202e+01,-1.209291e+00
39.75000,4.419556e+02,2.047195e+02,3.989560e+02,2.058342e+02,4.299960e+01,-1.114717e+00
39.75100,4.419489e+02,2.074804e+02,3.989512e+02,2.085002e+02,4.299770e+01,-1.019793e+00
39.75200,4.420359e+02,2.094357e+02,3.990401e+02,2.103604e+02,4.299589e+01,-9.247413e-01
39.75300,4.421464e+02,2.110701e+02,3.991525e+02,2.119000e+02,4.299394e+01,-8.298760e-01
39.75400,4.421939e+02,2.124573e+02,3.992022e+02,2.131931e+02,4.299174e+01,-7.357433e-01
39.75500,4.421668e+02,2.150547e+02,3.991772e+02,2.156962e+02,4.298956e+01,-6.415189e-01
39.75600,4.421327e+02,2.174441e+02,3.991455e+02,2.179913e+02,4.298733e+01,-5.472309e-01
39.75700,4.421141e+02,2.192813e+02,3.991289e+02,2.197351e+02,4.298517e+01,-4.537231e-01
39.75800,4.421159e+02,2.210343e+02,3.991325e+02,2.213953e+02,4.298331e+01,-3.609431e-01
39.75900,4.421075e+02,2.225687e+02,3.991259e+02,2.228379e+02,4.298160e+01,-2.692193e-01
39.76000,4.421274e+02,2.234947e+02,3.991469e+02,2.236729e+02,4.298049e+01,-1.782015e-01
39.76100,4.421235e+02,2.247346e+02,3.991438e+02,2.248224e+02,4.297975e+01,-8.781447e-02
39.76200,4.421378e+02,2.254637e+02,3.991583e+02,2.254619e+02,4.297951e+01,1.832501e-03
39.76300,4.421445e+02,2.260758e+02,3.991649e+02,2.259848e+02,4.297972e+01,9.101720e-02
39.76400,4.421531e+02,2.264078e+02,3.991727e+02,2.262281e+02,4.298035e+01,1.796951e-01
39.76500,4.421522e+02,2.269133e+02,3.991708e+02,2.266456e+02,4.298142e+01,2.676097e-01
39.76600,4.422494e+02,2.281216e+02,3.992667e+02,2.277672e+02,4.298268e+01,3.544303e-01
39.76700,4.422431e+02,2.274839e+02,3.992588e+02,2.270432e+02,4.298423e+01,4.407560e-01
39.76800,4.422110e+02,2.266900e+02,3.992248e+02,2.261630e+02,4.298618e+01,5.270361e-01
39.76900,4.422159e+02,2.258424e+02,3.992275e+02,2.252298e+02,4.298841e+01,6.125448e-01
39.77000,4.422317e+02,2.251464e+02,3.992407e+02,2.244493e+02,4.299097e+01,6.970847e-01
39.77100,4.422951e+02,2.235355e+02,3.993009e+02,2.227559e+02,4.299421e+01,7.795520e-01
39.77200,4.423267e+02,2.220317e+02,3.993287e+02,2.211713e+02,4.299801e+01,8.604020e-01
39.77300,4.423633e+02,2.208074e+02,3.993607e+02,2.198681e+02,4.300255e+01,9.393000e-01
39.77400,4.423947e+02,2.192986e+02,3.993869e+02,2.182818e+02,4.300777e+01,1.016825e+00
39.77500,4.424348e+02,2.177719e+02,3.994211e+02,2.166785e+02,4.301371e+01,1.093435e+00
39.77600,4.424606e+02,2.154695e+02,3.994403e+02,2.143005e+02,4.302026e+01,1.168933e+00
39.77700,4.425027e+02,2.132772e+02,3.994752e+02,2.120339e+02,4.302751e+01,1.243286e+00
39.77800,4.425483e+02,2.109999e+02,3.995129e+02,2.096835e+02,4.303547e+01,1.316425e+00
39.77900,4.426016e+02,2.082360e+02,3.995574e+02,2.068480e+02,4.304420e+01,1.388028e+00
39.78000,4.426616e+02,2.051337e+02,3.996079e+02,2.036757e+02,4.305373e+01,1.458067e+00
39.78100,4.427197e+02,2.016789e+02,3.996557e+02,2.001523e+02,4.306399e+01,1.526577e+00
39.78200,4.428081e+02,1.981705e+02,3.997329e+02,1.965771e+02,4.307521e+01,1.593447e+00
39.78300,4.427825e+02,1.956989e+02,3.996961e+02,1.940401e+02,4.308632e+01,1.658801e+00
39.78400,4.428001e+02,1.918071e+02,3.997021e+02,1.900849e+02,4.309793e+01,1.722205e+00
39.78500,4.428867e+02,1.886782e+02,3.997760e+02,1.868945e+02,4.311072e+01,1.783649e+00
39.78600,4.429971e+02,1.852069e+02,3.998720e+02,1.833637e+02,4.312501e+01,1.843193e+00
39.78700,4.430792e+02,1.806828e+02,3.999387e+02,1.787825e+02,4.314047e+01,1.900257e+00
39.78800,4.431777e+02,1.759386e+02,4.000206e+02,1.739835e+02,4.315710e+01,1.955186e+00
39.78900,4.432625e+02,1.708873e+02,4.000878e+02,1.688789e+02,4.317477e+01,2.008375e+00
39.79000,4.433550e+02,1.661349e+02,4.001614e+02,1.640753e+02,4.319357e+01,2.059646e+00
39.79100,4.434413e+02,1.611297e+02,4.002279e+02,1.590208e+02,4.321331e+01,2.108908e+00
39.79200,4.435361e+02,1.561736e+02,4.003021e+02,1.540175e+02,4.323403e+01,2.156133e+00
39.79300,4.436364e+02,1.506033e+02,4.003806e+02,1.484021e+02,4.325576e+01,2.201089e+00
39.79400,4.437477e+02,1.450232e+02,4.004691e+02,1.427795e+02,4.327859e+01,2.243752e+00
39.79500,4.438568e+02,1.394635e+02,4.005543e+02,1.371795e+02,4.330249e+01,2.283985e+00
39.79600,4.439937e+02,1.333217e+02,4.006661e+02,1.309999e+02,4.332765e+01,2.321818e+00
39.79700,4.440435e+02,1.282987e+02,4.006901e+02,1.259407e+02,4.335335e+01,2.358023e+00
39.79800,4.441503e+02,1.221251e+02,4.007705e+02,1.197339e+02,4.337987e+01,2.391282e+00
39.79900,4.442699e+02,1.158848e+02,4.008625e+02,1.134633e+02,4.340739e+01,2.421479e+00
39.80000,4.443950e+02,1.094913e+02,4.009590e+02,1.070431e+02,4.343601e+01,2.448113e+00
39.80100,4.445187e+02,1.033214e+02,4.010529e+02,1.008492e+02,4.346580e+01,2.472257e+00
39.80200,4.446343e+02,9.673147e+01,4.011376e+02,9.423760e+01,4.349671e+01,2.493920e+00
39.80300,4.448231e+02,8.853467e+01,4.012943e+02,8.602193e+01,4.352872e+01,2.512705e+00
39.80400,4.449965e+02,8.088333e+01,4.014346e+02,7.835520e+01,4.356189e+01,2.528145e+00
39.80500,4.451367e+02,7.390733e+01,4.015405e+02,7.136653e+01,4.359617e+01,2.540793e+00
39.80600,4.452791e+02,6.681747e+01,4.016475e+02,6.426687e+01,4.363153e+01,2.550602e+00
39.80700,4.454236e+02,5.910449e+01,4.017557e+02,5.654724e+01,4.366790e+01,2.557249e+00
39.80800,4.455763e+02,5.152955e+01,4.018711e+02,4.896882e+01,4.370527e+01,2.560725e+00
39.80900,4.457389e+02,4.361484e+01,4.019953e+02,4.105383e+01,4.374366e+01,2.561001e+00
39.81000,4.458785e+02,3.620111e+01,4.020957e+02,3.364286e+01,4.378282e+01,2.558249e+00
39.81100,4.460385e+02,2.857237e+01,4.022157e+02,2.602000e+01,4.382283e+01,2.552367e+00
39.81200,4.461946e+02,2.075658e+01,4.023310e+02,1.821340e+01,4.386362e+01,2.543185e+00
39.81300,4.463539e+02,1.284676e+01,4.024487e+02,1.031613e+01,4.390517e+01,2.530637e+00
39.81400,4.465134e+02,4.693509e+00,4.025660e+02,2.178848e+00,4.394745e+01,2.514661e+00
39.81500,4.466739e+02,-3.783847e+00,4.026834e+02,-6.278663e+00,4.399045e+01,2.494815e+00
39.81600,4.468357e+02,-1.219888e+01,4.028016e+02,-1.467063e+01,4.403413e+01,2.471746e+00
39.81700,4.469975e+02,-2.057755e+01,4.029190e+02,-2.302290e+01,4.407846e+01,2.445358e+00
39.81800,4.471521e+02,-2.894347e+01,4.030289e+02,-3.135946e+01,4.412317e+01,2.415989e+00
39.81900,4.473491e+02,-3.696637e+01,4.031809e+02,-3.935105e+01,4.416822e+01,2.384687e+00
39.82000,4.475215e+02,-4.539271e+01,4.033079e+02,-4.774335e+01,4.421356e+01,2.350649e+00
39.82100,4.475975e+02,-5.398652e+01,4.033380e+02,-5.630046e+01,4.425953e+01,2.313943e+00
39.82200,4.477264e+02,-6.251957e+01,4.034207e+02,-6.479405e+01,4.430577e+01,2.274485e+00
39.82300,4.478777e+02,-7.118947e+01,4.035254e+02,-7.342140e+01,4.435223e+01,2.231947e+00
39.82400,4.479381e+02,-7.973593e+01,4.035389e+02,-8.192247e+01,4.439923e+01,2.186547e+00
39.82500,4.481117e+02,-8.824047e+01,4.036658e+02,-9.037933e+01,4.444594e+01,2.138839e+00
39.82600,4.482549e+02,-9.649553e+01,4.037623e+02,-9.858340e+01,4.449259e+01,2.087889e+00
39.82700,4.483819e+02,-1.048905e+02,4.038428e+02,-1.069243e+02,4.453914e+01,2.033712e+00
39.82800,4.485037e+02,-1.133205e+02,4.039183e+02,-1.152968e+02,4.458547e+01,1.976325e+00
39.82900,4.486175e+02,-1.219338e+02,4.039862e+02,-1.238501e+02,4.463134e+01,1.916279e+00
39.83000,4.487739e+02,-1.307014e+02,4.040967e+02,-1.325546e+02,4.467722e+01,1.853189e+00
39.83100,4.489243e+02,-1.394343e+02,4.042011e+02,-1.412219e+02,4.472320e+01,1.787605e+00
39.83200,4.490575e+02,-1.477467e+02,4.042884e+02,-1.494663e+02,4.476908e+01,1.719523e+00
39.83300,4.491323e+02,-1.557783e+02,4.043182e+02,-1.574278e+02,4.481415e+01,1.649457e+00
39.83400,4.492261e+02,-1.638361e+02,4.043678e+02,-1.654132e+02,4.485827e+01,1.577027e+00
39.83500,4.493739e+02,-1.721158e+02,4.044719e+02,-1.736176e+02,4.490199e+01,1.501751e+00
39.83600,4.494583e+02,-1.802925e+02,4.045131e+02,-1.817164e+02,4.494516e+01,1.423918e+00
39.83700,4.495331e+02,-1.877869e+02,4.045454e+02,-1.891311e+02,4.498771e+01,1.344178e+00
39.83800,4.496125e+02,-1.957284e+02,4.045832e+02,-1.969907e+02,4.502939e+01,1.262296e+00
39.83900,4.496898e+02,-2.035666e+02,4.046198e+02,-2.047448e+02,4.507004e+01,1.178206e+00
39.84000,4.497478e+02,-2.111695e+02,4.046384e+02,-2.122612e+02,4.510942e+01,1.091731e+00
39.84100,4.498105e+02,-2.186639e+02,4.046629e+02,-2.196669e+02,4.514755e+01,1.002994e+00
39.84200,4.498655e+02,-2.259505e+02,4.046811e+02,-2.268625e+02,4.518443e+01,9.121180e-01
39.84300,4.499161e+02,-2.334387e+02,4.046960e+02,-2.342573e+02,4.522004e+01,8.186687e-01
39.84400,4.499593e+02,-2.406591e+02,4.047051e+02,-2.413825e+02,4.525431e+01,7.233487e-01
39.84500,4.499999e+02,-2.476937e+02,4.047126e+02,-2.483199e+02,4.528722e+01,6.262241e-01
39.84600,4.500261e+02,-2.544637e+02,4.047074e+02,-2.549909e+02,4.531864e+01,5.272629e-01
39.84700,4.500484e+02,-2.611741e+02,4.046998e+02,-2.616011e+02,4.534856e+01,4.269859e-01
39.84800,4.500643e+02,-2.676716e+02,4.046873e+02,-2.679973e+02,4.537700e+01,3.256491e-01
39.84900,4.500689e+02,-2.742272e+02,4.046651e+02,-2.744505e+02,4.540389e+01,2.232515e-01
39.85000,4.500721e+02,-2.805150e+02,4.046428e+02,-2.806348e+02,4.542925e+01,1.198075e-01
39.85100,4.500605e+02,-2.864524e+02,4.046075e+02,-2.864681e+02,4.545295e+01,1.568441e-02
39.85200,4.500446e+02,-2.922110e+02,4.045696e+02,-2.921215e+02,4.547497e+01,-8.942507e-02
39.85300,4.500297e+02,-2.979099e+02,4.045343e+02,-2.977143e+02,4.549542e+01,-1.955925e-01
39.85400,4.499946e+02,-3.032901e+02,4.044805e+02,-3.029873e+02,4.551410e+01,-3.027679e-01
39.85500,4.499595e+02,-3.083554e+02,4.044285e+02,-3.079445e+02,4.553101e+01,-4.108685e-01
39.85600,4.499057e+02,-3.136629e+02,4.043597e+02,-3.131428e+02,4.554597e+01,-5.201549e-01
39.85700,4.498592e+02,-3.182261e+02,4.043000e+02,-3.175955e+02,4.555917e+01,-6.305978e-01
39.85800,4.498032e+02,-3.227798e+02,4.042326e+02,-3.220386e+02,4.557057e+01,-7.412493e-01
39.85900,4.497425e+02,-3.270527e+02,4.041623e+02,-3.262005e+02,4.558022e+01,-8.521493e-01
39.86000,4.496649e+02,-3.311783e+02,4.040769e+02,-3.302151e+02,4.558795e+01,-9.632207e-01
39.86100,4.495857e+02,-3.350920e+02,4.039919e+02,-3.340172e+02,4.559380e+01,-1.074850e+00
39.86200,4.495035e+02,-3.388319e+02,4.039057e+02,-3.376446e+02,4.559785e+01,-1.187230e+00
39.86300,4.494141e+02,-3.423215e+02,4.038140e+02,-3.410209e+02,4.560011e+01,-1.300542e+00
39.86400,4.493123e+02,-3.456623e+02,4.037118e+02,-3.442493e+02,4.560055e+01,-1.413048e+00
39.86500,4.492008e+02,-3.489643e+02,4.036017e+02,-3.474393e+02,4.559916e+01,-1.525030e+00
39.86600,4.490865e+02,-3.516720e+02,4.034905e+02,-3.500356e+02,4.559604e+01,-1.636409e+00
39.86700,4.489695e+02,-3.527394e+02,4.033783e+02,-3.509939e+02,4.559123e+01,-1.745454e+00
39.86800,4.488533e+02,-3.537664e+02,4.032685e+02,-3.519141e+02,4.558476e+01,-1.852363e+00
39.86900,4.487326e+02,-3.553749e+02,4.031560e+02,-3.534170e+02,4.557657e+01,-1.957900e+00
39.87000,4.486075e+02,-3.575415e+02,4.030408e+02,-3.554791e+02,4.556669e+01,-2.062328e+00
39.87100,4.484747e+02,-3.591388e+02,4.029195e+02,-3.569725e+02,4.555513e+01,-2.166306e+00
39.87200,4.483323e+02,-3.604102e+02,4.027905e+02,-3.581401e+02,4.554186e+01,-2.270134e+00
39.87300,4.481803e+02,-3.613161e+02,4.026535e+02,-3.589424e+02,4.552685e+01,-2.373756e+00
39.87400,4.480357e+02,-3.620139e+02,4.025253e+02,-3.595373e+02,4.551037e+01,-2.476515e+00
39.87500,4.478585e+02,-3.624595e+02,4.023660e+02,-3.598818e+02,4.549249e+01,-2.577692e+00
39.87600,4.476582e+02,-3.623632e+02,4.021849e+02,-3.596859e+02,4.547326e+01,-2.677277e+00
39.87700,4.476600e+02,-3.639646e+02,4.022083e+02,-3.611885e+02,4.545161e+01,-2.776070e+00
39.87800,4.475215e+02,-3.632845e+02,4.020929e+02,-3.604109e+02,4.542857e+01,-2.873499e+00
39.87900,4.473709e+02,-3.628836e+02,4.019666e+02,-3.599139e+02,4.540428e+01,-2.969641e+00
39.88000,4.472096e+02,-3.619356e+02,4.018310e+02,-3.588714e+02,4.537860e+01,-3.064213e+00
39.88100,4.470279e+02,-3.608510e+02,4.016765e+02,-3.576945e+02,4.535136e+01,-3.156488e+00
39.88200,4.468741e+02,-3.600704e+02,4.015513e+02,-3.568235e+02,4.532284e+01,-3.246942e+00
39.88300,4.467291e+02,-3.584989e+02,4.014358e+02,-3.551638e+02,4.529323e+01,-3.335176e+00
39.88400,4.466383e+02,-3.558352e+02,4.013759e+02,-3.524151e+02,4.526247e+01,-3.420051e+00
39.88500,4.464138e+02,-3.544648e+02,4.011825e+02,-3.509621e+02,4.523124e+01,-3.502657e+00
39.88600,4.461771e+02,-3.509566e+02,4.009783e+02,-3.473741e+02,4.519889e+01,-3.582571e+00
39.88700,4.460175e+02,-3.484444e+02,4.008519e+02,-3.447841e+02,4.516565e+01,-3.660369e+00
39.88800,4.458584e+02,-3.456844e+02,4.007269e+02,-3.419483e+02,4.513157e+01,-3.736101e+00
39.88900,4.456859e+02,-3.426582e+02,4.005895e+02,-3.388486e+02,4.509648e+01,-3.809550e+00
39.89000,4.455712e+02,-3.403763e+02,4.005101e+02,-3.364953e+02,4.506112e+01,-3.880957e+00
39.89100,4.453996e+02,-3.367964e+02,4.003745e+02,-3.328463e+02,4.502509e+01,-3.950026e+00
39.89200,4.452627e+02,-3.334279e+02,4.002741e+02,-3.294109e+02,4.498862e+01,-4.017078e+00
39.89300,4.450925e+02,-3.289351e+02,4.001411e+02,-3.248535e+02,4.495147e+01,-4.081672e+00
39.89400,4.449502e+02,-3.249571e+02,4.000363e+02,-3.208133e+02,4.491385e+01,-4.143802e+00
39.89500,4.448170e+02,-3.212849e+02,3.999411e+02,-3.170811e+02,4.487591e+01,-4.203815e+00
39.89600,4.446905e+02,-3.162705e+02,3.998529e+02,-3.120092e+02,4.483761e+01,-4.261239e+00
39.89700,4.445218e+02,-3.117149e+02,3.997231e+02,-3.073989e+02,4.479865e+01,-4.316058e+00
39.89800,4.444083e+02,-3.070955e+02,3.996488e+02,-3.027279e+02,4.475955e+01,-4.367660e+00
39.89900,4.443140e+02,-3.028491e+02,3.995936e+02,-2.984329e+02,4.472040e+01,-4.416184e+00
39.90000,4.441183e+02,-2.963258e+02,3.994372e+02,-2.918641e+02,4.468109e+01,-4.461633e+00
39.90100,4.439774e+02,-2.904120e+02,3.993353e+02,-2.859079e+02,4.464210e+01,-4.504044e+00
39.90200,4.438023e+02,-2.847311e+02,3.991993e+02,-2.801873e+02,4.460292e+01,-4.543847e+00
39.90300,4.436943e+02,-2.791621e+02,3.991305e+02,-2.745807e+02,4.456373e+01,-4.581437e+00
39.90400,4.435823e+02,-2.734349e+02,3.990577e+02,-2.688179e+02,4.452455e+01,-4.616945e+00
39.90500,4.434815e+02,-2.677553e+02,3.989960e+02,-2.631052e+02,4.448549e+01,-4.650071e+00
39.90600,4.433829e+02,-2.622673e+02,3.989363e+02,-2.575866e+02,4.444659e+01,-4.680779e+00
39.90700,4.432753e+02,-2.551449e+02,3.988676e+02,-2.504366e+02,4.440777e+01,-4.708265e+00
39.90800,4.431783e+02,-2.488167e+02,3.988093e+02,-2.440840e+02,4.436909e+01,-4.732728e+00
39.90900,4.430765e+02,-2.417045e+02,3.987461e+02,-2.369504e+02,4.433043e+01,-4.754069e+00
39.91000,4.430061e+02,-2.349318e+02,3.987139e+02,-2.301596e+02,4.429218e+01,-4.772177e+00
39.91100,4.429295e+02,-2.289751e+02,3.986749e+02,-2.241875e+02,4.425449e+01,-4.787601e+00
39.91200,4.428249e+02,-2.226442e+02,3.986080e+02,-2.178434e+02,4.421684e+01,-4.800825e+00
39.91300,4.427480e+02,-2.159947e+02,3.985685e+02,-2.111830e+02,4.417948e+01,-4.811625e+00
39.91400,4.426691e+02,-2.085047e+02,3.985267e+02,-2.036853e+02,4.414245e+01,-4.819501e+00
39.91500,4.425919e+02,-2.010223e+02,3.984861e+02,-1.961978e+02,4.410575e+01,-4.824485e+00
39.91600,4.425303e+02,-1.936183e+02,3.984607e+02,-1.887917e+02,4.406956e+01,-4.826489e+00
39.91700,4.424759e+02,-1.862861e+02,3.984420e+02,-1.814604e+02,4.403397e+01,-4.825709e+00
39.91800,4.424207e+02,-1.790883e+02,3.984217e+02,-1.742667e+02,4.399895e+01,-4.821565e+00
39.91900,4.423621e+02,-1.717297e+02,3.983978e+02,-1.669153e+02,4.396437e+01,-4.814460e+00
39.92000,4.423035e+02,-1.648013e+02,3.983733e+02,-1.599965e+02,4.393025e+01,-4.804779e+00
39.92100,4.422391e+02,-1.567904e+02,3.983424e+02,-1.519988e+02,4.389669e+01,-4.791620e+00
39.92200,4.422415e+02,-1.484691e+02,3.983778e+02,-1.436933e+02,4.386369e+01,-4.775750e+00
39.92300,4.422779e+02,-1.394099e+02,3.984468e+02,-1.346519e+02,4.383113e+01,-4.757995e+00
39.92400,4.422862e+02,-1.315267e+02,3.984872e+02,-1.267879e+02,4.379899e+01,-4.738721e+00
39.92500,4.422602e+02,-1.237218e+02,3.984927e+02,-1.190046e+02,4.376751e+01,-4.717198e+00
39.92600,4.422386e+02,-1.162871e+02,3.985019e+02,-1.115937e+02,4.373677e+01,-4.693344e+00
39.92700,4.422108e+02,-1.081659e+02,3.985041e+02,-1.034993e+02,4.370668e+01,-4.666691e+00
39.92800,4.421916e+02,-1.001488e+02,3.985143e+02,-9.551073e+01,4.367726e+01,-4.638067e+00
39.92900,4.421753e+02,-9.229773e+01,3.985268e+02,-8.769020e+01,4.364853e+01,-4.607567e+00
39.93000,4.421709e+02,-8.442647e+01,3.985502e+02,-7.985153e+01,4.362062e+01,-4.574943e+00
39.93100,4.421642e+02,-7.665433e+01,3.985707e+02,-7.211433e+01,4.359345e+01,-4.540018e+00
39.93200,4.421637e+02,-6.877927e+01,3.985967e+02,-6.427643e+01,4.356705e+01,-4.502827e+00
39.93300,4.421587e+02,-6.060507e+01,3.986174e+02,-5.614205e+01,4.354132e+01,-4.463027e+00
39.93400,4.421642e+02,-5.251931e+01,3.986478e+02,-4.809919e+01,4.351640e+01,-4.420115e+00
39.93500,4.421610e+02,-4.500717e+01,3.986688e+02,-4.063209e+01,4.349216e+01,-4.375078e+00
39.93600,4.421675e+02,-3.718525e+01,3.986989e+02,-3.285746e+01,4.346866e+01,-4.327794e+00
39.93700,4.421777e+02,-2.931070e+01,3.987319e+02,-2.503256e+01,4.344589e+01,-4.278141e+00
39.93800,4.421985e+02,-2.148371e+01,3.987745e+02,-1.725741e+01,4.342392e+01,-4.226291e+00
39.93900,4.421961e+02,-1.377819e+01,3.987936e+02,-9.606093e+00,4.340248e+01,-4.172094e+00
39.94000,4.422019e+02,-6.067559e+00,3.988204e+02,-1.952284e+00,4.338151e+01,-4.115275e+00
39.94100,4.421231e+02,1.306249e+00,3.987619e+02,5.362599e+00,4.336121e+01,-4.056351e+00
39.94200,4.420422e+02,8.614847e+00,3.987009e+02,1.261085e+01,4.334136e+01,-3.996006e+00
39.94300,4.420513e+02,1.605185e+01,3.987291e+02,1.998633e+01,4.332221e+01,-3.934473e+00
39.94400,4.420663e+02,2.372046e+01,3.987625e+02,2.759173e+01,4.330384e+01,-3.871265e+00
39.94500,4.420785e+02,3.091021e+01,3.987923e+02,3.471643e+01,4.328621e+01,-3.806216e+00
39.94600,4.420874e+02,3.842785e+01,3.988181e+02,4.216703e+01,4.326925e+01,-3.739181e+00
39.94700,4.420909e+02,4.566617e+01,3.988380e+02,4.933638e+01,4.325289e+01,-3.670210e+00
39.94800,4.420971e+02,5.265300e+01,3.988599e+02,5.625245e+01,4.323717e+01,-3.599449e+00
39.94900,4.421073e+02,5.966223e+01,3.988852e+02,6.318945e+01,4.322210e+01,-3.527217e+00
39.95000,4.421147e+02,6.672533e+01,3.989070e+02,7.017860e+01,4.320766e+01,-3.453297e+00
39.95100,4.421197e+02,7.365833e+01,3.989259e+02,7.703600e+01,4.319378e+01,-3.377639e+00
39.95200,4.421312e+02,8.064433e+01,3.989507e+02,8.394453e+01,4.318051e+01,-3.300155e+00
39.95300,4.421333e+02,8.708360e+01,3.989655e+02,9.030453e+01,4.316777e+01,-3.220984e+00
39.95400,4.421238e+02,9.343140e+01,3.989684e+02,9.657173e+01,4.315538e+01,-3.140366e+00
39.95500,4.421316e+02,9.980693e+01,3.989881e+02,1.028661e+02,4.314349e+01,-3.059152e+00
39.95600,4.421418e+02,1.060269e+02,3.990096e+02,1.090039e+02,4.313220e+01,-2.976992e+00
39.95700,4.421479e+02,1.123115e+02,3.990264e+02,1.152059e+02,4.312149e+01,-2.894359e+00
39.95800,4.421531e+02,1.184281e+02,3.990417e+02,1.212387e+02,4.311137e+01,-2.810623e+00
39.95900,4.421529e+02,1.242618e+02,3.990511e+02,1.269872e+02,4.310175e+01,-2.725397e+00
39.96000,4.421474e+02,1.298705e+02,3.990549e+02,1.325098e+02,4.309254e+01,-2.639357e+00
39.96100,4.421479e+02,1.356436e+02,3.990642e+02,1.381959e+02,4.308378e+01,-2.552281e+00
39.96200,4.421483e+02,1.412637e+02,3.990728e+02,1.437279e+02,4.307545e+01,-2.464106e+00
39.96300,4.421450e+02,1.466862e+02,3.990775e+02,1.490610e+02,4.306752e+01,-2.374815e+00
39.96400,4.421392e+02,1.519179e+02,3.990793e+02,1.542024e+02,4.305995e+01,-2.284490e+00
39.96500,4.421375e+02,1.568035e+02,3.990847e+02,1.589969e+02,4.305277e+01,-2.193357e+00
39.96600,4.421352e+02,1.618587e+02,3.990893e+02,1.639603e+02,4.304597e+01,-2.101483e+00
39.96700,4.421308e+02,1.666091e+02,3.990913e+02,1.686181e+02,4.303955e+01,-2.009027e+00
39.96800,4.421283e+02,1.711205e+02,3.990948e+02,1.730360e+02,4.303352e+01,-1.915548e+00
39.96900,4.421330e+02,1.757424e+02,3.991049e+02,1.775642e+02,4.302803e+01,-1.821841e+00
39.97000,4.421259e+02,1.800792e+02,3.991029e+02,1.818073e+02,4.302303e+01,-1.728103e+00
39.97100,4.421182e+02,1.839735e+02,3.990997e+02,1.856077e+02,4.301846e+01,-1.634245e+00
39.97200,4.421093e+02,1.878683e+02,3.990951e+02,1.894085e+02,4.301429e+01,-1.540213e+00
39.97300,4.420821e+02,1.916885e+02,3.990717e+02,1.931343e+02,4.301037e+01,-1.445877e+00
39.97400,4.420623e+02,1.952918e+02,3.990556e+02,1.966430e+02,4.300673e+01,-1.351161e+00
39.97500,4.420438e+02,1.987173e+02,3.990403e+02,1.999736e+02,4.300351e+01,-1.256237e+00
39.97600,4.420075e+02,2.024613e+02,3.990067e+02,2.036227e+02,4.300077e+01,-1.161319e+00
39.97700,4.419481e+02,2.061683e+02,3.989495e+02,2.072348e+02,4.299860e+01,-1.066557e+00
39.97800,4.419657e+02,2.087065e+02,3.989689e+02,2.096781e+02,4.299685e+01,-9.714973e-01
39.97900,4.420773e+02,2.104481e+02,3.990823e+02,2.113246e+02,4.299507e+01,-8.764880e-01
39.98000,4.421988e+02,2.116086e+02,3.992059e+02,2.123907e+02,4.299291e+01,-7.820500e-01
39.98100,4.421797e+02,2.133076e+02,3.991891e+02,2.139961e+02,4.299065e+01,-6.884533e-01
39.98200,4.421531e+02,2.166023e+02,3.991645e+02,2.171963e+02,4.298854e+01,-5.939730e-01
39.98300,4.421165e+02,2.184109e+02,3.991301e+02,2.189109e+02,4.298633e+01,-5.000680e-01
39.98400,4.421145e+02,2.202332e+02,3.991302e+02,2.206401e+02,4.298432e+01,-4.069183e-01
39.98500,4.421153e+02,2.218516e+02,3.991327e+02,2.221664e+02,4.298259e+01,-3.147931e-01
39.98600,4.421225e+02,2.230080e+02,3.991412e+02,2.232314e+02,4.298126e+01,-2.233615e-01
39.98700,4.421245e+02,2.241623e+02,3.991441e+02,2.242950e+02,4.298033e+01,-1.326103e-01
39.98800,4.421291e+02,2.251600e+02,3.991493e+02,2.252025e+02,4.297979e+01,-4.255249e-02
39.98900,4.421401e+02,2.258029e+02,3.991604e+02,2.257561e+02,4.297974e+01,4.688783e-02
39.99000,4.421489e+02,2.262423e+02,3.991688e+02,2.261065e+02,4.298013e+01,1.357758e-01
39.99100,4.421563e+02,2.267019e+02,3.991753e+02,2.264778e+02,4.298097e+01,2.240847e-01
39.99200,4.421407e+02,2.269777e+02,3.991584e+02,2.266663e+02,4.298232e+01,3.114029e-01
39.99300,4.422802e+02,2.282945e+02,3.992965e+02,2.278967e+02,4.298369e+01,3.978080e-01
39.99400,4.422159e+02,2.268407e+02,3.992304e+02,2.263565e+02,4.298546e+01,4.842069e-01
39.99500,4.422165e+02,2.261785e+02,3.992290e+02,2.256085e+02,4.298754e+01,5.700295e-01
39.99600,4.422092e+02,2.258074e+02,3.992194e+02,2.251521e+02,4.298982e+01,6.553369e-01
39.99700,4.422662e+02,2.243783e+02,3.992735e+02,2.236394e+02,4.299267e+01,7.388687e-01
39.99800,4.423203e+02,2.228172e+02,3.993241e+02,2.219968e+02,4.299625e+01,8.204080e-01
39.99900,4.423393e+02,2.212589e+02,3.993390e+02,2.203587e+02,4.300025e+01,9.001667e-01
40.00000,4.423831e+02,2.201417e+02,3.993781e+02,2.191634e+02,4.300511e+01,9.783440e-01
