# cfd3_2x_dt0.0005: drag and lift on cylinder+plate (N/m), total/pressure/viscous, last 4 s at 1 ms
time,drag,lift,drag_p,lift_p,drag_v,lift_v
21.00000,4.383305e+02,2.842661e+02,3.937485e+02,2.860229e+02,4.458189e+01,-1.756879e+00
21.00100,4.383111e+02,2.915687e+02,3.937255e+02,2.931931e+02,4.458549e+01,-1.624490e+00
21.00200,4.382934e+02,2.987344e+02,3.937049e+02,3.002258e+02,4.458858e+01,-1.491413e+00
21.00300,4.382699e+02,3.056839e+02,3.936788e+02,3.070420e+02,4.459107e+01,-1.358053e+00
21.00400,4.382383e+02,3.123673e+02,3.936453e+02,3.135917e+02,4.459298e+01,-1.224401e+00
21.00500,4.382289e+02,3.189915e+02,3.936347e+02,3.200819e+02,4.459423e+01,-1.090357e+00
21.00600,4.382240e+02,3.249500e+02,3.936296e+02,3.259063e+02,4.459441e+01,-9.563373e-01
21.00700,4.381784e+02,3.311511e+02,3.935847e+02,3.319731e+02,4.459377e+01,-8.220060e-01
21.00800,4.381373e+02,3.371011e+02,3.935450e+02,3.377883e+02,4.459235e+01,-6.871060e-01
21.00900,4.380937e+02,3.428027e+02,3.935035e+02,3.433545e+02,4.459025e+01,-5.518619e-01
21.01000,4.380461e+02,3.482501e+02,3.934586e+02,3.486669e+02,4.458743e+01,-4.167625e-01
21.01100,4.379966e+02,3.535275e+02,3.934127e+02,3.538091e+02,4.458395e+01,-2.816169e-01
21.01200,4.379523e+02,3.586478e+02,3.933725e+02,3.587939e+02,4.457975e+01,-1.461127e-01
21.01300,4.378737e+02,3.630375e+02,3.932987e+02,3.630481e+02,4.457501e+01,-1.065582e-02
21.01400,4.378107e+02,3.675069e+02,3.932409e+02,3.673830e+02,4.456981e+01,1.239482e-01
21.01500,4.377593e+02,3.719457e+02,3.931953e+02,3.716872e+02,4.456392e+01,2.584067e-01
21.01600,4.377023e+02,3.759903e+02,3.931449e+02,3.755973e+02,4.455743e+01,3.929815e-01
21.01700,4.376421e+02,3.798310e+02,3.930918e+02,3.793039e+02,4.455036e+01,5.271417e-01
21.01800,4.375801e+02,3.833261e+02,3.930373e+02,3.826653e+02,4.454275e+01,6.608883e-01
21.01900,4.374998e+02,3.868271e+02,3.929650e+02,3.860328e+02,4.453481e+01,7.943053e-01
21.02000,4.374598e+02,3.895330e+02,3.929328e+02,3.886061e+02,4.452700e+01,9.269953e-01
21.02100,4.374058e+02,3.924682e+02,3.928873e+02,3.914089e+02,4.451845e+01,1.059273e+00
21.02200,4.373141e+02,3.946659e+02,3.928045e+02,3.934751e+02,4.450970e+01,1.190926e+00
21.02300,4.372728e+02,3.970763e+02,3.927721e+02,3.957549e+02,4.450071e+01,1.321391e+00
21.02400,4.371993e+02,3.992041e+02,3.927083e+02,3.977537e+02,4.449097e+01,1.450511e+00
21.02500,4.371358e+02,4.008717e+02,3.926549e+02,3.992931e+02,4.448092e+01,1.578594e+00
21.02600,4.370688e+02,4.022692e+02,3.925981e+02,4.005637e+02,4.447073e+01,1.705513e+00
21.02700,4.370145e+02,4.036834e+02,3.925541e+02,4.018519e+02,4.446032e+01,1.831519e+00
21.02800,4.369895e+02,4.047694e+02,3.925396e+02,4.028129e+02,4.444994e+01,1.956473e+00
21.02900,4.369145e+02,4.047743e+02,3.924757e+02,4.026959e+02,4.443888e+01,2.078437e+00
21.03000,4.368541e+02,4.052484e+02,3.924252e+02,4.030505e+02,4.442895e+01,2.197877e+00
21.03100,4.367683e+02,4.050327e+02,3.923478e+02,4.027160e+02,4.442053e+01,2.316635e+00
21.03200,4.367458e+02,4.045044e+02,3.923331e+02,4.020703e+02,4.441269e+01,2.434115e+00
21.03300,4.367469e+02,4.034437e+02,3.923423e+02,4.008909e+02,4.440453e+01,2.552736e+00
21.03400,4.367138e+02,4.026435e+02,3.923169e+02,3.999730e+02,4.439693e+01,2.670540e+00
21.03500,4.366920e+02,4.013077e+02,3.923017e+02,3.985209e+02,4.439027e+01,2.786745e+00
21.03600,4.366745e+02,3.999280e+02,3.922905e+02,3.970267e+02,4.438391e+01,2.901307e+00
21.03700,4.366230e+02,3.981298e+02,3.922445e+02,3.951155e+02,4.437846e+01,3.014314e+00
21.03800,4.366020e+02,3.961024e+02,3.922286e+02,3.929768e+02,4.437341e+01,3.125605e+00
21.03900,4.366069e+02,3.935981e+02,3.922374e+02,3.903632e+02,4.436948e+01,3.234911e+00
21.04000,4.366127e+02,3.907344e+02,3.922459e+02,3.873920e+02,4.436681e+01,3.342419e+00
21.04100,4.366329e+02,3.873982e+02,3.922673e+02,3.839503e+02,4.436559e+01,3.447859e+00
21.04200,4.366255e+02,3.843252e+02,3.922602e+02,3.807742e+02,4.436529e+01,3.550968e+00
21.04300,4.366561e+02,3.804948e+02,3.922899e+02,3.768434e+02,4.436621e+01,3.651365e+00
21.04400,4.366959e+02,3.764744e+02,3.923274e+02,3.727251e+02,4.436851e+01,3.749326e+00
21.04500,4.367399e+02,3.722705e+02,3.923678e+02,3.684255e+02,4.437213e+01,3.845059e+00
21.04600,4.368048e+02,3.668053e+02,3.924281e+02,3.628683e+02,4.437673e+01,3.937054e+00
21.04700,4.368760e+02,3.623235e+02,3.924919e+02,3.582965e+02,4.438404e+01,4.026890e+00
21.04800,4.369319e+02,3.568999e+02,3.925377e+02,3.527858e+02,4.439415e+01,4.114067e+00
21.04900,4.370096e+02,3.512338e+02,3.926034e+02,3.470359e+02,4.440617e+01,4.197893e+00
21.05000,4.370971e+02,3.453297e+02,3.926769e+02,3.410512e+02,4.442018e+01,4.278487e+00
21.05100,4.371945e+02,3.390282e+02,3.927582e+02,3.346725e+02,4.443630e+01,4.355685e+00
21.05200,4.373003e+02,3.324737e+02,3.928457e+02,3.280443e+02,4.445459e+01,4.429341e+00
21.05300,4.374177e+02,3.256203e+02,3.929426e+02,3.211207e+02,4.447509e+01,4.499527e+00
21.05400,4.375447e+02,3.184843e+02,3.930467e+02,3.139186e+02,4.449804e+01,4.565673e+00
21.05500,4.376649e+02,3.111992e+02,3.931421e+02,3.065711e+02,4.452288e+01,4.628032e+00
21.05600,4.378145e+02,3.031445e+02,3.932647e+02,2.984573e+02,4.454975e+01,4.687224e+00
21.05700,4.379654e+02,2.950177e+02,3.933868e+02,2.902743e+02,4.457859e+01,4.743387e+00
21.05800,4.381345e+02,2.863257e+02,3.935248e+02,2.815303e+02,4.460967e+01,4.795399e+00
21.05900,4.382768e+02,2.784051e+02,3.936331e+02,2.735610e+02,4.464373e+01,4.844085e+00
21.06000,4.384693e+02,2.694721e+02,3.937893e+02,2.645834e+02,4.467991e+01,4.888627e+00
21.06100,4.386538e+02,2.602553e+02,3.939352e+02,2.553269e+02,4.471861e+01,4.928371e+00
21.06200,4.388383e+02,2.509507e+02,3.940787e+02,2.459867e+02,4.475953e+01,4.963996e+00
21.06300,4.390493e+02,2.408364e+02,3.942467e+02,2.358415e+02,4.480267e+01,4.994927e+00
21.06400,4.392681e+02,2.311323e+02,3.944201e+02,2.261113e+02,4.484796e+01,5.021001e+00
21.06500,4.394804e+02,2.207970e+02,3.945846e+02,2.157542e+02,4.489583e+01,5.042809e+00
21.06600,4.396985e+02,2.103927e+02,3.947527e+02,2.053328e+02,4.494578e+01,5.059909e+00
21.06700,4.399221e+02,1.997224e+02,3.949243e+02,1.946503e+02,4.499775e+01,5.072173e+00
21.06800,4.401556e+02,1.890115e+02,3.951039e+02,1.839321e+02,4.505166e+01,5.079342e+00
21.06900,4.403919e+02,1.777718e+02,3.952843e+02,1.726902e+02,4.510758e+01,5.081578e+00
21.07000,4.406327e+02,1.664683e+02,3.954674e+02,1.613893e+02,4.516530e+01,5.078922e+00
21.07100,4.408770e+02,1.550071e+02,3.956523e+02,1.499357e+02,4.522470e+01,5.071337e+00
21.07200,4.411255e+02,1.434163e+02,3.958399e+02,1.383579e+02,4.528569e+01,5.058287e+00
21.07300,4.413755e+02,1.314829e+02,3.960274e+02,1.264432e+02,4.534815e+01,5.039759e+00
21.07400,4.416189e+02,1.193489e+02,3.962073e+02,1.143331e+02,4.541149e+01,5.015809e+00
21.07500,4.418847e+02,1.075076e+02,3.964079e+02,1.025207e+02,4.547684e+01,4.986969e+00
21.07600,4.421365e+02,9.524673e+01,3.965929e+02,9.029307e+01,4.554368e+01,4.953677e+00
21.07700,4.423813e+02,8.273427e+01,3.967703e+02,7.781933e+01,4.561097e+01,4.914942e+00
21.07800,4.426643e+02,7.018113e+01,3.969846e+02,6.531017e+01,4.567971e+01,4.870968e+00
21.07900,4.429121e+02,5.756113e+01,3.971630e+02,5.273893e+01,4.574911e+01,4.822197e+00
21.08000,4.431597e+02,4.499869e+01,3.973408e+02,4.023034e+01,4.581883e+01,4.768357e+00
21.08100,4.434219e+02,3.191941e+01,3.975329e+02,2.721046e+01,4.588908e+01,4.708947e+00
21.08200,4.436687e+02,1.902549e+01,3.977091e+02,1.438153e+01,4.595953e+01,4.643963e+00
21.08300,4.439121e+02,6.092780e+00,3.978821e+02,1.519043e+00,4.603001e+01,4.573738e+00
21.08400,4.441513e+02,-6.896453e+00,3.980509e+02,-1.139468e+01,4.610035e+01,4.498224e+00
21.08500,4.443837e+02,-1.988691e+01,3.982133e+02,-2.430418e+01,4.617041e+01,4.417275e+00
21.08600,4.446158e+02,-3.291763e+01,3.983757e+02,-3.724903e+01,4.624009e+01,4.331405e+00
21.08700,4.448363e+02,-4.587455e+01,3.985272e+02,-5.011555e+01,4.630913e+01,4.241007e+00
21.08800,4.450535e+02,-5.903972e+01,3.986762e+02,-6.318527e+01,4.637730e+01,4.145552e+00
21.08900,4.452712e+02,-7.200133e+01,3.988265e+02,-7.604613e+01,4.644465e+01,4.044759e+00
21.09000,4.454710e+02,-8.501033e+01,3.989599e+02,-8.894933e+01,4.651113e+01,3.939053e+00
21.09100,4.456673e+02,-9.778853e+01,3.990911e+02,-1.016177e+02,4.657626e+01,3.829186e+00
21.09200,4.458596e+02,-1.107585e+02,3.992191e+02,-1.144735e+02,4.664057e+01,3.715081e+00
21.09300,4.460359e+02,-1.235395e+02,3.993325e+02,-1.271362e+02,4.670343e+01,3.596631e+00
21.09400,4.462011e+02,-1.361530e+02,3.994365e+02,-1.396269e+02,4.676463e+01,3.473945e+00
21.09500,4.463649e+02,-1.487886e+02,3.995408e+02,-1.521359e+02,4.682403e+01,3.347250e+00
21.09600,4.465139e+02,-1.612394e+02,3.996321e+02,-1.644559e+02,4.688186e+01,3.216499e+00
21.09700,4.466459e+02,-1.735999e+02,3.997083e+02,-1.766814e+02,4.693759e+01,3.081498e+00
21.09800,4.467729e+02,-1.857381e+02,3.997817e+02,-1.886805e+02,4.699121e+01,2.942375e+00
21.09900,4.468832e+02,-1.977867e+02,3.998407e+02,-2.005863e+02,4.704256e+01,2.799649e+00
21.10000,4.469907e+02,-2.096471e+02,3.998991e+02,-2.123009e+02,4.709168e+01,2.653857e+00
21.10100,4.470811e+02,-2.213115e+02,3.999427e+02,-2.238162e+02,4.713837e+01,2.504760e+00
21.10200,4.471643e+02,-2.327553e+02,3.999819e+02,-2.351075e+02,4.718249e+01,2.352207e+00
21.10300,4.471969e+02,-2.440491e+02,3.999731e+02,-2.462459e+02,4.722385e+01,2.196792e+00
21.10400,4.472455e+02,-2.550168e+02,3.999827e+02,-2.570553e+02,4.726283e+01,2.038597e+00
21.10500,4.472885e+02,-2.658165e+02,3.999891e+02,-2.676939e+02,4.729942e+01,1.877446e+00
21.10600,4.473119e+02,-2.763820e+02,3.999787e+02,-2.780955e+02,4.733316e+01,1.713513e+00
21.10700,4.473321e+02,-2.867821e+02,3.999680e+02,-2.883299e+02,4.736409e+01,1.547802e+00
21.10800,4.473273e+02,-2.967809e+02,3.999351e+02,-2.981611e+02,4.739222e+01,1.380241e+00
21.10900,4.473177e+02,-3.065875e+02,3.999003e+02,-3.077983e+02,4.741742e+01,1.210679e+00
21.11000,4.472919e+02,-3.161095e+02,3.998521e+02,-3.171489e+02,4.743975e+01,1.039426e+00
21.11100,4.472530e+02,-3.253306e+02,3.997940e+02,-3.261971e+02,4.745905e+01,8.665573e-01
21.11200,4.472010e+02,-3.342317e+02,3.997256e+02,-3.349241e+02,4.747537e+01,6.923080e-01
21.11300,4.471322e+02,-3.427989e+02,3.996437e+02,-3.433158e+02,4.748856e+01,5.169510e-01
21.11400,4.470497e+02,-3.507627e+02,3.995510e+02,-3.511046e+02,4.749873e+01,3.418830e-01
21.11500,4.469591e+02,-3.596869e+02,3.994532e+02,-3.598514e+02,4.750592e+01,1.644301e-01
21.11600,4.468680e+02,-3.670500e+02,3.993581e+02,-3.670359e+02,4.750996e+01,-1.413759e-02
21.11700,4.467691e+02,-3.740827e+02,3.992581e+02,-3.738901e+02,4.751103e+01,-1.925932e-01
21.11800,4.466501e+02,-3.809882e+02,3.991413e+02,-3.806181e+02,4.750874e+01,-3.701165e-01
21.11900,4.465693e+02,-3.875432e+02,3.990664e+02,-3.869961e+02,4.750289e+01,-5.471087e-01
21.12000,4.463267e+02,-3.931077e+02,3.988321e+02,-3.923845e+02,4.749453e+01,-7.232007e-01
21.12100,4.461712e+02,-3.991826e+02,3.986877e+02,-3.982848e+02,4.748351e+01,-8.978007e-01
21.12200,4.460046e+02,-4.047583e+02,3.985351e+02,-4.036864e+02,4.746946e+01,-1.071897e+00
21.12300,4.458276e+02,-4.099528e+02,3.983751e+02,-4.087073e+02,4.745251e+01,-1.245555e+00
21.12400,4.456406e+02,-4.147673e+02,3.982079e+02,-4.133491e+02,4.743272e+01,-1.418279e+00
21.12500,4.454435e+02,-4.192371e+02,3.980334e+02,-4.176471e+02,4.741009e+01,-1.590059e+00
21.12600,4.452359e+02,-4.232849e+02,3.978511e+02,-4.215243e+02,4.738471e+01,-1.760594e+00
21.12700,4.450284e+02,-4.270143e+02,3.976718e+02,-4.250847e+02,4.735655e+01,-1.929605e+00
21.12800,4.448176e+02,-4.304810e+02,3.974918e+02,-4.283846e+02,4.732582e+01,-2.096389e+00
21.12900,4.445738e+02,-4.331209e+02,3.972811e+02,-4.308600e+02,4.729263e+01,-2.260918e+00
21.13000,4.443353e+02,-4.356735e+02,3.970786e+02,-4.332511e+02,4.725672e+01,-2.422449e+00
21.13100,4.440506e+02,-4.379702e+02,3.968328e+02,-4.353883e+02,4.721779e+01,-2.581849e+00
21.13200,4.438913e+02,-4.395567e+02,3.967140e+02,-4.368189e+02,4.717729e+01,-2.737819e+00
21.13300,4.436425e+02,-4.409411e+02,3.965079e+02,-4.380501e+02,4.713467e+01,-2.890982e+00
21.13400,4.433889e+02,-4.420163e+02,3.962995e+02,-4.389751e+02,4.708935e+01,-3.041263e+00
21.13500,4.431538e+02,-4.428276e+02,3.961121e+02,-4.396395e+02,4.704164e+01,-3.188175e+00
21.13600,4.429297e+02,-4.436774e+02,3.959377e+02,-4.403461e+02,4.699196e+01,-3.331261e+00
21.13700,4.426149e+02,-4.425703e+02,3.956751e+02,-4.390997e+02,4.693987e+01,-3.470601e+00
21.13800,4.423467e+02,-4.419079e+02,3.954597e+02,-4.382991e+02,4.688688e+01,-3.608846e+00
21.13900,4.421160e+02,-4.412100e+02,3.952817e+02,-4.374650e+02,4.683437e+01,-3.745013e+00
21.14000,4.418359e+02,-4.400739e+02,3.950561e+02,-4.361956e+02,4.677979e+01,-3.878386e+00
21.14100,4.415809e+02,-4.390560e+02,3.948566e+02,-4.350470e+02,4.672423e+01,-4.009009e+00
21.14200,4.413264e+02,-4.364774e+02,3.946595e+02,-4.323419e+02,4.666687e+01,-4.135536e+00
21.14300,4.410630e+02,-4.339147e+02,3.944546e+02,-4.296573e+02,4.660840e+01,-4.257349e+00
21.14400,4.408189e+02,-4.316109e+02,3.942700e+02,-4.272364e+02,4.654885e+01,-4.374519e+00
21.14500,4.405805e+02,-4.285854e+02,3.940913e+02,-4.240973e+02,4.648917e+01,-4.488132e+00
21.14600,4.403214e+02,-4.254542e+02,3.938932e+02,-4.208560e+02,4.642820e+01,-4.598231e+00
21.14700,4.400799e+02,-4.217001e+02,3.937140e+02,-4.169951e+02,4.636594e+01,-4.705037e+00
21.14800,4.398492e+02,-4.178791e+02,3.935462e+02,-4.130711e+02,4.630300e+01,-4.807914e+00
21.14900,4.396132e+02,-4.135921e+02,3.933742e+02,-4.086854e+02,4.623903e+01,-4.906709e+00
21.15000,4.393916e+02,-4.089182e+02,3.932167e+02,-4.039171e+02,4.617494e+01,-5.001101e+00
21.15100,4.391718e+02,-4.041053e+02,3.930611e+02,-3.990141e+02,4.611067e+01,-5.091252e+00
21.15200,4.389626e+02,-3.988894e+02,3.929163e+02,-3.937123e+02,4.604625e+01,-5.177121e+00
21.15300,4.387607e+02,-3.934207e+02,3.927789e+02,-3.881621e+02,4.598184e+01,-5.258602e+00
21.15400,4.385618e+02,-3.876204e+02,3.926443e+02,-3.822846e+02,4.591745e+01,-5.335808e+00
21.15500,4.383702e+02,-3.814516e+02,3.925168e+02,-3.760427e+02,4.585336e+01,-5.408859e+00
21.15600,4.381894e+02,-3.752140e+02,3.923997e+02,-3.697363e+02,4.578961e+01,-5.477657e+00
21.15700,4.380129e+02,-3.685016e+02,3.922865e+02,-3.629600e+02,4.572637e+01,-5.541618e+00
21.15800,4.378565e+02,-3.616415e+02,3.921927e+02,-3.560405e+02,4.566387e+01,-5.601020e+00
21.15900,4.377105e+02,-3.542193e+02,3.921076e+02,-3.485631e+02,4.560286e+01,-5.656130e+00
21.16000,4.375327e+02,-3.472955e+02,3.919911e+02,-3.415887e+02,4.554165e+01,-5.706800e+00
21.16100,4.374037e+02,-3.395643e+02,3.919223e+02,-3.338112e+02,4.548138e+01,-5.753081e+00
21.16200,4.372836e+02,-3.315571e+02,3.918612e+02,-3.257619e+02,4.542239e+01,-5.795267e+00
21.16300,4.371133e+02,-3.239023e+02,3.917492e+02,-3.180694e+02,4.536420e+01,-5.832877e+00
21.16400,4.369983e+02,-3.155093e+02,3.916911e+02,-3.096438e+02,4.530711e+01,-5.865486e+00
21.16500,4.368703e+02,-3.073426e+02,3.916188e+02,-3.014494e+02,4.525153e+01,-5.893221e+00
21.16600,4.367739e+02,-2.985089e+02,3.915763e+02,-2.925930e+02,4.519751e+01,-5.915917e+00
21.16700,4.367375e+02,-2.889312e+02,3.915931e+02,-2.829943e+02,4.514432e+01,-5.936949e+00
21.16800,4.366522e+02,-2.799779e+02,3.915596e+02,-2.740225e+02,4.509263e+01,-5.955379e+00
21.16900,4.365781e+02,-2.708641e+02,3.915353e+02,-2.648941e+02,4.504270e+01,-5.969949e+00
21.17000,4.365152e+02,-2.614703e+02,3.915207e+02,-2.554901e+02,4.499453e+01,-5.980151e+00
21.17100,4.364602e+02,-2.519932e+02,3.915120e+02,-2.460071e+02,4.494818e+01,-5.986099e+00
21.17200,4.364130e+02,-2.422360e+02,3.915094e+02,-2.362480e+02,4.490363e+01,-5.987988e+00
21.17300,4.363747e+02,-2.323681e+02,3.915139e+02,-2.263819e+02,4.486081e+01,-5.986156e+00
21.17400,4.363451e+02,-2.224219e+02,3.915252e+02,-2.164411e+02,4.481991e+01,-5.980761e+00
21.17500,4.363246e+02,-2.123543e+02,3.915438e+02,-2.063827e+02,4.478086e+01,-5.971639e+00
21.17600,4.363124e+02,-2.021092e+02,3.915687e+02,-1.961507e+02,4.474370e+01,-5.958483e+00
21.17700,4.363074e+02,-1.917729e+02,3.915991e+02,-1.858318e+02,4.470835e+01,-5.941155e+00
21.17800,4.363141e+02,-1.813915e+02,3.916394e+02,-1.754715e+02,4.467475e+01,-5.919987e+00
21.17900,4.363224e+02,-1.708839e+02,3.916796e+02,-1.649889e+02,4.464281e+01,-5.895087e+00
21.18000,4.363039e+02,-1.601624e+02,3.916910e+02,-1.542959e+02,4.461287e+01,-5.866503e+00
21.18100,4.362755e+02,-1.501115e+02,3.916891e+02,-1.442769e+02,4.458637e+01,-5.834579e+00
21.18200,4.363329e+02,-1.386941e+02,3.917705e+02,-1.328951e+02,4.456246e+01,-5.799045e+00
21.18300,4.363722e+02,-1.278839e+02,3.918318e+02,-1.221249e+02,4.454040e+01,-5.759051e+00
21.18400,4.364093e+02,-1.170901e+02,3.918889e+02,-1.113749e+02,4.452037e+01,-5.715156e+00
21.18500,4.364515e+02,-1.062259e+02,3.919493e+02,-1.005582e+02,4.450225e+01,-5.667743e+00
21.18600,4.364957e+02,-9.530027e+01,3.920098e+02,-8.968320e+01,4.448594e+01,-5.617077e+00
21.18700,4.365433e+02,-8.435780e+01,3.920719e+02,-7.879460e+01,4.447140e+01,-5.563197e+00
21.18800,4.366107e+02,-7.338233e+01,3.921519e+02,-6.787653e+01,4.445878e+01,-5.505781e+00
21.18900,4.366541e+02,-6.248212e+01,3.922064e+02,-5.703667e+01,4.444774e+01,-5.445455e+00
21.19000,4.367124e+02,-5.147528e+01,3.922742e+02,-4.609310e+01,4.443821e+01,-5.382185e+00
21.19100,4.367685e+02,-4.049043e+01,3.923385e+02,-3.517411e+01,4.442997e+01,-5.316329e+00
21.19200,4.368494e+02,-2.947946e+01,3.924259e+02,-2.423209e+01,4.442353e+01,-5.247368e+00
21.19300,4.368902e+02,-1.846013e+01,3.924717e+02,-1.328467e+01,4.441850e+01,-5.175453e+00
21.19400,4.369687e+02,-7.463827e+00,3.925539e+02,-2.362839e+00,4.441478e+01,-5.100985e+00
21.19500,4.370328e+02,3.231871e+00,3.926205e+02,8.255320e+00,4.441235e+01,-5.023449e+00
21.19600,4.371027e+02,1.404938e+01,3.926914e+02,1.899242e+01,4.441134e+01,-4.943044e+00
21.19700,4.371736e+02,2.500623e+01,3.927622e+02,2.986603e+01,4.441140e+01,-4.859806e+00
21.19800,4.372425e+02,3.569636e+01,3.928301e+02,4.047039e+01,4.441237e+01,-4.774021e+00
21.19900,4.373226e+02,4.653385e+01,3.929081e+02,5.121963e+01,4.441445e+01,-4.685774e+00
21.20000,4.373928e+02,5.721847e+01,3.929753e+02,6.181357e+01,4.441754e+01,-4.595099e+00
21.20100,4.374629e+02,6.779420e+01,3.930414e+02,7.229607e+01,4.442147e+01,-4.501886e+00
21.20200,4.375313e+02,7.831700e+01,3.931052e+02,8.272300e+01,4.442613e+01,-4.406030e+00
21.20300,4.375969e+02,8.871893e+01,3.931655e+02,9.302660e+01,4.443144e+01,-4.307682e+00
21.20400,4.376663e+02,9.908227e+01,3.932289e+02,1.032891e+02,4.443740e+01,-4.206860e+00
21.20500,4.377277e+02,1.093630e+02,3.932839e+02,1.134667e+02,4.444385e+01,-4.103635e+00
21.20600,4.377883e+02,1.195175e+02,3.933375e+02,1.235159e+02,4.445075e+01,-3.998377e+00
21.20700,4.378458e+02,1.295679e+02,3.933878e+02,1.334594e+02,4.445805e+01,-3.891461e+00
21.20800,4.378997e+02,1.394767e+02,3.934341e+02,1.432594e+02,4.446565e+01,-3.782731e+00
21.20900,4.379635e+02,1.495074e+02,3.934900e+02,1.531789e+02,4.447351e+01,-3.671538e+00
21.21000,4.380129e+02,1.591857e+02,3.935313e+02,1.627441e+02,4.448161e+01,-3.558375e+00
21.21100,4.380593e+02,1.688206e+02,3.935695e+02,1.722641e+02,4.448980e+01,-3.443487e+00
21.21200,4.381051e+02,1.782653e+02,3.936071e+02,1.815920e+02,4.449803e+01,-3.326757e+00
21.21300,4.381457e+02,1.876041e+02,3.936394e+02,1.908125e+02,4.450628e+01,-3.208397e+00
21.21400,4.381854e+02,1.968535e+02,3.936709e+02,1.999424e+02,4.451450e+01,-3.088917e+00
21.21500,4.382155e+02,2.059219e+02,3.936929e+02,2.088899e+02,4.452255e+01,-2.968041e+00
21.21600,4.382419e+02,2.148369e+02,3.937115e+02,2.176826e+02,4.453031e+01,-2.845704e+00
21.21700,4.382713e+02,2.235867e+02,3.937334e+02,2.263087e+02,4.453784e+01,-2.722005e+00
21.21800,4.382969e+02,2.322157e+02,3.937517e+02,2.348125e+02,4.454518e+01,-2.596829e+00
21.21900,4.383119e+02,2.407007e+02,3.937597e+02,2.431711e+02,4.455221e+01,-2.470421e+00
21.22000,4.383222e+02,2.490123e+02,3.937635e+02,2.513553e+02,4.455875e+01,-2.342993e+00
21.22100,4.383326e+02,2.571337e+02,3.937677e+02,2.593485e+02,4.456486e+01,-2.214819e+00
21.22200,4.383357e+02,2.651032e+02,3.937652e+02,2.671888e+02,4.457045e+01,-2.085563e+00
21.22300,4.383343e+02,2.728805e+02,3.937589e+02,2.748357e+02,4.457549e+01,-1.955248e+00
21.22400,4.383329e+02,2.804605e+02,3.937530e+02,2.822846e+02,4.457987e+01,-1.824027e+00
21.22500,4.383198e+02,2.878439e+02,3.937361e+02,2.895358e+02,4.458373e+01,-1.691980e+00
21.22600,4.382997e+02,2.951051e+02,3.937126e+02,2.966643e+02,4.458707e+01,-1.559191e+00
21.22700,4.382819e+02,3.021617e+02,3.936921e+02,3.035876e+02,4.458988e+01,-1.425936e+00
21.22800,4.382561e+02,3.090037e+02,3.936640e+02,3.102962e+02,4.459207e+01,-1.292471e+00
21.22900,4.382295e+02,3.155395e+02,3.936358e+02,3.166983e+02,4.459371e+01,-1.158699e+00
21.23000,4.382303e+02,3.219476e+02,3.936358e+02,3.229721e+02,4.459445e+01,-1.024483e+00
21.23100,4.382033e+02,3.279856e+02,3.936091e+02,3.288761e+02,4.459420e+01,-8.904547e-01
21.23200,4.381583e+02,3.340909e+02,3.935652e+02,3.348467e+02,4.459317e+01,-7.558007e-01
21.23300,4.381173e+02,3.399095e+02,3.935259e+02,3.405301e+02,4.459141e+01,-6.206962e-01
21.23400,4.380683e+02,3.455172e+02,3.934794e+02,3.460027e+02,4.458894e+01,-4.854712e-01
21.23500,4.380227e+02,3.508732e+02,3.934369e+02,3.512236e+02,4.458581e+01,-3.504011e-01
21.23600,4.379747e+02,3.560316e+02,3.933927e+02,3.562468e+02,4.458200e+01,-2.151613e-01
21.23700,4.379258e+02,3.609669e+02,3.933483e+02,3.610463e+02,4.457745e+01,-7.940853e-02
21.23800,4.378408e+02,3.652496e+02,3.932683e+02,3.651941e+02,4.457254e+01,5.551607e-02
21.23900,4.377867e+02,3.697717e+02,3.932197e+02,3.695817e+02,4.456701e+01,1.899718e-01
21.24000,4.377321e+02,3.739580e+02,3.931713e+02,3.736335e+02,4.456081e+01,3.244955e-01
21.24100,4.376708e+02,3.779288e+02,3.931168e+02,3.774699e+02,4.455402e+01,4.589533e-01
21.24200,4.376092e+02,3.815969e+02,3.930625e+02,3.810039e+02,4.454667e+01,5.928999e-01
21.24300,4.375461e+02,3.850355e+02,3.930073e+02,3.843092e+02,4.453890e+01,7.263780e-01
21.24400,4.374448e+02,3.883449e+02,3.929137e+02,3.874853e+02,4.453113e+01,8.596140e-01
21.24500,4.374319e+02,3.909343e+02,3.929091e+02,3.899423e+02,4.452283e+01,9.919073e-01
21.24600,4.373592e+02,3.935089e+02,3.928450e+02,3.923848e+02,4.451414e+01,1.124027e+00
21.24700,4.373020e+02,3.958384e+02,3.927967e+02,3.945832e+02,4.450535e+01,1.255181e+00
21.24800,4.372346e+02,3.981883e+02,3.927386e+02,3.968033e+02,4.449601e+01,1.384917e+00
21.24900,4.371691e+02,4.000309e+02,3.926830e+02,3.985173e+02,4.448605e+01,1.513528e+00
21.25000,4.371058e+02,4.015897e+02,3.926299e+02,3.999486e+02,4.447595e+01,1.641053e+00
21.25100,4.370293e+02,4.028363e+02,3.925637e+02,4.010688e+02,4.446559e+01,1.767455e+00
21.25200,4.369933e+02,4.041056e+02,3.925381e+02,4.022126e+02,4.445523e+01,1.892989e+00
21.25300,4.369334e+02,4.044614e+02,3.924887e+02,4.024445e+02,4.444462e+01,2.016917e+00
21.25400,4.369032e+02,4.054854e+02,3.924695e+02,4.033482e+02,4.443375e+01,2.137207e+00
21.25500,4.367984e+02,4.049769e+02,3.923737e+02,4.027205e+02,4.442473e+01,2.256356e+00
21.25600,4.367287e+02,4.052050e+02,3.923119e+02,4.028308e+02,4.441673e+01,2.374210e+00
21.25700,4.367625e+02,4.037947e+02,3.923538e+02,4.013023e+02,4.440867e+01,2.492359e+00
21.25800,4.367290e+02,4.031067e+02,3.923283e+02,4.004959e+02,4.440071e+01,2.610737e+00
21.25900,4.367023e+02,4.021162e+02,3.923088e+02,3.993883e+02,4.439353e+01,2.727865e+00
21.26000,4.366791e+02,4.007645e+02,3.922920e+02,3.979213e+02,4.438707e+01,2.843198e+00
21.26100,4.366657e+02,3.990033e+02,3.922845e+02,3.960463e+02,4.438119e+01,2.956980e+00
21.26200,4.366045e+02,3.972307e+02,3.922287e+02,3.941615e+02,4.437588e+01,3.069191e+00
21.26300,4.366033e+02,3.948591e+02,3.922320e+02,3.916797e+02,4.437132e+01,3.179511e+00
21.26400,4.366071e+02,3.921613e+02,3.922391e+02,3.888734e+02,4.436801e+01,3.287889e+00
21.26500,4.366219e+02,3.890469e+02,3.922559e+02,3.856524e+02,4.436602e+01,3.394453e+00
21.26600,4.366153e+02,3.860044e+02,3.922499e+02,3.825056e+02,4.436530e+01,3.498763e+00
21.26700,4.366369e+02,3.824686e+02,3.922714e+02,3.788679e+02,4.436555e+01,3.600609e+00
21.26800,4.366729e+02,3.785519e+02,3.923058e+02,3.748521e+02,4.436717e+01,3.699743e+00
21.26900,4.367146e+02,3.744603e+02,3.923445e+02,3.706636e+02,4.437015e+01,3.796649e+00
21.27000,4.368031e+02,3.693173e+02,3.924289e+02,3.654266e+02,4.437419e+01,3.890632e+00
21.27100,4.368316e+02,3.645902e+02,3.924517e+02,3.606089e+02,4.437991e+01,3.981345e+00
21.27200,4.368999e+02,3.596795e+02,3.925112e+02,3.556094e+02,4.438875e+01,4.070087e+00
21.27300,4.369677e+02,3.541271e+02,3.925679e+02,3.499715e+02,4.439981e+01,4.155623e+00
21.27400,4.370509e+02,3.483123e+02,3.926381e+02,3.440745e+02,4.441279e+01,4.237867e+00
21.27500,4.371433e+02,3.422569e+02,3.927155e+02,3.379400e+02,4.442783e+01,4.316826e+00
21.27600,4.372457e+02,3.358642e+02,3.928007e+02,3.314719e+02,4.444501e+01,4.392289e+00
21.27700,4.373551e+02,3.291123e+02,3.928907e+02,3.246480e+02,4.446436e+01,4.464229e+00
21.27800,4.374777e+02,3.220869e+02,3.929917e+02,3.175543e+02,4.448602e+01,4.532571e+00
21.27900,4.376044e+02,3.148631e+02,3.930943e+02,3.102665e+02,4.451008e+01,4.596621e+00
21.28000,4.377451e+02,3.070769e+02,3.932093e+02,3.024195e+02,4.453583e+01,4.657418e+00
21.28100,4.378866e+02,2.991728e+02,3.933230e+02,2.944575e+02,4.456361e+01,4.715277e+00
21.28200,4.380426e+02,2.908166e+02,3.934491e+02,2.860471e+02,4.459354e+01,4.769481e+00
21.28300,4.382191e+02,2.825892e+02,3.935929e+02,2.777695e+02,4.462620e+01,4.819707e+00
21.28400,4.383698e+02,2.741450e+02,3.937087e+02,2.692785e+02,4.466117e+01,4.866561e+00
21.28500,4.385639e+02,2.649970e+02,3.938653e+02,2.600883e+02,4.469861e+01,4.908676e+00
21.28600,4.387405e+02,2.556920e+02,3.940021e+02,2.507457e+02,4.473840e+01,4.946357e+00
21.28700,4.389343e+02,2.461717e+02,3.941539e+02,2.411919e+02,4.478045e+01,4.979875e+00
21.28800,4.391411e+02,2.359257e+02,3.943166e+02,2.309176e+02,4.482450e+01,5.008155e+00
21.28900,4.393720e+02,2.260940e+02,3.945009e+02,2.210617e+02,4.487119e+01,5.032309e+00
21.29000,4.395872e+02,2.157115e+02,3.946671e+02,2.106597e+02,4.492011e+01,5.051831e+00
21.29100,4.398096e+02,2.051723e+02,3.948386e+02,2.001057e+02,4.497105e+01,5.066553e+00
21.29200,4.400313e+02,1.943791e+02,3.950073e+02,1.893028e+02,4.502395e+01,5.076288e+00
21.29300,4.402725e+02,1.835251e+02,3.951935e+02,1.784439e+02,4.507889e+01,5.081091e+00
21.29400,4.405093e+02,1.722541e+02,3.953736e+02,1.671732e+02,4.513569e+01,5.080875e+00
21.29500,4.407519e+02,1.608972e+02,3.955576e+02,1.558213e+02,4.519426e+01,5.075827e+00
21.29600,4.409984e+02,1.493157e+02,3.957439e+02,1.442501e+02,4.525445e+01,5.065593e+00
21.29700,4.412495e+02,1.375531e+02,3.959333e+02,1.325033e+02,4.531619e+01,5.049869e+00
21.29800,4.414895e+02,1.256722e+02,3.961103e+02,1.206435e+02,4.537914e+01,5.028691e+00
21.29900,4.417603e+02,1.132821e+02,3.963170e+02,1.082799e+02,4.544327e+01,5.002113e+00
21.30000,4.420086e+02,1.014755e+02,3.964991e+02,9.650420e+01,4.550955e+01,4.971251e+00
21.30100,4.422513e+02,8.911993e+01,3.966747e+02,8.418453e+01,4.557665e+01,4.935376e+00
21.30200,4.425331e+02,7.657400e+01,3.968885e+02,7.168000e+01,4.564459e+01,4.893993e+00
21.30300,4.427879e+02,6.397068e+01,3.970741e+02,5.912305e+01,4.571375e+01,4.847625e+00
21.30400,4.430371e+02,5.136010e+01,3.972537e+02,4.656368e+01,4.578333e+01,4.796423e+00
21.30500,4.432946e+02,3.841950e+01,3.974413e+02,3.367963e+01,4.585327e+01,4.739873e+00
21.30600,4.435426e+02,2.559776e+01,3.976189e+02,2.092005e+01,4.592365e+01,4.677701e+00
21.30700,4.437896e+02,1.268337e+01,3.977955e+02,8.073227e+00,4.599414e+01,4.610139e+00
21.30800,4.440305e+02,-2.227345e-01,3.979659e+02,-4.760079e+00,4.606457e+01,4.537345e+00
21.30900,4.442655e+02,-1.325034e+01,3.981307e+02,-1.770946e+01,4.613479e+01,4.459125e+00
21.31000,4.444980e+02,-2.632584e+01,3.982933e+02,-3.070151e+01,4.620468e+01,4.375670e+00
21.31100,4.447251e+02,-3.929013e+01,3.984510e+02,-4.357775e+01,4.627408e+01,4.287626e+00
21.31200,4.449367e+02,-5.213233e+01,3.985940e+02,-5.632717e+01,4.634271e+01,4.194844e+00
21.31300,4.451576e+02,-6.544629e+01,3.987472e+02,-6.954293e+01,4.641043e+01,4.096662e+00
21.31400,4.453713e+02,-7.839127e+01,3.988939e+02,-8.238473e+01,4.647744e+01,3.993476e+00
21.31500,4.455604e+02,-9.132340e+01,3.990172e+02,-9.520900e+01,4.654319e+01,3.885577e+00
21.31600,4.457675e+02,-1.042447e+02,3.991595e+02,-1.080183e+02,4.660798e+01,3.773700e+00
21.31700,4.459463e+02,-1.170224e+02,3.992747e+02,-1.206799e+02,4.667162e+01,3.657453e+00
21.31800,4.461195e+02,-1.297393e+02,3.993858e+02,-1.332761e+02,4.673371e+01,3.536874e+00
21.31900,4.462740e+02,-1.423002e+02,3.994800e+02,-1.457125e+02,4.679395e+01,3.412257e+00
21.32000,4.464413e+02,-1.549355e+02,3.995886e+02,-1.582191e+02,4.685267e+01,3.283566e+00
21.32100,4.465801e+02,-1.673323e+02,3.996706e+02,-1.704831e+02,4.690949e+01,3.150759e+00
21.32200,4.467114e+02,-1.796037e+02,3.997472e+02,-1.826174e+02,4.696419e+01,3.013666e+00
21.32300,4.468275e+02,-1.916873e+02,3.998108e+02,-1.945600e+02,4.701671e+01,2.872687e+00
21.32400,4.469395e+02,-2.036121e+02,3.998726e+02,-2.063406e+02,4.706696e+01,2.728425e+00
21.32500,4.470360e+02,-2.154227e+02,3.999211e+02,-2.180038e+02,4.711492e+01,2.581099e+00
21.32600,4.471223e+02,-2.269165e+02,3.999620e+02,-2.293467e+02,4.716036e+01,2.430251e+00
21.32700,4.472131e+02,-2.383449e+02,4.000099e+02,-2.406211e+02,4.720319e+01,2.276223e+00
21.32800,4.472461e+02,-2.495435e+02,4.000029e+02,-2.516629e+02,4.724321e+01,2.119441e+00
21.32900,4.472691e+02,-2.603968e+02,3.999880e+02,-2.623567e+02,4.728114e+01,1.959879e+00
21.33000,4.473041e+02,-2.710734e+02,3.999877e+02,-2.728706e+02,4.731636e+01,1.797189e+00
21.33100,4.473189e+02,-2.815353e+02,3.999702e+02,-2.831677e+02,4.734865e+01,1.632335e+00
21.33200,4.473329e+02,-2.917665e+02,3.999546e+02,-2.932323e+02,4.737828e+01,1.465790e+00
21.33300,4.473241e+02,-3.016447e+02,3.999191e+02,-3.029419e+02,4.740495e+01,1.297239e+00
21.33400,4.473097e+02,-3.113393e+02,3.998809e+02,-3.124662e+02,4.742877e+01,1.126808e+00
21.33500,4.472734e+02,-3.206693e+02,3.998238e+02,-3.216241e+02,4.744960e+01,9.547333e-01
21.33600,4.472302e+02,-3.297378e+02,3.997628e+02,-3.305189e+02,4.746744e+01,7.811700e-01
21.33700,4.471662e+02,-3.384549e+02,3.996840e+02,-3.390611e+02,4.748222e+01,6.062525e-01
21.33800,4.470945e+02,-3.468627e+02,3.996006e+02,-3.472935e+02,4.749395e+01,4.308314e-01
21.33900,4.470001e+02,-3.552662e+02,3.994975e+02,-3.555214e+02,4.750265e+01,2.552309e-01
21.34000,4.469238e+02,-3.632551e+02,3.994155e+02,-3.633319e+02,4.750828e+01,7.677953e-02
21.34100,4.467979e+02,-3.708057e+02,3.992869e+02,-3.707037e+02,4.751092e+01,-1.020183e-01
21.34200,4.467166e+02,-3.774425e+02,3.992063e+02,-3.771627e+02,4.751031e+01,-2.797411e-01
21.34300,4.466271e+02,-3.838715e+02,3.991207e+02,-3.834147e+02,4.750629e+01,-4.568006e-01
21.34400,4.464467e+02,-3.903163e+02,3.989476e+02,-3.896823e+02,4.749905e+01,-6.339259e-01
21.34500,4.462502e+02,-3.961374e+02,3.987607e+02,-3.953285e+02,4.748949e+01,-8.089927e-01
21.34600,4.460911e+02,-4.019603e+02,3.986141e+02,-4.009770e+02,4.747698e+01,-9.833267e-01
21.34700,4.459175e+02,-4.073405e+02,3.984561e+02,-4.061833e+02,4.746149e+01,-1.157219e+00
21.34800,4.457368e+02,-4.123934e+02,3.982937e+02,-4.110629e+02,4.744315e+01,-1.330474e+00
21.34900,4.455447e+02,-4.169641e+02,3.981227e+02,-4.154613e+02,4.742197e+01,-1.502747e+00
21.35000,4.453433e+02,-4.212309e+02,3.979454e+02,-4.195570e+02,4.739797e+01,-1.673967e+00
21.35100,4.451341e+02,-4.251258e+02,3.977629e+02,-4.232820e+02,4.737125e+01,-1.843808e+00
21.35200,4.449265e+02,-4.287176e+02,3.975847e+02,-4.267059e+02,4.734178e+01,-2.011719e+00
21.35300,4.447201e+02,-4.321951e+02,3.974103e+02,-4.300174e+02,4.730985e+01,-2.177704e+00
21.35400,4.444602e+02,-4.344919e+02,3.971849e+02,-4.321514e+02,4.727536e+01,-2.340527e+00
21.35500,4.442086e+02,-4.367665e+02,3.969705e+02,-4.342657e+02,4.723805e+01,-2.500863e+00
21.35600,4.440129e+02,-4.387486e+02,3.968148e+02,-4.360897e+02,4.719814e+01,-2.658852e+00
21.35700,4.437712e+02,-4.402894e+02,3.966145e+02,-4.374761e+02,4.715671e+01,-2.813275e+00
21.35800,4.435187e+02,-4.415229e+02,3.964060e+02,-4.385576e+02,4.711278e+01,-2.965258e+00
21.35900,4.432593e+02,-4.423192e+02,3.961932e+02,-4.392054e+02,4.706612e+01,-3.113824e+00
21.36000,4.430351e+02,-4.431131e+02,3.960176e+02,-4.398542e+02,4.701751e+01,-3.258907e+00
21.36100,4.427814e+02,-4.430683e+02,3.958147e+02,-4.396685e+02,4.696667e+01,-3.399843e+00
21.36200,4.424724e+02,-4.421635e+02,3.955587e+02,-4.386249e+02,4.691371e+01,-3.538638e+00
21.36300,4.422477e+02,-4.418191e+02,3.953863e+02,-4.381431e+02,4.686130e+01,-3.675995e+00
21.36400,4.420147e+02,-4.404043e+02,3.952069e+02,-4.365935e+02,4.680770e+01,-3.810861e+00
21.36500,4.416773e+02,-4.395221e+02,3.949246e+02,-4.355793e+02,4.675265e+01,-3.942835e+00
21.36600,4.414566e+02,-4.376223e+02,3.947603e+02,-4.335506e+02,4.669631e+01,-4.071687e+00
21.36700,4.412285e+02,-4.358397e+02,3.945902e+02,-4.316437e+02,4.663836e+01,-4.196085e+00
21.36800,4.409379e+02,-4.322591e+02,3.943588e+02,-4.279439e+02,4.657912e+01,-4.315269e+00
21.36900,4.406993e+02,-4.302553e+02,3.941797e+02,-4.258245e+02,4.651957e+01,-4.430817e+00
21.37000,4.404535e+02,-4.268855e+02,3.939940e+02,-4.223429e+02,4.645949e+01,-4.542512e+00
21.37100,4.401994e+02,-4.237191e+02,3.938017e+02,-4.190679e+02,4.639768e+01,-4.651175e+00
21.37200,4.399637e+02,-4.197341e+02,3.936285e+02,-4.149781e+02,4.633519e+01,-4.755978e+00
21.37300,4.397540e+02,-4.158768e+02,3.934824e+02,-4.110198e+02,4.627159e+01,-4.856960e+00
21.37400,4.395024e+02,-4.113825e+02,3.932949e+02,-4.064288e+02,4.620757e+01,-4.953617e+00
21.37500,4.392826e+02,-4.066474e+02,3.931392e+02,-4.016015e+02,4.614341e+01,-5.045903e+00
21.37600,4.390686e+02,-4.016231e+02,3.929896e+02,-3.964891e+02,4.607905e+01,-5.133962e+00
21.37700,4.388610e+02,-3.961898e+02,3.928464e+02,-3.909721e+02,4.601461e+01,-5.217657e+00
21.37800,4.386567e+02,-3.906041e+02,3.927065e+02,-3.853070e+02,4.595018e+01,-5.297070e+00
21.37900,4.384675e+02,-3.846128e+02,3.925815e+02,-3.792406e+02,4.588596e+01,-5.372192e+00
21.38000,4.382783e+02,-3.783619e+02,3.924563e+02,-3.729187e+02,4.582200e+01,-5.443213e+00
21.38100,4.381036e+02,-3.719221e+02,3.923451e+02,-3.664124e+02,4.575852e+01,-5.509669e+00
21.38200,4.379300e+02,-3.651631e+02,3.922345e+02,-3.595917e+02,4.569553e+01,-5.571365e+00
21.38300,4.377804e+02,-3.580554e+02,3.921467e+02,-3.524268e+02,4.563365e+01,-5.628591e+00
21.38400,4.376069e+02,-3.510569e+02,3.920341e+02,-3.453754e+02,4.557280e+01,-5.681555e+00
21.38500,4.374831e+02,-3.433472e+02,3.919712e+02,-3.376171e+02,4.551194e+01,-5.730046e+00
21.38600,4.373417e+02,-3.357536e+02,3.918895e+02,-3.299793e+02,4.545223e+01,-5.774323e+00
21.38700,4.372039e+02,-3.278287e+02,3.918101e+02,-3.220145e+02,4.539377e+01,-5.814293e+00
21.38800,4.370525e+02,-3.197987e+02,3.917165e+02,-3.139491e+02,4.533595e+01,-5.849531e+00
21.38900,4.369319e+02,-3.115432e+02,3.916523e+02,-3.056635e+02,4.527963e+01,-5.879727e+00
21.39000,4.368029e+02,-3.032239e+02,3.915781e+02,-2.973191e+02,4.522487e+01,-5.904806e+00
21.39100,4.367667e+02,-2.936187e+02,3.915954e+02,-2.876922e+02,4.517128e+01,-5.926431e+00
21.39200,4.366960e+02,-2.846305e+02,3.915773e+02,-2.786841e+02,4.511873e+01,-5.946457e+00
21.39300,4.366145e+02,-2.755142e+02,3.915466e+02,-2.695511e+02,4.506790e+01,-5.963058e+00
21.39400,4.365448e+02,-2.662374e+02,3.915260e+02,-2.602619e+02,4.501882e+01,-5.975533e+00
21.39500,4.364875e+02,-2.568117e+02,3.915159e+02,-2.508281e+02,4.497155e+01,-5.983569e+00
21.39600,4.364359e+02,-2.472530e+02,3.915098e+02,-2.412655e+02,4.492608e+01,-5.987527e+00
21.39700,4.363900e+02,-2.374967e+02,3.915077e+02,-2.315091e+02,4.488236e+01,-5.987543e+00
21.39800,4.363604e+02,-2.275384e+02,3.915199e+02,-2.215545e+02,4.484050e+01,-5.983979e+00
21.39900,4.363339e+02,-2.174938e+02,3.915334e+02,-2.115171e+02,4.480051e+01,-5.976752e+00
21.40000,4.363201e+02,-2.073565e+02,3.915577e+02,-2.013908e+02,4.476239e+01,-5.965723e+00
21.40100,4.363101e+02,-1.970832e+02,3.915839e+02,-1.911327e+02,4.472613e+01,-5.950475e+00
21.40200,4.363102e+02,-1.866624e+02,3.916185e+02,-1.807311e+02,4.469165e+01,-5.931227e+00
21.40300,4.363235e+02,-1.762896e+02,3.916647e+02,-1.703813e+02,4.465883e+01,-5.908225e+00
21.40400,4.363212e+02,-1.656912e+02,3.916933e+02,-1.598097e+02,4.462785e+01,-5.881553e+00
21.40500,4.362845e+02,-1.550723e+02,3.916852e+02,-1.492212e+02,4.459935e+01,-5.851121e+00
21.40600,4.362975e+02,-1.445687e+02,3.917231e+02,-1.387510e+02,4.457445e+01,-5.817725e+00
21.40700,4.363511e+02,-1.334074e+02,3.917998e+02,-1.276274e+02,4.455136e+01,-5.779942e+00
21.40800,4.363891e+02,-1.225987e+02,3.918588e+02,-1.168608e+02,4.453032e+01,-5.737943e+00
21.40900,4.364287e+02,-1.117808e+02,3.919175e+02,-1.060885e+02,4.451124e+01,-5.692296e+00
21.41000,4.364736e+02,-1.008535e+02,3.919796e+02,-9.521027e+01,4.449402e+01,-5.643275e+00
21.41100,4.365191e+02,-8.994587e+01,3.920405e+02,-8.435480e+01,4.447859e+01,-5.591049e+00
21.41200,4.365749e+02,-7.900080e+01,3.921099e+02,-7.346527e+01,4.446494e+01,-5.535469e+00
21.41300,4.366273e+02,-6.805180e+01,3.921741e+02,-6.257525e+01,4.445318e+01,-5.476529e+00
21.41400,4.366829e+02,-5.706009e+01,3.922400e+02,-5.164537e+01,4.444289e+01,-5.414725e+00
21.41500,4.367419e+02,-4.608971e+01,3.923079e+02,-4.073947e+01,4.443399e+01,-5.350242e+00
21.41600,4.368075e+02,-3.503179e+01,3.923809e+02,-2.974896e+01,4.442655e+01,-5.282830e+00
21.41700,4.368573e+02,-2.402237e+01,3.924364e+02,-1.880997e+01,4.442092e+01,-5.212403e+00
21.41800,4.369285e+02,-1.306937e+01,3.925120e+02,-7.930147e+00,4.441651e+01,-5.139217e+00
21.41900,4.369999e+02,-1.968258e+00,3.925866e+02,3.094956e+00,4.441335e+01,-5.063214e+00
21.42000,4.370677e+02,8.572120e+00,3.926559e+02,1.355644e+01,4.441171e+01,-4.984318e+00
21.42100,4.371389e+02,1.946257e+01,3.927277e+02,2.436509e+01,4.441125e+01,-4.902517e+00
21.42200,4.372093e+02,3.032233e+01,3.927975e+02,3.514030e+01,4.441179e+01,-4.817969e+00
21.42300,4.372841e+02,4.103355e+01,3.928709e+02,4.576455e+01,4.441325e+01,-4.731003e+00
21.42400,4.373569e+02,5.177855e+01,3.929411e+02,5.642008e+01,4.441586e+01,-4.641532e+00
21.42500,4.374270e+02,6.241538e+01,3.930077e+02,6.696507e+01,4.441937e+01,-4.549704e+00
21.42600,4.374958e+02,7.299287e+01,3.930721e+02,7.744800e+01,4.442367e+01,-4.455145e+00
21.42700,4.375649e+02,8.345367e+01,3.931362e+02,8.781173e+01,4.442866e+01,-4.358047e+00
21.42800,4.376317e+02,9.381813e+01,3.931974e+02,9.807660e+01,4.443429e+01,-4.258494e+00
21.42900,4.376963e+02,1.041558e+02,3.932558e+02,1.083123e+02,4.444051e+01,-4.156447e+00
21.43000,4.377589e+02,1.143568e+02,3.933117e+02,1.184089e+02,4.444718e+01,-4.052173e+00
21.43100,4.378174e+02,1.244781e+02,3.933631e+02,1.284241e+02,4.445429e+01,-3.946055e+00
21.43200,4.378723e+02,1.344274e+02,3.934105e+02,1.382657e+02,4.446175e+01,-3.838333e+00
21.43300,4.379334e+02,1.445198e+02,3.934639e+02,1.482482e+02,4.446947e+01,-3.728398e+00
21.43400,4.379882e+02,1.542799e+02,3.935107e+02,1.578961e+02,4.447747e+01,-3.616197e+00
21.43500,4.380355e+02,1.639301e+02,3.935499e+02,1.674323e+02,4.448562e+01,-3.502176e+00
21.43600,4.380804e+02,1.735065e+02,3.935865e+02,1.768929e+02,4.449382e+01,-3.386426e+00
21.43700,4.381247e+02,1.828925e+02,3.936225e+02,1.861613e+02,4.450208e+01,-3.268776e+00
21.43800,4.381633e+02,1.921652e+02,3.936531e+02,1.953150e+02,4.451031e+01,-3.149859e+00
21.43900,4.381999e+02,2.013237e+02,3.936814e+02,2.043535e+02,4.451849e+01,-3.029759e+00
21.44000,4.382298e+02,2.103359e+02,3.937033e+02,2.132440e+02,4.452641e+01,-2.908116e+00
21.44100,4.382589e+02,2.191867e+02,3.937249e+02,2.219719e+02,4.453404e+01,-2.785157e+00
21.44200,4.382841e+02,2.278481e+02,3.937426e+02,2.305088e+02,4.454145e+01,-2.660704e+00
21.44300,4.383015e+02,2.364057e+02,3.937529e+02,2.389407e+02,4.454867e+01,-2.534921e+00
21.44400,4.383173e+02,2.448230e+02,3.937617e+02,2.472309e+02,4.455549e+01,-2.407940e+00
21.44500,4.383287e+02,2.530323e+02,3.937668e+02,2.553125e+02,4.456181e+01,-2.280169e+00
21.44600,4.383342e+02,2.610863e+02,3.937665e+02,2.632378e+02,4.456767e+01,-2.151503e+00
21.44700,4.383363e+02,2.689235e+02,3.937633e+02,2.709451e+02,4.457301e+01,-2.021668e+00
21.44800,4.383313e+02,2.766064e+02,3.937535e+02,2.784973e+02,4.457771e+01,-1.890931e+00
21.44900,4.383305e+02,2.841311e+02,3.937487e+02,2.858904e+02,4.458183e+01,-1.759245e+00
21.45000,4.383114e+02,2.914391e+02,3.937260e+02,2.930659e+02,4.458543e+01,-1.626877e+00
21.45100,4.382937e+02,2.986071e+02,3.937051e+02,3.001009e+02,4.458853e+01,-1.493803e+00
21.45200,4.382707e+02,3.055593e+02,3.936797e+02,3.069197e+02,4.459103e+01,-1.360452e+00
21.45300,4.382389e+02,3.122498e+02,3.936460e+02,3.134766e+02,4.459295e+01,-1.226804e+00
21.45400,4.382291e+02,3.188705e+02,3.936349e+02,3.199633e+02,4.459421e+01,-1.092770e+00
21.45500,4.382253e+02,3.248377e+02,3.936309e+02,3.257964e+02,4.459443e+01,-9.587380e-01
21.45600,4.381793e+02,3.310433e+02,3.935855e+02,3.318677e+02,4.459379e+01,-8.244260e-01
21.45700,4.381382e+02,3.369943e+02,3.935458e+02,3.376839e+02,4.459239e+01,-6.895340e-01
21.45800,4.380946e+02,3.427005e+02,3.935043e+02,3.432548e+02,4.459030e+01,-5.542953e-01
21.45900,4.380469e+02,3.481522e+02,3.934594e+02,3.485713e+02,4.458749e+01,-4.191841e-01
21.46000,4.379975e+02,3.534353e+02,3.934135e+02,3.537194e+02,4.458403e+01,-2.840421e-01
21.46100,4.379531e+02,3.585539e+02,3.933733e+02,3.587025e+02,4.457985e+01,-1.485511e-01
21.46200,4.378754e+02,3.629661e+02,3.933003e+02,3.629792e+02,4.457510e+01,-1.306932e-02
21.46300,4.378117e+02,3.674256e+02,3.932417e+02,3.673041e+02,4.456991e+01,1.215426e-01
21.46400,4.377601e+02,3.718686e+02,3.931961e+02,3.716126e+02,4.456404e+01,2.559957e-01
21.46500,4.377033e+02,3.759190e+02,3.931458e+02,3.755284e+02,4.455756e+01,3.905681e-01
21.46600,4.376433e+02,3.797626e+02,3.930928e+02,3.792379e+02,4.455049e+01,5.247394e-01
21.46700,4.375812e+02,3.832735e+02,3.930383e+02,3.826151e+02,4.454289e+01,6.584865e-01
21.46800,4.375013e+02,3.867760e+02,3.929664e+02,3.859841e+02,4.453496e+01,7.919140e-01
21.46900,4.374605e+02,3.894850e+02,3.929333e+02,3.885603e+02,4.452715e+01,9.246173e-01
21.47000,4.374065e+02,3.924073e+02,3.928879e+02,3.913505e+02,4.451861e+01,1.056882e+00
21.47100,4.373163e+02,3.946291e+02,3.928065e+02,3.934406e+02,4.450985e+01,1.188565e+00
21.47200,4.372753e+02,3.970175e+02,3.927744e+02,3.956985e+02,4.450090e+01,1.319060e+00
21.47300,4.371996e+02,3.991748e+02,3.927084e+02,3.977266e+02,4.449115e+01,1.448199e+00
21.47400,4.371367e+02,4.008427e+02,3.926557e+02,3.992665e+02,4.448111e+01,1.576303e+00
21.47500,4.370697e+02,4.022405e+02,3.925987e+02,4.005373e+02,4.447091e+01,1.703234e+00
21.47600,4.370161e+02,4.036516e+02,3.925556e+02,4.018224e+02,4.446050e+01,1.829245e+00
21.47700,4.369903e+02,4.047566e+02,3.925403e+02,4.028023e+02,4.445013e+01,1.954229e+00
21.47800,4.369149e+02,4.047516e+02,3.924758e+02,4.026753e+02,4.443913e+01,2.076276e+00
21.47900,4.368580e+02,4.052789e+02,3.924289e+02,4.030833e+02,4.442913e+01,2.195711e+00
21.48000,4.367691e+02,4.050231e+02,3.923484e+02,4.027086e+02,4.442068e+01,2.314489e+00
21.48100,4.367444e+02,4.045377e+02,3.923316e+02,4.021057e+02,4.441285e+01,2.431995e+00
21.48200,4.367473e+02,4.034573e+02,3.923427e+02,4.009067e+02,4.440469e+01,2.550604e+00
21.48300,4.367141e+02,4.026562e+02,3.923170e+02,3.999878e+02,4.439707e+01,2.668427e+00
21.48400,4.366925e+02,4.013286e+02,3.923021e+02,3.985439e+02,4.439040e+01,2.784667e+00
21.48500,4.366744e+02,3.999535e+02,3.922903e+02,3.970543e+02,4.438402e+01,2.899247e+00
21.48600,4.366243e+02,3.981586e+02,3.922457e+02,3.951463e+02,4.437856e+01,3.012293e+00
21.48700,4.366021e+02,3.961396e+02,3.922286e+02,3.930160e+02,4.437350e+01,3.123615e+00
21.48800,4.366068e+02,3.936448e+02,3.922373e+02,3.904119e+02,4.436955e+01,3.232955e+00
21.48900,4.366125e+02,3.907913e+02,3.922457e+02,3.874508e+02,4.436685e+01,3.340497e+00
21.49000,4.366334e+02,3.874483e+02,3.922678e+02,3.840023e+02,4.436560e+01,3.445974e+00
21.49100,4.366251e+02,3.843962e+02,3.922599e+02,3.808471e+02,4.436528e+01,3.549135e+00
21.49200,4.366553e+02,3.805645e+02,3.922891e+02,3.769149e+02,4.436618e+01,3.649577e+00
21.49300,4.366948e+02,3.765477e+02,3.923263e+02,3.728001e+02,4.436847e+01,3.747584e+00
21.49400,4.367376e+02,3.723637e+02,3.923655e+02,3.685203e+02,4.437206e+01,3.843369e+00
21.49500,4.368053e+02,3.668908e+02,3.924286e+02,3.629553e+02,4.437663e+01,3.935427e+00
21.49600,4.368745e+02,3.624106e+02,3.924907e+02,3.583853e+02,4.438389e+01,4.025290e+00
21.49700,4.369311e+02,3.569896e+02,3.925371e+02,3.528771e+02,4.439395e+01,4.112515e+00
21.49800,4.370080e+02,3.513409e+02,3.926021e+02,3.471445e+02,4.440593e+01,4.196403e+00
21.49900,4.370953e+02,3.454389e+02,3.926754e+02,3.411619e+02,4.441991e+01,4.277060e+00
21.50000,4.371927e+02,3.391439e+02,3.927567e+02,3.347896e+02,4.443599e+01,4.354323e+00
21.50100,4.372983e+02,3.325967e+02,3.928441e+02,3.281687e+02,4.445424e+01,4.428043e+00
21.50200,4.374155e+02,3.257511e+02,3.929407e+02,3.212528e+02,4.447469e+01,4.498291e+00
21.50300,4.375423e+02,3.186146e+02,3.930447e+02,3.140501e+02,4.449760e+01,4.564527e+00
21.50400,4.376606e+02,3.113781e+02,3.931382e+02,3.067512e+02,4.452239e+01,4.626941e+00
21.50500,4.378124e+02,3.032902e+02,3.932632e+02,2.986040e+02,4.454923e+01,4.686177e+00
21.50600,4.379629e+02,2.951608e+02,3.933849e+02,2.904184e+02,4.457803e+01,4.742413e+00
21.50700,4.381314e+02,2.864725e+02,3.935223e+02,2.816781e+02,4.460907e+01,4.794497e+00
21.50800,4.382739e+02,2.785598e+02,3.936308e+02,2.737165e+02,4.464310e+01,4.843239e+00
21.50900,4.384653e+02,2.696374e+02,3.937861e+02,2.647495e+02,4.467922e+01,4.887876e+00
21.51000,4.386508e+02,2.604203e+02,3.939329e+02,2.554927e+02,4.471789e+01,4.927687e+00
21.51100,4.388349e+02,2.511170e+02,3.940761e+02,2.461537e+02,4.475877e+01,4.963384e+00
21.51200,4.390458e+02,2.410116e+02,3.942439e+02,2.360172e+02,4.480187e+01,4.994420e+00
21.51300,4.392642e+02,2.313013e+02,3.944171e+02,2.262807e+02,4.484711e+01,5.020565e+00
21.51400,4.394765e+02,2.209831e+02,3.945816e+02,2.159406e+02,4.489494e+01,5.042465e+00
21.51500,4.396943e+02,2.105857e+02,3.947495e+02,2.055261e+02,4.494485e+01,5.059641e+00
21.51600,4.399181e+02,1.999160e+02,3.949213e+02,1.948440e+02,4.499679e+01,5.071995e+00
21.51700,4.401511e+02,1.892055e+02,3.951005e+02,1.841263e+02,4.505067e+01,5.079267e+00
21.51800,4.403874e+02,1.779744e+02,3.952808e+02,1.728928e+02,4.510655e+01,5.081587e+00
21.51900,4.406284e+02,1.666681e+02,3.954642e+02,1.615891e+02,4.516424e+01,5.079017e+00
21.52000,4.408725e+02,1.552140e+02,3.956489e+02,1.501425e+02,4.522361e+01,5.071520e+00
21.52100,4.411209e+02,1.436231e+02,3.958364e+02,1.385645e+02,4.528457e+01,5.058576e+00
21.52200,4.413711e+02,1.316971e+02,3.960241e+02,1.266569e+02,4.534701e+01,5.040141e+00
21.52300,4.416143e+02,1.195658e+02,3.962039e+02,1.145495e+02,4.541034e+01,5.016286e+00
21.52400,4.418801e+02,1.077221e+02,3.964045e+02,1.027346e+02,4.547564e+01,4.987535e+00
21.52500,4.421323e+02,9.548073e+01,3.965898e+02,9.052640e+01,4.554247e+01,4.954332e+00
21.52600,4.423773e+02,8.297253e+01,3.967676e+02,7.805687e+01,4.560976e+01,4.915701e+00
21.52700,4.426594e+02,7.040540e+01,3.969809e+02,6.553361e+01,4.567847e+01,4.871805e+00
21.52800,4.429075e+02,5.778781e+01,3.971596e+02,5.296470e+01,4.574786e+01,4.823117e+00
21.52900,4.431548e+02,4.523259e+01,3.973373e+02,4.046321e+01,4.581756e+01,4.769375e+00
21.53000,4.434174e+02,3.215194e+01,3.975295e+02,2.744187e+01,4.588781e+01,4.710065e+00
21.53100,4.436642e+02,1.925935e+01,3.977059e+02,1.461417e+01,4.595825e+01,4.645183e+00
21.53200,4.439077e+02,6.328859e+00,3.978790e+02,1.753808e+00,4.602873e+01,4.575051e+00
21.53300,4.441471e+02,-6.663261e+00,3.980480e+02,-1.116289e+01,4.609908e+01,4.499633e+00
21.53400,4.443793e+02,-1.964964e+01,3.982102e+02,-2.406841e+01,4.616915e+01,4.418778e+00
21.53500,4.446117e+02,-3.268280e+01,3.983729e+02,-3.701579e+01,4.623883e+01,4.332995e+00
21.53600,4.448325e+02,-4.564323e+01,3.985245e+02,-4.988591e+01,4.630789e+01,4.242680e+00
21.53700,4.450485e+02,-5.878828e+01,3.986725e+02,-6.293560e+01,4.637607e+01,4.147319e+00
21.53800,4.452675e+02,-7.176400e+01,3.988240e+02,-7.581060e+01,4.644343e+01,4.046619e+00
21.53900,4.454677e+02,-8.477680e+01,3.989577e+02,-8.871773e+01,4.650994e+01,3.940996e+00
21.54000,4.456622e+02,-9.753587e+01,3.990871e+02,-1.013671e+02,4.657507e+01,3.831206e+00
21.54100,4.458565e+02,-1.105317e+02,3.992171e+02,-1.142489e+02,4.663940e+01,3.717182e+00
21.54200,4.460326e+02,-1.233039e+02,3.993303e+02,-1.269027e+02,4.670231e+01,3.598810e+00
21.54300,4.461984e+02,-1.359269e+02,3.994349e+02,-1.394031e+02,4.676354e+01,3.476199e+00
21.54400,4.463619e+02,-1.485622e+02,3.995389e+02,-1.519118e+02,4.682297e+01,3.349576e+00
21.54500,4.465115e+02,-1.610169e+02,3.996307e+02,-1.642357e+02,4.688083e+01,3.218899e+00
21.54600,4.466435e+02,-1.733803e+02,3.997069e+02,-1.764643e+02,4.693661e+01,3.083973e+00
21.54700,4.467707e+02,-1.855213e+02,3.997805e+02,-1.884663e+02,4.699027e+01,2.944922e+00
21.54800,4.468806e+02,-1.975625e+02,3.998389e+02,-2.003648e+02,4.704165e+01,2.802261e+00
21.54900,4.469891e+02,-2.094381e+02,3.998983e+02,-2.120947e+02,4.709081e+01,2.656517e+00
21.55000,4.470795e+02,-2.211065e+02,3.999419e+02,-2.236141e+02,4.713755e+01,2.507489e+00
21.55100,4.471629e+02,-2.325560e+02,3.999812e+02,-2.349110e+02,4.718172e+01,2.354992e+00
21.55200,4.471971e+02,-2.438407e+02,3.999740e+02,-2.460403e+02,4.722311e+01,2.199629e+00
21.55300,4.472453e+02,-2.548193e+02,3.999831e+02,-2.568608e+02,4.726215e+01,2.041483e+00
21.55400,4.472881e+02,-2.656285e+02,3.999893e+02,-2.675089e+02,4.729879e+01,1.880388e+00
21.55500,4.473118e+02,-2.761950e+02,3.999793e+02,-2.779115e+02,4.733258e+01,1.716491e+00
21.55600,4.473320e+02,-2.865981e+02,3.999685e+02,-2.881489e+02,4.736355e+01,1.550813e+00
21.55700,4.473276e+02,-2.966035e+02,3.999358e+02,-2.979867e+02,4.739174e+01,1.383287e+00
21.55800,4.473178e+02,-3.064143e+02,3.999008e+02,-3.076280e+02,4.741699e+01,1.213761e+00
21.55900,4.472926e+02,-3.159457e+02,3.998532e+02,-3.169882e+02,4.743939e+01,1.042532e+00
21.56000,4.472539e+02,-3.251706e+02,3.997951e+02,-3.260403e+02,4.745873e+01,8.696880e-01
21.56100,4.472021e+02,-3.340714e+02,3.997270e+02,-3.347669e+02,4.747511e+01,6.954627e-01
21.56200,4.471335e+02,-3.426503e+02,3.996452e+02,-3.431705e+02,4.748836e+01,5.201105e-01
21.56300,4.470513e+02,-3.506391e+02,3.995527e+02,-3.509842e+02,4.749859e+01,3.450120e-01
21.56400,4.469602e+02,-3.595514e+02,3.994543e+02,-3.597190e+02,4.750583e+01,1.676397e-01
21.56500,4.468700e+02,-3.669153e+02,3.993601e+02,-3.669043e+02,4.750992e+01,-1.091747e-02
21.56600,4.467699e+02,-3.739735e+02,3.992588e+02,-3.737841e+02,4.751105e+01,-1.893861e-01
21.56700,4.466524e+02,-3.808584e+02,3.991436e+02,-3.804915e+02,4.750881e+01,-3.669107e-01
21.56800,4.465703e+02,-3.874024e+02,3.990673e+02,-3.868585e+02,4.750303e+01,-5.438794e-01
21.56900,4.463302e+02,-3.930003e+02,3.988355e+02,-3.922803e+02,4.749471e+01,-7.200313e-01
21.57000,4.461744e+02,-3.990820e+02,3.986907e+02,-3.981873e+02,4.748373e+01,-8.946560e-01
21.57100,4.460078e+02,-4.046591e+02,3.985381e+02,-4.035904e+02,4.746974e+01,-1.068760e+00
21.57200,4.458311e+02,-4.098600e+02,3.983783e+02,-4.086176e+02,4.745285e+01,-1.242433e+00
21.57300,4.456439e+02,-4.146863e+02,3.982109e+02,-4.132711e+02,4.743311e+01,-1.415175e+00
21.57400,4.454472e+02,-4.191648e+02,3.980367e+02,-4.175779e+02,4.741053e+01,-1.586979e+00
21.57500,4.452397e+02,-4.232107e+02,3.978545e+02,-4.214532e+02,4.738519e+01,-1.757537e+00
21.57600,4.450323e+02,-4.269414e+02,3.976752e+02,-4.250148e+02,4.735710e+01,-1.926571e+00
21.57700,4.448214e+02,-4.304189e+02,3.974950e+02,-4.283255e+02,4.732641e+01,-2.093391e+00
21.57800,4.445780e+02,-4.330715e+02,3.972847e+02,-4.308135e+02,4.729327e+01,-2.257980e+00
21.57900,4.443397e+02,-4.356322e+02,3.970823e+02,-4.332127e+02,4.725741e+01,-2.419550e+00
21.58000,4.440534e+02,-4.379247e+02,3.968349e+02,-4.353457e+02,4.721853e+01,-2.578996e+00
21.58100,4.438959e+02,-4.395305e+02,3.967179e+02,-4.367955e+02,4.717806e+01,-2.735025e+00
21.58200,4.436466e+02,-4.409217e+02,3.965111e+02,-4.380335e+02,4.713547e+01,-2.888235e+00
21.58300,4.433935e+02,-4.420015e+02,3.963033e+02,-4.389630e+02,4.709018e+01,-3.038580e+00
21.58400,4.431582e+02,-4.428193e+02,3.961157e+02,-4.396337e+02,4.704251e+01,-3.185560e+00
21.58500,4.429352e+02,-4.436770e+02,3.959423e+02,-4.403483e+02,4.699289e+01,-3.328721e+00
21.58600,4.426193e+02,-4.425855e+02,3.956784e+02,-4.391173e+02,4.694083e+01,-3.468097e+00
21.58700,4.423503e+02,-4.419093e+02,3.954625e+02,-4.383029e+02,4.688784e+01,-3.606359e+00
21.58800,4.421205e+02,-4.412300e+02,3.952852e+02,-4.374875e+02,4.683535e+01,-3.742577e+00
21.58900,4.418483e+02,-4.400407e+02,3.950676e+02,-4.361647e+02,4.678077e+01,-3.875997e+00
21.59000,4.415829e+02,-4.390672e+02,3.948577e+02,-4.350605e+02,4.672521e+01,-4.006673e+00
21.59100,4.413303e+02,-4.365167e+02,3.946625e+02,-4.323833e+02,4.666790e+01,-4.133294e+00
21.59200,4.410685e+02,-4.339836e+02,3.944591e+02,-4.297284e+02,4.660946e+01,-4.255213e+00
21.59300,4.408231e+02,-4.316587e+02,3.942732e+02,-4.272863e+02,4.654991e+01,-4.372443e+00
21.59400,4.405841e+02,-4.286437e+02,3.940939e+02,-4.241576e+02,4.649023e+01,-4.486123e+00
21.59500,4.403259e+02,-4.255109e+02,3.938966e+02,-4.209147e+02,4.642930e+01,-4.596275e+00
21.59600,4.400843e+02,-4.217755e+02,3.937173e+02,-4.170723e+02,4.636705e+01,-4.703153e+00
21.59700,4.398530e+02,-4.179515e+02,3.935489e+02,-4.131455e+02,4.630413e+01,-4.806103e+00
21.59800,4.396173e+02,-4.136863e+02,3.933771e+02,-4.087814e+02,4.624017e+01,-4.904974e+00
21.59900,4.393955e+02,-4.090154e+02,3.932194e+02,-4.040159e+02,4.617609e+01,-4.999451e+00
21.60000,4.391758e+02,-4.041993e+02,3.930639e+02,-3.991096e+02,4.611183e+01,-5.089675e+00
21.60100,4.389665e+02,-3.989950e+02,3.929191e+02,-3.938193e+02,4.604742e+01,-5.175626e+00
21.60200,4.387639e+02,-3.935096e+02,3.927809e+02,-3.882524e+02,4.598300e+01,-5.257179e+00
21.60300,4.385657e+02,-3.877532e+02,3.926471e+02,-3.824187e+02,4.591861e+01,-5.334476e+00
21.60400,4.383735e+02,-3.815643e+02,3.925190e+02,-3.761567e+02,4.585452e+01,-5.407600e+00
21.60500,4.381924e+02,-3.753221e+02,3.924016e+02,-3.698457e+02,4.579077e+01,-5.476479e+00
21.60600,4.380159e+02,-3.686174e+02,3.922883e+02,-3.630769e+02,4.572752e+01,-5.540527e+00
21.60700,4.378589e+02,-3.617593e+02,3.921940e+02,-3.561593e+02,4.566499e+01,-5.600003e+00
21.60800,4.377137e+02,-3.543464e+02,3.921097e+02,-3.486912e+02,4.560396e+01,-5.655187e+00
21.60900,4.375353e+02,-3.474350e+02,3.919925e+02,-3.417291e+02,4.554275e+01,-5.705934e+00
21.61000,4.374057e+02,-3.397040e+02,3.919233e+02,-3.339517e+02,4.548245e+01,-5.752293e+00
21.61100,4.372850e+02,-3.317055e+02,3.918616e+02,-3.259109e+02,4.542344e+01,-5.794551e+00
21.61200,4.371160e+02,-3.240407e+02,3.917508e+02,-3.182084e+02,4.536523e+01,-5.832250e+00
21.61300,4.370020e+02,-3.156427e+02,3.916939e+02,-3.097777e+02,4.530813e+01,-5.864943e+00
21.61400,4.368726e+02,-3.075005e+02,3.916201e+02,-3.016077e+02,4.525253e+01,-5.892775e+00
21.61500,4.367735e+02,-2.986921e+02,3.915750e+02,-2.927765e+02,4.519849e+01,-5.915541e+00
21.61600,4.367394e+02,-2.890857e+02,3.915941e+02,-2.831491e+02,4.514527e+01,-5.936577e+00
21.61700,4.366537e+02,-2.801369e+02,3.915601e+02,-2.741817e+02,4.509355e+01,-5.955085e+00
21.61800,4.365792e+02,-2.710276e+02,3.915356e+02,-2.650579e+02,4.504359e+01,-5.969731e+00
21.61900,4.365162e+02,-2.616356e+02,3.915208e+02,-2.556556e+02,4.499538e+01,-5.980010e+00
21.62000,4.364611e+02,-2.521618e+02,3.915121e+02,-2.461758e+02,4.494900e+01,-5.986033e+00
21.62100,4.364138e+02,-2.424091e+02,3.915093e+02,-2.364211e+02,4.490442e+01,-5.987992e+00
21.62200,4.363753e+02,-2.325443e+02,3.915137e+02,-2.265580e+02,4.486157e+01,-5.986228e+00
21.62300,4.363456e+02,-2.226023e+02,3.915250e+02,-2.166215e+02,4.482063e+01,-5.980899e+00
21.62400,4.363248e+02,-2.125366e+02,3.915433e+02,-2.065648e+02,4.478155e+01,-5.971843e+00
21.62500,4.363125e+02,-2.022953e+02,3.915681e+02,-1.963365e+02,4.474436e+01,-5.958756e+00
21.62600,4.363073e+02,-1.919596e+02,3.915984e+02,-1.860181e+02,4.470898e+01,-5.941504e+00
21.62700,4.363139e+02,-1.815817e+02,3.916386e+02,-1.756613e+02,4.467534e+01,-5.920403e+00
21.62800,4.363227e+02,-1.710750e+02,3.916794e+02,-1.651794e+02,4.464337e+01,-5.895568e+00
21.62900,4.363056e+02,-1.603637e+02,3.916922e+02,-1.544967e+02,4.461339e+01,-5.867066e+00
21.63000,4.362760e+02,-1.502800e+02,3.916891e+02,-1.444449e+02,4.458683e+01,-5.835176e+00
21.63100,4.363321e+02,-1.388908e+02,3.917692e+02,-1.330911e+02,4.456287e+01,-5.799721e+00
21.63200,4.363715e+02,-1.280783e+02,3.918307e+02,-1.223185e+02,4.454078e+01,-5.759801e+00
21.63300,4.364085e+02,-1.172829e+02,3.918878e+02,-1.115669e+02,4.452071e+01,-5.715973e+00
21.63400,4.364507e+02,-1.064214e+02,3.919481e+02,-1.007528e+02,4.450255e+01,-5.668627e+00
21.63500,4.364949e+02,-9.549627e+01,3.920087e+02,-8.987820e+01,4.448622e+01,-5.618020e+00
21.63600,4.365425e+02,-8.455007e+01,3.920709e+02,-7.898587e+01,4.447165e+01,-5.564197e+00
21.63700,4.366103e+02,-7.357273e+01,3.921513e+02,-6.806587e+01,4.445900e+01,-5.506833e+00
21.63800,4.366530e+02,-6.268025e+01,3.922051e+02,-5.723369e+01,4.444793e+01,-5.446567e+00
21.63900,4.367115e+02,-5.167186e+01,3.922731e+02,-4.628852e+01,4.443837e+01,-5.383337e+00
21.64000,4.367677e+02,-4.068811e+01,3.923376e+02,-3.537056e+01,4.443011e+01,-5.317544e+00
21.64100,4.368488e+02,-2.967975e+01,3.924251e+02,-2.443112e+01,4.442363e+01,-5.248635e+00
21.64200,4.368888e+02,-1.865347e+01,3.924703e+02,-1.347670e+01,4.441858e+01,-5.176769e+00
21.64300,4.369671e+02,-7.663213e+00,3.925522e+02,-2.560863e+00,4.441483e+01,-5.102348e+00
21.64400,4.370316e+02,3.037064e+00,3.926192e+02,8.061927e+00,4.441237e+01,-5.024865e+00
21.64500,4.371013e+02,1.386077e+01,3.926900e+02,1.880529e+01,4.441135e+01,-4.944511e+00
21.64600,4.371724e+02,2.481045e+01,3.927610e+02,2.967177e+01,4.441139e+01,-4.861323e+00
21.64700,4.372411e+02,3.551493e+01,3.928287e+02,4.029051e+01,4.441235e+01,-4.775577e+00
21.64800,4.373214e+02,4.633589e+01,3.929070e+02,5.102327e+01,4.441441e+01,-4.687379e+00
21.64900,4.373915e+02,5.702837e+01,3.929741e+02,6.162513e+01,4.441747e+01,-4.596751e+00
21.65000,4.374615e+02,6.760393e+01,3.930401e+02,7.210753e+01,4.442139e+01,-4.503587e+00
21.65100,4.375301e+02,7.812513e+01,3.931041e+02,8.253293e+01,4.442603e+01,-4.407781e+00
21.65200,4.375959e+02,8.853627e+01,3.931645e+02,9.284573e+01,4.443134e+01,-4.309473e+00
21.65300,4.376651e+02,9.889693e+01,3.932278e+02,1.031056e+02,4.443729e+01,-4.208697e+00
21.65400,4.377265e+02,1.091773e+02,3.932828e+02,1.132828e+02,4.444373e+01,-4.105513e+00
21.65500,4.377871e+02,1.193382e+02,3.933365e+02,1.233385e+02,4.445062e+01,-4.000287e+00
21.65600,4.378448e+02,1.293900e+02,3.933869e+02,1.332834e+02,4.445791e+01,-3.893401e+00
21.65700,4.378985e+02,1.392929e+02,3.934330e+02,1.430776e+02,4.446551e+01,-3.784711e+00
21.65800,4.379625e+02,1.493321e+02,3.934891e+02,1.530057e+02,4.447337e+01,-3.673557e+00
21.65900,4.380120e+02,1.590126e+02,3.935305e+02,1.625730e+02,4.448147e+01,-3.560428e+00
21.66000,4.380585e+02,1.686491e+02,3.935688e+02,1.720947e+02,4.448965e+01,-3.445570e+00
21.66100,4.381045e+02,1.780979e+02,3.936066e+02,1.814267e+02,4.449788e+01,-3.328867e+00
21.66200,4.381451e+02,1.874403e+02,3.936389e+02,1.906509e+02,4.450613e+01,-3.210533e+00
21.66300,4.381847e+02,1.966877e+02,3.936704e+02,1.997788e+02,4.451435e+01,-3.091066e+00
21.66400,4.382151e+02,2.057621e+02,3.936927e+02,2.087323e+02,4.452241e+01,-2.970224e+00
21.66500,4.382411e+02,2.146747e+02,3.937109e+02,2.175227e+02,4.453017e+01,-2.847908e+00
21.66600,4.382709e+02,2.234299e+02,3.937331e+02,2.261541e+02,4.453770e+01,-2.724237e+00
21.66700,4.382966e+02,2.320645e+02,3.937516e+02,2.346635e+02,4.454505e+01,-2.599085e+00
21.66800,4.383115e+02,2.405477e+02,3.937595e+02,2.430204e+02,4.455208e+01,-2.472695e+00
21.66900,4.383221e+02,2.488669e+02,3.937635e+02,2.512123e+02,4.455864e+01,-2.345283e+00
21.67000,4.383325e+02,2.569895e+02,3.937677e+02,2.592067e+02,4.456475e+01,-2.217125e+00
21.67100,4.383357e+02,2.649608e+02,3.937653e+02,2.670487e+02,4.457036e+01,-2.087892e+00
21.67200,4.383344e+02,2.727433e+02,3.937590e+02,2.747009e+02,4.457541e+01,-1.957591e+00
21.67300,4.383329e+02,2.803253e+02,3.937531e+02,2.821517e+02,4.457979e+01,-1.826386e+00
21.67400,4.383202e+02,2.877125e+02,3.937365e+02,2.894069e+02,4.458367e+01,-1.694351e+00
21.67500,4.383000e+02,2.949749e+02,3.937130e+02,2.965364e+02,4.458701e+01,-1.561579e+00
21.67600,4.382823e+02,3.020363e+02,3.936925e+02,3.034646e+02,4.458983e+01,-1.428330e+00
21.67700,4.382567e+02,3.088845e+02,3.936647e+02,3.101794e+02,4.459205e+01,-1.294872e+00
21.67800,4.382293e+02,3.154225e+02,3.936356e+02,3.165836e+02,4.459369e+01,-1.161103e+00
21.67900,4.382295e+02,3.218532e+02,3.936351e+02,3.228801e+02,4.459446e+01,-1.026877e+00
21.68000,4.382042e+02,3.278706e+02,3.936100e+02,3.287635e+02,4.459422e+01,-8.928627e-01
21.68100,4.381591e+02,3.339861e+02,3.935659e+02,3.347443e+02,4.459320e+01,-7.582220e-01
21.68200,4.381181e+02,3.398083e+02,3.935266e+02,3.404314e+02,4.459145e+01,-6.231283e-01
21.68300,4.380691e+02,3.454167e+02,3.934801e+02,3.459045e+02,4.458899e+01,-4.878886e-01
21.68400,4.380235e+02,3.507787e+02,3.934377e+02,3.511315e+02,4.458588e+01,-3.528211e-01
21.68500,4.379754e+02,3.559391e+02,3.933933e+02,3.561567e+02,4.458208e+01,-2.175872e-01
21.68600,4.379275e+02,3.608906e+02,3.933499e+02,3.609724e+02,4.457754e+01,-8.183407e-02
21.68700,4.378417e+02,3.651621e+02,3.932691e+02,3.651091e+02,4.457263e+01,5.311284e-02
21.68800,4.377875e+02,3.696911e+02,3.932204e+02,3.695035e+02,4.456711e+01,1.875694e-01
21.68900,4.377331e+02,3.738860e+02,3.931722e+02,3.735639e+02,4.456093e+01,3.220891e-01
21.69000,4.376719e+02,3.778600e+02,3.931177e+02,3.774035e+02,4.455415e+01,4.565493e-01
21.69100,4.376103e+02,3.815234e+02,3.930635e+02,3.809329e+02,4.454681e+01,5.904939e-01
21.69200,4.375475e+02,3.849717e+02,3.930085e+02,3.842477e+02,4.453904e+01,7.239840e-01
21.69300,4.374459e+02,3.882931e+02,3.929147e+02,3.874358e+02,4.453128e+01,8.572340e-01
21.69400,4.374328e+02,3.908795e+02,3.929098e+02,3.898899e+02,4.452299e+01,9.895373e-01
21.69500,4.373611e+02,3.934772e+02,3.928468e+02,3.923556e+02,4.451430e+01,1.121655e+00
21.69600,4.373015e+02,3.957976e+02,3.927961e+02,3.945447e+02,4.450549e+01,1.252835e+00
21.69700,4.372355e+02,3.981563e+02,3.927393e+02,3.967737e+02,4.449621e+01,1.382603e+00
21.69800,4.371702e+02,4.000002e+02,3.926839e+02,3.984890e+02,4.448625e+01,1.511233e+00
21.69900,4.371069e+02,4.015660e+02,3.926307e+02,3.999273e+02,4.447613e+01,1.638776e+00
21.70000,4.370302e+02,4.028132e+02,3.925644e+02,4.010480e+02,4.446577e+01,1.765192e+00
21.70100,4.369934e+02,4.040963e+02,3.925380e+02,4.022055e+02,4.445542e+01,1.890739e+00
21.70200,4.369366e+02,4.044839e+02,3.924918e+02,4.024692e+02,4.444484e+01,2.014719e+00
21.70300,4.369035e+02,4.054869e+02,3.924695e+02,4.033518e+02,4.443397e+01,2.135078e+00
21.70400,4.367985e+02,4.049600e+02,3.923737e+02,4.027058e+02,4.442489e+01,2.254199e+00
21.70500,4.367307e+02,4.051903e+02,3.923139e+02,4.028183e+02,4.441687e+01,2.372105e+00
21.70600,4.367619e+02,4.038191e+02,3.923531e+02,4.013289e+02,4.440883e+01,2.490227e+00
21.70700,4.367295e+02,4.031225e+02,3.923287e+02,4.005139e+02,4.440086e+01,2.608616e+00
21.70800,4.367029e+02,4.021492e+02,3.923093e+02,3.994234e+02,4.439366e+01,2.725777e+00
21.70900,4.366793e+02,4.007873e+02,3.922921e+02,3.979461e+02,4.438720e+01,2.841131e+00
21.71000,4.366663e+02,3.990421e+02,3.922851e+02,3.960871e+02,4.438130e+01,2.954949e+00
21.71100,4.366047e+02,3.972694e+02,3.922287e+02,3.942022e+02,4.437597e+01,3.067193e+00
21.71200,4.366033e+02,3.949053e+02,3.922319e+02,3.917277e+02,4.437139e+01,3.177546e+00
21.71300,4.366071e+02,3.922147e+02,3.922390e+02,3.889287e+02,4.436805e+01,3.285950e+00
21.71400,4.366212e+02,3.891093e+02,3.922552e+02,3.857167e+02,4.436604e+01,3.392555e+00
21.71500,4.366151e+02,3.860637e+02,3.922498e+02,3.825668e+02,4.436531e+01,3.496905e+00
21.71600,4.366368e+02,3.825342e+02,3.922713e+02,3.789354e+02,4.436554e+01,3.598793e+00
21.71700,4.366727e+02,3.786349e+02,3.923056e+02,3.749369e+02,4.436713e+01,3.697982e+00
21.71800,4.367142e+02,3.745322e+02,3.923441e+02,3.707373e+02,4.437009e+01,3.794924e+00
21.71900,4.368026e+02,3.694177e+02,3.924285e+02,3.655287e+02,4.437411e+01,3.888978e+00
21.72000,4.368297e+02,3.646637e+02,3.924499e+02,3.606840e+02,4.437978e+01,3.979724e+00
21.72100,4.368983e+02,3.597726e+02,3.925098e+02,3.557041e+02,4.438857e+01,4.068511e+00
21.72200,4.369662e+02,3.542349e+02,3.925666e+02,3.500808e+02,4.439959e+01,4.154101e+00
21.72300,4.370493e+02,3.484194e+02,3.926367e+02,3.441830e+02,4.441253e+01,4.236407e+00
21.72400,4.371415e+02,3.423726e+02,3.927140e+02,3.380571e+02,4.442753e+01,4.315431e+00
21.72500,4.372437e+02,3.359823e+02,3.927991e+02,3.315914e+02,4.444468e+01,4.390959e+00
21.72600,4.373531e+02,3.292358e+02,3.928892e+02,3.247729e+02,4.446399e+01,4.462963e+00
21.72700,4.374755e+02,3.222157e+02,3.929899e+02,3.176843e+02,4.448561e+01,4.531377e+00
21.72800,4.376023e+02,3.149919e+02,3.930927e+02,3.103964e+02,4.450963e+01,4.595495e+00
21.72900,4.377428e+02,3.072097e+02,3.932075e+02,3.025534e+02,4.453534e+01,4.656355e+00
21.73000,4.378836e+02,2.993142e+02,3.933205e+02,2.945999e+02,4.456309e+01,4.714261e+00
21.73100,4.380398e+02,2.909727e+02,3.934469e+02,2.862042e+02,4.459298e+01,4.768545e+00
21.73200,4.382166e+02,2.827347e+02,3.935910e+02,2.779158e+02,4.462559e+01,4.818833e+00
21.73300,4.383661e+02,2.742910e+02,3.937056e+02,2.694253e+02,4.466053e+01,4.865751e+00
21.73400,4.385608e+02,2.651589e+02,3.938629e+02,2.602509e+02,4.469791e+01,4.907959e+00
21.73500,4.387373e+02,2.558652e+02,3.939997e+02,2.509195e+02,4.473766e+01,4.945707e+00
21.73600,4.389296e+02,2.463732e+02,3.941499e+02,2.413939e+02,4.477967e+01,4.979319e+00
21.73700,4.391371e+02,2.361002e+02,3.943134e+02,2.310925e+02,4.482367e+01,5.007683e+00
21.73800,4.393683e+02,2.262869e+02,3.944979e+02,2.212550e+02,4.487032e+01,5.031917e+00
21.73900,4.395832e+02,2.159017e+02,3.946640e+02,2.108502e+02,4.491920e+01,5.051525e+00
21.74000,4.398057e+02,2.053625e+02,3.948355e+02,2.002962e+02,4.497011e+01,5.066328e+00
21.74100,4.400276e+02,1.945855e+02,3.950046e+02,1.895093e+02,4.502297e+01,5.076165e+00
21.74200,4.402682e+02,1.837265e+02,3.951903e+02,1.786455e+02,4.507788e+01,5.081055e+00
21.74300,4.405051e+02,1.724594e+02,3.953705e+02,1.673785e+02,4.513465e+01,5.080922e+00
21.74400,4.407473e+02,1.611037e+02,3.955541e+02,1.560278e+02,4.519319e+01,5.075963e+00
21.74500,4.409939e+02,1.495263e+02,3.957406e+02,1.444604e+02,4.525335e+01,5.065822e+00
21.74600,4.412450e+02,1.377651e+02,3.959299e+02,1.327149e+02,4.531507e+01,5.050201e+00
21.74700,4.414851e+02,1.258913e+02,3.961071e+02,1.208621e+02,4.537799e+01,5.029119e+00
21.74800,4.417548e+02,1.135290e+02,3.963127e+02,1.085264e+02,4.544210e+01,5.002651e+00
21.74900,4.420042e+02,1.016915e+02,3.964959e+02,9.671960e+01,4.550835e+01,4.971863e+00
21.75000,4.422469e+02,8.933413e+01,3.966715e+02,8.439807e+01,4.557544e+01,4.936079e+00
21.75100,4.425279e+02,7.679200e+01,3.968845e+02,7.189720e+01,4.564337e+01,4.894794e+00
21.75200,4.427832e+02,6.419724e+01,3.970707e+02,5.934874e+01,4.571250e+01,4.848501e+00
21.75300,4.430326e+02,5.158699e+01,3.972505e+02,4.678960e+01,4.578207e+01,4.797385e+00
21.75400,4.432900e+02,3.865251e+01,3.974380e+02,3.391157e+01,4.585201e+01,4.740940e+00
21.75500,4.435381e+02,2.582753e+01,3.976157e+02,2.114865e+01,4.592238e+01,4.678872e+00
21.75600,4.437852e+02,1.291637e+01,3.977923e+02,8.304967e+00,4.599287e+01,4.611403e+00
21.75700,4.440261e+02,8.359827e-03,3.979629e+02,-4.530343e+00,4.606329e+01,4.538703e+00
21.75800,4.442613e+02,-1.301675e+01,3.981278e+02,-1.747733e+01,4.613352e+01,4.460581e+00
21.75900,4.444938e+02,-2.609149e+01,3.982903e+02,-3.046871e+01,4.620341e+01,4.377217e+00
21.76000,4.447211e+02,-3.905687e+01,3.984483e+02,-4.334612e+01,4.627283e+01,4.289255e+00
21.76100,4.449334e+02,-5.190906e+01,3.985919e+02,-5.610562e+01,4.634147e+01,4.196558e+00
21.76200,4.451538e+02,-6.521329e+01,3.987446e+02,-6.931180e+01,4.640920e+01,4.098475e+00
21.76300,4.453677e+02,-7.815633e+01,3.988915e+02,-8.215173e+01,4.647623e+01,3.995381e+00
21.76400,4.455571e+02,-9.109673e+01,3.990151e+02,-9.498427e+01,4.654201e+01,3.887555e+00
21.76500,4.457644e+02,-1.040143e+02,3.991576e+02,-1.077901e+02,4.660680e+01,3.775763e+00
21.76600,4.459435e+02,-1.167926e+02,3.992730e+02,-1.204522e+02,4.667047e+01,3.659593e+00
21.76700,4.461167e+02,-1.295129e+02,3.993841e+02,-1.330520e+02,4.673260e+01,3.539090e+00
21.76800,4.462709e+02,-1.420766e+02,3.994781e+02,-1.454911e+02,4.679287e+01,3.414546e+00
21.76900,4.464385e+02,-1.547087e+02,3.995869e+02,-1.579947e+02,4.685161e+01,3.285924e+00
21.77000,4.465779e+02,-1.671109e+02,3.996694e+02,-1.702641e+02,4.690849e+01,3.153196e+00
21.77100,4.467093e+02,-1.793827e+02,3.997461e+02,-1.823989e+02,4.696323e+01,3.016181e+00
21.77200,4.468255e+02,-1.914704e+02,3.998097e+02,-1.943457e+02,4.701579e+01,2.875270e+00
21.77300,4.469377e+02,-2.033906e+02,3.998716e+02,-2.061216e+02,4.706607e+01,2.731057e+00
21.77400,4.470345e+02,-2.152104e+02,3.999205e+02,-2.177941e+02,4.711408e+01,2.583795e+00
21.77500,4.471210e+02,-2.267109e+02,3.999614e+02,-2.291439e+02,4.715957e+01,2.433011e+00
21.77600,4.472104e+02,-2.381409e+02,4.000079e+02,-2.404200e+02,4.720244e+01,2.279039e+00
21.77700,4.472447e+02,-2.493469e+02,4.000023e+02,-2.514692e+02,4.724251e+01,2.122304e+00
21.77800,4.472684e+02,-2.602030e+02,3.999879e+02,-2.621658e+02,4.728049e+01,1.962795e+00
21.77900,4.473035e+02,-2.708844e+02,3.999878e+02,-2.726845e+02,4.731576e+01,1.800154e+00
21.78000,4.473180e+02,-2.813391e+02,3.999699e+02,-2.829744e+02,4.734809e+01,1.635332e+00
21.78100,4.473331e+02,-2.915859e+02,3.999553e+02,-2.930547e+02,4.737778e+01,1.468819e+00
21.78200,4.473245e+02,-3.014629e+02,3.999201e+02,-3.027631e+02,4.740450e+01,1.300305e+00
21.78300,4.473102e+02,-3.111689e+02,3.998819e+02,-3.122989e+02,4.742837e+01,1.129903e+00
21.78400,4.472741e+02,-3.205021e+02,3.998249e+02,-3.214599e+02,4.744926e+01,9.578540e-01
21.78500,4.472312e+02,-3.295779e+02,3.997640e+02,-3.303623e+02,4.746715e+01,7.843133e-01
21.78600,4.471677e+02,-3.382949e+02,3.996857e+02,-3.389043e+02,4.748199e+01,6.094181e-01
21.78700,4.470960e+02,-3.467174e+02,3.996022e+02,-3.471514e+02,4.749377e+01,4.339943e-01
21.78800,4.470022e+02,-3.550821e+02,3.994997e+02,-3.553405e+02,4.750253e+01,2.584219e-01
21.78900,4.469251e+02,-3.631234e+02,3.994169e+02,-3.632034e+02,4.750821e+01,7.999760e-02
21.79000,4.468006e+02,-3.706666e+02,3.992897e+02,-3.705678e+02,4.751090e+01,-9.878460e-02
21.79100,4.467188e+02,-3.773175e+02,3.992084e+02,-3.770410e+02,4.751035e+01,-2.765371e-01
21.79200,4.466282e+02,-3.837632e+02,3.991218e+02,-3.833096e+02,4.750640e+01,-4.536019e-01
21.79300,4.464524e+02,-3.902342e+02,3.989532e+02,-3.896035e+02,4.749921e+01,-6.307291e-01
21.79400,4.462533e+02,-3.960341e+02,3.987636e+02,-3.952283e+02,4.748969e+01,-8.058333e-01
21.79500,4.460939e+02,-4.018609e+02,3.986167e+02,-4.008807e+02,4.747723e+01,-9.801847e-01
21.79600,4.459208e+02,-4.072492e+02,3.984590e+02,-4.060951e+02,4.746179e+01,-1.154087e+00
21.79700,4.457402e+02,-4.123055e+02,3.982967e+02,-4.109782e+02,4.744351e+01,-1.327359e+00
21.79800,4.455481e+02,-4.168871e+02,3.981258e+02,-4.153875e+02,4.742237e+01,-1.499649e+00
21.79900,4.453471e+02,-4.211573e+02,3.979487e+02,-4.194864e+02,4.739843e+01,-1.670891e+00
21.80000,4.451367e+02,-4.250537e+02,3.977649e+02,-4.232129e+02,4.737177e+01,-1.840759e+00
21.80100,4.449303e+02,-4.286614e+02,3.975880e+02,-4.266527e+02,4.734235e+01,-2.008706e+00
21.80200,4.447249e+02,-4.321526e+02,3.974145e+02,-4.299779e+02,4.731047e+01,-2.174732e+00
21.80300,4.444652e+02,-4.344498e+02,3.971891e+02,-4.321122e+02,4.727603e+01,-2.337601e+00
21.80400,4.442137e+02,-4.367297e+02,3.969750e+02,-4.342317e+02,4.723877e+01,-2.497979e+00
21.80500,4.440177e+02,-4.387452e+02,3.968188e+02,-4.360892e+02,4.719890e+01,-2.656029e+00
21.80600,4.437751e+02,-4.402559e+02,3.966175e+02,-4.374453e+02,4.715751e+01,-2.810501e+00
21.80700,4.435233e+02,-4.415023e+02,3.964097e+02,-4.385398e+02,4.711360e+01,-2.962535e+00
21.80800,4.432635e+02,-4.423073e+02,3.961965e+02,-4.391961e+02,4.706698e+01,-3.111173e+00
21.80900,4.430394e+02,-4.430985e+02,3.960210e+02,-4.398422e+02,4.701841e+01,-3.256323e+00
21.81000,4.427877e+02,-4.431071e+02,3.958201e+02,-4.397097e+02,4.696761e+01,-3.397297e+00
21.81100,4.424791e+02,-4.421865e+02,3.955644e+02,-4.386504e+02,4.691467e+01,-3.536123e+00
21.81200,4.422504e+02,-4.418161e+02,3.953881e+02,-4.381425e+02,4.686225e+01,-3.673519e+00
21.81300,4.420173e+02,-4.404405e+02,3.952087e+02,-4.366321e+02,4.680871e+01,-3.808448e+00
21.81400,4.416808e+02,-4.395569e+02,3.949272e+02,-4.356165e+02,4.675361e+01,-3.940466e+00
21.81500,4.414613e+02,-4.376877e+02,3.947639e+02,-4.336183e+02,4.669731e+01,-4.069397e+00
21.81600,4.412335e+02,-4.358972e+02,3.945941e+02,-4.317033e+02,4.663939e+01,-4.193894e+00
21.81700,4.409413e+02,-4.322835e+02,3.943611e+02,-4.279703e+02,4.658017e+01,-4.313160e+00
21.81800,4.407035e+02,-4.303011e+02,3.941829e+02,-4.258723e+02,4.652063e+01,-4.428763e+00
21.81900,4.404582e+02,-4.269475e+02,3.939976e+02,-4.224069e+02,4.646057e+01,-4.540525e+00
21.82000,4.402036e+02,-4.237878e+02,3.938048e+02,-4.191385e+02,4.639878e+01,-4.649247e+00
21.82100,4.399683e+02,-4.198129e+02,3.936319e+02,-4.150588e+02,4.633631e+01,-4.754128e+00
21.82200,4.397582e+02,-4.159416e+02,3.934855e+02,-4.110864e+02,4.627273e+01,-4.855178e+00
21.82300,4.395066e+02,-4.114571e+02,3.932979e+02,-4.065051e+02,4.620871e+01,-4.951921e+00
21.82400,4.392865e+02,-4.067289e+02,3.931420e+02,-4.016847e+02,4.614457e+01,-5.044284e+00
21.82500,4.390725e+02,-4.017217e+02,3.929923e+02,-3.965892e+02,4.608021e+01,-5.132420e+00
21.82600,4.388648e+02,-3.962865e+02,3.928490e+02,-3.910703e+02,4.601577e+01,-5.216199e+00
21.82700,4.386607e+02,-3.907007e+02,3.927093e+02,-3.854050e+02,4.595133e+01,-5.295670e+00
21.82800,4.384714e+02,-3.847387e+02,3.925843e+02,-3.793678e+02,4.588712e+01,-5.370894e+00
21.82900,4.382815e+02,-3.784723e+02,3.924584e+02,-3.730303e+02,4.582316e+01,-5.441988e+00
21.83000,4.381071e+02,-3.720536e+02,3.923475e+02,-3.665451e+02,4.575967e+01,-5.508533e+00
21.83100,4.379328e+02,-3.652851e+02,3.922361e+02,-3.597147e+02,4.569667e+01,-5.570306e+00
21.83200,4.377831e+02,-3.581874e+02,3.921483e+02,-3.525598e+02,4.563476e+01,-5.627604e+00
21.83300,4.376097e+02,-3.511882e+02,3.920358e+02,-3.455075e+02,4.557391e+01,-5.680648e+00
21.83400,4.374854e+02,-3.434851e+02,3.919724e+02,-3.377558e+02,4.551303e+01,-5.729217e+00
21.83500,4.373443e+02,-3.358950e+02,3.918910e+02,-3.301214e+02,4.545329e+01,-5.773569e+00
21.83600,4.372074e+02,-3.279673e+02,3.918126e+02,-3.221537e+02,4.539481e+01,-5.813621e+00
21.83700,4.370549e+02,-3.199489e+02,3.917179e+02,-3.141000e+02,4.533697e+01,-5.848943e+00
21.83800,4.369341e+02,-3.116971e+02,3.916535e+02,-3.058179e+02,4.528064e+01,-5.879223e+00
21.83900,4.368057e+02,-3.033660e+02,3.915799e+02,-2.974616e+02,4.522585e+01,-5.904413e+00
21.84000,4.367659e+02,-2.938099e+02,3.915936e+02,-2.878839e+02,4.517225e+01,-5.926034e+00
21.84100,4.366978e+02,-2.848050e+02,3.915781e+02,-2.788589e+02,4.511967e+01,-5.946117e+00
21.84200,4.366159e+02,-2.756769e+02,3.915471e+02,-2.697141e+02,4.506881e+01,-5.962791e+00
21.84300,4.365463e+02,-2.664047e+02,3.915265e+02,-2.604294e+02,4.501969e+01,-5.975346e+00
21.84400,4.364884e+02,-2.569855e+02,3.915160e+02,-2.510020e+02,4.497239e+01,-5.983462e+00
21.84500,4.364368e+02,-2.474298e+02,3.915099e+02,-2.414423e+02,4.492689e+01,-5.987491e+00
21.84600,4.363907e+02,-2.376807e+02,3.915076e+02,-2.316931e+02,4.488313e+01,-5.987579e+00
21.84700,4.363609e+02,-2.277153e+02,3.915197e+02,-2.217312e+02,4.484124e+01,-5.984081e+00
21.84800,4.363343e+02,-2.176809e+02,3.915331e+02,-2.117040e+02,4.480121e+01,-5.976922e+00
21.84900,4.363207e+02,-2.075318e+02,3.915576e+02,-2.015659e+02,4.476307e+01,-5.965959e+00
21.85000,4.363101e+02,-1.972643e+02,3.915833e+02,-1.913135e+02,4.472677e+01,-5.950782e+00
21.85100,4.363101e+02,-1.868483e+02,3.916178e+02,-1.809167e+02,4.469225e+01,-5.931605e+00
21.85200,4.363230e+02,-1.764789e+02,3.916636e+02,-1.705702e+02,4.465941e+01,-5.908673e+00
21.85300,4.363211e+02,-1.658836e+02,3.916927e+02,-1.600015e+02,4.462839e+01,-5.882064e+00
21.85400,4.362845e+02,-1.552467e+02,3.916847e+02,-1.493951e+02,4.459983e+01,-5.851701e+00
21.85500,4.362957e+02,-1.447803e+02,3.917209e+02,-1.389620e+02,4.457488e+01,-5.818359e+00
21.85600,4.363503e+02,-1.336097e+02,3.917986e+02,-1.278290e+02,4.455176e+01,-5.780654e+00
21.85700,4.363884e+02,-1.227905e+02,3.918577e+02,-1.170517e+02,4.453067e+01,-5.738727e+00
21.85800,4.364280e+02,-1.119793e+02,3.919164e+02,-1.062861e+02,4.451156e+01,-5.693148e+00
21.85900,4.364729e+02,-1.010495e+02,3.919786e+02,-9.540527e+01,4.449431e+01,-5.644186e+00
21.86000,4.365181e+02,-9.014073e+01,3.920393e+02,-8.454867e+01,4.447885e+01,-5.592020e+00
21.86100,4.365735e+02,-7.919627e+01,3.921083e+02,-7.365973e+01,4.446517e+01,-5.536501e+00
21.86200,4.366263e+02,-6.824973e+01,3.921729e+02,-6.277215e+01,4.445338e+01,-5.477610e+00
21.86300,4.366819e+02,-5.725870e+01,3.922388e+02,-5.184283e+01,4.444306e+01,-5.415867e+00
21.86400,4.367406e+02,-4.628646e+01,3.923065e+02,-4.093503e+01,4.443414e+01,-5.351426e+00
21.86500,4.368059e+02,-3.523040e+01,3.923793e+02,-2.994633e+01,4.442667e+01,-5.284073e+00
21.86600,4.368561e+02,-2.422092e+01,3.924351e+02,-1.900722e+01,4.442101e+01,-5.213699e+00
21.86700,4.369272e+02,-1.327128e+01,3.925107e+02,-8.130727e+00,4.441657e+01,-5.140553e+00
21.86800,4.369990e+02,-2.157560e+00,3.925856e+02,2.907044e+00,4.441339e+01,-5.064604e+00
21.86900,4.370664e+02,8.377700e+00,3.926547e+02,1.336347e+01,4.441173e+01,-4.985763e+00
21.87000,4.371376e+02,1.926533e+01,3.927263e+02,2.416934e+01,4.441125e+01,-4.904014e+00
21.87100,4.372083e+02,3.013205e+01,3.927965e+02,3.495156e+01,4.441177e+01,-4.819511e+00
21.87200,4.372824e+02,4.082827e+01,3.928692e+02,4.556086e+01,4.441321e+01,-4.732587e+00
21.87300,4.373557e+02,5.158305e+01,3.929399e+02,5.622621e+01,4.441580e+01,-4.643165e+00
21.87400,4.374257e+02,6.222840e+01,3.930065e+02,6.677980e+01,4.441929e+01,-4.551383e+00
21.87500,4.374947e+02,7.280293e+01,3.930711e+02,7.725980e+01,4.442358e+01,-4.456875e+00
21.87600,4.375637e+02,8.326880e+01,3.931351e+02,8.762867e+01,4.442857e+01,-4.359818e+00
21.87700,4.376305e+02,9.363113e+01,3.931963e+02,9.789147e+01,4.443418e+01,-4.260312e+00
21.87800,4.376953e+02,1.039721e+02,3.932549e+02,1.081305e+02,4.444039e+01,-4.158309e+00
21.87900,4.377578e+02,1.141737e+02,3.933107e+02,1.182278e+02,4.444705e+01,-4.054073e+00
21.88000,4.378164e+02,1.242984e+02,3.933622e+02,1.282464e+02,4.445416e+01,-3.947983e+00
21.88100,4.378713e+02,1.342527e+02,3.934097e+02,1.380930e+02,4.446161e+01,-3.840290e+00
21.88200,4.379324e+02,1.443409e+02,3.934631e+02,1.480713e+02,4.446933e+01,-3.730400e+00
21.88300,4.379873e+02,1.541076e+02,3.935100e+02,1.577258e+02,4.447733e+01,-3.618238e+00
21.88400,4.380347e+02,1.637545e+02,3.935492e+02,1.672588e+02,4.448547e+01,-3.504247e+00
21.88500,4.380789e+02,1.733424e+02,3.935852e+02,1.767309e+02,4.449367e+01,-3.388523e+00
21.88600,4.381241e+02,1.827251e+02,3.936221e+02,1.859959e+02,4.450192e+01,-3.270904e+00
21.88700,4.381626e+02,1.919966e+02,3.936525e+02,1.951486e+02,4.451015e+01,-3.151998e+00
21.88800,4.381993e+02,2.011607e+02,3.936810e+02,2.041927e+02,4.451834e+01,-3.031929e+00
21.88900,4.382291e+02,2.101725e+02,3.937029e+02,2.130827e+02,4.452627e+01,-2.910312e+00
21.89000,4.382586e+02,2.190320e+02,3.937247e+02,2.218193e+02,4.453391e+01,-2.787376e+00
21.89100,4.382835e+02,2.276925e+02,3.937422e+02,2.303555e+02,4.454131e+01,-2.662951e+00
21.89200,4.383013e+02,2.362541e+02,3.937527e+02,2.387913e+02,4.454855e+01,-2.537189e+00
21.89300,4.383171e+02,2.446743e+02,3.937617e+02,2.470846e+02,4.455537e+01,-2.410220e+00
21.89400,4.383285e+02,2.528847e+02,3.937668e+02,2.551671e+02,4.456170e+01,-2.282465e+00
21.89500,4.383341e+02,2.609435e+02,3.937665e+02,2.630973e+02,4.456757e+01,-2.153823e+00
21.89600,4.383363e+02,2.687836e+02,3.937633e+02,2.708077e+02,4.457291e+01,-2.024006e+00
21.89700,4.383313e+02,2.764725e+02,3.937536e+02,2.783657e+02,4.457763e+01,-1.893283e+00
21.89800,4.383307e+02,2.839995e+02,3.937489e+02,2.857611e+02,4.458176e+01,-1.761610e+00
21.89900,4.383117e+02,2.913094e+02,3.937264e+02,2.929387e+02,4.458537e+01,-1.629259e+00
21.90000,4.382939e+02,2.984793e+02,3.937053e+02,2.999755e+02,4.458848e+01,-1.496193e+00
21.90100,4.382714e+02,3.054354e+02,3.936804e+02,3.067983e+02,4.459100e+01,-1.362849e+00
21.90200,4.382396e+02,3.121326e+02,3.936467e+02,3.133619e+02,4.459293e+01,-1.229205e+00
21.90300,4.382293e+02,3.187525e+02,3.936351e+02,3.198477e+02,4.459421e+01,-1.095180e+00
21.90400,4.382268e+02,3.247279e+02,3.936324e+02,3.256891e+02,4.459444e+01,-9.611333e-01
21.90500,4.381803e+02,3.309357e+02,3.935865e+02,3.317625e+02,4.459381e+01,-8.268413e-01
21.90600,4.381391e+02,3.368883e+02,3.935467e+02,3.375803e+02,4.459243e+01,-6.919567e-01
21.90700,4.380954e+02,3.425983e+02,3.935051e+02,3.431551e+02,4.459035e+01,-5.567227e-01
21.90800,4.380477e+02,3.480537e+02,3.934601e+02,3.484753e+02,4.458755e+01,-4.215984e-01
21.90900,4.379983e+02,3.533435e+02,3.934142e+02,3.536300e+02,4.458409e+01,-2.864601e-01
21.91000,4.379539e+02,3.584608e+02,3.933739e+02,3.586118e+02,4.457993e+01,-1.509828e-01
21.91100,4.378772e+02,3.628969e+02,3.933020e+02,3.629124e+02,4.457519e+01,-1.547449e-02
21.91200,4.378126e+02,3.673433e+02,3.932426e+02,3.672242e+02,4.457001e+01,1.191432e-01
21.91300,4.377609e+02,3.717924e+02,3.931968e+02,3.715388e+02,4.456415e+01,2.535923e-01
21.91400,4.377043e+02,3.758465e+02,3.931466e+02,3.754583e+02,4.455768e+01,3.881609e-01
21.91500,4.376444e+02,3.796958e+02,3.930938e+02,3.791735e+02,4.455063e+01,5.223437e-01
21.91600,4.375823e+02,3.832210e+02,3.930393e+02,3.825649e+02,4.454303e+01,6.560931e-01
21.91700,4.375027e+02,3.867229e+02,3.929676e+02,3.859334e+02,4.453511e+01,7.895307e-01
21.91800,4.374613e+02,3.894380e+02,3.929339e+02,3.885157e+02,4.452730e+01,9.222493e-01
21.91900,4.374071e+02,3.923483e+02,3.928883e+02,3.912937e+02,4.451877e+01,1.054501e+00
21.92000,4.373183e+02,3.945916e+02,3.928083e+02,3.934054e+02,4.451000e+01,1.186214e+00
21.92100,4.372781e+02,3.969549e+02,3.927770e+02,3.956381e+02,4.450109e+01,1.316741e+00
21.92200,4.371997e+02,3.991561e+02,3.927084e+02,3.977102e+02,4.449135e+01,1.445902e+00
21.92300,4.371377e+02,4.008142e+02,3.926564e+02,3.992401e+02,4.448129e+01,1.574023e+00
21.92400,4.370701e+02,4.022069e+02,3.925991e+02,4.005059e+02,4.447109e+01,1.700965e+00
21.92500,4.370177e+02,4.036215e+02,3.925570e+02,4.017945e+02,4.446069e+01,1.826984e+00
21.92600,4.369913e+02,4.047433e+02,3.925410e+02,4.027913e+02,4.445031e+01,1.951995e+00
21.92700,4.369152e+02,4.047252e+02,3.924758e+02,4.026511e+02,4.443937e+01,2.074121e+00
21.92800,4.368621e+02,4.053149e+02,3.924327e+02,4.031213e+02,4.442931e+01,2.193552e+00
21.92900,4.367697e+02,4.050141e+02,3.923489e+02,4.027018e+02,4.442083e+01,2.312350e+00
21.93000,4.367431e+02,4.045693e+02,3.923301e+02,4.021394e+02,4.441300e+01,2.429881e+00
21.93100,4.367479e+02,4.034699e+02,3.923430e+02,4.009214e+02,4.440485e+01,2.548477e+00
21.93200,4.367144e+02,4.026701e+02,3.923172e+02,4.000038e+02,4.439721e+01,2.666320e+00
21.93300,4.366932e+02,4.013514e+02,3.923027e+02,3.985688e+02,4.439053e+01,2.782599e+00
21.93400,4.366744e+02,3.999802e+02,3.922902e+02,3.970830e+02,4.438414e+01,2.897202e+00
21.93500,4.366244e+02,3.982061e+02,3.922458e+02,3.951958e+02,4.437865e+01,3.010287e+00
21.93600,4.366023e+02,3.961742e+02,3.922287e+02,3.930525e+02,4.437356e+01,3.121639e+00
21.93700,4.366065e+02,3.936753e+02,3.922369e+02,3.904443e+02,4.436958e+01,3.231004e+00
21.93800,4.366125e+02,3.908491e+02,3.922457e+02,3.875105e+02,4.436687e+01,3.338582e+00
21.93900,4.366339e+02,3.874967e+02,3.922683e+02,3.840526e+02,4.436560e+01,3.444096e+00
21.94000,4.366249e+02,3.844593e+02,3.922596e+02,3.809119e+02,4.436526e+01,3.547303e+00
21.94100,4.366545e+02,3.806345e+02,3.922884e+02,3.769868e+02,4.436614e+01,3.647791e+00
21.94200,4.366937e+02,3.766190e+02,3.923253e+02,3.728731e+02,4.436841e+01,3.745846e+00
21.94300,4.367354e+02,3.724560e+02,3.923635e+02,3.686143e+02,4.437199e+01,3.841683e+00
21.94400,4.368060e+02,3.669663e+02,3.924295e+02,3.630326e+02,4.437653e+01,3.933793e+00
21.94500,4.368731e+02,3.624993e+02,3.924893e+02,3.584757e+02,4.438373e+01,4.023687e+00
21.94600,4.369305e+02,3.570799e+02,3.925367e+02,3.529690e+02,4.439375e+01,4.110963e+00
21.94700,4.370065e+02,3.514445e+02,3.926007e+02,3.472497e+02,4.440570e+01,4.194915e+00
21.94800,4.370937e+02,3.455495e+02,3.926740e+02,3.412738e+02,4.441963e+01,4.275634e+00
21.94900,4.371907e+02,3.392589e+02,3.927551e+02,3.349059e+02,4.443568e+01,4.352961e+00
21.95000,4.372963e+02,3.327200e+02,3.928425e+02,3.282932e+02,4.445389e+01,4.426748e+00
21.95100,4.374131e+02,3.258761e+02,3.929387e+02,3.213791e+02,4.447430e+01,4.497057e+00
21.95200,4.375398e+02,3.187453e+02,3.930427e+02,3.141819e+02,4.449716e+01,4.563381e+00
21.95300,4.376579e+02,3.115292e+02,3.931359e+02,3.069033e+02,4.452193e+01,4.625846e+00
21.95400,4.378100e+02,3.034327e+02,3.932613e+02,2.987476e+02,4.454874e+01,4.685124e+00
21.95500,4.379602e+02,2.953087e+02,3.933827e+02,2.905672e+02,4.457749e+01,4.741435e+00
21.95600,4.381285e+02,2.866217e+02,3.935199e+02,2.818281e+02,4.460849e+01,4.793593e+00
21.95700,4.382709e+02,2.787161e+02,3.936285e+02,2.738737e+02,4.464247e+01,4.842393e+00
21.95800,4.384613e+02,2.698041e+02,3.937827e+02,2.649169e+02,4.467855e+01,4.887125e+00
21.95900,4.386478e+02,2.605861e+02,3.939307e+02,2.556591e+02,4.471716e+01,4.927004e+00
21.96000,4.388315e+02,2.512849e+02,3.940735e+02,2.463221e+02,4.475801e+01,4.962772e+00
21.96100,4.390422e+02,2.411875e+02,3.942411e+02,2.361935e+02,4.480106e+01,4.993910e+00
21.96200,4.392603e+02,2.314751e+02,3.944140e+02,2.264550e+02,4.484625e+01,5.020129e+00
21.96300,4.394727e+02,2.211690e+02,3.945786e+02,2.161269e+02,4.489405e+01,5.042119e+00
21.96400,4.396901e+02,2.107789e+02,3.947462e+02,2.057195e+02,4.494393e+01,5.059369e+00
21.96500,4.399140e+02,2.001095e+02,3.949182e+02,1.950377e+02,4.499583e+01,5.071813e+00
21.96600,4.401466e+02,1.893999e+02,3.950969e+02,1.843207e+02,4.504967e+01,5.079183e+00
21.96700,4.403828e+02,1.781775e+02,3.952773e+02,1.730959e+02,4.510553e+01,5.081589e+00
21.96800,4.406242e+02,1.668673e+02,3.954611e+02,1.617883e+02,4.516319e+01,5.079105e+00
21.96900,4.408681e+02,1.554210e+02,3.956455e+02,1.503493e+02,4.522252e+01,5.071697e+00
21.97000,4.411163e+02,1.438313e+02,3.958329e+02,1.387725e+02,4.528345e+01,5.058863e+00
21.97100,4.413667e+02,1.319152e+02,3.960208e+02,1.268747e+02,4.534587e+01,5.040522e+00
21.97200,4.416097e+02,1.197835e+02,3.962005e+02,1.147667e+02,4.540919e+01,5.016762e+00
21.97300,4.418757e+02,1.079260e+02,3.964013e+02,1.029379e+02,4.547445e+01,4.988107e+00
21.97400,4.421281e+02,9.571613e+01,3.965869e+02,9.076113e+01,4.554126e+01,4.954987e+00
21.97500,4.423732e+02,8.320913e+01,3.967646e+02,7.829267e+01,4.560855e+01,4.916457e+00
21.97600,4.426545e+02,7.062820e+01,3.969773e+02,6.575556e+01,4.567723e+01,4.872637e+00
21.97700,4.429028e+02,5.801389e+01,3.971562e+02,5.318987e+01,4.574660e+01,4.824031e+00
21.97800,4.431500e+02,4.546603e+01,3.973337e+02,4.069564e+01,4.581630e+01,4.770389e+00
21.97900,4.434128e+02,3.238429e+01,3.975263e+02,2.767311e+01,4.588654e+01,4.711180e+00
21.98000,4.436597e+02,1.949387e+01,3.977027e+02,1.484747e+01,4.595697e+01,4.646397e+00
21.98100,4.439033e+02,6.562366e+00,3.978759e+02,1.986007e+00,4.602745e+01,4.576359e+00
21.98200,4.441429e+02,-6.430165e+00,3.980451e+02,-1.093120e+01,4.609781e+01,4.501037e+00
21.98300,4.443750e+02,-1.941437e+01,3.982071e+02,-2.383464e+01,4.616788e+01,4.420276e+00
21.98400,4.446075e+02,-3.244766e+01,3.983699e+02,-3.678224e+01,4.623758e+01,4.334580e+00
21.98500,4.448285e+02,-4.541057e+01,3.985219e+02,-4.965492e+01,4.630665e+01,4.244347e+00
21.98600,4.450431e+02,-5.853348e+01,3.986683e+02,-6.268256e+01,4.637483e+01,4.149081e+00
21.98700,4.452638e+02,-7.152720e+01,3.988216e+02,-7.557567e+01,4.644221e+01,4.048474e+00
21.98800,4.454642e+02,-8.453880e+01,3.989555e+02,-8.848173e+01,4.650874e+01,3.942937e+00
21.98900,4.456568e+02,-9.727993e+01,3.990829e+02,-1.011131e+02,4.657388e+01,3.833223e+00
21.99000,4.458533e+02,-1.103057e+02,3.992151e+02,-1.140250e+02,4.663823e+01,3.719279e+00
21.99100,4.460294e+02,-1.230714e+02,3.993282e+02,-1.266724e+02,4.670117e+01,3.600992e+00
21.99200,4.461957e+02,-1.357013e+02,3.994332e+02,-1.391798e+02,4.676245e+01,3.478452e+00
21.99300,4.463589e+02,-1.483339e+02,3.995370e+02,-1.516857e+02,4.682190e+01,3.351897e+00
21.99400,4.465092e+02,-1.607908e+02,3.996294e+02,-1.640121e+02,4.687980e+01,3.221295e+00
21.99500,4.466411e+02,-1.731598e+02,3.997055e+02,-1.762463e+02,4.693562e+01,3.086446e+00
21.99600,4.467686e+02,-1.853039e+02,3.997793e+02,-1.882513e+02,4.698933e+01,2.947467e+00
21.99700,4.468785e+02,-1.973464e+02,3.998377e+02,-2.001513e+02,4.704074e+01,2.804871e+00
21.99800,4.469874e+02,-2.092271e+02,3.998974e+02,-2.118863e+02,4.708995e+01,2.659180e+00
21.99900,4.470779e+02,-2.209005e+02,3.999412e+02,-2.234107e+02,4.713673e+01,2.510219e+00
22.00000,4.471614e+02,-2.323534e+02,3.999805e+02,-2.347112e+02,4.718095e+01,2.357778e+00
22.00100,4.471993e+02,-2.436307e+02,3.999769e+02,-2.458332e+02,4.722239e+01,2.202466e+00
22.00200,4.472450e+02,-2.546224e+02,3.999835e+02,-2.566667e+02,4.726147e+01,2.044370e+00
22.00300,4.472875e+02,-2.654389e+02,3.999894e+02,-2.673223e+02,4.729816e+01,1.883329e+00
22.00400,4.473117e+02,-2.760077e+02,3.999797e+02,-2.777271e+02,4.733201e+01,1.719468e+00
22.00500,4.473318e+02,-2.864140e+02,3.999688e+02,-2.879679e+02,4.736301e+01,1.553824e+00
22.00600,4.473277e+02,-2.964255e+02,3.999365e+02,-2.978118e+02,4.739127e+01,1.386332e+00
22.00700,4.473178e+02,-3.062405e+02,3.999012e+02,-3.074574e+02,4.741657e+01,1.216841e+00
22.00800,4.472933e+02,-3.157804e+02,3.998543e+02,-3.168261e+02,4.743901e+01,1.045635e+00
22.00900,4.472547e+02,-3.250094e+02,3.997963e+02,-3.258822e+02,4.745841e+01,8.728180e-01
22.01000,4.472033e+02,-3.339096e+02,3.997284e+02,-3.346082e+02,4.747485e+01,6.986167e-01
22.01100,4.471349e+02,-3.425014e+02,3.996467e+02,-3.430247e+02,4.748816e+01,5.232761e-01
22.01200,4.470529e+02,-3.505130e+02,3.995545e+02,-3.508612e+02,4.749844e+01,3.481511e-01
22.01300,4.469613e+02,-3.594155e+02,3.994555e+02,-3.595863e+02,4.750573e+01,1.708549e-01
22.01400,4.468719e+02,-3.667806e+02,3.993621e+02,-3.667729e+02,4.750988e+01,-7.694933e-03
22.01500,4.467705e+02,-3.738635e+02,3.992595e+02,-3.736773e+02,4.751105e+01,-1.861738e-01
22.01600,4.466546e+02,-3.807249e+02,3.991457e+02,-3.803612e+02,4.750888e+01,-3.636997e-01
22.01700,4.465715e+02,-3.872660e+02,3.990683e+02,-3.867254e+02,4.750317e+01,-5.406507e-01
22.01800,4.463337e+02,-3.928931e+02,3.988389e+02,-3.921762e+02,4.749489e+01,-7.168620e-01
22.01900,4.461775e+02,-3.989797e+02,3.986935e+02,-3.980883e+02,4.748396e+01,-8.915100e-01
22.02000,4.460110e+02,-4.045617e+02,3.985409e+02,-4.034960e+02,4.747002e+01,-1.065621e+00
22.02100,4.458347e+02,-4.097665e+02,3.983815e+02,-4.085272e+02,4.745318e+01,-1.239306e+00
22.02200,4.456473e+02,-4.146055e+02,3.982139e+02,-4.131934e+02,4.743349e+01,-1.412065e+00
22.02300,4.454509e+02,-4.190852e+02,3.980399e+02,-4.175013e+02,4.741096e+01,-1.583890e+00
22.02400,4.452435e+02,-4.231374e+02,3.978579e+02,-4.213829e+02,4.738567e+01,-1.754469e+00
22.02500,4.450363e+02,-4.268725e+02,3.976787e+02,-4.249490e+02,4.735765e+01,-1.923528e+00
22.02600,4.448253e+02,-4.303569e+02,3.974983e+02,-4.282666e+02,4.732700e+01,-2.090387e+00
22.02700,4.445823e+02,-4.330225e+02,3.972884e+02,-4.307675e+02,4.729390e+01,-2.255035e+00
22.02800,4.443443e+02,-4.355907e+02,3.970861e+02,-4.331741e+02,4.725811e+01,-2.416645e+00
22.02900,4.440560e+02,-4.378719e+02,3.968367e+02,-4.352957e+02,4.721925e+01,-2.576135e+00
22.03000,4.439006e+02,-4.395032e+02,3.967217e+02,-4.367709e+02,4.717885e+01,-2.732228e+00
22.03100,4.436505e+02,-4.409074e+02,3.965142e+02,-4.380219e+02,4.713627e+01,-2.885481e+00
22.03200,4.433983e+02,-4.419843e+02,3.963073e+02,-4.389484e+02,4.709103e+01,-3.035902e+00
22.03300,4.431625e+02,-4.428075e+02,3.961191e+02,-4.396245e+02,4.704339e+01,-3.182945e+00
22.03400,4.429378e+02,-4.436267e+02,3.959440e+02,-4.403005e+02,4.699381e+01,-3.326153e+00
22.03500,4.426241e+02,-4.426107e+02,3.956823e+02,-4.391451e+02,4.694178e+01,-3.465583e+00
22.03600,4.423540e+02,-4.419087e+02,3.954652e+02,-4.383048e+02,4.688878e+01,-3.603862e+00
22.03700,4.421253e+02,-4.412505e+02,3.952889e+02,-4.375103e+02,4.683631e+01,-3.740128e+00
22.03800,4.418617e+02,-4.400081e+02,3.950799e+02,-4.361345e+02,4.678174e+01,-3.873595e+00
22.03900,4.415849e+02,-4.390810e+02,3.948587e+02,-4.350767e+02,4.672619e+01,-4.004329e+00
22.04000,4.413345e+02,-4.365574e+02,3.946655e+02,-4.324263e+02,4.666892e+01,-4.131046e+00
22.04100,4.410741e+02,-4.340515e+02,3.944636e+02,-4.297984e+02,4.661051e+01,-4.253071e+00
22.04200,4.408273e+02,-4.317053e+02,3.942763e+02,-4.273349e+02,4.655097e+01,-4.370359e+00
22.04300,4.405879e+02,-4.287033e+02,3.940965e+02,-4.242192e+02,4.649129e+01,-4.484105e+00
22.04400,4.403302e+02,-4.255703e+02,3.938998e+02,-4.209760e+02,4.643039e+01,-4.594312e+00
22.04500,4.400886e+02,-4.218497e+02,3.937205e+02,-4.171485e+02,4.636815e+01,-4.701264e+00
22.04600,4.398568e+02,-4.180223e+02,3.935516e+02,-4.132179e+02,4.630526e+01,-4.804286e+00
22.04700,4.396217e+02,-4.137629e+02,3.933803e+02,-4.088597e+02,4.624131e+01,-4.903226e+00
22.04800,4.393993e+02,-4.091097e+02,3.932221e+02,-4.041119e+02,4.617724e+01,-4.997784e+00
22.04900,4.391797e+02,-4.042928e+02,3.930667e+02,-3.992047e+02,4.611298e+01,-5.088083e+00
22.05000,4.389705e+02,-3.991020e+02,3.929219e+02,-3.939279e+02,4.604857e+01,-5.174117e+00
22.05100,4.387669e+02,-3.935927e+02,3.927827e+02,-3.883370e+02,4.598415e+01,-5.255743e+00
22.05200,4.385695e+02,-3.878849e+02,3.926497e+02,-3.825519e+02,4.591977e+01,-5.333117e+00
22.05300,4.383769e+02,-3.816768e+02,3.925212e+02,-3.762705e+02,4.585569e+01,-5.406321e+00
22.05400,4.381953e+02,-3.754321e+02,3.924033e+02,-3.699568e+02,4.579192e+01,-5.475281e+00
22.05500,4.380188e+02,-3.687334e+02,3.922901e+02,-3.631940e+02,4.572867e+01,-5.539415e+00
22.05600,4.378615e+02,-3.618822e+02,3.921954e+02,-3.562833e+02,4.566611e+01,-5.598971e+00
22.05700,4.377167e+02,-3.544729e+02,3.921117e+02,-3.488186e+02,4.560507e+01,-5.654233e+00
22.05800,4.375378e+02,-3.475734e+02,3.919940e+02,-3.418683e+02,4.554385e+01,-5.705057e+00
22.05900,4.374077e+02,-3.398441e+02,3.919242e+02,-3.340925e+02,4.548353e+01,-5.751497e+00
22.06000,4.372865e+02,-3.318527e+02,3.918621e+02,-3.260589e+02,4.542448e+01,-5.793827e+00
22.06100,4.371187e+02,-3.241792e+02,3.917524e+02,-3.183476e+02,4.536627e+01,-5.831611e+00
22.06200,4.370049e+02,-3.157884e+02,3.916957e+02,-3.099240e+02,4.530915e+01,-5.864391e+00
22.06300,4.368747e+02,-3.076485e+02,3.916213e+02,-3.017562e+02,4.525353e+01,-5.892318e+00
22.06400,4.367731e+02,-2.988754e+02,3.915737e+02,-2.929602e+02,4.519945e+01,-5.915156e+00
22.06500,4.367415e+02,-2.892375e+02,3.915952e+02,-2.833013e+02,4.514623e+01,-5.936195e+00
22.06600,4.366551e+02,-2.802973e+02,3.915607e+02,-2.743425e+02,4.509447e+01,-5.954775e+00
22.06700,4.365803e+02,-2.711923e+02,3.915358e+02,-2.652227e+02,4.504447e+01,-5.969499e+00
22.06800,4.365171e+02,-2.618029e+02,3.915209e+02,-2.558231e+02,4.499623e+01,-5.979858e+00
22.06900,4.364621e+02,-2.523336e+02,3.915123e+02,-2.463476e+02,4.494982e+01,-5.985956e+00
22.07000,4.364146e+02,-2.425842e+02,3.915094e+02,-2.365962e+02,4.490521e+01,-5.987987e+00
22.07100,4.363759e+02,-2.327207e+02,3.915135e+02,-2.267344e+02,4.486232e+01,-5.986293e+00
22.07200,4.363461e+02,-2.227828e+02,3.915247e+02,-2.168018e+02,4.482136e+01,-5.981029e+00
22.07300,4.363250e+02,-2.127187e+02,3.915428e+02,-2.067467e+02,4.478223e+01,-5.972043e+00
22.07400,4.363125e+02,-2.024803e+02,3.915675e+02,-1.965213e+02,4.474501e+01,-5.959023e+00
22.07500,4.363073e+02,-1.921477e+02,3.915977e+02,-1.862058e+02,4.470960e+01,-5.941842e+00
22.07600,4.363138e+02,-1.817764e+02,3.916379e+02,-1.758556e+02,4.467593e+01,-5.920813e+00
22.07700,4.363231e+02,-1.712667e+02,3.916791e+02,-1.653706e+02,4.464393e+01,-5.896043e+00
22.07800,4.363073e+02,-1.605622e+02,3.916933e+02,-1.546946e+02,4.461391e+01,-5.867621e+00
22.07900,4.362765e+02,-1.504549e+02,3.916893e+02,-1.446191e+02,4.458727e+01,-5.835770e+00
22.08000,4.363312e+02,-1.390883e+02,3.917679e+02,-1.332879e+02,4.456329e+01,-5.800393e+00
22.08100,4.363708e+02,-1.282729e+02,3.918296e+02,-1.225124e+02,4.454115e+01,-5.760549e+00
22.08200,4.364077e+02,-1.174775e+02,3.918867e+02,-1.117607e+02,4.452105e+01,-5.716788e+00
22.08300,4.364498e+02,-1.066177e+02,3.919469e+02,-1.009481e+02,4.450286e+01,-5.669509e+00
22.08400,4.364941e+02,-9.569307e+01,3.920076e+02,-9.007413e+01,4.448649e+01,-5.618959e+00
22.08500,4.365416e+02,-8.474573e+01,3.920697e+02,-7.918053e+01,4.447189e+01,-5.565197e+00
22.08600,4.366095e+02,-7.377300e+01,3.921502e+02,-6.826513e+01,4.445921e+01,-5.507887e+00
22.08700,4.366519e+02,-6.287701e+01,3.922039e+02,-5.742933e+01,4.444811e+01,-5.447680e+00
22.08800,4.367105e+02,-5.186875e+01,3.922720e+02,-4.648426e+01,4.443854e+01,-5.384488e+00
22.08900,4.367669e+02,-4.088615e+01,3.923367e+02,-3.556739e+01,4.443024e+01,-5.318759e+00
22.09000,4.368482e+02,-2.987881e+01,3.924245e+02,-2.462891e+01,4.442374e+01,-5.249903e+00
22.09100,4.368875e+02,-1.884933e+01,3.924688e+02,-1.367125e+01,4.441866e+01,-5.178081e+00
22.09200,4.369655e+02,-7.864267e+00,3.925507e+02,-2.760556e+00,4.441489e+01,-5.103710e+00
22.09300,4.370304e+02,2.841368e+00,3.926180e+02,7.867653e+00,4.441241e+01,-5.026283e+00
22.09400,4.371000e+02,1.367059e+01,3.926887e+02,1.861657e+01,4.441136e+01,-4.945982e+00
22.09500,4.371712e+02,2.461423e+01,3.927598e+02,2.947707e+01,4.441138e+01,-4.862844e+00
22.09600,4.372397e+02,3.533469e+01,3.928273e+02,4.011182e+01,4.441232e+01,-4.777135e+00
22.09700,4.373203e+02,4.614031e+01,3.929059e+02,5.082929e+01,4.441435e+01,-4.688987e+00
22.09800,4.373903e+02,5.683866e+01,3.929729e+02,6.143707e+01,4.441741e+01,-4.598407e+00
22.09900,4.374601e+02,6.741447e+01,3.930388e+02,7.191980e+01,4.442131e+01,-4.505289e+00
22.10000,4.375289e+02,7.793840e+01,3.931030e+02,8.234793e+01,4.442594e+01,-4.409533e+00
22.10100,4.375947e+02,8.835133e+01,3.931635e+02,9.266260e+01,4.443123e+01,-4.311269e+00
22.10200,4.376639e+02,9.871040e+01,3.932267e+02,1.029209e+02,4.443717e+01,-4.210538e+00
22.10300,4.377255e+02,1.089881e+02,3.932819e+02,1.130955e+02,4.444361e+01,-4.107395e+00
22.10400,4.377861e+02,1.191587e+02,3.933356e+02,1.231609e+02,4.445049e+01,-4.002204e+00
22.10500,4.378438e+02,1.292115e+02,3.933861e+02,1.331069e+02,4.445778e+01,-3.895347e+00
22.10600,4.378973e+02,1.391091e+02,3.934319e+02,1.428958e+02,4.446537e+01,-3.786699e+00
22.10700,4.379615e+02,1.491567e+02,3.934883e+02,1.528323e+02,4.447323e+01,-3.675584e+00
22.10800,4.380111e+02,1.588427e+02,3.935298e+02,1.624052e+02,4.448132e+01,-3.562487e+00
22.10900,4.380575e+02,1.684768e+02,3.935681e+02,1.719245e+02,4.448950e+01,-3.447659e+00
22.11000,4.381039e+02,1.779298e+02,3.936062e+02,1.812608e+02,4.449772e+01,-3.330981e+00
22.11100,4.381445e+02,1.872764e+02,3.936385e+02,1.904891e+02,4.450597e+01,-3.212673e+00
22.11200,4.381841e+02,1.965217e+02,3.936699e+02,1.996149e+02,4.451420e+01,-3.093221e+00
22.11300,4.382149e+02,2.056009e+02,3.936926e+02,2.085733e+02,4.452226e+01,-2.972413e+00
22.11400,4.382405e+02,2.145156e+02,3.937105e+02,2.173657e+02,4.453003e+01,-2.850117e+00
22.11500,4.382705e+02,2.232739e+02,3.937329e+02,2.260003e+02,4.453757e+01,-2.726476e+00
22.11600,4.382964e+02,2.319143e+02,3.937515e+02,2.345157e+02,4.454491e+01,-2.601349e+00
22.11700,4.383113e+02,2.403945e+02,3.937593e+02,2.428695e+02,4.455196e+01,-2.474977e+00
22.11800,4.383220e+02,2.487203e+02,3.937635e+02,2.510679e+02,4.455853e+01,-2.347580e+00
22.11900,4.383325e+02,2.568451e+02,3.937678e+02,2.590645e+02,4.456465e+01,-2.219435e+00
22.12000,4.383357e+02,2.648185e+02,3.937654e+02,2.669088e+02,4.457027e+01,-2.090227e+00
22.12100,4.383345e+02,2.726058e+02,3.937592e+02,2.745658e+02,4.457532e+01,-1.959939e+00
22.12200,4.383329e+02,2.801916e+02,3.937533e+02,2.820203e+02,4.457972e+01,-1.828749e+00
22.12300,4.383206e+02,2.875811e+02,3.937370e+02,2.892778e+02,4.458360e+01,-1.696724e+00
22.12400,4.383004e+02,2.948447e+02,3.937135e+02,2.964087e+02,4.458696e+01,-1.563971e+00
22.12500,4.382828e+02,3.019089e+02,3.936930e+02,3.033397e+02,4.458979e+01,-1.430728e+00
22.12600,4.382573e+02,3.087665e+02,3.936653e+02,3.100637e+02,4.459202e+01,-1.297275e+00
22.12700,4.382292e+02,3.153062e+02,3.936355e+02,3.164697e+02,4.459367e+01,-1.163509e+00
22.12800,4.382286e+02,3.217579e+02,3.936341e+02,3.227871e+02,4.459446e+01,-1.029271e+00
22.12900,4.382051e+02,3.277559e+02,3.936109e+02,3.286512e+02,4.459424e+01,-8.952720e-01
22.13000,4.381598e+02,3.338809e+02,3.935665e+02,3.346415e+02,4.459323e+01,-7.606433e-01
22.13100,4.381188e+02,3.397079e+02,3.935273e+02,3.403334e+02,4.459150e+01,-6.255596e-01
22.13200,4.380703e+02,3.453105e+02,3.934812e+02,3.458009e+02,4.458905e+01,-4.903041e-01
22.13300,4.380243e+02,3.506836e+02,3.934384e+02,3.510389e+02,4.458595e+01,-3.552385e-01
22.13400,4.379761e+02,3.558477e+02,3.933939e+02,3.560677e+02,4.458216e+01,-2.200098e-01
22.13500,4.379291e+02,3.608175e+02,3.933515e+02,3.609017e+02,4.457763e+01,-8.425593e-02
22.13600,4.378427e+02,3.650753e+02,3.932699e+02,3.650247e+02,4.457273e+01,5.070877e-02
22.13700,4.377884e+02,3.696089e+02,3.932211e+02,3.694237e+02,4.456723e+01,1.851726e-01
22.13800,4.377341e+02,3.738139e+02,3.931731e+02,3.734941e+02,4.456105e+01,3.196883e-01
22.13900,4.376729e+02,3.777920e+02,3.931186e+02,3.773379e+02,4.455427e+01,4.541483e-01
22.14000,4.376113e+02,3.814510e+02,3.930644e+02,3.808629e+02,4.454694e+01,5.880918e-01
22.14100,4.375489e+02,3.849075e+02,3.930097e+02,3.841859e+02,4.453918e+01,7.215947e-01
22.14200,4.374470e+02,3.882409e+02,3.929156e+02,3.873861e+02,4.453143e+01,8.548573e-01
22.14300,4.374337e+02,3.908261e+02,3.929106e+02,3.898389e+02,4.452314e+01,9.871700e-01
22.14400,4.373631e+02,3.934482e+02,3.928487e+02,3.923289e+02,4.451445e+01,1.119289e+00
22.14500,4.373009e+02,3.957551e+02,3.927953e+02,3.945045e+02,4.450564e+01,1.250496e+00
22.14600,4.372363e+02,3.981287e+02,3.927399e+02,3.967485e+02,4.449641e+01,1.380299e+00
22.14700,4.371713e+02,3.999713e+02,3.926849e+02,3.984623e+02,4.448644e+01,1.508945e+00
22.14800,4.371080e+02,4.015425e+02,3.926317e+02,3.999059e+02,4.447633e+01,1.636504e+00
22.14900,4.370311e+02,4.027908e+02,3.925652e+02,4.010279e+02,4.446595e+01,1.762931e+00
22.15000,4.369935e+02,4.040913e+02,3.925379e+02,4.022028e+02,4.445561e+01,1.888488e+00
22.15100,4.369396e+02,4.045022e+02,3.924945e+02,4.024897e+02,4.444505e+01,2.012519e+00
22.15200,4.369039e+02,4.054945e+02,3.924697e+02,4.033616e+02,4.443417e+01,2.132947e+00
22.15300,4.367994e+02,4.049519e+02,3.923743e+02,4.026998e+02,4.442507e+01,2.252070e+00
22.15400,4.367329e+02,4.051800e+02,3.923159e+02,4.028100e+02,4.441703e+01,2.370019e+00
22.15500,4.367614e+02,4.038444e+02,3.923524e+02,4.013563e+02,4.440899e+01,2.488107e+00
22.15600,4.367301e+02,4.031384e+02,3.923291e+02,4.005319e+02,4.440101e+01,2.606505e+00
22.15700,4.367036e+02,4.021846e+02,3.923098e+02,3.994609e+02,4.439380e+01,2.723699e+00
22.15800,4.366796e+02,4.008092e+02,3.922923e+02,3.979701e+02,4.438733e+01,2.839078e+00
22.15900,4.366666e+02,3.990873e+02,3.922852e+02,3.961344e+02,4.438140e+01,2.952935e+00
22.16000,4.366049e+02,3.973017e+02,3.922289e+02,3.942365e+02,4.437603e+01,3.065210e+00
22.16100,4.366033e+02,3.949489e+02,3.922319e+02,3.917733e+02,4.437143e+01,3.175593e+00
22.16200,4.366071e+02,3.922653e+02,3.922390e+02,3.889813e+02,4.436807e+01,3.284020e+00
22.16300,4.366207e+02,3.891703e+02,3.922546e+02,3.857797e+02,4.436604e+01,3.390665e+00
22.16400,4.366150e+02,3.861217e+02,3.922497e+02,3.826267e+02,4.436529e+01,3.495053e+00
22.16500,4.366367e+02,3.826007e+02,3.922711e+02,3.790038e+02,4.436551e+01,3.596985e+00
22.16600,4.366725e+02,3.787214e+02,3.923055e+02,3.750252e+02,4.436709e+01,3.696227e+00
22.16700,4.367138e+02,3.746036e+02,3.923437e+02,3.708104e+02,4.437003e+01,3.793205e+00
22.16800,4.368019e+02,3.695143e+02,3.924279e+02,3.656270e+02,4.437403e+01,3.887328e+00
22.16900,4.368279e+02,3.647381e+02,3.924482e+02,3.607600e+02,4.437965e+01,3.978107e+00
22.17000,4.368969e+02,3.598671e+02,3.925085e+02,3.558001e+02,4.438839e+01,4.066941e+00
22.17100,4.369647e+02,3.543431e+02,3.925653e+02,3.501905e+02,4.439937e+01,4.152586e+00
22.17200,4.370476e+02,3.485265e+02,3.926353e+02,3.442915e+02,4.441228e+01,4.234953e+00
22.17300,4.371398e+02,3.424893e+02,3.927126e+02,3.381753e+02,4.442724e+01,4.314040e+00
22.17400,4.372418e+02,3.361008e+02,3.927975e+02,3.317112e+02,4.444435e+01,4.389633e+00
22.17500,4.373511e+02,3.293594e+02,3.928875e+02,3.248977e+02,4.446362e+01,4.461702e+00
22.17600,4.374733e+02,3.223438e+02,3.929882e+02,3.178136e+02,4.448519e+01,4.530187e+00
22.17700,4.376003e+02,3.151208e+02,3.930911e+02,3.105264e+02,4.450918e+01,4.594373e+00
22.17800,4.377405e+02,3.073427e+02,3.932057e+02,3.026873e+02,4.453485e+01,4.655295e+00
22.17900,4.378806e+02,2.994577e+02,3.933180e+02,2.947445e+02,4.456257e+01,4.713247e+00
22.18000,4.380369e+02,2.911295e+02,3.934445e+02,2.863619e+02,4.459242e+01,4.767609e+00
22.18100,4.382140e+02,2.828805e+02,3.935890e+02,2.780625e+02,4.462499e+01,4.817962e+00
22.18200,4.383624e+02,2.744446e+02,3.937025e+02,2.695797e+02,4.465987e+01,4.864947e+00
22.18300,4.385578e+02,2.653219e+02,3.938605e+02,2.604147e+02,4.469721e+01,4.907250e+00
22.18400,4.387342e+02,2.560363e+02,3.939973e+02,2.510913e+02,4.473692e+01,4.945063e+00
22.18500,4.389252e+02,2.465687e+02,3.941463e+02,2.415899e+02,4.477889e+01,4.978763e+00
22.18600,4.391330e+02,2.362748e+02,3.943102e+02,2.312676e+02,4.482285e+01,5.007212e+00
22.18700,4.393644e+02,2.264749e+02,3.944949e+02,2.214434e+02,4.486945e+01,5.031525e+00
22.18800,4.395793e+02,2.160930e+02,3.946609e+02,2.110418e+02,4.491830e+01,5.051218e+00
22.18900,4.398017e+02,2.055528e+02,3.948325e+02,2.004867e+02,4.496917e+01,5.066101e+00
22.19000,4.400239e+02,1.947877e+02,3.950019e+02,1.897117e+02,4.502201e+01,5.076039e+00
22.19100,4.402639e+02,1.839270e+02,3.951870e+02,1.788460e+02,4.507687e+01,5.081014e+00
22.19200,4.405009e+02,1.726644e+02,3.953673e+02,1.675835e+02,4.513361e+01,5.080966e+00
22.19300,4.407425e+02,1.613091e+02,3.955504e+02,1.562331e+02,4.519212e+01,5.076095e+00
22.19400,4.409895e+02,1.497392e+02,3.957373e+02,1.446732e+02,4.525225e+01,5.066049e+00
22.19500,4.412405e+02,1.379780e+02,3.959266e+02,1.329275e+02,4.531393e+01,5.050528e+00
22.19600,4.414807e+02,1.261093e+02,3.961039e+02,1.210797e+02,4.537685e+01,5.029549e+00
22.19700,4.417494e+02,1.137729e+02,3.963085e+02,1.087697e+02,4.544093e+01,5.003187e+00
22.19800,4.419997e+02,1.019075e+02,3.964926e+02,9.693507e+01,4.550714e+01,4.972469e+00
22.19900,4.422425e+02,8.955007e+01,3.966683e+02,8.461333e+01,4.557423e+01,4.936777e+00
22.20000,4.425227e+02,7.701067e+01,3.968805e+02,7.211507e+01,4.564213e+01,4.895589e+00
22.20100,4.427785e+02,6.442379e+01,3.970673e+02,5.957441e+01,4.571125e+01,4.849379e+00
22.20200,4.430282e+02,5.181378e+01,3.972474e+02,4.701543e+01,4.578081e+01,4.798347e+00
22.20300,4.432854e+02,3.888457e+01,3.974347e+02,3.414257e+01,4.585073e+01,4.742005e+00
22.20400,4.435337e+02,2.605633e+01,3.976125e+02,2.137629e+01,4.592111e+01,4.680041e+00
22.20500,4.437808e+02,1.314981e+01,3.977892e+02,8.537153e+00,4.599159e+01,4.612663e+00
22.20600,4.440217e+02,2.400543e-01,3.979597e+02,-4.300004e+00,4.606202e+01,4.540059e+00
22.20700,4.442571e+02,-1.278301e+01,3.981249e+02,-1.724505e+01,4.613226e+01,4.462033e+00
22.20800,4.444895e+02,-2.585571e+01,3.982874e+02,-3.023448e+01,4.620215e+01,4.378761e+00
22.20900,4.447172e+02,-3.882977e+01,3.984456e+02,-4.312065e+01,4.627158e+01,4.290877e+00
22.21000,4.449300e+02,-5.168229e+01,3.985897e+02,-5.588056e+01,4.634025e+01,4.198268e+00
22.21100,4.451500e+02,-6.498133e+01,3.987421e+02,-6.908160e+01,4.640797e+01,4.100282e+00
22.21200,4.453641e+02,-7.792320e+01,3.988891e+02,-8.192047e+01,4.647502e+01,3.997280e+00
22.21300,4.455539e+02,-9.086893e+01,3.990131e+02,-9.475847e+01,4.654082e+01,3.889531e+00
22.21400,4.457615e+02,-1.037865e+02,3.991558e+02,-1.075643e+02,4.660561e+01,3.777820e+00
22.21500,4.459407e+02,-1.165635e+02,3.992713e+02,-1.202253e+02,4.666932e+01,3.661731e+00
22.21600,4.461140e+02,-1.292875e+02,3.993825e+02,-1.328288e+02,4.673148e+01,3.541301e+00
22.21700,4.462679e+02,-1.418556e+02,3.994761e+02,-1.452725e+02,4.679179e+01,3.416829e+00
22.21800,4.464358e+02,-1.544841e+02,3.995853e+02,-1.577723e+02,4.685057e+01,3.288277e+00
22.21900,4.465757e+02,-1.668884e+02,3.996682e+02,-1.700440e+02,4.690748e+01,3.155628e+00
22.22000,4.467072e+02,-1.791605e+02,3.997449e+02,-1.821791e+02,4.696226e+01,3.018690e+00
22.22100,4.468236e+02,-1.912538e+02,3.998087e+02,-1.941316e+02,4.701487e+01,2.877849e+00
22.22200,4.469358e+02,-2.031771e+02,3.998706e+02,-2.059108e+02,4.706519e+01,2.733694e+00
22.22300,4.470330e+02,-2.149960e+02,3.999198e+02,-2.175825e+02,4.711324e+01,2.586491e+00
22.22400,4.471195e+02,-2.265077e+02,3.999607e+02,-2.289435e+02,4.715877e+01,2.435765e+00
22.22500,4.472078e+02,-2.379347e+02,4.000061e+02,-2.402166e+02,4.720169e+01,2.281849e+00
22.22600,4.472421e+02,-2.491497e+02,4.000003e+02,-2.512748e+02,4.724183e+01,2.125163e+00
22.22700,4.472676e+02,-2.600087e+02,3.999878e+02,-2.619743e+02,4.727984e+01,1.965707e+00
22.22800,4.473029e+02,-2.706955e+02,3.999877e+02,-2.724985e+02,4.731516e+01,1.803116e+00
22.22900,4.473170e+02,-2.811435e+02,3.999695e+02,-2.827818e+02,4.734753e+01,1.638325e+00
22.23000,4.473331e+02,-2.914057e+02,3.999559e+02,-2.928775e+02,4.737727e+01,1.471845e+00
22.23100,4.473250e+02,-3.012855e+02,3.999209e+02,-3.025889e+02,4.740405e+01,1.303366e+00
22.23200,4.473107e+02,-3.109963e+02,3.998828e+02,-3.121293e+02,4.742797e+01,1.132987e+00
22.23300,4.472748e+02,-3.203330e+02,3.998259e+02,-3.212940e+02,4.744891e+01,9.609660e-01
22.23400,4.472321e+02,-3.294167e+02,3.997652e+02,-3.302041e+02,4.746686e+01,7.874500e-01
22.23500,4.471691e+02,-3.381365e+02,3.996874e+02,-3.387491e+02,4.748176e+01,6.125773e-01
22.23600,4.470975e+02,-3.465703e+02,3.996039e+02,-3.470075e+02,4.749359e+01,4.371553e-01
22.23700,4.470043e+02,-3.548989e+02,3.995019e+02,-3.551605e+02,4.750240e+01,2.616110e-01
22.23800,4.469265e+02,-3.629917e+02,3.994183e+02,-3.630749e+02,4.750815e+01,8.321500e-02
22.23900,4.468033e+02,-3.705278e+02,3.992925e+02,-3.704323e+02,4.751088e+01,-9.555287e-02
22.24000,4.467209e+02,-3.771917e+02,3.992105e+02,-3.769183e+02,4.751039e+01,-2.733345e-01
22.24100,4.466294e+02,-3.836564e+02,3.991229e+02,-3.832060e+02,4.750650e+01,-4.504047e-01
22.24200,4.464580e+02,-3.901489e+02,3.989587e+02,-3.895214e+02,4.749937e+01,-6.275362e-01
22.24300,4.462564e+02,-3.959295e+02,3.987665e+02,-3.951269e+02,4.748989e+01,-8.026780e-01
22.24400,4.460967e+02,-4.017631e+02,3.986192e+02,-4.007860e+02,4.747748e+01,-9.770440e-01
22.24500,4.459241e+02,-4.071559e+02,3.984619e+02,-4.060049e+02,4.746209e+01,-1.150955e+00
22.24600,4.457436e+02,-4.122175e+02,3.982997e+02,-4.108933e+02,4.744387e+01,-1.324245e+00
22.24700,4.455516e+02,-4.168103e+02,3.981289e+02,-4.153138e+02,4.742278e+01,-1.496551e+00
22.24800,4.453509e+02,-4.210818e+02,3.979520e+02,-4.194140e+02,4.739889e+01,-1.667815e+00
22.24900,4.451385e+02,-4.249733e+02,3.977662e+02,-4.231356e+02,4.737230e+01,-1.837704e+00
22.25000,4.449341e+02,-4.286043e+02,3.975911e+02,-4.265987e+02,4.734293e+01,-2.005691e+00
22.25100,4.447298e+02,-4.321097e+02,3.974187e+02,-4.299379e+02,4.731109e+01,-2.171759e+00
22.25200,4.444701e+02,-4.344073e+02,3.971935e+02,-4.320727e+02,4.727669e+01,-2.334675e+00
22.25300,4.442189e+02,-4.366923e+02,3.969795e+02,-4.341971e+02,4.723949e+01,-2.495093e+00
22.25400,4.440221e+02,-4.387517e+02,3.968225e+02,-4.360985e+02,4.719965e+01,-2.653191e+00
22.25500,4.437793e+02,-4.402274e+02,3.966209e+02,-4.374197e+02,4.715831e+01,-2.807717e+00
22.25600,4.435277e+02,-4.414801e+02,3.964133e+02,-4.385203e+02,4.711441e+01,-2.959803e+00
22.25700,4.432676e+02,-4.422889e+02,3.961997e+02,-4.391803e+02,4.706785e+01,-3.108535e+00
22.25800,4.430437e+02,-4.430849e+02,3.960244e+02,-4.398312e+02,4.701930e+01,-3.253742e+00
22.25900,4.427943e+02,-4.431507e+02,3.958257e+02,-4.397559e+02,4.696854e+01,-3.394750e+00
22.26000,4.424859e+02,-4.422123e+02,3.955703e+02,-4.386787e+02,4.691561e+01,-3.533609e+00
22.26100,4.422536e+02,-4.418174e+02,3.953904e+02,-4.381463e+02,4.686319e+01,-3.671047e+00
22.26200,4.420203e+02,-4.404736e+02,3.952106e+02,-4.366676e+02,4.680971e+01,-3.806035e+00
22.26300,4.416848e+02,-4.395835e+02,3.949302e+02,-4.356454e+02,4.675461e+01,-3.938101e+00
22.26400,4.414663e+02,-4.377511e+02,3.947679e+02,-4.336840e+02,4.669834e+01,-4.067106e+00
22.26500,4.412385e+02,-4.359540e+02,3.945981e+02,-4.317623e+02,4.664045e+01,-4.191701e+00
22.26600,4.409450e+02,-4.323073e+02,3.943638e+02,-4.279962e+02,4.658124e+01,-4.311045e+00
22.26700,4.407077e+02,-4.303488e+02,3.941861e+02,-4.259221e+02,4.652171e+01,-4.426702e+00
22.26800,4.404629e+02,-4.270066e+02,3.940013e+02,-4.224681e+02,4.646166e+01,-4.538528e+00
22.26900,4.402077e+02,-4.238569e+02,3.938079e+02,-4.192095e+02,4.639988e+01,-4.647315e+00
22.27000,4.399731e+02,-4.198915e+02,3.936356e+02,-4.151393e+02,4.633743e+01,-4.752274e+00
22.27100,4.397619e+02,-4.160098e+02,3.934880e+02,-4.111564e+02,4.627387e+01,-4.853397e+00
22.27200,4.395107e+02,-4.115341e+02,3.933009e+02,-4.065839e+02,4.620987e+01,-4.950211e+00
22.27300,4.392905e+02,-4.068119e+02,3.931448e+02,-4.017692e+02,4.614572e+01,-5.042650e+00
22.27400,4.390762e+02,-4.018230e+02,3.929948e+02,-3.966921e+02,4.608137e+01,-5.130864e+00
22.27500,4.388685e+02,-3.963855e+02,3.928516e+02,-3.911708e+02,4.601693e+01,-5.214729e+00
22.27600,4.386647e+02,-3.907928e+02,3.927121e+02,-3.854985e+02,4.595250e+01,-5.294262e+00
22.27700,4.384753e+02,-3.848673e+02,3.925871e+02,-3.794978e+02,4.588829e+01,-5.369572e+00
22.27800,4.382848e+02,-3.785824e+02,3.924605e+02,-3.731417e+02,4.582432e+01,-5.440742e+00
22.27900,4.381103e+02,-3.721756e+02,3.923495e+02,-3.666682e+02,4.576081e+01,-5.507370e+00
22.28000,4.379357e+02,-3.654100e+02,3.922379e+02,-3.598408e+02,4.569779e+01,-5.569228e+00
22.28100,4.377857e+02,-3.583190e+02,3.921498e+02,-3.526924e+02,4.563586e+01,-5.626603e+00
22.28200,4.376126e+02,-3.513187e+02,3.920376e+02,-3.456390e+02,4.557501e+01,-5.679729e+00
22.28300,4.374877e+02,-3.436239e+02,3.919736e+02,-3.378955e+02,4.551411e+01,-5.728377e+00
22.28400,4.373468e+02,-3.360363e+02,3.918925e+02,-3.302635e+02,4.545435e+01,-5.772805e+00
22.28500,4.372110e+02,-3.281005e+02,3.918151e+02,-3.222875e+02,4.539586e+01,-5.812940e+00
22.28600,4.370571e+02,-3.200968e+02,3.917191e+02,-3.142485e+02,4.533799e+01,-5.848344e+00
22.28700,4.369365e+02,-3.118515e+02,3.916549e+02,-3.059727e+02,4.528165e+01,-5.878718e+00
22.28800,4.368084e+02,-3.035083e+02,3.915816e+02,-2.976043e+02,4.522682e+01,-5.904013e+00
22.28900,4.367649e+02,-2.940054e+02,3.915917e+02,-2.880797e+02,4.517321e+01,-5.925630e+00
22.29000,4.366995e+02,-2.849677e+02,3.915789e+02,-2.790219e+02,4.512060e+01,-5.945766e+00
22.29100,4.366175e+02,-2.758415e+02,3.915477e+02,-2.698790e+02,4.506971e+01,-5.962514e+00
22.29200,4.365477e+02,-2.665713e+02,3.915272e+02,-2.605962e+02,4.502056e+01,-5.975150e+00
22.29300,4.364893e+02,-2.571589e+02,3.915161e+02,-2.511755e+02,4.497322e+01,-5.983346e+00
22.29400,4.364375e+02,-2.475991e+02,3.915099e+02,-2.416117e+02,4.492769e+01,-5.987445e+00
22.29500,4.363915e+02,-2.378677e+02,3.915076e+02,-2.318801e+02,4.488390e+01,-5.987607e+00
22.29600,4.363615e+02,-2.278927e+02,3.915195e+02,-2.219085e+02,4.484198e+01,-5.984175e+00
22.29700,4.363347e+02,-2.178730e+02,3.915329e+02,-2.118959e+02,4.480192e+01,-5.977087e+00
22.29800,4.363214e+02,-2.077033e+02,3.915577e+02,-2.017371e+02,4.476374e+01,-5.966189e+00
22.29900,4.363101e+02,-1.974485e+02,3.915827e+02,-1.914974e+02,4.472741e+01,-5.951085e+00
22.30000,4.363099e+02,-1.870362e+02,3.916171e+02,-1.811042e+02,4.469286e+01,-5.931978e+00
22.30100,4.363225e+02,-1.766681e+02,3.916625e+02,-1.707590e+02,4.465999e+01,-5.909116e+00
22.30200,4.363209e+02,-1.660747e+02,3.916920e+02,-1.601921e+02,4.462893e+01,-5.882571e+00
22.30300,4.362843e+02,-1.554239e+02,3.916841e+02,-1.495716e+02,4.460031e+01,-5.852276e+00
22.30400,4.362941e+02,-1.449910e+02,3.917187e+02,-1.391720e+02,4.457531e+01,-5.818991e+00
22.30500,4.363496e+02,-1.338117e+02,3.917975e+02,-1.280303e+02,4.455215e+01,-5.781363e+00
22.30600,4.363877e+02,-1.229826e+02,3.918566e+02,-1.172431e+02,4.453103e+01,-5.739508e+00
22.30700,4.364272e+02,-1.121731e+02,3.919153e+02,-1.064791e+02,4.451189e+01,-5.693997e+00
22.30800,4.364723e+02,-1.012461e+02,3.919777e+02,-9.560093e+01,4.449461e+01,-5.645094e+00
22.30900,4.365173e+02,-9.033767e+01,3.920381e+02,-8.474467e+01,4.447911e+01,-5.592987e+00
22.31000,4.365721e+02,-7.938933e+01,3.921067e+02,-7.385180e+01,4.446540e+01,-5.537531e+00
22.31100,4.366254e+02,-6.844640e+01,3.921719e+02,-6.296769e+01,4.445358e+01,-5.478691e+00
22.31200,4.366809e+02,-5.745754e+01,3.922377e+02,-5.204053e+01,4.444323e+01,-5.417009e+00
22.31300,4.367394e+02,-4.648417e+01,3.923051e+02,-4.113157e+01,4.443429e+01,-5.352609e+00
22.31400,4.368043e+02,-3.542920e+01,3.923775e+02,-3.014389e+01,4.442679e+01,-5.285315e+00
22.31500,4.368551e+02,-2.441250e+01,3.924339e+02,-1.919751e+01,4.442110e+01,-5.214993e+00
22.31600,4.369259e+02,-1.347102e+01,3.925093e+02,-8.329133e+00,4.441664e+01,-5.141887e+00
22.31700,4.369981e+02,-2.349873e+00,3.925847e+02,2.716119e+00,4.441343e+01,-5.065992e+00
22.31800,4.370651e+02,8.182113e+00,3.926534e+02,1.316932e+01,4.441175e+01,-4.987208e+00
22.31900,4.371363e+02,1.906624e+01,3.927251e+02,2.397175e+01,4.441125e+01,-4.905509e+00
22.32000,4.372071e+02,2.994090e+01,3.927953e+02,3.476195e+01,4.441175e+01,-4.821053e+00
22.32100,4.372806e+02,4.062033e+01,3.928675e+02,4.535449e+01,4.441317e+01,-4.734169e+00
22.32200,4.373547e+02,5.138515e+01,3.929389e+02,5.602995e+01,4.441574e+01,-4.644797e+00
22.32300,4.374245e+02,6.204325e+01,3.930053e+02,6.659630e+01,4.441922e+01,-4.553059e+00
22.32400,4.374935e+02,7.261293e+01,3.930700e+02,7.707153e+01,4.442349e+01,-4.458606e+00
22.32500,4.375623e+02,8.307727e+01,3.931339e+02,8.743887e+01,4.442846e+01,-4.361595e+00
22.32600,4.376292e+02,9.344540e+01,3.931951e+02,9.770753e+01,4.443407e+01,-4.262133e+00
22.32700,4.376942e+02,1.037876e+02,3.932539e+02,1.079478e+02,4.444027e+01,-4.160174e+00
22.32800,4.377567e+02,1.139917e+02,3.933097e+02,1.180476e+02,4.444693e+01,-4.055979e+00
22.32900,4.378153e+02,1.241190e+02,3.933613e+02,1.280689e+02,4.445403e+01,-3.949919e+00
22.33000,4.378704e+02,1.340769e+02,3.934089e+02,1.379192e+02,4.446147e+01,-3.842255e+00
22.33100,4.379313e+02,1.441619e+02,3.934621e+02,1.478943e+02,4.446919e+01,-3.732409e+00
22.33200,4.379865e+02,1.539345e+02,3.935093e+02,1.575548e+02,4.447718e+01,-3.620285e+00
22.33300,4.380339e+02,1.635767e+02,3.935485e+02,1.670831e+02,4.448533e+01,-3.506323e+00
22.33400,4.380773e+02,1.731767e+02,3.935838e+02,1.765673e+02,4.449351e+01,-3.390626e+00
22.33500,4.381235e+02,1.825576e+02,3.936217e+02,1.858306e+02,4.450177e+01,-3.273038e+00
22.33600,4.381621e+02,1.918286e+02,3.936521e+02,1.949827e+02,4.451001e+01,-3.154143e+00
22.33700,4.381988e+02,2.009995e+02,3.936806e+02,2.040335e+02,4.451819e+01,-3.034105e+00
22.33800,4.382285e+02,2.100079e+02,3.937024e+02,2.129205e+02,4.452612e+01,-2.912517e+00
22.33900,4.382582e+02,2.188761e+02,3.937245e+02,2.216657e+02,4.453377e+01,-2.789605e+00
22.34000,4.382830e+02,2.275381e+02,3.937419e+02,2.302033e+02,4.454118e+01,-2.665211e+00
22.34100,4.383010e+02,2.360999e+02,3.937525e+02,2.386394e+02,4.454842e+01,-2.539469e+00
22.34200,4.383168e+02,2.445250e+02,3.937615e+02,2.469375e+02,4.455525e+01,-2.412513e+00
22.34300,4.383283e+02,2.527379e+02,3.937667e+02,2.550227e+02,4.456159e+01,-2.284771e+00
22.34400,4.383341e+02,2.608027e+02,3.937666e+02,2.629588e+02,4.456747e+01,-2.156154e+00
22.34500,4.383362e+02,2.686435e+02,3.937634e+02,2.706699e+02,4.457283e+01,-2.026353e+00
22.34600,4.383313e+02,2.763371e+02,3.937537e+02,2.782327e+02,4.457756e+01,-1.895643e+00
22.34700,4.383307e+02,2.838691e+02,3.937491e+02,2.856331e+02,4.458169e+01,-1.763983e+00
22.34800,4.383121e+02,2.911807e+02,3.937269e+02,2.928124e+02,4.458531e+01,-1.631652e+00
22.34900,4.382940e+02,2.983501e+02,3.937056e+02,2.998487e+02,4.458843e+01,-1.498593e+00
22.35000,4.382719e+02,3.053132e+02,3.936810e+02,3.066785e+02,4.459096e+01,-1.365254e+00
22.35100,4.382403e+02,3.120159e+02,3.936474e+02,3.132475e+02,4.459290e+01,-1.231615e+00
22.35200,4.382296e+02,3.186339e+02,3.936354e+02,3.197315e+02,4.459419e+01,-1.097597e+00
22.35300,4.382284e+02,3.246187e+02,3.936339e+02,3.255822e+02,4.459446e+01,-9.635360e-01
22.35400,4.381813e+02,3.308263e+02,3.935874e+02,3.316555e+02,4.459385e+01,-8.292633e-01
22.35500,4.381399e+02,3.367820e+02,3.935474e+02,3.374764e+02,4.459247e+01,-6.943853e-01
22.35600,4.380963e+02,3.424963e+02,3.935059e+02,3.430555e+02,4.459040e+01,-5.591555e-01
22.35700,4.380485e+02,3.479598e+02,3.934609e+02,3.483838e+02,4.458761e+01,-4.240179e-01
22.35800,4.379992e+02,3.532517e+02,3.934150e+02,3.535406e+02,4.458417e+01,-2.888805e-01
22.35900,4.379546e+02,3.583671e+02,3.933746e+02,3.585205e+02,4.458002e+01,-1.534168e-01
22.36000,4.378791e+02,3.628273e+02,3.933037e+02,3.628452e+02,4.457528e+01,-1.788127e-02
22.36100,4.378142e+02,3.672729e+02,3.932441e+02,3.671561e+02,4.457012e+01,1.167459e-01
22.36200,4.377619e+02,3.717179e+02,3.931976e+02,3.714667e+02,4.456427e+01,2.511905e-01
22.36300,4.377052e+02,3.757733e+02,3.931474e+02,3.753875e+02,4.455781e+01,3.857500e-01
22.36400,4.376455e+02,3.796286e+02,3.930948e+02,3.791087e+02,4.455076e+01,5.199412e-01
22.36500,4.375835e+02,3.831687e+02,3.930403e+02,3.825150e+02,4.454317e+01,6.536941e-01
22.36600,4.375041e+02,3.866689e+02,3.929688e+02,3.858818e+02,4.453525e+01,7.871407e-01
22.36700,4.374620e+02,3.893923e+02,3.929345e+02,3.884724e+02,4.452745e+01,9.198740e-01
22.36800,4.374071e+02,3.922779e+02,3.928882e+02,3.912258e+02,4.451891e+01,1.052115e+00
22.36900,4.373203e+02,3.945540e+02,3.928101e+02,3.933701e+02,4.451014e+01,1.183861e+00
22.37000,4.372814e+02,3.968851e+02,3.927801e+02,3.955706e+02,4.450130e+01,1.314423e+00
22.37100,4.372004e+02,3.991306e+02,3.927089e+02,3.976870e+02,4.449156e+01,1.443603e+00
22.37200,4.371385e+02,4.007886e+02,3.926571e+02,3.992169e+02,4.448149e+01,1.571737e+00
22.37300,4.370697e+02,4.021675e+02,3.925984e+02,4.004689e+02,4.447129e+01,1.698688e+00
22.37400,4.370193e+02,4.035946e+02,3.925584e+02,4.017699e+02,4.446088e+01,1.824713e+00
22.37500,4.369921e+02,4.047261e+02,3.925417e+02,4.027763e+02,4.445050e+01,1.949748e+00
22.37600,4.369157e+02,4.047027e+02,3.924761e+02,4.026308e+02,4.443961e+01,2.071951e+00
22.37700,4.368637e+02,4.053181e+02,3.924343e+02,4.031267e+02,4.442951e+01,2.191424e+00
22.37800,4.367710e+02,4.050145e+02,3.923500e+02,4.027042e+02,4.442101e+01,2.310246e+00
22.37900,4.367419e+02,4.046034e+02,3.923287e+02,4.021756e+02,4.441317e+01,2.427784e+00
22.38000,4.367485e+02,4.034828e+02,3.923435e+02,4.009364e+02,4.440501e+01,2.546361e+00
22.38100,4.367149e+02,4.026852e+02,3.923175e+02,4.000209e+02,4.439736e+01,2.664221e+00
22.38200,4.366938e+02,4.013707e+02,3.923031e+02,3.985901e+02,4.439067e+01,2.780538e+00
22.38300,4.366744e+02,4.000067e+02,3.922901e+02,3.971115e+02,4.438426e+01,2.895163e+00
22.38400,4.366247e+02,3.982512e+02,3.922460e+02,3.952429e+02,4.437873e+01,3.008291e+00
22.38500,4.366025e+02,3.962090e+02,3.922289e+02,3.930893e+02,4.437362e+01,3.119671e+00
22.38600,4.366063e+02,3.937117e+02,3.922367e+02,3.904826e+02,4.436962e+01,3.229061e+00
22.38700,4.366125e+02,3.909059e+02,3.922457e+02,3.875693e+02,4.436689e+01,3.336673e+00
22.38800,4.366345e+02,3.875439e+02,3.922689e+02,3.841017e+02,4.436560e+01,3.442224e+00
22.38900,4.366246e+02,3.845226e+02,3.922593e+02,3.809771e+02,4.436525e+01,3.545476e+00
22.39000,4.366538e+02,3.807046e+02,3.922877e+02,3.770586e+02,4.436611e+01,3.646009e+00
22.39100,4.366925e+02,3.766885e+02,3.923241e+02,3.729443e+02,4.436836e+01,3.744111e+00
22.39200,4.367333e+02,3.725477e+02,3.923614e+02,3.687077e+02,4.437191e+01,3.839999e+00
22.39300,4.368067e+02,3.670461e+02,3.924303e+02,3.631139e+02,4.437643e+01,3.932166e+00
22.39400,4.368716e+02,3.625880e+02,3.924880e+02,3.585659e+02,4.438357e+01,4.022090e+00
22.39500,4.369300e+02,3.571683e+02,3.925364e+02,3.530589e+02,4.439355e+01,4.109416e+00
22.39600,4.370049e+02,3.515476e+02,3.925994e+02,3.473541e+02,4.440547e+01,4.193429e+00
22.39700,4.370919e+02,3.456565e+02,3.926725e+02,3.413823e+02,4.441937e+01,4.274211e+00
22.39800,4.371889e+02,3.393743e+02,3.927535e+02,3.350227e+02,4.443537e+01,4.351603e+00
22.39900,4.372944e+02,3.328446e+02,3.928409e+02,3.284191e+02,4.445353e+01,4.425455e+00
22.40000,4.374107e+02,3.260015e+02,3.929368e+02,3.215056e+02,4.447391e+01,4.495825e+00
22.40100,4.375373e+02,3.188753e+02,3.930406e+02,3.143131e+02,4.449672e+01,4.562236e+00
22.40200,4.376550e+02,3.116759e+02,3.931335e+02,3.070512e+02,4.452146e+01,4.624752e+00
22.40300,4.378076e+02,3.035754e+02,3.932593e+02,2.988913e+02,4.454824e+01,4.684071e+00
22.40400,4.379575e+02,2.954579e+02,3.933805e+02,2.907175e+02,4.457695e+01,4.740459e+00
22.40500,4.381257e+02,2.867717e+02,3.935178e+02,2.819790e+02,4.460791e+01,4.792689e+00
22.40600,4.382679e+02,2.788726e+02,3.936261e+02,2.740311e+02,4.464185e+01,4.841548e+00
22.40700,4.384571e+02,2.699701e+02,3.937792e+02,2.650838e+02,4.467787e+01,4.886383e+00
22.40800,4.386449e+02,2.607508e+02,3.939284e+02,2.558245e+02,4.471645e+01,4.926326e+00
22.40900,4.388281e+02,2.514524e+02,3.940708e+02,2.464902e+02,4.475725e+01,4.962163e+00
22.41000,4.390385e+02,2.413627e+02,3.942383e+02,2.363693e+02,4.480027e+01,4.993401e+00
22.41100,4.392564e+02,2.316516e+02,3.944109e+02,2.266319e+02,4.484541e+01,5.019694e+00
22.41200,4.394688e+02,2.213543e+02,3.945757e+02,2.163125e+02,4.489317e+01,5.041773e+00
22.41300,4.396867e+02,2.109573e+02,3.947437e+02,2.058982e+02,4.494301e+01,5.059097e+00
22.41400,4.399099e+02,2.003046e+02,3.949150e+02,1.952329e+02,4.499488e+01,5.071633e+00
22.41500,4.401420e+02,1.895964e+02,3.950933e+02,1.845173e+02,4.504869e+01,5.079100e+00
22.41600,4.403781e+02,1.783821e+02,3.952736e+02,1.733005e+02,4.510451e+01,5.081592e+00
22.41700,4.406201e+02,1.670687e+02,3.954579e+02,1.619895e+02,4.516214e+01,5.079195e+00
22.41800,4.408636e+02,1.556297e+02,3.956422e+02,1.505579e+02,4.522144e+01,5.071876e+00
22.41900,4.411118e+02,1.440413e+02,3.958295e+02,1.389822e+02,4.528234e+01,5.059139e+00
22.42000,4.413621e+02,1.321404e+02,3.960173e+02,1.270995e+02,4.534473e+01,5.040901e+00
22.42100,4.416051e+02,1.199999e+02,3.961970e+02,1.149827e+02,4.540803e+01,5.017239e+00
22.42200,4.418713e+02,1.081275e+02,3.963981e+02,1.031389e+02,4.547325e+01,4.988677e+00
22.42300,4.421238e+02,9.593993e+01,3.965838e+02,9.098427e+01,4.554005e+01,4.955638e+00
22.42400,4.423689e+02,8.344500e+01,3.967615e+02,7.852780e+01,4.560733e+01,4.917208e+00
22.42500,4.426497e+02,7.085153e+01,3.969737e+02,6.597807e+01,4.567599e+01,4.873477e+00
22.42600,4.428983e+02,5.824091e+01,3.971529e+02,5.341596e+01,4.574535e+01,4.824950e+00
22.42700,4.431452e+02,4.570037e+01,3.973301e+02,4.092897e+01,4.581504e+01,4.771405e+00
22.42800,4.434083e+02,3.261729e+01,3.975230e+02,2.790499e+01,4.588527e+01,4.712296e+00
22.42900,4.436551e+02,1.972798e+01,3.976995e+02,1.508037e+01,4.595571e+01,4.647613e+00
22.43000,4.438990e+02,6.795480e+00,3.978729e+02,2.217813e+00,4.602619e+01,4.577667e+00
22.43100,4.441389e+02,-6.199025e+00,3.980423e+02,-1.070146e+01,4.609654e+01,4.502439e+00
22.43200,4.443707e+02,-1.917878e+01,3.982041e+02,-2.360055e+01,4.616662e+01,4.421772e+00
22.43300,4.446034e+02,-3.221371e+01,3.983671e+02,-3.654988e+01,4.623633e+01,4.336167e+00
22.43400,4.448247e+02,-4.517853e+01,3.985193e+02,-4.942454e+01,4.630541e+01,4.246015e+00
22.43500,4.450373e+02,-5.827926e+01,3.986637e+02,-6.243010e+01,4.637360e+01,4.150843e+00
22.43600,4.452603e+02,-7.129213e+01,3.988193e+02,-7.534247e+01,4.644099e+01,4.050327e+00
22.43700,4.454608e+02,-8.430387e+01,3.989532e+02,-8.824873e+01,4.650754e+01,3.944875e+00
22.43800,4.456510e+02,-9.702107e+01,3.990783e+02,-1.008563e+02,4.657268e+01,3.835238e+00
22.43900,4.458503e+02,-1.100813e+02,3.992132e+02,-1.138027e+02,4.663706e+01,3.721371e+00
22.44000,4.460262e+02,-1.228405e+02,3.993261e+02,-1.264436e+02,4.670003e+01,3.603169e+00
22.44100,4.461929e+02,-1.354785e+02,3.994316e+02,-1.389591e+02,4.676135e+01,3.480701e+00
22.44200,4.463560e+02,-1.481071e+02,3.995351e+02,-1.514613e+02,4.682083e+01,3.354214e+00
22.44300,4.465069e+02,-1.605644e+02,3.996281e+02,-1.637881e+02,4.687877e+01,3.223687e+00
22.44400,4.466389e+02,-1.729367e+02,3.997043e+02,-1.760257e+02,4.693463e+01,3.088915e+00
22.44500,4.467665e+02,-1.850877e+02,3.997781e+02,-1.880377e+02,4.698838e+01,2.950007e+00
22.44600,4.468764e+02,-1.971322e+02,3.998366e+02,-1.999397e+02,4.703984e+01,2.807476e+00
22.44700,4.469857e+02,-2.090184e+02,3.998965e+02,-2.116802e+02,4.708909e+01,2.661842e+00
22.44800,4.470763e+02,-2.206966e+02,3.999404e+02,-2.232095e+02,4.713592e+01,2.512945e+00
22.44900,4.471599e+02,-2.321495e+02,3.999797e+02,-2.345101e+02,4.718018e+01,2.360557e+00
22.45000,4.472022e+02,-2.434197e+02,3.999805e+02,-2.456249e+02,4.722169e+01,2.205296e+00
22.45100,4.472447e+02,-2.544244e+02,3.999839e+02,-2.564716e+02,4.726081e+01,2.047251e+00
22.45200,4.472869e+02,-2.652476e+02,3.999894e+02,-2.671339e+02,4.729754e+01,1.886265e+00
22.45300,4.473115e+02,-2.758207e+02,3.999800e+02,-2.775432e+02,4.733144e+01,1.722440e+00
22.45400,4.473316e+02,-2.862300e+02,3.999691e+02,-2.877868e+02,4.736248e+01,1.556829e+00
22.45500,4.473279e+02,-2.962483e+02,3.999371e+02,-2.976376e+02,4.739079e+01,1.389371e+00
22.45600,4.473179e+02,-3.060723e+02,3.999018e+02,-3.072922e+02,4.741615e+01,1.219914e+00
22.45700,4.472939e+02,-3.156143e+02,3.998553e+02,-3.166631e+02,4.743864e+01,1.048732e+00
22.45800,4.472555e+02,-3.248473e+02,3.997974e+02,-3.257232e+02,4.745809e+01,8.759427e-01
22.45900,4.472044e+02,-3.337458e+02,3.997299e+02,-3.344476e+02,4.747458e+01,7.017660e-01
22.46000,4.471361e+02,-3.423567e+02,3.996482e+02,-3.428831e+02,4.748795e+01,5.264344e-01
22.46100,4.470545e+02,-3.503831e+02,3.995563e+02,-3.507344e+02,4.749829e+01,3.512871e-01
22.46200,4.469625e+02,-3.592757e+02,3.994568e+02,-3.594498e+02,4.750563e+01,1.740662e-01
22.46300,4.468739e+02,-3.666459e+02,3.993641e+02,-3.666414e+02,4.750983e+01,-4.472897e-03
22.46400,4.467713e+02,-3.737537e+02,3.992602e+02,-3.735708e+02,4.751107e+01,-1.829653e-01
22.46500,4.466569e+02,-3.805969e+02,3.991479e+02,-3.802364e+02,4.750895e+01,-3.604943e-01
22.46600,4.465728e+02,-3.871316e+02,3.990695e+02,-3.865942e+02,4.750330e+01,-5.374312e-01
22.46700,4.463373e+02,-3.927857e+02,3.988423e+02,-3.920720e+02,4.749506e+01,-7.137000e-01
22.46800,4.461806e+02,-3.988762e+02,3.986965e+02,-3.979879e+02,4.748419e+01,-8.883700e-01
22.46900,4.460141e+02,-4.044637e+02,3.985438e+02,-4.034011e+02,4.747029e+01,-1.062487e+00
22.47000,4.458382e+02,-4.096741e+02,3.983847e+02,-4.084380e+02,4.745351e+01,-1.236184e+00
22.47100,4.456507e+02,-4.145231e+02,3.982168e+02,-4.131141e+02,4.743387e+01,-1.408961e+00
22.47200,4.454545e+02,-4.190068e+02,3.980431e+02,-4.174260e+02,4.741139e+01,-1.580805e+00
22.47300,4.452475e+02,-4.230670e+02,3.978613e+02,-4.213156e+02,4.738615e+01,-1.751406e+00
22.47400,4.450405e+02,-4.268095e+02,3.976823e+02,-4.248891e+02,4.735821e+01,-1.920489e+00
22.47500,4.448293e+02,-4.302940e+02,3.975017e+02,-4.282067e+02,4.732760e+01,-2.087387e+00
22.47600,4.445867e+02,-4.329734e+02,3.972921e+02,-4.307213e+02,4.729454e+01,-2.252092e+00
22.47700,4.443487e+02,-4.355502e+02,3.970899e+02,-4.331365e+02,4.725880e+01,-2.413738e+00
22.47800,4.440605e+02,-4.377837e+02,3.968405e+02,-4.352105e+02,4.721998e+01,-2.573238e+00
22.47900,4.439054e+02,-4.394889e+02,3.967258e+02,-4.367595e+02,4.717962e+01,-2.729411e+00
22.48000,4.436545e+02,-4.408921e+02,3.965174e+02,-4.380094e+02,4.713708e+01,-2.882718e+00
22.48100,4.434032e+02,-4.419693e+02,3.963113e+02,-4.389361e+02,4.709189e+01,-3.033230e+00
22.48200,4.431666e+02,-4.427959e+02,3.961223e+02,-4.396156e+02,4.704428e+01,-3.180331e+00
22.48300,4.429406e+02,-4.435863e+02,3.959459e+02,-4.402627e+02,4.699473e+01,-3.323589e+00
22.48400,4.426289e+02,-4.426427e+02,3.956861e+02,-4.391795e+02,4.694273e+01,-3.463075e+00
22.48500,4.423575e+02,-4.419057e+02,3.954679e+02,-4.383044e+02,4.688972e+01,-3.601370e+00
22.48600,4.421299e+02,-4.412695e+02,3.952926e+02,-4.375317e+02,4.683727e+01,-3.737689e+00
22.48700,4.418693e+02,-4.400173e+02,3.950866e+02,-4.361461e+02,4.678275e+01,-3.871211e+00
22.48800,4.415880e+02,-4.390885e+02,3.948608e+02,-4.350865e+02,4.672721e+01,-4.001992e+00
22.48900,4.413393e+02,-4.365950e+02,3.946693e+02,-4.324662e+02,4.666998e+01,-4.128799e+00
22.49000,4.410801e+02,-4.341184e+02,3.944685e+02,-4.298675e+02,4.661160e+01,-4.250927e+00
22.49100,4.408315e+02,-4.317491e+02,3.942794e+02,-4.273809e+02,4.655205e+01,-4.368269e+00
22.49200,4.405917e+02,-4.287603e+02,3.940993e+02,-4.242782e+02,4.649237e+01,-4.482079e+00
22.49300,4.403345e+02,-4.256293e+02,3.939030e+02,-4.210370e+02,4.643149e+01,-4.592340e+00
22.49400,4.400928e+02,-4.219219e+02,3.937235e+02,-4.172225e+02,4.636927e+01,-4.699368e+00
22.49500,4.398607e+02,-4.180917e+02,3.935543e+02,-4.132893e+02,4.630640e+01,-4.802464e+00
22.49600,4.396267e+02,-4.138368e+02,3.933842e+02,-4.089353e+02,4.624247e+01,-4.901485e+00
22.49700,4.394033e+02,-4.092011e+02,3.932249e+02,-4.042049e+02,4.617841e+01,-4.996116e+00
22.49800,4.391836e+02,-4.043840e+02,3.930695e+02,-3.992975e+02,4.611415e+01,-5.086490e+00
22.49900,4.389745e+02,-3.992093e+02,3.929248e+02,-3.940367e+02,4.604974e+01,-5.172608e+00
22.50000,4.387701e+02,-3.936809e+02,3.927848e+02,-3.884266e+02,4.598531e+01,-5.254308e+00
22.50100,4.385729e+02,-3.879956e+02,3.926520e+02,-3.826639e+02,4.592094e+01,-5.331753e+00
22.50200,4.383803e+02,-3.817922e+02,3.925235e+02,-3.763872e+02,4.585685e+01,-5.405030e+00
22.50300,4.381979e+02,-3.755277e+02,3.924048e+02,-3.700536e+02,4.579307e+01,-5.474066e+00
22.50400,4.380219e+02,-3.688539e+02,3.922921e+02,-3.633156e+02,4.572980e+01,-5.538288e+00
22.50500,4.378638e+02,-3.619970e+02,3.921966e+02,-3.563991e+02,4.566723e+01,-5.597924e+00
22.50600,4.377199e+02,-3.546048e+02,3.921137e+02,-3.489515e+02,4.560616e+01,-5.653266e+00
22.50700,4.375404e+02,-3.477149e+02,3.919955e+02,-3.420107e+02,4.554494e+01,-5.704171e+00
22.50800,4.374097e+02,-3.399861e+02,3.919251e+02,-3.342354e+02,4.548459e+01,-5.750692e+00
22.50900,4.372882e+02,-3.320037e+02,3.918627e+02,-3.262106e+02,4.542552e+01,-5.793092e+00
22.51000,4.371213e+02,-3.243220e+02,3.917541e+02,-3.184911e+02,4.536731e+01,-5.830964e+00
22.51100,4.370073e+02,-3.159461e+02,3.916971e+02,-3.100823e+02,4.531017e+01,-5.863839e+00
22.51200,4.368769e+02,-3.077971e+02,3.916225e+02,-3.019053e+02,4.525451e+01,-5.891861e+00
22.51300,4.367729e+02,-2.990587e+02,3.915725e+02,-2.931439e+02,4.520042e+01,-5.914771e+00
22.51400,4.367437e+02,-2.893887e+02,3.915965e+02,-2.834529e+02,4.514718e+01,-5.935805e+00
22.51500,4.366568e+02,-2.804563e+02,3.915614e+02,-2.745018e+02,4.509539e+01,-5.954459e+00
22.51600,4.365814e+02,-2.713560e+02,3.915361e+02,-2.653867e+02,4.504535e+01,-5.969263e+00
22.51700,4.365182e+02,-2.619715e+02,3.915211e+02,-2.559918e+02,4.499709e+01,-5.979702e+00
22.51800,4.364630e+02,-2.525042e+02,3.915123e+02,-2.465183e+02,4.495064e+01,-5.985877e+00
22.51900,4.364154e+02,-2.427609e+02,3.915094e+02,-2.367729e+02,4.490599e+01,-5.987976e+00
22.52000,4.363765e+02,-2.328997e+02,3.915134e+02,-2.269133e+02,4.486307e+01,-5.986351e+00
22.52100,4.363466e+02,-2.229645e+02,3.915245e+02,-2.169834e+02,4.482208e+01,-5.981154e+00
22.52200,4.363253e+02,-2.128979e+02,3.915423e+02,-2.069257e+02,4.478293e+01,-5.972239e+00
22.52300,4.363126e+02,-2.026668e+02,3.915669e+02,-1.967075e+02,4.474568e+01,-5.959286e+00
22.52400,4.363072e+02,-1.923363e+02,3.915970e+02,-1.863941e+02,4.471023e+01,-5.942179e+00
22.52500,4.363137e+02,-1.819738e+02,3.916372e+02,-1.760525e+02,4.467653e+01,-5.921222e+00
22.52600,4.363233e+02,-1.714585e+02,3.916789e+02,-1.655619e+02,4.464449e+01,-5.896517e+00
22.52700,4.363090e+02,-1.607604e+02,3.916945e+02,-1.548922e+02,4.461443e+01,-5.868172e+00
22.52800,4.362771e+02,-1.506281e+02,3.916893e+02,-1.447917e+02,4.458772e+01,-5.836361e+00
22.52900,4.363303e+02,-1.392886e+02,3.917666e+02,-1.334875e+02,4.456370e+01,-5.801063e+00
22.53000,4.363700e+02,-1.284687e+02,3.918285e+02,-1.227074e+02,4.454153e+01,-5.761296e+00
22.53100,4.364070e+02,-1.176739e+02,3.918856e+02,-1.119563e+02,4.452139e+01,-5.717603e+00
22.53200,4.364489e+02,-1.068139e+02,3.919458e+02,-1.011435e+02,4.450317e+01,-5.670390e+00
22.53300,4.364933e+02,-9.589020e+01,3.920065e+02,-9.027027e+01,4.448677e+01,-5.619899e+00
22.53400,4.365407e+02,-8.494347e+01,3.920686e+02,-7.937727e+01,4.447214e+01,-5.566196e+00
22.53500,4.366087e+02,-7.397080e+01,3.921493e+02,-6.846187e+01,4.445943e+01,-5.508939e+00
22.53600,4.366509e+02,-6.307469e+01,3.922025e+02,-5.762590e+01,4.444830e+01,-5.448792e+00
22.53700,4.367096e+02,-5.206609e+01,3.922709e+02,-4.668045e+01,4.443871e+01,-5.385639e+00
22.53800,4.367661e+02,-4.108534e+01,3.923357e+02,-3.576537e+01,4.443038e+01,-5.319973e+00
22.53900,4.368476e+02,-3.007827e+01,3.924237e+02,-2.482709e+01,4.442385e+01,-5.251175e+00
22.54000,4.368861e+02,-1.904681e+01,3.924673e+02,-1.386742e+01,4.441875e+01,-5.179392e+00
22.54100,4.369640e+02,-8.065507e+00,3.925491e+02,-2.960439e+00,4.441495e+01,-5.105069e+00
22.54200,4.370291e+02,2.646507e+00,3.926167e+02,7.674207e+00,4.441243e+01,-5.027698e+00
22.54300,4.370986e+02,1.348118e+01,3.926872e+02,1.842863e+01,4.441137e+01,-4.947449e+00
22.54400,4.371699e+02,2.441687e+01,3.927586e+02,2.928123e+01,4.441137e+01,-4.864363e+00
22.54500,4.372381e+02,3.515233e+01,3.928258e+02,3.993102e+01,4.441229e+01,-4.778691e+00
22.54600,4.373191e+02,4.594479e+01,3.929048e+02,5.063538e+01,4.441430e+01,-4.690593e+00
22.54700,4.373891e+02,5.664923e+01,3.929718e+02,6.124929e+01,4.441734e+01,-4.600063e+00
22.54800,4.374589e+02,6.722467e+01,3.930376e+02,7.173167e+01,4.442123e+01,-4.506992e+00
22.54900,4.375277e+02,7.774913e+01,3.931019e+02,8.216040e+01,4.442585e+01,-4.411289e+00
22.55000,4.375937e+02,8.816407e+01,3.931625e+02,9.247713e+01,4.443113e+01,-4.313069e+00
22.55100,4.376628e+02,9.852280e+01,3.932257e+02,1.027352e+02,4.443706e+01,-4.212381e+00
22.55200,4.377245e+02,1.087991e+02,3.932810e+02,1.129084e+02,4.444349e+01,-4.109281e+00
22.55300,4.377851e+02,1.189785e+02,3.933347e+02,1.229826e+02,4.445036e+01,-4.004125e+00
22.55400,4.378428e+02,1.290324e+02,3.933852e+02,1.329297e+02,4.445765e+01,-3.897296e+00
22.55500,4.378961e+02,1.389252e+02,3.934309e+02,1.427139e+02,4.446523e+01,-3.788689e+00
22.55600,4.379605e+02,1.489806e+02,3.934874e+02,1.526582e+02,4.447309e+01,-3.677614e+00
22.55700,4.380102e+02,1.586723e+02,3.935290e+02,1.622369e+02,4.448117e+01,-3.564550e+00
22.55800,4.380567e+02,1.683058e+02,3.935674e+02,1.717555e+02,4.448935e+01,-3.449753e+00
22.55900,4.381032e+02,1.777614e+02,3.936056e+02,1.810945e+02,4.449757e+01,-3.333106e+00
22.56000,4.381438e+02,1.871145e+02,3.936380e+02,1.903293e+02,4.450582e+01,-3.214821e+00
22.56100,4.381833e+02,1.963558e+02,3.936693e+02,1.994512e+02,4.451405e+01,-3.095383e+00
22.56200,4.382145e+02,2.054389e+02,3.936923e+02,2.084135e+02,4.452212e+01,-2.974608e+00
22.56300,4.382400e+02,2.143555e+02,3.937101e+02,2.172078e+02,4.452989e+01,-2.852336e+00
22.56400,4.382700e+02,2.231168e+02,3.937326e+02,2.258455e+02,4.453743e+01,-2.728727e+00
22.56500,4.382961e+02,2.317635e+02,3.937513e+02,2.343671e+02,4.454479e+01,-2.603623e+00
22.56600,4.383111e+02,2.402402e+02,3.937593e+02,2.427175e+02,4.455184e+01,-2.477267e+00
22.56700,4.383219e+02,2.485745e+02,3.937635e+02,2.509243e+02,4.455842e+01,-2.349885e+00
22.56800,4.383324e+02,2.567026e+02,3.937679e+02,2.589243e+02,4.456455e+01,-2.221753e+00
22.56900,4.383356e+02,2.646745e+02,3.937654e+02,2.667671e+02,4.457017e+01,-2.092569e+00
22.57000,4.383347e+02,2.724679e+02,3.937595e+02,2.744302e+02,4.457524e+01,-1.962295e+00
22.57100,4.383330e+02,2.800569e+02,3.937533e+02,2.818880e+02,4.457965e+01,-1.831122e+00
22.57200,4.383211e+02,2.874489e+02,3.937375e+02,2.891481e+02,4.458354e+01,-1.699110e+00
22.57300,4.383008e+02,2.947129e+02,3.937139e+02,2.962793e+02,4.458691e+01,-1.566376e+00
22.57400,4.382833e+02,3.017813e+02,3.936935e+02,3.032144e+02,4.458975e+01,-1.433139e+00
22.57500,4.382579e+02,3.086490e+02,3.936659e+02,3.099487e+02,4.459199e+01,-1.299690e+00
22.57600,4.382290e+02,3.151896e+02,3.936353e+02,3.163555e+02,4.459365e+01,-1.165927e+00
22.57700,4.382276e+02,3.216631e+02,3.936331e+02,3.226947e+02,4.459447e+01,-1.031675e+00
22.57800,4.382061e+02,3.276409e+02,3.936118e+02,3.285386e+02,4.459426e+01,-8.976920e-01
22.57900,4.381605e+02,3.337753e+02,3.935673e+02,3.345383e+02,4.459327e+01,-7.630753e-01
22.58000,4.381195e+02,3.396123e+02,3.935279e+02,3.402403e+02,4.459155e+01,-6.280007e-01
22.58100,4.380714e+02,3.452067e+02,3.934823e+02,3.456995e+02,4.458911e+01,-4.927377e-01
22.58200,4.380252e+02,3.505879e+02,3.934392e+02,3.509456e+02,4.458602e+01,-3.576692e-01
22.58300,4.379767e+02,3.557558e+02,3.933945e+02,3.559783e+02,4.458224e+01,-2.224409e-01
22.58400,4.379307e+02,3.607435e+02,3.933529e+02,3.608302e+02,4.457773e+01,-8.668733e-02
22.58500,4.378435e+02,3.649882e+02,3.932707e+02,3.649399e+02,4.457283e+01,4.829451e-02
22.58600,4.377892e+02,3.695258e+02,3.932219e+02,3.693430e+02,4.456733e+01,1.827701e-01
22.58700,4.377351e+02,3.737419e+02,3.931739e+02,3.734247e+02,4.456117e+01,3.172785e-01
22.58800,4.376739e+02,3.777226e+02,3.931195e+02,3.772709e+02,4.455441e+01,4.517327e-01
22.58900,4.376123e+02,3.813769e+02,3.930653e+02,3.807912e+02,4.454708e+01,5.856766e-01
22.59000,4.375502e+02,3.848438e+02,3.930109e+02,3.841246e+02,4.453933e+01,7.191927e-01
22.59100,4.374482e+02,3.881877e+02,3.929166e+02,3.873352e+02,4.453157e+01,8.524680e-01
22.59200,4.374347e+02,3.907728e+02,3.929114e+02,3.897880e+02,4.452331e+01,9.847893e-01
22.59300,4.373653e+02,3.934201e+02,3.928507e+02,3.923032e+02,4.451461e+01,1.116915e+00
22.59400,4.373001e+02,3.957090e+02,3.927943e+02,3.944609e+02,4.450580e+01,1.248147e+00
22.59500,4.372371e+02,3.981007e+02,3.927405e+02,3.967227e+02,4.449663e+01,1.377984e+00
22.59600,4.371723e+02,3.999439e+02,3.926857e+02,3.984372e+02,4.448665e+01,1.506649e+00
22.59700,4.371091e+02,4.015191e+02,3.926326e+02,3.998848e+02,4.447653e+01,1.634225e+00
22.59800,4.370321e+02,4.027681e+02,3.925660e+02,4.010075e+02,4.446613e+01,1.760659e+00
22.59900,4.369936e+02,4.040897e+02,3.925378e+02,4.022035e+02,4.445579e+01,1.886228e+00
22.60000,4.369426e+02,4.045275e+02,3.924973e+02,4.025171e+02,4.444527e+01,2.010304e+00
22.60100,4.369045e+02,4.055116e+02,3.924701e+02,4.033808e+02,4.443438e+01,2.130799e+00
22.60200,4.368010e+02,4.049533e+02,3.923758e+02,4.027033e+02,4.442524e+01,2.249957e+00
22.60300,4.367353e+02,4.051723e+02,3.923182e+02,4.028043e+02,4.441718e+01,2.367943e+00
22.60400,4.367609e+02,4.038707e+02,3.923517e+02,4.013847e+02,4.440915e+01,2.485992e+00
22.60500,4.367307e+02,4.031546e+02,3.923295e+02,4.005502e+02,4.440117e+01,2.604395e+00
22.60600,4.367045e+02,4.022233e+02,3.923105e+02,3.995016e+02,4.439393e+01,2.721627e+00
22.60700,4.366799e+02,4.008301e+02,3.922925e+02,3.979930e+02,4.438747e+01,2.837027e+00
22.60800,4.366668e+02,3.991342e+02,3.922853e+02,3.961833e+02,4.438151e+01,2.950921e+00
22.60900,4.366051e+02,3.973361e+02,3.922289e+02,3.942729e+02,4.437611e+01,3.063226e+00
22.61000,4.366033e+02,3.949959e+02,3.922317e+02,3.918223e+02,4.437149e+01,3.173640e+00
22.61100,4.366070e+02,3.923138e+02,3.922389e+02,3.890317e+02,4.436811e+01,3.282092e+00
22.61200,4.366201e+02,3.892317e+02,3.922540e+02,3.858429e+02,4.436605e+01,3.388775e+00
22.61300,4.366148e+02,3.861808e+02,3.922495e+02,3.826876e+02,4.436529e+01,3.493201e+00
22.61400,4.366364e+02,3.826673e+02,3.922709e+02,3.790721e+02,4.436549e+01,3.595177e+00
22.61500,4.366723e+02,3.788025e+02,3.923052e+02,3.751081e+02,4.436705e+01,3.694471e+00
22.61600,4.367133e+02,3.746771e+02,3.923434e+02,3.708856e+02,4.436996e+01,3.791485e+00
22.61700,4.368013e+02,3.696131e+02,3.924273e+02,3.657275e+02,4.437394e+01,3.885677e+00
22.61800,4.368259e+02,3.648109e+02,3.924464e+02,3.608345e+02,4.437951e+01,3.976492e+00
22.61900,4.368955e+02,3.599635e+02,3.925073e+02,3.558982e+02,4.438820e+01,4.065372e+00
22.62000,4.369632e+02,3.544510e+02,3.925641e+02,3.502999e+02,4.439916e+01,4.151069e+00
22.62100,4.370460e+02,3.486330e+02,3.926340e+02,3.443995e+02,4.441203e+01,4.233496e+00
22.62200,4.371381e+02,3.426087e+02,3.927112e+02,3.382961e+02,4.442695e+01,4.312648e+00
22.62300,4.372399e+02,3.362190e+02,3.927959e+02,3.318307e+02,4.444402e+01,4.388307e+00
22.62400,4.373491e+02,3.294836e+02,3.928859e+02,3.250231e+02,4.446325e+01,4.460439e+00
22.62500,4.374713e+02,3.224709e+02,3.929865e+02,3.179419e+02,4.448479e+01,4.528993e+00
22.62600,4.375983e+02,3.152501e+02,3.930896e+02,3.106569e+02,4.450873e+01,4.593245e+00
22.62700,4.377384e+02,3.074744e+02,3.932040e+02,3.028201e+02,4.453437e+01,4.654228e+00
22.62800,4.378775e+02,2.996023e+02,3.933155e+02,2.948901e+02,4.456205e+01,4.712230e+00
22.62900,4.380341e+02,2.912865e+02,3.934422e+02,2.865199e+02,4.459187e+01,4.766671e+00
22.63000,4.382113e+02,2.830265e+02,3.935869e+02,2.782094e+02,4.462439e+01,4.817089e+00
22.63100,4.383586e+02,2.746076e+02,3.936993e+02,2.697435e+02,4.465923e+01,4.864147e+00
22.63200,4.385548e+02,2.654844e+02,3.938583e+02,2.605779e+02,4.469651e+01,4.906547e+00
22.63300,4.387310e+02,2.562065e+02,3.939948e+02,2.512621e+02,4.473619e+01,4.944420e+00
22.63400,4.389209e+02,2.467605e+02,3.941428e+02,2.417822e+02,4.477811e+01,4.978207e+00
22.63500,4.391289e+02,2.364499e+02,3.943069e+02,2.314431e+02,4.482203e+01,5.006741e+00
22.63600,4.393605e+02,2.266612e+02,3.944919e+02,2.216301e+02,4.486859e+01,5.031133e+00
22.63700,4.395753e+02,2.162859e+02,3.946579e+02,2.112350e+02,4.491740e+01,5.050912e+00
22.63800,4.397976e+02,2.057450e+02,3.948293e+02,2.006791e+02,4.496824e+01,5.065874e+00
22.63900,4.400201e+02,1.949887e+02,3.949990e+02,1.899129e+02,4.502105e+01,5.075914e+00
22.64000,4.402596e+02,1.841284e+02,3.951837e+02,1.790474e+02,4.507587e+01,5.080974e+00
22.64100,4.404967e+02,1.728684e+02,3.953641e+02,1.677873e+02,4.513257e+01,5.081013e+00
22.64200,4.407377e+02,1.615146e+02,3.955467e+02,1.564384e+02,4.519105e+01,5.076231e+00
22.64300,4.409851e+02,1.499496e+02,3.957339e+02,1.448833e+02,4.525115e+01,5.066279e+00
22.64400,4.412361e+02,1.381916e+02,3.959232e+02,1.331407e+02,4.531281e+01,5.050851e+00
22.64500,4.414765e+02,1.263269e+02,3.961007e+02,1.212969e+02,4.537570e+01,5.029976e+00
22.64600,4.417441e+02,1.140126e+02,3.963044e+02,1.090089e+02,4.543976e+01,5.003723e+00
22.64700,4.419953e+02,1.021247e+02,3.964893e+02,9.715167e+01,4.550594e+01,4.973075e+00
22.64800,4.422381e+02,8.976820e+01,3.966651e+02,8.483073e+01,4.557301e+01,4.937476e+00
22.64900,4.425175e+02,7.723080e+01,3.968766e+02,7.233440e+01,4.564091e+01,4.896386e+00
22.65000,4.427739e+02,6.465123e+01,3.970639e+02,5.980097e+01,4.571000e+01,4.850263e+00
22.65100,4.430238e+02,5.204075e+01,3.972442e+02,4.724144e+01,4.577955e+01,4.799312e+00
22.65200,4.432809e+02,3.911792e+01,3.974314e+02,3.437485e+01,4.584947e+01,4.743073e+00
22.65300,4.435293e+02,2.628755e+01,3.976095e+02,2.160634e+01,4.591984e+01,4.681213e+00
22.65400,4.437764e+02,1.338275e+01,3.977861e+02,8.768813e+00,4.599032e+01,4.613928e+00
22.65500,4.440173e+02,4.662541e-01,3.979566e+02,-4.075162e+00,4.606075e+01,4.541417e+00
22.65600,4.442529e+02,-1.254832e+01,3.981219e+02,-1.701181e+01,4.613099e+01,4.463487e+00
22.65700,4.444851e+02,-2.561159e+01,3.982843e+02,-2.999191e+01,4.620090e+01,4.380311e+00
22.65800,4.447133e+02,-3.859951e+01,3.984429e+02,-4.289201e+01,4.627033e+01,4.292507e+00
22.65900,4.449266e+02,-5.145355e+01,3.985876e+02,-5.565353e+01,4.633901e+01,4.199985e+00
22.66000,4.451463e+02,-6.475659e+01,3.987395e+02,-6.885867e+01,4.640673e+01,4.102093e+00
22.66100,4.453606e+02,-7.769033e+01,3.988868e+02,-8.168953e+01,4.647381e+01,3.999180e+00
22.66200,4.455507e+02,-9.063760e+01,3.990111e+02,-9.452913e+01,4.653964e+01,3.891507e+00
22.66300,4.457584e+02,-1.035589e+02,3.991540e+02,-1.073387e+02,4.660443e+01,3.779875e+00
22.66400,4.459378e+02,-1.163342e+02,3.992696e+02,-1.199981e+02,4.666817e+01,3.663867e+00
22.66500,4.461113e+02,-1.290616e+02,3.993809e+02,-1.326051e+02,4.673037e+01,3.543511e+00
22.66600,4.462649e+02,-1.416337e+02,3.994743e+02,-1.450529e+02,4.679071e+01,3.419112e+00
22.66700,4.464331e+02,-1.542592e+02,3.995836e+02,-1.575499e+02,4.684951e+01,3.290627e+00
22.66800,4.465735e+02,-1.666656e+02,3.996670e+02,-1.698237e+02,4.690647e+01,3.158058e+00
22.66900,4.467050e+02,-1.789379e+02,3.997437e+02,-1.819591e+02,4.696130e+01,3.021199e+00
22.67000,4.468216e+02,-1.910378e+02,3.998077e+02,-1.939182e+02,4.701395e+01,2.880426e+00
22.67100,4.469339e+02,-2.029631e+02,3.998695e+02,-2.056995e+02,4.706431e+01,2.736327e+00
22.67200,4.470315e+02,-2.147811e+02,3.999191e+02,-2.173703e+02,4.711240e+01,2.589182e+00
22.67300,4.471179e+02,-2.263015e+02,3.999599e+02,-2.287400e+02,4.715798e+01,2.438517e+00
22.67400,4.472053e+02,-2.377279e+02,4.000044e+02,-2.400125e+02,4.720094e+01,2.284657e+00
22.67500,4.472396e+02,-2.489533e+02,3.999985e+02,-2.510813e+02,4.724114e+01,2.128017e+00
22.67600,4.472667e+02,-2.598118e+02,3.999875e+02,-2.617804e+02,4.727919e+01,1.968615e+00
22.67700,4.473021e+02,-2.705074e+02,3.999876e+02,-2.723135e+02,4.731455e+01,1.806073e+00
22.67800,4.473160e+02,-2.809481e+02,3.999691e+02,-2.825895e+02,4.734697e+01,1.641314e+00
22.67900,4.473333e+02,-2.912251e+02,3.999565e+02,-2.926999e+02,4.737676e+01,1.474866e+00
22.68000,4.473254e+02,-3.011077e+02,3.999218e+02,-3.024141e+02,4.740360e+01,1.306423e+00
22.68100,4.473113e+02,-3.108243e+02,3.998837e+02,-3.119604e+02,4.742757e+01,1.136068e+00
22.68200,4.472755e+02,-3.201640e+02,3.998269e+02,-3.211281e+02,4.744857e+01,9.640780e-01
22.68300,4.472329e+02,-3.292547e+02,3.997664e+02,-3.300453e+02,4.746657e+01,7.905880e-01
22.68400,4.471706e+02,-3.379838e+02,3.996891e+02,-3.385995e+02,4.748153e+01,6.157366e-01
22.68500,4.470989e+02,-3.464220e+02,3.996055e+02,-3.468623e+02,4.749341e+01,4.403148e-01
22.68600,4.470063e+02,-3.547177e+02,3.995040e+02,-3.549825e+02,4.750227e+01,2.647977e-01
22.68700,4.469279e+02,-3.628599e+02,3.994197e+02,-3.629463e+02,4.750807e+01,8.643107e-02
22.68800,4.468060e+02,-3.703893e+02,3.992951e+02,-3.702970e+02,4.751085e+01,-9.232087e-02
22.68900,4.467230e+02,-3.770640e+02,3.992125e+02,-3.767939e+02,4.751043e+01,-2.701347e-01
22.69000,4.466305e+02,-3.835482e+02,3.991239e+02,-3.831010e+02,4.750660e+01,-4.472164e-01
22.69100,4.464635e+02,-3.900590e+02,3.989639e+02,-3.894347e+02,4.749951e+01,-6.243499e-01
22.69200,4.462594e+02,-3.958237e+02,3.987693e+02,-3.950243e+02,4.749009e+01,-7.995247e-01
22.69300,4.460997e+02,-4.016629e+02,3.986220e+02,-4.006890e+02,4.747773e+01,-9.739067e-01
22.69400,4.459273e+02,-4.070627e+02,3.984649e+02,-4.059148e+02,4.746239e+01,-1.147827e+00
22.69500,4.457470e+02,-4.121295e+02,3.983027e+02,-4.108084e+02,4.744423e+01,-1.321135e+00
22.69600,4.455551e+02,-4.167323e+02,3.981319e+02,-4.152389e+02,4.742318e+01,-1.493457e+00
22.69700,4.453546e+02,-4.210063e+02,3.979553e+02,-4.193415e+02,4.739934e+01,-1.664741e+00
22.69800,4.451388e+02,-4.248821e+02,3.977659e+02,-4.230475e+02,4.737283e+01,-1.834651e+00
22.69900,4.449379e+02,-4.285507e+02,3.975943e+02,-4.265480e+02,4.734352e+01,-2.002679e+00
22.70000,4.447348e+02,-4.320680e+02,3.974231e+02,-4.298992e+02,4.731171e+01,-2.168788e+00
22.70100,4.444743e+02,-4.343442e+02,3.971969e+02,-4.320125e+02,4.727737e+01,-2.331744e+00
22.70200,4.442243e+02,-4.366557e+02,3.969841e+02,-4.341635e+02,4.724021e+01,-2.492206e+00
22.70300,4.440249e+02,-4.387575e+02,3.968245e+02,-4.361071e+02,4.720041e+01,-2.650341e+00
22.70400,4.437835e+02,-4.402045e+02,3.966244e+02,-4.373996e+02,4.715910e+01,-2.804931e+00
22.70500,4.435320e+02,-4.414599e+02,3.964168e+02,-4.385028e+02,4.711525e+01,-2.957074e+00
22.70600,4.432716e+02,-4.422709e+02,3.962029e+02,-4.391650e+02,4.706873e+01,-3.105893e+00
22.70700,4.430479e+02,-4.430699e+02,3.960277e+02,-4.398187e+02,4.702021e+01,-3.251157e+00
22.70800,4.428008e+02,-4.431930e+02,3.958313e+02,-4.398008e+02,4.696947e+01,-3.392207e+00
22.70900,4.424929e+02,-4.422438e+02,3.955763e+02,-4.387127e+02,4.691655e+01,-3.531103e+00
22.71000,4.422572e+02,-4.418263e+02,3.953931e+02,-4.381577e+02,4.686413e+01,-3.668586e+00
22.71100,4.420231e+02,-4.405079e+02,3.952124e+02,-4.367043e+02,4.681072e+01,-3.803631e+00
22.71200,4.416892e+02,-4.396045e+02,3.949335e+02,-4.356687e+02,4.675562e+01,-3.935747e+00
22.71300,4.414717e+02,-4.378132e+02,3.947723e+02,-4.337484e+02,4.669939e+01,-4.064822e+00
22.71400,4.412437e+02,-4.360085e+02,3.946022e+02,-4.318189e+02,4.664151e+01,-4.189509e+00
22.71500,4.409488e+02,-4.323303e+02,3.943665e+02,-4.280213e+02,4.658232e+01,-4.308931e+00
22.71600,4.407121e+02,-4.303989e+02,3.941893e+02,-4.259743e+02,4.652279e+01,-4.424640e+00
22.71700,4.404677e+02,-4.270643e+02,3.940049e+02,-4.225278e+02,4.646275e+01,-4.536528e+00
22.71800,4.402121e+02,-4.239280e+02,3.938111e+02,-4.192827e+02,4.640100e+01,-4.645378e+00
22.71900,4.399779e+02,-4.199723e+02,3.936393e+02,-4.152219e+02,4.633857e+01,-4.750417e+00
22.72000,4.397644e+02,-4.160896e+02,3.934893e+02,-4.112380e+02,4.627505e+01,-4.851625e+00
22.72100,4.395151e+02,-4.116098e+02,3.933040e+02,-4.066613e+02,4.621103e+01,-4.948509e+00
22.72200,4.392946e+02,-4.068931e+02,3.931477e+02,-4.018521e+02,4.614689e+01,-5.041019e+00
22.72300,4.390798e+02,-4.019285e+02,3.929973e+02,-3.967991e+02,4.608253e+01,-5.129309e+00
22.72400,4.388723e+02,-3.964797e+02,3.928542e+02,-3.912664e+02,4.601809e+01,-5.213261e+00
22.72500,4.386686e+02,-3.908903e+02,3.927149e+02,-3.855974e+02,4.595366e+01,-5.292860e+00
22.72600,4.384788e+02,-3.849769e+02,3.925893e+02,-3.796087e+02,4.588945e+01,-5.368243e+00
22.72700,4.382881e+02,-3.786931e+02,3.924627e+02,-3.732536e+02,4.582547e+01,-5.439495e+00
22.72800,4.381135e+02,-3.722980e+02,3.923515e+02,-3.667918e+02,4.576195e+01,-5.506201e+00
22.72900,4.379386e+02,-3.655353e+02,3.922397e+02,-3.599671e+02,4.569892e+01,-5.568144e+00
22.73000,4.377884e+02,-3.584533e+02,3.921515e+02,-3.528277e+02,4.563696e+01,-5.625592e+00
22.73100,4.376155e+02,-3.514507e+02,3.920395e+02,-3.457719e+02,4.557610e+01,-5.678801e+00
22.73200,4.374899e+02,-3.437591e+02,3.919747e+02,-3.380316e+02,4.551519e+01,-5.727531e+00
22.73300,4.373491e+02,-3.361602e+02,3.918937e+02,-3.303882e+02,4.545541e+01,-5.772029e+00
22.73400,4.372152e+02,-3.282241e+02,3.918183e+02,-3.224118e+02,4.539691e+01,-5.812247e+00
22.73500,4.370593e+02,-3.202483e+02,3.917203e+02,-3.144006e+02,4.533903e+01,-5.847740e+00
22.73600,4.369389e+02,-3.120072e+02,3.916562e+02,-3.061290e+02,4.528265e+01,-5.878211e+00
22.73700,4.368111e+02,-3.036521e+02,3.915833e+02,-2.977485e+02,4.522779e+01,-5.903612e+00
22.73800,4.367637e+02,-2.942038e+02,3.915895e+02,-2.882785e+02,4.517418e+01,-5.925219e+00
22.73900,4.367012e+02,-2.851303e+02,3.915797e+02,-2.791849e+02,4.512153e+01,-5.945408e+00
22.74000,4.366190e+02,-2.760063e+02,3.915484e+02,-2.700440e+02,4.507061e+01,-5.962232e+00
22.74100,4.365494e+02,-2.667382e+02,3.915279e+02,-2.607633e+02,4.502143e+01,-5.974949e+00
22.74200,4.364903e+02,-2.573355e+02,3.915162e+02,-2.513522e+02,4.497406e+01,-5.983227e+00
22.74300,4.364383e+02,-2.477655e+02,3.915097e+02,-2.417781e+02,4.492849e+01,-5.987399e+00
22.74400,4.363921e+02,-2.380461e+02,3.915074e+02,-2.320585e+02,4.488467e+01,-5.987628e+00
22.74500,4.363619e+02,-2.280659e+02,3.915192e+02,-2.220816e+02,4.484271e+01,-5.984260e+00
22.74600,4.363353e+02,-2.180713e+02,3.915327e+02,-2.120940e+02,4.480262e+01,-5.977247e+00
22.74700,4.363222e+02,-2.078743e+02,3.915578e+02,-2.019079e+02,4.476441e+01,-5.966417e+00
22.74800,4.363101e+02,-1.976372e+02,3.915821e+02,-1.916859e+02,4.472806e+01,-5.951386e+00
22.74900,4.363098e+02,-1.872245e+02,3.916163e+02,-1.812921e+02,4.469347e+01,-5.932350e+00
22.75000,4.363220e+02,-1.768577e+02,3.916615e+02,-1.709481e+02,4.466057e+01,-5.909560e+00
22.75100,4.363208e+02,-1.662657e+02,3.916913e+02,-1.603826e+02,4.462948e+01,-5.883077e+00
22.75200,4.362842e+02,-1.556007e+02,3.916834e+02,-1.497479e+02,4.460079e+01,-5.852851e+00
22.75300,4.362924e+02,-1.452041e+02,3.917167e+02,-1.393844e+02,4.457574e+01,-5.819619e+00
22.75400,4.363489e+02,-1.340141e+02,3.917963e+02,-1.282320e+02,4.455255e+01,-5.782073e+00
22.75500,4.363869e+02,-1.231747e+02,3.918555e+02,-1.174343e+02,4.453139e+01,-5.740291e+00
22.75600,4.364264e+02,-1.123679e+02,3.919141e+02,-1.066731e+02,4.451221e+01,-5.694848e+00
22.75700,4.364716e+02,-1.014430e+02,3.919767e+02,-9.579700e+01,4.449490e+01,-5.646003e+00
22.75800,4.365163e+02,-9.053453e+01,3.920369e+02,-8.494060e+01,4.447937e+01,-5.593955e+00
22.75900,4.365709e+02,-7.957873e+01,3.921053e+02,-7.404013e+01,4.446563e+01,-5.538560e+00
22.76000,4.366244e+02,-6.864267e+01,3.921707e+02,-6.316290e+01,4.445379e+01,-5.479769e+00
22.76100,4.366799e+02,-5.765829e+01,3.922365e+02,-5.224014e+01,4.444341e+01,-5.418149e+00
22.76200,4.367381e+02,-4.668374e+01,3.923037e+02,-4.132995e+01,4.443444e+01,-5.353791e+00
22.76300,4.368028e+02,-3.562831e+01,3.923759e+02,-3.034175e+01,4.442691e+01,-5.286556e+00
22.76400,4.368540e+02,-2.460781e+01,3.924328e+02,-1.939152e+01,4.442120e+01,-5.216287e+00
22.76500,4.369245e+02,-1.366943e+01,3.925078e+02,-8.526207e+00,4.441671e+01,-5.143218e+00
22.76600,4.369972e+02,-2.540664e+00,3.925837e+02,2.526714e+00,4.441347e+01,-5.067378e+00
22.76700,4.370639e+02,7.986393e+00,3.926521e+02,1.297504e+01,4.441178e+01,-4.988651e+00
22.76800,4.371351e+02,1.886711e+01,3.927238e+02,2.377411e+01,4.441125e+01,-4.907003e+00
22.76900,4.372057e+02,2.974465e+01,3.927939e+02,3.456725e+01,4.441173e+01,-4.822594e+00
22.77000,4.372787e+02,4.041091e+01,3.928657e+02,4.514666e+01,4.441311e+01,-4.735750e+00
22.77100,4.373536e+02,5.119028e+01,3.929379e+02,5.583671e+01,4.441567e+01,-4.646429e+00
22.77200,4.374233e+02,6.185629e+01,3.930041e+02,6.641103e+01,4.441915e+01,-4.554735e+00
22.77300,4.374923e+02,7.242400e+01,3.930689e+02,7.688433e+01,4.442340e+01,-4.460335e+00
22.77400,4.375611e+02,8.288987e+01,3.931327e+02,8.725320e+01,4.442837e+01,-4.363369e+00
22.77500,4.376279e+02,9.325840e+01,3.931940e+02,9.752233e+01,4.443397e+01,-4.263953e+00
22.77600,4.376931e+02,1.036031e+02,3.932530e+02,1.077652e+02,4.444016e+01,-4.162038e+00
22.77700,4.377555e+02,1.138101e+02,3.933087e+02,1.178679e+02,4.444681e+01,-4.057883e+00
22.77800,4.378143e+02,1.239381e+02,3.933604e+02,1.278900e+02,4.445389e+01,-3.951853e+00
22.77900,4.378696e+02,1.339012e+02,3.934083e+02,1.377454e+02,4.446134e+01,-3.844219e+00
22.78000,4.379302e+02,1.439821e+02,3.934612e+02,1.477165e+02,4.446905e+01,-3.734417e+00
22.78100,4.379856e+02,1.537581e+02,3.935085e+02,1.573805e+02,4.447704e+01,-3.622334e+00
22.78200,4.380331e+02,1.633985e+02,3.935479e+02,1.669069e+02,4.448518e+01,-3.508402e+00
22.78300,4.380765e+02,1.730029e+02,3.935831e+02,1.763957e+02,4.449336e+01,-3.392736e+00
22.78400,4.381228e+02,1.823897e+02,3.936212e+02,1.856649e+02,4.450162e+01,-3.275179e+00
22.78500,4.381614e+02,1.916615e+02,3.936515e+02,1.948177e+02,4.450986e+01,-3.156293e+00
22.78600,4.381981e+02,2.008379e+02,3.936801e+02,2.038742e+02,4.451805e+01,-3.036285e+00
22.78700,4.382278e+02,2.098453e+02,3.937019e+02,2.127600e+02,4.452598e+01,-2.914724e+00
22.78800,4.382578e+02,2.187197e+02,3.937241e+02,2.215116e+02,4.453363e+01,-2.791841e+00
22.78900,4.382825e+02,2.273830e+02,3.937415e+02,2.300505e+02,4.454105e+01,-2.667475e+00
22.79000,4.383005e+02,2.359437e+02,3.937523e+02,2.384855e+02,4.454829e+01,-2.541753e+00
22.79100,4.383166e+02,2.443748e+02,3.937615e+02,2.467896e+02,4.455513e+01,-2.414807e+00
22.79200,4.383281e+02,2.525925e+02,3.937667e+02,2.548796e+02,4.456149e+01,-2.287079e+00
22.79300,4.383340e+02,2.606599e+02,3.937666e+02,2.628183e+02,4.456737e+01,-2.158484e+00
22.79400,4.383362e+02,2.685018e+02,3.937635e+02,2.705305e+02,4.457274e+01,-2.028703e+00
22.79500,4.383313e+02,2.762000e+02,3.937539e+02,2.780981e+02,4.457748e+01,-1.898013e+00
22.79600,4.383308e+02,2.837409e+02,3.937491e+02,2.855073e+02,4.458162e+01,-1.766367e+00
22.79700,4.383125e+02,2.910501e+02,3.937273e+02,2.926841e+02,4.458525e+01,-1.634055e+00
22.79800,4.382939e+02,2.982163e+02,3.937055e+02,2.997173e+02,4.458838e+01,-1.501004e+00
22.79900,4.382725e+02,3.051907e+02,3.936816e+02,3.065583e+02,4.459092e+01,-1.367668e+00
22.80000,4.382410e+02,3.118981e+02,3.936481e+02,3.131321e+02,4.459287e+01,-1.234036e+00
22.80100,4.382299e+02,3.185139e+02,3.936357e+02,3.196139e+02,4.459418e+01,-1.100027e+00
22.80200,4.382298e+02,3.245015e+02,3.936353e+02,3.254675e+02,4.459447e+01,-9.659487e-01
22.80300,4.381823e+02,3.307169e+02,3.935885e+02,3.315485e+02,4.459387e+01,-8.316967e-01
22.80400,4.381407e+02,3.366769e+02,3.935481e+02,3.373737e+02,4.459251e+01,-6.968247e-01
22.80500,4.380971e+02,3.423945e+02,3.935066e+02,3.429561e+02,4.459045e+01,-5.615978e-01
22.80600,4.380494e+02,3.478681e+02,3.934617e+02,3.482945e+02,4.458768e+01,-4.264533e-01
22.80700,4.380001e+02,3.531575e+02,3.934159e+02,3.534488e+02,4.458425e+01,-2.913143e-01
22.80800,4.379554e+02,3.582722e+02,3.933753e+02,3.584281e+02,4.458011e+01,-1.558611e-01
22.80900,4.378811e+02,3.627569e+02,3.933057e+02,3.627773e+02,4.457537e+01,-2.029783e-02
22.81000,4.378155e+02,3.672021e+02,3.932453e+02,3.670878e+02,4.457023e+01,1.143400e-01
22.81100,4.377629e+02,3.716433e+02,3.931985e+02,3.713945e+02,4.456439e+01,2.487807e-01
22.81200,4.377061e+02,3.756986e+02,3.931482e+02,3.753153e+02,4.455793e+01,3.833296e-01
22.81300,4.376467e+02,3.795620e+02,3.930957e+02,3.790445e+02,4.455089e+01,5.175261e-01
22.81400,4.375847e+02,3.831172e+02,3.930414e+02,3.824659e+02,4.454331e+01,6.512864e-01
22.81500,4.375053e+02,3.866137e+02,3.929700e+02,3.858290e+02,4.453539e+01,7.847427e-01
22.81600,4.374631e+02,3.893511e+02,3.929354e+02,3.884337e+02,4.452762e+01,9.174893e-01
22.81700,4.374076e+02,3.922149e+02,3.928885e+02,3.911652e+02,4.451907e+01,1.049720e+00
22.81800,4.373221e+02,3.945138e+02,3.928118e+02,3.933323e+02,4.451030e+01,1.181503e+00
22.81900,4.372834e+02,3.968326e+02,3.927819e+02,3.955205e+02,4.450149e+01,1.312092e+00
22.82000,4.372015e+02,3.990990e+02,3.927097e+02,3.976577e+02,4.449175e+01,1.441290e+00
22.82100,4.371395e+02,4.007615e+02,3.926578e+02,3.991920e+02,4.448169e+01,1.569440e+00
22.82200,4.370703e+02,4.021366e+02,3.925988e+02,4.004402e+02,4.447148e+01,1.696410e+00
22.82300,4.370209e+02,4.035682e+02,3.925598e+02,4.017457e+02,4.446107e+01,1.822447e+00
22.82400,4.369913e+02,4.046805e+02,3.925406e+02,4.027329e+02,4.445069e+01,1.947493e+00
22.82500,4.369166e+02,4.046898e+02,3.924767e+02,4.026200e+02,4.443984e+01,2.069781e+00
22.82600,4.368652e+02,4.053145e+02,3.924355e+02,4.031251e+02,4.442969e+01,2.189302e+00
22.82700,4.367725e+02,4.050165e+02,3.923513e+02,4.027083e+02,4.442116e+01,2.308153e+00
22.82800,4.367407e+02,4.046378e+02,3.923274e+02,4.022121e+02,4.441332e+01,2.425697e+00
22.82900,4.367492e+02,4.034957e+02,3.923441e+02,4.009515e+02,4.440517e+01,2.544251e+00
22.83000,4.367153e+02,4.027009e+02,3.923179e+02,4.000388e+02,4.439750e+01,2.662127e+00
22.83100,4.366943e+02,4.013829e+02,3.923035e+02,3.986045e+02,4.439081e+01,2.778482e+00
22.83200,4.366745e+02,4.000375e+02,3.922901e+02,3.971443e+02,4.438438e+01,2.893125e+00
22.83300,4.366256e+02,3.982899e+02,3.922468e+02,3.952837e+02,4.437882e+01,3.006285e+00
22.83400,4.366025e+02,3.962479e+02,3.922288e+02,3.931303e+02,4.437369e+01,3.117697e+00
22.83500,4.366063e+02,3.937518e+02,3.922365e+02,3.905247e+02,4.436968e+01,3.227117e+00
22.83600,4.366125e+02,3.909643e+02,3.922455e+02,3.876296e+02,4.436693e+01,3.334761e+00
22.83700,4.366350e+02,3.875948e+02,3.922694e+02,3.841544e+02,4.436561e+01,3.440349e+00
22.83800,4.366243e+02,3.845867e+02,3.922590e+02,3.810430e+02,4.436524e+01,3.543646e+00
22.83900,4.366529e+02,3.807751e+02,3.922869e+02,3.771309e+02,4.436607e+01,3.644226e+00
22.84000,4.366912e+02,3.767597e+02,3.923229e+02,3.730173e+02,4.436830e+01,3.742368e+00
22.84100,4.367314e+02,3.726431e+02,3.923595e+02,3.688048e+02,4.437184e+01,3.838309e+00
22.84200,4.368076e+02,3.671287e+02,3.924313e+02,3.631981e+02,4.437632e+01,3.930535e+00
22.84300,4.368701e+02,3.626763e+02,3.924867e+02,3.586559e+02,4.438341e+01,4.020490e+00
22.84400,4.369299e+02,3.572521e+02,3.925365e+02,3.531443e+02,4.439335e+01,4.107866e+00
22.84500,4.370033e+02,3.516516e+02,3.925980e+02,3.474597e+02,4.440524e+01,4.191942e+00
22.84600,4.370901e+02,3.457646e+02,3.926710e+02,3.414918e+02,4.441909e+01,4.272783e+00
22.84700,4.371869e+02,3.394903e+02,3.927519e+02,3.351401e+02,4.443506e+01,4.350242e+00
22.84800,4.372925e+02,3.329711e+02,3.928393e+02,3.285469e+02,4.445319e+01,4.424159e+00
22.84900,4.374083e+02,3.261275e+02,3.929348e+02,3.216329e+02,4.447352e+01,4.494589e+00
22.85000,4.375348e+02,3.190055e+02,3.930385e+02,3.144444e+02,4.449629e+01,4.561085e+00
22.85100,4.376522e+02,3.118236e+02,3.931312e+02,3.071999e+02,4.452099e+01,4.623651e+00
22.85200,4.378051e+02,3.037176e+02,3.932574e+02,2.990346e+02,4.454775e+01,4.683015e+00
22.85300,4.379547e+02,2.956097e+02,3.933783e+02,2.908702e+02,4.457641e+01,4.739479e+00
22.85400,4.381234e+02,2.869227e+02,3.935161e+02,2.821310e+02,4.460733e+01,4.791785e+00
22.85500,4.382649e+02,2.790289e+02,3.936237e+02,2.741882e+02,4.464123e+01,4.840703e+00
22.85600,4.384527e+02,2.701353e+02,3.937755e+02,2.652497e+02,4.467719e+01,4.885647e+00
22.85700,4.386419e+02,2.609153e+02,3.939262e+02,2.559896e+02,4.471573e+01,4.925656e+00
22.85800,4.388247e+02,2.516197e+02,3.940682e+02,2.466581e+02,4.475649e+01,4.961559e+00
22.85900,4.390349e+02,2.415412e+02,3.942355e+02,2.365483e+02,4.479947e+01,4.992891e+00
22.86000,4.392523e+02,2.318238e+02,3.944078e+02,2.268045e+02,4.484457e+01,5.019260e+00
22.86100,4.394649e+02,2.215400e+02,3.945726e+02,2.164985e+02,4.489229e+01,5.041427e+00
22.86200,4.396831e+02,2.111384e+02,3.947410e+02,2.060796e+02,4.494210e+01,5.058831e+00
22.86300,4.399057e+02,2.004990e+02,3.949117e+02,1.954276e+02,4.499393e+01,5.071455e+00
22.86400,4.401373e+02,1.897851e+02,3.950896e+02,1.847061e+02,4.504771e+01,5.079015e+00
22.86500,4.403734e+02,1.785873e+02,3.952699e+02,1.735057e+02,4.510348e+01,5.081596e+00
22.86600,4.406157e+02,1.672734e+02,3.954546e+02,1.621941e+02,4.516108e+01,5.079287e+00
22.86700,4.408593e+02,1.558399e+02,3.956389e+02,1.507678e+02,4.522035e+01,5.072057e+00
22.86800,4.411073e+02,1.442477e+02,3.958260e+02,1.391883e+02,4.528123e+01,5.059417e+00
22.86900,4.413576e+02,1.323614e+02,3.960140e+02,1.273201e+02,4.534359e+01,5.041277e+00
22.87000,4.416004e+02,1.202201e+02,3.961935e+02,1.152023e+02,4.540688e+01,5.017715e+00
22.87100,4.418669e+02,1.083280e+02,3.963949e+02,1.033388e+02,4.547206e+01,4.989243e+00
22.87200,4.421195e+02,9.616727e+01,3.965807e+02,9.121100e+01,4.553884e+01,4.956287e+00
22.87300,4.423645e+02,8.368147e+01,3.967583e+02,7.876347e+01,4.560611e+01,4.917961e+00
22.87400,4.426449e+02,7.107500e+01,3.969702e+02,6.620065e+01,4.567475e+01,4.874321e+00
22.87500,4.428937e+02,5.846761e+01,3.971497e+02,5.364174e+01,4.574409e+01,4.825869e+00
22.87600,4.431406e+02,4.593469e+01,3.973268e+02,4.116227e+01,4.581378e+01,4.772423e+00
22.87700,4.434037e+02,3.285031e+01,3.975197e+02,2.813689e+01,4.588400e+01,4.713415e+00
22.87800,4.436507e+02,1.996087e+01,3.976963e+02,1.531204e+01,4.595444e+01,4.648833e+00
22.87900,4.438947e+02,7.028360e+00,3.978697e+02,2.449379e+00,4.602492e+01,4.578980e+00
22.88000,4.441349e+02,-5.970112e+00,3.980395e+02,-1.047395e+01,4.609528e+01,4.503844e+00
22.88100,4.443663e+02,-1.894139e+01,3.982010e+02,-2.336466e+01,4.616536e+01,4.423273e+00
22.88200,4.445993e+02,-3.197890e+01,3.983642e+02,-3.631665e+01,4.623507e+01,4.337758e+00
22.88300,4.448208e+02,-4.494610e+01,3.985166e+02,-4.919379e+01,4.630417e+01,4.247687e+00
22.88400,4.450321e+02,-5.801479e+01,3.986597e+02,-6.216741e+01,4.637237e+01,4.152615e+00
22.88500,4.452565e+02,-7.105633e+01,3.988168e+02,-7.510847e+01,4.643977e+01,4.052187e+00
22.88600,4.454573e+02,-8.407053e+01,3.989510e+02,-8.801740e+01,4.650635e+01,3.946823e+00
22.88700,4.456467e+02,-9.677760e+01,3.990752e+02,-1.006149e+02,4.657150e+01,3.837255e+00
22.88800,4.458469e+02,-1.098563e+02,3.992110e+02,-1.135798e+02,4.663590e+01,3.723466e+00
22.88900,4.460228e+02,-1.226093e+02,3.993239e+02,-1.262146e+02,4.669891e+01,3.605348e+00
22.89000,4.461901e+02,-1.352551e+02,3.994298e+02,-1.387380e+02,4.676026e+01,3.482949e+00
22.89100,4.463529e+02,-1.478805e+02,3.995331e+02,-1.512371e+02,4.681977e+01,3.356531e+00
22.89200,4.465045e+02,-1.603347e+02,3.996267e+02,-1.635608e+02,4.687774e+01,3.226077e+00
22.89300,4.466372e+02,-1.727123e+02,3.997035e+02,-1.758037e+02,4.693365e+01,3.091385e+00
22.89400,4.467642e+02,-1.848757e+02,3.997767e+02,-1.878283e+02,4.698744e+01,2.952545e+00
22.89500,4.468743e+02,-1.969174e+02,3.998353e+02,-1.997275e+02,4.703894e+01,2.810076e+00
22.89600,4.469839e+02,-2.088090e+02,3.998956e+02,-2.114735e+02,4.708823e+01,2.664499e+00
22.89700,4.470746e+02,-2.204885e+02,3.999395e+02,-2.230041e+02,4.713510e+01,2.515667e+00
22.89800,4.471584e+02,-2.319459e+02,3.999790e+02,-2.343093e+02,4.717941e+01,2.363335e+00
22.89900,4.472046e+02,-2.432141e+02,3.999836e+02,-2.454223e+02,4.722097e+01,2.208122e+00
22.90000,4.472445e+02,-2.542253e+02,3.999844e+02,-2.562755e+02,4.726014e+01,2.050127e+00
22.90100,4.472863e+02,-2.650576e+02,3.999894e+02,-2.669468e+02,4.729691e+01,1.889196e+00
22.90200,4.473113e+02,-2.756339e+02,3.999805e+02,-2.773593e+02,4.733085e+01,1.725407e+00
22.90300,4.473315e+02,-2.860477e+02,3.999695e+02,-2.876075e+02,4.736194e+01,1.559835e+00
22.90400,4.473280e+02,-2.960693e+02,3.999377e+02,-2.974617e+02,4.739030e+01,1.392411e+00
22.90500,4.473183e+02,-3.059085e+02,3.999026e+02,-3.071315e+02,4.741571e+01,1.222984e+00
22.90600,4.472945e+02,-3.154484e+02,3.998563e+02,-3.165003e+02,4.743827e+01,1.051825e+00
22.90700,4.472563e+02,-3.246851e+02,3.997985e+02,-3.255642e+02,4.745777e+01,8.790660e-01
22.90800,4.472055e+02,-3.335863e+02,3.997313e+02,-3.342913e+02,4.747431e+01,7.049153e-01
22.90900,4.471374e+02,-3.422085e+02,3.996497e+02,-3.427381e+02,4.748774e+01,5.295942e-01
22.91000,4.470561e+02,-3.502499e+02,3.995579e+02,-3.506043e+02,4.749813e+01,3.544250e-01
22.91100,4.469637e+02,-3.591338e+02,3.994581e+02,-3.593111e+02,4.750553e+01,1.772766e-01
22.91200,4.468759e+02,-3.665111e+02,3.993661e+02,-3.665099e+02,4.750978e+01,-1.250005e-03
22.91300,4.467720e+02,-3.736446e+02,3.992609e+02,-3.734649e+02,4.751107e+01,-1.797590e-01
22.91400,4.466593e+02,-3.804706e+02,3.991503e+02,-3.801133e+02,4.750901e+01,-3.572953e-01
22.91500,4.465743e+02,-3.869959e+02,3.990709e+02,-3.864617e+02,4.750343e+01,-5.342198e-01
22.91600,4.463409e+02,-3.926772e+02,3.988456e+02,-3.919667e+02,4.749523e+01,-7.105347e-01
22.91700,4.461837e+02,-3.987712e+02,3.986993e+02,-3.978860e+02,4.748441e+01,-8.852260e-01
22.91800,4.460173e+02,-4.043653e+02,3.985467e+02,-4.033059e+02,4.747056e+01,-1.059354e+00
22.91900,4.458418e+02,-4.095816e+02,3.983880e+02,-4.083485e+02,4.745383e+01,-1.233063e+00
22.92000,4.456540e+02,-4.144395e+02,3.982197e+02,-4.130337e+02,4.743425e+01,-1.405859e+00
22.92100,4.454581e+02,-4.189289e+02,3.980463e+02,-4.173512e+02,4.741181e+01,-1.577721e+00
22.92200,4.452514e+02,-4.229975e+02,3.978647e+02,-4.212491e+02,4.738663e+01,-1.748345e+00
22.92300,4.450447e+02,-4.267472e+02,3.976859e+02,-4.248297e+02,4.735879e+01,-1.917447e+00
22.92400,4.448335e+02,-4.302313e+02,3.975053e+02,-4.281470e+02,4.732821e+01,-2.084387e+00
22.92500,4.445912e+02,-4.329273e+02,3.972961e+02,-4.306781e+02,4.729519e+01,-2.249151e+00
22.92600,4.443535e+02,-4.355103e+02,3.970939e+02,-4.330995e+02,4.725949e+01,-2.410833e+00
22.92700,4.440665e+02,-4.377142e+02,3.968458e+02,-4.351438e+02,4.722073e+01,-2.570346e+00
22.92800,4.439099e+02,-4.394660e+02,3.967295e+02,-4.367394e+02,4.718040e+01,-2.726604e+00
22.92900,4.436588e+02,-4.408710e+02,3.965209e+02,-4.379910e+02,4.713789e+01,-2.879963e+00
22.93000,4.434081e+02,-4.419535e+02,3.963153e+02,-4.389230e+02,4.709275e+01,-3.030558e+00
22.93100,4.431708e+02,-4.427858e+02,3.961257e+02,-4.396081e+02,4.704516e+01,-3.177712e+00
22.93200,4.429437e+02,-4.435528e+02,3.959481e+02,-4.402317e+02,4.699564e+01,-3.321027e+00
22.93300,4.426335e+02,-4.426842e+02,3.956898e+02,-4.392236e+02,4.694368e+01,-3.460581e+00
22.93400,4.423609e+02,-4.419002e+02,3.954703e+02,-4.383013e+02,4.689066e+01,-3.598887e+00
22.93500,4.421344e+02,-4.412881e+02,3.952962e+02,-4.375529e+02,4.683824e+01,-3.735259e+00
22.93600,4.418768e+02,-4.400261e+02,3.950931e+02,-4.361573e+02,4.678376e+01,-3.868833e+00
22.93700,4.415912e+02,-4.390979e+02,3.948629e+02,-4.350982e+02,4.672824e+01,-3.999662e+00
22.93800,4.413432e+02,-4.366212e+02,3.946721e+02,-4.324947e+02,4.667104e+01,-4.126555e+00
22.93900,4.410863e+02,-4.341862e+02,3.944737e+02,-4.299374e+02,4.661268e+01,-4.248787e+00
22.94000,4.408357e+02,-4.317927e+02,3.942825e+02,-4.274265e+02,4.655313e+01,-4.366178e+00
22.94100,4.405955e+02,-4.288160e+02,3.941021e+02,-4.243360e+02,4.649345e+01,-4.480053e+00
22.94200,4.403389e+02,-4.256847e+02,3.939063e+02,-4.210943e+02,4.643261e+01,-4.590367e+00
22.94300,4.400969e+02,-4.219922e+02,3.937265e+02,-4.172947e+02,4.637038e+01,-4.697470e+00
22.94400,4.398645e+02,-4.181595e+02,3.935569e+02,-4.133589e+02,4.630754e+01,-4.800641e+00
22.94500,4.396319e+02,-4.139090e+02,3.933883e+02,-4.090093e+02,4.624364e+01,-4.899743e+00
22.94600,4.394073e+02,-4.092901e+02,3.932278e+02,-4.042956e+02,4.617957e+01,-4.994448e+00
22.94700,4.391875e+02,-4.044745e+02,3.930722e+02,-3.993895e+02,4.611531e+01,-5.084894e+00
22.94800,4.389787e+02,-3.993184e+02,3.929278e+02,-3.941473e+02,4.605089e+01,-5.171096e+00
22.94900,4.387734e+02,-3.937697e+02,3.927869e+02,-3.885169e+02,4.598647e+01,-5.252871e+00
22.95000,4.385764e+02,-3.881021e+02,3.926543e+02,-3.827717e+02,4.592209e+01,-5.330387e+00
22.95100,4.383840e+02,-3.819107e+02,3.925260e+02,-3.765069e+02,4.585801e+01,-5.403737e+00
22.95200,4.382005e+02,-3.756268e+02,3.924063e+02,-3.701539e+02,4.579421e+01,-5.472849e+00
22.95300,4.380252e+02,-3.689790e+02,3.922943e+02,-3.634419e+02,4.573094e+01,-5.537160e+00
22.95400,4.378661e+02,-3.621103e+02,3.921977e+02,-3.565134e+02,4.566834e+01,-5.596873e+00
22.95500,4.377227e+02,-3.547398e+02,3.921155e+02,-3.490875e+02,4.560725e+01,-5.652295e+00
22.95600,4.375431e+02,-3.478542e+02,3.919970e+02,-3.421509e+02,4.554603e+01,-5.703279e+00
22.95700,4.374118e+02,-3.401284e+02,3.919261e+02,-3.343785e+02,4.548566e+01,-5.749881e+00
22.95800,4.372900e+02,-3.321552e+02,3.918634e+02,-3.263628e+02,4.542656e+01,-5.792349e+00
22.95900,4.371239e+02,-3.244685e+02,3.917556e+02,-3.186381e+02,4.536835e+01,-5.830311e+00
22.96000,4.370095e+02,-3.161062e+02,3.916983e+02,-3.102429e+02,4.531119e+01,-5.863283e+00
22.96100,4.368791e+02,-3.079454e+02,3.916236e+02,-3.020540e+02,4.525551e+01,-5.891399e+00
22.96200,4.367727e+02,-2.992427e+02,3.915713e+02,-2.933283e+02,4.520138e+01,-5.914383e+00
22.96300,4.367459e+02,-2.895367e+02,3.915978e+02,-2.836013e+02,4.514813e+01,-5.935405e+00
22.96400,4.366585e+02,-2.806151e+02,3.915621e+02,-2.746609e+02,4.509630e+01,-5.954135e+00
22.96500,4.365826e+02,-2.715180e+02,3.915363e+02,-2.655489e+02,4.504623e+01,-5.969021e+00
22.96600,4.365191e+02,-2.621411e+02,3.915212e+02,-2.561615e+02,4.499794e+01,-5.979539e+00
22.96700,4.364639e+02,-2.526783e+02,3.915125e+02,-2.466925e+02,4.495146e+01,-5.985789e+00
22.96800,4.364161e+02,-2.429373e+02,3.915094e+02,-2.369493e+02,4.490678e+01,-5.987961e+00
22.96900,4.363771e+02,-2.330789e+02,3.915133e+02,-2.270924e+02,4.486382e+01,-5.986402e+00
22.97000,4.363471e+02,-2.231467e+02,3.915243e+02,-2.171654e+02,4.482279e+01,-5.981268e+00
22.97100,4.363255e+02,-2.130786e+02,3.915418e+02,-2.071062e+02,4.478361e+01,-5.972427e+00
22.97200,4.363127e+02,-2.028533e+02,3.915664e+02,-1.968938e+02,4.474633e+01,-5.959547e+00
22.97300,4.363072e+02,-1.925242e+02,3.915963e+02,-1.865817e+02,4.471085e+01,-5.942514e+00
22.97400,4.363136e+02,-1.821699e+02,3.916365e+02,-1.762483e+02,4.467712e+01,-5.921628e+00
22.97500,4.363237e+02,-1.716516e+02,3.916786e+02,-1.657546e+02,4.464505e+01,-5.896989e+00
22.97600,4.363108e+02,-1.609584e+02,3.916958e+02,-1.550897e+02,4.461495e+01,-5.868722e+00
22.97700,4.362776e+02,-1.507993e+02,3.916894e+02,-1.449623e+02,4.458817e+01,-5.836950e+00
22.97800,4.363294e+02,-1.394879e+02,3.917653e+02,-1.336862e+02,4.456412e+01,-5.801731e+00
22.97900,4.363693e+02,-1.286644e+02,3.918273e+02,-1.229023e+02,4.454191e+01,-5.762043e+00
22.98000,4.364063e+02,-1.178707e+02,3.918845e+02,-1.121523e+02,4.452173e+01,-5.718417e+00
22.98100,4.364481e+02,-1.070098e+02,3.919446e+02,-1.013385e+02,4.450348e+01,-5.671270e+00
22.98200,4.364925e+02,-9.608767e+01,3.920054e+02,-9.046687e+01,4.448705e+01,-5.620837e+00
22.98300,4.365399e+02,-8.514280e+01,3.920675e+02,-7.957560e+01,4.447239e+01,-5.567192e+00
22.98400,4.366079e+02,-7.416853e+01,3.921483e+02,-6.865853e+01,4.445965e+01,-5.509993e+00
22.98500,4.366498e+02,-6.327307e+01,3.922013e+02,-5.782317e+01,4.444849e+01,-5.449903e+00
22.98600,4.367087e+02,-5.226263e+01,3.922699e+02,-4.687585e+01,4.443887e+01,-5.386786e+00
22.98700,4.367651e+02,-4.128224e+01,3.923346e+02,-3.596106e+01,4.443051e+01,-5.321184e+00
22.98800,4.368470e+02,-3.028003e+01,3.924231e+02,-2.502759e+01,4.442395e+01,-5.252443e+00
22.98900,4.368848e+02,-1.924241e+01,3.924660e+02,-1.406171e+01,4.441882e+01,-5.180702e+00
22.99000,4.369625e+02,-8.265940e+00,3.925475e+02,-3.159515e+00,4.441500e+01,-5.106427e+00
22.99100,4.370279e+02,2.454996e+00,3.926154e+02,7.484107e+00,4.441247e+01,-5.029109e+00
22.99200,4.370973e+02,1.329003e+01,3.926859e+02,1.823895e+01,4.441138e+01,-4.948915e+00
22.99300,4.371687e+02,2.421891e+01,3.927574e+02,2.908479e+01,4.441136e+01,-4.865878e+00
22.99400,4.372364e+02,3.497047e+01,3.928242e+02,3.975072e+01,4.441226e+01,-4.780243e+00
22.99500,4.373181e+02,4.574831e+01,3.929038e+02,5.044051e+01,4.441423e+01,-4.692197e+00
22.99600,4.373879e+02,5.645865e+01,3.929707e+02,6.106037e+01,4.441727e+01,-4.601714e+00
22.99700,4.374576e+02,6.703467e+01,3.930365e+02,7.154333e+01,4.442115e+01,-4.508691e+00
22.99800,4.375266e+02,7.756007e+01,3.931009e+02,8.197307e+01,4.442575e+01,-4.413035e+00
22.99900,4.375925e+02,8.797613e+01,3.931615e+02,9.229100e+01,4.443103e+01,-4.314861e+00
23.00000,4.376616e+02,9.833420e+01,3.932247e+02,1.025484e+02,4.443695e+01,-4.214219e+00
23.00100,4.377235e+02,1.086115e+02,3.932801e+02,1.127227e+02,4.444337e+01,-4.111162e+00
23.00200,4.377840e+02,1.187993e+02,3.933338e+02,1.228053e+02,4.445023e+01,-4.006041e+00
23.00300,4.378418e+02,1.288512e+02,3.933843e+02,1.327505e+02,4.445751e+01,-3.899242e+00
23.00400,4.378949e+02,1.387403e+02,3.934299e+02,1.425310e+02,4.446509e+01,-3.790674e+00
23.00500,4.379595e+02,1.488034e+02,3.934865e+02,1.524830e+02,4.447294e+01,-3.679642e+00
23.00600,4.380093e+02,1.584991e+02,3.935282e+02,1.620657e+02,4.448103e+01,-3.566612e+00
23.00700,4.380559e+02,1.681343e+02,3.935667e+02,1.715861e+02,4.448921e+01,-3.451845e+00
23.00800,4.381024e+02,1.775927e+02,3.936050e+02,1.809279e+02,4.449742e+01,-3.335231e+00
23.00900,4.381431e+02,1.869503e+02,3.936375e+02,1.901672e+02,4.450568e+01,-3.216972e+00
23.01000,4.381826e+02,1.961930e+02,3.936687e+02,1.992905e+02,4.451391e+01,-3.097550e+00
23.01100,4.382141e+02,2.052763e+02,3.936921e+02,2.082531e+02,4.452198e+01,-2.976806e+00
23.01200,4.382396e+02,2.141962e+02,3.937098e+02,2.170508e+02,4.452975e+01,-2.854557e+00
23.01300,4.382696e+02,2.229595e+02,3.937323e+02,2.256904e+02,4.453731e+01,-2.730978e+00
23.01400,4.382957e+02,2.316102e+02,3.937510e+02,2.342161e+02,4.454465e+01,-2.605897e+00
23.01500,4.383108e+02,2.400878e+02,3.937591e+02,2.425673e+02,4.455171e+01,-2.479557e+00
23.01600,4.383218e+02,2.484285e+02,3.937635e+02,2.507807e+02,4.455831e+01,-2.352190e+00
23.01700,4.383323e+02,2.565612e+02,3.937679e+02,2.587853e+02,4.456445e+01,-2.224069e+00
23.01800,4.383356e+02,2.645306e+02,3.937655e+02,2.666255e+02,4.457008e+01,-2.094909e+00
23.01900,4.383348e+02,2.723289e+02,3.937597e+02,2.742936e+02,4.457516e+01,-1.964655e+00
23.02000,4.383330e+02,2.799211e+02,3.937534e+02,2.817547e+02,4.457958e+01,-1.833500e+00
23.02100,4.383215e+02,2.873161e+02,3.937381e+02,2.890175e+02,4.458347e+01,-1.701502e+00
23.02200,4.383011e+02,2.945820e+02,3.937143e+02,2.961508e+02,4.458685e+01,-1.568786e+00
23.02300,4.382838e+02,3.016556e+02,3.936941e+02,3.030912e+02,4.458969e+01,-1.435553e+00
23.02400,4.382583e+02,3.085249e+02,3.936664e+02,3.098270e+02,4.459195e+01,-1.302109e+00
23.02500,4.382289e+02,3.150739e+02,3.936353e+02,3.162422e+02,4.459363e+01,-1.168349e+00
23.02600,4.382264e+02,3.215718e+02,3.936319e+02,3.226059e+02,4.459446e+01,-1.034079e+00
23.02700,4.382071e+02,3.275250e+02,3.936128e+02,3.284251e+02,4.459427e+01,-9.001167e-01
23.02800,4.381611e+02,3.336708e+02,3.935679e+02,3.344363e+02,4.459329e+01,-7.655113e-01
23.02900,4.381203e+02,3.395165e+02,3.935287e+02,3.401469e+02,4.459159e+01,-6.304464e-01
23.03000,4.380725e+02,3.451024e+02,3.934833e+02,3.455976e+02,4.458917e+01,-4.951794e-01
23.03100,4.380261e+02,3.504924e+02,3.934400e+02,3.508525e+02,4.458609e+01,-3.601124e-01
23.03200,4.379776e+02,3.556646e+02,3.933953e+02,3.558895e+02,4.458232e+01,-2.248805e-01
23.03300,4.379323e+02,3.606692e+02,3.933545e+02,3.607583e+02,4.457781e+01,-8.912647e-02
23.03400,4.378443e+02,3.648989e+02,3.932713e+02,3.648529e+02,4.457292e+01,4.587525e-02
23.03500,4.377900e+02,3.694435e+02,3.932225e+02,3.692631e+02,4.456745e+01,1.803581e-01
23.03600,4.377361e+02,3.736699e+02,3.931747e+02,3.733551e+02,4.456130e+01,3.148613e-01
23.03700,4.376750e+02,3.776539e+02,3.931205e+02,3.772045e+02,4.455453e+01,4.493069e-01
23.03800,4.376135e+02,3.813061e+02,3.930663e+02,3.807229e+02,4.454722e+01,5.832567e-01
23.03900,4.375515e+02,3.847800e+02,3.930121e+02,3.840633e+02,4.453947e+01,7.167873e-01
23.04000,4.374493e+02,3.881331e+02,3.929176e+02,3.872831e+02,4.453172e+01,8.500747e-01
23.04100,4.374357e+02,3.907197e+02,3.929123e+02,3.897373e+02,4.452347e+01,9.824047e-01
23.04200,4.373676e+02,3.933925e+02,3.928528e+02,3.922780e+02,4.451477e+01,1.114540e+00
23.04300,4.372988e+02,3.956591e+02,3.927928e+02,3.944133e+02,4.450597e+01,1.245797e+00
23.04400,4.372383e+02,3.980661e+02,3.927415e+02,3.966905e+02,4.449682e+01,1.375657e+00
23.04500,4.371736e+02,3.999126e+02,3.926868e+02,3.984083e+02,4.448685e+01,1.504341e+00
23.04600,4.371104e+02,4.014939e+02,3.926337e+02,3.998619e+02,4.447672e+01,1.631937e+00
23.04700,4.370329e+02,4.027435e+02,3.925665e+02,4.009851e+02,4.446633e+01,1.758393e+00
23.04800,4.369934e+02,4.040882e+02,3.925374e+02,4.022042e+02,4.445598e+01,1.883977e+00
23.04900,4.369455e+02,4.045529e+02,3.925000e+02,4.025449e+02,4.444547e+01,2.008094e+00
23.05000,4.369047e+02,4.055173e+02,3.924702e+02,4.033887e+02,4.443457e+01,2.128659e+00
23.05100,4.368027e+02,4.049564e+02,3.923773e+02,4.027085e+02,4.442540e+01,2.247851e+00
23.05200,4.367379e+02,4.051670e+02,3.923205e+02,4.028011e+02,4.441733e+01,2.365871e+00
23.05300,4.367603e+02,4.038981e+02,3.923510e+02,4.014141e+02,4.440931e+01,2.483880e+00
23.05400,4.367314e+02,4.031691e+02,3.923301e+02,4.005667e+02,4.440132e+01,2.602289e+00
23.05500,4.367055e+02,4.022678e+02,3.923114e+02,3.995483e+02,4.439407e+01,2.719561e+00
23.05600,4.366805e+02,4.008399e+02,3.922929e+02,3.980050e+02,4.438760e+01,2.834967e+00
23.05700,4.366681e+02,3.991679e+02,3.922865e+02,3.962191e+02,4.438162e+01,2.948889e+00
23.05800,4.366049e+02,3.973735e+02,3.922287e+02,3.943123e+02,4.437619e+01,3.061228e+00
23.05900,4.366031e+02,3.950457e+02,3.922315e+02,3.918741e+02,4.437156e+01,3.171679e+00
23.06000,4.366069e+02,3.923638e+02,3.922388e+02,3.890837e+02,4.436816e+01,3.280158e+00
23.06100,4.366195e+02,3.892933e+02,3.922534e+02,3.859065e+02,4.436607e+01,3.386879e+00
23.06200,4.366147e+02,3.862399e+02,3.922493e+02,3.827486e+02,4.436529e+01,3.491345e+00
23.06300,4.366361e+02,3.827343e+02,3.922707e+02,3.791409e+02,4.436547e+01,3.593366e+00
23.06400,4.366718e+02,3.788781e+02,3.923048e+02,3.751853e+02,4.436700e+01,3.692707e+00
23.06500,4.367129e+02,3.747518e+02,3.923431e+02,3.709620e+02,4.436989e+01,3.789757e+00
23.06600,4.368005e+02,3.697135e+02,3.924266e+02,3.658295e+02,4.437385e+01,3.884022e+00
23.06700,4.368239e+02,3.648829e+02,3.924445e+02,3.609081e+02,4.437937e+01,3.974873e+00
23.06800,4.368941e+02,3.600615e+02,3.925061e+02,3.559977e+02,4.438801e+01,4.063801e+00
23.06900,4.369617e+02,3.545605e+02,3.925627e+02,3.504109e+02,4.439895e+01,4.149550e+00
23.07000,4.370443e+02,3.487425e+02,3.926325e+02,3.445105e+02,4.441179e+01,4.232038e+00
23.07100,4.371364e+02,3.427280e+02,3.927097e+02,3.384167e+02,4.442667e+01,4.311253e+00
23.07200,4.372379e+02,3.363381e+02,3.927942e+02,3.319511e+02,4.444369e+01,4.386977e+00
23.07300,4.373471e+02,3.296074e+02,3.928842e+02,3.251483e+02,4.446289e+01,4.459171e+00
23.07400,4.374693e+02,3.225945e+02,3.929850e+02,3.180667e+02,4.448437e+01,4.527793e+00
23.07500,4.375963e+02,3.153803e+02,3.930879e+02,3.107881e+02,4.450829e+01,4.592111e+00
23.07600,4.377363e+02,3.076042e+02,3.932025e+02,3.029510e+02,4.453389e+01,4.653155e+00
23.07700,4.378745e+02,2.997472e+02,3.933129e+02,2.950360e+02,4.456154e+01,4.711207e+00
23.07800,4.380311e+02,2.914439e+02,3.934398e+02,2.866782e+02,4.459131e+01,4.765727e+00
23.07900,4.382085e+02,2.831719e+02,3.935847e+02,2.783557e+02,4.462379e+01,4.816216e+00
23.08000,4.383546e+02,2.747729e+02,3.936960e+02,2.699095e+02,4.465859e+01,4.863346e+00
23.08100,4.385517e+02,2.656470e+02,3.938559e+02,2.607412e+02,4.469581e+01,4.905839e+00
23.08200,4.387277e+02,2.563768e+02,3.939923e+02,2.514330e+02,4.473545e+01,4.943781e+00
23.08300,4.389167e+02,2.469493e+02,3.941394e+02,2.419716e+02,4.477733e+01,4.977650e+00
23.08400,4.391258e+02,2.366336e+02,3.943045e+02,2.316273e+02,4.482122e+01,5.006279e+00
23.08500,4.393565e+02,2.268478e+02,3.944887e+02,2.218171e+02,4.486773e+01,5.030741e+00
23.08600,4.395711e+02,2.164785e+02,3.946547e+02,2.114279e+02,4.491650e+01,5.050602e+00
23.08700,4.397936e+02,2.059387e+02,3.948263e+02,2.008731e+02,4.496731e+01,5.065651e+00
23.08800,4.400162e+02,1.951879e+02,3.949961e+02,1.901121e+02,4.502008e+01,5.075787e+00
23.08900,4.402553e+02,1.843307e+02,3.951804e+02,1.792497e+02,4.507487e+01,5.080930e+00
23.09000,4.404926e+02,1.730724e+02,3.953611e+02,1.679914e+02,4.513153e+01,5.081058e+00
23.09100,4.407327e+02,1.617199e+02,3.955427e+02,1.566435e+02,4.518997e+01,5.076364e+00
23.09200,4.409807e+02,1.501599e+02,3.957306e+02,1.450933e+02,4.525003e+01,5.066507e+00
23.09300,4.412315e+02,1.384059e+02,3.959198e+02,1.333547e+02,4.531168e+01,5.051171e+00
23.09400,4.414728e+02,1.265322e+02,3.960982e+02,1.215018e+02,4.537456e+01,5.030399e+00
23.09500,4.417389e+02,1.142495e+02,3.963003e+02,1.092452e+02,4.543859e+01,5.004255e+00
23.09600,4.419907e+02,1.023435e+02,3.964860e+02,9.736987e+01,4.550473e+01,4.973676e+00
23.09700,4.422337e+02,8.998827e+01,3.966619e+02,8.505007e+01,4.557180e+01,4.938170e+00
23.09800,4.425123e+02,7.745113e+01,3.968726e+02,7.255393e+01,4.563967e+01,4.897179e+00
23.09900,4.427693e+02,6.488021e+01,3.970606e+02,6.002907e+01,4.570875e+01,4.851145e+00
23.10000,4.430193e+02,5.226823e+01,3.972410e+02,4.746795e+01,4.577831e+01,4.800275e+00
23.10100,4.432762e+02,3.935196e+01,3.974280e+02,3.460782e+01,4.584821e+01,4.744139e+00
23.10200,4.435249e+02,2.651849e+01,3.976063e+02,2.183611e+01,4.591858e+01,4.682384e+00
23.10300,4.437720e+02,1.360975e+01,3.977829e+02,8.994567e+00,4.598906e+01,4.615190e+00
23.10400,4.440129e+02,6.930113e-01,3.979534e+02,-3.849762e+00,4.605949e+01,4.542773e+00
23.10500,4.442487e+02,-1.231179e+01,3.981190e+02,-1.677673e+01,4.612974e+01,4.464940e+00
23.10600,4.444809e+02,-2.537256e+01,3.982812e+02,-2.975442e+01,4.619964e+01,4.381858e+00
23.10700,4.447093e+02,-3.836655e+01,3.984402e+02,-4.266068e+01,4.626909e+01,4.294135e+00
23.10800,4.449230e+02,-5.122663e+01,3.985853e+02,-5.542833e+01,4.633779e+01,4.201699e+00
23.10900,4.451430e+02,-6.452584e+01,3.987375e+02,-6.862973e+01,4.640552e+01,4.103916e+00
23.11000,4.453569e+02,-7.745913e+01,3.988843e+02,-8.146027e+01,4.647261e+01,4.001089e+00
23.11100,4.455473e+02,-9.040387e+01,3.990089e+02,-9.429733e+01,4.653846e+01,3.893490e+00
23.11200,4.457551e+02,-1.033302e+02,3.991518e+02,-1.071121e+02,4.660327e+01,3.781934e+00
23.11300,4.459347e+02,-1.161035e+02,3.992677e+02,-1.197695e+02,4.666703e+01,3.666005e+00
23.11400,4.461084e+02,-1.288355e+02,3.993791e+02,-1.323812e+02,4.672926e+01,3.545719e+00
23.11500,4.462620e+02,-1.414099e+02,3.994724e+02,-1.448313e+02,4.678963e+01,3.421392e+00
23.11600,4.464303e+02,-1.540331e+02,3.995819e+02,-1.573261e+02,4.684846e+01,3.292975e+00
23.11700,4.465711e+02,-1.664435e+02,3.996657e+02,-1.696040e+02,4.690546e+01,3.160486e+00
23.11800,4.467028e+02,-1.787158e+02,3.997425e+02,-1.817395e+02,4.696034e+01,3.023705e+00
23.11900,4.468196e+02,-1.908217e+02,3.998066e+02,-1.937047e+02,4.701303e+01,2.882997e+00
23.12000,4.469318e+02,-2.027509e+02,3.998684e+02,-2.054899e+02,4.706343e+01,2.738951e+00
23.12100,4.470299e+02,-2.145648e+02,3.999183e+02,-2.171567e+02,4.711156e+01,2.591864e+00
23.12200,4.471164e+02,-2.260942e+02,3.999592e+02,-2.285355e+02,4.715718e+01,2.441267e+00
23.12300,4.472029e+02,-2.375215e+02,4.000027e+02,-2.398089e+02,4.720019e+01,2.287460e+00
23.12400,4.472371e+02,-2.487562e+02,3.999966e+02,-2.508871e+02,4.724045e+01,2.130867e+00
23.12500,4.472659e+02,-2.596205e+02,3.999874e+02,-2.615921e+02,4.727853e+01,1.971515e+00
23.12600,4.473011e+02,-2.703187e+02,3.999872e+02,-2.721277e+02,4.731393e+01,1.809023e+00
23.12700,4.473153e+02,-2.807424e+02,3.999689e+02,-2.823867e+02,4.734641e+01,1.644303e+00
23.12800,4.473333e+02,-2.910459e+02,3.999571e+02,-2.925237e+02,4.737624e+01,1.477889e+00
23.12900,4.473257e+02,-3.009329e+02,3.999226e+02,-3.022424e+02,4.740313e+01,1.309481e+00
23.13000,4.473118e+02,-3.106511e+02,3.998847e+02,-3.117903e+02,4.742717e+01,1.139146e+00
23.13100,4.472761e+02,-3.199950e+02,3.998279e+02,-3.209622e+02,4.744821e+01,9.671860e-01
23.13200,4.472338e+02,-3.290910e+02,3.997675e+02,-3.298847e+02,4.746627e+01,7.937227e-01
23.13300,4.471720e+02,-3.378301e+02,3.996907e+02,-3.384491e+02,4.748128e+01,6.188999e-01
23.13400,4.471003e+02,-3.462731e+02,3.996071e+02,-3.467165e+02,4.749323e+01,4.434755e-01
23.13500,4.470083e+02,-3.545387e+02,3.995061e+02,-3.548067e+02,4.750213e+01,2.679843e-01
23.13600,4.469292e+02,-3.627279e+02,3.994212e+02,-3.628176e+02,4.750799e+01,8.964687e-02
23.13700,4.468087e+02,-3.702508e+02,3.992979e+02,-3.701617e+02,4.751082e+01,-8.909073e-02
23.13800,4.467252e+02,-3.769432e+02,3.992147e+02,-3.766763e+02,4.751047e+01,-2.669387e-01
23.13900,4.466315e+02,-3.834399e+02,3.991248e+02,-3.829959e+02,4.750670e+01,-4.440321e-01
23.14000,4.464687e+02,-3.899645e+02,3.989691e+02,-3.893433e+02,4.749966e+01,-6.211633e-01
23.14100,4.462624e+02,-3.957165e+02,3.987721e+02,-3.949202e+02,4.749029e+01,-7.963667e-01
23.14200,4.461026e+02,-4.015700e+02,3.986247e+02,-4.005993e+02,4.747797e+01,-9.707700e-01
23.14300,4.459305e+02,-4.069687e+02,3.984679e+02,-4.058239e+02,4.746269e+01,-1.144699e+00
23.14400,4.457503e+02,-4.120423e+02,3.983057e+02,-4.107243e+02,4.744458e+01,-1.318028e+00
23.14500,4.455585e+02,-4.166533e+02,3.981349e+02,-4.151630e+02,4.742359e+01,-1.490365e+00
23.14600,4.453583e+02,-4.209301e+02,3.979585e+02,-4.192684e+02,4.739979e+01,-1.661668e+00
23.14700,4.451359e+02,-4.247692e+02,3.977625e+02,-4.229376e+02,4.737339e+01,-1.831593e+00
23.14800,4.449419e+02,-4.285000e+02,3.975978e+02,-4.265003e+02,4.734413e+01,-1.999665e+00
23.14900,4.447401e+02,-4.320308e+02,3.974277e+02,-4.298649e+02,4.731236e+01,-2.165816e+00
23.15000,4.444788e+02,-4.342891e+02,3.972007e+02,-4.319603e+02,4.727805e+01,-2.328817e+00
23.15100,4.442297e+02,-4.366188e+02,3.969888e+02,-4.341295e+02,4.724094e+01,-2.489321e+00
23.15200,4.440267e+02,-4.387456e+02,3.968255e+02,-4.360981e+02,4.720116e+01,-2.647502e+00
23.15300,4.437879e+02,-4.401814e+02,3.966281e+02,-4.373793e+02,4.715989e+01,-2.802151e+00
23.15400,4.435365e+02,-4.414396e+02,3.964204e+02,-4.384852e+02,4.711607e+01,-2.954348e+00
23.15500,4.432756e+02,-4.422531e+02,3.962060e+02,-4.391499e+02,4.706959e+01,-3.103243e+00
23.15600,4.430522e+02,-4.430599e+02,3.960311e+02,-4.398113e+02,4.702111e+01,-3.248568e+00
23.15700,4.428073e+02,-4.432321e+02,3.958369e+02,-4.398425e+02,4.697040e+01,-3.389667e+00
23.15800,4.425000e+02,-4.422765e+02,3.955825e+02,-4.387479e+02,4.691749e+01,-3.528609e+00
23.15900,4.422609e+02,-4.418324e+02,3.953958e+02,-4.381663e+02,4.686508e+01,-3.666135e+00
23.16000,4.420261e+02,-4.405395e+02,3.952143e+02,-4.367383e+02,4.681172e+01,-3.801233e+00
23.16100,4.416937e+02,-4.396287e+02,3.949370e+02,-4.356953e+02,4.675664e+01,-3.933400e+00
23.16200,4.414771e+02,-4.378761e+02,3.947767e+02,-4.338135e+02,4.670043e+01,-4.062544e+00
23.16300,4.412489e+02,-4.360679e+02,3.946064e+02,-4.318806e+02,4.664257e+01,-4.187322e+00
23.16400,4.409525e+02,-4.323502e+02,3.943691e+02,-4.280434e+02,4.658340e+01,-4.306818e+00
23.16500,4.407166e+02,-4.304517e+02,3.941927e+02,-4.260291e+02,4.652387e+01,-4.422577e+00
23.16600,4.404725e+02,-4.271208e+02,3.940086e+02,-4.225863e+02,4.646385e+01,-4.534528e+00
23.16700,4.402163e+02,-4.239980e+02,3.938142e+02,-4.193546e+02,4.640212e+01,-4.643438e+00
23.16800,4.399827e+02,-4.200565e+02,3.936431e+02,-4.153079e+02,4.633970e+01,-4.748558e+00
23.16900,4.397674e+02,-4.161687e+02,3.934911e+02,-4.113189e+02,4.627621e+01,-4.849848e+00
23.17000,4.395192e+02,-4.116895e+02,3.933070e+02,-4.067427e+02,4.621220e+01,-4.946803e+00
23.17100,4.392985e+02,-4.069731e+02,3.931505e+02,-4.019337e+02,4.614805e+01,-5.039384e+00
23.17200,4.390829e+02,-4.020434e+02,3.929993e+02,-3.969157e+02,4.608367e+01,-5.127748e+00
23.17300,4.388760e+02,-3.965707e+02,3.928567e+02,-3.913589e+02,4.601925e+01,-5.211786e+00
23.17400,4.386724e+02,-3.909847e+02,3.927176e+02,-3.856933e+02,4.595481e+01,-5.291453e+00
23.17500,4.384822e+02,-3.850841e+02,3.925916e+02,-3.797173e+02,4.589059e+01,-5.366909e+00
23.17600,4.382915e+02,-3.788029e+02,3.924649e+02,-3.733647e+02,4.582662e+01,-5.438245e+00
23.17700,4.381166e+02,-3.724161e+02,3.923535e+02,-3.669111e+02,4.576309e+01,-5.505029e+00
23.17800,4.379415e+02,-3.656576e+02,3.922415e+02,-3.600905e+02,4.570005e+01,-5.567058e+00
23.17900,4.377911e+02,-3.585849e+02,3.921530e+02,-3.529603e+02,4.563805e+01,-5.624579e+00
23.18000,4.376186e+02,-3.515817e+02,3.920414e+02,-3.459039e+02,4.557719e+01,-5.677871e+00
23.18100,4.374921e+02,-3.438930e+02,3.919758e+02,-3.381663e+02,4.551627e+01,-5.726679e+00
23.18200,4.373516e+02,-3.362881e+02,3.918951e+02,-3.305168e+02,4.545645e+01,-5.771249e+00
23.18300,4.372194e+02,-3.283479e+02,3.918214e+02,-3.225363e+02,4.539795e+01,-5.811551e+00
23.18400,4.370615e+02,-3.203967e+02,3.917215e+02,-3.145496e+02,4.534006e+01,-5.847133e+00
23.18500,4.369413e+02,-3.121655e+02,3.916577e+02,-3.062877e+02,4.528365e+01,-5.877701e+00
23.18600,4.368137e+02,-3.037966e+02,3.915850e+02,-2.978934e+02,4.522877e+01,-5.903206e+00
23.18700,4.367621e+02,-2.944048e+02,3.915870e+02,-2.884800e+02,4.517515e+01,-5.924797e+00
23.18800,4.367031e+02,-2.852906e+02,3.915807e+02,-2.793456e+02,4.512246e+01,-5.945041e+00
23.18900,4.366206e+02,-2.761697e+02,3.915491e+02,-2.702077e+02,4.507150e+01,-5.961942e+00
23.19000,4.365511e+02,-2.669035e+02,3.915288e+02,-2.609287e+02,4.502230e+01,-5.974741e+00
23.19100,4.364910e+02,-2.575002e+02,3.915161e+02,-2.515171e+02,4.497489e+01,-5.983097e+00
23.19200,4.364390e+02,-2.479387e+02,3.915097e+02,-2.419513e+02,4.492929e+01,-5.987345e+00
23.19300,4.363932e+02,-2.382157e+02,3.915077e+02,-2.322280e+02,4.488544e+01,-5.987643e+00
23.19400,4.363623e+02,-2.282379e+02,3.915189e+02,-2.222536e+02,4.484345e+01,-5.984339e+00
23.19500,4.363356e+02,-2.182582e+02,3.915323e+02,-2.122808e+02,4.480333e+01,-5.977397e+00
23.19600,4.363225e+02,-2.080590e+02,3.915574e+02,-2.020923e+02,4.476509e+01,-5.966640e+00
23.19700,4.363101e+02,-1.978175e+02,3.915814e+02,-1.918659e+02,4.472869e+01,-5.951682e+00
23.19800,4.363097e+02,-1.874129e+02,3.916156e+02,-1.814801e+02,4.469407e+01,-5.932716e+00
23.19900,4.363216e+02,-1.770473e+02,3.916604e+02,-1.711373e+02,4.466115e+01,-5.909997e+00
23.20000,4.363207e+02,-1.664575e+02,3.916907e+02,-1.605739e+02,4.463001e+01,-5.883579e+00
23.20100,4.362839e+02,-1.557793e+02,3.916827e+02,-1.499259e+02,4.460127e+01,-5.853420e+00
23.20200,4.362908e+02,-1.454167e+02,3.917146e+02,-1.395964e+02,4.457617e+01,-5.820244e+00
23.20300,4.363482e+02,-1.342205e+02,3.917953e+02,-1.284377e+02,4.455294e+01,-5.782779e+00
23.20400,4.363862e+02,-1.233660e+02,3.918545e+02,-1.176249e+02,4.453175e+01,-5.741071e+00
23.20500,4.364255e+02,-1.125628e+02,3.919130e+02,-1.068671e+02,4.451253e+01,-5.695695e+00
23.20600,4.364710e+02,-1.016403e+02,3.919758e+02,-9.599340e+01,4.449519e+01,-5.646909e+00
23.20700,4.365153e+02,-9.072847e+01,3.920357e+02,-8.513353e+01,4.447963e+01,-5.594918e+00
23.20800,4.365696e+02,-7.977547e+01,3.921037e+02,-7.423587e+01,4.446586e+01,-5.539587e+00
23.20900,4.366236e+02,-6.883587e+01,3.921697e+02,-6.335502e+01,4.445398e+01,-5.480853e+00
23.21000,4.366788e+02,-5.786076e+01,3.922352e+02,-5.244147e+01,4.444357e+01,-5.419289e+00
23.21100,4.367369e+02,-4.688328e+01,3.923023e+02,-4.152831e+01,4.443459e+01,-5.354971e+00
23.21200,4.368012e+02,-3.582822e+01,3.923742e+02,-3.054043e+01,4.442703e+01,-5.287792e+00
23.21300,4.368528e+02,-2.480784e+01,3.924315e+02,-1.959026e+01,4.442129e+01,-5.217579e+00
23.21400,4.369232e+02,-1.386809e+01,3.925064e+02,-8.723547e+00,4.441678e+01,-5.144547e+00
23.21500,4.369964e+02,-2.733217e+00,3.925829e+02,2.335544e+00,4.441352e+01,-5.068761e+00
23.21600,4.370626e+02,7.790400e+00,3.926508e+02,1.278049e+01,4.441180e+01,-4.990088e+00
23.21700,4.371337e+02,1.866657e+01,3.927225e+02,2.357507e+01,4.441125e+01,-4.908493e+00
23.21800,4.372043e+02,2.954994e+01,3.927925e+02,3.437407e+01,4.441171e+01,-4.824131e+00
23.21900,4.372768e+02,4.019807e+01,3.928637e+02,4.493540e+01,4.441306e+01,-4.737326e+00
23.22000,4.373526e+02,5.099573e+01,3.929370e+02,5.564379e+01,4.441561e+01,-4.648055e+00
23.22100,4.374221e+02,6.166900e+01,3.930031e+02,6.622541e+01,4.441907e+01,-4.556405e+00
23.22200,4.374911e+02,7.223360e+01,3.930678e+02,7.669567e+01,4.442331e+01,-4.462053e+00
23.22300,4.375599e+02,8.270387e+01,3.931317e+02,8.706900e+01,4.442827e+01,-4.365136e+00
23.22400,4.376267e+02,9.307133e+01,3.931928e+02,9.733707e+01,4.443385e+01,-4.265767e+00
23.22500,4.376921e+02,1.034229e+02,3.932520e+02,1.075867e+02,4.444004e+01,-4.163896e+00
23.22600,4.377544e+02,1.136281e+02,3.933077e+02,1.176879e+02,4.444669e+01,-4.059782e+00
23.22700,4.378133e+02,1.237568e+02,3.933595e+02,1.277105e+02,4.445377e+01,-3.953782e+00
23.22800,4.378688e+02,1.337265e+02,3.934076e+02,1.375727e+02,4.446121e+01,-3.846177e+00
23.22900,4.379291e+02,1.438009e+02,3.934602e+02,1.475373e+02,4.446891e+01,-3.736419e+00
23.23000,4.379847e+02,1.535832e+02,3.935078e+02,1.572075e+02,4.447689e+01,-3.624378e+00
23.23100,4.380323e+02,1.632187e+02,3.935473e+02,1.667291e+02,4.448503e+01,-3.510476e+00
23.23200,4.380756e+02,1.728321e+02,3.935824e+02,1.762269e+02,4.449321e+01,-3.394841e+00
23.23300,4.381221e+02,1.822216e+02,3.936207e+02,1.854989e+02,4.450147e+01,-3.277321e+00
23.23400,4.381607e+02,1.914943e+02,3.936511e+02,1.946528e+02,4.450971e+01,-3.158456e+00
23.23500,4.381975e+02,2.006749e+02,3.936796e+02,2.037133e+02,4.451790e+01,-3.038472e+00
23.23600,4.382271e+02,2.096841e+02,3.937013e+02,2.126010e+02,4.452584e+01,-2.916938e+00
23.23700,4.382573e+02,2.185615e+02,3.937239e+02,2.213555e+02,4.453350e+01,-2.794077e+00
23.23800,4.382820e+02,2.272265e+02,3.937411e+02,2.298962e+02,4.454092e+01,-2.669739e+00
23.23900,4.383005e+02,2.357877e+02,3.937523e+02,2.383317e+02,4.454816e+01,-2.544036e+00
23.24000,4.383164e+02,2.442238e+02,3.937614e+02,2.466409e+02,4.455501e+01,-2.417101e+00
23.24100,4.383279e+02,2.524453e+02,3.937665e+02,2.547347e+02,4.456137e+01,-2.289385e+00
23.24200,4.383339e+02,2.605153e+02,3.937666e+02,2.626761e+02,4.456728e+01,-2.160812e+00
23.24300,4.383363e+02,2.683602e+02,3.937636e+02,2.703912e+02,4.457265e+01,-2.031053e+00
23.24400,4.383313e+02,2.760631e+02,3.937539e+02,2.779635e+02,4.457741e+01,-1.900381e+00
23.24500,4.383307e+02,2.836144e+02,3.937492e+02,2.853831e+02,4.458155e+01,-1.768754e+00
23.24600,4.383130e+02,2.909189e+02,3.937278e+02,2.925554e+02,4.458520e+01,-1.636456e+00
23.24700,4.382939e+02,2.980806e+02,3.937055e+02,2.995840e+02,4.458832e+01,-1.503414e+00
23.24800,4.382727e+02,3.050650e+02,3.936819e+02,3.064351e+02,4.459087e+01,-1.370081e+00
23.24900,4.382418e+02,3.117805e+02,3.936490e+02,3.130169e+02,4.459283e+01,-1.236455e+00
23.25000,4.382303e+02,3.183966e+02,3.936362e+02,3.194991e+02,4.459416e+01,-1.102453e+00
23.25100,4.382313e+02,3.243812e+02,3.936369e+02,3.253496e+02,4.459447e+01,-9.683580e-01
23.25200,4.381835e+02,3.306052e+02,3.935897e+02,3.314393e+02,4.459389e+01,-8.341300e-01
23.25300,4.381415e+02,3.365701e+02,3.935489e+02,3.372694e+02,4.459254e+01,-6.992660e-01
23.25400,4.380975e+02,3.422933e+02,3.935071e+02,3.428574e+02,4.459049e+01,-5.640419e-01
23.25500,4.380503e+02,3.477765e+02,3.934626e+02,3.482054e+02,4.458773e+01,-4.288939e-01
23.25600,4.380011e+02,3.530595e+02,3.934167e+02,3.533533e+02,4.458432e+01,-2.937529e-01
23.25700,4.379562e+02,3.581791e+02,3.933760e+02,3.583373e+02,4.458020e+01,-1.583097e-01
23.25800,4.378833e+02,3.626883e+02,3.933078e+02,3.627111e+02,4.457546e+01,-2.271624e-02
23.25900,4.378167e+02,3.671245e+02,3.932463e+02,3.670126e+02,4.457033e+01,1.119243e-01
23.26000,4.377638e+02,3.715688e+02,3.931993e+02,3.713224e+02,4.456451e+01,2.463607e-01
23.26100,4.377071e+02,3.756255e+02,3.931491e+02,3.752446e+02,4.455806e+01,3.809005e-01
23.26200,4.376477e+02,3.794959e+02,3.930967e+02,3.789807e+02,4.455103e+01,5.151081e-01
23.26300,4.375859e+02,3.830631e+02,3.930424e+02,3.824142e+02,4.454347e+01,6.488791e-01
23.26400,4.375067e+02,3.865570e+02,3.929711e+02,3.857747e+02,4.453555e+01,7.823420e-01
23.26500,4.374631e+02,3.893052e+02,3.929353e+02,3.883901e+02,4.452777e+01,9.151007e-01
23.26600,4.374082e+02,3.921570e+02,3.928889e+02,3.911097e+02,4.451924e+01,1.047323e+00
23.26700,4.373237e+02,3.944709e+02,3.928133e+02,3.932917e+02,4.451047e+01,1.179143e+00
23.26800,4.372850e+02,3.967895e+02,3.927833e+02,3.954797e+02,4.450167e+01,1.309755e+00
23.26900,4.372027e+02,3.990659e+02,3.927107e+02,3.976269e+02,4.449195e+01,1.438968e+00
23.27000,4.371404e+02,4.007311e+02,3.926585e+02,3.991639e+02,4.448188e+01,1.567135e+00
23.27100,4.370717e+02,4.021124e+02,3.926000e+02,4.004183e+02,4.447167e+01,1.694130e+00
23.27200,4.370225e+02,4.035415e+02,3.925613e+02,4.017213e+02,4.446127e+01,1.820179e+00
23.27300,4.369907e+02,4.046389e+02,3.925398e+02,4.026937e+02,4.445089e+01,1.945238e+00
23.27400,4.369174e+02,4.046738e+02,3.924773e+02,4.026062e+02,4.444006e+01,2.067610e+00
23.27500,4.368666e+02,4.053122e+02,3.924367e+02,4.031251e+02,4.442985e+01,2.187163e+00
23.27600,4.367739e+02,4.050189e+02,3.923525e+02,4.027128e+02,4.442131e+01,2.306039e+00
23.27700,4.367395e+02,4.046729e+02,3.923261e+02,4.022493e+02,4.441347e+01,2.423595e+00
23.27800,4.367500e+02,4.035085e+02,3.923447e+02,4.009664e+02,4.440533e+01,2.542128e+00
23.27900,4.367159e+02,4.027172e+02,3.923182e+02,4.000572e+02,4.439765e+01,2.660023e+00
23.28000,4.366943e+02,4.013991e+02,3.923034e+02,3.986227e+02,4.439092e+01,2.776418e+00
23.28100,4.366747e+02,4.000733e+02,3.922901e+02,3.971823e+02,4.438450e+01,2.891068e+00
23.28200,4.366266e+02,3.983291e+02,3.922477e+02,3.953248e+02,4.437893e+01,3.004263e+00
23.28300,4.366024e+02,3.962893e+02,3.922286e+02,3.931736e+02,4.437377e+01,3.115710e+00
23.28400,4.366061e+02,3.937944e+02,3.922364e+02,3.905692e+02,4.436973e+01,3.225162e+00
23.28500,4.366124e+02,3.910231e+02,3.922454e+02,3.876903e+02,4.436696e+01,3.332842e+00
23.28600,4.366354e+02,3.876464e+02,3.922698e+02,3.842079e+02,4.436563e+01,3.438465e+00
23.28700,4.366239e+02,3.846509e+02,3.922587e+02,3.811091e+02,4.436523e+01,3.541810e+00
23.28800,4.366521e+02,3.808457e+02,3.922861e+02,3.772033e+02,4.436605e+01,3.642437e+00
23.28900,4.366897e+02,3.768314e+02,3.923215e+02,3.730907e+02,4.436824e+01,3.740618e+00
23.29000,4.367295e+02,3.727386e+02,3.923578e+02,3.689019e+02,4.437177e+01,3.836614e+00
23.29100,4.368084e+02,3.672123e+02,3.924322e+02,3.632833e+02,4.437621e+01,3.928899e+00
23.29200,4.368687e+02,3.627647e+02,3.924855e+02,3.587459e+02,4.438325e+01,4.018889e+00
23.29300,4.369301e+02,3.573309e+02,3.925369e+02,3.532245e+02,4.439316e+01,4.106311e+00
23.29400,4.370017e+02,3.517529e+02,3.925967e+02,3.475625e+02,4.440501e+01,4.190449e+00
23.29500,4.370883e+02,3.458726e+02,3.926694e+02,3.416012e+02,4.441883e+01,4.271352e+00
23.29600,4.371849e+02,3.396058e+02,3.927502e+02,3.352569e+02,4.443475e+01,4.348877e+00
23.29700,4.372905e+02,3.331000e+02,3.928377e+02,3.286771e+02,4.445284e+01,4.422859e+00
23.29800,4.374059e+02,3.262539e+02,3.929328e+02,3.217605e+02,4.447313e+01,4.493349e+00
23.29900,4.375323e+02,3.191367e+02,3.930365e+02,3.145767e+02,4.449585e+01,4.559925e+00
23.30000,4.376493e+02,3.119686e+02,3.931288e+02,3.073461e+02,4.452053e+01,4.622543e+00
23.30100,4.378027e+02,3.038609e+02,3.932554e+02,2.991789e+02,4.454726e+01,4.681948e+00
23.30200,4.379520e+02,2.957625e+02,3.933761e+02,2.910239e+02,4.457588e+01,4.738490e+00
23.30300,4.381217e+02,2.870760e+02,3.935150e+02,2.822851e+02,4.460675e+01,4.790877e+00
23.30400,4.382617e+02,2.791854e+02,3.936211e+02,2.743456e+02,4.464063e+01,4.839855e+00
23.30500,4.384490e+02,2.703003e+02,3.937725e+02,2.654155e+02,4.467652e+01,4.884885e+00
23.30600,4.386387e+02,2.610803e+02,3.939237e+02,2.561553e+02,4.471501e+01,4.924972e+00
23.30700,4.388213e+02,2.517868e+02,3.940655e+02,2.468259e+02,4.475574e+01,4.960947e+00
23.30800,4.390312e+02,2.417196e+02,3.942325e+02,2.367273e+02,4.479867e+01,4.992373e+00
23.30900,4.392476e+02,2.319883e+02,3.944039e+02,2.269695e+02,4.484375e+01,5.018828e+00
23.31000,4.394608e+02,2.217251e+02,3.945694e+02,2.166840e+02,4.489141e+01,5.041075e+00
23.31100,4.396792e+02,2.113229e+02,3.947380e+02,2.062643e+02,4.494119e+01,5.058561e+00
23.31200,4.399015e+02,2.006934e+02,3.949086e+02,1.956221e+02,4.499298e+01,5.071271e+00
23.31300,4.401326e+02,1.899742e+02,3.950859e+02,1.848953e+02,4.504672e+01,5.078921e+00
23.31400,4.403686e+02,1.787934e+02,3.952661e+02,1.737118e+02,4.510245e+01,5.081592e+00
23.31500,4.406114e+02,1.674781e+02,3.954513e+02,1.623987e+02,4.516002e+01,5.079372e+00
23.31600,4.408550e+02,1.560501e+02,3.956357e+02,1.509779e+02,4.521925e+01,5.072233e+00
23.31700,4.411028e+02,1.444561e+02,3.958227e+02,1.393964e+02,4.528011e+01,5.059689e+00
23.31800,4.413532e+02,1.325776e+02,3.960107e+02,1.275359e+02,4.534244e+01,5.041647e+00
23.31900,4.415957e+02,1.204504e+02,3.961899e+02,1.154322e+02,4.540574e+01,5.018185e+00
23.32000,4.418625e+02,1.085277e+02,3.963916e+02,1.035379e+02,4.547087e+01,4.989800e+00
23.32100,4.421151e+02,9.639253e+01,3.965775e+02,9.143560e+01,4.553763e+01,4.956928e+00
23.32200,4.423599e+02,8.391980e+01,3.967550e+02,7.900107e+01,4.560489e+01,4.918706e+00
23.32300,4.426402e+02,7.130027e+01,3.969667e+02,6.642512e+01,4.567351e+01,4.875157e+00
23.32400,4.428903e+02,5.869437e+01,3.971474e+02,5.386758e+01,4.574285e+01,4.826781e+00
23.32500,4.431359e+02,4.616967e+01,3.973234e+02,4.139624e+01,4.581253e+01,4.773435e+00
23.32600,4.433991e+02,3.308544e+01,3.975163e+02,2.837091e+01,4.588275e+01,4.714530e+00
23.32700,4.436462e+02,2.019103e+01,3.976930e+02,1.554098e+01,4.595317e+01,4.650050e+00
23.32800,4.438903e+02,7.262467e+00,3.978666e+02,2.682182e+00,4.602365e+01,4.580286e+00
23.32900,4.441309e+02,-5.743782e+00,3.980369e+02,-1.024903e+01,4.609402e+01,4.505243e+00
23.33000,4.443619e+02,-1.870243e+01,3.981979e+02,-2.312719e+01,4.616411e+01,4.424767e+00
23.33100,4.445951e+02,-3.174335e+01,3.983613e+02,-3.608269e+01,4.623382e+01,4.339342e+00
23.33200,4.448168e+02,-4.471451e+01,3.985139e+02,-4.896387e+01,4.630293e+01,4.249355e+00
23.33300,4.450269e+02,-5.774785e+01,3.986558e+02,-6.190224e+01,4.637114e+01,4.154386e+00
23.33400,4.452526e+02,-7.082160e+01,3.988140e+02,-7.487567e+01,4.643857e+01,4.054056e+00
23.33500,4.454538e+02,-8.383907e+01,3.989487e+02,-8.778787e+01,4.650516e+01,3.948775e+00
23.33600,4.456428e+02,-9.653700e+01,3.990725e+02,-1.003763e+02,4.657033e+01,3.839272e+00
23.33700,4.458434e+02,-1.096319e+02,3.992087e+02,-1.133575e+02,4.663475e+01,3.725559e+00
23.33800,4.460191e+02,-1.223747e+02,3.993214e+02,-1.259823e+02,4.669777e+01,3.607525e+00
23.33900,4.461872e+02,-1.350331e+02,3.994280e+02,-1.385183e+02,4.675916e+01,3.485196e+00
23.34000,4.463497e+02,-1.476503e+02,3.995310e+02,-1.510091e+02,4.681869e+01,3.358845e+00
23.34100,4.465021e+02,-1.601054e+02,3.996254e+02,-1.633339e+02,4.687671e+01,3.228467e+00
23.34200,4.466352e+02,-1.724898e+02,3.997025e+02,-1.755837e+02,4.693266e+01,3.093851e+00
23.34300,4.467619e+02,-1.846616e+02,3.997755e+02,-1.876167e+02,4.698649e+01,2.955080e+00
23.34400,4.468729e+02,-1.967126e+02,3.998349e+02,-1.995253e+02,4.703804e+01,2.812669e+00
23.34500,4.469820e+02,-2.085961e+02,3.998947e+02,-2.112632e+02,4.708737e+01,2.667148e+00
23.34600,4.470729e+02,-2.202801e+02,3.999386e+02,-2.227985e+02,4.713428e+01,2.518383e+00
23.34700,4.471569e+02,-2.317415e+02,3.999783e+02,-2.341075e+02,4.717863e+01,2.366113e+00
23.34800,4.472068e+02,-2.430111e+02,3.999865e+02,-2.452221e+02,4.722025e+01,2.210945e+00
23.34900,4.472445e+02,-2.540289e+02,3.999851e+02,-2.560819e+02,4.725946e+01,2.053000e+00
23.35000,4.472856e+02,-2.648685e+02,3.999893e+02,-2.667607e+02,4.729627e+01,1.892122e+00
23.35100,4.473111e+02,-2.754464e+02,3.999809e+02,-2.771748e+02,4.733026e+01,1.728371e+00
23.35200,4.473313e+02,-2.858659e+02,3.999699e+02,-2.874287e+02,4.736139e+01,1.562840e+00
23.35300,4.473284e+02,-2.958935e+02,3.999386e+02,-2.972890e+02,4.738981e+01,1.395450e+00
23.35400,4.473185e+02,-3.057407e+02,3.999033e+02,-3.069668e+02,4.741528e+01,1.226053e+00
23.35500,4.472951e+02,-3.152839e+02,3.998572e+02,-3.163389e+02,4.743789e+01,1.054916e+00
23.35600,4.472570e+02,-3.245219e+02,3.997995e+02,-3.254041e+02,4.745745e+01,8.821867e-01
23.35700,4.472067e+02,-3.334271e+02,3.997326e+02,-3.341352e+02,4.747403e+01,7.080627e-01
23.35800,4.471386e+02,-3.420579e+02,3.996511e+02,-3.425906e+02,4.748752e+01,5.327562e-01
23.35900,4.470577e+02,-3.501165e+02,3.995597e+02,-3.504741e+02,4.749796e+01,3.575661e-01
23.36000,4.469649e+02,-3.589899e+02,3.994595e+02,-3.591703e+02,4.750541e+01,1.804883e-01
23.36100,4.468778e+02,-3.663760e+02,3.993681e+02,-3.663779e+02,4.750972e+01,1.973227e-03
23.36200,4.467727e+02,-3.735343e+02,3.992617e+02,-3.733577e+02,4.751107e+01,-1.765533e-01
23.36300,4.466617e+02,-3.803432e+02,3.991526e+02,-3.799891e+02,4.750907e+01,-3.540964e-01
23.36400,4.465759e+02,-3.868617e+02,3.990723e+02,-3.863307e+02,4.750356e+01,-5.310112e-01
23.36500,4.463444e+02,-3.925689e+02,3.988490e+02,-3.918615e+02,4.749540e+01,-7.073667e-01
23.36600,4.461869e+02,-3.986671e+02,3.987022e+02,-3.977850e+02,4.748463e+01,-8.820807e-01
23.36700,4.460205e+02,-4.042663e+02,3.985496e+02,-4.032101e+02,4.747083e+01,-1.056222e+00
23.36800,4.458453e+02,-4.094891e+02,3.983911e+02,-4.082592e+02,4.745416e+01,-1.229943e+00
23.36900,4.456573e+02,-4.143563e+02,3.982227e+02,-4.129535e+02,4.743462e+01,-1.402760e+00
23.37000,4.454617e+02,-4.188510e+02,3.980495e+02,-4.172763e+02,4.741224e+01,-1.574639e+00
23.37100,4.452553e+02,-4.229271e+02,3.978681e+02,-4.211819e+02,4.738711e+01,-1.745285e+00
23.37200,4.450491e+02,-4.266841e+02,3.976897e+02,-4.247697e+02,4.735937e+01,-1.914407e+00
23.37300,4.448378e+02,-4.301680e+02,3.975090e+02,-4.280866e+02,4.732883e+01,-2.081391e+00
23.37400,4.445959e+02,-4.328837e+02,3.973001e+02,-4.306375e+02,4.729584e+01,-2.246209e+00
23.37500,4.443583e+02,-4.354716e+02,3.970981e+02,-4.330637e+02,4.726019e+01,-2.407932e+00
23.37600,4.440725e+02,-4.376476e+02,3.968511e+02,-4.350802e+02,4.722147e+01,-2.567459e+00
23.37700,4.439144e+02,-4.394413e+02,3.967333e+02,-4.367175e+02,4.718117e+01,-2.723805e+00
23.37800,4.436633e+02,-4.408507e+02,3.965245e+02,-4.379735e+02,4.713869e+01,-2.877213e+00
23.37900,4.434128e+02,-4.419377e+02,3.963192e+02,-4.389098e+02,4.709359e+01,-3.027883e+00
23.38000,4.431751e+02,-4.427761e+02,3.961291e+02,-4.396010e+02,4.704604e+01,-3.175088e+00
23.38100,4.429461e+02,-4.435133e+02,3.959495e+02,-4.401949e+02,4.699655e+01,-3.318467e+00
23.38200,4.426382e+02,-4.427212e+02,3.956936e+02,-4.392631e+02,4.694461e+01,-3.458085e+00
23.38300,4.423643e+02,-4.418909e+02,3.954727e+02,-4.382945e+02,4.689159e+01,-3.596398e+00
23.38400,4.421391e+02,-4.413077e+02,3.952999e+02,-4.375749e+02,4.683920e+01,-3.732824e+00
23.38500,4.418841e+02,-4.400361e+02,3.950994e+02,-4.361697e+02,4.678477e+01,-3.866454e+00
23.38600,4.415945e+02,-4.391080e+02,3.948653e+02,-4.351107e+02,4.672926e+01,-3.997331e+00
23.38700,4.413474e+02,-4.366509e+02,3.946753e+02,-4.325265e+02,4.667209e+01,-4.124310e+00
23.38800,4.410927e+02,-4.342542e+02,3.944790e+02,-4.300076e+02,4.661377e+01,-4.246644e+00
23.38900,4.408399e+02,-4.318353e+02,3.942857e+02,-4.274712e+02,4.655421e+01,-4.364083e+00
23.39000,4.405994e+02,-4.288732e+02,3.941049e+02,-4.243952e+02,4.649453e+01,-4.478023e+00
23.39100,4.403434e+02,-4.257379e+02,3.939097e+02,-4.211495e+02,4.643373e+01,-4.588389e+00
23.39200,4.401008e+02,-4.220601e+02,3.937293e+02,-4.173645e+02,4.637150e+01,-4.695565e+00
23.39300,4.398683e+02,-4.182274e+02,3.935596e+02,-4.134285e+02,4.630867e+01,-4.798815e+00
23.39400,4.396375e+02,-4.139830e+02,3.933927e+02,-4.090850e+02,4.624480e+01,-4.897996e+00
23.39500,4.394113e+02,-4.093743e+02,3.932305e+02,-4.043815e+02,4.618073e+01,-4.992777e+00
23.39600,4.391913e+02,-4.045657e+02,3.930749e+02,-3.994824e+02,4.611647e+01,-5.083296e+00
23.39700,4.389830e+02,-3.994331e+02,3.929309e+02,-3.942636e+02,4.605205e+01,-5.169585e+00
23.39800,4.387768e+02,-3.938617e+02,3.927891e+02,-3.886103e+02,4.598761e+01,-5.251434e+00
23.39900,4.385799e+02,-3.882065e+02,3.926566e+02,-3.828775e+02,4.592325e+01,-5.329020e+00
23.40000,4.383877e+02,-3.820316e+02,3.925285e+02,-3.766291e+02,4.585915e+01,-5.402445e+00
23.40100,4.382033e+02,-3.757302e+02,3.924079e+02,-3.702585e+02,4.579535e+01,-5.471635e+00
23.40200,4.380285e+02,-3.690995e+02,3.922963e+02,-3.635634e+02,4.573207e+01,-5.536033e+00
23.40300,4.378685e+02,-3.622279e+02,3.921990e+02,-3.566321e+02,4.566945e+01,-5.595823e+00
23.40400,4.377253e+02,-3.548807e+02,3.921170e+02,-3.492294e+02,4.560834e+01,-5.651323e+00
23.40500,4.375455e+02,-3.479808e+02,3.919984e+02,-3.422784e+02,4.554711e+01,-5.702382e+00
23.40600,4.374138e+02,-3.402715e+02,3.919271e+02,-3.345224e+02,4.548672e+01,-5.749064e+00
23.40700,4.372918e+02,-3.323059e+02,3.918642e+02,-3.265143e+02,4.542759e+01,-5.791605e+00
23.40800,4.371267e+02,-3.246125e+02,3.917573e+02,-3.187829e+02,4.536939e+01,-5.829657e+00
23.40900,4.370117e+02,-3.162629e+02,3.916995e+02,-3.104001e+02,4.531219e+01,-5.862724e+00
23.41000,4.368812e+02,-3.080920e+02,3.916247e+02,-3.022011e+02,4.525649e+01,-5.890937e+00
23.41100,4.367725e+02,-2.994248e+02,3.915702e+02,-2.935108e+02,4.520234e+01,-5.913991e+00
23.41200,4.367483e+02,-2.896809e+02,3.915993e+02,-2.837459e+02,4.514909e+01,-5.934995e+00
23.41300,4.366602e+02,-2.807714e+02,3.915629e+02,-2.748176e+02,4.509721e+01,-5.953804e+00
23.41400,4.365838e+02,-2.716823e+02,3.915367e+02,-2.657135e+02,4.504711e+01,-5.968773e+00
23.41500,4.365201e+02,-2.623103e+02,3.915213e+02,-2.563310e+02,4.499880e+01,-5.979370e+00
23.41600,4.364648e+02,-2.528523e+02,3.915125e+02,-2.468666e+02,4.495228e+01,-5.985695e+00
23.41700,4.364167e+02,-2.431166e+02,3.915091e+02,-2.371287e+02,4.490756e+01,-5.987942e+00
23.41800,4.363776e+02,-2.332622e+02,3.915130e+02,-2.272757e+02,4.486459e+01,-5.986451e+00
23.41900,4.363475e+02,-2.233306e+02,3.915240e+02,-2.173492e+02,4.482352e+01,-5.981383e+00
23.42000,4.363257e+02,-2.132609e+02,3.915414e+02,-2.072883e+02,4.478429e+01,-5.972611e+00
23.42100,4.363129e+02,-2.030389e+02,3.915659e+02,-1.970791e+02,4.474697e+01,-5.959803e+00
23.42200,4.363073e+02,-1.927131e+02,3.915958e+02,-1.867702e+02,4.471146e+01,-5.942841e+00
23.42300,4.363135e+02,-1.823635e+02,3.916358e+02,-1.764415e+02,4.467771e+01,-5.922025e+00
23.42400,4.363240e+02,-1.718475e+02,3.916784e+02,-1.659500e+02,4.464560e+01,-5.897452e+00
23.42500,4.363126e+02,-1.611579e+02,3.916971e+02,-1.552887e+02,4.461546e+01,-5.869263e+00
23.42600,4.362781e+02,-1.509758e+02,3.916895e+02,-1.451383e+02,4.458861e+01,-5.837535e+00
23.42700,4.363285e+02,-1.396873e+02,3.917640e+02,-1.338849e+02,4.456453e+01,-5.802393e+00
23.42800,4.363685e+02,-1.288600e+02,3.918262e+02,-1.230972e+02,4.454228e+01,-5.762785e+00
23.42900,4.364055e+02,-1.180674e+02,3.918835e+02,-1.123482e+02,4.452207e+01,-5.719227e+00
23.43000,4.364472e+02,-1.072055e+02,3.919435e+02,-1.015334e+02,4.450379e+01,-5.672147e+00
23.43100,4.364916e+02,-9.628513e+01,3.920043e+02,-9.066333e+01,4.448733e+01,-5.621772e+00
23.43200,4.365389e+02,-8.534180e+01,3.920663e+02,-7.977360e+01,4.447263e+01,-5.568185e+00
23.43300,4.366071e+02,-7.436587e+01,3.921472e+02,-6.885487e+01,4.445985e+01,-5.511059e+00
23.43400,4.366487e+02,-6.347195e+01,3.922001e+02,-5.802093e+01,4.444867e+01,-5.451016e+00
23.43500,4.367079e+02,-5.245995e+01,3.922688e+02,-4.707202e+01,4.443904e+01,-5.387932e+00
23.43600,4.367641e+02,-4.147615e+01,3.923335e+02,-3.615375e+01,4.443065e+01,-5.322393e+00
23.43700,4.368465e+02,-3.048119e+01,3.924224e+02,-2.522748e+01,4.442405e+01,-5.253710e+00
23.43800,4.368835e+02,-1.943904e+01,3.924646e+02,-1.425703e+01,4.441890e+01,-5.182009e+00
23.43900,4.369611e+02,-8.466840e+00,3.925461e+02,-3.359057e+00,4.441506e+01,-5.107781e+00
23.44000,4.370265e+02,2.263580e+00,3.926141e+02,7.294100e+00,4.441250e+01,-5.030518e+00
23.44100,4.370959e+02,1.309703e+01,3.926845e+02,1.804740e+01,4.441139e+01,-4.950377e+00
23.44200,4.371675e+02,2.402068e+01,3.927562e+02,2.888807e+01,4.441135e+01,-4.867391e+00
23.44300,4.372345e+02,3.478840e+01,3.928223e+02,3.957019e+01,4.441222e+01,-4.781789e+00
23.44400,4.373170e+02,4.555573e+01,3.929029e+02,5.024952e+01,4.441417e+01,-4.693794e+00
23.44500,4.373869e+02,5.626794e+01,3.929697e+02,6.087130e+01,4.441719e+01,-4.603360e+00
23.44600,4.374564e+02,6.684500e+01,3.930354e+02,7.135540e+01,4.442106e+01,-4.510387e+00
23.44700,4.375254e+02,7.737260e+01,3.930998e+02,8.178740e+01,4.442565e+01,-4.414777e+00
23.44800,4.375914e+02,8.778807e+01,3.931605e+02,9.210473e+01,4.443093e+01,-4.316649e+00
23.44900,4.376605e+02,9.814660e+01,3.932236e+02,1.023626e+02,4.443683e+01,-4.216054e+00
23.45000,4.377224e+02,1.084257e+02,3.932791e+02,1.125387e+02,4.444325e+01,-4.113038e+00
23.45100,4.377830e+02,1.186214e+02,3.933329e+02,1.226293e+02,4.445011e+01,-4.007952e+00
23.45200,4.378409e+02,1.286685e+02,3.933835e+02,1.325697e+02,4.445738e+01,-3.901183e+00
23.45300,4.378938e+02,1.385535e+02,3.934289e+02,1.423462e+02,4.446495e+01,-3.792654e+00
23.45400,4.379585e+02,1.486265e+02,3.934857e+02,1.523082e+02,4.447280e+01,-3.681665e+00
23.45500,4.380083e+02,1.583257e+02,3.935274e+02,1.618943e+02,4.448088e+01,-3.568670e+00
23.45600,4.380551e+02,1.679621e+02,3.935661e+02,1.714160e+02,4.448906e+01,-3.453934e+00
23.45700,4.381017e+02,1.774231e+02,3.936044e+02,1.807605e+02,4.449727e+01,-3.337351e+00
23.45800,4.381425e+02,1.867849e+02,3.936369e+02,1.900040e+02,4.450553e+01,-3.219122e+00
23.45900,4.381819e+02,1.960293e+02,3.936681e+02,1.991290e+02,4.451376e+01,-3.099721e+00
23.46000,4.382137e+02,2.051133e+02,3.936918e+02,2.080923e+02,4.452184e+01,-2.979003e+00
23.46100,4.382391e+02,2.140387e+02,3.937095e+02,2.168955e+02,4.452961e+01,-2.856779e+00
23.46200,4.382693e+02,2.228023e+02,3.937321e+02,2.255355e+02,4.453717e+01,-2.733229e+00
23.46300,4.382950e+02,2.314545e+02,3.937505e+02,2.340627e+02,4.454451e+01,-2.608171e+00
23.46400,4.383105e+02,2.399379e+02,3.937589e+02,2.424197e+02,4.455159e+01,-2.481847e+00
23.46500,4.383217e+02,2.482807e+02,3.937635e+02,2.506352e+02,4.455819e+01,-2.354493e+00
23.46600,4.383323e+02,2.564184e+02,3.937679e+02,2.586448e+02,4.456434e+01,-2.226385e+00
23.46700,4.383356e+02,2.643876e+02,3.937656e+02,2.664849e+02,4.456998e+01,-2.097249e+00
23.46800,4.383349e+02,2.721904e+02,3.937599e+02,2.741575e+02,4.457507e+01,-1.967010e+00
23.46900,4.383329e+02,2.797855e+02,3.937534e+02,2.816213e+02,4.457951e+01,-1.835873e+00
23.47000,4.383220e+02,2.871845e+02,3.937386e+02,2.888885e+02,4.458341e+01,-1.703891e+00
23.47100,4.383015e+02,2.944511e+02,3.937147e+02,2.960223e+02,4.458680e+01,-1.571193e+00
23.47200,4.382843e+02,3.015303e+02,3.936946e+02,3.029682e+02,4.458965e+01,-1.437967e+00
23.47300,4.382588e+02,3.084018e+02,3.936669e+02,3.097063e+02,4.459190e+01,-1.304526e+00
23.47400,4.382288e+02,3.149591e+02,3.936352e+02,3.161299e+02,4.459360e+01,-1.170769e+00
23.47500,4.382253e+02,3.214795e+02,3.936308e+02,3.225159e+02,4.459446e+01,-1.036485e+00
23.47600,4.382081e+02,3.274085e+02,3.936138e+02,3.283111e+02,4.459428e+01,-9.025433e-01
23.47700,4.381618e+02,3.335680e+02,3.935685e+02,3.343359e+02,4.459332e+01,-7.679547e-01
23.47800,4.381209e+02,3.394170e+02,3.935293e+02,3.400499e+02,4.459162e+01,-6.328987e-01
23.47900,4.380735e+02,3.449997e+02,3.934843e+02,3.454973e+02,4.458921e+01,-4.976285e-01
23.48000,4.380270e+02,3.503977e+02,3.934409e+02,3.507603e+02,4.458615e+01,-3.625631e-01
23.48100,4.379783e+02,3.555753e+02,3.933959e+02,3.558025e+02,4.458239e+01,-2.273281e-01
23.48200,4.379339e+02,3.605961e+02,3.933559e+02,3.606877e+02,4.457790e+01,-9.157127e-02
23.48300,4.378450e+02,3.648102e+02,3.932720e+02,3.647668e+02,4.457301e+01,4.345378e-02
23.48400,4.377908e+02,3.693619e+02,3.932232e+02,3.691839e+02,4.456755e+01,1.779365e-01
23.48500,4.377371e+02,3.735964e+02,3.931757e+02,3.732839e+02,4.456142e+01,3.124365e-01
23.48600,4.376761e+02,3.775845e+02,3.931215e+02,3.771377e+02,4.455467e+01,4.468779e-01
23.48700,4.376155e+02,3.812511e+02,3.930681e+02,3.806703e+02,4.454737e+01,5.808406e-01
23.48800,4.375529e+02,3.847135e+02,3.930132e+02,3.839991e+02,4.453963e+01,7.143833e-01
23.48900,4.374545e+02,3.880519e+02,3.929226e+02,3.872042e+02,4.453185e+01,8.476720e-01
23.49000,4.374362e+02,3.906717e+02,3.929126e+02,3.896917e+02,4.452361e+01,9.800167e-01
23.49100,4.373698e+02,3.933707e+02,3.928549e+02,3.922585e+02,4.451493e+01,1.112165e+00
23.49200,4.372969e+02,3.956049e+02,3.927908e+02,3.943614e+02,4.450614e+01,1.243443e+00
23.49300,4.372395e+02,3.980309e+02,3.927425e+02,3.966575e+02,4.449701e+01,1.373326e+00
23.49400,4.371749e+02,3.998809e+02,3.926879e+02,3.983789e+02,4.448703e+01,1.502026e+00
23.49500,4.371117e+02,4.014697e+02,3.926348e+02,3.998400e+02,4.447691e+01,1.629644e+00
23.49600,4.370337e+02,4.027202e+02,3.925672e+02,4.009641e+02,4.446651e+01,1.756121e+00
23.49700,4.369929e+02,4.040897e+02,3.925368e+02,4.022079e+02,4.445617e+01,1.881725e+00
23.49800,4.369484e+02,4.045768e+02,3.925027e+02,4.025709e+02,4.444568e+01,2.005885e+00
23.49900,4.369054e+02,4.054985e+02,3.924706e+02,4.033719e+02,4.443475e+01,2.126500e+00
23.50000,4.368045e+02,4.049619e+02,3.923789e+02,4.027161e+02,4.442555e+01,2.245715e+00
23.50100,4.367405e+02,4.051663e+02,3.923230e+02,4.028025e+02,4.441747e+01,2.363776e+00
23.50200,4.367597e+02,4.039263e+02,3.923502e+02,4.014445e+02,4.440947e+01,2.481750e+00
23.50300,4.367320e+02,4.031801e+02,3.923305e+02,4.005799e+02,4.440146e+01,2.600170e+00
23.50400,4.367059e+02,4.022901e+02,3.923117e+02,3.995726e+02,4.439420e+01,2.717470e+00
23.50500,4.366814e+02,4.008390e+02,3.922937e+02,3.980061e+02,4.438773e+01,2.832889e+00
23.50600,4.366695e+02,3.992027e+02,3.922877e+02,3.962559e+02,4.438173e+01,2.946845e+00
23.50700,4.366048e+02,3.974138e+02,3.922285e+02,3.943546e+02,4.437629e+01,3.059219e+00
23.50800,4.366029e+02,3.950955e+02,3.922312e+02,3.919257e+02,4.437162e+01,3.169707e+00
23.50900,4.366068e+02,3.924150e+02,3.922386e+02,3.891368e+02,4.436820e+01,3.278216e+00
23.51000,4.366190e+02,3.893539e+02,3.922529e+02,3.859690e+02,4.436609e+01,3.384975e+00
23.51100,4.366145e+02,3.862989e+02,3.922492e+02,3.828095e+02,4.436530e+01,3.489481e+00
23.51200,4.366358e+02,3.828015e+02,3.922703e+02,3.792100e+02,4.436546e+01,3.591548e+00
23.51300,4.366714e+02,3.789521e+02,3.923044e+02,3.752611e+02,4.436696e+01,3.690937e+00
23.51400,4.367126e+02,3.748249e+02,3.923428e+02,3.710369e+02,4.436981e+01,3.788023e+00
23.51500,4.367997e+02,3.698166e+02,3.924259e+02,3.659343e+02,4.437376e+01,3.882362e+00
23.51600,4.368223e+02,3.649543e+02,3.924431e+02,3.609811e+02,4.437924e+01,3.973253e+00
23.51700,4.368930e+02,3.601600e+02,3.925051e+02,3.560978e+02,4.438782e+01,4.062227e+00
23.51800,4.369600e+02,3.546703e+02,3.925613e+02,3.505223e+02,4.439875e+01,4.148023e+00
23.51900,4.370425e+02,3.488525e+02,3.926310e+02,3.446219e+02,4.441154e+01,4.230573e+00
23.52000,4.371346e+02,3.428475e+02,3.927083e+02,3.385377e+02,4.442638e+01,4.309853e+00
23.52100,4.372359e+02,3.364567e+02,3.927925e+02,3.320710e+02,4.444337e+01,4.385641e+00
23.52200,4.373450e+02,3.297306e+02,3.928825e+02,3.252727e+02,4.446252e+01,4.457899e+00
23.52300,4.374675e+02,3.227152e+02,3.929835e+02,3.181886e+02,4.448397e+01,4.526585e+00
23.52400,4.375941e+02,3.155094e+02,3.930863e+02,3.109184e+02,4.450785e+01,4.590968e+00
23.52500,4.377346e+02,3.077299e+02,3.932012e+02,3.030778e+02,4.453341e+01,4.652073e+00
23.52600,4.378713e+02,2.998916e+02,3.933103e+02,2.951814e+02,4.456103e+01,4.710175e+00
23.52700,4.380281e+02,2.916015e+02,3.934374e+02,2.868367e+02,4.459075e+01,4.764775e+00
23.52800,4.382056e+02,2.833168e+02,3.935824e+02,2.785015e+02,4.462319e+01,4.815333e+00
23.52900,4.383506e+02,2.749323e+02,3.936927e+02,2.700697e+02,4.465794e+01,4.862533e+00
23.53000,4.385482e+02,2.658135e+02,3.938531e+02,2.609084e+02,4.469511e+01,4.905107e+00
23.53100,4.387244e+02,2.565492e+02,3.939897e+02,2.516061e+02,4.473471e+01,4.943127e+00
23.53200,4.389127e+02,2.471354e+02,3.941361e+02,2.421583e+02,4.477655e+01,4.977083e+00
23.53300,4.391230e+02,2.368216e+02,3.943026e+02,2.318157e+02,4.482042e+01,5.005814e+00
23.53400,4.393523e+02,2.270328e+02,3.944855e+02,2.220025e+02,4.486688e+01,5.030341e+00
23.53500,4.395670e+02,2.166747e+02,3.946514e+02,2.116244e+02,4.491560e+01,5.050286e+00
23.53600,4.397895e+02,2.061312e+02,3.948231e+02,2.010658e+02,4.496638e+01,5.065423e+00
23.53700,4.400123e+02,1.953839e+02,3.949931e+02,1.903083e+02,4.501911e+01,5.075652e+00
23.53800,4.402510e+02,1.845319e+02,3.951771e+02,1.794511e+02,4.507386e+01,5.080879e+00
23.53900,4.404885e+02,1.732762e+02,3.953580e+02,1.681951e+02,4.513048e+01,5.081096e+00
23.54000,4.407281e+02,1.619227e+02,3.955391e+02,1.568461e+02,4.518889e+01,5.076491e+00
23.54100,4.409762e+02,1.503692e+02,3.957273e+02,1.453025e+02,4.524893e+01,5.066729e+00
23.54200,4.412268e+02,1.386233e+02,3.959163e+02,1.335718e+02,4.531055e+01,5.051487e+00
23.54300,4.414695e+02,1.267305e+02,3.960961e+02,1.216997e+02,4.537342e+01,5.030814e+00
23.54400,4.417338e+02,1.144853e+02,3.962963e+02,1.094805e+02,4.543743e+01,5.004776e+00
23.54500,4.419861e+02,1.025647e+02,3.964826e+02,9.759047e+01,4.550353e+01,4.974265e+00
23.54600,4.422292e+02,9.020927e+01,3.966586e+02,8.527040e+01,4.557059e+01,4.938854e+00
23.54700,4.425070e+02,7.767100e+01,3.968686e+02,7.277307e+01,4.563845e+01,4.897963e+00
23.54800,4.427648e+02,6.511100e+01,3.970573e+02,6.025898e+01,4.570751e+01,4.852020e+00
23.54900,4.430147e+02,5.249439e+01,3.972377e+02,4.769316e+01,4.577707e+01,4.801230e+00
23.55000,4.432715e+02,3.958665e+01,3.974246e+02,3.484145e+01,4.584696e+01,4.745201e+00
23.55100,4.435204e+02,2.674910e+01,3.976031e+02,2.206555e+01,4.591731e+01,4.683552e+00
23.55200,4.437676e+02,1.383750e+01,3.977798e+02,9.221047e+00,4.598779e+01,4.616449e+00
23.55300,4.440084e+02,9.212180e-01,3.979502e+02,-3.622909e+00,4.605822e+01,4.544127e+00
23.55400,4.442445e+02,-1.207548e+01,3.981161e+02,-1.654187e+01,4.612848e+01,4.466390e+00
23.55500,4.444766e+02,-2.513639e+01,3.982782e+02,-2.951979e+01,4.619839e+01,4.383401e+00
23.55600,4.447054e+02,-3.813209e+01,3.984375e+02,-4.242785e+01,4.626785e+01,4.295758e+00
23.55700,4.449194e+02,-5.099923e+01,3.985829e+02,-5.520265e+01,4.633655e+01,4.203412e+00
23.55800,4.451398e+02,-6.428852e+01,3.987355e+02,-6.839427e+01,4.640431e+01,4.105737e+00
23.55900,4.453531e+02,-7.722740e+01,3.988817e+02,-8.123040e+01,4.647141e+01,4.002999e+00
23.56000,4.455439e+02,-9.017547e+01,3.990066e+02,-9.407093e+01,4.653729e+01,3.895471e+00
23.56100,4.457517e+02,-1.031008e+02,3.991496e+02,-1.068847e+02,4.660211e+01,3.783989e+00
23.56200,4.459317e+02,-1.158711e+02,3.992658e+02,-1.195393e+02,4.666589e+01,3.668140e+00
23.56300,4.461055e+02,-1.286105e+02,3.993774e+02,-1.321585e+02,4.672815e+01,3.547931e+00
23.56400,4.462593e+02,-1.411874e+02,3.994708e+02,-1.446111e+02,4.678855e+01,3.423672e+00
23.56500,4.464276e+02,-1.538087e+02,3.995802e+02,-1.571040e+02,4.684741e+01,3.295325e+00
23.56600,4.465689e+02,-1.662210e+02,3.996644e+02,-1.693839e+02,4.690445e+01,3.162912e+00
23.56700,4.467006e+02,-1.784956e+02,3.997412e+02,-1.815218e+02,4.695937e+01,3.026209e+00
23.56800,4.468176e+02,-1.906087e+02,3.998055e+02,-1.934943e+02,4.701209e+01,2.885565e+00
23.56900,4.469298e+02,-2.025370e+02,3.998672e+02,-2.052786e+02,4.706255e+01,2.741573e+00
23.57000,4.470282e+02,-2.143505e+02,3.999175e+02,-2.169450e+02,4.711072e+01,2.594545e+00
23.57100,4.471149e+02,-2.258841e+02,3.999585e+02,-2.283281e+02,4.715638e+01,2.444017e+00
23.57200,4.472007e+02,-2.373145e+02,4.000012e+02,-2.396047e+02,4.719943e+01,2.290262e+00
23.57300,4.472343e+02,-2.485583e+02,3.999946e+02,-2.506919e+02,4.723975e+01,2.133715e+00
23.57400,4.472651e+02,-2.594257e+02,3.999872e+02,-2.614001e+02,4.727787e+01,1.974414e+00
23.57500,4.473005e+02,-2.701275e+02,3.999871e+02,-2.719394e+02,4.731333e+01,1.811972e+00
23.57600,4.473149e+02,-2.805439e+02,3.999691e+02,-2.821911e+02,4.734584e+01,1.647291e+00
23.57700,4.473333e+02,-2.908645e+02,3.999576e+02,-2.923453e+02,4.737573e+01,1.480911e+00
23.57800,4.473259e+02,-3.007568e+02,3.999232e+02,-3.020693e+02,4.740268e+01,1.312534e+00
23.57900,4.473123e+02,-3.104773e+02,3.998855e+02,-3.116195e+02,4.742676e+01,1.142221e+00
23.58000,4.472767e+02,-3.198247e+02,3.998288e+02,-3.207950e+02,4.744786e+01,9.702913e-01
23.58100,4.472346e+02,-3.289266e+02,3.997687e+02,-3.297235e+02,4.746596e+01,7.968553e-01
23.58200,4.471733e+02,-3.376762e+02,3.996923e+02,-3.382983e+02,4.748103e+01,6.220619e-01
23.58300,4.471017e+02,-3.461241e+02,3.996087e+02,-3.465708e+02,4.749303e+01,4.466357e-01
23.58400,4.470102e+02,-3.543617e+02,3.995082e+02,-3.546328e+02,4.750199e+01,2.711705e-01
23.58500,4.469305e+02,-3.625961e+02,3.994226e+02,-3.626889e+02,4.750791e+01,9.286233e-02
23.58600,4.468113e+02,-3.701129e+02,3.993005e+02,-3.700271e+02,4.751079e+01,-8.586207e-02
23.58700,4.467274e+02,-3.768188e+02,3.992169e+02,-3.765550e+02,4.751050e+01,-2.637434e-01
23.58800,4.466325e+02,-3.833329e+02,3.991257e+02,-3.828920e+02,4.750679e+01,-4.408495e-01
23.58900,4.464739e+02,-3.898731e+02,3.989741e+02,-3.892551e+02,4.749981e+01,-6.179763e-01
23.59000,4.462653e+02,-3.956063e+02,3.987749e+02,-3.948131e+02,4.749047e+01,-7.932107e-01
23.59100,4.461055e+02,-4.014745e+02,3.986273e+02,-4.005069e+02,4.747821e+01,-9.676353e-01
23.59200,4.459338e+02,-4.068755e+02,3.984708e+02,-4.057339e+02,4.746298e+01,-1.141573e+00
23.59300,4.457536e+02,-4.119553e+02,3.983087e+02,-4.106405e+02,4.744493e+01,-1.314924e+00
23.59400,4.455621e+02,-4.165743e+02,3.981381e+02,-4.150871e+02,4.742398e+01,-1.487275e+00
23.59500,4.453620e+02,-4.208555e+02,3.979617e+02,-4.191969e+02,4.740024e+01,-1.658599e+00
23.59600,4.451381e+02,-4.246899e+02,3.977642e+02,-4.228614e+02,4.737390e+01,-1.828547e+00
23.59700,4.449455e+02,-4.284464e+02,3.976008e+02,-4.264497e+02,4.734469e+01,-1.996665e+00
23.59800,4.447449e+02,-4.319883e+02,3.974319e+02,-4.298255e+02,4.731296e+01,-2.162854e+00
23.59900,4.444831e+02,-4.342353e+02,3.972043e+02,-4.319095e+02,4.727869e+01,-2.325899e+00
23.60000,4.442349e+02,-4.365788e+02,3.969933e+02,-4.340923e+02,4.724163e+01,-2.486445e+00
23.60100,4.440281e+02,-4.387405e+02,3.968262e+02,-4.360959e+02,4.720190e+01,-2.644679e+00
23.60200,4.437923e+02,-4.401561e+02,3.966316e+02,-4.373567e+02,4.716065e+01,-2.799386e+00
23.60300,4.435409e+02,-4.414183e+02,3.964240e+02,-4.384667e+02,4.711688e+01,-2.951630e+00
23.60400,4.432796e+02,-4.422349e+02,3.962092e+02,-4.391343e+02,4.707045e+01,-3.100591e+00
23.60500,4.430565e+02,-4.430529e+02,3.960346e+02,-4.398069e+02,4.702199e+01,-3.245980e+00
23.60600,4.428138e+02,-4.432705e+02,3.958425e+02,-4.398834e+02,4.697131e+01,-3.387131e+00
23.60700,4.425076e+02,-4.423173e+02,3.955892e+02,-4.387913e+02,4.691840e+01,-3.526079e+00
23.60800,4.422646e+02,-4.418397e+02,3.953986e+02,-4.381761e+02,4.686599e+01,-3.663657e+00
23.60900,4.420292e+02,-4.405771e+02,3.952165e+02,-4.367783e+02,4.681270e+01,-3.798817e+00
23.61000,4.416982e+02,-4.396519e+02,3.949405e+02,-4.357209e+02,4.675764e+01,-3.931038e+00
23.61100,4.414827e+02,-4.379462e+02,3.947812e+02,-4.338860e+02,4.670147e+01,-4.060240e+00
23.61200,4.412540e+02,-4.361207e+02,3.946103e+02,-4.319357e+02,4.664363e+01,-4.185108e+00
23.61300,4.409565e+02,-4.323814e+02,3.943720e+02,-4.280767e+02,4.658448e+01,-4.304678e+00
23.61400,4.407212e+02,-4.305093e+02,3.941962e+02,-4.260889e+02,4.652497e+01,-4.420499e+00
23.61500,4.404773e+02,-4.271789e+02,3.940124e+02,-4.226464e+02,4.646495e+01,-4.532518e+00
23.61600,4.402205e+02,-4.240674e+02,3.938173e+02,-4.194259e+02,4.640324e+01,-4.641487e+00
23.61700,4.399879e+02,-4.201479e+02,3.936470e+02,-4.154013e+02,4.634083e+01,-4.746694e+00
23.61800,4.397699e+02,-4.162370e+02,3.934926e+02,-4.113889e+02,4.627737e+01,-4.848063e+00
23.61900,4.395233e+02,-4.117705e+02,3.933099e+02,-4.068253e+02,4.621335e+01,-4.945093e+00
23.62000,4.393024e+02,-4.070529e+02,3.931532e+02,-4.020152e+02,4.614920e+01,-5.037747e+00
23.62100,4.390869e+02,-4.021490e+02,3.930021e+02,-3.970228e+02,4.608483e+01,-5.126193e+00
23.62200,4.388796e+02,-3.966630e+02,3.928592e+02,-3.914527e+02,4.602041e+01,-5.210323e+00
23.62300,4.386761e+02,-3.910799e+02,3.927202e+02,-3.857898e+02,4.595597e+01,-5.290055e+00
23.62400,4.384856e+02,-3.851903e+02,3.925938e+02,-3.798247e+02,4.589175e+01,-5.365581e+00
23.62500,4.382947e+02,-3.789145e+02,3.924670e+02,-3.734776e+02,4.582777e+01,-5.436997e+00
23.62600,4.381197e+02,-3.725350e+02,3.923555e+02,-3.670311e+02,4.576423e+01,-5.503863e+00
23.62700,4.379445e+02,-3.657793e+02,3.922433e+02,-3.602133e+02,4.570117e+01,-5.565973e+00
23.62800,4.377937e+02,-3.587151e+02,3.921545e+02,-3.530915e+02,4.563915e+01,-5.623569e+00
23.62900,4.376219e+02,-3.517154e+02,3.920436e+02,-3.460385e+02,4.557827e+01,-5.676940e+00
23.63000,4.374943e+02,-3.440292e+02,3.919769e+02,-3.383033e+02,4.551733e+01,-5.725821e+00
23.63100,4.373540e+02,-3.364206e+02,3.918965e+02,-3.306501e+02,4.545750e+01,-5.770466e+00
23.63200,4.372233e+02,-3.284765e+02,3.918243e+02,-3.226656e+02,4.539898e+01,-5.810853e+00
23.63300,4.370638e+02,-3.205453e+02,3.917227e+02,-3.146987e+02,4.534108e+01,-5.846522e+00
23.63400,4.369439e+02,-3.123239e+02,3.916592e+02,-3.064467e+02,4.528465e+01,-5.877189e+00
23.63500,4.368164e+02,-3.039413e+02,3.915867e+02,-2.980385e+02,4.522973e+01,-5.902797e+00
23.63600,4.367603e+02,-2.946122e+02,3.915841e+02,-2.886879e+02,4.517611e+01,-5.924367e+00
23.63700,4.367051e+02,-2.854501e+02,3.915817e+02,-2.795054e+02,4.512339e+01,-5.944668e+00
23.63800,4.366222e+02,-2.763281e+02,3.915498e+02,-2.703665e+02,4.507239e+01,-5.961647e+00
23.63900,4.365531e+02,-2.670660e+02,3.915299e+02,-2.610915e+02,4.502317e+01,-5.974525e+00
23.64000,4.364918e+02,-2.576667e+02,3.915161e+02,-2.516837e+02,4.497573e+01,-5.982963e+00
23.64100,4.364397e+02,-2.481130e+02,3.915097e+02,-2.421257e+02,4.493009e+01,-5.987287e+00
23.64200,4.363946e+02,-2.383830e+02,3.915083e+02,-2.323954e+02,4.488622e+01,-5.987656e+00
23.64300,4.363627e+02,-2.284151e+02,3.915185e+02,-2.224306e+02,4.484419e+01,-5.984419e+00
23.64400,4.363360e+02,-2.184427e+02,3.915319e+02,-2.124652e+02,4.480403e+01,-5.977545e+00
23.64500,4.363227e+02,-2.082418e+02,3.915570e+02,-2.022749e+02,4.476575e+01,-5.966863e+00
23.64600,4.363100e+02,-1.979973e+02,3.915807e+02,-1.920453e+02,4.472933e+01,-5.951977e+00
23.64700,4.363096e+02,-1.876014e+02,3.916149e+02,-1.816683e+02,4.469467e+01,-5.933081e+00
23.64800,4.363210e+02,-1.772269e+02,3.916593e+02,-1.713165e+02,4.466173e+01,-5.910429e+00
23.64900,4.363206e+02,-1.666499e+02,3.916900e+02,-1.607658e+02,4.463055e+01,-5.884077e+00
23.65000,4.362837e+02,-1.559592e+02,3.916819e+02,-1.501053e+02,4.460174e+01,-5.853987e+00
23.65100,4.362891e+02,-1.456207e+02,3.917125e+02,-1.397998e+02,4.457659e+01,-5.820865e+00
23.65200,4.363475e+02,-1.344236e+02,3.917941e+02,-1.286401e+02,4.455333e+01,-5.783481e+00
23.65300,4.363855e+02,-1.235589e+02,3.918535e+02,-1.178171e+02,4.453211e+01,-5.741847e+00
23.65400,4.364248e+02,-1.127584e+02,3.919119e+02,-1.070619e+02,4.451286e+01,-5.696539e+00
23.65500,4.364704e+02,-1.018379e+02,3.919749e+02,-9.619007e+01,4.449549e+01,-5.647812e+00
23.65600,4.365143e+02,-9.092333e+01,3.920345e+02,-8.532740e+01,4.447989e+01,-5.595879e+00
23.65700,4.365683e+02,-7.996773e+01,3.921022e+02,-7.442713e+01,4.446609e+01,-5.540609e+00
23.65800,4.366229e+02,-6.902907e+01,3.921687e+02,-6.354713e+01,4.445418e+01,-5.481937e+00
23.65900,4.366777e+02,-5.806535e+01,3.922340e+02,-5.264492e+01,4.444375e+01,-5.420427e+00
23.66000,4.367356e+02,-4.708322e+01,3.923009e+02,-4.172707e+01,4.443474e+01,-5.356151e+00
23.66100,4.367996e+02,-3.602820e+01,3.923725e+02,-3.073917e+01,4.442714e+01,-5.289027e+00
23.66200,4.368516e+02,-2.500707e+01,3.924302e+02,-1.978820e+01,4.442138e+01,-5.218869e+00
23.66300,4.369218e+02,-1.406654e+01,3.925049e+02,-8.920673e+00,4.441684e+01,-5.145872e+00
23.66400,4.369957e+02,-2.925631e+00,3.925821e+02,2.144511e+00,4.441356e+01,-5.070142e+00
23.66500,4.370613e+02,7.595153e+00,3.926495e+02,1.258667e+01,4.441182e+01,-4.991524e+00
23.66600,4.371324e+02,1.846846e+01,3.927211e+02,2.337844e+01,4.441125e+01,-4.909981e+00
23.66700,4.372028e+02,2.935512e+01,3.927911e+02,3.418079e+01,4.441169e+01,-4.825663e+00
23.66800,4.372747e+02,3.998418e+01,3.928617e+02,4.472307e+01,4.441300e+01,-4.738895e+00
23.66900,4.373515e+02,5.080429e+01,3.929360e+02,5.545397e+01,4.441553e+01,-4.649674e+00
23.67000,4.374210e+02,6.147926e+01,3.930021e+02,6.603733e+01,4.441898e+01,-4.558071e+00
23.67100,4.374900e+02,7.204333e+01,3.930667e+02,7.650713e+01,4.442322e+01,-4.463768e+00
23.67200,4.375589e+02,8.251880e+01,3.931307e+02,8.688567e+01,4.442817e+01,-4.366898e+00
23.67300,4.376255e+02,9.288327e+01,3.931917e+02,9.715087e+01,4.443375e+01,-4.267578e+00
23.67400,4.376909e+02,1.032402e+02,3.932510e+02,1.074060e+02,4.443992e+01,-4.165751e+00
23.67500,4.377532e+02,1.134465e+02,3.933066e+02,1.175082e+02,4.444656e+01,-4.061678e+00
23.67600,4.378123e+02,1.235743e+02,3.933587e+02,1.275300e+02,4.445363e+01,-3.955709e+00
23.67700,4.378678e+02,1.335481e+02,3.934067e+02,1.373963e+02,4.446107e+01,-3.848135e+00
23.67800,4.379280e+02,1.436205e+02,3.934593e+02,1.473589e+02,4.446876e+01,-3.738417e+00
23.67900,4.379839e+02,1.534097e+02,3.935071e+02,1.570361e+02,4.447675e+01,-3.626419e+00
23.68000,4.380315e+02,1.630379e+02,3.935467e+02,1.665504e+02,4.448489e+01,-3.512548e+00
23.68100,4.380747e+02,1.726631e+02,3.935817e+02,1.760601e+02,4.449307e+01,-3.396941e+00
23.68200,4.381214e+02,1.820525e+02,3.936201e+02,1.853320e+02,4.450133e+01,-3.279461e+00
23.68300,4.381601e+02,1.913270e+02,3.936505e+02,1.944876e+02,4.450957e+01,-3.160616e+00
23.68400,4.381969e+02,2.005118e+02,3.936792e+02,2.035525e+02,4.451775e+01,-3.040655e+00
23.68500,4.382263e+02,2.095209e+02,3.937006e+02,2.124401e+02,4.452570e+01,-2.919148e+00
23.68600,4.382569e+02,2.184039e+02,3.937235e+02,2.212003e+02,4.453336e+01,-2.796308e+00
23.68700,4.382815e+02,2.270696e+02,3.937407e+02,2.297416e+02,4.454079e+01,-2.672001e+00
23.68800,4.383004e+02,2.356288e+02,3.937523e+02,2.381751e+02,4.454803e+01,-2.546317e+00
23.68900,4.383163e+02,2.440733e+02,3.937614e+02,2.464927e+02,4.455489e+01,-2.419391e+00
23.69000,4.383277e+02,2.522991e+02,3.937665e+02,2.545909e+02,4.456126e+01,-2.291690e+00
23.69100,4.383338e+02,2.603702e+02,3.937667e+02,2.625333e+02,4.456718e+01,-2.163138e+00
23.69200,4.383363e+02,2.682189e+02,3.937637e+02,2.702523e+02,4.457256e+01,-2.033399e+00
23.69300,4.383314e+02,2.759259e+02,3.937541e+02,2.778287e+02,4.457733e+01,-1.902744e+00
23.69400,4.383312e+02,2.834826e+02,3.937497e+02,2.852537e+02,4.458149e+01,-1.771136e+00
23.69500,4.383134e+02,2.907873e+02,3.937282e+02,2.924261e+02,4.458514e+01,-1.638855e+00
23.69600,4.382939e+02,2.979493e+02,3.937056e+02,2.994551e+02,4.458827e+01,-1.505825e+00
23.69700,4.382729e+02,3.049401e+02,3.936821e+02,3.063126e+02,4.459083e+01,-1.372495e+00
23.69800,4.382426e+02,3.116609e+02,3.936498e+02,3.128997e+02,4.459280e+01,-1.238876e+00
23.69900,4.382307e+02,3.182776e+02,3.936365e+02,3.193825e+02,4.459415e+01,-1.104881e+00
23.70000,4.382321e+02,3.242677e+02,3.936377e+02,3.252385e+02,4.459447e+01,-9.707820e-01
23.70100,4.381846e+02,3.304937e+02,3.935907e+02,3.313303e+02,4.459391e+01,-8.365707e-01
23.70200,4.381422e+02,3.364615e+02,3.935497e+02,3.371632e+02,4.459257e+01,-7.017120e-01
23.70300,4.380982e+02,3.421903e+02,3.935077e+02,3.427568e+02,4.459053e+01,-5.664919e-01
23.70400,4.380512e+02,3.476823e+02,3.934634e+02,3.481137e+02,4.458779e+01,-4.313403e-01
23.70500,4.380021e+02,3.529643e+02,3.934177e+02,3.532605e+02,4.458439e+01,-2.962017e-01
23.70600,4.379569e+02,3.580871e+02,3.933767e+02,3.582478e+02,4.458028e+01,-1.607676e-01
23.70700,4.378856e+02,3.626220e+02,3.933101e+02,3.626471e+02,4.457555e+01,-2.513823e-02
23.70800,4.378176e+02,3.670456e+02,3.932472e+02,3.669361e+02,4.457043e+01,1.095037e-01
23.70900,4.377647e+02,3.714929e+02,3.932000e+02,3.712490e+02,4.456461e+01,2.439362e-01
23.71000,4.377082e+02,3.755532e+02,3.931501e+02,3.751747e+02,4.455818e+01,3.784730e-01
23.71100,4.376487e+02,3.794298e+02,3.930976e+02,3.789171e+02,4.455116e+01,5.126931e-01
23.71200,4.375870e+02,3.830079e+02,3.930433e+02,3.823614e+02,4.454362e+01,6.464747e-01
23.71300,4.375079e+02,3.864998e+02,3.929721e+02,3.857199e+02,4.453571e+01,7.799420e-01
23.71400,4.374603e+02,3.892649e+02,3.929324e+02,3.883522e+02,4.452789e+01,9.127100e-01
23.71500,4.374086e+02,3.921011e+02,3.928892e+02,3.910563e+02,4.451937e+01,1.044927e+00
23.71600,4.373250e+02,3.944243e+02,3.928144e+02,3.932475e+02,4.451061e+01,1.176789e+00
23.71700,4.372866e+02,3.967461e+02,3.927847e+02,3.954387e+02,4.450185e+01,1.307421e+00
23.71800,4.372039e+02,3.990335e+02,3.927117e+02,3.975968e+02,4.449214e+01,1.436648e+00
23.71900,4.371414e+02,4.007013e+02,3.926593e+02,3.991365e+02,4.448207e+01,1.564830e+00
23.72000,4.370730e+02,4.020865e+02,3.926011e+02,4.003947e+02,4.447187e+01,1.691849e+00
23.72100,4.370243e+02,4.035171e+02,3.925629e+02,4.016992e+02,4.446146e+01,1.817911e+00
23.72200,4.369903e+02,4.046013e+02,3.925392e+02,4.026583e+02,4.445108e+01,1.942989e+00
23.72300,4.369181e+02,4.046535e+02,3.924778e+02,4.025881e+02,4.444028e+01,2.065438e+00
23.72400,4.368679e+02,4.053087e+02,3.924379e+02,4.031237e+02,4.443001e+01,2.185019e+00
23.72500,4.367752e+02,4.050217e+02,3.923538e+02,4.027178e+02,4.442145e+01,2.303917e+00
23.72600,4.367385e+02,4.047063e+02,3.923248e+02,4.022848e+02,4.441361e+01,2.421483e+00
23.72700,4.367509e+02,4.035209e+02,3.923453e+02,4.009809e+02,4.440547e+01,2.539997e+00
23.72800,4.367163e+02,4.027343e+02,3.923185e+02,4.000764e+02,4.439778e+01,2.657915e+00
23.72900,4.366945e+02,4.014259e+02,3.923034e+02,3.986515e+02,4.439103e+01,2.774347e+00
23.73000,4.366749e+02,4.001119e+02,3.922903e+02,3.972229e+02,4.438462e+01,2.889002e+00
23.73100,4.366279e+02,3.983666e+02,3.922489e+02,3.953644e+02,4.437903e+01,3.002234e+00
23.73200,4.366023e+02,3.963305e+02,3.922284e+02,3.932169e+02,4.437385e+01,3.113718e+00
23.73300,4.366061e+02,3.938383e+02,3.922363e+02,3.906151e+02,4.436979e+01,3.223203e+00
23.73400,4.366123e+02,3.910790e+02,3.922453e+02,3.877481e+02,4.436699e+01,3.330917e+00
23.73500,4.366359e+02,3.876993e+02,3.922702e+02,3.842627e+02,4.436564e+01,3.436577e+00
23.73600,4.366236e+02,3.847151e+02,3.922584e+02,3.811752e+02,4.436523e+01,3.539969e+00
23.73700,4.366512e+02,3.809155e+02,3.922852e+02,3.772749e+02,4.436601e+01,3.640644e+00
23.73800,4.366881e+02,3.769031e+02,3.923199e+02,3.731643e+02,4.436818e+01,3.738863e+00
23.73900,4.367278e+02,3.728332e+02,3.923561e+02,3.689983e+02,4.437169e+01,3.834913e+00
23.74000,4.368079e+02,3.672981e+02,3.924317e+02,3.633708e+02,4.437611e+01,3.927269e+00
23.74100,4.368678e+02,3.628508e+02,3.924847e+02,3.588335e+02,4.438309e+01,4.017289e+00
23.74200,4.369307e+02,3.574053e+02,3.925377e+02,3.533005e+02,4.439297e+01,4.104750e+00
23.74300,4.370001e+02,3.518543e+02,3.925953e+02,3.476653e+02,4.440479e+01,4.188951e+00
23.74400,4.370865e+02,3.459821e+02,3.926679e+02,3.417121e+02,4.441857e+01,4.269915e+00
23.74500,4.371830e+02,3.397204e+02,3.927485e+02,3.353729e+02,4.443445e+01,4.347507e+00
23.74600,4.372886e+02,3.332285e+02,3.928361e+02,3.288070e+02,4.445250e+01,4.421556e+00
23.74700,4.374035e+02,3.263814e+02,3.929307e+02,3.218893e+02,4.447275e+01,4.492102e+00
23.74800,4.375299e+02,3.192682e+02,3.930345e+02,3.147095e+02,4.449542e+01,4.558762e+00
23.74900,4.376465e+02,3.121029e+02,3.931264e+02,3.074815e+02,4.452006e+01,4.621427e+00
23.75000,4.378002e+02,3.040055e+02,3.932534e+02,2.993247e+02,4.454678e+01,4.680869e+00
23.75100,4.379492e+02,2.959161e+02,3.933738e+02,2.911786e+02,4.457535e+01,4.737493e+00
23.75200,4.381184e+02,2.872243e+02,3.935122e+02,2.824344e+02,4.460617e+01,4.789949e+00
23.75300,4.382587e+02,2.793427e+02,3.936187e+02,2.745037e+02,4.463999e+01,4.838991e+00
23.75400,4.384457e+02,2.704647e+02,3.937699e+02,2.655806e+02,4.467585e+01,4.884105e+00
23.75500,4.386354e+02,2.612462e+02,3.939211e+02,2.563219e+02,4.471429e+01,4.924275e+00
23.75600,4.388179e+02,2.519517e+02,3.940629e+02,2.469913e+02,4.475498e+01,4.960327e+00
23.75700,4.390276e+02,2.418983e+02,3.942297e+02,2.369065e+02,4.479788e+01,4.991849e+00
23.75800,4.392428e+02,2.321554e+02,3.943999e+02,2.271370e+02,4.484291e+01,5.018387e+00
23.75900,4.394567e+02,2.219106e+02,3.945662e+02,2.168699e+02,4.489054e+01,5.040718e+00
23.76000,4.396753e+02,2.115086e+02,3.947350e+02,2.064503e+02,4.494027e+01,5.058291e+00
23.76100,4.398975e+02,2.008865e+02,3.949054e+02,1.958154e+02,4.499203e+01,5.071086e+00
23.76200,4.401280e+02,1.901642e+02,3.950823e+02,1.850853e+02,4.504573e+01,5.078825e+00
23.76300,4.403635e+02,1.789997e+02,3.952621e+02,1.739181e+02,4.510141e+01,5.081587e+00
23.76400,4.406071e+02,1.676819e+02,3.954481e+02,1.626024e+02,4.515895e+01,5.079455e+00
23.76500,4.408507e+02,1.562598e+02,3.956325e+02,1.511874e+02,4.521817e+01,5.072405e+00
23.76600,4.410983e+02,1.446626e+02,3.958193e+02,1.396027e+02,4.527899e+01,5.059959e+00
23.76700,4.413487e+02,1.327934e+02,3.960074e+02,1.277514e+02,4.534130e+01,5.042012e+00
23.76800,4.415909e+02,1.206713e+02,3.961863e+02,1.156526e+02,4.540459e+01,5.018646e+00
23.76900,4.418581e+02,1.087241e+02,3.963883e+02,1.037338e+02,4.546968e+01,4.990344e+00
23.77000,4.421106e+02,9.661920e+01,3.965742e+02,9.166160e+01,4.553643e+01,4.957557e+00
23.77100,4.423553e+02,8.415887e+01,3.967517e+02,7.923940e+01,4.560368e+01,4.919443e+00
23.77200,4.426354e+02,7.152507e+01,3.969631e+02,6.664905e+01,4.567226e+01,4.875987e+00
23.77300,4.428865e+02,5.892072e+01,3.971449e+02,5.409303e+01,4.574161e+01,4.827688e+00
23.77400,4.431313e+02,4.640679e+01,3.973199e+02,4.163235e+01,4.581128e+01,4.774445e+00
23.77500,4.433945e+02,3.332134e+01,3.975130e+02,2.860570e+01,4.588148e+01,4.715643e+00
23.77600,4.436417e+02,2.042171e+01,3.976897e+02,1.577045e+01,4.595191e+01,4.651263e+00
23.77700,4.438859e+02,7.495740e+00,3.978635e+02,2.914151e+00,4.602239e+01,4.581591e+00
23.77800,4.441267e+02,-5.507193e+00,3.980339e+02,-1.001384e+01,4.609275e+01,4.506644e+00
23.77900,4.443577e+02,-1.846534e+01,3.981949e+02,-2.289160e+01,4.616285e+01,4.426263e+00
23.78000,4.445910e+02,-3.150917e+01,3.983584e+02,-3.585010e+01,4.623257e+01,4.340925e+00
23.78100,4.448129e+02,-4.448355e+01,3.985112e+02,-4.873457e+01,4.630170e+01,4.251021e+00
23.78200,4.450227e+02,-5.750209e+01,3.986528e+02,-6.165824e+01,4.636991e+01,4.156149e+00
23.78300,4.452486e+02,-7.058340e+01,3.988113e+02,-7.463933e+01,4.643737e+01,4.055919e+00
23.78400,4.454503e+02,-8.360513e+01,3.989463e+02,-8.755587e+01,4.650398e+01,3.950724e+00
23.78500,4.456388e+02,-9.629620e+01,3.990697e+02,-1.001375e+02,4.656916e+01,3.841286e+00
23.78600,4.458399e+02,-1.094068e+02,3.992063e+02,-1.131344e+02,4.663359e+01,3.727651e+00
23.78700,4.460154e+02,-1.221382e+02,3.993187e+02,-1.257479e+02,4.669665e+01,3.609701e+00
23.78800,4.461843e+02,-1.348095e+02,3.994263e+02,-1.382969e+02,4.675807e+01,3.487442e+00
23.78900,4.463459e+02,-1.474161e+02,3.995283e+02,-1.507772e+02,4.681763e+01,3.361161e+00
23.79000,4.464997e+02,-1.598825e+02,3.996241e+02,-1.631133e+02,4.687567e+01,3.230854e+00
23.79100,4.466331e+02,-1.722683e+02,3.997014e+02,-1.753647e+02,4.693167e+01,3.096317e+00
23.79200,4.467597e+02,-1.844457e+02,3.997742e+02,-1.874033e+02,4.698555e+01,2.957614e+00
23.79300,4.468712e+02,-1.965023e+02,3.998341e+02,-1.993175e+02,4.703713e+01,2.815262e+00
23.79400,4.469802e+02,-2.083827e+02,3.998937e+02,-2.110525e+02,4.708650e+01,2.669798e+00
23.79500,4.470712e+02,-2.200733e+02,3.999377e+02,-2.225943e+02,4.713346e+01,2.521095e+00
23.79600,4.471554e+02,-2.315371e+02,3.999775e+02,-2.339060e+02,4.717785e+01,2.368885e+00
23.79700,4.472095e+02,-2.428091e+02,3.999899e+02,-2.450228e+02,4.721954e+01,2.213765e+00
23.79800,4.472447e+02,-2.538339e+02,3.999859e+02,-2.558898e+02,4.725878e+01,2.055869e+00
23.79900,4.472849e+02,-2.646776e+02,3.999892e+02,-2.665727e+02,4.729563e+01,1.895047e+00
23.80000,4.473109e+02,-2.752593e+02,3.999812e+02,-2.769906e+02,4.732967e+01,1.731333e+00
23.80100,4.473310e+02,-2.856846e+02,3.999701e+02,-2.872505e+02,4.736086e+01,1.565842e+00
23.80200,4.473289e+02,-2.957175e+02,3.999395e+02,-2.971160e+02,4.738933e+01,1.398485e+00
23.80300,4.473186e+02,-3.055692e+02,3.999038e+02,-3.067983e+02,4.741485e+01,1.229119e+00
23.80400,4.472957e+02,-3.151180e+02,3.998581e+02,-3.161760e+02,4.743751e+01,1.058009e+00
23.80500,4.472577e+02,-3.243587e+02,3.998006e+02,-3.252439e+02,4.745711e+01,8.853087e-01
23.80600,4.472077e+02,-3.332681e+02,3.997340e+02,-3.339793e+02,4.747376e+01,7.112113e-01
23.80700,4.471398e+02,-3.419070e+02,3.996525e+02,-3.424429e+02,4.748730e+01,5.359179e-01
23.80800,4.470593e+02,-3.499833e+02,3.995615e+02,-3.503440e+02,4.749780e+01,3.607085e-01
23.80900,4.469661e+02,-3.588449e+02,3.994608e+02,-3.590287e+02,4.750531e+01,1.836996e-01
23.81000,4.468799e+02,-3.662415e+02,3.993702e+02,-3.662467e+02,4.750967e+01,5.195189e-03
23.81100,4.467735e+02,-3.734247e+02,3.992624e+02,-3.732513e+02,4.751107e+01,-1.733476e-01
23.81200,4.466640e+02,-3.802160e+02,3.991549e+02,-3.798651e+02,4.750913e+01,-3.508971e-01
23.81300,4.465775e+02,-3.867295e+02,3.990738e+02,-3.862017e+02,4.750368e+01,-5.278049e-01
23.81400,4.463479e+02,-3.924592e+02,3.988524e+02,-3.917549e+02,4.749557e+01,-7.042020e-01
23.81500,4.461899e+02,-3.985621e+02,3.987051e+02,-3.976831e+02,4.748485e+01,-8.789413e-01
23.81600,4.460237e+02,-4.041647e+02,3.985525e+02,-4.031116e+02,4.747110e+01,-1.053093e+00
23.81700,4.458485e+02,-4.093972e+02,3.983940e+02,-4.081704e+02,4.745448e+01,-1.226826e+00
23.81800,4.456607e+02,-4.142739e+02,3.982257e+02,-4.128742e+02,4.743499e+01,-1.399664e+00
23.81900,4.454654e+02,-4.187731e+02,3.980527e+02,-4.172016e+02,4.741266e+01,-1.571561e+00
23.82000,4.452591e+02,-4.228571e+02,3.978715e+02,-4.211149e+02,4.738758e+01,-1.742228e+00
23.82100,4.450530e+02,-4.266167e+02,3.976931e+02,-4.247053e+02,4.735991e+01,-1.911379e+00
23.82200,4.448415e+02,-4.300995e+02,3.975121e+02,-4.280211e+02,4.732940e+01,-2.078406e+00
23.82300,4.446002e+02,-4.328358e+02,3.973037e+02,-4.305925e+02,4.729645e+01,-2.243278e+00
23.82400,4.443628e+02,-4.354296e+02,3.971019e+02,-4.330246e+02,4.726085e+01,-2.405039e+00
23.82500,4.440786e+02,-4.375835e+02,3.968564e+02,-4.350189e+02,4.722219e+01,-2.564583e+00
23.82600,4.439189e+02,-4.394142e+02,3.967371e+02,-4.366932e+02,4.718191e+01,-2.721024e+00
23.82700,4.436678e+02,-4.408312e+02,3.965283e+02,-4.379567e+02,4.713947e+01,-2.874475e+00
23.82800,4.434175e+02,-4.419223e+02,3.963231e+02,-4.388971e+02,4.709443e+01,-3.025212e+00
23.82900,4.431793e+02,-4.427654e+02,3.961325e+02,-4.395929e+02,4.704691e+01,-3.172465e+00
23.83000,4.429482e+02,-4.434741e+02,3.959508e+02,-4.401583e+02,4.699743e+01,-3.315911e+00
23.83100,4.426429e+02,-4.427325e+02,3.956974e+02,-4.392770e+02,4.694554e+01,-3.455571e+00
23.83200,4.423673e+02,-4.418807e+02,3.954747e+02,-4.382867e+02,4.689249e+01,-3.593889e+00
23.83300,4.421438e+02,-4.413294e+02,3.953037e+02,-4.375991e+02,4.684014e+01,-3.730374e+00
23.83400,4.418913e+02,-4.400490e+02,3.951056e+02,-4.361849e+02,4.678575e+01,-3.864062e+00
23.83500,4.415993e+02,-4.390887e+02,3.948689e+02,-4.350937e+02,4.673027e+01,-3.994965e+00
23.83600,4.413516e+02,-4.366834e+02,3.946784e+02,-4.325614e+02,4.667315e+01,-4.122031e+00
23.83700,4.410975e+02,-4.343029e+02,3.944827e+02,-4.300584e+02,4.661485e+01,-4.244460e+00
23.83800,4.408443e+02,-4.318866e+02,3.942891e+02,-4.275246e+02,4.655530e+01,-4.361968e+00
23.83900,4.406033e+02,-4.289335e+02,3.941077e+02,-4.244575e+02,4.649562e+01,-4.475984e+00
23.84000,4.403479e+02,-4.257898e+02,3.939130e+02,-4.212034e+02,4.643485e+01,-4.586403e+00
23.84100,4.401049e+02,-4.221313e+02,3.937323e+02,-4.174377e+02,4.637262e+01,-4.693654e+00
23.84200,4.398720e+02,-4.182942e+02,3.935622e+02,-4.134973e+02,4.630982e+01,-4.796985e+00
23.84300,4.396431e+02,-4.140604e+02,3.933971e+02,-4.091641e+02,4.624595e+01,-4.896245e+00
23.84400,4.394151e+02,-4.094596e+02,3.932331e+02,-4.044685e+02,4.618188e+01,-4.991105e+00
23.84500,4.391951e+02,-4.046563e+02,3.930775e+02,-3.995747e+02,4.611762e+01,-5.081697e+00
23.84600,4.389873e+02,-3.995537e+02,3.929340e+02,-3.943856e+02,4.605321e+01,-5.168084e+00
23.84700,4.387801e+02,-3.939548e+02,3.927913e+02,-3.887048e+02,4.598877e+01,-5.250007e+00
23.84800,4.385832e+02,-3.883128e+02,3.926588e+02,-3.829851e+02,4.592440e+01,-5.327663e+00
23.84900,4.383910e+02,-3.821425e+02,3.925307e+02,-3.767413e+02,4.586031e+01,-5.401155e+00
23.85000,4.382061e+02,-3.758373e+02,3.924097e+02,-3.703669e+02,4.579649e+01,-5.470423e+00
23.85100,4.380316e+02,-3.692194e+02,3.922984e+02,-3.636845e+02,4.573320e+01,-5.534910e+00
23.85200,4.378710e+02,-3.623471e+02,3.922005e+02,-3.567523e+02,4.567056e+01,-5.594777e+00
23.85300,4.377279e+02,-3.550222e+02,3.921184e+02,-3.493719e+02,4.560943e+01,-5.650351e+00
23.85400,4.375479e+02,-3.481056e+02,3.919997e+02,-3.424041e+02,4.554819e+01,-5.701488e+00
23.85500,4.374157e+02,-3.404121e+02,3.919280e+02,-3.346639e+02,4.548777e+01,-5.748249e+00
23.85600,4.372937e+02,-3.324566e+02,3.918651e+02,-3.266657e+02,4.542862e+01,-5.790864e+00
23.85700,4.371293e+02,-3.247435e+02,3.917588e+02,-3.189145e+02,4.537042e+01,-5.829001e+00
23.85800,4.370139e+02,-3.164211e+02,3.917007e+02,-3.105590e+02,4.531320e+01,-5.862163e+00
23.85900,4.368834e+02,-3.082421e+02,3.916259e+02,-3.023517e+02,4.525747e+01,-5.890471e+00
23.86000,4.367723e+02,-2.996087e+02,3.915690e+02,-2.936951e+02,4.520330e+01,-5.913599e+00
23.86100,4.367511e+02,-2.898221e+02,3.916010e+02,-2.838875e+02,4.515003e+01,-5.934583e+00
23.86200,4.366620e+02,-2.809279e+02,3.915639e+02,-2.749745e+02,4.509812e+01,-5.953473e+00
23.86300,4.365850e+02,-2.718458e+02,3.915370e+02,-2.658773e+02,4.504799e+01,-5.968518e+00
23.86400,4.365210e+02,-2.624804e+02,3.915213e+02,-2.565012e+02,4.499965e+01,-5.979195e+00
23.86500,4.364657e+02,-2.530232e+02,3.915126e+02,-2.470376e+02,4.495310e+01,-5.985595e+00
23.86600,4.364172e+02,-2.432954e+02,3.915089e+02,-2.373075e+02,4.490834e+01,-5.987919e+00
23.86700,4.363781e+02,-2.334448e+02,3.915128e+02,-2.274583e+02,4.486535e+01,-5.986497e+00
23.86800,4.363479e+02,-2.235129e+02,3.915237e+02,-2.175315e+02,4.482425e+01,-5.981495e+00
23.86900,4.363258e+02,-2.134445e+02,3.915408e+02,-2.074717e+02,4.478499e+01,-5.972793e+00
23.87000,4.363129e+02,-2.032281e+02,3.915653e+02,-1.972681e+02,4.474764e+01,-5.960063e+00
23.87100,4.363072e+02,-1.929015e+02,3.915951e+02,-1.869584e+02,4.471209e+01,-5.943177e+00
23.87200,4.363133e+02,-1.825559e+02,3.916351e+02,-1.766335e+02,4.467830e+01,-5.922431e+00
23.87300,4.363243e+02,-1.720429e+02,3.916782e+02,-1.661450e+02,4.464616e+01,-5.897921e+00
23.87400,4.363145e+02,-1.613589e+02,3.916985e+02,-1.554891e+02,4.461597e+01,-5.869808e+00
23.87500,4.362787e+02,-1.511547e+02,3.916897e+02,-1.453166e+02,4.458906e+01,-5.838123e+00
23.87600,4.363276e+02,-1.398883e+02,3.917627e+02,-1.340852e+02,4.456494e+01,-5.803056e+00
23.87700,4.363677e+02,-1.290578e+02,3.918250e+02,-1.232943e+02,4.454266e+01,-5.763525e+00
23.87800,4.364048e+02,-1.182665e+02,3.918824e+02,-1.125465e+02,4.452241e+01,-5.720037e+00
23.87900,4.364464e+02,-1.074016e+02,3.919423e+02,-1.017285e+02,4.450409e+01,-5.673022e+00
23.88000,4.364907e+02,-9.648287e+01,3.920031e+02,-9.086020e+01,4.448761e+01,-5.622706e+00
23.88100,4.365381e+02,-8.554020e+01,3.920651e+02,-7.997100e+01,4.447288e+01,-5.569177e+00
23.88200,4.366061e+02,-7.456427e+01,3.921461e+02,-6.905220e+01,4.446006e+01,-5.512120e+00
23.88300,4.366477e+02,-6.367073e+01,3.921989e+02,-5.821861e+01,4.444886e+01,-5.452126e+00
23.88400,4.367070e+02,-5.265859e+01,3.922678e+02,-4.726951e+01,4.443921e+01,-5.389077e+00
23.88500,4.367630e+02,-4.166961e+01,3.923323e+02,-3.634601e+01,4.443079e+01,-5.323600e+00
23.88600,4.368457e+02,-3.068131e+01,3.924215e+02,-2.542634e+01,4.442415e+01,-5.254973e+00
23.88700,4.368823e+02,-1.963569e+01,3.924634e+02,-1.445238e+01,4.441898e+01,-5.183315e+00
23.88800,4.369598e+02,-8.669913e+00,3.925447e+02,-3.560781e+00,4.441511e+01,-5.109134e+00
23.88900,4.370253e+02,2.071269e+00,3.926127e+02,7.103193e+00,4.441253e+01,-5.031927e+00
23.89000,4.370948e+02,1.290568e+01,3.926834e+02,1.785752e+01,4.441141e+01,-4.951839e+00
23.89100,4.371663e+02,2.382235e+01,3.927550e+02,2.869125e+01,4.441135e+01,-4.868900e+00
23.89200,4.372324e+02,3.460885e+01,3.928202e+02,3.939217e+01,4.441218e+01,-4.783327e+00
23.89300,4.373161e+02,4.536286e+01,3.929020e+02,5.005825e+01,4.441409e+01,-4.695385e+00
23.89400,4.373858e+02,5.607819e+01,3.929687e+02,6.068319e+01,4.441711e+01,-4.604999e+00
23.89500,4.374553e+02,6.665580e+01,3.930343e+02,7.116787e+01,4.442097e+01,-4.512077e+00
23.89600,4.375243e+02,7.718540e+01,3.930987e+02,8.160193e+01,4.442556e+01,-4.416515e+00
23.89700,4.375903e+02,8.759960e+01,3.931595e+02,9.191800e+01,4.443082e+01,-4.318433e+00
23.89800,4.376593e+02,9.796387e+01,3.932226e+02,1.021817e+02,4.443671e+01,-4.217886e+00
23.89900,4.377213e+02,1.082412e+02,3.932781e+02,1.123561e+02,4.444312e+01,-4.114911e+00
23.90000,4.377821e+02,1.184395e+02,3.933321e+02,1.224493e+02,4.444997e+01,-4.009860e+00
23.90100,4.378399e+02,1.284857e+02,3.933827e+02,1.323888e+02,4.445724e+01,-3.903122e+00
23.90200,4.378927e+02,1.383667e+02,3.934279e+02,1.421613e+02,4.446481e+01,-3.794631e+00
23.90300,4.379575e+02,1.484506e+02,3.934848e+02,1.521343e+02,4.447265e+01,-3.683684e+00
23.90400,4.380073e+02,1.581533e+02,3.935266e+02,1.617240e+02,4.448073e+01,-3.570722e+00
23.90500,4.380543e+02,1.677904e+02,3.935653e+02,1.712465e+02,4.448891e+01,-3.456019e+00
23.90600,4.381009e+02,1.772539e+02,3.936037e+02,1.805933e+02,4.449712e+01,-3.339471e+00
23.90700,4.381417e+02,1.866213e+02,3.936364e+02,1.898425e+02,4.450538e+01,-3.221270e+00
23.90800,4.381812e+02,1.958641e+02,3.936676e+02,1.989660e+02,4.451361e+01,-3.101889e+00
23.90900,4.382132e+02,2.049506e+02,3.936915e+02,2.079317e+02,4.452170e+01,-2.981197e+00
23.91000,4.382387e+02,2.138811e+02,3.937093e+02,2.167401e+02,4.452947e+01,-2.858996e+00
23.91100,4.382688e+02,2.226461e+02,3.937318e+02,2.253817e+02,4.453703e+01,-2.735477e+00
23.91200,4.382944e+02,2.312986e+02,3.937500e+02,2.339090e+02,4.454438e+01,-2.610441e+00
23.91300,4.383100e+02,2.397877e+02,3.937585e+02,2.422719e+02,4.455146e+01,-2.484135e+00
23.91400,4.383216e+02,2.481329e+02,3.937635e+02,2.504896e+02,4.455807e+01,-2.356795e+00
23.91500,4.383323e+02,2.562763e+02,3.937681e+02,2.585049e+02,4.456423e+01,-2.228697e+00
23.91600,4.383355e+02,2.642441e+02,3.937657e+02,2.663436e+02,4.456989e+01,-2.099583e+00
23.91700,4.383351e+02,2.720514e+02,3.937601e+02,2.740208e+02,4.457499e+01,-1.969363e+00
23.91800,4.383328e+02,2.796511e+02,3.937534e+02,2.814893e+02,4.457943e+01,-1.838243e+00
23.91900,4.383224e+02,2.870526e+02,3.937391e+02,2.887589e+02,4.458335e+01,-1.706276e+00
23.92000,4.383018e+02,2.943199e+02,3.937151e+02,2.958935e+02,4.458675e+01,-1.573597e+00
23.92100,4.382847e+02,3.014054e+02,3.936951e+02,3.028457e+02,4.458960e+01,-1.440379e+00
23.92200,4.382592e+02,3.082798e+02,3.936673e+02,3.095867e+02,4.459186e+01,-1.306941e+00
23.92300,4.382286e+02,3.148431e+02,3.936351e+02,3.160163e+02,4.459357e+01,-1.173188e+00
23.92400,4.382257e+02,3.213683e+02,3.936312e+02,3.224071e+02,4.459445e+01,-1.038915e+00
23.92500,4.382085e+02,3.272986e+02,3.936143e+02,3.282035e+02,4.459429e+01,-9.049767e-01
23.92600,4.381623e+02,3.334627e+02,3.935689e+02,3.342331e+02,4.459334e+01,-7.703947e-01
23.92700,4.381217e+02,3.393162e+02,3.935301e+02,3.399515e+02,4.459165e+01,-6.353460e-01
23.92800,4.380744e+02,3.448965e+02,3.934851e+02,3.453966e+02,4.458926e+01,-5.000740e-01
23.92900,4.380279e+02,3.503022e+02,3.934417e+02,3.506672e+02,4.458621e+01,-3.650102e-01
23.93000,4.379791e+02,3.554853e+02,3.933966e+02,3.557151e+02,4.458247e+01,-2.297774e-01
23.93100,4.379354e+02,3.605213e+02,3.933574e+02,3.606153e+02,4.457798e+01,-9.401680e-02
23.93200,4.378457e+02,3.647208e+02,3.932726e+02,3.646797e+02,4.457310e+01,4.103613e-02
23.93300,4.377915e+02,3.692793e+02,3.932238e+02,3.691038e+02,4.456765e+01,1.755169e-01
23.93400,4.377381e+02,3.735233e+02,3.931766e+02,3.732133e+02,4.456153e+01,3.100133e-01
23.93500,4.376774e+02,3.775103e+02,3.931226e+02,3.770659e+02,4.455479e+01,4.444543e-01
23.93600,4.376172e+02,3.811913e+02,3.930697e+02,3.806129e+02,4.454751e+01,5.784289e-01
23.93700,4.375542e+02,3.846491e+02,3.930145e+02,3.839371e+02,4.453979e+01,7.119833e-01
23.93800,4.374605e+02,3.879671e+02,3.929285e+02,3.871219e+02,4.453197e+01,8.452727e-01
23.93900,4.374365e+02,3.906245e+02,3.929128e+02,3.896469e+02,4.452375e+01,9.776320e-01
23.94000,4.373723e+02,3.933556e+02,3.928572e+02,3.922458e+02,4.451508e+01,1.109801e+00
23.94100,4.372943e+02,3.955444e+02,3.927881e+02,3.943033e+02,4.450631e+01,1.241099e+00
23.94200,4.372405e+02,3.979940e+02,3.927433e+02,3.966230e+02,4.449720e+01,1.371005e+00
23.94300,4.371762e+02,3.998496e+02,3.926889e+02,3.983499e+02,4.448723e+01,1.499719e+00
23.94400,4.371130e+02,4.014465e+02,3.926359e+02,3.998192e+02,4.447711e+01,1.627359e+00
23.94500,4.370345e+02,4.026977e+02,3.925678e+02,4.009439e+02,4.446671e+01,1.753856e+00
23.94600,4.369921e+02,4.040975e+02,3.925357e+02,4.022180e+02,4.445637e+01,1.879477e+00
23.94700,4.369513e+02,4.046000e+02,3.925055e+02,4.025963e+02,4.444589e+01,2.003680e+00
23.94800,4.369063e+02,4.054817e+02,3.924713e+02,4.033573e+02,4.443493e+01,2.124343e+00
23.94900,4.368062e+02,4.049661e+02,3.923805e+02,4.027225e+02,4.442569e+01,2.243586e+00
23.95000,4.367425e+02,4.051563e+02,3.923249e+02,4.027945e+02,4.441760e+01,2.361680e+00
23.95100,4.367589e+02,4.039566e+02,3.923493e+02,4.014770e+02,4.440961e+01,2.479617e+00
23.95200,4.367327e+02,4.031907e+02,3.923311e+02,4.005927e+02,4.440161e+01,2.598048e+00
23.95300,4.367063e+02,4.023115e+02,3.923120e+02,3.995962e+02,4.439432e+01,2.715376e+00
23.95400,4.366826e+02,4.008325e+02,3.922947e+02,3.980017e+02,4.438786e+01,2.830806e+00
23.95500,4.366707e+02,3.992394e+02,3.922889e+02,3.962946e+02,4.438184e+01,2.944795e+00
23.95600,4.366045e+02,3.974537e+02,3.922281e+02,3.943965e+02,4.437637e+01,3.057208e+00
23.95700,4.366026e+02,3.951455e+02,3.922309e+02,3.919777e+02,4.437169e+01,3.167734e+00
23.95800,4.366067e+02,3.924667e+02,3.922385e+02,3.891904e+02,4.436824e+01,3.276273e+00
23.95900,4.366185e+02,3.894145e+02,3.922524e+02,3.860315e+02,4.436611e+01,3.383068e+00
23.96000,4.366143e+02,3.863576e+02,3.922490e+02,3.828700e+02,4.436530e+01,3.487615e+00
23.96100,4.366355e+02,3.828688e+02,3.922700e+02,3.792791e+02,4.436544e+01,3.589728e+00
23.96200,4.366709e+02,3.790264e+02,3.923040e+02,3.753372e+02,4.436691e+01,3.689165e+00
23.96300,4.367122e+02,3.748987e+02,3.923424e+02,3.711124e+02,4.436975e+01,3.786287e+00
23.96400,4.367987e+02,3.699250e+02,3.924251e+02,3.660443e+02,4.437367e+01,3.880702e+00
23.96500,4.368211e+02,3.650257e+02,3.924419e+02,3.610541e+02,4.437911e+01,3.971635e+00
23.96600,4.368919e+02,3.602592e+02,3.925043e+02,3.561986e+02,4.438763e+01,4.060653e+00
23.96700,4.369583e+02,3.547799e+02,3.925597e+02,3.506334e+02,4.439854e+01,4.146494e+00
23.96800,4.370407e+02,3.489623e+02,3.926294e+02,3.447331e+02,4.441130e+01,4.229105e+00
23.96900,4.371329e+02,3.429674e+02,3.927067e+02,3.386589e+02,4.442610e+01,4.308451e+00
23.97000,4.372339e+02,3.365749e+02,3.927909e+02,3.321906e+02,4.444304e+01,4.384304e+00
23.97100,4.373429e+02,3.298527e+02,3.928808e+02,3.253961e+02,4.446215e+01,4.456623e+00
23.97200,4.374653e+02,3.228426e+02,3.929817e+02,3.183172e+02,4.448355e+01,4.525379e+00
23.97300,4.375921e+02,3.156364e+02,3.930847e+02,3.110465e+02,4.450740e+01,4.589826e+00
23.97400,4.377333e+02,3.078515e+02,3.932004e+02,3.032005e+02,4.453293e+01,4.650978e+00
23.97500,4.378681e+02,3.000375e+02,3.933076e+02,2.953284e+02,4.456052e+01,4.709132e+00
23.97600,4.380251e+02,2.917595e+02,3.934349e+02,2.869957e+02,4.459020e+01,4.763814e+00
23.97700,4.382029e+02,2.834625e+02,3.935803e+02,2.786481e+02,4.462259e+01,4.814435e+00
23.97800,4.383468e+02,2.750922e+02,3.936895e+02,2.702305e+02,4.465729e+01,4.861711e+00
23.97900,4.385447e+02,2.659791e+02,3.938503e+02,2.610747e+02,4.469441e+01,4.904365e+00
23.98000,4.387210e+02,2.567233e+02,3.939871e+02,2.517809e+02,4.473397e+01,4.942468e+00
23.98100,4.389089e+02,2.473218e+02,3.941331e+02,2.423453e+02,4.477577e+01,4.976511e+00
23.98200,4.391201e+02,2.370090e+02,3.943005e+02,2.320037e+02,4.481961e+01,5.005344e+00
23.98300,4.393483e+02,2.272119e+02,3.944823e+02,2.221819e+02,4.486602e+01,5.029935e+00
23.98400,4.395629e+02,2.168748e+02,3.946481e+02,2.118248e+02,4.491470e+01,5.049967e+00
23.98500,4.397855e+02,2.063223e+02,3.948201e+02,2.012571e+02,4.496544e+01,5.065194e+00
23.98600,4.400083e+02,1.955801e+02,3.949902e+02,1.905046e+02,4.501814e+01,5.075516e+00
23.98700,4.402467e+02,1.847341e+02,3.951739e+02,1.796533e+02,4.507285e+01,5.080827e+00
23.98800,4.404844e+02,1.734797e+02,3.953550e+02,1.683986e+02,4.512943e+01,5.081135e+00
23.98900,4.407237e+02,1.621255e+02,3.955359e+02,1.570489e+02,4.518781e+01,5.076619e+00
23.99000,4.409717e+02,1.505773e+02,3.957239e+02,1.455103e+02,4.524783e+01,5.066957e+00
23.99100,4.412221e+02,1.388405e+02,3.959127e+02,1.337887e+02,4.530941e+01,5.051799e+00
23.99200,4.414661e+02,1.269331e+02,3.960939e+02,1.219018e+02,4.537229e+01,5.031226e+00
23.99300,4.417286e+02,1.147207e+02,3.962923e+02,1.097153e+02,4.543627e+01,5.005291e+00
23.99400,4.419815e+02,1.027883e+02,3.964791e+02,9.781353e+01,4.550233e+01,4.974845e+00
23.99500,4.422247e+02,9.043173e+01,3.966553e+02,8.549220e+01,4.556938e+01,4.939533e+00
23.99600,4.425017e+02,7.789113e+01,3.968645e+02,7.299233e+01,4.563721e+01,4.898743e+00
23.99700,4.427603e+02,6.534196e+01,3.970541e+02,6.048907e+01,4.570625e+01,4.852891e+00
23.99800,4.430102e+02,5.272149e+01,3.972344e+02,4.791930e+01,4.577581e+01,4.802189e+00
23.99900,4.432669e+02,3.982321e+01,3.974212e+02,3.507694e+01,4.584570e+01,4.746265e+00
24.00000,4.435159e+02,2.697933e+01,3.975999e+02,2.229461e+01,4.591605e+01,4.684720e+00
24.00100,4.437631e+02,1.406663e+01,3.977766e+02,9.448920e+00,4.598653e+01,4.617707e+00
24.00200,4.440040e+02,1.149772e+00,3.979470e+02,-3.395707e+00,4.605695e+01,4.545479e+00
24.00300,4.442404e+02,-1.184001e+01,3.981131e+02,-1.630785e+01,4.612722e+01,4.467841e+00
24.00400,4.444723e+02,-2.490187e+01,3.982752e+02,-2.928682e+01,4.619713e+01,4.384943e+00
24.00500,4.447014e+02,-3.789821e+01,3.984348e+02,-4.219559e+01,4.626660e+01,4.297379e+00
24.00600,4.449158e+02,-5.076934e+01,3.985805e+02,-5.497447e+01,4.633533e+01,4.205123e+00
24.00700,4.451365e+02,-6.405109e+01,3.987334e+02,-6.815867e+01,4.640310e+01,4.107551e+00
24.00800,4.453493e+02,-7.699473e+01,3.988791e+02,-8.099960e+01,4.647022e+01,4.004904e+00
24.00900,4.455404e+02,-8.994573e+01,3.990043e+02,-9.384320e+01,4.653611e+01,3.897447e+00
24.01000,4.457483e+02,-1.028707e+02,3.991473e+02,-1.066568e+02,4.660095e+01,3.786041e+00
24.01100,4.459286e+02,-1.156398e+02,3.992638e+02,-1.193101e+02,4.666476e+01,3.670273e+00
24.01200,4.461027e+02,-1.283875e+02,3.993757e+02,-1.319376e+02,4.672703e+01,3.550147e+00
24.01300,4.462570e+02,-1.409667e+02,3.994695e+02,-1.443927e+02,4.678747e+01,3.425949e+00
24.01400,4.464249e+02,-1.535857e+02,3.995785e+02,-1.568833e+02,4.684635e+01,3.297672e+00
24.01500,4.465665e+02,-1.659992e+02,3.996631e+02,-1.691645e+02,4.690343e+01,3.165336e+00
24.01600,4.466983e+02,-1.782755e+02,3.997399e+02,-1.813042e+02,4.695840e+01,3.028711e+00
24.01700,4.468156e+02,-1.903941e+02,3.998045e+02,-1.932822e+02,4.701117e+01,2.888133e+00
24.01800,4.469278e+02,-2.023241e+02,3.998661e+02,-2.050683e+02,4.706166e+01,2.744195e+00
24.01900,4.470266e+02,-2.141371e+02,3.999167e+02,-2.167343e+02,4.710988e+01,2.597225e+00
24.02000,4.471134e+02,-2.256801e+02,3.999579e+02,-2.281269e+02,4.715559e+01,2.446760e+00
24.02100,4.471985e+02,-2.371048e+02,3.999998e+02,-2.393979e+02,4.719867e+01,2.293059e+00
24.02200,4.472315e+02,-2.483599e+02,3.999925e+02,-2.504964e+02,4.723906e+01,2.136560e+00
24.02300,4.472641e+02,-2.592310e+02,3.999869e+02,-2.612083e+02,4.727721e+01,1.977311e+00
24.02400,4.472999e+02,-2.699353e+02,3.999872e+02,-2.717502e+02,4.731271e+01,1.814921e+00
24.02500,4.473146e+02,-2.803455e+02,3.999693e+02,-2.819958e+02,4.734528e+01,1.650276e+00
24.02600,4.473333e+02,-2.906842e+02,3.999581e+02,-2.921681e+02,4.737521e+01,1.483930e+00
24.02700,4.473260e+02,-3.005807e+02,3.999238e+02,-3.018962e+02,4.740223e+01,1.315585e+00
24.02800,4.473127e+02,-3.103038e+02,3.998864e+02,-3.114491e+02,4.742635e+01,1.145303e+00
24.02900,4.472773e+02,-3.196546e+02,3.998297e+02,-3.206280e+02,4.744751e+01,9.734040e-01
24.03000,4.472354e+02,-3.287617e+02,3.997697e+02,-3.295617e+02,4.746566e+01,7.999927e-01
24.03100,4.471747e+02,-3.375223e+02,3.996939e+02,-3.381475e+02,4.748079e+01,6.252264e-01
24.03200,4.471032e+02,-3.459769e+02,3.996103e+02,-3.464267e+02,4.749284e+01,4.497984e-01
24.03300,4.470120e+02,-3.541829e+02,3.995102e+02,-3.544572e+02,4.750185e+01,2.743583e-01
24.03400,4.469318e+02,-3.624627e+02,3.994240e+02,-3.625587e+02,4.750783e+01,9.607953e-02
24.03500,4.468139e+02,-3.699768e+02,3.993032e+02,-3.698941e+02,4.751076e+01,-8.263133e-02
24.03600,4.467295e+02,-3.766944e+02,3.992190e+02,-3.764339e+02,4.751053e+01,-2.605446e-01
24.03700,4.466333e+02,-3.832255e+02,3.991264e+02,-3.827879e+02,4.750689e+01,-4.376659e-01
24.03800,4.464791e+02,-3.897823e+02,3.989791e+02,-3.891675e+02,4.749995e+01,-6.147883e-01
24.03900,4.462683e+02,-3.955023e+02,3.987777e+02,-3.947123e+02,4.749067e+01,-7.900573e-01
24.04000,4.461085e+02,-4.013777e+02,3.986300e+02,-4.004133e+02,4.747846e+01,-9.645033e-01
24.04100,4.459370e+02,-4.067811e+02,3.984737e+02,-4.056427e+02,4.746328e+01,-1.138448e+00
24.04200,4.457569e+02,-4.118676e+02,3.983117e+02,-4.105558e+02,4.744527e+01,-1.311822e+00
24.04300,4.455657e+02,-4.164948e+02,3.981413e+02,-4.150107e+02,4.742438e+01,-1.484189e+00
24.04400,4.453657e+02,-4.207807e+02,3.979650e+02,-4.191252e+02,4.740069e+01,-1.655530e+00
24.04500,4.451414e+02,-4.246165e+02,3.977670e+02,-4.227910e+02,4.737441e+01,-1.825503e+00
24.04600,4.449491e+02,-4.283935e+02,3.976039e+02,-4.263999e+02,4.734525e+01,-1.993671e+00
24.04700,4.447495e+02,-4.319439e+02,3.974360e+02,-4.297841e+02,4.731355e+01,-2.159894e+00
24.04800,4.444873e+02,-4.341838e+02,3.972079e+02,-4.318608e+02,4.727933e+01,-2.322985e+00
24.04900,4.442399e+02,-4.365396e+02,3.969976e+02,-4.340560e+02,4.724233e+01,-2.483573e+00
24.05000,4.440293e+02,-4.387403e+02,3.968267e+02,-4.360985e+02,4.720262e+01,-2.641867e+00
24.05100,4.437963e+02,-4.401275e+02,3.966349e+02,-4.373308e+02,4.716141e+01,-2.796636e+00
24.05200,4.435453e+02,-4.413966e+02,3.964277e+02,-4.384477e+02,4.711768e+01,-2.948919e+00
24.05300,4.432848e+02,-4.422274e+02,3.962135e+02,-4.391295e+02,4.707130e+01,-3.097941e+00
24.05400,4.430608e+02,-4.430449e+02,3.960379e+02,-4.398015e+02,4.702289e+01,-3.243396e+00
24.05500,4.428200e+02,-4.433049e+02,3.958477e+02,-4.399203e+02,4.697222e+01,-3.384603e+00
24.05600,4.425152e+02,-4.423619e+02,3.955959e+02,-4.388384e+02,4.691932e+01,-3.523547e+00
24.05700,4.422683e+02,-4.418429e+02,3.954013e+02,-4.381817e+02,4.686691e+01,-3.661183e+00
24.05800,4.420325e+02,-4.406116e+02,3.952188e+02,-4.368152e+02,4.681369e+01,-3.796403e+00
24.05900,4.417027e+02,-4.396759e+02,3.949441e+02,-4.357472e+02,4.675864e+01,-3.928677e+00
24.06000,4.414885e+02,-4.380228e+02,3.947859e+02,-4.339649e+02,4.670251e+01,-4.057937e+00
24.06100,4.412589e+02,-4.361671e+02,3.946143e+02,-4.319842e+02,4.664469e+01,-4.182893e+00
24.06200,4.409609e+02,-4.324176e+02,3.943753e+02,-4.281151e+02,4.658557e+01,-4.302551e+00
24.06300,4.407261e+02,-4.305697e+02,3.942000e+02,-4.261512e+02,4.652607e+01,-4.418435e+00
24.06400,4.404822e+02,-4.272365e+02,3.940161e+02,-4.227061e+02,4.646607e+01,-4.530517e+00
24.06500,4.402246e+02,-4.241347e+02,3.938203e+02,-4.194951e+02,4.640437e+01,-4.639543e+00
24.06600,4.399923e+02,-4.202221e+02,3.936503e+02,-4.154773e+02,4.634197e+01,-4.744829e+00
24.06700,4.397729e+02,-4.163095e+02,3.934943e+02,-4.114632e+02,4.627854e+01,-4.846277e+00
24.06800,4.395272e+02,-4.118513e+02,3.933127e+02,-4.069079e+02,4.621451e+01,-4.943383e+00
24.06900,4.393063e+02,-4.071322e+02,3.931559e+02,-4.020961e+02,4.615036e+01,-5.036110e+00
24.07000,4.390907e+02,-4.022539e+02,3.930047e+02,-3.971292e+02,4.608599e+01,-5.124642e+00
24.07100,4.388832e+02,-3.967579e+02,3.928617e+02,-3.915491e+02,4.602157e+01,-5.208858e+00
24.07200,4.386799e+02,-3.911783e+02,3.927227e+02,-3.858897e+02,4.595713e+01,-5.288659e+00
24.07300,4.384890e+02,-3.852978e+02,3.925961e+02,-3.799335e+02,4.589290e+01,-5.364257e+00
24.07400,4.382981e+02,-3.790275e+02,3.924692e+02,-3.735917e+02,4.582892e+01,-5.435751e+00
24.07500,4.381229e+02,-3.726555e+02,3.923575e+02,-3.671528e+02,4.576536e+01,-5.502700e+00
24.07600,4.379475e+02,-3.658998e+02,3.922453e+02,-3.603349e+02,4.570229e+01,-5.564893e+00
24.07700,4.377962e+02,-3.588477e+02,3.921559e+02,-3.532251e+02,4.564025e+01,-5.622562e+00
24.07800,4.376249e+02,-3.518455e+02,3.920455e+02,-3.461695e+02,4.557937e+01,-5.676013e+00
24.07900,4.374964e+02,-3.441683e+02,3.919780e+02,-3.384433e+02,4.551841e+01,-5.724971e+00
24.08000,4.373565e+02,-3.365577e+02,3.918980e+02,-3.307880e+02,4.545855e+01,-5.769691e+00
24.08100,4.372270e+02,-3.286060e+02,3.918269e+02,-3.227959e+02,4.540003e+01,-5.810161e+00
24.08200,4.370659e+02,-3.206970e+02,3.917238e+02,-3.148511e+02,4.534211e+01,-5.845915e+00
24.08300,4.369461e+02,-3.124728e+02,3.916605e+02,-3.065961e+02,4.528565e+01,-5.876676e+00
24.08400,4.368190e+02,-3.040892e+02,3.915883e+02,-2.981868e+02,4.523069e+01,-5.902389e+00
24.08500,4.367579e+02,-2.948319e+02,3.915809e+02,-2.889079e+02,4.517707e+01,-5.923933e+00
24.08600,4.367072e+02,-2.856077e+02,3.915829e+02,-2.796634e+02,4.512432e+01,-5.944297e+00
24.08700,4.366239e+02,-2.764827e+02,3.915507e+02,-2.705213e+02,4.507329e+01,-5.961351e+00
24.08800,4.365553e+02,-2.672254e+02,3.915313e+02,-2.612511e+02,4.502405e+01,-5.974309e+00
24.08900,4.364926e+02,-2.578356e+02,3.915161e+02,-2.518528e+02,4.497657e+01,-5.982828e+00
24.09000,4.364405e+02,-2.482908e+02,3.915096e+02,-2.423035e+02,4.493090e+01,-5.987225e+00
24.09100,4.363957e+02,-2.385561e+02,3.915087e+02,-2.325684e+02,4.488699e+01,-5.987666e+00
24.09200,4.363631e+02,-2.285927e+02,3.915181e+02,-2.226082e+02,4.484494e+01,-5.984496e+00
24.09300,4.363365e+02,-2.186251e+02,3.915317e+02,-2.126475e+02,4.480474e+01,-5.977693e+00
24.09400,4.363229e+02,-2.084191e+02,3.915565e+02,-2.024520e+02,4.476643e+01,-5.967083e+00
24.09500,4.363100e+02,-1.981825e+02,3.915801e+02,-1.922302e+02,4.472997e+01,-5.952275e+00
24.09600,4.363095e+02,-1.877903e+02,3.916142e+02,-1.818569e+02,4.469528e+01,-5.933450e+00
24.09700,4.363204e+02,-1.774088e+02,3.916581e+02,-1.714980e+02,4.466231e+01,-5.910865e+00
24.09800,4.363205e+02,-1.668401e+02,3.916893e+02,-1.609556e+02,4.463110e+01,-5.884575e+00
24.09900,4.362834e+02,-1.561397e+02,3.916812e+02,-1.502851e+02,4.460222e+01,-5.854553e+00
24.10000,4.362874e+02,-1.458251e+02,3.917104e+02,-1.400037e+02,4.457703e+01,-5.821487e+00
24.10100,4.363467e+02,-1.346233e+02,3.917930e+02,-1.288391e+02,4.455373e+01,-5.784182e+00
24.10200,4.363849e+02,-1.237531e+02,3.918525e+02,-1.180105e+02,4.453247e+01,-5.742623e+00
24.10300,4.364240e+02,-1.129550e+02,3.919108e+02,-1.072576e+02,4.451319e+01,-5.697385e+00
24.10400,4.364699e+02,-1.020340e+02,3.919741e+02,-9.638527e+01,4.449579e+01,-5.648716e+00
24.10500,4.365135e+02,-9.111973e+01,3.920334e+02,-8.552287e+01,4.448016e+01,-5.596841e+00
24.10600,4.365669e+02,-8.015980e+01,3.921006e+02,-7.461820e+01,4.446632e+01,-5.541633e+00
24.10700,4.366221e+02,-6.922447e+01,3.921677e+02,-6.374144e+01,4.445438e+01,-5.483020e+00
24.10800,4.366767e+02,-5.827212e+01,3.922328e+02,-5.285055e+01,4.444392e+01,-5.421567e+00
24.10900,4.367343e+02,-4.728444e+01,3.922994e+02,-4.192711e+01,4.443489e+01,-5.357331e+00
24.11000,4.367981e+02,-3.622750e+01,3.923708e+02,-3.093723e+01,4.442726e+01,-5.290262e+00
24.11100,4.368504e+02,-2.521203e+01,3.924289e+02,-1.999187e+01,4.442147e+01,-5.220163e+00
24.11200,4.369203e+02,-1.426351e+01,3.925035e+02,-9.116300e+00,4.441691e+01,-5.147205e+00
24.11300,4.369950e+02,-3.116307e+00,3.925814e+02,1.955220e+00,4.441361e+01,-5.071527e+00
24.11400,4.370600e+02,7.400760e+00,3.926481e+02,1.239373e+01,4.441185e+01,-4.992963e+00
24.11500,4.371311e+02,1.827097e+01,3.927199e+02,2.318243e+01,4.441125e+01,-4.911471e+00
24.11600,4.372011e+02,2.915337e+01,3.927895e+02,3.398057e+01,4.441168e+01,-4.827199e+00
24.11700,4.372724e+02,3.976717e+01,3.928595e+02,4.450763e+01,4.441293e+01,-4.740461e+00
24.11800,4.373506e+02,5.061377e+01,3.929351e+02,5.526506e+01,4.441545e+01,-4.651291e+00
24.11900,4.374200e+02,6.128973e+01,3.930011e+02,6.584947e+01,4.441889e+01,-4.559735e+00
24.12000,4.374889e+02,7.185387e+01,3.930657e+02,7.631933e+01,4.442313e+01,-4.465481e+00
24.12100,4.375578e+02,8.233720e+01,3.931297e+02,8.670587e+01,4.442806e+01,-4.368659e+00
24.12200,4.376242e+02,9.269520e+01,3.931905e+02,9.696460e+01,4.443363e+01,-4.269389e+00
24.12300,4.376899e+02,1.030565e+02,3.932501e+02,1.072241e+02,4.443980e+01,-4.167607e+00
24.12400,4.377519e+02,1.132656e+02,3.933055e+02,1.173292e+02,4.444643e+01,-4.063573e+00
24.12500,4.378113e+02,1.233912e+02,3.933577e+02,1.273489e+02,4.445349e+01,-3.957635e+00
24.12600,4.378669e+02,1.333691e+02,3.934059e+02,1.372193e+02,4.446093e+01,-3.850093e+00
24.12700,4.379269e+02,1.434399e+02,3.934583e+02,1.471803e+02,4.446862e+01,-3.740415e+00
24.12800,4.379830e+02,1.532357e+02,3.935064e+02,1.568642e+02,4.447660e+01,-3.628457e+00
24.12900,4.380308e+02,1.628526e+02,3.935461e+02,1.663672e+02,4.448474e+01,-3.514619e+00
24.13000,4.380739e+02,1.724954e+02,3.935809e+02,1.758944e+02,4.449292e+01,-3.399041e+00
24.13100,4.381208e+02,1.818849e+02,3.936196e+02,1.851665e+02,4.450118e+01,-3.281601e+00
24.13200,4.381595e+02,1.911601e+02,3.936500e+02,1.943229e+02,4.450942e+01,-3.162775e+00
24.13300,4.381963e+02,2.003495e+02,3.936787e+02,2.033923e+02,4.451761e+01,-3.042835e+00
24.13400,4.382254e+02,2.093548e+02,3.936999e+02,2.122761e+02,4.452555e+01,-2.921357e+00
24.13500,4.382564e+02,2.182433e+02,3.937231e+02,2.210418e+02,4.453322e+01,-2.798541e+00
24.13600,4.382809e+02,2.269139e+02,3.937403e+02,2.295882e+02,4.454065e+01,-2.674263e+00
24.13700,4.383007e+02,2.354723e+02,3.937529e+02,2.380209e+02,4.454789e+01,-2.548597e+00
24.13800,4.383161e+02,2.439226e+02,3.937614e+02,2.463443e+02,4.455477e+01,-2.421685e+00
24.13900,4.383275e+02,2.521538e+02,3.937663e+02,2.544478e+02,4.456115e+01,-2.293997e+00
24.14000,4.383337e+02,2.602288e+02,3.937666e+02,2.623943e+02,4.456708e+01,-2.165464e+00
24.14100,4.383363e+02,2.680780e+02,3.937638e+02,2.701137e+02,4.457247e+01,-2.035745e+00
24.14200,4.383315e+02,2.757899e+02,3.937542e+02,2.776950e+02,4.457725e+01,-1.905107e+00
24.14300,4.383313e+02,2.833477e+02,3.937499e+02,2.851212e+02,4.458142e+01,-1.773517e+00
24.14400,4.383137e+02,2.906555e+02,3.937287e+02,2.922967e+02,4.458509e+01,-1.641251e+00
24.14500,4.382940e+02,2.978205e+02,3.937057e+02,2.993287e+02,4.458822e+01,-1.508231e+00
24.14600,4.382733e+02,3.048169e+02,3.936825e+02,3.061918e+02,4.459079e+01,-1.374904e+00
24.14700,4.382434e+02,3.115408e+02,3.936506e+02,3.127821e+02,4.459276e+01,-1.241293e+00
24.14800,4.382311e+02,3.181567e+02,3.936369e+02,3.192640e+02,4.459413e+01,-1.107307e+00
24.14900,4.382325e+02,3.241601e+02,3.936380e+02,3.251333e+02,4.459447e+01,-9.732093e-01
24.15000,4.381857e+02,3.303805e+02,3.935918e+02,3.312195e+02,4.459392e+01,-8.390060e-01
24.15100,4.381431e+02,3.363541e+02,3.935505e+02,3.370583e+02,4.459260e+01,-7.041513e-01
24.15200,4.380989e+02,3.420883e+02,3.935083e+02,3.426573e+02,4.459057e+01,-5.689337e-01
24.15300,4.380521e+02,3.475875e+02,3.934643e+02,3.480213e+02,4.458784e+01,-4.337789e-01
24.15400,4.380031e+02,3.528707e+02,3.934186e+02,3.531694e+02,4.458446e+01,-2.986437e-01
24.15500,4.379577e+02,3.579969e+02,3.933773e+02,3.581601e+02,4.458036e+01,-1.632195e-01
24.15600,4.378881e+02,3.625563e+02,3.933125e+02,3.625839e+02,4.457563e+01,-2.755145e-02
24.15700,4.378185e+02,3.669639e+02,3.932479e+02,3.668569e+02,4.457052e+01,1.070899e-01
24.15800,4.377655e+02,3.714199e+02,3.932007e+02,3.711785e+02,4.456472e+01,2.415164e-01
24.15900,4.377093e+02,3.754804e+02,3.931509e+02,3.751043e+02,4.455830e+01,3.760503e-01
24.16000,4.376497e+02,3.793649e+02,3.930984e+02,3.788546e+02,4.455130e+01,5.102796e-01
24.16100,4.375881e+02,3.829545e+02,3.930443e+02,3.823104e+02,4.454377e+01,6.440745e-01
24.16200,4.375091e+02,3.864428e+02,3.929732e+02,3.856653e+02,4.453586e+01,7.775453e-01
24.16300,4.374579e+02,3.892307e+02,3.929299e+02,3.883203e+02,4.452803e+01,9.103240e-01
24.16400,4.374092e+02,3.920463e+02,3.928897e+02,3.910037e+02,4.451953e+01,1.042539e+00
24.16500,4.373263e+02,3.943781e+02,3.928155e+02,3.932036e+02,4.451077e+01,1.174445e+00
24.16600,4.372883e+02,3.967009e+02,3.927863e+02,3.953959e+02,4.450205e+01,1.305094e+00
24.16700,4.372051e+02,3.990006e+02,3.927128e+02,3.975663e+02,4.449234e+01,1.434333e+00
24.16800,4.371427e+02,4.006725e+02,3.926604e+02,3.991099e+02,4.448228e+01,1.562529e+00
24.16900,4.370745e+02,4.020619e+02,3.926023e+02,4.003723e+02,4.447207e+01,1.689573e+00
24.17000,4.370264e+02,4.034953e+02,3.925647e+02,4.016797e+02,4.446167e+01,1.815646e+00
24.17100,4.369899e+02,4.045703e+02,3.925386e+02,4.026296e+02,4.445127e+01,1.940745e+00
24.17200,4.369187e+02,4.046253e+02,3.924781e+02,4.025620e+02,4.444049e+01,2.063266e+00
24.17300,4.368689e+02,4.052981e+02,3.924387e+02,4.031153e+02,4.443015e+01,2.182879e+00
24.17400,4.367767e+02,4.050286e+02,3.923551e+02,4.027268e+02,4.442159e+01,2.301807e+00
24.17500,4.367375e+02,4.047378e+02,3.923237e+02,4.023185e+02,4.441375e+01,2.419379e+00
24.17600,4.367518e+02,4.035332e+02,3.923461e+02,4.009953e+02,4.440562e+01,2.537871e+00
24.17700,4.367169e+02,4.027505e+02,3.923189e+02,4.000947e+02,4.439791e+01,2.655811e+00
24.17800,4.366946e+02,4.014533e+02,3.923035e+02,3.986811e+02,4.439113e+01,2.772281e+00
24.17900,4.366751e+02,4.001529e+02,3.922903e+02,3.972660e+02,4.438475e+01,2.886935e+00
24.18000,4.366293e+02,3.984026e+02,3.922502e+02,3.954024e+02,4.437913e+01,3.000205e+00
24.18100,4.366020e+02,3.963715e+02,3.922281e+02,3.932597e+02,4.437393e+01,3.111727e+00
24.18200,4.366059e+02,3.938819e+02,3.922361e+02,3.906607e+02,4.436984e+01,3.221249e+00
24.18300,4.366121e+02,3.911341e+02,3.922451e+02,3.878051e+02,4.436702e+01,3.328996e+00
24.18400,4.366362e+02,3.877507e+02,3.922705e+02,3.843161e+02,4.436565e+01,3.434691e+00
24.18500,4.366233e+02,3.847791e+02,3.922581e+02,3.812409e+02,4.436521e+01,3.538129e+00
24.18600,4.366503e+02,3.809833e+02,3.922843e+02,3.773444e+02,4.436598e+01,3.638853e+00
24.18700,4.366873e+02,3.769734e+02,3.923192e+02,3.732363e+02,4.436813e+01,3.737111e+00
24.18800,4.367258e+02,3.729279e+02,3.923542e+02,3.690947e+02,4.437161e+01,3.833213e+00
24.18900,4.368072e+02,3.673831e+02,3.924312e+02,3.634574e+02,4.437602e+01,3.925641e+00
24.19000,4.368668e+02,3.629353e+02,3.924839e+02,3.589195e+02,4.438294e+01,4.015688e+00
24.19100,4.369305e+02,3.574905e+02,3.925377e+02,3.533874e+02,4.439277e+01,4.103193e+00
24.19200,4.369986e+02,3.519543e+02,3.925940e+02,3.477669e+02,4.440456e+01,4.187456e+00
24.19300,4.370847e+02,3.460887e+02,3.926664e+02,3.418202e+02,4.441830e+01,4.268481e+00
24.19400,4.371811e+02,3.398337e+02,3.927469e+02,3.354875e+02,4.443415e+01,4.346139e+00
24.19500,4.372867e+02,3.333569e+02,3.928346e+02,3.289367e+02,4.445215e+01,4.420254e+00
24.19600,4.374011e+02,3.265111e+02,3.929287e+02,3.220203e+02,4.447236e+01,4.490857e+00
24.19700,4.375275e+02,3.193999e+02,3.930325e+02,3.148423e+02,4.449499e+01,4.557601e+00
24.19800,4.376437e+02,3.122315e+02,3.931241e+02,3.076111e+02,4.451959e+01,4.620310e+00
24.19900,4.377978e+02,3.041501e+02,3.932515e+02,2.994703e+02,4.454629e+01,4.679791e+00
24.20000,4.379464e+02,2.960697e+02,3.933716e+02,2.913332e+02,4.457481e+01,4.736495e+00
24.20100,4.381150e+02,2.873723e+02,3.935095e+02,2.825833e+02,4.460558e+01,4.789021e+00
24.20200,4.382559e+02,2.795001e+02,3.936165e+02,2.746619e+02,4.463937e+01,4.838126e+00
24.20300,4.384424e+02,2.706179e+02,3.937672e+02,2.657346e+02,4.467517e+01,4.883321e+00
24.20400,4.386321e+02,2.614149e+02,3.939186e+02,2.564913e+02,4.471357e+01,4.923575e+00
24.20500,4.388145e+02,2.521159e+02,3.940603e+02,2.471562e+02,4.475422e+01,4.959707e+00
24.20600,4.390239e+02,2.420777e+02,3.942269e+02,2.370864e+02,4.479708e+01,4.991326e+00
24.20700,4.392380e+02,2.323249e+02,3.943959e+02,2.273070e+02,4.484209e+01,5.017945e+00
24.20800,4.394528e+02,2.220984e+02,3.945631e+02,2.170580e+02,4.488966e+01,5.040354e+00
24.20900,4.396713e+02,2.116979e+02,3.947320e+02,2.066399e+02,4.493935e+01,5.058014e+00
24.21000,4.398933e+02,2.010801e+02,3.949022e+02,1.960093e+02,4.499107e+01,5.070898e+00
24.21100,4.401235e+02,1.903553e+02,3.950787e+02,1.852766e+02,4.504474e+01,5.078729e+00
24.21200,4.403589e+02,1.792051e+02,3.952585e+02,1.741236e+02,4.510039e+01,5.081580e+00
24.21300,4.406028e+02,1.678861e+02,3.954449e+02,1.628066e+02,4.515790e+01,5.079537e+00
24.21400,4.408463e+02,1.564709e+02,3.956293e+02,1.513983e+02,4.521708e+01,5.072579e+00
24.21500,4.410937e+02,1.448653e+02,3.958159e+02,1.398050e+02,4.527787e+01,5.060229e+00
24.21600,4.413441e+02,1.330106e+02,3.960040e+02,1.279683e+02,4.534016e+01,5.042375e+00
24.21700,4.415862e+02,1.208913e+02,3.961827e+02,1.158723e+02,4.540345e+01,5.019105e+00
24.21800,4.418536e+02,1.089169e+02,3.963851e+02,1.039260e+02,4.546849e+01,4.990882e+00
24.21900,4.421061e+02,9.684713e+01,3.965709e+02,9.188893e+01,4.553521e+01,4.958183e+00
24.22000,4.423507e+02,8.439933e+01,3.967482e+02,7.947913e+01,4.560245e+01,4.920177e+00
24.22100,4.426307e+02,7.174853e+01,3.969597e+02,6.687173e+01,4.567101e+01,4.876813e+00
24.22200,4.428825e+02,5.914575e+01,3.971421e+02,5.431714e+01,4.574036e+01,4.828603e+00
24.22300,4.431265e+02,4.664623e+01,3.973165e+02,4.187077e+01,4.581003e+01,4.775459e+00
24.22400,4.433899e+02,3.355391e+01,3.975097e+02,2.883715e+01,4.588022e+01,4.716761e+00
24.22500,4.436373e+02,2.065346e+01,3.976866e+02,1.600098e+01,4.595064e+01,4.652479e+00
24.22600,4.438815e+02,7.728280e+00,3.978604e+02,3.145387e+00,4.602112e+01,4.582896e+00
24.22700,4.441225e+02,-5.270544e+00,3.980310e+02,-9.778587e+00,4.609149e+01,4.508045e+00
24.22800,4.443535e+02,-1.822749e+01,3.981920e+02,-2.265525e+01,4.616159e+01,4.427757e+00
24.22900,4.445869e+02,-3.127547e+01,3.983555e+02,-3.561797e+01,4.623132e+01,4.342506e+00
24.23000,4.448089e+02,-4.425228e+01,3.985085e+02,-4.850497e+01,4.630046e+01,4.252684e+00
24.23100,4.450185e+02,-5.725849e+01,3.986498e+02,-6.141640e+01,4.636869e+01,4.157909e+00
24.23200,4.452447e+02,-7.035380e+01,3.988085e+02,-7.441160e+01,4.643617e+01,4.057775e+00
24.23300,4.454468e+02,-8.337173e+01,3.989440e+02,-8.732440e+01,4.650280e+01,3.952667e+00
24.23400,4.456348e+02,-9.605487e+01,3.990668e+02,-9.989813e+01,4.656799e+01,3.843292e+00
24.23500,4.458366e+02,-1.091778e+02,3.992042e+02,-1.129075e+02,4.663245e+01,3.729735e+00
24.23600,4.460115e+02,-1.218972e+02,3.993159e+02,-1.255091e+02,4.669552e+01,3.611872e+00
24.23700,4.461815e+02,-1.345841e+02,3.994245e+02,-1.380738e+02,4.675697e+01,3.489684e+00
24.23800,4.463420e+02,-1.471817e+02,3.995254e+02,-1.505452e+02,4.681656e+01,3.363471e+00
24.23900,4.464973e+02,-1.596583e+02,3.996227e+02,-1.628915e+02,4.687463e+01,3.233237e+00
24.24000,4.466309e+02,-1.720475e+02,3.997002e+02,-1.751463e+02,4.693068e+01,3.098779e+00
24.24100,4.467576e+02,-1.842283e+02,3.997730e+02,-1.871885e+02,4.698459e+01,2.960146e+00
24.24200,4.468694e+02,-1.962903e+02,3.998332e+02,-1.991081e+02,4.703623e+01,2.817855e+00
24.24300,4.469784e+02,-2.081696e+02,3.998927e+02,-2.108421e+02,4.708564e+01,2.672445e+00
24.24400,4.470695e+02,-2.198663e+02,3.999369e+02,-2.223901e+02,4.713263e+01,2.523805e+00
24.24500,4.471539e+02,-2.313313e+02,3.999768e+02,-2.337030e+02,4.717708e+01,2.371654e+00
24.24600,4.472115e+02,-2.426091e+02,3.999927e+02,-2.448257e+02,4.721883e+01,2.216583e+00
24.24700,4.472452e+02,-2.536373e+02,3.999871e+02,-2.556961e+02,4.725809e+01,2.058739e+00
24.24800,4.472841e+02,-2.644825e+02,3.999891e+02,-2.663805e+02,4.729499e+01,1.897974e+00
24.24900,4.473105e+02,-2.750717e+02,3.999815e+02,-2.768061e+02,4.732908e+01,1.734301e+00
24.25000,4.473307e+02,-2.855032e+02,3.999704e+02,-2.870721e+02,4.736032e+01,1.568849e+00
24.25100,4.473294e+02,-2.955491e+02,3.999406e+02,-2.969506e+02,4.738885e+01,1.401523e+00
24.25200,4.473187e+02,-3.053958e+02,3.999043e+02,-3.066280e+02,4.741441e+01,1.232188e+00
24.25300,4.472962e+02,-3.149509e+02,3.998591e+02,-3.160120e+02,4.743713e+01,1.061109e+00
24.25400,4.472584e+02,-3.241949e+02,3.998017e+02,-3.250834e+02,4.745679e+01,8.884360e-01
24.25500,4.472088e+02,-3.331097e+02,3.997353e+02,-3.338240e+02,4.747348e+01,7.143627e-01
24.25600,4.471410e+02,-3.417551e+02,3.996539e+02,-3.422943e+02,4.748708e+01,5.390826e-01
24.25700,4.470608e+02,-3.498498e+02,3.995632e+02,-3.502137e+02,4.749763e+01,3.638540e-01
24.25800,4.469674e+02,-3.586973e+02,3.994622e+02,-3.588842e+02,4.750519e+01,1.869136e-01
24.25900,4.468819e+02,-3.661073e+02,3.993723e+02,-3.661157e+02,4.750961e+01,8.418893e-03
24.26000,4.467743e+02,-3.733161e+02,3.992632e+02,-3.731459e+02,4.751107e+01,-1.701393e-01
24.26100,4.466667e+02,-3.800955e+02,3.991575e+02,-3.797478e+02,4.750920e+01,-3.476974e-01
24.26200,4.465793e+02,-3.865949e+02,3.990755e+02,-3.860703e+02,4.750381e+01,-5.246002e-01
24.26300,4.463514e+02,-3.923486e+02,3.988557e+02,-3.916476e+02,4.749573e+01,-7.010373e-01
24.26400,4.461929e+02,-3.984569e+02,3.987079e+02,-3.975811e+02,4.748506e+01,-8.758020e-01
24.26500,4.460268e+02,-4.040632e+02,3.985555e+02,-4.030133e+02,4.747137e+01,-1.049965e+00
24.26600,4.458516e+02,-4.093043e+02,3.983968e+02,-4.080806e+02,4.745480e+01,-1.223709e+00
24.26700,4.456641e+02,-4.141905e+02,3.982288e+02,-4.127939e+02,4.743536e+01,-1.396569e+00
24.26800,4.454689e+02,-4.186893e+02,3.980559e+02,-4.171209e+02,4.741309e+01,-1.568479e+00
24.26900,4.452629e+02,-4.227886e+02,3.978749e+02,-4.210495e+02,4.738805e+01,-1.739167e+00
24.27000,4.450569e+02,-4.265517e+02,3.976965e+02,-4.246433e+02,4.736044e+01,-1.908348e+00
24.27100,4.448452e+02,-4.300293e+02,3.975152e+02,-4.279539e+02,4.732997e+01,-2.075423e+00
24.27200,4.446045e+02,-4.327875e+02,3.973075e+02,-4.305471e+02,4.729707e+01,-2.240347e+00
24.27300,4.443673e+02,-4.353876e+02,3.971057e+02,-4.329855e+02,4.726151e+01,-2.402147e+00
24.27400,4.440835e+02,-4.375215e+02,3.968606e+02,-4.349598e+02,4.722291e+01,-2.561712e+00
24.27500,4.439237e+02,-4.393851e+02,3.967410e+02,-4.366669e+02,4.718263e+01,-2.718252e+00
24.27600,4.436731e+02,-4.408061e+02,3.965329e+02,-4.379344e+02,4.714025e+01,-2.871747e+00
24.27700,4.434223e+02,-4.419063e+02,3.963270e+02,-4.388838e+02,4.709526e+01,-3.022545e+00
24.27800,4.431831e+02,-4.427509e+02,3.961353e+02,-4.395811e+02,4.704780e+01,-3.169845e+00
24.27900,4.429505e+02,-4.434381e+02,3.959522e+02,-4.401247e+02,4.699836e+01,-3.313363e+00
24.28000,4.426473e+02,-4.427411e+02,3.957008e+02,-4.392880e+02,4.694649e+01,-3.453069e+00
24.28100,4.423700e+02,-4.418669e+02,3.954766e+02,-4.382755e+02,4.689343e+01,-3.591387e+00
24.28200,4.421486e+02,-4.413519e+02,3.953075e+02,-4.376239e+02,4.684110e+01,-3.727932e+00
24.28300,4.418984e+02,-4.400623e+02,3.951116e+02,-4.362006e+02,4.678676e+01,-3.861675e+00
24.28400,4.416035e+02,-4.390845e+02,3.948721e+02,-4.350919e+02,4.673130e+01,-3.992615e+00
24.28500,4.413551e+02,-4.367054e+02,3.946809e+02,-4.325856e+02,4.667420e+01,-4.119771e+00
24.28600,4.411027e+02,-4.343737e+02,3.944867e+02,-4.301314e+02,4.661593e+01,-4.242301e+00
24.28700,4.408487e+02,-4.319331e+02,3.942923e+02,-4.275733e+02,4.655639e+01,-4.359875e+00
24.28800,4.406071e+02,-4.289918e+02,3.941105e+02,-4.245179e+02,4.649672e+01,-4.473960e+00
24.28900,4.403524e+02,-4.258388e+02,3.939164e+02,-4.212544e+02,4.643598e+01,-4.584427e+00
24.29000,4.401091e+02,-4.222019e+02,3.937354e+02,-4.175102e+02,4.637375e+01,-4.691753e+00
24.29100,4.398759e+02,-4.183663e+02,3.935649e+02,-4.135712e+02,4.631097e+01,-4.795152e+00
24.29200,4.396489e+02,-4.141396e+02,3.934017e+02,-4.092451e+02,4.624711e+01,-4.894492e+00
24.29300,4.394189e+02,-4.095447e+02,3.932359e+02,-4.045552e+02,4.618304e+01,-4.989432e+00
24.29400,4.391989e+02,-4.047471e+02,3.930801e+02,-3.996671e+02,4.611878e+01,-5.080098e+00
24.29500,4.389909e+02,-3.996509e+02,3.929365e+02,-3.944843e+02,4.605437e+01,-5.166577e+00
24.29600,4.387835e+02,-3.940506e+02,3.927935e+02,-3.888021e+02,4.598993e+01,-5.248574e+00
24.29700,4.385866e+02,-3.884201e+02,3.926611e+02,-3.830938e+02,4.592556e+01,-5.326305e+00
24.29800,4.383944e+02,-3.822543e+02,3.925329e+02,-3.768545e+02,4.586145e+01,-5.399867e+00
24.29900,4.382092e+02,-3.759458e+02,3.924116e+02,-3.704765e+02,4.579763e+01,-5.469216e+00
24.30000,4.380347e+02,-3.693425e+02,3.923004e+02,-3.638087e+02,4.573433e+01,-5.533790e+00
24.30100,4.378737e+02,-3.624685e+02,3.922020e+02,-3.568747e+02,4.567168e+01,-5.593734e+00
24.30200,4.377304e+02,-3.551595e+02,3.921199e+02,-3.495101e+02,4.561051e+01,-5.649381e+00
24.30300,4.375505e+02,-3.482348e+02,3.920012e+02,-3.425342e+02,4.554928e+01,-5.700599e+00
24.30400,4.374176e+02,-3.405537e+02,3.919288e+02,-3.348062e+02,4.548884e+01,-5.747439e+00
24.30500,4.372957e+02,-3.326079e+02,3.918660e+02,-3.268177e+02,4.542967e+01,-5.790128e+00
24.30600,4.371320e+02,-3.248795e+02,3.917605e+02,-3.190511e+02,4.537146e+01,-5.828349e+00
24.30700,4.370160e+02,-3.165815e+02,3.917018e+02,-3.107199e+02,4.531422e+01,-5.861608e+00
24.30800,4.368856e+02,-3.083933e+02,3.916271e+02,-3.025033e+02,4.525846e+01,-5.890007e+00
24.30900,4.367721e+02,-2.997935e+02,3.915678e+02,-2.938803e+02,4.520426e+01,-5.913210e+00
24.31000,4.367531e+02,-2.899729e+02,3.916021e+02,-2.840387e+02,4.515099e+01,-5.934205e+00
24.31100,4.366637e+02,-2.810876e+02,3.915646e+02,-2.751345e+02,4.509903e+01,-5.953162e+00
24.31200,4.365862e+02,-2.720093e+02,3.915373e+02,-2.660410e+02,4.504887e+01,-5.968285e+00
24.31300,4.365220e+02,-2.626479e+02,3.915215e+02,-2.566689e+02,4.500051e+01,-5.979041e+00
24.31400,4.364665e+02,-2.531797e+02,3.915125e+02,-2.471942e+02,4.495393e+01,-5.985506e+00
24.31500,4.364179e+02,-2.434746e+02,3.915087e+02,-2.374867e+02,4.490913e+01,-5.987906e+00
24.31600,4.363787e+02,-2.336269e+02,3.915126e+02,-2.276403e+02,4.486611e+01,-5.986550e+00
24.31700,4.363485e+02,-2.236951e+02,3.915235e+02,-2.177135e+02,4.482497e+01,-5.981615e+00
24.31800,4.363261e+02,-2.136310e+02,3.915404e+02,-2.076580e+02,4.478568e+01,-5.972983e+00
24.31900,4.363131e+02,-2.034181e+02,3.915648e+02,-1.974578e+02,4.474830e+01,-5.960325e+00
24.32000,4.363073e+02,-1.930884e+02,3.915945e+02,-1.871449e+02,4.471271e+01,-5.943515e+00
24.32100,4.363132e+02,-1.827496e+02,3.916343e+02,-1.768267e+02,4.467889e+01,-5.922838e+00
24.32200,4.363248e+02,-1.722385e+02,3.916781e+02,-1.663401e+02,4.464672e+01,-5.898392e+00
24.32300,4.363163e+02,-1.615594e+02,3.916999e+02,-1.556891e+02,4.461649e+01,-5.870353e+00
24.32400,4.362794e+02,-1.513362e+02,3.916899e+02,-1.454975e+02,4.458951e+01,-5.838713e+00
24.32500,4.363267e+02,-1.400879e+02,3.917613e+02,-1.342842e+02,4.456535e+01,-5.803724e+00
24.32600,4.363669e+02,-1.292556e+02,3.918239e+02,-1.234913e+02,4.454303e+01,-5.764270e+00
24.32700,4.364041e+02,-1.184647e+02,3.918813e+02,-1.127439e+02,4.452276e+01,-5.720851e+00
24.32800,4.364455e+02,-1.075974e+02,3.919411e+02,-1.019235e+02,4.450441e+01,-5.673901e+00
24.32900,4.364899e+02,-9.668093e+01,3.920020e+02,-9.105727e+01,4.448789e+01,-5.623643e+00
24.33000,4.365371e+02,-8.573720e+01,3.920639e+02,-8.016700e+01,4.447313e+01,-5.570173e+00
24.33100,4.366051e+02,-7.476253e+01,3.921449e+02,-6.924933e+01,4.446027e+01,-5.513187e+00
24.33200,4.366467e+02,-6.386863e+01,3.921977e+02,-5.841538e+01,4.444905e+01,-5.453243e+00
24.33300,4.367061e+02,-5.285633e+01,3.922667e+02,-4.746609e+01,4.443937e+01,-5.390235e+00
24.33400,4.367619e+02,-4.186020e+01,3.923309e+02,-3.653539e+01,4.443093e+01,-5.324811e+00
24.33500,4.368449e+02,-3.088475e+01,3.924206e+02,-2.562851e+01,4.442426e+01,-5.256242e+00
24.33600,4.368813e+02,-1.983052e+01,3.924622e+02,-1.464589e+01,4.441906e+01,-5.184633e+00
24.33700,4.369585e+02,-8.874100e+00,3.925433e+02,-3.763602e+00,4.441517e+01,-5.110499e+00
24.33800,4.370239e+02,1.880455e+00,3.926113e+02,6.913800e+00,4.441257e+01,-5.033343e+00
24.33900,4.370937e+02,1.271347e+01,3.926823e+02,1.766677e+01,4.441142e+01,-4.953307e+00
24.34000,4.371651e+02,2.362431e+01,3.927537e+02,2.849473e+01,4.441135e+01,-4.870417e+00
24.34100,4.372305e+02,3.442719e+01,3.928183e+02,3.921208e+01,4.441215e+01,-4.784881e+00
24.34200,4.373151e+02,4.517269e+01,3.929011e+02,4.986967e+01,4.441403e+01,-4.696987e+00
24.34300,4.373847e+02,5.588918e+01,3.929677e+02,6.049583e+01,4.441703e+01,-4.606645e+00
24.34400,4.374542e+02,6.646749e+01,3.930333e+02,7.098127e+01,4.442087e+01,-4.513773e+00
24.34500,4.375231e+02,7.699567e+01,3.930977e+02,8.141393e+01,4.442546e+01,-4.418258e+00
24.34600,4.375891e+02,8.741187e+01,3.931584e+02,9.173213e+01,4.443071e+01,-4.320220e+00
24.34700,4.376582e+02,9.778033e+01,3.932216e+02,1.020001e+02,4.443660e+01,-4.219719e+00
24.34800,4.377201e+02,1.080570e+02,3.932771e+02,1.121738e+02,4.444300e+01,-4.116787e+00
24.34900,4.377811e+02,1.182572e+02,3.933312e+02,1.222689e+02,4.444984e+01,-4.011771e+00
24.35000,4.378390e+02,1.283027e+02,3.933819e+02,1.322077e+02,4.445711e+01,-3.905063e+00
24.35100,4.378915e+02,1.381817e+02,3.934269e+02,1.419783e+02,4.446467e+01,-3.796610e+00
24.35200,4.379565e+02,1.482754e+02,3.934840e+02,1.519611e+02,4.447251e+01,-3.685703e+00
24.35300,4.380065e+02,1.579787e+02,3.935259e+02,1.615515e+02,4.448058e+01,-3.572773e+00
24.35400,4.380535e+02,1.676202e+02,3.935647e+02,1.710783e+02,4.448877e+01,-3.458103e+00
24.35500,4.381000e+02,1.770867e+02,3.936030e+02,1.804283e+02,4.449697e+01,-3.341593e+00
24.35600,4.381411e+02,1.864578e+02,3.936358e+02,1.896813e+02,4.450523e+01,-3.223418e+00
24.35700,4.381802e+02,1.956990e+02,3.936667e+02,1.988031e+02,4.451347e+01,-3.104059e+00
24.35800,4.382128e+02,2.047878e+02,3.936913e+02,2.077712e+02,4.452155e+01,-2.983390e+00
24.35900,4.382384e+02,2.137237e+02,3.937091e+02,2.165849e+02,4.452933e+01,-2.861214e+00
24.36000,4.382684e+02,2.224899e+02,3.937315e+02,2.252275e+02,4.453690e+01,-2.737724e+00
24.36100,4.382938e+02,2.311425e+02,3.937496e+02,2.337552e+02,4.454424e+01,-2.612711e+00
24.36200,4.383095e+02,2.396363e+02,3.937581e+02,2.421228e+02,4.455133e+01,-2.486425e+00
24.36300,4.383214e+02,2.479848e+02,3.937635e+02,2.503439e+02,4.455796e+01,-2.359103e+00
24.36400,4.383325e+02,2.561343e+02,3.937683e+02,2.583653e+02,4.456413e+01,-2.231015e+00
24.36500,4.383355e+02,2.641002e+02,3.937657e+02,2.662021e+02,4.456979e+01,-2.101920e+00
24.36600,4.383351e+02,2.719103e+02,3.937602e+02,2.738820e+02,4.457491e+01,-1.971716e+00
24.36700,4.383327e+02,2.795175e+02,3.937533e+02,2.813581e+02,4.457935e+01,-1.840614e+00
24.36800,4.383229e+02,2.869209e+02,3.937396e+02,2.886295e+02,4.458329e+01,-1.708661e+00
24.36900,4.383022e+02,2.941883e+02,3.937155e+02,2.957643e+02,4.458669e+01,-1.575999e+00
24.37000,4.382851e+02,3.012810e+02,3.936956e+02,3.027237e+02,4.458955e+01,-1.442787e+00
24.37100,4.382596e+02,3.081571e+02,3.936678e+02,3.094665e+02,4.459182e+01,-1.309354e+00
24.37200,4.382285e+02,3.147273e+02,3.936349e+02,3.159029e+02,4.459355e+01,-1.175605e+00
24.37300,4.382261e+02,3.212579e+02,3.936316e+02,3.222993e+02,4.459444e+01,-1.041345e+00
24.37400,4.382090e+02,3.271889e+02,3.936147e+02,3.280963e+02,4.459429e+01,-9.074073e-01
24.37500,4.381627e+02,3.333570e+02,3.935693e+02,3.341299e+02,4.459336e+01,-7.728307e-01
24.37600,4.381225e+02,3.392168e+02,3.935308e+02,3.398546e+02,4.459169e+01,-6.377871e-01
24.37700,4.380753e+02,3.447972e+02,3.934860e+02,3.452997e+02,4.458931e+01,-5.025125e-01
24.37800,4.380287e+02,3.502070e+02,3.934425e+02,3.505745e+02,4.458627e+01,-3.674506e-01
24.37900,4.379799e+02,3.553964e+02,3.933973e+02,3.556287e+02,4.458254e+01,-2.322208e-01
24.38000,4.379369e+02,3.604461e+02,3.933588e+02,3.605425e+02,4.457807e+01,-9.645773e-02
24.38100,4.378463e+02,3.646301e+02,3.932731e+02,3.645915e+02,4.457319e+01,3.862667e-02
24.38200,4.377922e+02,3.691955e+02,3.932245e+02,3.690223e+02,4.456776e+01,1.731017e-01
24.38300,4.377391e+02,3.734502e+02,3.931775e+02,3.731426e+02,4.456165e+01,3.075937e-01
24.38400,4.376787e+02,3.774349e+02,3.931238e+02,3.769929e+02,4.455493e+01,4.420337e-01
24.38500,4.376187e+02,3.811308e+02,3.930710e+02,3.805547e+02,4.454766e+01,5.760125e-01
24.38600,4.375556e+02,3.845845e+02,3.930157e+02,3.838749e+02,4.453994e+01,7.095833e-01
24.38700,4.374655e+02,3.878867e+02,3.929334e+02,3.870438e+02,4.453210e+01,8.428740e-01
24.38800,4.374371e+02,3.905739e+02,3.929131e+02,3.895987e+02,4.452390e+01,9.752473e-01
24.38900,4.373753e+02,3.933482e+02,3.928601e+02,3.922407e+02,4.451524e+01,1.107446e+00
24.39000,4.372908e+02,3.954750e+02,3.927843e+02,3.942363e+02,4.450650e+01,1.238757e+00
24.39100,4.372417e+02,3.979573e+02,3.927443e+02,3.965885e+02,4.449741e+01,1.368687e+00
24.39200,4.371775e+02,3.998179e+02,3.926901e+02,3.983205e+02,4.448745e+01,1.497413e+00
24.39300,4.371144e+02,4.014235e+02,3.926371e+02,3.997985e+02,4.447732e+01,1.625071e+00
24.39400,4.370355e+02,4.026765e+02,3.925687e+02,4.009249e+02,4.446691e+01,1.751588e+00
24.39500,4.369907e+02,4.041121e+02,3.925341e+02,4.022349e+02,4.445657e+01,1.877235e+00
24.39600,4.369548e+02,4.046275e+02,3.925087e+02,4.026260e+02,4.444607e+01,2.001478e+00
24.39700,4.369074e+02,4.054665e+02,3.924723e+02,4.033443e+02,4.443509e+01,2.122191e+00
24.39800,4.368082e+02,4.049707e+02,3.923823e+02,4.027292e+02,4.442583e+01,2.241467e+00
24.39900,4.367441e+02,4.051399e+02,3.923263e+02,4.027803e+02,4.441773e+01,2.359607e+00
24.40000,4.367581e+02,4.039889e+02,3.923484e+02,4.015113e+02,4.440976e+01,2.477503e+00
24.40100,4.367335e+02,4.032006e+02,3.923317e+02,4.006047e+02,4.440175e+01,2.595943e+00
24.40200,4.367069e+02,4.023313e+02,3.923125e+02,3.996180e+02,4.439445e+01,2.713296e+00
24.40300,4.366839e+02,4.008275e+02,3.922959e+02,3.979988e+02,4.438799e+01,2.828735e+00
24.40400,4.366719e+02,3.992776e+02,3.922900e+02,3.963348e+02,4.438195e+01,2.942757e+00
24.40500,4.366042e+02,3.974953e+02,3.922277e+02,3.944401e+02,4.437647e+01,3.055205e+00
24.40600,4.366023e+02,3.951964e+02,3.922305e+02,3.920306e+02,4.437175e+01,3.165771e+00
24.40700,4.366067e+02,3.925183e+02,3.922384e+02,3.892440e+02,4.436829e+01,3.274342e+00
24.40800,4.366181e+02,3.894751e+02,3.922519e+02,3.860940e+02,4.436613e+01,3.381171e+00
24.40900,4.366141e+02,3.864162e+02,3.922489e+02,3.829304e+02,4.436531e+01,3.485756e+00
24.41000,4.366351e+02,3.829371e+02,3.922697e+02,3.793492e+02,4.436543e+01,3.587914e+00
24.41100,4.366705e+02,3.791012e+02,3.923036e+02,3.754138e+02,4.436687e+01,3.687399e+00
24.41200,4.367116e+02,3.749731e+02,3.923419e+02,3.711885e+02,4.436968e+01,3.784554e+00
24.41300,4.367976e+02,3.700367e+02,3.924241e+02,3.661577e+02,4.437359e+01,3.879045e+00
24.41400,4.368199e+02,3.650972e+02,3.924409e+02,3.611272e+02,4.437899e+01,3.970019e+00
24.41500,4.368908e+02,3.603598e+02,3.925033e+02,3.563007e+02,4.438745e+01,4.059079e+00
24.41600,4.369568e+02,3.548867e+02,3.925585e+02,3.507418e+02,4.439832e+01,4.144973e+00
24.41700,4.370392e+02,3.490725e+02,3.926281e+02,3.448449e+02,4.441105e+01,4.227643e+00
24.41800,4.371312e+02,3.430870e+02,3.927054e+02,3.387800e+02,4.442581e+01,4.307052e+00
24.41900,4.372320e+02,3.366920e+02,3.927893e+02,3.323090e+02,4.444271e+01,4.382969e+00
24.42000,4.373409e+02,3.299735e+02,3.928791e+02,3.255181e+02,4.446179e+01,4.455351e+00
24.42100,4.374631e+02,3.229691e+02,3.929799e+02,3.184449e+02,4.448315e+01,4.524175e+00
24.42200,4.375900e+02,3.157646e+02,3.930830e+02,3.111759e+02,4.450695e+01,4.588681e+00
24.42300,4.377310e+02,3.079881e+02,3.931986e+02,3.033382e+02,4.453245e+01,4.649893e+00
24.42400,4.378651e+02,3.001837e+02,3.933051e+02,2.954756e+02,4.456000e+01,4.708099e+00
24.42500,4.380223e+02,2.919158e+02,3.934326e+02,2.871529e+02,4.458965e+01,4.762859e+00
24.42600,4.382003e+02,2.836069e+02,3.935783e+02,2.787934e+02,4.462197e+01,4.813541e+00
24.42700,4.383431e+02,2.752520e+02,3.936864e+02,2.703911e+02,4.465663e+01,4.860891e+00
24.42800,4.385414e+02,2.661453e+02,3.938477e+02,2.612417e+02,4.469372e+01,4.903624e+00
24.42900,4.387177e+02,2.568968e+02,3.939845e+02,2.519549e+02,4.473324e+01,4.941811e+00
24.43000,4.389052e+02,2.475061e+02,3.941302e+02,2.425301e+02,4.477500e+01,4.975943e+00
24.43100,4.391171e+02,2.371952e+02,3.942983e+02,2.321903e+02,4.481881e+01,5.004875e+00
24.43200,4.393443e+02,2.273871e+02,3.944791e+02,2.223576e+02,4.486517e+01,5.029526e+00
24.43300,4.395588e+02,2.170638e+02,3.946450e+02,2.120141e+02,4.491380e+01,5.049643e+00
24.43400,4.397815e+02,2.065142e+02,3.948170e+02,2.014493e+02,4.496451e+01,5.064961e+00
24.43500,4.400043e+02,1.957765e+02,3.949871e+02,1.907011e+02,4.501717e+01,5.075377e+00
24.43600,4.402425e+02,1.849379e+02,3.951707e+02,1.798571e+02,4.507184e+01,5.080777e+00
24.43700,4.404802e+02,1.736843e+02,3.953518e+02,1.686032e+02,4.512839e+01,5.081171e+00
24.43800,4.407192e+02,1.623269e+02,3.955325e+02,1.572501e+02,4.518674e+01,5.076747e+00
24.43900,4.409672e+02,1.507865e+02,3.957205e+02,1.457194e+02,4.524673e+01,5.067184e+00
24.44000,4.412175e+02,1.390574e+02,3.959093e+02,1.340053e+02,4.530829e+01,5.052111e+00
24.44100,4.414626e+02,1.271377e+02,3.960915e+02,1.221061e+02,4.537115e+01,5.031639e+00
24.44200,4.417235e+02,1.149555e+02,3.962884e+02,1.099497e+02,4.543511e+01,5.005804e+00
24.44300,4.419767e+02,1.030133e+02,3.964757e+02,9.803793e+01,4.550111e+01,4.975420e+00
24.44400,4.422208e+02,9.065793e+01,3.966526e+02,8.571773e+01,4.556817e+01,4.940209e+00
24.44500,4.424962e+02,7.811067e+01,3.968603e+02,7.321113e+01,4.563598e+01,4.899523e+00
24.44600,4.427558e+02,6.557334e+01,3.970508e+02,6.071958e+01,4.570501e+01,4.853763e+00
24.44700,4.430057e+02,5.294862e+01,3.972311e+02,4.814547e+01,4.577457e+01,4.803151e+00
24.44800,4.432620e+02,4.006604e+01,3.974176e+02,3.531871e+01,4.584444e+01,4.747332e+00
24.44900,4.435114e+02,2.721039e+01,3.975966e+02,2.252449e+01,4.591479e+01,4.685891e+00
24.45000,4.437587e+02,1.429602e+01,3.977734e+02,9.677047e+00,4.598526e+01,4.618967e+00
24.45100,4.439995e+02,1.375884e+00,3.979439e+02,-3.170947e+00,4.605569e+01,4.546831e+00
24.45200,4.442362e+02,-1.160259e+01,3.981103e+02,-1.607189e+01,4.612595e+01,4.469292e+00
24.45300,4.444681e+02,-2.466788e+01,3.982722e+02,-2.905436e+01,4.619587e+01,4.386485e+00
24.45400,4.446975e+02,-3.766438e+01,3.984321e+02,-4.196337e+01,4.626535e+01,4.299000e+00
24.45500,4.449122e+02,-5.053813e+01,3.985781e+02,-5.474497e+01,4.633410e+01,4.206833e+00
24.45600,4.451331e+02,-6.381457e+01,3.987312e+02,-6.792393e+01,4.640189e+01,4.109363e+00
24.45700,4.453456e+02,-7.675993e+01,3.988765e+02,-8.076673e+01,4.646903e+01,4.006801e+00
24.45800,4.455369e+02,-8.972380e+01,3.990019e+02,-9.362320e+01,4.653494e+01,3.899413e+00
24.45900,4.457449e+02,-1.026391e+02,3.991451e+02,-1.064272e+02,4.659979e+01,3.788084e+00
24.46000,4.459255e+02,-1.154067e+02,3.992619e+02,-1.190791e+02,4.666362e+01,3.672397e+00
24.46100,4.460999e+02,-1.281639e+02,3.993739e+02,-1.317162e+02,4.672591e+01,3.552357e+00
24.46200,4.462546e+02,-1.407484e+02,3.994682e+02,-1.441767e+02,4.678640e+01,3.428223e+00
24.46300,4.464222e+02,-1.533619e+02,3.995769e+02,-1.566620e+02,4.684530e+01,3.300017e+00
24.46400,4.465642e+02,-1.657765e+02,3.996618e+02,-1.689442e+02,4.690242e+01,3.167759e+00
24.46500,4.466961e+02,-1.780551e+02,3.997387e+02,-1.810863e+02,4.695743e+01,3.031212e+00
24.46600,4.468136e+02,-1.901789e+02,3.998034e+02,-1.930696e+02,4.701023e+01,2.890701e+00
24.46700,4.469258e+02,-2.021167e+02,3.998650e+02,-2.048635e+02,4.706077e+01,2.746816e+00
24.46800,4.470249e+02,-2.139234e+02,3.999159e+02,-2.165233e+02,4.710903e+01,2.599904e+00
24.46900,4.471119e+02,-2.254760e+02,3.999572e+02,-2.279255e+02,4.715479e+01,2.449503e+00
24.47000,4.471961e+02,-2.368913e+02,3.999982e+02,-2.391871e+02,4.719792e+01,2.295859e+00
24.47100,4.472284e+02,-2.481603e+02,3.999901e+02,-2.502997e+02,4.723835e+01,2.139408e+00
24.47200,4.472631e+02,-2.590362e+02,3.999865e+02,-2.610164e+02,4.727653e+01,1.980213e+00
24.47300,4.472997e+02,-2.697409e+02,3.999877e+02,-2.715589e+02,4.731209e+01,1.817879e+00
24.47400,4.473142e+02,-2.801491e+02,3.999695e+02,-2.818023e+02,4.734471e+01,1.653269e+00
24.47500,4.473333e+02,-2.905041e+02,3.999587e+02,-2.919911e+02,4.737470e+01,1.486955e+00
24.47600,4.473261e+02,-3.004103e+02,3.999243e+02,-3.017289e+02,4.740177e+01,1.318641e+00
24.47700,4.473133e+02,-3.101293e+02,3.998873e+02,-3.112777e+02,4.742595e+01,1.148388e+00
24.47800,4.472779e+02,-3.194851e+02,3.998308e+02,-3.204616e+02,4.744715e+01,9.765213e-01
24.47900,4.472362e+02,-3.285987e+02,3.997709e+02,-3.294018e+02,4.746535e+01,8.031347e-01
24.48000,4.471760e+02,-3.373717e+02,3.996955e+02,-3.380001e+02,4.748054e+01,6.283939e-01
24.48100,4.471047e+02,-3.458293e+02,3.996120e+02,-3.462823e+02,4.749265e+01,4.529643e-01
24.48200,4.470140e+02,-3.540116e+02,3.995123e+02,-3.542892e+02,4.750171e+01,2.775460e-01
24.48300,4.469331e+02,-3.623273e+02,3.994253e+02,-3.624266e+02,4.750774e+01,9.929813e-02
24.48400,4.468165e+02,-3.698405e+02,3.993058e+02,-3.697611e+02,4.751073e+01,-7.939913e-02
24.48500,4.467316e+02,-3.765687e+02,3.992211e+02,-3.763113e+02,4.751056e+01,-2.573434e-01
24.48600,4.466341e+02,-3.831181e+02,3.991271e+02,-3.826835e+02,4.750699e+01,-4.344825e-01
24.48700,4.464841e+02,-3.896923e+02,3.989840e+02,-3.890807e+02,4.750009e+01,-6.116005e-01
24.48800,4.462713e+02,-3.953947e+02,3.987805e+02,-3.946079e+02,4.749085e+01,-7.869020e-01
24.48900,4.461115e+02,-4.012829e+02,3.986328e+02,-4.003215e+02,4.747870e+01,-9.613700e-01
24.49000,4.459403e+02,-4.066861e+02,3.984767e+02,-4.055508e+02,4.746357e+01,-1.135321e+00
24.49100,4.457603e+02,-4.117791e+02,3.983146e+02,-4.104703e+02,4.744561e+01,-1.308714e+00
24.49200,4.455692e+02,-4.164151e+02,3.981445e+02,-4.149340e+02,4.742477e+01,-1.481095e+00
24.49300,4.453694e+02,-4.207081e+02,3.979683e+02,-4.190556e+02,4.740113e+01,-1.652452e+00
24.49400,4.451449e+02,-4.245415e+02,3.977700e+02,-4.227191e+02,4.737491e+01,-1.822451e+00
24.49500,4.449529e+02,-4.283443e+02,3.976071e+02,-4.263537e+02,4.734581e+01,-1.990673e+00
24.49600,4.447542e+02,-4.318977e+02,3.974400e+02,-4.297408e+02,4.731415e+01,-2.156932e+00
24.49700,4.444915e+02,-4.341333e+02,3.972115e+02,-4.318132e+02,4.727997e+01,-2.320070e+00
24.49800,4.442448e+02,-4.365016e+02,3.970017e+02,-4.340209e+02,4.724301e+01,-2.480699e+00
24.49900,4.440301e+02,-4.387428e+02,3.968268e+02,-4.361037e+02,4.720333e+01,-2.639065e+00
24.50000,4.438005e+02,-4.400969e+02,3.966384e+02,-4.373030e+02,4.716214e+01,-2.793895e+00
24.50100,4.435499e+02,-4.413764e+02,3.964314e+02,-4.384302e+02,4.711848e+01,-2.946212e+00
24.50200,4.432919e+02,-4.422406e+02,3.962197e+02,-4.391453e+02,4.707218e+01,-3.095292e+00
24.50300,4.430647e+02,-4.430331e+02,3.960409e+02,-4.397923e+02,4.702381e+01,-3.240813e+00
24.50400,4.428263e+02,-4.433443e+02,3.958531e+02,-4.399623e+02,4.697317e+01,-3.382080e+00
24.50500,4.425229e+02,-4.424132e+02,3.956027e+02,-4.388922e+02,4.692027e+01,-3.521017e+00
24.50600,4.422717e+02,-4.418453e+02,3.954039e+02,-4.381865e+02,4.686786e+01,-3.658709e+00
24.50700,4.420358e+02,-4.406431e+02,3.952211e+02,-4.368491e+02,4.681469e+01,-3.793987e+00
24.50800,4.417071e+02,-4.396985e+02,3.949475e+02,-4.357722e+02,4.675966e+01,-3.926316e+00
24.50900,4.414945e+02,-4.381027e+02,3.947909e+02,-4.340470e+02,4.670357e+01,-4.055643e+00
24.51000,4.412639e+02,-4.362107e+02,3.946181e+02,-4.320301e+02,4.664575e+01,-4.180683e+00
24.51100,4.409668e+02,-4.324800e+02,3.943801e+02,-4.281795e+02,4.658667e+01,-4.300416e+00
24.51200,4.407301e+02,-4.306162e+02,3.942029e+02,-4.261999e+02,4.652717e+01,-4.416363e+00
24.51300,4.404871e+02,-4.272938e+02,3.940199e+02,-4.227653e+02,4.646719e+01,-4.528517e+00
24.51400,4.402289e+02,-4.242061e+02,3.938233e+02,-4.195685e+02,4.640551e+01,-4.637601e+00
24.51500,4.399964e+02,-4.202878e+02,3.936533e+02,-4.155449e+02,4.634311e+01,-4.742961e+00
24.51600,4.397761e+02,-4.163835e+02,3.934964e+02,-4.115390e+02,4.627971e+01,-4.844489e+00
24.51700,4.395311e+02,-4.119335e+02,3.933154e+02,-4.069918e+02,4.621567e+01,-4.941673e+00
24.51800,4.393101e+02,-4.072111e+02,3.931586e+02,-4.021766e+02,4.615151e+01,-5.034473e+00
24.51900,4.390946e+02,-4.023653e+02,3.930075e+02,-3.972422e+02,4.608715e+01,-5.123097e+00
24.52000,4.388869e+02,-3.968547e+02,3.928641e+02,-3.916473e+02,4.602273e+01,-5.207394e+00
24.52100,4.386837e+02,-3.912790e+02,3.927253e+02,-3.859917e+02,4.595829e+01,-5.287265e+00
24.52200,4.384925e+02,-3.854068e+02,3.925984e+02,-3.800439e+02,4.589406e+01,-5.362935e+00
24.52300,4.383015e+02,-3.791415e+02,3.924714e+02,-3.737070e+02,4.583007e+01,-5.434506e+00
24.52400,4.381259e+02,-3.727729e+02,3.923594e+02,-3.672714e+02,4.576650e+01,-5.501538e+00
24.52500,4.379508e+02,-3.660194e+02,3.922474e+02,-3.604556e+02,4.570343e+01,-5.563811e+00
24.52600,4.377987e+02,-3.589779e+02,3.921574e+02,-3.533563e+02,4.564136e+01,-5.621555e+00
24.52700,4.376291e+02,-3.519559e+02,3.920486e+02,-3.462808e+02,4.558045e+01,-5.675082e+00
24.52800,4.374987e+02,-3.443062e+02,3.919793e+02,-3.385821e+02,4.551949e+01,-5.724123e+00
24.52900,4.373592e+02,-3.366963e+02,3.918995e+02,-3.309273e+02,4.545961e+01,-5.768919e+00
24.53000,4.372306e+02,-3.287377e+02,3.918295e+02,-3.229282e+02,4.540107e+01,-5.809471e+00
24.53100,4.370680e+02,-3.208489e+02,3.917249e+02,-3.150035e+02,4.534313e+01,-5.845311e+00
24.53200,4.369485e+02,-3.126207e+02,3.916618e+02,-3.067445e+02,4.528665e+01,-5.876167e+00
24.53300,4.368216e+02,-3.042388e+02,3.915899e+02,-2.983369e+02,4.523167e+01,-5.901979e+00
24.53400,4.367595e+02,-2.949995e+02,3.915814e+02,-2.890759e+02,4.517803e+01,-5.923565e+00
24.53500,4.367082e+02,-2.857787e+02,3.915829e+02,-2.798347e+02,4.512525e+01,-5.943980e+00
24.53600,4.366254e+02,-2.766537e+02,3.915513e+02,-2.706927e+02,4.507419e+01,-5.961095e+00
24.53700,4.365568e+02,-2.674083e+02,3.915319e+02,-2.614342e+02,4.502492e+01,-5.974133e+00
24.53800,4.364935e+02,-2.580012e+02,3.915161e+02,-2.520185e+02,4.497741e+01,-5.982725e+00
24.53900,4.364413e+02,-2.484684e+02,3.915097e+02,-2.424812e+02,4.493171e+01,-5.987188e+00
24.54000,4.363967e+02,-2.387293e+02,3.915089e+02,-2.327416e+02,4.488777e+01,-5.987697e+00
24.54100,4.363636e+02,-2.287696e+02,3.915179e+02,-2.227850e+02,4.484569e+01,-5.984590e+00
24.54200,4.363369e+02,-2.188079e+02,3.915315e+02,-2.128301e+02,4.480545e+01,-5.977854e+00
24.54300,4.363231e+02,-2.085928e+02,3.915559e+02,-2.026255e+02,4.476711e+01,-5.967315e+00
24.54400,4.363101e+02,-1.983670e+02,3.915795e+02,-1.924145e+02,4.473061e+01,-5.952583e+00
24.54500,4.363094e+02,-1.879784e+02,3.916135e+02,-1.820445e+02,4.469589e+01,-5.933827e+00
24.54600,4.363199e+02,-1.775923e+02,3.916570e+02,-1.716810e+02,4.466289e+01,-5.911309e+00
24.54700,4.363203e+02,-1.670215e+02,3.916886e+02,-1.611364e+02,4.463164e+01,-5.885080e+00
24.54800,4.362832e+02,-1.563211e+02,3.916805e+02,-1.504659e+02,4.460270e+01,-5.855125e+00
24.54900,4.362855e+02,-1.460398e+02,3.917080e+02,-1.402177e+02,4.457746e+01,-5.822121e+00
24.55000,4.363459e+02,-1.348255e+02,3.917919e+02,-1.290407e+02,4.455413e+01,-5.784894e+00
24.55100,4.363845e+02,-1.239479e+02,3.918516e+02,-1.182045e+02,4.453283e+01,-5.743409e+00
24.55200,4.364232e+02,-1.131448e+02,3.919097e+02,-1.074465e+02,4.451351e+01,-5.698235e+00
24.55300,4.364695e+02,-1.022307e+02,3.919735e+02,-9.658113e+01,4.449609e+01,-5.649624e+00
24.55400,4.365127e+02,-9.131773e+01,3.920322e+02,-8.571993e+01,4.448043e+01,-5.597809e+00
24.55500,4.365656e+02,-8.035427e+01,3.920991e+02,-7.481160e+01,4.446655e+01,-5.542663e+00
24.55600,4.366212e+02,-6.941993e+01,3.921667e+02,-6.393579e+01,4.445458e+01,-5.484111e+00
24.55700,4.366757e+02,-5.847374e+01,3.922317e+02,-5.305103e+01,4.444410e+01,-5.422715e+00
24.55800,4.367333e+02,-4.748689e+01,3.922982e+02,-4.212837e+01,4.443504e+01,-5.358523e+00
24.55900,4.367965e+02,-3.642792e+01,3.923691e+02,-3.113642e+01,4.442738e+01,-5.291505e+00
24.56000,4.368494e+02,-2.541294e+01,3.924278e+02,-2.019147e+01,4.442156e+01,-5.221462e+00
24.56100,4.369189e+02,-1.445997e+01,3.925019e+02,-9.311420e+00,4.441697e+01,-5.148550e+00
24.56200,4.369945e+02,-3.306791e+00,3.925808e+02,1.766133e+00,4.441365e+01,-5.072925e+00
24.56300,4.370587e+02,7.207487e+00,3.926468e+02,1.220190e+01,4.441187e+01,-4.994411e+00
24.56400,4.371297e+02,1.807316e+01,3.927185e+02,2.298613e+01,4.441126e+01,-4.912969e+00
24.56500,4.371997e+02,2.895583e+01,3.927880e+02,3.378457e+01,4.441167e+01,-4.828747e+00
24.56600,4.372705e+02,3.956157e+01,3.928576e+02,4.430363e+01,4.441289e+01,-4.742054e+00
24.56700,4.373493e+02,5.042389e+01,3.929340e+02,5.507681e+01,4.441539e+01,-4.652923e+00
24.56800,4.374189e+02,6.109939e+01,3.930000e+02,6.566079e+01,4.441882e+01,-4.561407e+00
24.56900,4.374877e+02,7.166387e+01,3.930646e+02,7.613107e+01,4.442304e+01,-4.467200e+00
24.57000,4.375567e+02,8.215287e+01,3.931287e+02,8.652333e+01,4.442797e+01,-4.370425e+00
24.57100,4.376229e+02,9.251000e+01,3.931893e+02,9.678120e+01,4.443353e+01,-4.271201e+00
24.57200,4.376888e+02,1.028715e+02,3.932491e+02,1.070410e+02,4.443969e+01,-4.169463e+00
24.57300,4.377508e+02,1.130841e+02,3.933045e+02,1.171495e+02,4.444631e+01,-4.065468e+00
24.57400,4.378102e+02,1.232089e+02,3.933569e+02,1.271684e+02,4.445337e+01,-3.959560e+00
24.57500,4.378657e+02,1.331855e+02,3.934049e+02,1.370376e+02,4.446079e+01,-3.852051e+00
24.57600,4.379259e+02,1.432575e+02,3.934573e+02,1.469999e+02,4.446848e+01,-3.742415e+00
24.57700,4.379821e+02,1.530618e+02,3.935057e+02,1.566923e+02,4.447645e+01,-3.630488e+00
24.57800,4.380301e+02,1.626779e+02,3.935455e+02,1.661945e+02,4.448459e+01,-3.516683e+00
24.57900,4.380731e+02,1.723199e+02,3.935803e+02,1.757211e+02,4.449277e+01,-3.401139e+00
24.58000,4.381201e+02,1.817166e+02,3.936191e+02,1.850003e+02,4.450103e+01,-3.283737e+00
24.58100,4.381588e+02,1.909937e+02,3.936495e+02,1.941587e+02,4.450927e+01,-3.164931e+00
24.58200,4.381958e+02,2.001868e+02,3.936783e+02,2.032318e+02,4.451747e+01,-3.045013e+00
24.58300,4.382249e+02,2.091917e+02,3.936994e+02,2.121153e+02,4.452541e+01,-2.923563e+00
24.58400,4.382558e+02,2.180847e+02,3.937227e+02,2.208854e+02,4.453308e+01,-2.800771e+00
24.58500,4.382804e+02,2.267584e+02,3.937399e+02,2.294349e+02,4.454051e+01,-2.676517e+00
24.58600,4.383006e+02,2.353196e+02,3.937529e+02,2.378705e+02,4.454777e+01,-2.550873e+00
24.58700,4.383160e+02,2.437714e+02,3.937613e+02,2.461954e+02,4.455465e+01,-2.423985e+00
24.58800,4.383273e+02,2.520077e+02,3.937662e+02,2.543039e+02,4.456104e+01,-2.296302e+00
24.58900,4.383336e+02,2.600859e+02,3.937667e+02,2.622537e+02,4.456698e+01,-2.167787e+00
24.59000,4.383363e+02,2.679370e+02,3.937639e+02,2.699751e+02,4.457238e+01,-2.038089e+00
24.59100,4.383315e+02,2.756537e+02,3.937543e+02,2.775612e+02,4.457717e+01,-1.907467e+00
24.59200,4.383315e+02,2.832129e+02,3.937501e+02,2.849888e+02,4.458135e+01,-1.775895e+00
24.59300,4.383141e+02,2.905225e+02,3.937291e+02,2.921661e+02,4.458502e+01,-1.643643e+00
24.59400,4.382941e+02,2.976931e+02,3.937060e+02,2.992037e+02,4.458817e+01,-1.510634e+00
24.59500,4.382736e+02,3.046918e+02,3.936829e+02,3.060691e+02,4.459074e+01,-1.377310e+00
24.59600,4.382441e+02,3.114217e+02,3.936513e+02,3.126653e+02,4.459273e+01,-1.243706e+00
24.59700,4.382314e+02,3.180353e+02,3.936373e+02,3.191451e+02,4.459411e+01,-1.109729e+00
24.59800,4.382325e+02,3.240469e+02,3.936381e+02,3.250225e+02,4.459447e+01,-9.756333e-01
24.59900,4.381869e+02,3.302692e+02,3.935929e+02,3.311106e+02,4.459393e+01,-8.414353e-01
24.60000,4.381439e+02,3.362464e+02,3.935513e+02,3.369530e+02,4.459263e+01,-7.065840e-01
24.60100,4.380997e+02,3.419879e+02,3.935091e+02,3.425592e+02,4.459061e+01,-5.713678e-01
24.60200,4.380529e+02,3.474917e+02,3.934651e+02,3.479279e+02,4.458789e+01,-4.362099e-01
24.60300,4.380040e+02,3.527777e+02,3.934195e+02,3.530788e+02,4.458453e+01,-3.010780e-01
24.60400,4.379585e+02,3.579057e+02,3.933781e+02,3.580714e+02,4.458044e+01,-1.656645e-01
24.60500,4.378909e+02,3.624957e+02,3.933152e+02,3.625257e+02,4.457570e+01,-2.995410e-02
24.60600,4.378192e+02,3.668811e+02,3.932486e+02,3.667765e+02,4.457061e+01,1.046841e-01
24.60700,4.377663e+02,3.713451e+02,3.932015e+02,3.711060e+02,4.456483e+01,2.391022e-01
24.60800,4.377103e+02,3.754073e+02,3.931519e+02,3.750337e+02,4.455843e+01,3.736313e-01
24.60900,4.376506e+02,3.793013e+02,3.930991e+02,3.787934e+02,4.455143e+01,5.078664e-01
24.61000,4.375892e+02,3.829033e+02,3.930453e+02,3.822616e+02,4.454392e+01,6.416777e-01
24.61100,4.375103e+02,3.863845e+02,3.929743e+02,3.856094e+02,4.453601e+01,7.751520e-01
24.61200,4.374555e+02,3.891973e+02,3.929274e+02,3.882893e+02,4.452817e+01,9.079400e-01
24.61300,4.374101e+02,3.919912e+02,3.928904e+02,3.909510e+02,4.451968e+01,1.040155e+00
24.61400,4.373275e+02,3.943310e+02,3.928165e+02,3.931589e+02,4.451093e+01,1.172111e+00
24.61500,4.372900e+02,3.966551e+02,3.927877e+02,3.953523e+02,4.450227e+01,1.302773e+00
24.61600,4.372066e+02,3.989675e+02,3.927141e+02,3.975355e+02,4.449257e+01,1.432024e+00
24.61700,4.371440e+02,4.006447e+02,3.926615e+02,3.990845e+02,4.448250e+01,1.560231e+00
24.61800,4.370771e+02,4.020492e+02,3.926048e+02,4.003619e+02,4.447230e+01,1.687301e+00
24.61900,4.370272e+02,4.034661e+02,3.925653e+02,4.016527e+02,4.446189e+01,1.813387e+00
24.62000,4.369894e+02,4.045369e+02,3.925379e+02,4.025983e+02,4.445146e+01,1.938516e+00
24.62100,4.369191e+02,4.045921e+02,3.924785e+02,4.025309e+02,4.444068e+01,2.061111e+00
24.62200,4.368699e+02,4.052863e+02,3.924396e+02,4.031056e+02,4.443030e+01,2.180756e+00
24.62300,4.367785e+02,4.050309e+02,3.923567e+02,4.027311e+02,4.442173e+01,2.299723e+00
24.62400,4.367366e+02,4.047688e+02,3.923227e+02,4.023515e+02,4.441390e+01,2.417303e+00
24.62500,4.367529e+02,4.035461e+02,3.923471e+02,4.010103e+02,4.440577e+01,2.535765e+00
24.62600,4.367175e+02,4.027666e+02,3.923195e+02,4.001129e+02,4.439805e+01,2.653723e+00
24.62700,4.366949e+02,4.014830e+02,3.923037e+02,3.987128e+02,4.439125e+01,2.770230e+00
24.62800,4.366753e+02,4.001865e+02,3.922905e+02,3.973015e+02,4.438487e+01,2.884897e+00
24.62900,4.366313e+02,3.984337e+02,3.922521e+02,3.954355e+02,4.437924e+01,2.998194e+00
24.63000,4.366018e+02,3.964131e+02,3.922278e+02,3.933033e+02,4.437401e+01,3.109750e+00
24.63100,4.366058e+02,3.939255e+02,3.922359e+02,3.907062e+02,4.436990e+01,3.219310e+00
24.63200,4.366120e+02,3.911889e+02,3.922449e+02,3.878617e+02,4.436706e+01,3.327087e+00
24.63300,4.366365e+02,3.878021e+02,3.922709e+02,3.843693e+02,4.436567e+01,3.432815e+00
24.63400,4.366231e+02,3.848435e+02,3.922579e+02,3.813072e+02,4.436521e+01,3.536298e+00
24.63500,4.366494e+02,3.810522e+02,3.922835e+02,3.774151e+02,4.436595e+01,3.637069e+00
24.63600,4.366867e+02,3.770402e+02,3.923185e+02,3.733049e+02,4.436807e+01,3.735362e+00
24.63700,4.367239e+02,3.730217e+02,3.923523e+02,3.691902e+02,4.437154e+01,3.831516e+00
24.63800,4.368065e+02,3.674676e+02,3.924307e+02,3.635436e+02,4.437593e+01,3.924015e+00
24.63900,4.368659e+02,3.630193e+02,3.924831e+02,3.590052e+02,4.438279e+01,4.014089e+00
24.64000,4.369295e+02,3.575853e+02,3.925369e+02,3.534837e+02,4.439257e+01,4.101639e+00
24.64100,4.369972e+02,3.520525e+02,3.925929e+02,3.478666e+02,4.440433e+01,4.185963e+00
24.64200,4.370829e+02,3.461931e+02,3.926649e+02,3.419260e+02,4.441803e+01,4.267047e+00
24.64300,4.371792e+02,3.399458e+02,3.927453e+02,3.356010e+02,4.443384e+01,4.344773e+00
24.64400,4.372849e+02,3.334879e+02,3.928331e+02,3.290689e+02,4.445181e+01,4.418955e+00
24.64500,4.373985e+02,3.266327e+02,3.929265e+02,3.221431e+02,4.447197e+01,4.489611e+00
24.64600,4.375251e+02,3.195126e+02,3.930306e+02,3.149561e+02,4.449455e+01,4.556433e+00
24.64700,4.376409e+02,3.123656e+02,3.931217e+02,3.077465e+02,4.451913e+01,4.619190e+00
24.64800,4.377955e+02,3.042945e+02,3.932497e+02,2.996158e+02,4.454580e+01,4.678717e+00
24.64900,4.379437e+02,2.962224e+02,3.933694e+02,2.914869e+02,4.457427e+01,4.735503e+00
24.65000,4.381117e+02,2.875191e+02,3.935068e+02,2.827310e+02,4.460499e+01,4.788095e+00
24.65100,4.382530e+02,2.796573e+02,3.936143e+02,2.748201e+02,4.463874e+01,4.837263e+00
24.65200,4.384391e+02,2.707746e+02,3.937647e+02,2.658921e+02,4.467449e+01,4.882539e+00
24.65300,4.386289e+02,2.615826e+02,3.939161e+02,2.566597e+02,4.471285e+01,4.922877e+00
24.65400,4.388111e+02,2.522808e+02,3.940576e+02,2.473217e+02,4.475346e+01,4.959089e+00
24.65500,4.390203e+02,2.422572e+02,3.942240e+02,2.372664e+02,4.479629e+01,4.990802e+00
24.65600,4.392331e+02,2.324927e+02,3.943918e+02,2.274753e+02,4.484125e+01,5.017500e+00
24.65700,4.394489e+02,2.222861e+02,3.945601e+02,2.172461e+02,4.488878e+01,5.039991e+00
24.65800,4.396675e+02,2.118902e+02,3.947290e+02,2.068325e+02,4.493844e+01,5.057737e+00
24.65900,4.398892e+02,2.012745e+02,3.948991e+02,1.962037e+02,4.499012e+01,5.070709e+00
24.66000,4.401189e+02,1.905465e+02,3.950752e+02,1.854679e+02,4.504375e+01,5.078632e+00
24.66100,4.403546e+02,1.794103e+02,3.952553e+02,1.743287e+02,4.509937e+01,5.081573e+00
24.66200,4.405984e+02,1.680915e+02,3.954415e+02,1.630119e+02,4.515685e+01,5.079619e+00
24.66300,4.408419e+02,1.566799e+02,3.956260e+02,1.516071e+02,4.521599e+01,5.072751e+00
24.66400,4.410892e+02,1.450702e+02,3.958125e+02,1.400097e+02,4.527677e+01,5.060501e+00
24.66500,4.413396e+02,1.332281e+02,3.960006e+02,1.281853e+02,4.533902e+01,5.042739e+00
24.66600,4.415815e+02,1.211121e+02,3.961791e+02,1.160925e+02,4.540230e+01,5.019565e+00
24.66700,4.418493e+02,1.091040e+02,3.963820e+02,1.041126e+02,4.546729e+01,4.991414e+00
24.66800,4.421015e+02,9.707660e+01,3.965675e+02,9.211780e+01,4.553399e+01,4.958803e+00
24.66900,4.423456e+02,8.464040e+01,3.967443e+02,7.971953e+01,4.560125e+01,4.920914e+00
24.67000,4.426259e+02,7.197253e+01,3.969561e+02,6.709493e+01,4.566977e+01,4.877642e+00
24.67100,4.428784e+02,5.937009e+01,3.971393e+02,5.454057e+01,4.573911e+01,4.829521e+00
24.67200,4.431228e+02,4.686259e+01,3.973141e+02,4.208611e+01,4.580878e+01,4.776471e+00
24.67300,4.433851e+02,3.379366e+01,3.975061e+02,2.907579e+01,4.587896e+01,4.717877e+00
24.67400,4.436327e+02,2.088771e+01,3.976833e+02,1.623402e+01,4.594938e+01,4.653694e+00
24.67500,4.438771e+02,7.961520e+00,3.978573e+02,3.377317e+00,4.601986e+01,4.584203e+00
24.67600,4.441180e+02,-5.025831e+00,3.980278e+02,-9.535280e+00,4.609022e+01,4.509448e+00
24.67700,4.443494e+02,-1.799035e+01,3.981891e+02,-2.241961e+01,4.616033e+01,4.429257e+00
24.67800,4.445827e+02,-3.104252e+01,3.983527e+02,-3.538661e+01,4.623007e+01,4.344091e+00
24.67900,4.448050e+02,-4.402097e+01,3.985058e+02,-4.827532e+01,4.629922e+01,4.254350e+00
24.68000,4.450142e+02,-5.701632e+01,3.986467e+02,-6.117599e+01,4.636747e+01,4.159671e+00
24.68100,4.452407e+02,-7.012453e+01,3.988058e+02,-7.418413e+01,4.643497e+01,4.059631e+00
24.68200,4.454433e+02,-8.313813e+01,3.989417e+02,-8.709273e+01,4.650161e+01,3.954608e+00
24.68300,4.456308e+02,-9.581993e+01,3.990639e+02,-9.966527e+01,4.656682e+01,3.845295e+00
24.68400,4.458333e+02,-1.089477e+02,3.992021e+02,-1.126795e+02,4.663130e+01,3.731818e+00
24.68500,4.460074e+02,-1.216516e+02,3.993130e+02,-1.252657e+02,4.669439e+01,3.614042e+00
24.68600,4.461787e+02,-1.343583e+02,3.994228e+02,-1.378501e+02,4.675587e+01,3.491927e+00
24.68700,4.463387e+02,-1.469523e+02,3.995232e+02,-1.503181e+02,4.681549e+01,3.365783e+00
24.68800,4.464948e+02,-1.594317e+02,3.996212e+02,-1.626673e+02,4.687361e+01,3.235626e+00
24.68900,4.466287e+02,-1.718262e+02,3.996989e+02,-1.749275e+02,4.692969e+01,3.101246e+00
24.69000,4.467554e+02,-1.840074e+02,3.997717e+02,-1.869701e+02,4.698365e+01,2.962685e+00
24.69100,4.468676e+02,-1.960762e+02,3.998323e+02,-1.988967e+02,4.703532e+01,2.820455e+00
24.69200,4.469766e+02,-2.079567e+02,3.998919e+02,-2.106318e+02,4.708477e+01,2.675097e+00
24.69300,4.470678e+02,-2.196595e+02,3.999360e+02,-2.221860e+02,4.713181e+01,2.526517e+00
24.69400,4.471524e+02,-2.311257e+02,3.999761e+02,-2.335001e+02,4.717631e+01,2.374427e+00
24.69500,4.472136e+02,-2.424145e+02,3.999955e+02,-2.446340e+02,4.721811e+01,2.219405e+00
24.69600,4.472460e+02,-2.534419e+02,3.999886e+02,-2.555035e+02,4.725739e+01,2.061615e+00
24.69700,4.472834e+02,-2.642898e+02,3.999891e+02,-2.661907e+02,4.729433e+01,1.900907e+00
24.69800,4.473103e+02,-2.748823e+02,3.999817e+02,-2.766195e+02,4.732849e+01,1.737273e+00
24.69900,4.473305e+02,-2.853214e+02,3.999708e+02,-2.868933e+02,4.735977e+01,1.571855e+00
24.70000,4.473299e+02,-2.953755e+02,3.999415e+02,-2.967801e+02,4.738836e+01,1.404563e+00
24.70100,4.473189e+02,-3.052210e+02,3.999049e+02,-3.064563e+02,4.741397e+01,1.235259e+00
24.70200,4.472969e+02,-3.147840e+02,3.998601e+02,-3.158482e+02,4.743675e+01,1.064213e+00
24.70300,4.472591e+02,-3.240301e+02,3.998027e+02,-3.249217e+02,4.745646e+01,8.915687e-01
24.70400,4.472099e+02,-3.329487e+02,3.997367e+02,-3.336663e+02,4.747321e+01,7.175200e-01
24.70500,4.471421e+02,-3.416010e+02,3.996553e+02,-3.421433e+02,4.748686e+01,5.422513e-01
24.70600,4.470624e+02,-3.497145e+02,3.995649e+02,-3.500815e+02,4.749747e+01,3.670049e-01
24.70700,4.469687e+02,-3.585482e+02,3.994636e+02,-3.587383e+02,4.750508e+01,1.901301e-01
24.70800,4.468840e+02,-3.659714e+02,3.993744e+02,-3.659831e+02,4.750955e+01,1.164596e-02
24.70900,4.467751e+02,-3.732059e+02,3.992640e+02,-3.730389e+02,4.751107e+01,-1.669276e-01
24.71000,4.466692e+02,-3.799724e+02,3.991599e+02,-3.796279e+02,4.750926e+01,-3.444949e-01
24.71100,4.465812e+02,-3.864599e+02,3.990773e+02,-3.859385e+02,4.750394e+01,-5.213931e-01
24.71200,4.463550e+02,-3.922373e+02,3.988591e+02,-3.915395e+02,4.749590e+01,-6.978680e-01
24.71300,4.461959e+02,-3.983509e+02,3.987106e+02,-3.974782e+02,4.748528e+01,-8.726560e-01
24.71400,4.460300e+02,-4.039639e+02,3.985583e+02,-4.029170e+02,4.747164e+01,-1.046831e+00
24.71500,4.458543e+02,-4.092122e+02,3.983992e+02,-4.079917e+02,4.745511e+01,-1.220585e+00
24.71600,4.456675e+02,-4.141054e+02,3.982318e+02,-4.127120e+02,4.743573e+01,-1.393459e+00
24.71700,4.454725e+02,-4.186049e+02,3.980590e+02,-4.170395e+02,4.741351e+01,-1.565387e+00
24.71800,4.452667e+02,-4.227185e+02,3.978782e+02,-4.209824e+02,4.738853e+01,-1.736099e+00
24.71900,4.450608e+02,-4.264865e+02,3.976998e+02,-4.245811e+02,4.736098e+01,-1.905311e+00
24.72000,4.448490e+02,-4.299611e+02,3.975185e+02,-4.278886e+02,4.733055e+01,-2.072439e+00
24.72100,4.446089e+02,-4.327385e+02,3.973112e+02,-4.305011e+02,4.729769e+01,-2.237413e+00
24.72200,4.443717e+02,-4.353451e+02,3.971095e+02,-4.329459e+02,4.726217e+01,-2.399251e+00
24.72300,4.440882e+02,-4.374614e+02,3.968646e+02,-4.349026e+02,4.722361e+01,-2.558839e+00
24.72400,4.439281e+02,-4.393479e+02,3.967447e+02,-4.366323e+02,4.718337e+01,-2.715489e+00
24.72500,4.436787e+02,-4.407799e+02,3.965377e+02,-4.379109e+02,4.714103e+01,-2.869023e+00
24.72600,4.434269e+02,-4.418893e+02,3.963308e+02,-4.388694e+02,4.709610e+01,-3.019876e+00
24.72700,4.431870e+02,-4.427366e+02,3.961383e+02,-4.395694e+02,4.704869e+01,-3.167220e+00
24.72800,4.429537e+02,-4.434105e+02,3.959544e+02,-4.400996e+02,4.699929e+01,-3.310811e+00
24.72900,4.426515e+02,-4.427471e+02,3.957041e+02,-4.392965e+02,4.694745e+01,-3.450562e+00
24.73000,4.423737e+02,-4.418669e+02,3.954794e+02,-4.382781e+02,4.689438e+01,-3.588898e+00
24.73100,4.421535e+02,-4.413765e+02,3.953115e+02,-4.376510e+02,4.684208e+01,-3.725494e+00
24.73200,4.419053e+02,-4.400735e+02,3.951175e+02,-4.362142e+02,4.678777e+01,-3.859295e+00
24.73300,4.416075e+02,-4.390892e+02,3.948751e+02,-4.350989e+02,4.673233e+01,-3.990273e+00
24.73400,4.413587e+02,-4.367289e+02,3.946834e+02,-4.326114e+02,4.667526e+01,-4.117510e+00
24.73500,4.411074e+02,-4.344255e+02,3.944905e+02,-4.301853e+02,4.661699e+01,-4.240127e+00
24.73600,4.408525e+02,-4.319721e+02,3.942950e+02,-4.276144e+02,4.655751e+01,-4.357768e+00
24.73700,4.406110e+02,-4.290493e+02,3.941131e+02,-4.245773e+02,4.649783e+01,-4.471931e+00
24.73800,4.403570e+02,-4.258869e+02,3.939199e+02,-4.213045e+02,4.643712e+01,-4.582452e+00
24.73900,4.401134e+02,-4.222755e+02,3.937385e+02,-4.175856e+02,4.637489e+01,-4.689855e+00
24.74000,4.398799e+02,-4.184407e+02,3.935677e+02,-4.136474e+02,4.631211e+01,-4.793323e+00
24.74100,4.396548e+02,-4.142201e+02,3.934065e+02,-4.093273e+02,4.624827e+01,-4.892742e+00
24.74200,4.394226e+02,-4.096318e+02,3.932384e+02,-4.046440e+02,4.618419e+01,-4.987762e+00
24.74300,4.392027e+02,-4.048391e+02,3.930828e+02,-3.997606e+02,4.611994e+01,-5.078501e+00
24.74400,4.389945e+02,-3.997473e+02,3.929389e+02,-3.945823e+02,4.605555e+01,-5.165087e+00
24.74500,4.387867e+02,-3.941465e+02,3.927956e+02,-3.888993e+02,4.599110e+01,-5.247155e+00
24.74600,4.385901e+02,-3.885288e+02,3.926633e+02,-3.832038e+02,4.592673e+01,-5.324958e+00
24.74700,4.383977e+02,-3.823667e+02,3.925351e+02,-3.769681e+02,4.586262e+01,-5.398586e+00
24.74800,4.382123e+02,-3.760558e+02,3.924135e+02,-3.705878e+02,4.579879e+01,-5.468015e+00
24.74900,4.380380e+02,-3.694665e+02,3.923025e+02,-3.639338e+02,4.573547e+01,-5.532669e+00
24.75000,4.378764e+02,-3.625945e+02,3.922036e+02,-3.570018e+02,4.567280e+01,-5.592691e+00
24.75100,4.377317e+02,-3.553194e+02,3.921202e+02,-3.496710e+02,4.561157e+01,-5.648406e+00
24.75200,4.375533e+02,-3.483653e+02,3.920029e+02,-3.426656e+02,4.555036e+01,-5.699709e+00
24.75300,4.374195e+02,-3.406969e+02,3.919296e+02,-3.349503e+02,4.548991e+01,-5.746631e+00
24.75400,4.372977e+02,-3.327589e+02,3.918669e+02,-3.269695e+02,4.543071e+01,-5.789395e+00
24.75500,4.371348e+02,-3.250171e+02,3.917623e+02,-3.191894e+02,4.537251e+01,-5.827701e+00
24.75600,4.370180e+02,-3.167439e+02,3.917028e+02,-3.108828e+02,4.531523e+01,-5.861056e+00
24.75700,4.368877e+02,-3.085325e+02,3.916283e+02,-3.026429e+02,4.525945e+01,-5.889541e+00
24.75800,4.367722e+02,-2.999743e+02,3.915670e+02,-2.940615e+02,4.520523e+01,-5.912816e+00
24.75900,4.367543e+02,-2.901383e+02,3.916024e+02,-2.842044e+02,4.515193e+01,-5.933862e+00
24.76000,4.366651e+02,-2.812527e+02,3.915651e+02,-2.752998e+02,4.509995e+01,-5.952876e+00
24.76100,4.365873e+02,-2.721707e+02,3.915376e+02,-2.662027e+02,4.504976e+01,-5.968071e+00
24.76200,4.365231e+02,-2.628130e+02,3.915217e+02,-2.568341e+02,4.500137e+01,-5.978905e+00
24.76300,4.364673e+02,-2.533391e+02,3.915126e+02,-2.473536e+02,4.495475e+01,-5.985433e+00
24.76400,4.364186e+02,-2.436523e+02,3.915087e+02,-2.376645e+02,4.490992e+01,-5.987908e+00
24.76500,4.363793e+02,-2.338071e+02,3.915125e+02,-2.278205e+02,4.486687e+01,-5.986615e+00
24.76600,4.363489e+02,-2.238763e+02,3.915232e+02,-2.178945e+02,4.482570e+01,-5.981744e+00
24.76700,4.363264e+02,-2.138173e+02,3.915401e+02,-2.078441e+02,4.478638e+01,-5.973181e+00
24.76800,4.363133e+02,-2.036085e+02,3.915643e+02,-1.976479e+02,4.474896e+01,-5.960597e+00
24.76900,4.363074e+02,-1.932725e+02,3.915941e+02,-1.873287e+02,4.471334e+01,-5.943861e+00
24.77000,4.363131e+02,-1.829431e+02,3.916336e+02,-1.770198e+02,4.467949e+01,-5.923251e+00
24.77100,4.363251e+02,-1.724320e+02,3.916779e+02,-1.665331e+02,4.464729e+01,-5.898870e+00
24.77200,4.363183e+02,-1.617597e+02,3.917013e+02,-1.558887e+02,4.461701e+01,-5.870902e+00
24.77300,4.362801e+02,-1.515186e+02,3.916901e+02,-1.456793e+02,4.458996e+01,-5.839308e+00
24.77400,4.363257e+02,-1.402845e+02,3.917599e+02,-1.344801e+02,4.456577e+01,-5.804401e+00
24.77500,4.363662e+02,-1.294523e+02,3.918228e+02,-1.236873e+02,4.454341e+01,-5.765024e+00
24.77600,4.364033e+02,-1.186621e+02,3.918802e+02,-1.129405e+02,4.452311e+01,-5.721671e+00
24.77700,4.364447e+02,-1.077933e+02,3.919400e+02,-1.021185e+02,4.450472e+01,-5.674783e+00
24.77800,4.364891e+02,-9.687907e+01,3.920009e+02,-9.125453e+01,4.448819e+01,-5.624585e+00
24.77900,4.365361e+02,-8.593347e+01,3.920627e+02,-8.036227e+01,4.447339e+01,-5.571173e+00
24.78000,4.366041e+02,-7.496213e+01,3.921437e+02,-6.944793e+01,4.446049e+01,-5.514258e+00
24.78100,4.366457e+02,-6.406513e+01,3.921965e+02,-5.861076e+01,4.444924e+01,-5.454369e+00
24.78200,4.367049e+02,-5.305443e+01,3.922654e+02,-4.766301e+01,4.443954e+01,-5.391412e+00
24.78300,4.367609e+02,-4.205377e+01,3.923299e+02,-3.672774e+01,4.443107e+01,-5.326031e+00
24.78400,4.368440e+02,-3.108497e+01,3.924197e+02,-2.582745e+01,4.442437e+01,-5.257519e+00
24.78500,4.368802e+02,-2.002813e+01,3.924611e+02,-1.484218e+01,4.441914e+01,-5.185955e+00
24.78600,4.369571e+02,-9.078907e+00,3.925419e+02,-3.967035e+00,4.441523e+01,-5.111873e+00
24.78700,4.370225e+02,1.690377e+00,3.926099e+02,6.725147e+00,4.441261e+01,-5.034767e+00
24.78800,4.370925e+02,1.252098e+01,3.926811e+02,1.747576e+01,4.441144e+01,-4.954782e+00
24.78900,4.371639e+02,2.342627e+01,3.927525e+02,2.829821e+01,4.441135e+01,-4.871939e+00
24.79000,4.372293e+02,3.423784e+01,3.928171e+02,3.902429e+01,4.441213e+01,-4.786450e+00
24.79100,4.373138e+02,4.498445e+01,3.928998e+02,4.968305e+01,4.441398e+01,-4.698598e+00
24.79200,4.373834e+02,5.569696e+01,3.929665e+02,6.030526e+01,4.441697e+01,-4.608295e+00
24.79300,4.374529e+02,6.627737e+01,3.930321e+02,7.079287e+01,4.442080e+01,-4.515471e+00
24.79400,4.375219e+02,7.680407e+01,3.930966e+02,8.122407e+01,4.442537e+01,-4.419999e+00
24.79500,4.375880e+02,8.722533e+01,3.931573e+02,9.154733e+01,4.443061e+01,-4.322008e+00
24.79600,4.376571e+02,9.759647e+01,3.932206e+02,1.018180e+02,4.443649e+01,-4.221552e+00
24.79700,4.377189e+02,1.078808e+02,3.932761e+02,1.119995e+02,4.444288e+01,-4.118659e+00
24.79800,4.377801e+02,1.180737e+02,3.933303e+02,1.220873e+02,4.444972e+01,-4.013677e+00
24.79900,4.378380e+02,1.281219e+02,3.933810e+02,1.320289e+02,4.445698e+01,-3.907000e+00
24.80000,4.378904e+02,1.379973e+02,3.934259e+02,1.417959e+02,4.446453e+01,-3.798586e+00
24.80100,4.379554e+02,1.481008e+02,3.934831e+02,1.517885e+02,4.447237e+01,-3.687715e+00
24.80200,4.380055e+02,1.578073e+02,3.935251e+02,1.613821e+02,4.448044e+01,-3.574819e+00
24.80300,4.380526e+02,1.674480e+02,3.935639e+02,1.709081e+02,4.448862e+01,-3.460181e+00
24.80400,4.380992e+02,1.769197e+02,3.936024e+02,1.802635e+02,4.449683e+01,-3.343712e+00
24.80500,4.381403e+02,1.862921e+02,3.936353e+02,1.895177e+02,4.450509e+01,-3.225561e+00
24.80600,4.381793e+02,1.955343e+02,3.936660e+02,1.986405e+02,4.451332e+01,-3.106223e+00
24.80700,4.382123e+02,2.046272e+02,3.936909e+02,2.076128e+02,4.452141e+01,-2.985580e+00
24.80800,4.382380e+02,2.135663e+02,3.937088e+02,2.164297e+02,4.452919e+01,-2.863427e+00
24.80900,4.382679e+02,2.223330e+02,3.937312e+02,2.250730e+02,4.453677e+01,-2.739964e+00
24.81000,4.382935e+02,2.309889e+02,3.937493e+02,2.336039e+02,4.454411e+01,-2.614976e+00
24.81100,4.383091e+02,2.394843e+02,3.937579e+02,2.419730e+02,4.455121e+01,-2.488715e+00
24.81200,4.383213e+02,2.478357e+02,3.937635e+02,2.501971e+02,4.455785e+01,-2.361409e+00
24.81300,4.383323e+02,2.559893e+02,3.937683e+02,2.582226e+02,4.456403e+01,-2.233325e+00
24.81400,4.383355e+02,2.639582e+02,3.937658e+02,2.660625e+02,4.456970e+01,-2.104253e+00
24.81500,4.383351e+02,2.717708e+02,3.937603e+02,2.737449e+02,4.457482e+01,-1.974065e+00
24.81600,4.383325e+02,2.793863e+02,3.937532e+02,2.812293e+02,4.457927e+01,-1.842980e+00
24.81700,4.383233e+02,2.867901e+02,3.937401e+02,2.885011e+02,4.458322e+01,-1.711041e+00
24.81800,4.383026e+02,2.940570e+02,3.937159e+02,2.956354e+02,4.458663e+01,-1.578396e+00
24.81900,4.382856e+02,3.011571e+02,3.936961e+02,3.026023e+02,4.458951e+01,-1.445191e+00
24.82000,4.382601e+02,3.080380e+02,3.936683e+02,3.093497e+02,4.459179e+01,-1.311760e+00
24.82100,4.382283e+02,3.146112e+02,3.936348e+02,3.157892e+02,4.459353e+01,-1.178015e+00
24.82200,4.382264e+02,3.211487e+02,3.936320e+02,3.221925e+02,4.459443e+01,-1.043768e+00
24.82300,4.382095e+02,3.270787e+02,3.936152e+02,3.279886e+02,4.459429e+01,-9.098320e-01
24.82400,4.381631e+02,3.332523e+02,3.935698e+02,3.340275e+02,4.459338e+01,-7.752627e-01
24.82500,4.381232e+02,3.391183e+02,3.935315e+02,3.397585e+02,4.459172e+01,-6.402216e-01
24.82600,4.380762e+02,3.447005e+02,3.934869e+02,3.452055e+02,4.458935e+01,-5.049439e-01
24.82700,4.380297e+02,3.501121e+02,3.934433e+02,3.504819e+02,4.458633e+01,-3.698843e-01
24.82800,4.379805e+02,3.553066e+02,3.933979e+02,3.555413e+02,4.458261e+01,-2.346579e-01
24.82900,4.379384e+02,3.603716e+02,3.933602e+02,3.604705e+02,4.457815e+01,-9.889253e-02
24.83000,4.378471e+02,3.645433e+02,3.932738e+02,3.645070e+02,4.457327e+01,3.621448e-02
24.83100,4.377931e+02,3.691135e+02,3.932253e+02,3.689428e+02,4.456786e+01,1.706883e-01
24.83200,4.377402e+02,3.733779e+02,3.931784e+02,3.730727e+02,4.456177e+01,3.051779e-01
24.83300,4.376801e+02,3.773600e+02,3.931251e+02,3.769204e+02,4.455505e+01,4.396179e-01
24.83400,4.376201e+02,3.810685e+02,3.930723e+02,3.804949e+02,4.454780e+01,5.736017e-01
24.83500,4.375570e+02,3.845188e+02,3.930169e+02,3.838116e+02,4.454009e+01,7.071920e-01
24.83600,4.374698e+02,3.878113e+02,3.929376e+02,3.869708e+02,4.453223e+01,8.404773e-01
24.83700,4.374378e+02,3.905224e+02,3.929137e+02,3.895495e+02,4.452405e+01,9.728700e-01
24.83800,4.373789e+02,3.933509e+02,3.928635e+02,3.922457e+02,4.451541e+01,1.105105e+00
24.83900,4.372857e+02,3.953940e+02,3.927791e+02,3.941576e+02,4.450671e+01,1.236427e+00
24.84000,4.372429e+02,3.979199e+02,3.927453e+02,3.965535e+02,4.449765e+01,1.366379e+00
24.84100,4.371789e+02,3.997857e+02,3.926912e+02,3.982906e+02,4.448768e+01,1.495112e+00
24.84200,4.371159e+02,4.013983e+02,3.926383e+02,3.997755e+02,4.447755e+01,1.622784e+00
24.84300,4.370365e+02,4.026547e+02,3.925693e+02,4.009053e+02,4.446715e+01,1.749331e+00
24.84400,4.369889e+02,4.041281e+02,3.925321e+02,4.022531e+02,4.445678e+01,1.875009e+00
24.84500,4.369584e+02,4.046621e+02,3.925121e+02,4.026627e+02,4.444629e+01,1.999298e+00
24.84600,4.369087e+02,4.054536e+02,3.924734e+02,4.033336e+02,4.443527e+01,2.120059e+00
24.84700,4.368101e+02,4.049745e+02,3.923841e+02,4.027351e+02,4.442598e+01,2.239365e+00
24.84800,4.367455e+02,4.051244e+02,3.923276e+02,4.027669e+02,4.441787e+01,2.357551e+00
24.84900,4.367571e+02,4.040222e+02,3.923472e+02,4.015468e+02,4.440991e+01,2.475402e+00
24.85000,4.367343e+02,4.032106e+02,3.923324e+02,4.006167e+02,4.440189e+01,2.593846e+00
24.85100,4.367074e+02,4.023501e+02,3.923128e+02,3.996388e+02,4.439458e+01,2.711223e+00
24.85200,4.366844e+02,4.008431e+02,3.922963e+02,3.980165e+02,4.438811e+01,2.826693e+00
24.85300,4.366731e+02,3.993103e+02,3.922910e+02,3.963695e+02,4.438206e+01,2.940741e+00
24.85400,4.366039e+02,3.975371e+02,3.922273e+02,3.944839e+02,4.437657e+01,3.053214e+00
24.85500,4.366019e+02,3.952487e+02,3.922301e+02,3.920849e+02,4.437183e+01,3.163816e+00
24.85600,4.366067e+02,3.925698e+02,3.922383e+02,3.892974e+02,4.436834e+01,3.272419e+00
24.85700,4.366177e+02,3.895340e+02,3.922515e+02,3.861547e+02,4.436615e+01,3.379276e+00
24.85800,4.366140e+02,3.864759e+02,3.922487e+02,3.829920e+02,4.436531e+01,3.483899e+00
24.85900,4.366347e+02,3.830036e+02,3.922693e+02,3.794175e+02,4.436541e+01,3.586104e+00
24.86000,4.366700e+02,3.791759e+02,3.923032e+02,3.754903e+02,4.436683e+01,3.685637e+00
24.86100,4.367111e+02,3.750481e+02,3.923414e+02,3.712653e+02,4.436962e+01,3.782823e+00
24.86200,4.367961e+02,3.701447e+02,3.924227e+02,3.662673e+02,4.437351e+01,3.877389e+00
24.86300,4.368187e+02,3.651697e+02,3.924399e+02,3.612013e+02,4.437887e+01,3.968404e+00
24.86400,4.368898e+02,3.604633e+02,3.925025e+02,3.564057e+02,4.438727e+01,4.057509e+00
24.86500,4.369554e+02,3.549919e+02,3.925573e+02,3.508485e+02,4.439811e+01,4.143453e+00
24.86600,4.370377e+02,3.491835e+02,3.926269e+02,3.449573e+02,4.441080e+01,4.226181e+00
24.86700,4.371296e+02,3.432081e+02,3.927041e+02,3.389025e+02,4.442553e+01,4.305654e+00
24.86800,4.372301e+02,3.368077e+02,3.927877e+02,3.324261e+02,4.444239e+01,4.381635e+00
24.86900,4.373389e+02,3.300949e+02,3.928775e+02,3.256408e+02,4.446143e+01,4.454078e+00
24.87000,4.374605e+02,3.231088e+02,3.929777e+02,3.185858e+02,4.448273e+01,4.522975e+00
24.87100,4.375880e+02,3.158959e+02,3.930815e+02,3.113083e+02,4.450651e+01,4.587539e+00
24.87200,4.377286e+02,3.081271e+02,3.931967e+02,3.034783e+02,4.453196e+01,4.648813e+00
24.87300,4.378622e+02,3.003299e+02,3.933027e+02,2.956229e+02,4.455949e+01,4.707069e+00
24.87400,4.380195e+02,2.920735e+02,3.934304e+02,2.873116e+02,4.458909e+01,4.761908e+00
24.87500,4.381976e+02,2.837509e+02,3.935763e+02,2.789382e+02,4.462137e+01,4.812649e+00
24.87600,4.383394e+02,2.754109e+02,3.936834e+02,2.705507e+02,4.465599e+01,4.860075e+00
24.87700,4.385381e+02,2.663115e+02,3.938451e+02,2.614086e+02,4.469303e+01,4.902887e+00
24.87800,4.387144e+02,2.570679e+02,3.939819e+02,2.521267e+02,4.473251e+01,4.941155e+00
24.87900,4.389017e+02,2.476889e+02,3.941275e+02,2.427136e+02,4.477423e+01,4.975374e+00
24.88000,4.391140e+02,2.373806e+02,3.942960e+02,2.323762e+02,4.481802e+01,5.004403e+00
24.88100,4.393405e+02,2.275669e+02,3.944761e+02,2.225379e+02,4.486431e+01,5.029116e+00
24.88200,4.395548e+02,2.172528e+02,3.946419e+02,2.122035e+02,4.491291e+01,5.049319e+00
24.88300,4.397775e+02,2.067053e+02,3.948139e+02,2.016405e+02,4.496357e+01,5.064729e+00
24.88400,4.400002e+02,1.959731e+02,3.949840e+02,1.908978e+02,4.501621e+01,5.075239e+00
24.88500,4.402382e+02,1.851389e+02,3.951674e+02,1.800581e+02,4.507083e+01,5.080725e+00
24.88600,4.404760e+02,1.738899e+02,3.953487e+02,1.688087e+02,4.512735e+01,5.081209e+00
24.88700,4.407148e+02,1.625308e+02,3.955291e+02,1.574539e+02,4.518567e+01,5.076875e+00
24.88800,4.409627e+02,1.509958e+02,3.957171e+02,1.459284e+02,4.524563e+01,5.067412e+00
24.88900,4.412129e+02,1.392741e+02,3.959057e+02,1.342216e+02,4.530716e+01,5.052423e+00
24.89000,4.414591e+02,1.273418e+02,3.960891e+02,1.223097e+02,4.537001e+01,5.032052e+00
24.89100,4.417184e+02,1.151883e+02,3.962844e+02,1.101819e+02,4.543395e+01,5.006317e+00
24.89200,4.419719e+02,1.032404e+02,3.964721e+02,9.826440e+01,4.549990e+01,4.975989e+00
24.89300,4.422174e+02,9.088700e+01,3.966505e+02,8.594607e+01,4.556696e+01,4.940884e+00
24.89400,4.424906e+02,7.832980e+01,3.968559e+02,7.342947e+01,4.563475e+01,4.900302e+00
24.89500,4.427513e+02,6.580480e+01,3.970475e+02,6.095017e+01,4.570376e+01,4.854636e+00
24.89600,4.430011e+02,5.317587e+01,3.972278e+02,4.837175e+01,4.577331e+01,4.804115e+00
24.89700,4.432569e+02,4.030867e+01,3.974137e+02,3.556028e+01,4.584319e+01,4.748393e+00
24.89800,4.435069e+02,2.744317e+01,3.975933e+02,2.275611e+01,4.591353e+01,4.687059e+00
24.89900,4.437542e+02,1.452798e+01,3.977702e+02,9.907753e+00,4.598399e+01,4.620229e+00
24.90000,4.439951e+02,1.603105e+00,3.979407e+02,-2.945079e+00,4.605442e+01,4.548184e+00
24.90100,4.442321e+02,-1.137010e+01,3.981074e+02,-1.584085e+01,4.612469e+01,4.470749e+00
24.90200,4.444639e+02,-2.443421e+01,3.982693e+02,-2.882224e+01,4.619462e+01,4.388033e+00
24.90300,4.446936e+02,-3.743125e+01,3.984295e+02,-4.173187e+01,4.626411e+01,4.300623e+00
24.90400,4.449087e+02,-5.030485e+01,3.985758e+02,-5.451340e+01,4.633287e+01,4.208546e+00
24.90500,4.451296e+02,-6.357807e+01,3.987289e+02,-6.768927e+01,4.640069e+01,4.111177e+00
24.90600,4.453419e+02,-7.652580e+01,3.988740e+02,-8.053447e+01,4.646783e+01,4.008701e+00
24.90700,4.455333e+02,-8.949900e+01,3.989996e+02,-9.340040e+01,4.653377e+01,3.901383e+00
24.90800,4.457416e+02,-1.024074e+02,3.991430e+02,-1.061975e+02,4.659862e+01,3.790126e+00
24.90900,4.459224e+02,-1.151719e+02,3.992599e+02,-1.188464e+02,4.666249e+01,3.674521e+00
24.91000,4.460970e+02,-1.279381e+02,3.993722e+02,-1.314927e+02,4.672481e+01,3.554567e+00
24.91100,4.462521e+02,-1.405279e+02,3.994668e+02,-1.439585e+02,4.678533e+01,3.430495e+00
24.91200,4.464196e+02,-1.531390e+02,3.995753e+02,-1.564414e+02,4.684425e+01,3.302367e+00
24.91300,4.465618e+02,-1.655527e+02,3.996604e+02,-1.687229e+02,4.690141e+01,3.170187e+00
24.91400,4.466938e+02,-1.778331e+02,3.997373e+02,-1.808669e+02,4.695646e+01,3.033718e+00
24.91500,4.468117e+02,-1.899635e+02,3.998023e+02,-1.928568e+02,4.700931e+01,2.893275e+00
24.91600,4.469238e+02,-2.019058e+02,3.998639e+02,-2.046553e+02,4.705989e+01,2.749443e+00
24.91700,4.470233e+02,-2.137101e+02,3.999151e+02,-2.163127e+02,4.710819e+01,2.602587e+00
24.91800,4.471105e+02,-2.252707e+02,3.999565e+02,-2.277229e+02,4.715399e+01,2.452249e+00
24.91900,4.471939e+02,-2.366797e+02,3.999968e+02,-2.389784e+02,4.719717e+01,2.298659e+00
24.92000,4.472248e+02,-2.479506e+02,3.999871e+02,-2.500929e+02,4.723765e+01,2.142261e+00
24.92100,4.472619e+02,-2.588425e+02,3.999861e+02,-2.608257e+02,4.727585e+01,1.983119e+00
24.92200,4.472993e+02,-2.695473e+02,3.999879e+02,-2.713682e+02,4.731146e+01,1.820837e+00
24.92300,4.473140e+02,-2.799603e+02,3.999699e+02,-2.816165e+02,4.734414e+01,1.656257e+00
24.92400,4.473333e+02,-2.903235e+02,3.999592e+02,-2.918134e+02,4.737418e+01,1.489977e+00
24.92500,4.473263e+02,-3.002349e+02,3.999250e+02,-3.015565e+02,4.740131e+01,1.321696e+00
24.92600,4.473138e+02,-3.099534e+02,3.998883e+02,-3.111049e+02,4.742553e+01,1.151476e+00
24.92700,4.472785e+02,-3.193183e+02,3.998317e+02,-3.202980e+02,4.744679e+01,9.796427e-01
24.92800,4.472370e+02,-3.284349e+02,3.997720e+02,-3.292411e+02,4.746505e+01,8.062800e-01
24.92900,4.471774e+02,-3.372219e+02,3.996971e+02,-3.378534e+02,4.748029e+01,6.315649e-01
24.93000,4.471061e+02,-3.456805e+02,3.996137e+02,-3.461367e+02,4.749245e+01,4.561343e-01
24.93100,4.470159e+02,-3.538404e+02,3.995143e+02,-3.541211e+02,4.750157e+01,2.807385e-01
24.93200,4.469343e+02,-3.621910e+02,3.994267e+02,-3.622935e+02,4.750766e+01,1.025219e-01
24.93300,4.468191e+02,-3.697039e+02,3.993085e+02,-3.696277e+02,4.751069e+01,-7.616300e-02
24.93400,4.467337e+02,-3.764431e+02,3.992231e+02,-3.761890e+02,4.751059e+01,-2.541390e-01
24.93500,4.466349e+02,-3.830120e+02,3.991278e+02,-3.825807e+02,4.750709e+01,-4.312971e-01
24.93600,4.464891e+02,-3.896025e+02,3.989889e+02,-3.889941e+02,4.750025e+01,-6.084108e-01
24.93700,4.462743e+02,-3.952867e+02,3.987833e+02,-3.945030e+02,4.749105e+01,-7.837420e-01
24.93800,4.461145e+02,-4.011857e+02,3.986356e+02,-4.002275e+02,4.747895e+01,-9.582247e-01
24.93900,4.459435e+02,-4.065911e+02,3.984796e+02,-4.054589e+02,4.746387e+01,-1.132187e+00
24.94000,4.457637e+02,-4.116899e+02,3.983177e+02,-4.103843e+02,4.744596e+01,-1.305595e+00
24.94100,4.455728e+02,-4.163349e+02,3.981477e+02,-4.148569e+02,4.742517e+01,-1.477993e+00
24.94200,4.453732e+02,-4.206370e+02,3.979716e+02,-4.189876e+02,4.740159e+01,-1.649369e+00
24.94300,4.451487e+02,-4.244708e+02,3.977733e+02,-4.226514e+02,4.737543e+01,-1.819396e+00
24.94400,4.449567e+02,-4.282981e+02,3.976103e+02,-4.263104e+02,4.734637e+01,-1.987679e+00
24.94500,4.447587e+02,-4.318484e+02,3.974440e+02,-4.296945e+02,4.731475e+01,-2.153971e+00
24.94600,4.444957e+02,-4.340823e+02,3.972151e+02,-4.317651e+02,4.728061e+01,-2.317151e+00
24.94700,4.442496e+02,-4.364629e+02,3.970059e+02,-4.339851e+02,4.724371e+01,-2.477821e+00
24.94800,4.440309e+02,-4.387625e+02,3.968268e+02,-4.361263e+02,4.720405e+01,-2.636273e+00
24.94900,4.438048e+02,-4.400638e+02,3.966419e+02,-4.372726e+02,4.716288e+01,-2.791161e+00
24.95000,4.435544e+02,-4.413521e+02,3.964351e+02,-4.384085e+02,4.711929e+01,-2.943507e+00
24.95100,4.432979e+02,-4.422401e+02,3.962248e+02,-4.391475e+02,4.707305e+01,-3.092635e+00
24.95200,4.430689e+02,-4.430206e+02,3.960441e+02,-4.397823e+02,4.702471e+01,-3.238221e+00
24.95300,4.428329e+02,-4.433847e+02,3.958587e+02,-4.400051e+02,4.697412e+01,-3.379553e+00
24.95400,4.425274e+02,-4.424183e+02,3.956062e+02,-4.388997e+02,4.692123e+01,-3.518537e+00
24.95500,4.422757e+02,-4.418533e+02,3.954069e+02,-4.381970e+02,4.686882e+01,-3.656263e+00
24.95600,4.420391e+02,-4.406726e+02,3.952234e+02,-4.368810e+02,4.681569e+01,-3.791589e+00
24.95700,4.417118e+02,-4.397247e+02,3.949511e+02,-4.358007e+02,4.676067e+01,-3.923969e+00
24.95800,4.414990e+02,-4.381515e+02,3.947944e+02,-4.340981e+02,4.670461e+01,-4.053349e+00
24.95900,4.412679e+02,-4.362413e+02,3.946211e+02,-4.320629e+02,4.664681e+01,-4.178465e+00
24.96000,4.409731e+02,-4.325519e+02,3.943854e+02,-4.282536e+02,4.658777e+01,-4.298282e+00
24.96100,4.407341e+02,-4.306603e+02,3.942059e+02,-4.262461e+02,4.652828e+01,-4.414294e+00
24.96200,4.404922e+02,-4.273523e+02,3.940239e+02,-4.228257e+02,4.646831e+01,-4.526520e+00
24.96300,4.402331e+02,-4.242761e+02,3.938265e+02,-4.196405e+02,4.640665e+01,-4.635662e+00
24.96400,4.400006e+02,-4.203527e+02,3.936563e+02,-4.156117e+02,4.634426e+01,-4.741099e+00
24.96500,4.397795e+02,-4.164538e+02,3.934985e+02,-4.116111e+02,4.628087e+01,-4.842707e+00
24.96600,4.395349e+02,-4.120160e+02,3.933180e+02,-4.070760e+02,4.621682e+01,-4.939966e+00
24.96700,4.393141e+02,-4.072878e+02,3.931614e+02,-4.022549e+02,4.615267e+01,-5.032839e+00
24.96800,4.390993e+02,-4.024589e+02,3.930109e+02,-3.973374e+02,4.608833e+01,-5.121558e+00
24.96900,4.388904e+02,-3.969538e+02,3.928665e+02,-3.917479e+02,4.602392e+01,-5.205939e+00
24.97000,4.386873e+02,-3.913813e+02,3.927279e+02,-3.860954e+02,4.595947e+01,-5.285878e+00
24.97100,4.384959e+02,-3.855165e+02,3.926006e+02,-3.801549e+02,4.589523e+01,-5.361617e+00
24.97200,4.383049e+02,-3.792557e+02,3.924736e+02,-3.738225e+02,4.583123e+01,-5.433265e+00
24.97300,4.381285e+02,-3.728815e+02,3.923609e+02,-3.673811e+02,4.576765e+01,-5.500375e+00
24.97400,4.379543e+02,-3.661380e+02,3.922497e+02,-3.605753e+02,4.570456e+01,-5.562726e+00
24.97500,4.378013e+02,-3.591096e+02,3.921588e+02,-3.534890e+02,4.564247e+01,-5.620549e+00
24.97600,4.376335e+02,-3.520548e+02,3.920519e+02,-3.463807e+02,4.558153e+01,-5.674150e+00
24.97700,4.375010e+02,-3.444453e+02,3.919804e+02,-3.387220e+02,4.552058e+01,-5.723275e+00
24.97800,4.373619e+02,-3.368370e+02,3.919012e+02,-3.310689e+02,4.546067e+01,-5.768148e+00
24.97900,4.372342e+02,-3.288701e+02,3.918321e+02,-3.230613e+02,4.540212e+01,-5.808781e+00
24.98000,4.370701e+02,-3.210015e+02,3.917260e+02,-3.151568e+02,4.534417e+01,-5.844706e+00
24.98100,4.369507e+02,-3.127671e+02,3.916631e+02,-3.068915e+02,4.528766e+01,-5.875659e+00
24.98200,4.368242e+02,-3.043901e+02,3.915916e+02,-2.984886e+02,4.523264e+01,-5.901568e+00
24.98300,4.367610e+02,-2.951661e+02,3.915820e+02,-2.892429e+02,4.517899e+01,-5.923196e+00
24.98400,4.367089e+02,-2.859436e+02,3.915828e+02,-2.799999e+02,4.512618e+01,-5.943659e+00
24.98500,4.366269e+02,-2.768362e+02,3.915517e+02,-2.708754e+02,4.507509e+01,-5.960841e+00
24.98600,4.365581e+02,-2.675816e+02,3.915323e+02,-2.616076e+02,4.502579e+01,-5.973956e+00
24.98700,4.364945e+02,-2.581697e+02,3.915163e+02,-2.521871e+02,4.497826e+01,-5.982623e+00
24.98800,4.364423e+02,-2.486509e+02,3.915097e+02,-2.426638e+02,4.493252e+01,-5.987155e+00
24.98900,4.363977e+02,-2.389033e+02,3.915091e+02,-2.329156e+02,4.488855e+01,-5.987731e+00
24.99000,4.363641e+02,-2.289470e+02,3.915176e+02,-2.229623e+02,4.484643e+01,-5.984687e+00
24.99100,4.363373e+02,-2.189901e+02,3.915312e+02,-2.130121e+02,4.480617e+01,-5.978018e+00
24.99200,4.363233e+02,-2.087693e+02,3.915555e+02,-2.028017e+02,4.476779e+01,-5.967550e+00
24.99300,4.363102e+02,-1.985521e+02,3.915789e+02,-1.925992e+02,4.473125e+01,-5.952897e+00
24.99400,4.363093e+02,-1.881653e+02,3.916127e+02,-1.822311e+02,4.469651e+01,-5.934206e+00
24.99500,4.363194e+02,-1.777759e+02,3.916559e+02,-1.718641e+02,4.466347e+01,-5.911755e+00
24.99600,4.363202e+02,-1.672071e+02,3.916880e+02,-1.613215e+02,4.463219e+01,-5.885587e+00
24.99700,4.362829e+02,-1.565047e+02,3.916797e+02,-1.506490e+02,4.460319e+01,-5.855700e+00
24.99800,4.362835e+02,-1.462540e+02,3.917056e+02,-1.404312e+02,4.457789e+01,-5.822759e+00
24.99900,4.363451e+02,-1.350229e+02,3.917907e+02,-1.292373e+02,4.455452e+01,-5.785607e+00
25.00000,4.363839e+02,-1.241416e+02,3.918507e+02,-1.183974e+02,4.453319e+01,-5.744195e+00
