solid rotor
  facet normal 0.999925 0.0122715 0
    outer loop
      vertex 0.0500000 0.0000000 -0.0500000
      vertex 0.0499849 0.0012271 -0.0500000
      vertex 0.0499849 0.0012271 0.1500000
    endloop
  endfacet
  facet normal 0.999925 0.0122715 -0
    outer loop
      vertex 0.0500000 0.0000000 -0.0500000
      vertex 0.0499849 0.0012271 0.1500000
      vertex 0.0500000 0.0000000 0.1500000
    endloop
  endfacet
  facet normal 0.999322 0.0368072 0
    outer loop
      vertex 0.0499849 0.0012271 -0.0500000
      vertex 0.0499398 0.0024534 -0.0500000
      vertex 0.0499398 0.0024534 0.1500000
    endloop
  endfacet
  facet normal 0.999322 0.0368072 -0
    outer loop
      vertex 0.0499849 0.0012271 -0.0500000
      vertex 0.0499398 0.0024534 0.1500000
      vertex 0.0499849 0.0012271 0.1500000
    endloop
  endfacet
  facet normal 0.998118 0.0613207 0
    outer loop
      vertex 0.0499398 0.0024534 -0.0500000
      vertex 0.0498645 0.0036782 -0.0500000
      vertex 0.0498645 0.0036782 0.1500000
    endloop
  endfacet
  facet normal 0.998118 0.0613207 -0
    outer loop
      vertex 0.0499398 0.0024534 -0.0500000
      vertex 0.0498645 0.0036782 0.1500000
      vertex 0.0499398 0.0024534 0.1500000
    endloop
  endfacet
  facet normal 0.996313 0.0857973 0
    outer loop
      vertex 0.0498645 0.0036782 -0.0500000
      vertex 0.0497592 0.0049009 -0.0500000
      vertex 0.0497592 0.0049009 0.1500000
    endloop
  endfacet
  facet normal 0.996313 0.0857973 -0
    outer loop
      vertex 0.0498645 0.0036782 -0.0500000
      vertex 0.0497592 0.0049009 0.1500000
      vertex 0.0498645 0.0036782 0.1500000
    endloop
  endfacet
  facet normal 0.993907 0.110222 0
    outer loop
      vertex 0.0497592 0.0049009 -0.0500000
      vertex 0.0496240 0.0061205 -0.0500000
      vertex 0.0496240 0.0061205 0.1500000
    endloop
  endfacet
  facet normal 0.993907 0.110222 -0
    outer loop
      vertex 0.0497592 0.0049009 -0.0500000
      vertex 0.0496240 0.0061205 0.1500000
      vertex 0.0497592 0.0049009 0.1500000
    endloop
  endfacet
  facet normal 0.990903 0.134581 0
    outer loop
      vertex 0.0496240 0.0061205 -0.0500000
      vertex 0.0494588 0.0073365 -0.0500000
      vertex 0.0494588 0.0073365 0.1500000
    endloop
  endfacet
  facet normal 0.990903 0.134581 -0
    outer loop
      vertex 0.0496240 0.0061205 -0.0500000
      vertex 0.0494588 0.0073365 0.1500000
      vertex 0.0496240 0.0061205 0.1500000
    endloop
  endfacet
  facet normal 0.987301 0.158858 0
    outer loop
      vertex 0.0494588 0.0073365 -0.0500000
      vertex 0.0492639 0.0085481 -0.0500000
      vertex 0.0492639 0.0085481 0.1500000
    endloop
  endfacet
  facet normal 0.987301 0.158858 -0
    outer loop
      vertex 0.0494588 0.0073365 -0.0500000
      vertex 0.0492639 0.0085481 0.1500000
      vertex 0.0494588 0.0073365 0.1500000
    endloop
  endfacet
  facet normal 0.983105 0.18304 0
    outer loop
      vertex 0.0492639 0.0085481 -0.0500000
      vertex 0.0490393 0.0097545 -0.0500000
      vertex 0.0490393 0.0097545 0.1500000
    endloop
  endfacet
  facet normal 0.983105 0.18304 -0
    outer loop
      vertex 0.0492639 0.0085481 -0.0500000
      vertex 0.0490393 0.0097545 0.1500000
      vertex 0.0492639 0.0085481 0.1500000
    endloop
  endfacet
  facet normal 0.978317 0.207111 0
    outer loop
      vertex 0.0490393 0.0097545 -0.0500000
      vertex 0.0487851 0.0109551 -0.0500000
      vertex 0.0487851 0.0109551 0.1500000
    endloop
  endfacet
  facet normal 0.978317 0.207111 -0
    outer loop
      vertex 0.0490393 0.0097545 -0.0500000
      vertex 0.0487851 0.0109551 0.1500000
      vertex 0.0490393 0.0097545 0.1500000
    endloop
  endfacet
  facet normal 0.97294 0.231058 0
    outer loop
      vertex 0.0487851 0.0109551 -0.0500000
      vertex 0.0485016 0.0121490 -0.0500000
      vertex 0.0485016 0.0121490 0.1500000
    endloop
  endfacet
  facet normal 0.97294 0.231058 -0
    outer loop
      vertex 0.0487851 0.0109551 -0.0500000
      vertex 0.0485016 0.0121490 0.1500000
      vertex 0.0487851 0.0109551 0.1500000
    endloop
  endfacet
  facet normal 0.966976 0.254866 0
    outer loop
      vertex 0.0485016 0.0121490 -0.0500000
      vertex 0.0481888 0.0133356 -0.0500000
      vertex 0.0481888 0.0133356 0.1500000
    endloop
  endfacet
  facet normal 0.966976 0.254866 -0
    outer loop
      vertex 0.0485016 0.0121490 -0.0500000
      vertex 0.0481888 0.0133356 0.1500000
      vertex 0.0485016 0.0121490 0.1500000
    endloop
  endfacet
  facet normal 0.960431 0.27852 0
    outer loop
      vertex 0.0481888 0.0133356 -0.0500000
      vertex 0.0478470 0.0145142 -0.0500000
      vertex 0.0478470 0.0145142 0.1500000
    endloop
  endfacet
  facet normal 0.960431 0.27852 -0
    outer loop
      vertex 0.0481888 0.0133356 -0.0500000
      vertex 0.0478470 0.0145142 0.1500000
      vertex 0.0481888 0.0133356 0.1500000
    endloop
  endfacet
  facet normal 0.953306 0.302006 0
    outer loop
      vertex 0.0478470 0.0145142 -0.0500000
      vertex 0.0474764 0.0156841 -0.0500000
      vertex 0.0474764 0.0156841 0.1500000
    endloop
  endfacet
  facet normal 0.953306 0.302006 -0
    outer loop
      vertex 0.0478470 0.0145142 -0.0500000
      vertex 0.0474764 0.0156841 0.1500000
      vertex 0.0478470 0.0145142 0.1500000
    endloop
  endfacet
  facet normal 0.945607 0.32531 0
    outer loop
      vertex 0.0474764 0.0156841 -0.0500000
      vertex 0.0470772 0.0168445 -0.0500000
      vertex 0.0470772 0.0168445 0.1500000
    endloop
  endfacet
  facet normal 0.945607 0.32531 -0
    outer loop
      vertex 0.0474764 0.0156841 -0.0500000
      vertex 0.0470772 0.0168445 0.1500000
      vertex 0.0474764 0.0156841 0.1500000
    endloop
  endfacet
  facet normal 0.937339 0.348419 0
    outer loop
      vertex 0.0470772 0.0168445 -0.0500000
      vertex 0.0466496 0.0179948 -0.0500000
      vertex 0.0466496 0.0179948 0.1500000
    endloop
  endfacet
  facet normal 0.937339 0.348419 -0
    outer loop
      vertex 0.0470772 0.0168445 -0.0500000
      vertex 0.0466496 0.0179948 0.1500000
      vertex 0.0470772 0.0168445 0.1500000
    endloop
  endfacet
  facet normal 0.928506 0.371317 0
    outer loop
      vertex 0.0466496 0.0179948 -0.0500000
      vertex 0.0461940 0.0191342 -0.0500000
      vertex 0.0461940 0.0191342 0.1500000
    endloop
  endfacet
  facet normal 0.928506 0.371317 -0
    outer loop
      vertex 0.0466496 0.0179948 -0.0500000
      vertex 0.0461940 0.0191342 0.1500000
      vertex 0.0466496 0.0179948 0.1500000
    endloop
  endfacet
  facet normal 0.919114 0.393992 0
    outer loop
      vertex 0.0461940 0.0191342 -0.0500000
      vertex 0.0457105 0.0202621 -0.0500000
      vertex 0.0457105 0.0202621 0.1500000
    endloop
  endfacet
  facet normal 0.919114 0.393992 -0
    outer loop
      vertex 0.0461940 0.0191342 -0.0500000
      vertex 0.0457105 0.0202621 0.1500000
      vertex 0.0461940 0.0191342 0.1500000
    endloop
  endfacet
  facet normal 0.909168 0.41643 0
    outer loop
      vertex 0.0457105 0.0202621 -0.0500000
      vertex 0.0451995 0.0213778 -0.0500000
      vertex 0.0451995 0.0213778 0.1500000
    endloop
  endfacet
  facet normal 0.909168 0.41643 -0
    outer loop
      vertex 0.0457105 0.0202621 -0.0500000
      vertex 0.0451995 0.0213778 0.1500000
      vertex 0.0457105 0.0202621 0.1500000
    endloop
  endfacet
  facet normal 0.898674 0.438616 0
    outer loop
      vertex 0.0451995 0.0213778 -0.0500000
      vertex 0.0446612 0.0224806 -0.0500000
      vertex 0.0446612 0.0224806 0.1500000
    endloop
  endfacet
  facet normal 0.898674 0.438616 -0
    outer loop
      vertex 0.0451995 0.0213778 -0.0500000
      vertex 0.0446612 0.0224806 0.1500000
      vertex 0.0451995 0.0213778 0.1500000
    endloop
  endfacet
  facet normal 0.88764 0.460539 0
    outer loop
      vertex 0.0446612 0.0224806 -0.0500000
      vertex 0.0440961 0.0235698 -0.0500000
      vertex 0.0440961 0.0235698 0.1500000
    endloop
  endfacet
  facet normal 0.88764 0.460539 -0
    outer loop
      vertex 0.0446612 0.0224806 -0.0500000
      vertex 0.0440961 0.0235698 0.1500000
      vertex 0.0446612 0.0224806 0.1500000
    endloop
  endfacet
  facet normal 0.87607 0.482184 0
    outer loop
      vertex 0.0440961 0.0235698 -0.0500000
      vertex 0.0435043 0.0246449 -0.0500000
      vertex 0.0435043 0.0246449 0.1500000
    endloop
  endfacet
  facet normal 0.87607 0.482184 -0
    outer loop
      vertex 0.0440961 0.0235698 -0.0500000
      vertex 0.0435043 0.0246449 0.1500000
      vertex 0.0440961 0.0235698 0.1500000
    endloop
  endfacet
  facet normal 0.863973 0.503538 0
    outer loop
      vertex 0.0435043 0.0246449 -0.0500000
      vertex 0.0428864 0.0257051 -0.0500000
      vertex 0.0428864 0.0257051 0.1500000
    endloop
  endfacet
  facet normal 0.863973 0.503538 -0
    outer loop
      vertex 0.0435043 0.0246449 -0.0500000
      vertex 0.0428864 0.0257051 0.1500000
      vertex 0.0435043 0.0246449 0.1500000
    endloop
  endfacet
  facet normal 0.851355 0.52459 0
    outer loop
      vertex 0.0428864 0.0257051 -0.0500000
      vertex 0.0422427 0.0267499 -0.0500000
      vertex 0.0422427 0.0267499 0.1500000
    endloop
  endfacet
  facet normal 0.851355 0.52459 -0
    outer loop
      vertex 0.0428864 0.0257051 -0.0500000
      vertex 0.0422427 0.0267499 0.1500000
      vertex 0.0428864 0.0257051 0.1500000
    endloop
  endfacet
  facet normal 0.838225 0.545325 0
    outer loop
      vertex 0.0422427 0.0267499 -0.0500000
      vertex 0.0415735 0.0277785 -0.0500000
      vertex 0.0415735 0.0277785 0.1500000
    endloop
  endfacet
  facet normal 0.838225 0.545325 -0
    outer loop
      vertex 0.0422427 0.0267499 -0.0500000
      vertex 0.0415735 0.0277785 0.1500000
      vertex 0.0422427 0.0267499 0.1500000
    endloop
  endfacet
  facet normal 0.824589 0.565732 0
    outer loop
      vertex 0.0415735 0.0277785 -0.0500000
      vertex 0.0408792 0.0287904 -0.0500000
      vertex 0.0408792 0.0287904 0.1500000
    endloop
  endfacet
  facet normal 0.824589 0.565732 -0
    outer loop
      vertex 0.0415735 0.0277785 -0.0500000
      vertex 0.0408792 0.0287904 0.1500000
      vertex 0.0415735 0.0277785 0.1500000
    endloop
  endfacet
  facet normal 0.810457 0.585798 0
    outer loop
      vertex 0.0408792 0.0287904 -0.0500000
      vertex 0.0401604 0.0297850 -0.0500000
      vertex 0.0401604 0.0297850 0.1500000
    endloop
  endfacet
  facet normal 0.810457 0.585798 -0
    outer loop
      vertex 0.0408792 0.0287904 -0.0500000
      vertex 0.0401604 0.0297850 0.1500000
      vertex 0.0408792 0.0287904 0.1500000
    endloop
  endfacet
  facet normal 0.795837 0.605511 0
    outer loop
      vertex 0.0401604 0.0297850 -0.0500000
      vertex 0.0394173 0.0307616 -0.0500000
      vertex 0.0394173 0.0307616 0.1500000
    endloop
  endfacet
  facet normal 0.795837 0.605511 -0
    outer loop
      vertex 0.0401604 0.0297850 -0.0500000
      vertex 0.0394173 0.0307616 0.1500000
      vertex 0.0401604 0.0297850 0.1500000
    endloop
  endfacet
  facet normal 0.780737 0.624859 0
    outer loop
      vertex 0.0394173 0.0307616 -0.0500000
      vertex 0.0386505 0.0317197 -0.0500000
      vertex 0.0386505 0.0317197 0.1500000
    endloop
  endfacet
  facet normal 0.780737 0.624859 -0
    outer loop
      vertex 0.0394173 0.0307616 -0.0500000
      vertex 0.0386505 0.0317197 0.1500000
      vertex 0.0394173 0.0307616 0.1500000
    endloop
  endfacet
  facet normal 0.765167 0.643832 0
    outer loop
      vertex 0.0386505 0.0317197 -0.0500000
      vertex 0.0378604 0.0326586 -0.0500000
      vertex 0.0378604 0.0326586 0.1500000
    endloop
  endfacet
  facet normal 0.765167 0.643832 -0
    outer loop
      vertex 0.0386505 0.0317197 -0.0500000
      vertex 0.0378604 0.0326586 0.1500000
      vertex 0.0386505 0.0317197 0.1500000
    endloop
  endfacet
  facet normal 0.749136 0.662416 0
    outer loop
      vertex 0.0378604 0.0326586 -0.0500000
      vertex 0.0370476 0.0335779 -0.0500000
      vertex 0.0370476 0.0335779 0.1500000
    endloop
  endfacet
  facet normal 0.749136 0.662416 -0
    outer loop
      vertex 0.0378604 0.0326586 -0.0500000
      vertex 0.0370476 0.0335779 0.1500000
      vertex 0.0378604 0.0326586 0.1500000
    endloop
  endfacet
  facet normal 0.732654 0.680601 0
    outer loop
      vertex 0.0370476 0.0335779 -0.0500000
      vertex 0.0362124 0.0344770 -0.0500000
      vertex 0.0362124 0.0344770 0.1500000
    endloop
  endfacet
  facet normal 0.732654 0.680601 -0
    outer loop
      vertex 0.0370476 0.0335779 -0.0500000
      vertex 0.0362124 0.0344770 0.1500000
      vertex 0.0370476 0.0335779 0.1500000
    endloop
  endfacet
  facet normal 0.715731 0.698376 0
    outer loop
      vertex 0.0362124 0.0344770 -0.0500000
      vertex 0.0353553 0.0353553 -0.0500000
      vertex 0.0353553 0.0353553 0.1500000
    endloop
  endfacet
  facet normal 0.715731 0.698376 -0
    outer loop
      vertex 0.0362124 0.0344770 -0.0500000
      vertex 0.0353553 0.0353553 0.1500000
      vertex 0.0362124 0.0344770 0.1500000
    endloop
  endfacet
  facet normal 0.698376 0.715731 0
    outer loop
      vertex 0.0353553 0.0353553 -0.0500000
      vertex 0.0344770 0.0362124 -0.0500000
      vertex 0.0344770 0.0362124 0.1500000
    endloop
  endfacet
  facet normal 0.698376 0.715731 -0
    outer loop
      vertex 0.0353553 0.0353553 -0.0500000
      vertex 0.0344770 0.0362124 0.1500000
      vertex 0.0353553 0.0353553 0.1500000
    endloop
  endfacet
  facet normal 0.680601 0.732654 0
    outer loop
      vertex 0.0344770 0.0362124 -0.0500000
      vertex 0.0335779 0.0370476 -0.0500000
      vertex 0.0335779 0.0370476 0.1500000
    endloop
  endfacet
  facet normal 0.680601 0.732654 -0
    outer loop
      vertex 0.0344770 0.0362124 -0.0500000
      vertex 0.0335779 0.0370476 0.1500000
      vertex 0.0344770 0.0362124 0.1500000
    endloop
  endfacet
  facet normal 0.662416 0.749136 0
    outer loop
      vertex 0.0335779 0.0370476 -0.0500000
      vertex 0.0326586 0.0378604 -0.0500000
      vertex 0.0326586 0.0378604 0.1500000
    endloop
  endfacet
  facet normal 0.662416 0.749136 -0
    outer loop
      vertex 0.0335779 0.0370476 -0.0500000
      vertex 0.0326586 0.0378604 0.1500000
      vertex 0.0335779 0.0370476 0.1500000
    endloop
  endfacet
  facet normal 0.643832 0.765167 0
    outer loop
      vertex 0.0326586 0.0378604 -0.0500000
      vertex 0.0317197 0.0386505 -0.0500000
      vertex 0.0317197 0.0386505 0.1500000
    endloop
  endfacet
  facet normal 0.643832 0.765167 -0
    outer loop
      vertex 0.0326586 0.0378604 -0.0500000
      vertex 0.0317197 0.0386505 0.1500000
      vertex 0.0326586 0.0378604 0.1500000
    endloop
  endfacet
  facet normal 0.624859 0.780737 0
    outer loop
      vertex 0.0317197 0.0386505 -0.0500000
      vertex 0.0307616 0.0394173 -0.0500000
      vertex 0.0307616 0.0394173 0.1500000
    endloop
  endfacet
  facet normal 0.624859 0.780737 -0
    outer loop
      vertex 0.0317197 0.0386505 -0.0500000
      vertex 0.0307616 0.0394173 0.1500000
      vertex 0.0317197 0.0386505 0.1500000
    endloop
  endfacet
  facet normal 0.605511 0.795837 0
    outer loop
      vertex 0.0307616 0.0394173 -0.0500000
      vertex 0.0297850 0.0401604 -0.0500000
      vertex 0.0297850 0.0401604 0.1500000
    endloop
  endfacet
  facet normal 0.605511 0.795837 -0
    outer loop
      vertex 0.0307616 0.0394173 -0.0500000
      vertex 0.0297850 0.0401604 0.1500000
      vertex 0.0307616 0.0394173 0.1500000
    endloop
  endfacet
  facet normal 0.585798 0.810457 0
    outer loop
      vertex 0.0297850 0.0401604 -0.0500000
      vertex 0.0287904 0.0408792 -0.0500000
      vertex 0.0287904 0.0408792 0.1500000
    endloop
  endfacet
  facet normal 0.585798 0.810457 -0
    outer loop
      vertex 0.0297850 0.0401604 -0.0500000
      vertex 0.0287904 0.0408792 0.1500000
      vertex 0.0297850 0.0401604 0.1500000
    endloop
  endfacet
  facet normal 0.565732 0.824589 0
    outer loop
      vertex 0.0287904 0.0408792 -0.0500000
      vertex 0.0277785 0.0415735 -0.0500000
      vertex 0.0277785 0.0415735 0.1500000
    endloop
  endfacet
  facet normal 0.565732 0.824589 -0
    outer loop
      vertex 0.0287904 0.0408792 -0.0500000
      vertex 0.0277785 0.0415735 0.1500000
      vertex 0.0287904 0.0408792 0.1500000
    endloop
  endfacet
  facet normal 0.545325 0.838225 0
    outer loop
      vertex 0.0277785 0.0415735 -0.0500000
      vertex 0.0267499 0.0422427 -0.0500000
      vertex 0.0267499 0.0422427 0.1500000
    endloop
  endfacet
  facet normal 0.545325 0.838225 -0
    outer loop
      vertex 0.0277785 0.0415735 -0.0500000
      vertex 0.0267499 0.0422427 0.1500000
      vertex 0.0277785 0.0415735 0.1500000
    endloop
  endfacet
  facet normal 0.52459 0.851355 0
    outer loop
      vertex 0.0267499 0.0422427 -0.0500000
      vertex 0.0257051 0.0428864 -0.0500000
      vertex 0.0257051 0.0428864 0.1500000
    endloop
  endfacet
  facet normal 0.52459 0.851355 -0
    outer loop
      vertex 0.0267499 0.0422427 -0.0500000
      vertex 0.0257051 0.0428864 0.1500000
      vertex 0.0267499 0.0422427 0.1500000
    endloop
  endfacet
  facet normal 0.503538 0.863973 0
    outer loop
      vertex 0.0257051 0.0428864 -0.0500000
      vertex 0.0246449 0.0435043 -0.0500000
      vertex 0.0246449 0.0435043 0.1500000
    endloop
  endfacet
  facet normal 0.503538 0.863973 -0
    outer loop
      vertex 0.0257051 0.0428864 -0.0500000
      vertex 0.0246449 0.0435043 0.1500000
      vertex 0.0257051 0.0428864 0.1500000
    endloop
  endfacet
  facet normal 0.482184 0.87607 0
    outer loop
      vertex 0.0246449 0.0435043 -0.0500000
      vertex 0.0235698 0.0440961 -0.0500000
      vertex 0.0235698 0.0440961 0.1500000
    endloop
  endfacet
  facet normal 0.482184 0.87607 -0
    outer loop
      vertex 0.0246449 0.0435043 -0.0500000
      vertex 0.0235698 0.0440961 0.1500000
      vertex 0.0246449 0.0435043 0.1500000
    endloop
  endfacet
  facet normal 0.460539 0.88764 0
    outer loop
      vertex 0.0235698 0.0440961 -0.0500000
      vertex 0.0224806 0.0446612 -0.0500000
      vertex 0.0224806 0.0446612 0.1500000
    endloop
  endfacet
  facet normal 0.460539 0.88764 -0
    outer loop
      vertex 0.0235698 0.0440961 -0.0500000
      vertex 0.0224806 0.0446612 0.1500000
      vertex 0.0235698 0.0440961 0.1500000
    endloop
  endfacet
  facet normal 0.438616 0.898674 0
    outer loop
      vertex 0.0224806 0.0446612 -0.0500000
      vertex 0.0213778 0.0451995 -0.0500000
      vertex 0.0213778 0.0451995 0.1500000
    endloop
  endfacet
  facet normal 0.438616 0.898674 -0
    outer loop
      vertex 0.0224806 0.0446612 -0.0500000
      vertex 0.0213778 0.0451995 0.1500000
      vertex 0.0224806 0.0446612 0.1500000
    endloop
  endfacet
  facet normal 0.41643 0.909168 0
    outer loop
      vertex 0.0213778 0.0451995 -0.0500000
      vertex 0.0202621 0.0457105 -0.0500000
      vertex 0.0202621 0.0457105 0.1500000
    endloop
  endfacet
  facet normal 0.41643 0.909168 -0
    outer loop
      vertex 0.0213778 0.0451995 -0.0500000
      vertex 0.0202621 0.0457105 0.1500000
      vertex 0.0213778 0.0451995 0.1500000
    endloop
  endfacet
  facet normal 0.393992 0.919114 0
    outer loop
      vertex 0.0202621 0.0457105 -0.0500000
      vertex 0.0191342 0.0461940 -0.0500000
      vertex 0.0191342 0.0461940 0.1500000
    endloop
  endfacet
  facet normal 0.393992 0.919114 -0
    outer loop
      vertex 0.0202621 0.0457105 -0.0500000
      vertex 0.0191342 0.0461940 0.1500000
      vertex 0.0202621 0.0457105 0.1500000
    endloop
  endfacet
  facet normal 0.371317 0.928506 0
    outer loop
      vertex 0.0191342 0.0461940 -0.0500000
      vertex 0.0179948 0.0466496 -0.0500000
      vertex 0.0179948 0.0466496 0.1500000
    endloop
  endfacet
  facet normal 0.371317 0.928506 -0
    outer loop
      vertex 0.0191342 0.0461940 -0.0500000
      vertex 0.0179948 0.0466496 0.1500000
      vertex 0.0191342 0.0461940 0.1500000
    endloop
  endfacet
  facet normal 0.348419 0.937339 0
    outer loop
      vertex 0.0179948 0.0466496 -0.0500000
      vertex 0.0168445 0.0470772 -0.0500000
      vertex 0.0168445 0.0470772 0.1500000
    endloop
  endfacet
  facet normal 0.348419 0.937339 -0
    outer loop
      vertex 0.0179948 0.0466496 -0.0500000
      vertex 0.0168445 0.0470772 0.1500000
      vertex 0.0179948 0.0466496 0.1500000
    endloop
  endfacet
  facet normal 0.32531 0.945607 0
    outer loop
      vertex 0.0168445 0.0470772 -0.0500000
      vertex 0.0156841 0.0474764 -0.0500000
      vertex 0.0156841 0.0474764 0.1500000
    endloop
  endfacet
  facet normal 0.32531 0.945607 -0
    outer loop
      vertex 0.0168445 0.0470772 -0.0500000
      vertex 0.0156841 0.0474764 0.1500000
      vertex 0.0168445 0.0470772 0.1500000
    endloop
  endfacet
  facet normal 0.302006 0.953306 0
    outer loop
      vertex 0.0156841 0.0474764 -0.0500000
      vertex 0.0145142 0.0478470 -0.0500000
      vertex 0.0145142 0.0478470 0.1500000
    endloop
  endfacet
  facet normal 0.302006 0.953306 -0
    outer loop
      vertex 0.0156841 0.0474764 -0.0500000
      vertex 0.0145142 0.0478470 0.1500000
      vertex 0.0156841 0.0474764 0.1500000
    endloop
  endfacet
  facet normal 0.27852 0.960431 0
    outer loop
      vertex 0.0145142 0.0478470 -0.0500000
      vertex 0.0133356 0.0481888 -0.0500000
      vertex 0.0133356 0.0481888 0.1500000
    endloop
  endfacet
  facet normal 0.27852 0.960431 -0
    outer loop
      vertex 0.0145142 0.0478470 -0.0500000
      vertex 0.0133356 0.0481888 0.1500000
      vertex 0.0145142 0.0478470 0.1500000
    endloop
  endfacet
  facet normal 0.254866 0.966976 0
    outer loop
      vertex 0.0133356 0.0481888 -0.0500000
      vertex 0.0121490 0.0485016 -0.0500000
      vertex 0.0121490 0.0485016 0.1500000
    endloop
  endfacet
  facet normal 0.254866 0.966976 -0
    outer loop
      vertex 0.0133356 0.0481888 -0.0500000
      vertex 0.0121490 0.0485016 0.1500000
      vertex 0.0133356 0.0481888 0.1500000
    endloop
  endfacet
  facet normal 0.231058 0.97294 0
    outer loop
      vertex 0.0121490 0.0485016 -0.0500000
      vertex 0.0109551 0.0487851 -0.0500000
      vertex 0.0109551 0.0487851 0.1500000
    endloop
  endfacet
  facet normal 0.231058 0.97294 -0
    outer loop
      vertex 0.0121490 0.0485016 -0.0500000
      vertex 0.0109551 0.0487851 0.1500000
      vertex 0.0121490 0.0485016 0.1500000
    endloop
  endfacet
  facet normal 0.207111 0.978317 0
    outer loop
      vertex 0.0109551 0.0487851 -0.0500000
      vertex 0.0097545 0.0490393 -0.0500000
      vertex 0.0097545 0.0490393 0.1500000
    endloop
  endfacet
  facet normal 0.207111 0.978317 -0
    outer loop
      vertex 0.0109551 0.0487851 -0.0500000
      vertex 0.0097545 0.0490393 0.1500000
      vertex 0.0109551 0.0487851 0.1500000
    endloop
  endfacet
  facet normal 0.18304 0.983105 0
    outer loop
      vertex 0.0097545 0.0490393 -0.0500000
      vertex 0.0085481 0.0492639 -0.0500000
      vertex 0.0085481 0.0492639 0.1500000
    endloop
  endfacet
  facet normal 0.18304 0.983105 -0
    outer loop
      vertex 0.0097545 0.0490393 -0.0500000
      vertex 0.0085481 0.0492639 0.1500000
      vertex 0.0097545 0.0490393 0.1500000
    endloop
  endfacet
  facet normal 0.158858 0.987301 0
    outer loop
      vertex 0.0085481 0.0492639 -0.0500000
      vertex 0.0073365 0.0494588 -0.0500000
      vertex 0.0073365 0.0494588 0.1500000
    endloop
  endfacet
  facet normal 0.158858 0.987301 -0
    outer loop
      vertex 0.0085481 0.0492639 -0.0500000
      vertex 0.0073365 0.0494588 0.1500000
      vertex 0.0085481 0.0492639 0.1500000
    endloop
  endfacet
  facet normal 0.134581 0.990903 0
    outer loop
      vertex 0.0073365 0.0494588 -0.0500000
      vertex 0.0061205 0.0496240 -0.0500000
      vertex 0.0061205 0.0496240 0.1500000
    endloop
  endfacet
  facet normal 0.134581 0.990903 -0
    outer loop
      vertex 0.0073365 0.0494588 -0.0500000
      vertex 0.0061205 0.0496240 0.1500000
      vertex 0.0073365 0.0494588 0.1500000
    endloop
  endfacet
  facet normal 0.110222 0.993907 0
    outer loop
      vertex 0.0061205 0.0496240 -0.0500000
      vertex 0.0049009 0.0497592 -0.0500000
      vertex 0.0049009 0.0497592 0.1500000
    endloop
  endfacet
  facet normal 0.110222 0.993907 -0
    outer loop
      vertex 0.0061205 0.0496240 -0.0500000
      vertex 0.0049009 0.0497592 0.1500000
      vertex 0.0061205 0.0496240 0.1500000
    endloop
  endfacet
  facet normal 0.0857973 0.996313 0
    outer loop
      vertex 0.0049009 0.0497592 -0.0500000
      vertex 0.0036782 0.0498645 -0.0500000
      vertex 0.0036782 0.0498645 0.1500000
    endloop
  endfacet
  facet normal 0.0857973 0.996313 -0
    outer loop
      vertex 0.0049009 0.0497592 -0.0500000
      vertex 0.0036782 0.0498645 0.1500000
      vertex 0.0049009 0.0497592 0.1500000
    endloop
  endfacet
  facet normal 0.0613207 0.998118 0
    outer loop
      vertex 0.0036782 0.0498645 -0.0500000
      vertex 0.0024534 0.0499398 -0.0500000
      vertex 0.0024534 0.0499398 0.1500000
    endloop
  endfacet
  facet normal 0.0613207 0.998118 -0
    outer loop
      vertex 0.0036782 0.0498645 -0.0500000
      vertex 0.0024534 0.0499398 0.1500000
      vertex 0.0036782 0.0498645 0.1500000
    endloop
  endfacet
  facet normal 0.0368072 0.999322 0
    outer loop
      vertex 0.0024534 0.0499398 -0.0500000
      vertex 0.0012271 0.0499849 -0.0500000
      vertex 0.0012271 0.0499849 0.1500000
    endloop
  endfacet
  facet normal 0.0368072 0.999322 -0
    outer loop
      vertex 0.0024534 0.0499398 -0.0500000
      vertex 0.0012271 0.0499849 0.1500000
      vertex 0.0024534 0.0499398 0.1500000
    endloop
  endfacet
  facet normal 0.0122715 0.999925 0
    outer loop
      vertex 0.0012271 0.0499849 -0.0500000
      vertex 0.0000000 0.0500000 -0.0500000
      vertex 0.0000000 0.0500000 0.1500000
    endloop
  endfacet
  facet normal 0.0122715 0.999925 -0
    outer loop
      vertex 0.0012271 0.0499849 -0.0500000
      vertex 0.0000000 0.0500000 0.1500000
      vertex 0.0012271 0.0499849 0.1500000
    endloop
  endfacet
  facet normal -0.0122715 0.999925 0
    outer loop
      vertex 0.0000000 0.0500000 -0.0500000
      vertex -0.0012271 0.0499849 -0.0500000
      vertex -0.0012271 0.0499849 0.1500000
    endloop
  endfacet
  facet normal -0.0122715 0.999925 0
    outer loop
      vertex 0.0000000 0.0500000 -0.0500000
      vertex -0.0012271 0.0499849 0.1500000
      vertex 0.0000000 0.0500000 0.1500000
    endloop
  endfacet
  facet normal -0.0368072 0.999322 0
    outer loop
      vertex -0.0012271 0.0499849 -0.0500000
      vertex -0.0024534 0.0499398 -0.0500000
      vertex -0.0024534 0.0499398 0.1500000
    endloop
  endfacet
  facet normal -0.0368072 0.999322 0
    outer loop
      vertex -0.0012271 0.0499849 -0.0500000
      vertex -0.0024534 0.0499398 0.1500000
      vertex -0.0012271 0.0499849 0.1500000
    endloop
  endfacet
  facet normal -0.0613207 0.998118 0
    outer loop
      vertex -0.0024534 0.0499398 -0.0500000
      vertex -0.0036782 0.0498645 -0.0500000
      vertex -0.0036782 0.0498645 0.1500000
    endloop
  endfacet
  facet normal -0.0613207 0.998118 0
    outer loop
      vertex -0.0024534 0.0499398 -0.0500000
      vertex -0.0036782 0.0498645 0.1500000
      vertex -0.0024534 0.0499398 0.1500000
    endloop
  endfacet
  facet normal -0.0857973 0.996313 0
    outer loop
      vertex -0.0036782 0.0498645 -0.0500000
      vertex -0.0049009 0.0497592 -0.0500000
      vertex -0.0049009 0.0497592 0.1500000
    endloop
  endfacet
  facet normal -0.0857973 0.996313 0
    outer loop
      vertex -0.0036782 0.0498645 -0.0500000
      vertex -0.0049009 0.0497592 0.1500000
      vertex -0.0036782 0.0498645 0.1500000
    endloop
  endfacet
  facet normal -0.110222 0.993907 0
    outer loop
      vertex -0.0049009 0.0497592 -0.0500000
      vertex -0.0061205 0.0496240 -0.0500000
      vertex -0.0061205 0.0496240 0.1500000
    endloop
  endfacet
  facet normal -0.110222 0.993907 0
    outer loop
      vertex -0.0049009 0.0497592 -0.0500000
      vertex -0.0061205 0.0496240 0.1500000
      vertex -0.0049009 0.0497592 0.1500000
    endloop
  endfacet
  facet normal -0.134581 0.990903 0
    outer loop
      vertex -0.0061205 0.0496240 -0.0500000
      vertex -0.0073365 0.0494588 -0.0500000
      vertex -0.0073365 0.0494588 0.1500000
    endloop
  endfacet
  facet normal -0.134581 0.990903 0
    outer loop
      vertex -0.0061205 0.0496240 -0.0500000
      vertex -0.0073365 0.0494588 0.1500000
      vertex -0.0061205 0.0496240 0.1500000
    endloop
  endfacet
  facet normal -0.158858 0.987301 0
    outer loop
      vertex -0.0073365 0.0494588 -0.0500000
      vertex -0.0085481 0.0492639 -0.0500000
      vertex -0.0085481 0.0492639 0.1500000
    endloop
  endfacet
  facet normal -0.158858 0.987301 0
    outer loop
      vertex -0.0073365 0.0494588 -0.0500000
      vertex -0.0085481 0.0492639 0.1500000
      vertex -0.0073365 0.0494588 0.1500000
    endloop
  endfacet
  facet normal -0.18304 0.983105 0
    outer loop
      vertex -0.0085481 0.0492639 -0.0500000
      vertex -0.0097545 0.0490393 -0.0500000
      vertex -0.0097545 0.0490393 0.1500000
    endloop
  endfacet
  facet normal -0.18304 0.983105 0
    outer loop
      vertex -0.0085481 0.0492639 -0.0500000
      vertex -0.0097545 0.0490393 0.1500000
      vertex -0.0085481 0.0492639 0.1500000
    endloop
  endfacet
  facet normal -0.207111 0.978317 0
    outer loop
      vertex -0.0097545 0.0490393 -0.0500000
      vertex -0.0109551 0.0487851 -0.0500000
      vertex -0.0109551 0.0487851 0.1500000
    endloop
  endfacet
  facet normal -0.207111 0.978317 0
    outer loop
      vertex -0.0097545 0.0490393 -0.0500000
      vertex -0.0109551 0.0487851 0.1500000
      vertex -0.0097545 0.0490393 0.1500000
    endloop
  endfacet
  facet normal -0.231058 0.97294 0
    outer loop
      vertex -0.0109551 0.0487851 -0.0500000
      vertex -0.0121490 0.0485016 -0.0500000
      vertex -0.0121490 0.0485016 0.1500000
    endloop
  endfacet
  facet normal -0.231058 0.97294 0
    outer loop
      vertex -0.0109551 0.0487851 -0.0500000
      vertex -0.0121490 0.0485016 0.1500000
      vertex -0.0109551 0.0487851 0.1500000
    endloop
  endfacet
  facet normal -0.254866 0.966976 0
    outer loop
      vertex -0.0121490 0.0485016 -0.0500000
      vertex -0.0133356 0.0481888 -0.0500000
      vertex -0.0133356 0.0481888 0.1500000
    endloop
  endfacet
  facet normal -0.254866 0.966976 0
    outer loop
      vertex -0.0121490 0.0485016 -0.0500000
      vertex -0.0133356 0.0481888 0.1500000
      vertex -0.0121490 0.0485016 0.1500000
    endloop
  endfacet
  facet normal -0.27852 0.960431 0
    outer loop
      vertex -0.0133356 0.0481888 -0.0500000
      vertex -0.0145142 0.0478470 -0.0500000
      vertex -0.0145142 0.0478470 0.1500000
    endloop
  endfacet
  facet normal -0.27852 0.960431 0
    outer loop
      vertex -0.0133356 0.0481888 -0.0500000
      vertex -0.0145142 0.0478470 0.1500000
      vertex -0.0133356 0.0481888 0.1500000
    endloop
  endfacet
  facet normal -0.302006 0.953306 0
    outer loop
      vertex -0.0145142 0.0478470 -0.0500000
      vertex -0.0156841 0.0474764 -0.0500000
      vertex -0.0156841 0.0474764 0.1500000
    endloop
  endfacet
  facet normal -0.302006 0.953306 0
    outer loop
      vertex -0.0145142 0.0478470 -0.0500000
      vertex -0.0156841 0.0474764 0.1500000
      vertex -0.0145142 0.0478470 0.1500000
    endloop
  endfacet
  facet normal -0.32531 0.945607 0
    outer loop
      vertex -0.0156841 0.0474764 -0.0500000
      vertex -0.0168445 0.0470772 -0.0500000
      vertex -0.0168445 0.0470772 0.1500000
    endloop
  endfacet
  facet normal -0.32531 0.945607 0
    outer loop
      vertex -0.0156841 0.0474764 -0.0500000
      vertex -0.0168445 0.0470772 0.1500000
      vertex -0.0156841 0.0474764 0.1500000
    endloop
  endfacet
  facet normal -0.348419 0.937339 0
    outer loop
      vertex -0.0168445 0.0470772 -0.0500000
      vertex -0.0179948 0.0466496 -0.0500000
      vertex -0.0179948 0.0466496 0.1500000
    endloop
  endfacet
  facet normal -0.348419 0.937339 0
    outer loop
      vertex -0.0168445 0.0470772 -0.0500000
      vertex -0.0179948 0.0466496 0.1500000
      vertex -0.0168445 0.0470772 0.1500000
    endloop
  endfacet
  facet normal -0.371317 0.928506 0
    outer loop
      vertex -0.0179948 0.0466496 -0.0500000
      vertex -0.0191342 0.0461940 -0.0500000
      vertex -0.0191342 0.0461940 0.1500000
    endloop
  endfacet
  facet normal -0.371317 0.928506 0
    outer loop
      vertex -0.0179948 0.0466496 -0.0500000
      vertex -0.0191342 0.0461940 0.1500000
      vertex -0.0179948 0.0466496 0.1500000
    endloop
  endfacet
  facet normal -0.393992 0.919114 0
    outer loop
      vertex -0.0191342 0.0461940 -0.0500000
      vertex -0.0202621 0.0457105 -0.0500000
      vertex -0.0202621 0.0457105 0.1500000
    endloop
  endfacet
  facet normal -0.393992 0.919114 0
    outer loop
      vertex -0.0191342 0.0461940 -0.0500000
      vertex -0.0202621 0.0457105 0.1500000
      vertex -0.0191342 0.0461940 0.1500000
    endloop
  endfacet
  facet normal -0.41643 0.909168 0
    outer loop
      vertex -0.0202621 0.0457105 -0.0500000
      vertex -0.0213778 0.0451995 -0.0500000
      vertex -0.0213778 0.0451995 0.1500000
    endloop
  endfacet
  facet normal -0.41643 0.909168 0
    outer loop
      vertex -0.0202621 0.0457105 -0.0500000
      vertex -0.0213778 0.0451995 0.1500000
      vertex -0.0202621 0.0457105 0.1500000
    endloop
  endfacet
  facet normal -0.438616 0.898674 0
    outer loop
      vertex -0.0213778 0.0451995 -0.0500000
      vertex -0.0224806 0.0446612 -0.0500000
      vertex -0.0224806 0.0446612 0.1500000
    endloop
  endfacet
  facet normal -0.438616 0.898674 0
    outer loop
      vertex -0.0213778 0.0451995 -0.0500000
      vertex -0.0224806 0.0446612 0.1500000
      vertex -0.0213778 0.0451995 0.1500000
    endloop
  endfacet
  facet normal -0.460539 0.88764 0
    outer loop
      vertex -0.0224806 0.0446612 -0.0500000
      vertex -0.0235698 0.0440961 -0.0500000
      vertex -0.0235698 0.0440961 0.1500000
    endloop
  endfacet
  facet normal -0.460539 0.88764 0
    outer loop
      vertex -0.0224806 0.0446612 -0.0500000
      vertex -0.0235698 0.0440961 0.1500000
      vertex -0.0224806 0.0446612 0.1500000
    endloop
  endfacet
  facet normal -0.482184 0.87607 0
    outer loop
      vertex -0.0235698 0.0440961 -0.0500000
      vertex -0.0246449 0.0435043 -0.0500000
      vertex -0.0246449 0.0435043 0.1500000
    endloop
  endfacet
  facet normal -0.482184 0.87607 0
    outer loop
      vertex -0.0235698 0.0440961 -0.0500000
      vertex -0.0246449 0.0435043 0.1500000
      vertex -0.0235698 0.0440961 0.1500000
    endloop
  endfacet
  facet normal -0.503538 0.863973 0
    outer loop
      vertex -0.0246449 0.0435043 -0.0500000
      vertex -0.0257051 0.0428864 -0.0500000
      vertex -0.0257051 0.0428864 0.1500000
    endloop
  endfacet
  facet normal -0.503538 0.863973 0
    outer loop
      vertex -0.0246449 0.0435043 -0.0500000
      vertex -0.0257051 0.0428864 0.1500000
      vertex -0.0246449 0.0435043 0.1500000
    endloop
  endfacet
  facet normal -0.52459 0.851355 0
    outer loop
      vertex -0.0257051 0.0428864 -0.0500000
      vertex -0.0267499 0.0422427 -0.0500000
      vertex -0.0267499 0.0422427 0.1500000
    endloop
  endfacet
  facet normal -0.52459 0.851355 0
    outer loop
      vertex -0.0257051 0.0428864 -0.0500000
      vertex -0.0267499 0.0422427 0.1500000
      vertex -0.0257051 0.0428864 0.1500000
    endloop
  endfacet
  facet normal -0.545325 0.838225 0
    outer loop
      vertex -0.0267499 0.0422427 -0.0500000
      vertex -0.0277785 0.0415735 -0.0500000
      vertex -0.0277785 0.0415735 0.1500000
    endloop
  endfacet
  facet normal -0.545325 0.838225 0
    outer loop
      vertex -0.0267499 0.0422427 -0.0500000
      vertex -0.0277785 0.0415735 0.1500000
      vertex -0.0267499 0.0422427 0.1500000
    endloop
  endfacet
  facet normal -0.565732 0.824589 0
    outer loop
      vertex -0.0277785 0.0415735 -0.0500000
      vertex -0.0287904 0.0408792 -0.0500000
      vertex -0.0287904 0.0408792 0.1500000
    endloop
  endfacet
  facet normal -0.565732 0.824589 0
    outer loop
      vertex -0.0277785 0.0415735 -0.0500000
      vertex -0.0287904 0.0408792 0.1500000
      vertex -0.0277785 0.0415735 0.1500000
    endloop
  endfacet
  facet normal -0.585798 0.810457 0
    outer loop
      vertex -0.0287904 0.0408792 -0.0500000
      vertex -0.0297850 0.0401604 -0.0500000
      vertex -0.0297850 0.0401604 0.1500000
    endloop
  endfacet
  facet normal -0.585798 0.810457 0
    outer loop
      vertex -0.0287904 0.0408792 -0.0500000
      vertex -0.0297850 0.0401604 0.1500000
      vertex -0.0287904 0.0408792 0.1500000
    endloop
  endfacet
  facet normal -0.605511 0.795837 0
    outer loop
      vertex -0.0297850 0.0401604 -0.0500000
      vertex -0.0307616 0.0394173 -0.0500000
      vertex -0.0307616 0.0394173 0.1500000
    endloop
  endfacet
  facet normal -0.605511 0.795837 0
    outer loop
      vertex -0.0297850 0.0401604 -0.0500000
      vertex -0.0307616 0.0394173 0.1500000
      vertex -0.0297850 0.0401604 0.1500000
    endloop
  endfacet
  facet normal -0.624859 0.780737 0
    outer loop
      vertex -0.0307616 0.0394173 -0.0500000
      vertex -0.0317197 0.0386505 -0.0500000
      vertex -0.0317197 0.0386505 0.1500000
    endloop
  endfacet
  facet normal -0.624859 0.780737 0
    outer loop
      vertex -0.0307616 0.0394173 -0.0500000
      vertex -0.0317197 0.0386505 0.1500000
      vertex -0.0307616 0.0394173 0.1500000
    endloop
  endfacet
  facet normal -0.643832 0.765167 0
    outer loop
      vertex -0.0317197 0.0386505 -0.0500000
      vertex -0.0326586 0.0378604 -0.0500000
      vertex -0.0326586 0.0378604 0.1500000
    endloop
  endfacet
  facet normal -0.643832 0.765167 0
    outer loop
      vertex -0.0317197 0.0386505 -0.0500000
      vertex -0.0326586 0.0378604 0.1500000
      vertex -0.0317197 0.0386505 0.1500000
    endloop
  endfacet
  facet normal -0.662416 0.749136 0
    outer loop
      vertex -0.0326586 0.0378604 -0.0500000
      vertex -0.0335779 0.0370476 -0.0500000
      vertex -0.0335779 0.0370476 0.1500000
    endloop
  endfacet
  facet normal -0.662416 0.749136 0
    outer loop
      vertex -0.0326586 0.0378604 -0.0500000
      vertex -0.0335779 0.0370476 0.1500000
      vertex -0.0326586 0.0378604 0.1500000
    endloop
  endfacet
  facet normal -0.680601 0.732654 0
    outer loop
      vertex -0.0335779 0.0370476 -0.0500000
      vertex -0.0344770 0.0362124 -0.0500000
      vertex -0.0344770 0.0362124 0.1500000
    endloop
  endfacet
  facet normal -0.680601 0.732654 0
    outer loop
      vertex -0.0335779 0.0370476 -0.0500000
      vertex -0.0344770 0.0362124 0.1500000
      vertex -0.0335779 0.0370476 0.1500000
    endloop
  endfacet
  facet normal -0.698376 0.715731 0
    outer loop
      vertex -0.0344770 0.0362124 -0.0500000
      vertex -0.0353553 0.0353553 -0.0500000
      vertex -0.0353553 0.0353553 0.1500000
    endloop
  endfacet
  facet normal -0.698376 0.715731 0
    outer loop
      vertex -0.0344770 0.0362124 -0.0500000
      vertex -0.0353553 0.0353553 0.1500000
      vertex -0.0344770 0.0362124 0.1500000
    endloop
  endfacet
  facet normal -0.715731 0.698376 0
    outer loop
      vertex -0.0353553 0.0353553 -0.0500000
      vertex -0.0362124 0.0344770 -0.0500000
      vertex -0.0362124 0.0344770 0.1500000
    endloop
  endfacet
  facet normal -0.715731 0.698376 0
    outer loop
      vertex -0.0353553 0.0353553 -0.0500000
      vertex -0.0362124 0.0344770 0.1500000
      vertex -0.0353553 0.0353553 0.1500000
    endloop
  endfacet
  facet normal -0.732654 0.680601 0
    outer loop
      vertex -0.0362124 0.0344770 -0.0500000
      vertex -0.0370476 0.0335779 -0.0500000
      vertex -0.0370476 0.0335779 0.1500000
    endloop
  endfacet
  facet normal -0.732654 0.680601 0
    outer loop
      vertex -0.0362124 0.0344770 -0.0500000
      vertex -0.0370476 0.0335779 0.1500000
      vertex -0.0362124 0.0344770 0.1500000
    endloop
  endfacet
  facet normal -0.749136 0.662416 0
    outer loop
      vertex -0.0370476 0.0335779 -0.0500000
      vertex -0.0378604 0.0326586 -0.0500000
      vertex -0.0378604 0.0326586 0.1500000
    endloop
  endfacet
  facet normal -0.749136 0.662416 0
    outer loop
      vertex -0.0370476 0.0335779 -0.0500000
      vertex -0.0378604 0.0326586 0.1500000
      vertex -0.0370476 0.0335779 0.1500000
    endloop
  endfacet
  facet normal -0.765167 0.643832 0
    outer loop
      vertex -0.0378604 0.0326586 -0.0500000
      vertex -0.0386505 0.0317197 -0.0500000
      vertex -0.0386505 0.0317197 0.1500000
    endloop
  endfacet
  facet normal -0.765167 0.643832 0
    outer loop
      vertex -0.0378604 0.0326586 -0.0500000
      vertex -0.0386505 0.0317197 0.1500000
      vertex -0.0378604 0.0326586 0.1500000
    endloop
  endfacet
  facet normal -0.780737 0.624859 0
    outer loop
      vertex -0.0386505 0.0317197 -0.0500000
      vertex -0.0394173 0.0307616 -0.0500000
      vertex -0.0394173 0.0307616 0.1500000
    endloop
  endfacet
  facet normal -0.780737 0.624859 0
    outer loop
      vertex -0.0386505 0.0317197 -0.0500000
      vertex -0.0394173 0.0307616 0.1500000
      vertex -0.0386505 0.0317197 0.1500000
    endloop
  endfacet
  facet normal -0.795837 0.605511 0
    outer loop
      vertex -0.0394173 0.0307616 -0.0500000
      vertex -0.0401604 0.0297850 -0.0500000
      vertex -0.0401604 0.0297850 0.1500000
    endloop
  endfacet
  facet normal -0.795837 0.605511 0
    outer loop
      vertex -0.0394173 0.0307616 -0.0500000
      vertex -0.0401604 0.0297850 0.1500000
      vertex -0.0394173 0.0307616 0.1500000
    endloop
  endfacet
  facet normal -0.810457 0.585798 0
    outer loop
      vertex -0.0401604 0.0297850 -0.0500000
      vertex -0.0408792 0.0287904 -0.0500000
      vertex -0.0408792 0.0287904 0.1500000
    endloop
  endfacet
  facet normal -0.810457 0.585798 0
    outer loop
      vertex -0.0401604 0.0297850 -0.0500000
      vertex -0.0408792 0.0287904 0.1500000
      vertex -0.0401604 0.0297850 0.1500000
    endloop
  endfacet
  facet normal -0.824589 0.565732 0
    outer loop
      vertex -0.0408792 0.0287904 -0.0500000
      vertex -0.0415735 0.0277785 -0.0500000
      vertex -0.0415735 0.0277785 0.1500000
    endloop
  endfacet
  facet normal -0.824589 0.565732 0
    outer loop
      vertex -0.0408792 0.0287904 -0.0500000
      vertex -0.0415735 0.0277785 0.1500000
      vertex -0.0408792 0.0287904 0.1500000
    endloop
  endfacet
  facet normal -0.838225 0.545325 0
    outer loop
      vertex -0.0415735 0.0277785 -0.0500000
      vertex -0.0422427 0.0267499 -0.0500000
      vertex -0.0422427 0.0267499 0.1500000
    endloop
  endfacet
  facet normal -0.838225 0.545325 0
    outer loop
      vertex -0.0415735 0.0277785 -0.0500000
      vertex -0.0422427 0.0267499 0.1500000
      vertex -0.0415735 0.0277785 0.1500000
    endloop
  endfacet
  facet normal -0.851355 0.52459 0
    outer loop
      vertex -0.0422427 0.0267499 -0.0500000
      vertex -0.0428864 0.0257051 -0.0500000
      vertex -0.0428864 0.0257051 0.1500000
    endloop
  endfacet
  facet normal -0.851355 0.52459 0
    outer loop
      vertex -0.0422427 0.0267499 -0.0500000
      vertex -0.0428864 0.0257051 0.1500000
      vertex -0.0422427 0.0267499 0.1500000
    endloop
  endfacet
  facet normal -0.863973 0.503538 0
    outer loop
      vertex -0.0428864 0.0257051 -0.0500000
      vertex -0.0435043 0.0246449 -0.0500000
      vertex -0.0435043 0.0246449 0.1500000
    endloop
  endfacet
  facet normal -0.863973 0.503538 0
    outer loop
      vertex -0.0428864 0.0257051 -0.0500000
      vertex -0.0435043 0.0246449 0.1500000
      vertex -0.0428864 0.0257051 0.1500000
    endloop
  endfacet
  facet normal -0.87607 0.482184 0
    outer loop
      vertex -0.0435043 0.0246449 -0.0500000
      vertex -0.0440961 0.0235698 -0.0500000
      vertex -0.0440961 0.0235698 0.1500000
    endloop
  endfacet
  facet normal -0.87607 0.482184 0
    outer loop
      vertex -0.0435043 0.0246449 -0.0500000
      vertex -0.0440961 0.0235698 0.1500000
      vertex -0.0435043 0.0246449 0.1500000
    endloop
  endfacet
  facet normal -0.88764 0.460539 0
    outer loop
      vertex -0.0440961 0.0235698 -0.0500000
      vertex -0.0446612 0.0224806 -0.0500000
      vertex -0.0446612 0.0224806 0.1500000
    endloop
  endfacet
  facet normal -0.88764 0.460539 0
    outer loop
      vertex -0.0440961 0.0235698 -0.0500000
      vertex -0.0446612 0.0224806 0.1500000
      vertex -0.0440961 0.0235698 0.1500000
    endloop
  endfacet
  facet normal -0.898674 0.438616 0
    outer loop
      vertex -0.0446612 0.0224806 -0.0500000
      vertex -0.0451995 0.0213778 -0.0500000
      vertex -0.0451995 0.0213778 0.1500000
    endloop
  endfacet
  facet normal -0.898674 0.438616 0
    outer loop
      vertex -0.0446612 0.0224806 -0.0500000
      vertex -0.0451995 0.0213778 0.1500000
      vertex -0.0446612 0.0224806 0.1500000
    endloop
  endfacet
  facet normal -0.909168 0.41643 0
    outer loop
      vertex -0.0451995 0.0213778 -0.0500000
      vertex -0.0457105 0.0202621 -0.0500000
      vertex -0.0457105 0.0202621 0.1500000
    endloop
  endfacet
  facet normal -0.909168 0.41643 0
    outer loop
      vertex -0.0451995 0.0213778 -0.0500000
      vertex -0.0457105 0.0202621 0.1500000
      vertex -0.0451995 0.0213778 0.1500000
    endloop
  endfacet
  facet normal -0.919114 0.393992 0
    outer loop
      vertex -0.0457105 0.0202621 -0.0500000
      vertex -0.0461940 0.0191342 -0.0500000
      vertex -0.0461940 0.0191342 0.1500000
    endloop
  endfacet
  facet normal -0.919114 0.393992 0
    outer loop
      vertex -0.0457105 0.0202621 -0.0500000
      vertex -0.0461940 0.0191342 0.1500000
      vertex -0.0457105 0.0202621 0.1500000
    endloop
  endfacet
  facet normal -0.928506 0.371317 0
    outer loop
      vertex -0.0461940 0.0191342 -0.0500000
      vertex -0.0466496 0.0179948 -0.0500000
      vertex -0.0466496 0.0179948 0.1500000
    endloop
  endfacet
  facet normal -0.928506 0.371317 0
    outer loop
      vertex -0.0461940 0.0191342 -0.0500000
      vertex -0.0466496 0.0179948 0.1500000
      vertex -0.0461940 0.0191342 0.1500000
    endloop
  endfacet
  facet normal -0.937339 0.348419 0
    outer loop
      vertex -0.0466496 0.0179948 -0.0500000
      vertex -0.0470772 0.0168445 -0.0500000
      vertex -0.0470772 0.0168445 0.1500000
    endloop
  endfacet
  facet normal -0.937339 0.348419 0
    outer loop
      vertex -0.0466496 0.0179948 -0.0500000
      vertex -0.0470772 0.0168445 0.1500000
      vertex -0.0466496 0.0179948 0.1500000
    endloop
  endfacet
  facet normal -0.945607 0.32531 0
    outer loop
      vertex -0.0470772 0.0168445 -0.0500000
      vertex -0.0474764 0.0156841 -0.0500000
      vertex -0.0474764 0.0156841 0.1500000
    endloop
  endfacet
  facet normal -0.945607 0.32531 0
    outer loop
      vertex -0.0470772 0.0168445 -0.0500000
      vertex -0.0474764 0.0156841 0.1500000
      vertex -0.0470772 0.0168445 0.1500000
    endloop
  endfacet
  facet normal -0.953306 0.302006 0
    outer loop
      vertex -0.0474764 0.0156841 -0.0500000
      vertex -0.0478470 0.0145142 -0.0500000
      vertex -0.0478470 0.0145142 0.1500000
    endloop
  endfacet
  facet normal -0.953306 0.302006 0
    outer loop
      vertex -0.0474764 0.0156841 -0.0500000
      vertex -0.0478470 0.0145142 0.1500000
      vertex -0.0474764 0.0156841 0.1500000
    endloop
  endfacet
  facet normal -0.960431 0.27852 0
    outer loop
      vertex -0.0478470 0.0145142 -0.0500000
      vertex -0.0481888 0.0133356 -0.0500000
      vertex -0.0481888 0.0133356 0.1500000
    endloop
  endfacet
  facet normal -0.960431 0.27852 0
    outer loop
      vertex -0.0478470 0.0145142 -0.0500000
      vertex -0.0481888 0.0133356 0.1500000
      vertex -0.0478470 0.0145142 0.1500000
    endloop
  endfacet
  facet normal -0.966976 0.254866 0
    outer loop
      vertex -0.0481888 0.0133356 -0.0500000
      vertex -0.0485016 0.0121490 -0.0500000
      vertex -0.0485016 0.0121490 0.1500000
    endloop
  endfacet
  facet normal -0.966976 0.254866 0
    outer loop
      vertex -0.0481888 0.0133356 -0.0500000
      vertex -0.0485016 0.0121490 0.1500000
      vertex -0.0481888 0.0133356 0.1500000
    endloop
  endfacet
  facet normal -0.97294 0.231058 0
    outer loop
      vertex -0.0485016 0.0121490 -0.0500000
      vertex -0.0487851 0.0109551 -0.0500000
      vertex -0.0487851 0.0109551 0.1500000
    endloop
  endfacet
  facet normal -0.97294 0.231058 0
    outer loop
      vertex -0.0485016 0.0121490 -0.0500000
      vertex -0.0487851 0.0109551 0.1500000
      vertex -0.0485016 0.0121490 0.1500000
    endloop
  endfacet
  facet normal -0.978317 0.207111 0
    outer loop
      vertex -0.0487851 0.0109551 -0.0500000
      vertex -0.0490393 0.0097545 -0.0500000
      vertex -0.0490393 0.0097545 0.1500000
    endloop
  endfacet
  facet normal -0.978317 0.207111 0
    outer loop
      vertex -0.0487851 0.0109551 -0.0500000
      vertex -0.0490393 0.0097545 0.1500000
      vertex -0.0487851 0.0109551 0.1500000
    endloop
  endfacet
  facet normal -0.983105 0.18304 0
    outer loop
      vertex -0.0490393 0.0097545 -0.0500000
      vertex -0.0492639 0.0085481 -0.0500000
      vertex -0.0492639 0.0085481 0.1500000
    endloop
  endfacet
  facet normal -0.983105 0.18304 0
    outer loop
      vertex -0.0490393 0.0097545 -0.0500000
      vertex -0.0492639 0.0085481 0.1500000
      vertex -0.0490393 0.0097545 0.1500000
    endloop
  endfacet
  facet normal -0.987301 0.158858 0
    outer loop
      vertex -0.0492639 0.0085481 -0.0500000
      vertex -0.0494588 0.0073365 -0.0500000
      vertex -0.0494588 0.0073365 0.1500000
    endloop
  endfacet
  facet normal -0.987301 0.158858 0
    outer loop
      vertex -0.0492639 0.0085481 -0.0500000
      vertex -0.0494588 0.0073365 0.1500000
      vertex -0.0492639 0.0085481 0.1500000
    endloop
  endfacet
  facet normal -0.990903 0.134581 0
    outer loop
      vertex -0.0494588 0.0073365 -0.0500000
      vertex -0.0496240 0.0061205 -0.0500000
      vertex -0.0496240 0.0061205 0.1500000
    endloop
  endfacet
  facet normal -0.990903 0.134581 0
    outer loop
      vertex -0.0494588 0.0073365 -0.0500000
      vertex -0.0496240 0.0061205 0.1500000
      vertex -0.0494588 0.0073365 0.1500000
    endloop
  endfacet
  facet normal -0.993907 0.110222 0
    outer loop
      vertex -0.0496240 0.0061205 -0.0500000
      vertex -0.0497592 0.0049009 -0.0500000
      vertex -0.0497592 0.0049009 0.1500000
    endloop
  endfacet
  facet normal -0.993907 0.110222 0
    outer loop
      vertex -0.0496240 0.0061205 -0.0500000
      vertex -0.0497592 0.0049009 0.1500000
      vertex -0.0496240 0.0061205 0.1500000
    endloop
  endfacet
  facet normal -0.996313 0.0857973 0
    outer loop
      vertex -0.0497592 0.0049009 -0.0500000
      vertex -0.0498645 0.0036782 -0.0500000
      vertex -0.0498645 0.0036782 0.1500000
    endloop
  endfacet
  facet normal -0.996313 0.0857973 0
    outer loop
      vertex -0.0497592 0.0049009 -0.0500000
      vertex -0.0498645 0.0036782 0.1500000
      vertex -0.0497592 0.0049009 0.1500000
    endloop
  endfacet
  facet normal -0.998118 0.0613207 0
    outer loop
      vertex -0.0498645 0.0036782 -0.0500000
      vertex -0.0499398 0.0024534 -0.0500000
      vertex -0.0499398 0.0024534 0.1500000
    endloop
  endfacet
  facet normal -0.998118 0.0613207 0
    outer loop
      vertex -0.0498645 0.0036782 -0.0500000
      vertex -0.0499398 0.0024534 0.1500000
      vertex -0.0498645 0.0036782 0.1500000
    endloop
  endfacet
  facet normal -0.999322 0.0368072 0
    outer loop
      vertex -0.0499398 0.0024534 -0.0500000
      vertex -0.0499849 0.0012271 -0.0500000
      vertex -0.0499849 0.0012271 0.1500000
    endloop
  endfacet
  facet normal -0.999322 0.0368072 0
    outer loop
      vertex -0.0499398 0.0024534 -0.0500000
      vertex -0.0499849 0.0012271 0.1500000
      vertex -0.0499398 0.0024534 0.1500000
    endloop
  endfacet
  facet normal -0.999925 0.0122715 0
    outer loop
      vertex -0.0499849 0.0012271 -0.0500000
      vertex -0.0500000 0.0000000 -0.0500000
      vertex -0.0500000 0.0000000 0.1500000
    endloop
  endfacet
  facet normal -0.999925 0.0122715 0
    outer loop
      vertex -0.0499849 0.0012271 -0.0500000
      vertex -0.0500000 0.0000000 0.1500000
      vertex -0.0499849 0.0012271 0.1500000
    endloop
  endfacet
  facet normal -0.999925 -0.0122715 0
    outer loop
      vertex -0.0500000 0.0000000 -0.0500000
      vertex -0.0499849 -0.0012271 -0.0500000
      vertex -0.0499849 -0.0012271 0.1500000
    endloop
  endfacet
  facet normal -0.999925 -0.0122715 0
    outer loop
      vertex -0.0500000 0.0000000 -0.0500000
      vertex -0.0499849 -0.0012271 0.1500000
      vertex -0.0500000 0.0000000 0.1500000
    endloop
  endfacet
  facet normal -0.999322 -0.0368072 0
    outer loop
      vertex -0.0499849 -0.0012271 -0.0500000
      vertex -0.0499398 -0.0024534 -0.0500000
      vertex -0.0499398 -0.0024534 0.1500000
    endloop
  endfacet
  facet normal -0.999322 -0.0368072 0
    outer loop
      vertex -0.0499849 -0.0012271 -0.0500000
      vertex -0.0499398 -0.0024534 0.1500000
      vertex -0.0499849 -0.0012271 0.1500000
    endloop
  endfacet
  facet normal -0.998118 -0.0613207 0
    outer loop
      vertex -0.0499398 -0.0024534 -0.0500000
      vertex -0.0498645 -0.0036782 -0.0500000
      vertex -0.0498645 -0.0036782 0.1500000
    endloop
  endfacet
  facet normal -0.998118 -0.0613207 0
    outer loop
      vertex -0.0499398 -0.0024534 -0.0500000
      vertex -0.0498645 -0.0036782 0.1500000
      vertex -0.0499398 -0.0024534 0.1500000
    endloop
  endfacet
  facet normal -0.996313 -0.0857973 0
    outer loop
      vertex -0.0498645 -0.0036782 -0.0500000
      vertex -0.0497592 -0.0049009 -0.0500000
      vertex -0.0497592 -0.0049009 0.1500000
    endloop
  endfacet
  facet normal -0.996313 -0.0857973 0
    outer loop
      vertex -0.0498645 -0.0036782 -0.0500000
      vertex -0.0497592 -0.0049009 0.1500000
      vertex -0.0498645 -0.0036782 0.1500000
    endloop
  endfacet
  facet normal -0.993907 -0.110222 0
    outer loop
      vertex -0.0497592 -0.0049009 -0.0500000
      vertex -0.0496240 -0.0061205 -0.0500000
      vertex -0.0496240 -0.0061205 0.1500000
    endloop
  endfacet
  facet normal -0.993907 -0.110222 0
    outer loop
      vertex -0.0497592 -0.0049009 -0.0500000
      vertex -0.0496240 -0.0061205 0.1500000
      vertex -0.0497592 -0.0049009 0.1500000
    endloop
  endfacet
  facet normal -0.990903 -0.134581 0
    outer loop
      vertex -0.0496240 -0.0061205 -0.0500000
      vertex -0.0494588 -0.0073365 -0.0500000
      vertex -0.0494588 -0.0073365 0.1500000
    endloop
  endfacet
  facet normal -0.990903 -0.134581 0
    outer loop
      vertex -0.0496240 -0.0061205 -0.0500000
      vertex -0.0494588 -0.0073365 0.1500000
      vertex -0.0496240 -0.0061205 0.1500000
    endloop
  endfacet
  facet normal -0.987301 -0.158858 0
    outer loop
      vertex -0.0494588 -0.0073365 -0.0500000
      vertex -0.0492639 -0.0085481 -0.0500000
      vertex -0.0492639 -0.0085481 0.1500000
    endloop
  endfacet
  facet normal -0.987301 -0.158858 0
    outer loop
      vertex -0.0494588 -0.0073365 -0.0500000
      vertex -0.0492639 -0.0085481 0.1500000
      vertex -0.0494588 -0.0073365 0.1500000
    endloop
  endfacet
  facet normal -0.983105 -0.18304 0
    outer loop
      vertex -0.0492639 -0.0085481 -0.0500000
      vertex -0.0490393 -0.0097545 -0.0500000
      vertex -0.0490393 -0.0097545 0.1500000
    endloop
  endfacet
  facet normal -0.983105 -0.18304 0
    outer loop
      vertex -0.0492639 -0.0085481 -0.0500000
      vertex -0.0490393 -0.0097545 0.1500000
      vertex -0.0492639 -0.0085481 0.1500000
    endloop
  endfacet
  facet normal -0.978317 -0.207111 0
    outer loop
      vertex -0.0490393 -0.0097545 -0.0500000
      vertex -0.0487851 -0.0109551 -0.0500000
      vertex -0.0487851 -0.0109551 0.1500000
    endloop
  endfacet
  facet normal -0.978317 -0.207111 0
    outer loop
      vertex -0.0490393 -0.0097545 -0.0500000
      vertex -0.0487851 -0.0109551 0.1500000
      vertex -0.0490393 -0.0097545 0.1500000
    endloop
  endfacet
  facet normal -0.97294 -0.231058 0
    outer loop
      vertex -0.0487851 -0.0109551 -0.0500000
      vertex -0.0485016 -0.0121490 -0.0500000
      vertex -0.0485016 -0.0121490 0.1500000
    endloop
  endfacet
  facet normal -0.97294 -0.231058 0
    outer loop
      vertex -0.0487851 -0.0109551 -0.0500000
      vertex -0.0485016 -0.0121490 0.1500000
      vertex -0.0487851 -0.0109551 0.1500000
    endloop
  endfacet
  facet normal -0.966976 -0.254866 0
    outer loop
      vertex -0.0485016 -0.0121490 -0.0500000
      vertex -0.0481888 -0.0133356 -0.0500000
      vertex -0.0481888 -0.0133356 0.1500000
    endloop
  endfacet
  facet normal -0.966976 -0.254866 0
    outer loop
      vertex -0.0485016 -0.0121490 -0.0500000
      vertex -0.0481888 -0.0133356 0.1500000
      vertex -0.0485016 -0.0121490 0.1500000
    endloop
  endfacet
  facet normal -0.960431 -0.27852 0
    outer loop
      vertex -0.0481888 -0.0133356 -0.0500000
      vertex -0.0478470 -0.0145142 -0.0500000
      vertex -0.0478470 -0.0145142 0.1500000
    endloop
  endfacet
  facet normal -0.960431 -0.27852 0
    outer loop
      vertex -0.0481888 -0.0133356 -0.0500000
      vertex -0.0478470 -0.0145142 0.1500000
      vertex -0.0481888 -0.0133356 0.1500000
    endloop
  endfacet
  facet normal -0.953306 -0.302006 0
    outer loop
      vertex -0.0478470 -0.0145142 -0.0500000
      vertex -0.0474764 -0.0156841 -0.0500000
      vertex -0.0474764 -0.0156841 0.1500000
    endloop
  endfacet
  facet normal -0.953306 -0.302006 0
    outer loop
      vertex -0.0478470 -0.0145142 -0.0500000
      vertex -0.0474764 -0.0156841 0.1500000
      vertex -0.0478470 -0.0145142 0.1500000
    endloop
  endfacet
  facet normal -0.945607 -0.32531 0
    outer loop
      vertex -0.0474764 -0.0156841 -0.0500000
      vertex -0.0470772 -0.0168445 -0.0500000
      vertex -0.0470772 -0.0168445 0.1500000
    endloop
  endfacet
  facet normal -0.945607 -0.32531 0
    outer loop
      vertex -0.0474764 -0.0156841 -0.0500000
      vertex -0.0470772 -0.0168445 0.1500000
      vertex -0.0474764 -0.0156841 0.1500000
    endloop
  endfacet
  facet normal -0.937339 -0.348419 0
    outer loop
      vertex -0.0470772 -0.0168445 -0.0500000
      vertex -0.0466496 -0.0179948 -0.0500000
      vertex -0.0466496 -0.0179948 0.1500000
    endloop
  endfacet
  facet normal -0.937339 -0.348419 0
    outer loop
      vertex -0.0470772 -0.0168445 -0.0500000
      vertex -0.0466496 -0.0179948 0.1500000
      vertex -0.0470772 -0.0168445 0.1500000
    endloop
  endfacet
  facet normal -0.928506 -0.371317 0
    outer loop
      vertex -0.0466496 -0.0179948 -0.0500000
      vertex -0.0461940 -0.0191342 -0.0500000
      vertex -0.0461940 -0.0191342 0.1500000
    endloop
  endfacet
  facet normal -0.928506 -0.371317 0
    outer loop
      vertex -0.0466496 -0.0179948 -0.0500000
      vertex -0.0461940 -0.0191342 0.1500000
      vertex -0.0466496 -0.0179948 0.1500000
    endloop
  endfacet
  facet normal -0.919114 -0.393992 0
    outer loop
      vertex -0.0461940 -0.0191342 -0.0500000
      vertex -0.0457105 -0.0202621 -0.0500000
      vertex -0.0457105 -0.0202621 0.1500000
    endloop
  endfacet
  facet normal -0.919114 -0.393992 0
    outer loop
      vertex -0.0461940 -0.0191342 -0.0500000
      vertex -0.0457105 -0.0202621 0.1500000
      vertex -0.0461940 -0.0191342 0.1500000
    endloop
  endfacet
  facet normal -0.909168 -0.41643 0
    outer loop
      vertex -0.0457105 -0.0202621 -0.0500000
      vertex -0.0451995 -0.0213778 -0.0500000
      vertex -0.0451995 -0.0213778 0.1500000
    endloop
  endfacet
  facet normal -0.909168 -0.41643 0
    outer loop
      vertex -0.0457105 -0.0202621 -0.0500000
      vertex -0.0451995 -0.0213778 0.1500000
      vertex -0.0457105 -0.0202621 0.1500000
    endloop
  endfacet
  facet normal -0.898674 -0.438616 0
    outer loop
      vertex -0.0451995 -0.0213778 -0.0500000
      vertex -0.0446612 -0.0224806 -0.0500000
      vertex -0.0446612 -0.0224806 0.1500000
    endloop
  endfacet
  facet normal -0.898674 -0.438616 0
    outer loop
      vertex -0.0451995 -0.0213778 -0.0500000
      vertex -0.0446612 -0.0224806 0.1500000
      vertex -0.0451995 -0.0213778 0.1500000
    endloop
  endfacet
  facet normal -0.88764 -0.460539 0
    outer loop
      vertex -0.0446612 -0.0224806 -0.0500000
      vertex -0.0440961 -0.0235698 -0.0500000
      vertex -0.0440961 -0.0235698 0.1500000
    endloop
  endfacet
  facet normal -0.88764 -0.460539 0
    outer loop
      vertex -0.0446612 -0.0224806 -0.0500000
      vertex -0.0440961 -0.0235698 0.1500000
      vertex -0.0446612 -0.0224806 0.1500000
    endloop
  endfacet
  facet normal -0.87607 -0.482184 0
    outer loop
      vertex -0.0440961 -0.0235698 -0.0500000
      vertex -0.0435043 -0.0246449 -0.0500000
      vertex -0.0435043 -0.0246449 0.1500000
    endloop
  endfacet
  facet normal -0.87607 -0.482184 0
    outer loop
      vertex -0.0440961 -0.0235698 -0.0500000
      vertex -0.0435043 -0.0246449 0.1500000
      vertex -0.0440961 -0.0235698 0.1500000
    endloop
  endfacet
  facet normal -0.863973 -0.503538 0
    outer loop
      vertex -0.0435043 -0.0246449 -0.0500000
      vertex -0.0428864 -0.0257051 -0.0500000
      vertex -0.0428864 -0.0257051 0.1500000
    endloop
  endfacet
  facet normal -0.863973 -0.503538 0
    outer loop
      vertex -0.0435043 -0.0246449 -0.0500000
      vertex -0.0428864 -0.0257051 0.1500000
      vertex -0.0435043 -0.0246449 0.1500000
    endloop
  endfacet
  facet normal -0.851355 -0.52459 0
    outer loop
      vertex -0.0428864 -0.0257051 -0.0500000
      vertex -0.0422427 -0.0267499 -0.0500000
      vertex -0.0422427 -0.0267499 0.1500000
    endloop
  endfacet
  facet normal -0.851355 -0.52459 0
    outer loop
      vertex -0.0428864 -0.0257051 -0.0500000
      vertex -0.0422427 -0.0267499 0.1500000
      vertex -0.0428864 -0.0257051 0.1500000
    endloop
  endfacet
  facet normal -0.838225 -0.545325 0
    outer loop
      vertex -0.0422427 -0.0267499 -0.0500000
      vertex -0.0415735 -0.0277785 -0.0500000
      vertex -0.0415735 -0.0277785 0.1500000
    endloop
  endfacet
  facet normal -0.838225 -0.545325 0
    outer loop
      vertex -0.0422427 -0.0267499 -0.0500000
      vertex -0.0415735 -0.0277785 0.1500000
      vertex -0.0422427 -0.0267499 0.1500000
    endloop
  endfacet
  facet normal -0.824589 -0.565732 0
    outer loop
      vertex -0.0415735 -0.0277785 -0.0500000
      vertex -0.0408792 -0.0287904 -0.0500000
      vertex -0.0408792 -0.0287904 0.1500000
    endloop
  endfacet
  facet normal -0.824589 -0.565732 0
    outer loop
      vertex -0.0415735 -0.0277785 -0.0500000
      vertex -0.0408792 -0.0287904 0.1500000
      vertex -0.0415735 -0.0277785 0.1500000
    endloop
  endfacet
  facet normal -0.810457 -0.585798 0
    outer loop
      vertex -0.0408792 -0.0287904 -0.0500000
      vertex -0.0401604 -0.0297850 -0.0500000
      vertex -0.0401604 -0.0297850 0.1500000
    endloop
  endfacet
  facet normal -0.810457 -0.585798 0
    outer loop
      vertex -0.0408792 -0.0287904 -0.0500000
      vertex -0.0401604 -0.0297850 0.1500000
      vertex -0.0408792 -0.0287904 0.1500000
    endloop
  endfacet
  facet normal -0.795837 -0.605511 0
    outer loop
      vertex -0.0401604 -0.0297850 -0.0500000
      vertex -0.0394173 -0.0307616 -0.0500000
      vertex -0.0394173 -0.0307616 0.1500000
    endloop
  endfacet
  facet normal -0.795837 -0.605511 0
    outer loop
      vertex -0.0401604 -0.0297850 -0.0500000
      vertex -0.0394173 -0.0307616 0.1500000
      vertex -0.0401604 -0.0297850 0.1500000
    endloop
  endfacet
  facet normal -0.780737 -0.624859 0
    outer loop
      vertex -0.0394173 -0.0307616 -0.0500000
      vertex -0.0386505 -0.0317197 -0.0500000
      vertex -0.0386505 -0.0317197 0.1500000
    endloop
  endfacet
  facet normal -0.780737 -0.624859 0
    outer loop
      vertex -0.0394173 -0.0307616 -0.0500000
      vertex -0.0386505 -0.0317197 0.1500000
      vertex -0.0394173 -0.0307616 0.1500000
    endloop
  endfacet
  facet normal -0.765167 -0.643832 0
    outer loop
      vertex -0.0386505 -0.0317197 -0.0500000
      vertex -0.0378604 -0.0326586 -0.0500000
      vertex -0.0378604 -0.0326586 0.1500000
    endloop
  endfacet
  facet normal -0.765167 -0.643832 0
    outer loop
      vertex -0.0386505 -0.0317197 -0.0500000
      vertex -0.0378604 -0.0326586 0.1500000
      vertex -0.0386505 -0.0317197 0.1500000
    endloop
  endfacet
  facet normal -0.749136 -0.662416 0
    outer loop
      vertex -0.0378604 -0.0326586 -0.0500000
      vertex -0.0370476 -0.0335779 -0.0500000
      vertex -0.0370476 -0.0335779 0.1500000
    endloop
  endfacet
  facet normal -0.749136 -0.662416 0
    outer loop
      vertex -0.0378604 -0.0326586 -0.0500000
      vertex -0.0370476 -0.0335779 0.1500000
      vertex -0.0378604 -0.0326586 0.1500000
    endloop
  endfacet
  facet normal -0.732654 -0.680601 0
    outer loop
      vertex -0.0370476 -0.0335779 -0.0500000
      vertex -0.0362124 -0.0344770 -0.0500000
      vertex -0.0362124 -0.0344770 0.1500000
    endloop
  endfacet
  facet normal -0.732654 -0.680601 0
    outer loop
      vertex -0.0370476 -0.0335779 -0.0500000
      vertex -0.0362124 -0.0344770 0.1500000
      vertex -0.0370476 -0.0335779 0.1500000
    endloop
  endfacet
  facet normal -0.715731 -0.698376 0
    outer loop
      vertex -0.0362124 -0.0344770 -0.0500000
      vertex -0.0353553 -0.0353553 -0.0500000
      vertex -0.0353553 -0.0353553 0.1500000
    endloop
  endfacet
  facet normal -0.715731 -0.698376 0
    outer loop
      vertex -0.0362124 -0.0344770 -0.0500000
      vertex -0.0353553 -0.0353553 0.1500000
      vertex -0.0362124 -0.0344770 0.1500000
    endloop
  endfacet
  facet normal -0.698376 -0.715731 0
    outer loop
      vertex -0.0353553 -0.0353553 -0.0500000
      vertex -0.0344770 -0.0362124 -0.0500000
      vertex -0.0344770 -0.0362124 0.1500000
    endloop
  endfacet
  facet normal -0.698376 -0.715731 0
    outer loop
      vertex -0.0353553 -0.0353553 -0.0500000
      vertex -0.0344770 -0.0362124 0.1500000
      vertex -0.0353553 -0.0353553 0.1500000
    endloop
  endfacet
  facet normal -0.680601 -0.732654 0
    outer loop
      vertex -0.0344770 -0.0362124 -0.0500000
      vertex -0.0335779 -0.0370476 -0.0500000
      vertex -0.0335779 -0.0370476 0.1500000
    endloop
  endfacet
  facet normal -0.680601 -0.732654 0
    outer loop
      vertex -0.0344770 -0.0362124 -0.0500000
      vertex -0.0335779 -0.0370476 0.1500000
      vertex -0.0344770 -0.0362124 0.1500000
    endloop
  endfacet
  facet normal -0.662416 -0.749136 0
    outer loop
      vertex -0.0335779 -0.0370476 -0.0500000
      vertex -0.0326586 -0.0378604 -0.0500000
      vertex -0.0326586 -0.0378604 0.1500000
    endloop
  endfacet
  facet normal -0.662416 -0.749136 0
    outer loop
      vertex -0.0335779 -0.0370476 -0.0500000
      vertex -0.0326586 -0.0378604 0.1500000
      vertex -0.0335779 -0.0370476 0.1500000
    endloop
  endfacet
  facet normal -0.643832 -0.765167 0
    outer loop
      vertex -0.0326586 -0.0378604 -0.0500000
      vertex -0.0317197 -0.0386505 -0.0500000
      vertex -0.0317197 -0.0386505 0.1500000
    endloop
  endfacet
  facet normal -0.643832 -0.765167 0
    outer loop
      vertex -0.0326586 -0.0378604 -0.0500000
      vertex -0.0317197 -0.0386505 0.1500000
      vertex -0.0326586 -0.0378604 0.1500000
    endloop
  endfacet
  facet normal -0.624859 -0.780737 0
    outer loop
      vertex -0.0317197 -0.0386505 -0.0500000
      vertex -0.0307616 -0.0394173 -0.0500000
      vertex -0.0307616 -0.0394173 0.1500000
    endloop
  endfacet
  facet normal -0.624859 -0.780737 0
    outer loop
      vertex -0.0317197 -0.0386505 -0.0500000
      vertex -0.0307616 -0.0394173 0.1500000
      vertex -0.0317197 -0.0386505 0.1500000
    endloop
  endfacet
  facet normal -0.605511 -0.795837 0
    outer loop
      vertex -0.0307616 -0.0394173 -0.0500000
      vertex -0.0297850 -0.0401604 -0.0500000
      vertex -0.0297850 -0.0401604 0.1500000
    endloop
  endfacet
  facet normal -0.605511 -0.795837 0
    outer loop
      vertex -0.0307616 -0.0394173 -0.0500000
      vertex -0.0297850 -0.0401604 0.1500000
      vertex -0.0307616 -0.0394173 0.1500000
    endloop
  endfacet
  facet normal -0.585798 -0.810457 0
    outer loop
      vertex -0.0297850 -0.0401604 -0.0500000
      vertex -0.0287904 -0.0408792 -0.0500000
      vertex -0.0287904 -0.0408792 0.1500000
    endloop
  endfacet
  facet normal -0.585798 -0.810457 0
    outer loop
      vertex -0.0297850 -0.0401604 -0.0500000
      vertex -0.0287904 -0.0408792 0.1500000
      vertex -0.0297850 -0.0401604 0.1500000
    endloop
  endfacet
  facet normal -0.565732 -0.824589 0
    outer loop
      vertex -0.0287904 -0.0408792 -0.0500000
      vertex -0.0277785 -0.0415735 -0.0500000
      vertex -0.0277785 -0.0415735 0.1500000
    endloop
  endfacet
  facet normal -0.565732 -0.824589 0
    outer loop
      vertex -0.0287904 -0.0408792 -0.0500000
      vertex -0.0277785 -0.0415735 0.1500000
      vertex -0.0287904 -0.0408792 0.1500000
    endloop
  endfacet
  facet normal -0.545325 -0.838225 0
    outer loop
      vertex -0.0277785 -0.0415735 -0.0500000
      vertex -0.0267499 -0.0422427 -0.0500000
      vertex -0.0267499 -0.0422427 0.1500000
    endloop
  endfacet
  facet normal -0.545325 -0.838225 0
    outer loop
      vertex -0.0277785 -0.0415735 -0.0500000
      vertex -0.0267499 -0.0422427 0.1500000
      vertex -0.0277785 -0.0415735 0.1500000
    endloop
  endfacet
  facet normal -0.52459 -0.851355 0
    outer loop
      vertex -0.0267499 -0.0422427 -0.0500000
      vertex -0.0257051 -0.0428864 -0.0500000
      vertex -0.0257051 -0.0428864 0.1500000
    endloop
  endfacet
  facet normal -0.52459 -0.851355 0
    outer loop
      vertex -0.0267499 -0.0422427 -0.0500000
      vertex -0.0257051 -0.0428864 0.1500000
      vertex -0.0267499 -0.0422427 0.1500000
    endloop
  endfacet
  facet normal -0.503538 -0.863973 0
    outer loop
      vertex -0.0257051 -0.0428864 -0.0500000
      vertex -0.0246449 -0.0435043 -0.0500000
      vertex -0.0246449 -0.0435043 0.1500000
    endloop
  endfacet
  facet normal -0.503538 -0.863973 0
    outer loop
      vertex -0.0257051 -0.0428864 -0.0500000
      vertex -0.0246449 -0.0435043 0.1500000
      vertex -0.0257051 -0.0428864 0.1500000
    endloop
  endfacet
  facet normal -0.482184 -0.87607 0
    outer loop
      vertex -0.0246449 -0.0435043 -0.0500000
      vertex -0.0235698 -0.0440961 -0.0500000
      vertex -0.0235698 -0.0440961 0.1500000
    endloop
  endfacet
  facet normal -0.482184 -0.87607 0
    outer loop
      vertex -0.0246449 -0.0435043 -0.0500000
      vertex -0.0235698 -0.0440961 0.1500000
      vertex -0.0246449 -0.0435043 0.1500000
    endloop
  endfacet
  facet normal -0.460539 -0.88764 0
    outer loop
      vertex -0.0235698 -0.0440961 -0.0500000
      vertex -0.0224806 -0.0446612 -0.0500000
      vertex -0.0224806 -0.0446612 0.1500000
    endloop
  endfacet
  facet normal -0.460539 -0.88764 0
    outer loop
      vertex -0.0235698 -0.0440961 -0.0500000
      vertex -0.0224806 -0.0446612 0.1500000
      vertex -0.0235698 -0.0440961 0.1500000
    endloop
  endfacet
  facet normal -0.438616 -0.898674 0
    outer loop
      vertex -0.0224806 -0.0446612 -0.0500000
      vertex -0.0213778 -0.0451995 -0.0500000
      vertex -0.0213778 -0.0451995 0.1500000
    endloop
  endfacet
  facet normal -0.438616 -0.898674 0
    outer loop
      vertex -0.0224806 -0.0446612 -0.0500000
      vertex -0.0213778 -0.0451995 0.1500000
      vertex -0.0224806 -0.0446612 0.1500000
    endloop
  endfacet
  facet normal -0.41643 -0.909168 0
    outer loop
      vertex -0.0213778 -0.0451995 -0.0500000
      vertex -0.0202621 -0.0457105 -0.0500000
      vertex -0.0202621 -0.0457105 0.1500000
    endloop
  endfacet
  facet normal -0.41643 -0.909168 0
    outer loop
      vertex -0.0213778 -0.0451995 -0.0500000
      vertex -0.0202621 -0.0457105 0.1500000
      vertex -0.0213778 -0.0451995 0.1500000
    endloop
  endfacet
  facet normal -0.393992 -0.919114 0
    outer loop
      vertex -0.0202621 -0.0457105 -0.0500000
      vertex -0.0191342 -0.0461940 -0.0500000
      vertex -0.0191342 -0.0461940 0.1500000
    endloop
  endfacet
  facet normal -0.393992 -0.919114 0
    outer loop
      vertex -0.0202621 -0.0457105 -0.0500000
      vertex -0.0191342 -0.0461940 0.1500000
      vertex -0.0202621 -0.0457105 0.1500000
    endloop
  endfacet
  facet normal -0.371317 -0.928506 0
    outer loop
      vertex -0.0191342 -0.0461940 -0.0500000
      vertex -0.0179948 -0.0466496 -0.0500000
      vertex -0.0179948 -0.0466496 0.1500000
    endloop
  endfacet
  facet normal -0.371317 -0.928506 0
    outer loop
      vertex -0.0191342 -0.0461940 -0.0500000
      vertex -0.0179948 -0.0466496 0.1500000
      vertex -0.0191342 -0.0461940 0.1500000
    endloop
  endfacet
  facet normal -0.348419 -0.937339 0
    outer loop
      vertex -0.0179948 -0.0466496 -0.0500000
      vertex -0.0168445 -0.0470772 -0.0500000
      vertex -0.0168445 -0.0470772 0.1500000
    endloop
  endfacet
  facet normal -0.348419 -0.937339 0
    outer loop
      vertex -0.0179948 -0.0466496 -0.0500000
      vertex -0.0168445 -0.0470772 0.1500000
      vertex -0.0179948 -0.0466496 0.1500000
    endloop
  endfacet
  facet normal -0.32531 -0.945607 0
    outer loop
      vertex -0.0168445 -0.0470772 -0.0500000
      vertex -0.0156841 -0.0474764 -0.0500000
      vertex -0.0156841 -0.0474764 0.1500000
    endloop
  endfacet
  facet normal -0.32531 -0.945607 0
    outer loop
      vertex -0.0168445 -0.0470772 -0.0500000
      vertex -0.0156841 -0.0474764 0.1500000
      vertex -0.0168445 -0.0470772 0.1500000
    endloop
  endfacet
  facet normal -0.302006 -0.953306 0
    outer loop
      vertex -0.0156841 -0.0474764 -0.0500000
      vertex -0.0145142 -0.0478470 -0.0500000
      vertex -0.0145142 -0.0478470 0.1500000
    endloop
  endfacet
  facet normal -0.302006 -0.953306 0
    outer loop
      vertex -0.0156841 -0.0474764 -0.0500000
      vertex -0.0145142 -0.0478470 0.1500000
      vertex -0.0156841 -0.0474764 0.1500000
    endloop
  endfacet
  facet normal -0.27852 -0.960431 0
    outer loop
      vertex -0.0145142 -0.0478470 -0.0500000
      vertex -0.0133356 -0.0481888 -0.0500000
      vertex -0.0133356 -0.0481888 0.1500000
    endloop
  endfacet
  facet normal -0.27852 -0.960431 0
    outer loop
      vertex -0.0145142 -0.0478470 -0.0500000
      vertex -0.0133356 -0.0481888 0.1500000
      vertex -0.0145142 -0.0478470 0.1500000
    endloop
  endfacet
  facet normal -0.254866 -0.966976 0
    outer loop
      vertex -0.0133356 -0.0481888 -0.0500000
      vertex -0.0121490 -0.0485016 -0.0500000
      vertex -0.0121490 -0.0485016 0.1500000
    endloop
  endfacet
  facet normal -0.254866 -0.966976 0
    outer loop
      vertex -0.0133356 -0.0481888 -0.0500000
      vertex -0.0121490 -0.0485016 0.1500000
      vertex -0.0133356 -0.0481888 0.1500000
    endloop
  endfacet
  facet normal -0.231058 -0.97294 0
    outer loop
      vertex -0.0121490 -0.0485016 -0.0500000
      vertex -0.0109551 -0.0487851 -0.0500000
      vertex -0.0109551 -0.0487851 0.1500000
    endloop
  endfacet
  facet normal -0.231058 -0.97294 0
    outer loop
      vertex -0.0121490 -0.0485016 -0.0500000
      vertex -0.0109551 -0.0487851 0.1500000
      vertex -0.0121490 -0.0485016 0.1500000
    endloop
  endfacet
  facet normal -0.207111 -0.978317 0
    outer loop
      vertex -0.0109551 -0.0487851 -0.0500000
      vertex -0.0097545 -0.0490393 -0.0500000
      vertex -0.0097545 -0.0490393 0.1500000
    endloop
  endfacet
  facet normal -0.207111 -0.978317 0
    outer loop
      vertex -0.0109551 -0.0487851 -0.0500000
      vertex -0.0097545 -0.0490393 0.1500000
      vertex -0.0109551 -0.0487851 0.1500000
    endloop
  endfacet
  facet normal -0.18304 -0.983105 0
    outer loop
      vertex -0.0097545 -0.0490393 -0.0500000
      vertex -0.0085481 -0.0492639 -0.0500000
      vertex -0.0085481 -0.0492639 0.1500000
    endloop
  endfacet
  facet normal -0.18304 -0.983105 0
    outer loop
      vertex -0.0097545 -0.0490393 -0.0500000
      vertex -0.0085481 -0.0492639 0.1500000
      vertex -0.0097545 -0.0490393 0.1500000
    endloop
  endfacet
  facet normal -0.158858 -0.987301 0
    outer loop
      vertex -0.0085481 -0.0492639 -0.0500000
      vertex -0.0073365 -0.0494588 -0.0500000
      vertex -0.0073365 -0.0494588 0.1500000
    endloop
  endfacet
  facet normal -0.158858 -0.987301 0
    outer loop
      vertex -0.0085481 -0.0492639 -0.0500000
      vertex -0.0073365 -0.0494588 0.1500000
      vertex -0.0085481 -0.0492639 0.1500000
    endloop
  endfacet
  facet normal -0.134581 -0.990903 0
    outer loop
      vertex -0.0073365 -0.0494588 -0.0500000
      vertex -0.0061205 -0.0496240 -0.0500000
      vertex -0.0061205 -0.0496240 0.1500000
    endloop
  endfacet
  facet normal -0.134581 -0.990903 0
    outer loop
      vertex -0.0073365 -0.0494588 -0.0500000
      vertex -0.0061205 -0.0496240 0.1500000
      vertex -0.0073365 -0.0494588 0.1500000
    endloop
  endfacet
  facet normal -0.110222 -0.993907 0
    outer loop
      vertex -0.0061205 -0.0496240 -0.0500000
      vertex -0.0049009 -0.0497592 -0.0500000
      vertex -0.0049009 -0.0497592 0.1500000
    endloop
  endfacet
  facet normal -0.110222 -0.993907 0
    outer loop
      vertex -0.0061205 -0.0496240 -0.0500000
      vertex -0.0049009 -0.0497592 0.1500000
      vertex -0.0061205 -0.0496240 0.1500000
    endloop
  endfacet
  facet normal -0.0857973 -0.996313 0
    outer loop
      vertex -0.0049009 -0.0497592 -0.0500000
      vertex -0.0036782 -0.0498645 -0.0500000
      vertex -0.0036782 -0.0498645 0.1500000
    endloop
  endfacet
  facet normal -0.0857973 -0.996313 0
    outer loop
      vertex -0.0049009 -0.0497592 -0.0500000
      vertex -0.0036782 -0.0498645 0.1500000
      vertex -0.0049009 -0.0497592 0.1500000
    endloop
  endfacet
  facet normal -0.0613207 -0.998118 0
    outer loop
      vertex -0.0036782 -0.0498645 -0.0500000
      vertex -0.0024534 -0.0499398 -0.0500000
      vertex -0.0024534 -0.0499398 0.1500000
    endloop
  endfacet
  facet normal -0.0613207 -0.998118 0
    outer loop
      vertex -0.0036782 -0.0498645 -0.0500000
      vertex -0.0024534 -0.0499398 0.1500000
      vertex -0.0036782 -0.0498645 0.1500000
    endloop
  endfacet
  facet normal -0.0368072 -0.999322 0
    outer loop
      vertex -0.0024534 -0.0499398 -0.0500000
      vertex -0.0012271 -0.0499849 -0.0500000
      vertex -0.0012271 -0.0499849 0.1500000
    endloop
  endfacet
  facet normal -0.0368072 -0.999322 0
    outer loop
      vertex -0.0024534 -0.0499398 -0.0500000
      vertex -0.0012271 -0.0499849 0.1500000
      vertex -0.0024534 -0.0499398 0.1500000
    endloop
  endfacet
  facet normal -0.0122715 -0.999925 0
    outer loop
      vertex -0.0012271 -0.0499849 -0.0500000
      vertex -0.0000000 -0.0500000 -0.0500000
      vertex -0.0000000 -0.0500000 0.1500000
    endloop
  endfacet
  facet normal -0.0122715 -0.999925 0
    outer loop
      vertex -0.0012271 -0.0499849 -0.0500000
      vertex -0.0000000 -0.0500000 0.1500000
      vertex -0.0012271 -0.0499849 0.1500000
    endloop
  endfacet
  facet normal 0.0122715 -0.999925 0
    outer loop
      vertex -0.0000000 -0.0500000 -0.0500000
      vertex 0.0012271 -0.0499849 -0.0500000
      vertex 0.0012271 -0.0499849 0.1500000
    endloop
  endfacet
  facet normal 0.0122715 -0.999925 0
    outer loop
      vertex -0.0000000 -0.0500000 -0.0500000
      vertex 0.0012271 -0.0499849 0.1500000
      vertex -0.0000000 -0.0500000 0.1500000
    endloop
  endfacet
  facet normal 0.0368072 -0.999322 0
    outer loop
      vertex 0.0012271 -0.0499849 -0.0500000
      vertex 0.0024534 -0.0499398 -0.0500000
      vertex 0.0024534 -0.0499398 0.1500000
    endloop
  endfacet
  facet normal 0.0368072 -0.999322 0
    outer loop
      vertex 0.0012271 -0.0499849 -0.0500000
      vertex 0.0024534 -0.0499398 0.1500000
      vertex 0.0012271 -0.0499849 0.1500000
    endloop
  endfacet
  facet normal 0.0613207 -0.998118 0
    outer loop
      vertex 0.0024534 -0.0499398 -0.0500000
      vertex 0.0036782 -0.0498645 -0.0500000
      vertex 0.0036782 -0.0498645 0.1500000
    endloop
  endfacet
  facet normal 0.0613207 -0.998118 0
    outer loop
      vertex 0.0024534 -0.0499398 -0.0500000
      vertex 0.0036782 -0.0498645 0.1500000
      vertex 0.0024534 -0.0499398 0.1500000
    endloop
  endfacet
  facet normal 0.0857973 -0.996313 0
    outer loop
      vertex 0.0036782 -0.0498645 -0.0500000
      vertex 0.0049009 -0.0497592 -0.0500000
      vertex 0.0049009 -0.0497592 0.1500000
    endloop
  endfacet
  facet normal 0.0857973 -0.996313 0
    outer loop
      vertex 0.0036782 -0.0498645 -0.0500000
      vertex 0.0049009 -0.0497592 0.1500000
      vertex 0.0036782 -0.0498645 0.1500000
    endloop
  endfacet
  facet normal 0.110222 -0.993907 0
    outer loop
      vertex 0.0049009 -0.0497592 -0.0500000
      vertex 0.0061205 -0.0496240 -0.0500000
      vertex 0.0061205 -0.0496240 0.1500000
    endloop
  endfacet
  facet normal 0.110222 -0.993907 0
    outer loop
      vertex 0.0049009 -0.0497592 -0.0500000
      vertex 0.0061205 -0.0496240 0.1500000
      vertex 0.0049009 -0.0497592 0.1500000
    endloop
  endfacet
  facet normal 0.134581 -0.990903 0
    outer loop
      vertex 0.0061205 -0.0496240 -0.0500000
      vertex 0.0073365 -0.0494588 -0.0500000
      vertex 0.0073365 -0.0494588 0.1500000
    endloop
  endfacet
  facet normal 0.134581 -0.990903 0
    outer loop
      vertex 0.0061205 -0.0496240 -0.0500000
      vertex 0.0073365 -0.0494588 0.1500000
      vertex 0.0061205 -0.0496240 0.1500000
    endloop
  endfacet
  facet normal 0.158858 -0.987301 0
    outer loop
      vertex 0.0073365 -0.0494588 -0.0500000
      vertex 0.0085481 -0.0492639 -0.0500000
      vertex 0.0085481 -0.0492639 0.1500000
    endloop
  endfacet
  facet normal 0.158858 -0.987301 0
    outer loop
      vertex 0.0073365 -0.0494588 -0.0500000
      vertex 0.0085481 -0.0492639 0.1500000
      vertex 0.0073365 -0.0494588 0.1500000
    endloop
  endfacet
  facet normal 0.18304 -0.983105 0
    outer loop
      vertex 0.0085481 -0.0492639 -0.0500000
      vertex 0.0097545 -0.0490393 -0.0500000
      vertex 0.0097545 -0.0490393 0.1500000
    endloop
  endfacet
  facet normal 0.18304 -0.983105 0
    outer loop
      vertex 0.0085481 -0.0492639 -0.0500000
      vertex 0.0097545 -0.0490393 0.1500000
      vertex 0.0085481 -0.0492639 0.1500000
    endloop
  endfacet
  facet normal 0.207111 -0.978317 0
    outer loop
      vertex 0.0097545 -0.0490393 -0.0500000
      vertex 0.0109551 -0.0487851 -0.0500000
      vertex 0.0109551 -0.0487851 0.1500000
    endloop
  endfacet
  facet normal 0.207111 -0.978317 0
    outer loop
      vertex 0.0097545 -0.0490393 -0.0500000
      vertex 0.0109551 -0.0487851 0.1500000
      vertex 0.0097545 -0.0490393 0.1500000
    endloop
  endfacet
  facet normal 0.231058 -0.97294 0
    outer loop
      vertex 0.0109551 -0.0487851 -0.0500000
      vertex 0.0121490 -0.0485016 -0.0500000
      vertex 0.0121490 -0.0485016 0.1500000
    endloop
  endfacet
  facet normal 0.231058 -0.97294 0
    outer loop
      vertex 0.0109551 -0.0487851 -0.0500000
      vertex 0.0121490 -0.0485016 0.1500000
      vertex 0.0109551 -0.0487851 0.1500000
    endloop
  endfacet
  facet normal 0.254866 -0.966976 0
    outer loop
      vertex 0.0121490 -0.0485016 -0.0500000
      vertex 0.0133356 -0.0481888 -0.0500000
      vertex 0.0133356 -0.0481888 0.1500000
    endloop
  endfacet
  facet normal 0.254866 -0.966976 0
    outer loop
      vertex 0.0121490 -0.0485016 -0.0500000
      vertex 0.0133356 -0.0481888 0.1500000
      vertex 0.0121490 -0.0485016 0.1500000
    endloop
  endfacet
  facet normal 0.27852 -0.960431 0
    outer loop
      vertex 0.0133356 -0.0481888 -0.0500000
      vertex 0.0145142 -0.0478470 -0.0500000
      vertex 0.0145142 -0.0478470 0.1500000
    endloop
  endfacet
  facet normal 0.27852 -0.960431 0
    outer loop
      vertex 0.0133356 -0.0481888 -0.0500000
      vertex 0.0145142 -0.0478470 0.1500000
      vertex 0.0133356 -0.0481888 0.1500000
    endloop
  endfacet
  facet normal 0.302006 -0.953306 0
    outer loop
      vertex 0.0145142 -0.0478470 -0.0500000
      vertex 0.0156841 -0.0474764 -0.0500000
      vertex 0.0156841 -0.0474764 0.1500000
    endloop
  endfacet
  facet normal 0.302006 -0.953306 0
    outer loop
      vertex 0.0145142 -0.0478470 -0.0500000
      vertex 0.0156841 -0.0474764 0.1500000
      vertex 0.0145142 -0.0478470 0.1500000
    endloop
  endfacet
  facet normal 0.32531 -0.945607 0
    outer loop
      vertex 0.0156841 -0.0474764 -0.0500000
      vertex 0.0168445 -0.0470772 -0.0500000
      vertex 0.0168445 -0.0470772 0.1500000
    endloop
  endfacet
  facet normal 0.32531 -0.945607 0
    outer loop
      vertex 0.0156841 -0.0474764 -0.0500000
      vertex 0.0168445 -0.0470772 0.1500000
      vertex 0.0156841 -0.0474764 0.1500000
    endloop
  endfacet
  facet normal 0.348419 -0.937339 0
    outer loop
      vertex 0.0168445 -0.0470772 -0.0500000
      vertex 0.0179948 -0.0466496 -0.0500000
      vertex 0.0179948 -0.0466496 0.1500000
    endloop
  endfacet
  facet normal 0.348419 -0.937339 0
    outer loop
      vertex 0.0168445 -0.0470772 -0.0500000
      vertex 0.0179948 -0.0466496 0.1500000
      vertex 0.0168445 -0.0470772 0.1500000
    endloop
  endfacet
  facet normal 0.371317 -0.928506 0
    outer loop
      vertex 0.0179948 -0.0466496 -0.0500000
      vertex 0.0191342 -0.0461940 -0.0500000
      vertex 0.0191342 -0.0461940 0.1500000
    endloop
  endfacet
  facet normal 0.371317 -0.928506 0
    outer loop
      vertex 0.0179948 -0.0466496 -0.0500000
      vertex 0.0191342 -0.0461940 0.1500000
      vertex 0.0179948 -0.0466496 0.1500000
    endloop
  endfacet
  facet normal 0.393992 -0.919114 0
    outer loop
      vertex 0.0191342 -0.0461940 -0.0500000
      vertex 0.0202621 -0.0457105 -0.0500000
      vertex 0.0202621 -0.0457105 0.1500000
    endloop
  endfacet
  facet normal 0.393992 -0.919114 0
    outer loop
      vertex 0.0191342 -0.0461940 -0.0500000
      vertex 0.0202621 -0.0457105 0.1500000
      vertex 0.0191342 -0.0461940 0.1500000
    endloop
  endfacet
  facet normal 0.41643 -0.909168 0
    outer loop
      vertex 0.0202621 -0.0457105 -0.0500000
      vertex 0.0213778 -0.0451995 -0.0500000
      vertex 0.0213778 -0.0451995 0.1500000
    endloop
  endfacet
  facet normal 0.41643 -0.909168 0
    outer loop
      vertex 0.0202621 -0.0457105 -0.0500000
      vertex 0.0213778 -0.0451995 0.1500000
      vertex 0.0202621 -0.0457105 0.1500000
    endloop
  endfacet
  facet normal 0.438616 -0.898674 0
    outer loop
      vertex 0.0213778 -0.0451995 -0.0500000
      vertex 0.0224806 -0.0446612 -0.0500000
      vertex 0.0224806 -0.0446612 0.1500000
    endloop
  endfacet
  facet normal 0.438616 -0.898674 0
    outer loop
      vertex 0.0213778 -0.0451995 -0.0500000
      vertex 0.0224806 -0.0446612 0.1500000
      vertex 0.0213778 -0.0451995 0.1500000
    endloop
  endfacet
  facet normal 0.460539 -0.88764 0
    outer loop
      vertex 0.0224806 -0.0446612 -0.0500000
      vertex 0.0235698 -0.0440961 -0.0500000
      vertex 0.0235698 -0.0440961 0.1500000
    endloop
  endfacet
  facet normal 0.460539 -0.88764 0
    outer loop
      vertex 0.0224806 -0.0446612 -0.0500000
      vertex 0.0235698 -0.0440961 0.1500000
      vertex 0.0224806 -0.0446612 0.1500000
    endloop
  endfacet
  facet normal 0.482184 -0.87607 0
    outer loop
      vertex 0.0235698 -0.0440961 -0.0500000
      vertex 0.0246449 -0.0435043 -0.0500000
      vertex 0.0246449 -0.0435043 0.1500000
    endloop
  endfacet
  facet normal 0.482184 -0.87607 0
    outer loop
      vertex 0.0235698 -0.0440961 -0.0500000
      vertex 0.0246449 -0.0435043 0.1500000
      vertex 0.0235698 -0.0440961 0.1500000
    endloop
  endfacet
  facet normal 0.503538 -0.863973 0
    outer loop
      vertex 0.0246449 -0.0435043 -0.0500000
      vertex 0.0257051 -0.0428864 -0.0500000
      vertex 0.0257051 -0.0428864 0.1500000
    endloop
  endfacet
  facet normal 0.503538 -0.863973 0
    outer loop
      vertex 0.0246449 -0.0435043 -0.0500000
      vertex 0.0257051 -0.0428864 0.1500000
      vertex 0.0246449 -0.0435043 0.1500000
    endloop
  endfacet
  facet normal 0.52459 -0.851355 0
    outer loop
      vertex 0.0257051 -0.0428864 -0.0500000
      vertex 0.0267499 -0.0422427 -0.0500000
      vertex 0.0267499 -0.0422427 0.1500000
    endloop
  endfacet
  facet normal 0.52459 -0.851355 0
    outer loop
      vertex 0.0257051 -0.0428864 -0.0500000
      vertex 0.0267499 -0.0422427 0.1500000
      vertex 0.0257051 -0.0428864 0.1500000
    endloop
  endfacet
  facet normal 0.545325 -0.838225 0
    outer loop
      vertex 0.0267499 -0.0422427 -0.0500000
      vertex 0.0277785 -0.0415735 -0.0500000
      vertex 0.0277785 -0.0415735 0.1500000
    endloop
  endfacet
  facet normal 0.545325 -0.838225 0
    outer loop
      vertex 0.0267499 -0.0422427 -0.0500000
      vertex 0.0277785 -0.0415735 0.1500000
      vertex 0.0267499 -0.0422427 0.1500000
    endloop
  endfacet
  facet normal 0.565732 -0.824589 0
    outer loop
      vertex 0.0277785 -0.0415735 -0.0500000
      vertex 0.0287904 -0.0408792 -0.0500000
      vertex 0.0287904 -0.0408792 0.1500000
    endloop
  endfacet
  facet normal 0.565732 -0.824589 0
    outer loop
      vertex 0.0277785 -0.0415735 -0.0500000
      vertex 0.0287904 -0.0408792 0.1500000
      vertex 0.0277785 -0.0415735 0.1500000
    endloop
  endfacet
  facet normal 0.585798 -0.810457 0
    outer loop
      vertex 0.0287904 -0.0408792 -0.0500000
      vertex 0.0297850 -0.0401604 -0.0500000
      vertex 0.0297850 -0.0401604 0.1500000
    endloop
  endfacet
  facet normal 0.585798 -0.810457 0
    outer loop
      vertex 0.0287904 -0.0408792 -0.0500000
      vertex 0.0297850 -0.0401604 0.1500000
      vertex 0.0287904 -0.0408792 0.1500000
    endloop
  endfacet
  facet normal 0.605511 -0.795837 0
    outer loop
      vertex 0.0297850 -0.0401604 -0.0500000
      vertex 0.0307616 -0.0394173 -0.0500000
      vertex 0.0307616 -0.0394173 0.1500000
    endloop
  endfacet
  facet normal 0.605511 -0.795837 0
    outer loop
      vertex 0.0297850 -0.0401604 -0.0500000
      vertex 0.0307616 -0.0394173 0.1500000
      vertex 0.0297850 -0.0401604 0.1500000
    endloop
  endfacet
  facet normal 0.624859 -0.780737 0
    outer loop
      vertex 0.0307616 -0.0394173 -0.0500000
      vertex 0.0317197 -0.0386505 -0.0500000
      vertex 0.0317197 -0.0386505 0.1500000
    endloop
  endfacet
  facet normal 0.624859 -0.780737 0
    outer loop
      vertex 0.0307616 -0.0394173 -0.0500000
      vertex 0.0317197 -0.0386505 0.1500000
      vertex 0.0307616 -0.0394173 0.1500000
    endloop
  endfacet
  facet normal 0.643832 -0.765167 0
    outer loop
      vertex 0.0317197 -0.0386505 -0.0500000
      vertex 0.0326586 -0.0378604 -0.0500000
      vertex 0.0326586 -0.0378604 0.1500000
    endloop
  endfacet
  facet normal 0.643832 -0.765167 0
    outer loop
      vertex 0.0317197 -0.0386505 -0.0500000
      vertex 0.0326586 -0.0378604 0.1500000
      vertex 0.0317197 -0.0386505 0.1500000
    endloop
  endfacet
  facet normal 0.662416 -0.749136 0
    outer loop
      vertex 0.0326586 -0.0378604 -0.0500000
      vertex 0.0335779 -0.0370476 -0.0500000
      vertex 0.0335779 -0.0370476 0.1500000
    endloop
  endfacet
  facet normal 0.662416 -0.749136 0
    outer loop
      vertex 0.0326586 -0.0378604 -0.0500000
      vertex 0.0335779 -0.0370476 0.1500000
      vertex 0.0326586 -0.0378604 0.1500000
    endloop
  endfacet
  facet normal 0.680601 -0.732654 0
    outer loop
      vertex 0.0335779 -0.0370476 -0.0500000
      vertex 0.0344770 -0.0362124 -0.0500000
      vertex 0.0344770 -0.0362124 0.1500000
    endloop
  endfacet
  facet normal 0.680601 -0.732654 0
    outer loop
      vertex 0.0335779 -0.0370476 -0.0500000
      vertex 0.0344770 -0.0362124 0.1500000
      vertex 0.0335779 -0.0370476 0.1500000
    endloop
  endfacet
  facet normal 0.698376 -0.715731 0
    outer loop
      vertex 0.0344770 -0.0362124 -0.0500000
      vertex 0.0353553 -0.0353553 -0.0500000
      vertex 0.0353553 -0.0353553 0.1500000
    endloop
  endfacet
  facet normal 0.698376 -0.715731 0
    outer loop
      vertex 0.0344770 -0.0362124 -0.0500000
      vertex 0.0353553 -0.0353553 0.1500000
      vertex 0.0344770 -0.0362124 0.1500000
    endloop
  endfacet
  facet normal 0.715731 -0.698376 0
    outer loop
      vertex 0.0353553 -0.0353553 -0.0500000
      vertex 0.0362124 -0.0344770 -0.0500000
      vertex 0.0362124 -0.0344770 0.1500000
    endloop
  endfacet
  facet normal 0.715731 -0.698376 0
    outer loop
      vertex 0.0353553 -0.0353553 -0.0500000
      vertex 0.0362124 -0.0344770 0.1500000
      vertex 0.0353553 -0.0353553 0.1500000
    endloop
  endfacet
  facet normal 0.732654 -0.680601 0
    outer loop
      vertex 0.0362124 -0.0344770 -0.0500000
      vertex 0.0370476 -0.0335779 -0.0500000
      vertex 0.0370476 -0.0335779 0.1500000
    endloop
  endfacet
  facet normal 0.732654 -0.680601 0
    outer loop
      vertex 0.0362124 -0.0344770 -0.0500000
      vertex 0.0370476 -0.0335779 0.1500000
      vertex 0.0362124 -0.0344770 0.1500000
    endloop
  endfacet
  facet normal 0.749136 -0.662416 0
    outer loop
      vertex 0.0370476 -0.0335779 -0.0500000
      vertex 0.0378604 -0.0326586 -0.0500000
      vertex 0.0378604 -0.0326586 0.1500000
    endloop
  endfacet
  facet normal 0.749136 -0.662416 0
    outer loop
      vertex 0.0370476 -0.0335779 -0.0500000
      vertex 0.0378604 -0.0326586 0.1500000
      vertex 0.0370476 -0.0335779 0.1500000
    endloop
  endfacet
  facet normal 0.765167 -0.643832 0
    outer loop
      vertex 0.0378604 -0.0326586 -0.0500000
      vertex 0.0386505 -0.0317197 -0.0500000
      vertex 0.0386505 -0.0317197 0.1500000
    endloop
  endfacet
  facet normal 0.765167 -0.643832 0
    outer loop
      vertex 0.0378604 -0.0326586 -0.0500000
      vertex 0.0386505 -0.0317197 0.1500000
      vertex 0.0378604 -0.0326586 0.1500000
    endloop
  endfacet
  facet normal 0.780737 -0.624859 0
    outer loop
      vertex 0.0386505 -0.0317197 -0.0500000
      vertex 0.0394173 -0.0307616 -0.0500000
      vertex 0.0394173 -0.0307616 0.1500000
    endloop
  endfacet
  facet normal 0.780737 -0.624859 0
    outer loop
      vertex 0.0386505 -0.0317197 -0.0500000
      vertex 0.0394173 -0.0307616 0.1500000
      vertex 0.0386505 -0.0317197 0.1500000
    endloop
  endfacet
  facet normal 0.795837 -0.605511 0
    outer loop
      vertex 0.0394173 -0.0307616 -0.0500000
      vertex 0.0401604 -0.0297850 -0.0500000
      vertex 0.0401604 -0.0297850 0.1500000
    endloop
  endfacet
  facet normal 0.795837 -0.605511 0
    outer loop
      vertex 0.0394173 -0.0307616 -0.0500000
      vertex 0.0401604 -0.0297850 0.1500000
      vertex 0.0394173 -0.0307616 0.1500000
    endloop
  endfacet
  facet normal 0.810457 -0.585798 0
    outer loop
      vertex 0.0401604 -0.0297850 -0.0500000
      vertex 0.0408792 -0.0287904 -0.0500000
      vertex 0.0408792 -0.0287904 0.1500000
    endloop
  endfacet
  facet normal 0.810457 -0.585798 0
    outer loop
      vertex 0.0401604 -0.0297850 -0.0500000
      vertex 0.0408792 -0.0287904 0.1500000
      vertex 0.0401604 -0.0297850 0.1500000
    endloop
  endfacet
  facet normal 0.824589 -0.565732 0
    outer loop
      vertex 0.0408792 -0.0287904 -0.0500000
      vertex 0.0415735 -0.0277785 -0.0500000
      vertex 0.0415735 -0.0277785 0.1500000
    endloop
  endfacet
  facet normal 0.824589 -0.565732 0
    outer loop
      vertex 0.0408792 -0.0287904 -0.0500000
      vertex 0.0415735 -0.0277785 0.1500000
      vertex 0.0408792 -0.0287904 0.1500000
    endloop
  endfacet
  facet normal 0.838225 -0.545325 0
    outer loop
      vertex 0.0415735 -0.0277785 -0.0500000
      vertex 0.0422427 -0.0267499 -0.0500000
      vertex 0.0422427 -0.0267499 0.1500000
    endloop
  endfacet
  facet normal 0.838225 -0.545325 0
    outer loop
      vertex 0.0415735 -0.0277785 -0.0500000
      vertex 0.0422427 -0.0267499 0.1500000
      vertex 0.0415735 -0.0277785 0.1500000
    endloop
  endfacet
  facet normal 0.851355 -0.52459 0
    outer loop
      vertex 0.0422427 -0.0267499 -0.0500000
      vertex 0.0428864 -0.0257051 -0.0500000
      vertex 0.0428864 -0.0257051 0.1500000
    endloop
  endfacet
  facet normal 0.851355 -0.52459 0
    outer loop
      vertex 0.0422427 -0.0267499 -0.0500000
      vertex 0.0428864 -0.0257051 0.1500000
      vertex 0.0422427 -0.0267499 0.1500000
    endloop
  endfacet
  facet normal 0.863973 -0.503538 0
    outer loop
      vertex 0.0428864 -0.0257051 -0.0500000
      vertex 0.0435043 -0.0246449 -0.0500000
      vertex 0.0435043 -0.0246449 0.1500000
    endloop
  endfacet
  facet normal 0.863973 -0.503538 0
    outer loop
      vertex 0.0428864 -0.0257051 -0.0500000
      vertex 0.0435043 -0.0246449 0.1500000
      vertex 0.0428864 -0.0257051 0.1500000
    endloop
  endfacet
  facet normal 0.87607 -0.482184 0
    outer loop
      vertex 0.0435043 -0.0246449 -0.0500000
      vertex 0.0440961 -0.0235698 -0.0500000
      vertex 0.0440961 -0.0235698 0.1500000
    endloop
  endfacet
  facet normal 0.87607 -0.482184 0
    outer loop
      vertex 0.0435043 -0.0246449 -0.0500000
      vertex 0.0440961 -0.0235698 0.1500000
      vertex 0.0435043 -0.0246449 0.1500000
    endloop
  endfacet
  facet normal 0.88764 -0.460539 0
    outer loop
      vertex 0.0440961 -0.0235698 -0.0500000
      vertex 0.0446612 -0.0224806 -0.0500000
      vertex 0.0446612 -0.0224806 0.1500000
    endloop
  endfacet
  facet normal 0.88764 -0.460539 0
    outer loop
      vertex 0.0440961 -0.0235698 -0.0500000
      vertex 0.0446612 -0.0224806 0.1500000
      vertex 0.0440961 -0.0235698 0.1500000
    endloop
  endfacet
  facet normal 0.898674 -0.438616 0
    outer loop
      vertex 0.0446612 -0.0224806 -0.0500000
      vertex 0.0451995 -0.0213778 -0.0500000
      vertex 0.0451995 -0.0213778 0.1500000
    endloop
  endfacet
  facet normal 0.898674 -0.438616 0
    outer loop
      vertex 0.0446612 -0.0224806 -0.0500000
      vertex 0.0451995 -0.0213778 0.1500000
      vertex 0.0446612 -0.0224806 0.1500000
    endloop
  endfacet
  facet normal 0.909168 -0.41643 0
    outer loop
      vertex 0.0451995 -0.0213778 -0.0500000
      vertex 0.0457105 -0.0202621 -0.0500000
      vertex 0.0457105 -0.0202621 0.1500000
    endloop
  endfacet
  facet normal 0.909168 -0.41643 0
    outer loop
      vertex 0.0451995 -0.0213778 -0.0500000
      vertex 0.0457105 -0.0202621 0.1500000
      vertex 0.0451995 -0.0213778 0.1500000
    endloop
  endfacet
  facet normal 0.919114 -0.393992 0
    outer loop
      vertex 0.0457105 -0.0202621 -0.0500000
      vertex 0.0461940 -0.0191342 -0.0500000
      vertex 0.0461940 -0.0191342 0.1500000
    endloop
  endfacet
  facet normal 0.919114 -0.393992 0
    outer loop
      vertex 0.0457105 -0.0202621 -0.0500000
      vertex 0.0461940 -0.0191342 0.1500000
      vertex 0.0457105 -0.0202621 0.1500000
    endloop
  endfacet
  facet normal 0.928506 -0.371317 0
    outer loop
      vertex 0.0461940 -0.0191342 -0.0500000
      vertex 0.0466496 -0.0179948 -0.0500000
      vertex 0.0466496 -0.0179948 0.1500000
    endloop
  endfacet
  facet normal 0.928506 -0.371317 0
    outer loop
      vertex 0.0461940 -0.0191342 -0.0500000
      vertex 0.0466496 -0.0179948 0.1500000
      vertex 0.0461940 -0.0191342 0.1500000
    endloop
  endfacet
  facet normal 0.937339 -0.348419 0
    outer loop
      vertex 0.0466496 -0.0179948 -0.0500000
      vertex 0.0470772 -0.0168445 -0.0500000
      vertex 0.0470772 -0.0168445 0.1500000
    endloop
  endfacet
  facet normal 0.937339 -0.348419 0
    outer loop
      vertex 0.0466496 -0.0179948 -0.0500000
      vertex 0.0470772 -0.0168445 0.1500000
      vertex 0.0466496 -0.0179948 0.1500000
    endloop
  endfacet
  facet normal 0.945607 -0.32531 0
    outer loop
      vertex 0.0470772 -0.0168445 -0.0500000
      vertex 0.0474764 -0.0156841 -0.0500000
      vertex 0.0474764 -0.0156841 0.1500000
    endloop
  endfacet
  facet normal 0.945607 -0.32531 0
    outer loop
      vertex 0.0470772 -0.0168445 -0.0500000
      vertex 0.0474764 -0.0156841 0.1500000
      vertex 0.0470772 -0.0168445 0.1500000
    endloop
  endfacet
  facet normal 0.953306 -0.302006 0
    outer loop
      vertex 0.0474764 -0.0156841 -0.0500000
      vertex 0.0478470 -0.0145142 -0.0500000
      vertex 0.0478470 -0.0145142 0.1500000
    endloop
  endfacet
  facet normal 0.953306 -0.302006 0
    outer loop
      vertex 0.0474764 -0.0156841 -0.0500000
      vertex 0.0478470 -0.0145142 0.1500000
      vertex 0.0474764 -0.0156841 0.1500000
    endloop
  endfacet
  facet normal 0.960431 -0.27852 0
    outer loop
      vertex 0.0478470 -0.0145142 -0.0500000
      vertex 0.0481888 -0.0133356 -0.0500000
      vertex 0.0481888 -0.0133356 0.1500000
    endloop
  endfacet
  facet normal 0.960431 -0.27852 0
    outer loop
      vertex 0.0478470 -0.0145142 -0.0500000
      vertex 0.0481888 -0.0133356 0.1500000
      vertex 0.0478470 -0.0145142 0.1500000
    endloop
  endfacet
  facet normal 0.966976 -0.254866 0
    outer loop
      vertex 0.0481888 -0.0133356 -0.0500000
      vertex 0.0485016 -0.0121490 -0.0500000
      vertex 0.0485016 -0.0121490 0.1500000
    endloop
  endfacet
  facet normal 0.966976 -0.254866 0
    outer loop
      vertex 0.0481888 -0.0133356 -0.0500000
      vertex 0.0485016 -0.0121490 0.1500000
      vertex 0.0481888 -0.0133356 0.1500000
    endloop
  endfacet
  facet normal 0.97294 -0.231058 0
    outer loop
      vertex 0.0485016 -0.0121490 -0.0500000
      vertex 0.0487851 -0.0109551 -0.0500000
      vertex 0.0487851 -0.0109551 0.1500000
    endloop
  endfacet
  facet normal 0.97294 -0.231058 0
    outer loop
      vertex 0.0485016 -0.0121490 -0.0500000
      vertex 0.0487851 -0.0109551 0.1500000
      vertex 0.0485016 -0.0121490 0.1500000
    endloop
  endfacet
  facet normal 0.978317 -0.207111 0
    outer loop
      vertex 0.0487851 -0.0109551 -0.0500000
      vertex 0.0490393 -0.0097545 -0.0500000
      vertex 0.0490393 -0.0097545 0.1500000
    endloop
  endfacet
  facet normal 0.978317 -0.207111 0
    outer loop
      vertex 0.0487851 -0.0109551 -0.0500000
      vertex 0.0490393 -0.0097545 0.1500000
      vertex 0.0487851 -0.0109551 0.1500000
    endloop
  endfacet
  facet normal 0.983105 -0.18304 0
    outer loop
      vertex 0.0490393 -0.0097545 -0.0500000
      vertex 0.0492639 -0.0085481 -0.0500000
      vertex 0.0492639 -0.0085481 0.1500000
    endloop
  endfacet
  facet normal 0.983105 -0.18304 0
    outer loop
      vertex 0.0490393 -0.0097545 -0.0500000
      vertex 0.0492639 -0.0085481 0.1500000
      vertex 0.0490393 -0.0097545 0.1500000
    endloop
  endfacet
  facet normal 0.987301 -0.158858 0
    outer loop
      vertex 0.0492639 -0.0085481 -0.0500000
      vertex 0.0494588 -0.0073365 -0.0500000
      vertex 0.0494588 -0.0073365 0.1500000
    endloop
  endfacet
  facet normal 0.987301 -0.158858 0
    outer loop
      vertex 0.0492639 -0.0085481 -0.0500000
      vertex 0.0494588 -0.0073365 0.1500000
      vertex 0.0492639 -0.0085481 0.1500000
    endloop
  endfacet
  facet normal 0.990903 -0.134581 0
    outer loop
      vertex 0.0494588 -0.0073365 -0.0500000
      vertex 0.0496240 -0.0061205 -0.0500000
      vertex 0.0496240 -0.0061205 0.1500000
    endloop
  endfacet
  facet normal 0.990903 -0.134581 0
    outer loop
      vertex 0.0494588 -0.0073365 -0.0500000
      vertex 0.0496240 -0.0061205 0.1500000
      vertex 0.0494588 -0.0073365 0.1500000
    endloop
  endfacet
  facet normal 0.993907 -0.110222 0
    outer loop
      vertex 0.0496240 -0.0061205 -0.0500000
      vertex 0.0497592 -0.0049009 -0.0500000
      vertex 0.0497592 -0.0049009 0.1500000
    endloop
  endfacet
  facet normal 0.993907 -0.110222 0
    outer loop
      vertex 0.0496240 -0.0061205 -0.0500000
      vertex 0.0497592 -0.0049009 0.1500000
      vertex 0.0496240 -0.0061205 0.1500000
    endloop
  endfacet
  facet normal 0.996313 -0.0857973 0
    outer loop
      vertex 0.0497592 -0.0049009 -0.0500000
      vertex 0.0498645 -0.0036782 -0.0500000
      vertex 0.0498645 -0.0036782 0.1500000
    endloop
  endfacet
  facet normal 0.996313 -0.0857973 0
    outer loop
      vertex 0.0497592 -0.0049009 -0.0500000
      vertex 0.0498645 -0.0036782 0.1500000
      vertex 0.0497592 -0.0049009 0.1500000
    endloop
  endfacet
  facet normal 0.998118 -0.0613207 0
    outer loop
      vertex 0.0498645 -0.0036782 -0.0500000
      vertex 0.0499398 -0.0024534 -0.0500000
      vertex 0.0499398 -0.0024534 0.1500000
    endloop
  endfacet
  facet normal 0.998118 -0.0613207 0
    outer loop
      vertex 0.0498645 -0.0036782 -0.0500000
      vertex 0.0499398 -0.0024534 0.1500000
      vertex 0.0498645 -0.0036782 0.1500000
    endloop
  endfacet
  facet normal 0.999322 -0.0368072 0
    outer loop
      vertex 0.0499398 -0.0024534 -0.0500000
      vertex 0.0499849 -0.0012271 -0.0500000
      vertex 0.0499849 -0.0012271 0.1500000
    endloop
  endfacet
  facet normal 0.999322 -0.0368072 0
    outer loop
      vertex 0.0499398 -0.0024534 -0.0500000
      vertex 0.0499849 -0.0012271 0.1500000
      vertex 0.0499398 -0.0024534 0.1500000
    endloop
  endfacet
  facet normal 0.999925 -0.0122715 0
    outer loop
      vertex 0.0499849 -0.0012271 -0.0500000
      vertex 0.0500000 -0.0000000 -0.0500000
      vertex 0.0500000 -0.0000000 0.1500000
    endloop
  endfacet
  facet normal 0.999925 -0.0122715 0
    outer loop
      vertex 0.0499849 -0.0012271 -0.0500000
      vertex 0.0500000 -0.0000000 0.1500000
      vertex 0.0499849 -0.0012271 0.1500000
    endloop
  endfacet
  facet normal 0 0 1
    outer loop
      vertex 0.0000000 0.0000000 0.1500000
      vertex 0.0500000 0.0000000 0.1500000
      vertex 0.0499849 0.0012271 0.1500000
    endloop
  endfacet
  facet normal 0 0 1
    outer loop
      vertex 0.0000000 0.0000000 0.1500000
      vertex 0.0499849 0.0012271 0.1500000
      vertex 0.0499398 0.0024534 0.1500000
    endloop
  endfacet
  facet normal 0 0 1
    outer loop
      vertex 0.0000000 0.0000000 0.1500000
      vertex 0.0499398 0.0024534 0.1500000
      vertex 0.0498645 0.0036782 0.1500000
    endloop
  endfacet
  facet normal 0 0 1
    outer loop
      vertex 0.0000000 0.0000000 0.1500000
      vertex 0.0498645 0.0036782 0.1500000
      vertex 0.0497592 0.0049009 0.1500000
    endloop
  endfacet
  facet normal 0 0 1
    outer loop
      vertex 0.0000000 0.0000000 0.1500000
      vertex 0.0497592 0.0049009 0.1500000
      vertex 0.0496240 0.0061205 0.1500000
    endloop
  endfacet
  facet normal 0 0 1
    outer loop
      vertex 0.0000000 0.0000000 0.1500000
      vertex 0.0496240 0.0061205 0.1500000
      vertex 0.0494588 0.0073365 0.1500000
    endloop
  endfacet
  facet normal 0 0 1
    outer loop
      vertex 0.0000000 0.0000000 0.1500000
      vertex 0.0494588 0.0073365 0.1500000
      vertex 0.0492639 0.0085481 0.1500000
    endloop
  endfacet
  facet normal 0 0 1
    outer loop
      vertex 0.0000000 0.0000000 0.1500000
      vertex 0.0492639 0.0085481 0.1500000
      vertex 0.0490393 0.0097545 0.1500000
    endloop
  endfacet
  facet normal 0 0 1
    outer loop
      vertex 0.0000000 0.0000000 0.1500000
      vertex 0.0490393 0.0097545 0.1500000
      vertex 0.0487851 0.0109551 0.1500000
    endloop
  endfacet
  facet normal 0 0 1
    outer loop
      vertex 0.0000000 0.0000000 0.1500000
      vertex 0.0487851 0.0109551 0.1500000
      vertex 0.0485016 0.0121490 0.1500000
    endloop
  endfacet
  facet normal 0 0 1
    outer loop
      vertex 0.0000000 0.0000000 0.1500000
      vertex 0.0485016 0.0121490 0.1500000
      vertex 0.0481888 0.0133356 0.1500000
    endloop
  endfacet
  facet normal 0 0 1
    outer loop
      vertex 0.0000000 0.0000000 0.1500000
      vertex 0.0481888 0.0133356 0.1500000
      vertex 0.0478470 0.0145142 0.1500000
    endloop
  endfacet
  facet normal 0 0 1
    outer loop
      vertex 0.0000000 0.0000000 0.1500000
      vertex 0.0478470 0.0145142 0.1500000
      vertex 0.0474764 0.0156841 0.1500000
    endloop
  endfacet
  facet normal 0 0 1
    outer loop
      vertex 0.0000000 0.0000000 0.1500000
      vertex 0.0474764 0.0156841 0.1500000
      vertex 0.0470772 0.0168445 0.1500000
    endloop
  endfacet
  facet normal 0 0 1
    outer loop
      vertex 0.0000000 0.0000000 0.1500000
      vertex 0.0470772 0.0168445 0.1500000
      vertex 0.0466496 0.0179948 0.1500000
    endloop
  endfacet
  facet normal 0 0 1
    outer loop
      vertex 0.0000000 0.0000000 0.1500000
      vertex 0.0466496 0.0179948 0.1500000
      vertex 0.0461940 0.0191342 0.1500000
    endloop
  endfacet
  facet normal 0 0 1
    outer loop
      vertex 0.0000000 0.0000000 0.1500000
      vertex 0.0461940 0.0191342 0.1500000
      vertex 0.0457105 0.0202621 0.1500000
    endloop
  endfacet
  facet normal 0 0 1
    outer loop
      vertex 0.0000000 0.0000000 0.1500000
      vertex 0.0457105 0.0202621 0.1500000
      vertex 0.0451995 0.0213778 0.1500000
    endloop
  endfacet
  facet normal 0 0 1
    outer loop
      vertex 0.0000000 0.0000000 0.1500000
      vertex 0.0451995 0.0213778 0.1500000
      vertex 0.0446612 0.0224806 0.1500000
    endloop
  endfacet
  facet normal 0 0 1
    outer loop
      vertex 0.0000000 0.0000000 0.1500000
      vertex 0.0446612 0.0224806 0.1500000
      vertex 0.0440961 0.0235698 0.1500000
    endloop
  endfacet
  facet normal 0 0 1
    outer loop
      vertex 0.0000000 0.0000000 0.1500000
      vertex 0.0440961 0.0235698 0.1500000
      vertex 0.0435043 0.0246449 0.1500000
    endloop
  endfacet
  facet normal 0 0 1
    outer loop
      vertex 0.0000000 0.0000000 0.1500000
      vertex 0.0435043 0.0246449 0.1500000
      vertex 0.0428864 0.0257051 0.1500000
    endloop
  endfacet
  facet normal 0 0 1
    outer loop
      vertex 0.0000000 0.0000000 0.1500000
      vertex 0.0428864 0.0257051 0.1500000
      vertex 0.0422427 0.0267499 0.1500000
    endloop
  endfacet
  facet normal 0 0 1
    outer loop
      vertex 0.0000000 0.0000000 0.1500000
      vertex 0.0422427 0.0267499 0.1500000
      vertex 0.0415735 0.0277785 0.1500000
    endloop
  endfacet
  facet normal 0 0 1
    outer loop
      vertex 0.0000000 0.0000000 0.1500000
      vertex 0.0415735 0.0277785 0.1500000
      vertex 0.0408792 0.0287904 0.1500000
    endloop
  endfacet
  facet normal 0 0 1
    outer loop
      vertex 0.0000000 0.0000000 0.1500000
      vertex 0.0408792 0.0287904 0.1500000
      vertex 0.0401604 0.0297850 0.1500000
    endloop
  endfacet
  facet normal 0 0 1
    outer loop
      vertex 0.0000000 0.0000000 0.1500000
      vertex 0.0401604 0.0297850 0.1500000
      vertex 0.0394173 0.0307616 0.1500000
    endloop
  endfacet
  facet normal 0 0 1
    outer loop
      vertex 0.0000000 0.0000000 0.1500000
      vertex 0.0394173 0.0307616 0.1500000
      vertex 0.0386505 0.0317197 0.1500000
    endloop
  endfacet
  facet normal 0 0 1
    outer loop
      vertex 0.0000000 0.0000000 0.1500000
      vertex 0.0386505 0.0317197 0.1500000
      vertex 0.0378604 0.0326586 0.1500000
    endloop
  endfacet
  facet normal 0 0 1
    outer loop
      vertex 0.0000000 0.0000000 0.1500000
      vertex 0.0378604 0.0326586 0.1500000
      vertex 0.0370476 0.0335779 0.1500000
    endloop
  endfacet
  facet normal 0 0 1
    outer loop
      vertex 0.0000000 0.0000000 0.1500000
      vertex 0.0370476 0.0335779 0.1500000
      vertex 0.0362124 0.0344770 0.1500000
    endloop
  endfacet
  facet normal 0 0 1
    outer loop
      vertex 0.0000000 0.0000000 0.1500000
      vertex 0.0362124 0.0344770 0.1500000
      vertex 0.0353553 0.0353553 0.1500000
    endloop
  endfacet
  facet normal 0 0 1
    outer loop
      vertex 0.0000000 0.0000000 0.1500000
      vertex 0.0353553 0.0353553 0.1500000
      vertex 0.0344770 0.0362124 0.1500000
    endloop
  endfacet
  facet normal 0 0 1
    outer loop
      vertex 0.0000000 0.0000000 0.1500000
      vertex 0.0344770 0.0362124 0.1500000
      vertex 0.0335779 0.0370476 0.1500000
    endloop
  endfacet
  facet normal 0 0 1
    outer loop
      vertex 0.0000000 0.0000000 0.1500000
      vertex 0.0335779 0.0370476 0.1500000
      vertex 0.0326586 0.0378604 0.1500000
    endloop
  endfacet
  facet normal 0 0 1
    outer loop
      vertex 0.0000000 0.0000000 0.1500000
      vertex 0.0326586 0.0378604 0.1500000
      vertex 0.0317197 0.0386505 0.1500000
    endloop
  endfacet
  facet normal 0 0 1
    outer loop
      vertex 0.0000000 0.0000000 0.1500000
      vertex 0.0317197 0.0386505 0.1500000
      vertex 0.0307616 0.0394173 0.1500000
    endloop
  endfacet
  facet normal 0 0 1
    outer loop
      vertex 0.0000000 0.0000000 0.1500000
      vertex 0.0307616 0.0394173 0.1500000
      vertex 0.0297850 0.0401604 0.1500000
    endloop
  endfacet
  facet normal 0 0 1
    outer loop
      vertex 0.0000000 0.0000000 0.1500000
      vertex 0.0297850 0.0401604 0.1500000
      vertex 0.0287904 0.0408792 0.1500000
    endloop
  endfacet
  facet normal 0 0 1
    outer loop
      vertex 0.0000000 0.0000000 0.1500000
      vertex 0.0287904 0.0408792 0.1500000
      vertex 0.0277785 0.0415735 0.1500000
    endloop
  endfacet
  facet normal 0 0 1
    outer loop
      vertex 0.0000000 0.0000000 0.1500000
      vertex 0.0277785 0.0415735 0.1500000
      vertex 0.0267499 0.0422427 0.1500000
    endloop
  endfacet
  facet normal 0 0 1
    outer loop
      vertex 0.0000000 0.0000000 0.1500000
      vertex 0.0267499 0.0422427 0.1500000
      vertex 0.0257051 0.0428864 0.1500000
    endloop
  endfacet
  facet normal 0 0 1
    outer loop
      vertex 0.0000000 0.0000000 0.1500000
      vertex 0.0257051 0.0428864 0.1500000
      vertex 0.0246449 0.0435043 0.1500000
    endloop
  endfacet
  facet normal 0 0 1
    outer loop
      vertex 0.0000000 0.0000000 0.1500000
      vertex 0.0246449 0.0435043 0.1500000
      vertex 0.0235698 0.0440961 0.1500000
    endloop
  endfacet
  facet normal 0 0 1
    outer loop
      vertex 0.0000000 0.0000000 0.1500000
      vertex 0.0235698 0.0440961 0.1500000
      vertex 0.0224806 0.0446612 0.1500000
    endloop
  endfacet
  facet normal 0 0 1
    outer loop
      vertex 0.0000000 0.0000000 0.1500000
      vertex 0.0224806 0.0446612 0.1500000
      vertex 0.0213778 0.0451995 0.1500000
    endloop
  endfacet
  facet normal 0 0 1
    outer loop
      vertex 0.0000000 0.0000000 0.1500000
      vertex 0.0213778 0.0451995 0.1500000
      vertex 0.0202621 0.0457105 0.1500000
    endloop
  endfacet
  facet normal 0 0 1
    outer loop
      vertex 0.0000000 0.0000000 0.1500000
      vertex 0.0202621 0.0457105 0.1500000
      vertex 0.0191342 0.0461940 0.1500000
    endloop
  endfacet
  facet normal 0 0 1
    outer loop
      vertex 0.0000000 0.0000000 0.1500000
      vertex 0.0191342 0.0461940 0.1500000
      vertex 0.0179948 0.0466496 0.1500000
    endloop
  endfacet
  facet normal 0 0 1
    outer loop
      vertex 0.0000000 0.0000000 0.1500000
      vertex 0.0179948 0.0466496 0.1500000
      vertex 0.0168445 0.0470772 0.1500000
    endloop
  endfacet
  facet normal 0 0 1
    outer loop
      vertex 0.0000000 0.0000000 0.1500000
      vertex 0.0168445 0.0470772 0.1500000
      vertex 0.0156841 0.0474764 0.1500000
    endloop
  endfacet
  facet normal 0 0 1
    outer loop
      vertex 0.0000000 0.0000000 0.1500000
      vertex 0.0156841 0.0474764 0.1500000
      vertex 0.0145142 0.0478470 0.1500000
    endloop
  endfacet
  facet normal 0 0 1
    outer loop
      vertex 0.0000000 0.0000000 0.1500000
      vertex 0.0145142 0.0478470 0.1500000
      vertex 0.0133356 0.0481888 0.1500000
    endloop
  endfacet
  facet normal 0 0 1
    outer loop
      vertex 0.0000000 0.0000000 0.1500000
      vertex 0.0133356 0.0481888 0.1500000
      vertex 0.0121490 0.0485016 0.1500000
    endloop
  endfacet
  facet normal 0 0 1
    outer loop
      vertex 0.0000000 0.0000000 0.1500000
      vertex 0.0121490 0.0485016 0.1500000
      vertex 0.0109551 0.0487851 0.1500000
    endloop
  endfacet
  facet normal 0 0 1
    outer loop
      vertex 0.0000000 0.0000000 0.1500000
      vertex 0.0109551 0.0487851 0.1500000
      vertex 0.0097545 0.0490393 0.1500000
    endloop
  endfacet
  facet normal 0 0 1
    outer loop
      vertex 0.0000000 0.0000000 0.1500000
      vertex 0.0097545 0.0490393 0.1500000
      vertex 0.0085481 0.0492639 0.1500000
    endloop
  endfacet
  facet normal 0 0 1
    outer loop
      vertex 0.0000000 0.0000000 0.1500000
      vertex 0.0085481 0.0492639 0.1500000
      vertex 0.0073365 0.0494588 0.1500000
    endloop
  endfacet
  facet normal 0 0 1
    outer loop
      vertex 0.0000000 0.0000000 0.1500000
      vertex 0.0073365 0.0494588 0.1500000
      vertex 0.0061205 0.0496240 0.1500000
    endloop
  endfacet
  facet normal 0 0 1
    outer loop
      vertex 0.0000000 0.0000000 0.1500000
      vertex 0.0061205 0.0496240 0.1500000
      vertex 0.0049009 0.0497592 0.1500000
    endloop
  endfacet
  facet normal 0 0 1
    outer loop
      vertex 0.0000000 0.0000000 0.1500000
      vertex 0.0049009 0.0497592 0.1500000
      vertex 0.0036782 0.0498645 0.1500000
    endloop
  endfacet
  facet normal 0 0 1
    outer loop
      vertex 0.0000000 0.0000000 0.1500000
      vertex 0.0036782 0.0498645 0.1500000
      vertex 0.0024534 0.0499398 0.1500000
    endloop
  endfacet
  facet normal 0 0 1
    outer loop
      vertex 0.0000000 0.0000000 0.1500000
      vertex 0.0024534 0.0499398 0.1500000
      vertex 0.0012271 0.0499849 0.1500000
    endloop
  endfacet
  facet normal 0 0 1
    outer loop
      vertex 0.0000000 0.0000000 0.1500000
      vertex 0.0012271 0.0499849 0.1500000
      vertex 0.0000000 0.0500000 0.1500000
    endloop
  endfacet
  facet normal 0 -0 1
    outer loop
      vertex 0.0000000 0.0000000 0.1500000
      vertex 0.0000000 0.0500000 0.1500000
      vertex -0.0012271 0.0499849 0.1500000
    endloop
  endfacet
  facet normal 0 0 1
    outer loop
      vertex 0.0000000 0.0000000 0.1500000
      vertex -0.0012271 0.0499849 0.1500000
      vertex -0.0024534 0.0499398 0.1500000
    endloop
  endfacet
  facet normal 0 0 1
    outer loop
      vertex 0.0000000 0.0000000 0.1500000
      vertex -0.0024534 0.0499398 0.1500000
      vertex -0.0036782 0.0498645 0.1500000
    endloop
  endfacet
  facet normal 0 0 1
    outer loop
      vertex 0.0000000 0.0000000 0.1500000
      vertex -0.0036782 0.0498645 0.1500000
      vertex -0.0049009 0.0497592 0.1500000
    endloop
  endfacet
  facet normal 0 0 1
    outer loop
      vertex 0.0000000 0.0000000 0.1500000
      vertex -0.0049009 0.0497592 0.1500000
      vertex -0.0061205 0.0496240 0.1500000
    endloop
  endfacet
  facet normal 0 0 1
    outer loop
      vertex 0.0000000 0.0000000 0.1500000
      vertex -0.0061205 0.0496240 0.1500000
      vertex -0.0073365 0.0494588 0.1500000
    endloop
  endfacet
  facet normal 0 0 1
    outer loop
      vertex 0.0000000 0.0000000 0.1500000
      vertex -0.0073365 0.0494588 0.1500000
      vertex -0.0085481 0.0492639 0.1500000
    endloop
  endfacet
  facet normal 0 0 1
    outer loop
      vertex 0.0000000 0.0000000 0.1500000
      vertex -0.0085481 0.0492639 0.1500000
      vertex -0.0097545 0.0490393 0.1500000
    endloop
  endfacet
  facet normal 0 0 1
    outer loop
      vertex 0.0000000 0.0000000 0.1500000
      vertex -0.0097545 0.0490393 0.1500000
      vertex -0.0109551 0.0487851 0.1500000
    endloop
  endfacet
  facet normal 0 0 1
    outer loop
      vertex 0.0000000 0.0000000 0.1500000
      vertex -0.0109551 0.0487851 0.1500000
      vertex -0.0121490 0.0485016 0.1500000
    endloop
  endfacet
  facet normal 0 0 1
    outer loop
      vertex 0.0000000 0.0000000 0.1500000
      vertex -0.0121490 0.0485016 0.1500000
      vertex -0.0133356 0.0481888 0.1500000
    endloop
  endfacet
  facet normal 0 0 1
    outer loop
      vertex 0.0000000 0.0000000 0.1500000
      vertex -0.0133356 0.0481888 0.1500000
      vertex -0.0145142 0.0478470 0.1500000
    endloop
  endfacet
  facet normal 0 0 1
    outer loop
      vertex 0.0000000 0.0000000 0.1500000
      vertex -0.0145142 0.0478470 0.1500000
      vertex -0.0156841 0.0474764 0.1500000
    endloop
  endfacet
  facet normal 0 0 1
    outer loop
      vertex 0.0000000 0.0000000 0.1500000
      vertex -0.0156841 0.0474764 0.1500000
      vertex -0.0168445 0.0470772 0.1500000
    endloop
  endfacet
  facet normal 0 0 1
    outer loop
      vertex 0.0000000 0.0000000 0.1500000
      vertex -0.0168445 0.0470772 0.1500000
      vertex -0.0179948 0.0466496 0.1500000
    endloop
  endfacet
  facet normal 0 0 1
    outer loop
      vertex 0.0000000 0.0000000 0.1500000
      vertex -0.0179948 0.0466496 0.1500000
      vertex -0.0191342 0.0461940 0.1500000
    endloop
  endfacet
  facet normal 0 0 1
    outer loop
      vertex 0.0000000 0.0000000 0.1500000
      vertex -0.0191342 0.0461940 0.1500000
      vertex -0.0202621 0.0457105 0.1500000
    endloop
  endfacet
  facet normal 0 0 1
    outer loop
      vertex 0.0000000 0.0000000 0.1500000
      vertex -0.0202621 0.0457105 0.1500000
      vertex -0.0213778 0.0451995 0.1500000
    endloop
  endfacet
  facet normal 0 0 1
    outer loop
      vertex 0.0000000 0.0000000 0.1500000
      vertex -0.0213778 0.0451995 0.1500000
      vertex -0.0224806 0.0446612 0.1500000
    endloop
  endfacet
  facet normal 0 0 1
    outer loop
      vertex 0.0000000 0.0000000 0.1500000
      vertex -0.0224806 0.0446612 0.1500000
      vertex -0.0235698 0.0440961 0.1500000
    endloop
  endfacet
  facet normal 0 0 1
    outer loop
      vertex 0.0000000 0.0000000 0.1500000
      vertex -0.0235698 0.0440961 0.1500000
      vertex -0.0246449 0.0435043 0.1500000
    endloop
  endfacet
  facet normal 0 0 1
    outer loop
      vertex 0.0000000 0.0000000 0.1500000
      vertex -0.0246449 0.0435043 0.1500000
      vertex -0.0257051 0.0428864 0.1500000
    endloop
  endfacet
  facet normal 0 0 1
    outer loop
      vertex 0.0000000 0.0000000 0.1500000
      vertex -0.0257051 0.0428864 0.1500000
      vertex -0.0267499 0.0422427 0.1500000
    endloop
  endfacet
  facet normal 0 0 1
    outer loop
      vertex 0.0000000 0.0000000 0.1500000
      vertex -0.0267499 0.0422427 0.1500000
      vertex -0.0277785 0.0415735 0.1500000
    endloop
  endfacet
  facet normal 0 0 1
    outer loop
      vertex 0.0000000 0.0000000 0.1500000
      vertex -0.0277785 0.0415735 0.1500000
      vertex -0.0287904 0.0408792 0.1500000
    endloop
  endfacet
  facet normal 0 0 1
    outer loop
      vertex 0.0000000 0.0000000 0.1500000
      vertex -0.0287904 0.0408792 0.1500000
      vertex -0.0297850 0.0401604 0.1500000
    endloop
  endfacet
  facet normal 0 0 1
    outer loop
      vertex 0.0000000 0.0000000 0.1500000
      vertex -0.0297850 0.0401604 0.1500000
      vertex -0.0307616 0.0394173 0.1500000
    endloop
  endfacet
  facet normal 0 0 1
    outer loop
      vertex 0.0000000 0.0000000 0.1500000
      vertex -0.0307616 0.0394173 0.1500000
      vertex -0.0317197 0.0386505 0.1500000
    endloop
  endfacet
  facet normal 0 0 1
    outer loop
      vertex 0.0000000 0.0000000 0.1500000
      vertex -0.0317197 0.0386505 0.1500000
      vertex -0.0326586 0.0378604 0.1500000
    endloop
  endfacet
  facet normal 0 0 1
    outer loop
      vertex 0.0000000 0.0000000 0.1500000
      vertex -0.0326586 0.0378604 0.1500000
      vertex -0.0335779 0.0370476 0.1500000
    endloop
  endfacet
  facet normal 0 0 1
    outer loop
      vertex 0.0000000 0.0000000 0.1500000
      vertex -0.0335779 0.0370476 0.1500000
      vertex -0.0344770 0.0362124 0.1500000
    endloop
  endfacet
  facet normal 0 0 1
    outer loop
      vertex 0.0000000 0.0000000 0.1500000
      vertex -0.0344770 0.0362124 0.1500000
      vertex -0.0353553 0.0353553 0.1500000
    endloop
  endfacet
  facet normal 0 0 1
    outer loop
      vertex 0.0000000 0.0000000 0.1500000
      vertex -0.0353553 0.0353553 0.1500000
      vertex -0.0362124 0.0344770 0.1500000
    endloop
  endfacet
  facet normal 0 0 1
    outer loop
      vertex 0.0000000 0.0000000 0.1500000
      vertex -0.0362124 0.0344770 0.1500000
      vertex -0.0370476 0.0335779 0.1500000
    endloop
  endfacet
  facet normal 0 0 1
    outer loop
      vertex 0.0000000 0.0000000 0.1500000
      vertex -0.0370476 0.0335779 0.1500000
      vertex -0.0378604 0.0326586 0.1500000
    endloop
  endfacet
  facet normal 0 0 1
    outer loop
      vertex 0.0000000 0.0000000 0.1500000
      vertex -0.0378604 0.0326586 0.1500000
      vertex -0.0386505 0.0317197 0.1500000
    endloop
  endfacet
  facet normal 0 0 1
    outer loop
      vertex 0.0000000 0.0000000 0.1500000
      vertex -0.0386505 0.0317197 0.1500000
      vertex -0.0394173 0.0307616 0.1500000
    endloop
  endfacet
  facet normal 0 0 1
    outer loop
      vertex 0.0000000 0.0000000 0.1500000
      vertex -0.0394173 0.0307616 0.1500000
      vertex -0.0401604 0.0297850 0.1500000
    endloop
  endfacet
  facet normal 0 0 1
    outer loop
      vertex 0.0000000 0.0000000 0.1500000
      vertex -0.0401604 0.0297850 0.1500000
      vertex -0.0408792 0.0287904 0.1500000
    endloop
  endfacet
  facet normal 0 0 1
    outer loop
      vertex 0.0000000 0.0000000 0.1500000
      vertex -0.0408792 0.0287904 0.1500000
      vertex -0.0415735 0.0277785 0.1500000
    endloop
  endfacet
  facet normal 0 0 1
    outer loop
      vertex 0.0000000 0.0000000 0.1500000
      vertex -0.0415735 0.0277785 0.1500000
      vertex -0.0422427 0.0267499 0.1500000
    endloop
  endfacet
  facet normal 0 0 1
    outer loop
      vertex 0.0000000 0.0000000 0.1500000
      vertex -0.0422427 0.0267499 0.1500000
      vertex -0.0428864 0.0257051 0.1500000
    endloop
  endfacet
  facet normal 0 0 1
    outer loop
      vertex 0.0000000 0.0000000 0.1500000
      vertex -0.0428864 0.0257051 0.1500000
      vertex -0.0435043 0.0246449 0.1500000
    endloop
  endfacet
  facet normal 0 0 1
    outer loop
      vertex 0.0000000 0.0000000 0.1500000
      vertex -0.0435043 0.0246449 0.1500000
      vertex -0.0440961 0.0235698 0.1500000
    endloop
  endfacet
  facet normal 0 0 1
    outer loop
      vertex 0.0000000 0.0000000 0.1500000
      vertex -0.0440961 0.0235698 0.1500000
      vertex -0.0446612 0.0224806 0.1500000
    endloop
  endfacet
  facet normal 0 0 1
    outer loop
      vertex 0.0000000 0.0000000 0.1500000
      vertex -0.0446612 0.0224806 0.1500000
      vertex -0.0451995 0.0213778 0.1500000
    endloop
  endfacet
  facet normal 0 0 1
    outer loop
      vertex 0.0000000 0.0000000 0.1500000
      vertex -0.0451995 0.0213778 0.1500000
      vertex -0.0457105 0.0202621 0.1500000
    endloop
  endfacet
  facet normal 0 0 1
    outer loop
      vertex 0.0000000 0.0000000 0.1500000
      vertex -0.0457105 0.0202621 0.1500000
      vertex -0.0461940 0.0191342 0.1500000
    endloop
  endfacet
  facet normal 0 0 1
    outer loop
      vertex 0.0000000 0.0000000 0.1500000
      vertex -0.0461940 0.0191342 0.1500000
      vertex -0.0466496 0.0179948 0.1500000
    endloop
  endfacet
  facet normal 0 0 1
    outer loop
      vertex 0.0000000 0.0000000 0.1500000
      vertex -0.0466496 0.0179948 0.1500000
      vertex -0.0470772 0.0168445 0.1500000
    endloop
  endfacet
  facet normal 0 0 1
    outer loop
      vertex 0.0000000 0.0000000 0.1500000
      vertex -0.0470772 0.0168445 0.1500000
      vertex -0.0474764 0.0156841 0.1500000
    endloop
  endfacet
  facet normal 0 0 1
    outer loop
      vertex 0.0000000 0.0000000 0.1500000
      vertex -0.0474764 0.0156841 0.1500000
      vertex -0.0478470 0.0145142 0.1500000
    endloop
  endfacet
  facet normal 0 0 1
    outer loop
      vertex 0.0000000 0.0000000 0.1500000
      vertex -0.0478470 0.0145142 0.1500000
      vertex -0.0481888 0.0133356 0.1500000
    endloop
  endfacet
  facet normal 0 0 1
    outer loop
      vertex 0.0000000 0.0000000 0.1500000
      vertex -0.0481888 0.0133356 0.1500000
      vertex -0.0485016 0.0121490 0.1500000
    endloop
  endfacet
  facet normal 0 0 1
    outer loop
      vertex 0.0000000 0.0000000 0.1500000
      vertex -0.0485016 0.0121490 0.1500000
      vertex -0.0487851 0.0109551 0.1500000
    endloop
  endfacet
  facet normal 0 0 1
    outer loop
      vertex 0.0000000 0.0000000 0.1500000
      vertex -0.0487851 0.0109551 0.1500000
      vertex -0.0490393 0.0097545 0.1500000
    endloop
  endfacet
  facet normal 0 0 1
    outer loop
      vertex 0.0000000 0.0000000 0.1500000
      vertex -0.0490393 0.0097545 0.1500000
      vertex -0.0492639 0.0085481 0.1500000
    endloop
  endfacet
  facet normal 0 0 1
    outer loop
      vertex 0.0000000 0.0000000 0.1500000
      vertex -0.0492639 0.0085481 0.1500000
      vertex -0.0494588 0.0073365 0.1500000
    endloop
  endfacet
  facet normal 0 0 1
    outer loop
      vertex 0.0000000 0.0000000 0.1500000
      vertex -0.0494588 0.0073365 0.1500000
      vertex -0.0496240 0.0061205 0.1500000
    endloop
  endfacet
  facet normal 0 0 1
    outer loop
      vertex 0.0000000 0.0000000 0.1500000
      vertex -0.0496240 0.0061205 0.1500000
      vertex -0.0497592 0.0049009 0.1500000
    endloop
  endfacet
  facet normal 0 0 1
    outer loop
      vertex 0.0000000 0.0000000 0.1500000
      vertex -0.0497592 0.0049009 0.1500000
      vertex -0.0498645 0.0036782 0.1500000
    endloop
  endfacet
  facet normal 0 0 1
    outer loop
      vertex 0.0000000 0.0000000 0.1500000
      vertex -0.0498645 0.0036782 0.1500000
      vertex -0.0499398 0.0024534 0.1500000
    endloop
  endfacet
  facet normal 0 0 1
    outer loop
      vertex 0.0000000 0.0000000 0.1500000
      vertex -0.0499398 0.0024534 0.1500000
      vertex -0.0499849 0.0012271 0.1500000
    endloop
  endfacet
  facet normal 0 0 1
    outer loop
      vertex 0.0000000 0.0000000 0.1500000
      vertex -0.0499849 0.0012271 0.1500000
      vertex -0.0500000 0.0000000 0.1500000
    endloop
  endfacet
  facet normal 0 0 1
    outer loop
      vertex 0.0000000 0.0000000 0.1500000
      vertex -0.0500000 0.0000000 0.1500000
      vertex -0.0499849 -0.0012271 0.1500000
    endloop
  endfacet
  facet normal 0 0 1
    outer loop
      vertex 0.0000000 0.0000000 0.1500000
      vertex -0.0499849 -0.0012271 0.1500000
      vertex -0.0499398 -0.0024534 0.1500000
    endloop
  endfacet
  facet normal 0 0 1
    outer loop
      vertex 0.0000000 0.0000000 0.1500000
      vertex -0.0499398 -0.0024534 0.1500000
      vertex -0.0498645 -0.0036782 0.1500000
    endloop
  endfacet
  facet normal 0 0 1
    outer loop
      vertex 0.0000000 0.0000000 0.1500000
      vertex -0.0498645 -0.0036782 0.1500000
      vertex -0.0497592 -0.0049009 0.1500000
    endloop
  endfacet
  facet normal 0 0 1
    outer loop
      vertex 0.0000000 0.0000000 0.1500000
      vertex -0.0497592 -0.0049009 0.1500000
      vertex -0.0496240 -0.0061205 0.1500000
    endloop
  endfacet
  facet normal 0 0 1
    outer loop
      vertex 0.0000000 0.0000000 0.1500000
      vertex -0.0496240 -0.0061205 0.1500000
      vertex -0.0494588 -0.0073365 0.1500000
    endloop
  endfacet
  facet normal 0 0 1
    outer loop
      vertex 0.0000000 0.0000000 0.1500000
      vertex -0.0494588 -0.0073365 0.1500000
      vertex -0.0492639 -0.0085481 0.1500000
    endloop
  endfacet
  facet normal 0 0 1
    outer loop
      vertex 0.0000000 0.0000000 0.1500000
      vertex -0.0492639 -0.0085481 0.1500000
      vertex -0.0490393 -0.0097545 0.1500000
    endloop
  endfacet
  facet normal 0 0 1
    outer loop
      vertex 0.0000000 0.0000000 0.1500000
      vertex -0.0490393 -0.0097545 0.1500000
      vertex -0.0487851 -0.0109551 0.1500000
    endloop
  endfacet
  facet normal 0 0 1
    outer loop
      vertex 0.0000000 0.0000000 0.1500000
      vertex -0.0487851 -0.0109551 0.1500000
      vertex -0.0485016 -0.0121490 0.1500000
    endloop
  endfacet
  facet normal 0 0 1
    outer loop
      vertex 0.0000000 0.0000000 0.1500000
      vertex -0.0485016 -0.0121490 0.1500000
      vertex -0.0481888 -0.0133356 0.1500000
    endloop
  endfacet
  facet normal 0 0 1
    outer loop
      vertex 0.0000000 0.0000000 0.1500000
      vertex -0.0481888 -0.0133356 0.1500000
      vertex -0.0478470 -0.0145142 0.1500000
    endloop
  endfacet
  facet normal 0 0 1
    outer loop
      vertex 0.0000000 0.0000000 0.1500000
      vertex -0.0478470 -0.0145142 0.1500000
      vertex -0.0474764 -0.0156841 0.1500000
    endloop
  endfacet
  facet normal 0 0 1
    outer loop
      vertex 0.0000000 0.0000000 0.1500000
      vertex -0.0474764 -0.0156841 0.1500000
      vertex -0.0470772 -0.0168445 0.1500000
    endloop
  endfacet
  facet normal 0 0 1
    outer loop
      vertex 0.0000000 0.0000000 0.1500000
      vertex -0.0470772 -0.0168445 0.1500000
      vertex -0.0466496 -0.0179948 0.1500000
    endloop
  endfacet
  facet normal 0 0 1
    outer loop
      vertex 0.0000000 0.0000000 0.1500000
      vertex -0.0466496 -0.0179948 0.1500000
      vertex -0.0461940 -0.0191342 0.1500000
    endloop
  endfacet
  facet normal 0 0 1
    outer loop
      vertex 0.0000000 0.0000000 0.1500000
      vertex -0.0461940 -0.0191342 0.1500000
      vertex -0.0457105 -0.0202621 0.1500000
    endloop
  endfacet
  facet normal 0 0 1
    outer loop
      vertex 0.0000000 0.0000000 0.1500000
      vertex -0.0457105 -0.0202621 0.1500000
      vertex -0.0451995 -0.0213778 0.1500000
    endloop
  endfacet
  facet normal 0 0 1
    outer loop
      vertex 0.0000000 0.0000000 0.1500000
      vertex -0.0451995 -0.0213778 0.1500000
      vertex -0.0446612 -0.0224806 0.1500000
    endloop
  endfacet
  facet normal 0 0 1
    outer loop
      vertex 0.0000000 0.0000000 0.1500000
      vertex -0.0446612 -0.0224806 0.1500000
      vertex -0.0440961 -0.0235698 0.1500000
    endloop
  endfacet
  facet normal 0 0 1
    outer loop
      vertex 0.0000000 0.0000000 0.1500000
      vertex -0.0440961 -0.0235698 0.1500000
      vertex -0.0435043 -0.0246449 0.1500000
    endloop
  endfacet
  facet normal 0 0 1
    outer loop
      vertex 0.0000000 0.0000000 0.1500000
      vertex -0.0435043 -0.0246449 0.1500000
      vertex -0.0428864 -0.0257051 0.1500000
    endloop
  endfacet
  facet normal 0 0 1
    outer loop
      vertex 0.0000000 0.0000000 0.1500000
      vertex -0.0428864 -0.0257051 0.1500000
      vertex -0.0422427 -0.0267499 0.1500000
    endloop
  endfacet
  facet normal 0 0 1
    outer loop
      vertex 0.0000000 0.0000000 0.1500000
      vertex -0.0422427 -0.0267499 0.1500000
      vertex -0.0415735 -0.0277785 0.1500000
    endloop
  endfacet
  facet normal 0 0 1
    outer loop
      vertex 0.0000000 0.0000000 0.1500000
      vertex -0.0415735 -0.0277785 0.1500000
      vertex -0.0408792 -0.0287904 0.1500000
    endloop
  endfacet
  facet normal 0 0 1
    outer loop
      vertex 0.0000000 0.0000000 0.1500000
      vertex -0.0408792 -0.0287904 0.1500000
      vertex -0.0401604 -0.0297850 0.1500000
    endloop
  endfacet
  facet normal 0 0 1
    outer loop
      vertex 0.0000000 0.0000000 0.1500000
      vertex -0.0401604 -0.0297850 0.1500000
      vertex -0.0394173 -0.0307616 0.1500000
    endloop
  endfacet
  facet normal 0 0 1
    outer loop
      vertex 0.0000000 0.0000000 0.1500000
      vertex -0.0394173 -0.0307616 0.1500000
      vertex -0.0386505 -0.0317197 0.1500000
    endloop
  endfacet
  facet normal 0 0 1
    outer loop
      vertex 0.0000000 0.0000000 0.1500000
      vertex -0.0386505 -0.0317197 0.1500000
      vertex -0.0378604 -0.0326586 0.1500000
    endloop
  endfacet
  facet normal 0 0 1
    outer loop
      vertex 0.0000000 0.0000000 0.1500000
      vertex -0.0378604 -0.0326586 0.1500000
      vertex -0.0370476 -0.0335779 0.1500000
    endloop
  endfacet
  facet normal 0 0 1
    outer loop
      vertex 0.0000000 0.0000000 0.1500000
      vertex -0.0370476 -0.0335779 0.1500000
      vertex -0.0362124 -0.0344770 0.1500000
    endloop
  endfacet
  facet normal 0 0 1
    outer loop
      vertex 0.0000000 0.0000000 0.1500000
      vertex -0.0362124 -0.0344770 0.1500000
      vertex -0.0353553 -0.0353553 0.1500000
    endloop
  endfacet
  facet normal 0 0 1
    outer loop
      vertex 0.0000000 0.0000000 0.1500000
      vertex -0.0353553 -0.0353553 0.1500000
      vertex -0.0344770 -0.0362124 0.1500000
    endloop
  endfacet
  facet normal 0 0 1
    outer loop
      vertex 0.0000000 0.0000000 0.1500000
      vertex -0.0344770 -0.0362124 0.1500000
      vertex -0.0335779 -0.0370476 0.1500000
    endloop
  endfacet
  facet normal 0 0 1
    outer loop
      vertex 0.0000000 0.0000000 0.1500000
      vertex -0.0335779 -0.0370476 0.1500000
      vertex -0.0326586 -0.0378604 0.1500000
    endloop
  endfacet
  facet normal 0 0 1
    outer loop
      vertex 0.0000000 0.0000000 0.1500000
      vertex -0.0326586 -0.0378604 0.1500000
      vertex -0.0317197 -0.0386505 0.1500000
    endloop
  endfacet
  facet normal 0 0 1
    outer loop
      vertex 0.0000000 0.0000000 0.1500000
      vertex -0.0317197 -0.0386505 0.1500000
      vertex -0.0307616 -0.0394173 0.1500000
    endloop
  endfacet
  facet normal 0 0 1
    outer loop
      vertex 0.0000000 0.0000000 0.1500000
      vertex -0.0307616 -0.0394173 0.1500000
      vertex -0.0297850 -0.0401604 0.1500000
    endloop
  endfacet
  facet normal 0 0 1
    outer loop
      vertex 0.0000000 0.0000000 0.1500000
      vertex -0.0297850 -0.0401604 0.1500000
      vertex -0.0287904 -0.0408792 0.1500000
    endloop
  endfacet
  facet normal 0 0 1
    outer loop
      vertex 0.0000000 0.0000000 0.1500000
      vertex -0.0287904 -0.0408792 0.1500000
      vertex -0.0277785 -0.0415735 0.1500000
    endloop
  endfacet
  facet normal 0 0 1
    outer loop
      vertex 0.0000000 0.0000000 0.1500000
      vertex -0.0277785 -0.0415735 0.1500000
      vertex -0.0267499 -0.0422427 0.1500000
    endloop
  endfacet
  facet normal 0 0 1
    outer loop
      vertex 0.0000000 0.0000000 0.1500000
      vertex -0.0267499 -0.0422427 0.1500000
      vertex -0.0257051 -0.0428864 0.1500000
    endloop
  endfacet
  facet normal 0 0 1
    outer loop
      vertex 0.0000000 0.0000000 0.1500000
      vertex -0.0257051 -0.0428864 0.1500000
      vertex -0.0246449 -0.0435043 0.1500000
    endloop
  endfacet
  facet normal 0 0 1
    outer loop
      vertex 0.0000000 0.0000000 0.1500000
      vertex -0.0246449 -0.0435043 0.1500000
      vertex -0.0235698 -0.0440961 0.1500000
    endloop
  endfacet
  facet normal 0 0 1
    outer loop
      vertex 0.0000000 0.0000000 0.1500000
      vertex -0.0235698 -0.0440961 0.1500000
      vertex -0.0224806 -0.0446612 0.1500000
    endloop
  endfacet
  facet normal 0 0 1
    outer loop
      vertex 0.0000000 0.0000000 0.1500000
      vertex -0.0224806 -0.0446612 0.1500000
      vertex -0.0213778 -0.0451995 0.1500000
    endloop
  endfacet
  facet normal 0 0 1
    outer loop
      vertex 0.0000000 0.0000000 0.1500000
      vertex -0.0213778 -0.0451995 0.1500000
      vertex -0.0202621 -0.0457105 0.1500000
    endloop
  endfacet
  facet normal 0 0 1
    outer loop
      vertex 0.0000000 0.0000000 0.1500000
      vertex -0.0202621 -0.0457105 0.1500000
      vertex -0.0191342 -0.0461940 0.1500000
    endloop
  endfacet
  facet normal 0 0 1
    outer loop
      vertex 0.0000000 0.0000000 0.1500000
      vertex -0.0191342 -0.0461940 0.1500000
      vertex -0.0179948 -0.0466496 0.1500000
    endloop
  endfacet
  facet normal 0 0 1
    outer loop
      vertex 0.0000000 0.0000000 0.1500000
      vertex -0.0179948 -0.0466496 0.1500000
      vertex -0.0168445 -0.0470772 0.1500000
    endloop
  endfacet
  facet normal 0 0 1
    outer loop
      vertex 0.0000000 0.0000000 0.1500000
      vertex -0.0168445 -0.0470772 0.1500000
      vertex -0.0156841 -0.0474764 0.1500000
    endloop
  endfacet
  facet normal 0 0 1
    outer loop
      vertex 0.0000000 0.0000000 0.1500000
      vertex -0.0156841 -0.0474764 0.1500000
      vertex -0.0145142 -0.0478470 0.1500000
    endloop
  endfacet
  facet normal 0 0 1
    outer loop
      vertex 0.0000000 0.0000000 0.1500000
      vertex -0.0145142 -0.0478470 0.1500000
      vertex -0.0133356 -0.0481888 0.1500000
    endloop
  endfacet
  facet normal 0 0 1
    outer loop
      vertex 0.0000000 0.0000000 0.1500000
      vertex -0.0133356 -0.0481888 0.1500000
      vertex -0.0121490 -0.0485016 0.1500000
    endloop
  endfacet
  facet normal 0 0 1
    outer loop
      vertex 0.0000000 0.0000000 0.1500000
      vertex -0.0121490 -0.0485016 0.1500000
      vertex -0.0109551 -0.0487851 0.1500000
    endloop
  endfacet
  facet normal 0 0 1
    outer loop
      vertex 0.0000000 0.0000000 0.1500000
      vertex -0.0109551 -0.0487851 0.1500000
      vertex -0.0097545 -0.0490393 0.1500000
    endloop
  endfacet
  facet normal 0 0 1
    outer loop
      vertex 0.0000000 0.0000000 0.1500000
      vertex -0.0097545 -0.0490393 0.1500000
      vertex -0.0085481 -0.0492639 0.1500000
    endloop
  endfacet
  facet normal 0 0 1
    outer loop
      vertex 0.0000000 0.0000000 0.1500000
      vertex -0.0085481 -0.0492639 0.1500000
      vertex -0.0073365 -0.0494588 0.1500000
    endloop
  endfacet
  facet normal 0 0 1
    outer loop
      vertex 0.0000000 0.0000000 0.1500000
      vertex -0.0073365 -0.0494588 0.1500000
      vertex -0.0061205 -0.0496240 0.1500000
    endloop
  endfacet
  facet normal 0 0 1
    outer loop
      vertex 0.0000000 0.0000000 0.1500000
      vertex -0.0061205 -0.0496240 0.1500000
      vertex -0.0049009 -0.0497592 0.1500000
    endloop
  endfacet
  facet normal 0 0 1
    outer loop
      vertex 0.0000000 0.0000000 0.1500000
      vertex -0.0049009 -0.0497592 0.1500000
      vertex -0.0036782 -0.0498645 0.1500000
    endloop
  endfacet
  facet normal 0 0 1
    outer loop
      vertex 0.0000000 0.0000000 0.1500000
      vertex -0.0036782 -0.0498645 0.1500000
      vertex -0.0024534 -0.0499398 0.1500000
    endloop
  endfacet
  facet normal 0 0 1
    outer loop
      vertex 0.0000000 0.0000000 0.1500000
      vertex -0.0024534 -0.0499398 0.1500000
      vertex -0.0012271 -0.0499849 0.1500000
    endloop
  endfacet
  facet normal 0 0 1
    outer loop
      vertex 0.0000000 0.0000000 0.1500000
      vertex -0.0012271 -0.0499849 0.1500000
      vertex -0.0000000 -0.0500000 0.1500000
    endloop
  endfacet
  facet normal 0 0 1
    outer loop
      vertex 0.0000000 0.0000000 0.1500000
      vertex -0.0000000 -0.0500000 0.1500000
      vertex 0.0012271 -0.0499849 0.1500000
    endloop
  endfacet
  facet normal 0 0 1
    outer loop
      vertex 0.0000000 0.0000000 0.1500000
      vertex 0.0012271 -0.0499849 0.1500000
      vertex 0.0024534 -0.0499398 0.1500000
    endloop
  endfacet
  facet normal 0 0 1
    outer loop
      vertex 0.0000000 0.0000000 0.1500000
      vertex 0.0024534 -0.0499398 0.1500000
      vertex 0.0036782 -0.0498645 0.1500000
    endloop
  endfacet
  facet normal 0 0 1
    outer loop
      vertex 0.0000000 0.0000000 0.1500000
      vertex 0.0036782 -0.0498645 0.1500000
      vertex 0.0049009 -0.0497592 0.1500000
    endloop
  endfacet
  facet normal 0 0 1
    outer loop
      vertex 0.0000000 0.0000000 0.1500000
      vertex 0.0049009 -0.0497592 0.1500000
      vertex 0.0061205 -0.0496240 0.1500000
    endloop
  endfacet
  facet normal 0 0 1
    outer loop
      vertex 0.0000000 0.0000000 0.1500000
      vertex 0.0061205 -0.0496240 0.1500000
      vertex 0.0073365 -0.0494588 0.1500000
    endloop
  endfacet
  facet normal 0 0 1
    outer loop
      vertex 0.0000000 0.0000000 0.1500000
      vertex 0.0073365 -0.0494588 0.1500000
      vertex 0.0085481 -0.0492639 0.1500000
    endloop
  endfacet
  facet normal 0 0 1
    outer loop
      vertex 0.0000000 0.0000000 0.1500000
      vertex 0.0085481 -0.0492639 0.1500000
      vertex 0.0097545 -0.0490393 0.1500000
    endloop
  endfacet
  facet normal 0 0 1
    outer loop
      vertex 0.0000000 0.0000000 0.1500000
      vertex 0.0097545 -0.0490393 0.1500000
      vertex 0.0109551 -0.0487851 0.1500000
    endloop
  endfacet
  facet normal 0 0 1
    outer loop
      vertex 0.0000000 0.0000000 0.1500000
      vertex 0.0109551 -0.0487851 0.1500000
      vertex 0.0121490 -0.0485016 0.1500000
    endloop
  endfacet
  facet normal 0 0 1
    outer loop
      vertex 0.0000000 0.0000000 0.1500000
      vertex 0.0121490 -0.0485016 0.1500000
      vertex 0.0133356 -0.0481888 0.1500000
    endloop
  endfacet
  facet normal 0 0 1
    outer loop
      vertex 0.0000000 0.0000000 0.1500000
      vertex 0.0133356 -0.0481888 0.1500000
      vertex 0.0145142 -0.0478470 0.1500000
    endloop
  endfacet
  facet normal 0 0 1
    outer loop
      vertex 0.0000000 0.0000000 0.1500000
      vertex 0.0145142 -0.0478470 0.1500000
      vertex 0.0156841 -0.0474764 0.1500000
    endloop
  endfacet
  facet normal 0 0 1
    outer loop
      vertex 0.0000000 0.0000000 0.1500000
      vertex 0.0156841 -0.0474764 0.1500000
      vertex 0.0168445 -0.0470772 0.1500000
    endloop
  endfacet
  facet normal 0 0 1
    outer loop
      vertex 0.0000000 0.0000000 0.1500000
      vertex 0.0168445 -0.0470772 0.1500000
      vertex 0.0179948 -0.0466496 0.1500000
    endloop
  endfacet
  facet normal 0 0 1
    outer loop
      vertex 0.0000000 0.0000000 0.1500000
      vertex 0.0179948 -0.0466496 0.1500000
      vertex 0.0191342 -0.0461940 0.1500000
    endloop
  endfacet
  facet normal 0 0 1
    outer loop
      vertex 0.0000000 0.0000000 0.1500000
      vertex 0.0191342 -0.0461940 0.1500000
      vertex 0.0202621 -0.0457105 0.1500000
    endloop
  endfacet
  facet normal 0 0 1
    outer loop
      vertex 0.0000000 0.0000000 0.1500000
      vertex 0.0202621 -0.0457105 0.1500000
      vertex 0.0213778 -0.0451995 0.1500000
    endloop
  endfacet
  facet normal 0 0 1
    outer loop
      vertex 0.0000000 0.0000000 0.1500000
      vertex 0.0213778 -0.0451995 0.1500000
      vertex 0.0224806 -0.0446612 0.1500000
    endloop
  endfacet
  facet normal 0 0 1
    outer loop
      vertex 0.0000000 0.0000000 0.1500000
      vertex 0.0224806 -0.0446612 0.1500000
      vertex 0.0235698 -0.0440961 0.1500000
    endloop
  endfacet
  facet normal 0 0 1
    outer loop
      vertex 0.0000000 0.0000000 0.1500000
      vertex 0.0235698 -0.0440961 0.1500000
      vertex 0.0246449 -0.0435043 0.1500000
    endloop
  endfacet
  facet normal 0 0 1
    outer loop
      vertex 0.0000000 0.0000000 0.1500000
      vertex 0.0246449 -0.0435043 0.1500000
      vertex 0.0257051 -0.0428864 0.1500000
    endloop
  endfacet
  facet normal 0 0 1
    outer loop
      vertex 0.0000000 0.0000000 0.1500000
      vertex 0.0257051 -0.0428864 0.1500000
      vertex 0.0267499 -0.0422427 0.1500000
    endloop
  endfacet
  facet normal 0 0 1
    outer loop
      vertex 0.0000000 0.0000000 0.1500000
      vertex 0.0267499 -0.0422427 0.1500000
      vertex 0.0277785 -0.0415735 0.1500000
    endloop
  endfacet
  facet normal 0 0 1
    outer loop
      vertex 0.0000000 0.0000000 0.1500000
      vertex 0.0277785 -0.0415735 0.1500000
      vertex 0.0287904 -0.0408792 0.1500000
    endloop
  endfacet
  facet normal 0 0 1
    outer loop
      vertex 0.0000000 0.0000000 0.1500000
      vertex 0.0287904 -0.0408792 0.1500000
      vertex 0.0297850 -0.0401604 0.1500000
    endloop
  endfacet
  facet normal 0 0 1
    outer loop
      vertex 0.0000000 0.0000000 0.1500000
      vertex 0.0297850 -0.0401604 0.1500000
      vertex 0.0307616 -0.0394173 0.1500000
    endloop
  endfacet
  facet normal 0 0 1
    outer loop
      vertex 0.0000000 0.0000000 0.1500000
      vertex 0.0307616 -0.0394173 0.1500000
      vertex 0.0317197 -0.0386505 0.1500000
    endloop
  endfacet
  facet normal 0 0 1
    outer loop
      vertex 0.0000000 0.0000000 0.1500000
      vertex 0.0317197 -0.0386505 0.1500000
      vertex 0.0326586 -0.0378604 0.1500000
    endloop
  endfacet
  facet normal 0 0 1
    outer loop
      vertex 0.0000000 0.0000000 0.1500000
      vertex 0.0326586 -0.0378604 0.1500000
      vertex 0.0335779 -0.0370476 0.1500000
    endloop
  endfacet
  facet normal 0 0 1
    outer loop
      vertex 0.0000000 0.0000000 0.1500000
      vertex 0.0335779 -0.0370476 0.1500000
      vertex 0.0344770 -0.0362124 0.1500000
    endloop
  endfacet
  facet normal 0 0 1
    outer loop
      vertex 0.0000000 0.0000000 0.1500000
      vertex 0.0344770 -0.0362124 0.1500000
      vertex 0.0353553 -0.0353553 0.1500000
    endloop
  endfacet
  facet normal 0 0 1
    outer loop
      vertex 0.0000000 0.0000000 0.1500000
      vertex 0.0353553 -0.0353553 0.1500000
      vertex 0.0362124 -0.0344770 0.1500000
    endloop
  endfacet
  facet normal 0 0 1
    outer loop
      vertex 0.0000000 0.0000000 0.1500000
      vertex 0.0362124 -0.0344770 0.1500000
      vertex 0.0370476 -0.0335779 0.1500000
    endloop
  endfacet
  facet normal 0 0 1
    outer loop
      vertex 0.0000000 0.0000000 0.1500000
      vertex 0.0370476 -0.0335779 0.1500000
      vertex 0.0378604 -0.0326586 0.1500000
    endloop
  endfacet
  facet normal 0 0 1
    outer loop
      vertex 0.0000000 0.0000000 0.1500000
      vertex 0.0378604 -0.0326586 0.1500000
      vertex 0.0386505 -0.0317197 0.1500000
    endloop
  endfacet
  facet normal 0 0 1
    outer loop
      vertex 0.0000000 0.0000000 0.1500000
      vertex 0.0386505 -0.0317197 0.1500000
      vertex 0.0394173 -0.0307616 0.1500000
    endloop
  endfacet
  facet normal 0 0 1
    outer loop
      vertex 0.0000000 0.0000000 0.1500000
      vertex 0.0394173 -0.0307616 0.1500000
      vertex 0.0401604 -0.0297850 0.1500000
    endloop
  endfacet
  facet normal 0 0 1
    outer loop
      vertex 0.0000000 0.0000000 0.1500000
      vertex 0.0401604 -0.0297850 0.1500000
      vertex 0.0408792 -0.0287904 0.1500000
    endloop
  endfacet
  facet normal 0 0 1
    outer loop
      vertex 0.0000000 0.0000000 0.1500000
      vertex 0.0408792 -0.0287904 0.1500000
      vertex 0.0415735 -0.0277785 0.1500000
    endloop
  endfacet
  facet normal 0 0 1
    outer loop
      vertex 0.0000000 0.0000000 0.1500000
      vertex 0.0415735 -0.0277785 0.1500000
      vertex 0.0422427 -0.0267499 0.1500000
    endloop
  endfacet
  facet normal 0 0 1
    outer loop
      vertex 0.0000000 0.0000000 0.1500000
      vertex 0.0422427 -0.0267499 0.1500000
      vertex 0.0428864 -0.0257051 0.1500000
    endloop
  endfacet
  facet normal 0 0 1
    outer loop
      vertex 0.0000000 0.0000000 0.1500000
      vertex 0.0428864 -0.0257051 0.1500000
      vertex 0.0435043 -0.0246449 0.1500000
    endloop
  endfacet
  facet normal 0 0 1
    outer loop
      vertex 0.0000000 0.0000000 0.1500000
      vertex 0.0435043 -0.0246449 0.1500000
      vertex 0.0440961 -0.0235698 0.1500000
    endloop
  endfacet
  facet normal 0 0 1
    outer loop
      vertex 0.0000000 0.0000000 0.1500000
      vertex 0.0440961 -0.0235698 0.1500000
      vertex 0.0446612 -0.0224806 0.1500000
    endloop
  endfacet
  facet normal 0 0 1
    outer loop
      vertex 0.0000000 0.0000000 0.1500000
      vertex 0.0446612 -0.0224806 0.1500000
      vertex 0.0451995 -0.0213778 0.1500000
    endloop
  endfacet
  facet normal 0 0 1
    outer loop
      vertex 0.0000000 0.0000000 0.1500000
      vertex 0.0451995 -0.0213778 0.1500000
      vertex 0.0457105 -0.0202621 0.1500000
    endloop
  endfacet
  facet normal 0 0 1
    outer loop
      vertex 0.0000000 0.0000000 0.1500000
      vertex 0.0457105 -0.0202621 0.1500000
      vertex 0.0461940 -0.0191342 0.1500000
    endloop
  endfacet
  facet normal 0 0 1
    outer loop
      vertex 0.0000000 0.0000000 0.1500000
      vertex 0.0461940 -0.0191342 0.1500000
      vertex 0.0466496 -0.0179948 0.1500000
    endloop
  endfacet
  facet normal 0 0 1
    outer loop
      vertex 0.0000000 0.0000000 0.1500000
      vertex 0.0466496 -0.0179948 0.1500000
      vertex 0.0470772 -0.0168445 0.1500000
    endloop
  endfacet
  facet normal 0 0 1
    outer loop
      vertex 0.0000000 0.0000000 0.1500000
      vertex 0.0470772 -0.0168445 0.1500000
      vertex 0.0474764 -0.0156841 0.1500000
    endloop
  endfacet
  facet normal 0 0 1
    outer loop
      vertex 0.0000000 0.0000000 0.1500000
      vertex 0.0474764 -0.0156841 0.1500000
      vertex 0.0478470 -0.0145142 0.1500000
    endloop
  endfacet
  facet normal 0 0 1
    outer loop
      vertex 0.0000000 0.0000000 0.1500000
      vertex 0.0478470 -0.0145142 0.1500000
      vertex 0.0481888 -0.0133356 0.1500000
    endloop
  endfacet
  facet normal 0 0 1
    outer loop
      vertex 0.0000000 0.0000000 0.1500000
      vertex 0.0481888 -0.0133356 0.1500000
      vertex 0.0485016 -0.0121490 0.1500000
    endloop
  endfacet
  facet normal 0 0 1
    outer loop
      vertex 0.0000000 0.0000000 0.1500000
      vertex 0.0485016 -0.0121490 0.1500000
      vertex 0.0487851 -0.0109551 0.1500000
    endloop
  endfacet
  facet normal 0 0 1
    outer loop
      vertex 0.0000000 0.0000000 0.1500000
      vertex 0.0487851 -0.0109551 0.1500000
      vertex 0.0490393 -0.0097545 0.1500000
    endloop
  endfacet
  facet normal 0 0 1
    outer loop
      vertex 0.0000000 0.0000000 0.1500000
      vertex 0.0490393 -0.0097545 0.1500000
      vertex 0.0492639 -0.0085481 0.1500000
    endloop
  endfacet
  facet normal 0 0 1
    outer loop
      vertex 0.0000000 0.0000000 0.1500000
      vertex 0.0492639 -0.0085481 0.1500000
      vertex 0.0494588 -0.0073365 0.1500000
    endloop
  endfacet
  facet normal 0 0 1
    outer loop
      vertex 0.0000000 0.0000000 0.1500000
      vertex 0.0494588 -0.0073365 0.1500000
      vertex 0.0496240 -0.0061205 0.1500000
    endloop
  endfacet
  facet normal 0 0 1
    outer loop
      vertex 0.0000000 0.0000000 0.1500000
      vertex 0.0496240 -0.0061205 0.1500000
      vertex 0.0497592 -0.0049009 0.1500000
    endloop
  endfacet
  facet normal 0 0 1
    outer loop
      vertex 0.0000000 0.0000000 0.1500000
      vertex 0.0497592 -0.0049009 0.1500000
      vertex 0.0498645 -0.0036782 0.1500000
    endloop
  endfacet
  facet normal 0 0 1
    outer loop
      vertex 0.0000000 0.0000000 0.1500000
      vertex 0.0498645 -0.0036782 0.1500000
      vertex 0.0499398 -0.0024534 0.1500000
    endloop
  endfacet
  facet normal 0 0 1
    outer loop
      vertex 0.0000000 0.0000000 0.1500000
      vertex 0.0499398 -0.0024534 0.1500000
      vertex 0.0499849 -0.0012271 0.1500000
    endloop
  endfacet
  facet normal 0 0 1
    outer loop
      vertex 0.0000000 0.0000000 0.1500000
      vertex 0.0499849 -0.0012271 0.1500000
      vertex 0.0500000 -0.0000000 0.1500000
    endloop
  endfacet
  facet normal 0 0 -1
    outer loop
      vertex 0.0000000 0.0000000 -0.0500000
      vertex 0.0499849 0.0012271 -0.0500000
      vertex 0.0500000 0.0000000 -0.0500000
    endloop
  endfacet
  facet normal 0 0 -1
    outer loop
      vertex 0.0000000 0.0000000 -0.0500000
      vertex 0.0499398 0.0024534 -0.0500000
      vertex 0.0499849 0.0012271 -0.0500000
    endloop
  endfacet
  facet normal 0 0 -1
    outer loop
      vertex 0.0000000 0.0000000 -0.0500000
      vertex 0.0498645 0.0036782 -0.0500000
      vertex 0.0499398 0.0024534 -0.0500000
    endloop
  endfacet
  facet normal 0 0 -1
    outer loop
      vertex 0.0000000 0.0000000 -0.0500000
      vertex 0.0497592 0.0049009 -0.0500000
      vertex 0.0498645 0.0036782 -0.0500000
    endloop
  endfacet
  facet normal 0 0 -1
    outer loop
      vertex 0.0000000 0.0000000 -0.0500000
      vertex 0.0496240 0.0061205 -0.0500000
      vertex 0.0497592 0.0049009 -0.0500000
    endloop
  endfacet
  facet normal 0 0 -1
    outer loop
      vertex 0.0000000 0.0000000 -0.0500000
      vertex 0.0494588 0.0073365 -0.0500000
      vertex 0.0496240 0.0061205 -0.0500000
    endloop
  endfacet
  facet normal 0 0 -1
    outer loop
      vertex 0.0000000 0.0000000 -0.0500000
      vertex 0.0492639 0.0085481 -0.0500000
      vertex 0.0494588 0.0073365 -0.0500000
    endloop
  endfacet
  facet normal 0 0 -1
    outer loop
      vertex 0.0000000 0.0000000 -0.0500000
      vertex 0.0490393 0.0097545 -0.0500000
      vertex 0.0492639 0.0085481 -0.0500000
    endloop
  endfacet
  facet normal 0 0 -1
    outer loop
      vertex 0.0000000 0.0000000 -0.0500000
      vertex 0.0487851 0.0109551 -0.0500000
      vertex 0.0490393 0.0097545 -0.0500000
    endloop
  endfacet
  facet normal 0 0 -1
    outer loop
      vertex 0.0000000 0.0000000 -0.0500000
      vertex 0.0485016 0.0121490 -0.0500000
      vertex 0.0487851 0.0109551 -0.0500000
    endloop
  endfacet
  facet normal 0 0 -1
    outer loop
      vertex 0.0000000 0.0000000 -0.0500000
      vertex 0.0481888 0.0133356 -0.0500000
      vertex 0.0485016 0.0121490 -0.0500000
    endloop
  endfacet
  facet normal 0 0 -1
    outer loop
      vertex 0.0000000 0.0000000 -0.0500000
      vertex 0.0478470 0.0145142 -0.0500000
      vertex 0.0481888 0.0133356 -0.0500000
    endloop
  endfacet
  facet normal 0 0 -1
    outer loop
      vertex 0.0000000 0.0000000 -0.0500000
      vertex 0.0474764 0.0156841 -0.0500000
      vertex 0.0478470 0.0145142 -0.0500000
    endloop
  endfacet
  facet normal 0 0 -1
    outer loop
      vertex 0.0000000 0.0000000 -0.0500000
      vertex 0.0470772 0.0168445 -0.0500000
      vertex 0.0474764 0.0156841 -0.0500000
    endloop
  endfacet
  facet normal 0 0 -1
    outer loop
      vertex 0.0000000 0.0000000 -0.0500000
      vertex 0.0466496 0.0179948 -0.0500000
      vertex 0.0470772 0.0168445 -0.0500000
    endloop
  endfacet
  facet normal 0 0 -1
    outer loop
      vertex 0.0000000 0.0000000 -0.0500000
      vertex 0.0461940 0.0191342 -0.0500000
      vertex 0.0466496 0.0179948 -0.0500000
    endloop
  endfacet
  facet normal 0 0 -1
    outer loop
      vertex 0.0000000 0.0000000 -0.0500000
      vertex 0.0457105 0.0202621 -0.0500000
      vertex 0.0461940 0.0191342 -0.0500000
    endloop
  endfacet
  facet normal 0 0 -1
    outer loop
      vertex 0.0000000 0.0000000 -0.0500000
      vertex 0.0451995 0.0213778 -0.0500000
      vertex 0.0457105 0.0202621 -0.0500000
    endloop
  endfacet
  facet normal 0 0 -1
    outer loop
      vertex 0.0000000 0.0000000 -0.0500000
      vertex 0.0446612 0.0224806 -0.0500000
      vertex 0.0451995 0.0213778 -0.0500000
    endloop
  endfacet
  facet normal 0 0 -1
    outer loop
      vertex 0.0000000 0.0000000 -0.0500000
      vertex 0.0440961 0.0235698 -0.0500000
      vertex 0.0446612 0.0224806 -0.0500000
    endloop
  endfacet
  facet normal 0 0 -1
    outer loop
      vertex 0.0000000 0.0000000 -0.0500000
      vertex 0.0435043 0.0246449 -0.0500000
      vertex 0.0440961 0.0235698 -0.0500000
    endloop
  endfacet
  facet normal 0 0 -1
    outer loop
      vertex 0.0000000 0.0000000 -0.0500000
      vertex 0.0428864 0.0257051 -0.0500000
      vertex 0.0435043 0.0246449 -0.0500000
    endloop
  endfacet
  facet normal 0 0 -1
    outer loop
      vertex 0.0000000 0.0000000 -0.0500000
      vertex 0.0422427 0.0267499 -0.0500000
      vertex 0.0428864 0.0257051 -0.0500000
    endloop
  endfacet
  facet normal 0 0 -1
    outer loop
      vertex 0.0000000 0.0000000 -0.0500000
      vertex 0.0415735 0.0277785 -0.0500000
      vertex 0.0422427 0.0267499 -0.0500000
    endloop
  endfacet
  facet normal 0 0 -1
    outer loop
      vertex 0.0000000 0.0000000 -0.0500000
      vertex 0.0408792 0.0287904 -0.0500000
      vertex 0.0415735 0.0277785 -0.0500000
    endloop
  endfacet
  facet normal 0 0 -1
    outer loop
      vertex 0.0000000 0.0000000 -0.0500000
      vertex 0.0401604 0.0297850 -0.0500000
      vertex 0.0408792 0.0287904 -0.0500000
    endloop
  endfacet
  facet normal 0 0 -1
    outer loop
      vertex 0.0000000 0.0000000 -0.0500000
      vertex 0.0394173 0.0307616 -0.0500000
      vertex 0.0401604 0.0297850 -0.0500000
    endloop
  endfacet
  facet normal 0 0 -1
    outer loop
      vertex 0.0000000 0.0000000 -0.0500000
      vertex 0.0386505 0.0317197 -0.0500000
      vertex 0.0394173 0.0307616 -0.0500000
    endloop
  endfacet
  facet normal 0 0 -1
    outer loop
      vertex 0.0000000 0.0000000 -0.0500000
      vertex 0.0378604 0.0326586 -0.0500000
      vertex 0.0386505 0.0317197 -0.0500000
    endloop
  endfacet
  facet normal 0 0 -1
    outer loop
      vertex 0.0000000 0.0000000 -0.0500000
      vertex 0.0370476 0.0335779 -0.0500000
      vertex 0.0378604 0.0326586 -0.0500000
    endloop
  endfacet
  facet normal 0 0 -1
    outer loop
      vertex 0.0000000 0.0000000 -0.0500000
      vertex 0.0362124 0.0344770 -0.0500000
      vertex 0.0370476 0.0335779 -0.0500000
    endloop
  endfacet
  facet normal 0 0 -1
    outer loop
      vertex 0.0000000 0.0000000 -0.0500000
      vertex 0.0353553 0.0353553 -0.0500000
      vertex 0.0362124 0.0344770 -0.0500000
    endloop
  endfacet
  facet normal 0 0 -1
    outer loop
      vertex 0.0000000 0.0000000 -0.0500000
      vertex 0.0344770 0.0362124 -0.0500000
      vertex 0.0353553 0.0353553 -0.0500000
    endloop
  endfacet
  facet normal 0 0 -1
    outer loop
      vertex 0.0000000 0.0000000 -0.0500000
      vertex 0.0335779 0.0370476 -0.0500000
      vertex 0.0344770 0.0362124 -0.0500000
    endloop
  endfacet
  facet normal 0 0 -1
    outer loop
      vertex 0.0000000 0.0000000 -0.0500000
      vertex 0.0326586 0.0378604 -0.0500000
      vertex 0.0335779 0.0370476 -0.0500000
    endloop
  endfacet
  facet normal 0 0 -1
    outer loop
      vertex 0.0000000 0.0000000 -0.0500000
      vertex 0.0317197 0.0386505 -0.0500000
      vertex 0.0326586 0.0378604 -0.0500000
    endloop
  endfacet
  facet normal 0 0 -1
    outer loop
      vertex 0.0000000 0.0000000 -0.0500000
      vertex 0.0307616 0.0394173 -0.0500000
      vertex 0.0317197 0.0386505 -0.0500000
    endloop
  endfacet
  facet normal 0 0 -1
    outer loop
      vertex 0.0000000 0.0000000 -0.0500000
      vertex 0.0297850 0.0401604 -0.0500000
      vertex 0.0307616 0.0394173 -0.0500000
    endloop
  endfacet
  facet normal 0 0 -1
    outer loop
      vertex 0.0000000 0.0000000 -0.0500000
      vertex 0.0287904 0.0408792 -0.0500000
      vertex 0.0297850 0.0401604 -0.0500000
    endloop
  endfacet
  facet normal 0 0 -1
    outer loop
      vertex 0.0000000 0.0000000 -0.0500000
      vertex 0.0277785 0.0415735 -0.0500000
      vertex 0.0287904 0.0408792 -0.0500000
    endloop
  endfacet
  facet normal 0 0 -1
    outer loop
      vertex 0.0000000 0.0000000 -0.0500000
      vertex 0.0267499 0.0422427 -0.0500000
      vertex 0.0277785 0.0415735 -0.0500000
    endloop
  endfacet
  facet normal 0 0 -1
    outer loop
      vertex 0.0000000 0.0000000 -0.0500000
      vertex 0.0257051 0.0428864 -0.0500000
      vertex 0.0267499 0.0422427 -0.0500000
    endloop
  endfacet
  facet normal 0 0 -1
    outer loop
      vertex 0.0000000 0.0000000 -0.0500000
      vertex 0.0246449 0.0435043 -0.0500000
      vertex 0.0257051 0.0428864 -0.0500000
    endloop
  endfacet
  facet normal 0 0 -1
    outer loop
      vertex 0.0000000 0.0000000 -0.0500000
      vertex 0.0235698 0.0440961 -0.0500000
      vertex 0.0246449 0.0435043 -0.0500000
    endloop
  endfacet
  facet normal 0 0 -1
    outer loop
      vertex 0.0000000 0.0000000 -0.0500000
      vertex 0.0224806 0.0446612 -0.0500000
      vertex 0.0235698 0.0440961 -0.0500000
    endloop
  endfacet
  facet normal 0 0 -1
    outer loop
      vertex 0.0000000 0.0000000 -0.0500000
      vertex 0.0213778 0.0451995 -0.0500000
      vertex 0.0224806 0.0446612 -0.0500000
    endloop
  endfacet
  facet normal 0 0 -1
    outer loop
      vertex 0.0000000 0.0000000 -0.0500000
      vertex 0.0202621 0.0457105 -0.0500000
      vertex 0.0213778 0.0451995 -0.0500000
    endloop
  endfacet
  facet normal 0 0 -1
    outer loop
      vertex 0.0000000 0.0000000 -0.0500000
      vertex 0.0191342 0.0461940 -0.0500000
      vertex 0.0202621 0.0457105 -0.0500000
    endloop
  endfacet
  facet normal 0 0 -1
    outer loop
      vertex 0.0000000 0.0000000 -0.0500000
      vertex 0.0179948 0.0466496 -0.0500000
      vertex 0.0191342 0.0461940 -0.0500000
    endloop
  endfacet
  facet normal 0 0 -1
    outer loop
      vertex 0.0000000 0.0000000 -0.0500000
      vertex 0.0168445 0.0470772 -0.0500000
      vertex 0.0179948 0.0466496 -0.0500000
    endloop
  endfacet
  facet normal 0 0 -1
    outer loop
      vertex 0.0000000 0.0000000 -0.0500000
      vertex 0.0156841 0.0474764 -0.0500000
      vertex 0.0168445 0.0470772 -0.0500000
    endloop
  endfacet
  facet normal 0 0 -1
    outer loop
      vertex 0.0000000 0.0000000 -0.0500000
      vertex 0.0145142 0.0478470 -0.0500000
      vertex 0.0156841 0.0474764 -0.0500000
    endloop
  endfacet
  facet normal 0 0 -1
    outer loop
      vertex 0.0000000 0.0000000 -0.0500000
      vertex 0.0133356 0.0481888 -0.0500000
      vertex 0.0145142 0.0478470 -0.0500000
    endloop
  endfacet
  facet normal 0 0 -1
    outer loop
      vertex 0.0000000 0.0000000 -0.0500000
      vertex 0.0121490 0.0485016 -0.0500000
      vertex 0.0133356 0.0481888 -0.0500000
    endloop
  endfacet
  facet normal 0 0 -1
    outer loop
      vertex 0.0000000 0.0000000 -0.0500000
      vertex 0.0109551 0.0487851 -0.0500000
      vertex 0.0121490 0.0485016 -0.0500000
    endloop
  endfacet
  facet normal 0 0 -1
    outer loop
      vertex 0.0000000 0.0000000 -0.0500000
      vertex 0.0097545 0.0490393 -0.0500000
      vertex 0.0109551 0.0487851 -0.0500000
    endloop
  endfacet
  facet normal 0 0 -1
    outer loop
      vertex 0.0000000 0.0000000 -0.0500000
      vertex 0.0085481 0.0492639 -0.0500000
      vertex 0.0097545 0.0490393 -0.0500000
    endloop
  endfacet
  facet normal 0 0 -1
    outer loop
      vertex 0.0000000 0.0000000 -0.0500000
      vertex 0.0073365 0.0494588 -0.0500000
      vertex 0.0085481 0.0492639 -0.0500000
    endloop
  endfacet
  facet normal 0 0 -1
    outer loop
      vertex 0.0000000 0.0000000 -0.0500000
      vertex 0.0061205 0.0496240 -0.0500000
      vertex 0.0073365 0.0494588 -0.0500000
    endloop
  endfacet
  facet normal 0 0 -1
    outer loop
      vertex 0.0000000 0.0000000 -0.0500000
      vertex 0.0049009 0.0497592 -0.0500000
      vertex 0.0061205 0.0496240 -0.0500000
    endloop
  endfacet
  facet normal 0 0 -1
    outer loop
      vertex 0.0000000 0.0000000 -0.0500000
      vertex 0.0036782 0.0498645 -0.0500000
      vertex 0.0049009 0.0497592 -0.0500000
    endloop
  endfacet
  facet normal 0 0 -1
    outer loop
      vertex 0.0000000 0.0000000 -0.0500000
      vertex 0.0024534 0.0499398 -0.0500000
      vertex 0.0036782 0.0498645 -0.0500000
    endloop
  endfacet
  facet normal 0 0 -1
    outer loop
      vertex 0.0000000 0.0000000 -0.0500000
      vertex 0.0012271 0.0499849 -0.0500000
      vertex 0.0024534 0.0499398 -0.0500000
    endloop
  endfacet
  facet normal 0 0 -1
    outer loop
      vertex 0.0000000 0.0000000 -0.0500000
      vertex 0.0000000 0.0500000 -0.0500000
      vertex 0.0012271 0.0499849 -0.0500000
    endloop
  endfacet
  facet normal 0 0 -1
    outer loop
      vertex 0.0000000 0.0000000 -0.0500000
      vertex -0.0012271 0.0499849 -0.0500000
      vertex 0.0000000 0.0500000 -0.0500000
    endloop
  endfacet
  facet normal 0 0 -1
    outer loop
      vertex 0.0000000 0.0000000 -0.0500000
      vertex -0.0024534 0.0499398 -0.0500000
      vertex -0.0012271 0.0499849 -0.0500000
    endloop
  endfacet
  facet normal 0 0 -1
    outer loop
      vertex 0.0000000 0.0000000 -0.0500000
      vertex -0.0036782 0.0498645 -0.0500000
      vertex -0.0024534 0.0499398 -0.0500000
    endloop
  endfacet
  facet normal 0 0 -1
    outer loop
      vertex 0.0000000 0.0000000 -0.0500000
      vertex -0.0049009 0.0497592 -0.0500000
      vertex -0.0036782 0.0498645 -0.0500000
    endloop
  endfacet
  facet normal 0 0 -1
    outer loop
      vertex 0.0000000 0.0000000 -0.0500000
      vertex -0.0061205 0.0496240 -0.0500000
      vertex -0.0049009 0.0497592 -0.0500000
    endloop
  endfacet
  facet normal 0 0 -1
    outer loop
      vertex 0.0000000 0.0000000 -0.0500000
      vertex -0.0073365 0.0494588 -0.0500000
      vertex -0.0061205 0.0496240 -0.0500000
    endloop
  endfacet
  facet normal 0 0 -1
    outer loop
      vertex 0.0000000 0.0000000 -0.0500000
      vertex -0.0085481 0.0492639 -0.0500000
      vertex -0.0073365 0.0494588 -0.0500000
    endloop
  endfacet
  facet normal 0 0 -1
    outer loop
      vertex 0.0000000 0.0000000 -0.0500000
      vertex -0.0097545 0.0490393 -0.0500000
      vertex -0.0085481 0.0492639 -0.0500000
    endloop
  endfacet
  facet normal 0 0 -1
    outer loop
      vertex 0.0000000 0.0000000 -0.0500000
      vertex -0.0109551 0.0487851 -0.0500000
      vertex -0.0097545 0.0490393 -0.0500000
    endloop
  endfacet
  facet normal 0 0 -1
    outer loop
      vertex 0.0000000 0.0000000 -0.0500000
      vertex -0.0121490 0.0485016 -0.0500000
      vertex -0.0109551 0.0487851 -0.0500000
    endloop
  endfacet
  facet normal 0 0 -1
    outer loop
      vertex 0.0000000 0.0000000 -0.0500000
      vertex -0.0133356 0.0481888 -0.0500000
      vertex -0.0121490 0.0485016 -0.0500000
    endloop
  endfacet
  facet normal 0 0 -1
    outer loop
      vertex 0.0000000 0.0000000 -0.0500000
      vertex -0.0145142 0.0478470 -0.0500000
      vertex -0.0133356 0.0481888 -0.0500000
    endloop
  endfacet
  facet normal 0 0 -1
    outer loop
      vertex 0.0000000 0.0000000 -0.0500000
      vertex -0.0156841 0.0474764 -0.0500000
      vertex -0.0145142 0.0478470 -0.0500000
    endloop
  endfacet
  facet normal 0 0 -1
    outer loop
      vertex 0.0000000 0.0000000 -0.0500000
      vertex -0.0168445 0.0470772 -0.0500000
      vertex -0.0156841 0.0474764 -0.0500000
    endloop
  endfacet
  facet normal 0 0 -1
    outer loop
      vertex 0.0000000 0.0000000 -0.0500000
      vertex -0.0179948 0.0466496 -0.0500000
      vertex -0.0168445 0.0470772 -0.0500000
    endloop
  endfacet
  facet normal 0 0 -1
    outer loop
      vertex 0.0000000 0.0000000 -0.0500000
      vertex -0.0191342 0.0461940 -0.0500000
      vertex -0.0179948 0.0466496 -0.0500000
    endloop
  endfacet
  facet normal 0 0 -1
    outer loop
      vertex 0.0000000 0.0000000 -0.0500000
      vertex -0.0202621 0.0457105 -0.0500000
      vertex -0.0191342 0.0461940 -0.0500000
    endloop
  endfacet
  facet normal 0 0 -1
    outer loop
      vertex 0.0000000 0.0000000 -0.0500000
      vertex -0.0213778 0.0451995 -0.0500000
      vertex -0.0202621 0.0457105 -0.0500000
    endloop
  endfacet
  facet normal 0 0 -1
    outer loop
      vertex 0.0000000 0.0000000 -0.0500000
      vertex -0.0224806 0.0446612 -0.0500000
      vertex -0.0213778 0.0451995 -0.0500000
    endloop
  endfacet
  facet normal 0 0 -1
    outer loop
      vertex 0.0000000 0.0000000 -0.0500000
      vertex -0.0235698 0.0440961 -0.0500000
      vertex -0.0224806 0.0446612 -0.0500000
    endloop
  endfacet
  facet normal 0 0 -1
    outer loop
      vertex 0.0000000 0.0000000 -0.0500000
      vertex -0.0246449 0.0435043 -0.0500000
      vertex -0.0235698 0.0440961 -0.0500000
    endloop
  endfacet
  facet normal 0 0 -1
    outer loop
      vertex 0.0000000 0.0000000 -0.0500000
      vertex -0.0257051 0.0428864 -0.0500000
      vertex -0.0246449 0.0435043 -0.0500000
    endloop
  endfacet
  facet normal 0 0 -1
    outer loop
      vertex 0.0000000 0.0000000 -0.0500000
      vertex -0.0267499 0.0422427 -0.0500000
      vertex -0.0257051 0.0428864 -0.0500000
    endloop
  endfacet
  facet normal 0 0 -1
    outer loop
      vertex 0.0000000 0.0000000 -0.0500000
      vertex -0.0277785 0.0415735 -0.0500000
      vertex -0.0267499 0.0422427 -0.0500000
    endloop
  endfacet
  facet normal 0 0 -1
    outer loop
      vertex 0.0000000 0.0000000 -0.0500000
      vertex -0.0287904 0.0408792 -0.0500000
      vertex -0.0277785 0.0415735 -0.0500000
    endloop
  endfacet
  facet normal 0 0 -1
    outer loop
      vertex 0.0000000 0.0000000 -0.0500000
      vertex -0.0297850 0.0401604 -0.0500000
      vertex -0.0287904 0.0408792 -0.0500000
    endloop
  endfacet
  facet normal 0 0 -1
    outer loop
      vertex 0.0000000 0.0000000 -0.0500000
      vertex -0.0307616 0.0394173 -0.0500000
      vertex -0.0297850 0.0401604 -0.0500000
    endloop
  endfacet
  facet normal 0 0 -1
    outer loop
      vertex 0.0000000 0.0000000 -0.0500000
      vertex -0.0317197 0.0386505 -0.0500000
      vertex -0.0307616 0.0394173 -0.0500000
    endloop
  endfacet
  facet normal 0 0 -1
    outer loop
      vertex 0.0000000 0.0000000 -0.0500000
      vertex -0.0326586 0.0378604 -0.0500000
      vertex -0.0317197 0.0386505 -0.0500000
    endloop
  endfacet
  facet normal 0 0 -1
    outer loop
      vertex 0.0000000 0.0000000 -0.0500000
      vertex -0.0335779 0.0370476 -0.0500000
      vertex -0.0326586 0.0378604 -0.0500000
    endloop
  endfacet
  facet normal 0 0 -1
    outer loop
      vertex 0.0000000 0.0000000 -0.0500000
      vertex -0.0344770 0.0362124 -0.0500000
      vertex -0.0335779 0.0370476 -0.0500000
    endloop
  endfacet
  facet normal 0 0 -1
    outer loop
      vertex 0.0000000 0.0000000 -0.0500000
      vertex -0.0353553 0.0353553 -0.0500000
      vertex -0.0344770 0.0362124 -0.0500000
    endloop
  endfacet
  facet normal 0 0 -1
    outer loop
      vertex 0.0000000 0.0000000 -0.0500000
      vertex -0.0362124 0.0344770 -0.0500000
      vertex -0.0353553 0.0353553 -0.0500000
    endloop
  endfacet
  facet normal 0 0 -1
    outer loop
      vertex 0.0000000 0.0000000 -0.0500000
      vertex -0.0370476 0.0335779 -0.0500000
      vertex -0.0362124 0.0344770 -0.0500000
    endloop
  endfacet
  facet normal 0 0 -1
    outer loop
      vertex 0.0000000 0.0000000 -0.0500000
      vertex -0.0378604 0.0326586 -0.0500000
      vertex -0.0370476 0.0335779 -0.0500000
    endloop
  endfacet
  facet normal 0 0 -1
    outer loop
      vertex 0.0000000 0.0000000 -0.0500000
      vertex -0.0386505 0.0317197 -0.0500000
      vertex -0.0378604 0.0326586 -0.0500000
    endloop
  endfacet
  facet normal 0 0 -1
    outer loop
      vertex 0.0000000 0.0000000 -0.0500000
      vertex -0.0394173 0.0307616 -0.0500000
      vertex -0.0386505 0.0317197 -0.0500000
    endloop
  endfacet
  facet normal 0 0 -1
    outer loop
      vertex 0.0000000 0.0000000 -0.0500000
      vertex -0.0401604 0.0297850 -0.0500000
      vertex -0.0394173 0.0307616 -0.0500000
    endloop
  endfacet
  facet normal 0 0 -1
    outer loop
      vertex 0.0000000 0.0000000 -0.0500000
      vertex -0.0408792 0.0287904 -0.0500000
      vertex -0.0401604 0.0297850 -0.0500000
    endloop
  endfacet
  facet normal 0 0 -1
    outer loop
      vertex 0.0000000 0.0000000 -0.0500000
      vertex -0.0415735 0.0277785 -0.0500000
      vertex -0.0408792 0.0287904 -0.0500000
    endloop
  endfacet
  facet normal 0 0 -1
    outer loop
      vertex 0.0000000 0.0000000 -0.0500000
      vertex -0.0422427 0.0267499 -0.0500000
      vertex -0.0415735 0.0277785 -0.0500000
    endloop
  endfacet
  facet normal 0 0 -1
    outer loop
      vertex 0.0000000 0.0000000 -0.0500000
      vertex -0.0428864 0.0257051 -0.0500000
      vertex -0.0422427 0.0267499 -0.0500000
    endloop
  endfacet
  facet normal 0 0 -1
    outer loop
      vertex 0.0000000 0.0000000 -0.0500000
      vertex -0.0435043 0.0246449 -0.0500000
      vertex -0.0428864 0.0257051 -0.0500000
    endloop
  endfacet
  facet normal 0 0 -1
    outer loop
      vertex 0.0000000 0.0000000 -0.0500000
      vertex -0.0440961 0.0235698 -0.0500000
      vertex -0.0435043 0.0246449 -0.0500000
    endloop
  endfacet
  facet normal 0 0 -1
    outer loop
      vertex 0.0000000 0.0000000 -0.0500000
      vertex -0.0446612 0.0224806 -0.0500000
      vertex -0.0440961 0.0235698 -0.0500000
    endloop
  endfacet
  facet normal 0 0 -1
    outer loop
      vertex 0.0000000 0.0000000 -0.0500000
      vertex -0.0451995 0.0213778 -0.0500000
      vertex -0.0446612 0.0224806 -0.0500000
    endloop
  endfacet
  facet normal 0 0 -1
    outer loop
      vertex 0.0000000 0.0000000 -0.0500000
      vertex -0.0457105 0.0202621 -0.0500000
      vertex -0.0451995 0.0213778 -0.0500000
    endloop
  endfacet
  facet normal 0 0 -1
    outer loop
      vertex 0.0000000 0.0000000 -0.0500000
      vertex -0.0461940 0.0191342 -0.0500000
      vertex -0.0457105 0.0202621 -0.0500000
    endloop
  endfacet
  facet normal 0 0 -1
    outer loop
      vertex 0.0000000 0.0000000 -0.0500000
      vertex -0.0466496 0.0179948 -0.0500000
      vertex -0.0461940 0.0191342 -0.0500000
    endloop
  endfacet
  facet normal 0 0 -1
    outer loop
      vertex 0.0000000 0.0000000 -0.0500000
      vertex -0.0470772 0.0168445 -0.0500000
      vertex -0.0466496 0.0179948 -0.0500000
    endloop
  endfacet
  facet normal 0 0 -1
    outer loop
      vertex 0.0000000 0.0000000 -0.0500000
      vertex -0.0474764 0.0156841 -0.0500000
      vertex -0.0470772 0.0168445 -0.0500000
    endloop
  endfacet
  facet normal 0 0 -1
    outer loop
      vertex 0.0000000 0.0000000 -0.0500000
      vertex -0.0478470 0.0145142 -0.0500000
      vertex -0.0474764 0.0156841 -0.0500000
    endloop
  endfacet
  facet normal 0 0 -1
    outer loop
      vertex 0.0000000 0.0000000 -0.0500000
      vertex -0.0481888 0.0133356 -0.0500000
      vertex -0.0478470 0.0145142 -0.0500000
    endloop
  endfacet
  facet normal 0 0 -1
    outer loop
      vertex 0.0000000 0.0000000 -0.0500000
      vertex -0.0485016 0.0121490 -0.0500000
      vertex -0.0481888 0.0133356 -0.0500000
    endloop
  endfacet
  facet normal 0 0 -1
    outer loop
      vertex 0.0000000 0.0000000 -0.0500000
      vertex -0.0487851 0.0109551 -0.0500000
      vertex -0.0485016 0.0121490 -0.0500000
    endloop
  endfacet
  facet normal 0 0 -1
    outer loop
      vertex 0.0000000 0.0000000 -0.0500000
      vertex -0.0490393 0.0097545 -0.0500000
      vertex -0.0487851 0.0109551 -0.0500000
    endloop
  endfacet
  facet normal 0 0 -1
    outer loop
      vertex 0.0000000 0.0000000 -0.0500000
      vertex -0.0492639 0.0085481 -0.0500000
      vertex -0.0490393 0.0097545 -0.0500000
    endloop
  endfacet
  facet normal 0 0 -1
    outer loop
      vertex 0.0000000 0.0000000 -0.0500000
      vertex -0.0494588 0.0073365 -0.0500000
      vertex -0.0492639 0.0085481 -0.0500000
    endloop
  endfacet
  facet normal 0 0 -1
    outer loop
      vertex 0.0000000 0.0000000 -0.0500000
      vertex -0.0496240 0.0061205 -0.0500000
      vertex -0.0494588 0.0073365 -0.0500000
    endloop
  endfacet
  facet normal 0 0 -1
    outer loop
      vertex 0.0000000 0.0000000 -0.0500000
      vertex -0.0497592 0.0049009 -0.0500000
      vertex -0.0496240 0.0061205 -0.0500000
    endloop
  endfacet
  facet normal 0 0 -1
    outer loop
      vertex 0.0000000 0.0000000 -0.0500000
      vertex -0.0498645 0.0036782 -0.0500000
      vertex -0.0497592 0.0049009 -0.0500000
    endloop
  endfacet
  facet normal 0 0 -1
    outer loop
      vertex 0.0000000 0.0000000 -0.0500000
      vertex -0.0499398 0.0024534 -0.0500000
      vertex -0.0498645 0.0036782 -0.0500000
    endloop
  endfacet
  facet normal 0 0 -1
    outer loop
      vertex 0.0000000 0.0000000 -0.0500000
      vertex -0.0499849 0.0012271 -0.0500000
      vertex -0.0499398 0.0024534 -0.0500000
    endloop
  endfacet
  facet normal 0 0 -1
    outer loop
      vertex 0.0000000 0.0000000 -0.0500000
      vertex -0.0500000 0.0000000 -0.0500000
      vertex -0.0499849 0.0012271 -0.0500000
    endloop
  endfacet
  facet normal -0 0 -1
    outer loop
      vertex 0.0000000 0.0000000 -0.0500000
      vertex -0.0499849 -0.0012271 -0.0500000
      vertex -0.0500000 0.0000000 -0.0500000
    endloop
  endfacet
  facet normal 0 0 -1
    outer loop
      vertex 0.0000000 0.0000000 -0.0500000
      vertex -0.0499398 -0.0024534 -0.0500000
      vertex -0.0499849 -0.0012271 -0.0500000
    endloop
  endfacet
  facet normal 0 0 -1
    outer loop
      vertex 0.0000000 0.0000000 -0.0500000
      vertex -0.0498645 -0.0036782 -0.0500000
      vertex -0.0499398 -0.0024534 -0.0500000
    endloop
  endfacet
  facet normal 0 0 -1
    outer loop
      vertex 0.0000000 0.0000000 -0.0500000
      vertex -0.0497592 -0.0049009 -0.0500000
      vertex -0.0498645 -0.0036782 -0.0500000
    endloop
  endfacet
  facet normal 0 0 -1
    outer loop
      vertex 0.0000000 0.0000000 -0.0500000
      vertex -0.0496240 -0.0061205 -0.0500000
      vertex -0.0497592 -0.0049009 -0.0500000
    endloop
  endfacet
  facet normal 0 0 -1
    outer loop
      vertex 0.0000000 0.0000000 -0.0500000
      vertex -0.0494588 -0.0073365 -0.0500000
      vertex -0.0496240 -0.0061205 -0.0500000
    endloop
  endfacet
  facet normal 0 0 -1
    outer loop
      vertex 0.0000000 0.0000000 -0.0500000
      vertex -0.0492639 -0.0085481 -0.0500000
      vertex -0.0494588 -0.0073365 -0.0500000
    endloop
  endfacet
  facet normal 0 0 -1
    outer loop
      vertex 0.0000000 0.0000000 -0.0500000
      vertex -0.0490393 -0.0097545 -0.0500000
      vertex -0.0492639 -0.0085481 -0.0500000
    endloop
  endfacet
  facet normal 0 0 -1
    outer loop
      vertex 0.0000000 0.0000000 -0.0500000
      vertex -0.0487851 -0.0109551 -0.0500000
      vertex -0.0490393 -0.0097545 -0.0500000
    endloop
  endfacet
  facet normal 0 0 -1
    outer loop
      vertex 0.0000000 0.0000000 -0.0500000
      vertex -0.0485016 -0.0121490 -0.0500000
      vertex -0.0487851 -0.0109551 -0.0500000
    endloop
  endfacet
  facet normal 0 0 -1
    outer loop
      vertex 0.0000000 0.0000000 -0.0500000
      vertex -0.0481888 -0.0133356 -0.0500000
      vertex -0.0485016 -0.0121490 -0.0500000
    endloop
  endfacet
  facet normal 0 0 -1
    outer loop
      vertex 0.0000000 0.0000000 -0.0500000
      vertex -0.0478470 -0.0145142 -0.0500000
      vertex -0.0481888 -0.0133356 -0.0500000
    endloop
  endfacet
  facet normal 0 0 -1
    outer loop
      vertex 0.0000000 0.0000000 -0.0500000
      vertex -0.0474764 -0.0156841 -0.0500000
      vertex -0.0478470 -0.0145142 -0.0500000
    endloop
  endfacet
  facet normal 0 0 -1
    outer loop
      vertex 0.0000000 0.0000000 -0.0500000
      vertex -0.0470772 -0.0168445 -0.0500000
      vertex -0.0474764 -0.0156841 -0.0500000
    endloop
  endfacet
  facet normal 0 0 -1
    outer loop
      vertex 0.0000000 0.0000000 -0.0500000
      vertex -0.0466496 -0.0179948 -0.0500000
      vertex -0.0470772 -0.0168445 -0.0500000
    endloop
  endfacet
  facet normal 0 0 -1
    outer loop
      vertex 0.0000000 0.0000000 -0.0500000
      vertex -0.0461940 -0.0191342 -0.0500000
      vertex -0.0466496 -0.0179948 -0.0500000
    endloop
  endfacet
  facet normal 0 0 -1
    outer loop
      vertex 0.0000000 0.0000000 -0.0500000
      vertex -0.0457105 -0.0202621 -0.0500000
      vertex -0.0461940 -0.0191342 -0.0500000
    endloop
  endfacet
  facet normal 0 0 -1
    outer loop
      vertex 0.0000000 0.0000000 -0.0500000
      vertex -0.0451995 -0.0213778 -0.0500000
      vertex -0.0457105 -0.0202621 -0.0500000
    endloop
  endfacet
  facet normal 0 0 -1
    outer loop
      vertex 0.0000000 0.0000000 -0.0500000
      vertex -0.0446612 -0.0224806 -0.0500000
      vertex -0.0451995 -0.0213778 -0.0500000
    endloop
  endfacet
  facet normal 0 0 -1
    outer loop
      vertex 0.0000000 0.0000000 -0.0500000
      vertex -0.0440961 -0.0235698 -0.0500000
      vertex -0.0446612 -0.0224806 -0.0500000
    endloop
  endfacet
  facet normal 0 0 -1
    outer loop
      vertex 0.0000000 0.0000000 -0.0500000
      vertex -0.0435043 -0.0246449 -0.0500000
      vertex -0.0440961 -0.0235698 -0.0500000
    endloop
  endfacet
  facet normal 0 0 -1
    outer loop
      vertex 0.0000000 0.0000000 -0.0500000
      vertex -0.0428864 -0.0257051 -0.0500000
      vertex -0.0435043 -0.0246449 -0.0500000
    endloop
  endfacet
  facet normal 0 0 -1
    outer loop
      vertex 0.0000000 0.0000000 -0.0500000
      vertex -0.0422427 -0.0267499 -0.0500000
      vertex -0.0428864 -0.0257051 -0.0500000
    endloop
  endfacet
  facet normal 0 0 -1
    outer loop
      vertex 0.0000000 0.0000000 -0.0500000
      vertex -0.0415735 -0.0277785 -0.0500000
      vertex -0.0422427 -0.0267499 -0.0500000
    endloop
  endfacet
  facet normal 0 0 -1
    outer loop
      vertex 0.0000000 0.0000000 -0.0500000
      vertex -0.0408792 -0.0287904 -0.0500000
      vertex -0.0415735 -0.0277785 -0.0500000
    endloop
  endfacet
  facet normal 0 0 -1
    outer loop
      vertex 0.0000000 0.0000000 -0.0500000
      vertex -0.0401604 -0.0297850 -0.0500000
      vertex -0.0408792 -0.0287904 -0.0500000
    endloop
  endfacet
  facet normal 0 0 -1
    outer loop
      vertex 0.0000000 0.0000000 -0.0500000
      vertex -0.0394173 -0.0307616 -0.0500000
      vertex -0.0401604 -0.0297850 -0.0500000
    endloop
  endfacet
  facet normal 0 0 -1
    outer loop
      vertex 0.0000000 0.0000000 -0.0500000
      vertex -0.0386505 -0.0317197 -0.0500000
      vertex -0.0394173 -0.0307616 -0.0500000
    endloop
  endfacet
  facet normal 0 0 -1
    outer loop
      vertex 0.0000000 0.0000000 -0.0500000
      vertex -0.0378604 -0.0326586 -0.0500000
      vertex -0.0386505 -0.0317197 -0.0500000
    endloop
  endfacet
  facet normal 0 0 -1
    outer loop
      vertex 0.0000000 0.0000000 -0.0500000
      vertex -0.0370476 -0.0335779 -0.0500000
      vertex -0.0378604 -0.0326586 -0.0500000
    endloop
  endfacet
  facet normal 0 0 -1
    outer loop
      vertex 0.0000000 0.0000000 -0.0500000
      vertex -0.0362124 -0.0344770 -0.0500000
      vertex -0.0370476 -0.0335779 -0.0500000
    endloop
  endfacet
  facet normal 0 0 -1
    outer loop
      vertex 0.0000000 0.0000000 -0.0500000
      vertex -0.0353553 -0.0353553 -0.0500000
      vertex -0.0362124 -0.0344770 -0.0500000
    endloop
  endfacet
  facet normal 0 0 -1
    outer loop
      vertex 0.0000000 0.0000000 -0.0500000
      vertex -0.0344770 -0.0362124 -0.0500000
      vertex -0.0353553 -0.0353553 -0.0500000
    endloop
  endfacet
  facet normal 0 0 -1
    outer loop
      vertex 0.0000000 0.0000000 -0.0500000
      vertex -0.0335779 -0.0370476 -0.0500000
      vertex -0.0344770 -0.0362124 -0.0500000
    endloop
  endfacet
  facet normal 0 0 -1
    outer loop
      vertex 0.0000000 0.0000000 -0.0500000
      vertex -0.0326586 -0.0378604 -0.0500000
      vertex -0.0335779 -0.0370476 -0.0500000
    endloop
  endfacet
  facet normal 0 0 -1
    outer loop
      vertex 0.0000000 0.0000000 -0.0500000
      vertex -0.0317197 -0.0386505 -0.0500000
      vertex -0.0326586 -0.0378604 -0.0500000
    endloop
  endfacet
  facet normal 0 0 -1
    outer loop
      vertex 0.0000000 0.0000000 -0.0500000
      vertex -0.0307616 -0.0394173 -0.0500000
      vertex -0.0317197 -0.0386505 -0.0500000
    endloop
  endfacet
  facet normal 0 0 -1
    outer loop
      vertex 0.0000000 0.0000000 -0.0500000
      vertex -0.0297850 -0.0401604 -0.0500000
      vertex -0.0307616 -0.0394173 -0.0500000
    endloop
  endfacet
  facet normal 0 0 -1
    outer loop
      vertex 0.0000000 0.0000000 -0.0500000
      vertex -0.0287904 -0.0408792 -0.0500000
      vertex -0.0297850 -0.0401604 -0.0500000
    endloop
  endfacet
  facet normal 0 0 -1
    outer loop
      vertex 0.0000000 0.0000000 -0.0500000
      vertex -0.0277785 -0.0415735 -0.0500000
      vertex -0.0287904 -0.0408792 -0.0500000
    endloop
  endfacet
  facet normal 0 0 -1
    outer loop
      vertex 0.0000000 0.0000000 -0.0500000
      vertex -0.0267499 -0.0422427 -0.0500000
      vertex -0.0277785 -0.0415735 -0.0500000
    endloop
  endfacet
  facet normal 0 0 -1
    outer loop
      vertex 0.0000000 0.0000000 -0.0500000
      vertex -0.0257051 -0.0428864 -0.0500000
      vertex -0.0267499 -0.0422427 -0.0500000
    endloop
  endfacet
  facet normal 0 0 -1
    outer loop
      vertex 0.0000000 0.0000000 -0.0500000
      vertex -0.0246449 -0.0435043 -0.0500000
      vertex -0.0257051 -0.0428864 -0.0500000
    endloop
  endfacet
  facet normal 0 0 -1
    outer loop
      vertex 0.0000000 0.0000000 -0.0500000
      vertex -0.0235698 -0.0440961 -0.0500000
      vertex -0.0246449 -0.0435043 -0.0500000
    endloop
  endfacet
  facet normal 0 0 -1
    outer loop
      vertex 0.0000000 0.0000000 -0.0500000
      vertex -0.0224806 -0.0446612 -0.0500000
      vertex -0.0235698 -0.0440961 -0.0500000
    endloop
  endfacet
  facet normal 0 0 -1
    outer loop
      vertex 0.0000000 0.0000000 -0.0500000
      vertex -0.0213778 -0.0451995 -0.0500000
      vertex -0.0224806 -0.0446612 -0.0500000
    endloop
  endfacet
  facet normal 0 0 -1
    outer loop
      vertex 0.0000000 0.0000000 -0.0500000
      vertex -0.0202621 -0.0457105 -0.0500000
      vertex -0.0213778 -0.0451995 -0.0500000
    endloop
  endfacet
  facet normal 0 0 -1
    outer loop
      vertex 0.0000000 0.0000000 -0.0500000
      vertex -0.0191342 -0.0461940 -0.0500000
      vertex -0.0202621 -0.0457105 -0.0500000
    endloop
  endfacet
  facet normal 0 0 -1
    outer loop
      vertex 0.0000000 0.0000000 -0.0500000
      vertex -0.0179948 -0.0466496 -0.0500000
      vertex -0.0191342 -0.0461940 -0.0500000
    endloop
  endfacet
  facet normal 0 0 -1
    outer loop
      vertex 0.0000000 0.0000000 -0.0500000
      vertex -0.0168445 -0.0470772 -0.0500000
      vertex -0.0179948 -0.0466496 -0.0500000
    endloop
  endfacet
  facet normal 0 0 -1
    outer loop
      vertex 0.0000000 0.0000000 -0.0500000
      vertex -0.0156841 -0.0474764 -0.0500000
      vertex -0.0168445 -0.0470772 -0.0500000
    endloop
  endfacet
  facet normal 0 0 -1
    outer loop
      vertex 0.0000000 0.0000000 -0.0500000
      vertex -0.0145142 -0.0478470 -0.0500000
      vertex -0.0156841 -0.0474764 -0.0500000
    endloop
  endfacet
  facet normal 0 0 -1
    outer loop
      vertex 0.0000000 0.0000000 -0.0500000
      vertex -0.0133356 -0.0481888 -0.0500000
      vertex -0.0145142 -0.0478470 -0.0500000
    endloop
  endfacet
  facet normal 0 0 -1
    outer loop
      vertex 0.0000000 0.0000000 -0.0500000
      vertex -0.0121490 -0.0485016 -0.0500000
      vertex -0.0133356 -0.0481888 -0.0500000
    endloop
  endfacet
  facet normal 0 0 -1
    outer loop
      vertex 0.0000000 0.0000000 -0.0500000
      vertex -0.0109551 -0.0487851 -0.0500000
      vertex -0.0121490 -0.0485016 -0.0500000
    endloop
  endfacet
  facet normal 0 0 -1
    outer loop
      vertex 0.0000000 0.0000000 -0.0500000
      vertex -0.0097545 -0.0490393 -0.0500000
      vertex -0.0109551 -0.0487851 -0.0500000
    endloop
  endfacet
  facet normal 0 0 -1
    outer loop
      vertex 0.0000000 0.0000000 -0.0500000
      vertex -0.0085481 -0.0492639 -0.0500000
      vertex -0.0097545 -0.0490393 -0.0500000
    endloop
  endfacet
  facet normal 0 0 -1
    outer loop
      vertex 0.0000000 0.0000000 -0.0500000
      vertex -0.0073365 -0.0494588 -0.0500000
      vertex -0.0085481 -0.0492639 -0.0500000
    endloop
  endfacet
  facet normal 0 0 -1
    outer loop
      vertex 0.0000000 0.0000000 -0.0500000
      vertex -0.0061205 -0.0496240 -0.0500000
      vertex -0.0073365 -0.0494588 -0.0500000
    endloop
  endfacet
  facet normal 0 0 -1
    outer loop
      vertex 0.0000000 0.0000000 -0.0500000
      vertex -0.0049009 -0.0497592 -0.0500000
      vertex -0.0061205 -0.0496240 -0.0500000
    endloop
  endfacet
  facet normal 0 0 -1
    outer loop
      vertex 0.0000000 0.0000000 -0.0500000
      vertex -0.0036782 -0.0498645 -0.0500000
      vertex -0.0049009 -0.0497592 -0.0500000
    endloop
  endfacet
  facet normal 0 0 -1
    outer loop
      vertex 0.0000000 0.0000000 -0.0500000
      vertex -0.0024534 -0.0499398 -0.0500000
      vertex -0.0036782 -0.0498645 -0.0500000
    endloop
  endfacet
  facet normal 0 0 -1
    outer loop
      vertex 0.0000000 0.0000000 -0.0500000
      vertex -0.0012271 -0.0499849 -0.0500000
      vertex -0.0024534 -0.0499398 -0.0500000
    endloop
  endfacet
  facet normal 0 0 -1
    outer loop
      vertex 0.0000000 0.0000000 -0.0500000
      vertex -0.0000000 -0.0500000 -0.0500000
      vertex -0.0012271 -0.0499849 -0.0500000
    endloop
  endfacet
  facet normal 0 -0 -1
    outer loop
      vertex 0.0000000 0.0000000 -0.0500000
      vertex 0.0012271 -0.0499849 -0.0500000
      vertex -0.0000000 -0.0500000 -0.0500000
    endloop
  endfacet
  facet normal 0 0 -1
    outer loop
      vertex 0.0000000 0.0000000 -0.0500000
      vertex 0.0024534 -0.0499398 -0.0500000
      vertex 0.0012271 -0.0499849 -0.0500000
    endloop
  endfacet
  facet normal 0 0 -1
    outer loop
      vertex 0.0000000 0.0000000 -0.0500000
      vertex 0.0036782 -0.0498645 -0.0500000
      vertex 0.0024534 -0.0499398 -0.0500000
    endloop
  endfacet
  facet normal 0 0 -1
    outer loop
      vertex 0.0000000 0.0000000 -0.0500000
      vertex 0.0049009 -0.0497592 -0.0500000
      vertex 0.0036782 -0.0498645 -0.0500000
    endloop
  endfacet
  facet normal 0 0 -1
    outer loop
      vertex 0.0000000 0.0000000 -0.0500000
      vertex 0.0061205 -0.0496240 -0.0500000
      vertex 0.0049009 -0.0497592 -0.0500000
    endloop
  endfacet
  facet normal 0 0 -1
    outer loop
      vertex 0.0000000 0.0000000 -0.0500000
      vertex 0.0073365 -0.0494588 -0.0500000
      vertex 0.0061205 -0.0496240 -0.0500000
    endloop
  endfacet
  facet normal 0 0 -1
    outer loop
      vertex 0.0000000 0.0000000 -0.0500000
      vertex 0.0085481 -0.0492639 -0.0500000
      vertex 0.0073365 -0.0494588 -0.0500000
    endloop
  endfacet
  facet normal 0 0 -1
    outer loop
      vertex 0.0000000 0.0000000 -0.0500000
      vertex 0.0097545 -0.0490393 -0.0500000
      vertex 0.0085481 -0.0492639 -0.0500000
    endloop
  endfacet
  facet normal 0 0 -1
    outer loop
      vertex 0.0000000 0.0000000 -0.0500000
      vertex 0.0109551 -0.0487851 -0.0500000
      vertex 0.0097545 -0.0490393 -0.0500000
    endloop
  endfacet
  facet normal 0 0 -1
    outer loop
      vertex 0.0000000 0.0000000 -0.0500000
      vertex 0.0121490 -0.0485016 -0.0500000
      vertex 0.0109551 -0.0487851 -0.0500000
    endloop
  endfacet
  facet normal 0 0 -1
    outer loop
      vertex 0.0000000 0.0000000 -0.0500000
      vertex 0.0133356 -0.0481888 -0.0500000
      vertex 0.0121490 -0.0485016 -0.0500000
    endloop
  endfacet
  facet normal 0 0 -1
    outer loop
      vertex 0.0000000 0.0000000 -0.0500000
      vertex 0.0145142 -0.0478470 -0.0500000
      vertex 0.0133356 -0.0481888 -0.0500000
    endloop
  endfacet
  facet normal 0 0 -1
    outer loop
      vertex 0.0000000 0.0000000 -0.0500000
      vertex 0.0156841 -0.0474764 -0.0500000
      vertex 0.0145142 -0.0478470 -0.0500000
    endloop
  endfacet
  facet normal 0 0 -1
    outer loop
      vertex 0.0000000 0.0000000 -0.0500000
      vertex 0.0168445 -0.0470772 -0.0500000
      vertex 0.0156841 -0.0474764 -0.0500000
    endloop
  endfacet
  facet normal 0 0 -1
    outer loop
      vertex 0.0000000 0.0000000 -0.0500000
      vertex 0.0179948 -0.0466496 -0.0500000
      vertex 0.0168445 -0.0470772 -0.0500000
    endloop
  endfacet
  facet normal 0 0 -1
    outer loop
      vertex 0.0000000 0.0000000 -0.0500000
      vertex 0.0191342 -0.0461940 -0.0500000
      vertex 0.0179948 -0.0466496 -0.0500000
    endloop
  endfacet
  facet normal 0 0 -1
    outer loop
      vertex 0.0000000 0.0000000 -0.0500000
      vertex 0.0202621 -0.0457105 -0.0500000
      vertex 0.0191342 -0.0461940 -0.0500000
    endloop
  endfacet
  facet normal 0 0 -1
    outer loop
      vertex 0.0000000 0.0000000 -0.0500000
      vertex 0.0213778 -0.0451995 -0.0500000
      vertex 0.0202621 -0.0457105 -0.0500000
    endloop
  endfacet
  facet normal 0 0 -1
    outer loop
      vertex 0.0000000 0.0000000 -0.0500000
      vertex 0.0224806 -0.0446612 -0.0500000
      vertex 0.0213778 -0.0451995 -0.0500000
    endloop
  endfacet
  facet normal 0 0 -1
    outer loop
      vertex 0.0000000 0.0000000 -0.0500000
      vertex 0.0235698 -0.0440961 -0.0500000
      vertex 0.0224806 -0.0446612 -0.0500000
    endloop
  endfacet
  facet normal 0 0 -1
    outer loop
      vertex 0.0000000 0.0000000 -0.0500000
      vertex 0.0246449 -0.0435043 -0.0500000
      vertex 0.0235698 -0.0440961 -0.0500000
    endloop
  endfacet
  facet normal 0 0 -1
    outer loop
      vertex 0.0000000 0.0000000 -0.0500000
      vertex 0.0257051 -0.0428864 -0.0500000
      vertex 0.0246449 -0.0435043 -0.0500000
    endloop
  endfacet
  facet normal 0 0 -1
    outer loop
      vertex 0.0000000 0.0000000 -0.0500000
      vertex 0.0267499 -0.0422427 -0.0500000
      vertex 0.0257051 -0.0428864 -0.0500000
    endloop
  endfacet
  facet normal 0 0 -1
    outer loop
      vertex 0.0000000 0.0000000 -0.0500000
      vertex 0.0277785 -0.0415735 -0.0500000
      vertex 0.0267499 -0.0422427 -0.0500000
    endloop
  endfacet
  facet normal 0 0 -1
    outer loop
      vertex 0.0000000 0.0000000 -0.0500000
      vertex 0.0287904 -0.0408792 -0.0500000
      vertex 0.0277785 -0.0415735 -0.0500000
    endloop
  endfacet
  facet normal 0 0 -1
    outer loop
      vertex 0.0000000 0.0000000 -0.0500000
      vertex 0.0297850 -0.0401604 -0.0500000
      vertex 0.0287904 -0.0408792 -0.0500000
    endloop
  endfacet
  facet normal 0 0 -1
    outer loop
      vertex 0.0000000 0.0000000 -0.0500000
      vertex 0.0307616 -0.0394173 -0.0500000
      vertex 0.0297850 -0.0401604 -0.0500000
    endloop
  endfacet
  facet normal 0 0 -1
    outer loop
      vertex 0.0000000 0.0000000 -0.0500000
      vertex 0.0317197 -0.0386505 -0.0500000
      vertex 0.0307616 -0.0394173 -0.0500000
    endloop
  endfacet
  facet normal 0 0 -1
    outer loop
      vertex 0.0000000 0.0000000 -0.0500000
      vertex 0.0326586 -0.0378604 -0.0500000
      vertex 0.0317197 -0.0386505 -0.0500000
    endloop
  endfacet
  facet normal 0 0 -1
    outer loop
      vertex 0.0000000 0.0000000 -0.0500000
      vertex 0.0335779 -0.0370476 -0.0500000
      vertex 0.0326586 -0.0378604 -0.0500000
    endloop
  endfacet
  facet normal 0 0 -1
    outer loop
      vertex 0.0000000 0.0000000 -0.0500000
      vertex 0.0344770 -0.0362124 -0.0500000
      vertex 0.0335779 -0.0370476 -0.0500000
    endloop
  endfacet
  facet normal 0 0 -1
    outer loop
      vertex 0.0000000 0.0000000 -0.0500000
      vertex 0.0353553 -0.0353553 -0.0500000
      vertex 0.0344770 -0.0362124 -0.0500000
    endloop
  endfacet
  facet normal 0 0 -1
    outer loop
      vertex 0.0000000 0.0000000 -0.0500000
      vertex 0.0362124 -0.0344770 -0.0500000
      vertex 0.0353553 -0.0353553 -0.0500000
    endloop
  endfacet
  facet normal 0 0 -1
    outer loop
      vertex 0.0000000 0.0000000 -0.0500000
      vertex 0.0370476 -0.0335779 -0.0500000
      vertex 0.0362124 -0.0344770 -0.0500000
    endloop
  endfacet
  facet normal 0 0 -1
    outer loop
      vertex 0.0000000 0.0000000 -0.0500000
      vertex 0.0378604 -0.0326586 -0.0500000
      vertex 0.0370476 -0.0335779 -0.0500000
    endloop
  endfacet
  facet normal 0 0 -1
    outer loop
      vertex 0.0000000 0.0000000 -0.0500000
      vertex 0.0386505 -0.0317197 -0.0500000
      vertex 0.0378604 -0.0326586 -0.0500000
    endloop
  endfacet
  facet normal 0 0 -1
    outer loop
      vertex 0.0000000 0.0000000 -0.0500000
      vertex 0.0394173 -0.0307616 -0.0500000
      vertex 0.0386505 -0.0317197 -0.0500000
    endloop
  endfacet
  facet normal 0 0 -1
    outer loop
      vertex 0.0000000 0.0000000 -0.0500000
      vertex 0.0401604 -0.0297850 -0.0500000
      vertex 0.0394173 -0.0307616 -0.0500000
    endloop
  endfacet
  facet normal 0 0 -1
    outer loop
      vertex 0.0000000 0.0000000 -0.0500000
      vertex 0.0408792 -0.0287904 -0.0500000
      vertex 0.0401604 -0.0297850 -0.0500000
    endloop
  endfacet
  facet normal 0 0 -1
    outer loop
      vertex 0.0000000 0.0000000 -0.0500000
      vertex 0.0415735 -0.0277785 -0.0500000
      vertex 0.0408792 -0.0287904 -0.0500000
    endloop
  endfacet
  facet normal 0 0 -1
    outer loop
      vertex 0.0000000 0.0000000 -0.0500000
      vertex 0.0422427 -0.0267499 -0.0500000
      vertex 0.0415735 -0.0277785 -0.0500000
    endloop
  endfacet
  facet normal 0 0 -1
    outer loop
      vertex 0.0000000 0.0000000 -0.0500000
      vertex 0.0428864 -0.0257051 -0.0500000
      vertex 0.0422427 -0.0267499 -0.0500000
    endloop
  endfacet
  facet normal 0 0 -1
    outer loop
      vertex 0.0000000 0.0000000 -0.0500000
      vertex 0.0435043 -0.0246449 -0.0500000
      vertex 0.0428864 -0.0257051 -0.0500000
    endloop
  endfacet
  facet normal 0 0 -1
    outer loop
      vertex 0.0000000 0.0000000 -0.0500000
      vertex 0.0440961 -0.0235698 -0.0500000
      vertex 0.0435043 -0.0246449 -0.0500000
    endloop
  endfacet
  facet normal 0 0 -1
    outer loop
      vertex 0.0000000 0.0000000 -0.0500000
      vertex 0.0446612 -0.0224806 -0.0500000
      vertex 0.0440961 -0.0235698 -0.0500000
    endloop
  endfacet
  facet normal 0 0 -1
    outer loop
      vertex 0.0000000 0.0000000 -0.0500000
      vertex 0.0451995 -0.0213778 -0.0500000
      vertex 0.0446612 -0.0224806 -0.0500000
    endloop
  endfacet
  facet normal 0 0 -1
    outer loop
      vertex 0.0000000 0.0000000 -0.0500000
      vertex 0.0457105 -0.0202621 -0.0500000
      vertex 0.0451995 -0.0213778 -0.0500000
    endloop
  endfacet
  facet normal 0 0 -1
    outer loop
      vertex 0.0000000 0.0000000 -0.0500000
      vertex 0.0461940 -0.0191342 -0.0500000
      vertex 0.0457105 -0.0202621 -0.0500000
    endloop
  endfacet
  facet normal 0 0 -1
    outer loop
      vertex 0.0000000 0.0000000 -0.0500000
      vertex 0.0466496 -0.0179948 -0.0500000
      vertex 0.0461940 -0.0191342 -0.0500000
    endloop
  endfacet
  facet normal 0 0 -1
    outer loop
      vertex 0.0000000 0.0000000 -0.0500000
      vertex 0.0470772 -0.0168445 -0.0500000
      vertex 0.0466496 -0.0179948 -0.0500000
    endloop
  endfacet
  facet normal 0 0 -1
    outer loop
      vertex 0.0000000 0.0000000 -0.0500000
      vertex 0.0474764 -0.0156841 -0.0500000
      vertex 0.0470772 -0.0168445 -0.0500000
    endloop
  endfacet
  facet normal 0 0 -1
    outer loop
      vertex 0.0000000 0.0000000 -0.0500000
      vertex 0.0478470 -0.0145142 -0.0500000
      vertex 0.0474764 -0.0156841 -0.0500000
    endloop
  endfacet
  facet normal 0 0 -1
    outer loop
      vertex 0.0000000 0.0000000 -0.0500000
      vertex 0.0481888 -0.0133356 -0.0500000
      vertex 0.0478470 -0.0145142 -0.0500000
    endloop
  endfacet
  facet normal 0 0 -1
    outer loop
      vertex 0.0000000 0.0000000 -0.0500000
      vertex 0.0485016 -0.0121490 -0.0500000
      vertex 0.0481888 -0.0133356 -0.0500000
    endloop
  endfacet
  facet normal 0 0 -1
    outer loop
      vertex 0.0000000 0.0000000 -0.0500000
      vertex 0.0487851 -0.0109551 -0.0500000
      vertex 0.0485016 -0.0121490 -0.0500000
    endloop
  endfacet
  facet normal 0 0 -1
    outer loop
      vertex 0.0000000 0.0000000 -0.0500000
      vertex 0.0490393 -0.0097545 -0.0500000
      vertex 0.0487851 -0.0109551 -0.0500000
    endloop
  endfacet
  facet normal 0 0 -1
    outer loop
      vertex 0.0000000 0.0000000 -0.0500000
      vertex 0.0492639 -0.0085481 -0.0500000
      vertex 0.0490393 -0.0097545 -0.0500000
    endloop
  endfacet
  facet normal 0 0 -1
    outer loop
      vertex 0.0000000 0.0000000 -0.0500000
      vertex 0.0494588 -0.0073365 -0.0500000
      vertex 0.0492639 -0.0085481 -0.0500000
    endloop
  endfacet
  facet normal 0 0 -1
    outer loop
      vertex 0.0000000 0.0000000 -0.0500000
      vertex 0.0496240 -0.0061205 -0.0500000
      vertex 0.0494588 -0.0073365 -0.0500000
    endloop
  endfacet
  facet normal 0 0 -1
    outer loop
      vertex 0.0000000 0.0000000 -0.0500000
      vertex 0.0497592 -0.0049009 -0.0500000
      vertex 0.0496240 -0.0061205 -0.0500000
    endloop
  endfacet
  facet normal 0 0 -1
    outer loop
      vertex 0.0000000 0.0000000 -0.0500000
      vertex 0.0498645 -0.0036782 -0.0500000
      vertex 0.0497592 -0.0049009 -0.0500000
    endloop
  endfacet
  facet normal 0 0 -1
    outer loop
      vertex 0.0000000 0.0000000 -0.0500000
      vertex 0.0499398 -0.0024534 -0.0500000
      vertex 0.0498645 -0.0036782 -0.0500000
    endloop
  endfacet
  facet normal 0 0 -1
    outer loop
      vertex 0.0000000 0.0000000 -0.0500000
      vertex 0.0499849 -0.0012271 -0.0500000
      vertex 0.0499398 -0.0024534 -0.0500000
    endloop
  endfacet
  facet normal 0 0 -1
    outer loop
      vertex 0.0000000 0.0000000 -0.0500000
      vertex 0.0500000 -0.0000000 -0.0500000
      vertex 0.0499849 -0.0012271 -0.0500000
    endloop
  endfacet
endsolid rotor
