solid stator
  facet normal 0.999925 0.0122715 0
    outer loop
      vertex 0.2500000 0.0000000 -0.0500000
      vertex 0.2499247 0.0061353 -0.0500000
      vertex 0.2499247 0.0061353 0.1500000
    endloop
  endfacet
  facet normal 0.999925 0.0122715 -0
    outer loop
      vertex 0.2500000 0.0000000 -0.0500000
      vertex 0.2499247 0.0061353 0.1500000
      vertex 0.2500000 0.0000000 0.1500000
    endloop
  endfacet
  facet normal 0.999322 0.0368072 0
    outer loop
      vertex 0.2499247 0.0061353 -0.0500000
      vertex 0.2496989 0.0122669 -0.0500000
      vertex 0.2496989 0.0122669 0.1500000
    endloop
  endfacet
  facet normal 0.999322 0.0368072 -0
    outer loop
      vertex 0.2499247 0.0061353 -0.0500000
      vertex 0.2496989 0.0122669 0.1500000
      vertex 0.2499247 0.0061353 0.1500000
    endloop
  endfacet
  facet normal 0.998118 0.0613207 0
    outer loop
      vertex 0.2496989 0.0122669 -0.0500000
      vertex 0.2493226 0.0183911 -0.0500000
      vertex 0.2493226 0.0183911 0.1500000
    endloop
  endfacet
  facet normal 0.998118 0.0613207 -0
    outer loop
      vertex 0.2496989 0.0122669 -0.0500000
      vertex 0.2493226 0.0183911 0.1500000
      vertex 0.2496989 0.0122669 0.1500000
    endloop
  endfacet
  facet normal 0.996313 0.0857973 0
    outer loop
      vertex 0.2493226 0.0183911 -0.0500000
      vertex 0.2487962 0.0245043 -0.0500000
      vertex 0.2487962 0.0245043 0.1500000
    endloop
  endfacet
  facet normal 0.996313 0.0857973 -0
    outer loop
      vertex 0.2493226 0.0183911 -0.0500000
      vertex 0.2487962 0.0245043 0.1500000
      vertex 0.2493226 0.0183911 0.1500000
    endloop
  endfacet
  facet normal 0.993907 0.110222 0
    outer loop
      vertex 0.2487962 0.0245043 -0.0500000
      vertex 0.2481199 0.0306027 -0.0500000
      vertex 0.2481199 0.0306027 0.1500000
    endloop
  endfacet
  facet normal 0.993907 0.110222 -0
    outer loop
      vertex 0.2487962 0.0245043 -0.0500000
      vertex 0.2481199 0.0306027 0.1500000
      vertex 0.2487962 0.0245043 0.1500000
    endloop
  endfacet
  facet normal 0.990903 0.134581 0
    outer loop
      vertex 0.2481199 0.0306027 -0.0500000
      vertex 0.2472941 0.0366826 -0.0500000
      vertex 0.2472941 0.0366826 0.1500000
    endloop
  endfacet
  facet normal 0.990903 0.134581 -0
    outer loop
      vertex 0.2481199 0.0306027 -0.0500000
      vertex 0.2472941 0.0366826 0.1500000
      vertex 0.2481199 0.0306027 0.1500000
    endloop
  endfacet
  facet normal 0.987301 0.158858 0
    outer loop
      vertex 0.2472941 0.0366826 -0.0500000
      vertex 0.2463194 0.0427405 -0.0500000
      vertex 0.2463194 0.0427405 0.1500000
    endloop
  endfacet
  facet normal 0.987301 0.158858 -0
    outer loop
      vertex 0.2472941 0.0366826 -0.0500000
      vertex 0.2463194 0.0427405 0.1500000
      vertex 0.2472941 0.0366826 0.1500000
    endloop
  endfacet
  facet normal 0.983105 0.18304 0
    outer loop
      vertex 0.2463194 0.0427405 -0.0500000
      vertex 0.2451963 0.0487726 -0.0500000
      vertex 0.2451963 0.0487726 0.1500000
    endloop
  endfacet
  facet normal 0.983105 0.18304 -0
    outer loop
      vertex 0.2463194 0.0427405 -0.0500000
      vertex 0.2451963 0.0487726 0.1500000
      vertex 0.2463194 0.0427405 0.1500000
    endloop
  endfacet
  facet normal 0.978317 0.207111 0
    outer loop
      vertex 0.2451963 0.0487726 -0.0500000
      vertex 0.2439255 0.0547753 -0.0500000
      vertex 0.2439255 0.0547753 0.1500000
    endloop
  endfacet
  facet normal 0.978317 0.207111 -0
    outer loop
      vertex 0.2451963 0.0487726 -0.0500000
      vertex 0.2439255 0.0547753 0.1500000
      vertex 0.2451963 0.0487726 0.1500000
    endloop
  endfacet
  facet normal 0.97294 0.231058 0
    outer loop
      vertex 0.2439255 0.0547753 -0.0500000
      vertex 0.2425078 0.0607450 -0.0500000
      vertex 0.2425078 0.0607450 0.1500000
    endloop
  endfacet
  facet normal 0.97294 0.231058 -0
    outer loop
      vertex 0.2439255 0.0547753 -0.0500000
      vertex 0.2425078 0.0607450 0.1500000
      vertex 0.2439255 0.0547753 0.1500000
    endloop
  endfacet
  facet normal 0.966976 0.254866 0
    outer loop
      vertex 0.2425078 0.0607450 -0.0500000
      vertex 0.2409440 0.0666782 -0.0500000
      vertex 0.2409440 0.0666782 0.1500000
    endloop
  endfacet
  facet normal 0.966976 0.254866 -0
    outer loop
      vertex 0.2425078 0.0607450 -0.0500000
      vertex 0.2409440 0.0666782 0.1500000
      vertex 0.2425078 0.0607450 0.1500000
    endloop
  endfacet
  facet normal 0.960431 0.27852 0
    outer loop
      vertex 0.2409440 0.0666782 -0.0500000
      vertex 0.2392351 0.0725712 -0.0500000
      vertex 0.2392351 0.0725712 0.1500000
    endloop
  endfacet
  facet normal 0.960431 0.27852 -0
    outer loop
      vertex 0.2409440 0.0666782 -0.0500000
      vertex 0.2392351 0.0725712 0.1500000
      vertex 0.2409440 0.0666782 0.1500000
    endloop
  endfacet
  facet normal 0.953306 0.302006 0
    outer loop
      vertex 0.2392351 0.0725712 -0.0500000
      vertex 0.2373820 0.0784204 -0.0500000
      vertex 0.2373820 0.0784204 0.1500000
    endloop
  endfacet
  facet normal 0.953306 0.302006 -0
    outer loop
      vertex 0.2392351 0.0725712 -0.0500000
      vertex 0.2373820 0.0784204 0.1500000
      vertex 0.2392351 0.0725712 0.1500000
    endloop
  endfacet
  facet normal 0.945607 0.32531 0
    outer loop
      vertex 0.2373820 0.0784204 -0.0500000
      vertex 0.2353860 0.0842225 -0.0500000
      vertex 0.2353860 0.0842225 0.1500000
    endloop
  endfacet
  facet normal 0.945607 0.32531 -0
    outer loop
      vertex 0.2373820 0.0784204 -0.0500000
      vertex 0.2353860 0.0842225 0.1500000
      vertex 0.2373820 0.0784204 0.1500000
    endloop
  endfacet
  facet normal 0.937339 0.348419 0
    outer loop
      vertex 0.2353860 0.0842225 -0.0500000
      vertex 0.2332482 0.0899738 -0.0500000
      vertex 0.2332482 0.0899738 0.1500000
    endloop
  endfacet
  facet normal 0.937339 0.348419 -0
    outer loop
      vertex 0.2353860 0.0842225 -0.0500000
      vertex 0.2332482 0.0899738 0.1500000
      vertex 0.2353860 0.0842225 0.1500000
    endloop
  endfacet
  facet normal 0.928506 0.371317 0
    outer loop
      vertex 0.2332482 0.0899738 -0.0500000
      vertex 0.2309699 0.0956709 -0.0500000
      vertex 0.2309699 0.0956709 0.1500000
    endloop
  endfacet
  facet normal 0.928506 0.371317 -0
    outer loop
      vertex 0.2332482 0.0899738 -0.0500000
      vertex 0.2309699 0.0956709 0.1500000
      vertex 0.2332482 0.0899738 0.1500000
    endloop
  endfacet
  facet normal 0.919114 0.393992 0
    outer loop
      vertex 0.2309699 0.0956709 -0.0500000
      vertex 0.2285524 0.1013103 -0.0500000
      vertex 0.2285524 0.1013103 0.1500000
    endloop
  endfacet
  facet normal 0.919114 0.393992 -0
    outer loop
      vertex 0.2309699 0.0956709 -0.0500000
      vertex 0.2285524 0.1013103 0.1500000
      vertex 0.2309699 0.0956709 0.1500000
    endloop
  endfacet
  facet normal 0.909168 0.41643 0
    outer loop
      vertex 0.2285524 0.1013103 -0.0500000
      vertex 0.2259973 0.1068888 -0.0500000
      vertex 0.2259973 0.1068888 0.1500000
    endloop
  endfacet
  facet normal 0.909168 0.41643 -0
    outer loop
      vertex 0.2285524 0.1013103 -0.0500000
      vertex 0.2259973 0.1068888 0.1500000
      vertex 0.2285524 0.1013103 0.1500000
    endloop
  endfacet
  facet normal 0.898674 0.438616 0
    outer loop
      vertex 0.2259973 0.1068888 -0.0500000
      vertex 0.2233061 0.1124028 -0.0500000
      vertex 0.2233061 0.1124028 0.1500000
    endloop
  endfacet
  facet normal 0.898674 0.438616 -0
    outer loop
      vertex 0.2259973 0.1068888 -0.0500000
      vertex 0.2233061 0.1124028 0.1500000
      vertex 0.2259973 0.1068888 0.1500000
    endloop
  endfacet
  facet normal 0.88764 0.460539 0
    outer loop
      vertex 0.2233061 0.1124028 -0.0500000
      vertex 0.2204803 0.1178492 -0.0500000
      vertex 0.2204803 0.1178492 0.1500000
    endloop
  endfacet
  facet normal 0.88764 0.460539 -0
    outer loop
      vertex 0.2233061 0.1124028 -0.0500000
      vertex 0.2204803 0.1178492 0.1500000
      vertex 0.2233061 0.1124028 0.1500000
    endloop
  endfacet
  facet normal 0.87607 0.482184 0
    outer loop
      vertex 0.2204803 0.1178492 -0.0500000
      vertex 0.2175217 0.1232245 -0.0500000
      vertex 0.2175217 0.1232245 0.1500000
    endloop
  endfacet
  facet normal 0.87607 0.482184 -0
    outer loop
      vertex 0.2204803 0.1178492 -0.0500000
      vertex 0.2175217 0.1232245 0.1500000
      vertex 0.2204803 0.1178492 0.1500000
    endloop
  endfacet
  facet normal 0.863973 0.503538 0
    outer loop
      vertex 0.2175217 0.1232245 -0.0500000
      vertex 0.2144322 0.1285257 -0.0500000
      vertex 0.2144322 0.1285257 0.1500000
    endloop
  endfacet
  facet normal 0.863973 0.503538 -0
    outer loop
      vertex 0.2175217 0.1232245 -0.0500000
      vertex 0.2144322 0.1285257 0.1500000
      vertex 0.2175217 0.1232245 0.1500000
    endloop
  endfacet
  facet normal 0.851355 0.52459 0
    outer loop
      vertex 0.2144322 0.1285257 -0.0500000
      vertex 0.2112134 0.1337494 -0.0500000
      vertex 0.2112134 0.1337494 0.1500000
    endloop
  endfacet
  facet normal 0.851355 0.52459 -0
    outer loop
      vertex 0.2144322 0.1285257 -0.0500000
      vertex 0.2112134 0.1337494 0.1500000
      vertex 0.2144322 0.1285257 0.1500000
    endloop
  endfacet
  facet normal 0.838225 0.545325 0
    outer loop
      vertex 0.2112134 0.1337494 -0.0500000
      vertex 0.2078674 0.1388926 -0.0500000
      vertex 0.2078674 0.1388926 0.1500000
    endloop
  endfacet
  facet normal 0.838225 0.545325 -0
    outer loop
      vertex 0.2112134 0.1337494 -0.0500000
      vertex 0.2078674 0.1388926 0.1500000
      vertex 0.2112134 0.1337494 0.1500000
    endloop
  endfacet
  facet normal 0.824589 0.565732 0
    outer loop
      vertex 0.2078674 0.1388926 -0.0500000
      vertex 0.2043962 0.1439520 -0.0500000
      vertex 0.2043962 0.1439520 0.1500000
    endloop
  endfacet
  facet normal 0.824589 0.565732 -0
    outer loop
      vertex 0.2078674 0.1388926 -0.0500000
      vertex 0.2043962 0.1439520 0.1500000
      vertex 0.2078674 0.1388926 0.1500000
    endloop
  endfacet
  facet normal 0.810457 0.585798 0
    outer loop
      vertex 0.2043962 0.1439520 -0.0500000
      vertex 0.2008019 0.1489248 -0.0500000
      vertex 0.2008019 0.1489248 0.1500000
    endloop
  endfacet
  facet normal 0.810457 0.585798 -0
    outer loop
      vertex 0.2043962 0.1439520 -0.0500000
      vertex 0.2008019 0.1489248 0.1500000
      vertex 0.2043962 0.1439520 0.1500000
    endloop
  endfacet
  facet normal 0.795837 0.605511 0
    outer loop
      vertex 0.2008019 0.1489248 -0.0500000
      vertex 0.1970866 0.1538079 -0.0500000
      vertex 0.1970866 0.1538079 0.1500000
    endloop
  endfacet
  facet normal 0.795837 0.605511 -0
    outer loop
      vertex 0.2008019 0.1489248 -0.0500000
      vertex 0.1970866 0.1538079 0.1500000
      vertex 0.2008019 0.1489248 0.1500000
    endloop
  endfacet
  facet normal 0.780737 0.624859 0
    outer loop
      vertex 0.1970866 0.1538079 -0.0500000
      vertex 0.1932526 0.1585983 -0.0500000
      vertex 0.1932526 0.1585983 0.1500000
    endloop
  endfacet
  facet normal 0.780737 0.624859 -0
    outer loop
      vertex 0.1970866 0.1538079 -0.0500000
      vertex 0.1932526 0.1585983 0.1500000
      vertex 0.1970866 0.1538079 0.1500000
    endloop
  endfacet
  facet normal 0.765167 0.643832 0
    outer loop
      vertex 0.1932526 0.1585983 -0.0500000
      vertex 0.1893022 0.1632932 -0.0500000
      vertex 0.1893022 0.1632932 0.1500000
    endloop
  endfacet
  facet normal 0.765167 0.643832 -0
    outer loop
      vertex 0.1932526 0.1585983 -0.0500000
      vertex 0.1893022 0.1632932 0.1500000
      vertex 0.1932526 0.1585983 0.1500000
    endloop
  endfacet
  facet normal 0.749136 0.662416 0
    outer loop
      vertex 0.1893022 0.1632932 -0.0500000
      vertex 0.1852378 0.1678897 -0.0500000
      vertex 0.1852378 0.1678897 0.1500000
    endloop
  endfacet
  facet normal 0.749136 0.662416 -0
    outer loop
      vertex 0.1893022 0.1632932 -0.0500000
      vertex 0.1852378 0.1678897 0.1500000
      vertex 0.1893022 0.1632932 0.1500000
    endloop
  endfacet
  facet normal 0.732654 0.680601 0
    outer loop
      vertex 0.1852378 0.1678897 -0.0500000
      vertex 0.1810618 0.1723851 -0.0500000
      vertex 0.1810618 0.1723851 0.1500000
    endloop
  endfacet
  facet normal 0.732654 0.680601 -0
    outer loop
      vertex 0.1852378 0.1678897 -0.0500000
      vertex 0.1810618 0.1723851 0.1500000
      vertex 0.1852378 0.1678897 0.1500000
    endloop
  endfacet
  facet normal 0.715731 0.698376 0
    outer loop
      vertex 0.1810618 0.1723851 -0.0500000
      vertex 0.1767767 0.1767767 -0.0500000
      vertex 0.1767767 0.1767767 0.1500000
    endloop
  endfacet
  facet normal 0.715731 0.698376 -0
    outer loop
      vertex 0.1810618 0.1723851 -0.0500000
      vertex 0.1767767 0.1767767 0.1500000
      vertex 0.1810618 0.1723851 0.1500000
    endloop
  endfacet
  facet normal 0.698376 0.715731 0
    outer loop
      vertex 0.1767767 0.1767767 -0.0500000
      vertex 0.1723851 0.1810618 -0.0500000
      vertex 0.1723851 0.1810618 0.1500000
    endloop
  endfacet
  facet normal 0.698376 0.715731 -0
    outer loop
      vertex 0.1767767 0.1767767 -0.0500000
      vertex 0.1723851 0.1810618 0.1500000
      vertex 0.1767767 0.1767767 0.1500000
    endloop
  endfacet
  facet normal 0.680601 0.732654 0
    outer loop
      vertex 0.1723851 0.1810618 -0.0500000
      vertex 0.1678897 0.1852378 -0.0500000
      vertex 0.1678897 0.1852378 0.1500000
    endloop
  endfacet
  facet normal 0.680601 0.732654 -0
    outer loop
      vertex 0.1723851 0.1810618 -0.0500000
      vertex 0.1678897 0.1852378 0.1500000
      vertex 0.1723851 0.1810618 0.1500000
    endloop
  endfacet
  facet normal 0.662416 0.749136 0
    outer loop
      vertex 0.1678897 0.1852378 -0.0500000
      vertex 0.1632932 0.1893022 -0.0500000
      vertex 0.1632932 0.1893022 0.1500000
    endloop
  endfacet
  facet normal 0.662416 0.749136 -0
    outer loop
      vertex 0.1678897 0.1852378 -0.0500000
      vertex 0.1632932 0.1893022 0.1500000
      vertex 0.1678897 0.1852378 0.1500000
    endloop
  endfacet
  facet normal 0.643832 0.765167 0
    outer loop
      vertex 0.1632932 0.1893022 -0.0500000
      vertex 0.1585983 0.1932526 -0.0500000
      vertex 0.1585983 0.1932526 0.1500000
    endloop
  endfacet
  facet normal 0.643832 0.765167 -0
    outer loop
      vertex 0.1632932 0.1893022 -0.0500000
      vertex 0.1585983 0.1932526 0.1500000
      vertex 0.1632932 0.1893022 0.1500000
    endloop
  endfacet
  facet normal 0.624859 0.780737 0
    outer loop
      vertex 0.1585983 0.1932526 -0.0500000
      vertex 0.1538079 0.1970866 -0.0500000
      vertex 0.1538079 0.1970866 0.1500000
    endloop
  endfacet
  facet normal 0.624859 0.780737 -0
    outer loop
      vertex 0.1585983 0.1932526 -0.0500000
      vertex 0.1538079 0.1970866 0.1500000
      vertex 0.1585983 0.1932526 0.1500000
    endloop
  endfacet
  facet normal 0.605511 0.795837 0
    outer loop
      vertex 0.1538079 0.1970866 -0.0500000
      vertex 0.1489248 0.2008019 -0.0500000
      vertex 0.1489248 0.2008019 0.1500000
    endloop
  endfacet
  facet normal 0.605511 0.795837 -0
    outer loop
      vertex 0.1538079 0.1970866 -0.0500000
      vertex 0.1489248 0.2008019 0.1500000
      vertex 0.1538079 0.1970866 0.1500000
    endloop
  endfacet
  facet normal 0.585798 0.810457 0
    outer loop
      vertex 0.1489248 0.2008019 -0.0500000
      vertex 0.1439520 0.2043962 -0.0500000
      vertex 0.1439520 0.2043962 0.1500000
    endloop
  endfacet
  facet normal 0.585798 0.810457 -0
    outer loop
      vertex 0.1489248 0.2008019 -0.0500000
      vertex 0.1439520 0.2043962 0.1500000
      vertex 0.1489248 0.2008019 0.1500000
    endloop
  endfacet
  facet normal 0.565732 0.824589 0
    outer loop
      vertex 0.1439520 0.2043962 -0.0500000
      vertex 0.1388926 0.2078674 -0.0500000
      vertex 0.1388926 0.2078674 0.1500000
    endloop
  endfacet
  facet normal 0.565732 0.824589 -0
    outer loop
      vertex 0.1439520 0.2043962 -0.0500000
      vertex 0.1388926 0.2078674 0.1500000
      vertex 0.1439520 0.2043962 0.1500000
    endloop
  endfacet
  facet normal 0.545325 0.838225 0
    outer loop
      vertex 0.1388926 0.2078674 -0.0500000
      vertex 0.1337494 0.2112134 -0.0500000
      vertex 0.1337494 0.2112134 0.1500000
    endloop
  endfacet
  facet normal 0.545325 0.838225 -0
    outer loop
      vertex 0.1388926 0.2078674 -0.0500000
      vertex 0.1337494 0.2112134 0.1500000
      vertex 0.1388926 0.2078674 0.1500000
    endloop
  endfacet
  facet normal 0.52459 0.851355 0
    outer loop
      vertex 0.1337494 0.2112134 -0.0500000
      vertex 0.1285257 0.2144322 -0.0500000
      vertex 0.1285257 0.2144322 0.1500000
    endloop
  endfacet
  facet normal 0.52459 0.851355 -0
    outer loop
      vertex 0.1337494 0.2112134 -0.0500000
      vertex 0.1285257 0.2144322 0.1500000
      vertex 0.1337494 0.2112134 0.1500000
    endloop
  endfacet
  facet normal 0.503538 0.863973 0
    outer loop
      vertex 0.1285257 0.2144322 -0.0500000
      vertex 0.1232245 0.2175217 -0.0500000
      vertex 0.1232245 0.2175217 0.1500000
    endloop
  endfacet
  facet normal 0.503538 0.863973 -0
    outer loop
      vertex 0.1285257 0.2144322 -0.0500000
      vertex 0.1232245 0.2175217 0.1500000
      vertex 0.1285257 0.2144322 0.1500000
    endloop
  endfacet
  facet normal 0.482184 0.87607 0
    outer loop
      vertex 0.1232245 0.2175217 -0.0500000
      vertex 0.1178492 0.2204803 -0.0500000
      vertex 0.1178492 0.2204803 0.1500000
    endloop
  endfacet
  facet normal 0.482184 0.87607 -0
    outer loop
      vertex 0.1232245 0.2175217 -0.0500000
      vertex 0.1178492 0.2204803 0.1500000
      vertex 0.1232245 0.2175217 0.1500000
    endloop
  endfacet
  facet normal 0.460539 0.88764 0
    outer loop
      vertex 0.1178492 0.2204803 -0.0500000
      vertex 0.1124028 0.2233061 -0.0500000
      vertex 0.1124028 0.2233061 0.1500000
    endloop
  endfacet
  facet normal 0.460539 0.88764 -0
    outer loop
      vertex 0.1178492 0.2204803 -0.0500000
      vertex 0.1124028 0.2233061 0.1500000
      vertex 0.1178492 0.2204803 0.1500000
    endloop
  endfacet
  facet normal 0.438616 0.898674 0
    outer loop
      vertex 0.1124028 0.2233061 -0.0500000
      vertex 0.1068888 0.2259973 -0.0500000
      vertex 0.1068888 0.2259973 0.1500000
    endloop
  endfacet
  facet normal 0.438616 0.898674 -0
    outer loop
      vertex 0.1124028 0.2233061 -0.0500000
      vertex 0.1068888 0.2259973 0.1500000
      vertex 0.1124028 0.2233061 0.1500000
    endloop
  endfacet
  facet normal 0.41643 0.909168 0
    outer loop
      vertex 0.1068888 0.2259973 -0.0500000
      vertex 0.1013103 0.2285524 -0.0500000
      vertex 0.1013103 0.2285524 0.1500000
    endloop
  endfacet
  facet normal 0.41643 0.909168 -0
    outer loop
      vertex 0.1068888 0.2259973 -0.0500000
      vertex 0.1013103 0.2285524 0.1500000
      vertex 0.1068888 0.2259973 0.1500000
    endloop
  endfacet
  facet normal 0.393992 0.919114 0
    outer loop
      vertex 0.1013103 0.2285524 -0.0500000
      vertex 0.0956709 0.2309699 -0.0500000
      vertex 0.0956709 0.2309699 0.1500000
    endloop
  endfacet
  facet normal 0.393992 0.919114 -0
    outer loop
      vertex 0.1013103 0.2285524 -0.0500000
      vertex 0.0956709 0.2309699 0.1500000
      vertex 0.1013103 0.2285524 0.1500000
    endloop
  endfacet
  facet normal 0.371317 0.928506 0
    outer loop
      vertex 0.0956709 0.2309699 -0.0500000
      vertex 0.0899738 0.2332482 -0.0500000
      vertex 0.0899738 0.2332482 0.1500000
    endloop
  endfacet
  facet normal 0.371317 0.928506 -0
    outer loop
      vertex 0.0956709 0.2309699 -0.0500000
      vertex 0.0899738 0.2332482 0.1500000
      vertex 0.0956709 0.2309699 0.1500000
    endloop
  endfacet
  facet normal 0.348419 0.937339 0
    outer loop
      vertex 0.0899738 0.2332482 -0.0500000
      vertex 0.0842225 0.2353860 -0.0500000
      vertex 0.0842225 0.2353860 0.1500000
    endloop
  endfacet
  facet normal 0.348419 0.937339 -0
    outer loop
      vertex 0.0899738 0.2332482 -0.0500000
      vertex 0.0842225 0.2353860 0.1500000
      vertex 0.0899738 0.2332482 0.1500000
    endloop
  endfacet
  facet normal 0.32531 0.945607 0
    outer loop
      vertex 0.0842225 0.2353860 -0.0500000
      vertex 0.0784204 0.2373820 -0.0500000
      vertex 0.0784204 0.2373820 0.1500000
    endloop
  endfacet
  facet normal 0.32531 0.945607 -0
    outer loop
      vertex 0.0842225 0.2353860 -0.0500000
      vertex 0.0784204 0.2373820 0.1500000
      vertex 0.0842225 0.2353860 0.1500000
    endloop
  endfacet
  facet normal 0.302006 0.953306 0
    outer loop
      vertex 0.0784204 0.2373820 -0.0500000
      vertex 0.0725712 0.2392351 -0.0500000
      vertex 0.0725712 0.2392351 0.1500000
    endloop
  endfacet
  facet normal 0.302006 0.953306 -0
    outer loop
      vertex 0.0784204 0.2373820 -0.0500000
      vertex 0.0725712 0.2392351 0.1500000
      vertex 0.0784204 0.2373820 0.1500000
    endloop
  endfacet
  facet normal 0.27852 0.960431 0
    outer loop
      vertex 0.0725712 0.2392351 -0.0500000
      vertex 0.0666782 0.2409440 -0.0500000
      vertex 0.0666782 0.2409440 0.1500000
    endloop
  endfacet
  facet normal 0.27852 0.960431 -0
    outer loop
      vertex 0.0725712 0.2392351 -0.0500000
      vertex 0.0666782 0.2409440 0.1500000
      vertex 0.0725712 0.2392351 0.1500000
    endloop
  endfacet
  facet normal 0.254866 0.966976 0
    outer loop
      vertex 0.0666782 0.2409440 -0.0500000
      vertex 0.0607450 0.2425078 -0.0500000
      vertex 0.0607450 0.2425078 0.1500000
    endloop
  endfacet
  facet normal 0.254866 0.966976 -0
    outer loop
      vertex 0.0666782 0.2409440 -0.0500000
      vertex 0.0607450 0.2425078 0.1500000
      vertex 0.0666782 0.2409440 0.1500000
    endloop
  endfacet
  facet normal 0.231058 0.97294 0
    outer loop
      vertex 0.0607450 0.2425078 -0.0500000
      vertex 0.0547753 0.2439255 -0.0500000
      vertex 0.0547753 0.2439255 0.1500000
    endloop
  endfacet
  facet normal 0.231058 0.97294 -0
    outer loop
      vertex 0.0607450 0.2425078 -0.0500000
      vertex 0.0547753 0.2439255 0.1500000
      vertex 0.0607450 0.2425078 0.1500000
    endloop
  endfacet
  facet normal 0.207111 0.978317 0
    outer loop
      vertex 0.0547753 0.2439255 -0.0500000
      vertex 0.0487726 0.2451963 -0.0500000
      vertex 0.0487726 0.2451963 0.1500000
    endloop
  endfacet
  facet normal 0.207111 0.978317 -0
    outer loop
      vertex 0.0547753 0.2439255 -0.0500000
      vertex 0.0487726 0.2451963 0.1500000
      vertex 0.0547753 0.2439255 0.1500000
    endloop
  endfacet
  facet normal 0.18304 0.983105 0
    outer loop
      vertex 0.0487726 0.2451963 -0.0500000
      vertex 0.0427405 0.2463194 -0.0500000
      vertex 0.0427405 0.2463194 0.1500000
    endloop
  endfacet
  facet normal 0.18304 0.983105 -0
    outer loop
      vertex 0.0487726 0.2451963 -0.0500000
      vertex 0.0427405 0.2463194 0.1500000
      vertex 0.0487726 0.2451963 0.1500000
    endloop
  endfacet
  facet normal 0.158858 0.987301 0
    outer loop
      vertex 0.0427405 0.2463194 -0.0500000
      vertex 0.0366826 0.2472941 -0.0500000
      vertex 0.0366826 0.2472941 0.1500000
    endloop
  endfacet
  facet normal 0.158858 0.987301 -0
    outer loop
      vertex 0.0427405 0.2463194 -0.0500000
      vertex 0.0366826 0.2472941 0.1500000
      vertex 0.0427405 0.2463194 0.1500000
    endloop
  endfacet
  facet normal 0.134581 0.990903 0
    outer loop
      vertex 0.0366826 0.2472941 -0.0500000
      vertex 0.0306027 0.2481199 -0.0500000
      vertex 0.0306027 0.2481199 0.1500000
    endloop
  endfacet
  facet normal 0.134581 0.990903 -0
    outer loop
      vertex 0.0366826 0.2472941 -0.0500000
      vertex 0.0306027 0.2481199 0.1500000
      vertex 0.0366826 0.2472941 0.1500000
    endloop
  endfacet
  facet normal 0.110222 0.993907 0
    outer loop
      vertex 0.0306027 0.2481199 -0.0500000
      vertex 0.0245043 0.2487962 -0.0500000
      vertex 0.0245043 0.2487962 0.1500000
    endloop
  endfacet
  facet normal 0.110222 0.993907 -0
    outer loop
      vertex 0.0306027 0.2481199 -0.0500000
      vertex 0.0245043 0.2487962 0.1500000
      vertex 0.0306027 0.2481199 0.1500000
    endloop
  endfacet
  facet normal 0.0857973 0.996313 0
    outer loop
      vertex 0.0245043 0.2487962 -0.0500000
      vertex 0.0183911 0.2493226 -0.0500000
      vertex 0.0183911 0.2493226 0.1500000
    endloop
  endfacet
  facet normal 0.0857973 0.996313 -0
    outer loop
      vertex 0.0245043 0.2487962 -0.0500000
      vertex 0.0183911 0.2493226 0.1500000
      vertex 0.0245043 0.2487962 0.1500000
    endloop
  endfacet
  facet normal 0.0613207 0.998118 0
    outer loop
      vertex 0.0183911 0.2493226 -0.0500000
      vertex 0.0122669 0.2496989 -0.0500000
      vertex 0.0122669 0.2496989 0.1500000
    endloop
  endfacet
  facet normal 0.0613207 0.998118 -0
    outer loop
      vertex 0.0183911 0.2493226 -0.0500000
      vertex 0.0122669 0.2496989 0.1500000
      vertex 0.0183911 0.2493226 0.1500000
    endloop
  endfacet
  facet normal 0.0368072 0.999322 0
    outer loop
      vertex 0.0122669 0.2496989 -0.0500000
      vertex 0.0061353 0.2499247 -0.0500000
      vertex 0.0061353 0.2499247 0.1500000
    endloop
  endfacet
  facet normal 0.0368072 0.999322 -0
    outer loop
      vertex 0.0122669 0.2496989 -0.0500000
      vertex 0.0061353 0.2499247 0.1500000
      vertex 0.0122669 0.2496989 0.1500000
    endloop
  endfacet
  facet normal 0.0122715 0.999925 0
    outer loop
      vertex 0.0061353 0.2499247 -0.0500000
      vertex 0.0000000 0.2500000 -0.0500000
      vertex 0.0000000 0.2500000 0.1500000
    endloop
  endfacet
  facet normal 0.0122715 0.999925 -0
    outer loop
      vertex 0.0061353 0.2499247 -0.0500000
      vertex 0.0000000 0.2500000 0.1500000
      vertex 0.0061353 0.2499247 0.1500000
    endloop
  endfacet
  facet normal -0.0122715 0.999925 0
    outer loop
      vertex 0.0000000 0.2500000 -0.0500000
      vertex -0.0061353 0.2499247 -0.0500000
      vertex -0.0061353 0.2499247 0.1500000
    endloop
  endfacet
  facet normal -0.0122715 0.999925 0
    outer loop
      vertex 0.0000000 0.2500000 -0.0500000
      vertex -0.0061353 0.2499247 0.1500000
      vertex 0.0000000 0.2500000 0.1500000
    endloop
  endfacet
  facet normal -0.0368072 0.999322 0
    outer loop
      vertex -0.0061353 0.2499247 -0.0500000
      vertex -0.0122669 0.2496989 -0.0500000
      vertex -0.0122669 0.2496989 0.1500000
    endloop
  endfacet
  facet normal -0.0368072 0.999322 0
    outer loop
      vertex -0.0061353 0.2499247 -0.0500000
      vertex -0.0122669 0.2496989 0.1500000
      vertex -0.0061353 0.2499247 0.1500000
    endloop
  endfacet
  facet normal -0.0613207 0.998118 0
    outer loop
      vertex -0.0122669 0.2496989 -0.0500000
      vertex -0.0183911 0.2493226 -0.0500000
      vertex -0.0183911 0.2493226 0.1500000
    endloop
  endfacet
  facet normal -0.0613207 0.998118 0
    outer loop
      vertex -0.0122669 0.2496989 -0.0500000
      vertex -0.0183911 0.2493226 0.1500000
      vertex -0.0122669 0.2496989 0.1500000
    endloop
  endfacet
  facet normal -0.0857973 0.996313 0
    outer loop
      vertex -0.0183911 0.2493226 -0.0500000
      vertex -0.0245043 0.2487962 -0.0500000
      vertex -0.0245043 0.2487962 0.1500000
    endloop
  endfacet
  facet normal -0.0857973 0.996313 0
    outer loop
      vertex -0.0183911 0.2493226 -0.0500000
      vertex -0.0245043 0.2487962 0.1500000
      vertex -0.0183911 0.2493226 0.1500000
    endloop
  endfacet
  facet normal -0.110222 0.993907 0
    outer loop
      vertex -0.0245043 0.2487962 -0.0500000
      vertex -0.0306027 0.2481199 -0.0500000
      vertex -0.0306027 0.2481199 0.1500000
    endloop
  endfacet
  facet normal -0.110222 0.993907 0
    outer loop
      vertex -0.0245043 0.2487962 -0.0500000
      vertex -0.0306027 0.2481199 0.1500000
      vertex -0.0245043 0.2487962 0.1500000
    endloop
  endfacet
  facet normal -0.134581 0.990903 0
    outer loop
      vertex -0.0306027 0.2481199 -0.0500000
      vertex -0.0366826 0.2472941 -0.0500000
      vertex -0.0366826 0.2472941 0.1500000
    endloop
  endfacet
  facet normal -0.134581 0.990903 0
    outer loop
      vertex -0.0306027 0.2481199 -0.0500000
      vertex -0.0366826 0.2472941 0.1500000
      vertex -0.0306027 0.2481199 0.1500000
    endloop
  endfacet
  facet normal -0.158858 0.987301 0
    outer loop
      vertex -0.0366826 0.2472941 -0.0500000
      vertex -0.0427405 0.2463194 -0.0500000
      vertex -0.0427405 0.2463194 0.1500000
    endloop
  endfacet
  facet normal -0.158858 0.987301 0
    outer loop
      vertex -0.0366826 0.2472941 -0.0500000
      vertex -0.0427405 0.2463194 0.1500000
      vertex -0.0366826 0.2472941 0.1500000
    endloop
  endfacet
  facet normal -0.18304 0.983105 0
    outer loop
      vertex -0.0427405 0.2463194 -0.0500000
      vertex -0.0487726 0.2451963 -0.0500000
      vertex -0.0487726 0.2451963 0.1500000
    endloop
  endfacet
  facet normal -0.18304 0.983105 0
    outer loop
      vertex -0.0427405 0.2463194 -0.0500000
      vertex -0.0487726 0.2451963 0.1500000
      vertex -0.0427405 0.2463194 0.1500000
    endloop
  endfacet
  facet normal -0.207111 0.978317 0
    outer loop
      vertex -0.0487726 0.2451963 -0.0500000
      vertex -0.0547753 0.2439255 -0.0500000
      vertex -0.0547753 0.2439255 0.1500000
    endloop
  endfacet
  facet normal -0.207111 0.978317 0
    outer loop
      vertex -0.0487726 0.2451963 -0.0500000
      vertex -0.0547753 0.2439255 0.1500000
      vertex -0.0487726 0.2451963 0.1500000
    endloop
  endfacet
  facet normal -0.231058 0.97294 0
    outer loop
      vertex -0.0547753 0.2439255 -0.0500000
      vertex -0.0607450 0.2425078 -0.0500000
      vertex -0.0607450 0.2425078 0.1500000
    endloop
  endfacet
  facet normal -0.231058 0.97294 0
    outer loop
      vertex -0.0547753 0.2439255 -0.0500000
      vertex -0.0607450 0.2425078 0.1500000
      vertex -0.0547753 0.2439255 0.1500000
    endloop
  endfacet
  facet normal -0.254866 0.966976 0
    outer loop
      vertex -0.0607450 0.2425078 -0.0500000
      vertex -0.0666782 0.2409440 -0.0500000
      vertex -0.0666782 0.2409440 0.1500000
    endloop
  endfacet
  facet normal -0.254866 0.966976 0
    outer loop
      vertex -0.0607450 0.2425078 -0.0500000
      vertex -0.0666782 0.2409440 0.1500000
      vertex -0.0607450 0.2425078 0.1500000
    endloop
  endfacet
  facet normal -0.27852 0.960431 0
    outer loop
      vertex -0.0666782 0.2409440 -0.0500000
      vertex -0.0725712 0.2392351 -0.0500000
      vertex -0.0725712 0.2392351 0.1500000
    endloop
  endfacet
  facet normal -0.27852 0.960431 0
    outer loop
      vertex -0.0666782 0.2409440 -0.0500000
      vertex -0.0725712 0.2392351 0.1500000
      vertex -0.0666782 0.2409440 0.1500000
    endloop
  endfacet
  facet normal -0.302006 0.953306 0
    outer loop
      vertex -0.0725712 0.2392351 -0.0500000
      vertex -0.0784204 0.2373820 -0.0500000
      vertex -0.0784204 0.2373820 0.1500000
    endloop
  endfacet
  facet normal -0.302006 0.953306 0
    outer loop
      vertex -0.0725712 0.2392351 -0.0500000
      vertex -0.0784204 0.2373820 0.1500000
      vertex -0.0725712 0.2392351 0.1500000
    endloop
  endfacet
  facet normal -0.32531 0.945607 0
    outer loop
      vertex -0.0784204 0.2373820 -0.0500000
      vertex -0.0842225 0.2353860 -0.0500000
      vertex -0.0842225 0.2353860 0.1500000
    endloop
  endfacet
  facet normal -0.32531 0.945607 0
    outer loop
      vertex -0.0784204 0.2373820 -0.0500000
      vertex -0.0842225 0.2353860 0.1500000
      vertex -0.0784204 0.2373820 0.1500000
    endloop
  endfacet
  facet normal -0.348419 0.937339 0
    outer loop
      vertex -0.0842225 0.2353860 -0.0500000
      vertex -0.0899738 0.2332482 -0.0500000
      vertex -0.0899738 0.2332482 0.1500000
    endloop
  endfacet
  facet normal -0.348419 0.937339 0
    outer loop
      vertex -0.0842225 0.2353860 -0.0500000
      vertex -0.0899738 0.2332482 0.1500000
      vertex -0.0842225 0.2353860 0.1500000
    endloop
  endfacet
  facet normal -0.371317 0.928506 0
    outer loop
      vertex -0.0899738 0.2332482 -0.0500000
      vertex -0.0956709 0.2309699 -0.0500000
      vertex -0.0956709 0.2309699 0.1500000
    endloop
  endfacet
  facet normal -0.371317 0.928506 0
    outer loop
      vertex -0.0899738 0.2332482 -0.0500000
      vertex -0.0956709 0.2309699 0.1500000
      vertex -0.0899738 0.2332482 0.1500000
    endloop
  endfacet
  facet normal -0.393992 0.919114 0
    outer loop
      vertex -0.0956709 0.2309699 -0.0500000
      vertex -0.1013103 0.2285524 -0.0500000
      vertex -0.1013103 0.2285524 0.1500000
    endloop
  endfacet
  facet normal -0.393992 0.919114 0
    outer loop
      vertex -0.0956709 0.2309699 -0.0500000
      vertex -0.1013103 0.2285524 0.1500000
      vertex -0.0956709 0.2309699 0.1500000
    endloop
  endfacet
  facet normal -0.41643 0.909168 0
    outer loop
      vertex -0.1013103 0.2285524 -0.0500000
      vertex -0.1068888 0.2259973 -0.0500000
      vertex -0.1068888 0.2259973 0.1500000
    endloop
  endfacet
  facet normal -0.41643 0.909168 0
    outer loop
      vertex -0.1013103 0.2285524 -0.0500000
      vertex -0.1068888 0.2259973 0.1500000
      vertex -0.1013103 0.2285524 0.1500000
    endloop
  endfacet
  facet normal -0.438616 0.898674 0
    outer loop
      vertex -0.1068888 0.2259973 -0.0500000
      vertex -0.1124028 0.2233061 -0.0500000
      vertex -0.1124028 0.2233061 0.1500000
    endloop
  endfacet
  facet normal -0.438616 0.898674 0
    outer loop
      vertex -0.1068888 0.2259973 -0.0500000
      vertex -0.1124028 0.2233061 0.1500000
      vertex -0.1068888 0.2259973 0.1500000
    endloop
  endfacet
  facet normal -0.460539 0.88764 0
    outer loop
      vertex -0.1124028 0.2233061 -0.0500000
      vertex -0.1178492 0.2204803 -0.0500000
      vertex -0.1178492 0.2204803 0.1500000
    endloop
  endfacet
  facet normal -0.460539 0.88764 0
    outer loop
      vertex -0.1124028 0.2233061 -0.0500000
      vertex -0.1178492 0.2204803 0.1500000
      vertex -0.1124028 0.2233061 0.1500000
    endloop
  endfacet
  facet normal -0.482184 0.87607 0
    outer loop
      vertex -0.1178492 0.2204803 -0.0500000
      vertex -0.1232245 0.2175217 -0.0500000
      vertex -0.1232245 0.2175217 0.1500000
    endloop
  endfacet
  facet normal -0.482184 0.87607 0
    outer loop
      vertex -0.1178492 0.2204803 -0.0500000
      vertex -0.1232245 0.2175217 0.1500000
      vertex -0.1178492 0.2204803 0.1500000
    endloop
  endfacet
  facet normal -0.503538 0.863973 0
    outer loop
      vertex -0.1232245 0.2175217 -0.0500000
      vertex -0.1285257 0.2144322 -0.0500000
      vertex -0.1285257 0.2144322 0.1500000
    endloop
  endfacet
  facet normal -0.503538 0.863973 0
    outer loop
      vertex -0.1232245 0.2175217 -0.0500000
      vertex -0.1285257 0.2144322 0.1500000
      vertex -0.1232245 0.2175217 0.1500000
    endloop
  endfacet
  facet normal -0.52459 0.851355 0
    outer loop
      vertex -0.1285257 0.2144322 -0.0500000
      vertex -0.1337494 0.2112134 -0.0500000
      vertex -0.1337494 0.2112134 0.1500000
    endloop
  endfacet
  facet normal -0.52459 0.851355 0
    outer loop
      vertex -0.1285257 0.2144322 -0.0500000
      vertex -0.1337494 0.2112134 0.1500000
      vertex -0.1285257 0.2144322 0.1500000
    endloop
  endfacet
  facet normal -0.545325 0.838225 0
    outer loop
      vertex -0.1337494 0.2112134 -0.0500000
      vertex -0.1388926 0.2078674 -0.0500000
      vertex -0.1388926 0.2078674 0.1500000
    endloop
  endfacet
  facet normal -0.545325 0.838225 0
    outer loop
      vertex -0.1337494 0.2112134 -0.0500000
      vertex -0.1388926 0.2078674 0.1500000
      vertex -0.1337494 0.2112134 0.1500000
    endloop
  endfacet
  facet normal -0.565732 0.824589 0
    outer loop
      vertex -0.1388926 0.2078674 -0.0500000
      vertex -0.1439520 0.2043962 -0.0500000
      vertex -0.1439520 0.2043962 0.1500000
    endloop
  endfacet
  facet normal -0.565732 0.824589 0
    outer loop
      vertex -0.1388926 0.2078674 -0.0500000
      vertex -0.1439520 0.2043962 0.1500000
      vertex -0.1388926 0.2078674 0.1500000
    endloop
  endfacet
  facet normal -0.585798 0.810457 0
    outer loop
      vertex -0.1439520 0.2043962 -0.0500000
      vertex -0.1489248 0.2008019 -0.0500000
      vertex -0.1489248 0.2008019 0.1500000
    endloop
  endfacet
  facet normal -0.585798 0.810457 0
    outer loop
      vertex -0.1439520 0.2043962 -0.0500000
      vertex -0.1489248 0.2008019 0.1500000
      vertex -0.1439520 0.2043962 0.1500000
    endloop
  endfacet
  facet normal -0.605511 0.795837 0
    outer loop
      vertex -0.1489248 0.2008019 -0.0500000
      vertex -0.1538079 0.1970866 -0.0500000
      vertex -0.1538079 0.1970866 0.1500000
    endloop
  endfacet
  facet normal -0.605511 0.795837 0
    outer loop
      vertex -0.1489248 0.2008019 -0.0500000
      vertex -0.1538079 0.1970866 0.1500000
      vertex -0.1489248 0.2008019 0.1500000
    endloop
  endfacet
  facet normal -0.624859 0.780737 0
    outer loop
      vertex -0.1538079 0.1970866 -0.0500000
      vertex -0.1585983 0.1932526 -0.0500000
      vertex -0.1585983 0.1932526 0.1500000
    endloop
  endfacet
  facet normal -0.624859 0.780737 0
    outer loop
      vertex -0.1538079 0.1970866 -0.0500000
      vertex -0.1585983 0.1932526 0.1500000
      vertex -0.1538079 0.1970866 0.1500000
    endloop
  endfacet
  facet normal -0.643832 0.765167 0
    outer loop
      vertex -0.1585983 0.1932526 -0.0500000
      vertex -0.1632932 0.1893022 -0.0500000
      vertex -0.1632932 0.1893022 0.1500000
    endloop
  endfacet
  facet normal -0.643832 0.765167 0
    outer loop
      vertex -0.1585983 0.1932526 -0.0500000
      vertex -0.1632932 0.1893022 0.1500000
      vertex -0.1585983 0.1932526 0.1500000
    endloop
  endfacet
  facet normal -0.662416 0.749136 0
    outer loop
      vertex -0.1632932 0.1893022 -0.0500000
      vertex -0.1678897 0.1852378 -0.0500000
      vertex -0.1678897 0.1852378 0.1500000
    endloop
  endfacet
  facet normal -0.662416 0.749136 0
    outer loop
      vertex -0.1632932 0.1893022 -0.0500000
      vertex -0.1678897 0.1852378 0.1500000
      vertex -0.1632932 0.1893022 0.1500000
    endloop
  endfacet
  facet normal -0.680601 0.732654 0
    outer loop
      vertex -0.1678897 0.1852378 -0.0500000
      vertex -0.1723851 0.1810618 -0.0500000
      vertex -0.1723851 0.1810618 0.1500000
    endloop
  endfacet
  facet normal -0.680601 0.732654 0
    outer loop
      vertex -0.1678897 0.1852378 -0.0500000
      vertex -0.1723851 0.1810618 0.1500000
      vertex -0.1678897 0.1852378 0.1500000
    endloop
  endfacet
  facet normal -0.698376 0.715731 0
    outer loop
      vertex -0.1723851 0.1810618 -0.0500000
      vertex -0.1767767 0.1767767 -0.0500000
      vertex -0.1767767 0.1767767 0.1500000
    endloop
  endfacet
  facet normal -0.698376 0.715731 0
    outer loop
      vertex -0.1723851 0.1810618 -0.0500000
      vertex -0.1767767 0.1767767 0.1500000
      vertex -0.1723851 0.1810618 0.1500000
    endloop
  endfacet
  facet normal -0.715731 0.698376 0
    outer loop
      vertex -0.1767767 0.1767767 -0.0500000
      vertex -0.1810618 0.1723851 -0.0500000
      vertex -0.1810618 0.1723851 0.1500000
    endloop
  endfacet
  facet normal -0.715731 0.698376 0
    outer loop
      vertex -0.1767767 0.1767767 -0.0500000
      vertex -0.1810618 0.1723851 0.1500000
      vertex -0.1767767 0.1767767 0.1500000
    endloop
  endfacet
  facet normal -0.732654 0.680601 0
    outer loop
      vertex -0.1810618 0.1723851 -0.0500000
      vertex -0.1852378 0.1678897 -0.0500000
      vertex -0.1852378 0.1678897 0.1500000
    endloop
  endfacet
  facet normal -0.732654 0.680601 0
    outer loop
      vertex -0.1810618 0.1723851 -0.0500000
      vertex -0.1852378 0.1678897 0.1500000
      vertex -0.1810618 0.1723851 0.1500000
    endloop
  endfacet
  facet normal -0.749136 0.662416 0
    outer loop
      vertex -0.1852378 0.1678897 -0.0500000
      vertex -0.1893022 0.1632932 -0.0500000
      vertex -0.1893022 0.1632932 0.1500000
    endloop
  endfacet
  facet normal -0.749136 0.662416 0
    outer loop
      vertex -0.1852378 0.1678897 -0.0500000
      vertex -0.1893022 0.1632932 0.1500000
      vertex -0.1852378 0.1678897 0.1500000
    endloop
  endfacet
  facet normal -0.765167 0.643832 0
    outer loop
      vertex -0.1893022 0.1632932 -0.0500000
      vertex -0.1932526 0.1585983 -0.0500000
      vertex -0.1932526 0.1585983 0.1500000
    endloop
  endfacet
  facet normal -0.765167 0.643832 0
    outer loop
      vertex -0.1893022 0.1632932 -0.0500000
      vertex -0.1932526 0.1585983 0.1500000
      vertex -0.1893022 0.1632932 0.1500000
    endloop
  endfacet
  facet normal -0.780737 0.624859 0
    outer loop
      vertex -0.1932526 0.1585983 -0.0500000
      vertex -0.1970866 0.1538079 -0.0500000
      vertex -0.1970866 0.1538079 0.1500000
    endloop
  endfacet
  facet normal -0.780737 0.624859 0
    outer loop
      vertex -0.1932526 0.1585983 -0.0500000
      vertex -0.1970866 0.1538079 0.1500000
      vertex -0.1932526 0.1585983 0.1500000
    endloop
  endfacet
  facet normal -0.795837 0.605511 0
    outer loop
      vertex -0.1970866 0.1538079 -0.0500000
      vertex -0.2008019 0.1489248 -0.0500000
      vertex -0.2008019 0.1489248 0.1500000
    endloop
  endfacet
  facet normal -0.795837 0.605511 0
    outer loop
      vertex -0.1970866 0.1538079 -0.0500000
      vertex -0.2008019 0.1489248 0.1500000
      vertex -0.1970866 0.1538079 0.1500000
    endloop
  endfacet
  facet normal -0.810457 0.585798 0
    outer loop
      vertex -0.2008019 0.1489248 -0.0500000
      vertex -0.2043962 0.1439520 -0.0500000
      vertex -0.2043962 0.1439520 0.1500000
    endloop
  endfacet
  facet normal -0.810457 0.585798 0
    outer loop
      vertex -0.2008019 0.1489248 -0.0500000
      vertex -0.2043962 0.1439520 0.1500000
      vertex -0.2008019 0.1489248 0.1500000
    endloop
  endfacet
  facet normal -0.824589 0.565732 0
    outer loop
      vertex -0.2043962 0.1439520 -0.0500000
      vertex -0.2078674 0.1388926 -0.0500000
      vertex -0.2078674 0.1388926 0.1500000
    endloop
  endfacet
  facet normal -0.824589 0.565732 0
    outer loop
      vertex -0.2043962 0.1439520 -0.0500000
      vertex -0.2078674 0.1388926 0.1500000
      vertex -0.2043962 0.1439520 0.1500000
    endloop
  endfacet
  facet normal -0.838225 0.545325 0
    outer loop
      vertex -0.2078674 0.1388926 -0.0500000
      vertex -0.2112134 0.1337494 -0.0500000
      vertex -0.2112134 0.1337494 0.1500000
    endloop
  endfacet
  facet normal -0.838225 0.545325 0
    outer loop
      vertex -0.2078674 0.1388926 -0.0500000
      vertex -0.2112134 0.1337494 0.1500000
      vertex -0.2078674 0.1388926 0.1500000
    endloop
  endfacet
  facet normal -0.851355 0.52459 0
    outer loop
      vertex -0.2112134 0.1337494 -0.0500000
      vertex -0.2144322 0.1285257 -0.0500000
      vertex -0.2144322 0.1285257 0.1500000
    endloop
  endfacet
  facet normal -0.851355 0.52459 0
    outer loop
      vertex -0.2112134 0.1337494 -0.0500000
      vertex -0.2144322 0.1285257 0.1500000
      vertex -0.2112134 0.1337494 0.1500000
    endloop
  endfacet
  facet normal -0.863973 0.503538 0
    outer loop
      vertex -0.2144322 0.1285257 -0.0500000
      vertex -0.2175217 0.1232245 -0.0500000
      vertex -0.2175217 0.1232245 0.1500000
    endloop
  endfacet
  facet normal -0.863973 0.503538 0
    outer loop
      vertex -0.2144322 0.1285257 -0.0500000
      vertex -0.2175217 0.1232245 0.1500000
      vertex -0.2144322 0.1285257 0.1500000
    endloop
  endfacet
  facet normal -0.87607 0.482184 0
    outer loop
      vertex -0.2175217 0.1232245 -0.0500000
      vertex -0.2204803 0.1178492 -0.0500000
      vertex -0.2204803 0.1178492 0.1500000
    endloop
  endfacet
  facet normal -0.87607 0.482184 0
    outer loop
      vertex -0.2175217 0.1232245 -0.0500000
      vertex -0.2204803 0.1178492 0.1500000
      vertex -0.2175217 0.1232245 0.1500000
    endloop
  endfacet
  facet normal -0.88764 0.460539 0
    outer loop
      vertex -0.2204803 0.1178492 -0.0500000
      vertex -0.2233061 0.1124028 -0.0500000
      vertex -0.2233061 0.1124028 0.1500000
    endloop
  endfacet
  facet normal -0.88764 0.460539 0
    outer loop
      vertex -0.2204803 0.1178492 -0.0500000
      vertex -0.2233061 0.1124028 0.1500000
      vertex -0.2204803 0.1178492 0.1500000
    endloop
  endfacet
  facet normal -0.898674 0.438616 0
    outer loop
      vertex -0.2233061 0.1124028 -0.0500000
      vertex -0.2259973 0.1068888 -0.0500000
      vertex -0.2259973 0.1068888 0.1500000
    endloop
  endfacet
  facet normal -0.898674 0.438616 0
    outer loop
      vertex -0.2233061 0.1124028 -0.0500000
      vertex -0.2259973 0.1068888 0.1500000
      vertex -0.2233061 0.1124028 0.1500000
    endloop
  endfacet
  facet normal -0.909168 0.41643 0
    outer loop
      vertex -0.2259973 0.1068888 -0.0500000
      vertex -0.2285524 0.1013103 -0.0500000
      vertex -0.2285524 0.1013103 0.1500000
    endloop
  endfacet
  facet normal -0.909168 0.41643 0
    outer loop
      vertex -0.2259973 0.1068888 -0.0500000
      vertex -0.2285524 0.1013103 0.1500000
      vertex -0.2259973 0.1068888 0.1500000
    endloop
  endfacet
  facet normal -0.919114 0.393992 0
    outer loop
      vertex -0.2285524 0.1013103 -0.0500000
      vertex -0.2309699 0.0956709 -0.0500000
      vertex -0.2309699 0.0956709 0.1500000
    endloop
  endfacet
  facet normal -0.919114 0.393992 0
    outer loop
      vertex -0.2285524 0.1013103 -0.0500000
      vertex -0.2309699 0.0956709 0.1500000
      vertex -0.2285524 0.1013103 0.1500000
    endloop
  endfacet
  facet normal -0.928506 0.371317 0
    outer loop
      vertex -0.2309699 0.0956709 -0.0500000
      vertex -0.2332482 0.0899738 -0.0500000
      vertex -0.2332482 0.0899738 0.1500000
    endloop
  endfacet
  facet normal -0.928506 0.371317 0
    outer loop
      vertex -0.2309699 0.0956709 -0.0500000
      vertex -0.2332482 0.0899738 0.1500000
      vertex -0.2309699 0.0956709 0.1500000
    endloop
  endfacet
  facet normal -0.937339 0.348419 0
    outer loop
      vertex -0.2332482 0.0899738 -0.0500000
      vertex -0.2353860 0.0842225 -0.0500000
      vertex -0.2353860 0.0842225 0.1500000
    endloop
  endfacet
  facet normal -0.937339 0.348419 0
    outer loop
      vertex -0.2332482 0.0899738 -0.0500000
      vertex -0.2353860 0.0842225 0.1500000
      vertex -0.2332482 0.0899738 0.1500000
    endloop
  endfacet
  facet normal -0.945607 0.32531 0
    outer loop
      vertex -0.2353860 0.0842225 -0.0500000
      vertex -0.2373820 0.0784204 -0.0500000
      vertex -0.2373820 0.0784204 0.1500000
    endloop
  endfacet
  facet normal -0.945607 0.32531 0
    outer loop
      vertex -0.2353860 0.0842225 -0.0500000
      vertex -0.2373820 0.0784204 0.1500000
      vertex -0.2353860 0.0842225 0.1500000
    endloop
  endfacet
  facet normal -0.953306 0.302006 0
    outer loop
      vertex -0.2373820 0.0784204 -0.0500000
      vertex -0.2392351 0.0725712 -0.0500000
      vertex -0.2392351 0.0725712 0.1500000
    endloop
  endfacet
  facet normal -0.953306 0.302006 0
    outer loop
      vertex -0.2373820 0.0784204 -0.0500000
      vertex -0.2392351 0.0725712 0.1500000
      vertex -0.2373820 0.0784204 0.1500000
    endloop
  endfacet
  facet normal -0.960431 0.27852 0
    outer loop
      vertex -0.2392351 0.0725712 -0.0500000
      vertex -0.2409440 0.0666782 -0.0500000
      vertex -0.2409440 0.0666782 0.1500000
    endloop
  endfacet
  facet normal -0.960431 0.27852 0
    outer loop
      vertex -0.2392351 0.0725712 -0.0500000
      vertex -0.2409440 0.0666782 0.1500000
      vertex -0.2392351 0.0725712 0.1500000
    endloop
  endfacet
  facet normal -0.966976 0.254866 0
    outer loop
      vertex -0.2409440 0.0666782 -0.0500000
      vertex -0.2425078 0.0607450 -0.0500000
      vertex -0.2425078 0.0607450 0.1500000
    endloop
  endfacet
  facet normal -0.966976 0.254866 0
    outer loop
      vertex -0.2409440 0.0666782 -0.0500000
      vertex -0.2425078 0.0607450 0.1500000
      vertex -0.2409440 0.0666782 0.1500000
    endloop
  endfacet
  facet normal -0.97294 0.231058 0
    outer loop
      vertex -0.2425078 0.0607450 -0.0500000
      vertex -0.2439255 0.0547753 -0.0500000
      vertex -0.2439255 0.0547753 0.1500000
    endloop
  endfacet
  facet normal -0.97294 0.231058 0
    outer loop
      vertex -0.2425078 0.0607450 -0.0500000
      vertex -0.2439255 0.0547753 0.1500000
      vertex -0.2425078 0.0607450 0.1500000
    endloop
  endfacet
  facet normal -0.978317 0.207111 0
    outer loop
      vertex -0.2439255 0.0547753 -0.0500000
      vertex -0.2451963 0.0487726 -0.0500000
      vertex -0.2451963 0.0487726 0.1500000
    endloop
  endfacet
  facet normal -0.978317 0.207111 0
    outer loop
      vertex -0.2439255 0.0547753 -0.0500000
      vertex -0.2451963 0.0487726 0.1500000
      vertex -0.2439255 0.0547753 0.1500000
    endloop
  endfacet
  facet normal -0.983105 0.18304 0
    outer loop
      vertex -0.2451963 0.0487726 -0.0500000
      vertex -0.2463194 0.0427405 -0.0500000
      vertex -0.2463194 0.0427405 0.1500000
    endloop
  endfacet
  facet normal -0.983105 0.18304 0
    outer loop
      vertex -0.2451963 0.0487726 -0.0500000
      vertex -0.2463194 0.0427405 0.1500000
      vertex -0.2451963 0.0487726 0.1500000
    endloop
  endfacet
  facet normal -0.987301 0.158858 0
    outer loop
      vertex -0.2463194 0.0427405 -0.0500000
      vertex -0.2472941 0.0366826 -0.0500000
      vertex -0.2472941 0.0366826 0.1500000
    endloop
  endfacet
  facet normal -0.987301 0.158858 0
    outer loop
      vertex -0.2463194 0.0427405 -0.0500000
      vertex -0.2472941 0.0366826 0.1500000
      vertex -0.2463194 0.0427405 0.1500000
    endloop
  endfacet
  facet normal -0.990903 0.134581 0
    outer loop
      vertex -0.2472941 0.0366826 -0.0500000
      vertex -0.2481199 0.0306027 -0.0500000
      vertex -0.2481199 0.0306027 0.1500000
    endloop
  endfacet
  facet normal -0.990903 0.134581 0
    outer loop
      vertex -0.2472941 0.0366826 -0.0500000
      vertex -0.2481199 0.0306027 0.1500000
      vertex -0.2472941 0.0366826 0.1500000
    endloop
  endfacet
  facet normal -0.993907 0.110222 0
    outer loop
      vertex -0.2481199 0.0306027 -0.0500000
      vertex -0.2487962 0.0245043 -0.0500000
      vertex -0.2487962 0.0245043 0.1500000
    endloop
  endfacet
  facet normal -0.993907 0.110222 0
    outer loop
      vertex -0.2481199 0.0306027 -0.0500000
      vertex -0.2487962 0.0245043 0.1500000
      vertex -0.2481199 0.0306027 0.1500000
    endloop
  endfacet
  facet normal -0.996313 0.0857973 0
    outer loop
      vertex -0.2487962 0.0245043 -0.0500000
      vertex -0.2493226 0.0183911 -0.0500000
      vertex -0.2493226 0.0183911 0.1500000
    endloop
  endfacet
  facet normal -0.996313 0.0857973 0
    outer loop
      vertex -0.2487962 0.0245043 -0.0500000
      vertex -0.2493226 0.0183911 0.1500000
      vertex -0.2487962 0.0245043 0.1500000
    endloop
  endfacet
  facet normal -0.998118 0.0613207 0
    outer loop
      vertex -0.2493226 0.0183911 -0.0500000
      vertex -0.2496989 0.0122669 -0.0500000
      vertex -0.2496989 0.0122669 0.1500000
    endloop
  endfacet
  facet normal -0.998118 0.0613207 0
    outer loop
      vertex -0.2493226 0.0183911 -0.0500000
      vertex -0.2496989 0.0122669 0.1500000
      vertex -0.2493226 0.0183911 0.1500000
    endloop
  endfacet
  facet normal -0.999322 0.0368072 0
    outer loop
      vertex -0.2496989 0.0122669 -0.0500000
      vertex -0.2499247 0.0061353 -0.0500000
      vertex -0.2499247 0.0061353 0.1500000
    endloop
  endfacet
  facet normal -0.999322 0.0368072 0
    outer loop
      vertex -0.2496989 0.0122669 -0.0500000
      vertex -0.2499247 0.0061353 0.1500000
      vertex -0.2496989 0.0122669 0.1500000
    endloop
  endfacet
  facet normal -0.999925 0.0122715 0
    outer loop
      vertex -0.2499247 0.0061353 -0.0500000
      vertex -0.2500000 0.0000000 -0.0500000
      vertex -0.2500000 0.0000000 0.1500000
    endloop
  endfacet
  facet normal -0.999925 0.0122715 0
    outer loop
      vertex -0.2499247 0.0061353 -0.0500000
      vertex -0.2500000 0.0000000 0.1500000
      vertex -0.2499247 0.0061353 0.1500000
    endloop
  endfacet
  facet normal -0.999925 -0.0122715 0
    outer loop
      vertex -0.2500000 0.0000000 -0.0500000
      vertex -0.2499247 -0.0061353 -0.0500000
      vertex -0.2499247 -0.0061353 0.1500000
    endloop
  endfacet
  facet normal -0.999925 -0.0122715 0
    outer loop
      vertex -0.2500000 0.0000000 -0.0500000
      vertex -0.2499247 -0.0061353 0.1500000
      vertex -0.2500000 0.0000000 0.1500000
    endloop
  endfacet
  facet normal -0.999322 -0.0368072 0
    outer loop
      vertex -0.2499247 -0.0061353 -0.0500000
      vertex -0.2496989 -0.0122669 -0.0500000
      vertex -0.2496989 -0.0122669 0.1500000
    endloop
  endfacet
  facet normal -0.999322 -0.0368072 0
    outer loop
      vertex -0.2499247 -0.0061353 -0.0500000
      vertex -0.2496989 -0.0122669 0.1500000
      vertex -0.2499247 -0.0061353 0.1500000
    endloop
  endfacet
  facet normal -0.998118 -0.0613207 0
    outer loop
      vertex -0.2496989 -0.0122669 -0.0500000
      vertex -0.2493226 -0.0183911 -0.0500000
      vertex -0.2493226 -0.0183911 0.1500000
    endloop
  endfacet
  facet normal -0.998118 -0.0613207 0
    outer loop
      vertex -0.2496989 -0.0122669 -0.0500000
      vertex -0.2493226 -0.0183911 0.1500000
      vertex -0.2496989 -0.0122669 0.1500000
    endloop
  endfacet
  facet normal -0.996313 -0.0857973 0
    outer loop
      vertex -0.2493226 -0.0183911 -0.0500000
      vertex -0.2487962 -0.0245043 -0.0500000
      vertex -0.2487962 -0.0245043 0.1500000
    endloop
  endfacet
  facet normal -0.996313 -0.0857973 0
    outer loop
      vertex -0.2493226 -0.0183911 -0.0500000
      vertex -0.2487962 -0.0245043 0.1500000
      vertex -0.2493226 -0.0183911 0.1500000
    endloop
  endfacet
  facet normal -0.993907 -0.110222 0
    outer loop
      vertex -0.2487962 -0.0245043 -0.0500000
      vertex -0.2481199 -0.0306027 -0.0500000
      vertex -0.2481199 -0.0306027 0.1500000
    endloop
  endfacet
  facet normal -0.993907 -0.110222 0
    outer loop
      vertex -0.2487962 -0.0245043 -0.0500000
      vertex -0.2481199 -0.0306027 0.1500000
      vertex -0.2487962 -0.0245043 0.1500000
    endloop
  endfacet
  facet normal -0.990903 -0.134581 0
    outer loop
      vertex -0.2481199 -0.0306027 -0.0500000
      vertex -0.2472941 -0.0366826 -0.0500000
      vertex -0.2472941 -0.0366826 0.1500000
    endloop
  endfacet
  facet normal -0.990903 -0.134581 0
    outer loop
      vertex -0.2481199 -0.0306027 -0.0500000
      vertex -0.2472941 -0.0366826 0.1500000
      vertex -0.2481199 -0.0306027 0.1500000
    endloop
  endfacet
  facet normal -0.987301 -0.158858 0
    outer loop
      vertex -0.2472941 -0.0366826 -0.0500000
      vertex -0.2463194 -0.0427405 -0.0500000
      vertex -0.2463194 -0.0427405 0.1500000
    endloop
  endfacet
  facet normal -0.987301 -0.158858 0
    outer loop
      vertex -0.2472941 -0.0366826 -0.0500000
      vertex -0.2463194 -0.0427405 0.1500000
      vertex -0.2472941 -0.0366826 0.1500000
    endloop
  endfacet
  facet normal -0.983105 -0.18304 0
    outer loop
      vertex -0.2463194 -0.0427405 -0.0500000
      vertex -0.2451963 -0.0487726 -0.0500000
      vertex -0.2451963 -0.0487726 0.1500000
    endloop
  endfacet
  facet normal -0.983105 -0.18304 0
    outer loop
      vertex -0.2463194 -0.0427405 -0.0500000
      vertex -0.2451963 -0.0487726 0.1500000
      vertex -0.2463194 -0.0427405 0.1500000
    endloop
  endfacet
  facet normal -0.978317 -0.207111 0
    outer loop
      vertex -0.2451963 -0.0487726 -0.0500000
      vertex -0.2439255 -0.0547753 -0.0500000
      vertex -0.2439255 -0.0547753 0.1500000
    endloop
  endfacet
  facet normal -0.978317 -0.207111 0
    outer loop
      vertex -0.2451963 -0.0487726 -0.0500000
      vertex -0.2439255 -0.0547753 0.1500000
      vertex -0.2451963 -0.0487726 0.1500000
    endloop
  endfacet
  facet normal -0.97294 -0.231058 0
    outer loop
      vertex -0.2439255 -0.0547753 -0.0500000
      vertex -0.2425078 -0.0607450 -0.0500000
      vertex -0.2425078 -0.0607450 0.1500000
    endloop
  endfacet
  facet normal -0.97294 -0.231058 0
    outer loop
      vertex -0.2439255 -0.0547753 -0.0500000
      vertex -0.2425078 -0.0607450 0.1500000
      vertex -0.2439255 -0.0547753 0.1500000
    endloop
  endfacet
  facet normal -0.966976 -0.254866 0
    outer loop
      vertex -0.2425078 -0.0607450 -0.0500000
      vertex -0.2409440 -0.0666782 -0.0500000
      vertex -0.2409440 -0.0666782 0.1500000
    endloop
  endfacet
  facet normal -0.966976 -0.254866 0
    outer loop
      vertex -0.2425078 -0.0607450 -0.0500000
      vertex -0.2409440 -0.0666782 0.1500000
      vertex -0.2425078 -0.0607450 0.1500000
    endloop
  endfacet
  facet normal -0.960431 -0.27852 0
    outer loop
      vertex -0.2409440 -0.0666782 -0.0500000
      vertex -0.2392351 -0.0725712 -0.0500000
      vertex -0.2392351 -0.0725712 0.1500000
    endloop
  endfacet
  facet normal -0.960431 -0.27852 0
    outer loop
      vertex -0.2409440 -0.0666782 -0.0500000
      vertex -0.2392351 -0.0725712 0.1500000
      vertex -0.2409440 -0.0666782 0.1500000
    endloop
  endfacet
  facet normal -0.953306 -0.302006 0
    outer loop
      vertex -0.2392351 -0.0725712 -0.0500000
      vertex -0.2373820 -0.0784204 -0.0500000
      vertex -0.2373820 -0.0784204 0.1500000
    endloop
  endfacet
  facet normal -0.953306 -0.302006 0
    outer loop
      vertex -0.2392351 -0.0725712 -0.0500000
      vertex -0.2373820 -0.0784204 0.1500000
      vertex -0.2392351 -0.0725712 0.1500000
    endloop
  endfacet
  facet normal -0.945607 -0.32531 0
    outer loop
      vertex -0.2373820 -0.0784204 -0.0500000
      vertex -0.2353860 -0.0842225 -0.0500000
      vertex -0.2353860 -0.0842225 0.1500000
    endloop
  endfacet
  facet normal -0.945607 -0.32531 0
    outer loop
      vertex -0.2373820 -0.0784204 -0.0500000
      vertex -0.2353860 -0.0842225 0.1500000
      vertex -0.2373820 -0.0784204 0.1500000
    endloop
  endfacet
  facet normal -0.937339 -0.348419 0
    outer loop
      vertex -0.2353860 -0.0842225 -0.0500000
      vertex -0.2332482 -0.0899738 -0.0500000
      vertex -0.2332482 -0.0899738 0.1500000
    endloop
  endfacet
  facet normal -0.937339 -0.348419 0
    outer loop
      vertex -0.2353860 -0.0842225 -0.0500000
      vertex -0.2332482 -0.0899738 0.1500000
      vertex -0.2353860 -0.0842225 0.1500000
    endloop
  endfacet
  facet normal -0.928506 -0.371317 0
    outer loop
      vertex -0.2332482 -0.0899738 -0.0500000
      vertex -0.2309699 -0.0956709 -0.0500000
      vertex -0.2309699 -0.0956709 0.1500000
    endloop
  endfacet
  facet normal -0.928506 -0.371317 0
    outer loop
      vertex -0.2332482 -0.0899738 -0.0500000
      vertex -0.2309699 -0.0956709 0.1500000
      vertex -0.2332482 -0.0899738 0.1500000
    endloop
  endfacet
  facet normal -0.919114 -0.393992 0
    outer loop
      vertex -0.2309699 -0.0956709 -0.0500000
      vertex -0.2285524 -0.1013103 -0.0500000
      vertex -0.2285524 -0.1013103 0.1500000
    endloop
  endfacet
  facet normal -0.919114 -0.393992 0
    outer loop
      vertex -0.2309699 -0.0956709 -0.0500000
      vertex -0.2285524 -0.1013103 0.1500000
      vertex -0.2309699 -0.0956709 0.1500000
    endloop
  endfacet
  facet normal -0.909168 -0.41643 0
    outer loop
      vertex -0.2285524 -0.1013103 -0.0500000
      vertex -0.2259973 -0.1068888 -0.0500000
      vertex -0.2259973 -0.1068888 0.1500000
    endloop
  endfacet
  facet normal -0.909168 -0.41643 0
    outer loop
      vertex -0.2285524 -0.1013103 -0.0500000
      vertex -0.2259973 -0.1068888 0.1500000
      vertex -0.2285524 -0.1013103 0.1500000
    endloop
  endfacet
  facet normal -0.898674 -0.438616 0
    outer loop
      vertex -0.2259973 -0.1068888 -0.0500000
      vertex -0.2233061 -0.1124028 -0.0500000
      vertex -0.2233061 -0.1124028 0.1500000
    endloop
  endfacet
  facet normal -0.898674 -0.438616 0
    outer loop
      vertex -0.2259973 -0.1068888 -0.0500000
      vertex -0.2233061 -0.1124028 0.1500000
      vertex -0.2259973 -0.1068888 0.1500000
    endloop
  endfacet
  facet normal -0.88764 -0.460539 0
    outer loop
      vertex -0.2233061 -0.1124028 -0.0500000
      vertex -0.2204803 -0.1178492 -0.0500000
      vertex -0.2204803 -0.1178492 0.1500000
    endloop
  endfacet
  facet normal -0.88764 -0.460539 0
    outer loop
      vertex -0.2233061 -0.1124028 -0.0500000
      vertex -0.2204803 -0.1178492 0.1500000
      vertex -0.2233061 -0.1124028 0.1500000
    endloop
  endfacet
  facet normal -0.87607 -0.482184 0
    outer loop
      vertex -0.2204803 -0.1178492 -0.0500000
      vertex -0.2175217 -0.1232245 -0.0500000
      vertex -0.2175217 -0.1232245 0.1500000
    endloop
  endfacet
  facet normal -0.87607 -0.482184 0
    outer loop
      vertex -0.2204803 -0.1178492 -0.0500000
      vertex -0.2175217 -0.1232245 0.1500000
      vertex -0.2204803 -0.1178492 0.1500000
    endloop
  endfacet
  facet normal -0.863973 -0.503538 0
    outer loop
      vertex -0.2175217 -0.1232245 -0.0500000
      vertex -0.2144322 -0.1285257 -0.0500000
      vertex -0.2144322 -0.1285257 0.1500000
    endloop
  endfacet
  facet normal -0.863973 -0.503538 0
    outer loop
      vertex -0.2175217 -0.1232245 -0.0500000
      vertex -0.2144322 -0.1285257 0.1500000
      vertex -0.2175217 -0.1232245 0.1500000
    endloop
  endfacet
  facet normal -0.851355 -0.52459 0
    outer loop
      vertex -0.2144322 -0.1285257 -0.0500000
      vertex -0.2112134 -0.1337494 -0.0500000
      vertex -0.2112134 -0.1337494 0.1500000
    endloop
  endfacet
  facet normal -0.851355 -0.52459 0
    outer loop
      vertex -0.2144322 -0.1285257 -0.0500000
      vertex -0.2112134 -0.1337494 0.1500000
      vertex -0.2144322 -0.1285257 0.1500000
    endloop
  endfacet
  facet normal -0.838225 -0.545325 0
    outer loop
      vertex -0.2112134 -0.1337494 -0.0500000
      vertex -0.2078674 -0.1388926 -0.0500000
      vertex -0.2078674 -0.1388926 0.1500000
    endloop
  endfacet
  facet normal -0.838225 -0.545325 0
    outer loop
      vertex -0.2112134 -0.1337494 -0.0500000
      vertex -0.2078674 -0.1388926 0.1500000
      vertex -0.2112134 -0.1337494 0.1500000
    endloop
  endfacet
  facet normal -0.824589 -0.565732 0
    outer loop
      vertex -0.2078674 -0.1388926 -0.0500000
      vertex -0.2043962 -0.1439520 -0.0500000
      vertex -0.2043962 -0.1439520 0.1500000
    endloop
  endfacet
  facet normal -0.824589 -0.565732 0
    outer loop
      vertex -0.2078674 -0.1388926 -0.0500000
      vertex -0.2043962 -0.1439520 0.1500000
      vertex -0.2078674 -0.1388926 0.1500000
    endloop
  endfacet
  facet normal -0.810457 -0.585798 0
    outer loop
      vertex -0.2043962 -0.1439520 -0.0500000
      vertex -0.2008019 -0.1489248 -0.0500000
      vertex -0.2008019 -0.1489248 0.1500000
    endloop
  endfacet
  facet normal -0.810457 -0.585798 0
    outer loop
      vertex -0.2043962 -0.1439520 -0.0500000
      vertex -0.2008019 -0.1489248 0.1500000
      vertex -0.2043962 -0.1439520 0.1500000
    endloop
  endfacet
  facet normal -0.795837 -0.605511 0
    outer loop
      vertex -0.2008019 -0.1489248 -0.0500000
      vertex -0.1970866 -0.1538079 -0.0500000
      vertex -0.1970866 -0.1538079 0.1500000
    endloop
  endfacet
  facet normal -0.795837 -0.605511 0
    outer loop
      vertex -0.2008019 -0.1489248 -0.0500000
      vertex -0.1970866 -0.1538079 0.1500000
      vertex -0.2008019 -0.1489248 0.1500000
    endloop
  endfacet
  facet normal -0.780737 -0.624859 0
    outer loop
      vertex -0.1970866 -0.1538079 -0.0500000
      vertex -0.1932526 -0.1585983 -0.0500000
      vertex -0.1932526 -0.1585983 0.1500000
    endloop
  endfacet
  facet normal -0.780737 -0.624859 0
    outer loop
      vertex -0.1970866 -0.1538079 -0.0500000
      vertex -0.1932526 -0.1585983 0.1500000
      vertex -0.1970866 -0.1538079 0.1500000
    endloop
  endfacet
  facet normal -0.765167 -0.643832 0
    outer loop
      vertex -0.1932526 -0.1585983 -0.0500000
      vertex -0.1893022 -0.1632932 -0.0500000
      vertex -0.1893022 -0.1632932 0.1500000
    endloop
  endfacet
  facet normal -0.765167 -0.643832 0
    outer loop
      vertex -0.1932526 -0.1585983 -0.0500000
      vertex -0.1893022 -0.1632932 0.1500000
      vertex -0.1932526 -0.1585983 0.1500000
    endloop
  endfacet
  facet normal -0.749136 -0.662416 0
    outer loop
      vertex -0.1893022 -0.1632932 -0.0500000
      vertex -0.1852378 -0.1678897 -0.0500000
      vertex -0.1852378 -0.1678897 0.1500000
    endloop
  endfacet
  facet normal -0.749136 -0.662416 0
    outer loop
      vertex -0.1893022 -0.1632932 -0.0500000
      vertex -0.1852378 -0.1678897 0.1500000
      vertex -0.1893022 -0.1632932 0.1500000
    endloop
  endfacet
  facet normal -0.732654 -0.680601 0
    outer loop
      vertex -0.1852378 -0.1678897 -0.0500000
      vertex -0.1810618 -0.1723851 -0.0500000
      vertex -0.1810618 -0.1723851 0.1500000
    endloop
  endfacet
  facet normal -0.732654 -0.680601 0
    outer loop
      vertex -0.1852378 -0.1678897 -0.0500000
      vertex -0.1810618 -0.1723851 0.1500000
      vertex -0.1852378 -0.1678897 0.1500000
    endloop
  endfacet
  facet normal -0.715731 -0.698376 0
    outer loop
      vertex -0.1810618 -0.1723851 -0.0500000
      vertex -0.1767767 -0.1767767 -0.0500000
      vertex -0.1767767 -0.1767767 0.1500000
    endloop
  endfacet
  facet normal -0.715731 -0.698376 0
    outer loop
      vertex -0.1810618 -0.1723851 -0.0500000
      vertex -0.1767767 -0.1767767 0.1500000
      vertex -0.1810618 -0.1723851 0.1500000
    endloop
  endfacet
  facet normal -0.698376 -0.715731 0
    outer loop
      vertex -0.1767767 -0.1767767 -0.0500000
      vertex -0.1723851 -0.1810618 -0.0500000
      vertex -0.1723851 -0.1810618 0.1500000
    endloop
  endfacet
  facet normal -0.698376 -0.715731 0
    outer loop
      vertex -0.1767767 -0.1767767 -0.0500000
      vertex -0.1723851 -0.1810618 0.1500000
      vertex -0.1767767 -0.1767767 0.1500000
    endloop
  endfacet
  facet normal -0.680601 -0.732654 0
    outer loop
      vertex -0.1723851 -0.1810618 -0.0500000
      vertex -0.1678897 -0.1852378 -0.0500000
      vertex -0.1678897 -0.1852378 0.1500000
    endloop
  endfacet
  facet normal -0.680601 -0.732654 0
    outer loop
      vertex -0.1723851 -0.1810618 -0.0500000
      vertex -0.1678897 -0.1852378 0.1500000
      vertex -0.1723851 -0.1810618 0.1500000
    endloop
  endfacet
  facet normal -0.662416 -0.749136 0
    outer loop
      vertex -0.1678897 -0.1852378 -0.0500000
      vertex -0.1632932 -0.1893022 -0.0500000
      vertex -0.1632932 -0.1893022 0.1500000
    endloop
  endfacet
  facet normal -0.662416 -0.749136 0
    outer loop
      vertex -0.1678897 -0.1852378 -0.0500000
      vertex -0.1632932 -0.1893022 0.1500000
      vertex -0.1678897 -0.1852378 0.1500000
    endloop
  endfacet
  facet normal -0.643832 -0.765167 0
    outer loop
      vertex -0.1632932 -0.1893022 -0.0500000
      vertex -0.1585983 -0.1932526 -0.0500000
      vertex -0.1585983 -0.1932526 0.1500000
    endloop
  endfacet
  facet normal -0.643832 -0.765167 0
    outer loop
      vertex -0.1632932 -0.1893022 -0.0500000
      vertex -0.1585983 -0.1932526 0.1500000
      vertex -0.1632932 -0.1893022 0.1500000
    endloop
  endfacet
  facet normal -0.624859 -0.780737 0
    outer loop
      vertex -0.1585983 -0.1932526 -0.0500000
      vertex -0.1538079 -0.1970866 -0.0500000
      vertex -0.1538079 -0.1970866 0.1500000
    endloop
  endfacet
  facet normal -0.624859 -0.780737 0
    outer loop
      vertex -0.1585983 -0.1932526 -0.0500000
      vertex -0.1538079 -0.1970866 0.1500000
      vertex -0.1585983 -0.1932526 0.1500000
    endloop
  endfacet
  facet normal -0.605511 -0.795837 0
    outer loop
      vertex -0.1538079 -0.1970866 -0.0500000
      vertex -0.1489248 -0.2008019 -0.0500000
      vertex -0.1489248 -0.2008019 0.1500000
    endloop
  endfacet
  facet normal -0.605511 -0.795837 0
    outer loop
      vertex -0.1538079 -0.1970866 -0.0500000
      vertex -0.1489248 -0.2008019 0.1500000
      vertex -0.1538079 -0.1970866 0.1500000
    endloop
  endfacet
  facet normal -0.585798 -0.810457 0
    outer loop
      vertex -0.1489248 -0.2008019 -0.0500000
      vertex -0.1439520 -0.2043962 -0.0500000
      vertex -0.1439520 -0.2043962 0.1500000
    endloop
  endfacet
  facet normal -0.585798 -0.810457 0
    outer loop
      vertex -0.1489248 -0.2008019 -0.0500000
      vertex -0.1439520 -0.2043962 0.1500000
      vertex -0.1489248 -0.2008019 0.1500000
    endloop
  endfacet
  facet normal -0.565732 -0.824589 0
    outer loop
      vertex -0.1439520 -0.2043962 -0.0500000
      vertex -0.1388926 -0.2078674 -0.0500000
      vertex -0.1388926 -0.2078674 0.1500000
    endloop
  endfacet
  facet normal -0.565732 -0.824589 0
    outer loop
      vertex -0.1439520 -0.2043962 -0.0500000
      vertex -0.1388926 -0.2078674 0.1500000
      vertex -0.1439520 -0.2043962 0.1500000
    endloop
  endfacet
  facet normal -0.545325 -0.838225 0
    outer loop
      vertex -0.1388926 -0.2078674 -0.0500000
      vertex -0.1337494 -0.2112134 -0.0500000
      vertex -0.1337494 -0.2112134 0.1500000
    endloop
  endfacet
  facet normal -0.545325 -0.838225 0
    outer loop
      vertex -0.1388926 -0.2078674 -0.0500000
      vertex -0.1337494 -0.2112134 0.1500000
      vertex -0.1388926 -0.2078674 0.1500000
    endloop
  endfacet
  facet normal -0.52459 -0.851355 0
    outer loop
      vertex -0.1337494 -0.2112134 -0.0500000
      vertex -0.1285257 -0.2144322 -0.0500000
      vertex -0.1285257 -0.2144322 0.1500000
    endloop
  endfacet
  facet normal -0.52459 -0.851355 0
    outer loop
      vertex -0.1337494 -0.2112134 -0.0500000
      vertex -0.1285257 -0.2144322 0.1500000
      vertex -0.1337494 -0.2112134 0.1500000
    endloop
  endfacet
  facet normal -0.503538 -0.863973 0
    outer loop
      vertex -0.1285257 -0.2144322 -0.0500000
      vertex -0.1232245 -0.2175217 -0.0500000
      vertex -0.1232245 -0.2175217 0.1500000
    endloop
  endfacet
  facet normal -0.503538 -0.863973 0
    outer loop
      vertex -0.1285257 -0.2144322 -0.0500000
      vertex -0.1232245 -0.2175217 0.1500000
      vertex -0.1285257 -0.2144322 0.1500000
    endloop
  endfacet
  facet normal -0.482184 -0.87607 0
    outer loop
      vertex -0.1232245 -0.2175217 -0.0500000
      vertex -0.1178492 -0.2204803 -0.0500000
      vertex -0.1178492 -0.2204803 0.1500000
    endloop
  endfacet
  facet normal -0.482184 -0.87607 0
    outer loop
      vertex -0.1232245 -0.2175217 -0.0500000
      vertex -0.1178492 -0.2204803 0.1500000
      vertex -0.1232245 -0.2175217 0.1500000
    endloop
  endfacet
  facet normal -0.460539 -0.88764 0
    outer loop
      vertex -0.1178492 -0.2204803 -0.0500000
      vertex -0.1124028 -0.2233061 -0.0500000
      vertex -0.1124028 -0.2233061 0.1500000
    endloop
  endfacet
  facet normal -0.460539 -0.88764 0
    outer loop
      vertex -0.1178492 -0.2204803 -0.0500000
      vertex -0.1124028 -0.2233061 0.1500000
      vertex -0.1178492 -0.2204803 0.1500000
    endloop
  endfacet
  facet normal -0.438616 -0.898674 0
    outer loop
      vertex -0.1124028 -0.2233061 -0.0500000
      vertex -0.1068888 -0.2259973 -0.0500000
      vertex -0.1068888 -0.2259973 0.1500000
    endloop
  endfacet
  facet normal -0.438616 -0.898674 0
    outer loop
      vertex -0.1124028 -0.2233061 -0.0500000
      vertex -0.1068888 -0.2259973 0.1500000
      vertex -0.1124028 -0.2233061 0.1500000
    endloop
  endfacet
  facet normal -0.41643 -0.909168 0
    outer loop
      vertex -0.1068888 -0.2259973 -0.0500000
      vertex -0.1013103 -0.2285524 -0.0500000
      vertex -0.1013103 -0.2285524 0.1500000
    endloop
  endfacet
  facet normal -0.41643 -0.909168 0
    outer loop
      vertex -0.1068888 -0.2259973 -0.0500000
      vertex -0.1013103 -0.2285524 0.1500000
      vertex -0.1068888 -0.2259973 0.1500000
    endloop
  endfacet
  facet normal -0.393992 -0.919114 0
    outer loop
      vertex -0.1013103 -0.2285524 -0.0500000
      vertex -0.0956709 -0.2309699 -0.0500000
      vertex -0.0956709 -0.2309699 0.1500000
    endloop
  endfacet
  facet normal -0.393992 -0.919114 0
    outer loop
      vertex -0.1013103 -0.2285524 -0.0500000
      vertex -0.0956709 -0.2309699 0.1500000
      vertex -0.1013103 -0.2285524 0.1500000
    endloop
  endfacet
  facet normal -0.371317 -0.928506 0
    outer loop
      vertex -0.0956709 -0.2309699 -0.0500000
      vertex -0.0899738 -0.2332482 -0.0500000
      vertex -0.0899738 -0.2332482 0.1500000
    endloop
  endfacet
  facet normal -0.371317 -0.928506 0
    outer loop
      vertex -0.0956709 -0.2309699 -0.0500000
      vertex -0.0899738 -0.2332482 0.1500000
      vertex -0.0956709 -0.2309699 0.1500000
    endloop
  endfacet
  facet normal -0.348419 -0.937339 0
    outer loop
      vertex -0.0899738 -0.2332482 -0.0500000
      vertex -0.0842225 -0.2353860 -0.0500000
      vertex -0.0842225 -0.2353860 0.1500000
    endloop
  endfacet
  facet normal -0.348419 -0.937339 0
    outer loop
      vertex -0.0899738 -0.2332482 -0.0500000
      vertex -0.0842225 -0.2353860 0.1500000
      vertex -0.0899738 -0.2332482 0.1500000
    endloop
  endfacet
  facet normal -0.32531 -0.945607 0
    outer loop
      vertex -0.0842225 -0.2353860 -0.0500000
      vertex -0.0784204 -0.2373820 -0.0500000
      vertex -0.0784204 -0.2373820 0.1500000
    endloop
  endfacet
  facet normal -0.32531 -0.945607 0
    outer loop
      vertex -0.0842225 -0.2353860 -0.0500000
      vertex -0.0784204 -0.2373820 0.1500000
      vertex -0.0842225 -0.2353860 0.1500000
    endloop
  endfacet
  facet normal -0.302006 -0.953306 0
    outer loop
      vertex -0.0784204 -0.2373820 -0.0500000
      vertex -0.0725712 -0.2392351 -0.0500000
      vertex -0.0725712 -0.2392351 0.1500000
    endloop
  endfacet
  facet normal -0.302006 -0.953306 0
    outer loop
      vertex -0.0784204 -0.2373820 -0.0500000
      vertex -0.0725712 -0.2392351 0.1500000
      vertex -0.0784204 -0.2373820 0.1500000
    endloop
  endfacet
  facet normal -0.27852 -0.960431 0
    outer loop
      vertex -0.0725712 -0.2392351 -0.0500000
      vertex -0.0666782 -0.2409440 -0.0500000
      vertex -0.0666782 -0.2409440 0.1500000
    endloop
  endfacet
  facet normal -0.27852 -0.960431 0
    outer loop
      vertex -0.0725712 -0.2392351 -0.0500000
      vertex -0.0666782 -0.2409440 0.1500000
      vertex -0.0725712 -0.2392351 0.1500000
    endloop
  endfacet
  facet normal -0.254866 -0.966976 0
    outer loop
      vertex -0.0666782 -0.2409440 -0.0500000
      vertex -0.0607450 -0.2425078 -0.0500000
      vertex -0.0607450 -0.2425078 0.1500000
    endloop
  endfacet
  facet normal -0.254866 -0.966976 0
    outer loop
      vertex -0.0666782 -0.2409440 -0.0500000
      vertex -0.0607450 -0.2425078 0.1500000
      vertex -0.0666782 -0.2409440 0.1500000
    endloop
  endfacet
  facet normal -0.231058 -0.97294 0
    outer loop
      vertex -0.0607450 -0.2425078 -0.0500000
      vertex -0.0547753 -0.2439255 -0.0500000
      vertex -0.0547753 -0.2439255 0.1500000
    endloop
  endfacet
  facet normal -0.231058 -0.97294 0
    outer loop
      vertex -0.0607450 -0.2425078 -0.0500000
      vertex -0.0547753 -0.2439255 0.1500000
      vertex -0.0607450 -0.2425078 0.1500000
    endloop
  endfacet
  facet normal -0.207111 -0.978317 0
    outer loop
      vertex -0.0547753 -0.2439255 -0.0500000
      vertex -0.0487726 -0.2451963 -0.0500000
      vertex -0.0487726 -0.2451963 0.1500000
    endloop
  endfacet
  facet normal -0.207111 -0.978317 0
    outer loop
      vertex -0.0547753 -0.2439255 -0.0500000
      vertex -0.0487726 -0.2451963 0.1500000
      vertex -0.0547753 -0.2439255 0.1500000
    endloop
  endfacet
  facet normal -0.18304 -0.983105 0
    outer loop
      vertex -0.0487726 -0.2451963 -0.0500000
      vertex -0.0427405 -0.2463194 -0.0500000
      vertex -0.0427405 -0.2463194 0.1500000
    endloop
  endfacet
  facet normal -0.18304 -0.983105 0
    outer loop
      vertex -0.0487726 -0.2451963 -0.0500000
      vertex -0.0427405 -0.2463194 0.1500000
      vertex -0.0487726 -0.2451963 0.1500000
    endloop
  endfacet
  facet normal -0.158858 -0.987301 0
    outer loop
      vertex -0.0427405 -0.2463194 -0.0500000
      vertex -0.0366826 -0.2472941 -0.0500000
      vertex -0.0366826 -0.2472941 0.1500000
    endloop
  endfacet
  facet normal -0.158858 -0.987301 0
    outer loop
      vertex -0.0427405 -0.2463194 -0.0500000
      vertex -0.0366826 -0.2472941 0.1500000
      vertex -0.0427405 -0.2463194 0.1500000
    endloop
  endfacet
  facet normal -0.134581 -0.990903 0
    outer loop
      vertex -0.0366826 -0.2472941 -0.0500000
      vertex -0.0306027 -0.2481199 -0.0500000
      vertex -0.0306027 -0.2481199 0.1500000
    endloop
  endfacet
  facet normal -0.134581 -0.990903 0
    outer loop
      vertex -0.0366826 -0.2472941 -0.0500000
      vertex -0.0306027 -0.2481199 0.1500000
      vertex -0.0366826 -0.2472941 0.1500000
    endloop
  endfacet
  facet normal -0.110222 -0.993907 0
    outer loop
      vertex -0.0306027 -0.2481199 -0.0500000
      vertex -0.0245043 -0.2487962 -0.0500000
      vertex -0.0245043 -0.2487962 0.1500000
    endloop
  endfacet
  facet normal -0.110222 -0.993907 0
    outer loop
      vertex -0.0306027 -0.2481199 -0.0500000
      vertex -0.0245043 -0.2487962 0.1500000
      vertex -0.0306027 -0.2481199 0.1500000
    endloop
  endfacet
  facet normal -0.0857973 -0.996313 0
    outer loop
      vertex -0.0245043 -0.2487962 -0.0500000
      vertex -0.0183911 -0.2493226 -0.0500000
      vertex -0.0183911 -0.2493226 0.1500000
    endloop
  endfacet
  facet normal -0.0857973 -0.996313 0
    outer loop
      vertex -0.0245043 -0.2487962 -0.0500000
      vertex -0.0183911 -0.2493226 0.1500000
      vertex -0.0245043 -0.2487962 0.1500000
    endloop
  endfacet
  facet normal -0.0613207 -0.998118 0
    outer loop
      vertex -0.0183911 -0.2493226 -0.0500000
      vertex -0.0122669 -0.2496989 -0.0500000
      vertex -0.0122669 -0.2496989 0.1500000
    endloop
  endfacet
  facet normal -0.0613207 -0.998118 0
    outer loop
      vertex -0.0183911 -0.2493226 -0.0500000
      vertex -0.0122669 -0.2496989 0.1500000
      vertex -0.0183911 -0.2493226 0.1500000
    endloop
  endfacet
  facet normal -0.0368072 -0.999322 0
    outer loop
      vertex -0.0122669 -0.2496989 -0.0500000
      vertex -0.0061353 -0.2499247 -0.0500000
      vertex -0.0061353 -0.2499247 0.1500000
    endloop
  endfacet
  facet normal -0.0368072 -0.999322 0
    outer loop
      vertex -0.0122669 -0.2496989 -0.0500000
      vertex -0.0061353 -0.2499247 0.1500000
      vertex -0.0122669 -0.2496989 0.1500000
    endloop
  endfacet
  facet normal -0.0122715 -0.999925 0
    outer loop
      vertex -0.0061353 -0.2499247 -0.0500000
      vertex -0.0000000 -0.2500000 -0.0500000
      vertex -0.0000000 -0.2500000 0.1500000
    endloop
  endfacet
  facet normal -0.0122715 -0.999925 0
    outer loop
      vertex -0.0061353 -0.2499247 -0.0500000
      vertex -0.0000000 -0.2500000 0.1500000
      vertex -0.0061353 -0.2499247 0.1500000
    endloop
  endfacet
  facet normal 0.0122715 -0.999925 0
    outer loop
      vertex -0.0000000 -0.2500000 -0.0500000
      vertex 0.0061353 -0.2499247 -0.0500000
      vertex 0.0061353 -0.2499247 0.1500000
    endloop
  endfacet
  facet normal 0.0122715 -0.999925 0
    outer loop
      vertex -0.0000000 -0.2500000 -0.0500000
      vertex 0.0061353 -0.2499247 0.1500000
      vertex -0.0000000 -0.2500000 0.1500000
    endloop
  endfacet
  facet normal 0.0368072 -0.999322 0
    outer loop
      vertex 0.0061353 -0.2499247 -0.0500000
      vertex 0.0122669 -0.2496989 -0.0500000
      vertex 0.0122669 -0.2496989 0.1500000
    endloop
  endfacet
  facet normal 0.0368072 -0.999322 0
    outer loop
      vertex 0.0061353 -0.2499247 -0.0500000
      vertex 0.0122669 -0.2496989 0.1500000
      vertex 0.0061353 -0.2499247 0.1500000
    endloop
  endfacet
  facet normal 0.0613207 -0.998118 0
    outer loop
      vertex 0.0122669 -0.2496989 -0.0500000
      vertex 0.0183911 -0.2493226 -0.0500000
      vertex 0.0183911 -0.2493226 0.1500000
    endloop
  endfacet
  facet normal 0.0613207 -0.998118 0
    outer loop
      vertex 0.0122669 -0.2496989 -0.0500000
      vertex 0.0183911 -0.2493226 0.1500000
      vertex 0.0122669 -0.2496989 0.1500000
    endloop
  endfacet
  facet normal 0.0857973 -0.996313 0
    outer loop
      vertex 0.0183911 -0.2493226 -0.0500000
      vertex 0.0245043 -0.2487962 -0.0500000
      vertex 0.0245043 -0.2487962 0.1500000
    endloop
  endfacet
  facet normal 0.0857973 -0.996313 0
    outer loop
      vertex 0.0183911 -0.2493226 -0.0500000
      vertex 0.0245043 -0.2487962 0.1500000
      vertex 0.0183911 -0.2493226 0.1500000
    endloop
  endfacet
  facet normal 0.110222 -0.993907 0
    outer loop
      vertex 0.0245043 -0.2487962 -0.0500000
      vertex 0.0306027 -0.2481199 -0.0500000
      vertex 0.0306027 -0.2481199 0.1500000
    endloop
  endfacet
  facet normal 0.110222 -0.993907 0
    outer loop
      vertex 0.0245043 -0.2487962 -0.0500000
      vertex 0.0306027 -0.2481199 0.1500000
      vertex 0.0245043 -0.2487962 0.1500000
    endloop
  endfacet
  facet normal 0.134581 -0.990903 0
    outer loop
      vertex 0.0306027 -0.2481199 -0.0500000
      vertex 0.0366826 -0.2472941 -0.0500000
      vertex 0.0366826 -0.2472941 0.1500000
    endloop
  endfacet
  facet normal 0.134581 -0.990903 0
    outer loop
      vertex 0.0306027 -0.2481199 -0.0500000
      vertex 0.0366826 -0.2472941 0.1500000
      vertex 0.0306027 -0.2481199 0.1500000
    endloop
  endfacet
  facet normal 0.158858 -0.987301 0
    outer loop
      vertex 0.0366826 -0.2472941 -0.0500000
      vertex 0.0427405 -0.2463194 -0.0500000
      vertex 0.0427405 -0.2463194 0.1500000
    endloop
  endfacet
  facet normal 0.158858 -0.987301 0
    outer loop
      vertex 0.0366826 -0.2472941 -0.0500000
      vertex 0.0427405 -0.2463194 0.1500000
      vertex 0.0366826 -0.2472941 0.1500000
    endloop
  endfacet
  facet normal 0.18304 -0.983105 0
    outer loop
      vertex 0.0427405 -0.2463194 -0.0500000
      vertex 0.0487726 -0.2451963 -0.0500000
      vertex 0.0487726 -0.2451963 0.1500000
    endloop
  endfacet
  facet normal 0.18304 -0.983105 0
    outer loop
      vertex 0.0427405 -0.2463194 -0.0500000
      vertex 0.0487726 -0.2451963 0.1500000
      vertex 0.0427405 -0.2463194 0.1500000
    endloop
  endfacet
  facet normal 0.207111 -0.978317 0
    outer loop
      vertex 0.0487726 -0.2451963 -0.0500000
      vertex 0.0547753 -0.2439255 -0.0500000
      vertex 0.0547753 -0.2439255 0.1500000
    endloop
  endfacet
  facet normal 0.207111 -0.978317 0
    outer loop
      vertex 0.0487726 -0.2451963 -0.0500000
      vertex 0.0547753 -0.2439255 0.1500000
      vertex 0.0487726 -0.2451963 0.1500000
    endloop
  endfacet
  facet normal 0.231058 -0.97294 0
    outer loop
      vertex 0.0547753 -0.2439255 -0.0500000
      vertex 0.0607450 -0.2425078 -0.0500000
      vertex 0.0607450 -0.2425078 0.1500000
    endloop
  endfacet
  facet normal 0.231058 -0.97294 0
    outer loop
      vertex 0.0547753 -0.2439255 -0.0500000
      vertex 0.0607450 -0.2425078 0.1500000
      vertex 0.0547753 -0.2439255 0.1500000
    endloop
  endfacet
  facet normal 0.254866 -0.966976 0
    outer loop
      vertex 0.0607450 -0.2425078 -0.0500000
      vertex 0.0666782 -0.2409440 -0.0500000
      vertex 0.0666782 -0.2409440 0.1500000
    endloop
  endfacet
  facet normal 0.254866 -0.966976 0
    outer loop
      vertex 0.0607450 -0.2425078 -0.0500000
      vertex 0.0666782 -0.2409440 0.1500000
      vertex 0.0607450 -0.2425078 0.1500000
    endloop
  endfacet
  facet normal 0.27852 -0.960431 0
    outer loop
      vertex 0.0666782 -0.2409440 -0.0500000
      vertex 0.0725712 -0.2392351 -0.0500000
      vertex 0.0725712 -0.2392351 0.1500000
    endloop
  endfacet
  facet normal 0.27852 -0.960431 0
    outer loop
      vertex 0.0666782 -0.2409440 -0.0500000
      vertex 0.0725712 -0.2392351 0.1500000
      vertex 0.0666782 -0.2409440 0.1500000
    endloop
  endfacet
  facet normal 0.302006 -0.953306 0
    outer loop
      vertex 0.0725712 -0.2392351 -0.0500000
      vertex 0.0784204 -0.2373820 -0.0500000
      vertex 0.0784204 -0.2373820 0.1500000
    endloop
  endfacet
  facet normal 0.302006 -0.953306 0
    outer loop
      vertex 0.0725712 -0.2392351 -0.0500000
      vertex 0.0784204 -0.2373820 0.1500000
      vertex 0.0725712 -0.2392351 0.1500000
    endloop
  endfacet
  facet normal 0.32531 -0.945607 0
    outer loop
      vertex 0.0784204 -0.2373820 -0.0500000
      vertex 0.0842225 -0.2353860 -0.0500000
      vertex 0.0842225 -0.2353860 0.1500000
    endloop
  endfacet
  facet normal 0.32531 -0.945607 0
    outer loop
      vertex 0.0784204 -0.2373820 -0.0500000
      vertex 0.0842225 -0.2353860 0.1500000
      vertex 0.0784204 -0.2373820 0.1500000
    endloop
  endfacet
  facet normal 0.348419 -0.937339 0
    outer loop
      vertex 0.0842225 -0.2353860 -0.0500000
      vertex 0.0899738 -0.2332482 -0.0500000
      vertex 0.0899738 -0.2332482 0.1500000
    endloop
  endfacet
  facet normal 0.348419 -0.937339 0
    outer loop
      vertex 0.0842225 -0.2353860 -0.0500000
      vertex 0.0899738 -0.2332482 0.1500000
      vertex 0.0842225 -0.2353860 0.1500000
    endloop
  endfacet
  facet normal 0.371317 -0.928506 0
    outer loop
      vertex 0.0899738 -0.2332482 -0.0500000
      vertex 0.0956709 -0.2309699 -0.0500000
      vertex 0.0956709 -0.2309699 0.1500000
    endloop
  endfacet
  facet normal 0.371317 -0.928506 0
    outer loop
      vertex 0.0899738 -0.2332482 -0.0500000
      vertex 0.0956709 -0.2309699 0.1500000
      vertex 0.0899738 -0.2332482 0.1500000
    endloop
  endfacet
  facet normal 0.393992 -0.919114 0
    outer loop
      vertex 0.0956709 -0.2309699 -0.0500000
      vertex 0.1013103 -0.2285524 -0.0500000
      vertex 0.1013103 -0.2285524 0.1500000
    endloop
  endfacet
  facet normal 0.393992 -0.919114 0
    outer loop
      vertex 0.0956709 -0.2309699 -0.0500000
      vertex 0.1013103 -0.2285524 0.1500000
      vertex 0.0956709 -0.2309699 0.1500000
    endloop
  endfacet
  facet normal 0.41643 -0.909168 0
    outer loop
      vertex 0.1013103 -0.2285524 -0.0500000
      vertex 0.1068888 -0.2259973 -0.0500000
      vertex 0.1068888 -0.2259973 0.1500000
    endloop
  endfacet
  facet normal 0.41643 -0.909168 0
    outer loop
      vertex 0.1013103 -0.2285524 -0.0500000
      vertex 0.1068888 -0.2259973 0.1500000
      vertex 0.1013103 -0.2285524 0.1500000
    endloop
  endfacet
  facet normal 0.438616 -0.898674 0
    outer loop
      vertex 0.1068888 -0.2259973 -0.0500000
      vertex 0.1124028 -0.2233061 -0.0500000
      vertex 0.1124028 -0.2233061 0.1500000
    endloop
  endfacet
  facet normal 0.438616 -0.898674 0
    outer loop
      vertex 0.1068888 -0.2259973 -0.0500000
      vertex 0.1124028 -0.2233061 0.1500000
      vertex 0.1068888 -0.2259973 0.1500000
    endloop
  endfacet
  facet normal 0.460539 -0.88764 0
    outer loop
      vertex 0.1124028 -0.2233061 -0.0500000
      vertex 0.1178492 -0.2204803 -0.0500000
      vertex 0.1178492 -0.2204803 0.1500000
    endloop
  endfacet
  facet normal 0.460539 -0.88764 0
    outer loop
      vertex 0.1124028 -0.2233061 -0.0500000
      vertex 0.1178492 -0.2204803 0.1500000
      vertex 0.1124028 -0.2233061 0.1500000
    endloop
  endfacet
  facet normal 0.482184 -0.87607 0
    outer loop
      vertex 0.1178492 -0.2204803 -0.0500000
      vertex 0.1232245 -0.2175217 -0.0500000
      vertex 0.1232245 -0.2175217 0.1500000
    endloop
  endfacet
  facet normal 0.482184 -0.87607 0
    outer loop
      vertex 0.1178492 -0.2204803 -0.0500000
      vertex 0.1232245 -0.2175217 0.1500000
      vertex 0.1178492 -0.2204803 0.1500000
    endloop
  endfacet
  facet normal 0.503538 -0.863973 0
    outer loop
      vertex 0.1232245 -0.2175217 -0.0500000
      vertex 0.1285257 -0.2144322 -0.0500000
      vertex 0.1285257 -0.2144322 0.1500000
    endloop
  endfacet
  facet normal 0.503538 -0.863973 0
    outer loop
      vertex 0.1232245 -0.2175217 -0.0500000
      vertex 0.1285257 -0.2144322 0.1500000
      vertex 0.1232245 -0.2175217 0.1500000
    endloop
  endfacet
  facet normal 0.52459 -0.851355 0
    outer loop
      vertex 0.1285257 -0.2144322 -0.0500000
      vertex 0.1337494 -0.2112134 -0.0500000
      vertex 0.1337494 -0.2112134 0.1500000
    endloop
  endfacet
  facet normal 0.52459 -0.851355 0
    outer loop
      vertex 0.1285257 -0.2144322 -0.0500000
      vertex 0.1337494 -0.2112134 0.1500000
      vertex 0.1285257 -0.2144322 0.1500000
    endloop
  endfacet
  facet normal 0.545325 -0.838225 0
    outer loop
      vertex 0.1337494 -0.2112134 -0.0500000
      vertex 0.1388926 -0.2078674 -0.0500000
      vertex 0.1388926 -0.2078674 0.1500000
    endloop
  endfacet
  facet normal 0.545325 -0.838225 0
    outer loop
      vertex 0.1337494 -0.2112134 -0.0500000
      vertex 0.1388926 -0.2078674 0.1500000
      vertex 0.1337494 -0.2112134 0.1500000
    endloop
  endfacet
  facet normal 0.565732 -0.824589 0
    outer loop
      vertex 0.1388926 -0.2078674 -0.0500000
      vertex 0.1439520 -0.2043962 -0.0500000
      vertex 0.1439520 -0.2043962 0.1500000
    endloop
  endfacet
  facet normal 0.565732 -0.824589 0
    outer loop
      vertex 0.1388926 -0.2078674 -0.0500000
      vertex 0.1439520 -0.2043962 0.1500000
      vertex 0.1388926 -0.2078674 0.1500000
    endloop
  endfacet
  facet normal 0.585798 -0.810457 0
    outer loop
      vertex 0.1439520 -0.2043962 -0.0500000
      vertex 0.1489248 -0.2008019 -0.0500000
      vertex 0.1489248 -0.2008019 0.1500000
    endloop
  endfacet
  facet normal 0.585798 -0.810457 0
    outer loop
      vertex 0.1439520 -0.2043962 -0.0500000
      vertex 0.1489248 -0.2008019 0.1500000
      vertex 0.1439520 -0.2043962 0.1500000
    endloop
  endfacet
  facet normal 0.605511 -0.795837 0
    outer loop
      vertex 0.1489248 -0.2008019 -0.0500000
      vertex 0.1538079 -0.1970866 -0.0500000
      vertex 0.1538079 -0.1970866 0.1500000
    endloop
  endfacet
  facet normal 0.605511 -0.795837 0
    outer loop
      vertex 0.1489248 -0.2008019 -0.0500000
      vertex 0.1538079 -0.1970866 0.1500000
      vertex 0.1489248 -0.2008019 0.1500000
    endloop
  endfacet
  facet normal 0.624859 -0.780737 0
    outer loop
      vertex 0.1538079 -0.1970866 -0.0500000
      vertex 0.1585983 -0.1932526 -0.0500000
      vertex 0.1585983 -0.1932526 0.1500000
    endloop
  endfacet
  facet normal 0.624859 -0.780737 0
    outer loop
      vertex 0.1538079 -0.1970866 -0.0500000
      vertex 0.1585983 -0.1932526 0.1500000
      vertex 0.1538079 -0.1970866 0.1500000
    endloop
  endfacet
  facet normal 0.643832 -0.765167 0
    outer loop
      vertex 0.1585983 -0.1932526 -0.0500000
      vertex 0.1632932 -0.1893022 -0.0500000
      vertex 0.1632932 -0.1893022 0.1500000
    endloop
  endfacet
  facet normal 0.643832 -0.765167 0
    outer loop
      vertex 0.1585983 -0.1932526 -0.0500000
      vertex 0.1632932 -0.1893022 0.1500000
      vertex 0.1585983 -0.1932526 0.1500000
    endloop
  endfacet
  facet normal 0.662416 -0.749136 0
    outer loop
      vertex 0.1632932 -0.1893022 -0.0500000
      vertex 0.1678897 -0.1852378 -0.0500000
      vertex 0.1678897 -0.1852378 0.1500000
    endloop
  endfacet
  facet normal 0.662416 -0.749136 0
    outer loop
      vertex 0.1632932 -0.1893022 -0.0500000
      vertex 0.1678897 -0.1852378 0.1500000
      vertex 0.1632932 -0.1893022 0.1500000
    endloop
  endfacet
  facet normal 0.680601 -0.732654 0
    outer loop
      vertex 0.1678897 -0.1852378 -0.0500000
      vertex 0.1723851 -0.1810618 -0.0500000
      vertex 0.1723851 -0.1810618 0.1500000
    endloop
  endfacet
  facet normal 0.680601 -0.732654 0
    outer loop
      vertex 0.1678897 -0.1852378 -0.0500000
      vertex 0.1723851 -0.1810618 0.1500000
      vertex 0.1678897 -0.1852378 0.1500000
    endloop
  endfacet
  facet normal 0.698376 -0.715731 0
    outer loop
      vertex 0.1723851 -0.1810618 -0.0500000
      vertex 0.1767767 -0.1767767 -0.0500000
      vertex 0.1767767 -0.1767767 0.1500000
    endloop
  endfacet
  facet normal 0.698376 -0.715731 0
    outer loop
      vertex 0.1723851 -0.1810618 -0.0500000
      vertex 0.1767767 -0.1767767 0.1500000
      vertex 0.1723851 -0.1810618 0.1500000
    endloop
  endfacet
  facet normal 0.715731 -0.698376 0
    outer loop
      vertex 0.1767767 -0.1767767 -0.0500000
      vertex 0.1810618 -0.1723851 -0.0500000
      vertex 0.1810618 -0.1723851 0.1500000
    endloop
  endfacet
  facet normal 0.715731 -0.698376 0
    outer loop
      vertex 0.1767767 -0.1767767 -0.0500000
      vertex 0.1810618 -0.1723851 0.1500000
      vertex 0.1767767 -0.1767767 0.1500000
    endloop
  endfacet
  facet normal 0.732654 -0.680601 0
    outer loop
      vertex 0.1810618 -0.1723851 -0.0500000
      vertex 0.1852378 -0.1678897 -0.0500000
      vertex 0.1852378 -0.1678897 0.1500000
    endloop
  endfacet
  facet normal 0.732654 -0.680601 0
    outer loop
      vertex 0.1810618 -0.1723851 -0.0500000
      vertex 0.1852378 -0.1678897 0.1500000
      vertex 0.1810618 -0.1723851 0.1500000
    endloop
  endfacet
  facet normal 0.749136 -0.662416 0
    outer loop
      vertex 0.1852378 -0.1678897 -0.0500000
      vertex 0.1893022 -0.1632932 -0.0500000
      vertex 0.1893022 -0.1632932 0.1500000
    endloop
  endfacet
  facet normal 0.749136 -0.662416 0
    outer loop
      vertex 0.1852378 -0.1678897 -0.0500000
      vertex 0.1893022 -0.1632932 0.1500000
      vertex 0.1852378 -0.1678897 0.1500000
    endloop
  endfacet
  facet normal 0.765167 -0.643832 0
    outer loop
      vertex 0.1893022 -0.1632932 -0.0500000
      vertex 0.1932526 -0.1585983 -0.0500000
      vertex 0.1932526 -0.1585983 0.1500000
    endloop
  endfacet
  facet normal 0.765167 -0.643832 0
    outer loop
      vertex 0.1893022 -0.1632932 -0.0500000
      vertex 0.1932526 -0.1585983 0.1500000
      vertex 0.1893022 -0.1632932 0.1500000
    endloop
  endfacet
  facet normal 0.780737 -0.624859 0
    outer loop
      vertex 0.1932526 -0.1585983 -0.0500000
      vertex 0.1970866 -0.1538079 -0.0500000
      vertex 0.1970866 -0.1538079 0.1500000
    endloop
  endfacet
  facet normal 0.780737 -0.624859 0
    outer loop
      vertex 0.1932526 -0.1585983 -0.0500000
      vertex 0.1970866 -0.1538079 0.1500000
      vertex 0.1932526 -0.1585983 0.1500000
    endloop
  endfacet
  facet normal 0.795837 -0.605511 0
    outer loop
      vertex 0.1970866 -0.1538079 -0.0500000
      vertex 0.2008019 -0.1489248 -0.0500000
      vertex 0.2008019 -0.1489248 0.1500000
    endloop
  endfacet
  facet normal 0.795837 -0.605511 0
    outer loop
      vertex 0.1970866 -0.1538079 -0.0500000
      vertex 0.2008019 -0.1489248 0.1500000
      vertex 0.1970866 -0.1538079 0.1500000
    endloop
  endfacet
  facet normal 0.810457 -0.585798 0
    outer loop
      vertex 0.2008019 -0.1489248 -0.0500000
      vertex 0.2043962 -0.1439520 -0.0500000
      vertex 0.2043962 -0.1439520 0.1500000
    endloop
  endfacet
  facet normal 0.810457 -0.585798 0
    outer loop
      vertex 0.2008019 -0.1489248 -0.0500000
      vertex 0.2043962 -0.1439520 0.1500000
      vertex 0.2008019 -0.1489248 0.1500000
    endloop
  endfacet
  facet normal 0.824589 -0.565732 0
    outer loop
      vertex 0.2043962 -0.1439520 -0.0500000
      vertex 0.2078674 -0.1388926 -0.0500000
      vertex 0.2078674 -0.1388926 0.1500000
    endloop
  endfacet
  facet normal 0.824589 -0.565732 0
    outer loop
      vertex 0.2043962 -0.1439520 -0.0500000
      vertex 0.2078674 -0.1388926 0.1500000
      vertex 0.2043962 -0.1439520 0.1500000
    endloop
  endfacet
  facet normal 0.838225 -0.545325 0
    outer loop
      vertex 0.2078674 -0.1388926 -0.0500000
      vertex 0.2112134 -0.1337494 -0.0500000
      vertex 0.2112134 -0.1337494 0.1500000
    endloop
  endfacet
  facet normal 0.838225 -0.545325 0
    outer loop
      vertex 0.2078674 -0.1388926 -0.0500000
      vertex 0.2112134 -0.1337494 0.1500000
      vertex 0.2078674 -0.1388926 0.1500000
    endloop
  endfacet
  facet normal 0.851355 -0.52459 0
    outer loop
      vertex 0.2112134 -0.1337494 -0.0500000
      vertex 0.2144322 -0.1285257 -0.0500000
      vertex 0.2144322 -0.1285257 0.1500000
    endloop
  endfacet
  facet normal 0.851355 -0.52459 0
    outer loop
      vertex 0.2112134 -0.1337494 -0.0500000
      vertex 0.2144322 -0.1285257 0.1500000
      vertex 0.2112134 -0.1337494 0.1500000
    endloop
  endfacet
  facet normal 0.863973 -0.503538 0
    outer loop
      vertex 0.2144322 -0.1285257 -0.0500000
      vertex 0.2175217 -0.1232245 -0.0500000
      vertex 0.2175217 -0.1232245 0.1500000
    endloop
  endfacet
  facet normal 0.863973 -0.503538 0
    outer loop
      vertex 0.2144322 -0.1285257 -0.0500000
      vertex 0.2175217 -0.1232245 0.1500000
      vertex 0.2144322 -0.1285257 0.1500000
    endloop
  endfacet
  facet normal 0.87607 -0.482184 0
    outer loop
      vertex 0.2175217 -0.1232245 -0.0500000
      vertex 0.2204803 -0.1178492 -0.0500000
      vertex 0.2204803 -0.1178492 0.1500000
    endloop
  endfacet
  facet normal 0.87607 -0.482184 0
    outer loop
      vertex 0.2175217 -0.1232245 -0.0500000
      vertex 0.2204803 -0.1178492 0.1500000
      vertex 0.2175217 -0.1232245 0.1500000
    endloop
  endfacet
  facet normal 0.88764 -0.460539 0
    outer loop
      vertex 0.2204803 -0.1178492 -0.0500000
      vertex 0.2233061 -0.1124028 -0.0500000
      vertex 0.2233061 -0.1124028 0.1500000
    endloop
  endfacet
  facet normal 0.88764 -0.460539 0
    outer loop
      vertex 0.2204803 -0.1178492 -0.0500000
      vertex 0.2233061 -0.1124028 0.1500000
      vertex 0.2204803 -0.1178492 0.1500000
    endloop
  endfacet
  facet normal 0.898674 -0.438616 0
    outer loop
      vertex 0.2233061 -0.1124028 -0.0500000
      vertex 0.2259973 -0.1068888 -0.0500000
      vertex 0.2259973 -0.1068888 0.1500000
    endloop
  endfacet
  facet normal 0.898674 -0.438616 0
    outer loop
      vertex 0.2233061 -0.1124028 -0.0500000
      vertex 0.2259973 -0.1068888 0.1500000
      vertex 0.2233061 -0.1124028 0.1500000
    endloop
  endfacet
  facet normal 0.909168 -0.41643 0
    outer loop
      vertex 0.2259973 -0.1068888 -0.0500000
      vertex 0.2285524 -0.1013103 -0.0500000
      vertex 0.2285524 -0.1013103 0.1500000
    endloop
  endfacet
  facet normal 0.909168 -0.41643 0
    outer loop
      vertex 0.2259973 -0.1068888 -0.0500000
      vertex 0.2285524 -0.1013103 0.1500000
      vertex 0.2259973 -0.1068888 0.1500000
    endloop
  endfacet
  facet normal 0.919114 -0.393992 0
    outer loop
      vertex 0.2285524 -0.1013103 -0.0500000
      vertex 0.2309699 -0.0956709 -0.0500000
      vertex 0.2309699 -0.0956709 0.1500000
    endloop
  endfacet
  facet normal 0.919114 -0.393992 0
    outer loop
      vertex 0.2285524 -0.1013103 -0.0500000
      vertex 0.2309699 -0.0956709 0.1500000
      vertex 0.2285524 -0.1013103 0.1500000
    endloop
  endfacet
  facet normal 0.928506 -0.371317 0
    outer loop
      vertex 0.2309699 -0.0956709 -0.0500000
      vertex 0.2332482 -0.0899738 -0.0500000
      vertex 0.2332482 -0.0899738 0.1500000
    endloop
  endfacet
  facet normal 0.928506 -0.371317 0
    outer loop
      vertex 0.2309699 -0.0956709 -0.0500000
      vertex 0.2332482 -0.0899738 0.1500000
      vertex 0.2309699 -0.0956709 0.1500000
    endloop
  endfacet
  facet normal 0.937339 -0.348419 0
    outer loop
      vertex 0.2332482 -0.0899738 -0.0500000
      vertex 0.2353860 -0.0842225 -0.0500000
      vertex 0.2353860 -0.0842225 0.1500000
    endloop
  endfacet
  facet normal 0.937339 -0.348419 0
    outer loop
      vertex 0.2332482 -0.0899738 -0.0500000
      vertex 0.2353860 -0.0842225 0.1500000
      vertex 0.2332482 -0.0899738 0.1500000
    endloop
  endfacet
  facet normal 0.945607 -0.32531 0
    outer loop
      vertex 0.2353860 -0.0842225 -0.0500000
      vertex 0.2373820 -0.0784204 -0.0500000
      vertex 0.2373820 -0.0784204 0.1500000
    endloop
  endfacet
  facet normal 0.945607 -0.32531 0
    outer loop
      vertex 0.2353860 -0.0842225 -0.0500000
      vertex 0.2373820 -0.0784204 0.1500000
      vertex 0.2353860 -0.0842225 0.1500000
    endloop
  endfacet
  facet normal 0.953306 -0.302006 0
    outer loop
      vertex 0.2373820 -0.0784204 -0.0500000
      vertex 0.2392351 -0.0725712 -0.0500000
      vertex 0.2392351 -0.0725712 0.1500000
    endloop
  endfacet
  facet normal 0.953306 -0.302006 0
    outer loop
      vertex 0.2373820 -0.0784204 -0.0500000
      vertex 0.2392351 -0.0725712 0.1500000
      vertex 0.2373820 -0.0784204 0.1500000
    endloop
  endfacet
  facet normal 0.960431 -0.27852 0
    outer loop
      vertex 0.2392351 -0.0725712 -0.0500000
      vertex 0.2409440 -0.0666782 -0.0500000
      vertex 0.2409440 -0.0666782 0.1500000
    endloop
  endfacet
  facet normal 0.960431 -0.27852 0
    outer loop
      vertex 0.2392351 -0.0725712 -0.0500000
      vertex 0.2409440 -0.0666782 0.1500000
      vertex 0.2392351 -0.0725712 0.1500000
    endloop
  endfacet
  facet normal 0.966976 -0.254866 0
    outer loop
      vertex 0.2409440 -0.0666782 -0.0500000
      vertex 0.2425078 -0.0607450 -0.0500000
      vertex 0.2425078 -0.0607450 0.1500000
    endloop
  endfacet
  facet normal 0.966976 -0.254866 0
    outer loop
      vertex 0.2409440 -0.0666782 -0.0500000
      vertex 0.2425078 -0.0607450 0.1500000
      vertex 0.2409440 -0.0666782 0.1500000
    endloop
  endfacet
  facet normal 0.97294 -0.231058 0
    outer loop
      vertex 0.2425078 -0.0607450 -0.0500000
      vertex 0.2439255 -0.0547753 -0.0500000
      vertex 0.2439255 -0.0547753 0.1500000
    endloop
  endfacet
  facet normal 0.97294 -0.231058 0
    outer loop
      vertex 0.2425078 -0.0607450 -0.0500000
      vertex 0.2439255 -0.0547753 0.1500000
      vertex 0.2425078 -0.0607450 0.1500000
    endloop
  endfacet
  facet normal 0.978317 -0.207111 0
    outer loop
      vertex 0.2439255 -0.0547753 -0.0500000
      vertex 0.2451963 -0.0487726 -0.0500000
      vertex 0.2451963 -0.0487726 0.1500000
    endloop
  endfacet
  facet normal 0.978317 -0.207111 0
    outer loop
      vertex 0.2439255 -0.0547753 -0.0500000
      vertex 0.2451963 -0.0487726 0.1500000
      vertex 0.2439255 -0.0547753 0.1500000
    endloop
  endfacet
  facet normal 0.983105 -0.18304 0
    outer loop
      vertex 0.2451963 -0.0487726 -0.0500000
      vertex 0.2463194 -0.0427405 -0.0500000
      vertex 0.2463194 -0.0427405 0.1500000
    endloop
  endfacet
  facet normal 0.983105 -0.18304 0
    outer loop
      vertex 0.2451963 -0.0487726 -0.0500000
      vertex 0.2463194 -0.0427405 0.1500000
      vertex 0.2451963 -0.0487726 0.1500000
    endloop
  endfacet
  facet normal 0.987301 -0.158858 0
    outer loop
      vertex 0.2463194 -0.0427405 -0.0500000
      vertex 0.2472941 -0.0366826 -0.0500000
      vertex 0.2472941 -0.0366826 0.1500000
    endloop
  endfacet
  facet normal 0.987301 -0.158858 0
    outer loop
      vertex 0.2463194 -0.0427405 -0.0500000
      vertex 0.2472941 -0.0366826 0.1500000
      vertex 0.2463194 -0.0427405 0.1500000
    endloop
  endfacet
  facet normal 0.990903 -0.134581 0
    outer loop
      vertex 0.2472941 -0.0366826 -0.0500000
      vertex 0.2481199 -0.0306027 -0.0500000
      vertex 0.2481199 -0.0306027 0.1500000
    endloop
  endfacet
  facet normal 0.990903 -0.134581 0
    outer loop
      vertex 0.2472941 -0.0366826 -0.0500000
      vertex 0.2481199 -0.0306027 0.1500000
      vertex 0.2472941 -0.0366826 0.1500000
    endloop
  endfacet
  facet normal 0.993907 -0.110222 0
    outer loop
      vertex 0.2481199 -0.0306027 -0.0500000
      vertex 0.2487962 -0.0245043 -0.0500000
      vertex 0.2487962 -0.0245043 0.1500000
    endloop
  endfacet
  facet normal 0.993907 -0.110222 0
    outer loop
      vertex 0.2481199 -0.0306027 -0.0500000
      vertex 0.2487962 -0.0245043 0.1500000
      vertex 0.2481199 -0.0306027 0.1500000
    endloop
  endfacet
  facet normal 0.996313 -0.0857973 0
    outer loop
      vertex 0.2487962 -0.0245043 -0.0500000
      vertex 0.2493226 -0.0183911 -0.0500000
      vertex 0.2493226 -0.0183911 0.1500000
    endloop
  endfacet
  facet normal 0.996313 -0.0857973 0
    outer loop
      vertex 0.2487962 -0.0245043 -0.0500000
      vertex 0.2493226 -0.0183911 0.1500000
      vertex 0.2487962 -0.0245043 0.1500000
    endloop
  endfacet
  facet normal 0.998118 -0.0613207 0
    outer loop
      vertex 0.2493226 -0.0183911 -0.0500000
      vertex 0.2496989 -0.0122669 -0.0500000
      vertex 0.2496989 -0.0122669 0.1500000
    endloop
  endfacet
  facet normal 0.998118 -0.0613207 0
    outer loop
      vertex 0.2493226 -0.0183911 -0.0500000
      vertex 0.2496989 -0.0122669 0.1500000
      vertex 0.2493226 -0.0183911 0.1500000
    endloop
  endfacet
  facet normal 0.999322 -0.0368072 0
    outer loop
      vertex 0.2496989 -0.0122669 -0.0500000
      vertex 0.2499247 -0.0061353 -0.0500000
      vertex 0.2499247 -0.0061353 0.1500000
    endloop
  endfacet
  facet normal 0.999322 -0.0368072 0
    outer loop
      vertex 0.2496989 -0.0122669 -0.0500000
      vertex 0.2499247 -0.0061353 0.1500000
      vertex 0.2496989 -0.0122669 0.1500000
    endloop
  endfacet
  facet normal 0.999925 -0.0122715 0
    outer loop
      vertex 0.2499247 -0.0061353 -0.0500000
      vertex 0.2500000 -0.0000000 -0.0500000
      vertex 0.2500000 -0.0000000 0.1500000
    endloop
  endfacet
  facet normal 0.999925 -0.0122715 0
    outer loop
      vertex 0.2499247 -0.0061353 -0.0500000
      vertex 0.2500000 -0.0000000 0.1500000
      vertex 0.2499247 -0.0061353 0.1500000
    endloop
  endfacet
  facet normal -0.999925 -0.0122715 0
    outer loop
      vertex 0.1000000 0.0000000 -0.0500000
      vertex 0.0999699 0.0024541 0.1500000
      vertex 0.0999699 0.0024541 -0.0500000
    endloop
  endfacet
  facet normal -0.999925 -0.0122715 0
    outer loop
      vertex 0.1000000 0.0000000 -0.0500000
      vertex 0.1000000 0.0000000 0.1500000
      vertex 0.0999699 0.0024541 0.1500000
    endloop
  endfacet
  facet normal -0.999322 -0.0368072 0
    outer loop
      vertex 0.0999699 0.0024541 -0.0500000
      vertex 0.0998795 0.0049068 0.1500000
      vertex 0.0998795 0.0049068 -0.0500000
    endloop
  endfacet
  facet normal -0.999322 -0.0368072 0
    outer loop
      vertex 0.0999699 0.0024541 -0.0500000
      vertex 0.0999699 0.0024541 0.1500000
      vertex 0.0998795 0.0049068 0.1500000
    endloop
  endfacet
  facet normal -0.998118 -0.0613207 0
    outer loop
      vertex 0.0998795 0.0049068 -0.0500000
      vertex 0.0997290 0.0073565 0.1500000
      vertex 0.0997290 0.0073565 -0.0500000
    endloop
  endfacet
  facet normal -0.998118 -0.0613207 0
    outer loop
      vertex 0.0998795 0.0049068 -0.0500000
      vertex 0.0998795 0.0049068 0.1500000
      vertex 0.0997290 0.0073565 0.1500000
    endloop
  endfacet
  facet normal -0.996313 -0.0857973 0
    outer loop
      vertex 0.0997290 0.0073565 -0.0500000
      vertex 0.0995185 0.0098017 0.1500000
      vertex 0.0995185 0.0098017 -0.0500000
    endloop
  endfacet
  facet normal -0.996313 -0.0857973 0
    outer loop
      vertex 0.0997290 0.0073565 -0.0500000
      vertex 0.0997290 0.0073565 0.1500000
      vertex 0.0995185 0.0098017 0.1500000
    endloop
  endfacet
  facet normal -0.993907 -0.110222 0
    outer loop
      vertex 0.0995185 0.0098017 -0.0500000
      vertex 0.0992480 0.0122411 0.1500000
      vertex 0.0992480 0.0122411 -0.0500000
    endloop
  endfacet
  facet normal -0.993907 -0.110222 0
    outer loop
      vertex 0.0995185 0.0098017 -0.0500000
      vertex 0.0995185 0.0098017 0.1500000
      vertex 0.0992480 0.0122411 0.1500000
    endloop
  endfacet
  facet normal -0.990903 -0.134581 0
    outer loop
      vertex 0.0992480 0.0122411 -0.0500000
      vertex 0.0989177 0.0146730 0.1500000
      vertex 0.0989177 0.0146730 -0.0500000
    endloop
  endfacet
  facet normal -0.990903 -0.134581 0
    outer loop
      vertex 0.0992480 0.0122411 -0.0500000
      vertex 0.0992480 0.0122411 0.1500000
      vertex 0.0989177 0.0146730 0.1500000
    endloop
  endfacet
  facet normal -0.987301 -0.158858 0
    outer loop
      vertex 0.0989177 0.0146730 -0.0500000
      vertex 0.0985278 0.0170962 0.1500000
      vertex 0.0985278 0.0170962 -0.0500000
    endloop
  endfacet
  facet normal -0.987301 -0.158858 0
    outer loop
      vertex 0.0989177 0.0146730 -0.0500000
      vertex 0.0989177 0.0146730 0.1500000
      vertex 0.0985278 0.0170962 0.1500000
    endloop
  endfacet
  facet normal -0.983105 -0.18304 0
    outer loop
      vertex 0.0985278 0.0170962 -0.0500000
      vertex 0.0980785 0.0195090 0.1500000
      vertex 0.0980785 0.0195090 -0.0500000
    endloop
  endfacet
  facet normal -0.983105 -0.18304 0
    outer loop
      vertex 0.0985278 0.0170962 -0.0500000
      vertex 0.0985278 0.0170962 0.1500000
      vertex 0.0980785 0.0195090 0.1500000
    endloop
  endfacet
  facet normal -0.978317 -0.207111 0
    outer loop
      vertex 0.0980785 0.0195090 -0.0500000
      vertex 0.0975702 0.0219101 0.1500000
      vertex 0.0975702 0.0219101 -0.0500000
    endloop
  endfacet
  facet normal -0.978317 -0.207111 0
    outer loop
      vertex 0.0980785 0.0195090 -0.0500000
      vertex 0.0980785 0.0195090 0.1500000
      vertex 0.0975702 0.0219101 0.1500000
    endloop
  endfacet
  facet normal -0.97294 -0.231058 0
    outer loop
      vertex 0.0975702 0.0219101 -0.0500000
      vertex 0.0970031 0.0242980 0.1500000
      vertex 0.0970031 0.0242980 -0.0500000
    endloop
  endfacet
  facet normal -0.97294 -0.231058 0
    outer loop
      vertex 0.0975702 0.0219101 -0.0500000
      vertex 0.0975702 0.0219101 0.1500000
      vertex 0.0970031 0.0242980 0.1500000
    endloop
  endfacet
  facet normal -0.966976 -0.254866 0
    outer loop
      vertex 0.0970031 0.0242980 -0.0500000
      vertex 0.0963776 0.0266713 0.1500000
      vertex 0.0963776 0.0266713 -0.0500000
    endloop
  endfacet
  facet normal -0.966976 -0.254866 0
    outer loop
      vertex 0.0970031 0.0242980 -0.0500000
      vertex 0.0970031 0.0242980 0.1500000
      vertex 0.0963776 0.0266713 0.1500000
    endloop
  endfacet
  facet normal -0.960431 -0.27852 0
    outer loop
      vertex 0.0963776 0.0266713 -0.0500000
      vertex 0.0956940 0.0290285 0.1500000
      vertex 0.0956940 0.0290285 -0.0500000
    endloop
  endfacet
  facet normal -0.960431 -0.27852 0
    outer loop
      vertex 0.0963776 0.0266713 -0.0500000
      vertex 0.0963776 0.0266713 0.1500000
      vertex 0.0956940 0.0290285 0.1500000
    endloop
  endfacet
  facet normal -0.953306 -0.302006 0
    outer loop
      vertex 0.0956940 0.0290285 -0.0500000
      vertex 0.0949528 0.0313682 0.1500000
      vertex 0.0949528 0.0313682 -0.0500000
    endloop
  endfacet
  facet normal -0.953306 -0.302006 0
    outer loop
      vertex 0.0956940 0.0290285 -0.0500000
      vertex 0.0956940 0.0290285 0.1500000
      vertex 0.0949528 0.0313682 0.1500000
    endloop
  endfacet
  facet normal -0.945607 -0.32531 0
    outer loop
      vertex 0.0949528 0.0313682 -0.0500000
      vertex 0.0941544 0.0336890 0.1500000
      vertex 0.0941544 0.0336890 -0.0500000
    endloop
  endfacet
  facet normal -0.945607 -0.32531 0
    outer loop
      vertex 0.0949528 0.0313682 -0.0500000
      vertex 0.0949528 0.0313682 0.1500000
      vertex 0.0941544 0.0336890 0.1500000
    endloop
  endfacet
  facet normal -0.937339 -0.348419 0
    outer loop
      vertex 0.0941544 0.0336890 -0.0500000
      vertex 0.0932993 0.0359895 0.1500000
      vertex 0.0932993 0.0359895 -0.0500000
    endloop
  endfacet
  facet normal -0.937339 -0.348419 0
    outer loop
      vertex 0.0941544 0.0336890 -0.0500000
      vertex 0.0941544 0.0336890 0.1500000
      vertex 0.0932993 0.0359895 0.1500000
    endloop
  endfacet
  facet normal -0.928506 -0.371317 0
    outer loop
      vertex 0.0932993 0.0359895 -0.0500000
      vertex 0.0923880 0.0382683 0.1500000
      vertex 0.0923880 0.0382683 -0.0500000
    endloop
  endfacet
  facet normal -0.928506 -0.371317 0
    outer loop
      vertex 0.0932993 0.0359895 -0.0500000
      vertex 0.0932993 0.0359895 0.1500000
      vertex 0.0923880 0.0382683 0.1500000
    endloop
  endfacet
  facet normal -0.919114 -0.393992 0
    outer loop
      vertex 0.0923880 0.0382683 -0.0500000
      vertex 0.0914210 0.0405241 0.1500000
      vertex 0.0914210 0.0405241 -0.0500000
    endloop
  endfacet
  facet normal -0.919114 -0.393992 0
    outer loop
      vertex 0.0923880 0.0382683 -0.0500000
      vertex 0.0923880 0.0382683 0.1500000
      vertex 0.0914210 0.0405241 0.1500000
    endloop
  endfacet
  facet normal -0.909168 -0.41643 0
    outer loop
      vertex 0.0914210 0.0405241 -0.0500000
      vertex 0.0903989 0.0427555 0.1500000
      vertex 0.0903989 0.0427555 -0.0500000
    endloop
  endfacet
  facet normal -0.909168 -0.41643 0
    outer loop
      vertex 0.0914210 0.0405241 -0.0500000
      vertex 0.0914210 0.0405241 0.1500000
      vertex 0.0903989 0.0427555 0.1500000
    endloop
  endfacet
  facet normal -0.898674 -0.438616 0
    outer loop
      vertex 0.0903989 0.0427555 -0.0500000
      vertex 0.0893224 0.0449611 0.1500000
      vertex 0.0893224 0.0449611 -0.0500000
    endloop
  endfacet
  facet normal -0.898674 -0.438616 0
    outer loop
      vertex 0.0903989 0.0427555 -0.0500000
      vertex 0.0903989 0.0427555 0.1500000
      vertex 0.0893224 0.0449611 0.1500000
    endloop
  endfacet
  facet normal -0.88764 -0.460539 0
    outer loop
      vertex 0.0893224 0.0449611 -0.0500000
      vertex 0.0881921 0.0471397 0.1500000
      vertex 0.0881921 0.0471397 -0.0500000
    endloop
  endfacet
  facet normal -0.88764 -0.460539 0
    outer loop
      vertex 0.0893224 0.0449611 -0.0500000
      vertex 0.0893224 0.0449611 0.1500000
      vertex 0.0881921 0.0471397 0.1500000
    endloop
  endfacet
  facet normal -0.87607 -0.482184 0
    outer loop
      vertex 0.0881921 0.0471397 -0.0500000
      vertex 0.0870087 0.0492898 0.1500000
      vertex 0.0870087 0.0492898 -0.0500000
    endloop
  endfacet
  facet normal -0.87607 -0.482184 0
    outer loop
      vertex 0.0881921 0.0471397 -0.0500000
      vertex 0.0881921 0.0471397 0.1500000
      vertex 0.0870087 0.0492898 0.1500000
    endloop
  endfacet
  facet normal -0.863973 -0.503538 0
    outer loop
      vertex 0.0870087 0.0492898 -0.0500000
      vertex 0.0857729 0.0514103 0.1500000
      vertex 0.0857729 0.0514103 -0.0500000
    endloop
  endfacet
  facet normal -0.863973 -0.503538 0
    outer loop
      vertex 0.0870087 0.0492898 -0.0500000
      vertex 0.0870087 0.0492898 0.1500000
      vertex 0.0857729 0.0514103 0.1500000
    endloop
  endfacet
  facet normal -0.851355 -0.52459 0
    outer loop
      vertex 0.0857729 0.0514103 -0.0500000
      vertex 0.0844854 0.0534998 0.1500000
      vertex 0.0844854 0.0534998 -0.0500000
    endloop
  endfacet
  facet normal -0.851355 -0.52459 0
    outer loop
      vertex 0.0857729 0.0514103 -0.0500000
      vertex 0.0857729 0.0514103 0.1500000
      vertex 0.0844854 0.0534998 0.1500000
    endloop
  endfacet
  facet normal -0.838225 -0.545325 0
    outer loop
      vertex 0.0844854 0.0534998 -0.0500000
      vertex 0.0831470 0.0555570 0.1500000
      vertex 0.0831470 0.0555570 -0.0500000
    endloop
  endfacet
  facet normal -0.838225 -0.545325 0
    outer loop
      vertex 0.0844854 0.0534998 -0.0500000
      vertex 0.0844854 0.0534998 0.1500000
      vertex 0.0831470 0.0555570 0.1500000
    endloop
  endfacet
  facet normal -0.824589 -0.565732 0
    outer loop
      vertex 0.0831470 0.0555570 -0.0500000
      vertex 0.0817585 0.0575808 0.1500000
      vertex 0.0817585 0.0575808 -0.0500000
    endloop
  endfacet
  facet normal -0.824589 -0.565732 0
    outer loop
      vertex 0.0831470 0.0555570 -0.0500000
      vertex 0.0831470 0.0555570 0.1500000
      vertex 0.0817585 0.0575808 0.1500000
    endloop
  endfacet
  facet normal -0.810457 -0.585798 0
    outer loop
      vertex 0.0817585 0.0575808 -0.0500000
      vertex 0.0803208 0.0595699 0.1500000
      vertex 0.0803208 0.0595699 -0.0500000
    endloop
  endfacet
  facet normal -0.810457 -0.585798 0
    outer loop
      vertex 0.0817585 0.0575808 -0.0500000
      vertex 0.0817585 0.0575808 0.1500000
      vertex 0.0803208 0.0595699 0.1500000
    endloop
  endfacet
  facet normal -0.795837 -0.605511 0
    outer loop
      vertex 0.0803208 0.0595699 -0.0500000
      vertex 0.0788346 0.0615232 0.1500000
      vertex 0.0788346 0.0615232 -0.0500000
    endloop
  endfacet
  facet normal -0.795837 -0.605511 0
    outer loop
      vertex 0.0803208 0.0595699 -0.0500000
      vertex 0.0803208 0.0595699 0.1500000
      vertex 0.0788346 0.0615232 0.1500000
    endloop
  endfacet
  facet normal -0.780737 -0.624859 0
    outer loop
      vertex 0.0788346 0.0615232 -0.0500000
      vertex 0.0773010 0.0634393 0.1500000
      vertex 0.0773010 0.0634393 -0.0500000
    endloop
  endfacet
  facet normal -0.780737 -0.624859 0
    outer loop
      vertex 0.0788346 0.0615232 -0.0500000
      vertex 0.0788346 0.0615232 0.1500000
      vertex 0.0773010 0.0634393 0.1500000
    endloop
  endfacet
  facet normal -0.765167 -0.643832 0
    outer loop
      vertex 0.0773010 0.0634393 -0.0500000
      vertex 0.0757209 0.0653173 0.1500000
      vertex 0.0757209 0.0653173 -0.0500000
    endloop
  endfacet
  facet normal -0.765167 -0.643832 0
    outer loop
      vertex 0.0773010 0.0634393 -0.0500000
      vertex 0.0773010 0.0634393 0.1500000
      vertex 0.0757209 0.0653173 0.1500000
    endloop
  endfacet
  facet normal -0.749136 -0.662416 0
    outer loop
      vertex 0.0757209 0.0653173 -0.0500000
      vertex 0.0740951 0.0671559 0.1500000
      vertex 0.0740951 0.0671559 -0.0500000
    endloop
  endfacet
  facet normal -0.749136 -0.662416 0
    outer loop
      vertex 0.0757209 0.0653173 -0.0500000
      vertex 0.0757209 0.0653173 0.1500000
      vertex 0.0740951 0.0671559 0.1500000
    endloop
  endfacet
  facet normal -0.732654 -0.680601 0
    outer loop
      vertex 0.0740951 0.0671559 -0.0500000
      vertex 0.0724247 0.0689541 0.1500000
      vertex 0.0724247 0.0689541 -0.0500000
    endloop
  endfacet
  facet normal -0.732654 -0.680601 0
    outer loop
      vertex 0.0740951 0.0671559 -0.0500000
      vertex 0.0740951 0.0671559 0.1500000
      vertex 0.0724247 0.0689541 0.1500000
    endloop
  endfacet
  facet normal -0.715731 -0.698376 0
    outer loop
      vertex 0.0724247 0.0689541 -0.0500000
      vertex 0.0707107 0.0707107 0.1500000
      vertex 0.0707107 0.0707107 -0.0500000
    endloop
  endfacet
  facet normal -0.715731 -0.698376 0
    outer loop
      vertex 0.0724247 0.0689541 -0.0500000
      vertex 0.0724247 0.0689541 0.1500000
      vertex 0.0707107 0.0707107 0.1500000
    endloop
  endfacet
  facet normal -0.698376 -0.715731 0
    outer loop
      vertex 0.0707107 0.0707107 -0.0500000
      vertex 0.0689541 0.0724247 0.1500000
      vertex 0.0689541 0.0724247 -0.0500000
    endloop
  endfacet
  facet normal -0.698376 -0.715731 0
    outer loop
      vertex 0.0707107 0.0707107 -0.0500000
      vertex 0.0707107 0.0707107 0.1500000
      vertex 0.0689541 0.0724247 0.1500000
    endloop
  endfacet
  facet normal -0.680601 -0.732654 0
    outer loop
      vertex 0.0689541 0.0724247 -0.0500000
      vertex 0.0671559 0.0740951 0.1500000
      vertex 0.0671559 0.0740951 -0.0500000
    endloop
  endfacet
  facet normal -0.680601 -0.732654 0
    outer loop
      vertex 0.0689541 0.0724247 -0.0500000
      vertex 0.0689541 0.0724247 0.1500000
      vertex 0.0671559 0.0740951 0.1500000
    endloop
  endfacet
  facet normal -0.662416 -0.749136 0
    outer loop
      vertex 0.0671559 0.0740951 -0.0500000
      vertex 0.0653173 0.0757209 0.1500000
      vertex 0.0653173 0.0757209 -0.0500000
    endloop
  endfacet
  facet normal -0.662416 -0.749136 0
    outer loop
      vertex 0.0671559 0.0740951 -0.0500000
      vertex 0.0671559 0.0740951 0.1500000
      vertex 0.0653173 0.0757209 0.1500000
    endloop
  endfacet
  facet normal -0.643832 -0.765167 0
    outer loop
      vertex 0.0653173 0.0757209 -0.0500000
      vertex 0.0634393 0.0773010 0.1500000
      vertex 0.0634393 0.0773010 -0.0500000
    endloop
  endfacet
  facet normal -0.643832 -0.765167 0
    outer loop
      vertex 0.0653173 0.0757209 -0.0500000
      vertex 0.0653173 0.0757209 0.1500000
      vertex 0.0634393 0.0773010 0.1500000
    endloop
  endfacet
  facet normal -0.624859 -0.780737 0
    outer loop
      vertex 0.0634393 0.0773010 -0.0500000
      vertex 0.0615232 0.0788346 0.1500000
      vertex 0.0615232 0.0788346 -0.0500000
    endloop
  endfacet
  facet normal -0.624859 -0.780737 0
    outer loop
      vertex 0.0634393 0.0773010 -0.0500000
      vertex 0.0634393 0.0773010 0.1500000
      vertex 0.0615232 0.0788346 0.1500000
    endloop
  endfacet
  facet normal -0.605511 -0.795837 0
    outer loop
      vertex 0.0615232 0.0788346 -0.0500000
      vertex 0.0595699 0.0803208 0.1500000
      vertex 0.0595699 0.0803208 -0.0500000
    endloop
  endfacet
  facet normal -0.605511 -0.795837 0
    outer loop
      vertex 0.0615232 0.0788346 -0.0500000
      vertex 0.0615232 0.0788346 0.1500000
      vertex 0.0595699 0.0803208 0.1500000
    endloop
  endfacet
  facet normal -0.585798 -0.810457 0
    outer loop
      vertex 0.0595699 0.0803208 -0.0500000
      vertex 0.0575808 0.0817585 0.1500000
      vertex 0.0575808 0.0817585 -0.0500000
    endloop
  endfacet
  facet normal -0.585798 -0.810457 0
    outer loop
      vertex 0.0595699 0.0803208 -0.0500000
      vertex 0.0595699 0.0803208 0.1500000
      vertex 0.0575808 0.0817585 0.1500000
    endloop
  endfacet
  facet normal -0.565732 -0.824589 0
    outer loop
      vertex 0.0575808 0.0817585 -0.0500000
      vertex 0.0555570 0.0831470 0.1500000
      vertex 0.0555570 0.0831470 -0.0500000
    endloop
  endfacet
  facet normal -0.565732 -0.824589 0
    outer loop
      vertex 0.0575808 0.0817585 -0.0500000
      vertex 0.0575808 0.0817585 0.1500000
      vertex 0.0555570 0.0831470 0.1500000
    endloop
  endfacet
  facet normal -0.545325 -0.838225 0
    outer loop
      vertex 0.0555570 0.0831470 -0.0500000
      vertex 0.0534998 0.0844854 0.1500000
      vertex 0.0534998 0.0844854 -0.0500000
    endloop
  endfacet
  facet normal -0.545325 -0.838225 0
    outer loop
      vertex 0.0555570 0.0831470 -0.0500000
      vertex 0.0555570 0.0831470 0.1500000
      vertex 0.0534998 0.0844854 0.1500000
    endloop
  endfacet
  facet normal -0.52459 -0.851355 0
    outer loop
      vertex 0.0534998 0.0844854 -0.0500000
      vertex 0.0514103 0.0857729 0.1500000
      vertex 0.0514103 0.0857729 -0.0500000
    endloop
  endfacet
  facet normal -0.52459 -0.851355 0
    outer loop
      vertex 0.0534998 0.0844854 -0.0500000
      vertex 0.0534998 0.0844854 0.1500000
      vertex 0.0514103 0.0857729 0.1500000
    endloop
  endfacet
  facet normal -0.503538 -0.863973 0
    outer loop
      vertex 0.0514103 0.0857729 -0.0500000
      vertex 0.0492898 0.0870087 0.1500000
      vertex 0.0492898 0.0870087 -0.0500000
    endloop
  endfacet
  facet normal -0.503538 -0.863973 0
    outer loop
      vertex 0.0514103 0.0857729 -0.0500000
      vertex 0.0514103 0.0857729 0.1500000
      vertex 0.0492898 0.0870087 0.1500000
    endloop
  endfacet
  facet normal -0.482184 -0.87607 0
    outer loop
      vertex 0.0492898 0.0870087 -0.0500000
      vertex 0.0471397 0.0881921 0.1500000
      vertex 0.0471397 0.0881921 -0.0500000
    endloop
  endfacet
  facet normal -0.482184 -0.87607 0
    outer loop
      vertex 0.0492898 0.0870087 -0.0500000
      vertex 0.0492898 0.0870087 0.1500000
      vertex 0.0471397 0.0881921 0.1500000
    endloop
  endfacet
  facet normal -0.460539 -0.88764 0
    outer loop
      vertex 0.0471397 0.0881921 -0.0500000
      vertex 0.0449611 0.0893224 0.1500000
      vertex 0.0449611 0.0893224 -0.0500000
    endloop
  endfacet
  facet normal -0.460539 -0.88764 0
    outer loop
      vertex 0.0471397 0.0881921 -0.0500000
      vertex 0.0471397 0.0881921 0.1500000
      vertex 0.0449611 0.0893224 0.1500000
    endloop
  endfacet
  facet normal -0.438616 -0.898674 0
    outer loop
      vertex 0.0449611 0.0893224 -0.0500000
      vertex 0.0427555 0.0903989 0.1500000
      vertex 0.0427555 0.0903989 -0.0500000
    endloop
  endfacet
  facet normal -0.438616 -0.898674 0
    outer loop
      vertex 0.0449611 0.0893224 -0.0500000
      vertex 0.0449611 0.0893224 0.1500000
      vertex 0.0427555 0.0903989 0.1500000
    endloop
  endfacet
  facet normal -0.41643 -0.909168 0
    outer loop
      vertex 0.0427555 0.0903989 -0.0500000
      vertex 0.0405241 0.0914210 0.1500000
      vertex 0.0405241 0.0914210 -0.0500000
    endloop
  endfacet
  facet normal -0.41643 -0.909168 0
    outer loop
      vertex 0.0427555 0.0903989 -0.0500000
      vertex 0.0427555 0.0903989 0.1500000
      vertex 0.0405241 0.0914210 0.1500000
    endloop
  endfacet
  facet normal -0.393992 -0.919114 0
    outer loop
      vertex 0.0405241 0.0914210 -0.0500000
      vertex 0.0382683 0.0923880 0.1500000
      vertex 0.0382683 0.0923880 -0.0500000
    endloop
  endfacet
  facet normal -0.393992 -0.919114 0
    outer loop
      vertex 0.0405241 0.0914210 -0.0500000
      vertex 0.0405241 0.0914210 0.1500000
      vertex 0.0382683 0.0923880 0.1500000
    endloop
  endfacet
  facet normal -0.371317 -0.928506 0
    outer loop
      vertex 0.0382683 0.0923880 -0.0500000
      vertex 0.0359895 0.0932993 0.1500000
      vertex 0.0359895 0.0932993 -0.0500000
    endloop
  endfacet
  facet normal -0.371317 -0.928506 0
    outer loop
      vertex 0.0382683 0.0923880 -0.0500000
      vertex 0.0382683 0.0923880 0.1500000
      vertex 0.0359895 0.0932993 0.1500000
    endloop
  endfacet
  facet normal -0.348419 -0.937339 0
    outer loop
      vertex 0.0359895 0.0932993 -0.0500000
      vertex 0.0336890 0.0941544 0.1500000
      vertex 0.0336890 0.0941544 -0.0500000
    endloop
  endfacet
  facet normal -0.348419 -0.937339 0
    outer loop
      vertex 0.0359895 0.0932993 -0.0500000
      vertex 0.0359895 0.0932993 0.1500000
      vertex 0.0336890 0.0941544 0.1500000
    endloop
  endfacet
  facet normal -0.32531 -0.945607 0
    outer loop
      vertex 0.0336890 0.0941544 -0.0500000
      vertex 0.0313682 0.0949528 0.1500000
      vertex 0.0313682 0.0949528 -0.0500000
    endloop
  endfacet
  facet normal -0.32531 -0.945607 0
    outer loop
      vertex 0.0336890 0.0941544 -0.0500000
      vertex 0.0336890 0.0941544 0.1500000
      vertex 0.0313682 0.0949528 0.1500000
    endloop
  endfacet
  facet normal -0.302006 -0.953306 0
    outer loop
      vertex 0.0313682 0.0949528 -0.0500000
      vertex 0.0290285 0.0956940 0.1500000
      vertex 0.0290285 0.0956940 -0.0500000
    endloop
  endfacet
  facet normal -0.302006 -0.953306 0
    outer loop
      vertex 0.0313682 0.0949528 -0.0500000
      vertex 0.0313682 0.0949528 0.1500000
      vertex 0.0290285 0.0956940 0.1500000
    endloop
  endfacet
  facet normal -0.27852 -0.960431 0
    outer loop
      vertex 0.0290285 0.0956940 -0.0500000
      vertex 0.0266713 0.0963776 0.1500000
      vertex 0.0266713 0.0963776 -0.0500000
    endloop
  endfacet
  facet normal -0.27852 -0.960431 0
    outer loop
      vertex 0.0290285 0.0956940 -0.0500000
      vertex 0.0290285 0.0956940 0.1500000
      vertex 0.0266713 0.0963776 0.1500000
    endloop
  endfacet
  facet normal -0.254866 -0.966976 0
    outer loop
      vertex 0.0266713 0.0963776 -0.0500000
      vertex 0.0242980 0.0970031 0.1500000
      vertex 0.0242980 0.0970031 -0.0500000
    endloop
  endfacet
  facet normal -0.254866 -0.966976 0
    outer loop
      vertex 0.0266713 0.0963776 -0.0500000
      vertex 0.0266713 0.0963776 0.1500000
      vertex 0.0242980 0.0970031 0.1500000
    endloop
  endfacet
  facet normal -0.231058 -0.97294 0
    outer loop
      vertex 0.0242980 0.0970031 -0.0500000
      vertex 0.0219101 0.0975702 0.1500000
      vertex 0.0219101 0.0975702 -0.0500000
    endloop
  endfacet
  facet normal -0.231058 -0.97294 0
    outer loop
      vertex 0.0242980 0.0970031 -0.0500000
      vertex 0.0242980 0.0970031 0.1500000
      vertex 0.0219101 0.0975702 0.1500000
    endloop
  endfacet
  facet normal -0.207111 -0.978317 0
    outer loop
      vertex 0.0219101 0.0975702 -0.0500000
      vertex 0.0195090 0.0980785 0.1500000
      vertex 0.0195090 0.0980785 -0.0500000
    endloop
  endfacet
  facet normal -0.207111 -0.978317 0
    outer loop
      vertex 0.0219101 0.0975702 -0.0500000
      vertex 0.0219101 0.0975702 0.1500000
      vertex 0.0195090 0.0980785 0.1500000
    endloop
  endfacet
  facet normal -0.18304 -0.983105 0
    outer loop
      vertex 0.0195090 0.0980785 -0.0500000
      vertex 0.0170962 0.0985278 0.1500000
      vertex 0.0170962 0.0985278 -0.0500000
    endloop
  endfacet
  facet normal -0.18304 -0.983105 0
    outer loop
      vertex 0.0195090 0.0980785 -0.0500000
      vertex 0.0195090 0.0980785 0.1500000
      vertex 0.0170962 0.0985278 0.1500000
    endloop
  endfacet
  facet normal -0.158858 -0.987301 0
    outer loop
      vertex 0.0170962 0.0985278 -0.0500000
      vertex 0.0146730 0.0989177 0.1500000
      vertex 0.0146730 0.0989177 -0.0500000
    endloop
  endfacet
  facet normal -0.158858 -0.987301 0
    outer loop
      vertex 0.0170962 0.0985278 -0.0500000
      vertex 0.0170962 0.0985278 0.1500000
      vertex 0.0146730 0.0989177 0.1500000
    endloop
  endfacet
  facet normal -0.134581 -0.990903 0
    outer loop
      vertex 0.0146730 0.0989177 -0.0500000
      vertex 0.0122411 0.0992480 0.1500000
      vertex 0.0122411 0.0992480 -0.0500000
    endloop
  endfacet
  facet normal -0.134581 -0.990903 0
    outer loop
      vertex 0.0146730 0.0989177 -0.0500000
      vertex 0.0146730 0.0989177 0.1500000
      vertex 0.0122411 0.0992480 0.1500000
    endloop
  endfacet
  facet normal -0.110222 -0.993907 0
    outer loop
      vertex 0.0122411 0.0992480 -0.0500000
      vertex 0.0098017 0.0995185 0.1500000
      vertex 0.0098017 0.0995185 -0.0500000
    endloop
  endfacet
  facet normal -0.110222 -0.993907 0
    outer loop
      vertex 0.0122411 0.0992480 -0.0500000
      vertex 0.0122411 0.0992480 0.1500000
      vertex 0.0098017 0.0995185 0.1500000
    endloop
  endfacet
  facet normal -0.0857973 -0.996313 0
    outer loop
      vertex 0.0098017 0.0995185 -0.0500000
      vertex 0.0073565 0.0997290 0.1500000
      vertex 0.0073565 0.0997290 -0.0500000
    endloop
  endfacet
  facet normal -0.0857973 -0.996313 0
    outer loop
      vertex 0.0098017 0.0995185 -0.0500000
      vertex 0.0098017 0.0995185 0.1500000
      vertex 0.0073565 0.0997290 0.1500000
    endloop
  endfacet
  facet normal -0.0613207 -0.998118 0
    outer loop
      vertex 0.0073565 0.0997290 -0.0500000
      vertex 0.0049068 0.0998795 0.1500000
      vertex 0.0049068 0.0998795 -0.0500000
    endloop
  endfacet
  facet normal -0.0613207 -0.998118 0
    outer loop
      vertex 0.0073565 0.0997290 -0.0500000
      vertex 0.0073565 0.0997290 0.1500000
      vertex 0.0049068 0.0998795 0.1500000
    endloop
  endfacet
  facet normal -0.0368072 -0.999322 0
    outer loop
      vertex 0.0049068 0.0998795 -0.0500000
      vertex 0.0024541 0.0999699 0.1500000
      vertex 0.0024541 0.0999699 -0.0500000
    endloop
  endfacet
  facet normal -0.0368072 -0.999322 0
    outer loop
      vertex 0.0049068 0.0998795 -0.0500000
      vertex 0.0049068 0.0998795 0.1500000
      vertex 0.0024541 0.0999699 0.1500000
    endloop
  endfacet
  facet normal -0.0122715 -0.999925 0
    outer loop
      vertex 0.0024541 0.0999699 -0.0500000
      vertex 0.0000000 0.1000000 0.1500000
      vertex 0.0000000 0.1000000 -0.0500000
    endloop
  endfacet
  facet normal -0.0122715 -0.999925 0
    outer loop
      vertex 0.0024541 0.0999699 -0.0500000
      vertex 0.0024541 0.0999699 0.1500000
      vertex 0.0000000 0.1000000 0.1500000
    endloop
  endfacet
  facet normal 0.0122715 -0.999925 0
    outer loop
      vertex 0.0000000 0.1000000 -0.0500000
      vertex -0.0024541 0.0999699 0.1500000
      vertex -0.0024541 0.0999699 -0.0500000
    endloop
  endfacet
  facet normal 0.0122715 -0.999925 0
    outer loop
      vertex 0.0000000 0.1000000 -0.0500000
      vertex 0.0000000 0.1000000 0.1500000
      vertex -0.0024541 0.0999699 0.1500000
    endloop
  endfacet
  facet normal 0.0368072 -0.999322 0
    outer loop
      vertex -0.0024541 0.0999699 -0.0500000
      vertex -0.0049068 0.0998795 0.1500000
      vertex -0.0049068 0.0998795 -0.0500000
    endloop
  endfacet
  facet normal 0.0368072 -0.999322 0
    outer loop
      vertex -0.0024541 0.0999699 -0.0500000
      vertex -0.0024541 0.0999699 0.1500000
      vertex -0.0049068 0.0998795 0.1500000
    endloop
  endfacet
  facet normal 0.0613207 -0.998118 0
    outer loop
      vertex -0.0049068 0.0998795 -0.0500000
      vertex -0.0073565 0.0997290 0.1500000
      vertex -0.0073565 0.0997290 -0.0500000
    endloop
  endfacet
  facet normal 0.0613207 -0.998118 0
    outer loop
      vertex -0.0049068 0.0998795 -0.0500000
      vertex -0.0049068 0.0998795 0.1500000
      vertex -0.0073565 0.0997290 0.1500000
    endloop
  endfacet
  facet normal 0.0857973 -0.996313 0
    outer loop
      vertex -0.0073565 0.0997290 -0.0500000
      vertex -0.0098017 0.0995185 0.1500000
      vertex -0.0098017 0.0995185 -0.0500000
    endloop
  endfacet
  facet normal 0.0857973 -0.996313 0
    outer loop
      vertex -0.0073565 0.0997290 -0.0500000
      vertex -0.0073565 0.0997290 0.1500000
      vertex -0.0098017 0.0995185 0.1500000
    endloop
  endfacet
  facet normal 0.110222 -0.993907 0
    outer loop
      vertex -0.0098017 0.0995185 -0.0500000
      vertex -0.0122411 0.0992480 0.1500000
      vertex -0.0122411 0.0992480 -0.0500000
    endloop
  endfacet
  facet normal 0.110222 -0.993907 0
    outer loop
      vertex -0.0098017 0.0995185 -0.0500000
      vertex -0.0098017 0.0995185 0.1500000
      vertex -0.0122411 0.0992480 0.1500000
    endloop
  endfacet
  facet normal 0.134581 -0.990903 0
    outer loop
      vertex -0.0122411 0.0992480 -0.0500000
      vertex -0.0146730 0.0989177 0.1500000
      vertex -0.0146730 0.0989177 -0.0500000
    endloop
  endfacet
  facet normal 0.134581 -0.990903 0
    outer loop
      vertex -0.0122411 0.0992480 -0.0500000
      vertex -0.0122411 0.0992480 0.1500000
      vertex -0.0146730 0.0989177 0.1500000
    endloop
  endfacet
  facet normal 0.158858 -0.987301 0
    outer loop
      vertex -0.0146730 0.0989177 -0.0500000
      vertex -0.0170962 0.0985278 0.1500000
      vertex -0.0170962 0.0985278 -0.0500000
    endloop
  endfacet
  facet normal 0.158858 -0.987301 0
    outer loop
      vertex -0.0146730 0.0989177 -0.0500000
      vertex -0.0146730 0.0989177 0.1500000
      vertex -0.0170962 0.0985278 0.1500000
    endloop
  endfacet
  facet normal 0.18304 -0.983105 0
    outer loop
      vertex -0.0170962 0.0985278 -0.0500000
      vertex -0.0195090 0.0980785 0.1500000
      vertex -0.0195090 0.0980785 -0.0500000
    endloop
  endfacet
  facet normal 0.18304 -0.983105 0
    outer loop
      vertex -0.0170962 0.0985278 -0.0500000
      vertex -0.0170962 0.0985278 0.1500000
      vertex -0.0195090 0.0980785 0.1500000
    endloop
  endfacet
  facet normal 0.207111 -0.978317 0
    outer loop
      vertex -0.0195090 0.0980785 -0.0500000
      vertex -0.0219101 0.0975702 0.1500000
      vertex -0.0219101 0.0975702 -0.0500000
    endloop
  endfacet
  facet normal 0.207111 -0.978317 0
    outer loop
      vertex -0.0195090 0.0980785 -0.0500000
      vertex -0.0195090 0.0980785 0.1500000
      vertex -0.0219101 0.0975702 0.1500000
    endloop
  endfacet
  facet normal 0.231058 -0.97294 0
    outer loop
      vertex -0.0219101 0.0975702 -0.0500000
      vertex -0.0242980 0.0970031 0.1500000
      vertex -0.0242980 0.0970031 -0.0500000
    endloop
  endfacet
  facet normal 0.231058 -0.97294 0
    outer loop
      vertex -0.0219101 0.0975702 -0.0500000
      vertex -0.0219101 0.0975702 0.1500000
      vertex -0.0242980 0.0970031 0.1500000
    endloop
  endfacet
  facet normal 0.254866 -0.966976 0
    outer loop
      vertex -0.0242980 0.0970031 -0.0500000
      vertex -0.0266713 0.0963776 0.1500000
      vertex -0.0266713 0.0963776 -0.0500000
    endloop
  endfacet
  facet normal 0.254866 -0.966976 0
    outer loop
      vertex -0.0242980 0.0970031 -0.0500000
      vertex -0.0242980 0.0970031 0.1500000
      vertex -0.0266713 0.0963776 0.1500000
    endloop
  endfacet
  facet normal 0.27852 -0.960431 0
    outer loop
      vertex -0.0266713 0.0963776 -0.0500000
      vertex -0.0290285 0.0956940 0.1500000
      vertex -0.0290285 0.0956940 -0.0500000
    endloop
  endfacet
  facet normal 0.27852 -0.960431 0
    outer loop
      vertex -0.0266713 0.0963776 -0.0500000
      vertex -0.0266713 0.0963776 0.1500000
      vertex -0.0290285 0.0956940 0.1500000
    endloop
  endfacet
  facet normal 0.302006 -0.953306 0
    outer loop
      vertex -0.0290285 0.0956940 -0.0500000
      vertex -0.0313682 0.0949528 0.1500000
      vertex -0.0313682 0.0949528 -0.0500000
    endloop
  endfacet
  facet normal 0.302006 -0.953306 0
    outer loop
      vertex -0.0290285 0.0956940 -0.0500000
      vertex -0.0290285 0.0956940 0.1500000
      vertex -0.0313682 0.0949528 0.1500000
    endloop
  endfacet
  facet normal 0.32531 -0.945607 0
    outer loop
      vertex -0.0313682 0.0949528 -0.0500000
      vertex -0.0336890 0.0941544 0.1500000
      vertex -0.0336890 0.0941544 -0.0500000
    endloop
  endfacet
  facet normal 0.32531 -0.945607 0
    outer loop
      vertex -0.0313682 0.0949528 -0.0500000
      vertex -0.0313682 0.0949528 0.1500000
      vertex -0.0336890 0.0941544 0.1500000
    endloop
  endfacet
  facet normal 0.348419 -0.937339 0
    outer loop
      vertex -0.0336890 0.0941544 -0.0500000
      vertex -0.0359895 0.0932993 0.1500000
      vertex -0.0359895 0.0932993 -0.0500000
    endloop
  endfacet
  facet normal 0.348419 -0.937339 0
    outer loop
      vertex -0.0336890 0.0941544 -0.0500000
      vertex -0.0336890 0.0941544 0.1500000
      vertex -0.0359895 0.0932993 0.1500000
    endloop
  endfacet
  facet normal 0.371317 -0.928506 0
    outer loop
      vertex -0.0359895 0.0932993 -0.0500000
      vertex -0.0382683 0.0923880 0.1500000
      vertex -0.0382683 0.0923880 -0.0500000
    endloop
  endfacet
  facet normal 0.371317 -0.928506 0
    outer loop
      vertex -0.0359895 0.0932993 -0.0500000
      vertex -0.0359895 0.0932993 0.1500000
      vertex -0.0382683 0.0923880 0.1500000
    endloop
  endfacet
  facet normal 0.393992 -0.919114 0
    outer loop
      vertex -0.0382683 0.0923880 -0.0500000
      vertex -0.0405241 0.0914210 0.1500000
      vertex -0.0405241 0.0914210 -0.0500000
    endloop
  endfacet
  facet normal 0.393992 -0.919114 0
    outer loop
      vertex -0.0382683 0.0923880 -0.0500000
      vertex -0.0382683 0.0923880 0.1500000
      vertex -0.0405241 0.0914210 0.1500000
    endloop
  endfacet
  facet normal 0.41643 -0.909168 0
    outer loop
      vertex -0.0405241 0.0914210 -0.0500000
      vertex -0.0427555 0.0903989 0.1500000
      vertex -0.0427555 0.0903989 -0.0500000
    endloop
  endfacet
  facet normal 0.41643 -0.909168 0
    outer loop
      vertex -0.0405241 0.0914210 -0.0500000
      vertex -0.0405241 0.0914210 0.1500000
      vertex -0.0427555 0.0903989 0.1500000
    endloop
  endfacet
  facet normal 0.438616 -0.898674 0
    outer loop
      vertex -0.0427555 0.0903989 -0.0500000
      vertex -0.0449611 0.0893224 0.1500000
      vertex -0.0449611 0.0893224 -0.0500000
    endloop
  endfacet
  facet normal 0.438616 -0.898674 0
    outer loop
      vertex -0.0427555 0.0903989 -0.0500000
      vertex -0.0427555 0.0903989 0.1500000
      vertex -0.0449611 0.0893224 0.1500000
    endloop
  endfacet
  facet normal 0.460539 -0.88764 0
    outer loop
      vertex -0.0449611 0.0893224 -0.0500000
      vertex -0.0471397 0.0881921 0.1500000
      vertex -0.0471397 0.0881921 -0.0500000
    endloop
  endfacet
  facet normal 0.460539 -0.88764 0
    outer loop
      vertex -0.0449611 0.0893224 -0.0500000
      vertex -0.0449611 0.0893224 0.1500000
      vertex -0.0471397 0.0881921 0.1500000
    endloop
  endfacet
  facet normal 0.482184 -0.87607 0
    outer loop
      vertex -0.0471397 0.0881921 -0.0500000
      vertex -0.0492898 0.0870087 0.1500000
      vertex -0.0492898 0.0870087 -0.0500000
    endloop
  endfacet
  facet normal 0.482184 -0.87607 0
    outer loop
      vertex -0.0471397 0.0881921 -0.0500000
      vertex -0.0471397 0.0881921 0.1500000
      vertex -0.0492898 0.0870087 0.1500000
    endloop
  endfacet
  facet normal 0.503538 -0.863973 0
    outer loop
      vertex -0.0492898 0.0870087 -0.0500000
      vertex -0.0514103 0.0857729 0.1500000
      vertex -0.0514103 0.0857729 -0.0500000
    endloop
  endfacet
  facet normal 0.503538 -0.863973 0
    outer loop
      vertex -0.0492898 0.0870087 -0.0500000
      vertex -0.0492898 0.0870087 0.1500000
      vertex -0.0514103 0.0857729 0.1500000
    endloop
  endfacet
  facet normal 0.52459 -0.851355 0
    outer loop
      vertex -0.0514103 0.0857729 -0.0500000
      vertex -0.0534998 0.0844854 0.1500000
      vertex -0.0534998 0.0844854 -0.0500000
    endloop
  endfacet
  facet normal 0.52459 -0.851355 0
    outer loop
      vertex -0.0514103 0.0857729 -0.0500000
      vertex -0.0514103 0.0857729 0.1500000
      vertex -0.0534998 0.0844854 0.1500000
    endloop
  endfacet
  facet normal 0.545325 -0.838225 0
    outer loop
      vertex -0.0534998 0.0844854 -0.0500000
      vertex -0.0555570 0.0831470 0.1500000
      vertex -0.0555570 0.0831470 -0.0500000
    endloop
  endfacet
  facet normal 0.545325 -0.838225 0
    outer loop
      vertex -0.0534998 0.0844854 -0.0500000
      vertex -0.0534998 0.0844854 0.1500000
      vertex -0.0555570 0.0831470 0.1500000
    endloop
  endfacet
  facet normal 0.565732 -0.824589 0
    outer loop
      vertex -0.0555570 0.0831470 -0.0500000
      vertex -0.0575808 0.0817585 0.1500000
      vertex -0.0575808 0.0817585 -0.0500000
    endloop
  endfacet
  facet normal 0.565732 -0.824589 0
    outer loop
      vertex -0.0555570 0.0831470 -0.0500000
      vertex -0.0555570 0.0831470 0.1500000
      vertex -0.0575808 0.0817585 0.1500000
    endloop
  endfacet
  facet normal 0.585798 -0.810457 0
    outer loop
      vertex -0.0575808 0.0817585 -0.0500000
      vertex -0.0595699 0.0803208 0.1500000
      vertex -0.0595699 0.0803208 -0.0500000
    endloop
  endfacet
  facet normal 0.585798 -0.810457 0
    outer loop
      vertex -0.0575808 0.0817585 -0.0500000
      vertex -0.0575808 0.0817585 0.1500000
      vertex -0.0595699 0.0803208 0.1500000
    endloop
  endfacet
  facet normal 0.605511 -0.795837 0
    outer loop
      vertex -0.0595699 0.0803208 -0.0500000
      vertex -0.0615232 0.0788346 0.1500000
      vertex -0.0615232 0.0788346 -0.0500000
    endloop
  endfacet
  facet normal 0.605511 -0.795837 0
    outer loop
      vertex -0.0595699 0.0803208 -0.0500000
      vertex -0.0595699 0.0803208 0.1500000
      vertex -0.0615232 0.0788346 0.1500000
    endloop
  endfacet
  facet normal 0.624859 -0.780737 0
    outer loop
      vertex -0.0615232 0.0788346 -0.0500000
      vertex -0.0634393 0.0773010 0.1500000
      vertex -0.0634393 0.0773010 -0.0500000
    endloop
  endfacet
  facet normal 0.624859 -0.780737 0
    outer loop
      vertex -0.0615232 0.0788346 -0.0500000
      vertex -0.0615232 0.0788346 0.1500000
      vertex -0.0634393 0.0773010 0.1500000
    endloop
  endfacet
  facet normal 0.643832 -0.765167 0
    outer loop
      vertex -0.0634393 0.0773010 -0.0500000
      vertex -0.0653173 0.0757209 0.1500000
      vertex -0.0653173 0.0757209 -0.0500000
    endloop
  endfacet
  facet normal 0.643832 -0.765167 0
    outer loop
      vertex -0.0634393 0.0773010 -0.0500000
      vertex -0.0634393 0.0773010 0.1500000
      vertex -0.0653173 0.0757209 0.1500000
    endloop
  endfacet
  facet normal 0.662416 -0.749136 0
    outer loop
      vertex -0.0653173 0.0757209 -0.0500000
      vertex -0.0671559 0.0740951 0.1500000
      vertex -0.0671559 0.0740951 -0.0500000
    endloop
  endfacet
  facet normal 0.662416 -0.749136 0
    outer loop
      vertex -0.0653173 0.0757209 -0.0500000
      vertex -0.0653173 0.0757209 0.1500000
      vertex -0.0671559 0.0740951 0.1500000
    endloop
  endfacet
  facet normal 0.680601 -0.732654 0
    outer loop
      vertex -0.0671559 0.0740951 -0.0500000
      vertex -0.0689541 0.0724247 0.1500000
      vertex -0.0689541 0.0724247 -0.0500000
    endloop
  endfacet
  facet normal 0.680601 -0.732654 0
    outer loop
      vertex -0.0671559 0.0740951 -0.0500000
      vertex -0.0671559 0.0740951 0.1500000
      vertex -0.0689541 0.0724247 0.1500000
    endloop
  endfacet
  facet normal 0.698376 -0.715731 0
    outer loop
      vertex -0.0689541 0.0724247 -0.0500000
      vertex -0.0707107 0.0707107 0.1500000
      vertex -0.0707107 0.0707107 -0.0500000
    endloop
  endfacet
  facet normal 0.698376 -0.715731 0
    outer loop
      vertex -0.0689541 0.0724247 -0.0500000
      vertex -0.0689541 0.0724247 0.1500000
      vertex -0.0707107 0.0707107 0.1500000
    endloop
  endfacet
  facet normal 0.715731 -0.698376 0
    outer loop
      vertex -0.0707107 0.0707107 -0.0500000
      vertex -0.0724247 0.0689541 0.1500000
      vertex -0.0724247 0.0689541 -0.0500000
    endloop
  endfacet
  facet normal 0.715731 -0.698376 0
    outer loop
      vertex -0.0707107 0.0707107 -0.0500000
      vertex -0.0707107 0.0707107 0.1500000
      vertex -0.0724247 0.0689541 0.1500000
    endloop
  endfacet
  facet normal 0.732654 -0.680601 0
    outer loop
      vertex -0.0724247 0.0689541 -0.0500000
      vertex -0.0740951 0.0671559 0.1500000
      vertex -0.0740951 0.0671559 -0.0500000
    endloop
  endfacet
  facet normal 0.732654 -0.680601 0
    outer loop
      vertex -0.0724247 0.0689541 -0.0500000
      vertex -0.0724247 0.0689541 0.1500000
      vertex -0.0740951 0.0671559 0.1500000
    endloop
  endfacet
  facet normal 0.749136 -0.662416 0
    outer loop
      vertex -0.0740951 0.0671559 -0.0500000
      vertex -0.0757209 0.0653173 0.1500000
      vertex -0.0757209 0.0653173 -0.0500000
    endloop
  endfacet
  facet normal 0.749136 -0.662416 0
    outer loop
      vertex -0.0740951 0.0671559 -0.0500000
      vertex -0.0740951 0.0671559 0.1500000
      vertex -0.0757209 0.0653173 0.1500000
    endloop
  endfacet
  facet normal 0.765167 -0.643832 0
    outer loop
      vertex -0.0757209 0.0653173 -0.0500000
      vertex -0.0773010 0.0634393 0.1500000
      vertex -0.0773010 0.0634393 -0.0500000
    endloop
  endfacet
  facet normal 0.765167 -0.643832 0
    outer loop
      vertex -0.0757209 0.0653173 -0.0500000
      vertex -0.0757209 0.0653173 0.1500000
      vertex -0.0773010 0.0634393 0.1500000
    endloop
  endfacet
  facet normal 0.780737 -0.624859 0
    outer loop
      vertex -0.0773010 0.0634393 -0.0500000
      vertex -0.0788346 0.0615232 0.1500000
      vertex -0.0788346 0.0615232 -0.0500000
    endloop
  endfacet
  facet normal 0.780737 -0.624859 0
    outer loop
      vertex -0.0773010 0.0634393 -0.0500000
      vertex -0.0773010 0.0634393 0.1500000
      vertex -0.0788346 0.0615232 0.1500000
    endloop
  endfacet
  facet normal 0.795837 -0.605511 0
    outer loop
      vertex -0.0788346 0.0615232 -0.0500000
      vertex -0.0803208 0.0595699 0.1500000
      vertex -0.0803208 0.0595699 -0.0500000
    endloop
  endfacet
  facet normal 0.795837 -0.605511 0
    outer loop
      vertex -0.0788346 0.0615232 -0.0500000
      vertex -0.0788346 0.0615232 0.1500000
      vertex -0.0803208 0.0595699 0.1500000
    endloop
  endfacet
  facet normal 0.810457 -0.585798 0
    outer loop
      vertex -0.0803208 0.0595699 -0.0500000
      vertex -0.0817585 0.0575808 0.1500000
      vertex -0.0817585 0.0575808 -0.0500000
    endloop
  endfacet
  facet normal 0.810457 -0.585798 0
    outer loop
      vertex -0.0803208 0.0595699 -0.0500000
      vertex -0.0803208 0.0595699 0.1500000
      vertex -0.0817585 0.0575808 0.1500000
    endloop
  endfacet
  facet normal 0.824589 -0.565732 0
    outer loop
      vertex -0.0817585 0.0575808 -0.0500000
      vertex -0.0831470 0.0555570 0.1500000
      vertex -0.0831470 0.0555570 -0.0500000
    endloop
  endfacet
  facet normal 0.824589 -0.565732 0
    outer loop
      vertex -0.0817585 0.0575808 -0.0500000
      vertex -0.0817585 0.0575808 0.1500000
      vertex -0.0831470 0.0555570 0.1500000
    endloop
  endfacet
  facet normal 0.838225 -0.545325 0
    outer loop
      vertex -0.0831470 0.0555570 -0.0500000
      vertex -0.0844854 0.0534998 0.1500000
      vertex -0.0844854 0.0534998 -0.0500000
    endloop
  endfacet
  facet normal 0.838225 -0.545325 0
    outer loop
      vertex -0.0831470 0.0555570 -0.0500000
      vertex -0.0831470 0.0555570 0.1500000
      vertex -0.0844854 0.0534998 0.1500000
    endloop
  endfacet
  facet normal 0.851355 -0.52459 0
    outer loop
      vertex -0.0844854 0.0534998 -0.0500000
      vertex -0.0857729 0.0514103 0.1500000
      vertex -0.0857729 0.0514103 -0.0500000
    endloop
  endfacet
  facet normal 0.851355 -0.52459 0
    outer loop
      vertex -0.0844854 0.0534998 -0.0500000
      vertex -0.0844854 0.0534998 0.1500000
      vertex -0.0857729 0.0514103 0.1500000
    endloop
  endfacet
  facet normal 0.863973 -0.503538 0
    outer loop
      vertex -0.0857729 0.0514103 -0.0500000
      vertex -0.0870087 0.0492898 0.1500000
      vertex -0.0870087 0.0492898 -0.0500000
    endloop
  endfacet
  facet normal 0.863973 -0.503538 0
    outer loop
      vertex -0.0857729 0.0514103 -0.0500000
      vertex -0.0857729 0.0514103 0.1500000
      vertex -0.0870087 0.0492898 0.1500000
    endloop
  endfacet
  facet normal 0.87607 -0.482184 0
    outer loop
      vertex -0.0870087 0.0492898 -0.0500000
      vertex -0.0881921 0.0471397 0.1500000
      vertex -0.0881921 0.0471397 -0.0500000
    endloop
  endfacet
  facet normal 0.87607 -0.482184 0
    outer loop
      vertex -0.0870087 0.0492898 -0.0500000
      vertex -0.0870087 0.0492898 0.1500000
      vertex -0.0881921 0.0471397 0.1500000
    endloop
  endfacet
  facet normal 0.88764 -0.460539 0
    outer loop
      vertex -0.0881921 0.0471397 -0.0500000
      vertex -0.0893224 0.0449611 0.1500000
      vertex -0.0893224 0.0449611 -0.0500000
    endloop
  endfacet
  facet normal 0.88764 -0.460539 0
    outer loop
      vertex -0.0881921 0.0471397 -0.0500000
      vertex -0.0881921 0.0471397 0.1500000
      vertex -0.0893224 0.0449611 0.1500000
    endloop
  endfacet
  facet normal 0.898674 -0.438616 0
    outer loop
      vertex -0.0893224 0.0449611 -0.0500000
      vertex -0.0903989 0.0427555 0.1500000
      vertex -0.0903989 0.0427555 -0.0500000
    endloop
  endfacet
  facet normal 0.898674 -0.438616 0
    outer loop
      vertex -0.0893224 0.0449611 -0.0500000
      vertex -0.0893224 0.0449611 0.1500000
      vertex -0.0903989 0.0427555 0.1500000
    endloop
  endfacet
  facet normal 0.909168 -0.41643 0
    outer loop
      vertex -0.0903989 0.0427555 -0.0500000
      vertex -0.0914210 0.0405241 0.1500000
      vertex -0.0914210 0.0405241 -0.0500000
    endloop
  endfacet
  facet normal 0.909168 -0.41643 0
    outer loop
      vertex -0.0903989 0.0427555 -0.0500000
      vertex -0.0903989 0.0427555 0.1500000
      vertex -0.0914210 0.0405241 0.1500000
    endloop
  endfacet
  facet normal 0.919114 -0.393992 0
    outer loop
      vertex -0.0914210 0.0405241 -0.0500000
      vertex -0.0923880 0.0382683 0.1500000
      vertex -0.0923880 0.0382683 -0.0500000
    endloop
  endfacet
  facet normal 0.919114 -0.393992 0
    outer loop
      vertex -0.0914210 0.0405241 -0.0500000
      vertex -0.0914210 0.0405241 0.1500000
      vertex -0.0923880 0.0382683 0.1500000
    endloop
  endfacet
  facet normal 0.928506 -0.371317 0
    outer loop
      vertex -0.0923880 0.0382683 -0.0500000
      vertex -0.0932993 0.0359895 0.1500000
      vertex -0.0932993 0.0359895 -0.0500000
    endloop
  endfacet
  facet normal 0.928506 -0.371317 0
    outer loop
      vertex -0.0923880 0.0382683 -0.0500000
      vertex -0.0923880 0.0382683 0.1500000
      vertex -0.0932993 0.0359895 0.1500000
    endloop
  endfacet
  facet normal 0.937339 -0.348419 0
    outer loop
      vertex -0.0932993 0.0359895 -0.0500000
      vertex -0.0941544 0.0336890 0.1500000
      vertex -0.0941544 0.0336890 -0.0500000
    endloop
  endfacet
  facet normal 0.937339 -0.348419 0
    outer loop
      vertex -0.0932993 0.0359895 -0.0500000
      vertex -0.0932993 0.0359895 0.1500000
      vertex -0.0941544 0.0336890 0.1500000
    endloop
  endfacet
  facet normal 0.945607 -0.32531 0
    outer loop
      vertex -0.0941544 0.0336890 -0.0500000
      vertex -0.0949528 0.0313682 0.1500000
      vertex -0.0949528 0.0313682 -0.0500000
    endloop
  endfacet
  facet normal 0.945607 -0.32531 0
    outer loop
      vertex -0.0941544 0.0336890 -0.0500000
      vertex -0.0941544 0.0336890 0.1500000
      vertex -0.0949528 0.0313682 0.1500000
    endloop
  endfacet
  facet normal 0.953306 -0.302006 0
    outer loop
      vertex -0.0949528 0.0313682 -0.0500000
      vertex -0.0956940 0.0290285 0.1500000
      vertex -0.0956940 0.0290285 -0.0500000
    endloop
  endfacet
  facet normal 0.953306 -0.302006 0
    outer loop
      vertex -0.0949528 0.0313682 -0.0500000
      vertex -0.0949528 0.0313682 0.1500000
      vertex -0.0956940 0.0290285 0.1500000
    endloop
  endfacet
  facet normal 0.960431 -0.27852 0
    outer loop
      vertex -0.0956940 0.0290285 -0.0500000
      vertex -0.0963776 0.0266713 0.1500000
      vertex -0.0963776 0.0266713 -0.0500000
    endloop
  endfacet
  facet normal 0.960431 -0.27852 0
    outer loop
      vertex -0.0956940 0.0290285 -0.0500000
      vertex -0.0956940 0.0290285 0.1500000
      vertex -0.0963776 0.0266713 0.1500000
    endloop
  endfacet
  facet normal 0.966976 -0.254866 0
    outer loop
      vertex -0.0963776 0.0266713 -0.0500000
      vertex -0.0970031 0.0242980 0.1500000
      vertex -0.0970031 0.0242980 -0.0500000
    endloop
  endfacet
  facet normal 0.966976 -0.254866 0
    outer loop
      vertex -0.0963776 0.0266713 -0.0500000
      vertex -0.0963776 0.0266713 0.1500000
      vertex -0.0970031 0.0242980 0.1500000
    endloop
  endfacet
  facet normal 0.97294 -0.231058 0
    outer loop
      vertex -0.0970031 0.0242980 -0.0500000
      vertex -0.0975702 0.0219101 0.1500000
      vertex -0.0975702 0.0219101 -0.0500000
    endloop
  endfacet
  facet normal 0.97294 -0.231058 0
    outer loop
      vertex -0.0970031 0.0242980 -0.0500000
      vertex -0.0970031 0.0242980 0.1500000
      vertex -0.0975702 0.0219101 0.1500000
    endloop
  endfacet
  facet normal 0.978317 -0.207111 0
    outer loop
      vertex -0.0975702 0.0219101 -0.0500000
      vertex -0.0980785 0.0195090 0.1500000
      vertex -0.0980785 0.0195090 -0.0500000
    endloop
  endfacet
  facet normal 0.978317 -0.207111 0
    outer loop
      vertex -0.0975702 0.0219101 -0.0500000
      vertex -0.0975702 0.0219101 0.1500000
      vertex -0.0980785 0.0195090 0.1500000
    endloop
  endfacet
  facet normal 0.983105 -0.18304 0
    outer loop
      vertex -0.0980785 0.0195090 -0.0500000
      vertex -0.0985278 0.0170962 0.1500000
      vertex -0.0985278 0.0170962 -0.0500000
    endloop
  endfacet
  facet normal 0.983105 -0.18304 0
    outer loop
      vertex -0.0980785 0.0195090 -0.0500000
      vertex -0.0980785 0.0195090 0.1500000
      vertex -0.0985278 0.0170962 0.1500000
    endloop
  endfacet
  facet normal 0.987301 -0.158858 0
    outer loop
      vertex -0.0985278 0.0170962 -0.0500000
      vertex -0.0989177 0.0146730 0.1500000
      vertex -0.0989177 0.0146730 -0.0500000
    endloop
  endfacet
  facet normal 0.987301 -0.158858 0
    outer loop
      vertex -0.0985278 0.0170962 -0.0500000
      vertex -0.0985278 0.0170962 0.1500000
      vertex -0.0989177 0.0146730 0.1500000
    endloop
  endfacet
  facet normal 0.990903 -0.134581 0
    outer loop
      vertex -0.0989177 0.0146730 -0.0500000
      vertex -0.0992480 0.0122411 0.1500000
      vertex -0.0992480 0.0122411 -0.0500000
    endloop
  endfacet
  facet normal 0.990903 -0.134581 0
    outer loop
      vertex -0.0989177 0.0146730 -0.0500000
      vertex -0.0989177 0.0146730 0.1500000
      vertex -0.0992480 0.0122411 0.1500000
    endloop
  endfacet
  facet normal 0.993907 -0.110222 0
    outer loop
      vertex -0.0992480 0.0122411 -0.0500000
      vertex -0.0995185 0.0098017 0.1500000
      vertex -0.0995185 0.0098017 -0.0500000
    endloop
  endfacet
  facet normal 0.993907 -0.110222 0
    outer loop
      vertex -0.0992480 0.0122411 -0.0500000
      vertex -0.0992480 0.0122411 0.1500000
      vertex -0.0995185 0.0098017 0.1500000
    endloop
  endfacet
  facet normal 0.996313 -0.0857973 0
    outer loop
      vertex -0.0995185 0.0098017 -0.0500000
      vertex -0.0997290 0.0073565 0.1500000
      vertex -0.0997290 0.0073565 -0.0500000
    endloop
  endfacet
  facet normal 0.996313 -0.0857973 0
    outer loop
      vertex -0.0995185 0.0098017 -0.0500000
      vertex -0.0995185 0.0098017 0.1500000
      vertex -0.0997290 0.0073565 0.1500000
    endloop
  endfacet
  facet normal 0.998118 -0.0613207 0
    outer loop
      vertex -0.0997290 0.0073565 -0.0500000
      vertex -0.0998795 0.0049068 0.1500000
      vertex -0.0998795 0.0049068 -0.0500000
    endloop
  endfacet
  facet normal 0.998118 -0.0613207 0
    outer loop
      vertex -0.0997290 0.0073565 -0.0500000
      vertex -0.0997290 0.0073565 0.1500000
      vertex -0.0998795 0.0049068 0.1500000
    endloop
  endfacet
  facet normal 0.999322 -0.0368072 0
    outer loop
      vertex -0.0998795 0.0049068 -0.0500000
      vertex -0.0999699 0.0024541 0.1500000
      vertex -0.0999699 0.0024541 -0.0500000
    endloop
  endfacet
  facet normal 0.999322 -0.0368072 0
    outer loop
      vertex -0.0998795 0.0049068 -0.0500000
      vertex -0.0998795 0.0049068 0.1500000
      vertex -0.0999699 0.0024541 0.1500000
    endloop
  endfacet
  facet normal 0.999925 -0.0122715 0
    outer loop
      vertex -0.0999699 0.0024541 -0.0500000
      vertex -0.1000000 0.0000000 0.1500000
      vertex -0.1000000 0.0000000 -0.0500000
    endloop
  endfacet
  facet normal 0.999925 -0.0122715 0
    outer loop
      vertex -0.0999699 0.0024541 -0.0500000
      vertex -0.0999699 0.0024541 0.1500000
      vertex -0.1000000 0.0000000 0.1500000
    endloop
  endfacet
  facet normal 0.999925 0.0122715 0
    outer loop
      vertex -0.1000000 0.0000000 -0.0500000
      vertex -0.0999699 -0.0024541 0.1500000
      vertex -0.0999699 -0.0024541 -0.0500000
    endloop
  endfacet
  facet normal 0.999925 0.0122715 -0
    outer loop
      vertex -0.1000000 0.0000000 -0.0500000
      vertex -0.1000000 0.0000000 0.1500000
      vertex -0.0999699 -0.0024541 0.1500000
    endloop
  endfacet
  facet normal 0.999322 0.0368072 0
    outer loop
      vertex -0.0999699 -0.0024541 -0.0500000
      vertex -0.0998795 -0.0049068 0.1500000
      vertex -0.0998795 -0.0049068 -0.0500000
    endloop
  endfacet
  facet normal 0.999322 0.0368072 -0
    outer loop
      vertex -0.0999699 -0.0024541 -0.0500000
      vertex -0.0999699 -0.0024541 0.1500000
      vertex -0.0998795 -0.0049068 0.1500000
    endloop
  endfacet
  facet normal 0.998118 0.0613207 0
    outer loop
      vertex -0.0998795 -0.0049068 -0.0500000
      vertex -0.0997290 -0.0073565 0.1500000
      vertex -0.0997290 -0.0073565 -0.0500000
    endloop
  endfacet
  facet normal 0.998118 0.0613207 -0
    outer loop
      vertex -0.0998795 -0.0049068 -0.0500000
      vertex -0.0998795 -0.0049068 0.1500000
      vertex -0.0997290 -0.0073565 0.1500000
    endloop
  endfacet
  facet normal 0.996313 0.0857973 0
    outer loop
      vertex -0.0997290 -0.0073565 -0.0500000
      vertex -0.0995185 -0.0098017 0.1500000
      vertex -0.0995185 -0.0098017 -0.0500000
    endloop
  endfacet
  facet normal 0.996313 0.0857973 -0
    outer loop
      vertex -0.0997290 -0.0073565 -0.0500000
      vertex -0.0997290 -0.0073565 0.1500000
      vertex -0.0995185 -0.0098017 0.1500000
    endloop
  endfacet
  facet normal 0.993907 0.110222 0
    outer loop
      vertex -0.0995185 -0.0098017 -0.0500000
      vertex -0.0992480 -0.0122411 0.1500000
      vertex -0.0992480 -0.0122411 -0.0500000
    endloop
  endfacet
  facet normal 0.993907 0.110222 -0
    outer loop
      vertex -0.0995185 -0.0098017 -0.0500000
      vertex -0.0995185 -0.0098017 0.1500000
      vertex -0.0992480 -0.0122411 0.1500000
    endloop
  endfacet
  facet normal 0.990903 0.134581 0
    outer loop
      vertex -0.0992480 -0.0122411 -0.0500000
      vertex -0.0989177 -0.0146730 0.1500000
      vertex -0.0989177 -0.0146730 -0.0500000
    endloop
  endfacet
  facet normal 0.990903 0.134581 -0
    outer loop
      vertex -0.0992480 -0.0122411 -0.0500000
      vertex -0.0992480 -0.0122411 0.1500000
      vertex -0.0989177 -0.0146730 0.1500000
    endloop
  endfacet
  facet normal 0.987301 0.158858 0
    outer loop
      vertex -0.0989177 -0.0146730 -0.0500000
      vertex -0.0985278 -0.0170962 0.1500000
      vertex -0.0985278 -0.0170962 -0.0500000
    endloop
  endfacet
  facet normal 0.987301 0.158858 -0
    outer loop
      vertex -0.0989177 -0.0146730 -0.0500000
      vertex -0.0989177 -0.0146730 0.1500000
      vertex -0.0985278 -0.0170962 0.1500000
    endloop
  endfacet
  facet normal 0.983105 0.18304 0
    outer loop
      vertex -0.0985278 -0.0170962 -0.0500000
      vertex -0.0980785 -0.0195090 0.1500000
      vertex -0.0980785 -0.0195090 -0.0500000
    endloop
  endfacet
  facet normal 0.983105 0.18304 -0
    outer loop
      vertex -0.0985278 -0.0170962 -0.0500000
      vertex -0.0985278 -0.0170962 0.1500000
      vertex -0.0980785 -0.0195090 0.1500000
    endloop
  endfacet
  facet normal 0.978317 0.207111 0
    outer loop
      vertex -0.0980785 -0.0195090 -0.0500000
      vertex -0.0975702 -0.0219101 0.1500000
      vertex -0.0975702 -0.0219101 -0.0500000
    endloop
  endfacet
  facet normal 0.978317 0.207111 -0
    outer loop
      vertex -0.0980785 -0.0195090 -0.0500000
      vertex -0.0980785 -0.0195090 0.1500000
      vertex -0.0975702 -0.0219101 0.1500000
    endloop
  endfacet
  facet normal 0.97294 0.231058 0
    outer loop
      vertex -0.0975702 -0.0219101 -0.0500000
      vertex -0.0970031 -0.0242980 0.1500000
      vertex -0.0970031 -0.0242980 -0.0500000
    endloop
  endfacet
  facet normal 0.97294 0.231058 -0
    outer loop
      vertex -0.0975702 -0.0219101 -0.0500000
      vertex -0.0975702 -0.0219101 0.1500000
      vertex -0.0970031 -0.0242980 0.1500000
    endloop
  endfacet
  facet normal 0.966976 0.254866 0
    outer loop
      vertex -0.0970031 -0.0242980 -0.0500000
      vertex -0.0963776 -0.0266713 0.1500000
      vertex -0.0963776 -0.0266713 -0.0500000
    endloop
  endfacet
  facet normal 0.966976 0.254866 -0
    outer loop
      vertex -0.0970031 -0.0242980 -0.0500000
      vertex -0.0970031 -0.0242980 0.1500000
      vertex -0.0963776 -0.0266713 0.1500000
    endloop
  endfacet
  facet normal 0.960431 0.27852 0
    outer loop
      vertex -0.0963776 -0.0266713 -0.0500000
      vertex -0.0956940 -0.0290285 0.1500000
      vertex -0.0956940 -0.0290285 -0.0500000
    endloop
  endfacet
  facet normal 0.960431 0.27852 -0
    outer loop
      vertex -0.0963776 -0.0266713 -0.0500000
      vertex -0.0963776 -0.0266713 0.1500000
      vertex -0.0956940 -0.0290285 0.1500000
    endloop
  endfacet
  facet normal 0.953306 0.302006 0
    outer loop
      vertex -0.0956940 -0.0290285 -0.0500000
      vertex -0.0949528 -0.0313682 0.1500000
      vertex -0.0949528 -0.0313682 -0.0500000
    endloop
  endfacet
  facet normal 0.953306 0.302006 -0
    outer loop
      vertex -0.0956940 -0.0290285 -0.0500000
      vertex -0.0956940 -0.0290285 0.1500000
      vertex -0.0949528 -0.0313682 0.1500000
    endloop
  endfacet
  facet normal 0.945607 0.32531 0
    outer loop
      vertex -0.0949528 -0.0313682 -0.0500000
      vertex -0.0941544 -0.0336890 0.1500000
      vertex -0.0941544 -0.0336890 -0.0500000
    endloop
  endfacet
  facet normal 0.945607 0.32531 -0
    outer loop
      vertex -0.0949528 -0.0313682 -0.0500000
      vertex -0.0949528 -0.0313682 0.1500000
      vertex -0.0941544 -0.0336890 0.1500000
    endloop
  endfacet
  facet normal 0.937339 0.348419 0
    outer loop
      vertex -0.0941544 -0.0336890 -0.0500000
      vertex -0.0932993 -0.0359895 0.1500000
      vertex -0.0932993 -0.0359895 -0.0500000
    endloop
  endfacet
  facet normal 0.937339 0.348419 -0
    outer loop
      vertex -0.0941544 -0.0336890 -0.0500000
      vertex -0.0941544 -0.0336890 0.1500000
      vertex -0.0932993 -0.0359895 0.1500000
    endloop
  endfacet
  facet normal 0.928506 0.371317 0
    outer loop
      vertex -0.0932993 -0.0359895 -0.0500000
      vertex -0.0923880 -0.0382683 0.1500000
      vertex -0.0923880 -0.0382683 -0.0500000
    endloop
  endfacet
  facet normal 0.928506 0.371317 -0
    outer loop
      vertex -0.0932993 -0.0359895 -0.0500000
      vertex -0.0932993 -0.0359895 0.1500000
      vertex -0.0923880 -0.0382683 0.1500000
    endloop
  endfacet
  facet normal 0.919114 0.393992 0
    outer loop
      vertex -0.0923880 -0.0382683 -0.0500000
      vertex -0.0914210 -0.0405241 0.1500000
      vertex -0.0914210 -0.0405241 -0.0500000
    endloop
  endfacet
  facet normal 0.919114 0.393992 -0
    outer loop
      vertex -0.0923880 -0.0382683 -0.0500000
      vertex -0.0923880 -0.0382683 0.1500000
      vertex -0.0914210 -0.0405241 0.1500000
    endloop
  endfacet
  facet normal 0.909168 0.41643 0
    outer loop
      vertex -0.0914210 -0.0405241 -0.0500000
      vertex -0.0903989 -0.0427555 0.1500000
      vertex -0.0903989 -0.0427555 -0.0500000
    endloop
  endfacet
  facet normal 0.909168 0.41643 -0
    outer loop
      vertex -0.0914210 -0.0405241 -0.0500000
      vertex -0.0914210 -0.0405241 0.1500000
      vertex -0.0903989 -0.0427555 0.1500000
    endloop
  endfacet
  facet normal 0.898674 0.438616 0
    outer loop
      vertex -0.0903989 -0.0427555 -0.0500000
      vertex -0.0893224 -0.0449611 0.1500000
      vertex -0.0893224 -0.0449611 -0.0500000
    endloop
  endfacet
  facet normal 0.898674 0.438616 -0
    outer loop
      vertex -0.0903989 -0.0427555 -0.0500000
      vertex -0.0903989 -0.0427555 0.1500000
      vertex -0.0893224 -0.0449611 0.1500000
    endloop
  endfacet
  facet normal 0.88764 0.460539 0
    outer loop
      vertex -0.0893224 -0.0449611 -0.0500000
      vertex -0.0881921 -0.0471397 0.1500000
      vertex -0.0881921 -0.0471397 -0.0500000
    endloop
  endfacet
  facet normal 0.88764 0.460539 -0
    outer loop
      vertex -0.0893224 -0.0449611 -0.0500000
      vertex -0.0893224 -0.0449611 0.1500000
      vertex -0.0881921 -0.0471397 0.1500000
    endloop
  endfacet
  facet normal 0.87607 0.482184 0
    outer loop
      vertex -0.0881921 -0.0471397 -0.0500000
      vertex -0.0870087 -0.0492898 0.1500000
      vertex -0.0870087 -0.0492898 -0.0500000
    endloop
  endfacet
  facet normal 0.87607 0.482184 -0
    outer loop
      vertex -0.0881921 -0.0471397 -0.0500000
      vertex -0.0881921 -0.0471397 0.1500000
      vertex -0.0870087 -0.0492898 0.1500000
    endloop
  endfacet
  facet normal 0.863973 0.503538 0
    outer loop
      vertex -0.0870087 -0.0492898 -0.0500000
      vertex -0.0857729 -0.0514103 0.1500000
      vertex -0.0857729 -0.0514103 -0.0500000
    endloop
  endfacet
  facet normal 0.863973 0.503538 -0
    outer loop
      vertex -0.0870087 -0.0492898 -0.0500000
      vertex -0.0870087 -0.0492898 0.1500000
      vertex -0.0857729 -0.0514103 0.1500000
    endloop
  endfacet
  facet normal 0.851355 0.52459 0
    outer loop
      vertex -0.0857729 -0.0514103 -0.0500000
      vertex -0.0844854 -0.0534998 0.1500000
      vertex -0.0844854 -0.0534998 -0.0500000
    endloop
  endfacet
  facet normal 0.851355 0.52459 -0
    outer loop
      vertex -0.0857729 -0.0514103 -0.0500000
      vertex -0.0857729 -0.0514103 0.1500000
      vertex -0.0844854 -0.0534998 0.1500000
    endloop
  endfacet
  facet normal 0.838225 0.545325 0
    outer loop
      vertex -0.0844854 -0.0534998 -0.0500000
      vertex -0.0831470 -0.0555570 0.1500000
      vertex -0.0831470 -0.0555570 -0.0500000
    endloop
  endfacet
  facet normal 0.838225 0.545325 -0
    outer loop
      vertex -0.0844854 -0.0534998 -0.0500000
      vertex -0.0844854 -0.0534998 0.1500000
      vertex -0.0831470 -0.0555570 0.1500000
    endloop
  endfacet
  facet normal 0.824589 0.565732 0
    outer loop
      vertex -0.0831470 -0.0555570 -0.0500000
      vertex -0.0817585 -0.0575808 0.1500000
      vertex -0.0817585 -0.0575808 -0.0500000
    endloop
  endfacet
  facet normal 0.824589 0.565732 -0
    outer loop
      vertex -0.0831470 -0.0555570 -0.0500000
      vertex -0.0831470 -0.0555570 0.1500000
      vertex -0.0817585 -0.0575808 0.1500000
    endloop
  endfacet
  facet normal 0.810457 0.585798 0
    outer loop
      vertex -0.0817585 -0.0575808 -0.0500000
      vertex -0.0803208 -0.0595699 0.1500000
      vertex -0.0803208 -0.0595699 -0.0500000
    endloop
  endfacet
  facet normal 0.810457 0.585798 -0
    outer loop
      vertex -0.0817585 -0.0575808 -0.0500000
      vertex -0.0817585 -0.0575808 0.1500000
      vertex -0.0803208 -0.0595699 0.1500000
    endloop
  endfacet
  facet normal 0.795837 0.605511 0
    outer loop
      vertex -0.0803208 -0.0595699 -0.0500000
      vertex -0.0788346 -0.0615232 0.1500000
      vertex -0.0788346 -0.0615232 -0.0500000
    endloop
  endfacet
  facet normal 0.795837 0.605511 -0
    outer loop
      vertex -0.0803208 -0.0595699 -0.0500000
      vertex -0.0803208 -0.0595699 0.1500000
      vertex -0.0788346 -0.0615232 0.1500000
    endloop
  endfacet
  facet normal 0.780737 0.624859 0
    outer loop
      vertex -0.0788346 -0.0615232 -0.0500000
      vertex -0.0773010 -0.0634393 0.1500000
      vertex -0.0773010 -0.0634393 -0.0500000
    endloop
  endfacet
  facet normal 0.780737 0.624859 -0
    outer loop
      vertex -0.0788346 -0.0615232 -0.0500000
      vertex -0.0788346 -0.0615232 0.1500000
      vertex -0.0773010 -0.0634393 0.1500000
    endloop
  endfacet
  facet normal 0.765167 0.643832 0
    outer loop
      vertex -0.0773010 -0.0634393 -0.0500000
      vertex -0.0757209 -0.0653173 0.1500000
      vertex -0.0757209 -0.0653173 -0.0500000
    endloop
  endfacet
  facet normal 0.765167 0.643832 -0
    outer loop
      vertex -0.0773010 -0.0634393 -0.0500000
      vertex -0.0773010 -0.0634393 0.1500000
      vertex -0.0757209 -0.0653173 0.1500000
    endloop
  endfacet
  facet normal 0.749136 0.662416 0
    outer loop
      vertex -0.0757209 -0.0653173 -0.0500000
      vertex -0.0740951 -0.0671559 0.1500000
      vertex -0.0740951 -0.0671559 -0.0500000
    endloop
  endfacet
  facet normal 0.749136 0.662416 -0
    outer loop
      vertex -0.0757209 -0.0653173 -0.0500000
      vertex -0.0757209 -0.0653173 0.1500000
      vertex -0.0740951 -0.0671559 0.1500000
    endloop
  endfacet
  facet normal 0.732654 0.680601 0
    outer loop
      vertex -0.0740951 -0.0671559 -0.0500000
      vertex -0.0724247 -0.0689541 0.1500000
      vertex -0.0724247 -0.0689541 -0.0500000
    endloop
  endfacet
  facet normal 0.732654 0.680601 -0
    outer loop
      vertex -0.0740951 -0.0671559 -0.0500000
      vertex -0.0740951 -0.0671559 0.1500000
      vertex -0.0724247 -0.0689541 0.1500000
    endloop
  endfacet
  facet normal 0.715731 0.698376 0
    outer loop
      vertex -0.0724247 -0.0689541 -0.0500000
      vertex -0.0707107 -0.0707107 0.1500000
      vertex -0.0707107 -0.0707107 -0.0500000
    endloop
  endfacet
  facet normal 0.715731 0.698376 -0
    outer loop
      vertex -0.0724247 -0.0689541 -0.0500000
      vertex -0.0724247 -0.0689541 0.1500000
      vertex -0.0707107 -0.0707107 0.1500000
    endloop
  endfacet
  facet normal 0.698376 0.715731 0
    outer loop
      vertex -0.0707107 -0.0707107 -0.0500000
      vertex -0.0689541 -0.0724247 0.1500000
      vertex -0.0689541 -0.0724247 -0.0500000
    endloop
  endfacet
  facet normal 0.698376 0.715731 -0
    outer loop
      vertex -0.0707107 -0.0707107 -0.0500000
      vertex -0.0707107 -0.0707107 0.1500000
      vertex -0.0689541 -0.0724247 0.1500000
    endloop
  endfacet
  facet normal 0.680601 0.732654 0
    outer loop
      vertex -0.0689541 -0.0724247 -0.0500000
      vertex -0.0671559 -0.0740951 0.1500000
      vertex -0.0671559 -0.0740951 -0.0500000
    endloop
  endfacet
  facet normal 0.680601 0.732654 -0
    outer loop
      vertex -0.0689541 -0.0724247 -0.0500000
      vertex -0.0689541 -0.0724247 0.1500000
      vertex -0.0671559 -0.0740951 0.1500000
    endloop
  endfacet
  facet normal 0.662416 0.749136 0
    outer loop
      vertex -0.0671559 -0.0740951 -0.0500000
      vertex -0.0653173 -0.0757209 0.1500000
      vertex -0.0653173 -0.0757209 -0.0500000
    endloop
  endfacet
  facet normal 0.662416 0.749136 -0
    outer loop
      vertex -0.0671559 -0.0740951 -0.0500000
      vertex -0.0671559 -0.0740951 0.1500000
      vertex -0.0653173 -0.0757209 0.1500000
    endloop
  endfacet
  facet normal 0.643832 0.765167 0
    outer loop
      vertex -0.0653173 -0.0757209 -0.0500000
      vertex -0.0634393 -0.0773010 0.1500000
      vertex -0.0634393 -0.0773010 -0.0500000
    endloop
  endfacet
  facet normal 0.643832 0.765167 -0
    outer loop
      vertex -0.0653173 -0.0757209 -0.0500000
      vertex -0.0653173 -0.0757209 0.1500000
      vertex -0.0634393 -0.0773010 0.1500000
    endloop
  endfacet
  facet normal 0.624859 0.780737 0
    outer loop
      vertex -0.0634393 -0.0773010 -0.0500000
      vertex -0.0615232 -0.0788346 0.1500000
      vertex -0.0615232 -0.0788346 -0.0500000
    endloop
  endfacet
  facet normal 0.624859 0.780737 -0
    outer loop
      vertex -0.0634393 -0.0773010 -0.0500000
      vertex -0.0634393 -0.0773010 0.1500000
      vertex -0.0615232 -0.0788346 0.1500000
    endloop
  endfacet
  facet normal 0.605511 0.795837 0
    outer loop
      vertex -0.0615232 -0.0788346 -0.0500000
      vertex -0.0595699 -0.0803208 0.1500000
      vertex -0.0595699 -0.0803208 -0.0500000
    endloop
  endfacet
  facet normal 0.605511 0.795837 -0
    outer loop
      vertex -0.0615232 -0.0788346 -0.0500000
      vertex -0.0615232 -0.0788346 0.1500000
      vertex -0.0595699 -0.0803208 0.1500000
    endloop
  endfacet
  facet normal 0.585798 0.810457 0
    outer loop
      vertex -0.0595699 -0.0803208 -0.0500000
      vertex -0.0575808 -0.0817585 0.1500000
      vertex -0.0575808 -0.0817585 -0.0500000
    endloop
  endfacet
  facet normal 0.585798 0.810457 -0
    outer loop
      vertex -0.0595699 -0.0803208 -0.0500000
      vertex -0.0595699 -0.0803208 0.1500000
      vertex -0.0575808 -0.0817585 0.1500000
    endloop
  endfacet
  facet normal 0.565732 0.824589 0
    outer loop
      vertex -0.0575808 -0.0817585 -0.0500000
      vertex -0.0555570 -0.0831470 0.1500000
      vertex -0.0555570 -0.0831470 -0.0500000
    endloop
  endfacet
  facet normal 0.565732 0.824589 -0
    outer loop
      vertex -0.0575808 -0.0817585 -0.0500000
      vertex -0.0575808 -0.0817585 0.1500000
      vertex -0.0555570 -0.0831470 0.1500000
    endloop
  endfacet
  facet normal 0.545325 0.838225 0
    outer loop
      vertex -0.0555570 -0.0831470 -0.0500000
      vertex -0.0534998 -0.0844854 0.1500000
      vertex -0.0534998 -0.0844854 -0.0500000
    endloop
  endfacet
  facet normal 0.545325 0.838225 -0
    outer loop
      vertex -0.0555570 -0.0831470 -0.0500000
      vertex -0.0555570 -0.0831470 0.1500000
      vertex -0.0534998 -0.0844854 0.1500000
    endloop
  endfacet
  facet normal 0.52459 0.851355 0
    outer loop
      vertex -0.0534998 -0.0844854 -0.0500000
      vertex -0.0514103 -0.0857729 0.1500000
      vertex -0.0514103 -0.0857729 -0.0500000
    endloop
  endfacet
  facet normal 0.52459 0.851355 -0
    outer loop
      vertex -0.0534998 -0.0844854 -0.0500000
      vertex -0.0534998 -0.0844854 0.1500000
      vertex -0.0514103 -0.0857729 0.1500000
    endloop
  endfacet
  facet normal 0.503538 0.863973 0
    outer loop
      vertex -0.0514103 -0.0857729 -0.0500000
      vertex -0.0492898 -0.0870087 0.1500000
      vertex -0.0492898 -0.0870087 -0.0500000
    endloop
  endfacet
  facet normal 0.503538 0.863973 -0
    outer loop
      vertex -0.0514103 -0.0857729 -0.0500000
      vertex -0.0514103 -0.0857729 0.1500000
      vertex -0.0492898 -0.0870087 0.1500000
    endloop
  endfacet
  facet normal 0.482184 0.87607 0
    outer loop
      vertex -0.0492898 -0.0870087 -0.0500000
      vertex -0.0471397 -0.0881921 0.1500000
      vertex -0.0471397 -0.0881921 -0.0500000
    endloop
  endfacet
  facet normal 0.482184 0.87607 -0
    outer loop
      vertex -0.0492898 -0.0870087 -0.0500000
      vertex -0.0492898 -0.0870087 0.1500000
      vertex -0.0471397 -0.0881921 0.1500000
    endloop
  endfacet
  facet normal 0.460539 0.88764 0
    outer loop
      vertex -0.0471397 -0.0881921 -0.0500000
      vertex -0.0449611 -0.0893224 0.1500000
      vertex -0.0449611 -0.0893224 -0.0500000
    endloop
  endfacet
  facet normal 0.460539 0.88764 -0
    outer loop
      vertex -0.0471397 -0.0881921 -0.0500000
      vertex -0.0471397 -0.0881921 0.1500000
      vertex -0.0449611 -0.0893224 0.1500000
    endloop
  endfacet
  facet normal 0.438616 0.898674 0
    outer loop
      vertex -0.0449611 -0.0893224 -0.0500000
      vertex -0.0427555 -0.0903989 0.1500000
      vertex -0.0427555 -0.0903989 -0.0500000
    endloop
  endfacet
  facet normal 0.438616 0.898674 -0
    outer loop
      vertex -0.0449611 -0.0893224 -0.0500000
      vertex -0.0449611 -0.0893224 0.1500000
      vertex -0.0427555 -0.0903989 0.1500000
    endloop
  endfacet
  facet normal 0.41643 0.909168 0
    outer loop
      vertex -0.0427555 -0.0903989 -0.0500000
      vertex -0.0405241 -0.0914210 0.1500000
      vertex -0.0405241 -0.0914210 -0.0500000
    endloop
  endfacet
  facet normal 0.41643 0.909168 -0
    outer loop
      vertex -0.0427555 -0.0903989 -0.0500000
      vertex -0.0427555 -0.0903989 0.1500000
      vertex -0.0405241 -0.0914210 0.1500000
    endloop
  endfacet
  facet normal 0.393992 0.919114 0
    outer loop
      vertex -0.0405241 -0.0914210 -0.0500000
      vertex -0.0382683 -0.0923880 0.1500000
      vertex -0.0382683 -0.0923880 -0.0500000
    endloop
  endfacet
  facet normal 0.393992 0.919114 -0
    outer loop
      vertex -0.0405241 -0.0914210 -0.0500000
      vertex -0.0405241 -0.0914210 0.1500000
      vertex -0.0382683 -0.0923880 0.1500000
    endloop
  endfacet
  facet normal 0.371317 0.928506 0
    outer loop
      vertex -0.0382683 -0.0923880 -0.0500000
      vertex -0.0359895 -0.0932993 0.1500000
      vertex -0.0359895 -0.0932993 -0.0500000
    endloop
  endfacet
  facet normal 0.371317 0.928506 -0
    outer loop
      vertex -0.0382683 -0.0923880 -0.0500000
      vertex -0.0382683 -0.0923880 0.1500000
      vertex -0.0359895 -0.0932993 0.1500000
    endloop
  endfacet
  facet normal 0.348419 0.937339 0
    outer loop
      vertex -0.0359895 -0.0932993 -0.0500000
      vertex -0.0336890 -0.0941544 0.1500000
      vertex -0.0336890 -0.0941544 -0.0500000
    endloop
  endfacet
  facet normal 0.348419 0.937339 -0
    outer loop
      vertex -0.0359895 -0.0932993 -0.0500000
      vertex -0.0359895 -0.0932993 0.1500000
      vertex -0.0336890 -0.0941544 0.1500000
    endloop
  endfacet
  facet normal 0.32531 0.945607 0
    outer loop
      vertex -0.0336890 -0.0941544 -0.0500000
      vertex -0.0313682 -0.0949528 0.1500000
      vertex -0.0313682 -0.0949528 -0.0500000
    endloop
  endfacet
  facet normal 0.32531 0.945607 -0
    outer loop
      vertex -0.0336890 -0.0941544 -0.0500000
      vertex -0.0336890 -0.0941544 0.1500000
      vertex -0.0313682 -0.0949528 0.1500000
    endloop
  endfacet
  facet normal 0.302006 0.953306 0
    outer loop
      vertex -0.0313682 -0.0949528 -0.0500000
      vertex -0.0290285 -0.0956940 0.1500000
      vertex -0.0290285 -0.0956940 -0.0500000
    endloop
  endfacet
  facet normal 0.302006 0.953306 -0
    outer loop
      vertex -0.0313682 -0.0949528 -0.0500000
      vertex -0.0313682 -0.0949528 0.1500000
      vertex -0.0290285 -0.0956940 0.1500000
    endloop
  endfacet
  facet normal 0.27852 0.960431 0
    outer loop
      vertex -0.0290285 -0.0956940 -0.0500000
      vertex -0.0266713 -0.0963776 0.1500000
      vertex -0.0266713 -0.0963776 -0.0500000
    endloop
  endfacet
  facet normal 0.27852 0.960431 -0
    outer loop
      vertex -0.0290285 -0.0956940 -0.0500000
      vertex -0.0290285 -0.0956940 0.1500000
      vertex -0.0266713 -0.0963776 0.1500000
    endloop
  endfacet
  facet normal 0.254866 0.966976 0
    outer loop
      vertex -0.0266713 -0.0963776 -0.0500000
      vertex -0.0242980 -0.0970031 0.1500000
      vertex -0.0242980 -0.0970031 -0.0500000
    endloop
  endfacet
  facet normal 0.254866 0.966976 -0
    outer loop
      vertex -0.0266713 -0.0963776 -0.0500000
      vertex -0.0266713 -0.0963776 0.1500000
      vertex -0.0242980 -0.0970031 0.1500000
    endloop
  endfacet
  facet normal 0.231058 0.97294 0
    outer loop
      vertex -0.0242980 -0.0970031 -0.0500000
      vertex -0.0219101 -0.0975702 0.1500000
      vertex -0.0219101 -0.0975702 -0.0500000
    endloop
  endfacet
  facet normal 0.231058 0.97294 -0
    outer loop
      vertex -0.0242980 -0.0970031 -0.0500000
      vertex -0.0242980 -0.0970031 0.1500000
      vertex -0.0219101 -0.0975702 0.1500000
    endloop
  endfacet
  facet normal 0.207111 0.978317 0
    outer loop
      vertex -0.0219101 -0.0975702 -0.0500000
      vertex -0.0195090 -0.0980785 0.1500000
      vertex -0.0195090 -0.0980785 -0.0500000
    endloop
  endfacet
  facet normal 0.207111 0.978317 -0
    outer loop
      vertex -0.0219101 -0.0975702 -0.0500000
      vertex -0.0219101 -0.0975702 0.1500000
      vertex -0.0195090 -0.0980785 0.1500000
    endloop
  endfacet
  facet normal 0.18304 0.983105 0
    outer loop
      vertex -0.0195090 -0.0980785 -0.0500000
      vertex -0.0170962 -0.0985278 0.1500000
      vertex -0.0170962 -0.0985278 -0.0500000
    endloop
  endfacet
  facet normal 0.18304 0.983105 -0
    outer loop
      vertex -0.0195090 -0.0980785 -0.0500000
      vertex -0.0195090 -0.0980785 0.1500000
      vertex -0.0170962 -0.0985278 0.1500000
    endloop
  endfacet
  facet normal 0.158858 0.987301 0
    outer loop
      vertex -0.0170962 -0.0985278 -0.0500000
      vertex -0.0146730 -0.0989177 0.1500000
      vertex -0.0146730 -0.0989177 -0.0500000
    endloop
  endfacet
  facet normal 0.158858 0.987301 -0
    outer loop
      vertex -0.0170962 -0.0985278 -0.0500000
      vertex -0.0170962 -0.0985278 0.1500000
      vertex -0.0146730 -0.0989177 0.1500000
    endloop
  endfacet
  facet normal 0.134581 0.990903 0
    outer loop
      vertex -0.0146730 -0.0989177 -0.0500000
      vertex -0.0122411 -0.0992480 0.1500000
      vertex -0.0122411 -0.0992480 -0.0500000
    endloop
  endfacet
  facet normal 0.134581 0.990903 -0
    outer loop
      vertex -0.0146730 -0.0989177 -0.0500000
      vertex -0.0146730 -0.0989177 0.1500000
      vertex -0.0122411 -0.0992480 0.1500000
    endloop
  endfacet
  facet normal 0.110222 0.993907 0
    outer loop
      vertex -0.0122411 -0.0992480 -0.0500000
      vertex -0.0098017 -0.0995185 0.1500000
      vertex -0.0098017 -0.0995185 -0.0500000
    endloop
  endfacet
  facet normal 0.110222 0.993907 -0
    outer loop
      vertex -0.0122411 -0.0992480 -0.0500000
      vertex -0.0122411 -0.0992480 0.1500000
      vertex -0.0098017 -0.0995185 0.1500000
    endloop
  endfacet
  facet normal 0.0857973 0.996313 0
    outer loop
      vertex -0.0098017 -0.0995185 -0.0500000
      vertex -0.0073565 -0.0997290 0.1500000
      vertex -0.0073565 -0.0997290 -0.0500000
    endloop
  endfacet
  facet normal 0.0857973 0.996313 -0
    outer loop
      vertex -0.0098017 -0.0995185 -0.0500000
      vertex -0.0098017 -0.0995185 0.1500000
      vertex -0.0073565 -0.0997290 0.1500000
    endloop
  endfacet
  facet normal 0.0613207 0.998118 0
    outer loop
      vertex -0.0073565 -0.0997290 -0.0500000
      vertex -0.0049068 -0.0998795 0.1500000
      vertex -0.0049068 -0.0998795 -0.0500000
    endloop
  endfacet
  facet normal 0.0613207 0.998118 -0
    outer loop
      vertex -0.0073565 -0.0997290 -0.0500000
      vertex -0.0073565 -0.0997290 0.1500000
      vertex -0.0049068 -0.0998795 0.1500000
    endloop
  endfacet
  facet normal 0.0368072 0.999322 0
    outer loop
      vertex -0.0049068 -0.0998795 -0.0500000
      vertex -0.0024541 -0.0999699 0.1500000
      vertex -0.0024541 -0.0999699 -0.0500000
    endloop
  endfacet
  facet normal 0.0368072 0.999322 -0
    outer loop
      vertex -0.0049068 -0.0998795 -0.0500000
      vertex -0.0049068 -0.0998795 0.1500000
      vertex -0.0024541 -0.0999699 0.1500000
    endloop
  endfacet
  facet normal 0.0122715 0.999925 0
    outer loop
      vertex -0.0024541 -0.0999699 -0.0500000
      vertex -0.0000000 -0.1000000 0.1500000
      vertex -0.0000000 -0.1000000 -0.0500000
    endloop
  endfacet
  facet normal 0.0122715 0.999925 -0
    outer loop
      vertex -0.0024541 -0.0999699 -0.0500000
      vertex -0.0024541 -0.0999699 0.1500000
      vertex -0.0000000 -0.1000000 0.1500000
    endloop
  endfacet
  facet normal -0.0122715 0.999925 0
    outer loop
      vertex -0.0000000 -0.1000000 -0.0500000
      vertex 0.0024541 -0.0999699 0.1500000
      vertex 0.0024541 -0.0999699 -0.0500000
    endloop
  endfacet
  facet normal -0.0122715 0.999925 0
    outer loop
      vertex -0.0000000 -0.1000000 -0.0500000
      vertex -0.0000000 -0.1000000 0.1500000
      vertex 0.0024541 -0.0999699 0.1500000
    endloop
  endfacet
  facet normal -0.0368072 0.999322 0
    outer loop
      vertex 0.0024541 -0.0999699 -0.0500000
      vertex 0.0049068 -0.0998795 0.1500000
      vertex 0.0049068 -0.0998795 -0.0500000
    endloop
  endfacet
  facet normal -0.0368072 0.999322 0
    outer loop
      vertex 0.0024541 -0.0999699 -0.0500000
      vertex 0.0024541 -0.0999699 0.1500000
      vertex 0.0049068 -0.0998795 0.1500000
    endloop
  endfacet
  facet normal -0.0613207 0.998118 0
    outer loop
      vertex 0.0049068 -0.0998795 -0.0500000
      vertex 0.0073565 -0.0997290 0.1500000
      vertex 0.0073565 -0.0997290 -0.0500000
    endloop
  endfacet
  facet normal -0.0613207 0.998118 0
    outer loop
      vertex 0.0049068 -0.0998795 -0.0500000
      vertex 0.0049068 -0.0998795 0.1500000
      vertex 0.0073565 -0.0997290 0.1500000
    endloop
  endfacet
  facet normal -0.0857973 0.996313 0
    outer loop
      vertex 0.0073565 -0.0997290 -0.0500000
      vertex 0.0098017 -0.0995185 0.1500000
      vertex 0.0098017 -0.0995185 -0.0500000
    endloop
  endfacet
  facet normal -0.0857973 0.996313 0
    outer loop
      vertex 0.0073565 -0.0997290 -0.0500000
      vertex 0.0073565 -0.0997290 0.1500000
      vertex 0.0098017 -0.0995185 0.1500000
    endloop
  endfacet
  facet normal -0.110222 0.993907 0
    outer loop
      vertex 0.0098017 -0.0995185 -0.0500000
      vertex 0.0122411 -0.0992480 0.1500000
      vertex 0.0122411 -0.0992480 -0.0500000
    endloop
  endfacet
  facet normal -0.110222 0.993907 0
    outer loop
      vertex 0.0098017 -0.0995185 -0.0500000
      vertex 0.0098017 -0.0995185 0.1500000
      vertex 0.0122411 -0.0992480 0.1500000
    endloop
  endfacet
  facet normal -0.134581 0.990903 0
    outer loop
      vertex 0.0122411 -0.0992480 -0.0500000
      vertex 0.0146730 -0.0989177 0.1500000
      vertex 0.0146730 -0.0989177 -0.0500000
    endloop
  endfacet
  facet normal -0.134581 0.990903 0
    outer loop
      vertex 0.0122411 -0.0992480 -0.0500000
      vertex 0.0122411 -0.0992480 0.1500000
      vertex 0.0146730 -0.0989177 0.1500000
    endloop
  endfacet
  facet normal -0.158858 0.987301 0
    outer loop
      vertex 0.0146730 -0.0989177 -0.0500000
      vertex 0.0170962 -0.0985278 0.1500000
      vertex 0.0170962 -0.0985278 -0.0500000
    endloop
  endfacet
  facet normal -0.158858 0.987301 0
    outer loop
      vertex 0.0146730 -0.0989177 -0.0500000
      vertex 0.0146730 -0.0989177 0.1500000
      vertex 0.0170962 -0.0985278 0.1500000
    endloop
  endfacet
  facet normal -0.18304 0.983105 0
    outer loop
      vertex 0.0170962 -0.0985278 -0.0500000
      vertex 0.0195090 -0.0980785 0.1500000
      vertex 0.0195090 -0.0980785 -0.0500000
    endloop
  endfacet
  facet normal -0.18304 0.983105 0
    outer loop
      vertex 0.0170962 -0.0985278 -0.0500000
      vertex 0.0170962 -0.0985278 0.1500000
      vertex 0.0195090 -0.0980785 0.1500000
    endloop
  endfacet
  facet normal -0.207111 0.978317 0
    outer loop
      vertex 0.0195090 -0.0980785 -0.0500000
      vertex 0.0219101 -0.0975702 0.1500000
      vertex 0.0219101 -0.0975702 -0.0500000
    endloop
  endfacet
  facet normal -0.207111 0.978317 0
    outer loop
      vertex 0.0195090 -0.0980785 -0.0500000
      vertex 0.0195090 -0.0980785 0.1500000
      vertex 0.0219101 -0.0975702 0.1500000
    endloop
  endfacet
  facet normal -0.231058 0.97294 0
    outer loop
      vertex 0.0219101 -0.0975702 -0.0500000
      vertex 0.0242980 -0.0970031 0.1500000
      vertex 0.0242980 -0.0970031 -0.0500000
    endloop
  endfacet
  facet normal -0.231058 0.97294 0
    outer loop
      vertex 0.0219101 -0.0975702 -0.0500000
      vertex 0.0219101 -0.0975702 0.1500000
      vertex 0.0242980 -0.0970031 0.1500000
    endloop
  endfacet
  facet normal -0.254866 0.966976 0
    outer loop
      vertex 0.0242980 -0.0970031 -0.0500000
      vertex 0.0266713 -0.0963776 0.1500000
      vertex 0.0266713 -0.0963776 -0.0500000
    endloop
  endfacet
  facet normal -0.254866 0.966976 0
    outer loop
      vertex 0.0242980 -0.0970031 -0.0500000
      vertex 0.0242980 -0.0970031 0.1500000
      vertex 0.0266713 -0.0963776 0.1500000
    endloop
  endfacet
  facet normal -0.27852 0.960431 0
    outer loop
      vertex 0.0266713 -0.0963776 -0.0500000
      vertex 0.0290285 -0.0956940 0.1500000
      vertex 0.0290285 -0.0956940 -0.0500000
    endloop
  endfacet
  facet normal -0.27852 0.960431 0
    outer loop
      vertex 0.0266713 -0.0963776 -0.0500000
      vertex 0.0266713 -0.0963776 0.1500000
      vertex 0.0290285 -0.0956940 0.1500000
    endloop
  endfacet
  facet normal -0.302006 0.953306 0
    outer loop
      vertex 0.0290285 -0.0956940 -0.0500000
      vertex 0.0313682 -0.0949528 0.1500000
      vertex 0.0313682 -0.0949528 -0.0500000
    endloop
  endfacet
  facet normal -0.302006 0.953306 0
    outer loop
      vertex 0.0290285 -0.0956940 -0.0500000
      vertex 0.0290285 -0.0956940 0.1500000
      vertex 0.0313682 -0.0949528 0.1500000
    endloop
  endfacet
  facet normal -0.32531 0.945607 0
    outer loop
      vertex 0.0313682 -0.0949528 -0.0500000
      vertex 0.0336890 -0.0941544 0.1500000
      vertex 0.0336890 -0.0941544 -0.0500000
    endloop
  endfacet
  facet normal -0.32531 0.945607 0
    outer loop
      vertex 0.0313682 -0.0949528 -0.0500000
      vertex 0.0313682 -0.0949528 0.1500000
      vertex 0.0336890 -0.0941544 0.1500000
    endloop
  endfacet
  facet normal -0.348419 0.937339 0
    outer loop
      vertex 0.0336890 -0.0941544 -0.0500000
      vertex 0.0359895 -0.0932993 0.1500000
      vertex 0.0359895 -0.0932993 -0.0500000
    endloop
  endfacet
  facet normal -0.348419 0.937339 0
    outer loop
      vertex 0.0336890 -0.0941544 -0.0500000
      vertex 0.0336890 -0.0941544 0.1500000
      vertex 0.0359895 -0.0932993 0.1500000
    endloop
  endfacet
  facet normal -0.371317 0.928506 0
    outer loop
      vertex 0.0359895 -0.0932993 -0.0500000
      vertex 0.0382683 -0.0923880 0.1500000
      vertex 0.0382683 -0.0923880 -0.0500000
    endloop
  endfacet
  facet normal -0.371317 0.928506 0
    outer loop
      vertex 0.0359895 -0.0932993 -0.0500000
      vertex 0.0359895 -0.0932993 0.1500000
      vertex 0.0382683 -0.0923880 0.1500000
    endloop
  endfacet
  facet normal -0.393992 0.919114 0
    outer loop
      vertex 0.0382683 -0.0923880 -0.0500000
      vertex 0.0405241 -0.0914210 0.1500000
      vertex 0.0405241 -0.0914210 -0.0500000
    endloop
  endfacet
  facet normal -0.393992 0.919114 0
    outer loop
      vertex 0.0382683 -0.0923880 -0.0500000
      vertex 0.0382683 -0.0923880 0.1500000
      vertex 0.0405241 -0.0914210 0.1500000
    endloop
  endfacet
  facet normal -0.41643 0.909168 0
    outer loop
      vertex 0.0405241 -0.0914210 -0.0500000
      vertex 0.0427555 -0.0903989 0.1500000
      vertex 0.0427555 -0.0903989 -0.0500000
    endloop
  endfacet
  facet normal -0.41643 0.909168 0
    outer loop
      vertex 0.0405241 -0.0914210 -0.0500000
      vertex 0.0405241 -0.0914210 0.1500000
      vertex 0.0427555 -0.0903989 0.1500000
    endloop
  endfacet
  facet normal -0.438616 0.898674 0
    outer loop
      vertex 0.0427555 -0.0903989 -0.0500000
      vertex 0.0449611 -0.0893224 0.1500000
      vertex 0.0449611 -0.0893224 -0.0500000
    endloop
  endfacet
  facet normal -0.438616 0.898674 0
    outer loop
      vertex 0.0427555 -0.0903989 -0.0500000
      vertex 0.0427555 -0.0903989 0.1500000
      vertex 0.0449611 -0.0893224 0.1500000
    endloop
  endfacet
  facet normal -0.460539 0.88764 0
    outer loop
      vertex 0.0449611 -0.0893224 -0.0500000
      vertex 0.0471397 -0.0881921 0.1500000
      vertex 0.0471397 -0.0881921 -0.0500000
    endloop
  endfacet
  facet normal -0.460539 0.88764 0
    outer loop
      vertex 0.0449611 -0.0893224 -0.0500000
      vertex 0.0449611 -0.0893224 0.1500000
      vertex 0.0471397 -0.0881921 0.1500000
    endloop
  endfacet
  facet normal -0.482184 0.87607 0
    outer loop
      vertex 0.0471397 -0.0881921 -0.0500000
      vertex 0.0492898 -0.0870087 0.1500000
      vertex 0.0492898 -0.0870087 -0.0500000
    endloop
  endfacet
  facet normal -0.482184 0.87607 0
    outer loop
      vertex 0.0471397 -0.0881921 -0.0500000
      vertex 0.0471397 -0.0881921 0.1500000
      vertex 0.0492898 -0.0870087 0.1500000
    endloop
  endfacet
  facet normal -0.503538 0.863973 0
    outer loop
      vertex 0.0492898 -0.0870087 -0.0500000
      vertex 0.0514103 -0.0857729 0.1500000
      vertex 0.0514103 -0.0857729 -0.0500000
    endloop
  endfacet
  facet normal -0.503538 0.863973 0
    outer loop
      vertex 0.0492898 -0.0870087 -0.0500000
      vertex 0.0492898 -0.0870087 0.1500000
      vertex 0.0514103 -0.0857729 0.1500000
    endloop
  endfacet
  facet normal -0.52459 0.851355 0
    outer loop
      vertex 0.0514103 -0.0857729 -0.0500000
      vertex 0.0534998 -0.0844854 0.1500000
      vertex 0.0534998 -0.0844854 -0.0500000
    endloop
  endfacet
  facet normal -0.52459 0.851355 0
    outer loop
      vertex 0.0514103 -0.0857729 -0.0500000
      vertex 0.0514103 -0.0857729 0.1500000
      vertex 0.0534998 -0.0844854 0.1500000
    endloop
  endfacet
  facet normal -0.545325 0.838225 0
    outer loop
      vertex 0.0534998 -0.0844854 -0.0500000
      vertex 0.0555570 -0.0831470 0.1500000
      vertex 0.0555570 -0.0831470 -0.0500000
    endloop
  endfacet
  facet normal -0.545325 0.838225 0
    outer loop
      vertex 0.0534998 -0.0844854 -0.0500000
      vertex 0.0534998 -0.0844854 0.1500000
      vertex 0.0555570 -0.0831470 0.1500000
    endloop
  endfacet
  facet normal -0.565732 0.824589 0
    outer loop
      vertex 0.0555570 -0.0831470 -0.0500000
      vertex 0.0575808 -0.0817585 0.1500000
      vertex 0.0575808 -0.0817585 -0.0500000
    endloop
  endfacet
  facet normal -0.565732 0.824589 0
    outer loop
      vertex 0.0555570 -0.0831470 -0.0500000
      vertex 0.0555570 -0.0831470 0.1500000
      vertex 0.0575808 -0.0817585 0.1500000
    endloop
  endfacet
  facet normal -0.585798 0.810457 0
    outer loop
      vertex 0.0575808 -0.0817585 -0.0500000
      vertex 0.0595699 -0.0803208 0.1500000
      vertex 0.0595699 -0.0803208 -0.0500000
    endloop
  endfacet
  facet normal -0.585798 0.810457 0
    outer loop
      vertex 0.0575808 -0.0817585 -0.0500000
      vertex 0.0575808 -0.0817585 0.1500000
      vertex 0.0595699 -0.0803208 0.1500000
    endloop
  endfacet
  facet normal -0.605511 0.795837 0
    outer loop
      vertex 0.0595699 -0.0803208 -0.0500000
      vertex 0.0615232 -0.0788346 0.1500000
      vertex 0.0615232 -0.0788346 -0.0500000
    endloop
  endfacet
  facet normal -0.605511 0.795837 0
    outer loop
      vertex 0.0595699 -0.0803208 -0.0500000
      vertex 0.0595699 -0.0803208 0.1500000
      vertex 0.0615232 -0.0788346 0.1500000
    endloop
  endfacet
  facet normal -0.624859 0.780737 0
    outer loop
      vertex 0.0615232 -0.0788346 -0.0500000
      vertex 0.0634393 -0.0773010 0.1500000
      vertex 0.0634393 -0.0773010 -0.0500000
    endloop
  endfacet
  facet normal -0.624859 0.780737 0
    outer loop
      vertex 0.0615232 -0.0788346 -0.0500000
      vertex 0.0615232 -0.0788346 0.1500000
      vertex 0.0634393 -0.0773010 0.1500000
    endloop
  endfacet
  facet normal -0.643832 0.765167 0
    outer loop
      vertex 0.0634393 -0.0773010 -0.0500000
      vertex 0.0653173 -0.0757209 0.1500000
      vertex 0.0653173 -0.0757209 -0.0500000
    endloop
  endfacet
  facet normal -0.643832 0.765167 0
    outer loop
      vertex 0.0634393 -0.0773010 -0.0500000
      vertex 0.0634393 -0.0773010 0.1500000
      vertex 0.0653173 -0.0757209 0.1500000
    endloop
  endfacet
  facet normal -0.662416 0.749136 0
    outer loop
      vertex 0.0653173 -0.0757209 -0.0500000
      vertex 0.0671559 -0.0740951 0.1500000
      vertex 0.0671559 -0.0740951 -0.0500000
    endloop
  endfacet
  facet normal -0.662416 0.749136 0
    outer loop
      vertex 0.0653173 -0.0757209 -0.0500000
      vertex 0.0653173 -0.0757209 0.1500000
      vertex 0.0671559 -0.0740951 0.1500000
    endloop
  endfacet
  facet normal -0.680601 0.732654 0
    outer loop
      vertex 0.0671559 -0.0740951 -0.0500000
      vertex 0.0689541 -0.0724247 0.1500000
      vertex 0.0689541 -0.0724247 -0.0500000
    endloop
  endfacet
  facet normal -0.680601 0.732654 0
    outer loop
      vertex 0.0671559 -0.0740951 -0.0500000
      vertex 0.0671559 -0.0740951 0.1500000
      vertex 0.0689541 -0.0724247 0.1500000
    endloop
  endfacet
  facet normal -0.698376 0.715731 0
    outer loop
      vertex 0.0689541 -0.0724247 -0.0500000
      vertex 0.0707107 -0.0707107 0.1500000
      vertex 0.0707107 -0.0707107 -0.0500000
    endloop
  endfacet
  facet normal -0.698376 0.715731 0
    outer loop
      vertex 0.0689541 -0.0724247 -0.0500000
      vertex 0.0689541 -0.0724247 0.1500000
      vertex 0.0707107 -0.0707107 0.1500000
    endloop
  endfacet
  facet normal -0.715731 0.698376 0
    outer loop
      vertex 0.0707107 -0.0707107 -0.0500000
      vertex 0.0724247 -0.0689541 0.1500000
      vertex 0.0724247 -0.0689541 -0.0500000
    endloop
  endfacet
  facet normal -0.715731 0.698376 0
    outer loop
      vertex 0.0707107 -0.0707107 -0.0500000
      vertex 0.0707107 -0.0707107 0.1500000
      vertex 0.0724247 -0.0689541 0.1500000
    endloop
  endfacet
  facet normal -0.732654 0.680601 0
    outer loop
      vertex 0.0724247 -0.0689541 -0.0500000
      vertex 0.0740951 -0.0671559 0.1500000
      vertex 0.0740951 -0.0671559 -0.0500000
    endloop
  endfacet
  facet normal -0.732654 0.680601 0
    outer loop
      vertex 0.0724247 -0.0689541 -0.0500000
      vertex 0.0724247 -0.0689541 0.1500000
      vertex 0.0740951 -0.0671559 0.1500000
    endloop
  endfacet
  facet normal -0.749136 0.662416 0
    outer loop
      vertex 0.0740951 -0.0671559 -0.0500000
      vertex 0.0757209 -0.0653173 0.1500000
      vertex 0.0757209 -0.0653173 -0.0500000
    endloop
  endfacet
  facet normal -0.749136 0.662416 0
    outer loop
      vertex 0.0740951 -0.0671559 -0.0500000
      vertex 0.0740951 -0.0671559 0.1500000
      vertex 0.0757209 -0.0653173 0.1500000
    endloop
  endfacet
  facet normal -0.765167 0.643832 0
    outer loop
      vertex 0.0757209 -0.0653173 -0.0500000
      vertex 0.0773010 -0.0634393 0.1500000
      vertex 0.0773010 -0.0634393 -0.0500000
    endloop
  endfacet
  facet normal -0.765167 0.643832 0
    outer loop
      vertex 0.0757209 -0.0653173 -0.0500000
      vertex 0.0757209 -0.0653173 0.1500000
      vertex 0.0773010 -0.0634393 0.1500000
    endloop
  endfacet
  facet normal -0.780737 0.624859 0
    outer loop
      vertex 0.0773010 -0.0634393 -0.0500000
      vertex 0.0788346 -0.0615232 0.1500000
      vertex 0.0788346 -0.0615232 -0.0500000
    endloop
  endfacet
  facet normal -0.780737 0.624859 0
    outer loop
      vertex 0.0773010 -0.0634393 -0.0500000
      vertex 0.0773010 -0.0634393 0.1500000
      vertex 0.0788346 -0.0615232 0.1500000
    endloop
  endfacet
  facet normal -0.795837 0.605511 0
    outer loop
      vertex 0.0788346 -0.0615232 -0.0500000
      vertex 0.0803208 -0.0595699 0.1500000
      vertex 0.0803208 -0.0595699 -0.0500000
    endloop
  endfacet
  facet normal -0.795837 0.605511 0
    outer loop
      vertex 0.0788346 -0.0615232 -0.0500000
      vertex 0.0788346 -0.0615232 0.1500000
      vertex 0.0803208 -0.0595699 0.1500000
    endloop
  endfacet
  facet normal -0.810457 0.585798 0
    outer loop
      vertex 0.0803208 -0.0595699 -0.0500000
      vertex 0.0817585 -0.0575808 0.1500000
      vertex 0.0817585 -0.0575808 -0.0500000
    endloop
  endfacet
  facet normal -0.810457 0.585798 0
    outer loop
      vertex 0.0803208 -0.0595699 -0.0500000
      vertex 0.0803208 -0.0595699 0.1500000
      vertex 0.0817585 -0.0575808 0.1500000
    endloop
  endfacet
  facet normal -0.824589 0.565732 0
    outer loop
      vertex 0.0817585 -0.0575808 -0.0500000
      vertex 0.0831470 -0.0555570 0.1500000
      vertex 0.0831470 -0.0555570 -0.0500000
    endloop
  endfacet
  facet normal -0.824589 0.565732 0
    outer loop
      vertex 0.0817585 -0.0575808 -0.0500000
      vertex 0.0817585 -0.0575808 0.1500000
      vertex 0.0831470 -0.0555570 0.1500000
    endloop
  endfacet
  facet normal -0.838225 0.545325 0
    outer loop
      vertex 0.0831470 -0.0555570 -0.0500000
      vertex 0.0844854 -0.0534998 0.1500000
      vertex 0.0844854 -0.0534998 -0.0500000
    endloop
  endfacet
  facet normal -0.838225 0.545325 0
    outer loop
      vertex 0.0831470 -0.0555570 -0.0500000
      vertex 0.0831470 -0.0555570 0.1500000
      vertex 0.0844854 -0.0534998 0.1500000
    endloop
  endfacet
  facet normal -0.851355 0.52459 0
    outer loop
      vertex 0.0844854 -0.0534998 -0.0500000
      vertex 0.0857729 -0.0514103 0.1500000
      vertex 0.0857729 -0.0514103 -0.0500000
    endloop
  endfacet
  facet normal -0.851355 0.52459 0
    outer loop
      vertex 0.0844854 -0.0534998 -0.0500000
      vertex 0.0844854 -0.0534998 0.1500000
      vertex 0.0857729 -0.0514103 0.1500000
    endloop
  endfacet
  facet normal -0.863973 0.503538 0
    outer loop
      vertex 0.0857729 -0.0514103 -0.0500000
      vertex 0.0870087 -0.0492898 0.1500000
      vertex 0.0870087 -0.0492898 -0.0500000
    endloop
  endfacet
  facet normal -0.863973 0.503538 0
    outer loop
      vertex 0.0857729 -0.0514103 -0.0500000
      vertex 0.0857729 -0.0514103 0.1500000
      vertex 0.0870087 -0.0492898 0.1500000
    endloop
  endfacet
  facet normal -0.87607 0.482184 0
    outer loop
      vertex 0.0870087 -0.0492898 -0.0500000
      vertex 0.0881921 -0.0471397 0.1500000
      vertex 0.0881921 -0.0471397 -0.0500000
    endloop
  endfacet
  facet normal -0.87607 0.482184 0
    outer loop
      vertex 0.0870087 -0.0492898 -0.0500000
      vertex 0.0870087 -0.0492898 0.1500000
      vertex 0.0881921 -0.0471397 0.1500000
    endloop
  endfacet
  facet normal -0.88764 0.460539 0
    outer loop
      vertex 0.0881921 -0.0471397 -0.0500000
      vertex 0.0893224 -0.0449611 0.1500000
      vertex 0.0893224 -0.0449611 -0.0500000
    endloop
  endfacet
  facet normal -0.88764 0.460539 0
    outer loop
      vertex 0.0881921 -0.0471397 -0.0500000
      vertex 0.0881921 -0.0471397 0.1500000
      vertex 0.0893224 -0.0449611 0.1500000
    endloop
  endfacet
  facet normal -0.898674 0.438616 0
    outer loop
      vertex 0.0893224 -0.0449611 -0.0500000
      vertex 0.0903989 -0.0427555 0.1500000
      vertex 0.0903989 -0.0427555 -0.0500000
    endloop
  endfacet
  facet normal -0.898674 0.438616 0
    outer loop
      vertex 0.0893224 -0.0449611 -0.0500000
      vertex 0.0893224 -0.0449611 0.1500000
      vertex 0.0903989 -0.0427555 0.1500000
    endloop
  endfacet
  facet normal -0.909168 0.41643 0
    outer loop
      vertex 0.0903989 -0.0427555 -0.0500000
      vertex 0.0914210 -0.0405241 0.1500000
      vertex 0.0914210 -0.0405241 -0.0500000
    endloop
  endfacet
  facet normal -0.909168 0.41643 0
    outer loop
      vertex 0.0903989 -0.0427555 -0.0500000
      vertex 0.0903989 -0.0427555 0.1500000
      vertex 0.0914210 -0.0405241 0.1500000
    endloop
  endfacet
  facet normal -0.919114 0.393992 0
    outer loop
      vertex 0.0914210 -0.0405241 -0.0500000
      vertex 0.0923880 -0.0382683 0.1500000
      vertex 0.0923880 -0.0382683 -0.0500000
    endloop
  endfacet
  facet normal -0.919114 0.393992 0
    outer loop
      vertex 0.0914210 -0.0405241 -0.0500000
      vertex 0.0914210 -0.0405241 0.1500000
      vertex 0.0923880 -0.0382683 0.1500000
    endloop
  endfacet
  facet normal -0.928506 0.371317 0
    outer loop
      vertex 0.0923880 -0.0382683 -0.0500000
      vertex 0.0932993 -0.0359895 0.1500000
      vertex 0.0932993 -0.0359895 -0.0500000
    endloop
  endfacet
  facet normal -0.928506 0.371317 0
    outer loop
      vertex 0.0923880 -0.0382683 -0.0500000
      vertex 0.0923880 -0.0382683 0.1500000
      vertex 0.0932993 -0.0359895 0.1500000
    endloop
  endfacet
  facet normal -0.937339 0.348419 0
    outer loop
      vertex 0.0932993 -0.0359895 -0.0500000
      vertex 0.0941544 -0.0336890 0.1500000
      vertex 0.0941544 -0.0336890 -0.0500000
    endloop
  endfacet
  facet normal -0.937339 0.348419 0
    outer loop
      vertex 0.0932993 -0.0359895 -0.0500000
      vertex 0.0932993 -0.0359895 0.1500000
      vertex 0.0941544 -0.0336890 0.1500000
    endloop
  endfacet
  facet normal -0.945607 0.32531 0
    outer loop
      vertex 0.0941544 -0.0336890 -0.0500000
      vertex 0.0949528 -0.0313682 0.1500000
      vertex 0.0949528 -0.0313682 -0.0500000
    endloop
  endfacet
  facet normal -0.945607 0.32531 0
    outer loop
      vertex 0.0941544 -0.0336890 -0.0500000
      vertex 0.0941544 -0.0336890 0.1500000
      vertex 0.0949528 -0.0313682 0.1500000
    endloop
  endfacet
  facet normal -0.953306 0.302006 0
    outer loop
      vertex 0.0949528 -0.0313682 -0.0500000
      vertex 0.0956940 -0.0290285 0.1500000
      vertex 0.0956940 -0.0290285 -0.0500000
    endloop
  endfacet
  facet normal -0.953306 0.302006 0
    outer loop
      vertex 0.0949528 -0.0313682 -0.0500000
      vertex 0.0949528 -0.0313682 0.1500000
      vertex 0.0956940 -0.0290285 0.1500000
    endloop
  endfacet
  facet normal -0.960431 0.27852 0
    outer loop
      vertex 0.0956940 -0.0290285 -0.0500000
      vertex 0.0963776 -0.0266713 0.1500000
      vertex 0.0963776 -0.0266713 -0.0500000
    endloop
  endfacet
  facet normal -0.960431 0.27852 0
    outer loop
      vertex 0.0956940 -0.0290285 -0.0500000
      vertex 0.0956940 -0.0290285 0.1500000
      vertex 0.0963776 -0.0266713 0.1500000
    endloop
  endfacet
  facet normal -0.966976 0.254866 0
    outer loop
      vertex 0.0963776 -0.0266713 -0.0500000
      vertex 0.0970031 -0.0242980 0.1500000
      vertex 0.0970031 -0.0242980 -0.0500000
    endloop
  endfacet
  facet normal -0.966976 0.254866 0
    outer loop
      vertex 0.0963776 -0.0266713 -0.0500000
      vertex 0.0963776 -0.0266713 0.1500000
      vertex 0.0970031 -0.0242980 0.1500000
    endloop
  endfacet
  facet normal -0.97294 0.231058 0
    outer loop
      vertex 0.0970031 -0.0242980 -0.0500000
      vertex 0.0975702 -0.0219101 0.1500000
      vertex 0.0975702 -0.0219101 -0.0500000
    endloop
  endfacet
  facet normal -0.97294 0.231058 0
    outer loop
      vertex 0.0970031 -0.0242980 -0.0500000
      vertex 0.0970031 -0.0242980 0.1500000
      vertex 0.0975702 -0.0219101 0.1500000
    endloop
  endfacet
  facet normal -0.978317 0.207111 0
    outer loop
      vertex 0.0975702 -0.0219101 -0.0500000
      vertex 0.0980785 -0.0195090 0.1500000
      vertex 0.0980785 -0.0195090 -0.0500000
    endloop
  endfacet
  facet normal -0.978317 0.207111 0
    outer loop
      vertex 0.0975702 -0.0219101 -0.0500000
      vertex 0.0975702 -0.0219101 0.1500000
      vertex 0.0980785 -0.0195090 0.1500000
    endloop
  endfacet
  facet normal -0.983105 0.18304 0
    outer loop
      vertex 0.0980785 -0.0195090 -0.0500000
      vertex 0.0985278 -0.0170962 0.1500000
      vertex 0.0985278 -0.0170962 -0.0500000
    endloop
  endfacet
  facet normal -0.983105 0.18304 0
    outer loop
      vertex 0.0980785 -0.0195090 -0.0500000
      vertex 0.0980785 -0.0195090 0.1500000
      vertex 0.0985278 -0.0170962 0.1500000
    endloop
  endfacet
  facet normal -0.987301 0.158858 0
    outer loop
      vertex 0.0985278 -0.0170962 -0.0500000
      vertex 0.0989177 -0.0146730 0.1500000
      vertex 0.0989177 -0.0146730 -0.0500000
    endloop
  endfacet
  facet normal -0.987301 0.158858 0
    outer loop
      vertex 0.0985278 -0.0170962 -0.0500000
      vertex 0.0985278 -0.0170962 0.1500000
      vertex 0.0989177 -0.0146730 0.1500000
    endloop
  endfacet
  facet normal -0.990903 0.134581 0
    outer loop
      vertex 0.0989177 -0.0146730 -0.0500000
      vertex 0.0992480 -0.0122411 0.1500000
      vertex 0.0992480 -0.0122411 -0.0500000
    endloop
  endfacet
  facet normal -0.990903 0.134581 0
    outer loop
      vertex 0.0989177 -0.0146730 -0.0500000
      vertex 0.0989177 -0.0146730 0.1500000
      vertex 0.0992480 -0.0122411 0.1500000
    endloop
  endfacet
  facet normal -0.993907 0.110222 0
    outer loop
      vertex 0.0992480 -0.0122411 -0.0500000
      vertex 0.0995185 -0.0098017 0.1500000
      vertex 0.0995185 -0.0098017 -0.0500000
    endloop
  endfacet
  facet normal -0.993907 0.110222 0
    outer loop
      vertex 0.0992480 -0.0122411 -0.0500000
      vertex 0.0992480 -0.0122411 0.1500000
      vertex 0.0995185 -0.0098017 0.1500000
    endloop
  endfacet
  facet normal -0.996313 0.0857973 0
    outer loop
      vertex 0.0995185 -0.0098017 -0.0500000
      vertex 0.0997290 -0.0073565 0.1500000
      vertex 0.0997290 -0.0073565 -0.0500000
    endloop
  endfacet
  facet normal -0.996313 0.0857973 0
    outer loop
      vertex 0.0995185 -0.0098017 -0.0500000
      vertex 0.0995185 -0.0098017 0.1500000
      vertex 0.0997290 -0.0073565 0.1500000
    endloop
  endfacet
  facet normal -0.998118 0.0613207 0
    outer loop
      vertex 0.0997290 -0.0073565 -0.0500000
      vertex 0.0998795 -0.0049068 0.1500000
      vertex 0.0998795 -0.0049068 -0.0500000
    endloop
  endfacet
  facet normal -0.998118 0.0613207 0
    outer loop
      vertex 0.0997290 -0.0073565 -0.0500000
      vertex 0.0997290 -0.0073565 0.1500000
      vertex 0.0998795 -0.0049068 0.1500000
    endloop
  endfacet
  facet normal -0.999322 0.0368072 0
    outer loop
      vertex 0.0998795 -0.0049068 -0.0500000
      vertex 0.0999699 -0.0024541 0.1500000
      vertex 0.0999699 -0.0024541 -0.0500000
    endloop
  endfacet
  facet normal -0.999322 0.0368072 0
    outer loop
      vertex 0.0998795 -0.0049068 -0.0500000
      vertex 0.0998795 -0.0049068 0.1500000
      vertex 0.0999699 -0.0024541 0.1500000
    endloop
  endfacet
  facet normal -0.999925 0.0122715 0
    outer loop
      vertex 0.0999699 -0.0024541 -0.0500000
      vertex 0.1000000 -0.0000000 0.1500000
      vertex 0.1000000 -0.0000000 -0.0500000
    endloop
  endfacet
  facet normal -0.999925 0.0122715 0
    outer loop
      vertex 0.0999699 -0.0024541 -0.0500000
      vertex 0.0999699 -0.0024541 0.1500000
      vertex 0.1000000 -0.0000000 0.1500000
    endloop
  endfacet
  facet normal 0 0 1
    outer loop
      vertex 0.1000000 0.0000000 0.1500000
      vertex 0.2500000 0.0000000 0.1500000
      vertex 0.2499247 0.0061353 0.1500000
    endloop
  endfacet
  facet normal 0 -0 1
    outer loop
      vertex 0.1000000 0.0000000 0.1500000
      vertex 0.2499247 0.0061353 0.1500000
      vertex 0.0999699 0.0024541 0.1500000
    endloop
  endfacet
  facet normal 0 0 1
    outer loop
      vertex 0.0999699 0.0024541 0.1500000
      vertex 0.2499247 0.0061353 0.1500000
      vertex 0.2496989 0.0122669 0.1500000
    endloop
  endfacet
  facet normal 0 -0 1
    outer loop
      vertex 0.0999699 0.0024541 0.1500000
      vertex 0.2496989 0.0122669 0.1500000
      vertex 0.0998795 0.0049068 0.1500000
    endloop
  endfacet
  facet normal 0 0 1
    outer loop
      vertex 0.0998795 0.0049068 0.1500000
      vertex 0.2496989 0.0122669 0.1500000
      vertex 0.2493226 0.0183911 0.1500000
    endloop
  endfacet
  facet normal 0 -0 1
    outer loop
      vertex 0.0998795 0.0049068 0.1500000
      vertex 0.2493226 0.0183911 0.1500000
      vertex 0.0997290 0.0073565 0.1500000
    endloop
  endfacet
  facet normal 0 0 1
    outer loop
      vertex 0.0997290 0.0073565 0.1500000
      vertex 0.2493226 0.0183911 0.1500000
      vertex 0.2487962 0.0245043 0.1500000
    endloop
  endfacet
  facet normal 0 -0 1
    outer loop
      vertex 0.0997290 0.0073565 0.1500000
      vertex 0.2487962 0.0245043 0.1500000
      vertex 0.0995185 0.0098017 0.1500000
    endloop
  endfacet
  facet normal 0 0 1
    outer loop
      vertex 0.0995185 0.0098017 0.1500000
      vertex 0.2487962 0.0245043 0.1500000
      vertex 0.2481199 0.0306027 0.1500000
    endloop
  endfacet
  facet normal 0 -0 1
    outer loop
      vertex 0.0995185 0.0098017 0.1500000
      vertex 0.2481199 0.0306027 0.1500000
      vertex 0.0992480 0.0122411 0.1500000
    endloop
  endfacet
  facet normal 0 0 1
    outer loop
      vertex 0.0992480 0.0122411 0.1500000
      vertex 0.2481199 0.0306027 0.1500000
      vertex 0.2472941 0.0366826 0.1500000
    endloop
  endfacet
  facet normal 0 -0 1
    outer loop
      vertex 0.0992480 0.0122411 0.1500000
      vertex 0.2472941 0.0366826 0.1500000
      vertex 0.0989177 0.0146730 0.1500000
    endloop
  endfacet
  facet normal 0 0 1
    outer loop
      vertex 0.0989177 0.0146730 0.1500000
      vertex 0.2472941 0.0366826 0.1500000
      vertex 0.2463194 0.0427405 0.1500000
    endloop
  endfacet
  facet normal 0 -0 1
    outer loop
      vertex 0.0989177 0.0146730 0.1500000
      vertex 0.2463194 0.0427405 0.1500000
      vertex 0.0985278 0.0170962 0.1500000
    endloop
  endfacet
  facet normal 0 0 1
    outer loop
      vertex 0.0985278 0.0170962 0.1500000
      vertex 0.2463194 0.0427405 0.1500000
      vertex 0.2451963 0.0487726 0.1500000
    endloop
  endfacet
  facet normal 0 -0 1
    outer loop
      vertex 0.0985278 0.0170962 0.1500000
      vertex 0.2451963 0.0487726 0.1500000
      vertex 0.0980785 0.0195090 0.1500000
    endloop
  endfacet
  facet normal 0 0 1
    outer loop
      vertex 0.0980785 0.0195090 0.1500000
      vertex 0.2451963 0.0487726 0.1500000
      vertex 0.2439255 0.0547753 0.1500000
    endloop
  endfacet
  facet normal 0 -0 1
    outer loop
      vertex 0.0980785 0.0195090 0.1500000
      vertex 0.2439255 0.0547753 0.1500000
      vertex 0.0975702 0.0219101 0.1500000
    endloop
  endfacet
  facet normal 0 0 1
    outer loop
      vertex 0.0975702 0.0219101 0.1500000
      vertex 0.2439255 0.0547753 0.1500000
      vertex 0.2425078 0.0607450 0.1500000
    endloop
  endfacet
  facet normal 0 -0 1
    outer loop
      vertex 0.0975702 0.0219101 0.1500000
      vertex 0.2425078 0.0607450 0.1500000
      vertex 0.0970031 0.0242980 0.1500000
    endloop
  endfacet
  facet normal 0 0 1
    outer loop
      vertex 0.0970031 0.0242980 0.1500000
      vertex 0.2425078 0.0607450 0.1500000
      vertex 0.2409440 0.0666782 0.1500000
    endloop
  endfacet
  facet normal 0 -0 1
    outer loop
      vertex 0.0970031 0.0242980 0.1500000
      vertex 0.2409440 0.0666782 0.1500000
      vertex 0.0963776 0.0266713 0.1500000
    endloop
  endfacet
  facet normal 0 0 1
    outer loop
      vertex 0.0963776 0.0266713 0.1500000
      vertex 0.2409440 0.0666782 0.1500000
      vertex 0.2392351 0.0725712 0.1500000
    endloop
  endfacet
  facet normal 0 -0 1
    outer loop
      vertex 0.0963776 0.0266713 0.1500000
      vertex 0.2392351 0.0725712 0.1500000
      vertex 0.0956940 0.0290285 0.1500000
    endloop
  endfacet
  facet normal 0 0 1
    outer loop
      vertex 0.0956940 0.0290285 0.1500000
      vertex 0.2392351 0.0725712 0.1500000
      vertex 0.2373820 0.0784204 0.1500000
    endloop
  endfacet
  facet normal 0 -0 1
    outer loop
      vertex 0.0956940 0.0290285 0.1500000
      vertex 0.2373820 0.0784204 0.1500000
      vertex 0.0949528 0.0313682 0.1500000
    endloop
  endfacet
  facet normal 0 0 1
    outer loop
      vertex 0.0949528 0.0313682 0.1500000
      vertex 0.2373820 0.0784204 0.1500000
      vertex 0.2353860 0.0842225 0.1500000
    endloop
  endfacet
  facet normal 0 -0 1
    outer loop
      vertex 0.0949528 0.0313682 0.1500000
      vertex 0.2353860 0.0842225 0.1500000
      vertex 0.0941544 0.0336890 0.1500000
    endloop
  endfacet
  facet normal 0 0 1
    outer loop
      vertex 0.0941544 0.0336890 0.1500000
      vertex 0.2353860 0.0842225 0.1500000
      vertex 0.2332482 0.0899738 0.1500000
    endloop
  endfacet
  facet normal 0 -0 1
    outer loop
      vertex 0.0941544 0.0336890 0.1500000
      vertex 0.2332482 0.0899738 0.1500000
      vertex 0.0932993 0.0359895 0.1500000
    endloop
  endfacet
  facet normal 0 0 1
    outer loop
      vertex 0.0932993 0.0359895 0.1500000
      vertex 0.2332482 0.0899738 0.1500000
      vertex 0.2309699 0.0956709 0.1500000
    endloop
  endfacet
  facet normal 0 -0 1
    outer loop
      vertex 0.0932993 0.0359895 0.1500000
      vertex 0.2309699 0.0956709 0.1500000
      vertex 0.0923880 0.0382683 0.1500000
    endloop
  endfacet
  facet normal 0 0 1
    outer loop
      vertex 0.0923880 0.0382683 0.1500000
      vertex 0.2309699 0.0956709 0.1500000
      vertex 0.2285524 0.1013103 0.1500000
    endloop
  endfacet
  facet normal 0 -0 1
    outer loop
      vertex 0.0923880 0.0382683 0.1500000
      vertex 0.2285524 0.1013103 0.1500000
      vertex 0.0914210 0.0405241 0.1500000
    endloop
  endfacet
  facet normal 0 0 1
    outer loop
      vertex 0.0914210 0.0405241 0.1500000
      vertex 0.2285524 0.1013103 0.1500000
      vertex 0.2259973 0.1068888 0.1500000
    endloop
  endfacet
  facet normal 0 -0 1
    outer loop
      vertex 0.0914210 0.0405241 0.1500000
      vertex 0.2259973 0.1068888 0.1500000
      vertex 0.0903989 0.0427555 0.1500000
    endloop
  endfacet
  facet normal 0 0 1
    outer loop
      vertex 0.0903989 0.0427555 0.1500000
      vertex 0.2259973 0.1068888 0.1500000
      vertex 0.2233061 0.1124028 0.1500000
    endloop
  endfacet
  facet normal 0 -0 1
    outer loop
      vertex 0.0903989 0.0427555 0.1500000
      vertex 0.2233061 0.1124028 0.1500000
      vertex 0.0893224 0.0449611 0.1500000
    endloop
  endfacet
  facet normal 0 0 1
    outer loop
      vertex 0.0893224 0.0449611 0.1500000
      vertex 0.2233061 0.1124028 0.1500000
      vertex 0.2204803 0.1178492 0.1500000
    endloop
  endfacet
  facet normal 0 -0 1
    outer loop
      vertex 0.0893224 0.0449611 0.1500000
      vertex 0.2204803 0.1178492 0.1500000
      vertex 0.0881921 0.0471397 0.1500000
    endloop
  endfacet
  facet normal 0 0 1
    outer loop
      vertex 0.0881921 0.0471397 0.1500000
      vertex 0.2204803 0.1178492 0.1500000
      vertex 0.2175217 0.1232245 0.1500000
    endloop
  endfacet
  facet normal 0 -0 1
    outer loop
      vertex 0.0881921 0.0471397 0.1500000
      vertex 0.2175217 0.1232245 0.1500000
      vertex 0.0870087 0.0492898 0.1500000
    endloop
  endfacet
  facet normal 0 0 1
    outer loop
      vertex 0.0870087 0.0492898 0.1500000
      vertex 0.2175217 0.1232245 0.1500000
      vertex 0.2144322 0.1285257 0.1500000
    endloop
  endfacet
  facet normal 0 -0 1
    outer loop
      vertex 0.0870087 0.0492898 0.1500000
      vertex 0.2144322 0.1285257 0.1500000
      vertex 0.0857729 0.0514103 0.1500000
    endloop
  endfacet
  facet normal 0 0 1
    outer loop
      vertex 0.0857729 0.0514103 0.1500000
      vertex 0.2144322 0.1285257 0.1500000
      vertex 0.2112134 0.1337494 0.1500000
    endloop
  endfacet
  facet normal 0 -0 1
    outer loop
      vertex 0.0857729 0.0514103 0.1500000
      vertex 0.2112134 0.1337494 0.1500000
      vertex 0.0844854 0.0534998 0.1500000
    endloop
  endfacet
  facet normal 0 0 1
    outer loop
      vertex 0.0844854 0.0534998 0.1500000
      vertex 0.2112134 0.1337494 0.1500000
      vertex 0.2078674 0.1388926 0.1500000
    endloop
  endfacet
  facet normal 0 -0 1
    outer loop
      vertex 0.0844854 0.0534998 0.1500000
      vertex 0.2078674 0.1388926 0.1500000
      vertex 0.0831470 0.0555570 0.1500000
    endloop
  endfacet
  facet normal 0 0 1
    outer loop
      vertex 0.0831470 0.0555570 0.1500000
      vertex 0.2078674 0.1388926 0.1500000
      vertex 0.2043962 0.1439520 0.1500000
    endloop
  endfacet
  facet normal 0 -0 1
    outer loop
      vertex 0.0831470 0.0555570 0.1500000
      vertex 0.2043962 0.1439520 0.1500000
      vertex 0.0817585 0.0575808 0.1500000
    endloop
  endfacet
  facet normal 0 0 1
    outer loop
      vertex 0.0817585 0.0575808 0.1500000
      vertex 0.2043962 0.1439520 0.1500000
      vertex 0.2008019 0.1489248 0.1500000
    endloop
  endfacet
  facet normal 0 -0 1
    outer loop
      vertex 0.0817585 0.0575808 0.1500000
      vertex 0.2008019 0.1489248 0.1500000
      vertex 0.0803208 0.0595699 0.1500000
    endloop
  endfacet
  facet normal 0 0 1
    outer loop
      vertex 0.0803208 0.0595699 0.1500000
      vertex 0.2008019 0.1489248 0.1500000
      vertex 0.1970866 0.1538079 0.1500000
    endloop
  endfacet
  facet normal 0 -0 1
    outer loop
      vertex 0.0803208 0.0595699 0.1500000
      vertex 0.1970866 0.1538079 0.1500000
      vertex 0.0788346 0.0615232 0.1500000
    endloop
  endfacet
  facet normal 0 0 1
    outer loop
      vertex 0.0788346 0.0615232 0.1500000
      vertex 0.1970866 0.1538079 0.1500000
      vertex 0.1932526 0.1585983 0.1500000
    endloop
  endfacet
  facet normal 0 -0 1
    outer loop
      vertex 0.0788346 0.0615232 0.1500000
      vertex 0.1932526 0.1585983 0.1500000
      vertex 0.0773010 0.0634393 0.1500000
    endloop
  endfacet
  facet normal 0 0 1
    outer loop
      vertex 0.0773010 0.0634393 0.1500000
      vertex 0.1932526 0.1585983 0.1500000
      vertex 0.1893022 0.1632932 0.1500000
    endloop
  endfacet
  facet normal 0 -0 1
    outer loop
      vertex 0.0773010 0.0634393 0.1500000
      vertex 0.1893022 0.1632932 0.1500000
      vertex 0.0757209 0.0653173 0.1500000
    endloop
  endfacet
  facet normal 0 0 1
    outer loop
      vertex 0.0757209 0.0653173 0.1500000
      vertex 0.1893022 0.1632932 0.1500000
      vertex 0.1852378 0.1678897 0.1500000
    endloop
  endfacet
  facet normal 0 -0 1
    outer loop
      vertex 0.0757209 0.0653173 0.1500000
      vertex 0.1852378 0.1678897 0.1500000
      vertex 0.0740951 0.0671559 0.1500000
    endloop
  endfacet
  facet normal 0 0 1
    outer loop
      vertex 0.0740951 0.0671559 0.1500000
      vertex 0.1852378 0.1678897 0.1500000
      vertex 0.1810618 0.1723851 0.1500000
    endloop
  endfacet
  facet normal 0 -0 1
    outer loop
      vertex 0.0740951 0.0671559 0.1500000
      vertex 0.1810618 0.1723851 0.1500000
      vertex 0.0724247 0.0689541 0.1500000
    endloop
  endfacet
  facet normal 0 0 1
    outer loop
      vertex 0.0724247 0.0689541 0.1500000
      vertex 0.1810618 0.1723851 0.1500000
      vertex 0.1767767 0.1767767 0.1500000
    endloop
  endfacet
  facet normal 0 -0 1
    outer loop
      vertex 0.0724247 0.0689541 0.1500000
      vertex 0.1767767 0.1767767 0.1500000
      vertex 0.0707107 0.0707107 0.1500000
    endloop
  endfacet
  facet normal 0 0 1
    outer loop
      vertex 0.0707107 0.0707107 0.1500000
      vertex 0.1767767 0.1767767 0.1500000
      vertex 0.1723851 0.1810618 0.1500000
    endloop
  endfacet
  facet normal 0 -0 1
    outer loop
      vertex 0.0707107 0.0707107 0.1500000
      vertex 0.1723851 0.1810618 0.1500000
      vertex 0.0689541 0.0724247 0.1500000
    endloop
  endfacet
  facet normal 0 0 1
    outer loop
      vertex 0.0689541 0.0724247 0.1500000
      vertex 0.1723851 0.1810618 0.1500000
      vertex 0.1678897 0.1852378 0.1500000
    endloop
  endfacet
  facet normal 0 -0 1
    outer loop
      vertex 0.0689541 0.0724247 0.1500000
      vertex 0.1678897 0.1852378 0.1500000
      vertex 0.0671559 0.0740951 0.1500000
    endloop
  endfacet
  facet normal 0 0 1
    outer loop
      vertex 0.0671559 0.0740951 0.1500000
      vertex 0.1678897 0.1852378 0.1500000
      vertex 0.1632932 0.1893022 0.1500000
    endloop
  endfacet
  facet normal 0 -0 1
    outer loop
      vertex 0.0671559 0.0740951 0.1500000
      vertex 0.1632932 0.1893022 0.1500000
      vertex 0.0653173 0.0757209 0.1500000
    endloop
  endfacet
  facet normal 0 0 1
    outer loop
      vertex 0.0653173 0.0757209 0.1500000
      vertex 0.1632932 0.1893022 0.1500000
      vertex 0.1585983 0.1932526 0.1500000
    endloop
  endfacet
  facet normal 0 -0 1
    outer loop
      vertex 0.0653173 0.0757209 0.1500000
      vertex 0.1585983 0.1932526 0.1500000
      vertex 0.0634393 0.0773010 0.1500000
    endloop
  endfacet
  facet normal 0 0 1
    outer loop
      vertex 0.0634393 0.0773010 0.1500000
      vertex 0.1585983 0.1932526 0.1500000
      vertex 0.1538079 0.1970866 0.1500000
    endloop
  endfacet
  facet normal 0 -0 1
    outer loop
      vertex 0.0634393 0.0773010 0.1500000
      vertex 0.1538079 0.1970866 0.1500000
      vertex 0.0615232 0.0788346 0.1500000
    endloop
  endfacet
  facet normal 0 0 1
    outer loop
      vertex 0.0615232 0.0788346 0.1500000
      vertex 0.1538079 0.1970866 0.1500000
      vertex 0.1489248 0.2008019 0.1500000
    endloop
  endfacet
  facet normal 0 -0 1
    outer loop
      vertex 0.0615232 0.0788346 0.1500000
      vertex 0.1489248 0.2008019 0.1500000
      vertex 0.0595699 0.0803208 0.1500000
    endloop
  endfacet
  facet normal 0 0 1
    outer loop
      vertex 0.0595699 0.0803208 0.1500000
      vertex 0.1489248 0.2008019 0.1500000
      vertex 0.1439520 0.2043962 0.1500000
    endloop
  endfacet
  facet normal 0 -0 1
    outer loop
      vertex 0.0595699 0.0803208 0.1500000
      vertex 0.1439520 0.2043962 0.1500000
      vertex 0.0575808 0.0817585 0.1500000
    endloop
  endfacet
  facet normal 0 0 1
    outer loop
      vertex 0.0575808 0.0817585 0.1500000
      vertex 0.1439520 0.2043962 0.1500000
      vertex 0.1388926 0.2078674 0.1500000
    endloop
  endfacet
  facet normal 0 -0 1
    outer loop
      vertex 0.0575808 0.0817585 0.1500000
      vertex 0.1388926 0.2078674 0.1500000
      vertex 0.0555570 0.0831470 0.1500000
    endloop
  endfacet
  facet normal 0 0 1
    outer loop
      vertex 0.0555570 0.0831470 0.1500000
      vertex 0.1388926 0.2078674 0.1500000
      vertex 0.1337494 0.2112134 0.1500000
    endloop
  endfacet
  facet normal 0 -0 1
    outer loop
      vertex 0.0555570 0.0831470 0.1500000
      vertex 0.1337494 0.2112134 0.1500000
      vertex 0.0534998 0.0844854 0.1500000
    endloop
  endfacet
  facet normal 0 0 1
    outer loop
      vertex 0.0534998 0.0844854 0.1500000
      vertex 0.1337494 0.2112134 0.1500000
      vertex 0.1285257 0.2144322 0.1500000
    endloop
  endfacet
  facet normal 0 -0 1
    outer loop
      vertex 0.0534998 0.0844854 0.1500000
      vertex 0.1285257 0.2144322 0.1500000
      vertex 0.0514103 0.0857729 0.1500000
    endloop
  endfacet
  facet normal 0 0 1
    outer loop
      vertex 0.0514103 0.0857729 0.1500000
      vertex 0.1285257 0.2144322 0.1500000
      vertex 0.1232245 0.2175217 0.1500000
    endloop
  endfacet
  facet normal 0 -0 1
    outer loop
      vertex 0.0514103 0.0857729 0.1500000
      vertex 0.1232245 0.2175217 0.1500000
      vertex 0.0492898 0.0870087 0.1500000
    endloop
  endfacet
  facet normal 0 0 1
    outer loop
      vertex 0.0492898 0.0870087 0.1500000
      vertex 0.1232245 0.2175217 0.1500000
      vertex 0.1178492 0.2204803 0.1500000
    endloop
  endfacet
  facet normal 0 -0 1
    outer loop
      vertex 0.0492898 0.0870087 0.1500000
      vertex 0.1178492 0.2204803 0.1500000
      vertex 0.0471397 0.0881921 0.1500000
    endloop
  endfacet
  facet normal 0 0 1
    outer loop
      vertex 0.0471397 0.0881921 0.1500000
      vertex 0.1178492 0.2204803 0.1500000
      vertex 0.1124028 0.2233061 0.1500000
    endloop
  endfacet
  facet normal 0 -0 1
    outer loop
      vertex 0.0471397 0.0881921 0.1500000
      vertex 0.1124028 0.2233061 0.1500000
      vertex 0.0449611 0.0893224 0.1500000
    endloop
  endfacet
  facet normal 0 0 1
    outer loop
      vertex 0.0449611 0.0893224 0.1500000
      vertex 0.1124028 0.2233061 0.1500000
      vertex 0.1068888 0.2259973 0.1500000
    endloop
  endfacet
  facet normal 0 -0 1
    outer loop
      vertex 0.0449611 0.0893224 0.1500000
      vertex 0.1068888 0.2259973 0.1500000
      vertex 0.0427555 0.0903989 0.1500000
    endloop
  endfacet
  facet normal 0 0 1
    outer loop
      vertex 0.0427555 0.0903989 0.1500000
      vertex 0.1068888 0.2259973 0.1500000
      vertex 0.1013103 0.2285524 0.1500000
    endloop
  endfacet
  facet normal 0 -0 1
    outer loop
      vertex 0.0427555 0.0903989 0.1500000
      vertex 0.1013103 0.2285524 0.1500000
      vertex 0.0405241 0.0914210 0.1500000
    endloop
  endfacet
  facet normal 0 0 1
    outer loop
      vertex 0.0405241 0.0914210 0.1500000
      vertex 0.1013103 0.2285524 0.1500000
      vertex 0.0956709 0.2309699 0.1500000
    endloop
  endfacet
  facet normal 0 -0 1
    outer loop
      vertex 0.0405241 0.0914210 0.1500000
      vertex 0.0956709 0.2309699 0.1500000
      vertex 0.0382683 0.0923880 0.1500000
    endloop
  endfacet
  facet normal 0 0 1
    outer loop
      vertex 0.0382683 0.0923880 0.1500000
      vertex 0.0956709 0.2309699 0.1500000
      vertex 0.0899738 0.2332482 0.1500000
    endloop
  endfacet
  facet normal 0 -0 1
    outer loop
      vertex 0.0382683 0.0923880 0.1500000
      vertex 0.0899738 0.2332482 0.1500000
      vertex 0.0359895 0.0932993 0.1500000
    endloop
  endfacet
  facet normal 0 0 1
    outer loop
      vertex 0.0359895 0.0932993 0.1500000
      vertex 0.0899738 0.2332482 0.1500000
      vertex 0.0842225 0.2353860 0.1500000
    endloop
  endfacet
  facet normal 0 -0 1
    outer loop
      vertex 0.0359895 0.0932993 0.1500000
      vertex 0.0842225 0.2353860 0.1500000
      vertex 0.0336890 0.0941544 0.1500000
    endloop
  endfacet
  facet normal 0 0 1
    outer loop
      vertex 0.0336890 0.0941544 0.1500000
      vertex 0.0842225 0.2353860 0.1500000
      vertex 0.0784204 0.2373820 0.1500000
    endloop
  endfacet
  facet normal 0 -0 1
    outer loop
      vertex 0.0336890 0.0941544 0.1500000
      vertex 0.0784204 0.2373820 0.1500000
      vertex 0.0313682 0.0949528 0.1500000
    endloop
  endfacet
  facet normal 0 0 1
    outer loop
      vertex 0.0313682 0.0949528 0.1500000
      vertex 0.0784204 0.2373820 0.1500000
      vertex 0.0725712 0.2392351 0.1500000
    endloop
  endfacet
  facet normal 0 -0 1
    outer loop
      vertex 0.0313682 0.0949528 0.1500000
      vertex 0.0725712 0.2392351 0.1500000
      vertex 0.0290285 0.0956940 0.1500000
    endloop
  endfacet
  facet normal 0 0 1
    outer loop
      vertex 0.0290285 0.0956940 0.1500000
      vertex 0.0725712 0.2392351 0.1500000
      vertex 0.0666782 0.2409440 0.1500000
    endloop
  endfacet
  facet normal 0 -0 1
    outer loop
      vertex 0.0290285 0.0956940 0.1500000
      vertex 0.0666782 0.2409440 0.1500000
      vertex 0.0266713 0.0963776 0.1500000
    endloop
  endfacet
  facet normal 0 0 1
    outer loop
      vertex 0.0266713 0.0963776 0.1500000
      vertex 0.0666782 0.2409440 0.1500000
      vertex 0.0607450 0.2425078 0.1500000
    endloop
  endfacet
  facet normal 0 -0 1
    outer loop
      vertex 0.0266713 0.0963776 0.1500000
      vertex 0.0607450 0.2425078 0.1500000
      vertex 0.0242980 0.0970031 0.1500000
    endloop
  endfacet
  facet normal 0 0 1
    outer loop
      vertex 0.0242980 0.0970031 0.1500000
      vertex 0.0607450 0.2425078 0.1500000
      vertex 0.0547753 0.2439255 0.1500000
    endloop
  endfacet
  facet normal 0 -0 1
    outer loop
      vertex 0.0242980 0.0970031 0.1500000
      vertex 0.0547753 0.2439255 0.1500000
      vertex 0.0219101 0.0975702 0.1500000
    endloop
  endfacet
  facet normal 0 0 1
    outer loop
      vertex 0.0219101 0.0975702 0.1500000
      vertex 0.0547753 0.2439255 0.1500000
      vertex 0.0487726 0.2451963 0.1500000
    endloop
  endfacet
  facet normal 0 -0 1
    outer loop
      vertex 0.0219101 0.0975702 0.1500000
      vertex 0.0487726 0.2451963 0.1500000
      vertex 0.0195090 0.0980785 0.1500000
    endloop
  endfacet
  facet normal 0 0 1
    outer loop
      vertex 0.0195090 0.0980785 0.1500000
      vertex 0.0487726 0.2451963 0.1500000
      vertex 0.0427405 0.2463194 0.1500000
    endloop
  endfacet
  facet normal 0 -0 1
    outer loop
      vertex 0.0195090 0.0980785 0.1500000
      vertex 0.0427405 0.2463194 0.1500000
      vertex 0.0170962 0.0985278 0.1500000
    endloop
  endfacet
  facet normal 0 0 1
    outer loop
      vertex 0.0170962 0.0985278 0.1500000
      vertex 0.0427405 0.2463194 0.1500000
      vertex 0.0366826 0.2472941 0.1500000
    endloop
  endfacet
  facet normal 0 -0 1
    outer loop
      vertex 0.0170962 0.0985278 0.1500000
      vertex 0.0366826 0.2472941 0.1500000
      vertex 0.0146730 0.0989177 0.1500000
    endloop
  endfacet
  facet normal 0 0 1
    outer loop
      vertex 0.0146730 0.0989177 0.1500000
      vertex 0.0366826 0.2472941 0.1500000
      vertex 0.0306027 0.2481199 0.1500000
    endloop
  endfacet
  facet normal 0 -0 1
    outer loop
      vertex 0.0146730 0.0989177 0.1500000
      vertex 0.0306027 0.2481199 0.1500000
      vertex 0.0122411 0.0992480 0.1500000
    endloop
  endfacet
  facet normal 0 0 1
    outer loop
      vertex 0.0122411 0.0992480 0.1500000
      vertex 0.0306027 0.2481199 0.1500000
      vertex 0.0245043 0.2487962 0.1500000
    endloop
  endfacet
  facet normal 0 -0 1
    outer loop
      vertex 0.0122411 0.0992480 0.1500000
      vertex 0.0245043 0.2487962 0.1500000
      vertex 0.0098017 0.0995185 0.1500000
    endloop
  endfacet
  facet normal 0 0 1
    outer loop
      vertex 0.0098017 0.0995185 0.1500000
      vertex 0.0245043 0.2487962 0.1500000
      vertex 0.0183911 0.2493226 0.1500000
    endloop
  endfacet
  facet normal 0 -0 1
    outer loop
      vertex 0.0098017 0.0995185 0.1500000
      vertex 0.0183911 0.2493226 0.1500000
      vertex 0.0073565 0.0997290 0.1500000
    endloop
  endfacet
  facet normal 0 0 1
    outer loop
      vertex 0.0073565 0.0997290 0.1500000
      vertex 0.0183911 0.2493226 0.1500000
      vertex 0.0122669 0.2496989 0.1500000
    endloop
  endfacet
  facet normal 0 -0 1
    outer loop
      vertex 0.0073565 0.0997290 0.1500000
      vertex 0.0122669 0.2496989 0.1500000
      vertex 0.0049068 0.0998795 0.1500000
    endloop
  endfacet
  facet normal 0 0 1
    outer loop
      vertex 0.0049068 0.0998795 0.1500000
      vertex 0.0122669 0.2496989 0.1500000
      vertex 0.0061353 0.2499247 0.1500000
    endloop
  endfacet
  facet normal 0 -0 1
    outer loop
      vertex 0.0049068 0.0998795 0.1500000
      vertex 0.0061353 0.2499247 0.1500000
      vertex 0.0024541 0.0999699 0.1500000
    endloop
  endfacet
  facet normal 0 -0 1
    outer loop
      vertex 0.0024541 0.0999699 0.1500000
      vertex 0.0061353 0.2499247 0.1500000
      vertex 0.0000000 0.2500000 0.1500000
    endloop
  endfacet
  facet normal 0 0 1
    outer loop
      vertex 0.0024541 0.0999699 0.1500000
      vertex 0.0000000 0.2500000 0.1500000
      vertex 0.0000000 0.1000000 0.1500000
    endloop
  endfacet
  facet normal 0 -0 1
    outer loop
      vertex 0.0000000 0.1000000 0.1500000
      vertex 0.0000000 0.2500000 0.1500000
      vertex -0.0061353 0.2499247 0.1500000
    endloop
  endfacet
  facet normal 0 0 1
    outer loop
      vertex 0.0000000 0.1000000 0.1500000
      vertex -0.0061353 0.2499247 0.1500000
      vertex -0.0024541 0.0999699 0.1500000
    endloop
  endfacet
  facet normal 0 0 1
    outer loop
      vertex -0.0024541 0.0999699 0.1500000
      vertex -0.0061353 0.2499247 0.1500000
      vertex -0.0122669 0.2496989 0.1500000
    endloop
  endfacet
  facet normal 0 0 1
    outer loop
      vertex -0.0024541 0.0999699 0.1500000
      vertex -0.0122669 0.2496989 0.1500000
      vertex -0.0049068 0.0998795 0.1500000
    endloop
  endfacet
  facet normal 0 0 1
    outer loop
      vertex -0.0049068 0.0998795 0.1500000
      vertex -0.0122669 0.2496989 0.1500000
      vertex -0.0183911 0.2493226 0.1500000
    endloop
  endfacet
  facet normal 0 0 1
    outer loop
      vertex -0.0049068 0.0998795 0.1500000
      vertex -0.0183911 0.2493226 0.1500000
      vertex -0.0073565 0.0997290 0.1500000
    endloop
  endfacet
  facet normal 0 0 1
    outer loop
      vertex -0.0073565 0.0997290 0.1500000
      vertex -0.0183911 0.2493226 0.1500000
      vertex -0.0245043 0.2487962 0.1500000
    endloop
  endfacet
  facet normal 0 0 1
    outer loop
      vertex -0.0073565 0.0997290 0.1500000
      vertex -0.0245043 0.2487962 0.1500000
      vertex -0.0098017 0.0995185 0.1500000
    endloop
  endfacet
  facet normal 0 0 1
    outer loop
      vertex -0.0098017 0.0995185 0.1500000
      vertex -0.0245043 0.2487962 0.1500000
      vertex -0.0306027 0.2481199 0.1500000
    endloop
  endfacet
  facet normal 0 0 1
    outer loop
      vertex -0.0098017 0.0995185 0.1500000
      vertex -0.0306027 0.2481199 0.1500000
      vertex -0.0122411 0.0992480 0.1500000
    endloop
  endfacet
  facet normal 0 0 1
    outer loop
      vertex -0.0122411 0.0992480 0.1500000
      vertex -0.0306027 0.2481199 0.1500000
      vertex -0.0366826 0.2472941 0.1500000
    endloop
  endfacet
  facet normal 0 0 1
    outer loop
      vertex -0.0122411 0.0992480 0.1500000
      vertex -0.0366826 0.2472941 0.1500000
      vertex -0.0146730 0.0989177 0.1500000
    endloop
  endfacet
  facet normal 0 0 1
    outer loop
      vertex -0.0146730 0.0989177 0.1500000
      vertex -0.0366826 0.2472941 0.1500000
      vertex -0.0427405 0.2463194 0.1500000
    endloop
  endfacet
  facet normal 0 0 1
    outer loop
      vertex -0.0146730 0.0989177 0.1500000
      vertex -0.0427405 0.2463194 0.1500000
      vertex -0.0170962 0.0985278 0.1500000
    endloop
  endfacet
  facet normal 0 0 1
    outer loop
      vertex -0.0170962 0.0985278 0.1500000
      vertex -0.0427405 0.2463194 0.1500000
      vertex -0.0487726 0.2451963 0.1500000
    endloop
  endfacet
  facet normal 0 0 1
    outer loop
      vertex -0.0170962 0.0985278 0.1500000
      vertex -0.0487726 0.2451963 0.1500000
      vertex -0.0195090 0.0980785 0.1500000
    endloop
  endfacet
  facet normal 0 0 1
    outer loop
      vertex -0.0195090 0.0980785 0.1500000
      vertex -0.0487726 0.2451963 0.1500000
      vertex -0.0547753 0.2439255 0.1500000
    endloop
  endfacet
  facet normal 0 0 1
    outer loop
      vertex -0.0195090 0.0980785 0.1500000
      vertex -0.0547753 0.2439255 0.1500000
      vertex -0.0219101 0.0975702 0.1500000
    endloop
  endfacet
  facet normal 0 0 1
    outer loop
      vertex -0.0219101 0.0975702 0.1500000
      vertex -0.0547753 0.2439255 0.1500000
      vertex -0.0607450 0.2425078 0.1500000
    endloop
  endfacet
  facet normal 0 0 1
    outer loop
      vertex -0.0219101 0.0975702 0.1500000
      vertex -0.0607450 0.2425078 0.1500000
      vertex -0.0242980 0.0970031 0.1500000
    endloop
  endfacet
  facet normal 0 0 1
    outer loop
      vertex -0.0242980 0.0970031 0.1500000
      vertex -0.0607450 0.2425078 0.1500000
      vertex -0.0666782 0.2409440 0.1500000
    endloop
  endfacet
  facet normal 0 0 1
    outer loop
      vertex -0.0242980 0.0970031 0.1500000
      vertex -0.0666782 0.2409440 0.1500000
      vertex -0.0266713 0.0963776 0.1500000
    endloop
  endfacet
  facet normal 0 0 1
    outer loop
      vertex -0.0266713 0.0963776 0.1500000
      vertex -0.0666782 0.2409440 0.1500000
      vertex -0.0725712 0.2392351 0.1500000
    endloop
  endfacet
  facet normal 0 0 1
    outer loop
      vertex -0.0266713 0.0963776 0.1500000
      vertex -0.0725712 0.2392351 0.1500000
      vertex -0.0290285 0.0956940 0.1500000
    endloop
  endfacet
  facet normal 0 0 1
    outer loop
      vertex -0.0290285 0.0956940 0.1500000
      vertex -0.0725712 0.2392351 0.1500000
      vertex -0.0784204 0.2373820 0.1500000
    endloop
  endfacet
  facet normal 0 0 1
    outer loop
      vertex -0.0290285 0.0956940 0.1500000
      vertex -0.0784204 0.2373820 0.1500000
      vertex -0.0313682 0.0949528 0.1500000
    endloop
  endfacet
  facet normal 0 0 1
    outer loop
      vertex -0.0313682 0.0949528 0.1500000
      vertex -0.0784204 0.2373820 0.1500000
      vertex -0.0842225 0.2353860 0.1500000
    endloop
  endfacet
  facet normal 0 0 1
    outer loop
      vertex -0.0313682 0.0949528 0.1500000
      vertex -0.0842225 0.2353860 0.1500000
      vertex -0.0336890 0.0941544 0.1500000
    endloop
  endfacet
  facet normal 0 0 1
    outer loop
      vertex -0.0336890 0.0941544 0.1500000
      vertex -0.0842225 0.2353860 0.1500000
      vertex -0.0899738 0.2332482 0.1500000
    endloop
  endfacet
  facet normal 0 0 1
    outer loop
      vertex -0.0336890 0.0941544 0.1500000
      vertex -0.0899738 0.2332482 0.1500000
      vertex -0.0359895 0.0932993 0.1500000
    endloop
  endfacet
  facet normal 0 0 1
    outer loop
      vertex -0.0359895 0.0932993 0.1500000
      vertex -0.0899738 0.2332482 0.1500000
      vertex -0.0956709 0.2309699 0.1500000
    endloop
  endfacet
  facet normal 0 0 1
    outer loop
      vertex -0.0359895 0.0932993 0.1500000
      vertex -0.0956709 0.2309699 0.1500000
      vertex -0.0382683 0.0923880 0.1500000
    endloop
  endfacet
  facet normal 0 0 1
    outer loop
      vertex -0.0382683 0.0923880 0.1500000
      vertex -0.0956709 0.2309699 0.1500000
      vertex -0.1013103 0.2285524 0.1500000
    endloop
  endfacet
  facet normal 0 0 1
    outer loop
      vertex -0.0382683 0.0923880 0.1500000
      vertex -0.1013103 0.2285524 0.1500000
      vertex -0.0405241 0.0914210 0.1500000
    endloop
  endfacet
  facet normal 0 0 1
    outer loop
      vertex -0.0405241 0.0914210 0.1500000
      vertex -0.1013103 0.2285524 0.1500000
      vertex -0.1068888 0.2259973 0.1500000
    endloop
  endfacet
  facet normal 0 0 1
    outer loop
      vertex -0.0405241 0.0914210 0.1500000
      vertex -0.1068888 0.2259973 0.1500000
      vertex -0.0427555 0.0903989 0.1500000
    endloop
  endfacet
  facet normal 0 0 1
    outer loop
      vertex -0.0427555 0.0903989 0.1500000
      vertex -0.1068888 0.2259973 0.1500000
      vertex -0.1124028 0.2233061 0.1500000
    endloop
  endfacet
  facet normal 0 0 1
    outer loop
      vertex -0.0427555 0.0903989 0.1500000
      vertex -0.1124028 0.2233061 0.1500000
      vertex -0.0449611 0.0893224 0.1500000
    endloop
  endfacet
  facet normal 0 0 1
    outer loop
      vertex -0.0449611 0.0893224 0.1500000
      vertex -0.1124028 0.2233061 0.1500000
      vertex -0.1178492 0.2204803 0.1500000
    endloop
  endfacet
  facet normal 0 0 1
    outer loop
      vertex -0.0449611 0.0893224 0.1500000
      vertex -0.1178492 0.2204803 0.1500000
      vertex -0.0471397 0.0881921 0.1500000
    endloop
  endfacet
  facet normal 0 0 1
    outer loop
      vertex -0.0471397 0.0881921 0.1500000
      vertex -0.1178492 0.2204803 0.1500000
      vertex -0.1232245 0.2175217 0.1500000
    endloop
  endfacet
  facet normal 0 0 1
    outer loop
      vertex -0.0471397 0.0881921 0.1500000
      vertex -0.1232245 0.2175217 0.1500000
      vertex -0.0492898 0.0870087 0.1500000
    endloop
  endfacet
  facet normal 0 0 1
    outer loop
      vertex -0.0492898 0.0870087 0.1500000
      vertex -0.1232245 0.2175217 0.1500000
      vertex -0.1285257 0.2144322 0.1500000
    endloop
  endfacet
  facet normal 0 0 1
    outer loop
      vertex -0.0492898 0.0870087 0.1500000
      vertex -0.1285257 0.2144322 0.1500000
      vertex -0.0514103 0.0857729 0.1500000
    endloop
  endfacet
  facet normal 0 0 1
    outer loop
      vertex -0.0514103 0.0857729 0.1500000
      vertex -0.1285257 0.2144322 0.1500000
      vertex -0.1337494 0.2112134 0.1500000
    endloop
  endfacet
  facet normal 0 0 1
    outer loop
      vertex -0.0514103 0.0857729 0.1500000
      vertex -0.1337494 0.2112134 0.1500000
      vertex -0.0534998 0.0844854 0.1500000
    endloop
  endfacet
  facet normal 0 0 1
    outer loop
      vertex -0.0534998 0.0844854 0.1500000
      vertex -0.1337494 0.2112134 0.1500000
      vertex -0.1388926 0.2078674 0.1500000
    endloop
  endfacet
  facet normal 0 0 1
    outer loop
      vertex -0.0534998 0.0844854 0.1500000
      vertex -0.1388926 0.2078674 0.1500000
      vertex -0.0555570 0.0831470 0.1500000
    endloop
  endfacet
  facet normal 0 0 1
    outer loop
      vertex -0.0555570 0.0831470 0.1500000
      vertex -0.1388926 0.2078674 0.1500000
      vertex -0.1439520 0.2043962 0.1500000
    endloop
  endfacet
  facet normal 0 0 1
    outer loop
      vertex -0.0555570 0.0831470 0.1500000
      vertex -0.1439520 0.2043962 0.1500000
      vertex -0.0575808 0.0817585 0.1500000
    endloop
  endfacet
  facet normal 0 0 1
    outer loop
      vertex -0.0575808 0.0817585 0.1500000
      vertex -0.1439520 0.2043962 0.1500000
      vertex -0.1489248 0.2008019 0.1500000
    endloop
  endfacet
  facet normal 0 0 1
    outer loop
      vertex -0.0575808 0.0817585 0.1500000
      vertex -0.1489248 0.2008019 0.1500000
      vertex -0.0595699 0.0803208 0.1500000
    endloop
  endfacet
  facet normal 0 0 1
    outer loop
      vertex -0.0595699 0.0803208 0.1500000
      vertex -0.1489248 0.2008019 0.1500000
      vertex -0.1538079 0.1970866 0.1500000
    endloop
  endfacet
  facet normal 0 0 1
    outer loop
      vertex -0.0595699 0.0803208 0.1500000
      vertex -0.1538079 0.1970866 0.1500000
      vertex -0.0615232 0.0788346 0.1500000
    endloop
  endfacet
  facet normal 0 0 1
    outer loop
      vertex -0.0615232 0.0788346 0.1500000
      vertex -0.1538079 0.1970866 0.1500000
      vertex -0.1585983 0.1932526 0.1500000
    endloop
  endfacet
  facet normal 0 0 1
    outer loop
      vertex -0.0615232 0.0788346 0.1500000
      vertex -0.1585983 0.1932526 0.1500000
      vertex -0.0634393 0.0773010 0.1500000
    endloop
  endfacet
  facet normal 0 0 1
    outer loop
      vertex -0.0634393 0.0773010 0.1500000
      vertex -0.1585983 0.1932526 0.1500000
      vertex -0.1632932 0.1893022 0.1500000
    endloop
  endfacet
  facet normal 0 0 1
    outer loop
      vertex -0.0634393 0.0773010 0.1500000
      vertex -0.1632932 0.1893022 0.1500000
      vertex -0.0653173 0.0757209 0.1500000
    endloop
  endfacet
  facet normal 0 0 1
    outer loop
      vertex -0.0653173 0.0757209 0.1500000
      vertex -0.1632932 0.1893022 0.1500000
      vertex -0.1678897 0.1852378 0.1500000
    endloop
  endfacet
  facet normal 0 0 1
    outer loop
      vertex -0.0653173 0.0757209 0.1500000
      vertex -0.1678897 0.1852378 0.1500000
      vertex -0.0671559 0.0740951 0.1500000
    endloop
  endfacet
  facet normal 0 0 1
    outer loop
      vertex -0.0671559 0.0740951 0.1500000
      vertex -0.1678897 0.1852378 0.1500000
      vertex -0.1723851 0.1810618 0.1500000
    endloop
  endfacet
  facet normal 0 0 1
    outer loop
      vertex -0.0671559 0.0740951 0.1500000
      vertex -0.1723851 0.1810618 0.1500000
      vertex -0.0689541 0.0724247 0.1500000
    endloop
  endfacet
  facet normal 0 0 1
    outer loop
      vertex -0.0689541 0.0724247 0.1500000
      vertex -0.1723851 0.1810618 0.1500000
      vertex -0.1767767 0.1767767 0.1500000
    endloop
  endfacet
  facet normal 0 0 1
    outer loop
      vertex -0.0689541 0.0724247 0.1500000
      vertex -0.1767767 0.1767767 0.1500000
      vertex -0.0707107 0.0707107 0.1500000
    endloop
  endfacet
  facet normal 0 0 1
    outer loop
      vertex -0.0707107 0.0707107 0.1500000
      vertex -0.1767767 0.1767767 0.1500000
      vertex -0.1810618 0.1723851 0.1500000
    endloop
  endfacet
  facet normal 0 0 1
    outer loop
      vertex -0.0707107 0.0707107 0.1500000
      vertex -0.1810618 0.1723851 0.1500000
      vertex -0.0724247 0.0689541 0.1500000
    endloop
  endfacet
  facet normal 0 0 1
    outer loop
      vertex -0.0724247 0.0689541 0.1500000
      vertex -0.1810618 0.1723851 0.1500000
      vertex -0.1852378 0.1678897 0.1500000
    endloop
  endfacet
  facet normal 0 0 1
    outer loop
      vertex -0.0724247 0.0689541 0.1500000
      vertex -0.1852378 0.1678897 0.1500000
      vertex -0.0740951 0.0671559 0.1500000
    endloop
  endfacet
  facet normal 0 0 1
    outer loop
      vertex -0.0740951 0.0671559 0.1500000
      vertex -0.1852378 0.1678897 0.1500000
      vertex -0.1893022 0.1632932 0.1500000
    endloop
  endfacet
  facet normal 0 0 1
    outer loop
      vertex -0.0740951 0.0671559 0.1500000
      vertex -0.1893022 0.1632932 0.1500000
      vertex -0.0757209 0.0653173 0.1500000
    endloop
  endfacet
  facet normal 0 0 1
    outer loop
      vertex -0.0757209 0.0653173 0.1500000
      vertex -0.1893022 0.1632932 0.1500000
      vertex -0.1932526 0.1585983 0.1500000
    endloop
  endfacet
  facet normal 0 0 1
    outer loop
      vertex -0.0757209 0.0653173 0.1500000
      vertex -0.1932526 0.1585983 0.1500000
      vertex -0.0773010 0.0634393 0.1500000
    endloop
  endfacet
  facet normal 0 0 1
    outer loop
      vertex -0.0773010 0.0634393 0.1500000
      vertex -0.1932526 0.1585983 0.1500000
      vertex -0.1970866 0.1538079 0.1500000
    endloop
  endfacet
  facet normal 0 0 1
    outer loop
      vertex -0.0773010 0.0634393 0.1500000
      vertex -0.1970866 0.1538079 0.1500000
      vertex -0.0788346 0.0615232 0.1500000
    endloop
  endfacet
  facet normal 0 0 1
    outer loop
      vertex -0.0788346 0.0615232 0.1500000
      vertex -0.1970866 0.1538079 0.1500000
      vertex -0.2008019 0.1489248 0.1500000
    endloop
  endfacet
  facet normal 0 0 1
    outer loop
      vertex -0.0788346 0.0615232 0.1500000
      vertex -0.2008019 0.1489248 0.1500000
      vertex -0.0803208 0.0595699 0.1500000
    endloop
  endfacet
  facet normal 0 0 1
    outer loop
      vertex -0.0803208 0.0595699 0.1500000
      vertex -0.2008019 0.1489248 0.1500000
      vertex -0.2043962 0.1439520 0.1500000
    endloop
  endfacet
  facet normal 0 0 1
    outer loop
      vertex -0.0803208 0.0595699 0.1500000
      vertex -0.2043962 0.1439520 0.1500000
      vertex -0.0817585 0.0575808 0.1500000
    endloop
  endfacet
  facet normal 0 0 1
    outer loop
      vertex -0.0817585 0.0575808 0.1500000
      vertex -0.2043962 0.1439520 0.1500000
      vertex -0.2078674 0.1388926 0.1500000
    endloop
  endfacet
  facet normal 0 0 1
    outer loop
      vertex -0.0817585 0.0575808 0.1500000
      vertex -0.2078674 0.1388926 0.1500000
      vertex -0.0831470 0.0555570 0.1500000
    endloop
  endfacet
  facet normal 0 0 1
    outer loop
      vertex -0.0831470 0.0555570 0.1500000
      vertex -0.2078674 0.1388926 0.1500000
      vertex -0.2112134 0.1337494 0.1500000
    endloop
  endfacet
  facet normal 0 0 1
    outer loop
      vertex -0.0831470 0.0555570 0.1500000
      vertex -0.2112134 0.1337494 0.1500000
      vertex -0.0844854 0.0534998 0.1500000
    endloop
  endfacet
  facet normal 0 0 1
    outer loop
      vertex -0.0844854 0.0534998 0.1500000
      vertex -0.2112134 0.1337494 0.1500000
      vertex -0.2144322 0.1285257 0.1500000
    endloop
  endfacet
  facet normal 0 0 1
    outer loop
      vertex -0.0844854 0.0534998 0.1500000
      vertex -0.2144322 0.1285257 0.1500000
      vertex -0.0857729 0.0514103 0.1500000
    endloop
  endfacet
  facet normal 0 0 1
    outer loop
      vertex -0.0857729 0.0514103 0.1500000
      vertex -0.2144322 0.1285257 0.1500000
      vertex -0.2175217 0.1232245 0.1500000
    endloop
  endfacet
  facet normal 0 0 1
    outer loop
      vertex -0.0857729 0.0514103 0.1500000
      vertex -0.2175217 0.1232245 0.1500000
      vertex -0.0870087 0.0492898 0.1500000
    endloop
  endfacet
  facet normal 0 0 1
    outer loop
      vertex -0.0870087 0.0492898 0.1500000
      vertex -0.2175217 0.1232245 0.1500000
      vertex -0.2204803 0.1178492 0.1500000
    endloop
  endfacet
  facet normal 0 0 1
    outer loop
      vertex -0.0870087 0.0492898 0.1500000
      vertex -0.2204803 0.1178492 0.1500000
      vertex -0.0881921 0.0471397 0.1500000
    endloop
  endfacet
  facet normal 0 0 1
    outer loop
      vertex -0.0881921 0.0471397 0.1500000
      vertex -0.2204803 0.1178492 0.1500000
      vertex -0.2233061 0.1124028 0.1500000
    endloop
  endfacet
  facet normal 0 0 1
    outer loop
      vertex -0.0881921 0.0471397 0.1500000
      vertex -0.2233061 0.1124028 0.1500000
      vertex -0.0893224 0.0449611 0.1500000
    endloop
  endfacet
  facet normal 0 0 1
    outer loop
      vertex -0.0893224 0.0449611 0.1500000
      vertex -0.2233061 0.1124028 0.1500000
      vertex -0.2259973 0.1068888 0.1500000
    endloop
  endfacet
  facet normal 0 0 1
    outer loop
      vertex -0.0893224 0.0449611 0.1500000
      vertex -0.2259973 0.1068888 0.1500000
      vertex -0.0903989 0.0427555 0.1500000
    endloop
  endfacet
  facet normal 0 0 1
    outer loop
      vertex -0.0903989 0.0427555 0.1500000
      vertex -0.2259973 0.1068888 0.1500000
      vertex -0.2285524 0.1013103 0.1500000
    endloop
  endfacet
  facet normal 0 0 1
    outer loop
      vertex -0.0903989 0.0427555 0.1500000
      vertex -0.2285524 0.1013103 0.1500000
      vertex -0.0914210 0.0405241 0.1500000
    endloop
  endfacet
  facet normal 0 0 1
    outer loop
      vertex -0.0914210 0.0405241 0.1500000
      vertex -0.2285524 0.1013103 0.1500000
      vertex -0.2309699 0.0956709 0.1500000
    endloop
  endfacet
  facet normal 0 0 1
    outer loop
      vertex -0.0914210 0.0405241 0.1500000
      vertex -0.2309699 0.0956709 0.1500000
      vertex -0.0923880 0.0382683 0.1500000
    endloop
  endfacet
  facet normal 0 0 1
    outer loop
      vertex -0.0923880 0.0382683 0.1500000
      vertex -0.2309699 0.0956709 0.1500000
      vertex -0.2332482 0.0899738 0.1500000
    endloop
  endfacet
  facet normal 0 0 1
    outer loop
      vertex -0.0923880 0.0382683 0.1500000
      vertex -0.2332482 0.0899738 0.1500000
      vertex -0.0932993 0.0359895 0.1500000
    endloop
  endfacet
  facet normal 0 0 1
    outer loop
      vertex -0.0932993 0.0359895 0.1500000
      vertex -0.2332482 0.0899738 0.1500000
      vertex -0.2353860 0.0842225 0.1500000
    endloop
  endfacet
  facet normal 0 0 1
    outer loop
      vertex -0.0932993 0.0359895 0.1500000
      vertex -0.2353860 0.0842225 0.1500000
      vertex -0.0941544 0.0336890 0.1500000
    endloop
  endfacet
  facet normal 0 0 1
    outer loop
      vertex -0.0941544 0.0336890 0.1500000
      vertex -0.2353860 0.0842225 0.1500000
      vertex -0.2373820 0.0784204 0.1500000
    endloop
  endfacet
  facet normal 0 0 1
    outer loop
      vertex -0.0941544 0.0336890 0.1500000
      vertex -0.2373820 0.0784204 0.1500000
      vertex -0.0949528 0.0313682 0.1500000
    endloop
  endfacet
  facet normal 0 0 1
    outer loop
      vertex -0.0949528 0.0313682 0.1500000
      vertex -0.2373820 0.0784204 0.1500000
      vertex -0.2392351 0.0725712 0.1500000
    endloop
  endfacet
  facet normal 0 0 1
    outer loop
      vertex -0.0949528 0.0313682 0.1500000
      vertex -0.2392351 0.0725712 0.1500000
      vertex -0.0956940 0.0290285 0.1500000
    endloop
  endfacet
  facet normal 0 0 1
    outer loop
      vertex -0.0956940 0.0290285 0.1500000
      vertex -0.2392351 0.0725712 0.1500000
      vertex -0.2409440 0.0666782 0.1500000
    endloop
  endfacet
  facet normal 0 0 1
    outer loop
      vertex -0.0956940 0.0290285 0.1500000
      vertex -0.2409440 0.0666782 0.1500000
      vertex -0.0963776 0.0266713 0.1500000
    endloop
  endfacet
  facet normal 0 0 1
    outer loop
      vertex -0.0963776 0.0266713 0.1500000
      vertex -0.2409440 0.0666782 0.1500000
      vertex -0.2425078 0.0607450 0.1500000
    endloop
  endfacet
  facet normal 0 0 1
    outer loop
      vertex -0.0963776 0.0266713 0.1500000
      vertex -0.2425078 0.0607450 0.1500000
      vertex -0.0970031 0.0242980 0.1500000
    endloop
  endfacet
  facet normal 0 0 1
    outer loop
      vertex -0.0970031 0.0242980 0.1500000
      vertex -0.2425078 0.0607450 0.1500000
      vertex -0.2439255 0.0547753 0.1500000
    endloop
  endfacet
  facet normal 0 0 1
    outer loop
      vertex -0.0970031 0.0242980 0.1500000
      vertex -0.2439255 0.0547753 0.1500000
      vertex -0.0975702 0.0219101 0.1500000
    endloop
  endfacet
  facet normal 0 0 1
    outer loop
      vertex -0.0975702 0.0219101 0.1500000
      vertex -0.2439255 0.0547753 0.1500000
      vertex -0.2451963 0.0487726 0.1500000
    endloop
  endfacet
  facet normal 0 0 1
    outer loop
      vertex -0.0975702 0.0219101 0.1500000
      vertex -0.2451963 0.0487726 0.1500000
      vertex -0.0980785 0.0195090 0.1500000
    endloop
  endfacet
  facet normal 0 0 1
    outer loop
      vertex -0.0980785 0.0195090 0.1500000
      vertex -0.2451963 0.0487726 0.1500000
      vertex -0.2463194 0.0427405 0.1500000
    endloop
  endfacet
  facet normal 0 0 1
    outer loop
      vertex -0.0980785 0.0195090 0.1500000
      vertex -0.2463194 0.0427405 0.1500000
      vertex -0.0985278 0.0170962 0.1500000
    endloop
  endfacet
  facet normal 0 0 1
    outer loop
      vertex -0.0985278 0.0170962 0.1500000
      vertex -0.2463194 0.0427405 0.1500000
      vertex -0.2472941 0.0366826 0.1500000
    endloop
  endfacet
  facet normal 0 0 1
    outer loop
      vertex -0.0985278 0.0170962 0.1500000
      vertex -0.2472941 0.0366826 0.1500000
      vertex -0.0989177 0.0146730 0.1500000
    endloop
  endfacet
  facet normal 0 0 1
    outer loop
      vertex -0.0989177 0.0146730 0.1500000
      vertex -0.2472941 0.0366826 0.1500000
      vertex -0.2481199 0.0306027 0.1500000
    endloop
  endfacet
  facet normal 0 0 1
    outer loop
      vertex -0.0989177 0.0146730 0.1500000
      vertex -0.2481199 0.0306027 0.1500000
      vertex -0.0992480 0.0122411 0.1500000
    endloop
  endfacet
  facet normal 0 0 1
    outer loop
      vertex -0.0992480 0.0122411 0.1500000
      vertex -0.2481199 0.0306027 0.1500000
      vertex -0.2487962 0.0245043 0.1500000
    endloop
  endfacet
  facet normal 0 0 1
    outer loop
      vertex -0.0992480 0.0122411 0.1500000
      vertex -0.2487962 0.0245043 0.1500000
      vertex -0.0995185 0.0098017 0.1500000
    endloop
  endfacet
  facet normal 0 0 1
    outer loop
      vertex -0.0995185 0.0098017 0.1500000
      vertex -0.2487962 0.0245043 0.1500000
      vertex -0.2493226 0.0183911 0.1500000
    endloop
  endfacet
  facet normal 0 0 1
    outer loop
      vertex -0.0995185 0.0098017 0.1500000
      vertex -0.2493226 0.0183911 0.1500000
      vertex -0.0997290 0.0073565 0.1500000
    endloop
  endfacet
  facet normal 0 0 1
    outer loop
      vertex -0.0997290 0.0073565 0.1500000
      vertex -0.2493226 0.0183911 0.1500000
      vertex -0.2496989 0.0122669 0.1500000
    endloop
  endfacet
  facet normal 0 0 1
    outer loop
      vertex -0.0997290 0.0073565 0.1500000
      vertex -0.2496989 0.0122669 0.1500000
      vertex -0.0998795 0.0049068 0.1500000
    endloop
  endfacet
  facet normal 0 0 1
    outer loop
      vertex -0.0998795 0.0049068 0.1500000
      vertex -0.2496989 0.0122669 0.1500000
      vertex -0.2499247 0.0061353 0.1500000
    endloop
  endfacet
  facet normal 0 0 1
    outer loop
      vertex -0.0998795 0.0049068 0.1500000
      vertex -0.2499247 0.0061353 0.1500000
      vertex -0.0999699 0.0024541 0.1500000
    endloop
  endfacet
  facet normal 0 0 1
    outer loop
      vertex -0.0999699 0.0024541 0.1500000
      vertex -0.2499247 0.0061353 0.1500000
      vertex -0.2500000 0.0000000 0.1500000
    endloop
  endfacet
  facet normal 0 0 1
    outer loop
      vertex -0.0999699 0.0024541 0.1500000
      vertex -0.2500000 0.0000000 0.1500000
      vertex -0.1000000 0.0000000 0.1500000
    endloop
  endfacet
  facet normal 0 0 1
    outer loop
      vertex -0.1000000 0.0000000 0.1500000
      vertex -0.2500000 0.0000000 0.1500000
      vertex -0.2499247 -0.0061353 0.1500000
    endloop
  endfacet
  facet normal 0 0 1
    outer loop
      vertex -0.1000000 0.0000000 0.1500000
      vertex -0.2499247 -0.0061353 0.1500000
      vertex -0.0999699 -0.0024541 0.1500000
    endloop
  endfacet
  facet normal 0 0 1
    outer loop
      vertex -0.0999699 -0.0024541 0.1500000
      vertex -0.2499247 -0.0061353 0.1500000
      vertex -0.2496989 -0.0122669 0.1500000
    endloop
  endfacet
  facet normal 0 0 1
    outer loop
      vertex -0.0999699 -0.0024541 0.1500000
      vertex -0.2496989 -0.0122669 0.1500000
      vertex -0.0998795 -0.0049068 0.1500000
    endloop
  endfacet
  facet normal 0 0 1
    outer loop
      vertex -0.0998795 -0.0049068 0.1500000
      vertex -0.2496989 -0.0122669 0.1500000
      vertex -0.2493226 -0.0183911 0.1500000
    endloop
  endfacet
  facet normal 0 0 1
    outer loop
      vertex -0.0998795 -0.0049068 0.1500000
      vertex -0.2493226 -0.0183911 0.1500000
      vertex -0.0997290 -0.0073565 0.1500000
    endloop
  endfacet
  facet normal 0 0 1
    outer loop
      vertex -0.0997290 -0.0073565 0.1500000
      vertex -0.2493226 -0.0183911 0.1500000
      vertex -0.2487962 -0.0245043 0.1500000
    endloop
  endfacet
  facet normal 0 0 1
    outer loop
      vertex -0.0997290 -0.0073565 0.1500000
      vertex -0.2487962 -0.0245043 0.1500000
      vertex -0.0995185 -0.0098017 0.1500000
    endloop
  endfacet
  facet normal 0 0 1
    outer loop
      vertex -0.0995185 -0.0098017 0.1500000
      vertex -0.2487962 -0.0245043 0.1500000
      vertex -0.2481199 -0.0306027 0.1500000
    endloop
  endfacet
  facet normal 0 0 1
    outer loop
      vertex -0.0995185 -0.0098017 0.1500000
      vertex -0.2481199 -0.0306027 0.1500000
      vertex -0.0992480 -0.0122411 0.1500000
    endloop
  endfacet
  facet normal 0 0 1
    outer loop
      vertex -0.0992480 -0.0122411 0.1500000
      vertex -0.2481199 -0.0306027 0.1500000
      vertex -0.2472941 -0.0366826 0.1500000
    endloop
  endfacet
  facet normal 0 0 1
    outer loop
      vertex -0.0992480 -0.0122411 0.1500000
      vertex -0.2472941 -0.0366826 0.1500000
      vertex -0.0989177 -0.0146730 0.1500000
    endloop
  endfacet
  facet normal 0 0 1
    outer loop
      vertex -0.0989177 -0.0146730 0.1500000
      vertex -0.2472941 -0.0366826 0.1500000
      vertex -0.2463194 -0.0427405 0.1500000
    endloop
  endfacet
  facet normal 0 0 1
    outer loop
      vertex -0.0989177 -0.0146730 0.1500000
      vertex -0.2463194 -0.0427405 0.1500000
      vertex -0.0985278 -0.0170962 0.1500000
    endloop
  endfacet
  facet normal 0 0 1
    outer loop
      vertex -0.0985278 -0.0170962 0.1500000
      vertex -0.2463194 -0.0427405 0.1500000
      vertex -0.2451963 -0.0487726 0.1500000
    endloop
  endfacet
  facet normal 0 0 1
    outer loop
      vertex -0.0985278 -0.0170962 0.1500000
      vertex -0.2451963 -0.0487726 0.1500000
      vertex -0.0980785 -0.0195090 0.1500000
    endloop
  endfacet
  facet normal 0 0 1
    outer loop
      vertex -0.0980785 -0.0195090 0.1500000
      vertex -0.2451963 -0.0487726 0.1500000
      vertex -0.2439255 -0.0547753 0.1500000
    endloop
  endfacet
  facet normal 0 0 1
    outer loop
      vertex -0.0980785 -0.0195090 0.1500000
      vertex -0.2439255 -0.0547753 0.1500000
      vertex -0.0975702 -0.0219101 0.1500000
    endloop
  endfacet
  facet normal 0 0 1
    outer loop
      vertex -0.0975702 -0.0219101 0.1500000
      vertex -0.2439255 -0.0547753 0.1500000
      vertex -0.2425078 -0.0607450 0.1500000
    endloop
  endfacet
  facet normal 0 0 1
    outer loop
      vertex -0.0975702 -0.0219101 0.1500000
      vertex -0.2425078 -0.0607450 0.1500000
      vertex -0.0970031 -0.0242980 0.1500000
    endloop
  endfacet
  facet normal 0 0 1
    outer loop
      vertex -0.0970031 -0.0242980 0.1500000
      vertex -0.2425078 -0.0607450 0.1500000
      vertex -0.2409440 -0.0666782 0.1500000
    endloop
  endfacet
  facet normal 0 0 1
    outer loop
      vertex -0.0970031 -0.0242980 0.1500000
      vertex -0.2409440 -0.0666782 0.1500000
      vertex -0.0963776 -0.0266713 0.1500000
    endloop
  endfacet
  facet normal 0 0 1
    outer loop
      vertex -0.0963776 -0.0266713 0.1500000
      vertex -0.2409440 -0.0666782 0.1500000
      vertex -0.2392351 -0.0725712 0.1500000
    endloop
  endfacet
  facet normal 0 0 1
    outer loop
      vertex -0.0963776 -0.0266713 0.1500000
      vertex -0.2392351 -0.0725712 0.1500000
      vertex -0.0956940 -0.0290285 0.1500000
    endloop
  endfacet
  facet normal 0 0 1
    outer loop
      vertex -0.0956940 -0.0290285 0.1500000
      vertex -0.2392351 -0.0725712 0.1500000
      vertex -0.2373820 -0.0784204 0.1500000
    endloop
  endfacet
  facet normal 0 0 1
    outer loop
      vertex -0.0956940 -0.0290285 0.1500000
      vertex -0.2373820 -0.0784204 0.1500000
      vertex -0.0949528 -0.0313682 0.1500000
    endloop
  endfacet
  facet normal 0 0 1
    outer loop
      vertex -0.0949528 -0.0313682 0.1500000
      vertex -0.2373820 -0.0784204 0.1500000
      vertex -0.2353860 -0.0842225 0.1500000
    endloop
  endfacet
  facet normal 0 0 1
    outer loop
      vertex -0.0949528 -0.0313682 0.1500000
      vertex -0.2353860 -0.0842225 0.1500000
      vertex -0.0941544 -0.0336890 0.1500000
    endloop
  endfacet
  facet normal 0 0 1
    outer loop
      vertex -0.0941544 -0.0336890 0.1500000
      vertex -0.2353860 -0.0842225 0.1500000
      vertex -0.2332482 -0.0899738 0.1500000
    endloop
  endfacet
  facet normal 0 0 1
    outer loop
      vertex -0.0941544 -0.0336890 0.1500000
      vertex -0.2332482 -0.0899738 0.1500000
      vertex -0.0932993 -0.0359895 0.1500000
    endloop
  endfacet
  facet normal 0 0 1
    outer loop
      vertex -0.0932993 -0.0359895 0.1500000
      vertex -0.2332482 -0.0899738 0.1500000
      vertex -0.2309699 -0.0956709 0.1500000
    endloop
  endfacet
  facet normal 0 0 1
    outer loop
      vertex -0.0932993 -0.0359895 0.1500000
      vertex -0.2309699 -0.0956709 0.1500000
      vertex -0.0923880 -0.0382683 0.1500000
    endloop
  endfacet
  facet normal 0 0 1
    outer loop
      vertex -0.0923880 -0.0382683 0.1500000
      vertex -0.2309699 -0.0956709 0.1500000
      vertex -0.2285524 -0.1013103 0.1500000
    endloop
  endfacet
  facet normal 0 0 1
    outer loop
      vertex -0.0923880 -0.0382683 0.1500000
      vertex -0.2285524 -0.1013103 0.1500000
      vertex -0.0914210 -0.0405241 0.1500000
    endloop
  endfacet
  facet normal 0 0 1
    outer loop
      vertex -0.0914210 -0.0405241 0.1500000
      vertex -0.2285524 -0.1013103 0.1500000
      vertex -0.2259973 -0.1068888 0.1500000
    endloop
  endfacet
  facet normal 0 0 1
    outer loop
      vertex -0.0914210 -0.0405241 0.1500000
      vertex -0.2259973 -0.1068888 0.1500000
      vertex -0.0903989 -0.0427555 0.1500000
    endloop
  endfacet
  facet normal 0 0 1
    outer loop
      vertex -0.0903989 -0.0427555 0.1500000
      vertex -0.2259973 -0.1068888 0.1500000
      vertex -0.2233061 -0.1124028 0.1500000
    endloop
  endfacet
  facet normal 0 0 1
    outer loop
      vertex -0.0903989 -0.0427555 0.1500000
      vertex -0.2233061 -0.1124028 0.1500000
      vertex -0.0893224 -0.0449611 0.1500000
    endloop
  endfacet
  facet normal 0 0 1
    outer loop
      vertex -0.0893224 -0.0449611 0.1500000
      vertex -0.2233061 -0.1124028 0.1500000
      vertex -0.2204803 -0.1178492 0.1500000
    endloop
  endfacet
  facet normal 0 0 1
    outer loop
      vertex -0.0893224 -0.0449611 0.1500000
      vertex -0.2204803 -0.1178492 0.1500000
      vertex -0.0881921 -0.0471397 0.1500000
    endloop
  endfacet
  facet normal 0 0 1
    outer loop
      vertex -0.0881921 -0.0471397 0.1500000
      vertex -0.2204803 -0.1178492 0.1500000
      vertex -0.2175217 -0.1232245 0.1500000
    endloop
  endfacet
  facet normal 0 0 1
    outer loop
      vertex -0.0881921 -0.0471397 0.1500000
      vertex -0.2175217 -0.1232245 0.1500000
      vertex -0.0870087 -0.0492898 0.1500000
    endloop
  endfacet
  facet normal 0 0 1
    outer loop
      vertex -0.0870087 -0.0492898 0.1500000
      vertex -0.2175217 -0.1232245 0.1500000
      vertex -0.2144322 -0.1285257 0.1500000
    endloop
  endfacet
  facet normal 0 0 1
    outer loop
      vertex -0.0870087 -0.0492898 0.1500000
      vertex -0.2144322 -0.1285257 0.1500000
      vertex -0.0857729 -0.0514103 0.1500000
    endloop
  endfacet
  facet normal 0 0 1
    outer loop
      vertex -0.0857729 -0.0514103 0.1500000
      vertex -0.2144322 -0.1285257 0.1500000
      vertex -0.2112134 -0.1337494 0.1500000
    endloop
  endfacet
  facet normal 0 0 1
    outer loop
      vertex -0.0857729 -0.0514103 0.1500000
      vertex -0.2112134 -0.1337494 0.1500000
      vertex -0.0844854 -0.0534998 0.1500000
    endloop
  endfacet
  facet normal 0 0 1
    outer loop
      vertex -0.0844854 -0.0534998 0.1500000
      vertex -0.2112134 -0.1337494 0.1500000
      vertex -0.2078674 -0.1388926 0.1500000
    endloop
  endfacet
  facet normal 0 0 1
    outer loop
      vertex -0.0844854 -0.0534998 0.1500000
      vertex -0.2078674 -0.1388926 0.1500000
      vertex -0.0831470 -0.0555570 0.1500000
    endloop
  endfacet
  facet normal 0 0 1
    outer loop
      vertex -0.0831470 -0.0555570 0.1500000
      vertex -0.2078674 -0.1388926 0.1500000
      vertex -0.2043962 -0.1439520 0.1500000
    endloop
  endfacet
  facet normal 0 0 1
    outer loop
      vertex -0.0831470 -0.0555570 0.1500000
      vertex -0.2043962 -0.1439520 0.1500000
      vertex -0.0817585 -0.0575808 0.1500000
    endloop
  endfacet
  facet normal 0 0 1
    outer loop
      vertex -0.0817585 -0.0575808 0.1500000
      vertex -0.2043962 -0.1439520 0.1500000
      vertex -0.2008019 -0.1489248 0.1500000
    endloop
  endfacet
  facet normal 0 0 1
    outer loop
      vertex -0.0817585 -0.0575808 0.1500000
      vertex -0.2008019 -0.1489248 0.1500000
      vertex -0.0803208 -0.0595699 0.1500000
    endloop
  endfacet
  facet normal 0 0 1
    outer loop
      vertex -0.0803208 -0.0595699 0.1500000
      vertex -0.2008019 -0.1489248 0.1500000
      vertex -0.1970866 -0.1538079 0.1500000
    endloop
  endfacet
  facet normal 0 0 1
    outer loop
      vertex -0.0803208 -0.0595699 0.1500000
      vertex -0.1970866 -0.1538079 0.1500000
      vertex -0.0788346 -0.0615232 0.1500000
    endloop
  endfacet
  facet normal 0 0 1
    outer loop
      vertex -0.0788346 -0.0615232 0.1500000
      vertex -0.1970866 -0.1538079 0.1500000
      vertex -0.1932526 -0.1585983 0.1500000
    endloop
  endfacet
  facet normal 0 0 1
    outer loop
      vertex -0.0788346 -0.0615232 0.1500000
      vertex -0.1932526 -0.1585983 0.1500000
      vertex -0.0773010 -0.0634393 0.1500000
    endloop
  endfacet
  facet normal 0 0 1
    outer loop
      vertex -0.0773010 -0.0634393 0.1500000
      vertex -0.1932526 -0.1585983 0.1500000
      vertex -0.1893022 -0.1632932 0.1500000
    endloop
  endfacet
  facet normal 0 0 1
    outer loop
      vertex -0.0773010 -0.0634393 0.1500000
      vertex -0.1893022 -0.1632932 0.1500000
      vertex -0.0757209 -0.0653173 0.1500000
    endloop
  endfacet
  facet normal 0 0 1
    outer loop
      vertex -0.0757209 -0.0653173 0.1500000
      vertex -0.1893022 -0.1632932 0.1500000
      vertex -0.1852378 -0.1678897 0.1500000
    endloop
  endfacet
  facet normal 0 0 1
    outer loop
      vertex -0.0757209 -0.0653173 0.1500000
      vertex -0.1852378 -0.1678897 0.1500000
      vertex -0.0740951 -0.0671559 0.1500000
    endloop
  endfacet
  facet normal 0 0 1
    outer loop
      vertex -0.0740951 -0.0671559 0.1500000
      vertex -0.1852378 -0.1678897 0.1500000
      vertex -0.1810618 -0.1723851 0.1500000
    endloop
  endfacet
  facet normal 0 0 1
    outer loop
      vertex -0.0740951 -0.0671559 0.1500000
      vertex -0.1810618 -0.1723851 0.1500000
      vertex -0.0724247 -0.0689541 0.1500000
    endloop
  endfacet
  facet normal 0 0 1
    outer loop
      vertex -0.0724247 -0.0689541 0.1500000
      vertex -0.1810618 -0.1723851 0.1500000
      vertex -0.1767767 -0.1767767 0.1500000
    endloop
  endfacet
  facet normal 0 0 1
    outer loop
      vertex -0.0724247 -0.0689541 0.1500000
      vertex -0.1767767 -0.1767767 0.1500000
      vertex -0.0707107 -0.0707107 0.1500000
    endloop
  endfacet
  facet normal 0 0 1
    outer loop
      vertex -0.0707107 -0.0707107 0.1500000
      vertex -0.1767767 -0.1767767 0.1500000
      vertex -0.1723851 -0.1810618 0.1500000
    endloop
  endfacet
  facet normal 0 0 1
    outer loop
      vertex -0.0707107 -0.0707107 0.1500000
      vertex -0.1723851 -0.1810618 0.1500000
      vertex -0.0689541 -0.0724247 0.1500000
    endloop
  endfacet
  facet normal 0 0 1
    outer loop
      vertex -0.0689541 -0.0724247 0.1500000
      vertex -0.1723851 -0.1810618 0.1500000
      vertex -0.1678897 -0.1852378 0.1500000
    endloop
  endfacet
  facet normal 0 0 1
    outer loop
      vertex -0.0689541 -0.0724247 0.1500000
      vertex -0.1678897 -0.1852378 0.1500000
      vertex -0.0671559 -0.0740951 0.1500000
    endloop
  endfacet
  facet normal 0 0 1
    outer loop
      vertex -0.0671559 -0.0740951 0.1500000
      vertex -0.1678897 -0.1852378 0.1500000
      vertex -0.1632932 -0.1893022 0.1500000
    endloop
  endfacet
  facet normal 0 0 1
    outer loop
      vertex -0.0671559 -0.0740951 0.1500000
      vertex -0.1632932 -0.1893022 0.1500000
      vertex -0.0653173 -0.0757209 0.1500000
    endloop
  endfacet
  facet normal 0 0 1
    outer loop
      vertex -0.0653173 -0.0757209 0.1500000
      vertex -0.1632932 -0.1893022 0.1500000
      vertex -0.1585983 -0.1932526 0.1500000
    endloop
  endfacet
  facet normal 0 0 1
    outer loop
      vertex -0.0653173 -0.0757209 0.1500000
      vertex -0.1585983 -0.1932526 0.1500000
      vertex -0.0634393 -0.0773010 0.1500000
    endloop
  endfacet
  facet normal 0 0 1
    outer loop
      vertex -0.0634393 -0.0773010 0.1500000
      vertex -0.1585983 -0.1932526 0.1500000
      vertex -0.1538079 -0.1970866 0.1500000
    endloop
  endfacet
  facet normal 0 0 1
    outer loop
      vertex -0.0634393 -0.0773010 0.1500000
      vertex -0.1538079 -0.1970866 0.1500000
      vertex -0.0615232 -0.0788346 0.1500000
    endloop
  endfacet
  facet normal 0 0 1
    outer loop
      vertex -0.0615232 -0.0788346 0.1500000
      vertex -0.1538079 -0.1970866 0.1500000
      vertex -0.1489248 -0.2008019 0.1500000
    endloop
  endfacet
  facet normal 0 0 1
    outer loop
      vertex -0.0615232 -0.0788346 0.1500000
      vertex -0.1489248 -0.2008019 0.1500000
      vertex -0.0595699 -0.0803208 0.1500000
    endloop
  endfacet
  facet normal 0 0 1
    outer loop
      vertex -0.0595699 -0.0803208 0.1500000
      vertex -0.1489248 -0.2008019 0.1500000
      vertex -0.1439520 -0.2043962 0.1500000
    endloop
  endfacet
  facet normal 0 0 1
    outer loop
      vertex -0.0595699 -0.0803208 0.1500000
      vertex -0.1439520 -0.2043962 0.1500000
      vertex -0.0575808 -0.0817585 0.1500000
    endloop
  endfacet
  facet normal 0 0 1
    outer loop
      vertex -0.0575808 -0.0817585 0.1500000
      vertex -0.1439520 -0.2043962 0.1500000
      vertex -0.1388926 -0.2078674 0.1500000
    endloop
  endfacet
  facet normal 0 0 1
    outer loop
      vertex -0.0575808 -0.0817585 0.1500000
      vertex -0.1388926 -0.2078674 0.1500000
      vertex -0.0555570 -0.0831470 0.1500000
    endloop
  endfacet
  facet normal 0 0 1
    outer loop
      vertex -0.0555570 -0.0831470 0.1500000
      vertex -0.1388926 -0.2078674 0.1500000
      vertex -0.1337494 -0.2112134 0.1500000
    endloop
  endfacet
  facet normal 0 0 1
    outer loop
      vertex -0.0555570 -0.0831470 0.1500000
      vertex -0.1337494 -0.2112134 0.1500000
      vertex -0.0534998 -0.0844854 0.1500000
    endloop
  endfacet
  facet normal 0 0 1
    outer loop
      vertex -0.0534998 -0.0844854 0.1500000
      vertex -0.1337494 -0.2112134 0.1500000
      vertex -0.1285257 -0.2144322 0.1500000
    endloop
  endfacet
  facet normal 0 0 1
    outer loop
      vertex -0.0534998 -0.0844854 0.1500000
      vertex -0.1285257 -0.2144322 0.1500000
      vertex -0.0514103 -0.0857729 0.1500000
    endloop
  endfacet
  facet normal 0 0 1
    outer loop
      vertex -0.0514103 -0.0857729 0.1500000
      vertex -0.1285257 -0.2144322 0.1500000
      vertex -0.1232245 -0.2175217 0.1500000
    endloop
  endfacet
  facet normal 0 0 1
    outer loop
      vertex -0.0514103 -0.0857729 0.1500000
      vertex -0.1232245 -0.2175217 0.1500000
      vertex -0.0492898 -0.0870087 0.1500000
    endloop
  endfacet
  facet normal 0 0 1
    outer loop
      vertex -0.0492898 -0.0870087 0.1500000
      vertex -0.1232245 -0.2175217 0.1500000
      vertex -0.1178492 -0.2204803 0.1500000
    endloop
  endfacet
  facet normal 0 0 1
    outer loop
      vertex -0.0492898 -0.0870087 0.1500000
      vertex -0.1178492 -0.2204803 0.1500000
      vertex -0.0471397 -0.0881921 0.1500000
    endloop
  endfacet
  facet normal 0 0 1
    outer loop
      vertex -0.0471397 -0.0881921 0.1500000
      vertex -0.1178492 -0.2204803 0.1500000
      vertex -0.1124028 -0.2233061 0.1500000
    endloop
  endfacet
  facet normal 0 0 1
    outer loop
      vertex -0.0471397 -0.0881921 0.1500000
      vertex -0.1124028 -0.2233061 0.1500000
      vertex -0.0449611 -0.0893224 0.1500000
    endloop
  endfacet
  facet normal 0 0 1
    outer loop
      vertex -0.0449611 -0.0893224 0.1500000
      vertex -0.1124028 -0.2233061 0.1500000
      vertex -0.1068888 -0.2259973 0.1500000
    endloop
  endfacet
  facet normal 0 0 1
    outer loop
      vertex -0.0449611 -0.0893224 0.1500000
      vertex -0.1068888 -0.2259973 0.1500000
      vertex -0.0427555 -0.0903989 0.1500000
    endloop
  endfacet
  facet normal 0 0 1
    outer loop
      vertex -0.0427555 -0.0903989 0.1500000
      vertex -0.1068888 -0.2259973 0.1500000
      vertex -0.1013103 -0.2285524 0.1500000
    endloop
  endfacet
  facet normal 0 0 1
    outer loop
      vertex -0.0427555 -0.0903989 0.1500000
      vertex -0.1013103 -0.2285524 0.1500000
      vertex -0.0405241 -0.0914210 0.1500000
    endloop
  endfacet
  facet normal 0 0 1
    outer loop
      vertex -0.0405241 -0.0914210 0.1500000
      vertex -0.1013103 -0.2285524 0.1500000
      vertex -0.0956709 -0.2309699 0.1500000
    endloop
  endfacet
  facet normal 0 0 1
    outer loop
      vertex -0.0405241 -0.0914210 0.1500000
      vertex -0.0956709 -0.2309699 0.1500000
      vertex -0.0382683 -0.0923880 0.1500000
    endloop
  endfacet
  facet normal 0 0 1
    outer loop
      vertex -0.0382683 -0.0923880 0.1500000
      vertex -0.0956709 -0.2309699 0.1500000
      vertex -0.0899738 -0.2332482 0.1500000
    endloop
  endfacet
  facet normal 0 0 1
    outer loop
      vertex -0.0382683 -0.0923880 0.1500000
      vertex -0.0899738 -0.2332482 0.1500000
      vertex -0.0359895 -0.0932993 0.1500000
    endloop
  endfacet
  facet normal 0 0 1
    outer loop
      vertex -0.0359895 -0.0932993 0.1500000
      vertex -0.0899738 -0.2332482 0.1500000
      vertex -0.0842225 -0.2353860 0.1500000
    endloop
  endfacet
  facet normal 0 0 1
    outer loop
      vertex -0.0359895 -0.0932993 0.1500000
      vertex -0.0842225 -0.2353860 0.1500000
      vertex -0.0336890 -0.0941544 0.1500000
    endloop
  endfacet
  facet normal 0 0 1
    outer loop
      vertex -0.0336890 -0.0941544 0.1500000
      vertex -0.0842225 -0.2353860 0.1500000
      vertex -0.0784204 -0.2373820 0.1500000
    endloop
  endfacet
  facet normal 0 0 1
    outer loop
      vertex -0.0336890 -0.0941544 0.1500000
      vertex -0.0784204 -0.2373820 0.1500000
      vertex -0.0313682 -0.0949528 0.1500000
    endloop
  endfacet
  facet normal 0 0 1
    outer loop
      vertex -0.0313682 -0.0949528 0.1500000
      vertex -0.0784204 -0.2373820 0.1500000
      vertex -0.0725712 -0.2392351 0.1500000
    endloop
  endfacet
  facet normal 0 0 1
    outer loop
      vertex -0.0313682 -0.0949528 0.1500000
      vertex -0.0725712 -0.2392351 0.1500000
      vertex -0.0290285 -0.0956940 0.1500000
    endloop
  endfacet
  facet normal 0 0 1
    outer loop
      vertex -0.0290285 -0.0956940 0.1500000
      vertex -0.0725712 -0.2392351 0.1500000
      vertex -0.0666782 -0.2409440 0.1500000
    endloop
  endfacet
  facet normal 0 0 1
    outer loop
      vertex -0.0290285 -0.0956940 0.1500000
      vertex -0.0666782 -0.2409440 0.1500000
      vertex -0.0266713 -0.0963776 0.1500000
    endloop
  endfacet
  facet normal 0 0 1
    outer loop
      vertex -0.0266713 -0.0963776 0.1500000
      vertex -0.0666782 -0.2409440 0.1500000
      vertex -0.0607450 -0.2425078 0.1500000
    endloop
  endfacet
  facet normal 0 0 1
    outer loop
      vertex -0.0266713 -0.0963776 0.1500000
      vertex -0.0607450 -0.2425078 0.1500000
      vertex -0.0242980 -0.0970031 0.1500000
    endloop
  endfacet
  facet normal 0 0 1
    outer loop
      vertex -0.0242980 -0.0970031 0.1500000
      vertex -0.0607450 -0.2425078 0.1500000
      vertex -0.0547753 -0.2439255 0.1500000
    endloop
  endfacet
  facet normal 0 0 1
    outer loop
      vertex -0.0242980 -0.0970031 0.1500000
      vertex -0.0547753 -0.2439255 0.1500000
      vertex -0.0219101 -0.0975702 0.1500000
    endloop
  endfacet
  facet normal 0 0 1
    outer loop
      vertex -0.0219101 -0.0975702 0.1500000
      vertex -0.0547753 -0.2439255 0.1500000
      vertex -0.0487726 -0.2451963 0.1500000
    endloop
  endfacet
  facet normal 0 0 1
    outer loop
      vertex -0.0219101 -0.0975702 0.1500000
      vertex -0.0487726 -0.2451963 0.1500000
      vertex -0.0195090 -0.0980785 0.1500000
    endloop
  endfacet
  facet normal 0 0 1
    outer loop
      vertex -0.0195090 -0.0980785 0.1500000
      vertex -0.0487726 -0.2451963 0.1500000
      vertex -0.0427405 -0.2463194 0.1500000
    endloop
  endfacet
  facet normal 0 0 1
    outer loop
      vertex -0.0195090 -0.0980785 0.1500000
      vertex -0.0427405 -0.2463194 0.1500000
      vertex -0.0170962 -0.0985278 0.1500000
    endloop
  endfacet
  facet normal 0 0 1
    outer loop
      vertex -0.0170962 -0.0985278 0.1500000
      vertex -0.0427405 -0.2463194 0.1500000
      vertex -0.0366826 -0.2472941 0.1500000
    endloop
  endfacet
  facet normal 0 0 1
    outer loop
      vertex -0.0170962 -0.0985278 0.1500000
      vertex -0.0366826 -0.2472941 0.1500000
      vertex -0.0146730 -0.0989177 0.1500000
    endloop
  endfacet
  facet normal 0 0 1
    outer loop
      vertex -0.0146730 -0.0989177 0.1500000
      vertex -0.0366826 -0.2472941 0.1500000
      vertex -0.0306027 -0.2481199 0.1500000
    endloop
  endfacet
  facet normal 0 0 1
    outer loop
      vertex -0.0146730 -0.0989177 0.1500000
      vertex -0.0306027 -0.2481199 0.1500000
      vertex -0.0122411 -0.0992480 0.1500000
    endloop
  endfacet
  facet normal 0 0 1
    outer loop
      vertex -0.0122411 -0.0992480 0.1500000
      vertex -0.0306027 -0.2481199 0.1500000
      vertex -0.0245043 -0.2487962 0.1500000
    endloop
  endfacet
  facet normal 0 0 1
    outer loop
      vertex -0.0122411 -0.0992480 0.1500000
      vertex -0.0245043 -0.2487962 0.1500000
      vertex -0.0098017 -0.0995185 0.1500000
    endloop
  endfacet
  facet normal 0 0 1
    outer loop
      vertex -0.0098017 -0.0995185 0.1500000
      vertex -0.0245043 -0.2487962 0.1500000
      vertex -0.0183911 -0.2493226 0.1500000
    endloop
  endfacet
  facet normal 0 0 1
    outer loop
      vertex -0.0098017 -0.0995185 0.1500000
      vertex -0.0183911 -0.2493226 0.1500000
      vertex -0.0073565 -0.0997290 0.1500000
    endloop
  endfacet
  facet normal 0 0 1
    outer loop
      vertex -0.0073565 -0.0997290 0.1500000
      vertex -0.0183911 -0.2493226 0.1500000
      vertex -0.0122669 -0.2496989 0.1500000
    endloop
  endfacet
  facet normal 0 0 1
    outer loop
      vertex -0.0073565 -0.0997290 0.1500000
      vertex -0.0122669 -0.2496989 0.1500000
      vertex -0.0049068 -0.0998795 0.1500000
    endloop
  endfacet
  facet normal 0 0 1
    outer loop
      vertex -0.0049068 -0.0998795 0.1500000
      vertex -0.0122669 -0.2496989 0.1500000
      vertex -0.0061353 -0.2499247 0.1500000
    endloop
  endfacet
  facet normal 0 0 1
    outer loop
      vertex -0.0049068 -0.0998795 0.1500000
      vertex -0.0061353 -0.2499247 0.1500000
      vertex -0.0024541 -0.0999699 0.1500000
    endloop
  endfacet
  facet normal 0 0 1
    outer loop
      vertex -0.0024541 -0.0999699 0.1500000
      vertex -0.0061353 -0.2499247 0.1500000
      vertex -0.0000000 -0.2500000 0.1500000
    endloop
  endfacet
  facet normal 0 0 1
    outer loop
      vertex -0.0024541 -0.0999699 0.1500000
      vertex -0.0000000 -0.2500000 0.1500000
      vertex -0.0000000 -0.1000000 0.1500000
    endloop
  endfacet
  facet normal 0 0 1
    outer loop
      vertex -0.0000000 -0.1000000 0.1500000
      vertex -0.0000000 -0.2500000 0.1500000
      vertex 0.0061353 -0.2499247 0.1500000
    endloop
  endfacet
  facet normal -0 0 1
    outer loop
      vertex -0.0000000 -0.1000000 0.1500000
      vertex 0.0061353 -0.2499247 0.1500000
      vertex 0.0024541 -0.0999699 0.1500000
    endloop
  endfacet
  facet normal 0 0 1
    outer loop
      vertex 0.0024541 -0.0999699 0.1500000
      vertex 0.0061353 -0.2499247 0.1500000
      vertex 0.0122669 -0.2496989 0.1500000
    endloop
  endfacet
  facet normal -0 0 1
    outer loop
      vertex 0.0024541 -0.0999699 0.1500000
      vertex 0.0122669 -0.2496989 0.1500000
      vertex 0.0049068 -0.0998795 0.1500000
    endloop
  endfacet
  facet normal 0 0 1
    outer loop
      vertex 0.0049068 -0.0998795 0.1500000
      vertex 0.0122669 -0.2496989 0.1500000
      vertex 0.0183911 -0.2493226 0.1500000
    endloop
  endfacet
  facet normal -0 0 1
    outer loop
      vertex 0.0049068 -0.0998795 0.1500000
      vertex 0.0183911 -0.2493226 0.1500000
      vertex 0.0073565 -0.0997290 0.1500000
    endloop
  endfacet
  facet normal 0 0 1
    outer loop
      vertex 0.0073565 -0.0997290 0.1500000
      vertex 0.0183911 -0.2493226 0.1500000
      vertex 0.0245043 -0.2487962 0.1500000
    endloop
  endfacet
  facet normal -0 0 1
    outer loop
      vertex 0.0073565 -0.0997290 0.1500000
      vertex 0.0245043 -0.2487962 0.1500000
      vertex 0.0098017 -0.0995185 0.1500000
    endloop
  endfacet
  facet normal 0 0 1
    outer loop
      vertex 0.0098017 -0.0995185 0.1500000
      vertex 0.0245043 -0.2487962 0.1500000
      vertex 0.0306027 -0.2481199 0.1500000
    endloop
  endfacet
  facet normal -0 0 1
    outer loop
      vertex 0.0098017 -0.0995185 0.1500000
      vertex 0.0306027 -0.2481199 0.1500000
      vertex 0.0122411 -0.0992480 0.1500000
    endloop
  endfacet
  facet normal 0 0 1
    outer loop
      vertex 0.0122411 -0.0992480 0.1500000
      vertex 0.0306027 -0.2481199 0.1500000
      vertex 0.0366826 -0.2472941 0.1500000
    endloop
  endfacet
  facet normal -0 0 1
    outer loop
      vertex 0.0122411 -0.0992480 0.1500000
      vertex 0.0366826 -0.2472941 0.1500000
      vertex 0.0146730 -0.0989177 0.1500000
    endloop
  endfacet
  facet normal 0 0 1
    outer loop
      vertex 0.0146730 -0.0989177 0.1500000
      vertex 0.0366826 -0.2472941 0.1500000
      vertex 0.0427405 -0.2463194 0.1500000
    endloop
  endfacet
  facet normal -0 0 1
    outer loop
      vertex 0.0146730 -0.0989177 0.1500000
      vertex 0.0427405 -0.2463194 0.1500000
      vertex 0.0170962 -0.0985278 0.1500000
    endloop
  endfacet
  facet normal 0 0 1
    outer loop
      vertex 0.0170962 -0.0985278 0.1500000
      vertex 0.0427405 -0.2463194 0.1500000
      vertex 0.0487726 -0.2451963 0.1500000
    endloop
  endfacet
  facet normal -0 0 1
    outer loop
      vertex 0.0170962 -0.0985278 0.1500000
      vertex 0.0487726 -0.2451963 0.1500000
      vertex 0.0195090 -0.0980785 0.1500000
    endloop
  endfacet
  facet normal 0 0 1
    outer loop
      vertex 0.0195090 -0.0980785 0.1500000
      vertex 0.0487726 -0.2451963 0.1500000
      vertex 0.0547753 -0.2439255 0.1500000
    endloop
  endfacet
  facet normal -0 0 1
    outer loop
      vertex 0.0195090 -0.0980785 0.1500000
      vertex 0.0547753 -0.2439255 0.1500000
      vertex 0.0219101 -0.0975702 0.1500000
    endloop
  endfacet
  facet normal 0 0 1
    outer loop
      vertex 0.0219101 -0.0975702 0.1500000
      vertex 0.0547753 -0.2439255 0.1500000
      vertex 0.0607450 -0.2425078 0.1500000
    endloop
  endfacet
  facet normal -0 0 1
    outer loop
      vertex 0.0219101 -0.0975702 0.1500000
      vertex 0.0607450 -0.2425078 0.1500000
      vertex 0.0242980 -0.0970031 0.1500000
    endloop
  endfacet
  facet normal 0 0 1
    outer loop
      vertex 0.0242980 -0.0970031 0.1500000
      vertex 0.0607450 -0.2425078 0.1500000
      vertex 0.0666782 -0.2409440 0.1500000
    endloop
  endfacet
  facet normal -0 0 1
    outer loop
      vertex 0.0242980 -0.0970031 0.1500000
      vertex 0.0666782 -0.2409440 0.1500000
      vertex 0.0266713 -0.0963776 0.1500000
    endloop
  endfacet
  facet normal 0 0 1
    outer loop
      vertex 0.0266713 -0.0963776 0.1500000
      vertex 0.0666782 -0.2409440 0.1500000
      vertex 0.0725712 -0.2392351 0.1500000
    endloop
  endfacet
  facet normal -0 0 1
    outer loop
      vertex 0.0266713 -0.0963776 0.1500000
      vertex 0.0725712 -0.2392351 0.1500000
      vertex 0.0290285 -0.0956940 0.1500000
    endloop
  endfacet
  facet normal 0 0 1
    outer loop
      vertex 0.0290285 -0.0956940 0.1500000
      vertex 0.0725712 -0.2392351 0.1500000
      vertex 0.0784204 -0.2373820 0.1500000
    endloop
  endfacet
  facet normal -0 0 1
    outer loop
      vertex 0.0290285 -0.0956940 0.1500000
      vertex 0.0784204 -0.2373820 0.1500000
      vertex 0.0313682 -0.0949528 0.1500000
    endloop
  endfacet
  facet normal 0 0 1
    outer loop
      vertex 0.0313682 -0.0949528 0.1500000
      vertex 0.0784204 -0.2373820 0.1500000
      vertex 0.0842225 -0.2353860 0.1500000
    endloop
  endfacet
  facet normal -0 0 1
    outer loop
      vertex 0.0313682 -0.0949528 0.1500000
      vertex 0.0842225 -0.2353860 0.1500000
      vertex 0.0336890 -0.0941544 0.1500000
    endloop
  endfacet
  facet normal 0 0 1
    outer loop
      vertex 0.0336890 -0.0941544 0.1500000
      vertex 0.0842225 -0.2353860 0.1500000
      vertex 0.0899738 -0.2332482 0.1500000
    endloop
  endfacet
  facet normal -0 0 1
    outer loop
      vertex 0.0336890 -0.0941544 0.1500000
      vertex 0.0899738 -0.2332482 0.1500000
      vertex 0.0359895 -0.0932993 0.1500000
    endloop
  endfacet
  facet normal 0 0 1
    outer loop
      vertex 0.0359895 -0.0932993 0.1500000
      vertex 0.0899738 -0.2332482 0.1500000
      vertex 0.0956709 -0.2309699 0.1500000
    endloop
  endfacet
  facet normal -0 0 1
    outer loop
      vertex 0.0359895 -0.0932993 0.1500000
      vertex 0.0956709 -0.2309699 0.1500000
      vertex 0.0382683 -0.0923880 0.1500000
    endloop
  endfacet
  facet normal 0 0 1
    outer loop
      vertex 0.0382683 -0.0923880 0.1500000
      vertex 0.0956709 -0.2309699 0.1500000
      vertex 0.1013103 -0.2285524 0.1500000
    endloop
  endfacet
  facet normal -0 0 1
    outer loop
      vertex 0.0382683 -0.0923880 0.1500000
      vertex 0.1013103 -0.2285524 0.1500000
      vertex 0.0405241 -0.0914210 0.1500000
    endloop
  endfacet
  facet normal 0 0 1
    outer loop
      vertex 0.0405241 -0.0914210 0.1500000
      vertex 0.1013103 -0.2285524 0.1500000
      vertex 0.1068888 -0.2259973 0.1500000
    endloop
  endfacet
  facet normal -0 0 1
    outer loop
      vertex 0.0405241 -0.0914210 0.1500000
      vertex 0.1068888 -0.2259973 0.1500000
      vertex 0.0427555 -0.0903989 0.1500000
    endloop
  endfacet
  facet normal 0 0 1
    outer loop
      vertex 0.0427555 -0.0903989 0.1500000
      vertex 0.1068888 -0.2259973 0.1500000
      vertex 0.1124028 -0.2233061 0.1500000
    endloop
  endfacet
  facet normal -0 0 1
    outer loop
      vertex 0.0427555 -0.0903989 0.1500000
      vertex 0.1124028 -0.2233061 0.1500000
      vertex 0.0449611 -0.0893224 0.1500000
    endloop
  endfacet
  facet normal 0 0 1
    outer loop
      vertex 0.0449611 -0.0893224 0.1500000
      vertex 0.1124028 -0.2233061 0.1500000
      vertex 0.1178492 -0.2204803 0.1500000
    endloop
  endfacet
  facet normal -0 0 1
    outer loop
      vertex 0.0449611 -0.0893224 0.1500000
      vertex 0.1178492 -0.2204803 0.1500000
      vertex 0.0471397 -0.0881921 0.1500000
    endloop
  endfacet
  facet normal 0 0 1
    outer loop
      vertex 0.0471397 -0.0881921 0.1500000
      vertex 0.1178492 -0.2204803 0.1500000
      vertex 0.1232245 -0.2175217 0.1500000
    endloop
  endfacet
  facet normal -0 0 1
    outer loop
      vertex 0.0471397 -0.0881921 0.1500000
      vertex 0.1232245 -0.2175217 0.1500000
      vertex 0.0492898 -0.0870087 0.1500000
    endloop
  endfacet
  facet normal 0 0 1
    outer loop
      vertex 0.0492898 -0.0870087 0.1500000
      vertex 0.1232245 -0.2175217 0.1500000
      vertex 0.1285257 -0.2144322 0.1500000
    endloop
  endfacet
  facet normal -0 0 1
    outer loop
      vertex 0.0492898 -0.0870087 0.1500000
      vertex 0.1285257 -0.2144322 0.1500000
      vertex 0.0514103 -0.0857729 0.1500000
    endloop
  endfacet
  facet normal 0 0 1
    outer loop
      vertex 0.0514103 -0.0857729 0.1500000
      vertex 0.1285257 -0.2144322 0.1500000
      vertex 0.1337494 -0.2112134 0.1500000
    endloop
  endfacet
  facet normal -0 0 1
    outer loop
      vertex 0.0514103 -0.0857729 0.1500000
      vertex 0.1337494 -0.2112134 0.1500000
      vertex 0.0534998 -0.0844854 0.1500000
    endloop
  endfacet
  facet normal 0 0 1
    outer loop
      vertex 0.0534998 -0.0844854 0.1500000
      vertex 0.1337494 -0.2112134 0.1500000
      vertex 0.1388926 -0.2078674 0.1500000
    endloop
  endfacet
  facet normal -0 0 1
    outer loop
      vertex 0.0534998 -0.0844854 0.1500000
      vertex 0.1388926 -0.2078674 0.1500000
      vertex 0.0555570 -0.0831470 0.1500000
    endloop
  endfacet
  facet normal 0 0 1
    outer loop
      vertex 0.0555570 -0.0831470 0.1500000
      vertex 0.1388926 -0.2078674 0.1500000
      vertex 0.1439520 -0.2043962 0.1500000
    endloop
  endfacet
  facet normal -0 0 1
    outer loop
      vertex 0.0555570 -0.0831470 0.1500000
      vertex 0.1439520 -0.2043962 0.1500000
      vertex 0.0575808 -0.0817585 0.1500000
    endloop
  endfacet
  facet normal 0 0 1
    outer loop
      vertex 0.0575808 -0.0817585 0.1500000
      vertex 0.1439520 -0.2043962 0.1500000
      vertex 0.1489248 -0.2008019 0.1500000
    endloop
  endfacet
  facet normal -0 0 1
    outer loop
      vertex 0.0575808 -0.0817585 0.1500000
      vertex 0.1489248 -0.2008019 0.1500000
      vertex 0.0595699 -0.0803208 0.1500000
    endloop
  endfacet
  facet normal 0 0 1
    outer loop
      vertex 0.0595699 -0.0803208 0.1500000
      vertex 0.1489248 -0.2008019 0.1500000
      vertex 0.1538079 -0.1970866 0.1500000
    endloop
  endfacet
  facet normal -0 0 1
    outer loop
      vertex 0.0595699 -0.0803208 0.1500000
      vertex 0.1538079 -0.1970866 0.1500000
      vertex 0.0615232 -0.0788346 0.1500000
    endloop
  endfacet
  facet normal 0 0 1
    outer loop
      vertex 0.0615232 -0.0788346 0.1500000
      vertex 0.1538079 -0.1970866 0.1500000
      vertex 0.1585983 -0.1932526 0.1500000
    endloop
  endfacet
  facet normal -0 0 1
    outer loop
      vertex 0.0615232 -0.0788346 0.1500000
      vertex 0.1585983 -0.1932526 0.1500000
      vertex 0.0634393 -0.0773010 0.1500000
    endloop
  endfacet
  facet normal 0 0 1
    outer loop
      vertex 0.0634393 -0.0773010 0.1500000
      vertex 0.1585983 -0.1932526 0.1500000
      vertex 0.1632932 -0.1893022 0.1500000
    endloop
  endfacet
  facet normal -0 0 1
    outer loop
      vertex 0.0634393 -0.0773010 0.1500000
      vertex 0.1632932 -0.1893022 0.1500000
      vertex 0.0653173 -0.0757209 0.1500000
    endloop
  endfacet
  facet normal 0 0 1
    outer loop
      vertex 0.0653173 -0.0757209 0.1500000
      vertex 0.1632932 -0.1893022 0.1500000
      vertex 0.1678897 -0.1852378 0.1500000
    endloop
  endfacet
  facet normal -0 0 1
    outer loop
      vertex 0.0653173 -0.0757209 0.1500000
      vertex 0.1678897 -0.1852378 0.1500000
      vertex 0.0671559 -0.0740951 0.1500000
    endloop
  endfacet
  facet normal 0 0 1
    outer loop
      vertex 0.0671559 -0.0740951 0.1500000
      vertex 0.1678897 -0.1852378 0.1500000
      vertex 0.1723851 -0.1810618 0.1500000
    endloop
  endfacet
  facet normal -0 0 1
    outer loop
      vertex 0.0671559 -0.0740951 0.1500000
      vertex 0.1723851 -0.1810618 0.1500000
      vertex 0.0689541 -0.0724247 0.1500000
    endloop
  endfacet
  facet normal 0 0 1
    outer loop
      vertex 0.0689541 -0.0724247 0.1500000
      vertex 0.1723851 -0.1810618 0.1500000
      vertex 0.1767767 -0.1767767 0.1500000
    endloop
  endfacet
  facet normal -0 0 1
    outer loop
      vertex 0.0689541 -0.0724247 0.1500000
      vertex 0.1767767 -0.1767767 0.1500000
      vertex 0.0707107 -0.0707107 0.1500000
    endloop
  endfacet
  facet normal 0 0 1
    outer loop
      vertex 0.0707107 -0.0707107 0.1500000
      vertex 0.1767767 -0.1767767 0.1500000
      vertex 0.1810618 -0.1723851 0.1500000
    endloop
  endfacet
  facet normal -0 0 1
    outer loop
      vertex 0.0707107 -0.0707107 0.1500000
      vertex 0.1810618 -0.1723851 0.1500000
      vertex 0.0724247 -0.0689541 0.1500000
    endloop
  endfacet
  facet normal 0 0 1
    outer loop
      vertex 0.0724247 -0.0689541 0.1500000
      vertex 0.1810618 -0.1723851 0.1500000
      vertex 0.1852378 -0.1678897 0.1500000
    endloop
  endfacet
  facet normal -0 0 1
    outer loop
      vertex 0.0724247 -0.0689541 0.1500000
      vertex 0.1852378 -0.1678897 0.1500000
      vertex 0.0740951 -0.0671559 0.1500000
    endloop
  endfacet
  facet normal 0 0 1
    outer loop
      vertex 0.0740951 -0.0671559 0.1500000
      vertex 0.1852378 -0.1678897 0.1500000
      vertex 0.1893022 -0.1632932 0.1500000
    endloop
  endfacet
  facet normal -0 0 1
    outer loop
      vertex 0.0740951 -0.0671559 0.1500000
      vertex 0.1893022 -0.1632932 0.1500000
      vertex 0.0757209 -0.0653173 0.1500000
    endloop
  endfacet
  facet normal 0 0 1
    outer loop
      vertex 0.0757209 -0.0653173 0.1500000
      vertex 0.1893022 -0.1632932 0.1500000
      vertex 0.1932526 -0.1585983 0.1500000
    endloop
  endfacet
  facet normal -0 0 1
    outer loop
      vertex 0.0757209 -0.0653173 0.1500000
      vertex 0.1932526 -0.1585983 0.1500000
      vertex 0.0773010 -0.0634393 0.1500000
    endloop
  endfacet
  facet normal 0 0 1
    outer loop
      vertex 0.0773010 -0.0634393 0.1500000
      vertex 0.1932526 -0.1585983 0.1500000
      vertex 0.1970866 -0.1538079 0.1500000
    endloop
  endfacet
  facet normal -0 0 1
    outer loop
      vertex 0.0773010 -0.0634393 0.1500000
      vertex 0.1970866 -0.1538079 0.1500000
      vertex 0.0788346 -0.0615232 0.1500000
    endloop
  endfacet
  facet normal 0 0 1
    outer loop
      vertex 0.0788346 -0.0615232 0.1500000
      vertex 0.1970866 -0.1538079 0.1500000
      vertex 0.2008019 -0.1489248 0.1500000
    endloop
  endfacet
  facet normal -0 0 1
    outer loop
      vertex 0.0788346 -0.0615232 0.1500000
      vertex 0.2008019 -0.1489248 0.1500000
      vertex 0.0803208 -0.0595699 0.1500000
    endloop
  endfacet
  facet normal 0 0 1
    outer loop
      vertex 0.0803208 -0.0595699 0.1500000
      vertex 0.2008019 -0.1489248 0.1500000
      vertex 0.2043962 -0.1439520 0.1500000
    endloop
  endfacet
  facet normal -0 0 1
    outer loop
      vertex 0.0803208 -0.0595699 0.1500000
      vertex 0.2043962 -0.1439520 0.1500000
      vertex 0.0817585 -0.0575808 0.1500000
    endloop
  endfacet
  facet normal 0 0 1
    outer loop
      vertex 0.0817585 -0.0575808 0.1500000
      vertex 0.2043962 -0.1439520 0.1500000
      vertex 0.2078674 -0.1388926 0.1500000
    endloop
  endfacet
  facet normal -0 0 1
    outer loop
      vertex 0.0817585 -0.0575808 0.1500000
      vertex 0.2078674 -0.1388926 0.1500000
      vertex 0.0831470 -0.0555570 0.1500000
    endloop
  endfacet
  facet normal 0 0 1
    outer loop
      vertex 0.0831470 -0.0555570 0.1500000
      vertex 0.2078674 -0.1388926 0.1500000
      vertex 0.2112134 -0.1337494 0.1500000
    endloop
  endfacet
  facet normal -0 0 1
    outer loop
      vertex 0.0831470 -0.0555570 0.1500000
      vertex 0.2112134 -0.1337494 0.1500000
      vertex 0.0844854 -0.0534998 0.1500000
    endloop
  endfacet
  facet normal 0 0 1
    outer loop
      vertex 0.0844854 -0.0534998 0.1500000
      vertex 0.2112134 -0.1337494 0.1500000
      vertex 0.2144322 -0.1285257 0.1500000
    endloop
  endfacet
  facet normal -0 0 1
    outer loop
      vertex 0.0844854 -0.0534998 0.1500000
      vertex 0.2144322 -0.1285257 0.1500000
      vertex 0.0857729 -0.0514103 0.1500000
    endloop
  endfacet
  facet normal 0 0 1
    outer loop
      vertex 0.0857729 -0.0514103 0.1500000
      vertex 0.2144322 -0.1285257 0.1500000
      vertex 0.2175217 -0.1232245 0.1500000
    endloop
  endfacet
  facet normal -0 0 1
    outer loop
      vertex 0.0857729 -0.0514103 0.1500000
      vertex 0.2175217 -0.1232245 0.1500000
      vertex 0.0870087 -0.0492898 0.1500000
    endloop
  endfacet
  facet normal 0 0 1
    outer loop
      vertex 0.0870087 -0.0492898 0.1500000
      vertex 0.2175217 -0.1232245 0.1500000
      vertex 0.2204803 -0.1178492 0.1500000
    endloop
  endfacet
  facet normal -0 0 1
    outer loop
      vertex 0.0870087 -0.0492898 0.1500000
      vertex 0.2204803 -0.1178492 0.1500000
      vertex 0.0881921 -0.0471397 0.1500000
    endloop
  endfacet
  facet normal 0 0 1
    outer loop
      vertex 0.0881921 -0.0471397 0.1500000
      vertex 0.2204803 -0.1178492 0.1500000
      vertex 0.2233061 -0.1124028 0.1500000
    endloop
  endfacet
  facet normal -0 0 1
    outer loop
      vertex 0.0881921 -0.0471397 0.1500000
      vertex 0.2233061 -0.1124028 0.1500000
      vertex 0.0893224 -0.0449611 0.1500000
    endloop
  endfacet
  facet normal 0 0 1
    outer loop
      vertex 0.0893224 -0.0449611 0.1500000
      vertex 0.2233061 -0.1124028 0.1500000
      vertex 0.2259973 -0.1068888 0.1500000
    endloop
  endfacet
  facet normal -0 0 1
    outer loop
      vertex 0.0893224 -0.0449611 0.1500000
      vertex 0.2259973 -0.1068888 0.1500000
      vertex 0.0903989 -0.0427555 0.1500000
    endloop
  endfacet
  facet normal 0 0 1
    outer loop
      vertex 0.0903989 -0.0427555 0.1500000
      vertex 0.2259973 -0.1068888 0.1500000
      vertex 0.2285524 -0.1013103 0.1500000
    endloop
  endfacet
  facet normal -0 0 1
    outer loop
      vertex 0.0903989 -0.0427555 0.1500000
      vertex 0.2285524 -0.1013103 0.1500000
      vertex 0.0914210 -0.0405241 0.1500000
    endloop
  endfacet
  facet normal 0 0 1
    outer loop
      vertex 0.0914210 -0.0405241 0.1500000
      vertex 0.2285524 -0.1013103 0.1500000
      vertex 0.2309699 -0.0956709 0.1500000
    endloop
  endfacet
  facet normal -0 0 1
    outer loop
      vertex 0.0914210 -0.0405241 0.1500000
      vertex 0.2309699 -0.0956709 0.1500000
      vertex 0.0923880 -0.0382683 0.1500000
    endloop
  endfacet
  facet normal 0 0 1
    outer loop
      vertex 0.0923880 -0.0382683 0.1500000
      vertex 0.2309699 -0.0956709 0.1500000
      vertex 0.2332482 -0.0899738 0.1500000
    endloop
  endfacet
  facet normal -0 0 1
    outer loop
      vertex 0.0923880 -0.0382683 0.1500000
      vertex 0.2332482 -0.0899738 0.1500000
      vertex 0.0932993 -0.0359895 0.1500000
    endloop
  endfacet
  facet normal 0 0 1
    outer loop
      vertex 0.0932993 -0.0359895 0.1500000
      vertex 0.2332482 -0.0899738 0.1500000
      vertex 0.2353860 -0.0842225 0.1500000
    endloop
  endfacet
  facet normal -0 0 1
    outer loop
      vertex 0.0932993 -0.0359895 0.1500000
      vertex 0.2353860 -0.0842225 0.1500000
      vertex 0.0941544 -0.0336890 0.1500000
    endloop
  endfacet
  facet normal 0 0 1
    outer loop
      vertex 0.0941544 -0.0336890 0.1500000
      vertex 0.2353860 -0.0842225 0.1500000
      vertex 0.2373820 -0.0784204 0.1500000
    endloop
  endfacet
  facet normal -0 0 1
    outer loop
      vertex 0.0941544 -0.0336890 0.1500000
      vertex 0.2373820 -0.0784204 0.1500000
      vertex 0.0949528 -0.0313682 0.1500000
    endloop
  endfacet
  facet normal 0 0 1
    outer loop
      vertex 0.0949528 -0.0313682 0.1500000
      vertex 0.2373820 -0.0784204 0.1500000
      vertex 0.2392351 -0.0725712 0.1500000
    endloop
  endfacet
  facet normal -0 0 1
    outer loop
      vertex 0.0949528 -0.0313682 0.1500000
      vertex 0.2392351 -0.0725712 0.1500000
      vertex 0.0956940 -0.0290285 0.1500000
    endloop
  endfacet
  facet normal 0 0 1
    outer loop
      vertex 0.0956940 -0.0290285 0.1500000
      vertex 0.2392351 -0.0725712 0.1500000
      vertex 0.2409440 -0.0666782 0.1500000
    endloop
  endfacet
  facet normal -0 0 1
    outer loop
      vertex 0.0956940 -0.0290285 0.1500000
      vertex 0.2409440 -0.0666782 0.1500000
      vertex 0.0963776 -0.0266713 0.1500000
    endloop
  endfacet
  facet normal 0 0 1
    outer loop
      vertex 0.0963776 -0.0266713 0.1500000
      vertex 0.2409440 -0.0666782 0.1500000
      vertex 0.2425078 -0.0607450 0.1500000
    endloop
  endfacet
  facet normal -0 0 1
    outer loop
      vertex 0.0963776 -0.0266713 0.1500000
      vertex 0.2425078 -0.0607450 0.1500000
      vertex 0.0970031 -0.0242980 0.1500000
    endloop
  endfacet
  facet normal 0 0 1
    outer loop
      vertex 0.0970031 -0.0242980 0.1500000
      vertex 0.2425078 -0.0607450 0.1500000
      vertex 0.2439255 -0.0547753 0.1500000
    endloop
  endfacet
  facet normal -0 0 1
    outer loop
      vertex 0.0970031 -0.0242980 0.1500000
      vertex 0.2439255 -0.0547753 0.1500000
      vertex 0.0975702 -0.0219101 0.1500000
    endloop
  endfacet
  facet normal 0 0 1
    outer loop
      vertex 0.0975702 -0.0219101 0.1500000
      vertex 0.2439255 -0.0547753 0.1500000
      vertex 0.2451963 -0.0487726 0.1500000
    endloop
  endfacet
  facet normal -0 0 1
    outer loop
      vertex 0.0975702 -0.0219101 0.1500000
      vertex 0.2451963 -0.0487726 0.1500000
      vertex 0.0980785 -0.0195090 0.1500000
    endloop
  endfacet
  facet normal 0 0 1
    outer loop
      vertex 0.0980785 -0.0195090 0.1500000
      vertex 0.2451963 -0.0487726 0.1500000
      vertex 0.2463194 -0.0427405 0.1500000
    endloop
  endfacet
  facet normal -0 0 1
    outer loop
      vertex 0.0980785 -0.0195090 0.1500000
      vertex 0.2463194 -0.0427405 0.1500000
      vertex 0.0985278 -0.0170962 0.1500000
    endloop
  endfacet
  facet normal 0 0 1
    outer loop
      vertex 0.0985278 -0.0170962 0.1500000
      vertex 0.2463194 -0.0427405 0.1500000
      vertex 0.2472941 -0.0366826 0.1500000
    endloop
  endfacet
  facet normal -0 0 1
    outer loop
      vertex 0.0985278 -0.0170962 0.1500000
      vertex 0.2472941 -0.0366826 0.1500000
      vertex 0.0989177 -0.0146730 0.1500000
    endloop
  endfacet
  facet normal 0 0 1
    outer loop
      vertex 0.0989177 -0.0146730 0.1500000
      vertex 0.2472941 -0.0366826 0.1500000
      vertex 0.2481199 -0.0306027 0.1500000
    endloop
  endfacet
  facet normal -0 0 1
    outer loop
      vertex 0.0989177 -0.0146730 0.1500000
      vertex 0.2481199 -0.0306027 0.1500000
      vertex 0.0992480 -0.0122411 0.1500000
    endloop
  endfacet
  facet normal 0 0 1
    outer loop
      vertex 0.0992480 -0.0122411 0.1500000
      vertex 0.2481199 -0.0306027 0.1500000
      vertex 0.2487962 -0.0245043 0.1500000
    endloop
  endfacet
  facet normal -0 0 1
    outer loop
      vertex 0.0992480 -0.0122411 0.1500000
      vertex 0.2487962 -0.0245043 0.1500000
      vertex 0.0995185 -0.0098017 0.1500000
    endloop
  endfacet
  facet normal 0 0 1
    outer loop
      vertex 0.0995185 -0.0098017 0.1500000
      vertex 0.2487962 -0.0245043 0.1500000
      vertex 0.2493226 -0.0183911 0.1500000
    endloop
  endfacet
  facet normal -0 0 1
    outer loop
      vertex 0.0995185 -0.0098017 0.1500000
      vertex 0.2493226 -0.0183911 0.1500000
      vertex 0.0997290 -0.0073565 0.1500000
    endloop
  endfacet
  facet normal 0 0 1
    outer loop
      vertex 0.0997290 -0.0073565 0.1500000
      vertex 0.2493226 -0.0183911 0.1500000
      vertex 0.2496989 -0.0122669 0.1500000
    endloop
  endfacet
  facet normal -0 0 1
    outer loop
      vertex 0.0997290 -0.0073565 0.1500000
      vertex 0.2496989 -0.0122669 0.1500000
      vertex 0.0998795 -0.0049068 0.1500000
    endloop
  endfacet
  facet normal 0 0 1
    outer loop
      vertex 0.0998795 -0.0049068 0.1500000
      vertex 0.2496989 -0.0122669 0.1500000
      vertex 0.2499247 -0.0061353 0.1500000
    endloop
  endfacet
  facet normal -0 0 1
    outer loop
      vertex 0.0998795 -0.0049068 0.1500000
      vertex 0.2499247 -0.0061353 0.1500000
      vertex 0.0999699 -0.0024541 0.1500000
    endloop
  endfacet
  facet normal -0 0 1
    outer loop
      vertex 0.0999699 -0.0024541 0.1500000
      vertex 0.2499247 -0.0061353 0.1500000
      vertex 0.2500000 -0.0000000 0.1500000
    endloop
  endfacet
  facet normal 0 0 1
    outer loop
      vertex 0.0999699 -0.0024541 0.1500000
      vertex 0.2500000 -0.0000000 0.1500000
      vertex 0.1000000 -0.0000000 0.1500000
    endloop
  endfacet
  facet normal 0 0 -1
    outer loop
      vertex 0.1000000 0.0000000 -0.0500000
      vertex 0.2499247 0.0061353 -0.0500000
      vertex 0.2500000 0.0000000 -0.0500000
    endloop
  endfacet
  facet normal 0 0 -1
    outer loop
      vertex 0.1000000 0.0000000 -0.0500000
      vertex 0.0999699 0.0024541 -0.0500000
      vertex 0.2499247 0.0061353 -0.0500000
    endloop
  endfacet
  facet normal 0 0 -1
    outer loop
      vertex 0.0999699 0.0024541 -0.0500000
      vertex 0.2496989 0.0122669 -0.0500000
      vertex 0.2499247 0.0061353 -0.0500000
    endloop
  endfacet
  facet normal 0 0 -1
    outer loop
      vertex 0.0999699 0.0024541 -0.0500000
      vertex 0.0998795 0.0049068 -0.0500000
      vertex 0.2496989 0.0122669 -0.0500000
    endloop
  endfacet
  facet normal 0 0 -1
    outer loop
      vertex 0.0998795 0.0049068 -0.0500000
      vertex 0.2493226 0.0183911 -0.0500000
      vertex 0.2496989 0.0122669 -0.0500000
    endloop
  endfacet
  facet normal 0 0 -1
    outer loop
      vertex 0.0998795 0.0049068 -0.0500000
      vertex 0.0997290 0.0073565 -0.0500000
      vertex 0.2493226 0.0183911 -0.0500000
    endloop
  endfacet
  facet normal 0 0 -1
    outer loop
      vertex 0.0997290 0.0073565 -0.0500000
      vertex 0.2487962 0.0245043 -0.0500000
      vertex 0.2493226 0.0183911 -0.0500000
    endloop
  endfacet
  facet normal 0 0 -1
    outer loop
      vertex 0.0997290 0.0073565 -0.0500000
      vertex 0.0995185 0.0098017 -0.0500000
      vertex 0.2487962 0.0245043 -0.0500000
    endloop
  endfacet
  facet normal 0 0 -1
    outer loop
      vertex 0.0995185 0.0098017 -0.0500000
      vertex 0.2481199 0.0306027 -0.0500000
      vertex 0.2487962 0.0245043 -0.0500000
    endloop
  endfacet
  facet normal 0 0 -1
    outer loop
      vertex 0.0995185 0.0098017 -0.0500000
      vertex 0.0992480 0.0122411 -0.0500000
      vertex 0.2481199 0.0306027 -0.0500000
    endloop
  endfacet
  facet normal 0 0 -1
    outer loop
      vertex 0.0992480 0.0122411 -0.0500000
      vertex 0.2472941 0.0366826 -0.0500000
      vertex 0.2481199 0.0306027 -0.0500000
    endloop
  endfacet
  facet normal 0 0 -1
    outer loop
      vertex 0.0992480 0.0122411 -0.0500000
      vertex 0.0989177 0.0146730 -0.0500000
      vertex 0.2472941 0.0366826 -0.0500000
    endloop
  endfacet
  facet normal 0 0 -1
    outer loop
      vertex 0.0989177 0.0146730 -0.0500000
      vertex 0.2463194 0.0427405 -0.0500000
      vertex 0.2472941 0.0366826 -0.0500000
    endloop
  endfacet
  facet normal 0 0 -1
    outer loop
      vertex 0.0989177 0.0146730 -0.0500000
      vertex 0.0985278 0.0170962 -0.0500000
      vertex 0.2463194 0.0427405 -0.0500000
    endloop
  endfacet
  facet normal 0 0 -1
    outer loop
      vertex 0.0985278 0.0170962 -0.0500000
      vertex 0.2451963 0.0487726 -0.0500000
      vertex 0.2463194 0.0427405 -0.0500000
    endloop
  endfacet
  facet normal 0 0 -1
    outer loop
      vertex 0.0985278 0.0170962 -0.0500000
      vertex 0.0980785 0.0195090 -0.0500000
      vertex 0.2451963 0.0487726 -0.0500000
    endloop
  endfacet
  facet normal 0 0 -1
    outer loop
      vertex 0.0980785 0.0195090 -0.0500000
      vertex 0.2439255 0.0547753 -0.0500000
      vertex 0.2451963 0.0487726 -0.0500000
    endloop
  endfacet
  facet normal 0 0 -1
    outer loop
      vertex 0.0980785 0.0195090 -0.0500000
      vertex 0.0975702 0.0219101 -0.0500000
      vertex 0.2439255 0.0547753 -0.0500000
    endloop
  endfacet
  facet normal 0 0 -1
    outer loop
      vertex 0.0975702 0.0219101 -0.0500000
      vertex 0.2425078 0.0607450 -0.0500000
      vertex 0.2439255 0.0547753 -0.0500000
    endloop
  endfacet
  facet normal 0 0 -1
    outer loop
      vertex 0.0975702 0.0219101 -0.0500000
      vertex 0.0970031 0.0242980 -0.0500000
      vertex 0.2425078 0.0607450 -0.0500000
    endloop
  endfacet
  facet normal 0 0 -1
    outer loop
      vertex 0.0970031 0.0242980 -0.0500000
      vertex 0.2409440 0.0666782 -0.0500000
      vertex 0.2425078 0.0607450 -0.0500000
    endloop
  endfacet
  facet normal 0 0 -1
    outer loop
      vertex 0.0970031 0.0242980 -0.0500000
      vertex 0.0963776 0.0266713 -0.0500000
      vertex 0.2409440 0.0666782 -0.0500000
    endloop
  endfacet
  facet normal 0 0 -1
    outer loop
      vertex 0.0963776 0.0266713 -0.0500000
      vertex 0.2392351 0.0725712 -0.0500000
      vertex 0.2409440 0.0666782 -0.0500000
    endloop
  endfacet
  facet normal 0 0 -1
    outer loop
      vertex 0.0963776 0.0266713 -0.0500000
      vertex 0.0956940 0.0290285 -0.0500000
      vertex 0.2392351 0.0725712 -0.0500000
    endloop
  endfacet
  facet normal 0 0 -1
    outer loop
      vertex 0.0956940 0.0290285 -0.0500000
      vertex 0.2373820 0.0784204 -0.0500000
      vertex 0.2392351 0.0725712 -0.0500000
    endloop
  endfacet
  facet normal 0 0 -1
    outer loop
      vertex 0.0956940 0.0290285 -0.0500000
      vertex 0.0949528 0.0313682 -0.0500000
      vertex 0.2373820 0.0784204 -0.0500000
    endloop
  endfacet
  facet normal 0 0 -1
    outer loop
      vertex 0.0949528 0.0313682 -0.0500000
      vertex 0.2353860 0.0842225 -0.0500000
      vertex 0.2373820 0.0784204 -0.0500000
    endloop
  endfacet
  facet normal 0 0 -1
    outer loop
      vertex 0.0949528 0.0313682 -0.0500000
      vertex 0.0941544 0.0336890 -0.0500000
      vertex 0.2353860 0.0842225 -0.0500000
    endloop
  endfacet
  facet normal 0 0 -1
    outer loop
      vertex 0.0941544 0.0336890 -0.0500000
      vertex 0.2332482 0.0899738 -0.0500000
      vertex 0.2353860 0.0842225 -0.0500000
    endloop
  endfacet
  facet normal 0 0 -1
    outer loop
      vertex 0.0941544 0.0336890 -0.0500000
      vertex 0.0932993 0.0359895 -0.0500000
      vertex 0.2332482 0.0899738 -0.0500000
    endloop
  endfacet
  facet normal 0 0 -1
    outer loop
      vertex 0.0932993 0.0359895 -0.0500000
      vertex 0.2309699 0.0956709 -0.0500000
      vertex 0.2332482 0.0899738 -0.0500000
    endloop
  endfacet
  facet normal 0 0 -1
    outer loop
      vertex 0.0932993 0.0359895 -0.0500000
      vertex 0.0923880 0.0382683 -0.0500000
      vertex 0.2309699 0.0956709 -0.0500000
    endloop
  endfacet
  facet normal 0 0 -1
    outer loop
      vertex 0.0923880 0.0382683 -0.0500000
      vertex 0.2285524 0.1013103 -0.0500000
      vertex 0.2309699 0.0956709 -0.0500000
    endloop
  endfacet
  facet normal 0 0 -1
    outer loop
      vertex 0.0923880 0.0382683 -0.0500000
      vertex 0.0914210 0.0405241 -0.0500000
      vertex 0.2285524 0.1013103 -0.0500000
    endloop
  endfacet
  facet normal 0 0 -1
    outer loop
      vertex 0.0914210 0.0405241 -0.0500000
      vertex 0.2259973 0.1068888 -0.0500000
      vertex 0.2285524 0.1013103 -0.0500000
    endloop
  endfacet
  facet normal 0 0 -1
    outer loop
      vertex 0.0914210 0.0405241 -0.0500000
      vertex 0.0903989 0.0427555 -0.0500000
      vertex 0.2259973 0.1068888 -0.0500000
    endloop
  endfacet
  facet normal 0 0 -1
    outer loop
      vertex 0.0903989 0.0427555 -0.0500000
      vertex 0.2233061 0.1124028 -0.0500000
      vertex 0.2259973 0.1068888 -0.0500000
    endloop
  endfacet
  facet normal 0 0 -1
    outer loop
      vertex 0.0903989 0.0427555 -0.0500000
      vertex 0.0893224 0.0449611 -0.0500000
      vertex 0.2233061 0.1124028 -0.0500000
    endloop
  endfacet
  facet normal 0 0 -1
    outer loop
      vertex 0.0893224 0.0449611 -0.0500000
      vertex 0.2204803 0.1178492 -0.0500000
      vertex 0.2233061 0.1124028 -0.0500000
    endloop
  endfacet
  facet normal 0 0 -1
    outer loop
      vertex 0.0893224 0.0449611 -0.0500000
      vertex 0.0881921 0.0471397 -0.0500000
      vertex 0.2204803 0.1178492 -0.0500000
    endloop
  endfacet
  facet normal 0 0 -1
    outer loop
      vertex 0.0881921 0.0471397 -0.0500000
      vertex 0.2175217 0.1232245 -0.0500000
      vertex 0.2204803 0.1178492 -0.0500000
    endloop
  endfacet
  facet normal 0 0 -1
    outer loop
      vertex 0.0881921 0.0471397 -0.0500000
      vertex 0.0870087 0.0492898 -0.0500000
      vertex 0.2175217 0.1232245 -0.0500000
    endloop
  endfacet
  facet normal 0 0 -1
    outer loop
      vertex 0.0870087 0.0492898 -0.0500000
      vertex 0.2144322 0.1285257 -0.0500000
      vertex 0.2175217 0.1232245 -0.0500000
    endloop
  endfacet
  facet normal 0 0 -1
    outer loop
      vertex 0.0870087 0.0492898 -0.0500000
      vertex 0.0857729 0.0514103 -0.0500000
      vertex 0.2144322 0.1285257 -0.0500000
    endloop
  endfacet
  facet normal 0 0 -1
    outer loop
      vertex 0.0857729 0.0514103 -0.0500000
      vertex 0.2112134 0.1337494 -0.0500000
      vertex 0.2144322 0.1285257 -0.0500000
    endloop
  endfacet
  facet normal 0 0 -1
    outer loop
      vertex 0.0857729 0.0514103 -0.0500000
      vertex 0.0844854 0.0534998 -0.0500000
      vertex 0.2112134 0.1337494 -0.0500000
    endloop
  endfacet
  facet normal 0 0 -1
    outer loop
      vertex 0.0844854 0.0534998 -0.0500000
      vertex 0.2078674 0.1388926 -0.0500000
      vertex 0.2112134 0.1337494 -0.0500000
    endloop
  endfacet
  facet normal 0 0 -1
    outer loop
      vertex 0.0844854 0.0534998 -0.0500000
      vertex 0.0831470 0.0555570 -0.0500000
      vertex 0.2078674 0.1388926 -0.0500000
    endloop
  endfacet
  facet normal 0 0 -1
    outer loop
      vertex 0.0831470 0.0555570 -0.0500000
      vertex 0.2043962 0.1439520 -0.0500000
      vertex 0.2078674 0.1388926 -0.0500000
    endloop
  endfacet
  facet normal 0 0 -1
    outer loop
      vertex 0.0831470 0.0555570 -0.0500000
      vertex 0.0817585 0.0575808 -0.0500000
      vertex 0.2043962 0.1439520 -0.0500000
    endloop
  endfacet
  facet normal 0 0 -1
    outer loop
      vertex 0.0817585 0.0575808 -0.0500000
      vertex 0.2008019 0.1489248 -0.0500000
      vertex 0.2043962 0.1439520 -0.0500000
    endloop
  endfacet
  facet normal 0 0 -1
    outer loop
      vertex 0.0817585 0.0575808 -0.0500000
      vertex 0.0803208 0.0595699 -0.0500000
      vertex 0.2008019 0.1489248 -0.0500000
    endloop
  endfacet
  facet normal 0 0 -1
    outer loop
      vertex 0.0803208 0.0595699 -0.0500000
      vertex 0.1970866 0.1538079 -0.0500000
      vertex 0.2008019 0.1489248 -0.0500000
    endloop
  endfacet
  facet normal 0 0 -1
    outer loop
      vertex 0.0803208 0.0595699 -0.0500000
      vertex 0.0788346 0.0615232 -0.0500000
      vertex 0.1970866 0.1538079 -0.0500000
    endloop
  endfacet
  facet normal 0 0 -1
    outer loop
      vertex 0.0788346 0.0615232 -0.0500000
      vertex 0.1932526 0.1585983 -0.0500000
      vertex 0.1970866 0.1538079 -0.0500000
    endloop
  endfacet
  facet normal 0 0 -1
    outer loop
      vertex 0.0788346 0.0615232 -0.0500000
      vertex 0.0773010 0.0634393 -0.0500000
      vertex 0.1932526 0.1585983 -0.0500000
    endloop
  endfacet
  facet normal 0 0 -1
    outer loop
      vertex 0.0773010 0.0634393 -0.0500000
      vertex 0.1893022 0.1632932 -0.0500000
      vertex 0.1932526 0.1585983 -0.0500000
    endloop
  endfacet
  facet normal 0 0 -1
    outer loop
      vertex 0.0773010 0.0634393 -0.0500000
      vertex 0.0757209 0.0653173 -0.0500000
      vertex 0.1893022 0.1632932 -0.0500000
    endloop
  endfacet
  facet normal 0 0 -1
    outer loop
      vertex 0.0757209 0.0653173 -0.0500000
      vertex 0.1852378 0.1678897 -0.0500000
      vertex 0.1893022 0.1632932 -0.0500000
    endloop
  endfacet
  facet normal 0 0 -1
    outer loop
      vertex 0.0757209 0.0653173 -0.0500000
      vertex 0.0740951 0.0671559 -0.0500000
      vertex 0.1852378 0.1678897 -0.0500000
    endloop
  endfacet
  facet normal 0 0 -1
    outer loop
      vertex 0.0740951 0.0671559 -0.0500000
      vertex 0.1810618 0.1723851 -0.0500000
      vertex 0.1852378 0.1678897 -0.0500000
    endloop
  endfacet
  facet normal 0 0 -1
    outer loop
      vertex 0.0740951 0.0671559 -0.0500000
      vertex 0.0724247 0.0689541 -0.0500000
      vertex 0.1810618 0.1723851 -0.0500000
    endloop
  endfacet
  facet normal 0 0 -1
    outer loop
      vertex 0.0724247 0.0689541 -0.0500000
      vertex 0.1767767 0.1767767 -0.0500000
      vertex 0.1810618 0.1723851 -0.0500000
    endloop
  endfacet
  facet normal 0 0 -1
    outer loop
      vertex 0.0724247 0.0689541 -0.0500000
      vertex 0.0707107 0.0707107 -0.0500000
      vertex 0.1767767 0.1767767 -0.0500000
    endloop
  endfacet
  facet normal 0 0 -1
    outer loop
      vertex 0.0707107 0.0707107 -0.0500000
      vertex 0.1723851 0.1810618 -0.0500000
      vertex 0.1767767 0.1767767 -0.0500000
    endloop
  endfacet
  facet normal 0 0 -1
    outer loop
      vertex 0.0707107 0.0707107 -0.0500000
      vertex 0.0689541 0.0724247 -0.0500000
      vertex 0.1723851 0.1810618 -0.0500000
    endloop
  endfacet
  facet normal 0 0 -1
    outer loop
      vertex 0.0689541 0.0724247 -0.0500000
      vertex 0.1678897 0.1852378 -0.0500000
      vertex 0.1723851 0.1810618 -0.0500000
    endloop
  endfacet
  facet normal 0 0 -1
    outer loop
      vertex 0.0689541 0.0724247 -0.0500000
      vertex 0.0671559 0.0740951 -0.0500000
      vertex 0.1678897 0.1852378 -0.0500000
    endloop
  endfacet
  facet normal 0 0 -1
    outer loop
      vertex 0.0671559 0.0740951 -0.0500000
      vertex 0.1632932 0.1893022 -0.0500000
      vertex 0.1678897 0.1852378 -0.0500000
    endloop
  endfacet
  facet normal 0 0 -1
    outer loop
      vertex 0.0671559 0.0740951 -0.0500000
      vertex 0.0653173 0.0757209 -0.0500000
      vertex 0.1632932 0.1893022 -0.0500000
    endloop
  endfacet
  facet normal 0 0 -1
    outer loop
      vertex 0.0653173 0.0757209 -0.0500000
      vertex 0.1585983 0.1932526 -0.0500000
      vertex 0.1632932 0.1893022 -0.0500000
    endloop
  endfacet
  facet normal 0 0 -1
    outer loop
      vertex 0.0653173 0.0757209 -0.0500000
      vertex 0.0634393 0.0773010 -0.0500000
      vertex 0.1585983 0.1932526 -0.0500000
    endloop
  endfacet
  facet normal 0 0 -1
    outer loop
      vertex 0.0634393 0.0773010 -0.0500000
      vertex 0.1538079 0.1970866 -0.0500000
      vertex 0.1585983 0.1932526 -0.0500000
    endloop
  endfacet
  facet normal 0 0 -1
    outer loop
      vertex 0.0634393 0.0773010 -0.0500000
      vertex 0.0615232 0.0788346 -0.0500000
      vertex 0.1538079 0.1970866 -0.0500000
    endloop
  endfacet
  facet normal 0 0 -1
    outer loop
      vertex 0.0615232 0.0788346 -0.0500000
      vertex 0.1489248 0.2008019 -0.0500000
      vertex 0.1538079 0.1970866 -0.0500000
    endloop
  endfacet
  facet normal 0 0 -1
    outer loop
      vertex 0.0615232 0.0788346 -0.0500000
      vertex 0.0595699 0.0803208 -0.0500000
      vertex 0.1489248 0.2008019 -0.0500000
    endloop
  endfacet
  facet normal 0 0 -1
    outer loop
      vertex 0.0595699 0.0803208 -0.0500000
      vertex 0.1439520 0.2043962 -0.0500000
      vertex 0.1489248 0.2008019 -0.0500000
    endloop
  endfacet
  facet normal 0 0 -1
    outer loop
      vertex 0.0595699 0.0803208 -0.0500000
      vertex 0.0575808 0.0817585 -0.0500000
      vertex 0.1439520 0.2043962 -0.0500000
    endloop
  endfacet
  facet normal 0 0 -1
    outer loop
      vertex 0.0575808 0.0817585 -0.0500000
      vertex 0.1388926 0.2078674 -0.0500000
      vertex 0.1439520 0.2043962 -0.0500000
    endloop
  endfacet
  facet normal 0 0 -1
    outer loop
      vertex 0.0575808 0.0817585 -0.0500000
      vertex 0.0555570 0.0831470 -0.0500000
      vertex 0.1388926 0.2078674 -0.0500000
    endloop
  endfacet
  facet normal 0 0 -1
    outer loop
      vertex 0.0555570 0.0831470 -0.0500000
      vertex 0.1337494 0.2112134 -0.0500000
      vertex 0.1388926 0.2078674 -0.0500000
    endloop
  endfacet
  facet normal 0 0 -1
    outer loop
      vertex 0.0555570 0.0831470 -0.0500000
      vertex 0.0534998 0.0844854 -0.0500000
      vertex 0.1337494 0.2112134 -0.0500000
    endloop
  endfacet
  facet normal 0 0 -1
    outer loop
      vertex 0.0534998 0.0844854 -0.0500000
      vertex 0.1285257 0.2144322 -0.0500000
      vertex 0.1337494 0.2112134 -0.0500000
    endloop
  endfacet
  facet normal 0 0 -1
    outer loop
      vertex 0.0534998 0.0844854 -0.0500000
      vertex 0.0514103 0.0857729 -0.0500000
      vertex 0.1285257 0.2144322 -0.0500000
    endloop
  endfacet
  facet normal 0 0 -1
    outer loop
      vertex 0.0514103 0.0857729 -0.0500000
      vertex 0.1232245 0.2175217 -0.0500000
      vertex 0.1285257 0.2144322 -0.0500000
    endloop
  endfacet
  facet normal 0 0 -1
    outer loop
      vertex 0.0514103 0.0857729 -0.0500000
      vertex 0.0492898 0.0870087 -0.0500000
      vertex 0.1232245 0.2175217 -0.0500000
    endloop
  endfacet
  facet normal 0 0 -1
    outer loop
      vertex 0.0492898 0.0870087 -0.0500000
      vertex 0.1178492 0.2204803 -0.0500000
      vertex 0.1232245 0.2175217 -0.0500000
    endloop
  endfacet
  facet normal 0 0 -1
    outer loop
      vertex 0.0492898 0.0870087 -0.0500000
      vertex 0.0471397 0.0881921 -0.0500000
      vertex 0.1178492 0.2204803 -0.0500000
    endloop
  endfacet
  facet normal 0 0 -1
    outer loop
      vertex 0.0471397 0.0881921 -0.0500000
      vertex 0.1124028 0.2233061 -0.0500000
      vertex 0.1178492 0.2204803 -0.0500000
    endloop
  endfacet
  facet normal 0 0 -1
    outer loop
      vertex 0.0471397 0.0881921 -0.0500000
      vertex 0.0449611 0.0893224 -0.0500000
      vertex 0.1124028 0.2233061 -0.0500000
    endloop
  endfacet
  facet normal 0 0 -1
    outer loop
      vertex 0.0449611 0.0893224 -0.0500000
      vertex 0.1068888 0.2259973 -0.0500000
      vertex 0.1124028 0.2233061 -0.0500000
    endloop
  endfacet
  facet normal 0 0 -1
    outer loop
      vertex 0.0449611 0.0893224 -0.0500000
      vertex 0.0427555 0.0903989 -0.0500000
      vertex 0.1068888 0.2259973 -0.0500000
    endloop
  endfacet
  facet normal 0 0 -1
    outer loop
      vertex 0.0427555 0.0903989 -0.0500000
      vertex 0.1013103 0.2285524 -0.0500000
      vertex 0.1068888 0.2259973 -0.0500000
    endloop
  endfacet
  facet normal 0 0 -1
    outer loop
      vertex 0.0427555 0.0903989 -0.0500000
      vertex 0.0405241 0.0914210 -0.0500000
      vertex 0.1013103 0.2285524 -0.0500000
    endloop
  endfacet
  facet normal 0 0 -1
    outer loop
      vertex 0.0405241 0.0914210 -0.0500000
      vertex 0.0956709 0.2309699 -0.0500000
      vertex 0.1013103 0.2285524 -0.0500000
    endloop
  endfacet
  facet normal 0 0 -1
    outer loop
      vertex 0.0405241 0.0914210 -0.0500000
      vertex 0.0382683 0.0923880 -0.0500000
      vertex 0.0956709 0.2309699 -0.0500000
    endloop
  endfacet
  facet normal 0 0 -1
    outer loop
      vertex 0.0382683 0.0923880 -0.0500000
      vertex 0.0899738 0.2332482 -0.0500000
      vertex 0.0956709 0.2309699 -0.0500000
    endloop
  endfacet
  facet normal 0 0 -1
    outer loop
      vertex 0.0382683 0.0923880 -0.0500000
      vertex 0.0359895 0.0932993 -0.0500000
      vertex 0.0899738 0.2332482 -0.0500000
    endloop
  endfacet
  facet normal 0 0 -1
    outer loop
      vertex 0.0359895 0.0932993 -0.0500000
      vertex 0.0842225 0.2353860 -0.0500000
      vertex 0.0899738 0.2332482 -0.0500000
    endloop
  endfacet
  facet normal 0 0 -1
    outer loop
      vertex 0.0359895 0.0932993 -0.0500000
      vertex 0.0336890 0.0941544 -0.0500000
      vertex 0.0842225 0.2353860 -0.0500000
    endloop
  endfacet
  facet normal 0 0 -1
    outer loop
      vertex 0.0336890 0.0941544 -0.0500000
      vertex 0.0784204 0.2373820 -0.0500000
      vertex 0.0842225 0.2353860 -0.0500000
    endloop
  endfacet
  facet normal 0 0 -1
    outer loop
      vertex 0.0336890 0.0941544 -0.0500000
      vertex 0.0313682 0.0949528 -0.0500000
      vertex 0.0784204 0.2373820 -0.0500000
    endloop
  endfacet
  facet normal 0 0 -1
    outer loop
      vertex 0.0313682 0.0949528 -0.0500000
      vertex 0.0725712 0.2392351 -0.0500000
      vertex 0.0784204 0.2373820 -0.0500000
    endloop
  endfacet
  facet normal 0 0 -1
    outer loop
      vertex 0.0313682 0.0949528 -0.0500000
      vertex 0.0290285 0.0956940 -0.0500000
      vertex 0.0725712 0.2392351 -0.0500000
    endloop
  endfacet
  facet normal 0 0 -1
    outer loop
      vertex 0.0290285 0.0956940 -0.0500000
      vertex 0.0666782 0.2409440 -0.0500000
      vertex 0.0725712 0.2392351 -0.0500000
    endloop
  endfacet
  facet normal 0 0 -1
    outer loop
      vertex 0.0290285 0.0956940 -0.0500000
      vertex 0.0266713 0.0963776 -0.0500000
      vertex 0.0666782 0.2409440 -0.0500000
    endloop
  endfacet
  facet normal 0 0 -1
    outer loop
      vertex 0.0266713 0.0963776 -0.0500000
      vertex 0.0607450 0.2425078 -0.0500000
      vertex 0.0666782 0.2409440 -0.0500000
    endloop
  endfacet
  facet normal 0 0 -1
    outer loop
      vertex 0.0266713 0.0963776 -0.0500000
      vertex 0.0242980 0.0970031 -0.0500000
      vertex 0.0607450 0.2425078 -0.0500000
    endloop
  endfacet
  facet normal 0 0 -1
    outer loop
      vertex 0.0242980 0.0970031 -0.0500000
      vertex 0.0547753 0.2439255 -0.0500000
      vertex 0.0607450 0.2425078 -0.0500000
    endloop
  endfacet
  facet normal 0 0 -1
    outer loop
      vertex 0.0242980 0.0970031 -0.0500000
      vertex 0.0219101 0.0975702 -0.0500000
      vertex 0.0547753 0.2439255 -0.0500000
    endloop
  endfacet
  facet normal 0 0 -1
    outer loop
      vertex 0.0219101 0.0975702 -0.0500000
      vertex 0.0487726 0.2451963 -0.0500000
      vertex 0.0547753 0.2439255 -0.0500000
    endloop
  endfacet
  facet normal 0 0 -1
    outer loop
      vertex 0.0219101 0.0975702 -0.0500000
      vertex 0.0195090 0.0980785 -0.0500000
      vertex 0.0487726 0.2451963 -0.0500000
    endloop
  endfacet
  facet normal 0 0 -1
    outer loop
      vertex 0.0195090 0.0980785 -0.0500000
      vertex 0.0427405 0.2463194 -0.0500000
      vertex 0.0487726 0.2451963 -0.0500000
    endloop
  endfacet
  facet normal 0 0 -1
    outer loop
      vertex 0.0195090 0.0980785 -0.0500000
      vertex 0.0170962 0.0985278 -0.0500000
      vertex 0.0427405 0.2463194 -0.0500000
    endloop
  endfacet
  facet normal 0 0 -1
    outer loop
      vertex 0.0170962 0.0985278 -0.0500000
      vertex 0.0366826 0.2472941 -0.0500000
      vertex 0.0427405 0.2463194 -0.0500000
    endloop
  endfacet
  facet normal 0 0 -1
    outer loop
      vertex 0.0170962 0.0985278 -0.0500000
      vertex 0.0146730 0.0989177 -0.0500000
      vertex 0.0366826 0.2472941 -0.0500000
    endloop
  endfacet
  facet normal 0 0 -1
    outer loop
      vertex 0.0146730 0.0989177 -0.0500000
      vertex 0.0306027 0.2481199 -0.0500000
      vertex 0.0366826 0.2472941 -0.0500000
    endloop
  endfacet
  facet normal 0 0 -1
    outer loop
      vertex 0.0146730 0.0989177 -0.0500000
      vertex 0.0122411 0.0992480 -0.0500000
      vertex 0.0306027 0.2481199 -0.0500000
    endloop
  endfacet
  facet normal 0 0 -1
    outer loop
      vertex 0.0122411 0.0992480 -0.0500000
      vertex 0.0245043 0.2487962 -0.0500000
      vertex 0.0306027 0.2481199 -0.0500000
    endloop
  endfacet
  facet normal 0 0 -1
    outer loop
      vertex 0.0122411 0.0992480 -0.0500000
      vertex 0.0098017 0.0995185 -0.0500000
      vertex 0.0245043 0.2487962 -0.0500000
    endloop
  endfacet
  facet normal 0 0 -1
    outer loop
      vertex 0.0098017 0.0995185 -0.0500000
      vertex 0.0183911 0.2493226 -0.0500000
      vertex 0.0245043 0.2487962 -0.0500000
    endloop
  endfacet
  facet normal 0 0 -1
    outer loop
      vertex 0.0098017 0.0995185 -0.0500000
      vertex 0.0073565 0.0997290 -0.0500000
      vertex 0.0183911 0.2493226 -0.0500000
    endloop
  endfacet
  facet normal 0 0 -1
    outer loop
      vertex 0.0073565 0.0997290 -0.0500000
      vertex 0.0122669 0.2496989 -0.0500000
      vertex 0.0183911 0.2493226 -0.0500000
    endloop
  endfacet
  facet normal 0 0 -1
    outer loop
      vertex 0.0073565 0.0997290 -0.0500000
      vertex 0.0049068 0.0998795 -0.0500000
      vertex 0.0122669 0.2496989 -0.0500000
    endloop
  endfacet
  facet normal 0 0 -1
    outer loop
      vertex 0.0049068 0.0998795 -0.0500000
      vertex 0.0061353 0.2499247 -0.0500000
      vertex 0.0122669 0.2496989 -0.0500000
    endloop
  endfacet
  facet normal 0 0 -1
    outer loop
      vertex 0.0049068 0.0998795 -0.0500000
      vertex 0.0024541 0.0999699 -0.0500000
      vertex 0.0061353 0.2499247 -0.0500000
    endloop
  endfacet
  facet normal 0 0 -1
    outer loop
      vertex 0.0024541 0.0999699 -0.0500000
      vertex 0.0000000 0.2500000 -0.0500000
      vertex 0.0061353 0.2499247 -0.0500000
    endloop
  endfacet
  facet normal 0 0 -1
    outer loop
      vertex 0.0024541 0.0999699 -0.0500000
      vertex 0.0000000 0.1000000 -0.0500000
      vertex 0.0000000 0.2500000 -0.0500000
    endloop
  endfacet
  facet normal 0 0 -1
    outer loop
      vertex 0.0000000 0.1000000 -0.0500000
      vertex -0.0061353 0.2499247 -0.0500000
      vertex 0.0000000 0.2500000 -0.0500000
    endloop
  endfacet
  facet normal -0 0 -1
    outer loop
      vertex 0.0000000 0.1000000 -0.0500000
      vertex -0.0024541 0.0999699 -0.0500000
      vertex -0.0061353 0.2499247 -0.0500000
    endloop
  endfacet
  facet normal 0 0 -1
    outer loop
      vertex -0.0024541 0.0999699 -0.0500000
      vertex -0.0122669 0.2496989 -0.0500000
      vertex -0.0061353 0.2499247 -0.0500000
    endloop
  endfacet
  facet normal -0 0 -1
    outer loop
      vertex -0.0024541 0.0999699 -0.0500000
      vertex -0.0049068 0.0998795 -0.0500000
      vertex -0.0122669 0.2496989 -0.0500000
    endloop
  endfacet
  facet normal 0 0 -1
    outer loop
      vertex -0.0049068 0.0998795 -0.0500000
      vertex -0.0183911 0.2493226 -0.0500000
      vertex -0.0122669 0.2496989 -0.0500000
    endloop
  endfacet
  facet normal -0 0 -1
    outer loop
      vertex -0.0049068 0.0998795 -0.0500000
      vertex -0.0073565 0.0997290 -0.0500000
      vertex -0.0183911 0.2493226 -0.0500000
    endloop
  endfacet
  facet normal 0 0 -1
    outer loop
      vertex -0.0073565 0.0997290 -0.0500000
      vertex -0.0245043 0.2487962 -0.0500000
      vertex -0.0183911 0.2493226 -0.0500000
    endloop
  endfacet
  facet normal -0 0 -1
    outer loop
      vertex -0.0073565 0.0997290 -0.0500000
      vertex -0.0098017 0.0995185 -0.0500000
      vertex -0.0245043 0.2487962 -0.0500000
    endloop
  endfacet
  facet normal 0 0 -1
    outer loop
      vertex -0.0098017 0.0995185 -0.0500000
      vertex -0.0306027 0.2481199 -0.0500000
      vertex -0.0245043 0.2487962 -0.0500000
    endloop
  endfacet
  facet normal -0 0 -1
    outer loop
      vertex -0.0098017 0.0995185 -0.0500000
      vertex -0.0122411 0.0992480 -0.0500000
      vertex -0.0306027 0.2481199 -0.0500000
    endloop
  endfacet
  facet normal 0 0 -1
    outer loop
      vertex -0.0122411 0.0992480 -0.0500000
      vertex -0.0366826 0.2472941 -0.0500000
      vertex -0.0306027 0.2481199 -0.0500000
    endloop
  endfacet
  facet normal -0 0 -1
    outer loop
      vertex -0.0122411 0.0992480 -0.0500000
      vertex -0.0146730 0.0989177 -0.0500000
      vertex -0.0366826 0.2472941 -0.0500000
    endloop
  endfacet
  facet normal 0 0 -1
    outer loop
      vertex -0.0146730 0.0989177 -0.0500000
      vertex -0.0427405 0.2463194 -0.0500000
      vertex -0.0366826 0.2472941 -0.0500000
    endloop
  endfacet
  facet normal -0 0 -1
    outer loop
      vertex -0.0146730 0.0989177 -0.0500000
      vertex -0.0170962 0.0985278 -0.0500000
      vertex -0.0427405 0.2463194 -0.0500000
    endloop
  endfacet
  facet normal 0 0 -1
    outer loop
      vertex -0.0170962 0.0985278 -0.0500000
      vertex -0.0487726 0.2451963 -0.0500000
      vertex -0.0427405 0.2463194 -0.0500000
    endloop
  endfacet
  facet normal -0 0 -1
    outer loop
      vertex -0.0170962 0.0985278 -0.0500000
      vertex -0.0195090 0.0980785 -0.0500000
      vertex -0.0487726 0.2451963 -0.0500000
    endloop
  endfacet
  facet normal 0 0 -1
    outer loop
      vertex -0.0195090 0.0980785 -0.0500000
      vertex -0.0547753 0.2439255 -0.0500000
      vertex -0.0487726 0.2451963 -0.0500000
    endloop
  endfacet
  facet normal -0 0 -1
    outer loop
      vertex -0.0195090 0.0980785 -0.0500000
      vertex -0.0219101 0.0975702 -0.0500000
      vertex -0.0547753 0.2439255 -0.0500000
    endloop
  endfacet
  facet normal 0 0 -1
    outer loop
      vertex -0.0219101 0.0975702 -0.0500000
      vertex -0.0607450 0.2425078 -0.0500000
      vertex -0.0547753 0.2439255 -0.0500000
    endloop
  endfacet
  facet normal -0 0 -1
    outer loop
      vertex -0.0219101 0.0975702 -0.0500000
      vertex -0.0242980 0.0970031 -0.0500000
      vertex -0.0607450 0.2425078 -0.0500000
    endloop
  endfacet
  facet normal 0 0 -1
    outer loop
      vertex -0.0242980 0.0970031 -0.0500000
      vertex -0.0666782 0.2409440 -0.0500000
      vertex -0.0607450 0.2425078 -0.0500000
    endloop
  endfacet
  facet normal -0 0 -1
    outer loop
      vertex -0.0242980 0.0970031 -0.0500000
      vertex -0.0266713 0.0963776 -0.0500000
      vertex -0.0666782 0.2409440 -0.0500000
    endloop
  endfacet
  facet normal 0 0 -1
    outer loop
      vertex -0.0266713 0.0963776 -0.0500000
      vertex -0.0725712 0.2392351 -0.0500000
      vertex -0.0666782 0.2409440 -0.0500000
    endloop
  endfacet
  facet normal -0 0 -1
    outer loop
      vertex -0.0266713 0.0963776 -0.0500000
      vertex -0.0290285 0.0956940 -0.0500000
      vertex -0.0725712 0.2392351 -0.0500000
    endloop
  endfacet
  facet normal 0 0 -1
    outer loop
      vertex -0.0290285 0.0956940 -0.0500000
      vertex -0.0784204 0.2373820 -0.0500000
      vertex -0.0725712 0.2392351 -0.0500000
    endloop
  endfacet
  facet normal -0 0 -1
    outer loop
      vertex -0.0290285 0.0956940 -0.0500000
      vertex -0.0313682 0.0949528 -0.0500000
      vertex -0.0784204 0.2373820 -0.0500000
    endloop
  endfacet
  facet normal 0 0 -1
    outer loop
      vertex -0.0313682 0.0949528 -0.0500000
      vertex -0.0842225 0.2353860 -0.0500000
      vertex -0.0784204 0.2373820 -0.0500000
    endloop
  endfacet
  facet normal -0 0 -1
    outer loop
      vertex -0.0313682 0.0949528 -0.0500000
      vertex -0.0336890 0.0941544 -0.0500000
      vertex -0.0842225 0.2353860 -0.0500000
    endloop
  endfacet
  facet normal 0 0 -1
    outer loop
      vertex -0.0336890 0.0941544 -0.0500000
      vertex -0.0899738 0.2332482 -0.0500000
      vertex -0.0842225 0.2353860 -0.0500000
    endloop
  endfacet
  facet normal -0 0 -1
    outer loop
      vertex -0.0336890 0.0941544 -0.0500000
      vertex -0.0359895 0.0932993 -0.0500000
      vertex -0.0899738 0.2332482 -0.0500000
    endloop
  endfacet
  facet normal 0 0 -1
    outer loop
      vertex -0.0359895 0.0932993 -0.0500000
      vertex -0.0956709 0.2309699 -0.0500000
      vertex -0.0899738 0.2332482 -0.0500000
    endloop
  endfacet
  facet normal -0 0 -1
    outer loop
      vertex -0.0359895 0.0932993 -0.0500000
      vertex -0.0382683 0.0923880 -0.0500000
      vertex -0.0956709 0.2309699 -0.0500000
    endloop
  endfacet
  facet normal 0 0 -1
    outer loop
      vertex -0.0382683 0.0923880 -0.0500000
      vertex -0.1013103 0.2285524 -0.0500000
      vertex -0.0956709 0.2309699 -0.0500000
    endloop
  endfacet
  facet normal -0 0 -1
    outer loop
      vertex -0.0382683 0.0923880 -0.0500000
      vertex -0.0405241 0.0914210 -0.0500000
      vertex -0.1013103 0.2285524 -0.0500000
    endloop
  endfacet
  facet normal 0 0 -1
    outer loop
      vertex -0.0405241 0.0914210 -0.0500000
      vertex -0.1068888 0.2259973 -0.0500000
      vertex -0.1013103 0.2285524 -0.0500000
    endloop
  endfacet
  facet normal -0 0 -1
    outer loop
      vertex -0.0405241 0.0914210 -0.0500000
      vertex -0.0427555 0.0903989 -0.0500000
      vertex -0.1068888 0.2259973 -0.0500000
    endloop
  endfacet
  facet normal 0 0 -1
    outer loop
      vertex -0.0427555 0.0903989 -0.0500000
      vertex -0.1124028 0.2233061 -0.0500000
      vertex -0.1068888 0.2259973 -0.0500000
    endloop
  endfacet
  facet normal -0 0 -1
    outer loop
      vertex -0.0427555 0.0903989 -0.0500000
      vertex -0.0449611 0.0893224 -0.0500000
      vertex -0.1124028 0.2233061 -0.0500000
    endloop
  endfacet
  facet normal 0 0 -1
    outer loop
      vertex -0.0449611 0.0893224 -0.0500000
      vertex -0.1178492 0.2204803 -0.0500000
      vertex -0.1124028 0.2233061 -0.0500000
    endloop
  endfacet
  facet normal -0 0 -1
    outer loop
      vertex -0.0449611 0.0893224 -0.0500000
      vertex -0.0471397 0.0881921 -0.0500000
      vertex -0.1178492 0.2204803 -0.0500000
    endloop
  endfacet
  facet normal 0 0 -1
    outer loop
      vertex -0.0471397 0.0881921 -0.0500000
      vertex -0.1232245 0.2175217 -0.0500000
      vertex -0.1178492 0.2204803 -0.0500000
    endloop
  endfacet
  facet normal -0 0 -1
    outer loop
      vertex -0.0471397 0.0881921 -0.0500000
      vertex -0.0492898 0.0870087 -0.0500000
      vertex -0.1232245 0.2175217 -0.0500000
    endloop
  endfacet
  facet normal 0 0 -1
    outer loop
      vertex -0.0492898 0.0870087 -0.0500000
      vertex -0.1285257 0.2144322 -0.0500000
      vertex -0.1232245 0.2175217 -0.0500000
    endloop
  endfacet
  facet normal -0 0 -1
    outer loop
      vertex -0.0492898 0.0870087 -0.0500000
      vertex -0.0514103 0.0857729 -0.0500000
      vertex -0.1285257 0.2144322 -0.0500000
    endloop
  endfacet
  facet normal 0 0 -1
    outer loop
      vertex -0.0514103 0.0857729 -0.0500000
      vertex -0.1337494 0.2112134 -0.0500000
      vertex -0.1285257 0.2144322 -0.0500000
    endloop
  endfacet
  facet normal -0 0 -1
    outer loop
      vertex -0.0514103 0.0857729 -0.0500000
      vertex -0.0534998 0.0844854 -0.0500000
      vertex -0.1337494 0.2112134 -0.0500000
    endloop
  endfacet
  facet normal 0 0 -1
    outer loop
      vertex -0.0534998 0.0844854 -0.0500000
      vertex -0.1388926 0.2078674 -0.0500000
      vertex -0.1337494 0.2112134 -0.0500000
    endloop
  endfacet
  facet normal -0 0 -1
    outer loop
      vertex -0.0534998 0.0844854 -0.0500000
      vertex -0.0555570 0.0831470 -0.0500000
      vertex -0.1388926 0.2078674 -0.0500000
    endloop
  endfacet
  facet normal 0 0 -1
    outer loop
      vertex -0.0555570 0.0831470 -0.0500000
      vertex -0.1439520 0.2043962 -0.0500000
      vertex -0.1388926 0.2078674 -0.0500000
    endloop
  endfacet
  facet normal -0 0 -1
    outer loop
      vertex -0.0555570 0.0831470 -0.0500000
      vertex -0.0575808 0.0817585 -0.0500000
      vertex -0.1439520 0.2043962 -0.0500000
    endloop
  endfacet
  facet normal 0 0 -1
    outer loop
      vertex -0.0575808 0.0817585 -0.0500000
      vertex -0.1489248 0.2008019 -0.0500000
      vertex -0.1439520 0.2043962 -0.0500000
    endloop
  endfacet
  facet normal -0 0 -1
    outer loop
      vertex -0.0575808 0.0817585 -0.0500000
      vertex -0.0595699 0.0803208 -0.0500000
      vertex -0.1489248 0.2008019 -0.0500000
    endloop
  endfacet
  facet normal 0 0 -1
    outer loop
      vertex -0.0595699 0.0803208 -0.0500000
      vertex -0.1538079 0.1970866 -0.0500000
      vertex -0.1489248 0.2008019 -0.0500000
    endloop
  endfacet
  facet normal -0 0 -1
    outer loop
      vertex -0.0595699 0.0803208 -0.0500000
      vertex -0.0615232 0.0788346 -0.0500000
      vertex -0.1538079 0.1970866 -0.0500000
    endloop
  endfacet
  facet normal 0 0 -1
    outer loop
      vertex -0.0615232 0.0788346 -0.0500000
      vertex -0.1585983 0.1932526 -0.0500000
      vertex -0.1538079 0.1970866 -0.0500000
    endloop
  endfacet
  facet normal -0 0 -1
    outer loop
      vertex -0.0615232 0.0788346 -0.0500000
      vertex -0.0634393 0.0773010 -0.0500000
      vertex -0.1585983 0.1932526 -0.0500000
    endloop
  endfacet
  facet normal 0 0 -1
    outer loop
      vertex -0.0634393 0.0773010 -0.0500000
      vertex -0.1632932 0.1893022 -0.0500000
      vertex -0.1585983 0.1932526 -0.0500000
    endloop
  endfacet
  facet normal -0 0 -1
    outer loop
      vertex -0.0634393 0.0773010 -0.0500000
      vertex -0.0653173 0.0757209 -0.0500000
      vertex -0.1632932 0.1893022 -0.0500000
    endloop
  endfacet
  facet normal 0 0 -1
    outer loop
      vertex -0.0653173 0.0757209 -0.0500000
      vertex -0.1678897 0.1852378 -0.0500000
      vertex -0.1632932 0.1893022 -0.0500000
    endloop
  endfacet
  facet normal -0 0 -1
    outer loop
      vertex -0.0653173 0.0757209 -0.0500000
      vertex -0.0671559 0.0740951 -0.0500000
      vertex -0.1678897 0.1852378 -0.0500000
    endloop
  endfacet
  facet normal 0 0 -1
    outer loop
      vertex -0.0671559 0.0740951 -0.0500000
      vertex -0.1723851 0.1810618 -0.0500000
      vertex -0.1678897 0.1852378 -0.0500000
    endloop
  endfacet
  facet normal -0 0 -1
    outer loop
      vertex -0.0671559 0.0740951 -0.0500000
      vertex -0.0689541 0.0724247 -0.0500000
      vertex -0.1723851 0.1810618 -0.0500000
    endloop
  endfacet
  facet normal 0 0 -1
    outer loop
      vertex -0.0689541 0.0724247 -0.0500000
      vertex -0.1767767 0.1767767 -0.0500000
      vertex -0.1723851 0.1810618 -0.0500000
    endloop
  endfacet
  facet normal -0 0 -1
    outer loop
      vertex -0.0689541 0.0724247 -0.0500000
      vertex -0.0707107 0.0707107 -0.0500000
      vertex -0.1767767 0.1767767 -0.0500000
    endloop
  endfacet
  facet normal 0 0 -1
    outer loop
      vertex -0.0707107 0.0707107 -0.0500000
      vertex -0.1810618 0.1723851 -0.0500000
      vertex -0.1767767 0.1767767 -0.0500000
    endloop
  endfacet
  facet normal -0 0 -1
    outer loop
      vertex -0.0707107 0.0707107 -0.0500000
      vertex -0.0724247 0.0689541 -0.0500000
      vertex -0.1810618 0.1723851 -0.0500000
    endloop
  endfacet
  facet normal 0 0 -1
    outer loop
      vertex -0.0724247 0.0689541 -0.0500000
      vertex -0.1852378 0.1678897 -0.0500000
      vertex -0.1810618 0.1723851 -0.0500000
    endloop
  endfacet
  facet normal -0 0 -1
    outer loop
      vertex -0.0724247 0.0689541 -0.0500000
      vertex -0.0740951 0.0671559 -0.0500000
      vertex -0.1852378 0.1678897 -0.0500000
    endloop
  endfacet
  facet normal 0 0 -1
    outer loop
      vertex -0.0740951 0.0671559 -0.0500000
      vertex -0.1893022 0.1632932 -0.0500000
      vertex -0.1852378 0.1678897 -0.0500000
    endloop
  endfacet
  facet normal -0 0 -1
    outer loop
      vertex -0.0740951 0.0671559 -0.0500000
      vertex -0.0757209 0.0653173 -0.0500000
      vertex -0.1893022 0.1632932 -0.0500000
    endloop
  endfacet
  facet normal 0 0 -1
    outer loop
      vertex -0.0757209 0.0653173 -0.0500000
      vertex -0.1932526 0.1585983 -0.0500000
      vertex -0.1893022 0.1632932 -0.0500000
    endloop
  endfacet
  facet normal -0 0 -1
    outer loop
      vertex -0.0757209 0.0653173 -0.0500000
      vertex -0.0773010 0.0634393 -0.0500000
      vertex -0.1932526 0.1585983 -0.0500000
    endloop
  endfacet
  facet normal 0 0 -1
    outer loop
      vertex -0.0773010 0.0634393 -0.0500000
      vertex -0.1970866 0.1538079 -0.0500000
      vertex -0.1932526 0.1585983 -0.0500000
    endloop
  endfacet
  facet normal -0 0 -1
    outer loop
      vertex -0.0773010 0.0634393 -0.0500000
      vertex -0.0788346 0.0615232 -0.0500000
      vertex -0.1970866 0.1538079 -0.0500000
    endloop
  endfacet
  facet normal 0 0 -1
    outer loop
      vertex -0.0788346 0.0615232 -0.0500000
      vertex -0.2008019 0.1489248 -0.0500000
      vertex -0.1970866 0.1538079 -0.0500000
    endloop
  endfacet
  facet normal -0 0 -1
    outer loop
      vertex -0.0788346 0.0615232 -0.0500000
      vertex -0.0803208 0.0595699 -0.0500000
      vertex -0.2008019 0.1489248 -0.0500000
    endloop
  endfacet
  facet normal 0 0 -1
    outer loop
      vertex -0.0803208 0.0595699 -0.0500000
      vertex -0.2043962 0.1439520 -0.0500000
      vertex -0.2008019 0.1489248 -0.0500000
    endloop
  endfacet
  facet normal -0 0 -1
    outer loop
      vertex -0.0803208 0.0595699 -0.0500000
      vertex -0.0817585 0.0575808 -0.0500000
      vertex -0.2043962 0.1439520 -0.0500000
    endloop
  endfacet
  facet normal 0 0 -1
    outer loop
      vertex -0.0817585 0.0575808 -0.0500000
      vertex -0.2078674 0.1388926 -0.0500000
      vertex -0.2043962 0.1439520 -0.0500000
    endloop
  endfacet
  facet normal -0 0 -1
    outer loop
      vertex -0.0817585 0.0575808 -0.0500000
      vertex -0.0831470 0.0555570 -0.0500000
      vertex -0.2078674 0.1388926 -0.0500000
    endloop
  endfacet
  facet normal 0 0 -1
    outer loop
      vertex -0.0831470 0.0555570 -0.0500000
      vertex -0.2112134 0.1337494 -0.0500000
      vertex -0.2078674 0.1388926 -0.0500000
    endloop
  endfacet
  facet normal -0 0 -1
    outer loop
      vertex -0.0831470 0.0555570 -0.0500000
      vertex -0.0844854 0.0534998 -0.0500000
      vertex -0.2112134 0.1337494 -0.0500000
    endloop
  endfacet
  facet normal 0 0 -1
    outer loop
      vertex -0.0844854 0.0534998 -0.0500000
      vertex -0.2144322 0.1285257 -0.0500000
      vertex -0.2112134 0.1337494 -0.0500000
    endloop
  endfacet
  facet normal -0 0 -1
    outer loop
      vertex -0.0844854 0.0534998 -0.0500000
      vertex -0.0857729 0.0514103 -0.0500000
      vertex -0.2144322 0.1285257 -0.0500000
    endloop
  endfacet
  facet normal 0 0 -1
    outer loop
      vertex -0.0857729 0.0514103 -0.0500000
      vertex -0.2175217 0.1232245 -0.0500000
      vertex -0.2144322 0.1285257 -0.0500000
    endloop
  endfacet
  facet normal -0 0 -1
    outer loop
      vertex -0.0857729 0.0514103 -0.0500000
      vertex -0.0870087 0.0492898 -0.0500000
      vertex -0.2175217 0.1232245 -0.0500000
    endloop
  endfacet
  facet normal 0 0 -1
    outer loop
      vertex -0.0870087 0.0492898 -0.0500000
      vertex -0.2204803 0.1178492 -0.0500000
      vertex -0.2175217 0.1232245 -0.0500000
    endloop
  endfacet
  facet normal -0 0 -1
    outer loop
      vertex -0.0870087 0.0492898 -0.0500000
      vertex -0.0881921 0.0471397 -0.0500000
      vertex -0.2204803 0.1178492 -0.0500000
    endloop
  endfacet
  facet normal 0 0 -1
    outer loop
      vertex -0.0881921 0.0471397 -0.0500000
      vertex -0.2233061 0.1124028 -0.0500000
      vertex -0.2204803 0.1178492 -0.0500000
    endloop
  endfacet
  facet normal -0 0 -1
    outer loop
      vertex -0.0881921 0.0471397 -0.0500000
      vertex -0.0893224 0.0449611 -0.0500000
      vertex -0.2233061 0.1124028 -0.0500000
    endloop
  endfacet
  facet normal 0 0 -1
    outer loop
      vertex -0.0893224 0.0449611 -0.0500000
      vertex -0.2259973 0.1068888 -0.0500000
      vertex -0.2233061 0.1124028 -0.0500000
    endloop
  endfacet
  facet normal -0 0 -1
    outer loop
      vertex -0.0893224 0.0449611 -0.0500000
      vertex -0.0903989 0.0427555 -0.0500000
      vertex -0.2259973 0.1068888 -0.0500000
    endloop
  endfacet
  facet normal 0 0 -1
    outer loop
      vertex -0.0903989 0.0427555 -0.0500000
      vertex -0.2285524 0.1013103 -0.0500000
      vertex -0.2259973 0.1068888 -0.0500000
    endloop
  endfacet
  facet normal -0 0 -1
    outer loop
      vertex -0.0903989 0.0427555 -0.0500000
      vertex -0.0914210 0.0405241 -0.0500000
      vertex -0.2285524 0.1013103 -0.0500000
    endloop
  endfacet
  facet normal 0 0 -1
    outer loop
      vertex -0.0914210 0.0405241 -0.0500000
      vertex -0.2309699 0.0956709 -0.0500000
      vertex -0.2285524 0.1013103 -0.0500000
    endloop
  endfacet
  facet normal -0 0 -1
    outer loop
      vertex -0.0914210 0.0405241 -0.0500000
      vertex -0.0923880 0.0382683 -0.0500000
      vertex -0.2309699 0.0956709 -0.0500000
    endloop
  endfacet
  facet normal 0 0 -1
    outer loop
      vertex -0.0923880 0.0382683 -0.0500000
      vertex -0.2332482 0.0899738 -0.0500000
      vertex -0.2309699 0.0956709 -0.0500000
    endloop
  endfacet
  facet normal -0 0 -1
    outer loop
      vertex -0.0923880 0.0382683 -0.0500000
      vertex -0.0932993 0.0359895 -0.0500000
      vertex -0.2332482 0.0899738 -0.0500000
    endloop
  endfacet
  facet normal 0 0 -1
    outer loop
      vertex -0.0932993 0.0359895 -0.0500000
      vertex -0.2353860 0.0842225 -0.0500000
      vertex -0.2332482 0.0899738 -0.0500000
    endloop
  endfacet
  facet normal -0 0 -1
    outer loop
      vertex -0.0932993 0.0359895 -0.0500000
      vertex -0.0941544 0.0336890 -0.0500000
      vertex -0.2353860 0.0842225 -0.0500000
    endloop
  endfacet
  facet normal 0 0 -1
    outer loop
      vertex -0.0941544 0.0336890 -0.0500000
      vertex -0.2373820 0.0784204 -0.0500000
      vertex -0.2353860 0.0842225 -0.0500000
    endloop
  endfacet
  facet normal -0 0 -1
    outer loop
      vertex -0.0941544 0.0336890 -0.0500000
      vertex -0.0949528 0.0313682 -0.0500000
      vertex -0.2373820 0.0784204 -0.0500000
    endloop
  endfacet
  facet normal 0 0 -1
    outer loop
      vertex -0.0949528 0.0313682 -0.0500000
      vertex -0.2392351 0.0725712 -0.0500000
      vertex -0.2373820 0.0784204 -0.0500000
    endloop
  endfacet
  facet normal -0 0 -1
    outer loop
      vertex -0.0949528 0.0313682 -0.0500000
      vertex -0.0956940 0.0290285 -0.0500000
      vertex -0.2392351 0.0725712 -0.0500000
    endloop
  endfacet
  facet normal 0 0 -1
    outer loop
      vertex -0.0956940 0.0290285 -0.0500000
      vertex -0.2409440 0.0666782 -0.0500000
      vertex -0.2392351 0.0725712 -0.0500000
    endloop
  endfacet
  facet normal -0 0 -1
    outer loop
      vertex -0.0956940 0.0290285 -0.0500000
      vertex -0.0963776 0.0266713 -0.0500000
      vertex -0.2409440 0.0666782 -0.0500000
    endloop
  endfacet
  facet normal 0 0 -1
    outer loop
      vertex -0.0963776 0.0266713 -0.0500000
      vertex -0.2425078 0.0607450 -0.0500000
      vertex -0.2409440 0.0666782 -0.0500000
    endloop
  endfacet
  facet normal -0 0 -1
    outer loop
      vertex -0.0963776 0.0266713 -0.0500000
      vertex -0.0970031 0.0242980 -0.0500000
      vertex -0.2425078 0.0607450 -0.0500000
    endloop
  endfacet
  facet normal 0 0 -1
    outer loop
      vertex -0.0970031 0.0242980 -0.0500000
      vertex -0.2439255 0.0547753 -0.0500000
      vertex -0.2425078 0.0607450 -0.0500000
    endloop
  endfacet
  facet normal -0 0 -1
    outer loop
      vertex -0.0970031 0.0242980 -0.0500000
      vertex -0.0975702 0.0219101 -0.0500000
      vertex -0.2439255 0.0547753 -0.0500000
    endloop
  endfacet
  facet normal 0 0 -1
    outer loop
      vertex -0.0975702 0.0219101 -0.0500000
      vertex -0.2451963 0.0487726 -0.0500000
      vertex -0.2439255 0.0547753 -0.0500000
    endloop
  endfacet
  facet normal -0 0 -1
    outer loop
      vertex -0.0975702 0.0219101 -0.0500000
      vertex -0.0980785 0.0195090 -0.0500000
      vertex -0.2451963 0.0487726 -0.0500000
    endloop
  endfacet
  facet normal 0 0 -1
    outer loop
      vertex -0.0980785 0.0195090 -0.0500000
      vertex -0.2463194 0.0427405 -0.0500000
      vertex -0.2451963 0.0487726 -0.0500000
    endloop
  endfacet
  facet normal -0 0 -1
    outer loop
      vertex -0.0980785 0.0195090 -0.0500000
      vertex -0.0985278 0.0170962 -0.0500000
      vertex -0.2463194 0.0427405 -0.0500000
    endloop
  endfacet
  facet normal 0 0 -1
    outer loop
      vertex -0.0985278 0.0170962 -0.0500000
      vertex -0.2472941 0.0366826 -0.0500000
      vertex -0.2463194 0.0427405 -0.0500000
    endloop
  endfacet
  facet normal -0 0 -1
    outer loop
      vertex -0.0985278 0.0170962 -0.0500000
      vertex -0.0989177 0.0146730 -0.0500000
      vertex -0.2472941 0.0366826 -0.0500000
    endloop
  endfacet
  facet normal 0 0 -1
    outer loop
      vertex -0.0989177 0.0146730 -0.0500000
      vertex -0.2481199 0.0306027 -0.0500000
      vertex -0.2472941 0.0366826 -0.0500000
    endloop
  endfacet
  facet normal -0 0 -1
    outer loop
      vertex -0.0989177 0.0146730 -0.0500000
      vertex -0.0992480 0.0122411 -0.0500000
      vertex -0.2481199 0.0306027 -0.0500000
    endloop
  endfacet
  facet normal 0 0 -1
    outer loop
      vertex -0.0992480 0.0122411 -0.0500000
      vertex -0.2487962 0.0245043 -0.0500000
      vertex -0.2481199 0.0306027 -0.0500000
    endloop
  endfacet
  facet normal -0 0 -1
    outer loop
      vertex -0.0992480 0.0122411 -0.0500000
      vertex -0.0995185 0.0098017 -0.0500000
      vertex -0.2487962 0.0245043 -0.0500000
    endloop
  endfacet
  facet normal 0 0 -1
    outer loop
      vertex -0.0995185 0.0098017 -0.0500000
      vertex -0.2493226 0.0183911 -0.0500000
      vertex -0.2487962 0.0245043 -0.0500000
    endloop
  endfacet
  facet normal -0 0 -1
    outer loop
      vertex -0.0995185 0.0098017 -0.0500000
      vertex -0.0997290 0.0073565 -0.0500000
      vertex -0.2493226 0.0183911 -0.0500000
    endloop
  endfacet
  facet normal 0 0 -1
    outer loop
      vertex -0.0997290 0.0073565 -0.0500000
      vertex -0.2496989 0.0122669 -0.0500000
      vertex -0.2493226 0.0183911 -0.0500000
    endloop
  endfacet
  facet normal -0 0 -1
    outer loop
      vertex -0.0997290 0.0073565 -0.0500000
      vertex -0.0998795 0.0049068 -0.0500000
      vertex -0.2496989 0.0122669 -0.0500000
    endloop
  endfacet
  facet normal 0 0 -1
    outer loop
      vertex -0.0998795 0.0049068 -0.0500000
      vertex -0.2499247 0.0061353 -0.0500000
      vertex -0.2496989 0.0122669 -0.0500000
    endloop
  endfacet
  facet normal -0 0 -1
    outer loop
      vertex -0.0998795 0.0049068 -0.0500000
      vertex -0.0999699 0.0024541 -0.0500000
      vertex -0.2499247 0.0061353 -0.0500000
    endloop
  endfacet
  facet normal -0 0 -1
    outer loop
      vertex -0.0999699 0.0024541 -0.0500000
      vertex -0.2500000 0.0000000 -0.0500000
      vertex -0.2499247 0.0061353 -0.0500000
    endloop
  endfacet
  facet normal 0 0 -1
    outer loop
      vertex -0.0999699 0.0024541 -0.0500000
      vertex -0.1000000 0.0000000 -0.0500000
      vertex -0.2500000 0.0000000 -0.0500000
    endloop
  endfacet
  facet normal -0 0 -1
    outer loop
      vertex -0.1000000 0.0000000 -0.0500000
      vertex -0.2499247 -0.0061353 -0.0500000
      vertex -0.2500000 0.0000000 -0.0500000
    endloop
  endfacet
  facet normal 0 -0 -1
    outer loop
      vertex -0.1000000 0.0000000 -0.0500000
      vertex -0.0999699 -0.0024541 -0.0500000
      vertex -0.2499247 -0.0061353 -0.0500000
    endloop
  endfacet
  facet normal 0 0 -1
    outer loop
      vertex -0.0999699 -0.0024541 -0.0500000
      vertex -0.2496989 -0.0122669 -0.0500000
      vertex -0.2499247 -0.0061353 -0.0500000
    endloop
  endfacet
  facet normal 0 -0 -1
    outer loop
      vertex -0.0999699 -0.0024541 -0.0500000
      vertex -0.0998795 -0.0049068 -0.0500000
      vertex -0.2496989 -0.0122669 -0.0500000
    endloop
  endfacet
  facet normal 0 0 -1
    outer loop
      vertex -0.0998795 -0.0049068 -0.0500000
      vertex -0.2493226 -0.0183911 -0.0500000
      vertex -0.2496989 -0.0122669 -0.0500000
    endloop
  endfacet
  facet normal 0 -0 -1
    outer loop
      vertex -0.0998795 -0.0049068 -0.0500000
      vertex -0.0997290 -0.0073565 -0.0500000
      vertex -0.2493226 -0.0183911 -0.0500000
    endloop
  endfacet
  facet normal 0 0 -1
    outer loop
      vertex -0.0997290 -0.0073565 -0.0500000
      vertex -0.2487962 -0.0245043 -0.0500000
      vertex -0.2493226 -0.0183911 -0.0500000
    endloop
  endfacet
  facet normal 0 -0 -1
    outer loop
      vertex -0.0997290 -0.0073565 -0.0500000
      vertex -0.0995185 -0.0098017 -0.0500000
      vertex -0.2487962 -0.0245043 -0.0500000
    endloop
  endfacet
  facet normal 0 0 -1
    outer loop
      vertex -0.0995185 -0.0098017 -0.0500000
      vertex -0.2481199 -0.0306027 -0.0500000
      vertex -0.2487962 -0.0245043 -0.0500000
    endloop
  endfacet
  facet normal 0 -0 -1
    outer loop
      vertex -0.0995185 -0.0098017 -0.0500000
      vertex -0.0992480 -0.0122411 -0.0500000
      vertex -0.2481199 -0.0306027 -0.0500000
    endloop
  endfacet
  facet normal 0 0 -1
    outer loop
      vertex -0.0992480 -0.0122411 -0.0500000
      vertex -0.2472941 -0.0366826 -0.0500000
      vertex -0.2481199 -0.0306027 -0.0500000
    endloop
  endfacet
  facet normal 0 -0 -1
    outer loop
      vertex -0.0992480 -0.0122411 -0.0500000
      vertex -0.0989177 -0.0146730 -0.0500000
      vertex -0.2472941 -0.0366826 -0.0500000
    endloop
  endfacet
  facet normal 0 0 -1
    outer loop
      vertex -0.0989177 -0.0146730 -0.0500000
      vertex -0.2463194 -0.0427405 -0.0500000
      vertex -0.2472941 -0.0366826 -0.0500000
    endloop
  endfacet
  facet normal 0 -0 -1
    outer loop
      vertex -0.0989177 -0.0146730 -0.0500000
      vertex -0.0985278 -0.0170962 -0.0500000
      vertex -0.2463194 -0.0427405 -0.0500000
    endloop
  endfacet
  facet normal 0 0 -1
    outer loop
      vertex -0.0985278 -0.0170962 -0.0500000
      vertex -0.2451963 -0.0487726 -0.0500000
      vertex -0.2463194 -0.0427405 -0.0500000
    endloop
  endfacet
  facet normal 0 -0 -1
    outer loop
      vertex -0.0985278 -0.0170962 -0.0500000
      vertex -0.0980785 -0.0195090 -0.0500000
      vertex -0.2451963 -0.0487726 -0.0500000
    endloop
  endfacet
  facet normal 0 0 -1
    outer loop
      vertex -0.0980785 -0.0195090 -0.0500000
      vertex -0.2439255 -0.0547753 -0.0500000
      vertex -0.2451963 -0.0487726 -0.0500000
    endloop
  endfacet
  facet normal 0 -0 -1
    outer loop
      vertex -0.0980785 -0.0195090 -0.0500000
      vertex -0.0975702 -0.0219101 -0.0500000
      vertex -0.2439255 -0.0547753 -0.0500000
    endloop
  endfacet
  facet normal 0 0 -1
    outer loop
      vertex -0.0975702 -0.0219101 -0.0500000
      vertex -0.2425078 -0.0607450 -0.0500000
      vertex -0.2439255 -0.0547753 -0.0500000
    endloop
  endfacet
  facet normal 0 -0 -1
    outer loop
      vertex -0.0975702 -0.0219101 -0.0500000
      vertex -0.0970031 -0.0242980 -0.0500000
      vertex -0.2425078 -0.0607450 -0.0500000
    endloop
  endfacet
  facet normal 0 0 -1
    outer loop
      vertex -0.0970031 -0.0242980 -0.0500000
      vertex -0.2409440 -0.0666782 -0.0500000
      vertex -0.2425078 -0.0607450 -0.0500000
    endloop
  endfacet
  facet normal 0 -0 -1
    outer loop
      vertex -0.0970031 -0.0242980 -0.0500000
      vertex -0.0963776 -0.0266713 -0.0500000
      vertex -0.2409440 -0.0666782 -0.0500000
    endloop
  endfacet
  facet normal 0 0 -1
    outer loop
      vertex -0.0963776 -0.0266713 -0.0500000
      vertex -0.2392351 -0.0725712 -0.0500000
      vertex -0.2409440 -0.0666782 -0.0500000
    endloop
  endfacet
  facet normal 0 -0 -1
    outer loop
      vertex -0.0963776 -0.0266713 -0.0500000
      vertex -0.0956940 -0.0290285 -0.0500000
      vertex -0.2392351 -0.0725712 -0.0500000
    endloop
  endfacet
  facet normal 0 0 -1
    outer loop
      vertex -0.0956940 -0.0290285 -0.0500000
      vertex -0.2373820 -0.0784204 -0.0500000
      vertex -0.2392351 -0.0725712 -0.0500000
    endloop
  endfacet
  facet normal 0 -0 -1
    outer loop
      vertex -0.0956940 -0.0290285 -0.0500000
      vertex -0.0949528 -0.0313682 -0.0500000
      vertex -0.2373820 -0.0784204 -0.0500000
    endloop
  endfacet
  facet normal 0 0 -1
    outer loop
      vertex -0.0949528 -0.0313682 -0.0500000
      vertex -0.2353860 -0.0842225 -0.0500000
      vertex -0.2373820 -0.0784204 -0.0500000
    endloop
  endfacet
  facet normal 0 -0 -1
    outer loop
      vertex -0.0949528 -0.0313682 -0.0500000
      vertex -0.0941544 -0.0336890 -0.0500000
      vertex -0.2353860 -0.0842225 -0.0500000
    endloop
  endfacet
  facet normal 0 0 -1
    outer loop
      vertex -0.0941544 -0.0336890 -0.0500000
      vertex -0.2332482 -0.0899738 -0.0500000
      vertex -0.2353860 -0.0842225 -0.0500000
    endloop
  endfacet
  facet normal 0 -0 -1
    outer loop
      vertex -0.0941544 -0.0336890 -0.0500000
      vertex -0.0932993 -0.0359895 -0.0500000
      vertex -0.2332482 -0.0899738 -0.0500000
    endloop
  endfacet
  facet normal 0 0 -1
    outer loop
      vertex -0.0932993 -0.0359895 -0.0500000
      vertex -0.2309699 -0.0956709 -0.0500000
      vertex -0.2332482 -0.0899738 -0.0500000
    endloop
  endfacet
  facet normal 0 -0 -1
    outer loop
      vertex -0.0932993 -0.0359895 -0.0500000
      vertex -0.0923880 -0.0382683 -0.0500000
      vertex -0.2309699 -0.0956709 -0.0500000
    endloop
  endfacet
  facet normal 0 0 -1
    outer loop
      vertex -0.0923880 -0.0382683 -0.0500000
      vertex -0.2285524 -0.1013103 -0.0500000
      vertex -0.2309699 -0.0956709 -0.0500000
    endloop
  endfacet
  facet normal 0 -0 -1
    outer loop
      vertex -0.0923880 -0.0382683 -0.0500000
      vertex -0.0914210 -0.0405241 -0.0500000
      vertex -0.2285524 -0.1013103 -0.0500000
    endloop
  endfacet
  facet normal 0 0 -1
    outer loop
      vertex -0.0914210 -0.0405241 -0.0500000
      vertex -0.2259973 -0.1068888 -0.0500000
      vertex -0.2285524 -0.1013103 -0.0500000
    endloop
  endfacet
  facet normal 0 -0 -1
    outer loop
      vertex -0.0914210 -0.0405241 -0.0500000
      vertex -0.0903989 -0.0427555 -0.0500000
      vertex -0.2259973 -0.1068888 -0.0500000
    endloop
  endfacet
  facet normal 0 0 -1
    outer loop
      vertex -0.0903989 -0.0427555 -0.0500000
      vertex -0.2233061 -0.1124028 -0.0500000
      vertex -0.2259973 -0.1068888 -0.0500000
    endloop
  endfacet
  facet normal 0 -0 -1
    outer loop
      vertex -0.0903989 -0.0427555 -0.0500000
      vertex -0.0893224 -0.0449611 -0.0500000
      vertex -0.2233061 -0.1124028 -0.0500000
    endloop
  endfacet
  facet normal 0 0 -1
    outer loop
      vertex -0.0893224 -0.0449611 -0.0500000
      vertex -0.2204803 -0.1178492 -0.0500000
      vertex -0.2233061 -0.1124028 -0.0500000
    endloop
  endfacet
  facet normal 0 -0 -1
    outer loop
      vertex -0.0893224 -0.0449611 -0.0500000
      vertex -0.0881921 -0.0471397 -0.0500000
      vertex -0.2204803 -0.1178492 -0.0500000
    endloop
  endfacet
  facet normal 0 0 -1
    outer loop
      vertex -0.0881921 -0.0471397 -0.0500000
      vertex -0.2175217 -0.1232245 -0.0500000
      vertex -0.2204803 -0.1178492 -0.0500000
    endloop
  endfacet
  facet normal 0 -0 -1
    outer loop
      vertex -0.0881921 -0.0471397 -0.0500000
      vertex -0.0870087 -0.0492898 -0.0500000
      vertex -0.2175217 -0.1232245 -0.0500000
    endloop
  endfacet
  facet normal 0 0 -1
    outer loop
      vertex -0.0870087 -0.0492898 -0.0500000
      vertex -0.2144322 -0.1285257 -0.0500000
      vertex -0.2175217 -0.1232245 -0.0500000
    endloop
  endfacet
  facet normal 0 -0 -1
    outer loop
      vertex -0.0870087 -0.0492898 -0.0500000
      vertex -0.0857729 -0.0514103 -0.0500000
      vertex -0.2144322 -0.1285257 -0.0500000
    endloop
  endfacet
  facet normal 0 0 -1
    outer loop
      vertex -0.0857729 -0.0514103 -0.0500000
      vertex -0.2112134 -0.1337494 -0.0500000
      vertex -0.2144322 -0.1285257 -0.0500000
    endloop
  endfacet
  facet normal 0 -0 -1
    outer loop
      vertex -0.0857729 -0.0514103 -0.0500000
      vertex -0.0844854 -0.0534998 -0.0500000
      vertex -0.2112134 -0.1337494 -0.0500000
    endloop
  endfacet
  facet normal 0 0 -1
    outer loop
      vertex -0.0844854 -0.0534998 -0.0500000
      vertex -0.2078674 -0.1388926 -0.0500000
      vertex -0.2112134 -0.1337494 -0.0500000
    endloop
  endfacet
  facet normal 0 -0 -1
    outer loop
      vertex -0.0844854 -0.0534998 -0.0500000
      vertex -0.0831470 -0.0555570 -0.0500000
      vertex -0.2078674 -0.1388926 -0.0500000
    endloop
  endfacet
  facet normal 0 0 -1
    outer loop
      vertex -0.0831470 -0.0555570 -0.0500000
      vertex -0.2043962 -0.1439520 -0.0500000
      vertex -0.2078674 -0.1388926 -0.0500000
    endloop
  endfacet
  facet normal 0 -0 -1
    outer loop
      vertex -0.0831470 -0.0555570 -0.0500000
      vertex -0.0817585 -0.0575808 -0.0500000
      vertex -0.2043962 -0.1439520 -0.0500000
    endloop
  endfacet
  facet normal 0 0 -1
    outer loop
      vertex -0.0817585 -0.0575808 -0.0500000
      vertex -0.2008019 -0.1489248 -0.0500000
      vertex -0.2043962 -0.1439520 -0.0500000
    endloop
  endfacet
  facet normal 0 -0 -1
    outer loop
      vertex -0.0817585 -0.0575808 -0.0500000
      vertex -0.0803208 -0.0595699 -0.0500000
      vertex -0.2008019 -0.1489248 -0.0500000
    endloop
  endfacet
  facet normal 0 0 -1
    outer loop
      vertex -0.0803208 -0.0595699 -0.0500000
      vertex -0.1970866 -0.1538079 -0.0500000
      vertex -0.2008019 -0.1489248 -0.0500000
    endloop
  endfacet
  facet normal 0 -0 -1
    outer loop
      vertex -0.0803208 -0.0595699 -0.0500000
      vertex -0.0788346 -0.0615232 -0.0500000
      vertex -0.1970866 -0.1538079 -0.0500000
    endloop
  endfacet
  facet normal 0 0 -1
    outer loop
      vertex -0.0788346 -0.0615232 -0.0500000
      vertex -0.1932526 -0.1585983 -0.0500000
      vertex -0.1970866 -0.1538079 -0.0500000
    endloop
  endfacet
  facet normal 0 -0 -1
    outer loop
      vertex -0.0788346 -0.0615232 -0.0500000
      vertex -0.0773010 -0.0634393 -0.0500000
      vertex -0.1932526 -0.1585983 -0.0500000
    endloop
  endfacet
  facet normal 0 0 -1
    outer loop
      vertex -0.0773010 -0.0634393 -0.0500000
      vertex -0.1893022 -0.1632932 -0.0500000
      vertex -0.1932526 -0.1585983 -0.0500000
    endloop
  endfacet
  facet normal 0 -0 -1
    outer loop
      vertex -0.0773010 -0.0634393 -0.0500000
      vertex -0.0757209 -0.0653173 -0.0500000
      vertex -0.1893022 -0.1632932 -0.0500000
    endloop
  endfacet
  facet normal 0 0 -1
    outer loop
      vertex -0.0757209 -0.0653173 -0.0500000
      vertex -0.1852378 -0.1678897 -0.0500000
      vertex -0.1893022 -0.1632932 -0.0500000
    endloop
  endfacet
  facet normal 0 -0 -1
    outer loop
      vertex -0.0757209 -0.0653173 -0.0500000
      vertex -0.0740951 -0.0671559 -0.0500000
      vertex -0.1852378 -0.1678897 -0.0500000
    endloop
  endfacet
  facet normal 0 0 -1
    outer loop
      vertex -0.0740951 -0.0671559 -0.0500000
      vertex -0.1810618 -0.1723851 -0.0500000
      vertex -0.1852378 -0.1678897 -0.0500000
    endloop
  endfacet
  facet normal 0 -0 -1
    outer loop
      vertex -0.0740951 -0.0671559 -0.0500000
      vertex -0.0724247 -0.0689541 -0.0500000
      vertex -0.1810618 -0.1723851 -0.0500000
    endloop
  endfacet
  facet normal 0 0 -1
    outer loop
      vertex -0.0724247 -0.0689541 -0.0500000
      vertex -0.1767767 -0.1767767 -0.0500000
      vertex -0.1810618 -0.1723851 -0.0500000
    endloop
  endfacet
  facet normal 0 -0 -1
    outer loop
      vertex -0.0724247 -0.0689541 -0.0500000
      vertex -0.0707107 -0.0707107 -0.0500000
      vertex -0.1767767 -0.1767767 -0.0500000
    endloop
  endfacet
  facet normal 0 0 -1
    outer loop
      vertex -0.0707107 -0.0707107 -0.0500000
      vertex -0.1723851 -0.1810618 -0.0500000
      vertex -0.1767767 -0.1767767 -0.0500000
    endloop
  endfacet
  facet normal 0 -0 -1
    outer loop
      vertex -0.0707107 -0.0707107 -0.0500000
      vertex -0.0689541 -0.0724247 -0.0500000
      vertex -0.1723851 -0.1810618 -0.0500000
    endloop
  endfacet
  facet normal 0 0 -1
    outer loop
      vertex -0.0689541 -0.0724247 -0.0500000
      vertex -0.1678897 -0.1852378 -0.0500000
      vertex -0.1723851 -0.1810618 -0.0500000
    endloop
  endfacet
  facet normal 0 -0 -1
    outer loop
      vertex -0.0689541 -0.0724247 -0.0500000
      vertex -0.0671559 -0.0740951 -0.0500000
      vertex -0.1678897 -0.1852378 -0.0500000
    endloop
  endfacet
  facet normal 0 0 -1
    outer loop
      vertex -0.0671559 -0.0740951 -0.0500000
      vertex -0.1632932 -0.1893022 -0.0500000
      vertex -0.1678897 -0.1852378 -0.0500000
    endloop
  endfacet
  facet normal 0 -0 -1
    outer loop
      vertex -0.0671559 -0.0740951 -0.0500000
      vertex -0.0653173 -0.0757209 -0.0500000
      vertex -0.1632932 -0.1893022 -0.0500000
    endloop
  endfacet
  facet normal 0 0 -1
    outer loop
      vertex -0.0653173 -0.0757209 -0.0500000
      vertex -0.1585983 -0.1932526 -0.0500000
      vertex -0.1632932 -0.1893022 -0.0500000
    endloop
  endfacet
  facet normal 0 -0 -1
    outer loop
      vertex -0.0653173 -0.0757209 -0.0500000
      vertex -0.0634393 -0.0773010 -0.0500000
      vertex -0.1585983 -0.1932526 -0.0500000
    endloop
  endfacet
  facet normal 0 0 -1
    outer loop
      vertex -0.0634393 -0.0773010 -0.0500000
      vertex -0.1538079 -0.1970866 -0.0500000
      vertex -0.1585983 -0.1932526 -0.0500000
    endloop
  endfacet
  facet normal 0 -0 -1
    outer loop
      vertex -0.0634393 -0.0773010 -0.0500000
      vertex -0.0615232 -0.0788346 -0.0500000
      vertex -0.1538079 -0.1970866 -0.0500000
    endloop
  endfacet
  facet normal 0 0 -1
    outer loop
      vertex -0.0615232 -0.0788346 -0.0500000
      vertex -0.1489248 -0.2008019 -0.0500000
      vertex -0.1538079 -0.1970866 -0.0500000
    endloop
  endfacet
  facet normal 0 -0 -1
    outer loop
      vertex -0.0615232 -0.0788346 -0.0500000
      vertex -0.0595699 -0.0803208 -0.0500000
      vertex -0.1489248 -0.2008019 -0.0500000
    endloop
  endfacet
  facet normal 0 0 -1
    outer loop
      vertex -0.0595699 -0.0803208 -0.0500000
      vertex -0.1439520 -0.2043962 -0.0500000
      vertex -0.1489248 -0.2008019 -0.0500000
    endloop
  endfacet
  facet normal 0 -0 -1
    outer loop
      vertex -0.0595699 -0.0803208 -0.0500000
      vertex -0.0575808 -0.0817585 -0.0500000
      vertex -0.1439520 -0.2043962 -0.0500000
    endloop
  endfacet
  facet normal 0 0 -1
    outer loop
      vertex -0.0575808 -0.0817585 -0.0500000
      vertex -0.1388926 -0.2078674 -0.0500000
      vertex -0.1439520 -0.2043962 -0.0500000
    endloop
  endfacet
  facet normal 0 -0 -1
    outer loop
      vertex -0.0575808 -0.0817585 -0.0500000
      vertex -0.0555570 -0.0831470 -0.0500000
      vertex -0.1388926 -0.2078674 -0.0500000
    endloop
  endfacet
  facet normal 0 0 -1
    outer loop
      vertex -0.0555570 -0.0831470 -0.0500000
      vertex -0.1337494 -0.2112134 -0.0500000
      vertex -0.1388926 -0.2078674 -0.0500000
    endloop
  endfacet
  facet normal 0 -0 -1
    outer loop
      vertex -0.0555570 -0.0831470 -0.0500000
      vertex -0.0534998 -0.0844854 -0.0500000
      vertex -0.1337494 -0.2112134 -0.0500000
    endloop
  endfacet
  facet normal 0 0 -1
    outer loop
      vertex -0.0534998 -0.0844854 -0.0500000
      vertex -0.1285257 -0.2144322 -0.0500000
      vertex -0.1337494 -0.2112134 -0.0500000
    endloop
  endfacet
  facet normal 0 -0 -1
    outer loop
      vertex -0.0534998 -0.0844854 -0.0500000
      vertex -0.0514103 -0.0857729 -0.0500000
      vertex -0.1285257 -0.2144322 -0.0500000
    endloop
  endfacet
  facet normal 0 0 -1
    outer loop
      vertex -0.0514103 -0.0857729 -0.0500000
      vertex -0.1232245 -0.2175217 -0.0500000
      vertex -0.1285257 -0.2144322 -0.0500000
    endloop
  endfacet
  facet normal 0 -0 -1
    outer loop
      vertex -0.0514103 -0.0857729 -0.0500000
      vertex -0.0492898 -0.0870087 -0.0500000
      vertex -0.1232245 -0.2175217 -0.0500000
    endloop
  endfacet
  facet normal 0 0 -1
    outer loop
      vertex -0.0492898 -0.0870087 -0.0500000
      vertex -0.1178492 -0.2204803 -0.0500000
      vertex -0.1232245 -0.2175217 -0.0500000
    endloop
  endfacet
  facet normal 0 -0 -1
    outer loop
      vertex -0.0492898 -0.0870087 -0.0500000
      vertex -0.0471397 -0.0881921 -0.0500000
      vertex -0.1178492 -0.2204803 -0.0500000
    endloop
  endfacet
  facet normal 0 0 -1
    outer loop
      vertex -0.0471397 -0.0881921 -0.0500000
      vertex -0.1124028 -0.2233061 -0.0500000
      vertex -0.1178492 -0.2204803 -0.0500000
    endloop
  endfacet
  facet normal 0 -0 -1
    outer loop
      vertex -0.0471397 -0.0881921 -0.0500000
      vertex -0.0449611 -0.0893224 -0.0500000
      vertex -0.1124028 -0.2233061 -0.0500000
    endloop
  endfacet
  facet normal 0 0 -1
    outer loop
      vertex -0.0449611 -0.0893224 -0.0500000
      vertex -0.1068888 -0.2259973 -0.0500000
      vertex -0.1124028 -0.2233061 -0.0500000
    endloop
  endfacet
  facet normal 0 -0 -1
    outer loop
      vertex -0.0449611 -0.0893224 -0.0500000
      vertex -0.0427555 -0.0903989 -0.0500000
      vertex -0.1068888 -0.2259973 -0.0500000
    endloop
  endfacet
  facet normal 0 0 -1
    outer loop
      vertex -0.0427555 -0.0903989 -0.0500000
      vertex -0.1013103 -0.2285524 -0.0500000
      vertex -0.1068888 -0.2259973 -0.0500000
    endloop
  endfacet
  facet normal 0 -0 -1
    outer loop
      vertex -0.0427555 -0.0903989 -0.0500000
      vertex -0.0405241 -0.0914210 -0.0500000
      vertex -0.1013103 -0.2285524 -0.0500000
    endloop
  endfacet
  facet normal 0 0 -1
    outer loop
      vertex -0.0405241 -0.0914210 -0.0500000
      vertex -0.0956709 -0.2309699 -0.0500000
      vertex -0.1013103 -0.2285524 -0.0500000
    endloop
  endfacet
  facet normal 0 -0 -1
    outer loop
      vertex -0.0405241 -0.0914210 -0.0500000
      vertex -0.0382683 -0.0923880 -0.0500000
      vertex -0.0956709 -0.2309699 -0.0500000
    endloop
  endfacet
  facet normal 0 0 -1
    outer loop
      vertex -0.0382683 -0.0923880 -0.0500000
      vertex -0.0899738 -0.2332482 -0.0500000
      vertex -0.0956709 -0.2309699 -0.0500000
    endloop
  endfacet
  facet normal 0 -0 -1
    outer loop
      vertex -0.0382683 -0.0923880 -0.0500000
      vertex -0.0359895 -0.0932993 -0.0500000
      vertex -0.0899738 -0.2332482 -0.0500000
    endloop
  endfacet
  facet normal 0 0 -1
    outer loop
      vertex -0.0359895 -0.0932993 -0.0500000
      vertex -0.0842225 -0.2353860 -0.0500000
      vertex -0.0899738 -0.2332482 -0.0500000
    endloop
  endfacet
  facet normal 0 -0 -1
    outer loop
      vertex -0.0359895 -0.0932993 -0.0500000
      vertex -0.0336890 -0.0941544 -0.0500000
      vertex -0.0842225 -0.2353860 -0.0500000
    endloop
  endfacet
  facet normal 0 0 -1
    outer loop
      vertex -0.0336890 -0.0941544 -0.0500000
      vertex -0.0784204 -0.2373820 -0.0500000
      vertex -0.0842225 -0.2353860 -0.0500000
    endloop
  endfacet
  facet normal 0 -0 -1
    outer loop
      vertex -0.0336890 -0.0941544 -0.0500000
      vertex -0.0313682 -0.0949528 -0.0500000
      vertex -0.0784204 -0.2373820 -0.0500000
    endloop
  endfacet
  facet normal 0 0 -1
    outer loop
      vertex -0.0313682 -0.0949528 -0.0500000
      vertex -0.0725712 -0.2392351 -0.0500000
      vertex -0.0784204 -0.2373820 -0.0500000
    endloop
  endfacet
  facet normal 0 -0 -1
    outer loop
      vertex -0.0313682 -0.0949528 -0.0500000
      vertex -0.0290285 -0.0956940 -0.0500000
      vertex -0.0725712 -0.2392351 -0.0500000
    endloop
  endfacet
  facet normal 0 0 -1
    outer loop
      vertex -0.0290285 -0.0956940 -0.0500000
      vertex -0.0666782 -0.2409440 -0.0500000
      vertex -0.0725712 -0.2392351 -0.0500000
    endloop
  endfacet
  facet normal 0 -0 -1
    outer loop
      vertex -0.0290285 -0.0956940 -0.0500000
      vertex -0.0266713 -0.0963776 -0.0500000
      vertex -0.0666782 -0.2409440 -0.0500000
    endloop
  endfacet
  facet normal 0 0 -1
    outer loop
      vertex -0.0266713 -0.0963776 -0.0500000
      vertex -0.0607450 -0.2425078 -0.0500000
      vertex -0.0666782 -0.2409440 -0.0500000
    endloop
  endfacet
  facet normal 0 -0 -1
    outer loop
      vertex -0.0266713 -0.0963776 -0.0500000
      vertex -0.0242980 -0.0970031 -0.0500000
      vertex -0.0607450 -0.2425078 -0.0500000
    endloop
  endfacet
  facet normal 0 0 -1
    outer loop
      vertex -0.0242980 -0.0970031 -0.0500000
      vertex -0.0547753 -0.2439255 -0.0500000
      vertex -0.0607450 -0.2425078 -0.0500000
    endloop
  endfacet
  facet normal 0 -0 -1
    outer loop
      vertex -0.0242980 -0.0970031 -0.0500000
      vertex -0.0219101 -0.0975702 -0.0500000
      vertex -0.0547753 -0.2439255 -0.0500000
    endloop
  endfacet
  facet normal 0 0 -1
    outer loop
      vertex -0.0219101 -0.0975702 -0.0500000
      vertex -0.0487726 -0.2451963 -0.0500000
      vertex -0.0547753 -0.2439255 -0.0500000
    endloop
  endfacet
  facet normal 0 -0 -1
    outer loop
      vertex -0.0219101 -0.0975702 -0.0500000
      vertex -0.0195090 -0.0980785 -0.0500000
      vertex -0.0487726 -0.2451963 -0.0500000
    endloop
  endfacet
  facet normal 0 0 -1
    outer loop
      vertex -0.0195090 -0.0980785 -0.0500000
      vertex -0.0427405 -0.2463194 -0.0500000
      vertex -0.0487726 -0.2451963 -0.0500000
    endloop
  endfacet
  facet normal 0 -0 -1
    outer loop
      vertex -0.0195090 -0.0980785 -0.0500000
      vertex -0.0170962 -0.0985278 -0.0500000
      vertex -0.0427405 -0.2463194 -0.0500000
    endloop
  endfacet
  facet normal 0 0 -1
    outer loop
      vertex -0.0170962 -0.0985278 -0.0500000
      vertex -0.0366826 -0.2472941 -0.0500000
      vertex -0.0427405 -0.2463194 -0.0500000
    endloop
  endfacet
  facet normal 0 -0 -1
    outer loop
      vertex -0.0170962 -0.0985278 -0.0500000
      vertex -0.0146730 -0.0989177 -0.0500000
      vertex -0.0366826 -0.2472941 -0.0500000
    endloop
  endfacet
  facet normal 0 0 -1
    outer loop
      vertex -0.0146730 -0.0989177 -0.0500000
      vertex -0.0306027 -0.2481199 -0.0500000
      vertex -0.0366826 -0.2472941 -0.0500000
    endloop
  endfacet
  facet normal 0 -0 -1
    outer loop
      vertex -0.0146730 -0.0989177 -0.0500000
      vertex -0.0122411 -0.0992480 -0.0500000
      vertex -0.0306027 -0.2481199 -0.0500000
    endloop
  endfacet
  facet normal 0 0 -1
    outer loop
      vertex -0.0122411 -0.0992480 -0.0500000
      vertex -0.0245043 -0.2487962 -0.0500000
      vertex -0.0306027 -0.2481199 -0.0500000
    endloop
  endfacet
  facet normal 0 -0 -1
    outer loop
      vertex -0.0122411 -0.0992480 -0.0500000
      vertex -0.0098017 -0.0995185 -0.0500000
      vertex -0.0245043 -0.2487962 -0.0500000
    endloop
  endfacet
  facet normal 0 0 -1
    outer loop
      vertex -0.0098017 -0.0995185 -0.0500000
      vertex -0.0183911 -0.2493226 -0.0500000
      vertex -0.0245043 -0.2487962 -0.0500000
    endloop
  endfacet
  facet normal 0 -0 -1
    outer loop
      vertex -0.0098017 -0.0995185 -0.0500000
      vertex -0.0073565 -0.0997290 -0.0500000
      vertex -0.0183911 -0.2493226 -0.0500000
    endloop
  endfacet
  facet normal 0 0 -1
    outer loop
      vertex -0.0073565 -0.0997290 -0.0500000
      vertex -0.0122669 -0.2496989 -0.0500000
      vertex -0.0183911 -0.2493226 -0.0500000
    endloop
  endfacet
  facet normal 0 -0 -1
    outer loop
      vertex -0.0073565 -0.0997290 -0.0500000
      vertex -0.0049068 -0.0998795 -0.0500000
      vertex -0.0122669 -0.2496989 -0.0500000
    endloop
  endfacet
  facet normal 0 0 -1
    outer loop
      vertex -0.0049068 -0.0998795 -0.0500000
      vertex -0.0061353 -0.2499247 -0.0500000
      vertex -0.0122669 -0.2496989 -0.0500000
    endloop
  endfacet
  facet normal 0 -0 -1
    outer loop
      vertex -0.0049068 -0.0998795 -0.0500000
      vertex -0.0024541 -0.0999699 -0.0500000
      vertex -0.0061353 -0.2499247 -0.0500000
    endloop
  endfacet
  facet normal 0 -0 -1
    outer loop
      vertex -0.0024541 -0.0999699 -0.0500000
      vertex -0.0000000 -0.2500000 -0.0500000
      vertex -0.0061353 -0.2499247 -0.0500000
    endloop
  endfacet
  facet normal 0 0 -1
    outer loop
      vertex -0.0024541 -0.0999699 -0.0500000
      vertex -0.0000000 -0.1000000 -0.0500000
      vertex -0.0000000 -0.2500000 -0.0500000
    endloop
  endfacet
  facet normal 0 -0 -1
    outer loop
      vertex -0.0000000 -0.1000000 -0.0500000
      vertex 0.0061353 -0.2499247 -0.0500000
      vertex -0.0000000 -0.2500000 -0.0500000
    endloop
  endfacet
  facet normal 0 0 -1
    outer loop
      vertex -0.0000000 -0.1000000 -0.0500000
      vertex 0.0024541 -0.0999699 -0.0500000
      vertex 0.0061353 -0.2499247 -0.0500000
    endloop
  endfacet
  facet normal 0 0 -1
    outer loop
      vertex 0.0024541 -0.0999699 -0.0500000
      vertex 0.0122669 -0.2496989 -0.0500000
      vertex 0.0061353 -0.2499247 -0.0500000
    endloop
  endfacet
  facet normal 0 0 -1
    outer loop
      vertex 0.0024541 -0.0999699 -0.0500000
      vertex 0.0049068 -0.0998795 -0.0500000
      vertex 0.0122669 -0.2496989 -0.0500000
    endloop
  endfacet
  facet normal 0 0 -1
    outer loop
      vertex 0.0049068 -0.0998795 -0.0500000
      vertex 0.0183911 -0.2493226 -0.0500000
      vertex 0.0122669 -0.2496989 -0.0500000
    endloop
  endfacet
  facet normal 0 0 -1
    outer loop
      vertex 0.0049068 -0.0998795 -0.0500000
      vertex 0.0073565 -0.0997290 -0.0500000
      vertex 0.0183911 -0.2493226 -0.0500000
    endloop
  endfacet
  facet normal 0 0 -1
    outer loop
      vertex 0.0073565 -0.0997290 -0.0500000
      vertex 0.0245043 -0.2487962 -0.0500000
      vertex 0.0183911 -0.2493226 -0.0500000
    endloop
  endfacet
  facet normal 0 0 -1
    outer loop
      vertex 0.0073565 -0.0997290 -0.0500000
      vertex 0.0098017 -0.0995185 -0.0500000
      vertex 0.0245043 -0.2487962 -0.0500000
    endloop
  endfacet
  facet normal 0 0 -1
    outer loop
      vertex 0.0098017 -0.0995185 -0.0500000
      vertex 0.0306027 -0.2481199 -0.0500000
      vertex 0.0245043 -0.2487962 -0.0500000
    endloop
  endfacet
  facet normal 0 0 -1
    outer loop
      vertex 0.0098017 -0.0995185 -0.0500000
      vertex 0.0122411 -0.0992480 -0.0500000
      vertex 0.0306027 -0.2481199 -0.0500000
    endloop
  endfacet
  facet normal 0 0 -1
    outer loop
      vertex 0.0122411 -0.0992480 -0.0500000
      vertex 0.0366826 -0.2472941 -0.0500000
      vertex 0.0306027 -0.2481199 -0.0500000
    endloop
  endfacet
  facet normal 0 0 -1
    outer loop
      vertex 0.0122411 -0.0992480 -0.0500000
      vertex 0.0146730 -0.0989177 -0.0500000
      vertex 0.0366826 -0.2472941 -0.0500000
    endloop
  endfacet
  facet normal 0 0 -1
    outer loop
      vertex 0.0146730 -0.0989177 -0.0500000
      vertex 0.0427405 -0.2463194 -0.0500000
      vertex 0.0366826 -0.2472941 -0.0500000
    endloop
  endfacet
  facet normal 0 0 -1
    outer loop
      vertex 0.0146730 -0.0989177 -0.0500000
      vertex 0.0170962 -0.0985278 -0.0500000
      vertex 0.0427405 -0.2463194 -0.0500000
    endloop
  endfacet
  facet normal 0 0 -1
    outer loop
      vertex 0.0170962 -0.0985278 -0.0500000
      vertex 0.0487726 -0.2451963 -0.0500000
      vertex 0.0427405 -0.2463194 -0.0500000
    endloop
  endfacet
  facet normal 0 0 -1
    outer loop
      vertex 0.0170962 -0.0985278 -0.0500000
      vertex 0.0195090 -0.0980785 -0.0500000
      vertex 0.0487726 -0.2451963 -0.0500000
    endloop
  endfacet
  facet normal 0 0 -1
    outer loop
      vertex 0.0195090 -0.0980785 -0.0500000
      vertex 0.0547753 -0.2439255 -0.0500000
      vertex 0.0487726 -0.2451963 -0.0500000
    endloop
  endfacet
  facet normal 0 0 -1
    outer loop
      vertex 0.0195090 -0.0980785 -0.0500000
      vertex 0.0219101 -0.0975702 -0.0500000
      vertex 0.0547753 -0.2439255 -0.0500000
    endloop
  endfacet
  facet normal 0 0 -1
    outer loop
      vertex 0.0219101 -0.0975702 -0.0500000
      vertex 0.0607450 -0.2425078 -0.0500000
      vertex 0.0547753 -0.2439255 -0.0500000
    endloop
  endfacet
  facet normal 0 0 -1
    outer loop
      vertex 0.0219101 -0.0975702 -0.0500000
      vertex 0.0242980 -0.0970031 -0.0500000
      vertex 0.0607450 -0.2425078 -0.0500000
    endloop
  endfacet
  facet normal 0 0 -1
    outer loop
      vertex 0.0242980 -0.0970031 -0.0500000
      vertex 0.0666782 -0.2409440 -0.0500000
      vertex 0.0607450 -0.2425078 -0.0500000
    endloop
  endfacet
  facet normal 0 0 -1
    outer loop
      vertex 0.0242980 -0.0970031 -0.0500000
      vertex 0.0266713 -0.0963776 -0.0500000
      vertex 0.0666782 -0.2409440 -0.0500000
    endloop
  endfacet
  facet normal 0 0 -1
    outer loop
      vertex 0.0266713 -0.0963776 -0.0500000
      vertex 0.0725712 -0.2392351 -0.0500000
      vertex 0.0666782 -0.2409440 -0.0500000
    endloop
  endfacet
  facet normal 0 0 -1
    outer loop
      vertex 0.0266713 -0.0963776 -0.0500000
      vertex 0.0290285 -0.0956940 -0.0500000
      vertex 0.0725712 -0.2392351 -0.0500000
    endloop
  endfacet
  facet normal 0 0 -1
    outer loop
      vertex 0.0290285 -0.0956940 -0.0500000
      vertex 0.0784204 -0.2373820 -0.0500000
      vertex 0.0725712 -0.2392351 -0.0500000
    endloop
  endfacet
  facet normal 0 0 -1
    outer loop
      vertex 0.0290285 -0.0956940 -0.0500000
      vertex 0.0313682 -0.0949528 -0.0500000
      vertex 0.0784204 -0.2373820 -0.0500000
    endloop
  endfacet
  facet normal 0 0 -1
    outer loop
      vertex 0.0313682 -0.0949528 -0.0500000
      vertex 0.0842225 -0.2353860 -0.0500000
      vertex 0.0784204 -0.2373820 -0.0500000
    endloop
  endfacet
  facet normal 0 0 -1
    outer loop
      vertex 0.0313682 -0.0949528 -0.0500000
      vertex 0.0336890 -0.0941544 -0.0500000
      vertex 0.0842225 -0.2353860 -0.0500000
    endloop
  endfacet
  facet normal 0 0 -1
    outer loop
      vertex 0.0336890 -0.0941544 -0.0500000
      vertex 0.0899738 -0.2332482 -0.0500000
      vertex 0.0842225 -0.2353860 -0.0500000
    endloop
  endfacet
  facet normal 0 0 -1
    outer loop
      vertex 0.0336890 -0.0941544 -0.0500000
      vertex 0.0359895 -0.0932993 -0.0500000
      vertex 0.0899738 -0.2332482 -0.0500000
    endloop
  endfacet
  facet normal 0 0 -1
    outer loop
      vertex 0.0359895 -0.0932993 -0.0500000
      vertex 0.0956709 -0.2309699 -0.0500000
      vertex 0.0899738 -0.2332482 -0.0500000
    endloop
  endfacet
  facet normal 0 0 -1
    outer loop
      vertex 0.0359895 -0.0932993 -0.0500000
      vertex 0.0382683 -0.0923880 -0.0500000
      vertex 0.0956709 -0.2309699 -0.0500000
    endloop
  endfacet
  facet normal 0 0 -1
    outer loop
      vertex 0.0382683 -0.0923880 -0.0500000
      vertex 0.1013103 -0.2285524 -0.0500000
      vertex 0.0956709 -0.2309699 -0.0500000
    endloop
  endfacet
  facet normal 0 0 -1
    outer loop
      vertex 0.0382683 -0.0923880 -0.0500000
      vertex 0.0405241 -0.0914210 -0.0500000
      vertex 0.1013103 -0.2285524 -0.0500000
    endloop
  endfacet
  facet normal 0 0 -1
    outer loop
      vertex 0.0405241 -0.0914210 -0.0500000
      vertex 0.1068888 -0.2259973 -0.0500000
      vertex 0.1013103 -0.2285524 -0.0500000
    endloop
  endfacet
  facet normal 0 0 -1
    outer loop
      vertex 0.0405241 -0.0914210 -0.0500000
      vertex 0.0427555 -0.0903989 -0.0500000
      vertex 0.1068888 -0.2259973 -0.0500000
    endloop
  endfacet
  facet normal 0 0 -1
    outer loop
      vertex 0.0427555 -0.0903989 -0.0500000
      vertex 0.1124028 -0.2233061 -0.0500000
      vertex 0.1068888 -0.2259973 -0.0500000
    endloop
  endfacet
  facet normal 0 0 -1
    outer loop
      vertex 0.0427555 -0.0903989 -0.0500000
      vertex 0.0449611 -0.0893224 -0.0500000
      vertex 0.1124028 -0.2233061 -0.0500000
    endloop
  endfacet
  facet normal 0 0 -1
    outer loop
      vertex 0.0449611 -0.0893224 -0.0500000
      vertex 0.1178492 -0.2204803 -0.0500000
      vertex 0.1124028 -0.2233061 -0.0500000
    endloop
  endfacet
  facet normal 0 0 -1
    outer loop
      vertex 0.0449611 -0.0893224 -0.0500000
      vertex 0.0471397 -0.0881921 -0.0500000
      vertex 0.1178492 -0.2204803 -0.0500000
    endloop
  endfacet
  facet normal 0 0 -1
    outer loop
      vertex 0.0471397 -0.0881921 -0.0500000
      vertex 0.1232245 -0.2175217 -0.0500000
      vertex 0.1178492 -0.2204803 -0.0500000
    endloop
  endfacet
  facet normal 0 0 -1
    outer loop
      vertex 0.0471397 -0.0881921 -0.0500000
      vertex 0.0492898 -0.0870087 -0.0500000
      vertex 0.1232245 -0.2175217 -0.0500000
    endloop
  endfacet
  facet normal 0 0 -1
    outer loop
      vertex 0.0492898 -0.0870087 -0.0500000
      vertex 0.1285257 -0.2144322 -0.0500000
      vertex 0.1232245 -0.2175217 -0.0500000
    endloop
  endfacet
  facet normal 0 0 -1
    outer loop
      vertex 0.0492898 -0.0870087 -0.0500000
      vertex 0.0514103 -0.0857729 -0.0500000
      vertex 0.1285257 -0.2144322 -0.0500000
    endloop
  endfacet
  facet normal 0 0 -1
    outer loop
      vertex 0.0514103 -0.0857729 -0.0500000
      vertex 0.1337494 -0.2112134 -0.0500000
      vertex 0.1285257 -0.2144322 -0.0500000
    endloop
  endfacet
  facet normal 0 0 -1
    outer loop
      vertex 0.0514103 -0.0857729 -0.0500000
      vertex 0.0534998 -0.0844854 -0.0500000
      vertex 0.1337494 -0.2112134 -0.0500000
    endloop
  endfacet
  facet normal 0 0 -1
    outer loop
      vertex 0.0534998 -0.0844854 -0.0500000
      vertex 0.1388926 -0.2078674 -0.0500000
      vertex 0.1337494 -0.2112134 -0.0500000
    endloop
  endfacet
  facet normal 0 0 -1
    outer loop
      vertex 0.0534998 -0.0844854 -0.0500000
      vertex 0.0555570 -0.0831470 -0.0500000
      vertex 0.1388926 -0.2078674 -0.0500000
    endloop
  endfacet
  facet normal 0 0 -1
    outer loop
      vertex 0.0555570 -0.0831470 -0.0500000
      vertex 0.1439520 -0.2043962 -0.0500000
      vertex 0.1388926 -0.2078674 -0.0500000
    endloop
  endfacet
  facet normal 0 0 -1
    outer loop
      vertex 0.0555570 -0.0831470 -0.0500000
      vertex 0.0575808 -0.0817585 -0.0500000
      vertex 0.1439520 -0.2043962 -0.0500000
    endloop
  endfacet
  facet normal 0 0 -1
    outer loop
      vertex 0.0575808 -0.0817585 -0.0500000
      vertex 0.1489248 -0.2008019 -0.0500000
      vertex 0.1439520 -0.2043962 -0.0500000
    endloop
  endfacet
  facet normal 0 0 -1
    outer loop
      vertex 0.0575808 -0.0817585 -0.0500000
      vertex 0.0595699 -0.0803208 -0.0500000
      vertex 0.1489248 -0.2008019 -0.0500000
    endloop
  endfacet
  facet normal 0 0 -1
    outer loop
      vertex 0.0595699 -0.0803208 -0.0500000
      vertex 0.1538079 -0.1970866 -0.0500000
      vertex 0.1489248 -0.2008019 -0.0500000
    endloop
  endfacet
  facet normal 0 0 -1
    outer loop
      vertex 0.0595699 -0.0803208 -0.0500000
      vertex 0.0615232 -0.0788346 -0.0500000
      vertex 0.1538079 -0.1970866 -0.0500000
    endloop
  endfacet
  facet normal 0 0 -1
    outer loop
      vertex 0.0615232 -0.0788346 -0.0500000
      vertex 0.1585983 -0.1932526 -0.0500000
      vertex 0.1538079 -0.1970866 -0.0500000
    endloop
  endfacet
  facet normal 0 0 -1
    outer loop
      vertex 0.0615232 -0.0788346 -0.0500000
      vertex 0.0634393 -0.0773010 -0.0500000
      vertex 0.1585983 -0.1932526 -0.0500000
    endloop
  endfacet
  facet normal 0 0 -1
    outer loop
      vertex 0.0634393 -0.0773010 -0.0500000
      vertex 0.1632932 -0.1893022 -0.0500000
      vertex 0.1585983 -0.1932526 -0.0500000
    endloop
  endfacet
  facet normal 0 0 -1
    outer loop
      vertex 0.0634393 -0.0773010 -0.0500000
      vertex 0.0653173 -0.0757209 -0.0500000
      vertex 0.1632932 -0.1893022 -0.0500000
    endloop
  endfacet
  facet normal 0 0 -1
    outer loop
      vertex 0.0653173 -0.0757209 -0.0500000
      vertex 0.1678897 -0.1852378 -0.0500000
      vertex 0.1632932 -0.1893022 -0.0500000
    endloop
  endfacet
  facet normal 0 0 -1
    outer loop
      vertex 0.0653173 -0.0757209 -0.0500000
      vertex 0.0671559 -0.0740951 -0.0500000
      vertex 0.1678897 -0.1852378 -0.0500000
    endloop
  endfacet
  facet normal 0 0 -1
    outer loop
      vertex 0.0671559 -0.0740951 -0.0500000
      vertex 0.1723851 -0.1810618 -0.0500000
      vertex 0.1678897 -0.1852378 -0.0500000
    endloop
  endfacet
  facet normal 0 0 -1
    outer loop
      vertex 0.0671559 -0.0740951 -0.0500000
      vertex 0.0689541 -0.0724247 -0.0500000
      vertex 0.1723851 -0.1810618 -0.0500000
    endloop
  endfacet
  facet normal 0 0 -1
    outer loop
      vertex 0.0689541 -0.0724247 -0.0500000
      vertex 0.1767767 -0.1767767 -0.0500000
      vertex 0.1723851 -0.1810618 -0.0500000
    endloop
  endfacet
  facet normal 0 0 -1
    outer loop
      vertex 0.0689541 -0.0724247 -0.0500000
      vertex 0.0707107 -0.0707107 -0.0500000
      vertex 0.1767767 -0.1767767 -0.0500000
    endloop
  endfacet
  facet normal 0 0 -1
    outer loop
      vertex 0.0707107 -0.0707107 -0.0500000
      vertex 0.1810618 -0.1723851 -0.0500000
      vertex 0.1767767 -0.1767767 -0.0500000
    endloop
  endfacet
  facet normal 0 0 -1
    outer loop
      vertex 0.0707107 -0.0707107 -0.0500000
      vertex 0.0724247 -0.0689541 -0.0500000
      vertex 0.1810618 -0.1723851 -0.0500000
    endloop
  endfacet
  facet normal 0 0 -1
    outer loop
      vertex 0.0724247 -0.0689541 -0.0500000
      vertex 0.1852378 -0.1678897 -0.0500000
      vertex 0.1810618 -0.1723851 -0.0500000
    endloop
  endfacet
  facet normal 0 0 -1
    outer loop
      vertex 0.0724247 -0.0689541 -0.0500000
      vertex 0.0740951 -0.0671559 -0.0500000
      vertex 0.1852378 -0.1678897 -0.0500000
    endloop
  endfacet
  facet normal 0 0 -1
    outer loop
      vertex 0.0740951 -0.0671559 -0.0500000
      vertex 0.1893022 -0.1632932 -0.0500000
      vertex 0.1852378 -0.1678897 -0.0500000
    endloop
  endfacet
  facet normal 0 0 -1
    outer loop
      vertex 0.0740951 -0.0671559 -0.0500000
      vertex 0.0757209 -0.0653173 -0.0500000
      vertex 0.1893022 -0.1632932 -0.0500000
    endloop
  endfacet
  facet normal 0 0 -1
    outer loop
      vertex 0.0757209 -0.0653173 -0.0500000
      vertex 0.1932526 -0.1585983 -0.0500000
      vertex 0.1893022 -0.1632932 -0.0500000
    endloop
  endfacet
  facet normal 0 0 -1
    outer loop
      vertex 0.0757209 -0.0653173 -0.0500000
      vertex 0.0773010 -0.0634393 -0.0500000
      vertex 0.1932526 -0.1585983 -0.0500000
    endloop
  endfacet
  facet normal 0 0 -1
    outer loop
      vertex 0.0773010 -0.0634393 -0.0500000
      vertex 0.1970866 -0.1538079 -0.0500000
      vertex 0.1932526 -0.1585983 -0.0500000
    endloop
  endfacet
  facet normal 0 0 -1
    outer loop
      vertex 0.0773010 -0.0634393 -0.0500000
      vertex 0.0788346 -0.0615232 -0.0500000
      vertex 0.1970866 -0.1538079 -0.0500000
    endloop
  endfacet
  facet normal 0 0 -1
    outer loop
      vertex 0.0788346 -0.0615232 -0.0500000
      vertex 0.2008019 -0.1489248 -0.0500000
      vertex 0.1970866 -0.1538079 -0.0500000
    endloop
  endfacet
  facet normal 0 0 -1
    outer loop
      vertex 0.0788346 -0.0615232 -0.0500000
      vertex 0.0803208 -0.0595699 -0.0500000
      vertex 0.2008019 -0.1489248 -0.0500000
    endloop
  endfacet
  facet normal 0 0 -1
    outer loop
      vertex 0.0803208 -0.0595699 -0.0500000
      vertex 0.2043962 -0.1439520 -0.0500000
      vertex 0.2008019 -0.1489248 -0.0500000
    endloop
  endfacet
  facet normal 0 0 -1
    outer loop
      vertex 0.0803208 -0.0595699 -0.0500000
      vertex 0.0817585 -0.0575808 -0.0500000
      vertex 0.2043962 -0.1439520 -0.0500000
    endloop
  endfacet
  facet normal 0 0 -1
    outer loop
      vertex 0.0817585 -0.0575808 -0.0500000
      vertex 0.2078674 -0.1388926 -0.0500000
      vertex 0.2043962 -0.1439520 -0.0500000
    endloop
  endfacet
  facet normal 0 0 -1
    outer loop
      vertex 0.0817585 -0.0575808 -0.0500000
      vertex 0.0831470 -0.0555570 -0.0500000
      vertex 0.2078674 -0.1388926 -0.0500000
    endloop
  endfacet
  facet normal 0 0 -1
    outer loop
      vertex 0.0831470 -0.0555570 -0.0500000
      vertex 0.2112134 -0.1337494 -0.0500000
      vertex 0.2078674 -0.1388926 -0.0500000
    endloop
  endfacet
  facet normal 0 0 -1
    outer loop
      vertex 0.0831470 -0.0555570 -0.0500000
      vertex 0.0844854 -0.0534998 -0.0500000
      vertex 0.2112134 -0.1337494 -0.0500000
    endloop
  endfacet
  facet normal 0 0 -1
    outer loop
      vertex 0.0844854 -0.0534998 -0.0500000
      vertex 0.2144322 -0.1285257 -0.0500000
      vertex 0.2112134 -0.1337494 -0.0500000
    endloop
  endfacet
  facet normal 0 0 -1
    outer loop
      vertex 0.0844854 -0.0534998 -0.0500000
      vertex 0.0857729 -0.0514103 -0.0500000
      vertex 0.2144322 -0.1285257 -0.0500000
    endloop
  endfacet
  facet normal 0 0 -1
    outer loop
      vertex 0.0857729 -0.0514103 -0.0500000
      vertex 0.2175217 -0.1232245 -0.0500000
      vertex 0.2144322 -0.1285257 -0.0500000
    endloop
  endfacet
  facet normal 0 0 -1
    outer loop
      vertex 0.0857729 -0.0514103 -0.0500000
      vertex 0.0870087 -0.0492898 -0.0500000
      vertex 0.2175217 -0.1232245 -0.0500000
    endloop
  endfacet
  facet normal 0 0 -1
    outer loop
      vertex 0.0870087 -0.0492898 -0.0500000
      vertex 0.2204803 -0.1178492 -0.0500000
      vertex 0.2175217 -0.1232245 -0.0500000
    endloop
  endfacet
  facet normal 0 0 -1
    outer loop
      vertex 0.0870087 -0.0492898 -0.0500000
      vertex 0.0881921 -0.0471397 -0.0500000
      vertex 0.2204803 -0.1178492 -0.0500000
    endloop
  endfacet
  facet normal 0 0 -1
    outer loop
      vertex 0.0881921 -0.0471397 -0.0500000
      vertex 0.2233061 -0.1124028 -0.0500000
      vertex 0.2204803 -0.1178492 -0.0500000
    endloop
  endfacet
  facet normal 0 0 -1
    outer loop
      vertex 0.0881921 -0.0471397 -0.0500000
      vertex 0.0893224 -0.0449611 -0.0500000
      vertex 0.2233061 -0.1124028 -0.0500000
    endloop
  endfacet
  facet normal 0 0 -1
    outer loop
      vertex 0.0893224 -0.0449611 -0.0500000
      vertex 0.2259973 -0.1068888 -0.0500000
      vertex 0.2233061 -0.1124028 -0.0500000
    endloop
  endfacet
  facet normal 0 0 -1
    outer loop
      vertex 0.0893224 -0.0449611 -0.0500000
      vertex 0.0903989 -0.0427555 -0.0500000
      vertex 0.2259973 -0.1068888 -0.0500000
    endloop
  endfacet
  facet normal 0 0 -1
    outer loop
      vertex 0.0903989 -0.0427555 -0.0500000
      vertex 0.2285524 -0.1013103 -0.0500000
      vertex 0.2259973 -0.1068888 -0.0500000
    endloop
  endfacet
  facet normal 0 0 -1
    outer loop
      vertex 0.0903989 -0.0427555 -0.0500000
      vertex 0.0914210 -0.0405241 -0.0500000
      vertex 0.2285524 -0.1013103 -0.0500000
    endloop
  endfacet
  facet normal 0 0 -1
    outer loop
      vertex 0.0914210 -0.0405241 -0.0500000
      vertex 0.2309699 -0.0956709 -0.0500000
      vertex 0.2285524 -0.1013103 -0.0500000
    endloop
  endfacet
  facet normal 0 0 -1
    outer loop
      vertex 0.0914210 -0.0405241 -0.0500000
      vertex 0.0923880 -0.0382683 -0.0500000
      vertex 0.2309699 -0.0956709 -0.0500000
    endloop
  endfacet
  facet normal 0 0 -1
    outer loop
      vertex 0.0923880 -0.0382683 -0.0500000
      vertex 0.2332482 -0.0899738 -0.0500000
      vertex 0.2309699 -0.0956709 -0.0500000
    endloop
  endfacet
  facet normal 0 0 -1
    outer loop
      vertex 0.0923880 -0.0382683 -0.0500000
      vertex 0.0932993 -0.0359895 -0.0500000
      vertex 0.2332482 -0.0899738 -0.0500000
    endloop
  endfacet
  facet normal 0 0 -1
    outer loop
      vertex 0.0932993 -0.0359895 -0.0500000
      vertex 0.2353860 -0.0842225 -0.0500000
      vertex 0.2332482 -0.0899738 -0.0500000
    endloop
  endfacet
  facet normal 0 0 -1
    outer loop
      vertex 0.0932993 -0.0359895 -0.0500000
      vertex 0.0941544 -0.0336890 -0.0500000
      vertex 0.2353860 -0.0842225 -0.0500000
    endloop
  endfacet
  facet normal 0 0 -1
    outer loop
      vertex 0.0941544 -0.0336890 -0.0500000
      vertex 0.2373820 -0.0784204 -0.0500000
      vertex 0.2353860 -0.0842225 -0.0500000
    endloop
  endfacet
  facet normal 0 0 -1
    outer loop
      vertex 0.0941544 -0.0336890 -0.0500000
      vertex 0.0949528 -0.0313682 -0.0500000
      vertex 0.2373820 -0.0784204 -0.0500000
    endloop
  endfacet
  facet normal 0 0 -1
    outer loop
      vertex 0.0949528 -0.0313682 -0.0500000
      vertex 0.2392351 -0.0725712 -0.0500000
      vertex 0.2373820 -0.0784204 -0.0500000
    endloop
  endfacet
  facet normal 0 0 -1
    outer loop
      vertex 0.0949528 -0.0313682 -0.0500000
      vertex 0.0956940 -0.0290285 -0.0500000
      vertex 0.2392351 -0.0725712 -0.0500000
    endloop
  endfacet
  facet normal 0 0 -1
    outer loop
      vertex 0.0956940 -0.0290285 -0.0500000
      vertex 0.2409440 -0.0666782 -0.0500000
      vertex 0.2392351 -0.0725712 -0.0500000
    endloop
  endfacet
  facet normal 0 0 -1
    outer loop
      vertex 0.0956940 -0.0290285 -0.0500000
      vertex 0.0963776 -0.0266713 -0.0500000
      vertex 0.2409440 -0.0666782 -0.0500000
    endloop
  endfacet
  facet normal 0 0 -1
    outer loop
      vertex 0.0963776 -0.0266713 -0.0500000
      vertex 0.2425078 -0.0607450 -0.0500000
      vertex 0.2409440 -0.0666782 -0.0500000
    endloop
  endfacet
  facet normal 0 0 -1
    outer loop
      vertex 0.0963776 -0.0266713 -0.0500000
      vertex 0.0970031 -0.0242980 -0.0500000
      vertex 0.2425078 -0.0607450 -0.0500000
    endloop
  endfacet
  facet normal 0 0 -1
    outer loop
      vertex 0.0970031 -0.0242980 -0.0500000
      vertex 0.2439255 -0.0547753 -0.0500000
      vertex 0.2425078 -0.0607450 -0.0500000
    endloop
  endfacet
  facet normal 0 0 -1
    outer loop
      vertex 0.0970031 -0.0242980 -0.0500000
      vertex 0.0975702 -0.0219101 -0.0500000
      vertex 0.2439255 -0.0547753 -0.0500000
    endloop
  endfacet
  facet normal 0 0 -1
    outer loop
      vertex 0.0975702 -0.0219101 -0.0500000
      vertex 0.2451963 -0.0487726 -0.0500000
      vertex 0.2439255 -0.0547753 -0.0500000
    endloop
  endfacet
  facet normal 0 0 -1
    outer loop
      vertex 0.0975702 -0.0219101 -0.0500000
      vertex 0.0980785 -0.0195090 -0.0500000
      vertex 0.2451963 -0.0487726 -0.0500000
    endloop
  endfacet
  facet normal 0 0 -1
    outer loop
      vertex 0.0980785 -0.0195090 -0.0500000
      vertex 0.2463194 -0.0427405 -0.0500000
      vertex 0.2451963 -0.0487726 -0.0500000
    endloop
  endfacet
  facet normal 0 0 -1
    outer loop
      vertex 0.0980785 -0.0195090 -0.0500000
      vertex 0.0985278 -0.0170962 -0.0500000
      vertex 0.2463194 -0.0427405 -0.0500000
    endloop
  endfacet
  facet normal 0 0 -1
    outer loop
      vertex 0.0985278 -0.0170962 -0.0500000
      vertex 0.2472941 -0.0366826 -0.0500000
      vertex 0.2463194 -0.0427405 -0.0500000
    endloop
  endfacet
  facet normal 0 0 -1
    outer loop
      vertex 0.0985278 -0.0170962 -0.0500000
      vertex 0.0989177 -0.0146730 -0.0500000
      vertex 0.2472941 -0.0366826 -0.0500000
    endloop
  endfacet
  facet normal 0 0 -1
    outer loop
      vertex 0.0989177 -0.0146730 -0.0500000
      vertex 0.2481199 -0.0306027 -0.0500000
      vertex 0.2472941 -0.0366826 -0.0500000
    endloop
  endfacet
  facet normal 0 0 -1
    outer loop
      vertex 0.0989177 -0.0146730 -0.0500000
      vertex 0.0992480 -0.0122411 -0.0500000
      vertex 0.2481199 -0.0306027 -0.0500000
    endloop
  endfacet
  facet normal 0 0 -1
    outer loop
      vertex 0.0992480 -0.0122411 -0.0500000
      vertex 0.2487962 -0.0245043 -0.0500000
      vertex 0.2481199 -0.0306027 -0.0500000
    endloop
  endfacet
  facet normal 0 0 -1
    outer loop
      vertex 0.0992480 -0.0122411 -0.0500000
      vertex 0.0995185 -0.0098017 -0.0500000
      vertex 0.2487962 -0.0245043 -0.0500000
    endloop
  endfacet
  facet normal 0 0 -1
    outer loop
      vertex 0.0995185 -0.0098017 -0.0500000
      vertex 0.2493226 -0.0183911 -0.0500000
      vertex 0.2487962 -0.0245043 -0.0500000
    endloop
  endfacet
  facet normal 0 0 -1
    outer loop
      vertex 0.0995185 -0.0098017 -0.0500000
      vertex 0.0997290 -0.0073565 -0.0500000
      vertex 0.2493226 -0.0183911 -0.0500000
    endloop
  endfacet
  facet normal 0 0 -1
    outer loop
      vertex 0.0997290 -0.0073565 -0.0500000
      vertex 0.2496989 -0.0122669 -0.0500000
      vertex 0.2493226 -0.0183911 -0.0500000
    endloop
  endfacet
  facet normal 0 0 -1
    outer loop
      vertex 0.0997290 -0.0073565 -0.0500000
      vertex 0.0998795 -0.0049068 -0.0500000
      vertex 0.2496989 -0.0122669 -0.0500000
    endloop
  endfacet
  facet normal 0 0 -1
    outer loop
      vertex 0.0998795 -0.0049068 -0.0500000
      vertex 0.2499247 -0.0061353 -0.0500000
      vertex 0.2496989 -0.0122669 -0.0500000
    endloop
  endfacet
  facet normal 0 0 -1
    outer loop
      vertex 0.0998795 -0.0049068 -0.0500000
      vertex 0.0999699 -0.0024541 -0.0500000
      vertex 0.2499247 -0.0061353 -0.0500000
    endloop
  endfacet
  facet normal 0 0 -1
    outer loop
      vertex 0.0999699 -0.0024541 -0.0500000
      vertex 0.2500000 -0.0000000 -0.0500000
      vertex 0.2499247 -0.0061353 -0.0500000
    endloop
  endfacet
  facet normal 0 0 -1
    outer loop
      vertex 0.0999699 -0.0024541 -0.0500000
      vertex 0.1000000 -0.0000000 -0.0500000
      vertex 0.2500000 -0.0000000 -0.0500000
    endloop
  endfacet
endsolid stator
